[2026-09-17 17:30:43] SCAN_TF_SLOW | scan_one_tf[H1] ใช้เวลา 2.48s > 2s | tf=H1 | duration=2.48
[2026-09-17 17:30:44] SCAN_TF_SLOW | scan_one_tf[H4] ใช้เวลา 3.15s > 2s | tf=H4 | duration=3.15
[2026-09-17 17:30:44] SCAN_TF_SLOW | scan_one_tf[H12] ใช้เวลา 3.43s > 2s | tf=H12 | duration=3.43
[2026-09-17 17:30:44] SCAN_TF_SLOW | scan_one_tf[D1] ใช้เวลา 3.72s > 2s | tf=D1 | duration=3.72
[2026-09-17 17:30:44] SCAN_SLOW | scan cycle ใช้เวลา 3.77s > 3s | breakdown=sl_tp_hits=0.00s cancel_pending=0.00s engulf_trail_sl=0.00s opposite_order_tp=0.00s entry_candle_quality=0.00s s3_maru_pending=0.00s fvg_pending=0.00s pb_pending=0.00s s12_management=0.00s scan_all_tf=3.76s export_trend_state=0.01s
[2026-09-17 17:30:48] SCAN_TF_SLOW | scan_one_tf[M30] ใช้เวลา 2.18s > 2s | tf=M30 | duration=2.18
[2026-09-17 17:30:48] SCAN_TF_SLOW | scan_one_tf[H1] ใช้เวลา 2.92s > 2s | tf=H1 | duration=2.92
[2026-09-17 17:30:49] SCAN_TF_SLOW | scan_one_tf[H4] ใช้เวลา 3.87s > 2s | tf=H4 | duration=3.87
[2026-09-17 17:30:50] SCAN_TF_SLOW | scan_one_tf[H12] ใช้เวลา 4.16s > 2s | tf=H12 | duration=4.16
[2026-09-17 17:30:50] SCAN_TF_SLOW | scan_one_tf[D1] ใช้เวลา 4.48s > 2s | tf=D1 | duration=4.48
[2026-09-17 17:30:50] SCAN_SLOW | scan cycle ใช้เวลา 4.52s > 3s | breakdown=sl_tp_hits=0.00s cancel_pending=0.00s engulf_trail_sl=0.00s opposite_order_tp=0.00s entry_candle_quality=0.00s s3_maru_pending=0.00s fvg_pending=0.00s pb_pending=0.00s s12_management=0.00s scan_all_tf=4.51s export_trend_state=0.01s
[2026-09-17 17:30:53] SCAN_TF_SLOW | scan_one_tf[H1] ใช้เวลา 2.31s > 2s | tf=H1 | duration=2.31
[2026-09-17 17:30:54] SCAN_TF_SLOW | scan_one_tf[H4] ใช้เวลา 3.05s > 2s | tf=H4 | duration=3.05
[2026-09-17 17:30:54] SCAN_TF_SLOW | scan_one_tf[H12] ใช้เวลา 3.34s > 2s | tf=H12 | duration=3.34
[2026-09-17 17:30:54] SCAN_TF_SLOW | scan_one_tf[D1] ใช้เวลา 3.65s > 2s | tf=D1 | duration=3.65
[2026-09-17 17:30:54] SCAN_SLOW | scan cycle ใช้เวลา 3.70s > 3s | breakdown=sl_tp_hits=0.00s cancel_pending=0.00s engulf_trail_sl=0.00s opposite_order_tp=0.00s entry_candle_quality=0.00s s3_maru_pending=0.00s fvg_pending=0.00s pb_pending=0.00s s12_management=0.00s scan_all_tf=3.69s export_trend_state=0.01s
[2026-09-17 17:30:58] SCAN_TF_SLOW | scan_one_tf[M30] ใช้เวลา 2.25s > 2s | tf=M30 | duration=2.25
[2026-09-17 17:30:58] SCAN_TF_SLOW | scan_one_tf[H1] ใช้เวลา 2.86s > 2s | tf=H1 | duration=2.86
[2026-09-17 17:30:59] SCAN_TF_SLOW | scan_one_tf[H4] ใช้เวลา 3.70s > 2s | tf=H4 | duration=3.7
[2026-09-17 17:31:00] SCAN_TF_SLOW | scan_one_tf[H12] ใช้เวลา 4.08s > 2s | tf=H12 | duration=4.08
[2026-09-17 17:31:00] SCAN_TF_SLOW | scan_one_tf[D1] ใช้เวลา 4.44s > 2s | tf=D1 | duration=4.44
[2026-09-17 17:31:00] SCAN_SLOW | scan cycle ใช้เวลา 4.50s > 3s | breakdown=sl_tp_hits=0.00s cancel_pending=0.00s engulf_trail_sl=0.00s opposite_order_tp=0.00s entry_candle_quality=0.00s s3_maru_pending=0.00s fvg_pending=0.00s pb_pending=0.00s s12_management=0.00s scan_all_tf=4.48s export_trend_state=0.02s
[2026-09-17 17:31:03] SCAN_TF_SLOW | scan_one_tf[M30] ใช้เวลา 2.42s > 2s | tf=M30 | duration=2.42
[2026-09-17 17:31:04] SCAN_TF_SLOW | scan_one_tf[H1] ใช้เวลา 3.00s > 2s | tf=H1 | duration=3.0
[2026-09-17 17:31:04] SCAN_TF_SLOW | scan_one_tf[H4] ใช้เวลา 3.61s > 2s | tf=H4 | duration=3.61
[2026-09-17 17:31:04] SCAN_TF_SLOW | scan_one_tf[H12] ใช้เวลา 3.89s > 2s | tf=H12 | duration=3.89
[2026-09-17 17:31:05] SCAN_TF_SLOW | scan_one_tf[D1] ใช้เวลา 4.19s > 2s | tf=D1 | duration=4.19
[2026-09-17 17:31:05] SCAN_SLOW | scan cycle ใช้เวลา 4.24s > 3s | breakdown=sl_tp_hits=0.00s cancel_pending=0.00s engulf_trail_sl=0.00s opposite_order_tp=0.00s entry_candle_quality=0.00s s3_maru_pending=0.00s fvg_pending=0.00s pb_pending=0.00s s12_management=0.00s scan_all_tf=4.23s export_trend_state=0.01s
[2026-09-17 17:31:08] SCAN_TF_SLOW | scan_one_tf[M30] ใช้เวลา 2.30s > 2s | tf=M30 | duration=2.3
[2026-09-17 17:31:08] SCAN_TF_SLOW | scan_one_tf[H1] ใช้เวลา 2.97s > 2s | tf=H1 | duration=2.97
[2026-09-17 17:31:09] SYMBOL_CHECK | XAUUSDm trade_mode=4 xau_open=True | trade_mode=4 | tick_time=1789641068 | bid=4313.827 | ask=4314.087 | tick_ok=True | xau_open=True | current_symbol=XAUUSDm | startup=False
[2026-09-17 17:31:09] SCAN_TF_SLOW | scan_one_tf[H4] ใช้เวลา 3.59s > 2s | tf=H4 | duration=3.59
[2026-09-17 17:31:09] SCAN_TF_SLOW | scan_one_tf[H12] ใช้เวลา 3.86s > 2s | tf=H12 | duration=3.86
[2026-09-17 17:31:10] SCAN_TF_SLOW | scan_one_tf[D1] ใช้เวลา 4.16s > 2s | tf=D1 | duration=4.16
[2026-09-17 17:31:10] SCAN_SLOW | scan cycle ใช้เวลา 4.20s > 3s | breakdown=sl_tp_hits=0.00s cancel_pending=0.00s engulf_trail_sl=0.00s opposite_order_tp=0.00s entry_candle_quality=0.00s s3_maru_pending=0.00s fvg_pending=0.00s pb_pending=0.00s s12_management=0.00s scan_all_tf=4.19s export_trend_state=0.01s
[2026-09-17 17:31:13] SCAN_TF_SLOW | scan_one_tf[H1] ใช้เวลา 2.25s > 2s | tf=H1 | duration=2.25
[2026-09-17 17:31:13] SCAN_TF_SLOW | scan_one_tf[H4] ใช้เวลา 2.87s > 2s | tf=H4 | duration=2.87
[2026-09-17 17:31:14] SCAN_TF_SLOW | scan_one_tf[H12] ใช้เวลา 3.17s > 2s | tf=H12 | duration=3.17
[2026-09-17 17:31:14] SCAN_TF_SLOW | scan_one_tf[D1] ใช้เวลา 3.49s > 2s | tf=D1 | duration=3.49
[2026-09-17 17:31:14] SCAN_SLOW | scan cycle ใช้เวลา 3.54s > 3s | breakdown=sl_tp_hits=0.00s cancel_pending=0.00s engulf_trail_sl=0.00s opposite_order_tp=0.00s entry_candle_quality=0.00s s3_maru_pending=0.00s fvg_pending=0.00s pb_pending=0.00s s12_management=0.00s scan_all_tf=3.52s export_trend_state=0.01s
[2026-09-17 17:31:18] SCAN_TF_SLOW | scan_one_tf[M30] ใช้เวลา 2.07s > 2s | tf=M30 | duration=2.07
[2026-09-17 17:31:18] SCAN_TF_SLOW | scan_one_tf[H1] ใช้เวลา 2.67s > 2s | tf=H1 | duration=2.67
[2026-09-17 17:31:19] SCAN_TF_SLOW | scan_one_tf[H4] ใช้เวลา 3.32s > 2s | tf=H4 | duration=3.32
[2026-09-17 17:31:19] SCAN_TF_SLOW | scan_one_tf[H12] ใช้เวลา 3.61s > 2s | tf=H12 | duration=3.61
[2026-09-17 17:31:19] SCAN_TF_SLOW | scan_one_tf[D1] ใช้เวลา 3.89s > 2s | tf=D1 | duration=3.89
[2026-09-17 17:31:19] SCAN_SLOW | scan cycle ใช้เวลา 3.93s > 3s | breakdown=sl_tp_hits=0.00s cancel_pending=0.00s engulf_trail_sl=0.00s opposite_order_tp=0.00s entry_candle_quality=0.00s s3_maru_pending=0.00s fvg_pending=0.00s pb_pending=0.00s s12_management=0.00s scan_all_tf=3.92s export_trend_state=0.01s
[2026-09-17 17:31:23] SCAN_TF_SLOW | scan_one_tf[H1] ใช้เวลา 2.12s > 2s | tf=H1 | duration=2.12
[2026-09-17 17:31:23] SCAN_TF_SLOW | scan_one_tf[H4] ใช้เวลา 2.71s > 2s | tf=H4 | duration=2.71
[2026-09-17 17:31:24] SCAN_TF_SLOW | scan_one_tf[H12] ใช้เวลา 2.98s > 2s | tf=H12 | duration=2.98
[2026-09-17 17:31:24] SCAN_TF_SLOW | scan_one_tf[D1] ใช้เวลา 3.28s > 2s | tf=D1 | duration=3.28
[2026-09-17 17:31:24] SCAN_SLOW | scan cycle ใช้เวลา 3.33s > 3s | breakdown=sl_tp_hits=0.00s cancel_pending=0.00s engulf_trail_sl=0.00s opposite_order_tp=0.00s entry_candle_quality=0.00s s3_maru_pending=0.00s fvg_pending=0.00s pb_pending=0.00s s12_management=0.00s scan_all_tf=3.31s export_trend_state=0.01s
[2026-09-17 17:31:28] SCAN_TF_SLOW | scan_one_tf[H1] ใช้เวลา 2.27s > 2s | tf=H1 | duration=2.27
[2026-09-17 17:31:28] SCAN_TF_SLOW | scan_one_tf[H4] ใช้เวลา 2.90s > 2s | tf=H4 | duration=2.9
[2026-09-17 17:31:29] SCAN_TF_SLOW | scan_one_tf[H12] ใช้เวลา 3.18s > 2s | tf=H12 | duration=3.18
[2026-09-17 17:31:29] SCAN_TF_SLOW | scan_one_tf[D1] ใช้เวลา 3.46s > 2s | tf=D1 | duration=3.46
[2026-09-17 17:31:29] SCAN_SLOW | scan cycle ใช้เวลา 3.50s > 3s | breakdown=sl_tp_hits=0.00s cancel_pending=0.00s engulf_trail_sl=0.00s opposite_order_tp=0.00s entry_candle_quality=0.00s s3_maru_pending=0.00s fvg_pending=0.00s pb_pending=0.00s s12_management=0.00s scan_all_tf=3.49s export_trend_state=0.01s
[2026-09-17 17:31:33] SCAN_TF_SLOW | scan_one_tf[H4] ใช้เวลา 2.46s > 2s | tf=H4 | duration=2.46
[2026-09-17 17:31:33] SCAN_TF_SLOW | scan_one_tf[H12] ใช้เวลา 2.71s > 2s | tf=H12 | duration=2.71
[2026-09-17 17:31:34] SCAN_TF_SLOW | scan_one_tf[D1] ใช้เวลา 2.96s > 2s | tf=D1 | duration=2.96
[2026-09-17 17:31:34] SCAN_SLOW | scan cycle ใช้เวลา 3.02s > 3s | breakdown=sl_tp_hits=0.00s cancel_pending=0.00s engulf_trail_sl=0.00s opposite_order_tp=0.00s entry_candle_quality=0.00s s3_maru_pending=0.00s fvg_pending=0.00s pb_pending=0.00s s12_management=0.00s scan_all_tf=3.01s export_trend_state=0.01s
[2026-09-17 17:31:38] SCAN_TF_SLOW | scan_one_tf[H4] ใช้เวลา 2.29s > 2s | tf=H4 | duration=2.29
[2026-09-17 17:31:38] SCAN_TF_SLOW | scan_one_tf[H12] ใช้เวลา 2.53s > 2s | tf=H12 | duration=2.53
[2026-09-17 17:31:38] SCAN_TF_SLOW | scan_one_tf[D1] ใช้เวลา 2.79s > 2s | tf=D1 | duration=2.79
[2026-09-17 17:31:43] SCAN_TF_SLOW | scan_one_tf[H1] ใช้เวลา 2.02s > 2s | tf=H1 | duration=2.02
[2026-09-17 17:31:43] SCAN_TF_SLOW | scan_one_tf[H4] ใช้เวลา 2.53s > 2s | tf=H4 | duration=2.53
[2026-09-17 17:31:43] SCAN_TF_SLOW | scan_one_tf[H12] ใช้เวลา 2.78s > 2s | tf=H12 | duration=2.78
[2026-09-17 17:31:44] SCAN_TF_SLOW | scan_one_tf[D1] ใช้เวลา 3.05s > 2s | tf=D1 | duration=3.05
[2026-09-17 17:31:44] SCAN_SLOW | scan cycle ใช้เวลา 3.09s > 3s | breakdown=sl_tp_hits=0.00s cancel_pending=0.00s engulf_trail_sl=0.00s opposite_order_tp=0.00s entry_candle_quality=0.00s s3_maru_pending=0.00s fvg_pending=0.00s pb_pending=0.00s s12_management=0.00s scan_all_tf=3.08s export_trend_state=0.01s
[2026-09-17 17:31:48] SCAN_TF_SLOW | scan_one_tf[H1] ใช้เวลา 2.27s > 2s | tf=H1 | duration=2.27
[2026-09-17 17:31:48] SCAN_TF_SLOW | scan_one_tf[H4] ใช้เวลา 2.92s > 2s | tf=H4 | duration=2.92
[2026-09-17 17:31:49] SCAN_TF_SLOW | scan_one_tf[H12] ใช้เวลา 3.17s > 2s | tf=H12 | duration=3.17
[2026-09-17 17:31:49] SCAN_TF_SLOW | scan_one_tf[D1] ใช้เวลา 3.44s > 2s | tf=D1 | duration=3.44
[2026-09-17 17:31:49] SCAN_SLOW | scan cycle ใช้เวลา 3.48s > 3s | breakdown=sl_tp_hits=0.00s cancel_pending=0.00s engulf_trail_sl=0.00s opposite_order_tp=0.00s entry_candle_quality=0.00s s3_maru_pending=0.00s fvg_pending=0.00s pb_pending=0.00s s12_management=0.00s scan_all_tf=3.47s export_trend_state=0.01s
[2026-09-17 17:31:53] SCAN_TF_SLOW | scan_one_tf[M30] ใช้เวลา 2.36s > 2s | tf=M30 | duration=2.36
[2026-09-17 17:31:53] SCAN_TF_SLOW | scan_one_tf[H1] ใช้เวลา 2.86s > 2s | tf=H1 | duration=2.86
[2026-09-17 17:31:54] SCAN_TF_SLOW | scan_one_tf[H4] ใช้เวลา 3.44s > 2s | tf=H4 | duration=3.44
[2026-09-17 17:31:54] SCAN_TF_SLOW | scan_one_tf[H12] ใช้เวลา 3.71s > 2s | tf=H12 | duration=3.71
[2026-09-17 17:31:55] SCAN_TF_SLOW | scan_one_tf[D1] ใช้เวลา 3.98s > 2s | tf=D1 | duration=3.98
[2026-09-17 17:31:55] SCAN_SLOW | scan cycle ใช้เวลา 4.02s > 3s | breakdown=sl_tp_hits=0.00s cancel_pending=0.00s engulf_trail_sl=0.00s opposite_order_tp=0.00s entry_candle_quality=0.00s s3_maru_pending=0.00s fvg_pending=0.00s pb_pending=0.00s s12_management=0.00s scan_all_tf=4.01s export_trend_state=0.01s
[2026-09-17 17:31:58] SCAN_TF_SLOW | scan_one_tf[H4] ใช้เวลา 2.62s > 2s | tf=H4 | duration=2.62
[2026-09-17 17:31:58] SCAN_TF_SLOW | scan_one_tf[H12] ใช้เวลา 2.90s > 2s | tf=H12 | duration=2.9
[2026-09-17 17:31:59] SCAN_TF_SLOW | scan_one_tf[D1] ใช้เวลา 3.21s > 2s | tf=D1 | duration=3.21
[2026-09-17 17:31:59] SCAN_SLOW | scan cycle ใช้เวลา 3.25s > 3s | breakdown=sl_tp_hits=0.00s cancel_pending=0.00s engulf_trail_sl=0.00s opposite_order_tp=0.00s entry_candle_quality=0.00s s3_maru_pending=0.00s fvg_pending=0.00s pb_pending=0.00s s12_management=0.00s scan_all_tf=3.24s export_trend_state=0.01s
[2026-09-17 17:32:03] SCAN_TF_SLOW | scan_one_tf[H1] ใช้เวลา 2.14s > 2s | tf=H1 | duration=2.14
[2026-09-17 17:32:03] SCAN_TF_SLOW | scan_one_tf[H4] ใช้เวลา 2.75s > 2s | tf=H4 | duration=2.75
[2026-09-17 17:32:04] SCAN_TF_SLOW | scan_one_tf[H12] ใช้เวลา 3.07s > 2s | tf=H12 | duration=3.07
[2026-09-17 17:32:04] SCAN_TF_SLOW | scan_one_tf[D1] ใช้เวลา 3.37s > 2s | tf=D1 | duration=3.37
[2026-09-17 17:32:04] SCAN_SLOW | scan cycle ใช้เวลา 3.42s > 3s | breakdown=sl_tp_hits=0.00s cancel_pending=0.00s engulf_trail_sl=0.00s opposite_order_tp=0.00s entry_candle_quality=0.00s s3_maru_pending=0.00s fvg_pending=0.00s pb_pending=0.00s s12_management=0.00s scan_all_tf=3.41s export_trend_state=0.01s
[2026-09-17 17:32:08] SCAN_TF_SLOW | scan_one_tf[H1] ใช้เวลา 2.21s > 2s | tf=H1 | duration=2.21
[2026-09-17 17:32:08] SCAN_TF_SLOW | scan_one_tf[H4] ใช้เวลา 2.82s > 2s | tf=H4 | duration=2.82
[2026-09-17 17:32:09] SYMBOL_CHECK | XAUUSDm trade_mode=4 xau_open=True | trade_mode=4 | tick_time=1789641129 | bid=4312.677 | ask=4312.937 | tick_ok=True | xau_open=True | current_symbol=XAUUSDm | startup=False
[2026-09-17 17:32:09] SCAN_TF_SLOW | scan_one_tf[H12] ใช้เวลา 3.13s > 2s | tf=H12 | duration=3.13
[2026-09-17 17:32:09] SCAN_TF_SLOW | scan_one_tf[D1] ใช้เวลา 3.42s > 2s | tf=D1 | duration=3.42
[2026-09-17 17:32:09] SCAN_SLOW | scan cycle ใช้เวลา 3.46s > 3s | breakdown=sl_tp_hits=0.00s cancel_pending=0.00s engulf_trail_sl=0.00s opposite_order_tp=0.00s entry_candle_quality=0.00s s3_maru_pending=0.00s fvg_pending=0.00s pb_pending=0.00s s12_management=0.00s scan_all_tf=3.45s export_trend_state=0.01s
[2026-09-17 17:32:13] SCAN_TF_SLOW | scan_one_tf[H4] ใช้เวลา 2.52s > 2s | tf=H4 | duration=2.52
[2026-09-17 17:32:13] SCAN_TF_SLOW | scan_one_tf[H12] ใช้เวลา 2.76s > 2s | tf=H12 | duration=2.76
[2026-09-17 17:32:14] SCAN_TF_SLOW | scan_one_tf[D1] ใช้เวลา 3.04s > 2s | tf=D1 | duration=3.04
[2026-09-17 17:32:14] SCAN_SLOW | scan cycle ใช้เวลา 3.08s > 3s | breakdown=sl_tp_hits=0.00s cancel_pending=0.00s engulf_trail_sl=0.00s opposite_order_tp=0.00s entry_candle_quality=0.00s s3_maru_pending=0.00s fvg_pending=0.00s pb_pending=0.00s s12_management=0.00s scan_all_tf=3.07s export_trend_state=0.01s
[2026-09-17 17:32:18] SCAN_TF_SLOW | scan_one_tf[H1] ใช้เวลา 2.03s > 2s | tf=H1 | duration=2.03
[2026-09-17 17:32:18] SCAN_TF_SLOW | scan_one_tf[H4] ใช้เวลา 2.61s > 2s | tf=H4 | duration=2.61
[2026-09-17 17:32:18] SCAN_TF_SLOW | scan_one_tf[H12] ใช้เวลา 2.86s > 2s | tf=H12 | duration=2.86
[2026-09-17 17:32:19] SCAN_TF_SLOW | scan_one_tf[D1] ใช้เวลา 3.15s > 2s | tf=D1 | duration=3.15
[2026-09-17 17:32:19] SCAN_SLOW | scan cycle ใช้เวลา 3.19s > 3s | breakdown=sl_tp_hits=0.00s cancel_pending=0.00s engulf_trail_sl=0.00s opposite_order_tp=0.00s entry_candle_quality=0.00s s3_maru_pending=0.00s fvg_pending=0.00s pb_pending=0.00s s12_management=0.00s scan_all_tf=3.18s export_trend_state=0.01s
[2026-09-17 17:32:23] SCAN_TF_SLOW | scan_one_tf[H4] ใช้เวลา 2.67s > 2s | tf=H4 | duration=2.67
[2026-09-17 17:32:23] SCAN_TF_SLOW | scan_one_tf[H12] ใช้เวลา 2.93s > 2s | tf=H12 | duration=2.93
[2026-09-17 17:32:24] SCAN_TF_SLOW | scan_one_tf[D1] ใช้เวลา 3.22s > 2s | tf=D1 | duration=3.22
[2026-09-17 17:32:24] SCAN_SLOW | scan cycle ใช้เวลา 3.26s > 3s | breakdown=sl_tp_hits=0.00s cancel_pending=0.00s engulf_trail_sl=0.00s opposite_order_tp=0.00s entry_candle_quality=0.00s s3_maru_pending=0.00s fvg_pending=0.00s pb_pending=0.00s s12_management=0.00s scan_all_tf=3.25s export_trend_state=0.01s
[2026-09-17 17:32:28] SCAN_TF_SLOW | scan_one_tf[H4] ใช้เวลา 2.56s > 2s | tf=H4 | duration=2.56
[2026-09-17 17:32:28] SCAN_TF_SLOW | scan_one_tf[H12] ใช้เวลา 2.83s > 2s | tf=H12 | duration=2.83
[2026-09-17 17:32:29] SCAN_TF_SLOW | scan_one_tf[D1] ใช้เวลา 3.13s > 2s | tf=D1 | duration=3.13
[2026-09-17 17:32:29] SCAN_SLOW | scan cycle ใช้เวลา 3.17s > 3s | breakdown=sl_tp_hits=0.00s cancel_pending=0.00s engulf_trail_sl=0.00s opposite_order_tp=0.00s entry_candle_quality=0.00s s3_maru_pending=0.00s fvg_pending=0.00s pb_pending=0.00s s12_management=0.00s scan_all_tf=3.16s export_trend_state=0.01s
[2026-09-17 17:32:33] SCAN_TF_SLOW | scan_one_tf[H4] ใช้เวลา 2.45s > 2s | tf=H4 | duration=2.45
[2026-09-17 17:32:33] SCAN_TF_SLOW | scan_one_tf[H12] ใช้เวลา 2.69s > 2s | tf=H12 | duration=2.69
[2026-09-17 17:32:33] SCAN_TF_SLOW | scan_one_tf[D1] ใช้เวลา 2.95s > 2s | tf=D1 | duration=2.95
[2026-09-17 17:32:38] SCAN_TF_SLOW | scan_one_tf[H1] ใช้เวลา 2.10s > 2s | tf=H1 | duration=2.1
[2026-09-17 17:32:38] SCAN_TF_SLOW | scan_one_tf[H4] ใช้เวลา 2.68s > 2s | tf=H4 | duration=2.68
[2026-09-17 17:32:38] SCAN_TF_SLOW | scan_one_tf[H12] ใช้เวลา 2.93s > 2s | tf=H12 | duration=2.93
[2026-09-17 17:32:39] SCAN_TF_SLOW | scan_one_tf[D1] ใช้เวลา 3.23s > 2s | tf=D1 | duration=3.23
[2026-09-17 17:32:39] SCAN_SLOW | scan cycle ใช้เวลา 3.26s > 3s | breakdown=sl_tp_hits=0.00s cancel_pending=0.00s engulf_trail_sl=0.00s opposite_order_tp=0.00s entry_candle_quality=0.00s s3_maru_pending=0.00s fvg_pending=0.00s pb_pending=0.00s s12_management=0.00s scan_all_tf=3.25s export_trend_state=0.01s
[2026-09-17 17:32:43] SCAN_TF_SLOW | scan_one_tf[H1] ใช้เวลา 2.01s > 2s | tf=H1 | duration=2.01
[2026-09-17 17:32:43] SCAN_TF_SLOW | scan_one_tf[H4] ใช้เวลา 2.63s > 2s | tf=H4 | duration=2.63
[2026-09-17 17:32:43] SCAN_TF_SLOW | scan_one_tf[H12] ใช้เวลา 2.86s > 2s | tf=H12 | duration=2.86
[2026-09-17 17:32:44] SCAN_TF_SLOW | scan_one_tf[D1] ใช้เวลา 3.14s > 2s | tf=D1 | duration=3.14
[2026-09-17 17:32:44] SCAN_SLOW | scan cycle ใช้เวลา 3.18s > 3s | breakdown=sl_tp_hits=0.00s cancel_pending=0.00s engulf_trail_sl=0.00s opposite_order_tp=0.00s entry_candle_quality=0.00s s3_maru_pending=0.00s fvg_pending=0.00s pb_pending=0.00s s12_management=0.00s scan_all_tf=3.17s export_trend_state=0.01s
[2026-09-17 17:32:48] SCAN_TF_SLOW | scan_one_tf[H1] ใช้เวลา 2.08s > 2s | tf=H1 | duration=2.08
[2026-09-17 17:32:48] SCAN_TF_SLOW | scan_one_tf[H4] ใช้เวลา 2.64s > 2s | tf=H4 | duration=2.64
[2026-09-17 17:32:48] SCAN_TF_SLOW | scan_one_tf[H12] ใช้เวลา 2.88s > 2s | tf=H12 | duration=2.88
[2026-09-17 17:32:49] SCAN_TF_SLOW | scan_one_tf[D1] ใช้เวลา 3.15s > 2s | tf=D1 | duration=3.15
[2026-09-17 17:32:49] SCAN_SLOW | scan cycle ใช้เวลา 3.19s > 3s | breakdown=sl_tp_hits=0.00s cancel_pending=0.00s engulf_trail_sl=0.00s opposite_order_tp=0.00s entry_candle_quality=0.00s s3_maru_pending=0.00s fvg_pending=0.00s pb_pending=0.00s s12_management=0.00s scan_all_tf=3.18s export_trend_state=0.01s
[2026-09-17 17:32:53] SCAN_TF_SLOW | scan_one_tf[H4] ใช้เวลา 2.51s > 2s | tf=H4 | duration=2.51
[2026-09-17 17:32:53] SCAN_TF_SLOW | scan_one_tf[H12] ใช้เวลา 2.77s > 2s | tf=H12 | duration=2.77
[2026-09-17 17:32:54] SCAN_TF_SLOW | scan_one_tf[D1] ใช้เวลา 3.08s > 2s | tf=D1 | duration=3.08
[2026-09-17 17:32:54] SCAN_SLOW | scan cycle ใช้เวลา 3.11s > 3s | breakdown=sl_tp_hits=0.00s cancel_pending=0.00s engulf_trail_sl=0.00s opposite_order_tp=0.00s entry_candle_quality=0.00s s3_maru_pending=0.00s fvg_pending=0.00s pb_pending=0.00s s12_management=0.00s scan_all_tf=3.10s export_trend_state=0.01s
[2026-09-17 17:32:58] SCAN_TF_SLOW | scan_one_tf[H4] ใช้เวลา 2.37s > 2s | tf=H4 | duration=2.37
[2026-09-17 17:32:58] SCAN_TF_SLOW | scan_one_tf[H12] ใช้เวลา 2.61s > 2s | tf=H12 | duration=2.61
[2026-09-17 17:32:58] SCAN_TF_SLOW | scan_one_tf[D1] ใช้เวลา 2.88s > 2s | tf=D1 | duration=2.88
[2026-09-17 17:33:02] SCAN_TF_SLOW | scan_one_tf[H1] ใช้เวลา 2.31s > 2s | tf=H1 | duration=2.31
[2026-09-17 17:33:02] SCAN_TF_SLOW | scan_one_tf[H4] ใช้เวลา 2.89s > 2s | tf=H4 | duration=2.89
[2026-09-17 17:33:03] SCAN_TF_SLOW | scan_one_tf[H12] ใช้เวลา 3.16s > 2s | tf=H12 | duration=3.16
[2026-09-17 17:33:03] SCAN_TF_SLOW | scan_one_tf[D1] ใช้เวลา 3.44s > 2s | tf=D1 | duration=3.44
[2026-09-17 17:33:03] SCAN_SLOW | scan cycle ใช้เวลา 3.48s > 3s | breakdown=sl_tp_hits=0.00s cancel_pending=0.00s engulf_trail_sl=0.00s opposite_order_tp=0.00s entry_candle_quality=0.00s s3_maru_pending=0.00s fvg_pending=0.00s pb_pending=0.00s s12_management=0.00s scan_all_tf=3.47s export_trend_state=0.01s
[2026-09-17 17:33:07] SCAN_TF_SLOW | scan_one_tf[H4] ใช้เวลา 2.38s > 2s | tf=H4 | duration=2.38
[2026-09-17 17:33:07] SCAN_TF_SLOW | scan_one_tf[H12] ใช้เวลา 2.63s > 2s | tf=H12 | duration=2.63
[2026-09-17 17:33:07] SCAN_TF_SLOW | scan_one_tf[D1] ใช้เวลา 2.89s > 2s | tf=D1 | duration=2.89
[2026-09-17 17:33:08] SYMBOL_CHECK | XAUUSDm trade_mode=4 xau_open=True | trade_mode=4 | tick_time=1789641187 | bid=4312.924 | ask=4313.184 | tick_ok=True | xau_open=True | current_symbol=XAUUSDm | startup=False
[2026-09-17 17:33:12] SCAN_TF_SLOW | scan_one_tf[H4] ใช้เวลา 2.55s > 2s | tf=H4 | duration=2.55
[2026-09-17 17:33:12] SCAN_TF_SLOW | scan_one_tf[H12] ใช้เวลา 2.81s > 2s | tf=H12 | duration=2.81
[2026-09-17 17:33:13] SCAN_TF_SLOW | scan_one_tf[D1] ใช้เวลา 3.09s > 2s | tf=D1 | duration=3.09
[2026-09-17 17:33:13] SCAN_SLOW | scan cycle ใช้เวลา 3.13s > 3s | breakdown=sl_tp_hits=0.00s cancel_pending=0.00s engulf_trail_sl=0.00s opposite_order_tp=0.00s entry_candle_quality=0.00s s3_maru_pending=0.00s fvg_pending=0.00s pb_pending=0.00s s12_management=0.00s scan_all_tf=3.12s export_trend_state=0.01s
[2026-09-17 17:33:17] SCAN_TF_SLOW | scan_one_tf[H4] ใช้เวลา 2.56s > 2s | tf=H4 | duration=2.56
[2026-09-17 17:33:17] SCAN_TF_SLOW | scan_one_tf[H12] ใช้เวลา 2.81s > 2s | tf=H12 | duration=2.81
[2026-09-17 17:33:18] SCAN_TF_SLOW | scan_one_tf[D1] ใช้เวลา 3.10s > 2s | tf=D1 | duration=3.1
[2026-09-17 17:33:18] SCAN_SLOW | scan cycle ใช้เวลา 3.14s > 3s | breakdown=sl_tp_hits=0.00s cancel_pending=0.00s engulf_trail_sl=0.00s opposite_order_tp=0.00s entry_candle_quality=0.00s s3_maru_pending=0.00s fvg_pending=0.00s pb_pending=0.00s s12_management=0.00s scan_all_tf=3.13s export_trend_state=0.01s
[2026-09-17 17:33:23] SCAN_TF_SLOW | scan_one_tf[H4] ใช้เวลา 3.20s > 2s | tf=H4 | duration=3.2
[2026-09-17 17:33:23] SCAN_TF_SLOW | scan_one_tf[H12] ใช้เวลา 3.54s > 2s | tf=H12 | duration=3.54
[2026-09-17 17:33:23] SCAN_TF_SLOW | scan_one_tf[D1] ใช้เวลา 3.88s > 2s | tf=D1 | duration=3.88
[2026-09-17 17:33:23] SCAN_SLOW | scan cycle ใช้เวลา 3.91s > 3s | breakdown=sl_tp_hits=0.00s cancel_pending=0.00s engulf_trail_sl=0.00s opposite_order_tp=0.00s entry_candle_quality=0.00s s3_maru_pending=0.00s fvg_pending=0.00s pb_pending=0.00s s12_management=0.00s scan_all_tf=3.90s export_trend_state=0.01s
[2026-09-17 17:33:27] SCAN_TF_SLOW | scan_one_tf[M15] ใช้เวลา 2.08s > 2s | tf=M15 | duration=2.08
[2026-09-17 17:33:27] SCAN_TF_SLOW | scan_one_tf[M30] ใช้เวลา 2.66s > 2s | tf=M30 | duration=2.66
[2026-09-17 17:33:28] SCAN_TF_SLOW | scan_one_tf[H1] ใช้เวลา 3.16s > 2s | tf=H1 | duration=3.16
[2026-09-17 17:33:28] SCAN_TF_SLOW | scan_one_tf[H4] ใช้เวลา 3.74s > 2s | tf=H4 | duration=3.74
[2026-09-17 17:33:29] SCAN_TF_SLOW | scan_one_tf[H12] ใช้เวลา 3.98s > 2s | tf=H12 | duration=3.98
[2026-09-17 17:33:29] SCAN_TF_SLOW | scan_one_tf[D1] ใช้เวลา 4.26s > 2s | tf=D1 | duration=4.26
[2026-09-17 17:33:29] SCAN_SLOW | scan cycle ใช้เวลา 4.30s > 3s | breakdown=sl_tp_hits=0.00s cancel_pending=0.00s engulf_trail_sl=0.00s opposite_order_tp=0.00s entry_candle_quality=0.00s s3_maru_pending=0.00s fvg_pending=0.00s pb_pending=0.00s s12_management=0.00s scan_all_tf=4.29s export_trend_state=0.01s
[2026-09-17 17:33:33] SCAN_TF_SLOW | scan_one_tf[H1] ใช้เวลา 2.19s > 2s | tf=H1 | duration=2.19
[2026-09-17 17:33:33] SCAN_TF_SLOW | scan_one_tf[H4] ใช้เวลา 2.84s > 2s | tf=H4 | duration=2.84
[2026-09-17 17:33:34] SCAN_TF_SLOW | scan_one_tf[H12] ใช้เวลา 3.11s > 2s | tf=H12 | duration=3.11
[2026-09-17 17:33:34] SCAN_TF_SLOW | scan_one_tf[D1] ใช้เวลา 3.40s > 2s | tf=D1 | duration=3.4
[2026-09-17 17:33:34] SCAN_SLOW | scan cycle ใช้เวลา 3.44s > 3s | breakdown=sl_tp_hits=0.00s cancel_pending=0.00s engulf_trail_sl=0.00s opposite_order_tp=0.00s entry_candle_quality=0.00s s3_maru_pending=0.00s fvg_pending=0.00s pb_pending=0.00s s12_management=0.00s scan_all_tf=3.43s export_trend_state=0.01s
[2026-09-17 17:33:38] SCAN_TF_SLOW | scan_one_tf[H4] ใช้เวลา 2.47s > 2s | tf=H4 | duration=2.47
[2026-09-17 17:33:38] SCAN_TF_SLOW | scan_one_tf[H12] ใช้เวลา 2.71s > 2s | tf=H12 | duration=2.71
[2026-09-17 17:33:39] SCAN_TF_SLOW | scan_one_tf[D1] ใช้เวลา 3.00s > 2s | tf=D1 | duration=3.0
[2026-09-17 17:33:39] SCAN_SLOW | scan cycle ใช้เวลา 3.05s > 3s | breakdown=sl_tp_hits=0.00s cancel_pending=0.00s engulf_trail_sl=0.00s opposite_order_tp=0.00s entry_candle_quality=0.00s s3_maru_pending=0.00s fvg_pending=0.00s pb_pending=0.00s s12_management=0.00s scan_all_tf=3.04s export_trend_state=0.01s
[2026-09-17 17:33:43] SCAN_TF_SLOW | scan_one_tf[H4] ใช้เวลา 2.41s > 2s | tf=H4 | duration=2.41
[2026-09-17 17:33:43] SCAN_TF_SLOW | scan_one_tf[H12] ใช้เวลา 2.65s > 2s | tf=H12 | duration=2.65
[2026-09-17 17:33:43] SCAN_TF_SLOW | scan_one_tf[D1] ใช้เวลา 2.92s > 2s | tf=D1 | duration=2.92
[2026-09-17 17:33:47] SCAN_TF_SLOW | scan_one_tf[H4] ใช้เวลา 2.45s > 2s | tf=H4 | duration=2.45
[2026-09-17 17:33:47] SCAN_TF_SLOW | scan_one_tf[H12] ใช้เวลา 2.69s > 2s | tf=H12 | duration=2.69
[2026-09-17 17:33:47] SCAN_TF_SLOW | scan_one_tf[D1] ใช้เวลา 2.95s > 2s | tf=D1 | duration=2.95
[2026-09-17 17:33:52] SCAN_TF_SLOW | scan_one_tf[H4] ใช้เวลา 2.52s > 2s | tf=H4 | duration=2.52
[2026-09-17 17:33:52] SCAN_TF_SLOW | scan_one_tf[H12] ใช้เวลา 2.76s > 2s | tf=H12 | duration=2.76
[2026-09-17 17:33:53] SCAN_TF_SLOW | scan_one_tf[D1] ใช้เวลา 3.03s > 2s | tf=D1 | duration=3.03
[2026-09-17 17:33:53] SCAN_SLOW | scan cycle ใช้เวลา 3.07s > 3s | breakdown=sl_tp_hits=0.00s cancel_pending=0.00s engulf_trail_sl=0.00s opposite_order_tp=0.00s entry_candle_quality=0.00s s3_maru_pending=0.00s fvg_pending=0.00s pb_pending=0.00s s12_management=0.00s scan_all_tf=3.06s export_trend_state=0.01s
[2026-09-17 17:33:57] SCAN_TF_SLOW | scan_one_tf[H4] ใช้เวลา 2.41s > 2s | tf=H4 | duration=2.41
[2026-09-17 17:33:57] SCAN_TF_SLOW | scan_one_tf[H12] ใช้เวลา 2.66s > 2s | tf=H12 | duration=2.66
[2026-09-17 17:33:57] SCAN_TF_SLOW | scan_one_tf[D1] ใช้เวลา 2.92s > 2s | tf=D1 | duration=2.92
[2026-09-17 17:34:02] SCAN_TF_SLOW | scan_one_tf[H4] ใช้เวลา 2.62s > 2s | tf=H4 | duration=2.62
[2026-09-17 17:34:02] SCAN_TF_SLOW | scan_one_tf[H12] ใช้เวลา 2.88s > 2s | tf=H12 | duration=2.88
[2026-09-17 17:34:03] SCAN_TF_SLOW | scan_one_tf[D1] ใช้เวลา 3.16s > 2s | tf=D1 | duration=3.16
[2026-09-17 17:34:03] SCAN_SLOW | scan cycle ใช้เวลา 3.20s > 3s | breakdown=sl_tp_hits=0.00s cancel_pending=0.00s engulf_trail_sl=0.00s opposite_order_tp=0.00s entry_candle_quality=0.00s s3_maru_pending=0.00s fvg_pending=0.00s pb_pending=0.00s s12_management=0.00s scan_all_tf=3.19s export_trend_state=0.01s
[2026-09-17 17:34:07] SCAN_TF_SLOW | scan_one_tf[H4] ใช้เวลา 2.51s > 2s | tf=H4 | duration=2.51
[2026-09-17 17:34:07] SCAN_TF_SLOW | scan_one_tf[H12] ใช้เวลา 2.75s > 2s | tf=H12 | duration=2.75
[2026-09-17 17:34:08] SYMBOL_CHECK | XAUUSDm trade_mode=4 xau_open=True | trade_mode=4 | tick_time=1789641249 | bid=4313.573 | ask=4313.833 | tick_ok=True | xau_open=True | current_symbol=XAUUSDm | startup=False
[2026-09-17 17:34:08] SCAN_TF_SLOW | scan_one_tf[D1] ใช้เวลา 3.05s > 2s | tf=D1 | duration=3.05
[2026-09-17 17:34:08] SCAN_SLOW | scan cycle ใช้เวลา 3.08s > 3s | breakdown=sl_tp_hits=0.00s cancel_pending=0.00s engulf_trail_sl=0.00s opposite_order_tp=0.00s entry_candle_quality=0.00s s3_maru_pending=0.00s fvg_pending=0.00s pb_pending=0.00s s12_management=0.00s scan_all_tf=3.07s export_trend_state=0.01s
[2026-09-17 17:34:12] SCAN_TF_SLOW | scan_one_tf[H4] ใช้เวลา 2.49s > 2s | tf=H4 | duration=2.49
[2026-09-17 17:34:12] SCAN_TF_SLOW | scan_one_tf[H12] ใช้เวลา 2.74s > 2s | tf=H12 | duration=2.74
[2026-09-17 17:34:13] SCAN_TF_SLOW | scan_one_tf[D1] ใช้เวลา 3.02s > 2s | tf=D1 | duration=3.02
[2026-09-17 17:34:13] SCAN_SLOW | scan cycle ใช้เวลา 3.06s > 3s | breakdown=sl_tp_hits=0.00s cancel_pending=0.00s engulf_trail_sl=0.00s opposite_order_tp=0.00s entry_candle_quality=0.00s s3_maru_pending=0.00s fvg_pending=0.00s pb_pending=0.00s s12_management=0.00s scan_all_tf=3.05s export_trend_state=0.01s
[2026-09-17 17:34:18] SCAN_TF_SLOW | scan_one_tf[H1] ใช้เวลา 2.02s > 2s | tf=H1 | duration=2.02
[2026-09-17 17:34:18] SCAN_TF_SLOW | scan_one_tf[H4] ใช้เวลา 2.59s > 2s | tf=H4 | duration=2.59
[2026-09-17 17:34:18] SCAN_TF_SLOW | scan_one_tf[H12] ใช้เวลา 2.83s > 2s | tf=H12 | duration=2.83
[2026-09-17 17:34:19] SCAN_TF_SLOW | scan_one_tf[D1] ใช้เวลา 3.12s > 2s | tf=D1 | duration=3.12
[2026-09-17 17:34:19] SCAN_SLOW | scan cycle ใช้เวลา 3.16s > 3s | breakdown=sl_tp_hits=0.00s cancel_pending=0.00s engulf_trail_sl=0.00s opposite_order_tp=0.00s entry_candle_quality=0.00s s3_maru_pending=0.00s fvg_pending=0.00s pb_pending=0.00s s12_management=0.00s scan_all_tf=3.15s export_trend_state=0.01s
[2026-09-17 17:34:23] SCAN_TF_SLOW | scan_one_tf[H4] ใช้เวลา 2.40s > 2s | tf=H4 | duration=2.4
[2026-09-17 17:34:23] SCAN_TF_SLOW | scan_one_tf[H12] ใช้เวลา 2.64s > 2s | tf=H12 | duration=2.64
[2026-09-17 17:34:23] SCAN_TF_SLOW | scan_one_tf[D1] ใช้เวลา 2.90s > 2s | tf=D1 | duration=2.9
[2026-09-17 17:34:28] SCAN_TF_SLOW | scan_one_tf[H4] ใช้เวลา 2.53s > 2s | tf=H4 | duration=2.53
[2026-09-17 17:34:28] SCAN_TF_SLOW | scan_one_tf[H12] ใช้เวลา 2.78s > 2s | tf=H12 | duration=2.78
[2026-09-17 17:34:29] SCAN_TF_SLOW | scan_one_tf[D1] ใช้เวลา 3.08s > 2s | tf=D1 | duration=3.08
[2026-09-17 17:34:29] SCAN_SLOW | scan cycle ใช้เวลา 3.12s > 3s | breakdown=sl_tp_hits=0.00s cancel_pending=0.00s engulf_trail_sl=0.00s opposite_order_tp=0.00s entry_candle_quality=0.00s s3_maru_pending=0.00s fvg_pending=0.00s pb_pending=0.00s s12_management=0.00s scan_all_tf=3.11s export_trend_state=0.01s
[2026-09-17 17:34:33] SCAN_TF_SLOW | scan_one_tf[H4] ใช้เวลา 2.53s > 2s | tf=H4 | duration=2.53
[2026-09-17 17:34:33] SCAN_TF_SLOW | scan_one_tf[H12] ใช้เวลา 2.79s > 2s | tf=H12 | duration=2.79
[2026-09-17 17:34:34] SCAN_TF_SLOW | scan_one_tf[D1] ใช้เวลา 3.09s > 2s | tf=D1 | duration=3.09
[2026-09-17 17:34:34] SCAN_SLOW | scan cycle ใช้เวลา 3.13s > 3s | breakdown=sl_tp_hits=0.00s cancel_pending=0.00s engulf_trail_sl=0.00s opposite_order_tp=0.00s entry_candle_quality=0.00s s3_maru_pending=0.00s fvg_pending=0.00s pb_pending=0.00s s12_management=0.00s scan_all_tf=3.12s export_trend_state=0.01s
[2026-09-17 17:34:38] SCAN_TF_SLOW | scan_one_tf[H4] ใช้เวลา 2.51s > 2s | tf=H4 | duration=2.51
[2026-09-17 17:34:38] SCAN_TF_SLOW | scan_one_tf[H12] ใช้เวลา 2.75s > 2s | tf=H12 | duration=2.75
[2026-09-17 17:34:39] SCAN_TF_SLOW | scan_one_tf[D1] ใช้เวลา 3.01s > 2s | tf=D1 | duration=3.01
[2026-09-17 17:34:39] SCAN_SLOW | scan cycle ใช้เวลา 3.04s > 3s | breakdown=sl_tp_hits=0.00s cancel_pending=0.00s engulf_trail_sl=0.00s opposite_order_tp=0.00s entry_candle_quality=0.00s s3_maru_pending=0.00s fvg_pending=0.00s pb_pending=0.00s s12_management=0.00s scan_all_tf=3.03s export_trend_state=0.01s
[2026-09-17 17:34:43] SCAN_TF_SLOW | scan_one_tf[H4] ใช้เวลา 2.41s > 2s | tf=H4 | duration=2.41
[2026-09-17 17:34:43] SCAN_TF_SLOW | scan_one_tf[H12] ใช้เวลา 2.66s > 2s | tf=H12 | duration=2.66
[2026-09-17 17:34:43] SCAN_TF_SLOW | scan_one_tf[D1] ใช้เวลา 2.93s > 2s | tf=D1 | duration=2.93
[2026-09-17 17:34:47] SCAN_TF_SLOW | scan_one_tf[H1] ใช้เวลา 2.01s > 2s | tf=H1 | duration=2.01
[2026-09-17 17:34:47] SCAN_TF_SLOW | scan_one_tf[H4] ใช้เวลา 2.58s > 2s | tf=H4 | duration=2.58
[2026-09-17 17:34:47] SCAN_TF_SLOW | scan_one_tf[H12] ใช้เวลา 2.81s > 2s | tf=H12 | duration=2.81
[2026-09-17 17:34:48] SCAN_TF_SLOW | scan_one_tf[D1] ใช้เวลา 3.07s > 2s | tf=D1 | duration=3.07
[2026-09-17 17:34:48] SCAN_SLOW | scan cycle ใช้เวลา 3.10s > 3s | breakdown=sl_tp_hits=0.00s cancel_pending=0.00s engulf_trail_sl=0.00s opposite_order_tp=0.00s entry_candle_quality=0.00s s3_maru_pending=0.00s fvg_pending=0.00s pb_pending=0.00s s12_management=0.00s scan_all_tf=3.09s export_trend_state=0.01s
[2026-09-17 17:34:52] SCAN_TF_SLOW | scan_one_tf[H4] ใช้เวลา 2.49s > 2s | tf=H4 | duration=2.49
[2026-09-17 17:34:52] SCAN_TF_SLOW | scan_one_tf[H12] ใช้เวลา 2.73s > 2s | tf=H12 | duration=2.73
[2026-09-17 17:34:53] SCAN_TF_SLOW | scan_one_tf[D1] ใช้เวลา 3.00s > 2s | tf=D1 | duration=3.0
[2026-09-17 17:34:53] SCAN_SLOW | scan cycle ใช้เวลา 3.04s > 3s | breakdown=sl_tp_hits=0.00s cancel_pending=0.00s engulf_trail_sl=0.00s opposite_order_tp=0.00s entry_candle_quality=0.00s s3_maru_pending=0.00s fvg_pending=0.00s pb_pending=0.00s s12_management=0.00s scan_all_tf=3.03s export_trend_state=0.01s
[2026-09-17 17:34:57] SCAN_TF_SLOW | scan_one_tf[H4] ใช้เวลา 2.46s > 2s | tf=H4 | duration=2.46
[2026-09-17 17:34:57] SCAN_TF_SLOW | scan_one_tf[H12] ใช้เวลา 2.68s > 2s | tf=H12 | duration=2.68
[2026-09-17 17:34:57] SCAN_TF_SLOW | scan_one_tf[D1] ใช้เวลา 2.93s > 2s | tf=D1 | duration=2.93
[2026-09-17 17:35:02] SCAN_TF_SLOW | scan_one_tf[H1] ใช้เวลา 2.26s > 2s | tf=H1 | duration=2.26
[2026-09-17 17:35:03] SCAN_TF_SLOW | scan_one_tf[H4] ใช้เวลา 3.83s > 2s | tf=H4 | duration=3.83
[2026-09-17 17:35:04] SCAN_TF_SLOW | scan_one_tf[H12] ใช้เวลา 4.20s > 2s | tf=H12 | duration=4.2
[2026-09-17 17:35:04] SCAN_TF_SLOW | scan_one_tf[D1] ใช้เวลา 4.59s > 2s | tf=D1 | duration=4.59
[2026-09-17 17:35:04] SCAN_SLOW | scan cycle ใช้เวลา 4.64s > 3s | breakdown=sl_tp_hits=0.00s cancel_pending=0.00s engulf_trail_sl=0.00s opposite_order_tp=0.00s entry_candle_quality=0.00s s3_maru_pending=0.00s fvg_pending=0.00s pb_pending=0.00s s12_management=0.00s scan_all_tf=4.63s export_trend_state=0.01s
[2026-09-17 17:35:07] SCAN_TF_SLOW | scan_one_tf[M15] ใช้เวลา 2.27s > 2s | tf=M15 | duration=2.27
[2026-09-17 17:35:08] SCAN_TF_SLOW | scan_one_tf[M30] ใช้เวลา 3.27s > 2s | tf=M30 | duration=3.27
[2026-09-17 17:35:08] SYMBOL_CHECK | XAUUSDm trade_mode=4 xau_open=True | trade_mode=4 | tick_time=1789641309 | bid=4315.116 | ask=4315.376 | tick_ok=True | xau_open=True | current_symbol=XAUUSDm | startup=False
[2026-09-17 17:35:09] SCAN_TF_SLOW | scan_one_tf[H1] ใช้เวลา 4.07s > 2s | tf=H1 | duration=4.07
[2026-09-17 17:35:09] SCAN_TF_SLOW | scan_one_tf[H4] ใช้เวลา 4.81s > 2s | tf=H4 | duration=4.81
[2026-09-17 17:35:10] SCAN_TF_SLOW | scan_one_tf[H12] ใช้เวลา 5.10s > 2s | tf=H12 | duration=5.1
[2026-09-17 17:35:10] SCAN_TF_SLOW | scan_one_tf[D1] ใช้เวลา 5.39s > 2s | tf=D1 | duration=5.39
[2026-09-17 17:35:10] SCAN_SLOW | scan cycle ใช้เวลา 5.44s > 3s | breakdown=sl_tp_hits=0.00s cancel_pending=0.00s engulf_trail_sl=0.00s opposite_order_tp=0.00s entry_candle_quality=0.00s s3_maru_pending=0.00s fvg_pending=0.00s pb_pending=0.00s s12_management=0.00s scan_all_tf=5.43s export_trend_state=0.01s
[2026-09-17 17:35:18] SCAN_TF_SLOW | scan_one_tf[M30] ใช้เวลา 2.03s > 2s | tf=M30 | duration=2.03
[2026-09-17 17:35:18] SCAN_TF_SLOW | scan_one_tf[H1] ใช้เวลา 2.71s > 2s | tf=H1 | duration=2.71
[2026-09-17 17:35:19] SCAN_TF_SLOW | scan_one_tf[H4] ใช้เวลา 3.46s > 2s | tf=H4 | duration=3.46
[2026-09-17 17:35:19] SCAN_TF_SLOW | scan_one_tf[H12] ใช้เวลา 3.78s > 2s | tf=H12 | duration=3.78
[2026-09-17 17:35:20] SCAN_TF_SLOW | scan_one_tf[D1] ใช้เวลา 4.07s > 2s | tf=D1 | duration=4.07
[2026-09-17 17:35:20] SCAN_SLOW | scan cycle ใช้เวลา 4.12s > 3s | breakdown=sl_tp_hits=0.00s cancel_pending=0.00s engulf_trail_sl=0.00s opposite_order_tp=0.00s entry_candle_quality=0.00s s3_maru_pending=0.00s fvg_pending=0.00s pb_pending=0.00s s12_management=0.00s scan_all_tf=4.11s export_trend_state=0.01s
[2026-09-17 17:35:23] SCAN_TF_SLOW | scan_one_tf[H4] ใช้เวลา 2.48s > 2s | tf=H4 | duration=2.48
[2026-09-17 17:35:23] SCAN_TF_SLOW | scan_one_tf[H12] ใช้เวลา 2.75s > 2s | tf=H12 | duration=2.75
[2026-09-17 17:35:24] SCAN_TF_SLOW | scan_one_tf[D1] ใช้เวลา 3.04s > 2s | tf=D1 | duration=3.04
[2026-09-17 17:35:24] SCAN_SLOW | scan cycle ใช้เวลา 3.07s > 3s | breakdown=sl_tp_hits=0.00s cancel_pending=0.00s engulf_trail_sl=0.00s opposite_order_tp=0.00s entry_candle_quality=0.00s s3_maru_pending=0.00s fvg_pending=0.00s pb_pending=0.00s s12_management=0.00s scan_all_tf=3.06s export_trend_state=0.01s
[2026-09-17 17:35:28] SCAN_TF_SLOW | scan_one_tf[H4] ใช้เวลา 2.37s > 2s | tf=H4 | duration=2.37
[2026-09-17 17:35:28] SCAN_TF_SLOW | scan_one_tf[H12] ใช้เวลา 2.60s > 2s | tf=H12 | duration=2.6
[2026-09-17 17:35:28] SCAN_TF_SLOW | scan_one_tf[D1] ใช้เวลา 2.85s > 2s | tf=D1 | duration=2.85
[2026-09-17 17:35:33] SCAN_TF_SLOW | scan_one_tf[H4] ใช้เวลา 2.37s > 2s | tf=H4 | duration=2.37
[2026-09-17 17:35:33] SCAN_TF_SLOW | scan_one_tf[H12] ใช้เวลา 2.62s > 2s | tf=H12 | duration=2.62
[2026-09-17 17:35:33] SCAN_TF_SLOW | scan_one_tf[D1] ใช้เวลา 2.90s > 2s | tf=D1 | duration=2.9
[2026-09-17 17:35:38] SCAN_TF_SLOW | scan_one_tf[M15] ใช้เวลา 2.65s > 2s | tf=M15 | duration=2.65
[2026-09-17 17:35:39] SCAN_TF_SLOW | scan_one_tf[M30] ใช้เวลา 3.55s > 2s | tf=M30 | duration=3.55
[2026-09-17 17:35:40] SCAN_TF_SLOW | scan_one_tf[H1] ใช้เวลา 4.58s > 2s | tf=H1 | duration=4.58
[2026-09-17 17:35:41] SCAN_TF_SLOW | scan_one_tf[H4] ใช้เวลา 5.35s > 2s | tf=H4 | duration=5.35
[2026-09-17 17:35:41] SCAN_TF_SLOW | scan_one_tf[H12] ใช้เวลา 5.61s > 2s | tf=H12 | duration=5.61
[2026-09-17 17:35:41] SCAN_TF_SLOW | scan_one_tf[D1] ใช้เวลา 5.91s > 2s | tf=D1 | duration=5.91
[2026-09-17 17:35:41] SCAN_SLOW | scan cycle ใช้เวลา 5.97s > 3s | breakdown=sl_tp_hits=0.00s cancel_pending=0.00s engulf_trail_sl=0.00s opposite_order_tp=0.00s entry_candle_quality=0.00s s3_maru_pending=0.00s fvg_pending=0.00s pb_pending=0.00s s12_management=0.00s scan_all_tf=5.96s export_trend_state=0.01s
[2026-09-17 17:35:47] SCAN_TF_SLOW | scan_one_tf[H1] ใช้เวลา 2.34s > 2s | tf=H1 | duration=2.34
[2026-09-17 17:35:48] SCAN_TF_SLOW | scan_one_tf[H4] ใช้เวลา 2.99s > 2s | tf=H4 | duration=2.99
[2026-09-17 17:35:48] SCAN_TF_SLOW | scan_one_tf[H12] ใช้เวลา 3.26s > 2s | tf=H12 | duration=3.26
[2026-09-17 17:35:48] SCAN_TF_SLOW | scan_one_tf[D1] ใช้เวลา 3.58s > 2s | tf=D1 | duration=3.58
[2026-09-17 17:35:48] SCAN_SLOW | scan cycle ใช้เวลา 3.62s > 3s | breakdown=sl_tp_hits=0.00s cancel_pending=0.00s engulf_trail_sl=0.00s opposite_order_tp=0.00s entry_candle_quality=0.00s s3_maru_pending=0.00s fvg_pending=0.00s pb_pending=0.00s s12_management=0.00s scan_all_tf=3.60s export_trend_state=0.01s
[2026-09-17 17:35:52] SCAN_TF_SLOW | scan_one_tf[H1] ใช้เวลา 2.21s > 2s | tf=H1 | duration=2.21
[2026-09-17 17:35:52] SCAN_TF_SLOW | scan_one_tf[H4] ใช้เวลา 2.77s > 2s | tf=H4 | duration=2.77
[2026-09-17 17:35:53] SCAN_TF_SLOW | scan_one_tf[H12] ใช้เวลา 3.01s > 2s | tf=H12 | duration=3.01
[2026-09-17 17:35:53] SCAN_TF_SLOW | scan_one_tf[D1] ใช้เวลา 3.28s > 2s | tf=D1 | duration=3.28
[2026-09-17 17:35:53] SCAN_SLOW | scan cycle ใช้เวลา 3.32s > 3s | breakdown=sl_tp_hits=0.00s cancel_pending=0.00s engulf_trail_sl=0.00s opposite_order_tp=0.00s entry_candle_quality=0.00s s3_maru_pending=0.00s fvg_pending=0.00s pb_pending=0.00s s12_management=0.00s scan_all_tf=3.31s export_trend_state=0.01s
[2026-09-17 17:35:57] SCAN_TF_SLOW | scan_one_tf[H1] ใช้เวลา 2.24s > 2s | tf=H1 | duration=2.24
[2026-09-17 17:35:57] SCAN_TF_SLOW | scan_one_tf[H4] ใช้เวลา 2.86s > 2s | tf=H4 | duration=2.86
[2026-09-17 17:35:58] SCAN_TF_SLOW | scan_one_tf[H12] ใช้เวลา 3.11s > 2s | tf=H12 | duration=3.11
[2026-09-17 17:35:58] SCAN_TF_SLOW | scan_one_tf[D1] ใช้เวลา 3.37s > 2s | tf=D1 | duration=3.37
[2026-09-17 17:35:58] SCAN_SLOW | scan cycle ใช้เวลา 3.40s > 3s | breakdown=sl_tp_hits=0.00s cancel_pending=0.00s engulf_trail_sl=0.00s opposite_order_tp=0.00s entry_candle_quality=0.00s s3_maru_pending=0.00s fvg_pending=0.00s pb_pending=0.00s s12_management=0.00s scan_all_tf=3.39s export_trend_state=0.01s
[2026-09-17 17:36:02] SCAN_TF_SLOW | scan_one_tf[H4] ใช้เวลา 2.50s > 2s | tf=H4 | duration=2.5
[2026-09-17 17:36:02] SCAN_TF_SLOW | scan_one_tf[H12] ใช้เวลา 2.75s > 2s | tf=H12 | duration=2.75
[2026-09-17 17:36:04] SCAN_TF_SLOW | scan_one_tf[D1] ใช้เวลา 3.04s > 2s | tf=D1 | duration=3.04
[2026-09-17 17:36:04] SCAN_SLOW | scan cycle ใช้เวลา 3.09s > 3s | breakdown=sl_tp_hits=0.00s cancel_pending=0.00s engulf_trail_sl=0.00s opposite_order_tp=0.00s entry_candle_quality=0.00s s3_maru_pending=0.00s fvg_pending=0.00s pb_pending=0.00s s12_management=0.00s scan_all_tf=3.08s export_trend_state=0.01s
[2026-09-17 17:36:08] SCAN_TF_SLOW | scan_one_tf[M15] ใช้เวลา 2.01s > 2s | tf=M15 | duration=2.01
[2026-09-17 17:36:09] SCAN_TF_SLOW | scan_one_tf[M30] ใช้เวลา 3.38s > 2s | tf=M30 | duration=3.38
[2026-09-17 17:36:09] SYMBOL_CHECK | XAUUSDm trade_mode=4 xau_open=True | trade_mode=4 | tick_time=1789641369 | bid=4317.482 | ask=4317.742 | tick_ok=True | xau_open=True | current_symbol=XAUUSDm | startup=False
[2026-09-17 17:36:10] SCAN_TF_SLOW | scan_one_tf[H1] ใช้เวลา 4.53s > 2s | tf=H1 | duration=4.53
[2026-09-17 17:36:12] SCAN_TF_SLOW | scan_one_tf[H4] ใช้เวลา 5.98s > 2s | tf=H4 | duration=5.98
[2026-09-17 17:36:12] SCAN_TF_SLOW | scan_one_tf[H12] ใช้เวลา 6.28s > 2s | tf=H12 | duration=6.28
[2026-09-17 17:36:12] SCAN_TF_SLOW | scan_one_tf[D1] ใช้เวลา 6.59s > 2s | tf=D1 | duration=6.59
[2026-09-17 17:36:12] SCAN_SLOW | scan cycle ใช้เวลา 6.65s > 3s | breakdown=sl_tp_hits=0.00s cancel_pending=0.00s engulf_trail_sl=0.00s opposite_order_tp=0.00s entry_candle_quality=0.00s s3_maru_pending=0.00s fvg_pending=0.00s pb_pending=0.00s s12_management=0.00s scan_all_tf=6.64s export_trend_state=0.01s
[2026-09-17 17:36:18] SCAN_TF_SLOW | scan_one_tf[H1] ใช้เวลา 2.05s > 2s | tf=H1 | duration=2.05
[2026-09-17 17:36:18] SCAN_TF_SLOW | scan_one_tf[H4] ใช้เวลา 2.67s > 2s | tf=H4 | duration=2.67
[2026-09-17 17:36:18] SCAN_TF_SLOW | scan_one_tf[H12] ใช้เวลา 2.91s > 2s | tf=H12 | duration=2.91
[2026-09-17 17:36:18] SCAN_TF_SLOW | scan_one_tf[D1] ใช้เวลา 3.18s > 2s | tf=D1 | duration=3.18
[2026-09-17 17:36:18] SCAN_SLOW | scan cycle ใช้เวลา 3.22s > 3s | breakdown=sl_tp_hits=0.00s cancel_pending=0.00s engulf_trail_sl=0.00s opposite_order_tp=0.00s entry_candle_quality=0.00s s3_maru_pending=0.00s fvg_pending=0.00s pb_pending=0.00s s12_management=0.00s scan_all_tf=3.21s export_trend_state=0.01s
[2026-09-17 17:36:22] SCAN_TF_SLOW | scan_one_tf[H4] ใช้เวลา 2.49s > 2s | tf=H4 | duration=2.49
[2026-09-17 17:36:22] SCAN_TF_SLOW | scan_one_tf[H12] ใช้เวลา 2.75s > 2s | tf=H12 | duration=2.75
[2026-09-17 17:36:23] SCAN_TF_SLOW | scan_one_tf[D1] ใช้เวลา 3.02s > 2s | tf=D1 | duration=3.02
[2026-09-17 17:36:23] SCAN_SLOW | scan cycle ใช้เวลา 3.06s > 3s | breakdown=sl_tp_hits=0.00s cancel_pending=0.00s engulf_trail_sl=0.00s opposite_order_tp=0.00s entry_candle_quality=0.00s s3_maru_pending=0.00s fvg_pending=0.00s pb_pending=0.00s s12_management=0.00s scan_all_tf=3.05s export_trend_state=0.01s
[2026-09-17 17:36:27] SCAN_TF_SLOW | scan_one_tf[H4] ใช้เวลา 2.39s > 2s | tf=H4 | duration=2.39
[2026-09-17 17:36:27] SCAN_TF_SLOW | scan_one_tf[H12] ใช้เวลา 2.62s > 2s | tf=H12 | duration=2.62
[2026-09-17 17:36:27] SCAN_TF_SLOW | scan_one_tf[D1] ใช้เวลา 2.86s > 2s | tf=D1 | duration=2.86
[2026-09-17 17:36:32] SCAN_TF_SLOW | scan_one_tf[H1] ใช้เวลา 2.78s > 2s | tf=H1 | duration=2.78
[2026-09-17 17:36:34] SCAN_TF_SLOW | scan_one_tf[H4] ใช้เวลา 4.41s > 2s | tf=H4 | duration=4.41
[2026-09-17 17:36:34] SCAN_TF_SLOW | scan_one_tf[H12] ใช้เวลา 4.86s > 2s | tf=H12 | duration=4.86
[2026-09-17 17:36:34] SCAN_TF_SLOW | scan_one_tf[D1] ใช้เวลา 5.22s > 2s | tf=D1 | duration=5.22
[2026-09-17 17:36:34] SCAN_SLOW | scan cycle ใช้เวลา 5.27s > 3s | breakdown=sl_tp_hits=0.00s cancel_pending=0.00s engulf_trail_sl=0.00s opposite_order_tp=0.00s entry_candle_quality=0.00s s3_maru_pending=0.00s fvg_pending=0.00s pb_pending=0.00s s12_management=0.00s scan_all_tf=5.25s export_trend_state=0.01s
[2026-09-17 17:36:41] SCAN_TF_SLOW | scan_one_tf[M30] ใช้เวลา 2.05s > 2s | tf=M30 | duration=2.05
[2026-09-17 17:36:42] SCAN_TF_SLOW | scan_one_tf[H1] ใช้เวลา 2.76s > 2s | tf=H1 | duration=2.76
[2026-09-17 17:36:43] SCAN_TF_SLOW | scan_one_tf[H4] ใช้เวลา 3.42s > 2s | tf=H4 | duration=3.42
[2026-09-17 17:36:43] SCAN_TF_SLOW | scan_one_tf[H12] ใช้เวลา 3.70s > 2s | tf=H12 | duration=3.7
[2026-09-17 17:36:43] SCAN_TF_SLOW | scan_one_tf[D1] ใช้เวลา 3.98s > 2s | tf=D1 | duration=3.98
[2026-09-17 17:36:43] SCAN_SLOW | scan cycle ใช้เวลา 4.02s > 3s | breakdown=sl_tp_hits=0.00s cancel_pending=0.00s engulf_trail_sl=0.00s opposite_order_tp=0.00s entry_candle_quality=0.00s s3_maru_pending=0.00s fvg_pending=0.00s pb_pending=0.00s s12_management=0.00s scan_all_tf=4.01s export_trend_state=0.01s
[2026-09-17 17:36:47] SCAN_TF_SLOW | scan_one_tf[H1] ใช้เวลา 2.49s > 2s | tf=H1 | duration=2.49
[2026-09-17 17:36:47] SCAN_TF_SLOW | scan_one_tf[H4] ใช้เวลา 3.00s > 2s | tf=H4 | duration=3.0
[2026-09-17 17:36:47] SCAN_TF_SLOW | scan_one_tf[H12] ใช้เวลา 3.24s > 2s | tf=H12 | duration=3.24
[2026-09-17 17:36:48] SCAN_TF_SLOW | scan_one_tf[D1] ใช้เวลา 3.48s > 2s | tf=D1 | duration=3.48
[2026-09-17 17:36:48] SCAN_SLOW | scan cycle ใช้เวลา 3.51s > 3s | breakdown=sl_tp_hits=0.00s cancel_pending=0.00s engulf_trail_sl=0.00s opposite_order_tp=0.00s entry_candle_quality=0.00s s3_maru_pending=0.00s fvg_pending=0.00s pb_pending=0.00s s12_management=0.00s scan_all_tf=3.50s export_trend_state=0.01s
[2026-09-17 17:36:52] SCAN_TF_SLOW | scan_one_tf[H4] ใช้เวลา 2.06s > 2s | tf=H4 | duration=2.06
[2026-09-17 17:36:52] SCAN_TF_SLOW | scan_one_tf[H12] ใช้เวลา 2.28s > 2s | tf=H12 | duration=2.28
[2026-09-17 17:36:52] SCAN_TF_SLOW | scan_one_tf[D1] ใช้เวลา 2.52s > 2s | tf=D1 | duration=2.52
[2026-09-17 17:36:57] SCAN_TF_SLOW | scan_one_tf[H4] ใช้เวลา 2.04s > 2s | tf=H4 | duration=2.04
[2026-09-17 17:36:57] SCAN_TF_SLOW | scan_one_tf[H12] ใช้เวลา 2.25s > 2s | tf=H12 | duration=2.25
[2026-09-17 17:36:57] SCAN_TF_SLOW | scan_one_tf[D1] ใช้เวลา 2.48s > 2s | tf=D1 | duration=2.48
[2026-09-17 17:37:02] SCAN_TF_SLOW | scan_one_tf[H4] ใช้เวลา 2.11s > 2s | tf=H4 | duration=2.11
[2026-09-17 17:37:02] SCAN_TF_SLOW | scan_one_tf[H12] ใช้เวลา 2.34s > 2s | tf=H12 | duration=2.34
[2026-09-17 17:37:02] SCAN_TF_SLOW | scan_one_tf[D1] ใช้เวลา 2.59s > 2s | tf=D1 | duration=2.59
[2026-09-17 17:37:08] SCAN_TF_SLOW | scan_one_tf[H1] ใช้เวลา 2.12s > 2s | tf=H1 | duration=2.12
[2026-09-17 17:37:08] SCAN_TF_SLOW | scan_one_tf[H4] ใช้เวลา 2.84s > 2s | tf=H4 | duration=2.84
[2026-09-17 17:37:09] SYMBOL_CHECK | XAUUSDm trade_mode=4 xau_open=True | trade_mode=4 | tick_time=1789641428 | bid=4317.86 | ask=4318.12 | tick_ok=True | xau_open=True | current_symbol=XAUUSDm | startup=False
[2026-09-17 17:37:09] SCAN_TF_SLOW | scan_one_tf[H12] ใช้เวลา 3.18s > 2s | tf=H12 | duration=3.18
[2026-09-17 17:37:09] SCAN_TF_SLOW | scan_one_tf[D1] ใช้เวลา 3.55s > 2s | tf=D1 | duration=3.55
[2026-09-17 17:37:09] SCAN_SLOW | scan cycle ใช้เวลา 3.58s > 3s | breakdown=sl_tp_hits=0.00s cancel_pending=0.00s engulf_trail_sl=0.00s opposite_order_tp=0.00s entry_candle_quality=0.00s s3_maru_pending=0.00s fvg_pending=0.00s pb_pending=0.00s s12_management=0.00s scan_all_tf=3.57s export_trend_state=0.01s
[2026-09-17 17:37:13] SCAN_TF_SLOW | scan_one_tf[M30] ใช้เวลา 2.24s > 2s | tf=M30 | duration=2.24
[2026-09-17 17:37:14] SCAN_TF_SLOW | scan_one_tf[H1] ใช้เวลา 2.98s > 2s | tf=H1 | duration=2.98
[2026-09-17 17:37:14] SCAN_TF_SLOW | scan_one_tf[H4] ใช้เวลา 3.68s > 2s | tf=H4 | duration=3.68
[2026-09-17 17:37:15] SCAN_TF_SLOW | scan_one_tf[H12] ใช้เวลา 3.98s > 2s | tf=H12 | duration=3.98
[2026-09-17 17:37:15] SCAN_TF_SLOW | scan_one_tf[D1] ใช้เวลา 4.30s > 2s | tf=D1 | duration=4.3
[2026-09-17 17:37:15] SCAN_SLOW | scan cycle ใช้เวลา 4.34s > 3s | breakdown=sl_tp_hits=0.00s cancel_pending=0.00s engulf_trail_sl=0.00s opposite_order_tp=0.00s entry_candle_quality=0.00s s3_maru_pending=0.00s fvg_pending=0.00s pb_pending=0.00s s12_management=0.00s scan_all_tf=4.33s export_trend_state=0.01s
[2026-09-17 17:37:18] SCAN_TF_SLOW | scan_one_tf[H1] ใช้เวลา 2.67s > 2s | tf=H1 | duration=2.67
[2026-09-17 17:37:19] SCAN_TF_SLOW | scan_one_tf[H4] ใช้เวลา 3.27s > 2s | tf=H4 | duration=3.27
[2026-09-17 17:37:19] SCAN_TF_SLOW | scan_one_tf[H12] ใช้เวลา 3.51s > 2s | tf=H12 | duration=3.51
[2026-09-17 17:37:19] SCAN_TF_SLOW | scan_one_tf[D1] ใช้เวลา 3.76s > 2s | tf=D1 | duration=3.76
[2026-09-17 17:37:19] SCAN_SLOW | scan cycle ใช้เวลา 3.80s > 3s | breakdown=sl_tp_hits=0.00s cancel_pending=0.00s engulf_trail_sl=0.00s opposite_order_tp=0.00s entry_candle_quality=0.00s s3_maru_pending=0.00s fvg_pending=0.00s pb_pending=0.00s s12_management=0.00s scan_all_tf=3.80s export_trend_state=0.01s
[2026-09-17 17:37:22] SCAN_TF_SLOW | scan_one_tf[H4] ใช้เวลา 2.10s > 2s | tf=H4 | duration=2.1
[2026-09-17 17:37:22] SCAN_TF_SLOW | scan_one_tf[H12] ใช้เวลา 2.32s > 2s | tf=H12 | duration=2.32
[2026-09-17 17:37:22] SCAN_TF_SLOW | scan_one_tf[D1] ใช้เวลา 2.55s > 2s | tf=D1 | duration=2.55
[2026-09-17 17:37:27] SCAN_TF_SLOW | scan_one_tf[H4] ใช้เวลา 2.11s > 2s | tf=H4 | duration=2.11
[2026-09-17 17:37:27] SCAN_TF_SLOW | scan_one_tf[H12] ใช้เวลา 2.33s > 2s | tf=H12 | duration=2.33
[2026-09-17 17:37:27] SCAN_TF_SLOW | scan_one_tf[D1] ใช้เวลา 2.55s > 2s | tf=D1 | duration=2.55
[2026-09-17 17:37:32] SCAN_TF_SLOW | scan_one_tf[H12] ใช้เวลา 2.19s > 2s | tf=H12 | duration=2.19
[2026-09-17 17:37:32] SCAN_TF_SLOW | scan_one_tf[D1] ใช้เวลา 2.44s > 2s | tf=D1 | duration=2.44
[2026-09-17 17:37:37] SCAN_TF_SLOW | scan_one_tf[H4] ใช้เวลา 2.05s > 2s | tf=H4 | duration=2.05
[2026-09-17 17:37:37] SCAN_TF_SLOW | scan_one_tf[H12] ใช้เวลา 2.28s > 2s | tf=H12 | duration=2.28
[2026-09-17 17:37:37] SCAN_TF_SLOW | scan_one_tf[D1] ใช้เวลา 2.54s > 2s | tf=D1 | duration=2.54
[2026-09-17 17:37:42] SCAN_TF_SLOW | scan_one_tf[H4] ใช้เวลา 2.05s > 2s | tf=H4 | duration=2.05
[2026-09-17 17:37:42] SCAN_TF_SLOW | scan_one_tf[H12] ใช้เวลา 2.26s > 2s | tf=H12 | duration=2.26
[2026-09-17 17:37:42] SCAN_TF_SLOW | scan_one_tf[D1] ใช้เวลา 2.50s > 2s | tf=D1 | duration=2.5
[2026-09-17 17:37:47] SCAN_TF_SLOW | scan_one_tf[H4] ใช้เวลา 2.21s > 2s | tf=H4 | duration=2.21
[2026-09-17 17:37:47] SCAN_TF_SLOW | scan_one_tf[H12] ใช้เวลา 2.42s > 2s | tf=H12 | duration=2.42
[2026-09-17 17:37:47] SCAN_TF_SLOW | scan_one_tf[D1] ใช้เวลา 2.63s > 2s | tf=D1 | duration=2.63
[2026-09-17 17:37:51] SCAN_TF_SLOW | scan_one_tf[H12] ใช้เวลา 2.18s > 2s | tf=H12 | duration=2.18
[2026-09-17 17:37:51] SCAN_TF_SLOW | scan_one_tf[D1] ใช้เวลา 2.38s > 2s | tf=D1 | duration=2.38
[2026-09-17 17:37:56] SCAN_TF_SLOW | scan_one_tf[H12] ใช้เวลา 2.15s > 2s | tf=H12 | duration=2.15
[2026-09-17 17:37:56] SCAN_TF_SLOW | scan_one_tf[D1] ใช้เวลา 2.35s > 2s | tf=D1 | duration=2.35
[2026-09-17 17:38:01] SCAN_TF_SLOW | scan_one_tf[H4] ใช้เวลา 2.14s > 2s | tf=H4 | duration=2.14
[2026-09-17 17:38:01] SCAN_TF_SLOW | scan_one_tf[H12] ใช้เวลา 2.37s > 2s | tf=H12 | duration=2.37
[2026-09-17 17:38:01] SCAN_TF_SLOW | scan_one_tf[D1] ใช้เวลา 2.57s > 2s | tf=D1 | duration=2.57
[2026-09-17 17:38:07] SCAN_TF_SLOW | scan_one_tf[M30] ใช้เวลา 2.44s > 2s | tf=M30 | duration=2.44
[2026-09-17 17:38:08] SCAN_TF_SLOW | scan_one_tf[H1] ใช้เวลา 3.57s > 2s | tf=H1 | duration=3.57
[2026-09-17 17:38:08] SYMBOL_CHECK | XAUUSDm trade_mode=4 xau_open=True | trade_mode=4 | tick_time=1789641489 | bid=4316.896 | ask=4317.156 | tick_ok=True | xau_open=True | current_symbol=XAUUSDm | startup=False
[2026-09-17 17:38:10] SCAN_TF_SLOW | scan_one_tf[H4] ใช้เวลา 5.04s > 2s | tf=H4 | duration=5.04
[2026-09-17 17:38:10] SCAN_TF_SLOW | scan_one_tf[H12] ใช้เวลา 5.36s > 2s | tf=H12 | duration=5.36
[2026-09-17 17:38:10] SCAN_TF_SLOW | scan_one_tf[D1] ใช้เวลา 5.72s > 2s | tf=D1 | duration=5.72
[2026-09-17 17:38:10] SCAN_SLOW | scan cycle ใช้เวลา 5.76s > 3s | breakdown=sl_tp_hits=0.00s cancel_pending=0.00s engulf_trail_sl=0.00s opposite_order_tp=0.00s entry_candle_quality=0.00s s3_maru_pending=0.00s fvg_pending=0.00s pb_pending=0.00s s12_management=0.00s scan_all_tf=5.75s export_trend_state=0.01s
[2026-09-17 17:38:17] SCAN_TF_SLOW | scan_one_tf[H1] ใช้เวลา 2.52s > 2s | tf=H1 | duration=2.52
[2026-09-17 17:38:18] SCAN_TF_SLOW | scan_one_tf[H4] ใช้เวลา 3.07s > 2s | tf=H4 | duration=3.07
[2026-09-17 17:38:18] SCAN_TF_SLOW | scan_one_tf[H12] ใช้เวลา 3.33s > 2s | tf=H12 | duration=3.33
[2026-09-17 17:38:18] SCAN_TF_SLOW | scan_one_tf[D1] ใช้เวลา 3.60s > 2s | tf=D1 | duration=3.6
[2026-09-17 17:38:18] SCAN_SLOW | scan cycle ใช้เวลา 3.64s > 3s | breakdown=sl_tp_hits=0.00s cancel_pending=0.00s engulf_trail_sl=0.00s opposite_order_tp=0.00s entry_candle_quality=0.00s s3_maru_pending=0.00s fvg_pending=0.00s pb_pending=0.00s s12_management=0.00s scan_all_tf=3.63s export_trend_state=0.01s
[2026-09-17 17:38:22] SCAN_TF_SLOW | scan_one_tf[H4] ใช้เวลา 2.27s > 2s | tf=H4 | duration=2.27
[2026-09-17 17:38:22] SCAN_TF_SLOW | scan_one_tf[H12] ใช้เวลา 2.53s > 2s | tf=H12 | duration=2.53
[2026-09-17 17:38:22] SCAN_TF_SLOW | scan_one_tf[D1] ใช้เวลา 2.80s > 2s | tf=D1 | duration=2.8
[2026-09-17 17:38:27] SCAN_TF_SLOW | scan_one_tf[H4] ใช้เวลา 2.42s > 2s | tf=H4 | duration=2.42
[2026-09-17 17:38:27] SCAN_TF_SLOW | scan_one_tf[H12] ใช้เวลา 2.64s > 2s | tf=H12 | duration=2.64
[2026-09-17 17:38:27] SCAN_TF_SLOW | scan_one_tf[D1] ใช้เวลา 2.93s > 2s | tf=D1 | duration=2.93
[2026-09-17 17:38:32] SCAN_TF_SLOW | scan_one_tf[H4] ใช้เวลา 2.65s > 2s | tf=H4 | duration=2.65
[2026-09-17 17:38:32] SCAN_TF_SLOW | scan_one_tf[H12] ใช้เวลา 2.91s > 2s | tf=H12 | duration=2.91
[2026-09-17 17:38:33] SCAN_TF_SLOW | scan_one_tf[D1] ใช้เวลา 3.21s > 2s | tf=D1 | duration=3.21
[2026-09-17 17:38:33] SCAN_SLOW | scan cycle ใช้เวลา 3.25s > 3s | breakdown=sl_tp_hits=0.00s cancel_pending=0.00s engulf_trail_sl=0.00s opposite_order_tp=0.00s entry_candle_quality=0.00s s3_maru_pending=0.00s fvg_pending=0.00s pb_pending=0.00s s12_management=0.00s scan_all_tf=3.24s export_trend_state=0.01s
[2026-09-17 17:38:38] SCAN_TF_SLOW | scan_one_tf[H1] ใช้เวลา 2.03s > 2s | tf=H1 | duration=2.03
[2026-09-17 17:38:38] SCAN_TF_SLOW | scan_one_tf[H4] ใช้เวลา 2.62s > 2s | tf=H4 | duration=2.62
[2026-09-17 17:38:38] SCAN_TF_SLOW | scan_one_tf[H12] ใช้เวลา 2.85s > 2s | tf=H12 | duration=2.85
[2026-09-17 17:38:39] SCAN_TF_SLOW | scan_one_tf[D1] ใช้เวลา 3.13s > 2s | tf=D1 | duration=3.13
[2026-09-17 17:38:39] SCAN_SLOW | scan cycle ใช้เวลา 3.17s > 3s | breakdown=sl_tp_hits=0.00s cancel_pending=0.00s engulf_trail_sl=0.00s opposite_order_tp=0.00s entry_candle_quality=0.00s s3_maru_pending=0.00s fvg_pending=0.00s pb_pending=0.00s s12_management=0.00s scan_all_tf=3.16s export_trend_state=0.00s
[2026-09-17 17:38:43] SCAN_TF_SLOW | scan_one_tf[H4] ใช้เวลา 2.38s > 2s | tf=H4 | duration=2.38
[2026-09-17 17:38:43] SCAN_TF_SLOW | scan_one_tf[H12] ใช้เวลา 2.62s > 2s | tf=H12 | duration=2.62
[2026-09-17 17:38:43] SCAN_TF_SLOW | scan_one_tf[D1] ใช้เวลา 2.89s > 2s | tf=D1 | duration=2.89
[2026-09-17 17:38:48] SCAN_TF_SLOW | scan_one_tf[H4] ใช้เวลา 2.52s > 2s | tf=H4 | duration=2.52
[2026-09-17 17:38:48] SCAN_TF_SLOW | scan_one_tf[H12] ใช้เวลา 2.77s > 2s | tf=H12 | duration=2.77
[2026-09-17 17:38:49] SCAN_TF_SLOW | scan_one_tf[D1] ใช้เวลา 3.04s > 2s | tf=D1 | duration=3.04
[2026-09-17 17:38:49] SCAN_SLOW | scan cycle ใช้เวลา 3.07s > 3s | breakdown=sl_tp_hits=0.00s cancel_pending=0.00s engulf_trail_sl=0.00s opposite_order_tp=0.00s entry_candle_quality=0.00s s3_maru_pending=0.00s fvg_pending=0.00s pb_pending=0.00s s12_management=0.00s scan_all_tf=3.06s export_trend_state=0.01s
[2026-09-17 17:38:53] SCAN_TF_SLOW | scan_one_tf[H4] ใช้เวลา 2.26s > 2s | tf=H4 | duration=2.26
[2026-09-17 17:38:53] SCAN_TF_SLOW | scan_one_tf[H12] ใช้เวลา 2.50s > 2s | tf=H12 | duration=2.5
[2026-09-17 17:38:53] SCAN_TF_SLOW | scan_one_tf[D1] ใช้เวลา 2.76s > 2s | tf=D1 | duration=2.76
[2026-09-17 17:38:58] SCAN_TF_SLOW | scan_one_tf[H1] ใช้เวลา 2.32s > 2s | tf=H1 | duration=2.32
[2026-09-17 17:38:58] SCAN_TF_SLOW | scan_one_tf[H4] ใช้เวลา 2.91s > 2s | tf=H4 | duration=2.91
[2026-09-17 17:38:59] SCAN_TF_SLOW | scan_one_tf[H12] ใช้เวลา 3.18s > 2s | tf=H12 | duration=3.18
[2026-09-17 17:38:59] SCAN_TF_SLOW | scan_one_tf[D1] ใช้เวลา 3.46s > 2s | tf=D1 | duration=3.46
[2026-09-17 17:38:59] SCAN_SLOW | scan cycle ใช้เวลา 3.50s > 3s | breakdown=sl_tp_hits=0.00s cancel_pending=0.00s engulf_trail_sl=0.00s opposite_order_tp=0.00s entry_candle_quality=0.00s s3_maru_pending=0.00s fvg_pending=0.00s pb_pending=0.00s s12_management=0.00s scan_all_tf=3.49s export_trend_state=0.01s
[2026-09-17 17:39:03] SCAN_TF_SLOW | scan_one_tf[H4] ใช้เวลา 2.18s > 2s | tf=H4 | duration=2.18
[2026-09-17 17:39:03] SCAN_TF_SLOW | scan_one_tf[H12] ใช้เวลา 2.39s > 2s | tf=H12 | duration=2.39
[2026-09-17 17:39:03] SCAN_TF_SLOW | scan_one_tf[D1] ใช้เวลา 2.62s > 2s | tf=D1 | duration=2.62
[2026-09-17 17:39:08] SCAN_TF_SLOW | scan_one_tf[H1] ใช้เวลา 2.04s > 2s | tf=H1 | duration=2.04
[2026-09-17 17:39:08] SCAN_TF_SLOW | scan_one_tf[H4] ใช้เวลา 2.79s > 2s | tf=H4 | duration=2.79
[2026-09-17 17:39:08] SYMBOL_CHECK | XAUUSDm trade_mode=4 xau_open=True | trade_mode=4 | tick_time=1789641549 | bid=4316.449 | ask=4316.709 | tick_ok=True | xau_open=True | current_symbol=XAUUSDm | startup=False
[2026-09-17 17:39:09] SCAN_TF_SLOW | scan_one_tf[H12] ใช้เวลา 3.08s > 2s | tf=H12 | duration=3.08
[2026-09-17 17:39:09] SCAN_TF_SLOW | scan_one_tf[D1] ใช้เวลา 3.38s > 2s | tf=D1 | duration=3.38
[2026-09-17 17:39:09] SCAN_SLOW | scan cycle ใช้เวลา 3.43s > 3s | breakdown=sl_tp_hits=0.00s cancel_pending=0.00s engulf_trail_sl=0.00s opposite_order_tp=0.00s entry_candle_quality=0.00s s3_maru_pending=0.00s fvg_pending=0.00s pb_pending=0.00s s12_management=0.00s scan_all_tf=3.42s export_trend_state=0.01s
[2026-09-17 17:39:13] SCAN_TF_SLOW | scan_one_tf[H1] ใช้เวลา 2.38s > 2s | tf=H1 | duration=2.38
[2026-09-17 17:39:14] SCAN_TF_SLOW | scan_one_tf[H4] ใช้เวลา 3.08s > 2s | tf=H4 | duration=3.08
[2026-09-17 17:39:14] SCAN_TF_SLOW | scan_one_tf[H12] ใช้เวลา 3.35s > 2s | tf=H12 | duration=3.35
[2026-09-17 17:39:14] SCAN_TF_SLOW | scan_one_tf[D1] ใช้เวลา 3.62s > 2s | tf=D1 | duration=3.62
[2026-09-17 17:39:14] SCAN_SLOW | scan cycle ใช้เวลา 3.66s > 3s | breakdown=sl_tp_hits=0.00s cancel_pending=0.00s engulf_trail_sl=0.00s opposite_order_tp=0.00s entry_candle_quality=0.00s s3_maru_pending=0.00s fvg_pending=0.00s pb_pending=0.00s s12_management=0.00s scan_all_tf=3.65s export_trend_state=0.01s
[2026-09-17 17:39:18] SCAN_TF_SLOW | scan_one_tf[M30] ใช้เวลา 2.30s > 2s | tf=M30 | duration=2.3
[2026-09-17 17:39:19] SCAN_TF_SLOW | scan_one_tf[H1] ใช้เวลา 3.13s > 2s | tf=H1 | duration=3.13
[2026-09-17 17:39:19] SCAN_TF_SLOW | scan_one_tf[H4] ใช้เวลา 3.84s > 2s | tf=H4 | duration=3.84
[2026-09-17 17:39:20] SCAN_TF_SLOW | scan_one_tf[H12] ใช้เวลา 4.10s > 2s | tf=H12 | duration=4.1
[2026-09-17 17:39:20] SCAN_TF_SLOW | scan_one_tf[D1] ใช้เวลา 4.37s > 2s | tf=D1 | duration=4.37
[2026-09-17 17:39:20] SCAN_SLOW | scan cycle ใช้เวลา 4.41s > 3s | breakdown=sl_tp_hits=0.00s cancel_pending=0.00s engulf_trail_sl=0.00s opposite_order_tp=0.00s entry_candle_quality=0.00s s3_maru_pending=0.00s fvg_pending=0.00s pb_pending=0.00s s12_management=0.00s scan_all_tf=4.40s export_trend_state=0.01s
[2026-09-17 17:39:22] SCAN_TF_SLOW | scan_one_tf[H4] ใช้เวลา 2.45s > 2s | tf=H4 | duration=2.45
[2026-09-17 17:39:22] SCAN_TF_SLOW | scan_one_tf[H12] ใช้เวลา 2.69s > 2s | tf=H12 | duration=2.69
[2026-09-17 17:39:22] SCAN_TF_SLOW | scan_one_tf[D1] ใช้เวลา 2.99s > 2s | tf=D1 | duration=2.99
[2026-09-17 17:39:22] SCAN_SLOW | scan cycle ใช้เวลา 3.03s > 3s | breakdown=sl_tp_hits=0.00s cancel_pending=0.00s engulf_trail_sl=0.00s opposite_order_tp=0.00s entry_candle_quality=0.00s s3_maru_pending=0.00s fvg_pending=0.00s pb_pending=0.00s s12_management=0.00s scan_all_tf=3.02s export_trend_state=0.01s
[2026-09-17 17:39:26] SCAN_TF_SLOW | scan_one_tf[H4] ใช้เวลา 2.26s > 2s | tf=H4 | duration=2.26
[2026-09-17 17:39:27] SCAN_TF_SLOW | scan_one_tf[H12] ใช้เวลา 2.52s > 2s | tf=H12 | duration=2.52
[2026-09-17 17:39:27] SCAN_TF_SLOW | scan_one_tf[D1] ใช้เวลา 2.79s > 2s | tf=D1 | duration=2.79
[2026-09-17 17:39:31] SCAN_TF_SLOW | scan_one_tf[H4] ใช้เวลา 2.24s > 2s | tf=H4 | duration=2.24
[2026-09-17 17:39:32] SCAN_TF_SLOW | scan_one_tf[H12] ใช้เวลา 2.49s > 2s | tf=H12 | duration=2.49
[2026-09-17 17:39:32] SCAN_TF_SLOW | scan_one_tf[D1] ใช้เวลา 2.76s > 2s | tf=D1 | duration=2.76
[2026-09-17 17:39:36] SCAN_TF_SLOW | scan_one_tf[H4] ใช้เวลา 2.34s > 2s | tf=H4 | duration=2.34
[2026-09-17 17:39:37] SCAN_TF_SLOW | scan_one_tf[H12] ใช้เวลา 2.58s > 2s | tf=H12 | duration=2.58
[2026-09-17 17:39:37] SCAN_TF_SLOW | scan_one_tf[D1] ใช้เวลา 2.89s > 2s | tf=D1 | duration=2.89
[2026-09-17 17:39:41] SCAN_TF_SLOW | scan_one_tf[H4] ใช้เวลา 2.56s > 2s | tf=H4 | duration=2.56
[2026-09-17 17:39:42] SCAN_TF_SLOW | scan_one_tf[H12] ใช้เวลา 2.81s > 2s | tf=H12 | duration=2.81
[2026-09-17 17:39:42] SCAN_TF_SLOW | scan_one_tf[D1] ใช้เวลา 3.09s > 2s | tf=D1 | duration=3.09
[2026-09-17 17:39:42] SCAN_SLOW | scan cycle ใช้เวลา 3.13s > 3s | breakdown=sl_tp_hits=0.00s cancel_pending=0.00s engulf_trail_sl=0.00s opposite_order_tp=0.00s entry_candle_quality=0.00s s3_maru_pending=0.00s fvg_pending=0.00s pb_pending=0.00s s12_management=0.00s scan_all_tf=3.12s export_trend_state=0.01s
[2026-09-17 17:39:46] SCAN_TF_SLOW | scan_one_tf[H1] ใช้เวลา 2.07s > 2s | tf=H1 | duration=2.07
[2026-09-17 17:39:47] SCAN_TF_SLOW | scan_one_tf[H4] ใช้เวลา 2.73s > 2s | tf=H4 | duration=2.73
[2026-09-17 17:39:47] SCAN_TF_SLOW | scan_one_tf[H12] ใช้เวลา 3.02s > 2s | tf=H12 | duration=3.02
[2026-09-17 17:39:47] SCAN_TF_SLOW | scan_one_tf[D1] ใช้เวลา 3.31s > 2s | tf=D1 | duration=3.31
[2026-09-17 17:39:47] SCAN_SLOW | scan cycle ใช้เวลา 3.35s > 3s | breakdown=sl_tp_hits=0.00s cancel_pending=0.00s engulf_trail_sl=0.00s opposite_order_tp=0.00s entry_candle_quality=0.00s s3_maru_pending=0.00s fvg_pending=0.00s pb_pending=0.00s s12_management=0.00s scan_all_tf=3.34s export_trend_state=0.01s
[2026-09-17 17:39:51] SCAN_TF_SLOW | scan_one_tf[H1] ใช้เวลา 2.24s > 2s | tf=H1 | duration=2.24
[2026-09-17 17:39:53] SCAN_TF_SLOW | scan_one_tf[H4] ใช้เวลา 2.95s > 2s | tf=H4 | duration=2.95
[2026-09-17 17:39:53] SCAN_TF_SLOW | scan_one_tf[H12] ใช้เวลา 3.24s > 2s | tf=H12 | duration=3.24
[2026-09-17 17:39:53] SCAN_TF_SLOW | scan_one_tf[D1] ใช้เวลา 3.50s > 2s | tf=D1 | duration=3.5
[2026-09-17 17:39:53] SCAN_SLOW | scan cycle ใช้เวลา 3.54s > 3s | breakdown=sl_tp_hits=0.00s cancel_pending=0.00s engulf_trail_sl=0.00s opposite_order_tp=0.00s entry_candle_quality=0.00s s3_maru_pending=0.00s fvg_pending=0.00s pb_pending=0.00s s12_management=0.00s scan_all_tf=3.53s export_trend_state=0.01s
[2026-09-17 17:39:57] SCAN_TF_SLOW | scan_one_tf[H1] ใช้เวลา 2.01s > 2s | tf=H1 | duration=2.01
[2026-09-17 17:39:57] SCAN_TF_SLOW | scan_one_tf[H4] ใช้เวลา 2.64s > 2s | tf=H4 | duration=2.64
[2026-09-17 17:39:57] SCAN_TF_SLOW | scan_one_tf[H12] ใช้เวลา 2.91s > 2s | tf=H12 | duration=2.91
[2026-09-17 17:39:58] SCAN_TF_SLOW | scan_one_tf[D1] ใช้เวลา 3.22s > 2s | tf=D1 | duration=3.22
[2026-09-17 17:39:58] SCAN_SLOW | scan cycle ใช้เวลา 3.26s > 3s | breakdown=sl_tp_hits=0.00s cancel_pending=0.00s engulf_trail_sl=0.00s opposite_order_tp=0.00s entry_candle_quality=0.00s s3_maru_pending=0.00s fvg_pending=0.00s pb_pending=0.00s s12_management=0.00s scan_all_tf=3.24s export_trend_state=0.01s
[2026-09-17 17:40:02] SCAN_TF_SLOW | scan_one_tf[H1] ใช้เวลา 2.12s > 2s | tf=H1 | duration=2.12
[2026-09-17 17:40:02] SCAN_TF_SLOW | scan_one_tf[H4] ใช้เวลา 2.74s > 2s | tf=H4 | duration=2.74
[2026-09-17 17:40:03] SCAN_TF_SLOW | scan_one_tf[H12] ใช้เวลา 2.99s > 2s | tf=H12 | duration=2.99
[2026-09-17 17:40:03] SCAN_TF_SLOW | scan_one_tf[D1] ใช้เวลา 3.27s > 2s | tf=D1 | duration=3.27
[2026-09-17 17:40:03] SCAN_SLOW | scan cycle ใช้เวลา 3.32s > 3s | breakdown=sl_tp_hits=0.00s cancel_pending=0.00s engulf_trail_sl=0.00s opposite_order_tp=0.00s entry_candle_quality=0.00s s3_maru_pending=0.00s fvg_pending=0.00s pb_pending=0.00s s12_management=0.00s scan_all_tf=3.31s export_trend_state=0.01s
[2026-09-17 17:40:07] SCAN_TF_SLOW | scan_one_tf[H1] ใช้เวลา 2.20s > 2s | tf=H1 | duration=2.2
[2026-09-17 17:40:07] SCAN_TF_SLOW | scan_one_tf[H4] ใช้เวลา 2.82s > 2s | tf=H4 | duration=2.82
[2026-09-17 17:40:07] SYMBOL_CHECK | XAUUSDm trade_mode=4 xau_open=True | trade_mode=4 | tick_time=1789641607 | bid=4316.689 | ask=4316.949 | tick_ok=True | xau_open=True | current_symbol=XAUUSDm | startup=False
[2026-09-17 17:40:07] SCAN_TF_SLOW | scan_one_tf[H12] ใช้เวลา 3.09s > 2s | tf=H12 | duration=3.09
[2026-09-17 17:40:07] SCAN_TF_SLOW | scan_one_tf[D1] ใช้เวลา 3.36s > 2s | tf=D1 | duration=3.36
[2026-09-17 17:40:07] SCAN_SLOW | scan cycle ใช้เวลา 3.40s > 3s | breakdown=sl_tp_hits=0.00s cancel_pending=0.00s engulf_trail_sl=0.00s opposite_order_tp=0.00s entry_candle_quality=0.00s s3_maru_pending=0.00s fvg_pending=0.00s pb_pending=0.00s s12_management=0.00s scan_all_tf=3.39s export_trend_state=0.01s
[2026-09-17 17:40:11] SCAN_TF_SLOW | scan_one_tf[H1] ใช้เวลา 2.04s > 2s | tf=H1 | duration=2.04
[2026-09-17 17:40:11] SCAN_TF_SLOW | scan_one_tf[H4] ใช้เวลา 2.69s > 2s | tf=H4 | duration=2.69
[2026-09-17 17:40:11] SCAN_TF_SLOW | scan_one_tf[H12] ใช้เวลา 2.95s > 2s | tf=H12 | duration=2.95
[2026-09-17 17:40:12] SCAN_TF_SLOW | scan_one_tf[D1] ใช้เวลา 3.24s > 2s | tf=D1 | duration=3.24
[2026-09-17 17:40:12] SCAN_SLOW | scan cycle ใช้เวลา 3.28s > 3s | breakdown=sl_tp_hits=0.00s cancel_pending=0.00s engulf_trail_sl=0.00s opposite_order_tp=0.00s entry_candle_quality=0.00s s3_maru_pending=0.00s fvg_pending=0.00s pb_pending=0.00s s12_management=0.00s scan_all_tf=3.26s export_trend_state=0.01s
[2026-09-17 17:40:16] SCAN_TF_SLOW | scan_one_tf[H1] ใช้เวลา 2.15s > 2s | tf=H1 | duration=2.15
[2026-09-17 17:40:16] SCAN_TF_SLOW | scan_one_tf[H4] ใช้เวลา 2.77s > 2s | tf=H4 | duration=2.77
[2026-09-17 17:40:17] SCAN_TF_SLOW | scan_one_tf[H12] ใช้เวลา 3.03s > 2s | tf=H12 | duration=3.03
[2026-09-17 17:40:17] SCAN_TF_SLOW | scan_one_tf[D1] ใช้เวลา 3.29s > 2s | tf=D1 | duration=3.29
[2026-09-17 17:40:17] SCAN_SLOW | scan cycle ใช้เวลา 3.34s > 3s | breakdown=sl_tp_hits=0.00s cancel_pending=0.00s engulf_trail_sl=0.00s opposite_order_tp=0.00s entry_candle_quality=0.00s s3_maru_pending=0.00s fvg_pending=0.00s pb_pending=0.00s s12_management=0.00s scan_all_tf=3.32s export_trend_state=0.01s
[2026-09-17 17:40:21] SCAN_TF_SLOW | scan_one_tf[H1] ใช้เวลา 2.18s > 2s | tf=H1 | duration=2.18
[2026-09-17 17:40:21] SCAN_TF_SLOW | scan_one_tf[H4] ใช้เวลา 2.81s > 2s | tf=H4 | duration=2.81
[2026-09-17 17:40:24] SCAN_TF_SLOW | scan_one_tf[H12] ใช้เวลา 3.09s > 2s | tf=H12 | duration=3.09
[2026-09-17 17:40:24] SCAN_TF_SLOW | scan_one_tf[D1] ใช้เวลา 3.36s > 2s | tf=D1 | duration=3.36
[2026-09-17 17:40:24] SCAN_SLOW | scan cycle ใช้เวลา 3.41s > 3s | breakdown=sl_tp_hits=0.00s cancel_pending=0.00s engulf_trail_sl=0.00s opposite_order_tp=0.00s entry_candle_quality=0.00s s3_maru_pending=0.00s fvg_pending=0.00s pb_pending=0.00s s12_management=0.00s scan_all_tf=3.40s export_trend_state=0.01s
[2026-09-17 17:40:28] SCAN_TF_SLOW | scan_one_tf[H1] ใช้เวลา 2.36s > 2s | tf=H1 | duration=2.36
[2026-09-17 17:40:29] SCAN_TF_SLOW | scan_one_tf[H4] ใช้เวลา 3.02s > 2s | tf=H4 | duration=3.02
[2026-09-17 17:40:29] SCAN_TF_SLOW | scan_one_tf[H12] ใช้เวลา 3.30s > 2s | tf=H12 | duration=3.3
[2026-09-17 17:40:29] SCAN_TF_SLOW | scan_one_tf[D1] ใช้เวลา 3.58s > 2s | tf=D1 | duration=3.58
[2026-09-17 17:40:29] SCAN_SLOW | scan cycle ใช้เวลา 3.62s > 3s | breakdown=sl_tp_hits=0.00s cancel_pending=0.00s engulf_trail_sl=0.00s opposite_order_tp=0.00s entry_candle_quality=0.00s s3_maru_pending=0.00s fvg_pending=0.00s pb_pending=0.00s s12_management=0.00s scan_all_tf=3.61s export_trend_state=0.01s
[2026-09-17 17:40:33] SCAN_TF_SLOW | scan_one_tf[H1] ใช้เวลา 2.05s > 2s | tf=H1 | duration=2.05
[2026-09-17 17:40:33] SCAN_TF_SLOW | scan_one_tf[H4] ใช้เวลา 2.67s > 2s | tf=H4 | duration=2.67
[2026-09-17 17:40:33] SCAN_TF_SLOW | scan_one_tf[H12] ใช้เวลา 2.93s > 2s | tf=H12 | duration=2.93
[2026-09-17 17:40:34] SCAN_TF_SLOW | scan_one_tf[D1] ใช้เวลา 3.24s > 2s | tf=D1 | duration=3.24
[2026-09-17 17:40:34] SCAN_SLOW | scan cycle ใช้เวลา 3.27s > 3s | breakdown=sl_tp_hits=0.00s cancel_pending=0.00s engulf_trail_sl=0.00s opposite_order_tp=0.00s entry_candle_quality=0.00s s3_maru_pending=0.00s fvg_pending=0.00s pb_pending=0.00s s12_management=0.00s scan_all_tf=3.26s export_trend_state=0.01s
[2026-09-17 17:40:38] SCAN_TF_SLOW | scan_one_tf[H1] ใช้เวลา 2.52s > 2s | tf=H1 | duration=2.52
[2026-09-17 17:40:38] SCAN_TF_SLOW | scan_one_tf[H4] ใช้เวลา 3.19s > 2s | tf=H4 | duration=3.19
[2026-09-17 17:40:38] SCAN_TF_SLOW | scan_one_tf[H12] ใช้เวลา 3.46s > 2s | tf=H12 | duration=3.46
[2026-09-17 17:40:38] SCAN_TF_SLOW | scan_one_tf[D1] ใช้เวลา 3.74s > 2s | tf=D1 | duration=3.74
[2026-09-17 17:40:38] SCAN_SLOW | scan cycle ใช้เวลา 3.79s > 3s | breakdown=sl_tp_hits=0.00s cancel_pending=0.00s engulf_trail_sl=0.00s opposite_order_tp=0.00s entry_candle_quality=0.00s s3_maru_pending=0.00s fvg_pending=0.00s pb_pending=0.00s s12_management=0.00s scan_all_tf=3.77s export_trend_state=0.01s
[2026-09-17 17:40:42] SCAN_TF_SLOW | scan_one_tf[H1] ใช้เวลา 2.24s > 2s | tf=H1 | duration=2.24
[2026-09-17 17:40:42] SCAN_TF_SLOW | scan_one_tf[H4] ใช้เวลา 2.86s > 2s | tf=H4 | duration=2.86
[2026-09-17 17:40:42] SCAN_TF_SLOW | scan_one_tf[H12] ใช้เวลา 3.13s > 2s | tf=H12 | duration=3.13
[2026-09-17 17:40:43] SCAN_TF_SLOW | scan_one_tf[D1] ใช้เวลา 3.42s > 2s | tf=D1 | duration=3.42
[2026-09-17 17:40:43] SCAN_SLOW | scan cycle ใช้เวลา 3.46s > 3s | breakdown=sl_tp_hits=0.00s cancel_pending=0.00s engulf_trail_sl=0.00s opposite_order_tp=0.00s entry_candle_quality=0.00s s3_maru_pending=0.00s fvg_pending=0.00s pb_pending=0.00s s12_management=0.00s scan_all_tf=3.45s export_trend_state=0.01s
[2026-09-17 17:40:47] SCAN_TF_SLOW | scan_one_tf[H1] ใช้เวลา 2.32s > 2s | tf=H1 | duration=2.32
[2026-09-17 17:40:47] SCAN_TF_SLOW | scan_one_tf[H4] ใช้เวลา 2.98s > 2s | tf=H4 | duration=2.98
[2026-09-17 17:40:48] SCAN_TF_SLOW | scan_one_tf[H12] ใช้เวลา 3.25s > 2s | tf=H12 | duration=3.25
[2026-09-17 17:40:48] SCAN_TF_SLOW | scan_one_tf[D1] ใช้เวลา 3.52s > 2s | tf=D1 | duration=3.52
[2026-09-17 17:40:48] SCAN_SLOW | scan cycle ใช้เวลา 3.57s > 3s | breakdown=sl_tp_hits=0.00s cancel_pending=0.00s engulf_trail_sl=0.00s opposite_order_tp=0.00s entry_candle_quality=0.00s s3_maru_pending=0.00s fvg_pending=0.00s pb_pending=0.00s s12_management=0.00s scan_all_tf=3.56s export_trend_state=0.01s
[2026-09-17 17:40:52] SCAN_TF_SLOW | scan_one_tf[H1] ใช้เวลา 2.37s > 2s | tf=H1 | duration=2.37
[2026-09-17 17:40:52] SCAN_TF_SLOW | scan_one_tf[H4] ใช้เวลา 3.03s > 2s | tf=H4 | duration=3.03
[2026-09-17 17:40:53] SCAN_TF_SLOW | scan_one_tf[H12] ใช้เวลา 3.30s > 2s | tf=H12 | duration=3.3
[2026-09-17 17:40:53] SCAN_TF_SLOW | scan_one_tf[D1] ใช้เวลา 3.59s > 2s | tf=D1 | duration=3.59
[2026-09-17 17:40:53] SCAN_SLOW | scan cycle ใช้เวลา 3.63s > 3s | breakdown=sl_tp_hits=0.00s cancel_pending=0.00s engulf_trail_sl=0.00s opposite_order_tp=0.00s entry_candle_quality=0.00s s3_maru_pending=0.00s fvg_pending=0.00s pb_pending=0.00s s12_management=0.00s scan_all_tf=3.62s export_trend_state=0.01s
[2026-09-17 17:40:56] SCAN_TF_SLOW | scan_one_tf[H1] ใช้เวลา 2.15s > 2s | tf=H1 | duration=2.15
[2026-09-17 17:40:57] SCAN_TF_SLOW | scan_one_tf[H4] ใช้เวลา 2.87s > 2s | tf=H4 | duration=2.87
[2026-09-17 17:40:57] SCAN_TF_SLOW | scan_one_tf[H12] ใช้เวลา 3.16s > 2s | tf=H12 | duration=3.16
[2026-09-17 17:40:58] SCAN_TF_SLOW | scan_one_tf[D1] ใช้เวลา 3.45s > 2s | tf=D1 | duration=3.45
[2026-09-17 17:40:58] SCAN_SLOW | scan cycle ใช้เวลา 3.49s > 3s | breakdown=sl_tp_hits=0.00s cancel_pending=0.00s engulf_trail_sl=0.00s opposite_order_tp=0.00s entry_candle_quality=0.00s s3_maru_pending=0.00s fvg_pending=0.00s pb_pending=0.00s s12_management=0.00s scan_all_tf=3.48s export_trend_state=0.01s
[2026-09-17 17:41:02] SCAN_TF_SLOW | scan_one_tf[H1] ใช้เวลา 2.32s > 2s | tf=H1 | duration=2.32
[2026-09-17 17:41:02] SCAN_TF_SLOW | scan_one_tf[H4] ใช้เวลา 2.98s > 2s | tf=H4 | duration=2.98
[2026-09-17 17:41:02] SCAN_TF_SLOW | scan_one_tf[H12] ใช้เวลา 3.26s > 2s | tf=H12 | duration=3.26
[2026-09-17 17:41:03] SCAN_TF_SLOW | scan_one_tf[D1] ใช้เวลา 3.54s > 2s | tf=D1 | duration=3.54
[2026-09-17 17:41:03] SCAN_SLOW | scan cycle ใช้เวลา 3.58s > 3s | breakdown=sl_tp_hits=0.00s cancel_pending=0.00s engulf_trail_sl=0.00s opposite_order_tp=0.00s entry_candle_quality=0.00s s3_maru_pending=0.00s fvg_pending=0.00s pb_pending=0.00s s12_management=0.00s scan_all_tf=3.57s export_trend_state=0.01s
[2026-09-17 17:41:06] SCAN_TF_SLOW | scan_one_tf[H1] ใช้เวลา 2.21s > 2s | tf=H1 | duration=2.21
[2026-09-17 17:41:07] SCAN_TF_SLOW | scan_one_tf[H4] ใช้เวลา 2.89s > 2s | tf=H4 | duration=2.89
[2026-09-17 17:41:07] SYMBOL_CHECK | XAUUSDm trade_mode=4 xau_open=True | trade_mode=4 | tick_time=1789641668 | bid=4315.477 | ask=4315.737 | tick_ok=True | xau_open=True | current_symbol=XAUUSDm | startup=False
[2026-09-17 17:41:07] SCAN_TF_SLOW | scan_one_tf[H12] ใช้เวลา 3.20s > 2s | tf=H12 | duration=3.2
[2026-09-17 17:41:09] SCAN_TF_SLOW | scan_one_tf[D1] ใช้เวลา 3.48s > 2s | tf=D1 | duration=3.48
[2026-09-17 17:41:09] SCAN_SLOW | scan cycle ใช้เวลา 3.52s > 3s | breakdown=sl_tp_hits=0.00s cancel_pending=0.00s engulf_trail_sl=0.00s opposite_order_tp=0.00s entry_candle_quality=0.00s s3_maru_pending=0.00s fvg_pending=0.00s pb_pending=0.00s s12_management=0.00s scan_all_tf=3.51s export_trend_state=0.01s
[2026-09-17 17:41:12] SCAN_TF_SLOW | scan_one_tf[H1] ใช้เวลา 2.13s > 2s | tf=H1 | duration=2.13
[2026-09-17 17:41:13] SCAN_TF_SLOW | scan_one_tf[H4] ใช้เวลา 2.76s > 2s | tf=H4 | duration=2.76
[2026-09-17 17:41:13] SCAN_TF_SLOW | scan_one_tf[H12] ใช้เวลา 3.03s > 2s | tf=H12 | duration=3.03
[2026-09-17 17:41:13] SCAN_TF_SLOW | scan_one_tf[D1] ใช้เวลา 3.31s > 2s | tf=D1 | duration=3.31
[2026-09-17 17:41:13] SCAN_SLOW | scan cycle ใช้เวลา 3.35s > 3s | breakdown=sl_tp_hits=0.00s cancel_pending=0.00s engulf_trail_sl=0.00s opposite_order_tp=0.00s entry_candle_quality=0.00s s3_maru_pending=0.00s fvg_pending=0.00s pb_pending=0.00s s12_management=0.00s scan_all_tf=3.34s export_trend_state=0.01s
[2026-09-17 17:41:17] SCAN_TF_SLOW | scan_one_tf[H1] ใช้เวลา 2.01s > 2s | tf=H1 | duration=2.01
[2026-09-17 17:41:18] SCAN_TF_SLOW | scan_one_tf[H4] ใช้เวลา 2.77s > 2s | tf=H4 | duration=2.77
[2026-09-17 17:41:18] SCAN_TF_SLOW | scan_one_tf[H12] ใช้เวลา 3.06s > 2s | tf=H12 | duration=3.06
[2026-09-17 17:41:18] SCAN_TF_SLOW | scan_one_tf[D1] ใช้เวลา 3.34s > 2s | tf=D1 | duration=3.34
[2026-09-17 17:41:18] SCAN_SLOW | scan cycle ใช้เวลา 3.38s > 3s | breakdown=sl_tp_hits=0.00s cancel_pending=0.00s engulf_trail_sl=0.00s opposite_order_tp=0.00s entry_candle_quality=0.00s s3_maru_pending=0.00s fvg_pending=0.00s pb_pending=0.00s s12_management=0.00s scan_all_tf=3.37s export_trend_state=0.01s
[2026-09-17 17:41:22] SCAN_TF_SLOW | scan_one_tf[H1] ใช้เวลา 2.25s > 2s | tf=H1 | duration=2.25
[2026-09-17 17:41:23] SCAN_TF_SLOW | scan_one_tf[H4] ใช้เวลา 2.92s > 2s | tf=H4 | duration=2.92
[2026-09-17 17:41:23] SCAN_TF_SLOW | scan_one_tf[H12] ใช้เวลา 3.22s > 2s | tf=H12 | duration=3.22
[2026-09-17 17:41:23] SCAN_TF_SLOW | scan_one_tf[D1] ใช้เวลา 3.50s > 2s | tf=D1 | duration=3.5
[2026-09-17 17:41:23] SCAN_SLOW | scan cycle ใช้เวลา 3.54s > 3s | breakdown=sl_tp_hits=0.00s cancel_pending=0.00s engulf_trail_sl=0.00s opposite_order_tp=0.00s entry_candle_quality=0.00s s3_maru_pending=0.00s fvg_pending=0.00s pb_pending=0.00s s12_management=0.00s scan_all_tf=3.53s export_trend_state=0.01s
[2026-09-17 17:41:26] SCAN_TF_SLOW | scan_one_tf[H1] ใช้เวลา 2.10s > 2s | tf=H1 | duration=2.1
[2026-09-17 17:41:27] SCAN_TF_SLOW | scan_one_tf[H4] ใช้เวลา 2.74s > 2s | tf=H4 | duration=2.74
[2026-09-17 17:41:27] SCAN_TF_SLOW | scan_one_tf[H12] ใช้เวลา 3.03s > 2s | tf=H12 | duration=3.03
[2026-09-17 17:41:27] SCAN_TF_SLOW | scan_one_tf[D1] ใช้เวลา 3.33s > 2s | tf=D1 | duration=3.33
[2026-09-17 17:41:27] SCAN_SLOW | scan cycle ใช้เวลา 3.37s > 3s | breakdown=sl_tp_hits=0.00s cancel_pending=0.00s engulf_trail_sl=0.00s opposite_order_tp=0.00s entry_candle_quality=0.00s s3_maru_pending=0.00s fvg_pending=0.00s pb_pending=0.00s s12_management=0.00s scan_all_tf=3.36s export_trend_state=0.01s
[2026-09-17 17:41:31] SCAN_TF_SLOW | scan_one_tf[H1] ใช้เวลา 2.17s > 2s | tf=H1 | duration=2.17
[2026-09-17 17:41:32] SCAN_TF_SLOW | scan_one_tf[H4] ใช้เวลา 2.84s > 2s | tf=H4 | duration=2.84
[2026-09-17 17:41:32] SCAN_TF_SLOW | scan_one_tf[H12] ใช้เวลา 3.12s > 2s | tf=H12 | duration=3.12
[2026-09-17 17:41:32] SCAN_TF_SLOW | scan_one_tf[D1] ใช้เวลา 3.41s > 2s | tf=D1 | duration=3.41
[2026-09-17 17:41:32] SCAN_SLOW | scan cycle ใช้เวลา 3.45s > 3s | breakdown=sl_tp_hits=0.00s cancel_pending=0.00s engulf_trail_sl=0.00s opposite_order_tp=0.00s entry_candle_quality=0.00s s3_maru_pending=0.00s fvg_pending=0.00s pb_pending=0.00s s12_management=0.00s scan_all_tf=3.44s export_trend_state=0.01s
[2026-09-17 17:41:36] SCAN_TF_SLOW | scan_one_tf[H1] ใช้เวลา 2.51s > 2s | tf=H1 | duration=2.51
[2026-09-17 17:41:37] SCAN_TF_SLOW | scan_one_tf[H4] ใช้เวลา 3.27s > 2s | tf=H4 | duration=3.27
[2026-09-17 17:41:39] SCAN_TF_SLOW | scan_one_tf[H12] ใช้เวลา 3.57s > 2s | tf=H12 | duration=3.57
[2026-09-17 17:41:39] SCAN_TF_SLOW | scan_one_tf[D1] ใช้เวลา 3.89s > 2s | tf=D1 | duration=3.89
[2026-09-17 17:41:39] SCAN_SLOW | scan cycle ใช้เวลา 3.93s > 3s | breakdown=sl_tp_hits=0.00s cancel_pending=0.00s engulf_trail_sl=0.00s opposite_order_tp=0.00s entry_candle_quality=0.00s s3_maru_pending=0.00s fvg_pending=0.00s pb_pending=0.00s s12_management=0.00s scan_all_tf=3.92s export_trend_state=0.01s
[2026-09-17 17:41:42] SCAN_TF_SLOW | scan_one_tf[H1] ใช้เวลา 2.35s > 2s | tf=H1 | duration=2.35
[2026-09-17 17:41:43] SCAN_TF_SLOW | scan_one_tf[H4] ใช้เวลา 3.01s > 2s | tf=H4 | duration=3.01
[2026-09-17 17:41:43] SCAN_TF_SLOW | scan_one_tf[H12] ใช้เวลา 3.28s > 2s | tf=H12 | duration=3.28
[2026-09-17 17:41:44] SCAN_TF_SLOW | scan_one_tf[D1] ใช้เวลา 3.57s > 2s | tf=D1 | duration=3.57
[2026-09-17 17:41:44] SCAN_SLOW | scan cycle ใช้เวลา 3.61s > 3s | breakdown=sl_tp_hits=0.00s cancel_pending=0.00s engulf_trail_sl=0.00s opposite_order_tp=0.00s entry_candle_quality=0.00s s3_maru_pending=0.00s fvg_pending=0.00s pb_pending=0.00s s12_management=0.00s scan_all_tf=3.60s export_trend_state=0.01s
[2026-09-17 17:41:47] SCAN_TF_SLOW | scan_one_tf[H1] ใช้เวลา 2.33s > 2s | tf=H1 | duration=2.33
[2026-09-17 17:41:48] SCAN_TF_SLOW | scan_one_tf[H4] ใช้เวลา 2.98s > 2s | tf=H4 | duration=2.98
[2026-09-17 17:41:48] SCAN_TF_SLOW | scan_one_tf[H12] ใช้เวลา 3.27s > 2s | tf=H12 | duration=3.27
[2026-09-17 17:41:49] SCAN_TF_SLOW | scan_one_tf[D1] ใช้เวลา 3.58s > 2s | tf=D1 | duration=3.58
[2026-09-17 17:41:49] SCAN_SLOW | scan cycle ใช้เวลา 3.61s > 3s | breakdown=sl_tp_hits=0.00s cancel_pending=0.00s engulf_trail_sl=0.00s opposite_order_tp=0.00s entry_candle_quality=0.00s s3_maru_pending=0.00s fvg_pending=0.00s pb_pending=0.00s s12_management=0.00s scan_all_tf=3.60s export_trend_state=0.01s
[2026-09-17 17:41:52] SCAN_TF_SLOW | scan_one_tf[H1] ใช้เวลา 2.08s > 2s | tf=H1 | duration=2.08
[2026-09-17 17:41:53] SCAN_TF_SLOW | scan_one_tf[H4] ใช้เวลา 2.76s > 2s | tf=H4 | duration=2.76
[2026-09-17 17:41:53] SCAN_TF_SLOW | scan_one_tf[H12] ใช้เวลา 3.06s > 2s | tf=H12 | duration=3.06
[2026-09-17 17:41:53] SCAN_TF_SLOW | scan_one_tf[D1] ใช้เวลา 3.36s > 2s | tf=D1 | duration=3.36
[2026-09-17 17:41:53] SCAN_SLOW | scan cycle ใช้เวลา 3.40s > 3s | breakdown=sl_tp_hits=0.00s cancel_pending=0.00s engulf_trail_sl=0.00s opposite_order_tp=0.00s entry_candle_quality=0.00s s3_maru_pending=0.00s fvg_pending=0.00s pb_pending=0.00s s12_management=0.00s scan_all_tf=3.39s export_trend_state=0.01s
[2026-09-17 17:41:58] SCAN_TF_SLOW | scan_one_tf[H1] ใช้เวลา 2.08s > 2s | tf=H1 | duration=2.08
[2026-09-17 17:41:58] SCAN_TF_SLOW | scan_one_tf[H4] ใช้เวลา 2.73s > 2s | tf=H4 | duration=2.73
[2026-09-17 17:41:59] SCAN_TF_SLOW | scan_one_tf[H12] ใช้เวลา 3.00s > 2s | tf=H12 | duration=3.0
[2026-09-17 17:41:59] SCAN_TF_SLOW | scan_one_tf[D1] ใช้เวลา 3.28s > 2s | tf=D1 | duration=3.28
[2026-09-17 17:41:59] SCAN_SLOW | scan cycle ใช้เวลา 3.31s > 3s | breakdown=sl_tp_hits=0.00s cancel_pending=0.00s engulf_trail_sl=0.00s opposite_order_tp=0.00s entry_candle_quality=0.00s s3_maru_pending=0.00s fvg_pending=0.00s pb_pending=0.00s s12_management=0.00s scan_all_tf=3.30s export_trend_state=0.01s
[2026-09-17 17:42:03] SCAN_TF_SLOW | scan_one_tf[H1] ใช้เวลา 2.13s > 2s | tf=H1 | duration=2.13
[2026-09-17 17:42:03] SCAN_TF_SLOW | scan_one_tf[H4] ใช้เวลา 2.77s > 2s | tf=H4 | duration=2.77
[2026-09-17 17:42:04] SCAN_TF_SLOW | scan_one_tf[H12] ใช้เวลา 3.05s > 2s | tf=H12 | duration=3.05
[2026-09-17 17:42:04] SCAN_TF_SLOW | scan_one_tf[D1] ใช้เวลา 3.34s > 2s | tf=D1 | duration=3.34
[2026-09-17 17:42:04] SCAN_SLOW | scan cycle ใช้เวลา 3.39s > 3s | breakdown=sl_tp_hits=0.00s cancel_pending=0.00s engulf_trail_sl=0.00s opposite_order_tp=0.00s entry_candle_quality=0.00s s3_maru_pending=0.00s fvg_pending=0.00s pb_pending=0.00s s12_management=0.00s scan_all_tf=3.38s export_trend_state=0.01s
[2026-09-17 17:42:08] SCAN_TF_SLOW | scan_one_tf[H1] ใช้เวลา 2.28s > 2s | tf=H1 | duration=2.28
[2026-09-17 17:42:08] SCAN_TF_SLOW | scan_one_tf[H4] ใช้เวลา 2.89s > 2s | tf=H4 | duration=2.89
[2026-09-17 17:42:08] SYMBOL_CHECK | XAUUSDm trade_mode=4 xau_open=True | trade_mode=4 | tick_time=1789641729 | bid=4315.07 | ask=4315.33 | tick_ok=True | xau_open=True | current_symbol=XAUUSDm | startup=False
[2026-09-17 17:42:09] SCAN_TF_SLOW | scan_one_tf[H12] ใช้เวลา 3.20s > 2s | tf=H12 | duration=3.2
[2026-09-17 17:42:09] SCAN_TF_SLOW | scan_one_tf[D1] ใช้เวลา 3.49s > 2s | tf=D1 | duration=3.49
[2026-09-17 17:42:09] SCAN_SLOW | scan cycle ใช้เวลา 3.53s > 3s | breakdown=sl_tp_hits=0.00s cancel_pending=0.00s engulf_trail_sl=0.00s opposite_order_tp=0.00s entry_candle_quality=0.00s s3_maru_pending=0.00s fvg_pending=0.00s pb_pending=0.00s s12_management=0.00s scan_all_tf=3.52s export_trend_state=0.01s
[2026-09-17 17:42:13] SCAN_TF_SLOW | scan_one_tf[H1] ใช้เวลา 2.20s > 2s | tf=H1 | duration=2.2
[2026-09-17 17:42:13] SCAN_TF_SLOW | scan_one_tf[H4] ใช้เวลา 2.83s > 2s | tf=H4 | duration=2.83
[2026-09-17 17:42:14] SCAN_TF_SLOW | scan_one_tf[H12] ใช้เวลา 3.12s > 2s | tf=H12 | duration=3.12
[2026-09-17 17:42:14] SCAN_TF_SLOW | scan_one_tf[D1] ใช้เวลา 3.40s > 2s | tf=D1 | duration=3.4
[2026-09-17 17:42:14] SCAN_SLOW | scan cycle ใช้เวลา 3.44s > 3s | breakdown=sl_tp_hits=0.00s cancel_pending=0.00s engulf_trail_sl=0.00s opposite_order_tp=0.00s entry_candle_quality=0.00s s3_maru_pending=0.00s fvg_pending=0.00s pb_pending=0.00s s12_management=0.00s scan_all_tf=3.43s export_trend_state=0.01s
[2026-09-17 17:42:18] SCAN_TF_SLOW | scan_one_tf[H1] ใช้เวลา 2.17s > 2s | tf=H1 | duration=2.17
[2026-09-17 17:42:18] SCAN_TF_SLOW | scan_one_tf[H4] ใช้เวลา 2.79s > 2s | tf=H4 | duration=2.79
[2026-09-17 17:42:19] SCAN_TF_SLOW | scan_one_tf[H12] ใช้เวลา 3.05s > 2s | tf=H12 | duration=3.05
[2026-09-17 17:42:19] SCAN_TF_SLOW | scan_one_tf[D1] ใช้เวลา 3.34s > 2s | tf=D1 | duration=3.34
[2026-09-17 17:42:19] SCAN_SLOW | scan cycle ใช้เวลา 3.38s > 3s | breakdown=sl_tp_hits=0.00s cancel_pending=0.00s engulf_trail_sl=0.00s opposite_order_tp=0.00s entry_candle_quality=0.00s s3_maru_pending=0.00s fvg_pending=0.00s pb_pending=0.00s s12_management=0.00s scan_all_tf=3.37s export_trend_state=0.01s
[2026-09-17 17:42:23] SCAN_TF_SLOW | scan_one_tf[H1] ใช้เวลา 2.16s > 2s | tf=H1 | duration=2.16
[2026-09-17 17:42:23] SCAN_TF_SLOW | scan_one_tf[H4] ใช้เวลา 2.82s > 2s | tf=H4 | duration=2.82
[2026-09-17 17:42:24] SCAN_TF_SLOW | scan_one_tf[H12] ใช้เวลา 3.11s > 2s | tf=H12 | duration=3.11
[2026-09-17 17:42:24] SCAN_TF_SLOW | scan_one_tf[D1] ใช้เวลา 3.40s > 2s | tf=D1 | duration=3.4
[2026-09-17 17:42:24] SCAN_SLOW | scan cycle ใช้เวลา 3.44s > 3s | breakdown=sl_tp_hits=0.00s cancel_pending=0.00s engulf_trail_sl=0.00s opposite_order_tp=0.00s entry_candle_quality=0.00s s3_maru_pending=0.00s fvg_pending=0.00s pb_pending=0.00s s12_management=0.00s scan_all_tf=3.43s export_trend_state=0.01s
[2026-09-17 17:42:27] SCAN_TF_SLOW | scan_one_tf[H1] ใช้เวลา 2.10s > 2s | tf=H1 | duration=2.1
[2026-09-17 17:42:27] SCAN_TF_SLOW | scan_one_tf[H4] ใช้เวลา 2.73s > 2s | tf=H4 | duration=2.73
[2026-09-17 17:42:28] SCAN_TF_SLOW | scan_one_tf[H12] ใช้เวลา 3.00s > 2s | tf=H12 | duration=3.0
[2026-09-17 17:42:28] SCAN_TF_SLOW | scan_one_tf[D1] ใช้เวลา 3.28s > 2s | tf=D1 | duration=3.28
[2026-09-17 17:42:28] SCAN_SLOW | scan cycle ใช้เวลา 3.32s > 3s | breakdown=sl_tp_hits=0.00s cancel_pending=0.00s engulf_trail_sl=0.00s opposite_order_tp=0.00s entry_candle_quality=0.00s s3_maru_pending=0.00s fvg_pending=0.00s pb_pending=0.00s s12_management=0.00s scan_all_tf=3.31s export_trend_state=0.01s
[2026-09-17 17:42:32] SCAN_TF_SLOW | scan_one_tf[H1] ใช้เวลา 2.21s > 2s | tf=H1 | duration=2.21
[2026-09-17 17:42:32] SCAN_TF_SLOW | scan_one_tf[H4] ใช้เวลา 2.82s > 2s | tf=H4 | duration=2.82
[2026-09-17 17:42:33] SCAN_TF_SLOW | scan_one_tf[H12] ใช้เวลา 3.08s > 2s | tf=H12 | duration=3.08
[2026-09-17 17:42:33] SCAN_TF_SLOW | scan_one_tf[D1] ใช้เวลา 3.35s > 2s | tf=D1 | duration=3.35
[2026-09-17 17:42:33] SCAN_SLOW | scan cycle ใช้เวลา 3.39s > 3s | breakdown=sl_tp_hits=0.00s cancel_pending=0.00s engulf_trail_sl=0.00s opposite_order_tp=0.00s entry_candle_quality=0.00s s3_maru_pending=0.00s fvg_pending=0.00s pb_pending=0.00s s12_management=0.00s scan_all_tf=3.38s export_trend_state=0.01s
[2026-09-17 17:42:37] SCAN_TF_SLOW | scan_one_tf[H4] ใช้เวลา 2.50s > 2s | tf=H4 | duration=2.5
[2026-09-17 17:42:37] SCAN_TF_SLOW | scan_one_tf[H12] ใช้เวลา 2.76s > 2s | tf=H12 | duration=2.76
[2026-09-17 17:42:38] SCAN_TF_SLOW | scan_one_tf[D1] ใช้เวลา 3.04s > 2s | tf=D1 | duration=3.04
[2026-09-17 17:42:38] SCAN_SLOW | scan cycle ใช้เวลา 3.07s > 3s | breakdown=sl_tp_hits=0.00s cancel_pending=0.00s engulf_trail_sl=0.00s opposite_order_tp=0.00s entry_candle_quality=0.00s s3_maru_pending=0.00s fvg_pending=0.00s pb_pending=0.00s s12_management=0.00s scan_all_tf=3.06s export_trend_state=0.01s
[2026-09-17 17:42:41] SCAN_TF_SLOW | scan_one_tf[H4] ใช้เวลา 2.55s > 2s | tf=H4 | duration=2.55
[2026-09-17 17:42:41] SCAN_TF_SLOW | scan_one_tf[H12] ใช้เวลา 2.83s > 2s | tf=H12 | duration=2.83
[2026-09-17 17:42:42] SCAN_TF_SLOW | scan_one_tf[D1] ใช้เวลา 3.12s > 2s | tf=D1 | duration=3.12
[2026-09-17 17:42:42] SCAN_SLOW | scan cycle ใช้เวลา 3.16s > 3s | breakdown=sl_tp_hits=0.00s cancel_pending=0.00s engulf_trail_sl=0.00s opposite_order_tp=0.00s entry_candle_quality=0.00s s3_maru_pending=0.00s fvg_pending=0.00s pb_pending=0.00s s12_management=0.00s scan_all_tf=3.15s export_trend_state=0.01s
[2026-09-17 17:42:46] SCAN_TF_SLOW | scan_one_tf[H1] ใช้เวลา 2.08s > 2s | tf=H1 | duration=2.08
[2026-09-17 17:42:46] SCAN_TF_SLOW | scan_one_tf[H4] ใช้เวลา 2.73s > 2s | tf=H4 | duration=2.73
[2026-09-17 17:42:47] SCAN_TF_SLOW | scan_one_tf[H12] ใช้เวลา 3.01s > 2s | tf=H12 | duration=3.01
[2026-09-17 17:42:47] SCAN_TF_SLOW | scan_one_tf[D1] ใช้เวลา 3.28s > 2s | tf=D1 | duration=3.28
[2026-09-17 17:42:47] SCAN_SLOW | scan cycle ใช้เวลา 3.32s > 3s | breakdown=sl_tp_hits=0.00s cancel_pending=0.00s engulf_trail_sl=0.00s opposite_order_tp=0.00s entry_candle_quality=0.00s s3_maru_pending=0.00s fvg_pending=0.00s pb_pending=0.00s s12_management=0.00s scan_all_tf=3.31s export_trend_state=0.01s
[2026-09-17 17:42:51] SCAN_TF_SLOW | scan_one_tf[M30] ใช้เวลา 2.47s > 2s | tf=M30 | duration=2.47
[2026-09-17 17:42:52] SCAN_TF_SLOW | scan_one_tf[H1] ใช้เวลา 3.08s > 2s | tf=H1 | duration=3.08
[2026-09-17 17:42:52] SCAN_TF_SLOW | scan_one_tf[H4] ใช้เวลา 3.78s > 2s | tf=H4 | duration=3.78
[2026-09-17 17:42:53] SCAN_TF_SLOW | scan_one_tf[H12] ใช้เวลา 4.06s > 2s | tf=H12 | duration=4.06
[2026-09-17 17:42:53] SCAN_TF_SLOW | scan_one_tf[D1] ใช้เวลา 4.34s > 2s | tf=D1 | duration=4.34
[2026-09-17 17:42:53] SCAN_SLOW | scan cycle ใช้เวลา 4.38s > 3s | breakdown=sl_tp_hits=0.00s cancel_pending=0.00s engulf_trail_sl=0.00s opposite_order_tp=0.00s entry_candle_quality=0.00s s3_maru_pending=0.00s fvg_pending=0.00s pb_pending=0.00s s12_management=0.00s scan_all_tf=4.37s export_trend_state=0.01s
[2026-09-17 17:42:57] SCAN_TF_SLOW | scan_one_tf[H1] ใช้เวลา 2.41s > 2s | tf=H1 | duration=2.41
[2026-09-17 17:42:58] SCAN_TF_SLOW | scan_one_tf[H4] ใช้เวลา 3.07s > 2s | tf=H4 | duration=3.07
[2026-09-17 17:42:58] SCAN_TF_SLOW | scan_one_tf[H12] ใช้เวลา 3.36s > 2s | tf=H12 | duration=3.36
[2026-09-17 17:42:58] SCAN_TF_SLOW | scan_one_tf[D1] ใช้เวลา 3.66s > 2s | tf=D1 | duration=3.66
[2026-09-17 17:42:58] SCAN_SLOW | scan cycle ใช้เวลา 3.71s > 3s | breakdown=sl_tp_hits=0.00s cancel_pending=0.00s engulf_trail_sl=0.00s opposite_order_tp=0.00s entry_candle_quality=0.00s s3_maru_pending=0.00s fvg_pending=0.00s pb_pending=0.00s s12_management=0.00s scan_all_tf=3.70s export_trend_state=0.01s
[2026-09-17 17:43:02] SCAN_TF_SLOW | scan_one_tf[H1] ใช้เวลา 2.37s > 2s | tf=H1 | duration=2.37
[2026-09-17 17:43:03] SCAN_TF_SLOW | scan_one_tf[H4] ใช้เวลา 3.10s > 2s | tf=H4 | duration=3.1
[2026-09-17 17:43:03] SCAN_TF_SLOW | scan_one_tf[H12] ใช้เวลา 3.39s > 2s | tf=H12 | duration=3.39
[2026-09-17 17:43:03] SCAN_TF_SLOW | scan_one_tf[D1] ใช้เวลา 3.68s > 2s | tf=D1 | duration=3.68
[2026-09-17 17:43:03] SCAN_SLOW | scan cycle ใช้เวลา 3.73s > 3s | breakdown=sl_tp_hits=0.00s cancel_pending=0.00s engulf_trail_sl=0.00s opposite_order_tp=0.00s entry_candle_quality=0.00s s3_maru_pending=0.00s fvg_pending=0.00s pb_pending=0.00s s12_management=0.00s scan_all_tf=3.72s export_trend_state=0.01s
[2026-09-17 17:43:07] SCAN_TF_SLOW | scan_one_tf[H1] ใช้เวลา 2.23s > 2s | tf=H1 | duration=2.23
[2026-09-17 17:43:07] SCAN_TF_SLOW | scan_one_tf[H4] ใช้เวลา 2.92s > 2s | tf=H4 | duration=2.92
[2026-09-17 17:43:08] SYMBOL_CHECK | XAUUSDm trade_mode=4 xau_open=True | trade_mode=4 | tick_time=1789641789 | bid=4315.272 | ask=4315.532 | tick_ok=True | xau_open=True | current_symbol=XAUUSDm | startup=False
[2026-09-17 17:43:08] SCAN_TF_SLOW | scan_one_tf[H12] ใช้เวลา 3.22s > 2s | tf=H12 | duration=3.22
[2026-09-17 17:43:08] SCAN_TF_SLOW | scan_one_tf[D1] ใช้เวลา 3.50s > 2s | tf=D1 | duration=3.5
[2026-09-17 17:43:08] SCAN_SLOW | scan cycle ใช้เวลา 3.54s > 3s | breakdown=sl_tp_hits=0.00s cancel_pending=0.00s engulf_trail_sl=0.00s opposite_order_tp=0.00s entry_candle_quality=0.00s s3_maru_pending=0.00s fvg_pending=0.00s pb_pending=0.00s s12_management=0.00s scan_all_tf=3.53s export_trend_state=0.01s
[2026-09-17 17:43:13] SCAN_TF_SLOW | scan_one_tf[H1] ใช้เวลา 2.53s > 2s | tf=H1 | duration=2.53
[2026-09-17 17:43:14] SCAN_TF_SLOW | scan_one_tf[H4] ใช้เวลา 3.11s > 2s | tf=H4 | duration=3.11
[2026-09-17 17:43:14] SCAN_TF_SLOW | scan_one_tf[H12] ใช้เวลา 3.37s > 2s | tf=H12 | duration=3.37
[2026-09-17 17:43:14] SCAN_TF_SLOW | scan_one_tf[D1] ใช้เวลา 3.65s > 2s | tf=D1 | duration=3.65
[2026-09-17 17:43:14] SCAN_SLOW | scan cycle ใช้เวลา 3.70s > 3s | breakdown=sl_tp_hits=0.00s cancel_pending=0.00s engulf_trail_sl=0.00s opposite_order_tp=0.00s entry_candle_quality=0.00s s3_maru_pending=0.00s fvg_pending=0.00s pb_pending=0.00s s12_management=0.00s scan_all_tf=3.68s export_trend_state=0.01s
[2026-09-17 17:43:18] SCAN_TF_SLOW | scan_one_tf[H1] ใช้เวลา 2.32s > 2s | tf=H1 | duration=2.32
[2026-09-17 17:43:18] SCAN_TF_SLOW | scan_one_tf[H4] ใช้เวลา 2.86s > 2s | tf=H4 | duration=2.86
[2026-09-17 17:43:19] SCAN_TF_SLOW | scan_one_tf[H12] ใช้เวลา 3.12s > 2s | tf=H12 | duration=3.12
[2026-09-17 17:43:19] SCAN_TF_SLOW | scan_one_tf[D1] ใช้เวลา 3.37s > 2s | tf=D1 | duration=3.37
[2026-09-17 17:43:19] SCAN_SLOW | scan cycle ใช้เวลา 3.40s > 3s | breakdown=sl_tp_hits=0.00s cancel_pending=0.00s engulf_trail_sl=0.00s opposite_order_tp=0.00s entry_candle_quality=0.00s s3_maru_pending=0.00s fvg_pending=0.00s pb_pending=0.00s s12_management=0.00s scan_all_tf=3.39s export_trend_state=0.01s
[2026-09-17 17:43:23] SCAN_TF_SLOW | scan_one_tf[H1] ใช้เวลา 2.07s > 2s | tf=H1 | duration=2.07
[2026-09-17 17:43:23] SCAN_TF_SLOW | scan_one_tf[H4] ใช้เวลา 2.65s > 2s | tf=H4 | duration=2.65
[2026-09-17 17:43:23] SCAN_TF_SLOW | scan_one_tf[H12] ใช้เวลา 2.91s > 2s | tf=H12 | duration=2.91
[2026-09-17 17:43:24] SCAN_TF_SLOW | scan_one_tf[D1] ใช้เวลา 3.19s > 2s | tf=D1 | duration=3.19
[2026-09-17 17:43:24] SCAN_SLOW | scan cycle ใช้เวลา 3.22s > 3s | breakdown=sl_tp_hits=0.00s cancel_pending=0.00s engulf_trail_sl=0.00s opposite_order_tp=0.00s entry_candle_quality=0.00s s3_maru_pending=0.00s fvg_pending=0.00s pb_pending=0.00s s12_management=0.00s scan_all_tf=3.21s export_trend_state=0.01s
[2026-09-17 17:43:27] SCAN_TF_SLOW | scan_one_tf[H1] ใช้เวลา 2.37s > 2s | tf=H1 | duration=2.37
[2026-09-17 17:43:27] SCAN_TF_SLOW | scan_one_tf[H4] ใช้เวลา 3.23s > 2s | tf=H4 | duration=3.23
[2026-09-17 17:43:28] SCAN_TF_SLOW | scan_one_tf[H12] ใช้เวลา 3.50s > 2s | tf=H12 | duration=3.5
[2026-09-17 17:43:28] SCAN_TF_SLOW | scan_one_tf[D1] ใช้เวลา 3.76s > 2s | tf=D1 | duration=3.76
[2026-09-17 17:43:28] SCAN_SLOW | scan cycle ใช้เวลา 3.81s > 3s | breakdown=sl_tp_hits=0.00s cancel_pending=0.00s engulf_trail_sl=0.00s opposite_order_tp=0.00s entry_candle_quality=0.00s s3_maru_pending=0.00s fvg_pending=0.00s pb_pending=0.00s s12_management=0.00s scan_all_tf=3.80s export_trend_state=0.01s
[2026-09-17 17:43:31] SCAN_TF_SLOW | scan_one_tf[H1] ใช้เวลา 2.11s > 2s | tf=H1 | duration=2.11
[2026-09-17 17:43:32] SCAN_TF_SLOW | scan_one_tf[H4] ใช้เวลา 2.93s > 2s | tf=H4 | duration=2.93
[2026-09-17 17:43:32] SCAN_TF_SLOW | scan_one_tf[H12] ใช้เวลา 3.21s > 2s | tf=H12 | duration=3.21
[2026-09-17 17:43:33] SCAN_TF_SLOW | scan_one_tf[D1] ใช้เวลา 3.50s > 2s | tf=D1 | duration=3.5
[2026-09-17 17:43:33] SCAN_SLOW | scan cycle ใช้เวลา 3.55s > 3s | breakdown=sl_tp_hits=0.00s cancel_pending=0.00s engulf_trail_sl=0.00s opposite_order_tp=0.00s entry_candle_quality=0.00s s3_maru_pending=0.00s fvg_pending=0.00s pb_pending=0.00s s12_management=0.00s scan_all_tf=3.53s export_trend_state=0.01s
[2026-09-17 17:43:37] SCAN_TF_SLOW | scan_one_tf[H1] ใช้เวลา 2.36s > 2s | tf=H1 | duration=2.36
[2026-09-17 17:43:37] SCAN_TF_SLOW | scan_one_tf[H4] ใช้เวลา 3.07s > 2s | tf=H4 | duration=3.07
[2026-09-17 17:43:38] SCAN_TF_SLOW | scan_one_tf[H12] ใช้เวลา 3.38s > 2s | tf=H12 | duration=3.38
[2026-09-17 17:43:38] SCAN_TF_SLOW | scan_one_tf[D1] ใช้เวลา 3.69s > 2s | tf=D1 | duration=3.69
[2026-09-17 17:43:38] SCAN_SLOW | scan cycle ใช้เวลา 3.74s > 3s | breakdown=sl_tp_hits=0.00s cancel_pending=0.00s engulf_trail_sl=0.00s opposite_order_tp=0.00s entry_candle_quality=0.00s s3_maru_pending=0.00s fvg_pending=0.00s pb_pending=0.00s s12_management=0.00s scan_all_tf=3.72s export_trend_state=0.01s
[2026-09-17 17:43:41] SCAN_TF_SLOW | scan_one_tf[H1] ใช้เวลา 2.05s > 2s | tf=H1 | duration=2.05
[2026-09-17 17:43:43] SCAN_TF_SLOW | scan_one_tf[H4] ใช้เวลา 2.68s > 2s | tf=H4 | duration=2.68
[2026-09-17 17:43:43] SCAN_TF_SLOW | scan_one_tf[H12] ใช้เวลา 2.95s > 2s | tf=H12 | duration=2.95
[2026-09-17 17:43:43] SCAN_TF_SLOW | scan_one_tf[D1] ใช้เวลา 3.24s > 2s | tf=D1 | duration=3.24
[2026-09-17 17:43:43] SCAN_SLOW | scan cycle ใช้เวลา 3.28s > 3s | breakdown=sl_tp_hits=0.00s cancel_pending=0.00s engulf_trail_sl=0.00s opposite_order_tp=0.00s entry_candle_quality=0.00s s3_maru_pending=0.00s fvg_pending=0.00s pb_pending=0.00s s12_management=0.00s scan_all_tf=3.27s export_trend_state=0.01s
[2026-09-17 17:43:47] SCAN_TF_SLOW | scan_one_tf[H1] ใช้เวลา 2.33s > 2s | tf=H1 | duration=2.33
[2026-09-17 17:43:48] SCAN_TF_SLOW | scan_one_tf[H4] ใช้เวลา 2.99s > 2s | tf=H4 | duration=2.99
[2026-09-17 17:43:48] SCAN_TF_SLOW | scan_one_tf[H12] ใช้เวลา 3.27s > 2s | tf=H12 | duration=3.27
[2026-09-17 17:43:48] SCAN_TF_SLOW | scan_one_tf[D1] ใช้เวลา 3.55s > 2s | tf=D1 | duration=3.55
[2026-09-17 17:43:48] SCAN_SLOW | scan cycle ใช้เวลา 3.59s > 3s | breakdown=sl_tp_hits=0.00s cancel_pending=0.00s engulf_trail_sl=0.00s opposite_order_tp=0.00s entry_candle_quality=0.00s s3_maru_pending=0.00s fvg_pending=0.00s pb_pending=0.00s s12_management=0.00s scan_all_tf=3.58s export_trend_state=0.01s
[2026-09-17 17:43:52] SCAN_TF_SLOW | scan_one_tf[H1] ใช้เวลา 2.18s > 2s | tf=H1 | duration=2.18
[2026-09-17 17:43:53] SCAN_TF_SLOW | scan_one_tf[H4] ใช้เวลา 2.82s > 2s | tf=H4 | duration=2.82
[2026-09-17 17:43:53] SCAN_TF_SLOW | scan_one_tf[H12] ใช้เวลา 3.10s > 2s | tf=H12 | duration=3.1
[2026-09-17 17:43:53] SCAN_TF_SLOW | scan_one_tf[D1] ใช้เวลา 3.38s > 2s | tf=D1 | duration=3.38
[2026-09-17 17:43:53] SCAN_SLOW | scan cycle ใช้เวลา 3.42s > 3s | breakdown=sl_tp_hits=0.00s cancel_pending=0.00s engulf_trail_sl=0.00s opposite_order_tp=0.00s entry_candle_quality=0.00s s3_maru_pending=0.00s fvg_pending=0.00s pb_pending=0.00s s12_management=0.00s scan_all_tf=3.41s export_trend_state=0.01s
[2026-09-17 17:43:57] SCAN_TF_SLOW | scan_one_tf[H1] ใช้เวลา 2.31s > 2s | tf=H1 | duration=2.31
[2026-09-17 17:43:59] SCAN_TF_SLOW | scan_one_tf[H4] ใช้เวลา 3.07s > 2s | tf=H4 | duration=3.07
[2026-09-17 17:43:59] SCAN_TF_SLOW | scan_one_tf[H12] ใช้เวลา 3.36s > 2s | tf=H12 | duration=3.36
[2026-09-17 17:43:59] SCAN_TF_SLOW | scan_one_tf[D1] ใช้เวลา 3.64s > 2s | tf=D1 | duration=3.64
[2026-09-17 17:43:59] SCAN_SLOW | scan cycle ใช้เวลา 3.68s > 3s | breakdown=sl_tp_hits=0.00s cancel_pending=0.00s engulf_trail_sl=0.00s opposite_order_tp=0.00s entry_candle_quality=0.00s s3_maru_pending=0.00s fvg_pending=0.00s pb_pending=0.00s s12_management=0.00s scan_all_tf=3.67s export_trend_state=0.01s
[2026-09-17 17:44:03] SCAN_TF_SLOW | scan_one_tf[H1] ใช้เวลา 2.27s > 2s | tf=H1 | duration=2.27
[2026-09-17 17:44:03] SCAN_TF_SLOW | scan_one_tf[H4] ใช้เวลา 2.91s > 2s | tf=H4 | duration=2.91
[2026-09-17 17:44:04] SCAN_TF_SLOW | scan_one_tf[H12] ใช้เวลา 3.18s > 2s | tf=H12 | duration=3.18
[2026-09-17 17:44:04] SCAN_TF_SLOW | scan_one_tf[D1] ใช้เวลา 3.46s > 2s | tf=D1 | duration=3.46
[2026-09-17 17:44:04] SCAN_SLOW | scan cycle ใช้เวลา 3.50s > 3s | breakdown=sl_tp_hits=0.00s cancel_pending=0.00s engulf_trail_sl=0.00s opposite_order_tp=0.00s entry_candle_quality=0.00s s3_maru_pending=0.00s fvg_pending=0.00s pb_pending=0.00s s12_management=0.00s scan_all_tf=3.49s export_trend_state=0.01s
[2026-09-17 17:44:08] SCAN_TF_SLOW | scan_one_tf[H1] ใช้เวลา 2.59s > 2s | tf=H1 | duration=2.59
[2026-09-17 17:44:09] SCAN_TF_SLOW | scan_one_tf[H4] ใช้เวลา 3.40s > 2s | tf=H4 | duration=3.4
[2026-09-17 17:44:09] SYMBOL_CHECK | XAUUSDm trade_mode=4 xau_open=True | trade_mode=4 | tick_time=1789641848 | bid=4316.847 | ask=4317.107 | tick_ok=True | xau_open=True | current_symbol=XAUUSDm | startup=False
[2026-09-17 17:44:09] SCAN_TF_SLOW | scan_one_tf[H12] ใช้เวลา 3.70s > 2s | tf=H12 | duration=3.7
[2026-09-17 17:44:09] SCAN_TF_SLOW | scan_one_tf[D1] ใช้เวลา 4.01s > 2s | tf=D1 | duration=4.01
[2026-09-17 17:44:09] SCAN_SLOW | scan cycle ใช้เวลา 4.05s > 3s | breakdown=sl_tp_hits=0.00s cancel_pending=0.00s engulf_trail_sl=0.00s opposite_order_tp=0.00s entry_candle_quality=0.00s s3_maru_pending=0.00s fvg_pending=0.00s pb_pending=0.00s s12_management=0.00s scan_all_tf=4.04s export_trend_state=0.01s
[2026-09-17 17:44:13] SCAN_TF_SLOW | scan_one_tf[H1] ใช้เวลา 2.22s > 2s | tf=H1 | duration=2.22
[2026-09-17 17:44:13] SCAN_TF_SLOW | scan_one_tf[H4] ใช้เวลา 2.92s > 2s | tf=H4 | duration=2.92
[2026-09-17 17:44:14] SCAN_TF_SLOW | scan_one_tf[H12] ใช้เวลา 3.21s > 2s | tf=H12 | duration=3.21
[2026-09-17 17:44:14] SCAN_TF_SLOW | scan_one_tf[D1] ใช้เวลา 3.51s > 2s | tf=D1 | duration=3.51
[2026-09-17 17:44:14] SCAN_SLOW | scan cycle ใช้เวลา 3.55s > 3s | breakdown=sl_tp_hits=0.00s cancel_pending=0.00s engulf_trail_sl=0.00s opposite_order_tp=0.00s entry_candle_quality=0.00s s3_maru_pending=0.00s fvg_pending=0.00s pb_pending=0.00s s12_management=0.00s scan_all_tf=3.54s export_trend_state=0.01s
[2026-09-17 17:44:18] SCAN_TF_SLOW | scan_one_tf[M30] ใช้เวลา 2.30s > 2s | tf=M30 | duration=2.3
[2026-09-17 17:44:18] SCAN_TF_SLOW | scan_one_tf[H1] ใช้เวลา 2.94s > 2s | tf=H1 | duration=2.94
[2026-09-17 17:44:19] SCAN_TF_SLOW | scan_one_tf[H4] ใช้เวลา 3.65s > 2s | tf=H4 | duration=3.65
[2026-09-17 17:44:19] SCAN_TF_SLOW | scan_one_tf[H12] ใช้เวลา 3.91s > 2s | tf=H12 | duration=3.91
[2026-09-17 17:44:20] SCAN_TF_SLOW | scan_one_tf[D1] ใช้เวลา 4.20s > 2s | tf=D1 | duration=4.2
[2026-09-17 17:44:20] SCAN_SLOW | scan cycle ใช้เวลา 4.25s > 3s | breakdown=sl_tp_hits=0.00s cancel_pending=0.00s engulf_trail_sl=0.00s opposite_order_tp=0.00s entry_candle_quality=0.00s s3_maru_pending=0.00s fvg_pending=0.00s pb_pending=0.00s s12_management=0.00s scan_all_tf=4.23s export_trend_state=0.01s
[2026-09-17 17:44:23] SCAN_TF_SLOW | scan_one_tf[H1] ใช้เวลา 2.47s > 2s | tf=H1 | duration=2.47
[2026-09-17 17:44:23] SCAN_TF_SLOW | scan_one_tf[H4] ใช้เวลา 3.18s > 2s | tf=H4 | duration=3.18
[2026-09-17 17:44:24] SCAN_TF_SLOW | scan_one_tf[H12] ใช้เวลา 3.48s > 2s | tf=H12 | duration=3.48
[2026-09-17 17:44:24] SCAN_TF_SLOW | scan_one_tf[D1] ใช้เวลา 3.80s > 2s | tf=D1 | duration=3.8
[2026-09-17 17:44:24] SCAN_SLOW | scan cycle ใช้เวลา 3.85s > 3s | breakdown=sl_tp_hits=0.00s cancel_pending=0.00s engulf_trail_sl=0.00s opposite_order_tp=0.00s entry_candle_quality=0.00s s3_maru_pending=0.00s fvg_pending=0.00s pb_pending=0.00s s12_management=0.00s scan_all_tf=3.83s export_trend_state=0.01s
[2026-09-17 17:44:27] SCAN_TF_SLOW | scan_one_tf[H1] ใช้เวลา 2.19s > 2s | tf=H1 | duration=2.19
[2026-09-17 17:44:28] SCAN_TF_SLOW | scan_one_tf[H4] ใช้เวลา 2.86s > 2s | tf=H4 | duration=2.86
[2026-09-17 17:44:28] SCAN_TF_SLOW | scan_one_tf[H12] ใช้เวลา 3.14s > 2s | tf=H12 | duration=3.14
[2026-09-17 17:44:29] SCAN_TF_SLOW | scan_one_tf[D1] ใช้เวลา 3.44s > 2s | tf=D1 | duration=3.44
[2026-09-17 17:44:29] SCAN_SLOW | scan cycle ใช้เวลา 3.49s > 3s | breakdown=sl_tp_hits=0.00s cancel_pending=0.00s engulf_trail_sl=0.00s opposite_order_tp=0.00s entry_candle_quality=0.00s s3_maru_pending=0.00s fvg_pending=0.00s pb_pending=0.00s s12_management=0.00s scan_all_tf=3.48s export_trend_state=0.01s
[2026-09-17 17:44:32] SCAN_TF_SLOW | scan_one_tf[H1] ใช้เวลา 2.25s > 2s | tf=H1 | duration=2.25
[2026-09-17 17:44:33] SCAN_TF_SLOW | scan_one_tf[H4] ใช้เวลา 2.96s > 2s | tf=H4 | duration=2.96
[2026-09-17 17:44:33] SCAN_TF_SLOW | scan_one_tf[H12] ใช้เวลา 3.25s > 2s | tf=H12 | duration=3.25
[2026-09-17 17:44:34] SCAN_TF_SLOW | scan_one_tf[D1] ใช้เวลา 3.52s > 2s | tf=D1 | duration=3.52
[2026-09-17 17:44:34] SCAN_SLOW | scan cycle ใช้เวลา 3.56s > 3s | breakdown=sl_tp_hits=0.00s cancel_pending=0.00s engulf_trail_sl=0.00s opposite_order_tp=0.00s entry_candle_quality=0.00s s3_maru_pending=0.00s fvg_pending=0.00s pb_pending=0.00s s12_management=0.00s scan_all_tf=3.55s export_trend_state=0.01s
[2026-09-17 17:44:37] SCAN_TF_SLOW | scan_one_tf[H1] ใช้เวลา 2.11s > 2s | tf=H1 | duration=2.11
[2026-09-17 17:44:38] SCAN_TF_SLOW | scan_one_tf[H4] ใช้เวลา 2.79s > 2s | tf=H4 | duration=2.79
[2026-09-17 17:44:38] SCAN_TF_SLOW | scan_one_tf[H12] ใช้เวลา 3.10s > 2s | tf=H12 | duration=3.1
[2026-09-17 17:44:38] SCAN_TF_SLOW | scan_one_tf[D1] ใช้เวลา 3.43s > 2s | tf=D1 | duration=3.43
[2026-09-17 17:44:39] SCAN_SLOW | scan cycle ใช้เวลา 3.48s > 3s | breakdown=sl_tp_hits=0.00s cancel_pending=0.00s engulf_trail_sl=0.00s opposite_order_tp=0.00s entry_candle_quality=0.00s s3_maru_pending=0.00s fvg_pending=0.00s pb_pending=0.00s s12_management=0.00s scan_all_tf=3.46s export_trend_state=0.01s
[2026-09-17 17:44:42] SCAN_TF_SLOW | scan_one_tf[H1] ใช้เวลา 2.28s > 2s | tf=H1 | duration=2.28
[2026-09-17 17:44:43] SCAN_TF_SLOW | scan_one_tf[H4] ใช้เวลา 2.91s > 2s | tf=H4 | duration=2.91
[2026-09-17 17:44:43] SCAN_TF_SLOW | scan_one_tf[H12] ใช้เวลา 3.18s > 2s | tf=H12 | duration=3.18
[2026-09-17 17:44:44] SCAN_TF_SLOW | scan_one_tf[D1] ใช้เวลา 3.47s > 2s | tf=D1 | duration=3.47
[2026-09-17 17:44:44] SCAN_SLOW | scan cycle ใช้เวลา 3.52s > 3s | breakdown=sl_tp_hits=0.00s cancel_pending=0.00s engulf_trail_sl=0.00s opposite_order_tp=0.00s entry_candle_quality=0.00s s3_maru_pending=0.00s fvg_pending=0.00s pb_pending=0.00s s12_management=0.00s scan_all_tf=3.51s export_trend_state=0.01s
[2026-09-17 17:44:47] SCAN_TF_SLOW | scan_one_tf[H1] ใช้เวลา 2.10s > 2s | tf=H1 | duration=2.1
[2026-09-17 17:44:48] SCAN_TF_SLOW | scan_one_tf[H4] ใช้เวลา 2.83s > 2s | tf=H4 | duration=2.83
[2026-09-17 17:44:48] SCAN_TF_SLOW | scan_one_tf[H12] ใช้เวลา 3.11s > 2s | tf=H12 | duration=3.11
[2026-09-17 17:44:48] SCAN_TF_SLOW | scan_one_tf[D1] ใช้เวลา 3.39s > 2s | tf=D1 | duration=3.39
[2026-09-17 17:44:48] SCAN_SLOW | scan cycle ใช้เวลา 3.42s > 3s | breakdown=sl_tp_hits=0.00s cancel_pending=0.00s engulf_trail_sl=0.00s opposite_order_tp=0.00s entry_candle_quality=0.00s s3_maru_pending=0.00s fvg_pending=0.00s pb_pending=0.00s s12_management=0.00s scan_all_tf=3.41s export_trend_state=0.01s
[2026-09-17 17:44:52] SCAN_TF_SLOW | scan_one_tf[H4] ใช้เวลา 2.45s > 2s | tf=H4 | duration=2.45
[2026-09-17 17:44:53] SCAN_TF_SLOW | scan_one_tf[H12] ใช้เวลา 2.68s > 2s | tf=H12 | duration=2.68
[2026-09-17 17:44:53] SCAN_TF_SLOW | scan_one_tf[D1] ใช้เวลา 2.93s > 2s | tf=D1 | duration=2.93
[2026-09-17 17:44:57] SCAN_TF_SLOW | scan_one_tf[H4] ใช้เวลา 2.45s > 2s | tf=H4 | duration=2.45
[2026-09-17 17:44:58] SCAN_TF_SLOW | scan_one_tf[H12] ใช้เวลา 2.71s > 2s | tf=H12 | duration=2.71
[2026-09-17 17:44:58] SCAN_TF_SLOW | scan_one_tf[D1] ใช้เวลา 3.01s > 2s | tf=D1 | duration=3.01
[2026-09-17 17:44:58] SCAN_SLOW | scan cycle ใช้เวลา 3.05s > 3s | breakdown=sl_tp_hits=0.00s cancel_pending=0.00s engulf_trail_sl=0.00s opposite_order_tp=0.00s entry_candle_quality=0.00s s3_maru_pending=0.00s fvg_pending=0.00s pb_pending=0.00s s12_management=0.00s scan_all_tf=3.04s export_trend_state=0.01s
[2026-09-17 17:45:03] SCAN_TF_SLOW | scan_one_tf[M30] ใช้เวลา 2.22s > 2s | tf=M30 | duration=2.22
[2026-09-17 17:45:03] SCAN_TF_SLOW | scan_one_tf[H1] ใช้เวลา 2.92s > 2s | tf=H1 | duration=2.92
[2026-09-17 17:45:04] SCAN_TF_SLOW | scan_one_tf[H4] ใช้เวลา 3.83s > 2s | tf=H4 | duration=3.83
[2026-09-17 17:45:05] SCAN_TF_SLOW | scan_one_tf[H12] ใช้เวลา 4.09s > 2s | tf=H12 | duration=4.09
[2026-09-17 17:45:05] SCAN_TF_SLOW | scan_one_tf[D1] ใช้เวลา 4.38s > 2s | tf=D1 | duration=4.38
[2026-09-17 17:45:05] SCAN_SLOW | scan cycle ใช้เวลา 4.45s > 3s | breakdown=sl_tp_hits=0.00s cancel_pending=0.00s engulf_trail_sl=0.00s opposite_order_tp=0.00s entry_candle_quality=0.00s s3_maru_pending=0.00s fvg_pending=0.00s pb_pending=0.00s s12_management=0.00s scan_all_tf=4.44s export_trend_state=0.01s
[2026-09-17 17:45:08] SCAN_TF_SLOW | scan_one_tf[H1] ใช้เวลา 2.46s > 2s | tf=H1 | duration=2.46
[2026-09-17 17:45:09] SCAN_TF_SLOW | scan_one_tf[H4] ใช้เวลา 3.15s > 2s | tf=H4 | duration=3.15
[2026-09-17 17:45:09] SYMBOL_CHECK | XAUUSDm trade_mode=4 xau_open=True | trade_mode=4 | tick_time=1789641909 | bid=4316.131 | ask=4316.391 | tick_ok=True | xau_open=True | current_symbol=XAUUSDm | startup=False
[2026-09-17 17:45:09] SCAN_TF_SLOW | scan_one_tf[H12] ใช้เวลา 3.44s > 2s | tf=H12 | duration=3.44
[2026-09-17 17:45:09] SCAN_TF_SLOW | scan_one_tf[D1] ใช้เวลา 3.71s > 2s | tf=D1 | duration=3.71
[2026-09-17 17:45:09] SCAN_SLOW | scan cycle ใช้เวลา 3.75s > 3s | breakdown=sl_tp_hits=0.00s cancel_pending=0.00s engulf_trail_sl=0.00s opposite_order_tp=0.00s entry_candle_quality=0.00s s3_maru_pending=0.00s fvg_pending=0.00s pb_pending=0.00s s12_management=0.00s scan_all_tf=3.74s export_trend_state=0.01s
[2026-09-17 17:45:13] SCAN_TF_SLOW | scan_one_tf[H1] ใช้เวลา 2.09s > 2s | tf=H1 | duration=2.09
[2026-09-17 17:45:13] SCAN_TF_SLOW | scan_one_tf[H4] ใช้เวลา 2.77s > 2s | tf=H4 | duration=2.77
[2026-09-17 17:45:14] SCAN_TF_SLOW | scan_one_tf[H12] ใช้เวลา 3.07s > 2s | tf=H12 | duration=3.07
[2026-09-17 17:45:14] SCAN_TF_SLOW | scan_one_tf[D1] ใช้เวลา 3.35s > 2s | tf=D1 | duration=3.35
[2026-09-17 17:45:14] SCAN_SLOW | scan cycle ใช้เวลา 3.39s > 3s | breakdown=sl_tp_hits=0.00s cancel_pending=0.00s engulf_trail_sl=0.00s opposite_order_tp=0.00s entry_candle_quality=0.00s s3_maru_pending=0.00s fvg_pending=0.00s pb_pending=0.00s s12_management=0.00s scan_all_tf=3.38s export_trend_state=0.01s
[2026-09-17 17:45:18] SCAN_TF_SLOW | scan_one_tf[H4] ใช้เวลา 2.28s > 2s | tf=H4 | duration=2.28
[2026-09-17 17:45:18] SCAN_TF_SLOW | scan_one_tf[H12] ใช้เวลา 2.52s > 2s | tf=H12 | duration=2.52
[2026-09-17 17:45:18] SCAN_TF_SLOW | scan_one_tf[D1] ใช้เวลา 2.76s > 2s | tf=D1 | duration=2.76
[2026-09-17 17:45:23] SCAN_TF_SLOW | scan_one_tf[H1] ใช้เวลา 2.25s > 2s | tf=H1 | duration=2.25
[2026-09-17 17:45:23] SCAN_TF_SLOW | scan_one_tf[H4] ใช้เวลา 2.88s > 2s | tf=H4 | duration=2.88
[2026-09-17 17:45:24] SCAN_TF_SLOW | scan_one_tf[H12] ใช้เวลา 3.13s > 2s | tf=H12 | duration=3.13
[2026-09-17 17:45:24] SCAN_TF_SLOW | scan_one_tf[D1] ใช้เวลา 3.38s > 2s | tf=D1 | duration=3.38
[2026-09-17 17:45:24] SCAN_SLOW | scan cycle ใช้เวลา 3.41s > 3s | breakdown=sl_tp_hits=0.00s cancel_pending=0.00s engulf_trail_sl=0.00s opposite_order_tp=0.00s entry_candle_quality=0.00s s3_maru_pending=0.00s fvg_pending=0.00s pb_pending=0.00s s12_management=0.00s scan_all_tf=3.40s export_trend_state=0.01s
[2026-09-17 17:45:28] SCAN_TF_SLOW | scan_one_tf[H4] ใช้เวลา 2.43s > 2s | tf=H4 | duration=2.43
[2026-09-17 17:45:28] SCAN_TF_SLOW | scan_one_tf[H12] ใช้เวลา 2.66s > 2s | tf=H12 | duration=2.66
[2026-09-17 17:45:28] SCAN_TF_SLOW | scan_one_tf[D1] ใช้เวลา 2.96s > 2s | tf=D1 | duration=2.96
[2026-09-17 17:45:32] SCAN_TF_SLOW | scan_one_tf[H1] ใช้เวลา 2.44s > 2s | tf=H1 | duration=2.44
[2026-09-17 17:45:33] SCAN_TF_SLOW | scan_one_tf[H4] ใช้เวลา 3.07s > 2s | tf=H4 | duration=3.07
[2026-09-17 17:45:33] SCAN_TF_SLOW | scan_one_tf[H12] ใช้เวลา 3.33s > 2s | tf=H12 | duration=3.33
[2026-09-17 17:45:33] SCAN_TF_SLOW | scan_one_tf[D1] ใช้เวลา 3.59s > 2s | tf=D1 | duration=3.59
[2026-09-17 17:45:33] SCAN_SLOW | scan cycle ใช้เวลา 3.64s > 3s | breakdown=sl_tp_hits=0.00s cancel_pending=0.00s engulf_trail_sl=0.00s opposite_order_tp=0.00s entry_candle_quality=0.00s s3_maru_pending=0.00s fvg_pending=0.00s pb_pending=0.00s s12_management=0.00s scan_all_tf=3.63s export_trend_state=0.01s
[2026-09-17 17:45:37] SCAN_TF_SLOW | scan_one_tf[H4] ใช้เวลา 2.58s > 2s | tf=H4 | duration=2.58
[2026-09-17 17:45:37] SCAN_TF_SLOW | scan_one_tf[H12] ใช้เวลา 2.83s > 2s | tf=H12 | duration=2.83
[2026-09-17 17:45:38] SCAN_TF_SLOW | scan_one_tf[D1] ใช้เวลา 3.13s > 2s | tf=D1 | duration=3.13
[2026-09-17 17:45:38] SCAN_SLOW | scan cycle ใช้เวลา 3.17s > 3s | breakdown=sl_tp_hits=0.00s cancel_pending=0.00s engulf_trail_sl=0.00s opposite_order_tp=0.00s entry_candle_quality=0.00s s3_maru_pending=0.00s fvg_pending=0.00s pb_pending=0.00s s12_management=0.00s scan_all_tf=3.16s export_trend_state=0.01s
[2026-09-17 17:45:42] SCAN_TF_SLOW | scan_one_tf[H4] ใช้เวลา 2.52s > 2s | tf=H4 | duration=2.52
[2026-09-17 17:45:42] SCAN_TF_SLOW | scan_one_tf[H12] ใช้เวลา 2.76s > 2s | tf=H12 | duration=2.76
[2026-09-17 17:45:43] SCAN_TF_SLOW | scan_one_tf[D1] ใช้เวลา 3.04s > 2s | tf=D1 | duration=3.04
[2026-09-17 17:45:43] SCAN_SLOW | scan cycle ใช้เวลา 3.08s > 3s | breakdown=sl_tp_hits=0.00s cancel_pending=0.00s engulf_trail_sl=0.00s opposite_order_tp=0.00s entry_candle_quality=0.00s s3_maru_pending=0.00s fvg_pending=0.00s pb_pending=0.00s s12_management=0.00s scan_all_tf=3.07s export_trend_state=0.01s
[2026-09-17 17:45:48] SCAN_TF_SLOW | scan_one_tf[H4] ใช้เวลา 2.61s > 2s | tf=H4 | duration=2.61
[2026-09-17 17:45:48] SCAN_TF_SLOW | scan_one_tf[H12] ใช้เวลา 2.85s > 2s | tf=H12 | duration=2.85
[2026-09-17 17:45:49] SCAN_TF_SLOW | scan_one_tf[D1] ใช้เวลา 3.15s > 2s | tf=D1 | duration=3.15
[2026-09-17 17:45:49] SCAN_SLOW | scan cycle ใช้เวลา 3.19s > 3s | breakdown=sl_tp_hits=0.00s cancel_pending=0.00s engulf_trail_sl=0.00s opposite_order_tp=0.00s entry_candle_quality=0.00s s3_maru_pending=0.00s fvg_pending=0.00s pb_pending=0.00s s12_management=0.00s scan_all_tf=3.18s export_trend_state=0.01s
[2026-09-17 17:45:53] SCAN_TF_SLOW | scan_one_tf[H4] ใช้เวลา 2.39s > 2s | tf=H4 | duration=2.39
[2026-09-17 17:45:53] SCAN_TF_SLOW | scan_one_tf[H12] ใช้เวลา 2.61s > 2s | tf=H12 | duration=2.61
[2026-09-17 17:45:53] SCAN_TF_SLOW | scan_one_tf[D1] ใช้เวลา 2.85s > 2s | tf=D1 | duration=2.85
[2026-09-17 17:45:58] SCAN_TF_SLOW | scan_one_tf[H4] ใช้เวลา 2.39s > 2s | tf=H4 | duration=2.39
[2026-09-17 17:45:58] SCAN_TF_SLOW | scan_one_tf[H12] ใช้เวลา 2.63s > 2s | tf=H12 | duration=2.63
[2026-09-17 17:45:58] SCAN_TF_SLOW | scan_one_tf[D1] ใช้เวลา 2.88s > 2s | tf=D1 | duration=2.88
[2026-09-17 17:46:02] SCAN_TF_SLOW | scan_one_tf[H1] ใช้เวลา 2.15s > 2s | tf=H1 | duration=2.15
[2026-09-17 17:46:02] SCAN_TF_SLOW | scan_one_tf[H4] ใช้เวลา 2.74s > 2s | tf=H4 | duration=2.74
[2026-09-17 17:46:03] SCAN_TF_SLOW | scan_one_tf[H12] ใช้เวลา 3.00s > 2s | tf=H12 | duration=3.0
[2026-09-17 17:46:03] SCAN_TF_SLOW | scan_one_tf[D1] ใช้เวลา 3.28s > 2s | tf=D1 | duration=3.28
[2026-09-17 17:46:03] SCAN_SLOW | scan cycle ใช้เวลา 3.33s > 3s | breakdown=sl_tp_hits=0.00s cancel_pending=0.00s engulf_trail_sl=0.00s opposite_order_tp=0.00s entry_candle_quality=0.00s s3_maru_pending=0.00s fvg_pending=0.00s pb_pending=0.00s s12_management=0.00s scan_all_tf=3.31s export_trend_state=0.01s
[2026-09-17 17:46:07] SCAN_TF_SLOW | scan_one_tf[H4] ใช้เวลา 2.50s > 2s | tf=H4 | duration=2.5
[2026-09-17 17:46:07] SCAN_TF_SLOW | scan_one_tf[H12] ใช้เวลา 2.75s > 2s | tf=H12 | duration=2.75
[2026-09-17 17:46:08] SYMBOL_CHECK | XAUUSDm trade_mode=4 xau_open=True | trade_mode=4 | tick_time=1789641968 | bid=4316.552 | ask=4316.812 | tick_ok=True | xau_open=True | current_symbol=XAUUSDm | startup=False
[2026-09-17 17:46:08] SCAN_TF_SLOW | scan_one_tf[D1] ใช้เวลา 3.06s > 2s | tf=D1 | duration=3.06
[2026-09-17 17:46:08] SCAN_SLOW | scan cycle ใช้เวลา 3.11s > 3s | breakdown=sl_tp_hits=0.00s cancel_pending=0.00s engulf_trail_sl=0.00s opposite_order_tp=0.00s entry_candle_quality=0.00s s3_maru_pending=0.00s fvg_pending=0.00s pb_pending=0.00s s12_management=0.00s scan_all_tf=3.09s export_trend_state=0.01s
[2026-09-17 17:46:12] SCAN_TF_SLOW | scan_one_tf[H1] ใช้เวลา 2.00s > 2s | tf=H1 | duration=2.0
[2026-09-17 17:46:12] SCAN_TF_SLOW | scan_one_tf[H4] ใช้เวลา 2.58s > 2s | tf=H4 | duration=2.58
[2026-09-17 17:46:12] SCAN_TF_SLOW | scan_one_tf[H12] ใช้เวลา 2.81s > 2s | tf=H12 | duration=2.81
[2026-09-17 17:46:13] SCAN_TF_SLOW | scan_one_tf[D1] ใช้เวลา 3.10s > 2s | tf=D1 | duration=3.1
[2026-09-17 17:46:13] SCAN_SLOW | scan cycle ใช้เวลา 3.14s > 3s | breakdown=sl_tp_hits=0.00s cancel_pending=0.00s engulf_trail_sl=0.00s opposite_order_tp=0.00s entry_candle_quality=0.00s s3_maru_pending=0.00s fvg_pending=0.00s pb_pending=0.00s s12_management=0.00s scan_all_tf=3.13s export_trend_state=0.01s
[2026-09-17 17:46:17] SCAN_TF_SLOW | scan_one_tf[H1] ใช้เวลา 2.01s > 2s | tf=H1 | duration=2.01
[2026-09-17 17:46:17] SCAN_TF_SLOW | scan_one_tf[H4] ใช้เวลา 2.56s > 2s | tf=H4 | duration=2.56
[2026-09-17 17:46:17] SCAN_TF_SLOW | scan_one_tf[H12] ใช้เวลา 2.80s > 2s | tf=H12 | duration=2.8
[2026-09-17 17:46:18] SCAN_TF_SLOW | scan_one_tf[D1] ใช้เวลา 3.07s > 2s | tf=D1 | duration=3.07
[2026-09-17 17:46:18] SCAN_SLOW | scan cycle ใช้เวลา 3.11s > 3s | breakdown=sl_tp_hits=0.00s cancel_pending=0.00s engulf_trail_sl=0.00s opposite_order_tp=0.00s entry_candle_quality=0.00s s3_maru_pending=0.00s fvg_pending=0.00s pb_pending=0.00s s12_management=0.00s scan_all_tf=3.10s export_trend_state=0.01s
[2026-09-17 17:46:22] SCAN_TF_SLOW | scan_one_tf[H4] ใช้เวลา 2.46s > 2s | tf=H4 | duration=2.46
[2026-09-17 17:46:22] SCAN_TF_SLOW | scan_one_tf[H12] ใช้เวลา 2.70s > 2s | tf=H12 | duration=2.7
[2026-09-17 17:46:23] SCAN_TF_SLOW | scan_one_tf[D1] ใช้เวลา 2.99s > 2s | tf=D1 | duration=2.99
[2026-09-17 17:46:23] SCAN_SLOW | scan cycle ใช้เวลา 3.03s > 3s | breakdown=sl_tp_hits=0.00s cancel_pending=0.00s engulf_trail_sl=0.00s opposite_order_tp=0.00s entry_candle_quality=0.00s s3_maru_pending=0.00s fvg_pending=0.00s pb_pending=0.00s s12_management=0.00s scan_all_tf=3.02s export_trend_state=0.01s
[2026-09-17 17:46:27] SCAN_TF_SLOW | scan_one_tf[H4] ใช้เวลา 2.53s > 2s | tf=H4 | duration=2.53
[2026-09-17 17:46:27] SCAN_TF_SLOW | scan_one_tf[H12] ใช้เวลา 2.76s > 2s | tf=H12 | duration=2.76
[2026-09-17 17:46:28] SCAN_TF_SLOW | scan_one_tf[D1] ใช้เวลา 3.00s > 2s | tf=D1 | duration=3.0
[2026-09-17 17:46:28] SCAN_SLOW | scan cycle ใช้เวลา 3.04s > 3s | breakdown=sl_tp_hits=0.00s cancel_pending=0.00s engulf_trail_sl=0.00s opposite_order_tp=0.00s entry_candle_quality=0.00s s3_maru_pending=0.00s fvg_pending=0.00s pb_pending=0.00s s12_management=0.00s scan_all_tf=3.03s export_trend_state=0.01s
[2026-09-17 17:46:33] SCAN_TF_SLOW | scan_one_tf[H1] ใช้เวลา 2.01s > 2s | tf=H1 | duration=2.01
[2026-09-17 17:46:33] SCAN_TF_SLOW | scan_one_tf[H4] ใช้เวลา 2.63s > 2s | tf=H4 | duration=2.63
[2026-09-17 17:46:33] SCAN_TF_SLOW | scan_one_tf[H12] ใช้เวลา 2.91s > 2s | tf=H12 | duration=2.91
[2026-09-17 17:46:34] SCAN_TF_SLOW | scan_one_tf[D1] ใช้เวลา 3.18s > 2s | tf=D1 | duration=3.18
[2026-09-17 17:46:34] SCAN_SLOW | scan cycle ใช้เวลา 3.22s > 3s | breakdown=sl_tp_hits=0.00s cancel_pending=0.00s engulf_trail_sl=0.00s opposite_order_tp=0.00s entry_candle_quality=0.00s s3_maru_pending=0.00s fvg_pending=0.00s pb_pending=0.00s s12_management=0.00s scan_all_tf=3.21s export_trend_state=0.01s
[2026-09-17 17:46:38] SCAN_TF_SLOW | scan_one_tf[H4] ใช้เวลา 2.45s > 2s | tf=H4 | duration=2.45
[2026-09-17 17:46:38] SCAN_TF_SLOW | scan_one_tf[H12] ใช้เวลา 2.68s > 2s | tf=H12 | duration=2.68
[2026-09-17 17:46:38] SCAN_TF_SLOW | scan_one_tf[D1] ใช้เวลา 2.94s > 2s | tf=D1 | duration=2.94
[2026-09-17 17:46:43] SCAN_TF_SLOW | scan_one_tf[H4] ใช้เวลา 2.49s > 2s | tf=H4 | duration=2.49
[2026-09-17 17:46:43] SCAN_TF_SLOW | scan_one_tf[H12] ใช้เวลา 2.74s > 2s | tf=H12 | duration=2.74
[2026-09-17 17:46:44] SCAN_TF_SLOW | scan_one_tf[D1] ใช้เวลา 3.00s > 2s | tf=D1 | duration=3.0
[2026-09-17 17:46:44] SCAN_SLOW | scan cycle ใช้เวลา 3.03s > 3s | breakdown=sl_tp_hits=0.00s cancel_pending=0.00s engulf_trail_sl=0.00s opposite_order_tp=0.00s entry_candle_quality=0.00s s3_maru_pending=0.00s fvg_pending=0.00s pb_pending=0.00s s12_management=0.00s scan_all_tf=3.02s export_trend_state=0.01s
[2026-09-17 17:46:47] SCAN_TF_SLOW | scan_one_tf[M15] ใช้เวลา 2.15s > 2s | tf=M15 | duration=2.15
[2026-09-17 17:46:48] SCAN_TF_SLOW | scan_one_tf[M30] ใช้เวลา 3.57s > 2s | tf=M30 | duration=3.57
[2026-09-17 17:46:49] SCAN_TF_SLOW | scan_one_tf[H1] ใช้เวลา 4.56s > 2s | tf=H1 | duration=4.56
[2026-09-17 17:46:50] SCAN_TF_SLOW | scan_one_tf[H4] ใช้เวลา 5.29s > 2s | tf=H4 | duration=5.29
[2026-09-17 17:46:50] SCAN_TF_SLOW | scan_one_tf[H12] ใช้เวลา 5.56s > 2s | tf=H12 | duration=5.56
[2026-09-17 17:46:50] SCAN_TF_SLOW | scan_one_tf[D1] ใช้เวลา 5.91s > 2s | tf=D1 | duration=5.91
[2026-09-17 17:46:50] SCAN_SLOW | scan cycle ใช้เวลา 5.97s > 3s | breakdown=sl_tp_hits=0.00s cancel_pending=0.00s engulf_trail_sl=0.00s opposite_order_tp=0.00s entry_candle_quality=0.00s s3_maru_pending=0.00s fvg_pending=0.00s pb_pending=0.00s s12_management=0.00s scan_all_tf=5.96s export_trend_state=0.01s
[2026-09-17 17:46:57] SCAN_TF_SLOW | scan_one_tf[H4] ใช้เวลา 2.67s > 2s | tf=H4 | duration=2.67
[2026-09-17 17:46:57] SCAN_TF_SLOW | scan_one_tf[H12] ใช้เวลา 2.92s > 2s | tf=H12 | duration=2.92
[2026-09-17 17:46:58] SCAN_TF_SLOW | scan_one_tf[D1] ใช้เวลา 3.18s > 2s | tf=D1 | duration=3.18
[2026-09-17 17:46:58] SCAN_SLOW | scan cycle ใช้เวลา 3.22s > 3s | breakdown=sl_tp_hits=0.00s cancel_pending=0.00s engulf_trail_sl=0.00s opposite_order_tp=0.00s entry_candle_quality=0.00s s3_maru_pending=0.00s fvg_pending=0.00s pb_pending=0.00s s12_management=0.00s scan_all_tf=3.21s export_trend_state=0.01s
[2026-09-17 17:47:03] SCAN_TF_SLOW | scan_one_tf[H4] ใช้เวลา 2.57s > 2s | tf=H4 | duration=2.57
[2026-09-17 17:47:03] SCAN_TF_SLOW | scan_one_tf[H12] ใช้เวลา 2.86s > 2s | tf=H12 | duration=2.86
[2026-09-17 17:47:04] SCAN_TF_SLOW | scan_one_tf[D1] ใช้เวลา 3.17s > 2s | tf=D1 | duration=3.17
[2026-09-17 17:47:04] SCAN_SLOW | scan cycle ใช้เวลา 3.21s > 3s | breakdown=sl_tp_hits=0.00s cancel_pending=0.00s engulf_trail_sl=0.00s opposite_order_tp=0.00s entry_candle_quality=0.00s s3_maru_pending=0.00s fvg_pending=0.00s pb_pending=0.00s s12_management=0.00s scan_all_tf=3.20s export_trend_state=0.01s
[2026-09-17 17:47:08] SCAN_TF_SLOW | scan_one_tf[H4] ใช้เวลา 2.44s > 2s | tf=H4 | duration=2.44
[2026-09-17 17:47:08] SCAN_TF_SLOW | scan_one_tf[H12] ใช้เวลา 2.68s > 2s | tf=H12 | duration=2.68
[2026-09-17 17:47:08] SCAN_TF_SLOW | scan_one_tf[D1] ใช้เวลา 2.96s > 2s | tf=D1 | duration=2.96
[2026-09-17 17:47:09] SYMBOL_CHECK | XAUUSDm trade_mode=4 xau_open=True | trade_mode=4 | tick_time=1789642028 | bid=4317.227 | ask=4317.487 | tick_ok=True | xau_open=True | current_symbol=XAUUSDm | startup=False
[2026-09-17 17:47:09] SCAN_SLOW | scan cycle ใช้เวลา 3.03s > 3s | breakdown=sl_tp_hits=0.00s cancel_pending=0.00s engulf_trail_sl=0.00s opposite_order_tp=0.00s entry_candle_quality=0.00s s3_maru_pending=0.00s fvg_pending=0.00s pb_pending=0.00s s12_management=0.00s scan_all_tf=3.02s export_trend_state=0.01s
[2026-09-17 17:47:13] SCAN_TF_SLOW | scan_one_tf[H4] ใช้เวลา 2.56s > 2s | tf=H4 | duration=2.56
[2026-09-17 17:47:13] SCAN_TF_SLOW | scan_one_tf[H12] ใช้เวลา 2.81s > 2s | tf=H12 | duration=2.81
[2026-09-17 17:47:14] SCAN_TF_SLOW | scan_one_tf[D1] ใช้เวลา 3.10s > 2s | tf=D1 | duration=3.1
[2026-09-17 17:47:14] SCAN_SLOW | scan cycle ใช้เวลา 3.14s > 3s | breakdown=sl_tp_hits=0.00s cancel_pending=0.00s engulf_trail_sl=0.00s opposite_order_tp=0.00s entry_candle_quality=0.00s s3_maru_pending=0.00s fvg_pending=0.00s pb_pending=0.00s s12_management=0.00s scan_all_tf=3.12s export_trend_state=0.01s
[2026-09-17 17:47:17] SCAN_TF_SLOW | scan_one_tf[H1] ใช้เวลา 2.12s > 2s | tf=H1 | duration=2.12
[2026-09-17 17:47:17] SCAN_TF_SLOW | scan_one_tf[H4] ใช้เวลา 2.77s > 2s | tf=H4 | duration=2.77
[2026-09-17 17:47:18] SCAN_TF_SLOW | scan_one_tf[H12] ใช้เวลา 3.07s > 2s | tf=H12 | duration=3.07
[2026-09-17 17:47:18] SCAN_TF_SLOW | scan_one_tf[D1] ใช้เวลา 3.38s > 2s | tf=D1 | duration=3.38
[2026-09-17 17:47:18] SCAN_SLOW | scan cycle ใช้เวลา 3.42s > 3s | breakdown=sl_tp_hits=0.00s cancel_pending=0.00s engulf_trail_sl=0.00s opposite_order_tp=0.00s entry_candle_quality=0.00s s3_maru_pending=0.00s fvg_pending=0.00s pb_pending=0.00s s12_management=0.00s scan_all_tf=3.40s export_trend_state=0.01s
[2026-09-17 17:47:22] SCAN_TF_SLOW | scan_one_tf[H4] ใช้เวลา 2.49s > 2s | tf=H4 | duration=2.49
[2026-09-17 17:47:22] SCAN_TF_SLOW | scan_one_tf[H12] ใช้เวลา 2.72s > 2s | tf=H12 | duration=2.72
[2026-09-17 17:47:23] SCAN_TF_SLOW | scan_one_tf[D1] ใช้เวลา 2.97s > 2s | tf=D1 | duration=2.97
[2026-09-17 17:47:23] SCAN_SLOW | scan cycle ใช้เวลา 3.02s > 3s | breakdown=sl_tp_hits=0.00s cancel_pending=0.00s engulf_trail_sl=0.00s opposite_order_tp=0.00s entry_candle_quality=0.00s s3_maru_pending=0.00s fvg_pending=0.00s pb_pending=0.00s s12_management=0.00s scan_all_tf=3.01s export_trend_state=0.01s
[2026-09-17 17:47:27] SCAN_TF_SLOW | scan_one_tf[H4] ใช้เวลา 2.39s > 2s | tf=H4 | duration=2.39
[2026-09-17 17:47:27] SCAN_TF_SLOW | scan_one_tf[H12] ใช้เวลา 2.64s > 2s | tf=H12 | duration=2.64
[2026-09-17 17:47:27] SCAN_TF_SLOW | scan_one_tf[D1] ใช้เวลา 2.89s > 2s | tf=D1 | duration=2.89
[2026-09-17 17:47:32] SCAN_TF_SLOW | scan_one_tf[H4] ใช้เวลา 2.46s > 2s | tf=H4 | duration=2.46
[2026-09-17 17:47:32] SCAN_TF_SLOW | scan_one_tf[H12] ใช้เวลา 2.73s > 2s | tf=H12 | duration=2.73
[2026-09-17 17:47:33] SCAN_TF_SLOW | scan_one_tf[D1] ใช้เวลา 3.03s > 2s | tf=D1 | duration=3.03
[2026-09-17 17:47:33] SCAN_SLOW | scan cycle ใช้เวลา 3.06s > 3s | breakdown=sl_tp_hits=0.00s cancel_pending=0.00s engulf_trail_sl=0.00s opposite_order_tp=0.00s entry_candle_quality=0.00s s3_maru_pending=0.00s fvg_pending=0.00s pb_pending=0.00s s12_management=0.00s scan_all_tf=3.05s export_trend_state=0.01s
[2026-09-17 17:47:37] SCAN_TF_SLOW | scan_one_tf[H1] ใช้เวลา 2.08s > 2s | tf=H1 | duration=2.08
[2026-09-17 17:47:37] SCAN_TF_SLOW | scan_one_tf[H4] ใช้เวลา 2.66s > 2s | tf=H4 | duration=2.66
[2026-09-17 17:47:37] SCAN_TF_SLOW | scan_one_tf[H12] ใช้เวลา 2.90s > 2s | tf=H12 | duration=2.9
[2026-09-17 17:47:38] SCAN_TF_SLOW | scan_one_tf[D1] ใช้เวลา 3.19s > 2s | tf=D1 | duration=3.19
[2026-09-17 17:47:38] SCAN_SLOW | scan cycle ใช้เวลา 3.23s > 3s | breakdown=sl_tp_hits=0.00s cancel_pending=0.00s engulf_trail_sl=0.00s opposite_order_tp=0.00s entry_candle_quality=0.00s s3_maru_pending=0.00s fvg_pending=0.00s pb_pending=0.00s s12_management=0.00s scan_all_tf=3.22s export_trend_state=0.01s
[2026-09-17 17:47:42] SCAN_TF_SLOW | scan_one_tf[H4] ใช้เวลา 2.52s > 2s | tf=H4 | duration=2.52
[2026-09-17 17:47:42] SCAN_TF_SLOW | scan_one_tf[H12] ใช้เวลา 2.76s > 2s | tf=H12 | duration=2.76
[2026-09-17 17:47:43] SCAN_TF_SLOW | scan_one_tf[D1] ใช้เวลา 3.04s > 2s | tf=D1 | duration=3.04
[2026-09-17 17:47:43] SCAN_SLOW | scan cycle ใช้เวลา 3.07s > 3s | breakdown=sl_tp_hits=0.00s cancel_pending=0.00s engulf_trail_sl=0.00s opposite_order_tp=0.00s entry_candle_quality=0.00s s3_maru_pending=0.00s fvg_pending=0.00s pb_pending=0.00s s12_management=0.00s scan_all_tf=3.06s export_trend_state=0.01s
[2026-09-17 17:47:48] SCAN_TF_SLOW | scan_one_tf[H1] ใช้เวลา 2.04s > 2s | tf=H1 | duration=2.04
[2026-09-17 17:47:48] SCAN_TF_SLOW | scan_one_tf[H4] ใช้เวลา 2.63s > 2s | tf=H4 | duration=2.63
[2026-09-17 17:47:48] SCAN_TF_SLOW | scan_one_tf[H12] ใช้เวลา 2.89s > 2s | tf=H12 | duration=2.89
[2026-09-17 17:47:49] SCAN_TF_SLOW | scan_one_tf[D1] ใช้เวลา 3.16s > 2s | tf=D1 | duration=3.16
[2026-09-17 17:47:49] SCAN_SLOW | scan cycle ใช้เวลา 3.19s > 3s | breakdown=sl_tp_hits=0.00s cancel_pending=0.00s engulf_trail_sl=0.00s opposite_order_tp=0.00s entry_candle_quality=0.00s s3_maru_pending=0.00s fvg_pending=0.00s pb_pending=0.00s s12_management=0.00s scan_all_tf=3.18s export_trend_state=0.01s
[2026-09-17 17:47:53] SCAN_TF_SLOW | scan_one_tf[H1] ใช้เวลา 2.02s > 2s | tf=H1 | duration=2.02
[2026-09-17 17:47:53] SCAN_TF_SLOW | scan_one_tf[H4] ใช้เวลา 2.60s > 2s | tf=H4 | duration=2.6
[2026-09-17 17:47:53] SCAN_TF_SLOW | scan_one_tf[H12] ใช้เวลา 2.84s > 2s | tf=H12 | duration=2.84
[2026-09-17 17:47:54] SCAN_TF_SLOW | scan_one_tf[D1] ใช้เวลา 3.14s > 2s | tf=D1 | duration=3.14
[2026-09-17 17:47:54] SCAN_SLOW | scan cycle ใช้เวลา 3.18s > 3s | breakdown=sl_tp_hits=0.00s cancel_pending=0.00s engulf_trail_sl=0.00s opposite_order_tp=0.00s entry_candle_quality=0.00s s3_maru_pending=0.00s fvg_pending=0.00s pb_pending=0.00s s12_management=0.00s scan_all_tf=3.17s export_trend_state=0.01s
[2026-09-17 17:47:58] SCAN_TF_SLOW | scan_one_tf[H4] ใช้เวลา 2.51s > 2s | tf=H4 | duration=2.51
[2026-09-17 17:47:58] SCAN_TF_SLOW | scan_one_tf[H12] ใช้เวลา 2.76s > 2s | tf=H12 | duration=2.76
[2026-09-17 17:47:59] SCAN_TF_SLOW | scan_one_tf[D1] ใช้เวลา 3.04s > 2s | tf=D1 | duration=3.04
[2026-09-17 17:47:59] SCAN_SLOW | scan cycle ใช้เวลา 3.07s > 3s | breakdown=sl_tp_hits=0.00s cancel_pending=0.00s engulf_trail_sl=0.00s opposite_order_tp=0.00s entry_candle_quality=0.00s s3_maru_pending=0.00s fvg_pending=0.00s pb_pending=0.00s s12_management=0.00s scan_all_tf=3.06s export_trend_state=0.01s
[2026-09-17 17:48:02] SCAN_TF_SLOW | scan_one_tf[H4] ใช้เวลา 2.58s > 2s | tf=H4 | duration=2.58
[2026-09-17 17:48:02] SCAN_TF_SLOW | scan_one_tf[H12] ใช้เวลา 2.83s > 2s | tf=H12 | duration=2.83
[2026-09-17 17:48:03] SCAN_TF_SLOW | scan_one_tf[D1] ใช้เวลา 3.11s > 2s | tf=D1 | duration=3.11
[2026-09-17 17:48:03] SCAN_SLOW | scan cycle ใช้เวลา 3.15s > 3s | breakdown=sl_tp_hits=0.00s cancel_pending=0.00s engulf_trail_sl=0.00s opposite_order_tp=0.00s entry_candle_quality=0.00s s3_maru_pending=0.00s fvg_pending=0.00s pb_pending=0.00s s12_management=0.00s scan_all_tf=3.14s export_trend_state=0.01s
[2026-09-17 17:48:07] SCAN_TF_SLOW | scan_one_tf[H1] ใช้เวลา 2.03s > 2s | tf=H1 | duration=2.03
[2026-09-17 17:48:07] SCAN_TF_SLOW | scan_one_tf[H4] ใช้เวลา 2.64s > 2s | tf=H4 | duration=2.64
[2026-09-17 17:48:07] SCAN_TF_SLOW | scan_one_tf[H12] ใช้เวลา 2.89s > 2s | tf=H12 | duration=2.89
[2026-09-17 17:48:08] SYMBOL_CHECK | XAUUSDm trade_mode=4 xau_open=True | trade_mode=4 | tick_time=1789642088 | bid=4317.283 | ask=4317.543 | tick_ok=True | xau_open=True | current_symbol=XAUUSDm | startup=False
[2026-09-17 17:48:08] SCAN_TF_SLOW | scan_one_tf[D1] ใช้เวลา 3.19s > 2s | tf=D1 | duration=3.19
[2026-09-17 17:48:08] SCAN_SLOW | scan cycle ใช้เวลา 3.23s > 3s | breakdown=sl_tp_hits=0.00s cancel_pending=0.00s engulf_trail_sl=0.00s opposite_order_tp=0.00s entry_candle_quality=0.00s s3_maru_pending=0.00s fvg_pending=0.00s pb_pending=0.00s s12_management=0.00s scan_all_tf=3.22s export_trend_state=0.01s
[2026-09-17 17:48:12] SCAN_TF_SLOW | scan_one_tf[H4] ใช้เวลา 2.56s > 2s | tf=H4 | duration=2.56
[2026-09-17 17:48:12] SCAN_TF_SLOW | scan_one_tf[H12] ใช้เวลา 2.81s > 2s | tf=H12 | duration=2.81
[2026-09-17 17:48:13] SCAN_TF_SLOW | scan_one_tf[D1] ใช้เวลา 3.09s > 2s | tf=D1 | duration=3.09
[2026-09-17 17:48:13] SCAN_SLOW | scan cycle ใช้เวลา 3.13s > 3s | breakdown=sl_tp_hits=0.00s cancel_pending=0.00s engulf_trail_sl=0.00s opposite_order_tp=0.00s entry_candle_quality=0.00s s3_maru_pending=0.00s fvg_pending=0.00s pb_pending=0.00s s12_management=0.00s scan_all_tf=3.12s export_trend_state=0.01s
[2026-09-17 17:48:18] SCAN_TF_SLOW | scan_one_tf[H1] ใช้เวลา 2.07s > 2s | tf=H1 | duration=2.07
[2026-09-17 17:48:18] SCAN_TF_SLOW | scan_one_tf[H4] ใช้เวลา 2.65s > 2s | tf=H4 | duration=2.65
[2026-09-17 17:48:18] SCAN_TF_SLOW | scan_one_tf[H12] ใช้เวลา 2.89s > 2s | tf=H12 | duration=2.89
[2026-09-17 17:48:19] SCAN_TF_SLOW | scan_one_tf[D1] ใช้เวลา 3.17s > 2s | tf=D1 | duration=3.17
[2026-09-17 17:48:19] SCAN_SLOW | scan cycle ใช้เวลา 3.22s > 3s | breakdown=sl_tp_hits=0.00s cancel_pending=0.00s engulf_trail_sl=0.00s opposite_order_tp=0.00s entry_candle_quality=0.00s s3_maru_pending=0.00s fvg_pending=0.00s pb_pending=0.00s s12_management=0.00s scan_all_tf=3.21s export_trend_state=0.01s
[2026-09-17 17:48:23] SCAN_TF_SLOW | scan_one_tf[H1] ใช้เวลา 2.06s > 2s | tf=H1 | duration=2.06
[2026-09-17 17:48:23] SCAN_TF_SLOW | scan_one_tf[H4] ใช้เวลา 2.65s > 2s | tf=H4 | duration=2.65
[2026-09-17 17:48:23] SCAN_TF_SLOW | scan_one_tf[H12] ใช้เวลา 2.89s > 2s | tf=H12 | duration=2.89
[2026-09-17 17:48:24] SCAN_TF_SLOW | scan_one_tf[D1] ใช้เวลา 3.16s > 2s | tf=D1 | duration=3.16
[2026-09-17 17:48:24] SCAN_SLOW | scan cycle ใช้เวลา 3.20s > 3s | breakdown=sl_tp_hits=0.00s cancel_pending=0.00s engulf_trail_sl=0.00s opposite_order_tp=0.00s entry_candle_quality=0.00s s3_maru_pending=0.00s fvg_pending=0.00s pb_pending=0.00s s12_management=0.00s scan_all_tf=3.19s export_trend_state=0.01s
[2026-09-17 17:48:28] SCAN_TF_SLOW | scan_one_tf[H4] ใช้เวลา 2.39s > 2s | tf=H4 | duration=2.39
[2026-09-17 17:48:28] SCAN_TF_SLOW | scan_one_tf[H12] ใช้เวลา 2.62s > 2s | tf=H12 | duration=2.62
[2026-09-17 17:48:28] SCAN_TF_SLOW | scan_one_tf[D1] ใช้เวลา 2.89s > 2s | tf=D1 | duration=2.89
[2026-09-17 17:48:33] SCAN_TF_SLOW | scan_one_tf[H4] ใช้เวลา 2.51s > 2s | tf=H4 | duration=2.51
[2026-09-17 17:48:33] SCAN_TF_SLOW | scan_one_tf[H12] ใช้เวลา 2.74s > 2s | tf=H12 | duration=2.74
[2026-09-17 17:48:34] SCAN_TF_SLOW | scan_one_tf[D1] ใช้เวลา 3.01s > 2s | tf=D1 | duration=3.01
[2026-09-17 17:48:34] SCAN_SLOW | scan cycle ใช้เวลา 3.05s > 3s | breakdown=sl_tp_hits=0.00s cancel_pending=0.00s engulf_trail_sl=0.00s opposite_order_tp=0.00s entry_candle_quality=0.00s s3_maru_pending=0.00s fvg_pending=0.00s pb_pending=0.00s s12_management=0.00s scan_all_tf=3.04s export_trend_state=0.01s
[2026-09-17 17:48:38] SCAN_TF_SLOW | scan_one_tf[H1] ใช้เวลา 2.16s > 2s | tf=H1 | duration=2.16
[2026-09-17 17:48:38] SCAN_TF_SLOW | scan_one_tf[H4] ใช้เวลา 2.74s > 2s | tf=H4 | duration=2.74
[2026-09-17 17:48:39] SCAN_TF_SLOW | scan_one_tf[H12] ใช้เวลา 2.98s > 2s | tf=H12 | duration=2.98
[2026-09-17 17:48:39] SCAN_TF_SLOW | scan_one_tf[D1] ใช้เวลา 3.26s > 2s | tf=D1 | duration=3.26
[2026-09-17 17:48:39] SCAN_SLOW | scan cycle ใช้เวลา 3.30s > 3s | breakdown=sl_tp_hits=0.00s cancel_pending=0.00s engulf_trail_sl=0.00s opposite_order_tp=0.00s entry_candle_quality=0.00s s3_maru_pending=0.00s fvg_pending=0.00s pb_pending=0.00s s12_management=0.00s scan_all_tf=3.29s export_trend_state=0.01s
[2026-09-17 17:48:43] SCAN_TF_SLOW | scan_one_tf[H4] ใช้เวลา 2.52s > 2s | tf=H4 | duration=2.52
[2026-09-17 17:48:43] SCAN_TF_SLOW | scan_one_tf[H12] ใช้เวลา 2.77s > 2s | tf=H12 | duration=2.77
[2026-09-17 17:48:44] SCAN_TF_SLOW | scan_one_tf[D1] ใช้เวลา 3.05s > 2s | tf=D1 | duration=3.05
[2026-09-17 17:48:44] SCAN_SLOW | scan cycle ใช้เวลา 3.08s > 3s | breakdown=sl_tp_hits=0.00s cancel_pending=0.00s engulf_trail_sl=0.00s opposite_order_tp=0.00s entry_candle_quality=0.00s s3_maru_pending=0.00s fvg_pending=0.00s pb_pending=0.00s s12_management=0.00s scan_all_tf=3.07s export_trend_state=0.01s
[2026-09-17 17:48:48] SCAN_TF_SLOW | scan_one_tf[H4] ใช้เวลา 2.56s > 2s | tf=H4 | duration=2.56
[2026-09-17 17:48:48] SCAN_TF_SLOW | scan_one_tf[H12] ใช้เวลา 2.79s > 2s | tf=H12 | duration=2.79
[2026-09-17 17:48:49] SCAN_TF_SLOW | scan_one_tf[D1] ใช้เวลา 3.07s > 2s | tf=D1 | duration=3.07
[2026-09-17 17:48:49] SCAN_SLOW | scan cycle ใช้เวลา 3.11s > 3s | breakdown=sl_tp_hits=0.00s cancel_pending=0.00s engulf_trail_sl=0.00s opposite_order_tp=0.00s entry_candle_quality=0.00s s3_maru_pending=0.00s fvg_pending=0.00s pb_pending=0.00s s12_management=0.00s scan_all_tf=3.10s export_trend_state=0.01s
[2026-09-17 17:48:53] SCAN_TF_SLOW | scan_one_tf[H4] ใช้เวลา 2.37s > 2s | tf=H4 | duration=2.37
[2026-09-17 17:48:53] SCAN_TF_SLOW | scan_one_tf[H12] ใช้เวลา 2.60s > 2s | tf=H12 | duration=2.6
[2026-09-17 17:48:53] SCAN_TF_SLOW | scan_one_tf[D1] ใช้เวลา 2.87s > 2s | tf=D1 | duration=2.87
[2026-09-17 17:48:58] SCAN_TF_SLOW | scan_one_tf[M30] ใช้เวลา 2.63s > 2s | tf=M30 | duration=2.63
[2026-09-17 17:48:59] SCAN_TF_SLOW | scan_one_tf[H1] ใช้เวลา 3.17s > 2s | tf=H1 | duration=3.17
[2026-09-17 17:48:59] SCAN_TF_SLOW | scan_one_tf[H4] ใช้เวลา 3.84s > 2s | tf=H4 | duration=3.84
[2026-09-17 17:49:00] SCAN_TF_SLOW | scan_one_tf[H12] ใช้เวลา 4.11s > 2s | tf=H12 | duration=4.11
[2026-09-17 17:49:00] SCAN_TF_SLOW | scan_one_tf[D1] ใช้เวลา 4.41s > 2s | tf=D1 | duration=4.41
[2026-09-17 17:49:00] SCAN_SLOW | scan cycle ใช้เวลา 4.45s > 3s | breakdown=sl_tp_hits=0.00s cancel_pending=0.00s engulf_trail_sl=0.00s opposite_order_tp=0.00s entry_candle_quality=0.00s s3_maru_pending=0.00s fvg_pending=0.00s pb_pending=0.00s s12_management=0.00s scan_all_tf=4.44s export_trend_state=0.01s
[2026-09-17 17:49:02] SCAN_TF_SLOW | scan_one_tf[H1] ใช้เวลา 2.01s > 2s | tf=H1 | duration=2.01
[2026-09-17 17:49:02] SCAN_TF_SLOW | scan_one_tf[H4] ใช้เวลา 2.78s > 2s | tf=H4 | duration=2.78
[2026-09-17 17:49:03] SCAN_TF_SLOW | scan_one_tf[H12] ใช้เวลา 3.22s > 2s | tf=H12 | duration=3.22
[2026-09-17 17:49:03] SCAN_TF_SLOW | scan_one_tf[D1] ใช้เวลา 3.69s > 2s | tf=D1 | duration=3.69
[2026-09-17 17:49:03] SCAN_SLOW | scan cycle ใช้เวลา 3.73s > 3s | breakdown=sl_tp_hits=0.00s cancel_pending=0.00s engulf_trail_sl=0.00s opposite_order_tp=0.00s entry_candle_quality=0.00s s3_maru_pending=0.00s fvg_pending=0.00s pb_pending=0.00s s12_management=0.00s scan_all_tf=3.72s export_trend_state=0.01s
[2026-09-17 17:49:07] SCAN_TF_SLOW | scan_one_tf[M30] ใช้เวลา 2.00s > 2s | tf=M30 | duration=2.0
[2026-09-17 17:49:07] SCAN_TF_SLOW | scan_one_tf[H1] ใช้เวลา 2.57s > 2s | tf=H1 | duration=2.57
[2026-09-17 17:49:08] SCAN_TF_SLOW | scan_one_tf[H4] ใช้เวลา 3.20s > 2s | tf=H4 | duration=3.2
[2026-09-17 17:49:08] SYMBOL_CHECK | XAUUSDm trade_mode=4 xau_open=True | trade_mode=4 | tick_time=1789642149 | bid=4318.194 | ask=4318.454 | tick_ok=True | xau_open=True | current_symbol=XAUUSDm | startup=False
[2026-09-17 17:49:08] SCAN_TF_SLOW | scan_one_tf[H12] ใช้เวลา 3.50s > 2s | tf=H12 | duration=3.5
[2026-09-17 17:49:08] SCAN_TF_SLOW | scan_one_tf[D1] ใช้เวลา 3.76s > 2s | tf=D1 | duration=3.76
[2026-09-17 17:49:08] SCAN_SLOW | scan cycle ใช้เวลา 3.80s > 3s | breakdown=sl_tp_hits=0.00s cancel_pending=0.00s engulf_trail_sl=0.00s opposite_order_tp=0.00s entry_candle_quality=0.00s s3_maru_pending=0.00s fvg_pending=0.00s pb_pending=0.00s s12_management=0.00s scan_all_tf=3.79s export_trend_state=0.01s
[2026-09-17 17:49:12] SCAN_TF_SLOW | scan_one_tf[H4] ใช้เวลา 2.60s > 2s | tf=H4 | duration=2.6
[2026-09-17 17:49:12] SCAN_TF_SLOW | scan_one_tf[H12] ใช้เวลา 2.84s > 2s | tf=H12 | duration=2.84
[2026-09-17 17:49:13] SCAN_TF_SLOW | scan_one_tf[D1] ใช้เวลา 3.12s > 2s | tf=D1 | duration=3.12
[2026-09-17 17:49:13] SCAN_SLOW | scan cycle ใช้เวลา 3.16s > 3s | breakdown=sl_tp_hits=0.00s cancel_pending=0.00s engulf_trail_sl=0.00s opposite_order_tp=0.00s entry_candle_quality=0.00s s3_maru_pending=0.00s fvg_pending=0.00s pb_pending=0.00s s12_management=0.00s scan_all_tf=3.15s export_trend_state=0.01s
[2026-09-17 17:49:18] SCAN_TF_SLOW | scan_one_tf[M30] ใช้เวลา 2.09s > 2s | tf=M30 | duration=2.09
[2026-09-17 17:49:19] SCAN_TF_SLOW | scan_one_tf[H1] ใช้เวลา 3.14s > 2s | tf=H1 | duration=3.14
[2026-09-17 17:49:20] SCAN_TF_SLOW | scan_one_tf[H4] ใช้เวลา 4.42s > 2s | tf=H4 | duration=4.42
[2026-09-17 17:49:20] SCAN_TF_SLOW | scan_one_tf[H12] ใช้เวลา 4.71s > 2s | tf=H12 | duration=4.71
[2026-09-17 17:49:20] SCAN_TF_SLOW | scan_one_tf[D1] ใช้เวลา 5.03s > 2s | tf=D1 | duration=5.03
[2026-09-17 17:49:20] SCAN_SLOW | scan cycle ใช้เวลา 5.07s > 3s | breakdown=sl_tp_hits=0.00s cancel_pending=0.00s engulf_trail_sl=0.00s opposite_order_tp=0.00s entry_candle_quality=0.00s s3_maru_pending=0.00s fvg_pending=0.00s pb_pending=0.00s s12_management=0.00s scan_all_tf=5.06s export_trend_state=0.01s
[2026-09-17 17:49:28] SCAN_TF_SLOW | scan_one_tf[H1] ใช้เวลา 2.19s > 2s | tf=H1 | duration=2.19
[2026-09-17 17:49:28] SCAN_TF_SLOW | scan_one_tf[H4] ใช้เวลา 2.84s > 2s | tf=H4 | duration=2.84
[2026-09-17 17:49:29] SCAN_TF_SLOW | scan_one_tf[H12] ใช้เวลา 3.12s > 2s | tf=H12 | duration=3.12
[2026-09-17 17:49:29] SCAN_TF_SLOW | scan_one_tf[D1] ใช้เวลา 3.40s > 2s | tf=D1 | duration=3.4
[2026-09-17 17:49:29] SCAN_SLOW | scan cycle ใช้เวลา 3.44s > 3s | breakdown=sl_tp_hits=0.00s cancel_pending=0.00s engulf_trail_sl=0.00s opposite_order_tp=0.00s entry_candle_quality=0.00s s3_maru_pending=0.00s fvg_pending=0.00s pb_pending=0.00s s12_management=0.00s scan_all_tf=3.43s export_trend_state=0.01s
[2026-09-17 17:49:33] SCAN_TF_SLOW | scan_one_tf[H4] ใช้เวลา 2.60s > 2s | tf=H4 | duration=2.6
[2026-09-17 17:49:33] SCAN_TF_SLOW | scan_one_tf[H12] ใช้เวลา 2.85s > 2s | tf=H12 | duration=2.85
[2026-09-17 17:49:33] SCAN_TF_SLOW | scan_one_tf[D1] ใช้เวลา 3.13s > 2s | tf=D1 | duration=3.13
[2026-09-17 17:49:33] SCAN_SLOW | scan cycle ใช้เวลา 3.17s > 3s | breakdown=sl_tp_hits=0.00s cancel_pending=0.00s engulf_trail_sl=0.00s opposite_order_tp=0.00s entry_candle_quality=0.00s s3_maru_pending=0.00s fvg_pending=0.00s pb_pending=0.00s s12_management=0.00s scan_all_tf=3.16s export_trend_state=0.01s
[2026-09-17 17:49:37] SCAN_TF_SLOW | scan_one_tf[H1] ใช้เวลา 2.09s > 2s | tf=H1 | duration=2.09
[2026-09-17 17:49:38] SCAN_TF_SLOW | scan_one_tf[H4] ใช้เวลา 2.74s > 2s | tf=H4 | duration=2.74
[2026-09-17 17:49:38] SCAN_TF_SLOW | scan_one_tf[H12] ใช้เวลา 3.03s > 2s | tf=H12 | duration=3.03
[2026-09-17 17:49:38] SCAN_TF_SLOW | scan_one_tf[D1] ใช้เวลา 3.31s > 2s | tf=D1 | duration=3.31
[2026-09-17 17:49:38] SCAN_SLOW | scan cycle ใช้เวลา 3.35s > 3s | breakdown=sl_tp_hits=0.00s cancel_pending=0.00s engulf_trail_sl=0.00s opposite_order_tp=0.00s entry_candle_quality=0.00s s3_maru_pending=0.00s fvg_pending=0.00s pb_pending=0.00s s12_management=0.00s scan_all_tf=3.34s export_trend_state=0.01s
[2026-09-17 17:49:42] SCAN_TF_SLOW | scan_one_tf[H1] ใช้เวลา 2.17s > 2s | tf=H1 | duration=2.17
[2026-09-17 17:49:43] SCAN_TF_SLOW | scan_one_tf[H4] ใช้เวลา 2.78s > 2s | tf=H4 | duration=2.78
[2026-09-17 17:49:43] SCAN_TF_SLOW | scan_one_tf[H12] ใช้เวลา 3.05s > 2s | tf=H12 | duration=3.05
[2026-09-17 17:49:43] SCAN_TF_SLOW | scan_one_tf[D1] ใช้เวลา 3.32s > 2s | tf=D1 | duration=3.32
[2026-09-17 17:49:43] SCAN_SLOW | scan cycle ใช้เวลา 3.36s > 3s | breakdown=sl_tp_hits=0.00s cancel_pending=0.00s engulf_trail_sl=0.00s opposite_order_tp=0.00s entry_candle_quality=0.00s s3_maru_pending=0.00s fvg_pending=0.00s pb_pending=0.00s s12_management=0.00s scan_all_tf=3.35s export_trend_state=0.01s
[2026-09-17 17:49:47] SCAN_TF_SLOW | scan_one_tf[H1] ใช้เวลา 2.24s > 2s | tf=H1 | duration=2.24
[2026-09-17 17:49:49] SCAN_TF_SLOW | scan_one_tf[H4] ใช้เวลา 2.86s > 2s | tf=H4 | duration=2.86
[2026-09-17 17:49:49] SCAN_TF_SLOW | scan_one_tf[H12] ใช้เวลา 3.14s > 2s | tf=H12 | duration=3.14
[2026-09-17 17:49:49] SCAN_TF_SLOW | scan_one_tf[D1] ใช้เวลา 3.43s > 2s | tf=D1 | duration=3.43
[2026-09-17 17:49:49] SCAN_SLOW | scan cycle ใช้เวลา 3.48s > 3s | breakdown=sl_tp_hits=0.00s cancel_pending=0.00s engulf_trail_sl=0.00s opposite_order_tp=0.00s entry_candle_quality=0.00s s3_maru_pending=0.00s fvg_pending=0.00s pb_pending=0.00s s12_management=0.00s scan_all_tf=3.46s export_trend_state=0.01s
[2026-09-17 17:49:53] SCAN_TF_SLOW | scan_one_tf[H4] ใช้เวลา 2.60s > 2s | tf=H4 | duration=2.6
[2026-09-17 17:49:53] SCAN_TF_SLOW | scan_one_tf[H12] ใช้เวลา 2.84s > 2s | tf=H12 | duration=2.84
[2026-09-17 17:49:54] SCAN_TF_SLOW | scan_one_tf[D1] ใช้เวลา 3.13s > 2s | tf=D1 | duration=3.13
[2026-09-17 17:49:54] SCAN_SLOW | scan cycle ใช้เวลา 3.16s > 3s | breakdown=sl_tp_hits=0.00s cancel_pending=0.00s engulf_trail_sl=0.00s opposite_order_tp=0.00s entry_candle_quality=0.00s s3_maru_pending=0.00s fvg_pending=0.00s pb_pending=0.00s s12_management=0.00s scan_all_tf=3.15s export_trend_state=0.01s
[2026-09-17 17:49:58] SCAN_TF_SLOW | scan_one_tf[H1] ใช้เวลา 2.20s > 2s | tf=H1 | duration=2.2
[2026-09-17 17:49:58] SCAN_TF_SLOW | scan_one_tf[H4] ใช้เวลา 2.84s > 2s | tf=H4 | duration=2.84
[2026-09-17 17:49:59] SCAN_TF_SLOW | scan_one_tf[H12] ใช้เวลา 3.11s > 2s | tf=H12 | duration=3.11
[2026-09-17 17:49:59] SCAN_TF_SLOW | scan_one_tf[D1] ใช้เวลา 3.39s > 2s | tf=D1 | duration=3.39
[2026-09-17 17:49:59] SCAN_SLOW | scan cycle ใช้เวลา 3.42s > 3s | breakdown=sl_tp_hits=0.00s cancel_pending=0.00s engulf_trail_sl=0.00s opposite_order_tp=0.00s entry_candle_quality=0.00s s3_maru_pending=0.00s fvg_pending=0.00s pb_pending=0.00s s12_management=0.00s scan_all_tf=3.41s export_trend_state=0.01s
[2026-09-17 17:50:03] SCAN_TF_SLOW | scan_one_tf[H4] ใช้เวลา 2.61s > 2s | tf=H4 | duration=2.61
[2026-09-17 17:50:03] SCAN_TF_SLOW | scan_one_tf[H12] ใช้เวลา 2.87s > 2s | tf=H12 | duration=2.87
[2026-09-17 17:50:03] SCAN_TF_SLOW | scan_one_tf[D1] ใช้เวลา 3.17s > 2s | tf=D1 | duration=3.17
[2026-09-17 17:50:03] SCAN_SLOW | scan cycle ใช้เวลา 3.21s > 3s | breakdown=sl_tp_hits=0.00s cancel_pending=0.00s engulf_trail_sl=0.00s opposite_order_tp=0.00s entry_candle_quality=0.00s s3_maru_pending=0.00s fvg_pending=0.00s pb_pending=0.00s s12_management=0.00s scan_all_tf=3.20s export_trend_state=0.01s
[2026-09-17 17:50:07] SCAN_TF_SLOW | scan_one_tf[H1] ใช้เวลา 2.57s > 2s | tf=H1 | duration=2.57
[2026-09-17 17:50:08] SCAN_TF_SLOW | scan_one_tf[H4] ใช้เวลา 3.36s > 2s | tf=H4 | duration=3.36
[2026-09-17 17:50:08] SYMBOL_CHECK | XAUUSDm trade_mode=4 xau_open=True | trade_mode=4 | tick_time=1789642209 | bid=4318.562 | ask=4318.822 | tick_ok=True | xau_open=True | current_symbol=XAUUSDm | startup=False
[2026-09-17 17:50:08] SCAN_TF_SLOW | scan_one_tf[H12] ใช้เวลา 3.68s > 2s | tf=H12 | duration=3.68
[2026-09-17 17:50:09] SCAN_TF_SLOW | scan_one_tf[D1] ใช้เวลา 3.98s > 2s | tf=D1 | duration=3.98
[2026-09-17 17:50:09] SCAN_SLOW | scan cycle ใช้เวลา 4.02s > 3s | breakdown=sl_tp_hits=0.00s cancel_pending=0.00s engulf_trail_sl=0.00s opposite_order_tp=0.00s entry_candle_quality=0.00s s3_maru_pending=0.00s fvg_pending=0.00s pb_pending=0.00s s12_management=0.00s scan_all_tf=4.01s export_trend_state=0.01s
[2026-09-17 17:50:12] SCAN_TF_SLOW | scan_one_tf[H1] ใช้เวลา 2.35s > 2s | tf=H1 | duration=2.35
[2026-09-17 17:50:13] SCAN_TF_SLOW | scan_one_tf[H4] ใช้เวลา 3.04s > 2s | tf=H4 | duration=3.04
[2026-09-17 17:50:13] SCAN_TF_SLOW | scan_one_tf[H12] ใช้เวลา 3.33s > 2s | tf=H12 | duration=3.33
[2026-09-17 17:50:13] SCAN_TF_SLOW | scan_one_tf[D1] ใช้เวลา 3.61s > 2s | tf=D1 | duration=3.61
[2026-09-17 17:50:13] SCAN_SLOW | scan cycle ใช้เวลา 3.65s > 3s | breakdown=sl_tp_hits=0.00s cancel_pending=0.00s engulf_trail_sl=0.00s opposite_order_tp=0.00s entry_candle_quality=0.00s s3_maru_pending=0.00s fvg_pending=0.00s pb_pending=0.00s s12_management=0.00s scan_all_tf=3.64s export_trend_state=0.01s
[2026-09-17 17:50:17] SCAN_TF_SLOW | scan_one_tf[H1] ใช้เวลา 2.04s > 2s | tf=H1 | duration=2.04
[2026-09-17 17:50:17] SCAN_TF_SLOW | scan_one_tf[H4] ใช้เวลา 2.77s > 2s | tf=H4 | duration=2.77
[2026-09-17 17:50:18] SCAN_TF_SLOW | scan_one_tf[H12] ใช้เวลา 3.06s > 2s | tf=H12 | duration=3.06
[2026-09-17 17:50:18] SCAN_TF_SLOW | scan_one_tf[D1] ใช้เวลา 3.35s > 2s | tf=D1 | duration=3.35
[2026-09-17 17:50:18] SCAN_SLOW | scan cycle ใช้เวลา 3.39s > 3s | breakdown=sl_tp_hits=0.00s cancel_pending=0.00s engulf_trail_sl=0.00s opposite_order_tp=0.00s entry_candle_quality=0.00s s3_maru_pending=0.00s fvg_pending=0.00s pb_pending=0.00s s12_management=0.00s scan_all_tf=3.38s export_trend_state=0.01s
[2026-09-17 17:50:22] SCAN_TF_SLOW | scan_one_tf[H1] ใช้เวลา 2.54s > 2s | tf=H1 | duration=2.54
[2026-09-17 17:50:23] SCAN_TF_SLOW | scan_one_tf[H4] ใช้เวลา 3.18s > 2s | tf=H4 | duration=3.18
[2026-09-17 17:50:23] SCAN_TF_SLOW | scan_one_tf[H12] ใช้เวลา 3.46s > 2s | tf=H12 | duration=3.46
[2026-09-17 17:50:23] SCAN_TF_SLOW | scan_one_tf[D1] ใช้เวลา 3.73s > 2s | tf=D1 | duration=3.73
[2026-09-17 17:50:23] SCAN_SLOW | scan cycle ใช้เวลา 3.77s > 3s | breakdown=sl_tp_hits=0.00s cancel_pending=0.00s engulf_trail_sl=0.00s opposite_order_tp=0.00s entry_candle_quality=0.00s s3_maru_pending=0.00s fvg_pending=0.00s pb_pending=0.00s s12_management=0.00s scan_all_tf=3.76s export_trend_state=0.01s
[2026-09-17 17:50:27] SCAN_TF_SLOW | scan_one_tf[H1] ใช้เวลา 2.05s > 2s | tf=H1 | duration=2.05
[2026-09-17 17:50:27] SCAN_TF_SLOW | scan_one_tf[H4] ใช้เวลา 2.64s > 2s | tf=H4 | duration=2.64
[2026-09-17 17:50:27] SCAN_TF_SLOW | scan_one_tf[H12] ใช้เวลา 2.88s > 2s | tf=H12 | duration=2.88
[2026-09-17 17:50:28] SCAN_TF_SLOW | scan_one_tf[D1] ใช้เวลา 3.16s > 2s | tf=D1 | duration=3.16
[2026-09-17 17:50:28] SCAN_SLOW | scan cycle ใช้เวลา 3.20s > 3s | breakdown=sl_tp_hits=0.00s cancel_pending=0.00s engulf_trail_sl=0.00s opposite_order_tp=0.00s entry_candle_quality=0.00s s3_maru_pending=0.00s fvg_pending=0.00s pb_pending=0.00s s12_management=0.00s scan_all_tf=3.19s export_trend_state=0.01s
[2026-09-17 17:50:32] SCAN_TF_SLOW | scan_one_tf[H1] ใช้เวลา 2.22s > 2s | tf=H1 | duration=2.22
[2026-09-17 17:50:32] SCAN_TF_SLOW | scan_one_tf[H4] ใช้เวลา 2.86s > 2s | tf=H4 | duration=2.86
[2026-09-17 17:50:33] SCAN_TF_SLOW | scan_one_tf[H12] ใช้เวลา 3.13s > 2s | tf=H12 | duration=3.13
[2026-09-17 17:50:33] SCAN_TF_SLOW | scan_one_tf[D1] ใช้เวลา 3.43s > 2s | tf=D1 | duration=3.43
[2026-09-17 17:50:33] SCAN_SLOW | scan cycle ใช้เวลา 3.48s > 3s | breakdown=sl_tp_hits=0.00s cancel_pending=0.00s engulf_trail_sl=0.00s opposite_order_tp=0.00s entry_candle_quality=0.00s s3_maru_pending=0.00s fvg_pending=0.00s pb_pending=0.00s s12_management=0.00s scan_all_tf=3.46s export_trend_state=0.01s
[2026-09-17 17:50:37] SCAN_TF_SLOW | scan_one_tf[H4] ใช้เวลา 2.56s > 2s | tf=H4 | duration=2.56
[2026-09-17 17:50:37] SCAN_TF_SLOW | scan_one_tf[H12] ใช้เวลา 2.81s > 2s | tf=H12 | duration=2.81
[2026-09-17 17:50:38] SCAN_TF_SLOW | scan_one_tf[D1] ใช้เวลา 3.09s > 2s | tf=D1 | duration=3.09
[2026-09-17 17:50:38] SCAN_SLOW | scan cycle ใช้เวลา 3.14s > 3s | breakdown=sl_tp_hits=0.00s cancel_pending=0.00s engulf_trail_sl=0.00s opposite_order_tp=0.00s entry_candle_quality=0.00s s3_maru_pending=0.00s fvg_pending=0.00s pb_pending=0.00s s12_management=0.00s scan_all_tf=3.12s export_trend_state=0.01s
[2026-09-17 17:50:42] SCAN_TF_SLOW | scan_one_tf[H1] ใช้เวลา 2.21s > 2s | tf=H1 | duration=2.21
[2026-09-17 17:50:42] SCAN_TF_SLOW | scan_one_tf[H4] ใช้เวลา 2.84s > 2s | tf=H4 | duration=2.84
[2026-09-17 17:50:43] SCAN_TF_SLOW | scan_one_tf[H12] ใช้เวลา 3.10s > 2s | tf=H12 | duration=3.1
[2026-09-17 17:50:43] SCAN_TF_SLOW | scan_one_tf[D1] ใช้เวลา 3.39s > 2s | tf=D1 | duration=3.39
[2026-09-17 17:50:43] SCAN_SLOW | scan cycle ใช้เวลา 3.43s > 3s | breakdown=sl_tp_hits=0.00s cancel_pending=0.00s engulf_trail_sl=0.00s opposite_order_tp=0.00s entry_candle_quality=0.00s s3_maru_pending=0.00s fvg_pending=0.00s pb_pending=0.00s s12_management=0.00s scan_all_tf=3.42s export_trend_state=0.01s
[2026-09-17 17:50:47] SCAN_TF_SLOW | scan_one_tf[H1] ใช้เวลา 2.07s > 2s | tf=H1 | duration=2.07
[2026-09-17 17:50:47] SCAN_TF_SLOW | scan_one_tf[H4] ใช้เวลา 2.73s > 2s | tf=H4 | duration=2.73
[2026-09-17 17:50:49] SCAN_TF_SLOW | scan_one_tf[H12] ใช้เวลา 3.01s > 2s | tf=H12 | duration=3.01
[2026-09-17 17:50:49] SCAN_TF_SLOW | scan_one_tf[D1] ใช้เวลา 3.27s > 2s | tf=D1 | duration=3.27
[2026-09-17 17:50:49] SCAN_SLOW | scan cycle ใช้เวลา 3.31s > 3s | breakdown=sl_tp_hits=0.00s cancel_pending=0.00s engulf_trail_sl=0.00s opposite_order_tp=0.00s entry_candle_quality=0.00s s3_maru_pending=0.00s fvg_pending=0.00s pb_pending=0.00s s12_management=0.00s scan_all_tf=3.30s export_trend_state=0.01s
[2026-09-17 17:50:53] SCAN_TF_SLOW | scan_one_tf[H1] ใช้เวลา 2.37s > 2s | tf=H1 | duration=2.37
[2026-09-17 17:50:54] SCAN_TF_SLOW | scan_one_tf[H4] ใช้เวลา 3.07s > 2s | tf=H4 | duration=3.07
[2026-09-17 17:50:54] SCAN_TF_SLOW | scan_one_tf[H12] ใช้เวลา 3.36s > 2s | tf=H12 | duration=3.36
[2026-09-17 17:50:54] SCAN_TF_SLOW | scan_one_tf[D1] ใช้เวลา 3.66s > 2s | tf=D1 | duration=3.66
[2026-09-17 17:50:54] SCAN_SLOW | scan cycle ใช้เวลา 3.71s > 3s | breakdown=sl_tp_hits=0.00s cancel_pending=0.00s engulf_trail_sl=0.00s opposite_order_tp=0.00s entry_candle_quality=0.00s s3_maru_pending=0.00s fvg_pending=0.00s pb_pending=0.00s s12_management=0.00s scan_all_tf=3.69s export_trend_state=0.01s
[2026-09-17 17:50:58] SCAN_TF_SLOW | scan_one_tf[H1] ใช้เวลา 2.39s > 2s | tf=H1 | duration=2.39
[2026-09-17 17:50:59] SCAN_TF_SLOW | scan_one_tf[H4] ใช้เวลา 3.24s > 2s | tf=H4 | duration=3.24
[2026-09-17 17:50:59] SCAN_TF_SLOW | scan_one_tf[H12] ใช้เวลา 3.53s > 2s | tf=H12 | duration=3.53
[2026-09-17 17:50:59] SCAN_TF_SLOW | scan_one_tf[D1] ใช้เวลา 3.81s > 2s | tf=D1 | duration=3.81
[2026-09-17 17:50:59] SCAN_SLOW | scan cycle ใช้เวลา 3.85s > 3s | breakdown=sl_tp_hits=0.00s cancel_pending=0.00s engulf_trail_sl=0.00s opposite_order_tp=0.00s entry_candle_quality=0.00s s3_maru_pending=0.00s fvg_pending=0.00s pb_pending=0.00s s12_management=0.00s scan_all_tf=3.84s export_trend_state=0.01s
[2026-09-17 17:51:03] SCAN_TF_SLOW | scan_one_tf[M30] ใช้เวลา 2.10s > 2s | tf=M30 | duration=2.1
[2026-09-17 17:51:03] SCAN_TF_SLOW | scan_one_tf[H1] ใช้เวลา 2.84s > 2s | tf=H1 | duration=2.84
[2026-09-17 17:51:04] SCAN_TF_SLOW | scan_one_tf[H4] ใช้เวลา 3.48s > 2s | tf=H4 | duration=3.48
[2026-09-17 17:51:04] SCAN_TF_SLOW | scan_one_tf[H12] ใช้เวลา 3.77s > 2s | tf=H12 | duration=3.77
[2026-09-17 17:51:04] SCAN_TF_SLOW | scan_one_tf[D1] ใช้เวลา 4.04s > 2s | tf=D1 | duration=4.04
[2026-09-17 17:51:04] SCAN_SLOW | scan cycle ใช้เวลา 4.09s > 3s | breakdown=sl_tp_hits=0.00s cancel_pending=0.00s engulf_trail_sl=0.00s opposite_order_tp=0.00s entry_candle_quality=0.00s s3_maru_pending=0.00s fvg_pending=0.00s pb_pending=0.00s s12_management=0.00s scan_all_tf=4.08s export_trend_state=0.01s
[2026-09-17 17:51:07] SCAN_TF_SLOW | scan_one_tf[H1] ใช้เวลา 2.16s > 2s | tf=H1 | duration=2.16
[2026-09-17 17:51:08] SCAN_TF_SLOW | scan_one_tf[H4] ใช้เวลา 2.82s > 2s | tf=H4 | duration=2.82
[2026-09-17 17:51:08] SYMBOL_CHECK | XAUUSDm trade_mode=4 xau_open=True | trade_mode=4 | tick_time=1789642269 | bid=4321.303 | ask=4321.563 | tick_ok=True | xau_open=True | current_symbol=XAUUSDm | startup=False
[2026-09-17 17:51:08] SCAN_TF_SLOW | scan_one_tf[H12] ใช้เวลา 3.13s > 2s | tf=H12 | duration=3.13
[2026-09-17 17:51:08] SCAN_TF_SLOW | scan_one_tf[D1] ใช้เวลา 3.41s > 2s | tf=D1 | duration=3.41
[2026-09-17 17:51:08] SCAN_SLOW | scan cycle ใช้เวลา 3.44s > 3s | breakdown=sl_tp_hits=0.00s cancel_pending=0.00s engulf_trail_sl=0.00s opposite_order_tp=0.00s entry_candle_quality=0.00s s3_maru_pending=0.00s fvg_pending=0.00s pb_pending=0.00s s12_management=0.00s scan_all_tf=3.43s export_trend_state=0.01s
[2026-09-17 17:51:12] SCAN_TF_SLOW | scan_one_tf[H1] ใช้เวลา 2.42s > 2s | tf=H1 | duration=2.42
[2026-09-17 17:51:13] SCAN_TF_SLOW | scan_one_tf[H4] ใช้เวลา 3.06s > 2s | tf=H4 | duration=3.06
[2026-09-17 17:51:13] SCAN_TF_SLOW | scan_one_tf[H12] ใช้เวลา 3.32s > 2s | tf=H12 | duration=3.32
[2026-09-17 17:51:14] SCAN_TF_SLOW | scan_one_tf[D1] ใช้เวลา 3.61s > 2s | tf=D1 | duration=3.61
[2026-09-17 17:51:14] SCAN_SLOW | scan cycle ใช้เวลา 3.66s > 3s | breakdown=sl_tp_hits=0.00s cancel_pending=0.00s engulf_trail_sl=0.00s opposite_order_tp=0.00s entry_candle_quality=0.00s s3_maru_pending=0.00s fvg_pending=0.00s pb_pending=0.00s s12_management=0.00s scan_all_tf=3.64s export_trend_state=0.01s
[2026-09-17 17:51:17] SCAN_TF_SLOW | scan_one_tf[H1] ใช้เวลา 2.05s > 2s | tf=H1 | duration=2.05
[2026-09-17 17:51:18] SCAN_TF_SLOW | scan_one_tf[H4] ใช้เวลา 2.70s > 2s | tf=H4 | duration=2.7
[2026-09-17 17:51:18] SCAN_TF_SLOW | scan_one_tf[H12] ใช้เวลา 2.97s > 2s | tf=H12 | duration=2.97
[2026-09-17 17:51:18] SCAN_TF_SLOW | scan_one_tf[D1] ใช้เวลา 3.25s > 2s | tf=D1 | duration=3.25
[2026-09-17 17:51:18] SCAN_SLOW | scan cycle ใช้เวลา 3.29s > 3s | breakdown=sl_tp_hits=0.00s cancel_pending=0.00s engulf_trail_sl=0.00s opposite_order_tp=0.00s entry_candle_quality=0.00s s3_maru_pending=0.00s fvg_pending=0.00s pb_pending=0.00s s12_management=0.00s scan_all_tf=3.28s export_trend_state=0.01s
[2026-09-17 17:51:22] SCAN_TF_SLOW | scan_one_tf[H1] ใช้เวลา 2.10s > 2s | tf=H1 | duration=2.1
[2026-09-17 17:51:22] SCAN_TF_SLOW | scan_one_tf[H4] ใช้เวลา 2.74s > 2s | tf=H4 | duration=2.74
[2026-09-17 17:51:23] SCAN_TF_SLOW | scan_one_tf[H12] ใช้เวลา 3.04s > 2s | tf=H12 | duration=3.04
[2026-09-17 17:51:23] SCAN_TF_SLOW | scan_one_tf[D1] ใช้เวลา 3.33s > 2s | tf=D1 | duration=3.33
[2026-09-17 17:51:23] SCAN_SLOW | scan cycle ใช้เวลา 3.36s > 3s | breakdown=sl_tp_hits=0.00s cancel_pending=0.00s engulf_trail_sl=0.00s opposite_order_tp=0.00s entry_candle_quality=0.00s s3_maru_pending=0.00s fvg_pending=0.00s pb_pending=0.00s s12_management=0.00s scan_all_tf=3.35s export_trend_state=0.01s
[2026-09-17 17:51:27] SCAN_TF_SLOW | scan_one_tf[H1] ใช้เวลา 2.00s > 2s | tf=H1 | duration=2.0
[2026-09-17 17:51:27] SCAN_TF_SLOW | scan_one_tf[H4] ใช้เวลา 2.64s > 2s | tf=H4 | duration=2.64
[2026-09-17 17:51:27] SCAN_TF_SLOW | scan_one_tf[H12] ใช้เวลา 2.90s > 2s | tf=H12 | duration=2.9
[2026-09-17 17:51:28] SCAN_TF_SLOW | scan_one_tf[D1] ใช้เวลา 3.19s > 2s | tf=D1 | duration=3.19
[2026-09-17 17:51:28] SCAN_SLOW | scan cycle ใช้เวลา 3.23s > 3s | breakdown=sl_tp_hits=0.00s cancel_pending=0.00s engulf_trail_sl=0.00s opposite_order_tp=0.00s entry_candle_quality=0.00s s3_maru_pending=0.00s fvg_pending=0.00s pb_pending=0.00s s12_management=0.00s scan_all_tf=3.22s export_trend_state=0.01s
[2026-09-17 17:51:32] SCAN_TF_SLOW | scan_one_tf[H1] ใช้เวลา 2.15s > 2s | tf=H1 | duration=2.15
[2026-09-17 17:51:32] SCAN_TF_SLOW | scan_one_tf[H4] ใช้เวลา 2.82s > 2s | tf=H4 | duration=2.82
[2026-09-17 17:51:33] SCAN_TF_SLOW | scan_one_tf[H12] ใช้เวลา 3.09s > 2s | tf=H12 | duration=3.09
[2026-09-17 17:51:33] SCAN_TF_SLOW | scan_one_tf[D1] ใช้เวลา 3.36s > 2s | tf=D1 | duration=3.36
[2026-09-17 17:51:33] SCAN_SLOW | scan cycle ใช้เวลา 3.40s > 3s | breakdown=sl_tp_hits=0.00s cancel_pending=0.00s engulf_trail_sl=0.00s opposite_order_tp=0.00s entry_candle_quality=0.00s s3_maru_pending=0.00s fvg_pending=0.00s pb_pending=0.00s s12_management=0.00s scan_all_tf=3.39s export_trend_state=0.01s
[2026-09-17 17:51:37] SCAN_TF_SLOW | scan_one_tf[H1] ใช้เวลา 2.03s > 2s | tf=H1 | duration=2.03
[2026-09-17 17:51:37] SCAN_TF_SLOW | scan_one_tf[H4] ใช้เวลา 2.64s > 2s | tf=H4 | duration=2.64
[2026-09-17 17:51:37] SCAN_TF_SLOW | scan_one_tf[H12] ใช้เวลา 2.88s > 2s | tf=H12 | duration=2.88
[2026-09-17 17:51:38] SCAN_TF_SLOW | scan_one_tf[D1] ใช้เวลา 3.17s > 2s | tf=D1 | duration=3.17
[2026-09-17 17:51:38] SCAN_SLOW | scan cycle ใช้เวลา 3.20s > 3s | breakdown=sl_tp_hits=0.00s cancel_pending=0.00s engulf_trail_sl=0.00s opposite_order_tp=0.00s entry_candle_quality=0.00s s3_maru_pending=0.00s fvg_pending=0.00s pb_pending=0.00s s12_management=0.00s scan_all_tf=3.19s export_trend_state=0.01s
[2026-09-17 17:51:42] SCAN_TF_SLOW | scan_one_tf[H1] ใช้เวลา 2.29s > 2s | tf=H1 | duration=2.29
[2026-09-17 17:51:43] SCAN_TF_SLOW | scan_one_tf[H4] ใช้เวลา 2.98s > 2s | tf=H4 | duration=2.98
[2026-09-17 17:51:43] SCAN_TF_SLOW | scan_one_tf[H12] ใช้เวลา 3.28s > 2s | tf=H12 | duration=3.28
[2026-09-17 17:51:43] SCAN_TF_SLOW | scan_one_tf[D1] ใช้เวลา 3.58s > 2s | tf=D1 | duration=3.58
[2026-09-17 17:51:43] SCAN_SLOW | scan cycle ใช้เวลา 3.62s > 3s | breakdown=sl_tp_hits=0.00s cancel_pending=0.00s engulf_trail_sl=0.00s opposite_order_tp=0.00s entry_candle_quality=0.00s s3_maru_pending=0.00s fvg_pending=0.00s pb_pending=0.00s s12_management=0.00s scan_all_tf=3.61s export_trend_state=0.01s
[2026-09-17 17:51:47] SCAN_TF_SLOW | scan_one_tf[H1] ใช้เวลา 2.37s > 2s | tf=H1 | duration=2.37
[2026-09-17 17:51:48] SCAN_TF_SLOW | scan_one_tf[H4] ใช้เวลา 3.07s > 2s | tf=H4 | duration=3.07
[2026-09-17 17:51:48] SCAN_TF_SLOW | scan_one_tf[H12] ใช้เวลา 3.34s > 2s | tf=H12 | duration=3.34
[2026-09-17 17:51:48] SCAN_TF_SLOW | scan_one_tf[D1] ใช้เวลา 3.61s > 2s | tf=D1 | duration=3.61
[2026-09-17 17:51:48] SCAN_SLOW | scan cycle ใช้เวลา 3.65s > 3s | breakdown=sl_tp_hits=0.00s cancel_pending=0.00s engulf_trail_sl=0.00s opposite_order_tp=0.00s entry_candle_quality=0.00s s3_maru_pending=0.00s fvg_pending=0.00s pb_pending=0.00s s12_management=0.00s scan_all_tf=3.64s export_trend_state=0.01s
[2026-09-17 17:51:52] SCAN_TF_SLOW | scan_one_tf[H1] ใช้เวลา 2.21s > 2s | tf=H1 | duration=2.21
[2026-09-17 17:51:52] SCAN_TF_SLOW | scan_one_tf[H4] ใช้เวลา 2.85s > 2s | tf=H4 | duration=2.85
[2026-09-17 17:51:53] SCAN_TF_SLOW | scan_one_tf[H12] ใช้เวลา 3.12s > 2s | tf=H12 | duration=3.12
[2026-09-17 17:51:53] SCAN_TF_SLOW | scan_one_tf[D1] ใช้เวลา 3.42s > 2s | tf=D1 | duration=3.42
[2026-09-17 17:51:53] SCAN_SLOW | scan cycle ใช้เวลา 3.46s > 3s | breakdown=sl_tp_hits=0.00s cancel_pending=0.00s engulf_trail_sl=0.00s opposite_order_tp=0.00s entry_candle_quality=0.00s s3_maru_pending=0.00s fvg_pending=0.00s pb_pending=0.00s s12_management=0.00s scan_all_tf=3.44s export_trend_state=0.01s
[2026-09-17 17:51:57] SCAN_TF_SLOW | scan_one_tf[H1] ใช้เวลา 2.11s > 2s | tf=H1 | duration=2.11
[2026-09-17 17:51:57] SCAN_TF_SLOW | scan_one_tf[H4] ใช้เวลา 2.74s > 2s | tf=H4 | duration=2.74
[2026-09-17 17:51:58] SCAN_TF_SLOW | scan_one_tf[H12] ใช้เวลา 3.03s > 2s | tf=H12 | duration=3.03
[2026-09-17 17:51:58] SCAN_TF_SLOW | scan_one_tf[D1] ใช้เวลา 3.31s > 2s | tf=D1 | duration=3.31
[2026-09-17 17:51:58] SCAN_SLOW | scan cycle ใช้เวลา 3.34s > 3s | breakdown=sl_tp_hits=0.00s cancel_pending=0.00s engulf_trail_sl=0.00s opposite_order_tp=0.00s entry_candle_quality=0.00s s3_maru_pending=0.00s fvg_pending=0.00s pb_pending=0.00s s12_management=0.00s scan_all_tf=3.33s export_trend_state=0.01s
[2026-09-17 17:52:02] SCAN_TF_SLOW | scan_one_tf[H1] ใช้เวลา 2.52s > 2s | tf=H1 | duration=2.52
[2026-09-17 17:52:03] SCAN_TF_SLOW | scan_one_tf[H4] ใช้เวลา 3.20s > 2s | tf=H4 | duration=3.2
[2026-09-17 17:52:03] SCAN_TF_SLOW | scan_one_tf[H12] ใช้เวลา 3.48s > 2s | tf=H12 | duration=3.48
[2026-09-17 17:52:03] SCAN_TF_SLOW | scan_one_tf[D1] ใช้เวลา 3.76s > 2s | tf=D1 | duration=3.76
[2026-09-17 17:52:03] SCAN_SLOW | scan cycle ใช้เวลา 3.81s > 3s | breakdown=sl_tp_hits=0.00s cancel_pending=0.00s engulf_trail_sl=0.00s opposite_order_tp=0.00s entry_candle_quality=0.00s s3_maru_pending=0.00s fvg_pending=0.00s pb_pending=0.00s s12_management=0.00s scan_all_tf=3.80s export_trend_state=0.01s
[2026-09-17 17:52:07] SCAN_TF_SLOW | scan_one_tf[H1] ใช้เวลา 2.32s > 2s | tf=H1 | duration=2.32
[2026-09-17 17:52:07] SCAN_TF_SLOW | scan_one_tf[H4] ใช้เวลา 2.89s > 2s | tf=H4 | duration=2.89
[2026-09-17 17:52:08] SYMBOL_CHECK | XAUUSDm trade_mode=4 xau_open=True | trade_mode=4 | tick_time=1789642328 | bid=4322.002 | ask=4322.262 | tick_ok=True | xau_open=True | current_symbol=XAUUSDm | startup=False
[2026-09-17 17:52:08] SCAN_TF_SLOW | scan_one_tf[H12] ใช้เวลา 3.20s > 2s | tf=H12 | duration=3.2
[2026-09-17 17:52:08] SCAN_TF_SLOW | scan_one_tf[D1] ใช้เวลา 3.49s > 2s | tf=D1 | duration=3.49
[2026-09-17 17:52:08] SCAN_SLOW | scan cycle ใช้เวลา 3.53s > 3s | breakdown=sl_tp_hits=0.00s cancel_pending=0.00s engulf_trail_sl=0.00s opposite_order_tp=0.00s entry_candle_quality=0.00s s3_maru_pending=0.00s fvg_pending=0.00s pb_pending=0.00s s12_management=0.00s scan_all_tf=3.52s export_trend_state=0.01s
[2026-09-17 17:52:12] SCAN_TF_SLOW | scan_one_tf[H1] ใช้เวลา 2.07s > 2s | tf=H1 | duration=2.07
[2026-09-17 17:52:12] SCAN_TF_SLOW | scan_one_tf[H4] ใช้เวลา 2.77s > 2s | tf=H4 | duration=2.77
[2026-09-17 17:52:13] SCAN_TF_SLOW | scan_one_tf[H12] ใช้เวลา 3.07s > 2s | tf=H12 | duration=3.07
[2026-09-17 17:52:13] SCAN_TF_SLOW | scan_one_tf[D1] ใช้เวลา 3.37s > 2s | tf=D1 | duration=3.37
[2026-09-17 17:52:13] SCAN_SLOW | scan cycle ใช้เวลา 3.41s > 3s | breakdown=sl_tp_hits=0.00s cancel_pending=0.00s engulf_trail_sl=0.00s opposite_order_tp=0.00s entry_candle_quality=0.00s s3_maru_pending=0.00s fvg_pending=0.00s pb_pending=0.00s s12_management=0.00s scan_all_tf=3.40s export_trend_state=0.01s
[2026-09-17 17:52:17] SCAN_TF_SLOW | scan_one_tf[H1] ใช้เวลา 2.32s > 2s | tf=H1 | duration=2.32
[2026-09-17 17:52:18] SCAN_TF_SLOW | scan_one_tf[H4] ใช้เวลา 2.99s > 2s | tf=H4 | duration=2.99
[2026-09-17 17:52:18] SCAN_TF_SLOW | scan_one_tf[H12] ใช้เวลา 3.27s > 2s | tf=H12 | duration=3.27
[2026-09-17 17:52:18] SCAN_TF_SLOW | scan_one_tf[D1] ใช้เวลา 3.55s > 2s | tf=D1 | duration=3.55
[2026-09-17 17:52:18] SCAN_SLOW | scan cycle ใช้เวลา 3.59s > 3s | breakdown=sl_tp_hits=0.00s cancel_pending=0.00s engulf_trail_sl=0.00s opposite_order_tp=0.00s entry_candle_quality=0.00s s3_maru_pending=0.00s fvg_pending=0.00s pb_pending=0.00s s12_management=0.00s scan_all_tf=3.58s export_trend_state=0.01s
[2026-09-17 17:52:23] SCAN_TF_SLOW | scan_one_tf[H1] ใช้เวลา 2.11s > 2s | tf=H1 | duration=2.11
[2026-09-17 17:52:23] SCAN_TF_SLOW | scan_one_tf[H4] ใช้เวลา 2.64s > 2s | tf=H4 | duration=2.64
[2026-09-17 17:52:23] SCAN_TF_SLOW | scan_one_tf[H12] ใช้เวลา 2.90s > 2s | tf=H12 | duration=2.9
[2026-09-17 17:52:24] SCAN_TF_SLOW | scan_one_tf[D1] ใช้เวลา 3.21s > 2s | tf=D1 | duration=3.21
[2026-09-17 17:52:24] SCAN_SLOW | scan cycle ใช้เวลา 3.24s > 3s | breakdown=sl_tp_hits=0.00s cancel_pending=0.00s engulf_trail_sl=0.00s opposite_order_tp=0.00s entry_candle_quality=0.00s s3_maru_pending=0.00s fvg_pending=0.00s pb_pending=0.00s s12_management=0.00s scan_all_tf=3.23s export_trend_state=0.01s
[2026-09-17 17:52:28] SCAN_TF_SLOW | scan_one_tf[H4] ใช้เวลา 2.52s > 2s | tf=H4 | duration=2.52
[2026-09-17 17:52:28] SCAN_TF_SLOW | scan_one_tf[H12] ใช้เวลา 2.77s > 2s | tf=H12 | duration=2.77
[2026-09-17 17:52:29] SCAN_TF_SLOW | scan_one_tf[D1] ใช้เวลา 3.04s > 2s | tf=D1 | duration=3.04
[2026-09-17 17:52:29] SCAN_SLOW | scan cycle ใช้เวลา 3.08s > 3s | breakdown=sl_tp_hits=0.00s cancel_pending=0.00s engulf_trail_sl=0.00s opposite_order_tp=0.00s entry_candle_quality=0.00s s3_maru_pending=0.00s fvg_pending=0.00s pb_pending=0.00s s12_management=0.00s scan_all_tf=3.07s export_trend_state=0.01s
[2026-09-17 17:52:33] SCAN_TF_SLOW | scan_one_tf[H4] ใช้เวลา 2.21s > 2s | tf=H4 | duration=2.21
[2026-09-17 17:52:33] SCAN_TF_SLOW | scan_one_tf[H12] ใช้เวลา 2.46s > 2s | tf=H12 | duration=2.46
[2026-09-17 17:52:33] SCAN_TF_SLOW | scan_one_tf[D1] ใช้เวลา 2.74s > 2s | tf=D1 | duration=2.74
[2026-09-17 17:52:37] SCAN_TF_SLOW | scan_one_tf[H4] ใช้เวลา 2.26s > 2s | tf=H4 | duration=2.26
[2026-09-17 17:52:37] SCAN_TF_SLOW | scan_one_tf[H12] ใช้เวลา 2.50s > 2s | tf=H12 | duration=2.5
[2026-09-17 17:52:37] SCAN_TF_SLOW | scan_one_tf[D1] ใช้เวลา 2.77s > 2s | tf=D1 | duration=2.77
[2026-09-17 17:52:42] SCAN_TF_SLOW | scan_one_tf[H4] ใช้เวลา 2.27s > 2s | tf=H4 | duration=2.27
[2026-09-17 17:52:42] SCAN_TF_SLOW | scan_one_tf[H12] ใช้เวลา 2.53s > 2s | tf=H12 | duration=2.53
[2026-09-17 17:52:42] SCAN_TF_SLOW | scan_one_tf[D1] ใช้เวลา 2.80s > 2s | tf=D1 | duration=2.8
