SIM_Open_Time,MT5_Open_Time,SIM_Close_Time,MT5_Close_Time,SIM_Leg,SIM_TF,MT5_TF,SIM_Type,MT5_Type,SIM_Entry,MT5_Entry,MT5_Close_Price,SIM_SL,MT5_SL,SIM_TP,MT5_TP,SIM_Lot,MT5_Volume,SIM_P&L,MT5_P&L,SIM_Balance,MT5_Balance,MT5_Comment,MT5_Position_ID,Matched,Match_Detail,SIM_Reason,MT5_Reason,Sim_point,MT5_point
,2026-07-13 22:04:20,,2026-07-14 00:55:14,,,M30,,BUY,,4039.64,3987.7,,3987.7,,4079.59,,20.0,,-103880.0,,196120.0,M30-LTS_AVENGERS,559714551,False,MT5_ONLY,ไม่มี SIM คู่ — backtest ไม่เจอ pattern นี้,[sl 3987.70],,-5194.0
,2026-07-14 02:44:21,,2026-07-15 18:31:12,,,H1,,BUY,,4000.44,4000.34,,3903.33,,4146.1,,20.0,,-200.0,,195920.0,H1-LTS_AVENGERS_,559859948,False,MT5_ONLY,ไม่มี SIM คู่ — backtest ไม่เจอ pattern นี้,#559859948 by #559859949,,-10.0
,2026-07-14 02:44:21,,2026-07-15 18:31:12,,,H1,,SELL,,4000.34,4000.44,,4146.0,,3903.23,,20.0,,0.0,,195920.0,H1-LTS_AVENGERS_,559859949,False,MT5_ONLY,ไม่มี SIM คู่ — backtest ไม่เจอ pattern นี้,#559859948 by #559859949,,-10.0
,2026-07-14 08:34:21,,2026-07-15 18:31:12,,,H1,,BUY,,4003.83,4003.52,,3890.16,,4174.33,,20.0,,-620.0,,195300.0,H1-LTS_AVENGERS_,559912467,False,MT5_ONLY,ไม่มี SIM คู่ — backtest ไม่เจอ pattern นี้,#559912467 by #559912468,,-31.0
,2026-07-14 08:34:21,,2026-07-15 18:31:12,,,H1,,SELL,,4003.52,4003.83,,4174.2,,3890.03,,20.0,,0.0,,195300.0,H1-LTS_AVENGERS_,559912468,False,MT5_ONLY,ไม่มี SIM คู่ — backtest ไม่เจอ pattern นี้,#559912467 by #559912468,,-31.0
,2026-07-14 08:34:21,,2026-07-15 18:31:12,,,H1,,BUY,,4003.83,4029.4,,3890.16,,4174.33,,4.37,,11174.09,,206474.09,H1-LTS_AVENGERS_,559912464,False,MT5_ONLY,ไม่มี SIM คู่ — backtest ไม่เจอ pattern นี้,,,2557.0
,2026-07-14 08:34:21,,2026-07-15 18:31:12,,,H1,,SELL,,4003.7,4029.54,,4174.2,,3890.03,,5.15,,-13307.6,,193166.49,H1-LTS_AVENGERS_,559912466,False,MT5_ONLY,ไม่มี SIM คู่ — backtest ไม่เจอ pattern นี้,,,-2584.0
,2026-07-14 09:04:20,,2026-07-14 09:06:47,,,M15,,BUY,,3998.13,3993.91,,3993.91,,4002.75,,20.0,,-8440.0,,184726.49,M15-LTS_AVENGERS,559928748,False,MT5_ONLY,ไม่มี SIM คู่ — backtest ไม่เจอ pattern นี้,[sl 3993.91],,-422.0
,2026-07-14 09:04:20,,2026-07-14 13:30:01,,,M30,,BUY,,3998.47,4024.39,,3978.53,,4024.39,,20.0,,51840.0,,236566.49,M30-LTS_AVENGERS,559928755,False,MT5_ONLY,ไม่มี SIM คู่ — backtest ไม่เจอ pattern นี้,[tp 4024.39],,2592.0
,2026-07-14 10:04:22,,2026-07-15 18:31:12,,,H1,,SELL,,4008.91,4029.54,,4109.23,,3808.28,,19.1,,-39403.3,,197163.19,H1-LTS_AVENGERS_,559954088,False,MT5_ONLY,ไม่มี SIM คู่ — backtest ไม่เจอ pattern นี้,,,-2063.0
,2026-07-14 10:04:22,,2026-07-15 18:31:12,,,H1,,BUY,,4009.04,4029.4,,3808.41,,4109.36,,2.65,,5395.4,,202558.59,H1-LTS_AVENGERS_,559954089,False,MT5_ONLY,ไม่มี SIM คู่ — backtest ไม่เจอ pattern นี้,,,2036.0
,2026-07-14 15:04:24,,2026-07-15 18:31:12,,,H1,,SELL,,4023.63,4029.54,,4127.76,,3815.37,,19.1,,-11288.1,,191270.49,H1-LTS_AVENGERS_,560065130,False,MT5_ONLY,ไม่มี SIM คู่ — backtest ไม่เจอ pattern นี้,,,-591.0
,2026-07-14 15:04:24,,2026-07-15 18:31:12,,,H1,,BUY,,4023.76,4029.4,,3815.5,,4127.89,,2.65,,1494.6,,192765.09,H1-LTS_AVENGERS_,560065131,False,MT5_ONLY,ไม่มี SIM คู่ — backtest ไม่เจอ pattern นี้,,,564.0
,2026-07-14 16:04:24,,2026-07-15 18:31:12,,,H1,,BUY,,4018.24,4029.4,,3797.75,,4128.48,,2.65,,2957.4,,195722.49,H1-LTS_AVENGERS_,560091250,False,MT5_ONLY,ไม่มี SIM คู่ — backtest ไม่เจอ pattern นี้,,,1116.0
,2026-07-14 17:34:19,,2026-07-15 18:31:12,,,H1,,BUY,,4014.53,4029.4,,3779.13,,4132.23,,2.65,,3940.55,,199663.04,H1-LTS_AVENGERS_,560126420,False,MT5_ONLY,ไม่มี SIM คู่ — backtest ไม่เจอ pattern นี้,,,1487.0
,2026-07-14 18:04:19,,2026-07-15 18:31:12,,,H1,,BUY,,4019.19,4029.4,,3794.26,,4131.65,,2.65,,2705.65,,202368.69,H1-LTS_AVENGERS_,560135204,False,MT5_ONLY,ไม่มี SIM คู่ — backtest ไม่เจอ pattern นี้,,,1021.0
,2026-07-14 19:33:57,,2026-07-14 20:02:45,,,M15,,BUY,,4028.28,4033.02,,4024.01,,4033.02,,20.0,,9480.0,,211848.69,M15-LTS_AHR_79,560165306,False,MT5_ONLY,ไม่มี SIM คู่ — backtest ไม่เจอ pattern นี้,[tp 4033.02],,474.0
,2026-07-14 20:08:59,,2026-07-15 18:31:12,,,H1,,BUY,,4025.9,4029.4,,3836.66,,4152.06,,20.0,,7000.0,,218848.69,H1-LTS_AHR_954,560182584,False,MT5_ONLY,ไม่มี SIM คู่ — backtest ไม่เจอ pattern นี้,,,350.0
,2026-07-15 01:22:12,,2026-07-15 14:22:21,,,M15,,BUY,,4058.9,4021.91,,4021.91,,4114.39,,16.86,,-62365.14,,156483.55,M15-LTS_AHR_941,560408168,False,MT5_ONLY_CB_DESYNC,cb_desync: simulated CB (550d) ตัดทิ้ง แต่บัญชีจริง cooldown_remaining=0 consec_loss=0 ตอนนี้,[sl 4021.91],,-3699.0
,2026-07-15 02:47:14,,2026-07-15 18:31:12,,,H1,,BUY,,4048.87,4029.4,,3763.88,,4191.37,,2.65,,-5159.55,,151324.0,H1-LTS_AHR_952,560423147,False,MT5_ONLY,ไม่มี SIM คู่ — backtest ไม่เจอ pattern นี้,,,-1947.0
,2026-07-15 04:42:14,,2026-07-15 18:31:12,,,M15,,SELL,,4051.2,4029.54,,4106.65,,3940.29,,8.64,,18714.24,,170038.24,M15-LTS_AHR_939,560433633,False,MT5_ONLY,ไม่มี SIM คู่ — backtest ไม่เจอ pattern นี้,,,2166.0
,2026-07-15 04:42:14,,2026-07-15 18:31:12,,,H1,,BUY,,4051.33,4029.4,,3771.0,,4191.5,,2.65,,-5811.45,,164226.79,H1-LTS_AHR_952,560433634,False,MT5_ONLY,ไม่มี SIM คู่ — backtest ไม่เจอ pattern นี้,,,-2193.0
,2026-07-15 15:16:40,,2026-07-15 18:31:12,,,H1,,BUY,,4029.02,4029.4,,3719.96,,4183.55,,2.65,,100.7,,164327.49,H1-LTS_AHR_952,560600427,False,MT5_ONLY,ไม่มี SIM คู่ — backtest ไม่เจอ pattern นี้,,,38.0
,2026-07-15 22:27:45,,2026-07-16 09:01:01,,,H1,,BUY,,4057.42,4057.31,,3821.89,,4214.49,,20.0,,-220.0,,164107.49,H1-LTS_AHR_954,560804921,False,MT5_ONLY_CB_DESYNC,cb_desync: simulated CB (550d) ตัดทิ้ง แต่บัญชีจริง cooldown_remaining=0 consec_loss=0 ตอนนี้,#560804921 by #560804918,,-11.0
,2026-07-15 22:27:45,,2026-07-16 09:01:01,,,H1,,SELL,,4057.31,4057.42,,4214.35,,3821.75,,20.0,,0.0,,164107.49,H1-LTS_AHR_953,560804918,False,MT5_ONLY,ไม่มี SIM คู่ — backtest ไม่เจอ pattern นี้,#560804921 by #560804918,,-11.0
,2026-07-15 22:52:39,,2026-07-16 09:01:01,,,M15,,SELL,,4058.29,4063.71,,4121.21,,4016.35,,20.0,,0.0,,164107.49,M15-LTS_AHR_942,560820540,False,MT5_ONLY,ไม่มี SIM คู่ — backtest ไม่เจอ pattern นี้,#560933132 by #560820540,,-542.0
,2026-07-15 22:52:39,,2026-07-16 09:01:01,,,M15,,BUY,,4058.45,4047.66,,4016.51,,4121.37,,16.86,,-18191.94,,145915.55,M15-LTS_AHR_941,560820538,False,MT5_ONLY_CB_DESYNC,cb_desync: simulated CB (550d) ตัดทิ้ง แต่บัญชีจริง cooldown_remaining=0 consec_loss=0 ตอนนี้,,,-1079.0
,2026-07-15 23:02:39,,2026-07-16 00:17:09,,,M30,,BUY,,4060.5,4036.63,,4036.63,,4076.31,,1.75,,-4177.25,,141738.3,M30-LTS_AHR_944,560826439,False,MT5_ONLY,ไม่มี SIM คู่ — backtest ไม่เจอ pattern นี้,[sl 4036.63],,-2387.0
,2026-07-15 23:02:39,,2026-07-16 00:17:10,,,M30,,SELL,,4060.34,4036.43,,4076.11,,4036.43,,6.4,,15302.4,,157040.7,M30-LTS_AHR_943,560826437,False,MT5_ONLY,ไม่มี SIM คู่ — backtest ไม่เจอ pattern นี้,[tp 4036.43],,2391.0
,2026-07-15 23:02:40,,2026-07-16 09:01:01,,,H1,,SELL,,4060.46,4047.8,,4208.54,,3838.35,,4.37,,5532.42,,162573.12,H1-LTS_AHR_949,560826444,False,MT5_ONLY,ไม่มี SIM คู่ — backtest ไม่เจอ pattern นี้,,,1266.0
,2026-07-15 23:02:40,,2026-07-16 09:01:01,,,H1,,BUY,,4060.88,4047.66,,3838.65,,4208.84,,5.15,,-6808.3,,155764.82,H1-LTS_AHR_950,560826449,False,MT5_ONLY,ไม่มี SIM คู่ — backtest ไม่เจอ pattern นี้,,,-1322.0
,2026-07-15 23:17:39,,2026-07-16 09:01:01,,,H1,,SELL,,4044.24,4047.8,,4209.13,,3714.45,,19.1,,-6799.6,,148965.22,H1-LTS_AHR_951,560835496,False,MT5_ONLY_CB_DESYNC,cb_desync: simulated CB (550d) ตัดทิ้ง แต่บัญชีจริง cooldown_remaining=7 consec_loss=0 ตอนนี้,,,-356.0
,2026-07-15 23:17:39,,2026-07-16 09:01:01,,,H1,,BUY,,4044.38,4047.66,,3714.59,,4209.27,,2.65,,869.2,,149834.42,H1-LTS_AHR_952,560835498,False,MT5_ONLY,ไม่มี SIM คู่ — backtest ไม่เจอ pattern นี้,,,328.0
,2026-07-15 23:22:39,,2026-07-16 02:30:17,,,M15,,SELL,,4041.45,4078.69,,4078.69,,3966.98,,8.64,,-32175.36,,117659.06,M15-LTS_AHR_939,560839498,False,MT5_ONLY_CB_DESYNC,cb_desync: simulated CB (550d) ตัดทิ้ง แต่บัญชีจริง cooldown_remaining=0 consec_loss=0 ตอนนี้,[sl 4078.69],,-3724.0
,2026-07-15 23:22:39,,2026-07-16 02:30:21,,,M15,,BUY,,4041.59,4078.83,,3967.12,,4078.83,,6.11,,22753.64,,140412.7,M15-LTS_AHR_940,560839501,False,MT5_ONLY,ไม่มี SIM คู่ — backtest ไม่เจอ pattern นี้,[tp 4078.83],,3724.0
,2026-07-15 23:22:40,,2026-07-16 02:30:14,,,M30,,SELL,,4041.44,4076.96,,4076.96,,3970.4,,20.0,,-71040.0,,69372.7,M30-LTS_AHR_945,560839506,False,MT5_ONLY_CB_DESYNC,cb_desync: simulated CB (550d) ตัดทิ้ง แต่บัญชีจริง cooldown_remaining=0 consec_loss=0 ตอนนี้,[sl 4076.96],,-3552.0
,2026-07-15 23:22:40,,2026-07-16 02:30:15,,,M30,,BUY,,4041.59,4077.11,,3970.55,,4077.11,,8.56,,30405.12,,99777.82,M30-LTS_AHR_946,560839507,False,MT5_ONLY,ไม่มี SIM คู่ — backtest ไม่เจอ pattern นี้,[tp 4077.11],,3552.0
,2026-07-16 00:02:37,,2026-07-16 09:01:01,,,H1,,BUY,,4044.53,4047.66,,3748.57,,4192.51,,2.65,,829.45,,100607.27,H1-LTS_AHR_952,560860910,False,MT5_ONLY,ไม่มี SIM คู่ — backtest ไม่เจอ pattern นี้,,,313.0
,2026-07-16 00:07:37,,2026-07-16 02:07:18,,,M15,,BUY,,4043.4,4070.38,,3989.44,,4070.38,,6.11,,16484.78,,117092.05,M15-LTS_AHR_940,560863132,False,MT5_ONLY,ไม่มี SIM คู่ — backtest ไม่เจอ pattern นี้,[tp 4070.38],,2698.0
,2026-07-16 00:52:37,,2026-07-16 02:29:55,,,M30,,BUY,,4036.34,4074.67,,4010.79,,4074.67,,20.0,,76660.0,,193752.05,M30-LTS_AHR_947,560888736,False,MT5_ONLY,ไม่มี SIM คู่ — backtest ไม่เจอ pattern นี้,[tp 4074.67],,3833.0
,2026-07-16 01:47:37,,2026-07-16 03:33:55,,,M15,,BUY,,4063.86,4051.16,,4051.16,,4089.27,,8.64,,-10972.8,,182779.25,M15-LTS_AHR_939,560912604,False,MT5_ONLY_CB_DESYNC,cb_desync: simulated CB (550d) ตัดทิ้ง แต่บัญชีจริง cooldown_remaining=0 consec_loss=0 ตอนนี้,[sl 4051.16],,-1270.0
,2026-07-16 01:47:37,,2026-07-16 03:34:07,,,M15,,SELL,,4063.72,4051.02,,4089.13,,4051.02,,6.11,,7759.7,,190538.95,M15-LTS_AHR_940,560912605,False,MT5_ONLY,ไม่มี SIM คู่ — backtest ไม่เจอ pattern นี้,[tp 4051.02],,1270.0
,2026-07-16 02:32:37,,2026-07-16 03:35:18,,,M30,,BUY,,4076.92,4048.52,,4048.52,,4133.73,,20.0,,-56800.0,,133738.95,M30-LTS_AHR_945,560927101,False,MT5_ONLY_CB_DESYNC,cb_desync: simulated CB (550d) ตัดทิ้ง แต่บัญชีจริง cooldown_remaining=0 consec_loss=0 ตอนนี้,[sl 4048.52],,-2840.0
,2026-07-16 02:32:38,,2026-07-16 03:35:19,,,M30,,SELL,,4076.78,4048.38,,4133.59,,4048.38,,8.56,,24310.4,,158049.35,M30-LTS_AHR_946,560927104,False,MT5_ONLY,ไม่มี SIM คู่ — backtest ไม่เจอ pattern นี้,[tp 4048.38],,2840.0
,2026-07-16 02:37:37,,2026-07-16 03:35:18,,,M15,,SELL,,4072.68,4048.79,,4088.61,,4048.79,,3.54,,8457.06,,166506.41,M15-LTS_AHR_937,560928590,False,MT5_ONLY,ไม่มี SIM คู่ — backtest ไม่เจอ pattern นี้,[tp 4048.79],,2389.0
,2026-07-16 02:37:38,,2026-07-16 03:34:30,,,M15,,BUY,,4072.82,4048.93,,4048.93,,4088.75,,1.47,,-3511.83,,162994.58,M15-LTS_AHR_938,560928591,False,MT5_ONLY_CB_DESYNC,cb_desync: simulated CB (550d) ตัดทิ้ง แต่บัญชีจริง cooldown_remaining=0 consec_loss=1 ตอนนี้,[sl 4048.93],,-2389.0
,2026-07-16 02:37:38,,2026-07-16 09:01:01,,,M30,,SELL,,4072.68,4047.8,,4107.27,,4020.79,,6.4,,15923.2,,178917.78,M30-LTS_AHR_943,560928592,False,MT5_ONLY,ไม่มี SIM คู่ — backtest ไม่เจอ pattern นี้,,,2488.0
,2026-07-16 02:37:38,,2026-07-16 09:01:01,,,M30,,BUY,,4072.73,4047.66,,4020.84,,4107.32,,1.75,,-4387.25,,174530.53,M30-LTS_AHR_944,560928593,False,MT5_ONLY,ไม่มี SIM คู่ — backtest ไม่เจอ pattern นี้,,,-2507.0
,2026-07-16 02:52:37,,2026-07-16 09:01:01,,,M30,,BUY,,4063.71,4058.29,,3998.11,,4107.44,,20.0,,-10840.0,,163690.53,M30-LTS_AHR_948,560933132,False,MT5_ONLY,ไม่มี SIM คู่ — backtest ไม่เจอ pattern นี้,#560933132 by #560820540,,-542.0
,2026-07-16 02:57:37,,2026-07-16 09:01:01,,,H1,,SELL,,4060.31,4047.8,,4225.68,,3812.26,,4.37,,5466.87,,169157.4,H1-LTS_AHR_949,560934559,False,MT5_ONLY,ไม่มี SIM คู่ — backtest ไม่เจอ pattern นี้,,,1251.0
,2026-07-16 03:02:37,,2026-07-16 03:34:29,,,M15,,SELL,,4062.9,4049.51,,4089.68,,4049.51,,6.11,,8181.29,,177338.69,M15-LTS_AHR_940,560935995,False,MT5_ONLY,ไม่มี SIM คู่ — backtest ไม่เจอ pattern นี้,[tp 4049.51],,1339.0
,2026-07-16 04:22:37,,2026-07-16 08:59:00,,,M15,,BUY,,4061.09,4049.12,,4049.12,,4085.03,,8.64,,-10342.08,,166996.61,M15-LTS_AHR_939,560948272,False,MT5_ONLY_CB_DESYNC,cb_desync: simulated CB (550d) ตัดทิ้ง แต่บัญชีจริง cooldown_remaining=0 consec_loss=0 ตอนนี้,[sl 4049.12],,-1197.0
,2026-07-16 04:22:37,,2026-07-16 08:59:00,,,M15,,SELL,,4060.95,4048.98,,4084.89,,4048.98,,6.11,,7313.67,,174310.28,M15-LTS_AHR_940,560948273,False,MT5_ONLY,ไม่มี SIM คู่ — backtest ไม่เจอ pattern นี้,[tp 4048.98],,1197.0
,2026-07-16 04:37:37,,2026-07-16 08:55:04,,,M15,,BUY,,4062.3,4052.82,,4052.82,,4081.27,,8.64,,-8190.72,,166119.56,M15-LTS_AHR_939,560949400,False,MT5_ONLY_CB_DESYNC,cb_desync: simulated CB (550d) ตัดทิ้ง แต่บัญชีจริง cooldown_remaining=0 consec_loss=0 ตอนนี้,[sl 4052.82],,-948.0
,2026-07-16 04:37:37,,2026-07-16 08:55:04,,,M15,,SELL,,4062.16,4052.68,,4081.13,,4052.68,,6.11,,5792.28,,171911.84,M15-LTS_AHR_940,560949401,False,MT5_ONLY,ไม่มี SIM คู่ — backtest ไม่เจอ pattern นี้,[tp 4052.68],,948.0
,2026-07-16 04:47:37,,2026-07-16 08:54:33,,,M15,,BUY,,4061.72,4054.1,,4054.1,,4076.96,,8.64,,-6583.68,,165328.16,M15-LTS_AHR_939,560950059,False,MT5_ONLY_CB_DESYNC,cb_desync: simulated CB (550d) ตัดทิ้ง แต่บัญชีจริง cooldown_remaining=0 consec_loss=0 ตอนนี้,[sl 4054.10],,-762.0
,2026-07-16 04:47:38,,2026-07-16 08:54:34,,,M15,,SELL,,4061.58,4053.96,,4076.82,,4053.96,,6.11,,4655.82,,169983.98,M15-LTS_AHR_940,560950060,False,MT5_ONLY,ไม่มี SIM คู่ — backtest ไม่เจอ pattern นี้,[tp 4053.96],,762.0
,2026-07-16 17:47:40,,2026-07-16 17:54:50,,,M15,,BUY,,4033.17,4035.69,,4030.17,,4035.69,,20.0,,5040.0,,175023.98,M15-LTS_AHR_42,561165575,False,MT5_ONLY,ไม่มี SIM คู่ — backtest ไม่เจอ pattern นี้,[tp 4035.69],,252.0
,2026-07-16 17:47:41,,2026-07-16 19:16:14,,,M30,,BUY,,4033.17,4025.72,,4025.72,,4039.38,,20.0,,-14900.0,,160123.98,M30-LTS_AHR_102,561165577,False,MT5_ONLY,ไม่มี SIM คู่ — backtest ไม่เจอ pattern นี้,[sl 4025.72],,-745.0
,2026-07-16 17:47:41,,2026-07-16 19:16:14,,,M30,,BUY,,4033.14,4025.69,,4025.69,,4039.35,,20.0,,-14900.0,,145223.98,M30-LTS_AHR_124,561165578,False,MT5_ONLY,ไม่มี SIM คู่ — backtest ไม่เจอ pattern นี้,[sl 4025.69],,-745.0
,2026-07-16 17:47:41,,2026-07-16 19:16:14,,,M30,,BUY,,4033.08,4025.63,,4025.63,,4039.29,,20.0,,-14900.0,,130323.98,M30-LTS_AHR_195,561165581,False,MT5_ONLY,ไม่มี SIM คู่ — backtest ไม่เจอ pattern นี้,[sl 4025.63],,-745.0
,2026-07-16 17:47:41,,2026-07-16 19:16:18,,,M30,,SELL,,4032.95,4025.5,,4039.16,,4025.5,,20.0,,14900.0,,145223.98,M30-LTS_AHR_133,561165579,False,MT5_ONLY,ไม่มี SIM คู่ — backtest ไม่เจอ pattern นี้,[tp 4025.50],,745.0
,2026-07-16 17:47:42,,2026-07-16 19:16:14,,,M30,,BUY,,4033.09,4025.64,,4025.64,,4039.3,,15.08,,-11234.6,,133989.38,M30-LTS_AHR_307,561165589,False,MT5_ONLY,ไม่มี SIM คู่ — backtest ไม่เจอ pattern นี้,[sl 4025.64],,-745.0
,2026-07-16 17:47:42,,2026-07-16 19:16:18,,,M30,,SELL,,4032.94,4025.49,,4039.15,,4025.49,,20.0,,14900.0,,148889.38,M30-LTS_AHR_249,561165585,False,MT5_ONLY,ไม่มี SIM คู่ — backtest ไม่เจอ pattern นี้,[tp 4025.49],,745.0
,2026-07-16 17:47:44,,2026-07-16 19:16:18,,,M30,,SELL,,4032.97,4025.52,,4039.18,,4025.52,,20.0,,14900.0,,163789.38,M30-LTS_AHR_481,561165599,False,MT5_ONLY,ไม่มี SIM คู่ — backtest ไม่เจอ pattern นี้,[tp 4025.52],,745.0
,2026-07-16 17:47:45,,2026-07-16 19:16:18,,,M30,,SELL,,4032.98,4025.53,,4039.19,,4025.53,,20.0,,14900.0,,178689.38,M30-LTS_AHR_611,561165606,False,MT5_ONLY,ไม่มี SIM คู่ — backtest ไม่เจอ pattern นี้,[tp 4025.53],,745.0
,2026-07-16 17:47:45,,2026-07-16 19:16:18,,,M30,,SELL,,4032.98,4025.53,,4039.19,,4025.53,,20.0,,14900.0,,193589.38,M30-LTS_AHR_653,561165608,False,MT5_ONLY,ไม่มี SIM คู่ — backtest ไม่เจอ pattern นี้,[tp 4025.53],,745.0
,2026-07-16 17:47:48,,2026-07-17 20:45:08,,,H1,,BUY,,4033.27,3968.51,,3722.19,,4188.81,,2.65,,-17161.4,,176427.98,H1-LTS_AHR_952,561165613,False,MT5_ONLY,ไม่มี SIM คู่ — backtest ไม่เจอ pattern นี้,LTS Smart Cut-lo,,-6476.0
,2026-07-16 18:02:39,,2026-07-17 20:45:08,,,H1,,BUY,,4031.17,3968.38,,3726.11,,4183.7,,2.65,,-16639.35,,159788.63,H1-LTS_AHR_952,561169398,False,MT5_ONLY,ไม่มี SIM คู่ — backtest ไม่เจอ pattern นี้,LTS Smart Cut-lo,,-6279.0
,2026-07-16 19:37:39,,2026-07-17 19:24:47,,,H1,,SELL,,4031.27,3993.24,,4274.46,,3869.14,,20.0,,76060.0,,235848.63,H1-LTS_AHR_954,561204811,False,MT5_ONLY_CB_DESYNC,cb_desync: simulated CB (550d) ตัดทิ้ง แต่บัญชีจริง cooldown_remaining=0 consec_loss=0 ตอนนี้,LTS Smart Cut-lo,,3803.0
,2026-07-16 19:37:39,,2026-07-17 20:45:08,,,H1,,BUY,,4031.41,3968.38,,3869.27,,4274.59,,20.0,,-126060.0,,109788.63,H1-LTS_AHR_953,561204810,False,MT5_ONLY,ไม่มี SIM คู่ — backtest ไม่เจอ pattern นี้,LTS Smart Cut-lo,,-6303.0
,2026-07-17 00:37:25,,2026-07-17 19:24:47,,,H1,,SELL,,3990.02,3993.24,,4169.0,,3632.05,,19.1,,-6150.2,,103638.43,H1-LTS_AHR_951,561478847,False,MT5_ONLY,ไม่มี SIM คู่ — backtest ไม่เจอ pattern นี้,LTS Smart Cut-lo,,-322.0
,2026-07-17 00:37:25,,2026-07-17 19:24:47,,,H1,,BUY,,3990.21,3993.1,,3632.24,,4169.19,,2.65,,765.85,,104404.28,H1-LTS_AHR_952,561478849,False,MT5_ONLY,ไม่มี SIM คู่ — backtest ไม่เจอ pattern นี้,LTS Momentum Sta,,289.0
,2026-07-17 00:51:58,,2026-07-17 19:24:47,,,M15,,SELL,,3995.35,3993.24,,4091.94,,3930.96,,20.0,,4220.0,,108624.28,M15-LTS_AHR_942,561483088,False,MT5_ONLY,ไม่มี SIM คู่ — backtest ไม่เจอ pattern นี้,LTS Smart Cut-lo,,211.0
,2026-07-17 00:51:58,,2026-07-17 19:28:08,,,M15,,BUY,,3995.49,3995.51,,3931.1,,4092.08,,16.86,,33.72,,108658.0,M15-LTS_AHR_941,561483087,False,MT5_ONLY,ไม่มี SIM คู่ — backtest ไม่เจอ pattern นี้,LTS Momentum Sta,,2.0
,2026-07-17 01:06:58,,2026-07-17 19:24:47,,,H1,,SELL,,3989.72,3993.24,,4155.01,,3659.14,,19.1,,-6723.2,,101934.8,H1-LTS_AHR_951,561486491,False,MT5_ONLY,ไม่มี SIM คู่ — backtest ไม่เจอ pattern นี้,LTS Smart Cut-lo,,-352.0
,2026-07-17 01:06:58,,2026-07-17 19:24:47,,,H1,,BUY,,3989.82,3993.1,,3659.28,,4155.15,,2.65,,869.2,,102804.0,H1-LTS_AHR_952,561486492,False,MT5_ONLY,ไม่มี SIM คู่ — backtest ไม่เจอ pattern นี้,LTS Momentum Sta,,328.0
,2026-07-17 02:06:58,,2026-07-17 19:24:47,,,H1,,SELL,,3984.6,3993.24,,4150.63,,3652.54,,19.1,,-16502.4,,86301.6,H1-LTS_AHR_951,561501965,False,MT5_ONLY,ไม่มี SIM คู่ — backtest ไม่เจอ pattern นี้,LTS Smart Cut-lo,,-864.0
,2026-07-17 02:06:58,,2026-07-17 19:24:47,,,H1,,BUY,,3984.74,3993.1,,3652.68,,4150.77,,2.65,,2215.4,,88517.0,H1-LTS_AHR_952,561501966,False,MT5_ONLY,ไม่มี SIM คู่ — backtest ไม่เจอ pattern นี้,LTS Momentum Sta,,836.0
,2026-07-17 03:11:58,,2026-07-17 19:24:47,,,H1,,BUY,,3980.25,3993.1,,3637.72,,4151.52,,2.65,,3405.25,,91922.25,H1-LTS_AHR_952,561517468,False,MT5_ONLY,ไม่มี SIM คู่ — backtest ไม่เจอ pattern นี้,LTS Momentum Sta,,1285.0
,2026-07-17 03:51:58,,2026-07-17 19:24:47,,,M15,,BUY,,3978.12,3993.1,,3909.21,,4081.48,,3.54,,5302.92,,97225.17,M15-LTS_AHR_937,561524963,False,MT5_ONLY,ไม่มี SIM คู่ — backtest ไม่เจอ pattern นี้,LTS Momentum Sta,,1498.0
,2026-07-17 03:51:58,,2026-07-17 19:24:47,,,M15,,SELL,,3977.98,3993.24,,4081.34,,3909.07,,1.47,,-2243.22,,94981.95,M15-LTS_AHR_938,561524964,False,MT5_ONLY,ไม่มี SIM คู่ — backtest ไม่เจอ pattern นี้,LTS Smart Cut-lo,,-1526.0
,2026-07-17 04:01:58,,2026-07-17 19:24:47,,,H1,,BUY,,3978.24,3993.1,,3639.65,,4147.42,,2.65,,3937.9,,98919.85,H1-LTS_AHR_952,561526810,False,MT5_ONLY,ไม่มี SIM คู่ — backtest ไม่เจอ pattern นี้,LTS Momentum Sta,,1486.0
,2026-07-17 04:26:58,,2026-07-17 19:24:47,,,M15,,BUY,,3975.27,3993.1,,3905.47,,4079.97,,3.54,,6311.82,,105231.67,M15-LTS_AHR_937,561528729,False,MT5_ONLY,ไม่มี SIM คู่ — backtest ไม่เจอ pattern นี้,LTS Momentum Sta,,1783.0
,2026-07-17 04:36:58,,2026-07-17 19:24:47,,,M15,,BUY,,3975.68,3993.1,,3906.15,,4079.77,,3.54,,6166.68,,111398.35,M15-LTS_AHR_937,561529204,False,MT5_ONLY,ไม่มี SIM คู่ — backtest ไม่เจอ pattern นี้,LTS Momentum Sta,,1742.0
,2026-07-17 04:36:58,,2026-07-17 19:24:47,,,M30,,BUY,,3975.7,3993.1,,3941.23,,4027.41,,6.4,,11136.0,,122534.35,M30-LTS_AHR_943,561529205,False,MT5_ONLY,ไม่มี SIM คู่ — backtest ไม่เจอ pattern นี้,LTS Momentum Sta,,1740.0
,2026-07-17 04:36:58,,2026-07-17 19:24:47,,,M30,,BUY,,3975.7,3993.07,,3941.23,,4027.41,,20.0,,34740.0,,157274.35,M30-LTS_AHR_947,561529206,False,MT5_ONLY_CB_DESYNC,cb_desync: simulated CB (550d) ตัดทิ้ง แต่บัญชีจริง cooldown_remaining=0 consec_loss=2 ตอนนี้,LTS Momentum Sta,,1737.0
,2026-07-17 06:06:58,,2026-07-17 19:24:47,,,H1,,BUY,,3977.69,3993.07,,3633.75,,4149.66,,2.65,,4075.7,,161350.05,H1-LTS_AHR_952,561530648,False,MT5_ONLY,ไม่มี SIM คู่ — backtest ไม่เจอ pattern นี้,LTS Momentum Sta,,1538.0
,2026-07-17 07:01:58,,2026-07-17 19:24:47,,,H1,,BUY,,3978.0,3993.07,,3635.38,,4149.31,,2.65,,3993.55,,165343.6,H1-LTS_AHR_952,561534978,False,MT5_ONLY,ไม่มี SIM คู่ — backtest ไม่เจอ pattern นี้,LTS Momentum Sta,,1507.0
,2026-07-17 23:20:59,,2026-07-17 23:21:00,,,M15,,BUY,,4008.54,4009.02,,3942.0,,4141.61,,8.64,,414.72,,165758.32,M15-LTS_AHR_939,562023393,False,MT5_ONLY_CB_DESYNC,cb_desync: simulated CB (550d) ตัดทิ้ง แต่บัญชีจริง cooldown_remaining=0 consec_loss=0 ตอนนี้,LTS Momentum Sta,,48.0
,2026-07-17 23:20:59,,2026-07-17 23:21:00,,,M15,,SELL,,4008.69,4009.16,,4141.76,,3942.15,,6.11,,-287.17,,165471.15,M15-LTS_AHR_940,562023400,False,MT5_ONLY,ไม่มี SIM คู่ — backtest ไม่เจอ pattern นี้,LTS Smart Cut-lo,,-47.0
,2026-07-17 23:30:57,,2026-07-17 23:31:00,,,M15,,SELL,,4014.83,4015.47,,4144.03,,3950.23,,6.11,,-391.04,,165080.11,M15-LTS_AHR_940,562030421,False,MT5_ONLY,ไม่มี SIM คู่ — backtest ไม่เจอ pattern นี้,LTS Smart Cut-lo,,-64.0
,2026-07-17 23:30:57,,2026-07-17 23:45:25,,,M15,,BUY,,4014.97,4015.33,,3950.37,,4144.17,,8.64,,311.04,,165391.15,M15-LTS_AHR_939,562030420,False,MT5_ONLY_CB_DESYNC,cb_desync: simulated CB (550d) ตัดทิ้ง แต่บัญชีจริง cooldown_remaining=0 consec_loss=0 ตอนนี้,LTS Momentum Sta,,36.0
,2026-07-17 23:50:57,,2026-07-17 23:51:00,,,M15,,SELL,,4017.26,4017.3,,4146.48,,3952.65,,6.11,,-24.44,,165366.71,M15-LTS_AHR_940,562042680,False,MT5_ONLY,ไม่มี SIM คู่ — backtest ไม่เจอ pattern นี้,LTS Smart Cut-lo,,-4.0
,2026-07-17 23:50:57,,2026-07-18 00:00:05,,,M15,,BUY,,4017.4,4017.98,,3952.79,,4146.62,,8.64,,501.12,,165867.83,M15-LTS_AHR_939,562042679,False,MT5_ONLY_CB_DESYNC,cb_desync: simulated CB (550d) ตัดทิ้ง แต่บัญชีจริง cooldown_remaining=0 consec_loss=0 ตอนนี้,LTS Momentum Sta,,58.0
,2026-07-18 00:10:55,,2026-07-18 00:10:55,,,M15,,SELL,,4019.32,4019.46,,4154.02,,3951.97,,6.11,,-85.54,,165782.29,M15-LTS_AHR_940,562054631,False,MT5_ONLY,ไม่มี SIM คู่ — backtest ไม่เจอ pattern นี้,LTS Smart Cut-lo,,-14.0
,2026-07-18 00:10:55,,2026-07-18 00:11:00,,,M15,,BUY,,4019.46,4019.66,,3952.11,,4154.16,,8.64,,172.8,,165955.09,M15-LTS_AHR_939,562054630,False,MT5_ONLY_CB_DESYNC,cb_desync: simulated CB (550d) ตัดทิ้ง แต่บัญชีจริง cooldown_remaining=0 consec_loss=0 ตอนนี้,LTS Momentum Sta,,20.0
,2026-07-18 00:15:55,,2026-07-18 00:15:55,,,M15,,SELL,,4019.01,4019.15,,4134.54,,3961.24,,6.11,,-85.54,,165869.55,M15-LTS_AHR_940,562056906,False,MT5_ONLY,ไม่มี SIM คู่ — backtest ไม่เจอ pattern นี้,LTS Smart Cut-lo,,-14.0
,2026-07-18 00:15:55,,2026-07-18 00:16:05,,,M15,,BUY,,4019.15,4019.31,,3961.38,,4134.68,,8.64,,138.24,,166007.79,M15-LTS_AHR_939,562056905,False,MT5_ONLY_CB_DESYNC,cb_desync: simulated CB (550d) ตัดทิ้ง แต่บัญชีจริง cooldown_remaining=0 consec_loss=0 ตอนนี้,LTS Momentum Sta,,16.0
,2026-07-18 00:50:55,,2026-07-18 00:50:55,,,M15,,SELL,,4018.2,4018.34,,4127.39,,3963.6,,6.11,,-85.54,,165922.25,M15-LTS_AHR_940,562073161,False,MT5_ONLY,ไม่มี SIM คู่ — backtest ไม่เจอ pattern นี้,LTS Smart Cut-lo,,-14.0
,2026-07-18 00:50:55,,2026-07-18 00:52:00,,,M15,,BUY,,4018.34,4018.48,,3963.74,,4127.53,,8.64,,120.96,,166043.21,M15-LTS_AHR_939,562073160,False,MT5_ONLY_CB_DESYNC,cb_desync: simulated CB (550d) ตัดทิ้ง แต่บัญชีจริง cooldown_remaining=0 consec_loss=0 ตอนนี้,LTS Momentum Sta,,14.0
,2026-07-18 01:00:55,,2026-07-18 01:00:55,,,M15,,SELL,,4017.27,4017.41,,4124.06,,3963.88,,6.11,,-85.54,,165957.67,M15-LTS_AHR_940,562076930,False,MT5_ONLY,ไม่มี SIM คู่ — backtest ไม่เจอ pattern นี้,LTS Smart Cut-lo,,-14.0
,2026-07-18 01:00:55,,2026-07-18 01:01:20,,,M15,,BUY,,4017.41,4017.43,,3964.02,,4124.2,,8.64,,17.28,,165974.95,M15-LTS_AHR_939,562076928,False,MT5_ONLY_CB_DESYNC,cb_desync: simulated CB (550d) ตัดทิ้ง แต่บัญชีจริง cooldown_remaining=0 consec_loss=0 ตอนนี้,LTS Momentum Sta,,2.0
,2026-07-18 01:15:55,,2026-07-18 01:15:55,,,M15,,SELL,,4014.52,4014.65,,4116.58,,3963.49,,6.11,,-79.43,,165895.52,M15-LTS_AHR_940,562080557,False,MT5_ONLY,ไม่มี SIM คู่ — backtest ไม่เจอ pattern นี้,LTS Smart Cut-lo,,-13.0
,2026-07-18 01:15:55,,2026-07-18 01:16:00,,,M15,,BUY,,4014.7,4014.79,,3963.67,,4116.76,,8.64,,77.76,,165973.28,M15-LTS_AHR_939,562080556,False,MT5_ONLY_CB_DESYNC,cb_desync: simulated CB (550d) ตัดทิ้ง แต่บัญชีจริง cooldown_remaining=0 consec_loss=0 ตอนนี้,LTS Momentum Sta,,9.0
,2026-07-18 01:30:55,,2026-07-18 01:30:55,,,M15,,SELL,,4014.2,4014.35,,4113.31,,3964.64,,6.11,,-91.65,,165881.63,M15-LTS_AHR_940,562084691,False,MT5_ONLY,ไม่มี SIM คู่ — backtest ไม่เจอ pattern นี้,LTS Smart Cut-lo,,-15.0
,2026-07-18 01:30:55,,2026-07-18 01:31:00,,,M15,,BUY,,4014.34,4014.45,,3964.81,,4113.48,,8.64,,95.04,,165976.67,M15-LTS_AHR_939,562084690,False,MT5_ONLY_CB_DESYNC,cb_desync: simulated CB (550d) ตัดทิ้ง แต่บัญชีจริง cooldown_remaining=0 consec_loss=0 ตอนนี้,LTS Momentum Sta,,11.0
,2026-07-18 01:45:55,,2026-07-18 01:45:55,,,M15,,SELL,,4011.33,4011.47,,4109.3,,3962.35,,6.11,,-85.54,,165891.13,M15-LTS_AHR_940,562086686,False,MT5_ONLY,ไม่มี SIM คู่ — backtest ไม่เจอ pattern นี้,LTS Smart Cut-lo,,-14.0
,2026-07-18 01:45:55,,2026-07-18 01:45:56,,,M15,,SELL,,4011.33,4011.47,,4084.81,,3962.35,,20.0,,-280.0,,165611.13,M15-LTS_AHR_942,562086688,False,MT5_ONLY,ไม่มี SIM คู่ — backtest ไม่เจอ pattern นี้,LTS Smart Cut-lo,,-14.0
,2026-07-18 01:45:55,,2026-07-18 01:47:15,,,M15,,BUY,,4011.47,4011.58,,3962.49,,4109.44,,8.64,,95.04,,165706.17,M15-LTS_AHR_939,562086685,False,MT5_ONLY_CB_DESYNC,cb_desync: simulated CB (550d) ตัดทิ้ง แต่บัญชีจริง cooldown_remaining=0 consec_loss=0 ตอนนี้,LTS Momentum Sta,,11.0
,2026-07-18 01:45:55,,2026-07-18 01:47:15,,,M15,,BUY,,4011.47,4011.58,,3962.49,,4084.95,,16.86,,185.46,,165891.63,M15-LTS_AHR_941,562086687,False,MT5_ONLY,ไม่มี SIM คู่ — backtest ไม่เจอ pattern นี้,LTS Momentum Sta,,11.0
,2026-07-18 02:00:55,,2026-07-18 02:00:55,,,H1,,SELL,,4008.02,4008.16,,4161.42,,3701.23,,19.1,,-267.4,,165624.23,H1-LTS_AHR_951,562088689,False,MT5_ONLY,ไม่มี SIM คู่ — backtest ไม่เจอ pattern นี้,LTS Smart Cut-lo,,-14.0
,2026-07-18 02:00:55,,2026-07-18 02:01:35,,,H1,,BUY,,4008.16,4009.84,,3701.37,,4161.56,,2.65,,445.2,,166069.43,H1-LTS_AHR_952,562088690,False,MT5_ONLY,ไม่มี SIM คู่ — backtest ไม่เจอ pattern นี้,LTS Momentum Sta,,168.0
,2026-07-18 02:10:55,,2026-07-18 02:10:55,,,M15,,SELL,,4012.02,4012.16,,4115.8,,3960.13,,6.11,,-85.54,,165983.89,M15-LTS_AHR_940,562090801,False,MT5_ONLY,ไม่มี SIM คู่ — backtest ไม่เจอ pattern นี้,LTS Smart Cut-lo,,-14.0
,2026-07-18 02:10:55,,2026-07-18 02:18:05,,,M15,,BUY,,4012.16,4012.53,,3960.27,,4115.94,,8.64,,319.68,,166303.57,M15-LTS_AHR_939,562090800,False,MT5_ONLY_CB_DESYNC,cb_desync: simulated CB (550d) ตัดทิ้ง แต่บัญชีจริง cooldown_remaining=0 consec_loss=0 ตอนนี้,LTS Momentum Sta,,37.0
,2026-07-18 02:20:55,,2026-07-18 02:20:55,,,M15,,SELL,,4011.09,4011.23,,4109.04,,3962.12,,6.11,,-85.54,,166218.03,M15-LTS_AHR_940,562092528,False,MT5_ONLY,ไม่มี SIM คู่ — backtest ไม่เจอ pattern นี้,LTS Smart Cut-lo,,-14.0
,2026-07-18 02:20:55,,2026-07-18 02:21:05,,,M15,,BUY,,4011.23,4011.27,,3962.26,,4109.18,,8.64,,34.56,,166252.59,M15-LTS_AHR_939,562092527,False,MT5_ONLY_CB_DESYNC,cb_desync: simulated CB (550d) ตัดทิ้ง แต่บัญชีจริง cooldown_remaining=0 consec_loss=0 ตอนนี้,LTS Momentum Sta,,4.0
,2026-07-18 02:30:55,,2026-07-18 02:30:55,,,M15,,SELL,,4015.66,4015.8,,4110.7,,3968.14,,6.11,,-85.54,,166167.05,M15-LTS_AHR_940,562093775,False,MT5_ONLY,ไม่มี SIM คู่ — backtest ไม่เจอ pattern นี้,LTS Smart Cut-lo,,-14.0
,2026-07-18 02:30:55,,2026-07-18 03:55:50,,,M15,,BUY,,4015.8,4016.09,,3968.28,,4110.84,,8.64,,250.56,,166417.61,M15-LTS_AHR_939,562093774,False,MT5_ONLY_CB_DESYNC,cb_desync: simulated CB (550d) ตัดทิ้ง แต่บัญชีจริง cooldown_remaining=0 consec_loss=0 ตอนนี้,LTS Momentum Sta,,29.0
,2026-07-18 02:45:55,,2026-07-18 02:45:55,,,H1,,SELL,,4007.66,4007.8,,4166.65,,3769.17,,4.37,,-61.18,,166356.43,H1-LTS_AHR_949,562095199,False,MT5_ONLY,ไม่มี SIM คู่ — backtest ไม่เจอ pattern นี้,LTS Smart Cut-lo,,-14.0
,2026-07-18 02:45:55,,2026-07-18 02:46:35,,,H1,,BUY,,4007.8,4007.94,,3769.31,,4166.79,,5.15,,72.1,,166428.53,H1-LTS_AHR_950,562095200,False,MT5_ONLY,ไม่มี SIM คู่ — backtest ไม่เจอ pattern นี้,LTS Momentum Sta,,14.0
,2026-07-18 02:55:55,,2026-07-18 02:55:55,,,M15,,SELL,,4010.57,4010.66,,4113.07,,3959.32,,6.11,,-54.99,,166373.54,M15-LTS_AHR_940,562095999,False,MT5_ONLY,ไม่มี SIM คู่ — backtest ไม่เจอ pattern นี้,LTS Smart Cut-lo,,-9.0
,2026-07-18 02:55:55,,2026-07-18 02:56:20,,,M15,,BUY,,4010.71,4010.81,,3959.46,,4113.21,,8.64,,86.4,,166459.94,M15-LTS_AHR_939,562095998,False,MT5_ONLY_CB_DESYNC,cb_desync: simulated CB (550d) ตัดทิ้ง แต่บัญชีจริง cooldown_remaining=0 consec_loss=0 ตอนนี้,LTS Momentum Sta,,10.0
,2026-07-18 03:05:55,,2026-07-18 03:05:56,,,H1,,SELL,,4007.26,4007.4,,4160.25,,3701.28,,19.1,,-267.4,,166192.54,H1-LTS_AHR_951,562096881,False,MT5_ONLY,ไม่มี SIM คู่ — backtest ไม่เจอ pattern นี้,LTS Smart Cut-lo,,-14.0
,2026-07-18 03:05:55,,2026-07-18 03:06:15,,,H1,,BUY,,4007.41,4007.42,,3701.43,,4160.4,,2.65,,2.65,,166195.19,H1-LTS_AHR_952,562096882,False,MT5_ONLY,ไม่มี SIM คู่ — backtest ไม่เจอ pattern นี้,LTS Momentum Sta,,1.0
,2026-07-18 03:15:55,,2026-07-18 03:15:55,,,M15,,SELL,,4006.29,4006.43,,4103.26,,3957.87,,6.11,,-85.54,,166109.65,M15-LTS_AHR_940,562097825,False,MT5_ONLY,ไม่มี SIM คู่ — backtest ไม่เจอ pattern นี้,LTS Smart Cut-lo,,-14.0
,2026-07-18 03:15:55,,2026-07-18 03:16:05,,,M15,,BUY,,4006.47,4006.63,,3958.01,,4103.4,,8.64,,138.24,,166247.89,M15-LTS_AHR_939,562097824,False,MT5_ONLY_CB_DESYNC,cb_desync: simulated CB (550d) ตัดทิ้ง แต่บัญชีจริง cooldown_remaining=0 consec_loss=0 ตอนนี้,LTS Momentum Sta,,16.0
,2026-07-18 03:30:55,,2026-07-18 03:30:55,,,M15,,SELL,,4005.49,4005.66,,4102.01,,3957.23,,6.11,,-103.87,,166144.02,M15-LTS_AHR_940,562099074,False,MT5_ONLY,ไม่มี SIM คู่ — backtest ไม่เจอ pattern นี้,LTS Smart Cut-lo,,-17.0
,2026-07-18 03:30:55,,2026-07-18 03:31:00,,,M15,,BUY,,4005.63,4005.64,,3957.37,,4102.15,,8.64,,8.64,,166152.66,M15-LTS_AHR_939,562099073,False,MT5_ONLY_CB_DESYNC,cb_desync: simulated CB (550d) ตัดทิ้ง แต่บัญชีจริง cooldown_remaining=0 consec_loss=0 ตอนนี้,LTS Momentum Sta,,1.0
,2026-07-18 03:45:55,,2026-07-18 03:45:55,,,M15,,SELL,,4010.3,4010.44,,4106.18,,3962.36,,6.11,,-85.54,,166067.12,M15-LTS_AHR_940,562100484,False,MT5_ONLY,ไม่มี SIM คู่ — backtest ไม่เจอ pattern นี้,LTS Smart Cut-lo,,-14.0
,2026-07-18 03:45:55,,2026-07-18 03:46:10,,,M15,,BUY,,4010.44,4010.59,,3962.5,,4106.32,,8.64,,129.6,,166196.72,M15-LTS_AHR_939,562100482,False,MT5_ONLY_CB_DESYNC,cb_desync: simulated CB (550d) ตัดทิ้ง แต่บัญชีจริง cooldown_remaining=0 consec_loss=0 ตอนนี้,LTS Momentum Sta,,15.0
,2026-07-18 04:20:55,,2026-07-18 04:20:56,,,H1,,SELL,,4009.21,4009.36,,4164.62,,3698.4,,19.1,,-286.5,,165910.22,H1-LTS_AHR_951,562103784,False,MT5_ONLY,ไม่มี SIM คู่ — backtest ไม่เจอ pattern นี้,LTS Smart Cut-lo,,-15.0
,2026-07-18 04:20:55,,2026-07-18 04:21:00,,,H1,,BUY,,4009.35,4009.39,,3698.54,,4164.76,,2.65,,10.6,,165920.82,H1-LTS_AHR_952,562103785,False,MT5_ONLY,ไม่มี SIM คู่ — backtest ไม่เจอ pattern นี้,LTS Momentum Sta,,4.0
,2026-07-18 04:40:55,,2026-07-18 04:40:55,,,M15,,SELL,,4011.56,4011.7,,4110.65,,3962.01,,6.11,,-85.54,,165835.28,M15-LTS_AHR_940,562105131,False,MT5_ONLY,ไม่มี SIM คู่ — backtest ไม่เจอ pattern นี้,LTS Smart Cut-lo,,-14.0
,2026-07-18 04:40:55,,2026-07-18 04:41:00,,,M15,,BUY,,4011.72,4011.75,,3962.17,,4110.81,,8.64,,25.92,,165861.2,M15-LTS_AHR_939,562105130,False,MT5_ONLY_CB_DESYNC,cb_desync: simulated CB (550d) ตัดทิ้ง แต่บัญชีจริง cooldown_remaining=0 consec_loss=0 ตอนนี้,LTS Momentum Sta,,3.0
,2026-07-18 04:45:55,,2026-07-18 04:45:56,,,M15,,SELL,,4015.7,4015.84,,4114.81,,3966.15,,6.11,,-85.54,,165775.66,M15-LTS_AHR_940,562105512,False,MT5_ONLY,ไม่มี SIM คู่ — backtest ไม่เจอ pattern นี้,LTS Smart Cut-lo,,-14.0
,2026-07-18 04:45:55,,2026-07-18 04:46:50,,,M15,,BUY,,4015.84,4015.92,,3966.29,,4114.95,,8.64,,69.12,,165844.78,M15-LTS_AHR_939,562105511,False,MT5_ONLY_CB_DESYNC,cb_desync: simulated CB (550d) ตัดทิ้ง แต่บัญชีจริง cooldown_remaining=0 consec_loss=0 ตอนนี้,LTS Momentum Sta,,8.0
,2026-07-20 06:27:49,,2026-07-20 06:30:05,,,M15,,SELL,,3995.32,3995.14,,4047.59,,3890.79,,8.64,,155.52,,166000.3,M15-LTS_AHR_939,562171992,False,MT5_ONLY,ไม่มี SIM คู่ — backtest ไม่เจอ pattern นี้,LTS Momentum Sta,,18.0
,2026-07-20 06:27:49,,2026-07-20 06:31:09,,,M15,,BUY,,3996.18,3996.26,,3891.65,,4048.45,,6.11,,48.88,,166049.18,M15-LTS_AHR_940,562171993,False,MT5_ONLY,ไม่มี SIM คู่ — backtest ไม่เจอ pattern นี้,LTS Momentum Sta,,8.0
,2026-07-20 06:27:50,,2026-07-20 06:30:05,,,H1,,SELL,,3995.32,3995.13,,4150.09,,3685.78,,19.1,,362.9,,166412.08,H1-LTS_AHR_951,562171994,False,MT5_ONLY,ไม่มี SIM คู่ — backtest ไม่เจอ pattern นี้,LTS Momentum Sta,,19.0
,2026-07-20 06:27:50,,2026-07-20 06:31:09,,,H1,,BUY,,3996.18,3996.26,,3686.64,,4150.95,,2.65,,21.2,,166433.28,H1-LTS_AHR_952,562171995,False,MT5_ONLY,ไม่มี SIM คู่ — backtest ไม่เจอ pattern นี้,LTS Momentum Sta,,8.0
,2026-07-20 06:47:45,,2026-07-20 06:47:54,,,M15,,BUY,,3996.88,3996.97,,3898.32,,4046.16,,6.11,,54.99,,166488.27,M15-LTS_AHR_940,562173962,False,MT5_ONLY,ไม่มี SIM คู่ — backtest ไม่เจอ pattern นี้,LTS Momentum Sta,,9.0
,2026-07-20 06:47:45,,2026-07-20 06:57:34,,,M15,,SELL,,3996.74,3996.41,,4046.02,,3898.18,,8.64,,285.12,,166773.39,M15-LTS_AHR_939,562173961,False,MT5_ONLY,ไม่มี SIM คู่ — backtest ไม่เจอ pattern นี้,LTS Momentum Sta,,33.0
,2026-07-20 07:02:45,,2026-07-20 07:02:49,,,M15,,BUY,,3993.0,3993.14,,3890.76,,4044.12,,6.11,,85.54,,166858.93,M15-LTS_AHR_940,562175432,False,MT5_ONLY,ไม่มี SIM คู่ — backtest ไม่เจอ pattern นี้,LTS Momentum Sta,,14.0
,2026-07-20 07:02:45,,2026-07-20 07:02:49,,,H1,,BUY,,3993.0,3993.14,,3692.92,,4143.04,,2.65,,37.1,,166896.03,H1-LTS_AHR_952,562175434,False,MT5_ONLY,ไม่มี SIM คู่ — backtest ไม่เจอ pattern นี้,LTS Momentum Sta,,14.0
,2026-07-20 07:02:45,,2026-07-20 07:15:04,,,M15,,SELL,,3992.86,3992.84,,4043.98,,3890.62,,8.64,,17.28,,166913.31,M15-LTS_AHR_939,562175431,False,MT5_ONLY,ไม่มี SIM คู่ — backtest ไม่เจอ pattern นี้,LTS Momentum Sta,,2.0
,2026-07-20 07:02:45,,2026-07-20 07:15:04,,,H1,,SELL,,3992.86,3992.87,,4142.9,,3692.78,,19.1,,-19.1,,166894.21,H1-LTS_AHR_951,562175433,False,MT5_ONLY,ไม่มี SIM คู่ — backtest ไม่เจอ pattern นี้,LTS Momentum Sta,,-1.0
,2026-07-20 07:37:45,,2026-07-20 07:37:49,,,M15,,BUY,,3992.17,3992.66,,3886.75,,4044.88,,6.11,,299.39,,167193.6,M15-LTS_AHR_940,562180484,False,MT5_ONLY,ไม่มี SIM คู่ — backtest ไม่เจอ pattern นี้,LTS Momentum Sta,,49.0
,2026-07-20 07:37:45,,2026-07-20 07:40:54,,,M15,,SELL,,3992.0,3991.66,,4044.71,,3886.58,,8.64,,293.76,,167487.36,M15-LTS_AHR_939,562180483,False,MT5_ONLY,ไม่มี SIM คู่ — backtest ไม่เจอ pattern นี้,LTS Momentum Sta,,34.0
,2026-07-20 07:47:45,,2026-07-20 07:47:49,,,M15,,BUY,,3991.14,3991.03,,3883.42,,4045.0,,6.11,,-67.21,,167420.15,M15-LTS_AHR_940,562182553,False,MT5_ONLY,ไม่มี SIM คู่ — backtest ไม่เจอ pattern นี้,LTS Smart Cut-lo,,-11.0
,2026-07-20 07:47:45,,2026-07-20 07:47:54,,,M15,,SELL,,3991.0,3990.95,,4044.86,,3883.28,,8.64,,43.2,,167463.35,M15-LTS_AHR_939,562182552,False,MT5_ONLY,ไม่มี SIM คู่ — backtest ไม่เจอ pattern นี้,LTS Momentum Sta,,5.0
,2026-07-20 08:02:45,,2026-07-20 08:02:49,,,M15,,BUY,,3985.45,3985.42,,3859.75,,4048.12,,6.11,,-18.33,,167445.02,M15-LTS_AHR_940,562186213,False,MT5_ONLY,ไม่มี SIM คู่ — backtest ไม่เจอ pattern นี้,LTS Smart Cut-lo,,-3.0
,2026-07-20 08:02:45,,2026-07-20 08:02:49,,,H1,,BUY,,3985.54,3985.42,,3670.59,,4143.05,,2.65,,-31.8,,167413.22,H1-LTS_AHR_952,562186216,False,MT5_ONLY,ไม่มี SIM คู่ — backtest ไม่เจอ pattern นี้,LTS Smart Cut-lo,,-12.0
,2026-07-20 08:02:45,,2026-07-20 09:00:09,,,M15,,SELL,,3985.18,4010.77,,4047.97,,3859.6,,8.64,,-22109.76,,145303.46,M15-LTS_AHR_939,562186212,False,MT5_ONLY,ไม่มี SIM คู่ — backtest ไม่เจอ pattern นี้,LTS Smart Cut-lo,,-2559.0
,2026-07-20 08:02:45,,2026-07-20 09:00:09,,,H1,,SELL,,3985.31,4010.77,,4142.8,,3670.34,,19.1,,-48628.6,,96674.86,H1-LTS_AHR_951,562186215,False,MT5_ONLY,ไม่มี SIM คู่ — backtest ไม่เจอ pattern นี้,LTS Smart Cut-lo,,-2546.0
,2026-07-20 08:17:45,,2026-07-20 08:17:45,,,M30,,BUY,,3998.64,3998.49,,3898.93,,4148.2,,20.0,,-300.0,,96374.86,M30-LTS_AHR_947,562192743,False,MT5_ONLY_CB_DESYNC,cb_desync: simulated CB (550d) ตัดทิ้ง แต่บัญชีจริง cooldown_remaining=0 consec_loss=2 ตอนนี้,LTS Smart Cut-lo,,-15.0
,2026-07-20 08:17:45,,2026-07-20 08:17:54,,,M30,,SELL,,3998.49,3998.34,,4148.05,,3898.78,,20.0,,300.0,,96674.86,M30-LTS_AHR_948,562192744,False,MT5_ONLY,ไม่มี SIM คู่ — backtest ไม่เจอ pattern นี้,LTS Momentum Sta,,15.0
,2026-07-20 08:27:45,,2026-07-20 08:30:04,,,M15,,BUY,,4001.62,4001.35,,3940.51,,4123.84,,8.64,,-233.28,,96441.58,M15-LTS_AHR_939,562196094,False,MT5_ONLY,ไม่มี SIM คู่ — backtest ไม่เจอ pattern นี้,LTS Smart Cut-lo,,-27.0
,2026-07-20 08:27:45,,2026-07-20 08:30:04,,,M15,,SELL,,4001.47,4001.5,,4123.69,,3940.36,,6.11,,-18.33,,96423.25,M15-LTS_AHR_940,562196095,False,MT5_ONLY,ไม่มี SIM คู่ — backtest ไม่เจอ pattern นี้,LTS Momentum Sta,,-3.0
,2026-07-20 08:47:45,,2026-07-20 08:47:54,,,M15,,BUY,,4002.63,4001.36,,3944.05,,4119.79,,8.64,,-1097.28,,95325.97,M15-LTS_AHR_939,562201685,False,MT5_ONLY,ไม่มี SIM คู่ — backtest ไม่เจอ pattern นี้,LTS Smart Cut-lo,,-127.0
,2026-07-20 08:47:45,,2026-07-20 08:47:54,,,M15,,SELL,,4002.45,4001.5,,4119.61,,3943.87,,6.11,,580.45,,95906.42,M15-LTS_AHR_940,562201686,False,MT5_ONLY,ไม่มี SIM คู่ — backtest ไม่เจอ pattern นี้,LTS Momentum Sta,,95.0
,2026-07-20 09:02:44,,2026-07-20 09:04:37,,,M15,,BUY,,4014.32,4011.39,,4011.39,,4017.57,,20.0,,-5860.0,,90046.42,M15-LTS_AHR_1,562207361,False,MT5_ONLY,ไม่มี SIM คู่ — backtest ไม่เจอ pattern นี้,[sl 4011.39],,-293.0
,2026-07-20 09:03:11,,2026-07-20 09:42:09,,,M15,,BUY,,4013.8,4000.37,,3950.46,,4140.48,,8.64,,-11603.52,,78442.9,M15-LTS_AHR_939,562207535,False,MT5_ONLY,ไม่มี SIM คู่ — backtest ไม่เจอ pattern นี้,LTS Smart Cut-lo,,-1343.0
,2026-07-20 09:03:12,,2026-07-20 09:03:14,,,M15,,SELL,,4013.66,4013.69,,4140.34,,3950.32,,6.11,,-18.33,,78424.57,M15-LTS_AHR_940,562207538,False,MT5_ONLY,ไม่มี SIM คู่ — backtest ไม่เจอ pattern นี้,LTS Smart Cut-lo,,-3.0
,2026-07-20 09:22:46,,2026-07-20 09:22:49,,,H1,,SELL,,4002.44,4002.41,,4165.45,,3676.43,,19.1,,57.3,,78481.87,H1-LTS_AHR_951,562216619,False,MT5_ONLY,ไม่มี SIM คู่ — backtest ไม่เจอ pattern นี้,LTS Smart Cut-lo,,3.0
,2026-07-20 09:22:46,,2026-07-20 09:22:49,,,H1,,SELL,,4002.44,4002.41,,4165.45,,3757.93,,20.0,,60.0,,78541.87,H1-LTS_AHR_953,562216622,False,MT5_ONLY,ไม่มี SIM คู่ — backtest ไม่เจอ pattern นี้,LTS Smart Cut-lo,,3.0
,2026-07-20 09:22:46,,2026-07-20 09:22:54,,,H1,,BUY,,4002.59,4002.67,,3676.58,,4165.6,,2.65,,21.2,,78563.07,H1-LTS_AHR_952,562216620,False,MT5_ONLY,ไม่มี SIM คู่ — backtest ไม่เจอ pattern นี้,LTS Momentum Sta,,8.0
,2026-07-20 09:22:46,,2026-07-20 09:22:54,,,H1,,BUY,,4002.59,4002.67,,3758.08,,4165.6,,20.0,,160.0,,78723.07,H1-LTS_AHR_954,562216624,False,MT5_ONLY,ไม่มี SIM คู่ — backtest ไม่เจอ pattern นี้,LTS Momentum Sta,,8.0
,2026-07-20 09:32:46,,2026-07-20 09:32:49,,,M15,,SELL,,4004.99,4005.18,,4120.93,,3947.02,,6.11,,-116.09,,78606.98,M15-LTS_AHR_940,562221299,False,MT5_ONLY,ไม่มี SIM คู่ — backtest ไม่เจอ pattern นี้,LTS Smart Cut-lo,,-19.0
,2026-07-20 09:32:46,,2026-07-20 09:33:24,,,M15,,BUY,,4005.26,4005.27,,3947.29,,4121.2,,8.64,,8.64,,78615.62,M15-LTS_AHR_939,562221297,False,MT5_ONLY,ไม่มี SIM คู่ — backtest ไม่เจอ pattern นี้,LTS Momentum Sta,,1.0
,2026-07-20 09:37:46,,2026-07-20 09:37:49,,,M15,,SELL,,4003.7,4003.89,,4090.39,,3945.9,,1.47,,-27.93,,78587.69,M15-LTS_AHR_938,562223261,False,MT5_ONLY,ไม่มี SIM คู่ — backtest ไม่เจอ pattern นี้,LTS Smart Cut-lo,,-19.0
,2026-07-20 09:37:46,,2026-07-20 09:42:09,,,M15,,BUY,,4003.85,4000.37,,3946.07,,4090.56,,3.54,,-1231.92,,77355.77,M15-LTS_AHR_937,562223260,False,MT5_ONLY,ไม่มี SIM คู่ — backtest ไม่เจอ pattern นี้,LTS Smart Cut-lo,,-348.0
,2026-07-20 10:05:39,,2026-07-20 10:05:42,,,M15,,SELL,,4007.16,4006.84,,4128.48,,3946.5,,6.11,,195.52,,77551.29,M15-LTS_AHR_940,562233377,False,MT5_ONLY,ไม่มี SIM คู่ — backtest ไม่เจอ pattern นี้,LTS Smart Cut-lo,,32.0
,2026-07-20 10:05:39,,2026-07-20 10:09:27,,,M15,,BUY,,4007.31,4007.74,,3946.61,,4128.59,,8.64,,371.52,,77922.81,M15-LTS_AHR_939,562233376,False,MT5_ONLY,ไม่มี SIM คู่ — backtest ไม่เจอ pattern นี้,LTS Momentum Sta,,43.0
,2026-07-20 10:15:38,,2026-07-20 10:15:52,,,M15,,BUY,,4004.45,4004.6,,3999.52,,4009.93,,20.0,,300.0,,78222.81,M15-LTS_AHR_275,562235853,False,MT5_ONLY,ไม่มี SIM คู่ — backtest ไม่เจอ pattern นี้,LTS Momentum Sta,,15.0
,2026-07-20 10:15:38,,2026-07-20 10:15:52,,,M15,,BUY,,4004.46,4004.6,,3999.53,,4009.94,,20.0,,280.0,,78502.81,M15-LTS_AHR_343,562235857,False,MT5_ONLY,ไม่มี SIM คู่ — backtest ไม่เจอ pattern นี้,LTS Momentum Sta,,14.0
,2026-07-20 10:15:39,,2026-07-20 10:15:42,,,M15,,BUY,,4004.25,4004.32,,3999.32,,4009.73,,20.0,,140.0,,78642.81,M15-LTS_AHR_503,562235873,False,MT5_ONLY,ไม่มี SIM คู่ — backtest ไม่เจอ pattern นี้,LTS Momentum Sta,,7.0
,2026-07-20 10:20:37,,2026-07-20 10:20:37,,,M15,,SELL,,4006.83,4006.98,,4122.54,,3948.97,,6.11,,-91.65,,78551.16,M15-LTS_AHR_940,562236738,False,MT5_ONLY,ไม่มี SIM คู่ — backtest ไม่เจอ pattern นี้,LTS Smart Cut-lo,,-15.0
,2026-07-20 10:20:37,,2026-07-20 10:22:27,,,M15,,BUY,,4006.98,4007.16,,3949.12,,4122.69,,8.64,,155.52,,78706.68,M15-LTS_AHR_939,562236736,False,MT5_ONLY,ไม่มี SIM คู่ — backtest ไม่เจอ pattern นี้,LTS Momentum Sta,,18.0
,2026-07-20 10:30:39,,2026-07-20 10:30:42,,,M15,,SELL,,4007.88,4008.08,,4120.3,,3951.67,,6.11,,-122.2,,78584.48,M15-LTS_AHR_940,562239380,False,MT5_ONLY,ไม่มี SIM คู่ — backtest ไม่เจอ pattern นี้,LTS Smart Cut-lo,,-20.0
,2026-07-20 10:30:39,,2026-07-20 10:30:52,,,M15,,BUY,,4008.01,4008.14,,3951.8,,4120.43,,8.64,,112.32,,78696.8,M15-LTS_AHR_939,562239376,False,MT5_ONLY,ไม่มี SIM คู่ — backtest ไม่เจอ pattern นี้,LTS Momentum Sta,,13.0
,2026-07-20 10:48:26,,2026-07-20 10:48:30,,,M15,,SELL,,4020.4,4021.31,,4140.04,,3960.58,,6.11,,-556.01,,78140.79,M15-LTS_AHR_940,562247482,False,MT5_ONLY,ไม่มี SIM คู่ — backtest ไม่เจอ pattern นี้,LTS Smart Cut-lo,,-91.0
,2026-07-20 10:48:26,,2026-07-20 11:00:03,,,M15,,BUY,,4020.5,4020.9,,3960.68,,4140.14,,8.64,,345.6,,78486.39,M15-LTS_AHR_939,562247480,False,MT5_ONLY,ไม่มี SIM คู่ — backtest ไม่เจอ pattern นี้,LTS Momentum Sta,,40.0
,2026-07-20 11:33:14,,2026-07-20 11:33:24,,,M15,,BUY,,4019.29,4019.78,,4011.71,,4025.61,,20.0,,980.0,,79466.39,M15-LTS_AHR_12,562264801,False,MT5_ONLY,ไม่มี SIM คู่ — backtest ไม่เจอ pattern นี้,LTS Momentum Sta,,49.0
,2026-07-20 11:33:16,,2026-07-20 11:33:24,,,M15,,SELL,,4019.36,4019.93,,4021.34,,4017.16,,20.0,,-1140.0,,78326.39,M15-LTS_AHR_154,562264812,False,MT5_ONLY,ไม่มี SIM คู่ — backtest ไม่เจอ pattern นี้,LTS Smart Cut-lo,,-57.0
,2026-07-20 11:33:23,,2026-07-20 11:33:24,,,M30,,SELL,,4019.78,4019.93,,4113.18,,3879.68,,20.0,,-300.0,,78026.39,M30-LTS_AHR_947,562264860,False,MT5_ONLY_CB_DESYNC,cb_desync: simulated CB (550d) ตัดทิ้ง แต่บัญชีจริง cooldown_remaining=0 consec_loss=2 ตอนนี้,LTS Smart Cut-lo,,-15.0
,2026-07-20 11:33:24,,2026-07-20 11:34:33,,,M30,,BUY,,4019.93,4020.44,,3879.83,,4113.33,,20.0,,1020.0,,79046.39,M30-LTS_AHR_948,562264861,False,MT5_ONLY,ไม่มี SIM คู่ — backtest ไม่เจอ pattern นี้,LTS Momentum Sta,,51.0
,2026-07-20 12:48:14,,2026-07-20 12:48:23,,,M15,,SELL,,4020.72,4021.04,,4022.81,,4018.4,,20.0,,-640.0,,78406.39,M15-LTS_AHR_40,562280403,False,MT5_ONLY,ไม่มี SIM คู่ — backtest ไม่เจอ pattern นี้,LTS Smart Cut-lo,,-32.0
,2026-07-20 12:48:15,,2026-07-20 12:50:03,,,M15,,BUY,,4020.98,4021.51,,4016.35,,4024.84,,20.0,,1060.0,,79466.39,M15-LTS_AHR_139,562280410,False,MT5_ONLY,ไม่มี SIM คู่ — backtest ไม่เจอ pattern นี้,LTS Momentum Sta,,53.0
,2026-07-20 12:48:16,,2026-07-20 12:50:03,,,M15,,BUY,,4021.12,4021.51,,4016.49,,4024.98,,20.0,,780.0,,80246.39,M15-LTS_AHR_313,562280414,False,MT5_ONLY,ไม่มี SIM คู่ — backtest ไม่เจอ pattern นี้,LTS Momentum Sta,,39.0
,2026-07-20 12:48:19,,2026-07-20 12:50:03,,,M15,,BUY,,4021.05,4021.51,,4016.42,,4024.91,,20.0,,920.0,,81166.39,M15-LTS_AHR_603,562280416,False,MT5_ONLY,ไม่มี SIM คู่ — backtest ไม่เจอ pattern นี้,LTS Momentum Sta,,46.0
,2026-07-20 14:18:25,,2026-07-20 14:18:44,,,M15,,BUY,,4007.83,4008.18,,4000.55,,4013.52,,20.0,,700.0,,81866.39,M15-LTS_AHR_409,562318227,False,MT5_ONLY,ไม่มี SIM คู่ — backtest ไม่เจอ pattern นี้,LTS Momentum Sta,,35.0
,2026-07-20 15:17:40,,2026-07-20 15:17:44,,,H1,,BUY,,4003.89,4003.73,,3757.0,,4127.33,,2.65,,-42.4,,81823.99,H1-LTS_AHR_952,562337229,False,MT5_ONLY,ไม่มี SIM คู่ — backtest ไม่เจอ pattern นี้,LTS Smart Cut-lo,,-16.0
,2026-07-20 15:17:40,,2026-07-20 15:17:46,,,H1,,SELL,,4003.74,4003.37,,4127.18,,3756.85,,19.1,,706.7,,82530.69,H1-LTS_AHR_951,562337224,False,MT5_ONLY,ไม่มี SIM คู่ — backtest ไม่เจอ pattern นี้,LTS Momentum Sta,,37.0
,2026-07-20 15:31:46,,2026-07-20 15:31:56,,,M15,,SELL,,4009.28,4008.54,,4012.56,,4006.33,,20.0,,1480.0,,84010.69,M15-LTS_AHR_50,562344613,False,MT5_ONLY,ไม่มี SIM คู่ — backtest ไม่เจอ pattern นี้,LTS Momentum Sta,,74.0
,2026-07-20 15:31:47,,2026-07-20 15:31:56,,,M15,,BUY,,4009.27,4008.39,,4005.33,,4012.55,,5.09,,-447.92,,83562.77,M15-LTS_AHR_155,562344616,False,MT5_ONLY,ไม่มี SIM คู่ — backtest ไม่เจอ pattern นี้,LTS Smart Cut-lo,,-88.0
,2026-07-20 15:31:47,,2026-07-20 15:31:56,,,M15,,SELL,,4009.12,4008.54,,4012.4,,4006.17,,20.0,,1160.0,,84722.77,M15-LTS_AHR_164,562344617,False,MT5_ONLY,ไม่มี SIM คู่ — backtest ไม่เจอ pattern นี้,LTS Momentum Sta,,58.0
,2026-07-20 15:31:48,,2026-07-20 15:31:56,,,M15,,SELL,,4009.12,4008.54,,4012.4,,4006.17,,20.0,,1160.0,,85882.77,M15-LTS_AHR_191,562344618,False,MT5_ONLY,ไม่มี SIM คู่ — backtest ไม่เจอ pattern นี้,LTS Momentum Sta,,58.0
,2026-07-20 15:31:48,,2026-07-20 15:31:56,,,M15,,SELL,,4009.21,4008.54,,4012.49,,4006.26,,20.0,,1340.0,,87222.77,M15-LTS_AHR_232,562344620,False,MT5_ONLY,ไม่มี SIM คู่ — backtest ไม่เจอ pattern นี้,LTS Momentum Sta,,67.0
,2026-07-20 15:31:49,,2026-07-20 15:31:56,,,M15,,BUY,,4009.29,4008.39,,4005.39,,4012.61,,20.0,,-1800.0,,85422.77,M15-LTS_AHR_312,562344624,False,MT5_ONLY,ไม่มี SIM คู่ — backtest ไม่เจอ pattern นี้,LTS Smart Cut-lo,,-90.0
,2026-07-20 15:31:50,,2026-07-20 15:31:56,,,M15,,BUY,,4009.4,4008.39,,4005.46,,4012.68,,20.0,,-2020.0,,83402.77,M15-LTS_AHR_387,562344628,False,MT5_ONLY,ไม่มี SIM คู่ — backtest ไม่เจอ pattern นี้,LTS Smart Cut-lo,,-101.0
,2026-07-20 15:31:50,,2026-07-20 15:31:56,,,M15,,SELL,,4009.25,4008.54,,4012.53,,4005.31,,20.0,,1420.0,,84822.77,M15-LTS_AHR_388,562344629,False,MT5_ONLY,ไม่มี SIM คู่ — backtest ไม่เจอ pattern นี้,LTS Momentum Sta,,71.0
,2026-07-20 15:31:53,,2026-07-20 15:31:56,,,M15,,BUY,,4008.78,4008.39,,4004.84,,4012.06,,20.0,,-780.0,,84042.77,M15-LTS_AHR_595,562344645,False,MT5_ONLY,ไม่มี SIM คู่ — backtest ไม่เจอ pattern นี้,LTS Smart Cut-lo,,-39.0
,2026-07-20 15:31:56,,2026-07-20 15:31:56,,,M15,,BUY,,4008.5,4008.39,,3969.85,,4085.81,,8.64,,-95.04,,83947.73,M15-LTS_AHR_939,562344655,False,MT5_ONLY,ไม่มี SIM คู่ — backtest ไม่เจอ pattern นี้,LTS Smart Cut-lo,,-11.0
,2026-07-20 16:16:48,,2026-07-20 16:16:51,,,H1,,SELL,,4026.57,4026.74,,4278.67,,3900.52,,2.65,,-45.05,,83902.68,H1-LTS_AHR_952,562364317,False,MT5_ONLY,ไม่มี SIM คู่ — backtest ไม่เจอ pattern นี้,LTS Smart Cut-lo,,-17.0
,2026-07-20 16:16:48,,2026-07-20 19:45:02,,,H1,,BUY,,4026.5,4031.94,,3900.45,,4278.6,,19.1,,10390.4,,94293.08,H1-LTS_AHR_951,562364309,False,MT5_ONLY,ไม่มี SIM คู่ — backtest ไม่เจอ pattern นี้,LTS Momentum Sta,,544.0
,2026-07-20 16:21:50,,2026-07-20 16:21:51,,,M15,,SELL,,4024.18,4024.33,,4062.81,,3966.23,,3.54,,-53.1,,94239.98,M15-LTS_AHR_937,562366344,False,MT5_ONLY,ไม่มี SIM คู่ — backtest ไม่เจอ pattern นี้,LTS Smart Cut-lo,,-15.0
,2026-07-20 16:21:50,,2026-07-20 16:21:51,,,M15,,SELL,,4024.18,4024.33,,4062.81,,3966.23,,16.86,,-252.9,,93987.08,M15-LTS_AHR_941,562366346,False,MT5_ONLY_CB_DESYNC,cb_desync: simulated CB (550d) ตัดทิ้ง แต่บัญชีจริง cooldown_remaining=0 consec_loss=0 ตอนนี้,LTS Smart Cut-lo,,-15.0
,2026-07-20 16:21:50,,2026-07-20 16:22:06,,,M15,,BUY,,4024.33,4024.87,,3966.38,,4062.96,,1.47,,79.38,,94066.46,M15-LTS_AHR_938,562366345,False,MT5_ONLY,ไม่มี SIM คู่ — backtest ไม่เจอ pattern นี้,LTS Momentum Sta,,54.0
,2026-07-20 16:21:50,,2026-07-20 16:22:06,,,M15,,BUY,,4024.33,4024.85,,3966.38,,4062.96,,20.0,,1040.0,,95106.46,M15-LTS_AHR_942,562366349,False,MT5_ONLY,ไม่มี SIM คู่ — backtest ไม่เจอ pattern นี้,LTS Momentum Sta,,52.0
,2026-07-20 17:02:00,,2026-07-20 17:13:01,,,M15,,BUY,,4020.14,4020.24,,4013.83,,4025.4,,20.0,,200.0,,95306.46,M15-LTS_AHR_267,562382418,False,MT5_ONLY,ไม่มี SIM คู่ — backtest ไม่เจอ pattern นี้,LTS Momentum Sta,,10.0
,2026-07-20 18:22:23,,2026-07-20 18:22:24,,,H1,,SELL,,4022.03,4022.2,,4249.95,,3908.07,,2.65,,-45.05,,95261.41,H1-LTS_AHR_952,562403592,False,MT5_ONLY,ไม่มี SIM คู่ — backtest ไม่เจอ pattern นี้,LTS Smart Cut-lo,,-17.0
,2026-07-20 18:22:23,,2026-07-20 18:22:27,,,H1,,BUY,,4022.18,4022.33,,3908.22,,4250.1,,19.1,,286.5,,95547.91,H1-LTS_AHR_951,562403591,False,MT5_ONLY,ไม่มี SIM คู่ — backtest ไม่เจอ pattern นี้,LTS Momentum Sta,,15.0
,2026-07-20 21:17:23,,2026-07-20 21:17:27,,,M15,,SELL,,4010.82,4010.74,,4017.52,,4004.83,,20.0,,160.0,,95707.91,M15-LTS_AHR_489,562510231,False,MT5_ONLY,ไม่มี SIM คู่ — backtest ไม่เจอ pattern นี้,LTS Momentum Sta,,8.0
,2026-07-20 21:17:24,,2026-07-20 21:20:22,,,M15,,BUY,,4011.04,4011.08,,4005.03,,4017.72,,20.0,,80.0,,95787.91,M15-LTS_AHR_551,562510233,False,MT5_ONLY,ไม่มี SIM คู่ — backtest ไม่เจอ pattern นี้,LTS Momentum Sta,,4.0
,2026-07-20 22:02:20,,2026-07-20 22:03:53,,,M30,,BUY,,4003.51,4004.02,,3970.97,,4028.54,,20.0,,1020.0,,96807.91,M30-LTS_AHR_36,562558367,False,MT5_ONLY_CB_DESYNC,cb_desync: simulated CB (550d) ตัดทิ้ง แต่บัญชีจริง cooldown_remaining=? consec_loss=? ตอนนี้,LTS Momentum Sta,,51.0
,2026-07-20 22:32:27,,2026-07-20 22:32:28,,,H1,,BUY,,4007.43,4007.26,,3902.94,,4164.17,,20.0,,-340.0,,96467.91,H1-LTS_AHR_953,562589680,False,MT5_ONLY,ไม่มี SIM คู่ — backtest ไม่เจอ pattern นี้,LTS Smart Cut-lo,,-17.0
,2026-07-20 22:32:27,,2026-07-20 22:32:33,,,H1,,SELL,,4007.29,4007.03,,4164.03,,3902.8,,20.0,,520.0,,96987.91,H1-LTS_AHR_954,562589681,False,MT5_ONLY_CB_DESYNC,cb_desync: simulated CB (550d) ตัดทิ้ง แต่บัญชีจริง cooldown_remaining=0 consec_loss=0 ตอนนี้,LTS Momentum Sta,,26.0
,2026-07-20 23:13:41,,2026-07-20 23:14:13,,,M15,,SELL,,4014.52,4013.93,,4087.89,,3977.7,,6.11,,360.49,,97348.4,M15-LTS_AHR_940,562634775,False,MT5_ONLY,ไม่มี SIM คู่ — backtest ไม่เจอ pattern นี้,LTS Momentum Sta,,59.0
,2026-07-20 23:13:41,,2026-07-20 23:17:35,,,M15,,BUY,,4014.7,4011.42,,3977.97,,4088.16,,8.64,,-2833.92,,94514.48,M15-LTS_AHR_939,562634771,False,MT5_ONLY,ไม่มี SIM คู่ — backtest ไม่เจอ pattern นี้,LTS Smart Cut-lo,,-328.0
,2026-07-20 23:48:33,,2026-07-20 23:48:41,,,M15,,SELL,,4013.36,4013.26,,4017.19,,4009.1,,20.0,,200.0,,94714.48,M15-LTS_AHR_213,562654413,False,MT5_ONLY,ไม่มี SIM คู่ — backtest ไม่เจอ pattern นี้,LTS Momentum Sta,,10.0
,2026-07-20 23:48:34,,2026-07-20 23:48:41,,,M15,,SELL,,4013.43,4013.26,,4017.25,,4009.16,,20.0,,340.0,,95054.48,M15-LTS_AHR_304,562654418,False,MT5_ONLY,ไม่มี SIM คู่ — backtest ไม่เจอ pattern นี้,LTS Momentum Sta,,17.0
,2026-07-20 23:48:35,,2026-07-20 23:48:41,,,M15,,SELL,,4013.41,4013.26,,4017.23,,4009.14,,20.0,,300.0,,95354.48,M15-LTS_AHR_371,562654423,False,MT5_ONLY,ไม่มี SIM คู่ — backtest ไม่เจอ pattern นี้,LTS Momentum Sta,,15.0
,2026-07-21 00:03:31,,2026-07-21 00:03:41,,,M15,,BUY,,4015.13,4015.19,,3981.56,,4082.27,,8.64,,51.84,,95406.32,M15-LTS_AHR_939,562663825,False,MT5_ONLY,ไม่มี SIM คู่ — backtest ไม่เจอ pattern นี้,LTS Momentum Sta,,6.0
,2026-07-21 00:03:31,,2026-07-21 00:13:36,,,M15,,SELL,,4014.91,4014.68,,4082.05,,3981.34,,6.11,,140.53,,95546.85,M15-LTS_AHR_940,562663827,False,MT5_ONLY,ไม่มี SIM คู่ — backtest ไม่เจอ pattern นี้,LTS Momentum Sta,,23.0
,2026-07-21 00:33:32,,2026-07-21 00:33:36,,,H1,,SELL,,4010.66,4010.48,,4106.4,,3819.19,,19.1,,343.8,,95890.65,H1-LTS_AHR_951,562680645,False,MT5_ONLY,ไม่มี SIM คู่ — backtest ไม่เจอ pattern นี้,LTS Momentum Sta,,18.0
,2026-07-21 00:33:32,,2026-07-21 00:33:36,,,H1,,BUY,,4010.78,4010.34,,3819.31,,4106.52,,2.65,,-116.6,,95774.05,H1-LTS_AHR_952,562680647,False,MT5_ONLY,ไม่มี SIM คู่ — backtest ไม่เจอ pattern นี้,LTS Smart Cut-lo,,-44.0
,2026-07-21 01:43:32,,2026-07-21 01:43:36,,,H1,,BUY,,4009.4,4009.38,,3828.89,,4099.65,,2.65,,-5.3,,95768.75,H1-LTS_AHR_952,562711020,False,MT5_ONLY,ไม่มี SIM คู่ — backtest ไม่เจอ pattern นี้,LTS Smart Cut-lo,,-2.0
,2026-07-21 01:43:32,,2026-07-21 01:43:56,,,H1,,SELL,,4009.24,4008.79,,4099.49,,3828.73,,19.1,,859.5,,96628.25,H1-LTS_AHR_951,562711017,False,MT5_ONLY,ไม่มี SIM คู่ — backtest ไม่เจอ pattern นี้,LTS Momentum Sta,,45.0
,2026-07-21 02:23:32,,2026-07-21 02:23:36,,,H1,,SELL,,4005.2,4005.29,,4096.8,,3821.99,,19.1,,-171.9,,96456.35,H1-LTS_AHR_951,562721743,False,MT5_ONLY,ไม่มี SIM คู่ — backtest ไม่เจอ pattern นี้,LTS Momentum Sta,,-9.0
,2026-07-21 02:23:32,,2026-07-21 02:23:36,,,H1,,BUY,,4005.34,4005.28,,3822.13,,4096.94,,2.65,,-15.9,,96440.45,H1-LTS_AHR_952,562721745,False,MT5_ONLY,ไม่มี SIM คู่ — backtest ไม่เจอ pattern นี้,LTS Smart Cut-lo,,-6.0
,2026-07-21 03:03:32,,2026-07-21 03:03:36,,,H1,,BUY,,4006.23,4006.13,,3836.57,,4091.21,,2.65,,-26.5,,96413.95,H1-LTS_AHR_952,562734562,False,MT5_ONLY,ไม่มี SIM คู่ — backtest ไม่เจอ pattern นี้,LTS Smart Cut-lo,,-10.0
,2026-07-21 03:03:32,,2026-07-21 03:03:51,,,H1,,SELL,,4006.19,4006.13,,4091.07,,3836.43,,19.1,,114.6,,96528.55,H1-LTS_AHR_951,562734558,False,MT5_ONLY,ไม่มี SIM คู่ — backtest ไม่เจอ pattern นี้,LTS Momentum Sta,,6.0
,2026-07-21 03:33:32,,2026-07-21 03:33:36,,,M15,,SELL,,4014.2,4014.08,,4074.85,,3984.03,,6.11,,73.32,,96601.87,M15-LTS_AHR_940,562744891,False,MT5_ONLY,ไม่มี SIM คู่ — backtest ไม่เจอ pattern นี้,LTS Momentum Sta,,12.0
,2026-07-21 03:33:32,,2026-07-21 03:36:16,,,M15,,BUY,,4014.44,4011.25,,3984.17,,4074.99,,8.64,,-2756.16,,93845.71,M15-LTS_AHR_939,562744890,False,MT5_ONLY,ไม่มี SIM คู่ — backtest ไม่เจอ pattern นี้,LTS Smart Cut-lo,,-319.0
,2026-07-21 03:38:32,,2026-07-21 03:38:36,,,M15,,BUY,,4010.66,4010.52,,3957.29,,4046.24,,1.47,,-20.58,,93825.13,M15-LTS_AHR_938,562746643,False,MT5_ONLY,ไม่มี SIM คู่ — backtest ไม่เจอ pattern นี้,LTS Smart Cut-lo,,-14.0
,2026-07-21 03:38:32,,2026-07-21 03:38:36,,,M15,,BUY,,4010.66,4010.52,,3957.29,,4046.24,,20.0,,-280.0,,93545.13,M15-LTS_AHR_942,562746645,False,MT5_ONLY,ไม่มี SIM คู่ — backtest ไม่เจอ pattern นี้,LTS Smart Cut-lo,,-14.0
,2026-07-21 03:38:32,,2026-07-21 03:38:36,,,M30,,BUY,,4010.66,4010.51,,3878.01,,4099.1,,1.75,,-26.25,,93518.88,M30-LTS_AHR_944,562746647,False,MT5_ONLY_CB_DESYNC,cb_desync: simulated CB (550d) ตัดทิ้ง แต่บัญชีจริง cooldown_remaining=0 consec_loss=0 ตอนนี้,LTS Smart Cut-lo,,-15.0
,2026-07-21 03:38:32,,2026-07-21 03:40:06,,,M15,,SELL,,4010.52,4010.48,,4046.1,,3957.15,,3.54,,14.16,,93533.04,M15-LTS_AHR_937,562746642,False,MT5_ONLY,ไม่มี SIM คู่ — backtest ไม่เจอ pattern นี้,LTS Momentum Sta,,4.0
,2026-07-21 03:38:32,,2026-07-21 03:40:06,,,M15,,SELL,,4010.52,4010.48,,4046.1,,3957.15,,16.86,,67.44,,93600.48,M15-LTS_AHR_941,562746644,False,MT5_ONLY_CB_DESYNC,cb_desync: simulated CB (550d) ตัดทิ้ง แต่บัญชีจริง cooldown_remaining=0 consec_loss=0 ตอนนี้,LTS Momentum Sta,,4.0
,2026-07-21 03:38:32,,2026-07-21 03:40:06,,,M30,,SELL,,4010.52,4010.48,,4098.96,,3877.87,,6.4,,25.6,,93626.08,M30-LTS_AHR_943,562746646,False,MT5_ONLY,ไม่มี SIM คู่ — backtest ไม่เจอ pattern นี้,LTS Momentum Sta,,4.0
,2026-07-21 03:38:33,,2026-07-21 03:38:36,,,M30,,BUY,,4010.65,4010.51,,3878.0,,4099.09,,20.0,,-280.0,,93346.08,M30-LTS_AHR_948,562746649,False,MT5_ONLY_CB_DESYNC,cb_desync: simulated CB (550d) ตัดทิ้ง แต่บัญชีจริง cooldown_remaining=0 consec_loss=0 ตอนนี้,LTS Smart Cut-lo,,-14.0
,2026-07-21 03:38:33,,2026-07-21 03:40:06,,,M30,,SELL,,4010.52,4010.48,,4098.96,,3877.87,,20.0,,80.0,,93426.08,M30-LTS_AHR_947,562746648,False,MT5_ONLY_CB_DESYNC,cb_desync: simulated CB (550d) ตัดทิ้ง แต่บัญชีจริง cooldown_remaining=0 consec_loss=2 ตอนนี้,LTS Momentum Sta,,4.0
,2026-07-21 04:08:32,,2026-07-21 04:08:36,,,H1,,BUY,,4006.0,4006.01,,3837.84,,4090.08,,2.65,,2.65,,93428.73,H1-LTS_AHR_952,562757574,False,MT5_ONLY,ไม่มี SIM คู่ — backtest ไม่เจอ pattern นี้,LTS Smart Cut-lo,,1.0
,2026-07-21 04:08:32,,2026-07-21 06:22:41,,,H1,,SELL,,4005.86,4005.83,,4089.94,,3837.7,,19.1,,57.3,,93486.03,H1-LTS_AHR_951,562757573,False,MT5_ONLY,ไม่มี SIM คู่ — backtest ไม่เจอ pattern นี้,LTS Momentum Sta,,3.0
,2026-07-21 06:03:32,,2026-07-21 06:03:36,,,H1,,BUY,,4009.51,4009.03,,3851.42,,4088.55,,2.65,,-127.2,,93358.83,H1-LTS_AHR_952,562768397,False,MT5_ONLY,ไม่มี SIM คู่ — backtest ไม่เจอ pattern นี้,LTS Smart Cut-lo,,-48.0
,2026-07-21 06:03:32,,2026-07-21 06:04:26,,,H1,,SELL,,4008.77,4008.76,,4087.81,,3850.68,,19.1,,19.1,,93377.93,H1-LTS_AHR_951,562768396,False,MT5_ONLY,ไม่มี SIM คู่ — backtest ไม่เจอ pattern นี้,LTS Momentum Sta,,1.0
,2026-07-21 06:58:32,,2026-07-21 06:58:36,,,M30,,BUY,,4001.46,4001.17,,3830.04,,4087.17,,8.56,,-248.24,,93129.69,M30-LTS_AHR_946,562774951,False,MT5_ONLY_CB_DESYNC,cb_desync: simulated CB (550d) ตัดทิ้ง แต่บัญชีจริง cooldown_remaining=0 consec_loss=0 ตอนนี้,LTS Smart Cut-lo,,-29.0
,2026-07-21 06:58:32,,2026-07-21 07:00:01,,,M30,,SELL,,4001.32,4000.64,,4087.03,,3829.9,,20.0,,1360.0,,94489.69,M30-LTS_AHR_945,562774950,False,MT5_ONLY,ไม่มี SIM คู่ — backtest ไม่เจอ pattern นี้,LTS Momentum Sta,,68.0
,2026-07-21 08:03:32,,2026-07-21 08:03:36,,,H1,,SELL,,4004.52,4004.47,,4087.53,,3838.44,,19.1,,95.5,,94585.19,H1-LTS_AHR_951,562789215,False,MT5_ONLY,ไม่มี SIM คู่ — backtest ไม่เจอ pattern นี้,LTS Momentum Sta,,5.0
,2026-07-21 08:03:32,,2026-07-21 08:03:36,,,H1,,BUY,,4004.21,4004.33,,3838.15,,4087.24,,2.65,,31.8,,94616.99,H1-LTS_AHR_952,562789218,False,MT5_ONLY,ไม่มี SIM คู่ — backtest ไม่เจอ pattern นี้,LTS Smart Cut-lo,,12.0
,2026-07-21 08:18:32,,2026-07-21 08:18:36,,,M30,,BUY,,4011.64,4011.67,,3929.14,,4176.63,,20.0,,60.0,,94676.99,M30-LTS_AHR_945,562796125,False,MT5_ONLY,ไม่มี SIM คู่ — backtest ไม่เจอ pattern นี้,LTS Momentum Sta,,3.0
,2026-07-21 08:18:32,,2026-07-21 08:18:36,,,H1,,BUY,,4011.64,4011.69,,3926.69,,4139.06,,20.0,,100.0,,94776.99,H1-LTS_AHR_953,562796129,False,MT5_ONLY,ไม่มี SIM คู่ — backtest ไม่เจอ pattern นี้,LTS Momentum Sta,,5.0
,2026-07-21 08:18:32,,2026-07-21 08:18:56,,,M30,,SELL,,4011.5,4011.47,,4176.49,,3929.0,,8.56,,25.68,,94802.67,M30-LTS_AHR_946,562796128,False,MT5_ONLY_CB_DESYNC,cb_desync: simulated CB (550d) ตัดทิ้ง แต่บัญชีจริง cooldown_remaining=0 consec_loss=0 ตอนนี้,LTS Momentum Sta,,3.0
,2026-07-21 08:18:32,,2026-07-21 08:18:56,,,H1,,SELL,,4011.5,4011.51,,4138.92,,3926.55,,20.0,,-20.0,,94782.67,H1-LTS_AHR_954,562796130,False,MT5_ONLY,ไม่มี SIM คู่ — backtest ไม่เจอ pattern นี้,LTS Momentum Sta,,-1.0
,2026-07-21 08:33:32,,2026-07-21 08:33:41,,,M30,,SELL,,4016.86,4016.84,,4170.02,,3940.29,,8.56,,17.12,,94799.79,M30-LTS_AHR_946,562801991,False,MT5_ONLY_CB_DESYNC,cb_desync: simulated CB (550d) ตัดทิ้ง แต่บัญชีจริง cooldown_remaining=0 consec_loss=0 ตอนนี้,LTS Momentum Sta,,2.0
,2026-07-21 08:33:32,,2026-07-21 08:34:26,,,M30,,BUY,,4017.01,4017.02,,3940.43,,4170.16,,20.0,,20.0,,94819.79,M30-LTS_AHR_945,562801990,False,MT5_ONLY,ไม่มี SIM คู่ — backtest ไม่เจอ pattern นี้,LTS Momentum Sta,,1.0
,2026-07-21 09:08:35,,2026-07-21 09:08:36,,,M30,,SELL,,4027.68,4028.37,,4194.36,,3944.34,,8.56,,-590.64,,94229.15,M30-LTS_AHR_946,562821703,False,MT5_ONLY_CB_DESYNC,cb_desync: simulated CB (550d) ตัดทิ้ง แต่บัญชีจริง cooldown_remaining=0 consec_loss=0 ตอนนี้,LTS Smart Cut-lo,,-69.0
,2026-07-21 09:08:35,,2026-07-21 09:08:36,,,H1,,SELL,,4027.68,4028.31,,4197.84,,3942.6,,2.65,,-166.95,,94062.2,H1-LTS_AHR_952,562821707,False,MT5_ONLY,ไม่มี SIM คู่ — backtest ไม่เจอ pattern นี้,LTS Smart Cut-lo,,-63.0
,2026-07-21 09:08:35,,2026-07-21 09:15:01,,,M30,,BUY,,4027.82,4029.05,,3944.48,,4194.5,,20.0,,2460.0,,96522.2,M30-LTS_AHR_945,562821701,False,MT5_ONLY,ไม่มี SIM คู่ — backtest ไม่เจอ pattern นี้,LTS Momentum Sta,,123.0
,2026-07-21 09:08:35,,2026-07-21 09:15:01,,,H1,,BUY,,4027.82,4029.05,,3942.74,,4197.98,,19.1,,2349.3,,98871.5,H1-LTS_AHR_951,562821704,False,MT5_ONLY_CB_DESYNC,cb_desync: simulated CB (550d) ตัดทิ้ง แต่บัญชีจริง cooldown_remaining=7 consec_loss=0 ตอนนี้,LTS Momentum Sta,,123.0
,2026-07-21 09:48:31,,2026-07-21 09:48:46,,,M15,,SELL,,4025.79,4026.56,,4028.23,,4022.87,,20.0,,-1540.0,,97331.5,M15-LTS_AHR_1,562841717,False,MT5_ONLY,ไม่มี SIM คู่ — backtest ไม่เจอ pattern นี้,LTS Smart Cut-lo,,-77.0
,2026-07-21 10:07:39,,2026-07-21 10:07:43,,,M30,,SELL,,4025.95,4025.9,,4177.19,,3950.33,,8.56,,42.8,,97374.3,M30-LTS_AHR_946,562845886,False,MT5_ONLY_CB_DESYNC,cb_desync: simulated CB (550d) ตัดทิ้ง แต่บัญชีจริง cooldown_remaining=0 consec_loss=0 ตอนนี้,LTS Smart Cut-lo,,5.0
,2026-07-21 10:07:39,,2026-07-21 10:07:43,,,H1,,SELL,,4025.95,4025.9,,4182.83,,3947.51,,2.65,,13.25,,97387.55,H1-LTS_AHR_952,562845888,False,MT5_ONLY,ไม่มี SIM คู่ — backtest ไม่เจอ pattern นี้,LTS Smart Cut-lo,,5.0
,2026-07-21 10:07:39,,2026-07-21 10:08:28,,,M30,,BUY,,4026.09,4026.13,,3950.47,,4177.33,,20.0,,80.0,,97467.55,M30-LTS_AHR_945,562845885,False,MT5_ONLY,ไม่มี SIM คู่ — backtest ไม่เจอ pattern นี้,LTS Momentum Sta,,4.0
,2026-07-21 10:07:39,,2026-07-21 10:08:28,,,H1,,BUY,,4026.09,4026.13,,3947.65,,4182.97,,19.1,,76.4,,97543.95,H1-LTS_AHR_951,562845887,False,MT5_ONLY_CB_DESYNC,cb_desync: simulated CB (550d) ตัดทิ้ง แต่บัญชีจริง cooldown_remaining=7 consec_loss=0 ตอนนี้,LTS Momentum Sta,,4.0
,2026-07-21 10:17:38,,2026-07-21 10:17:43,,,M15,,SELL,,4024.75,4024.85,,4028.96,,4019.7,,20.0,,-200.0,,97343.95,M15-LTS_AHR_80,562848506,False,MT5_ONLY,ไม่มี SIM คู่ — backtest ไม่เจอ pattern นี้,LTS Smart Cut-lo,,-10.0
,2026-07-21 10:17:38,,2026-07-21 10:17:43,,,M15,,SELL,,4024.75,4024.85,,4028.96,,4019.7,,20.0,,-200.0,,97143.95,M15-LTS_AHR_131,562848507,False,MT5_ONLY,ไม่มี SIM คู่ — backtest ไม่เจอ pattern นี้,LTS Smart Cut-lo,,-10.0
,2026-07-21 10:17:38,,2026-07-21 10:17:43,,,M15,,SELL,,4024.75,4024.85,,4028.96,,4019.7,,20.0,,-200.0,,96943.95,M15-LTS_AHR_174,562848508,False,MT5_ONLY,ไม่มี SIM คู่ — backtest ไม่เจอ pattern นี้,LTS Smart Cut-lo,,-10.0
,2026-07-21 10:32:39,,2026-07-21 10:32:48,,,M30,,BUY,,4031.45,4031.6,,3957.19,,4179.96,,20.0,,300.0,,97243.95,M30-LTS_AHR_945,562853609,False,MT5_ONLY,ไม่มี SIM คู่ — backtest ไม่เจอ pattern นี้,LTS Momentum Sta,,15.0
,2026-07-21 10:32:40,,2026-07-21 10:32:43,,,M30,,SELL,,4031.31,4031.51,,4179.82,,3957.05,,8.56,,-171.2,,97072.75,M30-LTS_AHR_946,562853610,False,MT5_ONLY_CB_DESYNC,cb_desync: simulated CB (550d) ตัดทิ้ง แต่บัญชีจริง cooldown_remaining=0 consec_loss=0 ตอนนี้,LTS Smart Cut-lo,,-20.0
,2026-07-21 11:47:39,,2026-07-21 11:47:44,,,M15,,SELL,,4043.4,4043.66,,4044.86,,4041.78,,20.0,,-520.0,,96552.75,M15-LTS_AHR_120,562897824,False,MT5_ONLY,ไม่มี SIM คู่ — backtest ไม่เจอ pattern นี้,LTS Smart Cut-lo,,-26.0
,2026-07-21 11:47:45,,2026-07-21 11:47:48,,,M15,,SELL,,4043.53,4043.52,,4044.99,,4041.91,,20.0,,20.0,,96572.75,M15-LTS_AHR_588,562897840,False,MT5_ONLY,ไม่มี SIM คู่ — backtest ไม่เจอ pattern นี้,LTS Smart Cut-lo,,1.0
,2026-07-21 13:18:07,,2026-07-21 13:18:46,,,M15,,BUY,,4049.79,4049.87,,4047.91,,4051.36,,20.0,,160.0,,96732.75,M15-LTS_AHR_560,562924501,False,MT5_ONLY,ไม่มี SIM คู่ — backtest ไม่เจอ pattern นี้,LTS Momentum Sta,,8.0
,2026-07-21 13:18:08,,2026-07-21 13:18:12,,,M15,,SELL,,4049.42,4049.57,,4075.43,,4010.4,,16.86,,-252.9,,96479.85,M15-LTS_AHR_941,562924517,False,MT5_ONLY,ไม่มี SIM คู่ — backtest ไม่เจอ pattern นี้,LTS Smart Cut-lo,,-15.0
,2026-07-21 13:18:08,,2026-07-21 13:18:12,,,M30,,SELL,,4049.42,4049.57,,4114.8,,3951.35,,20.0,,-300.0,,96179.85,M30-LTS_AHR_947,562924520,False,MT5_ONLY,ไม่มี SIM คู่ — backtest ไม่เจอ pattern นี้,LTS Smart Cut-lo,,-15.0
,2026-07-21 13:18:08,,2026-07-21 13:18:46,,,M15,,BUY,,4049.56,4049.92,,4010.54,,4075.57,,20.0,,720.0,,96899.85,M15-LTS_AHR_942,562924519,False,MT5_ONLY,ไม่มี SIM คู่ — backtest ไม่เจอ pattern นี้,LTS Momentum Sta,,36.0
,2026-07-21 13:18:08,,2026-07-21 13:18:46,,,M30,,BUY,,4049.56,4049.91,,3951.49,,4114.94,,20.0,,700.0,,97599.85,M30-LTS_AHR_948,562924521,False,MT5_ONLY,ไม่มี SIM คู่ — backtest ไม่เจอ pattern นี้,LTS Momentum Sta,,35.0
,2026-07-21 17:01:42,,2026-07-21 17:01:44,,,H1,,SELL,,4064.27,4064.43,,4199.03,,3996.89,,2.65,,-42.4,,97557.45,H1-LTS_AHR_952,563027037,False,MT5_ONLY,ไม่มี SIM คู่ — backtest ไม่เจอ pattern นี้,LTS Smart Cut-lo,,-16.0
,2026-07-21 17:01:42,,2026-07-21 17:02:32,,,H1,,BUY,,4064.43,4064.64,,3997.05,,4199.19,,19.1,,401.1,,97958.55,H1-LTS_AHR_951,563027036,False,MT5_ONLY_CB_DESYNC,cb_desync: simulated CB (550d) ตัดทิ้ง แต่บัญชีจริง cooldown_remaining=7 consec_loss=0 ตอนนี้,LTS Momentum Sta,,21.0
,2026-07-21 17:31:36,,2026-07-21 17:31:47,,,M15,,BUY,,4063.09,4063.46,,4054.87,,4069.98,,20.0,,740.0,,98698.55,M15-LTS_AHR_259,563040268,False,MT5_ONLY,ไม่มี SIM คู่ — backtest ไม่เจอ pattern นี้,LTS Momentum Sta,,37.0
,2026-07-21 17:31:36,,2026-07-21 17:31:47,,,M15,,BUY,,4063.11,4063.46,,4054.87,,4069.98,,20.0,,700.0,,99398.55,M15-LTS_AHR_267,563040269,False,MT5_ONLY,ไม่มี SIM คู่ — backtest ไม่เจอ pattern นี้,LTS Momentum Sta,,35.0
,2026-07-21 18:15:21,,2026-07-21 18:15:27,,,H1,,SELL,,4066.39,4066.21,,4206.05,,3996.56,,2.65,,47.7,,99446.25,H1-LTS_AHR_952,563058344,False,MT5_ONLY,ไม่มี SIM คู่ — backtest ไม่เจอ pattern นี้,LTS Smart Cut-lo,,18.0
,2026-07-21 18:15:21,,2026-07-21 18:16:21,,,H1,,BUY,,4066.59,4066.81,,3996.76,,4206.25,,19.1,,420.2,,99866.45,H1-LTS_AHR_951,563058343,False,MT5_ONLY_CB_DESYNC,cb_desync: simulated CB (550d) ตัดทิ้ง แต่บัญชีจริง cooldown_remaining=7 consec_loss=0 ตอนนี้,LTS Momentum Sta,,22.0
,2026-07-21 20:20:00,,2026-07-21 20:23:59,,,M15,,BUY,,4059.14,4061.98,,4056.58,,4061.98,,20.0,,5680.0,,105546.45,M15-LTS_AHR_418,563100417,False,MT5_ONLY,ไม่มี SIM คู่ — backtest ไม่เจอ pattern นี้,[tp 4061.98],,284.0
,2026-07-21 20:20:04,,2026-07-21 20:23:59,,,M15,,BUY,,4059.5,4062.34,,4056.94,,4062.34,,20.0,,5680.0,,111226.45,M15-LTS_AHR_633,563100428,False,MT5_ONLY,ไม่มี SIM คู่ — backtest ไม่เจอ pattern นี้,[tp 4062.34],,284.0
,2026-07-21 22:39:50,,2026-07-22 10:17:02,,,M30,,SELL,,4063.75,4124.56,,4124.56,,3972.54,,20.0,,-121620.0,,-10393.55,M30-LTS_AHR_947,563194546,False,MT5_ONLY,ไม่มี SIM คู่ — backtest ไม่เจอ pattern นี้,[sl 4124.56],,-6081.0
,2026-07-21 22:39:51,,2026-07-22 10:17:02,,,M30,,BUY,,4063.98,4124.79,,3972.77,,4124.79,,20.0,,121620.0,,111226.45,M30-LTS_AHR_948,563194547,False,MT5_ONLY,ไม่มี SIM คู่ — backtest ไม่เจอ pattern นี้,[tp 4124.79],,6081.0
,2026-07-21 22:49:55,,2026-07-21 23:15:25,,,M15,,BUY,,4069.62,4075.82,,4062.73,,4075.82,,7.35,,4557.0,,115783.45,M15-LTS_AHR_438,563201939,False,MT5_ONLY,ไม่มี SIM คู่ — backtest ไม่เจอ pattern นี้,[tp 4075.82],,620.0
,2026-07-21 23:04:51,,2026-07-22 17:14:29,,,M30,,BUY,,4068.61,4121.31,,4018.35,,4169.14,,20.0,,105400.0,,221183.45,M30-LTS_AHR_945,563214859,False,MT5_ONLY,ไม่มี SIM คู่ — backtest ไม่เจอ pattern นี้,,,5270.0
,2026-07-21 23:04:51,,2026-07-22 17:14:29,,,M30,,SELL,,4068.47,4121.45,,4169.0,,4018.21,,8.56,,-45350.88,,175832.57,M30-LTS_AHR_946,563214860,False,MT5_ONLY,ไม่มี SIM คู่ — backtest ไม่เจอ pattern นี้,,,-5298.0
,2026-07-21 23:34:50,,2026-07-22 17:14:29,,,M30,,BUY,,4080.78,4121.31,,4027.92,,4186.49,,20.0,,81060.0,,256892.57,M30-LTS_AHR_945,563235302,False,MT5_ONLY,ไม่มี SIM คู่ — backtest ไม่เจอ pattern นี้,,,4053.0
,2026-07-21 23:34:51,,2026-07-22 17:14:29,,,M30,,SELL,,4080.64,4121.45,,4186.35,,4027.78,,8.56,,-34933.36,,221959.21,M30-LTS_AHR_946,563235305,False,MT5_ONLY,ไม่มี SIM คู่ — backtest ไม่เจอ pattern นี้,,,-4081.0
,2026-07-21 23:59:50,,2026-07-22 08:30:14,,,M15,,SELL,,4074.38,4101.22,,4101.22,,4034.12,,3.54,,-9501.36,,212457.85,M15-LTS_AHR_937,563248950,False,MT5_ONLY,ไม่มี SIM คู่ — backtest ไม่เจอ pattern นี้,[sl 4101.22],,-2684.0
,2026-07-21 23:59:51,,2026-07-22 08:30:14,,,M15,,SELL,,4074.33,4101.17,,4101.17,,4034.07,,16.86,,-45252.24,,167205.61,M15-LTS_AHR_941,563248954,False,MT5_ONLY_CB_DESYNC,cb_desync: simulated CB (550d) ตัดทิ้ง แต่บัญชีจริง cooldown_remaining=0 consec_loss=0 ตอนนี้,[sl 4101.17],,-2684.0
,2026-07-21 23:59:51,,2026-07-22 08:30:14,,,M15,,BUY,,4074.47,4101.31,,4034.21,,4101.31,,1.47,,3945.48,,171151.09,M15-LTS_AHR_938,563248952,False,MT5_ONLY,ไม่มี SIM คู่ — backtest ไม่เจอ pattern นี้,[tp 4101.31],,2684.0
,2026-07-21 23:59:51,,2026-07-22 08:30:14,,,M15,,BUY,,4074.47,4101.31,,4034.21,,4101.31,,20.0,,53680.0,,224831.09,M15-LTS_AHR_942,563248955,False,MT5_ONLY,ไม่มี SIM คู่ — backtest ไม่เจอ pattern นี้,[tp 4101.31],,2684.0
,2026-07-22 00:04:50,,2026-07-22 17:14:29,,,M30,,SELL,,4077.33,4121.45,,4178.19,,4026.9,,8.56,,-37766.72,,187064.37,M30-LTS_AHR_946,563250497,False,MT5_ONLY,ไม่มี SIM คู่ — backtest ไม่เจอ pattern นี้,,,-4412.0
,2026-07-22 00:34:50,,2026-07-22 17:14:29,,,M30,,SELL,,4075.88,4121.45,,4168.27,,4029.68,,8.56,,-39007.92,,148056.45,M30-LTS_AHR_946,563258267,False,MT5_ONLY,ไม่มี SIM คู่ — backtest ไม่เจอ pattern นี้,,,-4557.0
,2026-07-22 00:49:50,,2026-07-22 09:06:16,,,M15,,SELL,,4072.59,4115.7,,4115.7,,4043.85,,1.47,,-6337.17,,141719.28,M15-LTS_AHR_938,563262548,False,MT5_ONLY,ไม่มี SIM คู่ — backtest ไม่เจอ pattern นี้,[sl 4115.70],,-4311.0
,2026-07-22 00:49:50,,2026-07-22 09:07:31,,,M15,,BUY,,4072.73,4115.84,,4043.99,,4115.84,,3.54,,15260.94,,156980.22,M15-LTS_AHR_937,563262546,False,MT5_ONLY,ไม่มี SIM คู่ — backtest ไม่เจอ pattern นี้,[tp 4115.84],,4311.0
,2026-07-22 01:29:50,,2026-07-22 17:14:29,,,M30,,SELL,,4071.98,4121.45,,4165.82,,4025.06,,8.56,,-42346.32,,114633.9,M30-LTS_AHR_946,563270553,False,MT5_ONLY,ไม่มี SIM คู่ — backtest ไม่เจอ pattern นี้,,,-4947.0
,2026-07-22 02:09:50,,2026-07-22 17:14:29,,,M30,,SELL,,4071.98,4121.45,,4161.78,,4027.08,,8.56,,-42346.32,,72287.58,M30-LTS_AHR_946,563277449,False,MT5_ONLY,ไม่มี SIM คู่ — backtest ไม่เจอ pattern นี้,,,-4947.0
,2026-07-22 03:09:50,,2026-07-22 17:14:29,,,H1,,SELL,,4081.59,4121.45,,4150.13,,3978.78,,4.37,,-17418.82,,54868.76,H1-LTS_AHR_949,563289617,False,MT5_ONLY,ไม่มี SIM คู่ — backtest ไม่เจอ pattern นี้,,,-3986.0
,2026-07-22 03:09:50,,2026-07-22 17:14:29,,,H1,,BUY,,4081.73,4121.31,,3978.92,,4150.27,,5.15,,20383.7,,75252.46,H1-LTS_AHR_950,563289618,False,MT5_ONLY,ไม่มี SIM คู่ — backtest ไม่เจอ pattern นี้,,,3958.0
,2026-07-22 04:24:50,,2026-07-22 17:14:29,,,H1,,BUY,,4083.06,4121.31,,3979.19,,4152.31,,5.15,,19698.75,,94951.21,H1-LTS_AHR_950,563296136,False,MT5_ONLY,ไม่มี SIM คู่ — backtest ไม่เจอ pattern นี้,,,3825.0
,2026-07-22 13:05:57,,2026-07-22 13:16:41,,,M30,,BUY,,4128.36,4124.25,,4124.25,,4133.29,,20.0,,-8220.0,,86731.21,M30-LTS_AHR_13,563407894,False,MT5_ONLY,ไม่มี SIM คู่ — backtest ไม่เจอ pattern นี้,[sl 4124.25],,-411.0
,2026-07-22 16:11:33,,2026-07-22 16:30:02,,,M30,,BUY,,4112.92,4117.9,,4108.77,,4117.9,,20.0,,9960.0,,96691.21,M30-LTS_AHR_540,563493923,False,MT5_ONLY,ไม่มี SIM คู่ — backtest ไม่เจอ pattern นี้,[tp 4117.90],,498.0
,2026-07-22 16:11:34,,2026-07-22 16:30:02,,,M30,,BUY,,4112.95,4117.9,,4108.77,,4117.9,,20.0,,9900.0,,106591.21,M30-LTS_AHR_631,563493924,False,MT5_ONLY,ไม่มี SIM คู่ — backtest ไม่เจอ pattern นี้,[tp 4117.90],,495.0
,2026-07-22 18:01:32,,2026-07-22 18:20:34,,,M15,,SELL,,4116.83,4120.72,,4120.72,,4113.59,,20.0,,-7780.0,,98811.21,M15-LTS_AHR_352,563527437,False,MT5_ONLY_CB_DESYNC,cb_desync: simulated CB (550d) ตัดทิ้ง แต่บัญชีจริง cooldown_remaining=0 consec_loss=1 ตอนนี้,[sl 4120.72],,-389.0
,2026-07-22 18:01:32,,2026-07-22 18:20:34,,,M15,,SELL,,4116.85,4120.74,,4120.74,,4113.61,,20.0,,-7780.0,,91031.21,M15-LTS_AHR_358,563527440,False,MT5_ONLY,ไม่มี SIM คู่ — backtest ไม่เจอ pattern นี้,[sl 4120.74],,-389.0
,2026-07-22 18:01:34,,2026-07-22 18:20:34,,,M15,,SELL,,4116.86,4120.75,,4120.75,,4113.62,,20.0,,-7780.0,,83251.21,M15-LTS_AHR_538,563527459,False,MT5_ONLY,ไม่มี SIM คู่ — backtest ไม่เจอ pattern นี้,[sl 4120.75],,-389.0
,2026-07-22 18:01:34,,2026-07-22 18:20:34,,,M15,,SELL,,4116.86,4120.76,,4120.76,,4113.63,,20.0,,-7800.0,,75451.21,M15-LTS_AHR_498,563527454,False,MT5_ONLY,ไม่มี SIM คู่ — backtest ไม่เจอ pattern นี้,[sl 4120.76],,-390.0
,2026-07-22 18:01:34,,2026-07-22 18:20:34,,,M15,,BUY,,4117.0,4120.89,,4113.76,,4120.89,,20.0,,7780.0,,83231.21,M15-LTS_AHR_537,563527458,False,MT5_ONLY,ไม่มี SIM คู่ — backtest ไม่เจอ pattern นี้,[tp 4120.89],,389.0
,2026-07-22 19:26:28,,2026-07-22 20:18:41,,,M15,,SELL,,4118.93,4127.73,,4185.75,,4018.69,,16.86,,-14836.8,,68394.41,M15-LTS_AHR_941,563549953,False,MT5_ONLY_CB_DESYNC,cb_desync: simulated CB (550d) ตัดทิ้ง แต่บัญชีจริง cooldown_remaining=0 consec_loss=0 ตอนนี้,,,-880.0
,2026-07-22 19:26:28,,2026-07-22 20:18:41,,,M15,,BUY,,4119.07,4127.59,,4018.83,,4185.89,,20.0,,17040.0,,85434.41,M15-LTS_AHR_942,563549954,False,MT5_ONLY,ไม่มี SIM คู่ — backtest ไม่เจอ pattern นี้,,,852.0
,2026-07-23 20:02:45,,2026-07-23 20:14:15,,,M15,,BUY,,4082.87,4081.52,,4081.52,,4090.37,,20.0,,-2700.0,,82734.41,M15-LTS_AHR_79,564115195,False,MT5_ONLY,ไม่มี SIM คู่ — backtest ไม่เจอ pattern นี้,[sl 4081.52],,-135.0
,2026-07-24 00:02:38,,2026-07-27 06:05:09,,,H1,,SELL,,4050.32,4091.04,,4091.04,,3964.11,,19.1,,-77775.2,,4959.21,H1-LTS_AHR_951,564323119,False,MT5_ONLY,ไม่มี SIM คู่ — backtest ไม่เจอ pattern นี้,[sl 4091.04],,-4072.0
,2026-07-24 00:17:38,,2026-07-27 06:05:10,,,H1,,BUY,,4048.66,4091.04,,3964.11,,4091.04,,2.65,,11230.7,,16189.91,H1-LTS_AHR_952,564328924,False,MT5_ONLY,ไม่มี SIM คู่ — backtest ไม่เจอ pattern นี้,[tp 4091.04],,4238.0
,2026-07-24 01:17:38,,2026-07-24 23:14:47,,,M15,,SELL,,4048.3,4075.99,,4075.99,,4004.11,,3.54,,-9802.26,,6387.65,M15-LTS_AHR_937,564350726,False,MT5_ONLY_CB_DESYNC,cb_desync: simulated CB (550d) ตัดทิ้ง แต่บัญชีจริง cooldown_remaining=0 consec_loss=0 ตอนนี้,[sl 4075.99],,-2769.0
,2026-07-24 01:37:38,,2026-07-24 23:14:47,,,M15,,BUY,,4045.58,4075.99,,4004.11,,4075.99,,1.47,,4470.27,,10857.92,M15-LTS_AHR_938,564357119,False,MT5_ONLY,ไม่มี SIM คู่ — backtest ไม่เจอ pattern นี้,[tp 4075.99],,3041.0
,2026-07-24 02:02:38,,2026-07-27 06:05:00,,,H1,,SELL,,4042.35,4089.8,,4089.8,,3945.78,,19.1,,-90629.5,,-79771.58,H1-LTS_AHR_951,564363801,False,MT5_ONLY,ไม่มี SIM คู่ — backtest ไม่เจอ pattern นี้,[sl 4089.80],,-4745.0
,2026-07-24 03:52:38,,2026-07-24 23:10:56,,,M15,,SELL,,4049.32,4070.67,,4070.67,,4008.69,,3.54,,-7557.9,,-87329.48,M15-LTS_AHR_937,564381305,False,MT5_ONLY_CB_DESYNC,cb_desync: simulated CB (550d) ตัดทิ้ง แต่บัญชีจริง cooldown_remaining=0 consec_loss=0 ตอนนี้,[sl 4070.67],,-2135.0
,2026-07-24 06:02:38,,2026-07-27 06:05:09,,,H1,,SELL,,4049.38,4090.98,,4090.98,,3964.8,,19.1,,-79456.0,,-166785.48,H1-LTS_AHR_951,564385031,False,MT5_ONLY,ไม่มี SIM คู่ — backtest ไม่เจอ pattern นี้,[sl 4090.98],,-4160.0
,2026-07-24 07:32:36,,2026-07-24 10:50:20,,,M15,,SELL,,4050.14,4026.18,,4083.81,,4026.18,,20.0,,47920.0,,-118865.48,M15-LTS_AHR_942,564389480,False,MT5_ONLY_CB_DESYNC,cb_desync: simulated CB (550d) ตัดทิ้ง แต่บัญชีจริง cooldown_remaining=7 consec_loss=0 ตอนนี้,[tp 4026.18],,2396.0
,2026-07-24 07:42:36,,2026-07-24 10:50:20,,,M15,,BUY,,4048.13,4026.18,,4026.18,,4083.81,,16.86,,-37007.7,,-155873.18,M15-LTS_AHR_941,564390384,False,MT5_ONLY_CB_DESYNC,cb_desync: simulated CB (550d) ตัดทิ้ง แต่บัญชีจริง cooldown_remaining=0 consec_loss=0 ตอนนี้,[sl 4026.18],,-2195.0
,2026-07-24 08:07:36,,2026-07-27 06:48:32,,,H1,,BUY,,4045.72,4093.42,,3954.37,,4093.42,,2.65,,12640.5,,-143232.68,H1-LTS_AHR_952,564393265,False,MT5_ONLY,ไม่มี SIM คู่ — backtest ไม่เจอ pattern นี้,[tp 4093.42],,4770.0
,2026-07-24 10:07:29,,2026-07-27 08:00:17,,,H1,,BUY,,4043.27,4096.73,,3937.45,,4096.73,,2.65,,14166.9,,-129065.78,H1-LTS_AHR_952,564427132,False,MT5_ONLY,ไม่มี SIM คู่ — backtest ไม่เจอ pattern นี้,[tp 4096.73],,5346.0
,2026-07-24 10:37:28,,2026-07-24 10:48:38,,,M30,,BUY,,4042.48,4033.73,,4033.73,,4065.76,,6.4,,-5600.0,,-134665.78,M30-LTS_AHR_943,564435772,False,MT5_ONLY,ไม่มี SIM คู่ — backtest ไม่เจอ pattern นี้,[sl 4033.73],,-875.0
,2026-07-24 11:02:28,,2026-07-27 07:51:37,,,H1,,BUY,,4024.39,4096.33,,3881.41,,4096.33,,2.65,,19064.1,,-115601.68,H1-LTS_AHR_952,564451390,False,MT5_ONLY,ไม่มี SIM คู่ — backtest ไม่เจอ pattern นี้,[tp 4096.33],,7194.0
,2026-07-24 11:07:28,,2026-07-27 07:51:36,,,H1,,SELL,,4027.07,4096.33,,4096.33,,3881.41,,19.1,,-132286.6,,-247888.28,H1-LTS_AHR_951,564453062,False,MT5_ONLY,ไม่มี SIM คู่ — backtest ไม่เจอ pattern นี้,[sl 4096.33],,-6926.0
,2026-07-24 12:32:28,,2026-07-24 12:36:22,,,M15,,BUY,,4030.12,4028.28,,4028.28,,4031.51,,20.0,,-3680.0,,-251568.28,M15-LTS_AHR_129,564478734,False,MT5_ONLY,ไม่มี SIM คู่ — backtest ไม่เจอ pattern นี้,[sl 4028.28],,-184.0
,2026-07-24 12:32:29,,2026-07-24 12:36:22,,,M15,,BUY,,4030.12,4028.28,,4028.28,,4031.51,,20.0,,-3680.0,,-255248.28,M15-LTS_AHR_430,564478735,False,MT5_ONLY,ไม่มี SIM คู่ — backtest ไม่เจอ pattern นี้,[sl 4028.28],,-184.0
,2026-07-24 13:32:31,,2026-07-24 13:34:33,,,M15,,BUY,,4028.23,4031.01,,4020.54,,4031.01,,20.0,,5560.0,,-249688.28,M15-LTS_AHR_462,564505311,False,MT5_ONLY,ไม่มี SIM คู่ — backtest ไม่เจอ pattern นี้,[tp 4031.01],,278.0
,2026-07-24 16:42:29,,2026-07-24 23:19:19,,,M15,,SELL,,4053.99,4081.6,,4081.6,,4038.02,,6.11,,-16869.71,,-266557.99,M15-LTS_AHR_940,564587534,False,MT5_ONLY_CB_DESYNC,cb_desync: simulated CB (550d) ตัดทิ้ง แต่บัญชีจริง cooldown_remaining=0 consec_loss=0 ตอนนี้,[sl 4081.60],,-2761.0
,2026-07-24 16:52:28,,2026-07-24 23:19:13,,,M15,,SELL,,4056.13,4081.47,,4081.47,,4041.26,,6.11,,-15482.74,,-282040.73,M15-LTS_AHR_940,564591942,False,MT5_ONLY_CB_DESYNC,cb_desync: simulated CB (550d) ตัดทิ้ง แต่บัญชีจริง cooldown_remaining=0 consec_loss=0 ตอนนี้,[sl 4081.47],,-2534.0
,2026-07-24 17:31:44,,2026-07-24 23:11:11,,,M30,,BUY,,4052.88,4073.51,,4022.06,,4073.51,,1.75,,3610.25,,-278430.48,M30-LTS_AHR_944,564609133,False,MT5_ONLY_CB_DESYNC,cb_desync: simulated CB (550d) ตัดทิ้ง แต่บัญชีจริง cooldown_remaining=0 consec_loss=0 ตอนนี้,[tp 4073.51],,2063.0
,2026-07-24 17:31:44,,2026-07-24 23:11:11,,,M30,,BUY,,4052.88,4073.51,,4022.06,,4073.51,,20.0,,41260.0,,-237170.48,M30-LTS_AHR_948,564609134,False,MT5_ONLY_CB_DESYNC,cb_desync: simulated CB (550d) ตัดทิ้ง แต่บัญชีจริง cooldown_remaining=0 consec_loss=0 ตอนนี้,[tp 4073.51],,2063.0
,2026-07-24 17:46:44,,2026-07-24 17:53:45,,,M15,,BUY,,4055.63,4058.13,,4052.81,,4058.13,,20.0,,5000.0,,-232170.48,M15-LTS_AHR_42,564612357,False,MT5_ONLY,ไม่มี SIM คู่ — backtest ไม่เจอ pattern นี้,[tp 4058.13],,250.0
,2026-07-24 18:16:47,,2026-07-24 22:00:50,,,M15,,SELL,,4059.78,4069.64,,4069.64,,4040.92,,3.54,,-3490.44,,-235660.92,M15-LTS_AHR_937,564622192,False,MT5_ONLY,ไม่มี SIM คู่ — backtest ไม่เจอ pattern นี้,[sl 4069.64],,-986.0
,2026-07-24 19:31:51,,2026-07-24 23:14:47,,,M30,,BUY,,4058.85,4076.08,,4033.96,,4076.08,,20.0,,34460.0,,-201200.92,M30-LTS_AHR_948,564643833,False,MT5_ONLY_CB_DESYNC,cb_desync: simulated CB (550d) ตัดทิ้ง แต่บัญชีจริง cooldown_remaining=0 consec_loss=0 ตอนนี้,[tp 4076.08],,1723.0
,2026-07-24 20:01:49,,2026-07-24 23:15:35,,,M15,,BUY,,4054.34,4078.05,,4044.24,,4078.05,,16.86,,39975.06,,-161225.86,M15-LTS_AHR_941,564656415,False,MT5_ONLY_CB_DESYNC,cb_desync: simulated CB (550d) ตัดทิ้ง แต่บัญชีจริง cooldown_remaining=0 consec_loss=0 ตอนนี้,[tp 4078.05],,2371.0
,2026-07-25 00:01:51,,2026-07-25 00:05:53,,,M15,,BUY,,4076.9,4075.28,,4075.28,,4079.61,,20.0,,-3240.0,,-164465.86,M15-LTS_AHR_496,564798589,False,MT5_ONLY,ไม่มี SIM คู่ — backtest ไม่เจอ pattern นี้,[sl 4075.28],,-162.0
,2026-07-25 00:01:54,,2026-07-27 08:04:53,,,H1,,BUY,,4077.09,4101.76,,4022.02,,4187.95,,19.1,,47119.7,,-117346.16,H1-LTS_AHR_951,564798592,False,MT5_ONLY_CB_DESYNC,cb_desync: simulated CB (550d) ตัดทิ้ง แต่บัญชีจริง cooldown_remaining=7 consec_loss=0 ตอนนี้,,,2467.0
,2026-07-25 03:41:45,,2026-07-27 07:51:36,,,H1,,SELL,,4056.97,4096.32,,4096.32,,3970.59,,19.1,,-75158.5,,-192504.66,H1-LTS_AHR_951,564843078,False,MT5_ONLY_CB_DESYNC,cb_desync: simulated CB (550d) ตัดทิ้ง แต่บัญชีจริง cooldown_remaining=7 consec_loss=0 ตอนนี้,[sl 4096.32],,-3935.0
,2026-07-27 19:06:43,,2026-07-27 21:58:15,,,M15,,BUY,,4098.27,4073.08,,4073.08,,4117.2,,20.0,,-50380.0,,-242884.66,M15-LTS_AHR_942,565118946,False,MT5_ONLY_CB_DESYNC,cb_desync: simulated CB (550d) ตัดทิ้ง แต่บัญชีจริง cooldown_remaining=7 consec_loss=0 ตอนนี้,[sl 4073.08],,-2519.0
,2026-07-27 19:11:43,,2026-07-27 21:58:21,,,M15,,SELL,,4103.67,4073.08,,4117.2,,4073.08,,16.86,,51574.74,,-191309.92,M15-LTS_AHR_941,565120410,False,MT5_ONLY_CB_DESYNC,cb_desync: simulated CB (550d) ตัดทิ้ง แต่บัญชีจริง cooldown_remaining=0 consec_loss=0 ตอนนี้,[tp 4073.08],,3059.0
,2026-07-27 20:31:43,,2026-07-28 08:50:29,,,M30,,SELL,,4084.43,4059.02,,4107.96,,4059.02,,14.61,,37124.01,,-154185.91,M30-LTS_AHR_57,565153010,False,MT5_ONLY,ไม่มี SIM คู่ — backtest ไม่เจอ pattern นี้,[tp 4059.02],,2541.0
,2026-07-27 20:31:44,,2026-07-28 08:49:22,,,M30,,BUY,,4084.58,4059.02,,4059.02,,4107.96,,20.0,,-51120.0,,-205305.91,M30-LTS_AHR_58,565153020,False,MT5_ONLY,ไม่มี SIM คู่ — backtest ไม่เจอ pattern นี้,[sl 4059.02],,-2556.0
,2026-07-27 20:31:44,,2026-07-28 08:49:22,,,M30,,BUY,,4084.25,4059.02,,4059.02,,4107.96,,20.0,,-50460.0,,-255765.91,M30-LTS_AHR_112,565153036,False,MT5_ONLY,ไม่มี SIM คู่ — backtest ไม่เจอ pattern นี้,[sl 4059.02],,-2523.0
,2026-07-27 20:31:44,,2026-07-28 08:50:29,,,M30,,SELL,,4084.31,4059.02,,4107.96,,4059.02,,20.0,,50580.0,,-205185.91,M30-LTS_AHR_67,565153024,False,MT5_ONLY,ไม่มี SIM คู่ — backtest ไม่เจอ pattern นี้,[tp 4059.02],,2529.0
,2026-07-27 20:31:46,,2026-07-28 08:50:29,,,M30,,SELL,,4083.6,4059.02,,4107.96,,4059.02,,20.0,,49160.0,,-156025.91,M30-LTS_AHR_416,565153069,False,MT5_ONLY,ไม่มี SIM คู่ — backtest ไม่เจอ pattern นี้,[tp 4059.02],,2458.0
,2026-07-27 21:16:51,,2026-07-27 21:28:33,,,M15,,SELL,,4083.24,4080.16,,4090.13,,4080.16,,20.0,,6160.0,,-149865.91,M15-LTS_AHR_489,565176890,False,MT5_ONLY,ไม่มี SIM คู่ — backtest ไม่เจอ pattern นี้,[tp 4080.16],,308.0
,2026-07-27 21:16:52,,2026-07-27 21:28:33,,,M15,,BUY,,4083.57,4080.16,,4080.16,,4090.13,,20.0,,-6820.0,,-156685.91,M15-LTS_AHR_551,565176899,False,MT5_ONLY,ไม่มี SIM คู่ — backtest ไม่เจอ pattern นี้,[sl 4080.16],,-341.0
,2026-07-28 12:45:57,,2026-07-28 12:56:52,,,M15,,BUY,,4047.88,4042.54,,4042.54,,4053.87,,20.0,,-10680.0,,-167365.91,M15-LTS_AHR_208,565425812,False,MT5_ONLY,ไม่มี SIM คู่ — backtest ไม่เจอ pattern นี้,[sl 4042.54],,-534.0
,2026-07-28 12:45:57,,2026-07-28 13:33:07,,,M30,,BUY,,4047.88,4037.88,,4037.88,,4052.09,,20.0,,-20000.0,,-187365.91,M30-LTS_AHR_204,565425811,False,MT5_ONLY,ไม่มี SIM คู่ — backtest ไม่เจอ pattern นี้,[sl 4037.88],,-1000.0
,2026-07-28 12:45:58,,2026-07-28 12:56:52,,,M15,,BUY,,4047.72,4042.54,,4042.54,,4053.87,,20.0,,-10360.0,,-197725.91,M15-LTS_AHR_246,565425813,False,MT5_ONLY,ไม่มี SIM คู่ — backtest ไม่เจอ pattern นี้,[sl 4042.54],,-518.0
,2026-07-28 12:46:01,,2026-07-28 13:33:07,,,M30,,BUY,,4047.57,4037.88,,4037.88,,4052.09,,20.0,,-19380.0,,-217105.91,M30-LTS_AHR_316,565425821,False,MT5_ONLY,ไม่มี SIM คู่ — backtest ไม่เจอ pattern นี้,[sl 4037.88],,-969.0
,2026-07-28 12:46:10,,2026-07-28 12:56:52,,,M15,,BUY,,4047.43,4042.54,,4042.54,,4053.87,,20.0,,-9780.0,,-226885.91,M15-LTS_AHR_553,565425840,False,MT5_ONLY,ไม่มี SIM คู่ — backtest ไม่เจอ pattern นี้,[sl 4042.54],,-489.0
,2026-07-28 13:00:46,,2026-07-28 13:01:08,,,M15,,SELL,,4040.63,4040.45,,4043.81,,4040.45,,20.0,,360.0,,-226525.91,M15-LTS_AHR_129,565429963,False,MT5_ONLY,ไม่มี SIM คู่ — backtest ไม่เจอ pattern นี้,[tp 4040.45],,18.0
,2026-07-28 13:00:49,,2026-07-28 13:01:08,,,M15,,SELL,,4040.62,4040.45,,4043.81,,4040.45,,20.0,,340.0,,-226185.91,M15-LTS_AHR_430,565429972,False,MT5_ONLY,ไม่มี SIM คู่ — backtest ไม่เจอ pattern นี้,[tp 4040.45],,17.0
,2026-07-28 13:30:46,,2026-07-28 15:58:27,,,M30,,BUY,,4041.76,4044.5,,4014.42,,4086.69,,20.0,,5480.0,,-220705.91,M30-LTS_AHR_947,565437676,False,MT5_ONLY,ไม่มี SIM คู่ — backtest ไม่เจอ pattern นี้,#565437676 by #565448762,,274.0
,2026-07-28 13:55:46,,2026-07-28 15:58:27,,,M30,,SELL,,4044.5,4041.76,,4086.69,,4014.42,,20.0,,0.0,,-220705.91,M30-LTS_AHR_948,565448762,False,MT5_ONLY_CB_DESYNC,cb_desync: simulated CB (550d) ตัดทิ้ง แต่บัญชีจริง cooldown_remaining=0 consec_loss=0 ตอนนี้,#565437676 by #565448762,,274.0
,2026-07-28 14:00:55,,2026-07-28 15:58:28,,,M30,,SELL,,4046.51,4043.18,,4097.93,,4010.05,,20.0,,6660.0,,-214045.91,M30-LTS_AHR_948,565450384,False,MT5_ONLY_CB_DESYNC,cb_desync: simulated CB (550d) ตัดทิ้ง แต่บัญชีจริง cooldown_remaining=0 consec_loss=0 ตอนนี้,#565450384 by #565452665,,333.0
,2026-07-28 14:10:46,,2026-07-28 15:58:28,,,M30,,BUY,,4043.18,4046.51,,4010.05,,4097.93,,20.0,,0.0,,-214045.91,M30-LTS_AHR_947,565452665,False,MT5_ONLY,ไม่มี SIM คู่ — backtest ไม่เจอ pattern นี้,#565450384 by #565452665,,333.0
,2026-07-28 17:39:14,,2026-07-28 23:22:23,,,M15,,BUY,,4032.26,4033.26,,3952.86,,4084.07,,6.11,,611.0,,-213434.91,M15-LTS_AHR_940,565516542,False,MT5_ONLY_CB_DESYNC,cb_desync: simulated CB (550d) ตัดทิ้ง แต่บัญชีจริง cooldown_remaining=0 consec_loss=0 ตอนนี้,#565516542 by #565630142,,100.0
,2026-07-28 17:39:15,,2026-07-28 23:22:23,,,M30,,BUY,,4032.24,4033.26,,3987.71,,4066.64,,8.56,,873.12,,-212561.79,M30-LTS_AHR_946,565516544,False,MT5_ONLY_CB_DESYNC,cb_desync: simulated CB (550d) ตัดทิ้ง แต่บัญชีจริง cooldown_remaining=0 consec_loss=0 ตอนนี้,#565516544 by #565630142,,102.0
,2026-07-28 17:39:15,,2026-07-28 23:22:23,,,H1,,BUY,,4032.25,4033.26,,3982.17,,4087.68,,2.19,,221.19,,-212340.6,H1-LTS_AHR_950,565516545,False,MT5_ONLY_CB_DESYNC,cb_desync: simulated CB (550d) ตัดทิ้ง แต่บัญชีจริง cooldown_remaining=0 consec_loss=0 ตอนนี้,#565516545 by #565630142,,101.0
,2026-07-28 17:39:15,,2026-07-28 23:22:23,,,H1,,BUY,,4032.25,4023.53,,3982.17,,4087.68,,2.96,,-2581.12,,-214921.72,H1-LTS_AHR_950,565516545,False,MT5_ONLY_CB_DESYNC,cb_desync: simulated CB (550d) ตัดทิ้ง แต่บัญชีจริง cooldown_remaining=0 consec_loss=0 ตอนนี้,#565516545 by #565656864,,-872.0
,2026-07-28 17:39:15,,2026-07-28 23:22:24,,,H1,,BUY,,4032.27,4023.53,,3961.07,,4087.68,,2.65,,-2316.1,,-217237.82,H1-LTS_AHR_952,565516546,False,MT5_ONLY,ไม่มี SIM คู่ — backtest ไม่เจอ pattern นี้,#565516546 by #565656864,,-874.0
,2026-07-28 17:39:16,,2026-07-28 23:22:24,,,H1,,BUY,,4032.39,4023.53,,3982.17,,4087.68,,14.39,,-12749.54,,-229987.36,H1-LTS_AHR_954,565516549,False,MT5_ONLY_CB_DESYNC,cb_desync: simulated CB (550d) ตัดทิ้ง แต่บัญชีจริง cooldown_remaining=0 consec_loss=0 ตอนนี้,#565516549 by #565656864,,-886.0
,2026-07-28 17:39:16,,2026-07-28 23:22:24,,,H1,,BUY,,4032.39,4025.58,,3982.17,,4087.68,,5.61,,-3820.41,,-233807.77,H1-LTS_AHR_954,565516549,False,MT5_ONLY_CB_DESYNC,cb_desync: simulated CB (550d) ตัดทิ้ง แต่บัญชีจริง cooldown_remaining=0 consec_loss=0 ตอนนี้,#565516549 by #565665166,,-681.0
,2026-07-28 17:49:05,,2026-07-28 23:22:24,,,M15,,BUY,,4030.94,4025.58,,3939.88,,4080.01,,6.11,,-3274.96,,-237082.73,M15-LTS_AHR_940,565518608,False,MT5_ONLY_CB_DESYNC,cb_desync: simulated CB (550d) ตัดทิ้ง แต่บัญชีจริง cooldown_remaining=0 consec_loss=0 ตอนนี้,#565518608 by #565665166,,-536.0
,2026-07-28 18:14:05,,2026-07-28 23:22:24,,,M15,,BUY,,4023.28,4025.58,,3922.01,,4074.25,,6.11,,1405.3,,-235677.43,M15-LTS_AHR_940,565530672,False,MT5_ONLY_CB_DESYNC,cb_desync: simulated CB (550d) ตัดทิ้ง แต่บัญชีจริง cooldown_remaining=0 consec_loss=0 ตอนนี้,#565530672 by #565665166,,230.0
,2026-07-28 18:14:05,,2026-07-28 23:22:24,,,H1,,BUY,,4023.27,4025.58,,3908.69,,4080.91,,2.17,,501.27,,-235176.16,H1-LTS_AHR_952,565530674,False,MT5_ONLY,ไม่มี SIM คู่ — backtest ไม่เจอ pattern นี้,#565530674 by #565665166,,231.0
,2026-07-28 18:14:05,,2026-07-28 23:22:24,,,H1,,BUY,,4023.27,4039.17,,3908.69,,4080.91,,0.48,,763.2,,-234412.96,H1-LTS_AHR_952,565530674,False,MT5_ONLY,ไม่มี SIM คู่ — backtest ไม่เจอ pattern นี้,,,1590.0
,2026-07-28 18:49:09,,2026-07-28 18:53:31,,,M15,,BUY,,4025.93,4025.93,,4020.25,,4025.93,,20.0,,0.0,,-234412.96,M15-LTS_AHR_265,565544373,False,MT5_ONLY,ไม่มี SIM คู่ — backtest ไม่เจอ pattern นี้,[tp 4025.93],,0.0
,2026-07-28 18:49:12,,2026-07-28 18:49:17,,,M15,,BUY,,4025.16,4025.11,,4020.25,,4025.11,,20.0,,-100.0,,-234512.96,M15-LTS_AHR_386,565544392,False,MT5_ONLY,ไม่มี SIM คู่ — backtest ไม่เจอ pattern นี้,[tp 4025.11],,-5.0
,2026-07-28 21:36:16,,2026-07-28 23:22:24,,,M15,,BUY,,4027.14,4039.24,,3967.31,,4070.26,,20.0,,24200.0,,-210312.96,M15-LTS_AHR_942,565607841,False,MT5_ONLY_CB_DESYNC,cb_desync: simulated CB (550d) ตัดทิ้ง แต่บัญชีจริง cooldown_remaining=7 consec_loss=0 ตอนนี้,,,1210.0
,2026-07-28 22:12:02,,2026-07-28 23:22:23,,,M15,,SELL,,4033.26,4032.26,,4070.26,,3967.31,,6.11,,0.0,,-210312.96,M15-LTS_AHR_941,565630142,False,MT5_ONLY,ไม่มี SIM คู่ — backtest ไม่เจอ pattern นี้,#565516542 by #565630142,,100.0
,2026-07-28 22:12:02,,2026-07-28 23:22:23,,,M15,,SELL,,4033.26,4032.24,,4070.26,,3967.31,,8.56,,0.0,,-210312.96,M15-LTS_AHR_941,565630142,False,MT5_ONLY,ไม่มี SIM คู่ — backtest ไม่เจอ pattern นี้,#565516544 by #565630142,,102.0
,2026-07-28 22:12:02,,2026-07-28 23:22:23,,,M15,,SELL,,4033.26,4032.25,,4070.26,,3967.31,,2.19,,0.0,,-210312.96,M15-LTS_AHR_941,565630142,False,MT5_ONLY,ไม่มี SIM คู่ — backtest ไม่เจอ pattern นี้,#565516545 by #565630142,,101.0
,2026-07-28 22:41:17,,2026-07-28 23:22:24,,,M30,,BUY,,4021.15,4039.24,,4000.08,,4055.52,,20.0,,36180.0,,-174132.96,M30-LTS_AHR_947,565653673,False,MT5_ONLY,ไม่มี SIM คู่ — backtest ไม่เจอ pattern นี้,,,1809.0
,2026-07-28 22:47:36,,2026-07-28 23:22:23,,,M30,,SELL,,4023.53,4032.25,,4055.52,,4000.08,,2.96,,0.0,,-174132.96,M30-LTS_AHR_948,565656864,False,MT5_ONLY_CB_DESYNC,cb_desync: simulated CB (550d) ตัดทิ้ง แต่บัญชีจริง cooldown_remaining=0 consec_loss=0 ตอนนี้,#565516545 by #565656864,,-872.0
,2026-07-28 22:47:36,,2026-07-28 23:22:24,,,M30,,SELL,,4023.53,4032.27,,4055.52,,4000.08,,2.65,,0.0,,-174132.96,M30-LTS_AHR_948,565656864,False,MT5_ONLY_CB_DESYNC,cb_desync: simulated CB (550d) ตัดทิ้ง แต่บัญชีจริง cooldown_remaining=0 consec_loss=0 ตอนนี้,#565516546 by #565656864,,-874.0
,2026-07-28 22:47:36,,2026-07-28 23:22:24,,,M30,,SELL,,4023.53,4032.39,,4055.52,,4000.08,,14.39,,0.0,,-174132.96,M30-LTS_AHR_948,565656864,False,MT5_ONLY_CB_DESYNC,cb_desync: simulated CB (550d) ตัดทิ้ง แต่บัญชีจริง cooldown_remaining=0 consec_loss=0 ตอนนี้,#565516549 by #565656864,,-886.0
,2026-07-28 23:03:08,,2026-07-28 23:22:24,,,H1,,SELL,,4025.58,4032.39,,4113.34,,3965.22,,5.61,,0.0,,-174132.96,H1-LTS_AHR_954,565665166,False,MT5_ONLY,ไม่มี SIM คู่ — backtest ไม่เจอ pattern นี้,#565516549 by #565665166,,-681.0
,2026-07-28 23:03:08,,2026-07-28 23:22:24,,,H1,,SELL,,4025.58,4030.94,,4113.34,,3965.22,,6.11,,0.0,,-174132.96,H1-LTS_AHR_954,565665166,False,MT5_ONLY,ไม่มี SIM คู่ — backtest ไม่เจอ pattern นี้,#565518608 by #565665166,,-536.0
,2026-07-28 23:03:08,,2026-07-28 23:22:24,,,H1,,SELL,,4025.58,4023.28,,4113.34,,3965.22,,6.11,,0.0,,-174132.96,H1-LTS_AHR_954,565665166,False,MT5_ONLY,ไม่มี SIM คู่ — backtest ไม่เจอ pattern นี้,#565530672 by #565665166,,230.0
,2026-07-28 23:03:08,,2026-07-28 23:22:24,,,H1,,SELL,,4025.58,4023.27,,4113.34,,3965.22,,2.17,,0.0,,-174132.96,H1-LTS_AHR_954,565665166,False,MT5_ONLY,ไม่มี SIM คู่ — backtest ไม่เจอ pattern นี้,#565530674 by #565665166,,231.0
,2026-07-29 00:33:11,,2026-07-29 09:04:05,,,M30,,SELL,,4043.35,4012.96,,4056.85,,4012.96,,20.0,,60780.0,,-113352.96,M30-LTS_AHR_945,565713379,False,MT5_ONLY,ไม่มี SIM คู่ — backtest ไม่เจอ pattern นี้,[tp 4012.96],,3039.0
,2026-07-29 00:43:05,,2026-07-29 09:04:05,,,M30,,BUY,,4041.67,4012.96,,4012.96,,4056.85,,8.56,,-24575.76,,-137928.72,M30-LTS_AHR_946,565715966,False,MT5_ONLY_CB_DESYNC,cb_desync: simulated CB (550d) ตัดทิ้ง แต่บัญชีจริง cooldown_remaining=0 consec_loss=0 ตอนนี้,[sl 4012.96],,-2871.0
,2026-07-29 01:03:05,,2026-07-29 21:57:08,,,M30,,SELL,,4037.76,4004.53,,4054.0,,4004.53,,20.0,,66460.0,,-71468.72,M30-LTS_AHR_945,565721020,False,MT5_ONLY,ไม่มี SIM คู่ — backtest ไม่เจอ pattern นี้,[tp 4004.53],,3323.0
,2026-07-29 01:13:05,,2026-07-29 21:57:01,,,M30,,BUY,,4036.82,4004.53,,4004.53,,4054.0,,8.56,,-27640.24,,-99108.96,M30-LTS_AHR_946,565723596,False,MT5_ONLY_CB_DESYNC,cb_desync: simulated CB (550d) ตัดทิ้ง แต่บัญชีจริง cooldown_remaining=0 consec_loss=0 ตอนนี้,[sl 4004.53],,-3229.0
,2026-07-29 01:13:05,,2026-07-30 02:00:02,,,M15,,BUY,,4036.82,4059.9,,3992.72,,4059.9,,6.11,,14101.88,,-85007.08,M15-LTS_AHR_940,565723595,False,MT5_ONLY_CB_DESYNC,cb_desync: simulated CB (550d) ตัดทิ้ง แต่บัญชีจริง cooldown_remaining=0 consec_loss=0 ตอนนี้,[tp 4059.90],,2308.0
,2026-07-29 01:13:05,,2026-07-30 02:47:44,,,H1,,BUY,,4036.82,4092.78,,3926.97,,4092.78,,2.65,,14829.4,,-70177.68,H1-LTS_AHR_952,565723597,False,MT5_ONLY,ไม่มี SIM คู่ — backtest ไม่เจอ pattern นี้,[tp 4092.78],,5596.0
,2026-07-29 01:18:06,,2026-07-30 02:00:01,,,M15,,BUY,,4036.06,4058.14,,3994.71,,4058.14,,6.11,,13490.88,,-56686.8,M15-LTS_AHR_940,565724685,False,MT5_ONLY_CB_DESYNC,cb_desync: simulated CB (550d) ตัดทิ้ง แต่บัญชีจริง cooldown_remaining=0 consec_loss=0 ตอนนี้,[tp 4058.14],,2208.0
,2026-07-29 01:33:06,,2026-07-29 21:52:26,,,M30,,BUY,,4034.93,4008.33,,4008.33,,4052.1,,8.56,,-22769.6,,-79456.4,M30-LTS_AHR_946,565729127,False,MT5_ONLY_CB_DESYNC,cb_desync: simulated CB (550d) ตัดทิ้ง แต่บัญชีจริง cooldown_remaining=0 consec_loss=0 ตอนนี้,[sl 4008.33],,-2660.0
,2026-07-29 02:28:05,,2026-07-30 02:46:24,,,H1,,BUY,,4026.86,4087.54,,3908.59,,4087.54,,2.65,,16080.2,,-63376.2,H1-LTS_AHR_952,565742432,False,MT5_ONLY,ไม่มี SIM คู่ — backtest ไม่เจอ pattern นี้,[tp 4087.54],,6068.0
,2026-07-29 02:38:05,,2026-07-30 03:01:48,,,H1,,BUY,,4024.11,4113.34,,3965.22,,4113.34,,20.0,,178460.0,,115083.8,H1-LTS_AHR_953,565744901,False,MT5_ONLY,ไม่มี SIM คู่ — backtest ไม่เจอ pattern นี้,[tp 4113.34],,8923.0
,2026-07-29 03:28:05,,2026-07-30 02:00:05,,,H1,,BUY,,4022.56,4075.86,,3917.27,,4075.86,,2.65,,14124.5,,129208.3,H1-LTS_AHR_952,565752064,False,MT5_ONLY,ไม่มี SIM คู่ — backtest ไม่เจอ pattern นี้,[tp 4075.86],,5330.0
,2026-07-29 08:23:04,,2026-07-29 21:56:41,,,M15,,SELL,,4025.62,4006.31,,4052.7,,4006.31,,1.47,,2838.57,,132046.87,M15-LTS_AHR_938,565779709,False,MT5_ONLY,ไม่มี SIM คู่ — backtest ไม่เจอ pattern นี้,[tp 4006.31],,1931.0
,2026-07-29 08:43:04,,2026-07-29 09:03:55,,,M15,,BUY,,4024.61,4014.98,,4014.98,,4031.22,,20.0,,-19260.0,,112786.87,M15-LTS_AHR_1,565783339,False,MT5_ONLY,ไม่มี SIM คู่ — backtest ไม่เจอ pattern นี้,[sl 4014.98],,-963.0
,2026-07-29 09:03:05,,2026-07-30 02:00:05,,,H1,,BUY,,4015.89,4073.7,,3907.56,,4073.7,,2.65,,15319.65,,128106.52,H1-LTS_AHR_952,565789798,False,MT5_ONLY,ไม่มี SIM คู่ — backtest ไม่เจอ pattern นี้,[tp 4073.70],,5781.0
,2026-07-29 09:08:05,,2026-07-30 02:00:05,,,H1,,BUY,,4013.86,4075.07,,3915.6,,4075.07,,2.65,,16220.65,,144327.17,H1-LTS_AHR_952,565793681,False,MT5_ONLY,ไม่มี SIM คู่ — backtest ไม่เจอ pattern นี้,[tp 4075.07],,6121.0
,2026-07-29 09:48:05,,2026-07-29 15:11:33,,,M15,,BUY,,4026.16,4046.06,,4013.7,,4046.06,,20.0,,39800.0,,184127.17,M15-LTS_AHR_10,565808690,False,MT5_ONLY,ไม่มี SIM คู่ — backtest ไม่เจอ pattern นี้,[tp 4046.06],,1990.0
,2026-07-29 09:48:07,,2026-07-29 09:53:40,,,M15,,SELL,,4025.99,4022.65,,4032.04,,4022.65,,20.0,,6680.0,,190807.17,M15-LTS_AHR_80,565808697,False,MT5_ONLY_CB_DESYNC,cb_desync: simulated CB (550d) ตัดทิ้ง แต่บัญชีจริง cooldown_remaining=0 consec_loss=0 ตอนนี้,[tp 4022.65],,334.0
,2026-07-29 09:48:10,,2026-07-29 09:53:40,,,M15,,SELL,,4025.99,4022.65,,4032.04,,4022.65,,20.0,,6680.0,,197487.17,M15-LTS_AHR_131,565808700,False,MT5_ONLY,ไม่มี SIM คู่ — backtest ไม่เจอ pattern นี้,[tp 4022.65],,334.0
,2026-07-29 09:48:11,,2026-07-29 09:53:40,,,M15,,SELL,,4025.99,4022.65,,4032.04,,4022.65,,20.0,,6680.0,,204167.17,M15-LTS_AHR_174,565808704,False,MT5_ONLY,ไม่มี SIM คู่ — backtest ไม่เจอ pattern นี้,[tp 4022.65],,334.0
,2026-07-29 10:03:05,,2026-07-30 03:01:50,,,H1,,SELL,,4028.44,4115.66,,4115.66,,3966.2,,5.15,,-44918.3,,159248.87,H1-LTS_AHR_950,565813585,False,MT5_ONLY_CB_DESYNC,cb_desync: simulated CB (550d) ตัดทิ้ง แต่บัญชีจริง cooldown_remaining=0 consec_loss=0 ตอนนี้,[sl 4115.66],,-8722.0
,2026-07-29 10:03:06,,2026-07-30 03:01:50,,,H1,,SELL,,4028.45,4115.66,,4115.66,,3966.2,,20.0,,-174420.0,,-15171.13,H1-LTS_AHR_954,565813591,False,MT5_ONLY,ไม่มี SIM คู่ — backtest ไม่เจอ pattern นี้,[sl 4115.66],,-8721.0
,2026-07-29 10:08:05,,2026-07-30 03:01:50,,,H1,,BUY,,4024.22,4115.66,,3966.2,,4115.66,,4.37,,39959.28,,24788.15,H1-LTS_AHR_949,565814547,False,MT5_ONLY,ไม่มี SIM คู่ — backtest ไม่เจอ pattern นี้,[tp 4115.66],,9144.0
,2026-07-29 11:03:54,,2026-07-29 11:06:30,,,M15,,SELL,,4028.66,4031.07,,4031.07,,4027.82,,20.0,,-4820.0,,19968.15,M15-LTS_AHR_120,565829358,False,MT5_ONLY_CB_DESYNC,cb_desync: simulated CB (550d) ตัดทิ้ง แต่บัญชีจริง cooldown_remaining=0 consec_loss=1 ตอนนี้,[sl 4031.07],,-241.0
,2026-07-29 12:31:26,,2026-07-29 13:01:51,,,M15,,SELL,,4025.33,4028.46,,4028.46,,4019.31,,20.0,,-6260.0,,13708.15,M15-LTS_AHR_252,565850428,False,MT5_ONLY,ไม่มี SIM คู่ — backtest ไม่เจอ pattern นี้,[sl 4028.46],,-313.0
,2026-07-29 12:31:28,,2026-07-29 13:01:51,,,M15,,SELL,,4025.18,4028.46,,4028.46,,4019.31,,20.0,,-6560.0,,7148.15,M15-LTS_AHR_357,565850473,False,MT5_ONLY,ไม่มี SIM คู่ — backtest ไม่เจอ pattern นี้,[sl 4028.46],,-328.0
,2026-07-29 15:16:25,,2026-07-29 16:12:09,,,M15,,SELL,,4045.2,4039.99,,4051.83,,4039.99,,20.0,,10420.0,,17568.15,M15-LTS_AHR_322,565896034,False,MT5_ONLY,ไม่มี SIM คู่ — backtest ไม่เจอ pattern นี้,[tp 4039.99],,521.0
,2026-07-29 15:16:25,,2026-07-29 16:12:09,,,M15,,SELL,,4045.34,4039.99,,4051.83,,4039.99,,20.0,,10700.0,,28268.15,M15-LTS_AHR_365,565896041,False,MT5_ONLY,ไม่มี SIM คู่ — backtest ไม่เจอ pattern นี้,[tp 4039.99],,535.0
,2026-07-29 17:31:25,,2026-07-29 18:52:14,,,M30,,BUY,,4033.02,4026.39,,4026.39,,4039.92,,20.0,,-13260.0,,15008.15,M30-LTS_AHR_102,565937802,False,MT5_ONLY,ไม่มี SIM คู่ — backtest ไม่เจอ pattern นี้,[sl 4026.39],,-663.0
,2026-07-29 17:31:25,,2026-07-29 18:52:14,,,M30,,SELL,,4032.89,4026.39,,4039.92,,4026.39,,20.0,,13000.0,,28008.15,M30-LTS_AHR_133,565937807,False,MT5_ONLY,ไม่มี SIM คู่ — backtest ไม่เจอ pattern นี้,[tp 4026.39],,650.0
,2026-07-29 17:31:28,,2026-07-29 18:52:14,,,M30,,SELL,,4032.64,4026.39,,4039.92,,4026.39,,20.0,,12500.0,,40508.15,M30-LTS_AHR_249,565937819,False,MT5_ONLY,ไม่มี SIM คู่ — backtest ไม่เจอ pattern นี้,[tp 4026.39],,625.0
,2026-07-29 17:51:23,,2026-07-29 20:16:21,,,M15,,SELL,,4035.87,4024.27,,4054.49,,4024.27,,6.11,,7087.6,,47595.75,M15-LTS_AHR_940,565942783,False,MT5_ONLY_CB_DESYNC,cb_desync: simulated CB (550d) ตัดทิ้ง แต่บัญชีจริง cooldown_remaining=0 consec_loss=0 ตอนนี้,[tp 4024.27],,1160.0
,2026-07-29 18:31:33,,2026-07-29 20:16:59,,,M15,,SELL,,4034.17,4022.81,,4048.93,,4022.81,,1.47,,1669.92,,49265.67,M15-LTS_AHR_938,565953768,False,MT5_ONLY,ไม่มี SIM คู่ — backtest ไม่เจอ pattern นี้,[tp 4022.81],,1136.0
,2026-07-29 18:46:23,,2026-07-29 22:10:04,,,M15,,BUY,,4026.94,3998.79,,3998.79,,4041.8,,6.11,,-17199.65,,32066.02,M15-LTS_AHR_940,565958833,False,MT5_ONLY_CB_DESYNC,cb_desync: simulated CB (550d) ตัดทิ้ง แต่บัญชีจริง cooldown_remaining=0 consec_loss=0 ตอนนี้,[sl 3998.79],,-2815.0
,2026-07-29 19:01:23,,2026-07-29 22:10:04,,,M15,,SELL,,4028.51,3998.79,,4041.8,,3998.79,,8.64,,25678.08,,57744.1,M15-LTS_AHR_939,565963419,False,MT5_ONLY_CB_DESYNC,cb_desync: simulated CB (550d) ตัดทิ้ง แต่บัญชีจริง cooldown_remaining=0 consec_loss=0 ตอนนี้,[tp 3998.79],,2972.0
,2026-07-29 20:31:24,,2026-07-30 02:00:01,,,M30,,SELL,,4016.5,4052.81,,4052.81,,3961.96,,20.0,,-72620.0,,-14875.9,M30-LTS_AHR_25,566012105,False,MT5_ONLY,ไม่มี SIM คู่ — backtest ไม่เจอ pattern นี้,[sl 4052.81],,-3631.0
,2026-07-29 20:31:34,,2026-07-30 02:00:01,,,M30,,BUY,,4016.54,4052.81,,3961.96,,4052.81,,19.23,,69747.21,,54871.31,M30-LTS_AHR_271,566012324,False,MT5_ONLY_CB_DESYNC,cb_desync: simulated CB (550d) ตัดทิ้ง แต่บัญชีจริง cooldown_remaining=0 consec_loss=0 ตอนนี้,[tp 4052.81],,3627.0
,2026-07-29 21:01:52,,2026-07-29 21:56:53,,,M15,,SELL,,4024.89,4005.11,,4048.93,,4005.11,,20.0,,39560.0,,94431.31,M15-LTS_AHR_942,566032941,False,MT5_ONLY_CB_DESYNC,cb_desync: simulated CB (550d) ตัดทิ้ง แต่บัญชีจริง cooldown_remaining=7 consec_loss=0 ตอนนี้,[tp 4005.11],,1978.0
,2026-07-29 23:34:02,,2026-07-29 23:34:10,,,M15,,BUY,,4012.7,4012.81,,4008.53,,4012.81,,20.0,,220.0,,94651.31,M15-LTS_AHR_496,566148252,False,MT5_ONLY,ไม่มี SIM คู่ — backtest ไม่เจอ pattern นี้,[tp 4012.81],,11.0
,2026-07-30 00:03:52,,2026-07-30 01:06:41,,,M15,,BUY,,4008.93,4039.18,,3965.88,,4039.18,,1.47,,4446.75,,99098.06,M15-LTS_AHR_938,566157832,False,MT5_ONLY,ไม่มี SIM คู่ — backtest ไม่เจอ pattern นี้,[tp 4039.18],,3025.0
,2026-07-30 00:03:52,,2026-07-30 01:06:41,,,M15,,BUY,,4008.96,4039.18,,3951.22,,4039.18,,6.11,,18464.42,,117562.48,M15-LTS_AHR_940,566157833,False,MT5_ONLY,ไม่มี SIM คู่ — backtest ไม่เจอ pattern นี้,[tp 4039.18],,3022.0
,2026-07-30 00:03:52,,2026-07-30 01:06:41,,,M15,,BUY,,4009.02,4039.18,,3965.88,,4039.18,,20.0,,60320.0,,177882.48,M15-LTS_AHR_942,566157835,False,MT5_ONLY_CB_DESYNC,cb_desync: simulated CB (550d) ตัดทิ้ง แต่บัญชีจริง cooldown_remaining=7 consec_loss=0 ตอนนี้,[tp 4039.18],,3016.0
,2026-07-30 00:08:52,,2026-07-30 01:06:41,,,M15,,SELL,,4013.82,4039.18,,4039.18,,3951.22,,8.64,,-21911.04,,155971.44,M15-LTS_AHR_939,566159368,False,MT5_ONLY_CB_DESYNC,cb_desync: simulated CB (550d) ตัดทิ้ง แต่บัญชีจริง cooldown_remaining=0 consec_loss=0 ตอนนี้,[sl 4039.18],,-2536.0
,2026-07-30 00:08:52,,2026-07-30 01:06:41,,,M15,,SELL,,4013.82,4039.18,,4039.18,,3965.88,,16.86,,-42756.96,,113214.48,M15-LTS_AHR_941,566159370,False,MT5_ONLY_CB_DESYNC,cb_desync: simulated CB (550d) ตัดทิ้ง แต่บัญชีจริง cooldown_remaining=0 consec_loss=0 ตอนนี้,[sl 4039.18],,-2536.0
,2026-07-30 00:23:52,,2026-07-30 01:08:35,,,M15,,SELL,,4015.1,4040.84,,4040.84,,3947.06,,8.64,,-22239.36,,90975.12,M15-LTS_AHR_939,566165180,False,MT5_ONLY_CB_DESYNC,cb_desync: simulated CB (550d) ตัดทิ้ง แต่บัญชีจริง cooldown_remaining=0 consec_loss=0 ตอนนี้,[sl 4040.84],,-2574.0
,2026-07-30 01:48:51,,2026-07-30 03:01:40,,,M15,,SELL,,4046.41,4111.37,,4111.37,,4012.88,,6.11,,-39690.56,,51284.56,M15-LTS_AHR_940,566215144,False,MT5_ONLY,ไม่มี SIM คู่ — backtest ไม่เจอ pattern นี้,[sl 4111.37],,-6496.0
,2026-07-30 02:03:52,,2026-08-03 21:51:46,,,H1,,SELL,,4070.37,4031.93,,4135.56,,3998.13,,2.65,,10186.6,,61471.16,H1-LTS_AHR_952,566231571,False,MT5_ONLY,ไม่มี SIM คู่ — backtest ไม่เจอ pattern นี้,,,3844.0
,2026-07-30 02:33:51,,2026-08-03 21:51:43,,,M30,,BUY,,4058.33,4031.81,,4015.94,,4171.37,,20.0,,-53040.0,,8431.16,M30-LTS_AHR_945,566256933,False,MT5_ONLY,ไม่มี SIM คู่ — backtest ไม่เจอ pattern นี้,,,-2652.0
,2026-07-30 03:08:51,,2026-07-31 21:42:44,,,M30,,BUY,,4094.89,4026.4,,4026.4,,4268.12,,20.0,,-136980.0,,-128548.84,M30-LTS_AHR_945,566290371,False,MT5_ONLY,ไม่มี SIM คู่ — backtest ไม่เจอ pattern นี้,[sl 4026.40],,-6849.0
,2026-07-30 06:03:52,,2026-08-03 21:51:41,,,H1,,SELL,,4073.73,4031.84,,4165.5,,4016.02,,2.65,,11100.85,,-117447.99,H1-LTS_AHR_952,566330602,False,MT5_ONLY,ไม่มี SIM คู่ — backtest ไม่เจอ pattern นี้,,,4189.0
,2026-07-30 08:48:55,,2026-07-30 08:58:10,,,M15,,SELL,,4066.39,4071.16,,4071.16,,4061.99,,20.0,,-9540.0,,-126987.99,M15-LTS_AHR_240,566361242,False,MT5_ONLY,ไม่มี SIM คู่ — backtest ไม่เจอ pattern นี้,[sl 4071.16],,-477.0
,2026-07-30 08:48:55,,2026-07-30 08:58:10,,,M15,,SELL,,4066.39,4071.16,,4071.16,,4061.99,,20.0,,-9540.0,,-136527.99,M15-LTS_AHR_260,566361243,False,MT5_ONLY,ไม่มี SIM คู่ — backtest ไม่เจอ pattern นี้,[sl 4071.16],,-477.0
,2026-07-30 08:48:57,,2026-07-30 08:58:10,,,M15,,SELL,,4066.31,4071.16,,4071.16,,4061.99,,20.0,,-9700.0,,-146227.99,M15-LTS_AHR_404,566361245,False,MT5_ONLY,ไม่มี SIM คู่ — backtest ไม่เจอ pattern นี้,[sl 4071.16],,-485.0
,2026-07-30 08:48:58,,2026-07-30 08:58:10,,,M15,,SELL,,4066.37,4071.16,,4071.16,,4061.99,,20.0,,-9580.0,,-155807.99,M15-LTS_AHR_484,566361247,False,MT5_ONLY,ไม่มี SIM คู่ — backtest ไม่เจอ pattern นี้,[sl 4071.16],,-479.0
,2026-07-30 09:03:52,,2026-07-30 09:03:53,,,M15,,BUY,,4082.23,4082.23,,4069.39,,4082.23,,20.0,,0.0,,-155807.99,M15-LTS_AHR_1,566365755,False,MT5_ONLY,ไม่มี SIM คู่ — backtest ไม่เจอ pattern นี้,[tp 4082.23],,0.0
,2026-07-30 13:32:32,,2026-07-30 21:38:00,,,M15,,SELL,,4049.88,4094.31,,4094.31,,4015.36,,20.0,,-88860.0,,-244667.99,M15-LTS_AHR_942,566455494,False,MT5_ONLY_CB_DESYNC,cb_desync: simulated CB (550d) ตัดทิ้ง แต่บัญชีจริง cooldown_remaining=7 consec_loss=0 ตอนนี้,[sl 4094.31],,-4443.0
,2026-07-30 13:37:32,,2026-07-30 21:38:20,,,M15,,BUY,,4035.76,4094.31,,4015.36,,4094.31,,16.86,,98715.3,,-145952.69,M15-LTS_AHR_941,566461325,False,MT5_ONLY_CB_DESYNC,cb_desync: simulated CB (550d) ตัดทิ้ง แต่บัญชีจริง cooldown_remaining=0 consec_loss=0 ตอนนี้,[tp 4094.31],,5855.0
,2026-07-30 15:17:31,,2026-07-30 15:18:41,,,M15,,SELL,,4048.56,4049.83,,4049.83,,4043.81,,20.0,,-2540.0,,-148492.69,M15-LTS_AHR_50,566505218,False,MT5_ONLY,ไม่มี SIM คู่ — backtest ไม่เจอ pattern นี้,[sl 4049.83],,-127.0
,2026-07-30 15:17:32,,2026-07-30 15:18:41,,,M15,,SELL,,4048.46,4049.83,,4049.83,,4043.81,,20.0,,-2740.0,,-151232.69,M15-LTS_AHR_164,566505219,False,MT5_ONLY,ไม่มี SIM คู่ — backtest ไม่เจอ pattern นี้,[sl 4049.83],,-137.0
,2026-07-30 15:17:32,,2026-07-30 15:18:41,,,M15,,SELL,,4048.36,4049.83,,4049.83,,4043.81,,20.0,,-2940.0,,-154172.69,M15-LTS_AHR_191,566505220,False,MT5_ONLY,ไม่มี SIM คู่ — backtest ไม่เจอ pattern นี้,[sl 4049.83],,-147.0
,2026-07-30 16:02:44,,2026-07-30 18:16:27,,,M15,,BUY,,4038.02,4074.78,,3967.35,,4074.78,,6.11,,22460.36,,-131712.33,M15-LTS_AHR_940,566526493,False,MT5_ONLY,ไม่มี SIM คู่ — backtest ไม่เจอ pattern นี้,[tp 4074.78],,3676.0
,2026-07-30 16:07:31,,2026-07-30 16:32:02,,,M30,,SELL,,4051.61,4071.51,,4071.51,,3973.89,,20.0,,-39800.0,,-171512.33,M30-LTS_AHR_945,566530068,False,MT5_ONLY,ไม่มี SIM คู่ — backtest ไม่เจอ pattern นี้,[sl 4071.51],,-1990.0
,2026-07-30 16:07:31,,2026-07-30 18:10:25,,,M15,,SELL,,4051.61,4074.78,,4074.78,,3967.35,,8.64,,-20018.88,,-191531.21,M15-LTS_AHR_939,566530066,False,MT5_ONLY_CB_DESYNC,cb_desync: simulated CB (550d) ตัดทิ้ง แต่บัญชีจริง cooldown_remaining=0 consec_loss=0 ตอนนี้,[sl 4074.78],,-2317.0
,2026-07-30 16:17:31,,2026-08-03 21:51:39,,,M15,,SELL,,4054.88,4031.87,,4141.94,,4008.77,,6.11,,14059.11,,-177472.1,M15-LTS_AHR_940,566535585,False,MT5_ONLY,ไม่มี SIM คู่ — backtest ไม่เจอ pattern นี้,,,2301.0
,2026-07-30 16:32:39,,2026-07-31 21:42:48,,,M15,,SELL,,4072.29,4024.86,,4144.17,,4024.86,,6.11,,28979.73,,-148492.37,M15-LTS_AHR_940,566546286,False,MT5_ONLY,ไม่มี SIM คู่ — backtest ไม่เจอ pattern นี้,[tp 4024.86],,4743.0
,2026-07-30 16:52:31,,2026-08-03 21:51:37,,,M30,,BUY,,4062.26,4032.3,,4009.67,,4174.55,,20.0,,-59920.0,,-208412.37,M30-LTS_AHR_945,566557498,False,MT5_ONLY,ไม่มี SIM คู่ — backtest ไม่เจอ pattern นี้,,,-2996.0
,2026-07-30 17:02:31,,2026-08-03 21:51:35,,,H1,,SELL,,4066.35,4032.04,,4166.63,,4008.77,,2.65,,9092.15,,-199320.22,H1-LTS_AHR_952,566561805,False,MT5_ONLY,ไม่มี SIM คู่ — backtest ไม่เจอ pattern นี้,,,3431.0
,2026-07-30 18:02:43,,2026-07-30 21:38:25,,,M15,,SELL,,4067.65,4095.72,,4095.72,,4014.74,,16.86,,-47326.02,,-246646.24,M15-LTS_AHR_941,566588633,False,MT5_ONLY_CB_DESYNC,cb_desync: simulated CB (550d) ตัดทิ้ง แต่บัญชีจริง cooldown_remaining=0 consec_loss=0 ตอนนี้,[sl 4095.72],,-2807.0
,2026-07-30 20:32:55,,2026-07-30 20:52:47,,,M15,,BUY,,4074.27,4069.96,,4069.96,,4082.86,,20.0,,-8620.0,,-255266.24,M15-LTS_AHR_489,566659738,False,MT5_ONLY_CB_DESYNC,cb_desync: simulated CB (550d) ตัดทิ้ง แต่บัญชีจริง cooldown_remaining=0 consec_loss=1 ตอนนี้,[sl 4069.96],,-431.0
,2026-07-30 20:32:58,,2026-07-30 20:52:47,,,M15,,SELL,,4074.25,4069.96,,4082.86,,4069.96,,20.0,,8580.0,,-246686.24,M15-LTS_AHR_551,566659756,False,MT5_ONLY,ไม่มี SIM คู่ — backtest ไม่เจอ pattern นี้,[tp 4069.96],,429.0
,2026-07-30 21:02:32,,2026-08-03 21:51:33,,,M30,,SELL,,4072.9,4031.96,,4120.79,,3991.14,,20.0,,81880.0,,-164806.24,M30-LTS_AHR_947,566681231,False,MT5_ONLY_CB_DESYNC,cb_desync: simulated CB (550d) ตัดทิ้ง แต่บัญชีจริง cooldown_remaining=0 consec_loss=2 ตอนนี้,,,4094.0
,2026-07-31 08:32:47,,2026-07-31 08:33:03,,,M15,,SELL,,4095.19,4094.83,,4097.81,,4094.83,,20.0,,720.0,,-164086.24,M15-LTS_AHR_461,566923777,False,MT5_ONLY,ไม่มี SIM คู่ — backtest ไม่เจอ pattern นี้,[tp 4094.83],,36.0
,2026-07-31 12:19:53,,2026-07-31 13:04:15,,,M15,,SELL,,4076.64,4082.38,,4082.38,,4072.19,,20.0,,-11480.0,,-175566.24,M15-LTS_AHR_569,566998253,False,MT5_ONLY,ไม่มี SIM คู่ — backtest ไม่เจอ pattern นี้,[sl 4082.38],,-574.0
,2026-07-31 12:49:51,,2026-07-31 16:24:47,,,M15,,BUY,,4075.79,4060.27,,4060.27,,4091.99,,20.0,,-31040.0,,-206606.24,M15-LTS_AHR_942,567006866,False,MT5_ONLY,ไม่มี SIM คู่ — backtest ไม่เจอ pattern นี้,[sl 4060.27],,-1552.0
,2026-07-31 12:59:50,,2026-07-31 16:24:47,,,M15,,SELL,,4079.94,4060.27,,4091.99,,4060.27,,16.86,,33163.62,,-173442.62,M15-LTS_AHR_941,567009489,False,MT5_ONLY_CB_DESYNC,cb_desync: simulated CB (550d) ตัดทิ้ง แต่บัญชีจริง cooldown_remaining=0 consec_loss=0 ตอนนี้,[tp 4060.27],,1967.0
,2026-07-31 13:34:51,,2026-07-31 13:42:01,,,M15,,BUY,,4079.58,4077.29,,4077.29,,4083.78,,20.0,,-4580.0,,-178022.62,M15-LTS_AHR_284,567019072,False,MT5_ONLY,ไม่มี SIM คู่ — backtest ไม่เจอ pattern นี้,[sl 4077.29],,-229.0
,2026-07-31 23:39:50,,2026-08-03 21:51:30,,,M30,,SELL,,4042.13,4032.14,,4085.23,,3952.94,,20.0,,19980.0,,-158042.62,M30-LTS_AHR_945,567319997,False,MT5_ONLY_CB_DESYNC,cb_desync: simulated CB (550d) ตัดทิ้ง แต่บัญชีจริง cooldown_remaining=0 consec_loss=0 ตอนนี้,,,999.0
,2026-08-01 00:10:08,,2026-08-01 00:31:53,,,M15,,BUY,,4044.29,4048.48,,4042.95,,4048.48,,20.0,,8380.0,,-149662.62,M15-LTS_AHR_98,567332711,False,MT5_ONLY,ไม่มี SIM คู่ — backtest ไม่เจอ pattern นี้,[tp 4048.48],,419.0
,2026-08-01 00:10:11,,2026-08-01 00:31:53,,,M15,,BUY,,4044.54,4048.48,,4042.95,,4048.48,,20.0,,7880.0,,-141782.62,M15-LTS_AHR_227,567332723,False,MT5_ONLY,ไม่มี SIM คู่ — backtest ไม่เจอ pattern นี้,[tp 4048.48],,394.0
,2026-08-01 00:10:13,,2026-08-01 00:31:53,,,M15,,BUY,,4045.08,4048.48,,4042.95,,4048.48,,20.0,,6800.0,,-134982.62,M15-LTS_AHR_320,567332775,False,MT5_ONLY,ไม่มี SIM คู่ — backtest ไม่เจอ pattern นี้,[tp 4048.48],,340.0
,2026-08-01 01:15:01,,2026-08-03 21:51:26,,,M30,,SELL,,4045.29,4031.57,,4080.08,,3969.93,,20.0,,27440.0,,-107542.62,M30-LTS_AHR_945,567351157,False,MT5_ONLY_CB_DESYNC,cb_desync: simulated CB (550d) ตัดทิ้ง แต่บัญชีจริง cooldown_remaining=0 consec_loss=0 ตอนนี้,,,1372.0
,2026-08-01 03:50:01,,2026-08-03 21:13:50,,,M15,,SELL,,4054.3,4040.28,,4081.83,,4040.28,,6.11,,8566.22,,-98976.4,M15-LTS_AHR_940,567376998,False,MT5_ONLY,ไม่มี SIM คู่ — backtest ไม่เจอ pattern นี้,[tp 4040.28],,1402.0
,2026-08-01 04:30:03,,2026-08-03 06:05:00,,,M30,,BUY,,4047.83,4068.95,,4006.39,,4068.95,,8.56,,18078.72,,-80897.68,M30-LTS_AHR_946,567383353,False,MT5_ONLY,ไม่มี SIM คู่ — backtest ไม่เจอ pattern นี้,[tp 4068.95],,2112.0
,2026-08-01 04:35:01,,2026-08-03 06:05:00,,,M15,,SELL,,4050.63,4063.04,,4063.04,,4038.14,,1.47,,-1824.27,,-82721.95,M15-LTS_AHR_938,567384377,False,MT5_ONLY,ไม่มี SIM คู่ — backtest ไม่เจอ pattern นี้,[sl 4063.04],,-1241.0
,2026-08-01 04:55:01,,2026-08-03 06:05:00,,,M15,,BUY,,4046.47,4063.04,,4038.14,,4063.04,,16.86,,27937.02,,-54784.93,M15-LTS_AHR_941,567387073,False,MT5_ONLY_CB_DESYNC,cb_desync: simulated CB (550d) ตัดทิ้ง แต่บัญชีจริง cooldown_remaining=0 consec_loss=0 ตอนนี้,[tp 4063.04],,1657.0
,2026-08-03 08:15:51,,2026-08-03 21:25:40,,,M15,,SELL,,4072.65,4032.31,,4098.41,,4032.31,,16.86,,68013.24,,13228.31,M15-LTS_AHR_941,567482132,False,MT5_ONLY_CB_DESYNC,cb_desync: simulated CB (550d) ตัดทิ้ง แต่บัญชีจริง cooldown_remaining=0 consec_loss=0 ตอนนี้,[tp 4032.31],,4034.0
,2026-08-03 08:20:51,,2026-08-03 21:25:39,,,M15,,BUY,,4069.14,4032.31,,4032.31,,4098.41,,20.0,,-73660.0,,-60431.69,M15-LTS_AHR_942,567482999,False,MT5_ONLY_CB_DESYNC,cb_desync: simulated CB (550d) ตัดทิ้ง แต่บัญชีจริง cooldown_remaining=7 consec_loss=0 ตอนนี้,[sl 4032.31],,-3683.0
,2026-08-03 09:15:59,,2026-08-03 21:51:24,,,M15,,BUY,,4051.66,4031.36,,4002.29,,4085.74,,1.47,,-2984.1,,-63415.79,M15-LTS_AHR_938,567505797,False,MT5_ONLY,ไม่มี SIM คู่ — backtest ไม่เจอ pattern นี้,,,-2030.0
,2026-08-03 10:46:22,,2026-08-03 10:48:30,,,M15,,BUY,,4060.11,4062.34,,4057.27,,4062.34,,20.0,,4460.0,,-58955.79,M15-LTS_AHR_70,567542765,False,MT5_ONLY,ไม่มี SIM คู่ — backtest ไม่เจอ pattern นี้,[tp 4062.34],,223.0
,2026-08-03 11:36:22,,2026-08-03 20:40:59,,,M30,,BUY,,4061.99,4043.59,,4043.59,,4100.07,,20.0,,-36800.0,,-95755.79,M30-LTS_AHR_945,567561101,False,MT5_ONLY,ไม่มี SIM คู่ — backtest ไม่เจอ pattern นี้,[sl 4043.59],,-1840.0
,2026-08-03 13:31:31,,2026-08-03 21:21:24,,,M15,,BUY,,4059.78,4033.63,,4033.63,,4100.52,,16.86,,-44088.9,,-139844.69,M15-LTS_AHR_941,567602666,False,MT5_ONLY_CB_DESYNC,cb_desync: simulated CB (550d) ตัดทิ้ง แต่บัญชีจริง cooldown_remaining=0 consec_loss=0 ตอนนี้,[sl 4033.63],,-2615.0
,2026-08-03 18:12:22,,2026-08-03 21:21:24,,,M30,,SELL,,4056.12,4033.77,,4087.57,,4033.77,,1.75,,3911.25,,-135933.44,M30-LTS_AHR_944,567719539,False,MT5_ONLY,ไม่มี SIM คู่ — backtest ไม่เจอ pattern นี้,[tp 4033.77],,2235.0
,2026-08-03 23:16:20,,2026-08-03 23:16:28,,,M15,,SELL,,4035.15,4035.08,,4038.68,,4026.93,,2.0,,14.0,,-135919.44,M15-LTS_AHR_372,567918374,False,MT5_ONLY,ไม่มี SIM คู่ — backtest ไม่เจอ pattern นี้,LTS Momentum Stall Exit (M15,,7.0
,2026-08-04 00:11:12,,2026-08-04 00:11:17,,,M15,,BUY,,4036.19,4036.13,,4016.84,,4049.3,,1.47,,-8.82,,-135928.26,M15-LTS_AHR_938,567938263,False,MT5_ONLY,ไม่มี SIM คู่ — backtest ไม่เจอ pattern นี้,LTS Smart Cut-loss (M15 EMA),,-6.0
,2026-08-04 02:06:12,,2026-08-04 02:06:17,,,H1,,SELL,,4032.6,4032.83,,4045.69,,4000.16,,2.0,,-46.0,,-135974.26,H1-LTS_AHR_951,567958180,False,MT5_ONLY_CB_DESYNC,cb_desync: simulated CB (550d) ตัดทิ้ง แต่บัญชีจริง cooldown_remaining=7 consec_loss=0 ตอนนี้,LTS Momentum Stall Exit (H1),,-23.0
,2026-08-04 03:31:12,,2026-08-04 03:31:17,,,M15,,SELL,,4054.97,4055.18,,4097.34,,4030.85,,2.0,,-42.0,,-136016.26,M15-LTS_AHR_940,567977128,False,MT5_ONLY_CB_DESYNC,cb_desync: simulated CB (550d) ตัดทิ้ง แต่บัญชีจริง cooldown_remaining=0 consec_loss=0 ตอนนี้,LTS Momentum Stall Exit (M15,,-21.0
,2026-08-04 03:31:12,,2026-08-04 03:31:17,,,M30,,SELL,,4054.97,4055.18,,4097.51,,4030.76,,2.0,,-42.0,,-136058.26,M30-LTS_AHR_946,567977130,False,MT5_ONLY,ไม่มี SIM คู่ — backtest ไม่เจอ pattern นี้,LTS Momentum Stall Exit (M30,,-21.0
,2026-08-04 03:51:12,,2026-08-04 03:51:17,,,M15,,SELL,,4054.69,4054.91,,4087.97,,4036.98,,2.0,,-44.0,,-136102.26,M15-LTS_AHR_940,567980040,False,MT5_ONLY_CB_DESYNC,cb_desync: simulated CB (550d) ตัดทิ้ง แต่บัญชีจริง cooldown_remaining=0 consec_loss=0 ตอนนี้,LTS Momentum Stall Exit (M15,,-22.0
,2026-08-04 04:01:12,,2026-08-04 04:01:17,,,M15,,BUY,,4050.86,4050.42,,4024.86,,4070.0,,1.47,,-64.68,,-136166.94,M15-LTS_AHR_938,567980985,False,MT5_ONLY,ไม่มี SIM คู่ — backtest ไม่เจอ pattern นี้,LTS Momentum Stall Exit (M15,,-44.0
,2026-08-04 04:16:12,,2026-08-04 06:15:05,,,M15,,SELL,,4052.47,4051.7,,4070.0,,4024.86,,2.0,,154.0,,-136012.94,M15-LTS_AHR_941,567981798,False,MT5_ONLY_CB_DESYNC,cb_desync: simulated CB (550d) ตัดทิ้ง แต่บัญชีจริง cooldown_remaining=0 consec_loss=0 ตอนนี้,LTS Momentum Stall Exit (M15,,77.0
,2026-08-04 04:31:12,,2026-08-04 04:31:17,,,M15,,SELL,,4055.4,4055.55,,4085.16,,4038.92,,2.0,,-30.0,,-136042.94,M15-LTS_AHR_940,567982821,False,MT5_ONLY_CB_DESYNC,cb_desync: simulated CB (550d) ตัดทิ้ง แต่บัญชีจริง cooldown_remaining=0 consec_loss=0 ตอนนี้,LTS Momentum Stall Exit (M15,,-15.0
,2026-08-04 04:31:12,,2026-08-04 04:31:17,,,M30,,SELL,,4055.4,4055.55,,4088.34,,4037.33,,2.0,,-30.0,,-136072.94,M30-LTS_AHR_946,567982822,False,MT5_ONLY,ไม่มี SIM คู่ — backtest ไม่เจอ pattern นี้,LTS Momentum Stall Exit (M30,,-15.0
,2026-08-04 04:51:12,,2026-08-04 08:30:00,,,M15,,BUY,,4055.89,4059.13,,4041.72,,4085.2,,2.0,,648.0,,-135424.94,M15-LTS_AHR_939,567984174,False,MT5_ONLY,ไม่มี SIM คู่ — backtest ไม่เจอ pattern นี้,LTS Momentum Stall Exit (M15,,324.0
,2026-08-04 06:51:10,,2026-08-04 06:51:15,,,M15,,BUY,,4051.94,4051.81,,4038.02,,4080.57,,2.0,,-26.0,,-135450.94,M15-LTS_AHR_939,567990882,False,MT5_ONLY,ไม่มี SIM คู่ — backtest ไม่เจอ pattern นี้,LTS Momentum Stall Exit (M15,,-13.0
,2026-08-04 06:56:10,,2026-08-04 06:56:15,,,M15,,BUY,,4052.49,4052.07,,4038.21,,4082.31,,2.0,,-84.0,,-135534.94,M15-LTS_AHR_939,567991826,False,MT5_ONLY,ไม่มี SIM คู่ — backtest ไม่เจอ pattern นี้,LTS Momentum Stall Exit (M15,,-42.0
,2026-08-04 07:11:10,,2026-08-04 07:11:15,,,M15,,BUY,,4051.55,4051.43,,4037.71,,4083.22,,2.0,,-24.0,,-135558.94,M15-LTS_AHR_939,567993515,False,MT5_ONLY,ไม่มี SIM คู่ — backtest ไม่เจอ pattern นี้,LTS Momentum Stall Exit (M15,,-12.0
,2026-08-04 07:36:10,,2026-08-04 07:36:15,,,M15,,BUY,,4051.43,4051.37,,4038.19,,4078.77,,2.0,,-12.0,,-135570.94,M15-LTS_AHR_939,567995814,False,MT5_ONLY,ไม่มี SIM คู่ — backtest ไม่เจอ pattern นี้,LTS Momentum Stall Exit (M15,,-6.0
,2026-08-04 07:46:10,,2026-08-04 07:46:15,,,M15,,BUY,,4052.2,4052.04,,4039.83,,4077.46,,2.0,,-32.0,,-135602.94,M15-LTS_AHR_939,567996636,False,MT5_ONLY,ไม่มี SIM คู่ — backtest ไม่เจอ pattern นี้,LTS Momentum Stall Exit (M15,,-16.0
,2026-08-04 07:46:11,,2026-08-04 07:46:15,,,M15,,SELL,,4052.05,4052.19,,4078.77,,4038.19,,2.0,,-28.0,,-135630.94,M15-LTS_AHR_940,567996637,False,MT5_ONLY_CB_DESYNC,cb_desync: simulated CB (550d) ตัดทิ้ง แต่บัญชีจริง cooldown_remaining=0 consec_loss=0 ตอนนี้,LTS Smart Cut-loss (M15 EMA),,-14.0
,2026-08-04 08:01:11,,2026-08-04 08:01:15,,,M15,,SELL,,4058.33,4058.74,,4080.31,,4040.77,,2.0,,-82.0,,-135712.94,M15-LTS_AHR_940,567999090,False,MT5_ONLY_CB_DESYNC,cb_desync: simulated CB (550d) ตัดทิ้ง แต่บัญชีจริง cooldown_remaining=0 consec_loss=0 ตอนนี้,LTS Smart Cut-loss (M15 EMA),,-41.0
,2026-08-04 08:01:11,,2026-08-04 08:01:15,,,M30,,SELL,,4058.45,4058.75,,4080.97,,4041.63,,2.0,,-60.0,,-135772.94,M30-LTS_AHR_946,567999093,False,MT5_ONLY,ไม่มี SIM คู่ — backtest ไม่เจอ pattern นี้,LTS Momentum Stall Exit (M30,,-30.0
,2026-08-04 08:31:43,,2026-08-04 08:31:45,,,M30,,SELL,,4059.18,4059.15,,4091.93,,4042.67,,2.0,,6.0,,-135766.94,M30-LTS_AHR_946,568010997,False,MT5_ONLY,ไม่มี SIM คู่ — backtest ไม่เจอ pattern นี้,LTS Momentum Stall Exit (M30,,3.0
,2026-08-04 08:46:17,,2026-08-04 08:46:21,,,M15,,SELL,,4055.46,4055.7,,4058.04,,4054.54,,2.0,,-48.0,,-135814.94,M15-LTS_AHR_461,568013170,False,MT5_ONLY,ไม่มี SIM คู่ — backtest ไม่เจอ pattern นี้,LTS Smart Cut-loss (M15 EMA),,-24.0
,2026-08-04 09:01:22,,2026-08-04 09:45:01,,,M15,,BUY,,4050.13,4059.24,,4040.77,,4080.31,,2.0,,1822.0,,-133992.94,M15-LTS_AHR_939,568018898,False,MT5_ONLY,ไม่มี SIM คู่ — backtest ไม่เจอ pattern นี้,LTS Momentum Stall Exit (M15,,911.0
,2026-08-04 09:01:23,,2026-08-04 09:01:25,,,H1,,SELL,,4049.87,4049.68,,4082.57,,3999.67,,2.0,,38.0,,-133954.94,H1-LTS_AHR_953,568018946,False,MT5_ONLY,ไม่มี SIM คู่ — backtest ไม่เจอ pattern นี้,LTS Momentum Stall Exit (H1),,19.0
,2026-08-04 09:06:10,,2026-08-04 09:06:15,,,M30,,BUY,,4044.57,4044.91,,4006.54,,4070.85,,2.0,,68.0,,-133886.94,M30-LTS_AHR_946,568022623,False,MT5_ONLY,ไม่มี SIM คู่ — backtest ไม่เจอ pattern นี้,LTS Smart Cut-loss (M30 EMA),,34.0
,2026-08-04 09:06:11,,2026-08-04 09:06:15,,,H1,,BUY,,4044.55,4044.91,,3999.67,,4082.57,,2.0,,72.0,,-133814.94,H1-LTS_AHR_954,568022627,False,MT5_ONLY,ไม่มี SIM คู่ — backtest ไม่เจอ pattern นี้,LTS Smart Cut-loss (H1 EMA),,36.0
,2026-08-04 09:16:11,,2026-08-04 09:30:00,,,M15,,SELL,,4048.48,4049.7,,4062.44,,4015.88,,2.0,,-244.0,,-134058.94,M15-LTS_AHR_939,568028532,False,MT5_ONLY,ไม่มี SIM คู่ — backtest ไม่เจอ pattern นี้,LTS Smart Cut-loss (M15 EMA),,-122.0
,2026-08-04 09:31:11,,2026-08-04 09:31:16,,,M15,,SELL,,4050.35,4050.63,,4053.98,,4043.55,,2.0,,-56.0,,-134114.94,M15-LTS_AHR_80,568034175,False,MT5_ONLY_CB_DESYNC,cb_desync: simulated CB (550d) ตัดทิ้ง แต่บัญชีจริง cooldown_remaining=0 consec_loss=0 ตอนนี้,LTS Smart Cut-loss (M15 EMA),,-28.0
,2026-08-04 09:31:12,,2026-08-04 09:31:16,,,M15,,SELL,,4050.42,4050.63,,4053.98,,4043.55,,2.0,,-42.0,,-134156.94,M15-LTS_AHR_131,568034181,False,MT5_ONLY,ไม่มี SIM คู่ — backtest ไม่เจอ pattern นี้,LTS Smart Cut-loss (M15 EMA),,-21.0
,2026-08-04 09:31:12,,2026-08-04 09:31:16,,,M15,,SELL,,4050.35,4050.68,,4053.98,,4043.55,,2.0,,-66.0,,-134222.94,M15-LTS_AHR_174,568034185,False,MT5_ONLY,ไม่มี SIM คู่ — backtest ไม่เจอ pattern นี้,LTS Smart Cut-loss (M15 EMA),,-33.0
,2026-08-04 09:42:08,,2026-08-04 09:42:11,,,H1,,SELL,,4057.02,4056.77,,4082.57,,3999.67,,2.0,,50.0,,-134172.94,H1-LTS_AHR_949,568039401,False,MT5_ONLY,ไม่มี SIM คู่ — backtest ไม่เจอ pattern นี้,LTS Momentum Stall Exit (H1),,25.0
,2026-08-04 09:47:06,,2026-08-04 09:47:11,,,M15,,BUY,,4058.5,4058.37,,4035.39,,4106.77,,2.0,,-26.0,,-134198.94,M15-LTS_AHR_939,568041401,False,MT5_ONLY,ไม่มี SIM คู่ — backtest ไม่เจอ pattern นี้,LTS Momentum Stall Exit (M15,,-13.0
,2026-08-04 09:52:06,,2026-08-04 09:52:11,,,M15,,SELL,,4059.38,4059.59,,4106.77,,4035.39,,2.0,,-42.0,,-134240.94,M15-LTS_AHR_940,568042806,False,MT5_ONLY_CB_DESYNC,cb_desync: simulated CB (550d) ตัดทิ้ง แต่บัญชีจริง cooldown_remaining=0 consec_loss=0 ตอนนี้,LTS Smart Cut-loss (M15 EMA),,-21.0
,2026-08-04 10:02:06,,2026-08-04 10:02:11,,,H1,,SELL,,4059.95,4059.7,,4121.09,,4027.61,,2.0,,50.0,,-134190.94,H1-LTS_AHR_952,568046207,False,MT5_ONLY,ไม่มี SIM คู่ — backtest ไม่เจอ pattern นี้,LTS Momentum Stall Exit (H1),,25.0
,2026-08-04 10:07:06,,2026-08-04 10:07:11,,,H1,,BUY,,4056.47,4056.26,,4027.61,,4121.09,,2.0,,-42.0,,-134232.94,H1-LTS_AHR_951,568047333,False,MT5_ONLY,ไม่มี SIM คู่ — backtest ไม่เจอ pattern นี้,LTS Momentum Stall Exit (H1),,-21.0
,2026-08-04 10:32:07,,2026-08-04 10:37:10,,,M15,,BUY,,4058.5,4061.14,,4051.39,,4061.14,,2.0,,528.0,,-133704.94,M15-LTS_AHR_107,568051594,False,MT5_ONLY,ไม่มี SIM คู่ — backtest ไม่เจอ pattern นี้,[tp 4061.14],,264.0
,2026-08-04 10:32:08,,2026-08-04 10:37:10,,,M15,,BUY,,4058.46,4061.14,,4051.39,,4061.14,,2.0,,536.0,,-133168.94,M15-LTS_AHR_233,568051606,False,MT5_ONLY,ไม่มี SIM คู่ — backtest ไม่เจอ pattern นี้,[tp 4061.14],,268.0
,2026-08-04 10:32:09,,2026-08-04 10:37:10,,,M15,,BUY,,4058.49,4061.14,,4051.39,,4061.14,,2.0,,530.0,,-132638.94,M15-LTS_AHR_305,568051612,False,MT5_ONLY,ไม่มี SIM คู่ — backtest ไม่เจอ pattern นี้,[tp 4061.14],,265.0
,2026-08-04 10:32:10,,2026-08-04 10:37:10,,,M15,,BUY,,4058.49,4061.14,,4051.39,,4061.14,,2.0,,530.0,,-132108.94,M15-LTS_AHR_379,568051614,False,MT5_ONLY,ไม่มี SIM คู่ — backtest ไม่เจอ pattern นี้,[tp 4061.14],,265.0
,2026-08-04 10:52:06,,2026-08-04 10:52:11,,,M15,,BUY,,4061.24,4061.15,,4043.73,,4098.0,,2.0,,-18.0,,-132126.94,M15-LTS_AHR_939,568057653,False,MT5_ONLY,ไม่มี SIM คู่ — backtest ไม่เจอ pattern นี้,LTS Momentum Stall Exit (M15,,-9.0
,2026-08-04 11:07:08,,2026-08-04 11:07:11,,,M30,,BUY,,4057.21,4057.13,,4047.68,,4081.35,,2.0,,-16.0,,-132142.94,M30-LTS_AHR_945,568061725,False,MT5_ONLY_CB_DESYNC,cb_desync: simulated CB (550d) ตัดทิ้ง แต่บัญชีจริง cooldown_remaining=0 consec_loss=0 ตอนนี้,LTS Momentum Stall Exit (M30,,-8.0
,2026-08-04 11:47:08,,2026-08-04 11:47:12,,,M15,,SELL,,4053.17,4053.15,,4054.09,,4051.58,,2.0,,4.0,,-132138.94,M15-LTS_AHR_129,568072420,False,MT5_ONLY,ไม่มี SIM คู่ — backtest ไม่เจอ pattern นี้,LTS Smart Cut-loss (M15 EMA),,2.0
,2026-08-04 11:47:11,,2026-08-04 11:47:12,,,M15,,SELL,,4052.99,4053.15,,4054.09,,4051.58,,2.0,,-32.0,,-132170.94,M15-LTS_AHR_430,568072435,False,MT5_ONLY,ไม่มี SIM คู่ — backtest ไม่เจอ pattern นี้,LTS Smart Cut-loss (M15 EMA),,-16.0
,2026-08-04 14:02:19,,2026-08-04 14:02:21,,,M30,,SELL,,4063.63,4063.82,,4079.11,,4036.06,,2.0,,-38.0,,-132208.94,M30-LTS_AHR_947,568115727,False,MT5_ONLY_CB_DESYNC,cb_desync: simulated CB (550d) ตัดทิ้ง แต่บัญชีจริง cooldown_remaining=0 consec_loss=2 ตอนนี้,LTS Smart Cut-loss (M30 EMA),,-19.0
,2026-08-04 14:32:44,,2026-08-04 14:32:46,,,M30,,BUY,,4058.14,4057.93,,4036.06,,4079.11,,2.0,,-42.0,,-132250.94,M30-LTS_AHR_948,568126159,False,MT5_ONLY_CB_DESYNC,cb_desync: simulated CB (550d) ตัดทิ้ง แต่บัญชีจริง cooldown_remaining=0 consec_loss=0 ตอนนี้,LTS Momentum Stall Exit (M30,,-21.0
,2026-08-04 14:47:09,,2026-08-04 14:47:11,,,M15,,SELL,,4062.29,4062.11,,4079.77,,4046.98,,1.47,,26.46,,-132224.48,M15-LTS_AHR_938,568131691,False,MT5_ONLY,ไม่มี SIM คู่ — backtest ไม่เจอ pattern นี้,LTS Smart Cut-loss (M15 EMA),,18.0
,2026-08-04 14:47:09,,2026-08-04 14:47:12,,,M15,,SELL,,4062.28,4062.13,,4086.33,,4046.98,,2.0,,30.0,,-132194.48,M15-LTS_AHR_940,568131693,False,MT5_ONLY_CB_DESYNC,cb_desync: simulated CB (550d) ตัดทิ้ง แต่บัญชีจริง cooldown_remaining=0 consec_loss=0 ตอนนี้,LTS Smart Cut-loss (M15 EMA),,15.0
,2026-08-04 15:02:10,,2026-08-04 15:02:12,,,M15,,SELL,,4064.13,4064.33,,4070.52,,4057.56,,2.0,,-40.0,,-132234.48,M15-LTS_AHR_322,568137685,False,MT5_ONLY,ไม่มี SIM คู่ — backtest ไม่เจอ pattern นี้,LTS Smart Cut-loss (M15 EMA),,-20.0
,2026-08-04 15:02:11,,2026-08-04 15:02:12,,,M15,,SELL,,4064.28,4064.33,,4070.52,,4057.56,,2.0,,-10.0,,-132244.48,M15-LTS_AHR_365,568137690,False,MT5_ONLY,ไม่มี SIM คู่ — backtest ไม่เจอ pattern นี้,LTS Smart Cut-loss (M15 EMA),,-5.0
,2026-08-04 15:02:15,,2026-08-04 15:02:16,,,M30,,SELL,,4064.26,4064.42,,4106.07,,4042.14,,2.0,,-32.0,,-132276.48,M30-LTS_AHR_946,568137702,False,MT5_ONLY,ไม่มี SIM คู่ — backtest ไม่เจอ pattern นี้,LTS Smart Cut-loss (M30 EMA),,-16.0
,2026-08-04 15:02:15,,2026-08-04 15:02:17,,,H1,,SELL,,4064.24,4064.42,,4128.04,,4031.16,,2.0,,-36.0,,-132312.48,H1-LTS_AHR_952,568137704,False,MT5_ONLY,ไม่มี SIM คู่ — backtest ไม่เจอ pattern นี้,LTS Momentum Stall Exit (H1),,-18.0
,2026-08-04 15:17:07,,2026-08-04 15:17:12,,,M30,,BUY,,4062.04,4061.21,,4042.14,,4106.07,,2.0,,-166.0,,-132478.48,M30-LTS_AHR_945,568142350,False,MT5_ONLY_CB_DESYNC,cb_desync: simulated CB (550d) ตัดทิ้ง แต่บัญชีจริง cooldown_remaining=0 consec_loss=0 ตอนนี้,LTS Momentum Stall Exit (M30,,-83.0
,2026-08-04 15:17:08,,2026-08-04 15:17:12,,,H1,,BUY,,4062.04,4061.12,,4031.16,,4128.04,,2.0,,-184.0,,-132662.48,H1-LTS_AHR_951,568142353,False,MT5_ONLY,ไม่มี SIM คู่ — backtest ไม่เจอ pattern นี้,LTS Momentum Stall Exit (H1),,-92.0
,2026-08-04 16:02:16,,2026-08-04 16:02:16,,,H1,,SELL,,4067.84,4067.99,,4130.02,,4033.33,,2.0,,-30.0,,-132692.48,H1-LTS_AHR_952,568155783,False,MT5_ONLY,ไม่มี SIM คู่ — backtest ไม่เจอ pattern นี้,LTS Momentum Stall Exit (H1),,-15.0
,2026-08-04 16:27:07,,2026-08-04 16:27:11,,,H1,,BUY,,4061.69,4061.56,,4033.33,,4130.02,,2.0,,-26.0,,-132718.48,H1-LTS_AHR_951,568166667,False,MT5_ONLY,ไม่มี SIM คู่ — backtest ไม่เจอ pattern นี้,LTS Momentum Stall Exit (H1),,-13.0
,2026-08-04 16:27:07,,2026-08-04 16:30:01,,,M15,,BUY,,4061.73,4063.42,,4045.83,,4074.25,,1.47,,248.43,,-132470.05,M15-LTS_AHR_938,568166665,False,MT5_ONLY,ไม่มี SIM คู่ — backtest ไม่เจอ pattern นี้,LTS Momentum Stall Exit (M15,,169.0
,2026-08-04 16:32:17,,2026-08-04 16:32:32,,,M15,,BUY,,4062.48,4062.23,,4055.7,,4069.85,,2.0,,-50.0,,-132520.05,M15-LTS_AHR_267,568168767,False,MT5_ONLY,ไม่มี SIM คู่ — backtest ไม่เจอ pattern นี้,LTS Momentum Stall Exit (M15,,-25.0
,2026-08-04 16:32:19,,2026-08-04 16:32:32,,,M15,,SELL,,4062.36,4062.38,,4067.2,,4059.22,,2.0,,-4.0,,-132524.05,M15-LTS_AHR_335,568168789,False,MT5_ONLY,ไม่มี SIM คู่ — backtest ไม่เจอ pattern นี้,LTS Smart Cut-loss (M15 EMA),,-2.0
,2026-08-04 16:32:37,,2026-08-04 16:32:41,,,M30,,BUY,,4062.13,4061.99,,4025.52,,4088.69,,1.75,,-24.5,,-132548.55,M30-LTS_AHR_944,568168866,False,MT5_ONLY,ไม่มี SIM คู่ — backtest ไม่เจอ pattern นี้,LTS Momentum Stall Exit (M30,,-14.0
,2026-08-04 16:32:38,,2026-08-04 16:32:42,,,M30,,BUY,,4061.98,4061.99,,4025.52,,4088.69,,2.0,,2.0,,-132546.55,M30-LTS_AHR_948,568168877,False,MT5_ONLY_CB_DESYNC,cb_desync: simulated CB (550d) ตัดทิ้ง แต่บัญชีจริง cooldown_remaining=0 consec_loss=0 ตอนนี้,LTS Momentum Stall Exit (M30,,1.0
,2026-08-04 17:02:49,,2026-08-04 17:02:52,,,H1,,BUY,,4054.37,4054.14,,3982.43,,4103.5,,2.0,,-46.0,,-132592.55,H1-LTS_AHR_950,568180753,False,MT5_ONLY_CB_DESYNC,cb_desync: simulated CB (550d) ตัดทิ้ง แต่บัญชีจริง cooldown_remaining=0 consec_loss=0 ตอนนี้,LTS Smart Cut-loss (H1 EMA),,-23.0
,2026-08-04 17:02:50,,2026-08-04 17:02:52,,,H1,,BUY,,4054.29,4054.14,,3982.43,,4103.5,,2.0,,-30.0,,-132622.55,H1-LTS_AHR_954,568180756,False,MT5_ONLY,ไม่มี SIM คู่ — backtest ไม่เจอ pattern นี้,LTS Smart Cut-loss (H1 EMA),,-15.0
,2026-08-04 17:17:26,,2026-08-04 17:30:02,,,M15,,SELL,,4051.27,4050.7,,4065.26,,4021.74,,2.0,,114.0,,-132508.55,M15-LTS_AHR_939,568187069,False,MT5_ONLY,ไม่มี SIM คู่ — backtest ไม่เจอ pattern นี้,LTS Momentum Stall Exit (M15,,57.0
,2026-08-04 17:22:09,,2026-08-04 17:22:12,,,M15,,BUY,,4049.93,4049.81,,4021.74,,4065.26,,2.0,,-24.0,,-132532.55,M15-LTS_AHR_940,568188985,False,MT5_ONLY_CB_DESYNC,cb_desync: simulated CB (550d) ตัดทิ้ง แต่บัญชีจริง cooldown_remaining=0 consec_loss=0 ตอนนี้,LTS Momentum Stall Exit (M15,,-12.0
,2026-08-04 17:37:07,,2026-08-04 17:37:12,,,M15,,BUY,,4047.77,4047.39,,4026.87,,4062.15,,2.0,,-76.0,,-132608.55,M15-LTS_AHR_940,568194067,False,MT5_ONLY_CB_DESYNC,cb_desync: simulated CB (550d) ตัดทิ้ง แต่บัญชีจริง cooldown_remaining=0 consec_loss=0 ตอนนี้,LTS Momentum Stall Exit (M15,,-38.0
,2026-08-04 17:37:07,,2026-08-04 17:37:12,,,M30,,BUY,,4047.77,4047.39,,4004.79,,4073.19,,2.0,,-76.0,,-132684.55,M30-LTS_AHR_946,568194068,False,MT5_ONLY,ไม่มี SIM คู่ — backtest ไม่เจอ pattern นี้,LTS Momentum Stall Exit (M30,,-38.0
,2026-08-04 17:47:07,,2026-08-04 17:47:12,,,M15,,BUY,,4049.21,4049.09,,4028.95,,4061.11,,2.0,,-24.0,,-132708.55,M15-LTS_AHR_940,568197532,False,MT5_ONLY_CB_DESYNC,cb_desync: simulated CB (550d) ตัดทิ้ง แต่บัญชีจริง cooldown_remaining=0 consec_loss=0 ตอนนี้,LTS Momentum Stall Exit (M15,,-12.0
,2026-08-04 18:02:07,,2026-08-04 18:02:12,,,M15,,BUY,,4049.25,4049.32,,4028.07,,4060.69,,2.0,,14.0,,-132694.55,M15-LTS_AHR_940,568201073,False,MT5_ONLY_CB_DESYNC,cb_desync: simulated CB (550d) ตัดทิ้ง แต่บัญชีจริง cooldown_remaining=0 consec_loss=0 ตอนนี้,LTS Momentum Stall Exit (M15,,7.0
,2026-08-04 18:02:08,,2026-08-04 18:02:12,,,M30,,BUY,,4049.19,4049.31,,4008.87,,4070.3,,2.0,,24.0,,-132670.55,M30-LTS_AHR_946,568201075,False,MT5_ONLY,ไม่มี SIM คู่ — backtest ไม่เจอ pattern นี้,LTS Momentum Stall Exit (M30,,12.0
,2026-08-04 18:02:08,,2026-08-04 18:02:12,,,H1,,BUY,,4049.36,4049.31,,3973.61,,4087.92,,2.0,,-10.0,,-132680.55,H1-LTS_AHR_952,568201076,False,MT5_ONLY,ไม่มี SIM คู่ — backtest ไม่เจอ pattern นี้,LTS Smart Cut-loss (H1 EMA),,-5.0
,2026-08-04 18:16:50,,2026-08-04 18:16:52,,,M15,,BUY,,4047.04,4046.89,,4028.14,,4059.48,,2.0,,-30.0,,-132710.55,M15-LTS_AHR_940,568205289,False,MT5_ONLY_CB_DESYNC,cb_desync: simulated CB (550d) ตัดทิ้ง แต่บัญชีจริง cooldown_remaining=0 consec_loss=0 ตอนนี้,LTS Momentum Stall Exit (M15,,-15.0
,2026-08-04 18:31:46,,2026-08-04 21:23:37,,,H1,,SELL,,4050.41,4087.92,,4087.92,,3973.61,,2.0,,-7502.0,,-140212.55,H1-LTS_AHR_951,568210633,False,MT5_ONLY,ไม่มี SIM คู่ — backtest ไม่เจอ pattern นี้,[sl 4087.92],,-3751.0
,2026-08-04 18:46:53,,2026-08-04 18:47:27,,,M15,,BUY,,4058.48,4058.5,,4050.58,,4058.5,,2.0,,4.0,,-140208.55,M15-LTS_AHR_265,568217372,False,MT5_ONLY,ไม่มี SIM คู่ — backtest ไม่เจอ pattern นี้,[tp 4058.50],,2.0
,2026-08-04 18:46:57,,2026-08-04 18:46:58,,,M15,,BUY,,4057.99,4057.99,,4050.58,,4057.99,,2.0,,0.0,,-140208.55,M15-LTS_AHR_386,568217417,False,MT5_ONLY,ไม่มี SIM คู่ — backtest ไม่เจอ pattern นี้,[tp 4057.99],,0.0
,2026-08-04 18:47:05,,2026-08-04 18:47:06,,,M30,,SELL,,4057.84,4057.52,,4073.19,,4004.79,,2.0,,64.0,,-140144.55,M30-LTS_AHR_945,568217481,False,MT5_ONLY_CB_DESYNC,cb_desync: simulated CB (550d) ตัดทิ้ง แต่บัญชีจริง cooldown_remaining=0 consec_loss=0 ตอนนี้,LTS Momentum Stall Exit (M30,,32.0
,2026-08-04 18:47:05,,2026-08-04 19:00:01,,,H1,,SELL,,4057.84,4054.08,,4103.5,,3982.43,,2.0,,752.0,,-139392.55,H1-LTS_AHR_949,568217482,False,MT5_ONLY,ไม่มี SIM คู่ — backtest ไม่เจอ pattern นี้,LTS Momentum Stall Exit (H1),,376.0
,2026-08-04 18:47:05,,2026-08-04 19:00:01,,,H1,,SELL,,4057.84,4054.07,,4103.5,,3982.43,,2.0,,754.0,,-138638.55,H1-LTS_AHR_953,568217483,False,MT5_ONLY,ไม่มี SIM คู่ — backtest ไม่เจอ pattern นี้,LTS Momentum Stall Exit (H1),,377.0
,2026-08-04 21:01:48,,2026-08-05 10:41:35,,,H1,,BUY,,4070.07,4124.41,,3990.61,,4124.41,,2.0,,10868.0,,-127770.55,H1-LTS_AHR_954,568296169,False,MT5_ONLY,ไม่มี SIM คู่ — backtest ไม่เจอ pattern นี้,[tp 4124.41],,5434.0
,2026-08-04 21:21:47,,2026-08-05 10:40:17,,,H1,,SELL,,4074.0,4124.41,,4124.41,,3990.61,,2.0,,-10082.0,,-137852.55,H1-LTS_AHR_953,568308961,False,MT5_ONLY,ไม่มี SIM คู่ — backtest ไม่เจอ pattern นี้,[sl 4124.41],,-5041.0
,2026-08-04 23:03:45,,2026-08-05 10:55:39,,,H1,,BUY,,4081.58,4134.35,,4007.42,,4134.35,,2.0,,10554.0,,-127298.55,H1-LTS_AHR_954,568383850,False,MT5_ONLY,ไม่มี SIM คู่ — backtest ไม่เจอ pattern นี้,[tp 4134.35],,5277.0
,2026-08-04 23:13:41,,2026-08-05 10:55:37,,,H1,,SELL,,4084.37,4134.35,,4134.35,,4007.42,,2.0,,-9996.0,,-137294.55,H1-LTS_AHR_953,568387318,False,MT5_ONLY,ไม่มี SIM คู่ — backtest ไม่เจอ pattern นี้,[sl 4134.35],,-4998.0
,2026-08-05 00:28:41,,2026-08-05 20:15:07,,,H1,,SELL,,4088.91,4200.28,,4200.28,,4030.88,,2.0,,-22274.0,,-159568.55,H1-LTS_AHR_952,568417168,False,MT5_ONLY,ไม่มี SIM คู่ — backtest ไม่เจอ pattern นี้,[sl 4200.28],,-11137.0
,2026-08-05 02:03:41,,2026-08-05 13:38:36,,,H1,,SELL,,4087.55,4152.96,,4152.96,,3985.85,,2.0,,-13082.0,,-172650.55,H1-LTS_AHR_949,568446793,False,MT5_ONLY,ไม่มี SIM คู่ — backtest ไม่เจอ pattern นี้,[sl 4152.96],,-6541.0
,2026-08-05 02:03:42,,2026-08-05 13:38:36,,,H1,,SELL,,4087.57,4152.96,,4152.96,,3985.85,,2.0,,-13078.0,,-185728.55,H1-LTS_AHR_953,568446796,False,MT5_ONLY,ไม่มี SIM คู่ — backtest ไม่เจอ pattern นี้,[sl 4152.96],,-6539.0
,2026-08-05 02:28:41,,2026-08-05 13:38:39,,,H1,,BUY,,4085.27,4152.96,,3985.85,,4152.96,,2.0,,13538.0,,-172190.55,H1-LTS_AHR_950,568449492,False,MT5_ONLY_CB_DESYNC,cb_desync: simulated CB (550d) ตัดทิ้ง แต่บัญชีจริง cooldown_remaining=0 consec_loss=0 ตอนนี้,[tp 4152.96],,6769.0
,2026-08-05 02:28:41,,2026-08-05 13:38:39,,,H1,,BUY,,4085.29,4152.96,,3985.85,,4152.96,,2.0,,13534.0,,-158656.55,H1-LTS_AHR_954,568449493,False,MT5_ONLY,ไม่มี SIM คู่ — backtest ไม่เจอ pattern นี้,[tp 4152.96],,6767.0
,2026-08-05 07:03:41,,2026-08-05 09:41:26,,,M30,,BUY,,4069.89,4091.99,,4051.54,,4091.99,,2.0,,4420.0,,-154236.55,M30-LTS_AHR_948,568473859,False,MT5_ONLY_CB_DESYNC,cb_desync: simulated CB (550d) ตัดทิ้ง แต่บัญชีจริง cooldown_remaining=0 consec_loss=0 ตอนนี้,[tp 4091.99],,2210.0
,2026-08-05 08:23:42,,2026-08-05 09:41:25,,,M30,,SELL,,4077.09,4091.99,,4091.99,,4051.54,,2.0,,-2980.0,,-157216.55,M30-LTS_AHR_947,568486769,False,MT5_ONLY_CB_DESYNC,cb_desync: simulated CB (550d) ตัดทิ้ง แต่บัญชีจริง cooldown_remaining=0 consec_loss=2 ตอนนี้,[sl 4091.99],,-1490.0
,2026-08-05 08:34:03,,2026-08-05 08:34:44,,,M15,,BUY,,4079.54,4080.2,,4077.14,,4080.2,,2.0,,132.0,,-157084.55,M15-LTS_AHR_461,568489227,False,MT5_ONLY,ไม่มี SIM คู่ — backtest ไม่เจอ pattern นี้,[tp 4080.20],,66.0
,2026-08-05 09:13:41,,2026-08-05 20:16:58,,,H1,,SELL,,4086.36,4203.93,,4203.93,,4021.82,,2.0,,-23514.0,,-180598.55,H1-LTS_AHR_952,568501173,False,MT5_ONLY_CB_DESYNC,cb_desync: simulated CB (550d) ตัดทิ้ง แต่บัญชีจริง cooldown_remaining=0 consec_loss=2 ตอนนี้,[sl 4203.93],,-11757.0
,2026-08-05 11:31:12,,2026-08-05 11:34:23,,,M15,,SELL,,4129.35,4128.06,,4132.26,,4128.06,,2.0,,258.0,,-180340.55,M15-LTS_AHR_154,568569969,False,MT5_ONLY,ไม่มี SIM คู่ — backtest ไม่เจอ pattern นี้,[tp 4128.06],,129.0
,2026-08-05 12:46:12,,2026-08-05 13:23:32,,,M15,,SELL,,4134.51,4140.4,,4140.4,,4127.77,,2.0,,-1178.0,,-181518.55,M15-LTS_AHR_208,568593555,False,MT5_ONLY,ไม่มี SIM คู่ — backtest ไม่เจอ pattern นี้,[sl 4140.40],,-589.0
,2026-08-05 12:46:13,,2026-08-05 13:23:32,,,M15,,SELL,,4134.51,4140.4,,4140.4,,4127.77,,2.0,,-1178.0,,-182696.55,M15-LTS_AHR_246,568593557,False,MT5_ONLY,ไม่มี SIM คู่ — backtest ไม่เจอ pattern นี้,[sl 4140.40],,-589.0
,2026-08-05 12:46:19,,2026-08-05 13:23:32,,,M15,,SELL,,4134.41,4140.4,,4140.4,,4127.77,,2.0,,-1198.0,,-183894.55,M15-LTS_AHR_553,568593563,False,MT5_ONLY,ไม่มี SIM คู่ — backtest ไม่เจอ pattern นี้,[sl 4140.40],,-599.0
,2026-08-05 13:01:14,,2026-08-05 13:23:50,,,M30,,BUY,,4135.59,4141.03,,4129.06,,4141.03,,2.0,,1088.0,,-182806.55,M30-LTS_AHR_204,568596177,False,MT5_ONLY,ไม่มี SIM คู่ — backtest ไม่เจอ pattern นี้,[tp 4141.03],,544.0
,2026-08-05 13:01:17,,2026-08-05 13:23:50,,,M30,,BUY,,4135.59,4141.03,,4129.06,,4141.03,,2.0,,1088.0,,-181718.55,M30-LTS_AHR_316,568596181,False,MT5_ONLY,ไม่มี SIM คู่ — backtest ไม่เจอ pattern นี้,[tp 4141.03],,544.0
,2026-08-05 14:31:10,,2026-08-05 14:35:16,,,M15,,BUY,,4168.45,4175.28,,4161.24,,4175.28,,2.0,,1366.0,,-180352.55,M15-LTS_AHR_30,568643765,False,MT5_ONLY,ไม่มี SIM คู่ — backtest ไม่เจอ pattern นี้,[tp 4175.28],,683.0
,2026-08-05 14:31:12,,2026-08-05 14:35:16,,,M15,,BUY,,4168.93,4175.28,,4161.24,,4175.28,,2.0,,1270.0,,-179082.55,M15-LTS_AHR_166,568643791,False,MT5_ONLY,ไม่มี SIM คู่ — backtest ไม่เจอ pattern นี้,[tp 4175.28],,635.0
,2026-08-05 14:31:13,,2026-08-05 14:35:16,,,M15,,BUY,,4168.45,4175.28,,4161.24,,4175.28,,2.0,,1366.0,,-177716.55,M15-LTS_AHR_253,568643801,False,MT5_ONLY,ไม่มี SIM คู่ — backtest ไม่เจอ pattern นี้,[tp 4175.28],,683.0
,2026-08-05 14:31:16,,2026-08-05 14:35:16,,,M15,,BUY,,4168.67,4175.28,,4161.24,,4175.28,,2.0,,1322.0,,-176394.55,M15-LTS_AHR_471,568643820,False,MT5_ONLY,ไม่มี SIM คู่ — backtest ไม่เจอ pattern นี้,[tp 4175.28],,661.0
,2026-08-05 14:31:18,,2026-08-05 14:35:16,,,M15,,BUY,,4168.77,4175.28,,4161.24,,4175.28,,2.0,,1302.0,,-175092.55,M15-LTS_AHR_568,568643826,False,MT5_ONLY,ไม่มี SIM คู่ — backtest ไม่เจอ pattern นี้,[tp 4175.28],,651.0
