entry_time,exit_time,direction,entry,sl,tp,outcome,profit,pattern,reason
2026-07-14 23:07:00,2026-07-15 00:01:00,SELL,4061.55,,,REV,-9.2,S427 SELL Open Close Cross,OCC SMMA8 altTFx3 ATR=n/a
2026-07-15 00:01:00,2026-07-15 00:07:00,BUY,4062.27,,,REV,-44.5,S427 BUY Open Close Cross,OCC SMMA8 altTFx3 ATR=n/a
2026-07-15 00:07:00,2026-07-15 00:25:00,SELL,4058.02,,,REV,-30.4,S427 SELL Open Close Cross,OCC SMMA8 altTFx3 ATR=n/a
2026-07-15 00:25:00,2026-07-15 00:43:00,BUY,4060.86,,,REV,-9.8,S427 BUY Open Close Cross,OCC SMMA8 altTFx3 ATR=n/a
2026-07-15 00:43:00,2026-07-15 00:52:00,SELL,4060.08,,,REV,-32.4,S427 SELL Open Close Cross,OCC SMMA8 altTFx3 ATR=n/a
2026-07-15 00:52:00,2026-07-15 01:04:00,BUY,4063.12,,,REV,-21.5,S427 BUY Open Close Cross,OCC SMMA8 altTFx3 ATR=n/a
2026-07-15 01:04:00,2026-07-15 01:16:00,SELL,4061.17,,,REV,-10.5,S427 SELL Open Close Cross,OCC SMMA8 altTFx3 ATR=n/a
2026-07-15 01:16:00,2026-07-15 01:22:00,BUY,4062.02,,,REV,-19.1,S427 BUY Open Close Cross,OCC SMMA8 altTFx3 ATR=n/a
2026-07-15 01:22:00,2026-07-15 02:01:00,SELL,4060.31,,,REV,56.7,S427 SELL Open Close Cross,OCC SMMA8 altTFx3 ATR=n/a
2026-07-15 02:01:00,2026-07-15 02:07:00,BUY,4054.44,,,REV,-11.4,S427 BUY Open Close Cross,OCC SMMA8 altTFx3 ATR=n/a
2026-07-15 02:07:00,2026-07-15 02:13:00,SELL,4053.5,,,REV,-32.4,S427 SELL Open Close Cross,OCC SMMA8 altTFx3 ATR=n/a
2026-07-15 02:13:00,2026-07-15 02:25:00,BUY,4056.54,,,REV,-41.5,S427 BUY Open Close Cross,OCC SMMA8 altTFx3 ATR=n/a
2026-07-15 02:25:00,2026-07-15 02:46:00,SELL,4052.59,,,REV,-14.3,S427 SELL Open Close Cross,OCC SMMA8 altTFx3 ATR=n/a
2026-07-15 02:46:00,2026-07-15 02:52:00,BUY,4053.82,,,REV,-21.3,S427 BUY Open Close Cross,OCC SMMA8 altTFx3 ATR=n/a
2026-07-15 02:52:00,2026-07-15 02:55:00,SELL,4051.89,,,REV,-37.9,S427 SELL Open Close Cross,OCC SMMA8 altTFx3 ATR=n/a
2026-07-15 02:55:00,2026-07-15 03:16:00,BUY,4055.48,,,REV,-11.6,S427 BUY Open Close Cross,OCC SMMA8 altTFx3 ATR=n/a
2026-07-15 03:16:00,2026-07-15 03:19:00,SELL,4054.52,,,REV,7.2,S427 SELL Open Close Cross,OCC SMMA8 altTFx3 ATR=n/a
2026-07-15 03:19:00,2026-07-15 03:22:00,BUY,4053.6,,,REV,-7.0,S427 BUY Open Close Cross,OCC SMMA8 altTFx3 ATR=n/a
2026-07-15 03:22:00,2026-07-15 03:28:00,SELL,4053.1,,,REV,-1.8,S427 SELL Open Close Cross,OCC SMMA8 altTFx3 ATR=n/a
2026-07-15 03:28:00,2026-07-15 03:31:00,BUY,4053.08,,,REV,-0.7,S427 BUY Open Close Cross,OCC SMMA8 altTFx3 ATR=n/a
2026-07-15 03:31:00,2026-07-15 03:55:00,SELL,4053.21,,,REV,8.3,S427 SELL Open Close Cross,OCC SMMA8 altTFx3 ATR=n/a
2026-07-15 03:55:00,2026-07-15 05:10:00,BUY,4052.18,,,REV,-5.9,S427 BUY Open Close Cross,OCC SMMA8 altTFx3 ATR=n/a
2026-07-15 05:10:00,2026-07-15 05:31:00,SELL,4051.79,,,REV,-2.2,S427 SELL Open Close Cross,OCC SMMA8 altTFx3 ATR=n/a
2026-07-15 05:31:00,2026-07-15 05:40:00,BUY,4051.81,,,REV,-11.6,S427 BUY Open Close Cross,OCC SMMA8 altTFx3 ATR=n/a
2026-07-15 05:40:00,2026-07-15 06:25:00,SELL,4050.85,,,REV,9.3,S427 SELL Open Close Cross,OCC SMMA8 altTFx3 ATR=n/a
2026-07-15 06:25:00,2026-07-15 07:16:00,BUY,4049.72,,,REV,29.8,S427 BUY Open Close Cross,OCC SMMA8 altTFx3 ATR=n/a
2026-07-15 07:16:00,2026-07-15 07:22:00,SELL,4052.9,,,REV,-2.7,S427 SELL Open Close Cross,OCC SMMA8 altTFx3 ATR=n/a
2026-07-15 07:22:00,2026-07-15 07:43:00,BUY,4052.97,,,REV,8.3,S427 BUY Open Close Cross,OCC SMMA8 altTFx3 ATR=n/a
2026-07-15 07:43:00,2026-07-15 07:46:00,SELL,4054.0,,,REV,-20.6,S427 SELL Open Close Cross,OCC SMMA8 altTFx3 ATR=n/a
2026-07-15 07:46:00,2026-07-15 08:07:00,BUY,4055.86,,,REV,37.1,S427 BUY Open Close Cross,OCC SMMA8 altTFx3 ATR=n/a
2026-07-15 08:07:00,2026-07-15 08:10:00,SELL,4059.77,,,REV,31.2,S427 SELL Open Close Cross,OCC SMMA8 altTFx3 ATR=n/a
2026-07-15 08:10:00,2026-07-15 08:16:00,BUY,4056.45,,,REV,1.0,S427 BUY Open Close Cross,OCC SMMA8 altTFx3 ATR=n/a
2026-07-15 08:16:00,2026-07-15 08:28:00,SELL,4056.75,,,REV,3.4,S427 SELL Open Close Cross,OCC SMMA8 altTFx3 ATR=n/a
2026-07-15 08:28:00,2026-07-15 08:31:00,BUY,4056.21,,,REV,-40.2,S427 BUY Open Close Cross,OCC SMMA8 altTFx3 ATR=n/a
2026-07-15 08:31:00,2026-07-15 09:37:00,SELL,4052.39,,,REV,152.6,S427 SELL Open Close Cross,OCC SMMA8 altTFx3 ATR=n/a
2026-07-15 09:37:00,2026-07-15 09:52:00,BUY,4036.93,,,REV,-8.2,S427 BUY Open Close Cross,OCC SMMA8 altTFx3 ATR=n/a
2026-07-15 09:52:00,2026-07-15 09:58:00,SELL,4036.31,,,REV,-26.0,S427 SELL Open Close Cross,OCC SMMA8 altTFx3 ATR=n/a
2026-07-15 09:58:00,2026-07-15 10:01:00,BUY,4038.71,,,REV,-27.7,S427 BUY Open Close Cross,OCC SMMA8 altTFx3 ATR=n/a
2026-07-15 10:01:00,2026-07-15 10:04:00,SELL,4036.14,,,REV,-20.4,S427 SELL Open Close Cross,OCC SMMA8 altTFx3 ATR=n/a
2026-07-15 10:04:00,2026-07-15 10:10:00,BUY,4037.98,,,REV,-14.5,S427 BUY Open Close Cross,OCC SMMA8 altTFx3 ATR=n/a
2026-07-15 10:10:00,2026-07-15 10:37:00,SELL,4036.73,,,REV,12.5,S427 SELL Open Close Cross,OCC SMMA8 altTFx3 ATR=n/a
2026-07-15 10:37:00,2026-07-15 10:43:00,BUY,4035.28,,,REV,-70.1,S427 BUY Open Close Cross,OCC SMMA8 altTFx3 ATR=n/a
2026-07-15 10:43:00,2026-07-15 10:52:00,SELL,4028.47,,,REV,-37.6,S427 SELL Open Close Cross,OCC SMMA8 altTFx3 ATR=n/a
2026-07-15 10:52:00,2026-07-15 10:55:00,BUY,4032.03,,,REV,-10.1,S427 BUY Open Close Cross,OCC SMMA8 altTFx3 ATR=n/a
2026-07-15 10:55:00,2026-07-15 11:13:00,SELL,4031.22,,,REV,-16.5,S427 SELL Open Close Cross,OCC SMMA8 altTFx3 ATR=n/a
2026-07-15 11:13:00,2026-07-15 11:16:00,BUY,4032.67,,,REV,-15.6,S427 BUY Open Close Cross,OCC SMMA8 altTFx3 ATR=n/a
2026-07-15 11:16:00,2026-07-15 11:19:00,SELL,4031.31,,,REV,-25.4,S427 SELL Open Close Cross,OCC SMMA8 altTFx3 ATR=n/a
2026-07-15 11:19:00,2026-07-15 11:37:00,BUY,4033.65,,,REV,-12.0,S427 BUY Open Close Cross,OCC SMMA8 altTFx3 ATR=n/a
2026-07-15 11:37:00,2026-07-15 11:49:00,SELL,4032.65,,,REV,-7.1,S427 SELL Open Close Cross,OCC SMMA8 altTFx3 ATR=n/a
2026-07-15 11:49:00,2026-07-15 11:58:00,BUY,4033.16,,,REV,-15.0,S427 BUY Open Close Cross,OCC SMMA8 altTFx3 ATR=n/a
2026-07-15 11:58:00,2026-07-15 12:01:00,SELL,4031.86,,,REV,-38.9,S427 SELL Open Close Cross,OCC SMMA8 altTFx3 ATR=n/a
2026-07-15 12:01:00,2026-07-15 12:07:00,BUY,4035.55,,,REV,-52.3,S427 BUY Open Close Cross,OCC SMMA8 altTFx3 ATR=n/a
2026-07-15 12:07:00,2026-07-15 12:40:00,SELL,4030.52,,,REV,-11.7,S427 SELL Open Close Cross,OCC SMMA8 altTFx3 ATR=n/a
2026-07-15 12:40:00,2026-07-15 12:49:00,BUY,4031.49,,,REV,-22.8,S427 BUY Open Close Cross,OCC SMMA8 altTFx3 ATR=n/a
2026-07-15 12:49:00,2026-07-15 12:55:00,SELL,4029.41,,,REV,-12.8,S427 SELL Open Close Cross,OCC SMMA8 altTFx3 ATR=n/a
2026-07-15 12:55:00,2026-07-15 13:07:00,BUY,4030.49,,,REV,-13.3,S427 BUY Open Close Cross,OCC SMMA8 altTFx3 ATR=n/a
2026-07-15 13:07:00,2026-07-15 13:28:00,SELL,4029.36,,,REV,20.7,S427 SELL Open Close Cross,OCC SMMA8 altTFx3 ATR=n/a
2026-07-15 13:28:00,2026-07-15 13:31:00,BUY,4027.09,,,REV,-28.9,S427 BUY Open Close Cross,OCC SMMA8 altTFx3 ATR=n/a
2026-07-15 13:31:00,2026-07-15 13:37:00,SELL,4024.4,,,REV,-49.4,S427 SELL Open Close Cross,OCC SMMA8 altTFx3 ATR=n/a
2026-07-15 13:37:00,2026-07-15 14:10:00,BUY,4029.14,,,REV,1.1,S427 BUY Open Close Cross,OCC SMMA8 altTFx3 ATR=n/a
2026-07-15 14:10:00,2026-07-15 15:07:00,SELL,4029.45,,,REV,48.0,S427 SELL Open Close Cross,OCC SMMA8 altTFx3 ATR=n/a
2026-07-15 15:07:00,2026-07-15 15:10:00,BUY,4024.45,,,REV,-21.8,S427 BUY Open Close Cross,OCC SMMA8 altTFx3 ATR=n/a
2026-07-15 15:10:00,2026-07-15 15:22:00,SELL,4022.47,,,REV,-14.3,S427 SELL Open Close Cross,OCC SMMA8 altTFx3 ATR=n/a
2026-07-15 15:22:00,2026-07-15 15:25:00,BUY,4023.7,,,REV,6.6,S427 BUY Open Close Cross,OCC SMMA8 altTFx3 ATR=n/a
2026-07-15 15:25:00,2026-07-15 15:28:00,SELL,4024.56,,,REV,5.0,S427 SELL Open Close Cross,OCC SMMA8 altTFx3 ATR=n/a
2026-07-15 15:28:00,2026-07-15 16:19:00,BUY,4023.86,,,REV,67.5,S427 BUY Open Close Cross,OCC SMMA8 altTFx3 ATR=n/a
2026-07-15 16:19:00,2026-07-15 16:22:00,SELL,4030.81,,,REV,-11.1,S427 SELL Open Close Cross,OCC SMMA8 altTFx3 ATR=n/a
2026-07-15 16:22:00,2026-07-15 16:25:00,BUY,4031.72,,,REV,-20.3,S427 BUY Open Close Cross,OCC SMMA8 altTFx3 ATR=n/a
2026-07-15 16:25:00,2026-07-15 17:01:00,SELL,4029.89,,,REV,2.9,S427 SELL Open Close Cross,OCC SMMA8 altTFx3 ATR=n/a
2026-07-15 17:01:00,2026-07-15 17:25:00,BUY,4029.4,,,REV,-2.3,S427 BUY Open Close Cross,OCC SMMA8 altTFx3 ATR=n/a
2026-07-15 17:25:00,2026-07-15 17:34:00,SELL,4029.37,,,REV,-15.9,S427 SELL Open Close Cross,OCC SMMA8 altTFx3 ATR=n/a
2026-07-15 17:34:00,2026-07-15 17:49:00,BUY,4030.76,,,REV,-24.8,S427 BUY Open Close Cross,OCC SMMA8 altTFx3 ATR=n/a
2026-07-15 17:49:00,2026-07-15 18:04:00,SELL,4028.48,,,REV,-16.1,S427 SELL Open Close Cross,OCC SMMA8 altTFx3 ATR=n/a
2026-07-15 18:04:00,2026-07-15 18:19:00,BUY,4029.89,,,REV,-4.5,S427 BUY Open Close Cross,OCC SMMA8 altTFx3 ATR=n/a
2026-07-15 18:19:00,2026-07-15 18:31:00,SELL,4029.64,,,REV,-4.7,S427 SELL Open Close Cross,OCC SMMA8 altTFx3 ATR=n/a
2026-07-15 18:31:00,2026-07-15 20:25:00,BUY,4029.91,,,REV,316.8,S427 BUY Open Close Cross,OCC SMMA8 altTFx3 ATR=n/a
2026-07-15 20:25:00,2026-07-15 20:40:00,SELL,4061.79,,,REV,3.7,S427 SELL Open Close Cross,OCC SMMA8 altTFx3 ATR=n/a
2026-07-15 20:40:00,2026-07-15 20:49:00,BUY,4061.22,,,REV,-46.4,S427 BUY Open Close Cross,OCC SMMA8 altTFx3 ATR=n/a
2026-07-15 20:49:00,2026-07-15 20:58:00,SELL,4056.78,,,REV,-80.4,S427 SELL Open Close Cross,OCC SMMA8 altTFx3 ATR=n/a
2026-07-15 20:58:00,2026-07-15 21:19:00,BUY,4064.62,,,REV,-35.4,S427 BUY Open Close Cross,OCC SMMA8 altTFx3 ATR=n/a
2026-07-15 21:19:00,2026-07-15 21:37:00,SELL,4061.28,,,REV,-13.9,S427 SELL Open Close Cross,OCC SMMA8 altTFx3 ATR=n/a
2026-07-15 21:37:00,2026-07-15 21:46:00,BUY,4062.47,,,REV,-79.8,S427 BUY Open Close Cross,OCC SMMA8 altTFx3 ATR=n/a
2026-07-15 21:46:00,2026-07-15 22:01:00,SELL,4054.69,,,REV,-72.5,S427 SELL Open Close Cross,OCC SMMA8 altTFx3 ATR=n/a
2026-07-15 22:01:00,2026-07-15 22:07:00,BUY,4061.74,,,REV,-42.6,S427 BUY Open Close Cross,OCC SMMA8 altTFx3 ATR=n/a
2026-07-15 22:07:00,2026-07-15 22:43:00,SELL,4057.68,,,REV,82.7,S427 SELL Open Close Cross,OCC SMMA8 altTFx3 ATR=n/a
2026-07-15 22:43:00,2026-07-15 22:46:00,BUY,4049.21,,,REV,-10.5,S427 BUY Open Close Cross,OCC SMMA8 altTFx3 ATR=n/a
2026-07-15 22:46:00,2026-07-15 23:52:00,SELL,4048.36,,,REV,128.5,S427 SELL Open Close Cross,OCC SMMA8 altTFx3 ATR=n/a
2026-07-15 23:52:00,2026-07-15 23:58:00,BUY,4035.31,,,REV,-48.7,S427 BUY Open Close Cross,OCC SMMA8 altTFx3 ATR=n/a
2026-07-15 23:58:00,2026-07-16 00:04:00,SELL,4030.64,,,REV,-77.3,S427 SELL Open Close Cross,OCC SMMA8 altTFx3 ATR=n/a
2026-07-16 00:04:00,2026-07-16 00:16:00,BUY,4038.17,,,REV,-48.3,S427 BUY Open Close Cross,OCC SMMA8 altTFx3 ATR=n/a
2026-07-16 00:16:00,2026-07-16 00:25:00,SELL,4033.54,,,REV,-44.9,S427 SELL Open Close Cross,OCC SMMA8 altTFx3 ATR=n/a
2026-07-16 00:25:00,2026-07-16 01:46:00,BUY,4037.83,,,REV,297.9,S427 BUY Open Close Cross,OCC SMMA8 altTFx3 ATR=n/a
2026-07-16 01:46:00,2026-07-16 03:01:00,SELL,4067.82,,,REV,121.6,S427 SELL Open Close Cross,OCC SMMA8 altTFx3 ATR=n/a
2026-07-16 03:01:00,2026-07-16 05:07:00,BUY,4055.46,,,REV,75.2,S427 BUY Open Close Cross,OCC SMMA8 altTFx3 ATR=n/a
2026-07-16 05:07:00,2026-07-16 05:10:00,SELL,4063.18,,,REV,-4.1,S427 SELL Open Close Cross,OCC SMMA8 altTFx3 ATR=n/a
2026-07-16 05:10:00,2026-07-16 05:16:00,BUY,4063.39,,,REV,-3.9,S427 BUY Open Close Cross,OCC SMMA8 altTFx3 ATR=n/a
2026-07-16 05:16:00,2026-07-16 05:19:00,SELL,4063.2,,,REV,0.8,S427 SELL Open Close Cross,OCC SMMA8 altTFx3 ATR=n/a
2026-07-16 05:19:00,2026-07-16 05:22:00,BUY,4062.92,,,REV,0.8,S427 BUY Open Close Cross,OCC SMMA8 altTFx3 ATR=n/a
2026-07-16 05:22:00,2026-07-16 06:10:00,SELL,4063.2,,,REV,15.6,S427 SELL Open Close Cross,OCC SMMA8 altTFx3 ATR=n/a
2026-07-16 06:10:00,2026-07-16 06:13:00,BUY,4061.44,,,REV,-13.8,S427 BUY Open Close Cross,OCC SMMA8 altTFx3 ATR=n/a
2026-07-16 06:13:00,2026-07-16 06:49:00,SELL,4060.26,,,REV,29.1,S427 SELL Open Close Cross,OCC SMMA8 altTFx3 ATR=n/a
2026-07-16 06:49:00,2026-07-16 06:55:00,BUY,4057.15,,,REV,8.2,S427 BUY Open Close Cross,OCC SMMA8 altTFx3 ATR=n/a
2026-07-16 06:55:00,2026-07-16 06:58:00,SELL,4058.17,,,REV,-13.1,S427 SELL Open Close Cross,OCC SMMA8 altTFx3 ATR=n/a
2026-07-16 06:58:00,2026-07-16 07:01:00,BUY,4059.28,,,REV,-17.5,S427 BUY Open Close Cross,OCC SMMA8 altTFx3 ATR=n/a
2026-07-16 07:01:00,2026-07-16 07:04:00,SELL,4057.73,,,REV,5.1,S427 SELL Open Close Cross,OCC SMMA8 altTFx3 ATR=n/a
2026-07-16 07:04:00,2026-07-16 07:07:00,BUY,4057.02,,,REV,-1.8,S427 BUY Open Close Cross,OCC SMMA8 altTFx3 ATR=n/a
2026-07-16 07:07:00,2026-07-16 07:25:00,SELL,4057.04,,,REV,-16.8,S427 SELL Open Close Cross,OCC SMMA8 altTFx3 ATR=n/a
2026-07-16 07:25:00,2026-07-16 07:43:00,BUY,4058.52,,,REV,-18.5,S427 BUY Open Close Cross,OCC SMMA8 altTFx3 ATR=n/a
2026-07-16 07:43:00,2026-07-16 07:49:00,SELL,4056.87,,,REV,-16.3,S427 SELL Open Close Cross,OCC SMMA8 altTFx3 ATR=n/a
2026-07-16 07:49:00,2026-07-16 07:55:00,BUY,4058.3,,,REV,-49.7,S427 BUY Open Close Cross,OCC SMMA8 altTFx3 ATR=n/a
2026-07-16 07:55:00,2026-07-16 08:43:00,SELL,4053.53,,,REV,98.9,S427 SELL Open Close Cross,OCC SMMA8 altTFx3 ATR=n/a
2026-07-16 08:43:00,2026-07-16 08:46:00,BUY,4043.44,,,REV,-20.7,S427 BUY Open Close Cross,OCC SMMA8 altTFx3 ATR=n/a
2026-07-16 08:46:00,2026-07-16 09:58:00,SELL,4041.57,,,REV,93.1,S427 SELL Open Close Cross,OCC SMMA8 altTFx3 ATR=n/a
2026-07-16 09:58:00,2026-07-16 10:13:00,BUY,4032.06,,,REV,-14.5,S427 BUY Open Close Cross,OCC SMMA8 altTFx3 ATR=n/a
2026-07-16 10:13:00,2026-07-16 10:28:00,SELL,4030.81,,,REV,-26.4,S427 SELL Open Close Cross,OCC SMMA8 altTFx3 ATR=n/a
2026-07-16 10:28:00,2026-07-16 11:07:00,BUY,4033.25,,,REV,-1.1,S427 BUY Open Close Cross,OCC SMMA8 altTFx3 ATR=n/a
2026-07-16 11:07:00,2026-07-16 11:13:00,SELL,4033.34,,,REV,-20.0,S427 SELL Open Close Cross,OCC SMMA8 altTFx3 ATR=n/a
2026-07-16 11:13:00,2026-07-16 11:19:00,BUY,4035.14,,,REV,-15.8,S427 BUY Open Close Cross,OCC SMMA8 altTFx3 ATR=n/a
2026-07-16 11:19:00,2026-07-16 11:22:00,SELL,4033.76,,,REV,-17.0,S427 SELL Open Close Cross,OCC SMMA8 altTFx3 ATR=n/a
2026-07-16 11:22:00,2026-07-16 11:25:00,BUY,4035.26,,,REV,-19.6,S427 BUY Open Close Cross,OCC SMMA8 altTFx3 ATR=n/a
2026-07-16 11:25:00,2026-07-16 11:49:00,SELL,4033.5,,,REV,-17.5,S427 SELL Open Close Cross,OCC SMMA8 altTFx3 ATR=n/a
2026-07-16 11:49:00,2026-07-16 12:01:00,BUY,4035.05,,,REV,-15.9,S427 BUY Open Close Cross,OCC SMMA8 altTFx3 ATR=n/a
2026-07-16 12:01:00,2026-07-16 12:34:00,SELL,4033.66,,,REV,30.0,S427 SELL Open Close Cross,OCC SMMA8 altTFx3 ATR=n/a
2026-07-16 12:34:00,2026-07-16 12:37:00,BUY,4030.46,,,REV,0.4,S427 BUY Open Close Cross,OCC SMMA8 altTFx3 ATR=n/a
2026-07-16 12:37:00,2026-07-16 12:46:00,SELL,4030.7,,,REV,-5.3,S427 SELL Open Close Cross,OCC SMMA8 altTFx3 ATR=n/a
2026-07-16 12:46:00,2026-07-16 12:49:00,BUY,4031.03,,,REV,-21.5,S427 BUY Open Close Cross,OCC SMMA8 altTFx3 ATR=n/a
2026-07-16 12:49:00,2026-07-16 13:04:00,SELL,4029.08,,,REV,-37.0,S427 SELL Open Close Cross,OCC SMMA8 altTFx3 ATR=n/a
2026-07-16 13:04:00,2026-07-16 13:19:00,BUY,4032.58,,,REV,-37.0,S427 BUY Open Close Cross,OCC SMMA8 altTFx3 ATR=n/a
2026-07-16 13:19:00,2026-07-16 13:28:00,SELL,4029.08,,,REV,-25.8,S427 SELL Open Close Cross,OCC SMMA8 altTFx3 ATR=n/a
2026-07-16 13:28:00,2026-07-16 13:31:00,BUY,4031.46,,,REV,-20.4,S427 BUY Open Close Cross,OCC SMMA8 altTFx3 ATR=n/a
2026-07-16 13:31:00,2026-07-16 13:55:00,SELL,4029.62,,,REV,-8.5,S427 SELL Open Close Cross,OCC SMMA8 altTFx3 ATR=n/a
2026-07-16 13:55:00,2026-07-16 14:10:00,BUY,4030.27,,,REV,-8.7,S427 BUY Open Close Cross,OCC SMMA8 altTFx3 ATR=n/a
2026-07-16 14:10:00,2026-07-16 14:43:00,SELL,4029.6,,,REV,23.1,S427 SELL Open Close Cross,OCC SMMA8 altTFx3 ATR=n/a
2026-07-16 14:43:00,2026-07-16 14:46:00,BUY,4027.09,,,REV,12.9,S427 BUY Open Close Cross,OCC SMMA8 altTFx3 ATR=n/a
2026-07-16 14:46:00,2026-07-16 14:49:00,SELL,4028.58,,,REV,-25.5,S427 SELL Open Close Cross,OCC SMMA8 altTFx3 ATR=n/a
2026-07-16 14:49:00,2026-07-16 15:13:00,BUY,4030.93,,,REV,-36.6,S427 BUY Open Close Cross,OCC SMMA8 altTFx3 ATR=n/a
2026-07-16 15:13:00,2026-07-16 15:19:00,SELL,4027.47,,,REV,-6.7,S427 SELL Open Close Cross,OCC SMMA8 altTFx3 ATR=n/a
2026-07-16 15:19:00,2026-07-16 16:25:00,BUY,4027.94,,,REV,45.5,S427 BUY Open Close Cross,OCC SMMA8 altTFx3 ATR=n/a
2026-07-16 16:25:00,2026-07-16 16:37:00,SELL,4032.69,,,REV,-9.0,S427 SELL Open Close Cross,OCC SMMA8 altTFx3 ATR=n/a
2026-07-16 16:37:00,2026-07-16 16:40:00,BUY,4033.39,,,REV,-3.6,S427 BUY Open Close Cross,OCC SMMA8 altTFx3 ATR=n/a
2026-07-16 16:40:00,2026-07-16 16:46:00,SELL,4033.23,,,REV,12.3,S427 SELL Open Close Cross,OCC SMMA8 altTFx3 ATR=n/a
2026-07-16 16:46:00,2026-07-16 16:49:00,BUY,4031.8,,,REV,18.3,S427 BUY Open Close Cross,OCC SMMA8 altTFx3 ATR=n/a
2026-07-16 16:49:00,2026-07-16 16:55:00,SELL,4033.83,,,REV,-23.3,S427 SELL Open Close Cross,OCC SMMA8 altTFx3 ATR=n/a
2026-07-16 16:55:00,2026-07-16 16:58:00,BUY,4035.96,,,REV,-31.0,S427 BUY Open Close Cross,OCC SMMA8 altTFx3 ATR=n/a
2026-07-16 16:58:00,2026-07-16 17:22:00,SELL,4033.06,,,REV,-3.0,S427 SELL Open Close Cross,OCC SMMA8 altTFx3 ATR=n/a
2026-07-16 17:22:00,2026-07-16 17:49:00,BUY,4033.16,,,REV,-12.0,S427 BUY Open Close Cross,OCC SMMA8 altTFx3 ATR=n/a
2026-07-16 17:49:00,2026-07-16 18:37:00,SELL,4032.16,,,REV,8.7,S427 SELL Open Close Cross,OCC SMMA8 altTFx3 ATR=n/a
2026-07-16 18:37:00,2026-07-16 19:10:00,BUY,4031.09,,,REV,20.7,S427 BUY Open Close Cross,OCC SMMA8 altTFx3 ATR=n/a
2026-07-16 19:10:00,2026-07-16 20:28:00,SELL,4033.36,,,REV,301.8,S427 SELL Open Close Cross,OCC SMMA8 altTFx3 ATR=n/a
2026-07-16 20:28:00,2026-07-16 20:37:00,BUY,4002.98,,,REV,-145.9,S427 BUY Open Close Cross,OCC SMMA8 altTFx3 ATR=n/a
2026-07-16 20:37:00,2026-07-16 20:52:00,SELL,3988.59,,,REV,-53.4,S427 SELL Open Close Cross,OCC SMMA8 altTFx3 ATR=n/a
2026-07-16 20:52:00,2026-07-16 20:58:00,BUY,3993.73,,,REV,-54.6,S427 BUY Open Close Cross,OCC SMMA8 altTFx3 ATR=n/a
2026-07-16 20:58:00,2026-07-16 21:04:00,SELL,3988.47,,,REV,-64.9,S427 SELL Open Close Cross,OCC SMMA8 altTFx3 ATR=n/a
2026-07-16 21:04:00,2026-07-16 21:10:00,BUY,3994.76,,,REV,-21.1,S427 BUY Open Close Cross,OCC SMMA8 altTFx3 ATR=n/a
2026-07-16 21:10:00,2026-07-16 21:19:00,SELL,3992.85,,,REV,-36.5,S427 SELL Open Close Cross,OCC SMMA8 altTFx3 ATR=n/a
2026-07-16 21:19:00,2026-07-16 21:25:00,BUY,3996.3,,,REV,-42.0,S427 BUY Open Close Cross,OCC SMMA8 altTFx3 ATR=n/a
2026-07-16 21:25:00,2026-07-16 21:28:00,SELL,3992.3,,,REV,-62.9,S427 SELL Open Close Cross,OCC SMMA8 altTFx3 ATR=n/a
2026-07-16 21:28:00,2026-07-16 21:52:00,BUY,3998.39,,,REV,-0.2,S427 BUY Open Close Cross,OCC SMMA8 altTFx3 ATR=n/a
2026-07-16 21:52:00,2026-07-16 22:19:00,SELL,3998.57,,,REV,3.8,S427 SELL Open Close Cross,OCC SMMA8 altTFx3 ATR=n/a
2026-07-16 22:19:00,2026-07-16 22:58:00,BUY,3997.99,,,REV,79.6,S427 BUY Open Close Cross,OCC SMMA8 altTFx3 ATR=n/a
2026-07-16 22:58:00,2026-07-16 23:52:00,SELL,4006.15,,,REV,106.2,S427 SELL Open Close Cross,OCC SMMA8 altTFx3 ATR=n/a
2026-07-16 23:52:00,2026-07-17 00:01:00,BUY,3995.33,,,REV,-53.6,S427 BUY Open Close Cross,OCC SMMA8 altTFx3 ATR=n/a
2026-07-17 00:01:00,2026-07-17 00:55:00,SELL,3990.17,,,REV,34.1,S427 SELL Open Close Cross,OCC SMMA8 altTFx3 ATR=n/a
2026-07-17 00:55:00,2026-07-17 01:01:00,BUY,3986.56,,,REV,-8.3,S427 BUY Open Close Cross,OCC SMMA8 altTFx3 ATR=n/a
2026-07-17 01:01:00,2026-07-17 01:04:00,SELL,3985.93,,,REV,-5.1,S427 SELL Open Close Cross,OCC SMMA8 altTFx3 ATR=n/a
2026-07-17 01:04:00,2026-07-17 01:07:00,BUY,3986.24,,,REV,-18.8,S427 BUY Open Close Cross,OCC SMMA8 altTFx3 ATR=n/a
2026-07-17 01:07:00,2026-07-17 01:10:00,SELL,3984.56,,,REV,-28.6,S427 SELL Open Close Cross,OCC SMMA8 altTFx3 ATR=n/a
2026-07-17 01:10:00,2026-07-17 01:16:00,BUY,3987.22,,,REV,-23.2,S427 BUY Open Close Cross,OCC SMMA8 altTFx3 ATR=n/a
2026-07-17 01:16:00,2026-07-17 01:19:00,SELL,3985.1,,,REV,-28.6,S427 SELL Open Close Cross,OCC SMMA8 altTFx3 ATR=n/a
2026-07-17 01:19:00,2026-07-17 01:28:00,BUY,3987.76,,,REV,-16.5,S427 BUY Open Close Cross,OCC SMMA8 altTFx3 ATR=n/a
2026-07-17 01:28:00,2026-07-17 01:52:00,SELL,3986.31,,,REV,27.4,S427 SELL Open Close Cross,OCC SMMA8 altTFx3 ATR=n/a
2026-07-17 01:52:00,2026-07-17 01:55:00,BUY,3983.37,,,REV,-23.3,S427 BUY Open Close Cross,OCC SMMA8 altTFx3 ATR=n/a
2026-07-17 01:55:00,2026-07-17 02:04:00,SELL,3981.24,,,REV,-36.8,S427 SELL Open Close Cross,OCC SMMA8 altTFx3 ATR=n/a
2026-07-17 02:04:00,2026-07-17 02:10:00,BUY,3984.72,,,REV,-21.7,S427 BUY Open Close Cross,OCC SMMA8 altTFx3 ATR=n/a
2026-07-17 02:10:00,2026-07-17 02:55:00,SELL,3982.75,,,REV,10.7,S427 SELL Open Close Cross,OCC SMMA8 altTFx3 ATR=n/a
2026-07-17 02:55:00,2026-07-17 02:58:00,BUY,3981.48,,,REV,-30.7,S427 BUY Open Close Cross,OCC SMMA8 altTFx3 ATR=n/a
2026-07-17 02:58:00,2026-07-17 03:01:00,SELL,3978.61,,,REV,0.6,S427 SELL Open Close Cross,OCC SMMA8 altTFx3 ATR=n/a
2026-07-17 03:01:00,2026-07-17 03:07:00,BUY,3978.35,,,REV,-30.4,S427 BUY Open Close Cross,OCC SMMA8 altTFx3 ATR=n/a
2026-07-17 03:07:00,2026-07-17 03:40:00,SELL,3975.51,,,REV,1.9,S427 SELL Open Close Cross,OCC SMMA8 altTFx3 ATR=n/a
2026-07-17 03:40:00,2026-07-17 03:46:00,BUY,3975.12,,,REV,-1.1,S427 BUY Open Close Cross,OCC SMMA8 altTFx3 ATR=n/a
2026-07-17 03:46:00,2026-07-17 03:49:00,SELL,3975.21,,,REV,-7.3,S427 SELL Open Close Cross,OCC SMMA8 altTFx3 ATR=n/a
2026-07-17 03:49:00,2026-07-17 03:52:00,BUY,3975.74,,,REV,-8.5,S427 BUY Open Close Cross,OCC SMMA8 altTFx3 ATR=n/a
2026-07-17 03:52:00,2026-07-17 05:10:00,SELL,3975.09,,,REV,-30.0,S427 SELL Open Close Cross,OCC SMMA8 altTFx3 ATR=n/a
2026-07-17 05:10:00,2026-07-17 05:13:00,BUY,3977.89,,,REV,-10.3,S427 BUY Open Close Cross,OCC SMMA8 altTFx3 ATR=n/a
2026-07-17 05:13:00,2026-07-17 05:40:00,SELL,3977.06,,,REV,9.2,S427 SELL Open Close Cross,OCC SMMA8 altTFx3 ATR=n/a
2026-07-17 05:40:00,2026-07-17 05:43:00,BUY,3975.94,,,REV,-3.0,S427 BUY Open Close Cross,OCC SMMA8 altTFx3 ATR=n/a
2026-07-17 05:43:00,2026-07-17 05:58:00,SELL,3975.84,,,REV,-7.9,S427 SELL Open Close Cross,OCC SMMA8 altTFx3 ATR=n/a
2026-07-17 05:58:00,2026-07-17 06:34:00,BUY,3976.43,,,REV,9.2,S427 BUY Open Close Cross,OCC SMMA8 altTFx3 ATR=n/a
2026-07-17 06:34:00,2026-07-17 06:37:00,SELL,3977.55,,,REV,-20.5,S427 SELL Open Close Cross,OCC SMMA8 altTFx3 ATR=n/a
2026-07-17 06:37:00,2026-07-17 06:49:00,BUY,3979.4,,,REV,-25.1,S427 BUY Open Close Cross,OCC SMMA8 altTFx3 ATR=n/a
2026-07-17 06:49:00,2026-07-17 06:52:00,SELL,3977.09,,,REV,-32.6,S427 SELL Open Close Cross,OCC SMMA8 altTFx3 ATR=n/a
2026-07-17 06:52:00,2026-07-17 07:31:00,BUY,3980.15,,,REV,20.8,S427 BUY Open Close Cross,OCC SMMA8 altTFx3 ATR=n/a
2026-07-17 07:31:00,2026-07-17 07:40:00,SELL,3982.43,,,REV,8.3,S427 SELL Open Close Cross,OCC SMMA8 altTFx3 ATR=n/a
2026-07-17 07:40:00,2026-07-17 07:43:00,BUY,3981.4,,,REV,7.0,S427 BUY Open Close Cross,OCC SMMA8 altTFx3 ATR=n/a
2026-07-17 07:43:00,2026-07-17 07:49:00,SELL,3982.3,,,REV,-39.2,S427 SELL Open Close Cross,OCC SMMA8 altTFx3 ATR=n/a
2026-07-17 07:49:00,2026-07-17 08:28:00,BUY,3986.02,,,REV,28.7,S427 BUY Open Close Cross,OCC SMMA8 altTFx3 ATR=n/a
2026-07-17 08:28:00,2026-07-17 08:31:00,SELL,3989.09,,,REV,-15.8,S427 SELL Open Close Cross,OCC SMMA8 altTFx3 ATR=n/a
2026-07-17 08:31:00,2026-07-17 08:34:00,BUY,3990.47,,,REV,7.2,S427 BUY Open Close Cross,OCC SMMA8 altTFx3 ATR=n/a
2026-07-17 08:34:00,2026-07-17 08:37:00,SELL,3991.39,,,REV,-7.0,S427 SELL Open Close Cross,OCC SMMA8 altTFx3 ATR=n/a
2026-07-17 08:37:00,2026-07-17 08:49:00,BUY,3991.89,,,REV,-57.7,S427 BUY Open Close Cross,OCC SMMA8 altTFx3 ATR=n/a
2026-07-17 08:49:00,2026-07-17 10:04:00,SELL,3986.32,,,REV,-0.9,S427 SELL Open Close Cross,OCC SMMA8 altTFx3 ATR=n/a
2026-07-17 10:04:00,2026-07-17 10:52:00,BUY,3986.21,,,REV,81.7,S427 BUY Open Close Cross,OCC SMMA8 altTFx3 ATR=n/a
2026-07-17 10:52:00,2026-07-17 12:34:00,SELL,3994.58,,,REV,105.2,S427 SELL Open Close Cross,OCC SMMA8 altTFx3 ATR=n/a
2026-07-17 12:34:00,2026-07-17 13:01:00,BUY,3983.86,,,REV,38.1,S427 BUY Open Close Cross,OCC SMMA8 altTFx3 ATR=n/a
2026-07-17 13:01:00,2026-07-17 13:04:00,SELL,3987.87,,,REV,-23.6,S427 SELL Open Close Cross,OCC SMMA8 altTFx3 ATR=n/a
2026-07-17 13:04:00,2026-07-17 13:43:00,BUY,3990.03,,,REV,83.7,S427 BUY Open Close Cross,OCC SMMA8 altTFx3 ATR=n/a
2026-07-17 13:43:00,2026-07-17 13:49:00,SELL,3998.6,,,REV,-15.4,S427 SELL Open Close Cross,OCC SMMA8 altTFx3 ATR=n/a
2026-07-17 13:49:00,2026-07-17 13:55:00,BUY,3999.94,,,REV,-27.9,S427 BUY Open Close Cross,OCC SMMA8 altTFx3 ATR=n/a
2026-07-17 13:55:00,2026-07-17 13:58:00,SELL,3997.35,,,REV,-41.3,S427 SELL Open Close Cross,OCC SMMA8 altTFx3 ATR=n/a
2026-07-17 13:58:00,2026-07-17 14:10:00,BUY,4001.28,,,REV,-64.5,S427 BUY Open Close Cross,OCC SMMA8 altTFx3 ATR=n/a
2026-07-17 14:10:00,2026-07-17 14:19:00,SELL,3995.03,,,REV,-28.7,S427 SELL Open Close Cross,OCC SMMA8 altTFx3 ATR=n/a
2026-07-17 14:19:00,2026-07-17 14:22:00,BUY,3997.7,,,REV,-31.7,S427 BUY Open Close Cross,OCC SMMA8 altTFx3 ATR=n/a
2026-07-17 14:22:00,2026-07-17 14:28:00,SELL,3994.73,,,REV,-29.8,S427 SELL Open Close Cross,OCC SMMA8 altTFx3 ATR=n/a
2026-07-17 14:28:00,2026-07-17 14:31:00,BUY,3997.51,,,REV,-7.5,S427 BUY Open Close Cross,OCC SMMA8 altTFx3 ATR=n/a
2026-07-17 14:31:00,2026-07-17 14:34:00,SELL,3996.96,,,REV,-9.4,S427 SELL Open Close Cross,OCC SMMA8 altTFx3 ATR=n/a
2026-07-17 14:34:00,2026-07-17 14:37:00,BUY,3997.7,,,REV,-15.4,S427 BUY Open Close Cross,OCC SMMA8 altTFx3 ATR=n/a
2026-07-17 14:37:00,2026-07-17 14:46:00,SELL,3996.36,,,REV,-2.6,S427 SELL Open Close Cross,OCC SMMA8 altTFx3 ATR=n/a
2026-07-17 14:46:00,2026-07-17 14:49:00,BUY,3996.42,,,REV,2.4,S427 BUY Open Close Cross,OCC SMMA8 altTFx3 ATR=n/a
2026-07-17 14:49:00,2026-07-17 15:04:00,SELL,3996.86,,,REV,4.5,S427 SELL Open Close Cross,OCC SMMA8 altTFx3 ATR=n/a
2026-07-17 15:04:00,2026-07-17 15:13:00,BUY,3996.21,,,REV,-30.7,S427 BUY Open Close Cross,OCC SMMA8 altTFx3 ATR=n/a
2026-07-17 15:13:00,2026-07-17 15:46:00,SELL,3993.34,,,REV,5.2,S427 SELL Open Close Cross,OCC SMMA8 altTFx3 ATR=n/a
2026-07-17 15:46:00,2026-07-17 16:04:00,BUY,3992.62,,,REV,14.2,S427 BUY Open Close Cross,OCC SMMA8 altTFx3 ATR=n/a
2026-07-17 16:04:00,2026-07-17 16:07:00,SELL,3994.24,,,REV,-19.7,S427 SELL Open Close Cross,OCC SMMA8 altTFx3 ATR=n/a
2026-07-17 16:07:00,2026-07-17 16:37:00,BUY,3996.01,,,REV,4.8,S427 BUY Open Close Cross,OCC SMMA8 altTFx3 ATR=n/a
2026-07-17 16:37:00,2026-07-17 16:40:00,SELL,3996.69,,,REV,-9.3,S427 SELL Open Close Cross,OCC SMMA8 altTFx3 ATR=n/a
2026-07-17 16:40:00,2026-07-17 16:46:00,BUY,3997.42,,,REV,-17.6,S427 BUY Open Close Cross,OCC SMMA8 altTFx3 ATR=n/a
2026-07-17 16:46:00,2026-07-17 16:55:00,SELL,3995.86,,,REV,-20.8,S427 SELL Open Close Cross,OCC SMMA8 altTFx3 ATR=n/a
2026-07-17 16:55:00,2026-07-17 17:04:00,BUY,3997.74,,,REV,-19.6,S427 BUY Open Close Cross,OCC SMMA8 altTFx3 ATR=n/a
2026-07-17 17:04:00,2026-07-17 17:16:00,SELL,3995.98,,,REV,-16.8,S427 SELL Open Close Cross,OCC SMMA8 altTFx3 ATR=n/a
2026-07-17 17:16:00,2026-07-17 17:19:00,BUY,3997.46,,,REV,-21.4,S427 BUY Open Close Cross,OCC SMMA8 altTFx3 ATR=n/a
2026-07-17 17:19:00,2026-07-17 17:22:00,SELL,3995.52,,,REV,-9.7,S427 SELL Open Close Cross,OCC SMMA8 altTFx3 ATR=n/a
2026-07-17 17:22:00,2026-07-17 17:25:00,BUY,3996.29,,,REV,-12.7,S427 BUY Open Close Cross,OCC SMMA8 altTFx3 ATR=n/a
2026-07-17 17:25:00,2026-07-17 17:34:00,SELL,3995.22,,,REV,-3.3,S427 SELL Open Close Cross,OCC SMMA8 altTFx3 ATR=n/a
2026-07-17 17:34:00,2026-07-17 17:37:00,BUY,3995.35,,,REV,-2.5,S427 BUY Open Close Cross,OCC SMMA8 altTFx3 ATR=n/a
2026-07-17 17:37:00,2026-07-17 17:46:00,SELL,3995.3,,,REV,-18.0,S427 SELL Open Close Cross,OCC SMMA8 altTFx3 ATR=n/a
2026-07-17 17:46:00,2026-07-17 17:49:00,BUY,3996.9,,,REV,-6.9,S427 BUY Open Close Cross,OCC SMMA8 altTFx3 ATR=n/a
2026-07-17 17:49:00,2026-07-17 18:22:00,SELL,3996.41,,,REV,2.4,S427 SELL Open Close Cross,OCC SMMA8 altTFx3 ATR=n/a
2026-07-17 18:22:00,2026-07-17 18:25:00,BUY,3995.97,,,REV,-25.1,S427 BUY Open Close Cross,OCC SMMA8 altTFx3 ATR=n/a
2026-07-17 18:25:00,2026-07-17 18:28:00,SELL,3993.66,,,REV,-13.8,S427 SELL Open Close Cross,OCC SMMA8 altTFx3 ATR=n/a
2026-07-17 18:28:00,2026-07-17 18:34:00,BUY,3994.84,,,REV,-30.2,S427 BUY Open Close Cross,OCC SMMA8 altTFx3 ATR=n/a
2026-07-17 18:34:00,2026-07-17 18:43:00,SELL,3992.02,,,REV,-11.9,S427 SELL Open Close Cross,OCC SMMA8 altTFx3 ATR=n/a
2026-07-17 18:43:00,2026-07-17 18:46:00,BUY,3993.01,,,REV,-3.6,S427 BUY Open Close Cross,OCC SMMA8 altTFx3 ATR=n/a
2026-07-17 18:46:00,2026-07-17 18:49:00,SELL,3992.85,,,REV,-23.5,S427 SELL Open Close Cross,OCC SMMA8 altTFx3 ATR=n/a
2026-07-17 18:49:00,2026-07-17 19:07:00,BUY,3995.0,,,REV,-60.2,S427 BUY Open Close Cross,OCC SMMA8 altTFx3 ATR=n/a
2026-07-17 19:07:00,2026-07-17 20:22:00,SELL,3989.18,,,REV,175.5,S427 SELL Open Close Cross,OCC SMMA8 altTFx3 ATR=n/a
2026-07-17 20:22:00,2026-07-17 20:25:00,BUY,3971.43,,,REV,-18.3,S427 BUY Open Close Cross,OCC SMMA8 altTFx3 ATR=n/a
2026-07-17 20:25:00,2026-07-17 20:40:00,SELL,3969.8,,,REV,-241.8,S427 SELL Open Close Cross,OCC SMMA8 altTFx3 ATR=n/a
2026-07-17 20:40:00,2026-07-17 21:34:00,BUY,3993.78,,,REV,-3.5,S427 BUY Open Close Cross,OCC SMMA8 altTFx3 ATR=n/a
2026-07-17 21:34:00,2026-07-17 21:37:00,SELL,3993.63,,,REV,-17.3,S427 SELL Open Close Cross,OCC SMMA8 altTFx3 ATR=n/a
2026-07-17 21:37:00,2026-07-17 21:55:00,BUY,3995.16,,,REV,-11.6,S427 BUY Open Close Cross,OCC SMMA8 altTFx3 ATR=n/a
2026-07-17 21:55:00,2026-07-17 21:58:00,SELL,3994.2,,,REV,-60.5,S427 SELL Open Close Cross,OCC SMMA8 altTFx3 ATR=n/a
2026-07-17 21:58:00,2026-07-17 23:04:00,BUY,4000.05,,,REV,134.8,S427 BUY Open Close Cross,OCC SMMA8 altTFx3 ATR=n/a
2026-07-17 23:04:00,2026-07-17 23:07:00,SELL,4013.73,,,REV,-18.1,S427 SELL Open Close Cross,OCC SMMA8 altTFx3 ATR=n/a
2026-07-17 23:07:00,2026-07-17 23:37:00,BUY,4015.34,,,REV,-3.6,S427 BUY Open Close Cross,OCC SMMA8 altTFx3 ATR=n/a
2026-07-17 23:37:00,2026-07-17 23:46:00,SELL,4015.18,,,REV,-21.6,S427 SELL Open Close Cross,OCC SMMA8 altTFx3 ATR=n/a
2026-07-17 23:46:00,2026-07-17 23:49:00,BUY,4017.14,,,REV,2.0,S427 BUY Open Close Cross,OCC SMMA8 altTFx3 ATR=n/a
2026-07-17 23:49:00,2026-07-17 23:52:00,SELL,4017.54,,,REV,-10.2,S427 SELL Open Close Cross,OCC SMMA8 altTFx3 ATR=n/a
2026-07-17 23:52:00,2026-07-17 23:55:00,BUY,4018.36,,,REV,-24.4,S427 BUY Open Close Cross,OCC SMMA8 altTFx3 ATR=n/a
2026-07-17 23:55:00,2026-07-18 00:04:00,SELL,4016.12,,,REV,-19.0,S427 SELL Open Close Cross,OCC SMMA8 altTFx3 ATR=n/a
2026-07-18 00:04:00,2026-07-18 00:07:00,BUY,4017.82,,,REV,0.7,S427 BUY Open Close Cross,OCC SMMA8 altTFx3 ATR=n/a
2026-07-18 00:07:00,2026-07-18 00:10:00,SELL,4018.09,,,REV,2.1,S427 SELL Open Close Cross,OCC SMMA8 altTFx3 ATR=n/a
2026-07-18 00:10:00,2026-07-18 00:13:00,BUY,4017.68,,,REV,-30.6,S427 BUY Open Close Cross,OCC SMMA8 altTFx3 ATR=n/a
2026-07-18 00:13:00,2026-07-18 01:10:00,SELL,4014.82,,,REV,24.4,S427 SELL Open Close Cross,OCC SMMA8 altTFx3 ATR=n/a
2026-07-18 01:10:00,2026-07-18 01:16:00,BUY,4012.18,,,REV,-26.2,S427 BUY Open Close Cross,OCC SMMA8 altTFx3 ATR=n/a
2026-07-18 01:16:00,2026-07-18 01:19:00,SELL,4009.76,,,REV,-28.3,S427 SELL Open Close Cross,OCC SMMA8 altTFx3 ATR=n/a
2026-07-18 01:19:00,2026-07-18 01:22:00,BUY,4012.39,,,REV,-16.3,S427 BUY Open Close Cross,OCC SMMA8 altTFx3 ATR=n/a
2026-07-18 01:22:00,2026-07-18 01:25:00,SELL,4010.96,,,REV,-13.5,S427 SELL Open Close Cross,OCC SMMA8 altTFx3 ATR=n/a
2026-07-18 01:25:00,2026-07-18 01:28:00,BUY,4012.11,,,REV,0.5,S427 BUY Open Close Cross,OCC SMMA8 altTFx3 ATR=n/a
2026-07-18 01:28:00,2026-07-18 01:31:00,SELL,4012.36,,,REV,-35.0,S427 SELL Open Close Cross,OCC SMMA8 altTFx3 ATR=n/a
2026-07-18 01:31:00,2026-07-18 01:37:00,BUY,4015.66,,,REV,-37.9,S427 BUY Open Close Cross,OCC SMMA8 altTFx3 ATR=n/a
2026-07-18 01:37:00,2026-07-18 01:40:00,SELL,4012.07,,,REV,3.2,S427 SELL Open Close Cross,OCC SMMA8 altTFx3 ATR=n/a
2026-07-18 01:40:00,2026-07-18 01:43:00,BUY,4011.55,,,REV,-32.6,S427 BUY Open Close Cross,OCC SMMA8 altTFx3 ATR=n/a
2026-07-18 01:43:00,2026-07-18 02:01:00,SELL,4008.49,,,REV,-12.2,S427 SELL Open Close Cross,OCC SMMA8 altTFx3 ATR=n/a
2026-07-18 02:01:00,2026-07-18 02:04:00,BUY,4009.51,,,REV,-13.9,S427 BUY Open Close Cross,OCC SMMA8 altTFx3 ATR=n/a
2026-07-18 02:04:00,2026-07-18 02:43:00,SELL,4008.32,,,REV,-3.8,S427 SELL Open Close Cross,OCC SMMA8 altTFx3 ATR=n/a
2026-07-18 02:43:00,2026-07-18 03:19:00,BUY,4008.5,,,REV,15.0,S427 BUY Open Close Cross,OCC SMMA8 altTFx3 ATR=n/a
2026-07-18 03:19:00,2026-07-18 03:40:00,SELL,4010.2,,,REV,-6.1,S427 SELL Open Close Cross,OCC SMMA8 altTFx3 ATR=n/a
2026-07-18 03:40:00,2026-07-20 05:10:00,BUY,4010.61,,,REV,-135.8,S427 BUY Open Close Cross,OCC SMMA8 altTFx3 ATR=n/a
2026-07-20 05:10:00,2026-07-20 05:13:00,SELL,3997.23,,,REV,-1.6,S427 SELL Open Close Cross,OCC SMMA8 altTFx3 ATR=n/a
2026-07-20 05:13:00,2026-07-20 05:28:00,BUY,3997.19,,,REV,-20.8,S427 BUY Open Close Cross,OCC SMMA8 altTFx3 ATR=n/a
2026-07-20 05:28:00,2026-07-20 05:34:00,SELL,3995.31,,,REV,-28.5,S427 SELL Open Close Cross,OCC SMMA8 altTFx3 ATR=n/a
2026-07-20 05:34:00,2026-07-20 05:49:00,BUY,3997.96,,,REV,-8.4,S427 BUY Open Close Cross,OCC SMMA8 altTFx3 ATR=n/a
2026-07-20 05:49:00,2026-07-20 05:52:00,SELL,3997.32,,,REV,-4.0,S427 SELL Open Close Cross,OCC SMMA8 altTFx3 ATR=n/a
2026-07-20 05:52:00,2026-07-20 05:58:00,BUY,3997.52,,,REV,-16.3,S427 BUY Open Close Cross,OCC SMMA8 altTFx3 ATR=n/a
2026-07-20 05:58:00,2026-07-20 06:55:00,SELL,3996.09,,,REV,26.5,S427 SELL Open Close Cross,OCC SMMA8 altTFx3 ATR=n/a
2026-07-20 06:55:00,2026-07-20 07:04:00,BUY,3993.24,,,REV,-74.0,S427 BUY Open Close Cross,OCC SMMA8 altTFx3 ATR=n/a
2026-07-20 07:04:00,2026-07-20 07:16:00,SELL,3986.04,,,REV,-111.7,S427 SELL Open Close Cross,OCC SMMA8 altTFx3 ATR=n/a
2026-07-20 07:16:00,2026-07-20 07:46:00,BUY,3997.01,,,REV,45.4,S427 BUY Open Close Cross,OCC SMMA8 altTFx3 ATR=n/a
2026-07-20 07:46:00,2026-07-20 07:49:00,SELL,4001.75,,,REV,7.0,S427 SELL Open Close Cross,OCC SMMA8 altTFx3 ATR=n/a
2026-07-20 07:49:00,2026-07-20 08:22:00,BUY,4000.85,,,REV,0.9,S427 BUY Open Close Cross,OCC SMMA8 altTFx3 ATR=n/a
2026-07-20 08:22:00,2026-07-20 09:01:00,SELL,4001.14,,,REV,-8.5,S427 SELL Open Close Cross,OCC SMMA8 altTFx3 ATR=n/a
2026-07-20 09:01:00,2026-07-20 10:34:00,BUY,4001.79,,,REV,173.0,S427 BUY Open Close Cross,OCC SMMA8 altTFx3 ATR=n/a
2026-07-20 10:34:00,2026-07-20 10:37:00,SELL,4019.29,,,REV,-46.2,S427 SELL Open Close Cross,OCC SMMA8 altTFx3 ATR=n/a
2026-07-20 10:37:00,2026-07-20 10:58:00,BUY,4023.71,,,REV,-6.7,S427 BUY Open Close Cross,OCC SMMA8 altTFx3 ATR=n/a
2026-07-20 10:58:00,2026-07-20 11:01:00,SELL,4023.24,,,REV,-17.1,S427 SELL Open Close Cross,OCC SMMA8 altTFx3 ATR=n/a
2026-07-20 11:01:00,2026-07-20 11:13:00,BUY,4024.75,,,REV,-23.5,S427 BUY Open Close Cross,OCC SMMA8 altTFx3 ATR=n/a
2026-07-20 11:13:00,2026-07-20 11:22:00,SELL,4022.6,,,REV,-9.3,S427 SELL Open Close Cross,OCC SMMA8 altTFx3 ATR=n/a
2026-07-20 11:22:00,2026-07-20 11:25:00,BUY,4023.33,,,REV,-20.9,S427 BUY Open Close Cross,OCC SMMA8 altTFx3 ATR=n/a
2026-07-20 11:25:00,2026-07-20 11:31:00,SELL,4021.44,,,REV,-24.7,S427 SELL Open Close Cross,OCC SMMA8 altTFx3 ATR=n/a
2026-07-20 11:31:00,2026-07-20 11:34:00,BUY,4023.71,,,REV,-13.8,S427 BUY Open Close Cross,OCC SMMA8 altTFx3 ATR=n/a
2026-07-20 11:34:00,2026-07-20 13:04:00,SELL,4022.53,,,REV,111.2,S427 SELL Open Close Cross,OCC SMMA8 altTFx3 ATR=n/a
2026-07-20 13:04:00,2026-07-20 13:07:00,BUY,4011.21,,,REV,-11.0,S427 BUY Open Close Cross,OCC SMMA8 altTFx3 ATR=n/a
2026-07-20 13:07:00,2026-07-20 13:10:00,SELL,4010.31,,,REV,5.9,S427 SELL Open Close Cross,OCC SMMA8 altTFx3 ATR=n/a
2026-07-20 13:10:00,2026-07-20 13:13:00,BUY,4009.52,,,REV,-4.6,S427 BUY Open Close Cross,OCC SMMA8 altTFx3 ATR=n/a
2026-07-20 13:13:00,2026-07-20 13:52:00,SELL,4009.26,,,REV,26.7,S427 SELL Open Close Cross,OCC SMMA8 altTFx3 ATR=n/a
2026-07-20 13:52:00,2026-07-20 13:55:00,BUY,4006.39,,,REV,-13.6,S427 BUY Open Close Cross,OCC SMMA8 altTFx3 ATR=n/a
2026-07-20 13:55:00,2026-07-20 14:25:00,SELL,4005.23,,,REV,-35.0,S427 SELL Open Close Cross,OCC SMMA8 altTFx3 ATR=n/a
2026-07-20 14:25:00,2026-07-20 15:52:00,BUY,4008.53,,,REV,105.9,S427 BUY Open Close Cross,OCC SMMA8 altTFx3 ATR=n/a
2026-07-20 15:52:00,2026-07-20 16:19:00,SELL,4019.32,,,REV,-19.4,S427 SELL Open Close Cross,OCC SMMA8 altTFx3 ATR=n/a
2026-07-20 16:19:00,2026-07-20 16:22:00,BUY,4021.06,,,REV,-11.3,S427 BUY Open Close Cross,OCC SMMA8 altTFx3 ATR=n/a
2026-07-20 16:22:00,2026-07-20 16:25:00,SELL,4020.13,,,REV,1.7,S427 SELL Open Close Cross,OCC SMMA8 altTFx3 ATR=n/a
2026-07-20 16:25:00,2026-07-20 16:28:00,BUY,4019.76,,,REV,-32.0,S427 BUY Open Close Cross,OCC SMMA8 altTFx3 ATR=n/a
2026-07-20 16:28:00,2026-07-20 16:37:00,SELL,4016.76,,,REV,-21.1,S427 SELL Open Close Cross,OCC SMMA8 altTFx3 ATR=n/a
2026-07-20 16:37:00,2026-07-20 16:40:00,BUY,4018.67,,,REV,11.1,S427 BUY Open Close Cross,OCC SMMA8 altTFx3 ATR=n/a
2026-07-20 16:40:00,2026-07-20 16:43:00,SELL,4019.98,,,REV,-8.8,S427 SELL Open Close Cross,OCC SMMA8 altTFx3 ATR=n/a
2026-07-20 16:43:00,2026-07-20 16:46:00,BUY,4020.66,,,REV,-18.3,S427 BUY Open Close Cross,OCC SMMA8 altTFx3 ATR=n/a
2026-07-20 16:46:00,2026-07-20 16:49:00,SELL,4019.03,,,REV,-19.3,S427 SELL Open Close Cross,OCC SMMA8 altTFx3 ATR=n/a
2026-07-20 16:49:00,2026-07-20 17:04:00,BUY,4020.76,,,REV,-13.7,S427 BUY Open Close Cross,OCC SMMA8 altTFx3 ATR=n/a
2026-07-20 17:04:00,2026-07-20 17:07:00,SELL,4019.59,,,REV,-8.3,S427 SELL Open Close Cross,OCC SMMA8 altTFx3 ATR=n/a
2026-07-20 17:07:00,2026-07-20 17:10:00,BUY,4020.22,,,REV,-0.4,S427 BUY Open Close Cross,OCC SMMA8 altTFx3 ATR=n/a
2026-07-20 17:10:00,2026-07-20 17:13:00,SELL,4020.38,,,REV,-4.4,S427 SELL Open Close Cross,OCC SMMA8 altTFx3 ATR=n/a
2026-07-20 17:13:00,2026-07-20 17:19:00,BUY,4020.62,,,REV,-13.0,S427 BUY Open Close Cross,OCC SMMA8 altTFx3 ATR=n/a
2026-07-20 17:19:00,2026-07-20 17:22:00,SELL,4019.52,,,REV,-29.3,S427 SELL Open Close Cross,OCC SMMA8 altTFx3 ATR=n/a
2026-07-20 17:22:00,2026-07-20 17:49:00,BUY,4022.25,,,REV,-6.5,S427 BUY Open Close Cross,OCC SMMA8 altTFx3 ATR=n/a
2026-07-20 17:49:00,2026-07-20 17:52:00,SELL,4021.8,,,REV,-21.5,S427 SELL Open Close Cross,OCC SMMA8 altTFx3 ATR=n/a
2026-07-20 17:52:00,2026-07-20 18:13:00,BUY,4023.75,,,REV,-33.2,S427 BUY Open Close Cross,OCC SMMA8 altTFx3 ATR=n/a
2026-07-20 18:13:00,2026-07-20 18:31:00,SELL,4020.63,,,REV,-93.8,S427 SELL Open Close Cross,OCC SMMA8 altTFx3 ATR=n/a
2026-07-20 18:31:00,2026-07-20 18:52:00,BUY,4029.81,,,REV,-18.4,S427 BUY Open Close Cross,OCC SMMA8 altTFx3 ATR=n/a
2026-07-20 18:52:00,2026-07-20 18:55:00,SELL,4028.17,,,REV,2.1,S427 SELL Open Close Cross,OCC SMMA8 altTFx3 ATR=n/a
2026-07-20 18:55:00,2026-07-20 18:58:00,BUY,4027.76,,,REV,-10.0,S427 BUY Open Close Cross,OCC SMMA8 altTFx3 ATR=n/a
2026-07-20 18:58:00,2026-07-20 19:49:00,SELL,4026.96,,,REV,122.2,S427 SELL Open Close Cross,OCC SMMA8 altTFx3 ATR=n/a
2026-07-20 19:49:00,2026-07-20 19:52:00,BUY,4014.54,,,REV,-43.0,S427 BUY Open Close Cross,OCC SMMA8 altTFx3 ATR=n/a
2026-07-20 19:52:00,2026-07-20 20:22:00,SELL,4010.44,,,REV,-4.5,S427 SELL Open Close Cross,OCC SMMA8 altTFx3 ATR=n/a
2026-07-20 20:22:00,2026-07-20 20:25:00,BUY,4010.69,,,REV,11.3,S427 BUY Open Close Cross,OCC SMMA8 altTFx3 ATR=n/a
2026-07-20 20:25:00,2026-07-20 20:34:00,SELL,4012.02,,,REV,-17.2,S427 SELL Open Close Cross,OCC SMMA8 altTFx3 ATR=n/a
2026-07-20 20:34:00,2026-07-20 20:37:00,BUY,4013.54,,,REV,-34.1,S427 BUY Open Close Cross,OCC SMMA8 altTFx3 ATR=n/a
2026-07-20 20:37:00,2026-07-20 20:40:00,SELL,4010.33,,,REV,-40.6,S427 SELL Open Close Cross,OCC SMMA8 altTFx3 ATR=n/a
2026-07-20 20:40:00,2026-07-20 20:49:00,BUY,4014.19,,,REV,-46.0,S427 BUY Open Close Cross,OCC SMMA8 altTFx3 ATR=n/a
2026-07-20 20:49:00,2026-07-20 21:28:00,SELL,4009.79,,,REV,47.3,S427 SELL Open Close Cross,OCC SMMA8 altTFx3 ATR=n/a
2026-07-20 21:28:00,2026-07-20 21:58:00,BUY,4004.86,,,REV,25.6,S427 BUY Open Close Cross,OCC SMMA8 altTFx3 ATR=n/a
2026-07-20 21:58:00,2026-07-20 22:04:00,SELL,4007.62,,,REV,-20.8,S427 SELL Open Close Cross,OCC SMMA8 altTFx3 ATR=n/a
2026-07-20 22:04:00,2026-07-20 22:07:00,BUY,4009.5,,,REV,-10.0,S427 BUY Open Close Cross,OCC SMMA8 altTFx3 ATR=n/a
2026-07-20 22:07:00,2026-07-20 22:10:00,SELL,4008.7,,,REV,-109.8,S427 SELL Open Close Cross,OCC SMMA8 altTFx3 ATR=n/a
2026-07-20 22:10:00,2026-07-20 22:40:00,BUY,4019.48,,,REV,-84.0,S427 BUY Open Close Cross,OCC SMMA8 altTFx3 ATR=n/a
2026-07-20 22:40:00,2026-07-20 22:46:00,SELL,4011.28,,,REV,-14.1,S427 SELL Open Close Cross,OCC SMMA8 altTFx3 ATR=n/a
2026-07-20 22:46:00,2026-07-20 23:01:00,BUY,4012.49,,,REV,-4.8,S427 BUY Open Close Cross,OCC SMMA8 altTFx3 ATR=n/a
2026-07-20 23:01:00,2026-07-20 23:04:00,SELL,4012.21,,,REV,-32.9,S427 SELL Open Close Cross,OCC SMMA8 altTFx3 ATR=n/a
2026-07-20 23:04:00,2026-07-20 23:16:00,BUY,4015.3,,,REV,-32.7,S427 BUY Open Close Cross,OCC SMMA8 altTFx3 ATR=n/a
2026-07-20 23:16:00,2026-07-21 00:04:00,SELL,4012.23,,,REV,1.9,S427 SELL Open Close Cross,OCC SMMA8 altTFx3 ATR=n/a
2026-07-21 00:04:00,2026-07-21 00:16:00,BUY,4011.84,,,REV,-23.6,S427 BUY Open Close Cross,OCC SMMA8 altTFx3 ATR=n/a
2026-07-21 00:16:00,2026-07-21 00:19:00,SELL,4009.68,,,REV,-18.5,S427 SELL Open Close Cross,OCC SMMA8 altTFx3 ATR=n/a
2026-07-21 00:19:00,2026-07-21 00:43:00,BUY,4011.33,,,REV,-13.5,S427 BUY Open Close Cross,OCC SMMA8 altTFx3 ATR=n/a
2026-07-21 00:43:00,2026-07-21 01:07:00,SELL,4010.18,,,REV,19.6,S427 SELL Open Close Cross,OCC SMMA8 altTFx3 ATR=n/a
2026-07-21 01:07:00,2026-07-21 01:22:00,BUY,4008.02,,,REV,-8.4,S427 BUY Open Close Cross,OCC SMMA8 altTFx3 ATR=n/a
2026-07-21 01:22:00,2026-07-21 01:49:00,SELL,4007.38,,,REV,-7.3,S427 SELL Open Close Cross,OCC SMMA8 altTFx3 ATR=n/a
2026-07-21 01:49:00,2026-07-21 01:58:00,BUY,4007.91,,,REV,-11.5,S427 BUY Open Close Cross,OCC SMMA8 altTFx3 ATR=n/a
2026-07-21 01:58:00,2026-07-21 02:01:00,SELL,4006.96,,,REV,-8.5,S427 SELL Open Close Cross,OCC SMMA8 altTFx3 ATR=n/a
2026-07-21 02:01:00,2026-07-21 02:04:00,BUY,4007.61,,,REV,-20.5,S427 BUY Open Close Cross,OCC SMMA8 altTFx3 ATR=n/a
2026-07-21 02:04:00,2026-07-21 02:22:00,SELL,4005.76,,,REV,-40.8,S427 SELL Open Close Cross,OCC SMMA8 altTFx3 ATR=n/a
2026-07-21 02:22:00,2026-07-21 02:46:00,BUY,4009.64,,,REV,-39.3,S427 BUY Open Close Cross,OCC SMMA8 altTFx3 ATR=n/a
2026-07-21 02:46:00,2026-07-21 02:52:00,SELL,4005.91,,,REV,-37.2,S427 SELL Open Close Cross,OCC SMMA8 altTFx3 ATR=n/a
2026-07-21 02:52:00,2026-07-21 02:58:00,BUY,4009.43,,,REV,-27.7,S427 BUY Open Close Cross,OCC SMMA8 altTFx3 ATR=n/a
2026-07-21 02:58:00,2026-07-21 03:22:00,SELL,4006.86,,,REV,-22.5,S427 SELL Open Close Cross,OCC SMMA8 altTFx3 ATR=n/a
2026-07-21 03:22:00,2026-07-21 03:49:00,BUY,4008.91,,,REV,-10.6,S427 BUY Open Close Cross,OCC SMMA8 altTFx3 ATR=n/a
2026-07-21 03:49:00,2026-07-21 03:55:00,SELL,4008.05,,,REV,-0.8,S427 SELL Open Close Cross,OCC SMMA8 altTFx3 ATR=n/a
2026-07-21 03:55:00,2026-07-21 05:02:00,BUY,4007.93,,,REV,9.8,S427 BUY Open Close Cross,OCC SMMA8 altTFx3 ATR=n/a
2026-07-21 05:02:00,2026-07-21 05:28:00,SELL,4009.11,,,REV,-0.4,S427 SELL Open Close Cross,OCC SMMA8 altTFx3 ATR=n/a
2026-07-21 05:28:00,2026-07-21 05:37:00,BUY,4008.95,,,REV,-13.8,S427 BUY Open Close Cross,OCC SMMA8 altTFx3 ATR=n/a
2026-07-21 05:37:00,2026-07-21 06:07:00,SELL,4007.77,,,REV,-2.1,S427 SELL Open Close Cross,OCC SMMA8 altTFx3 ATR=n/a
2026-07-21 06:07:00,2026-07-21 06:13:00,BUY,4007.78,,,REV,-36.1,S427 BUY Open Close Cross,OCC SMMA8 altTFx3 ATR=n/a
2026-07-21 06:13:00,2026-07-21 06:19:00,SELL,4004.37,,,REV,-26.0,S427 SELL Open Close Cross,OCC SMMA8 altTFx3 ATR=n/a
2026-07-21 06:19:00,2026-07-21 06:28:00,BUY,4006.77,,,REV,-31.4,S427 BUY Open Close Cross,OCC SMMA8 altTFx3 ATR=n/a
2026-07-21 06:28:00,2026-07-21 06:34:00,SELL,4003.83,,,REV,-39.3,S427 SELL Open Close Cross,OCC SMMA8 altTFx3 ATR=n/a
2026-07-21 06:34:00,2026-07-21 07:04:00,BUY,4007.56,,,REV,-27.3,S427 BUY Open Close Cross,OCC SMMA8 altTFx3 ATR=n/a
2026-07-21 07:04:00,2026-07-21 07:07:00,SELL,4005.03,,,REV,-20.3,S427 SELL Open Close Cross,OCC SMMA8 altTFx3 ATR=n/a
2026-07-21 07:07:00,2026-07-21 07:10:00,BUY,4006.86,,,REV,6.2,S427 BUY Open Close Cross,OCC SMMA8 altTFx3 ATR=n/a
2026-07-21 07:10:00,2026-07-21 07:13:00,SELL,4007.68,,,REV,-27.7,S427 SELL Open Close Cross,OCC SMMA8 altTFx3 ATR=n/a
2026-07-21 07:13:00,2026-07-21 08:40:00,BUY,4010.25,,,REV,132.7,S427 BUY Open Close Cross,OCC SMMA8 altTFx3 ATR=n/a
2026-07-21 08:40:00,2026-07-21 08:55:00,SELL,4023.72,,,REV,-45.8,S427 SELL Open Close Cross,OCC SMMA8 altTFx3 ATR=n/a
2026-07-21 08:55:00,2026-07-21 08:58:00,BUY,4028.1,,,REV,-47.2,S427 BUY Open Close Cross,OCC SMMA8 altTFx3 ATR=n/a
2026-07-21 08:58:00,2026-07-21 09:10:00,SELL,4023.58,,,REV,-26.0,S427 SELL Open Close Cross,OCC SMMA8 altTFx3 ATR=n/a
2026-07-21 09:10:00,2026-07-21 09:16:00,BUY,4025.98,,,REV,-14.6,S427 BUY Open Close Cross,OCC SMMA8 altTFx3 ATR=n/a
2026-07-21 09:16:00,2026-07-21 09:25:00,SELL,4024.72,,,REV,-39.2,S427 SELL Open Close Cross,OCC SMMA8 altTFx3 ATR=n/a
2026-07-21 09:25:00,2026-07-21 11:25:00,BUY,4028.44,,,REV,163.7,S427 BUY Open Close Cross,OCC SMMA8 altTFx3 ATR=n/a
2026-07-21 11:25:00,2026-07-21 11:37:00,SELL,4045.01,,,REV,-4.2,S427 SELL Open Close Cross,OCC SMMA8 altTFx3 ATR=n/a
2026-07-21 11:37:00,2026-07-21 11:43:00,BUY,4045.23,,,REV,19.8,S427 BUY Open Close Cross,OCC SMMA8 altTFx3 ATR=n/a
2026-07-21 11:43:00,2026-07-21 11:46:00,SELL,4047.41,,,REV,11.7,S427 SELL Open Close Cross,OCC SMMA8 altTFx3 ATR=n/a
2026-07-21 11:46:00,2026-07-21 14:07:00,BUY,4046.04,,,REV,311.3,S427 BUY Open Close Cross,OCC SMMA8 altTFx3 ATR=n/a
2026-07-21 14:07:00,2026-07-21 14:37:00,SELL,4077.37,,,REV,29.3,S427 SELL Open Close Cross,OCC SMMA8 altTFx3 ATR=n/a
2026-07-21 14:37:00,2026-07-21 14:46:00,BUY,4074.24,,,REV,-29.8,S427 BUY Open Close Cross,OCC SMMA8 altTFx3 ATR=n/a
2026-07-21 14:46:00,2026-07-21 16:04:00,SELL,4071.46,,,REV,57.2,S427 SELL Open Close Cross,OCC SMMA8 altTFx3 ATR=n/a
2026-07-21 16:04:00,2026-07-21 16:31:00,BUY,4065.54,,,REV,-29.5,S427 BUY Open Close Cross,OCC SMMA8 altTFx3 ATR=n/a
2026-07-21 16:31:00,2026-07-21 16:49:00,SELL,4062.79,,,REV,-36.8,S427 SELL Open Close Cross,OCC SMMA8 altTFx3 ATR=n/a
2026-07-21 16:49:00,2026-07-21 17:07:00,BUY,4066.27,,,REV,-30.9,S427 BUY Open Close Cross,OCC SMMA8 altTFx3 ATR=n/a
2026-07-21 17:07:00,2026-07-21 17:13:00,SELL,4063.38,,,REV,-31.9,S427 SELL Open Close Cross,OCC SMMA8 altTFx3 ATR=n/a
2026-07-21 17:13:00,2026-07-21 17:46:00,BUY,4066.37,,,REV,16.6,S427 BUY Open Close Cross,OCC SMMA8 altTFx3 ATR=n/a
2026-07-21 17:46:00,2026-07-21 18:40:00,SELL,4068.23,,,REV,80.6,S427 SELL Open Close Cross,OCC SMMA8 altTFx3 ATR=n/a
2026-07-21 18:40:00,2026-07-21 18:43:00,BUY,4059.97,,,REV,-43.2,S427 BUY Open Close Cross,OCC SMMA8 altTFx3 ATR=n/a
2026-07-21 18:43:00,2026-07-21 19:07:00,SELL,4055.85,,,REV,-45.7,S427 SELL Open Close Cross,OCC SMMA8 altTFx3 ATR=n/a
2026-07-21 19:07:00,2026-07-21 19:13:00,BUY,4060.22,,,REV,-15.5,S427 BUY Open Close Cross,OCC SMMA8 altTFx3 ATR=n/a
2026-07-21 19:13:00,2026-07-21 19:16:00,SELL,4058.87,,,REV,18.8,S427 SELL Open Close Cross,OCC SMMA8 altTFx3 ATR=n/a
2026-07-21 19:16:00,2026-07-21 19:22:00,BUY,4056.79,,,REV,35.9,S427 BUY Open Close Cross,OCC SMMA8 altTFx3 ATR=n/a
2026-07-21 19:22:00,2026-07-21 19:25:00,SELL,4060.58,,,REV,-47.7,S427 SELL Open Close Cross,OCC SMMA8 altTFx3 ATR=n/a
2026-07-21 19:25:00,2026-07-21 19:37:00,BUY,4065.15,,,REV,-97.2,S427 BUY Open Close Cross,OCC SMMA8 altTFx3 ATR=n/a
2026-07-21 19:37:00,2026-07-21 19:52:00,SELL,4055.63,,,REV,-21.7,S427 SELL Open Close Cross,OCC SMMA8 altTFx3 ATR=n/a
2026-07-21 19:52:00,2026-07-21 19:55:00,BUY,4057.6,,,REV,-21.0,S427 BUY Open Close Cross,OCC SMMA8 altTFx3 ATR=n/a
2026-07-21 19:55:00,2026-07-21 20:04:00,SELL,4055.7,,,REV,-25.6,S427 SELL Open Close Cross,OCC SMMA8 altTFx3 ATR=n/a
2026-07-21 20:04:00,2026-07-21 20:19:00,BUY,4058.06,,,REV,-24.5,S427 BUY Open Close Cross,OCC SMMA8 altTFx3 ATR=n/a
2026-07-21 20:19:00,2026-07-21 20:37:00,SELL,4055.81,,,REV,7.7,S427 SELL Open Close Cross,OCC SMMA8 altTFx3 ATR=n/a
2026-07-21 20:37:00,2026-07-21 20:40:00,BUY,4054.84,,,REV,-21.7,S427 BUY Open Close Cross,OCC SMMA8 altTFx3 ATR=n/a
2026-07-21 20:40:00,2026-07-21 21:01:00,SELL,4052.87,,,REV,-6.6,S427 SELL Open Close Cross,OCC SMMA8 altTFx3 ATR=n/a
2026-07-21 21:01:00,2026-07-21 22:49:00,BUY,4053.33,,,REV,203.3,S427 BUY Open Close Cross,OCC SMMA8 altTFx3 ATR=n/a
2026-07-21 22:49:00,2026-07-21 22:55:00,SELL,4073.86,,,REV,-30.5,S427 SELL Open Close Cross,OCC SMMA8 altTFx3 ATR=n/a
2026-07-21 22:55:00,2026-07-21 23:01:00,BUY,4076.71,,,REV,-12.4,S427 BUY Open Close Cross,OCC SMMA8 altTFx3 ATR=n/a
2026-07-21 23:01:00,2026-07-21 23:07:00,SELL,4075.67,,,REV,-19.2,S427 SELL Open Close Cross,OCC SMMA8 altTFx3 ATR=n/a
2026-07-21 23:07:00,2026-07-21 23:22:00,BUY,4077.39,,,REV,-1.5,S427 BUY Open Close Cross,OCC SMMA8 altTFx3 ATR=n/a
2026-07-21 23:22:00,2026-07-21 23:25:00,SELL,4077.44,,,REV,-7.8,S427 SELL Open Close Cross,OCC SMMA8 altTFx3 ATR=n/a
2026-07-21 23:25:00,2026-07-21 23:28:00,BUY,4078.02,,,REV,-33.0,S427 BUY Open Close Cross,OCC SMMA8 altTFx3 ATR=n/a
2026-07-21 23:28:00,2026-07-22 00:31:00,SELL,4074.92,,,REV,32.4,S427 SELL Open Close Cross,OCC SMMA8 altTFx3 ATR=n/a
2026-07-22 00:31:00,2026-07-22 00:34:00,BUY,4071.48,,,REV,-16.0,S427 BUY Open Close Cross,OCC SMMA8 altTFx3 ATR=n/a
2026-07-22 00:34:00,2026-07-22 01:04:00,SELL,4070.08,,,REV,9.2,S427 SELL Open Close Cross,OCC SMMA8 altTFx3 ATR=n/a
2026-07-22 01:04:00,2026-07-22 01:07:00,BUY,4068.96,,,REV,-0.7,S427 BUY Open Close Cross,OCC SMMA8 altTFx3 ATR=n/a
2026-07-22 01:07:00,2026-07-22 01:10:00,SELL,4069.09,,,REV,-29.5,S427 SELL Open Close Cross,OCC SMMA8 altTFx3 ATR=n/a
2026-07-22 01:10:00,2026-07-22 02:13:00,BUY,4071.84,,,REV,94.4,S427 BUY Open Close Cross,OCC SMMA8 altTFx3 ATR=n/a
2026-07-22 02:13:00,2026-07-22 02:19:00,SELL,4081.48,,,REV,-26.3,S427 SELL Open Close Cross,OCC SMMA8 altTFx3 ATR=n/a
2026-07-22 02:19:00,2026-07-22 02:40:00,BUY,4083.91,,,REV,-14.3,S427 BUY Open Close Cross,OCC SMMA8 altTFx3 ATR=n/a
2026-07-22 02:40:00,2026-07-22 02:43:00,SELL,4082.68,,,REV,-8.9,S427 SELL Open Close Cross,OCC SMMA8 altTFx3 ATR=n/a
2026-07-22 02:43:00,2026-07-22 03:22:00,BUY,4083.37,,,REV,-6.5,S427 BUY Open Close Cross,OCC SMMA8 altTFx3 ATR=n/a
2026-07-22 03:22:00,2026-07-22 03:34:00,SELL,4082.92,,,REV,-12.1,S427 SELL Open Close Cross,OCC SMMA8 altTFx3 ATR=n/a
2026-07-22 03:34:00,2026-07-22 03:37:00,BUY,4083.93,,,REV,-9.1,S427 BUY Open Close Cross,OCC SMMA8 altTFx3 ATR=n/a
2026-07-22 03:37:00,2026-07-22 05:19:00,SELL,4083.22,,,REV,25.9,S427 SELL Open Close Cross,OCC SMMA8 altTFx3 ATR=n/a
2026-07-22 05:19:00,2026-07-22 05:52:00,BUY,4080.43,,,REV,-1.4,S427 BUY Open Close Cross,OCC SMMA8 altTFx3 ATR=n/a
2026-07-22 05:52:00,2026-07-22 06:22:00,SELL,4080.49,,,REV,-11.8,S427 SELL Open Close Cross,OCC SMMA8 altTFx3 ATR=n/a
2026-07-22 06:22:00,2026-07-22 06:31:00,BUY,4081.47,,,REV,-6.2,S427 BUY Open Close Cross,OCC SMMA8 altTFx3 ATR=n/a
2026-07-22 06:31:00,2026-07-22 06:40:00,SELL,4081.05,,,REV,-11.1,S427 SELL Open Close Cross,OCC SMMA8 altTFx3 ATR=n/a
2026-07-22 06:40:00,2026-07-22 06:43:00,BUY,4081.96,,,REV,-21.4,S427 BUY Open Close Cross,OCC SMMA8 altTFx3 ATR=n/a
2026-07-22 06:43:00,2026-07-22 06:49:00,SELL,4080.02,,,REV,-9.5,S427 SELL Open Close Cross,OCC SMMA8 altTFx3 ATR=n/a
2026-07-22 06:49:00,2026-07-22 06:52:00,BUY,4080.77,,,REV,-6.3,S427 BUY Open Close Cross,OCC SMMA8 altTFx3 ATR=n/a
2026-07-22 06:52:00,2026-07-22 07:07:00,SELL,4080.34,,,REV,-58.8,S427 SELL Open Close Cross,OCC SMMA8 altTFx3 ATR=n/a
2026-07-22 07:07:00,2026-07-22 10:34:00,BUY,4086.02,,,REV,488.4,S427 BUY Open Close Cross,OCC SMMA8 altTFx3 ATR=n/a
2026-07-22 10:34:00,2026-07-22 10:40:00,SELL,4135.06,,,REV,12.1,S427 SELL Open Close Cross,OCC SMMA8 altTFx3 ATR=n/a
2026-07-22 10:40:00,2026-07-22 10:43:00,BUY,4133.65,,,REV,-4.4,S427 BUY Open Close Cross,OCC SMMA8 altTFx3 ATR=n/a
2026-07-22 10:43:00,2026-07-22 12:04:00,SELL,4133.41,,,REV,50.0,S427 SELL Open Close Cross,OCC SMMA8 altTFx3 ATR=n/a
2026-07-22 12:04:00,2026-07-22 12:19:00,BUY,4128.21,,,REV,-44.7,S427 BUY Open Close Cross,OCC SMMA8 altTFx3 ATR=n/a
2026-07-22 12:19:00,2026-07-22 12:34:00,SELL,4123.94,,,REV,-31.5,S427 SELL Open Close Cross,OCC SMMA8 altTFx3 ATR=n/a
2026-07-22 12:34:00,2026-07-22 12:58:00,BUY,4126.89,,,REV,19.0,S427 BUY Open Close Cross,OCC SMMA8 altTFx3 ATR=n/a
2026-07-22 12:58:00,2026-07-22 13:01:00,SELL,4128.99,,,REV,-52.6,S427 SELL Open Close Cross,OCC SMMA8 altTFx3 ATR=n/a
2026-07-22 13:01:00,2026-07-22 13:16:00,BUY,4134.05,,,REV,-43.7,S427 BUY Open Close Cross,OCC SMMA8 altTFx3 ATR=n/a
2026-07-22 13:16:00,2026-07-22 13:19:00,SELL,4129.88,,,REV,-19.9,S427 SELL Open Close Cross,OCC SMMA8 altTFx3 ATR=n/a
2026-07-22 13:19:00,2026-07-22 13:22:00,BUY,4131.67,,,REV,-24.8,S427 BUY Open Close Cross,OCC SMMA8 altTFx3 ATR=n/a
2026-07-22 13:22:00,2026-07-22 14:19:00,SELL,4129.39,,,REV,102.0,S427 SELL Open Close Cross,OCC SMMA8 altTFx3 ATR=n/a
2026-07-22 14:19:00,2026-07-22 14:37:00,BUY,4118.99,,,REV,-18.4,S427 BUY Open Close Cross,OCC SMMA8 altTFx3 ATR=n/a
2026-07-22 14:37:00,2026-07-22 15:07:00,SELL,4117.35,,,REV,34.5,S427 SELL Open Close Cross,OCC SMMA8 altTFx3 ATR=n/a
2026-07-22 15:07:00,2026-07-22 15:13:00,BUY,4113.7,,,REV,3.0,S427 BUY Open Close Cross,OCC SMMA8 altTFx3 ATR=n/a
2026-07-22 15:13:00,2026-07-22 15:16:00,SELL,4114.2,,,REV,-7.2,S427 SELL Open Close Cross,OCC SMMA8 altTFx3 ATR=n/a
2026-07-22 15:16:00,2026-07-22 15:46:00,BUY,4114.72,,,REV,6.3,S427 BUY Open Close Cross,OCC SMMA8 altTFx3 ATR=n/a
2026-07-22 15:46:00,2026-07-22 15:55:00,SELL,4115.55,,,REV,-23.3,S427 SELL Open Close Cross,OCC SMMA8 altTFx3 ATR=n/a
2026-07-22 15:55:00,2026-07-22 16:31:00,BUY,4117.68,,,REV,2.5,S427 BUY Open Close Cross,OCC SMMA8 altTFx3 ATR=n/a
2026-07-22 16:31:00,2026-07-22 16:58:00,SELL,4118.13,,,REV,30.2,S427 SELL Open Close Cross,OCC SMMA8 altTFx3 ATR=n/a
2026-07-22 16:58:00,2026-07-22 17:01:00,BUY,4114.91,,,REV,19.6,S427 BUY Open Close Cross,OCC SMMA8 altTFx3 ATR=n/a
2026-07-22 17:01:00,2026-07-22 17:04:00,SELL,4117.07,,,REV,2.0,S427 SELL Open Close Cross,OCC SMMA8 altTFx3 ATR=n/a
2026-07-22 17:04:00,2026-07-22 17:07:00,BUY,4116.67,,,REV,2.4,S427 BUY Open Close Cross,OCC SMMA8 altTFx3 ATR=n/a
2026-07-22 17:07:00,2026-07-22 17:13:00,SELL,4117.11,,,REV,-3.4,S427 SELL Open Close Cross,OCC SMMA8 altTFx3 ATR=n/a
2026-07-22 17:13:00,2026-07-22 17:34:00,BUY,4117.25,,,REV,16.5,S427 BUY Open Close Cross,OCC SMMA8 altTFx3 ATR=n/a
2026-07-22 17:34:00,2026-07-22 17:52:00,SELL,4119.1,,,REV,-3.3,S427 SELL Open Close Cross,OCC SMMA8 altTFx3 ATR=n/a
2026-07-22 17:52:00,2026-07-22 17:55:00,BUY,4119.23,,,REV,-12.0,S427 BUY Open Close Cross,OCC SMMA8 altTFx3 ATR=n/a
2026-07-22 17:55:00,2026-07-22 18:13:00,SELL,4118.23,,,REV,-22.1,S427 SELL Open Close Cross,OCC SMMA8 altTFx3 ATR=n/a
2026-07-22 18:13:00,2026-07-22 18:28:00,BUY,4120.24,,,REV,-24.2,S427 BUY Open Close Cross,OCC SMMA8 altTFx3 ATR=n/a
2026-07-22 18:28:00,2026-07-22 18:34:00,SELL,4118.02,,,REV,-20.1,S427 SELL Open Close Cross,OCC SMMA8 altTFx3 ATR=n/a
2026-07-22 18:34:00,2026-07-22 18:37:00,BUY,4119.83,,,REV,-11.6,S427 BUY Open Close Cross,OCC SMMA8 altTFx3 ATR=n/a
2026-07-22 18:37:00,2026-07-22 18:49:00,SELL,4118.87,,,REV,-5.1,S427 SELL Open Close Cross,OCC SMMA8 altTFx3 ATR=n/a
2026-07-22 18:49:00,2026-07-22 19:49:00,BUY,4119.18,,,REV,8.6,S427 BUY Open Close Cross,OCC SMMA8 altTFx3 ATR=n/a
2026-07-22 19:49:00,2026-07-22 20:13:00,SELL,4120.24,,,REV,-35.4,S427 SELL Open Close Cross,OCC SMMA8 altTFx3 ATR=n/a
2026-07-22 20:13:00,2026-07-22 21:28:00,BUY,4123.58,,,REV,228.3,S427 BUY Open Close Cross,OCC SMMA8 altTFx3 ATR=n/a
2026-07-22 21:28:00,2026-07-22 21:34:00,SELL,4146.61,,,REV,-24.8,S427 SELL Open Close Cross,OCC SMMA8 altTFx3 ATR=n/a
2026-07-22 21:34:00,2026-07-22 21:43:00,BUY,4148.89,,,REV,27.2,S427 BUY Open Close Cross,OCC SMMA8 altTFx3 ATR=n/a
2026-07-22 21:43:00,2026-07-22 21:46:00,SELL,4151.81,,,REV,-2.1,S427 SELL Open Close Cross,OCC SMMA8 altTFx3 ATR=n/a
2026-07-22 21:46:00,2026-07-22 21:49:00,BUY,4151.82,,,REV,-23.2,S427 BUY Open Close Cross,OCC SMMA8 altTFx3 ATR=n/a
2026-07-22 21:49:00,2026-07-22 22:04:00,SELL,4149.7,,,REV,-42.3,S427 SELL Open Close Cross,OCC SMMA8 altTFx3 ATR=n/a
2026-07-22 22:04:00,2026-07-22 23:04:00,BUY,4153.73,,,REV,39.6,S427 BUY Open Close Cross,OCC SMMA8 altTFx3 ATR=n/a
2026-07-22 23:04:00,2026-07-23 00:31:00,SELL,4157.89,,,REV,125.2,S427 SELL Open Close Cross,OCC SMMA8 altTFx3 ATR=n/a
2026-07-23 00:31:00,2026-07-23 00:37:00,BUY,4145.17,,,REV,-27.3,S427 BUY Open Close Cross,OCC SMMA8 altTFx3 ATR=n/a
2026-07-23 00:37:00,2026-07-23 01:49:00,SELL,4142.64,,,REV,42.1,S427 SELL Open Close Cross,OCC SMMA8 altTFx3 ATR=n/a
2026-07-23 01:49:00,2026-07-23 02:01:00,BUY,4138.23,,,REV,-32.6,S427 BUY Open Close Cross,OCC SMMA8 altTFx3 ATR=n/a
2026-07-23 02:01:00,2026-07-23 02:37:00,SELL,4135.17,,,REV,3.9,S427 SELL Open Close Cross,OCC SMMA8 altTFx3 ATR=n/a
2026-07-23 02:37:00,2026-07-23 02:40:00,BUY,4134.58,,,REV,-2.5,S427 BUY Open Close Cross,OCC SMMA8 altTFx3 ATR=n/a
2026-07-23 02:40:00,2026-07-23 02:43:00,SELL,4134.53,,,REV,-10.0,S427 SELL Open Close Cross,OCC SMMA8 altTFx3 ATR=n/a
2026-07-23 02:43:00,2026-07-23 02:46:00,BUY,4135.33,,,REV,-20.4,S427 BUY Open Close Cross,OCC SMMA8 altTFx3 ATR=n/a
2026-07-23 02:46:00,2026-07-23 03:16:00,SELL,4133.49,,,REV,-11.3,S427 SELL Open Close Cross,OCC SMMA8 altTFx3 ATR=n/a
2026-07-23 03:16:00,2026-07-23 03:37:00,BUY,4134.42,,,REV,0.1,S427 BUY Open Close Cross,OCC SMMA8 altTFx3 ATR=n/a
2026-07-23 03:37:00,2026-07-23 05:13:00,SELL,4134.63,,,REV,125.8,S427 SELL Open Close Cross,OCC SMMA8 altTFx3 ATR=n/a
2026-07-23 05:13:00,2026-07-23 05:19:00,BUY,4121.85,,,REV,-8.5,S427 BUY Open Close Cross,OCC SMMA8 altTFx3 ATR=n/a
2026-07-23 05:19:00,2026-07-23 05:22:00,SELL,4121.2,,,REV,-16.3,S427 SELL Open Close Cross,OCC SMMA8 altTFx3 ATR=n/a
2026-07-23 05:22:00,2026-07-23 05:43:00,BUY,4122.63,,,REV,3.7,S427 BUY Open Close Cross,OCC SMMA8 altTFx3 ATR=n/a
2026-07-23 05:43:00,2026-07-23 05:49:00,SELL,4123.2,,,REV,-16.2,S427 SELL Open Close Cross,OCC SMMA8 altTFx3 ATR=n/a
2026-07-23 05:49:00,2026-07-23 05:52:00,BUY,4124.62,,,REV,5.0,S427 BUY Open Close Cross,OCC SMMA8 altTFx3 ATR=n/a
2026-07-23 05:52:00,2026-07-23 05:55:00,SELL,4125.32,,,REV,17.0,S427 SELL Open Close Cross,OCC SMMA8 altTFx3 ATR=n/a
2026-07-23 05:55:00,2026-07-23 05:58:00,BUY,4123.42,,,REV,1.4,S427 BUY Open Close Cross,OCC SMMA8 altTFx3 ATR=n/a
2026-07-23 05:58:00,2026-07-23 06:16:00,SELL,4123.76,,,REV,18.6,S427 SELL Open Close Cross,OCC SMMA8 altTFx3 ATR=n/a
2026-07-23 06:16:00,2026-07-23 06:19:00,BUY,4121.7,,,REV,-4.4,S427 BUY Open Close Cross,OCC SMMA8 altTFx3 ATR=n/a
2026-07-23 06:19:00,2026-07-23 06:40:00,SELL,4121.46,,,REV,-3.9,S427 SELL Open Close Cross,OCC SMMA8 altTFx3 ATR=n/a
2026-07-23 06:40:00,2026-07-23 07:16:00,BUY,4121.65,,,REV,54.4,S427 BUY Open Close Cross,OCC SMMA8 altTFx3 ATR=n/a
2026-07-23 07:16:00,2026-07-23 07:19:00,SELL,4127.29,,,REV,-10.4,S427 SELL Open Close Cross,OCC SMMA8 altTFx3 ATR=n/a
2026-07-23 07:19:00,2026-07-23 07:43:00,BUY,4128.13,,,REV,-4.4,S427 BUY Open Close Cross,OCC SMMA8 altTFx3 ATR=n/a
2026-07-23 07:43:00,2026-07-23 08:01:00,SELL,4127.89,,,REV,-99.0,S427 SELL Open Close Cross,OCC SMMA8 altTFx3 ATR=n/a
2026-07-23 08:01:00,2026-07-23 08:34:00,BUY,4137.59,,,REV,-33.6,S427 BUY Open Close Cross,OCC SMMA8 altTFx3 ATR=n/a
2026-07-23 08:34:00,2026-07-23 09:43:00,SELL,4134.43,,,REV,149.3,S427 SELL Open Close Cross,OCC SMMA8 altTFx3 ATR=n/a
2026-07-23 09:43:00,2026-07-23 10:49:00,BUY,4119.3,,,REV,58.0,S427 BUY Open Close Cross,OCC SMMA8 altTFx3 ATR=n/a
2026-07-23 10:49:00,2026-07-23 11:16:00,SELL,4125.3,,,REV,-25.4,S427 SELL Open Close Cross,OCC SMMA8 altTFx3 ATR=n/a
2026-07-23 11:16:00,2026-07-23 11:19:00,BUY,4127.64,,,REV,-18.6,S427 BUY Open Close Cross,OCC SMMA8 altTFx3 ATR=n/a
2026-07-23 11:19:00,2026-07-23 11:22:00,SELL,4125.98,,,REV,-17.2,S427 SELL Open Close Cross,OCC SMMA8 altTFx3 ATR=n/a
2026-07-23 11:22:00,2026-07-23 11:34:00,BUY,4127.5,,,REV,-15.0,S427 BUY Open Close Cross,OCC SMMA8 altTFx3 ATR=n/a
2026-07-23 11:34:00,2026-07-23 11:37:00,SELL,4126.2,,,REV,-13.5,S427 SELL Open Close Cross,OCC SMMA8 altTFx3 ATR=n/a
2026-07-23 11:37:00,2026-07-23 11:43:00,BUY,4127.35,,,REV,-36.6,S427 BUY Open Close Cross,OCC SMMA8 altTFx3 ATR=n/a
2026-07-23 11:43:00,2026-07-23 12:10:00,SELL,4123.89,,,REV,-5.2,S427 SELL Open Close Cross,OCC SMMA8 altTFx3 ATR=n/a
2026-07-23 12:10:00,2026-07-23 12:19:00,BUY,4124.21,,,REV,-14.3,S427 BUY Open Close Cross,OCC SMMA8 altTFx3 ATR=n/a
2026-07-23 12:19:00,2026-07-23 12:28:00,SELL,4122.98,,,REV,-4.9,S427 SELL Open Close Cross,OCC SMMA8 altTFx3 ATR=n/a
2026-07-23 12:28:00,2026-07-23 12:52:00,BUY,4123.27,,,REV,19.9,S427 BUY Open Close Cross,OCC SMMA8 altTFx3 ATR=n/a
2026-07-23 12:52:00,2026-07-23 12:55:00,SELL,4125.46,,,REV,-0.1,S427 SELL Open Close Cross,OCC SMMA8 altTFx3 ATR=n/a
2026-07-23 12:55:00,2026-07-23 12:58:00,BUY,4125.27,,,REV,-42.8,S427 BUY Open Close Cross,OCC SMMA8 altTFx3 ATR=n/a
2026-07-23 12:58:00,2026-07-23 13:19:00,SELL,4121.19,,,REV,-52.0,S427 SELL Open Close Cross,OCC SMMA8 altTFx3 ATR=n/a
2026-07-23 13:19:00,2026-07-23 13:28:00,BUY,4126.19,,,REV,-27.4,S427 BUY Open Close Cross,OCC SMMA8 altTFx3 ATR=n/a
2026-07-23 13:28:00,2026-07-23 15:58:00,SELL,4123.65,,,REV,290.7,S427 SELL Open Close Cross,OCC SMMA8 altTFx3 ATR=n/a
2026-07-23 15:58:00,2026-07-23 16:22:00,BUY,4094.38,,,REV,-4.4,S427 BUY Open Close Cross,OCC SMMA8 altTFx3 ATR=n/a
2026-07-23 16:22:00,2026-07-23 16:55:00,SELL,4094.14,,,REV,10.8,S427 SELL Open Close Cross,OCC SMMA8 altTFx3 ATR=n/a
2026-07-23 16:55:00,2026-07-23 16:58:00,BUY,4092.86,,,REV,-35.6,S427 BUY Open Close Cross,OCC SMMA8 altTFx3 ATR=n/a
2026-07-23 16:58:00,2026-07-23 17:19:00,SELL,4089.5,,,REV,-23.7,S427 SELL Open Close Cross,OCC SMMA8 altTFx3 ATR=n/a
2026-07-23 17:19:00,2026-07-23 17:22:00,BUY,4091.67,,,REV,-42.7,S427 BUY Open Close Cross,OCC SMMA8 altTFx3 ATR=n/a
2026-07-23 17:22:00,2026-07-23 17:49:00,SELL,4087.6,,,REV,-36.2,S427 SELL Open Close Cross,OCC SMMA8 altTFx3 ATR=n/a
2026-07-23 17:49:00,2026-07-23 18:07:00,BUY,4091.02,,,REV,-16.7,S427 BUY Open Close Cross,OCC SMMA8 altTFx3 ATR=n/a
2026-07-23 18:07:00,2026-07-23 18:52:00,SELL,4089.55,,,REV,52.7,S427 SELL Open Close Cross,OCC SMMA8 altTFx3 ATR=n/a
2026-07-23 18:52:00,2026-07-23 19:04:00,BUY,4084.08,,,REV,-17.2,S427 BUY Open Close Cross,OCC SMMA8 altTFx3 ATR=n/a
2026-07-23 19:04:00,2026-07-23 19:07:00,SELL,4082.56,,,REV,-0.4,S427 SELL Open Close Cross,OCC SMMA8 altTFx3 ATR=n/a
2026-07-23 19:07:00,2026-07-23 19:16:00,BUY,4082.4,,,REV,-26.2,S427 BUY Open Close Cross,OCC SMMA8 altTFx3 ATR=n/a
2026-07-23 19:16:00,2026-07-23 20:31:00,SELL,4079.98,,,REV,186.4,S427 SELL Open Close Cross,OCC SMMA8 altTFx3 ATR=n/a
2026-07-23 20:31:00,2026-07-23 20:46:00,BUY,4061.14,,,REV,-60.5,S427 BUY Open Close Cross,OCC SMMA8 altTFx3 ATR=n/a
2026-07-23 20:46:00,2026-07-23 20:55:00,SELL,4055.29,,,REV,-11.4,S427 SELL Open Close Cross,OCC SMMA8 altTFx3 ATR=n/a
2026-07-23 20:55:00,2026-07-23 20:58:00,BUY,4056.23,,,REV,-93.1,S427 BUY Open Close Cross,OCC SMMA8 altTFx3 ATR=n/a
2026-07-23 20:58:00,2026-07-23 21:28:00,SELL,4047.12,,,REV,-55.0,S427 SELL Open Close Cross,OCC SMMA8 altTFx3 ATR=n/a
2026-07-23 21:28:00,2026-07-23 22:07:00,BUY,4052.42,,,REV,19.7,S427 BUY Open Close Cross,OCC SMMA8 altTFx3 ATR=n/a
2026-07-23 22:07:00,2026-07-23 22:19:00,SELL,4054.59,,,REV,14.7,S427 SELL Open Close Cross,OCC SMMA8 altTFx3 ATR=n/a
2026-07-23 22:19:00,2026-07-23 22:22:00,BUY,4052.92,,,REV,-15.2,S427 BUY Open Close Cross,OCC SMMA8 altTFx3 ATR=n/a
2026-07-23 22:22:00,2026-07-23 22:43:00,SELL,4051.6,,,REV,-2.8,S427 SELL Open Close Cross,OCC SMMA8 altTFx3 ATR=n/a
2026-07-23 22:43:00,2026-07-23 22:46:00,BUY,4051.68,,,REV,-24.4,S427 BUY Open Close Cross,OCC SMMA8 altTFx3 ATR=n/a
2026-07-23 22:46:00,2026-07-23 23:04:00,SELL,4049.44,,,REV,-4.8,S427 SELL Open Close Cross,OCC SMMA8 altTFx3 ATR=n/a
2026-07-23 23:04:00,2026-07-23 23:07:00,BUY,4049.72,,,REV,-11.0,S427 BUY Open Close Cross,OCC SMMA8 altTFx3 ATR=n/a
2026-07-23 23:07:00,2026-07-23 23:13:00,SELL,4048.82,,,REV,-3.7,S427 SELL Open Close Cross,OCC SMMA8 altTFx3 ATR=n/a
2026-07-23 23:13:00,2026-07-23 23:19:00,BUY,4048.99,,,REV,-10.2,S427 BUY Open Close Cross,OCC SMMA8 altTFx3 ATR=n/a
2026-07-23 23:19:00,2026-07-23 23:22:00,SELL,4048.17,,,REV,-12.7,S427 SELL Open Close Cross,OCC SMMA8 altTFx3 ATR=n/a
2026-07-23 23:22:00,2026-07-23 23:34:00,BUY,4049.24,,,REV,-3.0,S427 BUY Open Close Cross,OCC SMMA8 altTFx3 ATR=n/a
2026-07-23 23:34:00,2026-07-23 23:40:00,SELL,4049.14,,,REV,-14.9,S427 SELL Open Close Cross,OCC SMMA8 altTFx3 ATR=n/a
2026-07-23 23:40:00,2026-07-23 23:52:00,BUY,4050.43,,,REV,-17.0,S427 BUY Open Close Cross,OCC SMMA8 altTFx3 ATR=n/a
2026-07-23 23:52:00,2026-07-23 23:58:00,SELL,4048.93,,,REV,-27.9,S427 SELL Open Close Cross,OCC SMMA8 altTFx3 ATR=n/a
2026-07-23 23:58:00,2026-07-24 00:10:00,BUY,4051.52,,,REV,-36.7,S427 BUY Open Close Cross,OCC SMMA8 altTFx3 ATR=n/a
2026-07-24 00:10:00,2026-07-24 01:31:00,SELL,4048.05,,,REV,7.8,S427 SELL Open Close Cross,OCC SMMA8 altTFx3 ATR=n/a
2026-07-24 01:31:00,2026-07-24 02:07:00,BUY,4047.07,,,REV,-14.1,S427 BUY Open Close Cross,OCC SMMA8 altTFx3 ATR=n/a
2026-07-24 02:07:00,2026-07-24 02:19:00,SELL,4045.86,,,REV,6.9,S427 SELL Open Close Cross,OCC SMMA8 altTFx3 ATR=n/a
2026-07-24 02:19:00,2026-07-24 02:46:00,BUY,4044.97,,,REV,7.8,S427 BUY Open Close Cross,OCC SMMA8 altTFx3 ATR=n/a
2026-07-24 02:46:00,2026-07-24 02:49:00,SELL,4045.95,,,REV,2.4,S427 SELL Open Close Cross,OCC SMMA8 altTFx3 ATR=n/a
2026-07-24 02:49:00,2026-07-24 03:22:00,BUY,4045.51,,,REV,25.7,S427 BUY Open Close Cross,OCC SMMA8 altTFx3 ATR=n/a
2026-07-24 03:22:00,2026-07-24 03:25:00,SELL,4048.28,,,REV,-9.8,S427 SELL Open Close Cross,OCC SMMA8 altTFx3 ATR=n/a
2026-07-24 03:25:00,2026-07-24 03:52:00,BUY,4049.06,,,REV,-2.0,S427 BUY Open Close Cross,OCC SMMA8 altTFx3 ATR=n/a
2026-07-24 03:52:00,2026-07-24 05:25:00,SELL,4049.06,,,REV,-12.1,S427 SELL Open Close Cross,OCC SMMA8 altTFx3 ATR=n/a
2026-07-24 05:25:00,2026-07-24 05:28:00,BUY,4050.07,,,REV,-6.5,S427 BUY Open Close Cross,OCC SMMA8 altTFx3 ATR=n/a
2026-07-24 05:28:00,2026-07-24 05:31:00,SELL,4049.62,,,REV,-4.8,S427 SELL Open Close Cross,OCC SMMA8 altTFx3 ATR=n/a
2026-07-24 05:31:00,2026-07-24 05:43:00,BUY,4049.9,,,REV,-2.6,S427 BUY Open Close Cross,OCC SMMA8 altTFx3 ATR=n/a
2026-07-24 05:43:00,2026-07-24 05:52:00,SELL,4049.84,,,REV,-1.5,S427 SELL Open Close Cross,OCC SMMA8 altTFx3 ATR=n/a
2026-07-24 05:52:00,2026-07-24 06:01:00,BUY,4049.79,,,REV,-4.0,S427 BUY Open Close Cross,OCC SMMA8 altTFx3 ATR=n/a
2026-07-24 06:01:00,2026-07-24 06:28:00,SELL,4049.59,,,REV,3.2,S427 SELL Open Close Cross,OCC SMMA8 altTFx3 ATR=n/a
2026-07-24 06:28:00,2026-07-24 06:43:00,BUY,4049.07,,,REV,-13.3,S427 BUY Open Close Cross,OCC SMMA8 altTFx3 ATR=n/a
2026-07-24 06:43:00,2026-07-24 07:04:00,SELL,4047.94,,,REV,-11.4,S427 SELL Open Close Cross,OCC SMMA8 altTFx3 ATR=n/a
2026-07-24 07:04:00,2026-07-24 07:07:00,BUY,4048.88,,,REV,-29.0,S427 BUY Open Close Cross,OCC SMMA8 altTFx3 ATR=n/a
2026-07-24 07:07:00,2026-07-24 07:25:00,SELL,4046.18,,,REV,-3.1,S427 SELL Open Close Cross,OCC SMMA8 altTFx3 ATR=n/a
2026-07-24 07:25:00,2026-07-24 07:28:00,BUY,4046.29,,,REV,-14.0,S427 BUY Open Close Cross,OCC SMMA8 altTFx3 ATR=n/a
2026-07-24 07:28:00,2026-07-24 07:31:00,SELL,4045.09,,,REV,-14.6,S427 SELL Open Close Cross,OCC SMMA8 altTFx3 ATR=n/a
2026-07-24 07:31:00,2026-07-24 07:37:00,BUY,4046.35,,,REV,16.6,S427 BUY Open Close Cross,OCC SMMA8 altTFx3 ATR=n/a
2026-07-24 07:37:00,2026-07-24 07:40:00,SELL,4048.21,,,REV,-4.6,S427 SELL Open Close Cross,OCC SMMA8 altTFx3 ATR=n/a
2026-07-24 07:40:00,2026-07-24 08:04:00,BUY,4048.47,,,REV,-67.3,S427 BUY Open Close Cross,OCC SMMA8 altTFx3 ATR=n/a
2026-07-24 08:04:00,2026-07-24 08:40:00,SELL,4041.94,,,REV,-18.1,S427 SELL Open Close Cross,OCC SMMA8 altTFx3 ATR=n/a
2026-07-24 08:40:00,2026-07-24 08:58:00,BUY,4043.55,,,REV,-1.7,S427 BUY Open Close Cross,OCC SMMA8 altTFx3 ATR=n/a
2026-07-24 08:58:00,2026-07-24 09:13:00,SELL,4043.58,,,REV,-17.3,S427 SELL Open Close Cross,OCC SMMA8 altTFx3 ATR=n/a
2026-07-24 09:13:00,2026-07-24 09:37:00,BUY,4045.11,,,REV,-21.3,S427 BUY Open Close Cross,OCC SMMA8 altTFx3 ATR=n/a
2026-07-24 09:37:00,2026-07-24 10:37:00,SELL,4043.18,,,REV,113.9,S427 SELL Open Close Cross,OCC SMMA8 altTFx3 ATR=n/a
2026-07-24 10:37:00,2026-07-24 10:46:00,BUY,4031.59,,,REV,-15.5,S427 BUY Open Close Cross,OCC SMMA8 altTFx3 ATR=n/a
2026-07-24 10:46:00,2026-07-24 11:25:00,SELL,4030.24,,,REV,5.3,S427 SELL Open Close Cross,OCC SMMA8 altTFx3 ATR=n/a
2026-07-24 11:25:00,2026-07-24 11:37:00,BUY,4029.51,,,REV,-21.2,S427 BUY Open Close Cross,OCC SMMA8 altTFx3 ATR=n/a
2026-07-24 11:37:00,2026-07-24 12:07:00,SELL,4027.59,,,REV,-14.2,S427 SELL Open Close Cross,OCC SMMA8 altTFx3 ATR=n/a
2026-07-24 12:07:00,2026-07-24 12:16:00,BUY,4028.81,,,REV,-17.3,S427 BUY Open Close Cross,OCC SMMA8 altTFx3 ATR=n/a
2026-07-24 12:16:00,2026-07-24 12:25:00,SELL,4027.28,,,REV,-3.6,S427 SELL Open Close Cross,OCC SMMA8 altTFx3 ATR=n/a
2026-07-24 12:25:00,2026-07-24 12:28:00,BUY,4027.44,,,REV,-20.3,S427 BUY Open Close Cross,OCC SMMA8 altTFx3 ATR=n/a
2026-07-24 12:28:00,2026-07-24 12:34:00,SELL,4025.61,,,REV,-37.7,S427 SELL Open Close Cross,OCC SMMA8 altTFx3 ATR=n/a
2026-07-24 12:34:00,2026-07-24 12:40:00,BUY,4029.18,,,REV,-32.9,S427 BUY Open Close Cross,OCC SMMA8 altTFx3 ATR=n/a
2026-07-24 12:40:00,2026-07-24 12:43:00,SELL,4026.09,,,REV,-13.2,S427 SELL Open Close Cross,OCC SMMA8 altTFx3 ATR=n/a
2026-07-24 12:43:00,2026-07-24 12:46:00,BUY,4027.21,,,REV,-0.9,S427 BUY Open Close Cross,OCC SMMA8 altTFx3 ATR=n/a
2026-07-24 12:46:00,2026-07-24 12:49:00,SELL,4027.32,,,REV,-12.2,S427 SELL Open Close Cross,OCC SMMA8 altTFx3 ATR=n/a
2026-07-24 12:49:00,2026-07-24 12:52:00,BUY,4028.34,,,REV,-27.9,S427 BUY Open Close Cross,OCC SMMA8 altTFx3 ATR=n/a
2026-07-24 12:52:00,2026-07-24 13:10:00,SELL,4025.75,,,REV,-17.2,S427 SELL Open Close Cross,OCC SMMA8 altTFx3 ATR=n/a
2026-07-24 13:10:00,2026-07-24 13:55:00,BUY,4027.27,,,REV,78.7,S427 BUY Open Close Cross,OCC SMMA8 altTFx3 ATR=n/a
2026-07-24 13:55:00,2026-07-24 13:58:00,SELL,4035.34,,,REV,-12.4,S427 SELL Open Close Cross,OCC SMMA8 altTFx3 ATR=n/a
2026-07-24 13:58:00,2026-07-24 15:07:00,BUY,4036.38,,,REV,92.1,S427 BUY Open Close Cross,OCC SMMA8 altTFx3 ATR=n/a
2026-07-24 15:07:00,2026-07-24 15:10:00,SELL,4045.79,,,REV,-20.0,S427 SELL Open Close Cross,OCC SMMA8 altTFx3 ATR=n/a
2026-07-24 15:10:00,2026-07-24 15:19:00,BUY,4047.59,,,REV,-24.7,S427 BUY Open Close Cross,OCC SMMA8 altTFx3 ATR=n/a
2026-07-24 15:19:00,2026-07-24 15:22:00,SELL,4045.32,,,REV,-16.3,S427 SELL Open Close Cross,OCC SMMA8 altTFx3 ATR=n/a
2026-07-24 15:22:00,2026-07-24 16:31:00,BUY,4046.75,,,REV,55.3,S427 BUY Open Close Cross,OCC SMMA8 altTFx3 ATR=n/a
2026-07-24 16:31:00,2026-07-24 16:40:00,SELL,4052.48,,,REV,-27.6,S427 SELL Open Close Cross,OCC SMMA8 altTFx3 ATR=n/a
2026-07-24 16:40:00,2026-07-24 17:43:00,BUY,4055.04,,,REV,39.6,S427 BUY Open Close Cross,OCC SMMA8 altTFx3 ATR=n/a
2026-07-24 17:43:00,2026-07-24 18:01:00,SELL,4059.2,,,REV,1.6,S427 SELL Open Close Cross,OCC SMMA8 altTFx3 ATR=n/a
2026-07-24 18:01:00,2026-07-24 18:28:00,BUY,4058.84,,,REV,5.4,S427 BUY Open Close Cross,OCC SMMA8 altTFx3 ATR=n/a
2026-07-24 18:28:00,2026-07-24 19:01:00,SELL,4059.58,,,REV,22.3,S427 SELL Open Close Cross,OCC SMMA8 altTFx3 ATR=n/a
2026-07-24 19:01:00,2026-07-24 19:04:00,BUY,4057.15,,,REV,-30.1,S427 BUY Open Close Cross,OCC SMMA8 altTFx3 ATR=n/a
2026-07-24 19:04:00,2026-07-24 19:16:00,SELL,4054.34,,,REV,-22.3,S427 SELL Open Close Cross,OCC SMMA8 altTFx3 ATR=n/a
2026-07-24 19:16:00,2026-07-24 19:22:00,BUY,4056.37,,,REV,-9.3,S427 BUY Open Close Cross,OCC SMMA8 altTFx3 ATR=n/a
2026-07-24 19:22:00,2026-07-24 19:25:00,SELL,4055.64,,,REV,-29.9,S427 SELL Open Close Cross,OCC SMMA8 altTFx3 ATR=n/a
2026-07-24 19:25:00,2026-07-24 19:40:00,BUY,4058.43,,,REV,-29.2,S427 BUY Open Close Cross,OCC SMMA8 altTFx3 ATR=n/a
2026-07-24 19:40:00,2026-07-24 20:01:00,SELL,4055.71,,,REV,-4.3,S427 SELL Open Close Cross,OCC SMMA8 altTFx3 ATR=n/a
2026-07-24 20:01:00,2026-07-24 20:04:00,BUY,4055.94,,,REV,-30.3,S427 BUY Open Close Cross,OCC SMMA8 altTFx3 ATR=n/a
2026-07-24 20:04:00,2026-07-24 20:37:00,SELL,4053.11,,,REV,12.4,S427 SELL Open Close Cross,OCC SMMA8 altTFx3 ATR=n/a
2026-07-24 20:37:00,2026-07-24 21:19:00,BUY,4051.67,,,REV,53.3,S427 BUY Open Close Cross,OCC SMMA8 altTFx3 ATR=n/a
2026-07-24 21:19:00,2026-07-24 21:22:00,SELL,4057.2,,,REV,-38.8,S427 SELL Open Close Cross,OCC SMMA8 altTFx3 ATR=n/a
2026-07-24 21:22:00,2026-07-24 21:40:00,BUY,4060.88,,,REV,-4.5,S427 BUY Open Close Cross,OCC SMMA8 altTFx3 ATR=n/a
2026-07-24 21:40:00,2026-07-24 21:52:00,SELL,4060.63,,,REV,-30.8,S427 SELL Open Close Cross,OCC SMMA8 altTFx3 ATR=n/a
2026-07-24 21:52:00,2026-07-24 21:55:00,BUY,4063.51,,,REV,-21.8,S427 BUY Open Close Cross,OCC SMMA8 altTFx3 ATR=n/a
2026-07-24 21:55:00,2026-07-24 21:58:00,SELL,4061.53,,,REV,-44.3,S427 SELL Open Close Cross,OCC SMMA8 altTFx3 ATR=n/a
2026-07-24 21:58:00,2026-07-24 22:10:00,BUY,4065.76,,,REV,-26.7,S427 BUY Open Close Cross,OCC SMMA8 altTFx3 ATR=n/a
2026-07-24 22:10:00,2026-07-24 22:13:00,SELL,4063.29,,,REV,-42.8,S427 SELL Open Close Cross,OCC SMMA8 altTFx3 ATR=n/a
2026-07-24 22:13:00,2026-07-24 22:46:00,BUY,4067.37,,,REV,47.2,S427 BUY Open Close Cross,OCC SMMA8 altTFx3 ATR=n/a
2026-07-24 22:46:00,2026-07-24 22:52:00,SELL,4072.29,,,REV,-19.6,S427 SELL Open Close Cross,OCC SMMA8 altTFx3 ATR=n/a
2026-07-24 22:52:00,2026-07-24 23:16:00,BUY,4074.05,,,REV,12.7,S427 BUY Open Close Cross,OCC SMMA8 altTFx3 ATR=n/a
2026-07-24 23:16:00,2026-07-24 23:22:00,SELL,4075.52,,,REV,0.2,S427 SELL Open Close Cross,OCC SMMA8 altTFx3 ATR=n/a
2026-07-24 23:22:00,2026-07-24 23:31:00,BUY,4075.3,,,REV,-43.5,S427 BUY Open Close Cross,OCC SMMA8 altTFx3 ATR=n/a
2026-07-24 23:31:00,2026-07-25 00:28:00,SELL,4071.15,,,REV,19.9,S427 SELL Open Close Cross,OCC SMMA8 altTFx3 ATR=n/a
2026-07-25 00:28:00,2026-07-25 00:46:00,BUY,4068.96,,,REV,-28.3,S427 BUY Open Close Cross,OCC SMMA8 altTFx3 ATR=n/a
2026-07-25 00:46:00,2026-07-25 02:37:00,SELL,4066.33,,,REV,119.2,S427 SELL Open Close Cross,OCC SMMA8 altTFx3 ATR=n/a
2026-07-25 02:37:00,2026-07-25 02:52:00,BUY,4054.21,,,REV,0.4,S427 BUY Open Close Cross,OCC SMMA8 altTFx3 ATR=n/a
2026-07-25 02:52:00,2026-07-25 02:55:00,SELL,4054.45,,,REV,-11.5,S427 SELL Open Close Cross,OCC SMMA8 altTFx3 ATR=n/a
2026-07-25 02:55:00,2026-07-25 02:58:00,BUY,4055.4,,,REV,-26.8,S427 BUY Open Close Cross,OCC SMMA8 altTFx3 ATR=n/a
2026-07-25 02:58:00,2026-07-25 03:04:00,SELL,4052.92,,,REV,-14.3,S427 SELL Open Close Cross,OCC SMMA8 altTFx3 ATR=n/a
2026-07-25 03:04:00,2026-07-25 03:07:00,BUY,4054.15,,,REV,-5.5,S427 BUY Open Close Cross,OCC SMMA8 altTFx3 ATR=n/a
2026-07-25 03:07:00,2026-07-25 03:28:00,SELL,4053.8,,,REV,-2.2,S427 SELL Open Close Cross,OCC SMMA8 altTFx3 ATR=n/a
2026-07-25 03:28:00,2026-07-25 03:55:00,BUY,4053.82,,,REV,-6.8,S427 BUY Open Close Cross,OCC SMMA8 altTFx3 ATR=n/a
2026-07-25 03:55:00,2026-07-27 05:34:00,SELL,4053.34,,,REV,-381.0,S427 SELL Open Close Cross,OCC SMMA8 altTFx3 ATR=n/a
2026-07-27 05:34:00,2026-07-27 06:01:00,BUY,4091.24,,,REV,-12.8,S427 BUY Open Close Cross,OCC SMMA8 altTFx3 ATR=n/a
2026-07-27 06:01:00,2026-07-27 06:37:00,SELL,4090.16,,,REV,25.0,S427 SELL Open Close Cross,OCC SMMA8 altTFx3 ATR=n/a
2026-07-27 06:37:00,2026-07-27 07:28:00,BUY,4087.46,,,REV,35.8,S427 BUY Open Close Cross,OCC SMMA8 altTFx3 ATR=n/a
2026-07-27 07:28:00,2026-07-27 07:37:00,SELL,4091.24,,,REV,-84.5,S427 SELL Open Close Cross,OCC SMMA8 altTFx3 ATR=n/a
2026-07-27 07:37:00,2026-07-27 07:43:00,BUY,4099.49,,,REV,16.1,S427 BUY Open Close Cross,OCC SMMA8 altTFx3 ATR=n/a
2026-07-27 07:43:00,2026-07-27 07:49:00,SELL,4101.3,,,REV,-45.3,S427 SELL Open Close Cross,OCC SMMA8 altTFx3 ATR=n/a
2026-07-27 07:49:00,2026-07-27 08:01:00,BUY,4105.63,,,REV,8.1,S427 BUY Open Close Cross,OCC SMMA8 altTFx3 ATR=n/a
2026-07-27 08:01:00,2026-07-27 08:04:00,SELL,4106.64,,,REV,-1.4,S427 SELL Open Close Cross,OCC SMMA8 altTFx3 ATR=n/a
2026-07-27 08:04:00,2026-07-27 08:22:00,BUY,4106.58,,,REV,-50.6,S427 BUY Open Close Cross,OCC SMMA8 altTFx3 ATR=n/a
2026-07-27 08:22:00,2026-07-27 08:40:00,SELL,4101.72,,,REV,-20.9,S427 SELL Open Close Cross,OCC SMMA8 altTFx3 ATR=n/a
2026-07-27 08:40:00,2026-07-27 09:10:00,BUY,4103.61,,,REV,4.5,S427 BUY Open Close Cross,OCC SMMA8 altTFx3 ATR=n/a
2026-07-27 09:10:00,2026-07-27 09:13:00,SELL,4104.26,,,REV,-2.6,S427 SELL Open Close Cross,OCC SMMA8 altTFx3 ATR=n/a
2026-07-27 09:13:00,2026-07-27 09:19:00,BUY,4104.32,,,REV,-5.8,S427 BUY Open Close Cross,OCC SMMA8 altTFx3 ATR=n/a
2026-07-27 09:19:00,2026-07-27 10:55:00,SELL,4103.94,,,REV,142.6,S427 SELL Open Close Cross,OCC SMMA8 altTFx3 ATR=n/a
2026-07-27 10:55:00,2026-07-27 10:58:00,BUY,4089.48,,,REV,10.7,S427 BUY Open Close Cross,OCC SMMA8 altTFx3 ATR=n/a
2026-07-27 10:58:00,2026-07-27 11:01:00,SELL,4090.75,,,REV,-16.1,S427 SELL Open Close Cross,OCC SMMA8 altTFx3 ATR=n/a
2026-07-27 11:01:00,2026-07-27 11:13:00,BUY,4092.16,,,REV,-23.0,S427 BUY Open Close Cross,OCC SMMA8 altTFx3 ATR=n/a
2026-07-27 11:13:00,2026-07-27 11:34:00,SELL,4090.06,,,REV,-5.2,S427 SELL Open Close Cross,OCC SMMA8 altTFx3 ATR=n/a
2026-07-27 11:34:00,2026-07-27 11:52:00,BUY,4090.38,,,REV,-11.1,S427 BUY Open Close Cross,OCC SMMA8 altTFx3 ATR=n/a
2026-07-27 11:52:00,2026-07-27 11:58:00,SELL,4089.47,,,REV,-11.3,S427 SELL Open Close Cross,OCC SMMA8 altTFx3 ATR=n/a
2026-07-27 11:58:00,2026-07-27 12:01:00,BUY,4090.4,,,REV,-10.5,S427 BUY Open Close Cross,OCC SMMA8 altTFx3 ATR=n/a
2026-07-27 12:01:00,2026-07-27 12:10:00,SELL,4089.55,,,REV,-39.9,S427 SELL Open Close Cross,OCC SMMA8 altTFx3 ATR=n/a
2026-07-27 12:10:00,2026-07-27 12:22:00,BUY,4093.34,,,REV,-29.9,S427 BUY Open Close Cross,OCC SMMA8 altTFx3 ATR=n/a
2026-07-27 12:22:00,2026-07-27 12:58:00,SELL,4090.55,,,REV,-8.7,S427 SELL Open Close Cross,OCC SMMA8 altTFx3 ATR=n/a
2026-07-27 12:58:00,2026-07-27 14:40:00,BUY,4091.22,,,REV,78.4,S427 BUY Open Close Cross,OCC SMMA8 altTFx3 ATR=n/a
2026-07-27 14:40:00,2026-07-27 15:43:00,SELL,4099.26,,,REV,74.3,S427 SELL Open Close Cross,OCC SMMA8 altTFx3 ATR=n/a
2026-07-27 15:43:00,2026-07-27 15:46:00,BUY,4091.63,,,REV,-2.1,S427 BUY Open Close Cross,OCC SMMA8 altTFx3 ATR=n/a
2026-07-27 15:46:00,2026-07-27 15:49:00,SELL,4091.62,,,REV,-15.2,S427 SELL Open Close Cross,OCC SMMA8 altTFx3 ATR=n/a
2026-07-27 15:49:00,2026-07-27 16:16:00,BUY,4092.94,,,REV,9.8,S427 BUY Open Close Cross,OCC SMMA8 altTFx3 ATR=n/a
2026-07-27 16:16:00,2026-07-27 16:28:00,SELL,4094.12,,,REV,-3.4,S427 SELL Open Close Cross,OCC SMMA8 altTFx3 ATR=n/a
2026-07-27 16:28:00,2026-07-27 16:31:00,BUY,4094.26,,,REV,-35.0,S427 BUY Open Close Cross,OCC SMMA8 altTFx3 ATR=n/a
2026-07-27 16:31:00,2026-07-27 16:46:00,SELL,4090.96,,,REV,-35.3,S427 SELL Open Close Cross,OCC SMMA8 altTFx3 ATR=n/a
2026-07-27 16:46:00,2026-07-27 17:07:00,BUY,4094.29,,,REV,-10.3,S427 BUY Open Close Cross,OCC SMMA8 altTFx3 ATR=n/a
2026-07-27 17:07:00,2026-07-27 17:28:00,SELL,4093.46,,,REV,1.4,S427 SELL Open Close Cross,OCC SMMA8 altTFx3 ATR=n/a
2026-07-27 17:28:00,2026-07-27 18:04:00,BUY,4093.12,,,REV,48.3,S427 BUY Open Close Cross,OCC SMMA8 altTFx3 ATR=n/a
2026-07-27 18:04:00,2026-07-27 18:07:00,SELL,4098.15,,,REV,-6.0,S427 SELL Open Close Cross,OCC SMMA8 altTFx3 ATR=n/a
2026-07-27 18:07:00,2026-07-27 18:28:00,BUY,4098.55,,,REV,12.4,S427 BUY Open Close Cross,OCC SMMA8 altTFx3 ATR=n/a
2026-07-27 18:28:00,2026-07-27 19:04:00,SELL,4099.99,,,REV,31.3,S427 SELL Open Close Cross,OCC SMMA8 altTFx3 ATR=n/a
2026-07-27 19:04:00,2026-07-27 19:07:00,BUY,4096.66,,,REV,-14.5,S427 BUY Open Close Cross,OCC SMMA8 altTFx3 ATR=n/a
2026-07-27 19:07:00,2026-07-27 20:04:00,SELL,4095.41,,,REV,108.4,S427 SELL Open Close Cross,OCC SMMA8 altTFx3 ATR=n/a
2026-07-27 20:04:00,2026-07-27 20:07:00,BUY,4084.37,,,REV,-23.7,S427 BUY Open Close Cross,OCC SMMA8 altTFx3 ATR=n/a
2026-07-27 20:07:00,2026-07-27 20:40:00,SELL,4082.2,,,REV,-31.1,S427 SELL Open Close Cross,OCC SMMA8 altTFx3 ATR=n/a
2026-07-27 20:40:00,2026-07-27 20:58:00,BUY,4085.11,,,REV,-108.0,S427 BUY Open Close Cross,OCC SMMA8 altTFx3 ATR=n/a
2026-07-27 20:58:00,2026-07-27 21:55:00,SELL,4074.51,,,REV,10.9,S427 SELL Open Close Cross,OCC SMMA8 altTFx3 ATR=n/a
2026-07-27 21:55:00,2026-07-27 22:04:00,BUY,4073.22,,,REV,-5.1,S427 BUY Open Close Cross,OCC SMMA8 altTFx3 ATR=n/a
2026-07-27 22:04:00,2026-07-27 22:07:00,SELL,4072.91,,,REV,-8.8,S427 SELL Open Close Cross,OCC SMMA8 altTFx3 ATR=n/a
2026-07-27 22:07:00,2026-07-27 22:13:00,BUY,4073.59,,,REV,-8.9,S427 BUY Open Close Cross,OCC SMMA8 altTFx3 ATR=n/a
2026-07-27 22:13:00,2026-07-27 22:16:00,SELL,4072.9,,,REV,-40.4,S427 SELL Open Close Cross,OCC SMMA8 altTFx3 ATR=n/a
2026-07-27 22:16:00,2026-07-27 22:34:00,BUY,4076.74,,,REV,-33.3,S427 BUY Open Close Cross,OCC SMMA8 altTFx3 ATR=n/a
2026-07-27 22:34:00,2026-07-27 22:43:00,SELL,4073.61,,,REV,-13.0,S427 SELL Open Close Cross,OCC SMMA8 altTFx3 ATR=n/a
2026-07-27 22:43:00,2026-07-27 23:52:00,BUY,4074.71,,,REV,85.3,S427 BUY Open Close Cross,OCC SMMA8 altTFx3 ATR=n/a
2026-07-27 23:52:00,2026-07-28 00:52:00,SELL,4083.44,,,REV,70.5,S427 SELL Open Close Cross,OCC SMMA8 altTFx3 ATR=n/a
2026-07-28 00:52:00,2026-07-28 00:55:00,BUY,4076.19,,,REV,-4.0,S427 BUY Open Close Cross,OCC SMMA8 altTFx3 ATR=n/a
2026-07-28 00:55:00,2026-07-28 00:58:00,SELL,4075.99,,,REV,-4.8,S427 SELL Open Close Cross,OCC SMMA8 altTFx3 ATR=n/a
2026-07-28 00:58:00,2026-07-28 01:19:00,BUY,4076.27,,,REV,-10.3,S427 BUY Open Close Cross,OCC SMMA8 altTFx3 ATR=n/a
2026-07-28 01:19:00,2026-07-28 01:28:00,SELL,4075.44,,,REV,-9.8,S427 SELL Open Close Cross,OCC SMMA8 altTFx3 ATR=n/a
2026-07-28 01:28:00,2026-07-28 01:37:00,BUY,4076.22,,,REV,-16.2,S427 BUY Open Close Cross,OCC SMMA8 altTFx3 ATR=n/a
2026-07-28 01:37:00,2026-07-28 01:43:00,SELL,4074.8,,,REV,-31.4,S427 SELL Open Close Cross,OCC SMMA8 altTFx3 ATR=n/a
2026-07-28 01:43:00,2026-07-28 01:49:00,BUY,4077.74,,,REV,-19.4,S427 BUY Open Close Cross,OCC SMMA8 altTFx3 ATR=n/a
2026-07-28 01:49:00,2026-07-28 01:55:00,SELL,4076.0,,,REV,-18.5,S427 SELL Open Close Cross,OCC SMMA8 altTFx3 ATR=n/a
2026-07-28 01:55:00,2026-07-28 02:07:00,BUY,4077.65,,,REV,4.6,S427 BUY Open Close Cross,OCC SMMA8 altTFx3 ATR=n/a
2026-07-28 02:07:00,2026-07-28 02:10:00,SELL,4078.31,,,REV,-16.7,S427 SELL Open Close Cross,OCC SMMA8 altTFx3 ATR=n/a
2026-07-28 02:10:00,2026-07-28 03:01:00,BUY,4079.78,,,REV,25.6,S427 BUY Open Close Cross,OCC SMMA8 altTFx3 ATR=n/a
2026-07-28 03:01:00,2026-07-28 06:19:00,SELL,4082.54,,,REV,81.1,S427 SELL Open Close Cross,OCC SMMA8 altTFx3 ATR=n/a
2026-07-28 06:19:00,2026-07-28 06:22:00,BUY,4074.23,,,REV,-12.6,S427 BUY Open Close Cross,OCC SMMA8 altTFx3 ATR=n/a
2026-07-28 06:22:00,2026-07-28 07:01:00,SELL,4073.17,,,REV,10.7,S427 SELL Open Close Cross,OCC SMMA8 altTFx3 ATR=n/a
2026-07-28 07:01:00,2026-07-28 07:04:00,BUY,4071.9,,,REV,-19.3,S427 BUY Open Close Cross,OCC SMMA8 altTFx3 ATR=n/a
2026-07-28 07:04:00,2026-07-28 07:46:00,SELL,4070.17,,,REV,64.4,S427 SELL Open Close Cross,OCC SMMA8 altTFx3 ATR=n/a
2026-07-28 07:46:00,2026-07-28 07:49:00,BUY,4063.53,,,REV,-45.5,S427 BUY Open Close Cross,OCC SMMA8 altTFx3 ATR=n/a
2026-07-28 07:49:00,2026-07-28 09:13:00,SELL,4059.18,,,REV,120.9,S427 SELL Open Close Cross,OCC SMMA8 altTFx3 ATR=n/a
2026-07-28 09:13:00,2026-07-28 09:16:00,BUY,4046.89,,,REV,-9.0,S427 BUY Open Close Cross,OCC SMMA8 altTFx3 ATR=n/a
2026-07-28 09:16:00,2026-07-28 09:19:00,SELL,4046.19,,,REV,-15.7,S427 SELL Open Close Cross,OCC SMMA8 altTFx3 ATR=n/a
2026-07-28 09:19:00,2026-07-28 09:28:00,BUY,4047.56,,,REV,-10.9,S427 BUY Open Close Cross,OCC SMMA8 altTFx3 ATR=n/a
2026-07-28 09:28:00,2026-07-28 09:37:00,SELL,4046.67,,,REV,-6.6,S427 SELL Open Close Cross,OCC SMMA8 altTFx3 ATR=n/a
2026-07-28 09:37:00,2026-07-28 09:40:00,BUY,4047.13,,,REV,-24.7,S427 BUY Open Close Cross,OCC SMMA8 altTFx3 ATR=n/a
2026-07-28 09:40:00,2026-07-28 10:07:00,SELL,4044.86,,,REV,-3.0,S427 SELL Open Close Cross,OCC SMMA8 altTFx3 ATR=n/a
2026-07-28 10:07:00,2026-07-28 11:07:00,BUY,4044.96,,,REV,11.8,S427 BUY Open Close Cross,OCC SMMA8 altTFx3 ATR=n/a
2026-07-28 11:07:00,2026-07-28 11:25:00,SELL,4046.34,,,REV,-4.5,S427 SELL Open Close Cross,OCC SMMA8 altTFx3 ATR=n/a
2026-07-28 11:25:00,2026-07-28 11:28:00,BUY,4046.59,,,REV,-4.4,S427 BUY Open Close Cross,OCC SMMA8 altTFx3 ATR=n/a
2026-07-28 11:28:00,2026-07-28 11:46:00,SELL,4046.35,,,REV,-14.1,S427 SELL Open Close Cross,OCC SMMA8 altTFx3 ATR=n/a
2026-07-28 11:46:00,2026-07-28 11:49:00,BUY,4047.56,,,REV,-41.9,S427 BUY Open Close Cross,OCC SMMA8 altTFx3 ATR=n/a
2026-07-28 11:49:00,2026-07-28 12:22:00,SELL,4043.57,,,REV,0.0,S427 SELL Open Close Cross,OCC SMMA8 altTFx3 ATR=n/a
2026-07-28 12:22:00,2026-07-28 12:25:00,BUY,4043.37,,,REV,-11.6,S427 BUY Open Close Cross,OCC SMMA8 altTFx3 ATR=n/a
2026-07-28 12:25:00,2026-07-28 12:31:00,SELL,4042.41,,,REV,-0.9,S427 SELL Open Close Cross,OCC SMMA8 altTFx3 ATR=n/a
2026-07-28 12:31:00,2026-07-28 12:34:00,BUY,4042.3,,,REV,-29.4,S427 BUY Open Close Cross,OCC SMMA8 altTFx3 ATR=n/a
2026-07-28 12:34:00,2026-07-28 12:46:00,SELL,4039.56,,,REV,-33.5,S427 SELL Open Close Cross,OCC SMMA8 altTFx3 ATR=n/a
2026-07-28 12:46:00,2026-07-28 12:49:00,BUY,4042.71,,,REV,-12.3,S427 BUY Open Close Cross,OCC SMMA8 altTFx3 ATR=n/a
2026-07-28 12:49:00,2026-07-28 12:52:00,SELL,4041.68,,,REV,-4.0,S427 SELL Open Close Cross,OCC SMMA8 altTFx3 ATR=n/a
2026-07-28 12:52:00,2026-07-28 14:07:00,BUY,4041.88,,,REV,63.2,S427 BUY Open Close Cross,OCC SMMA8 altTFx3 ATR=n/a
2026-07-28 14:07:00,2026-07-28 14:10:00,SELL,4048.4,,,REV,-19.9,S427 SELL Open Close Cross,OCC SMMA8 altTFx3 ATR=n/a
2026-07-28 14:10:00,2026-07-28 14:16:00,BUY,4050.19,,,REV,-12.3,S427 BUY Open Close Cross,OCC SMMA8 altTFx3 ATR=n/a
2026-07-28 14:16:00,2026-07-28 14:19:00,SELL,4049.16,,,REV,-25.3,S427 SELL Open Close Cross,OCC SMMA8 altTFx3 ATR=n/a
2026-07-28 14:19:00,2026-07-28 14:37:00,BUY,4051.49,,,REV,-13.2,S427 BUY Open Close Cross,OCC SMMA8 altTFx3 ATR=n/a
2026-07-28 14:37:00,2026-07-28 15:04:00,SELL,4050.37,,,REV,-15.2,S427 SELL Open Close Cross,OCC SMMA8 altTFx3 ATR=n/a
2026-07-28 15:04:00,2026-07-28 15:13:00,BUY,4051.69,,,REV,-79.8,S427 BUY Open Close Cross,OCC SMMA8 altTFx3 ATR=n/a
2026-07-28 15:13:00,2026-07-28 15:22:00,SELL,4043.91,,,REV,-58.7,S427 SELL Open Close Cross,OCC SMMA8 altTFx3 ATR=n/a
2026-07-28 15:22:00,2026-07-28 15:34:00,BUY,4049.58,,,REV,-49.5,S427 BUY Open Close Cross,OCC SMMA8 altTFx3 ATR=n/a
2026-07-28 15:34:00,2026-07-28 17:49:00,SELL,4044.83,,,REV,185.8,S427 SELL Open Close Cross,OCC SMMA8 altTFx3 ATR=n/a
2026-07-28 17:49:00,2026-07-28 18:16:00,BUY,4026.05,,,REV,30.5,S427 BUY Open Close Cross,OCC SMMA8 altTFx3 ATR=n/a
2026-07-28 18:16:00,2026-07-28 18:19:00,SELL,4029.3,,,REV,-17.8,S427 SELL Open Close Cross,OCC SMMA8 altTFx3 ATR=n/a
2026-07-28 18:19:00,2026-07-28 18:34:00,BUY,4030.88,,,REV,-40.9,S427 BUY Open Close Cross,OCC SMMA8 altTFx3 ATR=n/a
2026-07-28 18:34:00,2026-07-28 18:37:00,SELL,4026.99,,,REV,-31.8,S427 SELL Open Close Cross,OCC SMMA8 altTFx3 ATR=n/a
2026-07-28 18:37:00,2026-07-28 18:46:00,BUY,4029.97,,,REV,-26.7,S427 BUY Open Close Cross,OCC SMMA8 altTFx3 ATR=n/a
2026-07-28 18:46:00,2026-07-28 18:58:00,SELL,4027.5,,,REV,17.7,S427 SELL Open Close Cross,OCC SMMA8 altTFx3 ATR=n/a
2026-07-28 18:58:00,2026-07-28 19:04:00,BUY,4025.53,,,REV,1.5,S427 BUY Open Close Cross,OCC SMMA8 altTFx3 ATR=n/a
2026-07-28 19:04:00,2026-07-28 19:07:00,SELL,4025.88,,,REV,-16.2,S427 SELL Open Close Cross,OCC SMMA8 altTFx3 ATR=n/a
2026-07-28 19:07:00,2026-07-28 19:10:00,BUY,4027.3,,,REV,-12.6,S427 BUY Open Close Cross,OCC SMMA8 altTFx3 ATR=n/a
2026-07-28 19:10:00,2026-07-28 19:16:00,SELL,4026.24,,,REV,-11.2,S427 SELL Open Close Cross,OCC SMMA8 altTFx3 ATR=n/a
2026-07-28 19:16:00,2026-07-28 19:34:00,BUY,4027.16,,,REV,14.2,S427 BUY Open Close Cross,OCC SMMA8 altTFx3 ATR=n/a
2026-07-28 19:34:00,2026-07-28 19:40:00,SELL,4028.78,,,REV,1.7,S427 SELL Open Close Cross,OCC SMMA8 altTFx3 ATR=n/a
2026-07-28 19:40:00,2026-07-28 19:58:00,BUY,4028.41,,,REV,7.4,S427 BUY Open Close Cross,OCC SMMA8 altTFx3 ATR=n/a
2026-07-28 19:58:00,2026-07-28 20:04:00,SELL,4029.35,,,REV,-40.8,S427 SELL Open Close Cross,OCC SMMA8 altTFx3 ATR=n/a
2026-07-28 20:04:00,2026-07-28 20:19:00,BUY,4033.23,,,REV,-20.6,S427 BUY Open Close Cross,OCC SMMA8 altTFx3 ATR=n/a
2026-07-28 20:19:00,2026-07-28 20:22:00,SELL,4031.37,,,REV,-36.1,S427 SELL Open Close Cross,OCC SMMA8 altTFx3 ATR=n/a
2026-07-28 20:22:00,2026-07-28 20:31:00,BUY,4034.78,,,REV,-45.6,S427 BUY Open Close Cross,OCC SMMA8 altTFx3 ATR=n/a
2026-07-28 20:31:00,2026-07-28 21:07:00,SELL,4030.42,,,REV,-7.6,S427 SELL Open Close Cross,OCC SMMA8 altTFx3 ATR=n/a
2026-07-28 21:07:00,2026-07-28 21:16:00,BUY,4030.98,,,REV,-62.2,S427 BUY Open Close Cross,OCC SMMA8 altTFx3 ATR=n/a
2026-07-28 21:16:00,2026-07-28 21:34:00,SELL,4024.96,,,REV,8.9,S427 SELL Open Close Cross,OCC SMMA8 altTFx3 ATR=n/a
2026-07-28 21:34:00,2026-07-28 21:37:00,BUY,4023.87,,,REV,-16.3,S427 BUY Open Close Cross,OCC SMMA8 altTFx3 ATR=n/a
2026-07-28 21:37:00,2026-07-28 21:49:00,SELL,4022.44,,,REV,-26.7,S427 SELL Open Close Cross,OCC SMMA8 altTFx3 ATR=n/a
2026-07-28 21:49:00,2026-07-28 22:01:00,BUY,4024.91,,,REV,37.0,S427 BUY Open Close Cross,OCC SMMA8 altTFx3 ATR=n/a
2026-07-28 22:01:00,2026-07-28 22:04:00,SELL,4028.81,,,REV,37.6,S427 SELL Open Close Cross,OCC SMMA8 altTFx3 ATR=n/a
2026-07-28 22:04:00,2026-07-28 22:07:00,BUY,4024.85,,,REV,-21.3,S427 BUY Open Close Cross,OCC SMMA8 altTFx3 ATR=n/a
2026-07-28 22:07:00,2026-07-28 22:10:00,SELL,4022.92,,,REV,-49.7,S427 SELL Open Close Cross,OCC SMMA8 altTFx3 ATR=n/a
2026-07-28 22:10:00,2026-07-28 23:31:00,BUY,4027.69,,,REV,136.0,S427 BUY Open Close Cross,OCC SMMA8 altTFx3 ATR=n/a
2026-07-28 23:31:00,2026-07-28 23:34:00,SELL,4041.49,,,REV,-21.3,S427 SELL Open Close Cross,OCC SMMA8 altTFx3 ATR=n/a
2026-07-28 23:34:00,2026-07-28 23:40:00,BUY,4043.42,,,REV,-17.1,S427 BUY Open Close Cross,OCC SMMA8 altTFx3 ATR=n/a
2026-07-28 23:40:00,2026-07-29 00:07:00,SELL,4041.91,,,REV,21.1,S427 SELL Open Close Cross,OCC SMMA8 altTFx3 ATR=n/a
2026-07-29 00:07:00,2026-07-29 00:10:00,BUY,4039.6,,,REV,-12.1,S427 BUY Open Close Cross,OCC SMMA8 altTFx3 ATR=n/a
2026-07-29 00:10:00,2026-07-29 00:22:00,SELL,4038.59,,,REV,0.5,S427 SELL Open Close Cross,OCC SMMA8 altTFx3 ATR=n/a
2026-07-29 00:22:00,2026-07-29 00:25:00,BUY,4038.34,,,REV,-20.3,S427 BUY Open Close Cross,OCC SMMA8 altTFx3 ATR=n/a
2026-07-29 00:25:00,2026-07-29 02:07:00,SELL,4036.51,,,REV,112.9,S427 SELL Open Close Cross,OCC SMMA8 altTFx3 ATR=n/a
2026-07-29 02:07:00,2026-07-29 02:13:00,BUY,4025.02,,,REV,-13.4,S427 BUY Open Close Cross,OCC SMMA8 altTFx3 ATR=n/a
2026-07-29 02:13:00,2026-07-29 02:19:00,SELL,4023.88,,,REV,-5.1,S427 SELL Open Close Cross,OCC SMMA8 altTFx3 ATR=n/a
2026-07-29 02:19:00,2026-07-29 02:22:00,BUY,4024.19,,,REV,-10.6,S427 BUY Open Close Cross,OCC SMMA8 altTFx3 ATR=n/a
2026-07-29 02:22:00,2026-07-29 02:34:00,SELL,4023.33,,,REV,-35.4,S427 SELL Open Close Cross,OCC SMMA8 altTFx3 ATR=n/a
2026-07-29 02:34:00,2026-07-29 02:40:00,BUY,4026.67,,,REV,-20.7,S427 BUY Open Close Cross,OCC SMMA8 altTFx3 ATR=n/a
2026-07-29 02:40:00,2026-07-29 02:43:00,SELL,4024.8,,,REV,-4.7,S427 SELL Open Close Cross,OCC SMMA8 altTFx3 ATR=n/a
2026-07-29 02:43:00,2026-07-29 03:04:00,BUY,4025.07,,,REV,-16.5,S427 BUY Open Close Cross,OCC SMMA8 altTFx3 ATR=n/a
2026-07-29 03:04:00,2026-07-29 03:19:00,SELL,4023.62,,,REV,-26.5,S427 SELL Open Close Cross,OCC SMMA8 altTFx3 ATR=n/a
2026-07-29 03:19:00,2026-07-29 03:52:00,BUY,4026.07,,,REV,10.3,S427 BUY Open Close Cross,OCC SMMA8 altTFx3 ATR=n/a
2026-07-29 03:52:00,2026-07-29 03:55:00,SELL,4027.3,,,REV,-10.5,S427 SELL Open Close Cross,OCC SMMA8 altTFx3 ATR=n/a
2026-07-29 03:55:00,2026-07-29 05:16:00,BUY,4028.15,,,REV,-42.8,S427 BUY Open Close Cross,OCC SMMA8 altTFx3 ATR=n/a
2026-07-29 05:16:00,2026-07-29 06:10:00,SELL,4024.07,,,REV,56.1,S427 SELL Open Close Cross,OCC SMMA8 altTFx3 ATR=n/a
2026-07-29 06:10:00,2026-07-29 06:19:00,BUY,4018.26,,,REV,-22.1,S427 BUY Open Close Cross,OCC SMMA8 altTFx3 ATR=n/a
2026-07-29 06:19:00,2026-07-29 06:37:00,SELL,4016.25,,,REV,-33.1,S427 SELL Open Close Cross,OCC SMMA8 altTFx3 ATR=n/a
2026-07-29 06:37:00,2026-07-29 06:43:00,BUY,4019.36,,,REV,-6.5,S427 BUY Open Close Cross,OCC SMMA8 altTFx3 ATR=n/a
2026-07-29 06:43:00,2026-07-29 06:46:00,SELL,4018.91,,,REV,-24.1,S427 SELL Open Close Cross,OCC SMMA8 altTFx3 ATR=n/a
2026-07-29 06:46:00,2026-07-29 07:04:00,BUY,4021.12,,,REV,0.7,S427 BUY Open Close Cross,OCC SMMA8 altTFx3 ATR=n/a
2026-07-29 07:04:00,2026-07-29 07:19:00,SELL,4021.39,,,REV,-38.7,S427 SELL Open Close Cross,OCC SMMA8 altTFx3 ATR=n/a
2026-07-29 07:19:00,2026-07-29 07:52:00,BUY,4025.06,,,REV,-22.0,S427 BUY Open Close Cross,OCC SMMA8 altTFx3 ATR=n/a
2026-07-29 07:52:00,2026-07-29 08:31:00,SELL,4023.06,,,REV,48.3,S427 SELL Open Close Cross,OCC SMMA8 altTFx3 ATR=n/a
2026-07-29 08:31:00,2026-07-29 09:55:00,BUY,4018.03,,,REV,117.3,S427 BUY Open Close Cross,OCC SMMA8 altTFx3 ATR=n/a
2026-07-29 09:55:00,2026-07-29 10:37:00,SELL,4029.96,,,REV,2.3,S427 SELL Open Close Cross,OCC SMMA8 altTFx3 ATR=n/a
2026-07-29 10:37:00,2026-07-29 10:40:00,BUY,4029.53,,,REV,-25.3,S427 BUY Open Close Cross,OCC SMMA8 altTFx3 ATR=n/a
2026-07-29 10:40:00,2026-07-29 11:28:00,SELL,4027.2,,,REV,25.3,S427 SELL Open Close Cross,OCC SMMA8 altTFx3 ATR=n/a
2026-07-29 11:28:00,2026-07-29 11:31:00,BUY,4024.47,,,REV,3.8,S427 BUY Open Close Cross,OCC SMMA8 altTFx3 ATR=n/a
2026-07-29 11:31:00,2026-07-29 11:34:00,SELL,4025.05,,,REV,-18.3,S427 SELL Open Close Cross,OCC SMMA8 altTFx3 ATR=n/a
2026-07-29 11:34:00,2026-07-29 12:58:00,BUY,4026.68,,,REV,60.6,S427 BUY Open Close Cross,OCC SMMA8 altTFx3 ATR=n/a
2026-07-29 12:58:00,2026-07-29 13:01:00,SELL,4032.94,,,REV,-39.8,S427 SELL Open Close Cross,OCC SMMA8 altTFx3 ATR=n/a
2026-07-29 13:01:00,2026-07-29 14:52:00,BUY,4036.72,,,REV,74.7,S427 BUY Open Close Cross,OCC SMMA8 altTFx3 ATR=n/a
2026-07-29 14:52:00,2026-07-29 16:52:00,SELL,4044.39,,,REV,86.4,S427 SELL Open Close Cross,OCC SMMA8 altTFx3 ATR=n/a
2026-07-29 16:52:00,2026-07-29 16:55:00,BUY,4035.55,,,REV,-5.2,S427 BUY Open Close Cross,OCC SMMA8 altTFx3 ATR=n/a
2026-07-29 16:55:00,2026-07-29 17:31:00,SELL,4035.23,,,REV,11.8,S427 SELL Open Close Cross,OCC SMMA8 altTFx3 ATR=n/a
2026-07-29 17:31:00,2026-07-29 17:37:00,BUY,4033.85,,,REV,-28.5,S427 BUY Open Close Cross,OCC SMMA8 altTFx3 ATR=n/a
2026-07-29 17:37:00,2026-07-29 18:16:00,SELL,4031.2,,,REV,23.3,S427 SELL Open Close Cross,OCC SMMA8 altTFx3 ATR=n/a
2026-07-29 18:16:00,2026-07-29 18:46:00,BUY,4028.67,,,REV,29.2,S427 BUY Open Close Cross,OCC SMMA8 altTFx3 ATR=n/a
2026-07-29 18:46:00,2026-07-29 18:49:00,SELL,4031.79,,,REV,-33.4,S427 SELL Open Close Cross,OCC SMMA8 altTFx3 ATR=n/a
2026-07-29 18:49:00,2026-07-29 19:04:00,BUY,4034.93,,,REV,-44.5,S427 BUY Open Close Cross,OCC SMMA8 altTFx3 ATR=n/a
2026-07-29 19:04:00,2026-07-29 19:49:00,SELL,4030.68,,,REV,79.7,S427 SELL Open Close Cross,OCC SMMA8 altTFx3 ATR=n/a
2026-07-29 19:49:00,2026-07-29 19:52:00,BUY,4022.51,,,REV,-35.6,S427 BUY Open Close Cross,OCC SMMA8 altTFx3 ATR=n/a
2026-07-29 19:52:00,2026-07-29 19:58:00,SELL,4019.15,,,REV,-33.1,S427 SELL Open Close Cross,OCC SMMA8 altTFx3 ATR=n/a
2026-07-29 19:58:00,2026-07-29 20:07:00,BUY,4022.26,,,REV,-50.8,S427 BUY Open Close Cross,OCC SMMA8 altTFx3 ATR=n/a
2026-07-29 20:07:00,2026-07-29 20:25:00,SELL,4017.38,,,REV,-32.5,S427 SELL Open Close Cross,OCC SMMA8 altTFx3 ATR=n/a
2026-07-29 20:25:00,2026-07-29 20:31:00,BUY,4020.43,,,REV,-73.5,S427 BUY Open Close Cross,OCC SMMA8 altTFx3 ATR=n/a
2026-07-29 20:31:00,2026-07-29 21:22:00,SELL,4013.28,,,REV,46.6,S427 SELL Open Close Cross,OCC SMMA8 altTFx3 ATR=n/a
2026-07-29 21:22:00,2026-07-29 21:28:00,BUY,4008.42,,,REV,-44.4,S427 BUY Open Close Cross,OCC SMMA8 altTFx3 ATR=n/a
2026-07-29 21:28:00,2026-07-29 21:34:00,SELL,4004.18,,,REV,-48.2,S427 SELL Open Close Cross,OCC SMMA8 altTFx3 ATR=n/a
2026-07-29 21:34:00,2026-07-29 21:37:00,BUY,4008.8,,,REV,-17.9,S427 BUY Open Close Cross,OCC SMMA8 altTFx3 ATR=n/a
2026-07-29 21:37:00,2026-07-29 21:55:00,SELL,4007.21,,,REV,16.4,S427 SELL Open Close Cross,OCC SMMA8 altTFx3 ATR=n/a
2026-07-29 21:55:00,2026-07-29 21:58:00,BUY,4005.37,,,REV,-26.1,S427 BUY Open Close Cross,OCC SMMA8 altTFx3 ATR=n/a
2026-07-29 21:58:00,2026-07-29 22:01:00,SELL,4002.96,,,REV,-9.6,S427 SELL Open Close Cross,OCC SMMA8 altTFx3 ATR=n/a
2026-07-29 22:01:00,2026-07-29 22:22:00,BUY,4003.72,,,REV,6.3,S427 BUY Open Close Cross,OCC SMMA8 altTFx3 ATR=n/a
2026-07-29 22:22:00,2026-07-29 22:25:00,SELL,4004.55,,,REV,-56.6,S427 SELL Open Close Cross,OCC SMMA8 altTFx3 ATR=n/a
2026-07-29 22:25:00,2026-07-29 23:04:00,BUY,4010.01,,,REV,-22.4,S427 BUY Open Close Cross,OCC SMMA8 altTFx3 ATR=n/a
2026-07-29 23:04:00,2026-07-29 23:07:00,SELL,4007.97,,,REV,-28.4,S427 SELL Open Close Cross,OCC SMMA8 altTFx3 ATR=n/a
2026-07-29 23:07:00,2026-07-29 23:16:00,BUY,4010.61,,,REV,-14.7,S427 BUY Open Close Cross,OCC SMMA8 altTFx3 ATR=n/a
2026-07-29 23:16:00,2026-07-29 23:22:00,SELL,4009.34,,,REV,-42.1,S427 SELL Open Close Cross,OCC SMMA8 altTFx3 ATR=n/a
2026-07-29 23:22:00,2026-07-30 00:37:00,BUY,4013.35,,,REV,237.7,S427 BUY Open Close Cross,OCC SMMA8 altTFx3 ATR=n/a
2026-07-30 00:37:00,2026-07-30 00:40:00,SELL,4037.32,,,REV,-43.2,S427 SELL Open Close Cross,OCC SMMA8 altTFx3 ATR=n/a
2026-07-30 00:40:00,2026-07-30 01:34:00,BUY,4041.44,,,REV,183.1,S427 BUY Open Close Cross,OCC SMMA8 altTFx3 ATR=n/a
2026-07-30 01:34:00,2026-07-30 01:40:00,SELL,4059.95,,,REV,-113.1,S427 SELL Open Close Cross,OCC SMMA8 altTFx3 ATR=n/a
2026-07-30 01:40:00,2026-07-30 02:25:00,BUY,4071.06,,,REV,160.2,S427 BUY Open Close Cross,OCC SMMA8 altTFx3 ATR=n/a
2026-07-30 02:25:00,2026-07-30 03:34:00,SELL,4087.28,,,REV,299.2,S427 SELL Open Close Cross,OCC SMMA8 altTFx3 ATR=n/a
2026-07-30 03:34:00,2026-07-30 05:10:00,BUY,4057.16,,,REV,122.4,S427 BUY Open Close Cross,OCC SMMA8 altTFx3 ATR=n/a
2026-07-30 05:10:00,2026-07-30 05:13:00,SELL,4069.6,,,REV,-60.3,S427 SELL Open Close Cross,OCC SMMA8 altTFx3 ATR=n/a
2026-07-30 05:13:00,2026-07-30 06:46:00,BUY,4075.43,,,REV,142.8,S427 BUY Open Close Cross,OCC SMMA8 altTFx3 ATR=n/a
2026-07-30 06:46:00,2026-07-30 06:49:00,SELL,4089.91,,,REV,-23.6,S427 SELL Open Close Cross,OCC SMMA8 altTFx3 ATR=n/a
2026-07-30 06:49:00,2026-07-30 06:52:00,BUY,4092.07,,,REV,-18.1,S427 BUY Open Close Cross,OCC SMMA8 altTFx3 ATR=n/a
2026-07-30 06:52:00,2026-07-30 08:01:00,SELL,4090.46,,,REV,162.8,S427 SELL Open Close Cross,OCC SMMA8 altTFx3 ATR=n/a
2026-07-30 08:01:00,2026-07-30 08:16:00,BUY,4073.98,,,REV,26.4,S427 BUY Open Close Cross,OCC SMMA8 altTFx3 ATR=n/a
2026-07-30 08:16:00,2026-07-30 08:25:00,SELL,4076.82,,,REV,-39.9,S427 SELL Open Close Cross,OCC SMMA8 altTFx3 ATR=n/a
2026-07-30 08:25:00,2026-07-30 09:16:00,BUY,4080.61,,,REV,0.1,S427 BUY Open Close Cross,OCC SMMA8 altTFx3 ATR=n/a
2026-07-30 09:16:00,2026-07-30 10:52:00,SELL,4080.82,,,REV,222.2,S427 SELL Open Close Cross,OCC SMMA8 altTFx3 ATR=n/a
2026-07-30 10:52:00,2026-07-30 11:07:00,BUY,4058.4,,,REV,-37.1,S427 BUY Open Close Cross,OCC SMMA8 altTFx3 ATR=n/a
2026-07-30 11:07:00,2026-07-30 12:31:00,SELL,4054.89,,,REV,42.6,S427 SELL Open Close Cross,OCC SMMA8 altTFx3 ATR=n/a
2026-07-30 12:31:00,2026-07-30 12:37:00,BUY,4050.43,,,REV,-99.7,S427 BUY Open Close Cross,OCC SMMA8 altTFx3 ATR=n/a
2026-07-30 12:37:00,2026-07-30 13:07:00,SELL,4040.66,,,REV,33.6,S427 SELL Open Close Cross,OCC SMMA8 altTFx3 ATR=n/a
2026-07-30 13:07:00,2026-07-30 13:10:00,BUY,4037.1,,,REV,-14.5,S427 BUY Open Close Cross,OCC SMMA8 altTFx3 ATR=n/a
2026-07-30 13:10:00,2026-07-30 13:25:00,SELL,4035.85,,,REV,-18.5,S427 SELL Open Close Cross,OCC SMMA8 altTFx3 ATR=n/a
2026-07-30 13:25:00,2026-07-30 13:28:00,BUY,4037.5,,,REV,-65.1,S427 BUY Open Close Cross,OCC SMMA8 altTFx3 ATR=n/a
2026-07-30 13:28:00,2026-07-30 13:34:00,SELL,4031.19,,,REV,-47.4,S427 SELL Open Close Cross,OCC SMMA8 altTFx3 ATR=n/a
2026-07-30 13:34:00,2026-07-30 13:37:00,BUY,4035.73,,,REV,-9.9,S427 BUY Open Close Cross,OCC SMMA8 altTFx3 ATR=n/a
2026-07-30 13:37:00,2026-07-30 13:40:00,SELL,4034.94,,,REV,-24.1,S427 SELL Open Close Cross,OCC SMMA8 altTFx3 ATR=n/a
2026-07-30 13:40:00,2026-07-30 13:58:00,BUY,4037.15,,,REV,-18.1,S427 BUY Open Close Cross,OCC SMMA8 altTFx3 ATR=n/a
2026-07-30 13:58:00,2026-07-30 14:01:00,SELL,4035.54,,,REV,-44.0,S427 SELL Open Close Cross,OCC SMMA8 altTFx3 ATR=n/a
2026-07-30 14:01:00,2026-07-30 14:34:00,BUY,4039.74,,,REV,10.9,S427 BUY Open Close Cross,OCC SMMA8 altTFx3 ATR=n/a
2026-07-30 14:34:00,2026-07-30 14:43:00,SELL,4041.03,,,REV,-23.8,S427 SELL Open Close Cross,OCC SMMA8 altTFx3 ATR=n/a
2026-07-30 14:43:00,2026-07-30 14:49:00,BUY,4043.21,,,REV,-0.2,S427 BUY Open Close Cross,OCC SMMA8 altTFx3 ATR=n/a
2026-07-30 14:49:00,2026-07-30 14:55:00,SELL,4043.39,,,REV,24.2,S427 SELL Open Close Cross,OCC SMMA8 altTFx3 ATR=n/a
2026-07-30 14:55:00,2026-07-30 14:58:00,BUY,4040.77,,,REV,-23.8,S427 BUY Open Close Cross,OCC SMMA8 altTFx3 ATR=n/a
2026-07-30 14:58:00,2026-07-30 15:07:00,SELL,4038.59,,,REV,-127.5,S427 SELL Open Close Cross,OCC SMMA8 altTFx3 ATR=n/a
2026-07-30 15:07:00,2026-07-30 15:55:00,BUY,4051.14,,,REV,88.5,S427 BUY Open Close Cross,OCC SMMA8 altTFx3 ATR=n/a
2026-07-30 15:55:00,2026-07-30 16:01:00,SELL,4060.19,,,REV,-16.5,S427 SELL Open Close Cross,OCC SMMA8 altTFx3 ATR=n/a
2026-07-30 16:01:00,2026-07-30 16:34:00,BUY,4061.64,,,REV,14.4,S427 BUY Open Close Cross,OCC SMMA8 altTFx3 ATR=n/a
2026-07-30 16:34:00,2026-07-30 16:40:00,SELL,4063.28,,,REV,-20.7,S427 SELL Open Close Cross,OCC SMMA8 altTFx3 ATR=n/a
2026-07-30 16:40:00,2026-07-30 16:43:00,BUY,4065.15,,,REV,2.3,S427 BUY Open Close Cross,OCC SMMA8 altTFx3 ATR=n/a
2026-07-30 16:43:00,2026-07-30 16:46:00,SELL,4065.58,,,REV,13.5,S427 SELL Open Close Cross,OCC SMMA8 altTFx3 ATR=n/a
2026-07-30 16:46:00,2026-07-30 16:58:00,BUY,4064.03,,,REV,10.7,S427 BUY Open Close Cross,OCC SMMA8 altTFx3 ATR=n/a
2026-07-30 16:58:00,2026-07-30 17:04:00,SELL,4065.3,,,REV,-20.7,S427 SELL Open Close Cross,OCC SMMA8 altTFx3 ATR=n/a
2026-07-30 17:04:00,2026-07-30 17:07:00,BUY,4067.17,,,REV,-2.3,S427 BUY Open Close Cross,OCC SMMA8 altTFx3 ATR=n/a
2026-07-30 17:07:00,2026-07-30 17:10:00,SELL,4067.14,,,REV,-44.3,S427 SELL Open Close Cross,OCC SMMA8 altTFx3 ATR=n/a
2026-07-30 17:10:00,2026-07-30 18:22:00,BUY,4071.37,,,REV,62.7,S427 BUY Open Close Cross,OCC SMMA8 altTFx3 ATR=n/a
2026-07-30 18:22:00,2026-07-30 18:25:00,SELL,4077.84,,,REV,-37.4,S427 SELL Open Close Cross,OCC SMMA8 altTFx3 ATR=n/a
2026-07-30 18:25:00,2026-07-30 18:28:00,BUY,4081.38,,,REV,-47.0,S427 BUY Open Close Cross,OCC SMMA8 altTFx3 ATR=n/a
2026-07-30 18:28:00,2026-07-30 18:40:00,SELL,4076.88,,,REV,-10.2,S427 SELL Open Close Cross,OCC SMMA8 altTFx3 ATR=n/a
2026-07-30 18:40:00,2026-07-30 18:43:00,BUY,4077.7,,,REV,4.8,S427 BUY Open Close Cross,OCC SMMA8 altTFx3 ATR=n/a
2026-07-30 18:43:00,2026-07-30 18:55:00,SELL,4078.38,,,REV,-20.6,S427 SELL Open Close Cross,OCC SMMA8 altTFx3 ATR=n/a
2026-07-30 18:55:00,2026-07-30 19:01:00,BUY,4080.24,,,REV,-38.4,S427 BUY Open Close Cross,OCC SMMA8 altTFx3 ATR=n/a
2026-07-30 19:01:00,2026-07-30 19:07:00,SELL,4076.6,,,REV,-55.9,S427 SELL Open Close Cross,OCC SMMA8 altTFx3 ATR=n/a
2026-07-30 19:07:00,2026-07-30 19:13:00,BUY,4081.99,,,REV,-65.6,S427 BUY Open Close Cross,OCC SMMA8 altTFx3 ATR=n/a
2026-07-30 19:13:00,2026-07-30 19:16:00,SELL,4075.63,,,REV,5.0,S427 SELL Open Close Cross,OCC SMMA8 altTFx3 ATR=n/a
2026-07-30 19:16:00,2026-07-30 19:19:00,BUY,4074.93,,,REV,-6.8,S427 BUY Open Close Cross,OCC SMMA8 altTFx3 ATR=n/a
2026-07-30 19:19:00,2026-07-30 19:28:00,SELL,4074.45,,,REV,-55.9,S427 SELL Open Close Cross,OCC SMMA8 altTFx3 ATR=n/a
2026-07-30 19:28:00,2026-07-30 19:31:00,BUY,4079.84,,,REV,-4.0,S427 BUY Open Close Cross,OCC SMMA8 altTFx3 ATR=n/a
2026-07-30 19:31:00,2026-07-30 19:43:00,SELL,4079.64,,,REV,4.1,S427 SELL Open Close Cross,OCC SMMA8 altTFx3 ATR=n/a
2026-07-30 19:43:00,2026-07-30 19:49:00,BUY,4079.03,,,REV,-46.1,S427 BUY Open Close Cross,OCC SMMA8 altTFx3 ATR=n/a
2026-07-30 19:49:00,2026-07-30 20:10:00,SELL,4074.62,,,REV,9.2,S427 SELL Open Close Cross,OCC SMMA8 altTFx3 ATR=n/a
2026-07-30 20:10:00,2026-07-30 20:13:00,BUY,4073.5,,,REV,-8.1,S427 BUY Open Close Cross,OCC SMMA8 altTFx3 ATR=n/a
2026-07-30 20:13:00,2026-07-30 20:16:00,SELL,4072.89,,,REV,-30.6,S427 SELL Open Close Cross,OCC SMMA8 altTFx3 ATR=n/a
2026-07-30 20:16:00,2026-07-30 21:10:00,BUY,4075.75,,,REV,232.2,S427 BUY Open Close Cross,OCC SMMA8 altTFx3 ATR=n/a
2026-07-30 21:10:00,2026-07-30 21:13:00,SELL,4099.17,,,REV,8.4,S427 SELL Open Close Cross,OCC SMMA8 altTFx3 ATR=n/a
2026-07-30 21:13:00,2026-07-30 21:22:00,BUY,4098.13,,,REV,-56.2,S427 BUY Open Close Cross,OCC SMMA8 altTFx3 ATR=n/a
2026-07-30 21:22:00,2026-07-30 21:25:00,SELL,4092.71,,,REV,29.5,S427 SELL Open Close Cross,OCC SMMA8 altTFx3 ATR=n/a
2026-07-30 21:25:00,2026-07-30 21:28:00,BUY,4089.56,,,REV,35.2,S427 BUY Open Close Cross,OCC SMMA8 altTFx3 ATR=n/a
2026-07-30 21:28:00,2026-07-30 21:31:00,SELL,4093.28,,,REV,-39.3,S427 SELL Open Close Cross,OCC SMMA8 altTFx3 ATR=n/a
2026-07-30 21:31:00,2026-07-30 21:52:00,BUY,4097.01,,,REV,48.5,S427 BUY Open Close Cross,OCC SMMA8 altTFx3 ATR=n/a
2026-07-30 21:52:00,2026-07-30 22:22:00,SELL,4102.06,,,REV,62.1,S427 SELL Open Close Cross,OCC SMMA8 altTFx3 ATR=n/a
2026-07-30 22:22:00,2026-07-30 22:25:00,BUY,4095.65,,,REV,-18.4,S427 BUY Open Close Cross,OCC SMMA8 altTFx3 ATR=n/a
2026-07-30 22:25:00,2026-07-30 22:31:00,SELL,4094.01,,,REV,5.4,S427 SELL Open Close Cross,OCC SMMA8 altTFx3 ATR=n/a
2026-07-30 22:31:00,2026-07-30 23:40:00,BUY,4093.27,,,REV,174.9,S427 BUY Open Close Cross,OCC SMMA8 altTFx3 ATR=n/a
2026-07-30 23:40:00,2026-07-31 00:01:00,SELL,4110.96,,,REV,15.7,S427 SELL Open Close Cross,OCC SMMA8 altTFx3 ATR=n/a
2026-07-31 00:01:00,2026-07-31 00:04:00,BUY,4109.19,,,REV,-12.9,S427 BUY Open Close Cross,OCC SMMA8 altTFx3 ATR=n/a
2026-07-31 00:04:00,2026-07-31 00:43:00,SELL,4108.1,,,REV,46.2,S427 SELL Open Close Cross,OCC SMMA8 altTFx3 ATR=n/a
2026-07-31 00:43:00,2026-07-31 00:52:00,BUY,4103.28,,,REV,9.5,S427 BUY Open Close Cross,OCC SMMA8 altTFx3 ATR=n/a
2026-07-31 00:52:00,2026-07-31 01:04:00,SELL,4104.43,,,REV,-10.5,S427 SELL Open Close Cross,OCC SMMA8 altTFx3 ATR=n/a
2026-07-31 01:04:00,2026-07-31 01:19:00,BUY,4105.28,,,REV,-11.0,S427 BUY Open Close Cross,OCC SMMA8 altTFx3 ATR=n/a
2026-07-31 01:19:00,2026-07-31 01:34:00,SELL,4104.38,,,REV,-16.4,S427 SELL Open Close Cross,OCC SMMA8 altTFx3 ATR=n/a
2026-07-31 01:34:00,2026-07-31 01:43:00,BUY,4105.82,,,REV,-18.5,S427 BUY Open Close Cross,OCC SMMA8 altTFx3 ATR=n/a
2026-07-31 01:43:00,2026-07-31 01:46:00,SELL,4104.17,,,REV,-7.2,S427 SELL Open Close Cross,OCC SMMA8 altTFx3 ATR=n/a
2026-07-31 01:46:00,2026-07-31 01:49:00,BUY,4104.69,,,REV,-37.7,S427 BUY Open Close Cross,OCC SMMA8 altTFx3 ATR=n/a
2026-07-31 01:49:00,2026-07-31 02:07:00,SELL,4101.12,,,REV,-39.3,S427 SELL Open Close Cross,OCC SMMA8 altTFx3 ATR=n/a
2026-07-31 02:07:00,2026-07-31 02:55:00,BUY,4104.85,,,REV,43.9,S427 BUY Open Close Cross,OCC SMMA8 altTFx3 ATR=n/a
2026-07-31 02:55:00,2026-07-31 03:01:00,SELL,4109.44,,,REV,-11.0,S427 SELL Open Close Cross,OCC SMMA8 altTFx3 ATR=n/a
2026-07-31 03:01:00,2026-07-31 03:31:00,BUY,4110.34,,,REV,-5.3,S427 BUY Open Close Cross,OCC SMMA8 altTFx3 ATR=n/a
2026-07-31 03:31:00,2026-07-31 05:16:00,SELL,4110.01,,,REV,18.6,S427 SELL Open Close Cross,OCC SMMA8 altTFx3 ATR=n/a
2026-07-31 05:16:00,2026-07-31 06:01:00,BUY,4107.95,,,REV,22.5,S427 BUY Open Close Cross,OCC SMMA8 altTFx3 ATR=n/a
2026-07-31 06:01:00,2026-07-31 06:04:00,SELL,4110.4,,,REV,-6.9,S427 SELL Open Close Cross,OCC SMMA8 altTFx3 ATR=n/a
2026-07-31 06:04:00,2026-07-31 06:13:00,BUY,4110.89,,,REV,-34.5,S427 BUY Open Close Cross,OCC SMMA8 altTFx3 ATR=n/a
2026-07-31 06:13:00,2026-07-31 06:43:00,SELL,4107.64,,,REV,21.8,S427 SELL Open Close Cross,OCC SMMA8 altTFx3 ATR=n/a
2026-07-31 06:43:00,2026-07-31 06:46:00,BUY,4105.26,,,REV,37.4,S427 BUY Open Close Cross,OCC SMMA8 altTFx3 ATR=n/a
2026-07-31 06:46:00,2026-07-31 06:49:00,SELL,4109.2,,,REV,1.5,S427 SELL Open Close Cross,OCC SMMA8 altTFx3 ATR=n/a
2026-07-31 06:49:00,2026-07-31 06:52:00,BUY,4108.85,,,REV,-0.7,S427 BUY Open Close Cross,OCC SMMA8 altTFx3 ATR=n/a
2026-07-31 06:52:00,2026-07-31 06:55:00,SELL,4108.98,,,REV,15.6,S427 SELL Open Close Cross,OCC SMMA8 altTFx3 ATR=n/a
2026-07-31 06:55:00,2026-07-31 06:58:00,BUY,4107.22,,,REV,-3.7,S427 BUY Open Close Cross,OCC SMMA8 altTFx3 ATR=n/a
2026-07-31 06:58:00,2026-07-31 08:04:00,SELL,4107.05,,,REV,84.6,S427 SELL Open Close Cross,OCC SMMA8 altTFx3 ATR=n/a
2026-07-31 08:04:00,2026-07-31 08:13:00,BUY,4098.39,,,REV,-41.7,S427 BUY Open Close Cross,OCC SMMA8 altTFx3 ATR=n/a
2026-07-31 08:13:00,2026-07-31 09:13:00,SELL,4094.42,,,REV,50.4,S427 SELL Open Close Cross,OCC SMMA8 altTFx3 ATR=n/a
2026-07-31 09:13:00,2026-07-31 09:16:00,BUY,4089.18,,,REV,-67.2,S427 BUY Open Close Cross,OCC SMMA8 altTFx3 ATR=n/a
2026-07-31 09:16:00,2026-07-31 10:34:00,SELL,4082.66,,,REV,66.1,S427 SELL Open Close Cross,OCC SMMA8 altTFx3 ATR=n/a
2026-07-31 10:34:00,2026-07-31 10:37:00,BUY,4075.85,,,REV,6.0,S427 BUY Open Close Cross,OCC SMMA8 altTFx3 ATR=n/a
2026-07-31 10:37:00,2026-07-31 10:40:00,SELL,4076.65,,,REV,-23.4,S427 SELL Open Close Cross,OCC SMMA8 altTFx3 ATR=n/a
2026-07-31 10:40:00,2026-07-31 10:52:00,BUY,4078.79,,,REV,-28.7,S427 BUY Open Close Cross,OCC SMMA8 altTFx3 ATR=n/a
2026-07-31 10:52:00,2026-07-31 11:16:00,SELL,4076.12,,,REV,-11.6,S427 SELL Open Close Cross,OCC SMMA8 altTFx3 ATR=n/a
2026-07-31 11:16:00,2026-07-31 11:22:00,BUY,4077.08,,,REV,-12.0,S427 BUY Open Close Cross,OCC SMMA8 altTFx3 ATR=n/a
2026-07-31 11:22:00,2026-07-31 11:25:00,SELL,4076.08,,,REV,-26.8,S427 SELL Open Close Cross,OCC SMMA8 altTFx3 ATR=n/a
2026-07-31 11:25:00,2026-07-31 11:49:00,BUY,4078.56,,,REV,-5.3,S427 BUY Open Close Cross,OCC SMMA8 altTFx3 ATR=n/a
2026-07-31 11:49:00,2026-07-31 11:58:00,SELL,4078.23,,,REV,-8.6,S427 SELL Open Close Cross,OCC SMMA8 altTFx3 ATR=n/a
2026-07-31 11:58:00,2026-07-31 12:34:00,BUY,4078.89,,,REV,5.6,S427 BUY Open Close Cross,OCC SMMA8 altTFx3 ATR=n/a
2026-07-31 12:34:00,2026-07-31 12:37:00,SELL,4079.65,,,REV,-5.5,S427 SELL Open Close Cross,OCC SMMA8 altTFx3 ATR=n/a
2026-07-31 12:37:00,2026-07-31 12:40:00,BUY,4080.0,,,REV,-6.6,S427 BUY Open Close Cross,OCC SMMA8 altTFx3 ATR=n/a
2026-07-31 12:40:00,2026-07-31 13:07:00,SELL,4079.54,,,REV,-12.6,S427 SELL Open Close Cross,OCC SMMA8 altTFx3 ATR=n/a
2026-07-31 13:07:00,2026-07-31 13:37:00,BUY,4080.6,,,REV,-19.0,S427 BUY Open Close Cross,OCC SMMA8 altTFx3 ATR=n/a
2026-07-31 13:37:00,2026-07-31 15:49:00,SELL,4078.9,,,REV,173.5,S427 SELL Open Close Cross,OCC SMMA8 altTFx3 ATR=n/a
2026-07-31 15:49:00,2026-07-31 15:52:00,BUY,4061.35,,,REV,-1.8,S427 BUY Open Close Cross,OCC SMMA8 altTFx3 ATR=n/a
2026-07-31 15:52:00,2026-07-31 15:58:00,SELL,4061.37,,,REV,-27.0,S427 SELL Open Close Cross,OCC SMMA8 altTFx3 ATR=n/a
2026-07-31 15:58:00,2026-07-31 16:01:00,BUY,4063.87,,,REV,-11.5,S427 BUY Open Close Cross,OCC SMMA8 altTFx3 ATR=n/a
2026-07-31 16:01:00,2026-07-31 16:04:00,SELL,4062.92,,,REV,-5.0,S427 SELL Open Close Cross,OCC SMMA8 altTFx3 ATR=n/a
2026-07-31 16:04:00,2026-07-31 16:07:00,BUY,4063.22,,,REV,-20.8,S427 BUY Open Close Cross,OCC SMMA8 altTFx3 ATR=n/a
2026-07-31 16:07:00,2026-07-31 16:49:00,SELL,4061.34,,,REV,57.3,S427 SELL Open Close Cross,OCC SMMA8 altTFx3 ATR=n/a
2026-07-31 16:49:00,2026-07-31 17:19:00,BUY,4055.41,,,REV,-25.2,S427 BUY Open Close Cross,OCC SMMA8 altTFx3 ATR=n/a
2026-07-31 17:19:00,2026-07-31 17:34:00,SELL,4053.09,,,REV,-23.4,S427 SELL Open Close Cross,OCC SMMA8 altTFx3 ATR=n/a
2026-07-31 17:34:00,2026-07-31 17:40:00,BUY,4055.23,,,REV,-17.1,S427 BUY Open Close Cross,OCC SMMA8 altTFx3 ATR=n/a
2026-07-31 17:40:00,2026-07-31 17:46:00,SELL,4053.72,,,REV,-30.7,S427 SELL Open Close Cross,OCC SMMA8 altTFx3 ATR=n/a
2026-07-31 17:46:00,2026-07-31 17:55:00,BUY,4056.59,,,REV,-20.9,S427 BUY Open Close Cross,OCC SMMA8 altTFx3 ATR=n/a
2026-07-31 17:55:00,2026-07-31 17:58:00,SELL,4054.7,,,REV,1.3,S427 SELL Open Close Cross,OCC SMMA8 altTFx3 ATR=n/a
2026-07-31 17:58:00,2026-07-31 18:01:00,BUY,4054.37,,,REV,-6.0,S427 BUY Open Close Cross,OCC SMMA8 altTFx3 ATR=n/a
2026-07-31 18:01:00,2026-07-31 18:10:00,SELL,4053.97,,,REV,-36.1,S427 SELL Open Close Cross,OCC SMMA8 altTFx3 ATR=n/a
2026-07-31 18:10:00,2026-07-31 18:34:00,BUY,4057.38,,,REV,-29.2,S427 BUY Open Close Cross,OCC SMMA8 altTFx3 ATR=n/a
2026-07-31 18:34:00,2026-07-31 18:58:00,SELL,4054.66,,,REV,2.8,S427 SELL Open Close Cross,OCC SMMA8 altTFx3 ATR=n/a
2026-07-31 18:58:00,2026-07-31 19:01:00,BUY,4054.18,,,REV,-14.3,S427 BUY Open Close Cross,OCC SMMA8 altTFx3 ATR=n/a
2026-07-31 19:01:00,2026-07-31 19:04:00,SELL,4052.95,,,REV,-34.4,S427 SELL Open Close Cross,OCC SMMA8 altTFx3 ATR=n/a
2026-07-31 19:04:00,2026-07-31 19:22:00,BUY,4056.19,,,REV,-33.2,S427 BUY Open Close Cross,OCC SMMA8 altTFx3 ATR=n/a
2026-07-31 19:22:00,2026-07-31 20:25:00,SELL,4053.07,,,REV,75.5,S427 SELL Open Close Cross,OCC SMMA8 altTFx3 ATR=n/a
2026-07-31 20:25:00,2026-07-31 20:34:00,BUY,4045.32,,,REV,-81.8,S427 BUY Open Close Cross,OCC SMMA8 altTFx3 ATR=n/a
2026-07-31 20:34:00,2026-07-31 21:16:00,SELL,4037.34,,,REV,53.9,S427 SELL Open Close Cross,OCC SMMA8 altTFx3 ATR=n/a
2026-07-31 21:16:00,2026-07-31 22:13:00,BUY,4031.75,,,REV,125.5,S427 BUY Open Close Cross,OCC SMMA8 altTFx3 ATR=n/a
2026-07-31 22:13:00,2026-07-31 22:16:00,SELL,4044.5,,,REV,-45.5,S427 SELL Open Close Cross,OCC SMMA8 altTFx3 ATR=n/a
2026-07-31 22:16:00,2026-07-31 22:19:00,BUY,4048.85,,,REV,-47.1,S427 BUY Open Close Cross,OCC SMMA8 altTFx3 ATR=n/a
2026-07-31 22:19:00,2026-07-31 22:52:00,SELL,4044.34,,,REV,-6.9,S427 SELL Open Close Cross,OCC SMMA8 altTFx3 ATR=n/a
2026-07-31 22:52:00,2026-07-31 23:07:00,BUY,4044.83,,,REV,-26.8,S427 BUY Open Close Cross,OCC SMMA8 altTFx3 ATR=n/a
2026-07-31 23:07:00,2026-07-31 23:13:00,SELL,4042.35,,,REV,-29.7,S427 SELL Open Close Cross,OCC SMMA8 altTFx3 ATR=n/a
2026-07-31 23:13:00,2026-07-31 23:43:00,BUY,4045.12,,,REV,-21.3,S427 BUY Open Close Cross,OCC SMMA8 altTFx3 ATR=n/a
2026-07-31 23:43:00,2026-08-01 00:04:00,SELL,4043.19,,,REV,-10.9,S427 SELL Open Close Cross,OCC SMMA8 altTFx3 ATR=n/a
2026-08-01 00:04:00,2026-08-01 00:07:00,BUY,4044.08,,,REV,-5.6,S427 BUY Open Close Cross,OCC SMMA8 altTFx3 ATR=n/a
2026-08-01 00:07:00,2026-08-01 00:16:00,SELL,4043.72,,,REV,-21.7,S427 SELL Open Close Cross,OCC SMMA8 altTFx3 ATR=n/a
2026-08-01 00:16:00,2026-08-01 01:13:00,BUY,4045.69,,,REV,30.0,S427 BUY Open Close Cross,OCC SMMA8 altTFx3 ATR=n/a
2026-08-01 01:13:00,2026-08-01 01:25:00,SELL,4048.89,,,REV,-27.2,S427 SELL Open Close Cross,OCC SMMA8 altTFx3 ATR=n/a
2026-08-01 01:25:00,2026-08-01 01:34:00,BUY,4051.41,,,REV,-19.8,S427 BUY Open Close Cross,OCC SMMA8 altTFx3 ATR=n/a
2026-08-01 01:34:00,2026-08-01 01:40:00,SELL,4049.63,,,REV,-14.5,S427 SELL Open Close Cross,OCC SMMA8 altTFx3 ATR=n/a
2026-08-01 01:40:00,2026-08-01 01:46:00,BUY,4050.88,,,REV,-17.3,S427 BUY Open Close Cross,OCC SMMA8 altTFx3 ATR=n/a
2026-08-01 01:46:00,2026-08-01 01:52:00,SELL,4049.35,,,REV,-18.3,S427 SELL Open Close Cross,OCC SMMA8 altTFx3 ATR=n/a
2026-08-01 01:52:00,2026-08-01 01:55:00,BUY,4050.98,,,REV,-10.4,S427 BUY Open Close Cross,OCC SMMA8 altTFx3 ATR=n/a
2026-08-01 01:55:00,2026-08-01 02:01:00,SELL,4050.14,,,REV,-20.0,S427 SELL Open Close Cross,OCC SMMA8 altTFx3 ATR=n/a
2026-08-01 02:01:00,2026-08-01 02:04:00,BUY,4051.94,,,REV,-29.5,S427 BUY Open Close Cross,OCC SMMA8 altTFx3 ATR=n/a
2026-08-01 02:04:00,2026-08-01 02:28:00,SELL,4049.19,,,REV,-10.7,S427 SELL Open Close Cross,OCC SMMA8 altTFx3 ATR=n/a
2026-08-01 02:28:00,2026-08-01 02:34:00,BUY,4050.06,,,REV,-3.1,S427 BUY Open Close Cross,OCC SMMA8 altTFx3 ATR=n/a
2026-08-01 02:34:00,2026-08-01 02:37:00,SELL,4049.95,,,REV,-15.9,S427 SELL Open Close Cross,OCC SMMA8 altTFx3 ATR=n/a
2026-08-01 02:37:00,2026-08-01 03:04:00,BUY,4051.34,,,REV,-26.6,S427 BUY Open Close Cross,OCC SMMA8 altTFx3 ATR=n/a
2026-08-01 03:04:00,2026-08-01 03:34:00,SELL,4048.88,,,REV,-14.8,S427 SELL Open Close Cross,OCC SMMA8 altTFx3 ATR=n/a
2026-08-01 03:34:00,2026-08-01 03:55:00,BUY,4050.16,,,REV,-33.3,S427 BUY Open Close Cross,OCC SMMA8 altTFx3 ATR=n/a
2026-08-01 03:55:00,2026-08-03 06:16:00,SELL,4047.03,,,REV,-203.4,S427 SELL Open Close Cross,OCC SMMA8 altTFx3 ATR=n/a
2026-08-03 06:16:00,2026-08-03 06:43:00,BUY,4067.17,,,REV,15.9,S427 BUY Open Close Cross,OCC SMMA8 altTFx3 ATR=n/a
2026-08-03 06:43:00,2026-08-03 06:46:00,SELL,4068.96,,,REV,3.9,S427 SELL Open Close Cross,OCC SMMA8 altTFx3 ATR=n/a
2026-08-03 06:46:00,2026-08-03 07:16:00,BUY,4068.37,,,REV,39.4,S427 BUY Open Close Cross,OCC SMMA8 altTFx3 ATR=n/a
2026-08-03 07:16:00,2026-08-03 08:52:00,SELL,4072.51,,,REV,178.6,S427 SELL Open Close Cross,OCC SMMA8 altTFx3 ATR=n/a
2026-08-03 08:52:00,2026-08-03 08:55:00,BUY,4054.45,,,REV,-32.5,S427 BUY Open Close Cross,OCC SMMA8 altTFx3 ATR=n/a
2026-08-03 08:55:00,2026-08-03 08:58:00,SELL,4051.4,,,REV,-32.9,S427 SELL Open Close Cross,OCC SMMA8 altTFx3 ATR=n/a
2026-08-03 08:58:00,2026-08-03 09:13:00,BUY,4054.49,,,REV,-5.4,S427 BUY Open Close Cross,OCC SMMA8 altTFx3 ATR=n/a
2026-08-03 09:13:00,2026-08-03 09:16:00,SELL,4054.15,,,REV,5.5,S427 SELL Open Close Cross,OCC SMMA8 altTFx3 ATR=n/a
2026-08-03 09:16:00,2026-08-03 09:19:00,BUY,4053.4,,,REV,36.0,S427 BUY Open Close Cross,OCC SMMA8 altTFx3 ATR=n/a
2026-08-03 09:19:00,2026-08-03 09:22:00,SELL,4057.2,,,REV,-19.6,S427 SELL Open Close Cross,OCC SMMA8 altTFx3 ATR=n/a
2026-08-03 09:22:00,2026-08-03 09:25:00,BUY,4058.96,,,REV,-38.6,S427 BUY Open Close Cross,OCC SMMA8 altTFx3 ATR=n/a
2026-08-03 09:25:00,2026-08-03 09:31:00,SELL,4055.3,,,REV,-39.1,S427 SELL Open Close Cross,OCC SMMA8 altTFx3 ATR=n/a
2026-08-03 09:31:00,2026-08-03 09:34:00,BUY,4059.01,,,REV,-34.2,S427 BUY Open Close Cross,OCC SMMA8 altTFx3 ATR=n/a
2026-08-03 09:34:00,2026-08-03 09:43:00,SELL,4055.79,,,REV,-39.4,S427 SELL Open Close Cross,OCC SMMA8 altTFx3 ATR=n/a
2026-08-03 09:43:00,2026-08-03 10:37:00,BUY,4059.53,,,REV,25.2,S427 BUY Open Close Cross,OCC SMMA8 altTFx3 ATR=n/a
2026-08-03 10:37:00,2026-08-03 10:52:00,SELL,4062.25,,,REV,-16.4,S427 SELL Open Close Cross,OCC SMMA8 altTFx3 ATR=n/a
2026-08-03 10:52:00,2026-08-03 11:55:00,BUY,4063.69,,,REV,39.8,S427 BUY Open Close Cross,OCC SMMA8 altTFx3 ATR=n/a
2026-08-03 11:55:00,2026-08-03 12:28:00,SELL,4067.87,,,REV,72.0,S427 SELL Open Close Cross,OCC SMMA8 altTFx3 ATR=n/a
2026-08-03 12:28:00,2026-08-03 12:31:00,BUY,4060.47,,,REV,-6.7,S427 BUY Open Close Cross,OCC SMMA8 altTFx3 ATR=n/a
2026-08-03 12:31:00,2026-08-03 12:46:00,SELL,4060.0,,,REV,-14.5,S427 SELL Open Close Cross,OCC SMMA8 altTFx3 ATR=n/a
2026-08-03 12:46:00,2026-08-03 12:52:00,BUY,4061.25,,,REV,-19.1,S427 BUY Open Close Cross,OCC SMMA8 altTFx3 ATR=n/a
2026-08-03 12:52:00,2026-08-03 12:55:00,SELL,4059.54,,,REV,-58.0,S427 SELL Open Close Cross,OCC SMMA8 altTFx3 ATR=n/a
2026-08-03 12:55:00,2026-08-03 13:34:00,BUY,4065.14,,,REV,4.6,S427 BUY Open Close Cross,OCC SMMA8 altTFx3 ATR=n/a
2026-08-03 13:34:00,2026-08-03 13:40:00,SELL,4065.8,,,REV,-6.0,S427 SELL Open Close Cross,OCC SMMA8 altTFx3 ATR=n/a
2026-08-03 13:40:00,2026-08-03 13:43:00,BUY,4066.2,,,REV,-6.5,S427 BUY Open Close Cross,OCC SMMA8 altTFx3 ATR=n/a
2026-08-03 13:43:00,2026-08-03 14:37:00,SELL,4065.75,,,REV,76.3,S427 SELL Open Close Cross,OCC SMMA8 altTFx3 ATR=n/a
2026-08-03 14:37:00,2026-08-03 14:40:00,BUY,4057.92,,,REV,17.4,S427 BUY Open Close Cross,OCC SMMA8 altTFx3 ATR=n/a
2026-08-03 14:40:00,2026-08-03 14:55:00,SELL,4059.86,,,REV,-29.6,S427 SELL Open Close Cross,OCC SMMA8 altTFx3 ATR=n/a
2026-08-03 14:55:00,2026-08-03 15:04:00,BUY,4062.62,,,REV,-41.5,S427 BUY Open Close Cross,OCC SMMA8 altTFx3 ATR=n/a
2026-08-03 15:04:00,2026-08-03 15:13:00,SELL,4058.67,,,REV,-16.0,S427 SELL Open Close Cross,OCC SMMA8 altTFx3 ATR=n/a
2026-08-03 15:13:00,2026-08-03 15:19:00,BUY,4060.07,,,REV,-24.2,S427 BUY Open Close Cross,OCC SMMA8 altTFx3 ATR=n/a
2026-08-03 15:19:00,2026-08-03 15:43:00,SELL,4057.85,,,REV,-23.6,S427 SELL Open Close Cross,OCC SMMA8 altTFx3 ATR=n/a
2026-08-03 15:43:00,2026-08-03 15:46:00,BUY,4060.01,,,REV,-25.2,S427 BUY Open Close Cross,OCC SMMA8 altTFx3 ATR=n/a
2026-08-03 15:46:00,2026-08-03 15:52:00,SELL,4057.69,,,REV,-18.6,S427 SELL Open Close Cross,OCC SMMA8 altTFx3 ATR=n/a
2026-08-03 15:52:00,2026-08-03 16:04:00,BUY,4059.35,,,REV,-15.3,S427 BUY Open Close Cross,OCC SMMA8 altTFx3 ATR=n/a
2026-08-03 16:04:00,2026-08-03 16:13:00,SELL,4058.02,,,REV,-34.3,S427 SELL Open Close Cross,OCC SMMA8 altTFx3 ATR=n/a
2026-08-03 16:13:00,2026-08-03 16:22:00,BUY,4061.25,,,REV,-63.3,S427 BUY Open Close Cross,OCC SMMA8 altTFx3 ATR=n/a
2026-08-03 16:22:00,2026-08-03 16:49:00,SELL,4055.12,,,REV,-7.9,S427 SELL Open Close Cross,OCC SMMA8 altTFx3 ATR=n/a
2026-08-03 16:49:00,2026-08-03 17:01:00,BUY,4055.71,,,REV,-19.0,S427 BUY Open Close Cross,OCC SMMA8 altTFx3 ATR=n/a
2026-08-03 17:01:00,2026-08-03 17:04:00,SELL,4054.01,,,REV,-29.4,S427 SELL Open Close Cross,OCC SMMA8 altTFx3 ATR=n/a
2026-08-03 17:04:00,2026-08-03 17:07:00,BUY,4056.75,,,REV,-19.3,S427 BUY Open Close Cross,OCC SMMA8 altTFx3 ATR=n/a
2026-08-03 17:07:00,2026-08-03 17:13:00,SELL,4055.02,,,REV,-18.6,S427 SELL Open Close Cross,OCC SMMA8 altTFx3 ATR=n/a
2026-08-03 17:13:00,2026-08-03 17:19:00,BUY,4056.68,,,REV,-13.4,S427 BUY Open Close Cross,OCC SMMA8 altTFx3 ATR=n/a
2026-08-03 17:19:00,2026-08-03 18:07:00,SELL,4055.54,,,REV,51.2,S427 SELL Open Close Cross,OCC SMMA8 altTFx3 ATR=n/a
2026-08-03 18:07:00,2026-08-03 18:10:00,BUY,4050.22,,,REV,-0.7,S427 BUY Open Close Cross,OCC SMMA8 altTFx3 ATR=n/a
2026-08-03 18:10:00,2026-08-03 18:28:00,SELL,4050.35,,,REV,10.0,S427 SELL Open Close Cross,OCC SMMA8 altTFx3 ATR=n/a
2026-08-03 18:28:00,2026-08-03 18:31:00,BUY,4049.15,,,REV,-7.9,S427 BUY Open Close Cross,OCC SMMA8 altTFx3 ATR=n/a
2026-08-03 18:31:00,2026-08-03 18:34:00,SELL,4048.56,,,REV,-25.3,S427 SELL Open Close Cross,OCC SMMA8 altTFx3 ATR=n/a
2026-08-03 18:34:00,2026-08-03 19:16:00,BUY,4050.89,,,REV,42.1,S427 BUY Open Close Cross,OCC SMMA8 altTFx3 ATR=n/a
2026-08-03 19:16:00,2026-08-03 21:04:00,SELL,4055.3,,,REV,260.5,S427 SELL Open Close Cross,OCC SMMA8 altTFx3 ATR=n/a
2026-08-03 21:04:00,2026-08-03 21:07:00,BUY,4029.05,,,REV,17.5,S427 BUY Open Close Cross,OCC SMMA8 altTFx3 ATR=n/a
2026-08-03 21:07:00,2026-08-03 21:16:00,SELL,4031.0,,,REV,-21.7,S427 SELL Open Close Cross,OCC SMMA8 altTFx3 ATR=n/a
2026-08-03 21:16:00,2026-08-03 21:19:00,BUY,4032.97,,,REV,0.4,S427 BUY Open Close Cross,OCC SMMA8 altTFx3 ATR=n/a
2026-08-03 21:19:00,2026-08-03 21:22:00,SELL,4033.21,,,REV,-7.6,S427 SELL Open Close Cross,OCC SMMA8 altTFx3 ATR=n/a
2026-08-03 21:22:00,2026-08-03 21:31:00,BUY,4033.77,,,REV,-1.5,S427 BUY Open Close Cross,OCC SMMA8 altTFx3 ATR=n/a
2026-08-03 21:31:00,2026-08-03 21:34:00,SELL,4033.82,,,REV,-13.5,S427 SELL Open Close Cross,OCC SMMA8 altTFx3 ATR=n/a
2026-08-03 21:34:00,2026-08-03 22:04:00,BUY,4034.97,,,REV,-23.0,S427 BUY Open Close Cross,OCC SMMA8 altTFx3 ATR=n/a
2026-08-03 22:04:00,2026-08-03 22:10:00,SELL,4032.87,,,REV,-19.3,S427 SELL Open Close Cross,OCC SMMA8 altTFx3 ATR=n/a
2026-08-03 22:10:00,2026-08-03 22:13:00,BUY,4034.6,,,REV,-6.9,S427 BUY Open Close Cross,OCC SMMA8 altTFx3 ATR=n/a
2026-08-03 22:13:00,2026-08-03 22:19:00,SELL,4034.11,,,REV,-33.4,S427 SELL Open Close Cross,OCC SMMA8 altTFx3 ATR=n/a
2026-08-03 22:19:00,2026-08-03 22:28:00,BUY,4037.25,,,REV,-39.8,S427 BUY Open Close Cross,OCC SMMA8 altTFx3 ATR=n/a
2026-08-03 22:28:00,2026-08-03 22:40:00,SELL,4033.47,,,REV,-35.4,S427 SELL Open Close Cross,OCC SMMA8 altTFx3 ATR=n/a
2026-08-03 22:40:00,2026-08-03 23:01:00,BUY,4036.81,,,REV,-7.3,S427 BUY Open Close Cross,OCC SMMA8 altTFx3 ATR=n/a
2026-08-03 23:01:00,2026-08-03 23:04:00,SELL,4036.28,,,REV,-7.0,S427 SELL Open Close Cross,OCC SMMA8 altTFx3 ATR=n/a
2026-08-03 23:04:00,2026-08-03 23:10:00,BUY,4036.78,,,REV,-16.2,S427 BUY Open Close Cross,OCC SMMA8 altTFx3 ATR=n/a
2026-08-03 23:10:00,2026-08-03 23:16:00,SELL,4035.36,,,REV,-2.3,S427 SELL Open Close Cross,OCC SMMA8 altTFx3 ATR=n/a
2026-08-03 23:16:00,2026-08-03 23:55:00,BUY,4035.39,,,REV,5.5,S427 BUY Open Close Cross,OCC SMMA8 altTFx3 ATR=n/a
2026-08-03 23:55:00,2026-08-04 00:01:00,SELL,4036.14,,,REV,2.3,S427 SELL Open Close Cross,OCC SMMA8 altTFx3 ATR=n/a
2026-08-04 00:01:00,2026-08-04 00:04:00,BUY,4035.71,,,REV,-14.6,S427 BUY Open Close Cross,OCC SMMA8 altTFx3 ATR=n/a
2026-08-04 00:04:00,2026-08-04 00:28:00,SELL,4034.45,,,REV,-8.7,S427 SELL Open Close Cross,OCC SMMA8 altTFx3 ATR=n/a
2026-08-04 00:28:00,2026-08-04 00:31:00,BUY,4035.12,,,REV,-4.5,S427 BUY Open Close Cross,OCC SMMA8 altTFx3 ATR=n/a
2026-08-04 00:31:00,2026-08-04 00:37:00,SELL,4034.87,,,REV,-16.3,S427 SELL Open Close Cross,OCC SMMA8 altTFx3 ATR=n/a
2026-08-04 00:37:00,2026-08-04 00:52:00,BUY,4036.3,,,REV,-39.3,S427 BUY Open Close Cross,OCC SMMA8 altTFx3 ATR=n/a
2026-08-04 00:52:00,2026-08-04 01:10:00,SELL,4032.57,,,REV,-41.6,S427 SELL Open Close Cross,OCC SMMA8 altTFx3 ATR=n/a
2026-08-04 01:10:00,2026-08-04 03:01:00,BUY,4036.53,,,REV,136.0,S427 BUY Open Close Cross,OCC SMMA8 altTFx3 ATR=n/a
2026-08-04 03:01:00,2026-08-04 03:10:00,SELL,4050.33,,,REV,-16.5,S427 SELL Open Close Cross,OCC SMMA8 altTFx3 ATR=n/a
2026-08-04 03:10:00,2026-08-04 03:13:00,BUY,4051.78,,,REV,4.0,S427 BUY Open Close Cross,OCC SMMA8 altTFx3 ATR=n/a
2026-08-04 03:13:00,2026-08-04 03:16:00,SELL,4052.38,,,REV,-3.3,S427 SELL Open Close Cross,OCC SMMA8 altTFx3 ATR=n/a
2026-08-04 03:16:00,2026-08-04 03:19:00,BUY,4052.51,,,REV,-3.9,S427 BUY Open Close Cross,OCC SMMA8 altTFx3 ATR=n/a
2026-08-04 03:19:00,2026-08-04 03:28:00,SELL,4052.32,,,REV,-22.9,S427 SELL Open Close Cross,OCC SMMA8 altTFx3 ATR=n/a
2026-08-04 03:28:00,2026-08-04 03:55:00,BUY,4054.41,,,REV,1.9,S427 BUY Open Close Cross,OCC SMMA8 altTFx3 ATR=n/a
2026-08-04 03:55:00,2026-08-04 05:25:00,SELL,4054.8,,,REV,23.7,S427 SELL Open Close Cross,OCC SMMA8 altTFx3 ATR=n/a
2026-08-04 05:25:00,2026-08-04 05:28:00,BUY,4052.23,,,REV,-7.4,S427 BUY Open Close Cross,OCC SMMA8 altTFx3 ATR=n/a
2026-08-04 05:28:00,2026-08-04 05:37:00,SELL,4051.69,,,REV,-10.6,S427 SELL Open Close Cross,OCC SMMA8 altTFx3 ATR=n/a
2026-08-04 05:37:00,2026-08-04 05:52:00,BUY,4052.55,,,REV,-8.1,S427 BUY Open Close Cross,OCC SMMA8 altTFx3 ATR=n/a
2026-08-04 05:52:00,2026-08-04 05:58:00,SELL,4051.94,,,REV,-12.1,S427 SELL Open Close Cross,OCC SMMA8 altTFx3 ATR=n/a
2026-08-04 05:58:00,2026-08-04 06:04:00,BUY,4052.95,,,REV,-12.6,S427 BUY Open Close Cross,OCC SMMA8 altTFx3 ATR=n/a
2026-08-04 06:04:00,2026-08-04 06:07:00,SELL,4051.89,,,REV,-24.7,S427 SELL Open Close Cross,OCC SMMA8 altTFx3 ATR=n/a
2026-08-04 06:07:00,2026-08-04 06:13:00,BUY,4054.16,,,REV,-28.3,S427 BUY Open Close Cross,OCC SMMA8 altTFx3 ATR=n/a
2026-08-04 06:13:00,2026-08-04 06:22:00,SELL,4051.53,,,REV,-23.1,S427 SELL Open Close Cross,OCC SMMA8 altTFx3 ATR=n/a
2026-08-04 06:22:00,2026-08-04 06:25:00,BUY,4053.64,,,REV,-15.8,S427 BUY Open Close Cross,OCC SMMA8 altTFx3 ATR=n/a
2026-08-04 06:25:00,2026-08-04 06:40:00,SELL,4052.26,,,REV,0.0,S427 SELL Open Close Cross,OCC SMMA8 altTFx3 ATR=n/a
2026-08-04 06:40:00,2026-08-04 06:43:00,BUY,4052.06,,,REV,-4.9,S427 BUY Open Close Cross,OCC SMMA8 altTFx3 ATR=n/a
2026-08-04 06:43:00,2026-08-04 06:46:00,SELL,4051.77,,,REV,-8.6,S427 SELL Open Close Cross,OCC SMMA8 altTFx3 ATR=n/a
2026-08-04 06:46:00,2026-08-04 06:52:00,BUY,4052.43,,,REV,-3.8,S427 BUY Open Close Cross,OCC SMMA8 altTFx3 ATR=n/a
2026-08-04 06:52:00,2026-08-04 06:55:00,SELL,4052.25,,,REV,-3.8,S427 SELL Open Close Cross,OCC SMMA8 altTFx3 ATR=n/a
2026-08-04 06:55:00,2026-08-04 07:25:00,BUY,4052.43,,,REV,66.6,S427 BUY Open Close Cross,OCC SMMA8 altTFx3 ATR=n/a
2026-08-04 07:25:00,2026-08-04 07:28:00,SELL,4059.29,,,REV,-6.3,S427 SELL Open Close Cross,OCC SMMA8 altTFx3 ATR=n/a
2026-08-04 07:28:00,2026-08-04 07:40:00,BUY,4059.72,,,REV,-18.5,S427 BUY Open Close Cross,OCC SMMA8 altTFx3 ATR=n/a
2026-08-04 07:40:00,2026-08-04 08:37:00,SELL,4058.07,,,REV,29.7,S427 SELL Open Close Cross,OCC SMMA8 altTFx3 ATR=n/a
2026-08-04 08:37:00,2026-08-04 09:31:00,BUY,4054.9,,,REV,8.7,S427 BUY Open Close Cross,OCC SMMA8 altTFx3 ATR=n/a
2026-08-04 09:31:00,2026-08-04 09:34:00,SELL,4055.97,,,REV,-24.4,S427 SELL Open Close Cross,OCC SMMA8 altTFx3 ATR=n/a
2026-08-04 09:34:00,2026-08-04 10:01:00,BUY,4058.21,,,REV,17.2,S427 BUY Open Close Cross,OCC SMMA8 altTFx3 ATR=n/a
2026-08-04 10:01:00,2026-08-04 10:04:00,SELL,4060.13,,,REV,12.9,S427 SELL Open Close Cross,OCC SMMA8 altTFx3 ATR=n/a
2026-08-04 10:04:00,2026-08-04 10:07:00,BUY,4058.64,,,REV,-20.1,S427 BUY Open Close Cross,OCC SMMA8 altTFx3 ATR=n/a
2026-08-04 10:07:00,2026-08-04 10:13:00,SELL,4056.83,,,REV,-17.4,S427 SELL Open Close Cross,OCC SMMA8 altTFx3 ATR=n/a
2026-08-04 10:13:00,2026-08-04 10:16:00,BUY,4058.37,,,REV,10.4,S427 BUY Open Close Cross,OCC SMMA8 altTFx3 ATR=n/a
2026-08-04 10:16:00,2026-08-04 10:19:00,SELL,4059.61,,,REV,-3.9,S427 SELL Open Close Cross,OCC SMMA8 altTFx3 ATR=n/a
2026-08-04 10:19:00,2026-08-04 10:25:00,BUY,4059.8,,,REV,1.0,S427 BUY Open Close Cross,OCC SMMA8 altTFx3 ATR=n/a
2026-08-04 10:25:00,2026-08-04 11:16:00,SELL,4060.1,,,REV,25.4,S427 SELL Open Close Cross,OCC SMMA8 altTFx3 ATR=n/a
2026-08-04 11:16:00,2026-08-04 12:10:00,BUY,4057.36,,,REV,31.4,S427 BUY Open Close Cross,OCC SMMA8 altTFx3 ATR=n/a
2026-08-04 12:10:00,2026-08-04 12:22:00,SELL,4060.7,,,REV,-19.5,S427 SELL Open Close Cross,OCC SMMA8 altTFx3 ATR=n/a
2026-08-04 12:22:00,2026-08-04 12:40:00,BUY,4062.45,,,REV,-19.5,S427 BUY Open Close Cross,OCC SMMA8 altTFx3 ATR=n/a
2026-08-04 12:40:00,2026-08-04 12:46:00,SELL,4060.7,,,REV,-25.7,S427 SELL Open Close Cross,OCC SMMA8 altTFx3 ATR=n/a
2026-08-04 12:46:00,2026-08-04 12:52:00,BUY,4063.07,,,REV,-18.6,S427 BUY Open Close Cross,OCC SMMA8 altTFx3 ATR=n/a
2026-08-04 12:52:00,2026-08-04 13:01:00,SELL,4061.41,,,REV,-17.2,S427 SELL Open Close Cross,OCC SMMA8 altTFx3 ATR=n/a
2026-08-04 13:01:00,2026-08-04 13:28:00,BUY,4062.93,,,REV,-9.4,S427 BUY Open Close Cross,OCC SMMA8 altTFx3 ATR=n/a
2026-08-04 13:28:00,2026-08-04 13:49:00,SELL,4062.19,,,REV,7.3,S427 SELL Open Close Cross,OCC SMMA8 altTFx3 ATR=n/a
2026-08-04 13:49:00,2026-08-04 13:58:00,BUY,4061.26,,,REV,-8.8,S427 BUY Open Close Cross,OCC SMMA8 altTFx3 ATR=n/a
2026-08-04 13:58:00,2026-08-04 14:01:00,SELL,4060.58,,,REV,-27.5,S427 SELL Open Close Cross,OCC SMMA8 altTFx3 ATR=n/a
2026-08-04 14:01:00,2026-08-04 14:16:00,BUY,4063.13,,,REV,-14.8,S427 BUY Open Close Cross,OCC SMMA8 altTFx3 ATR=n/a
2026-08-04 14:16:00,2026-08-04 14:22:00,SELL,4061.85,,,REV,-14.0,S427 SELL Open Close Cross,OCC SMMA8 altTFx3 ATR=n/a
2026-08-04 14:22:00,2026-08-04 14:31:00,BUY,4063.05,,,REV,8.2,S427 BUY Open Close Cross,OCC SMMA8 altTFx3 ATR=n/a
2026-08-04 14:31:00,2026-08-04 14:34:00,SELL,4064.07,,,REV,-26.0,S427 SELL Open Close Cross,OCC SMMA8 altTFx3 ATR=n/a
2026-08-04 14:34:00,2026-08-04 14:40:00,BUY,4066.47,,,REV,-36.5,S427 BUY Open Close Cross,OCC SMMA8 altTFx3 ATR=n/a
2026-08-04 14:40:00,2026-08-04 14:43:00,SELL,4063.02,,,REV,2.6,S427 SELL Open Close Cross,OCC SMMA8 altTFx3 ATR=n/a
2026-08-04 14:43:00,2026-08-04 14:46:00,BUY,4062.56,,,REV,5.6,S427 BUY Open Close Cross,OCC SMMA8 altTFx3 ATR=n/a
2026-08-04 14:46:00,2026-08-04 14:49:00,SELL,4063.32,,,REV,-16.5,S427 SELL Open Close Cross,OCC SMMA8 altTFx3 ATR=n/a
2026-08-04 14:49:00,2026-08-04 15:25:00,BUY,4064.77,,,REV,-21.2,S427 BUY Open Close Cross,OCC SMMA8 altTFx3 ATR=n/a
2026-08-04 15:25:00,2026-08-04 17:28:00,SELL,4062.85,,,REV,131.7,S427 SELL Open Close Cross,OCC SMMA8 altTFx3 ATR=n/a
2026-08-04 17:28:00,2026-08-04 17:40:00,BUY,4049.48,,,REV,-6.3,S427 BUY Open Close Cross,OCC SMMA8 altTFx3 ATR=n/a
2026-08-04 17:40:00,2026-08-04 17:43:00,SELL,4049.05,,,REV,6.0,S427 SELL Open Close Cross,OCC SMMA8 altTFx3 ATR=n/a
2026-08-04 17:43:00,2026-08-04 19:10:00,BUY,4048.25,,,REV,149.3,S427 BUY Open Close Cross,OCC SMMA8 altTFx3 ATR=n/a
2026-08-04 19:10:00,2026-08-04 19:22:00,SELL,4063.38,,,REV,-47.3,S427 SELL Open Close Cross,OCC SMMA8 altTFx3 ATR=n/a
2026-08-04 19:22:00,2026-08-04 19:55:00,BUY,4067.91,,,REV,58.2,S427 BUY Open Close Cross,OCC SMMA8 altTFx3 ATR=n/a
2026-08-04 19:55:00,2026-08-04 19:58:00,SELL,4073.93,,,REV,13.5,S427 SELL Open Close Cross,OCC SMMA8 altTFx3 ATR=n/a
2026-08-04 19:58:00,2026-08-04 20:01:00,BUY,4072.38,,,REV,-25.4,S427 BUY Open Close Cross,OCC SMMA8 altTFx3 ATR=n/a
2026-08-04 20:01:00,2026-08-04 20:22:00,SELL,4070.04,,,REV,-54.5,S427 SELL Open Close Cross,OCC SMMA8 altTFx3 ATR=n/a
2026-08-04 20:22:00,2026-08-04 21:19:00,BUY,4075.29,,,REV,99.1,S427 BUY Open Close Cross,OCC SMMA8 altTFx3 ATR=n/a
2026-08-04 21:19:00,2026-08-04 21:34:00,SELL,4085.4,,,REV,13.4,S427 SELL Open Close Cross,OCC SMMA8 altTFx3 ATR=n/a
2026-08-04 21:34:00,2026-08-04 21:37:00,BUY,4083.86,,,REV,-69.3,S427 BUY Open Close Cross,OCC SMMA8 altTFx3 ATR=n/a
2026-08-04 21:37:00,2026-08-04 21:52:00,SELL,4077.13,,,REV,-63.3,S427 SELL Open Close Cross,OCC SMMA8 altTFx3 ATR=n/a
2026-08-04 21:52:00,2026-08-04 22:04:00,BUY,4083.26,,,REV,-15.5,S427 BUY Open Close Cross,OCC SMMA8 altTFx3 ATR=n/a
2026-08-04 22:04:00,2026-08-04 22:13:00,SELL,4081.91,,,REV,-33.5,S427 SELL Open Close Cross,OCC SMMA8 altTFx3 ATR=n/a
2026-08-04 22:13:00,2026-08-04 22:19:00,BUY,4085.06,,,REV,-81.4,S427 BUY Open Close Cross,OCC SMMA8 altTFx3 ATR=n/a
2026-08-04 22:19:00,2026-08-04 22:40:00,SELL,4077.12,,,REV,-65.7,S427 SELL Open Close Cross,OCC SMMA8 altTFx3 ATR=n/a
2026-08-04 22:40:00,2026-08-04 23:22:00,BUY,4083.49,,,REV,20.8,S427 BUY Open Close Cross,OCC SMMA8 altTFx3 ATR=n/a
2026-08-04 23:22:00,2026-08-04 23:25:00,SELL,4085.77,,,REV,-17.6,S427 SELL Open Close Cross,OCC SMMA8 altTFx3 ATR=n/a
2026-08-04 23:25:00,2026-08-04 23:40:00,BUY,4087.33,,,REV,-17.2,S427 BUY Open Close Cross,OCC SMMA8 altTFx3 ATR=n/a
2026-08-04 23:40:00,2026-08-04 23:46:00,SELL,4085.81,,,REV,-44.9,S427 SELL Open Close Cross,OCC SMMA8 altTFx3 ATR=n/a
2026-08-04 23:46:00,2026-08-05 00:31:00,BUY,4090.1,,,REV,40.4,S427 BUY Open Close Cross,OCC SMMA8 altTFx3 ATR=n/a
2026-08-05 00:31:00,2026-08-05 00:46:00,SELL,4094.34,,,REV,-17.5,S427 SELL Open Close Cross,OCC SMMA8 altTFx3 ATR=n/a
2026-08-05 00:46:00,2026-08-05 00:49:00,BUY,4095.89,,,REV,-13.4,S427 BUY Open Close Cross,OCC SMMA8 altTFx3 ATR=n/a
2026-08-05 00:49:00,2026-08-05 02:10:00,SELL,4094.75,,,REV,103.8,S427 SELL Open Close Cross,OCC SMMA8 altTFx3 ATR=n/a
2026-08-05 02:10:00,2026-08-05 02:16:00,BUY,4084.17,,,REV,-29.1,S427 BUY Open Close Cross,OCC SMMA8 altTFx3 ATR=n/a
2026-08-05 02:16:00,2026-08-05 02:19:00,SELL,4081.46,,,REV,-23.6,S427 SELL Open Close Cross,OCC SMMA8 altTFx3 ATR=n/a
2026-08-05 02:19:00,2026-08-05 02:28:00,BUY,4083.62,,,REV,-34.9,S427 BUY Open Close Cross,OCC SMMA8 altTFx3 ATR=n/a
2026-08-05 02:28:00,2026-08-05 02:43:00,SELL,4080.33,,,REV,-17.8,S427 SELL Open Close Cross,OCC SMMA8 altTFx3 ATR=n/a
2026-08-05 02:43:00,2026-08-05 02:49:00,BUY,4081.91,,,REV,-18.2,S427 BUY Open Close Cross,OCC SMMA8 altTFx3 ATR=n/a
2026-08-05 02:49:00,2026-08-05 03:13:00,SELL,4080.29,,,REV,6.7,S427 SELL Open Close Cross,OCC SMMA8 altTFx3 ATR=n/a
2026-08-05 03:13:00,2026-08-05 03:16:00,BUY,4079.42,,,REV,-8.5,S427 BUY Open Close Cross,OCC SMMA8 altTFx3 ATR=n/a
2026-08-05 03:16:00,2026-08-05 03:40:00,SELL,4078.77,,,REV,12.2,S427 SELL Open Close Cross,OCC SMMA8 altTFx3 ATR=n/a
2026-08-05 03:40:00,2026-08-05 03:49:00,BUY,4077.35,,,REV,-9.8,S427 BUY Open Close Cross,OCC SMMA8 altTFx3 ATR=n/a
2026-08-05 03:49:00,2026-08-05 03:52:00,SELL,4076.57,,,REV,-9.2,S427 SELL Open Close Cross,OCC SMMA8 altTFx3 ATR=n/a
2026-08-05 03:52:00,2026-08-05 03:55:00,BUY,4077.29,,,REV,-7.2,S427 BUY Open Close Cross,OCC SMMA8 altTFx3 ATR=n/a
2026-08-05 03:55:00,2026-08-05 05:02:00,SELL,4076.77,,,REV,-14.2,S427 SELL Open Close Cross,OCC SMMA8 altTFx3 ATR=n/a
2026-08-05 05:02:00,2026-08-05 05:19:00,BUY,4077.99,,,REV,-15.0,S427 BUY Open Close Cross,OCC SMMA8 altTFx3 ATR=n/a
2026-08-05 05:19:00,2026-08-05 05:28:00,SELL,4076.69,,,REV,-26.5,S427 SELL Open Close Cross,OCC SMMA8 altTFx3 ATR=n/a
2026-08-05 05:28:00,2026-08-05 05:55:00,BUY,4079.14,,,REV,18.4,S427 BUY Open Close Cross,OCC SMMA8 altTFx3 ATR=n/a
2026-08-05 05:55:00,2026-08-05 06:52:00,SELL,4081.18,,,REV,91.2,S427 SELL Open Close Cross,OCC SMMA8 altTFx3 ATR=n/a
2026-08-05 06:52:00,2026-08-05 07:13:00,BUY,4071.86,,,REV,5.1,S427 BUY Open Close Cross,OCC SMMA8 altTFx3 ATR=n/a
2026-08-05 07:13:00,2026-08-05 07:19:00,SELL,4072.57,,,REV,-29.6,S427 SELL Open Close Cross,OCC SMMA8 altTFx3 ATR=n/a
2026-08-05 07:19:00,2026-08-05 10:37:00,BUY,4075.33,,,REV,525.5,S427 BUY Open Close Cross,OCC SMMA8 altTFx3 ATR=n/a
2026-08-05 10:37:00,2026-08-05 10:46:00,SELL,4128.08,,,REV,-18.3,S427 SELL Open Close Cross,OCC SMMA8 altTFx3 ATR=n/a
2026-08-05 10:46:00,2026-08-05 10:52:00,BUY,4129.71,,,REV,-17.6,S427 BUY Open Close Cross,OCC SMMA8 altTFx3 ATR=n/a
2026-08-05 10:52:00,2026-08-05 10:58:00,SELL,4128.15,,,REV,-7.3,S427 SELL Open Close Cross,OCC SMMA8 altTFx3 ATR=n/a
2026-08-05 10:58:00,2026-08-05 11:01:00,BUY,4128.68,,,REV,8.1,S427 BUY Open Close Cross,OCC SMMA8 altTFx3 ATR=n/a
2026-08-05 11:01:00,2026-08-05 11:04:00,SELL,4129.69,,,REV,-49.5,S427 SELL Open Close Cross,OCC SMMA8 altTFx3 ATR=n/a
2026-08-05 11:04:00,2026-08-05 11:40:00,BUY,4134.44,,,REV,1.0,S427 BUY Open Close Cross,OCC SMMA8 altTFx3 ATR=n/a
2026-08-05 11:40:00,2026-08-05 11:58:00,SELL,4134.74,,,REV,-2.3,S427 SELL Open Close Cross,OCC SMMA8 altTFx3 ATR=n/a
2026-08-05 11:58:00,2026-08-05 14:07:00,BUY,4134.77,,,REV,359.3,S427 BUY Open Close Cross,OCC SMMA8 altTFx3 ATR=n/a
2026-08-05 14:07:00,2026-08-05 14:58:00,SELL,4170.9,,,REV,-0.6,S427 SELL Open Close Cross,OCC SMMA8 altTFx3 ATR=n/a
2026-08-05 14:58:00,2026-08-05 15:16:00,BUY,4170.76,,,REV,-50.4,S427 BUY Open Close Cross,OCC SMMA8 altTFx3 ATR=n/a
2026-08-05 15:16:00,2026-08-05 15:46:00,SELL,4165.92,,,REV,18.2,S427 SELL Open Close Cross,OCC SMMA8 altTFx3 ATR=n/a
2026-08-05 15:46:00,2026-08-05 15:49:00,BUY,4163.9,,,REV,-11.2,S427 BUY Open Close Cross,OCC SMMA8 altTFx3 ATR=n/a
2026-08-05 15:49:00,2026-08-05 16:07:00,SELL,4162.98,,,REV,-24.4,S427 SELL Open Close Cross,OCC SMMA8 altTFx3 ATR=n/a
2026-08-05 16:07:00,2026-08-05 16:13:00,BUY,4165.22,,,REV,-21.5,S427 BUY Open Close Cross,OCC SMMA8 altTFx3 ATR=n/a
2026-08-05 16:13:00,2026-08-05 17:01:00,SELL,4163.27,,,REV,61.7,S427 SELL Open Close Cross,OCC SMMA8 altTFx3 ATR=n/a
2026-08-05 17:01:00,2026-08-05 17:04:00,BUY,4156.9,,,REV,-42.1,S427 BUY Open Close Cross,OCC SMMA8 altTFx3 ATR=n/a
2026-08-05 17:04:00,2026-08-05 17:22:00,SELL,4152.89,,,REV,-34.5,S427 SELL Open Close Cross,OCC SMMA8 altTFx3 ATR=n/a
2026-08-05 17:22:00,2026-08-05 17:37:00,BUY,4156.14,,,REV,-14.2,S427 BUY Open Close Cross,OCC SMMA8 altTFx3 ATR=n/a
2026-08-05 17:37:00,2026-08-05 17:40:00,SELL,4154.92,,,REV,-6.1,S427 SELL Open Close Cross,OCC SMMA8 altTFx3 ATR=n/a
2026-08-05 17:40:00,2026-08-05 17:46:00,BUY,4155.33,,,REV,8.5,S427 BUY Open Close Cross,OCC SMMA8 altTFx3 ATR=n/a
2026-08-05 17:46:00,2026-08-05 17:55:00,SELL,4156.38,,,REV,-0.2,S427 SELL Open Close Cross,OCC SMMA8 altTFx3 ATR=n/a
2026-08-05 17:55:00,2026-08-05 19:43:00,BUY,4156.2,,,REV,373.8,S427 BUY Open Close Cross,OCC SMMA8 altTFx3 ATR=n/a
2026-08-05 19:43:00,2026-08-05 20:07:00,SELL,4193.78,,,REV,-14.4,S427 SELL Open Close Cross,OCC SMMA8 altTFx3 ATR=n/a
2026-08-05 20:07:00,2026-08-05 20:13:00,BUY,4195.02,,,REV,-55.1,S427 BUY Open Close Cross,OCC SMMA8 altTFx3 ATR=n/a
2026-08-05 20:13:00,2026-08-05 20:25:00,SELL,4189.71,,,REV,-50.8,S427 SELL Open Close Cross,OCC SMMA8 altTFx3 ATR=n/a
2026-08-05 20:25:00,2026-08-05 20:49:00,BUY,4194.59,,,REV,-24.8,S427 BUY Open Close Cross,OCC SMMA8 altTFx3 ATR=n/a
2026-08-05 20:49:00,2026-08-05 20:55:00,SELL,4192.31,,,REV,-88.5,S427 SELL Open Close Cross,OCC SMMA8 altTFx3 ATR=n/a
2026-08-05 20:55:00,2026-08-05 22:49:00,BUY,4200.96,,,REV,520.2,S427 BUY Open Close Cross,OCC SMMA8 altTFx3 ATR=n/a
2026-08-05 22:49:00,2026-08-05 23:25:00,SELL,4253.18,,,REV,141.6,S427 SELL Open Close Cross,OCC SMMA8 altTFx3 ATR=n/a
2026-08-05 23:25:00,2026-08-05 23:58:00,BUY,4238.82,,,REV,12.7,S427 BUY Open Close Cross,OCC SMMA8 altTFx3 ATR=n/a
2026-08-05 23:58:00,2026-08-06 00:01:00,SELL,4240.29,,,REV,-6.9,S427 SELL Open Close Cross,OCC SMMA8 altTFx3 ATR=n/a
2026-08-06 00:01:00,2026-08-06 00:04:00,BUY,4240.78,,,REV,3.8,S427 BUY Open Close Cross,OCC SMMA8 altTFx3 ATR=n/a
2026-08-06 00:04:00,2026-08-06 00:07:00,SELL,4241.36,,,REV,-11.4,S427 SELL Open Close Cross,OCC SMMA8 altTFx3 ATR=n/a
2026-08-06 00:07:00,2026-08-06 00:10:00,BUY,4242.3,,,REV,-8.2,S427 BUY Open Close Cross,OCC SMMA8 altTFx3 ATR=n/a
2026-08-06 00:10:00,2026-08-06 00:13:00,SELL,4241.68,,,REV,-18.0,S427 SELL Open Close Cross,OCC SMMA8 altTFx3 ATR=n/a
2026-08-06 00:13:00,2026-08-06 00:16:00,BUY,4243.28,,,REV,-29.4,S427 BUY Open Close Cross,OCC SMMA8 altTFx3 ATR=n/a
2026-08-06 00:16:00,2026-08-06 00:31:00,SELL,4240.54,,,REV,-27.1,S427 SELL Open Close Cross,OCC SMMA8 altTFx3 ATR=n/a
2026-08-06 00:31:00,2026-08-06 02:10:00,BUY,4243.05,,,REV,146.2,S427 BUY Open Close Cross,OCC SMMA8 altTFx3 ATR=n/a
2026-08-06 02:10:00,2026-08-06 03:37:00,SELL,4257.87,,,REV,101.3,S427 SELL Open Close Cross,OCC SMMA8 altTFx3 ATR=n/a
2026-08-06 03:37:00,2026-08-06 03:40:00,BUY,4247.54,,,REV,-9.3,S427 BUY Open Close Cross,OCC SMMA8 altTFx3 ATR=n/a
2026-08-06 03:40:00,2026-08-06 05:34:00,SELL,4246.81,,,REV,-28.0,S427 SELL Open Close Cross,OCC SMMA8 altTFx3 ATR=n/a
2026-08-06 05:34:00,2026-08-06 05:46:00,BUY,4249.41,,,REV,-15.0,S427 BUY Open Close Cross,OCC SMMA8 altTFx3 ATR=n/a
2026-08-06 05:46:00,2026-08-06 05:49:00,SELL,4248.11,,,REV,-9.1,S427 SELL Open Close Cross,OCC SMMA8 altTFx3 ATR=n/a
2026-08-06 05:49:00,2026-08-06 05:52:00,BUY,4248.82,,,REV,-5.4,S427 BUY Open Close Cross,OCC SMMA8 altTFx3 ATR=n/a
2026-08-06 05:52:00,2026-08-06 06:01:00,SELL,4248.48,,,REV,-17.9,S427 SELL Open Close Cross,OCC SMMA8 altTFx3 ATR=n/a
2026-08-06 06:01:00,2026-08-06 07:04:00,BUY,4250.07,,,REV,165.1,S427 BUY Open Close Cross,OCC SMMA8 altTFx3 ATR=n/a
2026-08-06 07:04:00,2026-08-06 07:10:00,SELL,4266.78,,,REV,-50.2,S427 SELL Open Close Cross,OCC SMMA8 altTFx3 ATR=n/a
2026-08-06 07:10:00,2026-08-06 07:13:00,BUY,4271.6,,,REV,-56.8,S427 BUY Open Close Cross,OCC SMMA8 altTFx3 ATR=n/a
2026-08-06 07:13:00,2026-08-06 07:16:00,SELL,4266.12,,,REV,-70.0,S427 SELL Open Close Cross,OCC SMMA8 altTFx3 ATR=n/a
2026-08-06 07:16:00,2026-08-06 07:31:00,BUY,4272.92,,,REV,27.2,S427 BUY Open Close Cross,OCC SMMA8 altTFx3 ATR=n/a
2026-08-06 07:31:00,2026-08-06 07:34:00,SELL,4275.84,,,REV,-87.9,S427 SELL Open Close Cross,OCC SMMA8 altTFx3 ATR=n/a
2026-08-06 07:34:00,2026-08-06 08:13:00,BUY,4284.43,,,REV,-22.1,S427 BUY Open Close Cross,OCC SMMA8 altTFx3 ATR=n/a
2026-08-06 08:13:00,2026-08-06 08:40:00,SELL,4282.42,,,REV,-102.5,S427 SELL Open Close Cross,OCC SMMA8 altTFx3 ATR=n/a
2026-08-06 08:40:00,2026-08-06 08:58:00,BUY,4292.47,,,REV,-64.6,S427 BUY Open Close Cross,OCC SMMA8 altTFx3 ATR=n/a
2026-08-06 08:58:00,2026-08-06 09:04:00,SELL,4286.21,,,REV,-74.6,S427 SELL Open Close Cross,OCC SMMA8 altTFx3 ATR=n/a
2026-08-06 09:04:00,2026-08-06 09:28:00,BUY,4293.47,,,REV,-5.3,S427 BUY Open Close Cross,OCC SMMA8 altTFx3 ATR=n/a
2026-08-06 09:28:00,2026-08-06 11:10:00,SELL,4293.14,,,REV,270.1,S427 SELL Open Close Cross,OCC SMMA8 altTFx3 ATR=n/a
2026-08-06 11:10:00,2026-08-06 11:16:00,BUY,4265.93,,,REV,-34.2,S427 BUY Open Close Cross,OCC SMMA8 altTFx3 ATR=n/a
2026-08-06 11:16:00,2026-08-06 11:52:00,SELL,4262.71,,,REV,6.4,S427 SELL Open Close Cross,OCC SMMA8 altTFx3 ATR=n/a
2026-08-06 11:52:00,2026-08-06 11:55:00,BUY,4261.87,,,REV,-1.0,S427 BUY Open Close Cross,OCC SMMA8 altTFx3 ATR=n/a
2026-08-06 11:55:00,2026-08-06 11:58:00,SELL,4261.97,,,REV,-6.3,S427 SELL Open Close Cross,OCC SMMA8 altTFx3 ATR=n/a
2026-08-06 11:58:00,2026-08-06 12:07:00,BUY,4262.4,,,REV,-29.1,S427 BUY Open Close Cross,OCC SMMA8 altTFx3 ATR=n/a
2026-08-06 12:07:00,2026-08-06 12:37:00,SELL,4259.69,,,REV,11.4,S427 SELL Open Close Cross,OCC SMMA8 altTFx3 ATR=n/a
2026-08-06 12:37:00,2026-08-06 13:13:00,BUY,4258.35,,,REV,-8.3,S427 BUY Open Close Cross,OCC SMMA8 altTFx3 ATR=n/a
2026-08-06 13:13:00,2026-08-06 14:07:00,SELL,4257.72,,,REV,12.1,S427 SELL Open Close Cross,OCC SMMA8 altTFx3 ATR=n/a
2026-08-06 14:07:00,2026-08-06 14:37:00,BUY,4256.31,,,REV,11.8,S427 BUY Open Close Cross,OCC SMMA8 altTFx3 ATR=n/a
2026-08-06 14:37:00,2026-08-06 14:58:00,SELL,4257.69,,,REV,-32.3,S427 SELL Open Close Cross,OCC SMMA8 altTFx3 ATR=n/a
2026-08-06 14:58:00,2026-08-06 16:37:00,BUY,4260.72,,,REV,167.1,S427 BUY Open Close Cross,OCC SMMA8 altTFx3 ATR=n/a
2026-08-06 16:37:00,2026-08-06 17:52:00,SELL,4277.63,,,REV,81.5,S427 SELL Open Close Cross,OCC SMMA8 altTFx3 ATR=n/a
2026-08-06 17:52:00,2026-08-06 18:07:00,BUY,4269.28,,,REV,-14.7,S427 BUY Open Close Cross,OCC SMMA8 altTFx3 ATR=n/a
2026-08-06 18:07:00,2026-08-06 18:58:00,SELL,4268.01,,,REV,61.2,S427 SELL Open Close Cross,OCC SMMA8 altTFx3 ATR=n/a
2026-08-06 18:58:00,2026-08-06 19:10:00,BUY,4261.69,,,REV,-41.6,S427 BUY Open Close Cross,OCC SMMA8 altTFx3 ATR=n/a
2026-08-06 19:10:00,2026-08-06 19:22:00,SELL,4257.73,,,REV,-30.5,S427 SELL Open Close Cross,OCC SMMA8 altTFx3 ATR=n/a
2026-08-06 19:22:00,2026-08-06 19:28:00,BUY,4260.58,,,REV,-10.4,S427 BUY Open Close Cross,OCC SMMA8 altTFx3 ATR=n/a
2026-08-06 19:28:00,2026-08-06 19:31:00,SELL,4259.74,,,REV,-38.9,S427 SELL Open Close Cross,OCC SMMA8 altTFx3 ATR=n/a
2026-08-06 19:31:00,2026-08-06 19:49:00,BUY,4263.43,,,REV,-52.3,S427 BUY Open Close Cross,OCC SMMA8 altTFx3 ATR=n/a
2026-08-06 19:49:00,2026-08-06 20:34:00,SELL,4258.4,,,REV,76.3,S427 SELL Open Close Cross,OCC SMMA8 altTFx3 ATR=n/a
2026-08-06 20:34:00,2026-08-06 21:19:00,BUY,4250.57,,,REV,141.0,S427 BUY Open Close Cross,OCC SMMA8 altTFx3 ATR=n/a
2026-08-06 21:19:00,2026-08-06 21:31:00,SELL,4264.87,,,REV,-40.4,S427 SELL Open Close Cross,OCC SMMA8 altTFx3 ATR=n/a
2026-08-06 21:31:00,2026-08-06 21:52:00,BUY,4268.71,,,REV,-33.9,S427 BUY Open Close Cross,OCC SMMA8 altTFx3 ATR=n/a
2026-08-06 21:52:00,2026-08-06 21:58:00,SELL,4265.52,,,REV,-48.6,S427 SELL Open Close Cross,OCC SMMA8 altTFx3 ATR=n/a
2026-08-06 21:58:00,2026-08-06 22:13:00,BUY,4270.18,,,REV,-67.8,S427 BUY Open Close Cross,OCC SMMA8 altTFx3 ATR=n/a
2026-08-06 22:13:00,2026-08-06 23:40:00,SELL,4263.6,,,REV,282.2,S427 SELL Open Close Cross,OCC SMMA8 altTFx3 ATR=n/a
2026-08-06 23:40:00,2026-08-06 23:43:00,BUY,4235.18,,,REV,-11.1,S427 BUY Open Close Cross,OCC SMMA8 altTFx3 ATR=n/a
2026-08-06 23:43:00,2026-08-06 23:52:00,SELL,4234.27,,,REV,-24.6,S427 SELL Open Close Cross,OCC SMMA8 altTFx3 ATR=n/a
2026-08-06 23:52:00,2026-08-07 00:49:00,BUY,4236.53,,,REV,56.9,S427 BUY Open Close Cross,OCC SMMA8 altTFx3 ATR=n/a
2026-08-07 00:49:00,2026-08-07 00:52:00,SELL,4242.42,,,REV,-17.9,S427 SELL Open Close Cross,OCC SMMA8 altTFx3 ATR=n/a
2026-08-07 00:52:00,2026-08-07 01:34:00,BUY,4244.01,,,REV,5.5,S427 BUY Open Close Cross,OCC SMMA8 altTFx3 ATR=n/a
2026-08-07 01:34:00,2026-08-07 01:52:00,SELL,4244.76,,,REV,3.5,S427 SELL Open Close Cross,OCC SMMA8 altTFx3 ATR=n/a
2026-08-07 01:52:00,2026-08-07 01:55:00,BUY,4244.21,,,REV,-25.2,S427 BUY Open Close Cross,OCC SMMA8 altTFx3 ATR=n/a
2026-08-07 01:55:00,2026-08-07 02:04:00,SELL,4241.89,,,REV,-58.8,S427 SELL Open Close Cross,OCC SMMA8 altTFx3 ATR=n/a
2026-08-07 02:04:00,2026-08-07 02:22:00,BUY,4247.57,,,REV,-11.9,S427 BUY Open Close Cross,OCC SMMA8 altTFx3 ATR=n/a
2026-08-07 02:22:00,2026-08-07 02:55:00,SELL,4246.58,,,REV,-7.5,S427 SELL Open Close Cross,OCC SMMA8 altTFx3 ATR=n/a
2026-08-07 02:55:00,2026-08-07 03:22:00,BUY,4247.13,,,REV,-37.3,S427 BUY Open Close Cross,OCC SMMA8 altTFx3 ATR=n/a
2026-08-07 03:22:00,2026-08-07 05:16:00,SELL,4243.6,,,REV,39.0,S427 SELL Open Close Cross,OCC SMMA8 altTFx3 ATR=n/a
2026-08-07 05:16:00,2026-08-07 05:43:00,BUY,4239.5,,,REV,4.2,S427 BUY Open Close Cross,OCC SMMA8 altTFx3 ATR=n/a
2026-08-07 05:43:00,2026-08-07 05:49:00,SELL,4240.12,,,REV,-18.0,S427 SELL Open Close Cross,OCC SMMA8 altTFx3 ATR=n/a
2026-08-07 05:49:00,2026-08-07 06:01:00,BUY,4241.72,,,REV,-11.5,S427 BUY Open Close Cross,OCC SMMA8 altTFx3 ATR=n/a
2026-08-07 06:01:00,2026-08-07 06:04:00,SELL,4240.77,,,REV,-1.9,S427 SELL Open Close Cross,OCC SMMA8 altTFx3 ATR=n/a
2026-08-07 06:04:00,2026-08-07 07:13:00,BUY,4240.76,,,REV,48.4,S427 BUY Open Close Cross,OCC SMMA8 altTFx3 ATR=n/a
2026-08-07 07:13:00,2026-08-07 08:04:00,SELL,4245.8,,,REV,52.6,S427 SELL Open Close Cross,OCC SMMA8 altTFx3 ATR=n/a
2026-08-07 08:04:00,2026-08-07 08:40:00,BUY,4240.34,,,REV,58.3,S427 BUY Open Close Cross,OCC SMMA8 altTFx3 ATR=n/a
2026-08-07 08:40:00,2026-08-07 08:43:00,SELL,4246.37,,,REV,-39.6,S427 SELL Open Close Cross,OCC SMMA8 altTFx3 ATR=n/a
2026-08-07 08:43:00,2026-08-07 09:37:00,BUY,4250.13,,,REV,24.3,S427 BUY Open Close Cross,OCC SMMA8 altTFx3 ATR=n/a
2026-08-07 09:37:00,2026-08-07 09:58:00,SELL,4252.76,,,REV,5.0,S427 SELL Open Close Cross,OCC SMMA8 altTFx3 ATR=n/a
2026-08-07 09:58:00,2026-08-07 10:01:00,BUY,4252.06,,,REV,-13.0,S427 BUY Open Close Cross,OCC SMMA8 altTFx3 ATR=n/a
2026-08-07 10:01:00,2026-08-07 10:04:00,SELL,4250.96,,,REV,-69.0,S427 SELL Open Close Cross,OCC SMMA8 altTFx3 ATR=n/a
2026-08-07 10:04:00,2026-08-07 10:19:00,BUY,4257.66,,,REV,-32.6,S427 BUY Open Close Cross,OCC SMMA8 altTFx3 ATR=n/a
2026-08-07 10:19:00,2026-08-07 10:25:00,SELL,4254.6,,,REV,-4.4,S427 SELL Open Close Cross,OCC SMMA8 altTFx3 ATR=n/a
2026-08-07 10:25:00,2026-08-07 11:43:00,BUY,4254.84,,,REV,104.8,S427 BUY Open Close Cross,OCC SMMA8 altTFx3 ATR=n/a
2026-08-07 11:43:00,2026-08-07 11:52:00,SELL,4265.52,,,REV,-7.2,S427 SELL Open Close Cross,OCC SMMA8 altTFx3 ATR=n/a
2026-08-07 11:52:00,2026-08-07 12:04:00,BUY,4266.04,,,REV,-4.2,S427 BUY Open Close Cross,OCC SMMA8 altTFx3 ATR=n/a
2026-08-07 12:04:00,2026-08-07 12:13:00,SELL,4265.82,,,REV,-35.8,S427 SELL Open Close Cross,OCC SMMA8 altTFx3 ATR=n/a
2026-08-07 12:13:00,2026-08-07 12:28:00,BUY,4269.2,,,REV,-33.5,S427 BUY Open Close Cross,OCC SMMA8 altTFx3 ATR=n/a
2026-08-07 12:28:00,2026-08-07 12:31:00,SELL,4266.05,,,REV,-16.7,S427 SELL Open Close Cross,OCC SMMA8 altTFx3 ATR=n/a
2026-08-07 12:31:00,2026-08-07 14:25:00,BUY,4267.52,,,REV,204.1,S427 BUY Open Close Cross,OCC SMMA8 altTFx3 ATR=n/a
2026-08-07 14:25:00,2026-08-07 14:58:00,SELL,4288.13,,,REV,-14.0,S427 SELL Open Close Cross,OCC SMMA8 altTFx3 ATR=n/a
2026-08-07 14:58:00,2026-08-07 16:34:00,BUY,4289.33,,,REV,143.5,S427 BUY Open Close Cross,OCC SMMA8 altTFx3 ATR=n/a
2026-08-07 16:34:00,2026-08-07 16:40:00,SELL,4303.88,,,REV,-50.9,S427 SELL Open Close Cross,OCC SMMA8 altTFx3 ATR=n/a
2026-08-07 16:40:00,2026-08-07 17:10:00,BUY,4308.77,,,REV,31.3,S427 BUY Open Close Cross,OCC SMMA8 altTFx3 ATR=n/a
2026-08-07 17:10:00,2026-08-07 17:25:00,SELL,4312.1,,,REV,-7.0,S427 SELL Open Close Cross,OCC SMMA8 altTFx3 ATR=n/a
2026-08-07 17:25:00,2026-08-07 18:19:00,BUY,4312.6,,,REV,60.2,S427 BUY Open Close Cross,OCC SMMA8 altTFx3 ATR=n/a
2026-08-07 18:19:00,2026-08-07 18:22:00,SELL,4318.82,,,REV,-36.3,S427 SELL Open Close Cross,OCC SMMA8 altTFx3 ATR=n/a
2026-08-07 18:22:00,2026-08-07 19:01:00,BUY,4322.25,,,REV,-13.2,S427 BUY Open Close Cross,OCC SMMA8 altTFx3 ATR=n/a
2026-08-07 19:01:00,2026-08-07 19:04:00,SELL,4321.13,,,REV,-25.0,S427 SELL Open Close Cross,OCC SMMA8 altTFx3 ATR=n/a
2026-08-07 19:04:00,2026-08-07 19:07:00,BUY,4323.43,,,REV,-56.7,S427 BUY Open Close Cross,OCC SMMA8 altTFx3 ATR=n/a
2026-08-07 19:07:00,2026-08-07 19:13:00,SELL,4317.96,,,REV,-29.9,S427 SELL Open Close Cross,OCC SMMA8 altTFx3 ATR=n/a
2026-08-07 19:13:00,2026-08-07 19:16:00,BUY,4320.75,,,REV,-88.4,S427 BUY Open Close Cross,OCC SMMA8 altTFx3 ATR=n/a
2026-08-07 19:16:00,2026-08-07 19:34:00,SELL,4312.11,,,REV,-443.3,S427 SELL Open Close Cross,OCC SMMA8 altTFx3 ATR=n/a
2026-08-07 19:34:00,2026-08-07 20:07:00,BUY,4356.24,,,REV,-56.8,S427 BUY Open Close Cross,OCC SMMA8 altTFx3 ATR=n/a
2026-08-07 20:07:00,2026-08-07 20:10:00,SELL,4350.76,,,REV,1.6,S427 SELL Open Close Cross,OCC SMMA8 altTFx3 ATR=n/a
2026-08-07 20:10:00,2026-08-07 20:13:00,BUY,4350.4,,,REV,-18.7,S427 BUY Open Close Cross,OCC SMMA8 altTFx3 ATR=n/a
2026-08-07 20:13:00,2026-08-07 20:22:00,SELL,4348.73,,,REV,-20.7,S427 SELL Open Close Cross,OCC SMMA8 altTFx3 ATR=n/a
2026-08-07 20:22:00,2026-08-07 20:52:00,BUY,4350.6,,,REV,39.0,S427 BUY Open Close Cross,OCC SMMA8 altTFx3 ATR=n/a
2026-08-07 20:52:00,2026-08-07 21:22:00,SELL,4354.7,,,REV,85.9,S427 SELL Open Close Cross,OCC SMMA8 altTFx3 ATR=n/a
2026-08-07 21:22:00,2026-08-07 21:34:00,BUY,4345.91,,,REV,-3.0,S427 BUY Open Close Cross,OCC SMMA8 altTFx3 ATR=n/a
2026-08-07 21:34:00,2026-08-07 21:37:00,SELL,4345.81,,,REV,-26.6,S427 SELL Open Close Cross,OCC SMMA8 altTFx3 ATR=n/a
2026-08-07 21:37:00,2026-08-07 21:40:00,BUY,4348.27,,,REV,-48.7,S427 BUY Open Close Cross,OCC SMMA8 altTFx3 ATR=n/a
2026-08-07 21:40:00,2026-08-07 21:43:00,SELL,4343.6,,,REV,-33.3,S427 SELL Open Close Cross,OCC SMMA8 altTFx3 ATR=n/a
2026-08-07 21:43:00,2026-08-07 21:46:00,BUY,4346.73,,,REV,-4.5,S427 BUY Open Close Cross,OCC SMMA8 altTFx3 ATR=n/a
2026-08-07 21:46:00,2026-08-07 21:52:00,SELL,4346.48,,,REV,7.4,S427 SELL Open Close Cross,OCC SMMA8 altTFx3 ATR=n/a
2026-08-07 21:52:00,2026-08-07 21:55:00,BUY,4345.54,,,REV,-5.0,S427 BUY Open Close Cross,OCC SMMA8 altTFx3 ATR=n/a
2026-08-07 21:55:00,2026-08-07 22:07:00,SELL,4345.24,,,REV,-26.6,S427 SELL Open Close Cross,OCC SMMA8 altTFx3 ATR=n/a
2026-08-07 22:07:00,2026-08-07 22:34:00,BUY,4347.7,,,REV,16.8,S427 BUY Open Close Cross,OCC SMMA8 altTFx3 ATR=n/a
2026-08-07 22:34:00,2026-08-07 22:40:00,SELL,4349.58,,,REV,-28.5,S427 SELL Open Close Cross,OCC SMMA8 altTFx3 ATR=n/a
2026-08-07 22:40:00,2026-08-07 22:43:00,BUY,4352.23,,,REV,-19.6,S427 BUY Open Close Cross,OCC SMMA8 altTFx3 ATR=n/a
2026-08-07 22:43:00,2026-08-07 23:10:00,SELL,4350.47,,,REV,33.3,S427 SELL Open Close Cross,OCC SMMA8 altTFx3 ATR=n/a
2026-08-07 23:10:00,2026-08-07 23:13:00,BUY,4346.94,,,REV,-5.1,S427 BUY Open Close Cross,OCC SMMA8 altTFx3 ATR=n/a
2026-08-07 23:13:00,2026-08-08 00:25:00,SELL,4346.63,,,REV,77.8,S427 SELL Open Close Cross,OCC SMMA8 altTFx3 ATR=n/a
2026-08-08 00:25:00,2026-08-08 00:34:00,BUY,4338.65,,,REV,-11.4,S427 BUY Open Close Cross,OCC SMMA8 altTFx3 ATR=n/a
2026-08-08 00:34:00,2026-08-08 00:43:00,SELL,4337.71,,,REV,-5.1,S427 SELL Open Close Cross,OCC SMMA8 altTFx3 ATR=n/a
2026-08-08 00:43:00,2026-08-08 00:49:00,BUY,4338.02,,,REV,-12.7,S427 BUY Open Close Cross,OCC SMMA8 altTFx3 ATR=n/a
2026-08-08 00:49:00,2026-08-08 00:52:00,SELL,4336.95,,,REV,-27.4,S427 SELL Open Close Cross,OCC SMMA8 altTFx3 ATR=n/a
2026-08-08 00:52:00,2026-08-08 01:16:00,BUY,4339.49,,,REV,-26.3,S427 BUY Open Close Cross,OCC SMMA8 altTFx3 ATR=n/a
2026-08-08 01:16:00,2026-08-08 01:34:00,SELL,4337.06,,,REV,-4.2,S427 SELL Open Close Cross,OCC SMMA8 altTFx3 ATR=n/a
2026-08-08 01:34:00,2026-08-08 01:43:00,BUY,4337.28,,,REV,-18.5,S427 BUY Open Close Cross,OCC SMMA8 altTFx3 ATR=n/a
2026-08-08 01:43:00,2026-08-08 01:49:00,SELL,4335.63,,,REV,-12.6,S427 SELL Open Close Cross,OCC SMMA8 altTFx3 ATR=n/a
2026-08-08 01:49:00,2026-08-08 01:55:00,BUY,4336.69,,,REV,-16.7,S427 BUY Open Close Cross,OCC SMMA8 altTFx3 ATR=n/a
2026-08-08 01:55:00,2026-08-08 02:04:00,SELL,4335.22,,,REV,-43.3,S427 SELL Open Close Cross,OCC SMMA8 altTFx3 ATR=n/a
2026-08-08 02:04:00,2026-08-08 02:55:00,BUY,4339.35,,,REV,35.7,S427 BUY Open Close Cross,OCC SMMA8 altTFx3 ATR=n/a
2026-08-08 02:55:00,2026-08-08 03:40:00,SELL,4343.12,,,REV,19.8,S427 SELL Open Close Cross,OCC SMMA8 altTFx3 ATR=n/a
2026-08-08 03:40:00,2026-08-08 03:49:00,BUY,4340.94,,,REV,-15.9,S427 BUY Open Close Cross,OCC SMMA8 altTFx3 ATR=n/a
2026-08-08 03:49:00,2026-08-10 05:05:00,SELL,4339.55,,,REV,-5.8,S427 SELL Open Close Cross,OCC SMMA8 altTFx3 ATR=n/a
2026-08-10 05:05:00,2026-08-10 05:10:00,BUY,4339.93,,,REV,-11.1,S427 BUY Open Close Cross,OCC SMMA8 altTFx3 ATR=n/a
2026-08-10 05:10:00,2026-08-10 05:13:00,SELL,4339.02,,,REV,-58.7,S427 SELL Open Close Cross,OCC SMMA8 altTFx3 ATR=n/a
2026-08-10 05:13:00,2026-08-10 05:25:00,BUY,4344.69,,,REV,-57.2,S427 BUY Open Close Cross,OCC SMMA8 altTFx3 ATR=n/a
2026-08-10 05:25:00,2026-08-10 05:28:00,SELL,4339.17,,,REV,-41.4,S427 SELL Open Close Cross,OCC SMMA8 altTFx3 ATR=n/a
2026-08-10 05:28:00,2026-08-10 05:40:00,BUY,4343.11,,,REV,-18.8,S427 BUY Open Close Cross,OCC SMMA8 altTFx3 ATR=n/a
2026-08-10 05:40:00,2026-08-10 05:43:00,SELL,4341.43,,,REV,-6.2,S427 SELL Open Close Cross,OCC SMMA8 altTFx3 ATR=n/a
2026-08-10 05:43:00,2026-08-10 05:46:00,BUY,4341.85,,,REV,-15.0,S427 BUY Open Close Cross,OCC SMMA8 altTFx3 ATR=n/a
2026-08-10 05:46:00,2026-08-10 05:49:00,SELL,4340.55,,,REV,-29.3,S427 SELL Open Close Cross,OCC SMMA8 altTFx3 ATR=n/a
2026-08-10 05:49:00,2026-08-10 06:34:00,BUY,4343.28,,,REV,-19.4,S427 BUY Open Close Cross,OCC SMMA8 altTFx3 ATR=n/a
2026-08-10 06:34:00,2026-08-10 07:07:00,SELL,4341.54,,,REV,6.5,S427 SELL Open Close Cross,OCC SMMA8 altTFx3 ATR=n/a
2026-08-10 07:07:00,2026-08-10 07:13:00,BUY,4340.69,,,REV,28.8,S427 BUY Open Close Cross,OCC SMMA8 altTFx3 ATR=n/a
2026-08-10 07:13:00,2026-08-10 07:16:00,SELL,4343.77,,,REV,12.5,S427 SELL Open Close Cross,OCC SMMA8 altTFx3 ATR=n/a
2026-08-10 07:16:00,2026-08-10 07:25:00,BUY,4342.32,,,REV,-25.0,S427 BUY Open Close Cross,OCC SMMA8 altTFx3 ATR=n/a
2026-08-10 07:25:00,2026-08-10 08:04:00,SELL,4340.02,,,REV,52.4,S427 SELL Open Close Cross,OCC SMMA8 altTFx3 ATR=n/a
2026-08-10 08:04:00,2026-08-10 08:07:00,BUY,4334.58,,,REV,-95.6,S427 BUY Open Close Cross,OCC SMMA8 altTFx3 ATR=n/a
2026-08-10 08:07:00,2026-08-10 08:52:00,SELL,4325.22,,,REV,25.2,S427 SELL Open Close Cross,OCC SMMA8 altTFx3 ATR=n/a
2026-08-10 08:52:00,2026-08-10 08:55:00,BUY,4322.5,,,REV,-26.2,S427 BUY Open Close Cross,OCC SMMA8 altTFx3 ATR=n/a
2026-08-10 08:55:00,2026-08-10 09:01:00,SELL,4320.08,,,REV,-21.4,S427 SELL Open Close Cross,OCC SMMA8 altTFx3 ATR=n/a
2026-08-10 09:01:00,2026-08-10 09:07:00,BUY,4322.02,,,REV,-19.7,S427 BUY Open Close Cross,OCC SMMA8 altTFx3 ATR=n/a
2026-08-10 09:07:00,2026-08-10 09:10:00,SELL,4320.25,,,REV,-34.0,S427 SELL Open Close Cross,OCC SMMA8 altTFx3 ATR=n/a
2026-08-10 09:10:00,2026-08-10 09:40:00,BUY,4323.45,,,REV,19.4,S427 BUY Open Close Cross,OCC SMMA8 altTFx3 ATR=n/a
2026-08-10 09:40:00,2026-08-10 09:43:00,SELL,4325.59,,,REV,-35.6,S427 SELL Open Close Cross,OCC SMMA8 altTFx3 ATR=n/a
2026-08-10 09:43:00,2026-08-10 09:49:00,BUY,4328.95,,,REV,-55.6,S427 BUY Open Close Cross,OCC SMMA8 altTFx3 ATR=n/a
2026-08-10 09:49:00,2026-08-10 10:19:00,SELL,4323.59,,,REV,17.3,S427 SELL Open Close Cross,OCC SMMA8 altTFx3 ATR=n/a
2026-08-10 10:19:00,2026-08-10 11:04:00,BUY,4321.66,,,REV,26.9,S427 BUY Open Close Cross,OCC SMMA8 altTFx3 ATR=n/a
2026-08-10 11:04:00,2026-08-10 11:10:00,SELL,4324.55,,,REV,-32.6,S427 SELL Open Close Cross,OCC SMMA8 altTFx3 ATR=n/a
2026-08-10 11:10:00,2026-08-10 11:43:00,BUY,4327.61,,,REV,24.3,S427 BUY Open Close Cross,OCC SMMA8 altTFx3 ATR=n/a
2026-08-10 11:43:00,2026-08-10 11:46:00,SELL,4330.24,,,REV,-23.1,S427 SELL Open Close Cross,OCC SMMA8 altTFx3 ATR=n/a
2026-08-10 11:46:00,2026-08-10 12:16:00,BUY,4332.35,,,REV,34.1,S427 BUY Open Close Cross,OCC SMMA8 altTFx3 ATR=n/a
2026-08-10 12:16:00,2026-08-10 12:25:00,SELL,4335.96,,,REV,7.3,S427 SELL Open Close Cross,OCC SMMA8 altTFx3 ATR=n/a
2026-08-10 12:25:00,2026-08-10 12:28:00,BUY,4335.03,,,REV,-10.2,S427 BUY Open Close Cross,OCC SMMA8 altTFx3 ATR=n/a
2026-08-10 12:28:00,2026-08-10 12:34:00,SELL,4334.21,,,REV,-47.4,S427 SELL Open Close Cross,OCC SMMA8 altTFx3 ATR=n/a
2026-08-10 12:34:00,2026-08-10 13:22:00,BUY,4338.75,,,REV,50.0,S427 BUY Open Close Cross,OCC SMMA8 altTFx3 ATR=n/a
2026-08-10 13:22:00,2026-08-10 13:25:00,SELL,4343.95,,,REV,-17.6,S427 SELL Open Close Cross,OCC SMMA8 altTFx3 ATR=n/a
2026-08-10 13:25:00,2026-08-10 13:28:00,BUY,4345.51,,,REV,-3.9,S427 BUY Open Close Cross,OCC SMMA8 altTFx3 ATR=n/a
2026-08-10 13:28:00,2026-08-10 13:31:00,SELL,4345.32,,,REV,-21.4,S427 SELL Open Close Cross,OCC SMMA8 altTFx3 ATR=n/a
2026-08-10 13:31:00,2026-08-10 14:16:00,BUY,4347.26,,,REV,37.1,S427 BUY Open Close Cross,OCC SMMA8 altTFx3 ATR=n/a
2026-08-10 14:16:00,2026-08-10 14:19:00,SELL,4351.17,,,REV,-51.7,S427 SELL Open Close Cross,OCC SMMA8 altTFx3 ATR=n/a
2026-08-10 14:19:00,2026-08-10 14:34:00,BUY,4356.14,,,REV,-24.3,S427 BUY Open Close Cross,OCC SMMA8 altTFx3 ATR=n/a
2026-08-10 14:34:00,2026-08-10 14:37:00,SELL,4353.91,,,REV,-13.5,S427 SELL Open Close Cross,OCC SMMA8 altTFx3 ATR=n/a
2026-08-10 14:37:00,2026-08-10 14:55:00,BUY,4355.06,,,REV,2.4,S427 BUY Open Close Cross,OCC SMMA8 altTFx3 ATR=n/a
2026-08-10 14:55:00,2026-08-10 15:07:00,SELL,4355.5,,,REV,4.4,S427 SELL Open Close Cross,OCC SMMA8 altTFx3 ATR=n/a
2026-08-10 15:07:00,2026-08-10 15:10:00,BUY,4354.86,,,REV,-26.6,S427 BUY Open Close Cross,OCC SMMA8 altTFx3 ATR=n/a
2026-08-10 15:10:00,2026-08-10 15:31:00,SELL,4352.4,,,REV,-33.1,S427 SELL Open Close Cross,OCC SMMA8 altTFx3 ATR=n/a
2026-08-10 15:31:00,2026-08-10 15:34:00,BUY,4355.51,,,REV,-56.2,S427 BUY Open Close Cross,OCC SMMA8 altTFx3 ATR=n/a
2026-08-10 15:34:00,2026-08-10 16:13:00,SELL,4350.09,,,REV,11.7,S427 SELL Open Close Cross,OCC SMMA8 altTFx3 ATR=n/a
2026-08-10 16:13:00,2026-08-10 16:19:00,BUY,4348.72,,,REV,-9.6,S427 BUY Open Close Cross,OCC SMMA8 altTFx3 ATR=n/a
2026-08-10 16:19:00,2026-08-10 17:25:00,SELL,4347.96,,,REV,45.8,S427 SELL Open Close Cross,OCC SMMA8 altTFx3 ATR=n/a
2026-08-10 17:25:00,2026-08-10 17:34:00,BUY,4343.18,,,REV,-20.3,S427 BUY Open Close Cross,OCC SMMA8 altTFx3 ATR=n/a
2026-08-10 17:34:00,2026-08-10 18:34:00,SELL,4341.35,,,REV,32.6,S427 SELL Open Close Cross,OCC SMMA8 altTFx3 ATR=n/a
2026-08-10 18:34:00,2026-08-10 18:52:00,BUY,4337.89,,,REV,-25.2,S427 BUY Open Close Cross,OCC SMMA8 altTFx3 ATR=n/a
2026-08-10 18:52:00,2026-08-10 19:40:00,SELL,4335.57,,,REV,42.2,S427 SELL Open Close Cross,OCC SMMA8 altTFx3 ATR=n/a
2026-08-10 19:40:00,2026-08-10 19:46:00,BUY,4331.15,,,REV,0.3,S427 BUY Open Close Cross,OCC SMMA8 altTFx3 ATR=n/a
2026-08-10 19:46:00,2026-08-10 19:49:00,SELL,4331.38,,,REV,-14.7,S427 SELL Open Close Cross,OCC SMMA8 altTFx3 ATR=n/a
2026-08-10 19:49:00,2026-08-10 19:52:00,BUY,4332.65,,,REV,-14.9,S427 BUY Open Close Cross,OCC SMMA8 altTFx3 ATR=n/a
2026-08-10 19:52:00,2026-08-10 19:55:00,SELL,4331.36,,,REV,-5.5,S427 SELL Open Close Cross,OCC SMMA8 altTFx3 ATR=n/a
2026-08-10 19:55:00,2026-08-10 20:04:00,BUY,4331.71,,,REV,-31.0,S427 BUY Open Close Cross,OCC SMMA8 altTFx3 ATR=n/a
2026-08-10 20:04:00,2026-08-10 20:10:00,SELL,4328.81,,,REV,-57.7,S427 SELL Open Close Cross,OCC SMMA8 altTFx3 ATR=n/a
2026-08-10 20:10:00,2026-08-10 20:25:00,BUY,4334.38,,,REV,-38.5,S427 BUY Open Close Cross,OCC SMMA8 altTFx3 ATR=n/a
2026-08-10 20:25:00,2026-08-10 20:28:00,SELL,4330.73,,,REV,-22.2,S427 SELL Open Close Cross,OCC SMMA8 altTFx3 ATR=n/a
2026-08-10 20:28:00,2026-08-10 20:46:00,BUY,4332.75,,,REV,-24.6,S427 BUY Open Close Cross,OCC SMMA8 altTFx3 ATR=n/a
2026-08-10 20:46:00,2026-08-10 21:16:00,SELL,4330.49,,,REV,6.5,S427 SELL Open Close Cross,OCC SMMA8 altTFx3 ATR=n/a
2026-08-10 21:16:00,2026-08-10 23:34:00,BUY,4329.64,,,REV,262.0,S427 BUY Open Close Cross,OCC SMMA8 altTFx3 ATR=n/a
2026-08-10 23:34:00,2026-08-11 00:01:00,SELL,4356.04,,,REV,-10.0,S427 SELL Open Close Cross,OCC SMMA8 altTFx3 ATR=n/a
2026-08-11 00:01:00,2026-08-11 00:07:00,BUY,4356.84,,,REV,-38.1,S427 BUY Open Close Cross,OCC SMMA8 altTFx3 ATR=n/a
2026-08-11 00:07:00,2026-08-11 00:13:00,SELL,4353.23,,,REV,-39.0,S427 SELL Open Close Cross,OCC SMMA8 altTFx3 ATR=n/a
2026-08-11 00:13:00,2026-08-11 00:49:00,BUY,4356.93,,,REV,28.5,S427 BUY Open Close Cross,OCC SMMA8 altTFx3 ATR=n/a
2026-08-11 00:49:00,2026-08-11 00:52:00,SELL,4359.98,,,REV,-0.2,S427 SELL Open Close Cross,OCC SMMA8 altTFx3 ATR=n/a
2026-08-11 00:52:00,2026-08-11 00:55:00,BUY,4359.8,,,REV,-11.1,S427 BUY Open Close Cross,OCC SMMA8 altTFx3 ATR=n/a
2026-08-11 00:55:00,2026-08-11 01:01:00,SELL,4358.89,,,REV,-38.1,S427 SELL Open Close Cross,OCC SMMA8 altTFx3 ATR=n/a
2026-08-11 01:01:00,2026-08-11 03:10:00,BUY,4362.5,,,REV,233.5,S427 BUY Open Close Cross,OCC SMMA8 altTFx3 ATR=n/a
2026-08-11 03:10:00,2026-08-11 03:16:00,SELL,4386.05,,,REV,-43.0,S427 SELL Open Close Cross,OCC SMMA8 altTFx3 ATR=n/a
2026-08-11 03:16:00,2026-08-11 03:25:00,BUY,4390.15,,,REV,-17.2,S427 BUY Open Close Cross,OCC SMMA8 altTFx3 ATR=n/a
2026-08-11 03:25:00,2026-08-11 03:28:00,SELL,4388.63,,,REV,-17.3,S427 SELL Open Close Cross,OCC SMMA8 altTFx3 ATR=n/a
2026-08-11 03:28:00,2026-08-11 03:49:00,BUY,4390.16,,,REV,-11.8,S427 BUY Open Close Cross,OCC SMMA8 altTFx3 ATR=n/a
2026-08-11 03:49:00,2026-08-11 03:52:00,SELL,4389.18,,,REV,-9.6,S427 SELL Open Close Cross,OCC SMMA8 altTFx3 ATR=n/a
2026-08-11 03:52:00,2026-08-11 05:02:00,BUY,4389.94,,,REV,-5.4,S427 BUY Open Close Cross,OCC SMMA8 altTFx3 ATR=n/a
2026-08-11 05:02:00,2026-08-11 05:10:00,SELL,4389.6,,,REV,-18.7,S427 SELL Open Close Cross,OCC SMMA8 altTFx3 ATR=n/a
2026-08-11 05:10:00,2026-08-11 06:13:00,BUY,4391.27,,,REV,48.6,S427 BUY Open Close Cross,OCC SMMA8 altTFx3 ATR=n/a
2026-08-11 06:13:00,2026-08-11 06:16:00,SELL,4396.33,,,REV,-4.4,S427 SELL Open Close Cross,OCC SMMA8 altTFx3 ATR=n/a
2026-08-11 06:16:00,2026-08-11 06:19:00,BUY,4396.57,,,REV,-17.6,S427 BUY Open Close Cross,OCC SMMA8 altTFx3 ATR=n/a
2026-08-11 06:19:00,2026-08-11 06:37:00,SELL,4395.01,,,REV,-29.5,S427 SELL Open Close Cross,OCC SMMA8 altTFx3 ATR=n/a
2026-08-11 06:37:00,2026-08-11 06:52:00,BUY,4397.76,,,REV,-0.6,S427 BUY Open Close Cross,OCC SMMA8 altTFx3 ATR=n/a
2026-08-11 06:52:00,2026-08-11 06:55:00,SELL,4397.9,,,REV,-11.8,S427 SELL Open Close Cross,OCC SMMA8 altTFx3 ATR=n/a
2026-08-11 06:55:00,2026-08-11 07:04:00,BUY,4398.88,,,REV,33.2,S427 BUY Open Close Cross,OCC SMMA8 altTFx3 ATR=n/a
2026-08-11 07:04:00,2026-08-11 07:07:00,SELL,4402.4,,,REV,-15.0,S427 SELL Open Close Cross,OCC SMMA8 altTFx3 ATR=n/a
2026-08-11 07:07:00,2026-08-11 08:01:00,BUY,4403.7,,,REV,38.2,S427 BUY Open Close Cross,OCC SMMA8 altTFx3 ATR=n/a
2026-08-11 08:01:00,2026-08-11 08:13:00,SELL,4407.72,,,REV,-49.8,S427 SELL Open Close Cross,OCC SMMA8 altTFx3 ATR=n/a
2026-08-11 08:13:00,2026-08-11 08:46:00,BUY,4412.5,,,REV,60.1,S427 BUY Open Close Cross,OCC SMMA8 altTFx3 ATR=n/a
2026-08-11 08:46:00,2026-08-11 08:49:00,SELL,4418.71,,,REV,-54.5,S427 SELL Open Close Cross,OCC SMMA8 altTFx3 ATR=n/a
2026-08-11 08:49:00,2026-08-11 09:34:00,BUY,4423.96,,,REV,23.3,S427 BUY Open Close Cross,OCC SMMA8 altTFx3 ATR=n/a
2026-08-11 09:34:00,2026-08-11 10:22:00,SELL,4426.49,,,REV,98.6,S427 SELL Open Close Cross,OCC SMMA8 altTFx3 ATR=n/a
2026-08-11 10:22:00,2026-08-11 10:25:00,BUY,4416.43,,,REV,-11.4,S427 BUY Open Close Cross,OCC SMMA8 altTFx3 ATR=n/a
2026-08-11 10:25:00,2026-08-11 10:28:00,SELL,4415.49,,,REV,-47.6,S427 SELL Open Close Cross,OCC SMMA8 altTFx3 ATR=n/a
2026-08-11 10:28:00,2026-08-11 10:46:00,BUY,4420.05,,,REV,-28.0,S427 BUY Open Close Cross,OCC SMMA8 altTFx3 ATR=n/a
2026-08-11 10:46:00,2026-08-11 10:55:00,SELL,4417.45,,,REV,4.6,S427 SELL Open Close Cross,OCC SMMA8 altTFx3 ATR=n/a
2026-08-11 10:55:00,2026-08-11 10:58:00,BUY,4416.79,,,REV,-1.4,S427 BUY Open Close Cross,OCC SMMA8 altTFx3 ATR=n/a
2026-08-11 10:58:00,2026-08-11 11:04:00,SELL,4416.85,,,REV,-14.8,S427 SELL Open Close Cross,OCC SMMA8 altTFx3 ATR=n/a
2026-08-11 11:04:00,2026-08-11 11:10:00,BUY,4418.13,,,REV,-44.6,S427 BUY Open Close Cross,OCC SMMA8 altTFx3 ATR=n/a
2026-08-11 11:10:00,2026-08-11 11:31:00,SELL,4413.87,,,REV,9.0,S427 SELL Open Close Cross,OCC SMMA8 altTFx3 ATR=n/a
2026-08-11 11:31:00,2026-08-11 11:37:00,BUY,4412.77,,,REV,-3.1,S427 BUY Open Close Cross,OCC SMMA8 altTFx3 ATR=n/a
2026-08-11 11:37:00,2026-08-11 13:10:00,SELL,4412.66,,,REV,302.0,S427 SELL Open Close Cross,OCC SMMA8 altTFx3 ATR=n/a
2026-08-11 13:10:00,2026-08-11 13:16:00,BUY,4382.26,,,REV,-93.8,S427 BUY Open Close Cross,OCC SMMA8 altTFx3 ATR=n/a
2026-08-11 13:16:00,2026-08-11 14:28:00,SELL,4373.08,,,REV,89.0,S427 SELL Open Close Cross,OCC SMMA8 altTFx3 ATR=n/a
2026-08-11 14:28:00,2026-08-11 14:31:00,BUY,4363.98,,,REV,-19.3,S427 BUY Open Close Cross,OCC SMMA8 altTFx3 ATR=n/a
2026-08-11 14:31:00,2026-08-11 15:04:00,SELL,4362.25,,,REV,-17.9,S427 SELL Open Close Cross,OCC SMMA8 altTFx3 ATR=n/a
2026-08-11 15:04:00,2026-08-11 15:19:00,BUY,4363.84,,,REV,-27.3,S427 BUY Open Close Cross,OCC SMMA8 altTFx3 ATR=n/a
2026-08-11 15:19:00,2026-08-11 15:25:00,SELL,4361.31,,,REV,-36.0,S427 SELL Open Close Cross,OCC SMMA8 altTFx3 ATR=n/a
2026-08-11 15:25:00,2026-08-11 16:01:00,BUY,4364.71,,,REV,26.9,S427 BUY Open Close Cross,OCC SMMA8 altTFx3 ATR=n/a
2026-08-11 16:01:00,2026-08-11 16:04:00,SELL,4367.6,,,REV,-30.9,S427 SELL Open Close Cross,OCC SMMA8 altTFx3 ATR=n/a
2026-08-11 16:04:00,2026-08-11 16:46:00,BUY,4370.49,,,REV,1.1,S427 BUY Open Close Cross,OCC SMMA8 altTFx3 ATR=n/a
2026-08-11 16:46:00,2026-08-11 16:49:00,SELL,4370.8,,,REV,-36.3,S427 SELL Open Close Cross,OCC SMMA8 altTFx3 ATR=n/a
2026-08-11 16:49:00,2026-08-11 16:52:00,BUY,4374.23,,,REV,-27.0,S427 BUY Open Close Cross,OCC SMMA8 altTFx3 ATR=n/a
2026-08-11 16:52:00,2026-08-11 16:55:00,SELL,4371.73,,,REV,-2.3,S427 SELL Open Close Cross,OCC SMMA8 altTFx3 ATR=n/a
2026-08-11 16:55:00,2026-08-11 16:58:00,BUY,4371.76,,,REV,3.2,S427 BUY Open Close Cross,OCC SMMA8 altTFx3 ATR=n/a
2026-08-11 16:58:00,2026-08-11 17:07:00,SELL,4372.28,,,REV,-18.8,S427 SELL Open Close Cross,OCC SMMA8 altTFx3 ATR=n/a
2026-08-11 17:07:00,2026-08-11 17:16:00,BUY,4373.96,,,REV,-5.7,S427 BUY Open Close Cross,OCC SMMA8 altTFx3 ATR=n/a
2026-08-11 17:16:00,2026-08-11 17:19:00,SELL,4373.59,,,REV,-3.1,S427 SELL Open Close Cross,OCC SMMA8 altTFx3 ATR=n/a
2026-08-11 17:19:00,2026-08-11 17:22:00,BUY,4373.7,,,REV,-5.4,S427 BUY Open Close Cross,OCC SMMA8 altTFx3 ATR=n/a
2026-08-11 17:22:00,2026-08-11 17:25:00,SELL,4373.36,,,REV,-45.1,S427 SELL Open Close Cross,OCC SMMA8 altTFx3 ATR=n/a
2026-08-11 17:25:00,2026-08-11 18:40:00,BUY,4377.67,,,REV,66.2,S427 BUY Open Close Cross,OCC SMMA8 altTFx3 ATR=n/a
2026-08-11 18:40:00,2026-08-11 18:46:00,SELL,4384.49,,,REV,-38.1,S427 SELL Open Close Cross,OCC SMMA8 altTFx3 ATR=n/a
2026-08-11 18:46:00,2026-08-11 19:04:00,BUY,4388.1,,,REV,-17.1,S427 BUY Open Close Cross,OCC SMMA8 altTFx3 ATR=n/a
2026-08-11 19:04:00,2026-08-11 19:07:00,SELL,4386.59,,,REV,-52.1,S427 SELL Open Close Cross,OCC SMMA8 altTFx3 ATR=n/a
2026-08-11 19:07:00,2026-08-11 19:25:00,BUY,4391.6,,,REV,-27.0,S427 BUY Open Close Cross,OCC SMMA8 altTFx3 ATR=n/a
2026-08-11 19:25:00,2026-08-11 19:28:00,SELL,4389.1,,,REV,-23.3,S427 SELL Open Close Cross,OCC SMMA8 altTFx3 ATR=n/a
2026-08-11 19:28:00,2026-08-11 19:37:00,BUY,4391.23,,,REV,3.4,S427 BUY Open Close Cross,OCC SMMA8 altTFx3 ATR=n/a
2026-08-11 19:37:00,2026-08-11 19:43:00,SELL,4391.77,,,REV,-32.8,S427 SELL Open Close Cross,OCC SMMA8 altTFx3 ATR=n/a
2026-08-11 19:43:00,2026-08-11 20:01:00,BUY,4394.85,,,REV,19.1,S427 BUY Open Close Cross,OCC SMMA8 altTFx3 ATR=n/a
2026-08-11 20:01:00,2026-08-11 20:04:00,SELL,4396.96,,,REV,-8.0,S427 SELL Open Close Cross,OCC SMMA8 altTFx3 ATR=n/a
2026-08-11 20:04:00,2026-08-11 20:16:00,BUY,4397.56,,,REV,-50.6,S427 BUY Open Close Cross,OCC SMMA8 altTFx3 ATR=n/a
2026-08-11 20:16:00,2026-08-11 20:22:00,SELL,4392.7,,,REV,-72.3,S427 SELL Open Close Cross,OCC SMMA8 altTFx3 ATR=n/a
2026-08-11 20:22:00,2026-08-11 20:34:00,BUY,4399.73,,,REV,-76.2,S427 BUY Open Close Cross,OCC SMMA8 altTFx3 ATR=n/a
2026-08-11 20:34:00,2026-08-11 20:40:00,SELL,4392.31,,,REV,-74.6,S427 SELL Open Close Cross,OCC SMMA8 altTFx3 ATR=n/a
2026-08-11 20:40:00,2026-08-11 20:52:00,BUY,4399.57,,,REV,-87.8,S427 BUY Open Close Cross,OCC SMMA8 altTFx3 ATR=n/a
2026-08-11 20:52:00,2026-08-11 21:37:00,SELL,4390.99,,,REV,3.5,S427 SELL Open Close Cross,OCC SMMA8 altTFx3 ATR=n/a
2026-08-11 21:37:00,2026-08-11 22:10:00,BUY,4390.44,,,REV,5.2,S427 BUY Open Close Cross,OCC SMMA8 altTFx3 ATR=n/a
2026-08-11 22:10:00,2026-08-11 22:58:00,SELL,4391.16,,,REV,107.7,S427 SELL Open Close Cross,OCC SMMA8 altTFx3 ATR=n/a
2026-08-11 22:58:00,2026-08-11 23:07:00,BUY,4380.19,,,REV,-7.8,S427 BUY Open Close Cross,OCC SMMA8 altTFx3 ATR=n/a
2026-08-11 23:07:00,2026-08-11 23:25:00,SELL,4379.61,,,REV,-21.3,S427 SELL Open Close Cross,OCC SMMA8 altTFx3 ATR=n/a
2026-08-11 23:25:00,2026-08-11 23:28:00,BUY,4381.54,,,REV,11.6,S427 BUY Open Close Cross,OCC SMMA8 altTFx3 ATR=n/a
2026-08-11 23:28:00,2026-08-11 23:31:00,SELL,4382.9,,,REV,1.6,S427 SELL Open Close Cross,OCC SMMA8 altTFx3 ATR=n/a
2026-08-11 23:31:00,2026-08-11 23:34:00,BUY,4382.54,,,REV,-17.7,S427 BUY Open Close Cross,OCC SMMA8 altTFx3 ATR=n/a
2026-08-11 23:34:00,2026-08-11 23:37:00,SELL,4380.97,,,REV,-33.2,S427 SELL Open Close Cross,OCC SMMA8 altTFx3 ATR=n/a
2026-08-11 23:37:00,2026-08-11 23:52:00,BUY,4384.09,,,REV,-18.8,S427 BUY Open Close Cross,OCC SMMA8 altTFx3 ATR=n/a
2026-08-11 23:52:00,2026-08-11 23:58:00,SELL,4382.41,,,REV,-24.3,S427 SELL Open Close Cross,OCC SMMA8 altTFx3 ATR=n/a
2026-08-11 23:58:00,2026-08-12 00:07:00,BUY,4384.64,,,REV,-20.5,S427 BUY Open Close Cross,OCC SMMA8 altTFx3 ATR=n/a
2026-08-12 00:07:00,2026-08-12 00:10:00,SELL,4382.79,,,REV,-19.9,S427 SELL Open Close Cross,OCC SMMA8 altTFx3 ATR=n/a
2026-08-12 00:10:00,2026-08-12 00:16:00,BUY,4384.58,,,REV,-35.2,S427 BUY Open Close Cross,OCC SMMA8 altTFx3 ATR=n/a
2026-08-12 00:16:00,2026-08-12 00:19:00,SELL,4381.26,,,REV,-11.0,S427 SELL Open Close Cross,OCC SMMA8 altTFx3 ATR=n/a
2026-08-12 00:19:00,2026-08-12 00:25:00,BUY,4382.16,,,REV,-13.0,S427 BUY Open Close Cross,OCC SMMA8 altTFx3 ATR=n/a
2026-08-12 00:25:00,2026-08-12 01:37:00,SELL,4381.06,,,REV,115.5,S427 SELL Open Close Cross,OCC SMMA8 altTFx3 ATR=n/a
2026-08-12 01:37:00,2026-08-12 02:07:00,BUY,4369.31,,,REV,-49.6,S427 BUY Open Close Cross,OCC SMMA8 altTFx3 ATR=n/a
2026-08-12 02:07:00,2026-08-12 02:28:00,SELL,4364.55,,,REV,-51.1,S427 SELL Open Close Cross,OCC SMMA8 altTFx3 ATR=n/a
2026-08-12 02:28:00,2026-08-12 02:46:00,BUY,4369.46,,,REV,-21.9,S427 BUY Open Close Cross,OCC SMMA8 altTFx3 ATR=n/a
2026-08-12 02:46:00,2026-08-12 02:52:00,SELL,4367.47,,,REV,-18.3,S427 SELL Open Close Cross,OCC SMMA8 altTFx3 ATR=n/a
2026-08-12 02:52:00,2026-08-12 02:55:00,BUY,4369.1,,,REV,1.4,S427 BUY Open Close Cross,OCC SMMA8 altTFx3 ATR=n/a
2026-08-12 02:55:00,2026-08-12 02:58:00,SELL,4369.44,,,REV,-30.1,S427 SELL Open Close Cross,OCC SMMA8 altTFx3 ATR=n/a
2026-08-12 02:58:00,2026-08-12 03:04:00,BUY,4372.25,,,REV,-30.2,S427 BUY Open Close Cross,OCC SMMA8 altTFx3 ATR=n/a
2026-08-12 03:04:00,2026-08-12 03:07:00,SELL,4369.43,,,REV,-2.8,S427 SELL Open Close Cross,OCC SMMA8 altTFx3 ATR=n/a
2026-08-12 03:07:00,2026-08-12 03:19:00,BUY,4369.51,,,REV,-17.2,S427 BUY Open Close Cross,OCC SMMA8 altTFx3 ATR=n/a
2026-08-12 03:19:00,2026-08-12 03:28:00,SELL,4367.99,,,REV,-29.9,S427 SELL Open Close Cross,OCC SMMA8 altTFx3 ATR=n/a
2026-08-12 03:28:00,2026-08-12 03:37:00,BUY,4370.78,,,REV,-20.1,S427 BUY Open Close Cross,OCC SMMA8 altTFx3 ATR=n/a
2026-08-12 03:37:00,2026-08-12 03:40:00,SELL,4368.97,,,REV,-5.3,S427 SELL Open Close Cross,OCC SMMA8 altTFx3 ATR=n/a
2026-08-12 03:40:00,2026-08-12 03:43:00,BUY,4369.3,,,REV,-15.3,S427 BUY Open Close Cross,OCC SMMA8 altTFx3 ATR=n/a
2026-08-12 03:43:00,2026-08-12 05:07:00,SELL,4367.97,,,REV,-58.7,S427 SELL Open Close Cross,OCC SMMA8 altTFx3 ATR=n/a
2026-08-12 05:07:00,2026-08-12 05:52:00,BUY,4373.64,,,REV,-24.3,S427 BUY Open Close Cross,OCC SMMA8 altTFx3 ATR=n/a
2026-08-12 05:52:00,2026-08-12 06:22:00,SELL,4371.41,,,REV,-10.0,S427 SELL Open Close Cross,OCC SMMA8 altTFx3 ATR=n/a
2026-08-12 06:22:00,2026-08-12 06:34:00,BUY,4372.21,,,REV,-49.7,S427 BUY Open Close Cross,OCC SMMA8 altTFx3 ATR=n/a
2026-08-12 06:34:00,2026-08-12 06:49:00,SELL,4367.44,,,REV,-11.8,S427 SELL Open Close Cross,OCC SMMA8 altTFx3 ATR=n/a
2026-08-12 06:49:00,2026-08-12 06:52:00,BUY,4368.42,,,REV,6.1,S427 BUY Open Close Cross,OCC SMMA8 altTFx3 ATR=n/a
2026-08-12 06:52:00,2026-08-12 06:58:00,SELL,4369.23,,,REV,-15.7,S427 SELL Open Close Cross,OCC SMMA8 altTFx3 ATR=n/a
2026-08-12 06:58:00,2026-08-12 07:04:00,BUY,4370.6,,,REV,-1.9,S427 BUY Open Close Cross,OCC SMMA8 altTFx3 ATR=n/a
2026-08-12 07:04:00,2026-08-12 07:10:00,SELL,4370.61,,,REV,-5.2,S427 SELL Open Close Cross,OCC SMMA8 altTFx3 ATR=n/a
2026-08-12 07:10:00,2026-08-12 08:37:00,BUY,4370.93,,,REV,178.8,S427 BUY Open Close Cross,OCC SMMA8 altTFx3 ATR=n/a
2026-08-12 08:37:00,2026-08-12 08:43:00,SELL,4389.01,,,REV,-17.5,S427 SELL Open Close Cross,OCC SMMA8 altTFx3 ATR=n/a
2026-08-12 08:43:00,2026-08-12 10:19:00,BUY,4390.56,,,REV,158.9,S427 BUY Open Close Cross,OCC SMMA8 altTFx3 ATR=n/a
2026-08-12 10:19:00,2026-08-12 11:46:00,SELL,4406.65,,,REV,66.3,S427 SELL Open Close Cross,OCC SMMA8 altTFx3 ATR=n/a
2026-08-12 11:46:00,2026-08-12 12:19:00,BUY,4399.82,,,REV,-22.3,S427 BUY Open Close Cross,OCC SMMA8 altTFx3 ATR=n/a
2026-08-12 12:19:00,2026-08-12 13:19:00,SELL,4397.79,,,REV,72.8,S427 SELL Open Close Cross,OCC SMMA8 altTFx3 ATR=n/a
2026-08-12 13:19:00,2026-08-12 13:22:00,BUY,4390.31,,,REV,-5.8,S427 BUY Open Close Cross,OCC SMMA8 altTFx3 ATR=n/a
2026-08-12 13:22:00,2026-08-12 13:31:00,SELL,4389.93,,,REV,-0.1,S427 SELL Open Close Cross,OCC SMMA8 altTFx3 ATR=n/a
2026-08-12 13:31:00,2026-08-12 13:37:00,BUY,4389.74,,,REV,4.0,S427 BUY Open Close Cross,OCC SMMA8 altTFx3 ATR=n/a
2026-08-12 13:37:00,2026-08-12 13:40:00,SELL,4390.34,,,REV,-38.4,S427 SELL Open Close Cross,OCC SMMA8 altTFx3 ATR=n/a
2026-08-12 13:40:00,2026-08-12 14:19:00,BUY,4393.98,,,REV,53.7,S427 BUY Open Close Cross,OCC SMMA8 altTFx3 ATR=n/a
2026-08-12 14:19:00,2026-08-12 14:25:00,SELL,4399.55,,,REV,-7.2,S427 SELL Open Close Cross,OCC SMMA8 altTFx3 ATR=n/a
2026-08-12 14:25:00,2026-08-12 15:28:00,BUY,4400.07,,,REV,65.1,S427 BUY Open Close Cross,OCC SMMA8 altTFx3 ATR=n/a
2026-08-12 15:28:00,2026-08-12 16:04:00,SELL,4406.78,,,REV,-8.7,S427 SELL Open Close Cross,OCC SMMA8 altTFx3 ATR=n/a
2026-08-12 16:04:00,2026-08-12 16:55:00,BUY,4407.45,,,REV,42.1,S427 BUY Open Close Cross,OCC SMMA8 altTFx3 ATR=n/a
2026-08-12 16:55:00,2026-08-12 17:01:00,SELL,4411.86,,,REV,-43.1,S427 SELL Open Close Cross,OCC SMMA8 altTFx3 ATR=n/a
2026-08-12 17:01:00,2026-08-12 17:37:00,BUY,4415.97,,,REV,-0.1,S427 BUY Open Close Cross,OCC SMMA8 altTFx3 ATR=n/a
2026-08-12 17:37:00,2026-08-12 18:28:00,SELL,4416.16,,,REV,31.0,S427 SELL Open Close Cross,OCC SMMA8 altTFx3 ATR=n/a
2026-08-12 18:28:00,2026-08-12 18:40:00,BUY,4412.86,,,REV,-13.5,S427 BUY Open Close Cross,OCC SMMA8 altTFx3 ATR=n/a
2026-08-12 18:40:00,2026-08-12 18:43:00,SELL,4411.71,,,REV,-10.7,S427 SELL Open Close Cross,OCC SMMA8 altTFx3 ATR=n/a
2026-08-12 18:43:00,2026-08-12 19:01:00,BUY,4412.58,,,REV,-2.4,S427 BUY Open Close Cross,OCC SMMA8 altTFx3 ATR=n/a
2026-08-12 19:01:00,2026-08-12 19:31:00,SELL,4412.54,,,REV,175.9,S427 SELL Open Close Cross,OCC SMMA8 altTFx3 ATR=n/a
2026-08-12 19:31:00,2026-08-12 20:16:00,BUY,4394.75,,,REV,294.1,S427 BUY Open Close Cross,OCC SMMA8 altTFx3 ATR=n/a
2026-08-12 20:16:00,2026-08-12 20:19:00,SELL,4424.36,,,REV,-23.1,S427 SELL Open Close Cross,OCC SMMA8 altTFx3 ATR=n/a
2026-08-12 20:19:00,2026-08-12 20:22:00,BUY,4426.47,,,REV,-62.0,S427 BUY Open Close Cross,OCC SMMA8 altTFx3 ATR=n/a
2026-08-12 20:22:00,2026-08-12 20:49:00,SELL,4420.47,,,REV,-62.4,S427 SELL Open Close Cross,OCC SMMA8 altTFx3 ATR=n/a
2026-08-12 20:49:00,2026-08-12 21:04:00,BUY,4426.51,,,REV,-14.2,S427 BUY Open Close Cross,OCC SMMA8 altTFx3 ATR=n/a
2026-08-12 21:04:00,2026-08-12 21:07:00,SELL,4425.29,,,REV,-32.9,S427 SELL Open Close Cross,OCC SMMA8 altTFx3 ATR=n/a
2026-08-12 21:07:00,2026-08-12 21:34:00,BUY,4428.38,,,REV,-8.2,S427 BUY Open Close Cross,OCC SMMA8 altTFx3 ATR=n/a
2026-08-12 21:34:00,2026-08-12 22:13:00,SELL,4427.76,,,REV,-4.4,S427 SELL Open Close Cross,OCC SMMA8 altTFx3 ATR=n/a
2026-08-12 22:13:00,2026-08-12 22:31:00,BUY,4428.0,,,REV,-31.5,S427 BUY Open Close Cross,OCC SMMA8 altTFx3 ATR=n/a
2026-08-12 22:31:00,2026-08-12 23:01:00,SELL,4425.05,,,REV,6.7,S427 SELL Open Close Cross,OCC SMMA8 altTFx3 ATR=n/a
2026-08-12 23:01:00,2026-08-12 23:10:00,BUY,4424.18,,,REV,-47.0,S427 BUY Open Close Cross,OCC SMMA8 altTFx3 ATR=n/a
2026-08-12 23:10:00,2026-08-12 23:13:00,SELL,4419.68,,,REV,-16.2,S427 SELL Open Close Cross,OCC SMMA8 altTFx3 ATR=n/a
2026-08-12 23:13:00,2026-08-12 23:34:00,BUY,4421.1,,,REV,-52.3,S427 BUY Open Close Cross,OCC SMMA8 altTFx3 ATR=n/a
2026-08-12 23:34:00,2026-08-13 00:25:00,SELL,4416.07,,,REV,81.6,S427 SELL Open Close Cross,OCC SMMA8 altTFx3 ATR=n/a
2026-08-13 00:25:00,2026-08-13 00:31:00,BUY,4407.71,,,REV,-9.5,S427 BUY Open Close Cross,OCC SMMA8 altTFx3 ATR=n/a
2026-08-13 00:31:00,2026-08-13 00:34:00,SELL,4406.96,,,REV,-35.7,S427 SELL Open Close Cross,OCC SMMA8 altTFx3 ATR=n/a
2026-08-13 00:34:00,2026-08-13 00:40:00,BUY,4410.33,,,REV,-48.0,S427 BUY Open Close Cross,OCC SMMA8 altTFx3 ATR=n/a
2026-08-13 00:40:00,2026-08-13 01:13:00,SELL,4405.73,,,REV,0.4,S427 SELL Open Close Cross,OCC SMMA8 altTFx3 ATR=n/a
2026-08-13 01:13:00,2026-08-13 02:34:00,BUY,4405.49,,,REV,88.9,S427 BUY Open Close Cross,OCC SMMA8 altTFx3 ATR=n/a
2026-08-13 02:34:00,2026-08-13 03:01:00,SELL,4414.58,,,REV,18.7,S427 SELL Open Close Cross,OCC SMMA8 altTFx3 ATR=n/a
2026-08-13 03:01:00,2026-08-13 03:04:00,BUY,4412.51,,,REV,-8.8,S427 BUY Open Close Cross,OCC SMMA8 altTFx3 ATR=n/a
2026-08-13 03:04:00,2026-08-13 05:55:00,SELL,4411.83,,,REV,95.9,S427 SELL Open Close Cross,OCC SMMA8 altTFx3 ATR=n/a
2026-08-13 05:55:00,2026-08-13 07:52:00,BUY,4402.04,,,REV,289.9,S427 BUY Open Close Cross,OCC SMMA8 altTFx3 ATR=n/a
2026-08-13 07:52:00,2026-08-13 07:55:00,SELL,4431.23,,,REV,-4.9,S427 SELL Open Close Cross,OCC SMMA8 altTFx3 ATR=n/a
2026-08-13 07:55:00,2026-08-13 07:58:00,BUY,4431.52,,,REV,-24.6,S427 BUY Open Close Cross,OCC SMMA8 altTFx3 ATR=n/a
2026-08-13 07:58:00,2026-08-13 08:04:00,SELL,4429.26,,,REV,-12.0,S427 SELL Open Close Cross,OCC SMMA8 altTFx3 ATR=n/a
2026-08-13 08:04:00,2026-08-13 08:13:00,BUY,4430.26,,,REV,22.4,S427 BUY Open Close Cross,OCC SMMA8 altTFx3 ATR=n/a
2026-08-13 08:13:00,2026-08-13 08:19:00,SELL,4432.7,,,REV,44.0,S427 SELL Open Close Cross,OCC SMMA8 altTFx3 ATR=n/a
2026-08-13 08:19:00,2026-08-13 08:22:00,BUY,4428.1,,,REV,-63.5,S427 BUY Open Close Cross,OCC SMMA8 altTFx3 ATR=n/a
2026-08-13 08:22:00,2026-08-13 08:34:00,SELL,4421.95,,,REV,-60.2,S427 SELL Open Close Cross,OCC SMMA8 altTFx3 ATR=n/a
2026-08-13 08:34:00,2026-08-13 08:40:00,BUY,4427.77,,,REV,-38.4,S427 BUY Open Close Cross,OCC SMMA8 altTFx3 ATR=n/a
2026-08-13 08:40:00,2026-08-13 09:46:00,SELL,4424.13,,,REV,163.6,S427 SELL Open Close Cross,OCC SMMA8 altTFx3 ATR=n/a
2026-08-13 09:46:00,2026-08-13 09:55:00,BUY,4407.57,,,REV,-21.8,S427 BUY Open Close Cross,OCC SMMA8 altTFx3 ATR=n/a
2026-08-13 09:55:00,2026-08-13 10:04:00,SELL,4405.59,,,REV,-47.6,S427 SELL Open Close Cross,OCC SMMA8 altTFx3 ATR=n/a
2026-08-13 10:04:00,2026-08-13 10:10:00,BUY,4410.15,,,REV,-23.0,S427 BUY Open Close Cross,OCC SMMA8 altTFx3 ATR=n/a
2026-08-13 10:10:00,2026-08-13 10:25:00,SELL,4408.05,,,REV,-14.0,S427 SELL Open Close Cross,OCC SMMA8 altTFx3 ATR=n/a
2026-08-13 10:25:00,2026-08-13 10:43:00,BUY,4409.25,,,REV,-26.1,S427 BUY Open Close Cross,OCC SMMA8 altTFx3 ATR=n/a
2026-08-13 10:43:00,2026-08-13 11:34:00,SELL,4406.84,,,REV,76.5,S427 SELL Open Close Cross,OCC SMMA8 altTFx3 ATR=n/a
2026-08-13 11:34:00,2026-08-13 11:37:00,BUY,4398.99,,,REV,-0.3,S427 BUY Open Close Cross,OCC SMMA8 altTFx3 ATR=n/a
2026-08-13 11:37:00,2026-08-13 11:43:00,SELL,4399.16,,,REV,10.1,S427 SELL Open Close Cross,OCC SMMA8 altTFx3 ATR=n/a
2026-08-13 11:43:00,2026-08-13 11:46:00,BUY,4397.95,,,REV,-10.5,S427 BUY Open Close Cross,OCC SMMA8 altTFx3 ATR=n/a
2026-08-13 11:46:00,2026-08-13 11:58:00,SELL,4397.1,,,REV,-4.5,S427 SELL Open Close Cross,OCC SMMA8 altTFx3 ATR=n/a
2026-08-13 11:58:00,2026-08-13 12:04:00,BUY,4397.35,,,REV,-9.7,S427 BUY Open Close Cross,OCC SMMA8 altTFx3 ATR=n/a
2026-08-13 12:04:00,2026-08-13 12:13:00,SELL,4396.58,,,REV,-34.8,S427 SELL Open Close Cross,OCC SMMA8 altTFx3 ATR=n/a
2026-08-13 12:13:00,2026-08-13 12:34:00,BUY,4399.86,,,REV,-26.2,S427 BUY Open Close Cross,OCC SMMA8 altTFx3 ATR=n/a
2026-08-13 12:34:00,2026-08-13 13:52:00,SELL,4397.44,,,REV,172.1,S427 SELL Open Close Cross,OCC SMMA8 altTFx3 ATR=n/a
2026-08-13 13:52:00,2026-08-13 14:13:00,BUY,4380.03,,,REV,-24.6,S427 BUY Open Close Cross,OCC SMMA8 altTFx3 ATR=n/a
2026-08-13 14:13:00,2026-08-13 14:43:00,SELL,4377.77,,,REV,3.0,S427 SELL Open Close Cross,OCC SMMA8 altTFx3 ATR=n/a
2026-08-13 14:43:00,2026-08-13 14:49:00,BUY,4377.27,,,REV,-42.0,S427 BUY Open Close Cross,OCC SMMA8 altTFx3 ATR=n/a
2026-08-13 14:49:00,2026-08-13 15:28:00,SELL,4373.27,,,REV,25.3,S427 SELL Open Close Cross,OCC SMMA8 altTFx3 ATR=n/a
2026-08-13 15:28:00,2026-08-13 16:07:00,BUY,4370.54,,,REV,31.1,S427 BUY Open Close Cross,OCC SMMA8 altTFx3 ATR=n/a
2026-08-13 16:07:00,2026-08-13 16:10:00,SELL,4373.85,,,REV,-34.7,S427 SELL Open Close Cross,OCC SMMA8 altTFx3 ATR=n/a
2026-08-13 16:10:00,2026-08-13 18:31:00,BUY,4377.12,,,REV,110.5,S427 BUY Open Close Cross,OCC SMMA8 altTFx3 ATR=n/a
2026-08-13 18:31:00,2026-08-13 19:01:00,SELL,4388.37,,,REV,11.5,S427 SELL Open Close Cross,OCC SMMA8 altTFx3 ATR=n/a
2026-08-13 19:01:00,2026-08-13 19:04:00,BUY,4387.02,,,REV,-10.9,S427 BUY Open Close Cross,OCC SMMA8 altTFx3 ATR=n/a
2026-08-13 19:04:00,2026-08-13 19:07:00,SELL,4386.13,,,REV,-34.9,S427 SELL Open Close Cross,OCC SMMA8 altTFx3 ATR=n/a
2026-08-13 19:07:00,2026-08-13 19:19:00,BUY,4389.42,,,REV,-46.5,S427 BUY Open Close Cross,OCC SMMA8 altTFx3 ATR=n/a
2026-08-13 19:19:00,2026-08-13 19:22:00,SELL,4384.97,,,REV,-17.8,S427 SELL Open Close Cross,OCC SMMA8 altTFx3 ATR=n/a
2026-08-13 19:22:00,2026-08-13 19:25:00,BUY,4386.55,,,REV,-11.0,S427 BUY Open Close Cross,OCC SMMA8 altTFx3 ATR=n/a
2026-08-13 19:25:00,2026-08-13 19:31:00,SELL,4385.65,,,REV,-42.3,S427 SELL Open Close Cross,OCC SMMA8 altTFx3 ATR=n/a
2026-08-13 19:31:00,2026-08-13 19:34:00,BUY,4389.68,,,REV,-5.7,S427 BUY Open Close Cross,OCC SMMA8 altTFx3 ATR=n/a
2026-08-13 19:34:00,2026-08-13 19:37:00,SELL,4389.31,,,REV,5.9,S427 SELL Open Close Cross,OCC SMMA8 altTFx3 ATR=n/a
2026-08-13 19:37:00,2026-08-13 20:25:00,BUY,4388.52,,,REV,0.8,S427 BUY Open Close Cross,OCC SMMA8 altTFx3 ATR=n/a
2026-08-13 20:25:00,2026-08-13 21:37:00,SELL,4388.8,,,REV,122.2,S427 SELL Open Close Cross,OCC SMMA8 altTFx3 ATR=n/a
2026-08-13 21:37:00,2026-08-13 21:40:00,BUY,4376.38,,,REV,10.6,S427 BUY Open Close Cross,OCC SMMA8 altTFx3 ATR=n/a
2026-08-13 21:40:00,2026-08-13 21:43:00,SELL,4377.64,,,REV,-10.4,S427 SELL Open Close Cross,OCC SMMA8 altTFx3 ATR=n/a
2026-08-13 21:43:00,2026-08-13 22:07:00,BUY,4378.48,,,REV,-37.6,S427 BUY Open Close Cross,OCC SMMA8 altTFx3 ATR=n/a
2026-08-13 22:07:00,2026-08-13 22:43:00,SELL,4374.92,,,REV,53.7,S427 SELL Open Close Cross,OCC SMMA8 altTFx3 ATR=n/a
2026-08-13 22:43:00,2026-08-13 22:46:00,BUY,4369.35,,,REV,-4.0,S427 BUY Open Close Cross,OCC SMMA8 altTFx3 ATR=n/a
2026-08-13 22:46:00,2026-08-13 22:49:00,SELL,4369.15,,,REV,0.8,S427 SELL Open Close Cross,OCC SMMA8 altTFx3 ATR=n/a
2026-08-13 22:49:00,2026-08-13 22:52:00,BUY,4368.87,,,REV,-6.7,S427 BUY Open Close Cross,OCC SMMA8 altTFx3 ATR=n/a
