signal_time,exit_time,direction,entry,sl,tp,outcome,profit,pattern,reason
2026-01-19T08:15:00+07:00,2026-01-19T08:25:00+07:00,BUY,4664.89,4655.64,4729.72,BE,-0.2,S418 BUY ICT Confluence 7R score=40,concepts=OB+SWEEP buy=40 sell=0
2026-01-19T09:05:00+07:00,2026-01-19T09:15:00+07:00,BUY,4662.38,4652.5,4731.54,BE,-0.2,S418 BUY ICT Confluence 7R score=40,concepts=OB+SWEEP buy=40 sell=0
2026-01-19T10:15:00+07:00,2026-01-19T10:25:00+07:00,SELL,4666.97,4670.31,4643.67,BE,-0.2,S418 SELL ICT Confluence 7R score=40,concepts=OB+SWEEP buy=0 sell=40
2026-01-19T19:20:00+07:00,2026-01-19T19:30:00+07:00,SELL,4670.71,4672.42,4658.82,BE,-0.2,S418 SELL ICT Confluence 7R score=40,concepts=FVG+OB buy=0 sell=40
2026-01-19T19:35:00+07:00,2026-01-19T19:45:00+07:00,SELL,4671.69,4673.81,4656.21,BE,-0.2,S418 SELL ICT Confluence 7R score=60,concepts=FVG+OB+SWEEP buy=0 sell=60
2026-01-19T19:50:00+07:00,2026-01-19T20:00:00+07:00,SELL,4670.78,4674.11,4647.79,BE,-0.2,S418 SELL ICT Confluence 7R score=40,concepts=FVG+OB buy=0 sell=40
2026-01-19T20:05:00+07:00,2026-01-19T20:15:00+07:00,SELL,4670.74,4674.09,4646.89,BE,-0.2,S418 SELL ICT Confluence 7R score=40,concepts=FVG+OB buy=0 sell=40
2026-01-19T20:20:00+07:00,2026-01-19T20:30:00+07:00,SELL,4670.74,4674.08,4647.28,BE,-0.2,S418 SELL ICT Confluence 7R score=40,concepts=FVG+OB buy=0 sell=40
2026-01-19T22:40:00+07:00,2026-01-19T22:45:00+07:00,SELL,4670.32,4671.53,4662.01,SL,-1.41,S418 SELL ICT Confluence 7R score=40,concepts=FVG+SWEEP buy=0 sell=40
2026-01-19T23:00:00+07:00,2026-01-19T23:20:00+07:00,SELL,4672.9,4676.42,4650.5,BE,-0.2,S418 SELL ICT Confluence 7R score=40,concepts=FVG+SWEEP buy=0 sell=40
2026-01-20T02:15:00+07:00,2026-01-20T02:20:00+07:00,BUY,4671.66,4670.67,4682.51,SL,-1.19,S418 BUY ICT Confluence 7R score=40,concepts=OB+SWEEP buy=40 sell=0
2026-01-20T06:40:00+07:00,2026-01-20T06:50:00+07:00,BUY,4666.01,4664.15,4680.23,BE,-0.2,S418 BUY ICT Confluence 7R score=40,concepts=OB+SWEEP buy=40 sell=0
2026-01-20T07:05:00+07:00,2026-01-20T07:15:00+07:00,BUY,4666.61,4663.97,4684.85,BE,-0.2,S418 BUY ICT Confluence 7R score=40,concepts=OB+SWEEP buy=40 sell=0
2026-01-20T08:05:00+07:00,2026-01-20T08:15:00+07:00,SELL,4671.69,4673.83,4656.79,BE,-0.2,S418 SELL ICT Confluence 7R score=40,concepts=OB+SWEEP buy=20 sell=40
2026-01-20T18:50:00+07:00,2026-01-20T19:05:00+07:00,SELL,4730.89,4735.59,4698.47,BE,-0.2,S418 SELL ICT Confluence 7R score=40,concepts=OB+SWEEP buy=0 sell=40
2026-01-21T03:15:00+07:00,2026-01-21T03:20:00+07:00,BUY,4755.39,4751.28,4784.32,SL,-4.31,S418 BUY ICT Confluence 7R score=40,concepts=OB+SWEEP buy=40 sell=0
2026-01-21T04:40:00+07:00,2026-01-21T04:45:00+07:00,SELL,4758.9,4761.16,4743.0,SL,-2.46,S418 SELL ICT Confluence 7R score=40,concepts=FVG+OB buy=0 sell=40
2026-01-21T10:00:00+07:00,2026-01-21T10:10:00+07:00,SELL,4843.86,4847.67,4818.07,BE,-0.2,S418 SELL ICT Confluence 7R score=40,concepts=OB+SWEEP buy=0 sell=40
2026-01-21T13:35:00+07:00,2026-01-21T13:45:00+07:00,BUY,4868.26,4858.22,4938.7,SL,-10.24,S418 BUY ICT Confluence 7R score=40,concepts=FVG+OB buy=40 sell=0
2026-01-21T14:10:00+07:00,2026-01-21T14:15:00+07:00,BUY,4837.19,4834.14,4858.3,SL,-3.25,S418 BUY ICT Confluence 7R score=40,concepts=FVG+SWEEP buy=40 sell=0
2026-01-21T15:25:00+07:00,2026-01-21T16:20:00+07:00,SELL,4866.72,4870.28,4842.84,BE,-0.2,S418 SELL ICT Confluence 7R score=40,concepts=FVG+SWEEP buy=0 sell=40
2026-01-21T16:30:00+07:00,2026-01-21T18:25:00+07:00,SELL,4869.29,4877.76,4809.84,BE,-0.2,S418 SELL ICT Confluence 7R score=40,concepts=FVG+SWEEP buy=0 sell=40
2026-01-21T18:45:00+07:00,2026-01-21T19:15:00+07:00,BUY,4860.82,4854.89,4902.25,BE,-0.2,S418 BUY ICT Confluence 7R score=40,concepts=OB+SWEEP buy=40 sell=0
2026-01-21T19:30:00+07:00,2026-01-21T19:55:00+07:00,SELL,4866.51,4871.35,4832.55,BE,-0.2,S418 SELL ICT Confluence 7R score=40,concepts=FVG+OB buy=0 sell=40
2026-01-21T20:05:00+07:00,2026-01-21T20:10:00+07:00,SELL,4868.74,4871.37,4849.13,SL,-2.83,S418 SELL ICT Confluence 7R score=40,concepts=FVG+OB buy=0 sell=40
2026-01-21T20:15:00+07:00,2026-01-21T20:25:00+07:00,SELL,4867.07,4871.95,4833.07,BE,-0.2,S418 SELL ICT Confluence 7R score=40,concepts=OB+SWEEP buy=0 sell=40
2026-01-21T20:30:00+07:00,2026-01-21T20:35:00+07:00,SELL,4871.43,4872.48,4863.92,SL,-1.25,S418 SELL ICT Confluence 7R score=60,concepts=FVG+OB+SWEEP buy=0 sell=60
2026-01-21T20:45:00+07:00,2026-01-21T20:55:00+07:00,SELL,4873.58,4879.64,4830.92,BE,-0.2,S418 SELL ICT Confluence 7R score=40,concepts=FVG+OB buy=20 sell=40
2026-01-21T22:50:00+07:00,2026-01-21T23:00:00+07:00,SELL,4851.14,4873.83,4691.99,BE,-0.2,S418 SELL ICT Confluence 7R score=40,concepts=FVG+OB buy=0 sell=40
2026-01-21T23:05:00+07:00,2026-01-21T23:15:00+07:00,SELL,4850.9,4873.8,4690.04,BE,-0.2,S418 SELL ICT Confluence 7R score=40,concepts=FVG+OB buy=0 sell=40
2026-01-21T23:20:00+07:00,2026-01-21T23:45:00+07:00,BUY,4832.71,4811.85,4978.89,BE,-0.2,S418 BUY ICT Confluence 7R score=40,concepts=FVG+OB buy=40 sell=0
2026-01-22T00:15:00+07:00,2026-01-22T00:25:00+07:00,BUY,4822.47,4813.46,4885.62,BE,-0.2,S418 BUY ICT Confluence 7R score=40,concepts=OB+SWEEP buy=40 sell=0
2026-01-22T00:35:00+07:00,2026-01-22T00:45:00+07:00,BUY,4815.71,4801.47,4915.23,BE,-0.2,S418 BUY ICT Confluence 7R score=40,concepts=OB+SWEEP buy=40 sell=0
2026-01-22T01:30:00+07:00,2026-01-22T01:40:00+07:00,SELL,4835.17,4839.54,4804.82,BE,-0.2,S418 SELL ICT Confluence 7R score=40,concepts=FVG+SWEEP buy=0 sell=40
2026-01-22T04:35:00+07:00,2026-01-22T04:45:00+07:00,SELL,4835.6,4840.29,4802.69,BE,-0.2,S418 SELL ICT Confluence 7R score=40,concepts=FVG+SWEEP buy=0 sell=40
2026-01-22T08:25:00+07:00,2026-01-22T08:35:00+07:00,SELL,4795.98,4810.64,4692.48,BE,-0.2,S418 SELL ICT Confluence 7R score=40,concepts=OB+SWEEP buy=20 sell=40
2026-01-22T10:50:00+07:00,2026-01-22T11:00:00+07:00,SELL,4794.77,4797.29,4776.33,BE,-0.2,S418 SELL ICT Confluence 7R score=40,concepts=FVG+SWEEP buy=20 sell=40
2026-01-22T12:40:00+07:00,2026-01-22T12:45:00+07:00,SELL,4800.8,4803.09,4784.29,SL,-2.49,S418 SELL ICT Confluence 7R score=40,concepts=OB+SWEEP buy=0 sell=40
2026-01-22T13:30:00+07:00,2026-01-22T13:45:00+07:00,SELL,4824.68,4829.79,4788.59,BE,-0.2,S418 SELL ICT Confluence 7R score=40,concepts=FVG+SWEEP buy=20 sell=40
2026-01-22T14:25:00+07:00,2026-01-22T14:35:00+07:00,SELL,4837.16,4838.58,4827.86,BE,-0.2,S418 SELL ICT Confluence 7R score=40,concepts=OB+SWEEP buy=0 sell=40
2026-01-22T14:40:00+07:00,2026-01-22T14:50:00+07:00,SELL,4833.66,4839.36,4792.08,BE,-0.2,S418 SELL ICT Confluence 7R score=40,concepts=OB+SWEEP buy=20 sell=40
2026-01-23T07:05:00+07:00,2026-01-23T07:15:00+07:00,SELL,4955.87,4964.24,4897.76,BE,-0.2,S418 SELL ICT Confluence 7R score=40,concepts=OB+SWEEP buy=0 sell=40
2026-01-23T10:25:00+07:00,2026-01-23T14:45:00+07:00,BUY,4943.95,4937.67,4987.51,BE,-0.2,S418 BUY ICT Confluence 7R score=40,concepts=FVG+SWEEP buy=40 sell=0
2026-01-23T14:55:00+07:00,2026-01-23T15:00:00+07:00,BUY,4943.71,4942.77,4956.37,SL,-1.14,S418 BUY ICT Confluence 7R score=40,concepts=FVG+OB buy=40 sell=0
2026-01-23T15:05:00+07:00,2026-01-23T15:10:00+07:00,BUY,4946.78,4941.37,4984.57,SL,-5.61,S418 BUY ICT Confluence 7R score=40,concepts=FVG+OB buy=40 sell=20
2026-01-23T17:10:00+07:00,2026-01-23T17:25:00+07:00,SELL,4921.57,4927.05,4882.49,SL,-5.68,S418 SELL ICT Confluence 7R score=40,concepts=FVG+OB buy=0 sell=40
2026-01-23T19:15:00+07:00,2026-01-23T19:35:00+07:00,SELL,4931.11,4937.62,4882.74,SL,-6.71,S418 SELL ICT Confluence 7R score=40,concepts=FVG+SWEEP buy=0 sell=40
2026-01-23T19:40:00+07:00,2026-01-23T19:45:00+07:00,SELL,4936.14,4939.52,4911.2,SL,-3.58,S418 SELL ICT Confluence 7R score=40,concepts=FVG+SWEEP buy=0 sell=40
2026-01-24T01:50:00+07:00,2026-01-24T02:00:00+07:00,BUY,4968.55,4957.57,5045.89,BE,-0.2,S418 BUY ICT Confluence 7R score=40,concepts=OB+SWEEP buy=40 sell=20
2026-01-24T03:20:00+07:00,2026-01-24T03:35:00+07:00,SELL,4982.19,4990.32,4923.28,BE,-0.2,S418 SELL ICT Confluence 7R score=40,concepts=FVG+OB buy=0 sell=40
2026-01-24T03:40:00+07:00,2026-01-24T03:55:00+07:00,SELL,4982.59,4990.35,4926.03,BE,-0.2,S418 SELL ICT Confluence 7R score=40,concepts=FVG+OB buy=0 sell=40
2026-01-26T11:30:00+07:00,2026-01-26T11:40:00+07:00,BUY,5070.29,5063.96,5114.28,BE,-0.2,S418 BUY ICT Confluence 7R score=40,concepts=OB+SWEEP buy=40 sell=0
2026-01-26T12:10:00+07:00,2026-01-26T12:15:00+07:00,BUY,5059.98,5054.59,5097.87,SL,-5.59,S418 BUY ICT Confluence 7R score=40,concepts=FVG+SWEEP buy=40 sell=0
2026-01-26T15:35:00+07:00,2026-01-26T16:25:00+07:00,SELL,5095.89,5099.49,5071.01,BE,-0.2,S418 SELL ICT Confluence 7R score=40,concepts=FVG+OB buy=20 sell=40
2026-01-26T16:30:00+07:00,2026-01-26T16:40:00+07:00,SELL,5098.04,5098.8,5092.96,TP,4.88,S418 SELL ICT Confluence 7R score=40,concepts=FVG+OB buy=0 sell=40
2026-01-26T17:30:00+07:00,2026-01-26T17:40:00+07:00,SELL,5092.95,5098.95,5051.27,BE,-0.2,S418 SELL ICT Confluence 7R score=40,concepts=FVG+OB buy=20 sell=40
2026-01-26T17:45:00+07:00,2026-01-26T17:55:00+07:00,SELL,5092.15,5098.94,5044.7,BE,-0.2,S418 SELL ICT Confluence 7R score=40,concepts=FVG+OB buy=20 sell=40
2026-01-26T18:00:00+07:00,2026-01-26T18:50:00+07:00,SELL,5092.45,5098.85,5047.81,BE,-0.2,S418 SELL ICT Confluence 7R score=40,concepts=FVG+OB buy=0 sell=40
2026-01-26T19:20:00+07:00,2026-01-26T19:25:00+07:00,SELL,5096.72,5097.42,5092.22,TP,4.3,S418 SELL ICT Confluence 7R score=40,concepts=FVG+OB buy=20 sell=40
2026-01-26T22:00:00+07:00,2026-01-26T22:10:00+07:00,SELL,5092.17,5097.83,5053.03,BE,-0.2,S418 SELL ICT Confluence 7R score=40,concepts=FVG+SWEEP buy=0 sell=40
2026-01-27T06:45:00+07:00,2026-01-27T07:50:00+07:00,SELL,5056.77,5062.67,5015.71,TP,40.86,S418 SELL ICT Confluence 7R score=40,concepts=OB+SWEEP buy=0 sell=40
2026-01-27T14:40:00+07:00,2026-01-27T16:35:00+07:00,SELL,5093.03,5101.52,5033.68,BE,-0.2,S418 SELL ICT Confluence 7R score=40,concepts=OB+SWEEP buy=0 sell=40
2026-01-27T16:40:00+07:00,2026-01-27T16:50:00+07:00,SELL,5088.01,5094.78,5040.54,BE,-0.2,S418 SELL ICT Confluence 7R score=40,concepts=OB+SWEEP buy=0 sell=40
2026-01-27T17:00:00+07:00,2026-01-27T17:10:00+07:00,SELL,5094.15,5100.14,5051.98,BE,-0.2,S418 SELL ICT Confluence 7R score=40,concepts=OB+SWEEP buy=0 sell=40
2026-01-27T19:45:00+07:00,2026-01-27T19:55:00+07:00,SELL,5085.07,5091.8,5037.88,BE,-0.2,S418 SELL ICT Confluence 7R score=40,concepts=OB+SWEEP buy=20 sell=40
2026-01-27T20:00:00+07:00,2026-01-27T20:10:00+07:00,SELL,5088.72,5092.76,5060.6,BE,-0.2,S418 SELL ICT Confluence 7R score=40,concepts=OB+SWEEP buy=0 sell=40
2026-01-27T20:15:00+07:00,2026-01-27T21:10:00+07:00,SELL,5088.88,5093.52,5056.64,TP,32.04,S418 SELL ICT Confluence 7R score=40,concepts=OB+SWEEP buy=0 sell=40
2026-01-27T22:40:00+07:00,2026-01-27T22:55:00+07:00,SELL,5080.71,5088.29,5028.05,SL,-7.78,S418 SELL ICT Confluence 7R score=40,concepts=OB+SWEEP buy=0 sell=40
2026-01-28T01:55:00+07:00,2026-01-28T02:10:00+07:00,SELL,5087.97,5096.08,5031.28,BE,-0.2,S418 SELL ICT Confluence 7R score=40,concepts=OB+SWEEP buy=0 sell=40
2026-01-28T02:15:00+07:00,2026-01-28T02:25:00+07:00,SELL,5087.98,5096.07,5031.59,BE,-0.2,S418 SELL ICT Confluence 7R score=40,concepts=FVG+OB buy=0 sell=40
2026-01-28T02:30:00+07:00,2026-01-28T02:40:00+07:00,SELL,5089.54,5096.02,5044.42,BE,-0.2,S418 SELL ICT Confluence 7R score=40,concepts=FVG+OB buy=0 sell=40
2026-01-28T22:00:00+07:00,2026-01-28T22:05:00+07:00,SELL,5293.83,5299.32,5254.76,TP,38.87,S418 SELL ICT Confluence 7R score=40,concepts=FVG+OB buy=20 sell=40
2026-01-29T02:55:00+07:00,2026-01-29T03:00:00+07:00,SELL,5325.5,5333.22,5271.86,SL,-7.92,S418 SELL ICT Confluence 7R score=40,concepts=OB+SWEEP buy=0 sell=40
2026-01-29T04:10:00+07:00,2026-01-29T04:20:00+07:00,SELL,5386.79,5397.44,5312.32,BE,-0.2,S418 SELL ICT Confluence 7R score=40,concepts=OB+SWEEP buy=0 sell=40
2026-01-29T08:30:00+07:00,2026-01-29T08:40:00+07:00,SELL,5520.76,5532.97,5434.65,BE,-0.2,S418 SELL ICT Confluence 7R score=40,concepts=FVG+OB buy=0 sell=40
2026-01-29T12:40:00+07:00,2026-01-29T13:00:00+07:00,SELL,5549.68,5565.77,5437.13,SL,-16.29,S418 SELL ICT Confluence 7R score=40,concepts=FVG+OB buy=20 sell=40
2026-01-29T14:25:00+07:00,2026-01-29T15:00:00+07:00,BUY,5541.52,5535.46,5583.7,BE,-0.2,S418 BUY ICT Confluence 7R score=40,concepts=FVG+OB buy=40 sell=20
2026-01-29T15:10:00+07:00,2026-01-29T15:20:00+07:00,BUY,5537.9,5522.05,5648.93,BE,-0.2,S418 BUY ICT Confluence 7R score=40,concepts=OB+SWEEP buy=40 sell=20
2026-01-29T21:45:00+07:00,2026-01-29T22:00:00+07:00,BUY,5516.16,5489.47,5706.03,SL,-26.89,S418 BUY ICT Confluence 7R score=40,concepts=OB+SWEEP buy=40 sell=0
2026-01-30T02:15:00+07:00,2026-01-30T02:25:00+07:00,BUY,5319.32,5302.56,5436.56,BE,-0.2,S418 BUY ICT Confluence 7R score=40,concepts=FVG+SWEEP buy=40 sell=0
2026-01-30T04:00:00+07:00,2026-01-30T04:15:00+07:00,SELL,5399.28,5408.79,5334.23,BE,-0.2,S418 SELL ICT Confluence 7R score=40,concepts=FVG+SWEEP buy=0 sell=40
2026-01-30T07:55:00+07:00,2026-01-30T08:00:00+07:00,BUY,5406.85,5386.34,5550.5,SL,-20.71,S418 BUY ICT Confluence 7R score=40,concepts=FVG+OB buy=40 sell=0
2026-01-30T12:10:00+07:00,2026-01-30T12:15:00+07:00,SELL,5224.12,5232.09,5167.29,SL,-8.17,S418 SELL ICT Confluence 7R score=40,concepts=FVG+OB buy=0 sell=40
2026-01-30T12:30:00+07:00,2026-01-30T16:10:00+07:00,SELL,5217.78,5243.03,5041.43,TP,176.15,S418 SELL ICT Confluence 7R score=40,concepts=FVG+OB buy=20 sell=40
2026-01-30T18:10:00+07:00,2026-01-30T18:20:00+07:00,SELL,5120.57,5129.56,5057.16,BE,-0.2,S418 SELL ICT Confluence 7R score=60,concepts=FVG+OB+SWEEP buy=0 sell=60
2026-01-30T18:40:00+07:00,2026-01-30T18:55:00+07:00,SELL,5121.07,5140.17,4987.45,BE,-0.2,S418 SELL ICT Confluence 7R score=60,concepts=FVG+OB+SWEEP buy=0 sell=60
2026-01-30T19:00:00+07:00,2026-01-30T19:10:00+07:00,SELL,5130.56,5148.03,5008.67,BE,-0.2,S418 SELL ICT Confluence 7R score=40,concepts=FVG+SWEEP buy=0 sell=40
2026-01-30T19:30:00+07:00,2026-01-31T00:10:00+07:00,SELL,5118.47,5147.75,4913.75,TP,204.52,S418 SELL ICT Confluence 7R score=40,concepts=FVG+OB buy=20 sell=40
2026-01-31T01:55:00+07:00,2026-01-31T02:15:00+07:00,SELL,4880.19,4946.39,4415.67,BE,-0.2,S418 SELL ICT Confluence 7R score=40,concepts=FVG+OB buy=0 sell=40
2026-01-31T03:55:00+07:00,2026-01-31T04:05:00+07:00,BUY,4849.05,4807.5,5152.62,BE,-0.2,S418 BUY ICT Confluence 7R score=40,concepts=FVG+SWEEP buy=40 sell=0
2026-02-02T06:55:00+07:00,2026-02-02T08:00:00+07:00,BUY,4740.65,4691.04,5087.76,BE,-0.2,S418 BUY ICT Confluence 7R score=40,concepts=FVG+OB buy=40 sell=20
2026-02-02T11:05:00+07:00,2026-02-02T12:10:00+07:00,BUY,4655.35,4600.35,5040.91,BE,-0.2,S418 BUY ICT Confluence 7R score=40,concepts=OB+SWEEP buy=40 sell=0
2026-02-02T16:10:00+07:00,2026-02-02T16:20:00+07:00,SELL,4646.7,4661.12,4541.76,BE,-0.2,S418 SELL ICT Confluence 7R score=40,concepts=FVG+SWEEP buy=0 sell=40
2026-02-02T16:40:00+07:00,2026-02-02T16:45:00+07:00,SELL,4689.78,4715.86,4512.82,SL,-26.28,S418 SELL ICT Confluence 7R score=40,concepts=OB+SWEEP buy=0 sell=40
2026-02-02T20:00:00+07:00,2026-02-02T20:20:00+07:00,BUY,4748.0,4719.12,4950.0,BE,-0.2,S418 BUY ICT Confluence 7R score=40,concepts=OB+SWEEP buy=40 sell=0
2026-02-02T20:25:00+07:00,2026-02-02T20:30:00+07:00,BUY,4739.66,4718.22,4889.98,SL,-21.64,S418 BUY ICT Confluence 7R score=40,concepts=FVG+OB buy=40 sell=0
2026-02-02T22:30:00+07:00,2026-02-02T22:40:00+07:00,BUY,4684.24,4645.51,4956.15,BE,-0.2,S418 BUY ICT Confluence 7R score=40,concepts=FVG+SWEEP buy=40 sell=0
2026-02-03T01:20:00+07:00,2026-02-03T01:30:00+07:00,BUY,4640.33,4616.38,4809.58,BE,-0.2,S418 BUY ICT Confluence 7R score=40,concepts=OB+SWEEP buy=40 sell=20
2026-02-03T09:30:00+07:00,2026-02-03T09:40:00+07:00,BUY,4774.73,4757.38,4896.42,BE,-0.2,S418 BUY ICT Confluence 7R score=40,concepts=OB+SWEEP buy=40 sell=0
2026-02-03T09:45:00+07:00,2026-02-03T10:15:00+07:00,BUY,4761.12,4743.15,4885.31,BE,-0.2,S418 BUY ICT Confluence 7R score=40,concepts=FVG+SWEEP buy=40 sell=0
2026-02-03T12:20:00+07:00,2026-02-03T12:25:00+07:00,SELL,4823.93,4829.82,4782.86,SL,-6.09,S418 SELL ICT Confluence 7R score=40,concepts=FVG+SWEEP buy=0 sell=40
2026-02-03T21:20:00+07:00,2026-02-03T21:30:00+07:00,BUY,4910.39,4896.38,5008.7,BE,-0.2,S418 BUY ICT Confluence 7R score=40,concepts=FVG+SWEEP buy=40 sell=0
2026-02-04T06:00:00+07:00,2026-02-04T07:00:00+07:00,SELL,4956.8,4972.78,4846.06,BE,-0.2,S418 SELL ICT Confluence 7R score=40,concepts=OB+SWEEP buy=0 sell=40
2026-02-04T10:40:00+07:00,2026-02-04T10:50:00+07:00,SELL,5062.75,5073.5,4987.42,BE,-0.2,S418 SELL ICT Confluence 7R score=40,concepts=OB+SWEEP buy=0 sell=40
2026-02-04T13:10:00+07:00,2026-02-04T13:15:00+07:00,BUY,5059.37,5055.6,5086.32,SL,-3.97,S418 BUY ICT Confluence 7R score=40,concepts=FVG+SWEEP buy=40 sell=0
2026-02-04T13:20:00+07:00,2026-02-04T13:30:00+07:00,BUY,5058.43,5050.26,5114.74,BE,-0.2,S418 BUY ICT Confluence 7R score=40,concepts=FVG+SWEEP buy=40 sell=0
2026-02-04T14:55:00+07:00,2026-02-04T15:05:00+07:00,SELL,5084.72,5092.26,5032.1,BE,-0.2,S418 SELL ICT Confluence 7R score=40,concepts=OB+SWEEP buy=0 sell=40
2026-02-04T17:25:00+07:00,2026-02-04T18:10:00+07:00,BUY,5043.45,5040.85,5063.57,BE,-0.2,S418 BUY ICT Confluence 7R score=40,concepts=OB+SWEEP buy=40 sell=0
2026-02-04T20:25:00+07:00,2026-02-04T20:40:00+07:00,SELL,5049.02,5064.38,4940.62,BE,-0.2,S418 SELL ICT Confluence 7R score=40,concepts=FVG+OB buy=20 sell=40
2026-02-04T21:20:00+07:00,2026-02-04T21:30:00+07:00,BUY,5036.41,5022.17,5136.33,BE,-0.2,S418 BUY ICT Confluence 7R score=40,concepts=FVG+OB buy=40 sell=0
2026-02-05T01:55:00+07:00,2026-02-05T02:05:00+07:00,SELL,4927.41,4939.62,4841.86,BE,-0.2,S418 SELL ICT Confluence 7R score=40,concepts=FVG+OB buy=0 sell=40
2026-02-05T02:15:00+07:00,2026-02-05T02:25:00+07:00,SELL,4938.23,4951.99,4842.07,BE,-0.2,S418 SELL ICT Confluence 7R score=60,concepts=FVG+OB+SWEEP buy=0 sell=60
2026-02-05T02:30:00+07:00,2026-02-05T02:50:00+07:00,SELL,4931.39,4951.93,4784.25,SL,-20.74,S418 SELL ICT Confluence 7R score=40,concepts=FVG+OB buy=20 sell=40
2026-02-05T08:00:00+07:00,2026-02-05T08:10:00+07:00,BUY,5002.59,4989.78,5092.02,BE,-0.2,S418 BUY ICT Confluence 7R score=60,concepts=FVG+OB+SWEEP buy=60 sell=0
2026-02-05T09:05:00+07:00,2026-02-05T09:10:00+07:00,BUY,4937.23,4930.13,4987.33,SL,-7.3,S418 BUY ICT Confluence 7R score=40,concepts=FVG+SWEEP buy=40 sell=0
2026-02-05T12:30:00+07:00,2026-02-05T19:10:00+07:00,BUY,4840.7,4825.36,4947.76,BE,-0.2,S418 BUY ICT Confluence 7R score=40,concepts=OB+SWEEP buy=40 sell=0
2026-02-05T22:45:00+07:00,2026-02-05T22:55:00+07:00,BUY,4814.95,4797.95,4934.19,BE,-0.2,S418 BUY ICT Confluence 7R score=40,concepts=OB+SWEEP buy=40 sell=0
2026-02-06T02:40:00+07:00,2026-02-06T02:50:00+07:00,BUY,4837.25,4827.01,4908.69,BE,-0.2,S418 BUY ICT Confluence 7R score=40,concepts=OB+SWEEP buy=40 sell=0
2026-02-06T03:05:00+07:00,2026-02-06T03:15:00+07:00,BUY,4833.48,4812.51,4980.35,BE,-0.2,S418 BUY ICT Confluence 7R score=40,concepts=OB+SWEEP buy=40 sell=0
2026-02-06T03:20:00+07:00,2026-02-06T03:30:00+07:00,BUY,4820.82,4809.43,4901.03,BE,-0.2,S418 BUY ICT Confluence 7R score=40,concepts=OB+SWEEP buy=40 sell=0
2026-02-06T20:30:00+07:00,2026-02-06T20:35:00+07:00,SELL,4923.88,4929.68,4883.52,SL,-6.0,S418 SELL ICT Confluence 7R score=40,concepts=OB+SWEEP buy=0 sell=40
2026-02-06T21:25:00+07:00,2026-02-09T06:20:00+07:00,BUY,4905.17,4892.82,4991.54,TP,86.17,S418 BUY ICT Confluence 7R score=40,concepts=FVG+OB buy=40 sell=0
2026-02-09T09:00:00+07:00,2026-02-09T22:30:00+07:00,BUY,4977.39,4967.53,5046.09,TP,68.5,S418 BUY ICT Confluence 7R score=40,concepts=OB+SWEEP buy=40 sell=0
2026-02-10T12:35:00+07:00,2026-02-10T12:45:00+07:00,SELL,5029.17,5035.99,4981.11,BE,-0.2,S418 SELL ICT Confluence 7R score=40,concepts=FVG+OB buy=0 sell=40
2026-02-10T16:10:00+07:00,2026-02-10T16:20:00+07:00,SELL,5051.8,5064.01,4965.69,BE,-0.2,S418 SELL ICT Confluence 7R score=40,concepts=OB+SWEEP buy=0 sell=40
2026-02-10T17:10:00+07:00,2026-02-10T19:05:00+07:00,BUY,5041.31,5033.55,5095.55,BE,-0.2,S418 BUY ICT Confluence 7R score=40,concepts=FVG+OB buy=40 sell=0
2026-02-10T19:10:00+07:00,2026-02-10T19:20:00+07:00,BUY,5043.58,5040.69,5067.41,BE,-0.2,S418 BUY ICT Confluence 7R score=40,concepts=FVG+SWEEP buy=40 sell=0
2026-02-10T19:25:00+07:00,2026-02-10T19:35:00+07:00,BUY,5046.52,5040.64,5087.28,BE,-0.2,S418 BUY ICT Confluence 7R score=40,concepts=FVG+OB buy=40 sell=0
2026-02-11T08:10:00+07:00,2026-02-11T08:35:00+07:00,SELL,5041.49,5050.27,4980.11,BE,-0.2,S418 SELL ICT Confluence 7R score=40,concepts=FVG+OB buy=0 sell=40
2026-02-11T14:00:00+07:00,2026-02-11T14:10:00+07:00,SELL,5063.53,5066.22,5044.78,BE,-0.2,S418 SELL ICT Confluence 7R score=40,concepts=OB+SWEEP buy=0 sell=40
2026-02-11T16:35:00+07:00,2026-02-11T16:40:00+07:00,SELL,5058.75,5061.88,5036.76,SL,-3.33,S418 SELL ICT Confluence 7R score=40,concepts=OB+SWEEP buy=0 sell=40
2026-02-11T19:35:00+07:00,2026-02-11T19:40:00+07:00,BUY,5083.9,5079.13,5117.21,SL,-4.97,S418 BUY ICT Confluence 7R score=40,concepts=FVG+SWEEP buy=40 sell=0
2026-02-11T23:00:00+07:00,2026-02-11T23:10:00+07:00,BUY,5056.58,5034.58,5210.42,BE,-0.2,S418 BUY ICT Confluence 7R score=40,concepts=FVG+OB buy=40 sell=20
2026-02-12T08:05:00+07:00,2026-02-12T08:10:00+07:00,BUY,5053.97,5047.0,5102.84,SL,-7.17,S418 BUY ICT Confluence 7R score=40,concepts=OB+SWEEP buy=40 sell=0
2026-02-12T10:05:00+07:00,2026-02-12T10:10:00+07:00,SELL,5071.69,5074.21,5054.21,SL,-2.72,S418 SELL ICT Confluence 7R score=40,concepts=FVG+SWEEP buy=0 sell=40
2026-02-12T11:20:00+07:00,2026-02-12T11:30:00+07:00,BUY,5055.48,5050.58,5089.7,BE,-0.2,S418 BUY ICT Confluence 7R score=40,concepts=OB+SWEEP buy=40 sell=20
2026-02-13T06:25:00+07:00,2026-02-13T06:35:00+07:00,SELL,4920.1,4929.8,4852.12,BE,-0.2,S418 SELL ICT Confluence 7R score=40,concepts=FVG+SWEEP buy=0 sell=40
2026-02-13T08:25:00+07:00,2026-02-13T08:35:00+07:00,SELL,4969.88,4980.22,4897.66,BE,-0.2,S418 SELL ICT Confluence 7R score=40,concepts=FVG+SWEEP buy=20 sell=40
2026-02-13T08:50:00+07:00,2026-02-13T09:00:00+07:00,SELL,4980.28,4989.85,4913.61,BE,-0.2,S418 SELL ICT Confluence 7R score=40,concepts=FVG+SWEEP buy=0 sell=40
2026-02-13T09:30:00+07:00,2026-02-13T09:40:00+07:00,SELL,4980.66,4990.28,4916.36,BE,-0.2,S418 SELL ICT Confluence 7R score=40,concepts=FVG+SWEEP buy=0 sell=40
2026-02-13T09:55:00+07:00,2026-02-13T11:15:00+07:00,SELL,4988.49,4992.49,4960.65,BE,-0.2,S418 SELL ICT Confluence 7R score=40,concepts=FVG+SWEEP buy=0 sell=40
2026-02-13T17:45:00+07:00,2026-02-13T17:55:00+07:00,BUY,4963.2,4957.29,5004.25,BE,-0.2,S418 BUY ICT Confluence 7R score=40,concepts=FVG+SWEEP buy=40 sell=0
2026-02-13T19:20:00+07:00,2026-02-13T19:30:00+07:00,SELL,4971.18,4974.0,4951.76,BE,-0.2,S418 SELL ICT Confluence 7R score=40,concepts=OB+SWEEP buy=20 sell=40
2026-02-13T22:35:00+07:00,2026-02-13T22:45:00+07:00,SELL,5008.3,5022.02,4912.42,BE,-0.2,S418 SELL ICT Confluence 7R score=40,concepts=OB+SWEEP buy=0 sell=40
2026-02-14T01:15:00+07:00,2026-02-14T01:30:00+07:00,SELL,5023.18,5031.32,4964.44,BE,-0.2,S418 SELL ICT Confluence 7R score=40,concepts=OB+SWEEP buy=0 sell=40
2026-02-14T01:40:00+07:00,2026-02-14T01:50:00+07:00,SELL,5029.94,5031.85,5016.81,BE,-0.2,S418 SELL ICT Confluence 7R score=40,concepts=OB+SWEEP buy=0 sell=40
2026-02-14T03:50:00+07:00,2026-02-16T06:05:00+07:00,BUY,5027.6,5020.95,5074.07,BE,-0.2,S418 BUY ICT Confluence 7R score=40,concepts=OB+SWEEP buy=40 sell=0
2026-02-16T13:00:00+07:00,2026-02-16T13:10:00+07:00,SELL,4988.6,4993.34,4955.26,BE,-0.2,S418 SELL ICT Confluence 7R score=40,concepts=OB+SWEEP buy=0 sell=40
2026-02-16T14:05:00+07:00,2026-02-16T14:25:00+07:00,SELL,4997.51,5003.51,4955.27,BE,-0.2,S418 SELL ICT Confluence 7R score=40,concepts=FVG+OB buy=0 sell=40
2026-02-16T14:40:00+07:00,2026-02-16T14:45:00+07:00,SELL,5001.27,5006.31,4967.11,SL,-5.24,S418 SELL ICT Confluence 7R score=40,concepts=OB+SWEEP buy=0 sell=40
2026-02-16T16:00:00+07:00,2026-02-16T16:15:00+07:00,SELL,5012.78,5015.99,4990.71,BE,-0.2,S418 SELL ICT Confluence 7R score=40,concepts=FVG+SWEEP buy=0 sell=40
2026-02-16T16:30:00+07:00,2026-02-16T16:50:00+07:00,SELL,5010.72,5016.6,4967.56,BE,-0.2,S418 SELL ICT Confluence 7R score=40,concepts=FVG+OB buy=0 sell=40
2026-02-16T16:55:00+07:00,2026-02-16T21:40:00+07:00,SELL,5013.47,5017.58,4985.02,TP,28.25,S418 SELL ICT Confluence 7R score=40,concepts=FVG+SWEEP buy=0 sell=40
2026-02-17T06:10:00+07:00,2026-02-17T06:30:00+07:00,BUY,4991.14,4985.34,5025.9,BE,-0.2,S418 BUY ICT Confluence 7R score=40,concepts=FVG+SWEEP buy=40 sell=0
2026-02-17T06:35:00+07:00,2026-02-17T06:45:00+07:00,BUY,4989.91,4984.86,5025.5,BE,-0.2,S418 BUY ICT Confluence 7R score=40,concepts=FVG+OB buy=40 sell=0
2026-02-17T06:55:00+07:00,2026-02-17T07:00:00+07:00,BUY,4989.79,4984.85,5024.29,SL,-5.14,S418 BUY ICT Confluence 7R score=40,concepts=FVG+OB buy=40 sell=0
2026-02-17T10:30:00+07:00,2026-02-17T10:35:00+07:00,BUY,4954.93,4953.36,4966.0,SL,-1.77,S418 BUY ICT Confluence 7R score=40,concepts=FVG+SWEEP buy=40 sell=20
2026-02-17T10:55:00+07:00,2026-02-17T11:05:00+07:00,BUY,4956.78,4949.64,5007.24,SL,-7.34,S418 BUY ICT Confluence 7R score=40,concepts=FVG+OB buy=40 sell=20
2026-02-17T14:20:00+07:00,2026-02-17T14:30:00+07:00,SELL,4909.89,4917.4,4855.8,BE,-0.2,S418 SELL ICT Confluence 7R score=40,concepts=FVG+SWEEP buy=0 sell=40
2026-02-17T14:50:00+07:00,2026-02-17T15:00:00+07:00,SELL,4921.1,4922.53,4911.57,BE,-0.2,S418 SELL ICT Confluence 7R score=40,concepts=FVG+SWEEP buy=0 sell=40
2026-02-17T15:05:00+07:00,2026-02-17T15:10:00+07:00,SELL,4920.81,4926.86,4872.38,SL,-6.25,S418 SELL ICT Confluence 7R score=40,concepts=FVG+SWEEP buy=20 sell=40
2026-02-17T16:50:00+07:00,2026-02-17T17:00:00+07:00,SELL,4927.41,4933.16,4888.76,BE,-0.2,S418 SELL ICT Confluence 7R score=40,concepts=OB+SWEEP buy=0 sell=40
2026-02-17T17:45:00+07:00,2026-02-17T17:50:00+07:00,BUY,4916.36,4912.85,4940.85,SL,-3.71,S418 BUY ICT Confluence 7R score=40,concepts=FVG+OB buy=40 sell=0
2026-02-17T20:10:00+07:00,2026-02-17T20:15:00+07:00,BUY,4922.23,4917.91,4952.31,SL,-4.52,S418 BUY ICT Confluence 7R score=40,concepts=OB+SWEEP buy=40 sell=20
2026-02-17T20:30:00+07:00,2026-02-17T20:50:00+07:00,BUY,4912.1,4907.23,4947.55,BE,-0.2,S418 BUY ICT Confluence 7R score=40,concepts=FVG+SWEEP buy=40 sell=0
2026-02-18T01:25:00+07:00,2026-02-18T01:35:00+07:00,SELL,4887.16,4890.95,4860.47,BE,-0.2,S418 SELL ICT Confluence 7R score=40,concepts=FVG+SWEEP buy=20 sell=40
2026-02-18T01:40:00+07:00,2026-02-18T01:50:00+07:00,SELL,4889.43,4896.58,4839.7,BE,-0.2,S418 SELL ICT Confluence 7R score=40,concepts=FVG+SWEEP buy=0 sell=40
2026-02-18T03:05:00+07:00,2026-02-18T03:15:00+07:00,BUY,4876.88,4873.49,4900.53,BE,-0.2,S418 BUY ICT Confluence 7R score=40,concepts=FVG+SWEEP buy=40 sell=20
2026-02-18T03:20:00+07:00,2026-02-18T03:30:00+07:00,BUY,4874.77,4872.82,4888.66,BE,-0.2,S418 BUY ICT Confluence 7R score=40,concepts=FVG+SWEEP buy=40 sell=20
2026-02-18T06:25:00+07:00,2026-02-18T07:30:00+07:00,SELL,4877.75,4887.44,4810.24,BE,-0.2,S418 SELL ICT Confluence 7R score=40,concepts=FVG+OB buy=0 sell=40
2026-02-18T07:35:00+07:00,2026-02-18T08:00:00+07:00,SELL,4875.99,4885.49,4809.97,BE,-0.2,S418 SELL ICT Confluence 7R score=40,concepts=FVG+OB buy=0 sell=40
2026-02-18T15:30:00+07:00,2026-02-18T15:40:00+07:00,BUY,4924.26,4921.05,4946.01,BE,-0.2,S418 BUY ICT Confluence 7R score=40,concepts=FVG+SWEEP buy=40 sell=0
2026-02-18T23:45:00+07:00,2026-02-19T13:30:00+07:00,SELL,5004.6,5011.4,4956.68,BE,-0.2,S418 SELL ICT Confluence 7R score=40,concepts=OB+SWEEP buy=20 sell=40
2026-02-19T17:10:00+07:00,2026-02-19T17:20:00+07:00,BUY,4989.39,4982.82,5035.7,BE,-0.2,S418 BUY ICT Confluence 7R score=40,concepts=FVG+SWEEP buy=40 sell=0
2026-02-19T19:25:00+07:00,2026-02-19T20:35:00+07:00,SELL,4992.12,4996.89,4958.89,BE,-0.2,S418 SELL ICT Confluence 7R score=40,concepts=FVG+OB buy=0 sell=40
2026-02-19T20:55:00+07:00,2026-02-19T21:05:00+07:00,SELL,4997.03,4999.22,4981.38,TP,15.45,S418 SELL ICT Confluence 7R score=40,concepts=FVG+SWEEP buy=0 sell=40
2026-02-20T00:50:00+07:00,2026-02-20T00:55:00+07:00,BUY,4986.78,4984.91,4999.47,SL,-2.07,S418 BUY ICT Confluence 7R score=40,concepts=FVG+SWEEP buy=40 sell=0
2026-02-20T02:45:00+07:00,2026-02-20T02:55:00+07:00,SELL,4986.29,4990.8,4954.64,BE,-0.2,S418 SELL ICT Confluence 7R score=40,concepts=FVG+OB buy=0 sell=40
2026-02-20T10:05:00+07:00,2026-02-20T10:25:00+07:00,BUY,4993.66,4989.34,5023.5,BE,-0.2,S418 BUY ICT Confluence 7R score=40,concepts=FVG+SWEEP buy=40 sell=0
2026-02-20T11:40:00+07:00,2026-02-20T11:55:00+07:00,SELL,4998.89,5003.86,4964.58,BE,-0.2,S418 SELL ICT Confluence 7R score=40,concepts=OB+SWEEP buy=0 sell=40
2026-02-20T18:50:00+07:00,2026-02-20T18:55:00+07:00,BUY,5020.22,5015.92,5050.88,SL,-4.5,S418 BUY ICT Confluence 7R score=40,concepts=FVG+SWEEP buy=40 sell=0
2026-02-20T20:25:00+07:00,2026-02-20T20:35:00+07:00,SELL,5028.62,5032.43,5002.03,BE,-0.2,S418 SELL ICT Confluence 7R score=40,concepts=OB+SWEEP buy=0 sell=40
2026-02-21T01:25:00+07:00,2026-02-21T03:55:00+07:00,BUY,5058.74,5053.4,5096.04,TP,37.1,S418 BUY ICT Confluence 7R score=60,concepts=FVG+OB+SWEEP buy=60 sell=0
2026-02-23T12:05:00+07:00,2026-02-23T12:15:00+07:00,BUY,5156.22,5151.82,5187.34,BE,-0.2,S418 BUY ICT Confluence 7R score=40,concepts=OB+SWEEP buy=40 sell=0
2026-02-23T13:30:00+07:00,2026-02-23T13:40:00+07:00,BUY,5155.24,5151.7,5185.94,BE,-0.2,S418 BUY ICT Confluence 7R score=40,concepts=OB+SWEEP buy=40 sell=20
2026-02-23T15:25:00+07:00,2026-02-23T15:40:00+07:00,BUY,5125.31,5122.22,5147.02,BE,-0.2,S418 BUY ICT Confluence 7R score=40,concepts=FVG+SWEEP buy=40 sell=0
2026-02-23T16:20:00+07:00,2026-02-23T16:25:00+07:00,SELL,5146.69,5149.07,5130.11,SL,-2.58,S418 SELL ICT Confluence 7R score=40,concepts=FVG+SWEEP buy=0 sell=40
2026-02-24T06:50:00+07:00,2026-02-24T07:00:00+07:00,BUY,5234.79,5225.78,5297.06,BE,-0.2,S418 BUY ICT Confluence 7R score=40,concepts=FVG+OB buy=40 sell=0
2026-02-24T11:05:00+07:00,2026-02-24T11:15:00+07:00,BUY,5168.91,5160.58,5226.98,BE,-0.2,S418 BUY ICT Confluence 7R score=40,concepts=OB+SWEEP buy=40 sell=0
2026-02-24T12:30:00+07:00,2026-02-24T12:40:00+07:00,SELL,5172.33,5177.91,5133.11,BE,-0.2,S418 SELL ICT Confluence 7R score=40,concepts=FVG+OB buy=0 sell=40
2026-02-24T12:45:00+07:00,2026-02-24T12:50:00+07:00,SELL,5174.68,5177.77,5153.13,SL,-3.29,S418 SELL ICT Confluence 7R score=40,concepts=OB+SWEEP buy=0 sell=40
2026-02-24T13:00:00+07:00,2026-02-24T13:10:00+07:00,SELL,5180.37,5186.08,5140.96,BE,-0.2,S418 SELL ICT Confluence 7R score=40,concepts=FVG+SWEEP buy=0 sell=40
2026-02-24T14:15:00+07:00,2026-02-24T14:25:00+07:00,SELL,5178.83,5186.25,5126.97,BE,-0.2,S418 SELL ICT Confluence 7R score=40,concepts=FVG+OB buy=20 sell=40
2026-02-24T16:00:00+07:00,2026-02-24T16:10:00+07:00,SELL,5176.71,5184.41,5122.73,BE,-0.2,S418 SELL ICT Confluence 7R score=40,concepts=FVG+OB buy=0 sell=40
2026-02-24T17:00:00+07:00,2026-02-24T17:20:00+07:00,SELL,5175.98,5182.35,5131.23,BE,-0.2,S418 SELL ICT Confluence 7R score=40,concepts=FVG+OB buy=0 sell=40
2026-02-24T18:00:00+07:00,2026-02-24T18:10:00+07:00,SELL,5175.71,5181.59,5134.63,BE,-0.2,S418 SELL ICT Confluence 7R score=40,concepts=FVG+OB buy=0 sell=40
2026-02-24T19:55:00+07:00,2026-02-24T20:30:00+07:00,BUY,5150.72,5145.47,5187.87,BE,-0.2,S418 BUY ICT Confluence 7R score=40,concepts=OB+SWEEP buy=40 sell=0
2026-02-25T04:35:00+07:00,2026-02-25T04:45:00+07:00,BUY,5149.38,5145.48,5179.64,BE,-0.2,S418 BUY ICT Confluence 7R score=40,concepts=OB+SWEEP buy=40 sell=0
2026-02-25T07:35:00+07:00,2026-02-25T07:40:00+07:00,SELL,5152.05,5155.33,5129.01,SL,-3.48,S418 SELL ICT Confluence 7R score=60,concepts=FVG+OB+SWEEP buy=0 sell=60
2026-02-25T07:55:00+07:00,2026-02-25T08:00:00+07:00,SELL,5152.22,5157.12,5118.72,SL,-5.1,S418 SELL ICT Confluence 7R score=60,concepts=FVG+OB+SWEEP buy=0 sell=60
2026-02-25T14:50:00+07:00,2026-02-25T16:00:00+07:00,BUY,5182.72,5180.0,5201.6,BE,-0.2,S418 BUY ICT Confluence 7R score=40,concepts=FVG+SWEEP buy=40 sell=0
2026-02-25T19:25:00+07:00,2026-02-25T19:35:00+07:00,SELL,5183.57,5187.95,5153.23,BE,-0.2,S418 SELL ICT Confluence 7R score=40,concepts=OB+SWEEP buy=0 sell=40
2026-02-25T20:10:00+07:00,2026-02-25T20:20:00+07:00,SELL,5187.51,5190.23,5165.59,BE,-0.2,S418 SELL ICT Confluence 7R score=40,concepts=FVG+SWEEP buy=0 sell=40
2026-02-26T02:50:00+07:00,2026-02-26T03:00:00+07:00,SELL,5205.49,5208.99,5178.83,BE,-0.2,S418 SELL ICT Confluence 7R score=40,concepts=OB+SWEEP buy=0 sell=40
2026-02-26T03:35:00+07:00,2026-02-26T03:40:00+07:00,BUY,5183.38,5179.82,5208.46,SL,-3.76,S418 BUY ICT Confluence 7R score=40,concepts=FVG+SWEEP buy=40 sell=0
2026-02-26T07:20:00+07:00,2026-02-26T07:25:00+07:00,SELL,5180.85,5183.64,5161.4,SL,-2.99,S418 SELL ICT Confluence 7R score=40,concepts=OB+SWEEP buy=0 sell=40
2026-02-26T08:15:00+07:00,2026-02-26T08:35:00+07:00,SELL,5189.38,5199.29,5120.17,BE,-0.2,S418 SELL ICT Confluence 7R score=40,concepts=FVG+OB buy=0 sell=40
2026-02-26T08:40:00+07:00,2026-02-26T08:50:00+07:00,SELL,5189.55,5199.25,5120.93,BE,-0.2,S418 SELL ICT Confluence 7R score=40,concepts=FVG+OB buy=0 sell=40
2026-02-26T08:55:00+07:00,2026-02-26T10:15:00+07:00,SELL,5191.57,5199.27,5137.75,BE,-0.2,S418 SELL ICT Confluence 7R score=40,concepts=FVG+OB buy=0 sell=40
2026-02-26T10:20:00+07:00,2026-02-26T10:50:00+07:00,SELL,5190.97,5196.2,5155.0,BE,-0.2,S418 SELL ICT Confluence 7R score=40,concepts=FVG+OB buy=0 sell=40
2026-02-26T12:10:00+07:00,2026-02-26T12:15:00+07:00,SELL,5198.01,5199.99,5183.99,SL,-2.18,S418 SELL ICT Confluence 7R score=40,concepts=FVG+SWEEP buy=0 sell=40
2026-02-26T14:10:00+07:00,2026-02-26T14:20:00+07:00,BUY,5187.49,5181.75,5227.59,BE,-0.2,S418 BUY ICT Confluence 7R score=40,concepts=OB+SWEEP buy=40 sell=0
2026-02-26T14:50:00+07:00,2026-02-26T15:00:00+07:00,BUY,5183.67,5179.22,5214.58,BE,-0.2,S418 BUY ICT Confluence 7R score=40,concepts=OB+SWEEP buy=40 sell=0
2026-02-26T15:05:00+07:00,2026-02-26T15:25:00+07:00,BUY,5183.77,5178.88,5218.32,BE,-0.2,S418 BUY ICT Confluence 7R score=40,concepts=OB+SWEEP buy=40 sell=0
2026-02-26T17:35:00+07:00,2026-02-26T17:45:00+07:00,BUY,5176.33,5171.39,5209.79,BE,-0.2,S418 BUY ICT Confluence 7R score=40,concepts=OB+SWEEP buy=40 sell=0
2026-02-26T19:25:00+07:00,2026-02-26T19:30:00+07:00,SELL,5178.47,5180.72,5162.64,SL,-2.45,S418 SELL ICT Confluence 7R score=40,concepts=FVG+SWEEP buy=20 sell=40
2026-02-27T04:35:00+07:00,2026-02-27T04:50:00+07:00,BUY,5186.89,5184.04,5208.76,BE,-0.2,S418 BUY ICT Confluence 7R score=40,concepts=OB+SWEEP buy=40 sell=0
2026-02-27T11:55:00+07:00,2026-02-27T12:20:00+07:00,BUY,5181.74,5180.7,5189.18,TP,7.24,S418 BUY ICT Confluence 7R score=40,concepts=FVG+SWEEP buy=40 sell=20
2026-02-27T13:10:00+07:00,2026-02-27T17:00:00+07:00,SELL,5197.11,5200.79,5171.67,TP,25.24,S418 SELL ICT Confluence 7R score=40,concepts=FVG+OB buy=0 sell=40
2026-02-27T22:50:00+07:00,2026-02-27T22:55:00+07:00,SELL,5234.72,5244.48,5164.48,SL,-9.96,S418 SELL ICT Confluence 7R score=40,concepts=OB+SWEEP buy=0 sell=40
2026-02-28T01:40:00+07:00,2026-02-28T01:45:00+07:00,SELL,5239.77,5240.64,5233.84,SL,-1.07,S418 SELL ICT Confluence 7R score=40,concepts=FVG+OB buy=20 sell=40
2026-02-28T03:40:00+07:00,2026-02-28T03:50:00+07:00,SELL,5259.95,5263.68,5234.72,SL,-3.93,S418 SELL ICT Confluence 7R score=40,concepts=OB+SWEEP buy=0 sell=40
2026-03-02T10:20:00+07:00,2026-03-02T10:30:00+07:00,SELL,5356.99,5360.29,5334.45,BE,-0.2,S418 SELL ICT Confluence 7R score=40,concepts=FVG+SWEEP buy=0 sell=40
2026-03-02T13:00:00+07:00,2026-03-02T13:05:00+07:00,SELL,5365.29,5367.15,5352.35,SL,-2.06,S418 SELL ICT Confluence 7R score=40,concepts=OB+SWEEP buy=0 sell=40
2026-03-02T16:10:00+07:00,2026-03-02T16:20:00+07:00,BUY,5394.72,5388.86,5435.5,BE,-0.2,S418 BUY ICT Confluence 7R score=40,concepts=FVG+SWEEP buy=40 sell=0
2026-03-02T18:45:00+07:00,2026-03-02T18:55:00+07:00,BUY,5381.04,5374.59,5426.11,BE,-0.2,S418 BUY ICT Confluence 7R score=40,concepts=FVG+SWEEP buy=40 sell=0
2026-03-03T06:05:00+07:00,2026-03-03T06:15:00+07:00,SELL,5337.39,5347.43,5266.63,BE,-0.2,S418 SELL ICT Confluence 7R score=40,concepts=OB+SWEEP buy=0 sell=40
2026-03-03T07:30:00+07:00,2026-03-03T07:40:00+07:00,SELL,5356.19,5362.77,5309.97,BE,-0.2,S418 SELL ICT Confluence 7R score=40,concepts=FVG+SWEEP buy=0 sell=40
2026-03-03T12:35:00+07:00,2026-03-03T12:45:00+07:00,BUY,5337.89,5333.9,5368.3,BE,-0.2,S418 BUY ICT Confluence 7R score=40,concepts=FVG+OB buy=40 sell=20
2026-03-03T15:40:00+07:00,2026-03-03T15:50:00+07:00,BUY,5305.16,5295.18,5375.42,BE,-0.2,S418 BUY ICT Confluence 7R score=40,concepts=OB+SWEEP buy=40 sell=0
2026-03-03T16:05:00+07:00,2026-03-03T16:15:00+07:00,BUY,5295.44,5283.83,5378.87,BE,-0.2,S418 BUY ICT Confluence 7R score=40,concepts=OB+SWEEP buy=40 sell=0
2026-03-03T16:20:00+07:00,2026-03-03T16:25:00+07:00,BUY,5285.31,5280.07,5322.95,SL,-5.44,S418 BUY ICT Confluence 7R score=40,concepts=OB+SWEEP buy=40 sell=0
2026-03-03T23:35:00+07:00,2026-03-04T01:35:00+07:00,SELL,5123.65,5136.32,5034.8,BE,-0.2,S418 SELL ICT Confluence 7R score=40,concepts=OB+SWEEP buy=0 sell=40
2026-03-04T03:20:00+07:00,2026-03-04T06:45:00+07:00,SELL,5129.51,5149.93,4986.01,BE,-0.2,S418 SELL ICT Confluence 7R score=40,concepts=FVG+OB buy=0 sell=40
2026-03-04T10:00:00+07:00,2026-03-04T10:15:00+07:00,BUY,5143.14,5140.82,5158.5,TP,15.16,S418 BUY ICT Confluence 7R score=40,concepts=FVG+SWEEP buy=40 sell=0
2026-03-04T12:50:00+07:00,2026-03-04T13:00:00+07:00,BUY,5158.16,5151.07,5207.23,BE,-0.2,S418 BUY ICT Confluence 7R score=40,concepts=FVG+OB buy=40 sell=0
2026-03-04T19:15:00+07:00,2026-03-04T19:25:00+07:00,BUY,5183.83,5177.16,5230.44,SL,-6.87,S418 BUY ICT Confluence 7R score=40,concepts=FVG+SWEEP buy=40 sell=0
2026-03-04T21:55:00+07:00,2026-03-04T22:05:00+07:00,BUY,5147.67,5137.45,5219.37,BE,-0.2,S418 BUY ICT Confluence 7R score=40,concepts=FVG+SWEEP buy=40 sell=0
2026-03-05T03:30:00+07:00,2026-03-05T03:35:00+07:00,SELL,5137.9,5140.98,5116.18,SL,-3.28,S418 SELL ICT Confluence 7R score=40,concepts=FVG+SWEEP buy=0 sell=40
2026-03-05T03:45:00+07:00,2026-03-05T04:00:00+07:00,SELL,5139.85,5147.16,5087.8,BE,-0.2,S418 SELL ICT Confluence 7R score=40,concepts=FVG+SWEEP buy=0 sell=40
2026-03-05T08:10:00+07:00,2026-03-05T08:25:00+07:00,SELL,5176.55,5187.03,5103.11,BE,-0.2,S418 SELL ICT Confluence 7R score=40,concepts=OB+SWEEP buy=0 sell=40
2026-03-05T19:25:00+07:00,2026-03-05T19:45:00+07:00,BUY,5162.01,5156.08,5203.6,BE,-0.2,S418 BUY ICT Confluence 7R score=40,concepts=FVG+OB buy=40 sell=0
2026-03-05T23:30:00+07:00,2026-03-05T23:40:00+07:00,BUY,5063.67,5053.04,5140.32,BE,-0.2,S418 BUY ICT Confluence 7R score=40,concepts=OB+SWEEP buy=40 sell=0
2026-03-06T01:00:00+07:00,2026-03-06T01:20:00+07:00,BUY,5065.21,5050.07,5169.91,BE,-0.2,S418 BUY ICT Confluence 7R score=40,concepts=OB+SWEEP buy=40 sell=0
2026-03-06T08:00:00+07:00,2026-03-06T08:10:00+07:00,BUY,5075.52,5065.81,5143.97,BE,-0.2,S418 BUY ICT Confluence 7R score=40,concepts=FVG+SWEEP buy=40 sell=0
2026-03-06T11:55:00+07:00,2026-03-06T12:00:00+07:00,BUY,5127.51,5126.13,5137.89,SL,-1.58,S418 BUY ICT Confluence 7R score=40,concepts=FVG+SWEEP buy=40 sell=0
2026-03-06T12:10:00+07:00,2026-03-06T12:20:00+07:00,BUY,5126.62,5122.52,5155.4,BE,-0.2,S418 BUY ICT Confluence 7R score=40,concepts=FVG+SWEEP buy=40 sell=20
2026-03-06T12:30:00+07:00,2026-03-06T12:35:00+07:00,BUY,5124.88,5121.26,5150.7,SL,-3.82,S418 BUY ICT Confluence 7R score=40,concepts=FVG+SWEEP buy=40 sell=20
2026-03-06T12:55:00+07:00,2026-03-06T13:00:00+07:00,BUY,5117.24,5113.62,5141.62,SL,-3.82,S418 BUY ICT Confluence 7R score=40,concepts=FVG+SWEEP buy=40 sell=0
2026-03-06T13:05:00+07:00,2026-03-06T13:35:00+07:00,BUY,5117.35,5108.62,5178.54,BE,-0.2,S418 BUY ICT Confluence 7R score=40,concepts=FVG+SWEEP buy=40 sell=0
2026-03-06T15:30:00+07:00,2026-03-06T15:40:00+07:00,BUY,5105.82,5095.96,5174.76,BE,-0.2,S418 BUY ICT Confluence 7R score=40,concepts=FVG+SWEEP buy=40 sell=0
2026-03-06T16:20:00+07:00,2026-03-06T16:35:00+07:00,BUY,5095.75,5091.36,5126.4,BE,-0.2,S418 BUY ICT Confluence 7R score=40,concepts=FVG+SWEEP buy=40 sell=0
2026-03-06T16:40:00+07:00,2026-03-06T16:50:00+07:00,BUY,5096.14,5087.08,5160.68,BE,-0.2,S418 BUY ICT Confluence 7R score=40,concepts=FVG+SWEEP buy=40 sell=0
2026-03-06T17:05:00+07:00,2026-03-06T17:15:00+07:00,BUY,5086.25,5074.94,5165.26,BE,-0.2,S418 BUY ICT Confluence 7R score=40,concepts=OB+SWEEP buy=40 sell=0
2026-03-09T05:40:00+07:00,2026-03-09T05:50:00+07:00,BUY,5125.8,5104.41,5270.25,BE,-0.2,S418 BUY ICT Confluence 7R score=40,concepts=FVG+SWEEP buy=40 sell=0
2026-03-09T09:15:00+07:00,2026-03-09T09:25:00+07:00,SELL,5078.69,5096.82,4952.5,BE,-0.2,S418 SELL ICT Confluence 7R score=40,concepts=FVG+SWEEP buy=20 sell=40
2026-03-09T09:30:00+07:00,2026-03-09T09:55:00+07:00,SELL,5081.73,5096.53,4978.45,SL,-15.0,S418 SELL ICT Confluence 7R score=40,concepts=FVG+OB buy=0 sell=40
2026-03-09T10:00:00+07:00,2026-03-09T10:15:00+07:00,SELL,5092.39,5100.59,5035.07,BE,-0.2,S418 SELL ICT Confluence 7R score=40,concepts=OB+SWEEP buy=0 sell=40
2026-03-09T11:40:00+07:00,2026-03-09T12:00:00+07:00,BUY,5090.4,5081.07,5155.23,SL,-9.53,S418 BUY ICT Confluence 7R score=40,concepts=FVG+OB buy=40 sell=20
2026-03-09T12:20:00+07:00,2026-03-09T12:30:00+07:00,SELL,5094.83,5104.91,5026.03,BE,-0.2,S418 SELL ICT Confluence 7R score=40,concepts=OB+SWEEP buy=20 sell=40
2026-03-09T17:35:00+07:00,2026-03-09T17:45:00+07:00,BUY,5093.83,5088.29,5131.97,BE,-0.2,S418 BUY ICT Confluence 7R score=40,concepts=OB+SWEEP buy=40 sell=0
2026-03-09T19:35:00+07:00,2026-03-09T20:20:00+07:00,SELL,5109.71,5112.85,5086.29,TP,23.22,S418 SELL ICT Confluence 7R score=40,concepts=FVG+SWEEP buy=0 sell=40
2026-03-09T22:20:00+07:00,2026-03-09T22:40:00+07:00,SELL,5097.72,5117.36,4960.16,BE,-0.2,S418 SELL ICT Confluence 7R score=40,concepts=FVG+OB buy=0 sell=40
2026-03-09T23:00:00+07:00,2026-03-09T23:10:00+07:00,SELL,5106.52,5117.0,5033.32,BE,-0.2,S418 SELL ICT Confluence 7R score=40,concepts=FVG+OB buy=0 sell=40
2026-03-09T23:40:00+07:00,2026-03-09T23:50:00+07:00,SELL,5107.34,5111.3,5079.3,BE,-0.2,S418 SELL ICT Confluence 7R score=40,concepts=FVG+SWEEP buy=0 sell=40
2026-03-10T00:10:00+07:00,2026-03-10T00:20:00+07:00,BUY,5099.77,5092.5,5151.14,BE,-0.2,S418 BUY ICT Confluence 7R score=40,concepts=FVG+OB buy=40 sell=0
2026-03-10T01:45:00+07:00,2026-03-10T01:50:00+07:00,SELL,5116.36,5120.77,5085.17,SL,-4.61,S418 SELL ICT Confluence 7R score=40,concepts=FVG+SWEEP buy=0 sell=40
2026-03-10T03:00:00+07:00,2026-03-10T03:05:00+07:00,SELL,5139.56,5146.56,5085.12,SL,-7.2,S418 SELL ICT Confluence 7R score=40,concepts=OB+SWEEP buy=0 sell=40
2026-03-10T05:00:00+07:00,2026-03-10T05:15:00+07:00,BUY,5127.58,5119.01,5186.77,BE,-0.2,S418 BUY ICT Confluence 7R score=40,concepts=FVG+OB buy=40 sell=0
2026-03-10T06:20:00+07:00,2026-03-10T06:30:00+07:00,SELL,5146.07,5156.93,5069.97,BE,-0.2,S418 SELL ICT Confluence 7R score=40,concepts=OB+SWEEP buy=0 sell=40
2026-03-10T07:35:00+07:00,2026-03-10T07:45:00+07:00,BUY,5133.01,5124.36,5193.4,BE,-0.2,S418 BUY ICT Confluence 7R score=40,concepts=OB+SWEEP buy=40 sell=0
2026-03-10T12:50:00+07:00,2026-03-10T12:55:00+07:00,SELL,5175.62,5176.83,5166.99,SL,-1.41,S418 SELL ICT Confluence 7R score=40,concepts=FVG+OB buy=20 sell=40
2026-03-10T13:00:00+07:00,2026-03-10T13:10:00+07:00,SELL,5177.74,5181.21,5153.29,BE,-0.2,S418 SELL ICT Confluence 7R score=40,concepts=FVG+OB buy=0 sell=40
2026-03-10T17:15:00+07:00,2026-03-10T17:25:00+07:00,BUY,5178.23,5174.23,5206.31,BE,-0.2,S418 BUY ICT Confluence 7R score=40,concepts=OB+SWEEP buy=40 sell=0
2026-03-11T06:30:00+07:00,2026-03-11T06:55:00+07:00,SELL,5195.44,5198.52,5173.8,BE,-0.2,S418 SELL ICT Confluence 7R score=40,concepts=FVG+OB buy=20 sell=40
2026-03-11T07:30:00+07:00,2026-03-11T07:45:00+07:00,SELL,5209.43,5216.1,5161.3,BE,-0.2,S418 SELL ICT Confluence 7R score=40,concepts=FVG+SWEEP buy=0 sell=40
2026-03-11T09:00:00+07:00,2026-03-11T09:05:00+07:00,BUY,5202.3,5198.45,5224.77,SL,-4.05,S418 BUY ICT Confluence 7R score=40,concepts=FVG+OB buy=40 sell=20
2026-03-11T09:10:00+07:00,2026-03-11T10:50:00+07:00,BUY,5201.55,5193.44,5258.24,BE,-0.2,S418 BUY ICT Confluence 7R score=60,concepts=FVG+OB+SWEEP buy=60 sell=0
2026-03-11T16:35:00+07:00,2026-03-11T19:30:00+07:00,SELL,5196.04,5199.29,5173.37,BE,-0.2,S418 SELL ICT Confluence 7R score=40,concepts=FVG+OB buy=0 sell=40
2026-03-11T23:05:00+07:00,2026-03-11T23:15:00+07:00,BUY,5166.05,5163.06,5186.9,BE,-0.2,S418 BUY ICT Confluence 7R score=40,concepts=OB+SWEEP buy=40 sell=0
2026-03-12T02:35:00+07:00,2026-03-12T02:40:00+07:00,SELL,5177.97,5178.72,5172.8,SL,-0.95,S418 SELL ICT Confluence 7R score=40,concepts=OB+SWEEP buy=0 sell=40
2026-03-12T02:45:00+07:00,2026-03-12T02:50:00+07:00,SELL,5178.14,5180.36,5162.2,SL,-2.42,S418 SELL ICT Confluence 7R score=40,concepts=OB+SWEEP buy=0 sell=40
2026-03-12T03:00:00+07:00,2026-03-12T05:00:00+07:00,SELL,5179.84,5183.99,5151.27,BE,-0.2,S418 SELL ICT Confluence 7R score=40,concepts=OB+SWEEP buy=0 sell=40
2026-03-12T08:00:00+07:00,2026-03-12T08:10:00+07:00,SELL,5158.81,5167.59,5096.79,BE,-0.2,S418 SELL ICT Confluence 7R score=40,concepts=OB+SWEEP buy=0 sell=40
2026-03-12T08:50:00+07:00,2026-03-12T09:00:00+07:00,SELL,5167.29,5173.58,5124.06,BE,-0.2,S418 SELL ICT Confluence 7R score=40,concepts=OB+SWEEP buy=20 sell=40
2026-03-12T11:30:00+07:00,2026-03-12T11:35:00+07:00,BUY,5148.39,5145.45,5168.89,SL,-3.14,S418 BUY ICT Confluence 7R score=40,concepts=FVG+OB buy=40 sell=0
2026-03-12T18:25:00+07:00,2026-03-12T18:35:00+07:00,BUY,5176.51,5172.39,5205.27,BE,-0.2,S418 BUY ICT Confluence 7R score=40,concepts=FVG+OB buy=40 sell=0
2026-03-12T18:45:00+07:00,2026-03-12T18:55:00+07:00,BUY,5178.37,5172.4,5219.68,BE,-0.2,S418 BUY ICT Confluence 7R score=40,concepts=FVG+OB buy=40 sell=0
2026-03-12T19:00:00+07:00,2026-03-12T19:05:00+07:00,BUY,5174.54,5172.41,5189.53,SL,-2.33,S418 BUY ICT Confluence 7R score=40,concepts=FVG+OB buy=40 sell=0
2026-03-12T21:30:00+07:00,2026-03-12T21:35:00+07:00,BUY,5146.67,5142.89,5173.29,SL,-3.98,S418 BUY ICT Confluence 7R score=40,concepts=FVG+SWEEP buy=40 sell=0
2026-03-13T06:00:00+07:00,2026-03-13T06:15:00+07:00,SELL,5092.99,5096.74,5066.66,BE,-0.2,S418 SELL ICT Confluence 7R score=40,concepts=OB+SWEEP buy=20 sell=40
2026-03-13T10:25:00+07:00,2026-03-13T10:35:00+07:00,BUY,5110.45,5107.84,5129.04,BE,-0.2,S418 BUY ICT Confluence 7R score=40,concepts=FVG+SWEEP buy=40 sell=0
2026-03-13T11:35:00+07:00,2026-03-13T11:45:00+07:00,BUY,5104.63,5102.29,5120.21,BE,-0.2,S418 BUY ICT Confluence 7R score=40,concepts=FVG+SWEEP buy=40 sell=0
2026-03-13T13:50:00+07:00,2026-03-13T14:00:00+07:00,BUY,5088.17,5085.1,5109.9,BE,-0.2,S418 BUY ICT Confluence 7R score=40,concepts=FVG+SWEEP buy=40 sell=0
2026-03-13T15:05:00+07:00,2026-03-13T15:15:00+07:00,BUY,5072.68,5065.99,5119.91,BE,-0.2,S418 BUY ICT Confluence 7R score=40,concepts=OB+SWEEP buy=40 sell=0
2026-03-13T21:00:00+07:00,2026-03-13T21:10:00+07:00,BUY,5105.51,5095.24,5177.32,BE,-0.2,S418 BUY ICT Confluence 7R score=40,concepts=FVG+SWEEP buy=40 sell=0
2026-03-13T21:20:00+07:00,2026-03-13T21:30:00+07:00,BUY,5090.92,5081.95,5153.87,BE,-0.2,S418 BUY ICT Confluence 7R score=40,concepts=FVG+SWEEP buy=40 sell=0
2026-03-14T02:10:00+07:00,2026-03-14T02:15:00+07:00,BUY,5040.01,5033.64,5083.64,SL,-6.57,S418 BUY ICT Confluence 7R score=40,concepts=FVG+SWEEP buy=40 sell=0
2026-03-16T14:15:00+07:00,2026-03-16T14:25:00+07:00,BUY,5007.08,5000.32,5054.56,BE,-0.2,S418 BUY ICT Confluence 7R score=40,concepts=OB+SWEEP buy=40 sell=0
2026-03-16T14:35:00+07:00,2026-03-16T14:50:00+07:00,BUY,4998.49,4991.38,5048.74,BE,-0.2,S418 BUY ICT Confluence 7R score=40,concepts=FVG+SWEEP buy=40 sell=20
2026-03-16T17:55:00+07:00,2026-03-16T18:00:00+07:00,SELL,4998.73,5000.2,4988.6,SL,-1.67,S418 SELL ICT Confluence 7R score=40,concepts=FVG+OB buy=0 sell=40
2026-03-16T22:25:00+07:00,2026-03-16T22:50:00+07:00,BUY,4991.93,4984.67,5042.67,BE,-0.2,S418 BUY ICT Confluence 7R score=40,concepts=FVG+SWEEP buy=40 sell=0
2026-03-16T22:55:00+07:00,2026-03-16T23:25:00+07:00,BUY,4986.99,4983.04,5014.56,BE,-0.2,S418 BUY ICT Confluence 7R score=40,concepts=FVG+SWEEP buy=40 sell=0
2026-03-17T03:05:00+07:00,2026-03-17T03:10:00+07:00,SELL,5018.62,5021.05,5001.53,SL,-2.63,S418 SELL ICT Confluence 7R score=40,concepts=FVG+SWEEP buy=0 sell=40
2026-03-17T03:20:00+07:00,2026-03-17T08:35:00+07:00,SELL,5016.3,5022.13,4973.25,BE,-0.2,S418 SELL ICT Confluence 7R score=40,concepts=FVG+OB buy=20 sell=40
2026-03-17T12:50:00+07:00,2026-03-17T12:55:00+07:00,BUY,5026.8,5022.23,5058.55,SL,-4.77,S418 BUY ICT Confluence 7R score=40,concepts=FVG+SWEEP buy=40 sell=0
2026-03-17T13:10:00+07:00,2026-03-17T13:20:00+07:00,BUY,5013.05,5006.29,5060.29,SL,-6.96,S418 BUY ICT Confluence 7R score=40,concepts=OB+SWEEP buy=40 sell=0
2026-03-17T19:10:00+07:00,2026-03-17T19:15:00+07:00,SELL,5008.67,5011.86,4986.9,SL,-3.39,S418 SELL ICT Confluence 7R score=40,concepts=FVG+OB buy=0 sell=40
2026-03-18T03:05:00+07:00,2026-03-18T07:00:00+07:00,SELL,5005.65,5008.77,4983.73,BE,-0.2,S418 SELL ICT Confluence 7R score=40,concepts=FVG+OB buy=0 sell=40
2026-03-18T08:10:00+07:00,2026-03-18T13:30:00+07:00,SELL,5011.56,5016.22,4978.86,BE,-0.2,S418 SELL ICT Confluence 7R score=40,concepts=OB+SWEEP buy=0 sell=40
2026-03-18T15:25:00+07:00,2026-03-18T15:35:00+07:00,BUY,4989.12,4983.04,5031.2,BE,-0.2,S418 BUY ICT Confluence 7R score=40,concepts=OB+SWEEP buy=40 sell=0
2026-03-18T18:30:00+07:00,2026-03-18T18:40:00+07:00,BUY,4956.49,4945.22,5032.02,SL,-11.47,S418 BUY ICT Confluence 7R score=40,concepts=OB+SWEEP buy=40 sell=0
2026-03-19T00:15:00+07:00,2026-03-19T00:20:00+07:00,SELL,4889.63,4890.92,4880.68,SL,-1.49,S418 SELL ICT Confluence 7R score=40,concepts=FVG+OB buy=0 sell=40
2026-03-19T00:40:00+07:00,2026-03-19T01:00:00+07:00,SELL,4894.59,4899.61,4859.13,BE,-0.2,S418 SELL ICT Confluence 7R score=40,concepts=OB+SWEEP buy=0 sell=40
2026-03-19T06:25:00+07:00,2026-03-19T06:35:00+07:00,SELL,4836.84,4841.74,4802.46,BE,-0.2,S418 SELL ICT Confluence 7R score=40,concepts=FVG+SWEEP buy=0 sell=40
2026-03-19T22:45:00+07:00,2026-03-19T23:50:00+07:00,BUY,4583.84,4564.42,4719.3,BE,-0.2,S418 BUY ICT Confluence 7R score=40,concepts=FVG+SWEEP buy=40 sell=0
2026-03-19T23:55:00+07:00,2026-03-20T00:05:00+07:00,BUY,4584.94,4564.67,4726.75,BE,-0.2,S418 BUY ICT Confluence 7R score=40,concepts=FVG+OB buy=40 sell=0
2026-03-20T00:20:00+07:00,2026-03-20T00:30:00+07:00,SELL,4610.69,4628.0,4489.2,BE,-0.2,S418 SELL ICT Confluence 7R score=40,concepts=FVG+OB buy=20 sell=40
2026-03-20T00:50:00+07:00,2026-03-20T02:00:00+07:00,SELL,4624.77,4631.09,4581.57,BE,-0.2,S418 SELL ICT Confluence 7R score=40,concepts=OB+SWEEP buy=20 sell=40
2026-03-20T05:00:00+07:00,2026-03-20T05:05:00+07:00,SELL,4658.79,4663.46,4626.1,SL,-4.87,S418 SELL ICT Confluence 7R score=40,concepts=OB+SWEEP buy=0 sell=40
2026-03-20T06:45:00+07:00,2026-03-20T06:55:00+07:00,BUY,4644.4,4633.6,4720.08,BE,-0.2,S418 BUY ICT Confluence 7R score=40,concepts=OB+SWEEP buy=40 sell=20
2026-03-20T13:10:00+07:00,2026-03-20T13:20:00+07:00,BUY,4691.38,4683.99,4743.19,BE,-0.2,S418 BUY ICT Confluence 7R score=40,concepts=FVG+SWEEP buy=40 sell=0
2026-03-20T13:25:00+07:00,2026-03-20T13:30:00+07:00,BUY,4688.0,4679.2,4749.52,SL,-9.0,S418 BUY ICT Confluence 7R score=40,concepts=FVG+SWEEP buy=40 sell=0
2026-03-20T13:45:00+07:00,2026-03-20T13:55:00+07:00,BUY,4667.92,4660.23,4721.83,BE,-0.2,S418 BUY ICT Confluence 7R score=40,concepts=FVG+SWEEP buy=40 sell=0
2026-03-20T16:55:00+07:00,2026-03-20T17:00:00+07:00,BUY,4667.64,4658.87,4728.55,SL,-8.97,S418 BUY ICT Confluence 7R score=40,concepts=FVG+SWEEP buy=40 sell=0
2026-03-20T18:00:00+07:00,2026-03-20T20:10:00+07:00,BUY,4654.27,4635.86,4783.38,BE,-0.2,S418 BUY ICT Confluence 7R score=40,concepts=OB+SWEEP buy=40 sell=0
2026-03-20T21:55:00+07:00,2026-03-20T22:05:00+07:00,BUY,4564.1,4546.12,4689.16,BE,-0.2,S418 BUY ICT Confluence 7R score=40,concepts=OB+SWEEP buy=40 sell=0
2026-03-20T22:25:00+07:00,2026-03-20T22:35:00+07:00,BUY,4562.8,4539.01,4729.41,BE,-0.2,S418 BUY ICT Confluence 7R score=40,concepts=OB+SWEEP buy=40 sell=0
2026-03-21T01:05:00+07:00,2026-03-21T01:15:00+07:00,BUY,4567.72,4553.43,4667.83,BE,-0.2,S418 BUY ICT Confluence 7R score=40,concepts=FVG+OB buy=40 sell=0
2026-03-23T05:05:00+07:00,2026-03-23T05:15:00+07:00,SELL,4510.42,4518.35,4455.47,BE,-0.2,S418 SELL ICT Confluence 7R score=40,concepts=OB+SWEEP buy=20 sell=40
2026-03-23T15:15:00+07:00,2026-03-23T15:25:00+07:00,SELL,4220.17,4259.72,3942.44,BE,-0.2,S418 SELL ICT Confluence 7R score=40,concepts=OB+SWEEP buy=0 sell=40
2026-03-23T15:35:00+07:00,2026-03-23T15:55:00+07:00,SELL,4238.27,4273.71,3993.39,BE,-0.2,S418 SELL ICT Confluence 7R score=40,concepts=OB+SWEEP buy=0 sell=40
2026-03-23T16:00:00+07:00,2026-03-23T16:10:00+07:00,SELL,4253.59,4273.39,4114.91,BE,-0.2,S418 SELL ICT Confluence 7R score=40,concepts=FVG+OB buy=0 sell=40
2026-03-23T20:00:00+07:00,2026-03-23T20:10:00+07:00,SELL,4453.83,4495.56,4160.92,BE,-0.2,S418 SELL ICT Confluence 7R score=40,concepts=OB+SWEEP buy=20 sell=40
2026-03-23T21:15:00+07:00,2026-03-23T21:20:00+07:00,SELL,4490.26,4497.92,4436.24,SL,-7.86,S418 SELL ICT Confluence 7R score=40,concepts=OB+SWEEP buy=0 sell=40
2026-03-23T21:25:00+07:00,2026-03-23T21:35:00+07:00,SELL,4486.51,4515.03,4289.35,BE,-0.2,S418 SELL ICT Confluence 7R score=40,concepts=OB+SWEEP buy=0 sell=40
2026-03-23T22:55:00+07:00,2026-03-23T23:05:00+07:00,BUY,4363.81,4348.94,4467.74,BE,-0.2,S418 BUY ICT Confluence 7R score=40,concepts=FVG+OB buy=40 sell=20
2026-03-23T23:15:00+07:00,2026-03-23T23:25:00+07:00,BUY,4370.49,4348.65,4523.61,BE,-0.2,S418 BUY ICT Confluence 7R score=40,concepts=FVG+OB buy=40 sell=0
2026-03-24T06:15:00+07:00,2026-03-24T06:25:00+07:00,SELL,4436.96,4446.03,4373.23,BE,-0.2,S418 SELL ICT Confluence 7R score=40,concepts=OB+SWEEP buy=0 sell=40
2026-03-24T06:50:00+07:00,2026-03-24T07:00:00+07:00,SELL,4444.45,4449.28,4408.72,BE,-0.2,S418 SELL ICT Confluence 7R score=40,concepts=FVG+OB buy=0 sell=40
2026-03-24T11:15:00+07:00,2026-03-24T11:20:00+07:00,BUY,4330.14,4329.07,4337.47,SL,-1.27,S418 BUY ICT Confluence 7R score=40,concepts=FVG+OB buy=40 sell=20
2026-03-24T12:00:00+07:00,2026-03-24T12:05:00+07:00,BUY,4327.97,4325.66,4344.22,SL,-2.51,S418 BUY ICT Confluence 7R score=40,concepts=FVG+OB buy=40 sell=0
2026-03-24T13:10:00+07:00,2026-03-24T13:20:00+07:00,SELL,4366.43,4377.05,4294.01,BE,-0.2,S418 SELL ICT Confluence 7R score=40,concepts=OB+SWEEP buy=0 sell=40
2026-03-24T21:35:00+07:00,2026-03-24T21:40:00+07:00,SELL,4407.64,4419.0,4326.2,SL,-11.56,S418 SELL ICT Confluence 7R score=40,concepts=OB+SWEEP buy=0 sell=40
2026-03-24T21:45:00+07:00,2026-03-24T21:50:00+07:00,SELL,4404.33,4422.01,4279.53,SL,-17.88,S418 SELL ICT Confluence 7R score=40,concepts=OB+SWEEP buy=0 sell=40
2026-03-25T05:50:00+07:00,2026-03-25T06:15:00+07:00,SELL,4471.67,4486.5,4368.98,SL,-15.03,S418 SELL ICT Confluence 7R score=40,concepts=FVG+OB buy=0 sell=40
2026-03-25T12:40:00+07:00,2026-03-25T15:20:00+07:00,SELL,4566.53,4575.19,4507.43,BE,-0.2,S418 SELL ICT Confluence 7R score=40,concepts=FVG+OB buy=0 sell=40
2026-03-25T16:45:00+07:00,2026-03-25T19:30:00+07:00,BUY,4538.05,4527.15,4614.43,BE,-0.2,S418 BUY ICT Confluence 7R score=40,concepts=OB+SWEEP buy=40 sell=20
2026-03-26T00:10:00+07:00,2026-03-26T00:20:00+07:00,BUY,4551.17,4542.73,4610.17,BE,-0.2,S418 BUY ICT Confluence 7R score=40,concepts=OB+SWEEP buy=40 sell=0
2026-03-26T01:20:00+07:00,2026-03-26T01:30:00+07:00,SELL,4555.27,4569.89,4453.65,BE,-0.2,S418 SELL ICT Confluence 7R score=40,concepts=FVG+OB buy=0 sell=40
2026-03-26T05:15:00+07:00,2026-03-26T05:30:00+07:00,BUY,4508.21,4493.86,4608.42,BE,-0.2,S418 BUY ICT Confluence 7R score=40,concepts=FVG+OB buy=40 sell=0
2026-03-26T09:30:00+07:00,2026-03-26T09:35:00+07:00,BUY,4523.58,4519.64,4551.08,SL,-4.14,S418 BUY ICT Confluence 7R score=40,concepts=FVG+SWEEP buy=40 sell=0
2026-03-26T10:20:00+07:00,2026-03-26T12:20:00+07:00,BUY,4504.47,4499.34,4540.22,BE,-0.2,S418 BUY ICT Confluence 7R score=40,concepts=FVG+SWEEP buy=40 sell=0
2026-03-26T18:15:00+07:00,2026-03-26T18:20:00+07:00,SELL,4447.23,4449.99,4429.91,SL,-2.96,S418 SELL ICT Confluence 7R score=40,concepts=FVG+SWEEP buy=0 sell=40
2026-03-26T18:45:00+07:00,2026-03-26T18:55:00+07:00,BUY,4426.4,4417.34,4489.5,BE,-0.2,S418 BUY ICT Confluence 7R score=40,concepts=FVG+OB buy=40 sell=0
2026-03-26T19:00:00+07:00,2026-03-26T20:00:00+07:00,BUY,4425.46,4418.29,4475.49,BE,-0.2,S418 BUY ICT Confluence 7R score=40,concepts=OB+SWEEP buy=40 sell=0
2026-03-26T20:35:00+07:00,2026-03-26T22:55:00+07:00,BUY,4434.62,4418.19,4549.71,BE,-0.2,S418 BUY ICT Confluence 7R score=40,concepts=FVG+OB buy=40 sell=20
2026-03-26T23:00:00+07:00,2026-03-26T23:10:00+07:00,BUY,4436.89,4425.01,4519.65,BE,-0.2,S418 BUY ICT Confluence 7R score=40,concepts=FVG+SWEEP buy=40 sell=0
2026-03-27T02:00:00+07:00,2026-03-27T02:15:00+07:00,SELL,4390.18,4399.96,4322.28,BE,-0.2,S418 SELL ICT Confluence 7R score=40,concepts=OB+SWEEP buy=20 sell=40
2026-03-27T03:40:00+07:00,2026-03-27T05:15:00+07:00,SELL,4405.92,4422.21,4291.81,BE,-0.2,S418 SELL ICT Confluence 7R score=40,concepts=FVG+SWEEP buy=20 sell=40
2026-03-27T05:30:00+07:00,2026-03-27T05:50:00+07:00,SELL,4406.38,4421.99,4297.03,BE,-0.2,S418 SELL ICT Confluence 7R score=40,concepts=FVG+OB buy=20 sell=40
2026-03-27T05:55:00+07:00,2026-03-27T08:30:00+07:00,SELL,4411.44,4421.71,4341.47,BE,-0.2,S418 SELL ICT Confluence 7R score=40,concepts=FVG+OB buy=0 sell=40
2026-03-27T08:45:00+07:00,2026-03-27T09:00:00+07:00,SELL,4412.83,4421.02,4355.74,SL,-8.39,S418 SELL ICT Confluence 7R score=60,concepts=FVG+OB+SWEEP buy=0 sell=60
2026-03-27T14:40:00+07:00,2026-03-27T14:50:00+07:00,BUY,4448.36,4446.02,4464.66,BE,-0.2,S418 BUY ICT Confluence 7R score=40,concepts=FVG+SWEEP buy=40 sell=0
2026-03-28T01:35:00+07:00,2026-03-28T01:45:00+07:00,SELL,4518.57,4529.6,4440.48,BE,-0.2,S418 SELL ICT Confluence 7R score=40,concepts=FVG+SWEEP buy=0 sell=40
2026-03-28T03:05:00+07:00,2026-03-28T03:15:00+07:00,BUY,4510.95,4500.05,4585.65,BE,-0.2,S418 BUY ICT Confluence 7R score=40,concepts=FVG+OB buy=40 sell=0
2026-03-28T03:40:00+07:00,2026-03-28T03:45:00+07:00,BUY,4505.77,4497.97,4560.29,SL,-8.0,S418 BUY ICT Confluence 7R score=40,concepts=OB+SWEEP buy=40 sell=0
2026-03-30T16:55:00+07:00,2026-03-30T17:05:00+07:00,SELL,4538.17,4541.08,4517.72,BE,-0.2,S418 SELL ICT Confluence 7R score=40,concepts=FVG+SWEEP buy=0 sell=40
2026-03-30T19:10:00+07:00,2026-03-30T19:15:00+07:00,SELL,4538.44,4541.24,4521.4,SL,-3.0,S418 SELL ICT Confluence 7R score=60,concepts=FVG+OB+SWEEP buy=0 sell=60
2026-03-30T19:25:00+07:00,2026-03-30T19:35:00+07:00,SELL,4543.33,4548.4,4507.28,BE,-0.2,S418 SELL ICT Confluence 7R score=40,concepts=OB+SWEEP buy=0 sell=40
2026-03-30T21:30:00+07:00,2026-03-30T21:40:00+07:00,BUY,4557.87,4544.83,4649.39,BE,-0.2,S418 BUY ICT Confluence 7R score=40,concepts=FVG+OB buy=40 sell=0
2026-03-30T22:20:00+07:00,2026-03-30T22:35:00+07:00,BUY,4522.64,4511.18,4602.94,BE,-0.2,S418 BUY ICT Confluence 7R score=40,concepts=FVG+SWEEP buy=40 sell=0
2026-03-31T06:00:00+07:00,2026-03-31T06:30:00+07:00,SELL,4517.02,4523.55,4470.27,BE,-0.2,S418 SELL ICT Confluence 7R score=40,concepts=OB+SWEEP buy=0 sell=40
2026-03-31T06:40:00+07:00,2026-03-31T07:00:00+07:00,BUY,4508.85,4500.52,4567.4,BE,-0.2,S418 BUY ICT Confluence 7R score=40,concepts=FVG+OB buy=40 sell=0
2026-03-31T13:15:00+07:00,2026-03-31T14:10:00+07:00,BUY,4557.96,4547.38,4632.42,BE,-0.2,S418 BUY ICT Confluence 7R score=40,concepts=FVG+SWEEP buy=40 sell=0
2026-03-31T14:20:00+07:00,2026-03-31T14:30:00+07:00,BUY,4560.49,4547.19,4653.75,BE,-0.2,S418 BUY ICT Confluence 7R score=40,concepts=FVG+OB buy=40 sell=0
2026-03-31T15:20:00+07:00,2026-03-31T17:40:00+07:00,BUY,4550.48,4542.81,4607.53,BE,-0.2,S418 BUY ICT Confluence 7R score=40,concepts=FVG+SWEEP buy=40 sell=0
2026-03-31T18:15:00+07:00,2026-03-31T18:25:00+07:00,BUY,4558.46,4549.78,4619.14,BE,-0.2,S418 BUY ICT Confluence 7R score=40,concepts=FVG+OB buy=40 sell=0
2026-03-31T18:30:00+07:00,2026-03-31T18:35:00+07:00,BUY,4555.06,4549.81,4591.57,SL,-5.45,S418 BUY ICT Confluence 7R score=40,concepts=FVG+OB buy=40 sell=0
2026-03-31T21:25:00+07:00,2026-03-31T21:35:00+07:00,BUY,4573.1,4567.09,4615.25,BE,-0.2,S418 BUY ICT Confluence 7R score=40,concepts=FVG+OB buy=40 sell=0
2026-04-01T03:20:00+07:00,2026-04-01T03:30:00+07:00,SELL,4675.05,4681.83,4627.75,BE,-0.2,S418 SELL ICT Confluence 7R score=40,concepts=OB+SWEEP buy=0 sell=40
2026-04-01T06:10:00+07:00,2026-04-01T06:20:00+07:00,BUY,4669.2,4662.33,4717.93,BE,-0.2,S418 BUY ICT Confluence 7R score=40,concepts=OB+SWEEP buy=40 sell=20
2026-04-01T06:45:00+07:00,2026-04-01T06:55:00+07:00,BUY,4671.09,4660.78,4743.82,BE,-0.2,S418 BUY ICT Confluence 7R score=40,concepts=OB+SWEEP buy=40 sell=0
2026-04-01T09:30:00+07:00,2026-04-01T09:35:00+07:00,BUY,4693.08,4688.07,4728.55,SL,-5.21,S418 BUY ICT Confluence 7R score=40,concepts=FVG+OB buy=40 sell=0
2026-04-01T10:40:00+07:00,2026-04-01T10:50:00+07:00,BUY,4681.71,4677.12,4713.92,BE,-0.2,S418 BUY ICT Confluence 7R score=40,concepts=FVG+SWEEP buy=40 sell=0
2026-04-01T14:30:00+07:00,2026-04-01T14:45:00+07:00,SELL,4709.04,4713.43,4681.51,BE,-0.2,S418 SELL ICT Confluence 7R score=40,concepts=FVG+SWEEP buy=0 sell=40
2026-04-01T17:05:00+07:00,2026-04-01T17:15:00+07:00,BUY,4720.44,4709.0,4800.44,BE,-0.2,S418 BUY ICT Confluence 7R score=40,concepts=FVG+OB buy=40 sell=0
2026-04-01T17:25:00+07:00,2026-04-01T17:35:00+07:00,BUY,4719.51,4709.09,4792.37,BE,-0.2,S418 BUY ICT Confluence 7R score=40,concepts=FVG+OB buy=40 sell=0
2026-04-01T17:40:00+07:00,2026-04-01T17:55:00+07:00,BUY,4719.23,4710.04,4782.68,BE,-0.2,S418 BUY ICT Confluence 7R score=40,concepts=FVG+OB buy=40 sell=0
2026-04-01T18:00:00+07:00,2026-04-01T18:10:00+07:00,BUY,4718.89,4712.55,4763.91,BE,-0.2,S418 BUY ICT Confluence 7R score=40,concepts=FVG+OB buy=40 sell=0
2026-04-01T18:15:00+07:00,2026-04-01T21:00:00+07:00,BUY,4720.03,4712.55,4771.91,BE,-0.2,S418 BUY ICT Confluence 7R score=40,concepts=FVG+OB buy=40 sell=0
2026-04-01T22:20:00+07:00,2026-04-01T22:30:00+07:00,SELL,4739.63,4755.86,4627.22,BE,-0.2,S418 SELL ICT Confluence 7R score=40,concepts=OB+SWEEP buy=20 sell=40
2026-04-01T22:35:00+07:00,2026-04-01T22:40:00+07:00,SELL,4750.07,4755.95,4707.47,SL,-6.08,S418 SELL ICT Confluence 7R score=40,concepts=FVG+OB buy=0 sell=40
2026-04-02T01:55:00+07:00,2026-04-02T02:00:00+07:00,BUY,4774.39,4773.33,4782.05,SL,-1.26,S418 BUY ICT Confluence 7R score=40,concepts=FVG+SWEEP buy=40 sell=20
2026-04-02T04:55:00+07:00,2026-04-02T06:05:00+07:00,BUY,4759.15,4753.75,4773.75,BE,-0.2,S418 BUY ICT Confluence 7R score=40,concepts=FVG+OB buy=40 sell=0
2026-04-02T06:40:00+07:00,2026-04-02T06:50:00+07:00,SELL,4776.09,4781.65,4737.25,SL,-5.76,S418 SELL ICT Confluence 7R score=40,concepts=FVG+SWEEP buy=0 sell=40
2026-04-02T12:45:00+07:00,2026-04-02T12:55:00+07:00,BUY,4665.5,4656.56,4727.2,BE,-0.2,S418 BUY ICT Confluence 7R score=40,concepts=OB+SWEEP buy=40 sell=0
2026-04-02T18:20:00+07:00,2026-04-02T18:30:00+07:00,BUY,4615.89,4603.45,4703.13,BE,-0.2,S418 BUY ICT Confluence 7R score=40,concepts=FVG+SWEEP buy=40 sell=0
2026-04-02T19:25:00+07:00,2026-04-02T19:35:00+07:00,BUY,4614.93,4603.52,4695.04,BE,-0.2,S418 BUY ICT Confluence 7R score=40,concepts=FVG+OB buy=40 sell=0
2026-04-02T21:20:00+07:00,2026-04-02T21:45:00+07:00,BUY,4583.01,4579.68,4607.68,TP,24.47,S418 BUY ICT Confluence 7R score=40,concepts=FVG+OB buy=40 sell=0
2026-04-03T00:05:00+07:00,2026-04-03T00:15:00+07:00,BUY,4658.28,4646.71,4737.83,SL,-11.77,S418 BUY ICT Confluence 7R score=40,concepts=OB+SWEEP buy=40 sell=0
2026-04-03T00:20:00+07:00,2026-04-03T00:30:00+07:00,BUY,4651.33,4641.95,4717.07,BE,-0.2,S418 BUY ICT Confluence 7R score=40,concepts=OB+SWEEP buy=40 sell=0
2026-04-06T07:20:00+07:00,2026-04-06T07:30:00+07:00,BUY,4619.68,4607.3,4706.26,SL,-12.58,S418 BUY ICT Confluence 7R score=40,concepts=FVG+OB buy=40 sell=20
2026-04-06T08:15:00+07:00,2026-04-06T08:25:00+07:00,BUY,4614.98,4604.52,4688.68,BE,-0.2,S418 BUY ICT Confluence 7R score=40,concepts=FVG+OB buy=40 sell=0
2026-04-06T08:30:00+07:00,2026-04-06T13:10:00+07:00,BUY,4609.29,4599.89,4672.05,TP,62.56,S418 BUY ICT Confluence 7R score=40,concepts=FVG+SWEEP buy=40 sell=0
2026-04-06T16:25:00+07:00,2026-04-06T16:35:00+07:00,SELL,4691.31,4696.55,4654.55,BE,-0.2,S418 SELL ICT Confluence 7R score=40,concepts=OB+SWEEP buy=0 sell=40
2026-04-06T16:50:00+07:00,2026-04-06T16:55:00+07:00,SELL,4694.2,4698.06,4667.02,SL,-4.06,S418 SELL ICT Confluence 7R score=40,concepts=OB+SWEEP buy=0 sell=40
2026-04-06T18:15:00+07:00,2026-04-06T18:25:00+07:00,BUY,4690.42,4685.55,4725.23,BE,-0.2,S418 BUY ICT Confluence 7R score=40,concepts=OB+SWEEP buy=40 sell=20
2026-04-06T18:45:00+07:00,2026-04-06T18:55:00+07:00,BUY,4692.67,4684.42,4748.82,BE,-0.2,S418 BUY ICT Confluence 7R score=40,concepts=OB+SWEEP buy=40 sell=20
2026-04-06T23:10:00+07:00,2026-04-06T23:15:00+07:00,BUY,4662.31,4659.2,4684.56,SL,-3.31,S418 BUY ICT Confluence 7R score=40,concepts=FVG+OB buy=40 sell=20
2026-04-07T01:10:00+07:00,2026-04-07T01:30:00+07:00,BUY,4653.97,4645.46,4713.78,BE,-0.2,S418 BUY ICT Confluence 7R score=40,concepts=FVG+SWEEP buy=40 sell=0
2026-04-07T04:05:00+07:00,2026-04-07T04:35:00+07:00,BUY,4653.16,4645.17,4708.53,BE,-0.2,S418 BUY ICT Confluence 7R score=40,concepts=FVG+OB buy=40 sell=0
2026-04-07T18:25:00+07:00,2026-04-07T18:35:00+07:00,BUY,4668.24,4657.26,4744.54,BE,-0.2,S418 BUY ICT Confluence 7R score=40,concepts=FVG+SWEEP buy=40 sell=0
2026-04-07T18:40:00+07:00,2026-04-07T18:45:00+07:00,BUY,4662.36,4653.94,4721.78,SL,-8.62,S418 BUY ICT Confluence 7R score=40,concepts=OB+SWEEP buy=40 sell=0
2026-04-08T01:05:00+07:00,2026-04-08T01:15:00+07:00,SELL,4667.36,4673.9,4622.06,BE,-0.2,S418 SELL ICT Confluence 7R score=40,concepts=OB+SWEEP buy=0 sell=40
2026-04-08T11:30:00+07:00,2026-04-08T11:40:00+07:00,BUY,4800.42,4794.64,4840.64,BE,-0.2,S418 BUY ICT Confluence 7R score=40,concepts=OB+SWEEP buy=40 sell=0
2026-04-08T12:10:00+07:00,2026-04-08T12:15:00+07:00,BUY,4797.64,4793.24,4828.6,SL,-4.6,S418 BUY ICT Confluence 7R score=40,concepts=OB+SWEEP buy=40 sell=0
2026-04-08T13:40:00+07:00,2026-04-08T13:45:00+07:00,SELL,4822.55,4825.75,4800.23,SL,-3.4,S418 SELL ICT Confluence 7R score=40,concepts=OB+SWEEP buy=0 sell=40
2026-04-08T15:10:00+07:00,2026-04-08T15:20:00+07:00,BUY,4812.56,4808.93,4837.89,BE,-0.2,S418 BUY ICT Confluence 7R score=40,concepts=FVG+SWEEP buy=40 sell=0
2026-04-08T19:25:00+07:00,2026-04-08T19:40:00+07:00,SELL,4789.52,4797.69,4732.57,BE,-0.2,S418 SELL ICT Confluence 7R score=40,concepts=FVG+SWEEP buy=0 sell=40
2026-04-09T01:25:00+07:00,2026-04-09T01:30:00+07:00,BUY,4751.05,4745.0,4792.84,SL,-6.25,S418 BUY ICT Confluence 7R score=40,concepts=FVG+OB buy=40 sell=0
2026-04-09T01:45:00+07:00,2026-04-09T01:55:00+07:00,BUY,4738.31,4735.45,4758.17,BE,-0.2,S418 BUY ICT Confluence 7R score=40,concepts=OB+SWEEP buy=40 sell=0
2026-04-09T06:20:00+07:00,2026-04-09T06:30:00+07:00,BUY,4712.27,4704.11,4772.27,BE,-0.2,S418 BUY ICT Confluence 7R score=40,concepts=OB+SWEEP buy=40 sell=0
2026-04-09T09:00:00+07:00,2026-04-09T09:10:00+07:00,SELL,4712.77,4720.69,4657.41,BE,-0.2,S418 SELL ICT Confluence 7R score=40,concepts=FVG+OB buy=20 sell=40
2026-04-09T10:00:00+07:00,2026-04-09T10:15:00+07:00,SELL,4722.06,4729.66,4668.62,BE,-0.2,S418 SELL ICT Confluence 7R score=40,concepts=OB+SWEEP buy=0 sell=40
2026-04-09T11:45:00+07:00,2026-04-09T11:55:00+07:00,BUY,4711.09,4704.78,4755.18,BE,-0.2,S418 BUY ICT Confluence 7R score=40,concepts=FVG+OB buy=40 sell=0
2026-04-09T13:55:00+07:00,2026-04-09T14:25:00+07:00,BUY,4713.24,4705.34,4768.86,BE,-0.2,S418 BUY ICT Confluence 7R score=40,concepts=OB+SWEEP buy=40 sell=0
2026-04-09T14:50:00+07:00,2026-04-09T15:25:00+07:00,BUY,4708.2,4702.89,4745.53,BE,-0.2,S418 BUY ICT Confluence 7R score=40,concepts=OB+SWEEP buy=40 sell=0
2026-04-09T15:35:00+07:00,2026-04-09T16:35:00+07:00,SELL,4728.99,4732.3,4706.54,BE,-0.2,S418 SELL ICT Confluence 7R score=40,concepts=FVG+SWEEP buy=0 sell=40
2026-04-10T03:55:00+07:00,2026-04-10T04:15:00+07:00,BUY,4768.9,4766.59,4784.91,BE,-0.2,S418 BUY ICT Confluence 7R score=40,concepts=FVG+SWEEP buy=40 sell=0
2026-04-10T11:45:00+07:00,2026-04-10T11:55:00+07:00,SELL,4766.97,4769.92,4745.84,BE,-0.2,S418 SELL ICT Confluence 7R score=40,concepts=FVG+SWEEP buy=0 sell=40
2026-04-10T13:10:00+07:00,2026-04-10T13:25:00+07:00,BUY,4759.95,4755.56,4790.6,BE,-0.2,S418 BUY ICT Confluence 7R score=40,concepts=FVG+OB buy=40 sell=0
2026-04-10T14:00:00+07:00,2026-04-10T14:10:00+07:00,BUY,4761.75,4756.96,4795.12,BE,-0.2,S418 BUY ICT Confluence 7R score=40,concepts=FVG+OB buy=40 sell=0
2026-04-10T14:35:00+07:00,2026-04-10T14:45:00+07:00,BUY,4752.37,4749.17,4775.25,BE,-0.2,S418 BUY ICT Confluence 7R score=40,concepts=FVG+SWEEP buy=40 sell=0
2026-04-10T17:50:00+07:00,2026-04-10T18:00:00+07:00,SELL,4751.71,4761.48,4683.4,BE,-0.2,S418 SELL ICT Confluence 7R score=40,concepts=FVG+OB buy=20 sell=40
2026-04-10T18:15:00+07:00,2026-04-10T19:20:00+07:00,SELL,4752.42,4761.37,4689.69,SL,-9.15,S418 SELL ICT Confluence 7R score=40,concepts=FVG+OB buy=20 sell=40
2026-04-10T19:30:00+07:00,2026-04-10T19:40:00+07:00,SELL,4759.28,4763.61,4728.73,SL,-4.53,S418 SELL ICT Confluence 7R score=40,concepts=OB+SWEEP buy=0 sell=40
2026-04-11T00:05:00+07:00,2026-04-11T00:20:00+07:00,BUY,4756.57,4746.81,4824.97,BE,-0.2,S418 BUY ICT Confluence 7R score=40,concepts=FVG+SWEEP buy=40 sell=0
2026-04-11T01:55:00+07:00,2026-04-11T02:00:00+07:00,BUY,4760.28,4753.76,4806.16,SL,-6.72,S418 BUY ICT Confluence 7R score=40,concepts=FVG+OB buy=40 sell=0
2026-04-11T02:05:00+07:00,2026-04-11T04:00:00+07:00,BUY,4756.27,4750.54,4796.54,BE,-0.2,S418 BUY ICT Confluence 7R score=60,concepts=FVG+OB+SWEEP buy=60 sell=0
2026-04-13T09:20:00+07:00,2026-04-13T09:30:00+07:00,SELL,4715.73,4722.53,4668.85,BE,-0.2,S418 SELL ICT Confluence 7R score=40,concepts=FVG+SWEEP buy=0 sell=40
2026-04-13T09:55:00+07:00,2026-04-13T10:05:00+07:00,SELL,4721.28,4729.13,4666.57,BE,-0.2,S418 SELL ICT Confluence 7R score=40,concepts=FVG+SWEEP buy=0 sell=40
2026-04-13T10:55:00+07:00,2026-04-13T11:25:00+07:00,SELL,4720.46,4728.87,4662.55,BE,-0.2,S418 SELL ICT Confluence 7R score=40,concepts=FVG+OB buy=0 sell=40
2026-04-13T11:30:00+07:00,2026-04-13T11:40:00+07:00,SELL,4721.3,4728.74,4668.66,BE,-0.2,S418 SELL ICT Confluence 7R score=40,concepts=FVG+OB buy=0 sell=40
2026-04-13T11:45:00+07:00,2026-04-13T12:50:00+07:00,SELL,4720.59,4728.44,4666.92,BE,-0.2,S418 SELL ICT Confluence 7R score=40,concepts=FVG+OB buy=0 sell=40
2026-04-13T12:55:00+07:00,2026-04-13T13:00:00+07:00,SELL,4723.03,4725.31,4706.99,SL,-2.48,S418 SELL ICT Confluence 7R score=40,concepts=FVG+SWEEP buy=0 sell=40
2026-04-13T13:05:00+07:00,2026-04-13T13:15:00+07:00,SELL,4721.04,4726.63,4680.47,BE,-0.2,S418 SELL ICT Confluence 7R score=40,concepts=FVG+OB buy=20 sell=40
2026-04-13T13:25:00+07:00,2026-04-13T13:35:00+07:00,SELL,4720.71,4726.59,4680.19,BE,-0.2,S418 SELL ICT Confluence 7R score=40,concepts=FVG+OB buy=0 sell=40
2026-04-13T13:40:00+07:00,2026-04-13T13:55:00+07:00,SELL,4721.17,4726.62,4683.5,BE,-0.2,S418 SELL ICT Confluence 7R score=40,concepts=FVG+OB buy=0 sell=40
2026-04-13T14:15:00+07:00,2026-04-13T14:25:00+07:00,SELL,4728.66,4732.22,4703.98,BE,-0.2,S418 SELL ICT Confluence 7R score=40,concepts=FVG+SWEEP buy=0 sell=40
2026-04-13T14:30:00+07:00,2026-04-13T15:00:00+07:00,SELL,4729.55,4733.24,4702.84,BE,-0.2,S418 SELL ICT Confluence 7R score=40,concepts=FVG+SWEEP buy=0 sell=40
2026-04-13T15:15:00+07:00,2026-04-13T15:25:00+07:00,SELL,4731.35,4739.18,4675.26,BE,-0.2,S418 SELL ICT Confluence 7R score=40,concepts=FVG+OB buy=0 sell=40
2026-04-13T15:30:00+07:00,2026-04-13T15:40:00+07:00,SELL,4731.71,4739.17,4679.17,BE,-0.2,S418 SELL ICT Confluence 7R score=40,concepts=FVG+OB buy=0 sell=40
2026-04-13T15:50:00+07:00,2026-04-13T16:00:00+07:00,SELL,4734.71,4740.58,4694.1,BE,-0.2,S418 SELL ICT Confluence 7R score=60,concepts=FVG+OB+SWEEP buy=0 sell=60
2026-04-13T17:35:00+07:00,2026-04-13T17:55:00+07:00,BUY,4715.94,4710.42,4754.74,BE,-0.2,S418 BUY ICT Confluence 7R score=40,concepts=FVG+SWEEP buy=40 sell=0
2026-04-13T20:55:00+07:00,2026-04-13T21:00:00+07:00,SELL,4723.46,4725.77,4707.93,SL,-2.51,S418 SELL ICT Confluence 7R score=40,concepts=OB+SWEEP buy=20 sell=40
2026-04-14T02:20:00+07:00,2026-04-14T02:25:00+07:00,BUY,4729.01,4723.98,4764.3,SL,-5.23,S418 BUY ICT Confluence 7R score=40,concepts=OB+SWEEP buy=40 sell=0
2026-04-14T10:30:00+07:00,2026-04-14T10:40:00+07:00,BUY,4767.26,4761.39,4808.03,BE,-0.2,S418 BUY ICT Confluence 7R score=40,concepts=FVG+OB buy=40 sell=0
2026-04-14T11:35:00+07:00,2026-04-14T13:10:00+07:00,BUY,4766.93,4761.47,4805.07,BE,-0.2,S418 BUY ICT Confluence 7R score=40,concepts=FVG+OB buy=40 sell=0
2026-04-14T14:05:00+07:00,2026-04-14T14:40:00+07:00,SELL,4769.49,4777.38,4713.94,BE,-0.2,S418 SELL ICT Confluence 7R score=40,concepts=FVG+OB buy=20 sell=40
2026-04-14T14:45:00+07:00,2026-04-14T14:50:00+07:00,SELL,4772.96,4774.77,4760.37,SL,-2.01,S418 SELL ICT Confluence 7R score=40,concepts=FVG+OB buy=20 sell=40
2026-04-15T03:30:00+07:00,2026-04-15T03:40:00+07:00,SELL,4839.86,4843.98,4810.94,BE,-0.2,S418 SELL ICT Confluence 7R score=40,concepts=OB+SWEEP buy=0 sell=40
2026-04-15T03:50:00+07:00,2026-04-15T03:55:00+07:00,SELL,4841.52,4844.34,4819.22,SL,-3.02,S418 SELL ICT Confluence 7R score=40,concepts=OB+SWEEP buy=0 sell=40
2026-04-15T06:30:00+07:00,2026-04-15T06:45:00+07:00,BUY,4838.86,4836.01,4858.97,BE,-0.2,S418 BUY ICT Confluence 7R score=40,concepts=FVG+OB buy=40 sell=0
2026-04-15T10:55:00+07:00,2026-04-15T11:00:00+07:00,BUY,4823.87,4820.07,4850.55,SL,-4.0,S418 BUY ICT Confluence 7R score=40,concepts=FVG+SWEEP buy=40 sell=0
2026-04-15T21:25:00+07:00,2026-04-15T21:30:00+07:00,SELL,4821.78,4822.47,4817.11,TP,4.47,S418 SELL ICT Confluence 7R score=40,concepts=FVG+OB buy=20 sell=40
2026-04-15T21:40:00+07:00,2026-04-15T21:50:00+07:00,SELL,4820.59,4826.0,4782.56,BE,-0.2,S418 SELL ICT Confluence 7R score=40,concepts=OB+SWEEP buy=0 sell=40
2026-04-15T22:00:00+07:00,2026-04-15T22:10:00+07:00,SELL,4826.21,4830.77,4793.41,BE,-0.2,S418 SELL ICT Confluence 7R score=40,concepts=OB+SWEEP buy=0 sell=40
2026-04-15T22:15:00+07:00,2026-04-15T22:25:00+07:00,SELL,4824.7,4831.09,4780.13,BE,-0.2,S418 SELL ICT Confluence 7R score=40,concepts=OB+SWEEP buy=0 sell=40
2026-04-16T01:50:00+07:00,2026-04-16T02:00:00+07:00,BUY,4793.4,4790.28,4815.16,BE,-0.2,S418 BUY ICT Confluence 7R score=40,concepts=OB+SWEEP buy=40 sell=0
2026-04-16T06:20:00+07:00,2026-04-16T06:30:00+07:00,SELL,4800.66,4802.53,4787.97,BE,-0.2,S418 SELL ICT Confluence 7R score=60,concepts=FVG+OB+SWEEP buy=0 sell=60
2026-04-16T12:35:00+07:00,2026-04-16T12:55:00+07:00,SELL,4829.57,4831.63,4815.39,SL,-2.26,S418 SELL ICT Confluence 7R score=40,concepts=FVG+SWEEP buy=0 sell=40
2026-04-16T14:10:00+07:00,2026-04-16T14:20:00+07:00,BUY,4822.76,4820.73,4837.13,BE,-0.2,S418 BUY ICT Confluence 7R score=40,concepts=FVG+OB buy=40 sell=0
2026-04-16T15:55:00+07:00,2026-04-16T16:00:00+07:00,BUY,4821.06,4814.09,4869.93,SL,-7.17,S418 BUY ICT Confluence 7R score=40,concepts=FVG+OB buy=40 sell=0
2026-04-16T21:40:00+07:00,2026-04-16T21:45:00+07:00,BUY,4816.26,4811.11,4852.15,SL,-5.35,S418 BUY ICT Confluence 7R score=40,concepts=FVG+OB buy=40 sell=20
2026-04-17T00:15:00+07:00,2026-04-17T12:55:00+07:00,SELL,4804.22,4813.6,4738.64,BE,-0.2,S418 SELL ICT Confluence 7R score=40,concepts=FVG+OB buy=0 sell=40
2026-04-17T14:15:00+07:00,2026-04-17T14:20:00+07:00,BUY,4785.7,4784.6,4793.56,SL,-1.3,S418 BUY ICT Confluence 7R score=40,concepts=FVG+OB buy=40 sell=20
2026-04-17T14:35:00+07:00,2026-04-17T14:45:00+07:00,BUY,4785.72,4778.87,4833.75,BE,-0.2,S418 BUY ICT Confluence 7R score=60,concepts=FVG+OB+SWEEP buy=60 sell=0
2026-04-17T14:50:00+07:00,2026-04-17T15:00:00+07:00,BUY,4784.8,4778.88,4826.72,BE,-0.2,S418 BUY ICT Confluence 7R score=40,concepts=FVG+OB buy=40 sell=20
2026-04-17T15:40:00+07:00,2026-04-17T15:50:00+07:00,BUY,4785.97,4778.89,4835.85,SL,-7.28,S418 BUY ICT Confluence 7R score=40,concepts=FVG+OB buy=40 sell=0
2026-04-17T15:55:00+07:00,2026-04-17T16:05:00+07:00,BUY,4784.37,4778.26,4827.06,BE,-0.2,S418 BUY ICT Confluence 7R score=40,concepts=FVG+OB buy=40 sell=0
2026-04-17T16:10:00+07:00,2026-04-17T16:20:00+07:00,BUY,4783.57,4778.21,4822.53,BE,-0.2,S418 BUY ICT Confluence 7R score=40,concepts=FVG+OB buy=40 sell=0
2026-04-17T16:25:00+07:00,2026-04-17T18:40:00+07:00,BUY,4784.49,4778.21,4828.53,BE,-0.2,S418 BUY ICT Confluence 7R score=40,concepts=FVG+OB buy=40 sell=20
2026-04-17T19:00:00+07:00,2026-04-17T19:15:00+07:00,BUY,4785.25,4782.05,4807.49,BE,-0.2,S418 BUY ICT Confluence 7R score=40,concepts=FVG+OB buy=40 sell=20
2026-04-18T01:25:00+07:00,2026-04-18T01:35:00+07:00,BUY,4858.56,4853.53,4893.85,BE,-0.2,S418 BUY ICT Confluence 7R score=60,concepts=FVG+OB+SWEEP buy=60 sell=0
2026-04-18T01:40:00+07:00,2026-04-18T02:25:00+07:00,BUY,4855.12,4853.48,4866.52,TP,11.2,S418 BUY ICT Confluence 7R score=40,concepts=FVG+OB buy=40 sell=0
2026-04-18T03:10:00+07:00,2026-04-18T03:20:00+07:00,BUY,4856.58,4853.44,4878.64,BE,-0.2,S418 BUY ICT Confluence 7R score=40,concepts=FVG+SWEEP buy=40 sell=0
2026-04-18T03:55:00+07:00,2026-04-18T04:00:00+07:00,BUY,4854.65,4852.42,4870.9,SL,-2.43,S418 BUY ICT Confluence 7R score=40,concepts=FVG+SWEEP buy=40 sell=0
2026-04-20T12:35:00+07:00,2026-04-20T12:40:00+07:00,BUY,4790.68,4787.93,4809.77,SL,-2.95,S418 BUY ICT Confluence 7R score=40,concepts=OB+SWEEP buy=40 sell=0
2026-04-20T12:45:00+07:00,2026-04-20T13:00:00+07:00,SELL,4792.76,4798.19,4756.11,BE,-0.2,S418 SELL ICT Confluence 7R score=40,concepts=FVG+OB buy=20 sell=40
2026-04-20T15:50:00+07:00,2026-04-20T16:00:00+07:00,BUY,4788.3,4783.31,4823.39,BE,-0.2,S418 BUY ICT Confluence 7R score=40,concepts=FVG+OB buy=40 sell=0
2026-04-20T16:05:00+07:00,2026-04-20T16:15:00+07:00,BUY,4788.35,4783.43,4822.63,BE,-0.2,S418 BUY ICT Confluence 7R score=40,concepts=FVG+OB buy=40 sell=0
2026-04-20T17:30:00+07:00,2026-04-20T19:50:00+07:00,BUY,4786.07,4783.17,4806.29,TP,20.02,S418 BUY ICT Confluence 7R score=40,concepts=FVG+OB buy=40 sell=20
2026-04-21T00:15:00+07:00,2026-04-21T06:05:00+07:00,BUY,4796.84,4792.01,4830.73,TP,33.69,S418 BUY ICT Confluence 7R score=40,concepts=FVG+OB buy=40 sell=0
2026-04-21T07:55:00+07:00,2026-04-21T08:25:00+07:00,BUY,4821.87,4819.56,4837.64,BE,-0.2,S418 BUY ICT Confluence 7R score=40,concepts=OB+SWEEP buy=40 sell=0
2026-04-21T09:00:00+07:00,2026-04-21T09:10:00+07:00,BUY,4818.4,4816.29,4833.33,BE,-0.2,S418 BUY ICT Confluence 7R score=40,concepts=FVG+SWEEP buy=40 sell=0
2026-04-21T09:50:00+07:00,2026-04-21T09:55:00+07:00,BUY,4809.57,4808.45,4817.49,SL,-1.32,S418 BUY ICT Confluence 7R score=40,concepts=FVG+SWEEP buy=40 sell=20
2026-04-21T11:40:00+07:00,2026-04-21T11:50:00+07:00,BUY,4795.02,4792.25,4814.33,BE,-0.2,S418 BUY ICT Confluence 7R score=40,concepts=OB+SWEEP buy=40 sell=0
2026-04-21T13:50:00+07:00,2026-04-21T14:00:00+07:00,BUY,4787.88,4782.81,4822.81,SL,-5.27,S418 BUY ICT Confluence 7R score=40,concepts=OB+SWEEP buy=40 sell=0
2026-04-21T15:50:00+07:00,2026-04-21T16:20:00+07:00,SELL,4788.7,4793.13,4757.53,BE,-0.2,S418 SELL ICT Confluence 7R score=40,concepts=FVG+SWEEP buy=0 sell=40
2026-04-21T16:40:00+07:00,2026-04-21T19:05:00+07:00,SELL,4791.74,4793.6,4778.88,TP,12.66,S418 SELL ICT Confluence 7R score=40,concepts=FVG+SWEEP buy=0 sell=40
2026-04-21T19:45:00+07:00,2026-04-21T19:55:00+07:00,SELL,4795.87,4798.36,4778.36,BE,-0.2,S418 SELL ICT Confluence 7R score=40,concepts=FVG+OB buy=20 sell=40
2026-04-21T20:05:00+07:00,2026-04-21T20:30:00+07:00,SELL,4795.45,4798.4,4776.8,TP,18.45,S418 SELL ICT Confluence 7R score=40,concepts=FVG+OB buy=0 sell=40
2026-04-21T23:50:00+07:00,2026-04-22T00:05:00+07:00,BUY,4741.09,4722.59,4870.67,BE,-0.2,S418 BUY ICT Confluence 7R score=40,concepts=FVG+OB buy=40 sell=0
2026-04-22T00:30:00+07:00,2026-04-22T00:40:00+07:00,BUY,4724.27,4719.05,4760.89,BE,-0.2,S418 BUY ICT Confluence 7R score=40,concepts=OB+SWEEP buy=40 sell=0
2026-04-22T07:10:00+07:00,2026-04-22T07:15:00+07:00,SELL,4727.44,4730.24,4708.0,SL,-3.0,S418 SELL ICT Confluence 7R score=60,concepts=FVG+OB+SWEEP buy=0 sell=60
2026-04-22T07:55:00+07:00,2026-04-22T08:00:00+07:00,SELL,4738.01,4740.96,4717.52,SL,-3.15,S418 SELL ICT Confluence 7R score=40,concepts=FVG+SWEEP buy=0 sell=40
2026-04-22T09:20:00+07:00,2026-04-22T09:30:00+07:00,SELL,4745.94,4749.69,4721.61,BE,-0.2,S418 SELL ICT Confluence 7R score=40,concepts=FVG+SWEEP buy=0 sell=40
2026-04-22T12:55:00+07:00,2026-04-22T13:05:00+07:00,BUY,4754.64,4751.87,4773.55,BE,-0.2,S418 BUY ICT Confluence 7R score=40,concepts=OB+SWEEP buy=40 sell=0
2026-04-22T15:15:00+07:00,2026-04-22T15:25:00+07:00,BUY,4763.82,4758.5,4801.14,BE,-0.2,S418 BUY ICT Confluence 7R score=40,concepts=FVG+OB buy=40 sell=0
2026-04-22T15:40:00+07:00,2026-04-22T16:10:00+07:00,BUY,4763.99,4758.5,4801.38,SL,-5.69,S418 BUY ICT Confluence 7R score=40,concepts=FVG+OB buy=40 sell=0
2026-04-22T16:15:00+07:00,2026-04-22T16:20:00+07:00,BUY,4758.85,4755.96,4778.92,SL,-3.09,S418 BUY ICT Confluence 7R score=40,concepts=FVG+SWEEP buy=40 sell=0
2026-04-22T20:00:00+07:00,2026-04-22T20:25:00+07:00,SELL,4756.73,4761.17,4726.29,BE,-0.2,S418 SELL ICT Confluence 7R score=40,concepts=FVG+OB buy=0 sell=40
2026-04-23T06:35:00+07:00,2026-04-23T06:40:00+07:00,BUY,4730.98,4730.07,4737.03,SL,-1.11,S418 BUY ICT Confluence 7R score=40,concepts=FVG+OB buy=40 sell=20
2026-04-23T08:50:00+07:00,2026-04-23T09:00:00+07:00,SELL,4748.16,4754.57,4704.65,BE,-0.2,S418 SELL ICT Confluence 7R score=40,concepts=FVG+SWEEP buy=0 sell=40
2026-04-23T10:30:00+07:00,2026-04-23T10:40:00+07:00,BUY,4712.64,4704.25,4771.85,BE,-0.2,S418 BUY ICT Confluence 7R score=40,concepts=FVG+OB buy=40 sell=0
2026-04-23T10:45:00+07:00,2026-04-23T10:55:00+07:00,BUY,4706.51,4698.53,4762.13,BE,-0.2,S418 BUY ICT Confluence 7R score=40,concepts=OB+SWEEP buy=40 sell=0
2026-04-23T12:55:00+07:00,2026-04-23T13:00:00+07:00,SELL,4704.43,4707.78,4680.82,SL,-3.55,S418 SELL ICT Confluence 7R score=40,concepts=FVG+OB buy=20 sell=40
2026-04-23T13:10:00+07:00,2026-04-23T13:20:00+07:00,SELL,4707.82,4710.53,4688.37,BE,-0.2,S418 SELL ICT Confluence 7R score=40,concepts=OB+SWEEP buy=0 sell=40
2026-04-23T14:45:00+07:00,2026-04-23T14:50:00+07:00,SELL,4716.27,4720.63,4686.15,SL,-4.56,S418 SELL ICT Confluence 7R score=40,concepts=FVG+SWEEP buy=0 sell=40
2026-04-23T15:40:00+07:00,2026-04-23T16:00:00+07:00,SELL,4713.69,4721.8,4656.84,SL,-8.31,S418 SELL ICT Confluence 7R score=40,concepts=FVG+OB buy=0 sell=40
2026-04-23T16:45:00+07:00,2026-04-23T16:55:00+07:00,BUY,4705.98,4701.28,4738.8,BE,-0.2,S418 BUY ICT Confluence 7R score=40,concepts=FVG+SWEEP buy=40 sell=0
2026-04-23T19:20:00+07:00,2026-04-23T19:30:00+07:00,SELL,4701.24,4703.88,4682.44,BE,-0.2,S418 SELL ICT Confluence 7R score=60,concepts=FVG+OB+SWEEP buy=0 sell=60
2026-04-23T23:45:00+07:00,2026-04-23T23:50:00+07:00,BUY,4724.91,4718.63,4768.55,SL,-6.48,S418 BUY ICT Confluence 7R score=40,concepts=FVG+OB buy=40 sell=0
2026-04-24T04:10:00+07:00,2026-04-24T04:15:00+07:00,BUY,4690.65,4688.95,4702.39,SL,-1.9,S418 BUY ICT Confluence 7R score=40,concepts=FVG+OB buy=40 sell=0
2026-04-24T04:20:00+07:00,2026-04-24T06:20:00+07:00,BUY,4692.4,4686.04,4737.0,BE,-0.2,S418 BUY ICT Confluence 7R score=40,concepts=FVG+OB buy=40 sell=20
2026-04-24T06:35:00+07:00,2026-04-24T06:50:00+07:00,BUY,4691.84,4686.23,4731.03,BE,-0.2,S418 BUY ICT Confluence 7R score=40,concepts=FVG+OB buy=40 sell=0
2026-04-24T07:00:00+07:00,2026-04-24T07:15:00+07:00,BUY,4694.02,4687.84,4737.2,SL,-6.38,S418 BUY ICT Confluence 7R score=40,concepts=FVG+OB buy=40 sell=0
2026-04-24T08:00:00+07:00,2026-04-24T09:30:00+07:00,BUY,4691.7,4686.41,4728.25,BE,-0.2,S418 BUY ICT Confluence 7R score=40,concepts=FVG+OB buy=40 sell=0
2026-04-24T10:15:00+07:00,2026-04-24T10:20:00+07:00,BUY,4691.95,4689.53,4708.97,SL,-2.62,S418 BUY ICT Confluence 7R score=40,concepts=FVG+OB buy=40 sell=0
2026-04-24T14:55:00+07:00,2026-04-24T19:20:00+07:00,BUY,4671.82,4666.38,4710.94,TP,38.92,S418 BUY ICT Confluence 7R score=40,concepts=FVG+OB buy=40 sell=0
2026-04-24T20:50:00+07:00,2026-04-24T21:25:00+07:00,BUY,4693.61,4689.88,4719.16,BE,-0.2,S418 BUY ICT Confluence 7R score=40,concepts=FVG+OB buy=40 sell=20
2026-04-24T21:30:00+07:00,2026-04-24T21:45:00+07:00,BUY,4692.18,4689.12,4713.68,TP,21.3,S418 BUY ICT Confluence 7R score=40,concepts=FVG+SWEEP buy=40 sell=0
2026-04-25T01:50:00+07:00,2026-04-25T02:00:00+07:00,BUY,4724.38,4718.66,4768.02,BE,-0.2,S418 BUY ICT Confluence 7R score=40,concepts=FVG+OB buy=40 sell=20
2026-04-25T02:30:00+07:00,2026-04-25T02:40:00+07:00,BUY,4719.67,4716.48,4742.32,BE,-0.2,S418 BUY ICT Confluence 7R score=40,concepts=FVG+SWEEP buy=40 sell=20
2026-04-25T03:35:00+07:00,2026-04-25T03:45:00+07:00,BUY,4717.41,4715.78,4728.66,BE,-0.2,S418 BUY ICT Confluence 7R score=40,concepts=FVG+SWEEP buy=40 sell=20
2026-04-25T03:50:00+07:00,2026-04-25T03:55:00+07:00,BUY,4716.81,4715.53,4725.61,SL,-1.48,S418 BUY ICT Confluence 7R score=40,concepts=FVG+SWEEP buy=40 sell=20
2026-04-27T12:30:00+07:00,2026-04-27T12:40:00+07:00,SELL,4727.28,4730.33,4705.85,BE,-0.2,S418 SELL ICT Confluence 7R score=40,concepts=OB+SWEEP buy=0 sell=40
2026-04-27T13:20:00+07:00,2026-04-27T13:30:00+07:00,BUY,4719.09,4715.82,4742.78,BE,-0.2,S418 BUY ICT Confluence 7R score=40,concepts=FVG+SWEEP buy=40 sell=20
2026-04-27T16:25:00+07:00,2026-04-27T16:30:00+07:00,BUY,4710.73,4709.13,4722.41,SL,-1.8,S418 BUY ICT Confluence 7R score=40,concepts=FVG+SWEEP buy=40 sell=0
2026-04-27T17:30:00+07:00,2026-04-27T17:45:00+07:00,BUY,4702.95,4699.01,4730.29,BE,-0.2,S418 BUY ICT Confluence 7R score=40,concepts=FVG+SWEEP buy=40 sell=0
2026-04-27T18:55:00+07:00,2026-04-27T20:10:00+07:00,SELL,4708.89,4711.27,4692.15,BE,-0.2,S418 SELL ICT Confluence 7R score=40,concepts=FVG+SWEEP buy=20 sell=40
2026-04-27T20:15:00+07:00,2026-04-27T20:20:00+07:00,SELL,4710.88,4711.84,4704.0,SL,-1.16,S418 SELL ICT Confluence 7R score=40,concepts=FVG+SWEEP buy=0 sell=40
2026-04-27T20:55:00+07:00,2026-04-27T21:00:00+07:00,BUY,4699.58,4696.43,4718.51,SL,-3.35,S418 BUY ICT Confluence 7R score=40,concepts=OB+SWEEP buy=40 sell=0
2026-04-28T01:40:00+07:00,2026-04-28T01:50:00+07:00,SELL,4683.1,4686.54,4660.14,BE,-0.2,S418 SELL ICT Confluence 7R score=40,concepts=FVG+OB buy=0 sell=40
2026-04-28T01:55:00+07:00,2026-04-28T02:10:00+07:00,SELL,4682.2,4686.53,4651.81,BE,-0.2,S418 SELL ICT Confluence 7R score=40,concepts=FVG+OB buy=0 sell=40
2026-04-28T02:15:00+07:00,2026-04-28T03:15:00+07:00,SELL,4681.76,4686.51,4649.55,BE,-0.2,S418 SELL ICT Confluence 7R score=40,concepts=FVG+OB buy=0 sell=40
2026-04-28T03:40:00+07:00,2026-04-28T03:50:00+07:00,BUY,4680.01,4676.45,4704.45,BE,-0.2,S418 BUY ICT Confluence 7R score=40,concepts=OB+SWEEP buy=40 sell=20
2026-04-28T04:00:00+07:00,2026-04-28T04:20:00+07:00,BUY,4679.12,4676.43,4697.79,BE,-0.2,S418 BUY ICT Confluence 7R score=40,concepts=FVG+OB buy=40 sell=0
2026-04-28T06:00:00+07:00,2026-04-28T06:05:00+07:00,SELL,4681.86,4684.06,4666.46,SL,-2.4,S418 SELL ICT Confluence 7R score=40,concepts=FVG+SWEEP buy=0 sell=40
2026-04-28T06:15:00+07:00,2026-04-28T06:25:00+07:00,SELL,4688.34,4691.45,4667.05,BE,-0.2,S418 SELL ICT Confluence 7R score=40,concepts=FVG+SWEEP buy=20 sell=40
2026-04-28T09:40:00+07:00,2026-04-28T09:50:00+07:00,BUY,4687.38,4683.69,4713.13,BE,-0.2,S418 BUY ICT Confluence 7R score=40,concepts=FVG+OB buy=40 sell=0
2026-04-28T16:45:00+07:00,2026-04-28T17:00:00+07:00,BUY,4626.02,4614.02,4709.7,BE,-0.2,S418 BUY ICT Confluence 7R score=40,concepts=FVG+OB buy=40 sell=20
2026-04-29T00:45:00+07:00,2026-04-29T00:50:00+07:00,SELL,4586.51,4588.92,4569.72,SL,-2.61,S418 SELL ICT Confluence 7R score=40,concepts=FVG+SWEEP buy=0 sell=40
2026-04-29T01:25:00+07:00,2026-04-29T01:35:00+07:00,SELL,4593.48,4597.75,4563.91,SL,-4.47,S418 SELL ICT Confluence 7R score=40,concepts=OB+SWEEP buy=20 sell=40
2026-04-29T10:10:00+07:00,2026-04-29T10:20:00+07:00,SELL,4601.0,4605.64,4568.44,BE,-0.2,S418 SELL ICT Confluence 7R score=40,concepts=FVG+OB buy=0 sell=40
2026-04-29T12:10:00+07:00,2026-04-29T12:25:00+07:00,SELL,4600.83,4603.86,4579.54,BE,-0.2,S418 SELL ICT Confluence 7R score=60,concepts=FVG+OB+SWEEP buy=0 sell=60
2026-04-29T12:30:00+07:00,2026-04-29T12:35:00+07:00,SELL,4602.54,4604.2,4591.08,SL,-1.86,S418 SELL ICT Confluence 7R score=40,concepts=FVG+SWEEP buy=0 sell=40
2026-04-29T13:00:00+07:00,2026-04-29T14:20:00+07:00,SELL,4604.81,4608.0,4582.0,TP,22.61,S418 SELL ICT Confluence 7R score=40,concepts=FVG+SWEEP buy=0 sell=40
2026-04-29T23:05:00+07:00,2026-04-29T23:15:00+07:00,SELL,4540.01,4547.63,4486.99,BE,-0.2,S418 SELL ICT Confluence 7R score=40,concepts=FVG+SWEEP buy=0 sell=40
2026-04-30T01:45:00+07:00,2026-04-30T01:55:00+07:00,BUY,4543.36,4541.19,4558.47,BE,-0.2,S418 BUY ICT Confluence 7R score=40,concepts=OB+SWEEP buy=40 sell=0
2026-04-30T14:25:00+07:00,2026-04-30T14:30:00+07:00,SELL,4569.88,4571.52,4556.16,SL,-1.84,S418 SELL ICT Confluence 7R score=40,concepts=FVG+SWEEP buy=0 sell=40
2026-04-30T17:30:00+07:00,2026-04-30T17:40:00+07:00,SELL,4624.36,4632.27,4569.23,BE,-0.2,S418 SELL ICT Confluence 7R score=40,concepts=OB+SWEEP buy=0 sell=40
2026-04-30T22:35:00+07:00,2026-04-30T23:50:00+07:00,BUY,4612.32,4608.66,4638.34,BE,-0.2,S418 BUY ICT Confluence 7R score=40,concepts=FVG+OB buy=40 sell=0
2026-05-01T00:00:00+07:00,2026-05-01T00:10:00+07:00,BUY,4614.48,4609.57,4648.29,BE,-0.2,S418 BUY ICT Confluence 7R score=40,concepts=FVG+SWEEP buy=40 sell=0
2026-05-01T00:20:00+07:00,2026-05-01T00:30:00+07:00,BUY,4611.07,4605.14,4652.74,BE,-0.2,S418 BUY ICT Confluence 7R score=40,concepts=FVG+SWEEP buy=40 sell=0
2026-05-01T00:35:00+07:00,2026-05-01T00:55:00+07:00,BUY,4610.8,4605.16,4649.96,BE,-0.2,S418 BUY ICT Confluence 7R score=40,concepts=FVG+OB buy=40 sell=0
2026-05-01T01:25:00+07:00,2026-05-01T01:30:00+07:00,SELL,4617.79,4621.31,4594.19,SL,-3.72,S418 SELL ICT Confluence 7R score=40,concepts=FVG+SWEEP buy=0 sell=40
2026-05-01T06:35:00+07:00,2026-05-01T06:50:00+07:00,SELL,4630.11,4633.14,4608.82,BE,-0.2,S418 SELL ICT Confluence 7R score=40,concepts=FVG+OB buy=0 sell=40
2026-05-01T06:55:00+07:00,2026-05-01T07:05:00+07:00,SELL,4630.36,4633.17,4611.17,BE,-0.2,S418 SELL ICT Confluence 7R score=40,concepts=FVG+OB buy=0 sell=40
2026-05-01T07:15:00+07:00,2026-05-01T07:30:00+07:00,SELL,4629.97,4633.14,4607.62,SL,-3.37,S418 SELL ICT Confluence 7R score=40,concepts=FVG+OB buy=0 sell=40
2026-05-01T07:40:00+07:00,2026-05-01T07:50:00+07:00,SELL,4631.04,4634.39,4609.91,BE,-0.2,S418 SELL ICT Confluence 7R score=40,concepts=OB+SWEEP buy=0 sell=40
2026-05-01T08:10:00+07:00,2026-05-01T08:30:00+07:00,BUY,4622.44,4620.5,4635.94,BE,-0.2,S418 BUY ICT Confluence 7R score=40,concepts=FVG+OB buy=40 sell=20
2026-05-01T13:45:00+07:00,2026-05-01T13:55:00+07:00,BUY,4611.93,4606.96,4646.8,SL,-5.17,S418 BUY ICT Confluence 7R score=40,concepts=FVG+SWEEP buy=40 sell=20
2026-05-01T16:50:00+07:00,2026-05-01T17:00:00+07:00,BUY,4568.6,4564.72,4593.84,BE,-0.2,S418 BUY ICT Confluence 7R score=40,concepts=OB+SWEEP buy=40 sell=0
2026-05-01T17:05:00+07:00,2026-05-01T17:15:00+07:00,BUY,4566.49,4563.97,4584.21,BE,-0.2,S418 BUY ICT Confluence 7R score=40,concepts=OB+SWEEP buy=40 sell=0
2026-05-02T00:15:00+07:00,2026-05-02T02:05:00+07:00,SELL,4647.17,4650.67,4623.31,TP,23.66,S418 SELL ICT Confluence 7R score=40,concepts=FVG+SWEEP buy=0 sell=40
2026-05-02T03:45:00+07:00,2026-05-02T03:50:00+07:00,BUY,4614.67,4610.75,4640.91,SL,-4.12,S418 BUY ICT Confluence 7R score=40,concepts=FVG+SWEEP buy=40 sell=0
2026-05-04T06:10:00+07:00,2026-05-04T06:30:00+07:00,SELL,4622.46,4628.15,4583.19,BE,-0.2,S418 SELL ICT Confluence 7R score=40,concepts=FVG+OB buy=0 sell=40
2026-05-04T06:35:00+07:00,2026-05-04T06:40:00+07:00,SELL,4625.57,4627.42,4611.9,SL,-2.05,S418 SELL ICT Confluence 7R score=40,concepts=FVG+SWEEP buy=0 sell=40
2026-05-04T06:45:00+07:00,2026-05-04T09:00:00+07:00,SELL,4626.35,4629.93,4601.13,TP,25.02,S418 SELL ICT Confluence 7R score=40,concepts=FVG+SWEEP buy=0 sell=40
2026-05-04T10:00:00+07:00,2026-05-04T11:50:00+07:00,SELL,4613.04,4619.13,4571.85,BE,-0.2,S418 SELL ICT Confluence 7R score=40,concepts=OB+SWEEP buy=20 sell=40
2026-05-04T12:00:00+07:00,2026-05-04T12:25:00+07:00,SELL,4610.14,4617.58,4558.22,BE,-0.2,S418 SELL ICT Confluence 7R score=40,concepts=OB+SWEEP buy=0 sell=40
2026-05-05T03:35:00+07:00,2026-05-05T08:05:00+07:00,SELL,4524.19,4527.68,4500.64,BE,-0.2,S418 SELL ICT Confluence 7R score=40,concepts=OB+SWEEP buy=0 sell=40
2026-05-05T20:15:00+07:00,2026-05-05T20:20:00+07:00,SELL,4561.96,4567.49,4523.33,SL,-5.73,S418 SELL ICT Confluence 7R score=40,concepts=OB+SWEEP buy=0 sell=40
2026-05-05T22:25:00+07:00,2026-05-05T22:40:00+07:00,SELL,4584.21,4587.24,4564.2,BE,-0.2,S418 SELL ICT Confluence 7R score=40,concepts=OB+SWEEP buy=0 sell=40
2026-05-05T23:40:00+07:00,2026-05-05T23:50:00+07:00,BUY,4572.96,4565.47,4625.63,BE,-0.2,S418 BUY ICT Confluence 7R score=40,concepts=FVG+OB buy=40 sell=0
2026-05-05T23:55:00+07:00,2026-05-06T00:00:00+07:00,BUY,4568.51,4565.5,4589.66,SL,-3.21,S418 BUY ICT Confluence 7R score=40,concepts=FVG+OB buy=40 sell=0
2026-05-06T00:10:00+07:00,2026-05-06T00:20:00+07:00,BUY,4566.28,4561.93,4596.65,SL,-4.55,S418 BUY ICT Confluence 7R score=40,concepts=OB+SWEEP buy=40 sell=0
2026-05-06T02:45:00+07:00,2026-05-06T06:55:00+07:00,SELL,4562.85,4566.18,4538.82,BE,-0.2,S418 SELL ICT Confluence 7R score=40,concepts=OB+SWEEP buy=0 sell=40
2026-05-06T21:05:00+07:00,2026-05-11T08:50:00+07:00,BUY,4673.21,4659.64,4768.76,BE,-0.2,S418 BUY ICT Confluence 7R score=40,concepts=FVG+OB buy=40 sell=0
2026-05-11T09:05:00+07:00,2026-05-11T09:15:00+07:00,SELL,4690.96,4700.71,4622.79,BE,-0.2,S418 SELL ICT Confluence 7R score=40,concepts=FVG+SWEEP buy=0 sell=40
2026-05-11T09:25:00+07:00,2026-05-11T10:35:00+07:00,SELL,4699.15,4706.48,4646.4,BE,-0.2,S418 SELL ICT Confluence 7R score=40,concepts=FVG+SWEEP buy=0 sell=40
2026-05-11T11:00:00+07:00,2026-05-11T11:35:00+07:00,BUY,4683.75,4674.4,4749.28,BE,-0.2,S418 BUY ICT Confluence 7R score=40,concepts=OB+SWEEP buy=40 sell=20
2026-05-11T16:20:00+07:00,2026-05-11T19:40:00+07:00,SELL,4676.77,4680.98,4646.34,BE,-0.2,S418 SELL ICT Confluence 7R score=40,concepts=FVG+OB buy=0 sell=40
2026-05-11T23:50:00+07:00,2026-05-12T00:00:00+07:00,SELL,4731.95,4738.76,4683.88,BE,-0.2,S418 SELL ICT Confluence 7R score=40,concepts=FVG+OB buy=0 sell=40
2026-05-12T00:25:00+07:00,2026-05-12T00:30:00+07:00,BUY,4723.94,4722.03,4737.87,SL,-2.11,S418 BUY ICT Confluence 7R score=40,concepts=OB+SWEEP buy=40 sell=0
2026-05-12T04:05:00+07:00,2026-05-12T04:15:00+07:00,SELL,4734.6,4738.17,4709.13,BE,-0.2,S418 SELL ICT Confluence 7R score=40,concepts=OB+SWEEP buy=20 sell=40
2026-05-12T14:55:00+07:00,2026-05-12T15:00:00+07:00,BUY,4697.12,4693.96,4719.72,SL,-3.36,S418 BUY ICT Confluence 7R score=40,concepts=OB+SWEEP buy=40 sell=0
2026-05-12T17:00:00+07:00,2026-05-12T17:25:00+07:00,BUY,4701.5,4695.16,4745.48,BE,-0.2,S418 BUY ICT Confluence 7R score=40,concepts=FVG+OB buy=40 sell=20
2026-05-12T17:30:00+07:00,2026-05-12T17:40:00+07:00,SELL,4702.23,4707.21,4667.45,BE,-0.2,S418 SELL ICT Confluence 7R score=40,concepts=FVG+OB buy=20 sell=40
2026-05-12T17:45:00+07:00,2026-05-12T17:55:00+07:00,BUY,4700.86,4693.82,4748.94,BE,-0.2,S418 BUY ICT Confluence 7R score=40,concepts=OB+SWEEP buy=40 sell=20
2026-05-12T18:15:00+07:00,2026-05-12T18:25:00+07:00,BUY,4701.02,4693.76,4751.76,BE,-0.2,S418 BUY ICT Confluence 7R score=40,concepts=FVG+OB buy=40 sell=20
2026-05-12T18:30:00+07:00,2026-05-12T18:35:00+07:00,BUY,4695.41,4691.86,4720.1,SL,-3.75,S418 BUY ICT Confluence 7R score=40,concepts=OB+SWEEP buy=40 sell=0
2026-05-12T20:35:00+07:00,2026-05-12T20:45:00+07:00,SELL,4701.7,4709.82,4644.94,SL,-8.32,S418 SELL ICT Confluence 7R score=40,concepts=FVG+OB buy=20 sell=40
2026-05-12T21:20:00+07:00,2026-05-12T21:30:00+07:00,BUY,4690.9,4678.81,4775.37,BE,-0.2,S418 BUY ICT Confluence 7R score=40,concepts=OB+SWEEP buy=40 sell=20
2026-05-12T22:00:00+07:00,2026-05-12T22:10:00+07:00,BUY,4690.64,4675.18,4798.62,BE,-0.2,S418 BUY ICT Confluence 7R score=40,concepts=OB+SWEEP buy=40 sell=0
2026-05-12T22:30:00+07:00,2026-05-12T22:40:00+07:00,BUY,4684.83,4670.76,4782.36,BE,-0.2,S418 BUY ICT Confluence 7R score=40,concepts=OB+SWEEP buy=40 sell=0
2026-05-12T22:50:00+07:00,2026-05-12T22:55:00+07:00,BUY,4676.78,4670.32,4723.84,SL,-6.66,S418 BUY ICT Confluence 7R score=40,concepts=OB+SWEEP buy=40 sell=0
2026-05-13T00:35:00+07:00,2026-05-13T00:50:00+07:00,SELL,4670.45,4678.65,4612.97,BE,-0.2,S418 SELL ICT Confluence 7R score=40,concepts=FVG+OB buy=0 sell=40
2026-05-13T01:25:00+07:00,2026-05-13T01:40:00+07:00,SELL,4679.34,4682.76,4655.56,BE,-0.2,S418 SELL ICT Confluence 7R score=40,concepts=FVG+SWEEP buy=0 sell=40
2026-05-13T02:20:00+07:00,2026-05-13T02:25:00+07:00,SELL,4682.58,4684.9,4666.26,SL,-2.52,S418 SELL ICT Confluence 7R score=40,concepts=FVG+SWEEP buy=0 sell=40
2026-05-13T06:55:00+07:00,2026-05-13T07:05:00+07:00,SELL,4716.94,4722.86,4675.9,BE,-0.2,S418 SELL ICT Confluence 7R score=40,concepts=OB+SWEEP buy=0 sell=40
2026-05-13T07:25:00+07:00,2026-05-13T07:35:00+07:00,SELL,4720.3,4724.32,4691.92,BE,-0.2,S418 SELL ICT Confluence 7R score=40,concepts=OB+SWEEP buy=0 sell=40
2026-05-13T09:20:00+07:00,2026-05-13T09:25:00+07:00,BUY,4707.61,4704.42,4730.66,SL,-3.39,S418 BUY ICT Confluence 7R score=40,concepts=FVG+SWEEP buy=40 sell=0
2026-05-13T09:35:00+07:00,2026-05-13T09:55:00+07:00,BUY,4705.91,4701.29,4737.61,BE,-0.2,S418 BUY ICT Confluence 7R score=40,concepts=FVG+SWEEP buy=40 sell=0
2026-05-13T13:20:00+07:00,2026-05-13T13:30:00+07:00,BUY,4699.48,4693.96,4737.88,BE,-0.2,S418 BUY ICT Confluence 7R score=40,concepts=FVG+OB buy=40 sell=0
2026-05-13T16:25:00+07:00,2026-05-13T16:30:00+07:00,BUY,4697.13,4694.49,4715.53,SL,-2.84,S418 BUY ICT Confluence 7R score=40,concepts=OB+SWEEP buy=40 sell=0
2026-05-13T17:10:00+07:00,2026-05-13T17:15:00+07:00,BUY,4694.49,4693.27,4703.67,SL,-1.42,S418 BUY ICT Confluence 7R score=40,concepts=FVG+SWEEP buy=40 sell=0
2026-05-14T10:50:00+07:00,2026-05-14T11:00:00+07:00,BUY,4687.27,4679.31,4742.67,BE,-0.2,S418 BUY ICT Confluence 7R score=40,concepts=OB+SWEEP buy=40 sell=20
2026-05-14T11:35:00+07:00,2026-05-14T11:40:00+07:00,BUY,4680.59,4678.63,4694.23,SL,-2.16,S418 BUY ICT Confluence 7R score=40,concepts=OB+SWEEP buy=40 sell=0
2026-05-14T14:10:00+07:00,2026-05-14T15:25:00+07:00,BUY,4687.91,4685.77,4702.65,TP,14.54,S418 BUY ICT Confluence 7R score=40,concepts=FVG+SWEEP buy=40 sell=0
2026-05-14T17:30:00+07:00,2026-05-14T17:35:00+07:00,BUY,4694.73,4688.72,4738.08,SL,-6.21,S418 BUY ICT Confluence 7R score=40,concepts=OB+SWEEP buy=40 sell=0
2026-05-14T19:25:00+07:00,2026-05-14T21:15:00+07:00,BUY,4692.05,4689.04,4713.04,BE,-0.2,S418 BUY ICT Confluence 7R score=40,concepts=OB+SWEEP buy=40 sell=0
2026-05-15T00:10:00+07:00,2026-05-15T00:20:00+07:00,BUY,4678.49,4673.73,4712.85,BE,-0.2,S418 BUY ICT Confluence 7R score=40,concepts=OB+SWEEP buy=40 sell=0
2026-05-15T01:40:00+07:00,2026-05-15T08:25:00+07:00,SELL,4681.49,4687.38,4639.78,TP,41.51,S418 SELL ICT Confluence 7R score=40,concepts=FVG+OB buy=20 sell=40
2026-05-15T09:15:00+07:00,2026-05-15T09:25:00+07:00,BUY,4619.73,4606.71,4711.43,BE,-0.2,S418 BUY ICT Confluence 7R score=40,concepts=OB+SWEEP buy=40 sell=0
2026-05-15T20:00:00+07:00,2026-05-15T20:10:00+07:00,BUY,4550.28,4545.8,4581.72,BE,-0.2,S418 BUY ICT Confluence 7R score=40,concepts=FVG+SWEEP buy=40 sell=0
2026-05-15T22:25:00+07:00,2026-05-15T22:35:00+07:00,SELL,4555.51,4563.86,4497.86,BE,-0.2,S418 SELL ICT Confluence 7R score=40,concepts=FVG+SWEEP buy=20 sell=40
2026-05-16T01:25:00+07:00,2026-05-16T02:10:00+07:00,SELL,4557.84,4565.04,4508.08,BE,-0.2,S418 SELL ICT Confluence 7R score=40,concepts=OB+SWEEP buy=0 sell=40
2026-05-16T03:00:00+07:00,2026-05-16T03:05:00+07:00,BUY,4554.4,4552.01,4571.05,SL,-2.59,S418 BUY ICT Confluence 7R score=40,concepts=FVG+OB buy=40 sell=0
2026-05-16T04:15:00+07:00,2026-05-16T04:20:00+07:00,BUY,4536.74,4535.14,4548.1,SL,-1.8,S418 BUY ICT Confluence 7R score=40,concepts=FVG+SWEEP buy=40 sell=0
2026-05-18T07:30:00+07:00,2026-05-18T07:40:00+07:00,BUY,4539.18,4534.27,4572.67,BE,-0.2,S418 BUY ICT Confluence 7R score=40,concepts=FVG+SWEEP buy=40 sell=0
2026-05-18T07:45:00+07:00,2026-05-18T07:55:00+07:00,BUY,4537.95,4531.62,4583.78,BE,-0.2,S418 BUY ICT Confluence 7R score=40,concepts=FVG+SWEEP buy=40 sell=0
2026-05-18T09:50:00+07:00,2026-05-18T10:00:00+07:00,SELL,4530.47,4537.03,4483.43,BE,-0.2,S418 SELL ICT Confluence 7R score=40,concepts=FVG+SWEEP buy=0 sell=40
2026-05-18T21:35:00+07:00,2026-05-18T21:45:00+07:00,SELL,4573.61,4580.75,4523.87,BE,-0.2,S418 SELL ICT Confluence 7R score=40,concepts=OB+SWEEP buy=0 sell=40
2026-05-18T22:40:00+07:00,2026-05-18T23:00:00+07:00,BUY,4547.7,4537.59,4618.55,SL,-10.31,S418 BUY ICT Confluence 7R score=40,concepts=FVG+SWEEP buy=40 sell=0
2026-05-19T00:35:00+07:00,2026-05-19T00:45:00+07:00,SELL,4544.12,4551.31,4493.71,BE,-0.2,S418 SELL ICT Confluence 7R score=40,concepts=FVG+OB buy=0 sell=40
2026-05-19T06:20:00+07:00,2026-05-19T06:30:00+07:00,SELL,4571.94,4574.93,4551.65,BE,-0.2,S418 SELL ICT Confluence 7R score=40,concepts=FVG+SWEEP buy=0 sell=40
2026-05-19T08:10:00+07:00,2026-05-19T08:20:00+07:00,BUY,4578.82,4571.21,4632.01,BE,-0.2,S418 BUY ICT Confluence 7R score=40,concepts=FVG+OB buy=40 sell=0
2026-05-19T10:10:00+07:00,2026-05-19T10:15:00+07:00,BUY,4554.47,4552.45,4569.17,SL,-2.22,S418 BUY ICT Confluence 7R score=40,concepts=FVG+SWEEP buy=40 sell=0
2026-05-19T10:45:00+07:00,2026-05-19T10:50:00+07:00,BUY,4552.29,4549.85,4568.65,SL,-2.64,S418 BUY ICT Confluence 7R score=40,concepts=FVG+SWEEP buy=40 sell=0
2026-05-19T12:00:00+07:00,2026-05-19T12:05:00+07:00,BUY,4544.2,4541.11,4565.99,SL,-3.29,S418 BUY ICT Confluence 7R score=40,concepts=FVG+SWEEP buy=40 sell=0
2026-05-19T15:05:00+07:00,2026-05-19T15:45:00+07:00,SELL,4552.77,4555.89,4532.13,BE,-0.2,S418 SELL ICT Confluence 7R score=40,concepts=OB+SWEEP buy=0 sell=40
2026-05-19T16:00:00+07:00,2026-05-19T21:20:00+07:00,SELL,4552.91,4559.87,4503.79,TP,48.92,S418 SELL ICT Confluence 7R score=40,concepts=OB+SWEEP buy=0 sell=40
2026-05-20T00:00:00+07:00,2026-05-20T00:20:00+07:00,SELL,4505.66,4510.87,4468.95,BE,-0.2,S418 SELL ICT Confluence 7R score=40,concepts=FVG+SWEEP buy=0 sell=40
2026-05-20T00:25:00+07:00,2026-05-20T00:35:00+07:00,SELL,4508.8,4512.57,4482.25,BE,-0.2,S418 SELL ICT Confluence 7R score=40,concepts=FVG+SWEEP buy=0 sell=40
2026-05-20T02:30:00+07:00,2026-05-20T02:50:00+07:00,BUY,4497.82,4493.06,4530.82,BE,-0.2,S418 BUY ICT Confluence 7R score=40,concepts=FVG+SWEEP buy=40 sell=0
2026-05-20T02:55:00+07:00,2026-05-20T03:15:00+07:00,BUY,4493.59,4490.05,4518.77,BE,-0.2,S418 BUY ICT Confluence 7R score=40,concepts=FVG+SWEEP buy=40 sell=0
2026-05-20T04:40:00+07:00,2026-05-20T04:50:00+07:00,BUY,4483.51,4480.71,4502.71,BE,-0.2,S418 BUY ICT Confluence 7R score=40,concepts=FVG+OB buy=40 sell=0
2026-05-20T14:25:00+07:00,2026-05-20T14:45:00+07:00,SELL,4472.11,4479.67,4418.31,BE,-0.2,S418 SELL ICT Confluence 7R score=40,concepts=FVG+OB buy=0 sell=40
2026-05-20T14:50:00+07:00,2026-05-20T15:00:00+07:00,SELL,4474.87,4479.7,4440.98,BE,-0.2,S418 SELL ICT Confluence 7R score=40,concepts=FVG+OB buy=0 sell=40
2026-05-20T15:30:00+07:00,2026-05-20T15:40:00+07:00,SELL,4478.21,4486.59,4419.47,BE,-0.2,S418 SELL ICT Confluence 7R score=40,concepts=OB+SWEEP buy=0 sell=40
2026-05-20T17:50:00+07:00,2026-05-20T17:55:00+07:00,SELL,4489.42,4490.6,4480.76,SL,-1.38,S418 SELL ICT Confluence 7R score=40,concepts=FVG+OB buy=0 sell=40
2026-05-20T18:05:00+07:00,2026-05-20T18:15:00+07:00,SELL,4490.06,4492.74,4469.7,BE,-0.2,S418 SELL ICT Confluence 7R score=40,concepts=FVG+SWEEP buy=0 sell=40
2026-05-20T18:20:00+07:00,2026-05-20T18:30:00+07:00,SELL,4491.52,4493.03,4481.03,BE,-0.2,S418 SELL ICT Confluence 7R score=40,concepts=FVG+SWEEP buy=0 sell=40
2026-05-20T21:10:00+07:00,2026-05-20T21:20:00+07:00,SELL,4505.21,4506.59,4495.63,TP,9.38,S418 SELL ICT Confluence 7R score=40,concepts=OB+SWEEP buy=0 sell=40
2026-05-21T00:20:00+07:00,2026-05-21T00:30:00+07:00,BUY,4526.03,4516.3,4594.3,BE,-0.2,S418 BUY ICT Confluence 7R score=40,concepts=FVG+OB buy=40 sell=0
2026-05-21T02:55:00+07:00,2026-05-21T03:05:00+07:00,SELL,4542.44,4545.44,4521.36,BE,-0.2,S418 SELL ICT Confluence 7R score=40,concepts=OB+SWEEP buy=0 sell=40
2026-05-21T06:25:00+07:00,2026-05-21T06:50:00+07:00,BUY,4539.03,4535.03,4566.55,BE,-0.2,S418 BUY ICT Confluence 7R score=40,concepts=FVG+SWEEP buy=40 sell=0
2026-05-21T07:25:00+07:00,2026-05-21T08:25:00+07:00,BUY,4538.67,4534.24,4568.56,BE,-0.2,S418 BUY ICT Confluence 7R score=40,concepts=FVG+SWEEP buy=40 sell=0
2026-05-21T16:10:00+07:00,2026-05-21T16:15:00+07:00,SELL,4534.12,4536.13,4520.53,SL,-2.21,S418 SELL ICT Confluence 7R score=40,concepts=FVG+SWEEP buy=0 sell=40
2026-05-21T17:05:00+07:00,2026-05-21T17:10:00+07:00,SELL,4533.8,4537.26,4509.26,SL,-3.66,S418 SELL ICT Confluence 7R score=40,concepts=FVG+OB buy=0 sell=40
2026-05-21T17:30:00+07:00,2026-05-21T18:10:00+07:00,SELL,4535.3,4543.25,4479.17,BE,-0.2,S418 SELL ICT Confluence 7R score=40,concepts=OB+SWEEP buy=0 sell=40
2026-05-21T20:50:00+07:00,2026-05-21T20:55:00+07:00,BUY,4508.17,4503.98,4537.42,SL,-4.39,S418 BUY ICT Confluence 7R score=40,concepts=FVG+OB buy=40 sell=0
2026-05-21T21:05:00+07:00,2026-05-21T21:15:00+07:00,BUY,4504.7,4498.83,4545.87,SL,-6.07,S418 BUY ICT Confluence 7R score=40,concepts=OB+SWEEP buy=40 sell=0
2026-05-22T04:15:00+07:00,2026-05-22T04:30:00+07:00,SELL,4541.8,4547.57,4501.17,BE,-0.2,S418 SELL ICT Confluence 7R score=40,concepts=FVG+OB buy=20 sell=40
2026-05-22T04:35:00+07:00,2026-05-22T04:50:00+07:00,SELL,4541.55,4545.14,4516.58,BE,-0.2,S418 SELL ICT Confluence 7R score=40,concepts=FVG+OB buy=20 sell=40
2026-05-22T07:45:00+07:00,2026-05-22T07:55:00+07:00,BUY,4535.9,4532.29,4561.25,BE,-0.2,S418 BUY ICT Confluence 7R score=40,concepts=OB+SWEEP buy=40 sell=20
2026-05-22T09:40:00+07:00,2026-05-22T10:00:00+07:00,BUY,4524.97,4520.81,4555.85,BE,-0.2,S418 BUY ICT Confluence 7R score=40,concepts=FVG+SWEEP buy=40 sell=0
2026-05-22T10:35:00+07:00,2026-05-22T10:55:00+07:00,BUY,4521.92,4518.07,4548.63,BE,-0.2,S418 BUY ICT Confluence 7R score=40,concepts=FVG+SWEEP buy=40 sell=0
2026-05-22T11:00:00+07:00,2026-05-22T11:35:00+07:00,BUY,4525.23,4518.13,4573.49,BE,-0.2,S418 BUY ICT Confluence 7R score=40,concepts=FVG+OB buy=40 sell=20
2026-05-22T16:00:00+07:00,2026-05-22T16:10:00+07:00,SELL,4525.0,4529.26,4494.94,BE,-0.2,S418 SELL ICT Confluence 7R score=40,concepts=FVG+OB buy=0 sell=40
2026-05-22T16:20:00+07:00,2026-05-22T17:45:00+07:00,SELL,4528.03,4531.55,4502.99,BE,-0.2,S418 SELL ICT Confluence 7R score=40,concepts=FVG+SWEEP buy=20 sell=40
2026-05-22T18:10:00+07:00,2026-05-22T20:15:00+07:00,SELL,4534.07,4537.29,4509.77,BE,-0.2,S418 SELL ICT Confluence 7R score=40,concepts=OB+SWEEP buy=0 sell=40
2026-05-23T02:00:00+07:00,2026-05-23T02:10:00+07:00,BUY,4515.62,4511.61,4543.61,BE,-0.2,S418 BUY ICT Confluence 7R score=40,concepts=OB+SWEEP buy=40 sell=0
2026-05-23T03:15:00+07:00,2026-05-23T03:25:00+07:00,BUY,4509.04,4506.65,4525.61,SL,-2.59,S418 BUY ICT Confluence 7R score=40,concepts=FVG+SWEEP buy=40 sell=0
2026-05-23T03:30:00+07:00,2026-05-23T03:45:00+07:00,BUY,4507.88,4504.0,4536.64,BE,-0.2,S418 BUY ICT Confluence 7R score=40,concepts=FVG+SWEEP buy=40 sell=0
2026-05-25T10:15:00+07:00,2026-05-25T10:25:00+07:00,BUY,4561.66,4558.26,4585.54,BE,-0.2,S418 BUY ICT Confluence 7R score=40,concepts=FVG+SWEEP buy=40 sell=0
2026-05-25T10:55:00+07:00,2026-05-25T11:05:00+07:00,BUY,4561.39,4558.36,4582.52,BE,-0.2,S418 BUY ICT Confluence 7R score=40,concepts=FVG+OB buy=40 sell=0
2026-05-25T11:15:00+07:00,2026-05-25T11:25:00+07:00,BUY,4562.12,4558.43,4588.19,BE,-0.2,S418 BUY ICT Confluence 7R score=40,concepts=FVG+OB buy=40 sell=0
2026-05-25T11:30:00+07:00,2026-05-25T11:40:00+07:00,BUY,4561.53,4558.5,4583.14,BE,-0.2,S418 BUY ICT Confluence 7R score=40,concepts=FVG+OB buy=40 sell=0
2026-05-25T11:50:00+07:00,2026-05-25T12:00:00+07:00,BUY,4559.74,4556.37,4583.73,BE,-0.2,S418 BUY ICT Confluence 7R score=40,concepts=FVG+SWEEP buy=40 sell=20
2026-05-25T13:00:00+07:00,2026-05-25T13:20:00+07:00,SELL,4565.57,4566.34,4559.86,TP,5.51,S418 SELL ICT Confluence 7R score=40,concepts=OB+SWEEP buy=0 sell=40
2026-05-25T15:00:00+07:00,2026-05-25T15:10:00+07:00,SELL,4564.04,4565.13,4556.57,BE,-0.2,S418 SELL ICT Confluence 7R score=40,concepts=FVG+OB buy=20 sell=40
2026-05-25T15:50:00+07:00,2026-05-25T16:00:00+07:00,SELL,4563.88,4565.48,4552.44,BE,-0.2,S418 SELL ICT Confluence 7R score=40,concepts=FVG+SWEEP buy=0 sell=40
2026-05-25T19:40:00+07:00,2026-05-25T19:45:00+07:00,SELL,4574.46,4576.48,4560.24,SL,-2.22,S418 SELL ICT Confluence 7R score=40,concepts=OB+SWEEP buy=0 sell=40
2026-05-25T21:40:00+07:00,2026-05-25T22:00:00+07:00,SELL,4565.21,4571.81,4518.53,BE,-0.2,S418 SELL ICT Confluence 7R score=40,concepts=FVG+OB buy=20 sell=40
2026-05-25T22:05:00+07:00,2026-05-25T22:20:00+07:00,SELL,4569.51,4571.79,4554.35,BE,-0.2,S418 SELL ICT Confluence 7R score=40,concepts=FVG+OB buy=0 sell=40
2026-05-25T23:10:00+07:00,2026-05-25T23:20:00+07:00,SELL,4570.13,4573.71,4544.83,BE,-0.2,S418 SELL ICT Confluence 7R score=40,concepts=FVG+SWEEP buy=0 sell=40
2026-05-25T23:25:00+07:00,2026-05-26T00:45:00+07:00,SELL,4573.38,4574.9,4562.58,BE,-0.2,S418 SELL ICT Confluence 7R score=40,concepts=FVG+SWEEP buy=0 sell=40
2026-05-26T07:25:00+07:00,2026-05-26T07:30:00+07:00,BUY,4568.31,4566.95,4577.27,SL,-1.56,S418 BUY ICT Confluence 7R score=40,concepts=OB+SWEEP buy=40 sell=0
2026-05-26T18:05:00+07:00,2026-05-26T18:10:00+07:00,SELL,4525.5,4528.43,4504.75,SL,-3.13,S418 SELL ICT Confluence 7R score=40,concepts=FVG+OB buy=0 sell=40
2026-05-26T18:20:00+07:00,2026-05-26T18:25:00+07:00,SELL,4531.69,4533.53,4518.73,SL,-2.04,S418 SELL ICT Confluence 7R score=40,concepts=FVG+SWEEP buy=0 sell=40
2026-05-26T21:40:00+07:00,2026-05-27T01:55:00+07:00,SELL,4527.44,4532.04,4494.28,TP,32.96,S418 SELL ICT Confluence 7R score=40,concepts=FVG+SWEEP buy=0 sell=40
2026-05-27T08:30:00+07:00,2026-05-27T08:45:00+07:00,SELL,4519.76,4528.19,4460.67,BE,-0.2,S418 SELL ICT Confluence 7R score=40,concepts=FVG+OB buy=20 sell=40
2026-05-27T10:00:00+07:00,2026-05-27T10:05:00+07:00,BUY,4505.57,4503.71,4518.75,SL,-2.06,S418 BUY ICT Confluence 7R score=40,concepts=FVG+OB buy=40 sell=20
2026-05-27T10:10:00+07:00,2026-05-27T10:15:00+07:00,BUY,4504.16,4501.77,4521.21,SL,-2.59,S418 BUY ICT Confluence 7R score=40,concepts=FVG+SWEEP buy=40 sell=0
2026-05-27T10:40:00+07:00,2026-05-27T10:45:00+07:00,BUY,4499.91,4498.32,4511.2,SL,-1.79,S418 BUY ICT Confluence 7R score=40,concepts=OB+SWEEP buy=40 sell=0
2026-05-27T11:35:00+07:00,2026-05-27T11:50:00+07:00,BUY,4503.08,4497.71,4539.79,BE,-0.2,S418 BUY ICT Confluence 7R score=40,concepts=FVG+OB buy=40 sell=20
2026-05-27T12:00:00+07:00,2026-05-27T12:25:00+07:00,BUY,4499.77,4495.53,4529.37,BE,-0.2,S418 BUY ICT Confluence 7R score=40,concepts=OB+SWEEP buy=40 sell=0
2026-05-27T18:00:00+07:00,2026-05-27T18:10:00+07:00,BUY,4486.42,4484.68,4499.08,BE,-0.2,S418 BUY ICT Confluence 7R score=40,concepts=OB+SWEEP buy=40 sell=0
2026-05-28T01:35:00+07:00,2026-05-28T01:45:00+07:00,SELL,4451.02,4454.75,4424.99,BE,-0.2,S418 SELL ICT Confluence 7R score=40,concepts=FVG+SWEEP buy=0 sell=40
2026-05-28T02:55:00+07:00,2026-05-28T03:35:00+07:00,SELL,4454.41,4458.56,4425.44,BE,-0.2,S418 SELL ICT Confluence 7R score=40,concepts=FVG+OB buy=0 sell=40
2026-05-28T04:10:00+07:00,2026-05-28T04:15:00+07:00,SELL,4455.29,4456.71,4445.03,SL,-1.62,S418 SELL ICT Confluence 7R score=40,concepts=FVG+OB buy=0 sell=40
2026-05-28T04:25:00+07:00,2026-05-28T04:50:00+07:00,SELL,4455.1,4459.19,4426.55,BE,-0.2,S418 SELL ICT Confluence 7R score=40,concepts=FVG+OB buy=20 sell=40
2026-05-28T09:05:00+07:00,2026-05-28T09:10:00+07:00,BUY,4444.71,4442.51,4459.63,SL,-2.4,S418 BUY ICT Confluence 7R score=40,concepts=OB+SWEEP buy=40 sell=0
2026-05-28T15:20:00+07:00,2026-05-28T16:10:00+07:00,SELL,4394.37,4396.81,4377.37,BE,-0.2,S418 SELL ICT Confluence 7R score=40,concepts=OB+SWEEP buy=0 sell=40
2026-05-28T20:30:00+07:00,2026-05-28T20:35:00+07:00,SELL,4392.34,4395.12,4372.8,SL,-2.98,S418 SELL ICT Confluence 7R score=60,concepts=FVG+OB+SWEEP buy=0 sell=60
2026-05-29T03:45:00+07:00,2026-05-29T03:50:00+07:00,BUY,4498.74,4498.04,4503.56,SL,-0.9,S418 BUY ICT Confluence 7R score=60,concepts=FVG+OB+SWEEP buy=60 sell=0
2026-05-29T07:25:00+07:00,2026-05-29T07:35:00+07:00,BUY,4492.25,4490.62,4504.38,BE,-0.2,S418 BUY ICT Confluence 7R score=40,concepts=FVG+OB buy=40 sell=0
2026-05-29T07:50:00+07:00,2026-05-29T08:05:00+07:00,BUY,4492.35,4488.88,4516.48,BE,-0.2,S418 BUY ICT Confluence 7R score=40,concepts=FVG+OB buy=40 sell=0
2026-05-29T08:10:00+07:00,2026-05-29T08:15:00+07:00,SELL,4497.35,4498.55,4489.75,SL,-1.4,S418 SELL ICT Confluence 7R score=40,concepts=FVG+SWEEP buy=0 sell=40
2026-05-29T08:35:00+07:00,2026-05-29T08:45:00+07:00,BUY,4494.17,4488.74,4532.82,BE,-0.2,S418 BUY ICT Confluence 7R score=40,concepts=FVG+OB buy=40 sell=0
2026-05-29T08:50:00+07:00,2026-05-29T09:00:00+07:00,BUY,4494.21,4488.71,4532.63,BE,-0.2,S418 BUY ICT Confluence 7R score=40,concepts=FVG+OB buy=40 sell=0
2026-05-29T16:10:00+07:00,2026-05-29T16:20:00+07:00,BUY,4515.22,4510.33,4549.53,BE,-0.2,S418 BUY ICT Confluence 7R score=40,concepts=FVG+OB buy=40 sell=0
2026-05-29T16:50:00+07:00,2026-05-29T17:00:00+07:00,BUY,4514.02,4509.57,4544.77,BE,-0.2,S418 BUY ICT Confluence 7R score=40,concepts=OB+SWEEP buy=40 sell=0
2026-05-29T19:25:00+07:00,2026-05-29T19:35:00+07:00,BUY,4528.12,4525.01,4549.17,BE,-0.2,S418 BUY ICT Confluence 7R score=40,concepts=FVG+OB buy=40 sell=0
2026-05-29T20:25:00+07:00,2026-05-29T20:30:00+07:00,BUY,4522.41,4519.55,4541.95,SL,-3.06,S418 BUY ICT Confluence 7R score=40,concepts=FVG+OB buy=40 sell=0
2026-05-29T21:35:00+07:00,2026-05-29T21:45:00+07:00,SELL,4531.42,4539.57,4474.93,BE,-0.2,S418 SELL ICT Confluence 7R score=40,concepts=FVG+OB buy=0 sell=40
2026-05-30T01:50:00+07:00,2026-05-30T01:55:00+07:00,BUY,4553.58,4552.04,4564.28,SL,-1.74,S418 BUY ICT Confluence 7R score=40,concepts=FVG+SWEEP buy=40 sell=0
2026-05-30T02:45:00+07:00,2026-05-30T02:55:00+07:00,BUY,4553.07,4550.59,4570.03,BE,-0.2,S418 BUY ICT Confluence 7R score=60,concepts=FVG+OB+SWEEP buy=60 sell=0
2026-05-30T03:30:00+07:00,2026-05-30T03:40:00+07:00,BUY,4553.47,4550.63,4573.43,BE,-0.2,S418 BUY ICT Confluence 7R score=40,concepts=FVG+OB buy=40 sell=0
2026-05-30T04:30:00+07:00,2026-05-30T04:40:00+07:00,BUY,4543.29,4541.53,4555.77,BE,-0.2,S418 BUY ICT Confluence 7R score=40,concepts=FVG+SWEEP buy=40 sell=0
2026-06-01T13:25:00+07:00,2026-06-01T13:35:00+07:00,SELL,4520.5,4523.88,4496.76,BE,-0.2,S418 SELL ICT Confluence 7R score=40,concepts=OB+SWEEP buy=0 sell=40
2026-06-01T13:50:00+07:00,2026-06-01T14:20:00+07:00,SELL,4523.48,4525.71,4508.03,TP,15.25,S418 SELL ICT Confluence 7R score=40,concepts=OB+SWEEP buy=0 sell=40
2026-06-01T17:40:00+07:00,2026-06-01T17:50:00+07:00,SELL,4498.36,4506.83,4439.55,BE,-0.2,S418 SELL ICT Confluence 7R score=40,concepts=FVG+OB buy=0 sell=40
2026-06-01T18:35:00+07:00,2026-06-01T18:40:00+07:00,SELL,4503.14,4507.14,4476.74,SL,-4.2,S418 SELL ICT Confluence 7R score=40,concepts=OB+SWEEP buy=0 sell=40
2026-06-01T18:50:00+07:00,2026-06-01T19:15:00+07:00,SELL,4507.32,4511.35,4479.19,BE,-0.2,S418 SELL ICT Confluence 7R score=40,concepts=FVG+SWEEP buy=0 sell=40
2026-06-01T19:20:00+07:00,2026-06-01T19:30:00+07:00,SELL,4508.65,4513.35,4476.07,BE,-0.2,S418 SELL ICT Confluence 7R score=40,concepts=FVG+SWEEP buy=0 sell=40
2026-06-01T21:00:00+07:00,2026-06-01T21:10:00+07:00,BUY,4501.76,4495.13,4548.01,SL,-6.83,S418 BUY ICT Confluence 7R score=40,concepts=OB+SWEEP buy=40 sell=20
2026-06-01T23:30:00+07:00,2026-06-01T23:35:00+07:00,SELL,4477.09,4479.46,4460.58,SL,-2.57,S418 SELL ICT Confluence 7R score=40,concepts=FVG+OB buy=20 sell=40
2026-06-01T23:40:00+07:00,2026-06-01T23:55:00+07:00,SELL,4472.29,4480.38,4415.98,BE,-0.2,S418 SELL ICT Confluence 7R score=40,concepts=FVG+OB buy=20 sell=40
2026-06-02T00:00:00+07:00,2026-06-02T00:50:00+07:00,SELL,4473.37,4480.33,4424.41,BE,-0.2,S418 SELL ICT Confluence 7R score=40,concepts=FVG+OB buy=0 sell=40
2026-06-02T01:50:00+07:00,2026-06-02T08:25:00+07:00,SELL,4491.38,4495.92,4460.0,BE,-0.2,S418 SELL ICT Confluence 7R score=40,concepts=FVG+SWEEP buy=0 sell=40
2026-06-02T09:40:00+07:00,2026-06-02T09:45:00+07:00,BUY,4479.85,4473.25,4526.13,SL,-6.8,S418 BUY ICT Confluence 7R score=40,concepts=FVG+OB buy=40 sell=0
2026-06-02T16:45:00+07:00,2026-06-02T16:55:00+07:00,BUY,4529.47,4527.35,4545.03,SL,-2.32,S418 BUY ICT Confluence 7R score=40,concepts=OB+SWEEP buy=40 sell=0
2026-06-02T17:30:00+07:00,2026-06-02T17:40:00+07:00,BUY,4525.73,4521.67,4553.75,BE,-0.2,S418 BUY ICT Confluence 7R score=40,concepts=FVG+SWEEP buy=40 sell=0
2026-06-02T20:15:00+07:00,2026-06-02T20:30:00+07:00,BUY,4526.89,4523.77,4548.33,BE,-0.2,S418 BUY ICT Confluence 7R score=40,concepts=OB+SWEEP buy=40 sell=0
2026-06-02T20:35:00+07:00,2026-06-02T20:45:00+07:00,BUY,4524.81,4521.33,4548.93,BE,-0.2,S418 BUY ICT Confluence 7R score=40,concepts=FVG+SWEEP buy=40 sell=0
2026-06-03T09:25:00+07:00,2026-06-03T09:35:00+07:00,BUY,4467.45,4462.84,4497.08,BE,-0.2,S418 BUY ICT Confluence 7R score=40,concepts=OB+SWEEP buy=40 sell=0
2026-06-03T12:45:00+07:00,2026-06-03T12:50:00+07:00,BUY,4471.43,4470.04,4481.08,SL,-1.59,S418 BUY ICT Confluence 7R score=40,concepts=FVG+SWEEP buy=40 sell=0
2026-06-03T14:45:00+07:00,2026-06-03T14:55:00+07:00,BUY,4459.04,4454.67,4489.87,BE,-0.2,S418 BUY ICT Confluence 7R score=40,concepts=OB+SWEEP buy=40 sell=0
2026-06-03T15:10:00+07:00,2026-06-03T16:50:00+07:00,SELL,4469.6,4472.8,4446.96,TP,22.44,S418 SELL ICT Confluence 7R score=40,concepts=OB+SWEEP buy=0 sell=40
2026-06-03T17:30:00+07:00,2026-06-03T17:55:00+07:00,BUY,4441.99,4438.77,4464.77,BE,-0.2,S418 BUY ICT Confluence 7R score=40,concepts=OB+SWEEP buy=40 sell=0
2026-06-03T19:05:00+07:00,2026-06-03T19:20:00+07:00,SELL,4463.24,4468.64,4424.96,BE,-0.2,S418 SELL ICT Confluence 7R score=40,concepts=OB+SWEEP buy=0 sell=40
2026-06-03T20:10:00+07:00,2026-06-03T20:25:00+07:00,BUY,4459.17,4452.89,4502.01,BE,-0.2,S418 BUY ICT Confluence 7R score=40,concepts=FVG+OB buy=40 sell=0
2026-06-03T21:20:00+07:00,2026-06-03T21:25:00+07:00,BUY,4450.25,4446.61,4475.81,SL,-3.84,S418 BUY ICT Confluence 7R score=60,concepts=FVG+OB+SWEEP buy=60 sell=0
2026-06-03T21:30:00+07:00,2026-06-03T21:40:00+07:00,BUY,4448.42,4445.25,4470.85,BE,-0.2,S418 BUY ICT Confluence 7R score=60,concepts=FVG+OB+SWEEP buy=60 sell=0
2026-06-03T22:35:00+07:00,2026-06-03T22:45:00+07:00,SELL,4451.68,4466.64,4346.88,BE,-0.2,S418 SELL ICT Confluence 7R score=40,concepts=FVG+OB buy=0 sell=40
2026-06-03T23:40:00+07:00,2026-06-03T23:50:00+07:00,BUY,4440.13,4436.32,4466.72,BE,-0.2,S418 BUY ICT Confluence 7R score=40,concepts=FVG+SWEEP buy=40 sell=0
2026-06-04T03:20:00+07:00,2026-06-04T03:30:00+07:00,SELL,4448.1,4452.55,4416.63,BE,-0.2,S418 SELL ICT Confluence 7R score=40,concepts=OB+SWEEP buy=20 sell=40
2026-06-04T08:00:00+07:00,2026-06-04T09:10:00+07:00,SELL,4459.97,4465.9,4419.74,BE,-0.2,S418 SELL ICT Confluence 7R score=40,concepts=FVG+SWEEP buy=0 sell=40
2026-06-04T14:15:00+07:00,2026-06-04T14:25:00+07:00,BUY,4469.65,4466.21,4492.77,BE,-0.2,S418 BUY ICT Confluence 7R score=40,concepts=FVG+SWEEP buy=40 sell=0
2026-06-04T14:45:00+07:00,2026-06-04T14:55:00+07:00,BUY,4466.98,4462.49,4498.81,BE,-0.2,S418 BUY ICT Confluence 7R score=60,concepts=FVG+OB+SWEEP buy=60 sell=0
2026-06-04T15:10:00+07:00,2026-06-04T15:25:00+07:00,BUY,4464.11,4461.82,4480.54,BE,-0.2,S418 BUY ICT Confluence 7R score=40,concepts=OB+SWEEP buy=40 sell=0
2026-06-04T16:25:00+07:00,2026-06-04T16:35:00+07:00,BUY,4463.49,4458.17,4500.57,BE,-0.2,S418 BUY ICT Confluence 7R score=40,concepts=OB+SWEEP buy=40 sell=0
2026-06-04T19:10:00+07:00,2026-06-04T19:15:00+07:00,SELL,4473.61,4479.15,4434.59,SL,-5.74,S418 SELL ICT Confluence 7R score=40,concepts=OB+SWEEP buy=20 sell=40
2026-06-04T21:45:00+07:00,2026-06-04T22:45:00+07:00,SELL,4510.11,4516.03,4468.51,TP,41.4,S418 SELL ICT Confluence 7R score=40,concepts=OB+SWEEP buy=0 sell=40
2026-06-05T03:00:00+07:00,2026-06-05T03:55:00+07:00,SELL,4481.4,4483.59,4466.31,BE,-0.2,S418 SELL ICT Confluence 7R score=40,concepts=OB+SWEEP buy=20 sell=40
2026-06-05T09:10:00+07:00,2026-06-05T09:20:00+07:00,BUY,4460.12,4450.18,4531.06,BE,-0.2,S418 BUY ICT Confluence 7R score=40,concepts=FVG+OB buy=40 sell=0
2026-06-05T17:10:00+07:00,2026-06-05T17:20:00+07:00,SELL,4465.95,4469.64,4440.36,BE,-0.2,S418 SELL ICT Confluence 7R score=40,concepts=OB+SWEEP buy=0 sell=40
2026-06-06T02:15:00+07:00,2026-06-06T02:25:00+07:00,BUY,4326.19,4321.22,4360.9,BE,-0.2,S418 BUY ICT Confluence 7R score=40,concepts=OB+SWEEP buy=40 sell=0
2026-06-08T12:15:00+07:00,2026-06-08T12:25:00+07:00,SELL,4318.7,4322.25,4293.93,BE,-0.2,S418 SELL ICT Confluence 7R score=40,concepts=OB+SWEEP buy=20 sell=40
2026-06-08T20:45:00+07:00,2026-06-08T20:55:00+07:00,SELL,4332.66,4340.06,4280.94,BE,-0.2,S418 SELL ICT Confluence 7R score=40,concepts=OB+SWEEP buy=0 sell=40
2026-06-08T21:30:00+07:00,2026-06-08T21:35:00+07:00,SELL,4333.38,4340.91,4281.47,SL,-7.73,S418 SELL ICT Confluence 7R score=40,concepts=OB+SWEEP buy=0 sell=40
2026-06-08T22:15:00+07:00,2026-06-08T22:25:00+07:00,BUY,4321.73,4315.88,4362.84,BE,-0.2,S418 BUY ICT Confluence 7R score=40,concepts=FVG+SWEEP buy=40 sell=20
2026-06-08T22:35:00+07:00,2026-06-08T22:45:00+07:00,BUY,4319.57,4314.12,4359.64,BE,-0.2,S418 BUY ICT Confluence 7R score=40,concepts=FVG+SWEEP buy=40 sell=0
2026-06-08T23:45:00+07:00,2026-06-08T23:50:00+07:00,SELL,4335.45,4341.67,4291.43,SL,-6.42,S418 SELL ICT Confluence 7R score=40,concepts=OB+SWEEP buy=0 sell=40
2026-06-09T01:25:00+07:00,2026-06-09T01:35:00+07:00,BUY,4339.18,4333.57,4378.29,SL,-5.81,S418 BUY ICT Confluence 7R score=40,concepts=OB+SWEEP buy=40 sell=0
2026-06-09T03:55:00+07:00,2026-06-09T04:10:00+07:00,BUY,4326.67,4323.06,4352.34,BE,-0.2,S418 BUY ICT Confluence 7R score=40,concepts=FVG+SWEEP buy=40 sell=0
2026-06-09T06:15:00+07:00,2026-06-09T06:25:00+07:00,BUY,4324.58,4322.5,4339.22,BE,-0.2,S418 BUY ICT Confluence 7R score=40,concepts=OB+SWEEP buy=40 sell=0
2026-06-09T07:50:00+07:00,2026-06-09T08:00:00+07:00,BUY,4317.04,4312.66,4347.94,BE,-0.2,S418 BUY ICT Confluence 7R score=40,concepts=OB+SWEEP buy=40 sell=0
2026-06-09T09:05:00+07:00,2026-06-09T09:15:00+07:00,SELL,4325.23,4328.41,4302.65,BE,-0.2,S418 SELL ICT Confluence 7R score=40,concepts=FVG+SWEEP buy=20 sell=40
2026-06-09T10:50:00+07:00,2026-06-09T11:05:00+07:00,SELL,4338.81,4341.44,4320.32,BE,-0.2,S418 SELL ICT Confluence 7R score=40,concepts=FVG+SWEEP buy=0 sell=40
2026-06-09T11:15:00+07:00,2026-06-09T11:45:00+07:00,SELL,4339.63,4342.75,4318.03,BE,-0.2,S418 SELL ICT Confluence 7R score=40,concepts=FVG+SWEEP buy=0 sell=40
2026-06-09T11:50:00+07:00,2026-06-09T13:30:00+07:00,SELL,4339.52,4342.73,4317.37,BE,-0.2,S418 SELL ICT Confluence 7R score=40,concepts=FVG+OB buy=0 sell=40
2026-06-09T15:05:00+07:00,2026-06-09T15:10:00+07:00,BUY,4332.51,4328.09,4363.69,SL,-4.62,S418 BUY ICT Confluence 7R score=40,concepts=OB+SWEEP buy=40 sell=0
2026-06-09T19:00:00+07:00,2026-06-09T19:50:00+07:00,SELL,4336.0,4341.24,4298.92,SL,-5.44,S418 SELL ICT Confluence 7R score=40,concepts=OB+SWEEP buy=0 sell=40
2026-06-09T20:45:00+07:00,2026-06-09T20:55:00+07:00,SELL,4341.32,4344.66,4318.1,BE,-0.2,S418 SELL ICT Confluence 7R score=40,concepts=OB+SWEEP buy=0 sell=40
2026-06-09T21:00:00+07:00,2026-06-09T21:10:00+07:00,SELL,4339.59,4345.93,4294.25,BE,-0.2,S418 SELL ICT Confluence 7R score=40,concepts=OB+SWEEP buy=0 sell=40
2026-06-09T21:40:00+07:00,2026-06-09T21:55:00+07:00,BUY,4330.22,4324.76,4369.16,BE,-0.2,S418 BUY ICT Confluence 7R score=40,concepts=OB+SWEEP buy=40 sell=20
2026-06-09T23:25:00+07:00,2026-06-09T23:30:00+07:00,BUY,4278.79,4276.06,4298.14,SL,-2.93,S418 BUY ICT Confluence 7R score=40,concepts=OB+SWEEP buy=40 sell=0
2026-06-10T02:50:00+07:00,2026-06-10T08:35:00+07:00,SELL,4265.93,4274.82,4203.46,TP,62.27,S418 SELL ICT Confluence 7R score=40,concepts=FVG+OB buy=0 sell=40
2026-06-10T23:45:00+07:00,2026-06-10T23:50:00+07:00,BUY,4118.29,4107.52,4193.52,SL,-10.97,S418 BUY ICT Confluence 7R score=40,concepts=OB+SWEEP buy=40 sell=0
2026-06-11T08:15:00+07:00,2026-06-11T08:25:00+07:00,SELL,4065.15,4074.0,4002.96,BE,-0.2,S418 SELL ICT Confluence 7R score=40,concepts=FVG+SWEEP buy=0 sell=40
2026-06-11T08:30:00+07:00,2026-06-11T08:40:00+07:00,SELL,4064.27,4077.93,3968.09,BE,-0.2,S418 SELL ICT Confluence 7R score=40,concepts=FVG+SWEEP buy=0 sell=40
2026-06-11T17:10:00+07:00,2026-06-11T17:20:00+07:00,BUY,4086.21,4080.24,4126.64,BE,-0.2,S418 BUY ICT Confluence 7R score=40,concepts=FVG+SWEEP buy=40 sell=0
2026-06-11T18:30:00+07:00,2026-06-11T18:50:00+07:00,SELL,4092.32,4096.98,4059.78,BE,-0.2,S418 SELL ICT Confluence 7R score=40,concepts=FVG+OB buy=20 sell=40
2026-06-11T19:15:00+07:00,2026-06-11T19:25:00+07:00,BUY,4086.84,4080.11,4133.71,BE,-0.2,S418 BUY ICT Confluence 7R score=40,concepts=FVG+OB buy=40 sell=0
2026-06-11T19:40:00+07:00,2026-06-11T19:50:00+07:00,BUY,4084.89,4081.22,4111.14,BE,-0.2,S418 BUY ICT Confluence 7R score=40,concepts=FVG+SWEEP buy=40 sell=0
2026-06-11T20:05:00+07:00,2026-06-11T20:10:00+07:00,BUY,4079.88,4077.85,4094.25,SL,-2.23,S418 BUY ICT Confluence 7R score=40,concepts=OB+SWEEP buy=40 sell=0
2026-06-11T21:45:00+07:00,2026-06-11T22:00:00+07:00,SELL,4083.78,4093.39,4017.31,BE,-0.2,S418 SELL ICT Confluence 7R score=40,concepts=OB+SWEEP buy=0 sell=40
2026-06-11T22:20:00+07:00,2026-06-11T22:35:00+07:00,SELL,4079.52,4093.68,3980.88,BE,-0.2,S418 SELL ICT Confluence 7R score=40,concepts=FVG+OB buy=20 sell=40
2026-06-11T23:05:00+07:00,2026-06-11T23:20:00+07:00,SELL,4080.95,4093.56,3992.6,BE,-0.2,S418 SELL ICT Confluence 7R score=40,concepts=FVG+OB buy=0 sell=40
2026-06-11T23:25:00+07:00,2026-06-11T23:35:00+07:00,SELL,4081.54,4093.52,3998.16,BE,-0.2,S418 SELL ICT Confluence 7R score=40,concepts=FVG+OB buy=0 sell=40
2026-06-12T01:00:00+07:00,2026-06-12T01:10:00+07:00,BUY,4074.78,4071.23,4099.55,BE,-0.2,S418 BUY ICT Confluence 7R score=40,concepts=OB+SWEEP buy=40 sell=0
2026-06-12T06:15:00+07:00,2026-06-12T06:25:00+07:00,BUY,4208.2,4204.22,4236.86,BE,-0.2,S418 BUY ICT Confluence 7R score=40,concepts=FVG+OB buy=40 sell=0
2026-06-12T08:15:00+07:00,2026-06-12T08:35:00+07:00,BUY,4216.51,4206.66,4284.9,BE,-0.2,S418 BUY ICT Confluence 7R score=40,concepts=FVG+SWEEP buy=40 sell=0
2026-06-12T11:15:00+07:00,2026-06-12T11:25:00+07:00,SELL,4196.15,4202.04,4155.08,BE,-0.2,S418 SELL ICT Confluence 7R score=40,concepts=FVG+SWEEP buy=0 sell=40
2026-06-12T13:10:00+07:00,2026-06-12T13:30:00+07:00,BUY,4188.79,4181.57,4238.93,BE,-0.2,S418 BUY ICT Confluence 7R score=40,concepts=OB+SWEEP buy=40 sell=20
2026-06-12T15:05:00+07:00,2026-06-12T15:40:00+07:00,SELL,4180.76,4190.23,4114.63,BE,-0.2,S418 SELL ICT Confluence 7R score=40,concepts=FVG+OB buy=0 sell=40
2026-06-12T18:20:00+07:00,2026-06-12T18:25:00+07:00,BUY,4213.42,4210.27,4236.27,SL,-3.35,S418 BUY ICT Confluence 7R score=40,concepts=OB+SWEEP buy=40 sell=0
2026-06-12T18:55:00+07:00,2026-06-12T19:05:00+07:00,BUY,4210.95,4202.35,4270.99,BE,-0.2,S418 BUY ICT Confluence 7R score=40,concepts=FVG+OB buy=40 sell=0
2026-06-12T19:10:00+07:00,2026-06-12T19:20:00+07:00,BUY,4207.38,4202.32,4243.6,BE,-0.2,S418 BUY ICT Confluence 7R score=40,concepts=FVG+OB buy=40 sell=0
2026-06-12T20:00:00+07:00,2026-06-12T20:20:00+07:00,BUY,4206.21,4197.02,4270.94,BE,-0.2,S418 BUY ICT Confluence 7R score=40,concepts=FVG+OB buy=40 sell=0
2026-06-12T21:40:00+07:00,2026-06-12T21:50:00+07:00,BUY,4191.06,4182.19,4252.99,BE,-0.2,S418 BUY ICT Confluence 7R score=40,concepts=FVG+SWEEP buy=40 sell=0
2026-06-12T22:30:00+07:00,2026-06-12T22:40:00+07:00,BUY,4186.89,4180.12,4233.88,BE,-0.2,S418 BUY ICT Confluence 7R score=40,concepts=FVG+SWEEP buy=40 sell=0
2026-06-12T22:45:00+07:00,2026-06-12T23:20:00+07:00,BUY,4182.97,4176.25,4230.25,TP,47.08,S418 BUY ICT Confluence 7R score=40,concepts=FVG+SWEEP buy=40 sell=0
2026-06-13T03:15:00+07:00,2026-06-13T03:20:00+07:00,BUY,4215.16,4213.13,4228.81,SL,-2.23,S418 BUY ICT Confluence 7R score=40,concepts=OB+SWEEP buy=40 sell=0
2026-06-15T08:05:00+07:00,2026-06-15T08:10:00+07:00,SELL,4296.68,4298.26,4285.22,SL,-1.78,S418 SELL ICT Confluence 7R score=40,concepts=FVG+OB buy=0 sell=40
2026-06-15T09:15:00+07:00,2026-06-18T01:30:00+07:00,BUY,4292.88,4281.58,4372.06,TP,78.98,S418 BUY ICT Confluence 7R score=40,concepts=FVG+OB buy=40 sell=0
2026-06-18T08:15:00+07:00,2026-06-18T08:20:00+07:00,SELL,4296.68,4301.1,4265.18,SL,-4.62,S418 SELL ICT Confluence 7R score=40,concepts=FVG+SWEEP buy=0 sell=40
2026-06-18T09:10:00+07:00,2026-06-18T09:20:00+07:00,SELL,4322.92,4329.4,4277.48,BE,-0.2,S418 SELL ICT Confluence 7R score=40,concepts=FVG+SWEEP buy=0 sell=40
2026-06-18T10:10:00+07:00,2026-06-18T10:20:00+07:00,SELL,4327.08,4330.59,4302.35,BE,-0.2,S418 SELL ICT Confluence 7R score=40,concepts=FVG+SWEEP buy=0 sell=40
2026-06-18T10:25:00+07:00,2026-06-18T13:30:00+07:00,SELL,4324.42,4330.42,4282.5,BE,-0.2,S418 SELL ICT Confluence 7R score=40,concepts=FVG+OB buy=20 sell=40
2026-06-18T15:30:00+07:00,2026-06-18T15:35:00+07:00,BUY,4298.48,4295.42,4317.9,SL,-3.26,S418 BUY ICT Confluence 7R score=40,concepts=OB+SWEEP buy=40 sell=0
2026-06-18T16:10:00+07:00,2026-06-18T16:20:00+07:00,BUY,4287.11,4283.63,4311.23,BE,-0.2,S418 BUY ICT Confluence 7R score=40,concepts=FVG+SWEEP buy=40 sell=0
2026-06-18T16:30:00+07:00,2026-06-18T16:35:00+07:00,BUY,4285.21,4282.93,4303.57,SL,-2.48,S418 BUY ICT Confluence 7R score=40,concepts=FVG+SWEEP buy=40 sell=0
2026-06-18T20:20:00+07:00,2026-06-18T21:25:00+07:00,SELL,4263.29,4269.74,4218.46,BE,-0.2,S418 SELL ICT Confluence 7R score=40,concepts=FVG+SWEEP buy=0 sell=40
2026-06-19T02:45:00+07:00,2026-06-19T02:50:00+07:00,BUY,4221.58,4220.13,4231.65,SL,-1.65,S418 BUY ICT Confluence 7R score=40,concepts=FVG+OB buy=40 sell=0
2026-06-19T09:20:00+07:00,2026-06-19T09:30:00+07:00,BUY,4186.99,4183.38,4212.98,BE,-0.2,S418 BUY ICT Confluence 7R score=40,concepts=OB+SWEEP buy=40 sell=0
2026-06-19T17:55:00+07:00,2026-06-19T18:00:00+07:00,BUY,4162.92,4160.61,4179.17,SL,-2.51,S418 BUY ICT Confluence 7R score=40,concepts=FVG+SWEEP buy=40 sell=20
2026-06-19T21:10:00+07:00,2026-06-22T08:15:00+07:00,SELL,4169.99,4183.75,4073.03,BE,-0.2,S418 SELL ICT Confluence 7R score=40,concepts=OB+SWEEP buy=20 sell=40
2026-06-22T16:00:00+07:00,2026-06-22T16:10:00+07:00,BUY,4192.05,4188.22,4218.7,BE,-0.2,S418 BUY ICT Confluence 7R score=40,concepts=OB+SWEEP buy=40 sell=0
2026-06-22T19:25:00+07:00,2026-06-22T19:35:00+07:00,BUY,4204.01,4203.01,4211.41,BE,-0.2,S418 BUY ICT Confluence 7R score=40,concepts=OB+SWEEP buy=40 sell=0
2026-06-22T19:50:00+07:00,2026-06-22T20:10:00+07:00,BUY,4205.47,4201.11,4236.07,BE,-0.2,S418 BUY ICT Confluence 7R score=40,concepts=OB+SWEEP buy=40 sell=0
2026-06-22T20:30:00+07:00,2026-06-22T20:40:00+07:00,BUY,4205.9,4201.11,4238.71,SL,-4.99,S418 BUY ICT Confluence 7R score=40,concepts=FVG+OB buy=40 sell=0
2026-06-23T06:25:00+07:00,2026-06-23T06:30:00+07:00,SELL,4192.95,4194.02,4185.14,SL,-1.27,S418 SELL ICT Confluence 7R score=40,concepts=FVG+OB buy=0 sell=40
2026-06-23T08:45:00+07:00,2026-06-23T08:55:00+07:00,SELL,4191.13,4195.83,4158.31,BE,-0.2,S418 SELL ICT Confluence 7R score=40,concepts=FVG+OB buy=0 sell=40
2026-06-23T10:45:00+07:00,2026-06-23T10:55:00+07:00,BUY,4154.15,4148.34,4194.9,BE,-0.2,S418 BUY ICT Confluence 7R score=40,concepts=FVG+OB buy=40 sell=0
2026-06-23T14:10:00+07:00,2026-06-23T14:20:00+07:00,BUY,4122.6,4110.33,4208.41,BE,-0.2,S418 BUY ICT Confluence 7R score=40,concepts=OB+SWEEP buy=40 sell=20
2026-06-23T14:45:00+07:00,2026-06-23T14:55:00+07:00,BUY,4115.53,4109.65,4156.37,BE,-0.2,S418 BUY ICT Confluence 7R score=40,concepts=OB+SWEEP buy=40 sell=0
2026-06-23T19:40:00+07:00,2026-06-23T19:50:00+07:00,BUY,4121.24,4116.91,4151.71,BE,-0.2,S418 BUY ICT Confluence 7R score=40,concepts=FVG+OB buy=40 sell=0
2026-06-23T20:05:00+07:00,2026-06-23T20:10:00+07:00,BUY,4119.86,4116.86,4140.06,SL,-3.2,S418 BUY ICT Confluence 7R score=40,concepts=FVG+OB buy=40 sell=0
2026-06-23T20:15:00+07:00,2026-06-23T20:25:00+07:00,BUY,4117.48,4111.19,4163.99,BE,-0.2,S418 BUY ICT Confluence 7R score=40,concepts=OB+SWEEP buy=40 sell=0
2026-06-24T01:25:00+07:00,2026-06-24T01:30:00+07:00,BUY,4131.16,4129.55,4141.87,SL,-1.81,S418 BUY ICT Confluence 7R score=40,concepts=FVG+OB buy=40 sell=20
2026-06-24T17:30:00+07:00,2026-06-24T17:35:00+07:00,BUY,4070.54,4067.95,4088.59,SL,-2.79,S418 BUY ICT Confluence 7R score=40,concepts=OB+SWEEP buy=40 sell=0
2026-06-24T20:05:00+07:00,2026-06-24T20:15:00+07:00,BUY,4040.82,4034.55,4084.23,BE,-0.2,S418 BUY ICT Confluence 7R score=40,concepts=OB+SWEEP buy=40 sell=0
2026-06-25T00:05:00+07:00,2026-06-25T01:15:00+07:00,BUY,4000.46,3994.85,4039.41,BE,-0.2,S418 BUY ICT Confluence 7R score=40,concepts=FVG+SWEEP buy=40 sell=0
2026-06-25T01:40:00+07:00,2026-06-25T01:45:00+07:00,BUY,3984.41,3982.45,3997.81,SL,-2.16,S418 BUY ICT Confluence 7R score=40,concepts=FVG+SWEEP buy=40 sell=0
2026-06-25T06:50:00+07:00,2026-06-25T07:00:00+07:00,BUY,3995.12,3991.86,4016.58,BE,-0.2,S418 BUY ICT Confluence 7R score=40,concepts=FVG+OB buy=40 sell=0
2026-06-25T07:05:00+07:00,2026-06-25T07:35:00+07:00,BUY,3993.77,3990.45,4016.93,TP,22.96,S418 BUY ICT Confluence 7R score=60,concepts=FVG+OB+SWEEP buy=60 sell=0
2026-06-25T08:45:00+07:00,2026-06-25T09:10:00+07:00,BUY,3983.52,3977.75,4023.99,BE,-0.2,S418 BUY ICT Confluence 7R score=40,concepts=FVG+SWEEP buy=40 sell=0
2026-06-25T09:30:00+07:00,2026-06-25T09:35:00+07:00,BUY,3983.63,3977.46,4027.78,SL,-6.37,S418 BUY ICT Confluence 7R score=40,concepts=FVG+OB buy=40 sell=0
2026-06-25T09:40:00+07:00,2026-06-25T09:50:00+07:00,BUY,3981.77,3976.11,4021.95,BE,-0.2,S418 BUY ICT Confluence 7R score=40,concepts=FVG+OB buy=40 sell=0
2026-06-25T10:40:00+07:00,2026-06-25T10:50:00+07:00,BUY,3978.54,3962.68,4089.72,BE,-0.2,S418 BUY ICT Confluence 7R score=40,concepts=FVG+OB buy=40 sell=0
2026-06-25T16:05:00+07:00,2026-06-25T16:15:00+07:00,SELL,3988.19,3996.04,3933.32,BE,-0.2,S418 SELL ICT Confluence 7R score=40,concepts=OB+SWEEP buy=0 sell=40
2026-06-25T16:20:00+07:00,2026-06-25T16:30:00+07:00,SELL,3996.8,4002.11,3960.99,BE,-0.2,S418 SELL ICT Confluence 7R score=40,concepts=FVG+OB buy=20 sell=40
2026-06-25T17:00:00+07:00,2026-06-25T17:30:00+07:00,SELL,3995.83,4002.69,3947.49,BE,-0.2,S418 SELL ICT Confluence 7R score=40,concepts=FVG+OB buy=20 sell=40
2026-06-25T18:00:00+07:00,2026-06-25T18:10:00+07:00,BUY,3986.46,3985.03,3996.55,BE,-0.2,S418 BUY ICT Confluence 7R score=40,concepts=FVG+SWEEP buy=40 sell=0
2026-06-25T18:45:00+07:00,2026-06-25T18:55:00+07:00,BUY,3984.49,3982.0,4002.64,BE,-0.2,S418 BUY ICT Confluence 7R score=40,concepts=FVG+SWEEP buy=40 sell=0
2026-06-25T19:15:00+07:00,2026-06-25T19:25:00+07:00,BUY,3981.62,3975.85,4021.37,BE,-0.2,S418 BUY ICT Confluence 7R score=40,concepts=FVG+SWEEP buy=40 sell=0
2026-06-25T20:25:00+07:00,2026-06-25T20:30:00+07:00,SELL,3983.97,3988.25,3955.93,SL,-4.48,S418 SELL ICT Confluence 7R score=40,concepts=FVG+OB buy=0 sell=40
2026-06-25T23:50:00+07:00,2026-06-25T23:55:00+07:00,SELL,4038.4,4042.41,4009.77,SL,-4.21,S418 SELL ICT Confluence 7R score=40,concepts=OB+SWEEP buy=0 sell=40
2026-06-26T00:00:00+07:00,2026-06-26T00:10:00+07:00,SELL,4037.85,4043.79,3996.51,BE,-0.2,S418 SELL ICT Confluence 7R score=40,concepts=OB+SWEEP buy=0 sell=40
2026-06-26T00:15:00+07:00,2026-06-26T00:30:00+07:00,SELL,4040.55,4044.99,4009.55,BE,-0.2,S418 SELL ICT Confluence 7R score=40,concepts=OB+SWEEP buy=0 sell=40
2026-06-26T06:15:00+07:00,2026-06-26T06:20:00+07:00,BUY,4022.52,4021.23,4029.15,SL,-1.49,S418 BUY ICT Confluence 7R score=40,concepts=FVG+SWEEP buy=40 sell=0
2026-06-26T19:00:00+07:00,2026-06-26T19:10:00+07:00,SELL,4052.94,4055.92,4032.24,BE,-0.2,S418 SELL ICT Confluence 7R score=40,concepts=OB+SWEEP buy=0 sell=40
2026-06-27T01:20:00+07:00,2026-06-27T01:30:00+07:00,BUY,4084.75,4079.95,4118.43,SL,-5.0,S418 BUY ICT Confluence 7R score=40,concepts=OB+SWEEP buy=40 sell=0
2026-06-29T07:30:00+07:00,2026-06-29T08:05:00+07:00,BUY,4056.42,4051.49,4089.81,BE,-0.2,S418 BUY ICT Confluence 7R score=40,concepts=FVG+SWEEP buy=40 sell=0
2026-06-29T08:20:00+07:00,2026-06-29T08:25:00+07:00,BUY,4052.74,4050.29,4069.25,SL,-2.65,S418 BUY ICT Confluence 7R score=40,concepts=FVG+SWEEP buy=40 sell=0
2026-06-29T11:50:00+07:00,2026-06-29T17:55:00+07:00,SELL,4070.06,4076.18,4028.18,TP,41.68,S418 SELL ICT Confluence 7R score=40,concepts=FVG+OB buy=0 sell=40
2026-06-30T06:00:00+07:00,2026-06-30T06:05:00+07:00,SELL,4018.29,4020.45,4003.17,SL,-2.36,S418 SELL ICT Confluence 7R score=40,concepts=FVG+SWEEP buy=0 sell=40
2026-06-30T06:35:00+07:00,2026-06-30T06:40:00+07:00,BUY,4012.65,4012.18,4017.06,SL,-0.67,S418 BUY ICT Confluence 7R score=40,concepts=FVG+SWEEP buy=40 sell=0
2026-06-30T12:05:00+07:00,2026-06-30T12:15:00+07:00,SELL,3969.17,3975.58,3924.38,BE,-0.2,S418 SELL ICT Confluence 7R score=40,concepts=OB+SWEEP buy=0 sell=40
2026-06-30T16:50:00+07:00,2026-06-30T17:00:00+07:00,BUY,4016.72,4013.3,4039.7,BE,-0.2,S418 BUY ICT Confluence 7R score=40,concepts=FVG+SWEEP buy=40 sell=0
2026-06-30T17:35:00+07:00,2026-06-30T20:25:00+07:00,BUY,4016.0,4012.09,4043.29,BE,-0.2,S418 BUY ICT Confluence 7R score=40,concepts=FVG+SWEEP buy=40 sell=0
2026-06-30T20:35:00+07:00,2026-06-30T20:45:00+07:00,BUY,4018.14,4012.3,4058.62,BE,-0.2,S418 BUY ICT Confluence 7R score=40,concepts=FVG+SWEEP buy=40 sell=0
2026-06-30T21:50:00+07:00,2026-06-30T22:00:00+07:00,SELL,4028.82,4034.06,3991.9,BE,-0.2,S418 SELL ICT Confluence 7R score=40,concepts=FVG+OB buy=0 sell=40
2026-07-01T07:05:00+07:00,2026-07-01T07:25:00+07:00,SELL,4017.5,4018.77,4008.45,TP,8.85,S418 SELL ICT Confluence 7R score=40,concepts=FVG+SWEEP buy=0 sell=40
2026-07-01T11:00:00+07:00,2026-07-01T11:10:00+07:00,SELL,3981.85,3989.07,3931.79,BE,-0.2,S418 SELL ICT Confluence 7R score=40,concepts=FVG+OB buy=0 sell=40
2026-07-01T11:50:00+07:00,2026-07-01T12:00:00+07:00,BUY,3977.83,3971.47,4022.75,BE,-0.2,S418 BUY ICT Confluence 7R score=40,concepts=FVG+OB buy=40 sell=20
2026-07-01T21:10:00+07:00,2026-07-01T21:40:00+07:00,BUY,4021.42,4012.27,4085.39,TP,63.77,S418 BUY ICT Confluence 7R score=40,concepts=OB+SWEEP buy=40 sell=0
2026-07-01T23:35:00+07:00,2026-07-01T23:55:00+07:00,BUY,4080.83,4076.08,4113.52,BE,-0.2,S418 BUY ICT Confluence 7R score=40,concepts=FVG+SWEEP buy=40 sell=0
2026-07-02T00:35:00+07:00,2026-07-02T00:40:00+07:00,BUY,4077.16,4075.01,4092.13,SL,-2.35,S418 BUY ICT Confluence 7R score=40,concepts=FVG+SWEEP buy=40 sell=0
2026-07-02T00:50:00+07:00,2026-07-02T01:00:00+07:00,BUY,4073.13,4070.45,4092.69,SL,-2.88,S418 BUY ICT Confluence 7R score=40,concepts=FVG+SWEEP buy=40 sell=0
2026-07-02T01:55:00+07:00,2026-07-02T02:05:00+07:00,BUY,4068.21,4067.05,4076.25,BE,-0.2,S418 BUY ICT Confluence 7R score=40,concepts=FVG+SWEEP buy=40 sell=0
2026-07-02T02:30:00+07:00,2026-07-02T02:50:00+07:00,BUY,4064.85,4060.94,4092.14,SL,-4.11,S418 BUY ICT Confluence 7R score=40,concepts=FVG+SWEEP buy=40 sell=0
2026-07-02T02:55:00+07:00,2026-07-02T03:15:00+07:00,BUY,4062.19,4057.58,4094.3,BE,-0.2,S418 BUY ICT Confluence 7R score=60,concepts=FVG+OB+SWEEP buy=60 sell=0
2026-07-02T03:25:00+07:00,2026-07-02T03:30:00+07:00,BUY,4058.93,4056.27,4077.79,SL,-2.86,S418 BUY ICT Confluence 7R score=40,concepts=FVG+SWEEP buy=40 sell=0
2026-07-02T07:00:00+07:00,2026-07-02T08:10:00+07:00,SELL,4043.42,4045.54,4028.74,BE,-0.2,S418 SELL ICT Confluence 7R score=40,concepts=FVG+SWEEP buy=0 sell=40
2026-07-02T17:20:00+07:00,2026-07-02T17:50:00+07:00,BUY,4067.52,4060.92,4114.12,BE,-0.2,S418 BUY ICT Confluence 7R score=40,concepts=FVG+OB buy=40 sell=0
2026-07-02T22:25:00+07:00,2026-07-02T22:40:00+07:00,BUY,4116.37,4108.44,4172.12,BE,-0.2,S418 BUY ICT Confluence 7R score=40,concepts=FVG+OB buy=40 sell=0
2026-07-03T00:05:00+07:00,2026-07-03T00:15:00+07:00,BUY,4122.65,4113.43,4187.03,BE,-0.2,S418 BUY ICT Confluence 7R score=40,concepts=FVG+OB buy=40 sell=20
2026-07-03T01:35:00+07:00,2026-07-03T01:55:00+07:00,BUY,4109.31,4099.78,4175.7,BE,-0.2,S418 BUY ICT Confluence 7R score=40,concepts=FVG+OB buy=40 sell=0
2026-07-03T02:55:00+07:00,2026-07-03T03:50:00+07:00,SELL,4122.78,4127.5,4088.46,BE,-0.2,S418 SELL ICT Confluence 7R score=40,concepts=FVG+OB buy=20 sell=40
2026-07-03T14:15:00+07:00,2026-07-03T14:25:00+07:00,BUY,4165.78,4160.04,4205.72,BE,-0.2,S418 BUY ICT Confluence 7R score=60,concepts=FVG+OB+SWEEP buy=60 sell=20
2026-07-03T15:50:00+07:00,2026-07-03T16:00:00+07:00,SELL,4177.94,4182.06,4148.94,BE,-0.2,S418 SELL ICT Confluence 7R score=40,concepts=OB+SWEEP buy=0 sell=40
2026-07-03T17:15:00+07:00,2026-07-03T17:20:00+07:00,BUY,4175.99,4174.46,4186.62,SL,-1.73,S418 BUY ICT Confluence 7R score=40,concepts=FVG+OB buy=40 sell=0
2026-07-03T18:40:00+07:00,2026-07-03T18:50:00+07:00,SELL,4177.75,4182.07,4147.27,BE,-0.2,S418 SELL ICT Confluence 7R score=40,concepts=FVG+OB buy=0 sell=40
2026-07-03T23:00:00+07:00,2026-07-03T23:10:00+07:00,SELL,4171.66,4173.46,4159.14,BE,-0.2,S418 SELL ICT Confluence 7R score=40,concepts=FVG+SWEEP buy=0 sell=40
2026-07-03T23:15:00+07:00,2026-07-04T00:45:00+07:00,SELL,4171.77,4174.85,4150.37,BE,-0.2,S418 SELL ICT Confluence 7R score=40,concepts=FVG+SWEEP buy=0 sell=40
2026-07-06T06:20:00+07:00,2026-07-06T06:30:00+07:00,SELL,4181.73,4185.85,4154.01,BE,-0.2,S418 SELL ICT Confluence 7R score=40,concepts=FVG+OB buy=0 sell=40
2026-07-06T10:20:00+07:00,2026-07-06T10:30:00+07:00,BUY,4178.54,4171.91,4224.63,BE,-0.2,S418 BUY ICT Confluence 7R score=40,concepts=FVG+OB buy=40 sell=0
2026-07-06T10:35:00+07:00,2026-07-06T10:45:00+07:00,BUY,4173.26,4168.02,4210.5,BE,-0.2,S418 BUY ICT Confluence 7R score=40,concepts=FVG+SWEEP buy=40 sell=0
2026-07-06T14:25:00+07:00,2026-07-06T14:35:00+07:00,SELL,4156.5,4161.57,4120.21,BE,-0.2,S418 SELL ICT Confluence 7R score=40,concepts=FVG+OB buy=0 sell=40
2026-07-06T17:15:00+07:00,2026-07-06T17:25:00+07:00,BUY,4147.33,4146.07,4155.83,BE,-0.2,S418 BUY ICT Confluence 7R score=40,concepts=OB+SWEEP buy=40 sell=0
2026-07-07T01:00:00+07:00,2026-07-07T01:20:00+07:00,SELL,4152.98,4156.55,4128.07,BE,-0.2,S418 SELL ICT Confluence 7R score=40,concepts=FVG+SWEEP buy=0 sell=40
2026-07-07T01:50:00+07:00,2026-07-07T01:55:00+07:00,SELL,4159.58,4161.46,4146.1,SL,-2.08,S418 SELL ICT Confluence 7R score=40,concepts=FVG+SWEEP buy=0 sell=40
2026-07-07T08:35:00+07:00,2026-07-07T08:40:00+07:00,BUY,4151.08,4150.34,4156.5,SL,-0.94,S418 BUY ICT Confluence 7R score=40,concepts=FVG+OB buy=40 sell=20
2026-07-07T09:10:00+07:00,2026-07-07T09:15:00+07:00,BUY,4141.62,4137.39,4171.39,SL,-4.43,S418 BUY ICT Confluence 7R score=40,concepts=FVG+SWEEP buy=40 sell=20
2026-07-07T11:25:00+07:00,2026-07-07T11:35:00+07:00,BUY,4132.26,4128.87,4155.43,BE,-0.2,S418 BUY ICT Confluence 7R score=40,concepts=OB+SWEEP buy=40 sell=0
2026-07-07T11:40:00+07:00,2026-07-07T11:45:00+07:00,BUY,4129.45,4126.62,4150.62,SL,-3.03,S418 BUY ICT Confluence 7R score=40,concepts=OB+SWEEP buy=40 sell=0
2026-07-07T11:50:00+07:00,2026-07-07T12:50:00+07:00,BUY,4127.89,4124.01,4154.89,BE,-0.2,S418 BUY ICT Confluence 7R score=40,concepts=OB+SWEEP buy=40 sell=0
2026-07-07T13:30:00+07:00,2026-07-07T13:35:00+07:00,BUY,4122.94,4119.91,4144.87,SL,-3.23,S418 BUY ICT Confluence 7R score=40,concepts=OB+SWEEP buy=40 sell=0
2026-07-07T14:20:00+07:00,2026-07-07T14:30:00+07:00,SELL,4128.16,4132.12,4100.6,BE,-0.2,S418 SELL ICT Confluence 7R score=40,concepts=FVG+OB buy=20 sell=40
2026-07-07T14:35:00+07:00,2026-07-07T14:40:00+07:00,SELL,4128.21,4131.83,4102.79,SL,-3.82,S418 SELL ICT Confluence 7R score=40,concepts=FVG+OB buy=20 sell=40
2026-07-07T16:40:00+07:00,2026-07-07T16:50:00+07:00,BUY,4130.92,4123.95,4181.87,SL,-7.17,S418 BUY ICT Confluence 7R score=40,concepts=FVG+OB buy=40 sell=0
2026-07-07T16:55:00+07:00,2026-07-07T17:05:00+07:00,BUY,4126.0,4121.43,4158.47,BE,-0.2,S418 BUY ICT Confluence 7R score=40,concepts=OB+SWEEP buy=40 sell=20
2026-07-07T21:35:00+07:00,2026-07-07T21:40:00+07:00,SELL,4170.48,4180.41,4101.77,SL,-10.13,S418 SELL ICT Confluence 7R score=40,concepts=OB+SWEEP buy=0 sell=40
2026-07-07T23:15:00+07:00,2026-07-07T23:25:00+07:00,BUY,4144.89,4141.3,4169.94,BE,-0.2,S418 BUY ICT Confluence 7R score=40,concepts=FVG+SWEEP buy=40 sell=0
2026-07-08T01:40:00+07:00,2026-07-08T02:30:00+07:00,SELL,4147.09,4148.46,4137.58,TP,9.31,S418 SELL ICT Confluence 7R score=40,concepts=FVG+OB buy=0 sell=40
2026-07-08T12:45:00+07:00,2026-07-08T12:55:00+07:00,BUY,4124.75,4120.32,4155.92,BE,-0.2,S418 BUY ICT Confluence 7R score=40,concepts=FVG+OB buy=40 sell=20
2026-07-08T13:05:00+07:00,2026-07-08T13:15:00+07:00,SELL,4128.27,4134.29,4086.21,BE,-0.2,S418 SELL ICT Confluence 7R score=40,concepts=OB+SWEEP buy=0 sell=40
2026-07-08T13:25:00+07:00,2026-07-08T15:00:00+07:00,BUY,4121.91,4120.31,4133.91,BE,-0.2,S418 BUY ICT Confluence 7R score=40,concepts=FVG+OB buy=40 sell=0
2026-07-08T15:50:00+07:00,2026-07-08T16:00:00+07:00,BUY,4119.83,4114.4,4159.12,BE,-0.2,S418 BUY ICT Confluence 7R score=40,concepts=FVG+OB buy=40 sell=0
2026-07-08T20:10:00+07:00,2026-07-08T20:15:00+07:00,SELL,4072.05,4074.38,4056.38,SL,-2.53,S418 SELL ICT Confluence 7R score=40,concepts=FVG+SWEEP buy=0 sell=40
2026-07-08T20:25:00+07:00,2026-07-08T20:35:00+07:00,SELL,4070.92,4078.55,4017.27,BE,-0.2,S418 SELL ICT Confluence 7R score=40,concepts=FVG+OB buy=0 sell=40
2026-07-08T22:00:00+07:00,2026-07-08T22:05:00+07:00,BUY,4066.38,4063.45,4089.45,SL,-3.13,S418 BUY ICT Confluence 7R score=60,concepts=FVG+OB+SWEEP buy=60 sell=0
2026-07-08T22:20:00+07:00,2026-07-08T22:30:00+07:00,BUY,4059.76,4050.72,4123.36,BE,-0.2,S418 BUY ICT Confluence 7R score=40,concepts=FVG+SWEEP buy=40 sell=0
2026-07-09T04:25:00+07:00,2026-07-09T04:30:00+07:00,BUY,4076.86,4073.93,4097.45,SL,-3.13,S418 BUY ICT Confluence 7R score=40,concepts=FVG+SWEEP buy=40 sell=0
2026-07-09T06:20:00+07:00,2026-07-09T06:30:00+07:00,BUY,4074.95,4071.17,4099.17,BE,-0.2,S418 BUY ICT Confluence 7R score=40,concepts=FVG+OB buy=40 sell=0
2026-07-09T10:25:00+07:00,2026-07-09T11:05:00+07:00,SELL,4080.46,4083.16,4061.64,TP,18.62,S418 SELL ICT Confluence 7R score=40,concepts=FVG+SWEEP buy=0 sell=40
2026-07-09T12:45:00+07:00,2026-07-09T12:55:00+07:00,SELL,4061.45,4067.5,4019.34,BE,-0.2,S418 SELL ICT Confluence 7R score=40,concepts=FVG+OB buy=0 sell=40
2026-07-09T13:35:00+07:00,2026-07-09T13:45:00+07:00,SELL,4075.9,4077.62,4063.94,BE,-0.2,S418 SELL ICT Confluence 7R score=60,concepts=FVG+OB+SWEEP buy=0 sell=60
2026-07-09T21:15:00+07:00,2026-07-09T21:25:00+07:00,SELL,4120.46,4127.42,4071.18,BE,-0.2,S418 SELL ICT Confluence 7R score=40,concepts=OB+SWEEP buy=0 sell=40
2026-07-10T01:15:00+07:00,2026-07-10T01:25:00+07:00,BUY,4126.82,4124.72,4142.0,BE,-0.2,S418 BUY ICT Confluence 7R score=40,concepts=OB+SWEEP buy=40 sell=0
2026-07-10T07:30:00+07:00,2026-07-10T08:00:00+07:00,BUY,4121.55,4120.9,4126.02,BE,-0.2,S418 BUY ICT Confluence 7R score=40,concepts=OB+SWEEP buy=40 sell=0
2026-07-10T12:00:00+07:00,2026-07-10T12:10:00+07:00,BUY,4119.59,4117.57,4134.85,BE,-0.2,S418 BUY ICT Confluence 7R score=40,concepts=FVG+SWEEP buy=40 sell=0
2026-07-10T13:30:00+07:00,2026-07-10T13:35:00+07:00,BUY,4113.1,4109.98,4135.5,SL,-3.32,S418 BUY ICT Confluence 7R score=40,concepts=OB+SWEEP buy=40 sell=0
2026-07-10T13:45:00+07:00,2026-07-10T14:40:00+07:00,BUY,4111.88,4107.97,4139.33,BE,-0.2,S418 BUY ICT Confluence 7R score=40,concepts=OB+SWEEP buy=40 sell=0
2026-07-10T22:45:00+07:00,2026-07-10T23:25:00+07:00,SELL,4107.38,4109.75,4090.87,BE,-0.2,S418 SELL ICT Confluence 7R score=40,concepts=FVG+OB buy=0 sell=40
2026-07-11T02:45:00+07:00,2026-07-11T03:00:00+07:00,BUY,4100.18,4097.88,4116.2,BE,-0.2,S418 BUY ICT Confluence 7R score=40,concepts=OB+SWEEP buy=40 sell=0
2026-07-11T03:05:00+07:00,2026-07-11T03:30:00+07:00,BUY,4101.33,4097.59,4128.23,BE,-0.2,S418 BUY ICT Confluence 7R score=40,concepts=OB+SWEEP buy=40 sell=20
2026-07-13T10:30:00+07:00,2026-07-13T10:40:00+07:00,BUY,4073.62,4064.13,4139.89,BE,-0.2,S418 BUY ICT Confluence 7R score=40,concepts=OB+SWEEP buy=40 sell=0
2026-07-13T16:40:00+07:00,2026-07-13T16:50:00+07:00,SELL,4075.68,4081.2,4037.2,BE,-0.2,S418 SELL ICT Confluence 7R score=40,concepts=FVG+OB buy=0 sell=40
2026-07-13T18:00:00+07:00,2026-07-13T18:10:00+07:00,BUY,4070.26,4067.41,4089.89,SL,-3.05,S418 BUY ICT Confluence 7R score=40,concepts=OB+SWEEP buy=40 sell=0
2026-07-13T18:15:00+07:00,2026-07-13T18:25:00+07:00,BUY,4068.38,4065.73,4086.69,BE,-0.2,S418 BUY ICT Confluence 7R score=40,concepts=FVG+SWEEP buy=40 sell=0
2026-07-13T21:35:00+07:00,2026-07-13T21:40:00+07:00,BUY,4054.52,4053.21,4063.05,SL,-1.51,S418 BUY ICT Confluence 7R score=40,concepts=FVG+OB buy=40 sell=0
2026-07-14T08:30:00+07:00,2026-07-14T08:35:00+07:00,SELL,4005.11,4007.1,3989.9,SL,-2.19,S418 SELL ICT Confluence 7R score=40,concepts=FVG+SWEEP buy=20 sell=40
2026-07-14T18:00:00+07:00,2026-07-14T18:50:00+07:00,BUY,4019.68,4013.4,4063.72,BE,-0.2,S418 BUY ICT Confluence 7R score=40,concepts=FVG+OB buy=40 sell=0
2026-07-14T23:40:00+07:00,2026-07-14T23:50:00+07:00,BUY,4074.01,4066.2,4129.56,BE,-0.2,S418 BUY ICT Confluence 7R score=40,concepts=FVG+SWEEP buy=40 sell=0
2026-07-15T00:10:00+07:00,2026-07-15T00:20:00+07:00,BUY,4062.98,4057.08,4105.24,BE,-0.2,S418 BUY ICT Confluence 7R score=40,concepts=FVG+SWEEP buy=40 sell=0
2026-07-15T01:05:00+07:00,2026-07-15T01:10:00+07:00,BUY,4059.45,4056.62,4079.58,SL,-3.03,S418 BUY ICT Confluence 7R score=40,concepts=FVG+SWEEP buy=40 sell=0
2026-07-15T06:15:00+07:00,2026-07-15T06:25:00+07:00,BUY,4050.51,4048.83,4061.95,BE,-0.2,S418 BUY ICT Confluence 7R score=40,concepts=FVG+OB buy=40 sell=0
2026-07-15T06:35:00+07:00,2026-07-15T06:45:00+07:00,BUY,4050.85,4048.82,4065.14,BE,-0.2,S418 BUY ICT Confluence 7R score=40,concepts=FVG+OB buy=40 sell=0
2026-07-15T06:50:00+07:00,2026-07-15T07:00:00+07:00,BUY,4049.45,4048.28,4057.88,BE,-0.2,S418 BUY ICT Confluence 7R score=40,concepts=FVG+SWEEP buy=40 sell=0
2026-07-15T07:05:00+07:00,2026-07-15T07:10:00+07:00,BUY,4049.41,4048.21,4059.33,SL,-1.4,S418 BUY ICT Confluence 7R score=40,concepts=FVG+OB buy=40 sell=0
2026-07-15T07:20:00+07:00,2026-07-15T09:30:00+07:00,BUY,4049.72,4046.59,4071.71,BE,-0.2,S418 BUY ICT Confluence 7R score=40,concepts=FVG+OB buy=40 sell=0
2026-07-15T18:10:00+07:00,2026-07-15T18:20:00+07:00,SELL,4033.78,4036.36,4015.56,BE,-0.2,S418 SELL ICT Confluence 7R score=40,concepts=OB+SWEEP buy=0 sell=40
2026-07-15T23:20:00+07:00,2026-07-15T23:30:00+07:00,BUY,4045.12,4039.12,4087.04,BE,-0.2,S418 BUY ICT Confluence 7R score=40,concepts=FVG+SWEEP buy=40 sell=0
2026-07-16T07:15:00+07:00,2026-07-16T07:20:00+07:00,BUY,4059.09,4057.83,4067.99,SL,-1.46,S418 BUY ICT Confluence 7R score=40,concepts=FVG+SWEEP buy=40 sell=0
2026-07-16T08:40:00+07:00,2026-07-16T08:50:00+07:00,BUY,4055.09,4053.9,4063.74,BE,-0.2,S418 BUY ICT Confluence 7R score=40,concepts=FVG+SWEEP buy=40 sell=20
2026-07-16T09:05:00+07:00,2026-07-16T09:15:00+07:00,BUY,4045.56,4040.6,4080.44,BE,-0.2,S418 BUY ICT Confluence 7R score=40,concepts=FVG+SWEEP buy=40 sell=0
2026-07-16T10:15:00+07:00,2026-07-16T10:25:00+07:00,BUY,4033.11,4028.44,4066.44,BE,-0.2,S418 BUY ICT Confluence 7R score=40,concepts=FVG+SWEEP buy=40 sell=0
2026-07-16T11:55:00+07:00,2026-07-16T12:10:00+07:00,SELL,4036.36,4037.19,4030.15,BE,-0.2,S418 SELL ICT Confluence 7R score=40,concepts=FVG+SWEEP buy=0 sell=40
2026-07-16T14:50:00+07:00,2026-07-16T15:45:00+07:00,SELL,4030.27,4036.92,3983.32,BE,-0.2,S418 SELL ICT Confluence 7R score=40,concepts=FVG+OB buy=0 sell=40
2026-07-16T16:00:00+07:00,2026-07-16T16:20:00+07:00,SELL,4029.98,4034.46,3998.86,BE,-0.2,S418 SELL ICT Confluence 7R score=40,concepts=OB+SWEEP buy=0 sell=40
2026-07-16T16:30:00+07:00,2026-07-16T16:35:00+07:00,SELL,4032.27,4035.43,4010.63,SL,-3.36,S418 SELL ICT Confluence 7R score=40,concepts=OB+SWEEP buy=0 sell=40
2026-07-16T17:10:00+07:00,2026-07-16T17:25:00+07:00,SELL,4037.04,4037.8,4031.48,TP,5.36,S418 SELL ICT Confluence 7R score=40,concepts=FVG+SWEEP buy=0 sell=40
2026-07-16T17:50:00+07:00,2026-07-16T19:40:00+07:00,SELL,4035.96,4037.98,4020.86,BE,-0.2,S418 SELL ICT Confluence 7R score=40,concepts=FVG+OB buy=0 sell=40
2026-07-17T03:10:00+07:00,2026-07-17T03:20:00+07:00,BUY,3980.56,3976.17,4011.53,BE,-0.2,S418 BUY ICT Confluence 7R score=40,concepts=FVG+OB buy=40 sell=20
2026-07-17T07:35:00+07:00,2026-07-17T07:40:00+07:00,SELL,3979.67,3981.36,3968.08,SL,-1.89,S418 SELL ICT Confluence 7R score=60,concepts=FVG+OB+SWEEP buy=0 sell=60
2026-07-17T07:50:00+07:00,2026-07-17T07:55:00+07:00,SELL,3980.37,3982.14,3967.9,SL,-1.97,S418 SELL ICT Confluence 7R score=40,concepts=FVG+OB buy=0 sell=40
2026-07-17T08:05:00+07:00,2026-07-17T08:15:00+07:00,SELL,3986.06,3987.71,3974.43,BE,-0.2,S418 SELL ICT Confluence 7R score=40,concepts=OB+SWEEP buy=0 sell=40
2026-07-17T09:15:00+07:00,2026-07-17T09:35:00+07:00,SELL,3993.69,3996.57,3973.45,BE,-0.2,S418 SELL ICT Confluence 7R score=60,concepts=FVG+OB+SWEEP buy=0 sell=60
2026-07-17T09:45:00+07:00,2026-07-17T09:50:00+07:00,BUY,3984.05,3980.24,4010.0,SL,-4.01,S418 BUY ICT Confluence 7R score=40,concepts=FVG+OB buy=40 sell=0
2026-07-17T13:00:00+07:00,2026-07-17T13:05:00+07:00,BUY,3982.75,3979.6,4004.56,SL,-3.35,S418 BUY ICT Confluence 7R score=40,concepts=FVG+SWEEP buy=40 sell=0
2026-07-17T14:05:00+07:00,2026-07-17T14:10:00+07:00,SELL,3988.64,3993.51,3954.39,SL,-5.07,S418 SELL ICT Confluence 7R score=40,concepts=OB+SWEEP buy=20 sell=40
2026-07-17T16:10:00+07:00,2026-07-17T16:15:00+07:00,BUY,3993.25,3991.01,4009.01,SL,-2.44,S418 BUY ICT Confluence 7R score=40,concepts=OB+SWEEP buy=40 sell=0
2026-07-17T17:00:00+07:00,2026-07-17T18:50:00+07:00,BUY,3993.92,3987.36,4039.36,BE,-0.2,S418 BUY ICT Confluence 7R score=40,concepts=FVG+OB buy=40 sell=0
2026-07-17T22:20:00+07:00,2026-07-17T23:00:00+07:00,SELL,4002.75,4005.47,3983.39,BE,-0.2,S418 SELL ICT Confluence 7R score=40,concepts=FVG+SWEEP buy=0 sell=40
