signal_time,exit_time,direction,entry,sl,tp,outcome,profit,pattern,reason
2025-07-18T02:05:00+07:00,2025-07-18T02:15:00+07:00,BUY,3336.99,3335.69,3346.01,BE,-0.2,S418 BUY ICT Confluence 7R score=40,concepts=OB+SWEEP buy=40 sell=0
2025-07-18T02:20:00+07:00,2025-07-18T02:30:00+07:00,BUY,3337.17,3335.52,3348.8,BE,-0.2,S418 BUY ICT Confluence 7R score=40,concepts=OB+SWEEP buy=40 sell=0
2025-07-18T08:35:00+07:00,2025-07-18T08:45:00+07:00,BUY,3339.23,3337.96,3347.96,BE,-0.2,S418 BUY ICT Confluence 7R score=40,concepts=FVG+SWEEP buy=40 sell=0
2025-07-18T09:05:00+07:00,2025-07-18T09:15:00+07:00,BUY,3338.92,3336.94,3352.94,BE,-0.2,S418 BUY ICT Confluence 7R score=40,concepts=FVG+SWEEP buy=40 sell=0
2025-07-18T09:30:00+07:00,2025-07-18T09:35:00+07:00,BUY,3337.58,3335.4,3352.36,SL,-2.38,S418 BUY ICT Confluence 7R score=40,concepts=OB+SWEEP buy=40 sell=0
2025-07-18T12:50:00+07:00,2025-07-18T13:00:00+07:00,SELL,3335.83,3337.32,3325.24,SL,-1.69,S418 SELL ICT Confluence 7R score=40,concepts=FVG+OB buy=20 sell=40
2025-07-18T13:15:00+07:00,2025-07-18T13:25:00+07:00,SELL,3339.47,3340.25,3333.93,BE,-0.2,S418 SELL ICT Confluence 7R score=40,concepts=FVG+SWEEP buy=0 sell=40
2025-07-18T14:30:00+07:00,2025-07-18T14:35:00+07:00,SELL,3339.16,3340.49,3329.93,SL,-1.53,S418 SELL ICT Confluence 7R score=40,concepts=FVG+SWEEP buy=0 sell=40
2025-07-19T00:15:00+07:00,2025-07-19T00:25:00+07:00,BUY,3353.52,3351.01,3371.41,BE,-0.2,S418 BUY ICT Confluence 7R score=40,concepts=OB+SWEEP buy=40 sell=0
2025-07-19T01:20:00+07:00,2025-07-19T01:30:00+07:00,BUY,3352.02,3350.32,3364.0,BE,-0.2,S418 BUY ICT Confluence 7R score=40,concepts=OB+SWEEP buy=40 sell=0
2025-07-19T01:40:00+07:00,2025-07-19T01:50:00+07:00,BUY,3351.52,3350.34,3359.86,BE,-0.2,S418 BUY ICT Confluence 7R score=40,concepts=FVG+OB buy=40 sell=0
2025-07-19T02:15:00+07:00,2025-07-19T02:45:00+07:00,BUY,3351.1,3350.1,3358.98,BE,-0.2,S418 BUY ICT Confluence 7R score=60,concepts=FVG+OB+SWEEP buy=60 sell=0
2025-07-19T02:50:00+07:00,2025-07-19T03:00:00+07:00,BUY,3351.24,3350.12,3359.4,BE,-0.2,S418 BUY ICT Confluence 7R score=40,concepts=FVG+OB buy=40 sell=0
2025-07-19T03:10:00+07:00,2025-07-19T03:20:00+07:00,BUY,3351.45,3350.12,3360.84,BE,-0.2,S418 BUY ICT Confluence 7R score=40,concepts=FVG+OB buy=40 sell=0
2025-07-21T10:50:00+07:00,2025-07-21T11:35:00+07:00,BUY,3353.4,3352.17,3361.77,BE,-0.2,S418 BUY ICT Confluence 7R score=40,concepts=OB+SWEEP buy=40 sell=0
2025-07-21T11:40:00+07:00,2025-07-21T11:45:00+07:00,BUY,3352.49,3351.36,3360.32,SL,-1.33,S418 BUY ICT Confluence 7R score=60,concepts=FVG+OB+SWEEP buy=60 sell=0
2025-07-22T00:35:00+07:00,2025-07-22T00:45:00+07:00,BUY,3396.97,3395.38,3408.02,SL,-1.79,S418 BUY ICT Confluence 7R score=40,concepts=FVG+OB buy=40 sell=0
2025-07-22T07:10:00+07:00,2025-07-22T07:20:00+07:00,SELL,3400.44,3401.37,3394.41,BE,-0.2,S418 SELL ICT Confluence 7R score=40,concepts=OB+SWEEP buy=0 sell=40
2025-07-22T19:10:00+07:00,2025-07-22T19:20:00+07:00,SELL,3388.33,3388.98,3383.54,BE,-0.2,S418 SELL ICT Confluence 7R score=40,concepts=FVG+SWEEP buy=0 sell=40
2025-07-22T19:35:00+07:00,2025-07-22T19:40:00+07:00,SELL,3388.78,3389.41,3384.21,SL,-0.83,S418 SELL ICT Confluence 7R score=60,concepts=FVG+OB+SWEEP buy=0 sell=60
2025-07-23T03:10:00+07:00,2025-07-23T03:15:00+07:00,SELL,3430.16,3431.1,3423.98,SL,-1.14,S418 SELL ICT Confluence 7R score=40,concepts=FVG+OB buy=20 sell=40
2025-07-23T03:30:00+07:00,2025-07-23T03:40:00+07:00,SELL,3431.35,3432.16,3425.44,BE,-0.2,S418 SELL ICT Confluence 7R score=40,concepts=FVG+SWEEP buy=0 sell=40
2025-07-23T04:05:00+07:00,2025-07-23T07:10:00+07:00,SELL,3432.05,3432.74,3426.66,BE,-0.2,S418 SELL ICT Confluence 7R score=40,concepts=OB+SWEEP buy=0 sell=40
2025-07-23T07:40:00+07:00,2025-07-23T07:45:00+07:00,BUY,3428.5,3427.38,3435.3,SL,-1.32,S418 BUY ICT Confluence 7R score=40,concepts=FVG+OB buy=40 sell=0
2025-07-23T07:55:00+07:00,2025-07-23T08:20:00+07:00,BUY,3427.45,3426.12,3436.84,TP,9.19,S418 BUY ICT Confluence 7R score=40,concepts=OB+SWEEP buy=40 sell=0
2025-07-23T12:20:00+07:00,2025-07-23T12:30:00+07:00,BUY,3422.83,3420.03,3442.19,BE,-0.2,S418 BUY ICT Confluence 7R score=40,concepts=FVG+OB buy=40 sell=0
2025-07-23T12:35:00+07:00,2025-07-23T12:50:00+07:00,BUY,3422.85,3421.78,3430.5,BE,-0.2,S418 BUY ICT Confluence 7R score=40,concepts=FVG+OB buy=40 sell=0
2025-07-23T14:15:00+07:00,2025-07-23T14:25:00+07:00,SELL,3424.01,3424.7,3418.78,BE,-0.2,S418 SELL ICT Confluence 7R score=40,concepts=FVG+SWEEP buy=20 sell=40
2025-07-23T15:20:00+07:00,2025-07-23T15:30:00+07:00,SELL,3426.64,3429.93,3403.85,BE,-0.2,S418 SELL ICT Confluence 7R score=40,concepts=OB+SWEEP buy=20 sell=40
2025-07-23T15:45:00+07:00,2025-07-23T15:55:00+07:00,BUY,3421.13,3419.45,3433.21,BE,-0.2,S418 BUY ICT Confluence 7R score=40,concepts=FVG+OB buy=40 sell=0
2025-07-23T17:00:00+07:00,2025-07-23T17:10:00+07:00,SELL,3428.48,3430.14,3416.94,SL,-1.86,S418 SELL ICT Confluence 7R score=40,concepts=OB+SWEEP buy=0 sell=40
2025-07-23T18:15:00+07:00,2025-07-23T18:20:00+07:00,BUY,3423.88,3422.98,3429.94,SL,-1.1,S418 BUY ICT Confluence 7R score=40,concepts=FVG+SWEEP buy=40 sell=0
2025-07-23T18:30:00+07:00,2025-07-23T18:40:00+07:00,BUY,3422.59,3421.38,3430.9,BE,-0.2,S418 BUY ICT Confluence 7R score=40,concepts=OB+SWEEP buy=40 sell=0
2025-07-23T18:45:00+07:00,2025-07-23T19:00:00+07:00,BUY,3421.96,3420.97,3429.13,BE,-0.2,S418 BUY ICT Confluence 7R score=40,concepts=OB+SWEEP buy=40 sell=0
2025-07-23T19:05:00+07:00,2025-07-23T19:15:00+07:00,BUY,3421.32,3420.25,3429.61,BE,-0.2,S418 BUY ICT Confluence 7R score=40,concepts=FVG+SWEEP buy=40 sell=0
2025-07-23T19:50:00+07:00,2025-07-23T20:00:00+07:00,SELL,3428.64,3429.99,3418.79,BE,-0.2,S418 SELL ICT Confluence 7R score=40,concepts=FVG+SWEEP buy=0 sell=40
2025-07-23T20:05:00+07:00,2025-07-23T20:20:00+07:00,SELL,3428.67,3430.11,3418.43,BE,-0.2,S418 SELL ICT Confluence 7R score=40,concepts=FVG+SWEEP buy=0 sell=40
2025-07-23T23:35:00+07:00,2025-07-23T23:40:00+07:00,BUY,3411.4,3410.13,3420.21,SL,-1.47,S418 BUY ICT Confluence 7R score=40,concepts=FVG+OB buy=40 sell=0
2025-07-24T01:50:00+07:00,2025-07-24T02:00:00+07:00,SELL,3392.02,3395.1,3370.7,BE,-0.2,S418 SELL ICT Confluence 7R score=40,concepts=FVG+SWEEP buy=20 sell=40
2025-07-24T03:05:00+07:00,2025-07-24T03:15:00+07:00,SELL,3394.57,3396.16,3383.76,BE,-0.2,S418 SELL ICT Confluence 7R score=40,concepts=FVG+OB buy=20 sell=40
2025-07-24T03:30:00+07:00,2025-07-24T03:40:00+07:00,BUY,3390.32,3388.82,3400.66,BE,-0.2,S418 BUY ICT Confluence 7R score=40,concepts=FVG+OB buy=40 sell=0
2025-07-24T03:45:00+07:00,2025-07-24T03:55:00+07:00,BUY,3390.25,3388.42,3404.18,BE,-0.2,S418 BUY ICT Confluence 7R score=60,concepts=FVG+OB+SWEEP buy=60 sell=0
2025-07-24T04:05:00+07:00,2025-07-24T04:50:00+07:00,BUY,3389.89,3387.94,3403.38,SL,-2.15,S418 BUY ICT Confluence 7R score=40,concepts=OB+SWEEP buy=40 sell=0
2025-07-24T06:20:00+07:00,2025-07-24T06:35:00+07:00,BUY,3388.58,3385.88,3407.32,BE,-0.2,S418 BUY ICT Confluence 7R score=40,concepts=FVG+OB buy=40 sell=0
2025-07-24T06:55:00+07:00,2025-07-24T07:05:00+07:00,BUY,3386.87,3385.89,3393.41,BE,-0.2,S418 BUY ICT Confluence 7R score=40,concepts=FVG+OB buy=40 sell=0
2025-07-24T08:45:00+07:00,2025-07-24T08:55:00+07:00,SELL,3391.87,3393.32,3381.56,BE,-0.2,S418 SELL ICT Confluence 7R score=40,concepts=FVG+OB buy=0 sell=40
2025-07-24T09:15:00+07:00,2025-07-24T10:10:00+07:00,SELL,3392.33,3393.53,3383.85,TP,8.28,S418 SELL ICT Confluence 7R score=40,concepts=FVG+OB buy=20 sell=40
2025-07-24T11:00:00+07:00,2025-07-24T11:05:00+07:00,BUY,3380.61,3379.72,3387.32,SL,-1.09,S418 BUY ICT Confluence 7R score=40,concepts=OB+SWEEP buy=40 sell=0
2025-07-25T06:20:00+07:00,2025-07-25T06:25:00+07:00,BUY,3367.32,3366.16,3375.6,SL,-1.36,S418 BUY ICT Confluence 7R score=40,concepts=OB+SWEEP buy=40 sell=0
2025-07-25T10:00:00+07:00,2025-07-25T10:10:00+07:00,BUY,3368.73,3366.23,3386.31,SL,-2.7,S418 BUY ICT Confluence 7R score=40,concepts=FVG+OB buy=40 sell=0
2025-07-25T13:35:00+07:00,2025-07-25T13:40:00+07:00,BUY,3358.45,3356.67,3371.15,SL,-1.98,S418 BUY ICT Confluence 7R score=40,concepts=OB+SWEEP buy=40 sell=0
2025-07-25T14:35:00+07:00,2025-07-25T14:45:00+07:00,BUY,3356.68,3354.48,3372.0,BE,-0.2,S418 BUY ICT Confluence 7R score=40,concepts=OB+SWEEP buy=40 sell=20
2025-07-25T15:15:00+07:00,2025-07-25T15:25:00+07:00,SELL,3358.85,3360.27,3348.75,BE,-0.2,S418 SELL ICT Confluence 7R score=40,concepts=OB+SWEEP buy=0 sell=40
2025-07-25T17:55:00+07:00,2025-07-25T18:05:00+07:00,BUY,3345.92,3342.98,3366.26,BE,-0.2,S418 BUY ICT Confluence 7R score=40,concepts=FVG+OB buy=40 sell=0
2025-07-25T18:20:00+07:00,2025-07-25T18:30:00+07:00,BUY,3345.61,3342.98,3363.86,BE,-0.2,S418 BUY ICT Confluence 7R score=40,concepts=FVG+OB buy=40 sell=0
2025-07-25T18:55:00+07:00,2025-07-25T19:05:00+07:00,BUY,3342.84,3340.85,3356.53,BE,-0.2,S418 BUY ICT Confluence 7R score=40,concepts=OB+SWEEP buy=40 sell=0
2025-07-26T00:50:00+07:00,2025-07-28T06:40:00+07:00,BUY,3328.51,3324.84,3354.28,BE,-0.2,S418 BUY ICT Confluence 7R score=40,concepts=FVG+OB buy=40 sell=0
2025-07-28T07:05:00+07:00,2025-07-28T07:15:00+07:00,SELL,3336.6,3339.48,3316.52,BE,-0.2,S418 SELL ICT Confluence 7R score=40,concepts=FVG+OB buy=0 sell=40
2025-07-28T07:20:00+07:00,2025-07-28T08:00:00+07:00,SELL,3335.91,3339.45,3310.49,BE,-0.2,S418 SELL ICT Confluence 7R score=40,concepts=FVG+OB buy=0 sell=40
2025-07-28T08:05:00+07:00,2025-07-28T08:15:00+07:00,SELL,3334.43,3337.64,3311.88,BE,-0.2,S418 SELL ICT Confluence 7R score=40,concepts=FVG+OB buy=20 sell=40
2025-07-28T09:00:00+07:00,2025-07-28T09:05:00+07:00,SELL,3336.32,3337.48,3328.36,SL,-1.36,S418 SELL ICT Confluence 7R score=40,concepts=FVG+OB buy=0 sell=40
2025-07-28T09:10:00+07:00,2025-07-28T09:20:00+07:00,SELL,3335.17,3339.07,3307.55,BE,-0.2,S418 SELL ICT Confluence 7R score=40,concepts=OB+SWEEP buy=20 sell=40
2025-07-28T11:30:00+07:00,2025-07-28T11:45:00+07:00,SELL,3337.81,3339.07,3329.31,SL,-1.46,S418 SELL ICT Confluence 7R score=40,concepts=FVG+OB buy=0 sell=40
2025-07-28T13:50:00+07:00,2025-07-28T14:00:00+07:00,SELL,3343.36,3344.29,3336.93,BE,-0.2,S418 SELL ICT Confluence 7R score=40,concepts=OB+SWEEP buy=0 sell=40
2025-07-28T15:35:00+07:00,2025-07-28T15:50:00+07:00,BUY,3335.81,3334.9,3342.42,BE,-0.2,S418 BUY ICT Confluence 7R score=40,concepts=FVG+OB buy=40 sell=20
2025-07-28T17:25:00+07:00,2025-07-28T20:35:00+07:00,SELL,3339.2,3340.85,3327.89,TP,11.11,S418 SELL ICT Confluence 7R score=40,concepts=FVG+SWEEP buy=0 sell=40
2025-07-29T01:05:00+07:00,2025-07-29T01:25:00+07:00,BUY,3310.19,3308.63,3320.55,BE,-0.2,S418 BUY ICT Confluence 7R score=40,concepts=OB+SWEEP buy=40 sell=20
2025-07-29T03:10:00+07:00,2025-07-29T03:30:00+07:00,SELL,3315.23,3316.47,3306.71,BE,-0.2,S418 SELL ICT Confluence 7R score=40,concepts=FVG+SWEEP buy=20 sell=40
2025-07-29T08:15:00+07:00,2025-07-29T08:20:00+07:00,BUY,3309.98,3308.86,3317.9,SL,-1.32,S418 BUY ICT Confluence 7R score=40,concepts=OB+SWEEP buy=40 sell=0
2025-07-29T09:30:00+07:00,2025-07-29T09:35:00+07:00,SELL,3315.6,3316.2,3311.32,SL,-0.8,S418 SELL ICT Confluence 7R score=40,concepts=FVG+OB buy=0 sell=40
2025-07-29T11:40:00+07:00,2025-07-29T11:50:00+07:00,BUY,3313.62,3310.99,3331.87,BE,-0.2,S418 BUY ICT Confluence 7R score=40,concepts=OB+SWEEP buy=40 sell=0
2025-07-29T14:00:00+07:00,2025-07-29T14:10:00+07:00,SELL,3317.75,3320.22,3300.7,BE,-0.2,S418 SELL ICT Confluence 7R score=40,concepts=OB+SWEEP buy=20 sell=40
2025-07-29T14:30:00+07:00,2025-07-29T14:40:00+07:00,SELL,3319.21,3321.59,3303.27,BE,-0.2,S418 SELL ICT Confluence 7R score=40,concepts=OB+SWEEP buy=0 sell=40
2025-07-29T19:10:00+07:00,2025-07-29T19:20:00+07:00,BUY,3319.76,3317.95,3332.11,BE,-0.2,S418 BUY ICT Confluence 7R score=40,concepts=FVG+SWEEP buy=40 sell=0
2025-07-29T20:50:00+07:00,2025-07-29T20:55:00+07:00,SELL,3323.17,3324.11,3316.67,SL,-1.14,S418 SELL ICT Confluence 7R score=40,concepts=FVG+SWEEP buy=0 sell=40
2025-07-29T21:00:00+07:00,2025-07-29T21:15:00+07:00,SELL,3322.37,3324.78,3305.42,BE,-0.2,S418 SELL ICT Confluence 7R score=40,concepts=FVG+SWEEP buy=0 sell=40
2025-07-30T09:00:00+07:00,2025-07-30T09:30:00+07:00,BUY,3328.12,3326.04,3343.16,BE,-0.2,S418 BUY ICT Confluence 7R score=40,concepts=FVG+OB buy=40 sell=0
2025-07-30T12:50:00+07:00,2025-07-30T12:55:00+07:00,BUY,3327.52,3326.04,3337.8,SL,-1.68,S418 BUY ICT Confluence 7R score=40,concepts=OB+SWEEP buy=40 sell=0
2025-07-30T13:05:00+07:00,2025-07-30T13:25:00+07:00,BUY,3326.55,3324.97,3336.57,BE,-0.2,S418 BUY ICT Confluence 7R score=40,concepts=OB+SWEEP buy=40 sell=0
2025-07-30T14:15:00+07:00,2025-07-30T14:25:00+07:00,BUY,3323.91,3323.17,3329.17,BE,-0.2,S418 BUY ICT Confluence 7R score=40,concepts=FVG+SWEEP buy=40 sell=0
2025-07-30T16:25:00+07:00,2025-07-30T16:35:00+07:00,SELL,3330.05,3333.01,3309.17,BE,-0.2,S418 SELL ICT Confluence 7R score=40,concepts=OB+SWEEP buy=20 sell=40
2025-07-30T18:10:00+07:00,2025-07-30T18:20:00+07:00,BUY,3330.58,3327.66,3350.46,BE,-0.2,S418 BUY ICT Confluence 7R score=40,concepts=OB+SWEEP buy=40 sell=20
2025-07-30T19:55:00+07:00,2025-07-30T20:00:00+07:00,SELL,3330.81,3331.79,3323.87,SL,-1.18,S418 SELL ICT Confluence 7R score=40,concepts=OB+SWEEP buy=0 sell=40
2025-07-30T20:20:00+07:00,2025-07-30T21:15:00+07:00,SELL,3329.14,3332.12,3308.12,TP,20.82,S418 SELL ICT Confluence 7R score=40,concepts=FVG+OB buy=0 sell=40
2025-07-31T01:25:00+07:00,2025-07-31T01:35:00+07:00,SELL,3299.01,3300.59,3288.35,BE,-0.2,S418 SELL ICT Confluence 7R score=40,concepts=OB+SWEEP buy=0 sell=40
2025-07-31T02:30:00+07:00,2025-07-31T02:35:00+07:00,BUY,3296.85,3292.01,3330.25,SL,-5.04,S418 BUY ICT Confluence 7R score=40,concepts=FVG+SWEEP buy=40 sell=20
2025-07-31T07:25:00+07:00,2025-07-31T07:30:00+07:00,SELL,3279.64,3280.38,3274.22,SL,-0.94,S418 SELL ICT Confluence 7R score=40,concepts=OB+SWEEP buy=0 sell=40
2025-07-31T08:30:00+07:00,2025-07-31T08:40:00+07:00,SELL,3287.35,3288.33,3280.33,BE,-0.2,S418 SELL ICT Confluence 7R score=40,concepts=FVG+OB buy=0 sell=40
2025-07-31T08:50:00+07:00,2025-07-31T08:55:00+07:00,SELL,3287.72,3288.35,3283.23,SL,-0.83,S418 SELL ICT Confluence 7R score=40,concepts=FVG+OB buy=0 sell=40
2025-07-31T13:15:00+07:00,2025-07-31T13:25:00+07:00,BUY,3295.86,3293.59,3312.07,BE,-0.2,S418 BUY ICT Confluence 7R score=40,concepts=FVG+OB buy=40 sell=0
2025-07-31T13:45:00+07:00,2025-07-31T13:55:00+07:00,SELL,3296.99,3299.21,3281.61,BE,-0.2,S418 SELL ICT Confluence 7R score=40,concepts=FVG+OB buy=0 sell=40
2025-08-01T04:50:00+07:00,2025-08-01T04:55:00+07:00,BUY,3290.66,3289.93,3296.09,SL,-0.93,S418 BUY ICT Confluence 7R score=40,concepts=OB+SWEEP buy=40 sell=0
2025-08-01T06:05:00+07:00,2025-08-01T06:15:00+07:00,BUY,3291.26,3289.46,3302.82,BE,-0.2,S418 BUY ICT Confluence 7R score=40,concepts=OB+SWEEP buy=40 sell=0
2025-08-01T14:30:00+07:00,2025-08-01T14:40:00+07:00,BUY,3291.46,3289.96,3302.04,BE,-0.2,S418 BUY ICT Confluence 7R score=40,concepts=FVG+OB buy=40 sell=0
2025-08-01T15:50:00+07:00,2025-08-01T16:00:00+07:00,BUY,3286.63,3285.02,3297.98,BE,-0.2,S418 BUY ICT Confluence 7R score=40,concepts=FVG+SWEEP buy=40 sell=0
2025-08-02T00:20:00+07:00,2025-08-02T00:25:00+07:00,BUY,3342.05,3340.85,3350.61,SL,-1.4,S418 BUY ICT Confluence 7R score=40,concepts=OB+SWEEP buy=40 sell=0
2025-08-02T00:30:00+07:00,2025-08-02T00:40:00+07:00,BUY,3342.67,3340.3,3359.74,BE,-0.2,S418 BUY ICT Confluence 7R score=40,concepts=OB+SWEEP buy=40 sell=20
2025-08-02T00:55:00+07:00,2025-08-02T01:05:00+07:00,SELL,3347.31,3351.51,3317.67,BE,-0.2,S418 SELL ICT Confluence 7R score=40,concepts=FVG+OB buy=0 sell=40
2025-08-02T01:15:00+07:00,2025-08-02T01:25:00+07:00,SELL,3347.48,3351.26,3320.94,BE,-0.2,S418 SELL ICT Confluence 7R score=40,concepts=FVG+OB buy=0 sell=40
2025-08-02T02:05:00+07:00,2025-08-02T02:10:00+07:00,SELL,3347.9,3349.62,3335.3,SL,-1.92,S418 SELL ICT Confluence 7R score=40,concepts=FVG+OB buy=0 sell=40
2025-08-02T02:20:00+07:00,2025-08-02T02:35:00+07:00,SELL,3347.86,3350.07,3332.31,SL,-2.41,S418 SELL ICT Confluence 7R score=40,concepts=FVG+OB buy=0 sell=40
2025-08-02T02:45:00+07:00,2025-08-02T03:10:00+07:00,SELL,3349.64,3351.41,3336.85,BE,-0.2,S418 SELL ICT Confluence 7R score=40,concepts=FVG+SWEEP buy=20 sell=40
2025-08-04T08:55:00+07:00,2025-08-04T09:05:00+07:00,BUY,3352.16,3349.96,3367.48,BE,-0.2,S418 BUY ICT Confluence 7R score=40,concepts=FVG+SWEEP buy=40 sell=0
2025-08-04T15:25:00+07:00,2025-08-04T15:30:00+07:00,BUY,3353.85,3353.08,3358.68,SL,-0.97,S418 BUY ICT Confluence 7R score=40,concepts=OB+SWEEP buy=40 sell=0
2025-08-04T17:30:00+07:00,2025-08-04T19:00:00+07:00,SELL,3359.92,3361.96,3345.48,BE,-0.2,S418 SELL ICT Confluence 7R score=40,concepts=OB+SWEEP buy=0 sell=40
2025-08-04T19:05:00+07:00,2025-08-04T19:10:00+07:00,SELL,3361.72,3364.31,3342.95,SL,-2.79,S418 SELL ICT Confluence 7R score=40,concepts=OB+SWEEP buy=0 sell=40
2025-08-05T02:05:00+07:00,2025-08-05T02:20:00+07:00,SELL,3374.09,3376.59,3356.51,SL,-2.7,S418 SELL ICT Confluence 7R score=40,concepts=FVG+OB buy=0 sell=40
2025-08-05T10:30:00+07:00,2025-08-05T10:40:00+07:00,BUY,3377.03,3374.3,3396.22,BE,-0.2,S418 BUY ICT Confluence 7R score=40,concepts=OB+SWEEP buy=40 sell=20
2025-08-05T10:50:00+07:00,2025-08-05T10:55:00+07:00,BUY,3375.68,3373.81,3389.01,SL,-2.07,S418 BUY ICT Confluence 7R score=40,concepts=FVG+SWEEP buy=40 sell=20
2025-08-05T11:00:00+07:00,2025-08-05T11:15:00+07:00,BUY,3374.65,3373.27,3384.23,SL,-1.58,S418 BUY ICT Confluence 7R score=40,concepts=OB+SWEEP buy=40 sell=20
2025-08-05T22:00:00+07:00,2025-08-05T22:15:00+07:00,SELL,3376.4,3381.06,3343.54,BE,-0.2,S418 SELL ICT Confluence 7R score=40,concepts=OB+SWEEP buy=0 sell=40
2025-08-06T03:05:00+07:00,2025-08-06T03:40:00+07:00,BUY,3379.4,3377.99,3389.19,BE,-0.2,S418 BUY ICT Confluence 7R score=40,concepts=OB+SWEEP buy=40 sell=20
2025-08-06T04:45:00+07:00,2025-08-06T07:00:00+07:00,BUY,3379.03,3378.02,3386.18,BE,-0.2,S418 BUY ICT Confluence 7R score=40,concepts=FVG+OB buy=40 sell=0
2025-08-07T01:15:00+07:00,2025-08-07T01:25:00+07:00,BUY,3372.65,3370.01,3390.89,BE,-0.2,S418 BUY ICT Confluence 7R score=40,concepts=FVG+OB buy=40 sell=0
2025-08-07T02:00:00+07:00,2025-08-07T02:10:00+07:00,BUY,3373.37,3370.72,3392.0,SL,-2.85,S418 BUY ICT Confluence 7R score=40,concepts=FVG+OB buy=40 sell=0
2025-08-07T02:20:00+07:00,2025-08-07T02:30:00+07:00,BUY,3370.03,3368.79,3378.87,BE,-0.2,S418 BUY ICT Confluence 7R score=40,concepts=FVG+SWEEP buy=40 sell=0
2025-08-07T03:00:00+07:00,2025-08-07T03:55:00+07:00,BUY,3370.58,3368.81,3384.17,BE,-0.2,S418 BUY ICT Confluence 7R score=40,concepts=FVG+OB buy=40 sell=0
2025-08-07T04:05:00+07:00,2025-08-07T04:15:00+07:00,BUY,3370.43,3369.39,3377.79,BE,-0.2,S418 BUY ICT Confluence 7R score=40,concepts=FVG+OB buy=40 sell=0
2025-08-07T08:25:00+07:00,2025-08-07T08:30:00+07:00,SELL,3372.29,3373.12,3365.92,SL,-1.03,S418 SELL ICT Confluence 7R score=40,concepts=FVG+SWEEP buy=20 sell=40
2025-08-07T13:05:00+07:00,2025-08-07T14:20:00+07:00,SELL,3379.86,3381.11,3371.35,BE,-0.2,S418 SELL ICT Confluence 7R score=40,concepts=OB+SWEEP buy=0 sell=40
2025-08-07T19:15:00+07:00,2025-08-07T19:20:00+07:00,SELL,3380.54,3381.52,3374.0,SL,-1.18,S418 SELL ICT Confluence 7R score=40,concepts=FVG+SWEEP buy=0 sell=40
2025-08-07T21:50:00+07:00,2025-08-07T22:10:00+07:00,SELL,3389.69,3394.28,3357.88,BE,-0.2,S418 SELL ICT Confluence 7R score=40,concepts=FVG+SWEEP buy=20 sell=40
2025-08-07T22:20:00+07:00,2025-08-07T22:30:00+07:00,BUY,3381.03,3374.76,3424.36,BE,-0.2,S418 BUY ICT Confluence 7R score=40,concepts=FVG+OB buy=40 sell=0
2025-08-07T23:30:00+07:00,2025-08-07T23:45:00+07:00,SELL,3387.99,3392.71,3355.11,BE,-0.2,S418 SELL ICT Confluence 7R score=40,concepts=FVG+OB buy=20 sell=40
2025-08-07T23:50:00+07:00,2025-08-07T23:55:00+07:00,SELL,3389.63,3390.59,3382.11,SL,-1.16,S418 SELL ICT Confluence 7R score=40,concepts=FVG+OB buy=0 sell=40
2025-08-08T01:15:00+07:00,2025-08-08T04:25:00+07:00,BUY,3386.26,3384.16,3401.04,TP,14.58,S418 BUY ICT Confluence 7R score=40,concepts=OB+SWEEP buy=40 sell=0
2025-08-08T06:20:00+07:00,2025-08-08T06:30:00+07:00,BUY,3391.91,3388.34,3417.22,BE,-0.2,S418 BUY ICT Confluence 7R score=40,concepts=FVG+SWEEP buy=40 sell=0
2025-08-08T08:30:00+07:00,2025-08-08T08:35:00+07:00,BUY,3391.46,3390.6,3397.64,SL,-1.06,S418 BUY ICT Confluence 7R score=40,concepts=FVG+SWEEP buy=40 sell=0
2025-08-08T12:20:00+07:00,2025-08-08T12:30:00+07:00,SELL,3398.03,3398.95,3391.51,BE,-0.2,S418 SELL ICT Confluence 7R score=40,concepts=FVG+OB buy=20 sell=40
2025-08-08T12:35:00+07:00,2025-08-08T12:45:00+07:00,SELL,3397.23,3399.03,3384.23,BE,-0.2,S418 SELL ICT Confluence 7R score=40,concepts=FVG+OB buy=20 sell=40
2025-08-08T12:50:00+07:00,2025-08-08T15:00:00+07:00,SELL,3397.79,3399.44,3386.16,BE,-0.2,S418 SELL ICT Confluence 7R score=40,concepts=FVG+SWEEP buy=0 sell=40
2025-08-08T15:05:00+07:00,2025-08-08T15:15:00+07:00,SELL,3397.55,3400.62,3375.9,BE,-0.2,S418 SELL ICT Confluence 7R score=40,concepts=FVG+SWEEP buy=0 sell=40
2025-08-08T15:40:00+07:00,2025-08-08T15:45:00+07:00,SELL,3398.49,3400.82,3382.42,SL,-2.53,S418 SELL ICT Confluence 7R score=40,concepts=FVG+SWEEP buy=0 sell=40
2025-08-11T06:10:00+07:00,2025-08-11T06:20:00+07:00,BUY,3394.53,3390.18,3425.86,BE,-0.2,S418 BUY ICT Confluence 7R score=40,concepts=OB+SWEEP buy=40 sell=20
2025-08-11T10:45:00+07:00,2025-08-11T11:05:00+07:00,SELL,3378.16,3382.42,3348.42,BE,-0.2,S418 SELL ICT Confluence 7R score=40,concepts=FVG+OB buy=0 sell=40
2025-08-11T21:00:00+07:00,2025-08-11T21:30:00+07:00,SELL,3353.88,3359.18,3316.7,BE,-0.2,S418 SELL ICT Confluence 7R score=40,concepts=OB+SWEEP buy=20 sell=40
2025-08-12T01:30:00+07:00,2025-08-12T01:40:00+07:00,BUY,3343.32,3341.1,3358.62,TP,15.1,S418 BUY ICT Confluence 7R score=40,concepts=OB+SWEEP buy=40 sell=0
2025-08-12T01:45:00+07:00,2025-08-12T02:25:00+07:00,SELL,3356.13,3359.13,3335.05,BE,-0.2,S418 SELL ICT Confluence 7R score=40,concepts=OB+SWEEP buy=0 sell=40
2025-08-12T02:30:00+07:00,2025-08-12T02:40:00+07:00,SELL,3354.67,3359.18,3323.02,BE,-0.2,S418 SELL ICT Confluence 7R score=40,concepts=FVG+OB buy=0 sell=40
2025-08-12T02:45:00+07:00,2025-08-12T08:45:00+07:00,SELL,3355.25,3359.13,3328.01,BE,-0.2,S418 SELL ICT Confluence 7R score=40,concepts=FVG+OB buy=0 sell=40
2025-08-12T09:05:00+07:00,2025-08-12T09:10:00+07:00,SELL,3355.5,3356.5,3347.22,SL,-1.2,S418 SELL ICT Confluence 7R score=60,concepts=FVG+OB+SWEEP buy=0 sell=60
2025-08-12T09:15:00+07:00,2025-08-12T14:15:00+07:00,SELL,3355.94,3357.61,3344.17,TP,11.57,S418 SELL ICT Confluence 7R score=40,concepts=OB+SWEEP buy=0 sell=40
2025-08-12T15:30:00+07:00,2025-08-12T15:35:00+07:00,SELL,3353.14,3356.09,3332.73,SL,-3.15,S418 SELL ICT Confluence 7R score=40,concepts=FVG+OB buy=0 sell=40
2025-08-12T15:40:00+07:00,2025-08-12T15:50:00+07:00,SELL,3355.46,3358.43,3334.59,BE,-0.2,S418 SELL ICT Confluence 7R score=40,concepts=OB+SWEEP buy=0 sell=40
2025-08-12T18:45:00+07:00,2025-08-12T18:55:00+07:00,BUY,3345.22,3343.67,3355.99,BE,-0.2,S418 BUY ICT Confluence 7R score=40,concepts=OB+SWEEP buy=40 sell=0
2025-08-13T02:45:00+07:00,2025-08-13T02:55:00+07:00,SELL,3348.91,3350.98,3334.34,BE,-0.2,S418 SELL ICT Confluence 7R score=40,concepts=FVG+OB buy=0 sell=40
2025-08-13T04:20:00+07:00,2025-08-13T04:30:00+07:00,SELL,3348.09,3349.83,3335.99,BE,-0.2,S418 SELL ICT Confluence 7R score=40,concepts=FVG+OB buy=0 sell=40
2025-08-13T08:10:00+07:00,2025-08-13T08:15:00+07:00,BUY,3347.74,3345.97,3360.21,SL,-1.97,S418 BUY ICT Confluence 7R score=40,concepts=FVG+OB buy=40 sell=0
2025-08-13T08:50:00+07:00,2025-08-13T09:20:00+07:00,BUY,3344.38,3342.63,3356.87,BE,-0.2,S418 BUY ICT Confluence 7R score=40,concepts=OB+SWEEP buy=40 sell=0
2025-08-13T09:45:00+07:00,2025-08-13T09:55:00+07:00,SELL,3350.07,3352.3,3334.62,BE,-0.2,S418 SELL ICT Confluence 7R score=40,concepts=FVG+SWEEP buy=20 sell=40
2025-08-13T13:30:00+07:00,2025-08-13T13:35:00+07:00,BUY,3348.82,3347.84,3356.64,SL,-1.18,S418 BUY ICT Confluence 7R score=40,concepts=FVG+SWEEP buy=40 sell=20
2025-08-13T18:40:00+07:00,2025-08-13T18:50:00+07:00,SELL,3365.56,3366.92,3356.52,BE,-0.2,S418 SELL ICT Confluence 7R score=40,concepts=OB+SWEEP buy=0 sell=40
2025-08-13T20:30:00+07:00,2025-08-13T20:40:00+07:00,BUY,3358.59,3355.29,3381.61,BE,-0.2,S418 BUY ICT Confluence 7R score=40,concepts=FVG+SWEEP buy=40 sell=20
2025-08-13T21:20:00+07:00,2025-08-13T21:30:00+07:00,BUY,3356.45,3354.01,3373.69,BE,-0.2,S418 BUY ICT Confluence 7R score=40,concepts=OB+SWEEP buy=40 sell=0
2025-08-14T12:50:00+07:00,2025-08-14T13:05:00+07:00,SELL,3361.16,3361.96,3355.08,BE,-0.2,S418 SELL ICT Confluence 7R score=40,concepts=FVG+OB buy=20 sell=40
2025-08-14T13:15:00+07:00,2025-08-14T14:05:00+07:00,SELL,3361.23,3362.01,3356.01,TP,5.02,S418 SELL ICT Confluence 7R score=40,concepts=FVG+SWEEP buy=20 sell=40
2025-08-14T14:50:00+07:00,2025-08-14T14:55:00+07:00,SELL,3360.32,3362.07,3347.99,SL,-1.95,S418 SELL ICT Confluence 7R score=40,concepts=FVG+OB buy=0 sell=40
2025-08-14T15:35:00+07:00,2025-08-14T15:40:00+07:00,BUY,3357.1,3355.63,3367.31,SL,-1.67,S418 BUY ICT Confluence 7R score=40,concepts=OB+SWEEP buy=40 sell=0
2025-08-15T01:45:00+07:00,2025-08-15T01:55:00+07:00,SELL,3337.7,3340.86,3315.5,BE,-0.2,S418 SELL ICT Confluence 7R score=40,concepts=FVG+OB buy=0 sell=40
2025-08-15T02:15:00+07:00,2025-08-15T02:25:00+07:00,SELL,3337.37,3338.64,3328.4,BE,-0.2,S418 SELL ICT Confluence 7R score=40,concepts=FVG+OB buy=20 sell=40
2025-08-15T02:40:00+07:00,2025-08-15T02:50:00+07:00,SELL,3338.6,3339.52,3332.24,BE,-0.2,S418 SELL ICT Confluence 7R score=40,concepts=FVG+OB buy=0 sell=40
2025-08-15T02:55:00+07:00,2025-08-15T03:00:00+07:00,SELL,3338.26,3339.51,3329.67,SL,-1.45,S418 SELL ICT Confluence 7R score=40,concepts=FVG+OB buy=0 sell=40
2025-08-15T10:50:00+07:00,2025-08-15T10:55:00+07:00,SELL,3339.63,3340.43,3334.11,SL,-1.0,S418 SELL ICT Confluence 7R score=40,concepts=OB+SWEEP buy=0 sell=40
2025-08-15T13:25:00+07:00,2025-08-15T13:30:00+07:00,BUY,3343.29,3342.13,3351.57,SL,-1.36,S418 BUY ICT Confluence 7R score=40,concepts=FVG+OB buy=40 sell=0
2025-08-15T14:00:00+07:00,2025-08-15T14:05:00+07:00,BUY,3342.99,3341.7,3351.54,SL,-1.49,S418 BUY ICT Confluence 7R score=40,concepts=FVG+OB buy=40 sell=0
2025-08-15T14:10:00+07:00,2025-08-15T14:15:00+07:00,BUY,3342.05,3341.19,3347.99,SL,-1.06,S418 BUY ICT Confluence 7R score=60,concepts=FVG+OB+SWEEP buy=60 sell=0
2025-08-15T14:20:00+07:00,2025-08-15T14:30:00+07:00,BUY,3341.82,3340.88,3348.16,BE,-0.2,S418 BUY ICT Confluence 7R score=40,concepts=FVG+SWEEP buy=40 sell=0
2025-08-15T14:35:00+07:00,2025-08-15T14:45:00+07:00,BUY,3343.17,3340.76,3360.36,BE,-0.2,S418 BUY ICT Confluence 7R score=40,concepts=FVG+OB buy=40 sell=20
2025-08-15T15:30:00+07:00,2025-08-15T15:45:00+07:00,BUY,3342.85,3339.98,3362.86,BE,-0.2,S418 BUY ICT Confluence 7R score=40,concepts=FVG+OB buy=40 sell=0
2025-08-15T16:30:00+07:00,2025-08-15T16:40:00+07:00,BUY,3340.98,3338.51,3358.35,BE,-0.2,S418 BUY ICT Confluence 7R score=40,concepts=OB+SWEEP buy=40 sell=0
2025-08-15T18:30:00+07:00,2025-08-15T18:40:00+07:00,BUY,3339.43,3337.19,3355.19,SL,-2.44,S418 BUY ICT Confluence 7R score=40,concepts=OB+SWEEP buy=40 sell=0
2025-08-15T18:55:00+07:00,2025-08-15T19:20:00+07:00,BUY,3337.67,3336.14,3348.3,BE,-0.2,S418 BUY ICT Confluence 7R score=40,concepts=FVG+SWEEP buy=40 sell=0
2025-08-16T02:20:00+07:00,2025-08-16T03:35:00+07:00,SELL,3338.14,3339.55,3328.35,BE,-0.2,S418 SELL ICT Confluence 7R score=40,concepts=FVG+OB buy=0 sell=40
2025-08-18T13:30:00+07:00,2025-08-18T14:05:00+07:00,BUY,3349.24,3346.34,3369.3,BE,-0.2,S418 BUY ICT Confluence 7R score=40,concepts=FVG+OB buy=40 sell=0
2025-08-18T14:15:00+07:00,2025-08-18T15:50:00+07:00,BUY,3347.52,3345.89,3359.25,BE,-0.2,S418 BUY ICT Confluence 7R score=40,concepts=FVG+SWEEP buy=40 sell=0
2025-08-18T16:05:00+07:00,2025-08-18T16:10:00+07:00,BUY,3347.23,3346.48,3352.32,SL,-0.95,S418 BUY ICT Confluence 7R score=40,concepts=FVG+SWEEP buy=40 sell=0
2025-08-18T17:35:00+07:00,2025-08-18T18:15:00+07:00,SELL,3350.61,3351.83,3341.99,BE,-0.2,S418 SELL ICT Confluence 7R score=40,concepts=FVG+SWEEP buy=0 sell=40
2025-08-18T19:00:00+07:00,2025-08-18T19:15:00+07:00,BUY,3348.37,3346.33,3362.97,BE,-0.2,S418 BUY ICT Confluence 7R score=40,concepts=OB+SWEEP buy=40 sell=20
2025-08-18T20:15:00+07:00,2025-08-18T20:50:00+07:00,BUY,3345.42,3344.51,3351.31,BE,-0.2,S418 BUY ICT Confluence 7R score=40,concepts=FVG+OB buy=40 sell=0
2025-08-18T20:55:00+07:00,2025-08-18T21:00:00+07:00,BUY,3344.79,3342.99,3357.71,SL,-2.0,S418 BUY ICT Confluence 7R score=40,concepts=FVG+SWEEP buy=40 sell=0
2025-08-19T00:55:00+07:00,2025-08-19T01:40:00+07:00,SELL,3334.3,3337.01,3315.25,BE,-0.2,S418 SELL ICT Confluence 7R score=40,concepts=FVG+OB buy=0 sell=40
2025-08-19T01:50:00+07:00,2025-08-19T02:00:00+07:00,SELL,3333.51,3334.99,3323.23,BE,-0.2,S418 SELL ICT Confluence 7R score=40,concepts=FVG+OB buy=0 sell=40
2025-08-19T02:05:00+07:00,2025-08-19T03:55:00+07:00,SELL,3333.47,3334.99,3322.99,BE,-0.2,S418 SELL ICT Confluence 7R score=40,concepts=FVG+OB buy=0 sell=40
2025-08-19T06:25:00+07:00,2025-08-19T06:35:00+07:00,SELL,3333.85,3334.69,3328.05,BE,-0.2,S418 SELL ICT Confluence 7R score=60,concepts=FVG+OB+SWEEP buy=0 sell=60
2025-08-19T08:20:00+07:00,2025-08-19T08:45:00+07:00,SELL,3336.07,3339.41,3312.61,BE,-0.2,S418 SELL ICT Confluence 7R score=40,concepts=OB+SWEEP buy=20 sell=40
2025-08-19T10:00:00+07:00,2025-08-19T11:00:00+07:00,BUY,3330.47,3329.28,3338.88,TP,8.21,S418 BUY ICT Confluence 7R score=40,concepts=OB+SWEEP buy=40 sell=0
2025-08-19T13:55:00+07:00,2025-08-19T14:25:00+07:00,BUY,3336.18,3334.37,3348.69,BE,-0.2,S418 BUY ICT Confluence 7R score=40,concepts=FVG+OB buy=40 sell=0
2025-08-19T14:35:00+07:00,2025-08-19T14:40:00+07:00,BUY,3336.19,3335.0,3344.6,SL,-1.39,S418 BUY ICT Confluence 7R score=40,concepts=FVG+OB buy=40 sell=0
2025-08-19T14:45:00+07:00,2025-08-19T14:55:00+07:00,BUY,3336.37,3334.33,3350.49,BE,-0.2,S418 BUY ICT Confluence 7R score=40,concepts=OB+SWEEP buy=40 sell=20
2025-08-19T17:15:00+07:00,2025-08-19T17:25:00+07:00,BUY,3338.09,3336.41,3349.13,BE,-0.2,S418 BUY ICT Confluence 7R score=40,concepts=FVG+OB buy=40 sell=0
2025-08-19T17:30:00+07:00,2025-08-19T18:15:00+07:00,BUY,3337.41,3336.42,3344.5,TP,6.89,S418 BUY ICT Confluence 7R score=40,concepts=FVG+OB buy=40 sell=0
2025-08-19T23:25:00+07:00,2025-08-19T23:40:00+07:00,BUY,3324.16,3320.64,3348.88,BE,-0.2,S418 BUY ICT Confluence 7R score=40,concepts=FVG+OB buy=40 sell=0
2025-08-20T16:15:00+07:00,2025-08-20T16:25:00+07:00,BUY,3322.39,3321.44,3328.72,BE,-0.2,S418 BUY ICT Confluence 7R score=40,concepts=FVG+OB buy=40 sell=0
2025-08-20T16:35:00+07:00,2025-08-20T20:30:00+07:00,BUY,3323.03,3320.83,3338.51,TP,15.28,S418 BUY ICT Confluence 7R score=40,concepts=OB+SWEEP buy=40 sell=0
2025-08-20T22:50:00+07:00,2025-08-21T01:50:00+07:00,SELL,3347.58,3350.61,3326.29,BE,-0.2,S418 SELL ICT Confluence 7R score=40,concepts=OB+SWEEP buy=0 sell=40
2025-08-21T09:00:00+07:00,2025-08-21T09:20:00+07:00,BUY,3342.2,3340.72,3352.16,BE,-0.2,S418 BUY ICT Confluence 7R score=40,concepts=FVG+SWEEP buy=40 sell=0
2025-08-21T10:15:00+07:00,2025-08-21T10:20:00+07:00,BUY,3341.84,3340.61,3351.01,SL,-1.43,S418 BUY ICT Confluence 7R score=40,concepts=FVG+OB buy=40 sell=0
2025-08-21T10:25:00+07:00,2025-08-21T10:40:00+07:00,BUY,3341.12,3340.26,3347.06,BE,-0.2,S418 BUY ICT Confluence 7R score=60,concepts=FVG+OB+SWEEP buy=60 sell=0
2025-08-21T14:15:00+07:00,2025-08-21T14:20:00+07:00,BUY,3337.53,3336.7,3343.26,SL,-1.03,S418 BUY ICT Confluence 7R score=40,concepts=OB+SWEEP buy=40 sell=0
2025-08-21T17:50:00+07:00,2025-08-21T18:00:00+07:00,SELL,3340.21,3342.29,3325.73,BE,-0.2,S418 SELL ICT Confluence 7R score=40,concepts=OB+SWEEP buy=20 sell=40
2025-08-21T21:20:00+07:00,2025-08-21T21:30:00+07:00,SELL,3344.3,3345.85,3333.53,BE,-0.2,S418 SELL ICT Confluence 7R score=40,concepts=OB+SWEEP buy=0 sell=40
2025-08-21T22:05:00+07:00,2025-08-21T22:35:00+07:00,SELL,3342.72,3347.87,3306.59,SL,-5.35,S418 SELL ICT Confluence 7R score=40,concepts=FVG+OB buy=0 sell=40
2025-08-22T00:15:00+07:00,2025-08-22T00:25:00+07:00,BUY,3341.13,3337.31,3368.27,BE,-0.2,S418 BUY ICT Confluence 7R score=40,concepts=FVG+OB buy=40 sell=0
2025-08-22T00:30:00+07:00,2025-08-22T00:45:00+07:00,BUY,3340.46,3337.33,3362.53,BE,-0.2,S418 BUY ICT Confluence 7R score=40,concepts=FVG+OB buy=40 sell=0
2025-08-22T01:15:00+07:00,2025-08-22T01:25:00+07:00,BUY,3339.97,3338.16,3352.48,BE,-0.2,S418 BUY ICT Confluence 7R score=40,concepts=FVG+OB buy=40 sell=0
2025-08-22T04:45:00+07:00,2025-08-22T04:55:00+07:00,BUY,3338.45,3337.81,3342.85,BE,-0.2,S418 BUY ICT Confluence 7R score=60,concepts=FVG+OB+SWEEP buy=60 sell=0
2025-08-22T09:00:00+07:00,2025-08-22T12:25:00+07:00,SELL,3339.04,3340.4,3329.6,TP,9.24,S418 SELL ICT Confluence 7R score=40,concepts=OB+SWEEP buy=0 sell=40
2025-08-22T14:00:00+07:00,2025-08-22T14:20:00+07:00,BUY,3328.45,3327.06,3338.26,BE,-0.2,S418 BUY ICT Confluence 7R score=40,concepts=FVG+OB buy=40 sell=0
2025-08-22T14:30:00+07:00,2025-08-22T14:35:00+07:00,BUY,3327.46,3326.6,3333.56,SL,-1.06,S418 BUY ICT Confluence 7R score=40,concepts=OB+SWEEP buy=40 sell=0
2025-08-22T16:20:00+07:00,2025-08-22T16:40:00+07:00,BUY,3328.13,3325.14,3349.22,BE,-0.2,S418 BUY ICT Confluence 7R score=40,concepts=OB+SWEEP buy=40 sell=0
2025-08-22T17:35:00+07:00,2025-08-22T17:45:00+07:00,SELL,3330.87,3331.78,3324.42,BE,-0.2,S418 SELL ICT Confluence 7R score=40,concepts=FVG+SWEEP buy=0 sell=40
2025-08-22T18:50:00+07:00,2025-08-22T20:10:00+07:00,SELL,3331.19,3331.82,3326.86,TP,4.13,S418 SELL ICT Confluence 7R score=40,concepts=FVG+SWEEP buy=0 sell=40
2025-08-23T00:20:00+07:00,2025-08-23T00:35:00+07:00,BUY,3371.12,3367.03,3399.83,BE,-0.2,S418 BUY ICT Confluence 7R score=40,concepts=FVG+OB buy=40 sell=0
2025-08-23T00:40:00+07:00,2025-08-23T00:55:00+07:00,BUY,3370.74,3367.04,3396.72,BE,-0.2,S418 BUY ICT Confluence 7R score=40,concepts=FVG+OB buy=40 sell=0
2025-08-23T01:30:00+07:00,2025-08-23T01:40:00+07:00,SELL,3373.94,3374.83,3367.79,BE,-0.2,S418 SELL ICT Confluence 7R score=40,concepts=FVG+SWEEP buy=0 sell=40
2025-08-23T03:30:00+07:00,2025-08-23T03:40:00+07:00,BUY,3369.6,3368.75,3376.27,BE,-0.2,S418 BUY ICT Confluence 7R score=40,concepts=FVG+SWEEP buy=40 sell=0
2025-08-23T03:55:00+07:00,2025-08-25T06:45:00+07:00,SELL,3373.19,3374.17,3366.01,TP,6.98,S418 SELL ICT Confluence 7R score=40,concepts=FVG+OB buy=20 sell=40
2025-08-25T11:30:00+07:00,2025-08-25T11:40:00+07:00,SELL,3366.76,3367.54,3361.22,BE,-0.2,S418 SELL ICT Confluence 7R score=40,concepts=FVG+OB buy=0 sell=40
2025-08-25T11:55:00+07:00,2025-08-25T14:05:00+07:00,SELL,3367.33,3368.21,3361.25,BE,-0.2,S418 SELL ICT Confluence 7R score=40,concepts=FVG+SWEEP buy=0 sell=40
2025-08-25T14:55:00+07:00,2025-08-25T15:05:00+07:00,SELL,3368.88,3369.66,3363.98,BE,-0.2,S418 SELL ICT Confluence 7R score=40,concepts=OB+SWEEP buy=0 sell=40
2025-08-25T17:55:00+07:00,2025-08-25T18:00:00+07:00,SELL,3367.39,3368.13,3361.89,SL,-0.94,S418 SELL ICT Confluence 7R score=40,concepts=FVG+SWEEP buy=0 sell=40
2025-08-25T18:05:00+07:00,2025-08-25T18:15:00+07:00,SELL,3367.64,3368.56,3361.04,BE,-0.2,S418 SELL ICT Confluence 7R score=40,concepts=FVG+SWEEP buy=0 sell=40
2025-08-25T18:30:00+07:00,2025-08-25T19:05:00+07:00,SELL,3367.73,3368.57,3361.77,BE,-0.2,S418 SELL ICT Confluence 7R score=40,concepts=FVG+OB buy=0 sell=40
2025-08-25T19:15:00+07:00,2025-08-25T19:25:00+07:00,SELL,3367.84,3368.57,3362.65,BE,-0.2,S418 SELL ICT Confluence 7R score=40,concepts=FVG+OB buy=0 sell=40
2025-08-25T20:45:00+07:00,2025-08-25T20:55:00+07:00,BUY,3365.96,3365.01,3372.21,BE,-0.2,S418 BUY ICT Confluence 7R score=60,concepts=FVG+OB+SWEEP buy=60 sell=0
2025-08-26T00:35:00+07:00,2025-08-26T00:50:00+07:00,BUY,3372.61,3371.61,3379.53,BE,-0.2,S418 BUY ICT Confluence 7R score=40,concepts=OB+SWEEP buy=40 sell=0
2025-08-26T02:05:00+07:00,2025-08-26T02:50:00+07:00,BUY,3371.21,3370.39,3376.87,BE,-0.2,S418 BUY ICT Confluence 7R score=40,concepts=OB+SWEEP buy=40 sell=0
2025-08-26T06:15:00+07:00,2025-08-26T06:25:00+07:00,BUY,3364.69,3364.09,3369.45,BE,-0.2,S418 BUY ICT Confluence 7R score=40,concepts=OB+SWEEP buy=40 sell=0
2025-08-26T06:40:00+07:00,2025-08-26T06:55:00+07:00,BUY,3364.36,3363.67,3369.11,BE,-0.2,S418 BUY ICT Confluence 7R score=40,concepts=OB+SWEEP buy=40 sell=0
2025-08-26T12:30:00+07:00,2025-08-26T12:35:00+07:00,SELL,3375.7,3376.5,3369.7,SL,-1.0,S418 SELL ICT Confluence 7R score=40,concepts=FVG+SWEEP buy=0 sell=40
2025-08-26T13:00:00+07:00,2025-08-26T13:45:00+07:00,SELL,3377.87,3379.16,3368.76,BE,-0.2,S418 SELL ICT Confluence 7R score=60,concepts=FVG+OB+SWEEP buy=0 sell=60
2025-08-26T15:45:00+07:00,2025-08-26T16:00:00+07:00,SELL,3377.75,3379.36,3365.76,BE,-0.2,S418 SELL ICT Confluence 7R score=40,concepts=OB+SWEEP buy=0 sell=40
2025-08-26T16:35:00+07:00,2025-08-26T17:30:00+07:00,SELL,3379.04,3379.91,3372.71,TP,6.13,S418 SELL ICT Confluence 7R score=40,concepts=FVG+SWEEP buy=0 sell=40
2025-08-26T17:40:00+07:00,2025-08-26T17:45:00+07:00,BUY,3372.59,3371.44,3379.6,SL,-1.35,S418 BUY ICT Confluence 7R score=40,concepts=FVG+SWEEP buy=40 sell=0
2025-08-27T08:35:00+07:00,2025-08-27T08:45:00+07:00,BUY,3389.96,3388.87,3397.67,BE,-0.2,S418 BUY ICT Confluence 7R score=40,concepts=OB+SWEEP buy=40 sell=0
2025-08-27T11:50:00+07:00,2025-08-27T11:55:00+07:00,BUY,3381.43,3380.77,3385.97,SL,-0.86,S418 BUY ICT Confluence 7R score=40,concepts=FVG+SWEEP buy=40 sell=0
2025-08-27T15:05:00+07:00,2025-08-27T15:10:00+07:00,BUY,3376.14,3374.86,3385.9,SL,-1.48,S418 BUY ICT Confluence 7R score=40,concepts=OB+SWEEP buy=40 sell=0
2025-08-27T19:00:00+07:00,2025-08-27T19:10:00+07:00,BUY,3376.12,3374.49,3387.45,BE,-0.2,S418 BUY ICT Confluence 7R score=40,concepts=OB+SWEEP buy=40 sell=0
2025-08-27T19:45:00+07:00,2025-08-27T20:10:00+07:00,SELL,3376.73,3378.68,3363.16,BE,-0.2,S418 SELL ICT Confluence 7R score=40,concepts=FVG+OB buy=20 sell=40
2025-08-27T21:40:00+07:00,2025-08-27T22:05:00+07:00,BUY,3378.2,3374.05,3406.93,BE,-0.2,S418 BUY ICT Confluence 7R score=40,concepts=FVG+OB buy=40 sell=0
2025-08-28T07:05:00+07:00,2025-08-28T07:30:00+07:00,SELL,3397.47,3399.08,3386.12,SL,-1.81,S418 SELL ICT Confluence 7R score=40,concepts=OB+SWEEP buy=0 sell=40
2025-08-28T08:40:00+07:00,2025-08-28T15:15:00+07:00,SELL,3397.43,3399.46,3382.34,BE,-0.2,S418 SELL ICT Confluence 7R score=40,concepts=FVG+OB buy=0 sell=40
2025-08-29T00:45:00+07:00,2025-08-29T01:50:00+07:00,SELL,3417.03,3417.91,3410.79,BE,-0.2,S418 SELL ICT Confluence 7R score=40,concepts=OB+SWEEP buy=0 sell=40
2025-08-29T02:45:00+07:00,2025-08-29T02:50:00+07:00,SELL,3417.93,3419.23,3408.91,SL,-1.5,S418 SELL ICT Confluence 7R score=40,concepts=OB+SWEEP buy=0 sell=40
2025-08-29T04:30:00+07:00,2025-08-29T04:40:00+07:00,BUY,3417.31,3416.68,3422.28,BE,-0.2,S418 BUY ICT Confluence 7R score=40,concepts=FVG+SWEEP buy=40 sell=0
2025-08-29T06:10:00+07:00,2025-08-29T06:25:00+07:00,BUY,3417.18,3416.05,3425.01,BE,-0.2,S418 BUY ICT Confluence 7R score=40,concepts=FVG+SWEEP buy=40 sell=0
2025-08-29T06:35:00+07:00,2025-08-29T06:45:00+07:00,BUY,3416.19,3415.5,3421.26,BE,-0.2,S418 BUY ICT Confluence 7R score=40,concepts=FVG+SWEEP buy=40 sell=0
2025-08-30T02:40:00+07:00,2025-08-30T02:50:00+07:00,BUY,3444.05,3440.75,3467.23,BE,-0.2,S418 BUY ICT Confluence 7R score=40,concepts=FVG+OB buy=40 sell=0
2025-09-01T06:05:00+07:00,2025-09-01T06:30:00+07:00,BUY,3443.21,3442.19,3450.51,TP,7.1,S418 BUY ICT Confluence 7R score=40,concepts=OB+SWEEP buy=40 sell=20
2025-09-01T08:15:00+07:00,2025-09-01T08:25:00+07:00,BUY,3443.92,3443.02,3450.38,BE,-0.2,S418 BUY ICT Confluence 7R score=40,concepts=OB+SWEEP buy=40 sell=0
2025-09-01T09:00:00+07:00,2025-09-01T09:05:00+07:00,BUY,3443.23,3441.94,3452.02,SL,-1.49,S418 BUY ICT Confluence 7R score=40,concepts=OB+SWEEP buy=40 sell=0
2025-09-01T09:45:00+07:00,2025-09-01T09:50:00+07:00,SELL,3448.4,3450.42,3434.34,SL,-2.22,S418 SELL ICT Confluence 7R score=40,concepts=FVG+OB buy=20 sell=40
2025-09-01T10:35:00+07:00,2025-09-01T10:40:00+07:00,SELL,3471.25,3473.02,3459.34,SL,-1.97,S418 SELL ICT Confluence 7R score=40,concepts=OB+SWEEP buy=0 sell=40
2025-09-01T13:00:00+07:00,2025-09-01T13:10:00+07:00,SELL,3476.77,3479.53,3457.37,BE,-0.2,S418 SELL ICT Confluence 7R score=40,concepts=FVG+OB buy=0 sell=40
2025-09-01T13:15:00+07:00,2025-09-01T13:25:00+07:00,SELL,3477.2,3479.55,3460.67,BE,-0.2,S418 SELL ICT Confluence 7R score=40,concepts=FVG+OB buy=0 sell=40
2025-09-01T20:05:00+07:00,2025-09-01T20:15:00+07:00,BUY,3469.15,3467.26,3481.9,BE,-0.2,S418 BUY ICT Confluence 7R score=40,concepts=OB+SWEEP buy=40 sell=0
2025-09-01T20:25:00+07:00,2025-09-01T20:35:00+07:00,BUY,3469.85,3466.97,3489.85,BE,-0.2,S418 BUY ICT Confluence 7R score=40,concepts=OB+SWEEP buy=40 sell=0
2025-09-01T21:30:00+07:00,2025-09-01T21:50:00+07:00,SELL,3478.21,3478.96,3473.28,BE,-0.2,S418 SELL ICT Confluence 7R score=40,concepts=OB+SWEEP buy=0 sell=40
2025-09-01T22:20:00+07:00,2025-09-01T22:35:00+07:00,SELL,3479.06,3481.65,3460.85,BE,-0.2,S418 SELL ICT Confluence 7R score=40,concepts=OB+SWEEP buy=0 sell=40
2025-09-01T23:10:00+07:00,2025-09-02T01:30:00+07:00,SELL,3478.42,3481.65,3455.41,BE,-0.2,S418 SELL ICT Confluence 7R score=40,concepts=FVG+OB buy=0 sell=40
2025-09-02T02:15:00+07:00,2025-09-02T06:50:00+07:00,BUY,3475.8,3475.12,3484.72,BE,-0.2,S418 BUY ICT Confluence 7R score=40,concepts=FVG+OB buy=40 sell=20
2025-09-02T08:00:00+07:00,2025-09-02T08:05:00+07:00,SELL,3481.2,3482.63,3471.03,SL,-1.63,S418 SELL ICT Confluence 7R score=40,concepts=OB+SWEEP buy=0 sell=40
2025-09-02T11:15:00+07:00,2025-09-02T11:30:00+07:00,BUY,3492.41,3489.37,3513.53,BE,-0.2,S418 BUY ICT Confluence 7R score=40,concepts=FVG+OB buy=40 sell=0
2025-09-02T13:30:00+07:00,2025-09-02T13:50:00+07:00,BUY,3494.62,3491.81,3514.37,BE,-0.2,S418 BUY ICT Confluence 7R score=40,concepts=OB+SWEEP buy=40 sell=20
2025-09-02T14:00:00+07:00,2025-09-02T14:10:00+07:00,BUY,3493.01,3491.54,3503.22,BE,-0.2,S418 BUY ICT Confluence 7R score=40,concepts=OB+SWEEP buy=40 sell=0
2025-09-02T14:30:00+07:00,2025-09-02T14:40:00+07:00,BUY,3488.17,3483.81,3518.53,BE,-0.2,S418 BUY ICT Confluence 7R score=40,concepts=FVG+SWEEP buy=40 sell=20
2025-09-02T14:50:00+07:00,2025-09-02T15:10:00+07:00,BUY,3484.13,3482.97,3492.17,BE,-0.2,S418 BUY ICT Confluence 7R score=40,concepts=FVG+SWEEP buy=40 sell=0
2025-09-02T18:05:00+07:00,2025-09-02T18:10:00+07:00,SELL,3481.01,3481.83,3475.35,SL,-1.02,S418 SELL ICT Confluence 7R score=40,concepts=FVG+SWEEP buy=0 sell=40
2025-09-02T20:40:00+07:00,2025-09-02T22:00:00+07:00,BUY,3476.5,3474.02,3493.78,TP,17.08,S418 BUY ICT Confluence 7R score=40,concepts=FVG+OB buy=40 sell=20
2025-09-03T06:10:00+07:00,2025-09-03T06:25:00+07:00,BUY,3533.48,3531.91,3544.39,BE,-0.2,S418 BUY ICT Confluence 7R score=60,concepts=FVG+OB+SWEEP buy=60 sell=0
2025-09-03T11:00:00+07:00,2025-09-03T11:05:00+07:00,BUY,3532.84,3530.8,3547.2,SL,-2.24,S418 BUY ICT Confluence 7R score=40,concepts=FVG+SWEEP buy=40 sell=0
2025-09-03T12:35:00+07:00,2025-09-03T12:45:00+07:00,SELL,3536.93,3538.5,3526.66,BE,-0.2,S418 SELL ICT Confluence 7R score=40,concepts=FVG+SWEEP buy=20 sell=40
2025-09-03T17:05:00+07:00,2025-09-03T17:10:00+07:00,SELL,3540.88,3541.76,3534.56,SL,-1.08,S418 SELL ICT Confluence 7R score=40,concepts=OB+SWEEP buy=0 sell=40
2025-09-03T17:45:00+07:00,2025-09-03T17:50:00+07:00,BUY,3536.84,3535.69,3544.81,SL,-1.35,S418 BUY ICT Confluence 7R score=40,concepts=FVG+OB buy=40 sell=0
2025-09-04T02:30:00+07:00,2025-09-04T02:35:00+07:00,BUY,3570.29,3568.22,3585.02,SL,-2.27,S418 BUY ICT Confluence 7R score=40,concepts=FVG+SWEEP buy=40 sell=0
2025-09-04T03:45:00+07:00,2025-09-04T03:55:00+07:00,BUY,3562.72,3560.89,3575.13,BE,-0.2,S418 BUY ICT Confluence 7R score=40,concepts=OB+SWEEP buy=40 sell=0
2025-09-04T04:35:00+07:00,2025-09-04T04:45:00+07:00,BUY,3561.56,3560.84,3566.68,BE,-0.2,S418 BUY ICT Confluence 7R score=40,concepts=OB+SWEEP buy=40 sell=0
2025-09-04T04:50:00+07:00,2025-09-04T04:55:00+07:00,BUY,3560.55,3559.58,3567.74,SL,-1.17,S418 BUY ICT Confluence 7R score=40,concepts=FVG+OB buy=40 sell=0
2025-09-04T06:05:00+07:00,2025-09-04T06:15:00+07:00,BUY,3560.74,3558.77,3574.13,BE,-0.2,S418 BUY ICT Confluence 7R score=40,concepts=OB+SWEEP buy=40 sell=0
2025-09-04T08:05:00+07:00,2025-09-04T09:20:00+07:00,BUY,3554.64,3551.63,3575.95,BE,-0.2,S418 BUY ICT Confluence 7R score=40,concepts=OB+SWEEP buy=40 sell=0
2025-09-04T12:55:00+07:00,2025-09-04T13:40:00+07:00,SELL,3533.03,3534.56,3522.48,BE,-0.2,S418 SELL ICT Confluence 7R score=40,concepts=FVG+OB buy=0 sell=40
2025-09-04T13:55:00+07:00,2025-09-04T14:00:00+07:00,BUY,3527.37,3525.14,3542.9,SL,-2.43,S418 BUY ICT Confluence 7R score=40,concepts=FVG+OB buy=40 sell=0
2025-09-04T18:40:00+07:00,2025-09-04T18:50:00+07:00,BUY,3540.27,3536.47,3566.79,BE,-0.2,S418 BUY ICT Confluence 7R score=40,concepts=FVG+OB buy=40 sell=0
2025-09-05T01:25:00+07:00,2025-09-05T01:30:00+07:00,BUY,3549.27,3547.23,3563.47,SL,-2.24,S418 BUY ICT Confluence 7R score=40,concepts=FVG+SWEEP buy=40 sell=20
2025-09-05T13:50:00+07:00,2025-09-05T14:00:00+07:00,BUY,3556.72,3555.59,3564.95,BE,-0.2,S418 BUY ICT Confluence 7R score=40,concepts=OB+SWEEP buy=40 sell=0
2025-09-05T15:15:00+07:00,2025-09-05T15:25:00+07:00,BUY,3549.15,3548.04,3557.0,BE,-0.2,S418 BUY ICT Confluence 7R score=40,concepts=OB+SWEEP buy=40 sell=0
2025-09-05T15:30:00+07:00,2025-09-05T15:35:00+07:00,BUY,3549.27,3547.36,3562.72,SL,-2.11,S418 BUY ICT Confluence 7R score=40,concepts=OB+SWEEP buy=40 sell=0
2025-09-05T17:20:00+07:00,2025-09-05T17:35:00+07:00,SELL,3549.52,3551.36,3536.72,BE,-0.2,S418 SELL ICT Confluence 7R score=40,concepts=OB+SWEEP buy=20 sell=40
2025-09-05T19:50:00+07:00,2025-09-05T20:00:00+07:00,BUY,3549.69,3547.6,3564.24,BE,-0.2,S418 BUY ICT Confluence 7R score=40,concepts=FVG+SWEEP buy=40 sell=20
2025-09-06T03:55:00+07:00,2025-09-06T04:00:00+07:00,BUY,3594.66,3592.45,3610.93,SL,-2.41,S418 BUY ICT Confluence 7R score=40,concepts=FVG+OB buy=40 sell=0
2025-09-08T09:10:00+07:00,2025-09-08T09:15:00+07:00,BUY,3589.42,3585.23,3619.47,SL,-4.39,S418 BUY ICT Confluence 7R score=40,concepts=OB+SWEEP buy=40 sell=0
2025-09-08T09:20:00+07:00,2025-09-08T09:30:00+07:00,BUY,3588.21,3584.58,3613.78,BE,-0.2,S418 BUY ICT Confluence 7R score=40,concepts=OB+SWEEP buy=40 sell=20
2025-09-08T14:30:00+07:00,2025-09-08T14:35:00+07:00,SELL,3593.75,3595.5,3581.58,SL,-1.95,S418 SELL ICT Confluence 7R score=40,concepts=OB+SWEEP buy=0 sell=40
2025-09-08T19:40:00+07:00,2025-09-08T21:00:00+07:00,BUY,3614.4,3612.54,3627.5,TP,12.9,S418 BUY ICT Confluence 7R score=40,concepts=OB+SWEEP buy=40 sell=20
2025-09-09T02:25:00+07:00,2025-09-09T02:35:00+07:00,BUY,3633.5,3631.69,3646.33,BE,-0.2,S418 BUY ICT Confluence 7R score=40,concepts=FVG+OB buy=40 sell=0
2025-09-09T03:05:00+07:00,2025-09-09T03:35:00+07:00,SELL,3635.52,3637.44,3622.0,BE,-0.2,S418 SELL ICT Confluence 7R score=40,concepts=FVG+SWEEP buy=0 sell=40
2025-09-09T03:55:00+07:00,2025-09-09T04:00:00+07:00,SELL,3636.52,3637.82,3627.5,SL,-1.5,S418 SELL ICT Confluence 7R score=40,concepts=OB+SWEEP buy=0 sell=40
2025-09-09T07:15:00+07:00,2025-09-09T07:50:00+07:00,BUY,3629.02,3628.14,3635.42,TP,6.2,S418 BUY ICT Confluence 7R score=40,concepts=FVG+SWEEP buy=40 sell=0
2025-09-09T11:40:00+07:00,2025-09-09T11:50:00+07:00,BUY,3645.35,3642.37,3666.13,BE,-0.2,S418 BUY ICT Confluence 7R score=40,concepts=OB+SWEEP buy=40 sell=0
2025-09-09T12:20:00+07:00,2025-09-09T12:40:00+07:00,SELL,3650.57,3654.54,3622.86,SL,-4.17,S418 SELL ICT Confluence 7R score=40,concepts=FVG+OB buy=0 sell=40
2025-09-09T16:15:00+07:00,2025-09-09T16:25:00+07:00,BUY,3643.73,3640.01,3670.01,BE,-0.2,S418 BUY ICT Confluence 7R score=40,concepts=FVG+OB buy=40 sell=0
2025-09-09T16:30:00+07:00,2025-09-09T16:40:00+07:00,SELL,3646.54,3651.28,3613.2,BE,-0.2,S418 SELL ICT Confluence 7R score=40,concepts=FVG+OB buy=20 sell=40
2025-09-09T16:45:00+07:00,2025-09-09T16:55:00+07:00,SELL,3648.56,3651.32,3629.08,BE,-0.2,S418 SELL ICT Confluence 7R score=40,concepts=FVG+OB buy=20 sell=40
2025-09-09T17:00:00+07:00,2025-09-09T17:10:00+07:00,SELL,3648.78,3651.32,3631.24,BE,-0.2,S418 SELL ICT Confluence 7R score=40,concepts=FVG+OB buy=20 sell=40
2025-09-09T20:45:00+07:00,2025-09-09T21:30:00+07:00,BUY,3645.75,3643.43,3661.91,TP,15.96,S418 BUY ICT Confluence 7R score=40,concepts=OB+SWEEP buy=40 sell=20
2025-09-10T01:40:00+07:00,2025-09-10T02:40:00+07:00,BUY,3642.09,3641.13,3648.89,BE,-0.2,S418 BUY ICT Confluence 7R score=40,concepts=FVG+SWEEP buy=40 sell=20
2025-09-10T03:55:00+07:00,2025-09-10T04:35:00+07:00,BUY,3629.33,3628.34,3636.34,BE,-0.2,S418 BUY ICT Confluence 7R score=40,concepts=OB+SWEEP buy=40 sell=0
2025-09-10T16:00:00+07:00,2025-09-10T16:20:00+07:00,BUY,3642.91,3640.51,3659.79,BE,-0.2,S418 BUY ICT Confluence 7R score=40,concepts=FVG+OB buy=40 sell=0
2025-09-10T18:50:00+07:00,2025-09-10T19:00:00+07:00,SELL,3657.04,3657.79,3651.71,TP,5.13,S418 SELL ICT Confluence 7R score=40,concepts=OB+SWEEP buy=0 sell=40
2025-09-10T19:20:00+07:00,2025-09-10T20:30:00+07:00,SELL,3656.19,3657.82,3644.94,BE,-0.2,S418 SELL ICT Confluence 7R score=40,concepts=FVG+OB buy=0 sell=40
2025-09-10T22:30:00+07:00,2025-09-10T22:40:00+07:00,SELL,3654.99,3655.72,3649.72,TP,5.07,S418 SELL ICT Confluence 7R score=60,concepts=FVG+OB+SWEEP buy=0 sell=60
2025-09-11T01:20:00+07:00,2025-09-11T03:15:00+07:00,BUY,3642.2,3639.74,3659.26,BE,-0.2,S418 BUY ICT Confluence 7R score=40,concepts=FVG+OB buy=40 sell=0
2025-09-11T06:05:00+07:00,2025-09-11T07:10:00+07:00,SELL,3641.97,3644.49,3625.77,BE,-0.2,S418 SELL ICT Confluence 7R score=40,concepts=FVG+SWEEP buy=20 sell=40
2025-09-11T09:10:00+07:00,2025-09-11T09:20:00+07:00,SELL,3646.18,3647.85,3634.57,BE,-0.2,S418 SELL ICT Confluence 7R score=60,concepts=FVG+OB+SWEEP buy=0 sell=60
2025-09-11T09:30:00+07:00,2025-09-11T13:30:00+07:00,SELL,3646.4,3649.31,3626.19,TP,20.01,S418 SELL ICT Confluence 7R score=40,concepts=OB+SWEEP buy=0 sell=40
2025-09-11T14:10:00+07:00,2025-09-11T14:20:00+07:00,SELL,3632.52,3634.65,3617.53,BE,-0.2,S418 SELL ICT Confluence 7R score=40,concepts=FVG+OB buy=0 sell=40
2025-09-11T16:50:00+07:00,2025-09-11T20:30:00+07:00,SELL,3628.9,3631.9,3607.82,BE,-0.2,S418 SELL ICT Confluence 7R score=40,concepts=FVG+OB buy=20 sell=40
2025-09-12T01:00:00+07:00,2025-09-12T01:10:00+07:00,BUY,3633.48,3631.07,3650.27,BE,-0.2,S418 BUY ICT Confluence 7R score=40,concepts=FVG+OB buy=40 sell=0
2025-09-12T02:35:00+07:00,2025-09-12T02:45:00+07:00,BUY,3632.59,3630.24,3648.96,BE,-0.2,S418 BUY ICT Confluence 7R score=40,concepts=OB+SWEEP buy=40 sell=20
2025-09-12T03:40:00+07:00,2025-09-12T03:55:00+07:00,SELL,3636.58,3637.57,3629.41,BE,-0.2,S418 SELL ICT Confluence 7R score=40,concepts=OB+SWEEP buy=0 sell=40
2025-09-12T04:05:00+07:00,2025-09-12T06:10:00+07:00,SELL,3636.6,3637.85,3627.69,BE,-0.2,S418 SELL ICT Confluence 7R score=40,concepts=OB+SWEEP buy=0 sell=40
2025-09-12T08:20:00+07:00,2025-09-12T08:30:00+07:00,BUY,3632.17,3630.67,3643.07,BE,-0.2,S418 BUY ICT Confluence 7R score=40,concepts=OB+SWEEP buy=40 sell=0
2025-09-12T08:45:00+07:00,2025-09-12T08:50:00+07:00,SELL,3635.73,3636.68,3629.88,SL,-1.15,S418 SELL ICT Confluence 7R score=40,concepts=OB+SWEEP buy=0 sell=40
2025-09-12T09:30:00+07:00,2025-09-12T09:35:00+07:00,SELL,3643.6,3646.24,3625.84,SL,-2.84,S418 SELL ICT Confluence 7R score=40,concepts=OB+SWEEP buy=0 sell=40
2025-09-12T14:05:00+07:00,2025-09-12T14:10:00+07:00,BUY,3652.49,3651.48,3658.52,SL,-1.21,S418 BUY ICT Confluence 7R score=40,concepts=FVG+SWEEP buy=40 sell=0
2025-09-12T15:55:00+07:00,2025-09-12T16:10:00+07:00,BUY,3648.25,3647.67,3653.11,BE,-0.2,S418 BUY ICT Confluence 7R score=40,concepts=FVG+SWEEP buy=40 sell=0
2025-09-12T23:10:00+07:00,2025-09-12T23:20:00+07:00,BUY,3644.0,3641.59,3661.11,BE,-0.2,S418 BUY ICT Confluence 7R score=40,concepts=FVG+OB buy=40 sell=20
2025-09-13T03:00:00+07:00,2025-09-13T03:05:00+07:00,BUY,3647.6,3646.98,3652.1,SL,-0.82,S418 BUY ICT Confluence 7R score=40,concepts=FVG+OB buy=40 sell=0
2025-09-15T14:05:00+07:00,2025-09-15T14:15:00+07:00,BUY,3642.87,3641.61,3651.61,BE,-0.2,S418 BUY ICT Confluence 7R score=40,concepts=FVG+SWEEP buy=40 sell=0
2025-09-15T17:25:00+07:00,2025-09-15T17:30:00+07:00,BUY,3640.41,3639.37,3647.85,SL,-1.24,S418 BUY ICT Confluence 7R score=40,concepts=OB+SWEEP buy=40 sell=0
2025-09-15T19:15:00+07:00,2025-09-15T19:25:00+07:00,SELL,3644.81,3646.55,3632.55,BE,-0.2,S418 SELL ICT Confluence 7R score=40,concepts=FVG+OB buy=0 sell=40
2025-09-15T20:10:00+07:00,2025-09-15T20:15:00+07:00,BUY,3640.47,3638.83,3652.03,SL,-1.84,S418 BUY ICT Confluence 7R score=40,concepts=FVG+OB buy=40 sell=0
2025-09-15T20:20:00+07:00,2025-09-15T20:30:00+07:00,BUY,3639.67,3636.69,3660.37,BE,-0.2,S418 BUY ICT Confluence 7R score=40,concepts=FVG+SWEEP buy=40 sell=0
2025-09-16T02:40:00+07:00,2025-09-16T02:50:00+07:00,BUY,3678.36,3675.67,3697.35,BE,-0.2,S418 BUY ICT Confluence 7R score=40,concepts=OB+SWEEP buy=40 sell=0
2025-09-16T03:50:00+07:00,2025-09-16T04:05:00+07:00,SELL,3681.8,3682.97,3672.73,BE,-0.2,S418 SELL ICT Confluence 7R score=40,concepts=FVG+SWEEP buy=20 sell=40
2025-09-16T06:15:00+07:00,2025-09-16T07:45:00+07:00,BUY,3677.39,3676.21,3685.17,BE,-0.2,S418 BUY ICT Confluence 7R score=40,concepts=FVG+SWEEP buy=40 sell=20
2025-09-16T10:35:00+07:00,2025-09-16T10:45:00+07:00,BUY,3679.37,3676.16,3701.28,SL,-3.41,S418 BUY ICT Confluence 7R score=40,concepts=OB+SWEEP buy=40 sell=0
2025-09-16T12:10:00+07:00,2025-09-16T12:20:00+07:00,SELL,3682.41,3683.29,3676.41,BE,-0.2,S418 SELL ICT Confluence 7R score=40,concepts=FVG+OB buy=0 sell=40
2025-09-16T12:40:00+07:00,2025-09-16T12:50:00+07:00,SELL,3682.68,3683.71,3675.39,BE,-0.2,S418 SELL ICT Confluence 7R score=40,concepts=FVG+OB buy=0 sell=40
2025-09-16T14:05:00+07:00,2025-09-16T17:50:00+07:00,BUY,3682.31,3680.01,3698.33,TP,15.82,S418 BUY ICT Confluence 7R score=40,concepts=FVG+OB buy=40 sell=0
2025-09-16T19:05:00+07:00,2025-09-16T19:15:00+07:00,BUY,3693.34,3691.39,3707.07,BE,-0.2,S418 BUY ICT Confluence 7R score=40,concepts=FVG+SWEEP buy=40 sell=0
2025-09-16T19:55:00+07:00,2025-09-16T21:35:00+07:00,SELL,3697.15,3699.63,3679.55,BE,-0.2,S418 SELL ICT Confluence 7R score=40,concepts=OB+SWEEP buy=20 sell=40
2025-09-16T22:55:00+07:00,2025-09-16T23:05:00+07:00,BUY,3686.41,3684.7,3697.74,BE,-0.2,S418 BUY ICT Confluence 7R score=40,concepts=FVG+OB buy=40 sell=0
2025-09-17T02:25:00+07:00,2025-09-17T02:40:00+07:00,SELL,3688.91,3691.32,3672.12,BE,-0.2,S418 SELL ICT Confluence 7R score=40,concepts=FVG+OB buy=0 sell=40
2025-09-17T03:15:00+07:00,2025-09-17T03:45:00+07:00,SELL,3690.56,3691.17,3686.21,BE,-0.2,S418 SELL ICT Confluence 7R score=40,concepts=OB+SWEEP buy=0 sell=40
2025-09-17T10:35:00+07:00,2025-09-17T13:40:00+07:00,BUY,3677.55,3673.94,3702.9,BE,-0.2,S418 BUY ICT Confluence 7R score=40,concepts=OB+SWEEP buy=40 sell=0
2025-09-17T14:30:00+07:00,2025-09-17T14:35:00+07:00,BUY,3675.58,3673.9,3687.26,SL,-1.88,S418 BUY ICT Confluence 7R score=40,concepts=OB+SWEEP buy=40 sell=0
2025-09-17T16:35:00+07:00,2025-09-17T16:40:00+07:00,BUY,3664.02,3662.72,3673.28,SL,-1.5,S418 BUY ICT Confluence 7R score=40,concepts=OB+SWEEP buy=40 sell=0
2025-09-17T20:10:00+07:00,2025-09-17T20:20:00+07:00,SELL,3669.39,3671.86,3652.66,SL,-2.67,S418 SELL ICT Confluence 7R score=40,concepts=OB+SWEEP buy=0 sell=40
2025-09-18T00:50:00+07:00,2025-09-18T01:00:00+07:00,BUY,3685.1,3682.7,3701.98,SL,-2.6,S418 BUY ICT Confluence 7R score=40,concepts=FVG+OB buy=40 sell=0
2025-09-18T09:05:00+07:00,2025-09-18T09:10:00+07:00,BUY,3659.82,3657.09,3679.25,SL,-2.93,S418 BUY ICT Confluence 7R score=40,concepts=FVG+SWEEP buy=40 sell=0
2025-09-18T09:35:00+07:00,2025-09-18T09:45:00+07:00,BUY,3657.1,3651.41,3696.77,BE,-0.2,S418 BUY ICT Confluence 7R score=40,concepts=OB+SWEEP buy=40 sell=20
2025-09-18T17:15:00+07:00,2025-09-18T17:20:00+07:00,SELL,3667.88,3669.52,3656.48,SL,-1.84,S418 SELL ICT Confluence 7R score=40,concepts=FVG+SWEEP buy=0 sell=40
2025-09-18T21:20:00+07:00,2025-09-18T21:25:00+07:00,BUY,3655.68,3653.89,3668.05,SL,-1.99,S418 BUY ICT Confluence 7R score=40,concepts=FVG+SWEEP buy=40 sell=0
2025-09-19T00:10:00+07:00,2025-09-19T00:50:00+07:00,SELL,3643.37,3646.64,3620.4,SL,-3.47,S418 SELL ICT Confluence 7R score=40,concepts=FVG+OB buy=20 sell=40
2025-09-19T00:55:00+07:00,2025-09-19T01:05:00+07:00,SELL,3646.31,3647.41,3638.69,BE,-0.2,S418 SELL ICT Confluence 7R score=40,concepts=FVG+OB buy=0 sell=40
2025-09-19T01:10:00+07:00,2025-09-19T01:20:00+07:00,SELL,3644.19,3647.42,3621.66,BE,-0.2,S418 SELL ICT Confluence 7R score=40,concepts=FVG+OB buy=0 sell=40
2025-09-19T01:25:00+07:00,2025-09-19T01:35:00+07:00,SELL,3644.79,3647.4,3626.44,BE,-0.2,S418 SELL ICT Confluence 7R score=40,concepts=FVG+OB buy=0 sell=40
2025-09-19T03:20:00+07:00,2025-09-19T03:40:00+07:00,SELL,3643.95,3644.95,3637.19,BE,-0.2,S418 SELL ICT Confluence 7R score=40,concepts=FVG+OB buy=0 sell=40
2025-09-19T04:10:00+07:00,2025-09-19T04:20:00+07:00,SELL,3645.77,3647.27,3635.43,BE,-0.2,S418 SELL ICT Confluence 7R score=40,concepts=FVG+OB buy=0 sell=40
2025-09-19T18:00:00+07:00,2025-09-19T18:10:00+07:00,SELL,3657.64,3658.99,3648.75,BE,-0.2,S418 SELL ICT Confluence 7R score=40,concepts=OB+SWEEP buy=20 sell=40
2025-09-19T18:40:00+07:00,2025-09-19T18:50:00+07:00,BUY,3657.0,3654.92,3671.64,BE,-0.2,S418 BUY ICT Confluence 7R score=40,concepts=OB+SWEEP buy=40 sell=20
2025-09-22T16:35:00+07:00,2025-09-22T16:40:00+07:00,SELL,3718.65,3720.43,3706.11,SL,-1.98,S418 SELL ICT Confluence 7R score=40,concepts=OB+SWEEP buy=0 sell=40
2025-09-22T18:25:00+07:00,2025-09-22T18:35:00+07:00,SELL,3725.21,3727.47,3709.23,BE,-0.2,S418 SELL ICT Confluence 7R score=40,concepts=OB+SWEEP buy=0 sell=40
2025-09-22T22:50:00+07:00,2025-09-22T22:55:00+07:00,SELL,3725.31,3726.26,3718.5,SL,-1.15,S418 SELL ICT Confluence 7R score=40,concepts=FVG+SWEEP buy=0 sell=40
2025-09-23T03:20:00+07:00,2025-09-23T03:25:00+07:00,BUY,3746.38,3744.56,3759.2,SL,-2.02,S418 BUY ICT Confluence 7R score=40,concepts=FVG+OB buy=40 sell=20
2025-09-23T03:30:00+07:00,2025-09-23T06:10:00+07:00,BUY,3744.77,3742.27,3762.67,BE,-0.2,S418 BUY ICT Confluence 7R score=40,concepts=FVG+SWEEP buy=40 sell=0
2025-09-23T07:20:00+07:00,2025-09-23T07:30:00+07:00,SELL,3746.62,3749.31,3728.03,BE,-0.2,S418 SELL ICT Confluence 7R score=60,concepts=FVG+OB+SWEEP buy=0 sell=60
2025-09-23T07:35:00+07:00,2025-09-23T07:45:00+07:00,SELL,3747.01,3749.35,3731.03,BE,-0.2,S418 SELL ICT Confluence 7R score=40,concepts=FVG+OB buy=0 sell=40
2025-09-23T08:35:00+07:00,2025-09-23T08:45:00+07:00,SELL,3749.1,3749.67,3744.71,BE,-0.2,S418 SELL ICT Confluence 7R score=40,concepts=OB+SWEEP buy=0 sell=40
2025-09-23T09:40:00+07:00,2025-09-23T09:45:00+07:00,SELL,3757.07,3759.04,3743.04,SL,-2.17,S418 SELL ICT Confluence 7R score=40,concepts=OB+SWEEP buy=0 sell=40
2025-09-23T12:00:00+07:00,2025-09-23T12:25:00+07:00,SELL,3746.58,3747.76,3738.24,BE,-0.2,S418 SELL ICT Confluence 7R score=40,concepts=FVG+SWEEP buy=0 sell=40
2025-09-23T13:50:00+07:00,2025-09-23T14:20:00+07:00,SELL,3755.88,3758.96,3735.44,BE,-0.2,S418 SELL ICT Confluence 7R score=40,concepts=OB+SWEEP buy=0 sell=40
2025-09-23T16:20:00+07:00,2025-09-23T16:25:00+07:00,SELL,3757.4,3759.31,3743.87,SL,-2.11,S418 SELL ICT Confluence 7R score=40,concepts=OB+SWEEP buy=0 sell=40
2025-09-23T19:20:00+07:00,2025-09-23T19:25:00+07:00,SELL,3785.79,3788.18,3769.7,SL,-2.59,S418 SELL ICT Confluence 7R score=40,concepts=FVG+OB buy=0 sell=40
2025-09-23T21:40:00+07:00,2025-09-23T22:00:00+07:00,SELL,3784.69,3789.06,3754.18,BE,-0.2,S418 SELL ICT Confluence 7R score=40,concepts=OB+SWEEP buy=0 sell=40
2025-09-24T00:20:00+07:00,2025-09-24T00:30:00+07:00,SELL,3777.62,3782.31,3745.19,BE,-0.2,S418 SELL ICT Confluence 7R score=40,concepts=FVG+OB buy=20 sell=40
2025-09-24T09:15:00+07:00,2025-09-24T09:25:00+07:00,BUY,3762.49,3758.53,3790.53,BE,-0.2,S418 BUY ICT Confluence 7R score=40,concepts=FVG+OB buy=40 sell=0
2025-09-24T09:30:00+07:00,2025-09-24T09:45:00+07:00,BUY,3758.46,3756.79,3770.07,BE,-0.2,S418 BUY ICT Confluence 7R score=40,concepts=FVG+OB buy=40 sell=0
2025-09-24T09:50:00+07:00,2025-09-24T10:00:00+07:00,BUY,3758.37,3754.73,3783.61,BE,-0.2,S418 BUY ICT Confluence 7R score=60,concepts=FVG+OB+SWEEP buy=60 sell=0
2025-09-24T11:20:00+07:00,2025-09-24T11:25:00+07:00,SELL,3760.61,3761.37,3755.13,SL,-0.96,S418 SELL ICT Confluence 7R score=40,concepts=OB+SWEEP buy=0 sell=40
2025-09-24T13:50:00+07:00,2025-09-24T14:00:00+07:00,SELL,3776.06,3777.18,3768.06,BE,-0.2,S418 SELL ICT Confluence 7R score=40,concepts=FVG+OB buy=0 sell=40
2025-09-24T21:20:00+07:00,2025-09-24T22:50:00+07:00,SELL,3770.6,3773.25,3752.13,TP,18.27,S418 SELL ICT Confluence 7R score=40,concepts=OB+SWEEP buy=0 sell=40
2025-09-25T08:20:00+07:00,2025-09-25T08:30:00+07:00,SELL,3749.65,3751.55,3736.59,BE,-0.2,S418 SELL ICT Confluence 7R score=40,concepts=FVG+SWEEP buy=0 sell=40
2025-09-25T09:10:00+07:00,2025-09-25T09:35:00+07:00,BUY,3741.33,3739.34,3755.42,BE,-0.2,S418 BUY ICT Confluence 7R score=40,concepts=FVG+OB buy=40 sell=0
2025-09-25T09:45:00+07:00,2025-09-25T09:50:00+07:00,BUY,3740.11,3737.06,3761.38,SL,-3.25,S418 BUY ICT Confluence 7R score=40,concepts=OB+SWEEP buy=40 sell=0
2025-09-25T23:35:00+07:00,2025-09-25T23:45:00+07:00,SELL,3733.77,3739.28,3696.4,BE,-0.2,S418 SELL ICT Confluence 7R score=40,concepts=FVG+OB buy=0 sell=40
2025-09-26T02:45:00+07:00,2025-09-26T02:50:00+07:00,SELL,3754.79,3757.97,3732.77,SL,-3.38,S418 SELL ICT Confluence 7R score=40,concepts=FVG+SWEEP buy=20 sell=40
2025-09-26T06:05:00+07:00,2025-09-26T07:10:00+07:00,BUY,3746.85,3744.44,3763.96,BE,-0.2,S418 BUY ICT Confluence 7R score=40,concepts=FVG+OB buy=40 sell=0
2025-09-26T09:55:00+07:00,2025-09-26T10:10:00+07:00,BUY,3739.04,3737.43,3750.15,BE,-0.2,S418 BUY ICT Confluence 7R score=40,concepts=FVG+SWEEP buy=40 sell=0
2025-09-26T10:40:00+07:00,2025-09-26T10:50:00+07:00,BUY,3738.74,3737.44,3747.68,BE,-0.2,S418 BUY ICT Confluence 7R score=40,concepts=FVG+OB buy=40 sell=0
2025-09-26T10:55:00+07:00,2025-09-26T11:00:00+07:00,BUY,3738.42,3737.44,3745.04,SL,-1.18,S418 BUY ICT Confluence 7R score=40,concepts=FVG+OB buy=40 sell=0
2025-09-26T11:25:00+07:00,2025-09-26T11:30:00+07:00,SELL,3742.55,3744.41,3730.09,SL,-2.06,S418 SELL ICT Confluence 7R score=40,concepts=FVG+OB buy=0 sell=40
2025-09-26T11:55:00+07:00,2025-09-26T12:05:00+07:00,SELL,3745.57,3746.28,3740.52,BE,-0.2,S418 SELL ICT Confluence 7R score=40,concepts=FVG+SWEEP buy=0 sell=40
2025-09-26T12:15:00+07:00,2025-09-26T12:25:00+07:00,SELL,3746.57,3747.84,3737.84,BE,-0.2,S418 SELL ICT Confluence 7R score=40,concepts=FVG+SWEEP buy=0 sell=40
2025-09-26T13:00:00+07:00,2025-09-26T13:25:00+07:00,SELL,3746.8,3747.96,3738.76,BE,-0.2,S418 SELL ICT Confluence 7R score=40,concepts=FVG+SWEEP buy=20 sell=40
2025-09-26T13:50:00+07:00,2025-09-26T13:55:00+07:00,BUY,3745.61,3743.88,3757.64,SL,-1.93,S418 BUY ICT Confluence 7R score=40,concepts=OB+SWEEP buy=40 sell=0
2025-09-26T15:05:00+07:00,2025-09-26T21:10:00+07:00,BUY,3742.02,3738.87,3763.99,TP,21.77,S418 BUY ICT Confluence 7R score=40,concepts=FVG+SWEEP buy=40 sell=0
2025-09-27T03:10:00+07:00,2025-09-27T03:25:00+07:00,BUY,3776.03,3772.42,3800.66,SL,-3.81,S418 BUY ICT Confluence 7R score=40,concepts=OB+SWEEP buy=40 sell=20
2025-09-29T17:55:00+07:00,2025-09-29T18:05:00+07:00,BUY,3807.51,3806.7,3813.26,BE,-0.2,S418 BUY ICT Confluence 7R score=40,concepts=FVG+SWEEP buy=40 sell=0
2025-09-29T18:10:00+07:00,2025-09-29T21:00:00+07:00,BUY,3809.83,3806.27,3834.91,BE,-0.2,S418 BUY ICT Confluence 7R score=40,concepts=FVG+SWEEP buy=40 sell=0
2025-09-29T22:05:00+07:00,2025-09-29T22:10:00+07:00,SELL,3827.36,3829.0,3815.16,SL,-1.84,S418 SELL ICT Confluence 7R score=40,concepts=FVG+SWEEP buy=0 sell=40
2025-09-29T23:10:00+07:00,2025-09-29T23:30:00+07:00,BUY,3824.11,3816.28,3879.0,BE,-0.2,S418 BUY ICT Confluence 7R score=40,concepts=FVG+OB buy=40 sell=0
2025-09-29T23:45:00+07:00,2025-09-29T23:55:00+07:00,SELL,3832.16,3833.56,3822.68,BE,-0.2,S418 SELL ICT Confluence 7R score=40,concepts=OB+SWEEP buy=0 sell=40
2025-09-30T00:15:00+07:00,2025-09-30T00:25:00+07:00,SELL,3830.51,3833.92,3806.72,BE,-0.2,S418 SELL ICT Confluence 7R score=40,concepts=OB+SWEEP buy=0 sell=40
2025-09-30T01:20:00+07:00,2025-09-30T01:25:00+07:00,BUY,3827.9,3825.12,3847.44,SL,-2.98,S418 BUY ICT Confluence 7R score=40,concepts=FVG+SWEEP buy=40 sell=0
2025-09-30T01:30:00+07:00,2025-09-30T01:40:00+07:00,BUY,3826.57,3823.89,3845.17,BE,-0.2,S418 BUY ICT Confluence 7R score=60,concepts=FVG+OB+SWEEP buy=60 sell=0
2025-09-30T02:20:00+07:00,2025-09-30T03:40:00+07:00,SELL,3829.51,3833.17,3804.05,BE,-0.2,S418 SELL ICT Confluence 7R score=40,concepts=FVG+OB buy=0 sell=40
2025-09-30T13:55:00+07:00,2025-09-30T14:10:00+07:00,SELL,3869.74,3870.7,3862.94,BE,-0.2,S418 SELL ICT Confluence 7R score=40,concepts=OB+SWEEP buy=0 sell=40
2025-09-30T14:20:00+07:00,2025-09-30T14:45:00+07:00,BUY,3865.64,3861.64,3893.8,BE,-0.2,S418 BUY ICT Confluence 7R score=40,concepts=OB+SWEEP buy=40 sell=0
2025-09-30T21:20:00+07:00,2025-09-30T21:30:00+07:00,BUY,3813.17,3808.47,3845.27,BE,-0.2,S418 BUY ICT Confluence 7R score=40,concepts=FVG+OB buy=40 sell=0
2025-10-01T01:15:00+07:00,2025-10-01T01:25:00+07:00,SELL,3847.77,3848.58,3842.02,BE,-0.2,S418 SELL ICT Confluence 7R score=40,concepts=FVG+SWEEP buy=0 sell=40
2025-10-01T01:30:00+07:00,2025-10-01T01:35:00+07:00,SELL,3847.7,3848.81,3840.09,SL,-1.31,S418 SELL ICT Confluence 7R score=40,concepts=FVG+OB buy=0 sell=40
2025-10-01T02:55:00+07:00,2025-10-01T03:00:00+07:00,SELL,3848.13,3849.51,3837.99,SL,-1.58,S418 SELL ICT Confluence 7R score=40,concepts=FVG+OB buy=0 sell=40
2025-10-01T08:30:00+07:00,2025-10-01T09:00:00+07:00,BUY,3860.24,3858.55,3871.91,BE,-0.2,S418 BUY ICT Confluence 7R score=40,concepts=FVG+SWEEP buy=40 sell=0
2025-10-01T09:05:00+07:00,2025-10-01T09:25:00+07:00,BUY,3859.4,3858.5,3865.06,TP,5.46,S418 BUY ICT Confluence 7R score=40,concepts=FVG+OB buy=40 sell=0
2025-10-01T14:05:00+07:00,2025-10-01T14:15:00+07:00,BUY,3859.42,3857.19,3875.11,BE,-0.2,S418 BUY ICT Confluence 7R score=40,concepts=FVG+OB buy=40 sell=0
2025-10-01T15:40:00+07:00,2025-10-01T15:45:00+07:00,SELL,3868.9,3874.27,3831.71,SL,-5.57,S418 SELL ICT Confluence 7R score=40,concepts=OB+SWEEP buy=0 sell=40
2025-10-01T19:15:00+07:00,2025-10-01T19:25:00+07:00,BUY,3884.41,3880.89,3909.21,BE,-0.2,S418 BUY ICT Confluence 7R score=40,concepts=OB+SWEEP buy=40 sell=0
2025-10-01T19:30:00+07:00,2025-10-01T19:45:00+07:00,BUY,3881.69,3877.75,3909.35,BE,-0.2,S418 BUY ICT Confluence 7R score=40,concepts=FVG+SWEEP buy=40 sell=0
2025-10-01T21:15:00+07:00,2025-10-01T21:25:00+07:00,BUY,3868.59,3863.23,3906.19,BE,-0.2,S418 BUY ICT Confluence 7R score=40,concepts=OB+SWEEP buy=40 sell=20
2025-10-01T23:00:00+07:00,2025-10-01T23:10:00+07:00,SELL,3872.08,3879.23,3821.55,BE,-0.2,S418 SELL ICT Confluence 7R score=40,concepts=FVG+OB buy=20 sell=40
2025-10-02T01:50:00+07:00,2025-10-02T01:55:00+07:00,BUY,3864.84,3861.12,3891.68,SL,-3.92,S418 BUY ICT Confluence 7R score=40,concepts=OB+SWEEP buy=40 sell=20
2025-10-02T07:20:00+07:00,2025-10-02T07:25:00+07:00,SELL,3865.39,3866.37,3858.29,SL,-1.18,S418 SELL ICT Confluence 7R score=40,concepts=FVG+SWEEP buy=0 sell=40
2025-10-02T08:20:00+07:00,2025-10-02T08:50:00+07:00,BUY,3860.07,3856.31,3886.47,BE,-0.2,S418 BUY ICT Confluence 7R score=40,concepts=OB+SWEEP buy=40 sell=20
2025-10-02T12:35:00+07:00,2025-10-02T12:45:00+07:00,BUY,3865.03,3863.63,3874.91,BE,-0.2,S418 BUY ICT Confluence 7R score=40,concepts=OB+SWEEP buy=40 sell=0
2025-10-02T14:05:00+07:00,2025-10-02T14:10:00+07:00,SELL,3870.45,3871.6,3862.24,SL,-1.35,S418 SELL ICT Confluence 7R score=40,concepts=OB+SWEEP buy=0 sell=40
2025-10-02T15:15:00+07:00,2025-10-02T15:25:00+07:00,SELL,3874.19,3875.07,3867.95,TP,6.04,S418 SELL ICT Confluence 7R score=40,concepts=OB+SWEEP buy=0 sell=40
2025-10-02T16:55:00+07:00,2025-10-02T17:05:00+07:00,SELL,3874.53,3878.92,3843.72,BE,-0.2,S418 SELL ICT Confluence 7R score=40,concepts=OB+SWEEP buy=0 sell=40
2025-10-03T00:45:00+07:00,2025-10-03T00:55:00+07:00,SELL,3841.81,3845.86,3813.14,BE,-0.2,S418 SELL ICT Confluence 7R score=40,concepts=FVG+SWEEP buy=0 sell=40
2025-10-03T01:10:00+07:00,2025-10-03T01:20:00+07:00,SELL,3845.61,3847.83,3830.23,BE,-0.2,S418 SELL ICT Confluence 7R score=40,concepts=FVG+SWEEP buy=0 sell=40
2025-10-03T04:50:00+07:00,2025-10-03T06:10:00+07:00,BUY,3855.35,3852.82,3873.62,BE,-0.2,S418 BUY ICT Confluence 7R score=40,concepts=FVG+OB buy=40 sell=0
2025-10-03T06:15:00+07:00,2025-10-03T06:25:00+07:00,BUY,3853.65,3852.0,3865.36,BE,-0.2,S418 BUY ICT Confluence 7R score=40,concepts=FVG+SWEEP buy=40 sell=0
2025-10-03T09:10:00+07:00,2025-10-03T09:20:00+07:00,BUY,3856.69,3853.18,3881.18,BE,-0.2,S418 BUY ICT Confluence 7R score=40,concepts=FVG+SWEEP buy=40 sell=20
2025-10-03T10:35:00+07:00,2025-10-03T10:45:00+07:00,BUY,3850.16,3847.11,3871.59,BE,-0.2,S418 BUY ICT Confluence 7R score=40,concepts=FVG+OB buy=40 sell=0
2025-10-03T10:50:00+07:00,2025-10-03T11:00:00+07:00,BUY,3850.01,3847.15,3869.71,BE,-0.2,S418 BUY ICT Confluence 7R score=40,concepts=FVG+OB buy=40 sell=0
2025-10-03T11:10:00+07:00,2025-10-03T11:15:00+07:00,BUY,3847.8,3844.86,3867.5,SL,-3.14,S418 BUY ICT Confluence 7R score=40,concepts=OB+SWEEP buy=40 sell=0
2025-10-03T13:25:00+07:00,2025-10-03T13:30:00+07:00,SELL,3853.98,3855.69,3842.09,SL,-1.91,S418 SELL ICT Confluence 7R score=40,concepts=FVG+SWEEP buy=0 sell=40
2025-10-03T17:10:00+07:00,2025-10-03T17:15:00+07:00,BUY,3860.72,3859.56,3868.76,SL,-1.36,S418 BUY ICT Confluence 7R score=40,concepts=FVG+OB buy=40 sell=0
2025-10-03T17:25:00+07:00,2025-10-03T17:45:00+07:00,BUY,3859.21,3856.79,3876.07,BE,-0.2,S418 BUY ICT Confluence 7R score=40,concepts=OB+SWEEP buy=40 sell=0
2025-10-03T18:05:00+07:00,2025-10-03T18:15:00+07:00,SELL,3865.01,3865.89,3859.57,BE,-0.2,S418 SELL ICT Confluence 7R score=40,concepts=OB+SWEEP buy=0 sell=40
2025-10-03T19:15:00+07:00,2025-10-03T19:25:00+07:00,BUY,3861.17,3857.27,3888.63,BE,-0.2,S418 BUY ICT Confluence 7R score=40,concepts=FVG+SWEEP buy=40 sell=0
2025-10-04T04:30:00+07:00,2025-10-04T04:40:00+07:00,BUY,3884.17,3882.81,3893.77,BE,-0.2,S418 BUY ICT Confluence 7R score=60,concepts=FVG+OB+SWEEP buy=60 sell=20
2025-10-06T13:00:00+07:00,2025-10-06T13:05:00+07:00,SELL,3939.59,3940.93,3930.93,SL,-1.54,S418 SELL ICT Confluence 7R score=40,concepts=OB+SWEEP buy=0 sell=40
2025-10-06T18:00:00+07:00,2025-10-06T18:05:00+07:00,BUY,3940.24,3935.07,3976.35,SL,-5.37,S418 BUY ICT Confluence 7R score=40,concepts=FVG+OB buy=40 sell=0
2025-10-06T20:20:00+07:00,2025-10-06T20:25:00+07:00,BUY,3933.52,3930.43,3955.39,SL,-3.29,S418 BUY ICT Confluence 7R score=40,concepts=OB+SWEEP buy=40 sell=20
2025-10-06T20:35:00+07:00,2025-10-06T21:30:00+07:00,BUY,3929.9,3925.95,3957.47,BE,-0.2,S418 BUY ICT Confluence 7R score=40,concepts=FVG+SWEEP buy=40 sell=0
2025-10-07T02:05:00+07:00,2025-10-07T02:15:00+07:00,SELL,3957.04,3960.13,3935.57,BE,-0.2,S418 SELL ICT Confluence 7R score=40,concepts=FVG+SWEEP buy=20 sell=40
2025-10-07T02:20:00+07:00,2025-10-07T02:45:00+07:00,SELL,3958.19,3960.12,3944.6,BE,-0.2,S418 SELL ICT Confluence 7R score=40,concepts=FVG+OB buy=0 sell=40
2025-10-07T02:50:00+07:00,2025-10-07T03:00:00+07:00,SELL,3957.95,3960.85,3937.73,BE,-0.2,S418 SELL ICT Confluence 7R score=60,concepts=FVG+OB+SWEEP buy=0 sell=60
2025-10-07T06:55:00+07:00,2025-10-07T07:05:00+07:00,BUY,3963.44,3956.92,4008.6,BE,-0.2,S418 BUY ICT Confluence 7R score=40,concepts=FVG+OB buy=40 sell=20
2025-10-07T07:10:00+07:00,2025-10-07T08:45:00+07:00,BUY,3964.2,3956.89,4015.53,BE,-0.2,S418 BUY ICT Confluence 7R score=40,concepts=FVG+OB buy=40 sell=20
2025-10-07T08:50:00+07:00,2025-10-07T09:00:00+07:00,BUY,3964.19,3961.13,3984.81,BE,-0.2,S418 BUY ICT Confluence 7R score=60,concepts=FVG+OB+SWEEP buy=60 sell=0
2025-10-07T09:10:00+07:00,2025-10-07T09:20:00+07:00,BUY,3961.81,3955.58,4005.5,BE,-0.2,S418 BUY ICT Confluence 7R score=40,concepts=OB+SWEEP buy=40 sell=20
2025-10-07T13:20:00+07:00,2025-10-07T13:30:00+07:00,BUY,3962.48,3959.88,3980.84,BE,-0.2,S418 BUY ICT Confluence 7R score=40,concepts=FVG+OB buy=40 sell=0
2025-10-07T14:05:00+07:00,2025-10-07T14:15:00+07:00,BUY,3963.62,3959.28,3993.92,BE,-0.2,S418 BUY ICT Confluence 7R score=40,concepts=OB+SWEEP buy=40 sell=0
2025-10-07T14:30:00+07:00,2025-10-07T14:40:00+07:00,BUY,3960.65,3959.34,3969.74,BE,-0.2,S418 BUY ICT Confluence 7R score=40,concepts=FVG+OB buy=40 sell=0
2025-10-07T15:55:00+07:00,2025-10-07T16:05:00+07:00,BUY,3945.92,3942.97,3966.49,BE,-0.2,S418 BUY ICT Confluence 7R score=40,concepts=OB+SWEEP buy=40 sell=0
2025-10-07T17:30:00+07:00,2025-10-07T17:40:00+07:00,SELL,3961.74,3963.81,3947.41,BE,-0.2,S418 SELL ICT Confluence 7R score=40,concepts=OB+SWEEP buy=0 sell=40
2025-10-07T22:35:00+07:00,2025-10-07T22:45:00+07:00,SELL,3982.39,3987.08,3949.4,BE,-0.2,S418 SELL ICT Confluence 7R score=40,concepts=OB+SWEEP buy=0 sell=40
2025-10-08T10:00:00+07:00,2025-10-08T10:10:00+07:00,SELL,3999.26,4001.56,3982.92,BE,-0.2,S418 SELL ICT Confluence 7R score=40,concepts=OB+SWEEP buy=0 sell=40
2025-10-08T16:05:00+07:00,2025-10-08T16:20:00+07:00,SELL,4038.71,4040.06,4029.18,BE,-0.2,S418 SELL ICT Confluence 7R score=40,concepts=OB+SWEEP buy=0 sell=40
2025-10-08T19:35:00+07:00,2025-10-08T19:45:00+07:00,BUY,4034.63,4031.73,4055.01,BE,-0.2,S418 BUY ICT Confluence 7R score=40,concepts=OB+SWEEP buy=40 sell=0
2025-10-08T20:40:00+07:00,2025-10-08T21:30:00+07:00,BUY,4033.88,4030.66,4056.5,BE,-0.2,S418 BUY ICT Confluence 7R score=40,concepts=OB+SWEEP buy=40 sell=0
2025-10-08T21:35:00+07:00,2025-10-08T21:45:00+07:00,BUY,4031.88,4025.67,4075.11,BE,-0.2,S418 BUY ICT Confluence 7R score=40,concepts=OB+SWEEP buy=40 sell=20
2025-10-09T04:05:00+07:00,2025-10-09T04:35:00+07:00,BUY,4040.14,4031.47,4101.63,BE,-0.2,S418 BUY ICT Confluence 7R score=40,concepts=FVG+OB buy=40 sell=0
2025-10-09T10:15:00+07:00,2025-10-09T10:30:00+07:00,BUY,4008.67,4001.87,4056.59,BE,-0.2,S418 BUY ICT Confluence 7R score=40,concepts=OB+SWEEP buy=40 sell=0
2025-10-09T11:45:00+07:00,2025-10-09T11:55:00+07:00,SELL,4027.25,4029.93,4008.57,BE,-0.2,S418 SELL ICT Confluence 7R score=60,concepts=FVG+OB+SWEEP buy=20 sell=60
2025-10-09T12:05:00+07:00,2025-10-09T12:10:00+07:00,SELL,4029.53,4030.47,4022.79,SL,-1.14,S418 SELL ICT Confluence 7R score=40,concepts=FVG+SWEEP buy=0 sell=40
2025-10-09T12:40:00+07:00,2025-10-09T12:50:00+07:00,SELL,4038.73,4040.76,4024.44,SL,-2.23,S418 SELL ICT Confluence 7R score=40,concepts=FVG+SWEEP buy=0 sell=40
2025-10-09T12:55:00+07:00,2025-10-09T13:10:00+07:00,SELL,4038.99,4041.46,4021.86,BE,-0.2,S418 SELL ICT Confluence 7R score=40,concepts=FVG+SWEEP buy=0 sell=40
2025-10-09T15:10:00+07:00,2025-10-09T15:20:00+07:00,BUY,4027.3,4022.31,4061.59,BE,-0.2,S418 BUY ICT Confluence 7R score=40,concepts=FVG+OB buy=40 sell=0
2025-10-09T20:20:00+07:00,2025-10-09T21:40:00+07:00,BUY,4038.55,4033.25,4075.33,BE,-0.2,S418 BUY ICT Confluence 7R score=40,concepts=FVG+OB buy=40 sell=0
2025-10-10T03:20:00+07:00,2025-10-10T03:25:00+07:00,SELL,3973.95,3975.85,3960.73,SL,-2.1,S418 SELL ICT Confluence 7R score=40,concepts=FVG+SWEEP buy=0 sell=40
2025-10-10T08:10:00+07:00,2025-10-10T08:15:00+07:00,SELL,3990.46,3992.5,3976.1,SL,-2.24,S418 SELL ICT Confluence 7R score=40,concepts=FVG+SWEEP buy=0 sell=40
2025-10-10T08:20:00+07:00,2025-10-10T08:30:00+07:00,SELL,3991.08,3993.37,3975.85,BE,-0.2,S418 SELL ICT Confluence 7R score=40,concepts=FVG+SWEEP buy=0 sell=40
2025-10-10T08:50:00+07:00,2025-10-10T09:05:00+07:00,SELL,3992.13,3994.78,3973.34,BE,-0.2,S418 SELL ICT Confluence 7R score=40,concepts=FVG+SWEEP buy=0 sell=40
2025-10-10T09:25:00+07:00,2025-10-10T09:35:00+07:00,BUY,3981.54,3974.97,4027.93,SL,-6.77,S418 BUY ICT Confluence 7R score=40,concepts=OB+SWEEP buy=40 sell=20
2025-10-10T11:45:00+07:00,2025-10-10T11:55:00+07:00,BUY,3964.39,3960.31,3993.67,BE,-0.2,S418 BUY ICT Confluence 7R score=40,concepts=FVG+SWEEP buy=40 sell=0
2025-10-10T14:50:00+07:00,2025-10-10T15:00:00+07:00,BUY,3966.55,3962.22,3996.54,BE,-0.2,S418 BUY ICT Confluence 7R score=40,concepts=OB+SWEEP buy=40 sell=0
2025-10-10T21:00:00+07:00,2025-10-10T21:25:00+07:00,BUY,3980.79,3978.93,3993.89,TP,12.9,S418 BUY ICT Confluence 7R score=60,concepts=FVG+OB+SWEEP buy=60 sell=0
2025-10-10T21:45:00+07:00,2025-10-10T21:55:00+07:00,BUY,3982.49,3978.88,4008.08,BE,-0.2,S418 BUY ICT Confluence 7R score=40,concepts=FVG+OB buy=40 sell=0
2025-10-10T22:05:00+07:00,2025-10-10T22:15:00+07:00,BUY,3980.7,3970.01,4054.25,BE,-0.2,S418 BUY ICT Confluence 7R score=40,concepts=OB+SWEEP buy=40 sell=0
2025-10-11T03:30:00+07:00,2025-10-11T03:35:00+07:00,SELL,4008.79,4010.15,3999.19,SL,-1.56,S418 SELL ICT Confluence 7R score=40,concepts=FVG+SWEEP buy=0 sell=40
2025-10-11T03:50:00+07:00,2025-10-11T03:55:00+07:00,SELL,4016.41,4018.78,3999.9,SL,-2.57,S418 SELL ICT Confluence 7R score=40,concepts=OB+SWEEP buy=0 sell=40
2025-10-13T12:15:00+07:00,2025-10-13T12:25:00+07:00,SELL,4055.28,4057.5,4039.82,BE,-0.2,S418 SELL ICT Confluence 7R score=40,concepts=OB+SWEEP buy=0 sell=40
2025-10-13T15:45:00+07:00,2025-10-13T16:05:00+07:00,SELL,4075.6,4077.9,4059.26,BE,-0.2,S418 SELL ICT Confluence 7R score=40,concepts=OB+SWEEP buy=0 sell=40
2025-10-14T01:50:00+07:00,2025-10-14T02:00:00+07:00,BUY,4102.55,4099.82,4121.74,BE,-0.2,S418 BUY ICT Confluence 7R score=40,concepts=FVG+SWEEP buy=40 sell=0
2025-10-14T13:55:00+07:00,2025-10-14T14:05:00+07:00,BUY,4121.68,4109.89,4204.29,BE,-0.2,S418 BUY ICT Confluence 7R score=40,concepts=OB+SWEEP buy=40 sell=0
2025-10-14T14:15:00+07:00,2025-10-14T14:20:00+07:00,BUY,4111.42,4105.23,4155.23,SL,-6.39,S418 BUY ICT Confluence 7R score=40,concepts=FVG+SWEEP buy=40 sell=0
2025-10-14T15:05:00+07:00,2025-10-14T20:55:00+07:00,BUY,4104.39,4089.27,4210.15,BE,-0.2,S418 BUY ICT Confluence 7R score=40,concepts=FVG+OB buy=40 sell=0
2025-10-14T21:05:00+07:00,2025-10-15T00:50:00+07:00,BUY,4104.22,4097.35,4152.23,TP,47.81,S418 BUY ICT Confluence 7R score=60,concepts=FVG+OB+SWEEP buy=60 sell=0
2025-10-15T07:25:00+07:00,2025-10-15T07:35:00+07:00,SELL,4163.67,4164.46,4157.74,BE,-0.2,S418 SELL ICT Confluence 7R score=40,concepts=OB+SWEEP buy=0 sell=40
2025-10-15T20:45:00+07:00,2025-10-15T23:50:00+07:00,BUY,4182.29,4175.93,4226.49,BE,-0.2,S418 BUY ICT Confluence 7R score=40,concepts=FVG+OB buy=40 sell=0
2025-10-16T02:05:00+07:00,2025-10-16T03:00:00+07:00,SELL,4202.99,4204.79,4189.67,BE,-0.2,S418 SELL ICT Confluence 7R score=40,concepts=FVG+OB buy=20 sell=40
2025-10-16T03:05:00+07:00,2025-10-16T03:10:00+07:00,SELL,4204.54,4206.01,4193.77,SL,-1.67,S418 SELL ICT Confluence 7R score=40,concepts=FVG+SWEEP buy=0 sell=40
2025-10-16T03:50:00+07:00,2025-10-16T03:55:00+07:00,SELL,4212.36,4213.1,4207.58,SL,-0.94,S418 SELL ICT Confluence 7R score=40,concepts=OB+SWEEP buy=0 sell=40
2025-10-16T10:15:00+07:00,2025-10-16T10:25:00+07:00,SELL,4232.56,4235.15,4214.51,BE,-0.2,S418 SELL ICT Confluence 7R score=40,concepts=OB+SWEEP buy=0 sell=40
2025-10-16T15:20:00+07:00,2025-10-16T15:30:00+07:00,SELL,4230.12,4234.26,4200.74,BE,-0.2,S418 SELL ICT Confluence 7R score=40,concepts=OB+SWEEP buy=0 sell=40
2025-10-16T16:00:00+07:00,2025-10-16T16:10:00+07:00,SELL,4233.19,4236.47,4210.87,BE,-0.2,S418 SELL ICT Confluence 7R score=40,concepts=OB+SWEEP buy=0 sell=40
2025-10-16T17:35:00+07:00,2025-10-16T22:10:00+07:00,BUY,4227.1,4221.78,4264.18,TP,36.88,S418 BUY ICT Confluence 7R score=40,concepts=OB+SWEEP buy=40 sell=20
2025-10-17T01:20:00+07:00,2025-10-17T01:30:00+07:00,SELL,4291.15,4296.01,4257.29,BE,-0.2,S418 SELL ICT Confluence 7R score=40,concepts=OB+SWEEP buy=0 sell=40
2025-10-17T09:00:00+07:00,2025-10-17T09:10:00+07:00,BUY,4350.15,4343.23,4398.11,BE,-0.2,S418 BUY ICT Confluence 7R score=40,concepts=OB+SWEEP buy=40 sell=0
2025-10-17T16:40:00+07:00,2025-10-17T16:50:00+07:00,SELL,4346.37,4363.13,4228.73,BE,-0.2,S418 SELL ICT Confluence 7R score=40,concepts=FVG+OB buy=0 sell=40
2025-10-17T16:55:00+07:00,2025-10-17T21:35:00+07:00,SELL,4347.81,4358.23,4274.63,TP,72.98,S418 SELL ICT Confluence 7R score=40,concepts=FVG+OB buy=0 sell=40
2025-10-18T02:30:00+07:00,2025-10-18T02:45:00+07:00,SELL,4239.31,4245.65,4194.85,BE,-0.2,S418 SELL ICT Confluence 7R score=40,concepts=OB+SWEEP buy=0 sell=40
2025-10-18T04:45:00+07:00,2025-10-20T06:10:00+07:00,SELL,4247.18,4251.23,4218.27,BE,-0.2,S418 SELL ICT Confluence 7R score=40,concepts=FVG+SWEEP buy=0 sell=40
2025-10-20T06:20:00+07:00,2025-10-20T06:45:00+07:00,SELL,4261.16,4269.31,4204.35,BE,-0.2,S418 SELL ICT Confluence 7R score=40,concepts=FVG+SWEEP buy=20 sell=40
2025-10-20T07:45:00+07:00,2025-10-20T07:50:00+07:00,BUY,4239.51,4238.57,4246.49,SL,-1.14,S418 BUY ICT Confluence 7R score=40,concepts=FVG+SWEEP buy=40 sell=0
2025-10-20T11:30:00+07:00,2025-10-20T11:35:00+07:00,BUY,4252.25,4251.23,4259.79,SL,-1.22,S418 BUY ICT Confluence 7R score=40,concepts=FVG+SWEEP buy=40 sell=0
2025-10-20T13:20:00+07:00,2025-10-20T13:35:00+07:00,BUY,4251.15,4247.16,4279.88,BE,-0.2,S418 BUY ICT Confluence 7R score=40,concepts=FVG+SWEEP buy=40 sell=20
2025-10-20T17:10:00+07:00,2025-10-20T17:20:00+07:00,BUY,4252.71,4251.09,4263.97,BE,-0.2,S418 BUY ICT Confluence 7R score=40,concepts=FVG+OB buy=40 sell=0
2025-10-20T17:25:00+07:00,2025-10-20T17:35:00+07:00,BUY,4252.25,4249.85,4270.49,BE,-0.2,S418 BUY ICT Confluence 7R score=60,concepts=FVG+OB+SWEEP buy=60 sell=0
2025-10-20T19:40:00+07:00,2025-10-20T19:45:00+07:00,SELL,4263.91,4265.64,4251.72,SL,-1.93,S418 SELL ICT Confluence 7R score=40,concepts=FVG+SWEEP buy=0 sell=40
2025-10-21T01:25:00+07:00,2025-10-21T01:30:00+07:00,BUY,4342.04,4340.14,4355.1,SL,-2.1,S418 BUY ICT Confluence 7R score=40,concepts=FVG+OB buy=40 sell=0
2025-10-21T01:35:00+07:00,2025-10-21T09:30:00+07:00,BUY,4344.21,4336.88,4394.88,BE,-0.2,S418 BUY ICT Confluence 7R score=40,concepts=OB+SWEEP buy=40 sell=20
2025-10-21T11:15:00+07:00,2025-10-21T12:20:00+07:00,BUY,4342.35,4332.2,4413.16,BE,-0.2,S418 BUY ICT Confluence 7R score=40,concepts=FVG+OB buy=40 sell=0
2025-10-21T18:20:00+07:00,2025-10-21T18:30:00+07:00,BUY,4260.86,4248.76,4345.64,BE,-0.2,S418 BUY ICT Confluence 7R score=40,concepts=OB+SWEEP buy=40 sell=0
2025-10-21T19:55:00+07:00,2025-10-21T20:05:00+07:00,BUY,4253.23,4244.91,4311.55,BE,-0.2,S418 BUY ICT Confluence 7R score=40,concepts=OB+SWEEP buy=40 sell=0
2025-10-22T02:00:00+07:00,2025-10-22T02:35:00+07:00,SELL,4122.42,4130.19,4067.95,BE,-0.2,S418 SELL ICT Confluence 7R score=40,concepts=FVG+OB buy=0 sell=40
2025-10-22T02:40:00+07:00,2025-10-22T02:50:00+07:00,SELL,4113.87,4126.59,4024.43,BE,-0.2,S418 SELL ICT Confluence 7R score=40,concepts=OB+SWEEP buy=20 sell=40
2025-10-22T03:00:00+07:00,2025-10-22T04:15:00+07:00,SELL,4122.04,4126.51,4090.35,BE,-0.2,S418 SELL ICT Confluence 7R score=40,concepts=FVG+OB buy=0 sell=40
2025-10-22T11:25:00+07:00,2025-10-22T11:30:00+07:00,SELL,4116.85,4121.95,4081.23,SL,-5.3,S418 SELL ICT Confluence 7R score=40,concepts=FVG+SWEEP buy=0 sell=40
2025-10-22T20:45:00+07:00,2025-10-22T21:00:00+07:00,SELL,4040.89,4054.48,3946.64,BE,-0.2,S418 SELL ICT Confluence 7R score=60,concepts=FVG+OB+SWEEP buy=20 sell=60
2025-10-22T22:35:00+07:00,2025-10-22T22:45:00+07:00,BUY,4035.73,4021.62,4133.38,BE,-0.2,S418 BUY ICT Confluence 7R score=40,concepts=FVG+OB buy=40 sell=0
2025-10-22T23:25:00+07:00,2025-10-23T00:10:00+07:00,BUY,4029.85,4009.99,4168.79,BE,-0.2,S418 BUY ICT Confluence 7R score=40,concepts=FVG+OB buy=40 sell=0
2025-10-23T00:55:00+07:00,2025-10-23T01:40:00+07:00,SELL,4059.31,4065.01,4019.49,BE,-0.2,S418 SELL ICT Confluence 7R score=40,concepts=OB+SWEEP buy=0 sell=40
2025-10-23T02:15:00+07:00,2025-10-23T02:20:00+07:00,SELL,4072.82,4078.59,4032.11,SL,-5.97,S418 SELL ICT Confluence 7R score=40,concepts=FVG+SWEEP buy=0 sell=40
2025-10-23T02:25:00+07:00,2025-10-23T02:35:00+07:00,SELL,4073.81,4079.69,4032.57,SL,-6.08,S418 SELL ICT Confluence 7R score=40,concepts=FVG+SWEEP buy=0 sell=40
2025-10-23T02:40:00+07:00,2025-10-23T02:50:00+07:00,SELL,4076.28,4082.27,4033.79,BE,-0.2,S418 SELL ICT Confluence 7R score=40,concepts=FVG+SWEEP buy=0 sell=40
2025-10-23T15:35:00+07:00,2025-10-23T15:50:00+07:00,BUY,4100.08,4091.49,4160.61,BE,-0.2,S418 BUY ICT Confluence 7R score=40,concepts=FVG+SWEEP buy=40 sell=20
2025-10-23T17:05:00+07:00,2025-10-23T17:15:00+07:00,SELL,4116.35,4121.48,4079.88,BE,-0.2,S418 SELL ICT Confluence 7R score=40,concepts=OB+SWEEP buy=0 sell=40
2025-10-23T17:20:00+07:00,2025-10-23T17:30:00+07:00,SELL,4119.06,4124.11,4083.79,BE,-0.2,S418 SELL ICT Confluence 7R score=40,concepts=OB+SWEEP buy=0 sell=40
2025-10-23T22:10:00+07:00,2025-10-23T22:20:00+07:00,SELL,4142.22,4155.62,4047.54,BE,-0.2,S418 SELL ICT Confluence 7R score=40,concepts=OB+SWEEP buy=20 sell=40
2025-10-23T23:45:00+07:00,2025-10-24T00:15:00+07:00,BUY,4137.75,4135.46,4154.18,BE,-0.2,S418 BUY ICT Confluence 7R score=40,concepts=FVG+OB buy=40 sell=0
2025-10-24T00:20:00+07:00,2025-10-24T00:30:00+07:00,BUY,4140.05,4132.31,4194.63,BE,-0.2,S418 BUY ICT Confluence 7R score=40,concepts=OB+SWEEP buy=40 sell=0
2025-10-24T02:20:00+07:00,2025-10-24T02:25:00+07:00,SELL,4140.59,4141.68,4133.84,SL,-1.29,S418 SELL ICT Confluence 7R score=40,concepts=FVG+OB buy=0 sell=40
2025-10-24T02:30:00+07:00,2025-10-24T02:40:00+07:00,SELL,4138.92,4143.95,4103.55,BE,-0.2,S418 SELL ICT Confluence 7R score=40,concepts=OB+SWEEP buy=0 sell=40
2025-10-24T03:55:00+07:00,2025-10-24T04:00:00+07:00,BUY,4118.0,4115.81,4133.17,SL,-2.39,S418 BUY ICT Confluence 7R score=40,concepts=FVG+SWEEP buy=40 sell=0
2025-10-24T04:15:00+07:00,2025-10-24T04:20:00+07:00,BUY,4113.46,4110.31,4135.43,SL,-3.35,S418 BUY ICT Confluence 7R score=40,concepts=FVG+SWEEP buy=40 sell=0
2025-10-24T07:35:00+07:00,2025-10-24T10:05:00+07:00,BUY,4112.13,4105.69,4157.13,BE,-0.2,S418 BUY ICT Confluence 7R score=40,concepts=OB+SWEEP buy=40 sell=20
2025-10-24T11:45:00+07:00,2025-10-24T11:50:00+07:00,SELL,4119.45,4120.77,4110.05,SL,-1.52,S418 SELL ICT Confluence 7R score=40,concepts=FVG+SWEEP buy=0 sell=40
2025-10-24T18:55:00+07:00,2025-10-24T19:00:00+07:00,BUY,4054.47,4053.01,4066.93,SL,-1.66,S418 BUY ICT Confluence 7R score=40,concepts=OB+SWEEP buy=40 sell=0
2025-10-25T00:45:00+07:00,2025-10-25T01:00:00+07:00,SELL,4131.03,4139.29,4073.45,BE,-0.2,S418 SELL ICT Confluence 7R score=40,concepts=FVG+OB buy=0 sell=40
2025-10-25T01:25:00+07:00,2025-10-25T01:30:00+07:00,BUY,4121.11,4119.81,4131.73,SL,-1.5,S418 BUY ICT Confluence 7R score=40,concepts=FVG+SWEEP buy=40 sell=0
2025-10-25T02:10:00+07:00,2025-10-25T02:25:00+07:00,BUY,4104.59,4101.24,4127.96,BE,-0.2,S418 BUY ICT Confluence 7R score=40,concepts=FVG+SWEEP buy=40 sell=0
2025-10-25T03:45:00+07:00,2025-10-25T03:55:00+07:00,BUY,4103.92,4101.36,4121.68,BE,-0.2,S418 BUY ICT Confluence 7R score=40,concepts=FVG+OB buy=40 sell=0
2025-10-27T05:50:00+07:00,2025-10-27T06:25:00+07:00,BUY,4075.99,4070.66,4113.22,BE,-0.2,S418 BUY ICT Confluence 7R score=40,concepts=FVG+SWEEP buy=40 sell=0
2025-10-27T09:25:00+07:00,2025-10-27T09:35:00+07:00,BUY,4073.22,4070.66,4090.42,BE,-0.2,S418 BUY ICT Confluence 7R score=40,concepts=FVG+SWEEP buy=40 sell=0
2025-10-27T09:55:00+07:00,2025-10-27T10:00:00+07:00,BUY,4071.67,4069.83,4084.63,SL,-2.04,S418 BUY ICT Confluence 7R score=40,concepts=FVG+SWEEP buy=40 sell=0
2025-10-27T10:55:00+07:00,2025-10-27T11:00:00+07:00,BUY,4069.6,4064.95,4101.75,SL,-4.85,S418 BUY ICT Confluence 7R score=40,concepts=FVG+OB buy=40 sell=0
2025-10-27T12:20:00+07:00,2025-10-27T12:25:00+07:00,SELL,4079.2,4082.28,4057.48,SL,-3.28,S418 SELL ICT Confluence 7R score=40,concepts=FVG+OB buy=0 sell=40
2025-10-27T18:10:00+07:00,2025-10-27T18:20:00+07:00,BUY,4030.44,4022.51,4086.75,BE,-0.2,S418 BUY ICT Confluence 7R score=40,concepts=OB+SWEEP buy=40 sell=0
2025-10-27T19:55:00+07:00,2025-10-27T20:00:00+07:00,SELL,4045.63,4047.16,4035.08,SL,-1.73,S418 SELL ICT Confluence 7R score=40,concepts=FVG+OB buy=0 sell=40
2025-10-27T20:40:00+07:00,2025-10-27T20:45:00+07:00,BUY,4025.46,4017.56,4080.84,SL,-8.1,S418 BUY ICT Confluence 7R score=40,concepts=OB+SWEEP buy=40 sell=0
2025-10-28T00:05:00+07:00,2025-10-28T00:15:00+07:00,SELL,3998.48,4004.66,3955.14,BE,-0.2,S418 SELL ICT Confluence 7R score=40,concepts=FVG+SWEEP buy=20 sell=40
2025-10-28T03:35:00+07:00,2025-10-28T03:50:00+07:00,BUY,3992.08,3985.25,4039.73,SL,-7.03,S418 BUY ICT Confluence 7R score=40,concepts=FVG+OB buy=40 sell=0
2025-10-28T21:50:00+07:00,2025-10-28T22:00:00+07:00,SELL,3949.4,3954.5,3912.58,BE,-0.2,S418 SELL ICT Confluence 7R score=40,concepts=FVG+SWEEP buy=0 sell=40
2025-10-29T00:45:00+07:00,2025-10-29T01:05:00+07:00,BUY,3957.44,3950.44,4006.28,BE,-0.2,S418 BUY ICT Confluence 7R score=40,concepts=FVG+OB buy=40 sell=0
2025-10-29T01:20:00+07:00,2025-10-29T01:30:00+07:00,BUY,3957.1,3951.63,3995.47,SL,-5.67,S418 BUY ICT Confluence 7R score=40,concepts=FVG+OB buy=40 sell=0
2025-10-29T02:55:00+07:00,2025-10-29T05:05:00+07:00,SELL,3960.15,3963.14,3939.46,TP,20.49,S418 SELL ICT Confluence 7R score=40,concepts=OB+SWEEP buy=0 sell=40
2025-10-29T09:40:00+07:00,2025-10-29T11:15:00+07:00,BUY,3954.41,3943.69,4029.13,BE,-0.2,S418 BUY ICT Confluence 7R score=40,concepts=FVG+SWEEP buy=40 sell=0
2025-10-29T18:10:00+07:00,2025-10-29T18:20:00+07:00,BUY,4022.03,4015.23,4070.75,BE,-0.2,S418 BUY ICT Confluence 7R score=40,concepts=FVG+OB buy=40 sell=0
2025-10-29T19:35:00+07:00,2025-10-29T20:00:00+07:00,BUY,4022.12,4012.94,4086.78,BE,-0.2,S418 BUY ICT Confluence 7R score=40,concepts=FVG+OB buy=40 sell=0
2025-10-30T07:20:00+07:00,2025-10-30T07:30:00+07:00,SELL,3958.94,3964.84,3917.56,BE,-0.2,S418 SELL ICT Confluence 7R score=40,concepts=FVG+SWEEP buy=0 sell=40
2025-10-30T07:45:00+07:00,2025-10-30T09:00:00+07:00,BUY,3944.49,3937.26,3998.46,BE,-0.2,S418 BUY ICT Confluence 7R score=40,concepts=OB+SWEEP buy=40 sell=0
2025-10-30T11:15:00+07:00,2025-10-30T11:20:00+07:00,SELL,3949.12,3950.36,3940.12,SL,-1.44,S418 SELL ICT Confluence 7R score=40,concepts=FVG+OB buy=20 sell=40
2025-10-31T05:05:00+07:00,2025-10-31T05:15:00+07:00,BUY,4021.32,4015.78,4058.58,BE,-0.2,S418 BUY ICT Confluence 7R score=60,concepts=FVG+OB+SWEEP buy=60 sell=0
2025-10-31T08:00:00+07:00,2025-10-31T08:40:00+07:00,BUY,4026.12,4019.26,4073.9,BE,-0.2,S418 BUY ICT Confluence 7R score=40,concepts=FVG+SWEEP buy=40 sell=0
2025-10-31T09:30:00+07:00,2025-10-31T09:35:00+07:00,BUY,4010.17,4007.05,4032.73,SL,-3.32,S418 BUY ICT Confluence 7R score=60,concepts=FVG+OB+SWEEP buy=60 sell=0
2025-10-31T09:45:00+07:00,2025-10-31T09:55:00+07:00,BUY,4011.12,4001.02,4081.18,BE,-0.2,S418 BUY ICT Confluence 7R score=40,concepts=OB+SWEEP buy=40 sell=20
2025-10-31T12:45:00+07:00,2025-10-31T12:55:00+07:00,SELL,4007.76,4011.5,3981.5,BE,-0.2,S418 SELL ICT Confluence 7R score=40,concepts=FVG+SWEEP buy=0 sell=40
2025-10-31T13:15:00+07:00,2025-10-31T13:25:00+07:00,SELL,4011.71,4015.57,3984.61,BE,-0.2,S418 SELL ICT Confluence 7R score=40,concepts=FVG+SWEEP buy=0 sell=40
2025-10-31T18:15:00+07:00,2025-10-31T18:30:00+07:00,BUY,4004.01,3999.95,4033.39,BE,-0.2,S418 BUY ICT Confluence 7R score=40,concepts=FVG+OB buy=40 sell=0
2025-10-31T20:45:00+07:00,2025-10-31T20:55:00+07:00,BUY,4019.38,4009.25,4089.81,BE,-0.2,S418 BUY ICT Confluence 7R score=40,concepts=FVG+OB buy=40 sell=20
2025-10-31T21:10:00+07:00,2025-10-31T21:20:00+07:00,BUY,4019.77,4009.6,4090.08,BE,-0.2,S418 BUY ICT Confluence 7R score=40,concepts=FVG+OB buy=40 sell=20
2025-10-31T21:40:00+07:00,2025-10-31T22:00:00+07:00,BUY,4017.01,4009.51,4069.35,BE,-0.2,S418 BUY ICT Confluence 7R score=40,concepts=FVG+OB buy=40 sell=0
2025-11-01T01:25:00+07:00,2025-11-01T02:15:00+07:00,SELL,4008.63,4010.39,3996.55,TP,11.88,S418 SELL ICT Confluence 7R score=40,concepts=FVG+SWEEP buy=0 sell=40
2025-11-03T06:10:00+07:00,2025-11-03T06:20:00+07:00,BUY,3996.09,3990.34,4039.62,BE,-0.2,S418 BUY ICT Confluence 7R score=40,concepts=FVG+OB buy=40 sell=0
2025-11-03T09:20:00+07:00,2025-11-03T09:30:00+07:00,SELL,3998.46,4007.05,3939.21,BE,-0.2,S418 SELL ICT Confluence 7R score=40,concepts=FVG+SWEEP buy=0 sell=40
2025-11-03T18:30:00+07:00,2025-11-03T18:40:00+07:00,SELL,4003.99,4007.57,3979.09,BE,-0.2,S418 SELL ICT Confluence 7R score=40,concepts=OB+SWEEP buy=0 sell=40
2025-11-03T20:10:00+07:00,2025-11-03T20:20:00+07:00,SELL,4015.64,4018.7,3994.14,BE,-0.2,S418 SELL ICT Confluence 7R score=40,concepts=FVG+SWEEP buy=0 sell=40
2025-11-03T21:45:00+07:00,2025-11-03T21:50:00+07:00,SELL,4020.51,4025.13,3988.25,SL,-4.82,S418 SELL ICT Confluence 7R score=40,concepts=FVG+SWEEP buy=20 sell=40
2025-11-04T01:25:00+07:00,2025-11-04T02:00:00+07:00,BUY,4001.34,3999.27,4016.07,BE,-0.2,S418 BUY ICT Confluence 7R score=40,concepts=FVG+SWEEP buy=40 sell=0
2025-11-04T02:05:00+07:00,2025-11-04T02:45:00+07:00,BUY,4000.5,3995.04,4038.56,BE,-0.2,S418 BUY ICT Confluence 7R score=40,concepts=OB+SWEEP buy=40 sell=0
2025-11-04T09:00:00+07:00,2025-11-04T09:10:00+07:00,BUY,3978.68,3975.34,4001.42,BE,-0.2,S418 BUY ICT Confluence 7R score=40,concepts=OB+SWEEP buy=40 sell=0
2025-11-04T10:00:00+07:00,2025-11-04T10:10:00+07:00,SELL,3983.23,3991.69,3924.09,BE,-0.2,S418 SELL ICT Confluence 7R score=40,concepts=FVG+OB buy=20 sell=40
2025-11-04T12:00:00+07:00,2025-11-04T12:05:00+07:00,BUY,3984.31,3982.09,3999.93,SL,-2.42,S418 BUY ICT Confluence 7R score=40,concepts=OB+SWEEP buy=40 sell=0
2025-11-04T17:20:00+07:00,2025-11-04T17:30:00+07:00,BUY,3991.78,3985.57,4035.41,BE,-0.2,S418 BUY ICT Confluence 7R score=40,concepts=FVG+OB buy=40 sell=0
2025-11-04T17:45:00+07:00,2025-11-04T17:55:00+07:00,BUY,3991.96,3985.6,4036.32,BE,-0.2,S418 BUY ICT Confluence 7R score=40,concepts=FVG+OB buy=40 sell=0
2025-11-04T18:50:00+07:00,2025-11-04T19:00:00+07:00,SELL,3995.97,4000.36,3964.84,BE,-0.2,S418 SELL ICT Confluence 7R score=40,concepts=OB+SWEEP buy=0 sell=40
2025-11-04T19:20:00+07:00,2025-11-04T19:25:00+07:00,BUY,3992.85,3990.89,4006.89,SL,-2.16,S418 BUY ICT Confluence 7R score=40,concepts=FVG+OB buy=40 sell=0
2025-11-04T20:25:00+07:00,2025-11-04T20:30:00+07:00,BUY,3983.52,3982.57,3994.09,SL,-1.15,S418 BUY ICT Confluence 7R score=40,concepts=FVG+SWEEP buy=40 sell=0
2025-11-05T01:00:00+07:00,2025-11-05T01:05:00+07:00,BUY,3955.14,3951.84,3978.32,SL,-3.5,S418 BUY ICT Confluence 7R score=40,concepts=FVG+SWEEP buy=40 sell=0
2025-11-05T04:55:00+07:00,2025-11-05T06:10:00+07:00,BUY,3937.63,3930.24,3945.52,BE,-0.2,S418 BUY ICT Confluence 7R score=40,concepts=FVG+OB buy=40 sell=0
2025-11-05T07:05:00+07:00,2025-11-05T07:15:00+07:00,SELL,3936.9,3943.34,3893.82,BE,-0.2,S418 SELL ICT Confluence 7R score=40,concepts=OB+SWEEP buy=0 sell=40
2025-11-05T07:45:00+07:00,2025-11-05T07:55:00+07:00,BUY,3935.1,3929.25,3976.29,BE,-0.2,S418 BUY ICT Confluence 7R score=40,concepts=OB+SWEEP buy=40 sell=20
2025-11-05T08:50:00+07:00,2025-11-05T09:00:00+07:00,BUY,3936.73,3929.19,3989.91,BE,-0.2,S418 BUY ICT Confluence 7R score=40,concepts=FVG+OB buy=40 sell=20
2025-11-05T14:55:00+07:00,2025-11-05T15:00:00+07:00,SELL,3972.59,3975.12,3954.72,SL,-2.73,S418 SELL ICT Confluence 7R score=40,concepts=FVG+SWEEP buy=0 sell=40
2025-11-05T16:30:00+07:00,2025-11-05T17:00:00+07:00,BUY,3968.83,3963.21,4007.85,BE,-0.2,S418 BUY ICT Confluence 7R score=40,concepts=OB+SWEEP buy=40 sell=20
2025-11-05T18:00:00+07:00,2025-11-05T19:20:00+07:00,SELL,3968.69,3973.03,3938.95,BE,-0.2,S418 SELL ICT Confluence 7R score=40,concepts=FVG+OB buy=20 sell=40
2025-11-05T19:25:00+07:00,2025-11-05T19:55:00+07:00,SELL,3967.48,3970.43,3946.67,BE,-0.2,S418 SELL ICT Confluence 7R score=40,concepts=FVG+OB buy=0 sell=40
2025-11-05T20:00:00+07:00,2025-11-05T20:05:00+07:00,SELL,3967.57,3971.38,3940.98,SL,-4.01,S418 SELL ICT Confluence 7R score=60,concepts=FVG+OB+SWEEP buy=0 sell=60
2025-11-06T08:20:00+07:00,2025-11-06T08:35:00+07:00,SELL,3973.37,3977.97,3941.41,BE,-0.2,S418 SELL ICT Confluence 7R score=40,concepts=FVG+OB buy=0 sell=40
2025-11-06T08:45:00+07:00,2025-11-06T09:00:00+07:00,SELL,3972.3,3977.75,3935.19,SL,-5.65,S418 SELL ICT Confluence 7R score=40,concepts=FVG+OB buy=0 sell=40
2025-11-06T09:05:00+07:00,2025-11-06T09:15:00+07:00,SELL,3978.35,3980.2,3966.6,BE,-0.2,S418 SELL ICT Confluence 7R score=40,concepts=FVG+OB buy=0 sell=40
2025-11-06T12:20:00+07:00,2025-11-06T12:30:00+07:00,SELL,3989.9,3990.83,3983.55,BE,-0.2,S418 SELL ICT Confluence 7R score=40,concepts=OB+SWEEP buy=0 sell=40
2025-11-06T17:35:00+07:00,2025-11-06T17:45:00+07:00,BUY,4005.66,4004.16,4016.0,BE,-0.2,S418 BUY ICT Confluence 7R score=40,concepts=OB+SWEEP buy=40 sell=0
2025-11-07T00:50:00+07:00,2025-11-07T01:00:00+07:00,SELL,3985.91,3988.61,3966.77,BE,-0.2,S418 SELL ICT Confluence 7R score=40,concepts=FVG+SWEEP buy=0 sell=40
2025-11-07T01:25:00+07:00,2025-11-07T01:40:00+07:00,SELL,3983.34,3989.91,3937.43,SL,-6.77,S418 SELL ICT Confluence 7R score=40,concepts=OB+SWEEP buy=0 sell=40
2025-11-07T01:50:00+07:00,2025-11-07T02:00:00+07:00,SELL,3988.3,3991.2,3967.92,BE,-0.2,S418 SELL ICT Confluence 7R score=40,concepts=FVG+OB buy=20 sell=40
2025-11-07T02:05:00+07:00,2025-11-07T02:10:00+07:00,SELL,3990.62,3991.76,3982.56,SL,-1.34,S418 SELL ICT Confluence 7R score=40,concepts=FVG+SWEEP buy=0 sell=40
2025-11-07T03:15:00+07:00,2025-11-07T03:25:00+07:00,BUY,3983.9,3981.93,3997.37,BE,-0.2,S418 BUY ICT Confluence 7R score=40,concepts=OB+SWEEP buy=40 sell=0
2025-11-07T03:50:00+07:00,2025-11-07T03:55:00+07:00,BUY,3982.27,3980.96,3990.56,SL,-1.51,S418 BUY ICT Confluence 7R score=40,concepts=OB+SWEEP buy=40 sell=0
2025-11-07T04:05:00+07:00,2025-11-07T04:15:00+07:00,BUY,3980.39,3977.65,3999.65,BE,-0.2,S418 BUY ICT Confluence 7R score=40,concepts=FVG+SWEEP buy=40 sell=0
2025-11-07T08:20:00+07:00,2025-11-07T08:40:00+07:00,SELL,3999.11,4002.03,3979.23,BE,-0.2,S418 SELL ICT Confluence 7R score=40,concepts=FVG+SWEEP buy=0 sell=40
2025-11-07T10:00:00+07:00,2025-11-07T10:05:00+07:00,BUY,3991.59,3990.74,3997.62,SL,-1.05,S418 BUY ICT Confluence 7R score=60,concepts=FVG+OB+SWEEP buy=60 sell=0
2025-11-07T11:00:00+07:00,2025-11-07T21:30:00+07:00,BUY,3990.37,3985.24,4025.96,BE,-0.2,S418 BUY ICT Confluence 7R score=40,concepts=FVG+SWEEP buy=40 sell=0
2025-11-08T03:25:00+07:00,2025-11-08T03:35:00+07:00,BUY,3998.29,3994.11,4028.83,BE,-0.2,S418 BUY ICT Confluence 7R score=40,concepts=OB+SWEEP buy=40 sell=0
2025-11-10T06:20:00+07:00,2025-11-10T06:55:00+07:00,SELL,4010.59,4011.94,4001.22,BE,-0.2,S418 SELL ICT Confluence 7R score=40,concepts=FVG+OB buy=0 sell=40
2025-11-10T10:40:00+07:00,2025-11-10T10:55:00+07:00,SELL,4050.19,4053.11,4029.83,BE,-0.2,S418 SELL ICT Confluence 7R score=40,concepts=OB+SWEEP buy=0 sell=40
2025-11-10T11:00:00+07:00,2025-11-10T11:05:00+07:00,SELL,4052.69,4054.73,4038.25,SL,-2.24,S418 SELL ICT Confluence 7R score=40,concepts=OB+SWEEP buy=0 sell=40
2025-11-10T18:10:00+07:00,2025-11-10T18:20:00+07:00,BUY,4077.98,4075.47,4094.99,BE,-0.2,S418 BUY ICT Confluence 7R score=40,concepts=OB+SWEEP buy=40 sell=0
2025-11-10T23:00:00+07:00,2025-11-10T23:10:00+07:00,SELL,4086.57,4094.88,4028.48,BE,-0.2,S418 SELL ICT Confluence 7R score=40,concepts=FVG+OB buy=20 sell=40
2025-11-11T14:50:00+07:00,2025-11-11T15:00:00+07:00,BUY,4129.89,4124.58,4167.14,BE,-0.2,S418 BUY ICT Confluence 7R score=40,concepts=OB+SWEEP buy=40 sell=0
2025-11-11T20:10:00+07:00,2025-11-11T20:20:00+07:00,SELL,4140.36,4144.81,4108.81,BE,-0.2,S418 SELL ICT Confluence 7R score=40,concepts=FVG+OB buy=0 sell=40
2025-11-11T20:45:00+07:00,2025-11-11T20:55:00+07:00,SELL,4144.97,4147.1,4129.9,BE,-0.2,S418 SELL ICT Confluence 7R score=40,concepts=FVG+OB buy=0 sell=40
2025-11-12T01:25:00+07:00,2025-11-12T01:30:00+07:00,BUY,4110.36,4108.97,4120.01,SL,-1.59,S418 BUY ICT Confluence 7R score=40,concepts=FVG+OB buy=40 sell=0
2025-11-12T01:35:00+07:00,2025-11-12T01:45:00+07:00,BUY,4110.62,4106.42,4139.22,BE,-0.2,S418 BUY ICT Confluence 7R score=40,concepts=OB+SWEEP buy=40 sell=0
2025-11-12T02:30:00+07:00,2025-11-12T02:40:00+07:00,SELL,4118.03,4119.88,4102.92,SL,-2.05,S418 SELL ICT Confluence 7R score=40,concepts=FVG+SWEEP buy=0 sell=40
2025-11-12T06:50:00+07:00,2025-11-12T07:00:00+07:00,SELL,4143.48,4144.97,4133.13,BE,-0.2,S418 SELL ICT Confluence 7R score=40,concepts=FVG+SWEEP buy=0 sell=40
2025-11-12T08:35:00+07:00,2025-11-12T09:35:00+07:00,BUY,4128.61,4126.02,4147.3,BE,-0.2,S418 BUY ICT Confluence 7R score=40,concepts=OB+SWEEP buy=40 sell=20
2025-11-12T10:00:00+07:00,2025-11-12T10:05:00+07:00,BUY,4120.17,4118.42,4132.1,SL,-1.95,S418 BUY ICT Confluence 7R score=40,concepts=FVG+OB buy=40 sell=0
2025-11-12T17:25:00+07:00,2025-11-12T17:30:00+07:00,BUY,4120.72,4119.84,4126.8,SL,-1.08,S418 BUY ICT Confluence 7R score=40,concepts=FVG+SWEEP buy=40 sell=0
2025-11-12T20:15:00+07:00,2025-11-12T20:35:00+07:00,BUY,4123.61,4122.34,4132.34,TP,8.53,S418 BUY ICT Confluence 7R score=40,concepts=FVG+SWEEP buy=40 sell=0
2025-11-13T04:30:00+07:00,2025-11-13T04:45:00+07:00,SELL,4198.61,4202.46,4171.9,BE,-0.2,S418 SELL ICT Confluence 7R score=40,concepts=OB+SWEEP buy=0 sell=40
2025-11-13T07:55:00+07:00,2025-11-13T08:15:00+07:00,SELL,4205.93,4209.3,4182.1,TP,23.63,S418 SELL ICT Confluence 7R score=40,concepts=OB+SWEEP buy=0 sell=40
2025-11-13T10:15:00+07:00,2025-11-13T10:20:00+07:00,SELL,4202.68,4204.48,4191.2,SL,-2.0,S418 SELL ICT Confluence 7R score=40,concepts=FVG+OB buy=0 sell=40
2025-11-13T10:35:00+07:00,2025-11-13T10:40:00+07:00,SELL,4203.15,4206.29,4180.77,SL,-3.34,S418 SELL ICT Confluence 7R score=40,concepts=FVG+OB buy=0 sell=40
2025-11-13T17:40:00+07:00,2025-11-13T17:50:00+07:00,SELL,4233.71,4240.48,4186.4,BE,-0.2,S418 SELL ICT Confluence 7R score=40,concepts=FVG+OB buy=0 sell=40
2025-11-13T19:05:00+07:00,2025-11-13T19:15:00+07:00,SELL,4234.19,4239.91,4194.31,BE,-0.2,S418 SELL ICT Confluence 7R score=40,concepts=FVG+OB buy=0 sell=40
2025-11-13T19:25:00+07:00,2025-11-13T19:35:00+07:00,SELL,4233.45,4237.52,4204.8,BE,-0.2,S418 SELL ICT Confluence 7R score=40,concepts=OB+SWEEP buy=0 sell=40
2025-11-13T23:35:00+07:00,2025-11-13T23:45:00+07:00,SELL,4200.13,4211.6,4121.28,BE,-0.2,S418 SELL ICT Confluence 7R score=40,concepts=FVG+OB buy=20 sell=40
2025-11-13T23:55:00+07:00,2025-11-14T01:30:00+07:00,SELL,4206.81,4211.54,4173.94,TP,32.67,S418 SELL ICT Confluence 7R score=40,concepts=FVG+OB buy=0 sell=40
2025-11-14T06:05:00+07:00,2025-11-14T06:15:00+07:00,SELL,4177.52,4182.05,4145.89,BE,-0.2,S418 SELL ICT Confluence 7R score=40,concepts=FVG+SWEEP buy=0 sell=40
2025-11-14T06:20:00+07:00,2025-11-14T06:25:00+07:00,SELL,4179.05,4182.59,4154.43,SL,-3.74,S418 SELL ICT Confluence 7R score=40,concepts=FVG+SWEEP buy=0 sell=40
2025-11-14T06:50:00+07:00,2025-11-14T07:00:00+07:00,SELL,4183.67,4187.08,4159.48,BE,-0.2,S418 SELL ICT Confluence 7R score=40,concepts=FVG+SWEEP buy=0 sell=40
2025-11-14T13:15:00+07:00,2025-11-14T13:20:00+07:00,BUY,4183.95,4182.69,4193.33,SL,-1.46,S418 BUY ICT Confluence 7R score=40,concepts=FVG+SWEEP buy=40 sell=0
2025-11-14T15:35:00+07:00,2025-11-14T15:45:00+07:00,SELL,4182.67,4187.56,4148.6,BE,-0.2,S418 SELL ICT Confluence 7R score=40,concepts=FVG+SWEEP buy=20 sell=40
2025-11-14T18:05:00+07:00,2025-11-14T18:10:00+07:00,BUY,4160.28,4157.77,4175.37,SL,-2.71,S418 BUY ICT Confluence 7R score=40,concepts=OB+SWEEP buy=40 sell=0
2025-11-15T03:25:00+07:00,2025-11-15T04:00:00+07:00,BUY,4083.86,4075.0,4144.84,BE,-0.2,S418 BUY ICT Confluence 7R score=40,concepts=OB+SWEEP buy=40 sell=0
2025-11-17T06:20:00+07:00,2025-11-17T06:30:00+07:00,SELL,4104.06,4107.39,4080.83,BE,-0.2,S418 SELL ICT Confluence 7R score=40,concepts=FVG+SWEEP buy=0 sell=40
2025-11-17T08:35:00+07:00,2025-11-17T08:55:00+07:00,SELL,4101.28,4102.57,4092.01,TP,9.07,S418 SELL ICT Confluence 7R score=40,concepts=FVG+SWEEP buy=20 sell=40
2025-11-17T09:50:00+07:00,2025-11-17T09:55:00+07:00,BUY,4084.75,4081.27,4112.55,SL,-3.68,S418 BUY ICT Confluence 7R score=40,concepts=OB+SWEEP buy=40 sell=0
2025-11-18T01:40:00+07:00,2025-11-18T01:50:00+07:00,BUY,4068.67,4067.0,4080.68,BE,-0.2,S418 BUY ICT Confluence 7R score=40,concepts=FVG+OB buy=40 sell=20
2025-11-18T07:20:00+07:00,2025-11-18T07:30:00+07:00,BUY,4033.29,4026.7,4079.34,BE,-0.2,S418 BUY ICT Confluence 7R score=40,concepts=FVG+SWEEP buy=40 sell=0
2025-11-18T08:40:00+07:00,2025-11-18T08:50:00+07:00,BUY,4032.99,4026.69,4077.17,BE,-0.2,S418 BUY ICT Confluence 7R score=40,concepts=FVG+OB buy=40 sell=0
2025-11-18T09:50:00+07:00,2025-11-18T09:55:00+07:00,BUY,4021.09,4016.49,4052.65,SL,-4.8,S418 BUY ICT Confluence 7R score=40,concepts=OB+SWEEP buy=40 sell=0
2025-11-18T12:50:00+07:00,2025-11-18T13:05:00+07:00,SELL,4024.19,4025.67,4013.91,TP,10.08,S418 SELL ICT Confluence 7R score=40,concepts=FVG+SWEEP buy=0 sell=40
2025-11-18T13:35:00+07:00,2025-11-18T13:45:00+07:00,BUY,4010.6,4007.16,4034.84,BE,-0.2,S418 BUY ICT Confluence 7R score=40,concepts=OB+SWEEP buy=40 sell=0
2025-11-18T14:10:00+07:00,2025-11-18T14:20:00+07:00,BUY,4008.48,4002.04,4055.0,BE,-0.2,S418 BUY ICT Confluence 7R score=40,concepts=OB+SWEEP buy=40 sell=0
2025-11-18T19:30:00+07:00,2025-11-18T19:40:00+07:00,BUY,4036.95,4031.64,4074.36,BE,-0.2,S418 BUY ICT Confluence 7R score=40,concepts=OB+SWEEP buy=40 sell=20
2025-11-18T19:55:00+07:00,2025-11-18T20:35:00+07:00,BUY,4032.5,4028.77,4057.41,TP,24.71,S418 BUY ICT Confluence 7R score=40,concepts=FVG+SWEEP buy=40 sell=0
2025-11-19T00:35:00+07:00,2025-11-19T00:40:00+07:00,SELL,4070.47,4073.38,4049.94,SL,-3.11,S418 SELL ICT Confluence 7R score=40,concepts=OB+SWEEP buy=0 sell=40
2025-11-19T01:20:00+07:00,2025-11-19T01:30:00+07:00,BUY,4065.71,4059.16,4111.16,BE,-0.2,S418 BUY ICT Confluence 7R score=40,concepts=FVG+OB buy=40 sell=20
2025-11-19T06:40:00+07:00,2025-11-19T06:45:00+07:00,SELL,4073.44,4074.04,4068.28,SL,-0.8,S418 SELL ICT Confluence 7R score=40,concepts=FVG+SWEEP buy=0 sell=40
2025-11-19T07:55:00+07:00,2025-11-19T08:00:00+07:00,BUY,4069.35,4067.19,4083.91,SL,-2.36,S418 BUY ICT Confluence 7R score=40,concepts=FVG+SWEEP buy=40 sell=0
2025-11-19T15:00:00+07:00,2025-11-19T15:05:00+07:00,BUY,4084.84,4082.89,4098.89,SL,-2.15,S418 BUY ICT Confluence 7R score=40,concepts=FVG+SWEEP buy=40 sell=0
2025-11-19T15:15:00+07:00,2025-11-19T15:25:00+07:00,BUY,4084.08,4077.89,4127.25,BE,-0.2,S418 BUY ICT Confluence 7R score=40,concepts=FVG+SWEEP buy=40 sell=0
2025-11-19T16:25:00+07:00,2025-11-19T16:35:00+07:00,SELL,4091.08,4097.21,4048.09,BE,-0.2,S418 SELL ICT Confluence 7R score=40,concepts=FVG+OB buy=20 sell=40
2025-11-19T20:00:00+07:00,2025-11-19T20:05:00+07:00,BUY,4110.38,4109.09,4119.25,SL,-1.49,S418 BUY ICT Confluence 7R score=40,concepts=FVG+SWEEP buy=40 sell=0
2025-11-20T01:20:00+07:00,2025-11-20T01:50:00+07:00,SELL,4085.02,4087.09,4070.37,BE,-0.2,S418 SELL ICT Confluence 7R score=40,concepts=OB+SWEEP buy=0 sell=40
2025-11-20T04:35:00+07:00,2025-11-20T04:45:00+07:00,SELL,4080.84,4085.21,4050.01,BE,-0.2,S418 SELL ICT Confluence 7R score=40,concepts=OB+SWEEP buy=0 sell=40
2025-11-20T12:35:00+07:00,2025-11-20T12:45:00+07:00,BUY,4068.98,4064.16,4102.88,BE,-0.2,S418 BUY ICT Confluence 7R score=40,concepts=OB+SWEEP buy=40 sell=0
2025-11-20T13:15:00+07:00,2025-11-20T13:25:00+07:00,BUY,4069.89,4064.05,4111.41,SL,-6.04,S418 BUY ICT Confluence 7R score=40,concepts=FVG+OB buy=40 sell=20
2025-11-20T14:45:00+07:00,2025-11-20T14:55:00+07:00,BUY,4059.21,4053.69,4096.25,BE,-0.2,S418 BUY ICT Confluence 7R score=40,concepts=FVG+SWEEP buy=40 sell=0
2025-11-20T16:10:00+07:00,2025-11-20T16:50:00+07:00,SELL,4068.84,4073.53,4035.85,BE,-0.2,S418 SELL ICT Confluence 7R score=40,concepts=FVG+SWEEP buy=20 sell=40
2025-11-20T17:50:00+07:00,2025-11-20T18:00:00+07:00,BUY,4060.66,4055.19,4099.03,BE,-0.2,S418 BUY ICT Confluence 7R score=40,concepts=FVG+OB buy=40 sell=0
2025-11-20T18:40:00+07:00,2025-11-20T19:05:00+07:00,SELL,4066.66,4068.8,4051.04,BE,-0.2,S418 SELL ICT Confluence 7R score=40,concepts=FVG+OB buy=0 sell=40
2025-11-20T23:00:00+07:00,2025-11-20T23:10:00+07:00,BUY,4076.03,4067.79,4132.91,BE,-0.2,S418 BUY ICT Confluence 7R score=40,concepts=OB+SWEEP buy=40 sell=0
2025-11-20T23:20:00+07:00,2025-11-20T23:25:00+07:00,BUY,4070.68,4065.25,4107.89,SL,-5.63,S418 BUY ICT Confluence 7R score=40,concepts=OB+SWEEP buy=40 sell=0
2025-11-21T00:05:00+07:00,2025-11-21T00:15:00+07:00,BUY,4051.42,4042.76,4112.68,BE,-0.2,S418 BUY ICT Confluence 7R score=40,concepts=FVG+SWEEP buy=40 sell=0
2025-11-21T04:35:00+07:00,2025-11-21T04:50:00+07:00,BUY,4077.71,4073.04,4109.6,BE,-0.2,S418 BUY ICT Confluence 7R score=40,concepts=FVG+OB buy=40 sell=20
2025-11-21T04:55:00+07:00,2025-11-21T07:00:00+07:00,BUY,4073.7,4073.08,4103.72,BE,-0.2,S418 BUY ICT Confluence 7R score=40,concepts=FVG+OB buy=40 sell=0
2025-11-21T07:15:00+07:00,2025-11-21T07:20:00+07:00,BUY,4078.56,4073.01,4117.49,SL,-5.75,S418 BUY ICT Confluence 7R score=40,concepts=FVG+OB buy=40 sell=0
2025-11-21T07:25:00+07:00,2025-11-21T07:35:00+07:00,BUY,4075.14,4071.29,4101.69,BE,-0.2,S418 BUY ICT Confluence 7R score=40,concepts=FVG+SWEEP buy=40 sell=0
2025-11-21T10:10:00+07:00,2025-11-21T10:15:00+07:00,BUY,4056.79,4051.82,4090.86,SL,-5.17,S418 BUY ICT Confluence 7R score=40,concepts=OB+SWEEP buy=40 sell=0
2025-11-21T12:25:00+07:00,2025-11-21T12:35:00+07:00,BUY,4052.97,4047.53,4091.29,BE,-0.2,S418 BUY ICT Confluence 7R score=40,concepts=FVG+OB buy=40 sell=0
2025-11-21T13:05:00+07:00,2025-11-21T16:10:00+07:00,SELL,4057.93,4065.02,4008.46,BE,-0.2,S418 SELL ICT Confluence 7R score=40,concepts=OB+SWEEP buy=0 sell=40
2025-11-24T11:45:00+07:00,2025-11-24T11:55:00+07:00,BUY,4044.42,4042.53,4058.85,BE,-0.2,S418 BUY ICT Confluence 7R score=40,concepts=FVG+SWEEP buy=40 sell=20
2025-11-24T13:35:00+07:00,2025-11-24T13:40:00+07:00,SELL,4055.85,4057.34,4045.5,SL,-1.69,S418 SELL ICT Confluence 7R score=40,concepts=FVG+SWEEP buy=0 sell=40
2025-11-24T16:35:00+07:00,2025-11-24T16:55:00+07:00,SELL,4072.04,4074.5,4056.34,BE,-0.2,S418 SELL ICT Confluence 7R score=40,concepts=FVG+OB buy=0 sell=40
2025-11-24T20:20:00+07:00,2025-11-24T20:30:00+07:00,SELL,4079.9,4085.34,4042.46,BE,-0.2,S418 SELL ICT Confluence 7R score=40,concepts=OB+SWEEP buy=0 sell=40
2025-11-24T21:40:00+07:00,2025-11-25T01:40:00+07:00,BUY,4073.7,4067.91,4114.31,TP,40.41,S418 BUY ICT Confluence 7R score=40,concepts=FVG+SWEEP buy=40 sell=0
2025-11-25T11:55:00+07:00,2025-11-25T12:55:00+07:00,BUY,4140.67,4139.16,4150.92,TP,10.05,S418 BUY ICT Confluence 7R score=40,concepts=FVG+OB buy=40 sell=0
2025-11-25T13:05:00+07:00,2025-11-25T13:20:00+07:00,SELL,4151.6,4152.47,4145.75,TP,5.65,S418 SELL ICT Confluence 7R score=40,concepts=OB+SWEEP buy=0 sell=40
2025-11-25T14:35:00+07:00,2025-11-25T14:45:00+07:00,BUY,4135.54,4130.63,4170.07,BE,-0.2,S418 BUY ICT Confluence 7R score=40,concepts=FVG+SWEEP buy=40 sell=0
2025-11-25T14:55:00+07:00,2025-11-25T15:30:00+07:00,BUY,4132.5,4129.89,4150.69,BE,-0.2,S418 BUY ICT Confluence 7R score=40,concepts=FVG+SWEEP buy=40 sell=0
2025-11-25T20:30:00+07:00,2025-11-25T20:35:00+07:00,SELL,4143.63,4149.36,4102.32,SL,-5.93,S418 SELL ICT Confluence 7R score=40,concepts=FVG+SWEEP buy=0 sell=40
2025-11-26T03:20:00+07:00,2025-11-26T03:30:00+07:00,BUY,4134.05,4128.1,4176.1,BE,-0.2,S418 BUY ICT Confluence 7R score=40,concepts=FVG+OB buy=40 sell=0
2025-11-26T10:45:00+07:00,2025-11-26T10:55:00+07:00,SELL,4165.36,4169.84,4133.92,BE,-0.2,S418 SELL ICT Confluence 7R score=40,concepts=OB+SWEEP buy=0 sell=40
2025-11-26T11:20:00+07:00,2025-11-26T11:25:00+07:00,BUY,4158.32,4157.57,4163.81,SL,-0.95,S418 BUY ICT Confluence 7R score=40,concepts=FVG+SWEEP buy=40 sell=20
2025-11-26T11:30:00+07:00,2025-11-26T11:55:00+07:00,BUY,4160.67,4156.2,4191.08,BE,-0.2,S418 BUY ICT Confluence 7R score=40,concepts=OB+SWEEP buy=40 sell=0
2025-11-26T15:25:00+07:00,2025-11-26T18:30:00+07:00,SELL,4166.65,4168.82,4152.18,BE,-0.2,S418 SELL ICT Confluence 7R score=40,concepts=OB+SWEEP buy=0 sell=40
2025-11-26T22:00:00+07:00,2025-11-27T11:05:00+07:00,BUY,4142.88,4136.02,4187.94,BE,-0.2,S418 BUY ICT Confluence 7R score=40,concepts=OB+SWEEP buy=40 sell=0
2025-11-27T13:10:00+07:00,2025-11-27T13:15:00+07:00,SELL,4153.39,4155.07,4141.23,SL,-1.88,S418 SELL ICT Confluence 7R score=40,concepts=FVG+OB buy=0 sell=40
2025-11-27T16:05:00+07:00,2025-11-27T16:10:00+07:00,BUY,4158.2,4156.27,4171.95,SL,-2.13,S418 BUY ICT Confluence 7R score=40,concepts=OB+SWEEP buy=40 sell=0
2025-11-27T18:45:00+07:00,2025-11-27T21:20:00+07:00,SELL,4160.37,4162.71,4143.91,BE,-0.2,S418 SELL ICT Confluence 7R score=40,concepts=FVG+SWEEP buy=0 sell=40
2025-11-27T21:25:00+07:00,2025-11-27T21:35:00+07:00,SELL,4157.15,4161.01,4130.21,BE,-0.2,S418 SELL ICT Confluence 7R score=40,concepts=OB+SWEEP buy=20 sell=40
2025-11-27T23:20:00+07:00,2025-11-27T23:25:00+07:00,BUY,4153.36,4152.6,4159.08,SL,-0.96,S418 BUY ICT Confluence 7R score=40,concepts=OB+SWEEP buy=40 sell=0
2025-11-28T10:05:00+07:00,2025-11-28T10:15:00+07:00,BUY,4188.61,4184.76,4198.52,BE,-0.2,S418 BUY ICT Confluence 7R score=40,concepts=FVG+OB buy=40 sell=0
2025-11-28T10:20:00+07:00,2025-11-28T10:35:00+07:00,BUY,4187.02,4184.7,4202.86,BE,-0.2,S418 BUY ICT Confluence 7R score=40,concepts=FVG+OB buy=40 sell=0
2025-11-28T10:50:00+07:00,2025-11-28T11:00:00+07:00,BUY,4184.79,4182.5,4202.9,SL,-2.49,S418 BUY ICT Confluence 7R score=40,concepts=FVG+SWEEP buy=40 sell=20
2025-11-28T11:05:00+07:00,2025-11-28T11:15:00+07:00,BUY,4186.45,4182.22,4216.22,BE,-0.2,S418 BUY ICT Confluence 7R score=40,concepts=FVG+OB buy=40 sell=20
2025-11-28T13:45:00+07:00,2025-11-28T14:20:00+07:00,SELL,4188.38,4189.09,4183.97,TP,4.21,S418 SELL ICT Confluence 7R score=40,concepts=OB+SWEEP buy=20 sell=40
2025-11-29T01:20:00+07:00,2025-11-29T01:25:00+07:00,SELL,4217.31,4218.86,4206.06,SL,-1.75,S418 SELL ICT Confluence 7R score=40,concepts=OB+SWEEP buy=0 sell=40
2025-12-01T10:15:00+07:00,2025-12-01T10:25:00+07:00,BUY,4235.44,4232.11,4258.03,BE,-0.2,S418 BUY ICT Confluence 7R score=40,concepts=FVG+SWEEP buy=40 sell=0
2025-12-01T11:50:00+07:00,2025-12-01T12:00:00+07:00,SELL,4245.97,4247.23,4237.07,BE,-0.2,S418 SELL ICT Confluence 7R score=40,concepts=FVG+OB buy=20 sell=40
2025-12-01T14:25:00+07:00,2025-12-01T14:30:00+07:00,SELL,4240.55,4243.05,4222.73,SL,-2.7,S418 SELL ICT Confluence 7R score=40,concepts=OB+SWEEP buy=0 sell=40
2025-12-01T14:35:00+07:00,2025-12-01T14:45:00+07:00,SELL,4242.16,4243.69,4231.77,BE,-0.2,S418 SELL ICT Confluence 7R score=40,concepts=OB+SWEEP buy=0 sell=40
2025-12-01T19:10:00+07:00,2025-12-01T19:20:00+07:00,BUY,4249.02,4247.22,4261.78,BE,-0.2,S418 BUY ICT Confluence 7R score=40,concepts=FVG+SWEEP buy=40 sell=0
2025-12-01T20:30:00+07:00,2025-12-01T20:35:00+07:00,SELL,4258.23,4260.13,4244.77,SL,-2.1,S418 SELL ICT Confluence 7R score=40,concepts=FVG+SWEEP buy=20 sell=40
2025-12-01T21:00:00+07:00,2025-12-01T21:05:00+07:00,BUY,4244.77,4241.84,4265.12,SL,-3.13,S418 BUY ICT Confluence 7R score=60,concepts=FVG+OB+SWEEP buy=60 sell=0
2025-12-01T21:20:00+07:00,2025-12-01T21:30:00+07:00,BUY,4244.69,4238.22,4289.9,BE,-0.2,S418 BUY ICT Confluence 7R score=40,concepts=FVG+OB buy=40 sell=0
2025-12-02T02:40:00+07:00,2025-12-02T02:50:00+07:00,BUY,4233.86,4232.02,4247.14,BE,-0.2,S418 BUY ICT Confluence 7R score=40,concepts=FVG+OB buy=40 sell=0
2025-12-02T07:10:00+07:00,2025-12-02T07:20:00+07:00,BUY,4226.88,4223.26,4253.66,BE,-0.2,S418 BUY ICT Confluence 7R score=40,concepts=OB+SWEEP buy=40 sell=0
2025-12-02T09:50:00+07:00,2025-12-02T10:00:00+07:00,SELL,4221.53,4224.97,4197.37,BE,-0.2,S418 SELL ICT Confluence 7R score=40,concepts=FVG+SWEEP buy=0 sell=40
2025-12-02T10:10:00+07:00,2025-12-02T10:15:00+07:00,SELL,4224.02,4225.65,4213.01,SL,-1.83,S418 SELL ICT Confluence 7R score=40,concepts=FVG+SWEEP buy=0 sell=40
2025-12-02T11:10:00+07:00,2025-12-02T11:20:00+07:00,BUY,4216.72,4214.08,4234.88,BE,-0.2,S418 BUY ICT Confluence 7R score=40,concepts=FVG+OB buy=40 sell=0
2025-12-02T11:25:00+07:00,2025-12-02T11:30:00+07:00,BUY,4216.52,4215.12,4226.4,SL,-1.6,S418 BUY ICT Confluence 7R score=40,concepts=FVG+OB buy=40 sell=0
2025-12-02T11:35:00+07:00,2025-12-02T12:05:00+07:00,BUY,4215.84,4213.54,4232.02,BE,-0.2,S418 BUY ICT Confluence 7R score=60,concepts=FVG+OB+SWEEP buy=60 sell=0
2025-12-02T13:35:00+07:00,2025-12-02T13:45:00+07:00,BUY,4208.01,4202.92,4243.8,BE,-0.2,S418 BUY ICT Confluence 7R score=40,concepts=OB+SWEEP buy=40 sell=0
2025-12-02T15:45:00+07:00,2025-12-02T20:00:00+07:00,SELL,4213.6,4219.74,4170.54,BE,-0.2,S418 SELL ICT Confluence 7R score=40,concepts=FVG+OB buy=0 sell=40
2025-12-03T00:45:00+07:00,2025-12-03T01:00:00+07:00,SELL,4196.13,4197.29,4187.93,BE,-0.2,S418 SELL ICT Confluence 7R score=40,concepts=FVG+SWEEP buy=0 sell=40
2025-12-03T02:05:00+07:00,2025-12-03T02:10:00+07:00,SELL,4196.35,4197.54,4187.86,SL,-1.39,S418 SELL ICT Confluence 7R score=40,concepts=FVG+SWEEP buy=0 sell=40
2025-12-03T07:55:00+07:00,2025-12-03T08:00:00+07:00,SELL,4211.83,4216.5,4178.98,SL,-4.87,S418 SELL ICT Confluence 7R score=40,concepts=FVG+OB buy=0 sell=40
2025-12-03T11:10:00+07:00,2025-12-03T11:55:00+07:00,BUY,4220.37,4217.15,4242.99,BE,-0.2,S418 BUY ICT Confluence 7R score=40,concepts=FVG+OB buy=40 sell=0
2025-12-03T12:05:00+07:00,2025-12-03T12:15:00+07:00,BUY,4220.71,4217.19,4245.43,BE,-0.2,S418 BUY ICT Confluence 7R score=40,concepts=FVG+OB buy=40 sell=0
2025-12-03T12:20:00+07:00,2025-12-03T12:30:00+07:00,BUY,4220.51,4217.2,4242.08,SL,-3.51,S418 BUY ICT Confluence 7R score=40,concepts=FVG+OB buy=40 sell=0
2025-12-03T18:15:00+07:00,2025-12-03T18:25:00+07:00,SELL,4202.32,4205.1,4182.14,BE,-0.2,S418 SELL ICT Confluence 7R score=40,concepts=FVG+OB buy=0 sell=40
2025-12-03T20:00:00+07:00,2025-12-03T20:05:00+07:00,SELL,4213.52,4214.87,4204.79,SL,-1.55,S418 SELL ICT Confluence 7R score=40,concepts=FVG+SWEEP buy=0 sell=40
2025-12-04T07:10:00+07:00,2025-12-04T07:20:00+07:00,SELL,4207.64,4210.63,4186.63,BE,-0.2,S418 SELL ICT Confluence 7R score=40,concepts=FVG+SWEEP buy=0 sell=40
2025-12-04T07:40:00+07:00,2025-12-04T08:00:00+07:00,SELL,4213.55,4216.08,4195.36,BE,-0.2,S418 SELL ICT Confluence 7R score=40,concepts=FVG+SWEEP buy=20 sell=40
2025-12-04T08:45:00+07:00,2025-12-04T10:00:00+07:00,SELL,4213.74,4217.19,4189.99,TP,23.55,S418 SELL ICT Confluence 7R score=40,concepts=FVG+SWEEP buy=0 sell=40
2025-12-04T12:00:00+07:00,2025-12-04T12:10:00+07:00,SELL,4196.68,4199.32,4178.44,BE,-0.2,S418 SELL ICT Confluence 7R score=40,concepts=FVG+OB buy=20 sell=40
2025-12-04T12:20:00+07:00,2025-12-04T12:35:00+07:00,BUY,4193.14,4189.37,4218.17,BE,-0.2,S418 BUY ICT Confluence 7R score=40,concepts=OB+SWEEP buy=40 sell=0
2025-12-04T15:05:00+07:00,2025-12-04T15:15:00+07:00,SELL,4192.02,4195.79,4165.23,BE,-0.2,S418 SELL ICT Confluence 7R score=40,concepts=FVG+SWEEP buy=0 sell=40
2025-12-04T19:30:00+07:00,2025-12-04T19:40:00+07:00,BUY,4190.63,4189.81,4196.21,BE,-0.2,S418 BUY ICT Confluence 7R score=40,concepts=FVG+OB buy=40 sell=20
2025-12-04T20:05:00+07:00,2025-12-04T20:10:00+07:00,BUY,4190.5,4185.74,4223.98,SL,-4.96,S418 BUY ICT Confluence 7R score=40,concepts=OB+SWEEP buy=40 sell=20
2025-12-04T20:15:00+07:00,2025-12-04T20:30:00+07:00,BUY,4189.45,4185.2,4219.52,BE,-0.2,S418 BUY ICT Confluence 7R score=40,concepts=OB+SWEEP buy=40 sell=20
2025-12-04T23:10:00+07:00,2025-12-04T23:15:00+07:00,SELL,4210.47,4215.79,4173.07,SL,-5.52,S418 SELL ICT Confluence 7R score=40,concepts=OB+SWEEP buy=20 sell=40
2025-12-04T23:45:00+07:00,2025-12-05T00:15:00+07:00,SELL,4212.52,4219.86,4160.66,BE,-0.2,S418 SELL ICT Confluence 7R score=40,concepts=FVG+OB buy=20 sell=40
2025-12-05T07:15:00+07:00,2025-12-05T09:50:00+07:00,SELL,4207.95,4210.61,4188.77,BE,-0.2,S418 SELL ICT Confluence 7R score=40,concepts=OB+SWEEP buy=20 sell=40
2025-12-05T10:15:00+07:00,2025-12-05T10:25:00+07:00,SELL,4204.09,4209.17,4168.69,BE,-0.2,S418 SELL ICT Confluence 7R score=40,concepts=FVG+OB buy=20 sell=40
2025-12-05T14:55:00+07:00,2025-12-05T15:05:00+07:00,BUY,4224.42,4222.25,4239.77,BE,-0.2,S418 BUY ICT Confluence 7R score=40,concepts=FVG+SWEEP buy=40 sell=0
2025-12-05T15:30:00+07:00,2025-12-05T15:40:00+07:00,BUY,4224.28,4220.57,4249.93,BE,-0.2,S418 BUY ICT Confluence 7R score=40,concepts=FVG+SWEEP buy=40 sell=0
2025-12-05T15:50:00+07:00,2025-12-05T16:00:00+07:00,BUY,4221.01,4220.33,4225.85,BE,-0.2,S418 BUY ICT Confluence 7R score=40,concepts=OB+SWEEP buy=40 sell=0
2025-12-05T16:15:00+07:00,2025-12-05T16:25:00+07:00,BUY,4218.76,4215.66,4240.62,BE,-0.2,S418 BUY ICT Confluence 7R score=40,concepts=OB+SWEEP buy=40 sell=0
2025-12-05T17:25:00+07:00,2025-12-05T17:35:00+07:00,SELL,4224.14,4227.74,4198.3,BE,-0.2,S418 SELL ICT Confluence 7R score=40,concepts=OB+SWEEP buy=20 sell=40
2025-12-05T19:05:00+07:00,2025-12-05T19:15:00+07:00,SELL,4226.31,4229.9,4201.1,BE,-0.2,S418 SELL ICT Confluence 7R score=40,concepts=OB+SWEEP buy=0 sell=40
2025-12-05T19:30:00+07:00,2025-12-05T19:40:00+07:00,BUY,4224.07,4219.79,4253.95,BE,-0.2,S418 BUY ICT Confluence 7R score=40,concepts=FVG+OB buy=40 sell=20
2025-12-06T01:00:00+07:00,2025-12-06T01:10:00+07:00,SELL,4216.52,4220.03,4192.03,BE,-0.2,S418 SELL ICT Confluence 7R score=40,concepts=FVG+OB buy=0 sell=40
2025-12-06T01:15:00+07:00,2025-12-08T12:35:00+07:00,SELL,4215.86,4219.99,4187.35,BE,-0.2,S418 SELL ICT Confluence 7R score=40,concepts=FVG+OB buy=0 sell=40
2025-12-08T20:15:00+07:00,2025-12-08T20:20:00+07:00,BUY,4207.67,4205.19,4225.51,SL,-2.68,S418 BUY ICT Confluence 7R score=40,concepts=FVG+OB buy=40 sell=0
2025-12-09T01:55:00+07:00,2025-12-09T02:05:00+07:00,BUY,4187.25,4184.16,4208.96,BE,-0.2,S418 BUY ICT Confluence 7R score=40,concepts=FVG+SWEEP buy=40 sell=0
2025-12-09T02:45:00+07:00,2025-12-09T02:55:00+07:00,BUY,4186.35,4183.96,4203.4,BE,-0.2,S418 BUY ICT Confluence 7R score=40,concepts=FVG+OB buy=40 sell=0
2025-12-09T03:00:00+07:00,2025-12-09T08:10:00+07:00,BUY,4185.58,4183.98,4197.18,TP,11.4,S418 BUY ICT Confluence 7R score=40,concepts=FVG+OB buy=40 sell=0
2025-12-09T19:10:00+07:00,2025-12-09T19:15:00+07:00,BUY,4201.77,4200.68,4209.32,SL,-1.29,S418 BUY ICT Confluence 7R score=40,concepts=FVG+SWEEP buy=40 sell=0
2025-12-09T19:55:00+07:00,2025-12-09T20:00:00+07:00,SELL,4204.26,4207.82,4178.94,SL,-3.76,S418 SELL ICT Confluence 7R score=40,concepts=OB+SWEEP buy=20 sell=40
2025-12-09T20:25:00+07:00,2025-12-09T20:30:00+07:00,BUY,4202.08,4198.08,4230.0,SL,-4.2,S418 BUY ICT Confluence 7R score=40,concepts=FVG+OB buy=40 sell=0
2025-12-09T20:35:00+07:00,2025-12-09T21:00:00+07:00,BUY,4198.7,4195.32,4222.68,BE,-0.2,S418 BUY ICT Confluence 7R score=40,concepts=FVG+SWEEP buy=40 sell=0
2025-12-09T21:05:00+07:00,2025-12-09T21:10:00+07:00,BUY,4197.62,4194.3,4221.02,SL,-3.52,S418 BUY ICT Confluence 7R score=40,concepts=FVG+SWEEP buy=40 sell=0
2025-12-10T01:00:00+07:00,2025-12-10T01:10:00+07:00,BUY,4202.66,4200.89,4215.13,BE,-0.2,S418 BUY ICT Confluence 7R score=40,concepts=FVG+OB buy=40 sell=0
2025-12-10T03:00:00+07:00,2025-12-10T03:10:00+07:00,SELL,4212.34,4215.27,4192.71,BE,-0.2,S418 SELL ICT Confluence 7R score=40,concepts=FVG+SWEEP buy=0 sell=40
2025-12-10T04:00:00+07:00,2025-12-10T04:10:00+07:00,BUY,4211.01,4206.89,4240.17,BE,-0.2,S418 BUY ICT Confluence 7R score=40,concepts=FVG+OB buy=40 sell=0
2025-12-10T04:15:00+07:00,2025-12-10T04:25:00+07:00,BUY,4209.76,4206.93,4229.89,BE,-0.2,S418 BUY ICT Confluence 7R score=40,concepts=FVG+OB buy=40 sell=0
2025-12-10T04:55:00+07:00,2025-12-10T06:05:00+07:00,BUY,4210.22,4207.13,4218.33,BE,-0.2,S418 BUY ICT Confluence 7R score=40,concepts=FVG+SWEEP buy=40 sell=0
2025-12-10T09:30:00+07:00,2025-12-10T09:40:00+07:00,SELL,4215.36,4218.36,4194.44,BE,-0.2,S418 SELL ICT Confluence 7R score=40,concepts=FVG+OB buy=0 sell=40
2025-12-10T10:20:00+07:00,2025-12-10T10:30:00+07:00,BUY,4210.09,4207.69,4227.13,SL,-2.6,S418 BUY ICT Confluence 7R score=40,concepts=OB+SWEEP buy=40 sell=20
2025-12-10T12:45:00+07:00,2025-12-10T12:55:00+07:00,SELL,4212.58,4214.7,4197.66,BE,-0.2,S418 SELL ICT Confluence 7R score=40,concepts=FVG+OB buy=20 sell=40
2025-12-10T15:00:00+07:00,2025-12-10T15:10:00+07:00,BUY,4204.83,4201.78,4226.1,BE,-0.2,S418 BUY ICT Confluence 7R score=40,concepts=OB+SWEEP buy=40 sell=20
2025-12-10T19:15:00+07:00,2025-12-10T20:05:00+07:00,SELL,4199.42,4202.43,4178.27,BE,-0.2,S418 SELL ICT Confluence 7R score=40,concepts=OB+SWEEP buy=0 sell=40
2025-12-10T21:05:00+07:00,2025-12-10T21:10:00+07:00,SELL,4205.07,4205.78,4199.94,SL,-0.91,S418 SELL ICT Confluence 7R score=40,concepts=OB+SWEEP buy=0 sell=40
2025-12-10T22:20:00+07:00,2025-12-10T22:40:00+07:00,BUY,4194.55,4188.46,4237.02,BE,-0.2,S418 BUY ICT Confluence 7R score=40,concepts=OB+SWEEP buy=40 sell=0
2025-12-11T02:35:00+07:00,2025-12-11T02:40:00+07:00,BUY,4203.8,4191.11,4292.47,SL,-12.89,S418 BUY ICT Confluence 7R score=40,concepts=FVG+OB buy=40 sell=0
2025-12-11T11:45:00+07:00,2025-12-11T12:10:00+07:00,BUY,4212.26,4208.25,4240.25,BE,-0.2,S418 BUY ICT Confluence 7R score=40,concepts=OB+SWEEP buy=40 sell=0
2025-12-11T12:40:00+07:00,2025-12-11T12:45:00+07:00,BUY,4210.29,4206.65,4235.61,SL,-3.84,S418 BUY ICT Confluence 7R score=40,concepts=FVG+SWEEP buy=40 sell=0
2025-12-11T12:55:00+07:00,2025-12-11T13:00:00+07:00,BUY,4207.5,4205.79,4219.15,SL,-1.91,S418 BUY ICT Confluence 7R score=40,concepts=FVG+OB buy=40 sell=20
2025-12-11T13:55:00+07:00,2025-12-11T14:25:00+07:00,SELL,4214.49,4215.71,4205.79,BE,-0.2,S418 SELL ICT Confluence 7R score=40,concepts=FVG+OB buy=0 sell=40
2025-12-11T14:35:00+07:00,2025-12-11T14:40:00+07:00,SELL,4214.11,4216.86,4194.94,SL,-2.95,S418 SELL ICT Confluence 7R score=40,concepts=FVG+SWEEP buy=0 sell=40
2025-12-11T15:40:00+07:00,2025-12-11T15:50:00+07:00,SELL,4217.44,4219.93,4199.69,BE,-0.2,S418 SELL ICT Confluence 7R score=40,concepts=FVG+SWEEP buy=0 sell=40
2025-12-11T16:30:00+07:00,2025-12-11T16:40:00+07:00,SELL,4216.23,4219.92,4190.16,BE,-0.2,S418 SELL ICT Confluence 7R score=40,concepts=FVG+OB buy=20 sell=40
2025-12-11T18:35:00+07:00,2025-12-11T18:45:00+07:00,BUY,4212.84,4211.02,4225.98,BE,-0.2,S418 BUY ICT Confluence 7R score=40,concepts=FVG+SWEEP buy=40 sell=0
2025-12-11T19:35:00+07:00,2025-12-11T19:50:00+07:00,SELL,4218.47,4220.61,4203.65,BE,-0.2,S418 SELL ICT Confluence 7R score=40,concepts=OB+SWEEP buy=0 sell=40
2025-12-11T20:40:00+07:00,2025-12-11T20:50:00+07:00,SELL,4219.71,4222.78,4197.82,BE,-0.2,S418 SELL ICT Confluence 7R score=40,concepts=FVG+OB buy=0 sell=40
2025-12-12T03:05:00+07:00,2025-12-12T03:15:00+07:00,BUY,4269.31,4262.55,4316.31,BE,-0.2,S418 BUY ICT Confluence 7R score=40,concepts=FVG+OB buy=40 sell=0
2025-12-12T03:20:00+07:00,2025-12-12T08:00:00+07:00,BUY,4266.82,4262.62,4296.38,BE,-0.2,S418 BUY ICT Confluence 7R score=40,concepts=FVG+OB buy=40 sell=20
2025-12-12T08:05:00+07:00,2025-12-12T08:20:00+07:00,BUY,4269.44,4265.85,4294.73,BE,-0.2,S418 BUY ICT Confluence 7R score=60,concepts=FVG+OB+SWEEP buy=60 sell=0
2025-12-12T08:30:00+07:00,2025-12-12T08:40:00+07:00,BUY,4267.09,4264.24,4286.96,BE,-0.2,S418 BUY ICT Confluence 7R score=60,concepts=FVG+OB+SWEEP buy=60 sell=20
2025-12-12T08:50:00+07:00,2025-12-12T11:10:00+07:00,BUY,4268.59,4264.23,4299.19,BE,-0.2,S418 BUY ICT Confluence 7R score=40,concepts=FVG+OB buy=40 sell=20
2025-12-13T01:05:00+07:00,2025-12-13T01:10:00+07:00,SELL,4297.42,4299.87,4279.95,SL,-2.65,S418 SELL ICT Confluence 7R score=40,concepts=FVG+SWEEP buy=0 sell=40
2025-12-13T03:30:00+07:00,2025-12-15T12:25:00+07:00,BUY,4293.58,4288.31,4330.15,TP,36.37,S418 BUY ICT Confluence 7R score=40,concepts=OB+SWEEP buy=40 sell=0
2025-12-15T17:00:00+07:00,2025-12-15T17:10:00+07:00,BUY,4343.71,4340.48,4365.28,BE,-0.2,S418 BUY ICT Confluence 7R score=40,concepts=OB+SWEEP buy=40 sell=0
2025-12-15T19:35:00+07:00,2025-12-15T19:45:00+07:00,SELL,4345.42,4348.6,4323.48,BE,-0.2,S418 SELL ICT Confluence 7R score=40,concepts=OB+SWEEP buy=20 sell=40
2025-12-15T21:00:00+07:00,2025-12-15T21:10:00+07:00,BUY,4333.92,4329.22,4366.66,BE,-0.2,S418 BUY ICT Confluence 7R score=40,concepts=FVG+SWEEP buy=40 sell=0
2025-12-16T06:20:00+07:00,2025-12-16T06:30:00+07:00,SELL,4307.8,4309.94,4292.74,BE,-0.2,S418 SELL ICT Confluence 7R score=40,concepts=FVG+SWEEP buy=0 sell=40
2025-12-16T07:25:00+07:00,2025-12-16T07:35:00+07:00,SELL,4309.62,4310.25,4305.29,BE,-0.2,S418 SELL ICT Confluence 7R score=40,concepts=FVG+SWEEP buy=0 sell=40
2025-12-16T15:10:00+07:00,2025-12-16T15:15:00+07:00,BUY,4281.53,4279.39,4296.35,SL,-2.34,S418 BUY ICT Confluence 7R score=40,concepts=FVG+OB buy=40 sell=0
2025-12-16T15:30:00+07:00,2025-12-16T16:00:00+07:00,BUY,4281.64,4274.97,4327.93,BE,-0.2,S418 BUY ICT Confluence 7R score=40,concepts=OB+SWEEP buy=40 sell=0
2025-12-16T17:35:00+07:00,2025-12-16T17:50:00+07:00,BUY,4277.26,4274.49,4296.57,BE,-0.2,S418 BUY ICT Confluence 7R score=40,concepts=OB+SWEEP buy=40 sell=0
2025-12-16T18:25:00+07:00,2025-12-16T18:35:00+07:00,BUY,4277.51,4273.54,4305.14,BE,-0.2,S418 BUY ICT Confluence 7R score=40,concepts=OB+SWEEP buy=40 sell=0
2025-12-17T04:25:00+07:00,2025-12-17T04:35:00+07:00,BUY,4302.31,4300.4,4315.6,BE,-0.2,S418 BUY ICT Confluence 7R score=40,concepts=OB+SWEEP buy=40 sell=0
2025-12-17T06:50:00+07:00,2025-12-17T07:00:00+07:00,SELL,4308.28,4309.27,4301.75,BE,-0.2,S418 SELL ICT Confluence 7R score=40,concepts=OB+SWEEP buy=0 sell=40
2025-12-17T14:05:00+07:00,2025-12-17T14:10:00+07:00,BUY,4325.34,4323.32,4340.12,SL,-2.22,S418 BUY ICT Confluence 7R score=40,concepts=FVG+SWEEP buy=40 sell=0
2025-12-17T15:55:00+07:00,2025-12-17T16:05:00+07:00,SELL,4319.2,4326.08,4271.2,BE,-0.2,S418 SELL ICT Confluence 7R score=40,concepts=FVG+OB buy=0 sell=40
2025-12-17T17:55:00+07:00,2025-12-17T18:15:00+07:00,SELL,4317.76,4322.92,4281.08,BE,-0.2,S418 SELL ICT Confluence 7R score=40,concepts=FVG+OB buy=0 sell=40
2025-12-18T00:40:00+07:00,2025-12-18T00:50:00+07:00,SELL,4338.81,4342.0,4315.84,BE,-0.2,S418 SELL ICT Confluence 7R score=40,concepts=FVG+SWEEP buy=0 sell=40
2025-12-18T07:55:00+07:00,2025-12-18T08:00:00+07:00,BUY,4334.75,4332.83,4348.27,SL,-2.12,S418 BUY ICT Confluence 7R score=40,concepts=OB+SWEEP buy=40 sell=0
2025-12-18T11:10:00+07:00,2025-12-18T11:15:00+07:00,BUY,4330.37,4329.28,4338.32,SL,-1.29,S418 BUY ICT Confluence 7R score=40,concepts=FVG+OB buy=40 sell=20
2025-12-18T11:20:00+07:00,2025-12-18T11:35:00+07:00,BUY,4332.01,4328.83,4354.19,SL,-3.38,S418 BUY ICT Confluence 7R score=40,concepts=OB+SWEEP buy=40 sell=20
2025-12-18T14:10:00+07:00,2025-12-18T15:00:00+07:00,BUY,4330.88,4329.85,4338.17,BE,-0.2,S418 BUY ICT Confluence 7R score=60,concepts=FVG+OB+SWEEP buy=60 sell=0
2025-12-18T18:10:00+07:00,2025-12-18T18:20:00+07:00,SELL,4327.31,4328.85,4316.37,BE,-0.2,S418 SELL ICT Confluence 7R score=40,concepts=OB+SWEEP buy=0 sell=40
2025-12-18T19:05:00+07:00,2025-12-18T19:15:00+07:00,BUY,4324.13,4321.43,4342.95,BE,-0.2,S418 BUY ICT Confluence 7R score=40,concepts=OB+SWEEP buy=40 sell=0
2025-12-19T03:35:00+07:00,2025-12-19T03:40:00+07:00,SELL,4335.8,4337.62,4322.98,SL,-2.02,S418 SELL ICT Confluence 7R score=40,concepts=FVG+SWEEP buy=0 sell=40
2025-12-19T06:00:00+07:00,2025-12-19T06:10:00+07:00,SELL,4335.44,4338.36,4315.24,BE,-0.2,S418 SELL ICT Confluence 7R score=40,concepts=FVG+OB buy=0 sell=40
2025-12-19T06:20:00+07:00,2025-12-19T06:40:00+07:00,SELL,4335.53,4338.33,4315.77,BE,-0.2,S418 SELL ICT Confluence 7R score=40,concepts=FVG+OB buy=20 sell=40
2025-12-19T06:55:00+07:00,2025-12-19T08:00:00+07:00,SELL,4335.12,4337.04,4321.6,TP,13.32,S418 SELL ICT Confluence 7R score=60,concepts=FVG+OB+SWEEP buy=0 sell=60
2025-12-19T13:15:00+07:00,2025-12-19T13:25:00+07:00,SELL,4328.51,4329.79,4318.19,BE,-0.2,S418 SELL ICT Confluence 7R score=40,concepts=FVG+SWEEP buy=0 sell=40
2025-12-19T15:00:00+07:00,2025-12-19T15:10:00+07:00,BUY,4321.97,4320.78,4330.46,BE,-0.2,S418 BUY ICT Confluence 7R score=40,concepts=FVG+SWEEP buy=40 sell=20
2025-12-19T19:10:00+07:00,2025-12-19T19:20:00+07:00,BUY,4324.03,4320.47,4349.35,BE,-0.2,S418 BUY ICT Confluence 7R score=40,concepts=OB+SWEEP buy=40 sell=0
2025-12-20T00:55:00+07:00,2025-12-20T01:05:00+07:00,SELL,4353.48,4356.39,4333.75,BE,-0.2,S418 SELL ICT Confluence 7R score=40,concepts=OB+SWEEP buy=0 sell=40
2025-12-20T02:10:00+07:00,2025-12-20T02:20:00+07:00,BUY,4347.33,4342.9,4377.46,BE,-0.2,S418 BUY ICT Confluence 7R score=40,concepts=FVG+OB buy=40 sell=0
2025-12-20T02:35:00+07:00,2025-12-20T02:50:00+07:00,BUY,4347.52,4342.93,4378.85,BE,-0.2,S418 BUY ICT Confluence 7R score=40,concepts=FVG+OB buy=40 sell=0
2025-12-20T04:30:00+07:00,2025-12-22T06:10:00+07:00,BUY,4337.28,4336.37,4343.81,TP,6.33,S418 BUY ICT Confluence 7R score=40,concepts=FVG+SWEEP buy=40 sell=0
2025-12-22T06:35:00+07:00,2025-12-22T06:45:00+07:00,SELL,4347.35,4350.53,4325.17,SL,-3.38,S418 SELL ICT Confluence 7R score=40,concepts=OB+SWEEP buy=0 sell=40
2025-12-23T02:00:00+07:00,2025-12-23T02:15:00+07:00,BUY,4433.3,4429.2,4462.24,SL,-4.3,S418 BUY ICT Confluence 7R score=40,concepts=FVG+OB buy=40 sell=0
2025-12-23T03:05:00+07:00,2025-12-23T03:10:00+07:00,SELL,4437.92,4438.72,4432.08,SL,-1.0,S418 SELL ICT Confluence 7R score=40,concepts=OB+SWEEP buy=20 sell=40
2025-12-23T03:55:00+07:00,2025-12-23T04:00:00+07:00,SELL,4438.63,4439.54,4432.18,SL,-1.11,S418 SELL ICT Confluence 7R score=40,concepts=OB+SWEEP buy=0 sell=40
2025-12-23T13:00:00+07:00,2025-12-23T13:10:00+07:00,BUY,4477.59,4472.58,4513.38,BE,-0.2,S418 BUY ICT Confluence 7R score=40,concepts=FVG+SWEEP buy=40 sell=0
2025-12-23T13:15:00+07:00,2025-12-23T13:25:00+07:00,BUY,4474.32,4469.1,4510.7,BE,-0.2,S418 BUY ICT Confluence 7R score=60,concepts=FVG+OB+SWEEP buy=60 sell=0
2025-12-23T13:30:00+07:00,2025-12-23T13:45:00+07:00,BUY,4475.98,4469.07,4524.67,BE,-0.2,S418 BUY ICT Confluence 7R score=40,concepts=FVG+OB buy=40 sell=0
2025-12-23T15:45:00+07:00,2025-12-23T16:00:00+07:00,SELL,4490.48,4493.55,4469.31,BE,-0.2,S418 SELL ICT Confluence 7R score=40,concepts=FVG+SWEEP buy=0 sell=40
2025-12-23T16:05:00+07:00,2025-12-23T16:10:00+07:00,BUY,4484.53,4482.33,4498.17,SL,-2.4,S418 BUY ICT Confluence 7R score=40,concepts=OB+SWEEP buy=40 sell=0
2025-12-23T23:20:00+07:00,2025-12-23T23:25:00+07:00,SELL,4463.0,4464.58,4452.34,SL,-1.78,S418 SELL ICT Confluence 7R score=40,concepts=FVG+SWEEP buy=0 sell=40
2025-12-24T01:30:00+07:00,2025-12-24T06:35:00+07:00,BUY,4473.96,4469.42,4506.14,TP,31.98,S418 BUY ICT Confluence 7R score=40,concepts=FVG+OB buy=40 sell=0
2025-12-24T14:45:00+07:00,2025-12-24T14:55:00+07:00,BUY,4487.49,4483.92,4512.96,BE,-0.2,S418 BUY ICT Confluence 7R score=60,concepts=FVG+OB+SWEEP buy=60 sell=40
2025-12-24T19:15:00+07:00,2025-12-24T19:25:00+07:00,SELL,4493.89,4496.3,4476.94,BE,-0.2,S418 SELL ICT Confluence 7R score=40,concepts=FVG+SWEEP buy=20 sell=40
2025-12-24T19:30:00+07:00,2025-12-24T19:40:00+07:00,SELL,4491.75,4496.32,4459.68,BE,-0.2,S418 SELL ICT Confluence 7R score=40,concepts=FVG+OB buy=0 sell=40
2025-12-24T19:50:00+07:00,2025-12-24T20:00:00+07:00,SELL,4491.9,4496.3,4461.34,BE,-0.2,S418 SELL ICT Confluence 7R score=40,concepts=FVG+OB buy=0 sell=40
2025-12-24T20:05:00+07:00,2025-12-24T20:10:00+07:00,BUY,4483.94,4482.65,4493.29,SL,-1.49,S418 BUY ICT Confluence 7R score=40,concepts=OB+SWEEP buy=40 sell=0
2025-12-26T09:30:00+07:00,2025-12-26T09:40:00+07:00,BUY,4497.8,4491.9,4538.78,BE,-0.2,S418 BUY ICT Confluence 7R score=40,concepts=FVG+SWEEP buy=40 sell=0
2025-12-26T12:30:00+07:00,2025-12-26T12:35:00+07:00,SELL,4510.28,4514.41,4484.97,SL,-4.33,S418 SELL ICT Confluence 7R score=40,concepts=OB+SWEEP buy=0 sell=40
2025-12-26T14:40:00+07:00,2025-12-26T14:45:00+07:00,BUY,4508.37,4507.74,4513.18,SL,-0.83,S418 BUY ICT Confluence 7R score=40,concepts=FVG+OB buy=40 sell=0
2025-12-26T15:45:00+07:00,2025-12-26T15:55:00+07:00,SELL,4516.85,4518.44,4506.2,BE,-0.2,S418 SELL ICT Confluence 7R score=40,concepts=OB+SWEEP buy=0 sell=40
2025-12-26T16:00:00+07:00,2025-12-26T16:20:00+07:00,SELL,4517.66,4520.87,4495.03,BE,-0.2,S418 SELL ICT Confluence 7R score=40,concepts=OB+SWEEP buy=0 sell=40
2025-12-26T20:00:00+07:00,2025-12-26T20:10:00+07:00,SELL,4514.43,4515.4,4508.28,BE,-0.2,S418 SELL ICT Confluence 7R score=40,concepts=OB+SWEEP buy=0 sell=40
2025-12-26T20:30:00+07:00,2025-12-26T20:35:00+07:00,SELL,4518.58,4522.8,4488.88,SL,-4.42,S418 SELL ICT Confluence 7R score=40,concepts=FVG+SWEEP buy=0 sell=40
2025-12-29T10:10:00+07:00,2025-12-29T10:20:00+07:00,SELL,4515.17,4519.38,4486.98,BE,-0.2,S418 SELL ICT Confluence 7R score=40,concepts=FVG+SWEEP buy=0 sell=40
2025-12-29T10:25:00+07:00,2025-12-29T10:35:00+07:00,SELL,4512.87,4519.3,4467.14,SL,-6.63,S418 SELL ICT Confluence 7R score=40,concepts=FVG+OB buy=20 sell=40
2025-12-29T10:50:00+07:00,2025-12-29T11:00:00+07:00,SELL,4514.93,4520.89,4473.05,BE,-0.2,S418 SELL ICT Confluence 7R score=40,concepts=FVG+OB buy=20 sell=40
2025-12-29T11:15:00+07:00,2025-12-29T11:25:00+07:00,SELL,4514.4,4520.9,4469.22,BE,-0.2,S418 SELL ICT Confluence 7R score=40,concepts=FVG+OB buy=20 sell=40
2025-12-29T12:05:00+07:00,2025-12-29T12:55:00+07:00,BUY,4509.86,4507.76,4524.72,BE,-0.2,S418 BUY ICT Confluence 7R score=40,concepts=FVG+OB buy=40 sell=20
2025-12-30T02:15:00+07:00,2025-12-30T02:30:00+07:00,SELL,4333.69,4337.06,4309.94,BE,-0.2,S418 SELL ICT Confluence 7R score=40,concepts=FVG+SWEEP buy=0 sell=40
2025-12-30T02:35:00+07:00,2025-12-30T02:45:00+07:00,SELL,4333.15,4337.02,4307.18,BE,-0.2,S418 SELL ICT Confluence 7R score=40,concepts=FVG+OB buy=0 sell=40
2025-12-30T02:50:00+07:00,2025-12-30T02:55:00+07:00,SELL,4332.65,4336.92,4303.16,SL,-4.47,S418 SELL ICT Confluence 7R score=40,concepts=FVG+OB buy=0 sell=40
2025-12-30T03:35:00+07:00,2025-12-30T03:55:00+07:00,BUY,4330.18,4325.48,4362.12,BE,-0.2,S418 BUY ICT Confluence 7R score=40,concepts=OB+SWEEP buy=40 sell=20
2025-12-30T04:55:00+07:00,2025-12-30T06:15:00+07:00,BUY,4335.36,4325.51,4369.75,BE,-0.2,S418 BUY ICT Confluence 7R score=40,concepts=FVG+OB buy=40 sell=0
2025-12-30T07:10:00+07:00,2025-12-30T07:15:00+07:00,SELL,4346.83,4348.19,4337.47,SL,-1.56,S418 SELL ICT Confluence 7R score=40,concepts=FVG+SWEEP buy=0 sell=40
2025-12-30T07:25:00+07:00,2025-12-30T08:00:00+07:00,SELL,4349.34,4351.4,4334.28,TP,14.86,S418 SELL ICT Confluence 7R score=40,concepts=FVG+SWEEP buy=0 sell=40
2025-12-30T17:10:00+07:00,2025-12-30T17:15:00+07:00,SELL,4376.23,4376.89,4368.89,SL,-0.86,S418 SELL ICT Confluence 7R score=40,concepts=FVG+OB buy=0 sell=40
2025-12-30T23:00:00+07:00,2025-12-30T23:10:00+07:00,BUY,4362.56,4355.0,4415.56,BE,-0.2,S418 BUY ICT Confluence 7R score=40,concepts=FVG+OB buy=40 sell=0
2025-12-30T23:35:00+07:00,2025-12-31T01:40:00+07:00,BUY,4363.68,4354.18,4430.02,BE,-0.2,S418 BUY ICT Confluence 7R score=40,concepts=FVG+OB buy=40 sell=0
2025-12-31T01:45:00+07:00,2025-12-31T01:55:00+07:00,BUY,4366.92,4362.22,4399.74,BE,-0.2,S418 BUY ICT Confluence 7R score=40,concepts=OB+SWEEP buy=40 sell=20
2025-12-31T02:35:00+07:00,2025-12-31T02:45:00+07:00,BUY,4362.87,4359.71,4384.83,SL,-3.36,S418 BUY ICT Confluence 7R score=60,concepts=FVG+OB+SWEEP buy=60 sell=0
2025-12-31T03:00:00+07:00,2025-12-31T03:10:00+07:00,BUY,4341.67,4336.89,4375.69,BE,-0.2,S418 BUY ICT Confluence 7R score=40,concepts=OB+SWEEP buy=40 sell=0
2025-12-31T04:50:00+07:00,2025-12-31T04:55:00+07:00,BUY,4338.44,4336.52,4352.12,SL,-2.12,S418 BUY ICT Confluence 7R score=40,concepts=OB+SWEEP buy=40 sell=0
2025-12-31T07:00:00+07:00,2025-12-31T07:10:00+07:00,SELL,4341.99,4350.13,4283.89,BE,-0.2,S418 SELL ICT Confluence 7R score=40,concepts=FVG+OB buy=0 sell=40
2025-12-31T07:35:00+07:00,2025-12-31T07:55:00+07:00,SELL,4343.34,4346.8,4319.2,BE,-0.2,S418 SELL ICT Confluence 7R score=40,concepts=FVG+OB buy=0 sell=40
2025-12-31T08:25:00+07:00,2025-12-31T08:30:00+07:00,SELL,4354.8,4361.54,4307.78,SL,-6.94,S418 SELL ICT Confluence 7R score=40,concepts=FVG+SWEEP buy=0 sell=40
2025-12-31T19:25:00+07:00,2025-12-31T20:45:00+07:00,BUY,4306.97,4302.75,4337.47,TP,30.3,S418 BUY ICT Confluence 7R score=40,concepts=OB+SWEEP buy=40 sell=0
2025-12-31T21:00:00+07:00,2025-12-31T21:15:00+07:00,SELL,4341.29,4349.29,4285.37,BE,-0.2,S418 SELL ICT Confluence 7R score=40,concepts=OB+SWEEP buy=20 sell=40
2025-12-31T23:35:00+07:00,2025-12-31T23:40:00+07:00,BUY,4322.62,4320.29,4338.45,SL,-2.53,S418 BUY ICT Confluence 7R score=40,concepts=FVG+SWEEP buy=40 sell=0
2025-12-31T23:45:00+07:00,2025-12-31T23:55:00+07:00,BUY,4322.37,4316.63,4362.79,BE,-0.2,S418 BUY ICT Confluence 7R score=40,concepts=FVG+SWEEP buy=40 sell=0
2026-01-01T00:55:00+07:00,2026-01-01T01:30:00+07:00,BUY,4321.92,4316.82,4357.54,BE,-0.2,S418 BUY ICT Confluence 7R score=40,concepts=FVG+OB buy=40 sell=0
2026-01-01T01:40:00+07:00,2026-01-01T01:45:00+07:00,BUY,4321.97,4317.73,4352.37,SL,-4.44,S418 BUY ICT Confluence 7R score=40,concepts=FVG+OB buy=40 sell=0
2026-01-01T01:55:00+07:00,2026-01-01T02:05:00+07:00,BUY,4320.05,4315.25,4350.77,BE,-0.2,S418 BUY ICT Confluence 7R score=40,concepts=FVG+OB buy=40 sell=0
2026-01-01T02:20:00+07:00,2026-01-01T02:30:00+07:00,BUY,4319.47,4315.28,4348.64,SL,-4.39,S418 BUY ICT Confluence 7R score=40,concepts=FVG+OB buy=40 sell=20
2026-01-01T03:30:00+07:00,2026-01-01T03:40:00+07:00,SELL,4320.95,4324.73,4296.65,BE,-0.2,S418 SELL ICT Confluence 7R score=40,concepts=OB+SWEEP buy=20 sell=40
2026-01-02T06:30:00+07:00,2026-01-02T06:35:00+07:00,SELL,4340.82,4343.22,4322.5,SL,-2.6,S418 SELL ICT Confluence 7R score=40,concepts=FVG+SWEEP buy=0 sell=40
2026-01-02T06:45:00+07:00,2026-01-02T06:50:00+07:00,SELL,4343.34,4346.61,4320.29,SL,-3.47,S418 SELL ICT Confluence 7R score=40,concepts=FVG+SWEEP buy=20 sell=40
2026-01-02T14:40:00+07:00,2026-01-02T20:25:00+07:00,BUY,4375.79,4371.73,4404.61,BE,-0.2,S418 BUY ICT Confluence 7R score=40,concepts=FVG+OB buy=40 sell=0
2026-01-03T01:15:00+07:00,2026-01-03T01:25:00+07:00,BUY,4318.48,4310.66,4372.82,BE,-0.2,S418 BUY ICT Confluence 7R score=40,concepts=OB+SWEEP buy=40 sell=20
2026-01-05T09:40:00+07:00,2026-01-05T10:55:00+07:00,BUY,4399.98,4388.01,4483.61,BE,-0.2,S418 BUY ICT Confluence 7R score=40,concepts=FVG+OB buy=40 sell=0
2026-01-05T13:00:00+07:00,2026-01-05T13:10:00+07:00,SELL,4413.94,4416.81,4393.61,BE,-0.2,S418 SELL ICT Confluence 7R score=40,concepts=OB+SWEEP buy=0 sell=40
2026-01-06T00:05:00+07:00,2026-01-06T00:40:00+07:00,BUY,4439.53,4431.65,4495.01,BE,-0.2,S418 BUY ICT Confluence 7R score=40,concepts=OB+SWEEP buy=40 sell=0
2026-01-06T01:10:00+07:00,2026-01-06T01:50:00+07:00,SELL,4447.23,4454.9,4392.82,BE,-0.2,S418 SELL ICT Confluence 7R score=40,concepts=FVG+OB buy=0 sell=40
2026-01-06T02:00:00+07:00,2026-01-06T02:05:00+07:00,SELL,4448.26,4449.73,4437.49,TP,10.57,S418 SELL ICT Confluence 7R score=40,concepts=FVG+SWEEP buy=0 sell=40
2026-01-06T02:10:00+07:00,2026-01-06T02:20:00+07:00,BUY,4439.67,4434.81,4477.13,BE,-0.2,S418 BUY ICT Confluence 7R score=40,concepts=OB+SWEEP buy=40 sell=0
2026-01-06T02:30:00+07:00,2026-01-06T02:40:00+07:00,SELL,4444.88,4449.8,4411.72,BE,-0.2,S418 SELL ICT Confluence 7R score=40,concepts=FVG+OB buy=20 sell=40
2026-01-06T02:45:00+07:00,2026-01-06T03:00:00+07:00,SELL,4443.41,4449.76,4399.12,BE,-0.2,S418 SELL ICT Confluence 7R score=40,concepts=FVG+OB buy=20 sell=40
2026-01-06T03:10:00+07:00,2026-01-06T03:20:00+07:00,SELL,4444.02,4449.77,4403.05,BE,-0.2,S418 SELL ICT Confluence 7R score=40,concepts=FVG+OB buy=20 sell=40
2026-01-06T03:25:00+07:00,2026-01-06T03:55:00+07:00,SELL,4445.53,4449.7,4416.82,BE,-0.2,S418 SELL ICT Confluence 7R score=40,concepts=FVG+OB buy=0 sell=40
2026-01-06T04:00:00+07:00,2026-01-06T04:10:00+07:00,SELL,4446.4,4448.06,4434.7,BE,-0.2,S418 SELL ICT Confluence 7R score=40,concepts=FVG+SWEEP buy=0 sell=40
2026-01-06T04:15:00+07:00,2026-01-06T06:30:00+07:00,BUY,4443.59,4437.68,4485.04,BE,-0.2,S418 BUY ICT Confluence 7R score=40,concepts=FVG+OB buy=40 sell=20
2026-01-06T06:55:00+07:00,2026-01-06T07:05:00+07:00,BUY,4440.55,4436.15,4471.75,BE,-0.2,S418 BUY ICT Confluence 7R score=40,concepts=OB+SWEEP buy=40 sell=0
2026-01-06T09:45:00+07:00,2026-01-06T10:00:00+07:00,SELL,4456.03,4461.66,4416.7,BE,-0.2,S418 SELL ICT Confluence 7R score=40,concepts=FVG+OB buy=0 sell=40
2026-01-06T11:10:00+07:00,2026-01-06T11:20:00+07:00,SELL,4465.71,4468.9,4444.26,BE,-0.2,S418 SELL ICT Confluence 7R score=40,concepts=OB+SWEEP buy=0 sell=40
2026-01-06T17:00:00+07:00,2026-01-06T20:10:00+07:00,BUY,4445.32,4442.11,4466.75,TP,21.23,S418 BUY ICT Confluence 7R score=40,concepts=FVG+SWEEP buy=40 sell=0
2026-01-06T20:35:00+07:00,2026-01-06T20:45:00+07:00,BUY,4458.88,4455.01,4486.29,BE,-0.2,S418 BUY ICT Confluence 7R score=40,concepts=FVG+SWEEP buy=40 sell=0
2026-01-06T21:00:00+07:00,2026-01-06T21:05:00+07:00,SELL,4467.47,4471.97,4436.05,SL,-4.7,S418 SELL ICT Confluence 7R score=40,concepts=OB+SWEEP buy=0 sell=40
2026-01-06T21:15:00+07:00,2026-01-06T21:25:00+07:00,SELL,4467.19,4473.81,4421.09,BE,-0.2,S418 SELL ICT Confluence 7R score=40,concepts=OB+SWEEP buy=20 sell=40
2026-01-07T07:15:00+07:00,2026-01-07T07:25:00+07:00,BUY,4490.51,4489.45,4498.01,BE,-0.2,S418 BUY ICT Confluence 7R score=40,concepts=FVG+SWEEP buy=40 sell=0
2026-01-07T08:00:00+07:00,2026-01-07T08:05:00+07:00,BUY,4483.26,4480.05,4506.61,SL,-3.41,S418 BUY ICT Confluence 7R score=40,concepts=OB+SWEEP buy=40 sell=0
2026-01-07T08:15:00+07:00,2026-01-07T08:30:00+07:00,BUY,4472.73,4468.83,4499.95,BE,-0.2,S418 BUY ICT Confluence 7R score=40,concepts=FVG+SWEEP buy=40 sell=0
2026-01-07T11:00:00+07:00,2026-01-07T11:15:00+07:00,BUY,4473.24,4468.05,4510.05,SL,-5.39,S418 BUY ICT Confluence 7R score=40,concepts=FVG+OB buy=40 sell=0
2026-01-07T13:45:00+07:00,2026-01-07T13:55:00+07:00,BUY,4446.27,4441.0,4483.32,BE,-0.2,S418 BUY ICT Confluence 7R score=40,concepts=OB+SWEEP buy=40 sell=0
2026-01-07T15:20:00+07:00,2026-01-07T15:30:00+07:00,SELL,4466.46,4468.98,4448.74,BE,-0.2,S418 SELL ICT Confluence 7R score=40,concepts=FVG+SWEEP buy=0 sell=40
2026-01-07T17:25:00+07:00,2026-01-07T18:20:00+07:00,BUY,4459.98,4458.48,4470.4,BE,-0.2,S418 BUY ICT Confluence 7R score=40,concepts=OB+SWEEP buy=40 sell=0
2026-01-07T18:25:00+07:00,2026-01-07T18:30:00+07:00,BUY,4459.14,4454.99,4487.87,SL,-4.35,S418 BUY ICT Confluence 7R score=40,concepts=OB+SWEEP buy=40 sell=0
2026-01-08T01:15:00+07:00,2026-01-08T02:05:00+07:00,BUY,4450.23,4446.87,4475.43,BE,-0.2,S418 BUY ICT Confluence 7R score=40,concepts=FVG+SWEEP buy=40 sell=0
2026-01-08T02:15:00+07:00,2026-01-08T02:25:00+07:00,BUY,4448.28,4445.03,4470.95,BE,-0.2,S418 BUY ICT Confluence 7R score=40,concepts=FVG+SWEEP buy=40 sell=0
2026-01-08T02:35:00+07:00,2026-01-08T02:50:00+07:00,SELL,4454.92,4459.27,4425.03,BE,-0.2,S418 SELL ICT Confluence 7R score=40,concepts=FVG+OB buy=20 sell=40
2026-01-08T04:20:00+07:00,2026-01-08T04:40:00+07:00,BUY,4453.68,4449.47,4482.99,BE,-0.2,S418 BUY ICT Confluence 7R score=40,concepts=FVG+OB buy=40 sell=20
2026-01-08T04:45:00+07:00,2026-01-08T07:35:00+07:00,BUY,4453.02,4449.53,4477.69,BE,-0.2,S418 BUY ICT Confluence 7R score=40,concepts=FVG+OB buy=40 sell=0
2026-01-08T10:25:00+07:00,2026-01-08T22:05:00+07:00,SELL,4444.25,4450.08,4403.36,BE,-0.2,S418 SELL ICT Confluence 7R score=40,concepts=FVG+OB buy=0 sell=40
2026-01-09T01:05:00+07:00,2026-01-09T01:20:00+07:00,BUY,4455.42,4451.23,4484.59,BE,-0.2,S418 BUY ICT Confluence 7R score=40,concepts=FVG+OB buy=40 sell=0
2026-01-09T01:40:00+07:00,2026-01-09T01:50:00+07:00,BUY,4452.24,4447.57,4484.77,BE,-0.2,S418 BUY ICT Confluence 7R score=40,concepts=OB+SWEEP buy=40 sell=0
2026-01-09T02:15:00+07:00,2026-01-09T02:25:00+07:00,BUY,4448.57,4444.41,4477.85,BE,-0.2,S418 BUY ICT Confluence 7R score=40,concepts=OB+SWEEP buy=40 sell=0
2026-01-09T08:15:00+07:00,2026-01-09T08:25:00+07:00,BUY,4453.33,4452.55,4458.63,TP,5.1,S418 BUY ICT Confluence 7R score=40,concepts=FVG+OB buy=40 sell=0
2026-01-09T11:35:00+07:00,2026-01-09T12:10:00+07:00,BUY,4461.92,4460.21,4474.37,BE,-0.2,S418 BUY ICT Confluence 7R score=40,concepts=FVG+OB buy=40 sell=0
2026-01-09T12:15:00+07:00,2026-01-09T12:20:00+07:00,BUY,4463.79,4459.82,4490.7,SL,-4.17,S418 BUY ICT Confluence 7R score=40,concepts=OB+SWEEP buy=40 sell=20
2026-01-09T15:30:00+07:00,2026-01-09T15:40:00+07:00,BUY,4470.28,4466.02,4500.18,SL,-4.46,S418 BUY ICT Confluence 7R score=40,concepts=FVG+OB buy=40 sell=0
2026-01-09T15:45:00+07:00,2026-01-09T15:50:00+07:00,BUY,4466.96,4464.91,4480.75,SL,-2.25,S418 BUY ICT Confluence 7R score=60,concepts=FVG+OB+SWEEP buy=60 sell=0
2026-01-09T16:20:00+07:00,2026-01-09T16:30:00+07:00,SELL,4474.62,4477.87,4452.91,BE,-0.2,S418 SELL ICT Confluence 7R score=40,concepts=OB+SWEEP buy=0 sell=40
2026-01-09T19:25:00+07:00,2026-01-09T19:30:00+07:00,BUY,4467.8,4466.77,4475.41,SL,-1.23,S418 BUY ICT Confluence 7R score=40,concepts=FVG+OB buy=40 sell=0
2026-01-09T22:00:00+07:00,2026-01-09T22:05:00+07:00,SELL,4493.63,4500.12,4448.68,SL,-6.69,S418 SELL ICT Confluence 7R score=40,concepts=OB+SWEEP buy=0 sell=40
2026-01-10T04:20:00+07:00,2026-01-10T04:40:00+07:00,SELL,4509.9,4510.82,4503.78,BE,-0.2,S418 SELL ICT Confluence 7R score=40,concepts=FVG+SWEEP buy=0 sell=40
2026-01-10T04:45:00+07:00,2026-01-12T06:00:00+07:00,SELL,4510.38,4511.45,4501.93,BE,-0.2,S418 SELL ICT Confluence 7R score=40,concepts=FVG+SWEEP buy=0 sell=40
2026-01-12T11:00:00+07:00,2026-01-12T11:10:00+07:00,BUY,4567.3,4562.15,4603.27,BE,-0.2,S418 BUY ICT Confluence 7R score=40,concepts=FVG+OB buy=40 sell=0
2026-01-12T11:25:00+07:00,2026-01-12T11:30:00+07:00,BUY,4568.67,4565.22,4593.22,SL,-3.65,S418 BUY ICT Confluence 7R score=40,concepts=FVG+OB buy=40 sell=0
2026-01-12T14:20:00+07:00,2026-01-12T14:35:00+07:00,SELL,4584.08,4587.93,4557.45,BE,-0.2,S418 SELL ICT Confluence 7R score=40,concepts=OB+SWEEP buy=0 sell=40
2026-01-12T18:30:00+07:00,2026-01-12T18:45:00+07:00,BUY,4587.35,4583.53,4614.89,BE,-0.2,S418 BUY ICT Confluence 7R score=40,concepts=OB+SWEEP buy=40 sell=0
2026-01-12T18:55:00+07:00,2026-01-12T19:05:00+07:00,BUY,4584.97,4581.45,4611.93,BE,-0.2,S418 BUY ICT Confluence 7R score=40,concepts=FVG+SWEEP buy=40 sell=0
2026-01-12T19:15:00+07:00,2026-01-12T19:20:00+07:00,BUY,4580.61,4578.65,4596.01,SL,-2.16,S418 BUY ICT Confluence 7R score=40,concepts=FVG+SWEEP buy=40 sell=0
2026-01-12T20:40:00+07:00,2026-01-12T20:45:00+07:00,SELL,4609.13,4613.72,4576.04,SL,-4.79,S418 SELL ICT Confluence 7R score=40,concepts=OB+SWEEP buy=0 sell=40
2026-01-13T01:25:00+07:00,2026-01-13T01:40:00+07:00,BUY,4605.55,4600.17,4643.37,BE,-0.2,S418 BUY ICT Confluence 7R score=40,concepts=OB+SWEEP buy=40 sell=0
2026-01-13T10:00:00+07:00,2026-01-13T10:05:00+07:00,SELL,4595.39,4596.79,4585.27,SL,-1.6,S418 SELL ICT Confluence 7R score=40,concepts=FVG+SWEEP buy=20 sell=40
2026-01-13T11:05:00+07:00,2026-01-13T11:40:00+07:00,SELL,4595.96,4599.95,4568.35,BE,-0.2,S418 SELL ICT Confluence 7R score=40,concepts=FVG+OB buy=0 sell=40
2026-01-13T11:50:00+07:00,2026-01-13T12:00:00+07:00,SELL,4597.3,4600.02,4579.22,BE,-0.2,S418 SELL ICT Confluence 7R score=40,concepts=FVG+OB buy=20 sell=40
2026-01-13T12:20:00+07:00,2026-01-13T12:25:00+07:00,SELL,4597.98,4600.04,4583.48,SL,-2.26,S418 SELL ICT Confluence 7R score=40,concepts=FVG+OB buy=0 sell=40
2026-01-13T13:45:00+07:00,2026-01-13T13:55:00+07:00,BUY,4579.72,4573.2,4625.2,BE,-0.2,S418 BUY ICT Confluence 7R score=40,concepts=OB+SWEEP buy=40 sell=0
2026-01-13T14:45:00+07:00,2026-01-13T14:55:00+07:00,BUY,4579.0,4573.26,4619.42,BE,-0.2,S418 BUY ICT Confluence 7R score=40,concepts=FVG+OB buy=40 sell=0
2026-01-13T15:40:00+07:00,2026-01-13T15:50:00+07:00,SELL,4593.65,4597.46,4566.18,BE,-0.2,S418 SELL ICT Confluence 7R score=40,concepts=FVG+SWEEP buy=20 sell=40
2026-01-13T17:10:00+07:00,2026-01-13T17:30:00+07:00,BUY,4583.52,4580.09,4607.77,BE,-0.2,S418 BUY ICT Confluence 7R score=40,concepts=FVG+SWEEP buy=40 sell=0
2026-01-13T19:50:00+07:00,2026-01-13T19:55:00+07:00,SELL,4591.15,4593.85,4572.49,SL,-2.9,S418 SELL ICT Confluence 7R score=40,concepts=FVG+SWEEP buy=0 sell=40
2026-01-14T06:55:00+07:00,2026-01-14T07:00:00+07:00,SELL,4597.04,4599.1,4582.78,SL,-2.26,S418 SELL ICT Confluence 7R score=40,concepts=OB+SWEEP buy=0 sell=40
2026-01-14T08:40:00+07:00,2026-01-14T08:50:00+07:00,SELL,4614.73,4619.27,4582.87,BE,-0.2,S418 SELL ICT Confluence 7R score=40,concepts=OB+SWEEP buy=0 sell=40
2026-01-14T09:00:00+07:00,2026-01-14T09:10:00+07:00,SELL,4618.2,4621.35,4596.47,BE,-0.2,S418 SELL ICT Confluence 7R score=40,concepts=OB+SWEEP buy=20 sell=40
2026-01-14T10:25:00+07:00,2026-01-14T10:55:00+07:00,BUY,4615.23,4613.11,4629.99,TP,14.56,S418 BUY ICT Confluence 7R score=40,concepts=OB+SWEEP buy=40 sell=20
2026-01-14T12:30:00+07:00,2026-01-14T12:40:00+07:00,SELL,4638.42,4640.06,4626.62,BE,-0.2,S418 SELL ICT Confluence 7R score=40,concepts=OB+SWEEP buy=0 sell=40
2026-01-14T15:10:00+07:00,2026-01-14T15:20:00+07:00,BUY,4627.5,4623.33,4656.13,SL,-4.37,S418 BUY ICT Confluence 7R score=40,concepts=OB+SWEEP buy=40 sell=0
2026-01-14T15:25:00+07:00,2026-01-14T20:30:00+07:00,BUY,4625.04,4621.61,4649.21,BE,-0.2,S418 BUY ICT Confluence 7R score=40,concepts=OB+SWEEP buy=40 sell=0
2026-01-15T00:25:00+07:00,2026-01-15T00:35:00+07:00,BUY,4611.41,4605.03,4655.59,BE,-0.2,S418 BUY ICT Confluence 7R score=40,concepts=OB+SWEEP buy=40 sell=20
2026-01-15T01:40:00+07:00,2026-01-15T01:50:00+07:00,SELL,4631.39,4634.02,4613.06,BE,-0.2,S418 SELL ICT Confluence 7R score=40,concepts=FVG+SWEEP buy=0 sell=40
2026-01-15T08:10:00+07:00,2026-01-15T08:20:00+07:00,BUY,4609.12,4602.66,4654.26,BE,-0.2,S418 BUY ICT Confluence 7R score=40,concepts=FVG+OB buy=40 sell=0
2026-01-15T14:55:00+07:00,2026-01-15T15:00:00+07:00,BUY,4601.78,4598.86,4622.62,SL,-3.12,S418 BUY ICT Confluence 7R score=40,concepts=FVG+SWEEP buy=40 sell=0
2026-01-15T19:45:00+07:00,2026-01-15T19:50:00+07:00,BUY,4614.2,4613.15,4622.75,SL,-1.25,S418 BUY ICT Confluence 7R score=40,concepts=FVG+SWEEP buy=40 sell=0
2026-01-15T23:55:00+07:00,2026-01-16T03:10:00+07:00,BUY,4605.57,4600.72,4639.6,BE,-0.2,S418 BUY ICT Confluence 7R score=40,concepts=OB+SWEEP buy=40 sell=20
2026-01-16T08:35:00+07:00,2026-01-16T12:40:00+07:00,SELL,4605.62,4611.77,4562.41,BE,-0.2,S418 SELL ICT Confluence 7R score=40,concepts=FVG+OB buy=0 sell=40
2026-01-16T13:45:00+07:00,2026-01-16T13:55:00+07:00,BUY,4596.72,4593.62,4618.58,BE,-0.2,S418 BUY ICT Confluence 7R score=40,concepts=OB+SWEEP buy=40 sell=0
2026-01-16T15:20:00+07:00,2026-01-16T17:15:00+07:00,SELL,4609.55,4612.44,4589.64,BE,-0.2,S418 SELL ICT Confluence 7R score=40,concepts=FVG+OB buy=0 sell=40
2026-01-16T18:00:00+07:00,2026-01-16T18:10:00+07:00,BUY,4601.46,4598.3,4623.02,BE,-0.2,S418 BUY ICT Confluence 7R score=40,concepts=OB+SWEEP buy=40 sell=0
2026-01-16T19:50:00+07:00,2026-01-16T20:00:00+07:00,BUY,4600.31,4597.05,4623.21,BE,-0.2,S418 BUY ICT Confluence 7R score=40,concepts=FVG+SWEEP buy=40 sell=20
2026-01-16T21:40:00+07:00,2026-01-16T21:45:00+07:00,SELL,4608.73,4612.33,4583.61,SL,-3.8,S418 SELL ICT Confluence 7R score=40,concepts=FVG+SWEEP buy=0 sell=40
2026-01-17T01:35:00+07:00,2026-01-17T01:45:00+07:00,SELL,4593.0,4596.58,4566.1,BE,-0.2,S418 SELL ICT Confluence 7R score=40,concepts=FVG+SWEEP buy=0 sell=40
2026-01-17T03:00:00+07:00,2026-01-17T03:30:00+07:00,SELL,4594.79,4596.5,4581.86,TP,12.73,S418 SELL ICT Confluence 7R score=40,concepts=FVG+OB buy=0 sell=40
2026-01-17T04:20:00+07:00,2026-01-17T04:30:00+07:00,SELL,4593.48,4599.08,4554.68,BE,-0.2,S418 SELL ICT Confluence 7R score=40,concepts=FVG+SWEEP buy=0 sell=40
2026-01-17T04:35:00+07:00,2026-01-17T04:45:00+07:00,SELL,4594.96,4599.08,4566.68,BE,-0.2,S418 SELL ICT Confluence 7R score=40,concepts=FVG+OB buy=0 sell=40
