signal_time,exit_time,direction,entry,sl,tp,outcome,profit,pattern,reason
2025-07-18T15:20:00+07:00,2025-07-18T15:30:00+07:00,BUY,3346.13,3343.26,3365.18,BE,-0.2,S419 BUY Orochi BREAKOUT@VAH 7R,BREAKOUT@VAH val=3327.36 vah=3344.76 poc=3340.41 vwap=3335.97
2025-07-18T15:40:00+07:00,2025-07-18T15:50:00+07:00,BUY,3347.9,3345.89,3362.29,BE,-0.2,S419 BUY Orochi BREAKOUT@VAH 7R,BREAKOUT@VAH val=3327.36 vah=3344.76 poc=3340.41 vwap=3335.76
2025-07-18T15:55:00+07:00,2025-07-18T16:10:00+07:00,BUY,3349.94,3347.33,3367.25,BE,-0.2,S419 BUY Orochi BREAKOUT@VAH 7R,BREAKOUT@VAH val=3327.36 vah=3344.76 poc=3340.41 vwap=3335.66
2025-07-18T16:15:00+07:00,2025-07-18T16:25:00+07:00,BUY,3346.84,3345.83,3353.51,BE,-0.2,S419 BUY Orochi BREAKOUT@VAH 7R,BREAKOUT@VAH val=3328.60 vah=3344.76 poc=3340.41 vwap=3335.50
2025-07-18T16:30:00+07:00,2025-07-18T16:40:00+07:00,BUY,3348.62,3346.33,3364.25,BE,-0.2,S419 BUY Orochi BREAKOUT@VAH 7R,BREAKOUT@VAH val=3328.60 vah=3344.76 poc=3340.41 vwap=3335.43
2025-07-18T16:45:00+07:00,2025-07-18T16:55:00+07:00,BUY,3348.79,3347.18,3360.38,BE,-0.2,S419 BUY Orochi BREAKOUT@VAH 7R,BREAKOUT@VAH val=3328.50 vah=3345.63 poc=3340.12 vwap=3335.29
2025-07-18T17:00:00+07:00,2025-07-18T18:00:00+07:00,BUY,3349.24,3346.6,3367.64,BE,-0.2,S419 BUY Orochi BREAKOUT@VAH 7R,BREAKOUT@VAH val=3328.18 vah=3345.55 poc=3340.34 vwap=3335.21
2025-07-18T18:05:00+07:00,2025-07-18T18:15:00+07:00,BUY,3349.96,3347.38,3367.86,BE,-0.2,S419 BUY Orochi BREAKOUT@VAH 7R,BREAKOUT@VAH val=3328.63 vah=3345.28 poc=3339.56 vwap=3334.81
2025-07-18T18:20:00+07:00,2025-07-18T18:35:00+07:00,BUY,3351.0,3348.78,3366.46,BE,-0.2,S419 BUY Orochi BREAKOUT@VAH 7R,BREAKOUT@VAH val=3329.67 vah=3345.28 poc=3339.56 vwap=3334.69
2025-07-18T18:40:00+07:00,2025-07-18T18:55:00+07:00,BUY,3351.78,3350.41,3361.21,SL,-1.57,S419 BUY Orochi BREAKOUT@VAH 7R,BREAKOUT@VAH val=3328.98 vah=3345.00 poc=3339.82 vwap=3334.41
2025-07-18T19:00:00+07:00,2025-07-18T19:10:00+07:00,BUY,3352.45,3349.44,3374.48,BE,-0.2,S419 BUY Orochi BREAKOUT@VAH 7R,BREAKOUT@VAH val=3328.91 vah=3343.80 poc=3339.61 vwap=3334.17
2025-07-18T19:15:00+07:00,2025-07-18T19:25:00+07:00,BUY,3352.93,3351.1,3365.26,BE,-0.2,S419 BUY Orochi BREAKOUT@VAH 7R,BREAKOUT@VAH val=3328.91 vah=3343.80 poc=3339.61 vwap=3334.02
2025-07-18T19:30:00+07:00,2025-07-18T21:35:00+07:00,BUY,3353.51,3351.65,3366.69,BE,-0.2,S419 BUY Orochi BREAKOUT@VAH 7R,BREAKOUT@VAH val=3328.91 vah=3343.80 poc=3339.61 vwap=3333.86
2025-07-18T21:45:00+07:00,2025-07-18T22:15:00+07:00,BUY,3354.17,3351.92,3370.08,BE,-0.2,S419 BUY Orochi BREAKOUT@VAH 7R,BREAKOUT@VAH val=3331.79 vah=3353.75 poc=3338.78 vwap=3335.43
2025-07-18T22:25:00+07:00,2025-07-18T23:00:00+07:00,BUY,3354.07,3352.25,3365.61,BE,-0.2,S419 BUY Orochi BREAKOUT@VAH 7R,BREAKOUT@VAH val=3331.79 vah=3353.75 poc=3338.78 vwap=3335.43
2025-07-18T23:05:00+07:00,2025-07-18T23:15:00+07:00,BUY,3354.31,3352.4,3367.52,BE,-0.2,S419 BUY Orochi BREAKOUT@VAH 7R,BREAKOUT@VAH val=3331.79 vah=3353.75 poc=3338.78 vwap=3335.43
2025-07-18T23:25:00+07:00,2025-07-18T23:40:00+07:00,BUY,3353.95,3352.39,3365.03,BE,-0.2,S419 BUY Orochi BREAKOUT@VAH 7R,BREAKOUT@VAH val=3331.79 vah=3353.75 poc=3338.78 vwap=3335.43
2025-07-18T23:45:00+07:00,2025-07-18T23:55:00+07:00,BUY,3355.13,3353.14,3368.82,BE,-0.2,S419 BUY Orochi BREAKOUT@VAH 7R,BREAKOUT@VAH val=3331.79 vah=3353.75 poc=3338.78 vwap=3335.43
2025-07-19T00:35:00+07:00,2025-07-19T00:45:00+07:00,BUY,3354.99,3352.9,3369.86,BE,-0.2,S419 BUY Orochi BREAKOUT@VAH 7R,BREAKOUT@VAH val=3331.79 vah=3353.75 poc=3338.78 vwap=3335.43
2025-07-21T20:05:00+07:00,2025-07-21T20:10:00+07:00,BUY,3376.3,3374.41,3387.37,SL,-2.09,S419 BUY Orochi BREAKOUT@VAH 7R,BREAKOUT@VAH val=3355.27 vah=3375.70 poc=3364.84 vwap=3361.39
2025-07-21T20:40:00+07:00,2025-07-21T21:00:00+07:00,BUY,3385.91,3382.35,3410.75,BE,-0.2,S419 BUY Orochi BREAKOUT@VAH 7R,BREAKOUT@VAH val=3355.27 vah=3375.70 poc=3364.84 vwap=3361.39
2025-07-21T21:05:00+07:00,2025-07-21T21:15:00+07:00,BUY,3387.48,3384.22,3410.46,BE,-0.2,S419 BUY Orochi BREAKOUT@VAH 7R,BREAKOUT@VAH val=3355.27 vah=3375.70 poc=3364.84 vwap=3361.39
2025-07-21T21:20:00+07:00,2025-07-21T21:30:00+07:00,BUY,3388.31,3385.23,3409.79,SL,-3.28,S419 BUY Orochi BREAKOUT@VAH 7R,BREAKOUT@VAH val=3355.27 vah=3375.70 poc=3364.84 vwap=3361.39
2025-07-21T21:45:00+07:00,2025-07-21T22:00:00+07:00,BUY,3391.24,3386.94,3420.3,SL,-4.5,S419 BUY Orochi BREAKOUT@VAH 7R,BREAKOUT@VAH val=3355.27 vah=3375.70 poc=3364.84 vwap=3361.39
2025-07-21T22:15:00+07:00,2025-07-22T00:45:00+07:00,BUY,3394.69,3390.48,3424.56,BE,-0.2,S419 BUY Orochi BREAKOUT@VAH 7R,BREAKOUT@VAH val=3355.27 vah=3375.70 poc=3364.84 vwap=3361.39
2025-07-22T00:50:00+07:00,2025-07-22T01:00:00+07:00,BUY,3394.64,3393.29,3404.17,BE,-0.2,S419 BUY Orochi BREAKOUT@VAH 7R,BREAKOUT@VAH val=3355.27 vah=3375.70 poc=3364.84 vwap=3361.39
2025-07-22T01:10:00+07:00,2025-07-22T01:15:00+07:00,BUY,3393.18,3392.3,3398.94,SL,-1.08,S419 BUY Orochi BREAKOUT@VAH 7R,BREAKOUT@VAH val=3355.27 vah=3375.70 poc=3364.84 vwap=3361.39
2025-07-22T01:25:00+07:00,2025-07-22T01:35:00+07:00,BUY,3392.32,3391.14,3400.66,BE,-0.2,S419 BUY Orochi BREAKOUT@VAH 7R,BREAKOUT@VAH val=3355.27 vah=3375.70 poc=3364.84 vwap=3361.39
2025-07-22T01:40:00+07:00,2025-07-22T03:00:00+07:00,BUY,3391.97,3391.35,3396.23,TP,4.06,S419 BUY Orochi BREAKOUT@VAH 7R,BREAKOUT@VAH val=3355.27 vah=3375.70 poc=3364.84 vwap=3361.39
2025-07-22T03:05:00+07:00,2025-07-22T07:35:00+07:00,BUY,3396.15,3394.77,3406.13,BE,-0.2,S419 BUY Orochi BREAKOUT@VAH 7R,BREAKOUT@VAH val=3355.27 vah=3375.70 poc=3364.84 vwap=3361.39
2025-07-22T07:40:00+07:00,2025-07-22T08:00:00+07:00,BUY,3394.4,3392.94,3405.02,BE,-0.2,S419 BUY Orochi BREAKOUT@VAH 7R,BREAKOUT@VAH val=3355.27 vah=3375.70 poc=3364.84 vwap=3361.39
2025-07-22T08:05:00+07:00,2025-07-22T08:15:00+07:00,BUY,3391.85,3389.87,3405.63,BE,-0.2,S419 BUY Orochi BREAKOUT@VAH 7R,BREAKOUT@VAH val=3355.27 vah=3375.70 poc=3364.84 vwap=3361.39
2025-07-22T08:20:00+07:00,2025-07-22T08:55:00+07:00,BUY,3393.39,3390.56,3413.28,BE,-0.2,S419 BUY Orochi BREAKOUT@VAH 7R,BREAKOUT@VAH val=3355.27 vah=3375.70 poc=3364.84 vwap=3361.39
2025-07-22T09:00:00+07:00,2025-07-22T09:05:00+07:00,BUY,3394.39,3392.22,3409.66,SL,-2.37,S419 BUY Orochi BREAKOUT@VAH 7R,BREAKOUT@VAH val=3355.27 vah=3375.70 poc=3364.84 vwap=3361.39
2025-07-22T09:10:00+07:00,2025-07-22T09:20:00+07:00,BUY,3392.22,3389.25,3412.21,BE,-0.2,S419 BUY Orochi BREAKOUT@VAH 7R,BREAKOUT@VAH val=3355.27 vah=3375.70 poc=3364.84 vwap=3361.39
2025-07-22T09:25:00+07:00,2025-07-22T09:35:00+07:00,BUY,3391.67,3389.99,3403.67,BE,-0.2,S419 BUY Orochi BREAKOUT@VAH 7R,BREAKOUT@VAH val=3355.27 vah=3375.70 poc=3364.84 vwap=3361.39
2025-07-22T09:40:00+07:00,2025-07-22T09:50:00+07:00,BUY,3388.31,3386.41,3401.37,BE,-0.2,S419 BUY Orochi BREAKOUT@VAH 7R,BREAKOUT@VAH val=3355.27 vah=3375.70 poc=3364.84 vwap=3361.39
2025-07-22T09:55:00+07:00,2025-07-22T13:45:00+07:00,BUY,3385.94,3384.56,3395.92,BE,-0.2,S419 BUY Orochi BREAKOUT@VAH 7R,BREAKOUT@VAH val=3355.27 vah=3375.70 poc=3364.84 vwap=3361.39
2025-07-22T13:50:00+07:00,2025-07-22T14:00:00+07:00,BUY,3385.43,3384.68,3390.36,BE,-0.2,S419 BUY Orochi BREAKOUT@VAH 7R,BREAKOUT@VAH val=3355.27 vah=3375.70 poc=3364.84 vwap=3361.39
2025-07-22T14:05:00+07:00,2025-07-22T14:15:00+07:00,BUY,3386.47,3384.1,3402.9,BE,-0.2,S419 BUY Orochi BREAKOUT@VAH 7R,BREAKOUT@VAH val=3355.27 vah=3375.70 poc=3364.84 vwap=3361.39
2025-07-22T14:25:00+07:00,2025-07-22T14:35:00+07:00,BUY,3384.77,3384.21,3389.25,BE,-0.2,S419 BUY Orochi BREAKOUT@VAH 7R,BREAKOUT@VAH val=3355.27 vah=3375.70 poc=3364.84 vwap=3361.39
2025-07-22T14:45:00+07:00,2025-07-22T14:55:00+07:00,BUY,3385.48,3384.07,3394.95,BE,-0.2,S419 BUY Orochi BREAKOUT@VAH 7R,BREAKOUT@VAH val=3355.27 vah=3375.70 poc=3364.84 vwap=3361.39
2025-07-22T15:00:00+07:00,2025-07-22T15:15:00+07:00,BUY,3385.37,3383.92,3395.6,BE,-0.2,S419 BUY Orochi BREAKOUT@VAH 7R,BREAKOUT@VAH val=3355.27 vah=3375.70 poc=3364.84 vwap=3361.39
2025-07-22T15:25:00+07:00,2025-07-22T16:20:00+07:00,BUY,3383.74,3383.04,3389.04,TP,5.1,S419 BUY Orochi BREAKOUT@VAH 7R,BREAKOUT@VAH val=3355.27 vah=3375.70 poc=3364.84 vwap=3361.39
2025-07-22T16:25:00+07:00,2025-07-22T16:35:00+07:00,BUY,3388.51,3387.65,3394.61,BE,-0.2,S419 BUY Orochi BREAKOUT@VAH 7R,BREAKOUT@VAH val=3355.27 vah=3375.70 poc=3364.84 vwap=3361.39
2025-07-22T16:45:00+07:00,2025-07-22T16:55:00+07:00,BUY,3389.3,3387.65,3400.93,BE,-0.2,S419 BUY Orochi BREAKOUT@VAH 7R,BREAKOUT@VAH val=3355.55 vah=3375.70 poc=3365.00 vwap=3361.65
2025-07-22T17:00:00+07:00,2025-07-22T17:15:00+07:00,BUY,3388.77,3387.67,3395.75,BE,-0.2,S419 BUY Orochi BREAKOUT@VAH 7R,BREAKOUT@VAH val=3355.55 vah=3375.70 poc=3365.00 vwap=3361.74
2025-07-22T17:20:00+07:00,2025-07-22T17:25:00+07:00,BUY,3386.1,3385.47,3390.83,SL,-0.83,S419 BUY Orochi BREAKOUT@VAH 7R,BREAKOUT@VAH val=3355.55 vah=3375.70 poc=3365.00 vwap=3361.85
2025-07-22T17:30:00+07:00,2025-07-22T20:05:00+07:00,BUY,3385.5,3384.34,3393.38,TP,7.68,S419 BUY Orochi BREAKOUT@VAH 7R,BREAKOUT@VAH val=3355.55 vah=3375.70 poc=3365.00 vwap=3361.94
2025-07-22T20:30:00+07:00,2025-07-22T21:05:00+07:00,BUY,3399.02,3397.11,3412.63,TP,13.41,S419 BUY Orochi BREAKOUT@VAH 7R,BREAKOUT@VAH val=3385.02 vah=3397.99 poc=3387.97 vwap=3391.58
2025-07-22T21:10:00+07:00,2025-07-22T21:15:00+07:00,BUY,3409.99,3408.74,3419.06,SL,-1.45,S419 BUY Orochi BREAKOUT@VAH 7R,BREAKOUT@VAH val=3385.02 vah=3397.99 poc=3387.97 vwap=3391.58
2025-07-22T21:20:00+07:00,2025-07-22T21:35:00+07:00,BUY,3413.23,3407.52,3453.12,BE,-0.2,S419 BUY Orochi BREAKOUT@VAH 7R,BREAKOUT@VAH val=3385.02 vah=3397.99 poc=3387.97 vwap=3391.58
2025-07-22T21:40:00+07:00,2025-07-22T21:50:00+07:00,BUY,3416.48,3412.14,3446.94,BE,-0.2,S419 BUY Orochi BREAKOUT@VAH 7R,BREAKOUT@VAH val=3385.02 vah=3397.99 poc=3387.97 vwap=3391.58
2025-07-22T21:55:00+07:00,2025-07-22T22:00:00+07:00,BUY,3412.28,3410.38,3425.82,SL,-2.1,S419 BUY Orochi BREAKOUT@VAH 7R,BREAKOUT@VAH val=3385.02 vah=3397.99 poc=3387.97 vwap=3391.58
2025-07-22T22:05:00+07:00,2025-07-23T21:20:00+07:00,BUY,3411.01,3403.97,3460.13,BE,-0.2,S419 BUY Orochi BREAKOUT@VAH 7R,BREAKOUT@VAH val=3385.02 vah=3397.99 poc=3387.97 vwap=3391.58
2025-07-23T21:35:00+07:00,2025-07-23T21:40:00+07:00,SELL,3407.16,3412.27,3374.51,SL,-5.31,S419 SELL Orochi BREAKOUT@VAL 7R,BREAKOUT@VAL val=3420.99 vah=3432.95 poc=3423.98 vwap=3423.18
2025-07-23T21:45:00+07:00,2025-07-23T21:55:00+07:00,SELL,3412.26,3415.01,3393.49,BE,-0.2,S419 SELL Orochi BREAKOUT@VAL 7R,BREAKOUT@VAL val=3420.99 vah=3432.95 poc=3423.98 vwap=3423.18
2025-07-23T22:00:00+07:00,2025-07-23T22:05:00+07:00,SELL,3416.71,3418.11,3406.03,SL,-1.6,S419 SELL Orochi BREAKOUT@VAL 7R,BREAKOUT@VAL val=3420.99 vah=3432.95 poc=3423.98 vwap=3423.18
2025-07-23T22:10:00+07:00,2025-07-23T22:40:00+07:00,SELL,3416.72,3420.98,3386.98,BE,-0.2,S419 SELL Orochi BREAKOUT@VAL 7R,BREAKOUT@VAL val=3420.99 vah=3432.95 poc=3423.98 vwap=3423.18
2025-07-23T22:45:00+07:00,2025-07-23T22:55:00+07:00,SELL,3413.24,3417.55,3383.15,BE,-0.2,S419 SELL Orochi BREAKOUT@VAL 7R,BREAKOUT@VAL val=3420.99 vah=3432.95 poc=3423.98 vwap=3423.18
2025-07-23T23:00:00+07:00,2025-07-23T23:15:00+07:00,SELL,3410.54,3415.63,3375.55,SL,-5.29,S419 SELL Orochi BREAKOUT@VAL 7R,BREAKOUT@VAL val=3420.99 vah=3432.95 poc=3423.98 vwap=3423.18
2025-07-23T23:20:00+07:00,2025-07-23T23:30:00+07:00,SELL,3413.5,3416.6,3391.96,BE,-0.2,S419 SELL Orochi BREAKOUT@VAL 7R,BREAKOUT@VAL val=3420.99 vah=3432.95 poc=3423.98 vwap=3423.18
2025-07-23T23:35:00+07:00,2025-07-24T00:00:00+07:00,SELL,3411.4,3414.21,3391.65,TP,19.55,S419 SELL Orochi BREAKOUT@VAL 7R,BREAKOUT@VAL val=3420.99 vah=3432.95 poc=3423.98 vwap=3423.18
2025-07-24T00:10:00+07:00,2025-07-24T00:35:00+07:00,SELL,3387.96,3395.1,3338.22,BE,-0.2,S419 SELL Orochi BREAKOUT@VAL 7R,BREAKOUT@VAL val=3420.99 vah=3432.95 poc=3423.98 vwap=3423.18
2025-07-24T00:40:00+07:00,2025-07-24T00:50:00+07:00,SELL,3390.04,3392.32,3374.24,BE,-0.2,S419 SELL Orochi BREAKOUT@VAL 7R,BREAKOUT@VAL val=3420.99 vah=3432.95 poc=3423.98 vwap=3423.18
2025-07-24T00:55:00+07:00,2025-07-24T01:05:00+07:00,SELL,3387.38,3391.59,3358.31,BE,-0.2,S419 SELL Orochi BREAKOUT@VAL 7R,BREAKOUT@VAL val=3420.99 vah=3432.95 poc=3423.98 vwap=3423.18
2025-07-24T01:10:00+07:00,2025-07-24T01:20:00+07:00,SELL,3389.9,3391.17,3380.93,BE,-0.2,S419 SELL Orochi BREAKOUT@VAL 7R,BREAKOUT@VAL val=3420.99 vah=3432.95 poc=3423.98 vwap=3423.18
2025-07-24T01:25:00+07:00,2025-07-24T01:35:00+07:00,SELL,3388.69,3391.45,3369.29,BE,-0.2,S419 SELL Orochi BREAKOUT@VAL 7R,BREAKOUT@VAL val=3420.99 vah=3432.95 poc=3423.98 vwap=3423.18
2025-07-24T01:40:00+07:00,2025-07-24T01:50:00+07:00,SELL,3387.46,3389.73,3371.65,SL,-2.47,S419 SELL Orochi BREAKOUT@VAL 7R,BREAKOUT@VAL val=3420.99 vah=3432.95 poc=3423.98 vwap=3423.18
2025-07-24T01:55:00+07:00,2025-07-24T02:05:00+07:00,SELL,3393.3,3395.54,3377.06,BE,-0.2,S419 SELL Orochi BREAKOUT@VAL 7R,BREAKOUT@VAL val=3420.99 vah=3432.95 poc=3423.98 vwap=3423.18
2025-07-24T02:10:00+07:00,2025-07-24T02:15:00+07:00,SELL,3393.73,3394.64,3386.72,SL,-1.11,S419 SELL Orochi BREAKOUT@VAL 7R,BREAKOUT@VAL val=3420.99 vah=3432.95 poc=3423.98 vwap=3423.18
2025-07-24T02:20:00+07:00,2025-07-24T02:35:00+07:00,SELL,3395.46,3396.62,3387.26,BE,-0.2,S419 SELL Orochi BREAKOUT@VAL 7R,BREAKOUT@VAL val=3420.99 vah=3432.95 poc=3423.98 vwap=3423.18
2025-07-24T02:40:00+07:00,2025-07-24T02:55:00+07:00,SELL,3393.49,3396.41,3372.81,BE,-0.2,S419 SELL Orochi BREAKOUT@VAL 7R,BREAKOUT@VAL val=3420.99 vah=3432.95 poc=3423.98 vwap=3423.18
2025-07-24T03:00:00+07:00,2025-07-24T03:35:00+07:00,SELL,3395.56,3396.36,3390.12,TP,5.24,S419 SELL Orochi BREAKOUT@VAL 7R,BREAKOUT@VAL val=3420.99 vah=3432.95 poc=3423.98 vwap=3423.18
2025-07-24T03:40:00+07:00,2025-07-24T03:50:00+07:00,SELL,3389.66,3391.89,3374.21,BE,-0.2,S419 SELL Orochi BREAKOUT@VAL 7R,BREAKOUT@VAL val=3420.99 vah=3432.95 poc=3423.98 vwap=3423.18
2025-07-24T03:55:00+07:00,2025-07-24T04:05:00+07:00,SELL,3390.18,3392.32,3375.36,BE,-0.2,S419 SELL Orochi BREAKOUT@VAL 7R,BREAKOUT@VAL val=3420.99 vah=3432.95 poc=3423.98 vwap=3423.18
2025-07-24T04:10:00+07:00,2025-07-24T04:25:00+07:00,SELL,3389.24,3390.78,3378.54,BE,-0.2,S419 SELL Orochi BREAKOUT@VAL 7R,BREAKOUT@VAL val=3420.99 vah=3432.95 poc=3423.98 vwap=3423.18
2025-07-24T04:30:00+07:00,2025-07-24T04:40:00+07:00,SELL,3388.93,3390.25,3380.01,BE,-0.2,S419 SELL Orochi BREAKOUT@VAL 7R,BREAKOUT@VAL val=3420.99 vah=3432.95 poc=3423.98 vwap=3423.18
2025-07-24T04:45:00+07:00,2025-07-24T06:05:00+07:00,SELL,3388.85,3390.26,3379.54,BE,-0.2,S419 SELL Orochi BREAKOUT@VAL 7R,BREAKOUT@VAL val=3420.99 vah=3432.95 poc=3423.98 vwap=3423.18
2025-07-24T06:10:00+07:00,2025-07-24T07:50:00+07:00,SELL,3391.07,3392.8,3378.8,BE,-0.2,S419 SELL Orochi BREAKOUT@VAL 7R,BREAKOUT@VAL val=3420.99 vah=3432.95 poc=3423.98 vwap=3423.18
2025-07-24T07:55:00+07:00,2025-07-24T08:00:00+07:00,SELL,3389.94,3391.77,3377.05,SL,-2.03,S419 SELL Orochi BREAKOUT@VAL 7R,BREAKOUT@VAL val=3420.06 vah=3432.07 poc=3427.78 vwap=3423.98
2025-07-24T08:15:00+07:00,2025-07-24T08:35:00+07:00,SELL,3390.25,3391.27,3383.19,BE,-0.2,S419 SELL Orochi BREAKOUT@VAL 7R,BREAKOUT@VAL val=3421.49 vah=3432.59 poc=3427.04 vwap=3424.50
2025-07-24T08:50:00+07:00,2025-07-24T09:00:00+07:00,SELL,3392.03,3393.09,3384.53,BE,-0.2,S419 SELL Orochi BREAKOUT@VAL 7R,BREAKOUT@VAL val=3421.98 vah=3431.87 poc=3426.92 vwap=3425.22
2025-07-24T09:10:00+07:00,2025-07-24T09:25:00+07:00,SELL,3390.02,3393.84,3363.52,BE,-0.2,S419 SELL Orochi BREAKOUT@VAL 7R,BREAKOUT@VAL val=3421.98 vah=3431.87 poc=3426.92 vwap=3425.56
2025-07-24T09:35:00+07:00,2025-07-24T09:40:00+07:00,SELL,3389.09,3389.93,3382.89,SL,-1.04,S419 SELL Orochi BREAKOUT@VAL 7R,BREAKOUT@VAL val=3421.22 vah=3430.67 poc=3422.99 vwap=3426.21
2025-07-24T09:45:00+07:00,2025-07-24T11:05:00+07:00,SELL,3389.94,3391.57,3378.29,TP,11.45,S419 SELL Orochi BREAKOUT@VAL 7R,BREAKOUT@VAL val=3421.90 vah=3430.42 poc=3423.32 vwap=3426.41
2025-07-24T11:10:00+07:00,2025-07-24T11:20:00+07:00,SELL,3379.18,3381.53,3362.89,BE,-0.2,S419 SELL Orochi BREAKOUT@VAL 7R,BREAKOUT@VAL val=3421.09 vah=3430.48 poc=3423.44 vwap=3426.59
2025-07-24T11:25:00+07:00,2025-07-24T11:30:00+07:00,SELL,3380.07,3381.19,3372.15,SL,-1.32,S419 SELL Orochi BREAKOUT@VAL 7R,BREAKOUT@VAL val=3421.09 vah=3430.48 poc=3423.44 vwap=3426.62
2025-07-24T11:35:00+07:00,2025-07-24T11:40:00+07:00,SELL,3382.18,3383.88,3371.0,SL,-1.9,S419 SELL Orochi BREAKOUT@VAL 7R,BREAKOUT@VAL val=3421.09 vah=3430.48 poc=3423.44 vwap=3426.61
2025-07-24T11:45:00+07:00,2025-07-24T11:55:00+07:00,SELL,3385.67,3386.53,3379.25,BE,-0.2,S419 SELL Orochi BREAKOUT@VAL 7R,BREAKOUT@VAL val=3421.09 vah=3430.48 poc=3423.44 vwap=3426.57
2025-07-24T12:00:00+07:00,2025-07-24T14:25:00+07:00,SELL,3385.02,3386.54,3374.3,TP,10.52,S419 SELL Orochi BREAKOUT@VAL 7R,BREAKOUT@VAL val=3421.09 vah=3430.48 poc=3423.44 vwap=3426.54
2025-07-24T14:30:00+07:00,2025-07-24T14:40:00+07:00,SELL,3375.38,3377.18,3363.98,BE,-0.2,S419 SELL Orochi BREAKOUT@VAL 7R,BREAKOUT@VAL val=3421.09 vah=3430.48 poc=3423.44 vwap=3425.92
2025-07-24T14:45:00+07:00,2025-07-24T14:55:00+07:00,SELL,3374.89,3377.56,3355.96,BE,-0.2,S419 SELL Orochi BREAKOUT@VAL 7R,BREAKOUT@VAL val=3421.09 vah=3429.54 poc=3423.44 vwap=3425.86
2025-07-24T15:00:00+07:00,2025-07-24T15:10:00+07:00,SELL,3376.64,3377.81,3368.37,BE,-0.2,S419 SELL Orochi BREAKOUT@VAL 7R,BREAKOUT@VAL val=3421.09 vah=3429.54 poc=3423.44 vwap=3425.76
2025-07-24T15:15:00+07:00,2025-07-24T15:25:00+07:00,SELL,3376.23,3378.37,3361.41,BE,-0.2,S419 SELL Orochi BREAKOUT@VAL 7R,BREAKOUT@VAL val=3421.09 vah=3429.54 poc=3423.44 vwap=3425.67
2025-07-24T15:30:00+07:00,2025-07-24T15:40:00+07:00,SELL,3377.14,3378.07,3371.51,BE,-0.2,S419 SELL Orochi BREAKOUT@VAL 7R,BREAKOUT@VAL val=3421.09 vah=3429.54 poc=3423.44 vwap=3425.54
2025-07-24T15:55:00+07:00,2025-07-24T16:05:00+07:00,SELL,3367.81,3372.69,3333.17,BE,-0.2,S419 SELL Orochi BREAKOUT@VAL 7R,BREAKOUT@VAL val=3421.09 vah=3429.54 poc=3423.44 vwap=3425.47
2025-07-24T16:10:00+07:00,2025-07-24T16:15:00+07:00,SELL,3369.33,3370.51,3361.15,SL,-1.38,S419 SELL Orochi BREAKOUT@VAL 7R,BREAKOUT@VAL val=3421.09 vah=3428.60 poc=3423.44 vwap=3425.43
2025-07-24T16:20:00+07:00,2025-07-24T16:25:00+07:00,SELL,3371.2,3372.89,3359.53,SL,-1.89,S419 SELL Orochi BREAKOUT@VAL 7R,BREAKOUT@VAL val=3421.09 vah=3428.60 poc=3423.44 vwap=3425.40
2025-07-24T16:30:00+07:00,2025-07-24T17:00:00+07:00,SELL,3373.96,3374.71,3368.87,TP,4.89,S419 SELL Orochi BREAKOUT@VAL 7R,BREAKOUT@VAL val=3421.09 vah=3428.60 poc=3423.44 vwap=3425.37
2025-07-24T17:05:00+07:00,2025-07-24T21:40:00+07:00,SELL,3367.96,3370.81,3348.09,BE,-0.2,S419 SELL Orochi BREAKOUT@VAL 7R,BREAKOUT@VAL val=3421.09 vah=3428.60 poc=3423.44 vwap=3425.33
2025-07-25T09:25:00+07:00,2025-07-25T09:35:00+07:00,SELL,3367.8,3368.73,3361.45,BE,-0.2,S419 SELL Orochi BREAKOUT@VAL 7R,BREAKOUT@VAL val=3368.68 vah=3395.50 poc=3389.40 vwap=3387.01
2025-07-25T09:55:00+07:00,2025-07-25T10:20:00+07:00,SELL,3371.0,3372.0,3364.32,TP,6.48,S419 SELL Orochi BREAKOUT@VAL 7R,BREAKOUT@VAL val=3372.90 vah=3395.97 poc=3387.90 vwap=3385.62
2025-07-25T10:40:00+07:00,2025-07-25T10:50:00+07:00,SELL,3363.87,3365.54,3352.1,BE,-0.2,S419 SELL Orochi BREAKOUT@VAL 7R,BREAKOUT@VAL val=3372.71 vah=3395.42 poc=3389.74 vwap=3383.86
2025-07-25T10:55:00+07:00,2025-07-25T12:05:00+07:00,SELL,3363.03,3364.73,3351.29,BE,-0.2,S419 SELL Orochi BREAKOUT@VAL 7R,BREAKOUT@VAL val=3374.41 vah=3396.15 poc=3388.54 vwap=3383.38
2025-07-25T12:10:00+07:00,2025-07-25T15:40:00+07:00,SELL,3362.57,3363.85,3353.45,TP,8.92,S419 SELL Orochi BREAKOUT@VAL 7R,BREAKOUT@VAL val=3375.79 vah=3396.00 poc=3389.51 vwap=3381.52
2025-07-25T15:45:00+07:00,2025-07-25T16:00:00+07:00,SELL,3354.49,3355.94,3344.5,BE,-0.2,S419 SELL Orochi BREAKOUT@VAL 7R,BREAKOUT@VAL val=3372.00 vah=3391.96 poc=3388.63 vwap=3378.37
2025-07-25T16:05:00+07:00,2025-07-25T20:40:00+07:00,SELL,3353.38,3355.75,3336.63,TP,16.55,S419 SELL Orochi BREAKOUT@VAL 7R,BREAKOUT@VAL val=3372.00 vah=3391.96 poc=3388.63 vwap=3378.25
2025-07-25T20:45:00+07:00,2025-07-25T20:55:00+07:00,SELL,3338.32,3342.36,3310.44,BE,-0.2,S419 SELL Orochi BREAKOUT@VAL 7R,BREAKOUT@VAL val=3357.99 vah=3375.74 poc=3371.70 vwap=3362.85
2025-07-25T21:00:00+07:00,2025-07-25T21:05:00+07:00,SELL,3339.35,3342.46,3318.7,SL,-3.31,S419 SELL Orochi BREAKOUT@VAL 7R,BREAKOUT@VAL val=3357.99 vah=3375.74 poc=3371.70 vwap=3362.85
2025-07-25T21:10:00+07:00,2025-07-25T21:20:00+07:00,SELL,3338.88,3343.19,3308.55,BE,-0.2,S419 SELL Orochi BREAKOUT@VAL 7R,BREAKOUT@VAL val=3357.99 vah=3375.74 poc=3371.70 vwap=3362.85
2025-07-25T21:25:00+07:00,2025-07-25T21:30:00+07:00,SELL,3341.99,3344.08,3327.04,SL,-2.29,S419 SELL Orochi BREAKOUT@VAL 7R,BREAKOUT@VAL val=3357.99 vah=3375.74 poc=3371.70 vwap=3362.85
2025-07-25T21:35:00+07:00,2025-07-25T21:45:00+07:00,SELL,3343.95,3348.26,3313.86,BE,-0.2,S419 SELL Orochi BREAKOUT@VAL 7R,BREAKOUT@VAL val=3357.99 vah=3375.74 poc=3371.70 vwap=3362.85
2025-07-25T21:50:00+07:00,2025-07-25T22:00:00+07:00,SELL,3344.28,3345.76,3334.08,BE,-0.2,S419 SELL Orochi BREAKOUT@VAL 7R,BREAKOUT@VAL val=3357.99 vah=3375.74 poc=3371.70 vwap=3362.85
2025-07-25T22:05:00+07:00,2025-07-28T11:55:00+07:00,SELL,3342.17,3345.76,3316.8,BE,-0.2,S419 SELL Orochi BREAKOUT@VAL 7R,BREAKOUT@VAL val=3357.99 vah=3375.74 poc=3371.70 vwap=3362.85
2025-07-28T20:30:00+07:00,2025-07-28T20:55:00+07:00,SELL,3329.94,3331.93,3316.49,BE,-0.2,S419 SELL Orochi BREAKOUT@VAL 7R,BREAKOUT@VAL val=3332.80 vah=3340.88 poc=3336.84 vwap=3336.59
2025-07-28T21:00:00+07:00,2025-07-28T21:10:00+07:00,SELL,3329.76,3331.24,3319.8,BE,-0.2,S419 SELL Orochi BREAKOUT@VAL 7R,BREAKOUT@VAL val=3332.80 vah=3340.88 poc=3336.84 vwap=3336.59
2025-07-28T21:15:00+07:00,2025-07-28T21:30:00+07:00,SELL,3330.0,3331.03,3323.03,TP,6.77,S419 SELL Orochi BREAKOUT@VAL 7R,BREAKOUT@VAL val=3332.80 vah=3340.88 poc=3336.84 vwap=3336.59
2025-07-28T21:35:00+07:00,2025-07-29T16:10:00+07:00,SELL,3325.76,3329.96,3296.12,BE,-0.2,S419 SELL Orochi BREAKOUT@VAL 7R,BREAKOUT@VAL val=3332.80 vah=3340.88 poc=3336.84 vwap=3336.59
2025-07-29T16:15:00+07:00,2025-07-29T17:00:00+07:00,SELL,3329.51,3330.45,3324.05,TP,5.26,S419 SELL Orochi BREAKOUT@VAL 7R,BREAKOUT@VAL val=3332.80 vah=3340.88 poc=3336.84 vwap=3336.59
2025-07-29T17:05:00+07:00,2025-07-29T17:15:00+07:00,SELL,3323.98,3327.09,3302.53,BE,-0.2,S419 SELL Orochi BREAKOUT@VAL 7R,BREAKOUT@VAL val=3333.70 vah=3340.88 poc=3336.84 vwap=3336.82
2025-07-29T17:20:00+07:00,2025-07-29T17:25:00+07:00,SELL,3322.92,3325.62,3304.18,SL,-2.9,S419 SELL Orochi BREAKOUT@VAL 7R,BREAKOUT@VAL val=3334.33 vah=3341.69 poc=3336.91 vwap=3337.01
2025-07-29T17:30:00+07:00,2025-07-29T17:50:00+07:00,SELL,3325.81,3327.19,3315.91,BE,-0.2,S419 SELL Orochi BREAKOUT@VAL 7R,BREAKOUT@VAL val=3334.33 vah=3341.69 poc=3336.91 vwap=3337.05
2025-07-29T18:00:00+07:00,2025-07-29T18:15:00+07:00,SELL,3325.03,3327.6,3306.96,BE,-0.2,S419 SELL Orochi BREAKOUT@VAL 7R,BREAKOUT@VAL val=3334.33 vah=3341.69 poc=3336.91 vwap=3337.14
2025-07-29T18:20:00+07:00,2025-07-29T18:30:00+07:00,SELL,3324.79,3325.97,3316.77,BE,-0.2,S419 SELL Orochi BREAKOUT@VAL 7R,BREAKOUT@VAL val=3334.33 vah=3340.95 poc=3336.91 vwap=3337.22
2025-07-29T18:35:00+07:00,2025-07-29T19:00:00+07:00,SELL,3326.08,3326.78,3321.42,TP,4.46,S419 SELL Orochi BREAKOUT@VAL 7R,BREAKOUT@VAL val=3335.07 vah=3341.69 poc=3336.91 vwap=3337.26
2025-07-29T19:10:00+07:00,2025-07-29T19:15:00+07:00,SELL,3319.76,3320.63,3313.35,SL,-1.07,S419 SELL Orochi BREAKOUT@VAL 7R,BREAKOUT@VAL val=3335.04 vah=3341.50 poc=3336.66 vwap=3337.54
2025-07-29T19:20:00+07:00,2025-07-29T19:30:00+07:00,SELL,3320.29,3321.69,3310.57,BE,-0.2,S419 SELL Orochi BREAKOUT@VAL 7R,BREAKOUT@VAL val=3335.04 vah=3340.85 poc=3336.66 vwap=3337.61
2025-07-29T19:50:00+07:00,2025-07-29T20:00:00+07:00,SELL,3316.24,3318.82,3298.26,BE,-0.2,S419 SELL Orochi BREAKOUT@VAL 7R,BREAKOUT@VAL val=3334.88 vah=3341.05 poc=3336.42 vwap=3337.74
2025-07-29T20:50:00+07:00,2025-07-29T21:00:00+07:00,BUY,3323.17,3320.48,3342.08,BE,-0.2,S419 BUY Orochi BREAKOUT@VAH 7R,BREAKOUT@VAH val=3307.90 vah=3321.60 poc=3313.23 vwap=3317.13
2025-07-29T21:20:00+07:00,2025-07-29T21:25:00+07:00,BUY,3322.13,3319.98,3336.94,SL,-2.35,S419 BUY Orochi BREAKOUT@VAH 7R,BREAKOUT@VAH val=3307.90 vah=3321.60 poc=3313.23 vwap=3317.13
2025-07-29T22:25:00+07:00,2025-07-29T22:35:00+07:00,BUY,3324.4,3317.48,3373.24,BE,-0.2,S419 BUY Orochi BREAKOUT@VAH 7R,BREAKOUT@VAH val=3307.90 vah=3321.60 poc=3313.23 vwap=3317.13
2025-07-29T22:40:00+07:00,2025-07-29T22:50:00+07:00,BUY,3327.38,3323.26,3356.46,BE,-0.2,S419 BUY Orochi BREAKOUT@VAH 7R,BREAKOUT@VAH val=3307.90 vah=3321.60 poc=3313.23 vwap=3317.13
2025-07-29T22:55:00+07:00,2025-07-29T23:15:00+07:00,BUY,3328.98,3326.12,3348.92,BE,-0.2,S419 BUY Orochi BREAKOUT@VAH 7R,BREAKOUT@VAH val=3307.90 vah=3321.60 poc=3313.23 vwap=3317.13
2025-07-29T23:20:00+07:00,2025-07-29T23:25:00+07:00,BUY,3326.66,3325.66,3333.98,SL,-1.2,S419 BUY Orochi BREAKOUT@VAH 7R,BREAKOUT@VAH val=3307.90 vah=3321.60 poc=3313.23 vwap=3317.13
2025-07-29T23:30:00+07:00,2025-07-29T23:40:00+07:00,BUY,3324.25,3322.76,3335.0,BE,-0.2,S419 BUY Orochi BREAKOUT@VAH 7R,BREAKOUT@VAH val=3307.90 vah=3321.60 poc=3313.23 vwap=3317.13
2025-07-29T23:45:00+07:00,2025-07-29T23:55:00+07:00,BUY,3322.18,3319.7,3339.62,BE,-0.2,S419 BUY Orochi BREAKOUT@VAH 7R,BREAKOUT@VAH val=3307.90 vah=3321.60 poc=3313.23 vwap=3317.13
2025-07-30T00:15:00+07:00,2025-07-30T00:30:00+07:00,BUY,3321.99,3319.87,3336.75,BE,-0.2,S419 BUY Orochi BREAKOUT@VAH 7R,BREAKOUT@VAH val=3307.90 vah=3321.60 poc=3313.23 vwap=3317.13
2025-07-30T00:40:00+07:00,2025-07-30T00:50:00+07:00,BUY,3323.1,3320.77,3338.29,BE,-0.2,S419 BUY Orochi BREAKOUT@VAH 7R,BREAKOUT@VAH val=3307.90 vah=3321.60 poc=3313.23 vwap=3317.13
2025-07-30T00:55:00+07:00,2025-07-30T02:20:00+07:00,BUY,3323.15,3322.03,3330.75,TP,7.4,S419 BUY Orochi BREAKOUT@VAH 7R,BREAKOUT@VAH val=3307.90 vah=3321.60 poc=3313.23 vwap=3317.13
2025-07-30T02:25:00+07:00,2025-07-30T02:35:00+07:00,BUY,3330.02,3329.02,3336.54,BE,-0.2,S419 BUY Orochi BREAKOUT@VAH 7R,BREAKOUT@VAH val=3307.90 vah=3321.60 poc=3313.23 vwap=3317.13
2025-07-30T02:40:00+07:00,2025-07-30T02:45:00+07:00,BUY,3330.04,3329.21,3336.25,SL,-1.03,S419 BUY Orochi BREAKOUT@VAH 7R,BREAKOUT@VAH val=3307.90 vah=3321.60 poc=3313.23 vwap=3317.13
2025-07-30T02:50:00+07:00,2025-07-30T03:00:00+07:00,BUY,3326.09,3325.05,3333.05,BE,-0.2,S419 BUY Orochi BREAKOUT@VAH 7R,BREAKOUT@VAH val=3307.90 vah=3321.60 poc=3313.23 vwap=3317.13
2025-07-30T03:05:00+07:00,2025-07-30T03:35:00+07:00,BUY,3326.53,3324.88,3337.92,BE,-0.2,S419 BUY Orochi BREAKOUT@VAH 7R,BREAKOUT@VAH val=3307.90 vah=3321.60 poc=3313.23 vwap=3317.13
2025-07-30T03:40:00+07:00,2025-07-30T06:15:00+07:00,BUY,3322.94,3322.32,3328.08,TP,4.94,S419 BUY Orochi BREAKOUT@VAH 7R,BREAKOUT@VAH val=3307.90 vah=3321.60 poc=3313.23 vwap=3317.13
2025-07-30T06:20:00+07:00,2025-07-30T06:30:00+07:00,BUY,3328.14,3326.5,3339.54,BE,-0.2,S419 BUY Orochi BREAKOUT@VAH 7R,BREAKOUT@VAH val=3307.90 vah=3321.60 poc=3313.23 vwap=3317.13
2025-07-30T06:40:00+07:00,2025-07-30T07:35:00+07:00,BUY,3326.65,3326.03,3331.39,BE,-0.2,S419 BUY Orochi BREAKOUT@VAH 7R,BREAKOUT@VAH val=3307.90 vah=3321.60 poc=3313.23 vwap=3317.13
2025-07-30T07:40:00+07:00,2025-07-30T07:55:00+07:00,BUY,3327.01,3326.21,3332.77,BE,-0.2,S419 BUY Orochi BREAKOUT@VAH 7R,BREAKOUT@VAH val=3307.43 vah=3321.47 poc=3313.75 vwap=3316.88
2025-07-30T08:15:00+07:00,2025-07-30T08:30:00+07:00,BUY,3329.63,3327.76,3342.56,BE,-0.2,S419 BUY Orochi BREAKOUT@VAH 7R,BREAKOUT@VAH val=3309.01 vah=3321.01 poc=3314.41 vwap=3316.33
2025-07-30T08:35:00+07:00,2025-07-30T09:00:00+07:00,BUY,3329.18,3328.04,3337.08,BE,-0.2,S419 BUY Orochi BREAKOUT@VAH 7R,BREAKOUT@VAH val=3309.01 vah=3321.01 poc=3314.41 vwap=3316.05
2025-07-30T09:05:00+07:00,2025-07-30T09:20:00+07:00,BUY,3331.04,3327.62,3355.06,BE,-0.2,S419 BUY Orochi BREAKOUT@VAH 7R,BREAKOUT@VAH val=3308.84 vah=3320.54 poc=3314.10 vwap=3315.59
2025-07-30T09:25:00+07:00,2025-07-30T09:30:00+07:00,BUY,3329.8,3328.35,3340.11,SL,-1.65,S419 BUY Orochi BREAKOUT@VAH 7R,BREAKOUT@VAH val=3308.84 vah=3319.37 poc=3314.10 vwap=3315.70
2025-07-30T09:35:00+07:00,2025-07-30T09:40:00+07:00,BUY,3324.72,3323.88,3329.8,SL,-1.04,S419 BUY Orochi BREAKOUT@VAH 7R,BREAKOUT@VAH val=3308.82 vah=3319.36 poc=3314.62 vwap=3315.94
2025-07-30T09:45:00+07:00,2025-07-30T10:00:00+07:00,BUY,3322.19,3321.65,3326.77,TP,4.38,S419 BUY Orochi BREAKOUT@VAH 7R,BREAKOUT@VAH val=3309.87 vah=3319.89 poc=3314.38 vwap=3316.09
2025-07-30T10:10:00+07:00,2025-07-30T10:20:00+07:00,BUY,3329.27,3325.57,3355.09,BE,-0.2,S419 BUY Orochi BREAKOUT@VAH 7R,BREAKOUT@VAH val=3309.87 vah=3319.89 poc=3314.38 vwap=3316.37
2025-07-30T10:25:00+07:00,2025-07-30T10:35:00+07:00,BUY,3330.78,3328.57,3346.33,BE,-0.2,S419 BUY Orochi BREAKOUT@VAH 7R,BREAKOUT@VAH val=3309.56 vah=3319.25 poc=3313.92 vwap=3316.55
2025-07-30T10:40:00+07:00,2025-07-30T11:05:00+07:00,BUY,3326.79,3325.41,3336.53,BE,-0.2,S419 BUY Orochi BREAKOUT@VAH 7R,BREAKOUT@VAH val=3309.82 vah=3319.86 poc=3313.93 vwap=3316.76
2025-07-30T11:10:00+07:00,2025-07-30T11:20:00+07:00,BUY,3326.42,3325.61,3332.01,BE,-0.2,S419 BUY Orochi BREAKOUT@VAH 7R,BREAKOUT@VAH val=3309.82 vah=3319.86 poc=3313.93 vwap=3316.90
2025-07-30T11:25:00+07:00,2025-07-30T11:35:00+07:00,BUY,3328.33,3325.73,3346.77,BE,-0.2,S419 BUY Orochi BREAKOUT@VAH 7R,BREAKOUT@VAH val=3309.82 vah=3319.86 poc=3313.93 vwap=3316.93
2025-07-30T11:40:00+07:00,2025-07-30T11:50:00+07:00,BUY,3327.77,3326.38,3338.14,BE,-0.2,S419 BUY Orochi BREAKOUT@VAH 7R,BREAKOUT@VAH val=3309.82 vah=3319.86 poc=3313.93 vwap=3317.01
2025-07-30T11:55:00+07:00,2025-07-30T12:05:00+07:00,BUY,3328.37,3326.72,3340.0,SL,-1.85,S419 BUY Orochi BREAKOUT@VAH 7R,BREAKOUT@VAH val=3309.82 vah=3319.86 poc=3313.93 vwap=3317.07
2025-07-30T12:10:00+07:00,2025-07-30T12:45:00+07:00,BUY,3327.01,3325.94,3334.1,BE,-0.2,S419 BUY Orochi BREAKOUT@VAH 7R,BREAKOUT@VAH val=3309.82 vah=3319.86 poc=3313.93 vwap=3317.11
2025-07-30T12:50:00+07:00,2025-07-30T12:55:00+07:00,BUY,3327.52,3325.86,3339.06,SL,-1.86,S419 BUY Orochi BREAKOUT@VAH 7R,BREAKOUT@VAH val=3310.73 vah=3320.78 poc=3313.93 vwap=3317.38
2025-07-30T13:00:00+07:00,2025-07-30T13:40:00+07:00,BUY,3325.64,3324.77,3331.89,BE,-0.2,S419 BUY Orochi BREAKOUT@VAH 7R,BREAKOUT@VAH val=3310.73 vah=3320.78 poc=3313.93 vwap=3317.49
2025-07-30T13:45:00+07:00,2025-07-30T13:55:00+07:00,BUY,3326.83,3324.57,3341.93,BE,-0.2,S419 BUY Orochi BREAKOUT@VAH 7R,BREAKOUT@VAH val=3310.73 vah=3320.78 poc=3313.93 vwap=3317.80
2025-07-30T14:00:00+07:00,2025-07-30T14:10:00+07:00,BUY,3325.01,3323.36,3336.0,BE,-0.2,S419 BUY Orochi BREAKOUT@VAH 7R,BREAKOUT@VAH val=3310.73 vah=3320.78 poc=3318.49 vwap=3317.86
2025-07-30T14:15:00+07:00,2025-07-30T14:25:00+07:00,BUY,3323.91,3322.87,3331.27,BE,-0.2,S419 BUY Orochi BREAKOUT@VAH 7R,BREAKOUT@VAH val=3310.73 vah=3320.78 poc=3318.49 vwap=3317.91
2025-07-30T14:30:00+07:00,2025-07-30T16:50:00+07:00,BUY,3324.13,3322.87,3333.03,TP,8.7,S419 BUY Orochi BREAKOUT@VAH 7R,BREAKOUT@VAH val=3310.73 vah=3320.78 poc=3318.49 vwap=3317.98
2025-07-30T16:55:00+07:00,2025-07-30T17:00:00+07:00,BUY,3332.04,3331.09,3340.21,SL,-1.15,S419 BUY Orochi BREAKOUT@VAH 7R,BREAKOUT@VAH val=3310.73 vah=3322.60 poc=3318.49 vwap=3318.29
2025-07-30T17:05:00+07:00,2025-07-30T17:15:00+07:00,BUY,3332.44,3330.31,3347.11,BE,-0.2,S419 BUY Orochi BREAKOUT@VAH 7R,BREAKOUT@VAH val=3310.73 vah=3322.60 poc=3318.49 vwap=3318.33
2025-07-30T17:20:00+07:00,2025-07-30T17:30:00+07:00,BUY,3332.44,3331.53,3338.89,BE,-0.2,S419 BUY Orochi BREAKOUT@VAH 7R,BREAKOUT@VAH val=3310.73 vah=3322.60 poc=3318.49 vwap=3318.35
2025-07-30T17:35:00+07:00,2025-07-30T17:45:00+07:00,BUY,3330.1,3328.96,3338.16,BE,-0.2,S419 BUY Orochi BREAKOUT@VAH 7R,BREAKOUT@VAH val=3310.73 vah=3322.60 poc=3318.49 vwap=3318.38
2025-07-30T17:55:00+07:00,2025-07-30T18:00:00+07:00,BUY,3331.22,3330.39,3337.11,SL,-1.03,S419 BUY Orochi BREAKOUT@VAH 7R,BREAKOUT@VAH val=3310.73 vah=3322.60 poc=3318.49 vwap=3318.43
2025-07-30T18:05:00+07:00,2025-07-30T18:10:00+07:00,BUY,3329.96,3328.42,3338.66,SL,-1.74,S419 BUY Orochi BREAKOUT@VAH 7R,BREAKOUT@VAH val=3310.73 vah=3322.60 poc=3318.49 vwap=3318.45
2025-07-30T18:15:00+07:00,2025-07-30T18:25:00+07:00,BUY,3329.39,3327.34,3343.18,BE,-0.2,S419 BUY Orochi BREAKOUT@VAH 7R,BREAKOUT@VAH val=3310.73 vah=3322.60 poc=3318.49 vwap=3318.48
2025-07-30T18:30:00+07:00,2025-07-30T18:40:00+07:00,BUY,3328.36,3327.72,3332.68,BE,-0.2,S419 BUY Orochi BREAKOUT@VAH 7R,BREAKOUT@VAH val=3310.73 vah=3322.60 poc=3318.49 vwap=3318.57
2025-07-30T18:45:00+07:00,2025-07-30T18:55:00+07:00,BUY,3328.13,3326.28,3341.48,BE,-0.2,S419 BUY Orochi BREAKOUT@VAH 7R,BREAKOUT@VAH val=3310.73 vah=3322.60 poc=3318.49 vwap=3318.71
2025-07-30T19:00:00+07:00,2025-07-30T19:05:00+07:00,BUY,3327.84,3326.54,3337.02,SL,-1.5,S419 BUY Orochi BREAKOUT@VAH 7R,BREAKOUT@VAH val=3310.73 vah=3322.60 poc=3318.49 vwap=3318.83
2025-07-30T19:10:00+07:00,2025-07-30T19:35:00+07:00,BUY,3327.14,3324.61,3344.61,BE,-0.2,S419 BUY Orochi BREAKOUT@VAH 7R,BREAKOUT@VAH val=3311.07 vah=3322.73 poc=3318.70 vwap=3318.93
2025-07-30T19:45:00+07:00,2025-07-30T20:15:00+07:00,BUY,3326.39,3323.53,3346.57,BE,-0.2,S419 BUY Orochi BREAKOUT@VAH 7R,BREAKOUT@VAH val=3311.67 vah=3322.09 poc=3319.05 vwap=3319.39
2025-07-30T21:00:00+07:00,2025-07-30T21:15:00+07:00,SELL,3311.79,3316.53,3278.45,BE,-0.2,S419 SELL Orochi BREAKOUT@VAL 7R,BREAKOUT@VAL val=3322.18 vah=3331.39 poc=3328.16 vwap=3325.73
2025-07-30T21:20:00+07:00,2025-07-31T03:10:00+07:00,SELL,3308.82,3313.52,3275.44,TP,33.18,S419 SELL Orochi BREAKOUT@VAL 7R,BREAKOUT@VAL val=3322.18 vah=3331.39 poc=3328.16 vwap=3325.73
2025-07-31T03:15:00+07:00,2025-07-31T03:25:00+07:00,SELL,3274.62,3284.07,3211.43,BE,-0.2,S419 SELL Orochi BREAKOUT@VAL 7R,BREAKOUT@VAL val=3322.18 vah=3331.39 poc=3328.16 vwap=3325.73
2025-07-31T03:30:00+07:00,2025-07-31T03:40:00+07:00,SELL,3271.15,3278.46,3220.14,BE,-0.2,S419 SELL Orochi BREAKOUT@VAL 7R,BREAKOUT@VAL val=3322.18 vah=3331.39 poc=3328.16 vwap=3325.73
2025-07-31T03:45:00+07:00,2025-07-31T04:05:00+07:00,SELL,3275.12,3276.95,3262.23,BE,-0.2,S419 SELL Orochi BREAKOUT@VAL 7R,BREAKOUT@VAL val=3322.18 vah=3331.39 poc=3328.16 vwap=3325.73
2025-07-31T04:10:00+07:00,2025-07-31T04:40:00+07:00,SELL,3273.64,3276.73,3251.77,BE,-0.2,S419 SELL Orochi BREAKOUT@VAL 7R,BREAKOUT@VAL val=3322.18 vah=3331.39 poc=3328.16 vwap=3325.73
2025-07-31T04:45:00+07:00,2025-07-31T04:55:00+07:00,SELL,3274.91,3276.35,3265.23,BE,-0.2,S419 SELL Orochi BREAKOUT@VAL 7R,BREAKOUT@VAL val=3322.18 vah=3331.39 poc=3328.16 vwap=3325.73
2025-07-31T06:05:00+07:00,2025-07-31T06:15:00+07:00,SELL,3277.52,3279.54,3264.34,BE,-0.2,S419 SELL Orochi BREAKOUT@VAL 7R,BREAKOUT@VAL val=3322.18 vah=3331.39 poc=3328.16 vwap=3325.73
2025-07-31T06:20:00+07:00,2025-07-31T07:30:00+07:00,SELL,3276.5,3280.66,3247.3,SL,-4.36,S419 SELL Orochi BREAKOUT@VAL 7R,BREAKOUT@VAL val=3322.18 vah=3331.39 poc=3328.16 vwap=3325.73
2025-07-31T07:45:00+07:00,2025-07-31T07:50:00+07:00,SELL,3282.02,3283.16,3273.96,SL,-1.34,S419 SELL Orochi BREAKOUT@VAL 7R,BREAKOUT@VAL val=3323.10 vah=3331.39 poc=3328.16 vwap=3325.84
2025-07-31T07:55:00+07:00,2025-07-31T08:00:00+07:00,SELL,3285.19,3286.0,3279.6,SL,-1.01,S419 SELL Orochi BREAKOUT@VAL 7R,BREAKOUT@VAL val=3323.10 vah=3331.39 poc=3328.16 vwap=3325.89
2025-07-31T08:10:00+07:00,2025-07-31T08:20:00+07:00,SELL,3284.56,3287.57,3263.57,BE,-0.2,S419 SELL Orochi BREAKOUT@VAL 7R,BREAKOUT@VAL val=3323.10 vah=3331.39 poc=3328.16 vwap=3325.98
2025-07-31T08:25:00+07:00,2025-07-31T08:30:00+07:00,SELL,3283.74,3286.8,3263.44,SL,-3.26,S419 SELL Orochi BREAKOUT@VAL 7R,BREAKOUT@VAL val=3323.10 vah=3331.39 poc=3328.16 vwap=3326.02
2025-07-31T08:35:00+07:00,2025-07-31T08:50:00+07:00,SELL,3287.35,3288.33,3279.77,BE,-0.2,S419 SELL Orochi BREAKOUT@VAL 7R,BREAKOUT@VAL val=3323.10 vah=3331.39 poc=3328.16 vwap=3326.08
2025-07-31T08:55:00+07:00,2025-07-31T09:05:00+07:00,SELL,3286.45,3288.96,3267.68,BE,-0.2,S419 SELL Orochi BREAKOUT@VAL 7R,BREAKOUT@VAL val=3323.10 vah=3331.39 poc=3328.16 vwap=3326.17
2025-07-31T09:10:00+07:00,2025-07-31T09:20:00+07:00,SELL,3287.13,3290.58,3263.22,BE,-0.2,S419 SELL Orochi BREAKOUT@VAL 7R,BREAKOUT@VAL val=3324.02 vah=3331.39 poc=3328.16 vwap=3326.51
2025-07-31T09:30:00+07:00,2025-07-31T09:40:00+07:00,SELL,3287.91,3291.01,3266.29,BE,-0.2,S419 SELL Orochi BREAKOUT@VAL 7R,BREAKOUT@VAL val=3324.02 vah=3331.39 poc=3328.16 vwap=3326.92
2025-07-31T09:45:00+07:00,2025-07-31T09:50:00+07:00,SELL,3289.43,3290.44,3282.28,SL,-1.21,S419 SELL Orochi BREAKOUT@VAL 7R,BREAKOUT@VAL val=3324.42 vah=3330.91 poc=3327.99 vwap=3327.23
2025-07-31T09:55:00+07:00,2025-07-31T10:00:00+07:00,SELL,3293.84,3294.61,3288.37,SL,-0.97,S419 SELL Orochi BREAKOUT@VAL 7R,BREAKOUT@VAL val=3324.73 vah=3331.01 poc=3328.18 vwap=3327.33
2025-07-31T10:05:00+07:00,2025-07-31T10:15:00+07:00,SELL,3294.87,3296.36,3284.28,BE,-0.2,S419 SELL Orochi BREAKOUT@VAL 7R,BREAKOUT@VAL val=3324.73 vah=3331.01 poc=3328.18 vwap=3327.37
2025-07-31T10:20:00+07:00,2025-07-31T10:50:00+07:00,SELL,3293.63,3296.29,3274.93,BE,-0.2,S419 SELL Orochi BREAKOUT@VAL 7R,BREAKOUT@VAL val=3324.73 vah=3331.64 poc=3328.18 vwap=3327.36
2025-07-31T10:55:00+07:00,2025-07-31T11:00:00+07:00,SELL,3297.26,3297.98,3291.82,SL,-0.92,S419 SELL Orochi BREAKOUT@VAL 7R,BREAKOUT@VAL val=3324.67 vah=3331.52 poc=3328.10 vwap=3327.23
2025-07-31T11:05:00+07:00,2025-07-31T11:15:00+07:00,SELL,3295.48,3299.11,3269.99,BE,-0.2,S419 SELL Orochi BREAKOUT@VAL 7R,BREAKOUT@VAL val=3324.67 vah=3331.52 poc=3328.10 vwap=3327.28
2025-07-31T11:20:00+07:00,2025-07-31T11:50:00+07:00,SELL,3297.79,3298.95,3289.83,BE,-0.2,S419 SELL Orochi BREAKOUT@VAL 7R,BREAKOUT@VAL val=3325.30 vah=3331.52 poc=3328.10 vwap=3327.41
2025-07-31T11:55:00+07:00,2025-07-31T12:05:00+07:00,SELL,3294.98,3298.45,3270.85,BE,-0.2,S419 SELL Orochi BREAKOUT@VAL 7R,BREAKOUT@VAL val=3325.25 vah=3331.27 poc=3327.71 vwap=3327.69
2025-07-31T12:10:00+07:00,2025-07-31T12:15:00+07:00,SELL,3294.15,3295.66,3283.74,SL,-1.71,S419 SELL Orochi BREAKOUT@VAL 7R,BREAKOUT@VAL val=3325.37 vah=3330.96 poc=3328.16 vwap=3327.80
2025-07-31T12:20:00+07:00,2025-07-31T12:30:00+07:00,SELL,3295.21,3296.34,3287.38,BE,-0.2,S419 SELL Orochi BREAKOUT@VAL 7R,BREAKOUT@VAL val=3325.37 vah=3330.96 poc=3328.16 vwap=3327.86
2025-07-31T12:35:00+07:00,2025-07-31T12:50:00+07:00,SELL,3297.02,3297.84,3291.6,BE,-0.2,S419 SELL Orochi BREAKOUT@VAL 7R,BREAKOUT@VAL val=3325.37 vah=3330.96 poc=3328.16 vwap=3327.94
2025-07-31T13:00:00+07:00,2025-07-31T13:50:00+07:00,SELL,3297.94,3299.24,3289.48,BE,-0.2,S419 SELL Orochi BREAKOUT@VAL 7R,BREAKOUT@VAL val=3325.37 vah=3330.96 poc=3328.16 vwap=3327.99
2025-07-31T13:55:00+07:00,2025-07-31T14:05:00+07:00,SELL,3299.7,3302.02,3283.62,BE,-0.2,S419 SELL Orochi BREAKOUT@VAL 7R,BREAKOUT@VAL val=3325.37 vah=3330.96 poc=3327.66 vwap=3327.94
2025-07-31T14:10:00+07:00,2025-07-31T14:25:00+07:00,SELL,3302.42,3304.4,3288.48,BE,-0.2,S419 SELL Orochi BREAKOUT@VAL 7R,BREAKOUT@VAL val=3325.37 vah=3330.96 poc=3327.66 vwap=3327.91
2025-07-31T14:45:00+07:00,2025-07-31T15:05:00+07:00,SELL,3300.86,3302.49,3289.53,BE,-0.2,S419 SELL Orochi BREAKOUT@VAL 7R,BREAKOUT@VAL val=3325.37 vah=3330.96 poc=3327.66 vwap=3327.98
2025-07-31T15:10:00+07:00,2025-07-31T15:20:00+07:00,SELL,3300.08,3302.86,3280.7,BE,-0.2,S419 SELL Orochi BREAKOUT@VAL 7R,BREAKOUT@VAL val=3325.37 vah=3330.96 poc=3327.66 vwap=3328.07
2025-07-31T15:25:00+07:00,2025-07-31T15:35:00+07:00,SELL,3300.98,3304.24,3277.52,BE,-0.2,S419 SELL Orochi BREAKOUT@VAL 7R,BREAKOUT@VAL val=3325.88 vah=3331.47 poc=3327.66 vwap=3328.20
2025-07-31T15:40:00+07:00,2025-07-31T15:45:00+07:00,SELL,3304.12,3304.98,3298.26,SL,-1.06,S419 SELL Orochi BREAKOUT@VAL 7R,BREAKOUT@VAL val=3325.88 vah=3331.47 poc=3327.66 vwap=3328.24
2025-07-31T15:50:00+07:00,2025-07-31T16:00:00+07:00,SELL,3306.0,3310.23,3277.19,BE,-0.2,S419 SELL Orochi BREAKOUT@VAL 7R,BREAKOUT@VAL val=3325.88 vah=3331.47 poc=3327.66 vwap=3328.26
2025-07-31T16:05:00+07:00,2025-07-31T16:15:00+07:00,SELL,3308.68,3310.54,3296.54,BE,-0.2,S419 SELL Orochi BREAKOUT@VAL 7R,BREAKOUT@VAL val=3325.88 vah=3331.47 poc=3327.66 vwap=3328.28
2025-07-31T16:20:00+07:00,2025-07-31T16:30:00+07:00,SELL,3312.85,3315.63,3294.59,BE,-0.2,S419 SELL Orochi BREAKOUT@VAL 7R,BREAKOUT@VAL val=3325.88 vah=3331.47 poc=3327.66 vwap=3328.30
2025-07-31T16:35:00+07:00,2025-07-31T17:00:00+07:00,SELL,3311.51,3314.44,3290.76,BE,-0.2,S419 SELL Orochi BREAKOUT@VAL 7R,BREAKOUT@VAL val=3325.88 vah=3331.47 poc=3327.66 vwap=3328.32
2025-07-31T17:05:00+07:00,2025-07-31T17:15:00+07:00,SELL,3311.75,3313.9,3296.62,BE,-0.2,S419 SELL Orochi BREAKOUT@VAL 7R,BREAKOUT@VAL val=3325.88 vah=3331.47 poc=3327.66 vwap=3328.32
2025-07-31T17:20:00+07:00,2025-07-31T20:30:00+07:00,SELL,3309.86,3313.34,3285.58,BE,-0.2,S419 SELL Orochi BREAKOUT@VAL 7R,BREAKOUT@VAL val=3325.88 vah=3331.47 poc=3327.66 vwap=3328.32
2025-08-01T09:55:00+07:00,2025-08-01T10:00:00+07:00,SELL,3283.66,3287.04,3260.08,SL,-3.58,S419 SELL Orochi BREAKOUT@VAL 7R,BREAKOUT@VAL val=3285.58 vah=3308.97 poc=3296.30 vwap=3293.62
2025-08-01T15:40:00+07:00,2025-08-01T15:45:00+07:00,SELL,3287.37,3288.89,3276.81,SL,-1.72,S419 SELL Orochi BREAKOUT@VAL 7R,BREAKOUT@VAL val=3291.93 vah=3312.91 poc=3294.79 vwap=3296.66
2025-08-01T15:50:00+07:00,2025-08-01T16:00:00+07:00,SELL,3286.63,3290.16,3262.0,BE,-0.2,S419 SELL Orochi BREAKOUT@VAL 7R,BREAKOUT@VAL val=3291.93 vah=3312.91 poc=3294.79 vwap=3296.92
2025-08-01T16:05:00+07:00,2025-08-01T16:10:00+07:00,SELL,3287.59,3288.52,3281.32,SL,-1.13,S419 SELL Orochi BREAKOUT@VAL 7R,BREAKOUT@VAL val=3291.53 vah=3311.24 poc=3296.01 vwap=3297.44
2025-08-01T16:15:00+07:00,2025-08-01T16:35:00+07:00,SELL,3288.55,3290.2,3277.64,BE,-0.2,S419 SELL Orochi BREAKOUT@VAL 7R,BREAKOUT@VAL val=3292.86 vah=3311.44 poc=3295.39 vwap=3297.71
2025-08-01T16:40:00+07:00,2025-08-01T16:45:00+07:00,SELL,3289.55,3290.53,3281.17,SL,-1.18,S419 SELL Orochi BREAKOUT@VAL 7R,BREAKOUT@VAL val=3292.40 vah=3311.62 poc=3296.40 vwap=3298.11
2025-08-01T20:00:00+07:00,2025-08-01T20:10:00+07:00,BUY,3299.31,3296.99,3315.07,BE,-0.2,S419 BUY Orochi BREAKOUT@VAH 7R,BREAKOUT@VAH val=3287.77 vah=3298.84 poc=3294.53 vwap=3295.53
2025-08-01T20:20:00+07:00,2025-08-01T20:30:00+07:00,BUY,3303.2,3299.92,3325.84,BE,-0.2,S419 BUY Orochi BREAKOUT@VAH 7R,BREAKOUT@VAH val=3287.77 vah=3298.84 poc=3294.53 vwap=3295.53
2025-08-01T20:50:00+07:00,2025-08-01T21:00:00+07:00,BUY,3339.75,3334.38,3377.58,BE,-0.2,S419 BUY Orochi BREAKOUT@VAH 7R,BREAKOUT@VAH val=3287.77 vah=3298.84 poc=3294.53 vwap=3295.53
2025-08-01T21:05:00+07:00,2025-08-01T21:30:00+07:00,BUY,3345.62,3337.85,3400.09,BE,-0.2,S419 BUY Orochi BREAKOUT@VAH 7R,BREAKOUT@VAH val=3287.77 vah=3298.84 poc=3294.53 vwap=3295.53
2025-08-01T21:35:00+07:00,2025-08-01T21:45:00+07:00,BUY,3343.59,3340.13,3368.45,BE,-0.2,S419 BUY Orochi BREAKOUT@VAH 7R,BREAKOUT@VAH val=3287.77 vah=3298.84 poc=3294.53 vwap=3295.53
2025-08-01T21:50:00+07:00,2025-08-01T22:40:00+07:00,BUY,3341.89,3337.87,3369.79,BE,-0.2,S419 BUY Orochi BREAKOUT@VAH 7R,BREAKOUT@VAH val=3287.77 vah=3298.84 poc=3294.53 vwap=3295.53
2025-08-01T22:45:00+07:00,2025-08-01T23:35:00+07:00,BUY,3347.25,3340.15,3397.03,BE,-0.2,S419 BUY Orochi BREAKOUT@VAH 7R,BREAKOUT@VAH val=3287.77 vah=3298.84 poc=3294.53 vwap=3295.53
2025-08-01T23:40:00+07:00,2025-08-01T23:50:00+07:00,BUY,3348.75,3346.07,3367.75,BE,-0.2,S419 BUY Orochi BREAKOUT@VAH 7R,BREAKOUT@VAH val=3287.77 vah=3298.84 poc=3294.53 vwap=3295.53
2025-08-01T23:55:00+07:00,2025-08-02T00:00:00+07:00,BUY,3348.53,3346.42,3363.86,SL,-2.31,S419 BUY Orochi BREAKOUT@VAH 7R,BREAKOUT@VAH val=3287.77 vah=3298.84 poc=3294.53 vwap=3295.53
2025-08-02T00:05:00+07:00,2025-08-02T00:15:00+07:00,BUY,3346.6,3343.71,3367.23,SL,-3.09,S419 BUY Orochi BREAKOUT@VAH 7R,BREAKOUT@VAH val=3287.77 vah=3298.84 poc=3294.53 vwap=3295.53
2025-08-02T00:20:00+07:00,2025-08-02T00:35:00+07:00,BUY,3342.05,3340.47,3353.27,BE,-0.2,S419 BUY Orochi BREAKOUT@VAH 7R,BREAKOUT@VAH val=3287.77 vah=3298.84 poc=3294.53 vwap=3295.53
2025-08-02T00:40:00+07:00,2025-08-02T03:35:00+07:00,BUY,3342.6,3340.06,3360.46,TP,17.66,S419 BUY Orochi BREAKOUT@VAH 7R,BREAKOUT@VAH val=3287.77 vah=3298.84 poc=3294.53 vwap=3295.53
2025-08-02T03:45:00+07:00,2025-08-02T03:50:00+07:00,BUY,3361.04,3358.4,3379.12,SL,-2.84,S419 BUY Orochi BREAKOUT@VAH 7R,BREAKOUT@VAH val=3287.77 vah=3298.84 poc=3294.53 vwap=3295.53
2025-08-02T03:55:00+07:00,2025-08-04T07:15:00+07:00,BUY,3357.19,3355.99,3365.75,BE,-0.2,S419 BUY Orochi BREAKOUT@VAH 7R,BREAKOUT@VAH val=3287.77 vah=3298.84 poc=3294.53 vwap=3295.53
2025-08-04T20:00:00+07:00,2025-08-04T20:10:00+07:00,BUY,3369.93,3367.73,3385.73,BE,-0.2,S419 BUY Orochi BREAKOUT@VAH 7R,BREAKOUT@VAH val=3353.59 vah=3362.16 poc=3358.41 vwap=3357.53
2025-08-04T20:15:00+07:00,2025-08-04T20:25:00+07:00,BUY,3367.21,3366.46,3372.86,BE,-0.2,S419 BUY Orochi BREAKOUT@VAH 7R,BREAKOUT@VAH val=3353.59 vah=3362.16 poc=3358.41 vwap=3357.53
2025-08-04T20:30:00+07:00,2025-08-04T20:40:00+07:00,BUY,3363.88,3360.5,3386.98,BE,-0.2,S419 BUY Orochi BREAKOUT@VAH 7R,BREAKOUT@VAH val=3353.59 vah=3362.16 poc=3358.41 vwap=3357.53
2025-08-04T20:50:00+07:00,2025-08-05T14:45:00+07:00,BUY,3366.34,3362.48,3393.52,BE,-0.2,S419 BUY Orochi BREAKOUT@VAH 7R,BREAKOUT@VAH val=3353.59 vah=3362.16 poc=3358.41 vwap=3357.53
2025-08-05T14:50:00+07:00,2025-08-05T15:00:00+07:00,BUY,3367.06,3365.35,3378.87,BE,-0.2,S419 BUY Orochi BREAKOUT@VAH 7R,BREAKOUT@VAH val=3353.59 vah=3362.16 poc=3358.41 vwap=3357.53
2025-08-05T15:10:00+07:00,2025-08-05T16:40:00+07:00,BUY,3369.47,3367.45,3383.77,BE,-0.2,S419 BUY Orochi BREAKOUT@VAH 7R,BREAKOUT@VAH val=3353.59 vah=3362.16 poc=3358.41 vwap=3357.53
2025-08-05T16:45:00+07:00,2025-08-05T16:50:00+07:00,BUY,3368.08,3367.29,3373.45,SL,-0.99,S419 BUY Orochi BREAKOUT@VAH 7R,BREAKOUT@VAH val=3352.52 vah=3361.09 poc=3358.41 vwap=3357.42
2025-08-05T17:00:00+07:00,2025-08-05T17:10:00+07:00,BUY,3365.14,3363.62,3375.94,BE,-0.2,S419 BUY Orochi BREAKOUT@VAH 7R,BREAKOUT@VAH val=3352.52 vah=3361.09 poc=3358.41 vwap=3357.40
2025-08-05T17:15:00+07:00,2025-08-05T17:25:00+07:00,BUY,3365.36,3364.43,3371.79,BE,-0.2,S419 BUY Orochi BREAKOUT@VAH 7R,BREAKOUT@VAH val=3352.52 vah=3361.09 poc=3358.41 vwap=3357.38
2025-08-05T17:30:00+07:00,2025-08-05T17:40:00+07:00,BUY,3363.42,3362.43,3370.27,BE,-0.2,S419 BUY Orochi BREAKOUT@VAH 7R,BREAKOUT@VAH val=3352.52 vah=3361.09 poc=3358.41 vwap=3357.37
2025-08-05T19:25:00+07:00,2025-08-05T19:35:00+07:00,SELL,3352.17,3354.45,3336.61,BE,-0.2,S419 SELL Orochi BREAKOUT@VAL 7R,BREAKOUT@VAL val=3353.59 vah=3362.16 poc=3359.48 vwap=3357.61
2025-08-05T19:40:00+07:00,2025-08-05T19:45:00+07:00,SELL,3351.36,3353.21,3338.33,SL,-2.05,S419 SELL Orochi BREAKOUT@VAL 7R,BREAKOUT@VAL val=3353.59 vah=3362.16 poc=3359.48 vwap=3357.83
2025-08-05T19:50:00+07:00,2025-08-05T20:05:00+07:00,SELL,3353.41,3354.91,3343.07,BE,-0.2,S419 SELL Orochi BREAKOUT@VAL 7R,BREAKOUT@VAL val=3353.71 vah=3361.71 poc=3358.21 vwap=3358.09
2025-08-05T20:10:00+07:00,2025-08-05T20:20:00+07:00,SELL,3353.17,3355.71,3335.31,BE,-0.2,S419 SELL Orochi BREAKOUT@VAL 7R,BREAKOUT@VAL val=3367.65 vah=3380.95 poc=3374.30 vwap=3371.84
2025-08-05T20:25:00+07:00,2025-08-05T20:30:00+07:00,SELL,3360.92,3361.56,3355.96,SL,-0.84,S419 SELL Orochi BREAKOUT@VAL 7R,BREAKOUT@VAL val=3367.65 vah=3380.95 poc=3374.30 vwap=3371.84
2025-08-05T20:35:00+07:00,2025-08-05T20:45:00+07:00,SELL,3363.9,3366.57,3345.53,BE,-0.2,S419 SELL Orochi BREAKOUT@VAL 7R,BREAKOUT@VAL val=3367.65 vah=3380.95 poc=3374.30 vwap=3371.84
2025-08-05T20:50:00+07:00,2025-08-05T21:00:00+07:00,SELL,3365.75,3367.15,3355.79,SL,-1.6,S419 SELL Orochi BREAKOUT@VAL 7R,BREAKOUT@VAL val=3367.65 vah=3380.95 poc=3374.30 vwap=3371.84
2025-08-05T21:05:00+07:00,2025-08-05T21:15:00+07:00,SELL,3367.25,3369.5,3351.58,BE,-0.2,S419 SELL Orochi BREAKOUT@VAL 7R,BREAKOUT@VAL val=3367.65 vah=3380.95 poc=3374.30 vwap=3371.84
2025-08-05T22:35:00+07:00,2025-08-05T22:45:00+07:00,BUY,3382.7,3377.69,3417.69,BE,-0.2,S419 BUY Orochi BREAKOUT@VAH 7R,BREAKOUT@VAH val=3367.65 vah=3380.95 poc=3374.30 vwap=3371.84
2025-08-05T22:50:00+07:00,2025-08-05T23:10:00+07:00,BUY,3386.17,3381.33,3420.29,BE,-0.2,S419 BUY Orochi BREAKOUT@VAH 7R,BREAKOUT@VAH val=3367.65 vah=3380.95 poc=3374.30 vwap=3371.84
2025-08-05T23:15:00+07:00,2025-08-05T23:25:00+07:00,BUY,3387.75,3384.29,3412.29,SL,-3.66,S419 BUY Orochi BREAKOUT@VAH 7R,BREAKOUT@VAH val=3367.65 vah=3380.95 poc=3374.30 vwap=3371.84
2025-08-05T23:30:00+07:00,2025-08-05T23:50:00+07:00,BUY,3382.47,3381.45,3389.93,TP,7.26,S419 BUY Orochi BREAKOUT@VAH 7R,BREAKOUT@VAH val=3367.65 vah=3380.95 poc=3374.30 vwap=3371.84
2025-08-05T23:55:00+07:00,2025-08-06T00:05:00+07:00,BUY,3389.48,3388.28,3397.8,BE,-0.2,S419 BUY Orochi BREAKOUT@VAH 7R,BREAKOUT@VAH val=3367.65 vah=3380.95 poc=3374.30 vwap=3371.84
2025-08-06T00:10:00+07:00,2025-08-06T00:15:00+07:00,BUY,3387.0,3385.92,3395.36,SL,-1.28,S419 BUY Orochi BREAKOUT@VAH 7R,BREAKOUT@VAH val=3367.65 vah=3380.95 poc=3374.30 vwap=3371.84
2025-08-06T00:20:00+07:00,2025-08-06T00:30:00+07:00,BUY,3383.29,3381.03,3399.27,BE,-0.2,S419 BUY Orochi BREAKOUT@VAH 7R,BREAKOUT@VAH val=3367.65 vah=3380.95 poc=3374.30 vwap=3371.84
2025-08-06T01:00:00+07:00,2025-08-06T01:10:00+07:00,BUY,3381.14,3379.59,3392.31,BE,-0.2,S419 BUY Orochi BREAKOUT@VAH 7R,BREAKOUT@VAH val=3367.65 vah=3380.95 poc=3374.30 vwap=3371.84
2025-08-06T01:15:00+07:00,2025-08-06T01:25:00+07:00,BUY,3381.14,3379.97,3389.25,BE,-0.2,S419 BUY Orochi BREAKOUT@VAH 7R,BREAKOUT@VAH val=3367.65 vah=3380.95 poc=3374.30 vwap=3371.84
2025-08-06T01:35:00+07:00,2025-08-06T01:45:00+07:00,BUY,3382.35,3379.38,3402.98,BE,-0.2,S419 BUY Orochi BREAKOUT@VAH 7R,BREAKOUT@VAH val=3367.65 vah=3380.95 poc=3374.30 vwap=3371.84
2025-08-06T07:20:00+07:00,2025-08-06T08:40:00+07:00,BUY,3381.41,3380.46,3387.98,BE,-0.2,S419 BUY Orochi BREAKOUT@VAH 7R,BREAKOUT@VAH val=3367.65 vah=3380.95 poc=3374.30 vwap=3371.84
2025-08-06T08:45:00+07:00,2025-08-06T08:55:00+07:00,BUY,3382.37,3380.62,3394.86,BE,-0.2,S419 BUY Orochi BREAKOUT@VAH 7R,BREAKOUT@VAH val=3370.61 vah=3380.95 poc=3374.30 vwap=3372.26
2025-08-06T09:00:00+07:00,2025-08-06T09:05:00+07:00,BUY,3381.37,3380.29,3389.09,SL,-1.28,S419 BUY Orochi BREAKOUT@VAH 7R,BREAKOUT@VAH val=3369.13 vah=3380.95 poc=3374.30 vwap=3372.21
2025-08-06T17:30:00+07:00,2025-08-06T17:40:00+07:00,SELL,3363.77,3366.46,3345.02,BE,-0.2,S419 SELL Orochi BREAKOUT@VAL 7R,BREAKOUT@VAL val=3364.85 vah=3381.12 poc=3372.31 vwap=3369.07
2025-08-06T17:50:00+07:00,2025-08-06T18:05:00+07:00,SELL,3360.66,3362.89,3345.29,BE,-0.2,S419 SELL Orochi BREAKOUT@VAL 7R,BREAKOUT@VAL val=3364.85 vah=3381.12 poc=3372.31 vwap=3368.93
2025-08-06T18:15:00+07:00,2025-08-06T18:20:00+07:00,SELL,3364.25,3364.89,3359.69,SL,-0.84,S419 SELL Orochi BREAKOUT@VAL 7R,BREAKOUT@VAL val=3364.85 vah=3381.12 poc=3372.31 vwap=3368.79
2025-08-06T18:35:00+07:00,2025-08-06T18:45:00+07:00,SELL,3361.5,3364.3,3341.82,BE,-0.2,S419 SELL Orochi BREAKOUT@VAL 7R,BREAKOUT@VAL val=3364.85 vah=3381.12 poc=3372.31 vwap=3368.65
2025-08-06T18:50:00+07:00,2025-08-06T19:00:00+07:00,SELL,3363.38,3365.82,3346.7,BE,-0.2,S419 SELL Orochi BREAKOUT@VAL 7R,BREAKOUT@VAL val=3364.85 vah=3381.12 poc=3372.31 vwap=3368.53
2025-08-06T19:05:00+07:00,2025-08-06T19:10:00+07:00,SELL,3362.45,3364.09,3350.57,SL,-1.84,S419 SELL Orochi BREAKOUT@VAL 7R,BREAKOUT@VAL val=3363.49 vah=3381.12 poc=3372.31 vwap=3368.40
2025-08-06T20:00:00+07:00,2025-08-06T20:20:00+07:00,SELL,3363.47,3366.24,3344.4,BE,-0.2,S419 SELL Orochi BREAKOUT@VAL 7R,BREAKOUT@VAL val=3370.14 vah=3387.03 poc=3379.43 vwap=3374.99
2025-08-06T20:25:00+07:00,2025-08-06T20:40:00+07:00,SELL,3364.43,3365.82,3354.94,BE,-0.2,S419 SELL Orochi BREAKOUT@VAL 7R,BREAKOUT@VAL val=3370.14 vah=3387.03 poc=3379.43 vwap=3374.99
2025-08-06T20:45:00+07:00,2025-08-06T20:50:00+07:00,SELL,3364.65,3365.48,3358.6,SL,-1.03,S419 SELL Orochi BREAKOUT@VAL 7R,BREAKOUT@VAL val=3370.14 vah=3387.03 poc=3379.43 vwap=3374.99
2025-08-06T20:55:00+07:00,2025-08-06T21:00:00+07:00,SELL,3367.48,3369.85,3351.05,SL,-2.57,S419 SELL Orochi BREAKOUT@VAL 7R,BREAKOUT@VAL val=3370.14 vah=3387.03 poc=3379.43 vwap=3374.99
2025-08-06T21:25:00+07:00,2025-08-06T21:50:00+07:00,SELL,3369.0,3371.18,3353.58,BE,-0.2,S419 SELL Orochi BREAKOUT@VAL 7R,BREAKOUT@VAL val=3370.14 vah=3387.03 poc=3379.43 vwap=3374.99
2025-08-07T02:15:00+07:00,2025-08-07T02:25:00+07:00,SELL,3369.89,3372.31,3352.87,BE,-0.2,S419 SELL Orochi BREAKOUT@VAL 7R,BREAKOUT@VAL val=3370.14 vah=3387.03 poc=3379.43 vwap=3374.99
2025-08-07T04:15:00+07:00,2025-08-07T06:05:00+07:00,SELL,3369.85,3370.95,3362.07,BE,-0.2,S419 SELL Orochi BREAKOUT@VAL 7R,BREAKOUT@VAL val=3370.14 vah=3387.03 poc=3379.43 vwap=3374.99
2025-08-07T07:35:00+07:00,2025-08-07T07:45:00+07:00,SELL,3368.94,3369.88,3362.84,BE,-0.2,S419 SELL Orochi BREAKOUT@VAL 7R,BREAKOUT@VAL val=3370.14 vah=3387.03 poc=3379.43 vwap=3374.99
2025-08-07T07:55:00+07:00,2025-08-07T08:10:00+07:00,SELL,3370.25,3371.07,3364.59,BE,-0.2,S419 SELL Orochi BREAKOUT@VAL 7R,BREAKOUT@VAL val=3370.55 vah=3387.36 poc=3380.48 vwap=3375.44
2025-08-07T14:50:00+07:00,2025-08-07T16:05:00+07:00,BUY,3385.61,3383.43,3400.79,BE,-0.2,S419 BUY Orochi BREAKOUT@VAH 7R,BREAKOUT@VAH val=3367.22 vah=3385.34 poc=3375.71 vwap=3372.92
2025-08-07T20:35:00+07:00,2025-08-07T20:45:00+07:00,BUY,3385.5,3380.53,3420.05,BE,-0.2,S419 BUY Orochi BREAKOUT@VAH 7R,BREAKOUT@VAH val=3369.56 vah=3380.40 poc=3378.08 vwap=3375.67
2025-08-07T20:50:00+07:00,2025-08-07T21:00:00+07:00,BUY,3382.1,3379.5,3400.14,BE,-0.2,S419 BUY Orochi BREAKOUT@VAH 7R,BREAKOUT@VAH val=3369.56 vah=3380.40 poc=3378.08 vwap=3375.67
2025-08-07T21:05:00+07:00,2025-08-07T21:15:00+07:00,BUY,3383.48,3379.25,3413.41,BE,-0.2,S419 BUY Orochi BREAKOUT@VAH 7R,BREAKOUT@VAH val=3369.56 vah=3380.40 poc=3378.08 vwap=3375.67
2025-08-07T21:20:00+07:00,2025-08-07T21:55:00+07:00,BUY,3385.23,3381.55,3411.15,BE,-0.2,S419 BUY Orochi BREAKOUT@VAH 7R,BREAKOUT@VAH val=3369.56 vah=3380.40 poc=3378.08 vwap=3375.67
2025-08-07T22:00:00+07:00,2025-08-07T22:05:00+07:00,BUY,3383.87,3380.33,3408.81,SL,-3.74,S419 BUY Orochi BREAKOUT@VAH 7R,BREAKOUT@VAH val=3369.56 vah=3380.40 poc=3378.08 vwap=3375.67
2025-08-07T22:15:00+07:00,2025-08-07T22:25:00+07:00,BUY,3385.45,3377.14,3441.78,BE,-0.2,S419 BUY Orochi BREAKOUT@VAH 7R,BREAKOUT@VAH val=3369.56 vah=3380.40 poc=3378.08 vwap=3375.67
2025-08-07T22:30:00+07:00,2025-08-07T22:45:00+07:00,BUY,3386.41,3379.07,3437.87,BE,-0.2,S419 BUY Orochi BREAKOUT@VAH 7R,BREAKOUT@VAH val=3369.56 vah=3380.40 poc=3378.08 vwap=3375.67
2025-08-07T22:50:00+07:00,2025-08-07T23:00:00+07:00,BUY,3388.13,3384.23,3415.51,BE,-0.2,S419 BUY Orochi BREAKOUT@VAH 7R,BREAKOUT@VAH val=3369.56 vah=3380.40 poc=3378.08 vwap=3375.67
2025-08-07T23:05:00+07:00,2025-08-07T23:15:00+07:00,BUY,3388.91,3385.42,3413.66,BE,-0.2,S419 BUY Orochi BREAKOUT@VAH 7R,BREAKOUT@VAH val=3369.56 vah=3380.40 poc=3378.08 vwap=3375.67
2025-08-07T23:20:00+07:00,2025-08-07T23:25:00+07:00,BUY,3386.77,3385.51,3395.67,SL,-1.46,S419 BUY Orochi BREAKOUT@VAH 7R,BREAKOUT@VAH val=3369.56 vah=3380.40 poc=3378.08 vwap=3375.67
2025-08-07T23:30:00+07:00,2025-08-07T23:40:00+07:00,BUY,3387.99,3383.59,3418.95,BE,-0.2,S419 BUY Orochi BREAKOUT@VAH 7R,BREAKOUT@VAH val=3369.56 vah=3380.40 poc=3378.08 vwap=3375.67
2025-08-07T23:45:00+07:00,2025-08-08T00:30:00+07:00,BUY,3388.1,3384.62,3412.94,BE,-0.2,S419 BUY Orochi BREAKOUT@VAH 7R,BREAKOUT@VAH val=3369.56 vah=3380.40 poc=3378.08 vwap=3375.67
2025-08-08T00:35:00+07:00,2025-08-08T01:00:00+07:00,BUY,3387.66,3386.97,3392.33,BE,-0.2,S419 BUY Orochi BREAKOUT@VAH 7R,BREAKOUT@VAH val=3369.56 vah=3380.40 poc=3378.08 vwap=3375.67
2025-08-08T01:05:00+07:00,2025-08-08T01:15:00+07:00,BUY,3386.05,3384.81,3394.89,BE,-0.2,S419 BUY Orochi BREAKOUT@VAH 7R,BREAKOUT@VAH val=3369.56 vah=3380.40 poc=3378.08 vwap=3375.67
2025-08-08T01:30:00+07:00,2025-08-08T02:45:00+07:00,BUY,3388.22,3386.46,3400.62,BE,-0.2,S419 BUY Orochi BREAKOUT@VAH 7R,BREAKOUT@VAH val=3369.56 vah=3380.40 poc=3378.08 vwap=3375.67
2025-08-08T02:50:00+07:00,2025-08-08T03:00:00+07:00,BUY,3388.64,3387.18,3398.22,BE,-0.2,S419 BUY Orochi BREAKOUT@VAH 7R,BREAKOUT@VAH val=3369.56 vah=3380.40 poc=3378.08 vwap=3375.67
2025-08-08T03:05:00+07:00,2025-08-08T03:15:00+07:00,BUY,3388.84,3386.93,3402.29,BE,-0.2,S419 BUY Orochi BREAKOUT@VAH 7R,BREAKOUT@VAH val=3369.56 vah=3380.40 poc=3378.08 vwap=3375.67
2025-08-08T03:20:00+07:00,2025-08-08T03:30:00+07:00,BUY,3389.34,3388.32,3396.0,TP,6.46,S419 BUY Orochi BREAKOUT@VAH 7R,BREAKOUT@VAH val=3369.56 vah=3380.40 poc=3378.08 vwap=3375.67
2025-08-08T03:45:00+07:00,2025-08-08T04:00:00+07:00,BUY,3399.11,3396.2,3420.68,BE,-0.2,S419 BUY Orochi BREAKOUT@VAH 7R,BREAKOUT@VAH val=3369.56 vah=3380.40 poc=3378.08 vwap=3375.67
2025-08-08T04:05:00+07:00,2025-08-08T04:30:00+07:00,BUY,3399.21,3397.91,3407.67,BE,-0.2,S419 BUY Orochi BREAKOUT@VAH 7R,BREAKOUT@VAH val=3369.56 vah=3380.40 poc=3378.08 vwap=3375.67
2025-08-08T04:40:00+07:00,2025-08-08T04:45:00+07:00,BUY,3399.11,3396.38,3417.9,SL,-2.93,S419 BUY Orochi BREAKOUT@VAH 7R,BREAKOUT@VAH val=3369.56 vah=3380.40 poc=3378.08 vwap=3375.67
2025-08-08T04:50:00+07:00,2025-08-08T06:10:00+07:00,BUY,3395.94,3392.28,3421.32,BE,-0.2,S419 BUY Orochi BREAKOUT@VAH 7R,BREAKOUT@VAH val=3369.56 vah=3380.40 poc=3378.08 vwap=3375.67
2025-08-08T06:15:00+07:00,2025-08-08T06:20:00+07:00,BUY,3390.45,3389.0,3400.44,SL,-1.65,S419 BUY Orochi BREAKOUT@VAH 7R,BREAKOUT@VAH val=3369.56 vah=3380.40 poc=3378.08 vwap=3375.67
2025-08-08T06:25:00+07:00,2025-08-08T07:55:00+07:00,BUY,3393.09,3387.67,3430.87,BE,-0.2,S419 BUY Orochi BREAKOUT@VAH 7R,BREAKOUT@VAH val=3369.56 vah=3380.40 poc=3378.08 vwap=3375.67
2025-08-08T08:00:00+07:00,2025-08-08T08:10:00+07:00,BUY,3399.59,3391.83,3453.27,BE,-0.2,S419 BUY Orochi BREAKOUT@VAH 7R,BREAKOUT@VAH val=3369.87 vah=3380.59 poc=3376.76 vwap=3376.05
2025-08-08T08:15:00+07:00,2025-08-08T08:20:00+07:00,BUY,3394.5,3392.65,3407.29,SL,-2.05,S419 BUY Orochi BREAKOUT@VAH 7R,BREAKOUT@VAH val=3370.52 vah=3380.44 poc=3376.90 vwap=3376.22
2025-08-08T08:25:00+07:00,2025-08-08T08:35:00+07:00,BUY,3391.81,3390.0,3405.68,BE,-0.2,S419 BUY Orochi BREAKOUT@VAH 7R,BREAKOUT@VAH val=3369.14 vah=3379.92 poc=3377.90 vwap=3376.33
2025-08-08T08:40:00+07:00,2025-08-08T08:50:00+07:00,BUY,3393.65,3388.62,3429.5,BE,-0.2,S419 BUY Orochi BREAKOUT@VAH 7R,BREAKOUT@VAH val=3370.49 vah=3379.92 poc=3377.90 vwap=3376.47
2025-08-08T08:55:00+07:00,2025-08-08T09:05:00+07:00,BUY,3390.43,3386.57,3416.97,BE,-0.2,S419 BUY Orochi BREAKOUT@VAH 7R,BREAKOUT@VAH val=3370.49 vah=3379.92 poc=3377.90 vwap=3376.60
2025-08-08T09:10:00+07:00,2025-08-08T09:20:00+07:00,BUY,3384.72,3381.97,3400.93,BE,-0.2,S419 BUY Orochi BREAKOUT@VAH 7R,BREAKOUT@VAH val=3370.49 vah=3379.92 poc=3377.90 vwap=3376.87
2025-08-08T09:25:00+07:00,2025-08-08T09:35:00+07:00,BUY,3384.87,3381.01,3412.13,BE,-0.2,S419 BUY Orochi BREAKOUT@VAH 7R,BREAKOUT@VAH val=3370.49 vah=3379.92 poc=3377.90 vwap=3377.03
2025-08-08T09:40:00+07:00,2025-08-08T09:50:00+07:00,BUY,3383.11,3380.45,3401.81,BE,-0.2,S419 BUY Orochi BREAKOUT@VAH 7R,BREAKOUT@VAH val=3370.49 vah=3379.92 poc=3377.90 vwap=3377.14
2025-08-08T09:55:00+07:00,2025-08-08T10:05:00+07:00,BUY,3383.57,3381.57,3397.41,BE,-0.2,S419 BUY Orochi BREAKOUT@VAH 7R,BREAKOUT@VAH val=3370.49 vah=3379.92 poc=3377.90 vwap=3377.20
2025-08-08T10:10:00+07:00,2025-08-08T10:20:00+07:00,BUY,3387.34,3382.56,3421.2,BE,-0.2,S419 BUY Orochi BREAKOUT@VAH 7R,BREAKOUT@VAH val=3370.49 vah=3379.92 poc=3377.90 vwap=3377.22
2025-08-08T10:25:00+07:00,2025-08-08T11:05:00+07:00,BUY,3386.74,3385.4,3396.2,BE,-0.2,S419 BUY Orochi BREAKOUT@VAH 7R,BREAKOUT@VAH val=3370.49 vah=3379.92 poc=3377.90 vwap=3377.20
2025-08-08T11:10:00+07:00,2025-08-08T11:20:00+07:00,BUY,3386.18,3383.04,3408.4,BE,-0.2,S419 BUY Orochi BREAKOUT@VAH 7R,BREAKOUT@VAH val=3370.49 vah=3379.92 poc=3377.90 vwap=3377.26
2025-08-08T11:25:00+07:00,2025-08-08T14:45:00+07:00,BUY,3388.96,3385.42,3413.98,BE,-0.2,S419 BUY Orochi BREAKOUT@VAH 7R,BREAKOUT@VAH val=3370.49 vah=3381.27 poc=3377.90 vwap=3377.26
2025-08-08T14:50:00+07:00,2025-08-08T15:40:00+07:00,BUY,3392.23,3388.17,3420.81,BE,-0.2,S419 BUY Orochi BREAKOUT@VAH 7R,BREAKOUT@VAH val=3370.49 vah=3381.27 poc=3377.90 vwap=3378.21
2025-08-08T15:50:00+07:00,2025-08-08T16:45:00+07:00,BUY,3403.01,3397.25,3443.25,SL,-5.96,S419 BUY Orochi BREAKOUT@VAH 7R,BREAKOUT@VAH val=3371.84 vah=3382.62 poc=3377.90 vwap=3378.49
2025-08-08T16:50:00+07:00,2025-08-08T17:00:00+07:00,BUY,3395.77,3393.8,3409.64,BE,-0.2,S419 BUY Orochi BREAKOUT@VAH 7R,BREAKOUT@VAH val=3371.84 vah=3382.62 poc=3377.90 vwap=3378.82
2025-08-08T17:05:00+07:00,2025-08-08T17:30:00+07:00,BUY,3396.95,3393.33,3422.21,BE,-0.2,S419 BUY Orochi BREAKOUT@VAH 7R,BREAKOUT@VAH val=3373.18 vah=3382.62 poc=3377.90 vwap=3378.87
2025-08-08T17:35:00+07:00,2025-08-08T18:05:00+07:00,BUY,3399.55,3396.12,3423.16,BE,-0.2,S419 BUY Orochi BREAKOUT@VAH 7R,BREAKOUT@VAH val=3373.18 vah=3382.62 poc=3377.90 vwap=3378.99
2025-08-08T18:10:00+07:00,2025-08-08T18:15:00+07:00,BUY,3397.13,3395.18,3410.86,SL,-2.15,S419 BUY Orochi BREAKOUT@VAH 7R,BREAKOUT@VAH val=3373.18 vah=3382.62 poc=3377.90 vwap=3379.16
2025-08-08T18:20:00+07:00,2025-08-08T18:25:00+07:00,BUY,3392.46,3389.57,3408.45,SL,-3.09,S419 BUY Orochi BREAKOUT@VAH 7R,BREAKOUT@VAH val=3373.18 vah=3382.62 poc=3377.90 vwap=3379.24
2025-08-08T18:30:00+07:00,2025-08-08T18:35:00+07:00,BUY,3389.58,3388.86,3394.7,SL,-0.92,S419 BUY Orochi BREAKOUT@VAH 7R,BREAKOUT@VAH val=3373.55 vah=3382.35 poc=3377.95 vwap=3379.37
2025-08-08T18:40:00+07:00,2025-08-08T18:50:00+07:00,BUY,3388.3,3385.83,3405.91,BE,-0.2,S419 BUY Orochi BREAKOUT@VAH 7R,BREAKOUT@VAH val=3372.81 vah=3382.19 poc=3378.09 vwap=3379.47
2025-08-08T18:55:00+07:00,2025-08-08T19:10:00+07:00,BUY,3385.06,3383.81,3392.85,BE,-0.2,S419 BUY Orochi BREAKOUT@VAH 7R,BREAKOUT@VAH val=3373.53 vah=3381.50 poc=3378.65 vwap=3379.68
2025-08-08T19:15:00+07:00,2025-08-08T19:20:00+07:00,BUY,3383.03,3381.7,3392.42,SL,-1.53,S419 BUY Orochi BREAKOUT@VAH 7R,BREAKOUT@VAH val=3373.59 vah=3381.54 poc=3378.70 vwap=3379.90
2025-08-08T19:35:00+07:00,2025-08-08T19:55:00+07:00,BUY,3385.07,3380.48,3417.28,BE,-0.2,S419 BUY Orochi BREAKOUT@VAH 7R,BREAKOUT@VAH val=3375.02 vah=3382.49 poc=3378.76 vwap=3380.13
2025-08-08T21:55:00+07:00,2025-08-08T22:00:00+07:00,BUY,3400.2,3396.03,3429.31,SL,-4.37,S419 BUY Orochi BREAKOUT@VAH 7R,BREAKOUT@VAH val=3383.66 vah=3398.96 poc=3388.53 vwap=3391.49
2025-08-09T00:50:00+07:00,2025-08-09T00:55:00+07:00,BUY,3399.89,3397.87,3413.63,SL,-2.22,S419 BUY Orochi BREAKOUT@VAH 7R,BREAKOUT@VAH val=3383.66 vah=3398.96 poc=3388.53 vwap=3391.49
2025-08-11T20:00:00+07:00,2025-08-11T20:05:00+07:00,SELL,3355.9,3356.82,3349.54,SL,-1.12,S419 SELL Orochi BREAKOUT@VAL 7R,BREAKOUT@VAL val=3358.54 vah=3380.11 poc=3376.88 vwap=3369.83
2025-08-11T20:10:00+07:00,2025-08-11T20:25:00+07:00,SELL,3353.72,3357.69,3326.01,BE,-0.2,S419 SELL Orochi BREAKOUT@VAL 7R,BREAKOUT@VAL val=3358.54 vah=3380.11 poc=3376.88 vwap=3369.83
2025-08-11T20:35:00+07:00,2025-08-11T20:40:00+07:00,SELL,3354.02,3354.79,3347.67,SL,-0.97,S419 SELL Orochi BREAKOUT@VAL 7R,BREAKOUT@VAL val=3358.54 vah=3380.11 poc=3376.88 vwap=3369.83
2025-08-11T20:45:00+07:00,2025-08-11T20:55:00+07:00,SELL,3355.49,3357.15,3344.11,BE,-0.2,S419 SELL Orochi BREAKOUT@VAL 7R,BREAKOUT@VAL val=3358.54 vah=3380.11 poc=3376.88 vwap=3369.83
2025-08-11T21:00:00+07:00,2025-08-11T21:30:00+07:00,SELL,3353.88,3359.76,3312.64,BE,-0.2,S419 SELL Orochi BREAKOUT@VAL 7R,BREAKOUT@VAL val=3358.54 vah=3380.11 poc=3376.88 vwap=3369.83
2025-08-11T21:35:00+07:00,2025-08-11T21:40:00+07:00,SELL,3354.17,3357.75,3328.95,SL,-3.78,S419 SELL Orochi BREAKOUT@VAL 7R,BREAKOUT@VAL val=3358.54 vah=3380.11 poc=3376.88 vwap=3369.83
2025-08-11T22:05:00+07:00,2025-08-11T22:15:00+07:00,SELL,3356.23,3360.3,3327.58,BE,-0.2,S419 SELL Orochi BREAKOUT@VAL 7R,BREAKOUT@VAL val=3358.54 vah=3380.11 poc=3376.88 vwap=3369.83
2025-08-11T22:20:00+07:00,2025-08-12T01:35:00+07:00,SELL,3355.57,3360.25,3322.89,BE,-0.2,S419 SELL Orochi BREAKOUT@VAL 7R,BREAKOUT@VAL val=3358.54 vah=3380.11 poc=3376.88 vwap=3369.83
2025-08-12T01:40:00+07:00,2025-08-12T01:50:00+07:00,SELL,3358.4,3359.38,3351.46,BE,-0.2,S419 SELL Orochi BREAKOUT@VAL 7R,BREAKOUT@VAL val=3358.54 vah=3380.11 poc=3376.88 vwap=3369.83
2025-08-12T01:55:00+07:00,2025-08-12T02:05:00+07:00,SELL,3357.61,3359.47,3344.51,BE,-0.2,S419 SELL Orochi BREAKOUT@VAL 7R,BREAKOUT@VAL val=3358.54 vah=3380.11 poc=3376.88 vwap=3369.83
2025-08-12T02:10:00+07:00,2025-08-12T02:25:00+07:00,SELL,3354.22,3359.57,3316.61,BE,-0.2,S419 SELL Orochi BREAKOUT@VAL 7R,BREAKOUT@VAL val=3358.54 vah=3380.11 poc=3376.88 vwap=3369.83
2025-08-12T02:30:00+07:00,2025-08-12T02:40:00+07:00,SELL,3354.67,3357.18,3337.02,BE,-0.2,S419 SELL Orochi BREAKOUT@VAL 7R,BREAKOUT@VAL val=3358.54 vah=3380.11 poc=3376.88 vwap=3369.83
2025-08-12T02:45:00+07:00,2025-08-12T08:45:00+07:00,SELL,3355.25,3357.82,3337.18,BE,-0.2,S419 SELL Orochi BREAKOUT@VAL 7R,BREAKOUT@VAL val=3358.54 vah=3380.11 poc=3376.88 vwap=3369.83
2025-08-12T08:50:00+07:00,2025-08-12T09:00:00+07:00,SELL,3355.27,3356.14,3349.34,BE,-0.2,S419 SELL Orochi BREAKOUT@VAL 7R,BREAKOUT@VAL val=3358.54 vah=3380.11 poc=3376.88 vwap=3369.83
2025-08-12T09:05:00+07:00,2025-08-12T09:10:00+07:00,SELL,3355.5,3356.76,3345.4,SL,-1.46,S419 SELL Orochi BREAKOUT@VAL 7R,BREAKOUT@VAL val=3358.54 vah=3380.11 poc=3376.88 vwap=3369.83
2025-08-12T09:15:00+07:00,2025-08-12T14:20:00+07:00,SELL,3355.94,3357.88,3342.28,TP,13.46,S419 SELL Orochi BREAKOUT@VAL 7R,BREAKOUT@VAL val=3358.54 vah=3380.11 poc=3376.88 vwap=3369.83
2025-08-12T14:25:00+07:00,2025-08-12T14:35:00+07:00,SELL,3344.9,3346.71,3332.15,BE,-0.2,S419 SELL Orochi BREAKOUT@VAL 7R,BREAKOUT@VAL val=3358.54 vah=3380.11 poc=3376.88 vwap=3369.83
2025-08-12T14:40:00+07:00,2025-08-12T15:25:00+07:00,SELL,3348.84,3349.86,3341.62,BE,-0.2,S419 SELL Orochi BREAKOUT@VAL 7R,BREAKOUT@VAL val=3358.54 vah=3380.11 poc=3376.88 vwap=3369.83
2025-08-12T15:30:00+07:00,2025-08-12T15:35:00+07:00,SELL,3353.14,3354.12,3346.52,SL,-1.18,S419 SELL Orochi BREAKOUT@VAL 7R,BREAKOUT@VAL val=3358.54 vah=3380.11 poc=3376.88 vwap=3369.83
2025-08-12T15:40:00+07:00,2025-08-12T15:50:00+07:00,SELL,3355.46,3358.9,3331.3,BE,-0.2,S419 SELL Orochi BREAKOUT@VAL 7R,BREAKOUT@VAL val=3358.54 vah=3380.11 poc=3376.88 vwap=3369.83
2025-08-12T15:55:00+07:00,2025-08-12T16:40:00+07:00,SELL,3355.62,3357.01,3345.97,TP,9.45,S419 SELL Orochi BREAKOUT@VAL 7R,BREAKOUT@VAL val=3358.54 vah=3380.11 poc=3376.88 vwap=3369.83
2025-08-12T16:45:00+07:00,2025-08-12T16:55:00+07:00,SELL,3346.22,3348.54,3329.9,BE,-0.2,S419 SELL Orochi BREAKOUT@VAL 7R,BREAKOUT@VAL val=3359.70 vah=3385.14 poc=3376.33 vwap=3369.57
2025-08-12T17:00:00+07:00,2025-08-12T17:05:00+07:00,SELL,3349.58,3350.37,3344.21,SL,-0.99,S419 SELL Orochi BREAKOUT@VAL 7R,BREAKOUT@VAL val=3359.70 vah=3385.14 poc=3376.33 vwap=3369.43
2025-08-12T17:10:00+07:00,2025-08-12T19:20:00+07:00,SELL,3351.02,3352.49,3340.81,TP,10.01,S419 SELL Orochi BREAKOUT@VAL 7R,BREAKOUT@VAL val=3359.70 vah=3385.14 poc=3376.33 vwap=3369.34
2025-08-12T19:25:00+07:00,2025-08-12T19:35:00+07:00,SELL,3343.03,3344.24,3334.96,BE,-0.2,S419 SELL Orochi BREAKOUT@VAL 7R,BREAKOUT@VAL val=3360.65 vah=3380.78 poc=3376.08 vwap=3366.89
2025-08-12T19:40:00+07:00,2025-08-12T19:50:00+07:00,SELL,3346.39,3347.13,3341.29,BE,-0.2,S419 SELL Orochi BREAKOUT@VAL 7R,BREAKOUT@VAL val=3360.02 vah=3380.25 poc=3377.09 vwap=3366.61
2025-08-12T19:55:00+07:00,2025-08-12T20:30:00+07:00,SELL,3347.52,3349.04,3336.8,BE,-0.2,S419 SELL Orochi BREAKOUT@VAL 7R,BREAKOUT@VAL val=3360.02 vah=3380.25 poc=3377.09 vwap=3366.35
2025-08-12T22:05:00+07:00,2025-08-12T23:10:00+07:00,SELL,3343.04,3348.06,3307.82,BE,-0.2,S419 SELL Orochi BREAKOUT@VAL 7R,BREAKOUT@VAL val=3345.04 vah=3356.18 poc=3350.05 vwap=3350.68
2025-08-13T08:50:00+07:00,2025-08-13T09:00:00+07:00,SELL,3344.38,3346.3,3331.18,BE,-0.2,S419 SELL Orochi BREAKOUT@VAL 7R,BREAKOUT@VAL val=3345.04 vah=3356.18 poc=3350.05 vwap=3350.39
2025-08-13T14:20:00+07:00,2025-08-13T14:30:00+07:00,BUY,3356.19,3353.08,3378.2,BE,-0.2,S419 BUY Orochi BREAKOUT@VAH 7R,BREAKOUT@VAH val=3345.29 vah=3354.45 poc=3353.08 vwap=3349.74
2025-08-13T14:40:00+07:00,2025-08-13T15:00:00+07:00,BUY,3354.77,3353.27,3365.19,BE,-0.2,S419 BUY Orochi BREAKOUT@VAH 7R,BREAKOUT@VAH val=3345.29 vah=3354.45 poc=3351.25 vwap=3349.64
2025-08-13T15:05:00+07:00,2025-08-13T15:15:00+07:00,BUY,3356.33,3353.4,3377.16,BE,-0.2,S419 BUY Orochi BREAKOUT@VAH 7R,BREAKOUT@VAH val=3345.29 vah=3354.45 poc=3351.25 vwap=3349.57
2025-08-13T15:25:00+07:00,2025-08-13T15:35:00+07:00,BUY,3359.09,3357.17,3373.25,BE,-0.2,S419 BUY Orochi BREAKOUT@VAH 7R,BREAKOUT@VAH val=3345.29 vah=3354.45 poc=3351.25 vwap=3349.48
2025-08-13T15:40:00+07:00,2025-08-13T15:50:00+07:00,BUY,3356.82,3355.85,3363.69,BE,-0.2,S419 BUY Orochi BREAKOUT@VAH 7R,BREAKOUT@VAH val=3345.29 vah=3354.45 poc=3351.25 vwap=3349.46
2025-08-13T15:55:00+07:00,2025-08-13T16:00:00+07:00,BUY,3354.77,3353.97,3360.61,SL,-1.0,S419 BUY Orochi BREAKOUT@VAH 7R,BREAKOUT@VAH val=3345.29 vah=3354.45 poc=3351.25 vwap=3349.45
2025-08-13T16:40:00+07:00,2025-08-13T16:50:00+07:00,BUY,3360.11,3356.3,3386.54,BE,-0.2,S419 BUY Orochi BREAKOUT@VAH 7R,BREAKOUT@VAH val=3346.21 vah=3355.37 poc=3351.25 vwap=3349.61
2025-08-13T16:55:00+07:00,2025-08-13T17:05:00+07:00,BUY,3360.26,3358.0,3376.0,BE,-0.2,S419 BUY Orochi BREAKOUT@VAH 7R,BREAKOUT@VAH val=3346.21 vah=3355.37 poc=3351.25 vwap=3349.65
2025-08-13T17:10:00+07:00,2025-08-13T19:30:00+07:00,BUY,3359.32,3358.11,3367.63,BE,-0.2,S419 BUY Orochi BREAKOUT@VAH 7R,BREAKOUT@VAH val=3346.21 vah=3355.37 poc=3351.25 vwap=3349.71
2025-08-13T19:35:00+07:00,2025-08-13T19:45:00+07:00,BUY,3359.61,3358.73,3365.69,BE,-0.2,S419 BUY Orochi BREAKOUT@VAH 7R,BREAKOUT@VAH val=3345.29 vah=3354.45 poc=3351.25 vwap=3349.45
2025-08-13T19:50:00+07:00,2025-08-13T20:05:00+07:00,BUY,3360.33,3358.42,3373.86,BE,-0.2,S419 BUY Orochi BREAKOUT@VAH 7R,BREAKOUT@VAH val=3345.29 vah=3354.45 poc=3351.25 vwap=3349.34
2025-08-13T20:10:00+07:00,2025-08-13T20:30:00+07:00,BUY,3357.39,3355.89,3367.73,BE,-0.2,S419 BUY Orochi BREAKOUT@VAH 7R,BREAKOUT@VAH val=3341.60 vah=3356.59 poc=3348.35 vwap=3349.74
2025-08-13T20:35:00+07:00,2025-08-13T20:45:00+07:00,BUY,3358.97,3354.89,3387.77,BE,-0.2,S419 BUY Orochi BREAKOUT@VAH 7R,BREAKOUT@VAH val=3341.60 vah=3356.59 poc=3348.35 vwap=3349.74
2025-08-13T20:50:00+07:00,2025-08-13T21:00:00+07:00,BUY,3357.88,3356.84,3364.2,BE,-0.2,S419 BUY Orochi BREAKOUT@VAH 7R,BREAKOUT@VAH val=3341.60 vah=3356.59 poc=3348.35 vwap=3349.74
2025-08-13T21:30:00+07:00,2025-08-13T23:15:00+07:00,BUY,3357.32,3354.66,3375.62,BE,-0.2,S419 BUY Orochi BREAKOUT@VAH 7R,BREAKOUT@VAH val=3341.60 vah=3356.59 poc=3348.35 vwap=3349.74
2025-08-13T23:20:00+07:00,2025-08-13T23:30:00+07:00,BUY,3357.32,3354.98,3373.78,SL,-2.54,S419 BUY Orochi BREAKOUT@VAH 7R,BREAKOUT@VAH val=3341.60 vah=3356.59 poc=3348.35 vwap=3349.74
2025-08-13T23:55:00+07:00,2025-08-14T00:05:00+07:00,BUY,3357.89,3355.59,3373.11,BE,-0.2,S419 BUY Orochi BREAKOUT@VAH 7R,BREAKOUT@VAH val=3341.60 vah=3356.59 poc=3348.35 vwap=3349.74
2025-08-14T00:10:00+07:00,2025-08-14T00:20:00+07:00,BUY,3359.23,3356.69,3376.85,BE,-0.2,S419 BUY Orochi BREAKOUT@VAH 7R,BREAKOUT@VAH val=3341.60 vah=3356.59 poc=3348.35 vwap=3349.74
2025-08-14T00:25:00+07:00,2025-08-14T00:35:00+07:00,BUY,3359.69,3358.6,3367.24,BE,-0.2,S419 BUY Orochi BREAKOUT@VAH 7R,BREAKOUT@VAH val=3341.60 vah=3356.59 poc=3348.35 vwap=3349.74
2025-08-14T00:40:00+07:00,2025-08-14T01:05:00+07:00,BUY,3357.26,3356.6,3362.12,BE,-0.2,S419 BUY Orochi BREAKOUT@VAH 7R,BREAKOUT@VAH val=3341.60 vah=3356.59 poc=3348.35 vwap=3349.74
2025-08-14T01:10:00+07:00,2025-08-14T01:20:00+07:00,BUY,3358.42,3356.87,3369.51,BE,-0.2,S419 BUY Orochi BREAKOUT@VAH 7R,BREAKOUT@VAH val=3341.60 vah=3356.59 poc=3348.35 vwap=3349.74
2025-08-14T01:25:00+07:00,2025-08-14T01:30:00+07:00,BUY,3357.54,3356.59,3364.11,SL,-1.15,S419 BUY Orochi BREAKOUT@VAH 7R,BREAKOUT@VAH val=3341.60 vah=3356.59 poc=3348.35 vwap=3349.74
2025-08-14T03:55:00+07:00,2025-08-14T04:05:00+07:00,BUY,3357.88,3356.13,3370.21,BE,-0.2,S419 BUY Orochi BREAKOUT@VAH 7R,BREAKOUT@VAH val=3341.60 vah=3356.59 poc=3348.35 vwap=3349.74
2025-08-14T04:10:00+07:00,2025-08-14T04:30:00+07:00,BUY,3357.67,3356.24,3367.6,SL,-1.63,S419 BUY Orochi BREAKOUT@VAH 7R,BREAKOUT@VAH val=3341.60 vah=3356.59 poc=3348.35 vwap=3349.74
2025-08-14T06:15:00+07:00,2025-08-14T06:25:00+07:00,BUY,3357.76,3356.55,3365.67,BE,-0.2,S419 BUY Orochi BREAKOUT@VAH 7R,BREAKOUT@VAH val=3341.60 vah=3356.59 poc=3348.35 vwap=3349.74
2025-08-14T06:30:00+07:00,2025-08-14T06:40:00+07:00,BUY,3357.41,3356.48,3363.6,BE,-0.2,S419 BUY Orochi BREAKOUT@VAH 7R,BREAKOUT@VAH val=3341.60 vah=3356.59 poc=3348.35 vwap=3349.74
2025-08-14T06:45:00+07:00,2025-08-14T06:55:00+07:00,BUY,3357.9,3357.11,3363.19,BE,-0.2,S419 BUY Orochi BREAKOUT@VAH 7R,BREAKOUT@VAH val=3341.60 vah=3356.59 poc=3348.35 vwap=3349.74
2025-08-14T07:15:00+07:00,2025-08-14T08:05:00+07:00,BUY,3360.57,3359.65,3367.25,TP,6.48,S419 BUY Orochi BREAKOUT@VAH 7R,BREAKOUT@VAH val=3341.60 vah=3356.59 poc=3348.35 vwap=3349.74
2025-08-14T08:30:00+07:00,2025-08-14T08:35:00+07:00,BUY,3371.67,3370.67,3378.83,SL,-1.2,S419 BUY Orochi BREAKOUT@VAH 7R,BREAKOUT@VAH val=3341.60 vah=3356.59 poc=3348.35 vwap=3349.88
2025-08-14T08:40:00+07:00,2025-08-14T08:50:00+07:00,BUY,3371.11,3369.18,3384.7,BE,-0.2,S419 BUY Orochi BREAKOUT@VAH 7R,BREAKOUT@VAH val=3343.10 vah=3358.09 poc=3348.35 vwap=3349.94
2025-08-14T08:55:00+07:00,2025-08-14T09:00:00+07:00,BUY,3369.46,3368.72,3375.44,SL,-0.94,S419 BUY Orochi BREAKOUT@VAH 7R,BREAKOUT@VAH val=3343.10 vah=3359.59 poc=3348.35 vwap=3350.03
2025-08-14T09:05:00+07:00,2025-08-14T09:15:00+07:00,BUY,3369.43,3366.77,3388.21,BE,-0.2,S419 BUY Orochi BREAKOUT@VAH 7R,BREAKOUT@VAH val=3343.10 vah=3359.59 poc=3348.35 vwap=3350.14
2025-08-14T09:20:00+07:00,2025-08-14T09:30:00+07:00,BUY,3366.17,3365.11,3373.67,BE,-0.2,S419 BUY Orochi BREAKOUT@VAH 7R,BREAKOUT@VAH val=3343.10 vah=3359.59 poc=3348.35 vwap=3350.16
2025-08-14T09:35:00+07:00,2025-08-14T10:05:00+07:00,BUY,3366.03,3364.67,3376.91,BE,-0.2,S419 BUY Orochi BREAKOUT@VAH 7R,BREAKOUT@VAH val=3344.60 vah=3359.59 poc=3348.35 vwap=3350.37
2025-08-14T10:10:00+07:00,2025-08-14T10:25:00+07:00,BUY,3368.7,3365.18,3393.02,SL,-3.72,S419 BUY Orochi BREAKOUT@VAH 7R,BREAKOUT@VAH val=3343.98 vah=3356.97 poc=3349.03 vwap=3351.71
2025-08-14T10:30:00+07:00,2025-08-14T10:50:00+07:00,BUY,3365.06,3363.91,3373.03,BE,-0.2,S419 BUY Orochi BREAKOUT@VAH 7R,BREAKOUT@VAH val=3345.85 vah=3357.02 poc=3348.64 vwap=3352.44
2025-08-14T11:00:00+07:00,2025-08-14T11:05:00+07:00,BUY,3360.94,3360.26,3365.54,SL,-0.88,S419 BUY Orochi BREAKOUT@VAH 7R,BREAKOUT@VAH val=3345.77 vah=3356.93 poc=3349.32 vwap=3352.77
2025-08-14T11:10:00+07:00,2025-08-14T11:15:00+07:00,BUY,3359.87,3358.25,3371.37,SL,-1.82,S419 BUY Orochi BREAKOUT@VAH 7R,BREAKOUT@VAH val=3345.77 vah=3356.93 poc=3349.32 vwap=3352.78
2025-08-14T11:20:00+07:00,2025-08-14T11:30:00+07:00,BUY,3358.71,3356.65,3373.29,SL,-2.26,S419 BUY Orochi BREAKOUT@VAH 7R,BREAKOUT@VAH val=3345.77 vah=3356.93 poc=3349.32 vwap=3352.80
2025-08-14T11:45:00+07:00,2025-08-14T11:55:00+07:00,BUY,3358.08,3355.43,3375.91,BE,-0.2,S419 BUY Orochi BREAKOUT@VAH 7R,BREAKOUT@VAH val=3344.76 vah=3356.93 poc=3349.32 vwap=3353.00
2025-08-14T12:00:00+07:00,2025-08-14T12:10:00+07:00,BUY,3359.99,3357.3,3379.86,BE,-0.2,S419 BUY Orochi BREAKOUT@VAH 7R,BREAKOUT@VAH val=3344.76 vah=3356.93 poc=3349.32 vwap=3353.11
2025-08-14T12:15:00+07:00,2025-08-14T12:25:00+07:00,BUY,3360.13,3359.33,3365.65,BE,-0.2,S419 BUY Orochi BREAKOUT@VAH 7R,BREAKOUT@VAH val=3344.76 vah=3356.93 poc=3349.32 vwap=3353.20
2025-08-14T12:30:00+07:00,2025-08-14T13:20:00+07:00,BUY,3359.11,3358.27,3364.75,BE,-0.2,S419 BUY Orochi BREAKOUT@VAH 7R,BREAKOUT@VAH val=3344.76 vah=3357.95 poc=3349.32 vwap=3353.28
2025-08-14T13:25:00+07:00,2025-08-14T13:30:00+07:00,BUY,3359.26,3358.3,3365.9,SL,-1.16,S419 BUY Orochi BREAKOUT@VAH 7R,BREAKOUT@VAH val=3344.76 vah=3358.96 poc=3349.32 vwap=3353.60
2025-08-14T15:05:00+07:00,2025-08-14T15:15:00+07:00,BUY,3364.49,3360.99,3388.83,BE,-0.2,S419 BUY Orochi BREAKOUT@VAH 7R,BREAKOUT@VAH val=3344.76 vah=3359.98 poc=3350.34 vwap=3354.21
2025-08-14T15:20:00+07:00,2025-08-14T15:30:00+07:00,BUY,3363.77,3360.87,3384.23,SL,-3.1,S419 BUY Orochi BREAKOUT@VAH 7R,BREAKOUT@VAH val=3344.76 vah=3359.98 poc=3350.34 vwap=3354.30
2025-08-14T20:35:00+07:00,2025-08-14T20:45:00+07:00,SELL,3350.44,3353.97,3325.33,BE,-0.2,S419 SELL Orochi BREAKOUT@VAL 7R,BREAKOUT@VAL val=3353.96 vah=3366.42 poc=3357.42 vwap=3359.00
2025-08-14T20:55:00+07:00,2025-08-14T21:05:00+07:00,SELL,3350.58,3354.86,3319.98,BE,-0.2,S419 SELL Orochi BREAKOUT@VAL 7R,BREAKOUT@VAL val=3353.96 vah=3366.42 poc=3357.42 vwap=3359.00
2025-08-14T21:15:00+07:00,2025-08-18T07:15:00+07:00,SELL,3353.04,3357.13,3324.97,TP,27.87,S419 SELL Orochi BREAKOUT@VAL 7R,BREAKOUT@VAL val=3353.96 vah=3366.42 poc=3357.42 vwap=3359.00
2025-08-18T21:40:00+07:00,2025-08-19T11:05:00+07:00,SELL,3339.99,3342.31,3323.59,BE,-0.2,S419 SELL Orochi BREAKOUT@VAL 7R,BREAKOUT@VAL val=3341.01 vah=3352.65 poc=3349.01 vwap=3345.73
2025-08-19T11:30:00+07:00,2025-08-19T13:25:00+07:00,SELL,3339.55,3341.98,3322.38,BE,-0.2,S419 SELL Orochi BREAKOUT@VAL 7R,BREAKOUT@VAL val=3341.01 vah=3352.65 poc=3349.01 vwap=3345.73
2025-08-19T13:30:00+07:00,2025-08-19T13:40:00+07:00,SELL,3338.7,3341.08,3321.96,BE,-0.2,S419 SELL Orochi BREAKOUT@VAL 7R,BREAKOUT@VAL val=3341.01 vah=3352.65 poc=3349.01 vwap=3345.73
2025-08-19T13:45:00+07:00,2025-08-19T14:20:00+07:00,SELL,3338.1,3339.91,3325.75,BE,-0.2,S419 SELL Orochi BREAKOUT@VAL 7R,BREAKOUT@VAL val=3341.01 vah=3352.65 poc=3349.01 vwap=3345.73
2025-08-19T14:25:00+07:00,2025-08-19T14:35:00+07:00,SELL,3336.4,3339.24,3316.6,BE,-0.2,S419 SELL Orochi BREAKOUT@VAL 7R,BREAKOUT@VAL val=3341.01 vah=3352.65 poc=3349.01 vwap=3345.73
2025-08-19T14:45:00+07:00,2025-08-19T14:55:00+07:00,SELL,3336.37,3337.01,3331.73,BE,-0.2,S419 SELL Orochi BREAKOUT@VAL 7R,BREAKOUT@VAL val=3341.01 vah=3352.65 poc=3349.01 vwap=3345.73
2025-08-19T15:00:00+07:00,2025-08-19T15:05:00+07:00,SELL,3336.54,3337.33,3331.17,SL,-0.99,S419 SELL Orochi BREAKOUT@VAL 7R,BREAKOUT@VAL val=3341.01 vah=3352.65 poc=3349.01 vwap=3345.73
2025-08-19T15:15:00+07:00,2025-08-19T15:25:00+07:00,SELL,3340.36,3342.24,3326.8,BE,-0.2,S419 SELL Orochi BREAKOUT@VAL 7R,BREAKOUT@VAL val=3341.01 vah=3352.65 poc=3349.01 vwap=3345.73
2025-08-19T15:30:00+07:00,2025-08-19T15:40:00+07:00,SELL,3338.96,3341.09,3323.89,BE,-0.2,S419 SELL Orochi BREAKOUT@VAL 7R,BREAKOUT@VAL val=3341.01 vah=3352.65 poc=3349.01 vwap=3345.73
2025-08-19T15:45:00+07:00,2025-08-19T15:55:00+07:00,SELL,3339.25,3340.94,3327.34,BE,-0.2,S419 SELL Orochi BREAKOUT@VAL 7R,BREAKOUT@VAL val=3341.01 vah=3352.65 poc=3349.01 vwap=3345.73
2025-08-19T16:00:00+07:00,2025-08-19T16:20:00+07:00,SELL,3338.99,3341.46,3321.78,BE,-0.2,S419 SELL Orochi BREAKOUT@VAL 7R,BREAKOUT@VAL val=3341.01 vah=3352.65 poc=3349.01 vwap=3345.73
2025-08-19T16:25:00+07:00,2025-08-19T16:35:00+07:00,SELL,3338.59,3339.78,3330.18,BE,-0.2,S419 SELL Orochi BREAKOUT@VAL 7R,BREAKOUT@VAL val=3341.01 vah=3352.65 poc=3349.01 vwap=3345.73
2025-08-19T16:40:00+07:00,2025-08-19T16:45:00+07:00,SELL,3338.52,3339.32,3333.0,SL,-1.0,S419 SELL Orochi BREAKOUT@VAL 7R,BREAKOUT@VAL val=3341.01 vah=3352.65 poc=3349.01 vwap=3345.89
2025-08-19T16:50:00+07:00,2025-08-19T17:00:00+07:00,SELL,3338.76,3339.84,3331.28,BE,-0.2,S419 SELL Orochi BREAKOUT@VAL 7R,BREAKOUT@VAL val=3341.01 vah=3352.65 poc=3349.01 vwap=3345.95
2025-08-19T17:05:00+07:00,2025-08-19T17:20:00+07:00,SELL,3338.23,3339.82,3326.94,BE,-0.2,S419 SELL Orochi BREAKOUT@VAL 7R,BREAKOUT@VAL val=3341.01 vah=3352.65 poc=3349.01 vwap=3346.03
2025-08-19T17:25:00+07:00,2025-08-19T17:35:00+07:00,SELL,3337.77,3338.63,3332.63,BE,-0.2,S419 SELL Orochi BREAKOUT@VAL 7R,BREAKOUT@VAL val=3341.01 vah=3351.19 poc=3349.01 vwap=3346.12
2025-08-19T17:40:00+07:00,2025-08-19T17:50:00+07:00,SELL,3338.95,3339.64,3333.24,BE,-0.2,S419 SELL Orochi BREAKOUT@VAL 7R,BREAKOUT@VAL val=3341.01 vah=3351.19 poc=3349.01 vwap=3346.50
2025-08-19T17:55:00+07:00,2025-08-19T18:00:00+07:00,SELL,3339.33,3339.96,3334.84,SL,-0.83,S419 SELL Orochi BREAKOUT@VAL 7R,BREAKOUT@VAL val=3342.09 vah=3351.64 poc=3348.23 vwap=3346.86
2025-08-19T18:05:00+07:00,2025-08-19T18:10:00+07:00,SELL,3341.66,3342.87,3333.35,SL,-1.41,S419 SELL Orochi BREAKOUT@VAL 7R,BREAKOUT@VAL val=3342.09 vah=3351.64 poc=3348.23 vwap=3346.94
2025-08-19T18:50:00+07:00,2025-08-19T18:55:00+07:00,SELL,3343.07,3343.75,3338.23,SL,-0.88,S419 SELL Orochi BREAKOUT@VAL 7R,BREAKOUT@VAL val=3343.75 vah=3351.93 poc=3349.06 vwap=3347.99
2025-08-19T19:20:00+07:00,2025-08-19T19:45:00+07:00,SELL,3342.16,3343.72,3331.4,BE,-0.2,S419 SELL Orochi BREAKOUT@VAL 7R,BREAKOUT@VAL val=3343.56 vah=3351.41 poc=3348.66 vwap=3348.32
2025-08-19T19:50:00+07:00,2025-08-19T21:10:00+07:00,SELL,3340.62,3342.54,3327.1,TP,13.32,S419 SELL Orochi BREAKOUT@VAL 7R,BREAKOUT@VAL val=3345.13 vah=3351.41 poc=3348.66 vwap=3348.81
2025-08-19T21:15:00+07:00,2025-08-19T21:25:00+07:00,SELL,3330.36,3333.12,3310.64,BE,-0.2,S419 SELL Orochi BREAKOUT@VAL 7R,BREAKOUT@VAL val=3331.72 vah=3340.26 poc=3333.14 vwap=3336.93
2025-08-19T22:55:00+07:00,2025-08-19T23:00:00+07:00,SELL,3325.31,3326.47,3317.03,SL,-1.36,S419 SELL Orochi BREAKOUT@VAL 7R,BREAKOUT@VAL val=3331.72 vah=3340.26 poc=3333.14 vwap=3336.93
2025-08-19T23:05:00+07:00,2025-08-19T23:15:00+07:00,SELL,3323.09,3327.48,3292.2,BE,-0.2,S419 SELL Orochi BREAKOUT@VAL 7R,BREAKOUT@VAL val=3331.72 vah=3340.26 poc=3333.14 vwap=3336.93
2025-08-19T23:20:00+07:00,2025-08-19T23:30:00+07:00,SELL,3325.11,3326.82,3312.82,BE,-0.2,S419 SELL Orochi BREAKOUT@VAL 7R,BREAKOUT@VAL val=3331.72 vah=3340.26 poc=3333.14 vwap=3336.93
2025-08-19T23:35:00+07:00,2025-08-20T00:50:00+07:00,SELL,3325.78,3326.97,3317.69,TP,7.89,S419 SELL Orochi BREAKOUT@VAL 7R,BREAKOUT@VAL val=3331.72 vah=3340.26 poc=3333.14 vwap=3336.93
2025-08-20T00:55:00+07:00,2025-08-20T01:05:00+07:00,SELL,3317.47,3319.24,3305.32,BE,-0.2,S419 SELL Orochi BREAKOUT@VAL 7R,BREAKOUT@VAL val=3331.72 vah=3340.26 poc=3333.14 vwap=3336.93
2025-08-20T01:10:00+07:00,2025-08-20T01:20:00+07:00,SELL,3317.8,3319.47,3306.19,BE,-0.2,S419 SELL Orochi BREAKOUT@VAL 7R,BREAKOUT@VAL val=3331.72 vah=3340.26 poc=3333.14 vwap=3336.93
2025-08-20T01:30:00+07:00,2025-08-20T01:40:00+07:00,SELL,3316.58,3318.67,3301.63,SL,-2.29,S419 SELL Orochi BREAKOUT@VAL 7R,BREAKOUT@VAL val=3331.72 vah=3340.26 poc=3333.14 vwap=3336.93
2025-08-20T01:45:00+07:00,2025-08-20T02:00:00+07:00,SELL,3318.22,3320.52,3301.88,BE,-0.2,S419 SELL Orochi BREAKOUT@VAL 7R,BREAKOUT@VAL val=3331.72 vah=3340.26 poc=3333.14 vwap=3336.93
2025-08-20T02:05:00+07:00,2025-08-20T02:15:00+07:00,SELL,3317.52,3318.8,3308.0,BE,-0.2,S419 SELL Orochi BREAKOUT@VAL 7R,BREAKOUT@VAL val=3331.72 vah=3340.26 poc=3333.14 vwap=3336.93
2025-08-20T02:20:00+07:00,2025-08-20T02:30:00+07:00,SELL,3318.79,3319.49,3313.65,BE,-0.2,S419 SELL Orochi BREAKOUT@VAL 7R,BREAKOUT@VAL val=3331.72 vah=3340.26 poc=3333.14 vwap=3336.93
2025-08-20T02:35:00+07:00,2025-08-20T02:45:00+07:00,SELL,3319.0,3319.92,3312.64,BE,-0.2,S419 SELL Orochi BREAKOUT@VAL 7R,BREAKOUT@VAL val=3331.72 vah=3340.26 poc=3333.14 vwap=3336.93
2025-08-20T02:50:00+07:00,2025-08-20T12:15:00+07:00,SELL,3319.03,3320.5,3308.82,BE,-0.2,S419 SELL Orochi BREAKOUT@VAL 7R,BREAKOUT@VAL val=3331.72 vah=3340.26 poc=3333.14 vwap=3336.93
2025-08-20T12:20:00+07:00,2025-08-20T12:30:00+07:00,SELL,3318.84,3319.72,3312.6,BE,-0.2,S419 SELL Orochi BREAKOUT@VAL 7R,BREAKOUT@VAL val=3330.84 vah=3338.86 poc=3332.84 vwap=3336.23
2025-08-20T12:40:00+07:00,2025-08-20T13:05:00+07:00,SELL,3320.35,3321.12,3314.88,BE,-0.2,S419 SELL Orochi BREAKOUT@VAL 7R,BREAKOUT@VAL val=3332.44 vah=3341.27 poc=3338.46 vwap=3336.31
2025-08-20T13:10:00+07:00,2025-08-20T13:30:00+07:00,SELL,3319.36,3320.71,3309.99,BE,-0.2,S419 SELL Orochi BREAKOUT@VAL 7R,BREAKOUT@VAL val=3332.44 vah=3341.27 poc=3338.46 vwap=3336.42
2025-08-20T13:35:00+07:00,2025-08-20T13:45:00+07:00,SELL,3320.86,3321.61,3315.45,BE,-0.2,S419 SELL Orochi BREAKOUT@VAL 7R,BREAKOUT@VAL val=3332.44 vah=3341.27 poc=3338.46 vwap=3336.47
2025-08-20T13:50:00+07:00,2025-08-20T13:55:00+07:00,SELL,3321.95,3322.57,3317.69,SL,-0.82,S419 SELL Orochi BREAKOUT@VAL 7R,BREAKOUT@VAL val=3332.44 vah=3341.27 poc=3338.46 vwap=3336.50
2025-08-20T14:05:00+07:00,2025-08-20T14:10:00+07:00,SELL,3324.39,3325.14,3318.98,SL,-0.95,S419 SELL Orochi BREAKOUT@VAL 7R,BREAKOUT@VAL val=3332.44 vah=3341.27 poc=3338.46 vwap=3336.54
2025-08-20T14:20:00+07:00,2025-08-20T14:35:00+07:00,SELL,3324.16,3326.29,3309.17,BE,-0.2,S419 SELL Orochi BREAKOUT@VAL 7R,BREAKOUT@VAL val=3332.44 vah=3341.27 poc=3338.46 vwap=3336.58
2025-08-20T14:40:00+07:00,2025-08-20T15:05:00+07:00,SELL,3324.35,3325.26,3317.74,BE,-0.2,S419 SELL Orochi BREAKOUT@VAL 7R,BREAKOUT@VAL val=3332.44 vah=3341.27 poc=3338.46 vwap=3336.67
2025-08-20T15:30:00+07:00,2025-08-20T15:40:00+07:00,SELL,3324.42,3325.79,3315.15,BE,-0.2,S419 SELL Orochi BREAKOUT@VAL 7R,BREAKOUT@VAL val=3333.24 vah=3341.27 poc=3338.46 vwap=3336.86
2025-08-20T15:45:00+07:00,2025-08-20T17:05:00+07:00,SELL,3325.93,3326.98,3318.5,BE,-0.2,S419 SELL Orochi BREAKOUT@VAL 7R,BREAKOUT@VAL val=3333.24 vah=3341.27 poc=3338.46 vwap=3336.88
2025-08-20T17:15:00+07:00,2025-08-20T17:25:00+07:00,SELL,3326.29,3327.78,3315.94,BE,-0.2,S419 SELL Orochi BREAKOUT@VAL 7R,BREAKOUT@VAL val=3333.24 vah=3341.27 poc=3338.46 vwap=3337.00
2025-08-20T17:30:00+07:00,2025-08-20T18:10:00+07:00,SELL,3325.62,3327.82,3310.38,BE,-0.2,S419 SELL Orochi BREAKOUT@VAL 7R,BREAKOUT@VAL val=3333.24 vah=3341.27 poc=3338.46 vwap=3337.01
2025-08-20T18:15:00+07:00,2025-08-20T18:25:00+07:00,SELL,3325.71,3327.47,3313.47,BE,-0.2,S419 SELL Orochi BREAKOUT@VAL 7R,BREAKOUT@VAL val=3333.24 vah=3341.27 poc=3338.46 vwap=3337.12
2025-08-20T18:30:00+07:00,2025-08-20T18:40:00+07:00,SELL,3327.15,3328.27,3319.47,BE,-0.2,S419 SELL Orochi BREAKOUT@VAL 7R,BREAKOUT@VAL val=3333.45 vah=3341.34 poc=3338.38 vwap=3337.38
2025-08-20T18:45:00+07:00,2025-08-20T19:00:00+07:00,SELL,3327.07,3327.83,3321.67,BE,-0.2,S419 SELL Orochi BREAKOUT@VAL 7R,BREAKOUT@VAL val=3333.45 vah=3341.34 poc=3338.38 vwap=3337.41
2025-08-20T19:15:00+07:00,2025-08-20T19:25:00+07:00,SELL,3329.13,3331.01,3316.21,BE,-0.2,S419 SELL Orochi BREAKOUT@VAL 7R,BREAKOUT@VAL val=3333.45 vah=3341.34 poc=3338.38 vwap=3337.48
2025-08-20T19:30:00+07:00,2025-08-20T19:35:00+07:00,SELL,3330.78,3331.55,3325.63,SL,-0.97,S419 SELL Orochi BREAKOUT@VAL 7R,BREAKOUT@VAL val=3334.11 vah=3341.99 poc=3338.38 vwap=3337.66
2025-08-20T19:45:00+07:00,2025-08-20T19:55:00+07:00,SELL,3329.93,3331.19,3321.03,BE,-0.2,S419 SELL Orochi BREAKOUT@VAL 7R,BREAKOUT@VAL val=3334.77 vah=3341.99 poc=3338.38 vwap=3337.93
2025-08-20T20:05:00+07:00,2025-08-21T14:25:00+07:00,BUY,3334.34,3331.73,3352.77,BE,-0.2,S419 BUY Orochi BREAKOUT@VAH 7R,BREAKOUT@VAH val=3312.77 vah=3327.29 poc=3317.01 vwap=3323.59
2025-08-21T14:30:00+07:00,2025-08-21T14:50:00+07:00,BUY,3335.97,3333.92,3350.4,BE,-0.2,S419 BUY Orochi BREAKOUT@VAH 7R,BREAKOUT@VAH val=3311.56 vah=3324.90 poc=3316.45 vwap=3320.36
2025-08-21T14:55:00+07:00,2025-08-21T15:05:00+07:00,BUY,3336.57,3334.9,3348.5,BE,-0.2,S419 BUY Orochi BREAKOUT@VAH 7R,BREAKOUT@VAH val=3311.56 vah=3324.90 poc=3315.56 vwap=3320.44
2025-08-21T15:15:00+07:00,2025-08-21T15:25:00+07:00,BUY,3337.49,3336.4,3345.04,BE,-0.2,S419 BUY Orochi BREAKOUT@VAH 7R,BREAKOUT@VAH val=3311.56 vah=3324.90 poc=3315.56 vwap=3320.52
2025-08-21T15:30:00+07:00,2025-08-21T16:45:00+07:00,BUY,3338.39,3336.84,3349.0,BE,-0.2,S419 BUY Orochi BREAKOUT@VAH 7R,BREAKOUT@VAH val=3311.56 vah=3324.90 poc=3314.67 vwap=3320.59
2025-08-21T16:55:00+07:00,2025-08-21T17:00:00+07:00,BUY,3339.61,3338.15,3349.91,SL,-1.66,S419 BUY Orochi BREAKOUT@VAH 7R,BREAKOUT@VAH val=3311.56 vah=3324.90 poc=3314.67 vwap=3320.78
2025-08-21T17:10:00+07:00,2025-08-21T17:20:00+07:00,BUY,3340.41,3338.4,3354.56,BE,-0.2,S419 BUY Orochi BREAKOUT@VAH 7R,BREAKOUT@VAH val=3311.56 vah=3324.90 poc=3314.67 vwap=3320.80
2025-08-21T17:25:00+07:00,2025-08-21T17:35:00+07:00,BUY,3339.29,3338.14,3348.14,BE,-0.2,S419 BUY Orochi BREAKOUT@VAH 7R,BREAKOUT@VAH val=3311.56 vah=3324.90 poc=3314.67 vwap=3320.84
2025-08-21T17:40:00+07:00,2025-08-21T18:10:00+07:00,BUY,3339.42,3338.24,3346.32,BE,-0.2,S419 BUY Orochi BREAKOUT@VAH 7R,BREAKOUT@VAH val=3311.56 vah=3324.90 poc=3314.67 vwap=3320.87
2025-08-21T18:15:00+07:00,2025-08-21T18:25:00+07:00,BUY,3339.77,3338.79,3346.87,BE,-0.2,S419 BUY Orochi BREAKOUT@VAH 7R,BREAKOUT@VAH val=3314.23 vah=3327.57 poc=3325.35 vwap=3321.00
2025-08-21T18:40:00+07:00,2025-08-21T18:50:00+07:00,BUY,3330.4,3328.57,3343.85,BE,-0.2,S419 BUY Orochi BREAKOUT@VAH 7R,BREAKOUT@VAH val=3315.12 vah=3327.57 poc=3325.35 vwap=3321.23
2025-08-21T18:55:00+07:00,2025-08-21T19:00:00+07:00,BUY,3328.52,3327.03,3338.31,SL,-1.69,S419 BUY Orochi BREAKOUT@VAH 7R,BREAKOUT@VAH val=3315.12 vah=3327.57 poc=3325.35 vwap=3321.36
2025-08-21T19:10:00+07:00,2025-08-21T19:20:00+07:00,BUY,3329.51,3325.7,3356.02,BE,-0.2,S419 BUY Orochi BREAKOUT@VAH 7R,BREAKOUT@VAH val=3315.12 vah=3327.57 poc=3325.35 vwap=3321.49
2025-08-21T19:25:00+07:00,2025-08-21T19:35:00+07:00,BUY,3331.07,3328.8,3346.72,BE,-0.2,S419 BUY Orochi BREAKOUT@VAH 7R,BREAKOUT@VAH val=3315.12 vah=3327.57 poc=3325.35 vwap=3321.71
2025-08-21T19:40:00+07:00,2025-08-21T19:55:00+07:00,BUY,3333.73,3330.04,3359.8,BE,-0.2,S419 BUY Orochi BREAKOUT@VAH 7R,BREAKOUT@VAH val=3316.01 vah=3327.57 poc=3325.35 vwap=3322.00
2025-08-22T08:05:00+07:00,2025-08-22T08:20:00+07:00,SELL,3337.39,3338.59,3329.63,BE,-0.2,S419 SELL Orochi BREAKOUT@VAL 7R,BREAKOUT@VAL val=3338.56 vah=3347.58 poc=3340.25 vwap=3341.53
2025-08-22T08:25:00+07:00,2025-08-22T08:30:00+07:00,SELL,3337.54,3338.64,3330.24,SL,-1.3,S419 SELL Orochi BREAKOUT@VAL 7R,BREAKOUT@VAL val=3338.56 vah=3347.58 poc=3340.25 vwap=3341.53
2025-08-22T08:40:00+07:00,2025-08-22T08:50:00+07:00,SELL,3337.33,3339.36,3323.84,BE,-0.2,S419 SELL Orochi BREAKOUT@VAL 7R,BREAKOUT@VAL val=3338.56 vah=3348.71 poc=3340.25 vwap=3341.51
2025-08-22T09:20:00+07:00,2025-08-22T09:30:00+07:00,SELL,3337.47,3339.35,3325.51,BE,-0.2,S419 SELL Orochi BREAKOUT@VAL 7R,BREAKOUT@VAL val=3338.56 vah=3348.71 poc=3340.25 vwap=3341.43
2025-08-22T09:35:00+07:00,2025-08-22T09:45:00+07:00,SELL,3338.13,3338.9,3332.66,BE,-0.2,S419 SELL Orochi BREAKOUT@VAL 7R,BREAKOUT@VAL val=3338.56 vah=3348.71 poc=3340.25 vwap=3341.37
2025-08-22T10:00:00+07:00,2025-08-22T10:05:00+07:00,SELL,3333.79,3335.34,3323.26,SL,-1.75,S419 SELL Orochi BREAKOUT@VAL 7R,BREAKOUT@VAL val=3337.43 vah=3348.71 poc=3340.25 vwap=3341.29
2025-08-22T10:10:00+07:00,2025-08-22T10:20:00+07:00,SELL,3334.5,3336.62,3319.42,BE,-0.2,S419 SELL Orochi BREAKOUT@VAL 7R,BREAKOUT@VAL val=3337.43 vah=3348.71 poc=3340.25 vwap=3341.22
2025-08-22T10:25:00+07:00,2025-08-22T10:35:00+07:00,SELL,3335.16,3336.24,3327.52,BE,-0.2,S419 SELL Orochi BREAKOUT@VAL 7R,BREAKOUT@VAL val=3336.30 vah=3346.45 poc=3340.25 vwap=3340.96
2025-08-22T10:40:00+07:00,2025-08-22T10:50:00+07:00,SELL,3333.86,3336.0,3318.8,BE,-0.2,S419 SELL Orochi BREAKOUT@VAL 7R,BREAKOUT@VAL val=3336.30 vah=3346.45 poc=3340.25 vwap=3340.87
2025-08-22T10:55:00+07:00,2025-08-22T11:25:00+07:00,SELL,3334.0,3334.91,3327.95,BE,-0.2,S419 SELL Orochi BREAKOUT@VAL 7R,BREAKOUT@VAL val=3336.30 vah=3346.45 poc=3340.25 vwap=3340.86
2025-08-22T11:30:00+07:00,2025-08-22T11:35:00+07:00,SELL,3334.29,3335.11,3329.11,SL,-1.02,S419 SELL Orochi BREAKOUT@VAL 7R,BREAKOUT@VAL val=3336.30 vah=3347.58 poc=3339.12 vwap=3340.85
2025-08-22T11:40:00+07:00,2025-08-22T15:15:00+07:00,SELL,3334.09,3335.66,3323.18,BE,-0.2,S419 SELL Orochi BREAKOUT@VAL 7R,BREAKOUT@VAL val=3336.30 vah=3347.58 poc=3339.12 vwap=3340.83
2025-08-22T15:25:00+07:00,2025-08-22T21:35:00+07:00,SELL,3332.43,3335.49,3311.33,BE,-0.2,S419 SELL Orochi BREAKOUT@VAL 7R,BREAKOUT@VAL val=3334.04 vah=3345.32 poc=3339.12 vwap=3339.51
2025-08-22T22:20:00+07:00,2025-08-25T09:35:00+07:00,BUY,3362.34,3355.85,3408.09,BE,-0.2,S419 BUY Orochi BREAKOUT@VAH 7R,BREAKOUT@VAH val=3331.99 vah=3346.23 poc=3339.11 vwap=3337.21
2025-08-25T20:15:00+07:00,2025-08-25T20:25:00+07:00,BUY,3369.61,3368.03,3380.59,BE,-0.2,S419 BUY Orochi BREAKOUT@VAH 7R,BREAKOUT@VAH val=3363.73 vah=3368.61 poc=3364.46 vwap=3365.88
2025-08-25T21:05:00+07:00,2025-08-25T21:30:00+07:00,SELL,3362.72,3365.33,3344.37,BE,-0.2,S419 SELL Orochi BREAKOUT@VAL 7R,BREAKOUT@VAL val=3363.73 vah=3368.61 poc=3364.46 vwap=3365.88
2025-08-25T21:55:00+07:00,2025-08-25T22:05:00+07:00,BUY,3370.83,3369.01,3383.89,BE,-0.2,S419 BUY Orochi BREAKOUT@VAH 7R,BREAKOUT@VAH val=3363.73 vah=3368.61 poc=3364.46 vwap=3365.88
2025-08-25T22:15:00+07:00,2025-08-25T22:25:00+07:00,BUY,3373.27,3370.41,3392.89,BE,-0.2,S419 BUY Orochi BREAKOUT@VAH 7R,BREAKOUT@VAH val=3363.73 vah=3368.61 poc=3364.46 vwap=3365.88
2025-08-25T22:30:00+07:00,2025-08-26T01:30:00+07:00,BUY,3371.53,3368.69,3391.33,BE,-0.2,S419 BUY Orochi BREAKOUT@VAH 7R,BREAKOUT@VAH val=3363.73 vah=3368.61 poc=3364.46 vwap=3365.88
2025-08-26T01:35:00+07:00,2025-08-26T01:55:00+07:00,BUY,3371.67,3370.95,3376.55,BE,-0.2,S419 BUY Orochi BREAKOUT@VAH 7R,BREAKOUT@VAH val=3363.73 vah=3368.61 poc=3364.46 vwap=3365.88
2025-08-26T02:00:00+07:00,2025-08-26T02:10:00+07:00,BUY,3371.03,3370.23,3376.79,BE,-0.2,S419 BUY Orochi BREAKOUT@VAH 7R,BREAKOUT@VAH val=3363.73 vah=3368.61 poc=3364.46 vwap=3365.88
2025-08-26T02:15:00+07:00,2025-08-26T02:25:00+07:00,BUY,3372.49,3370.62,3385.5,BE,-0.2,S419 BUY Orochi BREAKOUT@VAH 7R,BREAKOUT@VAH val=3363.73 vah=3368.61 poc=3364.46 vwap=3365.88
2025-08-26T02:40:00+07:00,2025-08-26T02:45:00+07:00,BUY,3372.09,3371.4,3377.0,SL,-0.89,S419 BUY Orochi BREAKOUT@VAH 7R,BREAKOUT@VAH val=3363.73 vah=3368.61 poc=3364.46 vwap=3365.88
2025-08-26T02:50:00+07:00,2025-08-26T03:00:00+07:00,BUY,3370.7,3369.69,3377.69,SL,-1.21,S419 BUY Orochi BREAKOUT@VAH 7R,BREAKOUT@VAH val=3363.73 vah=3368.61 poc=3364.46 vwap=3365.88
2025-08-26T03:05:00+07:00,2025-08-26T03:20:00+07:00,BUY,3369.03,3367.9,3377.02,BE,-0.2,S419 BUY Orochi BREAKOUT@VAH 7R,BREAKOUT@VAH val=3363.73 vah=3368.61 poc=3364.46 vwap=3365.88
2025-08-26T07:20:00+07:00,2025-08-26T08:00:00+07:00,SELL,3357.31,3358.74,3346.34,BE,-0.2,S419 SELL Orochi BREAKOUT@VAL 7R,BREAKOUT@VAL val=3363.73 vah=3368.61 poc=3364.46 vwap=3365.88
2025-08-26T08:05:00+07:00,2025-08-26T08:10:00+07:00,SELL,3359.8,3361.27,3349.19,SL,-1.67,S419 SELL Orochi BREAKOUT@VAL 7R,BREAKOUT@VAL val=3363.73 vah=3368.61 poc=3364.46 vwap=3365.88
2025-08-26T08:25:00+07:00,2025-08-26T09:05:00+07:00,BUY,3377.61,3370.91,3424.43,BE,-0.2,S419 BUY Orochi BREAKOUT@VAH 7R,BREAKOUT@VAH val=3363.73 vah=3368.61 poc=3364.46 vwap=3365.88
2025-08-26T09:10:00+07:00,2025-08-26T09:15:00+07:00,BUY,3375.91,3373.82,3390.46,SL,-2.29,S419 BUY Orochi BREAKOUT@VAH 7R,BREAKOUT@VAH val=3363.73 vah=3368.61 poc=3364.46 vwap=3365.88
2025-08-26T09:20:00+07:00,2025-08-26T09:35:00+07:00,BUY,3374.54,3371.35,3396.95,BE,-0.2,S419 BUY Orochi BREAKOUT@VAH 7R,BREAKOUT@VAH val=3363.73 vah=3368.61 poc=3364.46 vwap=3365.88
2025-08-26T09:40:00+07:00,2025-08-26T09:50:00+07:00,BUY,3376.23,3371.06,3412.1,BE,-0.2,S419 BUY Orochi BREAKOUT@VAH 7R,BREAKOUT@VAH val=3363.73 vah=3368.61 poc=3364.46 vwap=3365.88
2025-08-26T09:55:00+07:00,2025-08-26T10:10:00+07:00,BUY,3376.71,3372.26,3408.74,BE,-0.2,S419 BUY Orochi BREAKOUT@VAH 7R,BREAKOUT@VAH val=3363.73 vah=3368.61 poc=3364.46 vwap=3365.88
2025-08-26T10:15:00+07:00,2025-08-26T10:30:00+07:00,BUY,3377.07,3375.31,3389.31,BE,-0.2,S419 BUY Orochi BREAKOUT@VAH 7R,BREAKOUT@VAH val=3363.73 vah=3368.61 poc=3364.46 vwap=3365.88
2025-08-26T10:35:00+07:00,2025-08-26T10:40:00+07:00,BUY,3377.16,3375.14,3391.22,SL,-2.22,S419 BUY Orochi BREAKOUT@VAH 7R,BREAKOUT@VAH val=3363.73 vah=3368.61 poc=3364.46 vwap=3365.88
2025-08-26T10:45:00+07:00,2025-08-26T11:00:00+07:00,BUY,3373.17,3372.46,3378.22,BE,-0.2,S419 BUY Orochi BREAKOUT@VAH 7R,BREAKOUT@VAH val=3363.73 vah=3368.61 poc=3364.46 vwap=3365.88
2025-08-26T11:05:00+07:00,2025-08-26T11:10:00+07:00,BUY,3371.36,3370.42,3378.1,SL,-1.14,S419 BUY Orochi BREAKOUT@VAH 7R,BREAKOUT@VAH val=3363.73 vah=3368.61 poc=3364.46 vwap=3365.88
2025-08-26T11:15:00+07:00,2025-08-26T12:40:00+07:00,BUY,3370.49,3369.39,3377.87,TP,7.18,S419 BUY Orochi BREAKOUT@VAH 7R,BREAKOUT@VAH val=3363.73 vah=3368.61 poc=3364.46 vwap=3365.88
2025-08-26T12:45:00+07:00,2025-08-26T12:55:00+07:00,BUY,3377.89,3376.43,3388.27,BE,-0.2,S419 BUY Orochi BREAKOUT@VAH 7R,BREAKOUT@VAH val=3363.73 vah=3368.61 poc=3364.46 vwap=3365.88
2025-08-26T13:00:00+07:00,2025-08-26T13:10:00+07:00,BUY,3377.87,3376.56,3386.96,SL,-1.51,S419 BUY Orochi BREAKOUT@VAH 7R,BREAKOUT@VAH val=3363.73 vah=3368.61 poc=3364.46 vwap=3365.88
2025-08-26T13:15:00+07:00,2025-08-26T13:20:00+07:00,BUY,3373.89,3373.14,3379.22,SL,-0.95,S419 BUY Orochi BREAKOUT@VAH 7R,BREAKOUT@VAH val=3363.73 vah=3368.61 poc=3364.46 vwap=3365.88
2025-08-26T13:25:00+07:00,2025-08-26T13:30:00+07:00,BUY,3373.18,3372.45,3379.01,SL,-0.93,S419 BUY Orochi BREAKOUT@VAH 7R,BREAKOUT@VAH val=3363.73 vah=3368.61 poc=3364.46 vwap=3365.88
2025-08-26T13:45:00+07:00,2025-08-26T13:55:00+07:00,BUY,3376.85,3374.7,3391.82,BE,-0.2,S419 BUY Orochi BREAKOUT@VAH 7R,BREAKOUT@VAH val=3363.73 vah=3368.61 poc=3364.46 vwap=3365.88
2025-08-26T14:00:00+07:00,2025-08-26T14:10:00+07:00,BUY,3375.58,3374.79,3381.27,BE,-0.2,S419 BUY Orochi BREAKOUT@VAH 7R,BREAKOUT@VAH val=3363.73 vah=3368.61 poc=3364.46 vwap=3365.88
2025-08-26T14:20:00+07:00,2025-08-26T15:10:00+07:00,BUY,3372.82,3372.02,3378.34,BE,-0.2,S419 BUY Orochi BREAKOUT@VAH 7R,BREAKOUT@VAH val=3363.73 vah=3368.61 poc=3364.46 vwap=3365.88
2025-08-26T15:20:00+07:00,2025-08-26T17:45:00+07:00,BUY,3369.84,3366.67,3391.79,BE,-0.2,S419 BUY Orochi BREAKOUT@VAH 7R,BREAKOUT@VAH val=3363.73 vah=3368.61 poc=3364.46 vwap=3365.88
2025-08-26T17:50:00+07:00,2025-08-26T18:30:00+07:00,BUY,3370.26,3369.25,3377.25,BE,-0.2,S419 BUY Orochi BREAKOUT@VAH 7R,BREAKOUT@VAH val=3363.73 vah=3368.61 poc=3364.46 vwap=3365.77
2025-08-26T18:45:00+07:00,2025-08-26T23:55:00+07:00,BUY,3369.94,3367.1,3389.34,TP,19.2,S419 BUY Orochi BREAKOUT@VAH 7R,BREAKOUT@VAH val=3363.73 vah=3368.61 poc=3364.46 vwap=3365.66
2025-08-27T00:00:00+07:00,2025-08-27T00:10:00+07:00,BUY,3386.74,3384.89,3399.53,BE,-0.2,S419 BUY Orochi BREAKOUT@VAH 7R,BREAKOUT@VAH val=3368.84 vah=3379.10 poc=3372.50 vwap=3372.74
2025-08-27T00:15:00+07:00,2025-08-27T00:25:00+07:00,BUY,3383.65,3382.97,3388.57,BE,-0.2,S419 BUY Orochi BREAKOUT@VAH 7R,BREAKOUT@VAH val=3368.84 vah=3379.10 poc=3372.50 vwap=3372.74
2025-08-27T00:30:00+07:00,2025-08-27T00:45:00+07:00,BUY,3385.45,3382.89,3403.69,SL,-2.76,S419 BUY Orochi BREAKOUT@VAH 7R,BREAKOUT@VAH val=3368.84 vah=3379.10 poc=3372.50 vwap=3372.74
2025-08-27T00:50:00+07:00,2025-08-27T01:00:00+07:00,BUY,3383.08,3382.17,3389.21,BE,-0.2,S419 BUY Orochi BREAKOUT@VAH 7R,BREAKOUT@VAH val=3368.84 vah=3379.10 poc=3372.50 vwap=3372.74
2025-08-27T01:10:00+07:00,2025-08-27T01:30:00+07:00,BUY,3383.4,3382.38,3390.62,BE,-0.2,S419 BUY Orochi BREAKOUT@VAH 7R,BREAKOUT@VAH val=3368.84 vah=3379.10 poc=3372.50 vwap=3372.74
2025-08-27T01:40:00+07:00,2025-08-27T01:50:00+07:00,BUY,3381.93,3381.24,3386.52,BE,-0.2,S419 BUY Orochi BREAKOUT@VAH 7R,BREAKOUT@VAH val=3368.84 vah=3379.10 poc=3372.50 vwap=3372.74
2025-08-27T02:05:00+07:00,2025-08-27T03:05:00+07:00,BUY,3380.8,3380.02,3386.34,TP,5.34,S419 BUY Orochi BREAKOUT@VAH 7R,BREAKOUT@VAH val=3368.84 vah=3379.10 poc=3372.50 vwap=3372.74
2025-08-27T03:15:00+07:00,2025-08-27T03:25:00+07:00,BUY,3388.39,3387.43,3395.03,BE,-0.2,S419 BUY Orochi BREAKOUT@VAH 7R,BREAKOUT@VAH val=3368.84 vah=3379.10 poc=3372.50 vwap=3372.74
2025-08-27T03:35:00+07:00,2025-08-27T09:00:00+07:00,BUY,3388.44,3387.69,3393.77,BE,-0.2,S419 BUY Orochi BREAKOUT@VAH 7R,BREAKOUT@VAH val=3368.84 vah=3379.10 poc=3372.50 vwap=3372.74
2025-08-27T09:05:00+07:00,2025-08-27T09:15:00+07:00,BUY,3387.17,3386.18,3394.42,BE,-0.2,S419 BUY Orochi BREAKOUT@VAH 7R,BREAKOUT@VAH val=3370.31 vah=3379.10 poc=3372.50 vwap=3373.24
2025-08-27T09:20:00+07:00,2025-08-27T09:30:00+07:00,BUY,3385.2,3384.02,3393.38,BE,-0.2,S419 BUY Orochi BREAKOUT@VAH 7R,BREAKOUT@VAH val=3370.31 vah=3379.10 poc=3372.50 vwap=3373.34
2025-08-27T09:50:00+07:00,2025-08-27T10:20:00+07:00,BUY,3387.54,3384.72,3406.56,SL,-3.02,S419 BUY Orochi BREAKOUT@VAH 7R,BREAKOUT@VAH val=3370.31 vah=3379.10 poc=3372.50 vwap=3373.39
2025-08-27T10:25:00+07:00,2025-08-27T10:35:00+07:00,BUY,3385.69,3383.92,3398.16,BE,-0.2,S419 BUY Orochi BREAKOUT@VAH 7R,BREAKOUT@VAH val=3370.31 vah=3379.10 poc=3372.50 vwap=3373.40
2025-08-27T10:40:00+07:00,2025-08-27T10:50:00+07:00,BUY,3383.73,3381.7,3397.78,BE,-0.2,S419 BUY Orochi BREAKOUT@VAH 7R,BREAKOUT@VAH val=3370.31 vah=3379.10 poc=3372.50 vwap=3373.38
2025-08-27T10:55:00+07:00,2025-08-27T11:05:00+07:00,BUY,3384.1,3382.86,3392.86,BE,-0.2,S419 BUY Orochi BREAKOUT@VAH 7R,BREAKOUT@VAH val=3368.84 vah=3379.10 poc=3372.50 vwap=3373.36
2025-08-27T11:10:00+07:00,2025-08-27T11:15:00+07:00,BUY,3383.96,3383.3,3388.66,SL,-0.86,S419 BUY Orochi BREAKOUT@VAH 7R,BREAKOUT@VAH val=3368.84 vah=3379.10 poc=3372.50 vwap=3373.36
2025-08-27T11:20:00+07:00,2025-08-27T11:30:00+07:00,BUY,3382.55,3381.55,3389.31,BE,-0.2,S419 BUY Orochi BREAKOUT@VAH 7R,BREAKOUT@VAH val=3368.84 vah=3379.10 poc=3372.50 vwap=3373.36
2025-08-27T11:35:00+07:00,2025-08-27T11:45:00+07:00,BUY,3382.37,3380.91,3392.67,BE,-0.2,S419 BUY Orochi BREAKOUT@VAH 7R,BREAKOUT@VAH val=3368.84 vah=3379.10 poc=3372.50 vwap=3373.36
2025-08-27T11:50:00+07:00,2025-08-27T11:55:00+07:00,BUY,3381.43,3380.62,3387.02,SL,-1.01,S419 BUY Orochi BREAKOUT@VAH 7R,BREAKOUT@VAH val=3368.84 vah=3379.10 poc=3376.90 vwap=3373.36
2025-08-27T12:05:00+07:00,2025-08-27T12:10:00+07:00,BUY,3379.73,3379.05,3384.09,SL,-0.88,S419 BUY Orochi BREAKOUT@VAH 7R,BREAKOUT@VAH val=3368.84 vah=3379.10 poc=3376.90 vwap=3373.36
2025-08-27T14:20:00+07:00,2025-08-27T14:30:00+07:00,BUY,3380.69,3378.96,3392.64,BE,-0.2,S419 BUY Orochi BREAKOUT@VAH 7R,BREAKOUT@VAH val=3368.84 vah=3379.10 poc=3376.90 vwap=3373.43
2025-08-27T14:45:00+07:00,2025-08-27T14:50:00+07:00,BUY,3379.63,3377.9,3391.66,SL,-1.93,S419 BUY Orochi BREAKOUT@VAH 7R,BREAKOUT@VAH val=3368.84 vah=3379.10 poc=3376.90 vwap=3373.52
2025-08-27T15:55:00+07:00,2025-08-27T16:10:00+07:00,BUY,3381.47,3378.68,3401.08,BE,-0.2,S419 BUY Orochi BREAKOUT@VAH 7R,BREAKOUT@VAH val=3368.84 vah=3379.10 poc=3376.90 vwap=3373.84
2025-08-27T16:15:00+07:00,2025-08-27T16:30:00+07:00,BUY,3383.27,3380.48,3402.88,BE,-0.2,S419 BUY Orochi BREAKOUT@VAH 7R,BREAKOUT@VAH val=3370.31 vah=3379.10 poc=3376.90 vwap=3373.91
2025-08-27T16:35:00+07:00,2025-08-27T16:40:00+07:00,BUY,3382.58,3381.78,3388.26,SL,-1.0,S419 BUY Orochi BREAKOUT@VAH 7R,BREAKOUT@VAH val=3370.31 vah=3379.10 poc=3376.90 vwap=3373.96
2025-08-27T16:45:00+07:00,2025-08-27T17:25:00+07:00,BUY,3383.1,3381.29,3395.69,BE,-0.2,S419 BUY Orochi BREAKOUT@VAH 7R,BREAKOUT@VAH val=3370.31 vah=3379.10 poc=3376.90 vwap=3374.01
2025-08-27T17:30:00+07:00,2025-08-27T17:35:00+07:00,BUY,3383.09,3381.81,3392.13,SL,-1.48,S419 BUY Orochi BREAKOUT@VAH 7R,BREAKOUT@VAH val=3370.31 vah=3379.10 poc=3376.90 vwap=3374.11
2025-08-27T23:15:00+07:00,2025-08-27T23:25:00+07:00,BUY,3387.53,3386.73,3392.49,BE,-0.2,S419 BUY Orochi BREAKOUT@VAH 7R,BREAKOUT@VAH val=3373.24 vah=3385.83 poc=3375.67 vwap=3380.74
2025-08-27T23:30:00+07:00,2025-08-27T23:45:00+07:00,BUY,3387.88,3385.62,3403.62,BE,-0.2,S419 BUY Orochi BREAKOUT@VAH 7R,BREAKOUT@VAH val=3373.24 vah=3385.83 poc=3375.67 vwap=3380.74
2025-08-27T23:50:00+07:00,2025-08-28T00:35:00+07:00,BUY,3387.06,3385.92,3395.12,TP,7.86,S419 BUY Orochi BREAKOUT@VAH 7R,BREAKOUT@VAH val=3373.24 vah=3385.83 poc=3375.67 vwap=3380.74
2025-08-28T00:40:00+07:00,2025-08-28T02:00:00+07:00,BUY,3394.68,3392.35,3409.95,BE,-0.2,S419 BUY Orochi BREAKOUT@VAH 7R,BREAKOUT@VAH val=3373.24 vah=3385.83 poc=3375.67 vwap=3380.74
2025-08-28T02:10:00+07:00,2025-08-28T08:50:00+07:00,BUY,3393.6,3392.04,3404.44,BE,-0.2,S419 BUY Orochi BREAKOUT@VAH 7R,BREAKOUT@VAH val=3373.24 vah=3385.83 poc=3375.67 vwap=3380.74
2025-08-28T08:55:00+07:00,2025-08-28T09:00:00+07:00,BUY,3392.05,3390.87,3400.47,SL,-1.38,S419 BUY Orochi BREAKOUT@VAH 7R,BREAKOUT@VAH val=3374.21 vah=3385.83 poc=3375.67 vwap=3381.42
2025-08-28T09:05:00+07:00,2025-08-28T09:15:00+07:00,BUY,3390.32,3389.27,3397.59,BE,-0.2,S419 BUY Orochi BREAKOUT@VAH 7R,BREAKOUT@VAH val=3374.21 vah=3385.83 poc=3375.67 vwap=3381.54
2025-08-28T09:20:00+07:00,2025-08-28T09:30:00+07:00,BUY,3389.28,3387.04,3404.88,BE,-0.2,S419 BUY Orochi BREAKOUT@VAH 7R,BREAKOUT@VAH val=3374.21 vah=3385.83 poc=3384.38 vwap=3381.72
2025-08-28T09:35:00+07:00,2025-08-28T09:45:00+07:00,BUY,3386.64,3385.37,3395.61,BE,-0.2,S419 BUY Orochi BREAKOUT@VAH 7R,BREAKOUT@VAH val=3374.21 vah=3385.83 poc=3384.38 vwap=3381.95
2025-08-28T10:15:00+07:00,2025-08-28T10:25:00+07:00,BUY,3387.19,3384.2,3408.28,BE,-0.2,S419 BUY Orochi BREAKOUT@VAH 7R,BREAKOUT@VAH val=3375.43 vah=3386.16 poc=3383.27 vwap=3382.45
2025-08-28T10:55:00+07:00,2025-08-28T11:05:00+07:00,BUY,3391.39,3389.22,3406.5,BE,-0.2,S419 BUY Orochi BREAKOUT@VAH 7R,BREAKOUT@VAH val=3375.43 vah=3386.16 poc=3383.27 vwap=3382.58
2025-08-28T11:10:00+07:00,2025-08-28T11:20:00+07:00,BUY,3391.85,3390.96,3397.92,BE,-0.2,S419 BUY Orochi BREAKOUT@VAH 7R,BREAKOUT@VAH val=3374.61 vah=3386.16 poc=3384.09 vwap=3382.55
2025-08-28T11:30:00+07:00,2025-08-28T11:40:00+07:00,BUY,3390.51,3389.81,3395.65,BE,-0.2,S419 BUY Orochi BREAKOUT@VAH 7R,BREAKOUT@VAH val=3374.61 vah=3386.16 poc=3383.27 vwap=3382.43
2025-08-28T11:50:00+07:00,2025-08-28T12:00:00+07:00,BUY,3389.73,3388.54,3397.98,BE,-0.2,S419 BUY Orochi BREAKOUT@VAH 7R,BREAKOUT@VAH val=3374.61 vah=3386.16 poc=3383.27 vwap=3382.36
2025-08-28T12:05:00+07:00,2025-08-28T13:40:00+07:00,BUY,3389.31,3388.44,3395.16,BE,-0.2,S419 BUY Orochi BREAKOUT@VAH 7R,BREAKOUT@VAH val=3374.61 vah=3386.16 poc=3383.27 vwap=3382.32
2025-08-28T13:45:00+07:00,2025-08-28T14:05:00+07:00,BUY,3388.12,3387.46,3392.5,TP,4.18,S419 BUY Orochi BREAKOUT@VAH 7R,BREAKOUT@VAH val=3374.61 vah=3386.16 poc=3375.84 vwap=3382.25
2025-08-28T14:10:00+07:00,2025-08-28T14:15:00+07:00,BUY,3390.73,3389.4,3400.36,SL,-1.53,S419 BUY Orochi BREAKOUT@VAH 7R,BREAKOUT@VAH val=3374.61 vah=3386.16 poc=3375.84 vwap=3382.23
2025-08-28T14:25:00+07:00,2025-08-28T15:15:00+07:00,BUY,3390.2,3389.17,3397.33,TP,6.93,S419 BUY Orochi BREAKOUT@VAH 7R,BREAKOUT@VAH val=3374.61 vah=3386.16 poc=3375.84 vwap=3382.20
2025-08-28T15:20:00+07:00,2025-08-28T15:25:00+07:00,BUY,3394.98,3394.35,3399.47,SL,-0.83,S419 BUY Orochi BREAKOUT@VAH 7R,BREAKOUT@VAH val=3374.61 vah=3385.33 poc=3375.84 vwap=3381.77
2025-08-28T15:30:00+07:00,2025-08-28T15:45:00+07:00,BUY,3394.51,3393.5,3401.5,BE,-0.2,S419 BUY Orochi BREAKOUT@VAH 7R,BREAKOUT@VAH val=3374.61 vah=3385.33 poc=3375.84 vwap=3381.65
2025-08-28T15:50:00+07:00,2025-08-28T16:00:00+07:00,BUY,3395.28,3393.76,3406.32,BE,-0.2,S419 BUY Orochi BREAKOUT@VAH 7R,BREAKOUT@VAH val=3374.61 vah=3385.33 poc=3375.84 vwap=3381.55
2025-08-28T16:05:00+07:00,2025-08-28T16:10:00+07:00,BUY,3395.43,3394.39,3402.87,SL,-1.24,S419 BUY Orochi BREAKOUT@VAH 7R,BREAKOUT@VAH val=3374.61 vah=3385.33 poc=3375.84 vwap=3381.49
2025-08-28T16:15:00+07:00,2025-08-28T16:25:00+07:00,BUY,3395.41,3393.48,3408.76,BE,-0.2,S419 BUY Orochi BREAKOUT@VAH 7R,BREAKOUT@VAH val=3374.61 vah=3385.33 poc=3375.84 vwap=3381.46
2025-08-28T16:40:00+07:00,2025-08-28T17:30:00+07:00,BUY,3398.51,3396.48,3412.64,BE,-0.2,S419 BUY Orochi BREAKOUT@VAH 7R,BREAKOUT@VAH val=3374.60 vah=3384.47 poc=3375.84 vwap=3381.27
2025-08-28T17:35:00+07:00,2025-08-28T17:45:00+07:00,BUY,3399.77,3398.06,3411.98,BE,-0.2,S419 BUY Orochi BREAKOUT@VAH 7R,BREAKOUT@VAH val=3374.60 vah=3384.47 poc=3375.84 vwap=3381.04
2025-08-28T17:50:00+07:00,2025-08-28T18:00:00+07:00,BUY,3400.28,3398.4,3412.48,SL,-2.08,S419 BUY Orochi BREAKOUT@VAH 7R,BREAKOUT@VAH val=3374.60 vah=3384.47 poc=3375.84 vwap=3380.96
2025-08-28T18:05:00+07:00,2025-08-28T18:15:00+07:00,BUY,3395.22,3393.55,3406.83,BE,-0.2,S419 BUY Orochi BREAKOUT@VAH 7R,BREAKOUT@VAH val=3374.60 vah=3384.47 poc=3375.84 vwap=3380.88
2025-08-28T18:20:00+07:00,2025-08-28T19:25:00+07:00,BUY,3395.07,3394.05,3402.45,TP,7.18,S419 BUY Orochi BREAKOUT@VAH 7R,BREAKOUT@VAH val=3374.60 vah=3384.47 poc=3375.84 vwap=3380.79
2025-08-28T19:35:00+07:00,2025-08-28T19:45:00+07:00,BUY,3406.1,3403.57,3423.97,BE,-0.2,S419 BUY Orochi BREAKOUT@VAH 7R,BREAKOUT@VAH val=3374.37 vah=3383.16 poc=3375.83 vwap=3379.78
2025-08-28T19:50:00+07:00,2025-08-28T19:55:00+07:00,BUY,3405.88,3404.28,3416.84,SL,-1.8,S419 BUY Orochi BREAKOUT@VAH 7R,BREAKOUT@VAH val=3374.37 vah=3382.57 poc=3375.83 vwap=3379.59
2025-08-28T20:00:00+07:00,2025-08-28T20:30:00+07:00,BUY,3405.5,3403.14,3420.98,BE,-0.2,S419 BUY Orochi BREAKOUT@VAH 7R,BREAKOUT@VAH val=3385.41 vah=3400.71 poc=3395.84 vwap=3391.26
2025-08-28T20:35:00+07:00,2025-08-28T20:45:00+07:00,BUY,3401.95,3400.6,3411.16,BE,-0.2,S419 BUY Orochi BREAKOUT@VAH 7R,BREAKOUT@VAH val=3385.41 vah=3400.71 poc=3395.84 vwap=3391.26
2025-08-28T21:25:00+07:00,2025-08-28T21:35:00+07:00,BUY,3404.62,3400.19,3435.71,BE,-0.2,S419 BUY Orochi BREAKOUT@VAH 7R,BREAKOUT@VAH val=3385.41 vah=3400.71 poc=3395.84 vwap=3391.26
2025-08-28T21:40:00+07:00,2025-08-28T23:20:00+07:00,BUY,3405.87,3400.84,3440.84,BE,-0.2,S419 BUY Orochi BREAKOUT@VAH 7R,BREAKOUT@VAH val=3385.41 vah=3400.71 poc=3395.84 vwap=3391.26
2025-08-28T23:25:00+07:00,2025-08-28T23:30:00+07:00,BUY,3406.42,3404.95,3416.79,SL,-1.67,S419 BUY Orochi BREAKOUT@VAH 7R,BREAKOUT@VAH val=3385.41 vah=3400.71 poc=3395.84 vwap=3391.26
2025-08-28T23:35:00+07:00,2025-08-28T23:45:00+07:00,BUY,3406.45,3404.0,3423.84,BE,-0.2,S419 BUY Orochi BREAKOUT@VAH 7R,BREAKOUT@VAH val=3385.41 vah=3400.71 poc=3395.84 vwap=3391.26
2025-08-28T23:55:00+07:00,2025-08-29T00:05:00+07:00,BUY,3411.0,3407.81,3432.53,BE,-0.2,S419 BUY Orochi BREAKOUT@VAH 7R,BREAKOUT@VAH val=3385.41 vah=3400.71 poc=3395.84 vwap=3391.26
2025-08-29T00:15:00+07:00,2025-08-29T08:20:00+07:00,BUY,3414.02,3411.25,3433.25,BE,-0.2,S419 BUY Orochi BREAKOUT@VAH 7R,BREAKOUT@VAH val=3385.41 vah=3400.71 poc=3395.84 vwap=3391.26
2025-08-29T08:30:00+07:00,2025-08-29T08:40:00+07:00,BUY,3413.69,3412.83,3419.79,BE,-0.2,S419 BUY Orochi BREAKOUT@VAH 7R,BREAKOUT@VAH val=3386.25 vah=3399.63 poc=3394.95 vwap=3391.97
2025-08-29T08:45:00+07:00,2025-08-29T08:55:00+07:00,BUY,3413.64,3412.82,3419.22,BE,-0.2,S419 BUY Orochi BREAKOUT@VAH 7R,BREAKOUT@VAH val=3386.25 vah=3399.63 poc=3394.95 vwap=3392.10
2025-08-29T09:05:00+07:00,2025-08-29T09:20:00+07:00,BUY,3412.3,3410.98,3420.9,BE,-0.2,S419 BUY Orochi BREAKOUT@VAH 7R,BREAKOUT@VAH val=3387.59 vah=3399.63 poc=3394.95 vwap=3392.49
2025-08-29T09:25:00+07:00,2025-08-29T09:35:00+07:00,BUY,3410.26,3409.51,3415.43,BE,-0.2,S419 BUY Orochi BREAKOUT@VAH 7R,BREAKOUT@VAH val=3387.93 vah=3399.77 poc=3395.16 vwap=3393.03
2025-08-29T09:45:00+07:00,2025-08-29T09:55:00+07:00,BUY,3410.01,3407.55,3427.07,BE,-0.2,S419 BUY Orochi BREAKOUT@VAH 7R,BREAKOUT@VAH val=3388.53 vah=3399.78 poc=3395.84 vwap=3393.43
2025-08-29T10:00:00+07:00,2025-08-29T10:10:00+07:00,BUY,3411.58,3408.99,3429.79,BE,-0.2,S419 BUY Orochi BREAKOUT@VAH 7R,BREAKOUT@VAH val=3387.60 vah=3398.74 poc=3395.96 vwap=3393.67
2025-08-29T10:15:00+07:00,2025-08-29T10:25:00+07:00,BUY,3412.11,3411.15,3418.43,BE,-0.2,S419 BUY Orochi BREAKOUT@VAH 7R,BREAKOUT@VAH val=3389.38 vah=3400.55 poc=3395.98 vwap=3393.88
2025-08-29T10:35:00+07:00,2025-08-29T10:45:00+07:00,BUY,3412.75,3411.56,3421.16,BE,-0.2,S419 BUY Orochi BREAKOUT@VAH 7R,BREAKOUT@VAH val=3389.39 vah=3400.93 poc=3395.64 vwap=3394.12
2025-08-29T10:55:00+07:00,2025-08-29T11:05:00+07:00,BUY,3411.31,3410.66,3415.54,BE,-0.2,S419 BUY Orochi BREAKOUT@VAH 7R,BREAKOUT@VAH val=3389.39 vah=3400.93 poc=3395.64 vwap=3394.31
2025-08-29T11:15:00+07:00,2025-08-29T11:25:00+07:00,BUY,3411.1,3409.58,3421.9,BE,-0.2,S419 BUY Orochi BREAKOUT@VAH 7R,BREAKOUT@VAH val=3390.35 vah=3400.93 poc=3395.64 vwap=3394.43
2025-08-29T11:30:00+07:00,2025-08-29T11:55:00+07:00,BUY,3411.13,3410.49,3415.45,BE,-0.2,S419 BUY Orochi BREAKOUT@VAH 7R,BREAKOUT@VAH val=3390.35 vah=3400.93 poc=3395.64 vwap=3394.52
2025-08-29T12:00:00+07:00,2025-08-29T12:05:00+07:00,BUY,3409.57,3408.87,3414.55,SL,-0.9,S419 BUY Orochi BREAKOUT@VAH 7R,BREAKOUT@VAH val=3390.35 vah=3400.93 poc=3395.64 vwap=3394.64
2025-08-29T12:10:00+07:00,2025-08-29T12:20:00+07:00,BUY,3409.29,3408.16,3417.04,BE,-0.2,S419 BUY Orochi BREAKOUT@VAH 7R,BREAKOUT@VAH val=3390.35 vah=3400.93 poc=3395.64 vwap=3394.64
2025-08-29T12:25:00+07:00,2025-08-29T12:35:00+07:00,BUY,3408.53,3407.23,3417.55,BE,-0.2,S419 BUY Orochi BREAKOUT@VAH 7R,BREAKOUT@VAH val=3390.35 vah=3400.93 poc=3395.64 vwap=3394.59
2025-08-29T12:45:00+07:00,2025-08-29T12:55:00+07:00,BUY,3408.66,3408.01,3412.89,BE,-0.2,S419 BUY Orochi BREAKOUT@VAH 7R,BREAKOUT@VAH val=3389.39 vah=3400.93 poc=3395.64 vwap=3394.54
2025-08-29T13:20:00+07:00,2025-08-29T15:20:00+07:00,BUY,3407.59,3406.77,3413.25,BE,-0.2,S419 BUY Orochi BREAKOUT@VAH 7R,BREAKOUT@VAH val=3389.39 vah=3400.93 poc=3395.64 vwap=3394.48
2025-08-29T15:25:00+07:00,2025-08-29T15:35:00+07:00,BUY,3407.3,3406.45,3413.17,BE,-0.2,S419 BUY Orochi BREAKOUT@VAH 7R,BREAKOUT@VAH val=3389.39 vah=3401.89 poc=3395.64 vwap=3394.42
2025-08-29T15:50:00+07:00,2025-08-29T16:00:00+07:00,BUY,3411.72,3409.31,3428.83,BE,-0.2,S419 BUY Orochi BREAKOUT@VAH 7R,BREAKOUT@VAH val=3389.39 vah=3401.89 poc=3395.64 vwap=3394.41
2025-08-29T16:05:00+07:00,2025-08-29T16:15:00+07:00,BUY,3412.78,3410.77,3426.93,BE,-0.2,S419 BUY Orochi BREAKOUT@VAH 7R,BREAKOUT@VAH val=3389.39 vah=3401.89 poc=3395.64 vwap=3394.40
2025-08-29T16:25:00+07:00,2025-08-29T16:40:00+07:00,BUY,3412.55,3411.68,3418.72,BE,-0.2,S419 BUY Orochi BREAKOUT@VAH 7R,BREAKOUT@VAH val=3389.39 vah=3401.89 poc=3395.64 vwap=3394.37
2025-08-29T16:50:00+07:00,2025-08-29T16:55:00+07:00,BUY,3411.28,3410.07,3419.51,SL,-1.41,S419 BUY Orochi BREAKOUT@VAH 7R,BREAKOUT@VAH val=3389.39 vah=3401.89 poc=3395.64 vwap=3394.33
2025-08-29T17:00:00+07:00,2025-08-29T17:10:00+07:00,BUY,3410.08,3408.81,3419.13,BE,-0.2,S419 BUY Orochi BREAKOUT@VAH 7R,BREAKOUT@VAH val=3389.39 vah=3401.89 poc=3395.64 vwap=3394.32
2025-08-29T17:15:00+07:00,2025-08-29T17:25:00+07:00,BUY,3410.33,3408.62,3422.46,BE,-0.2,S419 BUY Orochi BREAKOUT@VAH 7R,BREAKOUT@VAH val=3389.39 vah=3401.89 poc=3395.64 vwap=3394.32
2025-08-29T17:35:00+07:00,2025-08-29T17:50:00+07:00,BUY,3407.39,3406.71,3412.71,BE,-0.2,S419 BUY Orochi BREAKOUT@VAH 7R,BREAKOUT@VAH val=3389.39 vah=3401.89 poc=3395.64 vwap=3394.28
2025-08-29T17:55:00+07:00,2025-08-29T18:00:00+07:00,BUY,3407.47,3406.62,3413.5,SL,-1.05,S419 BUY Orochi BREAKOUT@VAH 7R,BREAKOUT@VAH val=3389.39 vah=3401.89 poc=3395.64 vwap=3394.25
2025-08-29T18:05:00+07:00,2025-08-29T18:15:00+07:00,BUY,3406.81,3406.04,3412.04,BE,-0.2,S419 BUY Orochi BREAKOUT@VAH 7R,BREAKOUT@VAH val=3389.39 vah=3401.89 poc=3395.64 vwap=3394.24
2025-08-29T18:20:00+07:00,2025-08-29T18:30:00+07:00,BUY,3406.42,3405.5,3412.94,BE,-0.2,S419 BUY Orochi BREAKOUT@VAH 7R,BREAKOUT@VAH val=3389.39 vah=3401.89 poc=3395.64 vwap=3394.21
2025-08-29T18:35:00+07:00,2025-08-29T18:45:00+07:00,BUY,3407.41,3405.12,3423.36,BE,-0.2,S419 BUY Orochi BREAKOUT@VAH 7R,BREAKOUT@VAH val=3389.39 vah=3401.89 poc=3395.64 vwap=3394.18
2025-08-29T18:55:00+07:00,2025-08-29T19:05:00+07:00,BUY,3405.47,3404.32,3413.68,BE,-0.2,S419 BUY Orochi BREAKOUT@VAH 7R,BREAKOUT@VAH val=3389.39 vah=3401.89 poc=3395.64 vwap=3394.16
2025-08-29T19:10:00+07:00,2025-08-29T20:30:00+07:00,BUY,3405.04,3404.0,3412.08,TP,6.84,S419 BUY Orochi BREAKOUT@VAH 7R,BREAKOUT@VAH val=3385.54 vah=3397.08 poc=3389.87 vwap=3394.12
2025-08-29T21:00:00+07:00,2025-08-29T21:05:00+07:00,BUY,3417.41,3414.94,3434.62,SL,-2.67,S419 BUY Orochi BREAKOUT@VAH 7R,BREAKOUT@VAH val=3404.87 vah=3415.88 poc=3411.60 vwap=3410.50
2025-08-29T21:15:00+07:00,2025-08-29T21:25:00+07:00,BUY,3418.2,3413.79,3448.99,BE,-0.2,S419 BUY Orochi BREAKOUT@VAH 7R,BREAKOUT@VAH val=3404.87 vah=3415.88 poc=3411.60 vwap=3410.50
2025-08-29T21:40:00+07:00,2025-09-01T09:55:00+07:00,BUY,3424.61,3419.86,3457.94,TP,33.13,S419 BUY Orochi BREAKOUT@VAH 7R,BREAKOUT@VAH val=3404.87 vah=3415.88 poc=3411.60 vwap=3410.50
2025-09-02T09:25:00+07:00,2025-09-02T09:45:00+07:00,BUY,3497.42,3491.96,3535.56,BE,-0.2,S419 BUY Orochi BREAKOUT@VAH 7R,BREAKOUT@VAH val=3467.80 vah=3485.42 poc=3471.10 vwap=3469.25
2025-09-02T09:50:00+07:00,2025-09-02T10:20:00+07:00,BUY,3492.83,3488.47,3523.11,BE,-0.2,S419 BUY Orochi BREAKOUT@VAH 7R,BREAKOUT@VAH val=3467.80 vah=3485.42 poc=3471.10 vwap=3469.25
2025-09-02T10:25:00+07:00,2025-09-02T11:00:00+07:00,BUY,3492.95,3490.23,3512.07,BE,-0.2,S419 BUY Orochi BREAKOUT@VAH 7R,BREAKOUT@VAH val=3467.80 vah=3485.42 poc=3471.10 vwap=3469.25
2025-09-02T11:05:00+07:00,2025-09-02T11:15:00+07:00,BUY,3494.51,3491.69,3514.49,BE,-0.2,S419 BUY Orochi BREAKOUT@VAH 7R,BREAKOUT@VAH val=3467.80 vah=3485.42 poc=3471.10 vwap=3469.25
2025-09-02T11:20:00+07:00,2025-09-02T11:30:00+07:00,BUY,3493.55,3490.04,3518.04,BE,-0.2,S419 BUY Orochi BREAKOUT@VAH 7R,BREAKOUT@VAH val=3467.80 vah=3485.42 poc=3471.10 vwap=3469.25
2025-09-02T11:35:00+07:00,2025-09-02T11:45:00+07:00,BUY,3492.8,3489.41,3516.85,BE,-0.2,S419 BUY Orochi BREAKOUT@VAH 7R,BREAKOUT@VAH val=3467.80 vah=3485.42 poc=3471.10 vwap=3469.25
2025-09-02T11:50:00+07:00,2025-09-02T12:00:00+07:00,BUY,3495.26,3492.0,3518.0,BE,-0.2,S419 BUY Orochi BREAKOUT@VAH 7R,BREAKOUT@VAH val=3467.80 vah=3485.42 poc=3471.10 vwap=3469.25
2025-09-02T12:05:00+07:00,2025-09-02T12:15:00+07:00,BUY,3494.89,3492.95,3508.39,BE,-0.2,S419 BUY Orochi BREAKOUT@VAH 7R,BREAKOUT@VAH val=3467.80 vah=3485.42 poc=3471.10 vwap=3469.25
2025-09-02T12:20:00+07:00,2025-09-02T12:30:00+07:00,BUY,3494.22,3493.21,3501.53,BE,-0.2,S419 BUY Orochi BREAKOUT@VAH 7R,BREAKOUT@VAH val=3467.80 vah=3485.42 poc=3471.10 vwap=3469.25
2025-09-02T12:45:00+07:00,2025-09-02T13:00:00+07:00,BUY,3497.58,3495.31,3513.55,SL,-2.47,S419 BUY Orochi BREAKOUT@VAH 7R,BREAKOUT@VAH val=3467.80 vah=3485.42 poc=3471.10 vwap=3469.25
2025-09-02T13:05:00+07:00,2025-09-02T13:15:00+07:00,BUY,3496.17,3494.32,3509.28,BE,-0.2,S419 BUY Orochi BREAKOUT@VAH 7R,BREAKOUT@VAH val=3467.80 vah=3485.42 poc=3471.10 vwap=3469.25
2025-09-02T13:20:00+07:00,2025-09-02T13:25:00+07:00,BUY,3494.53,3492.77,3505.97,SL,-1.96,S419 BUY Orochi BREAKOUT@VAH 7R,BREAKOUT@VAH val=3467.80 vah=3485.42 poc=3471.10 vwap=3469.25
2025-09-02T13:30:00+07:00,2025-09-02T13:50:00+07:00,BUY,3494.62,3491.52,3516.4,BE,-0.2,S419 BUY Orochi BREAKOUT@VAH 7R,BREAKOUT@VAH val=3467.80 vah=3485.42 poc=3471.10 vwap=3469.25
2025-09-02T13:55:00+07:00,2025-09-02T14:00:00+07:00,BUY,3493.2,3491.99,3501.83,SL,-1.41,S419 BUY Orochi BREAKOUT@VAH 7R,BREAKOUT@VAH val=3467.80 vah=3485.42 poc=3471.10 vwap=3469.25
2025-09-02T14:05:00+07:00,2025-09-02T14:10:00+07:00,BUY,3492.2,3491.16,3499.4,SL,-1.24,S419 BUY Orochi BREAKOUT@VAH 7R,BREAKOUT@VAH val=3467.80 vah=3485.42 poc=3471.10 vwap=3469.25
2025-09-02T14:15:00+07:00,2025-09-02T14:20:00+07:00,BUY,3488.86,3488.23,3493.35,SL,-0.83,S419 BUY Orochi BREAKOUT@VAH 7R,BREAKOUT@VAH val=3467.80 vah=3485.42 poc=3471.10 vwap=3469.25
2025-09-02T14:25:00+07:00,2025-09-02T14:45:00+07:00,BUY,3485.56,3483.39,3500.83,BE,-0.2,S419 BUY Orochi BREAKOUT@VAH 7R,BREAKOUT@VAH val=3467.80 vah=3485.42 poc=3471.10 vwap=3469.25
2025-09-02T15:00:00+07:00,2025-09-02T15:10:00+07:00,BUY,3486.36,3483.22,3508.82,BE,-0.2,S419 BUY Orochi BREAKOUT@VAH 7R,BREAKOUT@VAH val=3467.80 vah=3485.42 poc=3471.10 vwap=3469.25
2025-09-02T19:00:00+07:00,2025-09-02T19:15:00+07:00,BUY,3485.87,3483.3,3503.54,SL,-2.77,S419 BUY Orochi BREAKOUT@VAH 7R,BREAKOUT@VAH val=3467.80 vah=3485.42 poc=3471.10 vwap=3469.25
2025-09-02T19:50:00+07:00,2025-09-02T20:15:00+07:00,BUY,3486.86,3483.14,3512.98,BE,-0.2,S419 BUY Orochi BREAKOUT@VAH 7R,BREAKOUT@VAH val=3467.80 vah=3485.42 poc=3471.10 vwap=3469.69
2025-09-02T22:15:00+07:00,2025-09-02T22:30:00+07:00,BUY,3499.71,3491.71,3555.47,BE,-0.2,S419 BUY Orochi BREAKOUT@VAH 7R,BREAKOUT@VAH val=3474.13 vah=3494.93 poc=3478.46 vwap=3483.97
2025-09-02T22:35:00+07:00,2025-09-04T00:55:00+07:00,BUY,3503.47,3493.96,3570.2,TP,66.53,S419 BUY Orochi BREAKOUT@VAH 7R,BREAKOUT@VAH val=3474.13 vah=3494.93 poc=3478.46 vwap=3483.97
2025-09-04T01:00:00+07:00,2025-09-04T01:15:00+07:00,BUY,3572.01,3569.09,3592.61,BE,-0.2,S419 BUY Orochi BREAKOUT@VAH 7R,BREAKOUT@VAH val=3512.01 vah=3549.59 poc=3535.50 vwap=3521.56
2025-09-04T01:20:00+07:00,2025-09-04T02:05:00+07:00,BUY,3571.1,3570.32,3576.64,TP,5.34,S419 BUY Orochi BREAKOUT@VAH 7R,BREAKOUT@VAH val=3512.01 vah=3549.59 poc=3535.50 vwap=3521.56
2025-09-04T02:15:00+07:00,2025-09-04T02:25:00+07:00,BUY,3577.37,3576.23,3584.95,BE,-0.2,S419 BUY Orochi BREAKOUT@VAH 7R,BREAKOUT@VAH val=3512.01 vah=3549.59 poc=3535.50 vwap=3521.56
2025-09-04T02:30:00+07:00,2025-09-04T02:35:00+07:00,BUY,3570.29,3567.96,3586.84,SL,-2.53,S419 BUY Orochi BREAKOUT@VAH 7R,BREAKOUT@VAH val=3512.01 vah=3549.59 poc=3535.50 vwap=3521.56
2025-09-04T02:50:00+07:00,2025-09-04T03:00:00+07:00,BUY,3570.86,3567.56,3593.88,BE,-0.2,S419 BUY Orochi BREAKOUT@VAH 7R,BREAKOUT@VAH val=3512.01 vah=3549.59 poc=3535.50 vwap=3521.56
2025-09-04T03:05:00+07:00,2025-09-04T03:15:00+07:00,BUY,3571.42,3567.15,3601.23,SL,-4.47,S419 BUY Orochi BREAKOUT@VAH 7R,BREAKOUT@VAH val=3512.01 vah=3549.59 poc=3535.50 vwap=3521.56
2025-09-04T03:20:00+07:00,2025-09-04T03:30:00+07:00,BUY,3562.36,3561.07,3571.31,BE,-0.2,S419 BUY Orochi BREAKOUT@VAH 7R,BREAKOUT@VAH val=3512.01 vah=3549.59 poc=3535.50 vwap=3521.56
2025-09-04T03:35:00+07:00,2025-09-04T03:45:00+07:00,BUY,3563.3,3560.8,3580.64,BE,-0.2,S419 BUY Orochi BREAKOUT@VAH 7R,BREAKOUT@VAH val=3512.01 vah=3549.59 poc=3535.50 vwap=3521.56
2025-09-04T03:50:00+07:00,2025-09-04T04:00:00+07:00,BUY,3563.69,3560.48,3586.08,BE,-0.2,S419 BUY Orochi BREAKOUT@VAH 7R,BREAKOUT@VAH val=3512.01 vah=3549.59 poc=3535.50 vwap=3521.56
2025-09-04T04:05:00+07:00,2025-09-04T04:30:00+07:00,BUY,3563.52,3561.12,3580.08,BE,-0.2,S419 BUY Orochi BREAKOUT@VAH 7R,BREAKOUT@VAH val=3512.01 vah=3549.59 poc=3535.50 vwap=3521.56
2025-09-04T04:35:00+07:00,2025-09-04T04:45:00+07:00,BUY,3561.56,3560.52,3568.92,BE,-0.2,S419 BUY Orochi BREAKOUT@VAH 7R,BREAKOUT@VAH val=3512.01 vah=3549.59 poc=3535.50 vwap=3521.56
2025-09-04T04:50:00+07:00,2025-09-04T04:55:00+07:00,BUY,3560.55,3559.28,3569.84,SL,-1.47,S419 BUY Orochi BREAKOUT@VAH 7R,BREAKOUT@VAH val=3512.01 vah=3549.59 poc=3535.50 vwap=3521.56
2025-09-04T06:05:00+07:00,2025-09-04T06:15:00+07:00,BUY,3560.74,3558.5,3576.02,BE,-0.2,S419 BUY Orochi BREAKOUT@VAH 7R,BREAKOUT@VAH val=3512.01 vah=3549.59 poc=3535.50 vwap=3521.56
2025-09-04T06:20:00+07:00,2025-09-04T06:35:00+07:00,BUY,3561.63,3559.64,3575.8,BE,-0.2,S419 BUY Orochi BREAKOUT@VAH 7R,BREAKOUT@VAH val=3512.01 vah=3549.59 poc=3535.50 vwap=3521.56
2025-09-04T06:40:00+07:00,2025-09-04T06:50:00+07:00,BUY,3562.33,3561.16,3569.96,BE,-0.2,S419 BUY Orochi BREAKOUT@VAH 7R,BREAKOUT@VAH val=3512.01 vah=3549.59 poc=3535.50 vwap=3521.56
2025-09-04T06:55:00+07:00,2025-09-04T07:00:00+07:00,BUY,3561.74,3560.74,3569.22,SL,-1.2,S419 BUY Orochi BREAKOUT@VAH 7R,BREAKOUT@VAH val=3512.01 vah=3549.59 poc=3535.50 vwap=3521.56
2025-09-04T07:05:00+07:00,2025-09-04T07:10:00+07:00,BUY,3558.71,3557.77,3565.13,SL,-1.14,S419 BUY Orochi BREAKOUT@VAH 7R,BREAKOUT@VAH val=3512.01 vah=3549.59 poc=3535.50 vwap=3521.56
2025-09-04T07:25:00+07:00,2025-09-04T07:30:00+07:00,BUY,3558.05,3555.69,3574.25,SL,-2.56,S419 BUY Orochi BREAKOUT@VAH 7R,BREAKOUT@VAH val=3512.01 vah=3549.59 poc=3535.50 vwap=3521.56
2025-09-04T07:35:00+07:00,2025-09-04T07:45:00+07:00,BUY,3557.65,3554.39,3580.87,BE,-0.2,S419 BUY Orochi BREAKOUT@VAH 7R,BREAKOUT@VAH val=3515.14 vah=3549.59 poc=3535.50 vwap=3521.94
2025-09-04T07:50:00+07:00,2025-09-04T08:00:00+07:00,BUY,3558.65,3555.86,3578.34,BE,-0.2,S419 BUY Orochi BREAKOUT@VAH 7R,BREAKOUT@VAH val=3515.14 vah=3549.59 poc=3535.50 vwap=3522.78
2025-09-04T08:05:00+07:00,2025-09-04T09:20:00+07:00,BUY,3554.64,3551.2,3578.96,BE,-0.2,S419 BUY Orochi BREAKOUT@VAH 7R,BREAKOUT@VAH val=3521.41 vah=3549.59 poc=3535.50 vwap=3523.85
2025-09-04T09:25:00+07:00,2025-09-04T09:30:00+07:00,BUY,3552.34,3551.11,3561.03,SL,-1.43,S419 BUY Orochi BREAKOUT@VAH 7R,BREAKOUT@VAH val=3524.39 vah=3542.03 poc=3535.73 vwap=3529.58
2025-09-04T09:35:00+07:00,2025-09-04T10:05:00+07:00,BUY,3544.11,3542.96,3552.32,BE,-0.2,S419 BUY Orochi BREAKOUT@VAH 7R,BREAKOUT@VAH val=3526.07 vah=3542.53 poc=3536.65 vwap=3530.46
2025-09-04T10:10:00+07:00,2025-09-04T10:20:00+07:00,BUY,3542.44,3539.97,3559.81,BE,-0.2,S419 BUY Orochi BREAKOUT@VAH 7R,BREAKOUT@VAH val=3525.45 vah=3540.97 poc=3536.66 vwap=3532.52
2025-09-04T10:25:00+07:00,2025-09-04T10:35:00+07:00,BUY,3545.25,3540.56,3578.16,BE,-0.2,S419 BUY Orochi BREAKOUT@VAH 7R,BREAKOUT@VAH val=3526.30 vah=3541.27 poc=3535.45 vwap=3533.18
2025-09-04T11:05:00+07:00,2025-09-04T11:20:00+07:00,SELL,3527.54,3533.01,3489.49,BE,-0.2,S419 SELL Orochi BREAKOUT@VAL 7R,BREAKOUT@VAL val=3529.09 vah=3541.70 poc=3536.18 vwap=3534.34
2025-09-04T11:50:00+07:00,2025-09-04T12:00:00+07:00,SELL,3528.13,3531.69,3502.49,SL,-3.76,S419 SELL Orochi BREAKOUT@VAL 7R,BREAKOUT@VAL val=3529.96 vah=3541.51 poc=3535.16 vwap=3535.30
2025-09-04T13:20:00+07:00,2025-09-04T13:30:00+07:00,SELL,3530.05,3532.35,3514.27,BE,-0.2,S419 SELL Orochi BREAKOUT@VAL 7R,BREAKOUT@VAL val=3530.39 vah=3540.50 poc=3535.95 vwap=3536.22
2025-09-04T13:55:00+07:00,2025-09-04T14:05:00+07:00,SELL,3527.37,3530.37,3506.29,BE,-0.2,S419 SELL Orochi BREAKOUT@VAL 7R,BREAKOUT@VAL val=3530.39 vah=3540.50 poc=3535.95 vwap=3536.42
2025-09-04T16:00:00+07:00,2025-09-04T16:15:00+07:00,BUY,3543.3,3539.14,3572.02,BE,-0.2,S419 BUY Orochi BREAKOUT@VAH 7R,BREAKOUT@VAH val=3531.18 vah=3540.87 poc=3534.57 vwap=3536.65
2025-09-04T16:30:00+07:00,2025-09-04T16:40:00+07:00,BUY,3541.32,3539.41,3554.93,BE,-0.2,S419 BUY Orochi BREAKOUT@VAH 7R,BREAKOUT@VAH val=3531.18 vah=3540.87 poc=3534.57 vwap=3536.68
2025-09-04T17:05:00+07:00,2025-09-04T17:20:00+07:00,BUY,3541.68,3540.11,3552.99,BE,-0.2,S419 BUY Orochi BREAKOUT@VAH 7R,BREAKOUT@VAH val=3531.18 vah=3540.87 poc=3535.54 vwap=3536.74
2025-09-04T18:15:00+07:00,2025-09-04T18:20:00+07:00,BUY,3542.06,3540.79,3550.63,SL,-1.47,S419 BUY Orochi BREAKOUT@VAH 7R,BREAKOUT@VAH val=3531.61 vah=3541.07 poc=3534.92 vwap=3537.03
2025-09-04T18:35:00+07:00,2025-09-04T18:45:00+07:00,BUY,3541.6,3539.54,3555.78,BE,-0.2,S419 BUY Orochi BREAKOUT@VAH 7R,BREAKOUT@VAH val=3531.61 vah=3541.07 poc=3534.92 vwap=3537.14
2025-09-04T19:45:00+07:00,2025-09-04T19:55:00+07:00,BUY,3547.01,3542.85,3576.05,BE,-0.2,S419 BUY Orochi BREAKOUT@VAH 7R,BREAKOUT@VAH val=3530.66 vah=3540.13 poc=3534.92 vwap=3536.89
2025-09-05T17:05:00+07:00,2025-09-05T17:25:00+07:00,BUY,3548.88,3545.42,3573.26,BE,-0.2,S419 BUY Orochi BREAKOUT@VAH 7R,BREAKOUT@VAH val=3526.57 vah=3548.52 poc=3540.84 vwap=3541.27
2025-09-05T17:30:00+07:00,2025-09-05T19:25:00+07:00,BUY,3548.8,3547.31,3559.39,BE,-0.2,S419 BUY Orochi BREAKOUT@VAH 7R,BREAKOUT@VAH val=3526.44 vah=3548.21 poc=3540.59 vwap=3540.62
2025-09-05T19:30:00+07:00,2025-09-05T19:50:00+07:00,BUY,3548.97,3548.06,3555.42,BE,-0.2,S419 BUY Orochi BREAKOUT@VAH 7R,BREAKOUT@VAH val=3530.39 vah=3547.43 poc=3539.98 vwap=3537.95
2025-09-05T20:45:00+07:00,2025-09-05T20:55:00+07:00,BUY,3579.88,3570.66,3644.74,BE,-0.2,S419 BUY Orochi BREAKOUT@VAH 7R,BREAKOUT@VAH val=3544.81 vah=3554.60 poc=3551.88 vwap=3549.29
2025-09-05T21:00:00+07:00,2025-09-05T21:05:00+07:00,BUY,3577.43,3573.5,3605.1,SL,-4.13,S419 BUY Orochi BREAKOUT@VAH 7R,BREAKOUT@VAH val=3544.81 vah=3554.60 poc=3551.88 vwap=3549.29
2025-09-05T21:10:00+07:00,2025-09-05T21:20:00+07:00,BUY,3581.58,3571.33,3653.09,BE,-0.2,S419 BUY Orochi BREAKOUT@VAH 7R,BREAKOUT@VAH val=3544.81 vah=3554.60 poc=3551.88 vwap=3549.29
2025-09-05T21:25:00+07:00,2025-09-05T21:35:00+07:00,BUY,3579.27,3572.97,3621.85,BE,-0.2,S419 BUY Orochi BREAKOUT@VAH 7R,BREAKOUT@VAH val=3544.81 vah=3554.60 poc=3551.88 vwap=3549.29
2025-09-05T21:40:00+07:00,2025-09-05T22:25:00+07:00,BUY,3584.45,3575.52,3647.2,BE,-0.2,S419 BUY Orochi BREAKOUT@VAH 7R,BREAKOUT@VAH val=3544.81 vah=3554.60 poc=3551.88 vwap=3549.29
2025-09-05T22:30:00+07:00,2025-09-05T22:35:00+07:00,BUY,3582.44,3576.27,3625.39,SL,-6.37,S419 BUY Orochi BREAKOUT@VAH 7R,BREAKOUT@VAH val=3544.81 vah=3554.60 poc=3551.88 vwap=3549.29
2025-09-05T22:40:00+07:00,2025-09-08T12:00:00+07:00,BUY,3580.23,3571.68,3640.48,BE,-0.2,S419 BUY Orochi BREAKOUT@VAH 7R,BREAKOUT@VAH val=3544.81 vah=3554.60 poc=3551.88 vwap=3549.29
2025-09-08T20:05:00+07:00,2025-09-08T20:10:00+07:00,BUY,3616.95,3616.2,3622.04,SL,-0.95,S419 BUY Orochi BREAKOUT@VAH 7R,BREAKOUT@VAH val=3579.63 vah=3608.22 poc=3589.46 vwap=3597.36
2025-09-08T20:15:00+07:00,2025-09-08T20:25:00+07:00,BUY,3616.19,3614.77,3626.05,BE,-0.2,S419 BUY Orochi BREAKOUT@VAH 7R,BREAKOUT@VAH val=3579.63 vah=3608.22 poc=3589.46 vwap=3597.36
2025-09-08T20:30:00+07:00,2025-09-09T10:05:00+07:00,BUY,3618.26,3614.04,3648.04,TP,29.58,S419 BUY Orochi BREAKOUT@VAH 7R,BREAKOUT@VAH val=3579.63 vah=3608.22 poc=3589.46 vwap=3597.36
2025-09-09T10:10:00+07:00,2025-09-09T10:50:00+07:00,BUY,3650.65,3643.88,3697.48,BE,-0.2,S419 BUY Orochi BREAKOUT@VAH 7R,BREAKOUT@VAH val=3579.63 vah=3608.22 poc=3589.46 vwap=3597.36
2025-09-09T10:55:00+07:00,2025-09-09T11:00:00+07:00,BUY,3647.65,3646.24,3657.44,SL,-1.61,S419 BUY Orochi BREAKOUT@VAH 7R,BREAKOUT@VAH val=3579.63 vah=3608.22 poc=3589.46 vwap=3597.36
2025-09-09T11:05:00+07:00,2025-09-09T11:10:00+07:00,BUY,3647.09,3644.89,3662.33,SL,-2.4,S419 BUY Orochi BREAKOUT@VAH 7R,BREAKOUT@VAH val=3579.63 vah=3608.22 poc=3589.46 vwap=3597.36
2025-09-09T11:15:00+07:00,2025-09-09T11:25:00+07:00,BUY,3647.82,3642.96,3682.0,BE,-0.2,S419 BUY Orochi BREAKOUT@VAH 7R,BREAKOUT@VAH val=3579.63 vah=3608.22 poc=3589.46 vwap=3597.36
2025-09-09T11:30:00+07:00,2025-09-09T11:35:00+07:00,BUY,3646.69,3643.67,3667.75,SL,-3.22,S419 BUY Orochi BREAKOUT@VAH 7R,BREAKOUT@VAH val=3579.63 vah=3608.22 poc=3589.46 vwap=3597.36
2025-09-09T11:40:00+07:00,2025-09-09T11:50:00+07:00,BUY,3645.35,3641.86,3669.7,BE,-0.2,S419 BUY Orochi BREAKOUT@VAH 7R,BREAKOUT@VAH val=3579.63 vah=3608.22 poc=3589.46 vwap=3597.36
2025-09-09T11:55:00+07:00,2025-09-09T14:05:00+07:00,BUY,3645.97,3643.44,3663.44,BE,-0.2,S419 BUY Orochi BREAKOUT@VAH 7R,BREAKOUT@VAH val=3579.63 vah=3608.22 poc=3589.46 vwap=3597.36
2025-09-09T14:15:00+07:00,2025-09-09T14:25:00+07:00,BUY,3642.48,3637.1,3680.06,SL,-5.58,S419 BUY Orochi BREAKOUT@VAH 7R,BREAKOUT@VAH val=3579.63 vah=3608.22 poc=3589.46 vwap=3597.36
2025-09-09T14:30:00+07:00,2025-09-09T22:30:00+07:00,BUY,3641.07,3635.58,3679.98,BE,-0.2,S419 BUY Orochi BREAKOUT@VAH 7R,BREAKOUT@VAH val=3579.63 vah=3608.22 poc=3589.46 vwap=3597.36
2025-09-10T04:00:00+07:00,2025-09-10T04:05:00+07:00,SELL,3630.23,3632.72,3613.12,SL,-2.69,S419 SELL Orochi BREAKOUT@VAL 7R,BREAKOUT@VAL val=3631.47 vah=3651.91 poc=3636.11 vwap=3640.53
2025-09-10T04:15:00+07:00,2025-09-10T04:25:00+07:00,SELL,3631.19,3632.33,3622.97,BE,-0.2,S419 SELL Orochi BREAKOUT@VAL 7R,BREAKOUT@VAL val=3631.47 vah=3651.91 poc=3636.11 vwap=3640.53
2025-09-10T04:40:00+07:00,2025-09-10T04:50:00+07:00,SELL,3628.53,3632.06,3604.38,BE,-0.2,S419 SELL Orochi BREAKOUT@VAL 7R,BREAKOUT@VAL val=3631.47 vah=3651.91 poc=3636.11 vwap=3640.53
2025-09-10T04:55:00+07:00,2025-09-10T06:10:00+07:00,SELL,3627.32,3630.51,3601.79,BE,-0.2,S419 SELL Orochi BREAKOUT@VAL 7R,BREAKOUT@VAL val=3631.47 vah=3651.91 poc=3636.11 vwap=3640.53
2025-09-10T06:30:00+07:00,2025-09-10T06:35:00+07:00,SELL,3626.89,3627.92,3619.92,SL,-1.23,S419 SELL Orochi BREAKOUT@VAL 7R,BREAKOUT@VAL val=3631.47 vah=3651.91 poc=3636.11 vwap=3640.53
2025-09-10T08:10:00+07:00,2025-09-10T08:20:00+07:00,SELL,3630.41,3634.23,3604.39,BE,-0.2,S419 SELL Orochi BREAKOUT@VAL 7R,BREAKOUT@VAL val=3632.84 vah=3652.72 poc=3635.32 vwap=3641.41
2025-09-10T08:25:00+07:00,2025-09-10T08:35:00+07:00,SELL,3627.5,3631.12,3602.08,BE,-0.2,S419 SELL Orochi BREAKOUT@VAL 7R,BREAKOUT@VAL val=3631.59 vah=3651.18 poc=3635.67 vwap=3641.66
2025-09-10T08:40:00+07:00,2025-09-10T09:00:00+07:00,SELL,3626.13,3630.25,3597.45,BE,-0.2,S419 SELL Orochi BREAKOUT@VAL 7R,BREAKOUT@VAL val=3631.59 vah=3651.18 poc=3635.67 vwap=3641.96
2025-09-10T09:05:00+07:00,2025-09-10T09:25:00+07:00,SELL,3625.88,3629.18,3602.62,BE,-0.2,S419 SELL Orochi BREAKOUT@VAL 7R,BREAKOUT@VAL val=3632.51 vah=3650.39 poc=3636.23 vwap=3642.64
2025-09-10T09:30:00+07:00,2025-09-10T09:35:00+07:00,SELL,3627.07,3628.73,3615.29,SL,-1.86,S419 SELL Orochi BREAKOUT@VAL 7R,BREAKOUT@VAL val=3633.49 vah=3651.59 poc=3635.43 vwap=3643.15
2025-09-10T09:40:00+07:00,2025-09-10T09:50:00+07:00,SELL,3627.73,3630.58,3607.38,BE,-0.2,S419 SELL Orochi BREAKOUT@VAL 7R,BREAKOUT@VAL val=3633.49 vah=3651.59 poc=3635.43 vwap=3643.28
2025-09-10T09:55:00+07:00,2025-09-10T10:05:00+07:00,SELL,3630.78,3633.76,3609.44,BE,-0.2,S419 SELL Orochi BREAKOUT@VAL 7R,BREAKOUT@VAL val=3633.49 vah=3650.29 poc=3635.43 vwap=3643.62
2025-09-10T10:15:00+07:00,2025-09-10T10:25:00+07:00,SELL,3633.5,3636.31,3613.67,BE,-0.2,S419 SELL Orochi BREAKOUT@VAL 7R,BREAKOUT@VAL val=3637.37 vah=3655.46 poc=3645.77 vwap=3643.94
2025-09-10T10:30:00+07:00,2025-09-10T10:40:00+07:00,SELL,3631.71,3636.17,3600.57,SL,-4.66,S419 SELL Orochi BREAKOUT@VAL 7R,BREAKOUT@VAL val=3637.37 vah=3655.46 poc=3645.77 vwap=3644.04
2025-09-10T11:00:00+07:00,2025-09-10T11:55:00+07:00,SELL,3636.45,3637.9,3626.38,BE,-0.2,S419 SELL Orochi BREAKOUT@VAL 7R,BREAKOUT@VAL val=3637.37 vah=3656.76 poc=3645.77 vwap=3644.20
2025-09-10T18:50:00+07:00,2025-09-10T19:00:00+07:00,BUY,3657.04,3653.88,3679.08,SL,-3.36,S419 BUY Orochi BREAKOUT@VAH 7R,BREAKOUT@VAH val=3643.78 vah=3655.45 poc=3653.02 vwap=3648.23
2025-09-10T19:20:00+07:00,2025-09-10T19:30:00+07:00,BUY,3656.19,3653.94,3672.1,SL,-2.45,S419 BUY Orochi BREAKOUT@VAH 7R,BREAKOUT@VAH val=3643.78 vah=3655.45 poc=3653.02 vwap=3648.50
2025-09-11T11:15:00+07:00,2025-09-11T11:25:00+07:00,SELL,3634.27,3636.16,3620.4,BE,-0.2,S419 SELL Orochi BREAKOUT@VAL 7R,BREAKOUT@VAL val=3634.31 vah=3657.57 poc=3645.94 vwap=3640.16
2025-09-11T11:30:00+07:00,2025-09-11T11:40:00+07:00,SELL,3632.43,3635.81,3609.17,BE,-0.2,S419 SELL Orochi BREAKOUT@VAL 7R,BREAKOUT@VAL val=3634.31 vah=3657.57 poc=3645.94 vwap=3640.06
2025-09-11T11:45:00+07:00,2025-09-11T11:55:00+07:00,SELL,3631.81,3634.2,3615.0,BE,-0.2,S419 SELL Orochi BREAKOUT@VAL 7R,BREAKOUT@VAL val=3634.31 vah=3657.57 poc=3645.94 vwap=3639.91
2025-09-11T12:40:00+07:00,2025-09-11T12:50:00+07:00,SELL,3631.67,3633.97,3615.49,BE,-0.2,S419 SELL Orochi BREAKOUT@VAL 7R,BREAKOUT@VAL val=3632.76 vah=3657.57 poc=3642.84 vwap=3639.57
2025-09-11T12:55:00+07:00,2025-09-11T13:05:00+07:00,SELL,3630.64,3632.51,3617.47,BE,-0.2,S419 SELL Orochi BREAKOUT@VAL 7R,BREAKOUT@VAL val=3632.76 vah=3657.57 poc=3642.84 vwap=3639.50
2025-09-11T13:10:00+07:00,2025-09-11T13:20:00+07:00,SELL,3630.46,3631.35,3623.83,BE,-0.2,S419 SELL Orochi BREAKOUT@VAL 7R,BREAKOUT@VAL val=3632.76 vah=3657.57 poc=3642.84 vwap=3639.44
2025-09-11T13:25:00+07:00,2025-09-11T13:35:00+07:00,SELL,3631.26,3632.12,3625.08,BE,-0.2,S419 SELL Orochi BREAKOUT@VAL 7R,BREAKOUT@VAL val=3632.76 vah=3657.57 poc=3642.84 vwap=3639.38
2025-09-11T14:00:00+07:00,2025-09-11T14:05:00+07:00,SELL,3626.34,3628.63,3610.39,SL,-2.49,S419 SELL Orochi BREAKOUT@VAL 7R,BREAKOUT@VAL val=3632.76 vah=3657.57 poc=3645.94 vwap=3639.26
2025-09-11T14:10:00+07:00,2025-09-11T14:20:00+07:00,SELL,3632.52,3634.24,3620.4,BE,-0.2,S419 SELL Orochi BREAKOUT@VAL 7R,BREAKOUT@VAL val=3632.76 vah=3657.57 poc=3645.94 vwap=3639.23
2025-09-11T15:10:00+07:00,2025-09-11T15:20:00+07:00,SELL,3627.72,3631.13,3603.69,BE,-0.2,S419 SELL Orochi BREAKOUT@VAL 7R,BREAKOUT@VAL val=3631.21 vah=3657.57 poc=3645.94 vwap=3639.39
2025-09-11T15:25:00+07:00,2025-09-11T15:35:00+07:00,SELL,3625.97,3631.32,3589.08,BE,-0.2,S419 SELL Orochi BREAKOUT@VAL 7R,BREAKOUT@VAL val=3632.76 vah=3657.57 poc=3645.94 vwap=3639.64
2025-09-11T15:40:00+07:00,2025-09-11T15:50:00+07:00,SELL,3627.8,3630.1,3611.78,BE,-0.2,S419 SELL Orochi BREAKOUT@VAL 7R,BREAKOUT@VAL val=3632.76 vah=3657.57 poc=3645.94 vwap=3639.73
2025-09-11T15:55:00+07:00,2025-09-11T16:00:00+07:00,SELL,3630.01,3630.86,3622.78,SL,-1.05,S419 SELL Orochi BREAKOUT@VAL 7R,BREAKOUT@VAL val=3632.76 vah=3657.57 poc=3645.94 vwap=3639.80
2025-09-11T16:05:00+07:00,2025-09-11T16:20:00+07:00,SELL,3630.23,3632.51,3614.43,BE,-0.2,S419 SELL Orochi BREAKOUT@VAL 7R,BREAKOUT@VAL val=3632.76 vah=3657.57 poc=3645.94 vwap=3639.84
2025-09-11T16:25:00+07:00,2025-09-11T16:50:00+07:00,SELL,3629.24,3630.96,3617.36,BE,-0.2,S419 SELL Orochi BREAKOUT@VAL 7R,BREAKOUT@VAL val=3632.76 vah=3657.57 poc=3645.94 vwap=3639.98
2025-09-11T17:20:00+07:00,2025-09-11T17:30:00+07:00,SELL,3618.05,3620.17,3603.37,BE,-0.2,S419 SELL Orochi BREAKOUT@VAL 7R,BREAKOUT@VAL val=3634.31 vah=3657.57 poc=3645.94 vwap=3640.48
2025-09-11T17:35:00+07:00,2025-09-11T17:45:00+07:00,SELL,3619.28,3621.58,3603.98,BE,-0.2,S419 SELL Orochi BREAKOUT@VAL 7R,BREAKOUT@VAL val=3634.31 vah=3657.57 poc=3645.94 vwap=3640.55
2025-09-11T17:50:00+07:00,2025-09-11T18:00:00+07:00,SELL,3621.24,3623.54,3605.62,BE,-0.2,S419 SELL Orochi BREAKOUT@VAL 7R,BREAKOUT@VAL val=3634.31 vah=3657.57 poc=3645.94 vwap=3640.57
2025-09-11T18:05:00+07:00,2025-09-11T18:15:00+07:00,SELL,3621.52,3622.61,3613.73,BE,-0.2,S419 SELL Orochi BREAKOUT@VAL 7R,BREAKOUT@VAL val=3634.31 vah=3657.57 poc=3645.94 vwap=3640.62
2025-09-11T18:20:00+07:00,2025-09-11T18:35:00+07:00,SELL,3622.69,3624.39,3611.03,BE,-0.2,S419 SELL Orochi BREAKOUT@VAL 7R,BREAKOUT@VAL val=3634.31 vah=3657.57 poc=3645.94 vwap=3640.67
2025-09-11T18:40:00+07:00,2025-09-11T18:50:00+07:00,SELL,3622.53,3625.17,3603.65,BE,-0.2,S419 SELL Orochi BREAKOUT@VAL 7R,BREAKOUT@VAL val=3634.31 vah=3657.57 poc=3645.94 vwap=3640.98
2025-09-11T18:55:00+07:00,2025-09-11T19:05:00+07:00,SELL,3621.81,3624.5,3603.14,BE,-0.2,S419 SELL Orochi BREAKOUT@VAL 7R,BREAKOUT@VAL val=3634.31 vah=3657.57 poc=3645.94 vwap=3641.25
2025-09-11T19:10:00+07:00,2025-09-11T19:20:00+07:00,SELL,3620.43,3622.33,3606.57,BE,-0.2,S419 SELL Orochi BREAKOUT@VAL 7R,BREAKOUT@VAL val=3635.86 vah=3657.57 poc=3645.94 vwap=3641.63
2025-09-11T19:25:00+07:00,2025-09-11T20:20:00+07:00,SELL,3621.03,3621.94,3614.74,BE,-0.2,S419 SELL Orochi BREAKOUT@VAL 7R,BREAKOUT@VAL val=3635.86 vah=3657.57 poc=3645.94 vwap=3642.40
2025-09-11T20:25:00+07:00,2025-09-11T20:30:00+07:00,SELL,3624.16,3626.95,3604.79,SL,-2.99,S419 SELL Orochi BREAKOUT@VAL 7R,BREAKOUT@VAL val=3633.99 vah=3655.54 poc=3645.66 vwap=3640.21
2025-09-11T20:50:00+07:00,2025-09-11T21:00:00+07:00,SELL,3631.23,3638.64,3579.68,BE,-0.2,S419 SELL Orochi BREAKOUT@VAL 7R,BREAKOUT@VAL val=3633.99 vah=3655.54 poc=3645.66 vwap=3640.21
2025-09-11T21:20:00+07:00,2025-09-11T21:30:00+07:00,SELL,3627.24,3636.18,3564.58,BE,-0.2,S419 SELL Orochi BREAKOUT@VAL 7R,BREAKOUT@VAL val=3633.99 vah=3655.54 poc=3645.66 vwap=3640.21
2025-09-11T21:35:00+07:00,2025-09-11T21:40:00+07:00,SELL,3624.48,3629.35,3590.23,SL,-5.07,S419 SELL Orochi BREAKOUT@VAL 7R,BREAKOUT@VAL val=3633.99 vah=3655.54 poc=3645.66 vwap=3640.21
2025-09-11T21:45:00+07:00,2025-09-11T21:55:00+07:00,SELL,3628.91,3634.05,3592.69,BE,-0.2,S419 SELL Orochi BREAKOUT@VAL 7R,BREAKOUT@VAL val=3633.99 vah=3655.54 poc=3645.66 vwap=3640.21
2025-09-11T22:00:00+07:00,2025-09-11T22:15:00+07:00,SELL,3626.95,3635.0,3570.36,SL,-8.25,S419 SELL Orochi BREAKOUT@VAL 7R,BREAKOUT@VAL val=3633.99 vah=3655.54 poc=3645.66 vwap=3640.21
2025-09-11T22:35:00+07:00,2025-09-11T23:00:00+07:00,SELL,3630.94,3636.65,3590.89,BE,-0.2,S419 SELL Orochi BREAKOUT@VAL 7R,BREAKOUT@VAL val=3633.99 vah=3655.54 poc=3645.66 vwap=3640.21
2025-09-11T23:05:00+07:00,2025-09-11T23:15:00+07:00,SELL,3631.31,3634.54,3609.5,SL,-3.43,S419 SELL Orochi BREAKOUT@VAL 7R,BREAKOUT@VAL val=3633.99 vah=3655.54 poc=3645.66 vwap=3640.21
2025-09-11T23:50:00+07:00,2025-09-12T00:00:00+07:00,SELL,3632.27,3635.3,3610.74,BE,-0.2,S419 SELL Orochi BREAKOUT@VAL 7R,BREAKOUT@VAL val=3633.99 vah=3655.54 poc=3645.66 vwap=3640.21
2025-09-12T01:05:00+07:00,2025-09-12T01:15:00+07:00,SELL,3633.39,3637.28,3606.08,BE,-0.2,S419 SELL Orochi BREAKOUT@VAL 7R,BREAKOUT@VAL val=3633.99 vah=3655.54 poc=3645.66 vwap=3640.21
2025-09-12T02:20:00+07:00,2025-09-12T02:50:00+07:00,SELL,3633.54,3635.3,3621.3,BE,-0.2,S419 SELL Orochi BREAKOUT@VAL 7R,BREAKOUT@VAL val=3633.99 vah=3655.54 poc=3645.66 vwap=3640.21
2025-09-12T02:55:00+07:00,2025-09-12T03:00:00+07:00,SELL,3632.28,3633.96,3620.44,SL,-1.88,S419 SELL Orochi BREAKOUT@VAL 7R,BREAKOUT@VAL val=3633.99 vah=3655.54 poc=3645.66 vwap=3640.21
2025-09-12T04:35:00+07:00,2025-09-12T04:45:00+07:00,SELL,3633.73,3635.72,3620.52,BE,-0.2,S419 SELL Orochi BREAKOUT@VAL 7R,BREAKOUT@VAL val=3633.99 vah=3655.54 poc=3645.66 vwap=3640.21
2025-09-12T08:20:00+07:00,2025-09-12T08:35:00+07:00,SELL,3632.17,3634.25,3618.01,BE,-0.2,S419 SELL Orochi BREAKOUT@VAL 7R,BREAKOUT@VAL val=3633.11 vah=3655.42 poc=3645.98 vwap=3639.22
2025-09-12T10:55:00+07:00,2025-09-12T11:00:00+07:00,BUY,3648.98,3647.68,3657.92,SL,-1.5,S419 BUY Orochi BREAKOUT@VAH 7R,BREAKOUT@VAH val=3627.52 vah=3648.20 poc=3645.99 vwap=3634.90
2025-09-12T11:05:00+07:00,2025-09-12T14:40:00+07:00,BUY,3649.07,3646.08,3670.08,BE,-0.2,S419 BUY Orochi BREAKOUT@VAH 7R,BREAKOUT@VAH val=3627.52 vah=3648.20 poc=3644.51 vwap=3634.75
2025-09-12T14:45:00+07:00,2025-09-12T15:40:00+07:00,BUY,3648.73,3647.72,3656.04,BE,-0.2,S419 BUY Orochi BREAKOUT@VAH 7R,BREAKOUT@VAH val=3625.85 vah=3646.19 poc=3632.39 vwap=3631.88
2025-09-12T15:45:00+07:00,2025-09-12T15:55:00+07:00,BUY,3649.47,3647.56,3662.92,BE,-0.2,S419 BUY Orochi BREAKOUT@VAH 7R,BREAKOUT@VAH val=3624.40 vah=3646.19 poc=3632.39 vwap=3631.40
2025-09-12T16:00:00+07:00,2025-09-12T16:10:00+07:00,BUY,3650.07,3647.37,3668.73,BE,-0.2,S419 BUY Orochi BREAKOUT@VAH 7R,BREAKOUT@VAH val=3624.40 vah=3646.19 poc=3632.39 vwap=3631.34
2025-09-12T16:15:00+07:00,2025-09-12T16:30:00+07:00,BUY,3644.19,3642.11,3658.83,BE,-0.2,S419 BUY Orochi BREAKOUT@VAH 7R,BREAKOUT@VAH val=3617.14 vah=3637.48 poc=3632.39 vwap=3631.28
2025-09-12T16:35:00+07:00,2025-09-12T16:45:00+07:00,BUY,3643.83,3642.96,3650.0,BE,-0.2,S419 BUY Orochi BREAKOUT@VAH 7R,BREAKOUT@VAH val=3617.14 vah=3637.48 poc=3632.39 vwap=3631.17
2025-09-12T16:50:00+07:00,2025-09-12T17:00:00+07:00,BUY,3640.07,3639.31,3645.79,BE,-0.2,S419 BUY Orochi BREAKOUT@VAH 7R,BREAKOUT@VAH val=3617.14 vah=3637.48 poc=3632.39 vwap=3631.11
2025-09-12T17:05:00+07:00,2025-09-12T20:30:00+07:00,BUY,3639.68,3637.35,3655.75,BE,-0.2,S419 BUY Orochi BREAKOUT@VAH 7R,BREAKOUT@VAH val=3617.14 vah=3637.48 poc=3632.39 vwap=3631.02
2025-09-12T21:20:00+07:00,2025-09-12T21:30:00+07:00,BUY,3649.57,3646.82,3668.74,BE,-0.2,S419 BUY Orochi BREAKOUT@VAH 7R,BREAKOUT@VAH val=3627.63 vah=3649.39 poc=3633.97 vwap=3639.30
2025-09-12T21:35:00+07:00,2025-09-12T21:45:00+07:00,BUY,3650.07,3645.84,3679.92,BE,-0.2,S419 BUY Orochi BREAKOUT@VAH 7R,BREAKOUT@VAH val=3627.63 vah=3649.39 poc=3633.97 vwap=3639.30
2025-09-12T21:55:00+07:00,2025-09-12T22:05:00+07:00,BUY,3650.32,3648.55,3662.55,BE,-0.2,S419 BUY Orochi BREAKOUT@VAH 7R,BREAKOUT@VAH val=3627.63 vah=3649.39 poc=3633.97 vwap=3639.30
2025-09-12T22:10:00+07:00,2025-09-12T22:30:00+07:00,BUY,3652.13,3648.82,3675.38,BE,-0.2,S419 BUY Orochi BREAKOUT@VAH 7R,BREAKOUT@VAH val=3627.63 vah=3649.39 poc=3633.97 vwap=3639.30
2025-09-12T22:35:00+07:00,2025-09-12T22:45:00+07:00,BUY,3650.19,3647.88,3665.4,BE,-0.2,S419 BUY Orochi BREAKOUT@VAH 7R,BREAKOUT@VAH val=3627.63 vah=3649.39 poc=3633.97 vwap=3639.30
2025-09-13T01:05:00+07:00,2025-09-13T01:20:00+07:00,BUY,3649.47,3648.03,3659.47,BE,-0.2,S419 BUY Orochi BREAKOUT@VAH 7R,BREAKOUT@VAH val=3627.63 vah=3649.39 poc=3633.97 vwap=3639.30
2025-09-13T01:45:00+07:00,2025-09-13T01:55:00+07:00,BUY,3649.48,3648.21,3658.29,BE,-0.2,S419 BUY Orochi BREAKOUT@VAH 7R,BREAKOUT@VAH val=3627.63 vah=3649.39 poc=3633.97 vwap=3639.30
2025-09-15T20:55:00+07:00,2025-09-15T21:05:00+07:00,BUY,3650.35,3647.0,3673.96,BE,-0.2,S419 BUY Orochi BREAKOUT@VAH 7R,BREAKOUT@VAH val=3637.55 vah=3645.99 poc=3642.19 vwap=3640.37
2025-09-15T21:10:00+07:00,2025-09-15T23:45:00+07:00,BUY,3649.58,3646.2,3673.8,TP,24.02,S419 BUY Orochi BREAKOUT@VAH 7R,BREAKOUT@VAH val=3637.55 vah=3645.99 poc=3642.19 vwap=3640.37
2025-09-16T00:00:00+07:00,2025-09-16T00:35:00+07:00,BUY,3679.51,3676.87,3698.15,BE,-0.2,S419 BUY Orochi BREAKOUT@VAH 7R,BREAKOUT@VAH val=3637.55 vah=3645.99 poc=3642.19 vwap=3640.37
2025-09-16T00:40:00+07:00,2025-09-16T00:45:00+07:00,BUY,3678.86,3675.97,3698.69,SL,-3.09,S419 BUY Orochi BREAKOUT@VAH 7R,BREAKOUT@VAH val=3637.55 vah=3645.99 poc=3642.19 vwap=3640.37
2025-09-16T00:50:00+07:00,2025-09-16T01:00:00+07:00,BUY,3679.7,3673.88,3720.76,BE,-0.2,S419 BUY Orochi BREAKOUT@VAH 7R,BREAKOUT@VAH val=3637.55 vah=3645.99 poc=3642.19 vwap=3640.37
2025-09-16T01:05:00+07:00,2025-09-16T01:15:00+07:00,BUY,3680.9,3678.37,3698.69,BE,-0.2,S419 BUY Orochi BREAKOUT@VAH 7R,BREAKOUT@VAH val=3637.55 vah=3645.99 poc=3642.19 vwap=3640.37
2025-09-16T01:20:00+07:00,2025-09-16T02:10:00+07:00,BUY,3679.73,3677.97,3691.89,BE,-0.2,S419 BUY Orochi BREAKOUT@VAH 7R,BREAKOUT@VAH val=3637.55 vah=3645.99 poc=3642.19 vwap=3640.37
2025-09-16T02:15:00+07:00,2025-09-16T02:35:00+07:00,BUY,3678.75,3677.08,3690.28,BE,-0.2,S419 BUY Orochi BREAKOUT@VAH 7R,BREAKOUT@VAH val=3637.55 vah=3645.99 poc=3642.19 vwap=3640.37
2025-09-16T02:40:00+07:00,2025-09-16T02:50:00+07:00,BUY,3678.36,3675.41,3699.17,BE,-0.2,S419 BUY Orochi BREAKOUT@VAH 7R,BREAKOUT@VAH val=3637.55 vah=3645.99 poc=3642.19 vwap=3640.37
2025-09-16T02:55:00+07:00,2025-09-16T06:05:00+07:00,BUY,3676.89,3675.47,3687.07,BE,-0.2,S419 BUY Orochi BREAKOUT@VAH 7R,BREAKOUT@VAH val=3637.55 vah=3645.99 poc=3642.19 vwap=3640.37
2025-09-16T06:10:00+07:00,2025-09-16T07:45:00+07:00,BUY,3677.8,3676.03,3690.75,BE,-0.2,S419 BUY Orochi BREAKOUT@VAH 7R,BREAKOUT@VAH val=3637.55 vah=3645.99 poc=3642.19 vwap=3640.37
2025-09-16T07:50:00+07:00,2025-09-16T08:00:00+07:00,BUY,3676.78,3675.92,3682.48,BE,-0.2,S419 BUY Orochi BREAKOUT@VAH 7R,BREAKOUT@VAH val=3637.55 vah=3645.99 poc=3642.19 vwap=3640.37
2025-09-16T08:05:00+07:00,2025-09-16T09:15:00+07:00,BUY,3677.82,3676.06,3689.98,BE,-0.2,S419 BUY Orochi BREAKOUT@VAH 7R,BREAKOUT@VAH val=3637.55 vah=3645.99 poc=3642.19 vwap=3640.37
2025-09-16T09:20:00+07:00,2025-09-16T09:30:00+07:00,BUY,3678.88,3676.42,3696.26,BE,-0.2,S419 BUY Orochi BREAKOUT@VAH 7R,BREAKOUT@VAH val=3637.55 vah=3645.99 poc=3642.19 vwap=3640.37
2025-09-16T09:35:00+07:00,2025-09-16T09:45:00+07:00,BUY,3679.57,3676.87,3698.31,BE,-0.2,S419 BUY Orochi BREAKOUT@VAH 7R,BREAKOUT@VAH val=3637.55 vah=3645.99 poc=3642.19 vwap=3640.37
2025-09-16T09:50:00+07:00,2025-09-16T10:35:00+07:00,BUY,3678.32,3676.62,3690.3,BE,-0.2,S419 BUY Orochi BREAKOUT@VAH 7R,BREAKOUT@VAH val=3637.55 vah=3645.99 poc=3642.19 vwap=3640.37
2025-09-16T10:40:00+07:00,2025-09-16T10:45:00+07:00,BUY,3677.94,3675.8,3692.84,SL,-2.34,S419 BUY Orochi BREAKOUT@VAH 7R,BREAKOUT@VAH val=3637.55 vah=3645.99 poc=3642.19 vwap=3640.37
2025-09-16T10:55:00+07:00,2025-09-16T12:50:00+07:00,BUY,3677.48,3676.79,3683.99,TP,6.31,S419 BUY Orochi BREAKOUT@VAH 7R,BREAKOUT@VAH val=3637.55 vah=3645.99 poc=3642.19 vwap=3640.37
2025-09-16T12:55:00+07:00,2025-09-16T13:05:00+07:00,BUY,3684.23,3681.98,3700.22,BE,-0.2,S419 BUY Orochi BREAKOUT@VAH 7R,BREAKOUT@VAH val=3637.55 vah=3645.99 poc=3642.19 vwap=3640.37
2025-09-16T13:10:00+07:00,2025-09-16T13:20:00+07:00,BUY,3684.15,3682.55,3695.27,BE,-0.2,S419 BUY Orochi BREAKOUT@VAH 7R,BREAKOUT@VAH val=3637.55 vah=3645.99 poc=3642.19 vwap=3640.37
2025-09-16T13:25:00+07:00,2025-09-16T13:30:00+07:00,BUY,3684.23,3683.04,3692.4,SL,-1.39,S419 BUY Orochi BREAKOUT@VAH 7R,BREAKOUT@VAH val=3637.55 vah=3645.99 poc=3642.19 vwap=3640.37
2025-09-16T13:35:00+07:00,2025-09-16T13:40:00+07:00,BUY,3682.95,3682.08,3689.12,SL,-1.07,S419 BUY Orochi BREAKOUT@VAH 7R,BREAKOUT@VAH val=3637.55 vah=3645.99 poc=3642.19 vwap=3640.37
2025-09-16T13:45:00+07:00,2025-09-16T14:15:00+07:00,BUY,3680.54,3679.94,3685.06,TP,4.32,S419 BUY Orochi BREAKOUT@VAH 7R,BREAKOUT@VAH val=3637.55 vah=3645.99 poc=3642.19 vwap=3640.37
2025-09-16T14:25:00+07:00,2025-09-16T14:30:00+07:00,BUY,3685.18,3684.35,3691.55,SL,-1.03,S419 BUY Orochi BREAKOUT@VAH 7R,BREAKOUT@VAH val=3637.55 vah=3645.99 poc=3642.19 vwap=3640.37
2025-09-16T15:00:00+07:00,2025-09-16T15:10:00+07:00,BUY,3693.18,3690.75,3710.35,BE,-0.2,S419 BUY Orochi BREAKOUT@VAH 7R,BREAKOUT@VAH val=3637.55 vah=3645.99 poc=3642.19 vwap=3640.37
2025-09-16T15:15:00+07:00,2025-09-16T15:35:00+07:00,BUY,3692.96,3689.04,3720.32,SL,-4.12,S419 BUY Orochi BREAKOUT@VAH 7R,BREAKOUT@VAH val=3637.55 vah=3645.99 poc=3642.19 vwap=3640.37
2025-09-16T15:40:00+07:00,2025-09-16T15:50:00+07:00,BUY,3688.12,3686.47,3700.31,BE,-0.2,S419 BUY Orochi BREAKOUT@VAH 7R,BREAKOUT@VAH val=3637.55 vah=3645.99 poc=3642.19 vwap=3640.37
2025-09-16T15:55:00+07:00,2025-09-16T16:10:00+07:00,BUY,3686.4,3685.72,3691.64,TP,5.04,S419 BUY Orochi BREAKOUT@VAH 7R,BREAKOUT@VAH val=3637.55 vah=3645.99 poc=3642.19 vwap=3640.37
2025-09-16T16:20:00+07:00,2025-09-16T16:30:00+07:00,BUY,3694.51,3693.3,3703.06,BE,-0.2,S419 BUY Orochi BREAKOUT@VAH 7R,BREAKOUT@VAH val=3637.55 vah=3645.99 poc=3642.19 vwap=3640.37
2025-09-16T16:35:00+07:00,2025-09-16T16:45:00+07:00,BUY,3693.81,3691.1,3712.54,BE,-0.2,S419 BUY Orochi BREAKOUT@VAH 7R,BREAKOUT@VAH val=3637.55 vah=3645.99 poc=3642.19 vwap=3640.34
2025-09-16T16:50:00+07:00,2025-09-16T17:00:00+07:00,BUY,3694.84,3693.19,3706.47,BE,-0.2,S419 BUY Orochi BREAKOUT@VAH 7R,BREAKOUT@VAH val=3637.55 vah=3645.99 poc=3642.19 vwap=3640.32
2025-09-16T17:05:00+07:00,2025-09-16T17:15:00+07:00,BUY,3694.45,3692.37,3708.93,BE,-0.2,S419 BUY Orochi BREAKOUT@VAH 7R,BREAKOUT@VAH val=3637.55 vah=3645.99 poc=3642.19 vwap=3640.31
2025-09-16T17:20:00+07:00,2025-09-16T17:30:00+07:00,BUY,3697.09,3693.69,3721.05,BE,-0.2,S419 BUY Orochi BREAKOUT@VAH 7R,BREAKOUT@VAH val=3637.55 vah=3645.99 poc=3642.19 vwap=3640.31
2025-09-16T17:35:00+07:00,2025-09-16T17:45:00+07:00,BUY,3696.88,3694.16,3715.84,BE,-0.2,S419 BUY Orochi BREAKOUT@VAH 7R,BREAKOUT@VAH val=3637.55 vah=3645.99 poc=3642.19 vwap=3640.31
2025-09-16T17:50:00+07:00,2025-09-16T18:00:00+07:00,BUY,3698.02,3695.66,3714.7,BE,-0.2,S419 BUY Orochi BREAKOUT@VAH 7R,BREAKOUT@VAH val=3637.55 vah=3645.99 poc=3642.19 vwap=3640.32
2025-09-16T18:05:00+07:00,2025-09-16T18:15:00+07:00,BUY,3697.27,3696.0,3706.48,BE,-0.2,S419 BUY Orochi BREAKOUT@VAH 7R,BREAKOUT@VAH val=3638.40 vah=3646.83 poc=3642.19 vwap=3640.35
2025-09-16T18:20:00+07:00,2025-09-16T18:30:00+07:00,BUY,3696.45,3695.67,3701.75,BE,-0.2,S419 BUY Orochi BREAKOUT@VAH 7R,BREAKOUT@VAH val=3638.40 vah=3646.83 poc=3642.19 vwap=3640.36
2025-09-16T18:35:00+07:00,2025-09-16T18:40:00+07:00,BUY,3695.04,3694.36,3699.4,SL,-0.88,S419 BUY Orochi BREAKOUT@VAH 7R,BREAKOUT@VAH val=3638.40 vah=3645.99 poc=3642.19 vwap=3640.41
2025-09-16T18:45:00+07:00,2025-09-16T18:50:00+07:00,BUY,3695.3,3693.41,3708.77,SL,-2.09,S419 BUY Orochi BREAKOUT@VAH 7R,BREAKOUT@VAH val=3638.40 vah=3646.83 poc=3643.88 vwap=3640.39
2025-09-16T18:55:00+07:00,2025-09-16T19:05:00+07:00,BUY,3693.23,3692.33,3699.21,BE,-0.2,S419 BUY Orochi BREAKOUT@VAH 7R,BREAKOUT@VAH val=3638.40 vah=3646.83 poc=3643.88 vwap=3640.43
2025-09-16T19:10:00+07:00,2025-09-16T19:15:00+07:00,BUY,3692.76,3691.13,3704.09,SL,-1.83,S419 BUY Orochi BREAKOUT@VAH 7R,BREAKOUT@VAH val=3638.40 vah=3645.99 poc=3643.88 vwap=3640.54
2025-09-16T19:20:00+07:00,2025-09-16T19:45:00+07:00,BUY,3691.04,3690.1,3697.46,TP,6.22,S419 BUY Orochi BREAKOUT@VAH 7R,BREAKOUT@VAH val=3638.40 vah=3645.99 poc=3643.88 vwap=3640.63
2025-09-16T19:50:00+07:00,2025-09-16T20:05:00+07:00,BUY,3698.32,3695.1,3720.22,SL,-3.42,S419 BUY Orochi BREAKOUT@VAH 7R,BREAKOUT@VAH val=3640.01 vah=3646.07 poc=3644.18 vwap=3641.49
2025-09-16T22:20:00+07:00,2025-09-16T22:25:00+07:00,BUY,3700.25,3697.31,3720.91,SL,-3.14,S419 BUY Orochi BREAKOUT@VAH 7R,BREAKOUT@VAH val=3675.99 vah=3699.44 poc=3679.90 vwap=3676.99
2025-09-17T14:35:00+07:00,2025-09-17T14:45:00+07:00,SELL,3673.75,3677.44,3648.0,BE,-0.2,S419 SELL Orochi BREAKOUT@VAL 7R,BREAKOUT@VAL val=3675.79 vah=3692.24 poc=3680.42 vwap=3686.29
2025-09-17T15:05:00+07:00,2025-09-17T20:40:00+07:00,SELL,3674.96,3677.99,3653.83,BE,-0.2,S419 SELL Orochi BREAKOUT@VAL 7R,BREAKOUT@VAL val=3675.79 vah=3693.27 poc=3681.44 vwap=3686.55
2025-09-18T02:55:00+07:00,2025-09-18T03:05:00+07:00,SELL,3650.27,3660.6,3578.44,BE,-0.2,S419 SELL Orochi BREAKOUT@VAL 7R,BREAKOUT@VAL val=3676.16 vah=3699.46 poc=3687.81 vwap=3682.33
2025-09-18T03:10:00+07:00,2025-09-18T03:20:00+07:00,SELL,3650.8,3667.82,3531.74,BE,-0.2,S419 SELL Orochi BREAKOUT@VAL 7R,BREAKOUT@VAL val=3676.16 vah=3699.46 poc=3687.81 vwap=3682.33
2025-09-18T03:25:00+07:00,2025-09-18T03:35:00+07:00,SELL,3663.95,3669.6,3624.72,BE,-0.2,S419 SELL Orochi BREAKOUT@VAL 7R,BREAKOUT@VAL val=3676.16 vah=3699.46 poc=3687.81 vwap=3682.33
2025-09-18T03:40:00+07:00,2025-09-18T03:55:00+07:00,SELL,3661.76,3668.07,3617.35,BE,-0.2,S419 SELL Orochi BREAKOUT@VAL 7R,BREAKOUT@VAL val=3676.16 vah=3699.46 poc=3687.81 vwap=3682.33
2025-09-18T04:00:00+07:00,2025-09-18T04:10:00+07:00,SELL,3659.78,3664.03,3629.87,BE,-0.2,S419 SELL Orochi BREAKOUT@VAL 7R,BREAKOUT@VAL val=3676.16 vah=3699.46 poc=3687.81 vwap=3682.33
2025-09-18T04:15:00+07:00,2025-09-18T04:25:00+07:00,SELL,3659.54,3662.08,3641.44,BE,-0.2,S419 SELL Orochi BREAKOUT@VAL 7R,BREAKOUT@VAL val=3676.16 vah=3699.46 poc=3687.81 vwap=3682.33
2025-09-18T04:30:00+07:00,2025-09-18T04:45:00+07:00,SELL,3659.13,3661.44,3642.72,BE,-0.2,S419 SELL Orochi BREAKOUT@VAL 7R,BREAKOUT@VAL val=3676.16 vah=3699.46 poc=3687.81 vwap=3682.33
2025-09-18T04:50:00+07:00,2025-09-18T06:05:00+07:00,SELL,3658.95,3660.12,3651.0,BE,-0.2,S419 SELL Orochi BREAKOUT@VAL 7R,BREAKOUT@VAL val=3676.16 vah=3699.46 poc=3687.81 vwap=3682.33
2025-09-18T06:10:00+07:00,2025-09-18T06:20:00+07:00,SELL,3663.32,3665.66,3647.18,BE,-0.2,S419 SELL Orochi BREAKOUT@VAL 7R,BREAKOUT@VAL val=3676.16 vah=3699.46 poc=3687.81 vwap=3682.33
2025-09-18T06:25:00+07:00,2025-09-18T06:45:00+07:00,SELL,3664.06,3665.98,3651.74,BE,-0.2,S419 SELL Orochi BREAKOUT@VAL 7R,BREAKOUT@VAL val=3676.16 vah=3699.46 poc=3687.81 vwap=3682.33
2025-09-18T06:50:00+07:00,2025-09-18T07:00:00+07:00,SELL,3663.01,3664.71,3650.87,BE,-0.2,S419 SELL Orochi BREAKOUT@VAL 7R,BREAKOUT@VAL val=3676.16 vah=3699.46 poc=3687.81 vwap=3682.33
2025-09-18T07:05:00+07:00,2025-09-18T07:10:00+07:00,SELL,3665.85,3666.83,3658.91,SL,-1.18,S419 SELL Orochi BREAKOUT@VAL 7R,BREAKOUT@VAL val=3676.16 vah=3699.46 poc=3687.81 vwap=3682.33
2025-09-18T07:15:00+07:00,2025-09-18T07:20:00+07:00,SELL,3668.79,3669.46,3664.02,SL,-0.87,S419 SELL Orochi BREAKOUT@VAL 7R,BREAKOUT@VAL val=3676.16 vah=3699.46 poc=3687.81 vwap=3682.33
2025-09-18T07:25:00+07:00,2025-09-18T08:10:00+07:00,SELL,3671.16,3672.56,3661.28,TP,9.68,S419 SELL Orochi BREAKOUT@VAL 7R,BREAKOUT@VAL val=3676.16 vah=3699.46 poc=3687.81 vwap=3682.33
2025-09-18T08:15:00+07:00,2025-09-18T08:30:00+07:00,SELL,3663.36,3666.34,3642.34,BE,-0.2,S419 SELL Orochi BREAKOUT@VAL 7R,BREAKOUT@VAL val=3676.16 vah=3699.46 poc=3687.81 vwap=3681.92
2025-09-18T08:40:00+07:00,2025-09-18T08:50:00+07:00,SELL,3659.99,3663.59,3634.63,SL,-3.8,S419 SELL Orochi BREAKOUT@VAL 7R,BREAKOUT@VAL val=3674.37 vah=3699.46 poc=3687.81 vwap=3681.66
2025-09-18T08:55:00+07:00,2025-09-18T09:00:00+07:00,SELL,3665.22,3666.36,3657.32,SL,-1.34,S419 SELL Orochi BREAKOUT@VAL 7R,BREAKOUT@VAL val=3674.37 vah=3699.46 poc=3689.60 vwap=3681.56
2025-09-18T09:10:00+07:00,2025-09-18T10:05:00+07:00,SELL,3661.19,3662.61,3651.09,BE,-0.2,S419 SELL Orochi BREAKOUT@VAL 7R,BREAKOUT@VAL val=3674.37 vah=3699.46 poc=3689.60 vwap=3681.39
2025-09-18T10:10:00+07:00,2025-09-18T10:20:00+07:00,SELL,3662.67,3664.04,3653.24,BE,-0.2,S419 SELL Orochi BREAKOUT@VAL 7R,BREAKOUT@VAL val=3671.99 vah=3695.90 poc=3689.17 vwap=3679.47
2025-09-18T10:25:00+07:00,2025-09-18T10:35:00+07:00,SELL,3662.0,3664.42,3645.22,BE,-0.2,S419 SELL Orochi BREAKOUT@VAL 7R,BREAKOUT@VAL val=3670.33 vah=3695.33 poc=3688.71 vwap=3678.98
2025-09-18T10:40:00+07:00,2025-09-18T10:50:00+07:00,SELL,3662.49,3665.57,3639.97,BE,-0.2,S419 SELL Orochi BREAKOUT@VAL 7R,BREAKOUT@VAL val=3670.33 vah=3695.33 poc=3688.71 vwap=3678.67
2025-09-18T10:55:00+07:00,2025-09-18T13:05:00+07:00,SELL,3664.77,3666.49,3652.65,TP,11.92,S419 SELL Orochi BREAKOUT@VAL 7R,BREAKOUT@VAL val=3668.86 vah=3695.33 poc=3688.71 vwap=3678.49
2025-09-18T13:10:00+07:00,2025-09-18T13:15:00+07:00,SELL,3654.65,3655.74,3646.94,SL,-1.29,S419 SELL Orochi BREAKOUT@VAL 7R,BREAKOUT@VAL val=3660.03 vah=3682.09 poc=3666.65 vwap=3676.78
2025-09-18T13:20:00+07:00,2025-09-18T13:25:00+07:00,SELL,3657.56,3658.19,3653.07,SL,-0.83,S419 SELL Orochi BREAKOUT@VAL 7R,BREAKOUT@VAL val=3660.03 vah=3682.09 poc=3666.65 vwap=3676.66
2025-09-18T13:30:00+07:00,2025-09-18T14:10:00+07:00,SELL,3656.95,3659.62,3638.02,TP,18.73,S419 SELL Orochi BREAKOUT@VAL 7R,BREAKOUT@VAL val=3660.03 vah=3682.09 poc=3666.65 vwap=3676.54
2025-09-18T14:15:00+07:00,2025-09-18T14:25:00+07:00,SELL,3637.41,3642.68,3600.76,BE,-0.2,S419 SELL Orochi BREAKOUT@VAL 7R,BREAKOUT@VAL val=3660.03 vah=3682.09 poc=3666.65 vwap=3676.08
2025-09-18T14:30:00+07:00,2025-09-18T14:50:00+07:00,SELL,3639.28,3640.92,3627.48,BE,-0.2,S419 SELL Orochi BREAKOUT@VAL 7R,BREAKOUT@VAL val=3660.03 vah=3682.09 poc=3666.65 vwap=3675.95
2025-09-18T14:55:00+07:00,2025-09-18T15:05:00+07:00,SELL,3637.55,3640.62,3615.66,BE,-0.2,S419 SELL Orochi BREAKOUT@VAL 7R,BREAKOUT@VAL val=3660.03 vah=3682.09 poc=3666.65 vwap=3675.65
2025-09-18T15:10:00+07:00,2025-09-18T15:15:00+07:00,SELL,3644.52,3646.15,3633.19,SL,-1.83,S419 SELL Orochi BREAKOUT@VAL 7R,BREAKOUT@VAL val=3660.03 vah=3680.62 poc=3666.65 vwap=3675.52
2025-09-18T15:20:00+07:00,2025-09-18T15:30:00+07:00,SELL,3647.33,3650.87,3622.71,BE,-0.2,S419 SELL Orochi BREAKOUT@VAL 7R,BREAKOUT@VAL val=3660.03 vah=3680.62 poc=3666.65 vwap=3675.38
2025-09-18T15:35:00+07:00,2025-09-18T15:40:00+07:00,SELL,3652.8,3654.32,3642.48,SL,-1.72,S419 SELL Orochi BREAKOUT@VAL 7R,BREAKOUT@VAL val=3660.03 vah=3680.62 poc=3666.65 vwap=3675.21
2025-09-18T15:45:00+07:00,2025-09-18T16:35:00+07:00,SELL,3659.67,3660.79,3651.67,BE,-0.2,S419 SELL Orochi BREAKOUT@VAL 7R,BREAKOUT@VAL val=3660.03 vah=3680.62 poc=3666.65 vwap=3675.13
2025-09-18T21:45:00+07:00,2025-09-18T21:55:00+07:00,SELL,3636.52,3642.13,3593.89,BE,-0.2,S419 SELL Orochi BREAKOUT@VAL 7R,BREAKOUT@VAL val=3652.40 vah=3683.05 poc=3657.00 vwap=3666.21
2025-09-18T22:00:00+07:00,2025-09-18T22:45:00+07:00,SELL,3645.64,3647.68,3631.44,BE,-0.2,S419 SELL Orochi BREAKOUT@VAL 7R,BREAKOUT@VAL val=3652.40 vah=3683.05 poc=3657.00 vwap=3666.21
2025-09-18T22:50:00+07:00,2025-09-18T23:00:00+07:00,SELL,3641.48,3647.9,3596.3,BE,-0.2,S419 SELL Orochi BREAKOUT@VAL 7R,BREAKOUT@VAL val=3652.40 vah=3683.05 poc=3657.00 vwap=3666.21
2025-09-18T23:05:00+07:00,2025-09-18T23:15:00+07:00,SELL,3638.4,3643.0,3605.8,BE,-0.2,S419 SELL Orochi BREAKOUT@VAL 7R,BREAKOUT@VAL val=3652.40 vah=3683.05 poc=3657.00 vwap=3666.21
2025-09-18T23:20:00+07:00,2025-09-18T23:30:00+07:00,SELL,3640.11,3643.39,3617.23,BE,-0.2,S419 SELL Orochi BREAKOUT@VAL 7R,BREAKOUT@VAL val=3652.40 vah=3683.05 poc=3657.00 vwap=3666.21
2025-09-18T23:35:00+07:00,2025-09-18T23:45:00+07:00,SELL,3640.47,3642.15,3628.63,BE,-0.2,S419 SELL Orochi BREAKOUT@VAL 7R,BREAKOUT@VAL val=3652.40 vah=3683.05 poc=3657.00 vwap=3666.21
2025-09-18T23:50:00+07:00,2025-09-18T23:55:00+07:00,SELL,3639.75,3641.46,3627.62,SL,-1.91,S419 SELL Orochi BREAKOUT@VAL 7R,BREAKOUT@VAL val=3652.40 vah=3683.05 poc=3657.00 vwap=3666.21
2025-09-19T00:00:00+07:00,2025-09-19T00:05:00+07:00,SELL,3641.58,3643.52,3627.92,SL,-2.14,S419 SELL Orochi BREAKOUT@VAL 7R,BREAKOUT@VAL val=3652.40 vah=3683.05 poc=3657.00 vwap=3666.21
2025-09-19T00:10:00+07:00,2025-09-19T00:15:00+07:00,SELL,3643.37,3644.77,3633.49,SL,-1.6,S419 SELL Orochi BREAKOUT@VAL 7R,BREAKOUT@VAL val=3652.40 vah=3683.05 poc=3657.00 vwap=3666.21
2025-09-19T00:20:00+07:00,2025-09-19T00:30:00+07:00,SELL,3643.99,3646.37,3627.89,BE,-0.2,S419 SELL Orochi BREAKOUT@VAL 7R,BREAKOUT@VAL val=3652.40 vah=3683.05 poc=3657.00 vwap=3666.21
2025-09-19T00:35:00+07:00,2025-09-19T00:45:00+07:00,SELL,3644.69,3645.36,3640.24,BE,-0.2,S419 SELL Orochi BREAKOUT@VAL 7R,BREAKOUT@VAL val=3652.40 vah=3683.05 poc=3657.00 vwap=3666.21
2025-09-19T00:55:00+07:00,2025-09-19T01:05:00+07:00,SELL,3646.31,3647.69,3636.73,BE,-0.2,S419 SELL Orochi BREAKOUT@VAL 7R,BREAKOUT@VAL val=3652.40 vah=3683.05 poc=3657.00 vwap=3666.21
2025-09-19T01:10:00+07:00,2025-09-19T01:20:00+07:00,SELL,3644.19,3647.28,3622.64,BE,-0.2,S419 SELL Orochi BREAKOUT@VAL 7R,BREAKOUT@VAL val=3652.40 vah=3683.05 poc=3657.00 vwap=3666.21
2025-09-19T01:25:00+07:00,2025-09-19T01:35:00+07:00,SELL,3644.79,3646.39,3633.51,BE,-0.2,S419 SELL Orochi BREAKOUT@VAL 7R,BREAKOUT@VAL val=3652.40 vah=3683.05 poc=3657.00 vwap=3666.21
2025-09-19T01:40:00+07:00,2025-09-19T01:50:00+07:00,SELL,3643.86,3645.39,3633.23,BE,-0.2,S419 SELL Orochi BREAKOUT@VAL 7R,BREAKOUT@VAL val=3652.40 vah=3683.05 poc=3657.00 vwap=3666.21
2025-09-19T01:55:00+07:00,2025-09-19T03:20:00+07:00,SELL,3643.58,3644.68,3635.8,BE,-0.2,S419 SELL Orochi BREAKOUT@VAL 7R,BREAKOUT@VAL val=3652.40 vah=3683.05 poc=3657.00 vwap=3666.21
2025-09-19T03:25:00+07:00,2025-09-19T03:50:00+07:00,SELL,3642.55,3644.39,3630.39,SL,-2.04,S419 SELL Orochi BREAKOUT@VAL 7R,BREAKOUT@VAL val=3652.40 vah=3683.05 poc=3657.00 vwap=3666.21
2025-09-19T03:55:00+07:00,2025-09-19T04:05:00+07:00,SELL,3646.65,3647.45,3640.97,BE,-0.2,S419 SELL Orochi BREAKOUT@VAL 7R,BREAKOUT@VAL val=3652.40 vah=3683.05 poc=3657.00 vwap=3666.21
2025-09-19T04:10:00+07:00,2025-09-19T04:20:00+07:00,SELL,3645.77,3647.05,3636.97,BE,-0.2,S419 SELL Orochi BREAKOUT@VAL 7R,BREAKOUT@VAL val=3652.40 vah=3683.05 poc=3657.00 vwap=3666.21
2025-09-19T04:25:00+07:00,2025-09-19T06:55:00+07:00,SELL,3645.84,3646.61,3640.61,TP,5.03,S419 SELL Orochi BREAKOUT@VAL 7R,BREAKOUT@VAL val=3652.40 vah=3683.05 poc=3657.00 vwap=3666.21
2025-09-19T07:00:00+07:00,2025-09-19T08:00:00+07:00,SELL,3641.42,3642.06,3636.78,BE,-0.2,S419 SELL Orochi BREAKOUT@VAL 7R,BREAKOUT@VAL val=3652.40 vah=3683.05 poc=3657.00 vwap=3666.21
2025-09-19T08:20:00+07:00,2025-09-19T08:30:00+07:00,SELL,3638.34,3640.3,3624.7,BE,-0.2,S419 SELL Orochi BREAKOUT@VAL 7R,BREAKOUT@VAL val=3649.34 vah=3683.05 poc=3657.00 vwap=3665.96
2025-09-19T08:35:00+07:00,2025-09-19T08:45:00+07:00,SELL,3637.18,3639.2,3624.16,BE,-0.2,S419 SELL Orochi BREAKOUT@VAL 7R,BREAKOUT@VAL val=3649.34 vah=3683.05 poc=3657.00 vwap=3665.79
2025-09-19T08:50:00+07:00,2025-09-19T09:00:00+07:00,SELL,3640.24,3641.8,3629.24,BE,-0.2,S419 SELL Orochi BREAKOUT@VAL 7R,BREAKOUT@VAL val=3649.34 vah=3683.05 poc=3657.00 vwap=3665.63
2025-09-19T09:55:00+07:00,2025-09-19T10:05:00+07:00,SELL,3639.87,3642.36,3622.36,BE,-0.2,S419 SELL Orochi BREAKOUT@VAL 7R,BREAKOUT@VAL val=3643.21 vah=3673.85 poc=3657.00 vwap=3664.46
2025-09-19T10:20:00+07:00,2025-09-19T10:30:00+07:00,SELL,3645.95,3647.99,3631.83,BE,-0.2,S419 SELL Orochi BREAKOUT@VAL 7R,BREAKOUT@VAL val=3646.28 vah=3673.85 poc=3657.00 vwap=3663.98
2025-09-19T11:05:00+07:00,2025-09-19T11:15:00+07:00,SELL,3646.59,3648.73,3631.13,BE,-0.2,S419 SELL Orochi BREAKOUT@VAL 7R,BREAKOUT@VAL val=3649.34 vah=3673.85 poc=3657.00 vwap=3663.23
2025-09-19T14:00:00+07:00,2025-09-19T14:10:00+07:00,SELL,3652.46,3653.96,3641.88,BE,-0.2,S419 SELL Orochi BREAKOUT@VAL 7R,BREAKOUT@VAL val=3652.66 vah=3669.43 poc=3657.32 vwap=3658.20
2025-09-19T14:20:00+07:00,2025-09-19T15:00:00+07:00,SELL,3649.54,3652.83,3626.43,BE,-0.2,S419 SELL Orochi BREAKOUT@VAL 7R,BREAKOUT@VAL val=3653.51 vah=3669.75 poc=3657.57 vwap=3657.97
2025-09-19T15:05:00+07:00,2025-09-19T15:15:00+07:00,SELL,3647.51,3651.33,3619.97,BE,-0.2,S419 SELL Orochi BREAKOUT@VAL 7R,BREAKOUT@VAL val=3653.51 vah=3669.75 poc=3657.57 vwap=3658.10
2025-09-19T16:15:00+07:00,2025-09-19T16:30:00+07:00,SELL,3651.73,3653.99,3635.99,SL,-2.46,S419 SELL Orochi BREAKOUT@VAL 7R,BREAKOUT@VAL val=3651.89 vah=3669.75 poc=3662.44 vwap=3657.96
2025-09-19T19:25:00+07:00,2025-09-19T19:35:00+07:00,SELL,3650.82,3653.55,3632.35,BE,-0.2,S419 SELL Orochi BREAKOUT@VAL 7R,BREAKOUT@VAL val=3651.89 vah=3671.38 poc=3657.57 vwap=3656.84
2025-09-19T19:45:00+07:00,2025-09-19T20:00:00+07:00,SELL,3648.59,3650.88,3632.8,BE,-0.2,S419 SELL Orochi BREAKOUT@VAL 7R,BREAKOUT@VAL val=3651.89 vah=3671.38 poc=3657.57 vwap=3656.80
2025-09-19T21:30:00+07:00,2025-09-19T21:40:00+07:00,BUY,3656.68,3652.09,3688.65,BE,-0.2,S419 BUY Orochi BREAKOUT@VAH 7R,BREAKOUT@VAH val=3637.17 vah=3655.71 poc=3641.81 vwap=3648.15
2025-09-19T21:45:00+07:00,2025-09-19T22:15:00+07:00,BUY,3658.11,3653.39,3691.39,BE,-0.2,S419 BUY Orochi BREAKOUT@VAH 7R,BREAKOUT@VAH val=3637.17 vah=3655.71 poc=3641.81 vwap=3648.15
2025-09-19T22:20:00+07:00,2025-09-22T14:25:00+07:00,BUY,3661.77,3655.51,3705.67,TP,43.7,S419 BUY Orochi BREAKOUT@VAH 7R,BREAKOUT@VAH val=3637.17 vah=3655.71 poc=3641.81 vwap=3648.15
2025-09-22T20:00:00+07:00,2025-09-22T20:10:00+07:00,BUY,3723.85,3720.76,3745.56,BE,-0.2,S419 BUY Orochi BREAKOUT@VAH 7R,BREAKOUT@VAH val=3685.68 vah=3717.20 poc=3688.46 vwap=3704.68
2025-09-22T20:55:00+07:00,2025-09-22T21:05:00+07:00,BUY,3721.68,3718.4,3744.48,BE,-0.2,S419 BUY Orochi BREAKOUT@VAH 7R,BREAKOUT@VAH val=3685.68 vah=3717.20 poc=3688.46 vwap=3704.68
2025-09-22T21:10:00+07:00,2025-09-22T21:25:00+07:00,BUY,3722.52,3720.01,3739.69,BE,-0.2,S419 BUY Orochi BREAKOUT@VAH 7R,BREAKOUT@VAH val=3685.68 vah=3717.20 poc=3688.46 vwap=3704.68
2025-09-22T21:35:00+07:00,2025-09-22T21:45:00+07:00,BUY,3720.11,3715.36,3753.68,BE,-0.2,S419 BUY Orochi BREAKOUT@VAH 7R,BREAKOUT@VAH val=3685.68 vah=3717.20 poc=3688.46 vwap=3704.68
2025-09-22T22:00:00+07:00,2025-09-22T22:20:00+07:00,BUY,3718.14,3715.91,3733.83,BE,-0.2,S419 BUY Orochi BREAKOUT@VAH 7R,BREAKOUT@VAH val=3685.68 vah=3717.20 poc=3688.46 vwap=3704.68
2025-09-22T22:25:00+07:00,2025-09-23T16:30:00+07:00,BUY,3721.57,3715.92,3761.04,TP,39.27,S419 BUY Orochi BREAKOUT@VAH 7R,BREAKOUT@VAH val=3685.68 vah=3717.20 poc=3688.46 vwap=3704.68
2025-09-23T16:55:00+07:00,2025-09-23T21:50:00+07:00,BUY,3774.37,3770.5,3801.3,BE,-0.2,S419 BUY Orochi BREAKOUT@VAH 7R,BREAKOUT@VAH val=3685.63 vah=3717.65 poc=3688.30 vwap=3705.03
2025-09-23T22:00:00+07:00,2025-09-23T22:05:00+07:00,BUY,3778.0,3776.22,3790.78,SL,-1.98,S419 BUY Orochi BREAKOUT@VAH 7R,BREAKOUT@VAH val=3718.62 vah=3761.44 poc=3746.62 vwap=3747.12
2025-09-23T22:10:00+07:00,2025-09-23T22:15:00+07:00,BUY,3777.06,3772.72,3807.28,SL,-4.54,S419 BUY Orochi BREAKOUT@VAH 7R,BREAKOUT@VAH val=3718.62 vah=3761.44 poc=3746.62 vwap=3747.12
2025-09-23T22:20:00+07:00,2025-09-24T00:35:00+07:00,BUY,3768.43,3766.41,3782.65,BE,-0.2,S419 BUY Orochi BREAKOUT@VAH 7R,BREAKOUT@VAH val=3718.62 vah=3761.44 poc=3746.62 vwap=3747.12
2025-09-24T00:55:00+07:00,2025-09-24T01:30:00+07:00,BUY,3779.29,3775.02,3808.7,BE,-0.2,S419 BUY Orochi BREAKOUT@VAH 7R,BREAKOUT@VAH val=3718.62 vah=3761.44 poc=3746.62 vwap=3747.12
2025-09-24T01:35:00+07:00,2025-09-24T01:45:00+07:00,BUY,3779.75,3776.16,3805.04,BE,-0.2,S419 BUY Orochi BREAKOUT@VAH 7R,BREAKOUT@VAH val=3718.62 vah=3761.44 poc=3746.62 vwap=3747.12
2025-09-24T01:50:00+07:00,2025-09-24T01:55:00+07:00,BUY,3777.27,3776.35,3783.79,SL,-1.12,S419 BUY Orochi BREAKOUT@VAH 7R,BREAKOUT@VAH val=3718.62 vah=3761.44 poc=3746.62 vwap=3747.12
2025-09-24T02:00:00+07:00,2025-09-24T02:10:00+07:00,BUY,3779.23,3775.0,3808.76,BE,-0.2,S419 BUY Orochi BREAKOUT@VAH 7R,BREAKOUT@VAH val=3718.62 vah=3761.44 poc=3746.62 vwap=3747.12
2025-09-24T02:15:00+07:00,2025-09-24T02:25:00+07:00,BUY,3778.89,3776.53,3795.33,BE,-0.2,S419 BUY Orochi BREAKOUT@VAH 7R,BREAKOUT@VAH val=3718.62 vah=3761.44 poc=3746.62 vwap=3747.12
2025-09-24T02:30:00+07:00,2025-09-24T02:40:00+07:00,BUY,3778.3,3776.59,3790.75,BE,-0.2,S419 BUY Orochi BREAKOUT@VAH 7R,BREAKOUT@VAH val=3718.62 vah=3761.44 poc=3746.62 vwap=3747.12
2025-09-24T02:45:00+07:00,2025-09-24T02:50:00+07:00,BUY,3778.33,3777.25,3786.13,SL,-1.28,S419 BUY Orochi BREAKOUT@VAH 7R,BREAKOUT@VAH val=3718.62 vah=3761.44 poc=3746.62 vwap=3747.12
2025-09-24T03:35:00+07:00,2025-09-24T03:45:00+07:00,BUY,3765.23,3757.44,3819.84,BE,-0.2,S419 BUY Orochi BREAKOUT@VAH 7R,BREAKOUT@VAH val=3718.62 vah=3761.44 poc=3746.62 vwap=3747.12
2025-09-24T03:50:00+07:00,2025-09-24T04:50:00+07:00,BUY,3768.06,3762.68,3806.12,SL,-5.58,S419 BUY Orochi BREAKOUT@VAH 7R,BREAKOUT@VAH val=3718.62 vah=3761.44 poc=3746.62 vwap=3747.12
2025-09-24T04:55:00+07:00,2025-09-24T06:10:00+07:00,BUY,3765.3,3761.97,3777.33,BE,-0.2,S419 BUY Orochi BREAKOUT@VAH 7R,BREAKOUT@VAH val=3718.62 vah=3761.44 poc=3746.62 vwap=3747.12
2025-09-24T06:15:00+07:00,2025-09-24T06:20:00+07:00,BUY,3764.28,3763.52,3769.44,SL,-0.96,S419 BUY Orochi BREAKOUT@VAH 7R,BREAKOUT@VAH val=3718.62 vah=3761.44 poc=3746.62 vwap=3747.12
2025-09-24T06:25:00+07:00,2025-09-24T07:05:00+07:00,BUY,3762.07,3761.3,3767.38,TP,5.11,S419 BUY Orochi BREAKOUT@VAH 7R,BREAKOUT@VAH val=3718.62 vah=3761.44 poc=3746.62 vwap=3747.12
2025-09-24T07:15:00+07:00,2025-09-24T07:25:00+07:00,BUY,3768.35,3766.76,3779.72,BE,-0.2,S419 BUY Orochi BREAKOUT@VAH 7R,BREAKOUT@VAH val=3718.62 vah=3761.44 poc=3746.62 vwap=3747.12
2025-09-24T07:40:00+07:00,2025-09-24T07:50:00+07:00,BUY,3763.58,3761.44,3778.48,BE,-0.2,S419 BUY Orochi BREAKOUT@VAH 7R,BREAKOUT@VAH val=3718.62 vah=3761.44 poc=3746.62 vwap=3747.38
2025-09-24T07:55:00+07:00,2025-09-24T08:00:00+07:00,BUY,3763.88,3761.61,3779.61,SL,-2.47,S419 BUY Orochi BREAKOUT@VAH 7R,BREAKOUT@VAH val=3719.87 vah=3761.96 poc=3747.39 vwap=3747.91
2025-09-24T08:05:00+07:00,2025-09-24T08:15:00+07:00,BUY,3759.89,3758.59,3769.15,BE,-0.2,S419 BUY Orochi BREAKOUT@VAH 7R,BREAKOUT@VAH val=3720.23 vah=3758.88 poc=3747.61 vwap=3748.29
2025-09-24T08:30:00+07:00,2025-09-24T08:40:00+07:00,BUY,3762.84,3761.69,3771.21,BE,-0.2,S419 BUY Orochi BREAKOUT@VAH 7R,BREAKOUT@VAH val=3720.23 vah=3758.88 poc=3747.61 vwap=3749.07
2025-09-24T08:45:00+07:00,2025-09-24T09:00:00+07:00,BUY,3762.27,3761.03,3771.35,BE,-0.2,S419 BUY Orochi BREAKOUT@VAH 7R,BREAKOUT@VAH val=3720.23 vah=3758.88 poc=3747.61 vwap=3749.54
2025-09-24T09:10:00+07:00,2025-09-24T09:15:00+07:00,BUY,3763.5,3761.87,3774.99,SL,-1.83,S419 BUY Orochi BREAKOUT@VAH 7R,BREAKOUT@VAH val=3720.23 vah=3758.88 poc=3747.61 vwap=3750.79
2025-09-24T11:20:00+07:00,2025-09-24T11:30:00+07:00,BUY,3760.61,3756.28,3790.76,BE,-0.2,S419 BUY Orochi BREAKOUT@VAH 7R,BREAKOUT@VAH val=3735.04 vah=3758.39 poc=3745.55 vwap=3756.31
2025-09-24T11:35:00+07:00,2025-09-24T11:45:00+07:00,BUY,3763.65,3759.55,3792.27,BE,-0.2,S419 BUY Orochi BREAKOUT@VAH 7R,BREAKOUT@VAH val=3737.60 vah=3758.53 poc=3745.74 vwap=3756.58
2025-09-24T11:50:00+07:00,2025-09-24T12:20:00+07:00,BUY,3764.67,3762.88,3777.12,BE,-0.2,S419 BUY Orochi BREAKOUT@VAH 7R,BREAKOUT@VAH val=3738.62 vah=3759.15 poc=3746.61 vwap=3756.91
2025-09-24T12:25:00+07:00,2025-09-24T17:40:00+07:00,BUY,3764.96,3762.74,3780.66,BE,-0.2,S419 BUY Orochi BREAKOUT@VAH 7R,BREAKOUT@VAH val=3738.99 vah=3759.38 poc=3746.92 vwap=3757.47
2025-09-24T21:45:00+07:00,2025-09-24T22:00:00+07:00,SELL,3761.26,3767.21,3719.69,BE,-0.2,S419 SELL Orochi BREAKOUT@VAL 7R,BREAKOUT@VAL val=3763.38 vah=3783.99 poc=3778.44 vwap=3771.36
2025-09-24T22:10:00+07:00,2025-09-24T22:30:00+07:00,SELL,3759.69,3765.67,3717.91,BE,-0.2,S419 SELL Orochi BREAKOUT@VAL 7R,BREAKOUT@VAL val=3763.38 vah=3783.99 poc=3778.44 vwap=3771.36
2025-09-24T22:35:00+07:00,2025-09-24T22:45:00+07:00,SELL,3754.63,3761.21,3708.65,BE,-0.2,S419 SELL Orochi BREAKOUT@VAL 7R,BREAKOUT@VAL val=3763.38 vah=3783.99 poc=3778.44 vwap=3771.36
2025-09-24T22:50:00+07:00,2025-09-24T23:00:00+07:00,SELL,3752.9,3758.31,3715.19,BE,-0.2,S419 SELL Orochi BREAKOUT@VAL 7R,BREAKOUT@VAL val=3763.38 vah=3783.99 poc=3778.44 vwap=3771.36
2025-09-24T23:05:00+07:00,2025-09-24T23:15:00+07:00,SELL,3755.58,3757.27,3743.91,BE,-0.2,S419 SELL Orochi BREAKOUT@VAL 7R,BREAKOUT@VAL val=3763.38 vah=3783.99 poc=3778.44 vwap=3771.36
2025-09-24T23:20:00+07:00,2025-09-24T23:40:00+07:00,SELL,3755.92,3757.61,3744.17,TP,11.55,S419 SELL Orochi BREAKOUT@VAL 7R,BREAKOUT@VAL val=3763.38 vah=3783.99 poc=3778.44 vwap=3771.36
2025-09-24T23:45:00+07:00,2025-09-24T23:55:00+07:00,SELL,3745.32,3749.21,3718.41,BE,-0.2,S419 SELL Orochi BREAKOUT@VAL 7R,BREAKOUT@VAL val=3763.38 vah=3783.99 poc=3778.44 vwap=3771.36
2025-09-25T00:00:00+07:00,2025-09-25T02:15:00+07:00,SELL,3744.27,3746.68,3727.56,TP,16.51,S419 SELL Orochi BREAKOUT@VAL 7R,BREAKOUT@VAL val=3763.38 vah=3783.99 poc=3778.44 vwap=3771.36
2025-09-25T02:20:00+07:00,2025-09-25T02:30:00+07:00,SELL,3727.81,3731.41,3702.37,BE,-0.2,S419 SELL Orochi BREAKOUT@VAL 7R,BREAKOUT@VAL val=3763.38 vah=3783.99 poc=3778.44 vwap=3771.36
2025-09-25T02:35:00+07:00,2025-09-25T02:55:00+07:00,SELL,3730.68,3731.78,3722.9,TP,7.58,S419 SELL Orochi BREAKOUT@VAL 7R,BREAKOUT@VAL val=3763.38 vah=3783.99 poc=3778.44 vwap=3771.36
2025-09-25T03:10:00+07:00,2025-09-25T03:30:00+07:00,SELL,3720.29,3723.14,3700.18,BE,-0.2,S419 SELL Orochi BREAKOUT@VAL 7R,BREAKOUT@VAL val=3763.38 vah=3783.99 poc=3778.44 vwap=3771.36
2025-09-25T03:35:00+07:00,2025-09-25T03:40:00+07:00,SELL,3723.74,3725.21,3713.53,SL,-1.67,S419 SELL Orochi BREAKOUT@VAL 7R,BREAKOUT@VAL val=3763.38 vah=3783.99 poc=3778.44 vwap=3771.36
2025-09-25T03:45:00+07:00,2025-09-25T03:55:00+07:00,SELL,3730.56,3731.88,3721.08,BE,-0.2,S419 SELL Orochi BREAKOUT@VAL 7R,BREAKOUT@VAL val=3763.38 vah=3783.99 poc=3778.44 vwap=3771.36
2025-09-25T04:00:00+07:00,2025-09-25T04:10:00+07:00,SELL,3731.29,3733.18,3717.82,BE,-0.2,S419 SELL Orochi BREAKOUT@VAL 7R,BREAKOUT@VAL val=3763.38 vah=3783.99 poc=3778.44 vwap=3771.36
2025-09-25T04:15:00+07:00,2025-09-25T04:25:00+07:00,SELL,3731.6,3733.17,3720.37,BE,-0.2,S419 SELL Orochi BREAKOUT@VAL 7R,BREAKOUT@VAL val=3763.38 vah=3783.99 poc=3778.44 vwap=3771.36
2025-09-25T04:30:00+07:00,2025-09-25T04:35:00+07:00,SELL,3733.34,3734.19,3727.55,SL,-1.05,S419 SELL Orochi BREAKOUT@VAL 7R,BREAKOUT@VAL val=3763.38 vah=3783.99 poc=3778.44 vwap=3771.36
2025-09-25T04:40:00+07:00,2025-09-25T04:50:00+07:00,SELL,3736.52,3737.26,3730.94,BE,-0.2,S419 SELL Orochi BREAKOUT@VAL 7R,BREAKOUT@VAL val=3763.38 vah=3783.99 poc=3778.44 vwap=3771.36
2025-09-25T06:10:00+07:00,2025-09-25T06:15:00+07:00,SELL,3739.77,3740.22,3735.02,SL,-0.65,S419 SELL Orochi BREAKOUT@VAL 7R,BREAKOUT@VAL val=3763.38 vah=3783.99 poc=3778.44 vwap=3771.36
2025-09-25T06:25:00+07:00,2025-09-25T07:45:00+07:00,SELL,3744.57,3745.65,3739.01,BE,-0.2,S419 SELL Orochi BREAKOUT@VAL 7R,BREAKOUT@VAL val=3763.38 vah=3783.99 poc=3778.44 vwap=3771.36
2025-09-25T07:50:00+07:00,2025-09-25T08:00:00+07:00,SELL,3743.89,3745.69,3731.37,BE,-0.2,S419 SELL Orochi BREAKOUT@VAL 7R,BREAKOUT@VAL val=3760.20 vah=3780.82 poc=3778.44 vwap=3771.09
2025-09-25T08:05:00+07:00,2025-09-25T08:10:00+07:00,SELL,3747.59,3748.81,3739.21,SL,-1.42,S419 SELL Orochi BREAKOUT@VAL 7R,BREAKOUT@VAL val=3761.79 vah=3780.82 poc=3778.44 vwap=3770.90
2025-09-25T08:15:00+07:00,2025-09-25T08:25:00+07:00,SELL,3750.28,3751.89,3738.77,BE,-0.2,S419 SELL Orochi BREAKOUT@VAL 7R,BREAKOUT@VAL val=3761.79 vah=3780.82 poc=3778.44 vwap=3770.77
2025-09-25T08:30:00+07:00,2025-09-25T08:45:00+07:00,SELL,3748.43,3752.09,3723.05,BE,-0.2,S419 SELL Orochi BREAKOUT@VAL 7R,BREAKOUT@VAL val=3761.79 vah=3780.82 poc=3778.44 vwap=3770.53
2025-09-25T08:50:00+07:00,2025-09-25T14:15:00+07:00,SELL,3747.9,3750.89,3726.89,BE,-0.2,S419 SELL Orochi BREAKOUT@VAL 7R,BREAKOUT@VAL val=3761.79 vah=3780.82 poc=3778.44 vwap=3770.14
2025-09-25T14:20:00+07:00,2025-09-25T14:30:00+07:00,SELL,3745.25,3748.9,3719.62,BE,-0.2,S419 SELL Orochi BREAKOUT@VAL 7R,BREAKOUT@VAL val=3755.46 vah=3770.96 poc=3764.40 vwap=3765.08
2025-09-25T14:35:00+07:00,2025-09-25T14:45:00+07:00,SELL,3742.89,3746.84,3715.16,BE,-0.2,S419 SELL Orochi BREAKOUT@VAL 7R,BREAKOUT@VAL val=3759.03 vah=3774.53 poc=3764.40 vwap=3765.31
2025-09-25T14:50:00+07:00,2025-09-25T15:00:00+07:00,SELL,3741.09,3744.49,3717.13,BE,-0.2,S419 SELL Orochi BREAKOUT@VAL 7R,BREAKOUT@VAL val=3759.03 vah=3774.53 poc=3764.40 vwap=3765.69
2025-09-25T15:05:00+07:00,2025-09-25T15:10:00+07:00,SELL,3742.57,3744.16,3731.52,SL,-1.79,S419 SELL Orochi BREAKOUT@VAL 7R,BREAKOUT@VAL val=3759.03 vah=3773.34 poc=3764.40 vwap=3765.84
2025-09-25T15:15:00+07:00,2025-09-25T15:25:00+07:00,SELL,3743.29,3745.47,3727.95,BE,-0.2,S419 SELL Orochi BREAKOUT@VAL 7R,BREAKOUT@VAL val=3759.03 vah=3774.53 poc=3764.40 vwap=3765.85
2025-09-25T15:30:00+07:00,2025-09-25T15:35:00+07:00,SELL,3747.64,3748.35,3742.75,SL,-0.91,S419 SELL Orochi BREAKOUT@VAL 7R,BREAKOUT@VAL val=3759.03 vah=3774.53 poc=3764.40 vwap=3765.85
2025-09-25T15:40:00+07:00,2025-09-25T15:45:00+07:00,SELL,3751.35,3752.84,3740.84,SL,-1.69,S419 SELL Orochi BREAKOUT@VAL 7R,BREAKOUT@VAL val=3759.03 vah=3774.53 poc=3764.40 vwap=3765.85
2025-09-25T15:50:00+07:00,2025-09-25T16:00:00+07:00,SELL,3752.78,3755.71,3732.43,BE,-0.2,S419 SELL Orochi BREAKOUT@VAL 7R,BREAKOUT@VAL val=3759.03 vah=3774.53 poc=3764.40 vwap=3765.86
2025-09-25T16:05:00+07:00,2025-09-25T16:10:00+07:00,SELL,3755.89,3757.46,3744.5,SL,-1.77,S419 SELL Orochi BREAKOUT@VAL 7R,BREAKOUT@VAL val=3759.03 vah=3774.53 poc=3764.40 vwap=3765.87
2025-09-25T16:35:00+07:00,2025-09-25T16:45:00+07:00,SELL,3752.44,3758.4,3710.8,BE,-0.2,S419 SELL Orochi BREAKOUT@VAL 7R,BREAKOUT@VAL val=3759.03 vah=3774.53 poc=3764.40 vwap=3765.90
2025-09-25T16:50:00+07:00,2025-09-25T17:25:00+07:00,SELL,3757.24,3758.26,3750.34,TP,6.7,S419 SELL Orochi BREAKOUT@VAL 7R,BREAKOUT@VAL val=3759.03 vah=3774.53 poc=3764.40 vwap=3765.91
2025-09-25T17:30:00+07:00,2025-09-25T17:40:00+07:00,SELL,3752.53,3754.4,3739.6,BE,-0.2,S419 SELL Orochi BREAKOUT@VAL 7R,BREAKOUT@VAL val=3759.03 vah=3774.53 poc=3763.21 vwap=3765.92
2025-09-25T17:45:00+07:00,2025-09-25T17:50:00+07:00,SELL,3758.89,3760.13,3749.89,SL,-1.44,S419 SELL Orochi BREAKOUT@VAL 7R,BREAKOUT@VAL val=3759.03 vah=3774.53 poc=3763.21 vwap=3765.89
2025-09-25T17:55:00+07:00,2025-09-25T18:05:00+07:00,SELL,3757.0,3761.95,3722.27,BE,-0.2,S419 SELL Orochi BREAKOUT@VAL 7R,BREAKOUT@VAL val=3759.03 vah=3774.53 poc=3763.21 vwap=3765.88
2025-09-25T18:10:00+07:00,2025-09-25T18:20:00+07:00,SELL,3756.54,3758.9,3740.18,BE,-0.2,S419 SELL Orochi BREAKOUT@VAL 7R,BREAKOUT@VAL val=3759.03 vah=3774.53 poc=3763.21 vwap=3765.92
2025-09-25T18:25:00+07:00,2025-09-25T18:35:00+07:00,SELL,3756.93,3759.53,3738.57,BE,-0.2,S419 SELL Orochi BREAKOUT@VAL 7R,BREAKOUT@VAL val=3759.03 vah=3774.53 poc=3764.40 vwap=3765.99
2025-09-25T18:40:00+07:00,2025-09-25T18:45:00+07:00,SELL,3757.09,3758.83,3745.23,SL,-1.94,S419 SELL Orochi BREAKOUT@VAL 7R,BREAKOUT@VAL val=3760.23 vah=3775.72 poc=3764.40 vwap=3766.13
2025-09-25T18:50:00+07:00,2025-09-25T20:35:00+07:00,SELL,3758.32,3761.45,3736.57,TP,21.55,S419 SELL Orochi BREAKOUT@VAL 7R,BREAKOUT@VAL val=3760.23 vah=3775.72 poc=3764.40 vwap=3766.17
2025-09-25T21:45:00+07:00,2025-09-25T21:55:00+07:00,SELL,3725.12,3733.35,3667.59,BE,-0.2,S419 SELL Orochi BREAKOUT@VAL 7R,BREAKOUT@VAL val=3733.62 vah=3761.35 poc=3755.58 vwap=3747.63
2025-09-25T22:05:00+07:00,2025-09-25T22:20:00+07:00,SELL,3727.38,3736.41,3664.09,BE,-0.2,S419 SELL Orochi BREAKOUT@VAL 7R,BREAKOUT@VAL val=3733.62 vah=3761.35 poc=3755.58 vwap=3747.63
2025-09-25T22:35:00+07:00,2025-09-25T22:45:00+07:00,SELL,3726.16,3735.37,3661.61,BE,-0.2,S419 SELL Orochi BREAKOUT@VAL 7R,BREAKOUT@VAL val=3733.62 vah=3761.35 poc=3755.58 vwap=3747.63
2025-09-25T22:50:00+07:00,2025-09-25T22:55:00+07:00,SELL,3725.12,3730.66,3686.42,SL,-5.74,S419 SELL Orochi BREAKOUT@VAL 7R,BREAKOUT@VAL val=3733.62 vah=3761.35 poc=3755.58 vwap=3747.63
2025-09-25T23:00:00+07:00,2025-09-25T23:10:00+07:00,SELL,3728.53,3734.98,3683.3,SL,-6.65,S419 SELL Orochi BREAKOUT@VAL 7R,BREAKOUT@VAL val=3733.62 vah=3761.35 poc=3755.58 vwap=3747.63
2025-09-26T21:15:00+07:00,2025-09-26T21:20:00+07:00,BUY,3762.35,3760.32,3775.68,SL,-2.23,S419 BUY Orochi BREAKOUT@VAH 7R,BREAKOUT@VAH val=3735.62 vah=3753.76 poc=3740.91 vwap=3742.17
2025-09-26T21:25:00+07:00,2025-09-26T21:30:00+07:00,BUY,3757.81,3753.26,3789.74,SL,-4.75,S419 BUY Orochi BREAKOUT@VAH 7R,BREAKOUT@VAH val=3735.62 vah=3753.76 poc=3740.91 vwap=3742.17
2025-09-26T21:35:00+07:00,2025-09-29T08:45:00+07:00,BUY,3755.4,3751.06,3786.1,TP,30.5,S419 BUY Orochi BREAKOUT@VAH 7R,BREAKOUT@VAH val=3735.62 vah=3753.76 poc=3740.91 vwap=3742.17
2025-09-29T23:40:00+07:00,2025-09-29T23:50:00+07:00,BUY,3830.57,3825.08,3869.08,BE,-0.2,S419 BUY Orochi BREAKOUT@VAH 7R,BREAKOUT@VAH val=3788.89 vah=3828.53 poc=3815.79 vwap=3799.92
2025-09-29T23:55:00+07:00,2025-09-30T00:00:00+07:00,BUY,3830.46,3828.74,3842.26,SL,-1.92,S419 BUY Orochi BREAKOUT@VAH 7R,BREAKOUT@VAH val=3788.89 vah=3828.53 poc=3815.79 vwap=3799.92
2025-09-30T00:05:00+07:00,2025-09-30T00:40:00+07:00,BUY,3828.87,3827.23,3840.11,BE,-0.2,S419 BUY Orochi BREAKOUT@VAH 7R,BREAKOUT@VAH val=3788.89 vah=3828.53 poc=3815.79 vwap=3799.92
2025-09-30T00:45:00+07:00,2025-09-30T01:10:00+07:00,BUY,3829.11,3827.72,3839.0,BE,-0.2,S419 BUY Orochi BREAKOUT@VAH 7R,BREAKOUT@VAH val=3788.89 vah=3828.53 poc=3815.79 vwap=3799.92
2025-09-30T01:55:00+07:00,2025-09-30T02:05:00+07:00,BUY,3829.0,3826.23,3847.91,BE,-0.2,S419 BUY Orochi BREAKOUT@VAH 7R,BREAKOUT@VAH val=3788.89 vah=3828.53 poc=3815.79 vwap=3799.92
2025-09-30T02:20:00+07:00,2025-09-30T02:30:00+07:00,BUY,3829.51,3826.62,3849.9,BE,-0.2,S419 BUY Orochi BREAKOUT@VAH 7R,BREAKOUT@VAH val=3788.89 vah=3828.53 poc=3815.79 vwap=3799.92
2025-09-30T03:45:00+07:00,2025-09-30T03:55:00+07:00,BUY,3828.79,3826.84,3843.24,BE,-0.2,S419 BUY Orochi BREAKOUT@VAH 7R,BREAKOUT@VAH val=3788.89 vah=3828.53 poc=3815.79 vwap=3799.92
2025-09-30T04:00:00+07:00,2025-09-30T04:20:00+07:00,BUY,3828.8,3827.42,3838.22,BE,-0.2,S419 BUY Orochi BREAKOUT@VAH 7R,BREAKOUT@VAH val=3788.89 vah=3828.53 poc=3815.79 vwap=3799.92
2025-09-30T04:30:00+07:00,2025-09-30T06:15:00+07:00,BUY,3829.21,3827.38,3842.1,BE,-0.2,S419 BUY Orochi BREAKOUT@VAH 7R,BREAKOUT@VAH val=3788.89 vah=3828.53 poc=3815.79 vwap=3799.92
2025-09-30T06:50:00+07:00,2025-09-30T07:00:00+07:00,BUY,3830.2,3827.16,3851.16,BE,-0.2,S419 BUY Orochi BREAKOUT@VAH 7R,BREAKOUT@VAH val=3788.89 vah=3828.53 poc=3815.79 vwap=3799.92
2025-09-30T07:10:00+07:00,2025-09-30T07:15:00+07:00,BUY,3829.92,3828.93,3836.13,SL,-1.19,S419 BUY Orochi BREAKOUT@VAH 7R,BREAKOUT@VAH val=3788.89 vah=3828.53 poc=3815.79 vwap=3799.92
2025-09-30T07:20:00+07:00,2025-09-30T07:30:00+07:00,BUY,3830.17,3828.17,3844.09,BE,-0.2,S419 BUY Orochi BREAKOUT@VAH 7R,BREAKOUT@VAH val=3788.89 vah=3828.53 poc=3815.79 vwap=3799.92
2025-09-30T07:35:00+07:00,2025-09-30T08:05:00+07:00,BUY,3828.69,3827.68,3835.68,TP,6.79,S419 BUY Orochi BREAKOUT@VAH 7R,BREAKOUT@VAH val=3788.89 vah=3828.53 poc=3815.79 vwap=3799.92
2025-09-30T08:20:00+07:00,2025-09-30T08:30:00+07:00,BUY,3839.31,3834.88,3870.16,BE,-0.2,S419 BUY Orochi BREAKOUT@VAH 7R,BREAKOUT@VAH val=3788.89 vah=3828.53 poc=3815.79 vwap=3799.92
2025-09-30T08:35:00+07:00,2025-09-30T08:45:00+07:00,BUY,3838.59,3835.22,3862.1,BE,-0.2,S419 BUY Orochi BREAKOUT@VAH 7R,BREAKOUT@VAH val=3788.89 vah=3828.53 poc=3815.79 vwap=3799.92
2025-09-30T08:50:00+07:00,2025-09-30T09:05:00+07:00,BUY,3838.3,3833.84,3869.44,BE,-0.2,S419 BUY Orochi BREAKOUT@VAH 7R,BREAKOUT@VAH val=3788.89 vah=3828.53 poc=3815.79 vwap=3799.92
2025-09-30T09:10:00+07:00,2025-09-30T09:20:00+07:00,BUY,3842.21,3836.99,3878.27,BE,-0.2,S419 BUY Orochi BREAKOUT@VAH 7R,BREAKOUT@VAH val=3788.89 vah=3828.53 poc=3815.79 vwap=3799.92
2025-09-30T09:25:00+07:00,2025-09-30T10:20:00+07:00,BUY,3844.19,3840.21,3872.53,BE,-0.2,S419 BUY Orochi BREAKOUT@VAH 7R,BREAKOUT@VAH val=3788.89 vah=3828.53 poc=3815.79 vwap=3799.92
2025-09-30T10:25:00+07:00,2025-09-30T10:35:00+07:00,BUY,3845.65,3841.65,3873.89,BE,-0.2,S419 BUY Orochi BREAKOUT@VAH 7R,BREAKOUT@VAH val=3788.89 vah=3828.53 poc=3815.79 vwap=3799.92
2025-09-30T10:40:00+07:00,2025-09-30T10:50:00+07:00,BUY,3848.49,3843.82,3881.42,BE,-0.2,S419 BUY Orochi BREAKOUT@VAH 7R,BREAKOUT@VAH val=3788.89 vah=3828.53 poc=3815.79 vwap=3799.92
2025-09-30T10:55:00+07:00,2025-09-30T11:00:00+07:00,BUY,3848.0,3846.95,3855.43,SL,-1.25,S419 BUY Orochi BREAKOUT@VAH 7R,BREAKOUT@VAH val=3788.89 vah=3828.53 poc=3815.79 vwap=3799.92
2025-09-30T11:05:00+07:00,2025-09-30T15:25:00+07:00,BUY,3849.48,3845.15,3879.63,BE,-0.2,S419 BUY Orochi BREAKOUT@VAH 7R,BREAKOUT@VAH val=3788.89 vah=3828.53 poc=3815.79 vwap=3799.92
2025-09-30T15:30:00+07:00,2025-09-30T15:40:00+07:00,BUY,3851.64,3847.25,3882.77,BE,-0.2,S419 BUY Orochi BREAKOUT@VAH 7R,BREAKOUT@VAH val=3788.89 vah=3828.53 poc=3815.79 vwap=3799.92
2025-09-30T15:45:00+07:00,2025-09-30T15:50:00+07:00,BUY,3845.03,3843.87,3853.23,SL,-1.36,S419 BUY Orochi BREAKOUT@VAH 7R,BREAKOUT@VAH val=3788.89 vah=3828.53 poc=3815.79 vwap=3799.92
2025-09-30T15:55:00+07:00,2025-09-30T16:05:00+07:00,BUY,3843.77,3838.41,3881.05,BE,-0.2,S419 BUY Orochi BREAKOUT@VAH 7R,BREAKOUT@VAH val=3788.89 vah=3828.53 poc=3815.79 vwap=3799.92
2025-09-30T16:10:00+07:00,2025-09-30T16:20:00+07:00,BUY,3837.87,3831.24,3883.8,SL,-6.83,S419 BUY Orochi BREAKOUT@VAH 7R,BREAKOUT@VAH val=3788.89 vah=3828.53 poc=3815.79 vwap=3799.92
2025-09-30T22:20:00+07:00,2025-09-30T23:00:00+07:00,BUY,3851.54,3841.16,3924.36,BE,-0.2,S419 BUY Orochi BREAKOUT@VAH 7R,BREAKOUT@VAH val=3799.76 vah=3845.54 poc=3827.55 vwap=3832.46
2025-10-01T00:45:00+07:00,2025-10-01T01:20:00+07:00,BUY,3847.78,3843.31,3879.15,BE,-0.2,S419 BUY Orochi BREAKOUT@VAH 7R,BREAKOUT@VAH val=3799.76 vah=3845.54 poc=3827.55 vwap=3832.46
2025-10-01T01:35:00+07:00,2025-10-01T01:45:00+07:00,BUY,3847.15,3844.76,3863.96,BE,-0.2,S419 BUY Orochi BREAKOUT@VAH 7R,BREAKOUT@VAH val=3799.76 vah=3845.54 poc=3827.55 vwap=3832.46
2025-10-01T02:45:00+07:00,2025-10-01T03:00:00+07:00,BUY,3847.67,3844.55,3869.43,BE,-0.2,S419 BUY Orochi BREAKOUT@VAH 7R,BREAKOUT@VAH val=3799.76 vah=3845.54 poc=3827.55 vwap=3832.46
2025-10-01T03:05:00+07:00,2025-10-01T10:05:00+07:00,BUY,3850.02,3846.61,3873.81,TP,23.59,S419 BUY Orochi BREAKOUT@VAH 7R,BREAKOUT@VAH val=3799.76 vah=3845.54 poc=3827.55 vwap=3832.46
2025-10-01T10:10:00+07:00,2025-10-01T10:20:00+07:00,BUY,3867.68,3866.68,3874.52,BE,-0.2,S419 BUY Orochi BREAKOUT@VAH 7R,BREAKOUT@VAH val=3806.30 vah=3858.62 poc=3827.55 vwap=3834.53
2025-10-01T10:25:00+07:00,2025-10-01T10:35:00+07:00,BUY,3866.14,3864.05,3881.01,BE,-0.2,S419 BUY Orochi BREAKOUT@VAH 7R,BREAKOUT@VAH val=3806.30 vah=3858.62 poc=3827.55 vwap=3834.66
2025-10-01T10:40:00+07:00,2025-10-01T10:50:00+07:00,BUY,3865.78,3863.52,3882.0,BE,-0.2,S419 BUY Orochi BREAKOUT@VAH 7R,BREAKOUT@VAH val=3806.30 vah=3858.62 poc=3827.55 vwap=3834.78
2025-10-01T10:55:00+07:00,2025-10-01T11:05:00+07:00,BUY,3863.43,3857.45,3905.45,BE,-0.2,S419 BUY Orochi BREAKOUT@VAH 7R,BREAKOUT@VAH val=3806.30 vah=3858.62 poc=3830.82 vwap=3834.89
2025-10-01T16:05:00+07:00,2025-10-01T17:30:00+07:00,BUY,3883.91,3878.06,3924.62,BE,-0.2,S419 BUY Orochi BREAKOUT@VAH 7R,BREAKOUT@VAH val=3816.11 vah=3871.70 poc=3847.17 vwap=3836.59
2025-10-01T17:35:00+07:00,2025-10-01T17:45:00+07:00,BUY,3887.67,3882.98,3919.62,BE,-0.2,S419 BUY Orochi BREAKOUT@VAH 7R,BREAKOUT@VAH val=3816.11 vah=3871.70 poc=3847.17 vwap=3836.79
2025-10-01T17:55:00+07:00,2025-10-01T18:00:00+07:00,BUY,3889.06,3887.78,3897.46,SL,-1.48,S419 BUY Orochi BREAKOUT@VAH 7R,BREAKOUT@VAH val=3816.11 vah=3871.70 poc=3847.17 vwap=3836.83
2025-10-01T18:05:00+07:00,2025-10-01T18:25:00+07:00,BUY,3886.81,3885.01,3899.49,BE,-0.2,S419 BUY Orochi BREAKOUT@VAH 7R,BREAKOUT@VAH val=3816.11 vah=3871.70 poc=3847.17 vwap=3836.84
2025-10-01T18:30:00+07:00,2025-10-01T18:40:00+07:00,BUY,3886.12,3885.25,3892.13,BE,-0.2,S419 BUY Orochi BREAKOUT@VAH 7R,BREAKOUT@VAH val=3816.11 vah=3871.70 poc=3847.17 vwap=3836.93
2025-10-01T18:45:00+07:00,2025-10-01T18:55:00+07:00,BUY,3887.49,3884.69,3907.81,BE,-0.2,S419 BUY Orochi BREAKOUT@VAH 7R,BREAKOUT@VAH val=3816.11 vah=3871.70 poc=3847.17 vwap=3836.92
2025-10-01T19:00:00+07:00,2025-10-01T19:05:00+07:00,BUY,3887.81,3885.51,3903.83,SL,-2.5,S419 BUY Orochi BREAKOUT@VAH 7R,BREAKOUT@VAH val=3816.11 vah=3871.70 poc=3847.17 vwap=3836.91
2025-10-01T19:10:00+07:00,2025-10-01T19:25:00+07:00,BUY,3883.08,3880.52,3901.64,BE,-0.2,S419 BUY Orochi BREAKOUT@VAH 7R,BREAKOUT@VAH val=3812.84 vah=3871.70 poc=3847.17 vwap=3836.89
2025-10-01T19:30:00+07:00,2025-10-01T19:45:00+07:00,BUY,3881.69,3877.38,3911.94,BE,-0.2,S419 BUY Orochi BREAKOUT@VAH 7R,BREAKOUT@VAH val=3812.84 vah=3871.70 poc=3847.17 vwap=3836.80
2025-10-01T19:50:00+07:00,2025-10-01T20:05:00+07:00,BUY,3882.41,3880.44,3896.28,BE,-0.2,S419 BUY Orochi BREAKOUT@VAH 7R,BREAKOUT@VAH val=3812.84 vah=3871.70 poc=3847.17 vwap=3836.60
2025-10-02T20:10:00+07:00,2025-10-02T20:15:00+07:00,BUY,3886.41,3884.54,3899.74,SL,-2.07,S419 BUY Orochi BREAKOUT@VAH 7R,BREAKOUT@VAH val=3860.87 vah=3875.22 poc=3864.86 vwap=3869.44
2025-10-02T20:20:00+07:00,2025-10-02T20:30:00+07:00,BUY,3882.3,3879.63,3900.91,BE,-0.2,S419 BUY Orochi BREAKOUT@VAH 7R,BREAKOUT@VAH val=3860.87 vah=3875.22 poc=3864.86 vwap=3869.44
2025-10-02T20:40:00+07:00,2025-10-02T20:50:00+07:00,BUY,3882.56,3880.66,3896.02,BE,-0.2,S419 BUY Orochi BREAKOUT@VAH 7R,BREAKOUT@VAH val=3860.87 vah=3875.22 poc=3864.86 vwap=3869.44
2025-10-02T20:55:00+07:00,2025-10-02T21:35:00+07:00,BUY,3884.47,3879.84,3916.16,BE,-0.2,S419 BUY Orochi BREAKOUT@VAH 7R,BREAKOUT@VAH val=3860.87 vah=3875.22 poc=3864.86 vwap=3869.44
2025-10-02T21:40:00+07:00,2025-10-02T21:45:00+07:00,BUY,3883.24,3879.83,3906.87,SL,-3.61,S419 BUY Orochi BREAKOUT@VAH 7R,BREAKOUT@VAH val=3860.87 vah=3875.22 poc=3864.86 vwap=3869.44
2025-10-02T21:50:00+07:00,2025-10-02T22:00:00+07:00,BUY,3876.9,3872.36,3908.44,BE,-0.2,S419 BUY Orochi BREAKOUT@VAH 7R,BREAKOUT@VAH val=3860.87 vah=3875.22 poc=3864.86 vwap=3869.44
2025-10-02T22:55:00+07:00,2025-10-02T23:00:00+07:00,SELL,3839.9,3843.04,3817.84,SL,-3.34,S419 SELL Orochi BREAKOUT@VAL 7R,BREAKOUT@VAL val=3860.87 vah=3875.22 poc=3864.86 vwap=3869.44
2025-10-02T23:05:00+07:00,2025-10-02T23:15:00+07:00,SELL,3835.86,3846.89,3758.73,BE,-0.2,S419 SELL Orochi BREAKOUT@VAL 7R,BREAKOUT@VAL val=3860.87 vah=3875.22 poc=3864.86 vwap=3869.44
2025-10-02T23:20:00+07:00,2025-10-02T23:25:00+07:00,SELL,3834.64,3838.8,3804.8,SL,-4.36,S419 SELL Orochi BREAKOUT@VAL 7R,BREAKOUT@VAL val=3860.87 vah=3875.22 poc=3864.86 vwap=3869.44
2025-10-02T23:30:00+07:00,2025-10-02T23:40:00+07:00,SELL,3828.73,3841.57,3738.93,BE,-0.2,S419 SELL Orochi BREAKOUT@VAL 7R,BREAKOUT@VAL val=3860.87 vah=3875.22 poc=3864.86 vwap=3869.44
2025-10-02T23:45:00+07:00,2025-10-03T00:00:00+07:00,SELL,3833.48,3838.51,3798.75,BE,-0.2,S419 SELL Orochi BREAKOUT@VAL 7R,BREAKOUT@VAL val=3860.87 vah=3875.22 poc=3864.86 vwap=3869.44
2025-10-03T00:05:00+07:00,2025-10-03T00:10:00+07:00,SELL,3833.64,3837.11,3809.03,SL,-3.67,S419 SELL Orochi BREAKOUT@VAL 7R,BREAKOUT@VAL val=3860.87 vah=3875.22 poc=3864.86 vwap=3869.44
2025-10-03T00:15:00+07:00,2025-10-03T00:40:00+07:00,SELL,3842.52,3845.07,3824.59,BE,-0.2,S419 SELL Orochi BREAKOUT@VAL 7R,BREAKOUT@VAL val=3860.87 vah=3875.22 poc=3864.86 vwap=3869.44
2025-10-03T00:45:00+07:00,2025-10-03T00:55:00+07:00,SELL,3841.81,3846.78,3806.7,BE,-0.2,S419 SELL Orochi BREAKOUT@VAL 7R,BREAKOUT@VAL val=3860.87 vah=3875.22 poc=3864.86 vwap=3869.44
2025-10-03T01:00:00+07:00,2025-10-03T01:10:00+07:00,SELL,3845.97,3847.2,3837.28,BE,-0.2,S419 SELL Orochi BREAKOUT@VAL 7R,BREAKOUT@VAL val=3860.87 vah=3875.22 poc=3864.86 vwap=3869.44
2025-10-03T01:15:00+07:00,2025-10-03T01:25:00+07:00,SELL,3846.68,3848.41,3834.65,BE,-0.2,S419 SELL Orochi BREAKOUT@VAL 7R,BREAKOUT@VAL val=3860.87 vah=3875.22 poc=3864.86 vwap=3869.44
2025-10-03T01:30:00+07:00,2025-10-03T01:50:00+07:00,SELL,3845.66,3848.69,3824.29,BE,-0.2,S419 SELL Orochi BREAKOUT@VAL 7R,BREAKOUT@VAL val=3860.87 vah=3875.22 poc=3864.86 vwap=3869.44
2025-10-03T01:55:00+07:00,2025-10-03T02:05:00+07:00,SELL,3844.35,3847.09,3825.09,BE,-0.2,S419 SELL Orochi BREAKOUT@VAL 7R,BREAKOUT@VAL val=3860.87 vah=3875.22 poc=3864.86 vwap=3869.44
2025-10-03T02:10:00+07:00,2025-10-03T02:20:00+07:00,SELL,3845.97,3847.96,3832.28,BE,-0.2,S419 SELL Orochi BREAKOUT@VAL 7R,BREAKOUT@VAL val=3860.87 vah=3875.22 poc=3864.86 vwap=3869.44
2025-10-03T02:25:00+07:00,2025-10-03T02:35:00+07:00,SELL,3847.25,3848.31,3840.07,BE,-0.2,S419 SELL Orochi BREAKOUT@VAL 7R,BREAKOUT@VAL val=3860.87 vah=3875.22 poc=3864.86 vwap=3869.44
2025-10-03T02:40:00+07:00,2025-10-03T02:50:00+07:00,SELL,3848.15,3849.2,3840.72,BE,-0.2,S419 SELL Orochi BREAKOUT@VAL 7R,BREAKOUT@VAL val=3860.87 vah=3875.22 poc=3864.86 vwap=3869.44
2025-10-03T02:55:00+07:00,2025-10-03T03:00:00+07:00,SELL,3850.97,3852.04,3843.32,SL,-1.27,S419 SELL Orochi BREAKOUT@VAL 7R,BREAKOUT@VAL val=3860.87 vah=3875.22 poc=3864.86 vwap=3869.44
2025-10-03T03:05:00+07:00,2025-10-03T03:15:00+07:00,SELL,3856.56,3859.3,3837.22,BE,-0.2,S419 SELL Orochi BREAKOUT@VAL 7R,BREAKOUT@VAL val=3860.87 vah=3875.22 poc=3864.86 vwap=3869.44
2025-10-03T03:20:00+07:00,2025-10-03T03:30:00+07:00,SELL,3856.95,3859.63,3838.27,BE,-0.2,S419 SELL Orochi BREAKOUT@VAL 7R,BREAKOUT@VAL val=3860.87 vah=3875.22 poc=3864.86 vwap=3869.44
2025-10-03T03:35:00+07:00,2025-10-03T03:45:00+07:00,SELL,3856.42,3858.61,3841.17,BE,-0.2,S419 SELL Orochi BREAKOUT@VAL 7R,BREAKOUT@VAL val=3860.87 vah=3875.22 poc=3864.86 vwap=3869.44
2025-10-03T03:50:00+07:00,2025-10-03T04:00:00+07:00,SELL,3856.17,3857.61,3846.01,BE,-0.2,S419 SELL Orochi BREAKOUT@VAL 7R,BREAKOUT@VAL val=3860.87 vah=3875.22 poc=3864.86 vwap=3869.44
2025-10-03T04:05:00+07:00,2025-10-03T04:10:00+07:00,SELL,3858.3,3859.21,3852.01,SL,-1.11,S419 SELL Orochi BREAKOUT@VAL 7R,BREAKOUT@VAL val=3860.87 vah=3875.22 poc=3864.86 vwap=3869.44
2025-10-03T04:15:00+07:00,2025-10-03T04:25:00+07:00,SELL,3856.76,3859.99,3834.23,BE,-0.2,S419 SELL Orochi BREAKOUT@VAL 7R,BREAKOUT@VAL val=3860.87 vah=3875.22 poc=3864.86 vwap=3869.44
2025-10-03T04:30:00+07:00,2025-10-03T06:05:00+07:00,SELL,3856.02,3857.9,3842.7,BE,-0.2,S419 SELL Orochi BREAKOUT@VAL 7R,BREAKOUT@VAL val=3860.87 vah=3875.22 poc=3864.86 vwap=3869.44
2025-10-03T06:20:00+07:00,2025-10-03T06:30:00+07:00,SELL,3853.52,3855.69,3838.09,SL,-2.37,S419 SELL Orochi BREAKOUT@VAL 7R,BREAKOUT@VAL val=3860.87 vah=3875.22 poc=3864.86 vwap=3869.44
2025-10-03T06:40:00+07:00,2025-10-03T06:45:00+07:00,SELL,3857.45,3858.2,3852.12,SL,-0.95,S419 SELL Orochi BREAKOUT@VAL 7R,BREAKOUT@VAL val=3860.87 vah=3875.22 poc=3864.86 vwap=3869.44
2025-10-03T06:50:00+07:00,2025-10-03T07:30:00+07:00,SELL,3856.87,3858.84,3843.16,SL,-2.17,S419 SELL Orochi BREAKOUT@VAL 7R,BREAKOUT@VAL val=3860.87 vah=3875.22 poc=3864.86 vwap=3869.44
2025-10-03T08:15:00+07:00,2025-10-03T09:05:00+07:00,SELL,3860.42,3862.63,3844.63,BE,-0.2,S419 SELL Orochi BREAKOUT@VAL 7R,BREAKOUT@VAL val=3861.34 vah=3873.99 poc=3864.85 vwap=3868.61
2025-10-03T09:15:00+07:00,2025-10-03T09:40:00+07:00,SELL,3855.49,3859.29,3828.97,BE,-0.2,S419 SELL Orochi BREAKOUT@VAL 7R,BREAKOUT@VAL val=3859.93 vah=3873.99 poc=3864.85 vwap=3868.42
2025-10-03T09:45:00+07:00,2025-10-03T09:50:00+07:00,SELL,3858.76,3859.62,3852.82,SL,-1.06,S419 SELL Orochi BREAKOUT@VAL 7R,BREAKOUT@VAL val=3859.93 vah=3873.99 poc=3864.85 vwap=3868.25
2025-10-03T09:55:00+07:00,2025-10-03T11:20:00+07:00,SELL,3858.52,3860.81,3842.57,TP,15.75,S419 SELL Orochi BREAKOUT@VAL 7R,BREAKOUT@VAL val=3859.93 vah=3873.99 poc=3864.85 vwap=3868.18
2025-10-03T11:25:00+07:00,2025-10-03T11:35:00+07:00,SELL,3839.97,3845.52,3801.2,BE,-0.2,S419 SELL Orochi BREAKOUT@VAL 7R,BREAKOUT@VAL val=3858.52 vah=3872.58 poc=3864.85 vwap=3868.12
2025-10-03T11:40:00+07:00,2025-10-03T11:45:00+07:00,SELL,3840.8,3843.08,3824.92,SL,-2.48,S419 SELL Orochi BREAKOUT@VAL 7R,BREAKOUT@VAL val=3858.52 vah=3872.58 poc=3864.85 vwap=3868.16
2025-10-03T11:50:00+07:00,2025-10-03T12:05:00+07:00,SELL,3839.79,3844.76,3805.48,SL,-5.17,S419 SELL Orochi BREAKOUT@VAL 7R,BREAKOUT@VAL val=3858.52 vah=3872.58 poc=3864.85 vwap=3868.16
2025-10-03T12:10:00+07:00,2025-10-03T12:20:00+07:00,SELL,3845.37,3846.74,3835.86,BE,-0.2,S419 SELL Orochi BREAKOUT@VAL 7R,BREAKOUT@VAL val=3857.12 vah=3872.58 poc=3864.85 vwap=3868.11
2025-10-03T12:25:00+07:00,2025-10-03T12:35:00+07:00,SELL,3844.9,3849.05,3816.09,BE,-0.2,S419 SELL Orochi BREAKOUT@VAL 7R,BREAKOUT@VAL val=3857.12 vah=3872.58 poc=3864.85 vwap=3868.07
2025-10-03T12:40:00+07:00,2025-10-03T12:50:00+07:00,SELL,3845.17,3846.64,3834.8,BE,-0.2,S419 SELL Orochi BREAKOUT@VAL 7R,BREAKOUT@VAL val=3857.12 vah=3872.58 poc=3864.85 vwap=3868.05
2025-10-03T12:55:00+07:00,2025-10-03T13:00:00+07:00,SELL,3844.03,3845.77,3831.53,SL,-1.94,S419 SELL Orochi BREAKOUT@VAL 7R,BREAKOUT@VAL val=3857.12 vah=3872.58 poc=3864.85 vwap=3868.01
2025-10-03T13:15:00+07:00,2025-10-03T13:20:00+07:00,SELL,3853.92,3854.98,3846.66,SL,-1.26,S419 SELL Orochi BREAKOUT@VAL 7R,BREAKOUT@VAL val=3857.12 vah=3872.58 poc=3864.85 vwap=3868.05
2025-10-03T13:25:00+07:00,2025-10-03T13:30:00+07:00,SELL,3853.98,3856.08,3839.36,SL,-2.3,S419 SELL Orochi BREAKOUT@VAL 7R,BREAKOUT@VAL val=3857.12 vah=3872.58 poc=3864.85 vwap=3868.14
2025-10-03T13:45:00+07:00,2025-10-03T13:50:00+07:00,SELL,3856.34,3858.04,3844.36,SL,-1.9,S419 SELL Orochi BREAKOUT@VAL 7R,BREAKOUT@VAL val=3857.12 vah=3872.58 poc=3864.85 vwap=3868.52
2025-10-03T13:55:00+07:00,2025-10-03T14:05:00+07:00,SELL,3855.11,3859.79,3822.59,BE,-0.2,S419 SELL Orochi BREAKOUT@VAL 7R,BREAKOUT@VAL val=3857.12 vah=3872.58 poc=3864.85 vwap=3868.59
2025-10-03T17:10:00+07:00,2025-10-03T17:40:00+07:00,SELL,3860.72,3862.52,3848.04,BE,-0.2,S419 SELL Orochi BREAKOUT@VAL 7R,BREAKOUT@VAL val=3861.34 vah=3879.61 poc=3864.85 vwap=3869.61
2025-10-03T17:45:00+07:00,2025-10-03T17:50:00+07:00,SELL,3859.69,3861.34,3848.22,SL,-1.85,S419 SELL Orochi BREAKOUT@VAL 7R,BREAKOUT@VAL val=3862.74 vah=3881.02 poc=3864.85 vwap=3869.71
2025-10-03T19:20:00+07:00,2025-10-03T19:30:00+07:00,SELL,3859.39,3863.06,3833.78,BE,-0.2,S419 SELL Orochi BREAKOUT@VAL 7R,BREAKOUT@VAL val=3862.74 vah=3878.20 poc=3866.26 vwap=3871.13
2025-10-03T19:35:00+07:00,2025-10-03T19:40:00+07:00,SELL,3859.94,3861.09,3852.13,SL,-1.35,S419 SELL Orochi BREAKOUT@VAL 7R,BREAKOUT@VAL val=3862.80 vah=3877.10 poc=3866.97 vwap=3871.67
2025-10-03T19:45:00+07:00,2025-10-03T19:50:00+07:00,SELL,3862.47,3863.51,3855.35,SL,-1.24,S419 SELL Orochi BREAKOUT@VAL 7R,BREAKOUT@VAL val=3862.68 vah=3876.22 poc=3865.29 vwap=3871.86
2025-10-03T20:45:00+07:00,2025-10-03T20:55:00+07:00,BUY,3870.75,3866.43,3900.91,BE,-0.2,S419 BUY Orochi BREAKOUT@VAH 7R,BREAKOUT@VAH val=3832.38 vah=3867.84 poc=3856.55 vwap=3856.09
2025-10-03T21:00:00+07:00,2025-10-03T22:05:00+07:00,BUY,3872.11,3869.12,3893.36,BE,-0.2,S419 BUY Orochi BREAKOUT@VAH 7R,BREAKOUT@VAH val=3832.38 vah=3867.84 poc=3856.55 vwap=3856.09
2025-10-03T22:20:00+07:00,2025-10-03T22:35:00+07:00,BUY,3875.45,3864.68,3950.76,BE,-0.2,S419 BUY Orochi BREAKOUT@VAH 7R,BREAKOUT@VAH val=3832.38 vah=3867.84 poc=3856.55 vwap=3856.09
2025-10-03T22:40:00+07:00,2025-10-03T23:05:00+07:00,BUY,3874.9,3870.95,3902.63,BE,-0.2,S419 BUY Orochi BREAKOUT@VAH 7R,BREAKOUT@VAH val=3832.38 vah=3867.84 poc=3856.55 vwap=3856.09
2025-10-03T23:10:00+07:00,2025-10-03T23:20:00+07:00,BUY,3880.4,3872.24,3937.6,BE,-0.2,S419 BUY Orochi BREAKOUT@VAH 7R,BREAKOUT@VAH val=3832.38 vah=3867.84 poc=3856.55 vwap=3856.09
2025-10-03T23:30:00+07:00,2025-10-03T23:40:00+07:00,BUY,3885.63,3883.03,3903.35,BE,-0.2,S419 BUY Orochi BREAKOUT@VAH 7R,BREAKOUT@VAH val=3832.38 vah=3867.84 poc=3856.55 vwap=3856.09
2025-10-03T23:45:00+07:00,2025-10-04T00:00:00+07:00,BUY,3886.93,3882.87,3915.43,BE,-0.2,S419 BUY Orochi BREAKOUT@VAH 7R,BREAKOUT@VAH val=3832.38 vah=3867.84 poc=3856.55 vwap=3856.09
2025-10-04T00:05:00+07:00,2025-10-04T00:10:00+07:00,BUY,3887.39,3885.62,3899.7,SL,-1.97,S419 BUY Orochi BREAKOUT@VAH 7R,BREAKOUT@VAH val=3832.38 vah=3867.84 poc=3856.55 vwap=3856.09
2025-10-04T00:15:00+07:00,2025-10-04T00:45:00+07:00,BUY,3880.95,3879.92,3888.0,BE,-0.2,S419 BUY Orochi BREAKOUT@VAH 7R,BREAKOUT@VAH val=3832.38 vah=3867.84 poc=3856.55 vwap=3856.09
2025-10-04T00:50:00+07:00,2025-10-04T01:00:00+07:00,BUY,3883.41,3879.89,3907.89,BE,-0.2,S419 BUY Orochi BREAKOUT@VAH 7R,BREAKOUT@VAH val=3832.38 vah=3867.84 poc=3856.55 vwap=3856.09
2025-10-04T01:05:00+07:00,2025-10-04T01:25:00+07:00,BUY,3883.51,3880.0,3908.16,BE,-0.2,S419 BUY Orochi BREAKOUT@VAH 7R,BREAKOUT@VAH val=3832.38 vah=3867.84 poc=3856.55 vwap=3856.09
2025-10-04T01:30:00+07:00,2025-10-04T01:40:00+07:00,BUY,3883.93,3880.71,3907.03,BE,-0.2,S419 BUY Orochi BREAKOUT@VAH 7R,BREAKOUT@VAH val=3832.38 vah=3867.84 poc=3856.55 vwap=3856.09
2025-10-04T01:45:00+07:00,2025-10-04T01:50:00+07:00,BUY,3881.63,3880.44,3888.92,SL,-1.39,S419 BUY Orochi BREAKOUT@VAH 7R,BREAKOUT@VAH val=3832.38 vah=3867.84 poc=3856.55 vwap=3856.09
2025-10-04T02:00:00+07:00,2025-10-04T02:10:00+07:00,BUY,3881.45,3877.15,3911.63,BE,-0.2,S419 BUY Orochi BREAKOUT@VAH 7R,BREAKOUT@VAH val=3832.38 vah=3867.84 poc=3856.55 vwap=3856.09
2025-10-04T02:15:00+07:00,2025-10-06T06:55:00+07:00,BUY,3882.56,3880.64,3896.08,TP,13.32,S419 BUY Orochi BREAKOUT@VAH 7R,BREAKOUT@VAH val=3832.38 vah=3867.84 poc=3856.55 vwap=3856.09
2025-10-06T22:10:00+07:00,2025-10-06T22:20:00+07:00,BUY,3948.29,3938.89,4014.73,BE,-0.2,S419 BUY Orochi BREAKOUT@VAH 7R,BREAKOUT@VAH val=3919.59 vah=3946.83 poc=3934.57 vwap=3926.92
2025-10-06T22:25:00+07:00,2025-10-07T00:10:00+07:00,BUY,3948.2,3943.3,3982.34,BE,-0.2,S419 BUY Orochi BREAKOUT@VAH 7R,BREAKOUT@VAH val=3919.59 vah=3946.83 poc=3934.57 vwap=3926.92
2025-10-07T00:15:00+07:00,2025-10-07T00:25:00+07:00,BUY,3951.06,3944.46,3997.18,BE,-0.2,S419 BUY Orochi BREAKOUT@VAH 7R,BREAKOUT@VAH val=3919.59 vah=3946.83 poc=3934.57 vwap=3926.92
2025-10-07T00:30:00+07:00,2025-10-07T00:40:00+07:00,BUY,3951.79,3949.26,3969.18,BE,-0.2,S419 BUY Orochi BREAKOUT@VAH 7R,BREAKOUT@VAH val=3919.59 vah=3946.83 poc=3934.57 vwap=3926.92
2025-10-07T00:45:00+07:00,2025-10-07T00:55:00+07:00,BUY,3953.57,3949.82,3979.66,BE,-0.2,S419 BUY Orochi BREAKOUT@VAH 7R,BREAKOUT@VAH val=3919.59 vah=3946.83 poc=3934.57 vwap=3926.92
2025-10-07T01:00:00+07:00,2025-10-07T01:15:00+07:00,BUY,3955.68,3950.9,3988.98,BE,-0.2,S419 BUY Orochi BREAKOUT@VAH 7R,BREAKOUT@VAH val=3919.59 vah=3946.83 poc=3934.57 vwap=3926.92
2025-10-07T01:20:00+07:00,2025-10-07T01:25:00+07:00,BUY,3955.09,3952.9,3970.5,SL,-2.39,S419 BUY Orochi BREAKOUT@VAH 7R,BREAKOUT@VAH val=3919.59 vah=3946.83 poc=3934.57 vwap=3926.92
2025-10-07T01:30:00+07:00,2025-10-07T02:50:00+07:00,BUY,3951.58,3950.42,3960.26,TP,8.48,S419 BUY Orochi BREAKOUT@VAH 7R,BREAKOUT@VAH val=3919.59 vah=3946.83 poc=3934.57 vwap=3926.92
2025-10-07T02:55:00+07:00,2025-10-07T04:30:00+07:00,BUY,3958.43,3956.66,3971.14,BE,-0.2,S419 BUY Orochi BREAKOUT@VAH 7R,BREAKOUT@VAH val=3919.59 vah=3946.83 poc=3934.57 vwap=3926.92
2025-10-07T04:35:00+07:00,2025-10-07T06:10:00+07:00,BUY,3958.16,3956.85,3966.69,TP,8.33,S419 BUY Orochi BREAKOUT@VAH 7R,BREAKOUT@VAH val=3919.59 vah=3946.83 poc=3934.57 vwap=3926.92
2025-10-07T06:20:00+07:00,2025-10-07T06:30:00+07:00,BUY,3973.05,3968.86,4002.06,BE,-0.2,S419 BUY Orochi BREAKOUT@VAH 7R,BREAKOUT@VAH val=3919.59 vah=3946.83 poc=3934.57 vwap=3926.92
2025-10-07T06:35:00+07:00,2025-10-07T06:40:00+07:00,BUY,3968.36,3966.95,3978.15,SL,-1.61,S419 BUY Orochi BREAKOUT@VAH 7R,BREAKOUT@VAH val=3919.59 vah=3946.83 poc=3934.57 vwap=3926.92
2025-10-07T06:45:00+07:00,2025-10-07T08:50:00+07:00,BUY,3961.59,3958.06,3986.38,BE,-0.2,S419 BUY Orochi BREAKOUT@VAH 7R,BREAKOUT@VAH val=3919.59 vah=3946.83 poc=3934.57 vwap=3926.92
2025-10-07T08:55:00+07:00,2025-10-07T09:00:00+07:00,BUY,3962.76,3960.55,3977.91,SL,-2.41,S419 BUY Orochi BREAKOUT@VAH 7R,BREAKOUT@VAH val=3919.59 vah=3946.83 poc=3934.57 vwap=3926.92
2025-10-07T09:05:00+07:00,2025-10-07T09:10:00+07:00,BUY,3959.89,3957.38,3977.54,SL,-2.71,S419 BUY Orochi BREAKOUT@VAH 7R,BREAKOUT@VAH val=3919.59 vah=3946.83 poc=3934.57 vwap=3926.92
2025-10-07T09:15:00+07:00,2025-10-07T09:25:00+07:00,BUY,3960.82,3954.93,4001.97,BE,-0.2,S419 BUY Orochi BREAKOUT@VAH 7R,BREAKOUT@VAH val=3919.59 vah=3946.83 poc=3934.57 vwap=3926.92
2025-10-07T09:30:00+07:00,2025-10-07T09:35:00+07:00,BUY,3957.25,3956.02,3965.7,SL,-1.43,S419 BUY Orochi BREAKOUT@VAH 7R,BREAKOUT@VAH val=3919.59 vah=3946.83 poc=3934.57 vwap=3926.92
2025-10-07T09:40:00+07:00,2025-10-07T14:05:00+07:00,BUY,3959.79,3954.99,3993.55,BE,-0.2,S419 BUY Orochi BREAKOUT@VAH 7R,BREAKOUT@VAH val=3919.59 vah=3946.83 poc=3934.57 vwap=3926.92
2025-10-07T14:10:00+07:00,2025-10-07T14:20:00+07:00,BUY,3964.46,3958.59,4005.71,BE,-0.2,S419 BUY Orochi BREAKOUT@VAH 7R,BREAKOUT@VAH val=3919.59 vah=3946.83 poc=3934.57 vwap=3926.92
2025-10-07T14:25:00+07:00,2025-10-07T14:30:00+07:00,BUY,3964.0,3961.67,3980.23,SL,-2.53,S419 BUY Orochi BREAKOUT@VAH 7R,BREAKOUT@VAH val=3919.59 vah=3946.83 poc=3934.57 vwap=3926.92
2025-10-07T14:35:00+07:00,2025-10-07T14:40:00+07:00,BUY,3961.24,3959.03,3976.79,SL,-2.41,S419 BUY Orochi BREAKOUT@VAH 7R,BREAKOUT@VAH val=3919.59 vah=3946.83 poc=3934.57 vwap=3926.92
2025-10-07T14:45:00+07:00,2025-10-07T14:55:00+07:00,BUY,3959.59,3954.96,3991.76,BE,-0.2,S419 BUY Orochi BREAKOUT@VAH 7R,BREAKOUT@VAH val=3919.59 vah=3946.83 poc=3934.57 vwap=3926.92
2025-10-07T15:00:00+07:00,2025-10-07T15:10:00+07:00,BUY,3954.19,3950.53,3978.45,BE,-0.2,S419 BUY Orochi BREAKOUT@VAH 7R,BREAKOUT@VAH val=3919.59 vah=3946.83 poc=3934.57 vwap=3926.92
2025-10-07T15:15:00+07:00,2025-10-07T15:20:00+07:00,BUY,3950.0,3948.77,3958.69,SL,-1.43,S419 BUY Orochi BREAKOUT@VAH 7R,BREAKOUT@VAH val=3919.59 vah=3946.83 poc=3934.57 vwap=3926.92
2025-10-07T15:35:00+07:00,2025-10-07T15:40:00+07:00,BUY,3953.48,3949.08,3983.96,SL,-4.6,S419 BUY Orochi BREAKOUT@VAH 7R,BREAKOUT@VAH val=3919.59 vah=3946.83 poc=3934.57 vwap=3926.92
2025-10-07T15:45:00+07:00,2025-10-07T15:50:00+07:00,BUY,3949.72,3947.37,3966.49,SL,-2.55,S419 BUY Orochi BREAKOUT@VAH 7R,BREAKOUT@VAH val=3919.59 vah=3946.83 poc=3934.57 vwap=3926.92
2025-10-07T16:25:00+07:00,2025-10-07T16:50:00+07:00,BUY,3950.62,3946.08,3982.56,BE,-0.2,S419 BUY Orochi BREAKOUT@VAH 7R,BREAKOUT@VAH val=3919.59 vah=3946.83 poc=3934.57 vwap=3926.92
2025-10-07T16:55:00+07:00,2025-10-07T19:40:00+07:00,BUY,3951.33,3949.5,3964.22,TP,12.69,S419 BUY Orochi BREAKOUT@VAH 7R,BREAKOUT@VAH val=3920.80 vah=3947.15 poc=3941.16 vwap=3927.78
2025-10-07T19:45:00+07:00,2025-10-07T20:25:00+07:00,BUY,3964.62,3961.57,3985.89,BE,-0.2,S419 BUY Orochi BREAKOUT@VAH 7R,BREAKOUT@VAH val=3927.98 vah=3945.63 poc=3934.84 vwap=3933.34
2025-10-07T20:45:00+07:00,2025-10-07T21:30:00+07:00,BUY,3974.87,3968.98,4015.7,BE,-0.2,S419 BUY Orochi BREAKOUT@VAH 7R,BREAKOUT@VAH val=3945.56 vah=3966.82 poc=3957.25 vwap=3955.91
2025-10-07T21:35:00+07:00,2025-10-07T21:45:00+07:00,BUY,3973.14,3970.27,3992.75,BE,-0.2,S419 BUY Orochi BREAKOUT@VAH 7R,BREAKOUT@VAH val=3945.56 vah=3966.82 poc=3957.25 vwap=3955.91
2025-10-07T21:50:00+07:00,2025-10-07T22:00:00+07:00,BUY,3979.02,3970.99,4035.31,BE,-0.2,S419 BUY Orochi BREAKOUT@VAH 7R,BREAKOUT@VAH val=3945.56 vah=3966.82 poc=3957.25 vwap=3955.91
2025-10-07T22:05:00+07:00,2025-10-07T22:15:00+07:00,BUY,3971.87,3968.56,3994.56,BE,-0.2,S419 BUY Orochi BREAKOUT@VAH 7R,BREAKOUT@VAH val=3945.56 vah=3966.82 poc=3957.25 vwap=3955.91
2025-10-07T22:20:00+07:00,2025-10-07T23:40:00+07:00,BUY,3974.23,3967.55,4020.83,BE,-0.2,S419 BUY Orochi BREAKOUT@VAH 7R,BREAKOUT@VAH val=3945.56 vah=3966.82 poc=3957.25 vwap=3955.91
2025-10-08T00:05:00+07:00,2025-10-08T00:10:00+07:00,BUY,3974.64,3964.53,4045.25,SL,-10.31,S419 BUY Orochi BREAKOUT@VAH 7R,BREAKOUT@VAH val=3945.56 vah=3966.82 poc=3957.25 vwap=3955.91
2025-10-08T00:20:00+07:00,2025-10-08T00:30:00+07:00,BUY,3972.28,3962.41,4042.25,BE,-0.2,S419 BUY Orochi BREAKOUT@VAH 7R,BREAKOUT@VAH val=3945.56 vah=3966.82 poc=3957.25 vwap=3955.91
2025-10-08T00:35:00+07:00,2025-10-08T00:45:00+07:00,BUY,3978.35,3966.75,4059.47,BE,-0.2,S419 BUY Orochi BREAKOUT@VAH 7R,BREAKOUT@VAH val=3945.56 vah=3966.82 poc=3957.25 vwap=3955.91
2025-10-08T00:50:00+07:00,2025-10-08T09:55:00+07:00,BUY,3973.58,3969.85,3999.45,TP,25.67,S419 BUY Orochi BREAKOUT@VAH 7R,BREAKOUT@VAH val=3945.56 vah=3966.82 poc=3957.25 vwap=3955.91
2025-10-08T10:00:00+07:00,2025-10-08T10:10:00+07:00,BUY,3999.26,3994.75,4030.59,BE,-0.2,S419 BUY Orochi BREAKOUT@VAH 7R,BREAKOUT@VAH val=3950.05 vah=3965.27 poc=3958.42 vwap=3959.70
2025-10-08T10:15:00+07:00,2025-10-08T17:45:00+07:00,BUY,4003.35,3998.06,4040.7,TP,37.15,S419 BUY Orochi BREAKOUT@VAH 7R,BREAKOUT@VAH val=3950.05 vah=3965.27 poc=3958.42 vwap=3959.78
2025-10-08T18:00:00+07:00,2025-10-08T18:10:00+07:00,BUY,4047.1,4044.89,4062.73,BE,-0.2,S419 BUY Orochi BREAKOUT@VAH 7R,BREAKOUT@VAH val=3950.05 vah=3968.31 poc=3962.99 vwap=3960.72
2025-10-08T18:15:00+07:00,2025-10-08T18:25:00+07:00,BUY,4044.46,4041.41,4065.89,BE,-0.2,S419 BUY Orochi BREAKOUT@VAH 7R,BREAKOUT@VAH val=3950.05 vah=3966.79 poc=3962.99 vwap=3960.56
2025-10-08T18:30:00+07:00,2025-10-08T18:35:00+07:00,BUY,4036.08,4035.08,4043.48,SL,-1.2,S419 BUY Orochi BREAKOUT@VAH 7R,BREAKOUT@VAH val=3950.05 vah=3966.79 poc=3962.99 vwap=3960.37
2025-10-08T18:40:00+07:00,2025-10-08T18:50:00+07:00,BUY,4037.15,4032.41,4070.25,BE,-0.2,S419 BUY Orochi BREAKOUT@VAH 7R,BREAKOUT@VAH val=3950.05 vah=3966.79 poc=3962.99 vwap=3960.23
2025-10-08T18:55:00+07:00,2025-10-08T19:00:00+07:00,BUY,4037.16,4034.41,4056.01,SL,-2.95,S419 BUY Orochi BREAKOUT@VAH 7R,BREAKOUT@VAH val=3951.43 vah=3967.96 poc=3959.70 vwap=3959.81
2025-10-08T19:05:00+07:00,2025-10-08T19:15:00+07:00,BUY,4035.01,4032.12,4055.32,BE,-0.2,S419 BUY Orochi BREAKOUT@VAH 7R,BREAKOUT@VAH val=3949.93 vah=3966.46 poc=3959.70 vwap=3959.64
2025-10-08T19:20:00+07:00,2025-10-08T19:30:00+07:00,BUY,4035.84,4032.37,4060.05,BE,-0.2,S419 BUY Orochi BREAKOUT@VAH 7R,BREAKOUT@VAH val=3949.93 vah=3966.46 poc=3959.70 vwap=3959.51
2025-10-08T19:35:00+07:00,2025-10-08T19:45:00+07:00,BUY,4034.63,4031.25,4058.37,BE,-0.2,S419 BUY Orochi BREAKOUT@VAH 7R,BREAKOUT@VAH val=3949.93 vah=3966.46 poc=3959.70 vwap=3959.49
2025-10-08T19:50:00+07:00,2025-10-08T20:25:00+07:00,BUY,4036.65,4032.88,4063.12,BE,-0.2,S419 BUY Orochi BREAKOUT@VAH 7R,BREAKOUT@VAH val=3949.93 vah=3966.46 poc=3959.70 vwap=3959.44
2025-10-08T20:30:00+07:00,2025-10-08T20:35:00+07:00,BUY,4037.11,4034.71,4053.99,SL,-2.6,S419 BUY Orochi BREAKOUT@VAH 7R,BREAKOUT@VAH val=3961.85 vah=4020.36 poc=3981.96 vwap=3999.30
2025-10-08T20:40:00+07:00,2025-10-08T21:30:00+07:00,BUY,4033.88,4030.04,4060.84,BE,-0.2,S419 BUY Orochi BREAKOUT@VAH 7R,BREAKOUT@VAH val=3961.85 vah=4020.36 poc=3981.96 vwap=3999.30
2025-10-08T21:35:00+07:00,2025-10-08T21:45:00+07:00,BUY,4031.88,4024.98,4079.94,BE,-0.2,S419 BUY Orochi BREAKOUT@VAH 7R,BREAKOUT@VAH val=3961.85 vah=4020.36 poc=3981.96 vwap=3999.30
2025-10-08T21:55:00+07:00,2025-10-08T22:05:00+07:00,BUY,4039.37,4031.47,4093.23,BE,-0.2,S419 BUY Orochi BREAKOUT@VAH 7R,BREAKOUT@VAH val=3961.85 vah=4020.36 poc=3981.96 vwap=3999.30
2025-10-08T22:10:00+07:00,2025-10-08T22:30:00+07:00,BUY,4042.58,4034.17,4101.85,BE,-0.2,S419 BUY Orochi BREAKOUT@VAH 7R,BREAKOUT@VAH val=3961.85 vah=4020.36 poc=3981.96 vwap=3999.30
2025-10-08T22:35:00+07:00,2025-10-08T22:50:00+07:00,BUY,4043.9,4037.9,4085.98,BE,-0.2,S419 BUY Orochi BREAKOUT@VAH 7R,BREAKOUT@VAH val=3961.85 vah=4020.36 poc=3981.96 vwap=3999.30
2025-10-08T22:55:00+07:00,2025-10-08T23:05:00+07:00,BUY,4048.13,4041.6,4094.48,BE,-0.2,S419 BUY Orochi BREAKOUT@VAH 7R,BREAKOUT@VAH val=3961.85 vah=4020.36 poc=3981.96 vwap=3999.30
2025-10-08T23:10:00+07:00,2025-10-08T23:20:00+07:00,BUY,4039.59,4036.8,4059.76,BE,-0.2,S419 BUY Orochi BREAKOUT@VAH 7R,BREAKOUT@VAH val=3961.85 vah=4020.36 poc=3981.96 vwap=3999.30
2025-10-08T23:25:00+07:00,2025-10-08T23:35:00+07:00,BUY,4044.44,4037.71,4091.39,BE,-0.2,S419 BUY Orochi BREAKOUT@VAH 7R,BREAKOUT@VAH val=3961.85 vah=4020.36 poc=3981.96 vwap=3999.30
2025-10-08T23:40:00+07:00,2025-10-08T23:55:00+07:00,BUY,4046.15,4041.84,4076.0,BE,-0.2,S419 BUY Orochi BREAKOUT@VAH 7R,BREAKOUT@VAH val=3961.85 vah=4020.36 poc=3981.96 vwap=3999.30
2025-10-09T00:00:00+07:00,2025-10-09T00:10:00+07:00,BUY,4044.86,4043.29,4055.77,TP,10.71,S419 BUY Orochi BREAKOUT@VAH 7R,BREAKOUT@VAH val=3961.85 vah=4020.36 poc=3981.96 vwap=3999.30
2025-10-09T00:15:00+07:00,2025-10-09T01:15:00+07:00,BUY,4052.4,4045.93,4098.33,BE,-0.2,S419 BUY Orochi BREAKOUT@VAH 7R,BREAKOUT@VAH val=3961.85 vah=4020.36 poc=3981.96 vwap=3999.30
2025-10-09T01:20:00+07:00,2025-10-09T01:25:00+07:00,BUY,4053.16,4050.16,4074.4,SL,-3.2,S419 BUY Orochi BREAKOUT@VAH 7R,BREAKOUT@VAH val=3961.85 vah=4020.36 poc=3981.96 vwap=3999.30
2025-10-09T01:30:00+07:00,2025-10-09T02:00:00+07:00,BUY,4046.69,4042.09,4078.97,BE,-0.2,S419 BUY Orochi BREAKOUT@VAH 7R,BREAKOUT@VAH val=3961.85 vah=4020.36 poc=3981.96 vwap=3999.30
2025-10-09T02:05:00+07:00,2025-10-09T02:10:00+07:00,BUY,4047.63,4042.73,4081.85,SL,-5.1,S419 BUY Orochi BREAKOUT@VAH 7R,BREAKOUT@VAH val=3961.85 vah=4020.36 poc=3981.96 vwap=3999.30
2025-10-09T02:15:00+07:00,2025-10-09T03:05:00+07:00,BUY,4043.38,4037.43,4084.87,BE,-0.2,S419 BUY Orochi BREAKOUT@VAH 7R,BREAKOUT@VAH val=3961.85 vah=4020.36 poc=3981.96 vwap=3999.30
2025-10-09T03:15:00+07:00,2025-10-09T03:30:00+07:00,BUY,4041.05,4032.52,4100.68,BE,-0.2,S419 BUY Orochi BREAKOUT@VAH 7R,BREAKOUT@VAH val=3961.85 vah=4020.36 poc=3981.96 vwap=3999.30
2025-10-09T03:35:00+07:00,2025-10-09T03:40:00+07:00,BUY,4036.99,4035.43,4047.83,SL,-1.76,S419 BUY Orochi BREAKOUT@VAH 7R,BREAKOUT@VAH val=3961.85 vah=4020.36 poc=3981.96 vwap=3999.30
2025-10-09T03:50:00+07:00,2025-10-09T04:00:00+07:00,BUY,4044.68,4036.3,4103.42,BE,-0.2,S419 BUY Orochi BREAKOUT@VAH 7R,BREAKOUT@VAH val=3961.85 vah=4020.36 poc=3981.96 vwap=3999.30
2025-10-09T04:05:00+07:00,2025-10-09T04:35:00+07:00,BUY,4040.14,4038.17,4054.73,BE,-0.2,S419 BUY Orochi BREAKOUT@VAH 7R,BREAKOUT@VAH val=3961.85 vah=4020.36 poc=3981.96 vwap=3999.30
2025-10-09T04:40:00+07:00,2025-10-09T04:50:00+07:00,BUY,4042.06,4037.74,4072.14,BE,-0.2,S419 BUY Orochi BREAKOUT@VAH 7R,BREAKOUT@VAH val=3961.85 vah=4020.36 poc=3981.96 vwap=3999.30
2025-10-09T06:15:00+07:00,2025-10-09T06:35:00+07:00,BUY,4024.74,4017.6,4074.56,BE,-0.2,S419 BUY Orochi BREAKOUT@VAH 7R,BREAKOUT@VAH val=3961.85 vah=4020.36 poc=3981.96 vwap=3999.30
2025-10-09T06:40:00+07:00,2025-10-09T06:50:00+07:00,BUY,4022.66,4019.16,4047.48,BE,-0.2,S419 BUY Orochi BREAKOUT@VAH 7R,BREAKOUT@VAH val=3961.85 vah=4020.36 poc=3981.96 vwap=3999.30
2025-10-09T06:55:00+07:00,2025-10-09T07:00:00+07:00,BUY,4021.28,4019.71,4032.19,SL,-1.77,S419 BUY Orochi BREAKOUT@VAH 7R,BREAKOUT@VAH val=3961.85 vah=4020.36 poc=3981.96 vwap=3999.30
2025-10-09T09:30:00+07:00,2025-10-09T09:50:00+07:00,BUY,4033.77,4023.83,4104.55,SL,-10.14,S419 BUY Orochi BREAKOUT@VAH 7R,BREAKOUT@VAH val=3961.85 vah=4031.33 poc=3981.96 vwap=4002.89
2025-10-09T19:45:00+07:00,2025-10-09T19:55:00+07:00,BUY,4045.81,4040.49,4082.89,BE,-0.2,S419 BUY Orochi BREAKOUT@VAH 7R,BREAKOUT@VAH val=4016.04 vah=4041.86 poc=4035.41 vwap=4027.07
2025-10-09T21:00:00+07:00,2025-10-09T21:10:00+07:00,BUY,4053.97,4047.72,4097.4,BE,-0.2,S419 BUY Orochi BREAKOUT@VAH 7R,BREAKOUT@VAH val=4023.05 vah=4049.58 poc=4038.73 vwap=4035.33
2025-10-09T21:15:00+07:00,2025-10-09T21:30:00+07:00,BUY,4052.53,4047.71,4085.87,BE,-0.2,S419 BUY Orochi BREAKOUT@VAH 7R,BREAKOUT@VAH val=4023.05 vah=4049.58 poc=4038.73 vwap=4035.33
2025-10-09T22:30:00+07:00,2025-10-09T22:40:00+07:00,SELL,4005.65,4018.98,3912.5,BE,-0.2,S419 SELL Orochi BREAKOUT@VAL 7R,BREAKOUT@VAL val=4023.05 vah=4049.58 poc=4038.73 vwap=4035.33
2025-10-09T22:45:00+07:00,2025-10-09T22:50:00+07:00,SELL,4020.31,4022.94,4001.98,SL,-2.83,S419 SELL Orochi BREAKOUT@VAL 7R,BREAKOUT@VAL val=4023.05 vah=4049.58 poc=4038.73 vwap=4035.33
2025-10-09T23:25:00+07:00,2025-10-09T23:50:00+07:00,SELL,4016.22,4030.77,3914.21,BE,-0.2,S419 SELL Orochi BREAKOUT@VAL 7R,BREAKOUT@VAL val=4023.05 vah=4049.58 poc=4038.73 vwap=4035.33
2025-10-09T23:55:00+07:00,2025-10-10T00:00:00+07:00,SELL,4014.62,4019.2,3982.16,SL,-4.78,S419 SELL Orochi BREAKOUT@VAL 7R,BREAKOUT@VAL val=4023.05 vah=4049.58 poc=4038.73 vwap=4035.33
2025-10-10T00:05:00+07:00,2025-10-10T00:30:00+07:00,SELL,4021.15,4023.1,4007.42,TP,13.53,S419 SELL Orochi BREAKOUT@VAL 7R,BREAKOUT@VAL val=4023.05 vah=4049.58 poc=4038.73 vwap=4035.33
2025-10-10T00:45:00+07:00,2025-10-10T07:25:00+07:00,SELL,3983.95,3991.49,3930.93,BE,-0.2,S419 SELL Orochi BREAKOUT@VAL 7R,BREAKOUT@VAL val=4023.05 vah=4049.58 poc=4038.73 vwap=4035.33
2025-10-10T07:30:00+07:00,2025-10-10T07:35:00+07:00,SELL,3982.19,3986.77,3950.29,SL,-4.78,S419 SELL Orochi BREAKOUT@VAL 7R,BREAKOUT@VAL val=4023.05 vah=4049.58 poc=4038.73 vwap=4035.31
2025-10-10T07:40:00+07:00,2025-10-10T07:50:00+07:00,SELL,3988.24,3989.43,3979.99,BE,-0.2,S419 SELL Orochi BREAKOUT@VAL 7R,BREAKOUT@VAL val=4023.05 vah=4049.58 poc=4038.73 vwap=4035.23
2025-10-10T07:55:00+07:00,2025-10-10T08:05:00+07:00,SELL,3989.74,3991.7,3977.46,BE,-0.2,S419 SELL Orochi BREAKOUT@VAL 7R,BREAKOUT@VAL val=4023.05 vah=4049.58 poc=4038.73 vwap=4035.16
2025-10-10T08:10:00+07:00,2025-10-10T08:20:00+07:00,SELL,3990.46,3993.05,3972.25,BE,-0.2,S419 SELL Orochi BREAKOUT@VAL 7R,BREAKOUT@VAL val=4023.05 vah=4049.58 poc=4038.73 vwap=4035.16
2025-10-10T08:25:00+07:00,2025-10-10T08:35:00+07:00,SELL,3991.44,3993.97,3973.81,BE,-0.2,S419 SELL Orochi BREAKOUT@VAL 7R,BREAKOUT@VAL val=4023.05 vah=4049.58 poc=4038.73 vwap=4035.14
2025-10-10T08:40:00+07:00,2025-10-10T08:45:00+07:00,SELL,3992.75,3993.88,3984.76,SL,-1.33,S419 SELL Orochi BREAKOUT@VAL 7R,BREAKOUT@VAL val=4023.05 vah=4049.58 poc=4038.73 vwap=4035.01
2025-10-10T08:50:00+07:00,2025-10-10T09:05:00+07:00,SELL,3992.13,3995.28,3969.84,BE,-0.2,S419 SELL Orochi BREAKOUT@VAL 7R,BREAKOUT@VAL val=4023.05 vah=4049.58 poc=4038.73 vwap=4034.93
2025-10-10T09:25:00+07:00,2025-10-10T10:10:00+07:00,SELL,3981.54,3984.65,3960.17,BE,-0.2,S419 SELL Orochi BREAKOUT@VAL 7R,BREAKOUT@VAL val=4023.05 vah=4049.58 poc=4038.73 vwap=4034.97
2025-10-10T10:15:00+07:00,2025-10-10T10:20:00+07:00,SELL,3982.78,3984.73,3969.05,SL,-2.15,S419 SELL Orochi BREAKOUT@VAL 7R,BREAKOUT@VAL val=4020.64 vah=4049.58 poc=4038.73 vwap=4034.55
2025-10-10T10:25:00+07:00,2025-10-10T10:35:00+07:00,SELL,3984.2,3986.94,3965.42,BE,-0.2,S419 SELL Orochi BREAKOUT@VAL 7R,BREAKOUT@VAL val=4020.64 vah=4049.58 poc=4038.73 vwap=4034.44
2025-10-10T10:40:00+07:00,2025-10-10T12:10:00+07:00,SELL,3982.98,3987.91,3947.91,TP,34.87,S419 SELL Orochi BREAKOUT@VAL 7R,BREAKOUT@VAL val=4020.64 vah=4049.58 poc=4038.73 vwap=4034.19
2025-10-10T12:15:00+07:00,2025-10-10T12:25:00+07:00,SELL,3955.92,3958.92,3935.16,BE,-0.2,S419 SELL Orochi BREAKOUT@VAL 7R,BREAKOUT@VAL val=4017.88 vah=4046.23 poc=4037.96 vwap=4032.47
2025-10-10T12:30:00+07:00,2025-10-10T12:40:00+07:00,SELL,3959.52,3963.46,3932.42,BE,-0.2,S419 SELL Orochi BREAKOUT@VAL 7R,BREAKOUT@VAL val=4017.77 vah=4045.93 poc=4037.71 vwap=4032.10
2025-10-10T12:45:00+07:00,2025-10-10T12:55:00+07:00,SELL,3966.18,3967.45,3957.13,BE,-0.2,S419 SELL Orochi BREAKOUT@VAL 7R,BREAKOUT@VAL val=4019.14 vah=4045.85 poc=4038.06 vwap=4031.77
2025-10-10T13:00:00+07:00,2025-10-10T13:05:00+07:00,SELL,3968.03,3970.94,3947.74,SL,-3.11,S419 SELL Orochi BREAKOUT@VAL 7R,BREAKOUT@VAL val=4019.10 vah=4045.74 poc=4037.97 vwap=4031.36
2025-10-10T13:10:00+07:00,2025-10-10T13:15:00+07:00,SELL,3972.4,3974.0,3961.12,SL,-1.8,S419 SELL Orochi BREAKOUT@VAL 7R,BREAKOUT@VAL val=4016.88 vah=4043.52 poc=4037.97 vwap=4031.16
2025-10-10T13:20:00+07:00,2025-10-10T13:40:00+07:00,SELL,3974.94,3978.77,3948.45,BE,-0.2,S419 SELL Orochi BREAKOUT@VAL 7R,BREAKOUT@VAL val=4019.10 vah=4043.52 poc=4037.97 vwap=4030.96
2025-10-10T13:45:00+07:00,2025-10-10T13:55:00+07:00,SELL,3973.47,3978.03,3941.87,BE,-0.2,S419 SELL Orochi BREAKOUT@VAL 7R,BREAKOUT@VAL val=4019.10 vah=4043.52 poc=4037.97 vwap=4030.43
2025-10-10T14:00:00+07:00,2025-10-10T14:10:00+07:00,SELL,3970.31,3977.02,3923.58,BE,-0.2,S419 SELL Orochi BREAKOUT@VAL 7R,BREAKOUT@VAL val=4019.10 vah=4043.52 poc=4037.97 vwap=4030.13
2025-10-10T14:15:00+07:00,2025-10-10T14:25:00+07:00,SELL,3971.03,3973.24,3955.08,BE,-0.2,S419 SELL Orochi BREAKOUT@VAL 7R,BREAKOUT@VAL val=4019.10 vah=4043.52 poc=4037.97 vwap=4029.85
2025-10-10T14:30:00+07:00,2025-10-10T14:35:00+07:00,SELL,3972.21,3974.53,3956.29,SL,-2.52,S419 SELL Orochi BREAKOUT@VAL 7R,BREAKOUT@VAL val=4021.21 vah=4043.29 poc=4037.77 vwap=4029.50
2025-10-10T14:40:00+07:00,2025-10-10T15:50:00+07:00,SELL,3972.52,3977.18,3939.98,BE,-0.2,S419 SELL Orochi BREAKOUT@VAL 7R,BREAKOUT@VAL val=4020.94 vah=4044.47 poc=4037.61 vwap=4029.28
2025-10-10T15:55:00+07:00,2025-10-10T16:00:00+07:00,SELL,3972.05,3977.66,3932.7,SL,-5.81,S419 SELL Orochi BREAKOUT@VAL 7R,BREAKOUT@VAL val=4018.35 vah=4041.02 poc=4038.19 vwap=4028.15
2025-10-10T16:05:00+07:00,2025-10-10T16:10:00+07:00,SELL,3984.36,3985.94,3973.46,SL,-1.78,S419 SELL Orochi BREAKOUT@VAL 7R,BREAKOUT@VAL val=4018.35 vah=4041.02 poc=4038.19 vwap=4028.09
2025-10-10T16:15:00+07:00,2025-10-10T16:25:00+07:00,SELL,3987.29,3990.17,3966.97,BE,-0.2,S419 SELL Orochi BREAKOUT@VAL 7R,BREAKOUT@VAL val=4018.35 vah=4041.02 poc=4038.19 vwap=4028.03
2025-10-10T16:30:00+07:00,2025-10-10T16:40:00+07:00,SELL,3987.4,3989.76,3971.2,BE,-0.2,S419 SELL Orochi BREAKOUT@VAL 7R,BREAKOUT@VAL val=4018.35 vah=4041.02 poc=4038.19 vwap=4027.97
2025-10-10T16:45:00+07:00,2025-10-10T16:55:00+07:00,SELL,3992.99,3995.75,3973.75,BE,-0.2,S419 SELL Orochi BREAKOUT@VAL 7R,BREAKOUT@VAL val=4018.35 vah=4041.02 poc=4038.19 vwap=4028.01
2025-10-10T17:00:00+07:00,2025-10-10T17:05:00+07:00,SELL,3992.29,3996.17,3965.21,SL,-4.08,S419 SELL Orochi BREAKOUT@VAL 7R,BREAKOUT@VAL val=4018.35 vah=4041.02 poc=4038.19 vwap=4028.04
2025-10-10T17:10:00+07:00,2025-10-10T17:40:00+07:00,SELL,4000.65,4002.72,3986.72,BE,-0.2,S419 SELL Orochi BREAKOUT@VAL 7R,BREAKOUT@VAL val=4018.35 vah=4041.02 poc=4038.19 vwap=4028.07
2025-10-10T17:45:00+07:00,2025-10-10T23:05:00+07:00,SELL,4002.98,4007.81,3969.25,BE,-0.2,S419 SELL Orochi BREAKOUT@VAL 7R,BREAKOUT@VAL val=4020.24 vah=4041.02 poc=4038.19 vwap=4028.40
2025-10-10T23:30:00+07:00,2025-10-10T23:40:00+07:00,BUY,4011.89,4010.11,4025.87,BE,-0.2,S419 BUY Orochi BREAKOUT@VAH 7R,BREAKOUT@VAH val=3949.46 vah=4010.76 poc=3975.39 vwap=3991.32
2025-10-11T03:45:00+07:00,2025-10-11T03:55:00+07:00,BUY,4014.25,4009.96,4043.88,BE,-0.2,S419 BUY Orochi BREAKOUT@VAH 7R,BREAKOUT@VAH val=3949.46 vah=4010.76 poc=3975.39 vwap=3991.32
2025-10-11T04:00:00+07:00,2025-10-11T04:05:00+07:00,BUY,4012.62,4008.49,4041.21,SL,-4.33,S419 BUY Orochi BREAKOUT@VAH 7R,BREAKOUT@VAH val=3949.46 vah=4010.76 poc=3975.39 vwap=3991.32
2025-10-11T04:25:00+07:00,2025-10-11T04:35:00+07:00,BUY,4012.18,4006.45,4052.37,BE,-0.2,S419 BUY Orochi BREAKOUT@VAH 7R,BREAKOUT@VAH val=3949.46 vah=4010.76 poc=3975.39 vwap=3991.32
2025-10-11T04:45:00+07:00,2025-10-13T06:05:00+07:00,BUY,4011.1,4006.4,4044.08,BE,-0.2,S419 BUY Orochi BREAKOUT@VAH 7R,BREAKOUT@VAH val=3949.46 vah=4010.76 poc=3975.39 vwap=3991.32
2025-10-13T20:30:00+07:00,2025-10-13T20:35:00+07:00,BUY,4082.61,4079.43,4104.79,SL,-3.38,S419 BUY Orochi BREAKOUT@VAH 7R,BREAKOUT@VAH val=4046.67 vah=4081.96 poc=4073.94 vwap=4058.53
2025-10-13T21:10:00+07:00,2025-10-13T21:20:00+07:00,BUY,4087.61,4080.8,4135.52,BE,-0.2,S419 BUY Orochi BREAKOUT@VAH 7R,BREAKOUT@VAH val=4046.67 vah=4081.96 poc=4073.94 vwap=4058.53
2025-10-13T21:35:00+07:00,2025-10-13T21:45:00+07:00,BUY,4088.27,4080.77,4140.37,BE,-0.2,S419 BUY Orochi BREAKOUT@VAH 7R,BREAKOUT@VAH val=4046.67 vah=4081.96 poc=4073.94 vwap=4058.53
2025-10-13T21:55:00+07:00,2025-10-13T22:05:00+07:00,BUY,4094.04,4089.92,4122.96,BE,-0.2,S419 BUY Orochi BREAKOUT@VAH 7R,BREAKOUT@VAH val=4046.67 vah=4081.96 poc=4073.94 vwap=4058.53
2025-10-13T22:10:00+07:00,2025-10-13T23:05:00+07:00,BUY,4092.28,4089.82,4109.98,BE,-0.2,S419 BUY Orochi BREAKOUT@VAH 7R,BREAKOUT@VAH val=4046.67 vah=4081.96 poc=4073.94 vwap=4058.53
2025-10-13T23:10:00+07:00,2025-10-13T23:25:00+07:00,BUY,4096.96,4090.72,4140.32,BE,-0.2,S419 BUY Orochi BREAKOUT@VAH 7R,BREAKOUT@VAH val=4046.67 vah=4081.96 poc=4073.94 vwap=4058.53
2025-10-13T23:30:00+07:00,2025-10-14T03:05:00+07:00,BUY,4094.99,4091.59,4118.07,BE,-0.2,S419 BUY Orochi BREAKOUT@VAH 7R,BREAKOUT@VAH val=4046.67 vah=4081.96 poc=4073.94 vwap=4058.53
2025-10-14T03:25:00+07:00,2025-10-14T03:35:00+07:00,BUY,4104.7,4100.33,4135.21,BE,-0.2,S419 BUY Orochi BREAKOUT@VAH 7R,BREAKOUT@VAH val=4046.67 vah=4081.96 poc=4073.94 vwap=4058.53
2025-10-14T03:40:00+07:00,2025-10-14T03:50:00+07:00,BUY,4105.08,4101.27,4131.59,BE,-0.2,S419 BUY Orochi BREAKOUT@VAH 7R,BREAKOUT@VAH val=4046.67 vah=4081.96 poc=4073.94 vwap=4058.53
2025-10-14T03:55:00+07:00,2025-10-14T04:05:00+07:00,BUY,4108.66,4102.94,4149.1,BE,-0.2,S419 BUY Orochi BREAKOUT@VAH 7R,BREAKOUT@VAH val=4046.67 vah=4081.96 poc=4073.94 vwap=4058.53
2025-10-14T04:10:00+07:00,2025-10-14T04:20:00+07:00,BUY,4108.81,4105.21,4134.09,BE,-0.2,S419 BUY Orochi BREAKOUT@VAH 7R,BREAKOUT@VAH val=4046.67 vah=4081.96 poc=4073.94 vwap=4058.53
2025-10-14T04:25:00+07:00,2025-10-14T04:35:00+07:00,BUY,4110.64,4107.89,4130.13,SL,-2.95,S419 BUY Orochi BREAKOUT@VAH 7R,BREAKOUT@VAH val=4046.67 vah=4081.96 poc=4073.94 vwap=4058.53
2025-10-14T04:40:00+07:00,2025-10-14T04:50:00+07:00,BUY,4110.17,4106.95,4132.87,BE,-0.2,S419 BUY Orochi BREAKOUT@VAH 7R,BREAKOUT@VAH val=4046.67 vah=4081.96 poc=4073.94 vwap=4058.53
2025-10-14T04:55:00+07:00,2025-10-14T06:10:00+07:00,BUY,4112.96,4109.43,4125.27,BE,-0.2,S419 BUY Orochi BREAKOUT@VAH 7R,BREAKOUT@VAH val=4046.67 vah=4081.96 poc=4073.94 vwap=4058.53
2025-10-14T06:15:00+07:00,2025-10-14T06:25:00+07:00,BUY,4112.32,4110.74,4120.98,BE,-0.2,S419 BUY Orochi BREAKOUT@VAH 7R,BREAKOUT@VAH val=4046.67 vah=4081.96 poc=4073.94 vwap=4058.53
2025-10-14T06:30:00+07:00,2025-10-14T06:40:00+07:00,BUY,4108.39,4106.36,4122.76,BE,-0.2,S419 BUY Orochi BREAKOUT@VAH 7R,BREAKOUT@VAH val=4046.67 vah=4081.96 poc=4073.94 vwap=4058.53
2025-10-14T06:55:00+07:00,2025-10-14T07:05:00+07:00,BUY,4114.89,4111.03,4142.79,BE,-0.2,S419 BUY Orochi BREAKOUT@VAH 7R,BREAKOUT@VAH val=4046.67 vah=4081.96 poc=4073.94 vwap=4058.53
2025-10-14T07:10:00+07:00,2025-10-14T07:20:00+07:00,BUY,4115.0,4113.48,4125.16,BE,-0.2,S419 BUY Orochi BREAKOUT@VAH 7R,BREAKOUT@VAH val=4046.67 vah=4081.96 poc=4073.94 vwap=4058.53
2025-10-14T07:25:00+07:00,2025-10-14T09:10:00+07:00,BUY,4115.32,4112.24,4136.32,TP,20.8,S419 BUY Orochi BREAKOUT@VAH 7R,BREAKOUT@VAH val=4046.67 vah=4081.96 poc=4073.94 vwap=4058.53
2025-10-14T09:20:00+07:00,2025-10-14T09:30:00+07:00,BUY,4146.34,4138.02,4204.9,BE,-0.2,S419 BUY Orochi BREAKOUT@VAH 7R,BREAKOUT@VAH val=4046.67 vah=4081.96 poc=4073.94 vwap=4058.53
2025-10-14T09:35:00+07:00,2025-10-14T09:40:00+07:00,BUY,4143.77,4140.01,4169.61,SL,-3.96,S419 BUY Orochi BREAKOUT@VAH 7R,BREAKOUT@VAH val=4046.67 vah=4081.96 poc=4073.94 vwap=4058.53
2025-10-14T09:45:00+07:00,2025-10-14T09:50:00+07:00,BUY,4134.93,4132.82,4150.34,SL,-2.31,S419 BUY Orochi BREAKOUT@VAH 7R,BREAKOUT@VAH val=4046.67 vah=4081.96 poc=4073.94 vwap=4058.53
2025-10-14T09:55:00+07:00,2025-10-14T13:40:00+07:00,BUY,4137.21,4130.55,4183.75,BE,-0.2,S419 BUY Orochi BREAKOUT@VAH 7R,BREAKOUT@VAH val=4046.67 vah=4081.96 poc=4073.94 vwap=4058.53
2025-10-14T13:45:00+07:00,2025-10-14T13:50:00+07:00,BUY,4114.74,4112.52,4130.2,TP,15.26,S419 BUY Orochi BREAKOUT@VAH 7R,BREAKOUT@VAH val=4046.67 vah=4081.96 poc=4073.94 vwap=4058.53
2025-10-14T13:55:00+07:00,2025-10-14T14:05:00+07:00,BUY,4121.68,4108.27,4215.63,BE,-0.2,S419 BUY Orochi BREAKOUT@VAH 7R,BREAKOUT@VAH val=4046.67 vah=4081.96 poc=4073.94 vwap=4058.53
2025-10-14T14:10:00+07:00,2025-10-14T14:20:00+07:00,BUY,4109.94,4103.22,4158.58,BE,-0.2,S419 BUY Orochi BREAKOUT@VAH 7R,BREAKOUT@VAH val=4046.67 vah=4081.96 poc=4073.94 vwap=4058.53
2025-10-14T14:25:00+07:00,2025-10-14T20:30:00+07:00,BUY,4114.12,4086.6,4306.52,BE,-0.2,S419 BUY Orochi BREAKOUT@VAH 7R,BREAKOUT@VAH val=4046.67 vah=4081.96 poc=4073.94 vwap=4058.53
2025-10-15T01:10:00+07:00,2025-10-15T01:15:00+07:00,BUY,4145.55,4142.82,4164.74,SL,-2.93,S419 BUY Orochi BREAKOUT@VAH 7R,BREAKOUT@VAH val=4095.41 vah=4144.21 poc=4128.68 vwap=4121.40
2025-10-15T01:25:00+07:00,2025-10-15T01:45:00+07:00,BUY,4147.08,4140.09,4195.45,BE,-0.2,S419 BUY Orochi BREAKOUT@VAH 7R,BREAKOUT@VAH val=4095.41 vah=4144.21 poc=4128.68 vwap=4121.40
2025-10-15T01:50:00+07:00,2025-10-15T02:15:00+07:00,BUY,4146.33,4141.79,4177.87,BE,-0.2,S419 BUY Orochi BREAKOUT@VAH 7R,BREAKOUT@VAH val=4095.41 vah=4144.21 poc=4128.68 vwap=4121.40
2025-10-15T02:20:00+07:00,2025-10-15T02:35:00+07:00,BUY,4145.63,4141.88,4171.8,BE,-0.2,S419 BUY Orochi BREAKOUT@VAH 7R,BREAKOUT@VAH val=4095.41 vah=4144.21 poc=4128.68 vwap=4121.40
2025-10-15T02:40:00+07:00,2025-10-15T02:55:00+07:00,BUY,4148.64,4144.42,4178.02,BE,-0.2,S419 BUY Orochi BREAKOUT@VAH 7R,BREAKOUT@VAH val=4095.41 vah=4144.21 poc=4128.68 vwap=4121.40
2025-10-15T03:00:00+07:00,2025-10-15T03:05:00+07:00,BUY,4150.53,4147.51,4171.75,SL,-3.22,S419 BUY Orochi BREAKOUT@VAH 7R,BREAKOUT@VAH val=4095.41 vah=4144.21 poc=4128.68 vwap=4121.40
2025-10-15T03:10:00+07:00,2025-10-15T03:20:00+07:00,BUY,4149.15,4145.69,4173.29,BE,-0.2,S419 BUY Orochi BREAKOUT@VAH 7R,BREAKOUT@VAH val=4095.41 vah=4144.21 poc=4128.68 vwap=4121.40
2025-10-15T03:25:00+07:00,2025-10-15T03:30:00+07:00,BUY,4149.78,4147.33,4167.09,SL,-2.65,S419 BUY Orochi BREAKOUT@VAH 7R,BREAKOUT@VAH val=4095.41 vah=4144.21 poc=4128.68 vwap=4121.40
2025-10-15T04:20:00+07:00,2025-10-15T04:30:00+07:00,BUY,4146.0,4142.35,4171.47,SL,-3.85,S419 BUY Orochi BREAKOUT@VAH 7R,BREAKOUT@VAH val=4095.41 vah=4144.21 poc=4128.68 vwap=4121.40
2025-10-15T04:50:00+07:00,2025-10-15T06:05:00+07:00,BUY,4144.58,4141.19,4168.47,SL,-3.59,S419 BUY Orochi BREAKOUT@VAH 7R,BREAKOUT@VAH val=4095.41 vah=4144.21 poc=4128.68 vwap=4121.40
2025-10-15T06:20:00+07:00,2025-10-15T06:25:00+07:00,BUY,4155.88,4154.68,4164.04,SL,-1.4,S419 BUY Orochi BREAKOUT@VAH 7R,BREAKOUT@VAH val=4095.41 vah=4144.21 poc=4128.68 vwap=4121.40
2025-10-15T06:30:00+07:00,2025-10-15T08:25:00+07:00,BUY,4154.22,4149.03,4191.75,BE,-0.2,S419 BUY Orochi BREAKOUT@VAH 7R,BREAKOUT@VAH val=4095.41 vah=4144.21 poc=4128.68 vwap=4121.40
2025-10-15T08:30:00+07:00,2025-10-15T14:45:00+07:00,BUY,4158.14,4153.0,4194.44,TP,36.1,S419 BUY Orochi BREAKOUT@VAH 7R,BREAKOUT@VAH val=4098.12 vah=4147.07 poc=4128.71 vwap=4123.45
2025-10-15T14:50:00+07:00,2025-10-15T15:00:00+07:00,BUY,4197.93,4192.37,4237.73,BE,-0.2,S419 BUY Orochi BREAKOUT@VAH 7R,BREAKOUT@VAH val=4105.44 vah=4146.28 poc=4129.58 vwap=4133.55
2025-10-15T15:05:00+07:00,2025-10-15T15:35:00+07:00,BUY,4200.39,4193.57,4248.05,BE,-0.2,S419 BUY Orochi BREAKOUT@VAH 7R,BREAKOUT@VAH val=4109.15 vah=4146.28 poc=4129.58 vwap=4133.87
2025-10-15T15:45:00+07:00,2025-10-15T15:55:00+07:00,BUY,4206.07,4202.65,4229.85,BE,-0.2,S419 BUY Orochi BREAKOUT@VAH 7R,BREAKOUT@VAH val=4109.15 vah=4146.28 poc=4129.58 vwap=4134.51
2025-10-15T16:00:00+07:00,2025-10-15T16:25:00+07:00,BUY,4209.12,4204.48,4240.8,BE,-0.2,S419 BUY Orochi BREAKOUT@VAH 7R,BREAKOUT@VAH val=4109.15 vah=4146.28 poc=4129.58 vwap=4134.59
2025-10-15T16:35:00+07:00,2025-10-15T16:55:00+07:00,BUY,4216.53,4209.49,4265.65,SL,-7.24,S419 BUY Orochi BREAKOUT@VAH 7R,BREAKOUT@VAH val=4109.15 vah=4146.28 poc=4129.58 vwap=4134.80
2025-10-15T17:00:00+07:00,2025-10-15T17:10:00+07:00,BUY,4209.67,4206.04,4234.92,BE,-0.2,S419 BUY Orochi BREAKOUT@VAH 7R,BREAKOUT@VAH val=4112.87 vah=4150.00 poc=4129.58 vwap=4134.99
2025-10-15T17:15:00+07:00,2025-10-15T17:20:00+07:00,BUY,4191.32,4189.96,4200.76,SL,-1.56,S419 BUY Orochi BREAKOUT@VAH 7R,BREAKOUT@VAH val=4112.87 vah=4150.00 poc=4129.58 vwap=4135.10
2025-10-15T17:30:00+07:00,2025-10-15T17:40:00+07:00,BUY,4190.79,4179.03,4273.27,BE,-0.2,S419 BUY Orochi BREAKOUT@VAH 7R,BREAKOUT@VAH val=4112.87 vah=4150.00 poc=4129.58 vwap=4135.25
2025-10-15T17:45:00+07:00,2025-10-15T18:40:00+07:00,BUY,4190.87,4188.36,4208.28,BE,-0.2,S419 BUY Orochi BREAKOUT@VAH 7R,BREAKOUT@VAH val=4112.87 vah=4150.00 poc=4129.58 vwap=4135.36
2025-10-15T18:45:00+07:00,2025-10-15T18:55:00+07:00,BUY,4196.83,4189.16,4250.68,BE,-0.2,S419 BUY Orochi BREAKOUT@VAH 7R,BREAKOUT@VAH val=4109.15 vah=4150.00 poc=4140.71 vwap=4136.01
2025-10-15T19:00:00+07:00,2025-10-15T19:30:00+07:00,BUY,4198.94,4195.04,4226.48,BE,-0.2,S419 BUY Orochi BREAKOUT@VAH 7R,BREAKOUT@VAH val=4109.15 vah=4150.00 poc=4140.71 vwap=4136.16
2025-10-15T19:35:00+07:00,2025-10-15T19:45:00+07:00,BUY,4202.64,4196.76,4243.72,BE,-0.2,S419 BUY Orochi BREAKOUT@VAH 7R,BREAKOUT@VAH val=4109.15 vah=4150.00 poc=4140.71 vwap=4136.45
2025-10-15T19:50:00+07:00,2025-10-15T20:10:00+07:00,BUY,4197.44,4192.38,4232.94,BE,-0.2,S419 BUY Orochi BREAKOUT@VAH 7R,BREAKOUT@VAH val=4109.15 vah=4150.00 poc=4140.71 vwap=4136.22
2025-10-15T20:15:00+07:00,2025-10-15T20:20:00+07:00,BUY,4188.27,4182.09,4231.93,SL,-6.38,S419 BUY Orochi BREAKOUT@VAH 7R,BREAKOUT@VAH val=4102.97 vah=4183.13 poc=4130.52 vwap=4156.55
2025-10-15T20:40:00+07:00,2025-10-15T20:45:00+07:00,BUY,4185.43,4182.99,4202.59,SL,-2.64,S419 BUY Orochi BREAKOUT@VAH 7R,BREAKOUT@VAH val=4102.97 vah=4183.13 poc=4130.52 vwap=4156.55
2025-10-15T21:00:00+07:00,2025-10-15T21:30:00+07:00,BUY,4187.22,4181.4,4228.12,BE,-0.2,S419 BUY Orochi BREAKOUT@VAH 7R,BREAKOUT@VAH val=4102.97 vah=4183.13 poc=4130.52 vwap=4156.55
2025-10-15T21:35:00+07:00,2025-10-15T21:45:00+07:00,BUY,4192.94,4181.71,4270.99,BE,-0.2,S419 BUY Orochi BREAKOUT@VAH 7R,BREAKOUT@VAH val=4102.97 vah=4183.13 poc=4130.52 vwap=4156.55
2025-10-15T21:50:00+07:00,2025-10-15T22:00:00+07:00,BUY,4194.77,4185.41,4261.17,BE,-0.2,S419 BUY Orochi BREAKOUT@VAH 7R,BREAKOUT@VAH val=4102.97 vah=4183.13 poc=4130.52 vwap=4156.55
2025-10-15T22:10:00+07:00,2025-10-15T22:20:00+07:00,BUY,4208.39,4198.42,4278.26,BE,-0.2,S419 BUY Orochi BREAKOUT@VAH 7R,BREAKOUT@VAH val=4102.97 vah=4183.13 poc=4130.52 vwap=4156.55
2025-10-15T22:25:00+07:00,2025-10-15T22:30:00+07:00,BUY,4206.03,4203.13,4226.25,SL,-3.1,S419 BUY Orochi BREAKOUT@VAH 7R,BREAKOUT@VAH val=4102.97 vah=4183.13 poc=4130.52 vwap=4156.55
2025-10-15T22:35:00+07:00,2025-10-15T22:50:00+07:00,BUY,4197.3,4194.11,4219.87,BE,-0.2,S419 BUY Orochi BREAKOUT@VAH 7R,BREAKOUT@VAH val=4102.97 vah=4183.13 poc=4130.52 vwap=4156.55
2025-10-15T22:55:00+07:00,2025-10-15T23:05:00+07:00,BUY,4200.04,4189.98,4271.18,BE,-0.2,S419 BUY Orochi BREAKOUT@VAH 7R,BREAKOUT@VAH val=4102.97 vah=4183.13 poc=4130.52 vwap=4156.55
2025-10-15T23:10:00+07:00,2025-10-15T23:20:00+07:00,BUY,4198.48,4193.36,4234.4,BE,-0.2,S419 BUY Orochi BREAKOUT@VAH 7R,BREAKOUT@VAH val=4102.97 vah=4183.13 poc=4130.52 vwap=4156.55
2025-10-15T23:25:00+07:00,2025-10-15T23:30:00+07:00,BUY,4201.45,4196.21,4237.89,SL,-5.44,S419 BUY Orochi BREAKOUT@VAH 7R,BREAKOUT@VAH val=4102.97 vah=4183.13 poc=4130.52 vwap=4156.55
2025-10-15T23:35:00+07:00,2025-10-15T23:45:00+07:00,BUY,4192.43,4183.11,4258.55,BE,-0.2,S419 BUY Orochi BREAKOUT@VAH 7R,BREAKOUT@VAH val=4102.97 vah=4183.13 poc=4130.52 vwap=4156.55
2025-10-15T23:50:00+07:00,2025-10-16T00:00:00+07:00,BUY,4190.18,4178.05,4274.77,BE,-0.2,S419 BUY Orochi BREAKOUT@VAH 7R,BREAKOUT@VAH val=4102.97 vah=4183.13 poc=4130.52 vwap=4156.55
2025-10-16T00:05:00+07:00,2025-10-16T00:35:00+07:00,BUY,4191.91,4186.05,4231.73,BE,-0.2,S419 BUY Orochi BREAKOUT@VAH 7R,BREAKOUT@VAH val=4102.97 vah=4183.13 poc=4130.52 vwap=4156.55
2025-10-16T00:40:00+07:00,2025-10-16T00:50:00+07:00,BUY,4196.68,4188.22,4255.98,BE,-0.2,S419 BUY Orochi BREAKOUT@VAH 7R,BREAKOUT@VAH val=4102.97 vah=4183.13 poc=4130.52 vwap=4156.55
2025-10-16T00:55:00+07:00,2025-10-16T01:10:00+07:00,BUY,4198.94,4193.55,4236.51,BE,-0.2,S419 BUY Orochi BREAKOUT@VAH 7R,BREAKOUT@VAH val=4102.97 vah=4183.13 poc=4130.52 vwap=4156.55
2025-10-16T01:15:00+07:00,2025-10-16T01:25:00+07:00,BUY,4189.08,4181.6,4241.2,BE,-0.2,S419 BUY Orochi BREAKOUT@VAH 7R,BREAKOUT@VAH val=4102.97 vah=4183.13 poc=4130.52 vwap=4156.55
2025-10-16T01:30:00+07:00,2025-10-16T18:55:00+07:00,BUY,4189.02,4181.06,4245.14,TP,55.92,S419 BUY Orochi BREAKOUT@VAH 7R,BREAKOUT@VAH val=4102.97 vah=4183.13 poc=4130.52 vwap=4156.55
2025-10-16T19:00:00+07:00,2025-10-16T20:20:00+07:00,BUY,4239.88,4238.46,4249.9,BE,-0.2,S419 BUY Orochi BREAKOUT@VAH 7R,BREAKOUT@VAH val=4176.55 vah=4203.50 poc=4199.82 vwap=4190.47
2025-10-16T20:25:00+07:00,2025-10-16T20:35:00+07:00,BUY,4239.12,4235.74,4263.42,BE,-0.2,S419 BUY Orochi BREAKOUT@VAH 7R,BREAKOUT@VAH val=4182.43 vah=4226.83 poc=4195.75 vwap=4211.61
2025-10-16T20:50:00+07:00,2025-10-16T21:00:00+07:00,BUY,4238.43,4231.63,4285.95,BE,-0.2,S419 BUY Orochi BREAKOUT@VAH 7R,BREAKOUT@VAH val=4182.43 vah=4226.83 poc=4195.75 vwap=4211.61
2025-10-16T21:05:00+07:00,2025-10-17T03:50:00+07:00,BUY,4242.63,4233.21,4308.49,TP,65.66,S419 BUY Orochi BREAKOUT@VAH 7R,BREAKOUT@VAH val=4182.43 vah=4226.83 poc=4195.75 vwap=4211.61
2025-10-17T04:10:00+07:00,2025-10-17T04:20:00+07:00,BUY,4316.69,4310.86,4357.58,BE,-0.2,S419 BUY Orochi BREAKOUT@VAH 7R,BREAKOUT@VAH val=4182.43 vah=4226.83 poc=4195.75 vwap=4211.61
2025-10-17T04:25:00+07:00,2025-10-17T04:35:00+07:00,BUY,4315.61,4312.03,4340.75,BE,-0.2,S419 BUY Orochi BREAKOUT@VAH 7R,BREAKOUT@VAH val=4182.43 vah=4226.83 poc=4195.75 vwap=4211.61
2025-10-17T04:40:00+07:00,2025-10-17T06:15:00+07:00,BUY,4318.09,4310.41,4372.25,TP,53.96,S419 BUY Orochi BREAKOUT@VAH 7R,BREAKOUT@VAH val=4182.43 vah=4226.83 poc=4195.75 vwap=4211.61
2025-10-17T06:20:00+07:00,2025-10-17T06:30:00+07:00,BUY,4360.62,4347.18,4456.86,BE,-0.2,S419 BUY Orochi BREAKOUT@VAH 7R,BREAKOUT@VAH val=4182.43 vah=4226.83 poc=4195.75 vwap=4211.61
2025-10-17T06:35:00+07:00,2025-10-17T06:50:00+07:00,BUY,4354.28,4340.93,4449.49,BE,-0.2,S419 BUY Orochi BREAKOUT@VAH 7R,BREAKOUT@VAH val=4182.43 vah=4226.83 poc=4195.75 vwap=4211.61
2025-10-17T06:55:00+07:00,2025-10-17T09:00:00+07:00,BUY,4346.72,4341.08,4385.16,BE,-0.2,S419 BUY Orochi BREAKOUT@VAH 7R,BREAKOUT@VAH val=4182.43 vah=4226.83 poc=4195.75 vwap=4211.61
2025-10-17T09:10:00+07:00,2025-10-17T09:15:00+07:00,BUY,4347.39,4343.28,4376.0,SL,-4.31,S419 BUY Orochi BREAKOUT@VAH 7R,BREAKOUT@VAH val=4199.56 vah=4244.73 poc=4232.02 vwap=4214.35
2025-10-17T09:20:00+07:00,2025-10-17T09:30:00+07:00,BUY,4337.94,4321.63,4452.03,SL,-16.51,S419 BUY Orochi BREAKOUT@VAH 7R,BREAKOUT@VAH val=4199.56 vah=4244.73 poc=4232.02 vwap=4214.68
2025-10-17T09:35:00+07:00,2025-10-17T09:40:00+07:00,BUY,4320.99,4310.23,4396.47,SL,-10.96,S419 BUY Orochi BREAKOUT@VAH 7R,BREAKOUT@VAH val=4199.56 vah=4244.73 poc=4232.02 vwap=4215.07
2025-10-17T09:45:00+07:00,2025-10-17T09:55:00+07:00,BUY,4300.3,4275.35,4474.31,BE,-0.2,S419 BUY Orochi BREAKOUT@VAH 7R,BREAKOUT@VAH val=4199.56 vah=4244.73 poc=4232.02 vwap=4215.17
2025-10-17T10:05:00+07:00,2025-10-17T10:15:00+07:00,BUY,4330.39,4308.09,4486.25,BE,-0.2,S419 BUY Orochi BREAKOUT@VAH 7R,BREAKOUT@VAH val=4199.56 vah=4244.73 poc=4232.02 vwap=4215.44
2025-10-17T10:20:00+07:00,2025-10-17T15:20:00+07:00,BUY,4326.17,4318.54,4379.82,BE,-0.2,S419 BUY Orochi BREAKOUT@VAH 7R,BREAKOUT@VAH val=4199.56 vah=4244.73 poc=4232.02 vwap=4215.77
2025-10-17T15:30:00+07:00,2025-10-17T15:40:00+07:00,BUY,4339.78,4327.9,4423.02,BE,-0.2,S419 BUY Orochi BREAKOUT@VAH 7R,BREAKOUT@VAH val=4217.62 vah=4243.56 poc=4232.58 vwap=4226.15
2025-10-17T15:45:00+07:00,2025-10-17T15:50:00+07:00,BUY,4346.46,4334.71,4429.11,SL,-11.95,S419 BUY Orochi BREAKOUT@VAH 7R,BREAKOUT@VAH val=4217.62 vah=4243.56 poc=4232.58 vwap=4226.32
2025-10-17T15:55:00+07:00,2025-10-17T16:05:00+07:00,BUY,4342.3,4327.16,4437.64,BE,-0.2,S419 BUY Orochi BREAKOUT@VAH 7R,BREAKOUT@VAH val=4217.62 vah=4243.56 poc=4232.58 vwap=4226.47
2025-10-17T16:10:00+07:00,2025-10-17T16:30:00+07:00,BUY,4334.06,4317.98,4446.54,BE,-0.2,S419 BUY Orochi BREAKOUT@VAH 7R,BREAKOUT@VAH val=4219.61 vah=4243.56 poc=4232.58 vwap=4226.63
2025-10-17T16:35:00+07:00,2025-10-17T16:55:00+07:00,BUY,4340.32,4330.01,4412.81,BE,-0.2,S419 BUY Orochi BREAKOUT@VAH 7R,BREAKOUT@VAH val=4219.61 vah=4243.56 poc=4232.58 vwap=4226.84
2025-10-17T17:00:00+07:00,2025-10-17T17:10:00+07:00,BUY,4344.96,4337.71,4396.27,BE,-0.2,S419 BUY Orochi BREAKOUT@VAH 7R,BREAKOUT@VAH val=4220.08 vah=4243.89 poc=4231.98 vwap=4227.15
2025-10-17T17:15:00+07:00,2025-10-17T17:20:00+07:00,BUY,4340.78,4335.49,4377.89,SL,-5.49,S419 BUY Orochi BREAKOUT@VAH 7R,BREAKOUT@VAH val=4220.08 vah=4243.89 poc=4231.98 vwap=4227.26
2025-10-17T17:25:00+07:00,2025-10-17T18:30:00+07:00,BUY,4335.09,4330.44,4368.52,BE,-0.2,S419 BUY Orochi BREAKOUT@VAH 7R,BREAKOUT@VAH val=4220.08 vah=4243.89 poc=4231.98 vwap=4227.33
2025-10-17T18:35:00+07:00,2025-10-17T19:10:00+07:00,BUY,4323.81,4318.4,4360.96,BE,-0.2,S419 BUY Orochi BREAKOUT@VAH 7R,BREAKOUT@VAH val=4220.08 vah=4240.23 poc=4231.98 vwap=4228.30
2025-10-17T19:20:00+07:00,2025-10-17T19:30:00+07:00,BUY,4327.75,4316.73,4405.29,SL,-11.22,S419 BUY Orochi BREAKOUT@VAH 7R,BREAKOUT@VAH val=4220.08 vah=4240.23 poc=4231.98 vwap=4228.87
2025-10-17T19:35:00+07:00,2025-10-17T19:50:00+07:00,BUY,4319.1,4302.6,4435.0,SL,-16.7,S419 BUY Orochi BREAKOUT@VAH 7R,BREAKOUT@VAH val=4221.91 vah=4242.06 poc=4231.98 vwap=4229.33
2025-10-17T19:55:00+07:00,2025-10-17T20:00:00+07:00,BUY,4287.41,4284.19,4308.03,SL,-3.42,S419 BUY Orochi BREAKOUT@VAH 7R,BREAKOUT@VAH val=4221.91 vah=4240.23 poc=4231.98 vwap=4229.59
2025-10-17T22:15:00+07:00,2025-10-17T22:25:00+07:00,SELL,4236.28,4257.22,4089.38,BE,-0.2,S419 SELL Orochi BREAKOUT@VAL 7R,BREAKOUT@VAL val=4284.64 vah=4373.21 poc=4363.72 vwap=4316.60
2025-10-17T22:30:00+07:00,2025-10-17T22:35:00+07:00,SELL,4236.1,4253.16,4116.52,SL,-17.26,S419 SELL Orochi BREAKOUT@VAL 7R,BREAKOUT@VAL val=4284.64 vah=4373.21 poc=4363.72 vwap=4316.60
2025-10-17T22:40:00+07:00,2025-10-17T22:50:00+07:00,SELL,4258.93,4272.2,4166.12,BE,-0.2,S419 SELL Orochi BREAKOUT@VAL 7R,BREAKOUT@VAL val=4284.64 vah=4373.21 poc=4363.72 vwap=4316.60
2025-10-17T22:55:00+07:00,2025-10-17T23:05:00+07:00,SELL,4248.82,4265.48,4132.68,BE,-0.2,S419 SELL Orochi BREAKOUT@VAL 7R,BREAKOUT@VAL val=4284.64 vah=4373.21 poc=4363.72 vwap=4316.60
2025-10-17T23:10:00+07:00,2025-10-17T23:20:00+07:00,SELL,4242.4,4261.57,4109.01,BE,-0.2,S419 SELL Orochi BREAKOUT@VAL 7R,BREAKOUT@VAL val=4284.64 vah=4373.21 poc=4363.72 vwap=4316.60
2025-10-17T23:25:00+07:00,2025-10-17T23:30:00+07:00,SELL,4248.29,4252.99,4215.63,SL,-4.9,S419 SELL Orochi BREAKOUT@VAL 7R,BREAKOUT@VAL val=4284.64 vah=4373.21 poc=4363.72 vwap=4316.60
2025-10-17T23:35:00+07:00,2025-10-17T23:45:00+07:00,SELL,4254.19,4262.75,4193.95,BE,-0.2,S419 SELL Orochi BREAKOUT@VAL 7R,BREAKOUT@VAL val=4284.64 vah=4373.21 poc=4363.72 vwap=4316.60
2025-10-17T23:50:00+07:00,2025-10-18T04:25:00+07:00,SELL,4245.66,4259.35,4150.71,BE,-0.2,S419 SELL Orochi BREAKOUT@VAL 7R,BREAKOUT@VAL val=4284.64 vah=4373.21 poc=4363.72 vwap=4316.60
2025-10-18T04:30:00+07:00,2025-10-18T04:35:00+07:00,SELL,4244.19,4248.34,4215.22,SL,-4.35,S419 SELL Orochi BREAKOUT@VAL 7R,BREAKOUT@VAL val=4284.64 vah=4373.21 poc=4363.72 vwap=4316.60
2025-10-18T04:40:00+07:00,2025-10-18T04:45:00+07:00,SELL,4247.39,4250.51,4224.91,SL,-3.32,S419 SELL Orochi BREAKOUT@VAL 7R,BREAKOUT@VAL val=4284.64 vah=4373.21 poc=4363.72 vwap=4316.60
2025-10-20T20:05:00+07:00,2025-10-20T20:55:00+07:00,BUY,4278.32,4271.55,4325.79,TP,47.27,S419 BUY Orochi BREAKOUT@VAH 7R,BREAKOUT@VAH val=4244.23 vah=4266.92 poc=4258.10 vwap=4252.06
2025-10-20T21:00:00+07:00,2025-10-20T21:15:00+07:00,BUY,4317.84,4313.06,4349.94,BE,-0.2,S419 BUY Orochi BREAKOUT@VAH 7R,BREAKOUT@VAH val=4244.23 vah=4266.92 poc=4258.10 vwap=4252.06
2025-10-20T21:20:00+07:00,2025-10-20T21:30:00+07:00,BUY,4317.9,4313.0,4351.4,BE,-0.2,S419 BUY Orochi BREAKOUT@VAH 7R,BREAKOUT@VAH val=4244.23 vah=4266.92 poc=4258.10 vwap=4252.06
2025-10-20T21:35:00+07:00,2025-10-20T21:45:00+07:00,BUY,4311.38,4300.54,4387.5,BE,-0.2,S419 BUY Orochi BREAKOUT@VAH 7R,BREAKOUT@VAH val=4244.23 vah=4266.92 poc=4258.10 vwap=4252.06
2025-10-20T21:50:00+07:00,2025-10-20T21:55:00+07:00,BUY,4313.14,4301.39,4395.63,SL,-11.95,S419 BUY Orochi BREAKOUT@VAH 7R,BREAKOUT@VAH val=4244.23 vah=4266.92 poc=4258.10 vwap=4252.06
2025-10-20T22:00:00+07:00,2025-10-20T22:20:00+07:00,BUY,4294.92,4290.46,4326.38,TP,31.26,S419 BUY Orochi BREAKOUT@VAH 7R,BREAKOUT@VAH val=4244.23 vah=4266.92 poc=4258.10 vwap=4252.06
2025-10-20T22:25:00+07:00,2025-10-20T22:35:00+07:00,BUY,4326.46,4318.83,4379.31,BE,-0.2,S419 BUY Orochi BREAKOUT@VAH 7R,BREAKOUT@VAH val=4244.23 vah=4266.92 poc=4258.10 vwap=4252.06
2025-10-20T22:40:00+07:00,2025-10-21T13:30:00+07:00,BUY,4325.3,4314.41,4400.89,BE,-0.2,S419 BUY Orochi BREAKOUT@VAH 7R,BREAKOUT@VAH val=4244.23 vah=4266.92 poc=4258.10 vwap=4252.06
2025-10-21T13:35:00+07:00,2025-10-21T13:45:00+07:00,BUY,4323.12,4316.21,4371.57,BE,-0.2,S419 BUY Orochi BREAKOUT@VAH 7R,BREAKOUT@VAH val=4244.23 vah=4266.92 poc=4258.10 vwap=4252.06
2025-10-21T13:50:00+07:00,2025-10-21T14:00:00+07:00,BUY,4325.86,4320.7,4362.14,SL,-5.36,S419 BUY Orochi BREAKOUT@VAH 7R,BREAKOUT@VAH val=4244.23 vah=4266.92 poc=4258.10 vwap=4252.06
2025-10-21T14:05:00+07:00,2025-10-21T14:15:00+07:00,BUY,4325.87,4315.7,4397.14,BE,-0.2,S419 BUY Orochi BREAKOUT@VAH 7R,BREAKOUT@VAH val=4244.23 vah=4266.92 poc=4258.10 vwap=4252.06
2025-10-21T14:20:00+07:00,2025-10-21T14:30:00+07:00,BUY,4323.64,4322.01,4334.89,BE,-0.2,S419 BUY Orochi BREAKOUT@VAH 7R,BREAKOUT@VAH val=4244.23 vah=4266.92 poc=4258.10 vwap=4252.06
2025-10-21T14:35:00+07:00,2025-10-21T15:10:00+07:00,BUY,4330.4,4320.64,4398.64,BE,-0.2,S419 BUY Orochi BREAKOUT@VAH 7R,BREAKOUT@VAH val=4244.23 vah=4266.92 poc=4258.10 vwap=4252.06
2025-10-21T15:15:00+07:00,2025-10-21T15:20:00+07:00,BUY,4332.8,4328.55,4362.47,SL,-4.45,S419 BUY Orochi BREAKOUT@VAH 7R,BREAKOUT@VAH val=4244.23 vah=4266.92 poc=4258.10 vwap=4252.06
2025-10-21T15:25:00+07:00,2025-10-21T15:30:00+07:00,BUY,4324.8,4321.28,4349.36,SL,-3.72,S419 BUY Orochi BREAKOUT@VAH 7R,BREAKOUT@VAH val=4244.23 vah=4266.92 poc=4258.10 vwap=4252.06
2025-10-21T15:35:00+07:00,2025-10-21T15:55:00+07:00,BUY,4297.4,4291.59,4338.87,BE,-0.2,S419 BUY Orochi BREAKOUT@VAH 7R,BREAKOUT@VAH val=4244.23 vah=4266.92 poc=4258.10 vwap=4252.06
2025-10-21T16:00:00+07:00,2025-10-21T16:05:00+07:00,BUY,4278.55,4269.58,4339.02,SL,-9.17,S419 BUY Orochi BREAKOUT@VAH 7R,BREAKOUT@VAH val=4244.23 vah=4266.92 poc=4258.10 vwap=4252.06
2025-10-21T16:40:00+07:00,2025-10-21T16:50:00+07:00,BUY,4272.03,4260.5,4352.9,BE,-0.2,S419 BUY Orochi BREAKOUT@VAH 7R,BREAKOUT@VAH val=4244.23 vah=4266.92 poc=4258.10 vwap=4251.97
2025-10-21T16:55:00+07:00,2025-10-21T17:05:00+07:00,BUY,4273.83,4264.53,4338.69,BE,-0.2,S419 BUY Orochi BREAKOUT@VAH 7R,BREAKOUT@VAH val=4244.23 vah=4266.92 poc=4258.10 vwap=4251.90
2025-10-21T17:25:00+07:00,2025-10-21T17:35:00+07:00,BUY,4270.96,4259.81,4348.77,BE,-0.2,S419 BUY Orochi BREAKOUT@VAH 7R,BREAKOUT@VAH val=4244.23 vah=4266.92 poc=4258.10 vwap=4251.81
2025-10-21T17:45:00+07:00,2025-10-21T17:55:00+07:00,BUY,4269.44,4264.04,4307.32,BE,-0.2,S419 BUY Orochi BREAKOUT@VAH 7R,BREAKOUT@VAH val=4244.23 vah=4266.92 poc=4258.10 vwap=4251.93
2025-10-21T20:00:00+07:00,2025-10-21T20:10:00+07:00,SELL,4254.82,4259.36,4222.8,TP,31.82,S419 SELL Orochi BREAKOUT@VAL 7R,BREAKOUT@VAL val=4307.56 vah=4376.01 poc=4344.63 vwap=4322.73
2025-10-21T20:20:00+07:00,2025-10-21T20:30:00+07:00,SELL,4222.24,4235.57,4129.09,BE,-0.2,S419 SELL Orochi BREAKOUT@VAL 7R,BREAKOUT@VAL val=4307.56 vah=4376.01 poc=4344.63 vwap=4322.73
2025-10-21T20:35:00+07:00,2025-10-21T20:45:00+07:00,SELL,4222.11,4232.82,4146.1,BE,-0.2,S419 SELL Orochi BREAKOUT@VAL 7R,BREAKOUT@VAL val=4307.56 vah=4376.01 poc=4344.63 vwap=4322.73
2025-10-21T20:50:00+07:00,2025-10-21T21:05:00+07:00,SELL,4207.73,4225.08,4086.2,BE,-0.2,S419 SELL Orochi BREAKOUT@VAL 7R,BREAKOUT@VAL val=4307.56 vah=4376.01 poc=4344.63 vwap=4322.73
2025-10-21T21:10:00+07:00,2025-10-21T21:20:00+07:00,SELL,4197.33,4212.38,4091.9,BE,-0.2,S419 SELL Orochi BREAKOUT@VAL 7R,BREAKOUT@VAL val=4307.56 vah=4376.01 poc=4344.63 vwap=4322.73
2025-10-21T21:25:00+07:00,2025-10-21T21:35:00+07:00,SELL,4201.0,4212.59,4120.03,BE,-0.2,S419 SELL Orochi BREAKOUT@VAL 7R,BREAKOUT@VAL val=4307.56 vah=4376.01 poc=4344.63 vwap=4322.73
2025-10-21T21:55:00+07:00,2025-10-21T22:05:00+07:00,SELL,4174.19,4188.66,4072.74,BE,-0.2,S419 SELL Orochi BREAKOUT@VAL 7R,BREAKOUT@VAL val=4307.56 vah=4376.01 poc=4344.63 vwap=4322.73
2025-10-21T22:10:00+07:00,2025-10-21T22:40:00+07:00,SELL,4181.9,4192.68,4106.2,TP,75.5,S419 SELL Orochi BREAKOUT@VAL 7R,BREAKOUT@VAL val=4307.56 vah=4376.01 poc=4344.63 vwap=4322.73
2025-10-21T22:45:00+07:00,2025-10-21T22:55:00+07:00,SELL,4113.32,4128.49,4004.73,BE,-0.2,S419 SELL Orochi BREAKOUT@VAL 7R,BREAKOUT@VAL val=4307.56 vah=4376.01 poc=4344.63 vwap=4322.73
2025-10-21T23:00:00+07:00,2025-10-21T23:10:00+07:00,SELL,4128.94,4146.54,4005.5,BE,-0.2,S419 SELL Orochi BREAKOUT@VAL 7R,BREAKOUT@VAL val=4307.56 vah=4376.01 poc=4344.63 vwap=4322.73
2025-10-21T23:15:00+07:00,2025-10-21T23:40:00+07:00,SELL,4136.0,4155.48,3998.28,BE,-0.2,S419 SELL Orochi BREAKOUT@VAL 7R,BREAKOUT@VAL val=4307.56 vah=4376.01 poc=4344.63 vwap=4322.73
2025-10-21T23:45:00+07:00,2025-10-21T23:55:00+07:00,SELL,4140.3,4151.8,4060.36,BE,-0.2,S419 SELL Orochi BREAKOUT@VAL 7R,BREAKOUT@VAL val=4307.56 vah=4376.01 poc=4344.63 vwap=4322.73
2025-10-22T00:00:00+07:00,2025-10-22T08:00:00+07:00,SELL,4140.03,4149.29,4075.61,TP,64.22,S419 SELL Orochi BREAKOUT@VAL 7R,BREAKOUT@VAL val=4307.56 vah=4376.01 poc=4344.63 vwap=4322.73
2025-10-22T08:15:00+07:00,2025-10-22T08:25:00+07:00,SELL,4053.15,4062.67,3986.91,BE,-0.2,S419 SELL Orochi BREAKOUT@VAL 7R,BREAKOUT@VAL val=4307.56 vah=4376.01 poc=4344.63 vwap=4324.00
2025-10-22T08:30:00+07:00,2025-10-22T08:35:00+07:00,SELL,4071.82,4077.28,4031.84,SL,-5.66,S419 SELL Orochi BREAKOUT@VAL 7R,BREAKOUT@VAL val=4307.56 vah=4376.01 poc=4344.63 vwap=4324.08
2025-10-22T08:40:00+07:00,2025-10-22T08:45:00+07:00,SELL,4075.49,4087.59,3990.55,SL,-12.3,S419 SELL Orochi BREAKOUT@VAL 7R,BREAKOUT@VAL val=4307.56 vah=4376.01 poc=4344.63 vwap=4324.13
2025-10-22T08:50:00+07:00,2025-10-22T09:00:00+07:00,SELL,4079.63,4095.87,3967.55,BE,-0.2,S419 SELL Orochi BREAKOUT@VAL 7R,BREAKOUT@VAL val=4307.56 vah=4376.01 poc=4344.63 vwap=4324.17
2025-10-22T09:05:00+07:00,2025-10-22T09:10:00+07:00,SELL,4111.76,4118.06,4067.74,SL,-6.5,S419 SELL Orochi BREAKOUT@VAL 7R,BREAKOUT@VAL val=4307.56 vah=4376.01 poc=4344.63 vwap=4324.45
2025-10-22T09:15:00+07:00,2025-10-22T09:25:00+07:00,SELL,4108.71,4125.96,3987.88,BE,-0.2,S419 SELL Orochi BREAKOUT@VAL 7R,BREAKOUT@VAL val=4307.56 vah=4376.01 poc=4344.63 vwap=4324.65
2025-10-22T09:30:00+07:00,2025-10-22T09:45:00+07:00,SELL,4103.0,4114.41,4023.05,BE,-0.2,S419 SELL Orochi BREAKOUT@VAL 7R,BREAKOUT@VAL val=4313.26 vah=4376.01 poc=4344.63 vwap=4325.11
2025-10-22T09:50:00+07:00,2025-10-22T10:00:00+07:00,SELL,4091.48,4110.12,3961.08,BE,-0.2,S419 SELL Orochi BREAKOUT@VAL 7R,BREAKOUT@VAL val=4318.96 vah=4376.01 poc=4344.63 vwap=4325.32
2025-10-22T10:05:00+07:00,2025-10-22T10:10:00+07:00,SELL,4109.35,4114.45,4074.61,SL,-5.3,S419 SELL Orochi BREAKOUT@VAL 7R,BREAKOUT@VAL val=4313.26 vah=4376.01 poc=4344.63 vwap=4325.33
2025-10-22T10:15:00+07:00,2025-10-22T10:25:00+07:00,SELL,4111.63,4120.96,4045.04,BE,-0.2,S419 SELL Orochi BREAKOUT@VAL 7R,BREAKOUT@VAL val=4313.26 vah=4376.01 poc=4344.63 vwap=4325.30
2025-10-22T10:30:00+07:00,2025-10-22T10:40:00+07:00,SELL,4108.98,4116.94,4053.18,BE,-0.2,S419 SELL Orochi BREAKOUT@VAL 7R,BREAKOUT@VAL val=4313.26 vah=4381.71 poc=4344.63 vwap=4325.14
2025-10-22T10:45:00+07:00,2025-10-22T10:55:00+07:00,SELL,4115.28,4118.23,4094.31,BE,-0.2,S419 SELL Orochi BREAKOUT@VAL 7R,BREAKOUT@VAL val=4301.85 vah=4381.71 poc=4344.63 vwap=4324.72
2025-10-22T11:00:00+07:00,2025-10-22T11:10:00+07:00,SELL,4108.72,4118.75,4038.67,BE,-0.2,S419 SELL Orochi BREAKOUT@VAL 7R,BREAKOUT@VAL val=4301.85 vah=4381.71 poc=4344.63 vwap=4324.31
2025-10-22T11:15:00+07:00,2025-10-22T11:25:00+07:00,SELL,4112.36,4117.15,4077.87,BE,-0.2,S419 SELL Orochi BREAKOUT@VAL 7R,BREAKOUT@VAL val=4301.85 vah=4381.71 poc=4344.63 vwap=4323.91
2025-10-22T11:30:00+07:00,2025-10-22T11:35:00+07:00,SELL,4129.27,4131.02,4116.94,SL,-1.95,S419 SELL Orochi BREAKOUT@VAL 7R,BREAKOUT@VAL val=4301.85 vah=4381.71 poc=4344.63 vwap=4323.47
2025-10-22T11:40:00+07:00,2025-10-22T11:45:00+07:00,SELL,4139.16,4142.85,4113.01,SL,-3.89,S419 SELL Orochi BREAKOUT@VAL 7R,BREAKOUT@VAL val=4296.15 vah=4381.71 poc=4344.63 vwap=4323.23
2025-10-22T11:50:00+07:00,2025-10-22T13:00:00+07:00,SELL,4134.14,4144.96,4058.24,BE,-0.2,S419 SELL Orochi BREAKOUT@VAL 7R,BREAKOUT@VAL val=4296.15 vah=4381.71 poc=4344.63 vwap=4322.96
2025-10-22T13:05:00+07:00,2025-10-22T13:15:00+07:00,SELL,4139.51,4143.52,4111.6,BE,-0.2,S419 SELL Orochi BREAKOUT@VAL 7R,BREAKOUT@VAL val=4290.44 vah=4381.71 poc=4344.63 vwap=4321.38
2025-10-22T13:20:00+07:00,2025-10-22T13:45:00+07:00,SELL,4143.83,4148.76,4109.24,BE,-0.2,S419 SELL Orochi BREAKOUT@VAL 7R,BREAKOUT@VAL val=4279.03 vah=4381.71 poc=4344.63 vwap=4321.07
2025-10-22T13:50:00+07:00,2025-10-22T14:10:00+07:00,SELL,4137.98,4147.02,4074.38,BE,-0.2,S419 SELL Orochi BREAKOUT@VAL 7R,BREAKOUT@VAL val=4279.03 vah=4381.71 poc=4361.75 vwap=4320.49
2025-10-22T14:15:00+07:00,2025-10-22T14:20:00+07:00,SELL,4138.06,4141.03,4117.51,SL,-3.17,S419 SELL Orochi BREAKOUT@VAL 7R,BREAKOUT@VAL val=4273.33 vah=4381.71 poc=4344.63 vwap=4319.38
2025-10-22T14:25:00+07:00,2025-10-22T14:30:00+07:00,SELL,4142.02,4145.19,4119.75,SL,-3.37,S419 SELL Orochi BREAKOUT@VAL 7R,BREAKOUT@VAL val=4273.33 vah=4381.71 poc=4344.63 vwap=4319.05
2025-10-22T14:35:00+07:00,2025-10-22T14:40:00+07:00,SELL,4149.3,4151.72,4132.76,SL,-2.62,S419 SELL Orochi BREAKOUT@VAL 7R,BREAKOUT@VAL val=4273.33 vah=4381.71 poc=4344.63 vwap=4318.62
2025-10-22T14:45:00+07:00,2025-10-22T15:00:00+07:00,SELL,4156.34,4162.34,4114.02,BE,-0.2,S419 SELL Orochi BREAKOUT@VAL 7R,BREAKOUT@VAL val=4273.33 vah=4381.71 poc=4344.63 vwap=4318.11
2025-10-22T15:10:00+07:00,2025-10-22T15:40:00+07:00,SELL,4137.68,4147.47,4069.23,BE,-0.2,S419 SELL Orochi BREAKOUT@VAL 7R,BREAKOUT@VAL val=4267.63 vah=4381.71 poc=4344.63 vwap=4316.87
2025-10-22T15:45:00+07:00,2025-10-22T16:10:00+07:00,SELL,4142.43,4150.15,4088.47,TP,53.76,S419 SELL Orochi BREAKOUT@VAL 7R,BREAKOUT@VAL val=4244.81 vah=4348.19 poc=4263.85 vwap=4314.11
2025-10-22T16:20:00+07:00,2025-10-22T16:30:00+07:00,SELL,4104.72,4117.4,4014.84,BE,-0.2,S419 SELL Orochi BREAKOUT@VAL 7R,BREAKOUT@VAL val=4244.81 vah=4348.19 poc=4263.85 vwap=4313.00
2025-10-22T16:35:00+07:00,2025-10-22T18:55:00+07:00,SELL,4102.59,4113.54,4025.7,TP,76.69,S419 SELL Orochi BREAKOUT@VAL 7R,BREAKOUT@VAL val=4244.81 vah=4348.19 poc=4263.85 vwap=4312.57
2025-10-22T19:00:00+07:00,2025-10-22T19:15:00+07:00,SELL,4025.24,4041.81,3909.49,BE,-0.2,S419 SELL Orochi BREAKOUT@VAL 7R,BREAKOUT@VAL val=4244.81 vah=4340.42 poc=4263.40 vwap=4306.47
2025-10-22T19:20:00+07:00,2025-10-22T20:00:00+07:00,SELL,4040.02,4047.08,3991.32,BE,-0.2,S419 SELL Orochi BREAKOUT@VAL 7R,BREAKOUT@VAL val=4244.81 vah=4340.42 poc=4263.40 vwap=4305.15
2025-10-22T20:05:00+07:00,2025-10-22T20:30:00+07:00,SELL,4028.63,4048.53,3889.09,SL,-20.1,S419 SELL Orochi BREAKOUT@VAL 7R,BREAKOUT@VAL val=4067.61 vah=4152.02 poc=4115.09 vwap=4121.47
2025-10-22T20:35:00+07:00,2025-10-22T20:45:00+07:00,SELL,4049.83,4053.98,4020.7,BE,-0.2,S419 SELL Orochi BREAKOUT@VAL 7R,BREAKOUT@VAL val=4067.61 vah=4152.02 poc=4115.09 vwap=4121.47
2025-10-22T20:55:00+07:00,2025-10-22T21:00:00+07:00,SELL,4033.87,4044.52,3958.76,SL,-10.85,S419 SELL Orochi BREAKOUT@VAL 7R,BREAKOUT@VAL val=4067.61 vah=4152.02 poc=4115.09 vwap=4121.47
2025-10-22T21:05:00+07:00,2025-10-22T21:15:00+07:00,SELL,4057.69,4070.09,3970.81,BE,-0.2,S419 SELL Orochi BREAKOUT@VAL 7R,BREAKOUT@VAL val=4067.61 vah=4152.02 poc=4115.09 vwap=4121.47
2025-10-22T21:20:00+07:00,2025-10-22T21:35:00+07:00,SELL,4060.38,4071.13,3984.81,BE,-0.2,S419 SELL Orochi BREAKOUT@VAL 7R,BREAKOUT@VAL val=4067.61 vah=4152.02 poc=4115.09 vwap=4121.47
2025-10-22T22:10:00+07:00,2025-10-22T22:20:00+07:00,SELL,4064.65,4078.09,3970.65,BE,-0.2,S419 SELL Orochi BREAKOUT@VAL 7R,BREAKOUT@VAL val=4067.61 vah=4152.02 poc=4115.09 vwap=4121.47
2025-10-22T22:25:00+07:00,2025-10-23T00:30:00+07:00,SELL,4056.23,4070.34,3957.86,BE,-0.2,S419 SELL Orochi BREAKOUT@VAL 7R,BREAKOUT@VAL val=4067.61 vah=4152.02 poc=4115.09 vwap=4121.47
2025-10-23T00:35:00+07:00,2025-10-23T00:45:00+07:00,SELL,4057.58,4065.75,3998.47,BE,-0.2,S419 SELL Orochi BREAKOUT@VAL 7R,BREAKOUT@VAL val=4067.61 vah=4152.02 poc=4115.09 vwap=4121.47
2025-10-23T00:50:00+07:00,2025-10-23T00:55:00+07:00,SELL,4055.64,4061.16,4015.24,SL,-5.72,S419 SELL Orochi BREAKOUT@VAL 7R,BREAKOUT@VAL val=4067.61 vah=4152.02 poc=4115.09 vwap=4121.47
2025-10-23T01:05:00+07:00,2025-10-23T01:15:00+07:00,SELL,4055.04,4061.89,4007.73,BE,-0.2,S419 SELL Orochi BREAKOUT@VAL 7R,BREAKOUT@VAL val=4067.61 vah=4152.02 poc=4115.09 vwap=4121.47
2025-10-23T01:20:00+07:00,2025-10-23T01:30:00+07:00,SELL,4049.67,4061.57,3965.57,BE,-0.2,S419 SELL Orochi BREAKOUT@VAL 7R,BREAKOUT@VAL val=4067.61 vah=4152.02 poc=4115.09 vwap=4121.47
2025-10-23T01:35:00+07:00,2025-10-23T01:45:00+07:00,SELL,4057.21,4061.64,4026.52,BE,-0.2,S419 SELL Orochi BREAKOUT@VAL 7R,BREAKOUT@VAL val=4067.61 vah=4152.02 poc=4115.09 vwap=4121.47
2025-10-23T01:50:00+07:00,2025-10-23T02:00:00+07:00,SELL,4064.72,4071.8,4015.24,BE,-0.2,S419 SELL Orochi BREAKOUT@VAL 7R,BREAKOUT@VAL val=4067.61 vah=4152.02 poc=4115.09 vwap=4121.47
2025-10-23T08:25:00+07:00,2025-10-23T08:30:00+07:00,SELL,4076.17,4084.02,4021.06,SL,-8.05,S419 SELL Orochi BREAKOUT@VAL 7R,BREAKOUT@VAL val=4078.01 vah=4151.73 poc=4110.26 vwap=4115.46
2025-10-23T09:05:00+07:00,2025-10-23T09:20:00+07:00,SELL,4073.33,4084.09,3998.09,SL,-10.96,S419 SELL Orochi BREAKOUT@VAL 7R,BREAKOUT@VAL val=4077.94 vah=4151.59 poc=4110.16 vwap=4110.98
2025-10-23T09:30:00+07:00,2025-10-23T09:40:00+07:00,SELL,4087.98,4095.03,4038.95,BE,-0.2,S419 SELL Orochi BREAKOUT@VAL 7R,BREAKOUT@VAL val=4088.73 vah=4150.13 poc=4115.59 vwap=4108.05
2025-10-23T09:45:00+07:00,2025-10-23T10:25:00+07:00,SELL,4080.46,4093.46,3991.38,BE,-0.2,S419 SELL Orochi BREAKOUT@VAL 7R,BREAKOUT@VAL val=4093.63 vah=4148.60 poc=4110.80 vwap=4106.58
2025-10-23T10:30:00+07:00,2025-10-23T10:45:00+07:00,SELL,4081.78,4086.58,4046.42,BE,-0.2,S419 SELL Orochi BREAKOUT@VAL 7R,BREAKOUT@VAL val=4089.36 vah=4148.24 poc=4112.26 vwap=4104.99
2025-10-23T10:50:00+07:00,2025-10-23T11:05:00+07:00,SELL,4081.05,4085.97,4046.93,BE,-0.2,S419 SELL Orochi BREAKOUT@VAL 7R,BREAKOUT@VAL val=4089.36 vah=4148.24 poc=4112.26 vwap=4104.05
2025-10-23T11:10:00+07:00,2025-10-23T11:15:00+07:00,SELL,4088.63,4089.76,4080.0,SL,-1.33,S419 SELL Orochi BREAKOUT@VAL 7R,BREAKOUT@VAL val=4089.36 vah=4148.24 poc=4112.26 vwap=4103.42
2025-10-23T20:50:00+07:00,2025-10-24T00:40:00+07:00,BUY,4127.86,4117.23,4202.03,BE,-0.2,S419 BUY Orochi BREAKOUT@VAH 7R,BREAKOUT@VAH val=4053.51 vah=4122.01 poc=4114.11 vwap=4079.64
2025-10-24T00:45:00+07:00,2025-10-24T01:05:00+07:00,BUY,4129.43,4124.18,4165.7,BE,-0.2,S419 BUY Orochi BREAKOUT@VAH 7R,BREAKOUT@VAH val=4053.51 vah=4122.01 poc=4114.11 vwap=4079.64
2025-10-24T01:15:00+07:00,2025-10-24T01:20:00+07:00,BUY,4135.13,4132.69,4153.01,SL,-2.64,S419 BUY Orochi BREAKOUT@VAH 7R,BREAKOUT@VAH val=4053.51 vah=4122.01 poc=4114.11 vwap=4079.64
2025-10-24T01:25:00+07:00,2025-10-24T03:20:00+07:00,BUY,4129.55,4123.56,4171.64,BE,-0.2,S419 BUY Orochi BREAKOUT@VAH 7R,BREAKOUT@VAH val=4053.51 vah=4122.01 poc=4114.11 vwap=4079.64
2025-10-24T03:25:00+07:00,2025-10-24T03:35:00+07:00,BUY,4128.43,4124.83,4153.79,SL,-3.8,S419 BUY Orochi BREAKOUT@VAH 7R,BREAKOUT@VAH val=4053.51 vah=4122.01 poc=4114.11 vwap=4079.64
2025-10-24T06:05:00+07:00,2025-10-24T06:15:00+07:00,BUY,4124.77,4119.43,4162.07,BE,-0.2,S419 BUY Orochi BREAKOUT@VAH 7R,BREAKOUT@VAH val=4053.51 vah=4122.01 poc=4114.11 vwap=4079.64
2025-10-24T08:10:00+07:00,2025-10-24T08:20:00+07:00,BUY,4128.46,4121.19,4179.91,BE,-0.2,S419 BUY Orochi BREAKOUT@VAH 7R,BREAKOUT@VAH val=4058.78 vah=4122.01 poc=4114.11 vwap=4081.43
2025-10-24T08:30:00+07:00,2025-10-24T08:40:00+07:00,BUY,4128.1,4125.55,4145.79,BE,-0.2,S419 BUY Orochi BREAKOUT@VAH 7R,BREAKOUT@VAH val=4058.78 vah=4122.01 poc=4114.11 vwap=4082.40
2025-10-24T08:45:00+07:00,2025-10-24T09:00:00+07:00,BUY,4127.95,4125.5,4144.54,BE,-0.2,S419 BUY Orochi BREAKOUT@VAH 7R,BREAKOUT@VAH val=4064.05 vah=4127.28 poc=4114.11 vwap=4082.78
2025-10-24T09:15:00+07:00,2025-10-24T09:20:00+07:00,BUY,4139.01,4135.77,4161.45,SL,-3.44,S419 BUY Orochi BREAKOUT@VAH 7R,BREAKOUT@VAH val=4069.32 vah=4127.28 poc=4114.11 vwap=4083.47
2025-10-24T09:25:00+07:00,2025-10-24T09:35:00+07:00,BUY,4136.68,4130.07,4183.03,BE,-0.2,S419 BUY Orochi BREAKOUT@VAH 7R,BREAKOUT@VAH val=4069.32 vah=4127.28 poc=4114.11 vwap=4083.56
2025-10-24T11:55:00+07:00,2025-10-24T12:00:00+07:00,BUY,4122.28,4118.33,4150.09,SL,-4.15,S419 BUY Orochi BREAKOUT@VAH 7R,BREAKOUT@VAH val=4075.31 vah=4121.15 poc=4114.90 vwap=4093.76
2025-10-24T15:45:00+07:00,2025-10-24T20:30:00+07:00,SELL,4083.97,4092.58,4024.02,BE,-0.2,S419 SELL Orochi BREAKOUT@VAL 7R,BREAKOUT@VAL val=4087.13 vah=4125.89 poc=4115.46 vwap=4100.49
2025-10-24T20:40:00+07:00,2025-10-24T20:50:00+07:00,SELL,4083.23,4093.25,4013.17,BE,-0.2,S419 SELL Orochi BREAKOUT@VAL 7R,BREAKOUT@VAL val=4104.27 vah=4154.75 poc=4138.69 vwap=4112.37
2025-10-24T20:55:00+07:00,2025-10-24T21:00:00+07:00,SELL,4082.12,4085.64,4057.0,SL,-3.72,S419 SELL Orochi BREAKOUT@VAL 7R,BREAKOUT@VAL val=4104.27 vah=4154.75 poc=4138.69 vwap=4112.37
2025-10-25T04:00:00+07:00,2025-10-25T04:15:00+07:00,SELL,4101.53,4108.44,4053.08,BE,-0.2,S419 SELL Orochi BREAKOUT@VAL 7R,BREAKOUT@VAL val=4104.27 vah=4154.75 poc=4138.69 vwap=4112.37
2025-10-25T04:20:00+07:00,2025-10-25T04:30:00+07:00,SELL,4099.9,4103.28,4077.52,BE,-0.2,S419 SELL Orochi BREAKOUT@VAL 7R,BREAKOUT@VAL val=4104.27 vah=4154.75 poc=4138.69 vwap=4112.37
2025-10-27T20:10:00+07:00,2025-10-27T20:20:00+07:00,SELL,4039.65,4048.87,3975.27,BE,-0.2,S419 SELL Orochi BREAKOUT@VAL 7R,BREAKOUT@VAL val=4042.81 vah=4109.27 poc=4079.95 vwap=4062.89
2025-10-27T20:30:00+07:00,2025-10-27T20:40:00+07:00,SELL,4032.36,4041.82,3966.54,BE,-0.2,S419 SELL Orochi BREAKOUT@VAL 7R,BREAKOUT@VAL val=4042.81 vah=4109.27 poc=4079.95 vwap=4062.89
2025-10-27T20:50:00+07:00,2025-10-27T21:00:00+07:00,SELL,4018.42,4029.44,3937.36,BE,-0.2,S419 SELL Orochi BREAKOUT@VAL 7R,BREAKOUT@VAL val=4042.81 vah=4109.27 poc=4079.95 vwap=4062.89
2025-10-27T21:10:00+07:00,2025-10-28T00:25:00+07:00,SELL,4004.67,4020.57,3893.45,BE,-0.2,S419 SELL Orochi BREAKOUT@VAL 7R,BREAKOUT@VAL val=4042.81 vah=4109.27 poc=4079.95 vwap=4062.89
2025-10-28T00:30:00+07:00,2025-10-28T00:45:00+07:00,SELL,4004.07,4008.36,3974.36,BE,-0.2,S419 SELL Orochi BREAKOUT@VAL 7R,BREAKOUT@VAL val=4042.81 vah=4109.27 poc=4079.95 vwap=4062.89
2025-10-28T00:50:00+07:00,2025-10-28T01:00:00+07:00,SELL,4006.3,4009.15,3986.19,BE,-0.2,S419 SELL Orochi BREAKOUT@VAL 7R,BREAKOUT@VAL val=4042.81 vah=4109.27 poc=4079.95 vwap=4062.89
2025-10-28T01:05:00+07:00,2025-10-28T01:15:00+07:00,SELL,4008.74,4011.51,3989.51,BE,-0.2,S419 SELL Orochi BREAKOUT@VAL 7R,BREAKOUT@VAL val=4042.81 vah=4109.27 poc=4079.95 vwap=4062.89
2025-10-28T01:20:00+07:00,2025-10-28T01:35:00+07:00,SELL,4006.32,4011.32,3970.68,BE,-0.2,S419 SELL Orochi BREAKOUT@VAL 7R,BREAKOUT@VAL val=4042.81 vah=4109.27 poc=4079.95 vwap=4062.89
2025-10-28T01:40:00+07:00,2025-10-28T01:50:00+07:00,SELL,4003.53,4007.9,3972.46,BE,-0.2,S419 SELL Orochi BREAKOUT@VAL 7R,BREAKOUT@VAL val=4042.81 vah=4109.27 poc=4079.95 vwap=4062.89
2025-10-28T02:00:00+07:00,2025-10-28T02:15:00+07:00,SELL,4002.86,4008.53,3963.41,BE,-0.2,S419 SELL Orochi BREAKOUT@VAL 7R,BREAKOUT@VAL val=4042.81 vah=4109.27 poc=4079.95 vwap=4062.89
2025-10-28T02:20:00+07:00,2025-10-28T03:20:00+07:00,SELL,3998.02,4004.15,3954.39,BE,-0.2,S419 SELL Orochi BREAKOUT@VAL 7R,BREAKOUT@VAL val=4042.81 vah=4109.27 poc=4079.95 vwap=4062.89
2025-10-28T03:25:00+07:00,2025-10-28T03:40:00+07:00,SELL,3999.81,4001.21,3990.17,TP,9.44,S419 SELL Orochi BREAKOUT@VAL 7R,BREAKOUT@VAL val=4042.81 vah=4109.27 poc=4079.95 vwap=4062.89
2025-10-28T03:45:00+07:00,2025-10-28T05:05:00+07:00,SELL,3985.82,3993.3,3933.54,BE,-0.2,S419 SELL Orochi BREAKOUT@VAL 7R,BREAKOUT@VAL val=4042.81 vah=4109.27 poc=4079.95 vwap=4062.89
2025-10-28T05:15:00+07:00,2025-10-28T05:20:00+07:00,SELL,3989.47,3992.25,3970.41,SL,-2.98,S419 SELL Orochi BREAKOUT@VAL 7R,BREAKOUT@VAL val=4042.81 vah=4109.27 poc=4079.95 vwap=4062.89
2025-10-28T05:25:00+07:00,2025-10-28T05:35:00+07:00,SELL,3992.22,3995.81,3967.01,BE,-0.2,S419 SELL Orochi BREAKOUT@VAL 7R,BREAKOUT@VAL val=4042.81 vah=4109.27 poc=4079.95 vwap=4062.89
2025-10-28T05:40:00+07:00,2025-10-28T06:15:00+07:00,SELL,3992.31,3995.6,3969.44,BE,-0.2,S419 SELL Orochi BREAKOUT@VAL 7R,BREAKOUT@VAL val=4042.81 vah=4109.27 poc=4079.95 vwap=4062.89
2025-10-28T06:20:00+07:00,2025-10-28T06:30:00+07:00,SELL,3994.48,3996.4,3980.96,BE,-0.2,S419 SELL Orochi BREAKOUT@VAL 7R,BREAKOUT@VAL val=4042.81 vah=4109.27 poc=4079.95 vwap=4062.89
2025-10-28T06:35:00+07:00,2025-10-28T07:05:00+07:00,SELL,4004.24,4005.65,3993.81,TP,10.23,S419 SELL Orochi BREAKOUT@VAL 7R,BREAKOUT@VAL val=4042.81 vah=4109.27 poc=4079.95 vwap=4062.89
2025-10-28T07:20:00+07:00,2025-10-28T07:30:00+07:00,SELL,3983.19,3990.13,3934.77,BE,-0.2,S419 SELL Orochi BREAKOUT@VAL 7R,BREAKOUT@VAL val=4042.81 vah=4109.27 poc=4079.95 vwap=4062.89
2025-10-28T07:35:00+07:00,2025-10-28T07:40:00+07:00,SELL,3992.79,4000.05,3942.29,SL,-7.46,S419 SELL Orochi BREAKOUT@VAL 7R,BREAKOUT@VAL val=4042.81 vah=4109.27 poc=4079.95 vwap=4062.89
2025-10-28T07:45:00+07:00,2025-10-28T07:50:00+07:00,SELL,4001.52,4004.26,3983.7,SL,-2.94,S419 SELL Orochi BREAKOUT@VAL 7R,BREAKOUT@VAL val=4042.81 vah=4109.27 poc=4079.95 vwap=4062.89
2025-10-28T07:55:00+07:00,2025-10-28T08:00:00+07:00,SELL,4006.84,4011.27,3975.59,SL,-4.63,S419 SELL Orochi BREAKOUT@VAL 7R,BREAKOUT@VAL val=4042.81 vah=4109.27 poc=4079.95 vwap=4062.89
2025-10-28T08:05:00+07:00,2025-10-28T08:15:00+07:00,SELL,4017.81,4021.15,3994.83,BE,-0.2,S419 SELL Orochi BREAKOUT@VAL 7R,BREAKOUT@VAL val=4042.81 vah=4109.27 poc=4079.95 vwap=4062.89
2025-10-28T08:20:00+07:00,2025-10-28T08:45:00+07:00,SELL,4014.79,4021.51,3967.51,BE,-0.2,S419 SELL Orochi BREAKOUT@VAL 7R,BREAKOUT@VAL val=4042.81 vah=4109.27 poc=4079.95 vwap=4062.89
2025-10-28T08:50:00+07:00,2025-10-28T09:00:00+07:00,SELL,4012.98,4017.0,3983.4,BE,-0.2,S419 SELL Orochi BREAKOUT@VAL 7R,BREAKOUT@VAL val=4042.81 vah=4109.27 poc=4079.95 vwap=4062.89
2025-10-28T09:05:00+07:00,2025-10-28T11:25:00+07:00,SELL,4009.64,4015.24,3971.0,TP,38.44,S419 SELL Orochi BREAKOUT@VAL 7R,BREAKOUT@VAL val=4042.81 vah=4109.27 poc=4079.95 vwap=4062.89
2025-10-28T11:30:00+07:00,2025-10-28T11:40:00+07:00,SELL,3971.79,3976.19,3940.91,BE,-0.2,S419 SELL Orochi BREAKOUT@VAL 7R,BREAKOUT@VAL val=4042.81 vah=4109.27 poc=4079.95 vwap=4062.89
2025-10-28T11:45:00+07:00,2025-10-28T11:55:00+07:00,SELL,3974.95,3981.94,3925.86,BE,-0.2,S419 SELL Orochi BREAKOUT@VAL 7R,BREAKOUT@VAL val=4042.81 vah=4109.27 poc=4079.95 vwap=4062.89
2025-10-28T12:00:00+07:00,2025-10-28T12:10:00+07:00,SELL,3973.33,3979.17,3932.53,BE,-0.2,S419 SELL Orochi BREAKOUT@VAL 7R,BREAKOUT@VAL val=4042.81 vah=4109.27 poc=4079.95 vwap=4062.89
2025-10-28T12:15:00+07:00,2025-10-28T12:25:00+07:00,SELL,3971.66,3981.84,3900.32,BE,-0.2,S419 SELL Orochi BREAKOUT@VAL 7R,BREAKOUT@VAL val=4042.81 vah=4109.27 poc=4079.95 vwap=4062.89
2025-10-28T12:40:00+07:00,2025-10-28T12:50:00+07:00,SELL,3960.53,3966.93,3915.65,SL,-6.6,S419 SELL Orochi BREAKOUT@VAL 7R,BREAKOUT@VAL val=4042.81 vah=4109.27 poc=4079.95 vwap=4062.89
2025-10-28T12:55:00+07:00,2025-10-28T13:40:00+07:00,SELL,3966.32,3969.64,3945.24,TP,20.88,S419 SELL Orochi BREAKOUT@VAL 7R,BREAKOUT@VAL val=4042.81 vah=4109.27 poc=4079.95 vwap=4062.89
2025-10-28T13:45:00+07:00,2025-10-28T14:10:00+07:00,SELL,3946.57,3949.7,3925.06,BE,-0.2,S419 SELL Orochi BREAKOUT@VAL 7R,BREAKOUT@VAL val=4042.81 vah=4109.27 poc=4079.95 vwap=4062.89
2025-10-28T14:25:00+07:00,2025-10-28T14:35:00+07:00,SELL,3931.22,3939.54,3871.54,BE,-0.2,S419 SELL Orochi BREAKOUT@VAL 7R,BREAKOUT@VAL val=4042.81 vah=4109.27 poc=4079.95 vwap=4062.89
2025-10-28T14:40:00+07:00,2025-10-28T14:45:00+07:00,SELL,3930.97,3935.73,3897.49,SL,-4.96,S419 SELL Orochi BREAKOUT@VAL 7R,BREAKOUT@VAL val=4042.81 vah=4109.27 poc=4079.95 vwap=4062.89
2025-10-28T14:50:00+07:00,2025-10-28T15:00:00+07:00,SELL,3934.46,3937.92,3910.72,BE,-0.2,S419 SELL Orochi BREAKOUT@VAL 7R,BREAKOUT@VAL val=4042.81 vah=4109.27 poc=4079.95 vwap=4062.89
2025-10-28T15:05:00+07:00,2025-10-28T17:50:00+07:00,SELL,3925.89,3937.59,3845.19,BE,-0.2,S419 SELL Orochi BREAKOUT@VAL 7R,BREAKOUT@VAL val=4042.81 vah=4109.27 poc=4079.95 vwap=4062.89
2025-10-28T17:55:00+07:00,2025-10-28T18:30:00+07:00,SELL,3926.54,3932.69,3883.01,BE,-0.2,S419 SELL Orochi BREAKOUT@VAL 7R,BREAKOUT@VAL val=4039.39 vah=4097.57 poc=4078.75 vwap=4059.97
2025-10-28T18:35:00+07:00,2025-10-28T18:40:00+07:00,SELL,3922.0,3928.62,3875.74,SL,-6.82,S419 SELL Orochi BREAKOUT@VAL 7R,BREAKOUT@VAL val=4039.39 vah=4097.57 poc=4082.17 vwap=4058.51
2025-10-28T18:45:00+07:00,2025-10-28T18:55:00+07:00,SELL,3928.17,3931.02,3907.82,BE,-0.2,S419 SELL Orochi BREAKOUT@VAL 7R,BREAKOUT@VAL val=4039.39 vah=4094.15 poc=4082.17 vwap=4057.94
2025-10-28T19:00:00+07:00,2025-10-28T19:10:00+07:00,SELL,3925.89,3930.42,3894.1,BE,-0.2,S419 SELL Orochi BREAKOUT@VAL 7R,BREAKOUT@VAL val=4040.47 vah=4090.52 poc=4079.57 vwap=4057.03
2025-10-28T19:15:00+07:00,2025-10-28T19:40:00+07:00,SELL,3929.01,3931.03,3915.75,TP,13.06,S419 SELL Orochi BREAKOUT@VAL 7R,BREAKOUT@VAL val=4039.13 vah=4086.50 poc=4079.10 vwap=4056.31
2025-10-28T19:50:00+07:00,2025-10-28T20:00:00+07:00,SELL,3909.96,3917.75,3855.51,BE,-0.2,S419 SELL Orochi BREAKOUT@VAL 7R,BREAKOUT@VAL val=4015.44 vah=4073.22 poc=4040.00 vwap=4055.17
2025-10-28T20:10:00+07:00,2025-10-28T20:15:00+07:00,SELL,3922.89,3930.5,3869.54,SL,-7.81,S419 SELL Orochi BREAKOUT@VAL 7R,BREAKOUT@VAL val=3927.54 vah=4023.05 poc=3992.35 vwap=3971.75
2025-10-28T20:35:00+07:00,2025-10-28T20:45:00+07:00,SELL,3924.84,3935.0,3853.64,BE,-0.2,S419 SELL Orochi BREAKOUT@VAL 7R,BREAKOUT@VAL val=3927.54 vah=4023.05 poc=3992.35 vwap=3971.75
2025-10-29T15:10:00+07:00,2025-10-29T15:15:00+07:00,BUY,4007.29,4004.22,4028.86,SL,-3.27,S419 BUY Orochi BREAKOUT@VAH 7R,BREAKOUT@VAH val=3892.15 vah=3986.40 poc=3922.64 vwap=3952.27
2025-10-29T15:20:00+07:00,2025-10-29T15:30:00+07:00,BUY,4009.96,4002.22,4064.06,BE,-0.2,S419 BUY Orochi BREAKOUT@VAH 7R,BREAKOUT@VAH val=3892.15 vah=3986.40 poc=3922.64 vwap=3951.98
2025-10-29T15:35:00+07:00,2025-10-29T16:00:00+07:00,BUY,4007.61,4005.97,4019.33,TP,11.52,S419 BUY Orochi BREAKOUT@VAH 7R,BREAKOUT@VAH val=3892.15 vah=3986.40 poc=3922.64 vwap=3951.66
2025-10-29T16:05:00+07:00,2025-10-29T16:15:00+07:00,BUY,4020.18,4014.73,4056.33,SL,-5.65,S419 BUY Orochi BREAKOUT@VAH 7R,BREAKOUT@VAH val=3892.15 vah=3986.40 poc=3922.64 vwap=3951.11
2025-10-29T16:20:00+07:00,2025-10-29T16:30:00+07:00,BUY,4018.22,4012.36,4059.8,BE,-0.2,S419 BUY Orochi BREAKOUT@VAH 7R,BREAKOUT@VAH val=3892.15 vah=3986.40 poc=3922.64 vwap=3950.88
2025-10-29T16:35:00+07:00,2025-10-29T17:05:00+07:00,BUY,4017.43,4014.57,4037.69,BE,-0.2,S419 BUY Orochi BREAKOUT@VAH 7R,BREAKOUT@VAH val=3892.15 vah=3980.85 poc=3922.64 vwap=3950.54
2025-10-29T17:10:00+07:00,2025-10-29T17:35:00+07:00,BUY,4022.19,4015.91,4065.59,BE,-0.2,S419 BUY Orochi BREAKOUT@VAH 7R,BREAKOUT@VAH val=3892.15 vah=3980.85 poc=3922.64 vwap=3949.38
2025-10-29T17:40:00+07:00,2025-10-29T17:50:00+07:00,BUY,4026.12,4019.81,4070.21,BE,-0.2,S419 BUY Orochi BREAKOUT@VAH 7R,BREAKOUT@VAH val=3892.15 vah=3975.31 poc=3922.64 vwap=3948.20
2025-10-29T17:55:00+07:00,2025-10-29T18:10:00+07:00,BUY,4023.42,4021.43,4037.27,BE,-0.2,S419 BUY Orochi BREAKOUT@VAH 7R,BREAKOUT@VAH val=3892.15 vah=3975.31 poc=3922.64 vwap=3947.49
2025-10-29T18:15:00+07:00,2025-10-29T18:25:00+07:00,BUY,4019.53,4017.74,4034.46,BE,-0.2,S419 BUY Orochi BREAKOUT@VAH 7R,BREAKOUT@VAH val=3892.15 vah=3975.31 poc=3922.64 vwap=3946.35
2025-10-29T18:30:00+07:00,2025-10-29T18:40:00+07:00,BUY,4017.11,4013.71,4041.07,BE,-0.2,S419 BUY Orochi BREAKOUT@VAH 7R,BREAKOUT@VAH val=3892.15 vah=3969.77 poc=3922.64 vwap=3944.78
2025-10-29T18:45:00+07:00,2025-10-29T18:55:00+07:00,BUY,4014.63,4012.31,4031.67,BE,-0.2,S419 BUY Orochi BREAKOUT@VAH 7R,BREAKOUT@VAH val=3897.54 vah=3974.04 poc=3922.13 vwap=3943.15
2025-10-29T19:00:00+07:00,2025-10-29T19:10:00+07:00,BUY,4017.52,4012.53,4051.65,BE,-0.2,S419 BUY Orochi BREAKOUT@VAH 7R,BREAKOUT@VAH val=3897.35 vah=3972.49 poc=3926.87 vwap=3941.50
2025-10-29T19:15:00+07:00,2025-10-29T19:35:00+07:00,BUY,4024.39,4015.65,4084.29,BE,-0.2,S419 BUY Orochi BREAKOUT@VAH 7R,BREAKOUT@VAH val=3897.25 vah=3966.43 poc=3921.20 vwap=3940.18
2025-10-29T19:40:00+07:00,2025-10-29T19:55:00+07:00,BUY,4026.12,4020.61,4064.13,BE,-0.2,S419 BUY Orochi BREAKOUT@VAH 7R,BREAKOUT@VAH val=3896.46 vah=3960.52 poc=3928.49 vwap=3937.79
2025-10-29T20:00:00+07:00,2025-10-29T20:10:00+07:00,BUY,4015.11,4013.54,4026.58,BE,-0.2,S419 BUY Orochi BREAKOUT@VAH 7R,BREAKOUT@VAH val=3922.14 vah=3981.01 poc=3958.93 vwap=3972.59
2025-10-29T20:15:00+07:00,2025-10-29T20:25:00+07:00,BUY,4016.96,4008.79,4074.23,BE,-0.2,S419 BUY Orochi BREAKOUT@VAH 7R,BREAKOUT@VAH val=3922.14 vah=3981.01 poc=3958.93 vwap=3972.59
2025-10-29T20:30:00+07:00,2025-10-29T20:35:00+07:00,BUY,4010.46,4007.87,4029.31,SL,-2.79,S419 BUY Orochi BREAKOUT@VAH 7R,BREAKOUT@VAH val=3922.14 vah=3981.01 poc=3958.93 vwap=3972.59
2025-10-29T20:40:00+07:00,2025-10-29T20:50:00+07:00,BUY,4006.94,4001.05,4050.57,BE,-0.2,S419 BUY Orochi BREAKOUT@VAH 7R,BREAKOUT@VAH val=3922.14 vah=3981.01 poc=3958.93 vwap=3972.59
2025-10-29T20:55:00+07:00,2025-10-29T21:35:00+07:00,BUY,4012.37,4002.38,4082.38,BE,-0.2,S419 BUY Orochi BREAKOUT@VAH 7R,BREAKOUT@VAH val=3922.14 vah=3981.01 poc=3958.93 vwap=3972.59
2025-10-29T21:40:00+07:00,2025-10-29T21:45:00+07:00,BUY,4010.21,4007.71,4027.87,SL,-2.7,S419 BUY Orochi BREAKOUT@VAH 7R,BREAKOUT@VAH val=3922.14 vah=3981.01 poc=3958.93 vwap=3972.59
2025-10-29T21:50:00+07:00,2025-10-29T22:00:00+07:00,BUY,4012.49,4006.25,4056.25,SL,-6.44,S419 BUY Orochi BREAKOUT@VAH 7R,BREAKOUT@VAH val=3922.14 vah=3981.01 poc=3958.93 vwap=3972.59
2025-10-29T22:05:00+07:00,2025-10-29T22:15:00+07:00,BUY,4010.3,4003.37,4058.65,BE,-0.2,S419 BUY Orochi BREAKOUT@VAH 7R,BREAKOUT@VAH val=3922.14 vah=3981.01 poc=3958.93 vwap=3972.59
2025-10-29T22:20:00+07:00,2025-10-29T22:25:00+07:00,BUY,4007.39,4003.72,4032.92,SL,-3.87,S419 BUY Orochi BREAKOUT@VAH 7R,BREAKOUT@VAH val=3922.14 vah=3981.01 poc=3958.93 vwap=3972.59
2025-10-29T22:30:00+07:00,2025-10-29T22:40:00+07:00,BUY,4005.69,4000.72,4041.04,BE,-0.2,S419 BUY Orochi BREAKOUT@VAH 7R,BREAKOUT@VAH val=3922.14 vah=3981.01 poc=3958.93 vwap=3972.59
2025-10-29T22:45:00+07:00,2025-10-29T22:50:00+07:00,BUY,3997.51,3994.87,4015.91,SL,-2.84,S419 BUY Orochi BREAKOUT@VAH 7R,BREAKOUT@VAH val=3922.14 vah=3981.01 poc=3958.93 vwap=3972.59
2025-10-29T22:55:00+07:00,2025-10-29T23:05:00+07:00,BUY,3993.08,3988.18,4027.14,BE,-0.2,S419 BUY Orochi BREAKOUT@VAH 7R,BREAKOUT@VAH val=3922.14 vah=3981.01 poc=3958.93 vwap=3972.59
2025-10-29T23:10:00+07:00,2025-10-29T23:25:00+07:00,BUY,3997.25,3990.11,4047.39,BE,-0.2,S419 BUY Orochi BREAKOUT@VAH 7R,BREAKOUT@VAH val=3922.14 vah=3981.01 poc=3958.93 vwap=3972.59
2025-10-29T23:30:00+07:00,2025-10-29T23:35:00+07:00,BUY,3998.21,3995.14,4021.54,SL,-3.27,S419 BUY Orochi BREAKOUT@VAH 7R,BREAKOUT@VAH val=3922.14 vah=3981.01 poc=3958.93 vwap=3972.59
2025-10-29T23:40:00+07:00,2025-10-29T23:50:00+07:00,BUY,3995.05,3991.98,4016.7,BE,-0.2,S419 BUY Orochi BREAKOUT@VAH 7R,BREAKOUT@VAH val=3922.14 vah=3981.01 poc=3958.93 vwap=3972.59
2025-10-29T23:55:00+07:00,2025-10-30T00:05:00+07:00,BUY,3992.57,3990.93,4006.21,BE,-0.2,S419 BUY Orochi BREAKOUT@VAH 7R,BREAKOUT@VAH val=3922.14 vah=3981.01 poc=3958.93 vwap=3972.59
2025-10-30T00:15:00+07:00,2025-10-30T00:20:00+07:00,BUY,3993.84,3992.67,4002.27,SL,-1.37,S419 BUY Orochi BREAKOUT@VAH 7R,BREAKOUT@VAH val=3922.14 vah=3981.01 poc=3958.93 vwap=3972.59
2025-10-30T00:25:00+07:00,2025-10-30T01:00:00+07:00,BUY,3986.93,3984.89,4001.05,BE,-0.2,S419 BUY Orochi BREAKOUT@VAH 7R,BREAKOUT@VAH val=3922.14 vah=3981.01 poc=3958.93 vwap=3972.59
2025-10-30T01:10:00+07:00,2025-10-30T01:20:00+07:00,BUY,3983.21,3980.82,3998.9,BE,-0.2,S419 BUY Orochi BREAKOUT@VAH 7R,BREAKOUT@VAH val=3922.14 vah=3981.01 poc=3958.93 vwap=3972.59
2025-10-30T01:30:00+07:00,2025-10-30T01:35:00+07:00,BUY,3985.34,3975.22,4055.62,SL,-10.32,S419 BUY Orochi BREAKOUT@VAH 7R,BREAKOUT@VAH val=3922.14 vah=3981.01 poc=3958.93 vwap=3972.59
2025-10-30T09:10:00+07:00,2025-10-30T09:20:00+07:00,SELL,3936.59,3944.97,3878.57,BE,-0.2,S419 SELL Orochi BREAKOUT@VAL 7R,BREAKOUT@VAL val=3937.21 vah=3997.56 poc=3958.10 vwap=3978.16
2025-10-30T09:25:00+07:00,2025-10-30T09:35:00+07:00,SELL,3934.01,3940.55,3887.99,BE,-0.2,S419 SELL Orochi BREAKOUT@VAL 7R,BREAKOUT@VAL val=3937.21 vah=3997.56 poc=3958.10 vwap=3978.64
2025-10-30T09:50:00+07:00,2025-10-30T10:10:00+07:00,SELL,3928.79,3940.3,3848.54,BE,-0.2,S419 SELL Orochi BREAKOUT@VAL 7R,BREAKOUT@VAL val=3937.21 vah=3997.56 poc=3958.10 vwap=3979.36
2025-10-30T10:15:00+07:00,2025-10-30T10:25:00+07:00,SELL,3930.63,3932.38,3917.9,BE,-0.2,S419 SELL Orochi BREAKOUT@VAL 7R,BREAKOUT@VAL val=3937.21 vah=4002.20 poc=3958.10 vwap=3979.80
2025-10-30T10:30:00+07:00,2025-10-30T10:50:00+07:00,SELL,3935.32,3938.59,3911.63,BE,-0.2,S419 SELL Orochi BREAKOUT@VAL 7R,BREAKOUT@VAL val=3937.21 vah=4002.20 poc=3958.10 vwap=3980.11
2025-10-30T14:50:00+07:00,2025-10-30T15:00:00+07:00,SELL,3958.85,3963.65,3925.09,BE,-0.2,S419 SELL Orochi BREAKOUT@VAL 7R,BREAKOUT@VAL val=3960.42 vah=4030.06 poc=4027.74 vwap=3986.55
2025-10-30T21:00:00+07:00,2025-10-30T21:20:00+07:00,BUY,3997.9,3985.26,4086.3,BE,-0.2,S419 BUY Orochi BREAKOUT@VAH 7R,BREAKOUT@VAH val=3929.27 vah=3993.48 poc=3972.84 vwap=3972.31
2025-10-30T21:25:00+07:00,2025-10-30T21:30:00+07:00,BUY,3998.21,3993.36,4031.76,SL,-5.05,S419 BUY Orochi BREAKOUT@VAH 7R,BREAKOUT@VAH val=3929.27 vah=3993.48 poc=3972.84 vwap=3972.31
2025-10-30T21:50:00+07:00,2025-10-30T22:00:00+07:00,BUY,3996.45,3987.04,4062.16,BE,-0.2,S419 BUY Orochi BREAKOUT@VAH 7R,BREAKOUT@VAH val=3929.27 vah=3993.48 poc=3972.84 vwap=3972.31
2025-10-30T22:05:00+07:00,2025-10-30T22:25:00+07:00,BUY,3996.18,3986.02,4068.26,BE,-0.2,S419 BUY Orochi BREAKOUT@VAH 7R,BREAKOUT@VAH val=3929.27 vah=3993.48 poc=3972.84 vwap=3972.31
2025-10-30T22:30:00+07:00,2025-10-30T22:40:00+07:00,BUY,4001.86,3992.66,4066.18,BE,-0.2,S419 BUY Orochi BREAKOUT@VAH 7R,BREAKOUT@VAH val=3929.27 vah=3993.48 poc=3972.84 vwap=3972.31
2025-10-30T22:45:00+07:00,2025-10-30T23:00:00+07:00,BUY,4005.95,3997.18,4067.18,BE,-0.2,S419 BUY Orochi BREAKOUT@VAH 7R,BREAKOUT@VAH val=3929.27 vah=3993.48 poc=3972.84 vwap=3972.31
2025-10-30T23:05:00+07:00,2025-10-30T23:15:00+07:00,BUY,3998.16,3993.99,4027.43,BE,-0.2,S419 BUY Orochi BREAKOUT@VAH 7R,BREAKOUT@VAH val=3929.27 vah=3993.48 poc=3972.84 vwap=3972.31
2025-10-30T23:20:00+07:00,2025-10-31T02:00:00+07:00,BUY,3994.16,3990.36,4020.28,TP,25.92,S419 BUY Orochi BREAKOUT@VAH 7R,BREAKOUT@VAH val=3929.27 vah=3993.48 poc=3972.84 vwap=3972.31
2025-10-31T02:10:00+07:00,2025-10-31T02:20:00+07:00,BUY,4025.01,4019.36,4064.08,BE,-0.2,S419 BUY Orochi BREAKOUT@VAH 7R,BREAKOUT@VAH val=3929.27 vah=3993.48 poc=3972.84 vwap=3972.31
2025-10-31T02:25:00+07:00,2025-10-31T03:20:00+07:00,BUY,4020.17,4017.67,4037.75,BE,-0.2,S419 BUY Orochi BREAKOUT@VAH 7R,BREAKOUT@VAH val=3929.27 vah=3993.48 poc=3972.84 vwap=3972.31
2025-10-31T03:25:00+07:00,2025-10-31T03:30:00+07:00,BUY,4019.27,4016.84,4035.24,SL,-2.63,S419 BUY Orochi BREAKOUT@VAH 7R,BREAKOUT@VAH val=3929.27 vah=3993.48 poc=3972.84 vwap=3972.31
2025-10-31T03:35:00+07:00,2025-10-31T05:05:00+07:00,BUY,4019.29,4015.46,4045.7,BE,-0.2,S419 BUY Orochi BREAKOUT@VAH 7R,BREAKOUT@VAH val=3929.27 vah=3993.48 poc=3972.84 vwap=3972.31
2025-10-31T05:15:00+07:00,2025-10-31T05:25:00+07:00,BUY,4018.76,4016.49,4035.93,BE,-0.2,S419 BUY Orochi BREAKOUT@VAH 7R,BREAKOUT@VAH val=3929.27 vah=3993.48 poc=3972.84 vwap=3972.31
2025-10-31T05:35:00+07:00,2025-10-31T06:10:00+07:00,BUY,4023.04,4019.63,4046.83,BE,-0.2,S419 BUY Orochi BREAKOUT@VAH 7R,BREAKOUT@VAH val=3929.27 vah=3993.48 poc=3972.84 vwap=3972.31
2025-10-31T06:15:00+07:00,2025-10-31T07:35:00+07:00,BUY,4026.23,4017.35,4087.11,BE,-0.2,S419 BUY Orochi BREAKOUT@VAH 7R,BREAKOUT@VAH val=3929.27 vah=3993.48 poc=3972.84 vwap=3972.31
2025-10-31T07:40:00+07:00,2025-10-31T07:50:00+07:00,BUY,4027.86,4024.95,4047.19,BE,-0.2,S419 BUY Orochi BREAKOUT@VAH 7R,BREAKOUT@VAH val=3928.88 vah=3991.25 poc=3971.20 vwap=3971.69
2025-10-31T07:55:00+07:00,2025-10-31T08:00:00+07:00,BUY,4025.24,4022.9,4041.54,SL,-2.54,S419 BUY Orochi BREAKOUT@VAH 7R,BREAKOUT@VAH val=3928.88 vah=3991.25 poc=3971.20 vwap=3971.20
2025-10-31T08:15:00+07:00,2025-10-31T08:25:00+07:00,BUY,4033.22,4028.55,4065.99,BE,-0.2,S419 BUY Orochi BREAKOUT@VAH 7R,BREAKOUT@VAH val=3928.88 vah=3991.25 poc=3971.20 vwap=3970.37
2025-10-31T08:30:00+07:00,2025-10-31T08:40:00+07:00,BUY,4029.73,4026.32,4054.08,SL,-3.61,S419 BUY Orochi BREAKOUT@VAH 7R,BREAKOUT@VAH val=3928.88 vah=3986.80 poc=3971.20 vwap=3969.69
2025-10-31T08:45:00+07:00,2025-10-31T08:50:00+07:00,BUY,4024.4,4020.93,4048.53,SL,-3.67,S419 BUY Orochi BREAKOUT@VAH 7R,BREAKOUT@VAH val=3928.68 vah=3985.74 poc=3970.38 vwap=3968.90
2025-10-31T08:55:00+07:00,2025-10-31T09:05:00+07:00,BUY,4018.62,4011.52,4070.16,SL,-7.3,S419 BUY Orochi BREAKOUT@VAH 7R,BREAKOUT@VAH val=3928.68 vah=3985.74 poc=3970.38 vwap=3968.49
2025-10-31T09:10:00+07:00,2025-10-31T09:30:00+07:00,BUY,4009.76,4007.78,4023.94,BE,-0.2,S419 BUY Orochi BREAKOUT@VAH 7R,BREAKOUT@VAH val=3932.10 vah=3986.02 poc=3971.51 vwap=3967.86
2025-10-31T09:35:00+07:00,2025-10-31T09:40:00+07:00,BUY,4009.33,4002.45,4057.25,SL,-7.08,S419 BUY Orochi BREAKOUT@VAH 7R,BREAKOUT@VAH val=3931.58 vah=3983.82 poc=3969.76 vwap=3966.84
2025-10-31T09:45:00+07:00,2025-10-31T09:55:00+07:00,BUY,4011.12,4000.08,4087.76,BE,-0.2,S419 BUY Orochi BREAKOUT@VAH 7R,BREAKOUT@VAH val=3931.55 vah=3983.67 poc=3969.63 vwap=3966.45
2025-10-31T10:00:00+07:00,2025-10-31T10:05:00+07:00,BUY,4005.06,4003.12,4018.56,SL,-2.14,S419 BUY Orochi BREAKOUT@VAH 7R,BREAKOUT@VAH val=3931.55 vah=3983.67 poc=3969.63 vwap=3965.82
2025-10-31T10:10:00+07:00,2025-10-31T10:45:00+07:00,BUY,3994.19,3989.53,4026.73,BE,-0.2,S419 BUY Orochi BREAKOUT@VAH 7R,BREAKOUT@VAH val=3931.55 vah=3983.67 poc=3969.63 vwap=3965.50
2025-10-31T10:50:00+07:00,2025-10-31T11:00:00+07:00,BUY,3996.48,3992.23,4026.71,BE,-0.2,S419 BUY Orochi BREAKOUT@VAH 7R,BREAKOUT@VAH val=3935.56 vah=3983.67 poc=3969.63 vwap=3964.19
2025-10-31T11:05:00+07:00,2025-10-31T13:15:00+07:00,BUY,3991.1,3987.86,4014.9,TP,23.6,S419 BUY Orochi BREAKOUT@VAH 7R,BREAKOUT@VAH val=3935.56 vah=3983.67 poc=3969.63 vwap=3963.87
2025-10-31T13:20:00+07:00,2025-10-31T13:30:00+07:00,BUY,4011.4,4005.21,4054.81,BE,-0.2,S419 BUY Orochi BREAKOUT@VAH 7R,BREAKOUT@VAH val=3935.56 vah=3979.66 poc=3969.63 vwap=3961.07
2025-10-31T13:35:00+07:00,2025-10-31T13:45:00+07:00,BUY,4009.32,4005.86,4033.46,BE,-0.2,S419 BUY Orochi BREAKOUT@VAH 7R,BREAKOUT@VAH val=3935.56 vah=3979.66 poc=3969.63 vwap=3960.99
2025-10-31T13:50:00+07:00,2025-10-31T14:00:00+07:00,BUY,4008.38,4003.88,4040.6,BE,-0.2,S419 BUY Orochi BREAKOUT@VAH 7R,BREAKOUT@VAH val=3935.56 vah=3979.66 poc=3969.63 vwap=3960.86
2025-10-31T14:05:00+07:00,2025-10-31T15:50:00+07:00,BUY,4009.05,4006.3,4028.62,BE,-0.2,S419 BUY Orochi BREAKOUT@VAH 7R,BREAKOUT@VAH val=3935.56 vah=3979.66 poc=3969.63 vwap=3961.14
2025-10-31T15:55:00+07:00,2025-10-31T16:05:00+07:00,BUY,4010.39,4005.45,4044.81,BE,-0.2,S419 BUY Orochi BREAKOUT@VAH 7R,BREAKOUT@VAH val=3943.57 vah=3983.67 poc=3969.63 vwap=3963.58
2025-10-31T16:10:00+07:00,2025-10-31T16:15:00+07:00,BUY,4006.63,4005.32,4016.2,SL,-1.51,S419 BUY Orochi BREAKOUT@VAH 7R,BREAKOUT@VAH val=3943.57 vah=3983.67 poc=3969.63 vwap=3963.86
2025-10-31T16:20:00+07:00,2025-10-31T16:30:00+07:00,BUY,4002.77,3997.4,4039.8,BE,-0.2,S419 BUY Orochi BREAKOUT@VAH 7R,BREAKOUT@VAH val=3943.57 vah=3983.67 poc=3969.63 vwap=3964.00
2025-10-31T16:35:00+07:00,2025-10-31T16:45:00+07:00,BUY,4003.05,3998.79,4033.51,BE,-0.2,S419 BUY Orochi BREAKOUT@VAH 7R,BREAKOUT@VAH val=3943.57 vah=3983.67 poc=3969.63 vwap=3964.21
2025-10-31T16:50:00+07:00,2025-10-31T18:15:00+07:00,BUY,4003.37,3999.04,4032.96,BE,-0.2,S419 BUY Orochi BREAKOUT@VAH 7R,BREAKOUT@VAH val=3943.57 vah=3983.67 poc=3969.63 vwap=3964.30
2025-10-31T18:20:00+07:00,2025-10-31T18:30:00+07:00,BUY,4004.42,4000.76,4029.56,BE,-0.2,S419 BUY Orochi BREAKOUT@VAH 7R,BREAKOUT@VAH val=3943.57 vah=3987.68 poc=3969.63 vwap=3965.34
2025-10-31T18:35:00+07:00,2025-10-31T18:45:00+07:00,BUY,4006.91,4001.07,4048.43,BE,-0.2,S419 BUY Orochi BREAKOUT@VAH 7R,BREAKOUT@VAH val=3943.57 vah=3987.68 poc=3969.63 vwap=3965.60
2025-10-31T18:50:00+07:00,2025-10-31T19:40:00+07:00,BUY,4008.82,4005.42,4032.7,TP,23.68,S419 BUY Orochi BREAKOUT@VAH 7R,BREAKOUT@VAH val=3943.57 vah=3987.68 poc=3969.63 vwap=3966.00
2025-10-31T19:45:00+07:00,2025-10-31T19:55:00+07:00,BUY,4032.0,4024.04,4088.2,SL,-8.16,S419 BUY Orochi BREAKOUT@VAH 7R,BREAKOUT@VAH val=3951.59 vah=3991.68 poc=3969.63 vwap=3967.71
2025-10-31T20:10:00+07:00,2025-10-31T20:30:00+07:00,BUY,4031.21,4022.5,4092.34,SL,-8.91,S419 BUY Orochi BREAKOUT@VAH 7R,BREAKOUT@VAH val=3996.18 vah=4028.35 poc=4008.69 vwap=4009.43
2025-10-31T23:20:00+07:00,2025-10-31T23:25:00+07:00,SELL,3985.88,3988.48,3968.24,SL,-2.8,S419 SELL Orochi BREAKOUT@VAL 7R,BREAKOUT@VAL val=3996.18 vah=4028.35 poc=4008.69 vwap=4009.43
2025-10-31T23:30:00+07:00,2025-10-31T23:40:00+07:00,SELL,3986.47,3992.46,3945.18,BE,-0.2,S419 SELL Orochi BREAKOUT@VAL 7R,BREAKOUT@VAL val=3996.18 vah=4028.35 poc=4008.69 vwap=4009.43
2025-10-31T23:45:00+07:00,2025-11-01T00:00:00+07:00,SELL,3986.33,3991.28,3951.76,BE,-0.2,S419 SELL Orochi BREAKOUT@VAL 7R,BREAKOUT@VAL val=3996.18 vah=4028.35 poc=4008.69 vwap=4009.43
2025-11-01T00:05:00+07:00,2025-11-01T00:15:00+07:00,SELL,3986.2,3992.32,3943.68,BE,-0.2,S419 SELL Orochi BREAKOUT@VAL 7R,BREAKOUT@VAL val=3996.18 vah=4028.35 poc=4008.69 vwap=4009.43
2025-11-01T00:20:00+07:00,2025-11-01T00:30:00+07:00,SELL,3985.95,3988.74,3966.26,BE,-0.2,S419 SELL Orochi BREAKOUT@VAL 7R,BREAKOUT@VAL val=3996.18 vah=4028.35 poc=4008.69 vwap=4009.43
2025-11-01T00:35:00+07:00,2025-11-01T00:40:00+07:00,SELL,3989.09,3991.08,3974.84,SL,-2.19,S419 SELL Orochi BREAKOUT@VAL 7R,BREAKOUT@VAL val=3996.18 vah=4028.35 poc=4008.69 vwap=4009.43
2025-11-03T21:55:00+07:00,2025-11-03T22:20:00+07:00,BUY,4022.89,4018.71,4052.39,BE,-0.2,S419 BUY Orochi BREAKOUT@VAH 7R,BREAKOUT@VAH val=3995.24 vah=4019.80 poc=4007.52 vwap=4003.45
2025-11-04T07:30:00+07:00,2025-11-04T08:00:00+07:00,SELL,3991.79,3998.07,3947.59,BE,-0.2,S419 SELL Orochi BREAKOUT@VAL 7R,BREAKOUT@VAL val=3995.24 vah=4019.80 poc=4007.52 vwap=4003.45
2025-11-04T08:05:00+07:00,2025-11-04T08:15:00+07:00,SELL,3987.25,3994.07,3939.43,BE,-0.2,S419 SELL Orochi BREAKOUT@VAL 7R,BREAKOUT@VAL val=3995.24 vah=4019.80 poc=4007.52 vwap=4003.45
2025-11-04T08:20:00+07:00,2025-11-04T08:40:00+07:00,SELL,3986.71,3995.82,3923.5,BE,-0.2,S419 SELL Orochi BREAKOUT@VAL 7R,BREAKOUT@VAL val=3995.24 vah=4019.80 poc=4007.52 vwap=4003.45
2025-11-04T08:45:00+07:00,2025-11-04T08:50:00+07:00,SELL,3986.19,3989.42,3964.06,SL,-3.43,S419 SELL Orochi BREAKOUT@VAL 7R,BREAKOUT@VAL val=3995.24 vah=4019.80 poc=4007.52 vwap=4003.45
2025-11-04T08:55:00+07:00,2025-11-04T10:00:00+07:00,SELL,3987.38,3991.71,3957.15,BE,-0.2,S419 SELL Orochi BREAKOUT@VAL 7R,BREAKOUT@VAL val=3995.24 vah=4019.80 poc=4007.52 vwap=4003.45
2025-11-04T10:05:00+07:00,2025-11-04T10:20:00+07:00,SELL,3987.27,3990.84,3961.0,BE,-0.2,S419 SELL Orochi BREAKOUT@VAL 7R,BREAKOUT@VAL val=3995.24 vah=4019.80 poc=4007.52 vwap=4003.45
2025-11-04T10:25:00+07:00,2025-11-04T10:30:00+07:00,SELL,3992.75,3995.17,3977.25,SL,-2.62,S419 SELL Orochi BREAKOUT@VAL 7R,BREAKOUT@VAL val=3995.24 vah=4019.80 poc=4007.52 vwap=4003.45
2025-11-04T10:45:00+07:00,2025-11-04T11:05:00+07:00,SELL,3992.15,3999.84,3937.68,BE,-0.2,S419 SELL Orochi BREAKOUT@VAL 7R,BREAKOUT@VAL val=3995.24 vah=4019.80 poc=4007.52 vwap=4003.45
2025-11-04T11:10:00+07:00,2025-11-04T11:20:00+07:00,SELL,3988.78,3995.22,3943.78,BE,-0.2,S419 SELL Orochi BREAKOUT@VAL 7R,BREAKOUT@VAL val=3995.24 vah=4019.80 poc=4007.52 vwap=4003.45
2025-11-04T11:25:00+07:00,2025-11-04T11:35:00+07:00,SELL,3991.94,3994.12,3976.44,BE,-0.2,S419 SELL Orochi BREAKOUT@VAL 7R,BREAKOUT@VAL val=3995.24 vah=4019.80 poc=4007.52 vwap=4003.45
2025-11-04T11:40:00+07:00,2025-11-04T11:50:00+07:00,SELL,3988.32,3993.57,3951.73,BE,-0.2,S419 SELL Orochi BREAKOUT@VAL 7R,BREAKOUT@VAL val=3995.24 vah=4019.80 poc=4007.52 vwap=4003.45
2025-11-04T12:05:00+07:00,2025-11-04T12:30:00+07:00,SELL,3983.69,3987.7,3955.7,BE,-0.2,S419 SELL Orochi BREAKOUT@VAL 7R,BREAKOUT@VAL val=3995.24 vah=4019.80 poc=4007.52 vwap=4003.45
2025-11-04T12:35:00+07:00,2025-11-04T12:45:00+07:00,SELL,3980.57,3986.59,3937.55,BE,-0.2,S419 SELL Orochi BREAKOUT@VAL 7R,BREAKOUT@VAL val=3995.24 vah=4019.80 poc=4007.52 vwap=4003.45
2025-11-04T12:50:00+07:00,2025-11-04T13:40:00+07:00,SELL,3980.61,3982.73,3965.61,BE,-0.2,S419 SELL Orochi BREAKOUT@VAL 7R,BREAKOUT@VAL val=3995.24 vah=4019.80 poc=4007.52 vwap=4003.45
2025-11-04T13:45:00+07:00,2025-11-04T13:50:00+07:00,SELL,3979.4,3984.21,3947.01,SL,-5.01,S419 SELL Orochi BREAKOUT@VAL 7R,BREAKOUT@VAL val=3995.24 vah=4019.80 poc=4007.52 vwap=4003.45
2025-11-04T13:55:00+07:00,2025-11-04T14:05:00+07:00,SELL,3985.05,3989.5,3953.74,BE,-0.2,S419 SELL Orochi BREAKOUT@VAL 7R,BREAKOUT@VAL val=3995.24 vah=4019.80 poc=4007.52 vwap=4003.45
2025-11-04T14:10:00+07:00,2025-11-04T14:15:00+07:00,SELL,3986.95,3991.47,3955.39,SL,-4.72,S419 SELL Orochi BREAKOUT@VAL 7R,BREAKOUT@VAL val=3995.24 vah=4019.80 poc=4007.52 vwap=4003.45
2025-11-04T14:20:00+07:00,2025-11-04T15:00:00+07:00,SELL,3990.32,3997.6,3938.8,SL,-7.48,S419 SELL Orochi BREAKOUT@VAL 7R,BREAKOUT@VAL val=3995.24 vah=4019.80 poc=4007.52 vwap=4003.45
2025-11-04T15:15:00+07:00,2025-11-04T15:20:00+07:00,SELL,3993.63,3998.16,3962.08,SL,-4.73,S419 SELL Orochi BREAKOUT@VAL 7R,BREAKOUT@VAL val=3995.24 vah=4019.80 poc=4007.52 vwap=4003.45
2025-11-04T16:10:00+07:00,2025-11-04T16:30:00+07:00,SELL,3991.59,3998.78,3941.42,SL,-7.39,S419 SELL Orochi BREAKOUT@VAL 7R,BREAKOUT@VAL val=3995.24 vah=4019.80 poc=4007.52 vwap=4003.45
2025-11-04T16:50:00+07:00,2025-11-04T17:10:00+07:00,SELL,3993.33,3998.8,3954.88,BE,-0.2,S419 SELL Orochi BREAKOUT@VAL 7R,BREAKOUT@VAL val=3995.24 vah=4019.80 poc=4007.52 vwap=4003.64
2025-11-04T17:15:00+07:00,2025-11-04T17:30:00+07:00,SELL,3994.3,3997.89,3968.21,BE,-0.2,S419 SELL Orochi BREAKOUT@VAL 7R,BREAKOUT@VAL val=3995.24 vah=4019.80 poc=4007.52 vwap=4004.16
2025-11-04T17:35:00+07:00,2025-11-04T17:40:00+07:00,SELL,3995.04,3996.96,3981.44,SL,-2.12,S419 SELL Orochi BREAKOUT@VAL 7R,BREAKOUT@VAL val=3995.24 vah=4019.80 poc=4007.52 vwap=4004.65
2025-11-04T17:50:00+07:00,2025-11-04T18:45:00+07:00,SELL,3992.14,3997.22,3956.5,SL,-5.28,S419 SELL Orochi BREAKOUT@VAL 7R,BREAKOUT@VAL val=3995.64 vah=4017.20 poc=4005.08 vwap=4005.37
2025-11-04T19:00:00+07:00,2025-11-04T19:10:00+07:00,SELL,3995.2,3997.19,3981.43,BE,-0.2,S419 SELL Orochi BREAKOUT@VAL 7R,BREAKOUT@VAL val=3998.11 vah=4018.55 poc=4005.18 vwap=4008.35
2025-11-04T19:15:00+07:00,2025-11-04T19:25:00+07:00,SELL,3997.37,3998.18,3991.62,TP,5.55,S419 SELL Orochi BREAKOUT@VAL 7R,BREAKOUT@VAL val=3998.15 vah=4018.56 poc=4005.22 vwap=4008.78
2025-11-04T19:35:00+07:00,2025-11-04T19:45:00+07:00,SELL,3988.42,3991.24,3968.6,BE,-0.2,S419 SELL Orochi BREAKOUT@VAL 7R,BREAKOUT@VAL val=4000.42 vah=4019.28 poc=4005.50 vwap=4009.24
2025-11-04T19:55:00+07:00,2025-11-04T20:05:00+07:00,SELL,3984.88,3989.91,3950.31,BE,-0.2,S419 SELL Orochi BREAKOUT@VAL 7R,BREAKOUT@VAL val=4000.42 vah=4019.28 poc=4005.50 vwap=4009.61
2025-11-04T20:40:00+07:00,2025-11-04T21:25:00+07:00,SELL,3980.29,3984.14,3953.5,TP,26.59,S419 SELL Orochi BREAKOUT@VAL 7R,BREAKOUT@VAL val=3982.56 vah=4014.45 poc=3994.52 vwap=3998.95
2025-11-04T21:40:00+07:00,2025-11-04T21:50:00+07:00,SELL,3931.15,3944.31,3838.87,SL,-13.36,S419 SELL Orochi BREAKOUT@VAL 7R,BREAKOUT@VAL val=3982.56 vah=4014.45 poc=3994.52 vwap=3998.95
2025-11-04T21:55:00+07:00,2025-11-04T22:30:00+07:00,SELL,3957.05,3962.02,3922.66,BE,-0.2,S419 SELL Orochi BREAKOUT@VAL 7R,BREAKOUT@VAL val=3982.56 vah=4014.45 poc=3994.52 vwap=3998.95
2025-11-04T22:35:00+07:00,2025-11-04T23:15:00+07:00,SELL,3967.17,3970.15,3946.23,BE,-0.2,S419 SELL Orochi BREAKOUT@VAL 7R,BREAKOUT@VAL val=3982.56 vah=4014.45 poc=3994.52 vwap=3998.95
2025-11-04T23:20:00+07:00,2025-11-05T00:50:00+07:00,SELL,3974.7,3977.11,3958.23,TP,16.27,S419 SELL Orochi BREAKOUT@VAL 7R,BREAKOUT@VAL val=3982.56 vah=4014.45 poc=3994.52 vwap=3998.95
2025-11-05T00:55:00+07:00,2025-11-05T01:05:00+07:00,SELL,3954.99,3963.19,3898.23,BE,-0.2,S419 SELL Orochi BREAKOUT@VAL 7R,BREAKOUT@VAL val=3982.56 vah=4014.45 poc=3994.52 vwap=3998.95
2025-11-05T01:10:00+07:00,2025-11-05T01:20:00+07:00,SELL,3950.61,3956.64,3908.0,BE,-0.2,S419 SELL Orochi BREAKOUT@VAL 7R,BREAKOUT@VAL val=3982.56 vah=4014.45 poc=3994.52 vwap=3998.95
2025-11-05T01:25:00+07:00,2025-11-05T07:40:00+07:00,SELL,3950.69,3953.66,3930.38,TP,20.11,S419 SELL Orochi BREAKOUT@VAL 7R,BREAKOUT@VAL val=3982.56 vah=4014.45 poc=3994.52 vwap=3998.95
2025-11-05T07:45:00+07:00,2025-11-05T07:55:00+07:00,SELL,3935.1,3939.13,3907.13,BE,-0.2,S419 SELL Orochi BREAKOUT@VAL 7R,BREAKOUT@VAL val=3979.91 vah=4011.79 poc=3994.52 vwap=3998.56
2025-11-05T08:00:00+07:00,2025-11-05T08:10:00+07:00,SELL,3943.93,3945.18,3934.46,BE,-0.2,S419 SELL Orochi BREAKOUT@VAL 7R,BREAKOUT@VAL val=3982.56 vah=4011.79 poc=3994.52 vwap=3998.23
2025-11-05T08:15:00+07:00,2025-11-05T08:25:00+07:00,SELL,3939.44,3946.3,3890.54,BE,-0.2,S419 SELL Orochi BREAKOUT@VAL 7R,BREAKOUT@VAL val=3982.56 vah=4011.79 poc=3994.52 vwap=3997.92
2025-11-05T08:30:00+07:00,2025-11-05T09:05:00+07:00,SELL,3943.45,3949.91,3898.31,BE,-0.2,S419 SELL Orochi BREAKOUT@VAL 7R,BREAKOUT@VAL val=3982.56 vah=4011.79 poc=3994.52 vwap=3997.58
2025-11-05T09:10:00+07:00,2025-11-05T09:30:00+07:00,SELL,3941.99,3946.57,3910.09,BE,-0.2,S419 SELL Orochi BREAKOUT@VAL 7R,BREAKOUT@VAL val=3982.56 vah=4009.13 poc=3994.52 vwap=3996.75
2025-11-05T09:35:00+07:00,2025-11-05T09:45:00+07:00,SELL,3945.41,3950.2,3912.12,BE,-0.2,S419 SELL Orochi BREAKOUT@VAL 7R,BREAKOUT@VAL val=3982.56 vah=4009.13 poc=3994.52 vwap=3995.72
2025-11-05T09:50:00+07:00,2025-11-05T09:55:00+07:00,SELL,3948.06,3950.81,3929.29,SL,-2.95,S419 SELL Orochi BREAKOUT@VAL 7R,BREAKOUT@VAL val=3980.89 vah=4007.07 poc=3993.98 vwap=3995.02
2025-11-05T10:00:00+07:00,2025-11-05T10:05:00+07:00,SELL,3952.06,3954.26,3936.9,SL,-2.4,S419 SELL Orochi BREAKOUT@VAL 7R,BREAKOUT@VAL val=3980.89 vah=4007.07 poc=3993.98 vwap=3994.69
2025-11-05T10:10:00+07:00,2025-11-05T10:30:00+07:00,SELL,3952.95,3956.82,3925.62,SL,-4.07,S419 SELL Orochi BREAKOUT@VAL 7R,BREAKOUT@VAL val=3980.89 vah=4007.07 poc=3993.98 vwap=3994.34
2025-11-05T10:35:00+07:00,2025-11-05T10:40:00+07:00,SELL,3957.0,3959.48,3939.72,SL,-2.68,S419 SELL Orochi BREAKOUT@VAL 7R,BREAKOUT@VAL val=3984.75 vah=4008.92 poc=3993.81 vwap=3993.67
2025-11-05T10:45:00+07:00,2025-11-05T11:10:00+07:00,SELL,3964.85,3966.17,3955.53,BE,-0.2,S419 SELL Orochi BREAKOUT@VAL 7R,BREAKOUT@VAL val=3984.75 vah=4008.92 poc=3993.81 vwap=3993.53
2025-11-05T11:15:00+07:00,2025-11-05T11:25:00+07:00,SELL,3961.58,3965.83,3932.47,BE,-0.2,S419 SELL Orochi BREAKOUT@VAL 7R,BREAKOUT@VAL val=3978.70 vah=4002.88 poc=3993.81 vwap=3993.22
2025-11-05T11:30:00+07:00,2025-11-05T11:35:00+07:00,SELL,3967.54,3968.95,3957.59,SL,-1.61,S419 SELL Orochi BREAKOUT@VAL 7R,BREAKOUT@VAL val=3978.70 vah=4002.88 poc=3993.81 vwap=3992.96
2025-11-05T11:40:00+07:00,2025-11-05T11:45:00+07:00,SELL,3971.47,3972.96,3961.44,SL,-1.69,S419 SELL Orochi BREAKOUT@VAL 7R,BREAKOUT@VAL val=3978.70 vah=4002.88 poc=3993.81 vwap=3992.79
2025-11-05T11:50:00+07:00,2025-11-05T12:00:00+07:00,SELL,3970.08,3974.52,3937.96,BE,-0.2,S419 SELL Orochi BREAKOUT@VAL 7R,BREAKOUT@VAL val=3978.70 vah=4000.86 poc=3993.81 vwap=3992.55
2025-11-05T12:05:00+07:00,2025-11-05T12:10:00+07:00,SELL,3970.54,3972.13,3958.93,SL,-1.79,S419 SELL Orochi BREAKOUT@VAL 7R,BREAKOUT@VAL val=3978.70 vah=4000.86 poc=3993.81 vwap=3992.28
2025-11-05T12:15:00+07:00,2025-11-05T12:20:00+07:00,SELL,3974.55,3975.99,3964.55,SL,-1.64,S419 SELL Orochi BREAKOUT@VAL 7R,BREAKOUT@VAL val=3978.70 vah=4000.86 poc=3993.81 vwap=3992.11
2025-11-05T12:25:00+07:00,2025-11-05T15:00:00+07:00,SELL,3975.35,3979.39,3950.35,BE,-0.2,S419 SELL Orochi BREAKOUT@VAL 7R,BREAKOUT@VAL val=3978.70 vah=4000.86 poc=3993.81 vwap=3991.98
2025-11-05T15:20:00+07:00,2025-11-05T15:30:00+07:00,SELL,3981.87,3985.15,3959.23,BE,-0.2,S419 SELL Orochi BREAKOUT@VAL 7R,BREAKOUT@VAL val=3983.62 vah=3998.74 poc=3994.01 vwap=3989.04
2025-11-05T15:45:00+07:00,2025-11-05T16:05:00+07:00,SELL,3979.84,3986.03,3936.91,BE,-0.2,S419 SELL Orochi BREAKOUT@VAL 7R,BREAKOUT@VAL val=3982.62 vah=3998.63 poc=3993.03 vwap=3988.76
2025-11-05T16:10:00+07:00,2025-11-05T20:20:00+07:00,SELL,3975.46,3981.65,3932.45,BE,-0.2,S419 SELL Orochi BREAKOUT@VAL 7R,BREAKOUT@VAL val=3982.62 vah=3998.63 poc=3993.03 vwap=3988.62
2025-11-05T21:15:00+07:00,2025-11-05T21:30:00+07:00,BUY,3980.4,3974.36,4022.84,BE,-0.2,S419 BUY Orochi BREAKOUT@VAH 7R,BREAKOUT@VAH val=3937.07 vah=3976.36 poc=3966.53 vwap=3957.21
2025-11-05T21:35:00+07:00,2025-11-05T21:40:00+07:00,BUY,3982.01,3978.8,4004.72,SL,-3.41,S419 BUY Orochi BREAKOUT@VAH 7R,BREAKOUT@VAH val=3937.07 vah=3976.36 poc=3966.53 vwap=3957.21
2025-11-05T22:35:00+07:00,2025-11-05T22:45:00+07:00,BUY,3980.26,3976.6,4005.96,BE,-0.2,S419 BUY Orochi BREAKOUT@VAH 7R,BREAKOUT@VAH val=3937.07 vah=3976.36 poc=3966.53 vwap=3957.21
2025-11-05T22:50:00+07:00,2025-11-05T22:55:00+07:00,BUY,3980.83,3977.9,4001.42,SL,-3.13,S419 BUY Orochi BREAKOUT@VAH 7R,BREAKOUT@VAH val=3937.07 vah=3976.36 poc=3966.53 vwap=3957.21
2025-11-05T23:00:00+07:00,2025-11-05T23:10:00+07:00,BUY,3979.04,3975.79,4001.87,BE,-0.2,S419 BUY Orochi BREAKOUT@VAH 7R,BREAKOUT@VAH val=3937.07 vah=3976.36 poc=3966.53 vwap=3957.21
2025-11-05T23:15:00+07:00,2025-11-06T06:05:00+07:00,BUY,3977.1,3973.61,4000.97,BE,-0.2,S419 BUY Orochi BREAKOUT@VAH 7R,BREAKOUT@VAH val=3937.07 vah=3976.36 poc=3966.53 vwap=3957.21
2025-11-06T08:55:00+07:00,2025-11-06T09:05:00+07:00,BUY,3976.69,3971.0,4015.8,BE,-0.2,S419 BUY Orochi BREAKOUT@VAH 7R,BREAKOUT@VAH val=3938.38 vah=3972.45 poc=3963.93 vwap=3955.00
2025-11-06T09:10:00+07:00,2025-11-06T09:20:00+07:00,BUY,3977.38,3973.59,4004.07,BE,-0.2,S419 BUY Orochi BREAKOUT@VAH 7R,BREAKOUT@VAH val=3939.29 vah=3972.72 poc=3964.36 vwap=3955.52
2025-11-06T09:25:00+07:00,2025-11-06T14:00:00+07:00,BUY,3978.19,3975.52,3995.76,TP,17.37,S419 BUY Orochi BREAKOUT@VAH 7R,BREAKOUT@VAH val=3939.29 vah=3972.72 poc=3964.36 vwap=3955.78
2025-11-06T14:10:00+07:00,2025-11-06T21:20:00+07:00,BUY,3998.41,3995.24,4020.52,BE,-0.2,S419 BUY Orochi BREAKOUT@VAH 7R,BREAKOUT@VAH val=3939.29 vah=3984.66 poc=3964.36 vwap=3956.30
2025-11-06T21:40:00+07:00,2025-11-06T21:50:00+07:00,BUY,3998.36,3993.19,4034.71,BE,-0.2,S419 BUY Orochi BREAKOUT@VAH 7R,BREAKOUT@VAH val=3966.68 vah=3991.99 poc=3981.64 vwap=3988.24
2025-11-06T21:55:00+07:00,2025-11-06T22:00:00+07:00,BUY,3993.07,3991.57,4006.13,SL,-1.7,S419 BUY Orochi BREAKOUT@VAH 7R,BREAKOUT@VAH val=3966.68 vah=3991.99 poc=3981.64 vwap=3988.24
2025-11-07T02:15:00+07:00,2025-11-07T02:25:00+07:00,BUY,3993.74,3989.71,4021.79,BE,-0.2,S419 BUY Orochi BREAKOUT@VAH 7R,BREAKOUT@VAH val=3966.68 vah=3991.99 poc=3981.64 vwap=3988.24
2025-11-07T08:15:00+07:00,2025-11-07T08:25:00+07:00,BUY,3999.87,3995.58,4029.02,BE,-0.2,S419 BUY Orochi BREAKOUT@VAH 7R,BREAKOUT@VAH val=3964.38 vah=3991.99 poc=3981.64 vwap=3989.09
2025-11-07T08:30:00+07:00,2025-11-07T09:15:00+07:00,BUY,3996.08,3994.44,4007.96,BE,-0.2,S419 BUY Orochi BREAKOUT@VAH 7R,BREAKOUT@VAH val=3964.38 vah=3994.29 poc=3981.64 vwap=3989.26
2025-11-07T21:20:00+07:00,2025-11-07T21:25:00+07:00,BUY,4005.27,4001.42,4031.1,SL,-4.05,S419 BUY Orochi BREAKOUT@VAH 7R,BREAKOUT@VAH val=3978.45 vah=4003.65 poc=3983.70 vwap=3992.94
2025-11-07T23:40:00+07:00,2025-11-07T23:50:00+07:00,BUY,4020.75,4014.09,4067.45,BE,-0.2,S419 BUY Orochi BREAKOUT@VAH 7R,BREAKOUT@VAH val=3978.45 vah=4003.65 poc=3983.70 vwap=3992.94
2025-11-07T23:55:00+07:00,2025-11-08T00:00:00+07:00,BUY,4007.82,4004.68,4029.24,SL,-3.34,S419 BUY Orochi BREAKOUT@VAH 7R,BREAKOUT@VAH val=3978.45 vah=4003.65 poc=3983.70 vwap=3992.94
2025-11-08T01:00:00+07:00,2025-11-08T01:10:00+07:00,BUY,4005.9,4000.13,4046.21,BE,-0.2,S419 BUY Orochi BREAKOUT@VAH 7R,BREAKOUT@VAH val=3978.45 vah=4003.65 poc=3983.70 vwap=3992.94
2025-11-08T01:15:00+07:00,2025-11-08T01:20:00+07:00,BUY,4004.54,4002.86,4014.54,SL,-1.88,S419 BUY Orochi BREAKOUT@VAH 7R,BREAKOUT@VAH val=3978.45 vah=4003.65 poc=3983.70 vwap=3992.94
2025-11-08T01:35:00+07:00,2025-11-08T01:45:00+07:00,BUY,4004.99,4000.86,4034.22,BE,-0.2,S419 BUY Orochi BREAKOUT@VAH 7R,BREAKOUT@VAH val=3978.45 vah=4003.65 poc=3983.70 vwap=3992.94
2025-11-08T01:50:00+07:00,2025-11-08T02:00:00+07:00,BUY,4006.11,4003.17,4026.77,BE,-0.2,S419 BUY Orochi BREAKOUT@VAH 7R,BREAKOUT@VAH val=3978.45 vah=4003.65 poc=3983.70 vwap=3992.94
2025-11-08T02:05:00+07:00,2025-11-08T02:15:00+07:00,BUY,4007.14,4002.56,4039.28,BE,-0.2,S419 BUY Orochi BREAKOUT@VAH 7R,BREAKOUT@VAH val=3978.45 vah=4003.65 poc=3983.70 vwap=3992.94
2025-11-08T02:20:00+07:00,2025-11-08T02:30:00+07:00,BUY,4006.76,4004.69,4021.01,BE,-0.2,S419 BUY Orochi BREAKOUT@VAH 7R,BREAKOUT@VAH val=3978.45 vah=4003.65 poc=3983.70 vwap=3992.94
2025-11-08T02:35:00+07:00,2025-11-08T02:45:00+07:00,BUY,4006.02,4001.28,4038.88,BE,-0.2,S419 BUY Orochi BREAKOUT@VAH 7R,BREAKOUT@VAH val=3978.45 vah=4003.65 poc=3983.70 vwap=3992.94
2025-11-08T02:55:00+07:00,2025-11-08T03:15:00+07:00,BUY,4006.76,4003.13,4032.25,SL,-3.83,S419 BUY Orochi BREAKOUT@VAH 7R,BREAKOUT@VAH val=3978.45 vah=4003.65 poc=3983.70 vwap=3992.94
2025-11-08T04:00:00+07:00,2025-11-08T04:35:00+07:00,BUY,4004.72,3999.69,4040.41,SL,-5.23,S419 BUY Orochi BREAKOUT@VAH 7R,BREAKOUT@VAH val=3978.45 vah=4003.65 poc=3983.70 vwap=3992.94
2025-11-10T20:10:00+07:00,2025-11-10T20:15:00+07:00,BUY,4102.93,4098.73,4133.05,SL,-4.4,S419 BUY Orochi BREAKOUT@VAH 7R,BREAKOUT@VAH val=4044.08 vah=4088.00 poc=4078.02 vwap=4060.52
2025-11-10T20:20:00+07:00,2025-11-10T20:30:00+07:00,BUY,4103.35,4097.76,4142.16,BE,-0.2,S419 BUY Orochi BREAKOUT@VAH 7R,BREAKOUT@VAH val=4044.08 vah=4088.00 poc=4078.02 vwap=4060.52
2025-11-10T20:35:00+07:00,2025-11-10T20:45:00+07:00,BUY,4096.88,4095.14,4108.98,BE,-0.2,S419 BUY Orochi BREAKOUT@VAH 7R,BREAKOUT@VAH val=4044.08 vah=4088.00 poc=4078.02 vwap=4060.52
2025-11-10T20:50:00+07:00,2025-11-10T21:00:00+07:00,BUY,4092.06,4089.3,4111.22,BE,-0.2,S419 BUY Orochi BREAKOUT@VAH 7R,BREAKOUT@VAH val=4044.08 vah=4088.00 poc=4078.02 vwap=4060.52
2025-11-10T21:05:00+07:00,2025-11-10T21:10:00+07:00,BUY,4088.87,4084.59,4119.87,SL,-4.48,S419 BUY Orochi BREAKOUT@VAH 7R,BREAKOUT@VAH val=4044.08 vah=4088.00 poc=4078.02 vwap=4060.52
2025-11-10T22:05:00+07:00,2025-11-10T22:15:00+07:00,BUY,4090.61,4081.94,4151.22,BE,-0.2,S419 BUY Orochi BREAKOUT@VAH 7R,BREAKOUT@VAH val=4044.08 vah=4088.00 poc=4078.02 vwap=4060.52
2025-11-10T22:20:00+07:00,2025-11-10T22:30:00+07:00,BUY,4092.89,4085.37,4145.29,SL,-7.72,S419 BUY Orochi BREAKOUT@VAH 7R,BREAKOUT@VAH val=4044.08 vah=4088.00 poc=4078.02 vwap=4060.52
2025-11-10T23:10:00+07:00,2025-11-10T23:40:00+07:00,BUY,4091.24,4083.25,4147.41,BE,-0.2,S419 BUY Orochi BREAKOUT@VAH 7R,BREAKOUT@VAH val=4044.08 vah=4088.00 poc=4078.02 vwap=4060.52
2025-11-10T23:45:00+07:00,2025-11-11T06:05:00+07:00,BUY,4091.22,4087.75,4116.95,TP,25.53,S419 BUY Orochi BREAKOUT@VAH 7R,BREAKOUT@VAH val=4044.08 vah=4088.00 poc=4078.02 vwap=4060.52
2025-11-11T06:10:00+07:00,2025-11-11T06:20:00+07:00,BUY,4119.32,4115.87,4143.55,BE,-0.2,S419 BUY Orochi BREAKOUT@VAH 7R,BREAKOUT@VAH val=4044.08 vah=4088.00 poc=4078.02 vwap=4060.52
2025-11-11T06:30:00+07:00,2025-11-11T06:40:00+07:00,BUY,4119.3,4117.71,4130.03,BE,-0.2,S419 BUY Orochi BREAKOUT@VAH 7R,BREAKOUT@VAH val=4044.08 vah=4088.00 poc=4078.02 vwap=4060.52
2025-11-11T06:50:00+07:00,2025-11-11T07:00:00+07:00,BUY,4119.3,4116.6,4137.24,BE,-0.2,S419 BUY Orochi BREAKOUT@VAH 7R,BREAKOUT@VAH val=4044.08 vah=4088.00 poc=4078.02 vwap=4060.52
2025-11-11T07:05:00+07:00,2025-11-11T08:15:00+07:00,BUY,4118.15,4115.61,4136.01,TP,17.66,S419 BUY Orochi BREAKOUT@VAH 7R,BREAKOUT@VAH val=4044.08 vah=4088.00 poc=4078.02 vwap=4060.52
2025-11-11T08:20:00+07:00,2025-11-11T08:45:00+07:00,BUY,4132.99,4129.34,4156.46,BE,-0.2,S419 BUY Orochi BREAKOUT@VAH 7R,BREAKOUT@VAH val=4044.08 vah=4088.00 poc=4078.02 vwap=4060.52
2025-11-11T08:50:00+07:00,2025-11-11T08:55:00+07:00,BUY,4132.1,4130.7,4141.58,SL,-1.6,S419 BUY Orochi BREAKOUT@VAH 7R,BREAKOUT@VAH val=4044.08 vah=4088.00 poc=4078.02 vwap=4060.52
2025-11-11T09:00:00+07:00,2025-11-11T09:15:00+07:00,BUY,4132.72,4129.33,4156.53,BE,-0.2,S419 BUY Orochi BREAKOUT@VAH 7R,BREAKOUT@VAH val=4044.08 vah=4088.00 poc=4078.02 vwap=4060.52
2025-11-11T09:20:00+07:00,2025-11-11T09:30:00+07:00,BUY,4136.86,4131.03,4176.95,SL,-6.03,S419 BUY Orochi BREAKOUT@VAH 7R,BREAKOUT@VAH val=4044.08 vah=4088.00 poc=4078.02 vwap=4060.52
2025-11-11T09:35:00+07:00,2025-11-11T12:30:00+07:00,BUY,4132.62,4128.51,4161.79,BE,-0.2,S419 BUY Orochi BREAKOUT@VAH 7R,BREAKOUT@VAH val=4044.08 vah=4088.00 poc=4078.02 vwap=4060.52
2025-11-11T12:35:00+07:00,2025-11-11T13:00:00+07:00,BUY,4127.37,4123.9,4151.74,BE,-0.2,S419 BUY Orochi BREAKOUT@VAH 7R,BREAKOUT@VAH val=4044.08 vah=4088.00 poc=4078.02 vwap=4060.52
2025-11-11T13:05:00+07:00,2025-11-11T13:30:00+07:00,BUY,4131.93,4125.72,4174.76,BE,-0.2,S419 BUY Orochi BREAKOUT@VAH 7R,BREAKOUT@VAH val=4044.08 vah=4088.00 poc=4078.02 vwap=4060.52
2025-11-11T13:35:00+07:00,2025-11-11T13:45:00+07:00,BUY,4130.79,4128.41,4149.21,BE,-0.2,S419 BUY Orochi BREAKOUT@VAH 7R,BREAKOUT@VAH val=4044.08 vah=4088.00 poc=4078.02 vwap=4060.52
2025-11-11T13:50:00+07:00,2025-11-11T14:00:00+07:00,BUY,4131.25,4126.2,4167.24,BE,-0.2,S419 BUY Orochi BREAKOUT@VAH 7R,BREAKOUT@VAH val=4044.08 vah=4088.00 poc=4078.02 vwap=4060.52
2025-11-11T14:05:00+07:00,2025-11-11T14:35:00+07:00,BUY,4127.86,4125.16,4146.36,BE,-0.2,S419 BUY Orochi BREAKOUT@VAH 7R,BREAKOUT@VAH val=4044.08 vah=4088.00 poc=4078.02 vwap=4060.52
2025-11-11T14:40:00+07:00,2025-11-11T14:50:00+07:00,BUY,4130.82,4126.02,4164.34,BE,-0.2,S419 BUY Orochi BREAKOUT@VAH 7R,BREAKOUT@VAH val=4044.08 vah=4088.00 poc=4078.02 vwap=4060.52
2025-11-11T14:55:00+07:00,2025-11-11T15:35:00+07:00,BUY,4129.6,4123.98,4169.26,BE,-0.2,S419 BUY Orochi BREAKOUT@VAH 7R,BREAKOUT@VAH val=4044.08 vah=4088.00 poc=4078.02 vwap=4060.52
2025-11-11T15:40:00+07:00,2025-11-11T21:20:00+07:00,BUY,4132.3,4128.3,4160.14,BE,-0.2,S419 BUY Orochi BREAKOUT@VAH 7R,BREAKOUT@VAH val=4044.08 vah=4088.00 poc=4078.02 vwap=4060.52
2025-11-12T11:10:00+07:00,2025-11-12T11:20:00+07:00,SELL,4109.64,4110.54,4103.66,BE,-0.2,S419 SELL Orochi BREAKOUT@VAL 7R,BREAKOUT@VAL val=4116.37 vah=4149.00 poc=4132.69 vwap=4126.90
2025-11-12T11:25:00+07:00,2025-11-12T11:50:00+07:00,SELL,4111.55,4112.45,4105.33,BE,-0.2,S419 SELL Orochi BREAKOUT@VAL 7R,BREAKOUT@VAL val=4116.55 vah=4149.00 poc=4133.93 vwap=4127.52
2025-11-12T11:55:00+07:00,2025-11-12T13:20:00+07:00,SELL,4110.54,4113.27,4090.71,BE,-0.2,S419 SELL Orochi BREAKOUT@VAL 7R,BREAKOUT@VAL val=4121.44 vah=4149.00 poc=4134.07 vwap=4128.62
2025-11-12T13:25:00+07:00,2025-11-12T13:35:00+07:00,SELL,4115.06,4117.03,4101.43,BE,-0.2,S419 SELL Orochi BREAKOUT@VAL 7R,BREAKOUT@VAL val=4127.88 vah=4145.48 poc=4142.84 vwap=4131.59
2025-11-12T13:40:00+07:00,2025-11-12T13:55:00+07:00,SELL,4116.92,4120.1,4094.26,BE,-0.2,S419 SELL Orochi BREAKOUT@VAL 7R,BREAKOUT@VAL val=4127.88 vah=4145.48 poc=4142.84 vwap=4132.02
2025-11-12T14:00:00+07:00,2025-11-12T14:05:00+07:00,SELL,4118.16,4119.68,4107.12,SL,-1.72,S419 SELL Orochi BREAKOUT@VAL 7R,BREAKOUT@VAL val=4127.88 vah=4145.48 poc=4142.84 vwap=4132.49
2025-11-12T14:10:00+07:00,2025-11-12T14:40:00+07:00,SELL,4124.82,4126.09,4115.77,TP,8.85,S419 SELL Orochi BREAKOUT@VAL 7R,BREAKOUT@VAL val=4127.88 vah=4145.48 poc=4142.84 vwap=4132.67
2025-11-12T14:45:00+07:00,2025-11-12T14:55:00+07:00,SELL,4117.74,4119.47,4105.31,BE,-0.2,S419 SELL Orochi BREAKOUT@VAL 7R,BREAKOUT@VAL val=4129.64 vah=4145.48 poc=4142.84 vwap=4133.61
2025-11-12T15:00:00+07:00,2025-11-12T15:10:00+07:00,SELL,4117.42,4120.14,4099.34,BE,-0.2,S419 SELL Orochi BREAKOUT@VAL 7R,BREAKOUT@VAL val=4130.21 vah=4145.58 poc=4132.77 vwap=4134.07
2025-11-12T15:15:00+07:00,2025-11-12T15:20:00+07:00,SELL,4122.32,4123.3,4115.22,SL,-1.18,S419 SELL Orochi BREAKOUT@VAL 7R,BREAKOUT@VAL val=4130.21 vah=4145.58 poc=4132.77 vwap=4134.57
2025-11-12T15:40:00+07:00,2025-11-12T16:15:00+07:00,SELL,4128.68,4133.89,4090.85,BE,-0.2,S419 SELL Orochi BREAKOUT@VAL 7R,BREAKOUT@VAL val=4130.26 vah=4144.32 poc=4143.53 vwap=4135.19
2025-11-12T16:20:00+07:00,2025-11-12T16:30:00+07:00,SELL,4128.6,4133.41,4096.13,BE,-0.2,S419 SELL Orochi BREAKOUT@VAL 7R,BREAKOUT@VAL val=4129.11 vah=4143.32 poc=4132.66 vwap=4135.44
2025-11-12T16:35:00+07:00,2025-11-12T17:15:00+07:00,SELL,4128.2,4130.52,4111.32,BE,-0.2,S419 SELL Orochi BREAKOUT@VAL 7R,BREAKOUT@VAL val=4129.70 vah=4144.86 poc=4141.42 vwap=4135.59
2025-11-12T17:30:00+07:00,2025-11-12T17:35:00+07:00,SELL,4122.75,4124.46,4110.54,SL,-1.91,S419 SELL Orochi BREAKOUT@VAL 7R,BREAKOUT@VAL val=4129.48 vah=4143.79 poc=4131.43 vwap=4136.36
2025-11-12T17:40:00+07:00,2025-11-12T17:50:00+07:00,SELL,4125.74,4128.66,4104.98,BE,-0.2,S419 SELL Orochi BREAKOUT@VAL 7R,BREAKOUT@VAL val=4130.75 vah=4145.35 poc=4143.52 vwap=4136.48
2025-11-12T17:55:00+07:00,2025-11-12T18:05:00+07:00,SELL,4127.8,4130.13,4111.25,BE,-0.2,S419 SELL Orochi BREAKOUT@VAL 7R,BREAKOUT@VAL val=4131.80 vah=4144.95 poc=4143.44 vwap=4136.71
2025-11-12T18:10:00+07:00,2025-11-12T18:20:00+07:00,SELL,4131.1,4131.97,4125.09,TP,5.81,S419 SELL Orochi BREAKOUT@VAL 7R,BREAKOUT@VAL val=4131.80 vah=4144.95 poc=4143.44 vwap=4136.88
2025-11-12T18:25:00+07:00,2025-11-12T18:35:00+07:00,SELL,4124.21,4129.43,4087.59,BE,-0.2,S419 SELL Orochi BREAKOUT@VAL 7R,BREAKOUT@VAL val=4131.80 vah=4144.95 poc=4143.44 vwap=4137.04
2025-11-12T18:40:00+07:00,2025-11-12T19:05:00+07:00,SELL,4128.4,4129.52,4120.48,BE,-0.2,S419 SELL Orochi BREAKOUT@VAL 7R,BREAKOUT@VAL val=4131.80 vah=4144.95 poc=4143.44 vwap=4137.22
2025-11-12T19:10:00+07:00,2025-11-12T19:15:00+07:00,SELL,4130.51,4131.52,4123.28,SL,-1.21,S419 SELL Orochi BREAKOUT@VAL 7R,BREAKOUT@VAL val=4131.80 vah=4144.95 poc=4143.44 vwap=4137.24
2025-11-12T21:10:00+07:00,2025-11-12T21:20:00+07:00,BUY,4135.03,4129.52,4173.28,BE,-0.2,S419 BUY Orochi BREAKOUT@VAH 7R,BREAKOUT@VAH val=4109.52 vah=4134.33 poc=4129.16 vwap=4122.51
2025-11-12T21:55:00+07:00,2025-11-12T22:10:00+07:00,BUY,4136.51,4133.01,4161.65,TP,24.94,S419 BUY Orochi BREAKOUT@VAH 7R,BREAKOUT@VAH val=4109.52 vah=4134.33 poc=4129.16 vwap=4122.51
2025-11-12T22:20:00+07:00,2025-11-13T10:55:00+07:00,BUY,4164.79,4158.03,4212.43,TP,47.44,S419 BUY Orochi BREAKOUT@VAH 7R,BREAKOUT@VAH val=4109.52 vah=4134.33 poc=4129.16 vwap=4122.51
2025-11-13T11:00:00+07:00,2025-11-13T11:20:00+07:00,BUY,4211.79,4207.99,4237.99,BE,-0.2,S419 BUY Orochi BREAKOUT@VAH 7R,BREAKOUT@VAH val=4110.56 vah=4133.91 poc=4129.04 vwap=4122.54
2025-11-13T11:25:00+07:00,2025-11-13T11:35:00+07:00,BUY,4209.62,4205.71,4237.07,BE,-0.2,S419 BUY Orochi BREAKOUT@VAH 7R,BREAKOUT@VAH val=4112.51 vah=4133.91 poc=4129.04 vwap=4122.81
2025-11-13T11:40:00+07:00,2025-11-13T11:50:00+07:00,BUY,4207.77,4202.31,4245.35,BE,-0.2,S419 BUY Orochi BREAKOUT@VAH 7R,BREAKOUT@VAH val=4110.56 vah=4133.91 poc=4129.04 vwap=4122.94
2025-11-13T11:55:00+07:00,2025-11-13T12:05:00+07:00,BUY,4209.37,4204.81,4241.21,BE,-0.2,S419 BUY Orochi BREAKOUT@VAH 7R,BREAKOUT@VAH val=4110.56 vah=4133.91 poc=4129.04 vwap=4123.09
2025-11-13T12:15:00+07:00,2025-11-13T12:25:00+07:00,BUY,4216.03,4212.41,4241.69,BE,-0.2,S419 BUY Orochi BREAKOUT@VAH 7R,BREAKOUT@VAH val=4112.51 vah=4135.85 poc=4129.04 vwap=4123.29
2025-11-13T12:30:00+07:00,2025-11-13T12:40:00+07:00,BUY,4214.1,4209.24,4247.96,BE,-0.2,S419 BUY Orochi BREAKOUT@VAH 7R,BREAKOUT@VAH val=4112.51 vah=4135.85 poc=4129.04 vwap=4123.42
2025-11-13T12:45:00+07:00,2025-11-13T12:50:00+07:00,BUY,4213.26,4211.64,4225.96,SL,-1.82,S419 BUY Orochi BREAKOUT@VAH 7R,BREAKOUT@VAH val=4112.51 vah=4135.85 poc=4129.04 vwap=4123.59
2025-11-13T12:55:00+07:00,2025-11-13T13:00:00+07:00,BUY,4212.01,4206.95,4247.11,SL,-5.26,S419 BUY Orochi BREAKOUT@VAH 7R,BREAKOUT@VAH val=4114.45 vah=4135.85 poc=4129.04 vwap=4123.73
2025-11-13T13:05:00+07:00,2025-11-13T13:15:00+07:00,BUY,4210.37,4204.04,4254.84,SL,-6.53,S419 BUY Orochi BREAKOUT@VAH 7R,BREAKOUT@VAH val=4114.45 vah=4135.85 poc=4129.04 vwap=4123.90
2025-11-13T13:20:00+07:00,2025-11-13T13:30:00+07:00,BUY,4207.64,4202.16,4245.76,BE,-0.2,S419 BUY Orochi BREAKOUT@VAH 7R,BREAKOUT@VAH val=4114.45 vah=4135.85 poc=4129.04 vwap=4124.06
2025-11-13T13:35:00+07:00,2025-11-13T13:45:00+07:00,BUY,4206.22,4204.61,4217.17,BE,-0.2,S419 BUY Orochi BREAKOUT@VAH 7R,BREAKOUT@VAH val=4114.45 vah=4135.85 poc=4129.04 vwap=4124.21
2025-11-13T13:55:00+07:00,2025-11-13T14:05:00+07:00,BUY,4210.45,4205.89,4242.29,BE,-0.2,S419 BUY Orochi BREAKOUT@VAH 7R,BREAKOUT@VAH val=4114.45 vah=4135.85 poc=4129.04 vwap=4124.33
2025-11-13T14:10:00+07:00,2025-11-13T14:20:00+07:00,BUY,4210.55,4207.48,4231.88,BE,-0.2,S419 BUY Orochi BREAKOUT@VAH 7R,BREAKOUT@VAH val=4114.45 vah=4135.85 poc=4129.04 vwap=4124.39
2025-11-13T14:30:00+07:00,2025-11-13T14:35:00+07:00,BUY,4216.68,4213.47,4237.31,SL,-3.41,S419 BUY Orochi BREAKOUT@VAH 7R,BREAKOUT@VAH val=4114.45 vah=4135.85 poc=4129.04 vwap=4124.40
2025-11-13T14:40:00+07:00,2025-11-13T14:50:00+07:00,BUY,4215.5,4212.44,4236.12,BE,-0.2,S419 BUY Orochi BREAKOUT@VAH 7R,BREAKOUT@VAH val=4114.45 vah=4135.85 poc=4129.04 vwap=4124.39
2025-11-13T15:25:00+07:00,2025-11-13T15:35:00+07:00,BUY,4237.52,4230.47,4286.95,BE,-0.2,S419 BUY Orochi BREAKOUT@VAH 7R,BREAKOUT@VAH val=4114.45 vah=4137.80 poc=4129.04 vwap=4124.20
2025-11-13T15:40:00+07:00,2025-11-13T15:55:00+07:00,BUY,4236.09,4232.29,4262.45,BE,-0.2,S419 BUY Orochi BREAKOUT@VAH 7R,BREAKOUT@VAH val=4114.45 vah=4137.80 poc=4127.10 vwap=4124.17
2025-11-13T16:00:00+07:00,2025-11-13T16:25:00+07:00,BUY,4229.68,4226.39,4253.03,BE,-0.2,S419 BUY Orochi BREAKOUT@VAH 7R,BREAKOUT@VAH val=4114.45 vah=4137.80 poc=4127.10 vwap=4124.14
2025-11-13T16:30:00+07:00,2025-11-13T16:40:00+07:00,BUY,4232.08,4223.87,4289.47,BE,-0.2,S419 BUY Orochi BREAKOUT@VAH 7R,BREAKOUT@VAH val=4114.45 vah=4137.80 poc=4127.10 vwap=4124.12
2025-11-13T16:45:00+07:00,2025-11-13T17:30:00+07:00,BUY,4233.21,4226.24,4282.48,BE,-0.2,S419 BUY Orochi BREAKOUT@VAH 7R,BREAKOUT@VAH val=4114.45 vah=4137.80 poc=4127.10 vwap=4124.00
2025-11-13T17:35:00+07:00,2025-11-13T17:50:00+07:00,BUY,4231.67,4226.53,4267.25,BE,-0.2,S419 BUY Orochi BREAKOUT@VAH 7R,BREAKOUT@VAH val=4115.99 vah=4136.90 poc=4128.35 vwap=4123.23
2025-11-13T17:55:00+07:00,2025-11-13T18:15:00+07:00,BUY,4225.53,4220.64,4259.6,BE,-0.2,S419 BUY Orochi BREAKOUT@VAH 7R,BREAKOUT@VAH val=4115.94 vah=4136.77 poc=4128.25 vwap=4122.95
2025-11-13T18:20:00+07:00,2025-11-13T18:35:00+07:00,BUY,4225.3,4218.15,4275.43,BE,-0.2,S419 BUY Orochi BREAKOUT@VAH 7R,BREAKOUT@VAH val=4115.77 vah=4136.03 poc=4128.44 vwap=4122.45
2025-11-13T18:45:00+07:00,2025-11-13T20:05:00+07:00,BUY,4228.51,4224.86,4254.7,BE,-0.2,S419 BUY Orochi BREAKOUT@VAH 7R,BREAKOUT@VAH val=4115.77 vah=4136.03 poc=4128.44 vwap=4121.91
2025-11-13T20:10:00+07:00,2025-11-13T20:20:00+07:00,BUY,4230.38,4224.86,4269.1,BE,-0.2,S419 BUY Orochi BREAKOUT@VAH 7R,BREAKOUT@VAH val=4178.81 vah=4229.82 poc=4196.66 vwap=4196.17
2025-11-13T20:25:00+07:00,2025-11-13T20:30:00+07:00,BUY,4235.43,4227.79,4289.15,SL,-7.84,S419 BUY Orochi BREAKOUT@VAH 7R,BREAKOUT@VAH val=4178.81 vah=4229.82 poc=4196.66 vwap=4196.17
2025-11-13T20:55:00+07:00,2025-11-13T21:00:00+07:00,BUY,4231.91,4222.77,4294.29,SL,-9.34,S419 BUY Orochi BREAKOUT@VAH 7R,BREAKOUT@VAH val=4178.81 vah=4229.82 poc=4196.66 vwap=4196.17
2025-11-14T01:40:00+07:00,2025-11-14T01:50:00+07:00,SELL,4155.84,4167.84,4071.52,BE,-0.2,S419 SELL Orochi BREAKOUT@VAL 7R,BREAKOUT@VAL val=4178.81 vah=4229.82 poc=4196.66 vwap=4196.17
2025-11-14T01:55:00+07:00,2025-11-14T02:15:00+07:00,SELL,4157.94,4164.24,4114.24,BE,-0.2,S419 SELL Orochi BREAKOUT@VAL 7R,BREAKOUT@VAL val=4178.81 vah=4229.82 poc=4196.66 vwap=4196.17
2025-11-14T02:20:00+07:00,2025-11-14T02:30:00+07:00,SELL,4157.67,4161.77,4128.09,BE,-0.2,S419 SELL Orochi BREAKOUT@VAL 7R,BREAKOUT@VAL val=4178.81 vah=4229.82 poc=4196.66 vwap=4196.17
2025-11-14T02:35:00+07:00,2025-11-14T02:45:00+07:00,SELL,4168.2,4171.91,4142.31,BE,-0.2,S419 SELL Orochi BREAKOUT@VAL 7R,BREAKOUT@VAL val=4178.81 vah=4229.82 poc=4196.66 vwap=4196.17
2025-11-14T02:50:00+07:00,2025-11-14T03:00:00+07:00,SELL,4166.73,4172.37,4127.17,BE,-0.2,S419 SELL Orochi BREAKOUT@VAL 7R,BREAKOUT@VAL val=4178.81 vah=4229.82 poc=4196.66 vwap=4196.17
2025-11-14T03:05:00+07:00,2025-11-14T03:15:00+07:00,SELL,4164.01,4168.64,4131.52,BE,-0.2,S419 SELL Orochi BREAKOUT@VAL 7R,BREAKOUT@VAL val=4178.81 vah=4229.82 poc=4196.66 vwap=4196.17
2025-11-14T03:20:00+07:00,2025-11-14T03:25:00+07:00,SELL,4165.54,4168.47,4144.39,SL,-3.13,S419 SELL Orochi BREAKOUT@VAL 7R,BREAKOUT@VAL val=4178.81 vah=4229.82 poc=4196.66 vwap=4196.17
2025-11-14T03:30:00+07:00,2025-11-14T03:40:00+07:00,SELL,4167.39,4171.93,4135.37,BE,-0.2,S419 SELL Orochi BREAKOUT@VAL 7R,BREAKOUT@VAL val=4178.81 vah=4229.82 poc=4196.66 vwap=4196.17
2025-11-14T03:45:00+07:00,2025-11-14T03:55:00+07:00,SELL,4162.46,4169.17,4115.33,BE,-0.2,S419 SELL Orochi BREAKOUT@VAL 7R,BREAKOUT@VAL val=4178.81 vah=4229.82 poc=4196.66 vwap=4196.17
2025-11-14T04:00:00+07:00,2025-11-14T04:05:00+07:00,SELL,4167.04,4168.4,4157.28,SL,-1.56,S419 SELL Orochi BREAKOUT@VAL 7R,BREAKOUT@VAL val=4178.81 vah=4229.82 poc=4196.66 vwap=4196.17
2025-11-14T04:15:00+07:00,2025-11-14T04:30:00+07:00,SELL,4175.5,4181.72,4132.04,BE,-0.2,S419 SELL Orochi BREAKOUT@VAL 7R,BREAKOUT@VAL val=4178.81 vah=4229.82 poc=4196.66 vwap=4196.17
2025-11-14T04:35:00+07:00,2025-11-14T06:05:00+07:00,SELL,4169.66,4177.11,4117.35,SL,-7.65,S419 SELL Orochi BREAKOUT@VAL 7R,BREAKOUT@VAL val=4178.81 vah=4229.82 poc=4196.66 vwap=4196.17
2025-11-14T06:10:00+07:00,2025-11-14T06:25:00+07:00,SELL,4176.46,4182.81,4131.85,SL,-6.55,S419 SELL Orochi BREAKOUT@VAL 7R,BREAKOUT@VAL val=4178.81 vah=4229.82 poc=4196.66 vwap=4196.17
2025-11-14T08:30:00+07:00,2025-11-14T08:40:00+07:00,SELL,4173.81,4183.36,4107.04,SL,-9.75,S419 SELL Orochi BREAKOUT@VAL 7R,BREAKOUT@VAL val=4180.09 vah=4230.11 poc=4197.60 vwap=4199.90
2025-11-14T13:25:00+07:00,2025-11-14T13:35:00+07:00,SELL,4178.19,4185.25,4129.33,BE,-0.2,S419 SELL Orochi BREAKOUT@VAL 7R,BREAKOUT@VAL val=4185.33 vah=4223.38 poc=4194.84 vwap=4210.13
2025-11-14T13:40:00+07:00,2025-11-14T14:50:00+07:00,SELL,4180.49,4185.44,4145.92,BE,-0.2,S419 SELL Orochi BREAKOUT@VAL 7R,BREAKOUT@VAL val=4185.33 vah=4226.09 poc=4194.84 vwap=4210.24
2025-11-14T14:55:00+07:00,2025-11-14T15:05:00+07:00,SELL,4181.17,4183.87,4162.35,BE,-0.2,S419 SELL Orochi BREAKOUT@VAL 7R,BREAKOUT@VAL val=4196.20 vah=4239.68 poc=4232.89 vwap=4211.68
2025-11-14T15:10:00+07:00,2025-11-14T15:15:00+07:00,SELL,4174.42,4182.97,4114.49,SL,-8.75,S419 SELL Orochi BREAKOUT@VAL 7R,BREAKOUT@VAL val=4198.92 vah=4239.68 poc=4232.89 vwap=4212.01
2025-11-14T15:20:00+07:00,2025-11-14T15:30:00+07:00,SELL,4180.83,4185.71,4146.43,BE,-0.2,S419 SELL Orochi BREAKOUT@VAL 7R,BREAKOUT@VAL val=4198.92 vah=4239.68 poc=4232.89 vwap=4212.21
2025-11-14T15:35:00+07:00,2025-11-14T15:45:00+07:00,SELL,4182.67,4188.42,4142.58,BE,-0.2,S419 SELL Orochi BREAKOUT@VAL 7R,BREAKOUT@VAL val=4198.92 vah=4239.68 poc=4232.89 vwap=4212.40
2025-11-14T15:55:00+07:00,2025-11-14T16:05:00+07:00,SELL,4176.08,4180.82,4142.82,BE,-0.2,S419 SELL Orochi BREAKOUT@VAL 7R,BREAKOUT@VAL val=4198.92 vah=4239.68 poc=4232.89 vwap=4212.56
2025-11-14T16:10:00+07:00,2025-11-14T16:20:00+07:00,SELL,4174.64,4182.17,4121.37,BE,-0.2,S419 SELL Orochi BREAKOUT@VAL 7R,BREAKOUT@VAL val=4198.92 vah=4239.68 poc=4232.89 vwap=4212.65
2025-11-14T16:25:00+07:00,2025-11-14T16:35:00+07:00,SELL,4170.12,4178.21,4113.73,BE,-0.2,S419 SELL Orochi BREAKOUT@VAL 7R,BREAKOUT@VAL val=4198.92 vah=4239.68 poc=4232.89 vwap=4212.74
2025-11-14T16:40:00+07:00,2025-11-14T16:50:00+07:00,SELL,4170.97,4173.1,4155.82,BE,-0.2,S419 SELL Orochi BREAKOUT@VAL 7R,BREAKOUT@VAL val=4198.92 vah=4239.68 poc=4232.89 vwap=4212.87
2025-11-14T16:55:00+07:00,2025-11-14T17:10:00+07:00,SELL,4169.34,4173.06,4143.54,BE,-0.2,S419 SELL Orochi BREAKOUT@VAL 7R,BREAKOUT@VAL val=4201.63 vah=4239.68 poc=4232.89 vwap=4213.05
2025-11-14T17:15:00+07:00,2025-11-14T17:25:00+07:00,SELL,4166.48,4171.24,4133.24,BE,-0.2,S419 SELL Orochi BREAKOUT@VAL 7R,BREAKOUT@VAL val=4201.63 vah=4239.68 poc=4232.89 vwap=4213.42
2025-11-14T17:35:00+07:00,2025-11-14T17:45:00+07:00,SELL,4168.28,4169.23,4161.55,BE,-0.2,S419 SELL Orochi BREAKOUT@VAL 7R,BREAKOUT@VAL val=4201.63 vah=4239.68 poc=4232.89 vwap=4213.77
2025-11-14T17:50:00+07:00,2025-11-14T18:05:00+07:00,SELL,4170.56,4171.62,4163.06,TP,7.3,S419 SELL Orochi BREAKOUT@VAL 7R,BREAKOUT@VAL val=4201.63 vah=4239.68 poc=4232.89 vwap=4214.03
2025-11-14T18:20:00+07:00,2025-11-14T18:35:00+07:00,SELL,4146.05,4154.38,4087.82,SL,-8.53,S419 SELL Orochi BREAKOUT@VAL 7R,BREAKOUT@VAL val=4204.35 vah=4239.68 poc=4232.89 vwap=4214.50
2025-11-14T18:40:00+07:00,2025-11-14T19:20:00+07:00,SELL,4153.64,4159.33,4114.37,TP,39.07,S419 SELL Orochi BREAKOUT@VAL 7R,BREAKOUT@VAL val=4204.75 vah=4239.74 poc=4233.01 vwap=4215.43
2025-11-14T19:25:00+07:00,2025-11-14T19:35:00+07:00,SELL,4113.28,4123.27,4043.51,BE,-0.2,S419 SELL Orochi BREAKOUT@VAL 7R,BREAKOUT@VAL val=4206.60 vah=4239.98 poc=4233.56 vwap=4218.08
2025-11-14T19:40:00+07:00,2025-11-14T19:50:00+07:00,SELL,4115.48,4121.36,4074.72,BE,-0.2,S419 SELL Orochi BREAKOUT@VAL 7R,BREAKOUT@VAL val=4209.17 vah=4239.98 poc=4233.56 vwap=4218.75
2025-11-14T19:55:00+07:00,2025-11-14T20:20:00+07:00,SELL,4116.08,4121.94,4074.82,TP,41.06,S419 SELL Orochi BREAKOUT@VAL 7R,BREAKOUT@VAL val=4209.98 vah=4240.10 poc=4233.82 vwap=4219.59
2025-11-14T20:30:00+07:00,2025-11-14T20:40:00+07:00,SELL,4055.42,4074.49,3920.17,BE,-0.2,S419 SELL Orochi BREAKOUT@VAL 7R,BREAKOUT@VAL val=4164.63 vah=4209.94 poc=4201.44 vwap=4183.27
2025-11-14T20:45:00+07:00,2025-11-14T20:55:00+07:00,SELL,4052.31,4063.12,3977.2,BE,-0.2,S419 SELL Orochi BREAKOUT@VAL 7R,BREAKOUT@VAL val=4164.63 vah=4209.94 poc=4201.44 vwap=4183.27
2025-11-14T21:00:00+07:00,2025-11-14T21:10:00+07:00,SELL,4048.94,4060.09,3971.29,BE,-0.2,S419 SELL Orochi BREAKOUT@VAL 7R,BREAKOUT@VAL val=4164.63 vah=4209.94 poc=4201.44 vwap=4183.27
2025-11-14T21:15:00+07:00,2025-11-14T21:20:00+07:00,SELL,4052.25,4057.81,4014.53,SL,-5.76,S419 SELL Orochi BREAKOUT@VAL 7R,BREAKOUT@VAL val=4164.63 vah=4209.94 poc=4201.44 vwap=4183.27
2025-11-14T21:25:00+07:00,2025-11-14T21:35:00+07:00,SELL,4053.48,4063.31,3984.59,BE,-0.2,S419 SELL Orochi BREAKOUT@VAL 7R,BREAKOUT@VAL val=4164.63 vah=4209.94 poc=4201.44 vwap=4183.27
2025-11-14T21:40:00+07:00,2025-11-14T21:50:00+07:00,SELL,4068.18,4075.64,4016.12,BE,-0.2,S419 SELL Orochi BREAKOUT@VAL 7R,BREAKOUT@VAL val=4164.63 vah=4209.94 poc=4201.44 vwap=4183.27
2025-11-14T21:55:00+07:00,2025-11-14T22:40:00+07:00,SELL,4082.7,4087.14,4051.54,BE,-0.2,S419 SELL Orochi BREAKOUT@VAL 7R,BREAKOUT@VAL val=4164.63 vah=4209.94 poc=4201.44 vwap=4183.27
2025-11-14T22:45:00+07:00,2025-11-14T22:50:00+07:00,SELL,4090.66,4094.81,4061.93,SL,-4.35,S419 SELL Orochi BREAKOUT@VAL 7R,BREAKOUT@VAL val=4164.63 vah=4209.94 poc=4201.44 vwap=4183.27
2025-11-14T22:55:00+07:00,2025-11-14T23:15:00+07:00,SELL,4093.57,4099.12,4054.8,BE,-0.2,S419 SELL Orochi BREAKOUT@VAL 7R,BREAKOUT@VAL val=4164.63 vah=4209.94 poc=4201.44 vwap=4183.27
2025-11-14T23:20:00+07:00,2025-11-14T23:30:00+07:00,SELL,4101.14,4105.52,4070.4,BE,-0.2,S419 SELL Orochi BREAKOUT@VAL 7R,BREAKOUT@VAL val=4164.63 vah=4209.94 poc=4201.44 vwap=4183.27
2025-11-14T23:35:00+07:00,2025-11-14T23:40:00+07:00,SELL,4105.47,4108.85,4081.73,SL,-3.58,S419 SELL Orochi BREAKOUT@VAL 7R,BREAKOUT@VAL val=4164.63 vah=4209.94 poc=4201.44 vwap=4183.27
2025-11-14T23:45:00+07:00,2025-11-14T23:55:00+07:00,SELL,4106.51,4113.45,4057.29,BE,-0.2,S419 SELL Orochi BREAKOUT@VAL 7R,BREAKOUT@VAL val=4164.63 vah=4209.94 poc=4201.44 vwap=4183.27
2025-11-15T00:00:00+07:00,2025-11-15T00:35:00+07:00,SELL,4109.62,4112.5,4090.18,BE,-0.2,S419 SELL Orochi BREAKOUT@VAL 7R,BREAKOUT@VAL val=4164.63 vah=4209.94 poc=4201.44 vwap=4183.27
2025-11-15T00:40:00+07:00,2025-11-15T00:50:00+07:00,SELL,4103.48,4112.06,4042.46,BE,-0.2,S419 SELL Orochi BREAKOUT@VAL 7R,BREAKOUT@VAL val=4164.63 vah=4209.94 poc=4201.44 vwap=4183.27
2025-11-15T00:55:00+07:00,2025-11-15T01:35:00+07:00,SELL,4099.89,4106.34,4053.62,BE,-0.2,S419 SELL Orochi BREAKOUT@VAL 7R,BREAKOUT@VAL val=4164.63 vah=4209.94 poc=4201.44 vwap=4183.27
2025-11-15T01:40:00+07:00,2025-11-15T01:50:00+07:00,SELL,4096.87,4105.54,4036.42,BE,-0.2,S419 SELL Orochi BREAKOUT@VAL 7R,BREAKOUT@VAL val=4164.63 vah=4209.94 poc=4201.44 vwap=4183.27
2025-11-15T01:55:00+07:00,2025-11-17T06:05:00+07:00,SELL,4098.01,4104.78,4051.02,BE,-0.2,S419 SELL Orochi BREAKOUT@VAL 7R,BREAKOUT@VAL val=4164.63 vah=4209.94 poc=4201.44 vwap=4183.27
2025-11-17T20:40:00+07:00,2025-11-17T21:05:00+07:00,SELL,4069.22,4077.54,4012.02,BE,-0.2,S419 SELL Orochi BREAKOUT@VAL 7R,BREAKOUT@VAL val=4071.11 vah=4094.88 poc=4086.56 vwap=4081.11
2025-11-17T21:25:00+07:00,2025-11-17T21:30:00+07:00,SELL,4066.47,4069.89,4042.13,SL,-3.62,S419 SELL Orochi BREAKOUT@VAL 7R,BREAKOUT@VAL val=4071.11 vah=4094.88 poc=4086.56 vwap=4081.11
2025-11-17T22:10:00+07:00,2025-11-17T22:20:00+07:00,SELL,4068.9,4075.18,4024.78,BE,-0.2,S419 SELL Orochi BREAKOUT@VAL 7R,BREAKOUT@VAL val=4071.11 vah=4094.88 poc=4086.56 vwap=4081.11
2025-11-17T22:50:00+07:00,2025-11-17T23:25:00+07:00,SELL,4068.1,4075.51,4019.35,BE,-0.2,S419 SELL Orochi BREAKOUT@VAL 7R,BREAKOUT@VAL val=4071.11 vah=4094.88 poc=4086.56 vwap=4081.11
2025-11-17T23:40:00+07:00,2025-11-17T23:50:00+07:00,SELL,4068.84,4074.41,4029.69,BE,-0.2,S419 SELL Orochi BREAKOUT@VAL 7R,BREAKOUT@VAL val=4071.11 vah=4094.88 poc=4086.56 vwap=4081.11
2025-11-17T23:55:00+07:00,2025-11-18T00:00:00+07:00,SELL,4069.95,4072.25,4053.61,SL,-2.5,S419 SELL Orochi BREAKOUT@VAL 7R,BREAKOUT@VAL val=4071.11 vah=4094.88 poc=4086.56 vwap=4081.11
2025-11-18T01:35:00+07:00,2025-11-18T01:45:00+07:00,SELL,4069.11,4073.93,4035.45,BE,-0.2,S419 SELL Orochi BREAKOUT@VAL 7R,BREAKOUT@VAL val=4071.11 vah=4094.88 poc=4086.56 vwap=4081.11
2025-11-18T02:00:00+07:00,2025-11-18T02:10:00+07:00,SELL,4060.38,4066.3,4020.94,BE,-0.2,S419 SELL Orochi BREAKOUT@VAL 7R,BREAKOUT@VAL val=4071.11 vah=4094.88 poc=4086.56 vwap=4081.11
2025-11-18T02:15:00+07:00,2025-11-18T02:30:00+07:00,SELL,4063.58,4066.16,4045.6,TP,17.78,S419 SELL Orochi BREAKOUT@VAL 7R,BREAKOUT@VAL val=4071.11 vah=4094.88 poc=4086.56 vwap=4081.11
2025-11-18T02:45:00+07:00,2025-11-18T03:15:00+07:00,SELL,4024.24,4034.31,3953.91,BE,-0.2,S419 SELL Orochi BREAKOUT@VAL 7R,BREAKOUT@VAL val=4071.11 vah=4094.88 poc=4086.56 vwap=4081.11
2025-11-18T03:20:00+07:00,2025-11-18T03:30:00+07:00,SELL,4020.52,4029.35,3958.31,SL,-9.03,S419 SELL Orochi BREAKOUT@VAL 7R,BREAKOUT@VAL val=4071.11 vah=4094.88 poc=4086.56 vwap=4081.11
2025-11-18T03:35:00+07:00,2025-11-18T03:50:00+07:00,SELL,4026.95,4034.05,3977.17,SL,-7.3,S419 SELL Orochi BREAKOUT@VAL 7R,BREAKOUT@VAL val=4071.11 vah=4094.88 poc=4086.56 vwap=4081.11
2025-11-18T03:55:00+07:00,2025-11-18T04:05:00+07:00,SELL,4041.05,4046.11,4004.59,BE,-0.2,S419 SELL Orochi BREAKOUT@VAL 7R,BREAKOUT@VAL val=4071.11 vah=4094.88 poc=4086.56 vwap=4081.11
2025-11-18T04:10:00+07:00,2025-11-18T04:20:00+07:00,SELL,4044.41,4047.2,4024.72,BE,-0.2,S419 SELL Orochi BREAKOUT@VAL 7R,BREAKOUT@VAL val=4071.11 vah=4094.88 poc=4086.56 vwap=4081.11
2025-11-18T04:25:00+07:00,2025-11-18T04:35:00+07:00,SELL,4043.42,4046.64,4019.36,BE,-0.2,S419 SELL Orochi BREAKOUT@VAL 7R,BREAKOUT@VAL val=4071.11 vah=4094.88 poc=4086.56 vwap=4081.11
2025-11-18T04:40:00+07:00,2025-11-18T04:50:00+07:00,SELL,4043.69,4045.18,4031.82,BE,-0.2,S419 SELL Orochi BREAKOUT@VAL 7R,BREAKOUT@VAL val=4071.11 vah=4094.88 poc=4086.56 vwap=4081.11
2025-11-18T06:15:00+07:00,2025-11-18T06:25:00+07:00,SELL,4050.26,4053.31,4029.39,BE,-0.2,S419 SELL Orochi BREAKOUT@VAL 7R,BREAKOUT@VAL val=4071.11 vah=4094.88 poc=4086.56 vwap=4081.11
2025-11-18T06:50:00+07:00,2025-11-18T07:10:00+07:00,SELL,4038.07,4043.87,3997.23,BE,-0.2,S419 SELL Orochi BREAKOUT@VAL 7R,BREAKOUT@VAL val=4071.11 vah=4094.88 poc=4086.56 vwap=4081.11
2025-11-18T07:15:00+07:00,2025-11-18T07:25:00+07:00,SELL,4031.67,4041.83,3960.07,BE,-0.2,S419 SELL Orochi BREAKOUT@VAL 7R,BREAKOUT@VAL val=4071.11 vah=4094.88 poc=4086.56 vwap=4081.11
2025-11-18T07:30:00+07:00,2025-11-18T07:35:00+07:00,SELL,4034.15,4037.28,4011.92,SL,-3.33,S419 SELL Orochi BREAKOUT@VAL 7R,BREAKOUT@VAL val=4071.11 vah=4094.88 poc=4086.56 vwap=4081.11
2025-11-18T07:40:00+07:00,2025-11-18T07:55:00+07:00,SELL,4037.08,4040.93,4010.37,BE,-0.2,S419 SELL Orochi BREAKOUT@VAL 7R,BREAKOUT@VAL val=4071.11 vah=4094.88 poc=4086.56 vwap=4081.11
2025-11-18T08:00:00+07:00,2025-11-18T08:10:00+07:00,SELL,4041.96,4046.69,4009.09,BE,-0.2,S419 SELL Orochi BREAKOUT@VAL 7R,BREAKOUT@VAL val=4071.11 vah=4094.88 poc=4086.56 vwap=4081.11
2025-11-18T08:15:00+07:00,2025-11-18T08:20:00+07:00,SELL,4040.29,4044.84,4009.0,SL,-4.75,S419 SELL Orochi BREAKOUT@VAL 7R,BREAKOUT@VAL val=4071.11 vah=4094.88 poc=4086.56 vwap=4081.11
2025-11-18T08:25:00+07:00,2025-11-18T15:35:00+07:00,SELL,4040.31,4046.54,3996.62,BE,-0.2,S419 SELL Orochi BREAKOUT@VAL 7R,BREAKOUT@VAL val=4071.11 vah=4094.88 poc=4086.56 vwap=4081.11
2025-11-18T15:40:00+07:00,2025-11-18T15:50:00+07:00,SELL,4037.25,4044.43,3987.23,BE,-0.2,S419 SELL Orochi BREAKOUT@VAL 7R,BREAKOUT@VAL val=4071.11 vah=4094.88 poc=4086.56 vwap=4081.11
2025-11-18T15:55:00+07:00,2025-11-18T16:05:00+07:00,SELL,4036.74,4043.22,3991.22,BE,-0.2,S419 SELL Orochi BREAKOUT@VAL 7R,BREAKOUT@VAL val=4071.11 vah=4094.88 poc=4086.56 vwap=4081.11
2025-11-18T16:10:00+07:00,2025-11-18T16:15:00+07:00,SELL,4033.3,4038.49,3997.05,SL,-5.39,S419 SELL Orochi BREAKOUT@VAL 7R,BREAKOUT@VAL val=4071.11 vah=4094.88 poc=4086.56 vwap=4081.11
2025-11-18T16:20:00+07:00,2025-11-18T16:45:00+07:00,SELL,4037.99,4041.41,4014.37,BE,-0.2,S419 SELL Orochi BREAKOUT@VAL 7R,BREAKOUT@VAL val=4071.11 vah=4094.88 poc=4086.56 vwap=4081.11
2025-11-18T16:50:00+07:00,2025-11-18T16:55:00+07:00,SELL,4042.43,4043.93,4031.77,SL,-1.7,S419 SELL Orochi BREAKOUT@VAL 7R,BREAKOUT@VAL val=4070.88 vah=4094.39 poc=4086.16 vwap=4080.57
2025-11-18T17:00:00+07:00,2025-11-18T17:10:00+07:00,SELL,4041.0,4048.49,3988.17,BE,-0.2,S419 SELL Orochi BREAKOUT@VAL 7R,BREAKOUT@VAL val=4070.88 vah=4094.39 poc=4086.16 vwap=4080.35
2025-11-18T17:15:00+07:00,2025-11-18T17:25:00+07:00,SELL,4041.06,4045.76,4008.08,BE,-0.2,S419 SELL Orochi BREAKOUT@VAL 7R,BREAKOUT@VAL val=4071.49 vah=4093.25 poc=4085.63 vwap=4080.09
2025-11-18T17:30:00+07:00,2025-11-18T17:40:00+07:00,SELL,4040.26,4044.08,4012.56,BE,-0.2,S419 SELL Orochi BREAKOUT@VAL 7R,BREAKOUT@VAL val=4071.49 vah=4093.25 poc=4085.63 vwap=4079.84
2025-11-18T17:45:00+07:00,2025-11-18T18:00:00+07:00,SELL,4048.4,4051.56,4025.16,BE,-0.2,S419 SELL Orochi BREAKOUT@VAL 7R,BREAKOUT@VAL val=4071.49 vah=4093.25 poc=4081.28 vwap=4079.70
2025-11-18T18:05:00+07:00,2025-11-18T18:30:00+07:00,SELL,4043.82,4049.9,4001.42,SL,-6.28,S419 SELL Orochi BREAKOUT@VAL 7R,BREAKOUT@VAL val=4071.49 vah=4093.25 poc=4081.28 vwap=4079.50
2025-11-18T18:35:00+07:00,2025-11-18T20:20:00+07:00,SELL,4048.55,4051.25,4029.25,BE,-0.2,S419 SELL Orochi BREAKOUT@VAL 7R,BREAKOUT@VAL val=4069.31 vah=4091.08 poc=4081.28 vwap=4078.97
2025-11-19T07:50:00+07:00,2025-11-19T08:00:00+07:00,BUY,4072.28,4067.06,4109.3,SL,-5.42,S419 BUY Orochi BREAKOUT@VAH 7R,BREAKOUT@VAH val=4001.44 vah=4064.41 poc=4038.17 vwap=4042.21
2025-11-19T08:10:00+07:00,2025-11-19T08:30:00+07:00,BUY,4064.47,4060.53,4092.37,BE,-0.2,S419 BUY Orochi BREAKOUT@VAH 7R,BREAKOUT@VAH val=4001.44 vah=4060.91 poc=4038.17 vwap=4041.65
2025-11-19T08:35:00+07:00,2025-11-19T08:50:00+07:00,BUY,4061.58,4060.38,4069.82,BE,-0.2,S419 BUY Orochi BREAKOUT@VAH 7R,BREAKOUT@VAH val=4001.44 vah=4060.91 poc=4038.17 vwap=4041.06
2025-11-19T08:55:00+07:00,2025-11-19T09:10:00+07:00,BUY,4059.1,4055.13,4086.73,BE,-0.2,S419 BUY Orochi BREAKOUT@VAH 7R,BREAKOUT@VAH val=4001.44 vah=4057.41 poc=4038.17 vwap=4040.57
2025-11-19T09:15:00+07:00,2025-11-19T09:25:00+07:00,BUY,4061.66,4057.2,4092.8,BE,-0.2,S419 BUY Orochi BREAKOUT@VAH 7R,BREAKOUT@VAH val=4004.86 vah=4053.28 poc=4037.72 vwap=4039.57
2025-11-19T09:45:00+07:00,2025-11-19T09:55:00+07:00,BUY,4077.19,4070.63,4123.59,BE,-0.2,S419 BUY Orochi BREAKOUT@VAH 7R,BREAKOUT@VAH val=4004.86 vah=4049.82 poc=4037.72 vwap=4038.23
2025-11-19T10:00:00+07:00,2025-11-19T10:10:00+07:00,BUY,4076.0,4072.86,4097.82,BE,-0.2,S419 BUY Orochi BREAKOUT@VAH 7R,BREAKOUT@VAH val=4004.86 vah=4046.36 poc=4037.72 vwap=4037.56
2025-11-19T10:15:00+07:00,2025-11-19T10:25:00+07:00,BUY,4072.73,4070.68,4087.64,BE,-0.2,S419 BUY Orochi BREAKOUT@VAH 7R,BREAKOUT@VAH val=4004.86 vah=4046.36 poc=4037.72 vwap=4036.91
2025-11-19T10:30:00+07:00,2025-11-19T10:40:00+07:00,BUY,4072.26,4068.56,4098.08,BE,-0.2,S419 BUY Orochi BREAKOUT@VAH 7R,BREAKOUT@VAH val=4008.32 vah=4046.36 poc=4037.72 vwap=4036.34
2025-11-19T10:45:00+07:00,2025-11-19T10:55:00+07:00,BUY,4075.03,4071.1,4102.38,BE,-0.2,S419 BUY Orochi BREAKOUT@VAH 7R,BREAKOUT@VAH val=4008.32 vah=4046.36 poc=4037.72 vwap=4035.86
2025-11-19T11:00:00+07:00,2025-11-19T11:15:00+07:00,BUY,4068.48,4063.63,4102.51,BE,-0.2,S419 BUY Orochi BREAKOUT@VAH 7R,BREAKOUT@VAH val=4008.32 vah=4046.36 poc=4037.72 vwap=4035.28
2025-11-19T11:20:00+07:00,2025-11-19T12:15:00+07:00,BUY,4070.06,4067.49,4087.97,TP,17.71,S419 BUY Orochi BREAKOUT@VAH 7R,BREAKOUT@VAH val=4008.32 vah=4046.36 poc=4037.72 vwap=4034.56
2025-11-19T12:25:00+07:00,2025-11-19T14:05:00+07:00,BUY,4088.73,4085.7,4109.86,BE,-0.2,S419 BUY Orochi BREAKOUT@VAH 7R,BREAKOUT@VAH val=4010.97 vah=4046.82 poc=4035.42 vwap=4031.74
2025-11-19T14:10:00+07:00,2025-11-19T14:55:00+07:00,BUY,4087.28,4083.77,4111.69,BE,-0.2,S419 BUY Orochi BREAKOUT@VAH 7R,BREAKOUT@VAH val=4014.73 vah=4045.92 poc=4035.13 vwap=4027.63
2025-11-19T15:00:00+07:00,2025-11-19T15:10:00+07:00,BUY,4084.84,4082.37,4102.53,BE,-0.2,S419 BUY Orochi BREAKOUT@VAH 7R,BREAKOUT@VAH val=4014.73 vah=4048.32 poc=4035.13 vwap=4028.39
2025-11-19T15:25:00+07:00,2025-11-19T15:35:00+07:00,BUY,4087.95,4082.52,4126.36,BE,-0.2,S419 BUY Orochi BREAKOUT@VAH 7R,BREAKOUT@VAH val=4017.13 vah=4050.72 poc=4035.13 vwap=4028.18
2025-11-19T15:40:00+07:00,2025-11-19T15:50:00+07:00,BUY,4081.63,4079.47,4096.27,BE,-0.2,S419 BUY Orochi BREAKOUT@VAH 7R,BREAKOUT@VAH val=4014.73 vah=4050.72 poc=4035.13 vwap=4028.06
2025-11-19T15:55:00+07:00,2025-11-19T16:55:00+07:00,BUY,4083.36,4079.36,4112.24,TP,28.68,S419 BUY Orochi BREAKOUT@VAH 7R,BREAKOUT@VAH val=4014.73 vah=4050.72 poc=4035.13 vwap=4027.96
2025-11-19T17:00:00+07:00,2025-11-19T17:10:00+07:00,BUY,4113.01,4104.69,4173.25,BE,-0.2,S419 BUY Orochi BREAKOUT@VAH 7R,BREAKOUT@VAH val=4015.41 vah=4048.16 poc=4036.15 vwap=4027.33
2025-11-19T17:15:00+07:00,2025-11-19T17:25:00+07:00,BUY,4114.6,4107.86,4160.34,BE,-0.2,S419 BUY Orochi BREAKOUT@VAH 7R,BREAKOUT@VAH val=4015.41 vah=4048.16 poc=4036.15 vwap=4027.10
2025-11-19T17:30:00+07:00,2025-11-19T17:40:00+07:00,BUY,4112.64,4109.0,4137.24,BE,-0.2,S419 BUY Orochi BREAKOUT@VAH 7R,BREAKOUT@VAH val=4015.41 vah=4048.16 poc=4036.15 vwap=4026.95
2025-11-19T17:45:00+07:00,2025-11-19T17:55:00+07:00,BUY,4111.56,4109.56,4125.08,BE,-0.2,S419 BUY Orochi BREAKOUT@VAH 7R,BREAKOUT@VAH val=4004.49 vah=4039.42 poc=4009.95 vwap=4026.83
2025-11-19T18:00:00+07:00,2025-11-19T18:10:00+07:00,BUY,4108.41,4105.45,4129.93,BE,-0.2,S419 BUY Orochi BREAKOUT@VAH 7R,BREAKOUT@VAH val=4004.49 vah=4039.42 poc=4009.95 vwap=4026.71
2025-11-19T18:20:00+07:00,2025-11-19T18:30:00+07:00,BUY,4113.58,4108.91,4146.51,BE,-0.2,S419 BUY Orochi BREAKOUT@VAH 7R,BREAKOUT@VAH val=4004.49 vah=4039.42 poc=4009.95 vwap=4026.49
2025-11-19T18:35:00+07:00,2025-11-19T18:40:00+07:00,BUY,4112.72,4110.56,4127.92,SL,-2.36,S419 BUY Orochi BREAKOUT@VAH 7R,BREAKOUT@VAH val=4004.49 vah=4037.24 poc=4009.95 vwap=4026.09
2025-11-19T18:45:00+07:00,2025-11-19T18:55:00+07:00,BUY,4114.85,4109.06,4155.3,BE,-0.2,S419 BUY Orochi BREAKOUT@VAH 7R,BREAKOUT@VAH val=4004.49 vah=4037.24 poc=4009.95 vwap=4025.86
2025-11-19T19:00:00+07:00,2025-11-19T19:15:00+07:00,BUY,4115.21,4111.4,4141.96,BE,-0.2,S419 BUY Orochi BREAKOUT@VAH 7R,BREAKOUT@VAH val=4004.49 vah=4037.24 poc=4009.95 vwap=4025.56
2025-11-19T19:20:00+07:00,2025-11-19T19:30:00+07:00,BUY,4116.75,4111.26,4154.46,BE,-0.2,S419 BUY Orochi BREAKOUT@VAH 7R,BREAKOUT@VAH val=4004.49 vah=4037.24 poc=4009.95 vwap=4025.40
2025-11-19T19:35:00+07:00,2025-11-19T19:45:00+07:00,BUY,4118.56,4114.13,4149.81,BE,-0.2,S419 BUY Orochi BREAKOUT@VAH 7R,BREAKOUT@VAH val=4004.49 vah=4037.24 poc=4009.95 vwap=4025.37
2025-11-19T19:50:00+07:00,2025-11-19T20:00:00+07:00,BUY,4115.54,4111.48,4143.88,BE,-0.2,S419 BUY Orochi BREAKOUT@VAH 7R,BREAKOUT@VAH val=4002.31 vah=4037.24 poc=4009.95 vwap=4025.27
2025-11-19T20:05:00+07:00,2025-11-19T20:10:00+07:00,BUY,4107.28,4105.68,4118.24,SL,-1.8,S419 BUY Orochi BREAKOUT@VAH 7R,BREAKOUT@VAH val=4057.24 vah=4090.38 poc=4073.81 vwap=4076.61
2025-11-19T20:15:00+07:00,2025-11-19T20:25:00+07:00,BUY,4103.91,4099.72,4135.08,BE,-0.2,S419 BUY Orochi BREAKOUT@VAH 7R,BREAKOUT@VAH val=4057.24 vah=4090.38 poc=4073.81 vwap=4076.61
2025-11-19T20:30:00+07:00,2025-11-19T20:50:00+07:00,BUY,4107.17,4102.48,4139.68,BE,-0.2,S419 BUY Orochi BREAKOUT@VAH 7R,BREAKOUT@VAH val=4057.24 vah=4090.38 poc=4073.81 vwap=4076.61
2025-11-19T20:55:00+07:00,2025-11-19T21:20:00+07:00,BUY,4110.59,4104.79,4150.87,BE,-0.2,S419 BUY Orochi BREAKOUT@VAH 7R,BREAKOUT@VAH val=4057.24 vah=4090.38 poc=4073.81 vwap=4076.61
2025-11-19T21:25:00+07:00,2025-11-19T21:30:00+07:00,BUY,4106.88,4104.6,4122.6,SL,-2.48,S419 BUY Orochi BREAKOUT@VAH 7R,BREAKOUT@VAH val=4057.24 vah=4090.38 poc=4073.81 vwap=4076.61
2025-11-19T21:40:00+07:00,2025-11-19T21:50:00+07:00,BUY,4112.38,4109.12,4135.6,BE,-0.2,S419 BUY Orochi BREAKOUT@VAH 7R,BREAKOUT@VAH val=4057.24 vah=4090.38 poc=4073.81 vwap=4076.61
2025-11-19T22:00:00+07:00,2025-11-19T22:20:00+07:00,BUY,4126.74,4115.76,4202.32,BE,-0.2,S419 BUY Orochi BREAKOUT@VAH 7R,BREAKOUT@VAH val=4057.24 vah=4090.38 poc=4073.81 vwap=4076.61
2025-11-19T22:25:00+07:00,2025-11-19T22:30:00+07:00,BUY,4116.37,4114.16,4132.16,SL,-2.41,S419 BUY Orochi BREAKOUT@VAH 7R,BREAKOUT@VAH val=4057.24 vah=4090.38 poc=4073.81 vwap=4076.61
2025-11-19T22:35:00+07:00,2025-11-19T22:40:00+07:00,BUY,4112.96,4109.42,4136.94,SL,-3.74,S419 BUY Orochi BREAKOUT@VAH 7R,BREAKOUT@VAH val=4057.24 vah=4090.38 poc=4073.81 vwap=4076.61
2025-11-19T22:45:00+07:00,2025-11-19T22:50:00+07:00,BUY,4106.68,4102.1,4138.5,SL,-4.78,S419 BUY Orochi BREAKOUT@VAH 7R,BREAKOUT@VAH val=4057.24 vah=4090.38 poc=4073.81 vwap=4076.61
2025-11-19T22:55:00+07:00,2025-11-19T23:00:00+07:00,BUY,4096.62,4088.12,4155.64,SL,-8.7,S419 BUY Orochi BREAKOUT@VAH 7R,BREAKOUT@VAH val=4057.24 vah=4090.38 poc=4073.81 vwap=4076.61
2025-11-20T06:55:00+07:00,2025-11-20T07:05:00+07:00,BUY,4104.56,4100.47,4133.11,BE,-0.2,S419 BUY Orochi BREAKOUT@VAH 7R,BREAKOUT@VAH val=4057.24 vah=4090.38 poc=4073.81 vwap=4076.61
2025-11-20T07:10:00+07:00,2025-11-20T07:25:00+07:00,BUY,4105.54,4102.19,4128.83,BE,-0.2,S419 BUY Orochi BREAKOUT@VAH 7R,BREAKOUT@VAH val=4057.24 vah=4090.38 poc=4073.81 vwap=4076.61
2025-11-20T07:30:00+07:00,2025-11-20T07:35:00+07:00,BUY,4106.22,4104.11,4121.07,SL,-2.31,S419 BUY Orochi BREAKOUT@VAH 7R,BREAKOUT@VAH val=4055.63 vah=4089.42 poc=4074.22 vwap=4076.85
2025-11-20T07:40:00+07:00,2025-11-20T07:50:00+07:00,BUY,4105.09,4100.4,4137.76,BE,-0.2,S419 BUY Orochi BREAKOUT@VAH 7R,BREAKOUT@VAH val=4053.73 vah=4086.79 poc=4071.91 vwap=4077.18
2025-11-20T07:55:00+07:00,2025-11-20T08:05:00+07:00,BUY,4103.02,4099.33,4128.21,BE,-0.2,S419 BUY Orochi BREAKOUT@VAH 7R,BREAKOUT@VAH val=4053.73 vah=4086.79 poc=4071.91 vwap=4077.63
2025-11-20T08:10:00+07:00,2025-11-20T08:20:00+07:00,BUY,4097.56,4095.36,4113.12,BE,-0.2,S419 BUY Orochi BREAKOUT@VAH 7R,BREAKOUT@VAH val=4057.04 vah=4090.09 poc=4071.91 vwap=4077.94
2025-11-20T08:25:00+07:00,2025-11-20T08:30:00+07:00,BUY,4094.32,4091.3,4116.18,SL,-3.22,S419 BUY Orochi BREAKOUT@VAH 7R,BREAKOUT@VAH val=4057.04 vah=4090.09 poc=4071.91 vwap=4078.10
2025-11-20T08:35:00+07:00,2025-11-20T08:50:00+07:00,BUY,4091.25,4087.16,4119.8,BE,-0.2,S419 BUY Orochi BREAKOUT@VAH 7R,BREAKOUT@VAH val=4057.04 vah=4090.09 poc=4071.91 vwap=4078.18
2025-11-20T09:20:00+07:00,2025-11-20T09:30:00+07:00,SELL,4054.58,4066.1,3973.86,BE,-0.2,S419 SELL Orochi BREAKOUT@VAL 7R,BREAKOUT@VAL val=4057.04 vah=4090.09 poc=4071.91 vwap=4078.42
2025-11-20T09:35:00+07:00,2025-11-20T09:45:00+07:00,SELL,4056.6,4062.49,4015.29,BE,-0.2,S419 SELL Orochi BREAKOUT@VAL 7R,BREAKOUT@VAL val=4057.04 vah=4093.40 poc=4071.91 vwap=4078.84
2025-11-20T13:30:00+07:00,2025-11-20T13:35:00+07:00,SELL,4062.26,4067.92,4022.4,SL,-5.86,S419 SELL Orochi BREAKOUT@VAL 7R,BREAKOUT@VAL val=4063.59 vah=4095.73 poc=4072.96 vwap=4085.34
2025-11-20T15:10:00+07:00,2025-11-20T15:20:00+07:00,SELL,4046.99,4056.62,3980.38,BE,-0.2,S419 SELL Orochi BREAKOUT@VAL 7R,BREAKOUT@VAL val=4058.23 vah=4095.73 poc=4072.96 vwap=4086.83
2025-11-20T15:25:00+07:00,2025-11-20T15:30:00+07:00,SELL,4045.91,4049.44,4021.04,SL,-3.73,S419 SELL Orochi BREAKOUT@VAL 7R,BREAKOUT@VAL val=4058.23 vah=4095.73 poc=4072.96 vwap=4087.27
2025-11-20T15:35:00+07:00,2025-11-20T15:45:00+07:00,SELL,4053.34,4060.24,4004.72,BE,-0.2,S419 SELL Orochi BREAKOUT@VAL 7R,BREAKOUT@VAL val=4058.23 vah=4095.73 poc=4072.96 vwap=4087.37
2025-11-20T15:50:00+07:00,2025-11-20T15:55:00+07:00,SELL,4057.85,4060.59,4037.39,SL,-2.94,S419 SELL Orochi BREAKOUT@VAL 7R,BREAKOUT@VAL val=4058.23 vah=4095.73 poc=4072.96 vwap=4087.52
2025-11-20T17:05:00+07:00,2025-11-20T18:40:00+07:00,SELL,4067.27,4069.91,4048.71,BE,-0.2,S419 SELL Orochi BREAKOUT@VAL 7R,BREAKOUT@VAL val=4074.30 vah=4119.84 poc=4113.14 vwap=4088.21
2025-11-20T18:50:00+07:00,2025-11-20T19:00:00+07:00,SELL,4059.84,4067.96,4002.84,BE,-0.2,S419 SELL Orochi BREAKOUT@VAL 7R,BREAKOUT@VAL val=4076.98 vah=4119.84 poc=4113.14 vwap=4090.58
2025-11-20T19:05:00+07:00,2025-11-20T19:10:00+07:00,SELL,4068.45,4070.91,4051.39,SL,-2.66,S419 SELL Orochi BREAKOUT@VAL 7R,BREAKOUT@VAL val=4079.66 vah=4119.84 poc=4113.14 vwap=4091.28
2025-11-20T19:15:00+07:00,2025-11-20T19:20:00+07:00,SELL,4077.24,4078.83,4065.79,SL,-1.79,S419 SELL Orochi BREAKOUT@VAL 7R,BREAKOUT@VAL val=4079.66 vah=4119.84 poc=4113.14 vwap=4091.84
2025-11-20T19:25:00+07:00,2025-11-20T19:50:00+07:00,SELL,4073.3,4080.73,4021.05,SL,-7.63,S419 SELL Orochi BREAKOUT@VAL 7R,BREAKOUT@VAL val=4081.45 vah=4119.84 poc=4113.44 vwap=4092.53
2025-11-20T19:55:00+07:00,2025-11-20T20:00:00+07:00,SELL,4081.78,4083.32,4070.92,SL,-1.74,S419 SELL Orochi BREAKOUT@VAL 7R,BREAKOUT@VAL val=4082.98 vah=4119.84 poc=4114.08 vwap=4093.98
2025-11-20T21:50:00+07:00,2025-11-20T22:05:00+07:00,BUY,4100.68,4083.84,4218.72,SL,-17.04,S419 BUY Orochi BREAKOUT@VAH 7R,BREAKOUT@VAH val=4050.53 vah=4093.66 poc=4072.10 vwap=4080.70
2025-11-20T22:25:00+07:00,2025-11-20T22:30:00+07:00,BUY,4095.48,4084.15,4175.19,SL,-11.53,S419 BUY Orochi BREAKOUT@VAH 7R,BREAKOUT@VAH val=4050.53 vah=4093.66 poc=4072.10 vwap=4080.70
2025-11-21T10:05:00+07:00,2025-11-21T10:15:00+07:00,SELL,4053.98,4060.76,4006.44,BE,-0.2,S419 SELL Orochi BREAKOUT@VAL 7R,BREAKOUT@VAL val=4054.34 vah=4082.37 poc=4074.59 vwap=4074.25
2025-11-21T10:20:00+07:00,2025-11-21T11:05:00+07:00,SELL,4051.3,4059.57,3993.25,SL,-8.47,S419 SELL Orochi BREAKOUT@VAL 7R,BREAKOUT@VAL val=4056.61 vah=4083.38 poc=4072.97 vwap=4073.65
2025-11-21T11:40:00+07:00,2025-11-21T11:55:00+07:00,SELL,4050.61,4054.67,4022.03,BE,-0.2,S419 SELL Orochi BREAKOUT@VAL 7R,BREAKOUT@VAL val=4056.61 vah=4083.38 poc=4072.97 vwap=4072.99
2025-11-21T12:00:00+07:00,2025-11-21T12:05:00+07:00,SELL,4054.01,4057.01,4033.09,SL,-3.2,S419 SELL Orochi BREAKOUT@VAL 7R,BREAKOUT@VAL val=4056.61 vah=4083.38 poc=4075.94 vwap=4073.12
2025-11-21T12:10:00+07:00,2025-11-21T12:20:00+07:00,SELL,4056.0,4058.44,4038.6,BE,-0.2,S419 SELL Orochi BREAKOUT@VAL 7R,BREAKOUT@VAL val=4056.61 vah=4083.38 poc=4075.94 vwap=4073.15
2025-11-21T12:25:00+07:00,2025-11-21T12:30:00+07:00,SELL,4052.97,4057.37,4022.41,SL,-4.6,S419 SELL Orochi BREAKOUT@VAL 7R,BREAKOUT@VAL val=4056.61 vah=4083.38 poc=4075.94 vwap=4073.05
2025-11-21T12:45:00+07:00,2025-11-21T12:55:00+07:00,SELL,4047.22,4052.99,4007.39,BE,-0.2,S419 SELL Orochi BREAKOUT@VAL 7R,BREAKOUT@VAL val=4056.61 vah=4083.38 poc=4075.94 vwap=4072.80
2025-11-21T13:20:00+07:00,2025-11-21T15:15:00+07:00,SELL,4044.45,4054.12,3976.28,BE,-0.2,S419 SELL Orochi BREAKOUT@VAL 7R,BREAKOUT@VAL val=4053.64 vah=4080.40 poc=4072.97 vwap=4072.33
2025-11-21T15:20:00+07:00,2025-11-21T15:25:00+07:00,SELL,4039.28,4046.93,3985.89,SL,-7.85,S419 SELL Orochi BREAKOUT@VAL 7R,BREAKOUT@VAL val=4053.64 vah=4080.40 poc=4067.02 vwap=4071.58
2025-11-21T15:30:00+07:00,2025-11-21T15:40:00+07:00,SELL,4045.39,4049.8,4013.4,BE,-0.2,S419 SELL Orochi BREAKOUT@VAL 7R,BREAKOUT@VAL val=4050.66 vah=4080.40 poc=4067.02 vwap=4071.53
2025-11-21T15:45:00+07:00,2025-11-21T15:55:00+07:00,SELL,4041.84,4049.01,3992.13,BE,-0.2,S419 SELL Orochi BREAKOUT@VAL 7R,BREAKOUT@VAL val=4050.66 vah=4080.40 poc=4067.02 vwap=4071.54
2025-11-21T16:00:00+07:00,2025-11-21T16:05:00+07:00,SELL,4047.43,4049.54,4032.58,SL,-2.31,S419 SELL Orochi BREAKOUT@VAL 7R,BREAKOUT@VAL val=4050.66 vah=4080.40 poc=4067.02 vwap=4071.47
2025-11-21T16:50:00+07:00,2025-11-21T17:00:00+07:00,SELL,4051.33,4056.65,4015.77,BE,-0.2,S419 SELL Orochi BREAKOUT@VAL 7R,BREAKOUT@VAL val=4053.64 vah=4080.40 poc=4067.02 vwap=4071.10
2025-11-21T17:10:00+07:00,2025-11-21T17:20:00+07:00,SELL,4038.72,4050.43,3956.99,BE,-0.2,S419 SELL Orochi BREAKOUT@VAL 7R,BREAKOUT@VAL val=4053.64 vah=4080.40 poc=4067.02 vwap=4070.64
2025-11-21T17:25:00+07:00,2025-11-21T18:05:00+07:00,SELL,4032.69,4044.22,3952.38,SL,-11.73,S419 SELL Orochi BREAKOUT@VAL 7R,BREAKOUT@VAL val=4053.46 vah=4079.91 poc=4066.68 vwap=4069.97
2025-11-21T18:10:00+07:00,2025-11-21T18:20:00+07:00,SELL,4040.47,4048.54,3983.82,BE,-0.2,S419 SELL Orochi BREAKOUT@VAL 7R,BREAKOUT@VAL val=4053.43 vah=4076.89 poc=4066.62 vwap=4068.42
2025-11-21T18:25:00+07:00,2025-11-21T18:35:00+07:00,SELL,4039.35,4043.19,4012.39,BE,-0.2,S419 SELL Orochi BREAKOUT@VAL 7R,BREAKOUT@VAL val=4053.43 vah=4076.89 poc=4066.62 vwap=4067.68
2025-11-21T18:40:00+07:00,2025-11-21T18:55:00+07:00,SELL,4036.57,4041.99,3998.79,BE,-0.2,S419 SELL Orochi BREAKOUT@VAL 7R,BREAKOUT@VAL val=4056.37 vah=4079.00 poc=4067.69 vwap=4066.78
2025-11-21T19:00:00+07:00,2025-11-21T19:05:00+07:00,SELL,4036.46,4040.12,4009.8,SL,-3.86,S419 SELL Orochi BREAKOUT@VAL 7R,BREAKOUT@VAL val=4056.07 vah=4078.32 poc=4067.20 vwap=4065.90
2025-11-21T19:10:00+07:00,2025-11-21T19:20:00+07:00,SELL,4044.23,4047.14,4024.1,BE,-0.2,S419 SELL Orochi BREAKOUT@VAL 7R,BREAKOUT@VAL val=4057.84 vah=4079.30 poc=4066.19 vwap=4065.44
2025-11-21T19:25:00+07:00,2025-11-21T19:30:00+07:00,SELL,4045.14,4051.75,3998.79,SL,-6.81,S419 SELL Orochi BREAKOUT@VAL 7R,BREAKOUT@VAL val=4058.27 vah=4077.76 poc=4068.99 vwap=4064.92
2025-11-22T00:00:00+07:00,2025-11-22T00:05:00+07:00,BUY,4092.63,4088.23,4123.67,SL,-4.6,S419 BUY Orochi BREAKOUT@VAH 7R,BREAKOUT@VAH val=4043.57 vah=4085.94 poc=4059.46 vwap=4062.66
2025-11-22T02:20:00+07:00,2025-11-22T02:30:00+07:00,BUY,4089.09,4083.4,4128.36,BE,-0.2,S419 BUY Orochi BREAKOUT@VAH 7R,BREAKOUT@VAH val=4043.57 vah=4085.94 poc=4059.46 vwap=4062.66
2025-11-22T02:35:00+07:00,2025-11-22T02:40:00+07:00,BUY,4089.31,4087.25,4103.89,SL,-2.26,S419 BUY Orochi BREAKOUT@VAH 7R,BREAKOUT@VAH val=4043.57 vah=4085.94 poc=4059.46 vwap=4062.66
2025-11-22T02:50:00+07:00,2025-11-22T03:00:00+07:00,BUY,4087.73,4083.5,4117.42,BE,-0.2,S419 BUY Orochi BREAKOUT@VAH 7R,BREAKOUT@VAH val=4043.57 vah=4085.94 poc=4059.46 vwap=4062.66
2025-11-24T20:00:00+07:00,2025-11-24T20:10:00+07:00,BUY,4080.1,4075.68,4109.6,BE,-0.2,S419 BUY Orochi BREAKOUT@VAH 7R,BREAKOUT@VAH val=4049.26 vah=4074.84 poc=4068.44 vwap=4059.39
2025-11-24T20:15:00+07:00,2025-11-24T20:25:00+07:00,BUY,4081.42,4076.25,4117.45,BE,-0.2,S419 BUY Orochi BREAKOUT@VAH 7R,BREAKOUT@VAH val=4049.26 vah=4074.84 poc=4068.44 vwap=4059.39
2025-11-24T20:30:00+07:00,2025-11-24T20:40:00+07:00,BUY,4083.7,4077.39,4127.15,BE,-0.2,S419 BUY Orochi BREAKOUT@VAH 7R,BREAKOUT@VAH val=4049.26 vah=4074.84 poc=4068.44 vwap=4059.39
2025-11-24T20:45:00+07:00,2025-11-24T20:55:00+07:00,BUY,4076.57,4073.46,4099.46,BE,-0.2,S419 BUY Orochi BREAKOUT@VAH 7R,BREAKOUT@VAH val=4049.26 vah=4074.84 poc=4068.44 vwap=4059.39
2025-11-24T21:00:00+07:00,2025-11-24T21:10:00+07:00,BUY,4079.39,4075.14,4108.98,BE,-0.2,S419 BUY Orochi BREAKOUT@VAH 7R,BREAKOUT@VAH val=4049.26 vah=4074.84 poc=4068.44 vwap=4059.39
2025-11-24T21:15:00+07:00,2025-11-24T21:20:00+07:00,BUY,4077.18,4075.0,4092.6,SL,-2.38,S419 BUY Orochi BREAKOUT@VAH 7R,BREAKOUT@VAH val=4049.26 vah=4074.84 poc=4068.44 vwap=4059.39
2025-11-24T21:25:00+07:00,2025-11-24T21:30:00+07:00,BUY,4075.63,4072.8,4095.52,SL,-3.03,S419 BUY Orochi BREAKOUT@VAH 7R,BREAKOUT@VAH val=4049.26 vah=4074.84 poc=4068.44 vwap=4059.39
2025-11-24T21:55:00+07:00,2025-11-25T03:30:00+07:00,BUY,4081.61,4074.77,4129.73,TP,47.92,S419 BUY Orochi BREAKOUT@VAH 7R,BREAKOUT@VAH val=4049.26 vah=4074.84 poc=4068.44 vwap=4059.39
2025-11-25T03:40:00+07:00,2025-11-25T03:50:00+07:00,BUY,4131.37,4127.66,4157.66,BE,-0.2,S419 BUY Orochi BREAKOUT@VAH 7R,BREAKOUT@VAH val=4049.26 vah=4074.84 poc=4068.44 vwap=4059.39
2025-11-25T03:55:00+07:00,2025-11-25T04:05:00+07:00,BUY,4132.65,4128.04,4164.84,BE,-0.2,S419 BUY Orochi BREAKOUT@VAH 7R,BREAKOUT@VAH val=4049.26 vah=4074.84 poc=4068.44 vwap=4059.39
2025-11-25T04:10:00+07:00,2025-11-25T04:20:00+07:00,BUY,4131.89,4129.19,4150.47,BE,-0.2,S419 BUY Orochi BREAKOUT@VAH 7R,BREAKOUT@VAH val=4049.26 vah=4074.84 poc=4068.44 vwap=4059.39
2025-11-25T04:25:00+07:00,2025-11-25T06:10:00+07:00,BUY,4132.25,4130.15,4147.35,BE,-0.2,S419 BUY Orochi BREAKOUT@VAH 7R,BREAKOUT@VAH val=4049.26 vah=4074.84 poc=4068.44 vwap=4059.39
2025-11-25T06:15:00+07:00,2025-11-25T07:55:00+07:00,BUY,4127.94,4124.3,4153.5,BE,-0.2,S419 BUY Orochi BREAKOUT@VAH 7R,BREAKOUT@VAH val=4049.26 vah=4074.84 poc=4068.44 vwap=4059.39
2025-11-25T08:05:00+07:00,2025-11-25T08:15:00+07:00,BUY,4129.63,4122.95,4177.19,SL,-6.88,S419 BUY Orochi BREAKOUT@VAH 7R,BREAKOUT@VAH val=4049.26 vah=4074.84 poc=4068.44 vwap=4059.39
2025-11-25T08:20:00+07:00,2025-11-25T15:35:00+07:00,BUY,4126.22,4121.53,4160.41,BE,-0.2,S419 BUY Orochi BREAKOUT@VAH 7R,BREAKOUT@VAH val=4049.26 vah=4074.84 poc=4068.44 vwap=4059.39
2025-11-25T15:40:00+07:00,2025-11-25T15:50:00+07:00,BUY,4127.49,4120.3,4177.74,SL,-7.39,S419 BUY Orochi BREAKOUT@VAH 7R,BREAKOUT@VAH val=4049.26 vah=4074.84 poc=4068.44 vwap=4059.39
2025-11-25T15:55:00+07:00,2025-11-25T19:45:00+07:00,BUY,4116.04,4108.24,4170.56,BE,-0.2,S419 BUY Orochi BREAKOUT@VAH 7R,BREAKOUT@VAH val=4049.26 vah=4074.84 poc=4068.44 vwap=4059.39
2025-11-26T09:35:00+07:00,2025-11-26T11:20:00+07:00,BUY,4159.04,4157.34,4170.86,BE,-0.2,S419 BUY Orochi BREAKOUT@VAH 7R,BREAKOUT@VAH val=4118.68 vah=4150.21 poc=4134.45 vwap=4126.07
2025-11-26T11:25:00+07:00,2025-11-26T12:05:00+07:00,BUY,4157.41,4156.25,4164.57,TP,6.96,S419 BUY Orochi BREAKOUT@VAH 7R,BREAKOUT@VAH val=4122.01 vah=4147.46 poc=4134.73 vwap=4130.58
2025-11-26T12:10:00+07:00,2025-11-26T12:20:00+07:00,BUY,4166.16,4161.76,4196.72,BE,-0.2,S419 BUY Orochi BREAKOUT@VAH 7R,BREAKOUT@VAH val=4124.84 vah=4147.46 poc=4134.73 vwap=4132.15
2025-11-26T12:25:00+07:00,2025-11-26T12:30:00+07:00,BUY,4166.97,4164.41,4184.81,SL,-2.76,S419 BUY Orochi BREAKOUT@VAH 7R,BREAKOUT@VAH val=4124.84 vah=4147.46 poc=4134.73 vwap=4132.69
2025-11-26T12:35:00+07:00,2025-11-26T12:55:00+07:00,BUY,4161.42,4159.71,4172.83,BE,-0.2,S419 BUY Orochi BREAKOUT@VAH 7R,BREAKOUT@VAH val=4125.25 vah=4147.57 poc=4132.22 vwap=4133.10
2025-11-26T13:00:00+07:00,2025-11-26T13:05:00+07:00,BUY,4160.59,4159.52,4168.0,SL,-1.27,S419 BUY Orochi BREAKOUT@VAH 7R,BREAKOUT@VAH val=4124.59 vah=4146.29 poc=4133.03 vwap=4134.04
2025-11-26T13:10:00+07:00,2025-11-26T13:15:00+07:00,BUY,4156.74,4156.1,4166.42,SL,-0.84,S419 BUY Orochi BREAKOUT@VAH 7R,BREAKOUT@VAH val=4125.04 vah=4146.28 poc=4131.80 vwap=4134.41
2025-11-26T13:25:00+07:00,2025-11-26T13:30:00+07:00,BUY,4158.2,4155.16,4179.16,SL,-3.24,S419 BUY Orochi BREAKOUT@VAH 7R,BREAKOUT@VAH val=4126.97 vah=4146.28 poc=4131.80 vwap=4134.78
2025-11-26T13:35:00+07:00,2025-11-26T13:55:00+07:00,BUY,4148.86,4145.96,4168.84,BE,-0.2,S419 BUY Orochi BREAKOUT@VAH 7R,BREAKOUT@VAH val=4126.97 vah=4146.28 poc=4131.80 vwap=4134.93
2025-11-26T14:00:00+07:00,2025-11-26T14:10:00+07:00,BUY,4152.74,4147.8,4187.72,BE,-0.2,S419 BUY Orochi BREAKOUT@VAH 7R,BREAKOUT@VAH val=4126.97 vah=4146.28 poc=4131.80 vwap=4135.38
2025-11-26T14:15:00+07:00,2025-11-26T14:25:00+07:00,BUY,4151.22,4148.6,4169.72,BE,-0.2,S419 BUY Orochi BREAKOUT@VAH 7R,BREAKOUT@VAH val=4126.97 vah=4146.28 poc=4131.80 vwap=4135.62
2025-11-26T14:30:00+07:00,2025-11-26T14:40:00+07:00,BUY,4154.32,4149.51,4187.59,BE,-0.2,S419 BUY Orochi BREAKOUT@VAH 7R,BREAKOUT@VAH val=4126.97 vah=4146.28 poc=4131.80 vwap=4135.86
2025-11-26T14:45:00+07:00,2025-11-26T14:55:00+07:00,BUY,4157.88,4153.1,4191.58,BE,-0.2,S419 BUY Orochi BREAKOUT@VAH 7R,BREAKOUT@VAH val=4126.97 vah=4146.28 poc=4131.80 vwap=4136.05
2025-11-26T15:00:00+07:00,2025-11-26T15:40:00+07:00,BUY,4159.03,4156.08,4179.36,BE,-0.2,S419 BUY Orochi BREAKOUT@VAH 7R,BREAKOUT@VAH val=4128.90 vah=4146.28 poc=4131.80 vwap=4136.20
2025-11-26T15:45:00+07:00,2025-11-26T18:30:00+07:00,BUY,4155.51,4153.79,4167.39,TP,11.68,S419 BUY Orochi BREAKOUT@VAH 7R,BREAKOUT@VAH val=4126.97 vah=4146.28 poc=4135.66 vwap=4136.40
2025-11-26T18:40:00+07:00,2025-11-26T18:45:00+07:00,BUY,4171.19,4169.66,4181.74,SL,-1.73,S419 BUY Orochi BREAKOUT@VAH 7R,BREAKOUT@VAH val=4128.90 vah=4148.22 poc=4145.32 vwap=4136.90
2025-11-26T18:50:00+07:00,2025-11-26T19:25:00+07:00,BUY,4167.03,4165.59,4177.03,BE,-0.2,S419 BUY Orochi BREAKOUT@VAH 7R,BREAKOUT@VAH val=4128.90 vah=4148.22 poc=4145.32 vwap=4137.09
2025-11-26T19:30:00+07:00,2025-11-26T19:40:00+07:00,BUY,4162.36,4158.38,4190.14,BE,-0.2,S419 BUY Orochi BREAKOUT@VAH 7R,BREAKOUT@VAH val=4128.90 vah=4148.22 poc=4145.32 vwap=4137.24
2025-11-26T19:45:00+07:00,2025-11-26T20:00:00+07:00,BUY,4154.52,4147.77,4202.25,BE,-0.2,S419 BUY Orochi BREAKOUT@VAH 7R,BREAKOUT@VAH val=4128.90 vah=4148.22 poc=4145.32 vwap=4137.13
2025-11-27T00:35:00+07:00,2025-11-27T00:50:00+07:00,BUY,4168.8,4164.99,4194.91,BE,-0.2,S419 BUY Orochi BREAKOUT@VAH 7R,BREAKOUT@VAH val=4134.40 vah=4168.17 poc=4164.28 vwap=4147.45
2025-11-27T01:05:00+07:00,2025-11-27T01:20:00+07:00,BUY,4168.54,4166.5,4182.66,BE,-0.2,S419 BUY Orochi BREAKOUT@VAH 7R,BREAKOUT@VAH val=4134.40 vah=4168.17 poc=4164.28 vwap=4147.45
2025-11-28T07:10:00+07:00,2025-11-28T07:20:00+07:00,BUY,4167.77,4165.11,4186.87,BE,-0.2,S419 BUY Orochi BREAKOUT@VAH 7R,BREAKOUT@VAH val=4151.20 vah=4167.19 poc=4165.01 vwap=4157.72
2025-11-28T07:40:00+07:00,2025-11-28T07:50:00+07:00,BUY,4178.93,4175.49,4202.85,BE,-0.2,S419 BUY Orochi BREAKOUT@VAH 7R,BREAKOUT@VAH val=4151.20 vah=4167.19 poc=4165.01 vwap=4157.72
2025-11-28T07:55:00+07:00,2025-11-28T11:25:00+07:00,BUY,4180.65,4177.59,4201.75,BE,-0.2,S419 BUY Orochi BREAKOUT@VAH 7R,BREAKOUT@VAH val=4151.20 vah=4167.19 poc=4165.01 vwap=4157.72
2025-11-28T11:40:00+07:00,2025-11-28T12:00:00+07:00,BUY,4185.64,4182.23,4212.55,BE,-0.2,S419 BUY Orochi BREAKOUT@VAH 7R,BREAKOUT@VAH val=4152.66 vah=4168.64 poc=4165.01 vwap=4158.30
2025-11-28T12:05:00+07:00,2025-11-28T12:20:00+07:00,BUY,4181.2,4179.1,4195.82,BE,-0.2,S419 BUY Orochi BREAKOUT@VAH 7R,BREAKOUT@VAH val=4153.50 vah=4167.94 poc=4164.93 vwap=4158.84
2025-11-28T12:25:00+07:00,2025-11-28T12:45:00+07:00,BUY,4184.95,4179.18,4226.62,BE,-0.2,S419 BUY Orochi BREAKOUT@VAH 7R,BREAKOUT@VAH val=4153.50 vah=4167.94 poc=4164.93 vwap=4158.98
2025-11-28T12:50:00+07:00,2025-11-28T12:55:00+07:00,BUY,4184.36,4183.43,4190.95,SL,-1.13,S419 BUY Orochi BREAKOUT@VAH 7R,BREAKOUT@VAH val=4152.30 vah=4167.94 poc=4164.93 vwap=4158.91
2025-11-28T13:00:00+07:00,2025-11-28T13:10:00+07:00,BUY,4183.01,4181.12,4196.32,BE,-0.2,S419 BUY Orochi BREAKOUT@VAH 7R,BREAKOUT@VAH val=4153.50 vah=4169.14 poc=4164.93 vwap=4158.83
2025-11-28T13:15:00+07:00,2025-11-28T14:25:00+07:00,BUY,4183.21,4181.95,4192.11,BE,-0.2,S419 BUY Orochi BREAKOUT@VAH 7R,BREAKOUT@VAH val=4153.50 vah=4169.14 poc=4164.93 vwap=4158.75
2025-11-28T14:35:00+07:00,2025-11-28T14:45:00+07:00,BUY,4179.55,4179.02,4184.3,BE,-0.2,S419 BUY Orochi BREAKOUT@VAH 7R,BREAKOUT@VAH val=4152.30 vah=4167.94 poc=4164.93 vwap=4158.05
2025-11-28T14:50:00+07:00,2025-11-28T14:55:00+07:00,BUY,4175.96,4174.76,4185.16,SL,-1.4,S419 BUY Orochi BREAKOUT@VAH 7R,BREAKOUT@VAH val=4152.30 vah=4167.94 poc=4164.93 vwap=4157.90
2025-11-28T16:35:00+07:00,2025-11-28T16:45:00+07:00,BUY,4163.09,4156.55,4213.43,BE,-0.2,S419 BUY Orochi BREAKOUT@VAH 7R,BREAKOUT@VAH val=4146.05 vah=4162.96 poc=4153.38 vwap=4157.27
2025-11-28T16:50:00+07:00,2025-11-28T17:30:00+07:00,BUY,4165.52,4159.71,4207.31,BE,-0.2,S419 BUY Orochi BREAKOUT@VAH 7R,BREAKOUT@VAH val=4146.05 vah=4162.96 poc=4153.38 vwap=4157.16
2025-11-28T17:40:00+07:00,2025-11-28T17:50:00+07:00,BUY,4165.83,4160.91,4200.35,BE,-0.2,S419 BUY Orochi BREAKOUT@VAH 7R,BREAKOUT@VAH val=4146.99 vah=4163.21 poc=4152.94 vwap=4156.71
2025-11-28T17:55:00+07:00,2025-11-28T18:25:00+07:00,BUY,4163.81,4161.78,4178.5,TP,14.49,S419 BUY Orochi BREAKOUT@VAH 7R,BREAKOUT@VAH val=4146.99 vah=4162.13 poc=4152.94 vwap=4156.58
2025-11-28T18:30:00+07:00,2025-11-28T18:40:00+07:00,BUY,4175.66,4172.18,4200.5,BE,-0.2,S419 BUY Orochi BREAKOUT@VAH 7R,BREAKOUT@VAH val=4146.99 vah=4161.05 poc=4152.94 vwap=4156.17
2025-11-28T18:45:00+07:00,2025-11-28T18:50:00+07:00,BUY,4173.09,4171.93,4181.13,SL,-1.36,S419 BUY Orochi BREAKOUT@VAH 7R,BREAKOUT@VAH val=4146.99 vah=4161.05 poc=4152.94 vwap=4155.97
2025-11-28T19:05:00+07:00,2025-11-28T19:15:00+07:00,BUY,4171.7,4167.31,4202.59,BE,-0.2,S419 BUY Orochi BREAKOUT@VAH 7R,BREAKOUT@VAH val=4146.99 vah=4161.05 poc=4152.94 vwap=4155.90
2025-11-28T19:20:00+07:00,2025-11-28T19:30:00+07:00,BUY,4174.91,4170.66,4204.74,BE,-0.2,S419 BUY Orochi BREAKOUT@VAH 7R,BREAKOUT@VAH val=4148.08 vah=4161.05 poc=4152.94 vwap=4155.84
2025-11-28T19:35:00+07:00,2025-11-28T19:45:00+07:00,BUY,4174.93,4173.15,4187.07,BE,-0.2,S419 BUY Orochi BREAKOUT@VAH 7R,BREAKOUT@VAH val=4148.08 vah=4161.05 poc=4152.94 vwap=4155.76
2025-11-28T19:50:00+07:00,2025-11-28T20:00:00+07:00,BUY,4176.71,4173.91,4196.79,BE,-0.2,S419 BUY Orochi BREAKOUT@VAH 7R,BREAKOUT@VAH val=4148.08 vah=4161.05 poc=4152.94 vwap=4155.68
2025-11-28T21:05:00+07:00,2025-11-28T22:10:00+07:00,BUY,4185.77,4181.62,4214.18,BE,-0.2,S419 BUY Orochi BREAKOUT@VAH 7R,BREAKOUT@VAH val=4149.15 vah=4182.14 poc=4157.40 vwap=4169.27
2025-11-28T22:15:00+07:00,2025-11-29T01:30:00+07:00,BUY,4188.92,4184.07,4222.71,TP,33.59,S419 BUY Orochi BREAKOUT@VAH 7R,BREAKOUT@VAH val=4149.15 vah=4182.14 poc=4157.40 vwap=4169.27
2025-11-29T01:35:00+07:00,2025-11-29T01:45:00+07:00,BUY,4222.75,4217.84,4256.96,BE,-0.2,S419 BUY Orochi BREAKOUT@VAH 7R,BREAKOUT@VAH val=4149.15 vah=4182.14 poc=4157.40 vwap=4169.27
2025-11-29T01:50:00+07:00,2025-11-29T02:00:00+07:00,BUY,4220.64,4219.35,4229.51,BE,-0.2,S419 BUY Orochi BREAKOUT@VAH 7R,BREAKOUT@VAH val=4149.15 vah=4182.14 poc=4157.40 vwap=4169.27
2025-11-29T02:05:00+07:00,2025-11-29T02:10:00+07:00,BUY,4220.61,4218.87,4233.19,SL,-1.94,S419 BUY Orochi BREAKOUT@VAH 7R,BREAKOUT@VAH val=4149.15 vah=4182.14 poc=4157.40 vwap=4169.27
2025-11-29T02:15:00+07:00,2025-11-29T02:25:00+07:00,BUY,4216.6,4215.3,4225.62,BE,-0.2,S419 BUY Orochi BREAKOUT@VAH 7R,BREAKOUT@VAH val=4149.15 vah=4182.14 poc=4157.40 vwap=4169.27
2025-11-29T02:30:00+07:00,2025-12-01T06:05:00+07:00,BUY,4217.46,4215.65,4232.69,BE,-0.2,S419 BUY Orochi BREAKOUT@VAH 7R,BREAKOUT@VAH val=4149.15 vah=4182.14 poc=4157.40 vwap=4169.27
2025-12-01T20:30:00+07:00,2025-12-01T20:45:00+07:00,BUY,4258.23,4251.88,4302.52,BE,-0.2,S419 BUY Orochi BREAKOUT@VAH 7R,BREAKOUT@VAH val=4229.26 vah=4255.26 poc=4239.89 vwap=4239.84
2025-12-01T22:20:00+07:00,2025-12-01T22:30:00+07:00,SELL,4224.49,4234.02,4157.86,BE,-0.2,S419 SELL Orochi BREAKOUT@VAL 7R,BREAKOUT@VAL val=4229.26 vah=4255.26 poc=4239.89 vwap=4239.84
2025-12-01T22:45:00+07:00,2025-12-01T22:55:00+07:00,SELL,4228.03,4238.64,4152.88,BE,-0.2,S419 SELL Orochi BREAKOUT@VAL 7R,BREAKOUT@VAL val=4229.26 vah=4255.26 poc=4239.89 vwap=4239.84
2025-12-02T00:00:00+07:00,2025-12-02T00:10:00+07:00,SELL,4226.23,4232.55,4181.83,BE,-0.2,S419 SELL Orochi BREAKOUT@VAL 7R,BREAKOUT@VAL val=4229.26 vah=4255.26 poc=4239.89 vwap=4239.84
2025-12-02T07:05:00+07:00,2025-12-02T07:15:00+07:00,SELL,4224.51,4228.54,4196.06,BE,-0.2,S419 SELL Orochi BREAKOUT@VAL 7R,BREAKOUT@VAL val=4229.26 vah=4255.26 poc=4239.89 vwap=4239.84
2025-12-02T07:20:00+07:00,2025-12-02T07:30:00+07:00,SELL,4223.61,4228.61,4188.77,BE,-0.2,S419 SELL Orochi BREAKOUT@VAL 7R,BREAKOUT@VAL val=4229.26 vah=4255.26 poc=4239.89 vwap=4239.84
2025-12-02T07:35:00+07:00,2025-12-02T07:40:00+07:00,SELL,4225.2,4227.41,4209.41,SL,-2.41,S419 SELL Orochi BREAKOUT@VAL 7R,BREAKOUT@VAL val=4229.26 vah=4255.26 poc=4239.89 vwap=4239.84
2025-12-02T07:45:00+07:00,2025-12-02T07:55:00+07:00,SELL,4225.45,4230.5,4190.26,BE,-0.2,S419 SELL Orochi BREAKOUT@VAL 7R,BREAKOUT@VAL val=4229.26 vah=4255.26 poc=4239.89 vwap=4239.84
2025-12-02T08:15:00+07:00,2025-12-02T08:25:00+07:00,SELL,4213.59,4215.84,4197.52,BE,-0.2,S419 SELL Orochi BREAKOUT@VAL 7R,BREAKOUT@VAL val=4229.26 vah=4255.26 poc=4239.89 vwap=4239.84
2025-12-02T08:30:00+07:00,2025-12-02T08:50:00+07:00,SELL,4214.72,4219.71,4181.15,BE,-0.2,S419 SELL Orochi BREAKOUT@VAL 7R,BREAKOUT@VAL val=4229.26 vah=4255.26 poc=4239.89 vwap=4239.84
2025-12-02T08:55:00+07:00,2025-12-02T09:05:00+07:00,SELL,4219.55,4222.76,4196.84,BE,-0.2,S419 SELL Orochi BREAKOUT@VAL 7R,BREAKOUT@VAL val=4229.26 vah=4255.26 poc=4239.89 vwap=4239.84
2025-12-02T09:10:00+07:00,2025-12-02T09:15:00+07:00,SELL,4219.23,4223.29,4190.41,SL,-4.26,S419 SELL Orochi BREAKOUT@VAL 7R,BREAKOUT@VAL val=4229.26 vah=4255.26 poc=4239.89 vwap=4239.84
2025-12-02T09:20:00+07:00,2025-12-02T09:30:00+07:00,SELL,4219.01,4224.68,4179.24,BE,-0.2,S419 SELL Orochi BREAKOUT@VAL 7R,BREAKOUT@VAL val=4229.26 vah=4255.26 poc=4239.89 vwap=4239.84
2025-12-02T09:35:00+07:00,2025-12-02T09:45:00+07:00,SELL,4218.98,4221.72,4200.36,BE,-0.2,S419 SELL Orochi BREAKOUT@VAL 7R,BREAKOUT@VAL val=4229.26 vah=4255.26 poc=4239.89 vwap=4239.84
2025-12-02T09:50:00+07:00,2025-12-02T10:00:00+07:00,SELL,4221.53,4225.61,4192.89,BE,-0.2,S419 SELL Orochi BREAKOUT@VAL 7R,BREAKOUT@VAL val=4229.26 vah=4255.26 poc=4239.89 vwap=4239.84
2025-12-02T10:05:00+07:00,2025-12-02T10:15:00+07:00,SELL,4225.0,4226.13,4217.25,BE,-0.2,S419 SELL Orochi BREAKOUT@VAL 7R,BREAKOUT@VAL val=4229.26 vah=4255.26 poc=4239.89 vwap=4239.84
2025-12-02T10:20:00+07:00,2025-12-02T10:30:00+07:00,SELL,4224.59,4227.15,4205.63,BE,-0.2,S419 SELL Orochi BREAKOUT@VAL 7R,BREAKOUT@VAL val=4229.26 vah=4255.26 poc=4239.89 vwap=4239.84
2025-12-02T10:35:00+07:00,2025-12-02T12:20:00+07:00,SELL,4222.65,4226.11,4199.15,BE,-0.2,S419 SELL Orochi BREAKOUT@VAL 7R,BREAKOUT@VAL val=4229.26 vah=4255.26 poc=4239.89 vwap=4239.84
2025-12-02T12:25:00+07:00,2025-12-02T12:35:00+07:00,SELL,4221.31,4223.75,4204.63,BE,-0.2,S419 SELL Orochi BREAKOUT@VAL 7R,BREAKOUT@VAL val=4229.26 vah=4255.26 poc=4239.89 vwap=4239.84
2025-12-02T12:40:00+07:00,2025-12-02T12:45:00+07:00,SELL,4220.31,4223.52,4198.08,SL,-3.41,S419 SELL Orochi BREAKOUT@VAL 7R,BREAKOUT@VAL val=4229.26 vah=4255.26 poc=4239.89 vwap=4239.84
2025-12-02T12:50:00+07:00,2025-12-02T13:00:00+07:00,SELL,4223.79,4225.37,4213.13,BE,-0.2,S419 SELL Orochi BREAKOUT@VAL 7R,BREAKOUT@VAL val=4229.26 vah=4255.26 poc=4239.89 vwap=4239.84
2025-12-02T13:05:00+07:00,2025-12-02T13:20:00+07:00,SELL,4225.57,4226.95,4216.23,TP,9.14,S419 SELL Orochi BREAKOUT@VAL 7R,BREAKOUT@VAL val=4229.26 vah=4255.26 poc=4239.89 vwap=4239.84
2025-12-02T13:30:00+07:00,2025-12-02T13:40:00+07:00,SELL,4207.9,4213.7,4168.34,BE,-0.2,S419 SELL Orochi BREAKOUT@VAL 7R,BREAKOUT@VAL val=4229.26 vah=4255.26 poc=4239.89 vwap=4239.84
2025-12-02T13:45:00+07:00,2025-12-02T13:50:00+07:00,SELL,4211.69,4212.98,4202.5,SL,-1.49,S419 SELL Orochi BREAKOUT@VAL 7R,BREAKOUT@VAL val=4229.26 vah=4255.26 poc=4239.89 vwap=4239.84
2025-12-02T13:55:00+07:00,2025-12-02T14:05:00+07:00,SELL,4212.82,4216.52,4186.76,BE,-0.2,S419 SELL Orochi BREAKOUT@VAL 7R,BREAKOUT@VAL val=4229.26 vah=4255.26 poc=4239.89 vwap=4239.84
2025-12-02T14:10:00+07:00,2025-12-02T14:15:00+07:00,SELL,4213.78,4215.73,4199.97,SL,-2.15,S419 SELL Orochi BREAKOUT@VAL 7R,BREAKOUT@VAL val=4229.26 vah=4255.26 poc=4239.89 vwap=4239.84
2025-12-02T14:20:00+07:00,2025-12-02T14:30:00+07:00,SELL,4218.46,4220.53,4204.13,BE,-0.2,S419 SELL Orochi BREAKOUT@VAL 7R,BREAKOUT@VAL val=4229.26 vah=4255.26 poc=4239.89 vwap=4239.84
2025-12-02T14:35:00+07:00,2025-12-02T15:20:00+07:00,SELL,4215.46,4219.71,4185.55,BE,-0.2,S419 SELL Orochi BREAKOUT@VAL 7R,BREAKOUT@VAL val=4229.26 vah=4255.26 poc=4239.89 vwap=4239.84
2025-12-02T15:25:00+07:00,2025-12-02T15:35:00+07:00,SELL,4214.43,4218.01,4189.77,BE,-0.2,S419 SELL Orochi BREAKOUT@VAL 7R,BREAKOUT@VAL val=4229.26 vah=4255.26 poc=4239.89 vwap=4239.84
2025-12-02T15:40:00+07:00,2025-12-02T15:55:00+07:00,SELL,4212.35,4217.46,4176.5,BE,-0.2,S419 SELL Orochi BREAKOUT@VAL 7R,BREAKOUT@VAL val=4229.26 vah=4255.26 poc=4239.89 vwap=4239.84
2025-12-02T16:00:00+07:00,2025-12-02T16:30:00+07:00,SELL,4211.15,4214.0,4191.28,TP,19.67,S419 SELL Orochi BREAKOUT@VAL 7R,BREAKOUT@VAL val=4229.26 vah=4255.26 poc=4239.89 vwap=4239.84
2025-12-02T16:35:00+07:00,2025-12-02T16:45:00+07:00,SELL,4189.6,4196.78,4139.18,BE,-0.2,S419 SELL Orochi BREAKOUT@VAL 7R,BREAKOUT@VAL val=4233.09 vah=4256.50 poc=4239.92 vwap=4240.39
2025-12-02T16:50:00+07:00,2025-12-02T18:20:00+07:00,SELL,4192.51,4195.11,4176.95,BE,-0.2,S419 SELL Orochi BREAKOUT@VAL 7R,BREAKOUT@VAL val=4233.09 vah=4256.50 poc=4239.92 vwap=4240.70
2025-12-02T18:25:00+07:00,2025-12-02T18:30:00+07:00,SELL,4196.98,4197.72,4191.08,SL,-0.94,S419 SELL Orochi BREAKOUT@VAL 7R,BREAKOUT@VAL val=4235.04 vah=4256.50 poc=4239.92 vwap=4242.51
2025-12-02T18:35:00+07:00,2025-12-02T18:45:00+07:00,SELL,4198.54,4201.4,4178.6,BE,-0.2,S419 SELL Orochi BREAKOUT@VAL 7R,BREAKOUT@VAL val=4235.04 vah=4254.55 poc=4239.92 vwap=4242.87
2025-12-02T18:50:00+07:00,2025-12-02T18:55:00+07:00,SELL,4203.9,4205.1,4195.42,SL,-1.4,S419 SELL Orochi BREAKOUT@VAL 7R,BREAKOUT@VAL val=4235.04 vah=4254.55 poc=4239.92 vwap=4243.15
2025-12-02T19:00:00+07:00,2025-12-02T19:10:00+07:00,SELL,4207.46,4208.46,4200.54,BE,-0.2,S419 SELL Orochi BREAKOUT@VAL 7R,BREAKOUT@VAL val=4235.04 vah=4254.55 poc=4239.92 vwap=4243.20
2025-12-02T19:20:00+07:00,2025-12-02T19:25:00+07:00,SELL,4204.69,4206.22,4193.18,SL,-1.73,S419 SELL Orochi BREAKOUT@VAL 7R,BREAKOUT@VAL val=4235.04 vah=4254.55 poc=4239.92 vwap=4243.02
2025-12-02T19:30:00+07:00,2025-12-02T19:40:00+07:00,SELL,4203.26,4207.89,4170.93,BE,-0.2,S419 SELL Orochi BREAKOUT@VAL 7R,BREAKOUT@VAL val=4235.04 vah=4254.55 poc=4239.92 vwap=4242.86
2025-12-02T19:45:00+07:00,2025-12-02T19:50:00+07:00,SELL,4205.53,4207.15,4194.75,SL,-1.82,S419 SELL Orochi BREAKOUT@VAL 7R,BREAKOUT@VAL val=4233.09 vah=4254.55 poc=4239.92 vwap=4242.82
2025-12-02T19:55:00+07:00,2025-12-02T20:00:00+07:00,SELL,4208.74,4210.38,4196.3,SL,-1.84,S419 SELL Orochi BREAKOUT@VAL 7R,BREAKOUT@VAL val=4233.09 vah=4254.55 poc=4239.92 vwap=4242.96
2025-12-02T20:15:00+07:00,2025-12-02T20:20:00+07:00,SELL,4203.3,4208.48,4167.12,SL,-5.38,S419 SELL Orochi BREAKOUT@VAL 7R,BREAKOUT@VAL val=4209.00 vah=4243.73 poc=4238.52 vwap=4225.31
2025-12-02T20:25:00+07:00,2025-12-02T20:40:00+07:00,SELL,4203.62,4209.83,4160.47,BE,-0.2,S419 SELL Orochi BREAKOUT@VAL 7R,BREAKOUT@VAL val=4209.00 vah=4243.73 poc=4238.52 vwap=4225.31
2025-12-02T20:45:00+07:00,2025-12-02T20:55:00+07:00,SELL,4206.0,4210.54,4174.06,BE,-0.2,S419 SELL Orochi BREAKOUT@VAL 7R,BREAKOUT@VAL val=4209.00 vah=4243.73 poc=4238.52 vwap=4225.31
2025-12-02T22:25:00+07:00,2025-12-02T22:35:00+07:00,SELL,4188.06,4199.96,4105.24,BE,-0.2,S419 SELL Orochi BREAKOUT@VAL 7R,BREAKOUT@VAL val=4209.00 vah=4243.73 poc=4238.52 vwap=4225.31
2025-12-02T22:40:00+07:00,2025-12-02T23:40:00+07:00,SELL,4189.14,4194.01,4155.13,BE,-0.2,S419 SELL Orochi BREAKOUT@VAL 7R,BREAKOUT@VAL val=4209.00 vah=4243.73 poc=4238.52 vwap=4225.31
2025-12-02T23:45:00+07:00,2025-12-03T00:00:00+07:00,SELL,4188.08,4192.09,4160.17,BE,-0.2,S419 SELL Orochi BREAKOUT@VAL 7R,BREAKOUT@VAL val=4209.00 vah=4243.73 poc=4238.52 vwap=4225.31
2025-12-03T00:05:00+07:00,2025-12-03T00:15:00+07:00,SELL,4188.13,4193.62,4149.78,BE,-0.2,S419 SELL Orochi BREAKOUT@VAL 7R,BREAKOUT@VAL val=4209.00 vah=4243.73 poc=4238.52 vwap=4225.31
2025-12-03T00:20:00+07:00,2025-12-03T00:30:00+07:00,SELL,4191.75,4194.08,4175.36,BE,-0.2,S419 SELL Orochi BREAKOUT@VAL 7R,BREAKOUT@VAL val=4209.00 vah=4243.73 poc=4238.52 vwap=4225.31
2025-12-03T00:35:00+07:00,2025-12-03T00:45:00+07:00,SELL,4193.82,4197.54,4167.86,BE,-0.2,S419 SELL Orochi BREAKOUT@VAL 7R,BREAKOUT@VAL val=4209.00 vah=4243.73 poc=4238.52 vwap=4225.31
2025-12-03T00:50:00+07:00,2025-12-03T01:00:00+07:00,SELL,4194.99,4197.92,4174.32,BE,-0.2,S419 SELL Orochi BREAKOUT@VAL 7R,BREAKOUT@VAL val=4209.00 vah=4243.73 poc=4238.52 vwap=4225.31
2025-12-03T01:05:00+07:00,2025-12-03T01:15:00+07:00,SELL,4192.83,4197.91,4161.27,BE,-0.2,S419 SELL Orochi BREAKOUT@VAL 7R,BREAKOUT@VAL val=4209.00 vah=4243.73 poc=4238.52 vwap=4225.31
2025-12-03T01:20:00+07:00,2025-12-03T02:00:00+07:00,SELL,4193.89,4196.36,4176.36,BE,-0.2,S419 SELL Orochi BREAKOUT@VAL 7R,BREAKOUT@VAL val=4209.00 vah=4243.73 poc=4238.52 vwap=4225.31
2025-12-03T02:05:00+07:00,2025-12-03T02:10:00+07:00,SELL,4196.35,4198.09,4184.01,SL,-1.94,S419 SELL Orochi BREAKOUT@VAL 7R,BREAKOUT@VAL val=4209.00 vah=4243.73 poc=4238.52 vwap=4225.31
2025-12-03T02:15:00+07:00,2025-12-03T02:25:00+07:00,SELL,4196.55,4199.23,4177.87,BE,-0.2,S419 SELL Orochi BREAKOUT@VAL 7R,BREAKOUT@VAL val=4209.00 vah=4243.73 poc=4238.52 vwap=4225.31
2025-12-03T02:30:00+07:00,2025-12-03T02:40:00+07:00,SELL,4197.06,4200.6,4175.24,BE,-0.2,S419 SELL Orochi BREAKOUT@VAL 7R,BREAKOUT@VAL val=4209.00 vah=4243.73 poc=4238.52 vwap=4225.31
2025-12-03T02:45:00+07:00,2025-12-03T02:55:00+07:00,SELL,4196.85,4199.03,4181.75,BE,-0.2,S419 SELL Orochi BREAKOUT@VAL 7R,BREAKOUT@VAL val=4209.00 vah=4243.73 poc=4238.52 vwap=4225.31
2025-12-03T03:00:00+07:00,2025-12-03T03:10:00+07:00,SELL,4197.58,4201.28,4173.04,BE,-0.2,S419 SELL Orochi BREAKOUT@VAL 7R,BREAKOUT@VAL val=4209.00 vah=4243.73 poc=4238.52 vwap=4225.31
2025-12-03T03:15:00+07:00,2025-12-03T03:25:00+07:00,SELL,4197.6,4199.49,4184.21,BE,-0.2,S419 SELL Orochi BREAKOUT@VAL 7R,BREAKOUT@VAL val=4209.00 vah=4243.73 poc=4238.52 vwap=4225.31
2025-12-03T03:30:00+07:00,2025-12-03T03:35:00+07:00,SELL,4204.05,4205.06,4197.14,SL,-1.21,S419 SELL Orochi BREAKOUT@VAL 7R,BREAKOUT@VAL val=4209.00 vah=4243.73 poc=4238.52 vwap=4225.31
2025-12-03T04:55:00+07:00,2025-12-03T06:05:00+07:00,SELL,4207.23,4208.71,4184.15,BE,-0.2,S419 SELL Orochi BREAKOUT@VAL 7R,BREAKOUT@VAL val=4209.00 vah=4243.73 poc=4238.52 vwap=4225.31
2025-12-03T06:30:00+07:00,2025-12-03T06:40:00+07:00,SELL,4208.63,4210.97,4188.49,BE,-0.2,S419 SELL Orochi BREAKOUT@VAL 7R,BREAKOUT@VAL val=4209.00 vah=4243.73 poc=4238.52 vwap=4225.31
2025-12-03T07:20:00+07:00,2025-12-03T07:30:00+07:00,SELL,4208.07,4212.56,4176.56,BE,-0.2,S419 SELL Orochi BREAKOUT@VAL 7R,BREAKOUT@VAL val=4212.47 vah=4243.73 poc=4238.52 vwap=4225.16
2025-12-03T07:35:00+07:00,2025-12-03T07:50:00+07:00,SELL,4208.27,4211.95,4182.03,BE,-0.2,S419 SELL Orochi BREAKOUT@VAL 7R,BREAKOUT@VAL val=4212.47 vah=4243.73 poc=4238.52 vwap=4224.70
2025-12-03T07:55:00+07:00,2025-12-03T08:00:00+07:00,SELL,4211.83,4212.71,4205.51,SL,-1.08,S419 SELL Orochi BREAKOUT@VAL 7R,BREAKOUT@VAL val=4212.47 vah=4243.73 poc=4238.52 vwap=4224.05
2025-12-03T16:15:00+07:00,2025-12-03T16:30:00+07:00,SELL,4201.83,4203.07,4192.91,BE,-0.2,S419 SELL Orochi BREAKOUT@VAL 7R,BREAKOUT@VAL val=4204.06 vah=4226.89 poc=4216.62 vwap=4212.37
2025-12-03T16:35:00+07:00,2025-12-03T16:45:00+07:00,SELL,4201.29,4203.04,4188.8,BE,-0.2,S419 SELL Orochi BREAKOUT@VAL 7R,BREAKOUT@VAL val=4204.06 vah=4226.89 poc=4216.62 vwap=4212.10
2025-12-03T16:50:00+07:00,2025-12-03T17:00:00+07:00,SELL,4201.21,4203.06,4188.02,BE,-0.2,S419 SELL Orochi BREAKOUT@VAL 7R,BREAKOUT@VAL val=4205.59 vah=4227.74 poc=4217.77 vwap=4211.91
2025-12-03T17:05:00+07:00,2025-12-03T17:25:00+07:00,SELL,4200.56,4203.23,4181.95,BE,-0.2,S419 SELL Orochi BREAKOUT@VAL 7R,BREAKOUT@VAL val=4205.90 vah=4226.46 poc=4215.15 vwap=4211.64
2025-12-03T17:30:00+07:00,2025-12-03T17:40:00+07:00,SELL,4202.72,4205.51,4183.43,BE,-0.2,S419 SELL Orochi BREAKOUT@VAL 7R,BREAKOUT@VAL val=4205.43 vah=4225.60 poc=4216.52 vwap=4211.28
2025-12-03T17:45:00+07:00,2025-12-03T17:55:00+07:00,SELL,4199.16,4203.57,4168.37,BE,-0.2,S419 SELL Orochi BREAKOUT@VAL 7R,BREAKOUT@VAL val=4205.43 vah=4225.60 poc=4216.52 vwap=4211.06
2025-12-03T18:00:00+07:00,2025-12-03T18:15:00+07:00,SELL,4198.38,4202.44,4171.72,SL,-4.26,S419 SELL Orochi BREAKOUT@VAL 7R,BREAKOUT@VAL val=4205.43 vah=4225.60 poc=4216.52 vwap=4210.77
2025-12-03T18:20:00+07:00,2025-12-03T18:25:00+07:00,SELL,4203.18,4204.27,4195.87,SL,-1.29,S419 SELL Orochi BREAKOUT@VAL 7R,BREAKOUT@VAL val=4205.64 vah=4226.30 poc=4217.85 vwap=4210.25
2025-12-03T18:30:00+07:00,2025-12-03T18:50:00+07:00,SELL,4205.46,4207.95,4188.19,BE,-0.2,S419 SELL Orochi BREAKOUT@VAL 7R,BREAKOUT@VAL val=4205.64 vah=4226.30 poc=4217.85 vwap=4210.38
2025-12-03T21:00:00+07:00,2025-12-03T21:05:00+07:00,BUY,4233.38,4231.7,4245.78,SL,-1.88,S419 BUY Orochi BREAKOUT@VAH 7R,BREAKOUT@VAH val=4194.45 vah=4225.03 poc=4206.96 vwap=4205.28
2025-12-03T21:35:00+07:00,2025-12-03T21:45:00+07:00,BUY,4234.33,4221.81,4321.89,SL,-12.72,S419 BUY Orochi BREAKOUT@VAH 7R,BREAKOUT@VAH val=4194.45 vah=4225.03 poc=4206.96 vwap=4205.28
2025-12-03T22:35:00+07:00,2025-12-03T22:45:00+07:00,BUY,4225.73,4219.51,4269.35,BE,-0.2,S419 BUY Orochi BREAKOUT@VAH 7R,BREAKOUT@VAH val=4194.45 vah=4225.03 poc=4206.96 vwap=4205.28
2025-12-04T12:20:00+07:00,2025-12-04T12:25:00+07:00,SELL,4193.14,4195.36,4176.24,SL,-2.42,S419 SELL Orochi BREAKOUT@VAL 7R,BREAKOUT@VAL val=4194.68 vah=4217.50 poc=4207.04 vwap=4208.61
2025-12-04T12:55:00+07:00,2025-12-04T13:00:00+07:00,SELL,4181.12,4182.97,4168.01,SL,-2.05,S419 SELL Orochi BREAKOUT@VAL 7R,BREAKOUT@VAL val=4196.39 vah=4218.07 poc=4208.13 vwap=4209.42
2025-12-04T13:05:00+07:00,2025-12-04T13:15:00+07:00,SELL,4182.55,4187.0,4151.24,BE,-0.2,S419 SELL Orochi BREAKOUT@VAL 7R,BREAKOUT@VAL val=4196.94 vah=4218.25 poc=4208.48 vwap=4209.67
2025-12-04T13:20:00+07:00,2025-12-04T13:30:00+07:00,SELL,4183.34,4187.07,4157.31,BE,-0.2,S419 SELL Orochi BREAKOUT@VAL 7R,BREAKOUT@VAL val=4196.64 vah=4217.18 poc=4207.64 vwap=4209.97
2025-12-04T13:35:00+07:00,2025-12-04T13:45:00+07:00,SELL,4187.31,4189.4,4173.0,BE,-0.2,S419 SELL Orochi BREAKOUT@VAL 7R,BREAKOUT@VAL val=4196.64 vah=4217.18 poc=4207.64 vwap=4210.15
2025-12-04T13:50:00+07:00,2025-12-04T14:05:00+07:00,SELL,4188.13,4191.56,4164.04,BE,-0.2,S419 SELL Orochi BREAKOUT@VAL 7R,BREAKOUT@VAL val=4198.11 vah=4217.18 poc=4207.64 vwap=4210.35
2025-12-04T14:10:00+07:00,2025-12-04T14:15:00+07:00,SELL,4192.43,4193.28,4185.68,SL,-1.05,S419 SELL Orochi BREAKOUT@VAL 7R,BREAKOUT@VAL val=4198.41 vah=4217.29 poc=4207.85 vwap=4210.60
2025-12-04T14:20:00+07:00,2025-12-04T14:50:00+07:00,SELL,4192.02,4195.95,4164.67,BE,-0.2,S419 SELL Orochi BREAKOUT@VAL 7R,BREAKOUT@VAL val=4198.87 vah=4217.47 poc=4208.17 vwap=4210.79
2025-12-04T14:55:00+07:00,2025-12-04T15:05:00+07:00,SELL,4193.83,4194.68,4187.64,BE,-0.2,S419 SELL Orochi BREAKOUT@VAL 7R,BREAKOUT@VAL val=4198.87 vah=4217.47 poc=4208.17 vwap=4211.15
2025-12-04T15:10:00+07:00,2025-12-04T15:15:00+07:00,SELL,4191.28,4196.28,4156.36,SL,-5.2,S419 SELL Orochi BREAKOUT@VAL 7R,BREAKOUT@VAL val=4198.87 vah=4217.47 poc=4208.17 vwap=4211.17
2025-12-04T15:20:00+07:00,2025-12-04T15:30:00+07:00,SELL,4193.49,4197.19,4167.67,BE,-0.2,S419 SELL Orochi BREAKOUT@VAL 7R,BREAKOUT@VAL val=4198.87 vah=4217.47 poc=4208.17 vwap=4211.18
2025-12-04T15:35:00+07:00,2025-12-04T16:30:00+07:00,SELL,4193.75,4195.23,4183.31,BE,-0.2,S419 SELL Orochi BREAKOUT@VAL 7R,BREAKOUT@VAL val=4198.87 vah=4217.47 poc=4208.17 vwap=4211.19
2025-12-04T16:35:00+07:00,2025-12-04T16:40:00+07:00,SELL,4194.31,4196.38,4179.26,SL,-2.27,S419 SELL Orochi BREAKOUT@VAL 7R,BREAKOUT@VAL val=4198.87 vah=4217.47 poc=4208.17 vwap=4211.26
2025-12-04T16:45:00+07:00,2025-12-04T16:50:00+07:00,SELL,4197.65,4199.07,4187.55,SL,-1.62,S419 SELL Orochi BREAKOUT@VAL 7R,BREAKOUT@VAL val=4198.87 vah=4217.47 poc=4208.17 vwap=4211.27
2025-12-04T19:35:00+07:00,2025-12-04T19:45:00+07:00,SELL,4191.51,4195.19,4164.55,BE,-0.2,S419 SELL Orochi BREAKOUT@VAL 7R,BREAKOUT@VAL val=4197.44 vah=4214.61 poc=4206.74 vwap=4210.24
2025-12-04T19:50:00+07:00,2025-12-04T20:00:00+07:00,SELL,4190.23,4194.13,4162.37,BE,-0.2,S419 SELL Orochi BREAKOUT@VAL 7R,BREAKOUT@VAL val=4197.44 vah=4213.18 poc=4206.74 vwap=4209.87
2025-12-05T11:15:00+07:00,2025-12-05T11:25:00+07:00,BUY,4212.11,4210.86,4221.18,BE,-0.2,S419 BUY Orochi BREAKOUT@VAH 7R,BREAKOUT@VAH val=4190.68 vah=4211.62 poc=4209.01 vwap=4199.42
2025-12-05T11:35:00+07:00,2025-12-05T11:45:00+07:00,BUY,4214.11,4211.79,4230.27,BE,-0.2,S419 BUY Orochi BREAKOUT@VAH 7R,BREAKOUT@VAH val=4188.93 vah=4209.88 poc=4202.02 vwap=4199.19
2025-12-05T11:50:00+07:00,2025-12-05T12:00:00+07:00,BUY,4215.96,4212.77,4238.13,BE,-0.2,S419 BUY Orochi BREAKOUT@VAH 7R,BREAKOUT@VAH val=4188.93 vah=4209.88 poc=4202.02 vwap=4199.00
2025-12-05T12:05:00+07:00,2025-12-05T12:15:00+07:00,BUY,4216.3,4214.93,4225.97,BE,-0.2,S419 BUY Orochi BREAKOUT@VAH 7R,BREAKOUT@VAH val=4188.93 vah=4209.88 poc=4202.02 vwap=4198.78
2025-12-05T12:20:00+07:00,2025-12-05T16:15:00+07:00,BUY,4216.49,4213.89,4234.29,BE,-0.2,S419 BUY Orochi BREAKOUT@VAH 7R,BREAKOUT@VAH val=4188.93 vah=4209.88 poc=4202.02 vwap=4198.57
2025-12-05T16:20:00+07:00,2025-12-05T21:50:00+07:00,BUY,4218.82,4215.28,4243.36,TP,24.34,S419 BUY Orochi BREAKOUT@VAH 7R,BREAKOUT@VAH val=4183.70 vah=4204.64 poc=4191.55 vwap=4196.86
2025-12-05T21:55:00+07:00,2025-12-05T22:00:00+07:00,BUY,4242.54,4239.84,4259.52,SL,-2.9,S419 BUY Orochi BREAKOUT@VAH 7R,BREAKOUT@VAH val=4196.90 vah=4221.40 poc=4207.26 vwap=4210.34
2025-12-05T22:05:00+07:00,2025-12-05T23:05:00+07:00,BUY,4237.31,4233.07,4267.23,BE,-0.2,S419 BUY Orochi BREAKOUT@VAH 7R,BREAKOUT@VAH val=4196.90 vah=4221.40 poc=4207.26 vwap=4210.34
2025-12-06T04:35:00+07:00,2025-12-06T04:45:00+07:00,SELL,4195.11,4197.9,4176.46,BE,-0.2,S419 SELL Orochi BREAKOUT@VAL 7R,BREAKOUT@VAL val=4196.90 vah=4221.40 poc=4207.26 vwap=4210.34
2025-12-08T20:30:00+07:00,2025-12-08T20:40:00+07:00,SELL,4202.84,4207.37,4171.29,BE,-0.2,S419 SELL Orochi BREAKOUT@VAL 7R,BREAKOUT@VAL val=4204.45 vah=4215.11 poc=4209.78 vwap=4208.81
2025-12-08T20:55:00+07:00,2025-12-08T21:05:00+07:00,SELL,4201.75,4206.5,4168.34,BE,-0.2,S419 SELL Orochi BREAKOUT@VAL 7R,BREAKOUT@VAL val=4204.45 vah=4215.11 poc=4209.78 vwap=4208.81
2025-12-08T21:45:00+07:00,2025-12-08T21:55:00+07:00,SELL,4201.9,4207.73,4160.93,BE,-0.2,S419 SELL Orochi BREAKOUT@VAL 7R,BREAKOUT@VAL val=4204.45 vah=4215.11 poc=4209.78 vwap=4208.81
2025-12-08T22:15:00+07:00,2025-12-08T22:20:00+07:00,SELL,4186.37,4189.45,4164.49,SL,-3.28,S419 SELL Orochi BREAKOUT@VAL 7R,BREAKOUT@VAL val=4204.45 vah=4215.11 poc=4209.78 vwap=4208.81
2025-12-08T22:25:00+07:00,2025-12-08T22:35:00+07:00,SELL,4191.97,4194.86,4171.98,BE,-0.2,S419 SELL Orochi BREAKOUT@VAL 7R,BREAKOUT@VAL val=4204.45 vah=4215.11 poc=4209.78 vwap=4208.81
2025-12-08T22:40:00+07:00,2025-12-08T23:15:00+07:00,SELL,4186.86,4194.27,4135.07,BE,-0.2,S419 SELL Orochi BREAKOUT@VAL 7R,BREAKOUT@VAL val=4204.45 vah=4215.11 poc=4209.78 vwap=4208.81
2025-12-08T23:20:00+07:00,2025-12-08T23:25:00+07:00,SELL,4192.1,4194.32,4176.72,SL,-2.42,S419 SELL Orochi BREAKOUT@VAL 7R,BREAKOUT@VAL val=4204.45 vah=4215.11 poc=4209.78 vwap=4208.81
2025-12-08T23:30:00+07:00,2025-12-09T08:00:00+07:00,SELL,4196.22,4199.12,4176.0,BE,-0.2,S419 SELL Orochi BREAKOUT@VAL 7R,BREAKOUT@VAL val=4204.45 vah=4215.11 poc=4209.78 vwap=4208.81
2025-12-09T08:05:00+07:00,2025-12-09T08:10:00+07:00,SELL,4194.77,4197.14,4178.1,SL,-2.57,S419 SELL Orochi BREAKOUT@VAL 7R,BREAKOUT@VAL val=4204.45 vah=4215.11 poc=4209.78 vwap=4208.81
2025-12-09T08:15:00+07:00,2025-12-09T08:25:00+07:00,SELL,4195.65,4197.87,4179.87,BE,-0.2,S419 SELL Orochi BREAKOUT@VAL 7R,BREAKOUT@VAL val=4204.45 vah=4215.11 poc=4209.78 vwap=4208.81
2025-12-09T08:30:00+07:00,2025-12-09T08:35:00+07:00,SELL,4194.96,4196.52,4184.12,SL,-1.76,S419 SELL Orochi BREAKOUT@VAL 7R,BREAKOUT@VAL val=4204.45 vah=4215.11 poc=4209.78 vwap=4208.81
2025-12-09T08:40:00+07:00,2025-12-09T08:50:00+07:00,SELL,4195.69,4197.78,4181.14,BE,-0.2,S419 SELL Orochi BREAKOUT@VAL 7R,BREAKOUT@VAL val=4204.45 vah=4215.11 poc=4209.78 vwap=4208.81
2025-12-09T08:55:00+07:00,2025-12-09T09:05:00+07:00,SELL,4196.11,4197.7,4185.22,BE,-0.2,S419 SELL Orochi BREAKOUT@VAL 7R,BREAKOUT@VAL val=4204.45 vah=4215.11 poc=4209.78 vwap=4208.81
2025-12-09T09:15:00+07:00,2025-12-09T10:05:00+07:00,SELL,4192.99,4195.62,4173.94,BE,-0.2,S419 SELL Orochi BREAKOUT@VAL 7R,BREAKOUT@VAL val=4204.45 vah=4215.11 poc=4209.78 vwap=4208.81
2025-12-09T10:10:00+07:00,2025-12-09T10:15:00+07:00,SELL,4193.99,4194.75,4188.83,SL,-0.96,S419 SELL Orochi BREAKOUT@VAL 7R,BREAKOUT@VAL val=4204.45 vah=4215.11 poc=4209.78 vwap=4208.81
2025-12-09T10:20:00+07:00,2025-12-09T10:30:00+07:00,SELL,4196.19,4198.5,4179.94,SL,-2.51,S419 SELL Orochi BREAKOUT@VAL 7R,BREAKOUT@VAL val=4204.45 vah=4215.11 poc=4209.78 vwap=4208.81
2025-12-09T10:40:00+07:00,2025-12-09T11:10:00+07:00,SELL,4194.08,4196.79,4175.59,BE,-0.2,S419 SELL Orochi BREAKOUT@VAL 7R,BREAKOUT@VAL val=4204.45 vah=4215.11 poc=4209.78 vwap=4208.81
2025-12-09T11:15:00+07:00,2025-12-09T11:30:00+07:00,SELL,4194.8,4196.0,4186.32,BE,-0.2,S419 SELL Orochi BREAKOUT@VAL 7R,BREAKOUT@VAL val=4204.45 vah=4215.11 poc=4209.78 vwap=4208.81
2025-12-09T11:55:00+07:00,2025-12-09T12:10:00+07:00,SELL,4186.94,4189.39,4169.87,BE,-0.2,S419 SELL Orochi BREAKOUT@VAL 7R,BREAKOUT@VAL val=4204.45 vah=4215.11 poc=4209.78 vwap=4208.81
2025-12-09T12:15:00+07:00,2025-12-09T12:35:00+07:00,SELL,4183.87,4187.88,4156.12,BE,-0.2,S419 SELL Orochi BREAKOUT@VAL 7R,BREAKOUT@VAL val=4204.45 vah=4215.11 poc=4209.78 vwap=4208.81
2025-12-09T12:40:00+07:00,2025-12-09T12:50:00+07:00,SELL,4182.01,4184.89,4162.41,BE,-0.2,S419 SELL Orochi BREAKOUT@VAL 7R,BREAKOUT@VAL val=4204.45 vah=4215.11 poc=4209.78 vwap=4208.81
2025-12-09T12:55:00+07:00,2025-12-09T13:30:00+07:00,SELL,4179.81,4182.99,4157.15,BE,-0.2,S419 SELL Orochi BREAKOUT@VAL 7R,BREAKOUT@VAL val=4204.45 vah=4215.11 poc=4209.78 vwap=4208.81
2025-12-09T13:35:00+07:00,2025-12-09T13:50:00+07:00,SELL,4182.72,4184.94,4170.78,BE,-0.2,S419 SELL Orochi BREAKOUT@VAL 7R,BREAKOUT@VAL val=4204.45 vah=4215.11 poc=4209.78 vwap=4208.81
2025-12-09T13:55:00+07:00,2025-12-09T14:00:00+07:00,SELL,4182.06,4184.0,4169.12,SL,-2.14,S419 SELL Orochi BREAKOUT@VAL 7R,BREAKOUT@VAL val=4204.45 vah=4215.11 poc=4209.78 vwap=4208.81
2025-12-09T14:05:00+07:00,2025-12-09T15:00:00+07:00,SELL,4184.92,4186.68,4172.44,BE,-0.2,S419 SELL Orochi BREAKOUT@VAL 7R,BREAKOUT@VAL val=4204.45 vah=4215.11 poc=4209.78 vwap=4208.81
2025-12-09T15:05:00+07:00,2025-12-09T15:10:00+07:00,SELL,4186.03,4187.91,4172.71,SL,-2.08,S419 SELL Orochi BREAKOUT@VAL 7R,BREAKOUT@VAL val=4204.45 vah=4215.11 poc=4209.78 vwap=4208.81
2025-12-09T15:15:00+07:00,2025-12-09T15:25:00+07:00,SELL,4187.55,4190.0,4170.16,BE,-0.2,S419 SELL Orochi BREAKOUT@VAL 7R,BREAKOUT@VAL val=4204.45 vah=4215.11 poc=4209.78 vwap=4208.81
2025-12-09T15:30:00+07:00,2025-12-09T15:35:00+07:00,SELL,4186.23,4188.74,4168.82,SL,-2.71,S419 SELL Orochi BREAKOUT@VAL 7R,BREAKOUT@VAL val=4204.45 vah=4215.11 poc=4209.78 vwap=4208.81
2025-12-09T15:40:00+07:00,2025-12-09T15:50:00+07:00,SELL,4190.83,4191.52,4185.6,BE,-0.2,S419 SELL Orochi BREAKOUT@VAL 7R,BREAKOUT@VAL val=4204.45 vah=4215.11 poc=4209.78 vwap=4208.81
2025-12-09T15:55:00+07:00,2025-12-09T16:00:00+07:00,SELL,4191.74,4192.56,4185.28,SL,-1.02,S419 SELL Orochi BREAKOUT@VAL 7R,BREAKOUT@VAL val=4204.45 vah=4215.11 poc=4209.78 vwap=4208.81
2025-12-09T16:05:00+07:00,2025-12-09T16:15:00+07:00,SELL,4202.31,4206.42,4172.74,BE,-0.2,S419 SELL Orochi BREAKOUT@VAL 7R,BREAKOUT@VAL val=4204.45 vah=4215.11 poc=4209.78 vwap=4208.81
2025-12-09T16:40:00+07:00,2025-12-09T16:50:00+07:00,SELL,4203.78,4207.37,4178.49,BE,-0.2,S419 SELL Orochi BREAKOUT@VAL 7R,BREAKOUT@VAL val=4204.46 vah=4214.44 poc=4209.45 vwap=4208.90
2025-12-09T16:55:00+07:00,2025-12-09T17:10:00+07:00,SELL,4202.75,4206.14,4180.7,BE,-0.2,S419 SELL Orochi BREAKOUT@VAL 7R,BREAKOUT@VAL val=4204.65 vah=4214.50 poc=4209.58 vwap=4208.97
2025-12-09T17:40:00+07:00,2025-12-09T17:50:00+07:00,SELL,4203.79,4206.0,4188.96,BE,-0.2,S419 SELL Orochi BREAKOUT@VAL 7R,BREAKOUT@VAL val=4204.65 vah=4214.50 poc=4209.58 vwap=4209.26
2025-12-09T17:55:00+07:00,2025-12-09T18:05:00+07:00,SELL,4203.93,4205.91,4190.15,BE,-0.2,S419 SELL Orochi BREAKOUT@VAL 7R,BREAKOUT@VAL val=4205.55 vah=4215.40 poc=4209.58 vwap=4209.30
2025-12-09T18:10:00+07:00,2025-12-09T18:20:00+07:00,SELL,4202.44,4205.38,4181.14,BE,-0.2,S419 SELL Orochi BREAKOUT@VAL 7R,BREAKOUT@VAL val=4205.55 vah=4215.40 poc=4209.58 vwap=4209.30
2025-12-09T18:25:00+07:00,2025-12-09T18:30:00+07:00,SELL,4203.82,4206.07,4188.15,SL,-2.45,S419 SELL Orochi BREAKOUT@VAL 7R,BREAKOUT@VAL val=4205.55 vah=4215.40 poc=4209.58 vwap=4209.43
2025-12-09T18:35:00+07:00,2025-12-09T19:00:00+07:00,SELL,4203.82,4207.02,4181.58,BE,-0.2,S419 SELL Orochi BREAKOUT@VAL 7R,BREAKOUT@VAL val=4205.55 vah=4215.40 poc=4209.58 vwap=4209.53
2025-12-09T19:05:00+07:00,2025-12-09T19:30:00+07:00,SELL,4203.31,4205.81,4186.05,BE,-0.2,S419 SELL Orochi BREAKOUT@VAL 7R,BREAKOUT@VAL val=4206.44 vah=4216.29 poc=4209.58 vwap=4209.72
2025-12-09T19:35:00+07:00,2025-12-09T19:45:00+07:00,SELL,4202.81,4203.95,4194.59,BE,-0.2,S419 SELL Orochi BREAKOUT@VAL 7R,BREAKOUT@VAL val=4205.93 vah=4214.90 poc=4209.60 vwap=4210.36
2025-12-09T20:05:00+07:00,2025-12-09T20:15:00+07:00,BUY,4206.17,4202.22,4233.9,BE,-0.2,S419 BUY Orochi BREAKOUT@VAH 7R,BREAKOUT@VAH val=4175.70 vah=4199.86 poc=4191.50 vwap=4193.32
2025-12-09T20:20:00+07:00,2025-12-09T20:25:00+07:00,BUY,4204.39,4201.44,4223.76,SL,-3.15,S419 BUY Orochi BREAKOUT@VAH 7R,BREAKOUT@VAH val=4175.70 vah=4199.86 poc=4191.50 vwap=4193.32
2025-12-09T20:45:00+07:00,2025-12-09T21:00:00+07:00,BUY,4200.19,4195.42,4233.98,BE,-0.2,S419 BUY Orochi BREAKOUT@VAH 7R,BREAKOUT@VAH val=4175.70 vah=4199.86 poc=4191.50 vwap=4193.32
2025-12-09T21:50:00+07:00,2025-12-09T22:00:00+07:00,BUY,4207.91,4201.42,4253.5,SL,-6.69,S419 BUY Orochi BREAKOUT@VAH 7R,BREAKOUT@VAH val=4175.70 vah=4199.86 poc=4191.50 vwap=4193.32
2025-12-09T22:25:00+07:00,2025-12-09T22:40:00+07:00,BUY,4206.28,4195.88,4279.0,BE,-0.2,S419 BUY Orochi BREAKOUT@VAH 7R,BREAKOUT@VAH val=4175.70 vah=4199.86 poc=4191.50 vwap=4193.32
2025-12-09T22:45:00+07:00,2025-12-10T00:55:00+07:00,BUY,4202.11,4197.13,4237.45,BE,-0.2,S419 BUY Orochi BREAKOUT@VAH 7R,BREAKOUT@VAH val=4175.70 vah=4199.86 poc=4191.50 vwap=4193.32
2025-12-10T01:00:00+07:00,2025-12-10T01:10:00+07:00,BUY,4202.66,4200.29,4219.33,BE,-0.2,S419 BUY Orochi BREAKOUT@VAH 7R,BREAKOUT@VAH val=4175.70 vah=4199.86 poc=4191.50 vwap=4193.32
2025-12-10T01:15:00+07:00,2025-12-10T01:25:00+07:00,BUY,4206.59,4201.37,4242.97,BE,-0.2,S419 BUY Orochi BREAKOUT@VAH 7R,BREAKOUT@VAH val=4175.70 vah=4199.86 poc=4191.50 vwap=4193.32
2025-12-10T01:30:00+07:00,2025-12-10T01:40:00+07:00,BUY,4205.21,4203.29,4218.81,BE,-0.2,S419 BUY Orochi BREAKOUT@VAH 7R,BREAKOUT@VAH val=4175.70 vah=4199.86 poc=4191.50 vwap=4193.32
2025-12-10T01:45:00+07:00,2025-12-10T10:40:00+07:00,BUY,4206.69,4203.97,4225.57,BE,-0.2,S419 BUY Orochi BREAKOUT@VAH 7R,BREAKOUT@VAH val=4175.70 vah=4199.86 poc=4191.50 vwap=4193.32
2025-12-10T10:45:00+07:00,2025-12-10T10:50:00+07:00,BUY,4206.94,4205.82,4214.94,SL,-1.32,S419 BUY Orochi BREAKOUT@VAH 7R,BREAKOUT@VAH val=4179.04 vah=4198.65 poc=4192.41 vwap=4192.31
2025-12-10T10:55:00+07:00,2025-12-10T11:20:00+07:00,BUY,4206.36,4203.12,4229.28,BE,-0.2,S419 BUY Orochi BREAKOUT@VAH 7R,BREAKOUT@VAH val=4179.04 vah=4198.65 poc=4192.41 vwap=4192.26
2025-12-10T11:25:00+07:00,2025-12-10T11:35:00+07:00,BUY,4206.81,4205.09,4219.41,BE,-0.2,S419 BUY Orochi BREAKOUT@VAH 7R,BREAKOUT@VAH val=4179.04 vah=4198.65 poc=4194.19 vwap=4192.32
2025-12-10T11:40:00+07:00,2025-12-10T12:05:00+07:00,BUY,4207.77,4205.18,4226.06,SL,-2.79,S419 BUY Orochi BREAKOUT@VAH 7R,BREAKOUT@VAH val=4179.04 vah=4198.65 poc=4194.19 vwap=4192.36
2025-12-10T12:10:00+07:00,2025-12-10T12:15:00+07:00,BUY,4203.68,4202.88,4209.2,SL,-1.0,S419 BUY Orochi BREAKOUT@VAH 7R,BREAKOUT@VAH val=4177.25 vah=4198.65 poc=4194.19 vwap=4192.40
2025-12-10T12:20:00+07:00,2025-12-10T13:30:00+07:00,BUY,4204.1,4201.36,4223.12,BE,-0.2,S419 BUY Orochi BREAKOUT@VAH 7R,BREAKOUT@VAH val=4177.25 vah=4198.65 poc=4194.19 vwap=4192.38
2025-12-10T13:35:00+07:00,2025-12-10T14:10:00+07:00,BUY,4204.74,4202.35,4221.63,BE,-0.2,S419 BUY Orochi BREAKOUT@VAH 7R,BREAKOUT@VAH val=4175.47 vah=4198.65 poc=4194.19 vwap=4192.69
2025-12-10T14:15:00+07:00,2025-12-10T14:50:00+07:00,BUY,4208.2,4203.89,4238.29,SL,-4.51,S419 BUY Orochi BREAKOUT@VAH 7R,BREAKOUT@VAH val=4173.69 vah=4198.65 poc=4194.19 vwap=4192.87
2025-12-10T14:55:00+07:00,2025-12-10T15:00:00+07:00,BUY,4203.33,4202.69,4207.89,SL,-0.84,S419 BUY Orochi BREAKOUT@VAH 7R,BREAKOUT@VAH val=4173.69 vah=4198.65 poc=4194.19 vwap=4192.99
2025-12-10T15:05:00+07:00,2025-12-10T15:10:00+07:00,BUY,4202.54,4201.43,4210.55,SL,-1.31,S419 BUY Orochi BREAKOUT@VAH 7R,BREAKOUT@VAH val=4173.69 vah=4200.44 poc=4194.19 vwap=4192.97
2025-12-10T15:20:00+07:00,2025-12-10T15:30:00+07:00,BUY,4204.88,4201.52,4228.48,BE,-0.2,S419 BUY Orochi BREAKOUT@VAH 7R,BREAKOUT@VAH val=4173.69 vah=4200.44 poc=4194.19 vwap=4192.99
2025-12-10T15:35:00+07:00,2025-12-10T15:40:00+07:00,BUY,4201.8,4200.45,4211.33,SL,-1.55,S419 BUY Orochi BREAKOUT@VAH 7R,BREAKOUT@VAH val=4173.69 vah=4200.44 poc=4194.19 vwap=4192.99
2025-12-10T20:00:00+07:00,2025-12-10T20:05:00+07:00,SELL,4196.77,4199.05,4180.73,SL,-2.48,S419 SELL Orochi BREAKOUT@VAL 7R,BREAKOUT@VAL val=4201.79 vah=4217.19 poc=4208.09 vwap=4206.09
2025-12-10T20:20:00+07:00,2025-12-10T20:25:00+07:00,SELL,4197.19,4199.64,4180.52,SL,-2.65,S419 SELL Orochi BREAKOUT@VAL 7R,BREAKOUT@VAL val=4201.79 vah=4217.19 poc=4208.09 vwap=4206.09
2025-12-10T20:30:00+07:00,2025-12-10T20:40:00+07:00,SELL,4198.34,4200.7,4181.9,BE,-0.2,S419 SELL Orochi BREAKOUT@VAL 7R,BREAKOUT@VAL val=4201.79 vah=4217.19 poc=4208.09 vwap=4206.09
2025-12-10T21:00:00+07:00,2025-12-10T21:05:00+07:00,SELL,4200.03,4204.86,4165.82,SL,-5.03,S419 SELL Orochi BREAKOUT@VAL 7R,BREAKOUT@VAL val=4201.79 vah=4217.19 poc=4208.09 vwap=4206.09
2025-12-10T21:40:00+07:00,2025-12-10T21:45:00+07:00,SELL,4197.72,4200.09,4179.13,SL,-2.57,S419 SELL Orochi BREAKOUT@VAL 7R,BREAKOUT@VAL val=4201.79 vah=4217.19 poc=4208.09 vwap=4206.09
2025-12-10T21:50:00+07:00,2025-12-10T22:00:00+07:00,SELL,4199.95,4203.29,4176.09,BE,-0.2,S419 SELL Orochi BREAKOUT@VAL 7R,BREAKOUT@VAL val=4201.79 vah=4217.19 poc=4208.09 vwap=4206.09
2025-12-10T22:05:00+07:00,2025-12-10T22:30:00+07:00,SELL,4197.45,4202.5,4162.02,BE,-0.2,S419 SELL Orochi BREAKOUT@VAL 7R,BREAKOUT@VAL val=4201.79 vah=4217.19 poc=4208.09 vwap=4206.09
2025-12-10T22:35:00+07:00,2025-12-10T23:15:00+07:00,SELL,4195.74,4200.7,4161.1,BE,-0.2,S419 SELL Orochi BREAKOUT@VAL 7R,BREAKOUT@VAL val=4201.79 vah=4217.19 poc=4208.09 vwap=4206.09
2025-12-10T23:20:00+07:00,2025-12-10T23:25:00+07:00,SELL,4198.23,4199.14,4190.42,SL,-1.11,S419 SELL Orochi BREAKOUT@VAL 7R,BREAKOUT@VAL val=4201.79 vah=4217.19 poc=4208.09 vwap=4206.09
2025-12-10T23:30:00+07:00,2025-12-10T23:40:00+07:00,SELL,4200.16,4203.88,4172.6,BE,-0.2,S419 SELL Orochi BREAKOUT@VAL 7R,BREAKOUT@VAL val=4201.79 vah=4217.19 poc=4208.09 vwap=4206.09
2025-12-11T00:30:00+07:00,2025-12-11T00:40:00+07:00,SELL,4200.35,4204.2,4173.56,BE,-0.2,S419 SELL Orochi BREAKOUT@VAL 7R,BREAKOUT@VAL val=4201.79 vah=4217.19 poc=4208.09 vwap=4206.09
2025-12-11T00:45:00+07:00,2025-12-11T02:00:00+07:00,SELL,4198.02,4202.3,4167.98,BE,-0.2,S419 SELL Orochi BREAKOUT@VAL 7R,BREAKOUT@VAL val=4201.79 vah=4217.19 poc=4208.09 vwap=4206.09
2025-12-11T02:45:00+07:00,2025-12-11T02:55:00+07:00,SELL,4191.87,4209.58,4069.02,BE,-0.2,S419 SELL Orochi BREAKOUT@VAL 7R,BREAKOUT@VAL val=4201.79 vah=4217.19 poc=4208.09 vwap=4206.09
2025-12-11T03:05:00+07:00,2025-12-11T03:25:00+07:00,BUY,4227.91,4207.66,4370.46,BE,-0.2,S419 BUY Orochi BREAKOUT@VAH 7R,BREAKOUT@VAH val=4201.79 vah=4217.19 poc=4208.09 vwap=4206.09
2025-12-11T03:30:00+07:00,2025-12-11T03:50:00+07:00,BUY,4233.79,4223.3,4307.38,BE,-0.2,S419 BUY Orochi BREAKOUT@VAH 7R,BREAKOUT@VAH val=4201.79 vah=4217.19 poc=4208.09 vwap=4206.09
2025-12-11T03:55:00+07:00,2025-12-11T04:05:00+07:00,BUY,4229.89,4227.45,4248.01,BE,-0.2,S419 BUY Orochi BREAKOUT@VAH 7R,BREAKOUT@VAH val=4201.79 vah=4217.19 poc=4208.09 vwap=4206.09
2025-12-11T04:10:00+07:00,2025-12-11T04:20:00+07:00,BUY,4228.09,4219.36,4289.28,BE,-0.2,S419 BUY Orochi BREAKOUT@VAH 7R,BREAKOUT@VAH val=4201.79 vah=4217.19 poc=4208.09 vwap=4206.09
2025-12-11T04:25:00+07:00,2025-12-11T04:35:00+07:00,BUY,4226.23,4222.13,4254.85,BE,-0.2,S419 BUY Orochi BREAKOUT@VAH 7R,BREAKOUT@VAH val=4201.79 vah=4217.19 poc=4208.09 vwap=4206.09
2025-12-11T04:40:00+07:00,2025-12-11T04:50:00+07:00,BUY,4228.08,4224.79,4251.03,BE,-0.2,S419 BUY Orochi BREAKOUT@VAH 7R,BREAKOUT@VAH val=4201.79 vah=4217.19 poc=4208.09 vwap=4206.09
2025-12-11T04:55:00+07:00,2025-12-11T06:05:00+07:00,BUY,4230.07,4225.97,4247.49,BE,-0.2,S419 BUY Orochi BREAKOUT@VAH 7R,BREAKOUT@VAH val=4201.79 vah=4217.19 poc=4208.09 vwap=4206.09
2025-12-11T06:10:00+07:00,2025-12-11T06:15:00+07:00,BUY,4225.26,4224.2,4232.44,SL,-1.26,S419 BUY Orochi BREAKOUT@VAH 7R,BREAKOUT@VAH val=4201.79 vah=4217.19 poc=4208.09 vwap=4206.09
2025-12-11T06:20:00+07:00,2025-12-11T07:10:00+07:00,BUY,4225.58,4223.25,4241.89,TP,16.11,S419 BUY Orochi BREAKOUT@VAH 7R,BREAKOUT@VAH val=4201.79 vah=4217.19 poc=4208.09 vwap=4206.09
2025-12-11T07:15:00+07:00,2025-12-11T07:25:00+07:00,BUY,4241.28,4236.36,4274.44,BE,-0.2,S419 BUY Orochi BREAKOUT@VAH 7R,BREAKOUT@VAH val=4201.79 vah=4217.19 poc=4208.09 vwap=4206.09
2025-12-11T07:30:00+07:00,2025-12-11T07:40:00+07:00,BUY,4242.04,4239.21,4261.69,BE,-0.2,S419 BUY Orochi BREAKOUT@VAH 7R,BREAKOUT@VAH val=4201.79 vah=4217.19 poc=4208.09 vwap=4206.09
2025-12-11T07:45:00+07:00,2025-12-11T07:50:00+07:00,BUY,4239.5,4238.28,4248.52,SL,-1.42,S419 BUY Orochi BREAKOUT@VAH 7R,BREAKOUT@VAH val=4200.39 vah=4217.19 poc=4208.09 vwap=4206.13
2025-12-11T07:55:00+07:00,2025-12-11T08:20:00+07:00,BUY,4237.2,4234.08,4259.12,BE,-0.2,S419 BUY Orochi BREAKOUT@VAH 7R,BREAKOUT@VAH val=4201.79 vah=4217.19 poc=4208.09 vwap=4206.21
2025-12-11T08:25:00+07:00,2025-12-11T08:30:00+07:00,BUY,4236.08,4234.23,4247.83,SL,-2.05,S419 BUY Orochi BREAKOUT@VAH 7R,BREAKOUT@VAH val=4201.79 vah=4217.19 poc=4208.09 vwap=4206.42
2025-12-11T08:35:00+07:00,2025-12-11T09:05:00+07:00,BUY,4235.37,4232.04,4259.0,BE,-0.2,S419 BUY Orochi BREAKOUT@VAH 7R,BREAKOUT@VAH val=4201.79 vah=4217.19 poc=4208.09 vwap=4206.58
2025-12-11T09:10:00+07:00,2025-12-11T09:20:00+07:00,BUY,4233.73,4230.07,4260.23,BE,-0.2,S419 BUY Orochi BREAKOUT@VAH 7R,BREAKOUT@VAH val=4203.19 vah=4217.19 poc=4208.09 vwap=4206.86
2025-12-11T09:25:00+07:00,2025-12-11T09:30:00+07:00,BUY,4229.87,4228.82,4237.78,SL,-1.25,S419 BUY Orochi BREAKOUT@VAH 7R,BREAKOUT@VAH val=4203.19 vah=4217.19 poc=4208.09 vwap=4207.00
2025-12-11T09:35:00+07:00,2025-12-11T09:55:00+07:00,BUY,4223.26,4220.32,4243.6,BE,-0.2,S419 BUY Orochi BREAKOUT@VAH 7R,BREAKOUT@VAH val=4203.19 vah=4217.19 poc=4208.09 vwap=4207.17
2025-12-11T10:00:00+07:00,2025-12-11T10:05:00+07:00,BUY,4220.89,4219.8,4227.4,SL,-1.29,S419 BUY Orochi BREAKOUT@VAH 7R,BREAKOUT@VAH val=4203.19 vah=4217.19 poc=4208.09 vwap=4207.26
2025-12-11T16:50:00+07:00,2025-12-11T17:20:00+07:00,BUY,4217.87,4216.42,4227.94,BE,-0.2,S419 BUY Orochi BREAKOUT@VAH 7R,BREAKOUT@VAH val=4198.13 vah=4217.53 poc=4207.83 vwap=4205.19
2025-12-11T18:05:00+07:00,2025-12-11T18:10:00+07:00,BUY,4218.05,4215.82,4231.1,SL,-2.43,S419 BUY Orochi BREAKOUT@VAH 7R,BREAKOUT@VAH val=4198.13 vah=4217.53 poc=4206.54 vwap=4204.97
2025-12-11T19:25:00+07:00,2025-12-11T19:35:00+07:00,BUY,4218.04,4214.28,4244.2,BE,-0.2,S419 BUY Orochi BREAKOUT@VAH 7R,BREAKOUT@VAH val=4194.25 vah=4212.36 poc=4206.54 vwap=4203.41
2025-12-11T19:40:00+07:00,2025-12-11T19:45:00+07:00,BUY,4219.27,4217.24,4232.76,SL,-2.23,S419 BUY Orochi BREAKOUT@VAH 7R,BREAKOUT@VAH val=4194.25 vah=4211.06 poc=4206.54 vwap=4203.04
2025-12-11T19:50:00+07:00,2025-12-11T20:00:00+07:00,BUY,4218.78,4216.08,4237.52,BE,-0.2,S419 BUY Orochi BREAKOUT@VAH 7R,BREAKOUT@VAH val=4194.25 vah=4211.06 poc=4206.54 vwap=4202.81
2025-12-11T20:50:00+07:00,2025-12-11T21:00:00+07:00,BUY,4221.63,4216.99,4254.03,BE,-0.2,S419 BUY Orochi BREAKOUT@VAH 7R,BREAKOUT@VAH val=4190.02 vah=4220.18 poc=4213.33 vwap=4213.29
2025-12-11T21:15:00+07:00,2025-12-11T21:30:00+07:00,BUY,4224.09,4222.42,4235.7,TP,11.41,S419 BUY Orochi BREAKOUT@VAH 7R,BREAKOUT@VAH val=4190.02 vah=4220.18 poc=4213.33 vwap=4213.29
2025-12-11T21:40:00+07:00,2025-12-11T21:45:00+07:00,BUY,4243.82,4233.86,4313.46,SL,-10.16,S419 BUY Orochi BREAKOUT@VAH 7R,BREAKOUT@VAH val=4190.02 vah=4220.18 poc=4213.33 vwap=4213.29
2025-12-11T21:50:00+07:00,2025-12-11T22:00:00+07:00,BUY,4231.04,4228.6,4248.68,BE,-0.2,S419 BUY Orochi BREAKOUT@VAH 7R,BREAKOUT@VAH val=4190.02 vah=4220.18 poc=4213.33 vwap=4213.29
2025-12-11T22:05:00+07:00,2025-12-12T16:10:00+07:00,BUY,4235.93,4224.64,4314.56,TP,78.43,S419 BUY Orochi BREAKOUT@VAH 7R,BREAKOUT@VAH val=4190.02 vah=4220.18 poc=4213.33 vwap=4213.29
2025-12-12T16:15:00+07:00,2025-12-12T16:25:00+07:00,BUY,4315.07,4309.64,4352.52,BE,-0.2,S419 BUY Orochi BREAKOUT@VAH 7R,BREAKOUT@VAH val=4206.12 vah=4225.97 poc=4214.24 vwap=4221.10
2025-12-12T16:30:00+07:00,2025-12-12T16:40:00+07:00,BUY,4309.06,4306.27,4328.67,BE,-0.2,S419 BUY Orochi BREAKOUT@VAH 7R,BREAKOUT@VAH val=4206.12 vah=4225.97 poc=4214.24 vwap=4221.05
2025-12-12T16:55:00+07:00,2025-12-12T17:05:00+07:00,BUY,4318.4,4311.85,4363.53,BE,-0.2,S419 BUY Orochi BREAKOUT@VAH 7R,BREAKOUT@VAH val=4206.12 vah=4224.16 poc=4214.24 vwap=4220.96
2025-12-12T17:10:00+07:00,2025-12-12T17:20:00+07:00,BUY,4319.36,4313.6,4359.6,BE,-0.2,S419 BUY Orochi BREAKOUT@VAH 7R,BREAKOUT@VAH val=4206.12 vah=4224.16 poc=4214.24 vwap=4220.87
2025-12-12T17:25:00+07:00,2025-12-12T17:35:00+07:00,BUY,4316.78,4315.78,4324.26,TP,7.28,S419 BUY Orochi BREAKOUT@VAH 7R,BREAKOUT@VAH val=4206.12 vah=4224.16 poc=4214.24 vwap=4220.71
2025-12-12T17:50:00+07:00,2025-12-12T17:55:00+07:00,BUY,4329.29,4325.84,4353.28,SL,-3.65,S419 BUY Orochi BREAKOUT@VAH 7R,BREAKOUT@VAH val=4207.93 vah=4222.36 poc=4214.24 vwap=4220.07
2025-12-12T18:10:00+07:00,2025-12-12T18:20:00+07:00,BUY,4335.81,4332.08,4361.2,BE,-0.2,S419 BUY Orochi BREAKOUT@VAH 7R,BREAKOUT@VAH val=4207.93 vah=4222.36 poc=4214.24 vwap=4219.48
2025-12-12T18:25:00+07:00,2025-12-12T18:35:00+07:00,BUY,4334.37,4331.22,4356.34,BE,-0.2,S419 BUY Orochi BREAKOUT@VAH 7R,BREAKOUT@VAH val=4207.74 vah=4219.69 poc=4215.42 vwap=4218.66
2025-12-12T18:40:00+07:00,2025-12-12T19:05:00+07:00,BUY,4334.6,4329.16,4372.6,BE,-0.2,S419 BUY Orochi BREAKOUT@VAH 7R,BREAKOUT@VAH val=4208.89 vah=4219.54 poc=4214.21 vwap=4217.93
2025-12-12T19:10:00+07:00,2025-12-12T19:20:00+07:00,BUY,4332.91,4330.79,4347.35,BE,-0.2,S419 BUY Orochi BREAKOUT@VAH 7R,BREAKOUT@VAH val=4210.41 vah=4219.54 poc=4214.21 vwap=4216.67
2025-12-12T19:25:00+07:00,2025-12-12T19:30:00+07:00,BUY,4332.54,4329.44,4355.44,SL,-3.3,S419 BUY Orochi BREAKOUT@VAH 7R,BREAKOUT@VAH val=4209.52 vah=4218.61 poc=4214.06 vwap=4215.99
2025-12-12T19:35:00+07:00,2025-12-12T19:45:00+07:00,BUY,4330.28,4327.08,4351.48,BE,-0.2,S419 BUY Orochi BREAKOUT@VAH 7R,BREAKOUT@VAH val=4210.57 vah=4219.33 poc=4214.95 vwap=4215.65
2025-12-12T19:50:00+07:00,2025-12-12T20:00:00+07:00,BUY,4325.52,4323.79,4338.35,BE,-0.2,S419 BUY Orochi BREAKOUT@VAH 7R,BREAKOUT@VAH val=4210.31 vah=4218.30 poc=4214.80 vwap=4215.21
2025-12-12T20:10:00+07:00,2025-12-12T20:20:00+07:00,BUY,4337.12,4330.76,4381.56,BE,-0.2,S419 BUY Orochi BREAKOUT@VAH 7R,BREAKOUT@VAH val=4233.16 vah=4294.58 poc=4275.04 vwap=4276.35
2025-12-12T20:25:00+07:00,2025-12-12T20:45:00+07:00,BUY,4335.97,4333.34,4354.3,BE,-0.2,S419 BUY Orochi BREAKOUT@VAH 7R,BREAKOUT@VAH val=4233.16 vah=4294.58 poc=4275.04 vwap=4276.35
2025-12-12T20:50:00+07:00,2025-12-12T21:30:00+07:00,BUY,4337.71,4331.12,4384.48,BE,-0.2,S419 BUY Orochi BREAKOUT@VAH 7R,BREAKOUT@VAH val=4233.16 vah=4294.58 poc=4275.04 vwap=4276.35
2025-12-12T21:40:00+07:00,2025-12-12T22:15:00+07:00,BUY,4339.78,4329.43,4412.07,BE,-0.2,S419 BUY Orochi BREAKOUT@VAH 7R,BREAKOUT@VAH val=4233.16 vah=4294.58 poc=4275.04 vwap=4276.35
2025-12-12T22:20:00+07:00,2025-12-12T22:25:00+07:00,BUY,4309.38,4305.7,4332.66,SL,-3.88,S419 BUY Orochi BREAKOUT@VAH 7R,BREAKOUT@VAH val=4233.16 vah=4294.58 poc=4275.04 vwap=4276.35
2025-12-12T22:30:00+07:00,2025-12-12T22:50:00+07:00,BUY,4304.6,4292.92,4386.6,BE,-0.2,S419 BUY Orochi BREAKOUT@VAH 7R,BREAKOUT@VAH val=4233.16 vah=4294.58 poc=4275.04 vwap=4276.35
2025-12-13T00:50:00+07:00,2025-12-13T01:05:00+07:00,BUY,4296.94,4289.6,4348.16,BE,-0.2,S419 BUY Orochi BREAKOUT@VAH 7R,BREAKOUT@VAH val=4233.16 vah=4294.58 poc=4275.04 vwap=4276.35
2025-12-13T01:10:00+07:00,2025-12-13T01:20:00+07:00,BUY,4300.96,4294.14,4347.98,BE,-0.2,S419 BUY Orochi BREAKOUT@VAH 7R,BREAKOUT@VAH val=4233.16 vah=4294.58 poc=4275.04 vwap=4276.35
2025-12-13T01:25:00+07:00,2025-12-13T01:40:00+07:00,BUY,4295.34,4292.5,4315.3,BE,-0.2,S419 BUY Orochi BREAKOUT@VAH 7R,BREAKOUT@VAH val=4233.16 vah=4294.58 poc=4275.04 vwap=4276.35
2025-12-13T01:55:00+07:00,2025-12-13T02:00:00+07:00,BUY,4294.97,4290.37,4327.09,SL,-4.8,S419 BUY Orochi BREAKOUT@VAH 7R,BREAKOUT@VAH val=4233.16 vah=4294.58 poc=4275.04 vwap=4276.35
2025-12-13T02:20:00+07:00,2025-12-13T02:35:00+07:00,BUY,4297.95,4292.4,4336.64,BE,-0.2,S419 BUY Orochi BREAKOUT@VAH 7R,BREAKOUT@VAH val=4233.16 vah=4294.58 poc=4275.04 vwap=4276.35
2025-12-13T02:40:00+07:00,2025-12-13T02:50:00+07:00,BUY,4297.34,4292.41,4331.77,BE,-0.2,S419 BUY Orochi BREAKOUT@VAH 7R,BREAKOUT@VAH val=4233.16 vah=4294.58 poc=4275.04 vwap=4276.35
2025-12-13T02:55:00+07:00,2025-12-13T03:25:00+07:00,BUY,4296.6,4293.23,4320.11,BE,-0.2,S419 BUY Orochi BREAKOUT@VAH 7R,BREAKOUT@VAH val=4233.16 vah=4294.58 poc=4275.04 vwap=4276.35
2025-12-13T03:45:00+07:00,2025-12-13T03:55:00+07:00,BUY,4300.73,4294.63,4343.19,SL,-6.3,S419 BUY Orochi BREAKOUT@VAH 7R,BREAKOUT@VAH val=4233.16 vah=4294.58 poc=4275.04 vwap=4276.35
2025-12-13T04:00:00+07:00,2025-12-13T04:55:00+07:00,BUY,4299.92,4293.15,4347.63,BE,-0.2,S419 BUY Orochi BREAKOUT@VAH 7R,BREAKOUT@VAH val=4233.16 vah=4294.58 poc=4275.04 vwap=4276.35
2025-12-15T22:05:00+07:00,2025-12-15T22:10:00+07:00,SELL,4323.01,4327.24,4293.24,SL,-4.43,S419 SELL Orochi BREAKOUT@VAL 7R,BREAKOUT@VAL val=4323.69 vah=4350.22 poc=4344.69 vwap=4331.75
2025-12-15T22:20:00+07:00,2025-12-15T22:30:00+07:00,SELL,4318.81,4329.6,4245.6,BE,-0.2,S419 SELL Orochi BREAKOUT@VAL 7R,BREAKOUT@VAL val=4323.69 vah=4350.22 poc=4344.69 vwap=4331.75
2025-12-15T22:35:00+07:00,2025-12-15T22:45:00+07:00,SELL,4319.17,4326.99,4264.67,BE,-0.2,S419 SELL Orochi BREAKOUT@VAL 7R,BREAKOUT@VAL val=4323.69 vah=4350.22 poc=4344.69 vwap=4331.75
2025-12-15T23:05:00+07:00,2025-12-16T01:30:00+07:00,SELL,4308.14,4320.91,4218.51,BE,-0.2,S419 SELL Orochi BREAKOUT@VAL 7R,BREAKOUT@VAL val=4323.69 vah=4350.22 poc=4344.69 vwap=4331.75
2025-12-16T01:35:00+07:00,2025-12-16T01:50:00+07:00,SELL,4308.38,4310.67,4292.27,BE,-0.2,S419 SELL Orochi BREAKOUT@VAL 7R,BREAKOUT@VAL val=4323.69 vah=4350.22 poc=4344.69 vwap=4331.75
2025-12-16T01:55:00+07:00,2025-12-16T02:00:00+07:00,SELL,4313.11,4314.48,4303.28,SL,-1.57,S419 SELL Orochi BREAKOUT@VAL 7R,BREAKOUT@VAL val=4323.69 vah=4350.22 poc=4344.69 vwap=4331.75
2025-12-16T02:05:00+07:00,2025-12-16T02:15:00+07:00,SELL,4313.78,4318.62,4280.06,BE,-0.2,S419 SELL Orochi BREAKOUT@VAL 7R,BREAKOUT@VAL val=4323.69 vah=4350.22 poc=4344.69 vwap=4331.75
2025-12-16T02:20:00+07:00,2025-12-16T02:35:00+07:00,SELL,4311.57,4315.39,4284.67,BE,-0.2,S419 SELL Orochi BREAKOUT@VAL 7R,BREAKOUT@VAL val=4323.69 vah=4350.22 poc=4344.69 vwap=4331.75
2025-12-16T02:40:00+07:00,2025-12-16T02:45:00+07:00,SELL,4311.3,4313.07,4298.67,SL,-1.97,S419 SELL Orochi BREAKOUT@VAL 7R,BREAKOUT@VAL val=4323.69 vah=4350.22 poc=4344.69 vwap=4331.75
2025-12-16T02:50:00+07:00,2025-12-16T03:00:00+07:00,SELL,4313.26,4314.92,4301.08,BE,-0.2,S419 SELL Orochi BREAKOUT@VAL 7R,BREAKOUT@VAL val=4323.69 vah=4350.22 poc=4344.69 vwap=4331.75
2025-12-16T03:05:00+07:00,2025-12-16T07:35:00+07:00,SELL,4312.74,4314.99,4297.23,BE,-0.2,S419 SELL Orochi BREAKOUT@VAL 7R,BREAKOUT@VAL val=4323.69 vah=4350.22 poc=4344.69 vwap=4331.75
2025-12-16T07:40:00+07:00,2025-12-16T08:25:00+07:00,SELL,4311.77,4313.94,4296.74,BE,-0.2,S419 SELL Orochi BREAKOUT@VAL 7R,BREAKOUT@VAL val=4323.69 vah=4350.22 poc=4344.69 vwap=4331.75
2025-12-16T08:30:00+07:00,2025-12-16T08:35:00+07:00,SELL,4315.37,4316.96,4303.6,SL,-1.79,S419 SELL Orochi BREAKOUT@VAL 7R,BREAKOUT@VAL val=4323.69 vah=4350.22 poc=4344.69 vwap=4331.75
2025-12-16T08:40:00+07:00,2025-12-16T10:10:00+07:00,SELL,4314.75,4318.81,4286.17,TP,28.38,S419 SELL Orochi BREAKOUT@VAL 7R,BREAKOUT@VAL val=4323.69 vah=4350.22 poc=4344.69 vwap=4331.75
2025-12-16T10:15:00+07:00,2025-12-16T10:25:00+07:00,SELL,4285.82,4291.99,4242.47,BE,-0.2,S419 SELL Orochi BREAKOUT@VAL 7R,BREAKOUT@VAL val=4323.69 vah=4350.22 poc=4344.69 vwap=4331.75
2025-12-16T10:30:00+07:00,2025-12-16T10:45:00+07:00,SELL,4288.83,4290.37,4276.93,BE,-0.2,S419 SELL Orochi BREAKOUT@VAL 7R,BREAKOUT@VAL val=4323.69 vah=4350.22 poc=4344.69 vwap=4331.75
2025-12-16T10:50:00+07:00,2025-12-16T11:25:00+07:00,SELL,4290.11,4292.79,4271.19,BE,-0.2,S419 SELL Orochi BREAKOUT@VAL 7R,BREAKOUT@VAL val=4323.69 vah=4350.22 poc=4344.69 vwap=4331.75
2025-12-16T11:30:00+07:00,2025-12-16T11:35:00+07:00,SELL,4289.59,4291.5,4276.38,SL,-2.11,S419 SELL Orochi BREAKOUT@VAL 7R,BREAKOUT@VAL val=4323.69 vah=4350.22 poc=4344.69 vwap=4331.75
2025-12-16T11:40:00+07:00,2025-12-16T11:50:00+07:00,SELL,4289.57,4292.54,4268.86,BE,-0.2,S419 SELL Orochi BREAKOUT@VAL 7R,BREAKOUT@VAL val=4323.69 vah=4350.22 poc=4344.69 vwap=4331.75
2025-12-16T11:55:00+07:00,2025-12-16T12:05:00+07:00,SELL,4289.1,4290.42,4279.78,BE,-0.2,S419 SELL Orochi BREAKOUT@VAL 7R,BREAKOUT@VAL val=4323.69 vah=4350.22 poc=4344.69 vwap=4331.75
2025-12-16T12:20:00+07:00,2025-12-16T12:50:00+07:00,SELL,4284.88,4286.96,4270.8,BE,-0.2,S419 SELL Orochi BREAKOUT@VAL 7R,BREAKOUT@VAL val=4323.69 vah=4350.22 poc=4344.69 vwap=4331.75
2025-12-16T12:55:00+07:00,2025-12-16T13:05:00+07:00,SELL,4284.09,4288.72,4251.12,BE,-0.2,S419 SELL Orochi BREAKOUT@VAL 7R,BREAKOUT@VAL val=4323.69 vah=4350.22 poc=4344.69 vwap=4331.75
2025-12-16T13:10:00+07:00,2025-12-16T13:20:00+07:00,SELL,4286.64,4289.49,4266.45,BE,-0.2,S419 SELL Orochi BREAKOUT@VAL 7R,BREAKOUT@VAL val=4323.69 vah=4350.22 poc=4344.69 vwap=4331.75
2025-12-16T13:25:00+07:00,2025-12-16T13:35:00+07:00,SELL,4286.93,4290.97,4259.05,BE,-0.2,S419 SELL Orochi BREAKOUT@VAL 7R,BREAKOUT@VAL val=4323.69 vah=4350.22 poc=4344.69 vwap=4331.75
2025-12-16T13:40:00+07:00,2025-12-16T13:50:00+07:00,SELL,4291.22,4293.12,4277.6,BE,-0.2,S419 SELL Orochi BREAKOUT@VAL 7R,BREAKOUT@VAL val=4323.69 vah=4350.22 poc=4344.69 vwap=4331.75
2025-12-16T13:55:00+07:00,2025-12-16T15:00:00+07:00,SELL,4289.24,4292.15,4268.95,BE,-0.2,S419 SELL Orochi BREAKOUT@VAL 7R,BREAKOUT@VAL val=4323.69 vah=4350.22 poc=4344.69 vwap=4331.75
2025-12-16T15:10:00+07:00,2025-12-16T15:30:00+07:00,SELL,4281.53,4288.25,4234.33,BE,-0.2,S419 SELL Orochi BREAKOUT@VAL 7R,BREAKOUT@VAL val=4323.69 vah=4350.22 poc=4344.69 vwap=4331.75
2025-12-16T15:35:00+07:00,2025-12-16T15:40:00+07:00,SELL,4277.1,4283.03,4237.11,SL,-6.13,S419 SELL Orochi BREAKOUT@VAL 7R,BREAKOUT@VAL val=4323.69 vah=4350.22 poc=4344.69 vwap=4331.75
2025-12-16T15:45:00+07:00,2025-12-16T15:55:00+07:00,SELL,4285.47,4286.82,4276.1,BE,-0.2,S419 SELL Orochi BREAKOUT@VAL 7R,BREAKOUT@VAL val=4323.69 vah=4350.22 poc=4344.69 vwap=4331.75
2025-12-16T16:00:00+07:00,2025-12-16T16:10:00+07:00,SELL,4282.2,4287.34,4246.38,BE,-0.2,S419 SELL Orochi BREAKOUT@VAL 7R,BREAKOUT@VAL val=4323.69 vah=4350.22 poc=4344.69 vwap=4331.75
2025-12-16T16:15:00+07:00,2025-12-16T16:40:00+07:00,SELL,4283.59,4286.26,4265.14,BE,-0.2,S419 SELL Orochi BREAKOUT@VAL 7R,BREAKOUT@VAL val=4323.69 vah=4350.22 poc=4344.69 vwap=4331.75
2025-12-16T16:45:00+07:00,2025-12-16T17:00:00+07:00,SELL,4280.53,4284.48,4253.52,BE,-0.2,S419 SELL Orochi BREAKOUT@VAL 7R,BREAKOUT@VAL val=4325.20 vah=4350.22 poc=4345.01 vwap=4332.39
2025-12-16T17:15:00+07:00,2025-12-16T17:20:00+07:00,SELL,4279.45,4280.37,4272.85,SL,-1.12,S419 SELL Orochi BREAKOUT@VAL 7R,BREAKOUT@VAL val=4325.20 vah=4350.22 poc=4345.01 vwap=4333.06
2025-12-16T17:25:00+07:00,2025-12-16T17:35:00+07:00,SELL,4277.78,4282.73,4243.21,BE,-0.2,S419 SELL Orochi BREAKOUT@VAL 7R,BREAKOUT@VAL val=4325.27 vah=4350.22 poc=4345.02 vwap=4333.40
2025-12-16T17:40:00+07:00,2025-12-16T17:45:00+07:00,SELL,4279.09,4279.99,4272.63,SL,-1.1,S419 SELL Orochi BREAKOUT@VAL 7R,BREAKOUT@VAL val=4325.81 vah=4350.22 poc=4345.13 vwap=4333.69
2025-12-16T17:50:00+07:00,2025-12-16T18:00:00+07:00,SELL,4276.22,4282.4,4233.52,BE,-0.2,S419 SELL Orochi BREAKOUT@VAL 7R,BREAKOUT@VAL val=4326.51 vah=4350.22 poc=4343.30 vwap=4333.95
2025-12-16T18:05:00+07:00,2025-12-16T18:15:00+07:00,SELL,4275.4,4279.47,4246.19,BE,-0.2,S419 SELL Orochi BREAKOUT@VAL 7R,BREAKOUT@VAL val=4326.84 vah=4350.22 poc=4343.40 vwap=4334.44
2025-12-16T18:20:00+07:00,2025-12-16T18:30:00+07:00,SELL,4275.95,4278.64,4257.04,BE,-0.2,S419 SELL Orochi BREAKOUT@VAL 7R,BREAKOUT@VAL val=4326.46 vah=4350.22 poc=4343.82 vwap=4335.11
2025-12-16T18:35:00+07:00,2025-12-16T18:45:00+07:00,SELL,4276.95,4280.36,4253.0,BE,-0.2,S419 SELL Orochi BREAKOUT@VAL 7R,BREAKOUT@VAL val=4326.94 vah=4350.22 poc=4344.79 vwap=4335.92
2025-12-16T18:50:00+07:00,2025-12-16T18:55:00+07:00,SELL,4277.73,4278.81,4270.41,SL,-1.28,S419 SELL Orochi BREAKOUT@VAL 7R,BREAKOUT@VAL val=4327.00 vah=4350.22 poc=4344.07 vwap=4336.57
2025-12-16T19:00:00+07:00,2025-12-16T19:05:00+07:00,SELL,4278.68,4280.49,4266.09,SL,-2.01,S419 SELL Orochi BREAKOUT@VAL 7R,BREAKOUT@VAL val=4327.07 vah=4350.22 poc=4344.43 vwap=4336.88
2025-12-16T19:10:00+07:00,2025-12-16T19:15:00+07:00,SELL,4287.8,4289.44,4276.24,SL,-1.84,S419 SELL Orochi BREAKOUT@VAL 7R,BREAKOUT@VAL val=4328.36 vah=4350.22 poc=4344.43 vwap=4337.17
2025-12-16T19:20:00+07:00,2025-12-16T19:40:00+07:00,SELL,4291.73,4293.57,4278.53,BE,-0.2,S419 SELL Orochi BREAKOUT@VAL 7R,BREAKOUT@VAL val=4328.36 vah=4350.22 poc=4344.43 vwap=4337.44
2025-12-16T19:45:00+07:00,2025-12-16T19:55:00+07:00,SELL,4293.45,4295.69,4277.45,BE,-0.2,S419 SELL Orochi BREAKOUT@VAL 7R,BREAKOUT@VAL val=4330.93 vah=4350.22 poc=4344.43 vwap=4338.02
2025-12-16T21:25:00+07:00,2025-12-16T21:35:00+07:00,BUY,4325.71,4322.13,4351.25,BE,-0.2,S419 BUY Orochi BREAKOUT@VAH 7R,BREAKOUT@VAH val=4280.95 vah=4318.30 poc=4304.29 vwap=4302.55
2025-12-16T21:40:00+07:00,2025-12-16T21:50:00+07:00,BUY,4326.47,4320.34,4369.7,BE,-0.2,S419 BUY Orochi BREAKOUT@VAH 7R,BREAKOUT@VAH val=4280.95 vah=4318.30 poc=4304.29 vwap=4302.55
2025-12-16T21:55:00+07:00,2025-12-16T22:00:00+07:00,BUY,4324.57,4321.65,4344.77,SL,-3.12,S419 BUY Orochi BREAKOUT@VAH 7R,BREAKOUT@VAH val=4280.95 vah=4318.30 poc=4304.29 vwap=4302.55
2025-12-16T22:10:00+07:00,2025-12-16T22:15:00+07:00,BUY,4324.16,4321.39,4344.11,SL,-2.97,S419 BUY Orochi BREAKOUT@VAH 7R,BREAKOUT@VAH val=4280.95 vah=4318.30 poc=4304.29 vwap=4302.55
2025-12-16T22:25:00+07:00,2025-12-16T22:35:00+07:00,BUY,4321.17,4310.49,4396.09,BE,-0.2,S419 BUY Orochi BREAKOUT@VAH 7R,BREAKOUT@VAH val=4280.95 vah=4318.30 poc=4304.29 vwap=4302.55
2025-12-16T22:40:00+07:00,2025-12-16T22:55:00+07:00,BUY,4322.25,4317.88,4353.0,BE,-0.2,S419 BUY Orochi BREAKOUT@VAH 7R,BREAKOUT@VAH val=4280.95 vah=4318.30 poc=4304.29 vwap=4302.55
2025-12-16T23:00:00+07:00,2025-12-16T23:10:00+07:00,BUY,4320.34,4314.13,4362.61,SL,-6.41,S419 BUY Orochi BREAKOUT@VAH 7R,BREAKOUT@VAH val=4280.95 vah=4318.30 poc=4304.29 vwap=4302.55
2025-12-17T08:15:00+07:00,2025-12-17T08:20:00+07:00,BUY,4316.51,4315.42,4325.18,SL,-1.29,S419 BUY Orochi BREAKOUT@VAH 7R,BREAKOUT@VAH val=4279.75 vah=4315.04 poc=4305.54 vwap=4300.32
2025-12-17T08:40:00+07:00,2025-12-17T08:50:00+07:00,BUY,4323.07,4320.02,4344.34,BE,-0.2,S419 BUY Orochi BREAKOUT@VAH 7R,BREAKOUT@VAH val=4282.21 vah=4316.67 poc=4304.75 vwap=4299.56
2025-12-17T08:55:00+07:00,2025-12-17T09:00:00+07:00,BUY,4326.7,4322.02,4359.14,SL,-4.88,S419 BUY Orochi BREAKOUT@VAH 7R,BREAKOUT@VAH val=4282.14 vah=4316.35 poc=4304.51 vwap=4298.94
2025-12-17T09:05:00+07:00,2025-12-17T09:30:00+07:00,BUY,4319.43,4317.37,4334.01,BE,-0.2,S419 BUY Orochi BREAKOUT@VAH 7R,BREAKOUT@VAH val=4284.00 vah=4318.71 poc=4305.07 vwap=4298.44
2025-12-17T09:35:00+07:00,2025-12-17T09:50:00+07:00,BUY,4319.63,4313.21,4364.89,SL,-6.62,S419 BUY Orochi BREAKOUT@VAH 7R,BREAKOUT@VAH val=4283.31 vah=4316.07 poc=4305.54 vwap=4297.28
2025-12-17T10:15:00+07:00,2025-12-17T10:25:00+07:00,BUY,4317.33,4311.57,4357.81,BE,-0.2,S419 BUY Orochi BREAKOUT@VAH 7R,BREAKOUT@VAH val=4285.37 vah=4314.86 poc=4306.01 vwap=4295.74
2025-12-17T10:30:00+07:00,2025-12-17T10:40:00+07:00,BUY,4320.76,4316.25,4352.49,BE,-0.2,S419 BUY Orochi BREAKOUT@VAH 7R,BREAKOUT@VAH val=4285.11 vah=4315.95 poc=4305.35 vwap=4295.43
2025-12-17T10:45:00+07:00,2025-12-17T10:55:00+07:00,BUY,4322.93,4319.39,4347.87,BE,-0.2,S419 BUY Orochi BREAKOUT@VAH 7R,BREAKOUT@VAH val=4275.47 vah=4306.31 poc=4288.00 vwap=4295.32
2025-12-17T11:00:00+07:00,2025-12-17T11:20:00+07:00,BUY,4322.39,4320.43,4336.19,BE,-0.2,S419 BUY Orochi BREAKOUT@VAH 7R,BREAKOUT@VAH val=4285.11 vah=4315.95 poc=4305.35 vwap=4295.39
2025-12-17T11:25:00+07:00,2025-12-17T11:30:00+07:00,BUY,4322.66,4321.52,4330.8,SL,-1.34,S419 BUY Orochi BREAKOUT@VAH 7R,BREAKOUT@VAH val=4285.11 vah=4317.88 poc=4305.35 vwap=4295.35
2025-12-17T11:45:00+07:00,2025-12-17T12:00:00+07:00,BUY,4328.7,4325.86,4349.3,BE,-0.2,S419 BUY Orochi BREAKOUT@VAH 7R,BREAKOUT@VAH val=4285.11 vah=4317.88 poc=4305.35 vwap=4295.29
2025-12-17T12:05:00+07:00,2025-12-17T12:25:00+07:00,BUY,4331.62,4327.39,4360.91,BE,-0.2,S419 BUY Orochi BREAKOUT@VAH 7R,BREAKOUT@VAH val=4271.61 vah=4306.31 poc=4288.00 vwap=4295.06
2025-12-17T12:30:00+07:00,2025-12-17T13:00:00+07:00,BUY,4333.36,4329.72,4359.16,BE,-0.2,S419 BUY Orochi BREAKOUT@VAH 7R,BREAKOUT@VAH val=4271.61 vah=4306.31 poc=4288.00 vwap=4294.80
2025-12-17T13:05:00+07:00,2025-12-17T13:15:00+07:00,BUY,4335.74,4330.67,4370.75,BE,-0.2,S419 BUY Orochi BREAKOUT@VAH 7R,BREAKOUT@VAH val=4271.61 vah=4306.31 poc=4288.00 vwap=4294.27
2025-12-17T13:20:00+07:00,2025-12-17T13:30:00+07:00,BUY,4332.82,4329.53,4355.37,SL,-3.49,S419 BUY Orochi BREAKOUT@VAH 7R,BREAKOUT@VAH val=4271.61 vah=4306.31 poc=4288.00 vwap=4293.95
2025-12-17T13:35:00+07:00,2025-12-17T13:50:00+07:00,BUY,4327.45,4326.11,4336.27,BE,-0.2,S419 BUY Orochi BREAKOUT@VAH 7R,BREAKOUT@VAH val=4271.61 vah=4306.31 poc=4288.00 vwap=4293.57
2025-12-17T13:55:00+07:00,2025-12-17T14:00:00+07:00,BUY,4328.79,4323.97,4362.69,SL,-5.02,S419 BUY Orochi BREAKOUT@VAH 7R,BREAKOUT@VAH val=4271.61 vah=4306.31 poc=4288.00 vwap=4293.24
2025-12-17T14:05:00+07:00,2025-12-17T14:10:00+07:00,BUY,4325.34,4322.8,4343.76,SL,-2.74,S419 BUY Orochi BREAKOUT@VAH 7R,BREAKOUT@VAH val=4271.61 vah=4304.38 poc=4288.00 vwap=4293.05
2025-12-17T14:15:00+07:00,2025-12-17T14:20:00+07:00,BUY,4320.86,4319.93,4326.73,SL,-1.13,S419 BUY Orochi BREAKOUT@VAH 7R,BREAKOUT@VAH val=4271.61 vah=4304.38 poc=4288.00 vwap=4292.83
2025-12-17T14:25:00+07:00,2025-12-17T14:35:00+07:00,BUY,4323.05,4318.6,4354.36,BE,-0.2,S419 BUY Orochi BREAKOUT@VAH 7R,BREAKOUT@VAH val=4271.61 vah=4304.38 poc=4288.00 vwap=4292.60
2025-12-17T14:40:00+07:00,2025-12-17T15:05:00+07:00,BUY,4316.13,4315.26,4322.3,BE,-0.2,S419 BUY Orochi BREAKOUT@VAH 7R,BREAKOUT@VAH val=4271.61 vah=4304.38 poc=4288.00 vwap=4292.30
2025-12-17T15:10:00+07:00,2025-12-17T15:20:00+07:00,BUY,4313.63,4307.51,4357.11,BE,-0.2,S419 BUY Orochi BREAKOUT@VAH 7R,BREAKOUT@VAH val=4271.61 vah=4302.46 poc=4288.00 vwap=4291.79
2025-12-17T15:25:00+07:00,2025-12-17T15:35:00+07:00,BUY,4316.25,4312.46,4343.1,BE,-0.2,S419 BUY Orochi BREAKOUT@VAH 7R,BREAKOUT@VAH val=4271.61 vah=4296.67 poc=4288.00 vwap=4291.60
2025-12-17T15:40:00+07:00,2025-12-17T15:45:00+07:00,BUY,4315.16,4313.67,4325.75,SL,-1.69,S419 BUY Orochi BREAKOUT@VAH 7R,BREAKOUT@VAH val=4273.54 vah=4296.67 poc=4288.00 vwap=4291.52
2025-12-17T15:50:00+07:00,2025-12-17T16:00:00+07:00,BUY,4317.94,4312.05,4358.69,BE,-0.2,S419 BUY Orochi BREAKOUT@VAH 7R,BREAKOUT@VAH val=4273.54 vah=4296.67 poc=4288.00 vwap=4291.46
2025-12-17T16:05:00+07:00,2025-12-17T16:55:00+07:00,BUY,4322.12,4316.7,4360.38,SL,-5.62,S419 BUY Orochi BREAKOUT@VAH 7R,BREAKOUT@VAH val=4273.54 vah=4294.74 poc=4288.00 vwap=4291.40
2025-12-17T17:00:00+07:00,2025-12-17T17:10:00+07:00,BUY,4317.43,4315.19,4332.63,BE,-0.2,S419 BUY Orochi BREAKOUT@VAH 7R,BREAKOUT@VAH val=4273.54 vah=4292.82 poc=4288.00 vwap=4290.97
2025-12-17T17:15:00+07:00,2025-12-17T17:25:00+07:00,BUY,4320.45,4315.99,4351.51,BE,-0.2,S419 BUY Orochi BREAKOUT@VAH 7R,BREAKOUT@VAH val=4273.54 vah=4292.82 poc=4288.00 vwap=4290.84
2025-12-17T17:30:00+07:00,2025-12-17T17:35:00+07:00,BUY,4313.42,4312.54,4319.82,SL,-1.08,S419 BUY Orochi BREAKOUT@VAH 7R,BREAKOUT@VAH val=4273.54 vah=4292.82 poc=4288.00 vwap=4290.64
2025-12-17T17:50:00+07:00,2025-12-17T18:20:00+07:00,BUY,4316.28,4312.46,4342.54,BE,-0.2,S419 BUY Orochi BREAKOUT@VAH 7R,BREAKOUT@VAH val=4275.47 vah=4292.82 poc=4288.00 vwap=4290.32
2025-12-17T18:25:00+07:00,2025-12-17T18:30:00+07:00,BUY,4318.21,4315.16,4339.08,SL,-3.25,S419 BUY Orochi BREAKOUT@VAH 7R,BREAKOUT@VAH val=4275.47 vah=4292.82 poc=4288.00 vwap=4289.41
2025-12-17T18:35:00+07:00,2025-12-17T18:45:00+07:00,BUY,4317.01,4314.29,4336.53,BE,-0.2,S419 BUY Orochi BREAKOUT@VAH 7R,BREAKOUT@VAH val=4275.47 vah=4290.89 poc=4288.00 vwap=4289.09
2025-12-17T18:50:00+07:00,2025-12-17T19:05:00+07:00,BUY,4317.72,4314.71,4338.63,BE,-0.2,S419 BUY Orochi BREAKOUT@VAH 7R,BREAKOUT@VAH val=4275.47 vah=4290.89 poc=4288.00 vwap=4288.42
2025-12-17T19:10:00+07:00,2025-12-17T19:35:00+07:00,BUY,4316.8,4314.37,4331.97,BE,-0.2,S419 BUY Orochi BREAKOUT@VAH 7R,BREAKOUT@VAH val=4276.69 vah=4291.93 poc=4287.70 vwap=4287.40
2025-12-17T19:40:00+07:00,2025-12-17T19:50:00+07:00,BUY,4317.42,4315.59,4330.31,BE,-0.2,S419 BUY Orochi BREAKOUT@VAH 7R,BREAKOUT@VAH val=4278.35 vah=4291.82 poc=4287.61 vwap=4286.00
2025-12-17T19:55:00+07:00,2025-12-17T20:00:00+07:00,BUY,4317.47,4315.19,4333.59,SL,-2.48,S419 BUY Orochi BREAKOUT@VAH 7R,BREAKOUT@VAH val=4277.97 vah=4290.69 poc=4288.31 vwap=4285.28
2025-12-17T20:25:00+07:00,2025-12-17T20:40:00+07:00,BUY,4327.97,4326.61,4337.41,TP,9.24,S419 BUY Orochi BREAKOUT@VAH 7R,BREAKOUT@VAH val=4303.77 vah=4327.36 poc=4317.71 vwap=4316.48
2025-12-17T20:45:00+07:00,2025-12-17T21:00:00+07:00,BUY,4333.8,4332.23,4345.27,TP,11.27,S419 BUY Orochi BREAKOUT@VAH 7R,BREAKOUT@VAH val=4303.77 vah=4327.36 poc=4317.71 vwap=4316.48
2025-12-17T21:05:00+07:00,2025-12-17T21:10:00+07:00,BUY,4342.83,4340.57,4358.09,SL,-2.46,S419 BUY Orochi BREAKOUT@VAH 7R,BREAKOUT@VAH val=4303.77 vah=4327.36 poc=4317.71 vwap=4316.48
2025-12-17T21:25:00+07:00,2025-12-17T21:35:00+07:00,BUY,4329.11,4321.9,4379.9,BE,-0.2,S419 BUY Orochi BREAKOUT@VAH 7R,BREAKOUT@VAH val=4303.77 vah=4327.36 poc=4317.71 vwap=4316.48
2025-12-17T21:40:00+07:00,2025-12-17T21:50:00+07:00,BUY,4338.25,4327.19,4415.59,BE,-0.2,S419 BUY Orochi BREAKOUT@VAH 7R,BREAKOUT@VAH val=4303.77 vah=4327.36 poc=4317.71 vwap=4316.48
2025-12-17T21:55:00+07:00,2025-12-17T22:15:00+07:00,BUY,4338.22,4334.59,4363.55,BE,-0.2,S419 BUY Orochi BREAKOUT@VAH 7R,BREAKOUT@VAH val=4303.77 vah=4327.36 poc=4317.71 vwap=4316.48
2025-12-17T22:20:00+07:00,2025-12-17T22:35:00+07:00,BUY,4339.51,4330.95,4399.19,BE,-0.2,S419 BUY Orochi BREAKOUT@VAH 7R,BREAKOUT@VAH val=4303.77 vah=4327.36 poc=4317.71 vwap=4316.48
2025-12-17T22:40:00+07:00,2025-12-17T22:50:00+07:00,BUY,4332.1,4326.09,4374.33,BE,-0.2,S419 BUY Orochi BREAKOUT@VAH 7R,BREAKOUT@VAH val=4303.77 vah=4327.36 poc=4317.71 vwap=4316.48
2025-12-17T22:55:00+07:00,2025-12-17T23:05:00+07:00,BUY,4330.32,4322.08,4387.44,BE,-0.2,S419 BUY Orochi BREAKOUT@VAH 7R,BREAKOUT@VAH val=4303.77 vah=4327.36 poc=4317.71 vwap=4316.48
2025-12-17T23:45:00+07:00,2025-12-18T00:25:00+07:00,BUY,4337.18,4323.66,4431.58,BE,-0.2,S419 BUY Orochi BREAKOUT@VAH 7R,BREAKOUT@VAH val=4303.77 vah=4327.36 poc=4317.71 vwap=4316.48
2025-12-18T00:30:00+07:00,2025-12-18T00:40:00+07:00,BUY,4339.43,4334.65,4373.21,BE,-0.2,S419 BUY Orochi BREAKOUT@VAH 7R,BREAKOUT@VAH val=4303.77 vah=4327.36 poc=4317.71 vwap=4316.48
2025-12-18T00:45:00+07:00,2025-12-18T00:50:00+07:00,BUY,4339.98,4335.84,4368.64,SL,-4.34,S419 BUY Orochi BREAKOUT@VAH 7R,BREAKOUT@VAH val=4303.77 vah=4327.36 poc=4317.71 vwap=4316.48
2025-12-18T00:55:00+07:00,2025-12-18T01:15:00+07:00,BUY,4342.4,4334.57,4396.97,BE,-0.2,S419 BUY Orochi BREAKOUT@VAH 7R,BREAKOUT@VAH val=4303.77 vah=4327.36 poc=4317.71 vwap=4316.48
2025-12-18T01:20:00+07:00,2025-12-18T01:30:00+07:00,BUY,4340.82,4337.34,4364.78,BE,-0.2,S419 BUY Orochi BREAKOUT@VAH 7R,BREAKOUT@VAH val=4303.77 vah=4327.36 poc=4317.71 vwap=4316.48
2025-12-18T01:35:00+07:00,2025-12-18T01:40:00+07:00,BUY,4336.56,4335.5,4343.58,SL,-1.26,S419 BUY Orochi BREAKOUT@VAH 7R,BREAKOUT@VAH val=4303.77 vah=4327.36 poc=4317.71 vwap=4316.48
2025-12-18T01:45:00+07:00,2025-12-18T01:55:00+07:00,BUY,4332.13,4328.6,4356.44,BE,-0.2,S419 BUY Orochi BREAKOUT@VAH 7R,BREAKOUT@VAH val=4303.77 vah=4327.36 poc=4317.71 vwap=4316.48
2025-12-18T02:00:00+07:00,2025-12-18T02:10:00+07:00,BUY,4336.45,4330.94,4374.94,BE,-0.2,S419 BUY Orochi BREAKOUT@VAH 7R,BREAKOUT@VAH val=4303.77 vah=4327.36 poc=4317.71 vwap=4316.48
2025-12-18T02:15:00+07:00,2025-12-18T02:35:00+07:00,BUY,4337.59,4334.56,4359.44,BE,-0.2,S419 BUY Orochi BREAKOUT@VAH 7R,BREAKOUT@VAH val=4303.77 vah=4327.36 poc=4317.71 vwap=4316.48
2025-12-18T02:40:00+07:00,2025-12-18T02:50:00+07:00,BUY,4335.33,4333.53,4347.77,BE,-0.2,S419 BUY Orochi BREAKOUT@VAH 7R,BREAKOUT@VAH val=4303.77 vah=4327.36 poc=4317.71 vwap=4316.48
2025-12-18T03:00:00+07:00,2025-12-18T06:10:00+07:00,BUY,4336.6,4332.12,4367.64,BE,-0.2,S419 BUY Orochi BREAKOUT@VAH 7R,BREAKOUT@VAH val=4303.77 vah=4327.36 poc=4317.71 vwap=4316.48
2025-12-18T06:15:00+07:00,2025-12-18T06:30:00+07:00,BUY,4337.57,4334.9,4356.34,BE,-0.2,S419 BUY Orochi BREAKOUT@VAH 7R,BREAKOUT@VAH val=4303.77 vah=4327.36 poc=4317.71 vwap=4316.48
2025-12-18T06:35:00+07:00,2025-12-18T06:55:00+07:00,BUY,4339.56,4336.79,4359.27,BE,-0.2,S419 BUY Orochi BREAKOUT@VAH 7R,BREAKOUT@VAH val=4303.77 vah=4327.36 poc=4317.71 vwap=4316.48
2025-12-18T07:00:00+07:00,2025-12-18T07:05:00+07:00,BUY,4339.33,4337.94,4348.82,SL,-1.59,S419 BUY Orochi BREAKOUT@VAH 7R,BREAKOUT@VAH val=4303.77 vah=4327.36 poc=4317.71 vwap=4316.48
2025-12-18T07:10:00+07:00,2025-12-18T07:20:00+07:00,BUY,4338.32,4336.33,4352.17,BE,-0.2,S419 BUY Orochi BREAKOUT@VAH 7R,BREAKOUT@VAH val=4303.77 vah=4327.36 poc=4317.71 vwap=4316.48
2025-12-18T07:25:00+07:00,2025-12-18T07:40:00+07:00,BUY,4337.83,4336.59,4345.71,BE,-0.2,S419 BUY Orochi BREAKOUT@VAH 7R,BREAKOUT@VAH val=4304.08 vah=4327.48 poc=4320.04 vwap=4316.72
2025-12-18T07:45:00+07:00,2025-12-18T07:50:00+07:00,BUY,4333.95,4333.18,4339.02,SL,-0.97,S419 BUY Orochi BREAKOUT@VAH 7R,BREAKOUT@VAH val=4304.08 vah=4327.48 poc=4320.04 vwap=4317.00
2025-12-18T07:55:00+07:00,2025-12-18T08:00:00+07:00,BUY,4334.75,4332.4,4351.28,SL,-2.55,S419 BUY Orochi BREAKOUT@VAH 7R,BREAKOUT@VAH val=4306.21 vah=4329.61 poc=4320.04 vwap=4317.15
2025-12-18T09:05:00+07:00,2025-12-18T09:15:00+07:00,BUY,4332.4,4329.91,4349.27,BE,-0.2,S419 BUY Orochi BREAKOUT@VAH 7R,BREAKOUT@VAH val=4304.08 vah=4327.48 poc=4320.04 vwap=4316.95
2025-12-18T09:20:00+07:00,2025-12-18T09:40:00+07:00,BUY,4334.48,4329.06,4372.74,BE,-0.2,S419 BUY Orochi BREAKOUT@VAH 7R,BREAKOUT@VAH val=4304.08 vah=4325.35 poc=4317.91 vwap=4316.69
2025-12-18T09:45:00+07:00,2025-12-18T09:50:00+07:00,BUY,4331.42,4330.75,4336.51,SL,-0.87,S419 BUY Orochi BREAKOUT@VAH 7R,BREAKOUT@VAH val=4304.08 vah=4325.35 poc=4317.91 vwap=4316.40
2025-12-18T09:55:00+07:00,2025-12-18T10:10:00+07:00,BUY,4333.18,4329.94,4356.02,BE,-0.2,S419 BUY Orochi BREAKOUT@VAH 7R,BREAKOUT@VAH val=4304.08 vah=4325.35 poc=4317.91 vwap=4316.25
2025-12-18T10:15:00+07:00,2025-12-18T10:20:00+07:00,BUY,4336.4,4332.24,4365.44,SL,-4.36,S419 BUY Orochi BREAKOUT@VAH 7R,BREAKOUT@VAH val=4304.08 vah=4325.35 poc=4317.91 vwap=4315.98
2025-12-18T10:25:00+07:00,2025-12-18T10:35:00+07:00,BUY,4333.24,4331.3,4346.5,BE,-0.2,S419 BUY Orochi BREAKOUT@VAH 7R,BREAKOUT@VAH val=4301.96 vah=4323.23 poc=4317.91 vwap=4315.94
2025-12-18T10:40:00+07:00,2025-12-18T10:45:00+07:00,BUY,4332.3,4331.64,4336.76,SL,-0.86,S419 BUY Orochi BREAKOUT@VAH 7R,BREAKOUT@VAH val=4304.08 vah=4325.35 poc=4317.91 vwap=4316.05
2025-12-18T10:50:00+07:00,2025-12-18T11:00:00+07:00,BUY,4332.99,4330.53,4350.29,BE,-0.2,S419 BUY Orochi BREAKOUT@VAH 7R,BREAKOUT@VAH val=4304.08 vah=4325.35 poc=4317.91 vwap=4316.21
2025-12-18T11:05:00+07:00,2025-12-18T11:10:00+07:00,BUY,4331.19,4330.55,4335.59,SL,-0.84,S419 BUY Orochi BREAKOUT@VAH 7R,BREAKOUT@VAH val=4304.60 vah=4325.38 poc=4316.88 vwap=4316.77
2025-12-18T11:15:00+07:00,2025-12-18T11:25:00+07:00,BUY,4330.11,4328.51,4341.23,BE,-0.2,S419 BUY Orochi BREAKOUT@VAH 7R,BREAKOUT@VAH val=4304.60 vah=4325.38 poc=4316.88 vwap=4317.02
2025-12-18T11:30:00+07:00,2025-12-18T11:35:00+07:00,BUY,4331.14,4328.64,4348.4,SL,-2.7,S419 BUY Orochi BREAKOUT@VAH 7R,BREAKOUT@VAH val=4304.60 vah=4325.38 poc=4316.88 vwap=4317.26
2025-12-18T11:40:00+07:00,2025-12-18T15:00:00+07:00,BUY,4329.57,4328.13,4339.41,BE,-0.2,S419 BUY Orochi BREAKOUT@VAH 7R,BREAKOUT@VAH val=4304.60 vah=4325.38 poc=4316.88 vwap=4317.42
2025-12-18T15:10:00+07:00,2025-12-18T15:20:00+07:00,BUY,4328.44,4324.23,4357.27,BE,-0.2,S419 BUY Orochi BREAKOUT@VAH 7R,BREAKOUT@VAH val=4311.12 vah=4326.74 poc=4317.19 vwap=4320.68
2025-12-18T15:25:00+07:00,2025-12-18T15:35:00+07:00,BUY,4327.19,4325.12,4341.76,BE,-0.2,S419 BUY Orochi BREAKOUT@VAH 7R,BREAKOUT@VAH val=4311.12 vah=4326.74 poc=4317.19 vwap=4320.95
2025-12-18T15:40:00+07:00,2025-12-18T15:50:00+07:00,BUY,4328.52,4325.01,4353.25,BE,-0.2,S419 BUY Orochi BREAKOUT@VAH 7R,BREAKOUT@VAH val=4311.12 vah=4326.74 poc=4317.19 vwap=4321.11
2025-12-18T16:05:00+07:00,2025-12-18T16:15:00+07:00,BUY,4326.44,4324.24,4342.24,BE,-0.2,S419 BUY Orochi BREAKOUT@VAH 7R,BREAKOUT@VAH val=4311.93 vah=4325.46 poc=4317.85 vwap=4321.27
2025-12-18T18:10:00+07:00,2025-12-18T18:20:00+07:00,BUY,4327.31,4326.39,4333.59,BE,-0.2,S419 BUY Orochi BREAKOUT@VAH 7R,BREAKOUT@VAH val=4312.55 vah=4325.97 poc=4317.77 vwap=4322.17
2025-12-18T18:45:00+07:00,2025-12-18T18:55:00+07:00,BUY,4326.35,4324.92,4335.96,BE,-0.2,S419 BUY Orochi BREAKOUT@VAH 7R,BREAKOUT@VAH val=4312.55 vah=4325.97 poc=4317.77 vwap=4322.61
2025-12-18T20:10:00+07:00,2025-12-18T20:15:00+07:00,SELL,4316.37,4321.49,4281.57,SL,-5.32,S419 SELL Orochi BREAKOUT@VAL 7R,BREAKOUT@VAL val=4326.39 vah=4340.57 poc=4334.19 vwap=4333.38
2025-12-18T20:20:00+07:00,2025-12-18T20:30:00+07:00,SELL,4320.06,4324.72,4287.36,BE,-0.2,S419 SELL Orochi BREAKOUT@VAL 7R,BREAKOUT@VAL val=4326.39 vah=4340.57 poc=4334.19 vwap=4333.38
2025-12-18T21:50:00+07:00,2025-12-18T21:55:00+07:00,SELL,4323.51,4326.3,4303.66,SL,-2.99,S419 SELL Orochi BREAKOUT@VAL 7R,BREAKOUT@VAL val=4326.39 vah=4340.57 poc=4334.19 vwap=4333.38
2025-12-18T23:05:00+07:00,2025-12-19T00:05:00+07:00,BUY,4346.55,4336.31,4417.11,BE,-0.2,S419 BUY Orochi BREAKOUT@VAH 7R,BREAKOUT@VAH val=4326.39 vah=4340.57 poc=4334.19 vwap=4333.38
2025-12-19T02:55:00+07:00,2025-12-19T03:00:00+07:00,SELL,4324.99,4330.32,4287.84,SL,-5.53,S419 SELL Orochi BREAKOUT@VAL 7R,BREAKOUT@VAL val=4326.39 vah=4340.57 poc=4334.19 vwap=4333.38
2025-12-19T08:05:00+07:00,2025-12-19T08:15:00+07:00,SELL,4324.79,4328.23,4300.87,BE,-0.2,S419 SELL Orochi BREAKOUT@VAL 7R,BREAKOUT@VAL val=4326.59 vah=4341.14 poc=4333.87 vwap=4333.58
2025-12-19T08:35:00+07:00,2025-12-19T08:45:00+07:00,SELL,4317.4,4319.22,4304.26,BE,-0.2,S419 SELL Orochi BREAKOUT@VAL 7R,BREAKOUT@VAL val=4326.59 vah=4341.14 poc=4333.87 vwap=4333.49
2025-12-19T08:50:00+07:00,2025-12-19T09:00:00+07:00,SELL,4323.75,4325.4,4312.76,BE,-0.2,S419 SELL Orochi BREAKOUT@VAL 7R,BREAKOUT@VAL val=4326.59 vah=4341.14 poc=4333.87 vwap=4333.57
2025-12-19T09:05:00+07:00,2025-12-19T12:35:00+07:00,SELL,4326.27,4329.32,4304.68,BE,-0.2,S419 SELL Orochi BREAKOUT@VAL 7R,BREAKOUT@VAL val=4326.59 vah=4341.14 poc=4333.87 vwap=4333.52
2025-12-19T13:05:00+07:00,2025-12-19T13:15:00+07:00,SELL,4326.35,4328.11,4312.91,BE,-0.2,S419 SELL Orochi BREAKOUT@VAL 7R,BREAKOUT@VAL val=4326.96 vah=4340.21 poc=4333.59 vwap=4332.44
2025-12-19T14:55:00+07:00,2025-12-19T15:05:00+07:00,SELL,4322.58,4325.74,4300.94,BE,-0.2,S419 SELL Orochi BREAKOUT@VAL 7R,BREAKOUT@VAL val=4324.56 vah=4337.80 poc=4333.59 vwap=4331.65
2025-12-19T15:10:00+07:00,2025-12-19T15:15:00+07:00,SELL,4322.87,4325.44,4305.04,SL,-2.77,S419 SELL Orochi BREAKOUT@VAL 7R,BREAKOUT@VAL val=4325.76 vah=4337.80 poc=4333.59 vwap=4331.41
2025-12-19T15:20:00+07:00,2025-12-19T15:30:00+07:00,SELL,4323.42,4326.74,4300.34,BE,-0.2,S419 SELL Orochi BREAKOUT@VAL 7R,BREAKOUT@VAL val=4325.76 vah=4337.80 poc=4333.59 vwap=4331.26
2025-12-19T17:35:00+07:00,2025-12-19T17:45:00+07:00,SELL,4325.31,4328.31,4304.23,BE,-0.2,S419 SELL Orochi BREAKOUT@VAL 7R,BREAKOUT@VAL val=4326.83 vah=4337.38 poc=4333.69 vwap=4330.39
2025-12-19T18:10:00+07:00,2025-12-19T18:20:00+07:00,SELL,4326.35,4329.15,4307.31,BE,-0.2,S419 SELL Orochi BREAKOUT@VAL 7R,BREAKOUT@VAL val=4326.70 vah=4336.93 poc=4333.09 vwap=4330.08
2025-12-19T19:10:00+07:00,2025-12-19T19:20:00+07:00,SELL,4324.03,4326.83,4304.83,BE,-0.2,S419 SELL Orochi BREAKOUT@VAL 7R,BREAKOUT@VAL val=4326.70 vah=4336.93 poc=4333.09 vwap=4330.29
2025-12-19T19:25:00+07:00,2025-12-19T19:35:00+07:00,SELL,4325.71,4328.37,4306.61,BE,-0.2,S419 SELL Orochi BREAKOUT@VAL 7R,BREAKOUT@VAL val=4326.70 vah=4336.93 poc=4333.09 vwap=4330.23
2025-12-19T22:10:00+07:00,2025-12-19T22:25:00+07:00,BUY,4341.61,4336.68,4375.8,BE,-0.2,S419 BUY Orochi BREAKOUT@VAH 7R,BREAKOUT@VAH val=4319.65 vah=4338.88 poc=4326.52 vwap=4331.14
2025-12-19T22:35:00+07:00,2025-12-19T22:45:00+07:00,BUY,4342.3,4335.02,4393.58,BE,-0.2,S419 BUY Orochi BREAKOUT@VAH 7R,BREAKOUT@VAH val=4319.65 vah=4338.88 poc=4326.52 vwap=4331.14
2025-12-19T22:50:00+07:00,2025-12-19T23:10:00+07:00,BUY,4345.54,4338.23,4396.87,BE,-0.2,S419 BUY Orochi BREAKOUT@VAH 7R,BREAKOUT@VAH val=4319.65 vah=4338.88 poc=4326.52 vwap=4331.14
2025-12-19T23:15:00+07:00,2025-12-19T23:25:00+07:00,BUY,4344.85,4340.72,4374.08,BE,-0.2,S419 BUY Orochi BREAKOUT@VAH 7R,BREAKOUT@VAH val=4319.65 vah=4338.88 poc=4326.52 vwap=4331.14
2025-12-19T23:30:00+07:00,2025-12-19T23:40:00+07:00,BUY,4347.71,4342.37,4384.93,BE,-0.2,S419 BUY Orochi BREAKOUT@VAH 7R,BREAKOUT@VAH val=4319.65 vah=4338.88 poc=4326.52 vwap=4331.14
2025-12-19T23:45:00+07:00,2025-12-19T23:55:00+07:00,BUY,4345.86,4342.12,4372.2,BE,-0.2,S419 BUY Orochi BREAKOUT@VAH 7R,BREAKOUT@VAH val=4319.65 vah=4338.88 poc=4326.52 vwap=4331.14
2025-12-20T00:00:00+07:00,2025-12-20T00:10:00+07:00,BUY,4350.36,4343.76,4396.24,BE,-0.2,S419 BUY Orochi BREAKOUT@VAH 7R,BREAKOUT@VAH val=4319.65 vah=4338.88 poc=4326.52 vwap=4331.14
2025-12-20T00:15:00+07:00,2025-12-20T00:25:00+07:00,BUY,4350.81,4345.94,4384.66,BE,-0.2,S419 BUY Orochi BREAKOUT@VAH 7R,BREAKOUT@VAH val=4319.65 vah=4338.88 poc=4326.52 vwap=4331.14
2025-12-20T00:30:00+07:00,2025-12-20T00:40:00+07:00,BUY,4351.13,4348.35,4371.15,BE,-0.2,S419 BUY Orochi BREAKOUT@VAH 7R,BREAKOUT@VAH val=4319.65 vah=4338.88 poc=4326.52 vwap=4331.14
2025-12-20T00:45:00+07:00,2025-12-20T00:55:00+07:00,BUY,4354.19,4349.47,4387.39,BE,-0.2,S419 BUY Orochi BREAKOUT@VAH 7R,BREAKOUT@VAH val=4319.65 vah=4338.88 poc=4326.52 vwap=4331.14
2025-12-20T01:00:00+07:00,2025-12-20T01:15:00+07:00,BUY,4352.11,4349.36,4371.28,BE,-0.2,S419 BUY Orochi BREAKOUT@VAH 7R,BREAKOUT@VAH val=4319.65 vah=4338.88 poc=4326.52 vwap=4331.14
2025-12-20T01:20:00+07:00,2025-12-20T01:30:00+07:00,BUY,4354.74,4351.23,4380.19,BE,-0.2,S419 BUY Orochi BREAKOUT@VAH 7R,BREAKOUT@VAH val=4319.65 vah=4338.88 poc=4326.52 vwap=4331.14
2025-12-20T01:35:00+07:00,2025-12-20T01:40:00+07:00,BUY,4349.02,4347.47,4359.79,SL,-1.75,S419 BUY Orochi BREAKOUT@VAH 7R,BREAKOUT@VAH val=4319.65 vah=4338.88 poc=4326.52 vwap=4331.14
2025-12-20T01:45:00+07:00,2025-12-20T02:50:00+07:00,BUY,4346.04,4342.41,4370.73,BE,-0.2,S419 BUY Orochi BREAKOUT@VAH 7R,BREAKOUT@VAH val=4319.65 vah=4338.88 poc=4326.52 vwap=4331.14
2025-12-20T02:55:00+07:00,2025-12-20T03:00:00+07:00,BUY,4345.24,4344.58,4350.02,SL,-0.86,S419 BUY Orochi BREAKOUT@VAH 7R,BREAKOUT@VAH val=4319.65 vah=4338.88 poc=4326.52 vwap=4331.14
2025-12-20T03:05:00+07:00,2025-12-20T03:15:00+07:00,BUY,4343.48,4341.91,4354.23,BE,-0.2,S419 BUY Orochi BREAKOUT@VAH 7R,BREAKOUT@VAH val=4319.65 vah=4338.88 poc=4326.52 vwap=4331.14
2025-12-20T03:25:00+07:00,2025-12-20T03:35:00+07:00,BUY,4345.14,4341.5,4372.06,SL,-3.84,S419 BUY Orochi BREAKOUT@VAH 7R,BREAKOUT@VAH val=4319.65 vah=4338.88 poc=4326.52 vwap=4331.14
2025-12-20T03:40:00+07:00,2025-12-20T03:45:00+07:00,BUY,4340.5,4338.0,4358.16,SL,-2.7,S419 BUY Orochi BREAKOUT@VAH 7R,BREAKOUT@VAH val=4319.65 vah=4338.88 poc=4326.52 vwap=4331.14
2025-12-22T20:15:00+07:00,2025-12-22T20:20:00+07:00,BUY,4423.27,4420.85,4440.29,SL,-2.62,S419 BUY Orochi BREAKOUT@VAH 7R,BREAKOUT@VAH val=4382.38 vah=4416.92 poc=4411.74 vwap=4394.96
2025-12-22T20:35:00+07:00,2025-12-22T20:50:00+07:00,BUY,4422.47,4417.25,4458.69,BE,-0.2,S419 BUY Orochi BREAKOUT@VAH 7R,BREAKOUT@VAH val=4382.38 vah=4416.92 poc=4411.74 vwap=4394.96
2025-12-22T20:55:00+07:00,2025-12-22T21:05:00+07:00,BUY,4423.69,4418.59,4459.95,BE,-0.2,S419 BUY Orochi BREAKOUT@VAH 7R,BREAKOUT@VAH val=4382.38 vah=4416.92 poc=4411.74 vwap=4394.96
2025-12-22T21:10:00+07:00,2025-12-22T21:20:00+07:00,BUY,4426.28,4420.81,4464.41,BE,-0.2,S419 BUY Orochi BREAKOUT@VAH 7R,BREAKOUT@VAH val=4382.38 vah=4416.92 poc=4411.74 vwap=4394.96
2025-12-22T21:25:00+07:00,2025-12-22T21:30:00+07:00,BUY,4426.56,4423.96,4444.28,SL,-2.8,S419 BUY Orochi BREAKOUT@VAH 7R,BREAKOUT@VAH val=4382.38 vah=4416.92 poc=4411.74 vwap=4394.96
2025-12-22T21:50:00+07:00,2025-12-22T21:55:00+07:00,BUY,4426.52,4420.02,4471.86,SL,-6.7,S419 BUY Orochi BREAKOUT@VAH 7R,BREAKOUT@VAH val=4382.38 vah=4416.92 poc=4411.74 vwap=4394.96
2025-12-22T22:00:00+07:00,2025-12-22T22:10:00+07:00,BUY,4421.05,4416.07,4454.07,BE,-0.2,S419 BUY Orochi BREAKOUT@VAH 7R,BREAKOUT@VAH val=4382.38 vah=4416.92 poc=4411.74 vwap=4394.96
2025-12-22T22:30:00+07:00,2025-12-24T06:35:00+07:00,BUY,4424.98,4413.52,4505.12,TP,79.94,S419 BUY Orochi BREAKOUT@VAH 7R,BREAKOUT@VAH val=4382.38 vah=4416.92 poc=4411.74 vwap=4394.96
2025-12-24T06:45:00+07:00,2025-12-24T06:55:00+07:00,BUY,4505.8,4502.23,4531.75,BE,-0.2,S419 BUY Orochi BREAKOUT@VAH 7R,BREAKOUT@VAH val=4433.46 vah=4497.75 poc=4485.25 vwap=4459.68
2025-12-24T07:10:00+07:00,2025-12-24T07:45:00+07:00,BUY,4507.82,4506.39,4517.91,TP,9.89,S419 BUY Orochi BREAKOUT@VAH 7R,BREAKOUT@VAH val=4433.46 vah=4497.75 poc=4485.25 vwap=4459.68
2025-12-24T07:50:00+07:00,2025-12-24T07:55:00+07:00,BUY,4513.94,4511.19,4533.35,SL,-2.95,S419 BUY Orochi BREAKOUT@VAH 7R,BREAKOUT@VAH val=4433.46 vah=4497.75 poc=4485.25 vwap=4461.42
2025-12-24T08:00:00+07:00,2025-12-24T08:10:00+07:00,BUY,4514.13,4505.63,4574.75,BE,-0.2,S419 BUY Orochi BREAKOUT@VAH 7R,BREAKOUT@VAH val=4433.46 vah=4497.75 poc=4485.25 vwap=4461.80
2025-12-24T08:15:00+07:00,2025-12-24T09:00:00+07:00,BUY,4517.48,4509.88,4571.16,BE,-0.2,S419 BUY Orochi BREAKOUT@VAH 7R,BREAKOUT@VAH val=4437.03 vah=4497.75 poc=4485.25 vwap=4462.41
2025-12-24T09:05:00+07:00,2025-12-24T09:15:00+07:00,BUY,4506.78,4503.3,4530.98,BE,-0.2,S419 BUY Orochi BREAKOUT@VAH 7R,BREAKOUT@VAH val=4437.03 vah=4497.75 poc=4485.25 vwap=4464.97
2025-12-24T09:20:00+07:00,2025-12-24T09:30:00+07:00,BUY,4508.28,4504.43,4535.71,BE,-0.2,S419 BUY Orochi BREAKOUT@VAH 7R,BREAKOUT@VAH val=4440.60 vah=4497.75 poc=4485.25 vwap=4466.04
2025-12-24T09:35:00+07:00,2025-12-24T09:45:00+07:00,BUY,4508.78,4503.49,4545.89,BE,-0.2,S419 BUY Orochi BREAKOUT@VAH 7R,BREAKOUT@VAH val=4442.06 vah=4497.75 poc=4485.57 vwap=4467.28
2025-12-24T09:50:00+07:00,2025-12-24T09:55:00+07:00,BUY,4508.81,4506.98,4521.54,SL,-2.03,S419 BUY Orochi BREAKOUT@VAH 7R,BREAKOUT@VAH val=4448.00 vah=4497.75 poc=4483.76 vwap=4468.38
2025-12-24T11:25:00+07:00,2025-12-24T11:35:00+07:00,BUY,4496.97,4491.13,4537.61,BE,-0.2,S419 BUY Orochi BREAKOUT@VAH 7R,BREAKOUT@VAH val=4469.07 vah=4494.88 poc=4484.85 vwap=4472.59
2025-12-24T11:40:00+07:00,2025-12-24T11:50:00+07:00,BUY,4500.18,4495.82,4530.62,BE,-0.2,S419 BUY Orochi BREAKOUT@VAH 7R,BREAKOUT@VAH val=4471.94 vah=4494.88 poc=4484.85 vwap=4473.04
2025-12-24T11:55:00+07:00,2025-12-24T12:00:00+07:00,BUY,4499.23,4496.03,4521.79,SL,-3.4,S419 BUY Orochi BREAKOUT@VAH 7R,BREAKOUT@VAH val=4471.94 vah=4494.88 poc=4484.85 vwap=4473.70
2025-12-24T12:40:00+07:00,2025-12-24T12:50:00+07:00,BUY,4495.67,4489.47,4539.15,BE,-0.2,S419 BUY Orochi BREAKOUT@VAH 7R,BREAKOUT@VAH val=4474.81 vah=4494.88 poc=4484.85 vwap=4474.98
2025-12-24T13:40:00+07:00,2025-12-24T13:50:00+07:00,BUY,4494.63,4490.96,4520.4,BE,-0.2,S419 BUY Orochi BREAKOUT@VAH 7R,BREAKOUT@VAH val=4475.53 vah=4492.19 poc=4485.25 vwap=4477.06
2025-12-24T13:55:00+07:00,2025-12-24T14:05:00+07:00,BUY,4493.64,4491.81,4505.41,BE,-0.2,S419 BUY Orochi BREAKOUT@VAH 7R,BREAKOUT@VAH val=4475.75 vah=4492.25 poc=4485.38 vwap=4477.54
2025-12-24T14:15:00+07:00,2025-12-24T14:25:00+07:00,BUY,4493.12,4489.71,4517.31,BE,-0.2,S419 BUY Orochi BREAKOUT@VAH 7R,BREAKOUT@VAH val=4475.78 vah=4492.26 poc=4485.39 vwap=4478.08
2025-12-24T16:45:00+07:00,2025-12-24T16:55:00+07:00,BUY,4494.13,4487.55,4540.35,BE,-0.2,S419 BUY Orochi BREAKOUT@VAH 7R,BREAKOUT@VAH val=4477.15 vah=4490.26 poc=4485.58 vwap=4482.77
2025-12-24T17:05:00+07:00,2025-12-24T17:10:00+07:00,BUY,4497.19,4492.81,4526.81,SL,-4.58,S419 BUY Orochi BREAKOUT@VAH 7R,BREAKOUT@VAH val=4477.92 vah=4489.49 poc=4485.36 vwap=4483.19
2025-12-24T17:15:00+07:00,2025-12-24T17:30:00+07:00,BUY,4493.25,4488.8,4524.8,BE,-0.2,S419 BUY Orochi BREAKOUT@VAH 7R,BREAKOUT@VAH val=4477.92 vah=4489.49 poc=4485.36 vwap=4483.40
2025-12-24T18:55:00+07:00,2025-12-24T19:20:00+07:00,BUY,4491.54,4488.05,4516.05,BE,-0.2,S419 BUY Orochi BREAKOUT@VAH 7R,BREAKOUT@VAH val=4480.10 vah=4489.51 poc=4484.22 vwap=4484.66
2025-12-24T19:25:00+07:00,2025-12-24T19:40:00+07:00,BUY,4493.22,4490.22,4514.14,SL,-3.2,S419 BUY Orochi BREAKOUT@VAH 7R,BREAKOUT@VAH val=4480.10 vah=4489.51 poc=4484.22 vwap=4484.61
2025-12-24T19:45:00+07:00,2025-12-24T19:55:00+07:00,BUY,4490.71,4489.12,4502.08,BE,-0.2,S419 BUY Orochi BREAKOUT@VAH 7R,BREAKOUT@VAH val=4480.10 vah=4489.51 poc=4484.22 vwap=4484.57
2025-12-24T22:45:00+07:00,2025-12-24T22:55:00+07:00,SELL,4456.22,4463.91,4401.91,BE,-0.2,S419 SELL Orochi BREAKOUT@VAL 7R,BREAKOUT@VAL val=4458.34 vah=4502.06 poc=4492.12 vwap=4485.74
2025-12-26T06:10:00+07:00,2025-12-26T23:05:00+07:00,BUY,4488.77,4480.16,4549.44,TP,60.47,S419 BUY Orochi BREAKOUT@VAH 7R,BREAKOUT@VAH val=4467.19 vah=4487.80 poc=4483.12 vwap=4475.31
2025-12-26T23:10:00+07:00,2025-12-26T23:45:00+07:00,BUY,4538.85,4533.45,4577.85,BE,-0.2,S419 BUY Orochi BREAKOUT@VAH 7R,BREAKOUT@VAH val=4501.15 vah=4516.24 poc=4508.70 vwap=4509.19
2025-12-26T23:50:00+07:00,2025-12-27T00:00:00+07:00,BUY,4536.98,4529.9,4586.78,BE,-0.2,S419 BUY Orochi BREAKOUT@VAH 7R,BREAKOUT@VAH val=4501.15 vah=4516.24 poc=4508.70 vwap=4509.19
2025-12-27T00:05:00+07:00,2025-12-27T00:10:00+07:00,BUY,4534.61,4530.82,4560.66,SL,-3.99,S419 BUY Orochi BREAKOUT@VAH 7R,BREAKOUT@VAH val=4501.15 vah=4516.24 poc=4508.70 vwap=4509.19
2025-12-27T00:15:00+07:00,2025-12-27T00:20:00+07:00,BUY,4526.35,4521.65,4558.77,SL,-4.9,S419 BUY Orochi BREAKOUT@VAH 7R,BREAKOUT@VAH val=4501.15 vah=4516.24 poc=4508.70 vwap=4509.19
2025-12-27T00:25:00+07:00,2025-12-27T00:30:00+07:00,BUY,4518.22,4515.54,4537.38,SL,-2.88,S419 BUY Orochi BREAKOUT@VAH 7R,BREAKOUT@VAH val=4501.15 vah=4516.24 poc=4508.70 vwap=4509.19
2025-12-27T00:45:00+07:00,2025-12-27T00:50:00+07:00,BUY,4522.62,4513.04,4589.6,SL,-9.78,S419 BUY Orochi BREAKOUT@VAH 7R,BREAKOUT@VAH val=4501.15 vah=4516.24 poc=4508.70 vwap=4509.19
2025-12-27T01:00:00+07:00,2025-12-27T01:10:00+07:00,BUY,4519.76,4511.83,4574.71,BE,-0.2,S419 BUY Orochi BREAKOUT@VAH 7R,BREAKOUT@VAH val=4501.15 vah=4516.24 poc=4508.70 vwap=4509.19
2025-12-27T01:15:00+07:00,2025-12-27T01:30:00+07:00,BUY,4518.15,4513.12,4553.04,BE,-0.2,S419 BUY Orochi BREAKOUT@VAH 7R,BREAKOUT@VAH val=4501.15 vah=4516.24 poc=4508.70 vwap=4509.19
2025-12-27T01:35:00+07:00,2025-12-27T02:35:00+07:00,BUY,4522.66,4514.6,4577.48,BE,-0.2,S419 BUY Orochi BREAKOUT@VAH 7R,BREAKOUT@VAH val=4501.15 vah=4516.24 poc=4508.70 vwap=4509.19
2025-12-27T02:40:00+07:00,2025-12-27T02:50:00+07:00,BUY,4525.31,4520.81,4557.37,BE,-0.2,S419 BUY Orochi BREAKOUT@VAH 7R,BREAKOUT@VAH val=4501.15 vah=4516.24 poc=4508.70 vwap=4509.19
2025-12-27T02:55:00+07:00,2025-12-27T03:25:00+07:00,BUY,4523.79,4519.17,4555.73,BE,-0.2,S419 BUY Orochi BREAKOUT@VAH 7R,BREAKOUT@VAH val=4501.15 vah=4516.24 poc=4508.70 vwap=4509.19
2025-12-27T03:30:00+07:00,2025-12-29T06:10:00+07:00,BUY,4525.26,4520.52,4558.28,BE,-0.2,S419 BUY Orochi BREAKOUT@VAH 7R,BREAKOUT@VAH val=4501.15 vah=4516.24 poc=4508.70 vwap=4509.19
2025-12-29T20:25:00+07:00,2025-12-29T20:35:00+07:00,SELL,4451.73,4457.71,4409.95,BE,-0.2,S419 SELL Orochi BREAKOUT@VAL 7R,BREAKOUT@VAL val=4462.99 vah=4520.39 poc=4513.22 vwap=4491.42
2025-12-29T20:55:00+07:00,2025-12-29T21:00:00+07:00,SELL,4421.66,4424.35,4403.15,TP,18.31,S419 SELL Orochi BREAKOUT@VAL 7R,BREAKOUT@VAL val=4462.99 vah=4520.39 poc=4513.22 vwap=4491.42
2025-12-29T21:10:00+07:00,2025-12-29T22:00:00+07:00,SELL,4398.6,4405.92,4346.72,TP,51.68,S419 SELL Orochi BREAKOUT@VAL 7R,BREAKOUT@VAL val=4462.99 vah=4520.39 poc=4513.22 vwap=4491.42
2025-12-29T22:05:00+07:00,2025-12-29T23:50:00+07:00,SELL,4343.73,4364.48,4199.28,BE,-0.2,S419 SELL Orochi BREAKOUT@VAL 7R,BREAKOUT@VAL val=4462.99 vah=4520.39 poc=4513.22 vwap=4491.42
2025-12-29T23:55:00+07:00,2025-12-30T03:00:00+07:00,SELL,4341.76,4349.77,4284.73,BE,-0.2,S419 SELL Orochi BREAKOUT@VAL 7R,BREAKOUT@VAL val=4462.99 vah=4520.39 poc=4513.22 vwap=4491.42
2025-12-30T03:05:00+07:00,2025-12-30T03:15:00+07:00,SELL,4339.58,4345.6,4298.0,BE,-0.2,S419 SELL Orochi BREAKOUT@VAL 7R,BREAKOUT@VAL val=4462.99 vah=4520.39 poc=4513.22 vwap=4491.42
2025-12-30T03:20:00+07:00,2025-12-30T03:35:00+07:00,SELL,4337.46,4343.8,4293.32,BE,-0.2,S419 SELL Orochi BREAKOUT@VAL 7R,BREAKOUT@VAL val=4462.99 vah=4520.39 poc=4513.22 vwap=4491.42
2025-12-30T03:40:00+07:00,2025-12-30T03:50:00+07:00,SELL,4333.42,4338.76,4295.96,BE,-0.2,S419 SELL Orochi BREAKOUT@VAL 7R,BREAKOUT@VAL val=4462.99 vah=4520.39 poc=4513.22 vwap=4491.42
2025-12-30T03:55:00+07:00,2025-12-30T04:05:00+07:00,SELL,4334.65,4336.85,4319.17,BE,-0.2,S419 SELL Orochi BREAKOUT@VAL 7R,BREAKOUT@VAL val=4462.99 vah=4520.39 poc=4513.22 vwap=4491.42
2025-12-30T04:10:00+07:00,2025-12-30T04:20:00+07:00,SELL,4336.03,4340.86,4302.06,BE,-0.2,S419 SELL Orochi BREAKOUT@VAL 7R,BREAKOUT@VAL val=4462.99 vah=4520.39 poc=4513.22 vwap=4491.42
2025-12-30T04:25:00+07:00,2025-12-30T04:35:00+07:00,SELL,4331.68,4337.4,4291.56,BE,-0.2,S419 SELL Orochi BREAKOUT@VAL 7R,BREAKOUT@VAL val=4462.99 vah=4520.39 poc=4513.22 vwap=4491.42
2025-12-30T04:40:00+07:00,2025-12-30T06:00:00+07:00,SELL,4329.71,4333.4,4303.96,SL,-3.89,S419 SELL Orochi BREAKOUT@VAL 7R,BREAKOUT@VAL val=4462.99 vah=4520.39 poc=4513.22 vwap=4491.42
2025-12-30T06:05:00+07:00,2025-12-30T06:15:00+07:00,SELL,4344.86,4347.91,4324.71,TP,19.95,S419 SELL Orochi BREAKOUT@VAL 7R,BREAKOUT@VAL val=4462.99 vah=4520.39 poc=4513.22 vwap=4491.42
2025-12-30T06:25:00+07:00,2025-12-30T06:30:00+07:00,SELL,4333.98,4335.61,4323.53,SL,-1.83,S419 SELL Orochi BREAKOUT@VAL 7R,BREAKOUT@VAL val=4462.99 vah=4520.39 poc=4513.22 vwap=4491.42
2025-12-30T06:35:00+07:00,2025-12-30T06:45:00+07:00,SELL,4331.47,4337.37,4290.09,SL,-6.1,S419 SELL Orochi BREAKOUT@VAL 7R,BREAKOUT@VAL val=4462.99 vah=4520.39 poc=4513.22 vwap=4491.42
2025-12-30T06:50:00+07:00,2025-12-30T06:55:00+07:00,SELL,4342.74,4344.37,4331.01,SL,-1.83,S419 SELL Orochi BREAKOUT@VAL 7R,BREAKOUT@VAL val=4462.99 vah=4520.39 poc=4513.22 vwap=4491.42
2025-12-30T07:00:00+07:00,2025-12-30T07:15:00+07:00,SELL,4339.77,4348.54,4278.78,SL,-8.97,S419 SELL Orochi BREAKOUT@VAL 7R,BREAKOUT@VAL val=4462.99 vah=4520.39 poc=4513.22 vwap=4491.42
2025-12-30T07:20:00+07:00,2025-12-30T08:40:00+07:00,SELL,4344.81,4351.29,4301.13,BE,-0.2,S419 SELL Orochi BREAKOUT@VAL 7R,BREAKOUT@VAL val=4462.99 vah=4520.39 poc=4513.22 vwap=4491.42
2025-12-30T08:45:00+07:00,2025-12-30T08:50:00+07:00,SELL,4351.03,4354.7,4325.18,SL,-3.87,S419 SELL Orochi BREAKOUT@VAL 7R,BREAKOUT@VAL val=4462.99 vah=4520.39 poc=4513.22 vwap=4491.42
2025-12-30T08:55:00+07:00,2025-12-30T09:45:00+07:00,SELL,4360.21,4362.07,4347.27,BE,-0.2,S419 SELL Orochi BREAKOUT@VAL 7R,BREAKOUT@VAL val=4462.99 vah=4520.39 poc=4513.22 vwap=4491.42
2025-12-30T09:50:00+07:00,2025-12-30T10:00:00+07:00,SELL,4363.34,4365.05,4351.29,BE,-0.2,S419 SELL Orochi BREAKOUT@VAL 7R,BREAKOUT@VAL val=4462.99 vah=4520.39 poc=4513.22 vwap=4491.42
2025-12-30T10:10:00+07:00,2025-12-30T10:15:00+07:00,SELL,4360.64,4365.18,4329.02,SL,-4.74,S419 SELL Orochi BREAKOUT@VAL 7R,BREAKOUT@VAL val=4462.99 vah=4520.39 poc=4513.22 vwap=4491.42
2025-12-30T10:20:00+07:00,2025-12-30T10:25:00+07:00,SELL,4365.82,4367.48,4350.68,SL,-1.86,S419 SELL Orochi BREAKOUT@VAL 7R,BREAKOUT@VAL val=4462.99 vah=4520.39 poc=4513.22 vwap=4491.42
2025-12-30T10:30:00+07:00,2025-12-30T11:35:00+07:00,SELL,4366.48,4370.53,4338.29,BE,-0.2,S419 SELL Orochi BREAKOUT@VAL 7R,BREAKOUT@VAL val=4462.99 vah=4520.39 poc=4513.22 vwap=4491.42
2025-12-30T11:40:00+07:00,2025-12-30T12:20:00+07:00,SELL,4366.86,4370.6,4339.96,BE,-0.2,S419 SELL Orochi BREAKOUT@VAL 7R,BREAKOUT@VAL val=4462.99 vah=4520.39 poc=4513.22 vwap=4491.42
2025-12-30T12:25:00+07:00,2025-12-30T12:30:00+07:00,SELL,4372.45,4377.12,4339.52,SL,-4.87,S419 SELL Orochi BREAKOUT@VAL 7R,BREAKOUT@VAL val=4462.99 vah=4520.39 poc=4513.22 vwap=4491.42
2025-12-30T12:35:00+07:00,2025-12-30T12:50:00+07:00,SELL,4378.13,4381.16,4357.48,BE,-0.2,S419 SELL Orochi BREAKOUT@VAL 7R,BREAKOUT@VAL val=4462.99 vah=4520.39 poc=4513.22 vwap=4491.42
2025-12-30T12:55:00+07:00,2025-12-30T14:45:00+07:00,SELL,4377.66,4380.73,4356.57,BE,-0.2,S419 SELL Orochi BREAKOUT@VAL 7R,BREAKOUT@VAL val=4462.99 vah=4520.39 poc=4513.22 vwap=4491.42
2025-12-30T15:05:00+07:00,2025-12-30T15:25:00+07:00,SELL,4371.73,4374.02,4355.46,TP,16.07,S419 SELL Orochi BREAKOUT@VAL 7R,BREAKOUT@VAL val=4462.99 vah=4520.39 poc=4513.22 vwap=4491.42
2025-12-30T15:30:00+07:00,2025-12-30T15:40:00+07:00,SELL,4358.03,4363.44,4320.08,BE,-0.2,S419 SELL Orochi BREAKOUT@VAL 7R,BREAKOUT@VAL val=4462.99 vah=4520.39 poc=4513.22 vwap=4491.42
2025-12-30T15:45:00+07:00,2025-12-30T15:50:00+07:00,SELL,4359.52,4362.02,4341.94,SL,-2.7,S419 SELL Orochi BREAKOUT@VAL 7R,BREAKOUT@VAL val=4462.99 vah=4520.39 poc=4513.22 vwap=4491.42
2025-12-30T15:55:00+07:00,2025-12-30T16:05:00+07:00,SELL,4365.01,4367.94,4344.74,BE,-0.2,S419 SELL Orochi BREAKOUT@VAL 7R,BREAKOUT@VAL val=4462.99 vah=4520.39 poc=4513.22 vwap=4491.42
2025-12-30T16:10:00+07:00,2025-12-30T16:15:00+07:00,SELL,4373.08,4375.23,4357.63,SL,-2.35,S419 SELL Orochi BREAKOUT@VAL 7R,BREAKOUT@VAL val=4462.99 vah=4520.39 poc=4513.22 vwap=4491.42
2025-12-30T16:20:00+07:00,2025-12-30T16:35:00+07:00,SELL,4370.13,4377.82,4317.82,BE,-0.2,S419 SELL Orochi BREAKOUT@VAL 7R,BREAKOUT@VAL val=4462.18 vah=4522.61 poc=4515.64 vwap=4491.10
2025-12-30T16:40:00+07:00,2025-12-30T16:50:00+07:00,SELL,4368.34,4372.88,4336.48,BE,-0.2,S419 SELL Orochi BREAKOUT@VAL 7R,BREAKOUT@VAL val=4465.55 vah=4519.15 poc=4512.45 vwap=4489.58
2025-12-30T16:55:00+07:00,2025-12-30T17:05:00+07:00,SELL,4372.28,4374.96,4352.72,BE,-0.2,S419 SELL Orochi BREAKOUT@VAL 7R,BREAKOUT@VAL val=4463.97 vah=4519.08 poc=4512.72 vwap=4488.87
2025-12-30T17:10:00+07:00,2025-12-30T17:15:00+07:00,SELL,4376.23,4377.19,4366.79,SL,-1.16,S419 SELL Orochi BREAKOUT@VAL 7R,BREAKOUT@VAL val=4466.73 vah=4519.45 poc=4513.37 vwap=4488.25
2025-12-30T17:20:00+07:00,2025-12-30T17:25:00+07:00,SELL,4377.8,4380.64,4357.36,SL,-3.04,S419 SELL Orochi BREAKOUT@VAL 7R,BREAKOUT@VAL val=4468.84 vah=4522.58 poc=4512.98 vwap=4487.78
2025-12-30T17:30:00+07:00,2025-12-30T18:05:00+07:00,SELL,4387.73,4392.62,4353.02,BE,-0.2,S419 SELL Orochi BREAKOUT@VAL 7R,BREAKOUT@VAL val=4467.97 vah=4520.36 poc=4514.74 vwap=4487.32
2025-12-30T18:10:00+07:00,2025-12-30T18:20:00+07:00,SELL,4386.94,4391.44,4355.36,BE,-0.2,S419 SELL Orochi BREAKOUT@VAL 7R,BREAKOUT@VAL val=4466.60 vah=4520.45 poc=4515.06 vwap=4486.53
2025-12-30T18:25:00+07:00,2025-12-30T19:05:00+07:00,SELL,4388.96,4390.58,4377.54,BE,-0.2,S419 SELL Orochi BREAKOUT@VAL 7R,BREAKOUT@VAL val=4466.60 vah=4520.45 poc=4515.06 vwap=4486.06
2025-12-30T19:10:00+07:00,2025-12-30T19:15:00+07:00,SELL,4396.28,4398.21,4382.85,SL,-2.13,S419 SELL Orochi BREAKOUT@VAL 7R,BREAKOUT@VAL val=4463.01 vah=4520.45 poc=4515.06 vwap=4484.42
2025-12-30T19:20:00+07:00,2025-12-30T19:35:00+07:00,SELL,4396.72,4400.18,4372.82,BE,-0.2,S419 SELL Orochi BREAKOUT@VAL 7R,BREAKOUT@VAL val=4463.01 vah=4520.45 poc=4515.06 vwap=4484.08
2025-12-30T19:40:00+07:00,2025-12-30T19:50:00+07:00,SELL,4399.84,4403.79,4372.03,BE,-0.2,S419 SELL Orochi BREAKOUT@VAL 7R,BREAKOUT@VAL val=4463.01 vah=4520.45 poc=4515.06 vwap=4483.37
2025-12-30T19:55:00+07:00,2025-12-30T20:00:00+07:00,SELL,4401.22,4403.05,4387.69,SL,-2.03,S419 SELL Orochi BREAKOUT@VAL 7R,BREAKOUT@VAL val=4463.01 vah=4520.45 poc=4515.06 vwap=4482.65
2025-12-30T20:05:00+07:00,2025-12-30T20:15:00+07:00,BUY,4399.31,4397.09,4414.61,BE,-0.2,S419 BUY Orochi BREAKOUT@VAH 7R,BREAKOUT@VAH val=4323.71 vah=4378.51 poc=4333.98 vwap=4361.45
2025-12-30T20:20:00+07:00,2025-12-30T20:30:00+07:00,BUY,4395.08,4388.99,4437.47,BE,-0.2,S419 BUY Orochi BREAKOUT@VAH 7R,BREAKOUT@VAH val=4323.71 vah=4378.51 poc=4333.98 vwap=4361.45
2025-12-30T20:35:00+07:00,2025-12-30T20:50:00+07:00,BUY,4381.9,4375.37,4427.45,BE,-0.2,S419 BUY Orochi BREAKOUT@VAH 7R,BREAKOUT@VAH val=4323.71 vah=4378.51 poc=4333.98 vwap=4361.45
2025-12-30T20:55:00+07:00,2025-12-30T21:05:00+07:00,BUY,4388.42,4377.51,4464.63,BE,-0.2,S419 BUY Orochi BREAKOUT@VAH 7R,BREAKOUT@VAH val=4323.71 vah=4378.51 poc=4333.98 vwap=4361.45
2025-12-30T21:10:00+07:00,2025-12-30T21:15:00+07:00,BUY,4386.15,4381.69,4417.69,SL,-4.66,S419 BUY Orochi BREAKOUT@VAH 7R,BREAKOUT@VAH val=4323.71 vah=4378.51 poc=4333.98 vwap=4361.45
2025-12-30T21:20:00+07:00,2025-12-30T21:30:00+07:00,BUY,4385.91,4379.33,4431.89,BE,-0.2,S419 BUY Orochi BREAKOUT@VAH 7R,BREAKOUT@VAH val=4323.71 vah=4378.51 poc=4333.98 vwap=4361.45
2025-12-31T12:15:00+07:00,2025-12-31T12:20:00+07:00,SELL,4334.53,4337.02,4320.06,SL,-2.69,S419 SELL Orochi BREAKOUT@VAL 7R,BREAKOUT@VAL val=4336.27 vah=4389.48 poc=4364.54 vwap=4359.17
2025-12-31T13:00:00+07:00,2025-12-31T13:10:00+07:00,SELL,4287.41,4296.28,4226.52,SL,-9.07,S419 SELL Orochi BREAKOUT@VAL 7R,BREAKOUT@VAL val=4339.87 vah=4389.54 poc=4364.71 vwap=4360.88
2025-12-31T13:15:00+07:00,2025-12-31T13:25:00+07:00,SELL,4303.56,4308.41,4269.85,BE,-0.2,S419 SELL Orochi BREAKOUT@VAL 7R,BREAKOUT@VAL val=4339.87 vah=4389.54 poc=4364.71 vwap=4361.23
2025-12-31T13:30:00+07:00,2025-12-31T13:40:00+07:00,SELL,4312.17,4320.02,4257.46,BE,-0.2,S419 SELL Orochi BREAKOUT@VAL 7R,BREAKOUT@VAL val=4339.87 vah=4389.54 poc=4364.71 vwap=4361.63
2025-12-31T13:45:00+07:00,2025-12-31T13:50:00+07:00,SELL,4319.48,4323.0,4294.76,SL,-3.72,S419 SELL Orochi BREAKOUT@VAL 7R,BREAKOUT@VAL val=4339.87 vah=4389.54 poc=4364.71 vwap=4362.06
2025-12-31T13:55:00+07:00,2025-12-31T14:05:00+07:00,SELL,4328.14,4331.99,4300.95,BE,-0.2,S419 SELL Orochi BREAKOUT@VAL 7R,BREAKOUT@VAL val=4339.87 vah=4389.54 poc=4364.71 vwap=4362.30
2025-12-31T14:10:00+07:00,2025-12-31T14:20:00+07:00,SELL,4330.9,4334.6,4304.6,BE,-0.2,S419 SELL Orochi BREAKOUT@VAL 7R,BREAKOUT@VAL val=4343.18 vah=4389.54 poc=4364.71 vwap=4362.64
2025-12-31T14:25:00+07:00,2025-12-31T14:35:00+07:00,SELL,4333.12,4336.87,4305.75,BE,-0.2,S419 SELL Orochi BREAKOUT@VAL 7R,BREAKOUT@VAL val=4343.18 vah=4389.54 poc=4364.71 vwap=4363.00
2025-12-31T14:40:00+07:00,2025-12-31T15:00:00+07:00,SELL,4332.06,4336.32,4302.48,BE,-0.2,S419 SELL Orochi BREAKOUT@VAL 7R,BREAKOUT@VAL val=4346.49 vah=4389.54 poc=4364.71 vwap=4363.34
2025-12-31T15:10:00+07:00,2025-12-31T15:20:00+07:00,SELL,4323.04,4329.86,4274.5,BE,-0.2,S419 SELL Orochi BREAKOUT@VAL 7R,BREAKOUT@VAL val=4349.80 vah=4389.54 poc=4364.71 vwap=4364.32
2025-12-31T15:25:00+07:00,2025-12-31T15:55:00+07:00,SELL,4326.09,4328.61,4309.33,TP,16.56,S419 SELL Orochi BREAKOUT@VAL 7R,BREAKOUT@VAL val=4349.80 vah=4389.54 poc=4364.71 vwap=4364.84
2025-12-31T16:00:00+07:00,2025-12-31T16:05:00+07:00,SELL,4312.83,4317.48,4280.52,SL,-4.85,S419 SELL Orochi BREAKOUT@VAL 7R,BREAKOUT@VAL val=4353.11 vah=4389.54 poc=4364.71 vwap=4365.60
2025-12-31T16:10:00+07:00,2025-12-31T16:20:00+07:00,SELL,4317.06,4319.51,4299.99,BE,-0.2,S419 SELL Orochi BREAKOUT@VAL 7R,BREAKOUT@VAL val=4353.11 vah=4389.54 poc=4364.71 vwap=4365.75
2025-12-31T16:25:00+07:00,2025-12-31T16:35:00+07:00,SELL,4323.76,4328.84,4288.36,SL,-5.28,S419 SELL Orochi BREAKOUT@VAL 7R,BREAKOUT@VAL val=4353.11 vah=4389.54 poc=4364.71 vwap=4365.96
2025-12-31T16:40:00+07:00,2025-12-31T17:30:00+07:00,SELL,4336.17,4338.75,4319.31,TP,16.66,S419 SELL Orochi BREAKOUT@VAL 7R,BREAKOUT@VAL val=4350.68 vah=4386.50 poc=4365.33 vwap=4366.47
2025-12-31T17:40:00+07:00,2025-12-31T17:50:00+07:00,SELL,4307.25,4313.76,4261.76,BE,-0.2,S419 SELL Orochi BREAKOUT@VAL 7R,BREAKOUT@VAL val=4350.68 vah=4383.25 poc=4365.33 vwap=4367.68
2025-12-31T17:55:00+07:00,2025-12-31T18:05:00+07:00,SELL,4306.63,4312.37,4264.61,BE,-0.2,S419 SELL Orochi BREAKOUT@VAL 7R,BREAKOUT@VAL val=4350.68 vah=4383.25 poc=4365.33 vwap=4367.97
2025-12-31T18:10:00+07:00,2025-12-31T18:20:00+07:00,SELL,4313.93,4316.83,4293.47,BE,-0.2,S419 SELL Orochi BREAKOUT@VAL 7R,BREAKOUT@VAL val=4350.68 vah=4383.25 poc=4365.33 vwap=4368.52
2025-12-31T18:25:00+07:00,2025-12-31T18:35:00+07:00,SELL,4311.31,4317.26,4269.82,BE,-0.2,S419 SELL Orochi BREAKOUT@VAL 7R,BREAKOUT@VAL val=4352.56 vah=4382.10 poc=4365.85 vwap=4369.58
2025-12-31T18:40:00+07:00,2025-12-31T18:45:00+07:00,SELL,4312.62,4315.06,4295.62,SL,-2.64,S419 SELL Orochi BREAKOUT@VAL 7R,BREAKOUT@VAL val=4352.56 vah=4379.15 poc=4365.85 vwap=4370.41
2025-12-31T18:50:00+07:00,2025-12-31T19:00:00+07:00,SELL,4311.98,4317.63,4272.19,BE,-0.2,S419 SELL Orochi BREAKOUT@VAL 7R,BREAKOUT@VAL val=4352.47 vah=4380.42 poc=4365.05 vwap=4370.96
2025-12-31T19:05:00+07:00,2025-12-31T19:15:00+07:00,SELL,4309.29,4313.54,4279.46,BE,-0.2,S419 SELL Orochi BREAKOUT@VAL 7R,BREAKOUT@VAL val=4353.38 vah=4378.09 poc=4365.73 vwap=4371.70
2025-12-31T19:25:00+07:00,2025-12-31T19:30:00+07:00,SELL,4306.97,4309.62,4289.38,SL,-2.85,S419 SELL Orochi BREAKOUT@VAL 7R,BREAKOUT@VAL val=4355.63 vah=4380.33 poc=4365.73 vwap=4372.35
2025-12-31T19:35:00+07:00,2025-12-31T19:40:00+07:00,SELL,4314.88,4316.74,4301.7,SL,-2.06,S419 SELL Orochi BREAKOUT@VAL 7R,BREAKOUT@VAL val=4355.63 vah=4380.33 poc=4365.73 vwap=4372.66
2025-12-31T19:45:00+07:00,2025-12-31T19:55:00+07:00,SELL,4314.19,4319.21,4278.73,BE,-0.2,S419 SELL Orochi BREAKOUT@VAL 7R,BREAKOUT@VAL val=4355.63 vah=4380.33 poc=4365.73 vwap=4372.94
2025-12-31T20:00:00+07:00,2025-12-31T20:10:00+07:00,SELL,4313.05,4318.09,4277.69,BE,-0.2,S419 SELL Orochi BREAKOUT@VAL 7R,BREAKOUT@VAL val=4323.17 vah=4377.24 poc=4369.13 vwap=4349.01
2025-12-31T20:15:00+07:00,2025-12-31T20:20:00+07:00,SELL,4314.38,4317.3,4292.66,SL,-3.12,S419 SELL Orochi BREAKOUT@VAL 7R,BREAKOUT@VAL val=4323.17 vah=4377.24 poc=4369.13 vwap=4349.01
2025-12-31T23:40:00+07:00,2025-12-31T23:50:00+07:00,SELL,4319.87,4328.06,4262.14,BE,-0.2,S419 SELL Orochi BREAKOUT@VAL 7R,BREAKOUT@VAL val=4323.17 vah=4377.24 poc=4369.13 vwap=4349.01
2026-01-01T00:20:00+07:00,2026-01-01T00:30:00+07:00,SELL,4321.62,4325.9,4291.58,BE,-0.2,S419 SELL Orochi BREAKOUT@VAL 7R,BREAKOUT@VAL val=4323.17 vah=4377.24 poc=4369.13 vwap=4349.01
2026-01-01T01:50:00+07:00,2026-01-01T02:00:00+07:00,SELL,4317.79,4323.35,4280.23,BE,-0.2,S419 SELL Orochi BREAKOUT@VAL 7R,BREAKOUT@VAL val=4323.17 vah=4377.24 poc=4369.13 vwap=4349.01
2026-01-01T02:05:00+07:00,2026-01-01T02:15:00+07:00,SELL,4316.82,4324.28,4265.24,BE,-0.2,S419 SELL Orochi BREAKOUT@VAL 7R,BREAKOUT@VAL val=4323.17 vah=4377.24 poc=4369.13 vwap=4349.01
2026-01-01T02:20:00+07:00,2026-01-01T03:00:00+07:00,SELL,4319.47,4321.38,4305.94,TP,13.33,S419 SELL Orochi BREAKOUT@VAL 7R,BREAKOUT@VAL val=4323.17 vah=4377.24 poc=4369.13 vwap=4349.01
2026-01-01T03:05:00+07:00,2026-01-01T03:10:00+07:00,SELL,4308.25,4312.8,4276.0,SL,-4.75,S419 SELL Orochi BREAKOUT@VAL 7R,BREAKOUT@VAL val=4323.17 vah=4377.24 poc=4369.13 vwap=4349.01
2026-01-01T03:15:00+07:00,2026-01-01T03:30:00+07:00,SELL,4318.2,4320.19,4304.67,BE,-0.2,S419 SELL Orochi BREAKOUT@VAL 7R,BREAKOUT@VAL val=4323.17 vah=4377.24 poc=4369.13 vwap=4349.01
2026-01-01T03:35:00+07:00,2026-01-01T04:50:00+07:00,SELL,4317.44,4325.56,4260.28,BE,-0.2,S419 SELL Orochi BREAKOUT@VAL 7R,BREAKOUT@VAL val=4323.17 vah=4377.24 poc=4369.13 vwap=4349.01
2026-01-02T06:30:00+07:00,2026-01-02T06:40:00+07:00,BUY,4340.82,4337.17,4364.85,BE,-0.2,S419 BUY Orochi BREAKOUT@VAH 7R,BREAKOUT@VAH val=4310.74 vah=4335.12 poc=4323.94 vwap=4325.41
2026-01-02T06:45:00+07:00,2026-01-02T07:20:00+07:00,BUY,4343.34,4337.88,4381.4,BE,-0.2,S419 BUY Orochi BREAKOUT@VAH 7R,BREAKOUT@VAH val=4310.74 vah=4335.12 poc=4323.94 vwap=4325.41
2026-01-02T07:25:00+07:00,2026-01-02T07:40:00+07:00,BUY,4347.28,4340.23,4396.47,BE,-0.2,S419 BUY Orochi BREAKOUT@VAH 7R,BREAKOUT@VAH val=4310.74 vah=4335.12 poc=4323.94 vwap=4325.41
2026-01-02T07:45:00+07:00,2026-01-02T07:55:00+07:00,BUY,4351.89,4345.48,4397.0,BE,-0.2,S419 BUY Orochi BREAKOUT@VAH 7R,BREAKOUT@VAH val=4310.74 vah=4335.12 poc=4323.94 vwap=4325.41
2026-01-02T08:00:00+07:00,2026-01-02T08:05:00+07:00,BUY,4348.1,4346.22,4361.18,SL,-2.08,S419 BUY Orochi BREAKOUT@VAH 7R,BREAKOUT@VAH val=4310.74 vah=4335.12 poc=4323.94 vwap=4325.41
2026-01-02T08:10:00+07:00,2026-01-02T08:20:00+07:00,BUY,4346.74,4344.28,4363.48,BE,-0.2,S419 BUY Orochi BREAKOUT@VAH 7R,BREAKOUT@VAH val=4310.74 vah=4335.12 poc=4323.94 vwap=4325.41
2026-01-02T08:25:00+07:00,2026-01-02T08:35:00+07:00,BUY,4349.22,4343.57,4388.85,BE,-0.2,S419 BUY Orochi BREAKOUT@VAH 7R,BREAKOUT@VAH val=4310.74 vah=4335.12 poc=4323.94 vwap=4325.41
2026-01-02T08:40:00+07:00,2026-01-02T09:10:00+07:00,BUY,4346.62,4344.68,4360.28,BE,-0.2,S419 BUY Orochi BREAKOUT@VAH 7R,BREAKOUT@VAH val=4310.74 vah=4335.12 poc=4323.94 vwap=4325.41
2026-01-02T09:15:00+07:00,2026-01-02T09:30:00+07:00,BUY,4347.66,4344.28,4371.08,BE,-0.2,S419 BUY Orochi BREAKOUT@VAH 7R,BREAKOUT@VAH val=4310.74 vah=4335.12 poc=4323.94 vwap=4325.41
2026-01-02T09:40:00+07:00,2026-01-02T15:40:00+07:00,BUY,4351.48,4346.0,4390.32,TP,38.64,S419 BUY Orochi BREAKOUT@VAH 7R,BREAKOUT@VAH val=4310.74 vah=4335.12 poc=4323.94 vwap=4325.41
2026-01-02T15:50:00+07:00,2026-01-02T15:55:00+07:00,BUY,4392.58,4389.63,4412.75,SL,-3.15,S419 BUY Orochi BREAKOUT@VAH 7R,BREAKOUT@VAH val=4310.74 vah=4335.12 poc=4323.94 vwap=4325.41
2026-01-02T16:00:00+07:00,2026-01-02T16:10:00+07:00,BUY,4388.59,4385.19,4412.63,BE,-0.2,S419 BUY Orochi BREAKOUT@VAH 7R,BREAKOUT@VAH val=4310.74 vah=4335.12 poc=4323.94 vwap=4325.41
2026-01-02T16:15:00+07:00,2026-01-02T16:20:00+07:00,BUY,4388.68,4386.59,4404.03,SL,-2.29,S419 BUY Orochi BREAKOUT@VAH 7R,BREAKOUT@VAH val=4310.74 vah=4335.12 poc=4323.94 vwap=4325.41
2026-01-02T16:25:00+07:00,2026-01-02T16:35:00+07:00,BUY,4388.71,4382.4,4433.04,BE,-0.2,S419 BUY Orochi BREAKOUT@VAH 7R,BREAKOUT@VAH val=4310.74 vah=4335.12 poc=4323.94 vwap=4325.41
2026-01-02T16:40:00+07:00,2026-01-02T16:50:00+07:00,BUY,4388.92,4385.89,4409.17,BE,-0.2,S419 BUY Orochi BREAKOUT@VAH 7R,BREAKOUT@VAH val=4310.74 vah=4335.12 poc=4323.94 vwap=4325.41
2026-01-02T16:55:00+07:00,2026-01-02T17:30:00+07:00,BUY,4385.45,4384.09,4395.29,BE,-0.2,S419 BUY Orochi BREAKOUT@VAH 7R,BREAKOUT@VAH val=4310.74 vah=4335.12 poc=4323.94 vwap=4325.41
2026-01-02T17:45:00+07:00,2026-01-02T18:10:00+07:00,BUY,4395.12,4392.39,4413.19,BE,-0.2,S419 BUY Orochi BREAKOUT@VAH 7R,BREAKOUT@VAH val=4310.74 vah=4335.12 poc=4323.94 vwap=4325.41
2026-01-02T18:15:00+07:00,2026-01-02T18:25:00+07:00,BUY,4397.0,4393.22,4423.06,BE,-0.2,S419 BUY Orochi BREAKOUT@VAH 7R,BREAKOUT@VAH val=4310.74 vah=4335.12 poc=4323.94 vwap=4325.41
2026-01-02T18:30:00+07:00,2026-01-02T18:40:00+07:00,BUY,4394.02,4391.1,4414.06,BE,-0.2,S419 BUY Orochi BREAKOUT@VAH 7R,BREAKOUT@VAH val=4310.74 vah=4335.12 poc=4323.94 vwap=4325.41
2026-01-02T18:45:00+07:00,2026-01-02T18:50:00+07:00,BUY,4394.26,4391.8,4411.32,SL,-2.66,S419 BUY Orochi BREAKOUT@VAH 7R,BREAKOUT@VAH val=4310.74 vah=4335.12 poc=4323.94 vwap=4325.41
2026-01-02T18:55:00+07:00,2026-01-02T19:30:00+07:00,BUY,4392.97,4390.15,4413.19,BE,-0.2,S419 BUY Orochi BREAKOUT@VAH 7R,BREAKOUT@VAH val=4310.74 vah=4335.12 poc=4323.94 vwap=4325.41
2026-01-02T19:35:00+07:00,2026-01-02T19:40:00+07:00,BUY,4392.57,4390.66,4402.82,SL,-2.11,S419 BUY Orochi BREAKOUT@VAH 7R,BREAKOUT@VAH val=4310.74 vah=4335.12 poc=4323.94 vwap=4325.41
2026-01-02T19:45:00+07:00,2026-01-02T20:20:00+07:00,BUY,4387.9,4384.38,4412.62,BE,-0.2,S419 BUY Orochi BREAKOUT@VAH 7R,BREAKOUT@VAH val=4310.74 vah=4335.12 poc=4323.94 vwap=4325.41
2026-01-02T20:55:00+07:00,2026-01-02T21:05:00+07:00,SELL,4366.04,4373.49,4314.13,BE,-0.2,S419 SELL Orochi BREAKOUT@VAL 7R,BREAKOUT@VAL val=4369.72 vah=4399.29 poc=4377.11 vwap=4374.86
2026-01-02T21:25:00+07:00,2026-01-02T23:15:00+07:00,SELL,4368.45,4375.56,4318.6,TP,49.65,S419 SELL Orochi BREAKOUT@VAL 7R,BREAKOUT@VAL val=4369.72 vah=4399.29 poc=4377.11 vwap=4374.86
2026-01-02T23:20:00+07:00,2026-01-02T23:35:00+07:00,SELL,4318.7,4327.0,4260.68,BE,-0.2,S419 SELL Orochi BREAKOUT@VAL 7R,BREAKOUT@VAL val=4369.72 vah=4399.29 poc=4377.11 vwap=4374.86
2026-01-02T23:40:00+07:00,2026-01-02T23:50:00+07:00,SELL,4325.84,4329.99,4296.55,BE,-0.2,S419 SELL Orochi BREAKOUT@VAL 7R,BREAKOUT@VAL val=4369.72 vah=4399.29 poc=4377.11 vwap=4374.86
2026-01-02T23:55:00+07:00,2026-01-03T00:00:00+07:00,SELL,4326.47,4328.49,4311.69,SL,-2.22,S419 SELL Orochi BREAKOUT@VAL 7R,BREAKOUT@VAL val=4369.72 vah=4399.29 poc=4377.11 vwap=4374.86
2026-01-03T00:05:00+07:00,2026-01-03T00:25:00+07:00,SELL,4328.21,4335.29,4278.89,BE,-0.2,S419 SELL Orochi BREAKOUT@VAL 7R,BREAKOUT@VAL val=4369.72 vah=4399.29 poc=4377.11 vwap=4374.86
2026-01-03T00:30:00+07:00,2026-01-03T03:25:00+07:00,SELL,4328.47,4332.67,4300.03,BE,-0.2,S419 SELL Orochi BREAKOUT@VAL 7R,BREAKOUT@VAL val=4369.72 vah=4399.29 poc=4377.11 vwap=4374.86
2026-01-03T03:30:00+07:00,2026-01-03T03:40:00+07:00,SELL,4327.7,4330.31,4309.19,BE,-0.2,S419 SELL Orochi BREAKOUT@VAL 7R,BREAKOUT@VAL val=4369.72 vah=4399.29 poc=4377.11 vwap=4374.86
2026-01-03T03:45:00+07:00,2026-01-03T03:55:00+07:00,SELL,4327.19,4330.29,4306.21,BE,-0.2,S419 SELL Orochi BREAKOUT@VAL 7R,BREAKOUT@VAL val=4369.72 vah=4399.29 poc=4377.11 vwap=4374.86
2026-01-03T04:00:00+07:00,2026-01-03T04:10:00+07:00,SELL,4330.65,4332.64,4317.12,BE,-0.2,S419 SELL Orochi BREAKOUT@VAL 7R,BREAKOUT@VAL val=4369.72 vah=4399.29 poc=4377.11 vwap=4374.86
2026-01-03T04:15:00+07:00,2026-01-03T04:25:00+07:00,SELL,4328.49,4332.04,4303.4,BE,-0.2,S419 SELL Orochi BREAKOUT@VAL 7R,BREAKOUT@VAL val=4369.72 vah=4399.29 poc=4377.11 vwap=4374.86
2026-01-03T04:30:00+07:00,2026-01-03T04:45:00+07:00,SELL,4329.51,4330.49,4322.73,BE,-0.2,S419 SELL Orochi BREAKOUT@VAL 7R,BREAKOUT@VAL val=4369.72 vah=4399.29 poc=4377.11 vwap=4374.86
2026-01-03T04:50:00+07:00,2026-01-05T06:00:00+07:00,SELL,4333.01,4334.04,4326.12,BE,-0.2,S419 SELL Orochi BREAKOUT@VAL 7R,BREAKOUT@VAL val=4369.72 vah=4399.29 poc=4377.11 vwap=4374.86
2026-01-05T21:55:00+07:00,2026-01-05T22:35:00+07:00,BUY,4436.86,4431.16,4473.56,BE,-0.2,S419 BUY Orochi BREAKOUT@VAH 7R,BREAKOUT@VAH val=4400.02 vah=4435.93 poc=4406.01 vwap=4410.04
2026-01-05T22:40:00+07:00,2026-01-05T22:50:00+07:00,BUY,4447.31,4433.65,4544.13,BE,-0.2,S419 BUY Orochi BREAKOUT@VAH 7R,BREAKOUT@VAH val=4400.02 vah=4435.93 poc=4406.01 vwap=4410.04
2026-01-05T22:55:00+07:00,2026-01-05T23:05:00+07:00,BUY,4448.65,4438.53,4518.85,BE,-0.2,S419 BUY Orochi BREAKOUT@VAH 7R,BREAKOUT@VAH val=4400.02 vah=4435.93 poc=4406.01 vwap=4410.04
2026-01-05T23:10:00+07:00,2026-01-05T23:20:00+07:00,BUY,4446.35,4436.59,4514.83,BE,-0.2,S419 BUY Orochi BREAKOUT@VAH 7R,BREAKOUT@VAH val=4400.02 vah=4435.93 poc=4406.01 vwap=4410.04
2026-01-05T23:25:00+07:00,2026-01-06T00:00:00+07:00,BUY,4440.76,4438.76,4455.08,BE,-0.2,S419 BUY Orochi BREAKOUT@VAH 7R,BREAKOUT@VAH val=4400.02 vah=4435.93 poc=4406.01 vwap=4410.04
2026-01-06T00:20:00+07:00,2026-01-06T00:30:00+07:00,BUY,4446.83,4440.93,4488.29,BE,-0.2,S419 BUY Orochi BREAKOUT@VAH 7R,BREAKOUT@VAH val=4400.02 vah=4435.93 poc=4406.01 vwap=4410.04
2026-01-06T00:35:00+07:00,2026-01-06T00:40:00+07:00,BUY,4444.92,4441.36,4470.0,SL,-3.76,S419 BUY Orochi BREAKOUT@VAH 7R,BREAKOUT@VAH val=4400.02 vah=4435.93 poc=4406.01 vwap=4410.04
2026-01-06T00:45:00+07:00,2026-01-06T00:55:00+07:00,BUY,4444.43,4436.38,4499.82,BE,-0.2,S419 BUY Orochi BREAKOUT@VAH 7R,BREAKOUT@VAH val=4400.02 vah=4435.93 poc=4406.01 vwap=4410.04
2026-01-06T01:00:00+07:00,2026-01-06T01:20:00+07:00,BUY,4443.4,4440.47,4463.27,BE,-0.2,S419 BUY Orochi BREAKOUT@VAH 7R,BREAKOUT@VAH val=4400.02 vah=4435.93 poc=4406.01 vwap=4410.04
2026-01-06T01:25:00+07:00,2026-01-06T02:05:00+07:00,BUY,4441.32,4438.84,4459.08,BE,-0.2,S419 BUY Orochi BREAKOUT@VAH 7R,BREAKOUT@VAH val=4400.02 vah=4435.93 poc=4406.01 vwap=4410.04
2026-01-06T02:10:00+07:00,2026-01-06T02:20:00+07:00,BUY,4439.67,4434.16,4481.68,BE,-0.2,S419 BUY Orochi BREAKOUT@VAH 7R,BREAKOUT@VAH val=4400.02 vah=4435.93 poc=4406.01 vwap=4410.04
2026-01-06T02:25:00+07:00,2026-01-06T02:50:00+07:00,BUY,4441.58,4438.36,4464.44,BE,-0.2,S419 BUY Orochi BREAKOUT@VAH 7R,BREAKOUT@VAH val=4400.02 vah=4435.93 poc=4406.01 vwap=4410.04
2026-01-06T02:55:00+07:00,2026-01-06T03:35:00+07:00,BUY,4439.67,4437.57,4454.93,BE,-0.2,S419 BUY Orochi BREAKOUT@VAH 7R,BREAKOUT@VAH val=4400.02 vah=4435.93 poc=4406.01 vwap=4410.04
2026-01-06T03:40:00+07:00,2026-01-06T03:55:00+07:00,BUY,4438.16,4437.15,4444.75,TP,6.39,S419 BUY Orochi BREAKOUT@VAH 7R,BREAKOUT@VAH val=4400.02 vah=4435.93 poc=4406.01 vwap=4410.04
2026-01-06T04:00:00+07:00,2026-01-06T04:15:00+07:00,BUY,4446.4,4440.45,4487.97,BE,-0.2,S419 BUY Orochi BREAKOUT@VAH 7R,BREAKOUT@VAH val=4400.02 vah=4435.93 poc=4406.01 vwap=4410.04
2026-01-06T04:20:00+07:00,2026-01-06T06:10:00+07:00,BUY,4444.47,4442.37,4458.05,TP,13.38,S419 BUY Orochi BREAKOUT@VAH 7R,BREAKOUT@VAH val=4400.02 vah=4435.93 poc=4406.01 vwap=4410.04
2026-01-06T06:15:00+07:00,2026-01-06T06:25:00+07:00,BUY,4452.01,4448.0,4479.68,BE,-0.2,S419 BUY Orochi BREAKOUT@VAH 7R,BREAKOUT@VAH val=4400.02 vah=4435.93 poc=4406.01 vwap=4410.04
2026-01-06T06:30:00+07:00,2026-01-06T06:45:00+07:00,BUY,4441.51,4438.01,4464.25,BE,-0.2,S419 BUY Orochi BREAKOUT@VAH 7R,BREAKOUT@VAH val=4400.02 vah=4435.93 poc=4406.01 vwap=4410.04
2026-01-06T06:50:00+07:00,2026-01-06T06:55:00+07:00,BUY,4439.28,4438.09,4449.53,SL,-1.39,S419 BUY Orochi BREAKOUT@VAH 7R,BREAKOUT@VAH val=4400.02 vah=4435.93 poc=4406.01 vwap=4410.04
2026-01-06T07:00:00+07:00,2026-01-06T07:10:00+07:00,BUY,4440.18,4435.46,4474.34,BE,-0.2,S419 BUY Orochi BREAKOUT@VAH 7R,BREAKOUT@VAH val=4400.02 vah=4435.93 poc=4406.01 vwap=4410.04
2026-01-06T07:15:00+07:00,2026-01-06T07:25:00+07:00,BUY,4441.59,4436.56,4477.12,BE,-0.2,S419 BUY Orochi BREAKOUT@VAH 7R,BREAKOUT@VAH val=4400.02 vah=4435.93 poc=4406.01 vwap=4410.04
2026-01-06T07:30:00+07:00,2026-01-06T07:35:00+07:00,BUY,4436.49,4435.38,4443.7,SL,-1.31,S419 BUY Orochi BREAKOUT@VAH 7R,BREAKOUT@VAH val=4400.02 vah=4435.93 poc=4406.01 vwap=4410.04
2026-01-06T08:15:00+07:00,2026-01-06T08:25:00+07:00,BUY,4440.86,4435.12,4481.28,BE,-0.2,S419 BUY Orochi BREAKOUT@VAH 7R,BREAKOUT@VAH val=4400.02 vah=4435.93 poc=4406.01 vwap=4410.04
2026-01-06T08:35:00+07:00,2026-01-06T08:45:00+07:00,BUY,4440.26,4431.53,4501.05,BE,-0.2,S419 BUY Orochi BREAKOUT@VAH 7R,BREAKOUT@VAH val=4400.02 vah=4435.93 poc=4406.01 vwap=4410.04
2026-01-06T09:00:00+07:00,2026-01-06T09:35:00+07:00,BUY,4453.04,4445.92,4502.16,BE,-0.2,S419 BUY Orochi BREAKOUT@VAH 7R,BREAKOUT@VAH val=4400.02 vah=4435.93 poc=4406.01 vwap=4410.04
2026-01-06T09:40:00+07:00,2026-01-06T09:50:00+07:00,BUY,4453.64,4447.55,4496.19,BE,-0.2,S419 BUY Orochi BREAKOUT@VAH 7R,BREAKOUT@VAH val=4400.02 vah=4435.93 poc=4406.01 vwap=4410.04
2026-01-06T09:55:00+07:00,2026-01-06T10:05:00+07:00,BUY,4454.98,4450.65,4485.61,BE,-0.2,S419 BUY Orochi BREAKOUT@VAH 7R,BREAKOUT@VAH val=4400.02 vah=4435.93 poc=4406.01 vwap=4410.04
2026-01-06T10:15:00+07:00,2026-01-06T10:25:00+07:00,BUY,4465.12,4457.68,4517.44,BE,-0.2,S419 BUY Orochi BREAKOUT@VAH 7R,BREAKOUT@VAH val=4400.02 vah=4435.93 poc=4406.01 vwap=4410.04
2026-01-06T10:30:00+07:00,2026-01-06T10:50:00+07:00,BUY,4464.66,4461.97,4485.41,BE,-0.2,S419 BUY Orochi BREAKOUT@VAH 7R,BREAKOUT@VAH val=4400.02 vah=4435.93 poc=4406.01 vwap=4410.04
2026-01-06T10:55:00+07:00,2026-01-06T11:15:00+07:00,BUY,4467.63,4463.72,4495.48,BE,-0.2,S419 BUY Orochi BREAKOUT@VAH 7R,BREAKOUT@VAH val=4400.02 vah=4435.93 poc=4406.01 vwap=4410.04
2026-01-06T11:20:00+07:00,2026-01-06T11:30:00+07:00,BUY,4465.02,4462.43,4483.39,BE,-0.2,S419 BUY Orochi BREAKOUT@VAH 7R,BREAKOUT@VAH val=4400.02 vah=4435.93 poc=4406.01 vwap=4410.04
2026-01-06T11:35:00+07:00,2026-01-06T11:40:00+07:00,BUY,4466.07,4464.17,4479.45,SL,-2.1,S419 BUY Orochi BREAKOUT@VAH 7R,BREAKOUT@VAH val=4400.02 vah=4435.93 poc=4406.01 vwap=4410.04
2026-01-06T11:55:00+07:00,2026-01-06T12:10:00+07:00,BUY,4467.41,4465.18,4483.58,BE,-0.2,S419 BUY Orochi BREAKOUT@VAH 7R,BREAKOUT@VAH val=4400.02 vah=4435.93 poc=4406.01 vwap=4410.04
2026-01-06T12:15:00+07:00,2026-01-06T12:25:00+07:00,BUY,4468.75,4466.27,4486.19,BE,-0.2,S419 BUY Orochi BREAKOUT@VAH 7R,BREAKOUT@VAH val=4400.02 vah=4435.93 poc=4406.01 vwap=4410.04
2026-01-06T12:35:00+07:00,2026-01-06T12:40:00+07:00,BUY,4463.74,4462.89,4469.77,SL,-1.05,S419 BUY Orochi BREAKOUT@VAH 7R,BREAKOUT@VAH val=4400.02 vah=4435.93 poc=4406.01 vwap=4410.04
2026-01-06T12:45:00+07:00,2026-01-06T12:50:00+07:00,BUY,4459.77,4457.08,4477.96,SL,-2.89,S419 BUY Orochi BREAKOUT@VAH 7R,BREAKOUT@VAH val=4400.02 vah=4435.93 poc=4406.01 vwap=4410.04
2026-01-06T12:55:00+07:00,2026-01-06T13:05:00+07:00,BUY,4452.67,4448.54,4477.34,BE,-0.2,S419 BUY Orochi BREAKOUT@VAH 7R,BREAKOUT@VAH val=4400.02 vah=4435.93 poc=4406.01 vwap=4410.04
2026-01-06T13:10:00+07:00,2026-01-06T13:20:00+07:00,BUY,4457.15,4450.71,4500.23,BE,-0.2,S419 BUY Orochi BREAKOUT@VAH 7R,BREAKOUT@VAH val=4400.02 vah=4435.93 poc=4406.01 vwap=4410.04
2026-01-06T13:25:00+07:00,2026-01-06T13:45:00+07:00,BUY,4461.26,4455.09,4504.21,BE,-0.2,S419 BUY Orochi BREAKOUT@VAH 7R,BREAKOUT@VAH val=4400.02 vah=4435.93 poc=4406.01 vwap=4410.04
2026-01-06T13:50:00+07:00,2026-01-06T14:00:00+07:00,BUY,4464.86,4460.1,4498.26,BE,-0.2,S419 BUY Orochi BREAKOUT@VAH 7R,BREAKOUT@VAH val=4400.02 vah=4435.93 poc=4406.01 vwap=4410.04
2026-01-06T14:05:00+07:00,2026-01-06T14:15:00+07:00,BUY,4469.17,4463.35,4509.99,BE,-0.2,S419 BUY Orochi BREAKOUT@VAH 7R,BREAKOUT@VAH val=4400.02 vah=4435.93 poc=4406.01 vwap=4410.04
2026-01-06T14:20:00+07:00,2026-01-06T14:50:00+07:00,BUY,4463.51,4461.15,4479.31,BE,-0.2,S419 BUY Orochi BREAKOUT@VAH 7R,BREAKOUT@VAH val=4400.02 vah=4435.93 poc=4406.01 vwap=4410.04
2026-01-06T14:55:00+07:00,2026-01-06T16:10:00+07:00,BUY,4459.48,4456.27,4479.55,BE,-0.2,S419 BUY Orochi BREAKOUT@VAH 7R,BREAKOUT@VAH val=4400.02 vah=4435.93 poc=4406.01 vwap=4410.04
2026-01-06T16:15:00+07:00,2026-01-06T16:25:00+07:00,BUY,4454.21,4451.0,4476.92,BE,-0.2,S419 BUY Orochi BREAKOUT@VAH 7R,BREAKOUT@VAH val=4400.02 vah=4435.93 poc=4406.01 vwap=4410.04
2026-01-06T16:30:00+07:00,2026-01-06T16:45:00+07:00,BUY,4456.88,4453.07,4483.63,SL,-4.01,S419 BUY Orochi BREAKOUT@VAH 7R,BREAKOUT@VAH val=4397.19 vah=4432.80 poc=4406.10 vwap=4411.16
2026-01-06T16:50:00+07:00,2026-01-06T17:00:00+07:00,BUY,4449.39,4443.79,4489.23,BE,-0.2,S419 BUY Orochi BREAKOUT@VAH 7R,BREAKOUT@VAH val=4397.27 vah=4429.26 poc=4406.16 vwap=4412.18
2026-01-06T17:10:00+07:00,2026-01-06T17:20:00+07:00,BUY,4450.13,4443.93,4494.89,BE,-0.2,S419 BUY Orochi BREAKOUT@VAH 7R,BREAKOUT@VAH val=4396.42 vah=4428.32 poc=4406.57 vwap=4412.99
2026-01-06T17:25:00+07:00,2026-01-06T17:40:00+07:00,BUY,4450.1,4447.61,4467.37,BE,-0.2,S419 BUY Orochi BREAKOUT@VAH 7R,BREAKOUT@VAH val=4396.77 vah=4426.43 poc=4419.69 vwap=4413.48
2026-01-06T17:45:00+07:00,2026-01-06T18:05:00+07:00,BUY,4451.08,4448.1,4471.86,BE,-0.2,S419 BUY Orochi BREAKOUT@VAH 7R,BREAKOUT@VAH val=4396.39 vah=4426.18 poc=4420.45 vwap=4414.06
2026-01-06T18:10:00+07:00,2026-01-06T18:15:00+07:00,BUY,4450.8,4448.98,4463.46,SL,-2.02,S419 BUY Orochi BREAKOUT@VAH 7R,BREAKOUT@VAH val=4399.36 vah=4427.11 poc=4419.64 vwap=4414.85
2026-01-06T18:35:00+07:00,2026-01-06T19:40:00+07:00,BUY,4459.47,4454.12,4497.0,BE,-0.2,S419 BUY Orochi BREAKOUT@VAH 7R,BREAKOUT@VAH val=4399.36 vah=4427.11 poc=4419.64 vwap=4415.48
2026-01-06T19:45:00+07:00,2026-01-06T20:00:00+07:00,BUY,4460.48,4458.06,4477.02,BE,-0.2,S419 BUY Orochi BREAKOUT@VAH 7R,BREAKOUT@VAH val=4402.66 vah=4427.50 poc=4421.29 vwap=4418.22
2026-01-06T21:00:00+07:00,2026-01-06T21:15:00+07:00,BUY,4467.47,4463.77,4493.45,BE,-0.2,S419 BUY Orochi BREAKOUT@VAH 7R,BREAKOUT@VAH val=4435.95 vah=4465.82 poc=4444.25 vwap=4447.04
2026-01-06T21:20:00+07:00,2026-01-06T21:30:00+07:00,BUY,4466.32,4463.12,4488.88,BE,-0.2,S419 BUY Orochi BREAKOUT@VAH 7R,BREAKOUT@VAH val=4435.95 vah=4465.82 poc=4444.25 vwap=4447.04
2026-01-06T21:40:00+07:00,2026-01-06T22:10:00+07:00,BUY,4479.55,4474.86,4512.3,BE,-0.2,S419 BUY Orochi BREAKOUT@VAH 7R,BREAKOUT@VAH val=4435.95 vah=4465.82 poc=4444.25 vwap=4447.04
2026-01-06T22:15:00+07:00,2026-01-06T22:30:00+07:00,BUY,4474.6,4472.84,4486.6,BE,-0.2,S419 BUY Orochi BREAKOUT@VAH 7R,BREAKOUT@VAH val=4435.95 vah=4465.82 poc=4444.25 vwap=4447.04
2026-01-06T22:35:00+07:00,2026-01-07T08:10:00+07:00,BUY,4470.8,4461.37,4536.89,BE,-0.2,S419 BUY Orochi BREAKOUT@VAH 7R,BREAKOUT@VAH val=4435.95 vah=4465.82 poc=4444.25 vwap=4447.04
2026-01-07T08:15:00+07:00,2026-01-07T08:30:00+07:00,BUY,4472.73,4467.97,4505.97,BE,-0.2,S419 BUY Orochi BREAKOUT@VAH 7R,BREAKOUT@VAH val=4438.94 vah=4465.95 poc=4445.08 vwap=4449.85
2026-01-07T08:35:00+07:00,2026-01-07T08:45:00+07:00,BUY,4470.79,4463.26,4523.58,BE,-0.2,S419 BUY Orochi BREAKOUT@VAH 7R,BREAKOUT@VAH val=4437.23 vah=4463.73 poc=4443.26 vwap=4450.55
2026-01-07T08:50:00+07:00,2026-01-07T08:55:00+07:00,BUY,4470.06,4463.27,4517.67,SL,-6.99,S419 BUY Orochi BREAKOUT@VAH 7R,BREAKOUT@VAH val=4437.23 vah=4463.73 poc=4443.26 vwap=4451.12
2026-01-07T09:00:00+07:00,2026-01-07T11:15:00+07:00,BUY,4467.33,4457.84,4533.84,BE,-0.2,S419 BUY Orochi BREAKOUT@VAH 7R,BREAKOUT@VAH val=4437.93 vah=4463.83 poc=4442.91 vwap=4451.55
2026-01-07T11:20:00+07:00,2026-01-07T11:30:00+07:00,BUY,4469.31,4465.65,4494.85,BE,-0.2,S419 BUY Orochi BREAKOUT@VAH 7R,BREAKOUT@VAH val=4437.93 vah=4463.83 poc=4442.91 vwap=4452.99
2026-01-07T18:45:00+07:00,2026-01-07T18:55:00+07:00,SELL,4450.59,4454.98,4419.78,BE,-0.2,S419 SELL Orochi BREAKOUT@VAL 7R,BREAKOUT@VAL val=4452.50 vah=4468.62 poc=4464.14 vwap=4459.19
2026-01-07T19:00:00+07:00,2026-01-07T19:25:00+07:00,SELL,4448.31,4454.9,4402.34,BE,-0.2,S419 SELL Orochi BREAKOUT@VAL 7R,BREAKOUT@VAL val=4454.01 vah=4469.56 poc=4464.12 vwap=4459.83
2026-01-07T19:30:00+07:00,2026-01-07T19:40:00+07:00,SELL,4453.35,4455.93,4435.45,BE,-0.2,S419 SELL Orochi BREAKOUT@VAL 7R,BREAKOUT@VAL val=4455.02 vah=4468.86 poc=4465.40 vwap=4460.50
2026-01-07T19:45:00+07:00,2026-01-07T20:05:00+07:00,SELL,4453.29,4455.22,4440.5,TP,12.59,S419 SELL Orochi BREAKOUT@VAL 7R,BREAKOUT@VAL val=4455.02 vah=4468.86 poc=4465.40 vwap=4460.54
2026-01-07T20:15:00+07:00,2026-01-07T20:20:00+07:00,SELL,4434.02,4440.58,4387.94,SL,-6.76,S419 SELL Orochi BREAKOUT@VAL 7R,BREAKOUT@VAL val=4459.76 vah=4490.32 poc=4466.13 vwap=4472.23
2026-01-07T20:25:00+07:00,2026-01-07T20:35:00+07:00,SELL,4442.22,4449.09,4393.81,BE,-0.2,S419 SELL Orochi BREAKOUT@VAL 7R,BREAKOUT@VAL val=4459.76 vah=4490.32 poc=4466.13 vwap=4472.23
2026-01-07T20:40:00+07:00,2026-01-07T20:55:00+07:00,SELL,4445.39,4452.51,4396.51,SL,-7.32,S419 SELL Orochi BREAKOUT@VAL 7R,BREAKOUT@VAL val=4459.76 vah=4490.32 poc=4466.13 vwap=4472.23
2026-01-07T21:00:00+07:00,2026-01-07T21:15:00+07:00,SELL,4452.78,4456.18,4429.06,BE,-0.2,S419 SELL Orochi BREAKOUT@VAL 7R,BREAKOUT@VAL val=4459.76 vah=4490.32 poc=4466.13 vwap=4472.23
2026-01-07T21:20:00+07:00,2026-01-07T21:30:00+07:00,SELL,4445.48,4455.12,4378.48,BE,-0.2,S419 SELL Orochi BREAKOUT@VAL 7R,BREAKOUT@VAL val=4459.76 vah=4490.32 poc=4466.13 vwap=4472.23
2026-01-07T21:40:00+07:00,2026-01-07T21:50:00+07:00,SELL,4444.13,4453.97,4375.97,BE,-0.2,S419 SELL Orochi BREAKOUT@VAL 7R,BREAKOUT@VAL val=4459.76 vah=4490.32 poc=4466.13 vwap=4472.23
2026-01-07T21:55:00+07:00,2026-01-07T22:05:00+07:00,SELL,4442.95,4454.7,4378.78,BE,-0.2,S419 SELL Orochi BREAKOUT@VAL 7R,BREAKOUT@VAL val=4459.76 vah=4490.32 poc=4466.13 vwap=4472.23
2026-01-07T22:20:00+07:00,2026-01-07T22:25:00+07:00,SELL,4430.7,4434.7,4402.22,SL,-4.2,S419 SELL Orochi BREAKOUT@VAL 7R,BREAKOUT@VAL val=4459.76 vah=4490.32 poc=4466.13 vwap=4472.23
2026-01-07T22:30:00+07:00,2026-01-07T22:35:00+07:00,SELL,4448.58,4452.16,4423.44,SL,-3.78,S419 SELL Orochi BREAKOUT@VAL 7R,BREAKOUT@VAL val=4459.76 vah=4490.32 poc=4466.13 vwap=4472.23
2026-01-07T22:40:00+07:00,2026-01-07T22:50:00+07:00,SELL,4442.17,4454.52,4356.12,BE,-0.2,S419 SELL Orochi BREAKOUT@VAL 7R,BREAKOUT@VAL val=4459.76 vah=4490.32 poc=4466.13 vwap=4472.23
2026-01-07T22:55:00+07:00,2026-01-07T23:05:00+07:00,SELL,4446.02,4450.03,4418.11,BE,-0.2,S419 SELL Orochi BREAKOUT@VAL 7R,BREAKOUT@VAL val=4459.76 vah=4490.32 poc=4466.13 vwap=4472.23
2026-01-07T23:10:00+07:00,2026-01-07T23:20:00+07:00,SELL,4447.25,4452.46,4409.82,BE,-0.2,S419 SELL Orochi BREAKOUT@VAL 7R,BREAKOUT@VAL val=4459.76 vah=4490.32 poc=4466.13 vwap=4472.23
2026-01-07T23:25:00+07:00,2026-01-07T23:30:00+07:00,SELL,4457.84,4462.83,4423.47,SL,-5.19,S419 SELL Orochi BREAKOUT@VAL 7R,BREAKOUT@VAL val=4459.76 vah=4490.32 poc=4466.13 vwap=4472.23
2026-01-08T00:30:00+07:00,2026-01-08T00:40:00+07:00,SELL,4459.56,4462.71,4436.23,BE,-0.2,S419 SELL Orochi BREAKOUT@VAL 7R,BREAKOUT@VAL val=4459.76 vah=4490.32 poc=4466.13 vwap=4472.23
2026-01-08T00:45:00+07:00,2026-01-08T01:35:00+07:00,SELL,4457.0,4460.66,4431.62,BE,-0.2,S419 SELL Orochi BREAKOUT@VAL 7R,BREAKOUT@VAL val=4459.76 vah=4490.32 poc=4466.13 vwap=4472.23
2026-01-08T01:40:00+07:00,2026-01-08T02:30:00+07:00,SELL,4456.27,4459.93,4430.49,BE,-0.2,S419 SELL Orochi BREAKOUT@VAL 7R,BREAKOUT@VAL val=4459.76 vah=4490.32 poc=4466.13 vwap=4472.23
2026-01-08T02:35:00+07:00,2026-01-08T02:50:00+07:00,SELL,4454.92,4458.32,4431.68,BE,-0.2,S419 SELL Orochi BREAKOUT@VAL 7R,BREAKOUT@VAL val=4459.76 vah=4490.32 poc=4466.13 vwap=4472.23
2026-01-08T02:55:00+07:00,2026-01-08T03:00:00+07:00,SELL,4456.93,4458.87,4443.43,SL,-2.14,S419 SELL Orochi BREAKOUT@VAL 7R,BREAKOUT@VAL val=4459.76 vah=4490.32 poc=4466.13 vwap=4472.23
2026-01-08T03:05:00+07:00,2026-01-08T03:15:00+07:00,SELL,4455.81,4460.38,4423.74,SL,-4.77,S419 SELL Orochi BREAKOUT@VAL 7R,BREAKOUT@VAL val=4459.76 vah=4490.32 poc=4466.13 vwap=4472.23
2026-01-08T03:20:00+07:00,2026-01-08T03:30:00+07:00,SELL,4459.08,4462.51,4435.15,BE,-0.2,S419 SELL Orochi BREAKOUT@VAL 7R,BREAKOUT@VAL val=4459.76 vah=4490.32 poc=4466.13 vwap=4472.23
2026-01-08T03:35:00+07:00,2026-01-08T06:00:00+07:00,SELL,4456.69,4461.23,4424.51,BE,-0.2,S419 SELL Orochi BREAKOUT@VAL 7R,BREAKOUT@VAL val=4459.76 vah=4490.32 poc=4466.13 vwap=4472.23
2026-01-08T06:10:00+07:00,2026-01-08T06:20:00+07:00,SELL,4459.38,4462.93,4434.53,SL,-3.75,S419 SELL Orochi BREAKOUT@VAL 7R,BREAKOUT@VAL val=4459.76 vah=4490.32 poc=4466.13 vwap=4472.23
2026-01-08T07:30:00+07:00,2026-01-08T08:00:00+07:00,SELL,4457.87,4459.56,4445.96,TP,11.71,S419 SELL Orochi BREAKOUT@VAL 7R,BREAKOUT@VAL val=4459.76 vah=4490.32 poc=4486.50 vwap=4472.36
2026-01-08T08:05:00+07:00,2026-01-08T08:20:00+07:00,SELL,4459.29,4460.76,4449.8,BE,-0.2,S419 SELL Orochi BREAKOUT@VAL 7R,BREAKOUT@VAL val=4462.31 vah=4490.32 poc=4486.50 vwap=4472.79
2026-01-08T08:25:00+07:00,2026-01-08T08:35:00+07:00,SELL,4455.03,4461.58,4410.38,BE,-0.2,S419 SELL Orochi BREAKOUT@VAL 7R,BREAKOUT@VAL val=4462.31 vah=4490.32 poc=4486.50 vwap=4472.92
2026-01-08T08:50:00+07:00,2026-01-08T09:00:00+07:00,SELL,4444.55,4449.86,4407.54,BE,-0.2,S419 SELL Orochi BREAKOUT@VAL 7R,BREAKOUT@VAL val=4462.31 vah=4492.87 poc=4486.50 vwap=4473.00
2026-01-08T09:05:00+07:00,2026-01-08T12:15:00+07:00,SELL,4447.68,4451.06,4423.94,TP,23.54,S419 SELL Orochi BREAKOUT@VAL 7R,BREAKOUT@VAL val=4462.31 vah=4492.87 poc=4486.50 vwap=4472.84
2026-01-08T12:20:00+07:00,2026-01-08T12:30:00+07:00,SELL,4428.63,4430.33,4420.01,TP,8.42,S419 SELL Orochi BREAKOUT@VAL 7R,BREAKOUT@VAL val=4459.76 vah=4495.42 poc=4466.13 vwap=4470.03
2026-01-08T12:35:00+07:00,2026-01-08T12:55:00+07:00,SELL,4424.55,4427.69,4402.65,BE,-0.2,S419 SELL Orochi BREAKOUT@VAL 7R,BREAKOUT@VAL val=4459.76 vah=4495.42 poc=4466.13 vwap=4469.66
2026-01-08T13:10:00+07:00,2026-01-08T13:15:00+07:00,SELL,4420.97,4424.23,4398.31,SL,-3.46,S419 SELL Orochi BREAKOUT@VAL 7R,BREAKOUT@VAL val=4452.12 vah=4487.78 poc=4466.13 vwap=4468.90
2026-01-08T13:20:00+07:00,2026-01-08T13:25:00+07:00,SELL,4425.17,4427.3,4410.42,SL,-2.33,S419 SELL Orochi BREAKOUT@VAL 7R,BREAKOUT@VAL val=4449.58 vah=4485.23 poc=4466.13 vwap=4468.70
2026-01-08T13:30:00+07:00,2026-01-08T13:35:00+07:00,SELL,4431.69,4436.77,4395.89,SL,-5.28,S419 SELL Orochi BREAKOUT@VAL 7R,BREAKOUT@VAL val=4449.58 vah=4485.23 poc=4466.13 vwap=4468.51
2026-01-08T13:40:00+07:00,2026-01-08T13:55:00+07:00,SELL,4435.69,4439.37,4410.01,BE,-0.2,S419 SELL Orochi BREAKOUT@VAL 7R,BREAKOUT@VAL val=4449.58 vah=4485.23 poc=4466.13 vwap=4468.32
2026-01-08T14:00:00+07:00,2026-01-08T14:05:00+07:00,SELL,4432.64,4437.44,4399.68,SL,-5.0,S419 SELL Orochi BREAKOUT@VAL 7R,BREAKOUT@VAL val=4447.03 vah=4480.14 poc=4466.13 vwap=4468.03
2026-01-08T14:10:00+07:00,2026-01-08T14:25:00+07:00,SELL,4435.95,4441.02,4400.86,BE,-0.2,S419 SELL Orochi BREAKOUT@VAL 7R,BREAKOUT@VAL val=4447.03 vah=4480.14 poc=4466.13 vwap=4467.86
2026-01-08T14:30:00+07:00,2026-01-08T14:40:00+07:00,SELL,4434.0,4438.24,4404.64,BE,-0.2,S419 SELL Orochi BREAKOUT@VAL 7R,BREAKOUT@VAL val=4449.58 vah=4480.14 poc=4466.13 vwap=4467.52
2026-01-08T14:45:00+07:00,2026-01-08T14:55:00+07:00,SELL,4429.48,4435.84,4384.88,BE,-0.2,S419 SELL Orochi BREAKOUT@VAL 7R,BREAKOUT@VAL val=4449.58 vah=4480.14 poc=4466.13 vwap=4467.28
2026-01-08T15:05:00+07:00,2026-01-08T15:30:00+07:00,SELL,4432.43,4433.57,4424.93,TP,7.3,S419 SELL Orochi BREAKOUT@VAL 7R,BREAKOUT@VAL val=4449.58 vah=4480.14 poc=4466.13 vwap=4466.74
2026-01-08T15:40:00+07:00,2026-01-08T15:50:00+07:00,SELL,4421.09,4425.68,4389.04,SL,-4.79,S419 SELL Orochi BREAKOUT@VAL 7R,BREAKOUT@VAL val=4449.58 vah=4480.14 poc=4466.13 vwap=4466.09
2026-01-08T15:55:00+07:00,2026-01-08T16:00:00+07:00,SELL,4431.66,4434.16,4414.0,SL,-2.7,S419 SELL Orochi BREAKOUT@VAL 7R,BREAKOUT@VAL val=4449.58 vah=4480.14 poc=4466.13 vwap=4465.93
2026-01-08T16:05:00+07:00,2026-01-08T16:30:00+07:00,SELL,4432.91,4436.72,4406.4,BE,-0.2,S419 SELL Orochi BREAKOUT@VAL 7R,BREAKOUT@VAL val=4449.58 vah=4480.14 poc=4466.13 vwap=4465.80
2026-01-08T16:35:00+07:00,2026-01-08T16:55:00+07:00,SELL,4432.61,4435.99,4408.87,BE,-0.2,S419 SELL Orochi BREAKOUT@VAL 7R,BREAKOUT@VAL val=4452.12 vah=4480.14 poc=4466.13 vwap=4465.39
2026-01-08T17:00:00+07:00,2026-01-08T17:15:00+07:00,SELL,4430.17,4434.41,4400.17,BE,-0.2,S419 SELL Orochi BREAKOUT@VAL 7R,BREAKOUT@VAL val=4451.25 vah=4479.72 poc=4464.30 vwap=4464.90
2026-01-08T17:20:00+07:00,2026-01-08T17:30:00+07:00,SELL,4425.97,4431.47,4387.31,BE,-0.2,S419 SELL Orochi BREAKOUT@VAL 7R,BREAKOUT@VAL val=4451.14 vah=4479.33 poc=4464.06 vwap=4464.43
2026-01-08T17:35:00+07:00,2026-01-08T17:40:00+07:00,SELL,4432.2,4434.29,4417.33,SL,-2.29,S419 SELL Orochi BREAKOUT@VAL 7R,BREAKOUT@VAL val=4453.49 vah=4479.33 poc=4464.06 vwap=4464.16
2026-01-08T17:45:00+07:00,2026-01-08T17:55:00+07:00,SELL,4431.41,4435.7,4401.54,BE,-0.2,S419 SELL Orochi BREAKOUT@VAL 7R,BREAKOUT@VAL val=4453.49 vah=4479.33 poc=4464.06 vwap=4464.02
2026-01-08T18:00:00+07:00,2026-01-08T19:05:00+07:00,SELL,4432.18,4434.68,4414.76,TP,17.22,S419 SELL Orochi BREAKOUT@VAL 7R,BREAKOUT@VAL val=4453.49 vah=4479.33 poc=4464.06 vwap=4463.58
2026-01-08T19:15:00+07:00,2026-01-08T19:25:00+07:00,SELL,4413.86,4420.39,4368.07,SL,-6.73,S419 SELL Orochi BREAKOUT@VAL 7R,BREAKOUT@VAL val=4453.03 vah=4478.61 poc=4464.11 vwap=4461.58
2026-01-08T19:30:00+07:00,2026-01-08T19:35:00+07:00,SELL,4424.04,4427.4,4400.44,SL,-3.56,S419 SELL Orochi BREAKOUT@VAL 7R,BREAKOUT@VAL val=4446.21 vah=4470.08 poc=4464.11 vwap=4461.30
2026-01-08T19:40:00+07:00,2026-01-08T19:50:00+07:00,SELL,4429.03,4432.66,4402.9,BE,-0.2,S419 SELL Orochi BREAKOUT@VAL 7R,BREAKOUT@VAL val=4446.21 vah=4470.08 poc=4464.11 vwap=4461.14
2026-01-08T19:55:00+07:00,2026-01-08T20:20:00+07:00,SELL,4427.68,4431.64,4400.12,BE,-0.2,S419 SELL Orochi BREAKOUT@VAL 7R,BREAKOUT@VAL val=4446.21 vah=4470.08 poc=4464.11 vwap=4460.68
2026-01-08T20:55:00+07:00,2026-01-08T21:05:00+07:00,SELL,4422.67,4432.83,4360.51,BE,-0.2,S419 SELL Orochi BREAKOUT@VAL 7R,BREAKOUT@VAL val=4427.94 vah=4460.71 poc=4446.84 vwap=4441.33
2026-01-08T21:10:00+07:00,2026-01-08T21:20:00+07:00,SELL,4423.4,4429.6,4379.6,BE,-0.2,S419 SELL Orochi BREAKOUT@VAL 7R,BREAKOUT@VAL val=4427.94 vah=4460.71 poc=4446.84 vwap=4441.33
2026-01-08T23:55:00+07:00,2026-01-09T00:05:00+07:00,BUY,4463.27,4456.95,4508.07,BE,-0.2,S419 BUY Orochi BREAKOUT@VAH 7R,BREAKOUT@VAH val=4427.94 vah=4460.71 poc=4446.84 vwap=4441.33
2026-01-09T00:20:00+07:00,2026-01-09T00:30:00+07:00,BUY,4461.38,4456.41,4496.57,BE,-0.2,S419 BUY Orochi BREAKOUT@VAH 7R,BREAKOUT@VAH val=4427.94 vah=4460.71 poc=4446.84 vwap=4441.33
2026-01-09T00:40:00+07:00,2026-01-09T00:50:00+07:00,BUY,4461.41,4457.94,4485.14,BE,-0.2,S419 BUY Orochi BREAKOUT@VAH 7R,BREAKOUT@VAH val=4427.94 vah=4460.71 poc=4446.84 vwap=4441.33
2026-01-09T00:55:00+07:00,2026-01-09T01:00:00+07:00,BUY,4463.44,4459.04,4494.32,SL,-4.6,S419 BUY Orochi BREAKOUT@VAH 7R,BREAKOUT@VAH val=4427.94 vah=4460.71 poc=4446.84 vwap=4441.33
2026-01-09T03:35:00+07:00,2026-01-09T03:45:00+07:00,BUY,4473.73,4468.99,4506.83,BE,-0.2,S419 BUY Orochi BREAKOUT@VAH 7R,BREAKOUT@VAH val=4427.94 vah=4460.71 poc=4446.84 vwap=4441.33
2026-01-09T03:50:00+07:00,2026-01-09T04:15:00+07:00,BUY,4474.28,4470.94,4497.74,BE,-0.2,S419 BUY Orochi BREAKOUT@VAH 7R,BREAKOUT@VAH val=4427.94 vah=4460.71 poc=4446.84 vwap=4441.33
2026-01-09T04:20:00+07:00,2026-01-09T04:30:00+07:00,BUY,4474.89,4471.59,4497.83,BE,-0.2,S419 BUY Orochi BREAKOUT@VAH 7R,BREAKOUT@VAH val=4427.94 vah=4460.71 poc=4446.84 vwap=4441.33
2026-01-09T04:35:00+07:00,2026-01-09T06:00:00+07:00,BUY,4473.18,4471.88,4481.16,TP,7.78,S419 BUY Orochi BREAKOUT@VAH 7R,BREAKOUT@VAH val=4427.94 vah=4460.71 poc=4446.84 vwap=4441.33
2026-01-09T06:05:00+07:00,2026-01-09T06:15:00+07:00,BUY,4477.76,4474.28,4501.64,BE,-0.2,S419 BUY Orochi BREAKOUT@VAH 7R,BREAKOUT@VAH val=4427.94 vah=4460.71 poc=4446.84 vwap=4441.33
2026-01-09T06:20:00+07:00,2026-01-09T06:30:00+07:00,BUY,4475.88,4474.32,4486.32,BE,-0.2,S419 BUY Orochi BREAKOUT@VAH 7R,BREAKOUT@VAH val=4427.94 vah=4460.71 poc=4446.84 vwap=4441.33
2026-01-09T06:35:00+07:00,2026-01-09T06:45:00+07:00,BUY,4476.65,4474.68,4490.28,BE,-0.2,S419 BUY Orochi BREAKOUT@VAH 7R,BREAKOUT@VAH val=4427.94 vah=4460.71 poc=4446.84 vwap=4441.33
2026-01-09T06:50:00+07:00,2026-01-09T07:00:00+07:00,BUY,4474.56,4472.23,4490.63,BE,-0.2,S419 BUY Orochi BREAKOUT@VAH 7R,BREAKOUT@VAH val=4427.94 vah=4460.71 poc=4446.84 vwap=4441.33
2026-01-09T07:05:00+07:00,2026-01-09T07:10:00+07:00,BUY,4476.05,4473.32,4495.0,SL,-2.93,S419 BUY Orochi BREAKOUT@VAH 7R,BREAKOUT@VAH val=4427.94 vah=4460.71 poc=4446.84 vwap=4441.33
2026-01-09T07:15:00+07:00,2026-01-09T07:20:00+07:00,BUY,4471.86,4469.94,4485.22,SL,-2.12,S419 BUY Orochi BREAKOUT@VAH 7R,BREAKOUT@VAH val=4427.94 vah=4460.71 poc=4446.84 vwap=4441.33
2026-01-09T07:25:00+07:00,2026-01-09T07:45:00+07:00,BUY,4465.74,4462.86,4485.98,BE,-0.2,S419 BUY Orochi BREAKOUT@VAH 7R,BREAKOUT@VAH val=4422.90 vah=4455.67 poc=4429.20 vwap=4441.34
2026-01-09T07:50:00+07:00,2026-01-09T08:00:00+07:00,BUY,4462.01,4459.24,4481.56,BE,-0.2,S419 BUY Orochi BREAKOUT@VAH 7R,BREAKOUT@VAH val=4422.90 vah=4455.67 poc=4429.20 vwap=4441.42
2026-01-09T08:05:00+07:00,2026-01-09T08:15:00+07:00,BUY,4458.27,4452.07,4501.51,BE,-0.2,S419 BUY Orochi BREAKOUT@VAH 7R,BREAKOUT@VAH val=4422.90 vah=4455.67 poc=4429.20 vwap=4441.36
2026-01-09T08:25:00+07:00,2026-01-09T08:35:00+07:00,BUY,4457.34,4451.89,4496.29,BE,-0.2,S419 BUY Orochi BREAKOUT@VAH 7R,BREAKOUT@VAH val=4422.90 vah=4455.67 poc=4429.20 vwap=4441.16
2026-01-09T08:40:00+07:00,2026-01-09T10:10:00+07:00,BUY,4462.56,4455.05,4514.81,BE,-0.2,S419 BUY Orochi BREAKOUT@VAH 7R,BREAKOUT@VAH val=4422.90 vah=4455.67 poc=4429.20 vwap=4441.04
2026-01-09T10:15:00+07:00,2026-01-09T10:20:00+07:00,BUY,4464.77,4461.12,4490.96,SL,-3.85,S419 BUY Orochi BREAKOUT@VAH 7R,BREAKOUT@VAH val=4427.94 vah=4460.71 poc=4456.93 vwap=4440.93
2026-01-09T10:25:00+07:00,2026-01-09T10:40:00+07:00,BUY,4463.42,4460.03,4487.55,BE,-0.2,S419 BUY Orochi BREAKOUT@VAH 7R,BREAKOUT@VAH val=4427.94 vah=4460.71 poc=4456.93 vwap=4440.86
2026-01-09T10:45:00+07:00,2026-01-09T11:15:00+07:00,BUY,4465.5,4462.32,4488.0,SL,-3.38,S419 BUY Orochi BREAKOUT@VAH 7R,BREAKOUT@VAH val=4427.94 vah=4460.71 poc=4456.93 vwap=4440.57
2026-01-09T11:20:00+07:00,2026-01-09T11:40:00+07:00,BUY,4463.86,4459.97,4491.25,BE,-0.2,S419 BUY Orochi BREAKOUT@VAH 7R,BREAKOUT@VAH val=4417.54 vah=4454.19 poc=4430.98 vwap=4439.65
2026-01-09T11:45:00+07:00,2026-01-09T12:05:00+07:00,BUY,4463.19,4461.19,4477.27,BE,-0.2,S419 BUY Orochi BREAKOUT@VAH 7R,BREAKOUT@VAH val=4417.54 vah=4451.75 poc=4430.98 vwap=4439.34
2026-01-09T12:10:00+07:00,2026-01-09T12:15:00+07:00,BUY,4463.05,4461.14,4476.5,SL,-2.11,S419 BUY Orochi BREAKOUT@VAH 7R,BREAKOUT@VAH val=4417.54 vah=4451.75 poc=4430.98 vwap=4438.97
2026-01-09T12:20:00+07:00,2026-01-09T12:30:00+07:00,BUY,4458.95,4457.65,4468.29,TP,9.14,S419 BUY Orochi BREAKOUT@VAH 7R,BREAKOUT@VAH val=4417.54 vah=4451.75 poc=4430.98 vwap=4438.81
2026-01-09T12:40:00+07:00,2026-01-09T12:50:00+07:00,BUY,4467.52,4465.41,4481.57,BE,-0.2,S419 BUY Orochi BREAKOUT@VAH 7R,BREAKOUT@VAH val=4417.54 vah=4451.75 poc=4430.98 vwap=4438.52
2026-01-09T12:55:00+07:00,2026-01-09T13:05:00+07:00,BUY,4468.49,4465.09,4489.01,BE,-0.2,S419 BUY Orochi BREAKOUT@VAH 7R,BREAKOUT@VAH val=4417.54 vah=4451.75 poc=4430.98 vwap=4438.23
2026-01-09T13:10:00+07:00,2026-01-09T13:20:00+07:00,BUY,4467.31,4465.07,4482.19,BE,-0.2,S419 BUY Orochi BREAKOUT@VAH 7R,BREAKOUT@VAH val=4417.54 vah=4449.31 poc=4430.98 vwap=4438.02
2026-01-09T13:35:00+07:00,2026-01-09T13:50:00+07:00,BUY,4474.66,4472.08,4495.28,BE,-0.2,S419 BUY Orochi BREAKOUT@VAH 7R,BREAKOUT@VAH val=4417.54 vah=4449.31 poc=4430.98 vwap=4437.66
2026-01-09T13:55:00+07:00,2026-01-09T14:00:00+07:00,BUY,4474.15,4471.97,4488.85,SL,-2.38,S419 BUY Orochi BREAKOUT@VAH 7R,BREAKOUT@VAH val=4417.54 vah=4446.86 poc=4430.98 vwap=4437.37
2026-01-09T14:05:00+07:00,2026-01-09T14:20:00+07:00,BUY,4474.72,4470.48,4504.32,SL,-4.44,S419 BUY Orochi BREAKOUT@VAH 7R,BREAKOUT@VAH val=4417.54 vah=4446.86 poc=4430.98 vwap=4437.25
2026-01-09T14:25:00+07:00,2026-01-09T14:35:00+07:00,BUY,4470.48,4468.01,4486.49,BE,-0.2,S419 BUY Orochi BREAKOUT@VAH 7R,BREAKOUT@VAH val=4417.54 vah=4446.86 poc=4430.98 vwap=4436.81
2026-01-09T14:40:00+07:00,2026-01-09T14:50:00+07:00,BUY,4471.61,4467.95,4497.07,BE,-0.2,S419 BUY Orochi BREAKOUT@VAH 7R,BREAKOUT@VAH val=4417.54 vah=4444.42 poc=4430.98 vwap=4436.40
2026-01-09T14:55:00+07:00,2026-01-09T15:00:00+07:00,BUY,4470.25,4468.65,4480.81,SL,-1.8,S419 BUY Orochi BREAKOUT@VAH 7R,BREAKOUT@VAH val=4417.54 vah=4444.42 poc=4430.98 vwap=4435.91
2026-01-09T15:15:00+07:00,2026-01-09T15:25:00+07:00,BUY,4473.78,4471.52,4490.0,BE,-0.2,S419 BUY Orochi BREAKOUT@VAH 7R,BREAKOUT@VAH val=4419.99 vah=4444.42 poc=4430.98 vwap=4435.18
2026-01-09T15:30:00+07:00,2026-01-09T15:35:00+07:00,BUY,4470.28,4469.45,4476.17,SL,-1.03,S419 BUY Orochi BREAKOUT@VAH 7R,BREAKOUT@VAH val=4419.99 vah=4444.42 poc=4430.98 vwap=4435.01
2026-01-09T15:40:00+07:00,2026-01-09T15:50:00+07:00,BUY,4466.74,4464.74,4480.5,BE,-0.2,S419 BUY Orochi BREAKOUT@VAH 7R,BREAKOUT@VAH val=4419.99 vah=4444.42 poc=4430.98 vwap=4434.92
2026-01-09T15:55:00+07:00,2026-01-09T17:30:00+07:00,BUY,4468.54,4463.25,4505.73,BE,-0.2,S419 BUY Orochi BREAKOUT@VAH 7R,BREAKOUT@VAH val=4419.99 vah=4444.42 poc=4430.98 vwap=4434.83
2026-01-09T17:35:00+07:00,2026-01-09T17:45:00+07:00,BUY,4470.52,4467.59,4491.11,BE,-0.2,S419 BUY Orochi BREAKOUT@VAH 7R,BREAKOUT@VAH val=4419.50 vah=4442.95 poc=4430.05 vwap=4433.71
2026-01-09T18:00:00+07:00,2026-01-09T18:10:00+07:00,BUY,4473.7,4469.89,4500.29,BE,-0.2,S419 BUY Orochi BREAKOUT@VAH 7R,BREAKOUT@VAH val=4418.73 vah=4440.64 poc=4432.97 vwap=4433.17
2026-01-09T18:15:00+07:00,2026-01-09T18:25:00+07:00,BUY,4472.36,4469.44,4492.16,BE,-0.2,S419 BUY Orochi BREAKOUT@VAH 7R,BREAKOUT@VAH val=4418.73 vah=4440.64 poc=4432.97 vwap=4432.84
2026-01-09T18:30:00+07:00,2026-01-09T18:40:00+07:00,BUY,4470.82,4468.67,4485.71,BE,-0.2,S419 BUY Orochi BREAKOUT@VAH 7R,BREAKOUT@VAH val=4418.73 vah=4440.64 poc=4432.97 vwap=4432.19
2026-01-09T19:05:00+07:00,2026-01-09T19:10:00+07:00,BUY,4477.63,4474.75,4498.11,SL,-3.08,S419 BUY Orochi BREAKOUT@VAH 7R,BREAKOUT@VAH val=4419.97 vah=4439.14 poc=4427.81 vwap=4430.81
2026-01-09T19:15:00+07:00,2026-01-09T19:20:00+07:00,BUY,4473.62,4471.42,4489.5,SL,-2.4,S419 BUY Orochi BREAKOUT@VAH 7R,BREAKOUT@VAH val=4419.97 vah=4439.14 poc=4427.81 vwap=4430.58
2026-01-09T19:25:00+07:00,2026-01-09T19:30:00+07:00,BUY,4467.8,4466.37,4478.21,SL,-1.63,S419 BUY Orochi BREAKOUT@VAH 7R,BREAKOUT@VAH val=4419.67 vah=4438.36 poc=4432.41 vwap=4430.30
2026-01-09T19:35:00+07:00,2026-01-09T19:45:00+07:00,BUY,4465.94,4460.35,4504.99,BE,-0.2,S419 BUY Orochi BREAKOUT@VAH 7R,BREAKOUT@VAH val=4419.05 vah=4436.78 poc=4432.75 vwap=4430.09
2026-01-09T19:50:00+07:00,2026-01-09T20:00:00+07:00,BUY,4464.29,4462.86,4474.22,BE,-0.2,S419 BUY Orochi BREAKOUT@VAH 7R,BREAKOUT@VAH val=4420.66 vah=4436.78 poc=4432.75 vwap=4429.81
2026-01-09T20:40:00+07:00,2026-01-09T20:50:00+07:00,BUY,4486.9,4477.4,4552.28,BE,-0.2,S419 BUY Orochi BREAKOUT@VAH 7R,BREAKOUT@VAH val=4447.92 vah=4475.73 poc=4474.34 vwap=4458.05
2026-01-09T20:55:00+07:00,2026-01-09T21:05:00+07:00,BUY,4482.68,4476.96,4522.8,BE,-0.2,S419 BUY Orochi BREAKOUT@VAH 7R,BREAKOUT@VAH val=4447.92 vah=4475.73 poc=4474.34 vwap=4458.05
2026-01-09T21:10:00+07:00,2026-01-09T21:20:00+07:00,BUY,4489.33,4478.47,4564.39,BE,-0.2,S419 BUY Orochi BREAKOUT@VAH 7R,BREAKOUT@VAH val=4447.92 vah=4475.73 poc=4474.34 vwap=4458.05
2026-01-09T21:25:00+07:00,2026-01-09T21:30:00+07:00,BUY,4494.43,4484.59,4563.47,SL,-10.04,S419 BUY Orochi BREAKOUT@VAH 7R,BREAKOUT@VAH val=4447.92 vah=4475.73 poc=4474.34 vwap=4458.05
2026-01-09T21:35:00+07:00,2026-01-09T21:45:00+07:00,BUY,4496.02,4480.37,4605.25,BE,-0.2,S419 BUY Orochi BREAKOUT@VAH 7R,BREAKOUT@VAH val=4447.92 vah=4475.73 poc=4474.34 vwap=4458.05
2026-01-09T21:50:00+07:00,2026-01-09T22:05:00+07:00,BUY,4490.79,4477.29,4584.65,BE,-0.2,S419 BUY Orochi BREAKOUT@VAH 7R,BREAKOUT@VAH val=4447.92 vah=4475.73 poc=4474.34 vwap=4458.05
2026-01-09T22:10:00+07:00,2026-01-09T22:20:00+07:00,BUY,4496.56,4488.38,4554.06,BE,-0.2,S419 BUY Orochi BREAKOUT@VAH 7R,BREAKOUT@VAH val=4447.92 vah=4475.73 poc=4474.34 vwap=4458.05
2026-01-09T22:25:00+07:00,2026-01-09T23:05:00+07:00,BUY,4505.42,4493.22,4590.74,BE,-0.2,S419 BUY Orochi BREAKOUT@VAH 7R,BREAKOUT@VAH val=4447.92 vah=4475.73 poc=4474.34 vwap=4458.05
2026-01-09T23:10:00+07:00,2026-01-09T23:20:00+07:00,BUY,4503.16,4498.09,4538.97,BE,-0.2,S419 BUY Orochi BREAKOUT@VAH 7R,BREAKOUT@VAH val=4447.92 vah=4475.73 poc=4474.34 vwap=4458.05
2026-01-09T23:25:00+07:00,2026-01-09T23:35:00+07:00,BUY,4503.67,4498.72,4538.4,BE,-0.2,S419 BUY Orochi BREAKOUT@VAH 7R,BREAKOUT@VAH val=4447.92 vah=4475.73 poc=4474.34 vwap=4458.05
2026-01-09T23:40:00+07:00,2026-01-10T00:00:00+07:00,BUY,4504.67,4499.96,4537.48,BE,-0.2,S419 BUY Orochi BREAKOUT@VAH 7R,BREAKOUT@VAH val=4447.92 vah=4475.73 poc=4474.34 vwap=4458.05
2026-01-10T00:05:00+07:00,2026-01-10T00:15:00+07:00,BUY,4508.62,4503.38,4545.38,BE,-0.2,S419 BUY Orochi BREAKOUT@VAH 7R,BREAKOUT@VAH val=4447.92 vah=4475.73 poc=4474.34 vwap=4458.05
2026-01-10T00:20:00+07:00,2026-01-10T00:35:00+07:00,BUY,4505.36,4500.8,4537.12,BE,-0.2,S419 BUY Orochi BREAKOUT@VAH 7R,BREAKOUT@VAH val=4447.92 vah=4475.73 poc=4474.34 vwap=4458.05
2026-01-10T00:40:00+07:00,2026-01-10T00:45:00+07:00,BUY,4501.97,4500.26,4514.1,SL,-1.91,S419 BUY Orochi BREAKOUT@VAH 7R,BREAKOUT@VAH val=4447.92 vah=4475.73 poc=4474.34 vwap=4458.05
2026-01-10T00:50:00+07:00,2026-01-10T00:55:00+07:00,BUY,4487.42,4484.55,4507.43,SL,-3.07,S419 BUY Orochi BREAKOUT@VAH 7R,BREAKOUT@VAH val=4447.92 vah=4475.73 poc=4474.34 vwap=4458.05
2026-01-10T01:00:00+07:00,2026-01-12T06:05:00+07:00,BUY,4486.12,4480.81,4522.89,TP,36.57,S419 BUY Orochi BREAKOUT@VAH 7R,BREAKOUT@VAH val=4447.92 vah=4475.73 poc=4474.34 vwap=4458.05
2026-01-12T20:20:00+07:00,2026-01-12T20:25:00+07:00,BUY,4609.82,4605.54,4639.94,SL,-4.48,S419 BUY Orochi BREAKOUT@VAH 7R,BREAKOUT@VAH val=4568.07 vah=4593.81 poc=4577.26 vwap=4577.11
2026-01-12T20:30:00+07:00,2026-01-12T20:40:00+07:00,BUY,4609.08,4603.31,4648.27,BE,-0.2,S419 BUY Orochi BREAKOUT@VAH 7R,BREAKOUT@VAH val=4568.07 vah=4593.81 poc=4577.26 vwap=4577.11
2026-01-12T20:55:00+07:00,2026-01-12T21:00:00+07:00,BUY,4615.75,4612.6,4638.04,SL,-3.35,S419 BUY Orochi BREAKOUT@VAH 7R,BREAKOUT@VAH val=4568.07 vah=4593.81 poc=4577.26 vwap=4577.11
2026-01-12T21:05:00+07:00,2026-01-12T21:10:00+07:00,BUY,4598.57,4596.24,4615.12,SL,-2.53,S419 BUY Orochi BREAKOUT@VAH 7R,BREAKOUT@VAH val=4568.07 vah=4593.81 poc=4577.26 vwap=4577.11
2026-01-12T21:15:00+07:00,2026-01-12T21:25:00+07:00,BUY,4596.74,4588.91,4651.39,BE,-0.2,S419 BUY Orochi BREAKOUT@VAH 7R,BREAKOUT@VAH val=4568.07 vah=4593.81 poc=4577.26 vwap=4577.11
2026-01-12T21:40:00+07:00,2026-01-12T21:55:00+07:00,BUY,4604.25,4590.01,4703.85,BE,-0.2,S419 BUY Orochi BREAKOUT@VAH 7R,BREAKOUT@VAH val=4568.07 vah=4593.81 poc=4577.26 vwap=4577.11
2026-01-12T22:00:00+07:00,2026-01-13T01:15:00+07:00,BUY,4607.27,4598.15,4670.63,BE,-0.2,S419 BUY Orochi BREAKOUT@VAH 7R,BREAKOUT@VAH val=4568.07 vah=4593.81 poc=4577.26 vwap=4577.11
2026-01-13T01:20:00+07:00,2026-01-13T01:25:00+07:00,BUY,4604.84,4600.65,4634.01,SL,-4.39,S419 BUY Orochi BREAKOUT@VAH 7R,BREAKOUT@VAH val=4568.07 vah=4593.81 poc=4577.26 vwap=4577.11
2026-01-13T01:35:00+07:00,2026-01-13T02:00:00+07:00,BUY,4610.15,4601.89,4667.25,BE,-0.2,S419 BUY Orochi BREAKOUT@VAH 7R,BREAKOUT@VAH val=4568.07 vah=4593.81 poc=4577.26 vwap=4577.11
2026-01-13T02:05:00+07:00,2026-01-13T02:50:00+07:00,BUY,4612.03,4607.53,4643.85,BE,-0.2,S419 BUY Orochi BREAKOUT@VAH 7R,BREAKOUT@VAH val=4568.07 vah=4593.81 poc=4577.26 vwap=4577.11
2026-01-13T02:55:00+07:00,2026-01-13T03:00:00+07:00,BUY,4611.16,4608.52,4628.04,SL,-2.84,S419 BUY Orochi BREAKOUT@VAH 7R,BREAKOUT@VAH val=4568.07 vah=4593.81 poc=4577.26 vwap=4577.11
2026-01-13T03:05:00+07:00,2026-01-13T03:15:00+07:00,BUY,4600.58,4599.26,4610.14,BE,-0.2,S419 BUY Orochi BREAKOUT@VAH 7R,BREAKOUT@VAH val=4568.07 vah=4593.81 poc=4577.26 vwap=4577.11
2026-01-13T03:20:00+07:00,2026-01-13T03:30:00+07:00,BUY,4602.54,4598.8,4629.04,BE,-0.2,S419 BUY Orochi BREAKOUT@VAH 7R,BREAKOUT@VAH val=4568.07 vah=4593.81 poc=4577.26 vwap=4577.11
2026-01-13T03:35:00+07:00,2026-01-13T03:40:00+07:00,BUY,4601.93,4600.28,4615.08,SL,-1.85,S419 BUY Orochi BREAKOUT@VAH 7R,BREAKOUT@VAH val=4568.07 vah=4593.81 poc=4577.26 vwap=4577.11
2026-01-13T06:00:00+07:00,2026-01-13T06:10:00+07:00,BUY,4596.21,4591.51,4628.79,BE,-0.2,S419 BUY Orochi BREAKOUT@VAH 7R,BREAKOUT@VAH val=4568.07 vah=4593.81 poc=4577.26 vwap=4577.11
2026-01-13T07:00:00+07:00,2026-01-13T07:10:00+07:00,BUY,4594.67,4589.22,4632.9,BE,-0.2,S419 BUY Orochi BREAKOUT@VAH 7R,BREAKOUT@VAH val=4568.07 vah=4593.81 poc=4577.26 vwap=4577.11
2026-01-13T10:00:00+07:00,2026-01-13T10:25:00+07:00,BUY,4595.39,4591.27,4623.91,BE,-0.2,S419 BUY Orochi BREAKOUT@VAH 7R,BREAKOUT@VAH val=4568.07 vah=4593.81 poc=4577.26 vwap=4577.11
2026-01-13T10:30:00+07:00,2026-01-13T10:40:00+07:00,BUY,4595.29,4593.99,4603.67,BE,-0.2,S419 BUY Orochi BREAKOUT@VAH 7R,BREAKOUT@VAH val=4568.07 vah=4593.81 poc=4577.26 vwap=4577.11
2026-01-13T11:00:00+07:00,2026-01-13T11:35:00+07:00,BUY,4594.91,4592.24,4613.76,BE,-0.2,S419 BUY Orochi BREAKOUT@VAH 7R,BREAKOUT@VAH val=4568.07 vah=4593.81 poc=4577.26 vwap=4577.11
2026-01-13T11:45:00+07:00,2026-01-13T12:05:00+07:00,BUY,4598.53,4595.03,4623.27,SL,-3.7,S419 BUY Orochi BREAKOUT@VAH 7R,BREAKOUT@VAH val=4568.07 vah=4593.81 poc=4577.26 vwap=4577.11
2026-01-13T12:10:00+07:00,2026-01-13T12:30:00+07:00,BUY,4594.45,4591.28,4616.56,BE,-0.2,S419 BUY Orochi BREAKOUT@VAH 7R,BREAKOUT@VAH val=4568.07 vah=4593.81 poc=4577.26 vwap=4577.11
2026-01-13T16:10:00+07:00,2026-01-13T16:20:00+07:00,BUY,4594.0,4589.79,4624.03,BE,-0.2,S419 BUY Orochi BREAKOUT@VAH 7R,BREAKOUT@VAH val=4568.07 vah=4593.81 poc=4577.26 vwap=4577.11
2026-01-13T20:40:00+07:00,2026-01-13T20:50:00+07:00,BUY,4617.77,4608.11,4685.55,BE,-0.2,S419 BUY Orochi BREAKOUT@VAH 7R,BREAKOUT@VAH val=4580.73 vah=4608.99 poc=4586.61 vwap=4598.43
2026-01-13T20:55:00+07:00,2026-01-13T21:05:00+07:00,BUY,4611.35,4605.53,4653.29,BE,-0.2,S419 BUY Orochi BREAKOUT@VAH 7R,BREAKOUT@VAH val=4580.73 vah=4608.99 poc=4586.61 vwap=4598.43
2026-01-13T21:10:00+07:00,2026-01-13T21:25:00+07:00,BUY,4618.79,4608.98,4687.54,BE,-0.2,S419 BUY Orochi BREAKOUT@VAH 7R,BREAKOUT@VAH val=4580.73 vah=4608.99 poc=4586.61 vwap=4598.43
2026-01-13T21:30:00+07:00,2026-01-13T22:00:00+07:00,BUY,4615.48,4610.11,4650.67,BE,-0.2,S419 BUY Orochi BREAKOUT@VAH 7R,BREAKOUT@VAH val=4580.73 vah=4608.99 poc=4586.61 vwap=4598.43
2026-01-13T22:05:00+07:00,2026-01-13T22:15:00+07:00,BUY,4619.29,4612.25,4668.33,BE,-0.2,S419 BUY Orochi BREAKOUT@VAH 7R,BREAKOUT@VAH val=4580.73 vah=4608.99 poc=4586.61 vwap=4598.43
2026-01-13T22:40:00+07:00,2026-01-13T22:50:00+07:00,BUY,4614.84,4602.68,4700.04,BE,-0.2,S419 BUY Orochi BREAKOUT@VAH 7R,BREAKOUT@VAH val=4580.73 vah=4608.99 poc=4586.61 vwap=4598.43
2026-01-13T22:55:00+07:00,2026-01-13T23:05:00+07:00,BUY,4619.13,4610.54,4679.5,BE,-0.2,S419 BUY Orochi BREAKOUT@VAH 7R,BREAKOUT@VAH val=4580.73 vah=4608.99 poc=4586.61 vwap=4598.43
2026-01-13T23:15:00+07:00,2026-01-13T23:20:00+07:00,BUY,4609.66,4604.91,4643.07,SL,-4.95,S419 BUY Orochi BREAKOUT@VAH 7R,BREAKOUT@VAH val=4580.73 vah=4608.99 poc=4586.61 vwap=4598.43
2026-01-13T23:50:00+07:00,2026-01-14T00:05:00+07:00,BUY,4612.73,4605.66,4662.06,BE,-0.2,S419 BUY Orochi BREAKOUT@VAH 7R,BREAKOUT@VAH val=4580.73 vah=4608.99 poc=4586.61 vwap=4598.43
2026-01-14T00:20:00+07:00,2026-01-14T00:30:00+07:00,BUY,4612.34,4605.02,4663.82,SL,-7.52,S419 BUY Orochi BREAKOUT@VAH 7R,BREAKOUT@VAH val=4580.73 vah=4608.99 poc=4586.61 vwap=4598.43
2026-01-14T00:35:00+07:00,2026-01-14T00:50:00+07:00,BUY,4609.76,4601.7,4666.42,SL,-8.26,S419 BUY Orochi BREAKOUT@VAH 7R,BREAKOUT@VAH val=4580.73 vah=4608.99 poc=4586.61 vwap=4598.43
2026-01-14T08:05:00+07:00,2026-01-14T21:45:00+07:00,BUY,4611.57,4605.18,4656.46,BE,-0.2,S419 BUY Orochi BREAKOUT@VAH 7R,BREAKOUT@VAH val=4578.37 vah=4606.63 poc=4586.61 vwap=4598.01
2026-01-15T02:40:00+07:00,2026-01-15T02:50:00+07:00,BUY,4639.96,4633.5,4685.1,BE,-0.2,S419 BUY Orochi BREAKOUT@VAH 7R,BREAKOUT@VAH val=4605.59 vah=4638.88 poc=4634.34 vwap=4614.88
2026-01-15T02:55:00+07:00,2026-01-15T03:00:00+07:00,BUY,4639.09,4634.72,4670.32,SL,-4.57,S419 BUY Orochi BREAKOUT@VAH 7R,BREAKOUT@VAH val=4605.59 vah=4638.88 poc=4634.34 vwap=4614.88
2026-01-15T08:25:00+07:00,2026-01-15T08:40:00+07:00,SELL,4600.65,4607.0,4556.04,BE,-0.2,S419 SELL Orochi BREAKOUT@VAL 7R,BREAKOUT@VAL val=4605.59 vah=4638.88 poc=4634.34 vwap=4615.46
2026-01-15T08:45:00+07:00,2026-01-15T08:50:00+07:00,SELL,4601.4,4606.55,4565.27,SL,-5.35,S419 SELL Orochi BREAKOUT@VAL 7R,BREAKOUT@VAL val=4605.59 vah=4638.88 poc=4634.34 vwap=4615.40
2026-01-15T09:00:00+07:00,2026-01-15T09:05:00+07:00,SELL,4604.27,4609.1,4570.54,SL,-5.03,S419 SELL Orochi BREAKOUT@VAL 7R,BREAKOUT@VAL val=4605.59 vah=4638.88 poc=4634.34 vwap=4615.33
2026-01-15T10:05:00+07:00,2026-01-15T10:35:00+07:00,SELL,4596.76,4605.85,4532.81,BE,-0.2,S419 SELL Orochi BREAKOUT@VAL 7R,BREAKOUT@VAL val=4602.56 vah=4638.88 poc=4634.34 vwap=4615.13
2026-01-15T10:40:00+07:00,2026-01-15T11:20:00+07:00,SELL,4596.65,4599.35,4577.03,BE,-0.2,S419 SELL Orochi BREAKOUT@VAL 7R,BREAKOUT@VAL val=4599.53 vah=4638.88 poc=4634.34 vwap=4615.26
2026-01-15T11:25:00+07:00,2026-01-15T11:35:00+07:00,SELL,4593.95,4598.88,4559.6,BE,-0.2,S419 SELL Orochi BREAKOUT@VAL 7R,BREAKOUT@VAL val=4599.53 vah=4641.91 poc=4634.34 vwap=4615.69
2026-01-15T11:40:00+07:00,2026-01-15T11:50:00+07:00,SELL,4590.94,4597.29,4546.33,BE,-0.2,S419 SELL Orochi BREAKOUT@VAL 7R,BREAKOUT@VAL val=4599.53 vah=4641.91 poc=4634.34 vwap=4615.77
2026-01-15T11:55:00+07:00,2026-01-15T12:10:00+07:00,SELL,4592.15,4596.69,4560.21,BE,-0.2,S419 SELL Orochi BREAKOUT@VAL 7R,BREAKOUT@VAL val=4599.53 vah=4641.91 poc=4634.34 vwap=4615.89
2026-01-15T12:15:00+07:00,2026-01-15T12:25:00+07:00,SELL,4587.08,4593.51,4541.91,BE,-0.2,S419 SELL Orochi BREAKOUT@VAL 7R,BREAKOUT@VAL val=4599.53 vah=4641.91 poc=4634.34 vwap=4616.39
2026-01-15T12:40:00+07:00,2026-01-15T12:45:00+07:00,SELL,4589.59,4591.12,4579.92,SL,-1.73,S419 SELL Orochi BREAKOUT@VAL 7R,BREAKOUT@VAL val=4605.59 vah=4641.91 poc=4634.34 vwap=4617.64
2026-01-15T12:50:00+07:00,2026-01-15T13:00:00+07:00,SELL,4596.83,4599.89,4574.37,BE,-0.2,S419 SELL Orochi BREAKOUT@VAL 7R,BREAKOUT@VAL val=4608.61 vah=4641.91 poc=4634.34 vwap=4618.07
2026-01-15T13:05:00+07:00,2026-01-15T13:10:00+07:00,SELL,4604.6,4606.28,4592.68,SL,-1.88,S419 SELL Orochi BREAKOUT@VAL 7R,BREAKOUT@VAL val=4611.64 vah=4641.91 poc=4634.34 vwap=4618.45
2026-01-15T13:15:00+07:00,2026-01-15T13:45:00+07:00,SELL,4609.06,4610.92,4596.2,BE,-0.2,S419 SELL Orochi BREAKOUT@VAL 7R,BREAKOUT@VAL val=4611.64 vah=4641.91 poc=4634.34 vwap=4618.74
2026-01-15T13:50:00+07:00,2026-01-15T13:55:00+07:00,SELL,4610.04,4611.98,4596.86,SL,-2.14,S419 SELL Orochi BREAKOUT@VAL 7R,BREAKOUT@VAL val=4611.64 vah=4638.88 poc=4634.34 vwap=4620.06
2026-01-15T14:00:00+07:00,2026-01-15T14:10:00+07:00,SELL,4608.78,4613.28,4577.04,BE,-0.2,S419 SELL Orochi BREAKOUT@VAL 7R,BREAKOUT@VAL val=4614.67 vah=4638.88 poc=4634.34 vwap=4620.34
2026-01-15T14:15:00+07:00,2026-01-15T16:55:00+07:00,SELL,4612.71,4614.77,4596.77,BE,-0.2,S419 SELL Orochi BREAKOUT@VAL 7R,BREAKOUT@VAL val=4614.67 vah=4638.88 poc=4634.34 vwap=4620.81
2026-01-15T17:00:00+07:00,2026-01-15T17:10:00+07:00,SELL,4609.65,4613.93,4580.89,SL,-4.48,S419 SELL Orochi BREAKOUT@VAL 7R,BREAKOUT@VAL val=4621.88 vah=4639.91 poc=4634.90 vwap=4626.87
2026-01-15T17:15:00+07:00,2026-01-15T17:20:00+07:00,SELL,4612.86,4615.43,4594.71,SL,-2.77,S419 SELL Orochi BREAKOUT@VAL 7R,BREAKOUT@VAL val=4621.34 vah=4640.04 poc=4635.37 vwap=4627.12
2026-01-15T17:25:00+07:00,2026-01-15T17:35:00+07:00,SELL,4612.09,4616.4,4581.6,BE,-0.2,S419 SELL Orochi BREAKOUT@VAL 7R,BREAKOUT@VAL val=4620.84 vah=4640.29 poc=4634.62 vwap=4627.34
2026-01-15T17:40:00+07:00,2026-01-15T17:50:00+07:00,SELL,4618.05,4620.27,4602.11,BE,-0.2,S419 SELL Orochi BREAKOUT@VAL 7R,BREAKOUT@VAL val=4622.62 vah=4640.30 poc=4634.68 vwap=4627.59
2026-01-15T17:55:00+07:00,2026-01-15T18:00:00+07:00,SELL,4619.95,4621.09,4611.01,SL,-1.34,S419 SELL Orochi BREAKOUT@VAL 7R,BREAKOUT@VAL val=4621.79 vah=4638.81 poc=4634.94 vwap=4627.89
2026-01-15T18:05:00+07:00,2026-01-15T18:20:00+07:00,SELL,4618.73,4622.34,4593.94,BE,-0.2,S419 SELL Orochi BREAKOUT@VAL 7R,BREAKOUT@VAL val=4621.79 vah=4638.81 poc=4634.94 vwap=4628.13
2026-01-15T18:25:00+07:00,2026-01-15T18:30:00+07:00,SELL,4619.18,4621.27,4604.31,SL,-2.29,S419 SELL Orochi BREAKOUT@VAL 7R,BREAKOUT@VAL val=4624.89 vah=4639.29 poc=4634.71 vwap=4628.81
2026-01-15T18:35:00+07:00,2026-01-15T20:15:00+07:00,SELL,4621.81,4623.69,4608.89,TP,12.72,S419 SELL Orochi BREAKOUT@VAL 7R,BREAKOUT@VAL val=4624.44 vah=4639.41 poc=4635.05 vwap=4629.07
2026-01-16T20:20:00+07:00,2026-01-16T20:30:00+07:00,SELL,4590.79,4598.94,4533.1,BE,-0.2,S419 SELL Orochi BREAKOUT@VAL 7R,BREAKOUT@VAL val=4598.02 vah=4615.79 poc=4607.80 vwap=4606.66
2026-01-16T20:35:00+07:00,2026-01-16T20:40:00+07:00,SELL,4591.97,4600.52,4532.2,SL,-8.75,S419 SELL Orochi BREAKOUT@VAL 7R,BREAKOUT@VAL val=4598.02 vah=4615.79 poc=4607.80 vwap=4606.66
2026-01-16T22:40:00+07:00,2026-01-16T22:45:00+07:00,SELL,4555.67,4560.04,4523.0,SL,-4.57,S419 SELL Orochi BREAKOUT@VAL 7R,BREAKOUT@VAL val=4598.02 vah=4615.79 poc=4607.80 vwap=4606.66
2026-01-16T22:50:00+07:00,2026-01-16T23:00:00+07:00,SELL,4570.5,4575.69,4534.33,BE,-0.2,S419 SELL Orochi BREAKOUT@VAL 7R,BREAKOUT@VAL val=4598.02 vah=4615.79 poc=4607.80 vwap=4606.66
2026-01-16T23:05:00+07:00,2026-01-16T23:15:00+07:00,SELL,4586.57,4593.87,4535.23,BE,-0.2,S419 SELL Orochi BREAKOUT@VAL 7R,BREAKOUT@VAL val=4598.02 vah=4615.79 poc=4607.80 vwap=4606.66
2026-01-16T23:20:00+07:00,2026-01-16T23:30:00+07:00,SELL,4591.49,4598.79,4540.47,BE,-0.2,S419 SELL Orochi BREAKOUT@VAL 7R,BREAKOUT@VAL val=4598.02 vah=4615.79 poc=4607.80 vwap=4606.66
2026-01-16T23:35:00+07:00,2026-01-17T01:30:00+07:00,SELL,4594.44,4601.41,4545.41,BE,-0.2,S419 SELL Orochi BREAKOUT@VAL 7R,BREAKOUT@VAL val=4598.02 vah=4615.79 poc=4607.80 vwap=4606.66
2026-01-17T01:35:00+07:00,2026-01-17T03:00:00+07:00,SELL,4593.0,4597.39,4560.43,BE,-0.2,S419 SELL Orochi BREAKOUT@VAL 7R,BREAKOUT@VAL val=4598.02 vah=4615.79 poc=4607.80 vwap=4606.66
2026-01-17T03:05:00+07:00,2026-01-17T04:15:00+07:00,SELL,4594.59,4596.83,4580.03,BE,-0.2,S419 SELL Orochi BREAKOUT@VAL 7R,BREAKOUT@VAL val=4598.02 vah=4615.79 poc=4607.80 vwap=4606.66
