signal_time,exit_time,direction,entry,sl,tp,outcome,profit,pattern,reason
2026-01-19T22:55:00+07:00,2026-01-19T23:05:00+07:00,BUY,4674.25,4670.33,4701.77,BE,-0.2,S419 BUY Orochi BREAKOUT@VAH 7R,BREAKOUT@VAH val=4659.21 vah=4672.67 poc=4669.31 vwap=4666.64
2026-01-19T23:40:00+07:00,2026-01-20T00:00:00+07:00,BUY,4673.25,4669.97,4696.13,BE,-0.2,S419 BUY Orochi BREAKOUT@VAH 7R,BREAKOUT@VAH val=4659.21 vah=4672.67 poc=4669.31 vwap=4666.64
2026-01-20T00:55:00+07:00,2026-01-20T01:00:00+07:00,BUY,4676.16,4675.36,4682.4,SL,-1.0,S419 BUY Orochi BREAKOUT@VAH 7R,BREAKOUT@VAH val=4659.21 vah=4672.67 poc=4669.31 vwap=4666.64
2026-01-20T01:05:00+07:00,2026-01-20T02:00:00+07:00,BUY,4674.45,4673.26,4682.86,BE,-0.2,S419 BUY Orochi BREAKOUT@VAH 7R,BREAKOUT@VAH val=4659.21 vah=4672.67 poc=4669.31 vwap=4666.64
2026-01-20T02:05:00+07:00,2026-01-20T02:10:00+07:00,BUY,4674.22,4673.0,4683.08,SL,-1.42,S419 BUY Orochi BREAKOUT@VAH 7R,BREAKOUT@VAH val=4659.21 vah=4672.67 poc=4669.31 vwap=4666.64
2026-01-20T08:35:00+07:00,2026-01-20T08:55:00+07:00,BUY,4674.79,4669.94,4708.58,SL,-5.05,S419 BUY Orochi BREAKOUT@VAH 7R,BREAKOUT@VAH val=4659.21 vah=4672.67 poc=4669.31 vwap=4666.64
2026-01-20T09:35:00+07:00,2026-01-20T09:45:00+07:00,BUY,4673.76,4669.52,4703.36,BE,-0.2,S419 BUY Orochi BREAKOUT@VAH 7R,BREAKOUT@VAH val=4659.21 vah=4672.67 poc=4669.31 vwap=4666.64
2026-01-20T10:20:00+07:00,2026-01-20T10:30:00+07:00,BUY,4673.35,4670.33,4694.09,BE,-0.2,S419 BUY Orochi BREAKOUT@VAH 7R,BREAKOUT@VAH val=4659.21 vah=4672.67 poc=4669.31 vwap=4666.64
2026-01-20T10:35:00+07:00,2026-01-20T12:30:00+07:00,BUY,4675.9,4671.99,4703.43,TP,27.33,S419 BUY Orochi BREAKOUT@VAH 7R,BREAKOUT@VAH val=4659.21 vah=4672.67 poc=4669.31 vwap=4666.64
2026-01-20T12:40:00+07:00,2026-01-20T21:00:00+07:00,BUY,4705.09,4699.87,4741.15,TP,35.86,S419 BUY Orochi BREAKOUT@VAH 7R,BREAKOUT@VAH val=4659.21 vah=4672.67 poc=4669.31 vwap=4666.64
2026-01-20T21:05:00+07:00,2026-01-20T21:30:00+07:00,BUY,4737.1,4730.75,4781.95,BE,-0.2,S419 BUY Orochi BREAKOUT@VAH 7R,BREAKOUT@VAH val=4659.49 vah=4717.98 poc=4667.61 vwap=4693.90
2026-01-20T21:35:00+07:00,2026-01-20T21:45:00+07:00,BUY,4739.35,4726.48,4829.68,BE,-0.2,S419 BUY Orochi BREAKOUT@VAH 7R,BREAKOUT@VAH val=4659.49 vah=4717.98 poc=4667.61 vwap=4693.90
2026-01-20T21:50:00+07:00,2026-01-20T22:15:00+07:00,BUY,4737.97,4731.11,4785.59,BE,-0.2,S419 BUY Orochi BREAKOUT@VAH 7R,BREAKOUT@VAH val=4659.49 vah=4717.98 poc=4667.61 vwap=4693.90
2026-01-20T22:20:00+07:00,2026-01-20T22:25:00+07:00,BUY,4729.79,4726.27,4755.07,SL,-3.72,S419 BUY Orochi BREAKOUT@VAH 7R,BREAKOUT@VAH val=4659.49 vah=4717.98 poc=4667.61 vwap=4693.90
2026-01-20T22:30:00+07:00,2026-01-20T22:55:00+07:00,BUY,4733.59,4720.27,4827.07,BE,-0.2,S419 BUY Orochi BREAKOUT@VAH 7R,BREAKOUT@VAH val=4659.49 vah=4717.98 poc=4667.61 vwap=4693.90
2026-01-20T23:00:00+07:00,2026-01-20T23:45:00+07:00,BUY,4731.31,4729.04,4747.44,TP,15.93,S419 BUY Orochi BREAKOUT@VAH 7R,BREAKOUT@VAH val=4659.49 vah=4717.98 poc=4667.61 vwap=4693.90
2026-01-20T23:50:00+07:00,2026-01-21T00:00:00+07:00,BUY,4751.15,4743.84,4802.0,BE,-0.2,S419 BUY Orochi BREAKOUT@VAH 7R,BREAKOUT@VAH val=4659.49 vah=4717.98 poc=4667.61 vwap=4693.90
2026-01-21T00:05:00+07:00,2026-01-21T03:20:00+07:00,BUY,4748.71,4744.68,4776.84,BE,-0.2,S419 BUY Orochi BREAKOUT@VAH 7R,BREAKOUT@VAH val=4659.49 vah=4717.98 poc=4667.61 vwap=4693.90
2026-01-21T03:25:00+07:00,2026-01-21T03:35:00+07:00,BUY,4749.99,4746.06,4777.5,BE,-0.2,S419 BUY Orochi BREAKOUT@VAH 7R,BREAKOUT@VAH val=4659.49 vah=4717.98 poc=4667.61 vwap=4693.90
2026-01-21T03:40:00+07:00,2026-01-21T04:45:00+07:00,BUY,4749.46,4747.4,4763.48,TP,13.82,S419 BUY Orochi BREAKOUT@VAH 7R,BREAKOUT@VAH val=4659.49 vah=4717.98 poc=4667.61 vwap=4693.90
2026-01-21T04:50:00+07:00,2026-01-21T06:00:00+07:00,BUY,4761.84,4757.98,4788.86,BE,-0.2,S419 BUY Orochi BREAKOUT@VAH 7R,BREAKOUT@VAH val=4659.49 vah=4717.98 poc=4667.61 vwap=4693.90
2026-01-21T06:05:00+07:00,2026-01-21T06:10:00+07:00,BUY,4759.43,4758.46,4766.22,SL,-1.17,S419 BUY Orochi BREAKOUT@VAH 7R,BREAKOUT@VAH val=4659.49 vah=4717.98 poc=4667.61 vwap=4693.90
2026-01-21T06:15:00+07:00,2026-01-21T06:25:00+07:00,BUY,4760.04,4756.77,4783.09,BE,-0.2,S419 BUY Orochi BREAKOUT@VAH 7R,BREAKOUT@VAH val=4659.49 vah=4717.98 poc=4667.61 vwap=4693.90
2026-01-21T06:30:00+07:00,2026-01-21T08:00:00+07:00,BUY,4761.39,4757.42,4789.42,TP,27.83,S419 BUY Orochi BREAKOUT@VAH 7R,BREAKOUT@VAH val=4659.49 vah=4717.98 poc=4667.61 vwap=4693.90
2026-01-21T08:30:00+07:00,2026-01-21T08:40:00+07:00,BUY,4816.82,4813.04,4841.76,BE,-0.2,S419 BUY Orochi BREAKOUT@VAH 7R,BREAKOUT@VAH val=4659.49 vah=4717.98 poc=4667.61 vwap=4693.90
2026-01-21T08:45:00+07:00,2026-01-21T09:10:00+07:00,BUY,4826.94,4813.42,4920.78,BE,-0.2,S419 BUY Orochi BREAKOUT@VAH 7R,BREAKOUT@VAH val=4659.49 vah=4717.98 poc=4667.61 vwap=4693.90
2026-01-21T09:15:00+07:00,2026-01-21T09:20:00+07:00,BUY,4826.23,4819.96,4869.48,SL,-6.47,S419 BUY Orochi BREAKOUT@VAH 7R,BREAKOUT@VAH val=4659.49 vah=4717.98 poc=4667.61 vwap=4693.90
2026-01-21T09:25:00+07:00,2026-01-21T22:20:00+07:00,BUY,4824.9,4814.79,4896.15,BE,-0.2,S419 BUY Orochi BREAKOUT@VAH 7R,BREAKOUT@VAH val=4659.49 vah=4717.98 poc=4667.61 vwap=4693.90
2026-01-22T12:30:00+07:00,2026-01-22T12:40:00+07:00,SELL,4796.93,4800.75,4770.67,BE,-0.2,S419 SELL Orochi BREAKOUT@VAL 7R,BREAKOUT@VAL val=4800.15 vah=4888.41 poc=4861.93 vwap=4825.61
2026-01-22T15:30:00+07:00,2026-01-22T15:40:00+07:00,SELL,4825.01,4831.65,4778.45,BE,-0.2,S419 SELL Orochi BREAKOUT@VAL 7R,BREAKOUT@VAL val=4828.14 vah=4877.45 poc=4863.75 vwap=4841.78
2026-01-22T15:45:00+07:00,2026-01-22T15:50:00+07:00,SELL,4826.98,4829.68,4808.16,SL,-2.9,S419 SELL Orochi BREAKOUT@VAL 7R,BREAKOUT@VAL val=4828.14 vah=4877.45 poc=4863.75 vwap=4842.83
2026-01-22T16:45:00+07:00,2026-01-22T17:00:00+07:00,SELL,4819.34,4823.57,4789.33,SL,-4.43,S419 SELL Orochi BREAKOUT@VAL 7R,BREAKOUT@VAL val=4828.65 vah=4872.11 poc=4863.96 vwap=4845.20
2026-01-22T17:05:00+07:00,2026-01-22T17:15:00+07:00,SELL,4822.1,4826.27,4793.07,BE,-0.2,S419 SELL Orochi BREAKOUT@VAL 7R,BREAKOUT@VAL val=4831.11 vah=4872.78 poc=4864.97 vwap=4845.90
2026-01-22T17:20:00+07:00,2026-01-22T17:35:00+07:00,SELL,4822.79,4828.56,4782.64,SL,-5.97,S419 SELL Orochi BREAKOUT@VAL 7R,BREAKOUT@VAL val=4829.56 vah=4873.70 poc=4861.43 vwap=4846.96
2026-01-22T17:40:00+07:00,2026-01-22T17:50:00+07:00,SELL,4828.23,4830.49,4812.25,BE,-0.2,S419 SELL Orochi BREAKOUT@VAL 7R,BREAKOUT@VAL val=4831.09 vah=4874.08 poc=4862.14 vwap=4847.97
2026-01-22T17:55:00+07:00,2026-01-22T18:05:00+07:00,SELL,4828.99,4832.61,4803.73,BE,-0.2,S419 SELL Orochi BREAKOUT@VAL 7R,BREAKOUT@VAL val=4832.55 vah=4874.44 poc=4862.81 vwap=4848.62
2026-01-22T18:15:00+07:00,2026-01-22T18:40:00+07:00,SELL,4826.43,4830.87,4795.19,BE,-0.2,S419 SELL Orochi BREAKOUT@VAL 7R,BREAKOUT@VAL val=4835.99 vah=4875.31 poc=4864.39 vwap=4849.81
2026-01-22T18:45:00+07:00,2026-01-22T18:50:00+07:00,SELL,4833.24,4835.54,4817.38,SL,-2.5,S419 SELL Orochi BREAKOUT@VAL 7R,BREAKOUT@VAL val=4836.47 vah=4875.43 poc=4864.06 vwap=4852.80
2026-01-22T19:10:00+07:00,2026-01-22T19:20:00+07:00,SELL,4824.82,4828.52,4799.32,SL,-3.9,S419 SELL Orochi BREAKOUT@VAL 7R,BREAKOUT@VAL val=4841.06 vah=4876.57 poc=4863.25 vwap=4854.87
2026-01-22T19:25:00+07:00,2026-01-22T19:35:00+07:00,SELL,4831.64,4833.44,4819.12,BE,-0.2,S419 SELL Orochi BREAKOUT@VAL 7R,BREAKOUT@VAL val=4841.06 vah=4876.57 poc=4863.25 vwap=4855.60
2026-01-22T19:40:00+07:00,2026-01-22T20:15:00+07:00,SELL,4829.7,4832.69,4808.53,BE,-0.2,S419 SELL Orochi BREAKOUT@VAL 7R,BREAKOUT@VAL val=4844.02 vah=4876.57 poc=4863.25 vwap=4856.40
2026-01-22T23:00:00+07:00,2026-01-22T23:15:00+07:00,BUY,4871.7,4866.05,4911.57,BE,-0.2,S419 BUY Orochi BREAKOUT@VAH 7R,BREAKOUT@VAH val=4797.67 vah=4870.50 poc=4826.28 vwap=4821.62
2026-01-22T23:20:00+07:00,2026-01-22T23:30:00+07:00,BUY,4878.23,4869.0,4942.76,BE,-0.2,S419 BUY Orochi BREAKOUT@VAH 7R,BREAKOUT@VAH val=4797.67 vah=4870.50 poc=4826.28 vwap=4821.62
2026-01-22T23:35:00+07:00,2026-01-22T23:45:00+07:00,BUY,4882.67,4871.48,4961.8,BE,-0.2,S419 BUY Orochi BREAKOUT@VAH 7R,BREAKOUT@VAH val=4797.67 vah=4870.50 poc=4826.28 vwap=4821.62
2026-01-22T23:50:00+07:00,2026-01-22T23:55:00+07:00,BUY,4880.39,4877.96,4897.24,SL,-2.63,S419 BUY Orochi BREAKOUT@VAH 7R,BREAKOUT@VAH val=4797.67 vah=4870.50 poc=4826.28 vwap=4821.62
2026-01-23T00:00:00+07:00,2026-01-23T00:05:00+07:00,BUY,4882.04,4872.53,4945.17,SL,-9.71,S419 BUY Orochi BREAKOUT@VAH 7R,BREAKOUT@VAH val=4797.67 vah=4870.50 poc=4826.28 vwap=4821.62
2026-01-23T00:10:00+07:00,2026-01-23T00:20:00+07:00,BUY,4880.23,4869.43,4956.07,BE,-0.2,S419 BUY Orochi BREAKOUT@VAH 7R,BREAKOUT@VAH val=4797.67 vah=4870.50 poc=4826.28 vwap=4821.62
2026-01-23T00:25:00+07:00,2026-01-23T23:05:00+07:00,BUY,4889.98,4878.18,4972.42,TP,82.24,S419 BUY Orochi BREAKOUT@VAH 7R,BREAKOUT@VAH val=4797.67 vah=4870.50 poc=4826.28 vwap=4821.62
2026-01-23T23:10:00+07:00,2026-01-24T00:50:00+07:00,BUY,4971.14,4959.22,5054.98,BE,-0.2,S419 BUY Orochi BREAKOUT@VAH 7R,BREAKOUT@VAH val=4895.60 vah=4967.37 poc=4957.58 vwap=4909.76
2026-01-24T01:10:00+07:00,2026-01-24T01:20:00+07:00,BUY,4980.91,4973.58,5032.7,BE,-0.2,S419 BUY Orochi BREAKOUT@VAH 7R,BREAKOUT@VAH val=4895.60 vah=4967.37 poc=4957.58 vwap=4909.76
2026-01-24T01:25:00+07:00,2026-01-24T01:30:00+07:00,BUY,4978.6,4975.96,4997.48,SL,-2.84,S419 BUY Orochi BREAKOUT@VAH 7R,BREAKOUT@VAH val=4895.60 vah=4967.37 poc=4957.58 vwap=4909.76
2026-01-24T01:35:00+07:00,2026-01-24T01:40:00+07:00,BUY,4971.13,4968.4,4990.16,SL,-2.93,S419 BUY Orochi BREAKOUT@VAH 7R,BREAKOUT@VAH val=4895.60 vah=4967.37 poc=4957.58 vwap=4909.76
2026-01-24T02:05:00+07:00,2026-01-24T02:25:00+07:00,BUY,4975.04,4964.82,5049.94,BE,-0.2,S419 BUY Orochi BREAKOUT@VAH 7R,BREAKOUT@VAH val=4895.60 vah=4967.37 poc=4957.58 vwap=4909.76
2026-01-24T02:30:00+07:00,2026-01-24T02:40:00+07:00,BUY,4976.92,4973.28,5002.48,BE,-0.2,S419 BUY Orochi BREAKOUT@VAH 7R,BREAKOUT@VAH val=4895.60 vah=4967.37 poc=4957.58 vwap=4909.76
2026-01-24T02:45:00+07:00,2026-01-24T03:00:00+07:00,BUY,4982.78,4973.27,5049.43,BE,-0.2,S419 BUY Orochi BREAKOUT@VAH 7R,BREAKOUT@VAH val=4895.60 vah=4967.37 poc=4957.58 vwap=4909.76
2026-01-24T03:05:00+07:00,2026-01-24T03:30:00+07:00,BUY,4978.36,4969.31,5041.63,BE,-0.2,S419 BUY Orochi BREAKOUT@VAH 7R,BREAKOUT@VAH val=4895.60 vah=4967.37 poc=4957.58 vwap=4909.76
2026-01-24T03:35:00+07:00,2026-01-24T04:00:00+07:00,BUY,4982.68,4974.54,5039.74,BE,-0.2,S419 BUY Orochi BREAKOUT@VAH 7R,BREAKOUT@VAH val=4895.60 vah=4967.37 poc=4957.58 vwap=4909.76
2026-01-24T04:05:00+07:00,2026-01-24T04:15:00+07:00,BUY,4982.41,4977.53,5016.97,BE,-0.2,S419 BUY Orochi BREAKOUT@VAH 7R,BREAKOUT@VAH val=4895.60 vah=4967.37 poc=4957.58 vwap=4909.76
2026-01-24T04:20:00+07:00,2026-01-24T04:30:00+07:00,BUY,4982.07,4977.02,5017.34,BE,-0.2,S419 BUY Orochi BREAKOUT@VAH 7R,BREAKOUT@VAH val=4895.60 vah=4967.37 poc=4957.58 vwap=4909.76
2026-01-24T04:35:00+07:00,2026-01-24T04:45:00+07:00,BUY,4982.65,4979.61,5004.65,BE,-0.2,S419 BUY Orochi BREAKOUT@VAH 7R,BREAKOUT@VAH val=4895.60 vah=4967.37 poc=4957.58 vwap=4909.76
2026-01-26T20:35:00+07:00,2026-01-26T20:50:00+07:00,SELL,5064.74,5075.24,4991.0,SL,-10.7,S419 SELL Orochi BREAKOUT@VAL 7R,BREAKOUT@VAL val=5065.64 vah=5098.66 poc=5088.34 vwap=5074.45
2026-01-26T23:05:00+07:00,2026-01-26T23:15:00+07:00,BUY,5100.71,5087.27,5194.87,BE,-0.2,S419 BUY Orochi BREAKOUT@VAH 7R,BREAKOUT@VAH val=5065.64 vah=5098.66 poc=5088.34 vwap=5074.45
2026-01-27T00:45:00+07:00,2026-01-27T00:55:00+07:00,BUY,5100.86,5088.47,5187.67,BE,-0.2,S419 BUY Orochi BREAKOUT@VAH 7R,BREAKOUT@VAH val=5065.64 vah=5098.66 poc=5088.34 vwap=5074.45
2026-01-27T01:00:00+07:00,2026-01-27T01:05:00+07:00,BUY,5100.62,5095.56,5136.12,SL,-5.26,S419 BUY Orochi BREAKOUT@VAH 7R,BREAKOUT@VAH val=5065.64 vah=5098.66 poc=5088.34 vwap=5074.45
2026-01-27T02:05:00+07:00,2026-01-27T02:15:00+07:00,SELL,5057.34,5072.75,4951.39,BE,-0.2,S419 SELL Orochi BREAKOUT@VAL 7R,BREAKOUT@VAL val=5065.64 vah=5098.66 poc=5088.34 vwap=5074.45
2026-01-27T02:25:00+07:00,2026-01-27T02:35:00+07:00,SELL,5027.67,5048.25,4883.85,BE,-0.2,S419 SELL Orochi BREAKOUT@VAL 7R,BREAKOUT@VAL val=5065.64 vah=5098.66 poc=5088.34 vwap=5074.45
2026-01-27T02:40:00+07:00,2026-01-27T03:00:00+07:00,SELL,5034.28,5047.29,4943.37,BE,-0.2,S419 SELL Orochi BREAKOUT@VAL 7R,BREAKOUT@VAL val=5065.64 vah=5098.66 poc=5088.34 vwap=5074.45
2026-01-27T03:05:00+07:00,2026-01-27T03:10:00+07:00,SELL,5042.25,5049.96,4988.36,SL,-7.91,S419 SELL Orochi BREAKOUT@VAL 7R,BREAKOUT@VAL val=5065.64 vah=5098.66 poc=5088.34 vwap=5074.45
2026-01-27T03:15:00+07:00,2026-01-27T03:25:00+07:00,SELL,5049.2,5058.18,4985.62,BE,-0.2,S419 SELL Orochi BREAKOUT@VAL 7R,BREAKOUT@VAL val=5065.64 vah=5098.66 poc=5088.34 vwap=5074.45
2026-01-27T03:30:00+07:00,2026-01-27T03:50:00+07:00,SELL,5055.12,5066.1,4977.86,BE,-0.2,S419 SELL Orochi BREAKOUT@VAL 7R,BREAKOUT@VAL val=5065.64 vah=5098.66 poc=5088.34 vwap=5074.45
2026-01-27T03:55:00+07:00,2026-01-27T04:05:00+07:00,SELL,5055.03,5064.05,4991.33,BE,-0.2,S419 SELL Orochi BREAKOUT@VAL 7R,BREAKOUT@VAL val=5065.64 vah=5098.66 poc=5088.34 vwap=5074.45
2026-01-27T04:20:00+07:00,2026-01-27T04:30:00+07:00,SELL,5020.64,5038.91,4892.83,BE,-0.2,S419 SELL Orochi BREAKOUT@VAL 7R,BREAKOUT@VAL val=5065.64 vah=5098.66 poc=5088.34 vwap=5074.45
2026-01-27T04:40:00+07:00,2026-01-27T06:00:00+07:00,SELL,5005.3,5019.35,4907.59,SL,-14.25,S419 SELL Orochi BREAKOUT@VAL 7R,BREAKOUT@VAL val=5065.64 vah=5098.66 poc=5088.34 vwap=5074.45
2026-01-27T06:05:00+07:00,2026-01-27T06:15:00+07:00,SELL,5036.79,5041.19,5006.87,BE,-0.2,S419 SELL Orochi BREAKOUT@VAL 7R,BREAKOUT@VAL val=5065.64 vah=5098.66 poc=5088.34 vwap=5074.45
2026-01-27T06:20:00+07:00,2026-01-27T06:30:00+07:00,SELL,5045.66,5053.39,4991.31,BE,-0.2,S419 SELL Orochi BREAKOUT@VAL 7R,BREAKOUT@VAL val=5065.64 vah=5098.66 poc=5088.34 vwap=5074.45
2026-01-27T06:35:00+07:00,2026-01-27T06:40:00+07:00,SELL,5052.47,5055.63,5030.43,SL,-3.36,S419 SELL Orochi BREAKOUT@VAL 7R,BREAKOUT@VAL val=5065.64 vah=5098.66 poc=5088.34 vwap=5074.45
2026-01-27T06:45:00+07:00,2026-01-27T08:10:00+07:00,SELL,5056.77,5064.35,5003.95,BE,-0.2,S419 SELL Orochi BREAKOUT@VAL 7R,BREAKOUT@VAL val=5065.64 vah=5098.66 poc=5088.34 vwap=5074.45
2026-01-27T08:35:00+07:00,2026-01-27T08:45:00+07:00,SELL,5060.47,5073.3,4970.42,BE,-0.2,S419 SELL Orochi BREAKOUT@VAL 7R,BREAKOUT@VAL val=5065.64 vah=5098.66 poc=5088.34 vwap=5074.45
2026-01-27T08:55:00+07:00,2026-01-27T09:05:00+07:00,SELL,5060.46,5069.94,4992.74,BE,-0.2,S419 SELL Orochi BREAKOUT@VAL 7R,BREAKOUT@VAL val=5065.64 vah=5098.66 poc=5088.34 vwap=5074.45
2026-01-27T09:10:00+07:00,2026-01-27T09:20:00+07:00,SELL,5063.95,5070.27,5019.63,BE,-0.2,S419 SELL Orochi BREAKOUT@VAL 7R,BREAKOUT@VAL val=5065.64 vah=5098.66 poc=5088.34 vwap=5074.45
2026-01-27T12:10:00+07:00,2026-01-27T12:20:00+07:00,SELL,5063.72,5064.84,5054.92,BE,-0.2,S419 SELL Orochi BREAKOUT@VAL 7R,BREAKOUT@VAL val=5065.64 vah=5098.66 poc=5088.34 vwap=5074.45
2026-01-27T21:20:00+07:00,2026-01-27T21:30:00+07:00,SELL,5060.59,5066.16,5017.12,BE,-0.2,S419 SELL Orochi BREAKOUT@VAL 7R,BREAKOUT@VAL val=5061.91 vah=5100.22 poc=5083.46 vwap=5070.40
2026-01-28T03:20:00+07:00,2026-01-28T03:30:00+07:00,BUY,5137.72,5130.01,5191.85,BE,-0.2,S419 BUY Orochi BREAKOUT@VAH 7R,BREAKOUT@VAH val=5061.91 vah=5100.22 poc=5083.46 vwap=5070.40
2026-01-28T03:35:00+07:00,2026-01-28T03:45:00+07:00,BUY,5143.78,5130.34,5236.5,BE,-0.2,S419 BUY Orochi BREAKOUT@VAH 7R,BREAKOUT@VAH val=5061.91 vah=5100.22 poc=5083.46 vwap=5070.40
2026-01-28T04:00:00+07:00,2026-01-28T04:10:00+07:00,BUY,5178.1,5164.62,5272.06,BE,-0.2,S419 BUY Orochi BREAKOUT@VAH 7R,BREAKOUT@VAH val=5061.91 vah=5100.22 poc=5083.46 vwap=5070.40
2026-01-28T04:15:00+07:00,2026-01-28T04:25:00+07:00,BUY,5177.03,5169.27,5230.71,BE,-0.2,S419 BUY Orochi BREAKOUT@VAH 7R,BREAKOUT@VAH val=5061.91 vah=5100.22 poc=5083.46 vwap=5070.40
2026-01-28T04:30:00+07:00,2026-01-28T04:50:00+07:00,BUY,5175.38,5165.96,5241.16,BE,-0.2,S419 BUY Orochi BREAKOUT@VAH 7R,BREAKOUT@VAH val=5061.91 vah=5100.22 poc=5083.46 vwap=5070.40
2026-01-28T04:55:00+07:00,2026-01-28T06:10:00+07:00,BUY,5175.4,5171.79,5239.15,BE,-0.2,S419 BUY Orochi BREAKOUT@VAH 7R,BREAKOUT@VAH val=5061.91 vah=5100.22 poc=5083.46 vwap=5070.40
2026-01-28T06:15:00+07:00,2026-01-28T06:20:00+07:00,BUY,5166.9,5163.19,5191.67,SL,-3.91,S419 BUY Orochi BREAKOUT@VAH 7R,BREAKOUT@VAH val=5061.91 vah=5100.22 poc=5083.46 vwap=5070.40
2026-01-28T06:25:00+07:00,2026-01-28T06:35:00+07:00,BUY,5170.3,5156.96,5263.52,BE,-0.2,S419 BUY Orochi BREAKOUT@VAH 7R,BREAKOUT@VAH val=5061.91 vah=5100.22 poc=5083.46 vwap=5070.40
2026-01-28T06:40:00+07:00,2026-01-28T07:00:00+07:00,BUY,5164.23,5161.87,5181.31,BE,-0.2,S419 BUY Orochi BREAKOUT@VAH 7R,BREAKOUT@VAH val=5061.91 vah=5100.22 poc=5083.46 vwap=5070.40
2026-01-28T07:05:00+07:00,2026-01-28T07:40:00+07:00,BUY,5167.23,5155.33,5250.77,BE,-0.2,S419 BUY Orochi BREAKOUT@VAH 7R,BREAKOUT@VAH val=5061.91 vah=5100.22 poc=5083.46 vwap=5070.40
2026-01-28T07:45:00+07:00,2026-01-28T08:00:00+07:00,BUY,5170.72,5164.67,5212.59,BE,-0.2,S419 BUY Orochi BREAKOUT@VAH 7R,BREAKOUT@VAH val=5057.13 vah=5100.22 poc=5083.46 vwap=5070.28
2026-01-28T08:15:00+07:00,2026-01-28T08:25:00+07:00,BUY,5183.63,5173.01,5257.17,BE,-0.2,S419 BUY Orochi BREAKOUT@VAH 7R,BREAKOUT@VAH val=5057.13 vah=5100.22 poc=5083.46 vwap=5070.34
2026-01-28T08:30:00+07:00,2026-01-28T10:05:00+07:00,BUY,5187.64,5180.31,5239.83,TP,51.99,S419 BUY Orochi BREAKOUT@VAH 7R,BREAKOUT@VAH val=5057.13 vah=5100.22 poc=5083.46 vwap=5070.38
2026-01-28T10:10:00+07:00,2026-01-28T10:20:00+07:00,BUY,5243.57,5234.4,5307.36,BE,-0.2,S419 BUY Orochi BREAKOUT@VAH 7R,BREAKOUT@VAH val=5057.13 vah=5100.22 poc=5083.46 vwap=5068.60
2026-01-28T10:25:00+07:00,2026-01-28T10:35:00+07:00,BUY,5237.48,5234.31,5259.83,BE,-0.2,S419 BUY Orochi BREAKOUT@VAH 7R,BREAKOUT@VAH val=5057.10 vah=5100.18 poc=5083.43 vwap=5068.12
2026-01-28T10:40:00+07:00,2026-01-28T10:55:00+07:00,BUY,5233.47,5222.64,5309.52,BE,-0.2,S419 BUY Orochi BREAKOUT@VAH 7R,BREAKOUT@VAH val=5057.10 vah=5100.18 poc=5083.43 vwap=5067.62
2026-01-28T11:00:00+07:00,2026-01-28T11:30:00+07:00,BUY,5240.13,5228.97,5322.09,BE,-0.2,S419 BUY Orochi BREAKOUT@VAH 7R,BREAKOUT@VAH val=5052.32 vah=5100.18 poc=5083.43 vwap=5067.39
2026-01-28T11:35:00+07:00,2026-01-28T11:45:00+07:00,BUY,5239.33,5232.95,5283.43,BE,-0.2,S419 BUY Orochi BREAKOUT@VAH 7R,BREAKOUT@VAH val=5047.53 vah=5095.40 poc=5083.43 vwap=5066.45
2026-01-28T11:55:00+07:00,2026-01-28T15:30:00+07:00,BUY,5245.59,5237.36,5303.04,TP,57.25,S419 BUY Orochi BREAKOUT@VAH 7R,BREAKOUT@VAH val=5047.53 vah=5095.40 poc=5083.43 vwap=5065.92
2026-01-28T15:35:00+07:00,2026-01-28T15:40:00+07:00,BUY,5297.09,5294.2,5317.8,SL,-3.09,S419 BUY Orochi BREAKOUT@VAH 7R,BREAKOUT@VAH val=5059.31 vah=5091.61 poc=5084.69 vwap=5069.40
2026-01-28T15:45:00+07:00,2026-01-28T16:10:00+07:00,BUY,5284.56,5278.73,5326.73,BE,-0.2,S419 BUY Orochi BREAKOUT@VAH 7R,BREAKOUT@VAH val=5059.31 vah=5091.61 poc=5084.69 vwap=5070.23
2026-01-28T16:15:00+07:00,2026-01-28T16:20:00+07:00,BUY,5277.99,5269.2,5340.56,SL,-8.99,S419 BUY Orochi BREAKOUT@VAH 7R,BREAKOUT@VAH val=5060.90 vah=5089.95 poc=5084.50 vwap=5073.05
2026-01-28T16:25:00+07:00,2026-01-28T16:35:00+07:00,BUY,5275.94,5266.32,5344.96,BE,-0.2,S419 BUY Orochi BREAKOUT@VAH 7R,BREAKOUT@VAH val=5060.90 vah=5089.95 poc=5084.50 vwap=5073.56
2026-01-28T16:40:00+07:00,2026-01-28T18:00:00+07:00,BUY,5266.83,5260.82,5310.18,BE,-0.2,S419 BUY Orochi BREAKOUT@VAH 7R,BREAKOUT@VAH val=5060.90 vah=5089.95 poc=5084.50 vwap=5074.11
2026-01-28T18:15:00+07:00,2026-01-28T18:20:00+07:00,BUY,5254.21,5248.7,5292.54,SL,-5.71,S419 BUY Orochi BREAKOUT@VAH 7R,BREAKOUT@VAH val=5066.64 vah=5090.58 poc=5085.45 vwap=5077.53
2026-01-28T18:25:00+07:00,2026-01-28T18:35:00+07:00,BUY,5259.31,5244.4,5363.84,BE,-0.2,S419 BUY Orochi BREAKOUT@VAH 7R,BREAKOUT@VAH val=5065.69 vah=5089.86 poc=5084.36 vwap=5078.56
2026-01-28T18:40:00+07:00,2026-01-28T18:50:00+07:00,BUY,5261.43,5249.69,5343.13,BE,-0.2,S419 BUY Orochi BREAKOUT@VAH 7R,BREAKOUT@VAH val=5068.60 vah=5092.24 poc=5084.72 vwap=5078.99
2026-01-28T18:55:00+07:00,2026-01-28T19:00:00+07:00,BUY,5261.83,5257.36,5291.6,SL,-4.67,S419 BUY Orochi BREAKOUT@VAH 7R,BREAKOUT@VAH val=5068.60 vah=5092.24 poc=5084.72 vwap=5079.39
2026-01-28T19:05:00+07:00,2026-01-28T21:05:00+07:00,BUY,5255.66,5249.34,5299.82,BE,-0.2,S419 BUY Orochi BREAKOUT@VAH 7R,BREAKOUT@VAH val=5068.60 vah=5092.24 poc=5084.72 vwap=5079.77
2026-01-28T21:10:00+07:00,2026-01-28T21:25:00+07:00,BUY,5262.6,5246.3,5376.62,BE,-0.2,S419 BUY Orochi BREAKOUT@VAH 7R,BREAKOUT@VAH val=5046.80 vah=5256.35 poc=5085.40 vwap=5175.34
2026-01-28T21:30:00+07:00,2026-01-28T22:05:00+07:00,BUY,5263.26,5248.06,5369.82,BE,-0.2,S419 BUY Orochi BREAKOUT@VAH 7R,BREAKOUT@VAH val=5046.80 vah=5256.35 poc=5085.40 vwap=5175.34
2026-01-28T22:25:00+07:00,2026-01-28T22:50:00+07:00,BUY,5269.63,5251.03,5399.75,BE,-0.2,S419 BUY Orochi BREAKOUT@VAH 7R,BREAKOUT@VAH val=5046.80 vah=5256.35 poc=5085.40 vwap=5175.34
2026-01-28T22:55:00+07:00,2026-01-28T23:30:00+07:00,BUY,5278.28,5262.81,5386.09,BE,-0.2,S419 BUY Orochi BREAKOUT@VAH 7R,BREAKOUT@VAH val=5046.80 vah=5256.35 poc=5085.40 vwap=5175.34
2026-01-28T23:35:00+07:00,2026-01-28T23:45:00+07:00,BUY,5283.03,5273.92,5347.12,BE,-0.2,S419 BUY Orochi BREAKOUT@VAH 7R,BREAKOUT@VAH val=5046.80 vah=5256.35 poc=5085.40 vwap=5175.34
2026-01-28T23:50:00+07:00,2026-01-29T00:15:00+07:00,BUY,5292.27,5279.46,5380.58,BE,-0.2,S419 BUY Orochi BREAKOUT@VAH 7R,BREAKOUT@VAH val=5046.80 vah=5256.35 poc=5085.40 vwap=5175.34
2026-01-29T00:20:00+07:00,2026-01-29T00:30:00+07:00,BUY,5298.8,5286.71,5383.59,BE,-0.2,S419 BUY Orochi BREAKOUT@VAH 7R,BREAKOUT@VAH val=5046.80 vah=5256.35 poc=5085.40 vwap=5175.34
2026-01-29T00:35:00+07:00,2026-01-29T01:15:00+07:00,BUY,5284.57,5280.91,5311.47,TP,26.7,S419 BUY Orochi BREAKOUT@VAH 7R,BREAKOUT@VAH val=5046.80 vah=5256.35 poc=5085.40 vwap=5175.34
2026-01-29T01:25:00+07:00,2026-01-29T01:30:00+07:00,BUY,5305.22,5300.69,5337.41,SL,-4.73,S419 BUY Orochi BREAKOUT@VAH 7R,BREAKOUT@VAH val=5046.80 vah=5256.35 poc=5085.40 vwap=5175.34
2026-01-29T01:35:00+07:00,2026-01-29T01:45:00+07:00,BUY,5273.92,5265.49,5333.25,BE,-0.2,S419 BUY Orochi BREAKOUT@VAH 7R,BREAKOUT@VAH val=5046.80 vah=5256.35 poc=5085.40 vwap=5175.34
2026-01-29T01:50:00+07:00,2026-01-29T02:00:00+07:00,BUY,5275.41,5268.17,5325.93,BE,-0.2,S419 BUY Orochi BREAKOUT@VAH 7R,BREAKOUT@VAH val=5046.80 vah=5256.35 poc=5085.40 vwap=5175.34
2026-01-29T02:05:00+07:00,2026-01-29T03:40:00+07:00,BUY,5281.11,5266.12,5386.2,TP,104.89,S419 BUY Orochi BREAKOUT@VAH 7R,BREAKOUT@VAH val=5046.80 vah=5256.35 poc=5085.40 vwap=5175.34
2026-01-29T03:45:00+07:00,2026-01-29T03:50:00+07:00,BUY,5388.71,5371.05,5512.17,SL,-17.86,S419 BUY Orochi BREAKOUT@VAH 7R,BREAKOUT@VAH val=5046.80 vah=5256.35 poc=5085.40 vwap=5175.34
2026-01-29T03:55:00+07:00,2026-01-29T06:10:00+07:00,BUY,5376.76,5363.85,5465.69,TP,88.73,S419 BUY Orochi BREAKOUT@VAH 7R,BREAKOUT@VAH val=5046.80 vah=5256.35 poc=5085.40 vwap=5175.34
2026-01-29T06:20:00+07:00,2026-01-29T06:55:00+07:00,BUY,5485.5,5468.35,5606.03,BE,-0.2,S419 BUY Orochi BREAKOUT@VAH 7R,BREAKOUT@VAH val=5046.80 vah=5256.35 poc=5085.40 vwap=5175.34
2026-01-29T07:00:00+07:00,2026-01-29T07:15:00+07:00,BUY,5485.21,5442.56,5783.6,BE,-0.2,S419 BUY Orochi BREAKOUT@VAH 7R,BREAKOUT@VAH val=5046.80 vah=5256.35 poc=5085.40 vwap=5175.34
2026-01-29T07:20:00+07:00,2026-01-29T08:00:00+07:00,BUY,5477.7,5454.2,5639.72,BE,-0.2,S419 BUY Orochi BREAKOUT@VAH 7R,BREAKOUT@VAH val=5046.80 vah=5256.35 poc=5085.40 vwap=5175.79
2026-01-29T08:05:00+07:00,2026-01-29T08:20:00+07:00,BUY,5446.88,5438.51,5504.51,TP,57.43,S419 BUY Orochi BREAKOUT@VAH 7R,BREAKOUT@VAH val=5046.80 vah=5256.35 poc=5085.40 vwap=5179.72
2026-01-29T08:25:00+07:00,2026-01-29T09:00:00+07:00,BUY,5507.49,5480.18,5698.26,BE,-0.2,S419 BUY Orochi BREAKOUT@VAH 7R,BREAKOUT@VAH val=5046.80 vah=5256.35 poc=5085.40 vwap=5181.77
2026-01-29T09:05:00+07:00,2026-01-29T09:15:00+07:00,BUY,5516.17,5498.09,5641.85,BE,-0.2,S419 BUY Orochi BREAKOUT@VAH 7R,BREAKOUT@VAH val=5047.79 vah=5256.55 poc=5086.25 vwap=5187.35
2026-01-29T09:20:00+07:00,2026-01-29T09:40:00+07:00,BUY,5519.58,5504.85,5623.09,BE,-0.2,S419 BUY Orochi BREAKOUT@VAH 7R,BREAKOUT@VAH val=5051.39 vah=5257.30 poc=5089.32 vwap=5189.75
2026-01-29T09:45:00+07:00,2026-01-29T09:55:00+07:00,BUY,5540.08,5513.61,5724.65,BE,-0.2,S419 BUY Orochi BREAKOUT@VAH 7R,BREAKOUT@VAH val=5068.90 vah=5260.95 poc=5084.06 vwap=5193.70
2026-01-29T10:00:00+07:00,2026-01-29T13:20:00+07:00,BUY,5514.9,5504.05,5590.77,TP,75.67,S419 BUY Orochi BREAKOUT@VAH 7R,BREAKOUT@VAH val=5076.32 vah=5262.50 poc=5091.02 vwap=5195.76
2026-01-29T13:25:00+07:00,2026-01-29T13:35:00+07:00,BUY,5586.28,5576.1,5655.38,BE,-0.2,S419 BUY Orochi BREAKOUT@VAH 7R,BREAKOUT@VAH val=5177.85 vah=5301.94 poc=5258.99 vwap=5224.18
2026-01-29T13:40:00+07:00,2026-01-29T13:45:00+07:00,BUY,5582.09,5575.0,5632.04,SL,-7.29,S419 BUY Orochi BREAKOUT@VAH 7R,BREAKOUT@VAH val=5180.21 vah=5302.11 poc=5259.92 vwap=5226.03
2026-01-29T13:50:00+07:00,2026-01-29T13:55:00+07:00,BUY,5570.6,5556.66,5668.02,SL,-14.14,S419 BUY Orochi BREAKOUT@VAH 7R,BREAKOUT@VAH val=5181.42 vah=5302.20 poc=5260.39 vwap=5227.12
2026-01-29T14:00:00+07:00,2026-01-29T14:10:00+07:00,BUY,5568.69,5551.69,5687.77,BE,-0.2,S419 BUY Orochi BREAKOUT@VAH 7R,BREAKOUT@VAH val=5182.63 vah=5302.29 poc=5260.87 vwap=5228.20
2026-01-29T14:15:00+07:00,2026-01-29T14:20:00+07:00,BUY,5564.57,5550.94,5660.3,SL,-13.83,S419 BUY Orochi BREAKOUT@VAH 7R,BREAKOUT@VAH val=5186.91 vah=5302.59 poc=5262.55 vwap=5230.01
2026-01-29T14:25:00+07:00,2026-01-29T15:00:00+07:00,BUY,5541.52,5533.62,5596.58,BE,-0.2,S419 BUY Orochi BREAKOUT@VAH 7R,BREAKOUT@VAH val=5194.15 vah=5303.67 poc=5260.64 vwap=5231.70
2026-01-29T15:05:00+07:00,2026-01-29T15:15:00+07:00,BUY,5529.43,5520.19,5593.95,BE,-0.2,S419 BUY Orochi BREAKOUT@VAH 7R,BREAKOUT@VAH val=5212.47 vah=5298.29 poc=5261.98 vwap=5237.87
2026-01-29T15:20:00+07:00,2026-01-29T15:30:00+07:00,BUY,5530.21,5520.23,5599.83,SL,-10.18,S419 BUY Orochi BREAKOUT@VAH 7R,BREAKOUT@VAH val=5215.14 vah=5298.64 poc=5263.31 vwap=5239.52
2026-01-29T15:35:00+07:00,2026-01-29T15:40:00+07:00,BUY,5513.6,5510.38,5536.22,SL,-3.42,S419 BUY Orochi BREAKOUT@VAH 7R,BREAKOUT@VAH val=5215.14 vah=5298.64 poc=5263.31 vwap=5240.65
2026-01-29T15:55:00+07:00,2026-01-29T16:00:00+07:00,BUY,5509.89,5500.74,5573.86,SL,-9.35,S419 BUY Orochi BREAKOUT@VAH 7R,BREAKOUT@VAH val=5221.56 vah=5298.64 poc=5263.31 vwap=5242.00
2026-01-29T16:05:00+07:00,2026-01-29T17:00:00+07:00,BUY,5510.65,5493.94,5627.54,BE,-0.2,S419 BUY Orochi BREAKOUT@VAH 7R,BREAKOUT@VAH val=5221.56 vah=5298.64 poc=5263.31 vwap=5242.57
2026-01-29T17:05:00+07:00,2026-01-29T17:20:00+07:00,BUY,5511.33,5499.68,5592.8,BE,-0.2,S419 BUY Orochi BREAKOUT@VAH 7R,BREAKOUT@VAH val=5227.99 vah=5298.64 poc=5263.31 vwap=5247.02
2026-01-29T17:25:00+07:00,2026-01-29T17:30:00+07:00,BUY,5510.52,5503.39,5560.75,SL,-7.33,S419 BUY Orochi BREAKOUT@VAH 7R,BREAKOUT@VAH val=5229.65 vah=5298.90 poc=5257.98 vwap=5249.00
2026-01-29T17:35:00+07:00,2026-01-29T17:55:00+07:00,BUY,5510.11,5495.11,5612.55,SL,-15.2,S419 BUY Orochi BREAKOUT@VAH 7R,BREAKOUT@VAH val=5229.65 vah=5298.90 poc=5257.98 vwap=5249.79
2026-01-29T18:00:00+07:00,2026-01-29T19:25:00+07:00,BUY,5478.47,5468.63,5541.27,TP,62.6,S419 BUY Orochi BREAKOUT@VAH 7R,BREAKOUT@VAH val=5233.89 vah=5299.55 poc=5260.75 vwap=5251.71
2026-01-29T19:30:00+07:00,2026-01-29T19:35:00+07:00,BUY,5542.17,5535.19,5590.95,SL,-7.18,S419 BUY Orochi BREAKOUT@VAH 7R,BREAKOUT@VAH val=5246.82 vah=5298.56 poc=5261.91 vwap=5261.94
2026-01-29T19:40:00+07:00,2026-01-29T20:00:00+07:00,BUY,5529.9,5524.07,5570.31,BE,-0.2,S419 BUY Orochi BREAKOUT@VAH 7R,BREAKOUT@VAH val=5250.85 vah=5299.36 poc=5260.95 vwap=5262.61
2026-01-29T22:35:00+07:00,2026-01-29T22:50:00+07:00,SELL,5203.57,5273.38,4710.98,BE,-0.2,S419 SELL Orochi BREAKOUT@VAL 7R,BREAKOUT@VAL val=5296.28 vah=5598.03 poc=5515.05 vwap=5429.27
2026-01-29T22:55:00+07:00,2026-01-29T23:00:00+07:00,SELL,5183.06,5230.27,4853.87,SL,-47.41,S419 SELL Orochi BREAKOUT@VAL 7R,BREAKOUT@VAL val=5296.28 vah=5598.03 poc=5515.05 vwap=5429.27
2026-01-29T23:05:00+07:00,2026-01-29T23:15:00+07:00,SELL,5248.32,5278.84,5027.24,BE,-0.2,S419 SELL Orochi BREAKOUT@VAL 7R,BREAKOUT@VAL val=5296.28 vah=5598.03 poc=5515.05 vwap=5429.27
2026-01-29T23:20:00+07:00,2026-01-29T23:25:00+07:00,SELL,5270.13,5295.22,5094.66,SL,-25.29,S419 SELL Orochi BREAKOUT@VAL 7R,BREAKOUT@VAL val=5296.28 vah=5598.03 poc=5515.05 vwap=5429.27
2026-01-29T23:30:00+07:00,2026-01-30T00:00:00+07:00,SELL,5283.36,5328.98,4967.22,BE,-0.2,S419 SELL Orochi BREAKOUT@VAL 7R,BREAKOUT@VAL val=5296.28 vah=5598.03 poc=5515.05 vwap=5429.27
2026-01-30T00:05:00+07:00,2026-01-30T00:15:00+07:00,SELL,5292.32,5307.58,5185.34,BE,-0.2,S419 SELL Orochi BREAKOUT@VAL 7R,BREAKOUT@VAL val=5296.28 vah=5598.03 poc=5515.05 vwap=5429.27
2026-01-30T09:00:00+07:00,2026-01-30T16:45:00+07:00,SELL,5296.79,5346.32,4951.52,TP,345.07,S419 SELL Orochi BREAKOUT@VAL 7R,BREAKOUT@VAL val=5326.45 vah=5598.03 poc=5515.05 vwap=5443.60
2026-01-30T16:50:00+07:00,2026-01-30T16:55:00+07:00,SELL,4990.71,5008.25,4871.37,SL,-17.74,S419 SELL Orochi BREAKOUT@VAL 7R,BREAKOUT@VAL val=5503.01 vah=5560.02 poc=5525.18 vwap=5529.60
2026-01-30T17:00:00+07:00,2026-01-30T17:10:00+07:00,SELL,5037.14,5063.37,4855.29,BE,-0.2,S419 SELL Orochi BREAKOUT@VAL 7R,BREAKOUT@VAL val=5502.02 vah=5558.04 poc=5523.81 vwap=5529.12
2026-01-30T17:15:00+07:00,2026-01-30T17:20:00+07:00,SELL,5058.95,5069.95,4982.51,SL,-11.2,S419 SELL Orochi BREAKOUT@VAL 7R,BREAKOUT@VAL val=5502.02 vah=5558.04 poc=5523.81 vwap=5529.70
2026-01-30T17:25:00+07:00,2026-01-30T17:35:00+07:00,SELL,5059.76,5085.82,4877.58,BE,-0.2,S419 SELL Orochi BREAKOUT@VAL 7R,BREAKOUT@VAL val=5502.02 vah=5558.04 poc=5523.81 vwap=5530.35
2026-01-30T17:40:00+07:00,2026-01-30T17:50:00+07:00,SELL,5077.44,5100.3,4912.7,SL,-23.06,S419 SELL Orochi BREAKOUT@VAL 7R,BREAKOUT@VAL val=5502.02 vah=5558.04 poc=5523.81 vwap=5531.21
2026-01-30T17:55:00+07:00,2026-01-30T18:10:00+07:00,SELL,5120.48,5129.83,5056.79,BE,-0.2,S419 SELL Orochi BREAKOUT@VAL 7R,BREAKOUT@VAL val=5502.02 vah=5558.04 poc=5523.81 vwap=5531.72
2026-01-30T18:15:00+07:00,2026-01-30T18:25:00+07:00,SELL,5121.47,5134.13,5031.73,BE,-0.2,S419 SELL Orochi BREAKOUT@VAL 7R,BREAKOUT@VAL val=5502.02 vah=5558.04 poc=5523.81 vwap=5532.32
2026-01-30T18:30:00+07:00,2026-01-30T18:40:00+07:00,SELL,5126.69,5136.09,5060.81,BE,-0.2,S419 SELL Orochi BREAKOUT@VAL 7R,BREAKOUT@VAL val=5502.10 vah=5553.93 poc=5525.42 vwap=5533.91
2026-01-30T18:50:00+07:00,2026-01-30T18:55:00+07:00,SELL,5120.14,5126.85,5072.93,SL,-6.91,S419 SELL Orochi BREAKOUT@VAL 7R,BREAKOUT@VAL val=5507.28 vah=5559.11 poc=5540.97 vwap=5534.93
2026-01-30T19:00:00+07:00,2026-01-30T19:10:00+07:00,SELL,5130.56,5151.25,4986.13,BE,-0.2,S419 SELL Orochi BREAKOUT@VAL 7R,BREAKOUT@VAL val=5507.28 vah=5559.11 poc=5540.97 vwap=5535.03
2026-01-30T19:15:00+07:00,2026-01-30T19:25:00+07:00,SELL,5120.37,5144.51,4954.11,BE,-0.2,S419 SELL Orochi BREAKOUT@VAL 7R,BREAKOUT@VAL val=5507.28 vah=5559.11 poc=5520.24 vwap=5534.89
2026-01-30T19:30:00+07:00,2026-01-30T23:35:00+07:00,SELL,5118.47,5140.69,4963.17,TP,155.1,S419 SELL Orochi BREAKOUT@VAL 7R,BREAKOUT@VAL val=5507.28 vah=5559.11 poc=5540.97 vwap=5535.27
2026-01-30T23:40:00+07:00,2026-01-31T00:10:00+07:00,SELL,5008.51,5021.87,4914.83,TP,93.48,S419 SELL Orochi BREAKOUT@VAL 7R,BREAKOUT@VAL val=5119.69 vah=5448.62 poc=5334.76 vwap=5262.55
2026-01-31T00:15:00+07:00,2026-01-31T00:35:00+07:00,SELL,4903.37,4955.33,4539.25,BE,-0.2,S419 SELL Orochi BREAKOUT@VAL 7R,BREAKOUT@VAL val=5119.69 vah=5448.62 poc=5334.76 vwap=5262.55
2026-01-31T00:45:00+07:00,2026-01-31T01:00:00+07:00,SELL,4856.84,4909.03,4491.67,BE,-0.2,S419 SELL Orochi BREAKOUT@VAL 7R,BREAKOUT@VAL val=5119.69 vah=5448.62 poc=5334.76 vwap=5262.55
2026-01-31T01:25:00+07:00,2026-01-31T01:35:00+07:00,SELL,4741.81,4785.13,4436.57,BE,-0.2,S419 SELL Orochi BREAKOUT@VAL 7R,BREAKOUT@VAL val=5119.69 vah=5448.62 poc=5334.76 vwap=5262.55
2026-01-31T01:40:00+07:00,2026-01-31T01:45:00+07:00,SELL,4780.57,4797.84,4662.88,SL,-17.47,S419 SELL Orochi BREAKOUT@VAL 7R,BREAKOUT@VAL val=5119.69 vah=5448.62 poc=5334.76 vwap=5262.55
2026-01-31T01:50:00+07:00,2026-01-31T01:55:00+07:00,SELL,4861.21,4879.8,4732.44,SL,-18.79,S419 SELL Orochi BREAKOUT@VAL 7R,BREAKOUT@VAL val=5119.69 vah=5448.62 poc=5334.76 vwap=5262.55
2026-01-31T02:00:00+07:00,2026-01-31T02:10:00+07:00,SELL,4898.33,4927.73,4695.17,BE,-0.2,S419 SELL Orochi BREAKOUT@VAL 7R,BREAKOUT@VAL val=5119.69 vah=5448.62 poc=5334.76 vwap=5262.55
2026-01-31T02:15:00+07:00,2026-01-31T02:25:00+07:00,SELL,4879.26,4932.37,4508.29,BE,-0.2,S419 SELL Orochi BREAKOUT@VAL 7R,BREAKOUT@VAL val=5119.69 vah=5448.62 poc=5334.76 vwap=5262.55
2026-01-31T02:30:00+07:00,2026-01-31T02:40:00+07:00,SELL,4907.71,4927.66,4768.38,BE,-0.2,S419 SELL Orochi BREAKOUT@VAL 7R,BREAKOUT@VAL val=5119.69 vah=5448.62 poc=5334.76 vwap=5262.55
2026-01-31T02:45:00+07:00,2026-01-31T02:55:00+07:00,SELL,4915.58,4945.85,4703.05,SL,-30.47,S419 SELL Orochi BREAKOUT@VAL 7R,BREAKOUT@VAL val=5119.69 vah=5448.62 poc=5334.76 vwap=5262.55
2026-01-31T03:00:00+07:00,2026-01-31T03:25:00+07:00,SELL,4909.13,4956.62,4576.22,BE,-0.2,S419 SELL Orochi BREAKOUT@VAL 7R,BREAKOUT@VAL val=5119.69 vah=5448.62 poc=5334.76 vwap=5262.55
2026-01-31T03:30:00+07:00,2026-01-31T04:20:00+07:00,SELL,4883.08,4921.36,4616.16,BE,-0.2,S419 SELL Orochi BREAKOUT@VAL 7R,BREAKOUT@VAL val=5119.69 vah=5448.62 poc=5334.76 vwap=5262.55
2026-01-31T04:25:00+07:00,2026-01-31T04:35:00+07:00,SELL,4874.17,4897.35,4712.23,BE,-0.2,S419 SELL Orochi BREAKOUT@VAL 7R,BREAKOUT@VAL val=5119.69 vah=5448.62 poc=5334.76 vwap=5262.55
2026-01-31T04:40:00+07:00,2026-01-31T04:50:00+07:00,SELL,4860.4,4884.47,4691.99,BE,-0.2,S419 SELL Orochi BREAKOUT@VAL 7R,BREAKOUT@VAL val=5119.69 vah=5448.62 poc=5334.76 vwap=5262.55
2026-01-31T04:55:00+07:00,2026-02-02T06:05:00+07:00,SELL,4828.28,4898.98,4836.58,TP,-8.5,S419 SELL Orochi BREAKOUT@VAL 7R,BREAKOUT@VAL val=5119.69 vah=5448.62 poc=5334.76 vwap=5262.55
2026-02-03T07:20:00+07:00,2026-02-03T07:30:00+07:00,BUY,4814.94,4781.8,5047.72,BE,-0.2,S419 BUY Orochi BREAKOUT@VAH 7R,BREAKOUT@VAH val=4603.86 vah=4784.71 poc=4714.38 vwap=4681.50
2026-02-03T07:35:00+07:00,2026-02-03T07:45:00+07:00,BUY,4821.56,4808.01,4912.41,BE,-0.2,S419 BUY Orochi BREAKOUT@VAH 7R,BREAKOUT@VAH val=4603.86 vah=4784.71 poc=4714.38 vwap=4681.50
2026-02-03T07:50:00+07:00,2026-02-03T07:55:00+07:00,BUY,4799.95,4791.78,4856.74,SL,-8.37,S419 BUY Orochi BREAKOUT@VAH 7R,BREAKOUT@VAH val=4603.86 vah=4784.71 poc=4714.38 vwap=4681.50
2026-02-03T08:20:00+07:00,2026-02-03T08:30:00+07:00,BUY,4843.99,4817.99,5026.15,BE,-0.2,S419 BUY Orochi BREAKOUT@VAH 7R,BREAKOUT@VAH val=4603.86 vah=4784.71 poc=4714.38 vwap=4681.50
2026-02-03T08:35:00+07:00,2026-02-03T08:45:00+07:00,BUY,4837.23,4825.11,4923.43,BE,-0.2,S419 BUY Orochi BREAKOUT@VAH 7R,BREAKOUT@VAH val=4603.86 vah=4784.71 poc=4714.38 vwap=4681.50
2026-02-03T08:50:00+07:00,2026-02-03T09:00:00+07:00,BUY,4828.16,4814.56,4923.84,BE,-0.2,S419 BUY Orochi BREAKOUT@VAH 7R,BREAKOUT@VAH val=4603.86 vah=4784.71 poc=4714.38 vwap=4681.50
2026-02-03T09:05:00+07:00,2026-02-03T09:10:00+07:00,BUY,4812.42,4797.56,4916.2,SL,-15.06,S419 BUY Orochi BREAKOUT@VAH 7R,BREAKOUT@VAH val=4603.86 vah=4784.71 poc=4714.38 vwap=4681.50
2026-02-03T10:40:00+07:00,2026-02-03T11:15:00+07:00,BUY,4807.66,4775.01,5042.05,BE,-0.2,S419 BUY Orochi BREAKOUT@VAH 7R,BREAKOUT@VAH val=4603.86 vah=4784.71 poc=4714.38 vwap=4681.50
2026-02-03T11:20:00+07:00,2026-02-03T13:15:00+07:00,BUY,4804.18,4796.87,4855.19,TP,50.81,S419 BUY Orochi BREAKOUT@VAH 7R,BREAKOUT@VAH val=4603.86 vah=4784.71 poc=4714.38 vwap=4681.50
2026-02-03T13:20:00+07:00,2026-02-04T08:05:00+07:00,BUY,4861.17,4838.27,5021.71,TP,160.34,S419 BUY Orochi BREAKOUT@VAH 7R,BREAKOUT@VAH val=4603.86 vah=4784.71 poc=4714.38 vwap=4681.50
2026-02-04T08:15:00+07:00,2026-02-04T08:25:00+07:00,BUY,5047.32,5027.34,5184.86,BE,-0.2,S419 BUY Orochi BREAKOUT@VAH 7R,BREAKOUT@VAH val=4685.00 vah=4935.83 poc=4913.69 vwap=4779.70
2026-02-04T08:30:00+07:00,2026-02-04T08:35:00+07:00,BUY,5030.22,5018.59,5110.75,SL,-11.83,S419 BUY Orochi BREAKOUT@VAH 7R,BREAKOUT@VAH val=4685.00 vah=4935.83 poc=4913.69 vwap=4780.62
2026-02-04T08:40:00+07:00,2026-02-04T18:15:00+07:00,BUY,5032.32,5006.23,5214.79,BE,-0.2,S419 BUY Orochi BREAKOUT@VAH 7R,BREAKOUT@VAH val=4685.00 vah=4935.83 poc=4913.69 vwap=4781.40
2026-02-04T18:25:00+07:00,2026-02-04T20:10:00+07:00,BUY,5023.87,5017.3,5070.1,BE,-0.2,S419 BUY Orochi BREAKOUT@VAH 7R,BREAKOUT@VAH val=4813.83 vah=4942.03 poc=4912.12 vwap=4859.53
2026-02-05T09:20:00+07:00,2026-02-05T09:25:00+07:00,SELL,4933.7,4939.5,4891.26,SL,-6.0,S419 SELL Orochi BREAKOUT@VAL 7R,BREAKOUT@VAL val=4942.40 vah=5091.84 poc=5052.28 vwap=4998.50
2026-02-05T09:30:00+07:00,2026-02-05T13:15:00+07:00,SELL,4923.23,4947.21,4755.61,BE,-0.2,S419 SELL Orochi BREAKOUT@VAL 7R,BREAKOUT@VAL val=4942.40 vah=5091.84 poc=5052.28 vwap=4999.16
2026-02-05T13:20:00+07:00,2026-02-05T13:25:00+07:00,SELL,4914.22,4928.69,4812.53,SL,-14.67,S419 SELL Orochi BREAKOUT@VAL 7R,BREAKOUT@VAL val=4986.35 vah=5091.84 poc=5052.28 vwap=5019.68
2026-02-05T13:30:00+07:00,2026-02-05T13:40:00+07:00,SELL,4924.61,4935.96,4844.28,BE,-0.2,S419 SELL Orochi BREAKOUT@VAL 7R,BREAKOUT@VAL val=4989.59 vah=5091.84 poc=5056.45 vwap=5021.60
2026-02-05T13:45:00+07:00,2026-02-05T14:00:00+07:00,SELL,4924.75,4938.77,4826.29,BE,-0.2,S419 SELL Orochi BREAKOUT@VAL 7R,BREAKOUT@VAL val=4989.59 vah=5091.84 poc=5056.45 vwap=5023.92
2026-02-05T14:05:00+07:00,2026-02-05T14:15:00+07:00,SELL,4926.79,4933.99,4875.67,BE,-0.2,S419 SELL Orochi BREAKOUT@VAL 7R,BREAKOUT@VAL val=5005.32 vah=5091.84 poc=5056.45 vwap=5026.63
2026-02-05T14:20:00+07:00,2026-02-05T14:25:00+07:00,SELL,4925.16,4930.73,4885.85,SL,-5.77,S419 SELL Orochi BREAKOUT@VAL 7R,BREAKOUT@VAL val=5021.05 vah=5091.84 poc=5056.45 vwap=5029.15
2026-02-05T14:40:00+07:00,2026-02-05T14:50:00+07:00,SELL,4910.04,4924.49,4808.97,BE,-0.2,S419 SELL Orochi BREAKOUT@VAL 7R,BREAKOUT@VAL val=5023.53 vah=5091.84 poc=5050.10 vwap=5032.54
2026-02-05T14:55:00+07:00,2026-02-05T15:00:00+07:00,SELL,4914.82,4923.67,4852.79,SL,-9.05,S419 SELL Orochi BREAKOUT@VAL 7R,BREAKOUT@VAL val=5031.12 vah=5091.84 poc=5050.10 vwap=5034.44
2026-02-05T15:05:00+07:00,2026-02-05T15:10:00+07:00,SELL,4922.01,4932.02,4851.86,SL,-10.21,S419 SELL Orochi BREAKOUT@VAL 7R,BREAKOUT@VAL val=5031.12 vah=5091.84 poc=5050.10 vwap=5035.81
2026-02-05T15:15:00+07:00,2026-02-05T19:15:00+07:00,SELL,4931.96,4946.57,4825.21,TP,106.55,S419 SELL Orochi BREAKOUT@VAL 7R,BREAKOUT@VAL val=5031.12 vah=5091.84 poc=5050.10 vwap=5037.62
2026-02-05T19:25:00+07:00,2026-02-05T19:30:00+07:00,SELL,4848.23,4852.04,4821.88,SL,-4.01,S419 SELL Orochi BREAKOUT@VAL 7R,BREAKOUT@VAL val=5046.20 vah=5082.06 poc=5054.35 vwap=5061.85
2026-02-05T19:35:00+07:00,2026-02-05T19:45:00+07:00,SELL,4862.12,4874.63,4774.87,BE,-0.2,S419 SELL Orochi BREAKOUT@VAL 7R,BREAKOUT@VAL val=5046.20 vah=5082.06 poc=5054.35 vwap=5061.87
2026-02-05T19:50:00+07:00,2026-02-05T20:20:00+07:00,SELL,4858.8,4872.47,4763.59,BE,-0.2,S419 SELL Orochi BREAKOUT@VAL 7R,BREAKOUT@VAL val=5049.46 vah=5085.32 poc=5080.43 vwap=5062.09
2026-02-05T20:45:00+07:00,2026-02-05T21:05:00+07:00,SELL,4829.0,4851.92,4668.48,BE,-0.2,S419 SELL Orochi BREAKOUT@VAL 7R,BREAKOUT@VAL val=4846.94 vah=4960.89 poc=4921.01 vwap=4924.62
2026-02-05T21:15:00+07:00,2026-02-05T21:25:00+07:00,SELL,4815.58,4848.75,4582.59,BE,-0.2,S419 SELL Orochi BREAKOUT@VAL 7R,BREAKOUT@VAL val=4846.94 vah=4960.89 poc=4921.01 vwap=4924.62
2026-02-05T21:30:00+07:00,2026-02-05T21:35:00+07:00,SELL,4823.12,4843.21,4681.37,SL,-20.29,S419 SELL Orochi BREAKOUT@VAL 7R,BREAKOUT@VAL val=4846.94 vah=4960.89 poc=4921.01 vwap=4924.62
2026-02-05T22:15:00+07:00,2026-02-05T23:20:00+07:00,SELL,4844.39,4862.9,4715.14,BE,-0.2,S419 SELL Orochi BREAKOUT@VAL 7R,BREAKOUT@VAL val=4846.94 vah=4960.89 poc=4921.01 vwap=4924.62
2026-02-06T02:40:00+07:00,2026-02-06T03:10:00+07:00,SELL,4837.25,4844.9,4783.46,BE,-0.2,S419 SELL Orochi BREAKOUT@VAL 7R,BREAKOUT@VAL val=4846.94 vah=4960.89 poc=4921.01 vwap=4924.62
2026-02-06T03:15:00+07:00,2026-02-06T03:25:00+07:00,SELL,4823.16,4846.55,4659.27,BE,-0.2,S419 SELL Orochi BREAKOUT@VAL 7R,BREAKOUT@VAL val=4846.94 vah=4960.89 poc=4921.01 vwap=4924.62
2026-02-06T03:30:00+07:00,2026-02-06T04:00:00+07:00,SELL,4821.71,4835.39,4726.03,BE,-0.2,S419 SELL Orochi BREAKOUT@VAL 7R,BREAKOUT@VAL val=4846.94 vah=4960.89 poc=4921.01 vwap=4924.62
2026-02-06T04:05:00+07:00,2026-02-06T04:15:00+07:00,SELL,4808.64,4829.75,4660.23,BE,-0.2,S419 SELL Orochi BREAKOUT@VAL 7R,BREAKOUT@VAL val=4846.94 vah=4960.89 poc=4921.01 vwap=4924.62
2026-02-06T04:20:00+07:00,2026-02-06T04:30:00+07:00,SELL,4802.06,4817.14,4696.18,BE,-0.2,S419 SELL Orochi BREAKOUT@VAL 7R,BREAKOUT@VAL val=4846.94 vah=4960.89 poc=4921.01 vwap=4924.62
2026-02-06T04:40:00+07:00,2026-02-06T04:55:00+07:00,SELL,4764.59,4791.4,4577.0,BE,-0.2,S419 SELL Orochi BREAKOUT@VAL 7R,BREAKOUT@VAL val=4846.94 vah=4960.89 poc=4921.01 vwap=4924.62
2026-02-06T06:00:00+07:00,2026-02-06T06:10:00+07:00,SELL,4776.37,4785.77,4710.25,BE,-0.2,S419 SELL Orochi BREAKOUT@VAL 7R,BREAKOUT@VAL val=4846.94 vah=4960.89 poc=4921.01 vwap=4924.62
2026-02-06T06:15:00+07:00,2026-02-06T07:55:00+07:00,SELL,4763.84,4785.96,4608.76,BE,-0.2,S419 SELL Orochi BREAKOUT@VAL 7R,BREAKOUT@VAL val=4846.94 vah=4960.89 poc=4921.01 vwap=4924.62
2026-02-06T08:00:00+07:00,2026-02-06T08:10:00+07:00,SELL,4745.93,4770.55,4569.67,BE,-0.2,S419 SELL Orochi BREAKOUT@VAL 7R,BREAKOUT@VAL val=4846.94 vah=4949.49 poc=4921.01 vwap=4920.83
2026-02-06T08:25:00+07:00,2026-02-06T08:30:00+07:00,SELL,4713.55,4737.86,4543.46,SL,-24.51,S419 SELL Orochi BREAKOUT@VAL 7R,BREAKOUT@VAL val=4855.28 vah=4953.25 poc=4915.15 vwap=4918.31
2026-02-06T08:35:00+07:00,2026-02-06T08:45:00+07:00,SELL,4732.82,4754.7,4581.58,BE,-0.2,S419 SELL Orochi BREAKOUT@VAL 7R,BREAKOUT@VAL val=4843.31 vah=4949.98 poc=4923.31 vwap=4917.39
2026-02-06T08:50:00+07:00,2026-02-06T08:55:00+07:00,SELL,4769.72,4776.81,4719.93,SL,-7.29,S419 SELL Orochi BREAKOUT@VAL 7R,BREAKOUT@VAL val=4848.42 vah=4945.84 poc=4921.48 vwap=4915.97
2026-02-06T09:00:00+07:00,2026-02-06T09:10:00+07:00,SELL,4770.1,4791.73,4618.29,SL,-21.83,S419 SELL Orochi BREAKOUT@VAL 7R,BREAKOUT@VAL val=4848.42 vah=4945.84 poc=4921.48 vwap=4915.18
2026-02-06T09:15:00+07:00,2026-02-06T09:25:00+07:00,SELL,4799.9,4805.92,4758.0,BE,-0.2,S419 SELL Orochi BREAKOUT@VAL 7R,BREAKOUT@VAL val=4848.42 vah=4945.84 poc=4921.48 vwap=4913.97
2026-02-06T09:30:00+07:00,2026-02-06T09:40:00+07:00,SELL,4836.25,4843.19,4788.31,BE,-0.2,S419 SELL Orochi BREAKOUT@VAL 7R,BREAKOUT@VAL val=4848.42 vah=4945.84 poc=4921.48 vwap=4912.85
2026-02-06T09:45:00+07:00,2026-02-06T09:55:00+07:00,SELL,4826.21,4851.32,4650.12,BE,-0.2,S419 SELL Orochi BREAKOUT@VAL 7R,BREAKOUT@VAL val=4858.16 vah=4945.84 poc=4921.48 vwap=4911.96
2026-02-06T10:00:00+07:00,2026-02-06T10:05:00+07:00,SELL,4832.04,4837.31,4795.07,SL,-5.47,S419 SELL Orochi BREAKOUT@VAL 7R,BREAKOUT@VAL val=4858.16 vah=4945.84 poc=4921.48 vwap=4911.76
2026-02-06T10:10:00+07:00,2026-02-06T10:25:00+07:00,SELL,4814.44,4843.9,4606.94,BE,-0.2,S419 SELL Orochi BREAKOUT@VAL 7R,BREAKOUT@VAL val=4858.16 vah=4945.84 poc=4921.48 vwap=4911.47
2026-02-06T10:30:00+07:00,2026-02-06T10:45:00+07:00,SELL,4818.35,4829.64,4739.56,BE,-0.2,S419 SELL Orochi BREAKOUT@VAL 7R,BREAKOUT@VAL val=4848.42 vah=4945.84 poc=4921.48 vwap=4911.25
2026-02-06T10:50:00+07:00,2026-02-06T11:00:00+07:00,SELL,4823.01,4831.37,4764.65,BE,-0.2,S419 SELL Orochi BREAKOUT@VAL 7R,BREAKOUT@VAL val=4848.42 vah=4945.84 poc=4921.48 vwap=4911.15
2026-02-06T11:05:00+07:00,2026-02-06T11:15:00+07:00,SELL,4821.7,4830.78,4757.98,BE,-0.2,S419 SELL Orochi BREAKOUT@VAL 7R,BREAKOUT@VAL val=4848.42 vah=4945.84 poc=4921.48 vwap=4911.41
2026-02-06T11:20:00+07:00,2026-02-06T11:30:00+07:00,SELL,4815.19,4829.15,4718.43,SL,-14.16,S419 SELL Orochi BREAKOUT@VAL 7R,BREAKOUT@VAL val=4848.42 vah=4945.84 poc=4921.48 vwap=4911.60
2026-02-06T11:35:00+07:00,2026-02-06T12:15:00+07:00,SELL,4826.04,4834.53,4766.37,BE,-0.2,S419 SELL Orochi BREAKOUT@VAL 7R,BREAKOUT@VAL val=4848.42 vah=4945.84 poc=4921.48 vwap=4911.61
2026-02-06T12:20:00+07:00,2026-02-06T12:25:00+07:00,SELL,4836.15,4838.71,4818.71,SL,-2.76,S419 SELL Orochi BREAKOUT@VAL 7R,BREAKOUT@VAL val=4858.16 vah=4955.58 poc=4921.48 vwap=4911.87
2026-02-06T13:40:00+07:00,2026-02-06T13:45:00+07:00,SELL,4846.64,4852.33,4805.93,SL,-5.89,S419 SELL Orochi BREAKOUT@VAL 7R,BREAKOUT@VAL val=4848.42 vah=4955.58 poc=4921.48 vwap=4911.07
2026-02-06T13:55:00+07:00,2026-02-06T14:05:00+07:00,SELL,4846.38,4859.81,4752.53,BE,-0.2,S419 SELL Orochi BREAKOUT@VAL 7R,BREAKOUT@VAL val=4848.42 vah=4955.58 poc=4921.48 vwap=4910.72
2026-02-06T20:10:00+07:00,2026-02-06T20:25:00+07:00,BUY,4909.49,4903.56,4951.16,BE,-0.2,S419 BUY Orochi BREAKOUT@VAH 7R,BREAKOUT@VAH val=4801.90 vah=4885.72 poc=4859.52 vwap=4825.56
2026-02-06T20:40:00+07:00,2026-02-06T20:50:00+07:00,BUY,4932.18,4917.85,5031.29,BE,-0.2,S419 BUY Orochi BREAKOUT@VAH 7R,BREAKOUT@VAH val=4801.90 vah=4885.72 poc=4859.52 vwap=4825.56
2026-02-06T20:55:00+07:00,2026-02-06T21:05:00+07:00,BUY,4929.04,4918.72,5000.4,BE,-0.2,S419 BUY Orochi BREAKOUT@VAH 7R,BREAKOUT@VAH val=4801.90 vah=4885.72 poc=4859.52 vwap=4825.56
2026-02-06T21:10:00+07:00,2026-02-06T21:20:00+07:00,BUY,4921.5,4907.91,5016.71,BE,-0.2,S419 BUY Orochi BREAKOUT@VAH 7R,BREAKOUT@VAH val=4801.90 vah=4885.72 poc=4859.52 vwap=4825.56
2026-02-06T21:25:00+07:00,2026-02-09T06:25:00+07:00,BUY,4905.17,4891.24,5002.6,TP,97.23,S419 BUY Orochi BREAKOUT@VAH 7R,BREAKOUT@VAH val=4801.90 vah=4885.72 poc=4859.52 vwap=4825.56
2026-02-09T20:40:00+07:00,2026-02-09T20:50:00+07:00,SELL,4998.69,5012.06,4903.1,BE,-0.2,S419 SELL Orochi BREAKOUT@VAL 7R,BREAKOUT@VAL val=5002.29 vah=5036.81 poc=5014.38 vwap=5015.43
2026-02-09T21:55:00+07:00,2026-02-09T22:05:00+07:00,BUY,5038.05,5028.64,5104.24,BE,-0.2,S419 BUY Orochi BREAKOUT@VAH 7R,BREAKOUT@VAH val=5002.29 vah=5036.81 poc=5014.38 vwap=5015.43
2026-02-09T22:40:00+07:00,2026-02-09T22:50:00+07:00,BUY,5056.12,5044.86,5134.06,BE,-0.2,S419 BUY Orochi BREAKOUT@VAH 7R,BREAKOUT@VAH val=5002.29 vah=5036.81 poc=5014.38 vwap=5015.43
2026-02-09T22:55:00+07:00,2026-02-10T00:45:00+07:00,BUY,5059.01,5052.84,5102.6,BE,-0.2,S419 BUY Orochi BREAKOUT@VAH 7R,BREAKOUT@VAH val=5002.29 vah=5036.81 poc=5014.38 vwap=5015.43
2026-02-10T00:50:00+07:00,2026-02-10T00:55:00+07:00,BUY,5054.84,5047.19,5108.47,SL,-7.85,S419 BUY Orochi BREAKOUT@VAH 7R,BREAKOUT@VAH val=5002.29 vah=5036.81 poc=5014.38 vwap=5015.43
2026-02-10T01:05:00+07:00,2026-02-10T01:15:00+07:00,BUY,5056.19,5044.43,5138.59,BE,-0.2,S419 BUY Orochi BREAKOUT@VAH 7R,BREAKOUT@VAH val=5002.29 vah=5036.81 poc=5014.38 vwap=5015.43
2026-02-10T01:20:00+07:00,2026-02-10T01:30:00+07:00,BUY,5050.27,5042.46,5104.06,BE,-0.2,S419 BUY Orochi BREAKOUT@VAH 7R,BREAKOUT@VAH val=5002.29 vah=5036.81 poc=5014.38 vwap=5015.43
2026-02-10T01:35:00+07:00,2026-02-10T01:45:00+07:00,BUY,5057.81,5046.78,5134.94,BE,-0.2,S419 BUY Orochi BREAKOUT@VAH 7R,BREAKOUT@VAH val=5002.29 vah=5036.81 poc=5014.38 vwap=5015.43
2026-02-10T01:50:00+07:00,2026-02-10T04:25:00+07:00,BUY,5055.98,5049.59,5099.03,BE,-0.2,S419 BUY Orochi BREAKOUT@VAH 7R,BREAKOUT@VAH val=5002.29 vah=5036.81 poc=5014.38 vwap=5015.43
2026-02-10T04:30:00+07:00,2026-02-10T06:00:00+07:00,BUY,5057.72,5046.56,5135.92,BE,-0.2,S419 BUY Orochi BREAKOUT@VAH 7R,BREAKOUT@VAH val=5002.29 vah=5036.81 poc=5014.38 vwap=5015.43
2026-02-10T07:05:00+07:00,2026-02-10T07:25:00+07:00,BUY,5042.55,5026.92,5151.24,BE,-0.2,S419 BUY Orochi BREAKOUT@VAH 7R,BREAKOUT@VAH val=5002.29 vah=5036.81 poc=5014.38 vwap=5015.43
2026-02-10T09:10:00+07:00,2026-02-10T09:20:00+07:00,BUY,5042.11,5033.15,5105.07,BE,-0.2,S419 BUY Orochi BREAKOUT@VAH 7R,BREAKOUT@VAH val=5002.29 vah=5036.81 poc=5014.38 vwap=5015.43
2026-02-10T09:25:00+07:00,2026-02-10T09:35:00+07:00,BUY,5047.71,5039.07,5106.19,BE,-0.2,S419 BUY Orochi BREAKOUT@VAH 7R,BREAKOUT@VAH val=5002.29 vah=5036.81 poc=5014.38 vwap=5015.43
2026-02-10T09:40:00+07:00,2026-02-10T09:50:00+07:00,BUY,5050.56,5040.03,5123.55,BE,-0.2,S419 BUY Orochi BREAKOUT@VAH 7R,BREAKOUT@VAH val=5002.29 vah=5036.81 poc=5014.38 vwap=5015.43
2026-02-10T09:55:00+07:00,2026-02-10T10:05:00+07:00,BUY,5037.97,5032.8,5076.48,SL,-5.37,S419 BUY Orochi BREAKOUT@VAH 7R,BREAKOUT@VAH val=5002.29 vah=5036.81 poc=5014.38 vwap=5015.43
2026-02-10T12:55:00+07:00,2026-02-10T13:05:00+07:00,BUY,5039.37,5029.34,5109.98,BE,-0.2,S419 BUY Orochi BREAKOUT@VAH 7R,BREAKOUT@VAH val=5002.29 vah=5036.81 poc=5014.38 vwap=5015.43
2026-02-10T15:20:00+07:00,2026-02-10T15:30:00+07:00,BUY,5038.69,5030.72,5094.64,BE,-0.2,S419 BUY Orochi BREAKOUT@VAH 7R,BREAKOUT@VAH val=5002.29 vah=5036.81 poc=5014.38 vwap=5015.43
2026-02-10T15:35:00+07:00,2026-02-10T15:55:00+07:00,BUY,5043.93,5032.58,5124.98,BE,-0.2,S419 BUY Orochi BREAKOUT@VAH 7R,BREAKOUT@VAH val=5002.29 vah=5036.81 poc=5014.38 vwap=5015.43
2026-02-10T16:10:00+07:00,2026-02-10T16:15:00+07:00,BUY,5051.8,5046.55,5087.91,SL,-5.45,S419 BUY Orochi BREAKOUT@VAH 7R,BREAKOUT@VAH val=5002.29 vah=5036.81 poc=5014.38 vwap=5015.43
2026-02-10T16:20:00+07:00,2026-02-10T16:30:00+07:00,BUY,5053.77,5043.56,5125.32,BE,-0.2,S419 BUY Orochi BREAKOUT@VAH 7R,BREAKOUT@VAH val=5002.29 vah=5036.81 poc=5014.38 vwap=5015.43
2026-02-10T16:35:00+07:00,2026-02-10T16:45:00+07:00,BUY,5047.28,5043.55,5074.75,BE,-0.2,S419 BUY Orochi BREAKOUT@VAH 7R,BREAKOUT@VAH val=5004.98 vah=5037.44 poc=5016.34 vwap=5016.18
2026-02-10T16:50:00+07:00,2026-02-10T17:10:00+07:00,BUY,5045.05,5042.08,5064.4,BE,-0.2,S419 BUY Orochi BREAKOUT@VAH 7R,BREAKOUT@VAH val=5004.98 vah=5037.44 poc=5016.34 vwap=5016.19
2026-02-10T17:15:00+07:00,2026-02-10T19:05:00+07:00,BUY,5041.43,5035.46,5083.7,BE,-0.2,S419 BUY Orochi BREAKOUT@VAH 7R,BREAKOUT@VAH val=5004.30 vah=5036.12 poc=5015.44 vwap=5015.30
2026-02-10T19:10:00+07:00,2026-02-10T19:20:00+07:00,BUY,5043.58,5039.88,5073.08,BE,-0.2,S419 BUY Orochi BREAKOUT@VAH 7R,BREAKOUT@VAH val=5004.30 vah=5036.12 poc=5015.44 vwap=5014.42
2026-02-10T19:25:00+07:00,2026-02-10T19:35:00+07:00,BUY,5046.52,5041.06,5084.34,BE,-0.2,S419 BUY Orochi BREAKOUT@VAH 7R,BREAKOUT@VAH val=5003.52 vah=5032.50 poc=5015.38 vwap=5015.47
2026-02-10T21:20:00+07:00,2026-02-10T21:35:00+07:00,BUY,5067.74,5053.73,5165.97,BE,-0.2,S419 BUY Orochi BREAKOUT@VAH 7R,BREAKOUT@VAH val=5011.91 vah=5057.49 poc=5030.56 vwap=5041.20
2026-02-11T01:25:00+07:00,2026-02-11T01:35:00+07:00,SELL,5008.04,5015.46,4957.14,BE,-0.2,S419 SELL Orochi BREAKOUT@VAL 7R,BREAKOUT@VAL val=5011.91 vah=5057.49 poc=5030.56 vwap=5041.20
2026-02-11T01:50:00+07:00,2026-02-11T02:15:00+07:00,SELL,5007.42,5018.84,4929.64,SL,-11.62,S419 SELL Orochi BREAKOUT@VAL 7R,BREAKOUT@VAL val=5011.91 vah=5057.49 poc=5030.56 vwap=5041.20
2026-02-11T10:45:00+07:00,2026-02-11T10:55:00+07:00,BUY,5058.01,5054.09,5085.61,SL,-4.12,S419 BUY Orochi BREAKOUT@VAH 7R,BREAKOUT@VAH val=5016.05 vah=5057.49 poc=5030.56 vwap=5043.91
2026-02-11T11:15:00+07:00,2026-02-11T11:45:00+07:00,BUY,5059.16,5051.96,5109.64,SL,-7.4,S419 BUY Orochi BREAKOUT@VAH 7R,BREAKOUT@VAH val=5020.20 vah=5057.49 poc=5030.56 vwap=5042.79
2026-02-11T12:40:00+07:00,2026-02-11T12:45:00+07:00,BUY,5062.41,5056.42,5104.1,SL,-6.19,S419 BUY Orochi BREAKOUT@VAH 7R,BREAKOUT@VAH val=5020.20 vah=5053.34 poc=5030.56 vwap=5041.09
2026-02-11T13:10:00+07:00,2026-02-11T13:30:00+07:00,BUY,5054.58,5048.17,5099.37,BE,-0.2,S419 BUY Orochi BREAKOUT@VAH 7R,BREAKOUT@VAH val=5020.20 vah=5053.34 poc=5030.56 vwap=5040.58
2026-02-11T13:35:00+07:00,2026-02-11T13:45:00+07:00,BUY,5053.55,5052.39,5063.99,BE,-0.2,S419 BUY Orochi BREAKOUT@VAH 7R,BREAKOUT@VAH val=5020.20 vah=5053.34 poc=5030.56 vwap=5039.94
2026-02-11T13:50:00+07:00,2026-02-11T14:00:00+07:00,BUY,5060.34,5050.59,5128.19,BE,-0.2,S419 BUY Orochi BREAKOUT@VAH 7R,BREAKOUT@VAH val=5020.20 vah=5053.34 poc=5030.56 vwap=5039.51
2026-02-11T14:05:00+07:00,2026-02-11T14:10:00+07:00,BUY,5063.96,5058.12,5104.76,SL,-6.04,S419 BUY Orochi BREAKOUT@VAH 7R,BREAKOUT@VAH val=5020.20 vah=5053.34 poc=5030.56 vwap=5039.03
2026-02-11T14:15:00+07:00,2026-02-11T14:20:00+07:00,BUY,5059.18,5055.88,5082.68,SL,-3.5,S419 BUY Orochi BREAKOUT@VAH 7R,BREAKOUT@VAH val=5020.20 vah=5053.34 poc=5030.56 vwap=5038.72
2026-02-11T14:25:00+07:00,2026-02-11T14:35:00+07:00,BUY,5059.93,5051.03,5122.39,BE,-0.2,S419 BUY Orochi BREAKOUT@VAH 7R,BREAKOUT@VAH val=5020.20 vah=5053.34 poc=5030.56 vwap=5038.41
2026-02-11T14:40:00+07:00,2026-02-11T14:45:00+07:00,BUY,5054.74,5051.73,5076.05,SL,-3.21,S419 BUY Orochi BREAKOUT@VAH 7R,BREAKOUT@VAH val=5020.20 vah=5049.20 poc=5030.56 vwap=5037.82
2026-02-11T14:50:00+07:00,2026-02-11T15:00:00+07:00,BUY,5054.85,5047.29,5107.93,BE,-0.2,S419 BUY Orochi BREAKOUT@VAH 7R,BREAKOUT@VAH val=5019.11 vah=5051.17 poc=5033.14 vwap=5037.43
2026-02-11T15:05:00+07:00,2026-02-11T15:15:00+07:00,BUY,5053.98,5051.04,5074.32,BE,-0.2,S419 BUY Orochi BREAKOUT@VAH 7R,BREAKOUT@VAH val=5019.11 vah=5051.17 poc=5033.14 vwap=5036.63
2026-02-11T15:20:00+07:00,2026-02-11T15:30:00+07:00,BUY,5054.48,5049.18,5091.5,BE,-0.2,S419 BUY Orochi BREAKOUT@VAH 7R,BREAKOUT@VAH val=5020.64 vah=5050.50 poc=5029.97 vwap=5035.83
2026-02-11T15:40:00+07:00,2026-02-11T15:50:00+07:00,BUY,5052.64,5045.14,5106.02,BE,-0.2,S419 BUY Orochi BREAKOUT@VAH 7R,BREAKOUT@VAH val=5019.79 vah=5048.89 poc=5032.52 vwap=5035.42
2026-02-11T15:55:00+07:00,2026-02-11T16:05:00+07:00,BUY,5053.68,5049.62,5082.02,BE,-0.2,S419 BUY Orochi BREAKOUT@VAH 7R,BREAKOUT@VAH val=5019.79 vah=5048.89 poc=5032.52 vwap=5035.17
2026-02-11T16:10:00+07:00,2026-02-11T17:40:00+07:00,BUY,5051.64,5046.19,5089.87,TP,38.03,S419 BUY Orochi BREAKOUT@VAH 7R,BREAKOUT@VAH val=5019.79 vah=5048.89 poc=5032.52 vwap=5034.91
2026-02-11T17:50:00+07:00,2026-02-11T18:00:00+07:00,BUY,5094.4,5089.88,5126.6,BE,-0.2,S419 BUY Orochi BREAKOUT@VAH 7R,BREAKOUT@VAH val=5024.81 vah=5051.92 poc=5046.28 vwap=5035.57
2026-02-11T18:10:00+07:00,2026-02-11T19:20:00+07:00,BUY,5089.64,5081.42,5147.5,BE,-0.2,S419 BUY Orochi BREAKOUT@VAH 7R,BREAKOUT@VAH val=5020.06 vah=5048.11 poc=5029.77 vwap=5036.13
2026-02-11T19:25:00+07:00,2026-02-11T19:30:00+07:00,BUY,5095.05,5084.88,5165.84,SL,-10.37,S419 BUY Orochi BREAKOUT@VAH 7R,BREAKOUT@VAH val=5028.69 vah=5054.59 poc=5047.04 vwap=5037.71
2026-02-11T19:35:00+07:00,2026-02-11T19:40:00+07:00,BUY,5083.9,5077.75,5126.87,SL,-6.35,S419 BUY Orochi BREAKOUT@VAH 7R,BREAKOUT@VAH val=5028.69 vah=5054.59 poc=5047.04 vwap=5037.61
2026-02-11T19:50:00+07:00,2026-02-11T20:10:00+07:00,BUY,5078.66,5063.0,5189.08,BE,-0.2,S419 BUY Orochi BREAKOUT@VAH 7R,BREAKOUT@VAH val=5026.54 vah=5054.59 poc=5047.04 vwap=5037.17
2026-02-11T20:15:00+07:00,2026-02-11T20:30:00+07:00,BUY,5072.75,5061.18,5151.5,BE,-0.2,S419 BUY Orochi BREAKOUT@VAH 7R,BREAKOUT@VAH val=5013.98 vah=5064.15 poc=5056.62 vwap=5046.99
2026-02-11T20:50:00+07:00,2026-02-11T21:00:00+07:00,BUY,5066.95,5050.5,5181.94,BE,-0.2,S419 BUY Orochi BREAKOUT@VAH 7R,BREAKOUT@VAH val=5013.98 vah=5064.15 poc=5056.62 vwap=5046.99
2026-02-11T21:05:00+07:00,2026-02-11T21:20:00+07:00,BUY,5075.79,5057.87,5198.67,BE,-0.2,S419 BUY Orochi BREAKOUT@VAH 7R,BREAKOUT@VAH val=5013.98 vah=5064.15 poc=5056.62 vwap=5046.99
2026-02-11T21:25:00+07:00,2026-02-11T21:30:00+07:00,BUY,5071.01,5063.49,5123.73,SL,-7.72,S419 BUY Orochi BREAKOUT@VAH 7R,BREAKOUT@VAH val=5013.98 vah=5064.15 poc=5056.62 vwap=5046.99
2026-02-11T22:10:00+07:00,2026-02-11T22:20:00+07:00,BUY,5066.88,5061.42,5103.34,BE,-0.2,S419 BUY Orochi BREAKOUT@VAH 7R,BREAKOUT@VAH val=5013.98 vah=5064.15 poc=5056.62 vwap=5046.99
2026-02-11T23:40:00+07:00,2026-02-11T23:50:00+07:00,BUY,5074.25,5067.76,5118.16,BE,-0.2,S419 BUY Orochi BREAKOUT@VAH 7R,BREAKOUT@VAH val=5013.98 vah=5064.15 poc=5056.62 vwap=5046.99
2026-02-11T23:55:00+07:00,2026-02-12T00:00:00+07:00,BUY,5075.28,5069.26,5116.54,SL,-6.22,S419 BUY Orochi BREAKOUT@VAH 7R,BREAKOUT@VAH val=5013.98 vah=5064.15 poc=5056.62 vwap=5046.99
2026-02-12T00:05:00+07:00,2026-02-12T00:20:00+07:00,BUY,5080.46,5066.63,5177.43,BE,-0.2,S419 BUY Orochi BREAKOUT@VAH 7R,BREAKOUT@VAH val=5013.98 vah=5064.15 poc=5056.62 vwap=5046.99
2026-02-12T00:25:00+07:00,2026-02-12T01:00:00+07:00,BUY,5087.51,5078.36,5151.24,BE,-0.2,S419 BUY Orochi BREAKOUT@VAH 7R,BREAKOUT@VAH val=5013.98 vah=5064.15 poc=5056.62 vwap=5046.99
2026-02-12T01:05:00+07:00,2026-02-12T01:10:00+07:00,BUY,5081.05,5079.05,5094.97,SL,-2.2,S419 BUY Orochi BREAKOUT@VAH 7R,BREAKOUT@VAH val=5013.98 vah=5064.15 poc=5056.62 vwap=5046.99
2026-02-12T01:15:00+07:00,2026-02-12T02:55:00+07:00,BUY,5077.62,5065.24,5164.36,BE,-0.2,S419 BUY Orochi BREAKOUT@VAH 7R,BREAKOUT@VAH val=5013.98 vah=5064.15 poc=5056.62 vwap=5046.99
2026-02-12T03:00:00+07:00,2026-02-12T03:30:00+07:00,BUY,5081.05,5075.99,5116.31,BE,-0.2,S419 BUY Orochi BREAKOUT@VAH 7R,BREAKOUT@VAH val=5013.98 vah=5064.15 poc=5056.62 vwap=5046.99
2026-02-12T03:35:00+07:00,2026-02-12T04:25:00+07:00,BUY,5084.37,5077.06,5135.46,BE,-0.2,S419 BUY Orochi BREAKOUT@VAH 7R,BREAKOUT@VAH val=5013.98 vah=5064.15 poc=5056.62 vwap=5046.99
2026-02-12T04:40:00+07:00,2026-02-12T06:05:00+07:00,BUY,5080.46,5074.64,5121.36,BE,-0.2,S419 BUY Orochi BREAKOUT@VAH 7R,BREAKOUT@VAH val=5013.98 vah=5064.15 poc=5056.62 vwap=5046.99
2026-02-12T06:20:00+07:00,2026-02-12T06:55:00+07:00,BUY,5069.26,5056.33,5159.69,BE,-0.2,S419 BUY Orochi BREAKOUT@VAH 7R,BREAKOUT@VAH val=5013.98 vah=5064.15 poc=5056.62 vwap=5046.99
2026-02-12T09:00:00+07:00,2026-02-12T09:10:00+07:00,BUY,5068.68,5056.28,5155.4,BE,-0.2,S419 BUY Orochi BREAKOUT@VAH 7R,BREAKOUT@VAH val=5008.96 vah=5059.13 poc=5056.62 vwap=5046.21
2026-02-12T09:15:00+07:00,2026-02-12T09:25:00+07:00,BUY,5065.8,5062.9,5086.02,BE,-0.2,S419 BUY Orochi BREAKOUT@VAH 7R,BREAKOUT@VAH val=5008.96 vah=5059.13 poc=5056.62 vwap=5046.43
2026-02-12T09:30:00+07:00,2026-02-12T09:35:00+07:00,BUY,5065.06,5060.58,5098.74,SL,-4.68,S419 BUY Orochi BREAKOUT@VAH 7R,BREAKOUT@VAH val=5008.96 vah=5059.13 poc=5056.62 vwap=5046.60
2026-02-12T09:55:00+07:00,2026-02-12T10:20:00+07:00,BUY,5065.89,5055.59,5138.87,BE,-0.2,S419 BUY Orochi BREAKOUT@VAH 7R,BREAKOUT@VAH val=5014.41 vah=5062.10 poc=5054.95 vwap=5047.16
2026-02-12T10:35:00+07:00,2026-02-12T10:45:00+07:00,BUY,5065.34,5057.13,5123.21,BE,-0.2,S419 BUY Orochi BREAKOUT@VAH 7R,BREAKOUT@VAH val=5014.41 vah=5062.10 poc=5054.95 vwap=5049.14
2026-02-12T12:10:00+07:00,2026-02-12T12:20:00+07:00,BUY,5074.86,5066.98,5129.94,BE,-0.2,S419 BUY Orochi BREAKOUT@VAH 7R,BREAKOUT@VAH val=5014.41 vah=5066.87 poc=5054.95 vwap=5052.59
2026-02-12T12:25:00+07:00,2026-02-12T12:30:00+07:00,BUY,5071.83,5069.39,5089.07,SL,-2.64,S419 BUY Orochi BREAKOUT@VAH 7R,BREAKOUT@VAH val=5014.41 vah=5066.87 poc=5054.95 vwap=5053.11
2026-02-12T12:45:00+07:00,2026-02-12T13:00:00+07:00,BUY,5069.96,5064.38,5108.94,BE,-0.2,S419 BUY Orochi BREAKOUT@VAH 7R,BREAKOUT@VAH val=5019.38 vah=5066.97 poc=5055.08 vwap=5054.51
2026-02-12T13:15:00+07:00,2026-02-12T13:20:00+07:00,BUY,5065.95,5062.73,5087.61,SL,-3.42,S419 BUY Orochi BREAKOUT@VAH 7R,BREAKOUT@VAH val=5022.72 vah=5064.12 poc=5052.62 vwap=5056.23
2026-02-12T16:10:00+07:00,2026-02-12T16:20:00+07:00,BUY,5074.04,5070.16,5100.88,BE,-0.2,S419 BUY Orochi BREAKOUT@VAH 7R,BREAKOUT@VAH val=5033.57 vah=5066.24 poc=5056.03 vwap=5062.20
2026-02-12T16:25:00+07:00,2026-02-12T16:30:00+07:00,BUY,5071.32,5069.87,5081.71,SL,-1.65,S419 BUY Orochi BREAKOUT@VAH 7R,BREAKOUT@VAH val=5032.22 vah=5066.31 poc=5053.05 vwap=5062.47
2026-02-12T16:40:00+07:00,2026-02-12T17:00:00+07:00,BUY,5072.84,5067.71,5108.59,BE,-0.2,S419 BUY Orochi BREAKOUT@VAH 7R,BREAKOUT@VAH val=5036.01 vah=5070.09 poc=5053.05 vwap=5062.75
2026-02-12T23:30:00+07:00,2026-02-12T23:35:00+07:00,SELL,4937.4,4948.86,4858.3,SL,-11.66,S419 SELL Orochi BREAKOUT@VAL 7R,BREAKOUT@VAL val=5052.90 vah=5083.12 poc=5064.65 vwap=5067.84
2026-02-12T23:40:00+07:00,2026-02-12T23:50:00+07:00,SELL,4954.37,4975.53,4806.17,BE,-0.2,S419 SELL Orochi BREAKOUT@VAL 7R,BREAKOUT@VAL val=5052.90 vah=5083.12 poc=5064.65 vwap=5067.84
2026-02-12T23:55:00+07:00,2026-02-13T00:05:00+07:00,SELL,4955.02,4969.84,4858.08,BE,-0.2,S419 SELL Orochi BREAKOUT@VAL 7R,BREAKOUT@VAL val=5052.90 vah=5083.12 poc=5064.65 vwap=5067.84
2026-02-13T00:10:00+07:00,2026-02-13T00:20:00+07:00,SELL,4959.74,4975.53,4849.13,BE,-0.2,S419 SELL Orochi BREAKOUT@VAL 7R,BREAKOUT@VAL val=5052.90 vah=5083.12 poc=5064.65 vwap=5067.84
2026-02-13T00:25:00+07:00,2026-02-13T00:35:00+07:00,SELL,4965.55,4989.42,4798.54,BE,-0.2,S419 SELL Orochi BREAKOUT@VAL 7R,BREAKOUT@VAL val=5052.90 vah=5083.12 poc=5064.65 vwap=5067.84
2026-02-13T00:40:00+07:00,2026-02-13T06:00:00+07:00,SELL,4969.61,4980.08,4896.4,TP,73.01,S419 SELL Orochi BREAKOUT@VAL 7R,BREAKOUT@VAL val=5052.90 vah=5083.12 poc=5064.65 vwap=5067.84
2026-02-13T06:05:00+07:00,2026-02-13T06:15:00+07:00,SELL,4907.53,4912.45,4873.09,BE,-0.2,S419 SELL Orochi BREAKOUT@VAL 7R,BREAKOUT@VAL val=5052.90 vah=5083.12 poc=5064.65 vwap=5067.84
2026-02-13T06:20:00+07:00,2026-02-13T06:35:00+07:00,SELL,4920.64,4929.53,4858.81,BE,-0.2,S419 SELL Orochi BREAKOUT@VAL 7R,BREAKOUT@VAL val=5052.90 vah=5083.12 poc=5064.65 vwap=5067.84
2026-02-13T06:40:00+07:00,2026-02-13T06:50:00+07:00,SELL,4914.13,4929.12,4806.96,BE,-0.2,S419 SELL Orochi BREAKOUT@VAL 7R,BREAKOUT@VAL val=5052.90 vah=5083.12 poc=5064.65 vwap=5067.84
2026-02-13T06:55:00+07:00,2026-02-13T07:00:00+07:00,SELL,4920.37,4923.3,4897.38,SL,-3.13,S419 SELL Orochi BREAKOUT@VAL 7R,BREAKOUT@VAL val=5052.90 vah=5083.12 poc=5064.65 vwap=5067.84
2026-02-13T07:05:00+07:00,2026-02-13T07:15:00+07:00,SELL,4943.33,4949.02,4904.38,BE,-0.2,S419 SELL Orochi BREAKOUT@VAL 7R,BREAKOUT@VAL val=5052.90 vah=5083.12 poc=5064.65 vwap=5067.84
2026-02-13T07:20:00+07:00,2026-02-13T07:30:00+07:00,SELL,4940.61,4950.25,4874.09,BE,-0.2,S419 SELL Orochi BREAKOUT@VAL 7R,BREAKOUT@VAL val=5052.90 vah=5083.12 poc=5064.65 vwap=5067.75
2026-02-13T07:35:00+07:00,2026-02-13T07:45:00+07:00,SELL,4939.09,4948.59,4874.83,BE,-0.2,S419 SELL Orochi BREAKOUT@VAL 7R,BREAKOUT@VAL val=5052.90 vah=5083.12 poc=5064.65 vwap=5067.58
2026-02-13T07:50:00+07:00,2026-02-13T08:00:00+07:00,SELL,4933.56,4947.09,4838.93,BE,-0.2,S419 SELL Orochi BREAKOUT@VAL 7R,BREAKOUT@VAL val=5051.90 vah=5078.57 poc=5063.90 vwap=5067.56
2026-02-13T08:05:00+07:00,2026-02-13T08:10:00+07:00,SELL,4963.47,4967.21,4937.45,SL,-3.94,S419 SELL Orochi BREAKOUT@VAL 7R,BREAKOUT@VAL val=5051.90 vah=5078.57 poc=5063.90 vwap=5067.73
2026-02-13T08:15:00+07:00,2026-02-13T08:20:00+07:00,SELL,4971.62,4975.17,4946.53,SL,-3.75,S419 SELL Orochi BREAKOUT@VAL 7R,BREAKOUT@VAL val=5051.90 vah=5078.57 poc=5063.90 vwap=5067.75
2026-02-13T08:25:00+07:00,2026-02-13T08:35:00+07:00,SELL,4969.88,4981.76,4886.88,BE,-0.2,S419 SELL Orochi BREAKOUT@VAL 7R,BREAKOUT@VAL val=5051.90 vah=5078.57 poc=5063.90 vwap=5067.68
2026-02-13T08:40:00+07:00,2026-02-13T08:45:00+07:00,SELL,4979.87,4984.84,4944.52,SL,-5.17,S419 SELL Orochi BREAKOUT@VAL 7R,BREAKOUT@VAL val=5051.90 vah=5078.57 poc=5063.90 vwap=5067.57
2026-02-13T08:50:00+07:00,2026-02-13T09:00:00+07:00,SELL,4980.28,4991.53,4901.85,BE,-0.2,S419 SELL Orochi BREAKOUT@VAL 7R,BREAKOUT@VAL val=5049.24 vah=5078.57 poc=5063.90 vwap=5067.54
2026-02-13T09:05:00+07:00,2026-02-13T09:15:00+07:00,SELL,4976.56,4987.67,4898.87,BE,-0.2,S419 SELL Orochi BREAKOUT@VAL 7R,BREAKOUT@VAL val=5049.30 vah=5077.14 poc=5063.22 vwap=5068.05
2026-02-13T09:20:00+07:00,2026-02-13T09:30:00+07:00,SELL,4983.47,4986.6,4961.48,BE,-0.2,S419 SELL Orochi BREAKOUT@VAL 7R,BREAKOUT@VAL val=5051.83 vah=5079.67 poc=5063.22 vwap=5068.27
2026-02-13T09:35:00+07:00,2026-02-13T09:45:00+07:00,SELL,4981.02,4991.65,4906.77,BE,-0.2,S419 SELL Orochi BREAKOUT@VAL 7R,BREAKOUT@VAL val=5049.30 vah=5077.14 poc=5063.22 vwap=5068.20
2026-02-13T09:50:00+07:00,2026-02-13T09:55:00+07:00,SELL,4985.16,4987.52,4968.72,SL,-2.56,S419 SELL Orochi BREAKOUT@VAL 7R,BREAKOUT@VAL val=5051.83 vah=5079.67 poc=5063.22 vwap=5068.63
2026-02-13T10:00:00+07:00,2026-02-13T10:10:00+07:00,SELL,4984.58,4993.74,4920.14,BE,-0.2,S419 SELL Orochi BREAKOUT@VAL 7R,BREAKOUT@VAL val=5052.59 vah=5078.61 poc=5063.23 vwap=5069.01
2026-02-13T10:15:00+07:00,2026-02-13T10:25:00+07:00,SELL,4979.2,4988.82,4912.5,BE,-0.2,S419 SELL Orochi BREAKOUT@VAL 7R,BREAKOUT@VAL val=5052.59 vah=5078.61 poc=5063.23 vwap=5069.40
2026-02-13T10:30:00+07:00,2026-02-13T10:40:00+07:00,SELL,4978.08,4985.63,4925.79,BE,-0.2,S419 SELL Orochi BREAKOUT@VAL 7R,BREAKOUT@VAL val=5052.59 vah=5078.61 poc=5063.23 vwap=5069.74
2026-02-13T10:45:00+07:00,2026-02-13T10:50:00+07:00,SELL,4977.44,4981.66,4947.98,SL,-4.42,S419 SELL Orochi BREAKOUT@VAL 7R,BREAKOUT@VAL val=5051.99 vah=5079.37 poc=5064.54 vwap=5070.09
2026-02-13T10:55:00+07:00,2026-02-13T11:05:00+07:00,SELL,4981.43,4986.1,4948.66,BE,-0.2,S419 SELL Orochi BREAKOUT@VAL 7R,BREAKOUT@VAL val=5051.99 vah=5079.37 poc=5064.54 vwap=5070.07
2026-02-13T11:10:00+07:00,2026-02-13T11:15:00+07:00,SELL,4986.03,4988.79,4967.43,SL,-2.96,S419 SELL Orochi BREAKOUT@VAL 7R,BREAKOUT@VAL val=5051.99 vah=5079.37 poc=5064.54 vwap=5070.00
2026-02-13T11:20:00+07:00,2026-02-13T15:10:00+07:00,SELL,4989.01,4998.92,4919.48,BE,-0.2,S419 SELL Orochi BREAKOUT@VAL 7R,BREAKOUT@VAL val=5051.99 vah=5079.37 poc=5064.54 vwap=5069.95
2026-02-13T15:15:00+07:00,2026-02-13T15:25:00+07:00,SELL,4978.86,4991.9,4885.9,BE,-0.2,S419 SELL Orochi BREAKOUT@VAL 7R,BREAKOUT@VAL val=5054.27 vah=5070.24 poc=5064.54 vwap=5064.33
2026-02-13T15:30:00+07:00,2026-02-13T15:40:00+07:00,SELL,4981.32,4987.31,4940.11,BE,-0.2,S419 SELL Orochi BREAKOUT@VAL 7R,BREAKOUT@VAL val=5054.27 vah=5070.24 poc=5064.54 vwap=5064.07
2026-02-13T15:45:00+07:00,2026-02-13T15:55:00+07:00,SELL,4978.76,4988.88,4909.12,BE,-0.2,S419 SELL Orochi BREAKOUT@VAL 7R,BREAKOUT@VAL val=5054.27 vah=5070.24 poc=5064.54 vwap=5063.82
2026-02-13T16:00:00+07:00,2026-02-13T16:10:00+07:00,SELL,4978.73,4984.92,4935.64,BE,-0.2,S419 SELL Orochi BREAKOUT@VAL 7R,BREAKOUT@VAL val=5054.27 vah=5070.24 poc=5064.54 vwap=5063.58
2026-02-13T16:15:00+07:00,2026-02-13T17:25:00+07:00,SELL,4978.88,4984.23,4941.19,BE,-0.2,S419 SELL Orochi BREAKOUT@VAL 7R,BREAKOUT@VAL val=5054.27 vah=5070.24 poc=5064.54 vwap=5063.37
2026-02-13T17:30:00+07:00,2026-02-13T17:40:00+07:00,SELL,4970.78,4982.6,4886.76,BE,-0.2,S419 SELL Orochi BREAKOUT@VAL 7R,BREAKOUT@VAL val=5055.56 vah=5070.45 poc=5063.75 vwap=5063.08
2026-02-13T17:45:00+07:00,2026-02-13T17:55:00+07:00,SELL,4963.2,4972.76,4895.96,BE,-0.2,S419 SELL Orochi BREAKOUT@VAL 7R,BREAKOUT@VAL val=5055.56 vah=5070.45 poc=5063.75 vwap=5063.20
2026-02-13T18:05:00+07:00,2026-02-13T18:15:00+07:00,SELL,4946.57,4954.28,4894.52,BE,-0.2,S419 SELL Orochi BREAKOUT@VAL 7R,BREAKOUT@VAL val=5055.56 vah=5070.45 poc=5063.75 vwap=5063.25
2026-02-13T18:25:00+07:00,2026-02-13T18:35:00+07:00,SELL,4945.13,4955.09,4875.57,BE,-0.2,S419 SELL Orochi BREAKOUT@VAL 7R,BREAKOUT@VAL val=5055.56 vah=5070.45 poc=5063.75 vwap=5063.54
2026-02-13T18:40:00+07:00,2026-02-13T18:50:00+07:00,SELL,4943.99,4951.23,4894.51,BE,-0.2,S419 SELL Orochi BREAKOUT@VAL 7R,BREAKOUT@VAL val=5055.65 vah=5071.06 poc=5063.36 vwap=5063.92
2026-02-13T18:55:00+07:00,2026-02-13T19:00:00+07:00,SELL,4954.09,4957.95,4926.43,SL,-4.06,S419 SELL Orochi BREAKOUT@VAL 7R,BREAKOUT@VAL val=5057.06 vah=5072.47 poc=5063.36 vwap=5064.05
2026-02-13T19:05:00+07:00,2026-02-13T19:15:00+07:00,SELL,4956.97,4965.09,4899.65,BE,-0.2,S419 SELL Orochi BREAKOUT@VAL 7R,BREAKOUT@VAL val=5057.06 vah=5072.47 poc=5063.36 vwap=5064.14
2026-02-13T19:20:00+07:00,2026-02-13T19:30:00+07:00,SELL,4971.18,4975.34,4942.38,BE,-0.2,S419 SELL Orochi BREAKOUT@VAL 7R,BREAKOUT@VAL val=5057.06 vah=5072.47 poc=5063.36 vwap=5064.20
2026-02-13T19:35:00+07:00,2026-02-13T19:45:00+07:00,SELL,4969.26,4975.73,4923.33,BE,-0.2,S419 SELL Orochi BREAKOUT@VAL 7R,BREAKOUT@VAL val=5055.65 vah=5071.06 poc=5063.36 vwap=5064.11
2026-02-13T19:50:00+07:00,2026-02-13T20:00:00+07:00,SELL,4970.54,4974.39,4943.43,BE,-0.2,S419 SELL Orochi BREAKOUT@VAL 7R,BREAKOUT@VAL val=5054.25 vah=5069.66 poc=5063.36 vwap=5064.02
2026-02-13T21:05:00+07:00,2026-02-13T21:35:00+07:00,BUY,4991.2,4982.28,5053.8,BE,-0.2,S419 BUY Orochi BREAKOUT@VAH 7R,BREAKOUT@VAH val=4921.21 vah=4989.63 poc=4976.80 vwap=4971.20
2026-02-13T21:50:00+07:00,2026-02-13T22:45:00+07:00,BUY,4991.74,4985.96,5031.8,BE,-0.2,S419 BUY Orochi BREAKOUT@VAH 7R,BREAKOUT@VAH val=4921.21 vah=4989.63 poc=4976.80 vwap=4971.20
2026-02-13T23:05:00+07:00,2026-02-16T10:00:00+07:00,BUY,4991.55,4972.41,5125.37,BE,-0.2,S419 BUY Orochi BREAKOUT@VAH 7R,BREAKOUT@VAH val=4921.21 vah=4989.63 poc=4976.80 vwap=4971.20
2026-02-16T21:50:00+07:00,2026-02-16T22:00:00+07:00,SELL,4986.21,4990.34,4956.9,BE,-0.2,S419 SELL Orochi BREAKOUT@VAL 7R,BREAKOUT@VAL val=4987.65 vah=5023.42 poc=5002.78 vwap=5005.11
2026-02-16T22:10:00+07:00,2026-02-16T22:20:00+07:00,SELL,4976.5,4981.08,4944.36,BE,-0.2,S419 SELL Orochi BREAKOUT@VAL 7R,BREAKOUT@VAL val=4987.65 vah=5023.42 poc=5002.78 vwap=5005.11
2026-02-16T22:25:00+07:00,2026-02-16T22:40:00+07:00,SELL,4980.37,4982.96,4962.64,BE,-0.2,S419 SELL Orochi BREAKOUT@VAL 7R,BREAKOUT@VAL val=4987.65 vah=5023.42 poc=5002.78 vwap=5005.11
2026-02-16T22:45:00+07:00,2026-02-16T22:55:00+07:00,SELL,4978.22,4982.65,4947.77,BE,-0.2,S419 SELL Orochi BREAKOUT@VAL 7R,BREAKOUT@VAL val=4987.65 vah=5023.42 poc=5002.78 vwap=5005.11
2026-02-16T23:00:00+07:00,2026-02-16T23:10:00+07:00,SELL,4976.41,4984.59,4918.59,BE,-0.2,S419 SELL Orochi BREAKOUT@VAL 7R,BREAKOUT@VAL val=4987.65 vah=5023.42 poc=5002.78 vwap=5005.11
2026-02-16T23:15:00+07:00,2026-02-16T23:25:00+07:00,SELL,4975.95,4982.59,4929.15,SL,-6.84,S419 SELL Orochi BREAKOUT@VAL 7R,BREAKOUT@VAL val=4987.65 vah=5023.42 poc=5002.78 vwap=5005.11
2026-02-17T07:10:00+07:00,2026-02-17T07:20:00+07:00,SELL,4979.37,4987.86,4919.06,BE,-0.2,S419 SELL Orochi BREAKOUT@VAL 7R,BREAKOUT@VAL val=4987.65 vah=5023.42 poc=5002.78 vwap=5005.11
2026-02-17T07:25:00+07:00,2026-02-17T07:40:00+07:00,SELL,4973.53,4981.13,4919.61,BE,-0.2,S419 SELL Orochi BREAKOUT@VAL 7R,BREAKOUT@VAL val=4987.65 vah=5023.42 poc=5002.78 vwap=5005.11
2026-02-17T07:45:00+07:00,2026-02-17T09:20:00+07:00,SELL,4969.21,4977.22,4912.34,BE,-0.2,S419 SELL Orochi BREAKOUT@VAL 7R,BREAKOUT@VAL val=4987.65 vah=5023.42 poc=5002.78 vwap=5005.11
2026-02-17T09:25:00+07:00,2026-02-17T09:55:00+07:00,SELL,4965.48,4972.5,4916.42,BE,-0.2,S419 SELL Orochi BREAKOUT@VAL 7R,BREAKOUT@VAL val=4987.65 vah=5023.42 poc=5002.78 vwap=5005.11
2026-02-17T10:05:00+07:00,2026-02-17T12:15:00+07:00,SELL,4963.74,4971.27,4911.11,TP,52.43,S419 SELL Orochi BREAKOUT@VAL 7R,BREAKOUT@VAL val=4987.65 vah=5023.42 poc=5002.78 vwap=5005.11
2026-02-17T12:25:00+07:00,2026-02-17T12:30:00+07:00,SELL,4900.72,4906.2,4862.28,TP,38.24,S419 SELL Orochi BREAKOUT@VAL 7R,BREAKOUT@VAL val=4987.65 vah=5023.42 poc=5002.78 vwap=5005.11
2026-02-17T12:40:00+07:00,2026-02-17T12:50:00+07:00,SELL,4879.85,4894.07,4779.51,BE,-0.2,S419 SELL Orochi BREAKOUT@VAL 7R,BREAKOUT@VAL val=4987.65 vah=5023.42 poc=5002.78 vwap=5005.11
2026-02-17T12:55:00+07:00,2026-02-17T13:15:00+07:00,SELL,4888.97,4901.21,4802.57,SL,-12.44,S419 SELL Orochi BREAKOUT@VAL 7R,BREAKOUT@VAL val=4987.65 vah=5023.42 poc=5002.78 vwap=5005.11
2026-02-17T13:20:00+07:00,2026-02-17T13:30:00+07:00,SELL,4895.85,4905.26,4826.22,BE,-0.2,S419 SELL Orochi BREAKOUT@VAL 7R,BREAKOUT@VAL val=4987.65 vah=5023.42 poc=5002.78 vwap=5005.11
2026-02-17T13:35:00+07:00,2026-02-17T13:40:00+07:00,SELL,4909.63,4912.84,4886.76,SL,-3.41,S419 SELL Orochi BREAKOUT@VAL 7R,BREAKOUT@VAL val=4987.65 vah=5023.42 poc=5002.78 vwap=5005.11
2026-02-17T13:45:00+07:00,2026-02-17T13:55:00+07:00,SELL,4908.99,4916.5,4856.66,BE,-0.2,S419 SELL Orochi BREAKOUT@VAL 7R,BREAKOUT@VAL val=4987.65 vah=5023.42 poc=5002.78 vwap=5005.11
2026-02-17T14:00:00+07:00,2026-02-17T14:20:00+07:00,SELL,4910.84,4915.38,4878.58,BE,-0.2,S419 SELL Orochi BREAKOUT@VAL 7R,BREAKOUT@VAL val=4987.65 vah=5023.42 poc=5002.78 vwap=5005.11
2026-02-17T14:25:00+07:00,2026-02-17T14:35:00+07:00,SELL,4907.82,4918.54,4834.54,BE,-0.2,S419 SELL Orochi BREAKOUT@VAL 7R,BREAKOUT@VAL val=4987.65 vah=5023.42 poc=5002.78 vwap=5005.11
2026-02-17T14:40:00+07:00,2026-02-17T14:50:00+07:00,SELL,4917.43,4922.99,4879.15,BE,-0.2,S419 SELL Orochi BREAKOUT@VAL 7R,BREAKOUT@VAL val=4987.65 vah=5023.42 poc=5002.78 vwap=5005.11
2026-02-17T14:55:00+07:00,2026-02-17T15:00:00+07:00,SELL,4917.0,4923.45,4872.81,SL,-6.65,S419 SELL Orochi BREAKOUT@VAL 7R,BREAKOUT@VAL val=4987.65 vah=5023.42 poc=5002.78 vwap=5005.11
2026-02-17T15:05:00+07:00,2026-02-17T15:10:00+07:00,SELL,4920.81,4927.8,4865.8,SL,-7.19,S419 SELL Orochi BREAKOUT@VAL 7R,BREAKOUT@VAL val=4987.65 vah=5023.42 poc=5002.78 vwap=5005.11
2026-02-17T15:15:00+07:00,2026-02-17T15:25:00+07:00,SELL,4923.89,4932.04,4866.76,BE,-0.2,S419 SELL Orochi BREAKOUT@VAL 7R,BREAKOUT@VAL val=4987.65 vah=5023.42 poc=5002.78 vwap=5005.11
2026-02-17T15:30:00+07:00,2026-02-17T15:40:00+07:00,SELL,4919.87,4927.68,4863.52,BE,-0.2,S419 SELL Orochi BREAKOUT@VAL 7R,BREAKOUT@VAL val=4987.65 vah=5023.42 poc=5002.78 vwap=5005.11
2026-02-17T15:45:00+07:00,2026-02-17T15:55:00+07:00,SELL,4923.01,4926.03,4902.19,BE,-0.2,S419 SELL Orochi BREAKOUT@VAL 7R,BREAKOUT@VAL val=4987.65 vah=5023.42 poc=5002.78 vwap=5005.11
2026-02-17T16:00:00+07:00,2026-02-17T16:30:00+07:00,SELL,4928.82,4930.45,4917.49,TP,11.13,S419 SELL Orochi BREAKOUT@VAL 7R,BREAKOUT@VAL val=4987.65 vah=5023.42 poc=5002.78 vwap=5005.11
2026-02-17T16:35:00+07:00,2026-02-17T16:45:00+07:00,SELL,4921.71,4925.81,4894.13,BE,-0.2,S419 SELL Orochi BREAKOUT@VAL 7R,BREAKOUT@VAL val=4987.65 vah=5023.42 poc=5002.78 vwap=5005.11
2026-02-17T16:50:00+07:00,2026-02-17T17:00:00+07:00,SELL,4927.41,4933.95,4883.23,BE,-0.2,S419 SELL Orochi BREAKOUT@VAL 7R,BREAKOUT@VAL val=4987.65 vah=5023.42 poc=5002.78 vwap=5005.11
2026-02-17T17:05:00+07:00,2026-02-17T17:10:00+07:00,SELL,4929.19,4931.14,4915.3,SL,-2.15,S419 SELL Orochi BREAKOUT@VAL 7R,BREAKOUT@VAL val=4987.65 vah=5023.42 poc=5002.78 vwap=5005.11
2026-02-17T17:15:00+07:00,2026-02-17T19:00:00+07:00,SELL,4932.84,4940.86,4876.86,BE,-0.2,S419 SELL Orochi BREAKOUT@VAL 7R,BREAKOUT@VAL val=4987.65 vah=5023.42 poc=5002.78 vwap=5005.11
2026-02-17T19:05:00+07:00,2026-02-17T19:15:00+07:00,SELL,4937.64,4939.2,4926.64,BE,-0.2,S419 SELL Orochi BREAKOUT@VAL 7R,BREAKOUT@VAL val=4987.57 vah=5023.23 poc=5002.66 vwap=5003.74
2026-02-17T19:20:00+07:00,2026-02-17T19:30:00+07:00,SELL,4941.22,4945.65,4910.37,BE,-0.2,S419 SELL Orochi BREAKOUT@VAL 7R,BREAKOUT@VAL val=4987.57 vah=5020.49 poc=5002.66 vwap=5003.14
2026-02-17T19:35:00+07:00,2026-02-17T20:55:00+07:00,SELL,4938.35,4945.71,4887.55,TP,50.6,S419 SELL Orochi BREAKOUT@VAL 7R,BREAKOUT@VAL val=4984.73 vah=5017.46 poc=5002.46 vwap=5002.68
2026-02-17T21:05:00+07:00,2026-02-17T21:15:00+07:00,SELL,4892.69,4902.98,4820.02,BE,-0.2,S419 SELL Orochi BREAKOUT@VAL 7R,BREAKOUT@VAL val=4918.95 vah=5003.62 poc=4994.55 vwap=4946.57
2026-02-17T21:20:00+07:00,2026-02-17T21:30:00+07:00,SELL,4896.47,4908.39,4812.79,BE,-0.2,S419 SELL Orochi BREAKOUT@VAL 7R,BREAKOUT@VAL val=4918.95 vah=5003.62 poc=4994.55 vwap=4946.57
2026-02-17T21:45:00+07:00,2026-02-17T21:55:00+07:00,SELL,4865.5,4891.15,4686.27,BE,-0.2,S419 SELL Orochi BREAKOUT@VAL 7R,BREAKOUT@VAL val=4918.95 vah=5003.62 poc=4994.55 vwap=4946.57
2026-02-17T22:00:00+07:00,2026-02-17T22:15:00+07:00,SELL,4868.64,4884.9,4754.74,BE,-0.2,S419 SELL Orochi BREAKOUT@VAL 7R,BREAKOUT@VAL val=4918.95 vah=5003.62 poc=4994.55 vwap=4946.57
2026-02-17T22:20:00+07:00,2026-02-17T22:40:00+07:00,SELL,4869.39,4880.54,4791.18,BE,-0.2,S419 SELL Orochi BREAKOUT@VAL 7R,BREAKOUT@VAL val=4918.95 vah=5003.62 poc=4994.55 vwap=4946.57
2026-02-17T22:45:00+07:00,2026-02-17T22:55:00+07:00,SELL,4868.32,4878.95,4794.15,BE,-0.2,S419 SELL Orochi BREAKOUT@VAL 7R,BREAKOUT@VAL val=4918.95 vah=5003.62 poc=4994.55 vwap=4946.57
2026-02-17T23:00:00+07:00,2026-02-17T23:05:00+07:00,SELL,4877.38,4891.75,4777.99,SL,-14.57,S419 SELL Orochi BREAKOUT@VAL 7R,BREAKOUT@VAL val=4918.95 vah=5003.62 poc=4994.55 vwap=4946.57
2026-02-17T23:10:00+07:00,2026-02-17T23:30:00+07:00,SELL,4883.28,4896.9,4789.14,BE,-0.2,S419 SELL Orochi BREAKOUT@VAL 7R,BREAKOUT@VAL val=4918.95 vah=5003.62 poc=4994.55 vwap=4946.57
2026-02-17T23:35:00+07:00,2026-02-17T23:45:00+07:00,SELL,4878.44,4888.45,4808.45,BE,-0.2,S419 SELL Orochi BREAKOUT@VAL 7R,BREAKOUT@VAL val=4918.95 vah=5003.62 poc=4994.55 vwap=4946.57
2026-02-17T23:50:00+07:00,2026-02-18T01:15:00+07:00,SELL,4876.27,4885.72,4810.68,BE,-0.2,S419 SELL Orochi BREAKOUT@VAL 7R,BREAKOUT@VAL val=4918.95 vah=5003.62 poc=4994.55 vwap=4946.57
2026-02-18T01:20:00+07:00,2026-02-18T01:25:00+07:00,SELL,4885.64,4888.11,4868.51,SL,-2.67,S419 SELL Orochi BREAKOUT@VAL 7R,BREAKOUT@VAL val=4918.95 vah=5003.62 poc=4994.55 vwap=4946.57
2026-02-18T01:30:00+07:00,2026-02-18T01:40:00+07:00,SELL,4881.82,4892.15,4809.59,SL,-10.53,S419 SELL Orochi BREAKOUT@VAL 7R,BREAKOUT@VAL val=4918.95 vah=5003.62 poc=4994.55 vwap=4946.57
2026-02-18T01:45:00+07:00,2026-02-18T01:55:00+07:00,SELL,4892.09,4897.83,4852.07,BE,-0.2,S419 SELL Orochi BREAKOUT@VAL 7R,BREAKOUT@VAL val=4918.95 vah=5003.62 poc=4994.55 vwap=4946.57
2026-02-18T02:00:00+07:00,2026-02-18T02:10:00+07:00,SELL,4898.36,4912.84,4796.84,BE,-0.2,S419 SELL Orochi BREAKOUT@VAL 7R,BREAKOUT@VAL val=4918.95 vah=5003.62 poc=4994.55 vwap=4946.57
2026-02-18T02:15:00+07:00,2026-02-18T02:25:00+07:00,SELL,4890.1,4900.48,4817.6,BE,-0.2,S419 SELL Orochi BREAKOUT@VAL 7R,BREAKOUT@VAL val=4918.95 vah=5003.62 poc=4994.55 vwap=4946.57
2026-02-18T02:30:00+07:00,2026-02-18T03:40:00+07:00,SELL,4880.98,4893.44,4793.68,BE,-0.2,S419 SELL Orochi BREAKOUT@VAL 7R,BREAKOUT@VAL val=4918.95 vah=5003.62 poc=4994.55 vwap=4946.57
2026-02-18T03:45:00+07:00,2026-02-18T04:00:00+07:00,SELL,4879.91,4884.51,4847.63,BE,-0.2,S419 SELL Orochi BREAKOUT@VAL 7R,BREAKOUT@VAL val=4918.95 vah=5003.62 poc=4994.55 vwap=4946.57
2026-02-18T04:05:00+07:00,2026-02-18T04:15:00+07:00,SELL,4879.07,4885.79,4832.43,BE,-0.2,S419 SELL Orochi BREAKOUT@VAL 7R,BREAKOUT@VAL val=4918.95 vah=5003.62 poc=4994.55 vwap=4946.57
2026-02-18T04:20:00+07:00,2026-02-18T04:45:00+07:00,SELL,4879.59,4888.06,4818.94,BE,-0.2,S419 SELL Orochi BREAKOUT@VAL 7R,BREAKOUT@VAL val=4918.95 vah=5003.62 poc=4994.55 vwap=4946.57
2026-02-18T04:50:00+07:00,2026-02-18T06:10:00+07:00,SELL,4878.16,4881.13,4856.81,BE,-0.2,S419 SELL Orochi BREAKOUT@VAL 7R,BREAKOUT@VAL val=4918.95 vah=5003.62 poc=4994.55 vwap=4946.57
2026-02-18T06:25:00+07:00,2026-02-18T06:30:00+07:00,SELL,4877.75,4880.86,4856.3,SL,-3.31,S419 SELL Orochi BREAKOUT@VAL 7R,BREAKOUT@VAL val=4918.95 vah=5003.62 poc=4994.55 vwap=4946.57
2026-02-18T06:40:00+07:00,2026-02-18T06:50:00+07:00,SELL,4876.43,4879.13,4857.61,TP,18.62,S419 SELL Orochi BREAKOUT@VAL 7R,BREAKOUT@VAL val=4918.95 vah=5003.62 poc=4994.55 vwap=4946.57
2026-02-18T06:55:00+07:00,2026-02-18T07:00:00+07:00,SELL,4859.29,4868.55,4794.55,SL,-9.46,S419 SELL Orochi BREAKOUT@VAL 7R,BREAKOUT@VAL val=4918.95 vah=5003.62 poc=4994.55 vwap=4946.57
2026-02-18T07:05:00+07:00,2026-02-18T07:15:00+07:00,SELL,4866.71,4872.52,4826.12,BE,-0.2,S419 SELL Orochi BREAKOUT@VAL 7R,BREAKOUT@VAL val=4918.95 vah=5003.62 poc=4994.55 vwap=4946.57
2026-02-18T07:20:00+07:00,2026-02-18T07:30:00+07:00,SELL,4869.96,4873.67,4844.15,BE,-0.2,S419 SELL Orochi BREAKOUT@VAL 7R,BREAKOUT@VAL val=4918.95 vah=5003.62 poc=4994.55 vwap=4946.57
2026-02-18T07:35:00+07:00,2026-02-18T08:00:00+07:00,SELL,4875.99,4882.85,4828.45,BE,-0.2,S419 SELL Orochi BREAKOUT@VAL 7R,BREAKOUT@VAL val=4918.95 vah=5003.62 poc=4994.55 vwap=4946.57
2026-02-18T08:05:00+07:00,2026-02-18T08:15:00+07:00,SELL,4887.8,4892.09,4858.33,BE,-0.2,S419 SELL Orochi BREAKOUT@VAL 7R,BREAKOUT@VAL val=4918.95 vah=5003.62 poc=4994.55 vwap=4946.57
2026-02-18T08:20:00+07:00,2026-02-18T08:30:00+07:00,SELL,4884.19,4893.37,4820.01,BE,-0.2,S419 SELL Orochi BREAKOUT@VAL 7R,BREAKOUT@VAL val=4918.95 vah=5003.62 poc=4994.55 vwap=4946.57
2026-02-18T08:35:00+07:00,2026-02-18T08:45:00+07:00,SELL,4887.69,4894.96,4836.72,BE,-0.2,S419 SELL Orochi BREAKOUT@VAL 7R,BREAKOUT@VAL val=4918.95 vah=5003.62 poc=4994.55 vwap=4946.57
2026-02-18T08:50:00+07:00,2026-02-18T08:55:00+07:00,SELL,4885.14,4890.27,4849.31,SL,-5.33,S419 SELL Orochi BREAKOUT@VAL 7R,BREAKOUT@VAL val=4918.95 vah=5003.62 poc=4994.55 vwap=4946.57
2026-02-18T09:00:00+07:00,2026-02-18T09:05:00+07:00,SELL,4895.75,4898.73,4874.81,SL,-3.18,S419 SELL Orochi BREAKOUT@VAL 7R,BREAKOUT@VAL val=4918.95 vah=5003.62 poc=4994.55 vwap=4946.57
2026-02-18T09:10:00+07:00,2026-02-18T09:20:00+07:00,SELL,4898.56,4903.02,4867.58,BE,-0.2,S419 SELL Orochi BREAKOUT@VAL 7R,BREAKOUT@VAL val=4918.95 vah=5003.62 poc=4994.55 vwap=4946.57
2026-02-18T09:25:00+07:00,2026-02-18T09:35:00+07:00,SELL,4901.04,4906.13,4865.65,SL,-5.29,S419 SELL Orochi BREAKOUT@VAL 7R,BREAKOUT@VAL val=4918.95 vah=5003.62 poc=4994.55 vwap=4946.57
2026-02-18T09:40:00+07:00,2026-02-18T09:50:00+07:00,SELL,4904.97,4907.81,4885.17,BE,-0.2,S419 SELL Orochi BREAKOUT@VAL 7R,BREAKOUT@VAL val=4918.95 vah=5003.62 poc=4994.55 vwap=4946.57
2026-02-18T09:55:00+07:00,2026-02-18T10:00:00+07:00,SELL,4905.67,4908.51,4883.63,SL,-3.04,S419 SELL Orochi BREAKOUT@VAL 7R,BREAKOUT@VAL val=4918.30 vah=5002.04 poc=4993.07 vwap=4946.23
2026-02-18T10:05:00+07:00,2026-02-18T10:15:00+07:00,SELL,4914.93,4917.47,4897.07,BE,-0.2,S419 SELL Orochi BREAKOUT@VAL 7R,BREAKOUT@VAL val=4918.19 vah=5001.79 poc=4992.83 vwap=4945.90
2026-02-18T10:20:00+07:00,2026-02-18T10:30:00+07:00,SELL,4918.99,4920.62,4907.5,BE,-0.2,S419 SELL Orochi BREAKOUT@VAL 7R,BREAKOUT@VAL val=4923.67 vah=5000.72 poc=4991.83 vwap=4945.35
2026-02-18T10:35:00+07:00,2026-02-18T10:55:00+07:00,SELL,4917.24,4921.76,4885.68,SL,-4.72,S419 SELL Orochi BREAKOUT@VAL 7R,BREAKOUT@VAL val=4917.75 vah=5000.72 poc=4991.83 vwap=4944.88
2026-02-18T20:15:00+07:00,2026-02-18T20:25:00+07:00,BUY,4955.72,4952.29,4979.65,BE,-0.2,S419 BUY Orochi BREAKOUT@VAH 7R,BREAKOUT@VAH val=4853.26 vah=4915.81 poc=4877.83 vwap=4891.65
2026-02-18T20:30:00+07:00,2026-02-18T20:40:00+07:00,BUY,4957.27,4952.21,4993.89,BE,-0.2,S419 BUY Orochi BREAKOUT@VAH 7R,BREAKOUT@VAH val=4853.26 vah=4915.81 poc=4877.83 vwap=4891.65
2026-02-18T20:45:00+07:00,2026-02-18T20:55:00+07:00,BUY,4953.53,4948.86,4985.58,BE,-0.2,S419 BUY Orochi BREAKOUT@VAH 7R,BREAKOUT@VAH val=4853.26 vah=4915.81 poc=4877.83 vwap=4891.65
2026-02-18T21:00:00+07:00,2026-02-18T21:15:00+07:00,BUY,4958.71,4947.37,5037.69,BE,-0.2,S419 BUY Orochi BREAKOUT@VAH 7R,BREAKOUT@VAH val=4853.26 vah=4915.81 poc=4877.83 vwap=4891.65
2026-02-18T21:20:00+07:00,2026-02-18T21:30:00+07:00,BUY,4956.65,4953.91,4976.39,BE,-0.2,S419 BUY Orochi BREAKOUT@VAH 7R,BREAKOUT@VAH val=4853.26 vah=4915.81 poc=4877.83 vwap=4891.65
2026-02-18T21:40:00+07:00,2026-02-19T01:40:00+07:00,BUY,4981.74,4967.6,5079.6,BE,-0.2,S419 BUY Orochi BREAKOUT@VAH 7R,BREAKOUT@VAH val=4853.26 vah=4915.81 poc=4877.83 vwap=4891.65
2026-02-19T01:45:00+07:00,2026-02-19T01:55:00+07:00,BUY,4984.33,4979.32,5019.72,BE,-0.2,S419 BUY Orochi BREAKOUT@VAH 7R,BREAKOUT@VAH val=4853.26 vah=4915.81 poc=4877.83 vwap=4891.65
2026-02-19T02:05:00+07:00,2026-02-19T02:25:00+07:00,BUY,4989.72,4982.77,5038.13,BE,-0.2,S419 BUY Orochi BREAKOUT@VAH 7R,BREAKOUT@VAH val=4853.26 vah=4915.81 poc=4877.83 vwap=4891.65
2026-02-19T02:30:00+07:00,2026-02-19T02:40:00+07:00,BUY,4982.96,4971.26,5064.62,BE,-0.2,S419 BUY Orochi BREAKOUT@VAH 7R,BREAKOUT@VAH val=4853.26 vah=4915.81 poc=4877.83 vwap=4891.65
2026-02-19T02:45:00+07:00,2026-02-19T02:55:00+07:00,BUY,4980.19,4977.78,4997.3,BE,-0.2,S419 BUY Orochi BREAKOUT@VAH 7R,BREAKOUT@VAH val=4853.26 vah=4915.81 poc=4877.83 vwap=4891.65
2026-02-19T03:00:00+07:00,2026-02-19T03:10:00+07:00,BUY,4984.14,4977.04,5033.44,SL,-7.3,S419 BUY Orochi BREAKOUT@VAH 7R,BREAKOUT@VAH val=4853.26 vah=4915.81 poc=4877.83 vwap=4891.65
2026-02-19T03:15:00+07:00,2026-02-19T03:25:00+07:00,BUY,4978.98,4973.99,5013.83,BE,-0.2,S419 BUY Orochi BREAKOUT@VAH 7R,BREAKOUT@VAH val=4853.26 vah=4915.81 poc=4877.83 vwap=4891.65
2026-02-19T03:30:00+07:00,2026-02-19T03:55:00+07:00,BUY,4981.85,4975.12,5028.8,BE,-0.2,S419 BUY Orochi BREAKOUT@VAH 7R,BREAKOUT@VAH val=4853.26 vah=4915.81 poc=4877.83 vwap=4891.65
2026-02-19T04:00:00+07:00,2026-02-19T04:50:00+07:00,BUY,4984.01,4978.44,5025.0,SL,-5.77,S419 BUY Orochi BREAKOUT@VAH 7R,BREAKOUT@VAH val=4853.26 vah=4915.81 poc=4877.83 vwap=4891.65
2026-02-19T06:15:00+07:00,2026-02-19T06:45:00+07:00,BUY,4976.44,4970.93,5015.09,BE,-0.2,S419 BUY Orochi BREAKOUT@VAH 7R,BREAKOUT@VAH val=4853.26 vah=4915.81 poc=4877.83 vwap=4891.65
2026-02-19T06:50:00+07:00,2026-02-19T06:55:00+07:00,BUY,4976.01,4973.57,4991.01,SL,-2.64,S419 BUY Orochi BREAKOUT@VAH 7R,BREAKOUT@VAH val=4853.26 vah=4915.81 poc=4877.83 vwap=4891.65
2026-02-19T07:00:00+07:00,2026-02-19T07:45:00+07:00,BUY,4962.91,4959.8,4984.2,BE,-0.2,S419 BUY Orochi BREAKOUT@VAH 7R,BREAKOUT@VAH val=4853.26 vah=4915.81 poc=4877.83 vwap=4891.65
2026-02-19T07:50:00+07:00,2026-02-19T08:00:00+07:00,BUY,4962.9,4959.38,4988.9,BE,-0.2,S419 BUY Orochi BREAKOUT@VAH 7R,BREAKOUT@VAH val=4853.26 vah=4911.34 poc=4877.83 vwap=4890.53
2026-02-19T08:05:00+07:00,2026-02-19T08:15:00+07:00,BUY,4964.82,4959.34,5003.26,BE,-0.2,S419 BUY Orochi BREAKOUT@VAH 7R,BREAKOUT@VAH val=4853.26 vah=4906.87 poc=4877.83 vwap=4890.08
2026-02-19T08:20:00+07:00,2026-02-19T08:35:00+07:00,BUY,4961.52,4960.43,4969.47,TP,7.75,S419 BUY Orochi BREAKOUT@VAH 7R,BREAKOUT@VAH val=4853.36 vah=4906.33 poc=4879.85 vwap=4890.21
2026-02-19T08:40:00+07:00,2026-02-19T09:15:00+07:00,BUY,4970.38,4964.64,5007.52,BE,-0.2,S419 BUY Orochi BREAKOUT@VAH 7R,BREAKOUT@VAH val=4853.36 vah=4906.33 poc=4879.85 vwap=4890.15
2026-02-19T09:20:00+07:00,2026-02-19T09:35:00+07:00,BUY,4968.93,4964.78,4997.74,BE,-0.2,S419 BUY Orochi BREAKOUT@VAH 7R,BREAKOUT@VAH val=4850.35 vah=4910.81 poc=4880.58 vwap=4891.25
2026-02-19T09:40:00+07:00,2026-02-19T09:50:00+07:00,BUY,4971.48,4967.63,4998.35,BE,-0.2,S419 BUY Orochi BREAKOUT@VAH 7R,BREAKOUT@VAH val=4850.35 vah=4914.84 poc=4880.58 vwap=4892.39
2026-02-19T09:55:00+07:00,2026-02-19T10:00:00+07:00,BUY,4967.96,4966.64,4979.36,SL,-1.52,S419 BUY Orochi BREAKOUT@VAH 7R,BREAKOUT@VAH val=4854.38 vah=4914.84 poc=4880.58 vwap=4893.39
2026-02-19T10:05:00+07:00,2026-02-19T10:15:00+07:00,BUY,4969.71,4965.36,5000.0,BE,-0.2,S419 BUY Orochi BREAKOUT@VAH 7R,BREAKOUT@VAH val=4854.38 vah=4918.87 poc=4880.58 vwap=4893.93
2026-02-19T10:20:00+07:00,2026-02-19T11:30:00+07:00,BUY,4968.48,4966.08,4985.12,TP,16.44,S419 BUY Orochi BREAKOUT@VAH 7R,BREAKOUT@VAH val=4854.38 vah=4918.87 poc=4880.58 vwap=4894.58
2026-02-19T11:35:00+07:00,2026-02-19T11:45:00+07:00,BUY,4981.33,4978.95,4998.31,BE,-0.2,S419 BUY Orochi BREAKOUT@VAH 7R,BREAKOUT@VAH val=4854.02 vah=4919.94 poc=4879.22 vwap=4897.41
2026-02-19T11:50:00+07:00,2026-02-19T17:30:00+07:00,BUY,4982.27,4976.18,5023.22,BE,-0.2,S419 BUY Orochi BREAKOUT@VAH 7R,BREAKOUT@VAH val=4857.90 vah=4919.94 poc=4879.22 vwap=4898.49
2026-02-19T17:40:00+07:00,2026-02-19T17:50:00+07:00,BUY,4988.74,4987.0,5001.24,BE,-0.2,S419 BUY Orochi BREAKOUT@VAH 7R,BREAKOUT@VAH val=4910.79 vah=4937.18 poc=4919.04 vwap=4916.39
2026-02-19T17:55:00+07:00,2026-02-19T18:10:00+07:00,BUY,4993.35,4987.07,5037.15,BE,-0.2,S419 BUY Orochi BREAKOUT@VAH 7R,BREAKOUT@VAH val=4909.68 vah=4937.73 poc=4920.59 vwap=4917.52
2026-02-19T18:20:00+07:00,2026-02-19T18:30:00+07:00,BUY,4986.24,4976.74,5052.98,BE,-0.2,S419 BUY Orochi BREAKOUT@VAH 7R,BREAKOUT@VAH val=4911.55 vah=4936.15 poc=4918.38 vwap=4919.54
2026-02-19T18:35:00+07:00,2026-02-19T18:45:00+07:00,BUY,4984.48,4981.34,5006.78,BE,-0.2,S419 BUY Orochi BREAKOUT@VAH 7R,BREAKOUT@VAH val=4911.55 vah=4936.15 poc=4918.38 vwap=4920.70
2026-02-19T18:50:00+07:00,2026-02-19T19:00:00+07:00,BUY,4983.3,4976.85,5027.89,BE,-0.2,S419 BUY Orochi BREAKOUT@VAH 7R,BREAKOUT@VAH val=4912.39 vah=4936.40 poc=4919.06 vwap=4921.56
2026-02-19T19:05:00+07:00,2026-02-19T19:35:00+07:00,BUY,4983.7,4979.3,5014.58,BE,-0.2,S419 BUY Orochi BREAKOUT@VAH 7R,BREAKOUT@VAH val=4915.06 vah=4936.40 poc=4919.06 vwap=4922.52
2026-02-19T19:40:00+07:00,2026-02-19T19:45:00+07:00,BUY,4986.53,4982.15,5016.87,SL,-4.58,S419 BUY Orochi BREAKOUT@VAH 7R,BREAKOUT@VAH val=4912.06 vah=4933.46 poc=4920.81 vwap=4924.00
2026-02-19T19:50:00+07:00,2026-02-19T20:00:00+07:00,BUY,4983.87,4979.65,5014.69,BE,-0.2,S419 BUY Orochi BREAKOUT@VAH 7R,BREAKOUT@VAH val=4912.14 vah=4932.37 poc=4920.42 vwap=4924.37
2026-02-19T22:35:00+07:00,2026-02-19T22:45:00+07:00,BUY,5015.65,5011.62,5044.1,BE,-0.2,S419 BUY Orochi BREAKOUT@VAH 7R,BREAKOUT@VAH val=4969.31 vah=5005.48 poc=4984.11 vwap=4986.81
2026-02-19T22:50:00+07:00,2026-02-19T23:05:00+07:00,BUY,5009.84,5004.55,5045.83,BE,-0.2,S419 BUY Orochi BREAKOUT@VAH 7R,BREAKOUT@VAH val=4969.31 vah=5005.48 poc=4984.11 vwap=4986.81
2026-02-20T08:05:00+07:00,2026-02-20T08:15:00+07:00,BUY,5010.72,5004.71,5053.11,BE,-0.2,S419 BUY Orochi BREAKOUT@VAH 7R,BREAKOUT@VAH val=4976.54 vah=5006.79 poc=4984.10 vwap=4988.57
2026-02-20T12:05:00+07:00,2026-02-20T12:15:00+07:00,BUY,5001.09,4998.85,5016.13,BE,-0.2,S419 BUY Orochi BREAKOUT@VAH 7R,BREAKOUT@VAH val=4965.84 vah=4996.43 poc=4982.41 vwap=4987.24
2026-02-20T12:20:00+07:00,2026-02-20T12:30:00+07:00,BUY,5001.5,4997.88,5027.48,BE,-0.2,S419 BUY Orochi BREAKOUT@VAH 7R,BREAKOUT@VAH val=4968.39 vah=4996.43 poc=4982.41 vwap=4987.01
2026-02-20T12:35:00+07:00,2026-02-20T12:40:00+07:00,BUY,5003.11,4999.94,5025.38,SL,-3.37,S419 BUY Orochi BREAKOUT@VAH 7R,BREAKOUT@VAH val=4968.39 vah=4996.43 poc=4982.41 vwap=4986.77
2026-02-20T13:05:00+07:00,2026-02-20T13:25:00+07:00,BUY,5013.14,5010.84,5028.68,TP,15.34,S419 BUY Orochi BREAKOUT@VAH 7R,BREAKOUT@VAH val=4965.84 vah=4993.88 poc=4982.41 vwap=4986.68
2026-02-20T13:30:00+07:00,2026-02-20T13:55:00+07:00,BUY,5024.54,5019.61,5059.29,BE,-0.2,S419 BUY Orochi BREAKOUT@VAH 7R,BREAKOUT@VAH val=4963.29 vah=4993.88 poc=4982.41 vwap=4986.59
2026-02-20T14:00:00+07:00,2026-02-20T14:15:00+07:00,BUY,5021.2,5014.57,5067.45,BE,-0.2,S419 BUY Orochi BREAKOUT@VAH 7R,BREAKOUT@VAH val=4963.29 vah=4993.88 poc=4982.41 vwap=4986.73
2026-02-20T14:20:00+07:00,2026-02-20T14:25:00+07:00,BUY,5012.05,5010.5,5024.02,SL,-1.75,S419 BUY Orochi BREAKOUT@VAH 7R,BREAKOUT@VAH val=4963.29 vah=4993.88 poc=4982.41 vwap=4986.99
2026-02-20T14:30:00+07:00,2026-02-20T14:40:00+07:00,BUY,5014.31,5008.16,5057.2,BE,-0.2,S419 BUY Orochi BREAKOUT@VAH 7R,BREAKOUT@VAH val=4963.29 vah=4993.88 poc=4982.41 vwap=4987.12
2026-02-20T14:45:00+07:00,2026-02-20T14:50:00+07:00,BUY,5014.19,5012.21,5027.57,SL,-2.18,S419 BUY Orochi BREAKOUT@VAH 7R,BREAKOUT@VAH val=4963.29 vah=4996.43 poc=4982.41 vwap=4987.39
2026-02-20T14:55:00+07:00,2026-02-20T15:10:00+07:00,BUY,5006.33,5004.93,5017.33,BE,-0.2,S419 BUY Orochi BREAKOUT@VAH 7R,BREAKOUT@VAH val=4963.29 vah=4996.43 poc=4984.96 vwap=4987.51
2026-02-20T15:15:00+07:00,2026-02-20T19:25:00+07:00,BUY,5013.75,5003.65,5084.53,BE,-0.2,S419 BUY Orochi BREAKOUT@VAH 7R,BREAKOUT@VAH val=4960.74 vah=4996.43 poc=4982.41 vwap=4987.69
2026-02-20T19:40:00+07:00,2026-02-20T20:00:00+07:00,BUY,5025.37,5017.97,5077.09,BE,-0.2,S419 BUY Orochi BREAKOUT@VAH 7R,BREAKOUT@VAH val=4977.93 vah=5012.66 poc=4986.03 vwap=4994.75
2026-02-20T20:05:00+07:00,2026-02-20T20:15:00+07:00,BUY,5026.75,5022.3,5057.74,BE,-0.2,S419 BUY Orochi BREAKOUT@VAH 7R,BREAKOUT@VAH val=4980.30 vah=5016.41 poc=4998.36 vwap=5003.28
2026-02-20T20:20:00+07:00,2026-02-20T20:30:00+07:00,BUY,5030.47,5024.01,5075.61,BE,-0.2,S419 BUY Orochi BREAKOUT@VAH 7R,BREAKOUT@VAH val=4980.30 vah=5016.41 poc=4998.36 vwap=5003.28
2026-02-20T20:55:00+07:00,2026-02-20T21:00:00+07:00,BUY,5043.51,5039.55,5071.87,SL,-4.16,S419 BUY Orochi BREAKOUT@VAH 7R,BREAKOUT@VAH val=4980.30 vah=5016.41 poc=4998.36 vwap=5003.28
2026-02-20T21:05:00+07:00,2026-02-20T21:15:00+07:00,BUY,5045.02,5035.79,5109.71,BE,-0.2,S419 BUY Orochi BREAKOUT@VAH 7R,BREAKOUT@VAH val=4980.30 vah=5016.41 poc=4998.36 vwap=5003.28
2026-02-20T21:20:00+07:00,2026-02-20T21:25:00+07:00,BUY,5041.68,5039.32,5058.28,SL,-2.56,S419 BUY Orochi BREAKOUT@VAH 7R,BREAKOUT@VAH val=4980.30 vah=5016.41 poc=4998.36 vwap=5003.28
2026-02-20T21:35:00+07:00,2026-02-20T22:00:00+07:00,BUY,5047.52,5035.82,5130.38,BE,-0.2,S419 BUY Orochi BREAKOUT@VAH 7R,BREAKOUT@VAH val=4980.30 vah=5016.41 poc=4998.36 vwap=5003.28
2026-02-20T22:20:00+07:00,2026-02-20T22:25:00+07:00,BUY,5024.06,5016.43,5078.03,SL,-7.83,S419 BUY Orochi BREAKOUT@VAH 7R,BREAKOUT@VAH val=4980.30 vah=5016.41 poc=4998.36 vwap=5003.28
2026-02-20T22:30:00+07:00,2026-02-23T06:50:00+07:00,BUY,5026.46,5007.34,5161.58,TP,134.92,S419 BUY Orochi BREAKOUT@VAH 7R,BREAKOUT@VAH val=4980.30 vah=5016.41 poc=4998.36 vwap=5003.28
2026-02-23T21:50:00+07:00,2026-02-23T21:55:00+07:00,BUY,5196.38,5188.93,5247.57,SL,-7.65,S419 BUY Orochi BREAKOUT@VAH 7R,BREAKOUT@VAH val=5141.88 vah=5166.75 poc=5158.05 vwap=5151.67
2026-02-23T22:00:00+07:00,2026-02-23T22:10:00+07:00,BUY,5188.85,5178.85,5258.69,BE,-0.2,S419 BUY Orochi BREAKOUT@VAH 7R,BREAKOUT@VAH val=5141.88 vah=5166.75 poc=5158.05 vwap=5151.67
2026-02-23T22:15:00+07:00,2026-02-23T22:25:00+07:00,BUY,5199.56,5184.6,5304.12,BE,-0.2,S419 BUY Orochi BREAKOUT@VAH 7R,BREAKOUT@VAH val=5141.88 vah=5166.75 poc=5158.05 vwap=5151.67
2026-02-23T22:30:00+07:00,2026-02-23T22:35:00+07:00,BUY,5192.04,5189.11,5212.15,SL,-3.13,S419 BUY Orochi BREAKOUT@VAH 7R,BREAKOUT@VAH val=5141.88 vah=5166.75 poc=5158.05 vwap=5151.67
2026-02-23T22:40:00+07:00,2026-02-23T22:50:00+07:00,BUY,5201.46,5183.95,5322.99,BE,-0.2,S419 BUY Orochi BREAKOUT@VAH 7R,BREAKOUT@VAH val=5141.88 vah=5166.75 poc=5158.05 vwap=5151.67
2026-02-23T22:55:00+07:00,2026-02-23T23:00:00+07:00,BUY,5196.28,5188.03,5253.95,SL,-8.45,S419 BUY Orochi BREAKOUT@VAH 7R,BREAKOUT@VAH val=5141.88 vah=5166.75 poc=5158.05 vwap=5151.67
2026-02-23T23:20:00+07:00,2026-02-23T23:30:00+07:00,BUY,5216.12,5198.68,5338.12,BE,-0.2,S419 BUY Orochi BREAKOUT@VAH 7R,BREAKOUT@VAH val=5141.88 vah=5166.75 poc=5158.05 vwap=5151.67
2026-02-23T23:35:00+07:00,2026-02-23T23:45:00+07:00,BUY,5210.34,5203.93,5255.29,BE,-0.2,S419 BUY Orochi BREAKOUT@VAH 7R,BREAKOUT@VAH val=5141.88 vah=5166.75 poc=5158.05 vwap=5151.67
2026-02-23T23:50:00+07:00,2026-02-24T00:00:00+07:00,BUY,5212.34,5204.49,5267.53,BE,-0.2,S419 BUY Orochi BREAKOUT@VAH 7R,BREAKOUT@VAH val=5141.88 vah=5166.75 poc=5158.05 vwap=5151.67
2026-02-24T00:05:00+07:00,2026-02-24T00:10:00+07:00,BUY,5208.86,5204.95,5236.47,SL,-4.11,S419 BUY Orochi BREAKOUT@VAH 7R,BREAKOUT@VAH val=5141.88 vah=5166.75 poc=5158.05 vwap=5151.67
2026-02-24T00:15:00+07:00,2026-02-24T00:30:00+07:00,BUY,5207.21,5197.99,5271.67,BE,-0.2,S419 BUY Orochi BREAKOUT@VAH 7R,BREAKOUT@VAH val=5141.88 vah=5166.75 poc=5158.05 vwap=5151.67
2026-02-24T00:35:00+07:00,2026-02-24T00:45:00+07:00,BUY,5196.79,5189.69,5245.05,BE,-0.2,S419 BUY Orochi BREAKOUT@VAH 7R,BREAKOUT@VAH val=5141.88 vah=5166.75 poc=5158.05 vwap=5151.67
2026-02-24T00:50:00+07:00,2026-02-24T01:25:00+07:00,BUY,5205.16,5195.03,5276.23,BE,-0.2,S419 BUY Orochi BREAKOUT@VAH 7R,BREAKOUT@VAH val=5141.88 vah=5166.75 poc=5158.05 vwap=5151.67
2026-02-24T01:30:00+07:00,2026-02-24T01:40:00+07:00,BUY,5208.14,5199.5,5269.1,BE,-0.2,S419 BUY Orochi BREAKOUT@VAH 7R,BREAKOUT@VAH val=5141.88 vah=5166.75 poc=5158.05 vwap=5151.67
2026-02-24T01:45:00+07:00,2026-02-24T01:55:00+07:00,BUY,5209.26,5203.94,5247.54,BE,-0.2,S419 BUY Orochi BREAKOUT@VAH 7R,BREAKOUT@VAH val=5141.88 vah=5166.75 poc=5158.05 vwap=5151.67
2026-02-24T02:00:00+07:00,2026-02-24T02:10:00+07:00,BUY,5209.3,5205.54,5235.7,BE,-0.2,S419 BUY Orochi BREAKOUT@VAH 7R,BREAKOUT@VAH val=5141.88 vah=5166.75 poc=5158.05 vwap=5151.67
2026-02-24T02:15:00+07:00,2026-02-24T02:25:00+07:00,BUY,5212.42,5207.48,5246.84,BE,-0.2,S419 BUY Orochi BREAKOUT@VAH 7R,BREAKOUT@VAH val=5141.88 vah=5166.75 poc=5158.05 vwap=5151.67
2026-02-24T02:30:00+07:00,2026-02-24T02:40:00+07:00,BUY,5212.4,5206.0,5256.96,BE,-0.2,S419 BUY Orochi BREAKOUT@VAH 7R,BREAKOUT@VAH val=5141.88 vah=5166.75 poc=5158.05 vwap=5151.67
2026-02-24T02:45:00+07:00,2026-02-24T08:00:00+07:00,BUY,5217.43,5210.11,5268.59,BE,-0.2,S419 BUY Orochi BREAKOUT@VAH 7R,BREAKOUT@VAH val=5141.88 vah=5166.75 poc=5158.05 vwap=5151.67
2026-02-24T08:05:00+07:00,2026-02-24T08:10:00+07:00,BUY,5207.66,5194.19,5302.99,SL,-13.67,S419 BUY Orochi BREAKOUT@VAH 7R,BREAKOUT@VAH val=5141.88 vah=5166.75 poc=5158.05 vwap=5151.67
2026-02-24T08:45:00+07:00,2026-02-24T09:05:00+07:00,BUY,5178.61,5159.82,5309.42,BE,-0.2,S419 BUY Orochi BREAKOUT@VAH 7R,BREAKOUT@VAH val=5141.88 vah=5166.75 poc=5158.05 vwap=5151.67
2026-02-24T09:10:00+07:00,2026-02-24T09:20:00+07:00,BUY,5172.26,5162.44,5243.88,BE,-0.2,S419 BUY Orochi BREAKOUT@VAH 7R,BREAKOUT@VAH val=5141.88 vah=5166.75 poc=5158.05 vwap=5151.67
2026-02-24T09:25:00+07:00,2026-02-24T10:55:00+07:00,BUY,5173.25,5163.19,5244.07,BE,-0.2,S419 BUY Orochi BREAKOUT@VAH 7R,BREAKOUT@VAH val=5141.88 vah=5166.75 poc=5158.05 vwap=5151.67
2026-02-24T11:10:00+07:00,2026-02-24T11:30:00+07:00,BUY,5168.54,5160.69,5222.69,BE,-0.2,S419 BUY Orochi BREAKOUT@VAH 7R,BREAKOUT@VAH val=5141.88 vah=5166.75 poc=5158.05 vwap=5151.67
2026-02-24T11:35:00+07:00,2026-02-24T11:45:00+07:00,BUY,5169.04,5164.43,5201.23,BE,-0.2,S419 BUY Orochi BREAKOUT@VAH 7R,BREAKOUT@VAH val=5141.88 vah=5166.75 poc=5158.05 vwap=5151.67
2026-02-24T11:50:00+07:00,2026-02-24T12:00:00+07:00,BUY,5168.45,5161.96,5213.96,BE,-0.2,S419 BUY Orochi BREAKOUT@VAH 7R,BREAKOUT@VAH val=5141.88 vah=5166.75 poc=5158.05 vwap=5151.67
2026-02-24T12:05:00+07:00,2026-02-24T12:15:00+07:00,BUY,5170.88,5162.93,5225.97,BE,-0.2,S419 BUY Orochi BREAKOUT@VAH 7R,BREAKOUT@VAH val=5141.88 vah=5166.75 poc=5158.05 vwap=5151.67
2026-02-24T12:20:00+07:00,2026-02-24T12:25:00+07:00,BUY,5173.72,5169.6,5202.48,SL,-4.32,S419 BUY Orochi BREAKOUT@VAH 7R,BREAKOUT@VAH val=5141.88 vah=5166.75 poc=5158.05 vwap=5151.67
2026-02-24T12:35:00+07:00,2026-02-24T13:25:00+07:00,BUY,5171.26,5163.35,5225.51,BE,-0.2,S419 BUY Orochi BREAKOUT@VAH 7R,BREAKOUT@VAH val=5141.88 vah=5166.75 poc=5158.05 vwap=5151.67
2026-02-24T13:45:00+07:00,2026-02-24T14:00:00+07:00,BUY,5173.4,5167.06,5217.7,BE,-0.2,S419 BUY Orochi BREAKOUT@VAH 7R,BREAKOUT@VAH val=5141.88 vah=5166.75 poc=5158.05 vwap=5151.67
2026-02-24T14:05:00+07:00,2026-02-24T15:15:00+07:00,BUY,5167.11,5163.8,5190.36,BE,-0.2,S419 BUY Orochi BREAKOUT@VAH 7R,BREAKOUT@VAH val=5141.88 vah=5166.75 poc=5158.05 vwap=5151.67
2026-02-24T15:20:00+07:00,2026-02-24T15:30:00+07:00,BUY,5173.57,5163.38,5245.7,BE,-0.2,S419 BUY Orochi BREAKOUT@VAH 7R,BREAKOUT@VAH val=5141.88 vah=5166.75 poc=5158.05 vwap=5151.67
2026-02-24T15:35:00+07:00,2026-02-24T16:10:00+07:00,BUY,5179.29,5168.21,5253.81,BE,-0.2,S419 BUY Orochi BREAKOUT@VAH 7R,BREAKOUT@VAH val=5141.88 vah=5166.75 poc=5158.05 vwap=5151.67
2026-02-24T16:15:00+07:00,2026-02-24T16:20:00+07:00,BUY,5172.23,5169.61,5191.93,SL,-2.82,S419 BUY Orochi BREAKOUT@VAH 7R,BREAKOUT@VAH val=5141.88 vah=5166.75 poc=5158.05 vwap=5151.67
2026-02-24T16:25:00+07:00,2026-02-24T16:35:00+07:00,BUY,5168.67,5166.38,5183.98,BE,-0.2,S419 BUY Orochi BREAKOUT@VAH 7R,BREAKOUT@VAH val=5140.51 vah=5165.39 poc=5159.73 vwap=5151.93
2026-02-24T16:40:00+07:00,2026-02-24T17:30:00+07:00,BUY,5169.91,5164.98,5204.34,BE,-0.2,S419 BUY Orochi BREAKOUT@VAH 7R,BREAKOUT@VAH val=5142.77 vah=5165.39 poc=5159.73 vwap=5152.17
2026-02-24T17:35:00+07:00,2026-02-24T19:10:00+07:00,BUY,5166.76,5162.13,5199.01,BE,-0.2,S419 BUY Orochi BREAKOUT@VAH 7R,BREAKOUT@VAH val=5142.77 vah=5165.39 poc=5159.73 vwap=5152.39
2026-02-24T20:00:00+07:00,2026-02-24T20:10:00+07:00,SELL,5154.54,5162.31,5100.79,BE,-0.2,S419 SELL Orochi BREAKOUT@VAL 7R,BREAKOUT@VAL val=5164.11 vah=5218.19 poc=5170.87 vwap=5190.11
2026-02-24T20:15:00+07:00,2026-02-24T20:35:00+07:00,SELL,5152.97,5163.16,5081.8,BE,-0.2,S419 SELL Orochi BREAKOUT@VAL 7R,BREAKOUT@VAL val=5164.11 vah=5218.19 poc=5170.87 vwap=5190.11
2026-02-24T20:40:00+07:00,2026-02-24T22:25:00+07:00,SELL,5145.89,5157.29,5066.17,BE,-0.2,S419 SELL Orochi BREAKOUT@VAL 7R,BREAKOUT@VAL val=5164.11 vah=5218.19 poc=5170.87 vwap=5190.11
2026-02-24T22:30:00+07:00,2026-02-24T22:40:00+07:00,SELL,5140.78,5148.87,5083.59,SL,-8.29,S419 SELL Orochi BREAKOUT@VAL 7R,BREAKOUT@VAL val=5164.11 vah=5218.19 poc=5170.87 vwap=5190.11
2026-02-24T22:45:00+07:00,2026-02-25T00:05:00+07:00,SELL,5152.69,5157.54,5118.66,BE,-0.2,S419 SELL Orochi BREAKOUT@VAL 7R,BREAKOUT@VAL val=5164.11 vah=5218.19 poc=5170.87 vwap=5190.11
2026-02-25T00:10:00+07:00,2026-02-25T00:15:00+07:00,SELL,5156.58,5159.56,5133.48,SL,-3.18,S419 SELL Orochi BREAKOUT@VAL 7R,BREAKOUT@VAL val=5164.11 vah=5218.19 poc=5170.87 vwap=5190.11
2026-02-25T00:20:00+07:00,2026-02-25T00:40:00+07:00,SELL,5160.1,5165.09,5125.01,BE,-0.2,S419 SELL Orochi BREAKOUT@VAL 7R,BREAKOUT@VAL val=5164.11 vah=5218.19 poc=5170.87 vwap=5190.11
2026-02-25T00:45:00+07:00,2026-02-25T00:55:00+07:00,SELL,5160.15,5163.4,5137.8,BE,-0.2,S419 SELL Orochi BREAKOUT@VAL 7R,BREAKOUT@VAL val=5164.11 vah=5218.19 poc=5170.87 vwap=5190.11
2026-02-25T01:25:00+07:00,2026-02-25T01:35:00+07:00,SELL,5158.4,5163.34,5122.54,BE,-0.2,S419 SELL Orochi BREAKOUT@VAL 7R,BREAKOUT@VAL val=5164.11 vah=5218.19 poc=5170.87 vwap=5190.11
2026-02-25T01:40:00+07:00,2026-02-25T01:50:00+07:00,SELL,5159.35,5161.37,5143.37,BE,-0.2,S419 SELL Orochi BREAKOUT@VAL 7R,BREAKOUT@VAL val=5164.11 vah=5218.19 poc=5170.87 vwap=5190.11
2026-02-25T01:55:00+07:00,2026-02-25T03:20:00+07:00,SELL,5159.76,5164.1,5131.86,BE,-0.2,S419 SELL Orochi BREAKOUT@VAL 7R,BREAKOUT@VAL val=5164.11 vah=5218.19 poc=5170.87 vwap=5190.11
2026-02-25T04:05:00+07:00,2026-02-25T04:15:00+07:00,SELL,5157.58,5167.03,5091.03,BE,-0.2,S419 SELL Orochi BREAKOUT@VAL 7R,BREAKOUT@VAL val=5164.11 vah=5218.19 poc=5170.87 vwap=5190.11
2026-02-25T04:20:00+07:00,2026-02-25T07:35:00+07:00,SELL,5153.83,5163.59,5085.35,BE,-0.2,S419 SELL Orochi BREAKOUT@VAL 7R,BREAKOUT@VAL val=5164.11 vah=5218.19 poc=5170.87 vwap=5190.11
2026-02-25T07:40:00+07:00,2026-02-25T07:50:00+07:00,SELL,5147.41,5157.22,5079.54,BE,-0.2,S419 SELL Orochi BREAKOUT@VAL 7R,BREAKOUT@VAL val=5164.11 vah=5213.69 poc=5170.87 vwap=5190.73
2026-02-25T07:55:00+07:00,2026-02-25T08:00:00+07:00,SELL,5152.22,5158.08,5112.0,SL,-6.06,S419 SELL Orochi BREAKOUT@VAL 7R,BREAKOUT@VAL val=5164.11 vah=5213.69 poc=5170.87 vwap=5191.16
2026-02-25T15:20:00+07:00,2026-02-25T15:40:00+07:00,BUY,5193.08,5185.59,5245.59,BE,-0.2,S419 BUY Orochi BREAKOUT@VAH 7R,BREAKOUT@VAH val=5158.33 vah=5188.80 poc=5173.56 vwap=5184.39
2026-02-25T15:45:00+07:00,2026-02-25T15:50:00+07:00,BUY,5192.07,5189.33,5211.01,SL,-2.94,S419 BUY Orochi BREAKOUT@VAH 7R,BREAKOUT@VAH val=5158.33 vah=5188.80 poc=5173.56 vwap=5183.73
2026-02-25T16:35:00+07:00,2026-02-25T16:45:00+07:00,BUY,5190.86,5184.78,5234.78,BE,-0.2,S419 BUY Orochi BREAKOUT@VAH 7R,BREAKOUT@VAH val=5162.53 vah=5188.41 poc=5173.31 vwap=5181.40
2026-02-25T16:50:00+07:00,2026-02-25T16:55:00+07:00,BUY,5190.09,5187.86,5208.66,SL,-2.43,S419 BUY Orochi BREAKOUT@VAH 7R,BREAKOUT@VAH val=5162.24 vah=5187.69 poc=5172.84 vwap=5180.26
2026-02-25T17:00:00+07:00,2026-02-25T17:05:00+07:00,BUY,5188.83,5186.69,5204.05,SL,-2.34,S419 BUY Orochi BREAKOUT@VAH 7R,BREAKOUT@VAH val=5161.56 vah=5186.00 poc=5171.75 vwap=5179.78
2026-02-25T19:20:00+07:00,2026-02-25T19:30:00+07:00,BUY,5186.89,5180.58,5231.14,SL,-6.51,S419 BUY Orochi BREAKOUT@VAH 7R,BREAKOUT@VAH val=5165.20 vah=5182.33 poc=5171.86 vwap=5173.21
2026-02-25T23:25:00+07:00,2026-02-25T23:35:00+07:00,BUY,5202.97,5195.23,5259.39,BE,-0.2,S419 BUY Orochi BREAKOUT@VAH 7R,BREAKOUT@VAH val=5142.71 vah=5196.11 poc=5183.98 vwap=5162.74
2026-02-25T23:40:00+07:00,2026-02-25T23:50:00+07:00,BUY,5207.63,5200.66,5256.18,BE,-0.2,S419 BUY Orochi BREAKOUT@VAH 7R,BREAKOUT@VAH val=5142.71 vah=5196.11 poc=5183.98 vwap=5162.74
2026-02-25T23:55:00+07:00,2026-02-26T00:15:00+07:00,BUY,5212.24,5206.04,5255.56,BE,-0.2,S419 BUY Orochi BREAKOUT@VAH 7R,BREAKOUT@VAH val=5142.71 vah=5196.11 poc=5183.98 vwap=5162.74
2026-02-26T00:20:00+07:00,2026-02-26T00:30:00+07:00,BUY,5213.44,5210.06,5236.62,BE,-0.2,S419 BUY Orochi BREAKOUT@VAH 7R,BREAKOUT@VAH val=5142.71 vah=5196.11 poc=5183.98 vwap=5162.74
2026-02-26T00:35:00+07:00,2026-02-26T00:40:00+07:00,BUY,5213.31,5208.98,5243.14,SL,-4.53,S419 BUY Orochi BREAKOUT@VAH 7R,BREAKOUT@VAH val=5142.71 vah=5196.11 poc=5183.98 vwap=5162.74
2026-02-26T00:45:00+07:00,2026-02-26T00:55:00+07:00,BUY,5206.82,5203.46,5230.5,BE,-0.2,S419 BUY Orochi BREAKOUT@VAH 7R,BREAKOUT@VAH val=5142.71 vah=5196.11 poc=5183.98 vwap=5162.74
2026-02-26T01:00:00+07:00,2026-02-26T01:45:00+07:00,BUY,5207.48,5202.44,5242.6,SL,-5.24,S419 BUY Orochi BREAKOUT@VAH 7R,BREAKOUT@VAH val=5142.71 vah=5196.11 poc=5183.98 vwap=5162.74
2026-02-26T01:50:00+07:00,2026-02-26T02:00:00+07:00,BUY,5202.79,5200.17,5220.97,BE,-0.2,S419 BUY Orochi BREAKOUT@VAH 7R,BREAKOUT@VAH val=5142.71 vah=5196.11 poc=5183.98 vwap=5162.74
2026-02-26T02:20:00+07:00,2026-02-26T03:00:00+07:00,BUY,5197.29,5193.34,5225.02,BE,-0.2,S419 BUY Orochi BREAKOUT@VAH 7R,BREAKOUT@VAH val=5142.71 vah=5196.11 poc=5183.98 vwap=5162.74
2026-02-26T03:05:00+07:00,2026-02-26T03:15:00+07:00,BUY,5202.65,5195.32,5253.72,BE,-0.2,S419 BUY Orochi BREAKOUT@VAH 7R,BREAKOUT@VAH val=5142.71 vah=5196.11 poc=5183.98 vwap=5162.74
2026-02-26T12:25:00+07:00,2026-02-26T12:35:00+07:00,BUY,5200.3,5197.14,5223.62,BE,-0.2,S419 BUY Orochi BREAKOUT@VAH 7R,BREAKOUT@VAH val=5157.61 vah=5196.53 poc=5184.14 vwap=5174.25
2026-02-26T12:40:00+07:00,2026-02-26T12:45:00+07:00,BUY,5199.51,5195.11,5231.99,SL,-4.6,S419 BUY Orochi BREAKOUT@VAH 7R,BREAKOUT@VAH val=5157.61 vah=5196.53 poc=5184.14 vwap=5174.47
2026-02-26T13:10:00+07:00,2026-02-26T13:50:00+07:00,BUY,5197.96,5192.28,5237.8,SL,-5.88,S419 BUY Orochi BREAKOUT@VAH 7R,BREAKOUT@VAH val=5161.14 vah=5196.53 poc=5184.14 vwap=5175.02
2026-02-26T17:35:00+07:00,2026-02-26T18:05:00+07:00,SELL,5176.33,5180.37,5146.93,BE,-0.2,S419 SELL Orochi BREAKOUT@VAL 7R,BREAKOUT@VAL val=5177.33 vah=5195.52 poc=5184.91 vwap=5182.24
2026-02-26T18:10:00+07:00,2026-02-26T18:25:00+07:00,SELL,5175.84,5179.6,5149.84,BE,-0.2,S419 SELL Orochi BREAKOUT@VAL 7R,BREAKOUT@VAL val=5177.46 vah=5194.07 poc=5184.38 vwap=5183.92
2026-02-26T18:30:00+07:00,2026-02-26T18:40:00+07:00,SELL,5173.32,5177.35,5144.95,BE,-0.2,S419 SELL Orochi BREAKOUT@VAL 7R,BREAKOUT@VAL val=5178.22 vah=5194.45 poc=5184.01 vwap=5185.12
2026-02-26T18:45:00+07:00,2026-02-26T19:15:00+07:00,SELL,5171.48,5176.13,5138.85,BE,-0.2,S419 SELL Orochi BREAKOUT@VAL 7R,BREAKOUT@VAL val=5178.22 vah=5194.45 poc=5184.01 vwap=5185.24
2026-02-26T19:20:00+07:00,2026-02-26T19:25:00+07:00,SELL,5176.41,5177.69,5167.61,SL,-1.48,S419 SELL Orochi BREAKOUT@VAL 7R,BREAKOUT@VAL val=5178.22 vah=5194.45 poc=5184.01 vwap=5185.45
2026-02-26T20:45:00+07:00,2026-02-26T20:55:00+07:00,SELL,5168.73,5176.12,5116.92,BE,-0.2,S419 SELL Orochi BREAKOUT@VAL 7R,BREAKOUT@VAL val=5169.88 vah=5199.76 poc=5186.32 vwap=5186.92
2026-02-26T21:00:00+07:00,2026-02-26T21:10:00+07:00,SELL,5165.94,5173.15,5115.55,BE,-0.2,S419 SELL Orochi BREAKOUT@VAL 7R,BREAKOUT@VAL val=5169.88 vah=5199.76 poc=5186.32 vwap=5186.92
2026-02-26T21:15:00+07:00,2026-02-26T21:25:00+07:00,SELL,5167.0,5170.49,5142.49,BE,-0.2,S419 SELL Orochi BREAKOUT@VAL 7R,BREAKOUT@VAL val=5169.88 vah=5199.76 poc=5186.32 vwap=5186.92
2026-02-26T21:35:00+07:00,2026-02-26T21:45:00+07:00,SELL,5166.06,5176.77,5093.81,BE,-0.2,S419 SELL Orochi BREAKOUT@VAL 7R,BREAKOUT@VAL val=5169.88 vah=5199.76 poc=5186.32 vwap=5186.92
2026-02-26T21:55:00+07:00,2026-02-26T22:05:00+07:00,SELL,5164.87,5175.72,5091.24,BE,-0.2,S419 SELL Orochi BREAKOUT@VAL 7R,BREAKOUT@VAL val=5169.88 vah=5199.76 poc=5186.32 vwap=5186.92
2026-02-26T22:10:00+07:00,2026-02-26T22:35:00+07:00,SELL,5162.35,5174.12,5080.04,BE,-0.2,S419 SELL Orochi BREAKOUT@VAL 7R,BREAKOUT@VAL val=5169.88 vah=5199.76 poc=5186.32 vwap=5186.92
2026-02-27T00:55:00+07:00,2026-02-27T01:10:00+07:00,SELL,5167.49,5174.64,5115.36,BE,-0.2,S419 SELL Orochi BREAKOUT@VAL 7R,BREAKOUT@VAL val=5169.88 vah=5199.76 poc=5186.32 vwap=5186.92
2026-02-27T16:55:00+07:00,2026-02-27T17:05:00+07:00,SELL,5176.03,5178.57,5157.45,BE,-0.2,S419 SELL Orochi BREAKOUT@VAL 7R,BREAKOUT@VAL val=5176.43 vah=5197.22 poc=5187.86 vwap=5184.26
2026-02-27T17:10:00+07:00,2026-02-27T17:15:00+07:00,SELL,5174.34,5177.46,5153.62,SL,-3.32,S419 SELL Orochi BREAKOUT@VAL 7R,BREAKOUT@VAL val=5176.43 vah=5197.22 poc=5187.86 vwap=5184.56
2026-02-27T17:35:00+07:00,2026-02-27T17:45:00+07:00,SELL,5174.38,5177.66,5151.5,BE,-0.2,S419 SELL Orochi BREAKOUT@VAL 7R,BREAKOUT@VAL val=5175.75 vah=5195.61 poc=5184.69 vwap=5185.43
2026-02-27T18:00:00+07:00,2026-02-27T18:10:00+07:00,SELL,5175.94,5179.36,5152.16,BE,-0.2,S419 SELL Orochi BREAKOUT@VAL 7R,BREAKOUT@VAL val=5177.74 vah=5197.60 poc=5184.69 vwap=5185.55
2026-02-27T18:15:00+07:00,2026-02-27T18:25:00+07:00,SELL,5174.22,5179.6,5135.68,BE,-0.2,S419 SELL Orochi BREAKOUT@VAL 7R,BREAKOUT@VAL val=5177.74 vah=5197.60 poc=5184.69 vwap=5185.49
2026-02-27T20:30:00+07:00,2026-02-27T20:35:00+07:00,BUY,5225.37,5218.72,5272.0,SL,-6.85,S419 BUY Orochi BREAKOUT@VAH 7R,BREAKOUT@VAH val=5171.54 vah=5194.95 poc=5178.85 vwap=5179.93
2026-02-27T20:40:00+07:00,2026-02-27T20:50:00+07:00,BUY,5216.58,5205.71,5293.47,BE,-0.2,S419 BUY Orochi BREAKOUT@VAH 7R,BREAKOUT@VAH val=5171.54 vah=5194.95 poc=5178.85 vwap=5179.93
2026-02-27T20:55:00+07:00,2026-02-27T21:05:00+07:00,BUY,5222.95,5208.71,5324.39,BE,-0.2,S419 BUY Orochi BREAKOUT@VAH 7R,BREAKOUT@VAH val=5171.54 vah=5194.95 poc=5178.85 vwap=5179.93
2026-02-27T21:10:00+07:00,2026-02-27T21:25:00+07:00,BUY,5226.64,5214.73,5309.85,BE,-0.2,S419 BUY Orochi BREAKOUT@VAH 7R,BREAKOUT@VAH val=5171.54 vah=5194.95 poc=5178.85 vwap=5179.93
2026-02-27T21:30:00+07:00,2026-02-27T21:40:00+07:00,BUY,5223.62,5215.81,5278.21,BE,-0.2,S419 BUY Orochi BREAKOUT@VAH 7R,BREAKOUT@VAH val=5171.54 vah=5194.95 poc=5178.85 vwap=5179.93
2026-02-27T21:45:00+07:00,2026-02-27T21:55:00+07:00,BUY,5222.86,5211.5,5303.02,BE,-0.2,S419 BUY Orochi BREAKOUT@VAH 7R,BREAKOUT@VAH val=5171.54 vah=5194.95 poc=5178.85 vwap=5179.93
2026-02-27T22:00:00+07:00,2026-02-27T22:15:00+07:00,BUY,5222.65,5217.57,5258.13,BE,-0.2,S419 BUY Orochi BREAKOUT@VAH 7R,BREAKOUT@VAH val=5171.54 vah=5194.95 poc=5178.85 vwap=5179.93
2026-02-27T22:20:00+07:00,2026-02-28T03:20:00+07:00,BUY,5219.21,5213.41,5260.05,TP,40.64,S419 BUY Orochi BREAKOUT@VAH 7R,BREAKOUT@VAH val=5171.54 vah=5194.95 poc=5178.85 vwap=5179.93
2026-02-28T03:25:00+07:00,2026-02-28T03:35:00+07:00,BUY,5257.01,5253.25,5283.09,BE,-0.2,S419 BUY Orochi BREAKOUT@VAH 7R,BREAKOUT@VAH val=5171.54 vah=5194.95 poc=5178.85 vwap=5179.93
2026-02-28T03:40:00+07:00,2026-02-28T04:00:00+07:00,BUY,5259.95,5253.82,5303.74,BE,-0.2,S419 BUY Orochi BREAKOUT@VAH 7R,BREAKOUT@VAH val=5171.54 vah=5194.95 poc=5178.85 vwap=5179.93
2026-02-28T04:05:00+07:00,2026-02-28T04:15:00+07:00,BUY,5261.19,5257.01,5290.61,BE,-0.2,S419 BUY Orochi BREAKOUT@VAH 7R,BREAKOUT@VAH val=5171.54 vah=5194.95 poc=5178.85 vwap=5179.93
2026-02-28T04:20:00+07:00,2026-02-28T04:30:00+07:00,BUY,5261.63,5255.97,5300.69,BE,-0.2,S419 BUY Orochi BREAKOUT@VAH 7R,BREAKOUT@VAH val=5171.54 vah=5194.95 poc=5178.85 vwap=5179.93
2026-02-28T04:55:00+07:00,2026-03-02T06:05:00+07:00,BUY,5359.22,5275.75,5295.03,TP,-64.39,S419 BUY Orochi BREAKOUT@VAH 7R,BREAKOUT@VAH val=5171.54 vah=5194.95 poc=5178.85 vwap=5179.93
2026-03-02T21:50:00+07:00,2026-03-02T22:05:00+07:00,SELL,5336.89,5356.46,5198.06,BE,-0.2,S419 SELL Orochi BREAKOUT@VAL 7R,BREAKOUT@VAL val=5341.76 vah=5404.63 poc=5392.54 vwap=5369.28
2026-03-02T22:10:00+07:00,2026-03-02T22:20:00+07:00,SELL,5333.79,5352.52,5202.2,BE,-0.2,S419 SELL Orochi BREAKOUT@VAL 7R,BREAKOUT@VAL val=5341.76 vah=5404.63 poc=5392.54 vwap=5369.28
2026-03-02T22:25:00+07:00,2026-03-02T22:30:00+07:00,SELL,5330.99,5344.87,5233.91,SL,-14.08,S419 SELL Orochi BREAKOUT@VAL 7R,BREAKOUT@VAL val=5341.76 vah=5404.63 poc=5392.54 vwap=5369.28
2026-03-02T22:50:00+07:00,2026-03-03T02:10:00+07:00,SELL,5333.28,5349.34,5220.38,BE,-0.2,S419 SELL Orochi BREAKOUT@VAL 7R,BREAKOUT@VAL val=5341.76 vah=5404.63 poc=5392.54 vwap=5369.28
2026-03-03T02:15:00+07:00,2026-03-03T02:25:00+07:00,SELL,5325.37,5335.45,5254.89,BE,-0.2,S419 SELL Orochi BREAKOUT@VAL 7R,BREAKOUT@VAL val=5341.76 vah=5404.63 poc=5392.54 vwap=5369.28
2026-03-03T02:30:00+07:00,2026-03-03T02:40:00+07:00,SELL,5330.29,5335.04,5299.12,BE,-0.2,S419 SELL Orochi BREAKOUT@VAL 7R,BREAKOUT@VAL val=5341.76 vah=5404.63 poc=5392.54 vwap=5369.28
2026-03-03T02:45:00+07:00,2026-03-03T02:55:00+07:00,SELL,5328.17,5333.0,5294.92,BE,-0.2,S419 SELL Orochi BREAKOUT@VAL 7R,BREAKOUT@VAL val=5341.76 vah=5404.63 poc=5392.54 vwap=5369.28
2026-03-03T03:00:00+07:00,2026-03-03T03:05:00+07:00,SELL,5331.34,5335.24,5303.88,SL,-4.1,S419 SELL Orochi BREAKOUT@VAL 7R,BREAKOUT@VAL val=5341.76 vah=5404.63 poc=5392.54 vwap=5369.28
2026-03-03T03:10:00+07:00,2026-03-03T03:20:00+07:00,SELL,5337.62,5348.27,5262.99,BE,-0.2,S419 SELL Orochi BREAKOUT@VAL 7R,BREAKOUT@VAL val=5341.76 vah=5404.63 poc=5392.54 vwap=5369.28
2026-03-03T03:30:00+07:00,2026-03-03T03:50:00+07:00,SELL,5337.66,5348.51,5261.79,BE,-0.2,S419 SELL Orochi BREAKOUT@VAL 7R,BREAKOUT@VAL val=5341.76 vah=5404.63 poc=5392.54 vwap=5369.28
2026-03-03T03:55:00+07:00,2026-03-03T04:40:00+07:00,SELL,5332.49,5344.76,5245.4,BE,-0.2,S419 SELL Orochi BREAKOUT@VAL 7R,BREAKOUT@VAL val=5341.76 vah=5404.63 poc=5392.54 vwap=5369.28
2026-03-03T04:45:00+07:00,2026-03-03T06:00:00+07:00,SELL,5327.25,5333.98,5282.3,BE,-0.2,S419 SELL Orochi BREAKOUT@VAL 7R,BREAKOUT@VAL val=5341.76 vah=5404.63 poc=5392.54 vwap=5369.28
2026-03-03T06:10:00+07:00,2026-03-03T06:50:00+07:00,SELL,5338.98,5348.48,5270.8,BE,-0.2,S419 SELL Orochi BREAKOUT@VAL 7R,BREAKOUT@VAL val=5341.76 vah=5404.63 poc=5392.54 vwap=5369.28
2026-03-03T12:55:00+07:00,2026-03-03T13:05:00+07:00,SELL,5319.18,5332.07,5229.35,BE,-0.2,S419 SELL Orochi BREAKOUT@VAL 7R,BREAKOUT@VAL val=5341.76 vah=5404.63 poc=5392.54 vwap=5369.28
2026-03-03T13:15:00+07:00,2026-03-03T13:25:00+07:00,SELL,5302.78,5317.94,5196.9,SL,-15.36,S419 SELL Orochi BREAKOUT@VAL 7R,BREAKOUT@VAL val=5341.76 vah=5404.63 poc=5392.54 vwap=5369.28
2026-03-03T13:30:00+07:00,2026-03-03T13:40:00+07:00,SELL,5314.02,5323.43,5247.91,BE,-0.2,S419 SELL Orochi BREAKOUT@VAL 7R,BREAKOUT@VAL val=5341.76 vah=5404.63 poc=5392.54 vwap=5369.28
2026-03-03T13:45:00+07:00,2026-03-03T13:55:00+07:00,SELL,5304.08,5319.27,5197.83,BE,-0.2,S419 SELL Orochi BREAKOUT@VAL 7R,BREAKOUT@VAL val=5341.76 vah=5404.63 poc=5392.54 vwap=5369.28
2026-03-03T14:00:00+07:00,2026-03-03T14:10:00+07:00,SELL,5314.07,5319.69,5274.65,BE,-0.2,S419 SELL Orochi BREAKOUT@VAL 7R,BREAKOUT@VAL val=5341.76 vah=5404.63 poc=5392.54 vwap=5369.28
2026-03-03T14:15:00+07:00,2026-03-03T14:25:00+07:00,SELL,5317.11,5323.43,5272.47,BE,-0.2,S419 SELL Orochi BREAKOUT@VAL 7R,BREAKOUT@VAL val=5341.76 vah=5404.63 poc=5392.54 vwap=5369.28
2026-03-03T14:30:00+07:00,2026-03-03T14:35:00+07:00,SELL,5320.63,5323.19,5299.67,SL,-2.76,S419 SELL Orochi BREAKOUT@VAL 7R,BREAKOUT@VAL val=5341.76 vah=5404.63 poc=5392.54 vwap=5369.28
2026-03-03T14:40:00+07:00,2026-03-03T14:50:00+07:00,SELL,5326.47,5330.76,5298.36,BE,-0.2,S419 SELL Orochi BREAKOUT@VAL 7R,BREAKOUT@VAL val=5341.76 vah=5404.63 poc=5392.54 vwap=5369.28
2026-03-03T14:55:00+07:00,2026-03-03T15:05:00+07:00,SELL,5327.45,5333.24,5289.24,BE,-0.2,S419 SELL Orochi BREAKOUT@VAL 7R,BREAKOUT@VAL val=5341.76 vah=5404.63 poc=5392.54 vwap=5369.28
2026-03-03T15:15:00+07:00,2026-03-03T15:20:00+07:00,SELL,5327.62,5329.65,5313.81,TP,13.61,S419 SELL Orochi BREAKOUT@VAL 7R,BREAKOUT@VAL val=5341.76 vah=5404.63 poc=5392.54 vwap=5369.28
2026-03-03T15:40:00+07:00,2026-03-03T16:25:00+07:00,SELL,5305.16,5314.23,5242.07,TP,62.89,S419 SELL Orochi BREAKOUT@VAL 7R,BREAKOUT@VAL val=5341.76 vah=5404.63 poc=5392.54 vwap=5369.28
2026-03-03T16:30:00+07:00,2026-03-03T16:40:00+07:00,SELL,5266.66,5289.45,5106.89,BE,-0.2,S419 SELL Orochi BREAKOUT@VAL 7R,BREAKOUT@VAL val=5346.60 vah=5409.47 poc=5392.54 vwap=5369.80
2026-03-03T16:45:00+07:00,2026-03-03T16:50:00+07:00,SELL,5263.99,5275.29,5184.97,SL,-11.5,S419 SELL Orochi BREAKOUT@VAL 7R,BREAKOUT@VAL val=5346.60 vah=5409.47 poc=5392.54 vwap=5370.60
2026-03-03T16:55:00+07:00,2026-03-03T17:00:00+07:00,SELL,5275.27,5285.22,5205.46,SL,-10.15,S419 SELL Orochi BREAKOUT@VAL 7R,BREAKOUT@VAL val=5351.43 vah=5414.30 poc=5392.54 vwap=5370.63
2026-03-03T17:05:00+07:00,2026-03-03T17:20:00+07:00,SELL,5275.37,5292.45,5155.73,BE,-0.2,S419 SELL Orochi BREAKOUT@VAL 7R,BREAKOUT@VAL val=5351.43 vah=5414.30 poc=5392.54 vwap=5370.36
2026-03-03T17:25:00+07:00,2026-03-03T18:05:00+07:00,SELL,5276.71,5285.62,5214.98,TP,61.53,S419 SELL Orochi BREAKOUT@VAL 7R,BREAKOUT@VAL val=5351.43 vah=5414.30 poc=5392.54 vwap=5370.00
2026-03-03T18:15:00+07:00,2026-03-03T18:25:00+07:00,SELL,5204.13,5215.72,5122.84,TP,81.09,S419 SELL Orochi BREAKOUT@VAL 7R,BREAKOUT@VAL val=5351.43 vah=5419.14 poc=5392.54 vwap=5370.80
2026-03-03T18:35:00+07:00,2026-03-03T18:45:00+07:00,SELL,5132.75,5151.45,5000.01,BE,-0.2,S419 SELL Orochi BREAKOUT@VAL 7R,BREAKOUT@VAL val=5351.43 vah=5419.14 poc=5392.54 vwap=5373.12
2026-03-03T18:50:00+07:00,2026-03-03T19:00:00+07:00,SELL,5152.44,5161.57,5087.65,BE,-0.2,S419 SELL Orochi BREAKOUT@VAL 7R,BREAKOUT@VAL val=5355.42 vah=5419.14 poc=5391.53 vwap=5375.51
2026-03-03T19:05:00+07:00,2026-03-03T19:10:00+07:00,SELL,5177.18,5188.41,5097.69,SL,-11.43,S419 SELL Orochi BREAKOUT@VAL 7R,BREAKOUT@VAL val=5359.67 vah=5419.14 poc=5391.53 vwap=5377.37
2026-03-03T19:15:00+07:00,2026-03-03T19:25:00+07:00,SELL,5191.84,5203.94,5107.22,BE,-0.2,S419 SELL Orochi BREAKOUT@VAL 7R,BREAKOUT@VAL val=5359.67 vah=5419.14 poc=5391.53 vwap=5378.53
2026-03-03T19:30:00+07:00,2026-03-03T19:40:00+07:00,SELL,5199.42,5219.04,5064.4,BE,-0.2,S419 SELL Orochi BREAKOUT@VAL 7R,BREAKOUT@VAL val=5361.12 vah=5419.14 poc=5394.00 vwap=5380.57
2026-03-03T19:45:00+07:00,2026-03-03T19:55:00+07:00,SELL,5202.41,5216.5,5103.86,BE,-0.2,S419 SELL Orochi BREAKOUT@VAL 7R,BREAKOUT@VAL val=5362.57 vah=5419.14 poc=5390.86 vwap=5381.91
2026-03-03T20:10:00+07:00,2026-03-03T20:20:00+07:00,SELL,5163.82,5188.24,4992.8,BE,-0.2,S419 SELL Orochi BREAKOUT@VAL 7R,BREAKOUT@VAL val=5274.12 vah=5373.75 poc=5338.17 vwap=5307.94
2026-03-03T20:25:00+07:00,2026-03-03T20:35:00+07:00,SELL,5177.96,5189.78,5094.98,BE,-0.2,S419 SELL Orochi BREAKOUT@VAL 7R,BREAKOUT@VAL val=5274.12 vah=5373.75 poc=5338.17 vwap=5307.94
2026-03-03T20:40:00+07:00,2026-03-03T20:55:00+07:00,SELL,5156.2,5184.97,4954.09,BE,-0.2,S419 SELL Orochi BREAKOUT@VAL 7R,BREAKOUT@VAL val=5274.12 vah=5373.75 poc=5338.17 vwap=5307.94
2026-03-03T21:00:00+07:00,2026-03-03T21:05:00+07:00,SELL,5159.13,5173.19,5061.03,SL,-14.26,S419 SELL Orochi BREAKOUT@VAL 7R,BREAKOUT@VAL val=5274.12 vah=5373.75 poc=5338.17 vwap=5307.94
2026-03-03T21:10:00+07:00,2026-03-03T21:45:00+07:00,SELL,5165.13,5181.23,5053.47,TP,111.46,S419 SELL Orochi BREAKOUT@VAL 7R,BREAKOUT@VAL val=5274.12 vah=5373.75 poc=5338.17 vwap=5307.94
2026-03-03T21:50:00+07:00,2026-03-03T22:00:00+07:00,SELL,5047.98,5082.23,4813.43,BE,-0.2,S419 SELL Orochi BREAKOUT@VAL 7R,BREAKOUT@VAL val=5274.12 vah=5373.75 poc=5338.17 vwap=5307.94
2026-03-03T22:05:00+07:00,2026-03-03T22:20:00+07:00,SELL,5045.78,5076.72,4829.28,BE,-0.2,S419 SELL Orochi BREAKOUT@VAL 7R,BREAKOUT@VAL val=5274.12 vah=5373.75 poc=5338.17 vwap=5307.94
2026-03-03T22:25:00+07:00,2026-03-03T22:30:00+07:00,SELL,5044.12,5061.86,4920.9,SL,-17.94,S419 SELL Orochi BREAKOUT@VAL 7R,BREAKOUT@VAL val=5274.12 vah=5373.75 poc=5338.17 vwap=5307.94
2026-03-03T22:35:00+07:00,2026-03-03T22:45:00+07:00,SELL,5067.44,5077.78,4994.82,BE,-0.2,S419 SELL Orochi BREAKOUT@VAL 7R,BREAKOUT@VAL val=5274.12 vah=5373.75 poc=5338.17 vwap=5307.94
2026-03-03T22:50:00+07:00,2026-03-03T22:55:00+07:00,SELL,5081.39,5093.65,4996.77,SL,-12.46,S419 SELL Orochi BREAKOUT@VAL 7R,BREAKOUT@VAL val=5274.12 vah=5373.75 poc=5338.17 vwap=5307.94
2026-03-03T23:00:00+07:00,2026-03-03T23:05:00+07:00,SELL,5108.67,5117.77,5044.09,SL,-9.3,S419 SELL Orochi BREAKOUT@VAL 7R,BREAKOUT@VAL val=5274.12 vah=5373.75 poc=5338.17 vwap=5307.94
2026-03-03T23:10:00+07:00,2026-03-03T23:20:00+07:00,SELL,5108.07,5129.15,4961.15,BE,-0.2,S419 SELL Orochi BREAKOUT@VAL 7R,BREAKOUT@VAL val=5274.12 vah=5373.75 poc=5338.17 vwap=5307.94
2026-03-03T23:25:00+07:00,2026-03-03T23:35:00+07:00,SELL,5112.83,5131.35,4983.27,BE,-0.2,S419 SELL Orochi BREAKOUT@VAL 7R,BREAKOUT@VAL val=5274.12 vah=5373.75 poc=5338.17 vwap=5307.94
2026-03-03T23:40:00+07:00,2026-03-03T23:50:00+07:00,SELL,5111.43,5139.1,4917.66,BE,-0.2,S419 SELL Orochi BREAKOUT@VAL 7R,BREAKOUT@VAL val=5274.12 vah=5373.75 poc=5338.17 vwap=5307.94
2026-03-03T23:55:00+07:00,2026-03-04T00:15:00+07:00,SELL,5106.79,5118.0,5028.24,BE,-0.2,S419 SELL Orochi BREAKOUT@VAL 7R,BREAKOUT@VAL val=5274.12 vah=5373.75 poc=5338.17 vwap=5307.94
2026-03-04T00:20:00+07:00,2026-03-04T01:05:00+07:00,SELL,5095.75,5113.71,4969.87,BE,-0.2,S419 SELL Orochi BREAKOUT@VAL 7R,BREAKOUT@VAL val=5274.12 vah=5373.75 poc=5338.17 vwap=5307.94
2026-03-04T01:10:00+07:00,2026-03-04T01:25:00+07:00,SELL,5103.49,5107.39,5075.23,BE,-0.2,S419 SELL Orochi BREAKOUT@VAL 7R,BREAKOUT@VAL val=5274.12 vah=5373.75 poc=5338.17 vwap=5307.94
2026-03-04T01:30:00+07:00,2026-03-04T01:35:00+07:00,SELL,5116.1,5121.8,5079.08,SL,-5.9,S419 SELL Orochi BREAKOUT@VAL 7R,BREAKOUT@VAL val=5274.12 vah=5373.75 poc=5338.17 vwap=5307.94
2026-03-04T01:40:00+07:00,2026-03-04T01:50:00+07:00,SELL,5133.52,5140.36,5084.76,BE,-0.2,S419 SELL Orochi BREAKOUT@VAL 7R,BREAKOUT@VAL val=5274.12 vah=5373.75 poc=5338.17 vwap=5307.94
2026-03-04T01:55:00+07:00,2026-03-04T02:00:00+07:00,SELL,5136.03,5141.07,5101.47,SL,-5.24,S419 SELL Orochi BREAKOUT@VAL 7R,BREAKOUT@VAL val=5274.12 vah=5373.75 poc=5338.17 vwap=5307.94
2026-03-04T02:15:00+07:00,2026-03-04T02:35:00+07:00,SELL,5113.86,5130.88,4994.4,BE,-0.2,S419 SELL Orochi BREAKOUT@VAL 7R,BREAKOUT@VAL val=5274.12 vah=5373.75 poc=5338.17 vwap=5307.94
2026-03-04T02:40:00+07:00,2026-03-04T02:45:00+07:00,SELL,5118.98,5122.13,5096.61,SL,-3.35,S419 SELL Orochi BREAKOUT@VAL 7R,BREAKOUT@VAL val=5274.12 vah=5373.75 poc=5338.17 vwap=5307.94
2026-03-04T02:50:00+07:00,2026-03-04T03:00:00+07:00,SELL,5120.68,5131.35,5046.39,BE,-0.2,S419 SELL Orochi BREAKOUT@VAL 7R,BREAKOUT@VAL val=5274.12 vah=5373.75 poc=5338.17 vwap=5307.94
2026-03-04T03:05:00+07:00,2026-03-04T03:20:00+07:00,SELL,5114.66,5130.28,5004.6,SL,-15.82,S419 SELL Orochi BREAKOUT@VAL 7R,BREAKOUT@VAL val=5274.12 vah=5373.75 poc=5338.17 vwap=5307.94
2026-03-04T03:25:00+07:00,2026-03-04T06:15:00+07:00,SELL,5123.12,5133.34,5051.1,BE,-0.2,S419 SELL Orochi BREAKOUT@VAL 7R,BREAKOUT@VAL val=5274.12 vah=5373.75 poc=5338.17 vwap=5307.94
2026-03-04T06:20:00+07:00,2026-03-04T06:30:00+07:00,SELL,5124.18,5130.9,5076.34,BE,-0.2,S419 SELL Orochi BREAKOUT@VAL 7R,BREAKOUT@VAL val=5274.12 vah=5373.75 poc=5338.17 vwap=5307.94
2026-03-04T06:35:00+07:00,2026-03-04T07:10:00+07:00,SELL,5118.03,5130.98,5026.74,BE,-0.2,S419 SELL Orochi BREAKOUT@VAL 7R,BREAKOUT@VAL val=5274.12 vah=5373.75 poc=5338.17 vwap=5307.94
2026-03-04T07:15:00+07:00,2026-03-04T07:25:00+07:00,SELL,5126.17,5129.59,5101.67,BE,-0.2,S419 SELL Orochi BREAKOUT@VAL 7R,BREAKOUT@VAL val=5274.12 vah=5373.75 poc=5338.17 vwap=5307.94
2026-03-04T07:30:00+07:00,2026-03-04T07:40:00+07:00,SELL,5124.14,5132.79,5069.43,BE,-0.2,S419 SELL Orochi BREAKOUT@VAL 7R,BREAKOUT@VAL val=5274.12 vah=5373.75 poc=5338.17 vwap=5306.64
2026-03-04T07:45:00+07:00,2026-03-04T08:00:00+07:00,SELL,5139.83,5142.46,5121.5,BE,-0.2,S419 SELL Orochi BREAKOUT@VAL 7R,BREAKOUT@VAL val=5288.35 vah=5373.75 poc=5338.17 vwap=5305.37
2026-03-04T08:05:00+07:00,2026-03-04T08:10:00+07:00,SELL,5152.7,5161.32,5092.44,SL,-8.82,S419 SELL Orochi BREAKOUT@VAL 7R,BREAKOUT@VAL val=5277.01 vah=5371.36 poc=5337.66 vwap=5303.63
2026-03-04T08:15:00+07:00,2026-03-04T08:40:00+07:00,SELL,5162.85,5167.07,5133.63,BE,-0.2,S419 SELL Orochi BREAKOUT@VAL 7R,BREAKOUT@VAL val=5288.42 vah=5381.86 poc=5335.14 vwap=5302.92
2026-03-04T08:45:00+07:00,2026-03-04T08:50:00+07:00,SELL,5173.73,5177.15,5149.71,SL,-3.62,S419 SELL Orochi BREAKOUT@VAL 7R,BREAKOUT@VAL val=5290.89 vah=5379.85 poc=5335.37 vwap=5300.93
2026-03-04T08:55:00+07:00,2026-03-04T09:05:00+07:00,SELL,5175.05,5181.66,5128.86,BE,-0.2,S419 SELL Orochi BREAKOUT@VAL 7R,BREAKOUT@VAL val=5290.89 vah=5379.85 poc=5335.37 vwap=5300.55
2026-03-04T09:10:00+07:00,2026-03-04T09:35:00+07:00,SELL,5190.01,5193.75,5163.99,TP,25.82,S419 SELL Orochi BREAKOUT@VAL 7R,BREAKOUT@VAL val=5290.89 vah=5379.85 poc=5335.37 vwap=5299.73
2026-03-04T09:40:00+07:00,2026-03-04T09:55:00+07:00,SELL,5179.94,5182.59,5159.47,TP,20.27,S419 SELL Orochi BREAKOUT@VAL 7R,BREAKOUT@VAL val=5290.89 vah=5379.85 poc=5297.25 vwap=5298.50
2026-03-04T10:05:00+07:00,2026-03-04T10:20:00+07:00,SELL,5152.46,5162.91,5079.55,SL,-10.65,S419 SELL Orochi BREAKOUT@VAL 7R,BREAKOUT@VAL val=5290.89 vah=5379.85 poc=5297.25 vwap=5297.19
2026-03-04T10:25:00+07:00,2026-03-04T10:40:00+07:00,SELL,5162.44,5170.65,5105.37,BE,-0.2,S419 SELL Orochi BREAKOUT@VAL 7R,BREAKOUT@VAL val=5290.89 vah=5379.85 poc=5297.25 vwap=5297.00
2026-03-04T10:45:00+07:00,2026-03-04T10:50:00+07:00,SELL,5166.71,5170.29,5143.01,SL,-3.78,S419 SELL Orochi BREAKOUT@VAL 7R,BREAKOUT@VAL val=5290.89 vah=5379.85 poc=5309.95 vwap=5297.01
2026-03-04T10:55:00+07:00,2026-03-04T11:05:00+07:00,SELL,5174.6,5179.98,5136.86,BE,-0.2,S419 SELL Orochi BREAKOUT@VAL 7R,BREAKOUT@VAL val=5290.89 vah=5379.85 poc=5309.95 vwap=5296.97
2026-03-04T11:10:00+07:00,2026-03-04T14:05:00+07:00,SELL,5174.07,5183.01,5111.57,BE,-0.2,S419 SELL Orochi BREAKOUT@VAL 7R,BREAKOUT@VAL val=5278.18 vah=5379.85 poc=5309.95 vwap=5296.91
2026-03-04T14:10:00+07:00,2026-03-04T14:20:00+07:00,SELL,5167.67,5178.91,5088.91,BE,-0.2,S419 SELL Orochi BREAKOUT@VAL 7R,BREAKOUT@VAL val=5265.48 vah=5379.85 poc=5360.79 vwap=5294.82
2026-03-04T14:25:00+07:00,2026-03-04T14:35:00+07:00,SELL,5167.61,5177.07,5102.35,BE,-0.2,S419 SELL Orochi BREAKOUT@VAL 7R,BREAKOUT@VAL val=5265.48 vah=5379.85 poc=5360.79 vwap=5294.28
2026-03-04T14:40:00+07:00,2026-03-04T14:45:00+07:00,SELL,5169.43,5175.42,5128.14,SL,-6.19,S419 SELL Orochi BREAKOUT@VAL 7R,BREAKOUT@VAL val=5265.48 vah=5379.85 poc=5360.79 vwap=5293.20
2026-03-04T14:50:00+07:00,2026-03-04T15:00:00+07:00,SELL,5171.56,5178.03,5125.71,BE,-0.2,S419 SELL Orochi BREAKOUT@VAL 7R,BREAKOUT@VAL val=5265.48 vah=5379.85 poc=5360.79 vwap=5292.55
2026-03-04T15:10:00+07:00,2026-03-04T15:20:00+07:00,SELL,5157.32,5162.65,5119.93,BE,-0.2,S419 SELL Orochi BREAKOUT@VAL 7R,BREAKOUT@VAL val=5265.48 vah=5379.85 poc=5360.79 vwap=5291.30
2026-03-04T15:25:00+07:00,2026-03-04T15:35:00+07:00,SELL,5162.8,5170.79,5106.47,BE,-0.2,S419 SELL Orochi BREAKOUT@VAL 7R,BREAKOUT@VAL val=5265.48 vah=5379.85 poc=5360.79 vwap=5290.67
2026-03-04T15:40:00+07:00,2026-03-04T15:45:00+07:00,SELL,5175.72,5178.31,5157.51,SL,-2.79,S419 SELL Orochi BREAKOUT@VAL 7R,BREAKOUT@VAL val=5265.48 vah=5379.85 poc=5360.79 vwap=5290.28
2026-03-04T15:50:00+07:00,2026-03-04T16:15:00+07:00,SELL,5174.63,5183.99,5108.95,BE,-0.2,S419 SELL Orochi BREAKOUT@VAL 7R,BREAKOUT@VAL val=5265.48 vah=5379.85 poc=5360.79 vwap=5290.04
2026-03-04T16:20:00+07:00,2026-03-04T16:35:00+07:00,SELL,5176.94,5180.72,5150.4,BE,-0.2,S419 SELL Orochi BREAKOUT@VAL 7R,BREAKOUT@VAL val=5265.48 vah=5379.85 poc=5360.79 vwap=5289.41
2026-03-04T16:40:00+07:00,2026-03-04T16:50:00+07:00,SELL,5182.57,5186.87,5152.39,BE,-0.2,S419 SELL Orochi BREAKOUT@VAL 7R,BREAKOUT@VAL val=5265.48 vah=5379.85 poc=5360.79 vwap=5288.85
2026-03-04T16:55:00+07:00,2026-03-04T17:00:00+07:00,SELL,5182.25,5185.67,5158.23,SL,-3.62,S419 SELL Orochi BREAKOUT@VAL 7R,BREAKOUT@VAL val=5265.48 vah=5379.85 poc=5360.79 vwap=5288.56
2026-03-04T17:05:00+07:00,2026-03-04T17:10:00+07:00,SELL,5194.8,5196.67,5182.11,SL,-2.07,S419 SELL Orochi BREAKOUT@VAL 7R,BREAKOUT@VAL val=5265.48 vah=5379.85 poc=5360.79 vwap=5288.32
2026-03-04T17:15:00+07:00,2026-03-04T17:55:00+07:00,SELL,5192.81,5204.34,5112.66,BE,-0.2,S419 SELL Orochi BREAKOUT@VAL 7R,BREAKOUT@VAL val=5252.77 vah=5379.85 poc=5360.79 vwap=5287.98
2026-03-04T18:00:00+07:00,2026-03-04T18:10:00+07:00,SELL,5191.25,5195.57,5160.93,BE,-0.2,S419 SELL Orochi BREAKOUT@VAL 7R,BREAKOUT@VAL val=5252.77 vah=5379.85 poc=5360.79 vwap=5286.06
2026-03-04T18:15:00+07:00,2026-03-04T18:25:00+07:00,SELL,5191.64,5198.34,5145.22,BE,-0.2,S419 SELL Orochi BREAKOUT@VAL 7R,BREAKOUT@VAL val=5252.77 vah=5379.85 poc=5360.79 vwap=5285.37
2026-03-04T18:30:00+07:00,2026-03-04T18:35:00+07:00,SELL,5198.14,5199.78,5186.58,SL,-1.84,S419 SELL Orochi BREAKOUT@VAL 7R,BREAKOUT@VAL val=5252.77 vah=5379.85 poc=5360.79 vwap=5283.64
2026-03-04T18:40:00+07:00,2026-03-04T18:55:00+07:00,SELL,5193.02,5201.97,5130.85,BE,-0.2,S419 SELL Orochi BREAKOUT@VAL 7R,BREAKOUT@VAL val=5252.77 vah=5379.85 poc=5360.79 vwap=5282.36
2026-03-04T19:00:00+07:00,2026-03-04T19:40:00+07:00,SELL,5201.47,5207.35,5160.07,TP,41.2,S419 SELL Orochi BREAKOUT@VAL 7R,BREAKOUT@VAL val=5250.29 vah=5375.60 poc=5319.21 vwap=5280.11
2026-03-04T19:45:00+07:00,2026-03-04T20:00:00+07:00,SELL,5171.88,5175.03,5149.99,BE,-0.2,S419 SELL Orochi BREAKOUT@VAL 7R,BREAKOUT@VAL val=5237.76 vah=5375.60 poc=5319.21 vwap=5274.55
2026-03-04T20:15:00+07:00,2026-03-04T20:20:00+07:00,BUY,5188.14,5184.48,5215.36,SL,-3.86,S419 BUY Orochi BREAKOUT@VAH 7R,BREAKOUT@VAH val=5100.88 vah=5186.55 poc=5162.75 vwap=5135.63
2026-03-04T20:30:00+07:00,2026-03-04T20:40:00+07:00,BUY,5188.32,5181.76,5234.16,BE,-0.2,S419 BUY Orochi BREAKOUT@VAH 7R,BREAKOUT@VAH val=5100.88 vah=5186.55 poc=5162.75 vwap=5135.63
2026-03-04T20:45:00+07:00,2026-03-04T20:50:00+07:00,BUY,5189.75,5179.66,5259.58,SL,-10.29,S419 BUY Orochi BREAKOUT@VAH 7R,BREAKOUT@VAH val=5100.88 vah=5186.55 poc=5162.75 vwap=5135.63
2026-03-05T15:20:00+07:00,2026-03-05T15:30:00+07:00,SELL,5145.78,5150.06,5114.06,BE,-0.2,S419 SELL Orochi BREAKOUT@VAL 7R,BREAKOUT@VAL val=5149.88 vah=5195.87 poc=5167.77 vwap=5159.83
2026-03-05T20:25:00+07:00,2026-03-05T20:35:00+07:00,SELL,5121.88,5135.78,5024.98,BE,-0.2,S419 SELL Orochi BREAKOUT@VAL 7R,BREAKOUT@VAL val=5138.15 vah=5181.78 poc=5161.78 vwap=5157.77
2026-03-05T20:40:00+07:00,2026-03-05T22:05:00+07:00,SELL,5131.45,5141.5,5061.58,TP,69.67,S419 SELL Orochi BREAKOUT@VAL 7R,BREAKOUT@VAL val=5138.15 vah=5181.78 poc=5161.78 vwap=5157.77
2026-03-05T22:10:00+07:00,2026-03-05T22:20:00+07:00,SELL,5085.05,5110.27,4907.31,BE,-0.2,S419 SELL Orochi BREAKOUT@VAL 7R,BREAKOUT@VAL val=5138.15 vah=5181.78 poc=5161.78 vwap=5157.77
2026-03-05T22:25:00+07:00,2026-03-05T22:35:00+07:00,SELL,5086.61,5093.52,5038.72,BE,-0.2,S419 SELL Orochi BREAKOUT@VAL 7R,BREAKOUT@VAL val=5138.15 vah=5181.78 poc=5161.78 vwap=5157.77
2026-03-05T22:40:00+07:00,2026-03-05T22:55:00+07:00,SELL,5080.38,5098.5,4953.62,SL,-18.32,S419 SELL Orochi BREAKOUT@VAL 7R,BREAKOUT@VAL val=5138.15 vah=5181.78 poc=5161.78 vwap=5157.77
2026-03-05T23:00:00+07:00,2026-03-06T03:15:00+07:00,SELL,5093.99,5108.59,4992.59,BE,-0.2,S419 SELL Orochi BREAKOUT@VAL 7R,BREAKOUT@VAL val=5138.15 vah=5181.78 poc=5161.78 vwap=5157.77
2026-03-06T03:25:00+07:00,2026-03-06T03:35:00+07:00,SELL,5080.57,5094.45,4983.25,BE,-0.2,S419 SELL Orochi BREAKOUT@VAL 7R,BREAKOUT@VAL val=5138.15 vah=5181.78 poc=5161.78 vwap=5157.77
2026-03-06T03:40:00+07:00,2026-03-06T03:50:00+07:00,SELL,5080.7,5084.08,5061.76,BE,-0.2,S419 SELL Orochi BREAKOUT@VAL 7R,BREAKOUT@VAL val=5138.15 vah=5181.78 poc=5161.78 vwap=5157.77
2026-03-06T03:55:00+07:00,2026-03-06T04:05:00+07:00,SELL,5076.67,5083.53,5028.09,BE,-0.2,S419 SELL Orochi BREAKOUT@VAL 7R,BREAKOUT@VAL val=5138.15 vah=5181.78 poc=5161.78 vwap=5157.77
2026-03-06T04:10:00+07:00,2026-03-06T04:40:00+07:00,SELL,5076.51,5086.29,5007.97,BE,-0.2,S419 SELL Orochi BREAKOUT@VAL 7R,BREAKOUT@VAL val=5138.15 vah=5181.78 poc=5161.78 vwap=5157.77
2026-03-06T04:45:00+07:00,2026-03-06T04:50:00+07:00,SELL,5077.46,5079.44,5063.52,SL,-2.18,S419 SELL Orochi BREAKOUT@VAL 7R,BREAKOUT@VAL val=5138.15 vah=5181.78 poc=5161.78 vwap=5157.77
2026-03-06T04:55:00+07:00,2026-03-06T06:00:00+07:00,SELL,5083.64,5086.39,5055.67,SL,-2.95,S419 SELL Orochi BREAKOUT@VAL 7R,BREAKOUT@VAL val=5138.15 vah=5181.78 poc=5161.78 vwap=5157.77
2026-03-06T06:05:00+07:00,2026-03-06T06:15:00+07:00,SELL,5085.87,5092.68,5037.96,BE,-0.2,S419 SELL Orochi BREAKOUT@VAL 7R,BREAKOUT@VAL val=5138.15 vah=5181.78 poc=5161.78 vwap=5157.77
2026-03-06T06:20:00+07:00,2026-03-06T06:30:00+07:00,SELL,5092.4,5098.43,5050.11,BE,-0.2,S419 SELL Orochi BREAKOUT@VAL 7R,BREAKOUT@VAL val=5138.15 vah=5181.78 poc=5161.78 vwap=5157.77
2026-03-06T06:35:00+07:00,2026-03-06T06:40:00+07:00,SELL,5095.8,5097.46,5084.42,SL,-1.86,S419 SELL Orochi BREAKOUT@VAL 7R,BREAKOUT@VAL val=5138.15 vah=5181.78 poc=5161.78 vwap=5157.77
2026-03-06T06:45:00+07:00,2026-03-06T08:00:00+07:00,SELL,5099.2,5103.45,5069.53,TP,29.47,S419 SELL Orochi BREAKOUT@VAL 7R,BREAKOUT@VAL val=5138.15 vah=5181.78 poc=5161.78 vwap=5157.77
2026-03-06T08:05:00+07:00,2026-03-06T08:15:00+07:00,SELL,5079.16,5087.15,5023.15,BE,-0.2,S419 SELL Orochi BREAKOUT@VAL 7R,BREAKOUT@VAL val=5137.69 vah=5180.61 poc=5164.51 vwap=5156.28
2026-03-06T08:20:00+07:00,2026-03-06T08:30:00+07:00,SELL,5080.36,5091.26,5004.14,SL,-11.1,S419 SELL Orochi BREAKOUT@VAL 7R,BREAKOUT@VAL val=5137.69 vah=5180.61 poc=5164.51 vwap=5155.92
2026-03-06T08:35:00+07:00,2026-03-06T08:40:00+07:00,SELL,5108.62,5111.75,5087.11,SL,-3.33,S419 SELL Orochi BREAKOUT@VAL 7R,BREAKOUT@VAL val=5137.69 vah=5180.61 poc=5164.51 vwap=5155.66
2026-03-06T08:45:00+07:00,2026-03-06T08:50:00+07:00,SELL,5121.68,5123.8,5101.08,SL,-2.32,S419 SELL Orochi BREAKOUT@VAL 7R,BREAKOUT@VAL val=5137.69 vah=5180.61 poc=5164.51 vwap=5155.54
2026-03-06T09:05:00+07:00,2026-03-06T09:15:00+07:00,SELL,5129.77,5141.38,5048.66,BE,-0.2,S419 SELL Orochi BREAKOUT@VAL 7R,BREAKOUT@VAL val=5134.11 vah=5177.03 poc=5164.51 vwap=5155.04
2026-03-06T09:20:00+07:00,2026-03-06T09:30:00+07:00,SELL,5129.49,5136.93,5077.33,BE,-0.2,S419 SELL Orochi BREAKOUT@VAL 7R,BREAKOUT@VAL val=5134.11 vah=5177.03 poc=5164.51 vwap=5155.12
2026-03-06T09:35:00+07:00,2026-03-06T09:45:00+07:00,SELL,5128.1,5134.16,5085.76,BE,-0.2,S419 SELL Orochi BREAKOUT@VAL 7R,BREAKOUT@VAL val=5134.11 vah=5177.03 poc=5164.51 vwap=5155.40
2026-03-06T09:50:00+07:00,2026-03-06T10:00:00+07:00,SELL,5124.79,5131.09,5080.85,BE,-0.2,S419 SELL Orochi BREAKOUT@VAL 7R,BREAKOUT@VAL val=5134.11 vah=5177.03 poc=5164.51 vwap=5155.43
2026-03-06T10:05:00+07:00,2026-03-06T10:10:00+07:00,SELL,5131.04,5134.71,5105.11,SL,-3.87,S419 SELL Orochi BREAKOUT@VAL 7R,BREAKOUT@VAL val=5137.69 vah=5180.61 poc=5164.51 vwap=5155.62
2026-03-06T10:30:00+07:00,2026-03-06T10:45:00+07:00,SELL,5132.77,5142.86,5062.78,BE,-0.2,S419 SELL Orochi BREAKOUT@VAL 7R,BREAKOUT@VAL val=5137.69 vah=5180.61 poc=5164.51 vwap=5155.79
2026-03-06T10:50:00+07:00,2026-03-06T11:00:00+07:00,SELL,5131.36,5136.06,5099.1,BE,-0.2,S419 SELL Orochi BREAKOUT@VAL 7R,BREAKOUT@VAL val=5134.11 vah=5180.61 poc=5164.51 vwap=5156.05
2026-03-06T11:20:00+07:00,2026-03-06T11:30:00+07:00,SELL,5130.63,5137.55,5082.35,BE,-0.2,S419 SELL Orochi BREAKOUT@VAL 7R,BREAKOUT@VAL val=5134.11 vah=5180.61 poc=5164.51 vwap=5156.32
2026-03-06T11:35:00+07:00,2026-03-06T11:45:00+07:00,SELL,5130.43,5134.5,5101.7,BE,-0.2,S419 SELL Orochi BREAKOUT@VAL 7R,BREAKOUT@VAL val=5137.69 vah=5187.77 poc=5164.51 vwap=5156.48
2026-03-06T11:50:00+07:00,2026-03-06T14:05:00+07:00,SELL,5133.14,5136.62,5108.7,TP,24.24,S419 SELL Orochi BREAKOUT@VAL 7R,BREAKOUT@VAL val=5141.26 vah=5187.77 poc=5164.51 vwap=5157.05
2026-03-06T14:10:00+07:00,2026-03-06T14:15:00+07:00,SELL,5111.37,5114.17,5091.61,SL,-3.0,S419 SELL Orochi BREAKOUT@VAL 7R,BREAKOUT@VAL val=5151.82 vah=5185.68 poc=5162.59 vwap=5162.68
2026-03-06T14:20:00+07:00,2026-03-06T14:25:00+07:00,SELL,5114.94,5118.68,5088.84,SL,-3.94,S419 SELL Orochi BREAKOUT@VAL 7R,BREAKOUT@VAL val=5151.82 vah=5185.68 poc=5162.59 vwap=5163.00
2026-03-06T14:30:00+07:00,2026-03-06T14:40:00+07:00,SELL,5113.77,5120.95,5063.43,BE,-0.2,S419 SELL Orochi BREAKOUT@VAL 7R,BREAKOUT@VAL val=5151.82 vah=5185.68 poc=5162.59 vwap=5163.33
2026-03-06T14:45:00+07:00,2026-03-06T14:50:00+07:00,SELL,5116.48,5118.18,5104.66,SL,-1.9,S419 SELL Orochi BREAKOUT@VAL 7R,BREAKOUT@VAL val=5151.82 vah=5182.60 poc=5162.59 vwap=5163.96
2026-03-06T14:55:00+07:00,2026-03-06T15:05:00+07:00,SELL,5119.59,5121.96,5102.84,BE,-0.2,S419 SELL Orochi BREAKOUT@VAL 7R,BREAKOUT@VAL val=5151.82 vah=5182.60 poc=5162.59 vwap=5164.19
2026-03-06T15:10:00+07:00,2026-03-06T20:30:00+07:00,SELL,5115.56,5124.34,5053.94,BE,-0.2,S419 SELL Orochi BREAKOUT@VAL 7R,BREAKOUT@VAL val=5151.82 vah=5182.60 poc=5162.59 vwap=5164.64
2026-03-06T20:40:00+07:00,2026-03-06T20:50:00+07:00,BUY,5121.75,5110.48,5198.88,SL,-11.47,S419 BUY Orochi BREAKOUT@VAH 7R,BREAKOUT@VAH val=5060.44 vah=5112.26 poc=5081.64 vwap=5095.23
2026-03-06T22:05:00+07:00,2026-03-06T22:15:00+07:00,BUY,5150.92,5124.44,5336.2,BE,-0.2,S419 BUY Orochi BREAKOUT@VAH 7R,BREAKOUT@VAH val=5060.44 vah=5112.26 poc=5081.64 vwap=5095.23
2026-03-06T22:20:00+07:00,2026-03-06T22:30:00+07:00,BUY,5166.04,5140.57,5345.37,BE,-0.2,S419 BUY Orochi BREAKOUT@VAH 7R,BREAKOUT@VAH val=5060.44 vah=5112.26 poc=5081.64 vwap=5095.23
2026-03-06T22:35:00+07:00,2026-03-06T22:45:00+07:00,BUY,5156.59,5149.6,5205.44,BE,-0.2,S419 BUY Orochi BREAKOUT@VAH 7R,BREAKOUT@VAH val=5060.44 vah=5112.26 poc=5081.64 vwap=5095.23
2026-03-06T22:50:00+07:00,2026-03-06T23:00:00+07:00,BUY,5142.04,5130.53,5224.93,BE,-0.2,S419 BUY Orochi BREAKOUT@VAH 7R,BREAKOUT@VAH val=5060.44 vah=5112.26 poc=5081.64 vwap=5095.23
2026-03-06T23:05:00+07:00,2026-03-06T23:10:00+07:00,BUY,5145.11,5136.9,5203.14,SL,-8.41,S419 BUY Orochi BREAKOUT@VAH 7R,BREAKOUT@VAH val=5060.44 vah=5112.26 poc=5081.64 vwap=5095.23
2026-03-06T23:15:00+07:00,2026-03-06T23:25:00+07:00,BUY,5149.13,5133.03,5261.75,BE,-0.2,S419 BUY Orochi BREAKOUT@VAH 7R,BREAKOUT@VAH val=5060.44 vah=5112.26 poc=5081.64 vwap=5095.23
2026-03-06T23:30:00+07:00,2026-03-06T23:35:00+07:00,BUY,5137.07,5130.52,5184.36,SL,-6.75,S419 BUY Orochi BREAKOUT@VAH 7R,BREAKOUT@VAH val=5060.44 vah=5112.26 poc=5081.64 vwap=5095.23
2026-03-06T23:50:00+07:00,2026-03-06T23:55:00+07:00,BUY,5140.38,5137.69,5160.17,SL,-2.89,S419 BUY Orochi BREAKOUT@VAH 7R,BREAKOUT@VAH val=5060.44 vah=5112.26 poc=5081.64 vwap=5095.23
2026-03-07T00:00:00+07:00,2026-03-07T00:15:00+07:00,BUY,5133.23,5127.55,5173.23,BE,-0.2,S419 BUY Orochi BREAKOUT@VAH 7R,BREAKOUT@VAH val=5060.44 vah=5112.26 poc=5081.64 vwap=5095.23
2026-03-07T00:20:00+07:00,2026-03-07T00:40:00+07:00,BUY,5143.96,5130.76,5236.2,BE,-0.2,S419 BUY Orochi BREAKOUT@VAH 7R,BREAKOUT@VAH val=5060.44 vah=5112.26 poc=5081.64 vwap=5095.23
2026-03-07T00:45:00+07:00,2026-03-07T00:55:00+07:00,BUY,5138.31,5132.11,5181.63,BE,-0.2,S419 BUY Orochi BREAKOUT@VAH 7R,BREAKOUT@VAH val=5060.44 vah=5112.26 poc=5081.64 vwap=5095.23
2026-03-07T01:00:00+07:00,2026-03-07T01:10:00+07:00,BUY,5141.84,5130.78,5219.02,BE,-0.2,S419 BUY Orochi BREAKOUT@VAH 7R,BREAKOUT@VAH val=5060.44 vah=5112.26 poc=5081.64 vwap=5095.23
2026-03-07T01:15:00+07:00,2026-03-07T02:10:00+07:00,BUY,5143.65,5139.93,5169.53,TP,25.68,S419 BUY Orochi BREAKOUT@VAH 7R,BREAKOUT@VAH val=5060.44 vah=5112.26 poc=5081.64 vwap=5095.23
2026-03-07T02:15:00+07:00,2026-03-07T02:25:00+07:00,BUY,5174.23,5164.78,5240.3,SL,-9.65,S419 BUY Orochi BREAKOUT@VAH 7R,BREAKOUT@VAH val=5060.44 vah=5112.26 poc=5081.64 vwap=5095.23
2026-03-07T02:30:00+07:00,2026-03-07T02:35:00+07:00,BUY,5165.28,5162.12,5187.56,SL,-3.36,S419 BUY Orochi BREAKOUT@VAH 7R,BREAKOUT@VAH val=5060.44 vah=5112.26 poc=5081.64 vwap=5095.23
2026-03-07T02:40:00+07:00,2026-03-07T03:00:00+07:00,BUY,5158.49,5156.13,5174.85,BE,-0.2,S419 BUY Orochi BREAKOUT@VAH 7R,BREAKOUT@VAH val=5060.44 vah=5112.26 poc=5081.64 vwap=5095.23
2026-03-07T03:05:00+07:00,2026-03-07T03:10:00+07:00,BUY,5159.05,5154.48,5191.52,SL,-4.77,S419 BUY Orochi BREAKOUT@VAH 7R,BREAKOUT@VAH val=5060.44 vah=5112.26 poc=5081.64 vwap=5095.23
2026-03-07T03:15:00+07:00,2026-03-07T03:25:00+07:00,BUY,5154.95,5152.51,5172.35,BE,-0.2,S419 BUY Orochi BREAKOUT@VAH 7R,BREAKOUT@VAH val=5060.44 vah=5112.26 poc=5081.64 vwap=5095.23
2026-03-07T03:30:00+07:00,2026-03-07T03:35:00+07:00,BUY,5151.17,5149.72,5161.24,SL,-1.65,S419 BUY Orochi BREAKOUT@VAH 7R,BREAKOUT@VAH val=5060.44 vah=5112.26 poc=5081.64 vwap=5095.23
2026-03-07T03:40:00+07:00,2026-03-07T03:50:00+07:00,BUY,5157.69,5148.27,5223.47,BE,-0.2,S419 BUY Orochi BREAKOUT@VAH 7R,BREAKOUT@VAH val=5060.44 vah=5112.26 poc=5081.64 vwap=5095.23
2026-03-07T03:55:00+07:00,2026-03-09T05:05:00+07:00,BUY,5153.44,5149.2,5183.04,BE,-0.2,S419 BUY Orochi BREAKOUT@VAH 7R,BREAKOUT@VAH val=5060.44 vah=5112.26 poc=5081.64 vwap=5095.23
2026-03-10T02:25:00+07:00,2026-03-10T02:30:00+07:00,BUY,5139.76,5132.38,5191.58,SL,-7.58,S419 BUY Orochi BREAKOUT@VAH 7R,BREAKOUT@VAH val=5066.91 vah=5125.58 poc=5096.24 vwap=5095.67
2026-03-10T02:35:00+07:00,2026-03-10T02:45:00+07:00,BUY,5130.17,5123.39,5177.23,BE,-0.2,S419 BUY Orochi BREAKOUT@VAH 7R,BREAKOUT@VAH val=5066.91 vah=5125.58 poc=5096.24 vwap=5095.67
2026-03-10T02:50:00+07:00,2026-03-10T03:25:00+07:00,BUY,5136.31,5127.26,5200.22,BE,-0.2,S419 BUY Orochi BREAKOUT@VAH 7R,BREAKOUT@VAH val=5066.91 vah=5125.58 poc=5096.24 vwap=5095.67
2026-03-10T03:30:00+07:00,2026-03-10T03:40:00+07:00,BUY,5137.2,5132.62,5169.1,BE,-0.2,S419 BUY Orochi BREAKOUT@VAH 7R,BREAKOUT@VAH val=5066.91 vah=5125.58 poc=5096.24 vwap=5095.67
2026-03-10T03:45:00+07:00,2026-03-10T03:55:00+07:00,BUY,5138.72,5133.39,5176.27,BE,-0.2,S419 BUY Orochi BREAKOUT@VAH 7R,BREAKOUT@VAH val=5066.91 vah=5125.58 poc=5096.24 vwap=5095.67
2026-03-10T05:10:00+07:00,2026-03-10T05:20:00+07:00,BUY,5132.89,5122.48,5205.28,BE,-0.2,S419 BUY Orochi BREAKOUT@VAH 7R,BREAKOUT@VAH val=5066.91 vah=5125.58 poc=5096.24 vwap=5095.67
2026-03-10T05:30:00+07:00,2026-03-10T05:40:00+07:00,BUY,5129.68,5120.74,5192.18,BE,-0.2,S419 BUY Orochi BREAKOUT@VAH 7R,BREAKOUT@VAH val=5066.91 vah=5125.58 poc=5096.24 vwap=5095.67
2026-03-10T05:50:00+07:00,2026-03-10T06:00:00+07:00,BUY,5145.56,5134.14,5225.42,BE,-0.2,S419 BUY Orochi BREAKOUT@VAH 7R,BREAKOUT@VAH val=5066.91 vah=5125.58 poc=5096.24 vwap=5095.67
2026-03-10T06:05:00+07:00,2026-03-10T06:15:00+07:00,BUY,5145.57,5136.05,5212.29,BE,-0.2,S419 BUY Orochi BREAKOUT@VAH 7R,BREAKOUT@VAH val=5066.91 vah=5125.58 poc=5096.24 vwap=5095.67
2026-03-10T06:20:00+07:00,2026-03-10T06:30:00+07:00,BUY,5146.07,5142.61,5170.21,BE,-0.2,S419 BUY Orochi BREAKOUT@VAH 7R,BREAKOUT@VAH val=5066.91 vah=5125.58 poc=5096.24 vwap=5095.67
2026-03-10T06:35:00+07:00,2026-03-10T06:40:00+07:00,BUY,5148.16,5139.39,5209.71,SL,-8.97,S419 BUY Orochi BREAKOUT@VAH 7R,BREAKOUT@VAH val=5066.91 vah=5125.58 poc=5096.24 vwap=5095.67
2026-03-10T06:45:00+07:00,2026-03-10T06:55:00+07:00,BUY,5141.63,5133.74,5196.94,BE,-0.2,S419 BUY Orochi BREAKOUT@VAH 7R,BREAKOUT@VAH val=5066.91 vah=5125.58 poc=5096.24 vwap=5095.67
2026-03-10T07:00:00+07:00,2026-03-10T07:15:00+07:00,BUY,5134.11,5128.89,5170.73,BE,-0.2,S419 BUY Orochi BREAKOUT@VAH 7R,BREAKOUT@VAH val=5066.91 vah=5125.58 poc=5096.24 vwap=5095.67
2026-03-10T07:20:00+07:00,2026-03-10T07:30:00+07:00,BUY,5131.1,5127.62,5154.66,BE,-0.2,S419 BUY Orochi BREAKOUT@VAH 7R,BREAKOUT@VAH val=5066.91 vah=5125.58 poc=5096.24 vwap=5095.67
2026-03-10T07:35:00+07:00,2026-03-10T07:45:00+07:00,BUY,5133.01,5123.33,5200.61,BE,-0.2,S419 BUY Orochi BREAKOUT@VAH 7R,BREAKOUT@VAH val=5066.91 vah=5125.58 poc=5096.24 vwap=5095.67
2026-03-10T07:50:00+07:00,2026-03-10T07:55:00+07:00,BUY,5130.8,5128.62,5146.62,SL,-2.38,S419 BUY Orochi BREAKOUT@VAH 7R,BREAKOUT@VAH val=5066.91 vah=5125.58 poc=5096.24 vwap=5095.67
2026-03-10T08:10:00+07:00,2026-03-10T09:00:00+07:00,BUY,5143.42,5137.23,5186.67,TP,43.05,S419 BUY Orochi BREAKOUT@VAH 7R,BREAKOUT@VAH val=5066.91 vah=5125.58 poc=5096.24 vwap=5095.67
2026-03-10T09:05:00+07:00,2026-03-10T09:15:00+07:00,BUY,5174.24,5168.37,5215.41,BE,-0.2,S419 BUY Orochi BREAKOUT@VAH 7R,BREAKOUT@VAH val=5066.91 vah=5125.58 poc=5096.24 vwap=5095.67
2026-03-10T09:20:00+07:00,2026-03-10T09:35:00+07:00,BUY,5176.87,5170.31,5222.95,BE,-0.2,S419 BUY Orochi BREAKOUT@VAH 7R,BREAKOUT@VAH val=5066.91 vah=5125.58 poc=5096.24 vwap=5095.67
2026-03-10T09:40:00+07:00,2026-03-10T09:50:00+07:00,BUY,5182.17,5173.95,5239.63,BE,-0.2,S419 BUY Orochi BREAKOUT@VAH 7R,BREAKOUT@VAH val=5066.91 vah=5125.58 poc=5096.24 vwap=5095.67
2026-03-10T09:55:00+07:00,2026-03-10T10:10:00+07:00,BUY,5165.75,5162.06,5190.78,BE,-0.2,S419 BUY Orochi BREAKOUT@VAH 7R,BREAKOUT@VAH val=5066.91 vah=5125.58 poc=5096.24 vwap=5095.67
2026-03-10T10:15:00+07:00,2026-03-10T10:25:00+07:00,BUY,5165.52,5163.03,5182.79,BE,-0.2,S419 BUY Orochi BREAKOUT@VAH 7R,BREAKOUT@VAH val=5066.91 vah=5125.58 poc=5096.24 vwap=5095.67
2026-03-10T10:30:00+07:00,2026-03-10T10:35:00+07:00,BUY,5163.75,5160.22,5188.54,SL,-3.73,S419 BUY Orochi BREAKOUT@VAH 7R,BREAKOUT@VAH val=5066.91 vah=5125.58 poc=5096.24 vwap=5095.67
2026-03-10T10:40:00+07:00,2026-03-10T10:45:00+07:00,BUY,5162.53,5158.59,5190.19,SL,-4.14,S419 BUY Orochi BREAKOUT@VAH 7R,BREAKOUT@VAH val=5066.91 vah=5125.58 poc=5096.24 vwap=5095.67
2026-03-10T10:50:00+07:00,2026-03-10T11:00:00+07:00,BUY,5159.18,5154.17,5194.09,BE,-0.2,S419 BUY Orochi BREAKOUT@VAH 7R,BREAKOUT@VAH val=5066.91 vah=5125.58 poc=5096.24 vwap=5095.67
2026-03-10T11:05:00+07:00,2026-03-10T15:40:00+07:00,BUY,5157.74,5153.05,5190.81,TP,32.87,S419 BUY Orochi BREAKOUT@VAH 7R,BREAKOUT@VAH val=5066.91 vah=5125.58 poc=5096.24 vwap=5095.67
2026-03-10T15:45:00+07:00,2026-03-10T15:50:00+07:00,BUY,5194.43,5187.54,5242.34,SL,-7.09,S419 BUY Orochi BREAKOUT@VAH 7R,BREAKOUT@VAH val=5070.96 vah=5120.92 poc=5092.82 vwap=5092.77
2026-03-10T15:55:00+07:00,2026-03-10T16:00:00+07:00,BUY,5183.57,5181.47,5197.39,SL,-2.3,S419 BUY Orochi BREAKOUT@VAH 7R,BREAKOUT@VAH val=5072.35 vah=5119.48 poc=5095.92 vwap=5092.00
2026-03-10T16:05:00+07:00,2026-03-10T16:15:00+07:00,BUY,5184.22,5179.12,5218.64,BE,-0.2,S419 BUY Orochi BREAKOUT@VAH 7R,BREAKOUT@VAH val=5067.12 vah=5114.25 poc=5095.92 vwap=5091.57
2026-03-10T16:20:00+07:00,2026-03-10T16:30:00+07:00,BUY,5184.04,5179.38,5216.58,BE,-0.2,S419 BUY Orochi BREAKOUT@VAH 7R,BREAKOUT@VAH val=5072.35 vah=5114.25 poc=5095.92 vwap=5090.93
2026-03-10T16:35:00+07:00,2026-03-10T16:50:00+07:00,BUY,5183.7,5180.51,5206.11,BE,-0.2,S419 BUY Orochi BREAKOUT@VAH 7R,BREAKOUT@VAH val=5072.35 vah=5114.25 poc=5095.92 vwap=5090.59
2026-03-10T16:55:00+07:00,2026-03-10T17:00:00+07:00,BUY,5182.63,5181.33,5192.05,SL,-1.5,S419 BUY Orochi BREAKOUT@VAH 7R,BREAKOUT@VAH val=5067.12 vah=5114.25 poc=5095.92 vwap=5090.54
2026-03-10T17:05:00+07:00,2026-03-10T17:15:00+07:00,BUY,5182.17,5175.05,5232.49,BE,-0.2,S419 BUY Orochi BREAKOUT@VAH 7R,BREAKOUT@VAH val=5072.35 vah=5114.25 poc=5095.92 vwap=5091.00
2026-03-10T17:20:00+07:00,2026-03-10T17:25:00+07:00,BUY,5179.68,5173.44,5223.2,SL,-6.44,S419 BUY Orochi BREAKOUT@VAH 7R,BREAKOUT@VAH val=5072.35 vah=5114.25 poc=5095.92 vwap=5091.56
2026-03-10T17:30:00+07:00,2026-03-10T17:35:00+07:00,BUY,5169.96,5164.64,5207.28,SL,-5.52,S419 BUY Orochi BREAKOUT@VAH 7R,BREAKOUT@VAH val=5072.35 vah=5114.25 poc=5095.92 vwap=5092.35
2026-03-10T17:50:00+07:00,2026-03-10T18:45:00+07:00,BUY,5173.25,5167.3,5214.74,BE,-0.2,S419 BUY Orochi BREAKOUT@VAH 7R,BREAKOUT@VAH val=5077.59 vah=5114.25 poc=5095.92 vwap=5094.05
2026-03-10T18:50:00+07:00,2026-03-10T19:00:00+07:00,BUY,5177.95,5170.15,5230.47,BE,-0.2,S419 BUY Orochi BREAKOUT@VAH 7R,BREAKOUT@VAH val=5083.84 vah=5112.13 poc=5092.68 vwap=5098.76
2026-03-10T19:05:00+07:00,2026-03-10T19:15:00+07:00,BUY,5165.77,5160.77,5201.09,BE,-0.2,S419 BUY Orochi BREAKOUT@VAH 7R,BREAKOUT@VAH val=5083.84 vah=5112.13 poc=5092.68 vwap=5099.38
2026-03-10T19:25:00+07:00,2026-03-10T19:35:00+07:00,BUY,5179.46,5170.23,5245.91,BE,-0.2,S419 BUY Orochi BREAKOUT@VAH 7R,BREAKOUT@VAH val=5084.07 vah=5109.43 poc=5093.93 vwap=5100.66
2026-03-10T19:40:00+07:00,2026-03-10T19:50:00+07:00,BUY,5185.46,5177.58,5240.3,BE,-0.2,S419 BUY Orochi BREAKOUT@VAH 7R,BREAKOUT@VAH val=5085.39 vah=5110.16 poc=5092.27 vwap=5101.19
2026-03-10T19:55:00+07:00,2026-03-10T21:10:00+07:00,BUY,5187.0,5179.08,5242.52,BE,-0.2,S419 BUY Orochi BREAKOUT@VAH 7R,BREAKOUT@VAH val=5087.19 vah=5110.01 poc=5093.52 vwap=5101.81
2026-03-10T21:25:00+07:00,2026-03-10T21:35:00+07:00,BUY,5209.07,5204.67,5240.03,BE,-0.2,S419 BUY Orochi BREAKOUT@VAH 7R,BREAKOUT@VAH val=5105.70 vah=5195.03 poc=5175.49 vwap=5139.48
2026-03-10T21:40:00+07:00,2026-03-10T21:50:00+07:00,BUY,5206.08,5200.29,5246.69,BE,-0.2,S419 BUY Orochi BREAKOUT@VAH 7R,BREAKOUT@VAH val=5105.70 vah=5195.03 poc=5175.49 vwap=5139.48
2026-03-10T21:55:00+07:00,2026-03-10T22:30:00+07:00,BUY,5206.81,5203.09,5232.69,TP,25.68,S419 BUY Orochi BREAKOUT@VAH 7R,BREAKOUT@VAH val=5105.70 vah=5195.03 poc=5175.49 vwap=5139.48
2026-03-10T22:35:00+07:00,2026-03-10T22:45:00+07:00,BUY,5234.22,5223.53,5309.29,BE,-0.2,S419 BUY Orochi BREAKOUT@VAH 7R,BREAKOUT@VAH val=5105.70 vah=5195.03 poc=5175.49 vwap=5139.48
2026-03-10T22:50:00+07:00,2026-03-10T23:00:00+07:00,BUY,5227.97,5225.27,5247.11,BE,-0.2,S419 BUY Orochi BREAKOUT@VAH 7R,BREAKOUT@VAH val=5105.70 vah=5195.03 poc=5175.49 vwap=5139.48
2026-03-10T23:05:00+07:00,2026-03-10T23:15:00+07:00,BUY,5226.61,5222.01,5259.05,BE,-0.2,S419 BUY Orochi BREAKOUT@VAH 7R,BREAKOUT@VAH val=5105.70 vah=5195.03 poc=5175.49 vwap=5139.48
2026-03-10T23:25:00+07:00,2026-03-10T23:35:00+07:00,BUY,5232.25,5225.88,5276.76,BE,-0.2,S419 BUY Orochi BREAKOUT@VAH 7R,BREAKOUT@VAH val=5105.70 vah=5195.03 poc=5175.49 vwap=5139.48
2026-03-10T23:40:00+07:00,2026-03-10T23:50:00+07:00,BUY,5228.64,5225.8,5249.32,BE,-0.2,S419 BUY Orochi BREAKOUT@VAH 7R,BREAKOUT@VAH val=5105.70 vah=5195.03 poc=5175.49 vwap=5139.48
2026-03-10T23:55:00+07:00,2026-03-11T00:15:00+07:00,BUY,5227.81,5224.71,5248.55,BE,-0.2,S419 BUY Orochi BREAKOUT@VAH 7R,BREAKOUT@VAH val=5105.70 vah=5195.03 poc=5175.49 vwap=5139.48
2026-03-11T00:20:00+07:00,2026-03-11T00:35:00+07:00,BUY,5228.51,5222.27,5272.59,BE,-0.2,S419 BUY Orochi BREAKOUT@VAH 7R,BREAKOUT@VAH val=5105.70 vah=5195.03 poc=5175.49 vwap=5139.48
2026-03-11T00:40:00+07:00,2026-03-11T00:55:00+07:00,BUY,5228.12,5226.14,5242.14,BE,-0.2,S419 BUY Orochi BREAKOUT@VAH 7R,BREAKOUT@VAH val=5105.70 vah=5195.03 poc=5175.49 vwap=5139.48
2026-03-11T01:00:00+07:00,2026-03-11T01:10:00+07:00,BUY,5221.62,5216.49,5256.41,BE,-0.2,S419 BUY Orochi BREAKOUT@VAH 7R,BREAKOUT@VAH val=5105.70 vah=5195.03 poc=5175.49 vwap=5139.48
2026-03-11T01:30:00+07:00,2026-03-11T01:40:00+07:00,BUY,5201.53,5188.09,5295.37,BE,-0.2,S419 BUY Orochi BREAKOUT@VAH 7R,BREAKOUT@VAH val=5105.70 vah=5195.03 poc=5175.49 vwap=5139.48
2026-03-11T01:45:00+07:00,2026-03-11T01:55:00+07:00,BUY,5201.31,5187.29,5299.37,BE,-0.2,S419 BUY Orochi BREAKOUT@VAH 7R,BREAKOUT@VAH val=5105.70 vah=5195.03 poc=5175.49 vwap=5139.48
2026-03-11T02:05:00+07:00,2026-03-11T02:30:00+07:00,BUY,5197.07,5180.55,5312.79,BE,-0.2,S419 BUY Orochi BREAKOUT@VAH 7R,BREAKOUT@VAH val=5105.70 vah=5195.03 poc=5175.49 vwap=5139.48
2026-03-11T02:55:00+07:00,2026-03-11T05:00:00+07:00,BUY,5198.83,5185.97,5288.61,SL,-13.06,S419 BUY Orochi BREAKOUT@VAH 7R,BREAKOUT@VAH val=5105.70 vah=5195.03 poc=5175.49 vwap=5139.48
2026-03-11T07:30:00+07:00,2026-03-11T07:40:00+07:00,BUY,5209.43,5204.64,5241.52,BE,-0.2,S419 BUY Orochi BREAKOUT@VAH 7R,BREAKOUT@VAH val=5105.70 vah=5195.03 poc=5175.49 vwap=5140.15
2026-03-11T07:45:00+07:00,2026-03-11T07:55:00+07:00,BUY,5215.59,5206.0,5283.68,BE,-0.2,S419 BUY Orochi BREAKOUT@VAH 7R,BREAKOUT@VAH val=5105.70 vah=5195.03 poc=5175.49 vwap=5140.85
2026-03-11T08:00:00+07:00,2026-03-11T08:10:00+07:00,BUY,5218.3,5212.21,5261.09,BE,-0.2,S419 BUY Orochi BREAKOUT@VAH 7R,BREAKOUT@VAH val=5116.87 vah=5195.03 poc=5175.49 vwap=5141.82
2026-03-11T08:15:00+07:00,2026-03-11T08:25:00+07:00,BUY,5220.16,5210.48,5286.32,BE,-0.2,S419 BUY Orochi BREAKOUT@VAH 7R,BREAKOUT@VAH val=5122.45 vah=5195.03 poc=5175.49 vwap=5143.28
2026-03-11T08:30:00+07:00,2026-03-11T08:55:00+07:00,BUY,5219.57,5209.11,5292.87,SL,-10.66,S419 BUY Orochi BREAKOUT@VAH 7R,BREAKOUT@VAH val=5124.48 vah=5189.60 poc=5176.04 vwap=5144.84
2026-03-11T09:00:00+07:00,2026-03-11T09:05:00+07:00,BUY,5202.3,5197.52,5231.28,SL,-4.98,S419 BUY Orochi BREAKOUT@VAH 7R,BREAKOUT@VAH val=5127.65 vah=5190.22 poc=5178.18 vwap=5147.52
2026-03-11T09:10:00+07:00,2026-03-11T10:50:00+07:00,BUY,5201.55,5192.44,5265.24,BE,-0.2,S419 BUY Orochi BREAKOUT@VAH 7R,BREAKOUT@VAH val=5127.65 vah=5190.22 poc=5178.18 vwap=5148.21
2026-03-11T10:55:00+07:00,2026-03-11T11:05:00+07:00,BUY,5203.34,5198.22,5239.26,BE,-0.2,S419 BUY Orochi BREAKOUT@VAH 7R,BREAKOUT@VAH val=5137.65 vah=5190.62 poc=5179.58 vwap=5155.18
2026-03-11T11:10:00+07:00,2026-03-11T11:20:00+07:00,BUY,5205.84,5201.82,5234.38,BE,-0.2,S419 BUY Orochi BREAKOUT@VAH 7R,BREAKOUT@VAH val=5137.65 vah=5190.62 poc=5179.58 vwap=5155.91
2026-03-11T11:25:00+07:00,2026-03-11T11:30:00+07:00,BUY,5207.33,5204.09,5230.09,SL,-3.44,S419 BUY Orochi BREAKOUT@VAH 7R,BREAKOUT@VAH val=5137.65 vah=5190.62 poc=5179.58 vwap=5156.73
2026-03-11T11:35:00+07:00,2026-03-11T11:45:00+07:00,BUY,5207.67,5203.15,5239.23,BE,-0.2,S419 BUY Orochi BREAKOUT@VAH 7R,BREAKOUT@VAH val=5137.65 vah=5190.62 poc=5179.58 vwap=5157.30
2026-03-11T11:50:00+07:00,2026-03-11T12:00:00+07:00,BUY,5203.73,5201.07,5222.83,BE,-0.2,S419 BUY Orochi BREAKOUT@VAH 7R,BREAKOUT@VAH val=5137.65 vah=5190.62 poc=5179.58 vwap=5158.55
2026-03-11T12:05:00+07:00,2026-03-11T12:15:00+07:00,BUY,5206.64,5202.72,5234.8,BE,-0.2,S419 BUY Orochi BREAKOUT@VAH 7R,BREAKOUT@VAH val=5139.28 vah=5190.74 poc=5180.02 vwap=5159.61
2026-03-11T12:20:00+07:00,2026-03-11T12:30:00+07:00,BUY,5202.66,5199.83,5222.71,BE,-0.2,S419 BUY Orochi BREAKOUT@VAH 7R,BREAKOUT@VAH val=5139.48 vah=5190.76 poc=5175.80 vwap=5160.42
2026-03-11T12:40:00+07:00,2026-03-11T12:45:00+07:00,BUY,5201.15,5196.53,5230.29,SL,-4.82,S419 BUY Orochi BREAKOUT@VAH 7R,BREAKOUT@VAH val=5142.16 vah=5191.25 poc=5178.04 vwap=5161.50
2026-03-11T12:50:00+07:00,2026-03-11T13:00:00+07:00,BUY,5199.36,5194.67,5232.11,BE,-0.2,S419 BUY Orochi BREAKOUT@VAH 7R,BREAKOUT@VAH val=5145.05 vah=5191.46 poc=5178.97 vwap=5161.99
2026-03-11T13:15:00+07:00,2026-03-11T13:25:00+07:00,BUY,5204.82,5201.35,5229.19,BE,-0.2,S419 BUY Orochi BREAKOUT@VAH 7R,BREAKOUT@VAH val=5146.66 vah=5191.81 poc=5177.29 vwap=5163.03
2026-03-11T13:30:00+07:00,2026-03-11T13:35:00+07:00,BUY,5202.16,5200.85,5211.41,SL,-1.51,S419 BUY Orochi BREAKOUT@VAH 7R,BREAKOUT@VAH val=5149.89 vah=5191.81 poc=5177.29 vwap=5163.63
2026-03-11T13:40:00+07:00,2026-03-11T13:50:00+07:00,BUY,5194.86,5190.3,5226.94,BE,-0.2,S419 BUY Orochi BREAKOUT@VAH 7R,BREAKOUT@VAH val=5153.11 vah=5191.81 poc=5177.29 vwap=5164.08
2026-03-11T13:55:00+07:00,2026-03-11T14:05:00+07:00,BUY,5197.51,5193.25,5227.89,BE,-0.2,S419 BUY Orochi BREAKOUT@VAH 7R,BREAKOUT@VAH val=5156.34 vah=5191.81 poc=5177.29 vwap=5164.87
2026-03-11T14:10:00+07:00,2026-03-11T14:20:00+07:00,BUY,5198.84,5194.96,5226.08,BE,-0.2,S419 BUY Orochi BREAKOUT@VAH 7R,BREAKOUT@VAH val=5159.56 vah=5191.81 poc=5177.29 vwap=5165.60
2026-03-11T14:25:00+07:00,2026-03-11T14:30:00+07:00,BUY,5197.91,5194.45,5222.05,SL,-3.66,S419 BUY Orochi BREAKOUT@VAH 7R,BREAKOUT@VAH val=5159.56 vah=5191.81 poc=5177.29 vwap=5166.03
2026-03-11T14:50:00+07:00,2026-03-11T15:00:00+07:00,BUY,5195.79,5188.8,5244.32,SL,-7.19,S419 BUY Orochi BREAKOUT@VAH 7R,BREAKOUT@VAH val=5159.56 vah=5191.81 poc=5177.29 vwap=5166.49
2026-03-11T15:05:00+07:00,2026-03-11T15:15:00+07:00,BUY,5195.19,5186.69,5254.77,BE,-0.2,S419 BUY Orochi BREAKOUT@VAH 7R,BREAKOUT@VAH val=5159.56 vah=5188.58 poc=5177.29 vwap=5166.69
2026-03-11T16:40:00+07:00,2026-03-11T16:50:00+07:00,BUY,5191.69,5190.44,5201.24,BE,-0.2,S419 BUY Orochi BREAKOUT@VAH 7R,BREAKOUT@VAH val=5162.79 vah=5189.17 poc=5178.91 vwap=5169.51
2026-03-11T17:10:00+07:00,2026-03-11T17:20:00+07:00,BUY,5193.54,5186.74,5241.06,BE,-0.2,S419 BUY Orochi BREAKOUT@VAH 7R,BREAKOUT@VAH val=5162.79 vah=5189.17 poc=5178.91 vwap=5170.30
2026-03-11T17:25:00+07:00,2026-03-11T17:30:00+07:00,BUY,5191.8,5188.32,5216.08,SL,-3.68,S419 BUY Orochi BREAKOUT@VAH 7R,BREAKOUT@VAH val=5162.79 vah=5186.24 poc=5178.91 vwap=5170.88
2026-03-11T18:05:00+07:00,2026-03-11T18:10:00+07:00,BUY,5187.29,5184.65,5207.61,SL,-2.84,S419 BUY Orochi BREAKOUT@VAH 7R,BREAKOUT@VAH val=5162.79 vah=5186.24 poc=5178.91 vwap=5172.88
2026-03-11T19:10:00+07:00,2026-03-11T19:20:00+07:00,BUY,5191.64,5183.19,5251.11,BE,-0.2,S419 BUY Orochi BREAKOUT@VAH 7R,BREAKOUT@VAH val=5168.01 vah=5186.59 poc=5177.30 vwap=5175.81
2026-03-11T19:25:00+07:00,2026-03-11T19:30:00+07:00,BUY,5190.76,5186.44,5220.36,SL,-4.52,S419 BUY Orochi BREAKOUT@VAH 7R,BREAKOUT@VAH val=5168.01 vah=5186.59 poc=5177.30 vwap=5175.72
2026-03-11T20:00:00+07:00,2026-03-11T20:05:00+07:00,SELL,5176.32,5179.34,5156.14,SL,-3.22,S419 SELL Orochi BREAKOUT@VAL 7R,BREAKOUT@VAL val=5183.54 vah=5215.93 poc=5194.88 vwap=5203.28
2026-03-11T20:10:00+07:00,2026-03-11T20:20:00+07:00,SELL,5177.63,5184.09,5132.57,BE,-0.2,S419 SELL Orochi BREAKOUT@VAL 7R,BREAKOUT@VAL val=5183.54 vah=5215.93 poc=5194.88 vwap=5203.28
2026-03-11T20:25:00+07:00,2026-03-11T20:50:00+07:00,SELL,5181.43,5185.11,5155.35,TP,25.88,S419 SELL Orochi BREAKOUT@VAL 7R,BREAKOUT@VAL val=5183.54 vah=5215.93 poc=5194.88 vwap=5203.28
2026-03-11T20:55:00+07:00,2026-03-11T21:00:00+07:00,SELL,5176.93,5179.6,5158.4,SL,-2.87,S419 SELL Orochi BREAKOUT@VAL 7R,BREAKOUT@VAL val=5183.54 vah=5215.93 poc=5194.88 vwap=5203.28
2026-03-11T22:00:00+07:00,2026-03-11T22:10:00+07:00,SELL,5180.3,5193.6,5086.4,BE,-0.2,S419 SELL Orochi BREAKOUT@VAL 7R,BREAKOUT@VAL val=5183.54 vah=5215.93 poc=5194.88 vwap=5203.28
2026-03-11T22:15:00+07:00,2026-03-11T22:50:00+07:00,SELL,5174.76,5183.53,5113.45,BE,-0.2,S419 SELL Orochi BREAKOUT@VAL 7R,BREAKOUT@VAL val=5183.54 vah=5215.93 poc=5194.88 vwap=5203.28
2026-03-11T22:55:00+07:00,2026-03-11T23:05:00+07:00,SELL,5166.36,5177.08,5091.56,BE,-0.2,S419 SELL Orochi BREAKOUT@VAL 7R,BREAKOUT@VAL val=5183.54 vah=5215.93 poc=5194.88 vwap=5203.28
2026-03-11T23:10:00+07:00,2026-03-11T23:30:00+07:00,SELL,5172.47,5174.32,5159.76,BE,-0.2,S419 SELL Orochi BREAKOUT@VAL 7R,BREAKOUT@VAL val=5183.54 vah=5215.93 poc=5194.88 vwap=5203.28
2026-03-11T23:35:00+07:00,2026-03-11T23:45:00+07:00,SELL,5175.17,5177.09,5161.25,BE,-0.2,S419 SELL Orochi BREAKOUT@VAL 7R,BREAKOUT@VAL val=5183.54 vah=5215.93 poc=5194.88 vwap=5203.28
2026-03-11T23:50:00+07:00,2026-03-12T00:00:00+07:00,SELL,5173.47,5179.56,5131.16,BE,-0.2,S419 SELL Orochi BREAKOUT@VAL 7R,BREAKOUT@VAL val=5183.54 vah=5215.93 poc=5194.88 vwap=5203.28
2026-03-12T00:05:00+07:00,2026-03-12T00:30:00+07:00,SELL,5180.54,5182.44,5167.4,TP,12.94,S419 SELL Orochi BREAKOUT@VAL 7R,BREAKOUT@VAL val=5183.54 vah=5215.93 poc=5194.88 vwap=5203.28
2026-03-12T00:40:00+07:00,2026-03-12T00:50:00+07:00,SELL,5163.37,5170.08,5116.48,BE,-0.2,S419 SELL Orochi BREAKOUT@VAL 7R,BREAKOUT@VAL val=5183.54 vah=5215.93 poc=5194.88 vwap=5203.28
2026-03-12T00:55:00+07:00,2026-03-12T01:00:00+07:00,SELL,5169.84,5171.48,5158.52,SL,-1.84,S419 SELL Orochi BREAKOUT@VAL 7R,BREAKOUT@VAL val=5183.54 vah=5215.93 poc=5194.88 vwap=5203.28
2026-03-12T01:05:00+07:00,2026-03-12T01:15:00+07:00,SELL,5172.72,5176.71,5144.71,BE,-0.2,S419 SELL Orochi BREAKOUT@VAL 7R,BREAKOUT@VAL val=5183.54 vah=5215.93 poc=5194.88 vwap=5203.28
2026-03-12T01:20:00+07:00,2026-03-12T01:30:00+07:00,SELL,5177.14,5179.06,5164.26,BE,-0.2,S419 SELL Orochi BREAKOUT@VAL 7R,BREAKOUT@VAL val=5183.54 vah=5215.93 poc=5194.88 vwap=5203.28
2026-03-12T01:35:00+07:00,2026-03-12T01:45:00+07:00,SELL,5177.49,5179.33,5164.69,BE,-0.2,S419 SELL Orochi BREAKOUT@VAL 7R,BREAKOUT@VAL val=5183.54 vah=5215.93 poc=5194.88 vwap=5203.28
2026-03-12T01:50:00+07:00,2026-03-12T02:10:00+07:00,SELL,5174.23,5178.93,5142.05,BE,-0.2,S419 SELL Orochi BREAKOUT@VAL 7R,BREAKOUT@VAL val=5183.54 vah=5215.93 poc=5194.88 vwap=5203.28
2026-03-12T02:15:00+07:00,2026-03-12T02:20:00+07:00,SELL,5176.02,5176.79,5169.83,SL,-0.97,S419 SELL Orochi BREAKOUT@VAL 7R,BREAKOUT@VAL val=5183.54 vah=5215.93 poc=5194.88 vwap=5203.28
2026-03-12T02:25:00+07:00,2026-03-12T02:35:00+07:00,SELL,5177.26,5178.58,5167.86,BE,-0.2,S419 SELL Orochi BREAKOUT@VAL 7R,BREAKOUT@VAL val=5183.54 vah=5215.93 poc=5194.88 vwap=5203.28
2026-03-12T02:40:00+07:00,2026-03-12T02:50:00+07:00,SELL,5179.59,5180.77,5171.09,BE,-0.2,S419 SELL Orochi BREAKOUT@VAL 7R,BREAKOUT@VAL val=5183.54 vah=5215.93 poc=5194.88 vwap=5203.28
2026-03-12T02:55:00+07:00,2026-03-12T03:15:00+07:00,SELL,5183.31,5184.35,5176.11,TP,7.0,S419 SELL Orochi BREAKOUT@VAL 7R,BREAKOUT@VAL val=5183.54 vah=5215.93 poc=5194.88 vwap=5203.28
2026-03-12T03:20:00+07:00,2026-03-12T05:00:00+07:00,SELL,5178.58,5179.8,5170.2,BE,-0.2,S419 SELL Orochi BREAKOUT@VAL 7R,BREAKOUT@VAL val=5183.54 vah=5215.93 poc=5194.88 vwap=5203.28
2026-03-12T05:10:00+07:00,2026-03-12T05:20:00+07:00,SELL,5175.19,5178.57,5151.45,BE,-0.2,S419 SELL Orochi BREAKOUT@VAL 7R,BREAKOUT@VAL val=5183.54 vah=5215.93 poc=5194.88 vwap=5203.28
2026-03-12T05:45:00+07:00,2026-03-12T05:50:00+07:00,SELL,5168.08,5169.6,5158.24,TP,9.64,S419 SELL Orochi BREAKOUT@VAL 7R,BREAKOUT@VAL val=5183.54 vah=5215.93 poc=5194.88 vwap=5203.28
2026-03-12T06:00:00+07:00,2026-03-12T06:10:00+07:00,SELL,5147.64,5160.37,5058.69,BE,-0.2,S419 SELL Orochi BREAKOUT@VAL 7R,BREAKOUT@VAL val=5183.54 vah=5215.93 poc=5194.88 vwap=5203.28
2026-03-12T06:15:00+07:00,2026-03-12T06:25:00+07:00,SELL,5153.51,5157.55,5125.15,BE,-0.2,S419 SELL Orochi BREAKOUT@VAL 7R,BREAKOUT@VAL val=5183.54 vah=5215.93 poc=5194.88 vwap=5203.28
2026-03-12T06:30:00+07:00,2026-03-12T06:40:00+07:00,SELL,5150.38,5160.2,5081.48,BE,-0.2,S419 SELL Orochi BREAKOUT@VAL 7R,BREAKOUT@VAL val=5183.54 vah=5215.93 poc=5194.88 vwap=5203.28
2026-03-12T06:45:00+07:00,2026-03-12T06:55:00+07:00,SELL,5143.17,5155.28,5058.32,BE,-0.2,S419 SELL Orochi BREAKOUT@VAL 7R,BREAKOUT@VAL val=5183.54 vah=5215.93 poc=5194.88 vwap=5203.28
2026-03-12T07:05:00+07:00,2026-03-12T07:10:00+07:00,SELL,5137.45,5140.69,5112.85,SL,-3.44,S419 SELL Orochi BREAKOUT@VAL 7R,BREAKOUT@VAL val=5183.54 vah=5215.93 poc=5194.88 vwap=5203.28
2026-03-12T07:15:00+07:00,2026-03-12T07:20:00+07:00,SELL,5141.76,5146.1,5111.3,SL,-4.54,S419 SELL Orochi BREAKOUT@VAL 7R,BREAKOUT@VAL val=5183.54 vah=5215.93 poc=5194.88 vwap=5203.28
2026-03-12T07:25:00+07:00,2026-03-12T07:35:00+07:00,SELL,5152.73,5160.07,5101.75,BE,-0.2,S419 SELL Orochi BREAKOUT@VAL 7R,BREAKOUT@VAL val=5183.54 vah=5215.93 poc=5194.88 vwap=5203.36
2026-03-12T07:40:00+07:00,2026-03-12T07:50:00+07:00,SELL,5154.28,5163.68,5088.4,BE,-0.2,S419 SELL Orochi BREAKOUT@VAL 7R,BREAKOUT@VAL val=5183.54 vah=5215.93 poc=5194.88 vwap=5203.23
2026-03-12T07:55:00+07:00,2026-03-12T08:00:00+07:00,SELL,5152.94,5158.0,5117.2,SL,-5.26,S419 SELL Orochi BREAKOUT@VAL 7R,BREAKOUT@VAL val=5183.54 vah=5215.93 poc=5194.88 vwap=5202.94
2026-03-12T08:05:00+07:00,2026-03-12T08:15:00+07:00,SELL,5156.4,5168.83,5069.31,BE,-0.2,S419 SELL Orochi BREAKOUT@VAL 7R,BREAKOUT@VAL val=5183.54 vah=5215.93 poc=5194.88 vwap=5202.87
2026-03-12T08:20:00+07:00,2026-03-12T08:35:00+07:00,SELL,5159.83,5162.81,5139.13,BE,-0.2,S419 SELL Orochi BREAKOUT@VAL 7R,BREAKOUT@VAL val=5183.54 vah=5215.93 poc=5194.88 vwap=5202.79
2026-03-12T08:40:00+07:00,2026-03-12T08:45:00+07:00,SELL,5169.89,5171.94,5155.3,SL,-2.25,S419 SELL Orochi BREAKOUT@VAL 7R,BREAKOUT@VAL val=5180.30 vah=5215.93 poc=5194.88 vwap=5202.84
2026-03-12T08:50:00+07:00,2026-03-12T09:00:00+07:00,SELL,5167.29,5174.55,5117.27,BE,-0.2,S419 SELL Orochi BREAKOUT@VAL 7R,BREAKOUT@VAL val=5180.30 vah=5215.93 poc=5194.88 vwap=5202.76
2026-03-12T09:05:00+07:00,2026-03-12T09:15:00+07:00,SELL,5173.88,5175.79,5160.59,BE,-0.2,S419 SELL Orochi BREAKOUT@VAL 7R,BREAKOUT@VAL val=5180.30 vah=5215.93 poc=5194.88 vwap=5202.66
2026-03-12T09:20:00+07:00,2026-03-12T09:30:00+07:00,SELL,5169.42,5176.6,5118.92,BE,-0.2,S419 SELL Orochi BREAKOUT@VAL 7R,BREAKOUT@VAL val=5180.30 vah=5215.93 poc=5194.88 vwap=5202.54
2026-03-12T09:40:00+07:00,2026-03-12T12:55:00+07:00,SELL,5157.65,5167.35,5089.59,BE,-0.2,S419 SELL Orochi BREAKOUT@VAL 7R,BREAKOUT@VAL val=5180.30 vah=5215.93 poc=5194.88 vwap=5202.08
2026-03-12T13:00:00+07:00,2026-03-12T13:10:00+07:00,SELL,5155.18,5158.96,5128.8,BE,-0.2,S419 SELL Orochi BREAKOUT@VAL 7R,BREAKOUT@VAL val=5183.27 vah=5206.75 poc=5193.84 vwap=5196.73
2026-03-12T13:15:00+07:00,2026-03-12T13:25:00+07:00,SELL,5150.71,5157.08,5106.52,BE,-0.2,S419 SELL Orochi BREAKOUT@VAL 7R,BREAKOUT@VAL val=5183.27 vah=5206.75 poc=5193.84 vwap=5196.68
2026-03-12T13:30:00+07:00,2026-03-12T13:35:00+07:00,SELL,5161.36,5163.54,5145.94,SL,-2.38,S419 SELL Orochi BREAKOUT@VAL 7R,BREAKOUT@VAL val=5183.27 vah=5209.10 poc=5193.84 vwap=5196.72
2026-03-12T13:40:00+07:00,2026-03-12T13:50:00+07:00,SELL,5168.62,5171.23,5149.23,BE,-0.2,S419 SELL Orochi BREAKOUT@VAL 7R,BREAKOUT@VAL val=5183.27 vah=5209.10 poc=5193.84 vwap=5196.62
2026-03-12T13:55:00+07:00,2026-03-12T14:05:00+07:00,SELL,5166.13,5171.47,5129.87,BE,-0.2,S419 SELL Orochi BREAKOUT@VAL 7R,BREAKOUT@VAL val=5183.27 vah=5209.10 poc=5193.84 vwap=5196.71
2026-03-12T14:10:00+07:00,2026-03-12T14:30:00+07:00,SELL,5170.14,5171.46,5161.06,BE,-0.2,S419 SELL Orochi BREAKOUT@VAL 7R,BREAKOUT@VAL val=5183.27 vah=5209.10 poc=5196.18 vwap=5196.87
2026-03-12T14:35:00+07:00,2026-03-12T14:40:00+07:00,SELL,5168.25,5174.3,5127.02,SL,-6.25,S419 SELL Orochi BREAKOUT@VAL 7R,BREAKOUT@VAL val=5183.27 vah=5209.10 poc=5193.84 vwap=5196.86
2026-03-12T14:45:00+07:00,2026-03-12T14:55:00+07:00,SELL,5179.32,5186.27,5130.51,BE,-0.2,S419 SELL Orochi BREAKOUT@VAL 7R,BREAKOUT@VAL val=5183.27 vah=5209.10 poc=5193.84 vwap=5196.87
2026-03-12T15:15:00+07:00,2026-03-12T15:45:00+07:00,SELL,5181.88,5190.3,5122.7,BE,-0.2,S419 SELL Orochi BREAKOUT@VAL 7R,BREAKOUT@VAL val=5183.27 vah=5209.10 poc=5189.14 vwap=5196.89
2026-03-12T15:50:00+07:00,2026-03-12T16:00:00+07:00,SELL,5179.04,5184.22,5142.7,BE,-0.2,S419 SELL Orochi BREAKOUT@VAL 7R,BREAKOUT@VAL val=5183.27 vah=5209.10 poc=5189.14 vwap=5197.07
2026-03-12T16:05:00+07:00,2026-03-12T16:25:00+07:00,SELL,5179.73,5182.03,5163.71,BE,-0.2,S419 SELL Orochi BREAKOUT@VAL 7R,BREAKOUT@VAL val=5183.27 vah=5209.10 poc=5189.14 vwap=5197.15
2026-03-12T18:20:00+07:00,2026-03-12T18:30:00+07:00,SELL,5178.96,5180.24,5169.76,BE,-0.2,S419 SELL Orochi BREAKOUT@VAL 7R,BREAKOUT@VAL val=5183.23 vah=5208.99 poc=5186.74 vwap=5196.41
2026-03-12T18:35:00+07:00,2026-03-12T18:45:00+07:00,SELL,5179.35,5181.18,5167.18,BE,-0.2,S419 SELL Orochi BREAKOUT@VAL 7R,BREAKOUT@VAL val=5183.23 vah=5208.99 poc=5186.74 vwap=5195.85
2026-03-12T18:50:00+07:00,2026-03-12T19:45:00+07:00,SELL,5176.94,5182.31,5139.19,BE,-0.2,S419 SELL Orochi BREAKOUT@VAL 7R,BREAKOUT@VAL val=5182.51 vah=5207.12 poc=5188.10 vwap=5195.25
2026-03-12T20:50:00+07:00,2026-03-12T21:00:00+07:00,SELL,5150.97,5161.82,5075.18,BE,-0.2,S419 SELL Orochi BREAKOUT@VAL 7R,BREAKOUT@VAL val=5158.00 vah=5187.44 poc=5177.14 vwap=5168.58
2026-03-12T21:20:00+07:00,2026-03-12T21:30:00+07:00,SELL,5153.23,5165.42,5067.74,BE,-0.2,S419 SELL Orochi BREAKOUT@VAL 7R,BREAKOUT@VAL val=5158.00 vah=5187.44 poc=5177.14 vwap=5168.58
2026-03-12T21:35:00+07:00,2026-03-12T21:45:00+07:00,SELL,5144.78,5155.81,5068.37,BE,-0.2,S419 SELL Orochi BREAKOUT@VAL 7R,BREAKOUT@VAL val=5158.00 vah=5187.44 poc=5177.14 vwap=5168.58
2026-03-12T21:50:00+07:00,2026-03-12T22:00:00+07:00,SELL,5141.99,5155.92,5042.88,BE,-0.2,S419 SELL Orochi BREAKOUT@VAL 7R,BREAKOUT@VAL val=5158.00 vah=5187.44 poc=5177.14 vwap=5168.58
2026-03-12T22:10:00+07:00,2026-03-12T22:20:00+07:00,SELL,5124.98,5138.76,5029.0,BE,-0.2,S419 SELL Orochi BREAKOUT@VAL 7R,BREAKOUT@VAL val=5158.00 vah=5187.44 poc=5177.14 vwap=5168.58
2026-03-12T22:25:00+07:00,2026-03-12T22:35:00+07:00,SELL,5129.26,5134.99,5088.83,BE,-0.2,S419 SELL Orochi BREAKOUT@VAL 7R,BREAKOUT@VAL val=5158.00 vah=5187.44 poc=5177.14 vwap=5168.58
2026-03-12T22:40:00+07:00,2026-03-12T22:50:00+07:00,SELL,5131.04,5137.04,5089.28,BE,-0.2,S419 SELL Orochi BREAKOUT@VAL 7R,BREAKOUT@VAL val=5158.00 vah=5187.44 poc=5177.14 vwap=5168.58
2026-03-12T22:55:00+07:00,2026-03-12T23:05:00+07:00,SELL,5131.92,5137.57,5094.21,BE,-0.2,S419 SELL Orochi BREAKOUT@VAL 7R,BREAKOUT@VAL val=5158.00 vah=5187.44 poc=5177.14 vwap=5168.58
2026-03-12T23:10:00+07:00,2026-03-12T23:20:00+07:00,SELL,5128.46,5137.25,5067.01,SL,-8.99,S419 SELL Orochi BREAKOUT@VAL 7R,BREAKOUT@VAL val=5158.00 vah=5187.44 poc=5177.14 vwap=5168.58
2026-03-12T23:25:00+07:00,2026-03-12T23:35:00+07:00,SELL,5131.73,5139.9,5074.46,BE,-0.2,S419 SELL Orochi BREAKOUT@VAL 7R,BREAKOUT@VAL val=5158.00 vah=5187.44 poc=5177.14 vwap=5168.58
2026-03-12T23:40:00+07:00,2026-03-13T00:55:00+07:00,SELL,5135.06,5139.48,5103.32,TP,31.54,S419 SELL Orochi BREAKOUT@VAL 7R,BREAKOUT@VAL val=5158.00 vah=5187.44 poc=5177.14 vwap=5168.58
2026-03-13T01:00:00+07:00,2026-03-13T01:10:00+07:00,SELL,5108.4,5114.04,5068.52,BE,-0.2,S419 SELL Orochi BREAKOUT@VAL 7R,BREAKOUT@VAL val=5158.00 vah=5187.44 poc=5177.14 vwap=5168.58
2026-03-13T01:15:00+07:00,2026-03-13T03:30:00+07:00,SELL,5106.68,5112.07,5068.71,TP,37.77,S419 SELL Orochi BREAKOUT@VAL 7R,BREAKOUT@VAL val=5158.00 vah=5187.44 poc=5177.14 vwap=5168.58
2026-03-13T03:35:00+07:00,2026-03-13T03:45:00+07:00,SELL,5070.33,5074.77,5039.09,BE,-0.2,S419 SELL Orochi BREAKOUT@VAL 7R,BREAKOUT@VAL val=5158.00 vah=5187.44 poc=5177.14 vwap=5168.58
2026-03-13T03:50:00+07:00,2026-03-13T05:00:00+07:00,SELL,5078.47,5083.3,5045.22,BE,-0.2,S419 SELL Orochi BREAKOUT@VAL 7R,BREAKOUT@VAL val=5158.00 vah=5187.44 poc=5177.14 vwap=5168.58
2026-03-13T05:05:00+07:00,2026-03-13T05:15:00+07:00,SELL,5081.46,5087.71,5037.55,BE,-0.2,S419 SELL Orochi BREAKOUT@VAL 7R,BREAKOUT@VAL val=5158.00 vah=5187.44 poc=5177.14 vwap=5168.58
2026-03-13T05:20:00+07:00,2026-03-13T05:50:00+07:00,SELL,5093.99,5096.89,5073.93,BE,-0.2,S419 SELL Orochi BREAKOUT@VAL 7R,BREAKOUT@VAL val=5158.00 vah=5187.44 poc=5177.14 vwap=5168.58
2026-03-13T05:55:00+07:00,2026-03-13T06:05:00+07:00,SELL,5095.89,5097.4,5085.0,BE,-0.2,S419 SELL Orochi BREAKOUT@VAL 7R,BREAKOUT@VAL val=5158.00 vah=5187.44 poc=5177.14 vwap=5168.58
2026-03-13T06:10:00+07:00,2026-03-13T06:20:00+07:00,SELL,5090.86,5097.52,5044.08,SL,-6.86,S419 SELL Orochi BREAKOUT@VAL 7R,BREAKOUT@VAL val=5158.00 vah=5187.44 poc=5177.14 vwap=5168.58
2026-03-13T06:25:00+07:00,2026-03-13T06:35:00+07:00,SELL,5094.19,5100.81,5047.53,BE,-0.2,S419 SELL Orochi BREAKOUT@VAL 7R,BREAKOUT@VAL val=5158.00 vah=5187.44 poc=5177.14 vwap=5168.58
2026-03-13T06:40:00+07:00,2026-03-13T06:50:00+07:00,SELL,5094.75,5099.65,5060.61,SL,-5.1,S419 SELL Orochi BREAKOUT@VAL 7R,BREAKOUT@VAL val=5158.00 vah=5187.44 poc=5177.14 vwap=5168.58
2026-03-13T06:55:00+07:00,2026-03-13T07:00:00+07:00,SELL,5098.09,5102.52,5067.4,SL,-4.63,S419 SELL Orochi BREAKOUT@VAL 7R,BREAKOUT@VAL val=5158.00 vah=5187.44 poc=5177.14 vwap=5168.58
2026-03-13T07:05:00+07:00,2026-03-13T07:10:00+07:00,SELL,5103.6,5105.66,5091.34,SL,-2.26,S419 SELL Orochi BREAKOUT@VAL 7R,BREAKOUT@VAL val=5158.00 vah=5187.44 poc=5177.14 vwap=5168.58
2026-03-13T07:15:00+07:00,2026-03-13T07:30:00+07:00,SELL,5104.98,5109.44,5077.12,BE,-0.2,S419 SELL Orochi BREAKOUT@VAL 7R,BREAKOUT@VAL val=5158.00 vah=5187.44 poc=5177.14 vwap=5168.58
2026-03-13T07:35:00+07:00,2026-03-13T07:45:00+07:00,SELL,5108.6,5111.57,5086.69,BE,-0.2,S419 SELL Orochi BREAKOUT@VAL 7R,BREAKOUT@VAL val=5155.06 vah=5187.44 poc=5177.14 vwap=5168.39
2026-03-13T07:50:00+07:00,2026-03-13T07:55:00+07:00,SELL,5111.54,5114.08,5093.68,SL,-2.74,S419 SELL Orochi BREAKOUT@VAL 7R,BREAKOUT@VAL val=5155.06 vah=5187.44 poc=5177.14 vwap=5168.22
2026-03-13T08:00:00+07:00,2026-03-13T08:10:00+07:00,SELL,5118.81,5121.46,5100.18,BE,-0.2,S419 SELL Orochi BREAKOUT@VAL 7R,BREAKOUT@VAL val=5155.06 vah=5187.44 poc=5177.14 vwap=5168.18
2026-03-13T08:15:00+07:00,2026-03-13T08:25:00+07:00,SELL,5116.03,5121.82,5075.42,BE,-0.2,S419 SELL Orochi BREAKOUT@VAL 7R,BREAKOUT@VAL val=5158.00 vah=5190.38 poc=5177.14 vwap=5168.24
2026-03-13T08:30:00+07:00,2026-03-13T08:40:00+07:00,SELL,5120.87,5122.31,5111.75,TP,8.92,S419 SELL Orochi BREAKOUT@VAL 7R,BREAKOUT@VAL val=5155.06 vah=5187.44 poc=5171.25 vwap=5167.79
2026-03-13T08:45:00+07:00,2026-03-13T08:55:00+07:00,SELL,5112.4,5120.1,5058.42,BE,-0.2,S419 SELL Orochi BREAKOUT@VAL 7R,BREAKOUT@VAL val=5155.06 vah=5187.44 poc=5171.25 vwap=5167.27
2026-03-13T09:00:00+07:00,2026-03-13T11:20:00+07:00,SELL,5126.93,5130.06,5104.94,TP,21.79,S419 SELL Orochi BREAKOUT@VAL 7R,BREAKOUT@VAL val=5156.75 vah=5187.87 poc=5169.48 vwap=5166.85
2026-03-13T11:30:00+07:00,2026-03-13T11:40:00+07:00,SELL,5105.56,5108.82,5082.66,BE,-0.2,S419 SELL Orochi BREAKOUT@VAL 7R,BREAKOUT@VAL val=5153.16 vah=5186.21 poc=5176.57 vwap=5165.22
2026-03-13T11:45:00+07:00,2026-03-13T12:00:00+07:00,SELL,5105.63,5106.95,5096.07,BE,-0.2,S419 SELL Orochi BREAKOUT@VAL 7R,BREAKOUT@VAL val=5144.90 vah=5177.95 poc=5154.54 vwap=5165.06
2026-03-13T12:05:00+07:00,2026-03-13T12:10:00+07:00,SELL,5105.75,5107.45,5093.93,SL,-1.9,S419 SELL Orochi BREAKOUT@VAL 7R,BREAKOUT@VAL val=5153.16 vah=5186.21 poc=5176.57 vwap=5165.10
2026-03-13T12:15:00+07:00,2026-03-13T12:25:00+07:00,SELL,5108.87,5111.06,5093.62,BE,-0.2,S419 SELL Orochi BREAKOUT@VAL 7R,BREAKOUT@VAL val=5153.16 vah=5186.21 poc=5176.57 vwap=5165.07
2026-03-13T12:30:00+07:00,2026-03-13T12:40:00+07:00,SELL,5108.74,5111.88,5086.52,BE,-0.2,S419 SELL Orochi BREAKOUT@VAL 7R,BREAKOUT@VAL val=5142.15 vah=5177.95 poc=5154.54 vwap=5164.96
2026-03-13T12:45:00+07:00,2026-03-13T12:55:00+07:00,SELL,5103.35,5110.09,5056.41,BE,-0.2,S419 SELL Orochi BREAKOUT@VAL 7R,BREAKOUT@VAL val=5142.15 vah=5177.95 poc=5154.54 vwap=5164.78
2026-03-13T13:00:00+07:00,2026-03-13T13:10:00+07:00,SELL,5106.27,5108.37,5090.69,BE,-0.2,S419 SELL Orochi BREAKOUT@VAL 7R,BREAKOUT@VAL val=5142.15 vah=5177.95 poc=5154.54 vwap=5164.64
2026-03-13T13:15:00+07:00,2026-03-13T18:55:00+07:00,SELL,5099.85,5108.26,5040.9,BE,-0.2,S419 SELL Orochi BREAKOUT@VAL 7R,BREAKOUT@VAL val=5142.15 vah=5177.95 poc=5154.54 vwap=5164.47
2026-03-13T19:00:00+07:00,2026-03-13T19:25:00+07:00,SELL,5114.19,5120.13,5072.53,BE,-0.2,S419 SELL Orochi BREAKOUT@VAL 7R,BREAKOUT@VAL val=5155.37 vah=5191.72 poc=5181.50 vwap=5167.57
2026-03-13T19:30:00+07:00,2026-03-13T19:40:00+07:00,SELL,5114.51,5117.8,5089.56,BE,-0.2,S419 SELL Orochi BREAKOUT@VAL 7R,BREAKOUT@VAL val=5155.37 vah=5191.72 poc=5181.50 vwap=5167.41
2026-03-13T19:45:00+07:00,2026-03-13T20:05:00+07:00,SELL,5121.02,5123.26,5104.78,BE,-0.2,S419 SELL Orochi BREAKOUT@VAL 7R,BREAKOUT@VAL val=5153.10 vah=5191.72 poc=5181.50 vwap=5167.31
2026-03-13T21:45:00+07:00,2026-03-13T23:05:00+07:00,SELL,5077.8,5085.38,5024.82,TP,52.78,S419 SELL Orochi BREAKOUT@VAL 7R,BREAKOUT@VAL val=5082.40 vah=5131.53 poc=5090.59 vwap=5112.07
2026-03-13T23:10:00+07:00,2026-03-13T23:30:00+07:00,SELL,5031.78,5044.01,4946.01,SL,-12.43,S419 SELL Orochi BREAKOUT@VAL 7R,BREAKOUT@VAL val=5082.40 vah=5131.53 poc=5090.59 vwap=5112.07
2026-03-13T23:35:00+07:00,2026-03-13T23:45:00+07:00,SELL,5045.45,5055.97,4972.45,BE,-0.2,S419 SELL Orochi BREAKOUT@VAL 7R,BREAKOUT@VAL val=5082.40 vah=5131.53 poc=5090.59 vwap=5112.07
2026-03-13T23:50:00+07:00,2026-03-14T00:00:00+07:00,SELL,5049.2,5054.6,5011.48,BE,-0.2,S419 SELL Orochi BREAKOUT@VAL 7R,BREAKOUT@VAL val=5082.40 vah=5131.53 poc=5090.59 vwap=5112.07
2026-03-14T00:05:00+07:00,2026-03-14T00:10:00+07:00,SELL,5049.01,5053.07,5020.35,SL,-4.26,S419 SELL Orochi BREAKOUT@VAL 7R,BREAKOUT@VAL val=5082.40 vah=5131.53 poc=5090.59 vwap=5112.07
2026-03-14T00:15:00+07:00,2026-03-14T00:35:00+07:00,SELL,5061.05,5064.29,5040.45,BE,-0.2,S419 SELL Orochi BREAKOUT@VAL 7R,BREAKOUT@VAL val=5082.40 vah=5131.53 poc=5090.59 vwap=5112.07
2026-03-14T00:40:00+07:00,2026-03-16T06:20:00+07:00,SELL,5053.57,5065.58,4969.58,TP,83.79,S419 SELL Orochi BREAKOUT@VAL 7R,BREAKOUT@VAL val=5082.40 vah=5131.53 poc=5090.59 vwap=5112.07
2026-03-16T20:20:00+07:00,2026-03-16T20:25:00+07:00,BUY,5026.46,5020.59,5067.87,SL,-6.07,S419 BUY Orochi BREAKOUT@VAH 7R,BREAKOUT@VAH val=4990.53 vah=5024.80 poc=5014.81 vwap=5005.18
2026-03-16T20:35:00+07:00,2026-03-16T20:45:00+07:00,BUY,5027.59,5016.46,5105.74,BE,-0.2,S419 BUY Orochi BREAKOUT@VAH 7R,BREAKOUT@VAH val=4990.53 vah=5024.80 poc=5014.81 vwap=5005.18
2026-03-16T20:50:00+07:00,2026-03-16T21:00:00+07:00,BUY,5028.71,5022.09,5074.57,BE,-0.2,S419 BUY Orochi BREAKOUT@VAH 7R,BREAKOUT@VAH val=4990.53 vah=5024.80 poc=5014.81 vwap=5005.18
2026-03-16T21:05:00+07:00,2026-03-16T21:15:00+07:00,BUY,5032.81,5025.23,5085.79,BE,-0.2,S419 BUY Orochi BREAKOUT@VAH 7R,BREAKOUT@VAH val=4990.53 vah=5024.80 poc=5014.81 vwap=5005.18
2026-03-16T22:55:00+07:00,2026-03-16T23:05:00+07:00,SELL,4986.99,4997.34,4914.46,BE,-0.2,S419 SELL Orochi BREAKOUT@VAL 7R,BREAKOUT@VAL val=4990.53 vah=5024.80 poc=5014.81 vwap=5005.18
2026-03-16T23:35:00+07:00,2026-03-16T23:40:00+07:00,SELL,4983.76,4986.18,4966.74,SL,-2.62,S419 SELL Orochi BREAKOUT@VAL 7R,BREAKOUT@VAL val=4990.53 vah=5024.80 poc=5014.81 vwap=5005.18
2026-03-16T23:45:00+07:00,2026-03-16T23:50:00+07:00,SELL,4989.63,4992.37,4971.65,SL,-2.94,S419 SELL Orochi BREAKOUT@VAL 7R,BREAKOUT@VAL val=4990.53 vah=5024.80 poc=5014.81 vwap=5005.18
2026-03-17T00:40:00+07:00,2026-03-17T00:45:00+07:00,SELL,4987.6,4991.7,4958.98,SL,-4.3,S419 SELL Orochi BREAKOUT@VAL 7R,BREAKOUT@VAL val=4990.53 vah=5024.80 poc=5014.81 vwap=5005.18
2026-03-17T00:50:00+07:00,2026-03-17T01:00:00+07:00,SELL,4988.29,4994.12,4947.4,BE,-0.2,S419 SELL Orochi BREAKOUT@VAL 7R,BREAKOUT@VAL val=4990.53 vah=5024.80 poc=5014.81 vwap=5005.18
2026-03-17T08:55:00+07:00,2026-03-17T09:05:00+07:00,BUY,5027.8,5018.94,5090.06,BE,-0.2,S419 BUY Orochi BREAKOUT@VAH 7R,BREAKOUT@VAH val=4990.53 vah=5024.80 poc=5014.81 vwap=5005.18
2026-03-17T10:25:00+07:00,2026-03-17T10:35:00+07:00,BUY,5032.7,5026.23,5077.27,BE,-0.2,S419 BUY Orochi BREAKOUT@VAH 7R,BREAKOUT@VAH val=4990.53 vah=5024.80 poc=5014.81 vwap=5005.18
2026-03-17T10:40:00+07:00,2026-03-17T10:45:00+07:00,BUY,5028.84,5026.49,5044.33,SL,-2.55,S419 BUY Orochi BREAKOUT@VAH 7R,BREAKOUT@VAH val=4990.53 vah=5024.80 poc=5014.81 vwap=5005.18
2026-03-17T10:50:00+07:00,2026-03-17T11:05:00+07:00,BUY,5028.8,5025.0,5055.32,BE,-0.2,S419 BUY Orochi BREAKOUT@VAH 7R,BREAKOUT@VAH val=4990.53 vah=5024.80 poc=5014.81 vwap=5005.18
2026-03-17T11:10:00+07:00,2026-03-17T11:15:00+07:00,BUY,5029.18,5026.72,5046.08,SL,-2.66,S419 BUY Orochi BREAKOUT@VAH 7R,BREAKOUT@VAH val=4990.53 vah=5024.80 poc=5014.81 vwap=5005.18
2026-03-17T11:20:00+07:00,2026-03-17T12:45:00+07:00,BUY,5029.59,5025.92,5055.2,BE,-0.2,S419 BUY Orochi BREAKOUT@VAH 7R,BREAKOUT@VAH val=4990.53 vah=5024.80 poc=5014.81 vwap=5005.18
2026-03-17T12:50:00+07:00,2026-03-17T12:55:00+07:00,BUY,5026.8,5021.52,5063.52,SL,-5.48,S419 BUY Orochi BREAKOUT@VAH 7R,BREAKOUT@VAH val=4990.53 vah=5024.80 poc=5014.81 vwap=5005.18
2026-03-17T22:40:00+07:00,2026-03-17T22:55:00+07:00,SELL,4984.59,4997.84,4891.44,SL,-13.45,S419 SELL Orochi BREAKOUT@VAL 7R,BREAKOUT@VAL val=4997.62 vah=5029.87 poc=5010.82 vwap=5011.84
2026-03-17T23:05:00+07:00,2026-03-17T23:15:00+07:00,SELL,4993.67,5001.6,4938.8,SL,-8.13,S419 SELL Orochi BREAKOUT@VAL 7R,BREAKOUT@VAL val=4997.62 vah=5029.87 poc=5010.82 vwap=5011.84
2026-03-18T10:00:00+07:00,2026-03-18T10:10:00+07:00,SELL,4989.75,4997.2,4936.32,BE,-0.2,S419 SELL Orochi BREAKOUT@VAL 7R,BREAKOUT@VAL val=4997.62 vah=5026.94 poc=5010.82 vwap=5011.22
2026-03-18T10:15:00+07:00,2026-03-18T10:25:00+07:00,SELL,4995.66,4997.37,4983.77,BE,-0.2,S419 SELL Orochi BREAKOUT@VAL 7R,BREAKOUT@VAL val=4997.62 vah=5026.94 poc=5010.82 vwap=5011.62
2026-03-18T10:30:00+07:00,2026-03-18T10:40:00+07:00,SELL,4995.74,4998.18,4978.26,BE,-0.2,S419 SELL Orochi BREAKOUT@VAL 7R,BREAKOUT@VAL val=5000.56 vah=5026.94 poc=5010.82 vwap=5011.97
2026-03-18T10:45:00+07:00,2026-03-18T12:35:00+07:00,SELL,4994.06,4998.4,4963.76,BE,-0.2,S419 SELL Orochi BREAKOUT@VAL 7R,BREAKOUT@VAL val=5000.56 vah=5026.94 poc=5010.82 vwap=5012.42
2026-03-18T12:40:00+07:00,2026-03-18T12:45:00+07:00,SELL,4999.27,5002.47,4976.71,SL,-3.4,S419 SELL Orochi BREAKOUT@VAL 7R,BREAKOUT@VAL val=5000.82 vah=5024.86 poc=5012.84 vwap=5015.56
2026-03-18T12:50:00+07:00,2026-03-18T13:00:00+07:00,SELL,5000.92,5003.77,4980.89,BE,-0.2,S419 SELL Orochi BREAKOUT@VAL 7R,BREAKOUT@VAL val=5003.01 vah=5024.86 poc=5012.84 vwap=5015.67
2026-03-18T14:55:00+07:00,2026-03-18T15:15:00+07:00,SELL,4995.04,4997.39,4978.27,BE,-0.2,S419 SELL Orochi BREAKOUT@VAL 7R,BREAKOUT@VAL val=5000.82 vah=5024.86 poc=5012.84 vwap=5015.97
2026-03-18T15:25:00+07:00,2026-03-18T15:35:00+07:00,SELL,4989.12,4992.65,4963.93,BE,-0.2,S419 SELL Orochi BREAKOUT@VAL 7R,BREAKOUT@VAL val=5000.82 vah=5024.86 poc=5012.84 vwap=5016.07
2026-03-18T15:40:00+07:00,2026-03-18T15:50:00+07:00,SELL,4985.31,4993.27,4930.31,BE,-0.2,S419 SELL Orochi BREAKOUT@VAL 7R,BREAKOUT@VAL val=5000.82 vah=5024.86 poc=5012.84 vwap=5016.23
2026-03-18T15:55:00+07:00,2026-03-18T16:05:00+07:00,SELL,4987.46,4990.83,4964.11,BE,-0.2,S419 SELL Orochi BREAKOUT@VAL 7R,BREAKOUT@VAL val=5000.82 vah=5024.86 poc=5012.84 vwap=5016.40
2026-03-18T16:10:00+07:00,2026-03-18T16:20:00+07:00,SELL,4986.25,4992.25,4944.41,BE,-0.2,S419 SELL Orochi BREAKOUT@VAL 7R,BREAKOUT@VAL val=5000.82 vah=5024.86 poc=5012.84 vwap=5016.54
2026-03-18T16:25:00+07:00,2026-03-18T16:35:00+07:00,SELL,4992.29,4995.57,4969.97,SL,-3.48,S419 SELL Orochi BREAKOUT@VAL 7R,BREAKOUT@VAL val=5003.01 vah=5027.05 poc=5012.84 vwap=5016.66
2026-03-18T16:40:00+07:00,2026-03-18T16:50:00+07:00,SELL,4993.22,4996.7,4968.62,BE,-0.2,S419 SELL Orochi BREAKOUT@VAL 7R,BREAKOUT@VAL val=5003.01 vah=5027.05 poc=5012.84 vwap=5016.73
2026-03-18T16:55:00+07:00,2026-03-18T17:35:00+07:00,SELL,4992.21,4996.15,4964.39,TP,27.62,S419 SELL Orochi BREAKOUT@VAL 7R,BREAKOUT@VAL val=5003.01 vah=5027.05 poc=5012.84 vwap=5016.80
2026-03-18T17:40:00+07:00,2026-03-18T18:05:00+07:00,SELL,4977.5,4981.91,4950.47,TP,26.83,S419 SELL Orochi BREAKOUT@VAL 7R,BREAKOUT@VAL val=5003.01 vah=5027.05 poc=5012.84 vwap=5017.17
2026-03-18T18:10:00+07:00,2026-03-18T18:15:00+07:00,SELL,4970.23,4972.36,4956.28,SL,-2.33,S419 SELL Orochi BREAKOUT@VAL 7R,BREAKOUT@VAL val=5005.19 vah=5029.23 poc=5012.84 vwap=5017.76
2026-03-18T18:20:00+07:00,2026-03-18T19:20:00+07:00,SELL,4966.0,4976.01,4898.17,TP,67.63,S419 SELL Orochi BREAKOUT@VAL 7R,BREAKOUT@VAL val=5005.19 vah=5027.05 poc=5012.84 vwap=5018.09
2026-03-18T19:25:00+07:00,2026-03-19T03:10:00+07:00,SELL,4901.62,4911.35,4831.35,TP,70.07,S419 SELL Orochi BREAKOUT@VAL 7R,BREAKOUT@VAL val=5005.19 vah=5029.23 poc=5023.77 vwap=5018.33
2026-03-19T03:20:00+07:00,2026-03-19T03:45:00+07:00,SELL,4821.89,4830.8,4757.44,BE,-0.2,S419 SELL Orochi BREAKOUT@VAL 7R,BREAKOUT@VAL val=4984.55 vah=5018.02 poc=5001.28 vwap=4988.84
2026-03-19T03:50:00+07:00,2026-03-19T05:00:00+07:00,SELL,4817.57,4829.19,4736.39,SL,-11.82,S419 SELL Orochi BREAKOUT@VAL 7R,BREAKOUT@VAL val=4984.55 vah=5018.02 poc=5001.28 vwap=4988.84
2026-03-19T05:05:00+07:00,2026-03-19T05:35:00+07:00,SELL,4827.02,4838.66,4745.62,BE,-0.2,S419 SELL Orochi BREAKOUT@VAL 7R,BREAKOUT@VAL val=4984.55 vah=5018.02 poc=5001.28 vwap=4988.84
2026-03-19T05:40:00+07:00,2026-03-19T05:45:00+07:00,SELL,4828.12,4831.84,4802.56,SL,-3.92,S419 SELL Orochi BREAKOUT@VAL 7R,BREAKOUT@VAL val=4984.55 vah=5018.02 poc=5001.28 vwap=4988.84
2026-03-19T05:50:00+07:00,2026-03-19T06:00:00+07:00,SELL,4832.95,4841.52,4771.84,BE,-0.2,S419 SELL Orochi BREAKOUT@VAL 7R,BREAKOUT@VAL val=4984.55 vah=5018.02 poc=5001.28 vwap=4988.84
2026-03-19T06:05:00+07:00,2026-03-19T06:15:00+07:00,SELL,4834.0,4839.38,4796.5,BE,-0.2,S419 SELL Orochi BREAKOUT@VAL 7R,BREAKOUT@VAL val=4984.55 vah=5018.02 poc=5001.28 vwap=4988.84
2026-03-19T06:20:00+07:00,2026-03-19T06:25:00+07:00,SELL,4835.53,4838.27,4816.03,SL,-2.94,S419 SELL Orochi BREAKOUT@VAL 7R,BREAKOUT@VAL val=4984.55 vah=5018.02 poc=5001.28 vwap=4988.84
2026-03-19T06:30:00+07:00,2026-03-19T06:40:00+07:00,SELL,4835.95,4842.95,4786.55,BE,-0.2,S419 SELL Orochi BREAKOUT@VAL 7R,BREAKOUT@VAL val=4984.55 vah=5018.02 poc=5001.28 vwap=4988.84
2026-03-19T06:45:00+07:00,2026-03-19T06:55:00+07:00,SELL,4836.6,4844.22,4783.18,BE,-0.2,S419 SELL Orochi BREAKOUT@VAL 7R,BREAKOUT@VAL val=4984.55 vah=5018.02 poc=5001.28 vwap=4988.84
2026-03-19T07:00:00+07:00,2026-03-19T07:05:00+07:00,SELL,4845.81,4848.16,4829.44,SL,-2.55,S419 SELL Orochi BREAKOUT@VAL 7R,BREAKOUT@VAL val=4984.55 vah=5018.02 poc=5001.28 vwap=4988.84
2026-03-19T07:10:00+07:00,2026-03-19T07:20:00+07:00,SELL,4843.39,4849.76,4798.72,BE,-0.2,S419 SELL Orochi BREAKOUT@VAL 7R,BREAKOUT@VAL val=4984.55 vah=5018.02 poc=5001.28 vwap=4988.84
2026-03-19T07:25:00+07:00,2026-03-19T07:30:00+07:00,SELL,4842.44,4845.38,4822.18,SL,-3.14,S419 SELL Orochi BREAKOUT@VAL 7R,BREAKOUT@VAL val=4984.55 vah=5018.02 poc=5001.28 vwap=4988.57
2026-03-19T07:35:00+07:00,2026-03-19T07:45:00+07:00,SELL,4843.89,4850.43,4798.67,BE,-0.2,S419 SELL Orochi BREAKOUT@VAL 7R,BREAKOUT@VAL val=4984.55 vah=5018.02 poc=5001.28 vwap=4988.33
2026-03-19T07:50:00+07:00,2026-03-19T08:00:00+07:00,SELL,4840.84,4847.77,4792.41,BE,-0.2,S419 SELL Orochi BREAKOUT@VAL 7R,BREAKOUT@VAL val=4984.55 vah=5018.02 poc=5001.28 vwap=4987.87
2026-03-19T08:10:00+07:00,2026-03-19T08:20:00+07:00,SELL,4838.04,4844.08,4795.6,BE,-0.2,S419 SELL Orochi BREAKOUT@VAL 7R,BREAKOUT@VAL val=4983.07 vah=5014.27 poc=5004.91 vwap=4986.94
2026-03-19T08:25:00+07:00,2026-03-19T08:30:00+07:00,SELL,4845.54,4847.48,4831.16,SL,-2.14,S419 SELL Orochi BREAKOUT@VAL 7R,BREAKOUT@VAL val=4982.84 vah=5013.98 poc=5004.64 vwap=4986.42
2026-03-19T08:35:00+07:00,2026-03-19T08:40:00+07:00,SELL,4862.1,4863.96,4849.0,SL,-2.06,S419 SELL Orochi BREAKOUT@VAL 7R,BREAKOUT@VAL val=4982.29 vah=5013.28 poc=5003.99 vwap=4986.05
2026-03-19T08:45:00+07:00,2026-03-19T08:55:00+07:00,SELL,4857.63,4869.04,4777.68,BE,-0.2,S419 SELL Orochi BREAKOUT@VAL 7R,BREAKOUT@VAL val=4982.29 vah=5013.28 poc=5003.99 vwap=4985.75
2026-03-19T09:05:00+07:00,2026-03-19T09:15:00+07:00,SELL,4847.34,4853.85,4801.93,BE,-0.2,S419 SELL Orochi BREAKOUT@VAL 7R,BREAKOUT@VAL val=4982.29 vah=5013.28 poc=5003.99 vwap=4985.12
2026-03-19T09:20:00+07:00,2026-03-19T09:30:00+07:00,SELL,4857.34,4859.33,4842.61,BE,-0.2,S419 SELL Orochi BREAKOUT@VAL 7R,BREAKOUT@VAL val=4980.75 vah=5011.31 poc=5002.14 vwap=4984.59
2026-03-19T09:35:00+07:00,2026-03-19T09:45:00+07:00,SELL,4856.81,4862.1,4818.26,BE,-0.2,S419 SELL Orochi BREAKOUT@VAL 7R,BREAKOUT@VAL val=4985.97 vah=5016.29 poc=5001.13 vwap=4984.05
2026-03-19T09:50:00+07:00,2026-03-19T10:00:00+07:00,SELL,4861.23,4863.26,4847.58,BE,-0.2,S419 SELL Orochi BREAKOUT@VAL 7R,BREAKOUT@VAL val=4985.97 vah=5016.29 poc=5001.13 vwap=4983.68
2026-03-19T10:05:00+07:00,2026-03-19T10:15:00+07:00,SELL,4863.55,4865.47,4850.59,BE,-0.2,S419 SELL Orochi BREAKOUT@VAL 7R,BREAKOUT@VAL val=4985.97 vah=5016.29 poc=5001.13 vwap=4983.62
2026-03-19T10:25:00+07:00,2026-03-19T13:25:00+07:00,SELL,4860.02,4866.3,4816.14,TP,43.68,S419 SELL Orochi BREAKOUT@VAL 7R,BREAKOUT@VAL val=4985.97 vah=5016.29 poc=5001.13 vwap=4983.24
2026-03-19T13:55:00+07:00,2026-03-19T14:05:00+07:00,SELL,4763.79,4773.62,4694.66,SL,-10.03,S419 SELL Orochi BREAKOUT@VAL 7R,BREAKOUT@VAL val=4979.90 vah=5016.29 poc=5001.13 vwap=4978.42
2026-03-19T14:10:00+07:00,2026-03-19T15:10:00+07:00,SELL,4778.12,4788.09,4707.13,TP,70.79,S419 SELL Orochi BREAKOUT@VAL 7R,BREAKOUT@VAL val=4979.90 vah=5016.29 poc=5001.13 vwap=4978.00
2026-03-19T15:15:00+07:00,2026-03-19T15:25:00+07:00,SELL,4729.48,4737.26,4674.54,BE,-0.2,S419 SELL Orochi BREAKOUT@VAL 7R,BREAKOUT@VAL val=4979.90 vah=5016.29 poc=4995.06 vwap=4977.17
2026-03-19T15:35:00+07:00,2026-03-19T15:45:00+07:00,SELL,4710.65,4726.75,4597.87,BE,-0.2,S419 SELL Orochi BREAKOUT@VAL 7R,BREAKOUT@VAL val=4973.84 vah=5016.29 poc=4995.06 vwap=4976.96
2026-03-19T15:50:00+07:00,2026-03-19T16:00:00+07:00,SELL,4707.19,4724.8,4583.84,BE,-0.2,S419 SELL Orochi BREAKOUT@VAL 7R,BREAKOUT@VAL val=4973.84 vah=5016.29 poc=4995.06 vwap=4976.81
2026-03-19T16:05:00+07:00,2026-03-19T16:15:00+07:00,SELL,4702.41,4725.73,4539.09,BE,-0.2,S419 SELL Orochi BREAKOUT@VAL 7R,BREAKOUT@VAL val=4973.84 vah=5016.29 poc=4995.06 vwap=4976.61
2026-03-19T16:20:00+07:00,2026-03-19T16:30:00+07:00,SELL,4710.53,4727.09,4594.77,BE,-0.2,S419 SELL Orochi BREAKOUT@VAL 7R,BREAKOUT@VAL val=4973.84 vah=5016.29 poc=4995.06 vwap=4976.39
2026-03-19T16:35:00+07:00,2026-03-19T16:45:00+07:00,SELL,4712.61,4730.32,4589.68,BE,-0.2,S419 SELL Orochi BREAKOUT@VAL 7R,BREAKOUT@VAL val=4973.84 vah=5016.29 poc=4995.06 vwap=4976.23
2026-03-19T16:50:00+07:00,2026-03-19T17:00:00+07:00,SELL,4706.06,4721.2,4599.68,BE,-0.2,S419 SELL Orochi BREAKOUT@VAL 7R,BREAKOUT@VAL val=4973.84 vah=5016.29 poc=4995.06 vwap=4976.04
2026-03-19T17:05:00+07:00,2026-03-19T19:00:00+07:00,SELL,4712.69,4723.51,4636.87,TP,75.62,S419 SELL Orochi BREAKOUT@VAL 7R,BREAKOUT@VAL val=4973.84 vah=5016.29 poc=4995.06 vwap=4975.88
2026-03-19T19:10:00+07:00,2026-03-19T19:20:00+07:00,SELL,4619.55,4643.24,4454.36,BE,-0.2,S419 SELL Orochi BREAKOUT@VAL 7R,BREAKOUT@VAL val=4961.70 vah=5016.29 poc=4995.06 vwap=4970.71
2026-03-19T19:25:00+07:00,2026-03-19T19:35:00+07:00,SELL,4606.86,4623.84,4488.56,BE,-0.2,S419 SELL Orochi BREAKOUT@VAL 7R,BREAKOUT@VAL val=4961.70 vah=5016.29 poc=4989.00 vwap=4969.97
2026-03-19T19:50:00+07:00,2026-03-19T19:55:00+07:00,SELL,4573.52,4580.57,4523.85,SL,-7.25,S419 SELL Orochi BREAKOUT@VAL 7R,BREAKOUT@VAL val=4955.64 vah=5016.29 poc=4989.00 vwap=4968.93
2026-03-19T20:10:00+07:00,2026-03-19T20:20:00+07:00,SELL,4539.72,4572.15,4319.43,BE,-0.2,S419 SELL Orochi BREAKOUT@VAL 7R,BREAKOUT@VAL val=4745.94 vah=4899.01 poc=4860.74 vwap=4797.88
2026-03-19T20:25:00+07:00,2026-03-19T20:35:00+07:00,SELL,4576.38,4587.89,4496.85,BE,-0.2,S419 SELL Orochi BREAKOUT@VAL 7R,BREAKOUT@VAL val=4745.94 vah=4899.01 poc=4860.74 vwap=4797.88
2026-03-19T20:40:00+07:00,2026-03-19T20:50:00+07:00,SELL,4559.13,4588.83,4352.11,BE,-0.2,S419 SELL Orochi BREAKOUT@VAL 7R,BREAKOUT@VAL val=4745.94 vah=4899.01 poc=4860.74 vwap=4797.88
2026-03-19T20:55:00+07:00,2026-03-19T21:00:00+07:00,SELL,4620.94,4628.88,4560.64,SL,-8.14,S419 SELL Orochi BREAKOUT@VAL 7R,BREAKOUT@VAL val=4745.94 vah=4899.01 poc=4860.74 vwap=4797.88
2026-03-19T21:05:00+07:00,2026-03-19T21:15:00+07:00,SELL,4625.56,4650.96,4448.0,BE,-0.2,S419 SELL Orochi BREAKOUT@VAL 7R,BREAKOUT@VAL val=4745.94 vah=4899.01 poc=4860.74 vwap=4797.88
2026-03-19T21:20:00+07:00,2026-03-19T21:35:00+07:00,SELL,4612.42,4642.4,4402.64,BE,-0.2,S419 SELL Orochi BREAKOUT@VAL 7R,BREAKOUT@VAL val=4745.94 vah=4899.01 poc=4860.74 vwap=4797.88
2026-03-19T21:40:00+07:00,2026-03-19T21:50:00+07:00,SELL,4612.94,4628.65,4503.61,BE,-0.2,S419 SELL Orochi BREAKOUT@VAL 7R,BREAKOUT@VAL val=4745.94 vah=4899.01 poc=4860.74 vwap=4797.88
2026-03-19T21:55:00+07:00,2026-03-19T22:05:00+07:00,SELL,4601.86,4633.62,4380.58,BE,-0.2,S419 SELL Orochi BREAKOUT@VAL 7R,BREAKOUT@VAL val=4745.94 vah=4899.01 poc=4860.74 vwap=4797.88
2026-03-19T22:10:00+07:00,2026-03-20T00:50:00+07:00,SELL,4627.48,4644.21,4510.85,BE,-0.2,S419 SELL Orochi BREAKOUT@VAL 7R,BREAKOUT@VAL val=4745.94 vah=4899.01 poc=4860.74 vwap=4797.88
2026-03-20T00:55:00+07:00,2026-03-20T01:10:00+07:00,SELL,4616.08,4633.2,4496.16,BE,-0.2,S419 SELL Orochi BREAKOUT@VAL 7R,BREAKOUT@VAL val=4745.94 vah=4899.01 poc=4860.74 vwap=4797.88
2026-03-20T01:15:00+07:00,2026-03-20T01:25:00+07:00,SELL,4608.89,4620.81,4525.37,BE,-0.2,S419 SELL Orochi BREAKOUT@VAL 7R,BREAKOUT@VAL val=4745.94 vah=4899.01 poc=4860.74 vwap=4797.88
2026-03-20T01:30:00+07:00,2026-03-20T01:40:00+07:00,SELL,4603.57,4617.51,4505.91,BE,-0.2,S419 SELL Orochi BREAKOUT@VAL 7R,BREAKOUT@VAL val=4745.94 vah=4899.01 poc=4860.74 vwap=4797.88
2026-03-20T01:45:00+07:00,2026-03-20T01:55:00+07:00,SELL,4607.67,4616.91,4543.47,BE,-0.2,S419 SELL Orochi BREAKOUT@VAL 7R,BREAKOUT@VAL val=4745.94 vah=4899.01 poc=4860.74 vwap=4797.88
2026-03-20T02:00:00+07:00,2026-03-20T02:05:00+07:00,SELL,4635.32,4650.97,4525.69,SL,-15.85,S419 SELL Orochi BREAKOUT@VAL 7R,BREAKOUT@VAL val=4745.94 vah=4899.01 poc=4860.74 vwap=4797.88
2026-03-20T02:10:00+07:00,2026-03-20T02:20:00+07:00,SELL,4657.14,4666.27,4594.51,BE,-0.2,S419 SELL Orochi BREAKOUT@VAL 7R,BREAKOUT@VAL val=4745.94 vah=4899.01 poc=4860.74 vwap=4797.88
2026-03-20T02:25:00+07:00,2026-03-20T02:35:00+07:00,SELL,4644.19,4661.71,4521.15,BE,-0.2,S419 SELL Orochi BREAKOUT@VAL 7R,BREAKOUT@VAL val=4745.94 vah=4899.01 poc=4860.74 vwap=4797.88
2026-03-20T02:40:00+07:00,2026-03-20T02:50:00+07:00,SELL,4638.69,4650.74,4554.42,BE,-0.2,S419 SELL Orochi BREAKOUT@VAL 7R,BREAKOUT@VAL val=4745.94 vah=4899.01 poc=4860.74 vwap=4797.88
2026-03-20T02:55:00+07:00,2026-03-20T03:00:00+07:00,SELL,4644.03,4653.41,4578.29,SL,-9.58,S419 SELL Orochi BREAKOUT@VAL 7R,BREAKOUT@VAL val=4745.94 vah=4899.01 poc=4860.74 vwap=4797.88
2026-03-20T03:05:00+07:00,2026-03-20T03:15:00+07:00,SELL,4655.82,4661.03,4619.27,BE,-0.2,S419 SELL Orochi BREAKOUT@VAL 7R,BREAKOUT@VAL val=4745.94 vah=4899.01 poc=4860.74 vwap=4797.88
2026-03-20T03:20:00+07:00,2026-03-20T03:30:00+07:00,SELL,4658.68,4663.57,4624.93,BE,-0.2,S419 SELL Orochi BREAKOUT@VAL 7R,BREAKOUT@VAL val=4745.94 vah=4899.01 poc=4860.74 vwap=4797.88
2026-03-20T03:35:00+07:00,2026-03-20T03:45:00+07:00,SELL,4657.34,4661.82,4626.78,BE,-0.2,S419 SELL Orochi BREAKOUT@VAL 7R,BREAKOUT@VAL val=4745.94 vah=4899.01 poc=4860.74 vwap=4797.88
2026-03-20T03:50:00+07:00,2026-03-20T05:00:00+07:00,SELL,4657.51,4663.75,4613.99,BE,-0.2,S419 SELL Orochi BREAKOUT@VAL 7R,BREAKOUT@VAL val=4745.94 vah=4899.01 poc=4860.74 vwap=4797.88
2026-03-20T05:05:00+07:00,2026-03-20T05:10:00+07:00,SELL,4665.8,4668.81,4645.05,SL,-3.21,S419 SELL Orochi BREAKOUT@VAL 7R,BREAKOUT@VAL val=4745.94 vah=4899.01 poc=4860.74 vwap=4797.88
2026-03-20T05:15:00+07:00,2026-03-20T08:05:00+07:00,SELL,4671.4,4678.78,4620.14,BE,-0.2,S419 SELL Orochi BREAKOUT@VAL 7R,BREAKOUT@VAL val=4745.94 vah=4899.01 poc=4860.74 vwap=4797.88
2026-03-20T08:20:00+07:00,2026-03-20T08:30:00+07:00,SELL,4653.61,4662.15,4591.03,BE,-0.2,S419 SELL Orochi BREAKOUT@VAL 7R,BREAKOUT@VAL val=4715.33 vah=4899.01 poc=4845.44 vwap=4792.82
2026-03-20T08:35:00+07:00,2026-03-20T08:40:00+07:00,SELL,4675.6,4680.84,4638.84,SL,-5.44,S419 SELL Orochi BREAKOUT@VAL 7R,BREAKOUT@VAL val=4715.33 vah=4899.01 poc=4845.44 vwap=4791.27
2026-03-20T08:45:00+07:00,2026-03-20T09:10:00+07:00,SELL,4685.06,4702.29,4564.61,BE,-0.2,S419 SELL Orochi BREAKOUT@VAL 7R,BREAKOUT@VAL val=4715.33 vah=4899.01 poc=4845.44 vwap=4790.43
2026-03-20T09:15:00+07:00,2026-03-20T09:30:00+07:00,SELL,4688.5,4693.03,4656.47,BE,-0.2,S419 SELL Orochi BREAKOUT@VAL 7R,BREAKOUT@VAL val=4715.33 vah=4899.01 poc=4845.44 vwap=4788.29
2026-03-20T09:35:00+07:00,2026-03-20T09:45:00+07:00,SELL,4684.34,4693.82,4618.06,BE,-0.2,S419 SELL Orochi BREAKOUT@VAL 7R,BREAKOUT@VAL val=4715.33 vah=4899.01 poc=4845.44 vwap=4786.73
2026-03-20T09:50:00+07:00,2026-03-20T10:00:00+07:00,SELL,4698.23,4706.36,4641.16,BE,-0.2,S419 SELL Orochi BREAKOUT@VAL 7R,BREAKOUT@VAL val=4715.33 vah=4899.01 poc=4845.44 vwap=4785.74
2026-03-20T13:00:00+07:00,2026-03-20T13:15:00+07:00,SELL,4694.99,4703.34,4636.3,BE,-0.2,S419 SELL Orochi BREAKOUT@VAL 7R,BREAKOUT@VAL val=4705.17 vah=4878.70 poc=4842.55 vwap=4768.96
2026-03-20T13:20:00+07:00,2026-03-20T14:35:00+07:00,SELL,4690.04,4698.41,4633.05,BE,-0.2,S419 SELL Orochi BREAKOUT@VAL 7R,BREAKOUT@VAL val=4699.37 vah=4867.09 poc=4846.12 vwap=4766.71
2026-03-20T14:40:00+07:00,2026-03-20T14:50:00+07:00,SELL,4694.07,4700.35,4649.87,SL,-6.48,S419 SELL Orochi BREAKOUT@VAL 7R,BREAKOUT@VAL val=4699.37 vah=4867.09 poc=4846.12 vwap=4759.87
2026-03-20T15:55:00+07:00,2026-03-20T16:05:00+07:00,SELL,4693.84,4701.98,4636.7,BE,-0.2,S419 SELL Orochi BREAKOUT@VAL 7R,BREAKOUT@VAL val=4699.37 vah=4867.09 poc=4846.12 vwap=4755.96
2026-03-20T16:10:00+07:00,2026-03-20T19:10:00+07:00,SELL,4694.03,4703.19,4629.83,BE,-0.2,S419 SELL Orochi BREAKOUT@VAL 7R,BREAKOUT@VAL val=4699.37 vah=4867.09 poc=4846.12 vwap=4754.89
2026-03-20T21:20:00+07:00,2026-03-20T21:30:00+07:00,SELL,4569.04,4593.16,4400.04,BE,-0.2,S419 SELL Orochi BREAKOUT@VAL 7R,BREAKOUT@VAL val=4599.72 vah=4706.69 poc=4662.93 vwap=4647.54
2026-03-20T21:35:00+07:00,2026-03-20T21:45:00+07:00,SELL,4574.51,4590.55,4462.31,BE,-0.2,S419 SELL Orochi BREAKOUT@VAL 7R,BREAKOUT@VAL val=4599.72 vah=4706.69 poc=4662.93 vwap=4647.54
2026-03-20T21:50:00+07:00,2026-03-20T22:00:00+07:00,SELL,4554.68,4587.1,4327.26,BE,-0.2,S419 SELL Orochi BREAKOUT@VAL 7R,BREAKOUT@VAL val=4599.72 vah=4706.69 poc=4662.93 vwap=4647.54
2026-03-20T22:05:00+07:00,2026-03-20T22:20:00+07:00,SELL,4564.6,4585.0,4423.08,BE,-0.2,S419 SELL Orochi BREAKOUT@VAL 7R,BREAKOUT@VAL val=4599.72 vah=4706.69 poc=4662.93 vwap=4647.54
2026-03-20T22:25:00+07:00,2026-03-20T22:35:00+07:00,SELL,4562.8,4579.58,4445.42,BE,-0.2,S419 SELL Orochi BREAKOUT@VAL 7R,BREAKOUT@VAL val=4599.72 vah=4706.69 poc=4662.93 vwap=4647.54
2026-03-20T22:40:00+07:00,2026-03-20T23:00:00+07:00,SELL,4562.64,4572.67,4492.19,BE,-0.2,S419 SELL Orochi BREAKOUT@VAL 7R,BREAKOUT@VAL val=4599.72 vah=4706.69 poc=4662.93 vwap=4647.54
2026-03-20T23:05:00+07:00,2026-03-20T23:10:00+07:00,SELL,4571.76,4584.83,4479.63,SL,-13.27,S419 SELL Orochi BREAKOUT@VAL 7R,BREAKOUT@VAL val=4599.72 vah=4706.69 poc=4662.93 vwap=4647.54
2026-03-20T23:30:00+07:00,2026-03-20T23:50:00+07:00,SELL,4581.03,4600.52,4444.68,BE,-0.2,S419 SELL Orochi BREAKOUT@VAL 7R,BREAKOUT@VAL val=4599.72 vah=4706.69 poc=4662.93 vwap=4647.54
2026-03-20T23:55:00+07:00,2026-03-21T00:05:00+07:00,SELL,4583.29,4592.13,4521.33,BE,-0.2,S419 SELL Orochi BREAKOUT@VAL 7R,BREAKOUT@VAL val=4599.72 vah=4706.69 poc=4662.93 vwap=4647.54
2026-03-21T00:10:00+07:00,2026-03-23T07:05:00+07:00,SELL,4582.2,4604.36,4426.92,TP,155.08,S419 SELL Orochi BREAKOUT@VAL 7R,BREAKOUT@VAL val=4599.72 vah=4706.69 poc=4662.93 vwap=4647.54
2026-03-25T03:30:00+07:00,2026-03-25T03:40:00+07:00,BUY,4458.67,4444.68,4556.2,BE,-0.2,S419 BUY Orochi BREAKOUT@VAH 7R,BREAKOUT@VAH val=4349.03 vah=4435.17 poc=4413.63 vwap=4399.84
2026-03-25T03:45:00+07:00,2026-03-25T05:30:00+07:00,BUY,4465.94,4443.79,4620.19,BE,-0.2,S419 BUY Orochi BREAKOUT@VAH 7R,BREAKOUT@VAH val=4349.03 vah=4435.17 poc=4413.63 vwap=4399.84
2026-03-25T05:35:00+07:00,2026-03-25T07:00:00+07:00,BUY,4464.94,4452.5,4551.94,TP,86.8,S419 BUY Orochi BREAKOUT@VAH 7R,BREAKOUT@VAH val=4349.03 vah=4435.17 poc=4413.63 vwap=4399.84
2026-03-25T07:05:00+07:00,2026-03-25T07:15:00+07:00,BUY,4548.96,4533.98,4653.74,BE,-0.2,S419 BUY Orochi BREAKOUT@VAH 7R,BREAKOUT@VAH val=4349.03 vah=4435.17 poc=4413.63 vwap=4399.84
2026-03-25T07:20:00+07:00,2026-03-25T08:45:00+07:00,BUY,4542.85,4535.29,4595.85,TP,52.8,S419 BUY Orochi BREAKOUT@VAH 7R,BREAKOUT@VAH val=4349.03 vah=4435.17 poc=4413.63 vwap=4399.54
2026-03-25T08:55:00+07:00,2026-03-25T09:00:00+07:00,BUY,4595.14,4591.43,4620.47,SL,-3.91,S419 BUY Orochi BREAKOUT@VAH 7R,BREAKOUT@VAH val=4351.23 vah=4434.21 poc=4407.81 vwap=4394.09
2026-03-25T09:05:00+07:00,2026-03-25T09:30:00+07:00,BUY,4581.52,4579.25,4597.73,BE,-0.2,S419 BUY Orochi BREAKOUT@VAH 7R,BREAKOUT@VAH val=4351.23 vah=4434.21 poc=4407.81 vwap=4393.22
2026-03-25T09:35:00+07:00,2026-03-25T09:45:00+07:00,BUY,4592.41,4579.39,4683.15,BE,-0.2,S419 BUY Orochi BREAKOUT@VAH 7R,BREAKOUT@VAH val=4359.66 vah=4433.51 poc=4410.01 vwap=4390.85
2026-03-25T09:50:00+07:00,2026-03-25T09:55:00+07:00,BUY,4586.36,4582.02,4616.66,SL,-4.54,S419 BUY Orochi BREAKOUT@VAH 7R,BREAKOUT@VAH val=4359.66 vah=4433.51 poc=4410.01 vwap=4389.95
2026-03-25T10:00:00+07:00,2026-03-25T10:10:00+07:00,BUY,4575.62,4571.68,4603.36,BE,-0.2,S419 BUY Orochi BREAKOUT@VAH 7R,BREAKOUT@VAH val=4359.66 vah=4433.51 poc=4410.01 vwap=4389.63
2026-03-25T10:15:00+07:00,2026-03-25T10:25:00+07:00,BUY,4576.09,4569.87,4619.55,BE,-0.2,S419 BUY Orochi BREAKOUT@VAH 7R,BREAKOUT@VAH val=4359.66 vah=4433.51 poc=4410.01 vwap=4389.62
2026-03-25T10:30:00+07:00,2026-03-25T10:40:00+07:00,BUY,4573.53,4569.27,4603.19,BE,-0.2,S419 BUY Orochi BREAKOUT@VAH 7R,BREAKOUT@VAH val=4359.66 vah=4433.51 poc=4410.01 vwap=4389.94
2026-03-25T10:45:00+07:00,2026-03-25T10:55:00+07:00,BUY,4569.37,4566.37,4590.29,BE,-0.2,S419 BUY Orochi BREAKOUT@VAH 7R,BREAKOUT@VAH val=4359.66 vah=4433.51 poc=4410.01 vwap=4390.31
2026-03-25T11:00:00+07:00,2026-03-25T11:20:00+07:00,BUY,4573.37,4563.98,4639.26,BE,-0.2,S419 BUY Orochi BREAKOUT@VAH 7R,BREAKOUT@VAH val=4352.95 vah=4433.51 poc=4410.01 vwap=4390.54
2026-03-25T11:25:00+07:00,2026-03-25T11:35:00+07:00,BUY,4574.18,4569.69,4605.85,SL,-4.69,S419 BUY Orochi BREAKOUT@VAH 7R,BREAKOUT@VAH val=4352.95 vah=4433.51 poc=4410.01 vwap=4390.75
2026-03-25T11:40:00+07:00,2026-03-25T11:50:00+07:00,BUY,4569.68,4565.05,4602.17,BE,-0.2,S419 BUY Orochi BREAKOUT@VAH 7R,BREAKOUT@VAH val=4352.95 vah=4433.51 poc=4410.01 vwap=4390.64
2026-03-25T11:55:00+07:00,2026-03-25T12:00:00+07:00,BUY,4572.59,4568.42,4601.54,SL,-4.37,S419 BUY Orochi BREAKOUT@VAH 7R,BREAKOUT@VAH val=4352.95 vah=4433.51 poc=4410.01 vwap=4390.13
2026-03-25T12:05:00+07:00,2026-03-25T12:15:00+07:00,BUY,4571.82,4565.71,4614.75,SL,-6.31,S419 BUY Orochi BREAKOUT@VAH 7R,BREAKOUT@VAH val=4352.95 vah=4433.51 poc=4410.01 vwap=4389.84
2026-03-25T12:20:00+07:00,2026-03-25T12:25:00+07:00,BUY,4562.48,4559.57,4578.93,SL,-3.11,S419 BUY Orochi BREAKOUT@VAH 7R,BREAKOUT@VAH val=4352.95 vah=4433.51 poc=4410.01 vwap=4389.31
2026-03-25T12:30:00+07:00,2026-03-25T13:00:00+07:00,BUY,4553.16,4548.23,4588.79,BE,-0.2,S419 BUY Orochi BREAKOUT@VAH 7R,BREAKOUT@VAH val=4352.95 vah=4433.51 poc=4410.01 vwap=4388.95
2026-03-25T13:05:00+07:00,2026-03-25T13:10:00+07:00,BUY,4540.62,4537.42,4562.7,SL,-3.4,S419 BUY Orochi BREAKOUT@VAH 7R,BREAKOUT@VAH val=4352.79 vah=4433.08 poc=4409.66 vwap=4387.22
2026-03-25T13:25:00+07:00,2026-03-25T13:35:00+07:00,BUY,4550.22,4545.18,4584.86,BE,-0.2,S419 BUY Orochi BREAKOUT@VAH 7R,BREAKOUT@VAH val=4353.38 vah=4436.37 poc=4409.70 vwap=4386.13
2026-03-25T13:40:00+07:00,2026-03-25T13:50:00+07:00,BUY,4547.01,4541.98,4582.54,BE,-0.2,S419 BUY Orochi BREAKOUT@VAH 7R,BREAKOUT@VAH val=4353.38 vah=4436.37 poc=4409.70 vwap=4385.79
2026-03-25T13:55:00+07:00,2026-03-25T14:35:00+07:00,BUY,4545.59,4541.26,4576.06,BE,-0.2,S419 BUY Orochi BREAKOUT@VAH 7R,BREAKOUT@VAH val=4353.38 vah=4436.37 poc=4409.70 vwap=4385.44
2026-03-25T14:40:00+07:00,2026-03-25T14:45:00+07:00,BUY,4546.88,4541.08,4587.32,SL,-6.0,S419 BUY Orochi BREAKOUT@VAH 7R,BREAKOUT@VAH val=4353.38 vah=4436.37 poc=4409.70 vwap=4384.64
2026-03-25T14:50:00+07:00,2026-03-25T14:55:00+07:00,BUY,4544.77,4537.97,4593.33,SL,-7.0,S419 BUY Orochi BREAKOUT@VAH 7R,BREAKOUT@VAH val=4353.38 vah=4436.37 poc=4409.70 vwap=4384.57
2026-03-25T15:00:00+07:00,2026-03-25T16:45:00+07:00,BUY,4545.63,4534.1,4627.54,BE,-0.2,S419 BUY Orochi BREAKOUT@VAH 7R,BREAKOUT@VAH val=4353.38 vah=4436.37 poc=4409.70 vwap=4384.47
2026-03-25T17:05:00+07:00,2026-03-25T17:15:00+07:00,BUY,4557.11,4549.03,4613.59,BE,-0.2,S419 BUY Orochi BREAKOUT@VAH 7R,BREAKOUT@VAH val=4347.02 vah=4429.13 poc=4414.47 vwap=4381.17
2026-03-25T17:20:00+07:00,2026-03-25T17:30:00+07:00,BUY,4553.87,4549.46,4584.58,BE,-0.2,S419 BUY Orochi BREAKOUT@VAH 7R,BREAKOUT@VAH val=4351.34 vah=4430.76 poc=4410.90 vwap=4380.37
2026-03-25T17:35:00+07:00,2026-03-25T17:45:00+07:00,BUY,4556.14,4549.22,4605.38,BE,-0.2,S419 BUY Orochi BREAKOUT@VAH 7R,BREAKOUT@VAH val=4351.34 vah=4430.76 poc=4410.90 vwap=4379.58
2026-03-25T17:50:00+07:00,2026-03-25T19:20:00+07:00,BUY,4561.5,4549.87,4642.99,BE,-0.2,S419 BUY Orochi BREAKOUT@VAH 7R,BREAKOUT@VAH val=4351.34 vah=4430.76 poc=4416.57 vwap=4379.42
2026-03-25T19:25:00+07:00,2026-03-25T19:30:00+07:00,BUY,4545.35,4538.23,4596.87,SL,-7.32,S419 BUY Orochi BREAKOUT@VAH 7R,BREAKOUT@VAH val=4357.01 vah=4430.76 poc=4416.57 vwap=4385.39
2026-03-25T19:40:00+07:00,2026-03-25T20:00:00+07:00,BUY,4547.36,4535.2,4632.56,BE,-0.2,S419 BUY Orochi BREAKOUT@VAH 7R,BREAKOUT@VAH val=4360.61 vah=4431.91 poc=4414.09 vwap=4387.10
2026-03-26T11:45:00+07:00,2026-03-26T12:00:00+07:00,SELL,4522.18,4525.19,4499.83,BE,-0.2,S419 SELL Orochi BREAKOUT@VAL 7R,BREAKOUT@VAL val=4525.74 vah=4602.42 poc=4559.29 vwap=4523.50
2026-03-26T12:15:00+07:00,2026-03-26T12:30:00+07:00,SELL,4510.51,4513.6,4486.56,TP,23.75,S419 SELL Orochi BREAKOUT@VAL 7R,BREAKOUT@VAL val=4529.64 vah=4593.32 poc=4552.38 vwap=4529.39
2026-03-26T12:35:00+07:00,2026-03-26T12:55:00+07:00,SELL,4490.02,4497.19,4439.75,TP,50.07,S419 SELL Orochi BREAKOUT@VAL 7R,BREAKOUT@VAL val=4529.76 vah=4593.34 poc=4552.47 vwap=4533.20
2026-03-26T13:05:00+07:00,2026-03-26T13:25:00+07:00,SELL,4438.2,4453.59,4330.31,BE,-0.2,S419 SELL Orochi BREAKOUT@VAL 7R,BREAKOUT@VAL val=4538.85 vah=4593.34 poc=4552.47 vwap=4538.09
2026-03-26T13:30:00+07:00,2026-03-26T13:40:00+07:00,SELL,4436.86,4445.48,4376.6,BE,-0.2,S419 SELL Orochi BREAKOUT@VAL 7R,BREAKOUT@VAL val=4533.38 vah=4585.16 poc=4554.95 vwap=4541.92
2026-03-26T13:45:00+07:00,2026-03-26T13:55:00+07:00,SELL,4449.37,4461.1,4368.14,BE,-0.2,S419 SELL Orochi BREAKOUT@VAL 7R,BREAKOUT@VAL val=4533.38 vah=4585.16 poc=4554.95 vwap=4543.68
2026-03-26T14:00:00+07:00,2026-03-26T14:30:00+07:00,SELL,4455.38,4464.08,4394.56,BE,-0.2,S419 SELL Orochi BREAKOUT@VAL 7R,BREAKOUT@VAL val=4533.81 vah=4585.27 poc=4555.25 vwap=4546.01
2026-03-26T14:35:00+07:00,2026-03-26T14:40:00+07:00,SELL,4458.33,4462.26,4430.9,SL,-4.13,S419 SELL Orochi BREAKOUT@VAL 7R,BREAKOUT@VAL val=4538.02 vah=4586.32 poc=4550.09 vwap=4549.83
2026-03-26T14:45:00+07:00,2026-03-26T15:00:00+07:00,SELL,4458.66,4466.26,4405.54,BE,-0.2,S419 SELL Orochi BREAKOUT@VAL 7R,BREAKOUT@VAL val=4537.90 vah=4583.06 poc=4554.03 vwap=4551.47
2026-03-26T15:05:00+07:00,2026-03-26T18:20:00+07:00,SELL,4452.82,4461.5,4392.54,BE,-0.2,S419 SELL Orochi BREAKOUT@VAL 7R,BREAKOUT@VAL val=4541.46 vah=4584.13 poc=4556.70 vwap=4554.23
2026-03-26T18:25:00+07:00,2026-03-26T19:10:00+07:00,SELL,4443.45,4459.06,4333.78,BE,-0.2,S419 SELL Orochi BREAKOUT@VAL 7R,BREAKOUT@VAL val=4545.52 vah=4578.99 poc=4557.23 vwap=4564.56
2026-03-26T19:15:00+07:00,2026-03-26T19:25:00+07:00,SELL,4436.68,4448.26,4352.58,BE,-0.2,S419 SELL Orochi BREAKOUT@VAL 7R,BREAKOUT@VAL val=4542.17 vah=4575.64 poc=4557.23 vwap=4562.74
2026-03-26T19:30:00+07:00,2026-03-26T19:40:00+07:00,SELL,4435.52,4446.98,4355.38,BE,-0.2,S419 SELL Orochi BREAKOUT@VAL 7R,BREAKOUT@VAL val=4542.17 vah=4575.64 poc=4557.23 vwap=4562.02
2026-03-26T19:45:00+07:00,2026-03-26T20:00:00+07:00,SELL,4435.38,4447.58,4350.14,BE,-0.2,S419 SELL Orochi BREAKOUT@VAL 7R,BREAKOUT@VAL val=4542.17 vah=4575.64 poc=4557.23 vwap=4561.44
2026-03-26T20:05:00+07:00,2026-03-26T20:10:00+07:00,SELL,4439.89,4444.37,4408.69,SL,-4.68,S419 SELL Orochi BREAKOUT@VAL 7R,BREAKOUT@VAL val=4447.48 vah=4579.41 poc=4555.11 vwap=4501.36
2026-03-26T20:15:00+07:00,2026-03-26T20:20:00+07:00,SELL,4440.62,4448.01,4389.21,SL,-7.59,S419 SELL Orochi BREAKOUT@VAL 7R,BREAKOUT@VAL val=4447.48 vah=4579.41 poc=4555.11 vwap=4501.36
2026-03-26T21:10:00+07:00,2026-03-26T21:15:00+07:00,SELL,4446.49,4453.38,4398.18,SL,-7.09,S419 SELL Orochi BREAKOUT@VAL 7R,BREAKOUT@VAL val=4447.48 vah=4579.41 poc=4555.11 vwap=4501.36
2026-03-26T22:35:00+07:00,2026-03-26T22:45:00+07:00,SELL,4440.24,4457.99,4314.79,BE,-0.2,S419 SELL Orochi BREAKOUT@VAL 7R,BREAKOUT@VAL val=4447.48 vah=4579.41 poc=4555.11 vwap=4501.36
2026-03-26T22:50:00+07:00,2026-03-26T23:20:00+07:00,SELL,4445.58,4449.72,4416.36,TP,29.02,S419 SELL Orochi BREAKOUT@VAL 7R,BREAKOUT@VAL val=4447.48 vah=4579.41 poc=4555.11 vwap=4501.36
2026-03-26T23:30:00+07:00,2026-03-27T00:00:00+07:00,SELL,4392.88,4404.21,4313.81,BE,-0.2,S419 SELL Orochi BREAKOUT@VAL 7R,BREAKOUT@VAL val=4447.48 vah=4579.41 poc=4555.11 vwap=4501.36
2026-03-27T00:05:00+07:00,2026-03-27T02:00:00+07:00,SELL,4398.23,4406.24,4343.76,BE,-0.2,S419 SELL Orochi BREAKOUT@VAL 7R,BREAKOUT@VAL val=4447.48 vah=4579.41 poc=4555.11 vwap=4501.36
2026-03-27T02:10:00+07:00,2026-03-27T02:20:00+07:00,SELL,4387.97,4395.96,4332.6,BE,-0.2,S419 SELL Orochi BREAKOUT@VAL 7R,BREAKOUT@VAL val=4447.48 vah=4579.41 poc=4555.11 vwap=4501.36
2026-03-27T02:30:00+07:00,2026-03-27T02:40:00+07:00,SELL,4381.37,4392.27,4305.47,BE,-0.2,S419 SELL Orochi BREAKOUT@VAL 7R,BREAKOUT@VAL val=4447.48 vah=4579.41 poc=4555.11 vwap=4501.36
2026-03-27T02:45:00+07:00,2026-03-27T03:10:00+07:00,SELL,4375.66,4386.59,4299.87,BE,-0.2,S419 SELL Orochi BREAKOUT@VAL 7R,BREAKOUT@VAL val=4447.48 vah=4579.41 poc=4555.11 vwap=4501.36
2026-03-27T03:15:00+07:00,2026-03-27T03:25:00+07:00,SELL,4396.86,4416.72,4257.6,BE,-0.2,S419 SELL Orochi BREAKOUT@VAL 7R,BREAKOUT@VAL val=4447.48 vah=4579.41 poc=4555.11 vwap=4501.36
2026-03-27T03:30:00+07:00,2026-03-27T03:35:00+07:00,SELL,4401.29,4412.58,4322.82,SL,-11.49,S419 SELL Orochi BREAKOUT@VAL 7R,BREAKOUT@VAL val=4447.48 vah=4579.41 poc=4555.11 vwap=4501.36
2026-03-27T03:40:00+07:00,2026-03-27T05:15:00+07:00,SELL,4405.92,4424.57,4275.29,BE,-0.2,S419 SELL Orochi BREAKOUT@VAL 7R,BREAKOUT@VAL val=4447.48 vah=4579.41 poc=4555.11 vwap=4501.36
2026-03-27T05:20:00+07:00,2026-03-27T05:30:00+07:00,SELL,4400.77,4412.98,4314.42,BE,-0.2,S419 SELL Orochi BREAKOUT@VAL 7R,BREAKOUT@VAL val=4447.48 vah=4579.41 poc=4555.11 vwap=4501.36
2026-03-27T05:35:00+07:00,2026-03-27T05:40:00+07:00,SELL,4409.03,4414.25,4372.57,SL,-5.42,S419 SELL Orochi BREAKOUT@VAL 7R,BREAKOUT@VAL val=4447.48 vah=4579.41 poc=4555.11 vwap=4501.36
2026-03-27T05:45:00+07:00,2026-03-27T05:55:00+07:00,SELL,4408.13,4418.43,4336.11,BE,-0.2,S419 SELL Orochi BREAKOUT@VAL 7R,BREAKOUT@VAL val=4447.48 vah=4579.41 poc=4555.11 vwap=4501.36
2026-03-27T06:00:00+07:00,2026-03-27T06:30:00+07:00,SELL,4402.42,4417.04,4299.92,BE,-0.2,S419 SELL Orochi BREAKOUT@VAL 7R,BREAKOUT@VAL val=4447.48 vah=4579.41 poc=4555.11 vwap=4501.36
2026-03-27T06:35:00+07:00,2026-03-27T06:50:00+07:00,SELL,4405.31,4410.12,4371.4,BE,-0.2,S419 SELL Orochi BREAKOUT@VAL 7R,BREAKOUT@VAL val=4447.48 vah=4579.41 poc=4555.11 vwap=4501.36
2026-03-27T06:55:00+07:00,2026-03-27T07:00:00+07:00,SELL,4405.02,4407.82,4385.34,SL,-3.0,S419 SELL Orochi BREAKOUT@VAL 7R,BREAKOUT@VAL val=4447.48 vah=4579.41 poc=4555.11 vwap=4501.36
2026-03-27T07:05:00+07:00,2026-03-27T07:55:00+07:00,SELL,4408.43,4413.1,4375.9,TP,32.33,S419 SELL Orochi BREAKOUT@VAL 7R,BREAKOUT@VAL val=4447.48 vah=4579.41 poc=4555.11 vwap=4501.36
2026-03-27T08:00:00+07:00,2026-03-27T08:05:00+07:00,SELL,4388.57,4391.07,4370.35,SL,-2.7,S419 SELL Orochi BREAKOUT@VAL 7R,BREAKOUT@VAL val=4447.48 vah=4579.41 poc=4555.11 vwap=4498.60
2026-03-27T08:10:00+07:00,2026-03-27T08:20:00+07:00,SELL,4393.94,4401.25,4341.17,BE,-0.2,S419 SELL Orochi BREAKOUT@VAL 7R,BREAKOUT@VAL val=4447.48 vah=4579.41 poc=4555.11 vwap=4497.98
2026-03-27T08:25:00+07:00,2026-03-27T08:30:00+07:00,SELL,4406.5,4408.59,4392.43,SL,-2.29,S419 SELL Orochi BREAKOUT@VAL 7R,BREAKOUT@VAL val=4447.48 vah=4579.41 poc=4555.11 vwap=4497.13
2026-03-27T08:35:00+07:00,2026-03-27T08:40:00+07:00,SELL,4417.2,4419.56,4399.32,SL,-2.56,S419 SELL Orochi BREAKOUT@VAL 7R,BREAKOUT@VAL val=4447.48 vah=4579.41 poc=4555.11 vwap=4496.48
2026-03-27T08:45:00+07:00,2026-03-27T09:00:00+07:00,SELL,4412.83,4422.21,4347.41,SL,-9.58,S419 SELL Orochi BREAKOUT@VAL 7R,BREAKOUT@VAL val=4440.53 vah=4579.41 poc=4555.11 vwap=4495.80
2026-03-27T09:05:00+07:00,2026-03-27T09:15:00+07:00,SELL,4435.85,4439.72,4408.52,BE,-0.2,S419 SELL Orochi BREAKOUT@VAL 7R,BREAKOUT@VAL val=4440.53 vah=4579.41 poc=4555.11 vwap=4494.23
2026-03-27T18:05:00+07:00,2026-03-27T18:15:00+07:00,SELL,4410.33,4418.83,4350.75,BE,-0.2,S419 SELL Orochi BREAKOUT@VAL 7R,BREAKOUT@VAL val=4412.76 vah=4494.94 poc=4442.89 vwap=4464.30
2026-03-27T18:20:00+07:00,2026-03-27T18:30:00+07:00,SELL,4411.76,4418.97,4361.45,BE,-0.2,S419 SELL Orochi BREAKOUT@VAL 7R,BREAKOUT@VAL val=4412.76 vah=4487.45 poc=4442.10 vwap=4462.66
2026-03-27T22:05:00+07:00,2026-03-27T23:30:00+07:00,BUY,4514.27,4497.97,4628.69,BE,-0.2,S419 BUY Orochi BREAKOUT@VAH 7R,BREAKOUT@VAH val=4393.91 vah=4468.68 poc=4433.97 vwap=4422.08
2026-03-27T23:35:00+07:00,2026-03-27T23:40:00+07:00,BUY,4511.38,4508.61,4530.85,SL,-2.97,S419 BUY Orochi BREAKOUT@VAH 7R,BREAKOUT@VAH val=4393.91 vah=4468.68 poc=4433.97 vwap=4422.08
2026-03-27T23:50:00+07:00,2026-03-28T00:00:00+07:00,BUY,4512.32,4505.04,4563.6,BE,-0.2,S419 BUY Orochi BREAKOUT@VAH 7R,BREAKOUT@VAH val=4393.91 vah=4468.68 poc=4433.97 vwap=4422.08
2026-03-28T00:05:00+07:00,2026-03-28T00:15:00+07:00,BUY,4513.74,4503.96,4582.04,BE,-0.2,S419 BUY Orochi BREAKOUT@VAH 7R,BREAKOUT@VAH val=4393.91 vah=4468.68 poc=4433.97 vwap=4422.08
2026-03-28T00:20:00+07:00,2026-03-28T00:25:00+07:00,BUY,4497.79,4492.45,4536.45,SL,-5.54,S419 BUY Orochi BREAKOUT@VAH 7R,BREAKOUT@VAH val=4393.91 vah=4468.68 poc=4433.97 vwap=4422.08
2026-03-28T00:30:00+07:00,2026-03-28T00:40:00+07:00,BUY,4497.77,4484.69,4590.21,BE,-0.2,S419 BUY Orochi BREAKOUT@VAH 7R,BREAKOUT@VAH val=4393.91 vah=4468.68 poc=4433.97 vwap=4422.08
2026-03-28T00:45:00+07:00,2026-03-28T00:55:00+07:00,BUY,4494.82,4484.18,4571.06,BE,-0.2,S419 BUY Orochi BREAKOUT@VAH 7R,BREAKOUT@VAH val=4393.91 vah=4468.68 poc=4433.97 vwap=4422.08
2026-03-28T01:00:00+07:00,2026-03-28T01:10:00+07:00,BUY,4493.69,4484.29,4560.53,BE,-0.2,S419 BUY Orochi BREAKOUT@VAH 7R,BREAKOUT@VAH val=4393.91 vah=4468.68 poc=4433.97 vwap=4422.08
2026-03-28T01:20:00+07:00,2026-03-28T02:40:00+07:00,BUY,4504.18,4496.26,4559.54,BE,-0.2,S419 BUY Orochi BREAKOUT@VAH 7R,BREAKOUT@VAH val=4393.91 vah=4468.68 poc=4433.97 vwap=4422.08
2026-03-28T02:45:00+07:00,2026-03-28T03:05:00+07:00,BUY,4509.24,4498.77,4584.77,BE,-0.2,S419 BUY Orochi BREAKOUT@VAH 7R,BREAKOUT@VAH val=4393.91 vah=4468.68 poc=4433.97 vwap=4422.08
2026-03-28T03:10:00+07:00,2026-03-28T03:25:00+07:00,BUY,4510.2,4504.66,4548.66,SL,-5.74,S419 BUY Orochi BREAKOUT@VAH 7R,BREAKOUT@VAH val=4393.91 vah=4468.68 poc=4433.97 vwap=4422.08
2026-03-28T03:30:00+07:00,2026-03-28T03:40:00+07:00,BUY,4505.7,4500.83,4544.67,BE,-0.2,S419 BUY Orochi BREAKOUT@VAH 7R,BREAKOUT@VAH val=4393.91 vah=4468.68 poc=4433.97 vwap=4422.08
2026-03-28T03:45:00+07:00,2026-03-28T03:50:00+07:00,BUY,4498.93,4495.46,4522.5,SL,-3.67,S419 BUY Orochi BREAKOUT@VAH 7R,BREAKOUT@VAH val=4393.91 vah=4468.68 poc=4433.97 vwap=4422.08
2026-03-28T03:55:00+07:00,2026-03-30T06:05:00+07:00,BUY,4511.39,4489.18,4531.58,SL,-22.41,S419 BUY Orochi BREAKOUT@VAH 7R,BREAKOUT@VAH val=4393.91 vah=4468.68 poc=4433.97 vwap=4422.08
2026-03-30T20:00:00+07:00,2026-03-30T21:35:00+07:00,BUY,4555.28,4543.19,4639.75,BE,-0.2,S419 BUY Orochi BREAKOUT@VAH 7R,BREAKOUT@VAH val=4466.61 vah=4547.15 poc=4530.37 vwap=4500.32
2026-03-30T23:40:00+07:00,2026-03-30T23:50:00+07:00,BUY,4551.92,4538.83,4643.23,BE,-0.2,S419 BUY Orochi BREAKOUT@VAH 7R,BREAKOUT@VAH val=4466.61 vah=4547.15 poc=4530.37 vwap=4500.32
2026-03-30T23:55:00+07:00,2026-03-31T00:00:00+07:00,BUY,4548.37,4542.99,4586.11,SL,-5.58,S419 BUY Orochi BREAKOUT@VAH 7R,BREAKOUT@VAH val=4466.61 vah=4547.15 poc=4530.37 vwap=4500.32
2026-03-31T09:25:00+07:00,2026-03-31T09:35:00+07:00,BUY,4581.41,4561.53,4719.37,BE,-0.2,S419 BUY Orochi BREAKOUT@VAH 7R,BREAKOUT@VAH val=4466.61 vah=4547.15 poc=4530.37 vwap=4500.32
2026-03-31T09:45:00+07:00,2026-03-31T09:55:00+07:00,BUY,4603.43,4584.85,4731.81,BE,-0.2,S419 BUY Orochi BREAKOUT@VAH 7R,BREAKOUT@VAH val=4466.61 vah=4547.15 poc=4530.37 vwap=4500.32
2026-03-31T10:00:00+07:00,2026-03-31T10:10:00+07:00,BUY,4593.85,4584.85,4656.61,BE,-0.2,S419 BUY Orochi BREAKOUT@VAH 7R,BREAKOUT@VAH val=4466.61 vah=4547.15 poc=4530.37 vwap=4500.32
2026-03-31T10:15:00+07:00,2026-03-31T10:25:00+07:00,BUY,4587.89,4579.97,4643.25,BE,-0.2,S419 BUY Orochi BREAKOUT@VAH 7R,BREAKOUT@VAH val=4466.61 vah=4547.15 poc=4530.37 vwap=4500.32
2026-03-31T10:30:00+07:00,2026-03-31T10:40:00+07:00,BUY,4581.02,4575.23,4621.23,BE,-0.2,S419 BUY Orochi BREAKOUT@VAH 7R,BREAKOUT@VAH val=4466.61 vah=4547.15 poc=4530.37 vwap=4500.32
2026-03-31T10:45:00+07:00,2026-03-31T10:55:00+07:00,BUY,4570.86,4565.76,4605.92,BE,-0.2,S419 BUY Orochi BREAKOUT@VAH 7R,BREAKOUT@VAH val=4466.61 vah=4547.15 poc=4530.37 vwap=4500.32
2026-03-31T11:00:00+07:00,2026-03-31T11:10:00+07:00,BUY,4569.62,4562.95,4622.39,BE,-0.2,S419 BUY Orochi BREAKOUT@VAH 7R,BREAKOUT@VAH val=4466.61 vah=4547.15 poc=4530.37 vwap=4500.32
2026-03-31T11:15:00+07:00,2026-03-31T11:20:00+07:00,BUY,4563.86,4561.5,4581.02,SL,-2.56,S419 BUY Orochi BREAKOUT@VAH 7R,BREAKOUT@VAH val=4466.61 vah=4547.15 poc=4530.37 vwap=4500.32
2026-03-31T11:25:00+07:00,2026-03-31T11:35:00+07:00,BUY,4561.63,4553.61,4617.69,BE,-0.2,S419 BUY Orochi BREAKOUT@VAH 7R,BREAKOUT@VAH val=4466.61 vah=4547.15 poc=4530.37 vwap=4500.32
2026-03-31T11:40:00+07:00,2026-03-31T13:10:00+07:00,BUY,4551.85,4548.47,4577.75,BE,-0.2,S419 BUY Orochi BREAKOUT@VAH 7R,BREAKOUT@VAH val=4466.61 vah=4547.15 poc=4530.37 vwap=4500.32
2026-03-31T13:25:00+07:00,2026-03-31T14:00:00+07:00,BUY,4561.45,4554.67,4608.83,BE,-0.2,S419 BUY Orochi BREAKOUT@VAH 7R,BREAKOUT@VAH val=4466.61 vah=4547.15 poc=4530.37 vwap=4500.32
2026-03-31T14:05:00+07:00,2026-03-31T14:10:00+07:00,BUY,4558.85,4556.73,4573.77,SL,-2.32,S419 BUY Orochi BREAKOUT@VAH 7R,BREAKOUT@VAH val=4466.61 vah=4547.15 poc=4530.37 vwap=4500.32
2026-03-31T14:15:00+07:00,2026-03-31T14:45:00+07:00,BUY,4555.05,4552.01,4576.89,BE,-0.2,S419 BUY Orochi BREAKOUT@VAH 7R,BREAKOUT@VAH val=4466.61 vah=4547.15 poc=4530.37 vwap=4500.32
2026-03-31T14:50:00+07:00,2026-03-31T15:00:00+07:00,BUY,4558.38,4552.6,4599.08,BE,-0.2,S419 BUY Orochi BREAKOUT@VAH 7R,BREAKOUT@VAH val=4466.61 vah=4547.15 poc=4530.37 vwap=4500.32
2026-03-31T15:05:00+07:00,2026-03-31T15:10:00+07:00,BUY,4556.88,4553.32,4581.32,SL,-3.76,S419 BUY Orochi BREAKOUT@VAH 7R,BREAKOUT@VAH val=4466.61 vah=4547.15 poc=4530.37 vwap=4500.32
2026-03-31T15:25:00+07:00,2026-03-31T17:35:00+07:00,BUY,4552.21,4545.16,4601.32,BE,-0.2,S419 BUY Orochi BREAKOUT@VAH 7R,BREAKOUT@VAH val=4466.61 vah=4547.15 poc=4530.37 vwap=4500.32
2026-03-31T17:40:00+07:00,2026-03-31T17:55:00+07:00,BUY,4555.98,4548.85,4605.09,BE,-0.2,S419 BUY Orochi BREAKOUT@VAH 7R,BREAKOUT@VAH val=4466.61 vah=4547.15 poc=4530.37 vwap=4501.12
2026-03-31T18:00:00+07:00,2026-03-31T18:10:00+07:00,BUY,4560.04,4550.22,4631.18,BE,-0.2,S419 BUY Orochi BREAKOUT@VAH 7R,BREAKOUT@VAH val=4466.61 vah=4547.15 poc=4530.37 vwap=4502.31
2026-03-31T18:15:00+07:00,2026-03-31T18:25:00+07:00,BUY,4558.46,4554.21,4588.13,BE,-0.2,S419 BUY Orochi BREAKOUT@VAH 7R,BREAKOUT@VAH val=4466.61 vah=4547.15 poc=4530.37 vwap=4503.50
2026-03-31T18:30:00+07:00,2026-03-31T18:35:00+07:00,BUY,4555.06,4553.37,4566.65,SL,-1.89,S419 BUY Orochi BREAKOUT@VAH 7R,BREAKOUT@VAH val=4468.77 vah=4547.78 poc=4531.32 vwap=4505.61
2026-03-31T19:10:00+07:00,2026-04-01T00:40:00+07:00,BUY,4551.59,4539.4,4636.52,TP,84.73,S419 BUY Orochi BREAKOUT@VAH 7R,BREAKOUT@VAH val=4486.87 vah=4543.17 poc=4533.79 vwap=4510.74
2026-04-01T00:45:00+07:00,2026-04-01T00:55:00+07:00,BUY,4641.51,4628.81,4728.97,BE,-0.2,S419 BUY Orochi BREAKOUT@VAH 7R,BREAKOUT@VAH val=4516.95 vah=4579.57 poc=4559.64 vwap=4547.48
2026-04-01T01:00:00+07:00,2026-04-01T01:10:00+07:00,BUY,4647.97,4632.91,4756.91,BE,-0.2,S419 BUY Orochi BREAKOUT@VAH 7R,BREAKOUT@VAH val=4516.95 vah=4579.57 poc=4559.64 vwap=4547.48
2026-04-01T01:15:00+07:00,2026-04-01T01:25:00+07:00,BUY,4648.11,4633.66,4749.18,BE,-0.2,S419 BUY Orochi BREAKOUT@VAH 7R,BREAKOUT@VAH val=4516.95 vah=4579.57 poc=4559.64 vwap=4547.48
2026-04-01T01:30:00+07:00,2026-04-01T01:40:00+07:00,BUY,4658.84,4639.78,4791.54,BE,-0.2,S419 BUY Orochi BREAKOUT@VAH 7R,BREAKOUT@VAH val=4516.95 vah=4579.57 poc=4559.64 vwap=4547.48
2026-04-01T01:45:00+07:00,2026-04-01T01:55:00+07:00,BUY,4662.63,4647.64,4767.4,BE,-0.2,S419 BUY Orochi BREAKOUT@VAH 7R,BREAKOUT@VAH val=4516.95 vah=4579.57 poc=4559.64 vwap=4547.48
2026-04-01T02:00:00+07:00,2026-04-01T03:35:00+07:00,BUY,4654.67,4650.75,4682.03,TP,27.16,S419 BUY Orochi BREAKOUT@VAH 7R,BREAKOUT@VAH val=4516.95 vah=4579.57 poc=4559.64 vwap=4547.48
2026-04-01T03:40:00+07:00,2026-04-01T03:50:00+07:00,BUY,4680.88,4674.65,4723.85,BE,-0.2,S419 BUY Orochi BREAKOUT@VAH 7R,BREAKOUT@VAH val=4516.95 vah=4579.57 poc=4559.64 vwap=4547.48
2026-04-01T03:55:00+07:00,2026-04-01T04:05:00+07:00,BUY,4682.85,4677.93,4719.61,BE,-0.2,S419 BUY Orochi BREAKOUT@VAH 7R,BREAKOUT@VAH val=4516.95 vah=4579.57 poc=4559.64 vwap=4547.48
2026-04-01T04:10:00+07:00,2026-04-01T04:20:00+07:00,BUY,4679.34,4674.73,4711.77,BE,-0.2,S419 BUY Orochi BREAKOUT@VAH 7R,BREAKOUT@VAH val=4516.95 vah=4579.57 poc=4559.64 vwap=4547.48
2026-04-01T04:25:00+07:00,2026-04-01T04:35:00+07:00,BUY,4669.67,4667.64,4683.96,BE,-0.2,S419 BUY Orochi BREAKOUT@VAH 7R,BREAKOUT@VAH val=4516.95 vah=4579.57 poc=4559.64 vwap=4547.48
2026-04-01T04:40:00+07:00,2026-04-01T04:50:00+07:00,BUY,4667.98,4665.59,4686.47,BE,-0.2,S419 BUY Orochi BREAKOUT@VAH 7R,BREAKOUT@VAH val=4516.95 vah=4579.57 poc=4559.64 vwap=4547.48
2026-04-01T04:55:00+07:00,2026-04-01T06:25:00+07:00,BUY,4678.66,4662.85,4701.49,BE,-0.2,S419 BUY Orochi BREAKOUT@VAH 7R,BREAKOUT@VAH val=4516.95 vah=4579.57 poc=4559.64 vwap=4547.48
2026-04-01T06:30:00+07:00,2026-04-01T06:45:00+07:00,BUY,4672.91,4668.85,4700.85,BE,-0.2,S419 BUY Orochi BREAKOUT@VAH 7R,BREAKOUT@VAH val=4516.95 vah=4579.57 poc=4559.64 vwap=4547.48
2026-04-01T06:50:00+07:00,2026-04-01T12:15:00+07:00,BUY,4671.53,4658.95,4759.99,BE,-0.2,S419 BUY Orochi BREAKOUT@VAH 7R,BREAKOUT@VAH val=4516.95 vah=4579.57 poc=4559.64 vwap=4547.48
2026-04-01T12:20:00+07:00,2026-04-01T12:30:00+07:00,BUY,4672.39,4665.78,4718.5,BE,-0.2,S419 BUY Orochi BREAKOUT@VAH 7R,BREAKOUT@VAH val=4516.95 vah=4590.95 poc=4559.64 vwap=4548.65
2026-04-01T12:35:00+07:00,2026-04-01T12:55:00+07:00,BUY,4675.4,4667.95,4727.39,BE,-0.2,S419 BUY Orochi BREAKOUT@VAH 7R,BREAKOUT@VAH val=4516.95 vah=4596.64 poc=4559.64 vwap=4549.04
2026-04-01T13:00:00+07:00,2026-04-01T14:20:00+07:00,BUY,4676.04,4671.82,4705.42,TP,29.18,S419 BUY Orochi BREAKOUT@VAH 7R,BREAKOUT@VAH val=4516.95 vah=4596.64 poc=4559.64 vwap=4549.87
2026-04-01T14:30:00+07:00,2026-04-01T14:35:00+07:00,BUY,4709.04,4703.25,4752.77,SL,-5.99,S419 BUY Orochi BREAKOUT@VAH 7R,BREAKOUT@VAH val=4539.72 vah=4596.64 poc=4559.64 vwap=4553.87
2026-04-01T14:40:00+07:00,2026-04-01T22:50:00+07:00,BUY,4708.71,4700.3,4766.22,TP,57.31,S419 BUY Orochi BREAKOUT@VAH 7R,BREAKOUT@VAH val=4539.72 vah=4596.64 poc=4559.64 vwap=4554.64
2026-04-01T22:55:00+07:00,2026-04-02T02:00:00+07:00,BUY,4760.81,4753.4,4812.76,BE,-0.2,S419 BUY Orochi BREAKOUT@VAH 7R,BREAKOUT@VAH val=4616.65 vah=4746.61 poc=4685.69 vwap=4666.86
2026-04-02T02:05:00+07:00,2026-04-02T02:15:00+07:00,BUY,4767.11,4758.16,4829.52,BE,-0.2,S419 BUY Orochi BREAKOUT@VAH 7R,BREAKOUT@VAH val=4616.65 vah=4746.61 poc=4685.69 vwap=4666.86
2026-04-02T02:20:00+07:00,2026-04-02T02:30:00+07:00,BUY,4755.7,4751.67,4784.31,BE,-0.2,S419 BUY Orochi BREAKOUT@VAH 7R,BREAKOUT@VAH val=4616.65 vah=4746.61 poc=4685.69 vwap=4666.86
2026-04-02T02:35:00+07:00,2026-04-02T09:00:00+07:00,BUY,4749.15,4740.2,4812.12,BE,-0.2,S419 BUY Orochi BREAKOUT@VAH 7R,BREAKOUT@VAH val=4616.65 vah=4746.61 poc=4685.69 vwap=4666.86
2026-04-02T13:55:00+07:00,2026-04-02T14:20:00+07:00,SELL,4594.39,4612.08,4470.4,BE,-0.2,S419 SELL Orochi BREAKOUT@VAL 7R,BREAKOUT@VAL val=4666.01 vah=4720.75 poc=4684.96 vwap=4702.50
2026-04-02T14:25:00+07:00,2026-04-02T14:35:00+07:00,SELL,4591.22,4603.73,4503.57,BE,-0.2,S419 SELL Orochi BREAKOUT@VAL 7R,BREAKOUT@VAL val=4670.22 vah=4724.96 poc=4684.96 vwap=4703.99
2026-04-02T14:40:00+07:00,2026-04-02T14:50:00+07:00,SELL,4588.29,4602.41,4490.57,BE,-0.2,S419 SELL Orochi BREAKOUT@VAL 7R,BREAKOUT@VAL val=4670.22 vah=4724.96 poc=4684.96 vwap=4704.66
2026-04-02T14:55:00+07:00,2026-04-02T15:05:00+07:00,SELL,4599.24,4613.34,4500.46,BE,-0.2,S419 SELL Orochi BREAKOUT@VAL 7R,BREAKOUT@VAL val=4674.43 vah=4724.96 poc=4684.96 vwap=4705.24
2026-04-02T15:10:00+07:00,2026-04-02T15:20:00+07:00,SELL,4621.17,4626.08,4586.88,BE,-0.2,S419 SELL Orochi BREAKOUT@VAL 7R,BREAKOUT@VAL val=4674.43 vah=4724.96 poc=4684.96 vwap=4705.77
2026-04-02T15:25:00+07:00,2026-04-02T15:30:00+07:00,SELL,4620.89,4630.49,4552.33,SL,-9.8,S419 SELL Orochi BREAKOUT@VAL 7R,BREAKOUT@VAL val=4674.43 vah=4729.17 poc=4689.17 vwap=4706.26
2026-04-02T15:35:00+07:00,2026-04-02T15:40:00+07:00,SELL,4634.58,4639.73,4599.01,SL,-5.35,S419 SELL Orochi BREAKOUT@VAL 7R,BREAKOUT@VAL val=4674.43 vah=4729.17 poc=4689.17 vwap=4706.45
2026-04-02T15:45:00+07:00,2026-04-02T16:00:00+07:00,SELL,4648.58,4654.11,4609.79,BE,-0.2,S419 SELL Orochi BREAKOUT@VAL 7R,BREAKOUT@VAL val=4674.43 vah=4729.17 poc=4689.17 vwap=4706.67
2026-04-02T16:10:00+07:00,2026-04-02T16:15:00+07:00,SELL,4641.16,4644.34,4618.98,SL,-3.38,S419 SELL Orochi BREAKOUT@VAL 7R,BREAKOUT@VAL val=4678.64 vah=4729.17 poc=4689.17 vwap=4707.23
2026-04-02T16:20:00+07:00,2026-04-02T16:30:00+07:00,SELL,4636.41,4647.32,4558.6,BE,-0.2,S419 SELL Orochi BREAKOUT@VAL 7R,BREAKOUT@VAL val=4678.64 vah=4729.17 poc=4689.17 vwap=4707.39
2026-04-02T16:35:00+07:00,2026-04-02T21:00:00+07:00,SELL,4639.39,4646.24,4591.36,TP,47.83,S419 SELL Orochi BREAKOUT@VAL 7R,BREAKOUT@VAL val=4678.64 vah=4729.17 poc=4689.17 vwap=4707.92
2026-04-02T21:05:00+07:00,2026-04-02T21:25:00+07:00,SELL,4600.32,4616.8,4486.64,BE,-0.2,S419 SELL Orochi BREAKOUT@VAL 7R,BREAKOUT@VAL val=4656.63 vah=4800.33 poc=4784.93 vwap=4706.27
2026-04-02T21:30:00+07:00,2026-04-02T21:40:00+07:00,SELL,4599.67,4610.65,4523.13,BE,-0.2,S419 SELL Orochi BREAKOUT@VAL 7R,BREAKOUT@VAL val=4656.63 vah=4800.33 poc=4784.93 vwap=4706.27
2026-04-02T21:45:00+07:00,2026-04-02T21:50:00+07:00,SELL,4634.33,4640.03,4594.67,SL,-5.9,S419 SELL Orochi BREAKOUT@VAL 7R,BREAKOUT@VAL val=4656.63 vah=4800.33 poc=4784.93 vwap=4706.27
2026-04-02T21:55:00+07:00,2026-04-02T22:05:00+07:00,SELL,4646.04,4655.39,4580.03,BE,-0.2,S419 SELL Orochi BREAKOUT@VAL 7R,BREAKOUT@VAL val=4656.63 vah=4800.33 poc=4784.93 vwap=4706.27
2026-04-02T22:10:00+07:00,2026-04-02T22:20:00+07:00,SELL,4647.85,4663.98,4535.26,BE,-0.2,S419 SELL Orochi BREAKOUT@VAL 7R,BREAKOUT@VAL val=4656.63 vah=4800.33 poc=4784.93 vwap=4706.27
2026-04-03T00:15:00+07:00,2026-04-03T00:25:00+07:00,SELL,4646.38,4661.7,4539.46,BE,-0.2,S419 SELL Orochi BREAKOUT@VAL 7R,BREAKOUT@VAL val=4656.63 vah=4800.33 poc=4784.93 vwap=4706.27
2026-04-03T01:30:00+07:00,2026-04-03T01:40:00+07:00,SELL,4651.78,4666.42,4549.94,BE,-0.2,S419 SELL Orochi BREAKOUT@VAL 7R,BREAKOUT@VAL val=4656.63 vah=4800.33 poc=4784.93 vwap=4706.27
2026-04-03T01:50:00+07:00,2026-04-03T02:00:00+07:00,SELL,4650.43,4660.78,4577.74,BE,-0.2,S419 SELL Orochi BREAKOUT@VAL 7R,BREAKOUT@VAL val=4656.63 vah=4800.33 poc=4784.93 vwap=4706.27
2026-04-03T02:05:00+07:00,2026-04-03T02:15:00+07:00,SELL,4656.04,4660.41,4625.53,BE,-0.2,S419 SELL Orochi BREAKOUT@VAL 7R,BREAKOUT@VAL val=4656.63 vah=4800.33 poc=4784.93 vwap=4706.27
2026-04-03T02:20:00+07:00,2026-04-03T02:30:00+07:00,SELL,4651.6,4658.43,4604.51,BE,-0.2,S419 SELL Orochi BREAKOUT@VAL 7R,BREAKOUT@VAL val=4656.63 vah=4800.33 poc=4784.93 vwap=4706.27
2026-04-07T09:55:00+07:00,2026-04-07T10:05:00+07:00,SELL,4627.14,4640.25,4533.77,BE,-0.2,S419 SELL Orochi BREAKOUT@VAL 7R,BREAKOUT@VAL val=4631.72 vah=4706.68 poc=4691.25 vwap=4656.00
2026-04-07T10:10:00+07:00,2026-04-07T10:20:00+07:00,SELL,4626.71,4638.32,4545.2,BE,-0.2,S419 SELL Orochi BREAKOUT@VAL 7R,BREAKOUT@VAL val=4631.72 vah=4706.68 poc=4691.25 vwap=4656.00
2026-04-07T19:15:00+07:00,2026-04-07T19:25:00+07:00,SELL,4639.88,4653.94,4541.38,BE,-0.2,S419 SELL Orochi BREAKOUT@VAL 7R,BREAKOUT@VAL val=4649.33 vah=4706.68 poc=4690.55 vwap=4667.00
2026-04-07T22:10:00+07:00,2026-04-07T22:20:00+07:00,SELL,4622.07,4630.28,4564.68,BE,-0.2,S419 SELL Orochi BREAKOUT@VAL 7R,BREAKOUT@VAL val=4640.28 vah=4674.08 poc=4658.87 vwap=4659.67
2026-04-07T22:55:00+07:00,2026-04-07T23:05:00+07:00,SELL,4633.36,4652.81,4497.29,BE,-0.2,S419 SELL Orochi BREAKOUT@VAL 7R,BREAKOUT@VAL val=4640.28 vah=4674.08 poc=4658.87 vwap=4659.67
2026-04-08T01:50:00+07:00,2026-04-08T02:00:00+07:00,BUY,4676.73,4669.33,4729.25,BE,-0.2,S419 BUY Orochi BREAKOUT@VAH 7R,BREAKOUT@VAH val=4640.28 vah=4674.08 poc=4658.87 vwap=4659.67
2026-04-08T02:05:00+07:00,2026-04-08T02:20:00+07:00,BUY,4678.76,4673.85,4712.49,BE,-0.2,S419 BUY Orochi BREAKOUT@VAH 7R,BREAKOUT@VAH val=4640.28 vah=4674.08 poc=4658.87 vwap=4659.67
2026-04-08T02:25:00+07:00,2026-04-08T02:35:00+07:00,BUY,4680.5,4675.27,4717.19,BE,-0.2,S419 BUY Orochi BREAKOUT@VAH 7R,BREAKOUT@VAH val=4640.28 vah=4674.08 poc=4658.87 vwap=4659.67
2026-04-08T02:40:00+07:00,2026-04-08T02:45:00+07:00,BUY,4679.71,4675.77,4707.61,SL,-4.14,S419 BUY Orochi BREAKOUT@VAH 7R,BREAKOUT@VAH val=4640.28 vah=4674.08 poc=4658.87 vwap=4659.67
2026-04-08T03:25:00+07:00,2026-04-08T03:30:00+07:00,BUY,4687.51,4683.5,4715.9,SL,-4.21,S419 BUY Orochi BREAKOUT@VAH 7R,BREAKOUT@VAH val=4640.28 vah=4674.08 poc=4658.87 vwap=4659.67
2026-04-08T03:35:00+07:00,2026-04-08T03:45:00+07:00,BUY,4685.97,4680.59,4722.91,BE,-0.2,S419 BUY Orochi BREAKOUT@VAH 7R,BREAKOUT@VAH val=4640.28 vah=4674.08 poc=4658.87 vwap=4659.67
2026-04-08T03:50:00+07:00,2026-04-08T04:00:00+07:00,BUY,4699.86,4683.15,4818.43,BE,-0.2,S419 BUY Orochi BREAKOUT@VAH 7R,BREAKOUT@VAH val=4640.28 vah=4674.08 poc=4658.87 vwap=4659.67
2026-04-08T04:05:00+07:00,2026-04-08T04:15:00+07:00,BUY,4707.34,4694.42,4797.62,BE,-0.2,S419 BUY Orochi BREAKOUT@VAH 7R,BREAKOUT@VAH val=4640.28 vah=4674.08 poc=4658.87 vwap=4659.67
2026-04-08T04:20:00+07:00,2026-04-08T04:35:00+07:00,BUY,4707.46,4701.1,4752.54,BE,-0.2,S419 BUY Orochi BREAKOUT@VAH 7R,BREAKOUT@VAH val=4640.28 vah=4674.08 poc=4658.87 vwap=4659.67
2026-04-08T04:40:00+07:00,2026-04-08T04:50:00+07:00,BUY,4708.29,4700.87,4759.59,BE,-0.2,S419 BUY Orochi BREAKOUT@VAH 7R,BREAKOUT@VAH val=4640.28 vah=4674.08 poc=4658.87 vwap=4659.67
2026-04-08T04:55:00+07:00,2026-04-08T06:00:00+07:00,BUY,4742.66,4703.04,4723.76,TP,-19.1,S419 BUY Orochi BREAKOUT@VAH 7R,BREAKOUT@VAH val=4640.28 vah=4674.08 poc=4658.87 vwap=4659.67
2026-04-08T06:05:00+07:00,2026-04-08T06:15:00+07:00,BUY,4744.46,4728.72,4854.72,SL,-15.94,S419 BUY Orochi BREAKOUT@VAH 7R,BREAKOUT@VAH val=4640.28 vah=4674.08 poc=4658.87 vwap=4659.67
2026-04-08T06:20:00+07:00,2026-04-08T06:30:00+07:00,BUY,4728.18,4723.2,4761.2,BE,-0.2,S419 BUY Orochi BREAKOUT@VAH 7R,BREAKOUT@VAH val=4640.28 vah=4674.08 poc=4658.87 vwap=4659.67
2026-04-08T06:40:00+07:00,2026-04-08T20:20:00+07:00,BUY,4769.92,4748.59,4921.23,BE,-0.2,S419 BUY Orochi BREAKOUT@VAH 7R,BREAKOUT@VAH val=4640.28 vah=4674.08 poc=4658.87 vwap=4659.67
2026-04-09T11:00:00+07:00,2026-04-09T12:05:00+07:00,SELL,4719.13,4725.46,4674.18,BE,-0.2,S419 SELL Orochi BREAKOUT@VAL 7R,BREAKOUT@VAL val=4724.87 vah=4848.67 poc=4817.72 vwap=4767.69
2026-04-09T12:10:00+07:00,2026-04-09T12:40:00+07:00,SELL,4721.67,4723.63,4707.87,BE,-0.2,S419 SELL Orochi BREAKOUT@VAL 7R,BREAKOUT@VAL val=4764.20 vah=4840.55 poc=4810.86 vwap=4776.05
2026-04-09T12:45:00+07:00,2026-04-09T12:50:00+07:00,SELL,4721.35,4724.6,4698.44,SL,-3.45,S419 SELL Orochi BREAKOUT@VAL 7R,BREAKOUT@VAL val=4774.21 vah=4840.85 poc=4811.70 vwap=4779.97
2026-04-09T12:55:00+07:00,2026-04-09T13:20:00+07:00,SELL,4720.89,4726.52,4681.24,BE,-0.2,S419 SELL Orochi BREAKOUT@VAL 7R,BREAKOUT@VAL val=4774.21 vah=4840.85 poc=4811.70 vwap=4781.40
2026-04-09T13:25:00+07:00,2026-04-09T13:35:00+07:00,SELL,4726.3,4727.6,4716.88,TP,9.22,S419 SELL Orochi BREAKOUT@VAL 7R,BREAKOUT@VAL val=4782.54 vah=4840.85 poc=4811.70 vwap=4784.57
2026-04-09T13:40:00+07:00,2026-04-09T13:50:00+07:00,SELL,4723.7,4725.68,4710.16,TP,13.34,S419 SELL Orochi BREAKOUT@VAL 7R,BREAKOUT@VAL val=4782.54 vah=4840.85 poc=4811.70 vwap=4786.02
2026-04-09T13:55:00+07:00,2026-04-09T14:00:00+07:00,SELL,4713.24,4717.08,4686.68,SL,-4.04,S419 SELL Orochi BREAKOUT@VAL 7R,BREAKOUT@VAL val=4782.54 vah=4840.85 poc=4811.70 vwap=4787.65
2026-04-09T14:05:00+07:00,2026-04-09T14:15:00+07:00,SELL,4720.59,4727.1,4674.3,BE,-0.2,S419 SELL Orochi BREAKOUT@VAL 7R,BREAKOUT@VAL val=4782.54 vah=4832.52 poc=4811.70 vwap=4788.63
2026-04-09T14:20:00+07:00,2026-04-09T14:30:00+07:00,SELL,4715.18,4723.61,4656.25,BE,-0.2,S419 SELL Orochi BREAKOUT@VAL 7R,BREAKOUT@VAL val=4783.80 vah=4832.94 poc=4812.46 vwap=4791.15
2026-04-09T14:35:00+07:00,2026-04-09T14:45:00+07:00,SELL,4714.9,4724.85,4645.81,BE,-0.2,S419 SELL Orochi BREAKOUT@VAL 7R,BREAKOUT@VAL val=4784.34 vah=4835.56 poc=4817.27 vwap=4794.52
2026-04-09T14:50:00+07:00,2026-04-09T15:05:00+07:00,SELL,4708.2,4716.86,4647.74,SL,-8.86,S419 SELL Orochi BREAKOUT@VAL 7R,BREAKOUT@VAL val=4784.34 vah=4835.56 poc=4817.27 vwap=4796.89
2026-04-09T15:10:00+07:00,2026-04-09T15:35:00+07:00,SELL,4724.24,4732.2,4669.72,BE,-0.2,S419 SELL Orochi BREAKOUT@VAL 7R,BREAKOUT@VAL val=4790.59 vah=4837.43 poc=4807.32 vwap=4800.04
2026-04-09T15:40:00+07:00,2026-04-09T15:55:00+07:00,SELL,4722.69,4733.65,4646.13,BE,-0.2,S419 SELL Orochi BREAKOUT@VAL 7R,BREAKOUT@VAL val=4786.91 vah=4825.42 poc=4815.79 vwap=4802.91
2026-04-09T16:00:00+07:00,2026-04-09T16:10:00+07:00,SELL,4721.77,4728.55,4673.91,BE,-0.2,S419 SELL Orochi BREAKOUT@VAL 7R,BREAKOUT@VAL val=4787.87 vah=4825.86 poc=4816.36 vwap=4804.53
2026-04-09T16:15:00+07:00,2026-04-09T16:20:00+07:00,SELL,4723.3,4727.63,4693.15,SL,-4.53,S419 SELL Orochi BREAKOUT@VAL 7R,BREAKOUT@VAL val=4785.63 vah=4827.56 poc=4812.59 vwap=4805.40
2026-04-09T16:25:00+07:00,2026-04-09T16:35:00+07:00,SELL,4721.31,4729.49,4664.53,BE,-0.2,S419 SELL Orochi BREAKOUT@VAL 7R,BREAKOUT@VAL val=4785.63 vah=4827.56 poc=4812.59 vwap=4806.20
2026-04-09T16:40:00+07:00,2026-04-09T16:50:00+07:00,SELL,4729.93,4734.73,4694.97,BE,-0.2,S419 SELL Orochi BREAKOUT@VAL 7R,BREAKOUT@VAL val=4791.62 vah=4827.56 poc=4812.59 vwap=4807.45
2026-04-09T16:55:00+07:00,2026-04-09T17:05:00+07:00,SELL,4726.25,4732.71,4680.79,BE,-0.2,S419 SELL Orochi BREAKOUT@VAL 7R,BREAKOUT@VAL val=4789.70 vah=4825.60 poc=4815.63 vwap=4808.75
2026-04-09T17:10:00+07:00,2026-04-09T17:20:00+07:00,SELL,4730.86,4734.38,4706.62,BE,-0.2,S419 SELL Orochi BREAKOUT@VAL 7R,BREAKOUT@VAL val=4792.93 vah=4825.22 poc=4816.25 vwap=4809.70
2026-04-09T17:25:00+07:00,2026-04-09T17:35:00+07:00,SELL,4729.79,4734.49,4697.69,BE,-0.2,S419 SELL Orochi BREAKOUT@VAL 7R,BREAKOUT@VAL val=4792.93 vah=4825.22 poc=4816.25 vwap=4809.62
2026-04-09T17:40:00+07:00,2026-04-09T17:50:00+07:00,SELL,4726.79,4733.87,4677.71,BE,-0.2,S419 SELL Orochi BREAKOUT@VAL 7R,BREAKOUT@VAL val=4789.34 vah=4825.22 poc=4812.66 vwap=4809.35
2026-04-09T17:55:00+07:00,2026-04-09T18:00:00+07:00,SELL,4729.27,4731.81,4711.65,SL,-2.74,S419 SELL Orochi BREAKOUT@VAL 7R,BREAKOUT@VAL val=4789.34 vah=4825.22 poc=4798.31 vwap=4809.28
2026-04-09T18:05:00+07:00,2026-04-09T18:15:00+07:00,SELL,4728.91,4734.03,4692.19,BE,-0.2,S419 SELL Orochi BREAKOUT@VAL 7R,BREAKOUT@VAL val=4789.34 vah=4825.22 poc=4798.31 vwap=4809.23
2026-04-09T18:20:00+07:00,2026-04-09T18:30:00+07:00,SELL,4738.24,4739.91,4726.79,BE,-0.2,S419 SELL Orochi BREAKOUT@VAL 7R,BREAKOUT@VAL val=4789.34 vah=4825.22 poc=4798.31 vwap=4808.53
2026-04-09T18:35:00+07:00,2026-04-09T18:45:00+07:00,SELL,4740.0,4742.55,4721.99,BE,-0.2,S419 SELL Orochi BREAKOUT@VAL 7R,BREAKOUT@VAL val=4792.51 vah=4825.69 poc=4815.14 vwap=4807.41
2026-04-09T18:50:00+07:00,2026-04-09T19:20:00+07:00,SELL,4744.82,4747.6,4725.52,BE,-0.2,S419 SELL Orochi BREAKOUT@VAL 7R,BREAKOUT@VAL val=4792.51 vah=4825.69 poc=4800.05 vwap=4806.84
2026-04-09T19:25:00+07:00,2026-04-09T19:35:00+07:00,SELL,4745.83,4748.56,4726.64,BE,-0.2,S419 SELL Orochi BREAKOUT@VAL 7R,BREAKOUT@VAL val=4789.50 vah=4822.68 poc=4800.05 vwap=4806.08
2026-04-09T19:40:00+07:00,2026-04-09T19:45:00+07:00,SELL,4751.19,4752.54,4741.9,SL,-1.55,S419 SELL Orochi BREAKOUT@VAL 7R,BREAKOUT@VAL val=4786.48 vah=4819.66 poc=4800.05 vwap=4805.95
2026-04-09T19:50:00+07:00,2026-04-09T20:00:00+07:00,SELL,4756.21,4758.17,4742.33,BE,-0.2,S419 SELL Orochi BREAKOUT@VAL 7R,BREAKOUT@VAL val=4789.50 vah=4822.68 poc=4800.05 vwap=4806.22
2026-04-09T21:45:00+07:00,2026-04-09T21:50:00+07:00,BUY,4771.59,4767.1,4803.66,SL,-4.69,S419 BUY Orochi BREAKOUT@VAH 7R,BREAKOUT@VAH val=4703.30 vah=4757.51 poc=4714.59 vwap=4739.56
2026-04-09T21:55:00+07:00,2026-04-09T22:15:00+07:00,BUY,4764.42,4757.84,4810.8,BE,-0.2,S419 BUY Orochi BREAKOUT@VAH 7R,BREAKOUT@VAH val=4703.30 vah=4757.51 poc=4714.59 vwap=4739.56
2026-04-09T22:20:00+07:00,2026-04-09T22:30:00+07:00,BUY,4770.54,4758.14,4857.26,BE,-0.2,S419 BUY Orochi BREAKOUT@VAH 7R,BREAKOUT@VAH val=4703.30 vah=4757.51 poc=4714.59 vwap=4739.56
2026-04-09T22:50:00+07:00,2026-04-09T23:00:00+07:00,BUY,4763.71,4752.7,4840.94,BE,-0.2,S419 BUY Orochi BREAKOUT@VAH 7R,BREAKOUT@VAH val=4703.30 vah=4757.51 poc=4714.59 vwap=4739.56
2026-04-09T23:05:00+07:00,2026-04-09T23:20:00+07:00,BUY,4762.32,4758.99,4785.55,TP,23.03,S419 BUY Orochi BREAKOUT@VAH 7R,BREAKOUT@VAH val=4703.30 vah=4757.51 poc=4714.59 vwap=4739.56
2026-04-09T23:25:00+07:00,2026-04-10T02:20:00+07:00,BUY,4778.94,4775.48,4803.08,BE,-0.2,S419 BUY Orochi BREAKOUT@VAH 7R,BREAKOUT@VAH val=4703.30 vah=4757.51 poc=4714.59 vwap=4739.56
2026-04-10T02:25:00+07:00,2026-04-10T02:30:00+07:00,BUY,4782.18,4776.14,4824.78,SL,-6.24,S419 BUY Orochi BREAKOUT@VAH 7R,BREAKOUT@VAH val=4703.30 vah=4757.51 poc=4714.59 vwap=4739.56
2026-04-10T02:35:00+07:00,2026-04-10T02:40:00+07:00,BUY,4776.52,4770.56,4818.8,SL,-6.16,S419 BUY Orochi BREAKOUT@VAH 7R,BREAKOUT@VAH val=4703.30 vah=4757.51 poc=4714.59 vwap=4739.56
2026-04-10T02:45:00+07:00,2026-04-10T03:00:00+07:00,BUY,4772.63,4766.04,4819.4,BE,-0.2,S419 BUY Orochi BREAKOUT@VAH 7R,BREAKOUT@VAH val=4703.30 vah=4757.51 poc=4714.59 vwap=4739.56
2026-04-10T03:10:00+07:00,2026-04-10T03:20:00+07:00,BUY,4779.8,4772.94,4827.9,BE,-0.2,S419 BUY Orochi BREAKOUT@VAH 7R,BREAKOUT@VAH val=4703.30 vah=4757.51 poc=4714.59 vwap=4739.56
2026-04-10T03:25:00+07:00,2026-04-10T03:30:00+07:00,BUY,4773.66,4770.92,4792.76,SL,-2.94,S419 BUY Orochi BREAKOUT@VAH 7R,BREAKOUT@VAH val=4703.30 vah=4757.51 poc=4714.59 vwap=4739.56
2026-04-10T03:35:00+07:00,2026-04-10T03:45:00+07:00,BUY,4771.35,4768.14,4793.66,BE,-0.2,S419 BUY Orochi BREAKOUT@VAH 7R,BREAKOUT@VAH val=4703.30 vah=4757.51 poc=4714.59 vwap=4739.56
2026-04-10T03:50:00+07:00,2026-04-10T03:55:00+07:00,BUY,4772.14,4767.34,4806.22,SL,-5.0,S419 BUY Orochi BREAKOUT@VAH 7R,BREAKOUT@VAH val=4703.30 vah=4757.51 poc=4714.59 vwap=4739.56
2026-04-10T04:00:00+07:00,2026-04-10T04:10:00+07:00,BUY,4770.57,4765.8,4804.36,BE,-0.2,S419 BUY Orochi BREAKOUT@VAH 7R,BREAKOUT@VAH val=4703.30 vah=4757.51 poc=4714.59 vwap=4739.56
2026-04-10T04:15:00+07:00,2026-04-10T04:25:00+07:00,BUY,4770.76,4765.07,4810.67,BE,-0.2,S419 BUY Orochi BREAKOUT@VAH 7R,BREAKOUT@VAH val=4703.30 vah=4757.51 poc=4714.59 vwap=4739.56
2026-04-10T04:30:00+07:00,2026-04-10T04:35:00+07:00,BUY,4769.28,4768.18,4776.9,SL,-1.3,S419 BUY Orochi BREAKOUT@VAH 7R,BREAKOUT@VAH val=4703.30 vah=4757.51 poc=4714.59 vwap=4739.56
2026-04-10T04:40:00+07:00,2026-04-10T04:55:00+07:00,BUY,4764.5,4759.92,4795.12,BE,-0.2,S419 BUY Orochi BREAKOUT@VAH 7R,BREAKOUT@VAH val=4703.30 vah=4757.51 poc=4714.59 vwap=4739.56
2026-04-10T06:05:00+07:00,2026-04-10T06:15:00+07:00,BUY,4770.65,4764.09,4816.33,BE,-0.2,S419 BUY Orochi BREAKOUT@VAH 7R,BREAKOUT@VAH val=4703.30 vah=4757.51 poc=4714.59 vwap=4739.56
2026-04-10T06:20:00+07:00,2026-04-10T06:30:00+07:00,BUY,4767.28,4763.74,4792.3,BE,-0.2,S419 BUY Orochi BREAKOUT@VAH 7R,BREAKOUT@VAH val=4703.30 vah=4757.51 poc=4714.59 vwap=4739.56
2026-04-10T06:35:00+07:00,2026-04-10T06:45:00+07:00,BUY,4759.43,4758.1,4770.74,BE,-0.2,S419 BUY Orochi BREAKOUT@VAH 7R,BREAKOUT@VAH val=4703.30 vah=4757.51 poc=4714.59 vwap=4739.56
2026-04-10T06:50:00+07:00,2026-04-10T07:00:00+07:00,BUY,4761.37,4757.62,4791.86,BE,-0.2,S419 BUY Orochi BREAKOUT@VAH 7R,BREAKOUT@VAH val=4703.30 vah=4757.51 poc=4714.59 vwap=4739.56
2026-04-10T07:05:00+07:00,2026-04-10T07:40:00+07:00,BUY,4762.08,4756.65,4799.77,BE,-0.2,S419 BUY Orochi BREAKOUT@VAH 7R,BREAKOUT@VAH val=4703.30 vah=4757.51 poc=4714.59 vwap=4739.56
2026-04-10T07:45:00+07:00,2026-04-10T07:55:00+07:00,BUY,4762.31,4757.56,4796.52,BE,-0.2,S419 BUY Orochi BREAKOUT@VAH 7R,BREAKOUT@VAH val=4703.28 vah=4757.22 poc=4714.51 vwap=4737.91
2026-04-10T08:00:00+07:00,2026-04-10T08:05:00+07:00,BUY,4757.23,4752.78,4790.06,SL,-4.65,S419 BUY Orochi BREAKOUT@VAH 7R,BREAKOUT@VAH val=4703.28 vah=4752.73 poc=4714.51 vwap=4737.04
2026-04-10T08:10:00+07:00,2026-04-10T08:20:00+07:00,BUY,4754.07,4749.71,4783.63,BE,-0.2,S419 BUY Orochi BREAKOUT@VAH 7R,BREAKOUT@VAH val=4703.28 vah=4752.73 poc=4714.51 vwap=4736.48
2026-04-10T08:25:00+07:00,2026-04-10T10:10:00+07:00,BUY,4753.89,4749.89,4780.85,BE,-0.2,S419 BUY Orochi BREAKOUT@VAH 7R,BREAKOUT@VAH val=4702.97 vah=4753.22 poc=4721.81 vwap=4735.45
2026-04-10T10:15:00+07:00,2026-04-10T10:20:00+07:00,BUY,4747.81,4744.64,4771.92,SL,-3.37,S419 BUY Orochi BREAKOUT@VAH 7R,BREAKOUT@VAH val=4704.34 vah=4740.49 poc=4722.41 vwap=4728.20
2026-04-10T10:25:00+07:00,2026-04-10T10:30:00+07:00,BUY,4744.71,4740.63,4773.35,SL,-4.28,S419 BUY Orochi BREAKOUT@VAH 7R,BREAKOUT@VAH val=4704.34 vah=4740.49 poc=4722.41 vwap=4727.94
2026-04-10T10:35:00+07:00,2026-04-10T10:45:00+07:00,BUY,4747.79,4736.14,4829.18,BE,-0.2,S419 BUY Orochi BREAKOUT@VAH 7R,BREAKOUT@VAH val=4701.56 vah=4734.93 poc=4722.41 vwap=4727.64
2026-04-10T10:50:00+07:00,2026-04-10T14:45:00+07:00,BUY,4749.26,4745.89,4773.73,BE,-0.2,S419 BUY Orochi BREAKOUT@VAH 7R,BREAKOUT@VAH val=4701.56 vah=4734.93 poc=4722.41 vwap=4727.03
2026-04-10T14:50:00+07:00,2026-04-10T15:00:00+07:00,BUY,4744.87,4741.64,4767.32,BE,-0.2,S419 BUY Orochi BREAKOUT@VAH 7R,BREAKOUT@VAH val=4708.56 vah=4730.56 poc=4722.01 vwap=4721.92
2026-04-10T15:10:00+07:00,2026-04-10T16:05:00+07:00,BUY,4747.16,4744.39,4766.07,BE,-0.2,S419 BUY Orochi BREAKOUT@VAH 7R,BREAKOUT@VAH val=4708.56 vah=4730.56 poc=4714.67 vwap=4721.84
2026-04-10T16:10:00+07:00,2026-04-10T16:15:00+07:00,BUY,4750.03,4745.98,4777.34,SL,-4.25,S419 BUY Orochi BREAKOUT@VAH 7R,BREAKOUT@VAH val=4708.56 vah=4730.56 poc=4714.67 vwap=4721.65
2026-04-10T16:20:00+07:00,2026-04-10T16:30:00+07:00,BUY,4746.39,4741.23,4782.83,BE,-0.2,S419 BUY Orochi BREAKOUT@VAH 7R,BREAKOUT@VAH val=4708.56 vah=4730.56 poc=4714.67 vwap=4721.64
2026-04-10T16:35:00+07:00,2026-04-10T16:40:00+07:00,BUY,4749.42,4745.3,4778.66,SL,-4.32,S419 BUY Orochi BREAKOUT@VAH 7R,BREAKOUT@VAH val=4708.56 vah=4730.56 poc=4714.67 vwap=4721.73
2026-04-10T16:45:00+07:00,2026-04-10T16:50:00+07:00,BUY,4735.73,4732.3,4761.82,SL,-3.63,S419 BUY Orochi BREAKOUT@VAH 7R,BREAKOUT@VAH val=4708.56 vah=4730.56 poc=4714.67 vwap=4721.83
2026-04-10T17:05:00+07:00,2026-04-10T19:20:00+07:00,BUY,4742.21,4739.41,4762.13,TP,19.72,S419 BUY Orochi BREAKOUT@VAH 7R,BREAKOUT@VAH val=4708.56 vah=4730.56 poc=4714.67 vwap=4721.96
2026-04-10T19:25:00+07:00,2026-04-10T19:35:00+07:00,BUY,4761.68,4756.87,4795.19,BE,-0.2,S419 BUY Orochi BREAKOUT@VAH 7R,BREAKOUT@VAH val=4709.84 vah=4730.25 poc=4720.05 vwap=4724.20
2026-04-10T19:45:00+07:00,2026-04-10T19:55:00+07:00,BUY,4763.62,4759.19,4792.87,BE,-0.2,S419 BUY Orochi BREAKOUT@VAH 7R,BREAKOUT@VAH val=4710.31 vah=4730.52 poc=4722.66 vwap=4724.67
2026-04-10T21:25:00+07:00,2026-04-10T21:35:00+07:00,BUY,4776.03,4768.58,4826.98,BE,-0.2,S419 BUY Orochi BREAKOUT@VAH 7R,BREAKOUT@VAH val=4742.55 vah=4774.82 poc=4761.62 vwap=4765.46
2026-04-10T22:00:00+07:00,2026-04-10T22:10:00+07:00,BUY,4776.58,4768.6,4832.36,BE,-0.2,S419 BUY Orochi BREAKOUT@VAH 7R,BREAKOUT@VAH val=4742.55 vah=4774.82 poc=4761.62 vwap=4765.46
2026-04-10T22:20:00+07:00,2026-04-10T22:30:00+07:00,BUY,4790.26,4776.94,4883.34,BE,-0.2,S419 BUY Orochi BREAKOUT@VAH 7R,BREAKOUT@VAH val=4742.55 vah=4774.82 poc=4761.62 vwap=4765.46
2026-04-10T22:35:00+07:00,2026-04-10T22:40:00+07:00,BUY,4786.92,4784.72,4801.6,SL,-2.4,S419 BUY Orochi BREAKOUT@VAH 7R,BREAKOUT@VAH val=4742.55 vah=4774.82 poc=4761.62 vwap=4765.46
2026-04-10T23:10:00+07:00,2026-04-10T23:20:00+07:00,BUY,4782.03,4767.35,4883.51,BE,-0.2,S419 BUY Orochi BREAKOUT@VAH 7R,BREAKOUT@VAH val=4742.55 vah=4774.82 poc=4761.62 vwap=4765.46
2026-04-10T23:25:00+07:00,2026-04-10T23:30:00+07:00,BUY,4776.14,4774.11,4790.03,SL,-2.23,S419 BUY Orochi BREAKOUT@VAH 7R,BREAKOUT@VAH val=4742.55 vah=4774.82 poc=4761.62 vwap=4765.46
2026-04-13T23:15:00+07:00,2026-04-13T23:30:00+07:00,SELL,4706.63,4713.62,4657.3,BE,-0.2,S419 SELL Orochi BREAKOUT@VAL 7R,BREAKOUT@VAL val=4707.93 vah=4736.01 poc=4721.97 vwap=4708.02
2026-04-14T00:45:00+07:00,2026-04-14T00:55:00+07:00,BUY,4737.7,4728.49,4802.01,BE,-0.2,S419 BUY Orochi BREAKOUT@VAH 7R,BREAKOUT@VAH val=4707.93 vah=4736.01 poc=4721.97 vwap=4708.02
2026-04-14T01:25:00+07:00,2026-04-14T01:40:00+07:00,BUY,4743.12,4739.48,4768.28,BE,-0.2,S419 BUY Orochi BREAKOUT@VAH 7R,BREAKOUT@VAH val=4707.93 vah=4736.01 poc=4721.97 vwap=4708.02
2026-04-14T01:45:00+07:00,2026-04-14T01:50:00+07:00,BUY,4738.63,4735.16,4763.0,SL,-3.67,S419 BUY Orochi BREAKOUT@VAH 7R,BREAKOUT@VAH val=4707.93 vah=4736.01 poc=4721.97 vwap=4708.02
2026-04-14T02:55:00+07:00,2026-04-14T03:05:00+07:00,BUY,4738.41,4732.81,4777.93,BE,-0.2,S419 BUY Orochi BREAKOUT@VAH 7R,BREAKOUT@VAH val=4707.93 vah=4736.01 poc=4721.97 vwap=4708.02
2026-04-14T03:20:00+07:00,2026-04-14T03:40:00+07:00,BUY,4741.26,4733.68,4794.24,BE,-0.2,S419 BUY Orochi BREAKOUT@VAH 7R,BREAKOUT@VAH val=4707.93 vah=4736.01 poc=4721.97 vwap=4708.02
2026-04-14T03:45:00+07:00,2026-04-14T03:55:00+07:00,BUY,4741.06,4738.1,4762.5,BE,-0.2,S419 BUY Orochi BREAKOUT@VAH 7R,BREAKOUT@VAH val=4707.93 vah=4736.01 poc=4721.97 vwap=4708.02
2026-04-14T04:00:00+07:00,2026-04-14T04:10:00+07:00,BUY,4742.36,4738.49,4769.37,BE,-0.2,S419 BUY Orochi BREAKOUT@VAH 7R,BREAKOUT@VAH val=4707.93 vah=4736.01 poc=4721.97 vwap=4708.02
2026-04-14T04:15:00+07:00,2026-04-14T04:20:00+07:00,BUY,4741.79,4740.57,4750.73,SL,-1.42,S419 BUY Orochi BREAKOUT@VAH 7R,BREAKOUT@VAH val=4707.93 vah=4736.01 poc=4721.97 vwap=4708.02
2026-04-14T04:25:00+07:00,2026-04-14T04:35:00+07:00,BUY,4739.4,4737.57,4752.45,BE,-0.2,S419 BUY Orochi BREAKOUT@VAH 7R,BREAKOUT@VAH val=4707.93 vah=4736.01 poc=4721.97 vwap=4708.02
2026-04-14T04:40:00+07:00,2026-04-14T04:50:00+07:00,BUY,4739.8,4737.69,4755.37,BE,-0.2,S419 BUY Orochi BREAKOUT@VAH 7R,BREAKOUT@VAH val=4707.93 vah=4736.01 poc=4721.97 vwap=4708.02
2026-04-14T04:55:00+07:00,2026-04-14T06:05:00+07:00,BUY,4750.06,4737.54,4760.74,BE,-0.2,S419 BUY Orochi BREAKOUT@VAH 7R,BREAKOUT@VAH val=4707.93 vah=4736.01 poc=4721.97 vwap=4708.02
2026-04-14T06:10:00+07:00,2026-04-14T06:20:00+07:00,BUY,4748.49,4745.21,4771.61,BE,-0.2,S419 BUY Orochi BREAKOUT@VAH 7R,BREAKOUT@VAH val=4707.93 vah=4736.01 poc=4721.97 vwap=4708.02
2026-04-14T06:25:00+07:00,2026-04-14T06:35:00+07:00,BUY,4748.72,4744.98,4775.06,BE,-0.2,S419 BUY Orochi BREAKOUT@VAH 7R,BREAKOUT@VAH val=4707.93 vah=4736.01 poc=4721.97 vwap=4708.02
2026-04-14T06:40:00+07:00,2026-04-14T06:50:00+07:00,BUY,4751.27,4745.49,4785.09,BE,-0.2,S419 BUY Orochi BREAKOUT@VAH 7R,BREAKOUT@VAH val=4707.93 vah=4736.01 poc=4721.97 vwap=4708.02
2026-04-14T07:10:00+07:00,2026-04-14T07:15:00+07:00,BUY,4763.04,4761.49,4773.97,SL,-1.75,S419 BUY Orochi BREAKOUT@VAH 7R,BREAKOUT@VAH val=4707.93 vah=4736.01 poc=4721.97 vwap=4708.02
2026-04-14T07:20:00+07:00,2026-04-14T07:25:00+07:00,BUY,4758.8,4756.84,4771.48,SL,-2.16,S419 BUY Orochi BREAKOUT@VAH 7R,BREAKOUT@VAH val=4707.93 vah=4736.01 poc=4721.97 vwap=4708.02
2026-04-14T07:30:00+07:00,2026-04-14T08:00:00+07:00,BUY,4755.31,4753.6,4767.04,BE,-0.2,S419 BUY Orochi BREAKOUT@VAH 7R,BREAKOUT@VAH val=4707.93 vah=4736.01 poc=4721.97 vwap=4708.02
2026-04-14T08:05:00+07:00,2026-04-14T15:05:00+07:00,BUY,4756.22,4750.67,4794.11,TP,37.69,S419 BUY Orochi BREAKOUT@VAH 7R,BREAKOUT@VAH val=4707.93 vah=4736.01 poc=4721.97 vwap=4708.02
2026-04-14T15:10:00+07:00,2026-04-14T15:15:00+07:00,BUY,4790.31,4784.85,4827.97,SL,-5.66,S419 BUY Orochi BREAKOUT@VAH 7R,BREAKOUT@VAH val=4707.93 vah=4736.01 poc=4721.97 vwap=4708.02
2026-04-14T15:20:00+07:00,2026-04-14T15:25:00+07:00,BUY,4772.83,4771.09,4785.09,SL,-1.94,S419 BUY Orochi BREAKOUT@VAH 7R,BREAKOUT@VAH val=4707.93 vah=4736.01 poc=4721.97 vwap=4708.02
2026-04-14T15:30:00+07:00,2026-04-14T17:30:00+07:00,BUY,4772.58,4766.38,4816.38,BE,-0.2,S419 BUY Orochi BREAKOUT@VAH 7R,BREAKOUT@VAH val=4707.93 vah=4736.01 poc=4721.97 vwap=4708.02
2026-04-14T17:35:00+07:00,2026-04-14T18:00:00+07:00,BUY,4779.12,4770.57,4839.05,BE,-0.2,S419 BUY Orochi BREAKOUT@VAH 7R,BREAKOUT@VAH val=4712.08 vah=4736.03 poc=4722.06 vwap=4714.70
2026-04-14T18:05:00+07:00,2026-04-14T18:20:00+07:00,BUY,4784.64,4777.02,4837.1,BE,-0.2,S419 BUY Orochi BREAKOUT@VAH 7R,BREAKOUT@VAH val=4710.04 vah=4733.36 poc=4721.70 vwap=4716.73
2026-04-14T18:25:00+07:00,2026-04-14T18:35:00+07:00,BUY,4783.9,4779.22,4817.22,BE,-0.2,S419 BUY Orochi BREAKOUT@VAH 7R,BREAKOUT@VAH val=4710.50 vah=4731.16 poc=4720.83 vwap=4718.20
2026-04-14T18:50:00+07:00,2026-04-14T19:00:00+07:00,BUY,4770.57,4765.42,4806.7,BE,-0.2,S419 BUY Orochi BREAKOUT@VAH 7R,BREAKOUT@VAH val=4710.58 vah=4729.31 poc=4719.95 vwap=4719.87
2026-04-14T19:05:00+07:00,2026-04-14T19:30:00+07:00,BUY,4776.23,4765.21,4853.21,BE,-0.2,S419 BUY Orochi BREAKOUT@VAH 7R,BREAKOUT@VAH val=4712.57 vah=4730.87 poc=4720.58 vwap=4720.70
2026-04-14T19:35:00+07:00,2026-04-14T19:45:00+07:00,BUY,4777.78,4771.69,4820.01,BE,-0.2,S419 BUY Orochi BREAKOUT@VAH 7R,BREAKOUT@VAH val=4712.82 vah=4729.44 poc=4721.13 vwap=4721.92
2026-04-14T19:50:00+07:00,2026-04-14T20:10:00+07:00,BUY,4773.46,4770.19,4796.59,BE,-0.2,S419 BUY Orochi BREAKOUT@VAH 7R,BREAKOUT@VAH val=4712.82 vah=4729.44 poc=4721.13 vwap=4722.07
2026-04-14T21:45:00+07:00,2026-04-14T21:55:00+07:00,BUY,4794.22,4784.76,4860.04,BE,-0.2,S419 BUY Orochi BREAKOUT@VAH 7R,BREAKOUT@VAH val=4728.38 vah=4792.33 poc=4770.35 vwap=4750.31
2026-04-14T22:00:00+07:00,2026-04-14T22:10:00+07:00,BUY,4795.43,4788.44,4844.6,BE,-0.2,S419 BUY Orochi BREAKOUT@VAH 7R,BREAKOUT@VAH val=4728.38 vah=4792.33 poc=4770.35 vwap=4750.31
2026-04-14T22:15:00+07:00,2026-04-14T22:35:00+07:00,BUY,4804.7,4792.39,4890.63,BE,-0.2,S419 BUY Orochi BREAKOUT@VAH 7R,BREAKOUT@VAH val=4728.38 vah=4792.33 poc=4770.35 vwap=4750.31
2026-04-14T22:40:00+07:00,2026-04-14T22:45:00+07:00,BUY,4798.66,4796.18,4817.46,SL,-2.68,S419 BUY Orochi BREAKOUT@VAH 7R,BREAKOUT@VAH val=4728.38 vah=4792.33 poc=4770.35 vwap=4750.31
2026-04-14T22:50:00+07:00,2026-04-14T23:00:00+07:00,BUY,4801.66,4793.31,4860.75,BE,-0.2,S419 BUY Orochi BREAKOUT@VAH 7R,BREAKOUT@VAH val=4728.38 vah=4792.33 poc=4770.35 vwap=4750.31
2026-04-14T23:05:00+07:00,2026-04-14T23:35:00+07:00,BUY,4792.84,4789.85,4813.53,TP,20.49,S419 BUY Orochi BREAKOUT@VAH 7R,BREAKOUT@VAH val=4728.38 vah=4792.33 poc=4770.35 vwap=4750.31
2026-04-14T23:40:00+07:00,2026-04-14T23:50:00+07:00,BUY,4809.13,4805.42,4835.18,BE,-0.2,S419 BUY Orochi BREAKOUT@VAH 7R,BREAKOUT@VAH val=4728.38 vah=4792.33 poc=4770.35 vwap=4750.31
2026-04-14T23:55:00+07:00,2026-04-15T00:00:00+07:00,BUY,4808.12,4805.1,4829.02,SL,-3.22,S419 BUY Orochi BREAKOUT@VAH 7R,BREAKOUT@VAH val=4728.38 vah=4792.33 poc=4770.35 vwap=4750.31
2026-04-15T00:05:00+07:00,2026-04-15T00:20:00+07:00,BUY,4810.98,4803.51,4863.03,BE,-0.2,S419 BUY Orochi BREAKOUT@VAH 7R,BREAKOUT@VAH val=4728.38 vah=4792.33 poc=4770.35 vwap=4750.31
2026-04-15T00:25:00+07:00,2026-04-15T00:35:00+07:00,BUY,4816.45,4808.62,4871.18,BE,-0.2,S419 BUY Orochi BREAKOUT@VAH 7R,BREAKOUT@VAH val=4728.38 vah=4792.33 poc=4770.35 vwap=4750.31
2026-04-15T00:40:00+07:00,2026-04-15T00:45:00+07:00,BUY,4815.27,4812.08,4838.08,SL,-3.39,S419 BUY Orochi BREAKOUT@VAH 7R,BREAKOUT@VAH val=4728.38 vah=4792.33 poc=4770.35 vwap=4750.31
2026-04-15T00:50:00+07:00,2026-04-15T00:55:00+07:00,BUY,4813.73,4809.68,4842.16,SL,-4.25,S419 BUY Orochi BREAKOUT@VAH 7R,BREAKOUT@VAH val=4728.38 vah=4792.33 poc=4770.35 vwap=4750.31
2026-04-15T01:00:00+07:00,2026-04-15T09:15:00+07:00,BUY,4815.24,4807.78,4867.54,TP,52.1,S419 BUY Orochi BREAKOUT@VAH 7R,BREAKOUT@VAH val=4728.38 vah=4792.33 poc=4770.35 vwap=4750.31
2026-04-15T09:20:00+07:00,2026-04-15T09:40:00+07:00,BUY,4843.47,4840.5,4863.94,BE,-0.2,S419 BUY Orochi BREAKOUT@VAH 7R,BREAKOUT@VAH val=4736.37 vah=4792.33 poc=4770.35 vwap=4754.25
2026-04-15T09:45:00+07:00,2026-04-15T09:55:00+07:00,BUY,4844.38,4837.55,4892.11,BE,-0.2,S419 BUY Orochi BREAKOUT@VAH 7R,BREAKOUT@VAH val=4740.37 vah=4792.33 poc=4770.35 vwap=4755.50
2026-04-15T10:00:00+07:00,2026-04-15T10:10:00+07:00,BUY,4848.27,4840.6,4901.72,BE,-0.2,S419 BUY Orochi BREAKOUT@VAH 7R,BREAKOUT@VAH val=4740.37 vah=4792.33 poc=4770.35 vwap=4756.20
2026-04-15T10:15:00+07:00,2026-04-15T10:20:00+07:00,BUY,4842.59,4839.39,4865.47,SL,-3.4,S419 BUY Orochi BREAKOUT@VAH 7R,BREAKOUT@VAH val=4740.37 vah=4792.33 poc=4770.35 vwap=4756.92
2026-04-15T10:25:00+07:00,2026-04-15T10:30:00+07:00,BUY,4834.61,4830.23,4865.35,SL,-4.58,S419 BUY Orochi BREAKOUT@VAH 7R,BREAKOUT@VAH val=4741.49 vah=4792.41 poc=4766.95 vwap=4757.70
2026-04-15T10:35:00+07:00,2026-04-15T10:45:00+07:00,BUY,4829.31,4819.98,4894.78,BE,-0.2,S419 BUY Orochi BREAKOUT@VAH 7R,BREAKOUT@VAH val=4741.49 vah=4792.41 poc=4766.95 vwap=4758.38
2026-04-15T10:50:00+07:00,2026-04-15T10:55:00+07:00,BUY,4824.19,4820.71,4849.03,SL,-3.68,S419 BUY Orochi BREAKOUT@VAH 7R,BREAKOUT@VAH val=4745.45 vah=4792.70 poc=4769.07 vwap=4759.48
2026-04-15T11:00:00+07:00,2026-04-15T13:35:00+07:00,BUY,4817.43,4815.52,4830.88,BE,-0.2,S419 BUY Orochi BREAKOUT@VAH 7R,BREAKOUT@VAH val=4745.57 vah=4792.70 poc=4769.14 vwap=4760.16
2026-04-15T13:40:00+07:00,2026-04-15T13:50:00+07:00,BUY,4816.87,4811.58,4853.66,BE,-0.2,S419 BUY Orochi BREAKOUT@VAH 7R,BREAKOUT@VAH val=4759.86 vah=4787.21 poc=4767.46 vwap=4767.31
2026-04-15T13:55:00+07:00,2026-04-15T14:05:00+07:00,BUY,4819.67,4813.96,4859.48,BE,-0.2,S419 BUY Orochi BREAKOUT@VAH 7R,BREAKOUT@VAH val=4760.77 vah=4785.39 poc=4767.61 vwap=4767.94
2026-04-15T14:10:00+07:00,2026-04-15T14:20:00+07:00,BUY,4819.1,4815.25,4845.89,BE,-0.2,S419 BUY Orochi BREAKOUT@VAH 7R,BREAKOUT@VAH val=4760.77 vah=4785.39 poc=4767.61 vwap=4768.56
2026-04-15T14:25:00+07:00,2026-04-15T14:30:00+07:00,BUY,4814.77,4812.23,4832.47,SL,-2.74,S419 BUY Orochi BREAKOUT@VAH 7R,BREAKOUT@VAH val=4761.69 vah=4785.67 poc=4768.35 vwap=4769.23
2026-04-15T14:35:00+07:00,2026-04-15T14:50:00+07:00,BUY,4815.93,4809.88,4858.6,BE,-0.2,S419 BUY Orochi BREAKOUT@VAH 7R,BREAKOUT@VAH val=4761.73 vah=4783.97 poc=4767.91 vwap=4769.58
2026-04-15T14:55:00+07:00,2026-04-15T15:00:00+07:00,BUY,4811.7,4810.04,4824.52,SL,-1.86,S419 BUY Orochi BREAKOUT@VAH 7R,BREAKOUT@VAH val=4762.44 vah=4784.23 poc=4768.49 vwap=4770.11
2026-04-15T15:05:00+07:00,2026-04-15T15:25:00+07:00,BUY,4809.4,4802.82,4855.86,BE,-0.2,S419 BUY Orochi BREAKOUT@VAH 7R,BREAKOUT@VAH val=4762.44 vah=4784.23 poc=4768.49 vwap=4770.49
2026-04-15T15:30:00+07:00,2026-04-15T15:40:00+07:00,BUY,4811.66,4804.2,4863.96,BE,-0.2,S419 BUY Orochi BREAKOUT@VAH 7R,BREAKOUT@VAH val=4762.44 vah=4784.23 poc=4768.49 vwap=4771.24
2026-04-15T15:45:00+07:00,2026-04-15T16:00:00+07:00,BUY,4807.92,4804.57,4831.61,BE,-0.2,S419 BUY Orochi BREAKOUT@VAH 7R,BREAKOUT@VAH val=4762.44 vah=4784.23 poc=4768.49 vwap=4771.38
2026-04-15T16:05:00+07:00,2026-04-15T16:10:00+07:00,BUY,4808.6,4805.3,4832.18,SL,-3.5,S419 BUY Orochi BREAKOUT@VAH 7R,BREAKOUT@VAH val=4762.44 vah=4784.23 poc=4768.49 vwap=4771.58
2026-04-15T16:15:00+07:00,2026-04-15T16:30:00+07:00,BUY,4811.86,4803.35,4871.59,BE,-0.2,S419 BUY Orochi BREAKOUT@VAH 7R,BREAKOUT@VAH val=4762.65 vah=4783.70 poc=4767.91 vwap=4771.68
2026-04-15T16:35:00+07:00,2026-04-15T17:05:00+07:00,BUY,4809.88,4804.17,4849.93,BE,-0.2,S419 BUY Orochi BREAKOUT@VAH 7R,BREAKOUT@VAH val=4762.65 vah=4783.70 poc=4767.91 vwap=4772.05
2026-04-15T17:20:00+07:00,2026-04-15T17:25:00+07:00,BUY,4804.47,4800.01,4835.85,SL,-4.66,S419 BUY Orochi BREAKOUT@VAH 7R,BREAKOUT@VAH val=4762.44 vah=4781.27 poc=4769.03 vwap=4772.62
2026-04-15T17:30:00+07:00,2026-04-15T17:40:00+07:00,BUY,4798.36,4795.34,4819.58,BE,-0.2,S419 BUY Orochi BREAKOUT@VAH 7R,BREAKOUT@VAH val=4762.44 vah=4781.27 poc=4769.03 vwap=4772.72
2026-04-15T17:45:00+07:00,2026-04-15T17:55:00+07:00,BUY,4795.33,4785.6,4863.28,BE,-0.2,S419 BUY Orochi BREAKOUT@VAH 7R,BREAKOUT@VAH val=4762.44 vah=4781.27 poc=4769.03 vwap=4772.88
2026-04-15T18:00:00+07:00,2026-04-15T18:15:00+07:00,BUY,4795.66,4792.82,4814.26,BE,-0.2,S419 BUY Orochi BREAKOUT@VAH 7R,BREAKOUT@VAH val=4762.44 vah=4781.27 poc=4769.03 vwap=4773.08
2026-04-15T18:20:00+07:00,2026-04-15T18:25:00+07:00,BUY,4794.27,4791.05,4816.73,SL,-3.42,S419 BUY Orochi BREAKOUT@VAH 7R,BREAKOUT@VAH val=4764.33 vah=4781.27 poc=4769.03 vwap=4773.44
2026-04-15T18:30:00+07:00,2026-04-15T23:30:00+07:00,BUY,4794.38,4789.06,4831.46,BE,-0.2,S419 BUY Orochi BREAKOUT@VAH 7R,BREAKOUT@VAH val=4764.33 vah=4781.27 poc=4769.03 vwap=4773.67
2026-04-16T01:55:00+07:00,2026-04-16T02:00:00+07:00,SELL,4792.55,4796.87,4762.07,SL,-4.52,S419 SELL Orochi BREAKOUT@VAL 7R,BREAKOUT@VAL val=4794.07 vah=4839.44 poc=4814.49 vwap=4815.76
2026-04-16T04:30:00+07:00,2026-04-16T04:45:00+07:00,SELL,4792.15,4795.44,4769.28,BE,-0.2,S419 SELL Orochi BREAKOUT@VAL 7R,BREAKOUT@VAL val=4794.07 vah=4839.44 poc=4814.49 vwap=4815.76
2026-04-16T22:00:00+07:00,2026-04-16T22:10:00+07:00,SELL,4792.3,4800.36,4735.96,BE,-0.2,S419 SELL Orochi BREAKOUT@VAL 7R,BREAKOUT@VAL val=4804.18 vah=4829.80 poc=4824.46 vwap=4814.31
2026-04-16T22:15:00+07:00,2026-04-16T22:25:00+07:00,SELL,4794.58,4807.77,4702.41,BE,-0.2,S419 SELL Orochi BREAKOUT@VAL 7R,BREAKOUT@VAL val=4804.18 vah=4829.80 poc=4824.46 vwap=4814.31
2026-04-16T22:30:00+07:00,2026-04-16T23:00:00+07:00,SELL,4796.55,4803.19,4750.47,BE,-0.2,S419 SELL Orochi BREAKOUT@VAL 7R,BREAKOUT@VAL val=4804.18 vah=4829.80 poc=4824.46 vwap=4814.31
2026-04-16T23:30:00+07:00,2026-04-16T23:35:00+07:00,SELL,4801.14,4809.24,4744.68,SL,-8.3,S419 SELL Orochi BREAKOUT@VAL 7R,BREAKOUT@VAL val=4804.18 vah=4829.80 poc=4824.46 vwap=4814.31
2026-04-16T23:45:00+07:00,2026-04-17T00:00:00+07:00,SELL,4803.37,4809.56,4760.12,SL,-6.39,S419 SELL Orochi BREAKOUT@VAL 7R,BREAKOUT@VAL val=4804.18 vah=4829.80 poc=4824.46 vwap=4814.31
2026-04-17T00:25:00+07:00,2026-04-17T08:45:00+07:00,SELL,4799.29,4805.77,4754.09,BE,-0.2,S419 SELL Orochi BREAKOUT@VAL 7R,BREAKOUT@VAL val=4804.18 vah=4829.80 poc=4824.46 vwap=4814.31
2026-04-17T08:55:00+07:00,2026-04-17T11:05:00+07:00,SELL,4794.83,4800.31,4756.55,BE,-0.2,S419 SELL Orochi BREAKOUT@VAL 7R,BREAKOUT@VAL val=4802.05 vah=4829.80 poc=4824.46 vwap=4814.32
2026-04-17T11:10:00+07:00,2026-04-17T11:20:00+07:00,SELL,4796.0,4798.72,4777.28,BE,-0.2,S419 SELL Orochi BREAKOUT@VAL 7R,BREAKOUT@VAL val=4804.35 vah=4831.97 poc=4824.53 vwap=4814.12
2026-04-17T11:25:00+07:00,2026-04-17T11:35:00+07:00,SELL,4794.03,4798.52,4763.24,BE,-0.2,S419 SELL Orochi BREAKOUT@VAL 7R,BREAKOUT@VAL val=4804.35 vah=4831.97 poc=4824.53 vwap=4814.34
2026-04-17T11:40:00+07:00,2026-04-17T11:45:00+07:00,SELL,4794.29,4796.06,4781.82,SL,-1.97,S419 SELL Orochi BREAKOUT@VAL 7R,BREAKOUT@VAL val=4804.35 vah=4831.97 poc=4824.53 vwap=4814.46
2026-04-17T11:50:00+07:00,2026-04-17T12:00:00+07:00,SELL,4794.22,4797.62,4770.26,BE,-0.2,S419 SELL Orochi BREAKOUT@VAL 7R,BREAKOUT@VAL val=4804.35 vah=4831.97 poc=4824.53 vwap=4814.51
2026-04-17T12:05:00+07:00,2026-04-17T12:30:00+07:00,SELL,4793.91,4796.25,4777.69,SL,-2.54,S419 SELL Orochi BREAKOUT@VAL 7R,BREAKOUT@VAL val=4806.48 vah=4834.09 poc=4824.53 vwap=4814.71
2026-04-17T12:35:00+07:00,2026-04-17T12:40:00+07:00,SELL,4799.39,4800.1,4795.14,SL,-0.91,S419 SELL Orochi BREAKOUT@VAL 7R,BREAKOUT@VAL val=4806.48 vah=4831.97 poc=4824.53 vwap=4815.28
2026-04-17T12:45:00+07:00,2026-04-17T12:55:00+07:00,SELL,4798.81,4801.89,4777.17,SL,-3.28,S419 SELL Orochi BREAKOUT@VAL 7R,BREAKOUT@VAL val=4806.48 vah=4831.97 poc=4824.53 vwap=4815.45
2026-04-17T13:05:00+07:00,2026-04-17T13:10:00+07:00,SELL,4804.6,4806.18,4793.62,SL,-1.78,S419 SELL Orochi BREAKOUT@VAL 7R,BREAKOUT@VAL val=4808.60 vah=4831.97 poc=4824.53 vwap=4815.99
2026-04-17T13:15:00+07:00,2026-04-17T13:25:00+07:00,SELL,4803.55,4807.0,4779.32,BE,-0.2,S419 SELL Orochi BREAKOUT@VAL 7R,BREAKOUT@VAL val=4808.60 vah=4831.97 poc=4824.53 vwap=4816.27
2026-04-17T13:45:00+07:00,2026-04-17T13:55:00+07:00,SELL,4797.49,4802.2,4763.96,BE,-0.2,S419 SELL Orochi BREAKOUT@VAL 7R,BREAKOUT@VAL val=4808.60 vah=4829.84 poc=4824.53 vwap=4817.37
2026-04-17T14:00:00+07:00,2026-04-17T15:30:00+07:00,SELL,4793.5,4799.19,4753.99,BE,-0.2,S419 SELL Orochi BREAKOUT@VAL 7R,BREAKOUT@VAL val=4808.60 vah=4829.84 poc=4824.53 vwap=4817.73
2026-04-17T15:50:00+07:00,2026-04-17T16:00:00+07:00,SELL,4785.4,4787.34,4772.22,BE,-0.2,S419 SELL Orochi BREAKOUT@VAL 7R,BREAKOUT@VAL val=4810.73 vah=4829.84 poc=4824.53 vwap=4819.85
2026-04-17T16:05:00+07:00,2026-04-17T16:15:00+07:00,SELL,4784.44,4792.27,4727.95,BE,-0.2,S419 SELL Orochi BREAKOUT@VAL 7R,BREAKOUT@VAL val=4810.73 vah=4829.84 poc=4824.53 vwap=4820.07
2026-04-17T16:20:00+07:00,2026-04-17T16:30:00+07:00,SELL,4784.32,4788.48,4755.28,BE,-0.2,S419 SELL Orochi BREAKOUT@VAL 7R,BREAKOUT@VAL val=4812.68 vah=4830.44 poc=4825.51 vwap=4820.28
2026-04-17T16:35:00+07:00,2026-04-17T16:40:00+07:00,SELL,4789.47,4790.87,4779.19,SL,-1.6,S419 SELL Orochi BREAKOUT@VAL 7R,BREAKOUT@VAL val=4812.24 vah=4829.64 poc=4825.29 vwap=4820.56
2026-04-17T16:45:00+07:00,2026-04-17T16:55:00+07:00,SELL,4793.64,4798.26,4761.54,BE,-0.2,S419 SELL Orochi BREAKOUT@VAL 7R,BREAKOUT@VAL val=4812.21 vah=4830.18 poc=4826.09 vwap=4820.71
2026-04-17T17:00:00+07:00,2026-04-17T19:45:00+07:00,SELL,4799.15,4802.11,4779.07,BE,-0.2,S419 SELL Orochi BREAKOUT@VAL 7R,BREAKOUT@VAL val=4812.12 vah=4830.63 poc=4825.23 vwap=4820.88
2026-04-17T20:05:00+07:00,2026-04-17T21:05:00+07:00,BUY,4804.07,4796.5,4857.22,TP,52.95,S419 BUY Orochi BREAKOUT@VAH 7R,BREAKOUT@VAH val=4784.09 vah=4802.80 poc=4789.94 vwap=4795.11
2026-04-17T21:15:00+07:00,2026-04-17T21:20:00+07:00,BUY,4864.15,4859.42,4896.38,SL,-4.93,S419 BUY Orochi BREAKOUT@VAH 7R,BREAKOUT@VAH val=4784.09 vah=4802.80 poc=4789.94 vwap=4795.11
2026-04-17T21:25:00+07:00,2026-04-17T21:55:00+07:00,BUY,4851.44,4847.38,4880.82,TP,29.18,S419 BUY Orochi BREAKOUT@VAH 7R,BREAKOUT@VAH val=4784.09 vah=4802.80 poc=4789.94 vwap=4795.11
2026-04-17T22:00:00+07:00,2026-04-17T22:05:00+07:00,BUY,4875.77,4871.43,4905.83,SL,-4.54,S419 BUY Orochi BREAKOUT@VAH 7R,BREAKOUT@VAH val=4784.09 vah=4802.80 poc=4789.94 vwap=4795.11
2026-04-17T22:10:00+07:00,2026-04-17T22:20:00+07:00,BUY,4867.19,4857.22,4934.34,BE,-0.2,S419 BUY Orochi BREAKOUT@VAH 7R,BREAKOUT@VAH val=4784.09 vah=4802.80 poc=4789.94 vwap=4795.11
2026-04-17T22:25:00+07:00,2026-04-17T22:35:00+07:00,BUY,4871.59,4864.16,4922.48,BE,-0.2,S419 BUY Orochi BREAKOUT@VAH 7R,BREAKOUT@VAH val=4784.09 vah=4802.80 poc=4789.94 vwap=4795.11
2026-04-17T22:40:00+07:00,2026-04-17T22:50:00+07:00,BUY,4877.34,4868.68,4937.64,BE,-0.2,S419 BUY Orochi BREAKOUT@VAH 7R,BREAKOUT@VAH val=4784.09 vah=4802.80 poc=4789.94 vwap=4795.11
2026-04-17T22:55:00+07:00,2026-04-17T23:00:00+07:00,BUY,4873.15,4867.25,4915.01,SL,-6.1,S419 BUY Orochi BREAKOUT@VAH 7R,BREAKOUT@VAH val=4784.09 vah=4802.80 poc=4789.94 vwap=4795.11
2026-04-17T23:05:00+07:00,2026-04-17T23:20:00+07:00,BUY,4872.76,4860.45,4959.25,BE,-0.2,S419 BUY Orochi BREAKOUT@VAH 7R,BREAKOUT@VAH val=4784.09 vah=4802.80 poc=4789.94 vwap=4795.11
2026-04-17T23:25:00+07:00,2026-04-17T23:40:00+07:00,BUY,4865.92,4860.81,4901.77,BE,-0.2,S419 BUY Orochi BREAKOUT@VAH 7R,BREAKOUT@VAH val=4784.09 vah=4802.80 poc=4789.94 vwap=4795.11
2026-04-17T23:45:00+07:00,2026-04-18T00:00:00+07:00,BUY,4863.81,4852.62,4942.78,BE,-0.2,S419 BUY Orochi BREAKOUT@VAH 7R,BREAKOUT@VAH val=4784.09 vah=4802.80 poc=4789.94 vwap=4795.11
2026-04-18T00:05:00+07:00,2026-04-18T00:15:00+07:00,BUY,4871.46,4861.54,4940.66,BE,-0.2,S419 BUY Orochi BREAKOUT@VAH 7R,BREAKOUT@VAH val=4784.09 vah=4802.80 poc=4789.94 vwap=4795.11
2026-04-18T00:20:00+07:00,2026-04-18T00:25:00+07:00,BUY,4870.48,4867.98,4887.9,SL,-2.7,S419 BUY Orochi BREAKOUT@VAH 7R,BREAKOUT@VAH val=4784.09 vah=4802.80 poc=4789.94 vwap=4795.11
2026-04-18T00:30:00+07:00,2026-04-18T00:40:00+07:00,BUY,4871.49,4865.97,4908.93,BE,-0.2,S419 BUY Orochi BREAKOUT@VAH 7R,BREAKOUT@VAH val=4784.09 vah=4802.80 poc=4789.94 vwap=4795.11
2026-04-18T00:45:00+07:00,2026-04-18T00:55:00+07:00,BUY,4866.21,4863.98,4881.74,BE,-0.2,S419 BUY Orochi BREAKOUT@VAH 7R,BREAKOUT@VAH val=4784.09 vah=4802.80 poc=4789.94 vwap=4795.11
2026-04-18T01:00:00+07:00,2026-04-18T01:05:00+07:00,BUY,4866.85,4864.13,4885.65,SL,-2.92,S419 BUY Orochi BREAKOUT@VAH 7R,BREAKOUT@VAH val=4784.09 vah=4802.80 poc=4789.94 vwap=4795.11
2026-04-18T01:10:00+07:00,2026-04-18T01:20:00+07:00,BUY,4862.79,4856.7,4905.02,BE,-0.2,S419 BUY Orochi BREAKOUT@VAH 7R,BREAKOUT@VAH val=4784.09 vah=4802.80 poc=4789.94 vwap=4795.11
2026-04-18T01:25:00+07:00,2026-04-18T01:35:00+07:00,BUY,4858.56,4852.85,4898.61,BE,-0.2,S419 BUY Orochi BREAKOUT@VAH 7R,BREAKOUT@VAH val=4784.09 vah=4802.80 poc=4789.94 vwap=4795.11
2026-04-18T01:40:00+07:00,2026-04-18T03:05:00+07:00,BUY,4855.12,4852.97,4870.09,BE,-0.2,S419 BUY Orochi BREAKOUT@VAH 7R,BREAKOUT@VAH val=4784.09 vah=4802.80 poc=4789.94 vwap=4795.11
2026-04-18T03:10:00+07:00,2026-04-18T03:20:00+07:00,BUY,4856.58,4852.79,4883.19,BE,-0.2,S419 BUY Orochi BREAKOUT@VAH 7R,BREAKOUT@VAH val=4784.09 vah=4802.80 poc=4789.94 vwap=4795.11
2026-04-18T03:25:00+07:00,2026-04-18T03:35:00+07:00,BUY,4856.84,4853.19,4882.87,BE,-0.2,S419 BUY Orochi BREAKOUT@VAH 7R,BREAKOUT@VAH val=4784.09 vah=4802.80 poc=4789.94 vwap=4795.11
2026-04-18T03:40:00+07:00,2026-04-18T03:50:00+07:00,BUY,4860.33,4855.09,4897.17,SL,-5.44,S419 BUY Orochi BREAKOUT@VAH 7R,BREAKOUT@VAH val=4784.09 vah=4802.80 poc=4789.94 vwap=4795.11
2026-04-18T03:55:00+07:00,2026-04-18T04:00:00+07:00,BUY,4854.65,4851.9,4874.54,SL,-2.95,S419 BUY Orochi BREAKOUT@VAH 7R,BREAKOUT@VAH val=4784.09 vah=4802.80 poc=4789.94 vwap=4795.11
2026-04-18T04:05:00+07:00,2026-04-18T04:10:00+07:00,BUY,4847.26,4845.19,4861.59,SL,-2.27,S419 BUY Orochi BREAKOUT@VAH 7R,BREAKOUT@VAH val=4784.09 vah=4802.80 poc=4789.94 vwap=4795.11
2026-04-18T04:20:00+07:00,2026-04-18T04:35:00+07:00,BUY,4848.47,4844.4,4876.88,SL,-4.27,S419 BUY Orochi BREAKOUT@VAH 7R,BREAKOUT@VAH val=4784.09 vah=4802.80 poc=4789.94 vwap=4795.11
2026-04-18T04:40:00+07:00,2026-04-18T04:45:00+07:00,BUY,4835.96,4833.41,4853.73,SL,-2.75,S419 BUY Orochi BREAKOUT@VAH 7R,BREAKOUT@VAH val=4784.09 vah=4802.80 poc=4789.94 vwap=4795.11
2026-04-18T04:50:00+07:00,2026-04-18T04:55:00+07:00,BUY,4834.52,4830.41,4863.61,SL,-4.31,S419 BUY Orochi BREAKOUT@VAH 7R,BREAKOUT@VAH val=4784.09 vah=4802.80 poc=4789.94 vwap=4795.11
2026-04-20T20:00:00+07:00,2026-04-20T20:05:00+07:00,BUY,4809.36,4805.12,4839.52,SL,-4.44,S419 BUY Orochi BREAKOUT@VAH 7R,BREAKOUT@VAH val=4782.11 vah=4804.68 poc=4793.40 vwap=4787.94
2026-04-20T20:15:00+07:00,2026-04-20T20:25:00+07:00,BUY,4814.74,4806.48,4872.88,BE,-0.2,S419 BUY Orochi BREAKOUT@VAH 7R,BREAKOUT@VAH val=4782.11 vah=4804.68 poc=4793.40 vwap=4787.94
2026-04-20T20:30:00+07:00,2026-04-20T20:35:00+07:00,BUY,4806.22,4802.52,4832.36,SL,-3.9,S419 BUY Orochi BREAKOUT@VAH 7R,BREAKOUT@VAH val=4782.11 vah=4804.68 poc=4793.40 vwap=4787.94
2026-04-20T20:45:00+07:00,2026-04-20T20:55:00+07:00,BUY,4806.27,4801.56,4839.88,BE,-0.2,S419 BUY Orochi BREAKOUT@VAH 7R,BREAKOUT@VAH val=4782.11 vah=4804.68 poc=4793.40 vwap=4787.94
2026-04-20T21:15:00+07:00,2026-04-20T21:25:00+07:00,BUY,4815.94,4808.19,4870.03,BE,-0.2,S419 BUY Orochi BREAKOUT@VAH 7R,BREAKOUT@VAH val=4782.11 vah=4804.68 poc=4793.40 vwap=4787.94
2026-04-20T21:30:00+07:00,2026-04-20T21:40:00+07:00,BUY,4821.95,4813.24,4883.0,BE,-0.2,S419 BUY Orochi BREAKOUT@VAH 7R,BREAKOUT@VAH val=4782.11 vah=4804.68 poc=4793.40 vwap=4787.94
2026-04-20T21:45:00+07:00,2026-04-20T21:55:00+07:00,BUY,4820.41,4814.99,4857.79,BE,-0.2,S419 BUY Orochi BREAKOUT@VAH 7R,BREAKOUT@VAH val=4782.11 vah=4804.68 poc=4793.40 vwap=4787.94
2026-04-20T22:00:00+07:00,2026-04-20T22:10:00+07:00,BUY,4817.86,4809.37,4876.73,SL,-8.69,S419 BUY Orochi BREAKOUT@VAH 7R,BREAKOUT@VAH val=4782.11 vah=4804.68 poc=4793.40 vwap=4787.94
2026-04-20T22:15:00+07:00,2026-04-20T22:35:00+07:00,BUY,4816.79,4805.03,4896.07,BE,-0.2,S419 BUY Orochi BREAKOUT@VAH 7R,BREAKOUT@VAH val=4782.11 vah=4804.68 poc=4793.40 vwap=4787.94
2026-04-20T22:40:00+07:00,2026-04-20T22:50:00+07:00,BUY,4814.17,4808.68,4852.36,BE,-0.2,S419 BUY Orochi BREAKOUT@VAH 7R,BREAKOUT@VAH val=4782.11 vah=4804.68 poc=4793.40 vwap=4787.94
2026-04-21T00:55:00+07:00,2026-04-21T01:30:00+07:00,BUY,4805.68,4802.32,4828.56,BE,-0.2,S419 BUY Orochi BREAKOUT@VAH 7R,BREAKOUT@VAH val=4782.11 vah=4804.68 poc=4793.40 vwap=4787.94
2026-04-21T01:35:00+07:00,2026-04-21T01:45:00+07:00,BUY,4809.84,4804.11,4849.47,BE,-0.2,S419 BUY Orochi BREAKOUT@VAH 7R,BREAKOUT@VAH val=4782.11 vah=4804.68 poc=4793.40 vwap=4787.94
2026-04-21T01:50:00+07:00,2026-04-21T01:55:00+07:00,BUY,4809.4,4806.44,4829.32,SL,-3.16,S419 BUY Orochi BREAKOUT@VAH 7R,BREAKOUT@VAH val=4782.11 vah=4804.68 poc=4793.40 vwap=4787.94
2026-04-21T02:10:00+07:00,2026-04-21T02:55:00+07:00,BUY,4815.51,4809.67,4856.47,BE,-0.2,S419 BUY Orochi BREAKOUT@VAH 7R,BREAKOUT@VAH val=4782.11 vah=4804.68 poc=4793.40 vwap=4787.94
2026-04-21T03:00:00+07:00,2026-04-21T03:20:00+07:00,BUY,4817.68,4812.36,4854.76,BE,-0.2,S419 BUY Orochi BREAKOUT@VAH 7R,BREAKOUT@VAH val=4782.11 vah=4804.68 poc=4793.40 vwap=4787.94
2026-04-21T03:25:00+07:00,2026-04-21T03:30:00+07:00,BUY,4817.09,4815.43,4828.47,SL,-1.86,S419 BUY Orochi BREAKOUT@VAH 7R,BREAKOUT@VAH val=4782.11 vah=4804.68 poc=4793.40 vwap=4787.94
2026-04-21T03:35:00+07:00,2026-04-21T04:50:00+07:00,BUY,4810.81,4809.88,4818.44,TP,7.43,S419 BUY Orochi BREAKOUT@VAH 7R,BREAKOUT@VAH val=4782.11 vah=4804.68 poc=4793.40 vwap=4787.94
2026-04-21T04:55:00+07:00,2026-04-21T06:05:00+07:00,BUY,4827.28,4816.63,4844.47,BE,-0.2,S419 BUY Orochi BREAKOUT@VAH 7R,BREAKOUT@VAH val=4782.11 vah=4804.68 poc=4793.40 vwap=4787.94
2026-04-21T06:15:00+07:00,2026-04-21T06:25:00+07:00,BUY,4831.68,4826.95,4865.03,BE,-0.2,S419 BUY Orochi BREAKOUT@VAH 7R,BREAKOUT@VAH val=4782.11 vah=4804.68 poc=4793.40 vwap=4787.94
2026-04-21T06:30:00+07:00,2026-04-21T06:50:00+07:00,BUY,4827.93,4824.04,4855.32,BE,-0.2,S419 BUY Orochi BREAKOUT@VAH 7R,BREAKOUT@VAH val=4782.11 vah=4804.68 poc=4793.40 vwap=4787.94
2026-04-21T06:55:00+07:00,2026-04-21T07:05:00+07:00,BUY,4827.59,4824.28,4851.64,BE,-0.2,S419 BUY Orochi BREAKOUT@VAH 7R,BREAKOUT@VAH val=4782.11 vah=4804.68 poc=4793.40 vwap=4787.94
2026-04-21T07:10:00+07:00,2026-04-21T07:25:00+07:00,BUY,4825.85,4823.02,4845.42,BE,-0.2,S419 BUY Orochi BREAKOUT@VAH 7R,BREAKOUT@VAH val=4782.11 vah=4804.68 poc=4793.40 vwap=4787.94
2026-04-21T07:30:00+07:00,2026-04-21T07:40:00+07:00,BUY,4823.86,4822.32,4834.8,BE,-0.2,S419 BUY Orochi BREAKOUT@VAH 7R,BREAKOUT@VAH val=4782.11 vah=4804.68 poc=4793.40 vwap=4787.94
2026-04-21T07:45:00+07:00,2026-04-21T07:55:00+07:00,BUY,4821.21,4819.6,4832.4,BE,-0.2,S419 BUY Orochi BREAKOUT@VAH 7R,BREAKOUT@VAH val=4782.11 vah=4804.68 poc=4793.40 vwap=4787.94
2026-04-21T08:10:00+07:00,2026-04-21T08:20:00+07:00,BUY,4828.59,4823.43,4864.79,BE,-0.2,S419 BUY Orochi BREAKOUT@VAH 7R,BREAKOUT@VAH val=4782.11 vah=4804.68 poc=4793.40 vwap=4787.94
2026-04-21T08:25:00+07:00,2026-04-21T08:30:00+07:00,BUY,4819.9,4818.86,4826.54,SL,-1.24,S419 BUY Orochi BREAKOUT@VAH 7R,BREAKOUT@VAH val=4782.11 vah=4804.68 poc=4793.40 vwap=4787.94
2026-04-21T08:35:00+07:00,2026-04-21T09:00:00+07:00,BUY,4819.77,4816.09,4845.61,BE,-0.2,S419 BUY Orochi BREAKOUT@VAH 7R,BREAKOUT@VAH val=4782.11 vah=4804.68 poc=4793.40 vwap=4787.94
2026-04-21T09:05:00+07:00,2026-04-21T09:10:00+07:00,BUY,4818.51,4815.63,4838.27,SL,-3.08,S419 BUY Orochi BREAKOUT@VAH 7R,BREAKOUT@VAH val=4782.11 vah=4804.68 poc=4793.40 vwap=4787.94
2026-04-21T09:15:00+07:00,2026-04-21T09:30:00+07:00,BUY,4817.62,4812.1,4856.34,BE,-0.2,S419 BUY Orochi BREAKOUT@VAH 7R,BREAKOUT@VAH val=4782.11 vah=4804.68 poc=4793.40 vwap=4787.94
2026-04-21T09:35:00+07:00,2026-04-21T09:40:00+07:00,BUY,4813.39,4811.84,4824.0,SL,-1.75,S419 BUY Orochi BREAKOUT@VAH 7R,BREAKOUT@VAH val=4782.11 vah=4804.68 poc=4793.40 vwap=4787.94
2026-04-21T09:45:00+07:00,2026-04-21T09:55:00+07:00,BUY,4812.56,4808.21,4844.61,BE,-0.2,S419 BUY Orochi BREAKOUT@VAH 7R,BREAKOUT@VAH val=4782.11 vah=4804.68 poc=4793.40 vwap=4787.94
2026-04-21T10:00:00+07:00,2026-04-21T10:10:00+07:00,BUY,4807.12,4804.67,4824.19,BE,-0.2,S419 BUY Orochi BREAKOUT@VAH 7R,BREAKOUT@VAH val=4782.11 vah=4804.68 poc=4793.40 vwap=4787.94
2026-04-21T10:15:00+07:00,2026-04-21T10:20:00+07:00,BUY,4807.07,4804.95,4822.07,SL,-2.32,S419 BUY Orochi BREAKOUT@VAH 7R,BREAKOUT@VAH val=4782.11 vah=4804.68 poc=4793.40 vwap=4787.94
2026-04-21T10:25:00+07:00,2026-04-21T10:30:00+07:00,BUY,4807.68,4802.71,4841.91,SL,-5.17,S419 BUY Orochi BREAKOUT@VAH 7R,BREAKOUT@VAH val=4782.11 vah=4804.68 poc=4793.40 vwap=4787.94
2026-04-21T10:40:00+07:00,2026-04-21T10:50:00+07:00,BUY,4806.5,4801.84,4839.04,BE,-0.2,S419 BUY Orochi BREAKOUT@VAH 7R,BREAKOUT@VAH val=4782.11 vah=4804.68 poc=4793.40 vwap=4787.94
2026-04-21T10:55:00+07:00,2026-04-21T11:05:00+07:00,BUY,4806.9,4802.79,4835.35,BE,-0.2,S419 BUY Orochi BREAKOUT@VAH 7R,BREAKOUT@VAH val=4782.11 vah=4804.68 poc=4793.40 vwap=4787.94
2026-04-21T14:20:00+07:00,2026-04-21T14:30:00+07:00,SELL,4781.41,4787.33,4740.77,BE,-0.2,S419 SELL Orochi BREAKOUT@VAL 7R,BREAKOUT@VAL val=4782.11 vah=4804.68 poc=4793.40 vwap=4787.94
2026-04-21T14:35:00+07:00,2026-04-21T14:45:00+07:00,SELL,4778.42,4783.9,4740.54,BE,-0.2,S419 SELL Orochi BREAKOUT@VAL 7R,BREAKOUT@VAL val=4782.11 vah=4804.68 poc=4793.40 vwap=4787.94
2026-04-21T14:50:00+07:00,2026-04-21T15:05:00+07:00,SELL,4776.54,4785.04,4716.88,BE,-0.2,S419 SELL Orochi BREAKOUT@VAL 7R,BREAKOUT@VAL val=4782.11 vah=4804.68 poc=4793.40 vwap=4787.94
2026-04-21T17:30:00+07:00,2026-04-21T17:40:00+07:00,SELL,4784.84,4787.37,4766.01,BE,-0.2,S419 SELL Orochi BREAKOUT@VAL 7R,BREAKOUT@VAL val=4785.34 vah=4804.68 poc=4793.40 vwap=4788.34
2026-04-21T18:10:00+07:00,2026-04-21T18:20:00+07:00,SELL,4783.03,4786.84,4755.8,BE,-0.2,S419 SELL Orochi BREAKOUT@VAL 7R,BREAKOUT@VAL val=4785.43 vah=4799.90 poc=4792.66 vwap=4790.27
2026-04-21T18:25:00+07:00,2026-04-21T18:30:00+07:00,SELL,4783.0,4785.88,4762.68,SL,-3.08,S419 SELL Orochi BREAKOUT@VAL 7R,BREAKOUT@VAL val=4784.61 vah=4800.84 poc=4794.08 vwap=4791.44
2026-04-21T19:15:00+07:00,2026-04-21T19:20:00+07:00,SELL,4781.8,4783.98,4766.38,SL,-2.38,S419 SELL Orochi BREAKOUT@VAL 7R,BREAKOUT@VAL val=4785.78 vah=4798.28 poc=4793.82 vwap=4794.13
2026-04-21T19:25:00+07:00,2026-04-21T19:30:00+07:00,SELL,4783.53,4785.32,4771.16,SL,-1.99,S419 SELL Orochi BREAKOUT@VAL 7R,BREAKOUT@VAL val=4786.99 vah=4798.52 poc=4793.47 vwap=4794.42
2026-04-21T20:25:00+07:00,2026-04-21T20:30:00+07:00,SELL,4780.76,4786.45,4740.53,SL,-5.89,S419 SELL Orochi BREAKOUT@VAL 7R,BREAKOUT@VAL val=4790.43 vah=4825.78 poc=4816.94 vwap=4803.60
2026-04-21T20:45:00+07:00,2026-04-21T20:55:00+07:00,SELL,4777.87,4784.66,4729.06,BE,-0.2,S419 SELL Orochi BREAKOUT@VAL 7R,BREAKOUT@VAL val=4790.43 vah=4825.78 poc=4816.94 vwap=4803.60
2026-04-21T21:00:00+07:00,2026-04-21T21:30:00+07:00,SELL,4779.33,4785.49,4736.45,BE,-0.2,S419 SELL Orochi BREAKOUT@VAL 7R,BREAKOUT@VAL val=4790.43 vah=4825.78 poc=4816.94 vwap=4803.60
2026-04-21T21:35:00+07:00,2026-04-21T21:40:00+07:00,SELL,4784.6,4787.72,4760.92,SL,-3.32,S419 SELL Orochi BREAKOUT@VAL 7R,BREAKOUT@VAL val=4790.43 vah=4825.78 poc=4816.94 vwap=4803.60
2026-04-21T21:45:00+07:00,2026-04-21T21:55:00+07:00,SELL,4788.86,4796.29,4737.73,BE,-0.2,S419 SELL Orochi BREAKOUT@VAL 7R,BREAKOUT@VAL val=4790.43 vah=4825.78 poc=4816.94 vwap=4803.60
2026-04-21T22:00:00+07:00,2026-04-21T22:10:00+07:00,SELL,4780.48,4791.45,4703.61,BE,-0.2,S419 SELL Orochi BREAKOUT@VAL 7R,BREAKOUT@VAL val=4790.43 vah=4825.78 poc=4816.94 vwap=4803.60
2026-04-21T22:15:00+07:00,2026-04-21T22:45:00+07:00,SELL,4777.75,4782.81,4740.97,TP,36.58,S419 SELL Orochi BREAKOUT@VAL 7R,BREAKOUT@VAL val=4790.43 vah=4825.78 poc=4816.94 vwap=4803.60
2026-04-21T22:50:00+07:00,2026-04-21T23:00:00+07:00,SELL,4738.78,4747.99,4675.35,BE,-0.2,S419 SELL Orochi BREAKOUT@VAL 7R,BREAKOUT@VAL val=4790.43 vah=4825.78 poc=4816.94 vwap=4803.60
2026-04-21T23:05:00+07:00,2026-04-21T23:10:00+07:00,SELL,4740.65,4743.4,4721.48,SL,-2.95,S419 SELL Orochi BREAKOUT@VAL 7R,BREAKOUT@VAL val=4790.43 vah=4825.78 poc=4816.94 vwap=4803.60
2026-04-21T23:15:00+07:00,2026-04-22T00:05:00+07:00,SELL,4756.14,4759.16,4735.32,TP,20.62,S419 SELL Orochi BREAKOUT@VAL 7R,BREAKOUT@VAL val=4790.43 vah=4825.78 poc=4816.94 vwap=4803.60
2026-04-22T00:10:00+07:00,2026-04-22T00:20:00+07:00,SELL,4730.3,4743.49,4637.57,BE,-0.2,S419 SELL Orochi BREAKOUT@VAL 7R,BREAKOUT@VAL val=4790.43 vah=4825.78 poc=4816.94 vwap=4803.60
2026-04-22T00:30:00+07:00,2026-04-22T00:40:00+07:00,SELL,4724.27,4732.38,4667.58,BE,-0.2,S419 SELL Orochi BREAKOUT@VAL 7R,BREAKOUT@VAL val=4790.43 vah=4825.78 poc=4816.94 vwap=4803.60
2026-04-22T00:45:00+07:00,2026-04-22T01:40:00+07:00,SELL,4721.58,4727.16,4682.84,BE,-0.2,S419 SELL Orochi BREAKOUT@VAL 7R,BREAKOUT@VAL val=4790.43 vah=4825.78 poc=4816.94 vwap=4803.60
2026-04-22T01:45:00+07:00,2026-04-22T02:00:00+07:00,SELL,4711.91,4723.95,4627.55,BE,-0.2,S419 SELL Orochi BREAKOUT@VAL 7R,BREAKOUT@VAL val=4790.43 vah=4825.78 poc=4816.94 vwap=4803.60
2026-04-22T02:05:00+07:00,2026-04-22T02:50:00+07:00,SELL,4708.34,4716.61,4650.69,BE,-0.2,S419 SELL Orochi BREAKOUT@VAL 7R,BREAKOUT@VAL val=4790.43 vah=4825.78 poc=4816.94 vwap=4803.60
2026-04-22T02:55:00+07:00,2026-04-22T03:05:00+07:00,SELL,4709.31,4715.27,4667.43,BE,-0.2,S419 SELL Orochi BREAKOUT@VAL 7R,BREAKOUT@VAL val=4790.43 vah=4825.78 poc=4816.94 vwap=4803.60
2026-04-22T03:10:00+07:00,2026-04-22T03:20:00+07:00,SELL,4707.35,4714.34,4657.06,BE,-0.2,S419 SELL Orochi BREAKOUT@VAL 7R,BREAKOUT@VAL val=4790.43 vah=4825.78 poc=4816.94 vwap=4803.60
2026-04-22T03:25:00+07:00,2026-04-22T03:40:00+07:00,SELL,4714.03,4716.79,4695.03,TP,18.8,S419 SELL Orochi BREAKOUT@VAL 7R,BREAKOUT@VAL val=4790.43 vah=4825.78 poc=4816.94 vwap=4803.60
2026-04-22T03:50:00+07:00,2026-04-22T04:05:00+07:00,SELL,4680.18,4687.95,4625.31,BE,-0.2,S419 SELL Orochi BREAKOUT@VAL 7R,BREAKOUT@VAL val=4790.43 vah=4825.78 poc=4816.94 vwap=4803.60
2026-04-22T04:10:00+07:00,2026-04-22T04:15:00+07:00,SELL,4696.88,4704.6,4643.08,SL,-7.92,S419 SELL Orochi BREAKOUT@VAL 7R,BREAKOUT@VAL val=4790.43 vah=4825.78 poc=4816.94 vwap=4803.60
2026-04-22T04:20:00+07:00,2026-04-22T04:30:00+07:00,SELL,4709.8,4714.18,4679.3,BE,-0.2,S419 SELL Orochi BREAKOUT@VAL 7R,BREAKOUT@VAL val=4790.43 vah=4825.78 poc=4816.94 vwap=4803.60
2026-04-22T04:35:00+07:00,2026-04-22T04:45:00+07:00,SELL,4712.61,4716.65,4684.65,BE,-0.2,S419 SELL Orochi BREAKOUT@VAL 7R,BREAKOUT@VAL val=4790.43 vah=4825.78 poc=4816.94 vwap=4803.60
2026-04-22T04:50:00+07:00,2026-04-22T06:00:00+07:00,SELL,4716.52,4721.48,4687.0,SL,-5.16,S419 SELL Orochi BREAKOUT@VAL 7R,BREAKOUT@VAL val=4790.43 vah=4825.78 poc=4816.94 vwap=4803.60
2026-04-22T06:05:00+07:00,2026-04-22T06:15:00+07:00,SELL,4720.8,4730.96,4649.6,BE,-0.2,S419 SELL Orochi BREAKOUT@VAL 7R,BREAKOUT@VAL val=4790.43 vah=4825.78 poc=4816.94 vwap=4803.60
2026-04-22T06:20:00+07:00,2026-04-22T06:30:00+07:00,SELL,4718.15,4723.77,4678.73,BE,-0.2,S419 SELL Orochi BREAKOUT@VAL 7R,BREAKOUT@VAL val=4790.43 vah=4825.78 poc=4816.94 vwap=4803.60
2026-04-22T06:35:00+07:00,2026-04-22T06:45:00+07:00,SELL,4718.58,4720.78,4703.02,BE,-0.2,S419 SELL Orochi BREAKOUT@VAL 7R,BREAKOUT@VAL val=4790.43 vah=4825.78 poc=4816.94 vwap=4803.60
2026-04-22T06:50:00+07:00,2026-04-22T07:00:00+07:00,SELL,4718.86,4720.56,4705.28,BE,-0.2,S419 SELL Orochi BREAKOUT@VAL 7R,BREAKOUT@VAL val=4790.43 vah=4825.78 poc=4816.94 vwap=4803.60
2026-04-22T07:05:00+07:00,2026-04-22T07:10:00+07:00,SELL,4725.13,4726.97,4712.81,SL,-2.04,S419 SELL Orochi BREAKOUT@VAL 7R,BREAKOUT@VAL val=4790.43 vah=4825.78 poc=4816.94 vwap=4803.60
2026-04-22T07:15:00+07:00,2026-04-22T07:25:00+07:00,SELL,4731.53,4734.0,4715.92,BE,-0.2,S419 SELL Orochi BREAKOUT@VAL 7R,BREAKOUT@VAL val=4790.43 vah=4825.78 poc=4816.94 vwap=4803.60
2026-04-22T07:30:00+07:00,2026-04-22T07:40:00+07:00,SELL,4732.46,4734.35,4719.55,BE,-0.2,S419 SELL Orochi BREAKOUT@VAL 7R,BREAKOUT@VAL val=4787.91 vah=4825.78 poc=4816.94 vwap=4803.52
2026-04-22T07:45:00+07:00,2026-04-22T07:50:00+07:00,SELL,4738.23,4739.45,4729.29,SL,-1.42,S419 SELL Orochi BREAKOUT@VAL 7R,BREAKOUT@VAL val=4787.91 vah=4825.78 poc=4816.94 vwap=4803.38
2026-04-22T07:55:00+07:00,2026-04-22T08:00:00+07:00,SELL,4738.01,4741.58,4713.18,SL,-3.77,S419 SELL Orochi BREAKOUT@VAL 7R,BREAKOUT@VAL val=4787.91 vah=4825.78 poc=4816.94 vwap=4803.37
2026-04-22T08:05:00+07:00,2026-04-22T08:15:00+07:00,SELL,4744.52,4748.57,4719.45,BE,-0.2,S419 SELL Orochi BREAKOUT@VAL 7R,BREAKOUT@VAL val=4787.91 vah=4825.78 poc=4816.94 vwap=4803.34
2026-04-22T08:20:00+07:00,2026-04-22T08:30:00+07:00,SELL,4741.76,4747.04,4705.28,BE,-0.2,S419 SELL Orochi BREAKOUT@VAL 7R,BREAKOUT@VAL val=4787.91 vah=4825.78 poc=4816.94 vwap=4803.35
2026-04-22T08:35:00+07:00,2026-04-22T08:45:00+07:00,SELL,4744.9,4748.26,4720.66,BE,-0.2,S419 SELL Orochi BREAKOUT@VAL 7R,BREAKOUT@VAL val=4780.33 vah=4818.20 poc=4786.65 vwap=4803.15
2026-04-22T08:50:00+07:00,2026-04-22T09:00:00+07:00,SELL,4740.1,4747.96,4685.16,BE,-0.2,S419 SELL Orochi BREAKOUT@VAL 7R,BREAKOUT@VAL val=4780.33 vah=4815.68 poc=4786.65 vwap=4802.79
2026-04-22T09:05:00+07:00,2026-04-22T09:15:00+07:00,SELL,4738.94,4746.43,4686.91,BE,-0.2,S419 SELL Orochi BREAKOUT@VAL 7R,BREAKOUT@VAL val=4780.33 vah=4815.68 poc=4786.65 vwap=4802.35
2026-04-22T09:20:00+07:00,2026-04-22T09:30:00+07:00,SELL,4745.94,4750.37,4716.85,BE,-0.2,S419 SELL Orochi BREAKOUT@VAL 7R,BREAKOUT@VAL val=4780.33 vah=4815.68 poc=4786.65 vwap=4801.96
2026-04-22T09:35:00+07:00,2026-04-22T09:45:00+07:00,SELL,4751.55,4754.3,4732.38,BE,-0.2,S419 SELL Orochi BREAKOUT@VAL 7R,BREAKOUT@VAL val=4780.33 vah=4815.68 poc=4786.65 vwap=4801.65
2026-04-22T09:50:00+07:00,2026-04-22T10:10:00+07:00,SELL,4754.03,4756.08,4740.0,BE,-0.2,S419 SELL Orochi BREAKOUT@VAL 7R,BREAKOUT@VAL val=4780.33 vah=4815.68 poc=4786.65 vwap=4801.14
2026-04-22T10:15:00+07:00,2026-04-22T10:30:00+07:00,SELL,4757.63,4758.79,4749.67,BE,-0.2,S419 SELL Orochi BREAKOUT@VAL 7R,BREAKOUT@VAL val=4780.33 vah=4815.68 poc=4786.65 vwap=4800.74
2026-04-22T10:35:00+07:00,2026-04-22T10:45:00+07:00,SELL,4753.47,4759.62,4710.34,BE,-0.2,S419 SELL Orochi BREAKOUT@VAL 7R,BREAKOUT@VAL val=4780.33 vah=4815.68 poc=4786.65 vwap=4800.82
2026-04-22T10:50:00+07:00,2026-04-22T10:55:00+07:00,SELL,4755.42,4756.44,4747.96,SL,-1.22,S419 SELL Orochi BREAKOUT@VAL 7R,BREAKOUT@VAL val=4780.33 vah=4815.68 poc=4786.65 vwap=4800.71
2026-04-22T11:00:00+07:00,2026-04-22T11:05:00+07:00,SELL,4759.01,4759.98,4752.14,SL,-1.17,S419 SELL Orochi BREAKOUT@VAL 7R,BREAKOUT@VAL val=4777.81 vah=4813.15 poc=4786.65 vwap=4800.69
2026-04-22T11:10:00+07:00,2026-04-22T11:20:00+07:00,SELL,4757.62,4761.77,4728.41,BE,-0.2,S419 SELL Orochi BREAKOUT@VAL 7R,BREAKOUT@VAL val=4777.81 vah=4813.15 poc=4786.65 vwap=4800.72
2026-04-22T11:25:00+07:00,2026-04-22T11:30:00+07:00,SELL,4763.12,4764.22,4756.06,SL,-1.3,S419 SELL Orochi BREAKOUT@VAL 7R,BREAKOUT@VAL val=4775.28 vah=4813.15 poc=4786.65 vwap=4800.79
2026-04-22T11:40:00+07:00,2026-04-22T11:50:00+07:00,SELL,4759.32,4762.36,4737.24,BE,-0.2,S419 SELL Orochi BREAKOUT@VAL 7R,BREAKOUT@VAL val=4775.28 vah=4813.15 poc=4786.65 vwap=4800.86
2026-04-22T11:55:00+07:00,2026-04-22T12:05:00+07:00,SELL,4758.26,4761.64,4734.36,BE,-0.2,S419 SELL Orochi BREAKOUT@VAL 7R,BREAKOUT@VAL val=4775.28 vah=4813.15 poc=4786.65 vwap=4800.87
2026-04-22T12:10:00+07:00,2026-04-22T12:45:00+07:00,SELL,4757.51,4760.26,4738.02,BE,-0.2,S419 SELL Orochi BREAKOUT@VAL 7R,BREAKOUT@VAL val=4775.28 vah=4813.15 poc=4786.65 vwap=4800.82
2026-04-22T12:55:00+07:00,2026-04-22T13:05:00+07:00,SELL,4754.64,4758.45,4727.49,BE,-0.2,S419 SELL Orochi BREAKOUT@VAL 7R,BREAKOUT@VAL val=4775.28 vah=4815.68 poc=4786.65 vwap=4800.49
2026-04-22T13:10:00+07:00,2026-04-22T13:15:00+07:00,SELL,4756.85,4757.65,4751.33,SL,-1.0,S419 SELL Orochi BREAKOUT@VAL 7R,BREAKOUT@VAL val=4775.28 vah=4815.68 poc=4786.65 vwap=4800.37
2026-04-22T13:20:00+07:00,2026-04-22T13:40:00+07:00,SELL,4768.68,4772.56,4741.68,BE,-0.2,S419 SELL Orochi BREAKOUT@VAL 7R,BREAKOUT@VAL val=4775.28 vah=4815.68 poc=4786.65 vwap=4800.30
2026-04-22T13:45:00+07:00,2026-04-22T13:50:00+07:00,SELL,4769.27,4772.07,4749.59,SL,-3.0,S419 SELL Orochi BREAKOUT@VAL 7R,BREAKOUT@VAL val=4775.28 vah=4815.68 poc=4786.65 vwap=4799.96
2026-04-22T13:55:00+07:00,2026-04-22T14:30:00+07:00,SELL,4767.63,4773.27,4728.55,BE,-0.2,S419 SELL Orochi BREAKOUT@VAL 7R,BREAKOUT@VAL val=4775.28 vah=4815.68 poc=4786.65 vwap=4799.84
2026-04-22T14:35:00+07:00,2026-04-22T14:45:00+07:00,SELL,4764.97,4768.89,4737.21,BE,-0.2,S419 SELL Orochi BREAKOUT@VAL 7R,BREAKOUT@VAL val=4775.28 vah=4813.15 poc=4786.65 vwap=4799.38
2026-04-22T14:50:00+07:00,2026-04-22T15:00:00+07:00,SELL,4766.53,4768.73,4751.69,BE,-0.2,S419 SELL Orochi BREAKOUT@VAL 7R,BREAKOUT@VAL val=4775.28 vah=4813.15 poc=4786.65 vwap=4799.18
2026-04-22T15:05:00+07:00,2026-04-22T18:05:00+07:00,SELL,4770.05,4773.23,4747.87,TP,21.98,S419 SELL Orochi BREAKOUT@VAL 7R,BREAKOUT@VAL val=4775.28 vah=4810.63 poc=4786.65 vwap=4799.02
2026-04-22T18:10:00+07:00,2026-04-22T18:15:00+07:00,SELL,4748.55,4753.15,4716.51,SL,-4.8,S419 SELL Orochi BREAKOUT@VAL 7R,BREAKOUT@VAL val=4772.76 vah=4804.13 poc=4783.62 vwap=4795.32
2026-04-22T18:20:00+07:00,2026-04-22T18:30:00+07:00,SELL,4750.5,4757.09,4704.77,SL,-6.79,S419 SELL Orochi BREAKOUT@VAL 7R,BREAKOUT@VAL val=4772.76 vah=4804.13 poc=4783.62 vwap=4795.02
2026-04-22T18:35:00+07:00,2026-04-22T18:45:00+07:00,SELL,4757.41,4760.71,4734.79,BE,-0.2,S419 SELL Orochi BREAKOUT@VAL 7R,BREAKOUT@VAL val=4775.09 vah=4800.74 poc=4785.58 vwap=4794.37
2026-04-22T18:50:00+07:00,2026-04-22T18:55:00+07:00,SELL,4757.39,4759.62,4741.94,SL,-2.43,S419 SELL Orochi BREAKOUT@VAL 7R,BREAKOUT@VAL val=4774.99 vah=4799.48 poc=4785.00 vwap=4793.75
2026-04-22T19:00:00+07:00,2026-04-22T19:10:00+07:00,SELL,4757.81,4761.59,4730.63,BE,-0.2,S419 SELL Orochi BREAKOUT@VAL 7R,BREAKOUT@VAL val=4774.99 vah=4799.48 poc=4785.00 vwap=4793.42
2026-04-22T19:15:00+07:00,2026-04-22T20:40:00+07:00,SELL,4760.03,4761.7,4746.18,TP,13.65,S419 SELL Orochi BREAKOUT@VAL 7R,BREAKOUT@VAL val=4777.08 vah=4798.67 poc=4786.79 vwap=4792.54
2026-04-23T10:15:00+07:00,2026-04-23T10:20:00+07:00,SELL,4710.62,4716.38,4671.5,SL,-5.96,S419 SELL Orochi BREAKOUT@VAL 7R,BREAKOUT@VAL val=4711.80 vah=4768.04 poc=4757.23 vwap=4732.97
2026-04-23T10:45:00+07:00,2026-04-23T11:00:00+07:00,SELL,4706.51,4714.89,4647.61,BE,-0.2,S419 SELL Orochi BREAKOUT@VAL 7R,BREAKOUT@VAL val=4707.48 vah=4768.04 poc=4757.23 vwap=4732.27
2026-04-23T11:10:00+07:00,2026-04-23T11:20:00+07:00,SELL,4702.07,4710.53,4642.93,BE,-0.2,S419 SELL Orochi BREAKOUT@VAL 7R,BREAKOUT@VAL val=4707.48 vah=4768.04 poc=4757.23 vwap=4731.75
2026-04-23T11:25:00+07:00,2026-04-23T11:35:00+07:00,SELL,4703.24,4707.68,4672.08,BE,-0.2,S419 SELL Orochi BREAKOUT@VAL 7R,BREAKOUT@VAL val=4707.48 vah=4772.37 poc=4757.23 vwap=4731.52
2026-04-23T11:40:00+07:00,2026-04-23T11:50:00+07:00,SELL,4704.91,4708.73,4678.01,BE,-0.2,S419 SELL Orochi BREAKOUT@VAL 7R,BREAKOUT@VAL val=4707.48 vah=4772.37 poc=4757.23 vwap=4731.54
2026-04-23T11:55:00+07:00,2026-04-23T12:05:00+07:00,SELL,4703.86,4708.82,4669.7,BE,-0.2,S419 SELL Orochi BREAKOUT@VAL 7R,BREAKOUT@VAL val=4707.48 vah=4772.37 poc=4757.23 vwap=4731.75
2026-04-23T12:10:00+07:00,2026-04-23T12:20:00+07:00,SELL,4706.33,4707.73,4696.45,BE,-0.2,S419 SELL Orochi BREAKOUT@VAL 7R,BREAKOUT@VAL val=4707.48 vah=4772.37 poc=4757.23 vwap=4732.11
2026-04-23T12:25:00+07:00,2026-04-23T12:35:00+07:00,SELL,4705.6,4708.1,4688.26,BE,-0.2,S419 SELL Orochi BREAKOUT@VAL 7R,BREAKOUT@VAL val=4707.48 vah=4772.37 poc=4757.23 vwap=4732.73
2026-04-23T12:45:00+07:00,2026-04-23T12:55:00+07:00,SELL,4702.34,4704.61,4686.93,BE,-0.2,S419 SELL Orochi BREAKOUT@VAL 7R,BREAKOUT@VAL val=4707.48 vah=4772.37 poc=4757.23 vwap=4734.07
2026-04-23T13:00:00+07:00,2026-04-23T13:05:00+07:00,SELL,4707.15,4709.48,4691.24,SL,-2.53,S419 SELL Orochi BREAKOUT@VAL 7R,BREAKOUT@VAL val=4711.80 vah=4772.37 poc=4757.23 vwap=4734.95
2026-04-23T13:10:00+07:00,2026-04-23T13:20:00+07:00,SELL,4707.82,4711.03,4684.87,BE,-0.2,S419 SELL Orochi BREAKOUT@VAL 7R,BREAKOUT@VAL val=4711.80 vah=4772.37 poc=4757.23 vwap=4735.44
2026-04-23T13:25:00+07:00,2026-04-23T13:35:00+07:00,SELL,4705.97,4710.14,4676.7,BE,-0.2,S419 SELL Orochi BREAKOUT@VAL 7R,BREAKOUT@VAL val=4711.80 vah=4772.37 poc=4757.23 vwap=4736.17
2026-04-23T13:40:00+07:00,2026-04-23T13:45:00+07:00,SELL,4701.67,4707.43,4661.27,SL,-5.96,S419 SELL Orochi BREAKOUT@VAL 7R,BREAKOUT@VAL val=4716.13 vah=4772.37 poc=4757.23 vwap=4737.37
2026-04-23T13:50:00+07:00,2026-04-23T14:00:00+07:00,SELL,4712.08,4716.36,4681.96,BE,-0.2,S419 SELL Orochi BREAKOUT@VAL 7R,BREAKOUT@VAL val=4720.45 vah=4772.37 poc=4757.23 vwap=4738.16
2026-04-23T14:05:00+07:00,2026-04-23T14:25:00+07:00,SELL,4713.13,4719.41,4669.25,BE,-0.2,S419 SELL Orochi BREAKOUT@VAL 7R,BREAKOUT@VAL val=4724.78 vah=4772.37 poc=4757.23 vwap=4739.03
2026-04-23T14:30:00+07:00,2026-04-23T14:40:00+07:00,SELL,4712.13,4715.66,4687.34,BE,-0.2,S419 SELL Orochi BREAKOUT@VAL 7R,BREAKOUT@VAL val=4733.43 vah=4772.37 poc=4757.23 vwap=4740.76
2026-04-23T14:45:00+07:00,2026-04-23T14:55:00+07:00,SELL,4716.27,4721.31,4681.39,BE,-0.2,S419 SELL Orochi BREAKOUT@VAL 7R,BREAKOUT@VAL val=4737.76 vah=4772.37 poc=4757.23 vwap=4741.73
2026-04-23T15:00:00+07:00,2026-04-23T15:10:00+07:00,SELL,4712.78,4718.28,4675.08,BE,-0.2,S419 SELL Orochi BREAKOUT@VAL 7R,BREAKOUT@VAL val=4737.94 vah=4768.07 poc=4757.31 vwap=4743.64
2026-04-23T15:15:00+07:00,2026-04-23T15:35:00+07:00,SELL,4712.7,4717.78,4677.22,BE,-0.2,S419 SELL Orochi BREAKOUT@VAL 7R,BREAKOUT@VAL val=4737.94 vah=4768.07 poc=4757.31 vwap=4747.01
2026-04-23T15:40:00+07:00,2026-04-23T15:45:00+07:00,SELL,4713.69,4715.18,4703.18,SL,-1.69,S419 SELL Orochi BREAKOUT@VAL 7R,BREAKOUT@VAL val=4744.41 vah=4769.57 poc=4756.99 vwap=4750.65
2026-04-23T15:50:00+07:00,2026-04-23T16:00:00+07:00,SELL,4716.09,4722.08,4673.6,SL,-6.19,S419 SELL Orochi BREAKOUT@VAL 7R,BREAKOUT@VAL val=4746.17 vah=4769.75 poc=4757.96 vwap=4751.41
2026-04-23T16:05:00+07:00,2026-04-23T16:15:00+07:00,SELL,4718.66,4726.39,4664.39,BE,-0.2,S419 SELL Orochi BREAKOUT@VAL 7R,BREAKOUT@VAL val=4747.12 vah=4769.84 poc=4755.95 vwap=4752.24
2026-04-23T16:20:00+07:00,2026-04-23T19:55:00+07:00,SELL,4718.28,4723.28,4683.44,BE,-0.2,S419 SELL Orochi BREAKOUT@VAL 7R,BREAKOUT@VAL val=4748.71 vah=4770.00 poc=4756.99 vwap=4752.94
2026-04-24T01:50:00+07:00,2026-04-24T02:00:00+07:00,SELL,4696.27,4712.19,4581.71,BE,-0.2,S419 SELL Orochi BREAKOUT@VAL 7R,BREAKOUT@VAL val=4697.16 vah=4738.62 poc=4701.94 vwap=4723.12
2026-04-24T03:05:00+07:00,2026-04-24T03:15:00+07:00,SELL,4695.95,4706.45,4623.33,BE,-0.2,S419 SELL Orochi BREAKOUT@VAL 7R,BREAKOUT@VAL val=4697.16 vah=4738.62 poc=4701.94 vwap=4723.12
2026-04-24T03:35:00+07:00,2026-04-24T03:45:00+07:00,SELL,4692.95,4702.78,4622.38,BE,-0.2,S419 SELL Orochi BREAKOUT@VAL 7R,BREAKOUT@VAL val=4697.16 vah=4738.62 poc=4701.94 vwap=4723.12
2026-04-24T04:10:00+07:00,2026-04-24T04:20:00+07:00,SELL,4690.65,4699.55,4628.19,BE,-0.2,S419 SELL Orochi BREAKOUT@VAL 7R,BREAKOUT@VAL val=4697.16 vah=4738.62 poc=4701.94 vwap=4723.12
2026-04-24T04:25:00+07:00,2026-04-24T04:40:00+07:00,SELL,4689.38,4693.93,4657.61,BE,-0.2,S419 SELL Orochi BREAKOUT@VAL 7R,BREAKOUT@VAL val=4697.16 vah=4738.62 poc=4701.94 vwap=4723.12
2026-04-24T04:45:00+07:00,2026-04-24T04:55:00+07:00,SELL,4690.95,4693.25,4674.13,BE,-0.2,S419 SELL Orochi BREAKOUT@VAL 7R,BREAKOUT@VAL val=4697.16 vah=4738.62 poc=4701.94 vwap=4723.12
2026-04-24T06:00:00+07:00,2026-04-24T06:20:00+07:00,SELL,4694.61,4699.99,4657.11,BE,-0.2,S419 SELL Orochi BREAKOUT@VAL 7R,BREAKOUT@VAL val=4697.16 vah=4738.62 poc=4701.94 vwap=4723.12
2026-04-24T06:25:00+07:00,2026-04-24T06:40:00+07:00,SELL,4692.67,4697.04,4663.04,BE,-0.2,S419 SELL Orochi BREAKOUT@VAL 7R,BREAKOUT@VAL val=4697.16 vah=4738.62 poc=4701.94 vwap=4723.12
2026-04-24T06:45:00+07:00,2026-04-24T06:55:00+07:00,SELL,4692.34,4695.45,4669.77,BE,-0.2,S419 SELL Orochi BREAKOUT@VAL 7R,BREAKOUT@VAL val=4697.16 vah=4738.62 poc=4701.94 vwap=4723.12
2026-04-24T07:00:00+07:00,2026-04-24T07:25:00+07:00,SELL,4694.02,4696.52,4676.44,BE,-0.2,S419 SELL Orochi BREAKOUT@VAL 7R,BREAKOUT@VAL val=4697.16 vah=4738.62 poc=4701.94 vwap=4723.12
2026-04-24T08:05:00+07:00,2026-04-24T08:15:00+07:00,SELL,4696.46,4701.19,4662.63,BE,-0.2,S419 SELL Orochi BREAKOUT@VAL 7R,BREAKOUT@VAL val=4697.16 vah=4738.62 poc=4701.94 vwap=4722.19
2026-04-24T09:40:00+07:00,2026-04-24T09:55:00+07:00,SELL,4690.91,4699.27,4632.15,SL,-8.56,S419 SELL Orochi BREAKOUT@VAL 7R,BREAKOUT@VAL val=4695.94 vah=4736.34 poc=4703.16 vwap=4719.25
2026-04-24T10:10:00+07:00,2026-04-24T15:55:00+07:00,SELL,4693.12,4700.68,4640.52,BE,-0.2,S419 SELL Orochi BREAKOUT@VAL 7R,BREAKOUT@VAL val=4695.94 vah=4736.34 poc=4703.16 vwap=4718.49
2026-04-24T16:05:00+07:00,2026-04-24T16:15:00+07:00,SELL,4688.17,4695.69,4635.61,BE,-0.2,S419 SELL Orochi BREAKOUT@VAL 7R,BREAKOUT@VAL val=4693.06 vah=4721.92 poc=4703.16 vwap=4713.00
2026-04-24T16:30:00+07:00,2026-04-24T16:40:00+07:00,SELL,4686.08,4693.38,4634.66,BE,-0.2,S419 SELL Orochi BREAKOUT@VAL 7R,BREAKOUT@VAL val=4693.06 vah=4721.92 poc=4703.16 vwap=4712.72
2026-04-24T16:45:00+07:00,2026-04-24T17:00:00+07:00,SELL,4691.95,4694.17,4676.09,BE,-0.2,S419 SELL Orochi BREAKOUT@VAL 7R,BREAKOUT@VAL val=4693.06 vah=4721.92 poc=4703.16 vwap=4712.54
2026-04-24T17:05:00+07:00,2026-04-24T17:10:00+07:00,SELL,4691.36,4695.23,4664.67,SL,-4.07,S419 SELL Orochi BREAKOUT@VAL 7R,BREAKOUT@VAL val=4693.06 vah=4721.92 poc=4703.16 vwap=4712.32
2026-04-24T17:30:00+07:00,2026-04-24T17:40:00+07:00,SELL,4682.94,4688.82,4641.3,BE,-0.2,S419 SELL Orochi BREAKOUT@VAL 7R,BREAKOUT@VAL val=4695.94 vah=4721.92 poc=4703.16 vwap=4712.09
2026-04-24T17:45:00+07:00,2026-04-24T18:25:00+07:00,SELL,4685.17,4689.69,4653.45,BE,-0.2,S419 SELL Orochi BREAKOUT@VAL 7R,BREAKOUT@VAL val=4695.94 vah=4721.92 poc=4703.16 vwap=4711.98
2026-04-24T18:35:00+07:00,2026-04-24T19:00:00+07:00,SELL,4677.14,4683.5,4634.62,SL,-6.56,S419 SELL Orochi BREAKOUT@VAL 7R,BREAKOUT@VAL val=4695.94 vah=4721.92 poc=4703.16 vwap=4711.65
2026-04-24T22:15:00+07:00,2026-04-24T22:25:00+07:00,BUY,4731.35,4723.41,4787.73,BE,-0.2,S419 BUY Orochi BREAKOUT@VAH 7R,BREAKOUT@VAH val=4668.63 vah=4718.30 poc=4695.24 vwap=4702.69
2026-04-24T22:30:00+07:00,2026-04-24T22:40:00+07:00,BUY,4728.81,4719.22,4795.86,BE,-0.2,S419 BUY Orochi BREAKOUT@VAH 7R,BREAKOUT@VAH val=4668.63 vah=4718.30 poc=4695.24 vwap=4702.69
2026-04-24T22:45:00+07:00,2026-04-24T22:55:00+07:00,BUY,4727.75,4723.04,4760.64,BE,-0.2,S419 BUY Orochi BREAKOUT@VAH 7R,BREAKOUT@VAH val=4668.63 vah=4718.30 poc=4695.24 vwap=4702.69
2026-04-24T23:00:00+07:00,2026-04-24T23:05:00+07:00,BUY,4722.29,4719.92,4738.64,SL,-2.57,S419 BUY Orochi BREAKOUT@VAH 7R,BREAKOUT@VAH val=4668.63 vah=4718.30 poc=4695.24 vwap=4702.69
2026-04-24T23:10:00+07:00,2026-04-24T23:20:00+07:00,BUY,4721.94,4717.01,4756.53,BE,-0.2,S419 BUY Orochi BREAKOUT@VAH 7R,BREAKOUT@VAH val=4668.63 vah=4718.30 poc=4695.24 vwap=4702.69
2026-04-24T23:25:00+07:00,2026-04-24T23:35:00+07:00,BUY,4721.97,4717.18,4755.26,BE,-0.2,S419 BUY Orochi BREAKOUT@VAH 7R,BREAKOUT@VAH val=4668.63 vah=4718.30 poc=4695.24 vwap=4702.69
2026-04-24T23:50:00+07:00,2026-04-25T00:00:00+07:00,BUY,4729.27,4722.55,4775.91,BE,-0.2,S419 BUY Orochi BREAKOUT@VAH 7R,BREAKOUT@VAH val=4668.63 vah=4718.30 poc=4695.24 vwap=4702.69
2026-04-25T00:05:00+07:00,2026-04-25T00:15:00+07:00,BUY,4721.72,4719.22,4739.46,BE,-0.2,S419 BUY Orochi BREAKOUT@VAH 7R,BREAKOUT@VAH val=4668.63 vah=4718.30 poc=4695.24 vwap=4702.69
2026-04-25T00:20:00+07:00,2026-04-25T00:30:00+07:00,BUY,4724.13,4717.76,4769.28,BE,-0.2,S419 BUY Orochi BREAKOUT@VAH 7R,BREAKOUT@VAH val=4668.63 vah=4718.30 poc=4695.24 vwap=4702.69
2026-04-25T00:35:00+07:00,2026-04-25T00:40:00+07:00,BUY,4724.17,4721.93,4739.61,SL,-2.44,S419 BUY Orochi BREAKOUT@VAH 7R,BREAKOUT@VAH val=4668.63 vah=4718.30 poc=4695.24 vwap=4702.69
2026-04-25T00:45:00+07:00,2026-04-25T01:30:00+07:00,BUY,4721.83,4718.01,4748.49,BE,-0.2,S419 BUY Orochi BREAKOUT@VAH 7R,BREAKOUT@VAH val=4668.63 vah=4718.30 poc=4695.24 vwap=4702.69
2026-04-25T01:35:00+07:00,2026-04-25T01:45:00+07:00,BUY,4721.82,4718.08,4747.76,BE,-0.2,S419 BUY Orochi BREAKOUT@VAH 7R,BREAKOUT@VAH val=4668.63 vah=4718.30 poc=4695.24 vwap=4702.69
2026-04-25T01:50:00+07:00,2026-04-25T02:00:00+07:00,BUY,4724.38,4719.69,4760.81,BE,-0.2,S419 BUY Orochi BREAKOUT@VAH 7R,BREAKOUT@VAH val=4668.63 vah=4718.30 poc=4695.24 vwap=4702.69
2026-04-25T02:05:00+07:00,2026-04-25T02:15:00+07:00,BUY,4722.51,4719.0,4747.32,BE,-0.2,S419 BUY Orochi BREAKOUT@VAH 7R,BREAKOUT@VAH val=4668.63 vah=4718.30 poc=4695.24 vwap=4702.69
2026-04-25T02:20:00+07:00,2026-04-25T02:25:00+07:00,BUY,4721.05,4718.75,4737.55,SL,-2.5,S419 BUY Orochi BREAKOUT@VAH 7R,BREAKOUT@VAH val=4668.63 vah=4718.30 poc=4695.24 vwap=4702.69
2026-04-25T02:35:00+07:00,2026-04-25T02:45:00+07:00,BUY,4719.97,4715.95,4748.27,BE,-0.2,S419 BUY Orochi BREAKOUT@VAH 7R,BREAKOUT@VAH val=4668.63 vah=4718.30 poc=4695.24 vwap=4702.69
2026-04-25T02:50:00+07:00,2026-04-25T03:15:00+07:00,BUY,4720.27,4717.07,4742.91,BE,-0.2,S419 BUY Orochi BREAKOUT@VAH 7R,BREAKOUT@VAH val=4668.63 vah=4718.30 poc=4695.24 vwap=4702.69
2026-04-27T21:10:00+07:00,2026-04-27T21:15:00+07:00,SELL,4695.95,4700.81,4662.41,SL,-5.06,S419 SELL Orochi BREAKOUT@VAL 7R,BREAKOUT@VAL val=4696.30 vah=4725.19 poc=4714.35 vwap=4705.31
2026-04-27T21:40:00+07:00,2026-04-27T21:50:00+07:00,SELL,4693.35,4696.82,4668.74,BE,-0.2,S419 SELL Orochi BREAKOUT@VAL 7R,BREAKOUT@VAL val=4696.30 vah=4725.19 poc=4714.35 vwap=4705.31
2026-04-27T22:00:00+07:00,2026-04-27T22:15:00+07:00,SELL,4694.02,4698.72,4661.2,BE,-0.2,S419 SELL Orochi BREAKOUT@VAL 7R,BREAKOUT@VAL val=4696.30 vah=4725.19 poc=4714.35 vwap=4705.31
2026-04-27T22:20:00+07:00,2026-04-27T22:35:00+07:00,SELL,4693.29,4698.02,4661.14,BE,-0.2,S419 SELL Orochi BREAKOUT@VAL 7R,BREAKOUT@VAL val=4696.30 vah=4725.19 poc=4714.35 vwap=4705.31
2026-04-27T22:40:00+07:00,2026-04-28T07:35:00+07:00,SELL,4693.47,4698.3,4659.58,BE,-0.2,S419 SELL Orochi BREAKOUT@VAL 7R,BREAKOUT@VAL val=4696.30 vah=4725.19 poc=4714.35 vwap=4705.31
2026-04-28T07:45:00+07:00,2026-04-28T07:55:00+07:00,SELL,4694.59,4695.58,4687.98,BE,-0.2,S419 SELL Orochi BREAKOUT@VAL 7R,BREAKOUT@VAL val=4696.30 vah=4725.19 poc=4714.35 vwap=4705.31
2026-04-28T08:35:00+07:00,2026-04-28T13:00:00+07:00,SELL,4691.97,4695.95,4664.83,TP,26.94,S419 SELL Orochi BREAKOUT@VAL 7R,BREAKOUT@VAL val=4696.30 vah=4725.19 poc=4714.35 vwap=4705.31
2026-04-28T13:15:00+07:00,2026-04-28T13:20:00+07:00,SELL,4655.17,4656.23,4647.83,SL,-1.26,S419 SELL Orochi BREAKOUT@VAL 7R,BREAKOUT@VAL val=4696.30 vah=4725.19 poc=4714.35 vwap=4705.31
2026-04-28T13:25:00+07:00,2026-04-28T13:30:00+07:00,SELL,4658.27,4660.38,4643.74,TP,14.33,S419 SELL Orochi BREAKOUT@VAL 7R,BREAKOUT@VAL val=4696.30 vah=4725.19 poc=4714.35 vwap=4705.31
2026-04-28T13:50:00+07:00,2026-04-28T13:55:00+07:00,SELL,4631.97,4633.49,4620.45,SL,-1.72,S419 SELL Orochi BREAKOUT@VAL 7R,BREAKOUT@VAL val=4696.30 vah=4725.19 poc=4714.35 vwap=4705.31
2026-04-28T14:00:00+07:00,2026-04-28T14:05:00+07:00,SELL,4634.17,4635.98,4621.42,SL,-2.01,S419 SELL Orochi BREAKOUT@VAL 7R,BREAKOUT@VAL val=4696.30 vah=4725.19 poc=4714.35 vwap=4705.31
2026-04-28T14:10:00+07:00,2026-04-28T17:30:00+07:00,SELL,4640.64,4644.86,4611.18,TP,29.26,S419 SELL Orochi BREAKOUT@VAL 7R,BREAKOUT@VAL val=4696.30 vah=4725.19 poc=4714.35 vwap=4705.31
2026-04-28T17:35:00+07:00,2026-04-28T17:45:00+07:00,SELL,4610.24,4620.51,4541.15,BE,-0.2,S419 SELL Orochi BREAKOUT@VAL 7R,BREAKOUT@VAL val=4696.30 vah=4720.37 poc=4714.35 vwap=4707.08
2026-04-28T17:50:00+07:00,2026-04-28T18:00:00+07:00,SELL,4611.29,4616.72,4573.12,BE,-0.2,S419 SELL Orochi BREAKOUT@VAL 7R,BREAKOUT@VAL val=4696.30 vah=4720.37 poc=4714.35 vwap=4707.43
2026-04-28T18:05:00+07:00,2026-04-28T18:15:00+07:00,SELL,4610.14,4613.8,4583.48,BE,-0.2,S419 SELL Orochi BREAKOUT@VAL 7R,BREAKOUT@VAL val=4696.30 vah=4720.37 poc=4714.35 vwap=4707.75
2026-04-28T18:20:00+07:00,2026-04-28T18:30:00+07:00,SELL,4612.61,4617.92,4576.16,BE,-0.2,S419 SELL Orochi BREAKOUT@VAL 7R,BREAKOUT@VAL val=4698.71 vah=4720.37 poc=4714.35 vwap=4708.22
2026-04-28T18:35:00+07:00,2026-04-28T18:45:00+07:00,SELL,4614.81,4616.59,4602.19,BE,-0.2,S419 SELL Orochi BREAKOUT@VAL 7R,BREAKOUT@VAL val=4696.78 vah=4718.93 poc=4713.39 vwap=4709.10
2026-04-28T18:50:00+07:00,2026-04-28T19:45:00+07:00,SELL,4609.71,4616.71,4561.67,TP,47.84,S419 SELL Orochi BREAKOUT@VAL 7R,BREAKOUT@VAL val=4699.00 vah=4718.93 poc=4713.39 vwap=4709.78
2026-04-28T19:55:00+07:00,2026-04-28T20:00:00+07:00,SELL,4562.67,4566.44,4537.32,SL,-3.97,S419 SELL Orochi BREAKOUT@VAL 7R,BREAKOUT@VAL val=4702.01 vah=4718.80 poc=4713.90 vwap=4712.28
2026-04-28T20:05:00+07:00,2026-04-28T20:10:00+07:00,SELL,4570.18,4576.07,4529.51,SL,-6.09,S419 SELL Orochi BREAKOUT@VAL 7R,BREAKOUT@VAL val=4634.05 vah=4712.57 poc=4676.58 vwap=4661.51
2026-04-28T20:15:00+07:00,2026-04-28T20:20:00+07:00,SELL,4579.19,4589.27,4509.03,SL,-10.28,S419 SELL Orochi BREAKOUT@VAL 7R,BREAKOUT@VAL val=4634.05 vah=4712.57 poc=4676.58 vwap=4661.51
2026-04-28T20:30:00+07:00,2026-04-28T20:35:00+07:00,SELL,4579.06,4584.95,4537.67,SL,-6.09,S419 SELL Orochi BREAKOUT@VAL 7R,BREAKOUT@VAL val=4634.05 vah=4712.57 poc=4676.58 vwap=4661.51
2026-04-28T20:40:00+07:00,2026-04-28T20:45:00+07:00,SELL,4586.96,4591.62,4554.5,SL,-4.86,S419 SELL Orochi BREAKOUT@VAL 7R,BREAKOUT@VAL val=4634.05 vah=4712.57 poc=4676.58 vwap=4661.51
2026-04-28T20:50:00+07:00,2026-04-29T01:20:00+07:00,SELL,4594.89,4602.68,4537.88,BE,-0.2,S419 SELL Orochi BREAKOUT@VAL 7R,BREAKOUT@VAL val=4634.05 vah=4712.57 poc=4676.58 vwap=4661.51
2026-04-29T01:25:00+07:00,2026-04-29T01:35:00+07:00,SELL,4593.48,4598.51,4558.59,SL,-5.23,S419 SELL Orochi BREAKOUT@VAL 7R,BREAKOUT@VAL val=4634.05 vah=4712.57 poc=4676.58 vwap=4661.51
2026-04-29T01:40:00+07:00,2026-04-29T02:15:00+07:00,SELL,4599.04,4602.68,4573.64,BE,-0.2,S419 SELL Orochi BREAKOUT@VAL 7R,BREAKOUT@VAL val=4634.05 vah=4712.57 poc=4676.58 vwap=4661.51
2026-04-29T02:20:00+07:00,2026-04-29T02:30:00+07:00,SELL,4599.23,4601.2,4586.8,BE,-0.2,S419 SELL Orochi BREAKOUT@VAL 7R,BREAKOUT@VAL val=4634.05 vah=4712.57 poc=4676.58 vwap=4661.51
2026-04-29T02:35:00+07:00,2026-04-29T03:00:00+07:00,SELL,4596.27,4600.44,4566.2,BE,-0.2,S419 SELL Orochi BREAKOUT@VAL 7R,BREAKOUT@VAL val=4634.05 vah=4712.57 poc=4676.58 vwap=4661.51
2026-04-29T03:05:00+07:00,2026-04-29T03:25:00+07:00,SELL,4596.73,4599.6,4576.72,BE,-0.2,S419 SELL Orochi BREAKOUT@VAL 7R,BREAKOUT@VAL val=4634.05 vah=4712.57 poc=4676.58 vwap=4661.51
2026-04-29T03:30:00+07:00,2026-04-29T03:35:00+07:00,SELL,4596.46,4597.88,4586.6,SL,-1.62,S419 SELL Orochi BREAKOUT@VAL 7R,BREAKOUT@VAL val=4634.05 vah=4712.57 poc=4676.58 vwap=4661.51
2026-04-29T03:40:00+07:00,2026-04-29T04:10:00+07:00,SELL,4598.58,4600.63,4584.39,BE,-0.2,S419 SELL Orochi BREAKOUT@VAL 7R,BREAKOUT@VAL val=4634.05 vah=4712.57 poc=4676.58 vwap=4661.51
2026-04-29T04:25:00+07:00,2026-04-29T04:30:00+07:00,SELL,4592.94,4594.88,4579.2,SL,-2.14,S419 SELL Orochi BREAKOUT@VAL 7R,BREAKOUT@VAL val=4634.05 vah=4712.57 poc=4676.58 vwap=4661.51
2026-04-29T04:35:00+07:00,2026-04-29T04:50:00+07:00,SELL,4594.49,4596.07,4583.11,BE,-0.2,S419 SELL Orochi BREAKOUT@VAL 7R,BREAKOUT@VAL val=4634.05 vah=4712.57 poc=4676.58 vwap=4661.51
2026-04-29T06:05:00+07:00,2026-04-29T06:45:00+07:00,SELL,4595.47,4599.53,4566.73,BE,-0.2,S419 SELL Orochi BREAKOUT@VAL 7R,BREAKOUT@VAL val=4634.05 vah=4712.57 poc=4676.58 vwap=4661.51
2026-04-29T06:50:00+07:00,2026-04-29T07:35:00+07:00,SELL,4595.21,4596.02,4588.58,TP,6.43,S419 SELL Orochi BREAKOUT@VAL 7R,BREAKOUT@VAL val=4634.05 vah=4712.57 poc=4676.58 vwap=4661.51
2026-04-29T07:40:00+07:00,2026-04-29T07:45:00+07:00,SELL,4590.19,4591.95,4575.79,SL,-1.96,S419 SELL Orochi BREAKOUT@VAL 7R,BREAKOUT@VAL val=4632.67 vah=4709.82 poc=4680.89 vwap=4660.81
2026-04-29T07:50:00+07:00,2026-04-29T07:55:00+07:00,SELL,4592.45,4593.67,4583.59,SL,-1.42,S419 SELL Orochi BREAKOUT@VAL 7R,BREAKOUT@VAL val=4630.40 vah=4705.27 poc=4677.19 vwap=4660.40
2026-04-29T08:00:00+07:00,2026-04-29T08:05:00+07:00,SELL,4606.59,4607.52,4599.84,SL,-1.13,S419 SELL Orochi BREAKOUT@VAL 7R,BREAKOUT@VAL val=4629.98 vah=4704.44 poc=4676.52 vwap=4660.02
2026-04-29T08:10:00+07:00,2026-04-29T09:00:00+07:00,SELL,4607.46,4611.17,4581.25,TP,26.01,S419 SELL Orochi BREAKOUT@VAL 7R,BREAKOUT@VAL val=4629.48 vah=4703.44 poc=4681.87 vwap=4659.65
2026-04-29T09:10:00+07:00,2026-04-29T09:20:00+07:00,SELL,4582.51,4588.19,4544.27,BE,-0.2,S419 SELL Orochi BREAKOUT@VAL 7R,BREAKOUT@VAL val=4628.38 vah=4701.22 poc=4679.97 vwap=4656.91
2026-04-29T09:25:00+07:00,2026-04-29T09:35:00+07:00,SELL,4580.43,4588.05,4527.49,BE,-0.2,S419 SELL Orochi BREAKOUT@VAL 7R,BREAKOUT@VAL val=4628.38 vah=4701.22 poc=4679.97 vwap=4656.10
2026-04-29T09:40:00+07:00,2026-04-29T10:00:00+07:00,SELL,4590.61,4593.16,4573.96,BE,-0.2,S419 SELL Orochi BREAKOUT@VAL 7R,BREAKOUT@VAL val=4628.38 vah=4701.22 poc=4679.97 vwap=4655.32
2026-04-29T10:05:00+07:00,2026-04-29T10:15:00+07:00,SELL,4598.92,4603.2,4569.84,SL,-4.48,S419 SELL Orochi BREAKOUT@VAL 7R,BREAKOUT@VAL val=4628.38 vah=4701.22 poc=4679.97 vwap=4654.07
2026-04-29T10:20:00+07:00,2026-04-29T10:40:00+07:00,SELL,4598.65,4605.75,4549.11,BE,-0.2,S419 SELL Orochi BREAKOUT@VAL 7R,BREAKOUT@VAL val=4628.38 vah=4701.22 poc=4679.97 vwap=4653.53
2026-04-29T10:45:00+07:00,2026-04-29T11:05:00+07:00,SELL,4599.34,4602.68,4574.84,BE,-0.2,S419 SELL Orochi BREAKOUT@VAL 7R,BREAKOUT@VAL val=4628.38 vah=4701.22 poc=4679.97 vwap=4652.79
2026-04-29T11:10:00+07:00,2026-04-29T12:10:00+07:00,SELL,4601.85,4604.29,4584.93,BE,-0.2,S419 SELL Orochi BREAKOUT@VAL 7R,BREAKOUT@VAL val=4628.38 vah=4701.22 poc=4679.97 vwap=4652.00
2026-04-29T12:15:00+07:00,2026-04-29T12:25:00+07:00,SELL,4599.95,4604.35,4569.31,BE,-0.2,S419 SELL Orochi BREAKOUT@VAL 7R,BREAKOUT@VAL val=4622.30 vah=4701.22 poc=4679.97 vwap=4650.45
2026-04-29T12:30:00+07:00,2026-04-29T12:35:00+07:00,SELL,4602.54,4604.66,4587.86,SL,-2.32,S419 SELL Orochi BREAKOUT@VAL 7R,BREAKOUT@VAL val=4622.30 vah=4701.22 poc=4679.97 vwap=4650.05
2026-04-29T12:40:00+07:00,2026-04-29T13:00:00+07:00,SELL,4602.23,4606.35,4573.15,SL,-4.32,S419 SELL Orochi BREAKOUT@VAL 7R,BREAKOUT@VAL val=4622.30 vah=4701.22 poc=4679.97 vwap=4649.75
2026-04-29T13:15:00+07:00,2026-04-29T13:25:00+07:00,SELL,4600.84,4603.81,4579.73,BE,-0.2,S419 SELL Orochi BREAKOUT@VAL 7R,BREAKOUT@VAL val=4622.30 vah=4701.22 poc=4679.97 vwap=4648.31
2026-04-29T14:20:00+07:00,2026-04-29T14:35:00+07:00,SELL,4584.77,4590.54,4543.9,BE,-0.2,S419 SELL Orochi BREAKOUT@VAL 7R,BREAKOUT@VAL val=4591.95 vah=4683.01 poc=4631.41 vwap=4645.76
2026-04-29T14:40:00+07:00,2026-04-29T14:50:00+07:00,SELL,4585.01,4588.84,4557.96,BE,-0.2,S419 SELL Orochi BREAKOUT@VAL 7R,BREAKOUT@VAL val=4591.95 vah=4683.01 poc=4631.41 vwap=4645.14
2026-04-29T14:55:00+07:00,2026-04-29T15:00:00+07:00,SELL,4584.55,4586.27,4572.43,SL,-1.92,S419 SELL Orochi BREAKOUT@VAL 7R,BREAKOUT@VAL val=4591.95 vah=4683.01 poc=4631.41 vwap=4644.65
2026-04-29T15:15:00+07:00,2026-04-29T15:30:00+07:00,SELL,4576.78,4582.64,4534.8,BE,-0.2,S419 SELL Orochi BREAKOUT@VAL 7R,BREAKOUT@VAL val=4591.95 vah=4676.94 poc=4631.41 vwap=4643.78
2026-04-29T15:35:00+07:00,2026-04-29T15:45:00+07:00,SELL,4571.7,4579.89,4514.21,BE,-0.2,S419 SELL Orochi BREAKOUT@VAL 7R,BREAKOUT@VAL val=4591.95 vah=4676.94 poc=4631.41 vwap=4643.48
2026-04-29T15:50:00+07:00,2026-04-29T16:00:00+07:00,SELL,4570.25,4573.79,4545.39,BE,-0.2,S419 SELL Orochi BREAKOUT@VAL 7R,BREAKOUT@VAL val=4591.95 vah=4676.94 poc=4631.41 vwap=4643.33
2026-04-29T16:05:00+07:00,2026-04-29T16:15:00+07:00,SELL,4567.71,4574.71,4517.99,BE,-0.2,S419 SELL Orochi BREAKOUT@VAL 7R,BREAKOUT@VAL val=4591.95 vah=4676.94 poc=4631.41 vwap=4643.19
2026-04-29T16:20:00+07:00,2026-04-29T16:40:00+07:00,SELL,4568.65,4572.47,4541.11,BE,-0.2,S419 SELL Orochi BREAKOUT@VAL 7R,BREAKOUT@VAL val=4591.95 vah=4676.94 poc=4631.41 vwap=4643.03
2026-04-29T16:45:00+07:00,2026-04-29T16:50:00+07:00,SELL,4570.91,4574.37,4546.45,SL,-3.66,S419 SELL Orochi BREAKOUT@VAL 7R,BREAKOUT@VAL val=4591.95 vah=4676.94 poc=4631.41 vwap=4642.26
2026-04-29T16:55:00+07:00,2026-04-29T17:05:00+07:00,SELL,4573.27,4578.09,4538.73,BE,-0.2,S419 SELL Orochi BREAKOUT@VAL 7R,BREAKOUT@VAL val=4591.95 vah=4676.94 poc=4631.41 vwap=4642.01
2026-04-29T17:10:00+07:00,2026-04-29T17:15:00+07:00,SELL,4574.09,4576.94,4554.78,SL,-3.05,S419 SELL Orochi BREAKOUT@VAL 7R,BREAKOUT@VAL val=4591.95 vah=4676.94 poc=4631.41 vwap=4641.69
2026-04-29T17:30:00+07:00,2026-04-29T18:10:00+07:00,SELL,4567.42,4573.34,4525.9,BE,-0.2,S419 SELL Orochi BREAKOUT@VAL 7R,BREAKOUT@VAL val=4591.95 vah=4676.94 poc=4631.41 vwap=4641.30
2026-04-29T18:15:00+07:00,2026-04-29T18:25:00+07:00,SELL,4571.27,4574.68,4547.32,BE,-0.2,S419 SELL Orochi BREAKOUT@VAL 7R,BREAKOUT@VAL val=4591.95 vah=4676.94 poc=4631.41 vwap=4640.06
2026-04-29T18:30:00+07:00,2026-04-29T21:20:00+07:00,SELL,4573.33,4577.99,4540.39,TP,32.74,S419 SELL Orochi BREAKOUT@VAL 7R,BREAKOUT@VAL val=4591.51 vah=4675.45 poc=4630.48 vwap=4639.05
2026-04-29T21:25:00+07:00,2026-04-29T22:30:00+07:00,SELL,4537.87,4545.52,4484.24,BE,-0.2,S419 SELL Orochi BREAKOUT@VAL 7R,BREAKOUT@VAL val=4571.23 vah=4602.99 poc=4596.88 vwap=4583.15
2026-04-29T22:35:00+07:00,2026-04-29T23:00:00+07:00,SELL,4540.84,4544.64,4515.12,BE,-0.2,S419 SELL Orochi BREAKOUT@VAL 7R,BREAKOUT@VAL val=4571.23 vah=4602.99 poc=4596.88 vwap=4583.15
2026-04-29T23:05:00+07:00,2026-04-29T23:15:00+07:00,SELL,4540.01,4548.7,4479.5,BE,-0.2,S419 SELL Orochi BREAKOUT@VAL 7R,BREAKOUT@VAL val=4571.23 vah=4602.99 poc=4596.88 vwap=4583.15
2026-04-29T23:20:00+07:00,2026-04-29T23:25:00+07:00,SELL,4544.06,4546.36,4527.64,SL,-2.5,S419 SELL Orochi BREAKOUT@VAL 7R,BREAKOUT@VAL val=4571.23 vah=4602.99 poc=4596.88 vwap=4583.15
2026-04-29T23:30:00+07:00,2026-04-29T23:35:00+07:00,SELL,4543.82,4547.95,4515.23,SL,-4.33,S419 SELL Orochi BREAKOUT@VAL 7R,BREAKOUT@VAL val=4571.23 vah=4602.99 poc=4596.88 vwap=4583.15
2026-04-29T23:40:00+07:00,2026-04-29T23:45:00+07:00,SELL,4553.15,4557.82,4520.7,SL,-4.87,S419 SELL Orochi BREAKOUT@VAL 7R,BREAKOUT@VAL val=4571.23 vah=4602.99 poc=4596.88 vwap=4583.15
2026-04-29T23:55:00+07:00,2026-04-30T00:00:00+07:00,SELL,4547.66,4558.4,4472.08,SL,-10.94,S419 SELL Orochi BREAKOUT@VAL 7R,BREAKOUT@VAL val=4571.23 vah=4602.99 poc=4596.88 vwap=4583.15
2026-04-30T00:05:00+07:00,2026-04-30T00:20:00+07:00,SELL,4561.14,4566.75,4522.11,BE,-0.2,S419 SELL Orochi BREAKOUT@VAL 7R,BREAKOUT@VAL val=4571.23 vah=4602.99 poc=4596.88 vwap=4583.15
2026-04-30T00:25:00+07:00,2026-04-30T02:45:00+07:00,SELL,4560.16,4565.91,4519.83,TP,40.13,S419 SELL Orochi BREAKOUT@VAL 7R,BREAKOUT@VAL val=4571.23 vah=4602.99 poc=4596.88 vwap=4583.15
2026-04-30T02:50:00+07:00,2026-04-30T02:55:00+07:00,SELL,4532.16,4537.28,4496.4,SL,-5.32,S419 SELL Orochi BREAKOUT@VAL 7R,BREAKOUT@VAL val=4571.23 vah=4602.99 poc=4596.88 vwap=4583.15
2026-04-30T03:00:00+07:00,2026-04-30T03:10:00+07:00,SELL,4537.42,4547.85,4464.33,BE,-0.2,S419 SELL Orochi BREAKOUT@VAL 7R,BREAKOUT@VAL val=4571.23 vah=4602.99 poc=4596.88 vwap=4583.15
2026-04-30T03:15:00+07:00,2026-04-30T03:45:00+07:00,SELL,4547.46,4553.24,4506.2,BE,-0.2,S419 SELL Orochi BREAKOUT@VAL 7R,BREAKOUT@VAL val=4571.23 vah=4602.99 poc=4596.88 vwap=4583.15
2026-04-30T03:50:00+07:00,2026-04-30T04:00:00+07:00,SELL,4547.95,4551.79,4520.91,BE,-0.2,S419 SELL Orochi BREAKOUT@VAL 7R,BREAKOUT@VAL val=4571.23 vah=4602.99 poc=4596.88 vwap=4583.15
2026-04-30T04:05:00+07:00,2026-04-30T06:55:00+07:00,SELL,4552.39,4555.39,4530.99,BE,-0.2,S419 SELL Orochi BREAKOUT@VAL 7R,BREAKOUT@VAL val=4571.23 vah=4602.99 poc=4596.88 vwap=4583.15
2026-04-30T07:00:00+07:00,2026-04-30T07:10:00+07:00,SELL,4553.2,4554.84,4541.96,BE,-0.2,S419 SELL Orochi BREAKOUT@VAL 7R,BREAKOUT@VAL val=4571.23 vah=4602.99 poc=4596.88 vwap=4583.15
2026-04-30T07:15:00+07:00,2026-04-30T07:25:00+07:00,SELL,4551.58,4555.94,4520.5,BE,-0.2,S419 SELL Orochi BREAKOUT@VAL 7R,BREAKOUT@VAL val=4571.23 vah=4602.99 poc=4596.88 vwap=4583.15
2026-04-30T07:30:00+07:00,2026-04-30T07:35:00+07:00,SELL,4552.79,4554.17,4542.09,SL,-1.58,S419 SELL Orochi BREAKOUT@VAL 7R,BREAKOUT@VAL val=4571.23 vah=4602.99 poc=4596.88 vwap=4583.37
2026-04-30T07:40:00+07:00,2026-04-30T07:45:00+07:00,SELL,4554.49,4555.61,4546.57,SL,-1.32,S419 SELL Orochi BREAKOUT@VAL 7R,BREAKOUT@VAL val=4571.23 vah=4602.99 poc=4596.88 vwap=4583.37
2026-04-30T07:50:00+07:00,2026-04-30T07:55:00+07:00,SELL,4557.86,4560.43,4540.59,SL,-2.77,S419 SELL Orochi BREAKOUT@VAL 7R,BREAKOUT@VAL val=4571.23 vah=4602.99 poc=4596.88 vwap=4583.43
2026-04-30T08:15:00+07:00,2026-04-30T08:25:00+07:00,SELL,4561.82,4565.51,4535.75,BE,-0.2,S419 SELL Orochi BREAKOUT@VAL 7R,BREAKOUT@VAL val=4571.23 vah=4602.99 poc=4596.88 vwap=4583.22
2026-04-30T08:30:00+07:00,2026-04-30T08:40:00+07:00,SELL,4564.42,4567.43,4543.19,BE,-0.2,S419 SELL Orochi BREAKOUT@VAL 7R,BREAKOUT@VAL val=4571.23 vah=4602.99 poc=4596.88 vwap=4583.28
2026-04-30T09:00:00+07:00,2026-04-30T09:10:00+07:00,SELL,4567.94,4574.88,4519.12,BE,-0.2,S419 SELL Orochi BREAKOUT@VAL 7R,BREAKOUT@VAL val=4571.23 vah=4602.99 poc=4596.88 vwap=4583.48
2026-04-30T09:20:00+07:00,2026-04-30T09:25:00+07:00,SELL,4569.24,4572.48,4546.64,SL,-3.44,S419 SELL Orochi BREAKOUT@VAL 7R,BREAKOUT@VAL val=4571.23 vah=4602.99 poc=4596.88 vwap=4583.57
2026-04-30T10:40:00+07:00,2026-04-30T10:50:00+07:00,SELL,4562.31,4570.61,4505.25,BE,-0.2,S419 SELL Orochi BREAKOUT@VAL 7R,BREAKOUT@VAL val=4573.68 vah=4602.99 poc=4596.88 vwap=4585.57
2026-04-30T10:55:00+07:00,2026-04-30T11:00:00+07:00,SELL,4564.66,4566.57,4553.53,SL,-2.11,S419 SELL Orochi BREAKOUT@VAL 7R,BREAKOUT@VAL val=4576.12 vah=4605.43 poc=4596.88 vwap=4585.82
2026-04-30T11:05:00+07:00,2026-04-30T12:25:00+07:00,SELL,4567.39,4570.28,4546.52,TP,20.67,S419 SELL Orochi BREAKOUT@VAL 7R,BREAKOUT@VAL val=4576.12 vah=4605.43 poc=4596.88 vwap=4585.91
2026-04-30T12:35:00+07:00,2026-04-30T12:45:00+07:00,SELL,4542.42,4548.67,4498.59,BE,-0.2,S419 SELL Orochi BREAKOUT@VAL 7R,BREAKOUT@VAL val=4573.68 vah=4605.43 poc=4596.88 vwap=4585.85
2026-04-30T12:50:00+07:00,2026-04-30T13:00:00+07:00,SELL,4547.26,4550.54,4523.98,BE,-0.2,S419 SELL Orochi BREAKOUT@VAL 7R,BREAKOUT@VAL val=4571.23 vah=4605.43 poc=4596.88 vwap=4585.67
2026-04-30T13:05:00+07:00,2026-04-30T13:15:00+07:00,SELL,4552.65,4554.57,4539.13,BE,-0.2,S419 SELL Orochi BREAKOUT@VAL 7R,BREAKOUT@VAL val=4571.23 vah=4605.43 poc=4596.88 vwap=4585.42
2026-04-30T13:20:00+07:00,2026-04-30T13:30:00+07:00,SELL,4557.06,4560.1,4534.82,BE,-0.2,S419 SELL Orochi BREAKOUT@VAL 7R,BREAKOUT@VAL val=4571.23 vah=4605.43 poc=4596.88 vwap=4585.24
2026-04-30T13:35:00+07:00,2026-04-30T13:45:00+07:00,SELL,4565.63,4568.03,4549.87,BE,-0.2,S419 SELL Orochi BREAKOUT@VAL 7R,BREAKOUT@VAL val=4571.23 vah=4605.43 poc=4599.33 vwap=4585.03
2026-04-30T13:50:00+07:00,2026-04-30T14:00:00+07:00,SELL,4565.52,4570.98,4527.94,BE,-0.2,S419 SELL Orochi BREAKOUT@VAL 7R,BREAKOUT@VAL val=4571.23 vah=4605.43 poc=4599.33 vwap=4584.78
2026-04-30T14:05:00+07:00,2026-04-30T14:15:00+07:00,SELL,4565.19,4569.1,4537.42,BE,-0.2,S419 SELL Orochi BREAKOUT@VAL 7R,BREAKOUT@VAL val=4571.23 vah=4605.43 poc=4599.33 vwap=4584.59
2026-04-30T14:20:00+07:00,2026-04-30T14:30:00+07:00,SELL,4570.9,4572.18,4562.34,BE,-0.2,S419 SELL Orochi BREAKOUT@VAL 7R,BREAKOUT@VAL val=4571.23 vah=4605.43 poc=4599.33 vwap=4584.44
2026-04-30T16:10:00+07:00,2026-04-30T16:20:00+07:00,BUY,4618.79,4613.27,4657.19,BE,-0.2,S419 BUY Orochi BREAKOUT@VAH 7R,BREAKOUT@VAH val=4568.79 vah=4605.43 poc=4599.33 vwap=4583.31
2026-04-30T16:25:00+07:00,2026-04-30T16:35:00+07:00,BUY,4617.5,4610.04,4670.12,BE,-0.2,S419 BUY Orochi BREAKOUT@VAH 7R,BREAKOUT@VAH val=4568.79 vah=4605.43 poc=4599.33 vwap=4583.23
2026-04-30T16:40:00+07:00,2026-04-30T17:05:00+07:00,BUY,4614.93,4611.63,4637.95,BE,-0.2,S419 BUY Orochi BREAKOUT@VAH 7R,BREAKOUT@VAH val=4568.79 vah=4605.43 poc=4599.33 vwap=4583.16
2026-04-30T17:10:00+07:00,2026-04-30T17:20:00+07:00,BUY,4618.92,4612.5,4663.94,BE,-0.2,S419 BUY Orochi BREAKOUT@VAH 7R,BREAKOUT@VAH val=4568.79 vah=4605.43 poc=4599.33 vwap=4583.06
2026-04-30T17:30:00+07:00,2026-04-30T17:40:00+07:00,BUY,4624.36,4616.46,4679.9,BE,-0.2,S419 BUY Orochi BREAKOUT@VAH 7R,BREAKOUT@VAH val=4568.79 vah=4605.43 poc=4599.33 vwap=4582.97
2026-04-30T17:45:00+07:00,2026-04-30T17:55:00+07:00,BUY,4623.77,4617.0,4670.68,BE,-0.2,S419 BUY Orochi BREAKOUT@VAH 7R,BREAKOUT@VAH val=4568.79 vah=4605.43 poc=4599.33 vwap=4582.92
2026-04-30T18:00:00+07:00,2026-04-30T18:25:00+07:00,BUY,4623.87,4622.2,4636.76,TP,12.69,S419 BUY Orochi BREAKOUT@VAH 7R,BREAKOUT@VAH val=4568.79 vah=4605.43 poc=4599.33 vwap=4582.86
2026-04-30T18:30:00+07:00,2026-04-30T18:45:00+07:00,BUY,4635.88,4631.82,4664.54,BE,-0.2,S419 BUY Orochi BREAKOUT@VAH 7R,BREAKOUT@VAH val=4570.40 vah=4605.48 poc=4599.63 vwap=4582.16
2026-04-30T18:50:00+07:00,2026-04-30T19:10:00+07:00,BUY,4637.05,4632.7,4667.34,BE,-0.2,S419 BUY Orochi BREAKOUT@VAH 7R,BREAKOUT@VAH val=4570.37 vah=4605.39 poc=4599.55 vwap=4581.66
2026-04-30T19:15:00+07:00,2026-04-30T19:25:00+07:00,BUY,4635.91,4632.12,4662.36,BE,-0.2,S419 BUY Orochi BREAKOUT@VAH 7R,BREAKOUT@VAH val=4558.69 vah=4596.05 poc=4569.20 vwap=4581.15
2026-04-30T19:30:00+07:00,2026-04-30T19:40:00+07:00,BUY,4630.09,4626.65,4654.33,BE,-0.2,S419 BUY Orochi BREAKOUT@VAH 7R,BREAKOUT@VAH val=4558.69 vah=4596.05 poc=4569.20 vwap=4581.02
2026-04-30T19:45:00+07:00,2026-04-30T20:05:00+07:00,BUY,4635.04,4625.47,4701.95,BE,-0.2,S419 BUY Orochi BREAKOUT@VAH 7R,BREAKOUT@VAH val=4558.69 vah=4596.05 poc=4569.20 vwap=4580.94
2026-04-30T20:10:00+07:00,2026-04-30T20:15:00+07:00,BUY,4636.08,4629.08,4683.32,SL,-7.2,S419 BUY Orochi BREAKOUT@VAH 7R,BREAKOUT@VAH val=4521.53 vah=4578.51 poc=4547.17 vwap=4566.85
2026-04-30T20:20:00+07:00,2026-04-30T20:30:00+07:00,BUY,4633.26,4626.85,4676.85,BE,-0.2,S419 BUY Orochi BREAKOUT@VAH 7R,BREAKOUT@VAH val=4521.53 vah=4578.51 poc=4547.17 vwap=4566.85
2026-04-30T20:35:00+07:00,2026-04-30T21:30:00+07:00,BUY,4631.51,4623.87,4686.83,BE,-0.2,S419 BUY Orochi BREAKOUT@VAH 7R,BREAKOUT@VAH val=4521.53 vah=4578.51 poc=4547.17 vwap=4566.85
2026-04-30T21:35:00+07:00,2026-04-30T21:40:00+07:00,BUY,4624.14,4621.77,4640.81,SL,-2.57,S419 BUY Orochi BREAKOUT@VAH 7R,BREAKOUT@VAH val=4521.53 vah=4578.51 poc=4547.17 vwap=4566.85
2026-04-30T21:45:00+07:00,2026-04-30T21:50:00+07:00,BUY,4618.43,4611.96,4662.84,SL,-6.67,S419 BUY Orochi BREAKOUT@VAH 7R,BREAKOUT@VAH val=4521.53 vah=4578.51 poc=4547.17 vwap=4566.85
2026-04-30T21:55:00+07:00,2026-04-30T22:20:00+07:00,BUY,4610.93,4608.92,4625.8,TP,14.67,S419 BUY Orochi BREAKOUT@VAH 7R,BREAKOUT@VAH val=4521.53 vah=4578.51 poc=4547.17 vwap=4566.85
2026-04-30T22:25:00+07:00,2026-04-30T22:30:00+07:00,BUY,4622.96,4617.08,4664.04,SL,-6.08,S419 BUY Orochi BREAKOUT@VAH 7R,BREAKOUT@VAH val=4521.53 vah=4578.51 poc=4547.17 vwap=4566.85
2026-04-30T22:35:00+07:00,2026-04-30T23:50:00+07:00,BUY,4612.32,4608.98,4636.1,BE,-0.2,S419 BUY Orochi BREAKOUT@VAH 7R,BREAKOUT@VAH val=4521.53 vah=4578.51 poc=4547.17 vwap=4566.85
2026-04-30T23:55:00+07:00,2026-05-01T00:05:00+07:00,BUY,4615.33,4609.89,4653.73,BE,-0.2,S419 BUY Orochi BREAKOUT@VAH 7R,BREAKOUT@VAH val=4521.53 vah=4578.51 poc=4547.17 vwap=4566.85
2026-05-01T00:10:00+07:00,2026-05-01T00:15:00+07:00,BUY,4611.71,4610.17,4622.57,SL,-1.74,S419 BUY Orochi BREAKOUT@VAH 7R,BREAKOUT@VAH val=4521.53 vah=4578.51 poc=4547.17 vwap=4566.85
2026-05-01T00:20:00+07:00,2026-05-01T00:35:00+07:00,BUY,4611.07,4604.38,4658.06,BE,-0.2,S419 BUY Orochi BREAKOUT@VAH 7R,BREAKOUT@VAH val=4521.53 vah=4578.51 poc=4547.17 vwap=4566.85
2026-05-01T00:40:00+07:00,2026-05-01T00:55:00+07:00,BUY,4609.04,4607.55,4619.71,BE,-0.2,S419 BUY Orochi BREAKOUT@VAH 7R,BREAKOUT@VAH val=4521.53 vah=4578.51 poc=4547.17 vwap=4566.85
2026-05-01T01:10:00+07:00,2026-05-01T01:15:00+07:00,BUY,4615.84,4613.02,4636.06,SL,-3.02,S419 BUY Orochi BREAKOUT@VAH 7R,BREAKOUT@VAH val=4521.53 vah=4578.51 poc=4547.17 vwap=4566.85
2026-05-01T01:20:00+07:00,2026-05-01T01:35:00+07:00,BUY,4619.51,4611.52,4676.0,BE,-0.2,S419 BUY Orochi BREAKOUT@VAH 7R,BREAKOUT@VAH val=4521.53 vah=4578.51 poc=4547.17 vwap=4566.85
2026-05-01T01:40:00+07:00,2026-05-01T01:50:00+07:00,BUY,4617.94,4613.74,4647.18,BE,-0.2,S419 BUY Orochi BREAKOUT@VAH 7R,BREAKOUT@VAH val=4521.53 vah=4578.51 poc=4547.17 vwap=4566.85
2026-05-01T01:55:00+07:00,2026-05-01T03:30:00+07:00,BUY,4617.08,4613.98,4637.34,BE,-0.2,S419 BUY Orochi BREAKOUT@VAH 7R,BREAKOUT@VAH val=4521.53 vah=4578.51 poc=4547.17 vwap=4566.85
2026-05-01T03:45:00+07:00,2026-05-01T03:50:00+07:00,BUY,4620.97,4618.9,4633.14,SL,-2.27,S419 BUY Orochi BREAKOUT@VAH 7R,BREAKOUT@VAH val=4521.53 vah=4578.51 poc=4547.17 vwap=4566.85
2026-05-01T03:55:00+07:00,2026-05-01T04:05:00+07:00,BUY,4617.12,4613.59,4641.59,BE,-0.2,S419 BUY Orochi BREAKOUT@VAH 7R,BREAKOUT@VAH val=4521.53 vah=4578.51 poc=4547.17 vwap=4566.85
2026-05-01T04:10:00+07:00,2026-05-01T04:25:00+07:00,BUY,4616.31,4615.06,4625.14,BE,-0.2,S419 BUY Orochi BREAKOUT@VAH 7R,BREAKOUT@VAH val=4521.53 vah=4578.51 poc=4547.17 vwap=4566.85
2026-05-01T04:30:00+07:00,2026-05-01T09:00:00+07:00,BUY,4618.32,4614.69,4643.81,BE,-0.2,S419 BUY Orochi BREAKOUT@VAH 7R,BREAKOUT@VAH val=4521.53 vah=4578.51 poc=4547.17 vwap=4566.85
2026-05-01T09:05:00+07:00,2026-05-01T09:15:00+07:00,BUY,4618.09,4615.1,4638.62,BE,-0.2,S419 BUY Orochi BREAKOUT@VAH 7R,BREAKOUT@VAH val=4519.83 vah=4580.60 poc=4544.69 vwap=4569.12
2026-05-01T09:20:00+07:00,2026-05-01T10:10:00+07:00,BUY,4615.06,4613.06,4628.74,TP,13.48,S419 BUY Orochi BREAKOUT@VAH 7R,BREAKOUT@VAH val=4523.31 vah=4582.41 poc=4547.49 vwap=4570.06
2026-05-01T10:20:00+07:00,2026-05-01T10:30:00+07:00,BUY,4630.02,4627.96,4644.36,BE,-0.2,S419 BUY Orochi BREAKOUT@VAH 7R,BREAKOUT@VAH val=4523.72 vah=4582.62 poc=4547.81 vwap=4572.82
2026-05-01T10:35:00+07:00,2026-05-01T10:40:00+07:00,BUY,4628.28,4627.17,4636.21,SL,-1.31,S419 BUY Orochi BREAKOUT@VAH 7R,BREAKOUT@VAH val=4523.72 vah=4587.98 poc=4547.81 vwap=4573.41
2026-05-01T10:45:00+07:00,2026-05-01T10:50:00+07:00,BUY,4620.68,4618.49,4637.37,SL,-2.39,S419 BUY Orochi BREAKOUT@VAH 7R,BREAKOUT@VAH val=4523.72 vah=4587.98 poc=4547.81 vwap=4573.74
2026-05-01T10:55:00+07:00,2026-05-01T11:05:00+07:00,BUY,4619.04,4615.36,4645.76,BE,-0.2,S419 BUY Orochi BREAKOUT@VAH 7R,BREAKOUT@VAH val=4523.72 vah=4587.98 poc=4547.81 vwap=4574.08
2026-05-01T11:10:00+07:00,2026-05-01T11:20:00+07:00,BUY,4620.73,4616.8,4648.16,BE,-0.2,S419 BUY Orochi BREAKOUT@VAH 7R,BREAKOUT@VAH val=4523.72 vah=4587.98 poc=4547.81 vwap=4574.52
2026-05-01T11:35:00+07:00,2026-05-01T12:00:00+07:00,BUY,4630.3,4625.42,4664.54,SL,-5.08,S419 BUY Orochi BREAKOUT@VAH 7R,BREAKOUT@VAH val=4523.72 vah=4593.34 poc=4547.81 vwap=4575.10
2026-05-01T12:05:00+07:00,2026-05-01T12:25:00+07:00,BUY,4620.85,4619.19,4633.59,BE,-0.2,S419 BUY Orochi BREAKOUT@VAH 7R,BREAKOUT@VAH val=4523.72 vah=4593.34 poc=4547.81 vwap=4575.87
2026-05-01T12:30:00+07:00,2026-05-01T12:40:00+07:00,BUY,4614.2,4611.49,4632.69,BE,-0.2,S419 BUY Orochi BREAKOUT@VAH 7R,BREAKOUT@VAH val=4523.72 vah=4598.69 poc=4547.81 vwap=4576.59
2026-05-01T12:45:00+07:00,2026-05-01T12:50:00+07:00,BUY,4610.83,4609.69,4618.57,SL,-1.34,S419 BUY Orochi BREAKOUT@VAH 7R,BREAKOUT@VAH val=4523.72 vah=4598.69 poc=4563.88 vwap=4577.06
2026-05-01T12:55:00+07:00,2026-05-01T13:00:00+07:00,BUY,4609.16,4608.27,4615.23,SL,-1.09,S419 BUY Orochi BREAKOUT@VAH 7R,BREAKOUT@VAH val=4523.72 vah=4598.69 poc=4563.88 vwap=4577.45
2026-05-01T13:05:00+07:00,2026-05-01T13:15:00+07:00,BUY,4612.85,4606.68,4655.4,BE,-0.2,S419 BUY Orochi BREAKOUT@VAH 7R,BREAKOUT@VAH val=4523.72 vah=4598.69 poc=4563.88 vwap=4577.79
2026-05-01T13:20:00+07:00,2026-05-01T13:30:00+07:00,BUY,4614.62,4610.92,4640.84,BE,-0.2,S419 BUY Orochi BREAKOUT@VAH 7R,BREAKOUT@VAH val=4518.36 vah=4598.69 poc=4563.88 vwap=4578.41
2026-05-01T13:35:00+07:00,2026-05-01T13:45:00+07:00,BUY,4610.81,4608.65,4626.09,BE,-0.2,S419 BUY Orochi BREAKOUT@VAH 7R,BREAKOUT@VAH val=4518.36 vah=4598.69 poc=4563.88 vwap=4579.55
2026-05-01T13:50:00+07:00,2026-05-01T13:55:00+07:00,BUY,4608.41,4606.45,4622.93,SL,-2.16,S419 BUY Orochi BREAKOUT@VAH 7R,BREAKOUT@VAH val=4518.36 vah=4604.05 poc=4563.88 vwap=4580.51
2026-05-01T20:00:00+07:00,2026-05-01T20:10:00+07:00,SELL,4578.09,4580.6,4560.6,BE,-0.2,S419 SELL Orochi BREAKOUT@VAL 7R,BREAKOUT@VAL val=4606.66 vah=4635.21 poc=4619.15 vwap=4612.08
2026-05-01T20:15:00+07:00,2026-05-01T20:20:00+07:00,SELL,4588.46,4591.72,4565.56,SL,-3.46,S419 SELL Orochi BREAKOUT@VAL 7R,BREAKOUT@VAL val=4606.66 vah=4635.21 poc=4619.15 vwap=4612.08
2026-05-01T20:25:00+07:00,2026-05-01T21:35:00+07:00,SELL,4602.97,4609.24,4558.36,BE,-0.2,S419 SELL Orochi BREAKOUT@VAL 7R,BREAKOUT@VAL val=4606.66 vah=4635.21 poc=4619.15 vwap=4612.08
2026-05-01T22:20:00+07:00,2026-05-01T22:25:00+07:00,BUY,4649.28,4646.48,4669.04,SL,-3.0,S419 BUY Orochi BREAKOUT@VAH 7R,BREAKOUT@VAH val=4606.66 vah=4635.21 poc=4619.15 vwap=4612.08
2026-05-01T22:30:00+07:00,2026-05-01T22:35:00+07:00,BUY,4643.27,4636.74,4688.82,SL,-6.73,S419 BUY Orochi BREAKOUT@VAH 7R,BREAKOUT@VAH val=4606.66 vah=4635.21 poc=4619.15 vwap=4612.08
2026-05-01T23:20:00+07:00,2026-05-01T23:35:00+07:00,BUY,4635.98,4632.66,4658.98,BE,-0.2,S419 BUY Orochi BREAKOUT@VAH 7R,BREAKOUT@VAH val=4606.66 vah=4635.21 poc=4619.15 vwap=4612.08
2026-05-01T23:40:00+07:00,2026-05-01T23:50:00+07:00,BUY,4643.67,4633.78,4712.58,BE,-0.2,S419 BUY Orochi BREAKOUT@VAH 7R,BREAKOUT@VAH val=4606.66 vah=4635.21 poc=4619.15 vwap=4612.08
2026-05-01T23:55:00+07:00,2026-05-02T00:05:00+07:00,BUY,4643.26,4631.84,4723.44,BE,-0.2,S419 BUY Orochi BREAKOUT@VAH 7R,BREAKOUT@VAH val=4606.66 vah=4635.21 poc=4619.15 vwap=4612.08
2026-05-02T00:10:00+07:00,2026-05-02T00:20:00+07:00,BUY,4642.84,4636.82,4685.54,BE,-0.2,S419 BUY Orochi BREAKOUT@VAH 7R,BREAKOUT@VAH val=4606.66 vah=4635.21 poc=4619.15 vwap=4612.08
2026-05-02T00:25:00+07:00,2026-05-02T00:30:00+07:00,BUY,4638.13,4636.39,4650.55,SL,-1.94,S419 BUY Orochi BREAKOUT@VAH 7R,BREAKOUT@VAH val=4606.66 vah=4635.21 poc=4619.15 vwap=4612.08
2026-05-02T00:35:00+07:00,2026-05-02T00:45:00+07:00,BUY,4640.28,4632.51,4694.99,BE,-0.2,S419 BUY Orochi BREAKOUT@VAH 7R,BREAKOUT@VAH val=4606.66 vah=4635.21 poc=4619.15 vwap=4612.08
2026-05-02T00:50:00+07:00,2026-05-02T01:00:00+07:00,BUY,4641.09,4635.2,4682.4,BE,-0.2,S419 BUY Orochi BREAKOUT@VAH 7R,BREAKOUT@VAH val=4606.66 vah=4635.21 poc=4619.15 vwap=4612.08
2026-05-02T01:05:00+07:00,2026-05-02T01:15:00+07:00,BUY,4638.91,4636.27,4657.23,BE,-0.2,S419 BUY Orochi BREAKOUT@VAH 7R,BREAKOUT@VAH val=4606.66 vah=4635.21 poc=4619.15 vwap=4612.08
2026-05-04T20:00:00+07:00,2026-05-04T20:10:00+07:00,SELL,4563.04,4565.19,4548.39,BE,-0.2,S419 SELL Orochi BREAKOUT@VAL 7R,BREAKOUT@VAL val=4573.48 vah=4616.51 poc=4610.06 vwap=4588.96
2026-05-04T20:20:00+07:00,2026-05-04T20:45:00+07:00,SELL,4572.24,4580.72,4513.84,BE,-0.2,S419 SELL Orochi BREAKOUT@VAL 7R,BREAKOUT@VAL val=4573.48 vah=4616.51 poc=4610.06 vwap=4588.96
2026-05-04T20:50:00+07:00,2026-05-04T21:05:00+07:00,SELL,4572.08,4577.46,4534.58,BE,-0.2,S419 SELL Orochi BREAKOUT@VAL 7R,BREAKOUT@VAL val=4573.48 vah=4616.51 poc=4610.06 vwap=4588.96
2026-05-04T21:10:00+07:00,2026-05-04T21:20:00+07:00,SELL,4566.05,4577.26,4488.14,BE,-0.2,S419 SELL Orochi BREAKOUT@VAL 7R,BREAKOUT@VAL val=4573.48 vah=4616.51 poc=4610.06 vwap=4588.96
2026-05-04T21:25:00+07:00,2026-05-04T21:30:00+07:00,SELL,4561.1,4569.07,4505.15,SL,-8.17,S419 SELL Orochi BREAKOUT@VAL 7R,BREAKOUT@VAL val=4573.48 vah=4616.51 poc=4610.06 vwap=4588.96
2026-05-04T21:35:00+07:00,2026-05-04T22:15:00+07:00,SELL,4566.77,4572.69,4525.73,BE,-0.2,S419 SELL Orochi BREAKOUT@VAL 7R,BREAKOUT@VAL val=4573.48 vah=4616.51 poc=4610.06 vwap=4588.96
2026-05-04T22:50:00+07:00,2026-05-05T00:05:00+07:00,SELL,4570.31,4579.18,4507.82,TP,62.29,S419 SELL Orochi BREAKOUT@VAL 7R,BREAKOUT@VAL val=4573.48 vah=4616.51 poc=4610.06 vwap=4588.96
2026-05-05T00:10:00+07:00,2026-05-05T00:55:00+07:00,SELL,4509.71,4527.12,4388.0,BE,-0.2,S419 SELL Orochi BREAKOUT@VAL 7R,BREAKOUT@VAL val=4573.48 vah=4616.51 poc=4610.06 vwap=4588.96
2026-05-05T01:00:00+07:00,2026-05-05T01:05:00+07:00,SELL,4520.84,4523.55,4503.07,SL,-2.91,S419 SELL Orochi BREAKOUT@VAL 7R,BREAKOUT@VAL val=4573.48 vah=4616.51 poc=4610.06 vwap=4588.96
2026-05-05T01:10:00+07:00,2026-05-05T01:15:00+07:00,SELL,4522.43,4528.38,4480.14,SL,-6.15,S419 SELL Orochi BREAKOUT@VAL 7R,BREAKOUT@VAL val=4573.48 vah=4616.51 poc=4610.06 vwap=4588.96
2026-05-05T01:20:00+07:00,2026-05-05T01:30:00+07:00,SELL,4525.74,4533.61,4470.73,BE,-0.2,S419 SELL Orochi BREAKOUT@VAL 7R,BREAKOUT@VAL val=4573.48 vah=4616.51 poc=4610.06 vwap=4588.96
2026-05-05T01:35:00+07:00,2026-05-05T01:45:00+07:00,SELL,4525.08,4529.15,4496.19,BE,-0.2,S419 SELL Orochi BREAKOUT@VAL 7R,BREAKOUT@VAL val=4573.48 vah=4616.51 poc=4610.06 vwap=4588.96
2026-05-05T01:50:00+07:00,2026-05-05T02:00:00+07:00,SELL,4522.89,4528.06,4487.74,BE,-0.2,S419 SELL Orochi BREAKOUT@VAL 7R,BREAKOUT@VAL val=4573.48 vah=4616.51 poc=4610.06 vwap=4588.96
2026-05-05T02:05:00+07:00,2026-05-05T03:05:00+07:00,SELL,4519.33,4526.59,4468.59,BE,-0.2,S419 SELL Orochi BREAKOUT@VAL 7R,BREAKOUT@VAL val=4573.48 vah=4616.51 poc=4610.06 vwap=4588.96
2026-05-05T03:10:00+07:00,2026-05-05T03:20:00+07:00,SELL,4518.97,4524.56,4480.16,BE,-0.2,S419 SELL Orochi BREAKOUT@VAL 7R,BREAKOUT@VAL val=4573.48 vah=4616.51 poc=4610.06 vwap=4588.96
2026-05-05T03:25:00+07:00,2026-05-05T03:35:00+07:00,SELL,4522.45,4527.12,4489.44,BE,-0.2,S419 SELL Orochi BREAKOUT@VAL 7R,BREAKOUT@VAL val=4573.48 vah=4616.51 poc=4610.06 vwap=4588.96
2026-05-05T03:40:00+07:00,2026-05-05T04:45:00+07:00,SELL,4521.24,4528.39,4471.51,BE,-0.2,S419 SELL Orochi BREAKOUT@VAL 7R,BREAKOUT@VAL val=4573.48 vah=4616.51 poc=4610.06 vwap=4588.96
2026-05-05T04:50:00+07:00,2026-05-05T06:00:00+07:00,SELL,4521.37,4523.43,4507.35,BE,-0.2,S419 SELL Orochi BREAKOUT@VAL 7R,BREAKOUT@VAL val=4573.48 vah=4616.51 poc=4610.06 vwap=4588.96
2026-05-05T06:05:00+07:00,2026-05-05T06:15:00+07:00,SELL,4522.49,4524.81,4505.85,BE,-0.2,S419 SELL Orochi BREAKOUT@VAL 7R,BREAKOUT@VAL val=4573.48 vah=4616.51 poc=4610.06 vwap=4588.96
2026-05-05T06:20:00+07:00,2026-05-05T06:30:00+07:00,SELL,4519.72,4523.44,4493.92,BE,-0.2,S419 SELL Orochi BREAKOUT@VAL 7R,BREAKOUT@VAL val=4573.48 vah=4616.51 poc=4610.06 vwap=4588.96
2026-05-05T06:35:00+07:00,2026-05-05T07:05:00+07:00,SELL,4519.61,4522.77,4497.25,BE,-0.2,S419 SELL Orochi BREAKOUT@VAL 7R,BREAKOUT@VAL val=4573.48 vah=4616.51 poc=4610.06 vwap=4588.96
2026-05-05T07:10:00+07:00,2026-05-05T07:20:00+07:00,SELL,4520.39,4521.72,4511.72,BE,-0.2,S419 SELL Orochi BREAKOUT@VAL 7R,BREAKOUT@VAL val=4573.48 vah=4616.51 poc=4610.06 vwap=4588.96
2026-05-05T07:25:00+07:00,2026-05-05T07:35:00+07:00,SELL,4520.9,4522.15,4513.99,BE,-0.2,S419 SELL Orochi BREAKOUT@VAL 7R,BREAKOUT@VAL val=4573.48 vah=4616.51 poc=4610.06 vwap=4588.96
2026-05-05T07:40:00+07:00,2026-05-05T07:50:00+07:00,SELL,4518.56,4521.82,4495.42,BE,-0.2,S419 SELL Orochi BREAKOUT@VAL 7R,BREAKOUT@VAL val=4573.48 vah=4616.51 poc=4610.06 vwap=4588.96
2026-05-05T07:55:00+07:00,2026-05-05T08:00:00+07:00,SELL,4519.03,4520.95,4505.67,SL,-2.12,S419 SELL Orochi BREAKOUT@VAL 7R,BREAKOUT@VAL val=4573.48 vah=4616.51 poc=4610.06 vwap=4588.96
2026-05-05T08:05:00+07:00,2026-05-05T08:10:00+07:00,SELL,4526.34,4527.28,4519.68,SL,-1.14,S419 SELL Orochi BREAKOUT@VAL 7R,BREAKOUT@VAL val=4573.48 vah=4616.51 poc=4610.06 vwap=4588.96
2026-05-05T08:30:00+07:00,2026-05-05T08:35:00+07:00,SELL,4517.99,4520.69,4499.65,SL,-2.9,S419 SELL Orochi BREAKOUT@VAL 7R,BREAKOUT@VAL val=4573.48 vah=4616.51 poc=4610.06 vwap=4588.96
2026-05-05T08:40:00+07:00,2026-05-05T08:45:00+07:00,SELL,4523.77,4525.18,4514.06,SL,-1.61,S419 SELL Orochi BREAKOUT@VAL 7R,BREAKOUT@VAL val=4573.48 vah=4616.51 poc=4610.06 vwap=4588.96
2026-05-05T08:50:00+07:00,2026-05-05T09:00:00+07:00,SELL,4528.64,4530.67,4514.51,BE,-0.2,S419 SELL Orochi BREAKOUT@VAL 7R,BREAKOUT@VAL val=4573.48 vah=4616.51 poc=4610.06 vwap=4588.96
2026-05-05T09:05:00+07:00,2026-05-05T09:10:00+07:00,SELL,4534.68,4536.91,4518.83,SL,-2.43,S419 SELL Orochi BREAKOUT@VAL 7R,BREAKOUT@VAL val=4573.48 vah=4616.51 poc=4610.06 vwap=4588.96
2026-05-05T09:15:00+07:00,2026-05-05T09:30:00+07:00,SELL,4536.85,4541.24,4506.68,BE,-0.2,S419 SELL Orochi BREAKOUT@VAL 7R,BREAKOUT@VAL val=4573.48 vah=4616.51 poc=4610.06 vwap=4588.96
2026-05-05T09:35:00+07:00,2026-05-05T09:45:00+07:00,SELL,4537.16,4543.16,4494.36,BE,-0.2,S419 SELL Orochi BREAKOUT@VAL 7R,BREAKOUT@VAL val=4573.48 vah=4616.51 poc=4610.06 vwap=4588.96
2026-05-05T09:50:00+07:00,2026-05-05T10:00:00+07:00,SELL,4538.17,4541.85,4512.09,BE,-0.2,S419 SELL Orochi BREAKOUT@VAL 7R,BREAKOUT@VAL val=4573.48 vah=4616.51 poc=4610.06 vwap=4588.96
2026-05-05T10:05:00+07:00,2026-05-05T10:15:00+07:00,SELL,4538.41,4543.51,4502.95,BE,-0.2,S419 SELL Orochi BREAKOUT@VAL 7R,BREAKOUT@VAL val=4573.48 vah=4616.51 poc=4610.06 vwap=4588.96
2026-05-05T10:20:00+07:00,2026-05-05T10:25:00+07:00,SELL,4538.34,4540.37,4523.73,SL,-2.23,S419 SELL Orochi BREAKOUT@VAL 7R,BREAKOUT@VAL val=4573.48 vah=4616.51 poc=4610.06 vwap=4588.96
2026-05-05T10:30:00+07:00,2026-05-05T10:40:00+07:00,SELL,4541.56,4544.63,4519.99,BE,-0.2,S419 SELL Orochi BREAKOUT@VAL 7R,BREAKOUT@VAL val=4573.48 vah=4616.51 poc=4610.06 vwap=4588.96
2026-05-05T10:45:00+07:00,2026-05-05T13:05:00+07:00,SELL,4544.28,4547.62,4520.5,BE,-0.2,S419 SELL Orochi BREAKOUT@VAL 7R,BREAKOUT@VAL val=4573.48 vah=4616.51 poc=4610.06 vwap=4588.96
2026-05-05T13:20:00+07:00,2026-05-05T13:30:00+07:00,SELL,4539.35,4541.43,4525.11,BE,-0.2,S419 SELL Orochi BREAKOUT@VAL 7R,BREAKOUT@VAL val=4573.48 vah=4616.51 poc=4610.06 vwap=4588.96
2026-05-05T13:35:00+07:00,2026-05-05T13:50:00+07:00,SELL,4548.22,4552.05,4522.29,BE,-0.2,S419 SELL Orochi BREAKOUT@VAL 7R,BREAKOUT@VAL val=4573.48 vah=4616.51 poc=4610.06 vwap=4588.96
2026-05-05T13:55:00+07:00,2026-05-05T14:00:00+07:00,SELL,4545.71,4550.03,4515.55,SL,-4.52,S419 SELL Orochi BREAKOUT@VAL 7R,BREAKOUT@VAL val=4573.48 vah=4616.51 poc=4610.06 vwap=4588.96
2026-05-05T14:10:00+07:00,2026-05-05T14:30:00+07:00,SELL,4543.64,4547.09,4519.73,BE,-0.2,S419 SELL Orochi BREAKOUT@VAL 7R,BREAKOUT@VAL val=4573.48 vah=4616.51 poc=4610.06 vwap=4588.96
2026-05-05T14:35:00+07:00,2026-05-05T14:45:00+07:00,SELL,4548.09,4550.76,4529.24,BE,-0.2,S419 SELL Orochi BREAKOUT@VAL 7R,BREAKOUT@VAL val=4573.48 vah=4616.51 poc=4610.06 vwap=4588.96
2026-05-05T14:50:00+07:00,2026-05-05T15:00:00+07:00,SELL,4550.22,4552.17,4536.49,BE,-0.2,S419 SELL Orochi BREAKOUT@VAL 7R,BREAKOUT@VAL val=4573.48 vah=4616.51 poc=4610.06 vwap=4588.96
2026-05-05T15:05:00+07:00,2026-05-05T15:15:00+07:00,SELL,4552.33,4556.0,4526.56,BE,-0.2,S419 SELL Orochi BREAKOUT@VAL 7R,BREAKOUT@VAL val=4573.48 vah=4616.51 poc=4610.06 vwap=4588.96
2026-05-05T15:20:00+07:00,2026-05-05T15:30:00+07:00,SELL,4551.28,4556.82,4512.42,BE,-0.2,S419 SELL Orochi BREAKOUT@VAL 7R,BREAKOUT@VAL val=4573.48 vah=4616.51 poc=4610.06 vwap=4588.96
2026-05-05T15:35:00+07:00,2026-05-05T16:25:00+07:00,SELL,4554.57,4559.35,4521.43,BE,-0.2,S419 SELL Orochi BREAKOUT@VAL 7R,BREAKOUT@VAL val=4573.48 vah=4616.51 poc=4610.06 vwap=4588.96
2026-05-05T16:30:00+07:00,2026-05-05T16:40:00+07:00,SELL,4551.43,4555.82,4520.78,BE,-0.2,S419 SELL Orochi BREAKOUT@VAL 7R,BREAKOUT@VAL val=4573.48 vah=4616.51 poc=4610.06 vwap=4588.68
2026-05-05T16:45:00+07:00,2026-05-05T16:50:00+07:00,SELL,4551.82,4553.17,4542.45,SL,-1.55,S419 SELL Orochi BREAKOUT@VAL 7R,BREAKOUT@VAL val=4573.48 vah=4616.51 poc=4610.06 vwap=4588.30
2026-05-05T16:55:00+07:00,2026-05-05T17:05:00+07:00,SELL,4558.45,4560.69,4541.81,BE,-0.2,S419 SELL Orochi BREAKOUT@VAL 7R,BREAKOUT@VAL val=4573.48 vah=4616.51 poc=4610.06 vwap=4588.07
2026-05-05T17:10:00+07:00,2026-05-05T17:30:00+07:00,SELL,4557.71,4561.63,4530.19,BE,-0.2,S419 SELL Orochi BREAKOUT@VAL 7R,BREAKOUT@VAL val=4573.77 vah=4613.47 poc=4611.49 vwap=4587.69
2026-05-05T17:35:00+07:00,2026-05-05T17:45:00+07:00,SELL,4554.49,4559.26,4525.58,BE,-0.2,S419 SELL Orochi BREAKOUT@VAL 7R,BREAKOUT@VAL val=4572.38 vah=4614.76 poc=4608.98 vwap=4587.14
2026-05-05T17:50:00+07:00,2026-05-05T18:00:00+07:00,SELL,4554.16,4558.34,4524.58,BE,-0.2,S419 SELL Orochi BREAKOUT@VAL 7R,BREAKOUT@VAL val=4576.23 vah=4614.76 poc=4608.98 vwap=4586.90
2026-05-05T18:05:00+07:00,2026-05-05T18:15:00+07:00,SELL,4552.21,4557.89,4512.37,BE,-0.2,S419 SELL Orochi BREAKOUT@VAL 7R,BREAKOUT@VAL val=4576.23 vah=4614.76 poc=4608.98 vwap=4586.55
2026-05-05T18:20:00+07:00,2026-05-05T18:30:00+07:00,SELL,4552.77,4555.9,4531.1,BE,-0.2,S419 SELL Orochi BREAKOUT@VAL 7R,BREAKOUT@VAL val=4576.23 vah=4614.76 poc=4608.98 vwap=4586.15
2026-05-05T18:35:00+07:00,2026-05-05T19:10:00+07:00,SELL,4550.88,4555.06,4521.94,BE,-0.2,S419 SELL Orochi BREAKOUT@VAL 7R,BREAKOUT@VAL val=4576.23 vah=4614.76 poc=4608.98 vwap=4585.49
2026-05-05T19:15:00+07:00,2026-05-05T19:25:00+07:00,SELL,4550.14,4557.14,4501.06,SL,-7.2,S419 SELL Orochi BREAKOUT@VAL 7R,BREAKOUT@VAL val=4572.38 vah=4614.76 poc=4608.98 vwap=4584.24
2026-05-05T19:30:00+07:00,2026-05-05T19:35:00+07:00,SELL,4557.01,4560.06,4535.98,SL,-3.25,S419 SELL Orochi BREAKOUT@VAL 7R,BREAKOUT@VAL val=4572.38 vah=4614.76 poc=4608.98 vwap=4583.72
2026-05-05T19:40:00+07:00,2026-05-05T20:05:00+07:00,SELL,4563.37,4565.93,4545.61,BE,-0.2,S419 SELL Orochi BREAKOUT@VAL 7R,BREAKOUT@VAL val=4572.38 vah=4614.76 poc=4608.98 vwap=4583.46
2026-05-05T20:15:00+07:00,2026-05-05T20:50:00+07:00,BUY,4561.96,4556.6,4599.56,BE,-0.2,S419 BUY Orochi BREAKOUT@VAH 7R,BREAKOUT@VAH val=4511.12 vah=4555.74 poc=4519.70 vwap=4540.82
2026-05-05T20:55:00+07:00,2026-05-06T00:05:00+07:00,BUY,4564.6,4560.4,4594.16,BE,-0.2,S419 BUY Orochi BREAKOUT@VAH 7R,BREAKOUT@VAH val=4511.12 vah=4555.74 poc=4519.70 vwap=4540.82
2026-05-06T00:10:00+07:00,2026-05-06T00:25:00+07:00,BUY,4566.28,4561.32,4600.92,SL,-5.16,S419 BUY Orochi BREAKOUT@VAH 7R,BREAKOUT@VAH val=4511.12 vah=4555.74 poc=4519.70 vwap=4540.82
2026-05-06T00:30:00+07:00,2026-05-06T00:40:00+07:00,BUY,4557.86,4552.74,4593.3,BE,-0.2,S419 BUY Orochi BREAKOUT@VAH 7R,BREAKOUT@VAH val=4511.12 vah=4555.74 poc=4519.70 vwap=4540.82
2026-05-06T00:45:00+07:00,2026-05-06T01:05:00+07:00,BUY,4557.45,4554.71,4576.47,BE,-0.2,S419 BUY Orochi BREAKOUT@VAH 7R,BREAKOUT@VAH val=4511.12 vah=4555.74 poc=4519.70 vwap=4540.82
2026-05-06T01:20:00+07:00,2026-05-06T01:30:00+07:00,BUY,4559.17,4555.15,4587.55,BE,-0.2,S419 BUY Orochi BREAKOUT@VAH 7R,BREAKOUT@VAH val=4511.12 vah=4555.74 poc=4519.70 vwap=4540.82
2026-05-06T01:35:00+07:00,2026-05-06T01:45:00+07:00,BUY,4560.9,4555.16,4601.0,BE,-0.2,S419 BUY Orochi BREAKOUT@VAH 7R,BREAKOUT@VAH val=4511.12 vah=4555.74 poc=4519.70 vwap=4540.82
2026-05-06T01:50:00+07:00,2026-05-06T02:35:00+07:00,BUY,4558.65,4557.42,4566.94,BE,-0.2,S419 BUY Orochi BREAKOUT@VAH 7R,BREAKOUT@VAH val=4511.12 vah=4555.74 poc=4519.70 vwap=4540.82
2026-05-06T02:40:00+07:00,2026-05-06T02:50:00+07:00,BUY,4561.66,4556.95,4594.55,BE,-0.2,S419 BUY Orochi BREAKOUT@VAH 7R,BREAKOUT@VAH val=4511.12 vah=4555.74 poc=4519.70 vwap=4540.82
2026-05-06T02:55:00+07:00,2026-05-06T03:00:00+07:00,BUY,4561.04,4558.9,4576.18,SL,-2.34,S419 BUY Orochi BREAKOUT@VAH 7R,BREAKOUT@VAH val=4511.12 vah=4555.74 poc=4519.70 vwap=4540.82
2026-05-06T03:05:00+07:00,2026-05-06T03:10:00+07:00,BUY,4557.8,4556.92,4564.12,SL,-1.08,S419 BUY Orochi BREAKOUT@VAH 7R,BREAKOUT@VAH val=4511.12 vah=4555.74 poc=4519.70 vwap=4540.82
2026-05-06T03:15:00+07:00,2026-05-06T03:25:00+07:00,BUY,4558.23,4554.23,4586.15,BE,-0.2,S419 BUY Orochi BREAKOUT@VAH 7R,BREAKOUT@VAH val=4511.12 vah=4555.74 poc=4519.70 vwap=4540.82
2026-05-06T03:30:00+07:00,2026-05-06T03:40:00+07:00,BUY,4556.48,4554.87,4567.59,BE,-0.2,S419 BUY Orochi BREAKOUT@VAH 7R,BREAKOUT@VAH val=4511.12 vah=4555.74 poc=4519.70 vwap=4540.82
2026-05-06T04:10:00+07:00,2026-05-06T04:20:00+07:00,BUY,4556.74,4553.71,4579.95,BE,-0.2,S419 BUY Orochi BREAKOUT@VAH 7R,BREAKOUT@VAH val=4511.12 vah=4555.74 poc=4519.70 vwap=4540.82
2026-05-06T04:30:00+07:00,2026-05-06T04:40:00+07:00,BUY,4557.8,4555.67,4573.03,SL,-2.33,S419 BUY Orochi BREAKOUT@VAH 7R,BREAKOUT@VAH val=4511.12 vah=4555.74 poc=4519.70 vwap=4540.82
2026-05-06T07:15:00+07:00,2026-05-06T07:25:00+07:00,BUY,4585.8,4576.2,4652.6,BE,-0.2,S419 BUY Orochi BREAKOUT@VAH 7R,BREAKOUT@VAH val=4511.12 vah=4555.74 poc=4519.70 vwap=4540.82
2026-05-06T07:30:00+07:00,2026-05-06T10:05:00+07:00,BUY,4584.34,4577.87,4629.47,TP,44.93,S419 BUY Orochi BREAKOUT@VAH 7R,BREAKOUT@VAH val=4511.12 vah=4555.74 poc=4519.70 vwap=4540.56
2026-05-06T10:10:00+07:00,2026-05-06T10:20:00+07:00,BUY,4633.43,4626.21,4684.37,BE,-0.2,S419 BUY Orochi BREAKOUT@VAH 7R,BREAKOUT@VAH val=4509.78 vah=4548.59 poc=4520.23 vwap=4534.39
2026-05-06T10:25:00+07:00,2026-05-06T10:30:00+07:00,BUY,4630.4,4628.56,4640.8,SL,-2.04,S419 BUY Orochi BREAKOUT@VAH 7R,BREAKOUT@VAH val=4511.51 vah=4548.90 poc=4520.86 vwap=4533.64
2026-05-06T10:35:00+07:00,2026-05-06T14:30:00+07:00,BUY,4630.66,4625.71,4667.63,TP,36.77,S419 BUY Orochi BREAKOUT@VAH 7R,BREAKOUT@VAH val=4511.51 vah=4546.23 poc=4520.86 vwap=4533.38
2026-05-06T14:35:00+07:00,2026-05-06T14:40:00+07:00,BUY,4666.25,4660.88,4702.88,SL,-5.57,S419 BUY Orochi BREAKOUT@VAH 7R,BREAKOUT@VAH val=4531.73 vah=4558.28 poc=4552.75 vwap=4540.33
2026-05-06T14:45:00+07:00,2026-05-06T15:10:00+07:00,BUY,4664.95,4658.67,4709.07,BE,-0.2,S419 BUY Orochi BREAKOUT@VAH 7R,BREAKOUT@VAH val=4531.73 vah=4558.28 poc=4552.75 vwap=4540.65
2026-05-06T15:15:00+07:00,2026-05-06T16:50:00+07:00,BUY,4660.82,4656.11,4693.39,TP,32.37,S419 BUY Orochi BREAKOUT@VAH 7R,BREAKOUT@VAH val=4533.94 vah=4558.28 poc=4552.75 vwap=4541.60
2026-05-06T17:00:00+07:00,2026-05-06T17:05:00+07:00,BUY,4692.32,4690.64,4704.88,SL,-1.88,S419 BUY Orochi BREAKOUT@VAH 7R,BREAKOUT@VAH val=4534.96 vah=4558.50 poc=4553.15 vwap=4543.15
2026-05-06T17:10:00+07:00,2026-05-06T17:20:00+07:00,BUY,4695.73,4687.43,4753.59,BE,-0.2,S419 BUY Orochi BREAKOUT@VAH 7R,BREAKOUT@VAH val=4534.96 vah=4556.36 poc=4553.15 vwap=4543.30
2026-05-06T17:25:00+07:00,2026-05-06T17:40:00+07:00,BUY,4700.09,4689.58,4774.14,BE,-0.2,S419 BUY Orochi BREAKOUT@VAH 7R,BREAKOUT@VAH val=4534.96 vah=4556.36 poc=4553.15 vwap=4543.52
2026-05-06T17:45:00+07:00,2026-05-06T18:00:00+07:00,BUY,4701.32,4692.11,4765.87,BE,-0.2,S419 BUY Orochi BREAKOUT@VAH 7R,BREAKOUT@VAH val=4534.96 vah=4556.36 poc=4553.15 vwap=4543.74
2026-05-06T18:05:00+07:00,2026-05-06T18:15:00+07:00,BUY,4696.45,4694.02,4713.54,BE,-0.2,S419 BUY Orochi BREAKOUT@VAH 7R,BREAKOUT@VAH val=4534.96 vah=4556.36 poc=4553.15 vwap=4544.01
2026-05-06T18:20:00+07:00,2026-05-06T19:40:00+07:00,BUY,4701.42,4693.84,4754.56,BE,-0.2,S419 BUY Orochi BREAKOUT@VAH 7R,BREAKOUT@VAH val=4534.96 vah=4556.36 poc=4553.15 vwap=4544.46
2026-05-06T19:45:00+07:00,2026-05-06T19:55:00+07:00,BUY,4697.77,4695.15,4715.39,BE,-0.2,S419 BUY Orochi BREAKOUT@VAH 7R,BREAKOUT@VAH val=4538.78 vah=4557.23 poc=4553.39 vwap=4546.93
2026-05-06T20:00:00+07:00,2026-05-06T20:10:00+07:00,BUY,4685.55,4679.5,4727.74,BE,-0.2,S419 BUY Orochi BREAKOUT@VAH 7R,BREAKOUT@VAH val=4546.28 vah=4664.11 poc=4557.33 vwap=4620.35
2026-05-06T20:15:00+07:00,2026-05-06T21:05:00+07:00,BUY,4670.65,4658.52,4755.88,BE,-0.2,S419 BUY Orochi BREAKOUT@VAH 7R,BREAKOUT@VAH val=4546.28 vah=4664.11 poc=4557.33 vwap=4620.35
2026-05-06T21:15:00+07:00,2026-05-06T21:25:00+07:00,BUY,4682.96,4669.89,4774.05,BE,-0.2,S419 BUY Orochi BREAKOUT@VAH 7R,BREAKOUT@VAH val=4546.28 vah=4664.11 poc=4557.33 vwap=4620.35
2026-05-06T21:40:00+07:00,2026-05-06T21:50:00+07:00,BUY,4695.34,4691.13,4724.57,BE,-0.2,S419 BUY Orochi BREAKOUT@VAH 7R,BREAKOUT@VAH val=4546.28 vah=4664.11 poc=4557.33 vwap=4620.35
2026-05-06T21:55:00+07:00,2026-05-06T22:05:00+07:00,BUY,4702.09,4691.51,4777.11,BE,-0.2,S419 BUY Orochi BREAKOUT@VAH 7R,BREAKOUT@VAH val=4546.28 vah=4664.11 poc=4557.33 vwap=4620.35
2026-05-06T22:10:00+07:00,2026-05-06T22:20:00+07:00,BUY,4711.02,4695.47,4819.79,BE,-0.2,S419 BUY Orochi BREAKOUT@VAH 7R,BREAKOUT@VAH val=4546.28 vah=4664.11 poc=4557.33 vwap=4620.35
2026-05-06T22:25:00+07:00,2026-05-06T22:35:00+07:00,BUY,4705.74,4702.75,4726.19,BE,-0.2,S419 BUY Orochi BREAKOUT@VAH 7R,BREAKOUT@VAH val=4546.28 vah=4664.11 poc=4557.33 vwap=4620.35
2026-05-06T22:40:00+07:00,2026-05-06T22:50:00+07:00,BUY,4713.33,4702.95,4786.23,SL,-10.58,S419 BUY Orochi BREAKOUT@VAH 7R,BREAKOUT@VAH val=4546.28 vah=4664.11 poc=4557.33 vwap=4620.35
2026-05-06T22:55:00+07:00,2026-05-06T23:05:00+07:00,BUY,4702.99,4698.87,4732.39,BE,-0.2,S419 BUY Orochi BREAKOUT@VAH 7R,BREAKOUT@VAH val=4546.28 vah=4664.11 poc=4557.33 vwap=4620.35
2026-05-06T23:10:00+07:00,2026-05-06T23:25:00+07:00,BUY,4696.65,4691.64,4730.84,BE,-0.2,S419 BUY Orochi BREAKOUT@VAH 7R,BREAKOUT@VAH val=4546.28 vah=4664.11 poc=4557.33 vwap=4620.35
2026-05-06T23:30:00+07:00,2026-05-06T23:35:00+07:00,BUY,4694.52,4691.77,4714.01,SL,-2.95,S419 BUY Orochi BREAKOUT@VAH 7R,BREAKOUT@VAH val=4546.28 vah=4664.11 poc=4557.33 vwap=4620.35
2026-05-06T23:40:00+07:00,2026-05-06T23:50:00+07:00,BUY,4692.87,4687.86,4728.26,BE,-0.2,S419 BUY Orochi BREAKOUT@VAH 7R,BREAKOUT@VAH val=4546.28 vah=4664.11 poc=4557.33 vwap=4620.35
2026-05-06T23:55:00+07:00,2026-05-07T00:00:00+07:00,BUY,4687.81,4686.47,4697.59,SL,-1.54,S419 BUY Orochi BREAKOUT@VAH 7R,BREAKOUT@VAH val=4546.28 vah=4664.11 poc=4557.33 vwap=4620.35
2026-05-07T00:05:00+07:00,2026-05-07T00:15:00+07:00,BUY,4683.4,4679.99,4706.31,BE,-0.2,S419 BUY Orochi BREAKOUT@VAH 7R,BREAKOUT@VAH val=4546.28 vah=4664.11 poc=4557.33 vwap=4620.35
2026-05-07T00:20:00+07:00,2026-05-07T00:55:00+07:00,BUY,4683.36,4681.49,4696.53,BE,-0.2,S419 BUY Orochi BREAKOUT@VAH 7R,BREAKOUT@VAH val=4546.28 vah=4664.11 poc=4557.33 vwap=4620.35
2026-05-07T01:00:00+07:00,2026-05-07T01:10:00+07:00,BUY,4685.92,4678.52,4736.84,BE,-0.2,S419 BUY Orochi BREAKOUT@VAH 7R,BREAKOUT@VAH val=4546.28 vah=4664.11 poc=4557.33 vwap=4620.35
2026-05-07T01:15:00+07:00,2026-05-07T01:25:00+07:00,BUY,4681.54,4680.33,4689.85,BE,-0.2,S419 BUY Orochi BREAKOUT@VAH 7R,BREAKOUT@VAH val=4546.28 vah=4664.11 poc=4557.33 vwap=4620.35
2026-05-07T01:30:00+07:00,2026-05-07T01:40:00+07:00,BUY,4682.83,4679.12,4708.48,SL,-3.91,S419 BUY Orochi BREAKOUT@VAH 7R,BREAKOUT@VAH val=4546.28 vah=4664.11 poc=4557.33 vwap=4620.35
2026-05-07T01:45:00+07:00,2026-05-07T09:10:00+07:00,BUY,4680.96,4678.05,4701.49,TP,20.33,S419 BUY Orochi BREAKOUT@VAH 7R,BREAKOUT@VAH val=4546.28 vah=4664.11 poc=4557.33 vwap=4620.35
2026-05-07T09:20:00+07:00,2026-05-07T09:25:00+07:00,BUY,4710.07,4706.34,4736.66,SL,-3.93,S419 BUY Orochi BREAKOUT@VAH 7R,BREAKOUT@VAH val=4546.28 vah=4671.47 poc=4557.33 vwap=4626.82
2026-05-07T09:30:00+07:00,2026-05-07T10:10:00+07:00,BUY,4705.37,4700.84,4737.0,BE,-0.2,S419 BUY Orochi BREAKOUT@VAH 7R,BREAKOUT@VAH val=4546.28 vah=4671.47 poc=4557.33 vwap=4627.50
2026-05-07T10:15:00+07:00,2026-05-07T10:25:00+07:00,BUY,4706.17,4701.23,4740.83,BE,-0.2,S419 BUY Orochi BREAKOUT@VAH 7R,BREAKOUT@VAH val=4546.28 vah=4671.47 poc=4557.33 vwap=4630.81
2026-05-07T10:30:00+07:00,2026-05-07T11:55:00+07:00,BUY,4701.17,4698.5,4719.3,BE,-0.2,S419 BUY Orochi BREAKOUT@VAH 7R,BREAKOUT@VAH val=4546.28 vah=4671.47 poc=4557.33 vwap=4631.74
2026-05-07T12:00:00+07:00,2026-05-07T12:10:00+07:00,BUY,4698.48,4696.36,4713.24,BE,-0.2,S419 BUY Orochi BREAKOUT@VAH 7R,BREAKOUT@VAH val=4546.28 vah=4678.84 poc=4557.33 vwap=4638.41
2026-05-07T12:15:00+07:00,2026-05-07T12:25:00+07:00,BUY,4695.82,4694.33,4706.33,BE,-0.2,S419 BUY Orochi BREAKOUT@VAH 7R,BREAKOUT@VAH val=4546.28 vah=4678.84 poc=4557.33 vwap=4639.55
2026-05-07T12:30:00+07:00,2026-05-07T12:35:00+07:00,BUY,4693.79,4692.77,4701.01,SL,-1.22,S419 BUY Orochi BREAKOUT@VAH 7R,BREAKOUT@VAH val=4546.28 vah=4678.84 poc=4557.33 vwap=4640.93
2026-05-07T12:45:00+07:00,2026-05-07T12:55:00+07:00,BUY,4695.43,4693.77,4707.29,BE,-0.2,S419 BUY Orochi BREAKOUT@VAH 7R,BREAKOUT@VAH val=4546.28 vah=4678.84 poc=4557.33 vwap=4642.36
2026-05-07T13:05:00+07:00,2026-05-07T13:15:00+07:00,BUY,4699.2,4695.44,4725.28,BE,-0.2,S419 BUY Orochi BREAKOUT@VAH 7R,BREAKOUT@VAH val=4546.28 vah=4678.84 poc=4557.33 vwap=4644.05
2026-05-07T13:20:00+07:00,2026-05-07T13:30:00+07:00,BUY,4695.33,4693.95,4705.39,BE,-0.2,S419 BUY Orochi BREAKOUT@VAH 7R,BREAKOUT@VAH val=4546.28 vah=4678.84 poc=4557.33 vwap=4645.17
2026-05-07T14:45:00+07:00,2026-05-07T14:50:00+07:00,BUY,4737.96,4736.42,4748.66,SL,-1.74,S419 BUY Orochi BREAKOUT@VAH 7R,BREAKOUT@VAH val=4627.29 vah=4723.02 poc=4697.25 vwap=4651.40
2026-05-07T14:55:00+07:00,2026-05-07T15:00:00+07:00,BUY,4739.14,4734.18,4772.98,SL,-5.16,S419 BUY Orochi BREAKOUT@VAH 7R,BREAKOUT@VAH val=4627.29 vah=4723.02 poc=4697.25 vwap=4651.94
2026-05-07T15:15:00+07:00,2026-05-07T15:20:00+07:00,BUY,4743.5,4740.19,4766.75,SL,-3.51,S419 BUY Orochi BREAKOUT@VAH 7R,BREAKOUT@VAH val=4627.29 vah=4723.02 poc=4697.25 vwap=4653.71
2026-05-07T15:25:00+07:00,2026-05-07T15:35:00+07:00,BUY,4739.49,4735.92,4764.32,BE,-0.2,S419 BUY Orochi BREAKOUT@VAH 7R,BREAKOUT@VAH val=4627.29 vah=4723.02 poc=4697.25 vwap=4654.18
2026-05-07T15:40:00+07:00,2026-05-07T15:45:00+07:00,BUY,4742.92,4737.31,4782.03,SL,-5.81,S419 BUY Orochi BREAKOUT@VAH 7R,BREAKOUT@VAH val=4627.29 vah=4723.02 poc=4697.25 vwap=4654.81
2026-05-07T15:50:00+07:00,2026-05-07T16:15:00+07:00,BUY,4740.86,4735.48,4779.16,BE,-0.2,S419 BUY Orochi BREAKOUT@VAH 7R,BREAKOUT@VAH val=4627.29 vah=4723.02 poc=4697.25 vwap=4655.38
2026-05-07T16:20:00+07:00,2026-05-07T16:30:00+07:00,BUY,4739.83,4734.0,4780.4,BE,-0.2,S419 BUY Orochi BREAKOUT@VAH 7R,BREAKOUT@VAH val=4634.65 vah=4723.02 poc=4697.25 vwap=4656.45
2026-05-07T16:35:00+07:00,2026-05-07T16:45:00+07:00,BUY,4736.55,4732.53,4764.77,BE,-0.2,S419 BUY Orochi BREAKOUT@VAH 7R,BREAKOUT@VAH val=4634.65 vah=4723.02 poc=4697.25 vwap=4657.19
2026-05-07T16:50:00+07:00,2026-05-07T16:55:00+07:00,BUY,4734.19,4730.98,4756.98,SL,-3.41,S419 BUY Orochi BREAKOUT@VAH 7R,BREAKOUT@VAH val=4635.09 vah=4723.02 poc=4646.08 vwap=4657.88
2026-05-07T17:00:00+07:00,2026-05-07T17:55:00+07:00,BUY,4726.41,4720.43,4768.19,BE,-0.2,S419 BUY Orochi BREAKOUT@VAH 7R,BREAKOUT@VAH val=4635.09 vah=4723.02 poc=4646.08 vwap=4658.33
2026-05-07T18:00:00+07:00,2026-05-07T18:20:00+07:00,BUY,4729.63,4724.65,4764.65,BE,-0.2,S419 BUY Orochi BREAKOUT@VAH 7R,BREAKOUT@VAH val=4642.29 vah=4723.02 poc=4702.84 vwap=4663.36
2026-05-07T18:25:00+07:00,2026-05-07T19:05:00+07:00,BUY,4732.5,4727.45,4767.77,BE,-0.2,S419 BUY Orochi BREAKOUT@VAH 7R,BREAKOUT@VAH val=4644.40 vah=4723.02 poc=4697.75 vwap=4665.43
2026-05-07T19:10:00+07:00,2026-05-07T19:20:00+07:00,BUY,4730.24,4727.25,4751.49,BE,-0.2,S419 BUY Orochi BREAKOUT@VAH 7R,BREAKOUT@VAH val=4609.57 vah=4699.38 poc=4649.75 vwap=4669.55
2026-05-07T19:25:00+07:00,2026-05-07T21:10:00+07:00,BUY,4732.77,4727.76,4767.52,BE,-0.2,S419 BUY Orochi BREAKOUT@VAH 7R,BREAKOUT@VAH val=4609.57 vah=4699.38 poc=4649.75 vwap=4671.30
2026-05-07T21:15:00+07:00,2026-05-07T21:45:00+07:00,BUY,4740.34,4729.56,4815.48,BE,-0.2,S419 BUY Orochi BREAKOUT@VAH 7R,BREAKOUT@VAH val=4676.02 vah=4718.63 poc=4697.32 vwap=4706.56
2026-05-07T21:50:00+07:00,2026-05-07T22:00:00+07:00,BUY,4744.13,4735.6,4804.4,BE,-0.2,S419 BUY Orochi BREAKOUT@VAH 7R,BREAKOUT@VAH val=4676.02 vah=4718.63 poc=4697.32 vwap=4706.56
2026-05-07T22:05:00+07:00,2026-05-07T22:15:00+07:00,BUY,4748.21,4740.66,4796.9,BE,-0.2,S419 BUY Orochi BREAKOUT@VAH 7R,BREAKOUT@VAH val=4676.02 vah=4718.63 poc=4697.32 vwap=4706.56
2026-05-07T22:25:00+07:00,2026-05-07T22:30:00+07:00,BUY,4756.73,4748.47,4814.31,SL,-8.46,S419 BUY Orochi BREAKOUT@VAH 7R,BREAKOUT@VAH val=4676.02 vah=4718.63 poc=4697.32 vwap=4706.56
2026-05-07T22:35:00+07:00,2026-05-07T22:45:00+07:00,BUY,4753.82,4745.78,4810.74,BE,-0.2,S419 BUY Orochi BREAKOUT@VAH 7R,BREAKOUT@VAH val=4676.02 vah=4718.63 poc=4697.32 vwap=4706.56
2026-05-07T22:50:00+07:00,2026-05-07T23:00:00+07:00,BUY,4760.98,4749.31,4843.95,BE,-0.2,S419 BUY Orochi BREAKOUT@VAH 7R,BREAKOUT@VAH val=4676.02 vah=4718.63 poc=4697.32 vwap=4706.56
2026-05-07T23:05:00+07:00,2026-05-07T23:15:00+07:00,BUY,4758.81,4754.34,4790.02,BE,-0.2,S419 BUY Orochi BREAKOUT@VAH 7R,BREAKOUT@VAH val=4676.02 vah=4718.63 poc=4697.32 vwap=4706.56
2026-05-07T23:20:00+07:00,2026-05-07T23:25:00+07:00,BUY,4747.17,4744.08,4769.12,SL,-3.29,S419 BUY Orochi BREAKOUT@VAH 7R,BREAKOUT@VAH val=4676.02 vah=4718.63 poc=4697.32 vwap=4706.56
2026-05-07T23:30:00+07:00,2026-05-07T23:40:00+07:00,BUY,4744.63,4734.79,4813.19,BE,-0.2,S419 BUY Orochi BREAKOUT@VAH 7R,BREAKOUT@VAH val=4676.02 vah=4718.63 poc=4697.32 vwap=4706.56
2026-05-07T23:45:00+07:00,2026-05-07T23:50:00+07:00,BUY,4735.05,4732.54,4752.78,SL,-2.71,S419 BUY Orochi BREAKOUT@VAH 7R,BREAKOUT@VAH val=4676.02 vah=4718.63 poc=4697.32 vwap=4706.56
2026-05-07T23:55:00+07:00,2026-05-08T00:00:00+07:00,BUY,4729.28,4724.84,4760.04,SL,-4.64,S419 BUY Orochi BREAKOUT@VAH 7R,BREAKOUT@VAH val=4676.02 vah=4718.63 poc=4697.32 vwap=4706.56
2026-05-08T00:30:00+07:00,2026-05-08T00:35:00+07:00,BUY,4719.54,4712.37,4769.33,SL,-7.37,S419 BUY Orochi BREAKOUT@VAH 7R,BREAKOUT@VAH val=4676.02 vah=4718.63 poc=4697.32 vwap=4706.56
2026-05-08T21:35:00+07:00,2026-05-08T21:45:00+07:00,BUY,4738.5,4724.75,4834.67,BE,-0.2,S419 BUY Orochi BREAKOUT@VAH 7R,BREAKOUT@VAH val=4695.77 vah=4730.26 poc=4711.29 vwap=4720.79
2026-05-08T21:50:00+07:00,2026-05-08T22:00:00+07:00,BUY,4740.73,4733.06,4794.18,BE,-0.2,S419 BUY Orochi BREAKOUT@VAH 7R,BREAKOUT@VAH val=4695.77 vah=4730.26 poc=4711.29 vwap=4720.79
2026-05-11T20:35:00+07:00,2026-05-11T20:45:00+07:00,BUY,4696.08,4687.66,4754.86,BE,-0.2,S419 BUY Orochi BREAKOUT@VAH 7R,BREAKOUT@VAH val=4662.36 vah=4691.10 poc=4675.53 vwap=4677.89
2026-05-11T21:20:00+07:00,2026-05-11T21:30:00+07:00,BUY,4731.39,4718.4,4822.08,BE,-0.2,S419 BUY Orochi BREAKOUT@VAH 7R,BREAKOUT@VAH val=4662.36 vah=4691.10 poc=4675.53 vwap=4677.89
2026-05-11T21:35:00+07:00,2026-05-11T21:50:00+07:00,BUY,4735.25,4726.09,4799.29,BE,-0.2,S419 BUY Orochi BREAKOUT@VAH 7R,BREAKOUT@VAH val=4662.36 vah=4691.10 poc=4675.53 vwap=4677.89
2026-05-11T21:55:00+07:00,2026-05-11T22:00:00+07:00,BUY,4736.07,4732.51,4761.23,SL,-3.76,S419 BUY Orochi BREAKOUT@VAH 7R,BREAKOUT@VAH val=4662.36 vah=4691.10 poc=4675.53 vwap=4677.89
2026-05-11T22:05:00+07:00,2026-05-11T22:30:00+07:00,BUY,4724.35,4716.24,4782.24,BE,-0.2,S419 BUY Orochi BREAKOUT@VAH 7R,BREAKOUT@VAH val=4662.36 vah=4691.10 poc=4675.53 vwap=4677.89
2026-05-11T22:35:00+07:00,2026-05-11T22:55:00+07:00,BUY,4726.87,4713.02,4824.86,BE,-0.2,S419 BUY Orochi BREAKOUT@VAH 7R,BREAKOUT@VAH val=4662.36 vah=4691.10 poc=4675.53 vwap=4677.89
2026-05-11T23:00:00+07:00,2026-05-11T23:45:00+07:00,BUY,4726.03,4720.8,4763.52,BE,-0.2,S419 BUY Orochi BREAKOUT@VAH 7R,BREAKOUT@VAH val=4662.36 vah=4691.10 poc=4675.53 vwap=4677.89
2026-05-11T23:50:00+07:00,2026-05-12T00:05:00+07:00,BUY,4731.95,4723.78,4788.74,BE,-0.2,S419 BUY Orochi BREAKOUT@VAH 7R,BREAKOUT@VAH val=4662.36 vah=4691.10 poc=4675.53 vwap=4677.89
2026-05-12T00:10:00+07:00,2026-05-12T00:15:00+07:00,BUY,4727.87,4726.0,4740.88,SL,-2.07,S419 BUY Orochi BREAKOUT@VAH 7R,BREAKOUT@VAH val=4662.36 vah=4691.10 poc=4675.53 vwap=4677.89
2026-05-12T00:20:00+07:00,2026-05-12T00:30:00+07:00,BUY,4724.51,4722.44,4739.16,BE,-0.2,S419 BUY Orochi BREAKOUT@VAH 7R,BREAKOUT@VAH val=4662.36 vah=4691.10 poc=4675.53 vwap=4677.89
2026-05-12T00:35:00+07:00,2026-05-12T00:40:00+07:00,BUY,4720.5,4716.71,4747.83,SL,-3.99,S419 BUY Orochi BREAKOUT@VAH 7R,BREAKOUT@VAH val=4662.36 vah=4691.10 poc=4675.53 vwap=4677.89
2026-05-12T00:50:00+07:00,2026-05-12T07:50:00+07:00,BUY,4715.36,4707.87,4768.83,TP,53.27,S419 BUY Orochi BREAKOUT@VAH 7R,BREAKOUT@VAH val=4662.36 vah=4691.10 poc=4675.53 vwap=4677.89
2026-05-12T08:00:00+07:00,2026-05-12T08:20:00+07:00,BUY,4764.94,4757.4,4816.6,BE,-0.2,S419 BUY Orochi BREAKOUT@VAH 7R,BREAKOUT@VAH val=4662.36 vah=4691.10 poc=4675.53 vwap=4677.89
2026-05-12T08:25:00+07:00,2026-05-12T08:35:00+07:00,BUY,4762.22,4751.85,4835.85,BE,-0.2,S419 BUY Orochi BREAKOUT@VAH 7R,BREAKOUT@VAH val=4662.36 vah=4691.10 poc=4675.53 vwap=4677.89
2026-05-12T08:40:00+07:00,2026-05-12T08:50:00+07:00,BUY,4758.3,4755.86,4773.3,BE,-0.2,S419 BUY Orochi BREAKOUT@VAH 7R,BREAKOUT@VAH val=4662.36 vah=4691.10 poc=4675.53 vwap=4677.89
2026-05-12T08:55:00+07:00,2026-05-12T09:00:00+07:00,BUY,4749.37,4747.2,4763.92,SL,-2.37,S419 BUY Orochi BREAKOUT@VAH 7R,BREAKOUT@VAH val=4662.36 vah=4691.10 poc=4675.53 vwap=4677.89
2026-05-12T09:05:00+07:00,2026-05-12T09:25:00+07:00,BUY,4752.44,4740.43,4835.55,SL,-12.21,S419 BUY Orochi BREAKOUT@VAH 7R,BREAKOUT@VAH val=4662.36 vah=4691.10 poc=4675.53 vwap=4677.89
2026-05-12T09:30:00+07:00,2026-05-12T09:35:00+07:00,BUY,4732.28,4729.12,4754.32,SL,-3.36,S419 BUY Orochi BREAKOUT@VAH 7R,BREAKOUT@VAH val=4662.36 vah=4691.10 poc=4675.53 vwap=4677.89
2026-05-12T09:40:00+07:00,2026-05-12T09:50:00+07:00,BUY,4729.43,4718.4,4806.72,BE,-0.2,S419 BUY Orochi BREAKOUT@VAH 7R,BREAKOUT@VAH val=4662.36 vah=4691.10 poc=4675.53 vwap=4677.89
2026-05-12T09:55:00+07:00,2026-05-12T10:05:00+07:00,BUY,4727.14,4721.93,4763.69,BE,-0.2,S419 BUY Orochi BREAKOUT@VAH 7R,BREAKOUT@VAH val=4662.36 vah=4691.10 poc=4675.53 vwap=4677.89
2026-05-12T10:10:00+07:00,2026-05-12T10:30:00+07:00,BUY,4731.6,4723.53,4787.37,SL,-8.27,S419 BUY Orochi BREAKOUT@VAH 7R,BREAKOUT@VAH val=4662.36 vah=4691.10 poc=4675.53 vwap=4677.89
2026-05-12T10:35:00+07:00,2026-05-12T11:15:00+07:00,BUY,4726.71,4720.63,4770.07,BE,-0.2,S419 BUY Orochi BREAKOUT@VAH 7R,BREAKOUT@VAH val=4662.36 vah=4691.10 poc=4675.53 vwap=4677.89
2026-05-12T11:20:00+07:00,2026-05-12T11:45:00+07:00,BUY,4723.78,4722.37,4734.29,BE,-0.2,S419 BUY Orochi BREAKOUT@VAH 7R,BREAKOUT@VAH val=4662.36 vah=4691.10 poc=4675.53 vwap=4677.89
2026-05-12T11:50:00+07:00,2026-05-12T12:15:00+07:00,BUY,4719.7,4718.04,4730.12,TP,10.22,S419 BUY Orochi BREAKOUT@VAH 7R,BREAKOUT@VAH val=4662.36 vah=4691.10 poc=4675.53 vwap=4677.89
2026-05-12T12:20:00+07:00,2026-05-12T12:40:00+07:00,BUY,4725.18,4720.89,4755.37,BE,-0.2,S419 BUY Orochi BREAKOUT@VAH 7R,BREAKOUT@VAH val=4662.36 vah=4691.10 poc=4675.53 vwap=4677.89
2026-05-12T12:45:00+07:00,2026-05-12T12:50:00+07:00,BUY,4719.95,4717.6,4736.16,SL,-2.55,S419 BUY Orochi BREAKOUT@VAH 7R,BREAKOUT@VAH val=4662.36 vah=4691.10 poc=4675.53 vwap=4677.89
2026-05-12T12:55:00+07:00,2026-05-12T13:05:00+07:00,BUY,4714.09,4710.12,4742.84,BE,-0.2,S419 BUY Orochi BREAKOUT@VAH 7R,BREAKOUT@VAH val=4662.36 vah=4691.10 poc=4675.53 vwap=4677.89
2026-05-12T13:10:00+07:00,2026-05-12T13:50:00+07:00,BUY,4712.41,4707.5,4746.94,BE,-0.2,S419 BUY Orochi BREAKOUT@VAH 7R,BREAKOUT@VAH val=4662.36 vah=4691.10 poc=4675.53 vwap=4677.89
2026-05-12T13:55:00+07:00,2026-05-12T14:00:00+07:00,BUY,4714.34,4708.93,4752.29,SL,-5.61,S419 BUY Orochi BREAKOUT@VAH 7R,BREAKOUT@VAH val=4662.36 vah=4691.10 poc=4675.53 vwap=4677.89
2026-05-12T14:05:00+07:00,2026-05-12T14:15:00+07:00,BUY,4704.89,4701.49,4727.41,BE,-0.2,S419 BUY Orochi BREAKOUT@VAH 7R,BREAKOUT@VAH val=4662.36 vah=4691.10 poc=4675.53 vwap=4677.89
2026-05-12T14:20:00+07:00,2026-05-12T14:25:00+07:00,BUY,4698.63,4696.26,4713.3,SL,-2.57,S419 BUY Orochi BREAKOUT@VAH 7R,BREAKOUT@VAH val=4662.36 vah=4691.10 poc=4675.53 vwap=4677.89
2026-05-12T14:30:00+07:00,2026-05-12T14:40:00+07:00,BUY,4702.95,4693.88,4766.6,BE,-0.2,S419 BUY Orochi BREAKOUT@VAH 7R,BREAKOUT@VAH val=4662.36 vah=4691.10 poc=4675.53 vwap=4677.89
2026-05-12T14:45:00+07:00,2026-05-12T14:55:00+07:00,BUY,4696.97,4694.61,4711.33,BE,-0.2,S419 BUY Orochi BREAKOUT@VAH 7R,BREAKOUT@VAH val=4662.36 vah=4691.10 poc=4675.53 vwap=4677.89
2026-05-12T15:10:00+07:00,2026-05-12T15:30:00+07:00,BUY,4695.93,4685.48,4769.32,BE,-0.2,S419 BUY Orochi BREAKOUT@VAH 7R,BREAKOUT@VAH val=4662.36 vah=4691.10 poc=4675.53 vwap=4677.89
2026-05-12T15:35:00+07:00,2026-05-12T15:45:00+07:00,BUY,4700.29,4694.16,4743.28,BE,-0.2,S419 BUY Orochi BREAKOUT@VAH 7R,BREAKOUT@VAH val=4662.36 vah=4691.10 poc=4675.53 vwap=4677.89
2026-05-12T15:50:00+07:00,2026-05-12T16:00:00+07:00,BUY,4701.53,4696.42,4737.54,BE,-0.2,S419 BUY Orochi BREAKOUT@VAH 7R,BREAKOUT@VAH val=4662.36 vah=4691.10 poc=4675.53 vwap=4677.89
2026-05-12T16:05:00+07:00,2026-05-12T16:15:00+07:00,BUY,4703.29,4698.65,4735.93,SL,-4.84,S419 BUY Orochi BREAKOUT@VAH 7R,BREAKOUT@VAH val=4662.36 vah=4691.10 poc=4675.53 vwap=4677.89
2026-05-12T16:20:00+07:00,2026-05-12T16:30:00+07:00,BUY,4701.84,4696.17,4742.09,BE,-0.2,S419 BUY Orochi BREAKOUT@VAH 7R,BREAKOUT@VAH val=4662.36 vah=4691.10 poc=4675.53 vwap=4677.89
2026-05-12T16:35:00+07:00,2026-05-12T16:45:00+07:00,BUY,4700.48,4697.09,4724.29,BE,-0.2,S419 BUY Orochi BREAKOUT@VAH 7R,BREAKOUT@VAH val=4662.36 vah=4691.10 poc=4675.53 vwap=4677.73
2026-05-12T16:50:00+07:00,2026-05-12T17:00:00+07:00,BUY,4703.48,4697.87,4742.83,BE,-0.2,S419 BUY Orochi BREAKOUT@VAH 7R,BREAKOUT@VAH val=4662.36 vah=4691.10 poc=4675.53 vwap=4677.54
2026-05-12T17:05:00+07:00,2026-05-12T17:15:00+07:00,BUY,4699.36,4697.84,4710.4,BE,-0.2,S419 BUY Orochi BREAKOUT@VAH 7R,BREAKOUT@VAH val=4662.36 vah=4691.10 poc=4675.53 vwap=4677.40
2026-05-12T17:20:00+07:00,2026-05-12T17:30:00+07:00,BUY,4701.59,4696.99,4733.55,BE,-0.2,S419 BUY Orochi BREAKOUT@VAH 7R,BREAKOUT@VAH val=4662.36 vah=4691.10 poc=4675.53 vwap=4677.20
2026-05-12T17:35:00+07:00,2026-05-12T17:40:00+07:00,BUY,4701.96,4697.51,4733.03,SL,-4.65,S419 BUY Orochi BREAKOUT@VAH 7R,BREAKOUT@VAH val=4662.36 vah=4691.10 poc=4675.53 vwap=4677.01
2026-05-12T17:50:00+07:00,2026-05-12T18:30:00+07:00,BUY,4697.12,4693.14,4725.14,BE,-0.2,S419 BUY Orochi BREAKOUT@VAH 7R,BREAKOUT@VAH val=4662.36 vah=4688.70 poc=4675.53 vwap=4676.81
2026-05-12T18:35:00+07:00,2026-05-12T19:35:00+07:00,BUY,4686.6,4684.16,4703.6,TP,16.8,S419 BUY Orochi BREAKOUT@VAH 7R,BREAKOUT@VAH val=4659.97 vah=4686.31 poc=4675.53 vwap=4676.12
2026-05-12T19:40:00+07:00,2026-05-12T19:50:00+07:00,BUY,4704.3,4697.11,4754.79,BE,-0.2,S419 BUY Orochi BREAKOUT@VAH 7R,BREAKOUT@VAH val=4657.57 vah=4681.52 poc=4675.53 vwap=4674.22
2026-05-12T19:55:00+07:00,2026-05-12T20:05:00+07:00,BUY,4706.77,4703.06,4731.7,BE,-0.2,S419 BUY Orochi BREAKOUT@VAH 7R,BREAKOUT@VAH val=4658.88 vah=4680.67 poc=4673.05 vwap=4673.27
2026-05-12T20:30:00+07:00,2026-05-12T20:35:00+07:00,SELL,4693.01,4701.15,4635.79,SL,-8.34,S419 SELL Orochi BREAKOUT@VAL 7R,BREAKOUT@VAL val=4698.41 vah=4742.58 poc=4727.12 vwap=4719.99
2026-05-12T21:10:00+07:00,2026-05-12T21:20:00+07:00,SELL,4689.01,4699.34,4617.18,BE,-0.2,S419 SELL Orochi BREAKOUT@VAL 7R,BREAKOUT@VAL val=4698.41 vah=4742.58 poc=4727.12 vwap=4719.99
2026-05-12T21:25:00+07:00,2026-05-12T21:35:00+07:00,SELL,4690.71,4697.53,4644.09,BE,-0.2,S419 SELL Orochi BREAKOUT@VAL 7R,BREAKOUT@VAL val=4698.41 vah=4742.58 poc=4727.12 vwap=4719.99
2026-05-12T21:50:00+07:00,2026-05-12T22:00:00+07:00,SELL,4691.4,4703.59,4606.63,BE,-0.2,S419 SELL Orochi BREAKOUT@VAL 7R,BREAKOUT@VAL val=4698.41 vah=4742.58 poc=4727.12 vwap=4719.99
2026-05-12T22:05:00+07:00,2026-05-12T22:15:00+07:00,SELL,4691.36,4695.47,4662.99,BE,-0.2,S419 SELL Orochi BREAKOUT@VAL 7R,BREAKOUT@VAL val=4698.41 vah=4742.58 poc=4727.12 vwap=4719.99
2026-05-12T22:20:00+07:00,2026-05-12T22:35:00+07:00,SELL,4687.55,4696.47,4625.03,BE,-0.2,S419 SELL Orochi BREAKOUT@VAL 7R,BREAKOUT@VAL val=4698.41 vah=4742.58 poc=4727.12 vwap=4719.99
2026-05-12T22:40:00+07:00,2026-05-12T23:20:00+07:00,SELL,4685.84,4690.4,4654.0,TP,31.64,S419 SELL Orochi BREAKOUT@VAL 7R,BREAKOUT@VAL val=4698.41 vah=4742.58 poc=4727.12 vwap=4719.99
2026-05-12T23:25:00+07:00,2026-05-12T23:35:00+07:00,SELL,4656.02,4664.88,4594.24,BE,-0.2,S419 SELL Orochi BREAKOUT@VAL 7R,BREAKOUT@VAL val=4698.41 vah=4742.58 poc=4727.12 vwap=4719.99
2026-05-12T23:40:00+07:00,2026-05-12T23:50:00+07:00,SELL,4665.65,4670.46,4631.9,BE,-0.2,S419 SELL Orochi BREAKOUT@VAL 7R,BREAKOUT@VAL val=4698.41 vah=4742.58 poc=4727.12 vwap=4719.99
2026-05-12T23:55:00+07:00,2026-05-13T00:05:00+07:00,SELL,4666.15,4672.49,4621.53,BE,-0.2,S419 SELL Orochi BREAKOUT@VAL 7R,BREAKOUT@VAL val=4698.41 vah=4742.58 poc=4727.12 vwap=4719.99
2026-05-13T00:10:00+07:00,2026-05-13T00:20:00+07:00,SELL,4671.9,4675.32,4648.12,BE,-0.2,S419 SELL Orochi BREAKOUT@VAL 7R,BREAKOUT@VAL val=4698.41 vah=4742.58 poc=4727.12 vwap=4719.99
2026-05-13T00:25:00+07:00,2026-05-13T00:35:00+07:00,SELL,4668.34,4674.99,4621.47,BE,-0.2,S419 SELL Orochi BREAKOUT@VAL 7R,BREAKOUT@VAL val=4698.41 vah=4742.58 poc=4727.12 vwap=4719.99
2026-05-13T00:40:00+07:00,2026-05-13T00:50:00+07:00,SELL,4669.83,4672.98,4648.02,BE,-0.2,S419 SELL Orochi BREAKOUT@VAL 7R,BREAKOUT@VAL val=4698.41 vah=4742.58 poc=4727.12 vwap=4719.99
2026-05-13T00:55:00+07:00,2026-05-13T01:00:00+07:00,SELL,4671.26,4675.38,4641.78,SL,-4.32,S419 SELL Orochi BREAKOUT@VAL 7R,BREAKOUT@VAL val=4698.41 vah=4742.58 poc=4727.12 vwap=4719.99
2026-05-13T01:05:00+07:00,2026-05-13T01:15:00+07:00,SELL,4678.37,4680.77,4661.33,BE,-0.2,S419 SELL Orochi BREAKOUT@VAL 7R,BREAKOUT@VAL val=4698.41 vah=4742.58 poc=4727.12 vwap=4719.99
2026-05-13T01:20:00+07:00,2026-05-13T01:25:00+07:00,SELL,4680.39,4682.27,4667.39,SL,-2.08,S419 SELL Orochi BREAKOUT@VAL 7R,BREAKOUT@VAL val=4698.41 vah=4742.58 poc=4727.12 vwap=4719.99
2026-05-13T01:30:00+07:00,2026-05-13T01:40:00+07:00,SELL,4678.76,4683.35,4646.31,BE,-0.2,S419 SELL Orochi BREAKOUT@VAL 7R,BREAKOUT@VAL val=4698.41 vah=4742.58 poc=4727.12 vwap=4719.99
2026-05-13T01:45:00+07:00,2026-05-13T01:55:00+07:00,SELL,4678.54,4681.59,4657.27,BE,-0.2,S419 SELL Orochi BREAKOUT@VAL 7R,BREAKOUT@VAL val=4698.41 vah=4742.58 poc=4727.12 vwap=4719.99
2026-05-13T02:00:00+07:00,2026-05-13T02:10:00+07:00,SELL,4678.73,4684.49,4638.49,BE,-0.2,S419 SELL Orochi BREAKOUT@VAL 7R,BREAKOUT@VAL val=4698.41 vah=4742.58 poc=4727.12 vwap=4719.99
2026-05-13T02:15:00+07:00,2026-05-13T02:20:00+07:00,SELL,4682.36,4683.45,4674.81,SL,-1.29,S419 SELL Orochi BREAKOUT@VAL 7R,BREAKOUT@VAL val=4698.41 vah=4742.58 poc=4727.12 vwap=4719.99
2026-05-13T02:25:00+07:00,2026-05-13T02:30:00+07:00,SELL,4685.27,4688.48,4662.72,SL,-3.41,S419 SELL Orochi BREAKOUT@VAL 7R,BREAKOUT@VAL val=4698.41 vah=4742.58 poc=4727.12 vwap=4719.99
2026-05-13T02:35:00+07:00,2026-05-13T02:40:00+07:00,SELL,4691.33,4694.03,4673.95,SL,-2.9,S419 SELL Orochi BREAKOUT@VAL 7R,BREAKOUT@VAL val=4698.41 vah=4742.58 poc=4727.12 vwap=4719.99
2026-05-13T02:50:00+07:00,2026-05-13T03:00:00+07:00,SELL,4696.96,4699.09,4682.29,BE,-0.2,S419 SELL Orochi BREAKOUT@VAL 7R,BREAKOUT@VAL val=4698.41 vah=4742.58 poc=4727.12 vwap=4719.99
2026-05-13T10:35:00+07:00,2026-05-13T10:45:00+07:00,SELL,4694.89,4701.59,4648.63,BE,-0.2,S419 SELL Orochi BREAKOUT@VAL 7R,BREAKOUT@VAL val=4696.22 vah=4736.69 poc=4723.82 vwap=4720.61
2026-05-13T10:55:00+07:00,2026-05-13T11:05:00+07:00,SELL,4691.99,4698.41,4645.93,BE,-0.2,S419 SELL Orochi BREAKOUT@VAL 7R,BREAKOUT@VAL val=4696.22 vah=4736.69 poc=4723.82 vwap=4720.31
2026-05-13T11:10:00+07:00,2026-05-13T11:20:00+07:00,SELL,4692.36,4695.64,4669.48,BE,-0.2,S419 SELL Orochi BREAKOUT@VAL 7R,BREAKOUT@VAL val=4696.22 vah=4736.69 poc=4723.82 vwap=4720.15
2026-05-13T20:50:00+07:00,2026-05-13T21:00:00+07:00,SELL,4681.55,4686.84,4645.56,BE,-0.2,S419 SELL Orochi BREAKOUT@VAL 7R,BREAKOUT@VAL val=4682.57 vah=4715.73 poc=4699.15 vwap=4695.32
2026-05-13T21:40:00+07:00,2026-05-13T21:50:00+07:00,SELL,4678.76,4685.85,4629.37,BE,-0.2,S419 SELL Orochi BREAKOUT@VAL 7R,BREAKOUT@VAL val=4682.57 vah=4715.73 poc=4699.15 vwap=4695.32
2026-05-13T22:00:00+07:00,2026-05-13T22:10:00+07:00,SELL,4676.79,4685.12,4618.24,BE,-0.2,S419 SELL Orochi BREAKOUT@VAL 7R,BREAKOUT@VAL val=4682.57 vah=4715.73 poc=4699.15 vwap=4695.32
2026-05-13T22:15:00+07:00,2026-05-13T22:25:00+07:00,SELL,4674.07,4685.13,4596.89,SL,-11.26,S419 SELL Orochi BREAKOUT@VAL 7R,BREAKOUT@VAL val=4682.57 vah=4715.73 poc=4699.15 vwap=4695.32
2026-05-13T22:50:00+07:00,2026-05-13T23:00:00+07:00,SELL,4681.17,4686.76,4642.12,BE,-0.2,S419 SELL Orochi BREAKOUT@VAL 7R,BREAKOUT@VAL val=4682.57 vah=4715.73 poc=4699.15 vwap=4695.32
2026-05-14T10:50:00+07:00,2026-05-14T11:00:00+07:00,SELL,4687.27,4694.99,4632.91,BE,-0.2,S419 SELL Orochi BREAKOUT@VAL 7R,BREAKOUT@VAL val=4693.14 vah=4721.18 poc=4700.15 vwap=4698.37
2026-05-14T11:05:00+07:00,2026-05-14T11:15:00+07:00,SELL,4684.75,4691.58,4635.98,BE,-0.2,S419 SELL Orochi BREAKOUT@VAL 7R,BREAKOUT@VAL val=4690.33 vah=4718.98 poc=4702.05 vwap=4699.12
2026-05-14T11:20:00+07:00,2026-05-14T11:25:00+07:00,SELL,4688.47,4690.02,4677.54,SL,-1.75,S419 SELL Orochi BREAKOUT@VAL 7R,BREAKOUT@VAL val=4690.83 vah=4716.52 poc=4699.82 vwap=4699.73
2026-05-14T11:45:00+07:00,2026-05-14T11:55:00+07:00,SELL,4676.8,4682.8,4634.96,BE,-0.2,S419 SELL Orochi BREAKOUT@VAL 7R,BREAKOUT@VAL val=4690.83 vah=4716.52 poc=4699.82 vwap=4700.61
2026-05-14T12:00:00+07:00,2026-05-14T12:05:00+07:00,SELL,4672.82,4678.21,4635.65,SL,-5.59,S419 SELL Orochi BREAKOUT@VAL 7R,BREAKOUT@VAL val=4691.81 vah=4716.80 poc=4700.56 vwap=4701.18
2026-05-14T12:10:00+07:00,2026-05-14T12:20:00+07:00,SELL,4682.2,4683.9,4670.14,BE,-0.2,S419 SELL Orochi BREAKOUT@VAL 7R,BREAKOUT@VAL val=4693.44 vah=4717.26 poc=4701.78 vwap=4701.55
2026-05-14T14:10:00+07:00,2026-05-14T14:20:00+07:00,SELL,4687.91,4696.03,4630.83,BE,-0.2,S419 SELL Orochi BREAKOUT@VAL 7R,BREAKOUT@VAL val=4692.82 vah=4711.50 poc=4700.46 vwap=4704.59
2026-05-14T14:25:00+07:00,2026-05-14T14:30:00+07:00,SELL,4691.41,4694.25,4671.37,SL,-3.04,S419 SELL Orochi BREAKOUT@VAL 7R,BREAKOUT@VAL val=4692.82 vah=4711.50 poc=4700.46 vwap=4704.73
2026-05-14T18:45:00+07:00,2026-05-14T18:50:00+07:00,SELL,4692.85,4697.17,4662.53,SL,-4.52,S419 SELL Orochi BREAKOUT@VAL 7R,BREAKOUT@VAL val=4694.20 vah=4708.92 poc=4701.56 vwap=4701.78
2026-05-14T20:25:00+07:00,2026-05-14T20:40:00+07:00,BUY,4703.14,4700.31,4721.67,BE,-0.2,S419 BUY Orochi BREAKOUT@VAH 7R,BREAKOUT@VAH val=4685.19 vah=4701.96 poc=4694.62 vwap=4692.14
2026-05-14T20:50:00+07:00,2026-05-14T21:00:00+07:00,BUY,4703.46,4694.47,4765.51,BE,-0.2,S419 BUY Orochi BREAKOUT@VAH 7R,BREAKOUT@VAH val=4685.19 vah=4701.96 poc=4694.62 vwap=4692.14
2026-05-14T21:35:00+07:00,2026-05-14T21:45:00+07:00,SELL,4682.68,4691.26,4622.46,BE,-0.2,S419 SELL Orochi BREAKOUT@VAL 7R,BREAKOUT@VAL val=4685.19 vah=4701.96 poc=4694.62 vwap=4692.14
2026-05-14T21:55:00+07:00,2026-05-14T22:05:00+07:00,SELL,4679.6,4693.23,4583.79,BE,-0.2,S419 SELL Orochi BREAKOUT@VAL 7R,BREAKOUT@VAL val=4685.19 vah=4701.96 poc=4694.62 vwap=4692.14
2026-05-14T23:00:00+07:00,2026-05-15T00:10:00+07:00,SELL,4678.41,4690.21,4595.41,BE,-0.2,S419 SELL Orochi BREAKOUT@VAL 7R,BREAKOUT@VAL val=4685.19 vah=4701.96 poc=4694.62 vwap=4692.14
2026-05-15T00:15:00+07:00,2026-05-15T01:00:00+07:00,SELL,4680.0,4682.44,4662.76,BE,-0.2,S419 SELL Orochi BREAKOUT@VAL 7R,BREAKOUT@VAL val=4685.19 vah=4701.96 poc=4694.62 vwap=4692.14
2026-05-15T01:05:00+07:00,2026-05-15T01:15:00+07:00,SELL,4680.22,4683.53,4656.49,BE,-0.2,S419 SELL Orochi BREAKOUT@VAL 7R,BREAKOUT@VAL val=4685.19 vah=4701.96 poc=4694.62 vwap=4692.14
2026-05-15T01:20:00+07:00,2026-05-15T01:40:00+07:00,SELL,4680.9,4683.95,4660.27,BE,-0.2,S419 SELL Orochi BREAKOUT@VAL 7R,BREAKOUT@VAL val=4685.19 vah=4701.96 poc=4694.62 vwap=4692.14
2026-05-15T01:45:00+07:00,2026-05-15T02:00:00+07:00,SELL,4680.97,4682.66,4669.06,TP,11.71,S419 SELL Orochi BREAKOUT@VAL 7R,BREAKOUT@VAL val=4685.19 vah=4701.96 poc=4694.62 vwap=4692.14
2026-05-15T02:10:00+07:00,2026-05-15T02:15:00+07:00,SELL,4674.8,4675.69,4667.93,SL,-1.09,S419 SELL Orochi BREAKOUT@VAL 7R,BREAKOUT@VAL val=4685.19 vah=4701.96 poc=4694.62 vwap=4692.14
2026-05-15T02:20:00+07:00,2026-05-15T02:30:00+07:00,SELL,4674.89,4677.4,4657.08,BE,-0.2,S419 SELL Orochi BREAKOUT@VAL 7R,BREAKOUT@VAL val=4685.19 vah=4701.96 poc=4694.62 vwap=4692.14
2026-05-15T02:35:00+07:00,2026-05-15T02:55:00+07:00,SELL,4670.35,4675.74,4632.78,BE,-0.2,S419 SELL Orochi BREAKOUT@VAL 7R,BREAKOUT@VAL val=4685.19 vah=4701.96 poc=4694.62 vwap=4692.14
2026-05-15T03:00:00+07:00,2026-05-15T03:10:00+07:00,SELL,4668.87,4672.7,4641.98,BE,-0.2,S419 SELL Orochi BREAKOUT@VAL 7R,BREAKOUT@VAL val=4685.19 vah=4701.96 poc=4694.62 vwap=4692.14
2026-05-15T03:15:00+07:00,2026-05-15T03:25:00+07:00,SELL,4667.4,4669.96,4649.16,BE,-0.2,S419 SELL Orochi BREAKOUT@VAL 7R,BREAKOUT@VAL val=4685.19 vah=4701.96 poc=4694.62 vwap=4692.14
2026-05-15T03:45:00+07:00,2026-05-15T03:55:00+07:00,SELL,4656.88,4661.5,4627.02,BE,-0.2,S419 SELL Orochi BREAKOUT@VAL 7R,BREAKOUT@VAL val=4685.19 vah=4701.96 poc=4694.62 vwap=4692.14
2026-05-15T04:05:00+07:00,2026-05-15T04:40:00+07:00,SELL,4651.79,4657.91,4609.03,BE,-0.2,S419 SELL Orochi BREAKOUT@VAL 7R,BREAKOUT@VAL val=4685.19 vah=4701.96 poc=4694.62 vwap=4692.14
2026-05-15T04:45:00+07:00,2026-05-15T04:55:00+07:00,SELL,4650.38,4653.79,4626.83,BE,-0.2,S419 SELL Orochi BREAKOUT@VAL 7R,BREAKOUT@VAL val=4685.19 vah=4701.96 poc=4694.62 vwap=4692.14
2026-05-15T06:00:00+07:00,2026-05-15T06:05:00+07:00,SELL,4652.55,4654.26,4640.02,SL,-1.91,S419 SELL Orochi BREAKOUT@VAL 7R,BREAKOUT@VAL val=4685.19 vah=4701.96 poc=4694.62 vwap=4692.14
2026-05-15T06:10:00+07:00,2026-05-15T06:15:00+07:00,SELL,4655.54,4659.25,4629.89,SL,-3.91,S419 SELL Orochi BREAKOUT@VAL 7R,BREAKOUT@VAL val=4685.19 vah=4701.96 poc=4694.62 vwap=4692.14
2026-05-15T06:20:00+07:00,2026-05-15T06:30:00+07:00,SELL,4657.9,4660.25,4641.85,BE,-0.2,S419 SELL Orochi BREAKOUT@VAL 7R,BREAKOUT@VAL val=4685.19 vah=4701.96 poc=4694.62 vwap=4692.14
2026-05-15T06:35:00+07:00,2026-05-15T06:45:00+07:00,SELL,4660.87,4663.21,4644.73,BE,-0.2,S419 SELL Orochi BREAKOUT@VAL 7R,BREAKOUT@VAL val=4685.19 vah=4701.96 poc=4694.62 vwap=4692.14
2026-05-15T06:50:00+07:00,2026-05-15T07:00:00+07:00,SELL,4662.55,4663.47,4655.71,BE,-0.2,S419 SELL Orochi BREAKOUT@VAL 7R,BREAKOUT@VAL val=4685.19 vah=4701.96 poc=4694.62 vwap=4692.14
2026-05-15T07:05:00+07:00,2026-05-15T07:25:00+07:00,SELL,4661.13,4663.98,4641.1,BE,-0.2,S419 SELL Orochi BREAKOUT@VAL 7R,BREAKOUT@VAL val=4685.19 vah=4701.96 poc=4694.62 vwap=4692.14
2026-05-15T07:40:00+07:00,2026-05-15T07:55:00+07:00,SELL,4657.4,4658.54,4649.1,TP,8.1,S419 SELL Orochi BREAKOUT@VAL 7R,BREAKOUT@VAL val=4685.19 vah=4701.96 poc=4694.62 vwap=4692.10
2026-05-15T08:00:00+07:00,2026-05-15T08:10:00+07:00,SELL,4649.47,4654.94,4611.02,BE,-0.2,S419 SELL Orochi BREAKOUT@VAL 7R,BREAKOUT@VAL val=4685.19 vah=4701.96 poc=4694.62 vwap=4692.35
2026-05-15T08:15:00+07:00,2026-05-15T08:40:00+07:00,SELL,4654.13,4659.81,4614.45,TP,39.48,S419 SELL Orochi BREAKOUT@VAL 7R,BREAKOUT@VAL val=4685.19 vah=4701.96 poc=4694.62 vwap=4692.53
2026-05-15T08:45:00+07:00,2026-05-15T08:55:00+07:00,SELL,4627.63,4629.52,4614.32,BE,-0.2,S419 SELL Orochi BREAKOUT@VAL 7R,BREAKOUT@VAL val=4685.19 vah=4701.96 poc=4696.72 vwap=4692.63
2026-05-15T09:00:00+07:00,2026-05-15T09:20:00+07:00,SELL,4622.65,4633.71,4545.07,BE,-0.2,S419 SELL Orochi BREAKOUT@VAL 7R,BREAKOUT@VAL val=4685.19 vah=4701.96 poc=4696.72 vwap=4692.92
2026-05-15T09:30:00+07:00,2026-05-15T09:40:00+07:00,SELL,4616.42,4624.25,4546.33,BE,-0.2,S419 SELL Orochi BREAKOUT@VAL 7R,BREAKOUT@VAL val=4685.19 vah=4701.96 poc=4696.72 vwap=4693.65
2026-05-15T09:45:00+07:00,2026-05-15T09:55:00+07:00,SELL,4616.3,4626.81,4543.77,BE,-0.2,S419 SELL Orochi BREAKOUT@VAL 7R,BREAKOUT@VAL val=4687.29 vah=4701.96 poc=4696.72 vwap=4693.94
2026-05-15T10:00:00+07:00,2026-05-15T10:10:00+07:00,SELL,4614.28,4619.18,4580.14,BE,-0.2,S419 SELL Orochi BREAKOUT@VAL 7R,BREAKOUT@VAL val=4687.29 vah=4701.96 poc=4696.72 vwap=4694.08
2026-05-15T10:15:00+07:00,2026-05-15T10:25:00+07:00,SELL,4613.91,4621.3,4561.86,BE,-0.2,S419 SELL Orochi BREAKOUT@VAL 7R,BREAKOUT@VAL val=4687.29 vah=4701.96 poc=4696.72 vwap=4694.37
2026-05-15T10:30:00+07:00,2026-05-15T10:40:00+07:00,SELL,4612.64,4617.05,4582.01,BE,-0.2,S419 SELL Orochi BREAKOUT@VAL 7R,BREAKOUT@VAL val=4687.29 vah=4701.96 poc=4696.72 vwap=4694.54
2026-05-15T10:45:00+07:00,2026-05-15T10:50:00+07:00,SELL,4614.7,4620.45,4574.69,SL,-5.95,S419 SELL Orochi BREAKOUT@VAL 7R,BREAKOUT@VAL val=4687.29 vah=4701.96 poc=4696.72 vwap=4694.64
2026-05-15T10:55:00+07:00,2026-05-15T11:05:00+07:00,SELL,4618.08,4625.07,4569.55,BE,-0.2,S419 SELL Orochi BREAKOUT@VAL 7R,BREAKOUT@VAL val=4687.29 vah=4701.96 poc=4696.72 vwap=4694.64
2026-05-15T11:10:00+07:00,2026-05-15T12:05:00+07:00,SELL,4617.39,4623.74,4573.1,BE,-0.2,S419 SELL Orochi BREAKOUT@VAL 7R,BREAKOUT@VAL val=4687.29 vah=4701.96 poc=4694.62 vwap=4694.58
2026-05-15T12:10:00+07:00,2026-05-15T13:00:00+07:00,SELL,4620.09,4622.77,4601.41,TP,18.48,S419 SELL Orochi BREAKOUT@VAL 7R,BREAKOUT@VAL val=4687.29 vah=4701.96 poc=4694.62 vwap=4694.10
2026-05-15T13:25:00+07:00,2026-05-15T13:30:00+07:00,SELL,4588.87,4591.79,4568.83,TP,19.84,S419 SELL Orochi BREAKOUT@VAL 7R,BREAKOUT@VAL val=4687.29 vah=4701.96 poc=4694.62 vwap=4694.11
2026-05-15T13:40:00+07:00,2026-05-15T13:50:00+07:00,SELL,4568.77,4577.92,4504.32,BE,-0.2,S419 SELL Orochi BREAKOUT@VAL 7R,BREAKOUT@VAL val=4687.29 vah=4701.96 poc=4694.62 vwap=4694.15
2026-05-15T14:00:00+07:00,2026-05-15T14:10:00+07:00,SELL,4563.75,4573.22,4498.26,BE,-0.2,S419 SELL Orochi BREAKOUT@VAL 7R,BREAKOUT@VAL val=4687.29 vah=4701.96 poc=4694.62 vwap=4694.22
2026-05-15T14:15:00+07:00,2026-05-15T14:25:00+07:00,SELL,4575.49,4580.81,4538.17,BE,-0.2,S419 SELL Orochi BREAKOUT@VAL 7R,BREAKOUT@VAL val=4687.29 vah=4701.96 poc=4694.62 vwap=4694.43
2026-05-15T14:30:00+07:00,2026-05-15T15:05:00+07:00,SELL,4575.19,4582.86,4521.58,BE,-0.2,S419 SELL Orochi BREAKOUT@VAL 7R,BREAKOUT@VAL val=4687.29 vah=4701.96 poc=4694.62 vwap=4694.53
2026-05-15T15:10:00+07:00,2026-05-15T15:20:00+07:00,SELL,4585.95,4587.92,4571.84,BE,-0.2,S419 SELL Orochi BREAKOUT@VAL 7R,BREAKOUT@VAL val=4687.29 vah=4701.96 poc=4694.62 vwap=4694.81
2026-05-15T15:25:00+07:00,2026-05-15T15:35:00+07:00,SELL,4581.81,4590.36,4521.88,BE,-0.2,S419 SELL Orochi BREAKOUT@VAL 7R,BREAKOUT@VAL val=4687.29 vah=4701.96 poc=4694.62 vwap=4694.90
2026-05-15T15:40:00+07:00,2026-05-15T17:50:00+07:00,SELL,4577.69,4583.98,4534.14,TP,43.35,S419 SELL Orochi BREAKOUT@VAL 7R,BREAKOUT@VAL val=4687.29 vah=4701.96 poc=4694.62 vwap=4694.92
2026-05-15T17:55:00+07:00,2026-05-15T18:00:00+07:00,SELL,4545.94,4548.84,4525.32,SL,-3.1,S419 SELL Orochi BREAKOUT@VAL 7R,BREAKOUT@VAL val=4687.29 vah=4701.96 poc=4694.62 vwap=4694.91
2026-05-15T18:05:00+07:00,2026-05-15T18:10:00+07:00,SELL,4558.59,4561.64,4536.6,SL,-3.25,S419 SELL Orochi BREAKOUT@VAL 7R,BREAKOUT@VAL val=4687.29 vah=4701.96 poc=4694.62 vwap=4694.91
2026-05-15T18:15:00+07:00,2026-05-15T18:45:00+07:00,SELL,4557.49,4565.33,4501.01,BE,-0.2,S419 SELL Orochi BREAKOUT@VAL 7R,BREAKOUT@VAL val=4687.29 vah=4701.96 poc=4694.62 vwap=4694.90
2026-05-15T18:50:00+07:00,2026-05-15T19:00:00+07:00,SELL,4568.77,4574.34,4530.02,BE,-0.2,S419 SELL Orochi BREAKOUT@VAL 7R,BREAKOUT@VAL val=4687.29 vah=4701.96 poc=4694.62 vwap=4694.75
2026-05-15T19:05:00+07:00,2026-05-15T19:15:00+07:00,SELL,4564.43,4572.13,4510.37,BE,-0.2,S419 SELL Orochi BREAKOUT@VAL 7R,BREAKOUT@VAL val=4687.29 vah=4701.96 poc=4694.62 vwap=4694.68
2026-05-15T19:20:00+07:00,2026-05-15T21:40:00+07:00,SELL,4564.59,4570.42,4525.54,TP,38.85,S419 SELL Orochi BREAKOUT@VAL 7R,BREAKOUT@VAL val=4687.29 vah=4701.96 poc=4694.62 vwap=4694.51
2026-05-15T21:45:00+07:00,2026-05-15T21:50:00+07:00,SELL,4529.01,4533.67,4496.31,SL,-4.86,S419 SELL Orochi BREAKOUT@VAL 7R,BREAKOUT@VAL val=4532.01 vah=4672.90 poc=4617.28 vwap=4623.10
2026-05-18T20:10:00+07:00,2026-05-18T20:15:00+07:00,BUY,4553.49,4548.91,4585.71,SL,-4.78,S419 BUY Orochi BREAKOUT@VAH 7R,BREAKOUT@VAH val=4530.88 vah=4552.52 poc=4539.90 vwap=4535.15
2026-05-18T20:35:00+07:00,2026-05-18T22:05:00+07:00,BUY,4561.53,4548.31,4654.31,BE,-0.2,S419 BUY Orochi BREAKOUT@VAH 7R,BREAKOUT@VAH val=4530.88 vah=4552.52 poc=4539.90 vwap=4535.15
2026-05-18T22:10:00+07:00,2026-05-18T22:20:00+07:00,BUY,4564.28,4557.57,4611.57,BE,-0.2,S419 BUY Orochi BREAKOUT@VAH 7R,BREAKOUT@VAH val=4530.88 vah=4552.52 poc=4539.90 vwap=4535.15
2026-05-18T22:25:00+07:00,2026-05-18T22:30:00+07:00,BUY,4561.66,4552.74,4625.3,SL,-9.12,S419 BUY Orochi BREAKOUT@VAH 7R,BREAKOUT@VAH val=4530.88 vah=4552.52 poc=4539.90 vwap=4535.15
2026-05-19T01:05:00+07:00,2026-05-19T01:55:00+07:00,BUY,4556.25,4546.53,4624.21,SL,-9.92,S419 BUY Orochi BREAKOUT@VAH 7R,BREAKOUT@VAH val=4530.88 vah=4552.52 poc=4539.90 vwap=4535.15
2026-05-19T03:10:00+07:00,2026-05-19T03:20:00+07:00,BUY,4554.45,4549.74,4587.5,BE,-0.2,S419 BUY Orochi BREAKOUT@VAH 7R,BREAKOUT@VAH val=4530.88 vah=4552.52 poc=4539.90 vwap=4535.15
2026-05-19T03:35:00+07:00,2026-05-19T03:45:00+07:00,BUY,4559.44,4548.59,4635.07,BE,-0.2,S419 BUY Orochi BREAKOUT@VAH 7R,BREAKOUT@VAH val=4530.88 vah=4552.52 poc=4539.90 vwap=4535.15
2026-05-19T03:50:00+07:00,2026-05-19T04:30:00+07:00,BUY,4562.44,4556.29,4604.85,BE,-0.2,S419 BUY Orochi BREAKOUT@VAH 7R,BREAKOUT@VAH val=4530.88 vah=4552.52 poc=4539.90 vwap=4535.15
2026-05-19T04:35:00+07:00,2026-05-19T04:55:00+07:00,BUY,4562.64,4560.71,4576.07,BE,-0.2,S419 BUY Orochi BREAKOUT@VAH 7R,BREAKOUT@VAH val=4530.88 vah=4552.52 poc=4539.90 vwap=4535.15
2026-05-19T06:05:00+07:00,2026-05-19T06:20:00+07:00,BUY,4571.92,4566.11,4611.95,BE,-0.2,S419 BUY Orochi BREAKOUT@VAH 7R,BREAKOUT@VAH val=4530.88 vah=4552.52 poc=4539.90 vwap=4535.15
2026-05-19T06:25:00+07:00,2026-05-19T06:35:00+07:00,BUY,4572.89,4570.3,4591.26,BE,-0.2,S419 BUY Orochi BREAKOUT@VAH 7R,BREAKOUT@VAH val=4530.88 vah=4552.52 poc=4539.90 vwap=4535.15
2026-05-19T06:40:00+07:00,2026-05-19T08:15:00+07:00,BUY,4576.65,4572.07,4608.39,BE,-0.2,S419 BUY Orochi BREAKOUT@VAH 7R,BREAKOUT@VAH val=4530.88 vah=4552.52 poc=4539.90 vwap=4535.15
2026-05-19T08:20:00+07:00,2026-05-19T08:25:00+07:00,BUY,4574.85,4572.52,4591.32,SL,-2.53,S419 BUY Orochi BREAKOUT@VAH 7R,BREAKOUT@VAH val=4530.88 vah=4552.52 poc=4539.90 vwap=4535.15
2026-05-19T08:30:00+07:00,2026-05-19T08:50:00+07:00,BUY,4574.91,4567.48,4627.24,SL,-7.63,S419 BUY Orochi BREAKOUT@VAH 7R,BREAKOUT@VAH val=4530.88 vah=4552.52 poc=4539.90 vwap=4535.15
2026-05-19T08:55:00+07:00,2026-05-19T09:00:00+07:00,BUY,4563.02,4559.87,4587.95,SL,-3.35,S419 BUY Orochi BREAKOUT@VAH 7R,BREAKOUT@VAH val=4530.88 vah=4552.52 poc=4539.90 vwap=4535.15
2026-05-19T09:05:00+07:00,2026-05-19T09:15:00+07:00,BUY,4564.37,4556.05,4623.49,BE,-0.2,S419 BUY Orochi BREAKOUT@VAH 7R,BREAKOUT@VAH val=4530.88 vah=4552.52 poc=4539.90 vwap=4535.15
2026-05-19T09:20:00+07:00,2026-05-19T09:30:00+07:00,BUY,4555.99,4552.47,4579.35,BE,-0.2,S419 BUY Orochi BREAKOUT@VAH 7R,BREAKOUT@VAH val=4530.88 vah=4552.52 poc=4539.90 vwap=4535.15
2026-05-19T09:40:00+07:00,2026-05-19T10:00:00+07:00,BUY,4570.78,4559.87,4646.83,SL,-11.11,S419 BUY Orochi BREAKOUT@VAH 7R,BREAKOUT@VAH val=4530.88 vah=4552.52 poc=4539.90 vwap=4535.15
2026-05-19T10:05:00+07:00,2026-05-19T10:10:00+07:00,BUY,4555.19,4553.19,4569.51,SL,-2.2,S419 BUY Orochi BREAKOUT@VAH 7R,BREAKOUT@VAH val=4530.88 vah=4552.52 poc=4539.90 vwap=4535.15
2026-05-19T10:15:00+07:00,2026-05-19T10:30:00+07:00,BUY,4557.12,4549.98,4607.34,BE,-0.2,S419 BUY Orochi BREAKOUT@VAH 7R,BREAKOUT@VAH val=4530.88 vah=4552.52 poc=4539.90 vwap=4535.15
2026-05-19T10:35:00+07:00,2026-05-19T10:45:00+07:00,BUY,4553.56,4550.67,4573.71,BE,-0.2,S419 BUY Orochi BREAKOUT@VAH 7R,BREAKOUT@VAH val=4530.88 vah=4552.52 poc=4539.90 vwap=4535.15
2026-05-19T16:00:00+07:00,2026-05-19T16:05:00+07:00,BUY,4552.91,4550.77,4567.49,SL,-2.34,S419 BUY Orochi BREAKOUT@VAH 7R,BREAKOUT@VAH val=4530.88 vah=4552.52 poc=4539.90 vwap=4535.15
2026-05-19T20:00:00+07:00,2026-05-19T20:05:00+07:00,SELL,4535.58,4537.25,4523.33,SL,-1.87,S419 SELL Orochi BREAKOUT@VAL 7R,BREAKOUT@VAL val=4536.13 vah=4562.70 poc=4542.77 vwap=4552.15
2026-05-19T21:10:00+07:00,2026-05-19T21:25:00+07:00,SELL,4524.38,4528.21,4497.25,TP,26.93,S419 SELL Orochi BREAKOUT@VAL 7R,BREAKOUT@VAL val=4536.13 vah=4562.70 poc=4542.77 vwap=4552.15
2026-05-19T21:35:00+07:00,2026-05-19T21:50:00+07:00,SELL,4483.32,4498.15,4379.59,BE,-0.2,S419 SELL Orochi BREAKOUT@VAL 7R,BREAKOUT@VAL val=4536.13 vah=4562.70 poc=4542.77 vwap=4552.15
2026-05-19T21:55:00+07:00,2026-05-19T22:05:00+07:00,SELL,4503.99,4514.47,4430.79,BE,-0.2,S419 SELL Orochi BREAKOUT@VAL 7R,BREAKOUT@VAL val=4536.13 vah=4562.70 poc=4542.77 vwap=4552.15
2026-05-19T22:10:00+07:00,2026-05-19T22:25:00+07:00,SELL,4492.7,4518.08,4314.56,BE,-0.2,S419 SELL Orochi BREAKOUT@VAL 7R,BREAKOUT@VAL val=4536.13 vah=4562.70 poc=4542.77 vwap=4552.15
2026-05-19T22:30:00+07:00,2026-05-19T22:40:00+07:00,SELL,4490.22,4501.89,4408.45,BE,-0.2,S419 SELL Orochi BREAKOUT@VAL 7R,BREAKOUT@VAL val=4536.13 vah=4562.70 poc=4542.77 vwap=4552.15
2026-05-19T22:45:00+07:00,2026-05-19T22:55:00+07:00,SELL,4490.1,4500.97,4413.93,BE,-0.2,S419 SELL Orochi BREAKOUT@VAL 7R,BREAKOUT@VAL val=4536.13 vah=4562.70 poc=4542.77 vwap=4552.15
2026-05-19T23:00:00+07:00,2026-05-19T23:10:00+07:00,SELL,4496.77,4502.97,4453.29,BE,-0.2,S419 SELL Orochi BREAKOUT@VAL 7R,BREAKOUT@VAL val=4536.13 vah=4562.70 poc=4542.77 vwap=4552.15
2026-05-19T23:15:00+07:00,2026-05-19T23:30:00+07:00,SELL,4500.51,4507.48,4451.88,BE,-0.2,S419 SELL Orochi BREAKOUT@VAL 7R,BREAKOUT@VAL val=4536.13 vah=4562.70 poc=4542.77 vwap=4552.15
2026-05-19T23:35:00+07:00,2026-05-19T23:45:00+07:00,SELL,4503.09,4509.6,4458.64,BE,-0.2,S419 SELL Orochi BREAKOUT@VAL 7R,BREAKOUT@VAL val=4536.13 vah=4562.70 poc=4542.77 vwap=4552.15
2026-05-19T23:50:00+07:00,2026-05-19T23:55:00+07:00,SELL,4503.09,4507.59,4471.51,SL,-4.7,S419 SELL Orochi BREAKOUT@VAL 7R,BREAKOUT@VAL val=4536.13 vah=4562.70 poc=4542.77 vwap=4552.15
2026-05-20T00:00:00+07:00,2026-05-20T00:20:00+07:00,SELL,4505.66,4511.87,4461.95,BE,-0.2,S419 SELL Orochi BREAKOUT@VAL 7R,BREAKOUT@VAL val=4536.13 vah=4562.70 poc=4542.77 vwap=4552.15
2026-05-20T00:25:00+07:00,2026-05-20T00:35:00+07:00,SELL,4508.8,4513.46,4476.02,BE,-0.2,S419 SELL Orochi BREAKOUT@VAL 7R,BREAKOUT@VAL val=4536.13 vah=4562.70 poc=4542.77 vwap=4552.15
2026-05-20T00:40:00+07:00,2026-05-20T00:50:00+07:00,SELL,4505.93,4511.18,4469.42,BE,-0.2,S419 SELL Orochi BREAKOUT@VAL 7R,BREAKOUT@VAL val=4536.13 vah=4562.70 poc=4542.77 vwap=4552.15
2026-05-20T00:55:00+07:00,2026-05-20T01:05:00+07:00,SELL,4507.73,4510.46,4488.7,BE,-0.2,S419 SELL Orochi BREAKOUT@VAL 7R,BREAKOUT@VAL val=4536.13 vah=4562.70 poc=4542.77 vwap=4552.15
2026-05-20T01:10:00+07:00,2026-05-20T02:20:00+07:00,SELL,4510.34,4511.97,4498.69,TP,11.45,S419 SELL Orochi BREAKOUT@VAL 7R,BREAKOUT@VAL val=4536.13 vah=4562.70 poc=4542.77 vwap=4552.15
2026-05-20T02:25:00+07:00,2026-05-20T02:35:00+07:00,SELL,4496.12,4501.04,4461.36,BE,-0.2,S419 SELL Orochi BREAKOUT@VAL 7R,BREAKOUT@VAL val=4536.13 vah=4562.70 poc=4542.77 vwap=4552.15
2026-05-20T02:40:00+07:00,2026-05-20T02:50:00+07:00,SELL,4499.08,4501.62,4481.46,BE,-0.2,S419 SELL Orochi BREAKOUT@VAL 7R,BREAKOUT@VAL val=4536.13 vah=4562.70 poc=4542.77 vwap=4552.15
2026-05-20T03:00:00+07:00,2026-05-20T03:10:00+07:00,SELL,4493.95,4497.41,4468.77,SL,-3.66,S419 SELL Orochi BREAKOUT@VAL 7R,BREAKOUT@VAL val=4536.13 vah=4562.70 poc=4542.77 vwap=4552.15
2026-05-20T03:15:00+07:00,2026-05-20T07:30:00+07:00,SELL,4492.86,4498.35,4454.51,BE,-0.2,S419 SELL Orochi BREAKOUT@VAL 7R,BREAKOUT@VAL val=4536.13 vah=4562.70 poc=4542.77 vwap=4552.15
2026-05-20T07:35:00+07:00,2026-05-20T07:40:00+07:00,SELL,4493.3,4495.36,4480.4,SL,-2.26,S419 SELL Orochi BREAKOUT@VAL 7R,BREAKOUT@VAL val=4536.13 vah=4562.70 poc=4542.77 vwap=4552.15
2026-05-20T07:45:00+07:00,2026-05-20T08:25:00+07:00,SELL,4493.52,4497.37,4467.13,BE,-0.2,S419 SELL Orochi BREAKOUT@VAL 7R,BREAKOUT@VAL val=4536.13 vah=4562.70 poc=4542.77 vwap=4552.16
2026-05-20T08:30:00+07:00,2026-05-20T08:40:00+07:00,SELL,4503.27,4509.13,4460.89,BE,-0.2,S419 SELL Orochi BREAKOUT@VAL 7R,BREAKOUT@VAL val=4536.13 vah=4560.05 poc=4542.77 vwap=4551.41
2026-05-20T08:45:00+07:00,2026-05-20T09:00:00+07:00,SELL,4504.93,4510.68,4464.84,BE,-0.2,S419 SELL Orochi BREAKOUT@VAL 7R,BREAKOUT@VAL val=4536.13 vah=4560.05 poc=4542.77 vwap=4551.13
2026-05-20T09:05:00+07:00,2026-05-20T09:15:00+07:00,SELL,4495.08,4508.04,4404.28,BE,-0.2,S419 SELL Orochi BREAKOUT@VAL 7R,BREAKOUT@VAL val=4536.13 vah=4560.05 poc=4542.77 vwap=4550.49
2026-05-20T09:20:00+07:00,2026-05-20T09:50:00+07:00,SELL,4484.74,4498.61,4387.49,BE,-0.2,S419 SELL Orochi BREAKOUT@VAL 7R,BREAKOUT@VAL val=4536.13 vah=4557.39 poc=4542.77 vwap=4549.94
2026-05-20T09:55:00+07:00,2026-05-20T10:05:00+07:00,SELL,4481.42,4491.02,4414.14,BE,-0.2,S419 SELL Orochi BREAKOUT@VAL 7R,BREAKOUT@VAL val=4536.13 vah=4557.39 poc=4542.77 vwap=4549.44
2026-05-20T10:10:00+07:00,2026-05-20T10:20:00+07:00,SELL,4481.39,4489.65,4422.93,BE,-0.2,S419 SELL Orochi BREAKOUT@VAL 7R,BREAKOUT@VAL val=4536.13 vah=4557.39 poc=4542.77 vwap=4549.57
2026-05-20T10:25:00+07:00,2026-05-20T15:05:00+07:00,SELL,4481.55,4489.35,4427.11,BE,-0.2,S419 SELL Orochi BREAKOUT@VAL 7R,BREAKOUT@VAL val=4536.13 vah=4557.39 poc=4542.77 vwap=4549.79
2026-05-20T15:10:00+07:00,2026-05-20T15:20:00+07:00,SELL,4481.22,4486.81,4442.17,BE,-0.2,S419 SELL Orochi BREAKOUT@VAL 7R,BREAKOUT@VAL val=4533.47 vah=4560.05 poc=4542.77 vwap=4551.06
2026-05-20T15:25:00+07:00,2026-05-20T15:30:00+07:00,SELL,4482.73,4485.82,4461.02,SL,-3.29,S419 SELL Orochi BREAKOUT@VAL 7R,BREAKOUT@VAL val=4533.47 vah=4560.05 poc=4542.77 vwap=4550.92
2026-05-20T15:35:00+07:00,2026-05-20T15:45:00+07:00,SELL,4480.26,4487.5,4429.9,BE,-0.2,S419 SELL Orochi BREAKOUT@VAL 7R,BREAKOUT@VAL val=4533.47 vah=4557.39 poc=4542.77 vwap=4550.85
2026-05-20T15:50:00+07:00,2026-05-20T16:00:00+07:00,SELL,4479.15,4483.53,4448.33,BE,-0.2,S419 SELL Orochi BREAKOUT@VAL 7R,BREAKOUT@VAL val=4533.47 vah=4557.39 poc=4542.77 vwap=4550.73
2026-05-20T16:05:00+07:00,2026-05-20T16:15:00+07:00,SELL,4479.02,4484.54,4440.3,BE,-0.2,S419 SELL Orochi BREAKOUT@VAL 7R,BREAKOUT@VAL val=4533.47 vah=4557.39 poc=4542.77 vwap=4550.64
2026-05-20T16:20:00+07:00,2026-05-20T16:30:00+07:00,SELL,4484.32,4487.78,4459.94,BE,-0.2,S419 SELL Orochi BREAKOUT@VAL 7R,BREAKOUT@VAL val=4533.47 vah=4557.39 poc=4542.77 vwap=4550.56
2026-05-20T16:35:00+07:00,2026-05-20T16:50:00+07:00,SELL,4483.57,4490.7,4433.82,BE,-0.2,S419 SELL Orochi BREAKOUT@VAL 7R,BREAKOUT@VAL val=4533.47 vah=4557.39 poc=4542.77 vwap=4550.42
2026-05-20T16:55:00+07:00,2026-05-20T17:40:00+07:00,SELL,4483.99,4491.42,4433.26,BE,-0.2,S419 SELL Orochi BREAKOUT@VAL 7R,BREAKOUT@VAL val=4533.47 vah=4557.39 poc=4542.77 vwap=4550.23
2026-05-20T17:45:00+07:00,2026-05-20T17:50:00+07:00,SELL,4483.09,4486.07,4462.31,SL,-3.18,S419 SELL Orochi BREAKOUT@VAL 7R,BREAKOUT@VAL val=4533.47 vah=4554.73 poc=4542.77 vwap=4549.40
2026-05-20T17:55:00+07:00,2026-05-20T18:05:00+07:00,SELL,4484.88,4492.27,4433.31,SL,-7.59,S419 SELL Orochi BREAKOUT@VAL 7R,BREAKOUT@VAL val=4533.47 vah=4554.73 poc=4542.77 vwap=4549.18
2026-05-20T18:10:00+07:00,2026-05-20T18:20:00+07:00,SELL,4488.07,4493.44,4450.4,BE,-0.2,S419 SELL Orochi BREAKOUT@VAL 7R,BREAKOUT@VAL val=4533.47 vah=4554.73 poc=4542.77 vwap=4548.88
2026-05-20T18:25:00+07:00,2026-05-20T18:35:00+07:00,SELL,4489.04,4493.77,4455.61,SL,-4.93,S419 SELL Orochi BREAKOUT@VAL 7R,BREAKOUT@VAL val=4535.55 vah=4555.65 poc=4541.83 vwap=4548.17
2026-05-20T18:40:00+07:00,2026-05-20T18:50:00+07:00,SELL,4494.27,4498.25,4466.57,BE,-0.2,S419 SELL Orochi BREAKOUT@VAL 7R,BREAKOUT@VAL val=4536.05 vah=4555.03 poc=4541.32 vwap=4547.49
2026-05-20T18:55:00+07:00,2026-05-20T19:00:00+07:00,SELL,4494.7,4496.17,4484.49,SL,-1.67,S419 SELL Orochi BREAKOUT@VAL 7R,BREAKOUT@VAL val=4535.63 vah=4553.87 poc=4540.70 vwap=4546.91
2026-05-20T19:05:00+07:00,2026-05-20T19:15:00+07:00,SELL,4494.7,4497.77,4473.29,BE,-0.2,S419 SELL Orochi BREAKOUT@VAL 7R,BREAKOUT@VAL val=4535.27 vah=4552.85 poc=4540.15 vwap=4546.61
2026-05-20T19:20:00+07:00,2026-05-20T19:25:00+07:00,SELL,4495.97,4497.4,4486.6,SL,-1.63,S419 SELL Orochi BREAKOUT@VAL 7R,BREAKOUT@VAL val=4535.27 vah=4552.85 poc=4540.15 vwap=4546.15
2026-05-20T19:30:00+07:00,2026-05-20T19:55:00+07:00,SELL,4498.65,4502.2,4474.04,BE,-0.2,S419 SELL Orochi BREAKOUT@VAL 7R,BREAKOUT@VAL val=4535.27 vah=4550.89 poc=4540.15 vwap=4545.77
2026-05-20T22:40:00+07:00,2026-05-21T13:30:00+07:00,BUY,4520.58,4512.85,4574.85,BE,-0.2,S419 BUY Orochi BREAKOUT@VAH 7R,BREAKOUT@VAH val=4472.98 vah=4508.11 poc=4482.74 vwap=4489.44
2026-05-21T13:40:00+07:00,2026-05-21T13:45:00+07:00,BUY,4526.0,4520.37,4565.49,SL,-5.83,S419 BUY Orochi BREAKOUT@VAH 7R,BREAKOUT@VAH val=4467.34 vah=4497.41 poc=4482.38 vwap=4480.86
2026-05-21T13:55:00+07:00,2026-05-21T14:10:00+07:00,BUY,4527.98,4521.61,4572.81,BE,-0.2,S419 BUY Orochi BREAKOUT@VAH 7R,BREAKOUT@VAH val=4469.65 vah=4497.41 poc=4482.38 vwap=4480.57
2026-05-21T14:15:00+07:00,2026-05-21T14:25:00+07:00,BUY,4530.49,4525.89,4562.93,BE,-0.2,S419 BUY Orochi BREAKOUT@VAH 7R,BREAKOUT@VAH val=4469.65 vah=4497.41 poc=4482.38 vwap=4480.21
2026-05-21T14:30:00+07:00,2026-05-21T14:40:00+07:00,BUY,4529.78,4526.69,4551.09,BE,-0.2,S419 BUY Orochi BREAKOUT@VAH 7R,BREAKOUT@VAH val=4465.03 vah=4492.79 poc=4482.38 vwap=4479.97
2026-05-21T14:45:00+07:00,2026-05-21T14:50:00+07:00,BUY,4523.91,4520.61,4547.09,SL,-3.5,S419 BUY Orochi BREAKOUT@VAH 7R,BREAKOUT@VAH val=4465.03 vah=4492.79 poc=4482.38 vwap=4479.82
2026-05-21T14:55:00+07:00,2026-05-21T15:05:00+07:00,BUY,4521.58,4517.46,4550.34,BE,-0.2,S419 BUY Orochi BREAKOUT@VAH 7R,BREAKOUT@VAH val=4460.40 vah=4488.16 poc=4482.38 vwap=4479.74
2026-05-21T15:10:00+07:00,2026-05-21T15:20:00+07:00,BUY,4520.36,4516.94,4546.46,BE,-0.2,S419 BUY Orochi BREAKOUT@VAH 7R,BREAKOUT@VAH val=4460.40 vah=4488.16 poc=4482.38 vwap=4479.63
2026-05-21T15:25:00+07:00,2026-05-21T16:05:00+07:00,BUY,4512.85,4510.66,4528.02,TP,14.97,S419 BUY Orochi BREAKOUT@VAH 7R,BREAKOUT@VAH val=4460.40 vah=4488.16 poc=4482.38 vwap=4479.58
2026-05-21T16:15:00+07:00,2026-05-21T16:25:00+07:00,BUY,4530.33,4526.45,4557.41,BE,-0.2,S419 BUY Orochi BREAKOUT@VAH 7R,BREAKOUT@VAH val=4460.40 vah=4488.16 poc=4482.38 vwap=4479.46
2026-05-21T16:30:00+07:00,2026-05-21T16:35:00+07:00,BUY,4529.56,4526.88,4548.08,SL,-2.88,S419 BUY Orochi BREAKOUT@VAH 7R,BREAKOUT@VAH val=4460.40 vah=4488.16 poc=4482.38 vwap=4479.45
2026-05-21T16:40:00+07:00,2026-05-21T17:45:00+07:00,BUY,4529.31,4525.41,4555.25,BE,-0.2,S419 BUY Orochi BREAKOUT@VAH 7R,BREAKOUT@VAH val=4460.40 vah=4488.16 poc=4482.38 vwap=4479.44
2026-05-21T17:50:00+07:00,2026-05-21T18:05:00+07:00,BUY,4532.73,4526.79,4574.23,BE,-0.2,S419 BUY Orochi BREAKOUT@VAH 7R,BREAKOUT@VAH val=4460.40 vah=4488.16 poc=4482.38 vwap=4479.28
2026-05-21T18:10:00+07:00,2026-05-21T18:20:00+07:00,BUY,4532.68,4528.97,4558.57,BE,-0.2,S419 BUY Orochi BREAKOUT@VAH 7R,BREAKOUT@VAH val=4460.40 vah=4488.16 poc=4482.38 vwap=4479.12
2026-05-21T18:30:00+07:00,2026-05-21T18:40:00+07:00,BUY,4514.59,4506.76,4569.24,BE,-0.2,S419 BUY Orochi BREAKOUT@VAH 7R,BREAKOUT@VAH val=4460.40 vah=4488.16 poc=4482.38 vwap=4478.97
2026-05-21T18:50:00+07:00,2026-05-21T19:05:00+07:00,BUY,4515.78,4509.25,4561.57,BE,-0.2,S419 BUY Orochi BREAKOUT@VAH 7R,BREAKOUT@VAH val=4460.40 vah=4485.85 poc=4482.38 vwap=4478.39
2026-05-21T19:10:00+07:00,2026-05-21T19:20:00+07:00,BUY,4516.33,4513.22,4538.18,BE,-0.2,S419 BUY Orochi BREAKOUT@VAH 7R,BREAKOUT@VAH val=4460.04 vah=4486.35 poc=4483.06 vwap=4477.50
2026-05-21T19:25:00+07:00,2026-05-21T19:30:00+07:00,BUY,4514.11,4510.73,4537.85,SL,-3.58,S419 BUY Orochi BREAKOUT@VAH 7R,BREAKOUT@VAH val=4461.42 vah=4485.30 poc=4482.32 vwap=4476.93
2026-05-21T19:35:00+07:00,2026-05-21T20:15:00+07:00,BUY,4510.69,4506.2,4543.0,BE,-0.2,S419 BUY Orochi BREAKOUT@VAH 7R,BREAKOUT@VAH val=4461.42 vah=4485.30 poc=4482.32 vwap=4476.58
2026-05-21T20:25:00+07:00,2026-05-21T20:30:00+07:00,SELL,4507.17,4514.05,4458.93,SL,-7.08,S419 SELL Orochi BREAKOUT@VAL 7R,BREAKOUT@VAL val=4514.70 vah=4549.30 poc=4534.16 vwap=4527.34
2026-05-21T20:35:00+07:00,2026-05-21T20:45:00+07:00,SELL,4511.94,4518.89,4463.61,BE,-0.2,S419 SELL Orochi BREAKOUT@VAL 7R,BREAKOUT@VAL val=4514.70 vah=4549.30 poc=4534.16 vwap=4527.34
2026-05-21T20:55:00+07:00,2026-05-21T21:05:00+07:00,SELL,4504.13,4512.27,4447.23,BE,-0.2,S419 SELL Orochi BREAKOUT@VAL 7R,BREAKOUT@VAL val=4514.70 vah=4549.30 poc=4534.16 vwap=4527.34
2026-05-21T21:15:00+07:00,2026-05-21T21:25:00+07:00,SELL,4499.07,4507.21,4442.17,BE,-0.2,S419 SELL Orochi BREAKOUT@VAL 7R,BREAKOUT@VAL val=4514.70 vah=4549.30 poc=4534.16 vwap=4527.34
2026-05-21T21:30:00+07:00,2026-05-21T21:40:00+07:00,SELL,4493.95,4502.84,4431.88,BE,-0.2,S419 SELL Orochi BREAKOUT@VAL 7R,BREAKOUT@VAL val=4514.70 vah=4549.30 poc=4534.16 vwap=4527.34
2026-05-21T21:45:00+07:00,2026-05-21T21:50:00+07:00,SELL,4499.89,4505.53,4462.49,SL,-5.84,S419 SELL Orochi BREAKOUT@VAL 7R,BREAKOUT@VAL val=4514.70 vah=4549.30 poc=4534.16 vwap=4527.34
2026-05-21T22:05:00+07:00,2026-05-21T22:15:00+07:00,SELL,4505.16,4517.79,4415.63,BE,-0.2,S419 SELL Orochi BREAKOUT@VAL 7R,BREAKOUT@VAL val=4514.70 vah=4549.30 poc=4534.16 vwap=4527.34
2026-05-21T22:20:00+07:00,2026-05-21T23:10:00+07:00,SELL,4502.22,4511.53,4436.97,BE,-0.2,S419 SELL Orochi BREAKOUT@VAL 7R,BREAKOUT@VAL val=4514.70 vah=4549.30 poc=4534.16 vwap=4527.34
2026-05-21T23:15:00+07:00,2026-05-21T23:30:00+07:00,SELL,4508.26,4517.4,4444.92,BE,-0.2,S419 SELL Orochi BREAKOUT@VAL 7R,BREAKOUT@VAL val=4514.70 vah=4549.30 poc=4534.16 vwap=4527.34
2026-05-21T23:35:00+07:00,2026-05-21T23:45:00+07:00,SELL,4509.27,4511.46,4493.86,BE,-0.2,S419 SELL Orochi BREAKOUT@VAL 7R,BREAKOUT@VAL val=4514.70 vah=4549.30 poc=4534.16 vwap=4527.34
2026-05-21T23:50:00+07:00,2026-05-22T00:00:00+07:00,SELL,4510.95,4514.17,4488.57,BE,-0.2,S419 SELL Orochi BREAKOUT@VAL 7R,BREAKOUT@VAL val=4514.70 vah=4549.30 poc=4534.16 vwap=4527.34
2026-05-22T01:55:00+07:00,2026-05-22T02:00:00+07:00,BUY,4551.46,4549.59,4564.63,SL,-2.07,S419 BUY Orochi BREAKOUT@VAH 7R,BREAKOUT@VAH val=4514.70 vah=4549.30 poc=4534.16 vwap=4527.34
2026-05-22T02:20:00+07:00,2026-05-22T02:45:00+07:00,BUY,4550.38,4542.31,4606.71,SL,-8.27,S419 BUY Orochi BREAKOUT@VAH 7R,BREAKOUT@VAH val=4514.70 vah=4549.30 poc=4534.16 vwap=4527.34
2026-05-22T10:35:00+07:00,2026-05-22T10:45:00+07:00,SELL,4521.92,4525.77,4494.73,BE,-0.2,S419 SELL Orochi BREAKOUT@VAL 7R,BREAKOUT@VAL val=4524.20 vah=4548.93 poc=4533.82 vwap=4533.89
2026-05-22T10:55:00+07:00,2026-05-22T11:05:00+07:00,SELL,4523.21,4528.01,4489.53,BE,-0.2,S419 SELL Orochi BREAKOUT@VAL 7R,BREAKOUT@VAL val=4524.20 vah=4548.93 poc=4533.82 vwap=4533.85
2026-05-22T11:10:00+07:00,2026-05-22T11:20:00+07:00,SELL,4521.16,4526.22,4485.26,BE,-0.2,S419 SELL Orochi BREAKOUT@VAL 7R,BREAKOUT@VAL val=4524.20 vah=4548.93 poc=4533.82 vwap=4533.80
2026-05-22T11:25:00+07:00,2026-05-22T11:30:00+07:00,SELL,4521.77,4523.88,4507.64,SL,-2.31,S419 SELL Orochi BREAKOUT@VAL 7R,BREAKOUT@VAL val=4524.20 vah=4548.93 poc=4533.82 vwap=4533.84
2026-05-22T18:50:00+07:00,2026-05-22T19:00:00+07:00,SELL,4512.57,4516.19,4486.35,BE,-0.2,S419 SELL Orochi BREAKOUT@VAL 7R,BREAKOUT@VAL val=4513.20 vah=4540.69 poc=4533.82 vwap=4531.60
2026-05-22T19:20:00+07:00,2026-05-22T19:30:00+07:00,SELL,4512.62,4516.95,4482.39,BE,-0.2,S419 SELL Orochi BREAKOUT@VAL 7R,BREAKOUT@VAL val=4515.95 vah=4540.69 poc=4533.82 vwap=4531.17
2026-05-22T22:20:00+07:00,2026-05-22T22:30:00+07:00,SELL,4494.6,4502.33,4440.33,BE,-0.2,S419 SELL Orochi BREAKOUT@VAL 7R,BREAKOUT@VAL val=4503.34 vah=4535.73 poc=4525.42 vwap=4523.18
2026-05-22T22:35:00+07:00,2026-05-22T22:45:00+07:00,SELL,4500.43,4506.19,4459.95,SL,-5.96,S419 SELL Orochi BREAKOUT@VAL 7R,BREAKOUT@VAL val=4503.34 vah=4535.73 poc=4525.42 vwap=4523.18
2026-05-25T23:25:00+07:00,2026-05-25T23:35:00+07:00,BUY,4573.38,4569.51,4600.31,SL,-4.07,S419 BUY Orochi BREAKOUT@VAH 7R,BREAKOUT@VAH val=4553.44 vah=4570.68 poc=4562.06 vwap=4563.98
2026-05-25T23:55:00+07:00,2026-05-26T00:00:00+07:00,BUY,4570.96,4569.57,4580.29,SL,-1.59,S419 BUY Orochi BREAKOUT@VAH 7R,BREAKOUT@VAH val=4553.44 vah=4570.68 poc=4562.06 vwap=4563.98
2026-05-26T00:40:00+07:00,2026-05-26T00:50:00+07:00,BUY,4572.12,4569.28,4592.16,BE,-0.2,S419 BUY Orochi BREAKOUT@VAH 7R,BREAKOUT@VAH val=4553.44 vah=4570.68 poc=4562.06 vwap=4563.98
2026-05-26T00:55:00+07:00,2026-05-26T01:20:00+07:00,BUY,4573.42,4570.39,4595.83,BE,-0.2,S419 BUY Orochi BREAKOUT@VAH 7R,BREAKOUT@VAH val=4553.44 vah=4570.68 poc=4562.06 vwap=4563.98
2026-05-26T01:25:00+07:00,2026-05-26T01:30:00+07:00,BUY,4571.38,4569.81,4582.53,SL,-1.77,S419 BUY Orochi BREAKOUT@VAH 7R,BREAKOUT@VAH val=4553.44 vah=4570.68 poc=4562.06 vwap=4563.98
2026-05-26T02:30:00+07:00,2026-05-26T06:05:00+07:00,BUY,4571.4,4566.88,4599.44,BE,-0.2,S419 BUY Orochi BREAKOUT@VAH 7R,BREAKOUT@VAH val=4553.44 vah=4570.68 poc=4562.06 vwap=4563.98
2026-05-26T06:10:00+07:00,2026-05-26T06:20:00+07:00,BUY,4573.46,4569.69,4600.09,BE,-0.2,S419 BUY Orochi BREAKOUT@VAH 7R,BREAKOUT@VAH val=4553.44 vah=4570.68 poc=4562.06 vwap=4563.98
2026-05-26T06:25:00+07:00,2026-05-26T06:30:00+07:00,BUY,4573.33,4572.3,4579.82,SL,-1.23,S419 BUY Orochi BREAKOUT@VAH 7R,BREAKOUT@VAH val=4553.44 vah=4570.68 poc=4562.06 vwap=4563.98
2026-05-26T06:35:00+07:00,2026-05-26T07:20:00+07:00,BUY,4573.01,4569.07,4600.51,BE,-0.2,S419 BUY Orochi BREAKOUT@VAH 7R,BREAKOUT@VAH val=4553.44 vah=4570.68 poc=4562.06 vwap=4563.98
2026-05-26T08:10:00+07:00,2026-05-26T08:30:00+07:00,SELL,4552.36,4554.54,4536.7,BE,-0.2,S419 SELL Orochi BREAKOUT@VAL 7R,BREAKOUT@VAL val=4553.44 vah=4570.68 poc=4562.06 vwap=4563.98
2026-05-26T08:35:00+07:00,2026-05-26T08:45:00+07:00,SELL,4547.24,4554.62,4494.38,BE,-0.2,S419 SELL Orochi BREAKOUT@VAL 7R,BREAKOUT@VAL val=4553.44 vah=4570.68 poc=4562.06 vwap=4563.98
2026-05-26T08:55:00+07:00,2026-05-26T09:35:00+07:00,SELL,4549.67,4551.76,4534.72,TP,14.75,S419 SELL Orochi BREAKOUT@VAL 7R,BREAKOUT@VAL val=4553.44 vah=4570.68 poc=4562.06 vwap=4563.98
2026-05-26T09:40:00+07:00,2026-05-26T09:50:00+07:00,SELL,4532.37,4540.81,4473.53,BE,-0.2,S419 SELL Orochi BREAKOUT@VAL 7R,BREAKOUT@VAL val=4553.44 vah=4570.68 poc=4562.06 vwap=4563.98
2026-05-26T09:55:00+07:00,2026-05-26T10:05:00+07:00,SELL,4537.0,4538.84,4524.28,BE,-0.2,S419 SELL Orochi BREAKOUT@VAL 7R,BREAKOUT@VAL val=4553.44 vah=4570.68 poc=4562.06 vwap=4563.98
2026-05-26T10:10:00+07:00,2026-05-26T10:25:00+07:00,SELL,4538.72,4540.83,4522.75,BE,-0.2,S419 SELL Orochi BREAKOUT@VAL 7R,BREAKOUT@VAL val=4553.44 vah=4570.68 poc=4562.06 vwap=4563.98
2026-05-26T10:30:00+07:00,2026-05-26T10:55:00+07:00,SELL,4534.67,4539.91,4497.91,BE,-0.2,S419 SELL Orochi BREAKOUT@VAL 7R,BREAKOUT@VAL val=4553.44 vah=4570.68 poc=4562.06 vwap=4563.98
2026-05-26T11:00:00+07:00,2026-05-26T11:10:00+07:00,SELL,4533.54,4537.04,4509.12,SL,-3.7,S419 SELL Orochi BREAKOUT@VAL 7R,BREAKOUT@VAL val=4553.44 vah=4570.68 poc=4562.06 vwap=4563.98
2026-05-26T11:15:00+07:00,2026-05-26T11:20:00+07:00,SELL,4538.52,4539.84,4528.96,SL,-1.52,S419 SELL Orochi BREAKOUT@VAL 7R,BREAKOUT@VAL val=4553.44 vah=4570.68 poc=4562.06 vwap=4563.98
2026-05-26T11:25:00+07:00,2026-05-26T11:35:00+07:00,SELL,4542.27,4544.51,4526.75,BE,-0.2,S419 SELL Orochi BREAKOUT@VAL 7R,BREAKOUT@VAL val=4553.44 vah=4570.68 poc=4562.06 vwap=4563.98
2026-05-26T11:40:00+07:00,2026-05-26T19:35:00+07:00,SELL,4541.3,4546.27,4507.95,TP,33.15,S419 SELL Orochi BREAKOUT@VAL 7R,BREAKOUT@VAL val=4553.44 vah=4570.68 poc=4562.06 vwap=4563.98
2026-05-26T19:45:00+07:00,2026-05-26T20:15:00+07:00,SELL,4512.57,4516.93,4482.29,BE,-0.2,S419 SELL Orochi BREAKOUT@VAL 7R,BREAKOUT@VAL val=4553.01 vah=4570.17 poc=4562.20 vwap=4564.55
2026-05-26T20:20:00+07:00,2026-05-26T20:30:00+07:00,SELL,4509.68,4517.48,4455.0,BE,-0.2,S419 SELL Orochi BREAKOUT@VAL 7R,BREAKOUT@VAL val=4516.51 vah=4564.23 poc=4530.82 vwap=4543.37
2026-05-26T20:35:00+07:00,2026-05-26T20:45:00+07:00,SELL,4502.32,4512.23,4433.27,SL,-10.11,S419 SELL Orochi BREAKOUT@VAL 7R,BREAKOUT@VAL val=4516.51 vah=4564.23 poc=4530.82 vwap=4543.37
2026-05-26T22:10:00+07:00,2026-05-26T22:20:00+07:00,SELL,4511.11,4521.91,4435.43,BE,-0.2,S419 SELL Orochi BREAKOUT@VAL 7R,BREAKOUT@VAL val=4516.51 vah=4564.23 poc=4530.82 vwap=4543.37
2026-05-26T22:55:00+07:00,2026-05-27T06:00:00+07:00,SELL,4515.35,4520.97,4475.93,BE,-0.2,S419 SELL Orochi BREAKOUT@VAL 7R,BREAKOUT@VAL val=4516.51 vah=4564.23 poc=4530.82 vwap=4543.37
2026-05-27T06:10:00+07:00,2026-05-27T06:20:00+07:00,SELL,4504.83,4511.37,4458.73,BE,-0.2,S419 SELL Orochi BREAKOUT@VAL 7R,BREAKOUT@VAL val=4516.51 vah=4564.23 poc=4530.82 vwap=4543.37
2026-05-27T06:25:00+07:00,2026-05-27T06:50:00+07:00,SELL,4504.39,4511.5,4454.54,BE,-0.2,S419 SELL Orochi BREAKOUT@VAL 7R,BREAKOUT@VAL val=4516.51 vah=4564.23 poc=4530.82 vwap=4543.37
2026-05-27T06:55:00+07:00,2026-05-27T07:05:00+07:00,SELL,4511.06,4514.14,4488.46,BE,-0.2,S419 SELL Orochi BREAKOUT@VAL 7R,BREAKOUT@VAL val=4516.51 vah=4564.23 poc=4530.82 vwap=4543.37
2026-05-27T07:10:00+07:00,2026-05-27T07:20:00+07:00,SELL,4508.92,4514.6,4469.4,BE,-0.2,S419 SELL Orochi BREAKOUT@VAL 7R,BREAKOUT@VAL val=4516.51 vah=4564.23 poc=4530.82 vwap=4543.37
2026-05-27T07:25:00+07:00,2026-05-27T07:30:00+07:00,SELL,4512.34,4513.29,4504.97,SL,-1.15,S419 SELL Orochi BREAKOUT@VAL 7R,BREAKOUT@VAL val=4516.51 vah=4564.23 poc=4530.82 vwap=4543.37
2026-05-27T07:35:00+07:00,2026-05-27T07:40:00+07:00,SELL,4515.61,4517.74,4501.26,SL,-2.33,S419 SELL Orochi BREAKOUT@VAL 7R,BREAKOUT@VAL val=4516.51 vah=4564.23 poc=4530.82 vwap=4543.37
2026-05-27T09:00:00+07:00,2026-05-27T09:10:00+07:00,SELL,4515.95,4519.92,4486.0,BE,-0.2,S419 SELL Orochi BREAKOUT@VAL 7R,BREAKOUT@VAL val=4516.51 vah=4564.23 poc=4530.82 vwap=4543.37
2026-05-27T09:30:00+07:00,2026-05-27T12:45:00+07:00,SELL,4514.95,4520.47,4477.75,BE,-0.2,S419 SELL Orochi BREAKOUT@VAL 7R,BREAKOUT@VAL val=4516.51 vah=4564.23 poc=4530.82 vwap=4543.37
2026-05-27T12:50:00+07:00,2026-05-27T13:00:00+07:00,SELL,4512.14,4518.23,4469.91,BE,-0.2,S419 SELL Orochi BREAKOUT@VAL 7R,BREAKOUT@VAL val=4519.69 vah=4551.51 poc=4530.82 vwap=4539.25
2026-05-27T13:05:00+07:00,2026-05-27T14:20:00+07:00,SELL,4511.07,4514.92,4484.76,TP,26.11,S419 SELL Orochi BREAKOUT@VAL 7R,BREAKOUT@VAL val=4519.69 vah=4551.51 poc=4530.82 vwap=4538.55
2026-05-27T14:25:00+07:00,2026-05-27T14:40:00+07:00,SELL,4486.4,4492.12,4445.16,BE,-0.2,S419 SELL Orochi BREAKOUT@VAL 7R,BREAKOUT@VAL val=4519.69 vah=4548.32 poc=4530.82 vwap=4536.76
2026-05-27T14:45:00+07:00,2026-05-27T15:00:00+07:00,SELL,4488.37,4491.73,4465.25,BE,-0.2,S419 SELL Orochi BREAKOUT@VAL 7R,BREAKOUT@VAL val=4519.69 vah=4545.14 poc=4530.82 vwap=4536.13
2026-05-27T15:05:00+07:00,2026-05-27T15:15:00+07:00,SELL,4484.84,4489.94,4448.82,BE,-0.2,S419 SELL Orochi BREAKOUT@VAL 7R,BREAKOUT@VAL val=4519.69 vah=4545.14 poc=4530.82 vwap=4535.54
2026-05-27T15:20:00+07:00,2026-05-27T15:30:00+07:00,SELL,4486.45,4490.52,4458.92,BE,-0.2,S419 SELL Orochi BREAKOUT@VAL 7R,BREAKOUT@VAL val=4519.69 vah=4545.14 poc=4530.82 vwap=4535.37
2026-05-27T15:35:00+07:00,2026-05-27T15:45:00+07:00,SELL,4483.03,4489.79,4435.79,BE,-0.2,S419 SELL Orochi BREAKOUT@VAL 7R,BREAKOUT@VAL val=4519.69 vah=4545.14 poc=4530.82 vwap=4535.17
2026-05-27T15:50:00+07:00,2026-05-27T16:00:00+07:00,SELL,4479.33,4485.24,4437.88,SL,-6.11,S419 SELL Orochi BREAKOUT@VAL 7R,BREAKOUT@VAL val=4519.69 vah=4545.14 poc=4530.82 vwap=4535.00
2026-05-27T16:05:00+07:00,2026-05-27T16:15:00+07:00,SELL,4485.95,4490.39,4455.03,BE,-0.2,S419 SELL Orochi BREAKOUT@VAL 7R,BREAKOUT@VAL val=4519.69 vah=4545.14 poc=4530.82 vwap=4534.87
2026-05-27T16:20:00+07:00,2026-05-27T16:35:00+07:00,SELL,4490.67,4493.88,4468.44,BE,-0.2,S419 SELL Orochi BREAKOUT@VAL 7R,BREAKOUT@VAL val=4519.69 vah=4545.14 poc=4530.82 vwap=4534.64
2026-05-27T16:40:00+07:00,2026-05-27T16:50:00+07:00,SELL,4496.27,4497.73,4485.97,BE,-0.2,S419 SELL Orochi BREAKOUT@VAL 7R,BREAKOUT@VAL val=4519.69 vah=4541.96 poc=4530.82 vwap=4534.17
2026-05-27T16:55:00+07:00,2026-05-27T18:15:00+07:00,SELL,4497.89,4499.81,4484.29,TP,13.4,S419 SELL Orochi BREAKOUT@VAL 7R,BREAKOUT@VAL val=4519.69 vah=4541.96 poc=4530.82 vwap=4533.88
2026-05-27T18:25:00+07:00,2026-05-27T19:20:00+07:00,SELL,4476.79,4482.07,4441.19,TP,35.4,S419 SELL Orochi BREAKOUT@VAL 7R,BREAKOUT@VAL val=4520.35 vah=4538.98 poc=4531.74 vwap=4531.42
2026-05-27T19:25:00+07:00,2026-05-27T19:35:00+07:00,SELL,4440.91,4451.3,4368.26,BE,-0.2,S419 SELL Orochi BREAKOUT@VAL 7R,BREAKOUT@VAL val=4522.76 vah=4539.83 poc=4531.29 vwap=4529.93
2026-05-27T19:40:00+07:00,2026-05-27T20:15:00+07:00,SELL,4443.2,4446.47,4420.23,BE,-0.2,S419 SELL Orochi BREAKOUT@VAL 7R,BREAKOUT@VAL val=4521.53 vah=4537.51 poc=4533.07 vwap=4529.37
2026-05-27T20:20:00+07:00,2026-05-27T20:30:00+07:00,SELL,4454.79,4468.49,4358.49,BE,-0.2,S419 SELL Orochi BREAKOUT@VAL 7R,BREAKOUT@VAL val=4487.04 vah=4522.49 poc=4506.98 vwap=4499.21
2026-05-27T20:35:00+07:00,2026-05-27T22:10:00+07:00,SELL,4452.2,4462.75,4377.87,BE,-0.2,S419 SELL Orochi BREAKOUT@VAL 7R,BREAKOUT@VAL val=4487.04 vah=4522.49 poc=4506.98 vwap=4499.21
2026-05-27T22:15:00+07:00,2026-05-28T00:40:00+07:00,SELL,4451.13,4458.53,4399.17,BE,-0.2,S419 SELL Orochi BREAKOUT@VAL 7R,BREAKOUT@VAL val=4487.04 vah=4522.49 poc=4506.98 vwap=4499.21
2026-05-28T00:45:00+07:00,2026-05-28T01:30:00+07:00,SELL,4452.08,4454.36,4436.04,BE,-0.2,S419 SELL Orochi BREAKOUT@VAL 7R,BREAKOUT@VAL val=4487.04 vah=4522.49 poc=4506.98 vwap=4499.21
2026-05-28T01:35:00+07:00,2026-05-28T01:45:00+07:00,SELL,4451.02,4455.34,4420.86,BE,-0.2,S419 SELL Orochi BREAKOUT@VAL 7R,BREAKOUT@VAL val=4487.04 vah=4522.49 poc=4506.98 vwap=4499.21
2026-05-28T01:50:00+07:00,2026-05-28T02:15:00+07:00,SELL,4452.93,4454.71,4440.39,BE,-0.2,S419 SELL Orochi BREAKOUT@VAL 7R,BREAKOUT@VAL val=4487.04 vah=4522.49 poc=4506.98 vwap=4499.21
2026-05-28T02:20:00+07:00,2026-05-28T02:30:00+07:00,SELL,4454.96,4459.08,4426.2,BE,-0.2,S419 SELL Orochi BREAKOUT@VAL 7R,BREAKOUT@VAL val=4487.04 vah=4522.49 poc=4506.98 vwap=4499.21
2026-05-28T02:35:00+07:00,2026-05-28T02:50:00+07:00,SELL,4453.15,4457.26,4424.22,BE,-0.2,S419 SELL Orochi BREAKOUT@VAL 7R,BREAKOUT@VAL val=4487.04 vah=4522.49 poc=4506.98 vwap=4499.21
2026-05-28T02:55:00+07:00,2026-05-28T03:35:00+07:00,SELL,4454.41,4455.63,4445.95,BE,-0.2,S419 SELL Orochi BREAKOUT@VAL 7R,BREAKOUT@VAL val=4487.04 vah=4522.49 poc=4506.98 vwap=4499.21
2026-05-28T03:40:00+07:00,2026-05-28T04:10:00+07:00,SELL,4453.65,4455.41,4441.25,BE,-0.2,S419 SELL Orochi BREAKOUT@VAL 7R,BREAKOUT@VAL val=4487.04 vah=4522.49 poc=4506.98 vwap=4499.21
2026-05-28T04:15:00+07:00,2026-05-28T06:00:00+07:00,SELL,4458.29,4459.55,4449.55,BE,-0.2,S419 SELL Orochi BREAKOUT@VAL 7R,BREAKOUT@VAL val=4487.04 vah=4522.49 poc=4506.98 vwap=4499.21
2026-05-28T06:10:00+07:00,2026-05-28T06:20:00+07:00,SELL,4457.94,4463.18,4421.1,BE,-0.2,S419 SELL Orochi BREAKOUT@VAL 7R,BREAKOUT@VAL val=4487.04 vah=4522.49 poc=4506.98 vwap=4499.21
2026-05-28T06:25:00+07:00,2026-05-28T06:35:00+07:00,SELL,4459.91,4462.92,4439.4,BE,-0.2,S419 SELL Orochi BREAKOUT@VAL 7R,BREAKOUT@VAL val=4487.04 vah=4522.49 poc=4506.98 vwap=4499.21
2026-05-28T06:40:00+07:00,2026-05-28T09:00:00+07:00,SELL,4458.52,4463.36,4424.88,BE,-0.2,S419 SELL Orochi BREAKOUT@VAL 7R,BREAKOUT@VAL val=4487.04 vah=4522.49 poc=4506.98 vwap=4499.21
2026-05-28T09:20:00+07:00,2026-05-28T20:55:00+07:00,SELL,4431.12,4442.04,4355.64,BE,-0.2,S419 SELL Orochi BREAKOUT@VAL 7R,BREAKOUT@VAL val=4484.90 vah=4519.11 poc=4504.14 vwap=4496.27
2026-05-28T22:20:00+07:00,2026-05-28T22:30:00+07:00,BUY,4461.52,4448.71,4550.95,BE,-0.2,S419 BUY Orochi BREAKOUT@VAH 7R,BREAKOUT@VAH val=4391.40 vah=4458.07 poc=4451.82 vwap=4417.95
2026-05-28T22:40:00+07:00,2026-05-28T22:50:00+07:00,BUY,4468.97,4449.78,4604.82,BE,-0.2,S419 BUY Orochi BREAKOUT@VAH 7R,BREAKOUT@VAH val=4391.40 vah=4458.07 poc=4451.82 vwap=4417.95
2026-05-28T22:55:00+07:00,2026-05-28T23:20:00+07:00,BUY,4469.35,4458.72,4544.0,BE,-0.2,S419 BUY Orochi BREAKOUT@VAH 7R,BREAKOUT@VAH val=4391.40 vah=4458.07 poc=4451.82 vwap=4417.95
2026-05-28T23:25:00+07:00,2026-05-29T22:00:00+07:00,BUY,4476.79,4466.89,4546.17,TP,69.18,S419 BUY Orochi BREAKOUT@VAH 7R,BREAKOUT@VAH val=4391.40 vah=4458.07 poc=4451.82 vwap=4417.95
2026-05-29T22:10:00+07:00,2026-05-29T22:15:00+07:00,BUY,4543.92,4542.08,4556.24,SL,-2.04,S419 BUY Orochi BREAKOUT@VAH 7R,BREAKOUT@VAH val=4481.91 vah=4536.45 poc=4505.77 vwap=4491.06
2026-05-29T22:45:00+07:00,2026-05-30T04:55:00+07:00,BUY,4539.74,4529.6,4610.64,BE,-0.2,S419 BUY Orochi BREAKOUT@VAH 7R,BREAKOUT@VAH val=4481.91 vah=4536.45 poc=4505.77 vwap=4491.06
2026-06-01T21:30:00+07:00,2026-06-01T21:35:00+07:00,SELL,4466.11,4472.23,4423.35,SL,-6.32,S419 SELL Orochi BREAKOUT@VAL 7R,BREAKOUT@VAL val=4491.62 vah=4529.44 poc=4499.90 vwap=4516.56
2026-06-01T21:40:00+07:00,2026-06-01T23:15:00+07:00,SELL,4467.18,4481.12,4370.16,BE,-0.2,S419 SELL Orochi BREAKOUT@VAL 7R,BREAKOUT@VAL val=4491.62 vah=4529.44 poc=4499.90 vwap=4516.56
2026-06-01T23:20:00+07:00,2026-06-01T23:25:00+07:00,SELL,4466.94,4469.44,4450.32,SL,-2.7,S419 SELL Orochi BREAKOUT@VAL 7R,BREAKOUT@VAL val=4491.62 vah=4529.44 poc=4499.90 vwap=4516.56
2026-06-01T23:30:00+07:00,2026-06-02T00:00:00+07:00,SELL,4477.09,4480.32,4454.56,BE,-0.2,S419 SELL Orochi BREAKOUT@VAL 7R,BREAKOUT@VAL val=4491.62 vah=4529.44 poc=4499.90 vwap=4516.56
2026-06-02T00:10:00+07:00,2026-06-02T00:20:00+07:00,SELL,4467.36,4475.72,4409.48,BE,-0.2,S419 SELL Orochi BREAKOUT@VAL 7R,BREAKOUT@VAL val=4491.62 vah=4529.44 poc=4499.90 vwap=4516.56
2026-06-02T00:25:00+07:00,2026-06-02T00:30:00+07:00,SELL,4468.01,4470.94,4447.74,SL,-3.13,S419 SELL Orochi BREAKOUT@VAL 7R,BREAKOUT@VAL val=4491.62 vah=4529.44 poc=4499.90 vwap=4516.56
2026-06-02T00:35:00+07:00,2026-06-02T00:45:00+07:00,SELL,4469.25,4473.29,4441.05,BE,-0.2,S419 SELL Orochi BREAKOUT@VAL 7R,BREAKOUT@VAL val=4491.62 vah=4529.44 poc=4499.90 vwap=4516.56
2026-06-02T00:50:00+07:00,2026-06-02T00:55:00+07:00,SELL,4479.95,4482.02,4465.14,SL,-2.27,S419 SELL Orochi BREAKOUT@VAL 7R,BREAKOUT@VAL val=4491.62 vah=4529.44 poc=4499.90 vwap=4516.56
2026-06-02T01:00:00+07:00,2026-06-02T01:20:00+07:00,SELL,4476.33,4483.27,4427.59,BE,-0.2,S419 SELL Orochi BREAKOUT@VAL 7R,BREAKOUT@VAL val=4491.62 vah=4529.44 poc=4499.90 vwap=4516.56
2026-06-02T01:25:00+07:00,2026-06-02T01:30:00+07:00,SELL,4482.84,4483.86,4473.94,SL,-1.22,S419 SELL Orochi BREAKOUT@VAL 7R,BREAKOUT@VAL val=4491.62 vah=4529.44 poc=4499.90 vwap=4516.56
2026-06-02T01:35:00+07:00,2026-06-02T01:40:00+07:00,SELL,4482.97,4486.65,4458.09,SL,-3.88,S419 SELL Orochi BREAKOUT@VAL 7R,BREAKOUT@VAL val=4491.62 vah=4529.44 poc=4499.90 vwap=4516.56
2026-06-02T01:55:00+07:00,2026-06-02T02:05:00+07:00,SELL,4487.5,4493.27,4447.03,BE,-0.2,S419 SELL Orochi BREAKOUT@VAL 7R,BREAKOUT@VAL val=4491.62 vah=4529.44 poc=4499.90 vwap=4516.56
2026-06-02T02:10:00+07:00,2026-06-02T02:20:00+07:00,SELL,4488.65,4491.3,4470.02,BE,-0.2,S419 SELL Orochi BREAKOUT@VAL 7R,BREAKOUT@VAL val=4491.62 vah=4529.44 poc=4499.90 vwap=4516.56
2026-06-02T02:25:00+07:00,2026-06-02T02:35:00+07:00,SELL,4486.72,4491.11,4455.43,BE,-0.2,S419 SELL Orochi BREAKOUT@VAL 7R,BREAKOUT@VAL val=4491.62 vah=4529.44 poc=4499.90 vwap=4516.56
2026-06-02T02:40:00+07:00,2026-06-02T02:50:00+07:00,SELL,4487.86,4488.95,4480.71,BE,-0.2,S419 SELL Orochi BREAKOUT@VAL 7R,BREAKOUT@VAL val=4491.62 vah=4529.44 poc=4499.90 vwap=4516.56
2026-06-02T02:55:00+07:00,2026-06-02T03:05:00+07:00,SELL,4486.66,4489.18,4469.34,BE,-0.2,S419 SELL Orochi BREAKOUT@VAL 7R,BREAKOUT@VAL val=4491.62 vah=4529.44 poc=4499.90 vwap=4516.56
2026-06-02T03:10:00+07:00,2026-06-02T03:20:00+07:00,SELL,4485.41,4488.61,4462.85,BE,-0.2,S419 SELL Orochi BREAKOUT@VAL 7R,BREAKOUT@VAL val=4491.62 vah=4529.44 poc=4499.90 vwap=4516.56
2026-06-02T03:25:00+07:00,2026-06-02T03:35:00+07:00,SELL,4484.67,4487.08,4467.88,BE,-0.2,S419 SELL Orochi BREAKOUT@VAL 7R,BREAKOUT@VAL val=4491.62 vah=4529.44 poc=4499.90 vwap=4516.56
2026-06-02T03:40:00+07:00,2026-06-02T03:50:00+07:00,SELL,4483.41,4485.96,4465.88,BE,-0.2,S419 SELL Orochi BREAKOUT@VAL 7R,BREAKOUT@VAL val=4491.62 vah=4529.44 poc=4499.90 vwap=4516.56
2026-06-02T03:55:00+07:00,2026-06-02T04:05:00+07:00,SELL,4481.12,4484.02,4460.42,BE,-0.2,S419 SELL Orochi BREAKOUT@VAL 7R,BREAKOUT@VAL val=4491.62 vah=4529.44 poc=4499.90 vwap=4516.56
2026-06-02T04:10:00+07:00,2026-06-02T04:25:00+07:00,SELL,4483.52,4484.86,4473.98,BE,-0.2,S419 SELL Orochi BREAKOUT@VAL 7R,BREAKOUT@VAL val=4491.62 vah=4529.44 poc=4499.90 vwap=4516.56
2026-06-02T04:30:00+07:00,2026-06-02T04:40:00+07:00,SELL,4484.58,4485.2,4479.76,BE,-0.2,S419 SELL Orochi BREAKOUT@VAL 7R,BREAKOUT@VAL val=4491.62 vah=4529.44 poc=4499.90 vwap=4516.56
2026-06-02T04:45:00+07:00,2026-06-02T04:55:00+07:00,SELL,4483.95,4485.23,4474.75,BE,-0.2,S419 SELL Orochi BREAKOUT@VAL 7R,BREAKOUT@VAL val=4491.62 vah=4529.44 poc=4499.90 vwap=4516.56
2026-06-02T06:00:00+07:00,2026-06-02T06:10:00+07:00,SELL,4482.48,4485.85,4458.89,BE,-0.2,S419 SELL Orochi BREAKOUT@VAL 7R,BREAKOUT@VAL val=4491.62 vah=4529.44 poc=4499.90 vwap=4516.56
2026-06-02T06:15:00+07:00,2026-06-02T06:45:00+07:00,SELL,4484.26,4485.65,4473.89,BE,-0.2,S419 SELL Orochi BREAKOUT@VAL 7R,BREAKOUT@VAL val=4491.62 vah=4529.44 poc=4499.90 vwap=4516.56
2026-06-02T06:50:00+07:00,2026-06-02T06:55:00+07:00,SELL,4483.98,4486.39,4466.95,SL,-2.61,S419 SELL Orochi BREAKOUT@VAL 7R,BREAKOUT@VAL val=4491.62 vah=4529.44 poc=4499.90 vwap=4516.56
2026-06-02T07:00:00+07:00,2026-06-02T07:10:00+07:00,SELL,4486.32,4488.43,4471.23,BE,-0.2,S419 SELL Orochi BREAKOUT@VAL 7R,BREAKOUT@VAL val=4491.62 vah=4529.44 poc=4499.90 vwap=4516.56
2026-06-02T07:15:00+07:00,2026-06-02T07:25:00+07:00,SELL,4486.15,4488.65,4471.69,BE,-0.2,S419 SELL Orochi BREAKOUT@VAL 7R,BREAKOUT@VAL val=4491.62 vah=4529.44 poc=4499.90 vwap=4516.56
2026-06-02T07:30:00+07:00,2026-06-02T07:40:00+07:00,SELL,4484.75,4488.81,4456.65,BE,-0.2,S419 SELL Orochi BREAKOUT@VAL 7R,BREAKOUT@VAL val=4491.62 vah=4529.44 poc=4499.90 vwap=4516.56
2026-06-02T07:50:00+07:00,2026-06-02T07:55:00+07:00,SELL,4484.84,4485.63,4478.51,SL,-0.99,S419 SELL Orochi BREAKOUT@VAL 7R,BREAKOUT@VAL val=4491.62 vah=4529.44 poc=4499.90 vwap=4516.56
2026-06-02T08:00:00+07:00,2026-06-02T08:15:00+07:00,SELL,4484.59,4486.64,4470.16,BE,-0.2,S419 SELL Orochi BREAKOUT@VAL 7R,BREAKOUT@VAL val=4491.62 vah=4529.44 poc=4499.90 vwap=4516.56
2026-06-02T08:20:00+07:00,2026-06-02T08:25:00+07:00,SELL,4489.63,4490.63,4483.59,SL,-1.2,S419 SELL Orochi BREAKOUT@VAL 7R,BREAKOUT@VAL val=4491.62 vah=4529.44 poc=4499.90 vwap=4516.56
2026-06-02T08:40:00+07:00,2026-06-02T09:10:00+07:00,SELL,4487.04,4492.62,4448.22,BE,-0.2,S419 SELL Orochi BREAKOUT@VAL 7R,BREAKOUT@VAL val=4491.62 vah=4529.44 poc=4499.90 vwap=4516.56
2026-06-02T09:15:00+07:00,2026-06-02T09:25:00+07:00,SELL,4485.87,4493.63,4432.27,BE,-0.2,S419 SELL Orochi BREAKOUT@VAL 7R,BREAKOUT@VAL val=4491.62 vah=4529.44 poc=4499.90 vwap=4516.56
2026-06-02T09:30:00+07:00,2026-06-02T11:00:00+07:00,SELL,4487.28,4494.11,4439.79,BE,-0.2,S419 SELL Orochi BREAKOUT@VAL 7R,BREAKOUT@VAL val=4491.62 vah=4529.44 poc=4499.90 vwap=4516.56
2026-06-02T11:05:00+07:00,2026-06-02T11:25:00+07:00,SELL,4486.78,4493.93,4436.17,BE,-0.2,S419 SELL Orochi BREAKOUT@VAL 7R,BREAKOUT@VAL val=4491.62 vah=4529.44 poc=4499.90 vwap=4516.56
2026-06-02T14:35:00+07:00,2026-06-02T14:45:00+07:00,BUY,4534.05,4531.74,4549.9,BE,-0.2,S419 BUY Orochi BREAKOUT@VAH 7R,BREAKOUT@VAH val=4491.62 vah=4529.44 poc=4499.90 vwap=4516.56
2026-06-02T14:50:00+07:00,2026-06-02T15:30:00+07:00,BUY,4532.97,4530.8,4548.08,BE,-0.2,S419 BUY Orochi BREAKOUT@VAH 7R,BREAKOUT@VAH val=4491.62 vah=4529.44 poc=4499.90 vwap=4516.56
2026-06-02T15:35:00+07:00,2026-06-02T15:45:00+07:00,BUY,4532.98,4530.84,4547.88,BE,-0.2,S419 BUY Orochi BREAKOUT@VAH 7R,BREAKOUT@VAH val=4491.62 vah=4529.44 poc=4499.90 vwap=4516.56
2026-06-02T15:50:00+07:00,2026-06-02T16:20:00+07:00,BUY,4530.72,4527.23,4554.67,BE,-0.2,S419 BUY Orochi BREAKOUT@VAH 7R,BREAKOUT@VAH val=4491.62 vah=4529.44 poc=4499.90 vwap=4516.56
2026-06-02T16:25:00+07:00,2026-06-02T16:35:00+07:00,BUY,4531.13,4529.03,4546.15,BE,-0.2,S419 BUY Orochi BREAKOUT@VAH 7R,BREAKOUT@VAH val=4491.62 vah=4529.44 poc=4499.90 vwap=4516.52
2026-06-02T16:45:00+07:00,2026-06-02T16:55:00+07:00,BUY,4529.47,4526.83,4548.67,SL,-2.84,S419 BUY Orochi BREAKOUT@VAH 7R,BREAKOUT@VAH val=4491.62 vah=4527.08 poc=4499.90 vwap=4516.16
2026-06-02T17:05:00+07:00,2026-06-02T17:20:00+07:00,BUY,4528.96,4524.48,4560.48,BE,-0.2,S419 BUY Orochi BREAKOUT@VAH 7R,BREAKOUT@VAH val=4491.62 vah=4527.08 poc=4499.90 vwap=4515.83
2026-06-02T17:30:00+07:00,2026-06-02T17:40:00+07:00,BUY,4525.73,4521.15,4557.39,BE,-0.2,S419 BUY Orochi BREAKOUT@VAH 7R,BREAKOUT@VAH val=4491.62 vah=4524.72 poc=4499.90 vwap=4515.47
2026-06-02T17:45:00+07:00,2026-06-02T18:20:00+07:00,BUY,4526.34,4521.96,4556.84,BE,-0.2,S419 BUY Orochi BREAKOUT@VAH 7R,BREAKOUT@VAH val=4491.62 vah=4524.72 poc=4499.90 vwap=4515.16
2026-06-02T18:25:00+07:00,2026-06-02T19:15:00+07:00,BUY,4528.38,4523.78,4560.66,BE,-0.2,S419 BUY Orochi BREAKOUT@VAH 7R,BREAKOUT@VAH val=4493.92 vah=4524.19 poc=4506.72 vwap=4513.73
2026-06-02T19:20:00+07:00,2026-06-02T19:35:00+07:00,BUY,4528.79,4525.85,4548.65,BE,-0.2,S419 BUY Orochi BREAKOUT@VAH 7R,BREAKOUT@VAH val=4493.21 vah=4520.85 poc=4506.04 vwap=4511.41
2026-06-02T19:40:00+07:00,2026-06-02T19:55:00+07:00,BUY,4526.99,4525.52,4537.12,BE,-0.2,S419 BUY Orochi BREAKOUT@VAH 7R,BREAKOUT@VAH val=4493.04 vah=4519.50 poc=4505.32 vwap=4510.47
2026-06-02T20:00:00+07:00,2026-06-02T20:05:00+07:00,BUY,4527.8,4524.98,4547.62,SL,-3.02,S419 BUY Orochi BREAKOUT@VAH 7R,BREAKOUT@VAH val=4451.72 vah=4510.26 poc=4484.89 vwap=4492.80
2026-06-02T20:10:00+07:00,2026-06-02T20:15:00+07:00,BUY,4526.37,4524.28,4540.76,SL,-2.29,S419 BUY Orochi BREAKOUT@VAH 7R,BREAKOUT@VAH val=4451.72 vah=4510.26 poc=4484.89 vwap=4492.80
2026-06-02T20:25:00+07:00,2026-06-02T20:30:00+07:00,BUY,4529.3,4525.77,4554.17,SL,-3.73,S419 BUY Orochi BREAKOUT@VAH 7R,BREAKOUT@VAH val=4451.72 vah=4510.26 poc=4484.89 vwap=4492.80
2026-06-02T20:35:00+07:00,2026-06-02T20:45:00+07:00,BUY,4524.81,4520.78,4552.78,BE,-0.2,S419 BUY Orochi BREAKOUT@VAH 7R,BREAKOUT@VAH val=4451.72 vah=4510.26 poc=4484.89 vwap=4492.80
2026-06-02T20:50:00+07:00,2026-06-02T21:00:00+07:00,BUY,4515.0,4513.13,4528.41,BE,-0.2,S419 BUY Orochi BREAKOUT@VAH 7R,BREAKOUT@VAH val=4451.72 vah=4510.26 poc=4484.89 vwap=4492.80
2026-06-02T21:05:00+07:00,2026-06-02T21:15:00+07:00,BUY,4516.55,4511.96,4549.0,BE,-0.2,S419 BUY Orochi BREAKOUT@VAH 7R,BREAKOUT@VAH val=4451.72 vah=4510.26 poc=4484.89 vwap=4492.80
2026-06-02T21:20:00+07:00,2026-06-02T21:30:00+07:00,BUY,4513.2,4508.81,4543.53,BE,-0.2,S419 BUY Orochi BREAKOUT@VAH 7R,BREAKOUT@VAH val=4451.72 vah=4510.26 poc=4484.89 vwap=4492.80
2026-06-03T13:25:00+07:00,2026-06-03T13:35:00+07:00,SELL,4468.47,4473.95,4429.95,BE,-0.2,S419 SELL Orochi BREAKOUT@VAL 7R,BREAKOUT@VAL val=4469.51 vah=4528.39 poc=4484.23 vwap=4504.61
2026-06-03T13:45:00+07:00,2026-06-03T13:50:00+07:00,SELL,4465.97,4467.97,4452.37,SL,-2.2,S419 SELL Orochi BREAKOUT@VAL 7R,BREAKOUT@VAL val=4469.51 vah=4528.39 poc=4484.23 vwap=4504.90
2026-06-03T14:00:00+07:00,2026-06-03T14:15:00+07:00,SELL,4467.0,4468.57,4455.85,BE,-0.2,S419 SELL Orochi BREAKOUT@VAL 7R,BREAKOUT@VAL val=4469.51 vah=4528.39 poc=4484.23 vwap=4505.10
2026-06-03T14:25:00+07:00,2026-06-03T14:35:00+07:00,SELL,4462.56,4471.84,4398.0,BE,-0.2,S419 SELL Orochi BREAKOUT@VAL 7R,BREAKOUT@VAL val=4469.51 vah=4528.39 poc=4484.23 vwap=4505.48
2026-06-03T14:40:00+07:00,2026-06-03T14:55:00+07:00,SELL,4460.55,4465.56,4425.8,BE,-0.2,S419 SELL Orochi BREAKOUT@VAL 7R,BREAKOUT@VAL val=4469.51 vah=4528.39 poc=4484.23 vwap=4505.72
2026-06-03T15:00:00+07:00,2026-06-03T15:05:00+07:00,SELL,4465.21,4468.41,4442.65,SL,-3.4,S419 SELL Orochi BREAKOUT@VAL 7R,BREAKOUT@VAL val=4469.51 vah=4528.39 poc=4484.23 vwap=4506.08
2026-06-03T15:20:00+07:00,2026-06-03T15:50:00+07:00,SELL,4463.46,4471.39,4408.03,BE,-0.2,S419 SELL Orochi BREAKOUT@VAL 7R,BREAKOUT@VAL val=4469.51 vah=4528.39 poc=4484.23 vwap=4506.74
2026-06-03T16:00:00+07:00,2026-06-03T16:30:00+07:00,SELL,4457.85,4461.15,4433.79,BE,-0.2,S419 SELL Orochi BREAKOUT@VAL 7R,BREAKOUT@VAL val=4485.87 vah=4541.48 poc=4530.03 vwap=4507.20
2026-06-03T16:35:00+07:00,2026-06-03T17:05:00+07:00,SELL,4455.63,4459.98,4425.5,BE,-0.2,S419 SELL Orochi BREAKOUT@VAL 7R,BREAKOUT@VAL val=4485.87 vah=4541.48 poc=4530.03 vwap=4507.62
2026-06-03T17:10:00+07:00,2026-06-03T17:20:00+07:00,SELL,4451.35,4460.43,4387.87,BE,-0.2,S419 SELL Orochi BREAKOUT@VAL 7R,BREAKOUT@VAL val=4485.87 vah=4541.48 poc=4530.03 vwap=4508.10
2026-06-03T17:30:00+07:00,2026-06-03T17:40:00+07:00,SELL,4441.99,4450.63,4381.75,BE,-0.2,S419 SELL Orochi BREAKOUT@VAL 7R,BREAKOUT@VAL val=4485.87 vah=4541.48 poc=4530.03 vwap=4508.36
2026-06-03T17:45:00+07:00,2026-06-03T18:00:00+07:00,SELL,4447.11,4450.02,4426.42,BE,-0.2,S419 SELL Orochi BREAKOUT@VAL 7R,BREAKOUT@VAL val=4485.87 vah=4541.48 poc=4530.03 vwap=4508.49
2026-06-03T18:05:00+07:00,2026-06-03T18:15:00+07:00,SELL,4461.66,4468.28,4415.56,BE,-0.2,S419 SELL Orochi BREAKOUT@VAL 7R,BREAKOUT@VAL val=4485.87 vah=4541.48 poc=4530.03 vwap=4508.89
2026-06-03T18:20:00+07:00,2026-06-03T18:30:00+07:00,SELL,4456.96,4465.84,4394.32,BE,-0.2,S419 SELL Orochi BREAKOUT@VAL 7R,BREAKOUT@VAL val=4485.87 vah=4541.48 poc=4530.03 vwap=4509.27
2026-06-03T18:35:00+07:00,2026-06-03T18:50:00+07:00,SELL,4459.07,4463.96,4423.88,BE,-0.2,S419 SELL Orochi BREAKOUT@VAL 7R,BREAKOUT@VAL val=4489.14 vah=4541.48 poc=4530.03 vwap=4510.03
2026-06-03T18:55:00+07:00,2026-06-03T19:00:00+07:00,SELL,4459.36,4462.53,4434.29,SL,-3.37,S419 SELL Orochi BREAKOUT@VAL 7R,BREAKOUT@VAL val=4489.14 vah=4541.48 poc=4530.03 vwap=4510.63
2026-06-03T19:05:00+07:00,2026-06-03T19:20:00+07:00,SELL,4463.24,4469.49,4419.01,BE,-0.2,S419 SELL Orochi BREAKOUT@VAL 7R,BREAKOUT@VAL val=4489.14 vah=4541.48 poc=4530.03 vwap=4511.01
2026-06-03T19:25:00+07:00,2026-06-03T19:30:00+07:00,SELL,4464.62,4466.85,4448.45,SL,-2.43,S419 SELL Orochi BREAKOUT@VAL 7R,BREAKOUT@VAL val=4495.68 vah=4541.48 poc=4530.03 vwap=4512.39
2026-06-03T19:35:00+07:00,2026-06-03T19:50:00+07:00,SELL,4463.42,4468.15,4430.15,BE,-0.2,S419 SELL Orochi BREAKOUT@VAL 7R,BREAKOUT@VAL val=4495.68 vah=4541.48 poc=4530.03 vwap=4513.16
2026-06-03T19:55:00+07:00,2026-06-03T20:05:00+07:00,SELL,4462.68,4465.89,4438.29,BE,-0.2,S419 SELL Orochi BREAKOUT@VAL 7R,BREAKOUT@VAL val=4502.23 vah=4541.48 poc=4530.03 vwap=4514.45
2026-06-03T21:25:00+07:00,2026-06-03T21:35:00+07:00,SELL,4448.58,4459.51,4373.11,BE,-0.2,S419 SELL Orochi BREAKOUT@VAL 7R,BREAKOUT@VAL val=4450.87 vah=4494.48 poc=4488.53 vwap=4480.55
2026-06-03T21:50:00+07:00,2026-06-03T21:55:00+07:00,SELL,4444.46,4448.82,4414.58,SL,-4.56,S419 SELL Orochi BREAKOUT@VAL 7R,BREAKOUT@VAL val=4450.87 vah=4494.48 poc=4488.53 vwap=4480.55
2026-06-03T22:00:00+07:00,2026-06-03T22:10:00+07:00,SELL,4446.32,4453.73,4395.25,BE,-0.2,S419 SELL Orochi BREAKOUT@VAL 7R,BREAKOUT@VAL val=4450.87 vah=4494.48 poc=4488.53 vwap=4480.55
2026-06-03T22:20:00+07:00,2026-06-03T22:30:00+07:00,SELL,4449.61,4460.75,4372.03,BE,-0.2,S419 SELL Orochi BREAKOUT@VAL 7R,BREAKOUT@VAL val=4450.87 vah=4494.48 poc=4488.53 vwap=4480.55
2026-06-03T23:10:00+07:00,2026-06-04T01:05:00+07:00,SELL,4445.91,4454.74,4383.86,BE,-0.2,S419 SELL Orochi BREAKOUT@VAL 7R,BREAKOUT@VAL val=4450.87 vah=4494.48 poc=4488.53 vwap=4480.55
2026-06-04T01:15:00+07:00,2026-06-04T01:25:00+07:00,SELL,4442.53,4448.31,4401.67,BE,-0.2,S419 SELL Orochi BREAKOUT@VAL 7R,BREAKOUT@VAL val=4450.87 vah=4494.48 poc=4488.53 vwap=4480.55
2026-06-04T01:30:00+07:00,2026-06-04T01:40:00+07:00,SELL,4439.97,4443.82,4413.58,BE,-0.2,S419 SELL Orochi BREAKOUT@VAL 7R,BREAKOUT@VAL val=4450.87 vah=4494.48 poc=4488.53 vwap=4480.55
2026-06-04T01:45:00+07:00,2026-06-04T01:55:00+07:00,SELL,4438.19,4443.2,4403.04,BE,-0.2,S419 SELL Orochi BREAKOUT@VAL 7R,BREAKOUT@VAL val=4450.87 vah=4494.48 poc=4488.53 vwap=4480.55
2026-06-04T02:00:00+07:00,2026-06-04T02:25:00+07:00,SELL,4439.48,4441.45,4425.77,BE,-0.2,S419 SELL Orochi BREAKOUT@VAL 7R,BREAKOUT@VAL val=4450.87 vah=4494.48 poc=4488.53 vwap=4480.55
2026-06-04T02:30:00+07:00,2026-06-04T02:40:00+07:00,SELL,4438.77,4443.36,4406.88,BE,-0.2,S419 SELL Orochi BREAKOUT@VAL 7R,BREAKOUT@VAL val=4450.87 vah=4494.48 poc=4488.53 vwap=4480.55
2026-06-04T02:45:00+07:00,2026-06-04T02:55:00+07:00,SELL,4439.97,4442.52,4421.96,SL,-2.75,S419 SELL Orochi BREAKOUT@VAL 7R,BREAKOUT@VAL val=4450.87 vah=4494.48 poc=4488.53 vwap=4480.55
2026-06-04T03:00:00+07:00,2026-06-04T03:10:00+07:00,SELL,4449.19,4449.98,4443.74,BE,-0.2,S419 SELL Orochi BREAKOUT@VAL 7R,BREAKOUT@VAL val=4450.87 vah=4494.48 poc=4488.53 vwap=4480.55
2026-06-04T03:25:00+07:00,2026-06-04T03:35:00+07:00,SELL,4448.06,4453.03,4413.03,BE,-0.2,S419 SELL Orochi BREAKOUT@VAL 7R,BREAKOUT@VAL val=4450.87 vah=4494.48 poc=4488.53 vwap=4480.55
2026-06-04T03:40:00+07:00,2026-06-04T03:50:00+07:00,SELL,4446.86,4449.93,4425.61,BE,-0.2,S419 SELL Orochi BREAKOUT@VAL 7R,BREAKOUT@VAL val=4450.87 vah=4494.48 poc=4488.53 vwap=4480.55
2026-06-04T03:55:00+07:00,2026-06-04T06:55:00+07:00,SELL,4443.92,4447.72,4416.52,BE,-0.2,S419 SELL Orochi BREAKOUT@VAL 7R,BREAKOUT@VAL val=4450.87 vah=4494.48 poc=4488.53 vwap=4480.55
2026-06-04T07:00:00+07:00,2026-06-04T07:45:00+07:00,SELL,4446.37,4454.29,4391.97,SL,-8.12,S419 SELL Orochi BREAKOUT@VAL 7R,BREAKOUT@VAL val=4450.87 vah=4494.48 poc=4488.53 vwap=4480.55
2026-06-04T08:25:00+07:00,2026-06-04T08:35:00+07:00,SELL,4450.72,4457.47,4402.59,BE,-0.2,S419 SELL Orochi BREAKOUT@VAL 7R,BREAKOUT@VAL val=4452.20 vah=4491.85 poc=4486.90 vwap=4478.38
2026-06-04T08:40:00+07:00,2026-06-04T08:50:00+07:00,SELL,4448.44,4453.59,4411.43,BE,-0.2,S419 SELL Orochi BREAKOUT@VAL 7R,BREAKOUT@VAL val=4455.03 vah=4493.55 poc=4488.74 vwap=4477.80
2026-06-04T08:55:00+07:00,2026-06-04T09:00:00+07:00,SELL,4448.44,4454.37,4407.33,SL,-6.13,S419 SELL Orochi BREAKOUT@VAL 7R,BREAKOUT@VAL val=4457.84 vah=4492.41 poc=4487.70 vwap=4477.18
2026-06-04T19:20:00+07:00,2026-06-04T22:35:00+07:00,BUY,4478.84,4472.48,4523.44,BE,-0.2,S419 BUY Orochi BREAKOUT@VAH 7R,BREAKOUT@VAH val=4453.36 vah=4475.95 poc=4462.60 vwap=4464.77
2026-06-04T23:55:00+07:00,2026-06-05T00:05:00+07:00,BUY,4477.41,4473.0,4508.52,BE,-0.2,S419 BUY Orochi BREAKOUT@VAH 7R,BREAKOUT@VAH val=4442.86 vah=4476.89 poc=4463.65 vwap=4457.55
2026-06-05T00:10:00+07:00,2026-06-05T01:10:00+07:00,BUY,4479.16,4474.25,4513.45,BE,-0.2,S419 BUY Orochi BREAKOUT@VAH 7R,BREAKOUT@VAH val=4442.86 vah=4476.89 poc=4463.65 vwap=4457.55
2026-06-05T01:35:00+07:00,2026-06-05T01:45:00+07:00,BUY,4477.96,4476.02,4492.82,BE,-0.2,S419 BUY Orochi BREAKOUT@VAH 7R,BREAKOUT@VAH val=4442.86 vah=4476.89 poc=4463.65 vwap=4457.55
2026-06-05T01:50:00+07:00,2026-06-05T02:00:00+07:00,BUY,4478.47,4476.1,4494.98,BE,-0.2,S419 BUY Orochi BREAKOUT@VAH 7R,BREAKOUT@VAH val=4442.86 vah=4476.89 poc=4463.65 vwap=4457.55
2026-06-05T02:05:00+07:00,2026-06-05T02:15:00+07:00,BUY,4477.51,4475.72,4489.8,BE,-0.2,S419 BUY Orochi BREAKOUT@VAH 7R,BREAKOUT@VAH val=4442.86 vah=4476.89 poc=4463.65 vwap=4457.55
2026-06-05T02:20:00+07:00,2026-06-05T02:30:00+07:00,BUY,4480.23,4476.77,4504.53,BE,-0.2,S419 BUY Orochi BREAKOUT@VAH 7R,BREAKOUT@VAH val=4442.86 vah=4476.89 poc=4463.65 vwap=4457.55
2026-06-05T02:55:00+07:00,2026-06-05T03:05:00+07:00,BUY,4478.17,4475.03,4499.59,BE,-0.2,S419 BUY Orochi BREAKOUT@VAH 7R,BREAKOUT@VAH val=4442.86 vah=4476.89 poc=4463.65 vwap=4457.55
2026-06-05T03:10:00+07:00,2026-06-05T03:20:00+07:00,BUY,4478.18,4475.49,4496.85,BE,-0.2,S419 BUY Orochi BREAKOUT@VAH 7R,BREAKOUT@VAH val=4442.86 vah=4476.89 poc=4463.65 vwap=4457.55
2026-06-05T03:25:00+07:00,2026-06-05T03:35:00+07:00,BUY,4480.16,4477.25,4500.61,BE,-0.2,S419 BUY Orochi BREAKOUT@VAH 7R,BREAKOUT@VAH val=4442.86 vah=4476.89 poc=4463.65 vwap=4457.55
2026-06-05T03:40:00+07:00,2026-06-05T03:50:00+07:00,BUY,4477.96,4476.77,4487.01,BE,-0.2,S419 BUY Orochi BREAKOUT@VAH 7R,BREAKOUT@VAH val=4442.86 vah=4476.89 poc=4463.65 vwap=4457.55
2026-06-05T03:55:00+07:00,2026-06-05T04:05:00+07:00,BUY,4480.73,4476.44,4510.6,BE,-0.2,S419 BUY Orochi BREAKOUT@VAH 7R,BREAKOUT@VAH val=4442.86 vah=4476.89 poc=4463.65 vwap=4457.55
2026-06-05T04:10:00+07:00,2026-06-05T04:20:00+07:00,BUY,4477.89,4477.3,4482.66,BE,-0.2,S419 BUY Orochi BREAKOUT@VAH 7R,BREAKOUT@VAH val=4442.86 vah=4476.89 poc=4463.65 vwap=4457.55
2026-06-05T04:25:00+07:00,2026-06-05T04:30:00+07:00,BUY,4477.72,4476.11,4489.07,SL,-1.81,S419 BUY Orochi BREAKOUT@VAH 7R,BREAKOUT@VAH val=4442.86 vah=4476.89 poc=4463.65 vwap=4457.55
2026-06-05T06:25:00+07:00,2026-06-05T06:35:00+07:00,BUY,4479.03,4476.94,4492.86,BE,-0.2,S419 BUY Orochi BREAKOUT@VAH 7R,BREAKOUT@VAH val=4442.86 vah=4476.89 poc=4463.65 vwap=4457.55
2026-06-05T11:00:00+07:00,2026-06-05T11:10:00+07:00,SELL,4438.48,4445.38,4390.34,BE,-0.2,S419 SELL Orochi BREAKOUT@VAL 7R,BREAKOUT@VAL val=4442.86 vah=4480.67 poc=4467.43 vwap=4459.61
2026-06-05T11:15:00+07:00,2026-06-05T11:25:00+07:00,SELL,4438.79,4445.22,4393.7,BE,-0.2,S419 SELL Orochi BREAKOUT@VAL 7R,BREAKOUT@VAL val=4442.86 vah=4480.67 poc=4467.43 vwap=4459.86
2026-06-05T11:30:00+07:00,2026-06-05T11:40:00+07:00,SELL,4439.83,4442.88,4418.16,BE,-0.2,S419 SELL Orochi BREAKOUT@VAL 7R,BREAKOUT@VAL val=4442.86 vah=4480.67 poc=4467.43 vwap=4460.16
2026-06-05T11:45:00+07:00,2026-06-05T11:55:00+07:00,SELL,4441.19,4443.57,4424.69,BE,-0.2,S419 SELL Orochi BREAKOUT@VAL 7R,BREAKOUT@VAL val=4446.64 vah=4480.67 poc=4467.43 vwap=4460.60
2026-06-05T12:00:00+07:00,2026-06-05T12:15:00+07:00,SELL,4442.61,4445.65,4421.09,BE,-0.2,S419 SELL Orochi BREAKOUT@VAL 7R,BREAKOUT@VAL val=4446.64 vah=4480.67 poc=4467.43 vwap=4460.95
2026-06-05T12:20:00+07:00,2026-06-05T12:35:00+07:00,SELL,4439.83,4444.74,4405.7,BE,-0.2,S419 SELL Orochi BREAKOUT@VAL 7R,BREAKOUT@VAL val=4446.64 vah=4480.67 poc=4467.43 vwap=4461.39
2026-06-05T12:40:00+07:00,2026-06-05T12:50:00+07:00,SELL,4440.89,4445.0,4411.56,BE,-0.2,S419 SELL Orochi BREAKOUT@VAL 7R,BREAKOUT@VAL val=4446.64 vah=4480.67 poc=4467.43 vwap=4461.84
2026-06-05T12:55:00+07:00,2026-06-05T13:00:00+07:00,SELL,4445.06,4447.43,4428.39,SL,-2.57,S419 SELL Orochi BREAKOUT@VAL 7R,BREAKOUT@VAL val=4446.64 vah=4480.67 poc=4467.43 vwap=4462.26
2026-06-05T13:15:00+07:00,2026-06-05T13:25:00+07:00,SELL,4445.41,4450.73,4408.97,BE,-0.2,S419 SELL Orochi BREAKOUT@VAL 7R,BREAKOUT@VAL val=4450.42 vah=4480.67 poc=4467.43 vwap=4462.75
2026-06-05T13:30:00+07:00,2026-06-05T13:35:00+07:00,SELL,4442.75,4446.97,4413.37,SL,-4.42,S419 SELL Orochi BREAKOUT@VAL 7R,BREAKOUT@VAL val=4450.42 vah=4480.67 poc=4467.43 vwap=4463.14
2026-06-05T13:40:00+07:00,2026-06-05T13:50:00+07:00,SELL,4443.73,4448.94,4407.1,BE,-0.2,S419 SELL Orochi BREAKOUT@VAL 7R,BREAKOUT@VAL val=4450.42 vah=4480.67 poc=4467.43 vwap=4463.39
2026-06-05T14:05:00+07:00,2026-06-05T14:20:00+07:00,SELL,4440.29,4443.85,4416.01,BE,-0.2,S419 SELL Orochi BREAKOUT@VAL 7R,BREAKOUT@VAL val=4450.42 vah=4480.67 poc=4467.43 vwap=4463.91
2026-06-05T14:25:00+07:00,2026-06-05T14:30:00+07:00,SELL,4442.43,4447.9,4402.94,SL,-5.67,S419 SELL Orochi BREAKOUT@VAL 7R,BREAKOUT@VAL val=4454.20 vah=4480.67 poc=4467.43 vwap=4464.26
2026-06-05T14:35:00+07:00,2026-06-05T14:45:00+07:00,SELL,4448.49,4451.54,4426.74,BE,-0.2,S419 SELL Orochi BREAKOUT@VAL 7R,BREAKOUT@VAL val=4454.20 vah=4480.67 poc=4467.43 vwap=4464.42
2026-06-05T14:50:00+07:00,2026-06-05T15:00:00+07:00,SELL,4451.32,4457.76,4405.6,BE,-0.2,S419 SELL Orochi BREAKOUT@VAL 7R,BREAKOUT@VAL val=4454.20 vah=4480.67 poc=4467.43 vwap=4464.65
2026-06-05T15:05:00+07:00,2026-06-05T15:10:00+07:00,SELL,4457.33,4459.83,4439.99,SL,-2.7,S419 SELL Orochi BREAKOUT@VAL 7R,BREAKOUT@VAL val=4457.98 vah=4480.67 poc=4467.43 vwap=4464.87
2026-06-05T21:00:00+07:00,2026-06-05T21:10:00+07:00,SELL,4411.8,4422.38,4338.06,BE,-0.2,S419 SELL Orochi BREAKOUT@VAL 7R,BREAKOUT@VAL val=4443.25 vah=4486.55 poc=4463.09 vwap=4467.97
2026-06-05T21:15:00+07:00,2026-06-05T21:55:00+07:00,SELL,4417.65,4423.74,4374.54,TP,42.91,S419 SELL Orochi BREAKOUT@VAL 7R,BREAKOUT@VAL val=4443.25 vah=4486.55 poc=4463.09 vwap=4467.97
2026-06-05T22:00:00+07:00,2026-06-05T22:10:00+07:00,SELL,4372.1,4388.98,4254.5,BE,-0.2,S419 SELL Orochi BREAKOUT@VAL 7R,BREAKOUT@VAL val=4443.25 vah=4486.55 poc=4463.09 vwap=4467.97
2026-06-05T22:15:00+07:00,2026-06-05T22:55:00+07:00,SELL,4369.34,4380.14,4293.82,BE,-0.2,S419 SELL Orochi BREAKOUT@VAL 7R,BREAKOUT@VAL val=4443.25 vah=4486.55 poc=4463.09 vwap=4467.97
2026-06-05T23:00:00+07:00,2026-06-06T02:30:00+07:00,SELL,4368.42,4375.31,4320.35,TP,47.87,S419 SELL Orochi BREAKOUT@VAL 7R,BREAKOUT@VAL val=4443.25 vah=4486.55 poc=4463.09 vwap=4467.97
2026-06-06T02:35:00+07:00,2026-06-06T02:45:00+07:00,SELL,4320.31,4328.47,4263.03,BE,-0.2,S419 SELL Orochi BREAKOUT@VAL 7R,BREAKOUT@VAL val=4443.25 vah=4486.55 poc=4463.09 vwap=4467.97
2026-06-06T02:50:00+07:00,2026-06-06T02:55:00+07:00,SELL,4320.58,4323.21,4303.13,SL,-2.83,S419 SELL Orochi BREAKOUT@VAL 7R,BREAKOUT@VAL val=4443.25 vah=4486.55 poc=4463.09 vwap=4467.97
2026-06-06T03:00:00+07:00,2026-06-06T03:20:00+07:00,SELL,4320.84,4326.67,4279.87,BE,-0.2,S419 SELL Orochi BREAKOUT@VAL 7R,BREAKOUT@VAL val=4443.25 vah=4486.55 poc=4463.09 vwap=4467.97
2026-06-06T03:25:00+07:00,2026-06-06T03:35:00+07:00,SELL,4323.89,4325.74,4310.78,BE,-0.2,S419 SELL Orochi BREAKOUT@VAL 7R,BREAKOUT@VAL val=4443.25 vah=4486.55 poc=4463.09 vwap=4467.97
2026-06-06T03:40:00+07:00,2026-06-06T03:50:00+07:00,SELL,4318.81,4326.26,4266.98,BE,-0.2,S419 SELL Orochi BREAKOUT@VAL 7R,BREAKOUT@VAL val=4443.25 vah=4486.55 poc=4463.09 vwap=4467.97
2026-06-06T03:55:00+07:00,2026-06-06T04:20:00+07:00,SELL,4318.59,4325.19,4274.07,BE,-0.2,S419 SELL Orochi BREAKOUT@VAL 7R,BREAKOUT@VAL val=4443.25 vah=4486.55 poc=4463.09 vwap=4467.97
2026-06-06T04:25:00+07:00,2026-06-06T04:35:00+07:00,SELL,4322.69,4327.73,4287.25,BE,-0.2,S419 SELL Orochi BREAKOUT@VAL 7R,BREAKOUT@VAL val=4443.25 vah=4486.55 poc=4463.09 vwap=4467.97
2026-06-06T04:40:00+07:00,2026-06-06T04:45:00+07:00,SELL,4324.16,4326.43,4308.35,SL,-2.47,S419 SELL Orochi BREAKOUT@VAL 7R,BREAKOUT@VAL val=4443.25 vah=4486.55 poc=4463.09 vwap=4467.97
2026-06-06T04:50:00+07:00,2026-06-08T06:10:00+07:00,SELL,4327.67,4331.42,4301.98,BE,-0.2,S419 SELL Orochi BREAKOUT@VAL 7R,BREAKOUT@VAL val=4443.25 vah=4486.55 poc=4463.09 vwap=4467.97
2026-06-08T20:00:00+07:00,2026-06-08T20:10:00+07:00,BUY,4330.49,4323.47,4381.95,BE,-0.2,S419 BUY Orochi BREAKOUT@VAH 7R,BREAKOUT@VAH val=4289.77 vah=4328.56 poc=4312.69 vwap=4311.58
2026-06-08T20:25:00+07:00,2026-06-08T20:35:00+07:00,BUY,4330.15,4321.13,4392.57,BE,-0.2,S419 BUY Orochi BREAKOUT@VAH 7R,BREAKOUT@VAH val=4289.77 vah=4328.56 poc=4312.69 vwap=4311.58
2026-06-08T20:40:00+07:00,2026-06-08T20:50:00+07:00,BUY,4335.75,4326.02,4403.94,BE,-0.2,S419 BUY Orochi BREAKOUT@VAH 7R,BREAKOUT@VAH val=4289.77 vah=4328.56 poc=4312.69 vwap=4311.58
2026-06-08T20:55:00+07:00,2026-06-08T21:05:00+07:00,BUY,4333.08,4325.51,4386.47,BE,-0.2,S419 BUY Orochi BREAKOUT@VAH 7R,BREAKOUT@VAH val=4289.77 vah=4328.56 poc=4312.69 vwap=4311.58
2026-06-08T21:25:00+07:00,2026-06-08T21:50:00+07:00,BUY,4331.23,4323.77,4383.77,BE,-0.2,S419 BUY Orochi BREAKOUT@VAH 7R,BREAKOUT@VAH val=4289.77 vah=4328.56 poc=4312.69 vwap=4311.58
2026-06-08T23:00:00+07:00,2026-06-08T23:10:00+07:00,BUY,4329.08,4322.41,4375.45,BE,-0.2,S419 BUY Orochi BREAKOUT@VAH 7R,BREAKOUT@VAH val=4289.77 vah=4328.56 poc=4312.69 vwap=4311.58
2026-06-08T23:25:00+07:00,2026-06-09T03:10:00+07:00,BUY,4330.66,4327.18,4355.58,BE,-0.2,S419 BUY Orochi BREAKOUT@VAH 7R,BREAKOUT@VAH val=4289.77 vah=4328.56 poc=4312.69 vwap=4311.58
2026-06-09T03:15:00+07:00,2026-06-09T03:20:00+07:00,BUY,4328.82,4327.4,4338.68,SL,-1.62,S419 BUY Orochi BREAKOUT@VAH 7R,BREAKOUT@VAH val=4289.77 vah=4328.56 poc=4312.69 vwap=4311.58
2026-06-09T04:55:00+07:00,2026-06-09T06:00:00+07:00,BUY,4328.6,4326.32,4349.84,SL,-2.48,S419 BUY Orochi BREAKOUT@VAH 7R,BREAKOUT@VAH val=4289.77 vah=4328.56 poc=4312.69 vwap=4311.58
2026-06-09T09:35:00+07:00,2026-06-09T09:45:00+07:00,BUY,4335.37,4331.58,4361.98,BE,-0.2,S419 BUY Orochi BREAKOUT@VAH 7R,BREAKOUT@VAH val=4289.77 vah=4328.56 poc=4312.69 vwap=4311.58
2026-06-09T09:50:00+07:00,2026-06-09T10:00:00+07:00,BUY,4336.76,4332.4,4367.44,BE,-0.2,S419 BUY Orochi BREAKOUT@VAH 7R,BREAKOUT@VAH val=4289.77 vah=4328.56 poc=4312.69 vwap=4311.58
2026-06-09T10:05:00+07:00,2026-06-09T10:15:00+07:00,BUY,4331.13,4326.69,4362.37,BE,-0.2,S419 BUY Orochi BREAKOUT@VAH 7R,BREAKOUT@VAH val=4289.77 vah=4328.56 poc=4312.69 vwap=4311.58
2026-06-09T10:20:00+07:00,2026-06-09T10:30:00+07:00,BUY,4334.6,4328.72,4375.28,BE,-0.2,S419 BUY Orochi BREAKOUT@VAH 7R,BREAKOUT@VAH val=4289.77 vah=4328.56 poc=4312.69 vwap=4311.58
2026-06-09T10:35:00+07:00,2026-06-09T10:50:00+07:00,BUY,4335.18,4329.81,4372.45,BE,-0.2,S419 BUY Orochi BREAKOUT@VAH 7R,BREAKOUT@VAH val=4289.77 vah=4328.56 poc=4312.69 vwap=4311.58
2026-06-09T10:55:00+07:00,2026-06-09T11:00:00+07:00,BUY,4336.06,4333.8,4352.2,SL,-2.46,S419 BUY Orochi BREAKOUT@VAH 7R,BREAKOUT@VAH val=4289.77 vah=4328.56 poc=4312.69 vwap=4311.58
2026-06-09T11:05:00+07:00,2026-06-09T11:20:00+07:00,BUY,4338.34,4330.12,4395.96,BE,-0.2,S419 BUY Orochi BREAKOUT@VAH 7R,BREAKOUT@VAH val=4289.77 vah=4328.56 poc=4312.69 vwap=4311.58
2026-06-09T11:25:00+07:00,2026-06-09T11:35:00+07:00,BUY,4336.75,4332.26,4368.58,BE,-0.2,S419 BUY Orochi BREAKOUT@VAH 7R,BREAKOUT@VAH val=4289.77 vah=4328.56 poc=4312.69 vwap=4311.58
2026-06-09T11:40:00+07:00,2026-06-09T11:50:00+07:00,BUY,4337.66,4332.41,4374.25,BE,-0.2,S419 BUY Orochi BREAKOUT@VAH 7R,BREAKOUT@VAH val=4289.77 vah=4328.56 poc=4312.69 vwap=4311.58
2026-06-09T11:55:00+07:00,2026-06-09T12:00:00+07:00,BUY,4336.71,4333.26,4360.62,SL,-3.65,S419 BUY Orochi BREAKOUT@VAH 7R,BREAKOUT@VAH val=4289.77 vah=4328.56 poc=4312.69 vwap=4311.58
2026-06-09T12:05:00+07:00,2026-06-09T12:15:00+07:00,BUY,4337.26,4332.1,4373.46,BE,-0.2,S419 BUY Orochi BREAKOUT@VAH 7R,BREAKOUT@VAH val=4289.77 vah=4328.56 poc=4312.69 vwap=4311.58
2026-06-09T12:20:00+07:00,2026-06-09T12:30:00+07:00,BUY,4331.21,4327.77,4355.77,BE,-0.2,S419 BUY Orochi BREAKOUT@VAH 7R,BREAKOUT@VAH val=4289.77 vah=4328.56 poc=4312.69 vwap=4311.58
2026-06-09T13:05:00+07:00,2026-06-09T13:10:00+07:00,BUY,4332.64,4331.32,4341.48,SL,-1.52,S419 BUY Orochi BREAKOUT@VAH 7R,BREAKOUT@VAH val=4289.77 vah=4328.56 poc=4312.69 vwap=4311.58
2026-06-09T13:15:00+07:00,2026-06-09T13:25:00+07:00,BUY,4333.44,4329.92,4358.24,BE,-0.2,S419 BUY Orochi BREAKOUT@VAH 7R,BREAKOUT@VAH val=4289.77 vah=4328.56 poc=4312.69 vwap=4311.58
2026-06-09T13:45:00+07:00,2026-06-09T14:05:00+07:00,BUY,4346.49,4341.37,4382.57,BE,-0.2,S419 BUY Orochi BREAKOUT@VAH 7R,BREAKOUT@VAH val=4289.77 vah=4328.56 poc=4312.69 vwap=4311.58
2026-06-09T14:10:00+07:00,2026-06-09T14:20:00+07:00,BUY,4341.17,4338.92,4358.36,BE,-0.2,S419 BUY Orochi BREAKOUT@VAH 7R,BREAKOUT@VAH val=4289.77 vah=4328.56 poc=4312.69 vwap=4311.58
2026-06-09T14:25:00+07:00,2026-06-09T14:30:00+07:00,BUY,4339.07,4336.95,4352.55,SL,-2.32,S419 BUY Orochi BREAKOUT@VAH 7R,BREAKOUT@VAH val=4289.77 vah=4328.56 poc=4312.69 vwap=4311.58
2026-06-09T14:35:00+07:00,2026-06-09T14:45:00+07:00,BUY,4337.99,4330.54,4389.9,BE,-0.2,S419 BUY Orochi BREAKOUT@VAH 7R,BREAKOUT@VAH val=4289.77 vah=4328.56 poc=4312.69 vwap=4311.58
2026-06-09T14:50:00+07:00,2026-06-09T14:55:00+07:00,BUY,4335.23,4333.56,4347.48,SL,-1.87,S419 BUY Orochi BREAKOUT@VAH 7R,BREAKOUT@VAH val=4289.77 vah=4328.56 poc=4312.69 vwap=4311.58
2026-06-09T15:00:00+07:00,2026-06-09T15:10:00+07:00,BUY,4331.69,4327.36,4362.32,BE,-0.2,S419 BUY Orochi BREAKOUT@VAH 7R,BREAKOUT@VAH val=4289.77 vah=4328.56 poc=4312.69 vwap=4311.58
2026-06-09T15:20:00+07:00,2026-06-09T15:30:00+07:00,BUY,4330.14,4321.66,4389.18,BE,-0.2,S419 BUY Orochi BREAKOUT@VAH 7R,BREAKOUT@VAH val=4289.77 vah=4328.56 poc=4312.69 vwap=4311.58
2026-06-09T16:15:00+07:00,2026-06-09T16:25:00+07:00,BUY,4332.35,4325.2,4383.12,BE,-0.2,S419 BUY Orochi BREAKOUT@VAH 7R,BREAKOUT@VAH val=4289.77 vah=4328.56 poc=4312.69 vwap=4311.58
2026-06-09T16:30:00+07:00,2026-06-09T16:45:00+07:00,BUY,4331.24,4329.97,4339.57,BE,-0.2,S419 BUY Orochi BREAKOUT@VAH 7R,BREAKOUT@VAH val=4289.77 vah=4328.56 poc=4312.69 vwap=4311.44
2026-06-09T16:50:00+07:00,2026-06-09T17:00:00+07:00,BUY,4330.04,4324.71,4367.43,BE,-0.2,S419 BUY Orochi BREAKOUT@VAH 7R,BREAKOUT@VAH val=4286.24 vah=4325.04 poc=4312.69 vwap=4311.11
2026-06-09T17:05:00+07:00,2026-06-09T17:15:00+07:00,BUY,4330.23,4323.96,4374.2,BE,-0.2,S419 BUY Orochi BREAKOUT@VAH 7R,BREAKOUT@VAH val=4286.24 vah=4321.51 poc=4312.69 vwap=4310.95
2026-06-09T17:20:00+07:00,2026-06-09T17:25:00+07:00,BUY,4333.67,4326.92,4378.92,SL,-6.95,S419 BUY Orochi BREAKOUT@VAH 7R,BREAKOUT@VAH val=4286.24 vah=4321.51 poc=4312.69 vwap=4310.78
2026-06-09T17:30:00+07:00,2026-06-09T17:40:00+07:00,BUY,4326.64,4323.03,4352.31,BE,-0.2,S419 BUY Orochi BREAKOUT@VAH 7R,BREAKOUT@VAH val=4286.24 vah=4321.51 poc=4312.69 vwap=4310.64
2026-06-09T17:45:00+07:00,2026-06-09T18:05:00+07:00,BUY,4329.83,4323.88,4371.24,BE,-0.2,S419 BUY Orochi BREAKOUT@VAH 7R,BREAKOUT@VAH val=4286.24 vah=4321.51 poc=4312.69 vwap=4310.41
2026-06-09T18:20:00+07:00,2026-06-09T18:30:00+07:00,BUY,4332.76,4330.21,4349.49,BE,-0.2,S419 BUY Orochi BREAKOUT@VAH 7R,BREAKOUT@VAH val=4286.24 vah=4321.51 poc=4312.69 vwap=4309.31
2026-06-09T18:35:00+07:00,2026-06-09T18:40:00+07:00,BUY,4331.92,4330.53,4341.73,SL,-1.59,S419 BUY Orochi BREAKOUT@VAH 7R,BREAKOUT@VAH val=4286.24 vah=4317.98 poc=4312.69 vwap=4308.78
2026-06-09T18:45:00+07:00,2026-06-09T20:45:00+07:00,BUY,4330.71,4328.78,4344.14,TP,13.23,S419 BUY Orochi BREAKOUT@VAH 7R,BREAKOUT@VAH val=4286.05 vah=4317.43 poc=4312.20 vwap=4308.32
2026-06-09T22:20:00+07:00,2026-06-09T22:30:00+07:00,SELL,4318.54,4325.62,4269.06,BE,-0.2,S419 SELL Orochi BREAKOUT@VAL 7R,BREAKOUT@VAL val=4325.77 vah=4343.39 poc=4334.58 vwap=4332.21
2026-06-09T22:35:00+07:00,2026-06-10T10:30:00+07:00,SELL,4305.36,4323.48,4178.2,TP,126.96,S419 SELL Orochi BREAKOUT@VAL 7R,BREAKOUT@VAL val=4325.77 vah=4343.39 poc=4334.58 vwap=4332.21
2026-06-10T10:35:00+07:00,2026-06-10T10:45:00+07:00,SELL,4184.62,4194.9,4112.58,BE,-0.2,S419 SELL Orochi BREAKOUT@VAL 7R,BREAKOUT@VAL val=4325.77 vah=4341.79 poc=4336.18 vwap=4333.50
2026-06-10T11:00:00+07:00,2026-06-10T11:05:00+07:00,SELL,4176.89,4179.54,4158.26,SL,-2.85,S419 SELL Orochi BREAKOUT@VAL 7R,BREAKOUT@VAL val=4327.38 vah=4343.39 poc=4336.18 vwap=4333.49
2026-06-10T11:10:00+07:00,2026-06-10T11:25:00+07:00,SELL,4178.34,4182.87,4145.03,BE,-0.2,S419 SELL Orochi BREAKOUT@VAL 7R,BREAKOUT@VAL val=4325.77 vah=4341.79 poc=4336.18 vwap=4333.42
2026-06-10T11:30:00+07:00,2026-06-10T11:35:00+07:00,SELL,4180.49,4182.74,4164.34,SL,-2.45,S419 SELL Orochi BREAKOUT@VAL 7R,BREAKOUT@VAL val=4325.77 vah=4341.79 poc=4336.18 vwap=4333.18
2026-06-10T11:40:00+07:00,2026-06-10T11:45:00+07:00,SELL,4179.86,4184.9,4145.22,SL,-5.24,S419 SELL Orochi BREAKOUT@VAL 7R,BREAKOUT@VAL val=4325.77 vah=4341.79 poc=4336.18 vwap=4333.06
2026-06-10T11:50:00+07:00,2026-06-10T12:00:00+07:00,SELL,4185.03,4188.0,4164.56,BE,-0.2,S419 SELL Orochi BREAKOUT@VAL 7R,BREAKOUT@VAL val=4325.77 vah=4341.79 poc=4336.18 vwap=4332.93
2026-06-10T12:05:00+07:00,2026-06-10T13:25:00+07:00,SELL,4184.16,4188.44,4155.8,BE,-0.2,S419 SELL Orochi BREAKOUT@VAL 7R,BREAKOUT@VAL val=4325.77 vah=4341.79 poc=4336.18 vwap=4332.71
2026-06-10T13:30:00+07:00,2026-06-10T13:35:00+07:00,SELL,4191.05,4194.32,4167.92,SL,-3.47,S419 SELL Orochi BREAKOUT@VAL 7R,BREAKOUT@VAL val=4324.17 vah=4340.19 poc=4334.58 vwap=4331.92
2026-06-10T13:40:00+07:00,2026-06-10T13:45:00+07:00,SELL,4198.17,4200.2,4184.52,SL,-2.23,S419 SELL Orochi BREAKOUT@VAL 7R,BREAKOUT@VAL val=4324.17 vah=4340.19 poc=4334.58 vwap=4331.77
2026-06-10T13:50:00+07:00,2026-06-10T13:55:00+07:00,SELL,4203.76,4207.79,4175.47,SL,-4.23,S419 SELL Orochi BREAKOUT@VAL 7R,BREAKOUT@VAL val=4325.77 vah=4340.19 poc=4334.58 vwap=4331.61
2026-06-10T14:00:00+07:00,2026-06-10T14:05:00+07:00,SELL,4211.14,4214.05,4191.09,SL,-3.11,S419 SELL Orochi BREAKOUT@VAL 7R,BREAKOUT@VAL val=4324.17 vah=4338.59 poc=4334.58 vwap=4331.53
2026-06-10T14:10:00+07:00,2026-06-10T14:20:00+07:00,SELL,4212.9,4223.6,4137.12,BE,-0.2,S419 SELL Orochi BREAKOUT@VAL 7R,BREAKOUT@VAL val=4324.17 vah=4338.59 poc=4334.58 vwap=4331.49
2026-06-10T14:25:00+07:00,2026-06-10T14:35:00+07:00,SELL,4211.54,4218.58,4164.42,BE,-0.2,S419 SELL Orochi BREAKOUT@VAL 7R,BREAKOUT@VAL val=4324.17 vah=4338.59 poc=4328.18 vwap=4331.42
2026-06-10T14:40:00+07:00,2026-06-10T15:05:00+07:00,SELL,4207.51,4213.95,4163.63,BE,-0.2,S419 SELL Orochi BREAKOUT@VAL 7R,BREAKOUT@VAL val=4324.17 vah=4340.19 poc=4334.58 vwap=4331.46
2026-06-10T15:10:00+07:00,2026-06-10T15:20:00+07:00,SELL,4200.34,4209.42,4136.7,BE,-0.2,S419 SELL Orochi BREAKOUT@VAL 7R,BREAKOUT@VAL val=4324.17 vah=4340.19 poc=4334.58 vwap=4331.66
2026-06-10T15:30:00+07:00,2026-06-10T19:05:00+07:00,SELL,4194.77,4200.6,4153.8,TP,40.77,S419 SELL Orochi BREAKOUT@VAL 7R,BREAKOUT@VAL val=4324.17 vah=4340.19 poc=4334.58 vwap=4331.75
2026-06-10T19:10:00+07:00,2026-06-10T19:15:00+07:00,SELL,4168.71,4170.97,4153.77,SL,-2.46,S419 SELL Orochi BREAKOUT@VAL 7R,BREAKOUT@VAL val=4325.84 vah=4339.37 poc=4334.11 vwap=4333.77
2026-06-10T19:20:00+07:00,2026-06-10T19:30:00+07:00,SELL,4163.69,4173.58,4094.86,BE,-0.2,S419 SELL Orochi BREAKOUT@VAL 7R,BREAKOUT@VAL val=4327.14 vah=4339.91 poc=4334.16 vwap=4334.09
2026-06-10T19:35:00+07:00,2026-06-10T19:50:00+07:00,SELL,4156.44,4169.95,4062.03,BE,-0.2,S419 SELL Orochi BREAKOUT@VAL 7R,BREAKOUT@VAL val=4327.57 vah=4338.86 poc=4334.47 vwap=4334.46
2026-06-10T20:00:00+07:00,2026-06-10T20:30:00+07:00,SELL,4147.14,4157.84,4070.88,BE,-0.2,S419 SELL Orochi BREAKOUT@VAL 7R,BREAKOUT@VAL val=4154.87 vah=4272.82 poc=4177.55 vwap=4232.80
2026-06-10T20:55:00+07:00,2026-06-10T21:05:00+07:00,SELL,4147.17,4161.17,4047.49,BE,-0.2,S419 SELL Orochi BREAKOUT@VAL 7R,BREAKOUT@VAL val=4154.87 vah=4272.82 poc=4177.55 vwap=4232.80
2026-06-10T21:10:00+07:00,2026-06-10T21:30:00+07:00,SELL,4151.41,4160.85,4085.65,BE,-0.2,S419 SELL Orochi BREAKOUT@VAL 7R,BREAKOUT@VAL val=4154.87 vah=4272.82 poc=4177.55 vwap=4232.80
2026-06-10T22:50:00+07:00,2026-06-11T07:10:00+07:00,SELL,4138.07,4154.27,4025.15,TP,112.72,S419 SELL Orochi BREAKOUT@VAL 7R,BREAKOUT@VAL val=4154.87 vah=4272.82 poc=4177.55 vwap=4232.80
2026-06-11T07:15:00+07:00,2026-06-11T07:20:00+07:00,SELL,4038.83,4045.39,3995.47,SL,-6.76,S419 SELL Orochi BREAKOUT@VAL 7R,BREAKOUT@VAL val=4154.87 vah=4272.82 poc=4177.55 vwap=4232.80
2026-06-11T07:25:00+07:00,2026-06-11T07:35:00+07:00,SELL,4061.55,4067.66,4019.1,BE,-0.2,S419 SELL Orochi BREAKOUT@VAL 7R,BREAKOUT@VAL val=4154.87 vah=4272.82 poc=4177.55 vwap=4232.31
2026-06-11T07:40:00+07:00,2026-06-11T08:00:00+07:00,SELL,4056.38,4067.36,3978.48,BE,-0.2,S419 SELL Orochi BREAKOUT@VAL 7R,BREAKOUT@VAL val=4154.87 vah=4272.82 poc=4177.55 vwap=4231.48
2026-06-11T08:05:00+07:00,2026-06-11T08:15:00+07:00,SELL,4043.1,4062.4,3907.76,BE,-0.2,S419 SELL Orochi BREAKOUT@VAL 7R,BREAKOUT@VAL val=4154.87 vah=4263.74 poc=4177.55 vwap=4230.05
2026-06-11T08:20:00+07:00,2026-06-11T08:30:00+07:00,SELL,4061.56,4076.04,3959.88,BE,-0.2,S419 SELL Orochi BREAKOUT@VAL 7R,BREAKOUT@VAL val=4154.87 vah=4263.74 poc=4177.55 vwap=4228.99
2026-06-11T08:35:00+07:00,2026-06-11T09:00:00+07:00,SELL,4063.44,4079.83,3948.55,SL,-16.59,S419 SELL Orochi BREAKOUT@VAL 7R,BREAKOUT@VAL val=4154.87 vah=4263.74 poc=4177.55 vwap=4227.88
2026-06-11T09:05:00+07:00,2026-06-11T09:15:00+07:00,SELL,4078.62,4093.09,3977.57,SL,-14.67,S419 SELL Orochi BREAKOUT@VAL 7R,BREAKOUT@VAL val=4171.67 vah=4301.01 poc=4262.20 vwap=4224.91
2026-06-11T09:20:00+07:00,2026-06-11T09:25:00+07:00,SELL,4102.58,4106.21,4077.01,SL,-3.83,S419 SELL Orochi BREAKOUT@VAL 7R,BREAKOUT@VAL val=4153.57 vah=4262.38 poc=4173.00 vwap=4223.01
2026-06-11T09:30:00+07:00,2026-06-11T09:40:00+07:00,SELL,4110.78,4115.61,4077.21,BE,-0.2,S419 SELL Orochi BREAKOUT@VAL 7R,BREAKOUT@VAL val=4175.46 vah=4301.52 poc=4260.73 vwap=4221.84
2026-06-11T09:45:00+07:00,2026-06-11T16:00:00+07:00,SELL,4110.69,4120.68,4041.96,BE,-0.2,S419 SELL Orochi BREAKOUT@VAL 7R,BREAKOUT@VAL val=4153.09 vah=4262.40 poc=4171.31 vwap=4220.02
2026-06-11T16:05:00+07:00,2026-06-11T16:25:00+07:00,SELL,4111.77,4113.45,4099.93,TP,11.64,S419 SELL Orochi BREAKOUT@VAL 7R,BREAKOUT@VAL val=4160.30 vah=4208.64 poc=4172.39 vwap=4189.42
2026-06-11T16:30:00+07:00,2026-06-11T17:45:00+07:00,SELL,4095.38,4105.07,4028.03,BE,-0.2,S419 SELL Orochi BREAKOUT@VAL 7R,BREAKOUT@VAL val=4159.74 vah=4206.23 poc=4171.37 vwap=4188.90
2026-06-11T17:50:00+07:00,2026-06-11T18:00:00+07:00,SELL,4094.04,4097.7,4068.34,BE,-0.2,S419 SELL Orochi BREAKOUT@VAL 7R,BREAKOUT@VAL val=4159.56 vah=4204.27 poc=4175.04 vwap=4185.87
2026-06-11T18:05:00+07:00,2026-06-11T18:15:00+07:00,SELL,4090.61,4095.49,4056.61,BE,-0.2,S419 SELL Orochi BREAKOUT@VAL 7R,BREAKOUT@VAL val=4159.56 vah=4200.83 poc=4175.04 vwap=4185.34
2026-06-11T18:20:00+07:00,2026-06-11T19:30:00+07:00,SELL,4093.66,4095.83,4078.63,BE,-0.2,S419 SELL Orochi BREAKOUT@VAL 7R,BREAKOUT@VAL val=4159.56 vah=4200.83 poc=4175.04 vwap=4184.59
2026-06-11T19:40:00+07:00,2026-06-11T19:50:00+07:00,SELL,4084.89,4090.37,4047.09,BE,-0.2,S419 SELL Orochi BREAKOUT@VAL 7R,BREAKOUT@VAL val=4161.64 vah=4193.33 poc=4172.73 vwap=4180.89
2026-06-11T19:55:00+07:00,2026-06-11T20:05:00+07:00,SELL,4080.57,4088.93,4020.21,BE,-0.2,S419 SELL Orochi BREAKOUT@VAL 7R,BREAKOUT@VAL val=4161.64 vah=4193.33 poc=4172.73 vwap=4180.29
2026-06-11T22:15:00+07:00,2026-06-11T22:20:00+07:00,SELL,4063.71,4069.41,4023.09,SL,-5.9,S419 SELL Orochi BREAKOUT@VAL 7R,BREAKOUT@VAL val=4064.44 vah=4138.88 poc=4088.13 vwap=4103.16
2026-06-12T01:45:00+07:00,2026-06-12T01:55:00+07:00,BUY,4154.23,4144.74,4219.86,BE,-0.2,S419 BUY Orochi BREAKOUT@VAH 7R,BREAKOUT@VAH val=4064.44 vah=4138.88 poc=4088.13 vwap=4103.16
2026-06-12T02:20:00+07:00,2026-06-12T02:35:00+07:00,BUY,4155.8,4141.31,4256.91,BE,-0.2,S419 BUY Orochi BREAKOUT@VAH 7R,BREAKOUT@VAH val=4064.44 vah=4138.88 poc=4088.13 vwap=4103.16
2026-06-12T02:40:00+07:00,2026-06-12T02:50:00+07:00,BUY,4164.77,4148.93,4276.05,BE,-0.2,S419 BUY Orochi BREAKOUT@VAH 7R,BREAKOUT@VAH val=4064.44 vah=4138.88 poc=4088.13 vwap=4103.16
2026-06-12T02:55:00+07:00,2026-06-12T03:15:00+07:00,BUY,4161.85,4157.65,4191.17,TP,29.12,S419 BUY Orochi BREAKOUT@VAH 7R,BREAKOUT@VAH val=4064.44 vah=4138.88 poc=4088.13 vwap=4103.16
2026-06-12T03:20:00+07:00,2026-06-12T09:00:00+07:00,BUY,4191.75,4183.78,4247.46,BE,-0.2,S419 BUY Orochi BREAKOUT@VAH 7R,BREAKOUT@VAH val=4064.44 vah=4138.88 poc=4088.13 vwap=4103.16
2026-06-12T09:05:00+07:00,2026-06-12T09:25:00+07:00,BUY,4193.14,4180.55,4281.67,SL,-12.79,S419 BUY Orochi BREAKOUT@VAH 7R,BREAKOUT@VAH val=4064.44 vah=4125.35 poc=4088.13 vwap=4097.06
2026-06-12T09:30:00+07:00,2026-06-12T09:35:00+07:00,BUY,4180.04,4174.52,4217.56,SL,-5.72,S419 BUY Orochi BREAKOUT@VAH 7R,BREAKOUT@VAH val=4068.07 vah=4124.94 poc=4090.19 vwap=4094.47
2026-06-12T09:40:00+07:00,2026-06-12T13:30:00+07:00,BUY,4179.42,4168.95,4252.79,BE,-0.2,S419 BUY Orochi BREAKOUT@VAH 7R,BREAKOUT@VAH val=4066.94 vah=4122.36 poc=4088.49 vwap=4093.56
2026-06-12T13:35:00+07:00,2026-06-12T13:50:00+07:00,BUY,4174.97,4171.3,4200.74,BE,-0.2,S419 BUY Orochi BREAKOUT@VAH 7R,BREAKOUT@VAH val=4063.12 vah=4106.34 poc=4088.66 vwap=4082.18
2026-06-12T13:55:00+07:00,2026-06-12T14:40:00+07:00,BUY,4173.33,4169.43,4200.47,BE,-0.2,S419 BUY Orochi BREAKOUT@VAH 7R,BREAKOUT@VAH val=4063.12 vah=4102.41 poc=4088.66 vwap=4081.45
2026-06-12T14:45:00+07:00,2026-06-12T15:00:00+07:00,BUY,4176.29,4170.98,4213.78,BE,-0.2,S419 BUY Orochi BREAKOUT@VAH 7R,BREAKOUT@VAH val=4059.20 vah=4098.48 poc=4088.66 vwap=4080.49
2026-06-12T15:05:00+07:00,2026-06-12T15:15:00+07:00,BUY,4180.76,4174.66,4223.62,BE,-0.2,S419 BUY Orochi BREAKOUT@VAH 7R,BREAKOUT@VAH val=4059.20 vah=4098.48 poc=4092.59 vwap=4080.29
2026-06-12T15:20:00+07:00,2026-06-12T15:30:00+07:00,BUY,4178.14,4172.82,4215.54,BE,-0.2,S419 BUY Orochi BREAKOUT@VAH 7R,BREAKOUT@VAH val=4059.20 vah=4098.48 poc=4092.59 vwap=4080.21
2026-06-12T15:45:00+07:00,2026-06-12T15:55:00+07:00,BUY,4175.19,4173.07,4189.87,TP,14.48,S419 BUY Orochi BREAKOUT@VAH 7R,BREAKOUT@VAH val=4059.20 vah=4102.41 poc=4092.59 vwap=4080.34
2026-06-12T16:05:00+07:00,2026-06-12T16:15:00+07:00,BUY,4201.91,4190.18,4284.74,BE,-0.2,S419 BUY Orochi BREAKOUT@VAH 7R,BREAKOUT@VAH val=4059.20 vah=4102.41 poc=4092.59 vwap=4080.42
2026-06-12T16:25:00+07:00,2026-06-12T16:40:00+07:00,BUY,4213.12,4209.29,4239.85,BE,-0.2,S419 BUY Orochi BREAKOUT@VAH 7R,BREAKOUT@VAH val=4059.20 vah=4102.41 poc=4092.59 vwap=4080.67
2026-06-12T16:45:00+07:00,2026-06-12T17:00:00+07:00,BUY,4218.48,4209.6,4281.2,BE,-0.2,S419 BUY Orochi BREAKOUT@VAH 7R,BREAKOUT@VAH val=4059.20 vah=4098.48 poc=4092.59 vwap=4081.50
2026-06-12T17:05:00+07:00,2026-06-12T17:15:00+07:00,BUY,4223.17,4215.19,4278.15,BE,-0.2,S419 BUY Orochi BREAKOUT@VAH 7R,BREAKOUT@VAH val=4059.20 vah=4098.48 poc=4092.59 vwap=4081.93
2026-06-12T17:20:00+07:00,2026-06-12T17:30:00+07:00,BUY,4222.18,4217.28,4256.64,BE,-0.2,S419 BUY Orochi BREAKOUT@VAH 7R,BREAKOUT@VAH val=4063.12 vah=4102.41 poc=4092.59 vwap=4082.43
2026-06-12T17:35:00+07:00,2026-06-12T17:50:00+07:00,BUY,4223.2,4217.71,4262.83,BE,-0.2,S419 BUY Orochi BREAKOUT@VAH 7R,BREAKOUT@VAH val=4063.40 vah=4101.02 poc=4092.47 vwap=4083.28
2026-06-12T17:55:00+07:00,2026-06-12T18:00:00+07:00,BUY,4221.85,4220.23,4233.51,SL,-1.82,S419 BUY Orochi BREAKOUT@VAH 7R,BREAKOUT@VAH val=4063.40 vah=4101.02 poc=4092.47 vwap=4084.10
2026-06-12T18:05:00+07:00,2026-06-12T18:15:00+07:00,BUY,4224.68,4217.56,4275.0,SL,-7.32,S419 BUY Orochi BREAKOUT@VAH 7R,BREAKOUT@VAH val=4066.82 vah=4101.02 poc=4092.47 vwap=4084.44
2026-06-12T18:20:00+07:00,2026-06-12T18:25:00+07:00,BUY,4213.42,4209.48,4241.8,SL,-4.14,S419 BUY Orochi BREAKOUT@VAH 7R,BREAKOUT@VAH val=4066.82 vah=4101.02 poc=4092.47 vwap=4085.20
2026-06-12T18:35:00+07:00,2026-06-12T18:45:00+07:00,BUY,4215.53,4205.02,4289.18,BE,-0.2,S419 BUY Orochi BREAKOUT@VAH 7R,BREAKOUT@VAH val=4066.24 vah=4099.01 poc=4092.18 vwap=4086.37
2026-06-12T18:50:00+07:00,2026-06-12T18:55:00+07:00,BUY,4213.25,4210.97,4229.29,SL,-2.48,S419 BUY Orochi BREAKOUT@VAH 7R,BREAKOUT@VAH val=4074.43 vah=4104.47 poc=4092.18 vwap=4087.02
2026-06-12T19:00:00+07:00,2026-06-12T19:10:00+07:00,BUY,4206.19,4204.41,4218.49,BE,-0.2,S419 BUY Orochi BREAKOUT@VAH 7R,BREAKOUT@VAH val=4074.43 vah=4104.47 poc=4092.18 vwap=4087.40
2026-06-12T19:15:00+07:00,2026-06-12T19:25:00+07:00,BUY,4206.01,4202.49,4230.73,BE,-0.2,S419 BUY Orochi BREAKOUT@VAH 7R,BREAKOUT@VAH val=4074.43 vah=4104.47 poc=4092.18 vwap=4087.81
2026-06-12T19:30:00+07:00,2026-06-12T20:30:00+07:00,BUY,4199.65,4196.13,4224.45,BE,-0.2,S419 BUY Orochi BREAKOUT@VAH 7R,BREAKOUT@VAH val=4074.43 vah=4104.47 poc=4092.18 vwap=4088.11
2026-06-12T23:10:00+07:00,2026-06-12T23:20:00+07:00,BUY,4214.02,4200.7,4306.78,BE,-0.2,S419 BUY Orochi BREAKOUT@VAH 7R,BREAKOUT@VAH val=4052.94 vah=4206.12 poc=4081.16 vwap=4157.77
2026-06-12T23:25:00+07:00,2026-06-12T23:35:00+07:00,BUY,4225.79,4210.56,4332.72,BE,-0.2,S419 BUY Orochi BREAKOUT@VAH 7R,BREAKOUT@VAH val=4052.94 vah=4206.12 poc=4081.16 vwap=4157.77
2026-06-12T23:40:00+07:00,2026-06-12T23:45:00+07:00,BUY,4211.0,4207.83,4233.99,SL,-3.37,S419 BUY Orochi BREAKOUT@VAH 7R,BREAKOUT@VAH val=4052.94 vah=4206.12 poc=4081.16 vwap=4157.77
2026-06-12T23:50:00+07:00,2026-06-13T00:00:00+07:00,BUY,4215.47,4204.38,4293.82,BE,-0.2,S419 BUY Orochi BREAKOUT@VAH 7R,BREAKOUT@VAH val=4052.94 vah=4206.12 poc=4081.16 vwap=4157.77
2026-06-13T00:05:00+07:00,2026-06-13T00:35:00+07:00,BUY,4213.29,4205.78,4266.26,BE,-0.2,S419 BUY Orochi BREAKOUT@VAH 7R,BREAKOUT@VAH val=4052.94 vah=4206.12 poc=4081.16 vwap=4157.77
2026-06-13T00:40:00+07:00,2026-06-13T00:50:00+07:00,BUY,4213.25,4209.71,4238.27,BE,-0.2,S419 BUY Orochi BREAKOUT@VAH 7R,BREAKOUT@VAH val=4052.94 vah=4206.12 poc=4081.16 vwap=4157.77
2026-06-13T00:55:00+07:00,2026-06-13T01:10:00+07:00,BUY,4216.08,4210.33,4256.01,BE,-0.2,S419 BUY Orochi BREAKOUT@VAH 7R,BREAKOUT@VAH val=4052.94 vah=4206.12 poc=4081.16 vwap=4157.77
2026-06-13T01:15:00+07:00,2026-06-13T01:25:00+07:00,BUY,4217.9,4212.26,4256.82,BE,-0.2,S419 BUY Orochi BREAKOUT@VAH 7R,BREAKOUT@VAH val=4052.94 vah=4206.12 poc=4081.16 vwap=4157.77
2026-06-13T01:30:00+07:00,2026-06-13T01:40:00+07:00,BUY,4219.96,4212.71,4271.67,BE,-0.2,S419 BUY Orochi BREAKOUT@VAH 7R,BREAKOUT@VAH val=4052.94 vah=4206.12 poc=4081.16 vwap=4157.77
2026-06-13T01:45:00+07:00,2026-06-13T01:55:00+07:00,BUY,4223.35,4216.06,4274.46,BE,-0.2,S419 BUY Orochi BREAKOUT@VAH 7R,BREAKOUT@VAH val=4052.94 vah=4206.12 poc=4081.16 vwap=4157.77
2026-06-13T02:00:00+07:00,2026-06-13T02:05:00+07:00,BUY,4219.75,4218.45,4228.93,SL,-1.5,S419 BUY Orochi BREAKOUT@VAH 7R,BREAKOUT@VAH val=4052.94 vah=4206.12 poc=4081.16 vwap=4157.77
2026-06-13T02:20:00+07:00,2026-06-13T02:45:00+07:00,BUY,4229.07,4224.15,4263.59,BE,-0.2,S419 BUY Orochi BREAKOUT@VAH 7R,BREAKOUT@VAH val=4052.94 vah=4206.12 poc=4081.16 vwap=4157.77
2026-06-13T02:50:00+07:00,2026-06-13T02:55:00+07:00,BUY,4221.93,4219.53,4238.65,SL,-2.6,S419 BUY Orochi BREAKOUT@VAH 7R,BREAKOUT@VAH val=4052.94 vah=4206.12 poc=4081.16 vwap=4157.77
2026-06-13T03:00:00+07:00,2026-06-13T03:10:00+07:00,BUY,4217.66,4213.03,4249.99,BE,-0.2,S419 BUY Orochi BREAKOUT@VAH 7R,BREAKOUT@VAH val=4052.94 vah=4206.12 poc=4081.16 vwap=4157.77
2026-06-13T03:15:00+07:00,2026-06-13T03:20:00+07:00,BUY,4215.16,4212.44,4233.64,SL,-2.92,S419 BUY Orochi BREAKOUT@VAH 7R,BREAKOUT@VAH val=4052.94 vah=4206.12 poc=4081.16 vwap=4157.77
2026-06-13T03:25:00+07:00,2026-06-13T03:30:00+07:00,BUY,4208.58,4206.77,4221.41,SL,-2.01,S419 BUY Orochi BREAKOUT@VAH 7R,BREAKOUT@VAH val=4052.94 vah=4206.12 poc=4081.16 vwap=4157.77
2026-06-13T03:50:00+07:00,2026-06-15T06:05:00+07:00,BUY,4206.39,4202.44,4236.04,TP,29.45,S419 BUY Orochi BREAKOUT@VAH 7R,BREAKOUT@VAH val=4052.94 vah=4206.12 poc=4081.16 vwap=4157.77
2026-06-15T20:35:00+07:00,2026-06-15T20:45:00+07:00,BUY,4344.1,4333.68,4418.56,BE,-0.2,S419 BUY Orochi BREAKOUT@VAH 7R,BREAKOUT@VAH val=4302.64 vah=4341.89 poc=4337.69 vwap=4317.39
2026-06-15T20:50:00+07:00,2026-06-15T21:00:00+07:00,BUY,4344.23,4341.87,4360.99,BE,-0.2,S419 BUY Orochi BREAKOUT@VAH 7R,BREAKOUT@VAH val=4302.64 vah=4341.89 poc=4337.69 vwap=4317.39
2026-06-15T21:05:00+07:00,2026-06-16T00:15:00+07:00,BUY,4345.27,4339.83,4383.27,BE,-0.2,S419 BUY Orochi BREAKOUT@VAH 7R,BREAKOUT@VAH val=4302.64 vah=4341.89 poc=4337.69 vwap=4317.39
2026-06-16T16:45:00+07:00,2026-06-16T17:15:00+07:00,BUY,4342.7,4338.97,4368.65,BE,-0.2,S419 BUY Orochi BREAKOUT@VAH 7R,BREAKOUT@VAH val=4305.44 vah=4341.89 poc=4337.69 vwap=4318.36
2026-06-16T17:45:00+07:00,2026-06-16T18:00:00+07:00,BUY,4344.07,4339.43,4376.15,BE,-0.2,S419 BUY Orochi BREAKOUT@VAH 7R,BREAKOUT@VAH val=4306.32 vah=4342.01 poc=4337.89 vwap=4320.17
2026-06-16T18:05:00+07:00,2026-06-16T18:15:00+07:00,BUY,4345.59,4342.28,4369.72,BE,-0.2,S419 BUY Orochi BREAKOUT@VAH 7R,BREAKOUT@VAH val=4306.18 vah=4342.34 poc=4338.46 vwap=4320.76
2026-06-16T18:20:00+07:00,2026-06-16T18:30:00+07:00,BUY,4346.04,4342.92,4367.72,BE,-0.2,S419 BUY Orochi BREAKOUT@VAH 7R,BREAKOUT@VAH val=4308.76 vah=4342.34 poc=4338.46 vwap=4321.22
2026-06-16T18:35:00+07:00,2026-06-16T19:00:00+07:00,BUY,4345.22,4341.49,4370.77,BE,-0.2,S419 BUY Orochi BREAKOUT@VAH 7R,BREAKOUT@VAH val=4308.76 vah=4342.34 poc=4338.46 vwap=4321.73
2026-06-16T20:40:00+07:00,2026-06-16T20:50:00+07:00,BUY,4349.51,4341.68,4404.4,BE,-0.2,S419 BUY Orochi BREAKOUT@VAH 7R,BREAKOUT@VAH val=4308.68 vah=4345.58 poc=4317.90 vwap=4333.17
2026-06-16T20:55:00+07:00,2026-06-16T21:00:00+07:00,BUY,4354.62,4347.7,4403.22,SL,-7.12,S419 BUY Orochi BREAKOUT@VAH 7R,BREAKOUT@VAH val=4308.68 vah=4345.58 poc=4317.90 vwap=4333.17
2026-06-17T00:15:00+07:00,2026-06-17T01:00:00+07:00,BUY,4346.24,4339.75,4392.15,SL,-6.69,S419 BUY Orochi BREAKOUT@VAH 7R,BREAKOUT@VAH val=4308.68 vah=4345.58 poc=4317.90 vwap=4333.17
2026-06-17T09:55:00+07:00,2026-06-17T10:05:00+07:00,BUY,4340.9,4336.35,4372.67,BE,-0.2,S419 BUY Orochi BREAKOUT@VAH 7R,BREAKOUT@VAH val=4308.44 vah=4339.65 poc=4319.24 vwap=4329.17
2026-06-17T10:10:00+07:00,2026-06-17T10:20:00+07:00,BUY,4342.15,4338.82,4364.82,BE,-0.2,S419 BUY Orochi BREAKOUT@VAH 7R,BREAKOUT@VAH val=4308.38 vah=4338.85 poc=4318.93 vwap=4328.53
2026-06-17T10:25:00+07:00,2026-06-17T10:35:00+07:00,BUY,4340.62,4338.68,4354.28,BE,-0.2,S419 BUY Orochi BREAKOUT@VAH 7R,BREAKOUT@VAH val=4308.32 vah=4337.97 poc=4318.58 vwap=4327.94
2026-06-17T10:40:00+07:00,2026-06-17T10:45:00+07:00,BUY,4338.85,4336.88,4352.4,SL,-2.17,S419 BUY Orochi BREAKOUT@VAH 7R,BREAKOUT@VAH val=4308.32 vah=4335.69 poc=4318.58 vwap=4327.43
2026-06-17T11:45:00+07:00,2026-06-17T11:55:00+07:00,BUY,4332.86,4329.75,4355.11,BE,-0.2,S419 BUY Orochi BREAKOUT@VAH 7R,BREAKOUT@VAH val=4309.66 vah=4331.36 poc=4317.80 vwap=4325.27
2026-06-17T20:00:00+07:00,2026-06-17T20:10:00+07:00,SELL,4321.96,4327.12,4285.92,BE,-0.2,S419 SELL Orochi BREAKOUT@VAL 7R,BREAKOUT@VAL val=4325.44 vah=4342.79 poc=4340.19 vwap=4333.79
2026-06-17T20:15:00+07:00,2026-06-17T20:20:00+07:00,SELL,4323.63,4325.71,4309.55,SL,-2.28,S419 SELL Orochi BREAKOUT@VAL 7R,BREAKOUT@VAL val=4325.44 vah=4342.79 poc=4340.19 vwap=4333.79
2026-06-17T22:30:00+07:00,2026-06-17T22:35:00+07:00,BUY,4360.63,4353.74,4408.62,SL,-7.09,S419 BUY Orochi BREAKOUT@VAH 7R,BREAKOUT@VAH val=4325.44 vah=4342.79 poc=4340.19 vwap=4333.79
2026-06-17T22:40:00+07:00,2026-06-17T22:45:00+07:00,BUY,4352.0,4345.75,4395.67,SL,-6.45,S419 BUY Orochi BREAKOUT@VAH 7R,BREAKOUT@VAH val=4325.44 vah=4342.79 poc=4340.19 vwap=4333.79
2026-06-17T22:55:00+07:00,2026-06-17T23:05:00+07:00,BUY,4344.47,4341.51,4365.51,BE,-0.2,S419 BUY Orochi BREAKOUT@VAH 7R,BREAKOUT@VAH val=4325.44 vah=4342.79 poc=4340.19 vwap=4333.79
2026-06-17T23:10:00+07:00,2026-06-18T02:00:00+07:00,BUY,4348.07,4341.82,4391.9,BE,-0.2,S419 BUY Orochi BREAKOUT@VAH 7R,BREAKOUT@VAH val=4325.44 vah=4342.79 poc=4340.19 vwap=4333.79
2026-06-18T02:15:00+07:00,2026-06-18T02:30:00+07:00,SELL,4306.55,4311.72,4269.88,BE,-0.2,S419 SELL Orochi BREAKOUT@VAL 7R,BREAKOUT@VAL val=4325.44 vah=4342.79 poc=4340.19 vwap=4333.79
2026-06-18T02:35:00+07:00,2026-06-18T02:40:00+07:00,SELL,4302.51,4318.2,4190.76,SL,-15.89,S419 SELL Orochi BREAKOUT@VAL 7R,BREAKOUT@VAL val=4325.44 vah=4342.79 poc=4340.19 vwap=4333.79
2026-06-18T02:45:00+07:00,2026-06-18T09:00:00+07:00,SELL,4319.08,4337.84,4187.6,BE,-0.2,S419 SELL Orochi BREAKOUT@VAL 7R,BREAKOUT@VAL val=4325.44 vah=4342.79 poc=4340.19 vwap=4333.79
2026-06-18T09:05:00+07:00,2026-06-18T09:20:00+07:00,SELL,4321.43,4330.13,4260.05,BE,-0.2,S419 SELL Orochi BREAKOUT@VAL 7R,BREAKOUT@VAL val=4325.41 vah=4343.59 poc=4339.80 vwap=4332.43
2026-06-18T09:25:00+07:00,2026-06-18T09:35:00+07:00,SELL,4319.17,4325.33,4275.57,BE,-0.2,S419 SELL Orochi BREAKOUT@VAL 7R,BREAKOUT@VAL val=4325.41 vah=4343.59 poc=4339.80 vwap=4332.33
2026-06-18T09:40:00+07:00,2026-06-18T10:05:00+07:00,SELL,4322.52,4326.99,4291.71,BE,-0.2,S419 SELL Orochi BREAKOUT@VAL 7R,BREAKOUT@VAL val=4325.41 vah=4343.59 poc=4339.80 vwap=4332.44
2026-06-18T10:20:00+07:00,2026-06-18T16:00:00+07:00,SELL,4325.55,4331.21,4286.41,TP,38.94,S419 SELL Orochi BREAKOUT@VAL 7R,BREAKOUT@VAL val=4326.61 vah=4344.23 poc=4339.48 vwap=4333.14
2026-06-18T16:05:00+07:00,2026-06-18T16:55:00+07:00,SELL,4291.22,4294.35,4269.95,TP,21.07,S419 SELL Orochi BREAKOUT@VAL 7R,BREAKOUT@VAL val=4321.19 vah=4334.74 poc=4330.00 vwap=4331.07
2026-06-18T17:00:00+07:00,2026-06-18T17:15:00+07:00,SELL,4268.87,4278.85,4199.57,BE,-0.2,S419 SELL Orochi BREAKOUT@VAL 7R,BREAKOUT@VAL val=4321.19 vah=4334.74 poc=4328.64 vwap=4331.06
2026-06-18T17:20:00+07:00,2026-06-18T17:30:00+07:00,SELL,4267.42,4274.71,4216.15,BE,-0.2,S419 SELL Orochi BREAKOUT@VAL 7R,BREAKOUT@VAL val=4321.19 vah=4334.74 poc=4328.64 vwap=4331.04
2026-06-18T17:35:00+07:00,2026-06-18T17:45:00+07:00,SELL,4267.38,4270.43,4245.95,BE,-0.2,S419 SELL Orochi BREAKOUT@VAL 7R,BREAKOUT@VAL val=4321.19 vah=4334.74 poc=4328.64 vwap=4331.01
2026-06-18T17:50:00+07:00,2026-06-18T18:15:00+07:00,SELL,4270.28,4274.71,4240.31,BE,-0.2,S419 SELL Orochi BREAKOUT@VAL 7R,BREAKOUT@VAL val=4321.19 vah=4334.74 poc=4328.64 vwap=4330.99
2026-06-18T18:20:00+07:00,2026-06-18T18:30:00+07:00,SELL,4265.98,4274.04,4209.24,BE,-0.2,S419 SELL Orochi BREAKOUT@VAL 7R,BREAKOUT@VAL val=4321.19 vah=4334.74 poc=4328.64 vwap=4330.95
2026-06-18T18:35:00+07:00,2026-06-18T20:20:00+07:00,SELL,4266.99,4272.15,4230.95,BE,-0.2,S419 SELL Orochi BREAKOUT@VAL 7R,BREAKOUT@VAL val=4321.19 vah=4334.74 poc=4328.64 vwap=4330.78
2026-06-18T20:40:00+07:00,2026-06-18T20:55:00+07:00,SELL,4243.23,4253.97,4168.61,BE,-0.2,S419 SELL Orochi BREAKOUT@VAL 7R,BREAKOUT@VAL val=4259.92 vah=4348.29 poc=4317.70 vwap=4303.00
2026-06-18T21:00:00+07:00,2026-06-18T21:05:00+07:00,SELL,4249.61,4251.31,4234.27,SL,-1.9,S419 SELL Orochi BREAKOUT@VAL 7R,BREAKOUT@VAL val=4259.92 vah=4348.29 poc=4317.70 vwap=4303.00
2026-06-18T21:10:00+07:00,2026-06-18T21:15:00+07:00,SELL,4259.37,4261.22,4245.62,SL,-2.05,S419 SELL Orochi BREAKOUT@VAL 7R,BREAKOUT@VAL val=4259.92 vah=4348.29 poc=4317.70 vwap=4303.00
2026-06-18T21:20:00+07:00,2026-06-18T21:30:00+07:00,SELL,4257.5,4263.81,4213.17,SL,-6.51,S419 SELL Orochi BREAKOUT@VAL 7R,BREAKOUT@VAL val=4259.92 vah=4348.29 poc=4317.70 vwap=4303.00
2026-06-18T22:10:00+07:00,2026-06-18T22:15:00+07:00,SELL,4241.7,4249.71,4185.79,SL,-8.21,S419 SELL Orochi BREAKOUT@VAL 7R,BREAKOUT@VAL val=4259.92 vah=4348.29 poc=4317.70 vwap=4303.00
2026-06-18T22:20:00+07:00,2026-06-18T22:55:00+07:00,SELL,4252.88,4258.12,4214.92,BE,-0.2,S419 SELL Orochi BREAKOUT@VAL 7R,BREAKOUT@VAL val=4259.92 vah=4348.29 poc=4317.70 vwap=4303.00
2026-06-18T23:00:00+07:00,2026-06-18T23:10:00+07:00,SELL,4250.96,4256.8,4211.12,BE,-0.2,S419 SELL Orochi BREAKOUT@VAL 7R,BREAKOUT@VAL val=4259.92 vah=4348.29 poc=4317.70 vwap=4303.00
2026-06-18T23:20:00+07:00,2026-06-19T11:30:00+07:00,SELL,4240.34,4251.42,4163.34,TP,76.8,S419 SELL Orochi BREAKOUT@VAL 7R,BREAKOUT@VAL val=4259.92 vah=4348.29 poc=4317.70 vwap=4303.00
2026-06-19T11:35:00+07:00,2026-06-19T13:00:00+07:00,SELL,4163.17,4168.72,4124.8,TP,38.17,S419 SELL Orochi BREAKOUT@VAL 7R,BREAKOUT@VAL val=4259.92 vah=4327.90 poc=4317.70 vwap=4292.81
2026-06-19T13:05:00+07:00,2026-06-19T13:10:00+07:00,SELL,4124.28,4128.74,4094.34,SL,-4.66,S419 SELL Orochi BREAKOUT@VAL 7R,BREAKOUT@VAL val=4259.90 vah=4327.84 poc=4317.65 vwap=4287.71
2026-06-19T13:15:00+07:00,2026-06-19T13:25:00+07:00,SELL,4127.96,4132.87,4094.07,BE,-0.2,S419 SELL Orochi BREAKOUT@VAL 7R,BREAKOUT@VAL val=4259.11 vah=4325.74 poc=4315.75 vwap=4286.95
2026-06-19T13:30:00+07:00,2026-06-19T13:40:00+07:00,SELL,4132.56,4140.67,4075.95,BE,-0.2,S419 SELL Orochi BREAKOUT@VAL 7R,BREAKOUT@VAL val=4266.26 vah=4327.52 poc=4315.74 vwap=4286.14
2026-06-19T13:45:00+07:00,2026-06-19T13:55:00+07:00,SELL,4137.63,4140.12,4120.12,BE,-0.2,S419 SELL Orochi BREAKOUT@VAL 7R,BREAKOUT@VAL val=4261.54 vah=4327.52 poc=4315.74 vwap=4285.84
2026-06-19T14:00:00+07:00,2026-06-19T14:05:00+07:00,SELL,4138.07,4142.87,4104.55,SL,-5.0,S419 SELL Orochi BREAKOUT@VAL 7R,BREAKOUT@VAL val=4261.54 vah=4327.52 poc=4315.74 vwap=4285.39
2026-06-19T14:10:00+07:00,2026-06-19T14:55:00+07:00,SELL,4147.22,4149.57,4129.33,BE,-0.2,S419 SELL Orochi BREAKOUT@VAL 7R,BREAKOUT@VAL val=4260.66 vah=4325.28 poc=4318.35 vwap=4284.64
2026-06-19T15:00:00+07:00,2026-06-19T15:05:00+07:00,SELL,4155.88,4157.82,4144.38,SL,-2.14,S419 SELL Orochi BREAKOUT@VAL 7R,BREAKOUT@VAL val=4267.24 vah=4329.89 poc=4315.27 vwap=4288.91
2026-06-19T15:10:00+07:00,2026-06-19T15:20:00+07:00,SELL,4157.26,4161.45,4127.61,BE,-0.2,S419 SELL Orochi BREAKOUT@VAL 7R,BREAKOUT@VAL val=4266.68 vah=4329.89 poc=4316.06 vwap=4290.22
2026-06-19T15:25:00+07:00,2026-06-19T15:40:00+07:00,SELL,4152.49,4159.23,4105.23,BE,-0.2,S419 SELL Orochi BREAKOUT@VAL 7R,BREAKOUT@VAL val=4266.15 vah=4326.14 poc=4316.77 vwap=4291.67
2026-06-19T15:45:00+07:00,2026-06-19T15:55:00+07:00,SELL,4152.62,4158.7,4110.3,BE,-0.2,S419 SELL Orochi BREAKOUT@VAL 7R,BREAKOUT@VAL val=4269.90 vah=4326.14 poc=4316.77 vwap=4292.65
2026-06-19T16:00:00+07:00,2026-06-19T16:10:00+07:00,SELL,4159.86,4164.45,4127.33,BE,-0.2,S419 SELL Orochi BREAKOUT@VAL 7R,BREAKOUT@VAL val=4269.90 vah=4326.14 poc=4316.77 vwap=4293.16
2026-06-19T16:15:00+07:00,2026-06-19T16:20:00+07:00,SELL,4170.21,4172.13,4157.01,SL,-2.12,S419 SELL Orochi BREAKOUT@VAL 7R,BREAKOUT@VAL val=4269.90 vah=4326.14 poc=4316.77 vwap=4293.53
2026-06-19T16:25:00+07:00,2026-06-19T18:05:00+07:00,SELL,4175.79,4178.93,4153.73,TP,21.86,S419 SELL Orochi BREAKOUT@VAL 7R,BREAKOUT@VAL val=4269.90 vah=4326.14 poc=4316.77 vwap=4293.77
2026-06-19T18:10:00+07:00,2026-06-19T18:20:00+07:00,SELL,4155.39,4159.88,4124.04,BE,-0.2,S419 SELL Orochi BREAKOUT@VAL 7R,BREAKOUT@VAL val=4281.15 vah=4329.89 poc=4316.77 vwap=4295.39
2026-06-19T18:25:00+07:00,2026-06-19T18:35:00+07:00,SELL,4153.79,4157.21,4129.77,BE,-0.2,S419 SELL Orochi BREAKOUT@VAL 7R,BREAKOUT@VAL val=4281.15 vah=4329.89 poc=4316.77 vwap=4295.55
2026-06-19T18:40:00+07:00,2026-06-19T18:50:00+07:00,SELL,4151.22,4156.24,4116.16,BE,-0.2,S419 SELL Orochi BREAKOUT@VAL 7R,BREAKOUT@VAL val=4281.15 vah=4329.89 poc=4316.77 vwap=4295.51
2026-06-19T18:55:00+07:00,2026-06-19T19:40:00+07:00,SELL,4149.76,4155.64,4108.52,BE,-0.2,S419 SELL Orochi BREAKOUT@VAL 7R,BREAKOUT@VAL val=4277.40 vah=4329.89 poc=4316.77 vwap=4295.32
2026-06-19T19:45:00+07:00,2026-06-19T20:00:00+07:00,SELL,4153.14,4156.0,4132.72,BE,-0.2,S419 SELL Orochi BREAKOUT@VAL 7R,BREAKOUT@VAL val=4269.90 vah=4329.89 poc=4316.77 vwap=4293.13
2026-06-19T20:05:00+07:00,2026-06-19T20:10:00+07:00,SELL,4158.52,4159.94,4148.34,SL,-1.62,S419 SELL Orochi BREAKOUT@VAL 7R,BREAKOUT@VAL val=4160.50 vah=4263.74 poc=4228.25 vwap=4198.72
2026-06-19T20:15:00+07:00,2026-06-19T20:25:00+07:00,SELL,4155.45,4161.44,4113.84,BE,-0.2,S419 SELL Orochi BREAKOUT@VAL 7R,BREAKOUT@VAL val=4160.50 vah=4263.74 poc=4228.25 vwap=4198.72
2026-06-19T20:30:00+07:00,2026-06-19T20:40:00+07:00,SELL,4152.39,4156.98,4120.02,BE,-0.2,S419 SELL Orochi BREAKOUT@VAL 7R,BREAKOUT@VAL val=4160.50 vah=4263.74 poc=4228.25 vwap=4198.72
2026-06-19T20:45:00+07:00,2026-06-19T20:50:00+07:00,SELL,4148.89,4155.8,4100.44,SL,-7.11,S419 SELL Orochi BREAKOUT@VAL 7R,BREAKOUT@VAL val=4160.50 vah=4263.74 poc=4228.25 vwap=4198.72
2026-06-19T21:45:00+07:00,2026-06-19T21:55:00+07:00,SELL,4156.89,4166.85,4086.85,BE,-0.2,S419 SELL Orochi BREAKOUT@VAL 7R,BREAKOUT@VAL val=4160.50 vah=4263.74 poc=4228.25 vwap=4198.72
2026-06-19T22:00:00+07:00,2026-06-19T23:00:00+07:00,SELL,4152.78,4162.43,4084.27,BE,-0.2,S419 SELL Orochi BREAKOUT@VAL 7R,BREAKOUT@VAL val=4160.50 vah=4263.74 poc=4228.25 vwap=4198.72
2026-06-19T23:05:00+07:00,2026-06-19T23:20:00+07:00,SELL,4152.12,4154.59,4134.51,BE,-0.2,S419 SELL Orochi BREAKOUT@VAL 7R,BREAKOUT@VAL val=4160.50 vah=4263.74 poc=4228.25 vwap=4198.72
2026-06-19T23:25:00+07:00,2026-06-19T23:35:00+07:00,SELL,4151.49,4155.17,4124.53,BE,-0.2,S419 SELL Orochi BREAKOUT@VAL 7R,BREAKOUT@VAL val=4160.50 vah=4263.74 poc=4228.25 vwap=4198.72
2026-06-19T23:40:00+07:00,2026-06-20T00:05:00+07:00,SELL,4148.04,4154.07,4105.99,BE,-0.2,S419 SELL Orochi BREAKOUT@VAL 7R,BREAKOUT@VAL val=4160.50 vah=4263.74 poc=4228.25 vwap=4198.72
2026-06-20T00:10:00+07:00,2026-06-20T00:20:00+07:00,SELL,4145.32,4150.42,4109.14,BE,-0.2,S419 SELL Orochi BREAKOUT@VAL 7R,BREAKOUT@VAL val=4160.50 vah=4263.74 poc=4228.25 vwap=4198.72
2026-06-20T00:25:00+07:00,2026-06-20T00:30:00+07:00,SELL,4147.07,4149.67,4128.95,SL,-2.8,S419 SELL Orochi BREAKOUT@VAL 7R,BREAKOUT@VAL val=4160.50 vah=4263.74 poc=4228.25 vwap=4198.72
2026-06-20T00:35:00+07:00,2026-06-20T00:40:00+07:00,SELL,4151.78,4152.61,4146.45,SL,-1.03,S419 SELL Orochi BREAKOUT@VAL 7R,BREAKOUT@VAL val=4160.50 vah=4263.74 poc=4228.25 vwap=4198.72
2026-06-20T00:45:00+07:00,2026-06-22T06:05:00+07:00,SELL,4157.07,4158.01,4150.17,BE,-0.2,S419 SELL Orochi BREAKOUT@VAL 7R,BREAKOUT@VAL val=4160.50 vah=4263.74 poc=4228.25 vwap=4198.72
2026-06-23T00:05:00+07:00,2026-06-23T00:15:00+07:00,SELL,4176.68,4186.38,4109.5,BE,-0.2,S419 SELL Orochi BREAKOUT@VAL 7R,BREAKOUT@VAL val=4178.64 vah=4213.76 poc=4190.93 vwap=4189.06
2026-06-23T09:20:00+07:00,2026-06-23T09:30:00+07:00,SELL,4178.21,4187.36,4114.32,BE,-0.2,S419 SELL Orochi BREAKOUT@VAL 7R,BREAKOUT@VAL val=4178.64 vah=4213.76 poc=4190.93 vwap=4189.06
2026-06-23T09:50:00+07:00,2026-06-23T09:55:00+07:00,SELL,4157.15,4160.08,4136.4,SL,-3.13,S419 SELL Orochi BREAKOUT@VAL 7R,BREAKOUT@VAL val=4178.64 vah=4213.76 poc=4190.93 vwap=4189.06
2026-06-23T10:00:00+07:00,2026-06-23T10:15:00+07:00,SELL,4159.2,4165.11,4117.59,BE,-0.2,S419 SELL Orochi BREAKOUT@VAL 7R,BREAKOUT@VAL val=4178.64 vah=4213.76 poc=4190.93 vwap=4189.06
2026-06-23T10:20:00+07:00,2026-06-23T10:25:00+07:00,SELL,4160.03,4162.43,4145.23,SL,-2.6,S419 SELL Orochi BREAKOUT@VAL 7R,BREAKOUT@VAL val=4178.64 vah=4213.76 poc=4190.93 vwap=4189.06
2026-06-23T10:30:00+07:00,2026-06-23T10:45:00+07:00,SELL,4156.43,4165.27,4095.99,BE,-0.2,S419 SELL Orochi BREAKOUT@VAL 7R,BREAKOUT@VAL val=4178.64 vah=4213.76 poc=4190.93 vwap=4189.06
2026-06-23T10:50:00+07:00,2026-06-23T14:05:00+07:00,SELL,4152.67,4158.34,4114.66,TP,37.81,S419 SELL Orochi BREAKOUT@VAL 7R,BREAKOUT@VAL val=4178.64 vah=4213.76 poc=4190.93 vwap=4189.06
2026-06-23T14:10:00+07:00,2026-06-23T14:20:00+07:00,SELL,4122.6,4126.93,4092.21,BE,-0.2,S419 SELL Orochi BREAKOUT@VAL 7R,BREAKOUT@VAL val=4178.64 vah=4213.76 poc=4190.93 vwap=4189.06
2026-06-23T14:25:00+07:00,2026-06-23T14:35:00+07:00,SELL,4116.53,4127.39,4040.03,BE,-0.2,S419 SELL Orochi BREAKOUT@VAL 7R,BREAKOUT@VAL val=4178.64 vah=4213.76 poc=4190.93 vwap=4189.06
2026-06-23T14:40:00+07:00,2026-06-23T14:50:00+07:00,SELL,4113.47,4121.97,4053.81,BE,-0.2,S419 SELL Orochi BREAKOUT@VAL 7R,BREAKOUT@VAL val=4178.64 vah=4213.76 poc=4190.93 vwap=4189.06
2026-06-23T14:55:00+07:00,2026-06-23T15:05:00+07:00,SELL,4114.41,4122.19,4060.27,BE,-0.2,S419 SELL Orochi BREAKOUT@VAL 7R,BREAKOUT@VAL val=4178.64 vah=4213.76 poc=4190.93 vwap=4189.06
2026-06-23T15:10:00+07:00,2026-06-23T15:20:00+07:00,SELL,4115.86,4126.68,4039.4,BE,-0.2,S419 SELL Orochi BREAKOUT@VAL 7R,BREAKOUT@VAL val=4178.64 vah=4213.76 poc=4190.93 vwap=4189.06
2026-06-23T15:25:00+07:00,2026-06-23T15:35:00+07:00,SELL,4118.14,4124.55,4073.11,BE,-0.2,S419 SELL Orochi BREAKOUT@VAL 7R,BREAKOUT@VAL val=4178.64 vah=4213.76 poc=4190.93 vwap=4189.06
2026-06-23T15:45:00+07:00,2026-06-23T16:40:00+07:00,SELL,4106.53,4115.07,4046.59,BE,-0.2,S419 SELL Orochi BREAKOUT@VAL 7R,BREAKOUT@VAL val=4178.64 vah=4213.76 poc=4190.93 vwap=4189.06
2026-06-23T16:45:00+07:00,2026-06-23T16:55:00+07:00,SELL,4104.3,4112.51,4047.71,BE,-0.2,S419 SELL Orochi BREAKOUT@VAL 7R,BREAKOUT@VAL val=4182.15 vah=4213.76 poc=4190.93 vwap=4190.20
2026-06-23T17:00:00+07:00,2026-06-23T17:05:00+07:00,SELL,4110.07,4112.08,4096.48,SL,-2.21,S419 SELL Orochi BREAKOUT@VAL 7R,BREAKOUT@VAL val=4185.66 vah=4213.76 poc=4190.93 vwap=4190.61
2026-06-23T17:10:00+07:00,2026-06-23T17:20:00+07:00,SELL,4111.26,4115.1,4082.78,BE,-0.2,S419 SELL Orochi BREAKOUT@VAL 7R,BREAKOUT@VAL val=4185.66 vah=4213.76 poc=4190.93 vwap=4190.82
2026-06-23T17:25:00+07:00,2026-06-23T17:35:00+07:00,SELL,4112.71,4118.37,4073.33,SL,-5.86,S419 SELL Orochi BREAKOUT@VAL 7R,BREAKOUT@VAL val=4185.66 vah=4213.76 poc=4190.93 vwap=4191.23
2026-06-23T17:40:00+07:00,2026-06-23T17:50:00+07:00,SELL,4117.28,4121.38,4087.54,BE,-0.2,S419 SELL Orochi BREAKOUT@VAL 7R,BREAKOUT@VAL val=4185.66 vah=4213.76 poc=4190.93 vwap=4191.76
2026-06-23T17:55:00+07:00,2026-06-23T18:00:00+07:00,SELL,4122.46,4123.47,4114.11,SL,-1.21,S419 SELL Orochi BREAKOUT@VAL 7R,BREAKOUT@VAL val=4185.66 vah=4213.76 poc=4190.93 vwap=4192.35
2026-06-23T18:05:00+07:00,2026-06-23T19:10:00+07:00,SELL,4126.98,4134.56,4074.24,BE,-0.2,S419 SELL Orochi BREAKOUT@VAL 7R,BREAKOUT@VAL val=4185.68 vah=4213.76 poc=4190.94 vwap=4192.92
2026-06-23T19:15:00+07:00,2026-06-23T19:20:00+07:00,SELL,4128.37,4130.87,4110.39,SL,-2.7,S419 SELL Orochi BREAKOUT@VAL 7R,BREAKOUT@VAL val=4187.39 vah=4210.34 poc=4192.60 vwap=4196.52
2026-06-23T19:25:00+07:00,2026-06-23T20:00:00+07:00,SELL,4127.32,4132.99,4087.71,BE,-0.2,S419 SELL Orochi BREAKOUT@VAL 7R,BREAKOUT@VAL val=4187.34 vah=4209.54 poc=4191.97 vwap=4196.04
2026-06-23T20:05:00+07:00,2026-06-23T20:20:00+07:00,SELL,4119.86,4128.76,4056.76,BE,-0.2,S419 SELL Orochi BREAKOUT@VAL 7R,BREAKOUT@VAL val=4126.17 vah=4211.73 poc=4189.08 vwap=4159.30
2026-06-23T20:25:00+07:00,2026-06-23T20:35:00+07:00,SELL,4115.09,4121.59,4069.67,BE,-0.2,S419 SELL Orochi BREAKOUT@VAL 7R,BREAKOUT@VAL val=4126.17 vah=4211.73 poc=4189.08 vwap=4159.30
2026-06-23T20:40:00+07:00,2026-06-23T20:50:00+07:00,SELL,4117.85,4124.13,4073.97,BE,-0.2,S419 SELL Orochi BREAKOUT@VAL 7R,BREAKOUT@VAL val=4126.17 vah=4211.73 poc=4189.08 vwap=4159.30
2026-06-23T20:55:00+07:00,2026-06-23T21:05:00+07:00,SELL,4113.29,4123.22,4043.86,BE,-0.2,S419 SELL Orochi BREAKOUT@VAL 7R,BREAKOUT@VAL val=4126.17 vah=4211.73 poc=4189.08 vwap=4159.30
2026-06-23T21:10:00+07:00,2026-06-23T21:20:00+07:00,SELL,4113.49,4121.02,4060.7,BE,-0.2,S419 SELL Orochi BREAKOUT@VAL 7R,BREAKOUT@VAL val=4126.17 vah=4211.73 poc=4189.08 vwap=4159.30
2026-06-23T21:25:00+07:00,2026-06-23T21:30:00+07:00,SELL,4115.87,4121.08,4078.68,SL,-5.41,S419 SELL Orochi BREAKOUT@VAL 7R,BREAKOUT@VAL val=4126.17 vah=4211.73 poc=4189.08 vwap=4159.30
2026-06-23T21:35:00+07:00,2026-06-23T21:40:00+07:00,SELL,4118.62,4126.33,4063.85,SL,-7.91,S419 SELL Orochi BREAKOUT@VAL 7R,BREAKOUT@VAL val=4126.17 vah=4211.73 poc=4189.08 vwap=4159.30
2026-06-24T02:10:00+07:00,2026-06-24T02:20:00+07:00,SELL,4124.36,4128.63,4094.55,BE,-0.2,S419 SELL Orochi BREAKOUT@VAL 7R,BREAKOUT@VAL val=4126.17 vah=4211.73 poc=4189.08 vwap=4159.30
2026-06-24T02:25:00+07:00,2026-06-24T02:35:00+07:00,SELL,4121.04,4126.21,4084.77,BE,-0.2,S419 SELL Orochi BREAKOUT@VAL 7R,BREAKOUT@VAL val=4126.17 vah=4211.73 poc=4189.08 vwap=4159.30
2026-06-24T02:50:00+07:00,2026-06-24T02:55:00+07:00,SELL,4115.83,4118.14,4099.02,SL,-2.51,S419 SELL Orochi BREAKOUT@VAL 7R,BREAKOUT@VAL val=4126.17 vah=4211.73 poc=4189.08 vwap=4159.30
2026-06-24T03:00:00+07:00,2026-06-24T03:05:00+07:00,SELL,4123.28,4125.26,4109.58,SL,-2.18,S419 SELL Orochi BREAKOUT@VAL 7R,BREAKOUT@VAL val=4126.17 vah=4211.73 poc=4189.08 vwap=4159.30
2026-06-24T03:10:00+07:00,2026-06-24T03:20:00+07:00,SELL,4121.33,4126.99,4081.63,BE,-0.2,S419 SELL Orochi BREAKOUT@VAL 7R,BREAKOUT@VAL val=4126.17 vah=4211.73 poc=4189.08 vwap=4159.30
2026-06-24T03:25:00+07:00,2026-06-24T03:30:00+07:00,SELL,4121.81,4123.32,4110.84,SL,-1.71,S419 SELL Orochi BREAKOUT@VAL 7R,BREAKOUT@VAL val=4126.17 vah=4211.73 poc=4189.08 vwap=4159.30
2026-06-24T03:35:00+07:00,2026-06-24T06:30:00+07:00,SELL,4122.55,4125.27,4103.59,TP,18.76,S419 SELL Orochi BREAKOUT@VAL 7R,BREAKOUT@VAL val=4126.17 vah=4211.73 poc=4189.08 vwap=4159.30
2026-06-24T06:40:00+07:00,2026-06-24T06:45:00+07:00,SELL,4104.44,4105.49,4098.21,SL,-1.25,S419 SELL Orochi BREAKOUT@VAL 7R,BREAKOUT@VAL val=4126.17 vah=4211.73 poc=4189.08 vwap=4159.30
2026-06-24T06:50:00+07:00,2026-06-24T08:05:00+07:00,SELL,4106.18,4110.18,4078.26,BE,-0.2,S419 SELL Orochi BREAKOUT@VAL 7R,BREAKOUT@VAL val=4126.17 vah=4211.73 poc=4189.08 vwap=4159.30
2026-06-24T08:10:00+07:00,2026-06-24T10:35:00+07:00,SELL,4107.2,4113.71,4062.67,TP,44.33,S419 SELL Orochi BREAKOUT@VAL 7R,BREAKOUT@VAL val=4125.88 vah=4205.75 poc=4188.28 vwap=4157.31
2026-06-24T10:45:00+07:00,2026-06-24T10:50:00+07:00,SELL,4058.78,4063.98,4020.54,SL,-5.4,S419 SELL Orochi BREAKOUT@VAL 7R,BREAKOUT@VAL val=4122.32 vah=4198.52 poc=4191.80 vwap=4148.31
2026-06-24T10:55:00+07:00,2026-06-24T11:35:00+07:00,SELL,4061.29,4071.58,3988.46,BE,-0.2,S419 SELL Orochi BREAKOUT@VAL 7R,BREAKOUT@VAL val=4122.32 vah=4198.52 poc=4191.80 vwap=4147.81
2026-06-24T11:40:00+07:00,2026-06-24T13:05:00+07:00,SELL,4068.44,4071.48,4046.68,BE,-0.2,S419 SELL Orochi BREAKOUT@VAL 7R,BREAKOUT@VAL val=4117.84 vah=4198.52 poc=4191.80 vwap=4145.97
2026-06-24T13:10:00+07:00,2026-06-24T13:20:00+07:00,SELL,4067.69,4071.31,4043.39,BE,-0.2,S419 SELL Orochi BREAKOUT@VAL 7R,BREAKOUT@VAL val=4090.94 vah=4162.66 poc=4120.08 vwap=4142.65
2026-06-24T13:25:00+07:00,2026-06-24T13:30:00+07:00,SELL,4073.53,4075.66,4058.54,SL,-2.33,S419 SELL Orochi BREAKOUT@VAL 7R,BREAKOUT@VAL val=4090.94 vah=4158.18 poc=4120.08 vwap=4142.06
2026-06-24T13:40:00+07:00,2026-06-24T13:55:00+07:00,SELL,4077.13,4083.78,4030.98,BE,-0.2,S419 SELL Orochi BREAKOUT@VAL 7R,BREAKOUT@VAL val=4090.94 vah=4158.18 poc=4120.08 vwap=4141.30
2026-06-24T14:00:00+07:00,2026-06-24T14:05:00+07:00,SELL,4077.9,4082.19,4047.71,SL,-4.49,S419 SELL Orochi BREAKOUT@VAL 7R,BREAKOUT@VAL val=4090.94 vah=4158.18 poc=4120.08 vwap=4140.42
2026-06-24T14:20:00+07:00,2026-06-24T14:35:00+07:00,SELL,4088.71,4099.35,4014.07,BE,-0.2,S419 SELL Orochi BREAKOUT@VAL 7R,BREAKOUT@VAL val=4090.94 vah=4153.70 poc=4120.08 vwap=4139.43
2026-06-24T14:50:00+07:00,2026-06-24T15:00:00+07:00,SELL,4089.75,4096.26,4044.42,BE,-0.2,S419 SELL Orochi BREAKOUT@VAL 7R,BREAKOUT@VAL val=4090.94 vah=4153.70 poc=4120.08 vwap=4138.09
2026-06-24T15:05:00+07:00,2026-06-24T18:10:00+07:00,SELL,4088.42,4092.5,4059.22,TP,29.0,S419 SELL Orochi BREAKOUT@VAL 7R,BREAKOUT@VAL val=4090.94 vah=4153.70 poc=4120.08 vwap=4137.41
2026-06-24T18:15:00+07:00,2026-06-24T18:25:00+07:00,SELL,4059.18,4063.49,4029.09,BE,-0.2,S419 SELL Orochi BREAKOUT@VAL 7R,BREAKOUT@VAL val=4095.42 vah=4144.73 poc=4120.08 vwap=4133.47
2026-06-24T18:30:00+07:00,2026-06-24T18:40:00+07:00,SELL,4061.82,4064.32,4044.88,BE,-0.2,S419 SELL Orochi BREAKOUT@VAL 7R,BREAKOUT@VAL val=4095.42 vah=4144.73 poc=4120.08 vwap=4132.58
2026-06-24T18:45:00+07:00,2026-06-24T20:25:00+07:00,SELL,4063.45,4068.05,4031.17,TP,32.08,S419 SELL Orochi BREAKOUT@VAL 7R,BREAKOUT@VAL val=4099.90 vah=4144.73 poc=4120.08 vwap=4131.87
2026-06-24T20:35:00+07:00,2026-06-24T20:45:00+07:00,SELL,4011.88,4023.21,3932.97,BE,-0.2,S419 SELL Orochi BREAKOUT@VAL 7R,BREAKOUT@VAL val=4051.01 vah=4122.55 poc=4062.19 vwap=4095.67
2026-06-24T20:50:00+07:00,2026-06-24T21:35:00+07:00,SELL,4003.94,4020.16,3890.56,BE,-0.2,S419 SELL Orochi BREAKOUT@VAL 7R,BREAKOUT@VAL val=4051.01 vah=4122.55 poc=4062.19 vwap=4095.67
2026-06-24T21:40:00+07:00,2026-06-24T21:50:00+07:00,SELL,4015.41,4021.51,3973.27,BE,-0.2,S419 SELL Orochi BREAKOUT@VAL 7R,BREAKOUT@VAL val=4051.01 vah=4122.55 poc=4062.19 vwap=4095.67
2026-06-24T21:55:00+07:00,2026-06-25T01:30:00+07:00,SELL,4038.27,4045.69,3986.57,TP,51.5,S419 SELL Orochi BREAKOUT@VAL 7R,BREAKOUT@VAL val=4051.01 vah=4122.55 poc=4062.19 vwap=4095.67
2026-06-25T01:35:00+07:00,2026-06-25T01:45:00+07:00,SELL,3986.0,3992.6,3939.88,BE,-0.2,S419 SELL Orochi BREAKOUT@VAL 7R,BREAKOUT@VAL val=4051.01 vah=4122.55 poc=4062.19 vwap=4095.67
2026-06-25T01:50:00+07:00,2026-06-25T02:05:00+07:00,SELL,3979.92,3988.32,3921.28,BE,-0.2,S419 SELL Orochi BREAKOUT@VAL 7R,BREAKOUT@VAL val=4051.01 vah=4122.55 poc=4062.19 vwap=4095.67
2026-06-25T02:10:00+07:00,2026-06-25T02:25:00+07:00,SELL,3989.03,3994.52,3949.96,BE,-0.2,S419 SELL Orochi BREAKOUT@VAL 7R,BREAKOUT@VAL val=4051.01 vah=4122.55 poc=4062.19 vwap=4095.67
2026-06-25T02:30:00+07:00,2026-06-25T03:50:00+07:00,SELL,3988.72,3996.28,3935.64,BE,-0.2,S419 SELL Orochi BREAKOUT@VAL 7R,BREAKOUT@VAL val=4051.01 vah=4122.55 poc=4062.19 vwap=4095.67
2026-06-25T03:55:00+07:00,2026-06-25T04:00:00+07:00,SELL,3988.14,3992.13,3960.13,SL,-4.19,S419 SELL Orochi BREAKOUT@VAL 7R,BREAKOUT@VAL val=4051.01 vah=4122.55 poc=4062.19 vwap=4095.67
2026-06-25T04:05:00+07:00,2026-06-25T04:20:00+07:00,SELL,3998.91,4004.26,3961.7,BE,-0.2,S419 SELL Orochi BREAKOUT@VAL 7R,BREAKOUT@VAL val=4051.01 vah=4122.55 poc=4062.19 vwap=4095.67
2026-06-25T04:25:00+07:00,2026-06-25T04:35:00+07:00,SELL,4000.05,4002.34,3984.18,BE,-0.2,S419 SELL Orochi BREAKOUT@VAL 7R,BREAKOUT@VAL val=4051.01 vah=4122.55 poc=4062.19 vwap=4095.67
2026-06-25T04:40:00+07:00,2026-06-25T04:50:00+07:00,SELL,3998.87,4002.77,3971.49,BE,-0.2,S419 SELL Orochi BREAKOUT@VAL 7R,BREAKOUT@VAL val=4051.01 vah=4122.55 poc=4062.19 vwap=4095.67
2026-06-25T06:05:00+07:00,2026-06-25T06:30:00+07:00,SELL,4003.33,4009.91,3960.63,BE,-0.2,S419 SELL Orochi BREAKOUT@VAL 7R,BREAKOUT@VAL val=4051.01 vah=4122.55 poc=4062.19 vwap=4095.67
2026-06-25T06:35:00+07:00,2026-06-25T07:30:00+07:00,SELL,4002.76,4007.76,3967.36,BE,-0.2,S419 SELL Orochi BREAKOUT@VAL 7R,BREAKOUT@VAL val=4051.01 vah=4122.55 poc=4062.19 vwap=4095.67
2026-06-25T07:35:00+07:00,2026-06-25T07:45:00+07:00,SELL,4015.85,4019.8,3988.52,BE,-0.2,S419 SELL Orochi BREAKOUT@VAL 7R,BREAKOUT@VAL val=4051.01 vah=4122.55 poc=4062.19 vwap=4095.33
2026-06-25T07:50:00+07:00,2026-06-25T08:00:00+07:00,SELL,4010.71,4019.07,3951.87,BE,-0.2,S419 SELL Orochi BREAKOUT@VAL 7R,BREAKOUT@VAL val=4051.01 vah=4122.55 poc=4062.19 vwap=4095.05
2026-06-25T08:05:00+07:00,2026-06-25T08:15:00+07:00,SELL,4014.73,4017.14,4000.74,TP,13.79,S419 SELL Orochi BREAKOUT@VAL 7R,BREAKOUT@VAL val=4051.01 vah=4122.55 poc=4062.19 vwap=4094.79
2026-06-25T08:20:00+07:00,2026-06-25T09:00:00+07:00,SELL,4001.38,4007.78,3956.66,BE,-0.2,S419 SELL Orochi BREAKOUT@VAL 7R,BREAKOUT@VAL val=4046.54 vah=4122.55 poc=4062.19 vwap=4094.52
2026-06-25T09:10:00+07:00,2026-06-25T09:20:00+07:00,SELL,3986.86,3999.71,3895.87,BE,-0.2,S419 SELL Orochi BREAKOUT@VAL 7R,BREAKOUT@VAL val=4046.54 vah=4122.55 poc=4062.19 vwap=4093.03
2026-06-25T09:25:00+07:00,2026-06-25T10:20:00+07:00,SELL,3990.67,4002.34,3909.94,BE,-0.2,S419 SELL Orochi BREAKOUT@VAL 7R,BREAKOUT@VAL val=4046.54 vah=4118.08 poc=4062.19 vwap=4092.16
2026-06-25T10:25:00+07:00,2026-06-25T10:35:00+07:00,SELL,3986.5,3993.61,3936.25,BE,-0.2,S419 SELL Orochi BREAKOUT@VAL 7R,BREAKOUT@VAL val=4046.46 vah=4108.46 poc=4061.96 vwap=4088.97
2026-06-25T10:40:00+07:00,2026-06-25T10:50:00+07:00,SELL,3978.54,3990.48,3895.12,BE,-0.2,S419 SELL Orochi BREAKOUT@VAL 7R,BREAKOUT@VAL val=4046.46 vah=4108.46 poc=4061.96 vwap=4088.36
2026-06-25T10:55:00+07:00,2026-06-25T11:00:00+07:00,SELL,3983.17,3986.54,3961.34,SL,-3.57,S419 SELL Orochi BREAKOUT@VAL 7R,BREAKOUT@VAL val=4046.46 vah=4104.03 poc=4061.96 vwap=4087.65
2026-06-25T11:10:00+07:00,2026-06-25T11:20:00+07:00,SELL,3970.73,3983.8,3879.08,BE,-0.2,S419 SELL Orochi BREAKOUT@VAL 7R,BREAKOUT@VAL val=4046.46 vah=4104.03 poc=4061.96 vwap=4086.84
2026-06-25T11:25:00+07:00,2026-06-25T11:45:00+07:00,SELL,3976.32,3985.28,3913.68,BE,-0.2,S419 SELL Orochi BREAKOUT@VAL 7R,BREAKOUT@VAL val=4050.89 vah=4104.03 poc=4061.96 vwap=4086.25
2026-06-25T11:50:00+07:00,2026-06-25T11:55:00+07:00,SELL,3997.38,4001.06,3972.02,SL,-3.88,S419 SELL Orochi BREAKOUT@VAL 7R,BREAKOUT@VAL val=4050.89 vah=4104.03 poc=4061.96 vwap=4085.29
2026-06-25T12:00:00+07:00,2026-06-25T12:10:00+07:00,SELL,3994.12,4003.29,3929.85,BE,-0.2,S419 SELL Orochi BREAKOUT@VAL 7R,BREAKOUT@VAL val=4050.89 vah=4104.03 poc=4061.96 vwap=4084.85
2026-06-25T12:15:00+07:00,2026-06-25T12:25:00+07:00,SELL,3991.49,3997.55,3948.91,BE,-0.2,S419 SELL Orochi BREAKOUT@VAL 7R,BREAKOUT@VAL val=4050.37 vah=4101.47 poc=4061.02 vwap=4084.13
2026-06-25T12:30:00+07:00,2026-06-25T12:40:00+07:00,SELL,3990.63,3999.25,3931.09,BE,-0.2,S419 SELL Orochi BREAKOUT@VAL 7R,BREAKOUT@VAL val=4054.43 vah=4100.71 poc=4060.74 vwap=4083.42
2026-06-25T12:45:00+07:00,2026-06-25T13:00:00+07:00,SELL,3992.43,3997.5,3956.86,SL,-5.27,S419 SELL Orochi BREAKOUT@VAL 7R,BREAKOUT@VAL val=4053.52 vah=4101.29 poc=4075.41 vwap=4082.76
2026-06-25T13:05:00+07:00,2026-06-25T13:30:00+07:00,SELL,3999.16,4000.54,3988.78,TP,10.18,S419 SELL Orochi BREAKOUT@VAL 7R,BREAKOUT@VAL val=4053.37 vah=4100.69 poc=4075.06 vwap=4082.05
2026-06-25T13:45:00+07:00,2026-06-25T13:50:00+07:00,SELL,3983.36,3988.12,3949.64,SL,-4.96,S419 SELL Orochi BREAKOUT@VAL 7R,BREAKOUT@VAL val=4056.03 vah=4100.27 poc=4061.56 vwap=4080.70
2026-06-25T13:55:00+07:00,2026-06-25T14:05:00+07:00,SELL,3986.55,3993.4,3938.68,BE,-0.2,S419 SELL Orochi BREAKOUT@VAL 7R,BREAKOUT@VAL val=4056.03 vah=4100.27 poc=4061.56 vwap=4080.40
2026-06-25T14:10:00+07:00,2026-06-25T14:20:00+07:00,SELL,3980.11,3990.86,3905.42,BE,-0.2,S419 SELL Orochi BREAKOUT@VAL 7R,BREAKOUT@VAL val=4056.03 vah=4100.27 poc=4061.56 vwap=4079.89
2026-06-25T14:25:00+07:00,2026-06-25T14:45:00+07:00,SELL,3984.32,3988.61,3955.25,BE,-0.2,S419 SELL Orochi BREAKOUT@VAL 7R,BREAKOUT@VAL val=4055.67 vah=4099.04 poc=4061.09 vwap=4079.23
2026-06-25T14:50:00+07:00,2026-06-25T15:00:00+07:00,SELL,3977.8,3985.87,3921.39,BE,-0.2,S419 SELL Orochi BREAKOUT@VAL 7R,BREAKOUT@VAL val=4055.67 vah=4099.04 poc=4061.09 vwap=4078.13
2026-06-25T15:05:00+07:00,2026-06-25T15:20:00+07:00,SELL,3984.84,3986.78,3970.78,BE,-0.2,S419 SELL Orochi BREAKOUT@VAL 7R,BREAKOUT@VAL val=4054.91 vah=4096.45 poc=4060.10 vwap=4077.50
2026-06-25T15:25:00+07:00,2026-06-25T15:55:00+07:00,SELL,3985.19,3991.35,3941.35,BE,-0.2,S419 SELL Orochi BREAKOUT@VAL 7R,BREAKOUT@VAL val=4053.75 vah=4095.73 poc=4061.82 vwap=4076.76
2026-06-25T16:00:00+07:00,2026-06-25T16:15:00+07:00,SELL,3990.46,3997.07,3941.95,BE,-0.2,S419 SELL Orochi BREAKOUT@VAL 7R,BREAKOUT@VAL val=4053.75 vah=4095.73 poc=4061.82 vwap=4076.34
2026-06-25T16:20:00+07:00,2026-06-25T16:30:00+07:00,SELL,3996.8,4003.18,3953.5,BE,-0.2,S419 SELL Orochi BREAKOUT@VAL 7R,BREAKOUT@VAL val=4053.75 vah=4092.50 poc=4061.82 vwap=4076.14
2026-06-25T16:35:00+07:00,2026-06-25T18:00:00+07:00,SELL,4001.49,4003.64,3985.96,TP,15.33,S419 SELL Orochi BREAKOUT@VAL 7R,BREAKOUT@VAL val=4053.12 vah=4093.48 poc=4076.40 vwap=4075.94
2026-06-25T18:05:00+07:00,2026-06-25T18:15:00+07:00,SELL,3986.62,3990.33,3960.17,BE,-0.2,S419 SELL Orochi BREAKOUT@VAL 7R,BREAKOUT@VAL val=4053.11 vah=4090.35 poc=4076.39 vwap=4074.22
2026-06-25T18:20:00+07:00,2026-06-25T18:25:00+07:00,SELL,3985.49,3988.08,3967.52,SL,-2.79,S419 SELL Orochi BREAKOUT@VAL 7R,BREAKOUT@VAL val=4053.11 vah=4090.35 poc=4076.39 vwap=4073.73
2026-06-25T18:30:00+07:00,2026-06-25T18:40:00+07:00,SELL,3986.75,3990.43,3961.23,BE,-0.2,S419 SELL Orochi BREAKOUT@VAL 7R,BREAKOUT@VAL val=4055.57 vah=4091.49 poc=4063.05 vwap=4073.13
2026-06-25T18:45:00+07:00,2026-06-25T19:00:00+07:00,SELL,3984.49,3988.93,3954.13,BE,-0.2,S419 SELL Orochi BREAKOUT@VAL 7R,BREAKOUT@VAL val=4056.47 vah=4091.51 poc=4076.68 vwap=4072.50
2026-06-25T19:05:00+07:00,2026-06-25T19:40:00+07:00,SELL,3984.37,3987.1,3965.42,BE,-0.2,S419 SELL Orochi BREAKOUT@VAL 7R,BREAKOUT@VAL val=4056.47 vah=4091.51 poc=4076.68 vwap=4071.81
2026-06-25T19:45:00+07:00,2026-06-25T20:15:00+07:00,SELL,3985.68,3988.81,3963.69,BE,-0.2,S419 SELL Orochi BREAKOUT@VAL 7R,BREAKOUT@VAL val=4053.77 vah=4086.12 poc=4063.21 vwap=4070.30
2026-06-25T20:50:00+07:00,2026-06-25T21:30:00+07:00,BUY,4015.88,4001.46,4115.78,BE,-0.2,S419 BUY Orochi BREAKOUT@VAH 7R,BREAKOUT@VAH val=3974.04 vah=4007.68 poc=3983.38 vwap=3994.51
2026-06-25T21:35:00+07:00,2026-06-25T21:45:00+07:00,BUY,4023.76,4009.47,4123.23,SL,-14.49,S419 BUY Orochi BREAKOUT@VAH 7R,BREAKOUT@VAH val=3974.04 vah=4007.68 poc=3983.38 vwap=3994.51
2026-06-25T21:50:00+07:00,2026-06-25T21:55:00+07:00,BUY,4008.27,4004.4,4035.28,SL,-4.07,S419 BUY Orochi BREAKOUT@VAH 7R,BREAKOUT@VAH val=3974.04 vah=4007.68 poc=3983.38 vwap=3994.51
2026-06-25T22:10:00+07:00,2026-06-25T22:20:00+07:00,BUY,4016.54,4007.37,4080.65,BE,-0.2,S419 BUY Orochi BREAKOUT@VAH 7R,BREAKOUT@VAH val=3974.04 vah=4007.68 poc=3983.38 vwap=3994.51
2026-06-25T22:25:00+07:00,2026-06-25T22:35:00+07:00,BUY,4026.6,4010.16,4141.6,BE,-0.2,S419 BUY Orochi BREAKOUT@VAH 7R,BREAKOUT@VAH val=3974.04 vah=4007.68 poc=3983.38 vwap=3994.51
2026-06-25T22:40:00+07:00,2026-06-25T22:50:00+07:00,BUY,4019.92,4013.25,4066.53,BE,-0.2,S419 BUY Orochi BREAKOUT@VAH 7R,BREAKOUT@VAH val=3974.04 vah=4007.68 poc=3983.38 vwap=3994.51
2026-06-25T22:55:00+07:00,2026-06-25T23:10:00+07:00,BUY,4012.03,4008.97,4033.53,BE,-0.2,S419 BUY Orochi BREAKOUT@VAH 7R,BREAKOUT@VAH val=3974.04 vah=4007.68 poc=3983.38 vwap=3994.51
2026-06-25T23:15:00+07:00,2026-06-26T07:55:00+07:00,BUY,4015.21,4002.98,4100.1,BE,-0.2,S419 BUY Orochi BREAKOUT@VAH 7R,BREAKOUT@VAH val=3974.04 vah=4007.68 poc=3983.38 vwap=3994.51
2026-06-26T08:00:00+07:00,2026-06-26T08:10:00+07:00,BUY,4012.44,4011.35,4019.75,BE,-0.2,S419 BUY Orochi BREAKOUT@VAH 7R,BREAKOUT@VAH val=3976.36 vah=4007.45 poc=3985.00 vwap=3992.99
2026-06-26T08:20:00+07:00,2026-06-26T08:25:00+07:00,BUY,4018.21,4015.97,4034.29,SL,-2.44,S419 BUY Orochi BREAKOUT@VAH 7R,BREAKOUT@VAH val=3976.36 vah=4007.45 poc=3985.00 vwap=3992.93
2026-06-26T08:30:00+07:00,2026-06-26T08:40:00+07:00,BUY,4016.02,4011.22,4049.38,BE,-0.2,S419 BUY Orochi BREAKOUT@VAH 7R,BREAKOUT@VAH val=3976.36 vah=4007.45 poc=3985.00 vwap=3993.17
2026-06-26T08:45:00+07:00,2026-06-26T08:55:00+07:00,BUY,4019.15,4013.85,4056.09,BE,-0.2,S419 BUY Orochi BREAKOUT@VAH 7R,BREAKOUT@VAH val=3976.36 vah=4007.45 poc=3985.00 vwap=3993.57
2026-06-26T09:00:00+07:00,2026-06-26T09:05:00+07:00,BUY,4017.37,4014.76,4035.08,SL,-2.81,S419 BUY Orochi BREAKOUT@VAH 7R,BREAKOUT@VAH val=3976.36 vah=4003.99 poc=3985.00 vwap=3993.45
2026-06-26T09:10:00+07:00,2026-06-26T09:25:00+07:00,BUY,4019.72,4012.77,4069.49,BE,-0.2,S419 BUY Orochi BREAKOUT@VAH 7R,BREAKOUT@VAH val=3976.36 vah=4003.99 poc=3985.00 vwap=3993.03
2026-06-26T09:30:00+07:00,2026-06-26T09:40:00+07:00,BUY,4020.33,4016.24,4049.2,BE,-0.2,S419 BUY Orochi BREAKOUT@VAH 7R,BREAKOUT@VAH val=3974.77 vah=4003.00 poc=3982.62 vwap=3991.97
2026-06-26T09:45:00+07:00,2026-06-26T10:05:00+07:00,BUY,4016.47,4012.96,4039.92,BE,-0.2,S419 BUY Orochi BREAKOUT@VAH 7R,BREAKOUT@VAH val=3974.77 vah=4003.00 poc=3982.62 vwap=3991.37
2026-06-26T10:10:00+07:00,2026-06-26T10:15:00+07:00,BUY,4015.06,4011.99,4037.59,SL,-3.27,S419 BUY Orochi BREAKOUT@VAH 7R,BREAKOUT@VAH val=3974.87 vah=4001.18 poc=3984.08 vwap=3990.50
2026-06-26T10:20:00+07:00,2026-06-26T10:30:00+07:00,BUY,4006.03,4003.99,4020.23,BE,-0.2,S419 BUY Orochi BREAKOUT@VAH 7R,BREAKOUT@VAH val=3974.87 vah=4001.18 poc=3984.08 vwap=3990.31
2026-06-26T11:55:00+07:00,2026-06-26T12:05:00+07:00,BUY,4004.49,3996.46,4059.1,BE,-0.2,S419 BUY Orochi BREAKOUT@VAH 7R,BREAKOUT@VAH val=3976.77 vah=3996.97 poc=3983.08 vwap=3988.28
2026-06-26T12:20:00+07:00,2026-06-26T12:30:00+07:00,BUY,4007.85,4005.56,4023.96,BE,-0.2,S419 BUY Orochi BREAKOUT@VAH 7R,BREAKOUT@VAH val=3976.48 vah=3996.35 poc=3982.69 vwap=3987.71
2026-06-26T12:35:00+07:00,2026-06-26T13:15:00+07:00,BUY,4003.31,4001.38,4016.9,TP,13.39,S419 BUY Orochi BREAKOUT@VAH 7R,BREAKOUT@VAH val=3976.48 vah=3996.35 poc=3982.69 vwap=3987.41
2026-06-26T13:20:00+07:00,2026-06-26T13:35:00+07:00,BUY,4013.29,4010.69,4031.41,BE,-0.2,S419 BUY Orochi BREAKOUT@VAH 7R,BREAKOUT@VAH val=3977.39 vah=3998.05 poc=3983.13 vwap=3987.75
2026-06-26T13:40:00+07:00,2026-06-26T13:45:00+07:00,BUY,4011.32,4009.81,4021.97,SL,-1.71,S419 BUY Orochi BREAKOUT@VAH 7R,BREAKOUT@VAH val=3977.39 vah=3998.05 poc=3983.13 vwap=3987.85
2026-06-26T13:55:00+07:00,2026-06-26T14:05:00+07:00,BUY,4008.05,4005.38,4026.58,BE,-0.2,S419 BUY Orochi BREAKOUT@VAH 7R,BREAKOUT@VAH val=3977.39 vah=3998.05 poc=3983.13 vwap=3987.84
2026-06-26T14:10:00+07:00,2026-06-26T14:20:00+07:00,BUY,4009.57,4005.59,4037.59,BE,-0.2,S419 BUY Orochi BREAKOUT@VAH 7R,BREAKOUT@VAH val=3977.39 vah=3998.05 poc=3983.13 vwap=3987.97
2026-06-26T14:30:00+07:00,2026-06-26T14:40:00+07:00,BUY,4023.85,4019.07,4056.27,BE,-0.2,S419 BUY Orochi BREAKOUT@VAH 7R,BREAKOUT@VAH val=3977.39 vah=3998.05 poc=3985.42 vwap=3988.21
2026-06-26T14:45:00+07:00,2026-06-26T14:55:00+07:00,BUY,4023.81,4019.5,4053.82,BE,-0.2,S419 BUY Orochi BREAKOUT@VAH 7R,BREAKOUT@VAH val=3977.39 vah=3998.05 poc=3985.42 vwap=3988.38
2026-06-26T15:00:00+07:00,2026-06-26T15:10:00+07:00,BUY,4029.38,4021.71,4082.91,BE,-0.2,S419 BUY Orochi BREAKOUT@VAH 7R,BREAKOUT@VAH val=3977.39 vah=3998.05 poc=3985.42 vwap=3988.47
2026-06-26T15:15:00+07:00,2026-06-26T15:40:00+07:00,BUY,4031.22,4025.52,4072.08,BE,-0.2,S419 BUY Orochi BREAKOUT@VAH 7R,BREAKOUT@VAH val=3977.39 vah=3998.05 poc=3985.42 vwap=3988.53
2026-06-26T15:45:00+07:00,2026-06-26T16:00:00+07:00,BUY,4029.0,4027.18,4041.82,BE,-0.2,S419 BUY Orochi BREAKOUT@VAH 7R,BREAKOUT@VAH val=3977.39 vah=3998.05 poc=3985.42 vwap=3988.23
2026-06-26T16:05:00+07:00,2026-06-26T16:15:00+07:00,BUY,4030.61,4024.57,4072.81,BE,-0.2,S419 BUY Orochi BREAKOUT@VAH 7R,BREAKOUT@VAH val=3977.39 vah=3998.05 poc=3985.42 vwap=3988.06
2026-06-26T16:20:00+07:00,2026-06-26T16:55:00+07:00,BUY,4030.9,4028.7,4046.14,BE,-0.2,S419 BUY Orochi BREAKOUT@VAH 7R,BREAKOUT@VAH val=3977.39 vah=3998.05 poc=3985.42 vwap=3987.96
2026-06-26T17:00:00+07:00,2026-06-26T21:55:00+07:00,BUY,4034.2,4028.64,4074.32,TP,39.92,S419 BUY Orochi BREAKOUT@VAH 7R,BREAKOUT@VAH val=3977.39 vah=3998.05 poc=3985.42 vwap=3987.70
2026-06-26T22:00:00+07:00,2026-06-26T22:10:00+07:00,BUY,4077.39,4061.34,4191.42,BE,-0.2,S419 BUY Orochi BREAKOUT@VAH 7R,BREAKOUT@VAH val=4007.62 vah=4039.51 poc=4031.53 vwap=4022.63
2026-06-26T22:15:00+07:00,2026-06-26T22:25:00+07:00,BUY,4088.76,4074.5,4188.9,BE,-0.2,S419 BUY Orochi BREAKOUT@VAH 7R,BREAKOUT@VAH val=4007.62 vah=4039.51 poc=4031.53 vwap=4022.63
2026-06-26T22:30:00+07:00,2026-06-26T22:35:00+07:00,BUY,4080.35,4077.46,4100.5,SL,-3.09,S419 BUY Orochi BREAKOUT@VAH 7R,BREAKOUT@VAH val=4007.62 vah=4039.51 poc=4031.53 vwap=4022.63
2026-06-26T22:40:00+07:00,2026-06-26T22:55:00+07:00,BUY,4082.68,4074.27,4141.39,BE,-0.2,S419 BUY Orochi BREAKOUT@VAH 7R,BREAKOUT@VAH val=4007.62 vah=4039.51 poc=4031.53 vwap=4022.63
2026-06-26T23:00:00+07:00,2026-06-26T23:05:00+07:00,BUY,4079.4,4077.15,4094.59,SL,-2.45,S419 BUY Orochi BREAKOUT@VAH 7R,BREAKOUT@VAH val=4007.62 vah=4039.51 poc=4031.53 vwap=4022.63
2026-06-26T23:10:00+07:00,2026-06-27T01:30:00+07:00,BUY,4079.57,4073.94,4118.66,BE,-0.2,S419 BUY Orochi BREAKOUT@VAH 7R,BREAKOUT@VAH val=4007.62 vah=4039.51 poc=4031.53 vwap=4022.63
2026-06-27T01:35:00+07:00,2026-06-27T01:45:00+07:00,BUY,4075.67,4073.41,4091.41,BE,-0.2,S419 BUY Orochi BREAKOUT@VAH 7R,BREAKOUT@VAH val=4007.62 vah=4039.51 poc=4031.53 vwap=4022.63
2026-06-27T01:50:00+07:00,2026-06-27T02:00:00+07:00,BUY,4075.4,4073.47,4089.07,BE,-0.2,S419 BUY Orochi BREAKOUT@VAH 7R,BREAKOUT@VAH val=4007.62 vah=4039.51 poc=4031.53 vwap=4022.63
2026-06-27T02:05:00+07:00,2026-06-27T02:15:00+07:00,BUY,4077.44,4071.47,4119.15,BE,-0.2,S419 BUY Orochi BREAKOUT@VAH 7R,BREAKOUT@VAH val=4007.62 vah=4039.51 poc=4031.53 vwap=4022.63
2026-06-27T02:20:00+07:00,2026-06-27T02:45:00+07:00,BUY,4071.83,4070.59,4080.83,BE,-0.2,S419 BUY Orochi BREAKOUT@VAH 7R,BREAKOUT@VAH val=4007.62 vah=4039.51 poc=4031.53 vwap=4022.63
2026-06-27T02:50:00+07:00,2026-06-27T03:00:00+07:00,BUY,4070.25,4067.1,4091.42,BE,-0.2,S419 BUY Orochi BREAKOUT@VAH 7R,BREAKOUT@VAH val=4007.62 vah=4039.51 poc=4031.53 vwap=4022.63
2026-06-27T03:05:00+07:00,2026-06-27T03:20:00+07:00,BUY,4066.68,4063.89,4086.13,BE,-0.2,S419 BUY Orochi BREAKOUT@VAH 7R,BREAKOUT@VAH val=4007.62 vah=4039.51 poc=4031.53 vwap=4022.63
2026-06-27T03:25:00+07:00,2026-06-27T04:05:00+07:00,BUY,4066.41,4063.88,4084.36,BE,-0.2,S419 BUY Orochi BREAKOUT@VAH 7R,BREAKOUT@VAH val=4007.62 vah=4039.51 poc=4031.53 vwap=4022.63
2026-06-27T04:10:00+07:00,2026-06-27T04:20:00+07:00,BUY,4067.98,4063.87,4096.83,BE,-0.2,S419 BUY Orochi BREAKOUT@VAH 7R,BREAKOUT@VAH val=4007.62 vah=4039.51 poc=4031.53 vwap=4022.63
2026-06-27T04:25:00+07:00,2026-06-29T06:10:00+07:00,BUY,4072.09,4066.51,4111.39,BE,-0.2,S419 BUY Orochi BREAKOUT@VAH 7R,BREAKOUT@VAH val=4007.62 vah=4039.51 poc=4031.53 vwap=4022.63
2026-06-29T20:00:00+07:00,2026-06-29T20:10:00+07:00,SELL,4045.56,4049.07,4018.75,BE,-0.2,S419 SELL Orochi BREAKOUT@VAL 7R,BREAKOUT@VAL val=4051.66 vah=4071.24 poc=4062.68 vwap=4057.16
2026-06-29T20:25:00+07:00,2026-06-29T20:50:00+07:00,SELL,4038.41,4047.35,3976.07,SL,-9.14,S419 SELL Orochi BREAKOUT@VAL 7R,BREAKOUT@VAL val=4051.66 vah=4071.24 poc=4062.68 vwap=4057.16
2026-06-29T20:55:00+07:00,2026-06-29T21:00:00+07:00,SELL,4043.64,4049.08,4005.4,SL,-5.64,S419 SELL Orochi BREAKOUT@VAL 7R,BREAKOUT@VAL val=4051.66 vah=4071.24 poc=4062.68 vwap=4057.16
2026-06-29T21:05:00+07:00,2026-06-29T21:15:00+07:00,SELL,4046.14,4053.14,3996.58,BE,-0.2,S419 SELL Orochi BREAKOUT@VAL 7R,BREAKOUT@VAL val=4051.66 vah=4071.24 poc=4062.68 vwap=4057.16
2026-06-29T21:20:00+07:00,2026-06-29T21:30:00+07:00,SELL,4043.69,4051.05,3992.33,BE,-0.2,S419 SELL Orochi BREAKOUT@VAL 7R,BREAKOUT@VAL val=4051.66 vah=4071.24 poc=4062.68 vwap=4057.16
2026-06-29T21:40:00+07:00,2026-06-30T08:55:00+07:00,SELL,4038.57,4045.48,3990.36,TP,48.01,S419 SELL Orochi BREAKOUT@VAL 7R,BREAKOUT@VAL val=4051.66 vah=4071.24 poc=4062.68 vwap=4057.16
2026-06-30T09:15:00+07:00,2026-06-30T09:20:00+07:00,SELL,3970.94,3973.82,3947.18,SL,-3.08,S419 SELL Orochi BREAKOUT@VAL 7R,BREAKOUT@VAL val=4051.66 vah=4071.24 poc=4062.68 vwap=4057.16
2026-06-30T09:25:00+07:00,2026-06-30T12:25:00+07:00,SELL,3978.96,3983.38,3947.94,BE,-0.2,S419 SELL Orochi BREAKOUT@VAL 7R,BREAKOUT@VAL val=4051.66 vah=4071.24 poc=4062.68 vwap=4057.16
2026-06-30T12:30:00+07:00,2026-06-30T12:35:00+07:00,SELL,3996.29,3997.89,3985.01,SL,-1.8,S419 SELL Orochi BREAKOUT@VAL 7R,BREAKOUT@VAL val=4051.66 vah=4071.24 poc=4062.68 vwap=4057.16
2026-06-30T12:45:00+07:00,2026-06-30T13:05:00+07:00,SELL,3989.24,3994.17,3955.69,BE,-0.2,S419 SELL Orochi BREAKOUT@VAL 7R,BREAKOUT@VAL val=4051.66 vah=4071.24 poc=4062.68 vwap=4057.16
2026-06-30T13:10:00+07:00,2026-06-30T13:20:00+07:00,SELL,3984.77,3992.23,3933.11,BE,-0.2,S419 SELL Orochi BREAKOUT@VAL 7R,BREAKOUT@VAL val=4051.66 vah=4071.24 poc=4062.68 vwap=4057.16
2026-06-30T13:25:00+07:00,2026-06-30T13:40:00+07:00,SELL,3983.05,3988.99,3939.79,BE,-0.2,S419 SELL Orochi BREAKOUT@VAL 7R,BREAKOUT@VAL val=4051.66 vah=4071.24 poc=4062.68 vwap=4057.16
2026-06-30T13:45:00+07:00,2026-06-30T13:55:00+07:00,SELL,3979.87,3986.45,3934.77,BE,-0.2,S419 SELL Orochi BREAKOUT@VAL 7R,BREAKOUT@VAL val=4051.66 vah=4071.24 poc=4062.68 vwap=4057.16
2026-06-30T14:00:00+07:00,2026-06-30T14:05:00+07:00,SELL,3984.59,3987.56,3963.88,SL,-3.17,S419 SELL Orochi BREAKOUT@VAL 7R,BREAKOUT@VAL val=4051.66 vah=4071.24 poc=4062.68 vwap=4057.16
2026-06-30T14:10:00+07:00,2026-06-30T14:20:00+07:00,SELL,3987.87,3990.99,3965.47,BE,-0.2,S419 SELL Orochi BREAKOUT@VAL 7R,BREAKOUT@VAL val=4051.66 vah=4071.24 poc=4062.68 vwap=4057.16
2026-06-30T14:25:00+07:00,2026-06-30T14:30:00+07:00,SELL,4012.01,4015.0,3991.24,SL,-3.19,S419 SELL Orochi BREAKOUT@VAL 7R,BREAKOUT@VAL val=4051.66 vah=4071.24 poc=4062.68 vwap=4057.16
2026-06-30T14:35:00+07:00,2026-06-30T16:00:00+07:00,SELL,4022.37,4036.12,3925.08,SL,-13.95,S419 SELL Orochi BREAKOUT@VAL 7R,BREAKOUT@VAL val=4051.66 vah=4071.24 poc=4062.68 vwap=4057.16
2026-06-30T16:15:00+07:00,2026-06-30T16:25:00+07:00,SELL,4022.01,4029.27,3971.03,BE,-0.2,S419 SELL Orochi BREAKOUT@VAL 7R,BREAKOUT@VAL val=4051.66 vah=4071.24 poc=4062.68 vwap=4057.16
2026-06-30T16:30:00+07:00,2026-06-30T17:55:00+07:00,SELL,4023.43,4028.27,3989.39,BE,-0.2,S419 SELL Orochi BREAKOUT@VAL 7R,BREAKOUT@VAL val=4052.34 vah=4071.45 poc=4061.90 vwap=4056.88
2026-06-30T18:00:00+07:00,2026-06-30T18:10:00+07:00,SELL,4024.73,4027.23,4008.03,BE,-0.2,S419 SELL Orochi BREAKOUT@VAL 7R,BREAKOUT@VAL val=4052.34 vah=4071.45 poc=4061.90 vwap=4056.45
2026-06-30T18:15:00+07:00,2026-06-30T18:25:00+07:00,SELL,4024.05,4028.2,3994.68,SL,-4.35,S419 SELL Orochi BREAKOUT@VAL 7R,BREAKOUT@VAL val=4050.22 vah=4071.45 poc=4061.90 vwap=4056.34
2026-06-30T18:30:00+07:00,2026-06-30T18:40:00+07:00,SELL,4026.64,4029.66,4006.06,BE,-0.2,S419 SELL Orochi BREAKOUT@VAL 7R,BREAKOUT@VAL val=4050.22 vah=4071.45 poc=4061.90 vwap=4056.24
2026-06-30T18:45:00+07:00,2026-06-30T18:55:00+07:00,SELL,4028.44,4030.77,4011.65,BE,-0.2,S419 SELL Orochi BREAKOUT@VAL 7R,BREAKOUT@VAL val=4050.22 vah=4071.45 poc=4061.90 vwap=4056.28
2026-06-30T19:00:00+07:00,2026-06-30T19:10:00+07:00,SELL,4028.75,4032.14,4003.58,SL,-3.59,S419 SELL Orochi BREAKOUT@VAL 7R,BREAKOUT@VAL val=4050.22 vah=4071.45 poc=4061.90 vwap=4056.21
2026-06-30T19:15:00+07:00,2026-06-30T19:30:00+07:00,SELL,4030.55,4035.01,4000.13,BE,-0.2,S419 SELL Orochi BREAKOUT@VAL 7R,BREAKOUT@VAL val=4050.22 vah=4071.45 poc=4061.90 vwap=4055.89
2026-06-30T19:35:00+07:00,2026-06-30T19:40:00+07:00,SELL,4031.82,4034.22,4014.94,SL,-2.6,S419 SELL Orochi BREAKOUT@VAL 7R,BREAKOUT@VAL val=4050.22 vah=4071.45 poc=4061.90 vwap=4055.59
2026-06-30T19:45:00+07:00,2026-06-30T19:55:00+07:00,SELL,4032.83,4038.22,3994.54,BE,-0.2,S419 SELL Orochi BREAKOUT@VAL 7R,BREAKOUT@VAL val=4050.22 vah=4071.45 poc=4061.90 vwap=4055.46
2026-06-30T22:25:00+07:00,2026-06-30T22:35:00+07:00,BUY,4054.12,4045.46,4116.02,BE,-0.2,S419 BUY Orochi BREAKOUT@VAH 7R,BREAKOUT@VAH val=3992.96 vah=4052.39 poc=4022.68 vwap=4008.88
2026-07-01T09:10:00+07:00,2026-07-01T09:20:00+07:00,SELL,3984.3,3991.72,3932.2,BE,-0.2,S419 SELL Orochi BREAKOUT@VAL 7R,BREAKOUT@VAL val=3986.19 vah=4037.62 poc=4023.77 vwap=4005.38
2026-07-01T09:25:00+07:00,2026-07-01T09:30:00+07:00,SELL,3985.82,3987.48,3973.72,SL,-1.86,S419 SELL Orochi BREAKOUT@VAL 7R,BREAKOUT@VAL val=3986.19 vah=4037.62 poc=4023.77 vwap=4004.93
2026-07-01T09:40:00+07:00,2026-07-01T09:50:00+07:00,SELL,3978.85,3982.52,3952.6,BE,-0.2,S419 SELL Orochi BREAKOUT@VAL 7R,BREAKOUT@VAL val=3986.19 vah=4037.62 poc=4023.77 vwap=4004.70
2026-07-01T09:55:00+07:00,2026-07-01T10:15:00+07:00,SELL,3977.84,3981.87,3949.87,BE,-0.2,S419 SELL Orochi BREAKOUT@VAL 7R,BREAKOUT@VAL val=3982.24 vah=4037.62 poc=4023.77 vwap=4004.23
2026-07-01T10:20:00+07:00,2026-07-01T10:30:00+07:00,SELL,3981.5,3983.32,3968.28,BE,-0.2,S419 SELL Orochi BREAKOUT@VAL 7R,BREAKOUT@VAL val=3982.24 vah=4037.62 poc=4023.77 vwap=4003.49
2026-07-01T10:50:00+07:00,2026-07-01T11:00:00+07:00,SELL,3980.21,3986.49,3936.17,BE,-0.2,S419 SELL Orochi BREAKOUT@VAL 7R,BREAKOUT@VAL val=3982.24 vah=4037.62 poc=4023.77 vwap=4002.73
2026-07-01T11:35:00+07:00,2026-07-01T12:40:00+07:00,SELL,3981.28,3982.57,3972.65,TP,8.43,S419 SELL Orochi BREAKOUT@VAL 7R,BREAKOUT@VAL val=3982.24 vah=4037.62 poc=4019.82 vwap=4001.73
2026-07-01T13:05:00+07:00,2026-07-01T13:20:00+07:00,SELL,3973.33,3978.07,3940.47,BE,-0.2,S419 SELL Orochi BREAKOUT@VAL 7R,BREAKOUT@VAL val=3978.28 vah=4037.62 poc=4019.82 vwap=3999.97
2026-07-01T13:25:00+07:00,2026-07-01T13:30:00+07:00,SELL,3972.74,3976.07,3949.35,SL,-3.53,S419 SELL Orochi BREAKOUT@VAL 7R,BREAKOUT@VAL val=3978.28 vah=4037.62 poc=4019.82 vwap=3999.62
2026-07-01T13:35:00+07:00,2026-07-01T13:45:00+07:00,SELL,3975.53,3979.91,3944.95,BE,-0.2,S419 SELL Orochi BREAKOUT@VAL 7R,BREAKOUT@VAL val=3978.28 vah=4037.62 poc=4019.82 vwap=3999.44
2026-07-01T13:50:00+07:00,2026-07-01T13:55:00+07:00,SELL,3974.58,3978.38,3948.14,SL,-4.0,S419 SELL Orochi BREAKOUT@VAL 7R,BREAKOUT@VAL val=3978.28 vah=4037.62 poc=4019.82 vwap=3999.20
2026-07-01T14:00:00+07:00,2026-07-01T15:55:00+07:00,SELL,3974.85,3979.92,3939.52,BE,-0.2,S419 SELL Orochi BREAKOUT@VAL 7R,BREAKOUT@VAL val=3978.28 vah=4037.62 poc=4015.86 vwap=3999.08
2026-07-01T16:05:00+07:00,2026-07-01T16:15:00+07:00,SELL,3971.61,3977.71,3926.91,BE,-0.2,S419 SELL Orochi BREAKOUT@VAL 7R,BREAKOUT@VAL val=3974.33 vah=4037.62 poc=4027.73 vwap=3997.70
2026-07-01T21:30:00+07:00,2026-07-02T03:50:00+07:00,BUY,4047.97,4035.88,4133.64,BE,-0.2,S419 BUY Orochi BREAKOUT@VAH 7R,BREAKOUT@VAH val=3960.16 vah=4028.99 poc=3979.52 vwap=4004.54
2026-07-02T03:55:00+07:00,2026-07-02T04:00:00+07:00,BUY,4038.75,4033.46,4076.74,SL,-5.49,S419 BUY Orochi BREAKOUT@VAH 7R,BREAKOUT@VAH val=3960.16 vah=4028.99 poc=3979.52 vwap=4004.54
2026-07-02T04:05:00+07:00,2026-07-02T04:40:00+07:00,BUY,4034.34,4027.23,4083.63,BE,-0.2,S419 BUY Orochi BREAKOUT@VAH 7R,BREAKOUT@VAH val=3960.16 vah=4028.99 poc=3979.52 vwap=4004.54
2026-07-02T04:45:00+07:00,2026-07-02T04:55:00+07:00,BUY,4033.03,4030.96,4047.84,BE,-0.2,S419 BUY Orochi BREAKOUT@VAH 7R,BREAKOUT@VAH val=3960.16 vah=4028.99 poc=3979.52 vwap=4004.54
2026-07-02T06:05:00+07:00,2026-07-02T06:15:00+07:00,BUY,4035.68,4033.89,4047.73,BE,-0.2,S419 BUY Orochi BREAKOUT@VAH 7R,BREAKOUT@VAH val=3960.16 vah=4028.99 poc=3979.52 vwap=4004.54
2026-07-02T06:20:00+07:00,2026-07-02T06:30:00+07:00,BUY,4038.64,4034.23,4069.91,BE,-0.2,S419 BUY Orochi BREAKOUT@VAH 7R,BREAKOUT@VAH val=3960.16 vah=4028.99 poc=3979.52 vwap=4004.54
2026-07-02T06:35:00+07:00,2026-07-02T07:10:00+07:00,BUY,4039.8,4036.36,4064.6,BE,-0.2,S419 BUY Orochi BREAKOUT@VAH 7R,BREAKOUT@VAH val=3960.16 vah=4028.99 poc=3979.52 vwap=4004.54
2026-07-02T07:15:00+07:00,2026-07-02T07:25:00+07:00,BUY,4039.08,4035.29,4065.37,SL,-3.99,S419 BUY Orochi BREAKOUT@VAH 7R,BREAKOUT@VAH val=3960.16 vah=4028.99 poc=3979.52 vwap=4004.54
2026-07-02T07:35:00+07:00,2026-07-02T07:45:00+07:00,BUY,4034.96,4034.42,4040.1,BE,-0.2,S419 BUY Orochi BREAKOUT@VAH 7R,BREAKOUT@VAH val=3960.16 vah=4024.68 poc=3979.52 vwap=4004.18
2026-07-02T07:50:00+07:00,2026-07-02T08:00:00+07:00,BUY,4036.48,4032.61,4064.05,SL,-4.07,S419 BUY Orochi BREAKOUT@VAH 7R,BREAKOUT@VAH val=3960.16 vah=4024.68 poc=3979.52 vwap=4003.96
2026-07-02T08:15:00+07:00,2026-07-02T08:40:00+07:00,BUY,4041.0,4037.67,4063.67,BE,-0.2,S419 BUY Orochi BREAKOUT@VAH 7R,BREAKOUT@VAH val=3960.16 vah=4028.99 poc=3979.52 vwap=4003.71
2026-07-02T08:55:00+07:00,2026-07-02T09:20:00+07:00,BUY,4051.8,4047.61,4080.89,BE,-0.2,S419 BUY Orochi BREAKOUT@VAH 7R,BREAKOUT@VAH val=3960.16 vah=4028.99 poc=3979.52 vwap=4002.78
2026-07-02T09:25:00+07:00,2026-07-02T09:30:00+07:00,BUY,4053.27,4048.53,4086.53,SL,-4.94,S419 BUY Orochi BREAKOUT@VAH 7R,BREAKOUT@VAH val=3960.16 vah=4024.68 poc=3979.52 vwap=4001.60
2026-07-02T09:35:00+07:00,2026-07-02T09:45:00+07:00,BUY,4053.62,4044.71,4115.91,BE,-0.2,S419 BUY Orochi BREAKOUT@VAH 7R,BREAKOUT@VAH val=3960.16 vah=4024.68 poc=3979.52 vwap=4000.84
2026-07-02T09:50:00+07:00,2026-07-02T10:00:00+07:00,BUY,4053.95,4043.4,4127.4,BE,-0.2,S419 BUY Orochi BREAKOUT@VAH 7R,BREAKOUT@VAH val=3960.16 vah=4022.67 poc=3977.74 vwap=3999.42
2026-07-02T10:05:00+07:00,2026-07-02T11:50:00+07:00,BUY,4044.51,4040.6,4071.8,TP,27.09,S419 BUY Orochi BREAKOUT@VAH 7R,BREAKOUT@VAH val=3960.16 vah=4022.15 poc=3980.21 vwap=3998.25
2026-07-02T11:55:00+07:00,2026-07-02T12:10:00+07:00,BUY,4069.93,4066.67,4092.83,BE,-0.2,S419 BUY Orochi BREAKOUT@VAH 7R,BREAKOUT@VAH val=3963.30 vah=4013.52 poc=3977.42 vwap=3993.53
2026-07-02T12:15:00+07:00,2026-07-02T12:20:00+07:00,BUY,4067.5,4065.59,4079.99,SL,-2.11,S419 BUY Orochi BREAKOUT@VAH 7R,BREAKOUT@VAH val=3963.30 vah=4010.38 poc=3977.42 vwap=3992.92
2026-07-02T12:25:00+07:00,2026-07-02T12:30:00+07:00,BUY,4065.67,4063.16,4083.08,SL,-2.71,S419 BUY Orochi BREAKOUT@VAH 7R,BREAKOUT@VAH val=3963.30 vah=4010.38 poc=3977.42 vwap=3992.57
2026-07-02T12:35:00+07:00,2026-07-02T12:40:00+07:00,BUY,4063.33,4061.67,4075.03,SL,-1.86,S419 BUY Orochi BREAKOUT@VAH 7R,BREAKOUT@VAH val=3963.30 vah=4010.38 poc=3977.42 vwap=3992.29
2026-07-02T12:45:00+07:00,2026-07-02T12:55:00+07:00,BUY,4062.18,4060.61,4072.61,BE,-0.2,S419 BUY Orochi BREAKOUT@VAH 7R,BREAKOUT@VAH val=3963.30 vah=4010.38 poc=3977.42 vwap=3991.90
2026-07-02T13:00:00+07:00,2026-07-02T13:10:00+07:00,BUY,4059.33,4056.97,4075.45,BE,-0.2,S419 BUY Orochi BREAKOUT@VAH 7R,BREAKOUT@VAH val=3963.30 vah=4007.24 poc=3977.42 vwap=3991.47
2026-07-02T13:15:00+07:00,2026-07-02T13:25:00+07:00,BUY,4058.6,4053.65,4092.85,BE,-0.2,S419 BUY Orochi BREAKOUT@VAH 7R,BREAKOUT@VAH val=3963.30 vah=4007.24 poc=3977.42 vwap=3991.05
2026-07-02T13:30:00+07:00,2026-07-02T20:30:00+07:00,BUY,4056.28,4052.33,4082.57,TP,26.09,S419 BUY Orochi BREAKOUT@VAH 7R,BREAKOUT@VAH val=3963.30 vah=4007.24 poc=3977.42 vwap=3990.51
2026-07-02T20:40:00+07:00,2026-07-02T20:45:00+07:00,BUY,4132.61,4121.38,4210.42,SL,-11.43,S419 BUY Orochi BREAKOUT@VAH 7R,BREAKOUT@VAH val=4034.23 vah=4076.96 poc=4066.28 vwap=4062.96
2026-07-02T20:50:00+07:00,2026-07-02T20:55:00+07:00,BUY,4120.03,4116.52,4144.52,SL,-3.71,S419 BUY Orochi BREAKOUT@VAH 7R,BREAKOUT@VAH val=4034.23 vah=4076.96 poc=4066.28 vwap=4062.96
2026-07-02T21:00:00+07:00,2026-07-02T22:10:00+07:00,BUY,4126.9,4109.18,4250.7,BE,-0.2,S419 BUY Orochi BREAKOUT@VAH 7R,BREAKOUT@VAH val=4034.23 vah=4076.96 poc=4066.28 vwap=4062.96
2026-07-02T22:15:00+07:00,2026-07-02T22:20:00+07:00,BUY,4130.8,4121.62,4194.98,SL,-9.38,S419 BUY Orochi BREAKOUT@VAH 7R,BREAKOUT@VAH val=4034.23 vah=4076.96 poc=4066.28 vwap=4062.96
2026-07-02T22:25:00+07:00,2026-07-02T22:40:00+07:00,BUY,4116.37,4111.64,4149.72,BE,-0.2,S419 BUY Orochi BREAKOUT@VAH 7R,BREAKOUT@VAH val=4034.23 vah=4076.96 poc=4066.28 vwap=4062.96
2026-07-02T22:45:00+07:00,2026-07-02T23:05:00+07:00,BUY,4122.57,4112.41,4193.77,BE,-0.2,S419 BUY Orochi BREAKOUT@VAH 7R,BREAKOUT@VAH val=4034.23 vah=4076.96 poc=4066.28 vwap=4062.96
2026-07-02T23:10:00+07:00,2026-07-02T23:20:00+07:00,BUY,4126.5,4112.8,4222.56,BE,-0.2,S419 BUY Orochi BREAKOUT@VAH 7R,BREAKOUT@VAH val=4034.23 vah=4076.96 poc=4066.28 vwap=4062.96
2026-07-02T23:25:00+07:00,2026-07-03T00:05:00+07:00,BUY,4122.51,4120.04,4139.48,BE,-0.2,S419 BUY Orochi BREAKOUT@VAH 7R,BREAKOUT@VAH val=4034.23 vah=4076.96 poc=4066.28 vwap=4062.96
2026-07-03T00:10:00+07:00,2026-07-03T00:20:00+07:00,BUY,4123.61,4120.26,4145.46,BE,-0.2,S419 BUY Orochi BREAKOUT@VAH 7R,BREAKOUT@VAH val=4034.23 vah=4076.96 poc=4066.28 vwap=4062.96
2026-07-03T00:25:00+07:00,2026-07-03T00:30:00+07:00,BUY,4116.32,4114.07,4132.79,SL,-2.45,S419 BUY Orochi BREAKOUT@VAH 7R,BREAKOUT@VAH val=4034.23 vah=4076.96 poc=4066.28 vwap=4062.96
2026-07-03T00:45:00+07:00,2026-07-03T00:55:00+07:00,BUY,4117.64,4108.29,4183.25,BE,-0.2,S419 BUY Orochi BREAKOUT@VAH 7R,BREAKOUT@VAH val=4034.23 vah=4076.96 poc=4066.28 vwap=4062.96
2026-07-03T01:00:00+07:00,2026-07-03T01:10:00+07:00,BUY,4116.02,4112.81,4139.21,BE,-0.2,S419 BUY Orochi BREAKOUT@VAH 7R,BREAKOUT@VAH val=4034.23 vah=4076.96 poc=4066.28 vwap=4062.96
2026-07-03T01:15:00+07:00,2026-07-03T01:20:00+07:00,BUY,4116.67,4112.75,4143.95,SL,-4.12,S419 BUY Orochi BREAKOUT@VAH 7R,BREAKOUT@VAH val=4034.23 vah=4076.96 poc=4066.28 vwap=4062.96
2026-07-03T01:25:00+07:00,2026-07-03T01:35:00+07:00,BUY,4112.63,4109.96,4131.8,BE,-0.2,S419 BUY Orochi BREAKOUT@VAH 7R,BREAKOUT@VAH val=4034.23 vah=4076.96 poc=4066.28 vwap=4062.96
2026-07-03T01:40:00+07:00,2026-07-03T01:50:00+07:00,BUY,4107.42,4104.45,4127.09,BE,-0.2,S419 BUY Orochi BREAKOUT@VAH 7R,BREAKOUT@VAH val=4034.23 vah=4076.96 poc=4066.28 vwap=4062.96
2026-07-03T01:55:00+07:00,2026-07-03T02:05:00+07:00,BUY,4106.83,4104.66,4122.18,TP,15.15,S419 BUY Orochi BREAKOUT@VAH 7R,BREAKOUT@VAH val=4034.23 vah=4076.96 poc=4066.28 vwap=4062.96
2026-07-03T02:10:00+07:00,2026-07-03T02:20:00+07:00,BUY,4119.1,4112.89,4162.41,BE,-0.2,S419 BUY Orochi BREAKOUT@VAH 7R,BREAKOUT@VAH val=4034.23 vah=4076.96 poc=4066.28 vwap=4062.96
2026-07-03T02:25:00+07:00,2026-07-03T02:40:00+07:00,BUY,4122.99,4114.63,4182.63,BE,-0.2,S419 BUY Orochi BREAKOUT@VAH 7R,BREAKOUT@VAH val=4034.23 vah=4076.96 poc=4066.28 vwap=4062.96
2026-07-03T02:45:00+07:00,2026-07-03T02:55:00+07:00,BUY,4122.16,4118.78,4145.74,BE,-0.2,S419 BUY Orochi BREAKOUT@VAH 7R,BREAKOUT@VAH val=4034.23 vah=4076.96 poc=4066.28 vwap=4062.96
2026-07-03T03:00:00+07:00,2026-07-03T03:05:00+07:00,BUY,4118.41,4116.87,4129.27,SL,-1.74,S419 BUY Orochi BREAKOUT@VAH 7R,BREAKOUT@VAH val=4034.23 vah=4076.96 poc=4066.28 vwap=4062.96
2026-07-03T03:10:00+07:00,2026-07-03T03:15:00+07:00,BUY,4114.45,4112.17,4130.57,SL,-2.48,S419 BUY Orochi BREAKOUT@VAH 7R,BREAKOUT@VAH val=4034.23 vah=4076.96 poc=4066.28 vwap=4062.96
2026-07-03T03:20:00+07:00,2026-07-03T03:50:00+07:00,BUY,4109.02,4107.59,4119.27,TP,10.05,S419 BUY Orochi BREAKOUT@VAH 7R,BREAKOUT@VAH val=4034.23 vah=4076.96 poc=4066.28 vwap=4062.96
2026-07-03T03:55:00+07:00,2026-07-03T04:10:00+07:00,BUY,4121.29,4114.8,4167.04,BE,-0.2,S419 BUY Orochi BREAKOUT@VAH 7R,BREAKOUT@VAH val=4034.23 vah=4076.96 poc=4066.28 vwap=4062.96
2026-07-03T04:15:00+07:00,2026-07-03T04:35:00+07:00,BUY,4122.09,4118.23,4149.35,BE,-0.2,S419 BUY Orochi BREAKOUT@VAH 7R,BREAKOUT@VAH val=4034.23 vah=4076.96 poc=4066.28 vwap=4062.96
2026-07-03T04:40:00+07:00,2026-07-03T04:45:00+07:00,BUY,4120.82,4120.03,4126.27,SL,-0.99,S419 BUY Orochi BREAKOUT@VAH 7R,BREAKOUT@VAH val=4034.23 vah=4076.96 poc=4066.28 vwap=4062.96
2026-07-03T04:50:00+07:00,2026-07-03T07:40:00+07:00,BUY,4121.26,4118.1,4146.42,BE,-0.2,S419 BUY Orochi BREAKOUT@VAH 7R,BREAKOUT@VAH val=4034.23 vah=4076.96 poc=4066.28 vwap=4062.96
2026-07-03T07:50:00+07:00,2026-07-03T08:00:00+07:00,BUY,4128.58,4123.56,4161.88,BE,-0.2,S419 BUY Orochi BREAKOUT@VAH 7R,BREAKOUT@VAH val=4034.23 vah=4076.96 poc=4066.28 vwap=4064.12
2026-07-03T08:05:00+07:00,2026-07-03T09:10:00+07:00,BUY,4128.81,4121.76,4178.24,TP,49.23,S419 BUY Orochi BREAKOUT@VAH 7R,BREAKOUT@VAH val=4034.23 vah=4076.96 poc=4066.28 vwap=4064.68
2026-07-03T09:25:00+07:00,2026-07-03T09:35:00+07:00,BUY,4187.69,4177.06,4261.94,BE,-0.2,S419 BUY Orochi BREAKOUT@VAH 7R,BREAKOUT@VAH val=4046.62 vah=4082.83 poc=4066.53 vwap=4065.53
2026-07-03T09:40:00+07:00,2026-07-03T09:45:00+07:00,BUY,4179.79,4177.0,4199.72,SL,-2.99,S419 BUY Orochi BREAKOUT@VAH 7R,BREAKOUT@VAH val=4046.62 vah=4079.21 poc=4066.53 vwap=4064.74
2026-07-03T09:50:00+07:00,2026-07-03T10:00:00+07:00,BUY,4179.7,4172.99,4223.15,BE,-0.2,S419 BUY Orochi BREAKOUT@VAH 7R,BREAKOUT@VAH val=4046.62 vah=4079.21 poc=4066.53 vwap=4064.11
2026-07-03T10:05:00+07:00,2026-07-03T10:15:00+07:00,BUY,4179.23,4174.8,4211.36,BE,-0.2,S419 BUY Orochi BREAKOUT@VAH 7R,BREAKOUT@VAH val=4047.92 vah=4078.39 poc=4065.93 vwap=4063.22
2026-07-03T10:20:00+07:00,2026-07-03T10:30:00+07:00,BUY,4178.57,4174.69,4205.97,BE,-0.2,S419 BUY Orochi BREAKOUT@VAH 7R,BREAKOUT@VAH val=4050.24 vah=4077.40 poc=4065.18 vwap=4062.60
2026-07-03T10:35:00+07:00,2026-07-03T11:45:00+07:00,BUY,4186.18,4176.63,4253.35,SL,-9.75,S419 BUY Orochi BREAKOUT@VAH 7R,BREAKOUT@VAH val=4051.65 vah=4077.34 poc=4065.78 vwap=4062.12
2026-07-03T11:50:00+07:00,2026-07-03T11:55:00+07:00,BUY,4176.75,4175.24,4187.56,SL,-1.71,S419 BUY Orochi BREAKOUT@VAH 7R,BREAKOUT@VAH val=4054.41 vah=4075.99 poc=4064.12 vwap=4060.43
2026-07-03T12:00:00+07:00,2026-07-03T13:20:00+07:00,BUY,4174.49,4172.36,4189.24,BE,-0.2,S419 BUY Orochi BREAKOUT@VAH 7R,BREAKOUT@VAH val=4054.28 vah=4075.74 poc=4063.93 vwap=4060.28
2026-07-03T13:25:00+07:00,2026-07-03T13:35:00+07:00,BUY,4176.06,4172.31,4202.15,BE,-0.2,S419 BUY Orochi BREAKOUT@VAH 7R,BREAKOUT@VAH val=4052.13 vah=4075.74 poc=4063.93 vwap=4059.43
2026-07-03T13:40:00+07:00,2026-07-03T13:45:00+07:00,BUY,4175.15,4172.21,4195.49,SL,-3.14,S419 BUY Orochi BREAKOUT@VAH 7R,BREAKOUT@VAH val=4052.13 vah=4075.74 poc=4063.93 vwap=4059.29
2026-07-03T13:50:00+07:00,2026-07-03T14:00:00+07:00,BUY,4171.37,4168.33,4193.29,BE,-0.2,S419 BUY Orochi BREAKOUT@VAH 7R,BREAKOUT@VAH val=4052.13 vah=4075.74 poc=4063.93 vwap=4059.24
2026-07-03T14:05:00+07:00,2026-07-03T14:10:00+07:00,BUY,4170.19,4163.45,4217.29,SL,-6.94,S419 BUY Orochi BREAKOUT@VAH 7R,BREAKOUT@VAH val=4052.13 vah=4075.74 poc=4063.93 vwap=4059.18
2026-07-03T14:15:00+07:00,2026-07-03T14:25:00+07:00,BUY,4165.78,4159.33,4210.69,BE,-0.2,S419 BUY Orochi BREAKOUT@VAH 7R,BREAKOUT@VAH val=4052.13 vah=4075.74 poc=4063.93 vwap=4059.17
2026-07-03T14:30:00+07:00,2026-07-03T14:40:00+07:00,BUY,4169.44,4161.95,4222.75,BE,-0.2,S419 BUY Orochi BREAKOUT@VAH 7R,BREAKOUT@VAH val=4049.98 vah=4075.74 poc=4063.93 vwap=4059.07
2026-07-03T14:45:00+07:00,2026-07-03T14:55:00+07:00,BUY,4173.18,4167.53,4212.65,BE,-0.2,S419 BUY Orochi BREAKOUT@VAH 7R,BREAKOUT@VAH val=4049.98 vah=4075.74 poc=4063.93 vwap=4059.06
2026-07-03T15:00:00+07:00,2026-07-03T15:10:00+07:00,BUY,4174.98,4169.77,4211.77,BE,-0.2,S419 BUY Orochi BREAKOUT@VAH 7R,BREAKOUT@VAH val=4049.98 vah=4075.74 poc=4063.93 vwap=4059.10
2026-07-03T15:15:00+07:00,2026-07-03T15:20:00+07:00,BUY,4171.71,4169.64,4186.36,SL,-2.27,S419 BUY Orochi BREAKOUT@VAH 7R,BREAKOUT@VAH val=4049.98 vah=4075.74 poc=4063.93 vwap=4059.47
2026-07-03T15:25:00+07:00,2026-07-03T15:55:00+07:00,BUY,4175.42,4168.11,4226.19,BE,-0.2,S419 BUY Orochi BREAKOUT@VAH 7R,BREAKOUT@VAH val=4050.87 vah=4075.86 poc=4064.41 vwap=4059.84
2026-07-03T16:05:00+07:00,2026-07-03T16:20:00+07:00,BUY,4182.34,4176.14,4226.14,BE,-0.2,S419 BUY Orochi BREAKOUT@VAH 7R,BREAKOUT@VAH val=4052.95 vah=4075.86 poc=4064.41 vwap=4060.41
2026-07-03T16:25:00+07:00,2026-07-03T16:35:00+07:00,BUY,4183.23,4180.22,4204.06,BE,-0.2,S419 BUY Orochi BREAKOUT@VAH 7R,BREAKOUT@VAH val=4053.36 vah=4075.93 poc=4064.65 vwap=4060.70
2026-07-03T16:40:00+07:00,2026-07-03T16:45:00+07:00,BUY,4184.46,4179.66,4215.34,SL,-5.0,S419 BUY Orochi BREAKOUT@VAH 7R,BREAKOUT@VAH val=4053.36 vah=4075.93 poc=4064.65 vwap=4060.88
2026-07-03T16:50:00+07:00,2026-07-03T17:00:00+07:00,BUY,4179.48,4175.96,4203.96,BE,-0.2,S419 BUY Orochi BREAKOUT@VAH 7R,BREAKOUT@VAH val=4053.36 vah=4075.93 poc=4064.65 vwap=4060.99
2026-07-03T17:05:00+07:00,2026-07-03T17:10:00+07:00,BUY,4177.44,4176.41,4184.73,SL,-1.23,S419 BUY Orochi BREAKOUT@VAH 7R,BREAKOUT@VAH val=4055.41 vah=4075.93 poc=4064.65 vwap=4061.17
2026-07-03T17:15:00+07:00,2026-07-03T17:20:00+07:00,BUY,4175.99,4174.45,4186.69,SL,-1.74,S419 BUY Orochi BREAKOUT@VAH 7R,BREAKOUT@VAH val=4055.41 vah=4075.93 poc=4064.65 vwap=4061.24
2026-07-03T17:25:00+07:00,2026-07-03T17:30:00+07:00,BUY,4171.98,4170.27,4183.87,SL,-1.91,S419 BUY Orochi BREAKOUT@VAH 7R,BREAKOUT@VAH val=4055.41 vah=4075.93 poc=4064.65 vwap=4061.31
2026-07-03T17:35:00+07:00,2026-07-03T18:00:00+07:00,BUY,4171.52,4167.44,4200.16,BE,-0.2,S419 BUY Orochi BREAKOUT@VAH 7R,BREAKOUT@VAH val=4055.41 vah=4075.93 poc=4064.65 vwap=4061.48
2026-07-03T18:10:00+07:00,2026-07-03T18:20:00+07:00,BUY,4179.75,4174.93,4213.57,BE,-0.2,S419 BUY Orochi BREAKOUT@VAH 7R,BREAKOUT@VAH val=4055.41 vah=4075.93 poc=4064.65 vwap=4062.05
2026-07-03T18:25:00+07:00,2026-07-03T18:30:00+07:00,BUY,4178.55,4177.43,4186.47,SL,-1.32,S419 BUY Orochi BREAKOUT@VAH 7R,BREAKOUT@VAH val=4057.29 vah=4076.53 poc=4065.16 vwap=4062.70
2026-07-03T18:35:00+07:00,2026-07-03T18:45:00+07:00,BUY,4177.09,4174.79,4193.03,BE,-0.2,S419 BUY Orochi BREAKOUT@VAH 7R,BREAKOUT@VAH val=4057.29 vah=4076.53 poc=4065.16 vwap=4063.01
2026-07-03T18:50:00+07:00,2026-07-03T19:00:00+07:00,BUY,4176.55,4174.09,4193.69,BE,-0.2,S419 BUY Orochi BREAKOUT@VAH 7R,BREAKOUT@VAH val=4057.29 vah=4074.78 poc=4065.16 vwap=4063.37
2026-07-03T19:05:00+07:00,2026-07-03T19:55:00+07:00,BUY,4179.78,4174.87,4213.99,BE,-0.2,S419 BUY Orochi BREAKOUT@VAH 7R,BREAKOUT@VAH val=4057.44 vah=4075.19 poc=4064.70 vwap=4063.79
2026-07-06T20:45:00+07:00,2026-07-06T20:55:00+07:00,SELL,4135.23,4141.88,4088.84,BE,-0.2,S419 SELL Orochi BREAKOUT@VAL 7R,BREAKOUT@VAL val=4142.06 vah=4180.71 poc=4154.49 vwap=4167.50
2026-07-06T21:15:00+07:00,2026-07-06T21:30:00+07:00,SELL,4139.92,4149.79,4071.07,SL,-10.07,S419 SELL Orochi BREAKOUT@VAL 7R,BREAKOUT@VAL val=4142.06 vah=4180.71 poc=4154.49 vwap=4167.50
2026-07-06T22:00:00+07:00,2026-07-06T22:10:00+07:00,SELL,4140.78,4148.89,4083.61,BE,-0.2,S419 SELL Orochi BREAKOUT@VAL 7R,BREAKOUT@VAL val=4142.06 vah=4180.71 poc=4154.49 vwap=4167.50
2026-07-06T22:15:00+07:00,2026-07-06T22:25:00+07:00,SELL,4136.32,4146.81,4063.61,BE,-0.2,S419 SELL Orochi BREAKOUT@VAL 7R,BREAKOUT@VAL val=4142.06 vah=4180.71 poc=4154.49 vwap=4167.50
2026-07-06T22:30:00+07:00,2026-07-06T23:00:00+07:00,SELL,4140.94,4143.17,4125.25,BE,-0.2,S419 SELL Orochi BREAKOUT@VAL 7R,BREAKOUT@VAL val=4142.06 vah=4180.71 poc=4154.49 vwap=4167.50
2026-07-06T23:15:00+07:00,2026-07-06T23:25:00+07:00,SELL,4139.99,4146.28,4096.12,BE,-0.2,S419 SELL Orochi BREAKOUT@VAL 7R,BREAKOUT@VAL val=4142.06 vah=4180.71 poc=4154.49 vwap=4167.50
2026-07-07T09:10:00+07:00,2026-07-07T09:40:00+07:00,SELL,4141.62,4149.27,4088.23,BE,-0.2,S419 SELL Orochi BREAKOUT@VAL 7R,BREAKOUT@VAL val=4142.06 vah=4180.71 poc=4154.49 vwap=4167.50
2026-07-07T10:00:00+07:00,2026-07-07T10:10:00+07:00,SELL,4141.03,4146.45,4103.33,BE,-0.2,S419 SELL Orochi BREAKOUT@VAL 7R,BREAKOUT@VAL val=4142.06 vah=4180.71 poc=4154.49 vwap=4167.50
2026-07-07T10:30:00+07:00,2026-07-07T11:00:00+07:00,SELL,4138.53,4146.48,4082.56,BE,-0.2,S419 SELL Orochi BREAKOUT@VAL 7R,BREAKOUT@VAL val=4142.06 vah=4180.71 poc=4154.49 vwap=4167.50
2026-07-07T11:05:00+07:00,2026-07-07T12:05:00+07:00,SELL,4138.53,4141.25,4119.41,BE,-0.2,S419 SELL Orochi BREAKOUT@VAL 7R,BREAKOUT@VAL val=4142.06 vah=4180.71 poc=4154.49 vwap=4167.50
2026-07-07T12:10:00+07:00,2026-07-07T16:10:00+07:00,SELL,4136.44,4142.37,4094.85,BE,-0.2,S419 SELL Orochi BREAKOUT@VAL 7R,BREAKOUT@VAL val=4142.06 vah=4180.71 poc=4154.49 vwap=4167.50
2026-07-07T16:15:00+07:00,2026-07-07T16:25:00+07:00,SELL,4135.51,4140.26,4102.42,BE,-0.2,S419 SELL Orochi BREAKOUT@VAL 7R,BREAKOUT@VAL val=4142.06 vah=4180.71 poc=4154.49 vwap=4167.50
2026-07-07T16:30:00+07:00,2026-07-07T18:10:00+07:00,SELL,4134.7,4140.09,4096.81,BE,-0.2,S419 SELL Orochi BREAKOUT@VAL 7R,BREAKOUT@VAL val=4142.06 vah=4180.71 poc=4154.49 vwap=4167.32
2026-07-07T18:15:00+07:00,2026-07-07T18:25:00+07:00,SELL,4136.43,4137.92,4126.08,BE,-0.2,S419 SELL Orochi BREAKOUT@VAL 7R,BREAKOUT@VAL val=4142.06 vah=4177.95 poc=4154.49 vwap=4165.32
2026-07-07T18:30:00+07:00,2026-07-07T18:40:00+07:00,SELL,4135.61,4140.04,4103.96,BE,-0.2,S419 SELL Orochi BREAKOUT@VAL 7R,BREAKOUT@VAL val=4142.06 vah=4177.95 poc=4154.49 vwap=4164.97
2026-07-07T18:45:00+07:00,2026-07-07T19:10:00+07:00,SELL,4133.56,4138.09,4101.61,BE,-0.2,S419 SELL Orochi BREAKOUT@VAL 7R,BREAKOUT@VAL val=4139.30 vah=4175.19 poc=4154.49 vwap=4164.65
2026-07-07T20:15:00+07:00,2026-07-07T20:20:00+07:00,BUY,4168.93,4164.44,4200.44,SL,-4.69,S419 BUY Orochi BREAKOUT@VAH 7R,BREAKOUT@VAH val=4123.16 vah=4149.06 poc=4137.19 vwap=4141.74
2026-07-07T20:25:00+07:00,2026-07-07T20:35:00+07:00,BUY,4165.96,4161.58,4196.7,BE,-0.2,S419 BUY Orochi BREAKOUT@VAH 7R,BREAKOUT@VAH val=4123.16 vah=4149.06 poc=4137.19 vwap=4141.74
2026-07-07T20:40:00+07:00,2026-07-07T20:50:00+07:00,BUY,4166.39,4160.15,4210.15,BE,-0.2,S419 BUY Orochi BREAKOUT@VAH 7R,BREAKOUT@VAH val=4123.16 vah=4149.06 poc=4137.19 vwap=4141.74
2026-07-07T20:55:00+07:00,2026-07-07T21:05:00+07:00,BUY,4172.34,4163.95,4230.99,BE,-0.2,S419 BUY Orochi BREAKOUT@VAH 7R,BREAKOUT@VAH val=4123.16 vah=4149.06 poc=4137.19 vwap=4141.74
2026-07-07T21:15:00+07:00,2026-07-07T21:25:00+07:00,BUY,4168.76,4158.37,4241.57,BE,-0.2,S419 BUY Orochi BREAKOUT@VAH 7R,BREAKOUT@VAH val=4123.16 vah=4149.06 poc=4137.19 vwap=4141.74
2026-07-07T21:30:00+07:00,2026-07-07T21:40:00+07:00,BUY,4169.24,4162.01,4222.01,BE,-0.2,S419 BUY Orochi BREAKOUT@VAH 7R,BREAKOUT@VAH val=4123.16 vah=4149.06 poc=4137.19 vwap=4141.74
2026-07-07T21:45:00+07:00,2026-07-07T21:50:00+07:00,BUY,4173.21,4166.67,4219.55,SL,-6.74,S419 BUY Orochi BREAKOUT@VAH 7R,BREAKOUT@VAH val=4123.16 vah=4149.06 poc=4137.19 vwap=4141.74
2026-07-07T21:55:00+07:00,2026-07-07T22:00:00+07:00,BUY,4158.56,4154.09,4190.17,SL,-4.67,S419 BUY Orochi BREAKOUT@VAH 7R,BREAKOUT@VAH val=4123.16 vah=4149.06 poc=4137.19 vwap=4141.74
2026-07-07T22:05:00+07:00,2026-07-07T22:15:00+07:00,BUY,4155.98,4149.93,4198.57,BE,-0.2,S419 BUY Orochi BREAKOUT@VAH 7R,BREAKOUT@VAH val=4123.16 vah=4149.06 poc=4137.19 vwap=4141.74
2026-07-07T22:20:00+07:00,2026-07-07T22:30:00+07:00,BUY,4152.38,4149.23,4174.67,BE,-0.2,S419 BUY Orochi BREAKOUT@VAH 7R,BREAKOUT@VAH val=4123.16 vah=4149.06 poc=4137.19 vwap=4141.74
2026-07-07T22:35:00+07:00,2026-07-07T22:40:00+07:00,BUY,4149.71,4144.9,4182.66,SL,-5.01,S419 BUY Orochi BREAKOUT@VAH 7R,BREAKOUT@VAH val=4123.16 vah=4149.06 poc=4137.19 vwap=4141.74
2026-07-07T22:50:00+07:00,2026-07-07T23:00:00+07:00,BUY,4154.0,4149.92,4182.64,BE,-0.2,S419 BUY Orochi BREAKOUT@VAH 7R,BREAKOUT@VAH val=4123.16 vah=4149.06 poc=4137.19 vwap=4141.74
2026-07-07T23:05:00+07:00,2026-07-07T23:15:00+07:00,BUY,4153.39,4147.98,4190.78,BE,-0.2,S419 BUY Orochi BREAKOUT@VAH 7R,BREAKOUT@VAH val=4123.16 vah=4149.06 poc=4137.19 vwap=4141.74
2026-07-08T03:20:00+07:00,2026-07-08T03:30:00+07:00,SELL,4101.73,4107.61,4061.13,BE,-0.2,S419 SELL Orochi BREAKOUT@VAL 7R,BREAKOUT@VAL val=4123.16 vah=4149.06 poc=4137.19 vwap=4141.74
2026-07-08T03:35:00+07:00,2026-07-08T03:45:00+07:00,SELL,4110.83,4117.08,4067.0,BE,-0.2,S419 SELL Orochi BREAKOUT@VAL 7R,BREAKOUT@VAL val=4123.16 vah=4149.06 poc=4137.19 vwap=4141.74
2026-07-08T03:50:00+07:00,2026-07-08T04:00:00+07:00,SELL,4115.41,4117.73,4098.77,BE,-0.2,S419 SELL Orochi BREAKOUT@VAL 7R,BREAKOUT@VAL val=4123.16 vah=4149.06 poc=4137.19 vwap=4141.74
2026-07-08T04:05:00+07:00,2026-07-08T08:35:00+07:00,SELL,4114.12,4117.58,4089.74,BE,-0.2,S419 SELL Orochi BREAKOUT@VAL 7R,BREAKOUT@VAL val=4123.16 vah=4149.06 poc=4137.19 vwap=4141.74
2026-07-08T09:10:00+07:00,2026-07-08T09:20:00+07:00,SELL,4108.52,4113.43,4074.07,BE,-0.2,S419 SELL Orochi BREAKOUT@VAL 7R,BREAKOUT@VAL val=4123.16 vah=4151.22 poc=4128.56 vwap=4141.26
2026-07-08T09:25:00+07:00,2026-07-08T09:40:00+07:00,SELL,4102.72,4112.17,4036.25,BE,-0.2,S419 SELL Orochi BREAKOUT@VAL 7R,BREAKOUT@VAL val=4123.16 vah=4151.22 poc=4128.56 vwap=4141.28
2026-07-08T09:45:00+07:00,2026-07-08T09:55:00+07:00,SELL,4110.28,4114.82,4077.94,BE,-0.2,S419 SELL Orochi BREAKOUT@VAL 7R,BREAKOUT@VAL val=4123.16 vah=4151.22 poc=4128.56 vwap=4141.40
2026-07-08T10:00:00+07:00,2026-07-08T10:05:00+07:00,SELL,4108.35,4113.75,4070.79,SL,-5.6,S419 SELL Orochi BREAKOUT@VAL 7R,BREAKOUT@VAL val=4123.16 vah=4153.37 poc=4128.56 vwap=4141.50
2026-07-08T10:10:00+07:00,2026-07-08T10:20:00+07:00,SELL,4112.26,4119.91,4058.87,SL,-7.85,S419 SELL Orochi BREAKOUT@VAL 7R,BREAKOUT@VAL val=4123.16 vah=4153.37 poc=4128.56 vwap=4141.60
2026-07-08T10:25:00+07:00,2026-07-08T10:35:00+07:00,SELL,4119.05,4126.61,4066.21,BE,-0.2,S419 SELL Orochi BREAKOUT@VAL 7R,BREAKOUT@VAL val=4123.16 vah=4153.37 poc=4128.56 vwap=4141.61
2026-07-08T10:40:00+07:00,2026-07-08T11:00:00+07:00,SELL,4120.25,4122.18,4106.66,BE,-0.2,S419 SELL Orochi BREAKOUT@VAL 7R,BREAKOUT@VAL val=4123.16 vah=4153.37 poc=4128.56 vwap=4141.61
2026-07-08T15:05:00+07:00,2026-07-08T15:25:00+07:00,SELL,4120.66,4126.31,4080.95,BE,-0.2,S419 SELL Orochi BREAKOUT@VAL 7R,BREAKOUT@VAL val=4123.16 vah=4144.74 poc=4128.56 vwap=4137.43
2026-07-08T15:55:00+07:00,2026-07-08T16:10:00+07:00,SELL,4121.23,4126.31,4083.83,BE,-0.2,S419 SELL Orochi BREAKOUT@VAL 7R,BREAKOUT@VAL val=4123.16 vah=4142.58 poc=4128.56 vwap=4136.61
2026-07-08T16:25:00+07:00,2026-07-09T02:45:00+07:00,SELL,4088.86,4099.85,4012.17,BE,-0.2,S419 SELL Orochi BREAKOUT@VAL 7R,BREAKOUT@VAL val=4123.16 vah=4142.58 poc=4128.56 vwap=4136.35
2026-07-09T02:50:00+07:00,2026-07-09T03:00:00+07:00,SELL,4085.86,4092.93,4036.53,BE,-0.2,S419 SELL Orochi BREAKOUT@VAL 7R,BREAKOUT@VAL val=4093.06 vah=4162.96 poc=4125.10 vwap=4116.31
2026-07-09T03:05:00+07:00,2026-07-09T03:30:00+07:00,SELL,4089.4,4092.51,4067.95,BE,-0.2,S419 SELL Orochi BREAKOUT@VAL 7R,BREAKOUT@VAL val=4093.06 vah=4162.96 poc=4125.10 vwap=4116.31
2026-07-09T03:35:00+07:00,2026-07-09T08:10:00+07:00,SELL,4087.08,4092.53,4049.01,BE,-0.2,S419 SELL Orochi BREAKOUT@VAL 7R,BREAKOUT@VAL val=4093.06 vah=4162.96 poc=4125.10 vwap=4116.31
2026-07-09T08:30:00+07:00,2026-07-09T08:40:00+07:00,SELL,4078.65,4082.72,4050.24,BE,-0.2,S419 SELL Orochi BREAKOUT@VAL 7R,BREAKOUT@VAL val=4093.06 vah=4157.14 poc=4125.10 vwap=4113.16
2026-07-09T08:45:00+07:00,2026-07-09T09:00:00+07:00,SELL,4077.42,4081.52,4048.64,BE,-0.2,S419 SELL Orochi BREAKOUT@VAL 7R,BREAKOUT@VAL val=4093.06 vah=4157.14 poc=4125.10 vwap=4112.53
2026-07-09T09:05:00+07:00,2026-07-09T09:15:00+07:00,SELL,4073.49,4080.45,4024.85,BE,-0.2,S419 SELL Orochi BREAKOUT@VAL 7R,BREAKOUT@VAL val=4096.35 vah=4152.07 poc=4126.99 vwap=4111.05
2026-07-09T09:20:00+07:00,2026-07-09T09:30:00+07:00,SELL,4072.87,4078.24,4034.88,BE,-0.2,S419 SELL Orochi BREAKOUT@VAL 7R,BREAKOUT@VAL val=4095.26 vah=4149.89 poc=4127.54 vwap=4110.11
2026-07-09T09:35:00+07:00,2026-07-09T09:45:00+07:00,SELL,4072.35,4075.48,4050.52,BE,-0.2,S419 SELL Orochi BREAKOUT@VAL 7R,BREAKOUT@VAL val=4095.03 vah=4149.41 poc=4127.16 vwap=4109.22
2026-07-09T09:50:00+07:00,2026-07-09T10:10:00+07:00,SELL,4069.76,4077.65,4014.69,SL,-8.09,S419 SELL Orochi BREAKOUT@VAL 7R,BREAKOUT@VAL val=4094.27 vah=4147.91 poc=4125.97 vwap=4108.40
2026-07-09T10:15:00+07:00,2026-07-09T10:25:00+07:00,SELL,4080.11,4082.41,4064.09,BE,-0.2,S419 SELL Orochi BREAKOUT@VAL 7R,BREAKOUT@VAL val=4093.32 vah=4145.99 poc=4124.44 vwap=4107.11
2026-07-09T10:40:00+07:00,2026-07-09T13:00:00+07:00,SELL,4070.86,4075.72,4036.68,BE,-0.2,S419 SELL Orochi BREAKOUT@VAL 7R,BREAKOUT@VAL val=4094.48 vah=4148.33 poc=4128.14 vwap=4105.83
2026-07-09T13:05:00+07:00,2026-07-09T13:10:00+07:00,SELL,4068.12,4072.73,4035.93,SL,-4.81,S419 SELL Orochi BREAKOUT@VAL 7R,BREAKOUT@VAL val=4093.02 vah=4145.40 poc=4125.76 vwap=4101.06
2026-07-09T13:20:00+07:00,2026-07-09T13:35:00+07:00,SELL,4068.69,4074.78,4026.14,BE,-0.2,S419 SELL Orochi BREAKOUT@VAL 7R,BREAKOUT@VAL val=4088.13 vah=4139.93 poc=4124.82 vwap=4100.66
2026-07-09T13:40:00+07:00,2026-07-09T13:45:00+07:00,SELL,4075.56,4078.46,4055.1,SL,-3.1,S419 SELL Orochi BREAKOUT@VAL 7R,BREAKOUT@VAL val=4088.11 vah=4135.58 poc=4124.79 vwap=4100.03
2026-07-09T13:50:00+07:00,2026-07-09T13:55:00+07:00,SELL,4079.98,4083.94,4052.74,SL,-4.16,S419 SELL Orochi BREAKOUT@VAL 7R,BREAKOUT@VAL val=4091.62 vah=4134.10 poc=4127.73 vwap=4099.69
2026-07-09T14:00:00+07:00,2026-07-09T14:15:00+07:00,SELL,4092.87,4100.96,4034.64,BE,-0.2,S419 SELL Orochi BREAKOUT@VAL 7R,BREAKOUT@VAL val=4095.87 vah=4134.10 poc=4127.73 vwap=4099.42
2026-07-09T20:00:00+07:00,2026-07-09T20:15:00+07:00,BUY,4107.78,4104.97,4127.29,BE,-0.2,S419 BUY Orochi BREAKOUT@VAH 7R,BREAKOUT@VAH val=4049.77 vah=4101.76 poc=4075.76 vwap=4073.74
2026-07-09T20:20:00+07:00,2026-07-09T21:00:00+07:00,BUY,4107.11,4104.1,4126.66,BE,-0.2,S419 BUY Orochi BREAKOUT@VAH 7R,BREAKOUT@VAH val=4049.77 vah=4101.76 poc=4075.76 vwap=4073.74
2026-07-09T21:15:00+07:00,2026-07-09T21:30:00+07:00,BUY,4120.46,4114.19,4163.79,BE,-0.2,S419 BUY Orochi BREAKOUT@VAH 7R,BREAKOUT@VAH val=4049.77 vah=4101.76 poc=4075.76 vwap=4073.74
2026-07-09T21:35:00+07:00,2026-07-09T21:45:00+07:00,BUY,4125.09,4118.11,4174.35,BE,-0.2,S419 BUY Orochi BREAKOUT@VAH 7R,BREAKOUT@VAH val=4049.77 vah=4101.76 poc=4075.76 vwap=4073.74
2026-07-09T21:50:00+07:00,2026-07-09T22:00:00+07:00,BUY,4118.82,4117.28,4129.68,TP,10.66,S419 BUY Orochi BREAKOUT@VAH 7R,BREAKOUT@VAH val=4049.77 vah=4101.76 poc=4075.76 vwap=4073.74
2026-07-09T22:05:00+07:00,2026-07-09T22:15:00+07:00,BUY,4126.32,4119.91,4171.59,SL,-6.61,S419 BUY Orochi BREAKOUT@VAH 7R,BREAKOUT@VAH val=4049.77 vah=4101.76 poc=4075.76 vwap=4073.74
2026-07-09T22:20:00+07:00,2026-07-09T22:30:00+07:00,BUY,4123.35,4112.44,4198.84,BE,-0.2,S419 BUY Orochi BREAKOUT@VAH 7R,BREAKOUT@VAH val=4049.77 vah=4101.76 poc=4075.76 vwap=4073.74
2026-07-09T22:35:00+07:00,2026-07-09T22:45:00+07:00,BUY,4123.08,4119.25,4149.97,BE,-0.2,S419 BUY Orochi BREAKOUT@VAH 7R,BREAKOUT@VAH val=4049.77 vah=4101.76 poc=4075.76 vwap=4073.74
2026-07-09T22:50:00+07:00,2026-07-10T02:25:00+07:00,BUY,4124.04,4116.52,4176.6,BE,-0.2,S419 BUY Orochi BREAKOUT@VAH 7R,BREAKOUT@VAH val=4049.77 vah=4101.76 poc=4075.76 vwap=4073.74
2026-07-10T02:30:00+07:00,2026-07-10T02:35:00+07:00,BUY,4123.99,4121.85,4139.05,SL,-2.34,S419 BUY Orochi BREAKOUT@VAH 7R,BREAKOUT@VAH val=4049.77 vah=4101.76 poc=4075.76 vwap=4073.74
2026-07-10T02:40:00+07:00,2026-07-10T03:05:00+07:00,BUY,4125.44,4120.65,4158.81,BE,-0.2,S419 BUY Orochi BREAKOUT@VAH 7R,BREAKOUT@VAH val=4049.77 vah=4101.76 poc=4075.76 vwap=4073.74
2026-07-10T03:10:00+07:00,2026-07-10T03:20:00+07:00,BUY,4124.4,4122.29,4139.09,BE,-0.2,S419 BUY Orochi BREAKOUT@VAH 7R,BREAKOUT@VAH val=4049.77 vah=4101.76 poc=4075.76 vwap=4073.74
2026-07-10T03:25:00+07:00,2026-07-10T03:30:00+07:00,BUY,4120.99,4120.15,4126.95,SL,-1.04,S419 BUY Orochi BREAKOUT@VAH 7R,BREAKOUT@VAH val=4049.77 vah=4101.76 poc=4075.76 vwap=4073.74
2026-07-10T03:35:00+07:00,2026-07-10T03:40:00+07:00,BUY,4120.69,4119.21,4130.97,SL,-1.68,S419 BUY Orochi BREAKOUT@VAH 7R,BREAKOUT@VAH val=4049.77 vah=4101.76 poc=4075.76 vwap=4073.74
2026-07-10T03:45:00+07:00,2026-07-10T03:55:00+07:00,BUY,4122.07,4118.4,4148.64,BE,-0.2,S419 BUY Orochi BREAKOUT@VAH 7R,BREAKOUT@VAH val=4049.77 vah=4101.76 poc=4075.76 vwap=4073.74
2026-07-10T04:00:00+07:00,2026-07-10T06:10:00+07:00,BUY,4122.35,4120.12,4137.88,BE,-0.2,S419 BUY Orochi BREAKOUT@VAH 7R,BREAKOUT@VAH val=4049.77 vah=4101.76 poc=4075.76 vwap=4073.74
2026-07-10T06:15:00+07:00,2026-07-10T06:25:00+07:00,BUY,4123.32,4121.86,4133.46,BE,-0.2,S419 BUY Orochi BREAKOUT@VAH 7R,BREAKOUT@VAH val=4049.77 vah=4101.76 poc=4075.76 vwap=4073.74
2026-07-10T06:30:00+07:00,2026-07-10T06:40:00+07:00,BUY,4123.2,4121.95,4132.03,BE,-0.2,S419 BUY Orochi BREAKOUT@VAH 7R,BREAKOUT@VAH val=4049.77 vah=4101.76 poc=4075.76 vwap=4073.74
2026-07-10T06:45:00+07:00,2026-07-10T06:50:00+07:00,BUY,4122.45,4121.55,4128.83,SL,-1.1,S419 BUY Orochi BREAKOUT@VAH 7R,BREAKOUT@VAH val=4049.77 vah=4101.76 poc=4075.76 vwap=4073.74
2026-07-10T06:55:00+07:00,2026-07-10T07:25:00+07:00,BUY,4121.83,4121.08,4126.68,BE,-0.2,S419 BUY Orochi BREAKOUT@VAH 7R,BREAKOUT@VAH val=4049.77 vah=4101.76 poc=4075.76 vwap=4073.74
2026-07-10T07:30:00+07:00,2026-07-10T08:00:00+07:00,BUY,4121.55,4120.64,4127.84,BE,-0.2,S419 BUY Orochi BREAKOUT@VAH 7R,BREAKOUT@VAH val=4049.77 vah=4105.75 poc=4075.76 vwap=4073.83
2026-07-10T08:05:00+07:00,2026-07-10T08:15:00+07:00,BUY,4122.88,4119.45,4146.57,BE,-0.2,S419 BUY Orochi BREAKOUT@VAH 7R,BREAKOUT@VAH val=4049.77 vah=4105.75 poc=4075.76 vwap=4073.84
2026-07-10T08:20:00+07:00,2026-07-10T08:25:00+07:00,BUY,4119.23,4118.55,4123.91,SL,-0.88,S419 BUY Orochi BREAKOUT@VAH 7R,BREAKOUT@VAH val=4049.77 vah=4105.75 poc=4075.76 vwap=4073.76
2026-07-10T08:30:00+07:00,2026-07-10T09:00:00+07:00,BUY,4115.84,4113.72,4130.6,TP,14.56,S419 BUY Orochi BREAKOUT@VAH 7R,BREAKOUT@VAH val=4049.77 vah=4105.75 poc=4075.76 vwap=4073.74
2026-07-10T09:05:00+07:00,2026-07-10T09:15:00+07:00,BUY,4125.65,4117.8,4180.28,BE,-0.2,S419 BUY Orochi BREAKOUT@VAH 7R,BREAKOUT@VAH val=4049.77 vah=4105.75 poc=4075.76 vwap=4073.75
2026-07-10T09:20:00+07:00,2026-07-10T09:30:00+07:00,BUY,4122.55,4119.51,4144.07,BE,-0.2,S419 BUY Orochi BREAKOUT@VAH 7R,BREAKOUT@VAH val=4049.77 vah=4105.75 poc=4075.76 vwap=4073.84
2026-07-10T09:35:00+07:00,2026-07-10T09:45:00+07:00,BUY,4112.74,4107.71,4147.55,BE,-0.2,S419 BUY Orochi BREAKOUT@VAH 7R,BREAKOUT@VAH val=4053.77 vah=4105.75 poc=4075.76 vwap=4074.16
2026-07-10T09:50:00+07:00,2026-07-10T10:00:00+07:00,BUY,4116.25,4107.31,4178.67,BE,-0.2,S419 BUY Orochi BREAKOUT@VAH 7R,BREAKOUT@VAH val=4053.77 vah=4105.75 poc=4075.76 vwap=4074.54
2026-07-10T10:10:00+07:00,2026-07-10T10:20:00+07:00,BUY,4124.85,4116.24,4185.04,BE,-0.2,S419 BUY Orochi BREAKOUT@VAH 7R,BREAKOUT@VAH val=4053.77 vah=4105.75 poc=4075.76 vwap=4075.64
2026-07-10T10:25:00+07:00,2026-07-10T10:35:00+07:00,BUY,4125.9,4120.43,4163.31,BE,-0.2,S419 BUY Orochi BREAKOUT@VAH 7R,BREAKOUT@VAH val=4053.77 vah=4105.75 poc=4075.76 vwap=4076.50
2026-07-10T10:40:00+07:00,2026-07-10T10:55:00+07:00,BUY,4125.78,4120.97,4159.61,BE,-0.2,S419 BUY Orochi BREAKOUT@VAH 7R,BREAKOUT@VAH val=4053.77 vah=4105.75 poc=4075.76 vwap=4077.55
2026-07-10T11:00:00+07:00,2026-07-10T11:10:00+07:00,BUY,4129.53,4124.46,4165.1,BE,-0.2,S419 BUY Orochi BREAKOUT@VAH 7R,BREAKOUT@VAH val=4055.52 vah=4103.11 poc=4075.65 vwap=4079.14
2026-07-10T11:15:00+07:00,2026-07-10T11:20:00+07:00,BUY,4125.75,4124.36,4135.4,SL,-1.59,S419 BUY Orochi BREAKOUT@VAH 7R,BREAKOUT@VAH val=4054.36 vah=4103.66 poc=4077.25 vwap=4080.18
2026-07-10T11:25:00+07:00,2026-07-10T11:35:00+07:00,BUY,4125.32,4119.65,4164.61,BE,-0.2,S419 BUY Orochi BREAKOUT@VAH 7R,BREAKOUT@VAH val=4054.42 vah=4101.09 poc=4076.09 vwap=4080.84
2026-07-10T11:40:00+07:00,2026-07-10T11:50:00+07:00,BUY,4121.6,4120.21,4131.41,BE,-0.2,S419 BUY Orochi BREAKOUT@VAH 7R,BREAKOUT@VAH val=4054.86 vah=4097.89 poc=4076.38 vwap=4081.67
2026-07-10T11:55:00+07:00,2026-07-10T12:00:00+07:00,BUY,4120.21,4118.49,4132.73,SL,-1.92,S419 BUY Orochi BREAKOUT@VAH 7R,BREAKOUT@VAH val=4055.73 vah=4096.04 poc=4075.89 vwap=4082.41
2026-07-10T12:05:00+07:00,2026-07-10T12:10:00+07:00,BUY,4117.8,4116.84,4124.76,SL,-1.16,S419 BUY Orochi BREAKOUT@VAH 7R,BREAKOUT@VAH val=4054.26 vah=4093.94 poc=4074.10 vwap=4082.90
2026-07-10T12:15:00+07:00,2026-07-10T12:20:00+07:00,BUY,4119.75,4115.85,4147.21,SL,-4.1,S419 BUY Orochi BREAKOUT@VAH 7R,BREAKOUT@VAH val=4054.26 vah=4093.94 poc=4074.10 vwap=4083.18
2026-07-10T12:30:00+07:00,2026-07-10T12:45:00+07:00,BUY,4118.14,4111.58,4163.9,BE,-0.2,S419 BUY Orochi BREAKOUT@VAH 7R,BREAKOUT@VAH val=4054.26 vah=4093.94 poc=4074.10 vwap=4083.59
2026-07-10T12:50:00+07:00,2026-07-10T13:00:00+07:00,BUY,4117.31,4114.61,4136.13,BE,-0.2,S419 BUY Orochi BREAKOUT@VAH 7R,BREAKOUT@VAH val=4054.26 vah=4096.59 poc=4074.10 vwap=4084.00
2026-07-10T13:05:00+07:00,2026-07-10T13:15:00+07:00,BUY,4114.05,4112.62,4124.14,BE,-0.2,S419 BUY Orochi BREAKOUT@VAH 7R,BREAKOUT@VAH val=4054.26 vah=4099.23 poc=4074.10 vwap=4084.26
2026-07-10T13:20:00+07:00,2026-07-10T13:30:00+07:00,BUY,4114.27,4112.28,4128.52,BE,-0.2,S419 BUY Orochi BREAKOUT@VAH 7R,BREAKOUT@VAH val=4054.26 vah=4099.23 poc=4076.75 vwap=4084.59
2026-07-10T13:35:00+07:00,2026-07-10T13:40:00+07:00,BUY,4109.22,4108.55,4114.23,TP,4.81,S419 BUY Orochi BREAKOUT@VAH 7R,BREAKOUT@VAH val=4054.26 vah=4099.23 poc=4076.75 vwap=4084.93
2026-07-10T13:45:00+07:00,2026-07-10T14:40:00+07:00,BUY,4111.88,4107.51,4142.55,BE,-0.2,S419 BUY Orochi BREAKOUT@VAH 7R,BREAKOUT@VAH val=4054.26 vah=4101.88 poc=4076.75 vwap=4085.14
2026-07-10T14:45:00+07:00,2026-07-10T14:55:00+07:00,BUY,4113.41,4110.13,4136.13,BE,-0.2,S419 BUY Orochi BREAKOUT@VAH 7R,BREAKOUT@VAH val=4054.26 vah=4101.88 poc=4076.75 vwap=4085.30
2026-07-10T15:00:00+07:00,2026-07-10T15:05:00+07:00,BUY,4112.4,4109.74,4131.9,SL,-2.86,S419 BUY Orochi BREAKOUT@VAH 7R,BREAKOUT@VAH val=4054.26 vah=4101.88 poc=4076.75 vwap=4085.26
2026-07-10T15:10:00+07:00,2026-07-10T15:35:00+07:00,BUY,4111.24,4108.1,4132.98,BE,-0.2,S419 BUY Orochi BREAKOUT@VAH 7R,BREAKOUT@VAH val=4054.26 vah=4104.52 poc=4076.75 vwap=4085.33
2026-07-10T15:40:00+07:00,2026-07-10T15:45:00+07:00,BUY,4106.68,4104.58,4119.78,SL,-2.3,S419 BUY Orochi BREAKOUT@VAH 7R,BREAKOUT@VAH val=4054.26 vah=4104.52 poc=4074.10 vwap=4085.53
2026-07-10T15:50:00+07:00,2026-07-10T16:00:00+07:00,BUY,4108.17,4103.46,4140.66,BE,-0.2,S419 BUY Orochi BREAKOUT@VAH 7R,BREAKOUT@VAH val=4054.26 vah=4104.52 poc=4074.10 vwap=4085.61
2026-07-10T20:00:00+07:00,2026-07-10T20:10:00+07:00,SELL,4102.61,4106.25,4077.29,BE,-0.2,S419 SELL Orochi BREAKOUT@VAL 7R,BREAKOUT@VAL val=4110.81 vah=4128.99 poc=4122.62 vwap=4119.75
2026-07-10T20:25:00+07:00,2026-07-10T21:15:00+07:00,SELL,4106.47,4112.13,4064.13,BE,-0.2,S419 SELL Orochi BREAKOUT@VAL 7R,BREAKOUT@VAL val=4110.81 vah=4128.99 poc=4122.62 vwap=4119.75
2026-07-10T21:30:00+07:00,2026-07-10T21:40:00+07:00,SELL,4089.83,4099.57,4021.57,BE,-0.2,S419 SELL Orochi BREAKOUT@VAL 7R,BREAKOUT@VAL val=4110.81 vah=4128.99 poc=4122.62 vwap=4119.75
2026-07-10T21:45:00+07:00,2026-07-10T21:50:00+07:00,SELL,4101.41,4104.17,4081.93,SL,-2.96,S419 SELL Orochi BREAKOUT@VAL 7R,BREAKOUT@VAL val=4110.81 vah=4128.99 poc=4122.62 vwap=4119.75
2026-07-10T21:55:00+07:00,2026-07-10T22:05:00+07:00,SELL,4100.17,4107.17,4049.41,BE,-0.2,S419 SELL Orochi BREAKOUT@VAL 7R,BREAKOUT@VAL val=4110.81 vah=4128.99 poc=4122.62 vwap=4119.75
2026-07-10T22:10:00+07:00,2026-07-10T22:15:00+07:00,SELL,4100.12,4105.17,4064.61,SL,-5.25,S419 SELL Orochi BREAKOUT@VAL 7R,BREAKOUT@VAL val=4110.81 vah=4128.99 poc=4122.62 vwap=4119.75
2026-07-10T22:20:00+07:00,2026-07-10T22:30:00+07:00,SELL,4102.8,4109.31,4058.03,BE,-0.2,S419 SELL Orochi BREAKOUT@VAL 7R,BREAKOUT@VAL val=4110.81 vah=4128.99 poc=4122.62 vwap=4119.75
2026-07-10T22:35:00+07:00,2026-07-10T23:00:00+07:00,SELL,4095.63,4110.04,3994.92,BE,-0.2,S419 SELL Orochi BREAKOUT@VAL 7R,BREAKOUT@VAL val=4110.81 vah=4128.99 poc=4122.62 vwap=4119.75
2026-07-10T23:05:00+07:00,2026-07-10T23:15:00+07:00,SELL,4098.63,4102.39,4072.39,BE,-0.2,S419 SELL Orochi BREAKOUT@VAL 7R,BREAKOUT@VAL val=4110.81 vah=4128.99 poc=4122.62 vwap=4119.75
2026-07-10T23:20:00+07:00,2026-07-10T23:35:00+07:00,SELL,4105.7,4109.08,4083.0,BE,-0.2,S419 SELL Orochi BREAKOUT@VAL 7R,BREAKOUT@VAL val=4110.81 vah=4128.99 poc=4122.62 vwap=4119.75
2026-07-10T23:40:00+07:00,2026-07-10T23:45:00+07:00,SELL,4106.29,4109.07,4087.63,SL,-2.98,S419 SELL Orochi BREAKOUT@VAL 7R,BREAKOUT@VAL val=4110.81 vah=4128.99 poc=4122.62 vwap=4119.75
2026-07-11T00:50:00+07:00,2026-07-11T01:15:00+07:00,SELL,4106.28,4110.6,4075.72,BE,-0.2,S419 SELL Orochi BREAKOUT@VAL 7R,BREAKOUT@VAL val=4110.81 vah=4128.99 poc=4122.62 vwap=4119.75
2026-07-11T01:20:00+07:00,2026-07-11T01:30:00+07:00,SELL,4105.81,4107.65,4092.69,BE,-0.2,S419 SELL Orochi BREAKOUT@VAL 7R,BREAKOUT@VAL val=4110.81 vah=4128.99 poc=4122.62 vwap=4119.75
2026-07-11T01:35:00+07:00,2026-07-11T01:45:00+07:00,SELL,4104.17,4107.55,4080.43,BE,-0.2,S419 SELL Orochi BREAKOUT@VAL 7R,BREAKOUT@VAL val=4110.81 vah=4128.99 poc=4122.62 vwap=4119.75
2026-07-11T01:50:00+07:00,2026-07-11T02:05:00+07:00,SELL,4103.64,4105.78,4088.58,BE,-0.2,S419 SELL Orochi BREAKOUT@VAL 7R,BREAKOUT@VAL val=4110.81 vah=4128.99 poc=4122.62 vwap=4119.75
2026-07-11T02:10:00+07:00,2026-07-11T02:25:00+07:00,SELL,4104.84,4105.78,4097.46,BE,-0.2,S419 SELL Orochi BREAKOUT@VAL 7R,BREAKOUT@VAL val=4110.81 vah=4128.99 poc=4122.62 vwap=4119.75
2026-07-11T02:30:00+07:00,2026-07-11T03:40:00+07:00,SELL,4103.37,4105.7,4087.14,BE,-0.2,S419 SELL Orochi BREAKOUT@VAL 7R,BREAKOUT@VAL val=4110.81 vah=4128.99 poc=4122.62 vwap=4119.75
2026-07-11T03:45:00+07:00,2026-07-11T03:50:00+07:00,SELL,4105.0,4105.76,4098.48,SL,-0.96,S419 SELL Orochi BREAKOUT@VAL 7R,BREAKOUT@VAL val=4110.81 vah=4128.99 poc=4122.62 vwap=4119.75
2026-07-11T03:55:00+07:00,2026-07-11T04:00:00+07:00,SELL,4108.51,4109.62,4101.22,SL,-1.31,S419 SELL Orochi BREAKOUT@VAL 7R,BREAKOUT@VAL val=4110.81 vah=4128.99 poc=4122.62 vwap=4119.75
2026-07-13T21:50:00+07:00,2026-07-14T00:30:00+07:00,SELL,4051.73,4059.55,3996.67,TP,54.86,S419 SELL Orochi BREAKOUT@VAL 7R,BREAKOUT@VAL val=4054.34 vah=4077.30 poc=4072.08 vwap=4068.30
2026-07-14T00:40:00+07:00,2026-07-14T00:45:00+07:00,SELL,4000.67,4002.16,3990.72,SL,-1.69,S419 SELL Orochi BREAKOUT@VAL 7R,BREAKOUT@VAL val=4054.34 vah=4077.30 poc=4072.08 vwap=4068.30
2026-07-14T00:55:00+07:00,2026-07-14T01:05:00+07:00,SELL,3993.26,4000.36,3943.72,BE,-0.2,S419 SELL Orochi BREAKOUT@VAL 7R,BREAKOUT@VAL val=4054.34 vah=4077.30 poc=4072.08 vwap=4068.30
2026-07-14T01:10:00+07:00,2026-07-14T01:15:00+07:00,SELL,3997.74,4000.52,3978.04,SL,-2.98,S419 SELL Orochi BREAKOUT@VAL 7R,BREAKOUT@VAL val=4054.34 vah=4077.30 poc=4072.08 vwap=4068.30
2026-07-14T01:20:00+07:00,2026-07-14T01:30:00+07:00,SELL,3998.52,4003.32,3965.0,BE,-0.2,S419 SELL Orochi BREAKOUT@VAL 7R,BREAKOUT@VAL val=4054.34 vah=4077.30 poc=4072.08 vwap=4068.30
2026-07-14T01:35:00+07:00,2026-07-14T01:45:00+07:00,SELL,3997.59,4002.41,3964.49,BE,-0.2,S419 SELL Orochi BREAKOUT@VAL 7R,BREAKOUT@VAL val=4054.34 vah=4077.30 poc=4072.08 vwap=4068.30
2026-07-14T01:50:00+07:00,2026-07-14T02:00:00+07:00,SELL,3995.0,4000.47,3956.55,BE,-0.2,S419 SELL Orochi BREAKOUT@VAL 7R,BREAKOUT@VAL val=4054.34 vah=4077.30 poc=4072.08 vwap=4068.30
2026-07-14T02:05:00+07:00,2026-07-14T02:15:00+07:00,SELL,3992.05,3996.24,3962.56,BE,-0.2,S419 SELL Orochi BREAKOUT@VAL 7R,BREAKOUT@VAL val=4054.34 vah=4077.30 poc=4072.08 vwap=4068.30
2026-07-14T02:20:00+07:00,2026-07-14T02:25:00+07:00,SELL,3994.68,3996.01,3985.85,SL,-1.53,S419 SELL Orochi BREAKOUT@VAL 7R,BREAKOUT@VAL val=4054.34 vah=4077.30 poc=4072.08 vwap=4068.30
2026-07-14T02:30:00+07:00,2026-07-14T02:35:00+07:00,SELL,3997.03,3999.47,3979.87,SL,-2.64,S419 SELL Orochi BREAKOUT@VAL 7R,BREAKOUT@VAL val=4054.34 vah=4077.30 poc=4072.08 vwap=4068.30
2026-07-14T02:40:00+07:00,2026-07-14T02:45:00+07:00,SELL,4000.16,4001.84,3988.64,SL,-1.88,S419 SELL Orochi BREAKOUT@VAL 7R,BREAKOUT@VAL val=4054.34 vah=4077.30 poc=4072.08 vwap=4068.30
2026-07-14T02:50:00+07:00,2026-07-14T03:00:00+07:00,SELL,4003.75,4006.14,3986.78,BE,-0.2,S419 SELL Orochi BREAKOUT@VAL 7R,BREAKOUT@VAL val=4054.34 vah=4077.30 poc=4072.08 vwap=4068.30
2026-07-14T03:05:00+07:00,2026-07-14T03:25:00+07:00,SELL,4000.4,4005.71,3963.47,BE,-0.2,S419 SELL Orochi BREAKOUT@VAL 7R,BREAKOUT@VAL val=4054.34 vah=4077.30 poc=4072.08 vwap=4068.30
2026-07-14T03:30:00+07:00,2026-07-14T03:40:00+07:00,SELL,3999.06,4002.03,3978.91,BE,-0.2,S419 SELL Orochi BREAKOUT@VAL 7R,BREAKOUT@VAL val=4054.34 vah=4077.30 poc=4072.08 vwap=4068.30
2026-07-14T03:45:00+07:00,2026-07-14T03:50:00+07:00,SELL,3997.17,4000.49,3972.89,SL,-3.52,S419 SELL Orochi BREAKOUT@VAL 7R,BREAKOUT@VAL val=4054.34 vah=4077.30 poc=4072.08 vwap=4068.30
2026-07-14T03:55:00+07:00,2026-07-14T04:00:00+07:00,SELL,4002.01,4003.34,3992.86,SL,-1.53,S419 SELL Orochi BREAKOUT@VAL 7R,BREAKOUT@VAL val=4054.34 vah=4077.30 poc=4072.08 vwap=4068.30
2026-07-14T04:05:00+07:00,2026-07-14T06:00:00+07:00,SELL,4002.45,4007.1,3970.06,BE,-0.2,S419 SELL Orochi BREAKOUT@VAL 7R,BREAKOUT@VAL val=4054.34 vah=4077.30 poc=4072.08 vwap=4068.30
2026-07-14T06:05:00+07:00,2026-07-14T07:00:00+07:00,SELL,4001.78,4006.04,3971.48,BE,-0.2,S419 SELL Orochi BREAKOUT@VAL 7R,BREAKOUT@VAL val=4054.34 vah=4077.30 poc=4072.08 vwap=4068.30
2026-07-14T07:05:00+07:00,2026-07-14T07:55:00+07:00,SELL,4001.74,4003.65,3987.97,BE,-0.2,S419 SELL Orochi BREAKOUT@VAL 7R,BREAKOUT@VAL val=4054.34 vah=4077.30 poc=4072.08 vwap=4068.30
2026-07-14T08:10:00+07:00,2026-07-14T08:25:00+07:00,SELL,3995.52,4000.02,3964.1,BE,-0.2,S419 SELL Orochi BREAKOUT@VAL 7R,BREAKOUT@VAL val=4054.34 vah=4077.30 poc=4072.08 vwap=4068.30
2026-07-14T08:30:00+07:00,2026-07-14T08:40:00+07:00,SELL,4005.11,4007.97,3983.81,BE,-0.2,S419 SELL Orochi BREAKOUT@VAL 7R,BREAKOUT@VAL val=4054.34 vah=4077.30 poc=4072.08 vwap=4068.30
2026-07-14T08:45:00+07:00,2026-07-14T09:15:00+07:00,SELL,4002.63,4008.93,3958.45,BE,-0.2,S419 SELL Orochi BREAKOUT@VAL 7R,BREAKOUT@VAL val=4054.34 vah=4077.30 poc=4072.08 vwap=4068.30
2026-07-14T09:20:00+07:00,2026-07-14T09:30:00+07:00,SELL,3997.57,4006.67,3933.79,BE,-0.2,S419 SELL Orochi BREAKOUT@VAL 7R,BREAKOUT@VAL val=4054.34 vah=4077.30 poc=4072.08 vwap=4068.30
2026-07-14T09:35:00+07:00,2026-07-14T09:45:00+07:00,SELL,3997.67,4005.91,3940.07,BE,-0.2,S419 SELL Orochi BREAKOUT@VAL 7R,BREAKOUT@VAL val=4054.34 vah=4077.30 poc=4072.08 vwap=4068.30
2026-07-14T09:50:00+07:00,2026-07-14T09:55:00+07:00,SELL,4004.03,4006.85,3984.45,SL,-3.02,S419 SELL Orochi BREAKOUT@VAL 7R,BREAKOUT@VAL val=4054.34 vah=4077.30 poc=4072.08 vwap=4068.30
2026-07-14T10:00:00+07:00,2026-07-14T10:10:00+07:00,SELL,4009.43,4013.81,3978.85,BE,-0.2,S419 SELL Orochi BREAKOUT@VAL 7R,BREAKOUT@VAL val=4054.34 vah=4077.30 poc=4072.08 vwap=4068.30
2026-07-14T10:15:00+07:00,2026-07-14T10:30:00+07:00,SELL,4018.02,4020.7,3999.18,BE,-0.2,S419 SELL Orochi BREAKOUT@VAL 7R,BREAKOUT@VAL val=4054.34 vah=4077.30 poc=4072.08 vwap=4068.30
2026-07-14T10:35:00+07:00,2026-07-14T11:00:00+07:00,SELL,4013.96,4020.49,3967.77,BE,-0.2,S419 SELL Orochi BREAKOUT@VAL 7R,BREAKOUT@VAL val=4054.34 vah=4077.30 poc=4072.08 vwap=4068.30
2026-07-14T11:05:00+07:00,2026-07-14T11:15:00+07:00,SELL,4014.26,4017.85,3989.21,BE,-0.2,S419 SELL Orochi BREAKOUT@VAL 7R,BREAKOUT@VAL val=4054.34 vah=4077.30 poc=4072.08 vwap=4068.30
2026-07-14T11:20:00+07:00,2026-07-14T11:25:00+07:00,SELL,4015.86,4017.58,4003.66,SL,-1.92,S419 SELL Orochi BREAKOUT@VAL 7R,BREAKOUT@VAL val=4054.34 vah=4077.30 poc=4072.08 vwap=4068.30
2026-07-14T11:30:00+07:00,2026-07-14T11:45:00+07:00,SELL,4015.0,4020.05,3979.41,BE,-0.2,S419 SELL Orochi BREAKOUT@VAL 7R,BREAKOUT@VAL val=4054.34 vah=4077.30 poc=4072.08 vwap=4068.30
2026-07-14T11:50:00+07:00,2026-07-14T12:00:00+07:00,SELL,4017.66,4019.06,4008.02,BE,-0.2,S419 SELL Orochi BREAKOUT@VAL 7R,BREAKOUT@VAL val=4054.34 vah=4077.30 poc=4072.08 vwap=4068.30
2026-07-14T12:05:00+07:00,2026-07-14T12:15:00+07:00,SELL,4015.13,4019.73,3983.01,BE,-0.2,S419 SELL Orochi BREAKOUT@VAL 7R,BREAKOUT@VAL val=4054.34 vah=4077.30 poc=4072.08 vwap=4068.30
2026-07-14T12:20:00+07:00,2026-07-14T12:25:00+07:00,SELL,4015.53,4017.08,4004.92,SL,-1.75,S419 SELL Orochi BREAKOUT@VAL 7R,BREAKOUT@VAL val=4054.34 vah=4077.30 poc=4072.08 vwap=4068.30
2026-07-14T12:30:00+07:00,2026-07-14T12:40:00+07:00,SELL,4021.87,4023.58,4009.66,BE,-0.2,S419 SELL Orochi BREAKOUT@VAL 7R,BREAKOUT@VAL val=4054.34 vah=4077.30 poc=4072.08 vwap=4068.30
2026-07-14T12:50:00+07:00,2026-07-14T13:00:00+07:00,SELL,4019.89,4021.74,4006.38,BE,-0.2,S419 SELL Orochi BREAKOUT@VAL 7R,BREAKOUT@VAL val=4054.34 vah=4077.30 poc=4072.08 vwap=4068.30
2026-07-14T13:05:00+07:00,2026-07-14T13:15:00+07:00,SELL,4022.78,4023.92,4014.88,BE,-0.2,S419 SELL Orochi BREAKOUT@VAL 7R,BREAKOUT@VAL val=4054.34 vah=4077.30 poc=4072.08 vwap=4068.30
2026-07-14T13:20:00+07:00,2026-07-14T13:30:00+07:00,SELL,4020.85,4024.75,3993.63,BE,-0.2,S419 SELL Orochi BREAKOUT@VAL 7R,BREAKOUT@VAL val=4054.34 vah=4077.30 poc=4072.08 vwap=4068.30
2026-07-14T13:35:00+07:00,2026-07-14T13:40:00+07:00,SELL,4028.08,4031.79,4001.95,SL,-3.91,S419 SELL Orochi BREAKOUT@VAL 7R,BREAKOUT@VAL val=4054.34 vah=4077.30 poc=4072.08 vwap=4068.30
2026-07-14T13:45:00+07:00,2026-07-14T13:55:00+07:00,SELL,4030.81,4035.01,4001.09,BE,-0.2,S419 SELL Orochi BREAKOUT@VAL 7R,BREAKOUT@VAL val=4054.34 vah=4077.30 poc=4072.08 vwap=4068.30
2026-07-14T14:00:00+07:00,2026-07-14T14:10:00+07:00,SELL,4029.92,4033.45,4005.53,BE,-0.2,S419 SELL Orochi BREAKOUT@VAL 7R,BREAKOUT@VAL val=4054.34 vah=4077.30 poc=4072.08 vwap=4068.30
2026-07-14T14:15:00+07:00,2026-07-14T15:05:00+07:00,SELL,4028.34,4034.07,3988.07,BE,-0.2,S419 SELL Orochi BREAKOUT@VAL 7R,BREAKOUT@VAL val=4054.34 vah=4077.30 poc=4072.08 vwap=4068.30
2026-07-14T15:10:00+07:00,2026-07-14T15:20:00+07:00,SELL,4024.81,4029.86,3989.54,SL,-5.25,S419 SELL Orochi BREAKOUT@VAL 7R,BREAKOUT@VAL val=4054.34 vah=4077.30 poc=4072.08 vwap=4068.30
2026-07-14T15:25:00+07:00,2026-07-14T15:35:00+07:00,SELL,4026.33,4030.73,3996.25,BE,-0.2,S419 SELL Orochi BREAKOUT@VAL 7R,BREAKOUT@VAL val=4054.34 vah=4077.30 poc=4072.08 vwap=4068.30
2026-07-14T15:45:00+07:00,2026-07-14T15:55:00+07:00,SELL,4023.46,4027.46,3995.06,BE,-0.2,S419 SELL Orochi BREAKOUT@VAL 7R,BREAKOUT@VAL val=4054.34 vah=4077.30 poc=4072.08 vwap=4068.30
2026-07-14T16:10:00+07:00,2026-07-14T16:25:00+07:00,SELL,4017.35,4021.26,3989.58,SL,-4.11,S419 SELL Orochi BREAKOUT@VAL 7R,BREAKOUT@VAL val=4054.34 vah=4077.30 poc=4072.08 vwap=4068.30
2026-07-14T16:30:00+07:00,2026-07-14T16:40:00+07:00,SELL,4019.72,4024.85,3984.29,BE,-0.2,S419 SELL Orochi BREAKOUT@VAL 7R,BREAKOUT@VAL val=4055.71 vah=4077.35 poc=4072.43 vwap=4068.00
2026-07-14T16:45:00+07:00,2026-07-14T16:55:00+07:00,SELL,4019.16,4023.52,3988.8,BE,-0.2,S419 SELL Orochi BREAKOUT@VAL 7R,BREAKOUT@VAL val=4055.71 vah=4077.35 poc=4072.43 vwap=4067.65
2026-07-14T17:00:00+07:00,2026-07-14T17:05:00+07:00,SELL,4020.1,4020.95,4011.43,SL,-1.05,S419 SELL Orochi BREAKOUT@VAL 7R,BREAKOUT@VAL val=4055.71 vah=4077.35 poc=4072.43 vwap=4067.49
2026-07-14T17:10:00+07:00,2026-07-14T17:20:00+07:00,SELL,4020.66,4025.38,3987.78,BE,-0.2,S419 SELL Orochi BREAKOUT@VAL 7R,BREAKOUT@VAL val=4055.71 vah=4077.35 poc=4072.43 vwap=4067.40
2026-07-14T17:30:00+07:00,2026-07-14T17:45:00+07:00,SELL,4014.05,4019.92,3973.2,SL,-6.07,S419 SELL Orochi BREAKOUT@VAL 7R,BREAKOUT@VAL val=4053.74 vah=4075.39 poc=4058.66 vwap=4067.30
2026-07-14T17:50:00+07:00,2026-07-14T18:00:00+07:00,SELL,4020.92,4024.91,3993.71,BE,-0.2,S419 SELL Orochi BREAKOUT@VAL 7R,BREAKOUT@VAL val=4053.74 vah=4075.39 poc=4058.66 vwap=4067.24
2026-07-14T18:05:00+07:00,2026-07-14T18:15:00+07:00,SELL,4018.09,4023.2,3982.0,BE,-0.2,S419 SELL Orochi BREAKOUT@VAL 7R,BREAKOUT@VAL val=4053.74 vah=4075.39 poc=4058.66 vwap=4067.10
2026-07-14T18:20:00+07:00,2026-07-14T18:30:00+07:00,SELL,4017.53,4020.94,3993.82,BE,-0.2,S419 SELL Orochi BREAKOUT@VAL 7R,BREAKOUT@VAL val=4053.74 vah=4075.39 poc=4058.66 vwap=4066.66
2026-07-14T18:35:00+07:00,2026-07-14T18:45:00+07:00,SELL,4018.99,4020.12,4011.0,BE,-0.2,S419 SELL Orochi BREAKOUT@VAL 7R,BREAKOUT@VAL val=4055.35 vah=4074.42 poc=4058.21 vwap=4066.16
2026-07-14T18:50:00+07:00,2026-07-14T19:00:00+07:00,SELL,4020.24,4022.95,4001.51,BE,-0.2,S419 SELL Orochi BREAKOUT@VAL 7R,BREAKOUT@VAL val=4055.35 vah=4074.42 poc=4058.21 vwap=4065.91
2026-07-14T19:10:00+07:00,2026-07-14T19:20:00+07:00,SELL,4022.89,4024.86,4010.38,BE,-0.2,S419 SELL Orochi BREAKOUT@VAL 7R,BREAKOUT@VAL val=4055.35 vah=4074.42 poc=4058.21 vwap=4065.73
2026-07-14T19:25:00+07:00,2026-07-14T19:35:00+07:00,SELL,4024.93,4029.31,3993.95,SL,-4.58,S419 SELL Orochi BREAKOUT@VAL 7R,BREAKOUT@VAL val=4053.44 vah=4074.42 poc=4058.21 vwap=4065.43
2026-07-14T19:40:00+07:00,2026-07-14T19:50:00+07:00,SELL,4028.07,4031.36,4004.96,BE,-0.2,S419 SELL Orochi BREAKOUT@VAL 7R,BREAKOUT@VAL val=4053.44 vah=4072.51 poc=4058.21 vwap=4065.04
2026-07-14T19:55:00+07:00,2026-07-14T20:00:00+07:00,SELL,4031.21,4032.88,4020.0,SL,-1.87,S419 SELL Orochi BREAKOUT@VAL 7R,BREAKOUT@VAL val=4053.10 vah=4073.35 poc=4059.55 vwap=4064.37
2026-07-14T20:10:00+07:00,2026-07-14T20:20:00+07:00,BUY,4025.92,4024.16,4038.8,BE,-0.2,S419 BUY Orochi BREAKOUT@VAH 7R,BREAKOUT@VAH val=3990.66 vah=4025.63 poc=3999.41 vwap=4015.74
2026-07-14T20:40:00+07:00,2026-07-14T20:50:00+07:00,BUY,4092.57,4079.47,4184.35,BE,-0.2,S419 BUY Orochi BREAKOUT@VAH 7R,BREAKOUT@VAH val=3990.66 vah=4025.63 poc=3999.41 vwap=4015.74
2026-07-14T20:55:00+07:00,2026-07-14T21:05:00+07:00,BUY,4076.27,4066.08,4147.92,BE,-0.2,S419 BUY Orochi BREAKOUT@VAH 7R,BREAKOUT@VAH val=3990.66 vah=4025.63 poc=3999.41 vwap=4015.74
2026-07-14T21:10:00+07:00,2026-07-14T21:20:00+07:00,BUY,4075.08,4067.66,4126.86,BE,-0.2,S419 BUY Orochi BREAKOUT@VAH 7R,BREAKOUT@VAH val=3990.66 vah=4025.63 poc=3999.41 vwap=4015.74
2026-07-14T21:25:00+07:00,2026-07-14T21:35:00+07:00,BUY,4081.6,4068.66,4172.02,BE,-0.2,S419 BUY Orochi BREAKOUT@VAH 7R,BREAKOUT@VAH val=3990.66 vah=4025.63 poc=3999.41 vwap=4015.74
2026-07-14T21:40:00+07:00,2026-07-14T21:50:00+07:00,BUY,4087.54,4074.86,4177.18,SL,-12.88,S419 BUY Orochi BREAKOUT@VAH 7R,BREAKOUT@VAH val=3990.66 vah=4025.63 poc=3999.41 vwap=4015.74
2026-07-14T21:55:00+07:00,2026-07-14T22:05:00+07:00,BUY,4076.73,4072.04,4109.64,BE,-0.2,S419 BUY Orochi BREAKOUT@VAH 7R,BREAKOUT@VAH val=3990.66 vah=4025.63 poc=3999.41 vwap=4015.74
2026-07-14T22:10:00+07:00,2026-07-14T22:25:00+07:00,BUY,4082.26,4070.56,4164.56,BE,-0.2,S419 BUY Orochi BREAKOUT@VAH 7R,BREAKOUT@VAH val=3990.66 vah=4025.63 poc=3999.41 vwap=4015.74
2026-07-14T22:30:00+07:00,2026-07-14T22:40:00+07:00,BUY,4080.19,4071.12,4143.76,BE,-0.2,S419 BUY Orochi BREAKOUT@VAH 7R,BREAKOUT@VAH val=3990.66 vah=4025.63 poc=3999.41 vwap=4015.74
2026-07-14T22:45:00+07:00,2026-07-14T23:00:00+07:00,BUY,4079.01,4076.53,4096.45,BE,-0.2,S419 BUY Orochi BREAKOUT@VAH 7R,BREAKOUT@VAH val=3990.66 vah=4025.63 poc=3999.41 vwap=4015.74
2026-07-14T23:10:00+07:00,2026-07-14T23:20:00+07:00,BUY,4090.17,4084.17,4132.33,BE,-0.2,S419 BUY Orochi BREAKOUT@VAH 7R,BREAKOUT@VAH val=3990.66 vah=4025.63 poc=3999.41 vwap=4015.74
2026-07-14T23:25:00+07:00,2026-07-14T23:35:00+07:00,BUY,4084.97,4080.48,4116.32,BE,-0.2,S419 BUY Orochi BREAKOUT@VAH 7R,BREAKOUT@VAH val=3990.66 vah=4025.63 poc=3999.41 vwap=4015.74
2026-07-14T23:40:00+07:00,2026-07-14T23:50:00+07:00,BUY,4074.01,4065.04,4137.68,BE,-0.2,S419 BUY Orochi BREAKOUT@VAH 7R,BREAKOUT@VAH val=3990.66 vah=4025.63 poc=3999.41 vwap=4015.74
2026-07-14T23:55:00+07:00,2026-07-15T00:00:00+07:00,BUY,4066.28,4062.87,4089.99,SL,-3.61,S419 BUY Orochi BREAKOUT@VAH 7R,BREAKOUT@VAH val=3990.66 vah=4025.63 poc=3999.41 vwap=4015.74
2026-07-15T00:05:00+07:00,2026-07-15T00:20:00+07:00,BUY,4060.47,4056.01,4091.61,BE,-0.2,S419 BUY Orochi BREAKOUT@VAH 7R,BREAKOUT@VAH val=3990.66 vah=4025.63 poc=3999.41 vwap=4015.74
2026-07-15T00:25:00+07:00,2026-07-15T00:35:00+07:00,BUY,4059.31,4056.41,4079.37,BE,-0.2,S419 BUY Orochi BREAKOUT@VAH 7R,BREAKOUT@VAH val=3990.66 vah=4025.63 poc=3999.41 vwap=4015.74
2026-07-15T00:40:00+07:00,2026-07-15T00:50:00+07:00,BUY,4060.94,4056.43,4092.91,BE,-0.2,S419 BUY Orochi BREAKOUT@VAH 7R,BREAKOUT@VAH val=3990.66 vah=4025.63 poc=3999.41 vwap=4015.74
2026-07-15T00:55:00+07:00,2026-07-15T01:05:00+07:00,BUY,4061.54,4057.4,4091.16,BE,-0.2,S419 BUY Orochi BREAKOUT@VAH 7R,BREAKOUT@VAH val=3990.66 vah=4025.63 poc=3999.41 vwap=4015.74
2026-07-15T01:10:00+07:00,2026-07-15T01:15:00+07:00,BUY,4056.65,4054.48,4072.4,SL,-2.37,S419 BUY Orochi BREAKOUT@VAH 7R,BREAKOUT@VAH val=3990.66 vah=4025.63 poc=3999.41 vwap=4015.74
2026-07-15T01:30:00+07:00,2026-07-15T01:40:00+07:00,BUY,4062.14,4059.18,4082.78,BE,-0.2,S419 BUY Orochi BREAKOUT@VAH 7R,BREAKOUT@VAH val=3990.66 vah=4025.63 poc=3999.41 vwap=4015.74
2026-07-15T01:45:00+07:00,2026-07-15T02:00:00+07:00,BUY,4061.73,4057.5,4091.42,BE,-0.2,S419 BUY Orochi BREAKOUT@VAH 7R,BREAKOUT@VAH val=3990.66 vah=4025.63 poc=3999.41 vwap=4015.74
2026-07-15T02:05:00+07:00,2026-07-15T02:20:00+07:00,BUY,4060.61,4058.86,4072.78,BE,-0.2,S419 BUY Orochi BREAKOUT@VAH 7R,BREAKOUT@VAH val=3990.66 vah=4025.63 poc=3999.41 vwap=4015.74
2026-07-15T02:25:00+07:00,2026-07-15T02:30:00+07:00,BUY,4058.49,4055.86,4077.38,SL,-2.83,S419 BUY Orochi BREAKOUT@VAH 7R,BREAKOUT@VAH val=3990.66 vah=4025.63 poc=3999.41 vwap=4015.74
2026-07-15T02:35:00+07:00,2026-07-15T02:40:00+07:00,BUY,4053.17,4051.48,4065.08,SL,-1.89,S419 BUY Orochi BREAKOUT@VAH 7R,BREAKOUT@VAH val=3990.66 vah=4025.63 poc=3999.41 vwap=4015.74
2026-07-15T03:00:00+07:00,2026-07-15T03:20:00+07:00,BUY,4053.07,4050.25,4072.97,BE,-0.2,S419 BUY Orochi BREAKOUT@VAH 7R,BREAKOUT@VAH val=3990.66 vah=4025.63 poc=3999.41 vwap=4015.74
2026-07-15T03:25:00+07:00,2026-07-15T03:30:00+07:00,BUY,4051.66,4050.27,4061.31,SL,-1.59,S419 BUY Orochi BREAKOUT@VAH 7R,BREAKOUT@VAH val=3990.66 vah=4025.63 poc=3999.41 vwap=4015.74
2026-07-15T03:35:00+07:00,2026-07-15T04:35:00+07:00,BUY,4051.08,4046.66,4082.42,BE,-0.2,S419 BUY Orochi BREAKOUT@VAH 7R,BREAKOUT@VAH val=3990.66 vah=4025.63 poc=3999.41 vwap=4015.74
2026-07-15T04:40:00+07:00,2026-07-15T04:50:00+07:00,BUY,4050.51,4049.14,4060.42,BE,-0.2,S419 BUY Orochi BREAKOUT@VAH 7R,BREAKOUT@VAH val=3990.66 vah=4025.63 poc=3999.41 vwap=4015.74
2026-07-15T04:55:00+07:00,2026-07-15T06:05:00+07:00,BUY,4052.0,4048.73,4079.61,BE,-0.2,S419 BUY Orochi BREAKOUT@VAH 7R,BREAKOUT@VAH val=3990.66 vah=4025.63 poc=3999.41 vwap=4015.74
2026-07-15T06:10:00+07:00,2026-07-15T06:20:00+07:00,BUY,4050.75,4048.56,4066.32,BE,-0.2,S419 BUY Orochi BREAKOUT@VAH 7R,BREAKOUT@VAH val=3990.66 vah=4025.63 poc=3999.41 vwap=4015.74
2026-07-15T06:25:00+07:00,2026-07-15T06:35:00+07:00,BUY,4051.53,4049.09,4069.57,BE,-0.2,S419 BUY Orochi BREAKOUT@VAH 7R,BREAKOUT@VAH val=3990.66 vah=4025.63 poc=3999.41 vwap=4015.74
2026-07-15T06:40:00+07:00,2026-07-15T06:45:00+07:00,BUY,4050.64,4048.53,4065.57,SL,-2.31,S419 BUY Orochi BREAKOUT@VAH 7R,BREAKOUT@VAH val=3990.66 vah=4025.63 poc=3999.41 vwap=4015.74
2026-07-15T06:50:00+07:00,2026-07-15T07:00:00+07:00,BUY,4049.45,4047.96,4060.12,BE,-0.2,S419 BUY Orochi BREAKOUT@VAH 7R,BREAKOUT@VAH val=3990.66 vah=4025.63 poc=3999.41 vwap=4015.74
2026-07-15T07:05:00+07:00,2026-07-15T07:10:00+07:00,BUY,4049.41,4047.91,4061.43,SL,-1.7,S419 BUY Orochi BREAKOUT@VAH 7R,BREAKOUT@VAH val=3990.66 vah=4025.63 poc=3999.41 vwap=4015.74
2026-07-15T07:15:00+07:00,2026-07-15T08:55:00+07:00,BUY,4048.05,4046.29,4060.05,TP,11.8,S419 BUY Orochi BREAKOUT@VAH 7R,BREAKOUT@VAH val=3990.66 vah=4025.63 poc=3999.41 vwap=4015.74
2026-07-15T09:00:00+07:00,2026-07-15T09:10:00+07:00,BUY,4058.22,4054.62,4082.94,BE,-0.2,S419 BUY Orochi BREAKOUT@VAH 7R,BREAKOUT@VAH val=3989.89 vah=4020.98 poc=3997.66 vwap=4011.31
2026-07-15T09:15:00+07:00,2026-07-15T09:20:00+07:00,BUY,4055.48,4052.78,4074.54,SL,-2.9,S419 BUY Orochi BREAKOUT@VAH 7R,BREAKOUT@VAH val=3991.58 vah=4020.57 poc=3998.17 vwap=4010.47
2026-07-15T09:25:00+07:00,2026-07-15T09:30:00+07:00,BUY,4054.4,4051.45,4075.53,SL,-3.15,S419 BUY Orochi BREAKOUT@VAH 7R,BREAKOUT@VAH val=3990.65 vah=4018.59 poc=3998.80 vwap=4010.04
2026-07-15T09:35:00+07:00,2026-07-15T09:40:00+07:00,BUY,4046.45,4044.55,4059.43,SL,-2.1,S419 BUY Orochi BREAKOUT@VAH 7R,BREAKOUT@VAH val=3989.98 vah=4019.41 poc=3999.44 vwap=4009.78
2026-07-15T09:45:00+07:00,2026-07-15T10:00:00+07:00,BUY,4041.59,4035.45,4084.33,SL,-6.34,S419 BUY Orochi BREAKOUT@VAH 7R,BREAKOUT@VAH val=3989.98 vah=4019.41 poc=3999.44 vwap=4009.64
2026-07-15T10:05:00+07:00,2026-07-15T10:15:00+07:00,BUY,4040.82,4032.67,4099.39,BE,-0.2,S419 BUY Orochi BREAKOUT@VAH 7R,BREAKOUT@VAH val=3989.98 vah=4019.41 poc=3999.44 vwap=4009.71
2026-07-15T10:20:00+07:00,2026-07-15T11:20:00+07:00,BUY,4031.75,4027.92,4058.32,BE,-0.2,S419 BUY Orochi BREAKOUT@VAH 7R,BREAKOUT@VAH val=3989.98 vah=4019.41 poc=3999.44 vwap=4009.67
2026-07-15T11:25:00+07:00,2026-07-15T11:30:00+07:00,BUY,4030.99,4029.17,4043.89,SL,-2.02,S419 BUY Orochi BREAKOUT@VAH 7R,BREAKOUT@VAH val=3989.98 vah=4019.41 poc=3999.44 vwap=4009.28
2026-07-15T11:35:00+07:00,2026-07-15T11:55:00+07:00,BUY,4032.55,4027.16,4070.84,BE,-0.2,S419 BUY Orochi BREAKOUT@VAH 7R,BREAKOUT@VAH val=3989.98 vah=4019.41 poc=3999.44 vwap=4009.24
2026-07-15T12:00:00+07:00,2026-07-15T12:15:00+07:00,BUY,4031.35,4029.77,4042.73,BE,-0.2,S419 BUY Orochi BREAKOUT@VAH 7R,BREAKOUT@VAH val=3987.88 vah=4019.41 poc=3999.44 vwap=4009.59
2026-07-15T12:20:00+07:00,2026-07-15T12:30:00+07:00,BUY,4033.17,4030.21,4053.97,BE,-0.2,S419 BUY Orochi BREAKOUT@VAH 7R,BREAKOUT@VAH val=3989.98 vah=4021.52 poc=3999.44 vwap=4010.03
2026-07-15T12:35:00+07:00,2026-07-15T12:40:00+07:00,BUY,4030.93,4029.82,4038.78,SL,-1.31,S419 BUY Orochi BREAKOUT@VAH 7R,BREAKOUT@VAH val=3989.98 vah=4021.52 poc=3999.44 vwap=4010.25
2026-07-15T12:45:00+07:00,2026-07-15T13:00:00+07:00,BUY,4031.58,4027.51,4060.15,BE,-0.2,S419 BUY Orochi BREAKOUT@VAH 7R,BREAKOUT@VAH val=3989.98 vah=4021.52 poc=3999.44 vwap=4010.39
2026-07-15T13:05:00+07:00,2026-07-15T13:10:00+07:00,BUY,4031.09,4028.57,4049.13,SL,-2.72,S419 BUY Orochi BREAKOUT@VAH 7R,BREAKOUT@VAH val=3989.98 vah=4021.52 poc=3999.44 vwap=4010.71
2026-07-15T13:15:00+07:00,2026-07-15T13:25:00+07:00,BUY,4027.67,4024.5,4050.42,BE,-0.2,S419 BUY Orochi BREAKOUT@VAH 7R,BREAKOUT@VAH val=3989.98 vah=4021.52 poc=3999.44 vwap=4010.92
2026-07-15T13:40:00+07:00,2026-07-15T13:55:00+07:00,BUY,4029.75,4026.17,4054.09,BE,-0.2,S419 BUY Orochi BREAKOUT@VAH 7R,BREAKOUT@VAH val=3992.08 vah=4021.52 poc=3999.44 vwap=4011.62
2026-07-15T14:00:00+07:00,2026-07-15T14:10:00+07:00,BUY,4031.2,4027.09,4060.61,BE,-0.2,S419 BUY Orochi BREAKOUT@VAH 7R,BREAKOUT@VAH val=3992.08 vah=4021.52 poc=3999.44 vwap=4012.02
2026-07-15T15:00:00+07:00,2026-07-15T15:10:00+07:00,BUY,4032.81,4028.27,4064.51,SL,-4.74,S419 BUY Orochi BREAKOUT@VAH 7R,BREAKOUT@VAH val=4002.59 vah=4032.03 poc=4018.36 vwap=4013.03
2026-07-15T17:05:00+07:00,2026-07-15T17:15:00+07:00,BUY,4032.57,4029.35,4054.87,BE,-0.2,S419 BUY Orochi BREAKOUT@VAH 7R,BREAKOUT@VAH val=4004.70 vah=4032.03 poc=4018.36 vwap=4014.07
2026-07-15T18:15:00+07:00,2026-07-15T18:25:00+07:00,BUY,4032.21,4028.88,4055.6,BE,-0.2,S419 BUY Orochi BREAKOUT@VAH 7R,BREAKOUT@VAH val=4011.00 vah=4032.03 poc=4018.36 vwap=4014.96
2026-07-15T19:25:00+07:00,2026-07-15T20:30:00+07:00,BUY,4030.79,4027.75,4051.83,TP,20.84,S419 BUY Orochi BREAKOUT@VAH 7R,BREAKOUT@VAH val=4013.48 vah=4028.97 poc=4016.06 vwap=4018.20
2026-07-15T21:05:00+07:00,2026-07-15T21:10:00+07:00,BUY,4069.53,4063.12,4114.64,SL,-6.61,S419 BUY Orochi BREAKOUT@VAH 7R,BREAKOUT@VAH val=4017.45 vah=4063.77 poc=4029.92 vwap=4052.25
2026-07-16T02:05:00+07:00,2026-07-16T02:15:00+07:00,BUY,4067.1,4060.49,4114.49,BE,-0.2,S419 BUY Orochi BREAKOUT@VAH 7R,BREAKOUT@VAH val=4017.45 vah=4063.77 poc=4029.92 vwap=4052.25
2026-07-16T02:20:00+07:00,2026-07-16T02:35:00+07:00,BUY,4070.83,4065.46,4108.5,BE,-0.2,S419 BUY Orochi BREAKOUT@VAH 7R,BREAKOUT@VAH val=4017.45 vah=4063.77 poc=4029.92 vwap=4052.25
2026-07-16T02:40:00+07:00,2026-07-16T02:45:00+07:00,BUY,4067.7,4066.44,4076.6,SL,-1.46,S419 BUY Orochi BREAKOUT@VAH 7R,BREAKOUT@VAH val=4017.45 vah=4063.77 poc=4029.92 vwap=4052.25
2026-07-16T20:50:00+07:00,2026-07-16T21:00:00+07:00,SELL,3996.02,4011.36,3889.36,BE,-0.2,S419 SELL Orochi BREAKOUT@VAL 7R,BREAKOUT@VAL val=4023.85 vah=4058.75 poc=4032.58 vwap=4044.72
2026-07-16T21:05:00+07:00,2026-07-16T21:15:00+07:00,SELL,3983.99,3999.41,3875.89,BE,-0.2,S419 SELL Orochi BREAKOUT@VAL 7R,BREAKOUT@VAL val=4023.85 vah=4058.75 poc=4032.58 vwap=4044.72
2026-07-16T21:20:00+07:00,2026-07-16T21:25:00+07:00,SELL,3999.04,4002.17,3977.69,SL,-3.33,S419 SELL Orochi BREAKOUT@VAL 7R,BREAKOUT@VAL val=4023.85 vah=4058.75 poc=4032.58 vwap=4044.72
2026-07-16T21:40:00+07:00,2026-07-16T21:50:00+07:00,SELL,3986.43,3996.53,3915.41,SL,-10.3,S419 SELL Orochi BREAKOUT@VAL 7R,BREAKOUT@VAL val=4023.85 vah=4058.75 poc=4032.58 vwap=4044.72
2026-07-16T21:55:00+07:00,2026-07-16T22:15:00+07:00,SELL,3990.12,3999.53,3924.97,BE,-0.2,S419 SELL Orochi BREAKOUT@VAL 7R,BREAKOUT@VAL val=4023.85 vah=4058.75 poc=4032.58 vwap=4044.72
2026-07-16T22:20:00+07:00,2026-07-16T22:25:00+07:00,SELL,3992.3,3999.41,3942.37,SL,-7.31,S419 SELL Orochi BREAKOUT@VAL 7R,BREAKOUT@VAL val=4023.85 vah=4058.75 poc=4032.58 vwap=4044.72
2026-07-16T22:30:00+07:00,2026-07-16T22:40:00+07:00,SELL,4002.66,4006.81,3973.85,BE,-0.2,S419 SELL Orochi BREAKOUT@VAL 7R,BREAKOUT@VAL val=4023.85 vah=4058.75 poc=4032.58 vwap=4044.72
2026-07-16T22:45:00+07:00,2026-07-16T23:20:00+07:00,SELL,3999.33,4008.48,3935.68,BE,-0.2,S419 SELL Orochi BREAKOUT@VAL 7R,BREAKOUT@VAL val=4023.85 vah=4058.75 poc=4032.58 vwap=4044.72
2026-07-16T23:25:00+07:00,2026-07-16T23:35:00+07:00,SELL,4011.24,4018.69,3960.21,BE,-0.2,S419 SELL Orochi BREAKOUT@VAL 7R,BREAKOUT@VAL val=4023.85 vah=4058.75 poc=4032.58 vwap=4044.72
2026-07-16T23:40:00+07:00,2026-07-16T23:50:00+07:00,SELL,4010.36,4018.03,3956.27,BE,-0.2,S419 SELL Orochi BREAKOUT@VAL 7R,BREAKOUT@VAL val=4023.85 vah=4058.75 poc=4032.58 vwap=4044.72
2026-07-16T23:55:00+07:00,2026-07-17T11:20:00+07:00,SELL,4006.96,4014.74,3952.42,BE,-0.2,S419 SELL Orochi BREAKOUT@VAL 7R,BREAKOUT@VAL val=4023.85 vah=4058.75 poc=4032.58 vwap=4044.72
2026-07-17T11:25:00+07:00,2026-07-17T14:15:00+07:00,SELL,4001.13,4010.14,3938.22,BE,-0.2,S419 SELL Orochi BREAKOUT@VAL 7R,BREAKOUT@VAL val=4023.85 vah=4048.78 poc=4032.58 vwap=4040.85
2026-07-17T14:20:00+07:00,2026-07-17T14:30:00+07:00,SELL,4003.68,4007.35,3978.07,BE,-0.2,S419 SELL Orochi BREAKOUT@VAL 7R,BREAKOUT@VAL val=4023.17 vah=4041.31 poc=4031.34 vwap=4038.35
2026-07-17T14:35:00+07:00,2026-07-17T14:45:00+07:00,SELL,3999.76,4008.59,3938.11,BE,-0.2,S419 SELL Orochi BREAKOUT@VAL 7R,BREAKOUT@VAL val=4023.17 vah=4041.31 poc=4031.34 vwap=4038.00
2026-07-17T14:50:00+07:00,2026-07-17T14:55:00+07:00,SELL,3997.35,4001.4,3968.6,SL,-4.25,S419 SELL Orochi BREAKOUT@VAL 7R,BREAKOUT@VAL val=4023.17 vah=4041.31 poc=4031.34 vwap=4037.69
2026-07-17T15:00:00+07:00,2026-07-17T17:20:00+07:00,SELL,4001.04,4003.84,3981.6,BE,-0.2,S419 SELL Orochi BREAKOUT@VAL 7R,BREAKOUT@VAL val=4023.17 vah=4039.50 poc=4031.34 vwap=4037.52
2026-07-17T17:25:00+07:00,2026-07-17T17:40:00+07:00,SELL,3999.02,4003.58,3967.18,BE,-0.2,S419 SELL Orochi BREAKOUT@VAL 7R,BREAKOUT@VAL val=4024.71 vah=4038.13 poc=4032.26 vwap=4035.57
2026-07-17T17:45:00+07:00,2026-07-17T17:55:00+07:00,SELL,3995.48,4000.18,3962.74,BE,-0.2,S419 SELL Orochi BREAKOUT@VAL 7R,BREAKOUT@VAL val=4024.69 vah=4036.33 poc=4032.17 vwap=4035.27
2026-07-17T18:00:00+07:00,2026-07-17T18:10:00+07:00,SELL,3996.09,3999.52,3972.24,BE,-0.2,S419 SELL Orochi BREAKOUT@VAL 7R,BREAKOUT@VAL val=4024.69 vah=4036.33 poc=4032.17 vwap=4035.06
2026-07-17T18:15:00+07:00,2026-07-17T18:45:00+07:00,SELL,3994.61,3999.36,3962.56,BE,-0.2,S419 SELL Orochi BREAKOUT@VAL 7R,BREAKOUT@VAL val=4024.69 vah=4036.33 poc=4032.17 vwap=4034.69
2026-07-17T18:50:00+07:00,2026-07-17T19:00:00+07:00,SELL,3993.46,3998.02,3961.38,BE,-0.2,S419 SELL Orochi BREAKOUT@VAL 7R,BREAKOUT@VAL val=4026.35 vah=4036.33 poc=4032.17 vwap=4033.51
2026-07-17T19:05:00+07:00,2026-07-17T19:15:00+07:00,SELL,3991.47,3995.05,3966.49,BE,-0.2,S419 SELL Orochi BREAKOUT@VAL 7R,BREAKOUT@VAL val=4026.31 vah=4036.21 poc=4032.09 vwap=4032.98
2026-07-17T19:20:00+07:00,2026-07-17T19:30:00+07:00,SELL,3993.66,3996.86,3971.58,BE,-0.2,S419 SELL Orochi BREAKOUT@VAL 7R,BREAKOUT@VAL val=4025.99 vah=4035.25 poc=4032.36 vwap=4032.37
2026-07-17T19:35:00+07:00,2026-07-17T19:45:00+07:00,SELL,3993.47,3997.23,3967.07,BE,-0.2,S419 SELL Orochi BREAKOUT@VAL 7R,BREAKOUT@VAL val=4026.50 vah=4035.74 poc=4032.14 vwap=4031.90
2026-07-17T19:50:00+07:00,2026-07-17T20:00:00+07:00,SELL,3998.7,3999.64,3992.04,TP,6.46,S419 SELL Orochi BREAKOUT@VAL 7R,BREAKOUT@VAL val=4026.50 vah=4034.71 poc=4032.14 vwap=4031.67
2026-07-17T20:50:00+07:00,2026-07-17T21:00:00+07:00,SELL,3969.07,3974.61,3929.25,BE,-0.2,S419 SELL Orochi BREAKOUT@VAL 7R,BREAKOUT@VAL val=3978.56 vah=4000.17 poc=3995.54 vwap=3991.80
2026-07-17T21:05:00+07:00,2026-07-17T21:15:00+07:00,SELL,3969.35,3977.59,3911.91,BE,-0.2,S419 SELL Orochi BREAKOUT@VAL 7R,BREAKOUT@VAL val=3978.56 vah=4000.17 poc=3995.54 vwap=3991.80
2026-07-17T21:20:00+07:00,2026-07-17T21:30:00+07:00,SELL,3969.8,3976.9,3918.5,BE,-0.2,S419 SELL Orochi BREAKOUT@VAL 7R,BREAKOUT@VAL val=3978.56 vah=4000.17 poc=3995.54 vwap=3991.80
2026-07-17T23:05:00+07:00,2026-07-17T23:15:00+07:00,BUY,4008.36,3995.94,4095.38,BE,-0.2,S419 BUY Orochi BREAKOUT@VAH 7R,BREAKOUT@VAH val=3978.56 vah=4000.17 poc=3995.54 vwap=3991.80
