2026-09-17 17:30:47,715 INFO httpx: HTTP Request: POST https://api.telegram.org/bot8700368282:AAGR_rmMfYeVtzIKkOQMXQrTWzmbbEs9MFQ/getUpdates "HTTP/1.1 200 OK"
2026-09-17 17:30:50,009 INFO apscheduler.executors.default: Running job "main.<locals>.run_lts_aus_fast_scan (trigger: interval[0:00:05], next run at: 2026-09-17 17:30:54 +07)" (scheduled at 2026-09-17 17:30:49.999412+07:00)
2026-09-17 17:30:50,010 INFO apscheduler.executors.default: Job "main.<locals>.run_lts_aus_fast_scan (trigger: interval[0:00:05], next run at: 2026-09-17 17:30:54 +07)" executed successfully
2026-09-17 17:30:50,011 INFO apscheduler.executors.default: Running job "main.<locals>.run_position_check (trigger: interval[0:00:05], next run at: 2026-09-17 17:30:54 +07)" (scheduled at 2026-09-17 17:30:49.999412+07:00)
2026-09-17 17:30:50,016 INFO apscheduler.executors.default: Job "main.<locals>.run_position_check (trigger: interval[0:00:05], next run at: 2026-09-17 17:30:54 +07)" executed successfully
2026-09-17 17:30:50,016 INFO apscheduler.executors.default: Running job "main.<locals>.save_bot_state_job (trigger: interval[0:00:15], next run at: 2026-09-17 17:31:04 +07)" (scheduled at 2026-09-17 17:30:49.999412+07:00)
2026-09-17 17:30:50,019 INFO apscheduler.executors.default: Job "main.<locals>.save_bot_state_job (trigger: interval[0:00:15], next run at: 2026-09-17 17:31:04 +07)" executed successfully
2026-09-17 17:30:50,023 INFO apscheduler.executors.default: Running job "main.<locals>.run_trail_sl (trigger: interval[0:00:05], next run at: 2026-09-17 17:30:54 +07)" (scheduled at 2026-09-17 17:30:49.999412+07:00)
2026-09-17 17:30:50,023 INFO apscheduler.executors.default: Job "main.<locals>.run_trail_sl (trigger: interval[0:00:05], next run at: 2026-09-17 17:30:54 +07)" executed successfully
2026-09-17 17:30:51,005 INFO apscheduler.executors.default: Running job "main.<locals>.run_scan (trigger: cron[second='1,6,11,16,21,26,31,36,41,46,51,56'], next run at: 2026-09-17 17:30:56 +07)" (scheduled at 2026-09-17 17:30:51+07:00)
2026-09-17 17:30:51,005 INFO apscheduler.executors.default: Job "main.<locals>.run_scan (trigger: cron[second='1,6,11,16,21,26,31,36,41,46,51,56'], next run at: 2026-09-17 17:30:56 +07)" executed successfully
2026-09-17 17:30:55,002 INFO apscheduler.executors.default: Running job "main.<locals>.run_lts_aus_fast_scan (trigger: interval[0:00:05], next run at: 2026-09-17 17:30:59 +07)" (scheduled at 2026-09-17 17:30:54.999412+07:00)
2026-09-17 17:30:55,002 INFO apscheduler.executors.default: Job "main.<locals>.run_lts_aus_fast_scan (trigger: interval[0:00:05], next run at: 2026-09-17 17:30:59 +07)" executed successfully
2026-09-17 17:30:55,004 INFO apscheduler.executors.default: Running job "main.<locals>.run_position_check (trigger: interval[0:00:05], next run at: 2026-09-17 17:30:59 +07)" (scheduled at 2026-09-17 17:30:54.999412+07:00)
2026-09-17 17:30:55,017 INFO apscheduler.executors.default: Job "main.<locals>.run_position_check (trigger: interval[0:00:05], next run at: 2026-09-17 17:30:59 +07)" executed successfully
2026-09-17 17:30:55,018 INFO apscheduler.executors.default: Running job "main.<locals>.run_trail_sl (trigger: interval[0:00:05], next run at: 2026-09-17 17:30:59 +07)" (scheduled at 2026-09-17 17:30:54.999412+07:00)
2026-09-17 17:30:55,020 INFO apscheduler.executors.default: Job "main.<locals>.run_trail_sl (trigger: interval[0:00:05], next run at: 2026-09-17 17:30:59 +07)" executed successfully
2026-09-17 17:30:56,007 INFO apscheduler.executors.default: Running job "main.<locals>.run_scan (trigger: cron[second='1,6,11,16,21,26,31,36,41,46,51,56'], next run at: 2026-09-17 17:31:01 +07)" (scheduled at 2026-09-17 17:30:56+07:00)
2026-09-17 17:30:56,008 INFO apscheduler.executors.default: Job "main.<locals>.run_scan (trigger: cron[second='1,6,11,16,21,26,31,36,41,46,51,56'], next run at: 2026-09-17 17:31:01 +07)" executed successfully
2026-09-17 17:30:57,911 INFO httpx: HTTP Request: POST https://api.telegram.org/bot8700368282:AAGR_rmMfYeVtzIKkOQMXQrTWzmbbEs9MFQ/getUpdates "HTTP/1.1 200 OK"
2026-09-17 17:31:00,014 INFO apscheduler.executors.default: Running job "main.<locals>.run_lts_aus_fast_scan (trigger: interval[0:00:05], next run at: 2026-09-17 17:31:04 +07)" (scheduled at 2026-09-17 17:30:59.999412+07:00)
2026-09-17 17:31:00,015 INFO apscheduler.executors.default: Job "main.<locals>.run_lts_aus_fast_scan (trigger: interval[0:00:05], next run at: 2026-09-17 17:31:04 +07)" executed successfully
2026-09-17 17:31:00,015 INFO apscheduler.executors.default: Running job "main.<locals>.run_position_check (trigger: interval[0:00:05], next run at: 2026-09-17 17:31:04 +07)" (scheduled at 2026-09-17 17:30:59.999412+07:00)
2026-09-17 17:31:00,022 INFO apscheduler.executors.default: Job "main.<locals>.run_position_check (trigger: interval[0:00:05], next run at: 2026-09-17 17:31:04 +07)" executed successfully
2026-09-17 17:31:00,023 INFO apscheduler.executors.default: Running job "main.<locals>.run_trail_sl (trigger: interval[0:00:05], next run at: 2026-09-17 17:31:04 +07)" (scheduled at 2026-09-17 17:30:59.999412+07:00)
2026-09-17 17:31:00,023 INFO apscheduler.executors.default: Job "main.<locals>.run_trail_sl (trigger: interval[0:00:05], next run at: 2026-09-17 17:31:04 +07)" executed successfully
2026-09-17 17:31:01,015 INFO apscheduler.executors.default: Running job "main.<locals>.run_scan (trigger: cron[second='1,6,11,16,21,26,31,36,41,46,51,56'], next run at: 2026-09-17 17:31:06 +07)" (scheduled at 2026-09-17 17:31:01+07:00)
2026-09-17 17:31:01,015 INFO apscheduler.executors.default: Job "main.<locals>.run_scan (trigger: cron[second='1,6,11,16,21,26,31,36,41,46,51,56'], next run at: 2026-09-17 17:31:06 +07)" executed successfully
2026-09-17 17:31:01,016 INFO apscheduler.executors.default: Running job "main.<locals>.write_heartbeat_job (trigger: interval[0:00:15], next run at: 2026-09-17 17:31:16 +07)" (scheduled at 2026-09-17 17:31:01.000927+07:00)
2026-09-17 17:31:01,019 INFO apscheduler.executors.default: Job "main.<locals>.write_heartbeat_job (trigger: interval[0:00:15], next run at: 2026-09-17 17:31:16 +07)" executed successfully
2026-09-17 17:31:05,009 INFO apscheduler.executors.default: Running job "main.<locals>.check_symbol_switch (trigger: interval[0:01:00], next run at: 2026-09-17 17:32:04 +07)" (scheduled at 2026-09-17 17:31:04.997660+07:00)
2026-09-17 17:31:05,014 INFO apscheduler.executors.default: Job "main.<locals>.check_symbol_switch (trigger: interval[0:01:00], next run at: 2026-09-17 17:32:04 +07)" executed successfully
2026-09-17 17:31:05,014 INFO apscheduler.executors.default: Running job "main.<locals>.run_lts_aus_fast_scan (trigger: interval[0:00:05], next run at: 2026-09-17 17:31:09 +07)" (scheduled at 2026-09-17 17:31:04.999412+07:00)
2026-09-17 17:31:05,016 INFO apscheduler.executors.default: Job "main.<locals>.run_lts_aus_fast_scan (trigger: interval[0:00:05], next run at: 2026-09-17 17:31:09 +07)" executed successfully
2026-09-17 17:31:05,016 INFO apscheduler.executors.default: Running job "main.<locals>.run_position_check (trigger: interval[0:00:05], next run at: 2026-09-17 17:31:09 +07)" (scheduled at 2026-09-17 17:31:04.999412+07:00)
2026-09-17 17:31:05,021 INFO apscheduler.executors.default: Job "main.<locals>.run_position_check (trigger: interval[0:00:05], next run at: 2026-09-17 17:31:09 +07)" executed successfully
2026-09-17 17:31:05,023 INFO apscheduler.executors.default: Running job "main.<locals>.save_bot_state_job (trigger: interval[0:00:15], next run at: 2026-09-17 17:31:19 +07)" (scheduled at 2026-09-17 17:31:04.999412+07:00)
2026-09-17 17:31:05,024 INFO apscheduler.executors.default: Job "main.<locals>.save_bot_state_job (trigger: interval[0:00:15], next run at: 2026-09-17 17:31:19 +07)" executed successfully
2026-09-17 17:31:05,026 INFO apscheduler.executors.default: Running job "main.<locals>.run_trail_sl (trigger: interval[0:00:05], next run at: 2026-09-17 17:31:09 +07)" (scheduled at 2026-09-17 17:31:04.999412+07:00)
2026-09-17 17:31:05,026 INFO apscheduler.executors.default: Job "main.<locals>.run_trail_sl (trigger: interval[0:00:05], next run at: 2026-09-17 17:31:09 +07)" executed successfully
2026-09-17 17:31:05,027 INFO apscheduler.executors.default: Running job "main.<locals>.run_watchdog (trigger: interval[0:01:00], next run at: 2026-09-17 17:32:05 +07)" (scheduled at 2026-09-17 17:31:05.000927+07:00)
2026-09-17 17:31:05,031 INFO apscheduler.executors.default: Job "main.<locals>.run_watchdog (trigger: interval[0:01:00], next run at: 2026-09-17 17:32:05 +07)" executed successfully
2026-09-17 17:31:06,018 INFO apscheduler.executors.default: Running job "main.<locals>.run_scan (trigger: cron[second='1,6,11,16,21,26,31,36,41,46,51,56'], next run at: 2026-09-17 17:31:11 +07)" (scheduled at 2026-09-17 17:31:06+07:00)
2026-09-17 17:31:06,018 INFO apscheduler.executors.default: Job "main.<locals>.run_scan (trigger: cron[second='1,6,11,16,21,26,31,36,41,46,51,56'], next run at: 2026-09-17 17:31:11 +07)" executed successfully
2026-09-17 17:31:08,106 INFO httpx: HTTP Request: POST https://api.telegram.org/bot8700368282:AAGR_rmMfYeVtzIKkOQMXQrTWzmbbEs9MFQ/getUpdates "HTTP/1.1 200 OK"
2026-09-17 17:31:10,019 INFO apscheduler.executors.default: Running job "main.<locals>.run_lts_aus_fast_scan (trigger: interval[0:00:05], next run at: 2026-09-17 17:31:14 +07)" (scheduled at 2026-09-17 17:31:09.999412+07:00)
2026-09-17 17:31:10,020 INFO apscheduler.executors.default: Job "main.<locals>.run_lts_aus_fast_scan (trigger: interval[0:00:05], next run at: 2026-09-17 17:31:14 +07)" executed successfully
2026-09-17 17:31:10,020 INFO apscheduler.executors.default: Running job "main.<locals>.run_position_check (trigger: interval[0:00:05], next run at: 2026-09-17 17:31:14 +07)" (scheduled at 2026-09-17 17:31:09.999412+07:00)
2026-09-17 17:31:10,025 INFO apscheduler.executors.default: Job "main.<locals>.run_position_check (trigger: interval[0:00:05], next run at: 2026-09-17 17:31:14 +07)" executed successfully
2026-09-17 17:31:10,025 INFO apscheduler.executors.default: Running job "main.<locals>.run_trail_sl (trigger: interval[0:00:05], next run at: 2026-09-17 17:31:14 +07)" (scheduled at 2026-09-17 17:31:09.999412+07:00)
2026-09-17 17:31:10,025 INFO apscheduler.executors.default: Job "main.<locals>.run_trail_sl (trigger: interval[0:00:05], next run at: 2026-09-17 17:31:14 +07)" executed successfully
2026-09-17 17:31:11,015 INFO apscheduler.executors.default: Running job "main.<locals>.run_scan (trigger: cron[second='1,6,11,16,21,26,31,36,41,46,51,56'], next run at: 2026-09-17 17:31:16 +07)" (scheduled at 2026-09-17 17:31:11+07:00)
2026-09-17 17:31:11,015 INFO apscheduler.executors.default: Job "main.<locals>.run_scan (trigger: cron[second='1,6,11,16,21,26,31,36,41,46,51,56'], next run at: 2026-09-17 17:31:16 +07)" executed successfully
2026-09-17 17:31:15,015 INFO apscheduler.executors.default: Running job "main.<locals>.run_lts_aus_fast_scan (trigger: interval[0:00:05], next run at: 2026-09-17 17:31:19 +07)" (scheduled at 2026-09-17 17:31:14.999412+07:00)
2026-09-17 17:31:15,015 INFO apscheduler.executors.default: Job "main.<locals>.run_lts_aus_fast_scan (trigger: interval[0:00:05], next run at: 2026-09-17 17:31:19 +07)" executed successfully
2026-09-17 17:31:15,016 INFO apscheduler.executors.default: Running job "main.<locals>.run_position_check (trigger: interval[0:00:05], next run at: 2026-09-17 17:31:19 +07)" (scheduled at 2026-09-17 17:31:14.999412+07:00)
2026-09-17 17:31:15,019 INFO apscheduler.executors.default: Job "main.<locals>.run_position_check (trigger: interval[0:00:05], next run at: 2026-09-17 17:31:19 +07)" executed successfully
2026-09-17 17:31:15,021 INFO apscheduler.executors.default: Running job "main.<locals>.run_trail_sl (trigger: interval[0:00:05], next run at: 2026-09-17 17:31:19 +07)" (scheduled at 2026-09-17 17:31:14.999412+07:00)
2026-09-17 17:31:15,021 INFO apscheduler.executors.default: Job "main.<locals>.run_trail_sl (trigger: interval[0:00:05], next run at: 2026-09-17 17:31:19 +07)" executed successfully
2026-09-17 17:31:16,004 INFO apscheduler.executors.default: Running job "main.<locals>.run_scan (trigger: cron[second='1,6,11,16,21,26,31,36,41,46,51,56'], next run at: 2026-09-17 17:31:21 +07)" (scheduled at 2026-09-17 17:31:16+07:00)
2026-09-17 17:31:16,005 INFO apscheduler.executors.default: Job "main.<locals>.run_scan (trigger: cron[second='1,6,11,16,21,26,31,36,41,46,51,56'], next run at: 2026-09-17 17:31:21 +07)" executed successfully
2026-09-17 17:31:16,005 INFO apscheduler.executors.default: Running job "main.<locals>.write_heartbeat_job (trigger: interval[0:00:15], next run at: 2026-09-17 17:31:31 +07)" (scheduled at 2026-09-17 17:31:16.000927+07:00)
2026-09-17 17:31:16,008 INFO apscheduler.executors.default: Job "main.<locals>.write_heartbeat_job (trigger: interval[0:00:15], next run at: 2026-09-17 17:31:31 +07)" executed successfully
2026-09-17 17:31:18,302 INFO httpx: HTTP Request: POST https://api.telegram.org/bot8700368282:AAGR_rmMfYeVtzIKkOQMXQrTWzmbbEs9MFQ/getUpdates "HTTP/1.1 200 OK"
2026-09-17 17:31:20,016 INFO apscheduler.executors.default: Running job "main.<locals>.run_lts_aus_fast_scan (trigger: interval[0:00:05], next run at: 2026-09-17 17:31:24 +07)" (scheduled at 2026-09-17 17:31:19.999412+07:00)
2026-09-17 17:31:20,017 INFO apscheduler.executors.default: Job "main.<locals>.run_lts_aus_fast_scan (trigger: interval[0:00:05], next run at: 2026-09-17 17:31:24 +07)" executed successfully
2026-09-17 17:31:20,019 INFO apscheduler.executors.default: Running job "main.<locals>.run_position_check (trigger: interval[0:00:05], next run at: 2026-09-17 17:31:24 +07)" (scheduled at 2026-09-17 17:31:19.999412+07:00)
2026-09-17 17:31:20,023 INFO apscheduler.executors.default: Job "main.<locals>.run_position_check (trigger: interval[0:00:05], next run at: 2026-09-17 17:31:24 +07)" executed successfully
2026-09-17 17:31:20,023 INFO apscheduler.executors.default: Running job "main.<locals>.save_bot_state_job (trigger: interval[0:00:15], next run at: 2026-09-17 17:31:34 +07)" (scheduled at 2026-09-17 17:31:19.999412+07:00)
2026-09-17 17:31:20,025 INFO apscheduler.executors.default: Job "main.<locals>.save_bot_state_job (trigger: interval[0:00:15], next run at: 2026-09-17 17:31:34 +07)" executed successfully
2026-09-17 17:31:20,027 INFO apscheduler.executors.default: Running job "main.<locals>.run_trail_sl (trigger: interval[0:00:05], next run at: 2026-09-17 17:31:24 +07)" (scheduled at 2026-09-17 17:31:19.999412+07:00)
2026-09-17 17:31:20,027 INFO apscheduler.executors.default: Job "main.<locals>.run_trail_sl (trigger: interval[0:00:05], next run at: 2026-09-17 17:31:24 +07)" executed successfully
2026-09-17 17:31:21,012 INFO apscheduler.executors.default: Running job "main.<locals>.run_scan (trigger: cron[second='1,6,11,16,21,26,31,36,41,46,51,56'], next run at: 2026-09-17 17:31:26 +07)" (scheduled at 2026-09-17 17:31:21+07:00)
2026-09-17 17:31:21,012 INFO apscheduler.executors.default: Job "main.<locals>.run_scan (trigger: cron[second='1,6,11,16,21,26,31,36,41,46,51,56'], next run at: 2026-09-17 17:31:26 +07)" executed successfully
2026-09-17 17:31:25,007 INFO apscheduler.executors.default: Running job "main.<locals>.run_lts_aus_fast_scan (trigger: interval[0:00:05], next run at: 2026-09-17 17:31:29 +07)" (scheduled at 2026-09-17 17:31:24.999412+07:00)
2026-09-17 17:31:25,007 INFO apscheduler.executors.default: Job "main.<locals>.run_lts_aus_fast_scan (trigger: interval[0:00:05], next run at: 2026-09-17 17:31:29 +07)" executed successfully
2026-09-17 17:31:25,007 INFO apscheduler.executors.default: Running job "main.<locals>.run_position_check (trigger: interval[0:00:05], next run at: 2026-09-17 17:31:29 +07)" (scheduled at 2026-09-17 17:31:24.999412+07:00)
2026-09-17 17:31:25,011 INFO apscheduler.executors.default: Job "main.<locals>.run_position_check (trigger: interval[0:00:05], next run at: 2026-09-17 17:31:29 +07)" executed successfully
2026-09-17 17:31:25,011 INFO apscheduler.executors.default: Running job "main.<locals>.run_trail_sl (trigger: interval[0:00:05], next run at: 2026-09-17 17:31:29 +07)" (scheduled at 2026-09-17 17:31:24.999412+07:00)
2026-09-17 17:31:25,011 INFO apscheduler.executors.default: Job "main.<locals>.run_trail_sl (trigger: interval[0:00:05], next run at: 2026-09-17 17:31:29 +07)" executed successfully
2026-09-17 17:31:26,015 INFO apscheduler.executors.default: Running job "main.<locals>.run_scan (trigger: cron[second='1,6,11,16,21,26,31,36,41,46,51,56'], next run at: 2026-09-17 17:31:31 +07)" (scheduled at 2026-09-17 17:31:26+07:00)
2026-09-17 17:31:26,016 INFO apscheduler.executors.default: Job "main.<locals>.run_scan (trigger: cron[second='1,6,11,16,21,26,31,36,41,46,51,56'], next run at: 2026-09-17 17:31:31 +07)" executed successfully
2026-09-17 17:31:28,495 INFO httpx: HTTP Request: POST https://api.telegram.org/bot8700368282:AAGR_rmMfYeVtzIKkOQMXQrTWzmbbEs9MFQ/getUpdates "HTTP/1.1 200 OK"
2026-09-17 17:31:30,008 INFO apscheduler.executors.default: Running job "main.<locals>.run_lts_aus_fast_scan (trigger: interval[0:00:05], next run at: 2026-09-17 17:31:34 +07)" (scheduled at 2026-09-17 17:31:29.999412+07:00)
2026-09-17 17:31:30,009 INFO apscheduler.executors.default: Job "main.<locals>.run_lts_aus_fast_scan (trigger: interval[0:00:05], next run at: 2026-09-17 17:31:34 +07)" executed successfully
2026-09-17 17:31:30,009 INFO apscheduler.executors.default: Running job "main.<locals>.run_position_check (trigger: interval[0:00:05], next run at: 2026-09-17 17:31:34 +07)" (scheduled at 2026-09-17 17:31:29.999412+07:00)
2026-09-17 17:31:30,012 INFO apscheduler.executors.default: Job "main.<locals>.run_position_check (trigger: interval[0:00:05], next run at: 2026-09-17 17:31:34 +07)" executed successfully
2026-09-17 17:31:30,012 INFO apscheduler.executors.default: Running job "main.<locals>.run_trail_sl (trigger: interval[0:00:05], next run at: 2026-09-17 17:31:34 +07)" (scheduled at 2026-09-17 17:31:29.999412+07:00)
2026-09-17 17:31:30,013 INFO apscheduler.executors.default: Job "main.<locals>.run_trail_sl (trigger: interval[0:00:05], next run at: 2026-09-17 17:31:34 +07)" executed successfully
2026-09-17 17:31:31,012 INFO apscheduler.executors.default: Running job "main.<locals>.run_scan (trigger: cron[second='1,6,11,16,21,26,31,36,41,46,51,56'], next run at: 2026-09-17 17:31:36 +07)" (scheduled at 2026-09-17 17:31:31+07:00)
2026-09-17 17:31:31,012 INFO apscheduler.executors.default: Job "main.<locals>.run_scan (trigger: cron[second='1,6,11,16,21,26,31,36,41,46,51,56'], next run at: 2026-09-17 17:31:36 +07)" executed successfully
2026-09-17 17:31:31,012 INFO apscheduler.executors.default: Running job "main.<locals>.write_heartbeat_job (trigger: interval[0:00:15], next run at: 2026-09-17 17:31:46 +07)" (scheduled at 2026-09-17 17:31:31.000927+07:00)
2026-09-17 17:31:31,015 INFO apscheduler.executors.default: Job "main.<locals>.write_heartbeat_job (trigger: interval[0:00:15], next run at: 2026-09-17 17:31:46 +07)" executed successfully
2026-09-17 17:31:35,005 INFO apscheduler.executors.default: Running job "main.<locals>.run_lts_aus_fast_scan (trigger: interval[0:00:05], next run at: 2026-09-17 17:31:39 +07)" (scheduled at 2026-09-17 17:31:34.999412+07:00)
2026-09-17 17:31:35,006 INFO apscheduler.executors.default: Job "main.<locals>.run_lts_aus_fast_scan (trigger: interval[0:00:05], next run at: 2026-09-17 17:31:39 +07)" executed successfully
2026-09-17 17:31:35,006 INFO apscheduler.executors.default: Running job "main.<locals>.run_position_check (trigger: interval[0:00:05], next run at: 2026-09-17 17:31:39 +07)" (scheduled at 2026-09-17 17:31:34.999412+07:00)
2026-09-17 17:31:35,010 INFO apscheduler.executors.default: Job "main.<locals>.run_position_check (trigger: interval[0:00:05], next run at: 2026-09-17 17:31:39 +07)" executed successfully
2026-09-17 17:31:35,010 INFO apscheduler.executors.default: Running job "main.<locals>.save_bot_state_job (trigger: interval[0:00:15], next run at: 2026-09-17 17:31:49 +07)" (scheduled at 2026-09-17 17:31:34.999412+07:00)
2026-09-17 17:31:35,012 INFO apscheduler.executors.default: Job "main.<locals>.save_bot_state_job (trigger: interval[0:00:15], next run at: 2026-09-17 17:31:49 +07)" executed successfully
2026-09-17 17:31:35,013 INFO apscheduler.executors.default: Running job "main.<locals>.run_trail_sl (trigger: interval[0:00:05], next run at: 2026-09-17 17:31:39 +07)" (scheduled at 2026-09-17 17:31:34.999412+07:00)
2026-09-17 17:31:35,013 INFO apscheduler.executors.default: Job "main.<locals>.run_trail_sl (trigger: interval[0:00:05], next run at: 2026-09-17 17:31:39 +07)" executed successfully
2026-09-17 17:31:36,013 INFO apscheduler.executors.default: Running job "main.<locals>.run_scan (trigger: cron[second='1,6,11,16,21,26,31,36,41,46,51,56'], next run at: 2026-09-17 17:31:41 +07)" (scheduled at 2026-09-17 17:31:36+07:00)
2026-09-17 17:31:36,015 INFO apscheduler.executors.default: Job "main.<locals>.run_scan (trigger: cron[second='1,6,11,16,21,26,31,36,41,46,51,56'], next run at: 2026-09-17 17:31:41 +07)" executed successfully
2026-09-17 17:31:38,686 INFO httpx: HTTP Request: POST https://api.telegram.org/bot8700368282:AAGR_rmMfYeVtzIKkOQMXQrTWzmbbEs9MFQ/getUpdates "HTTP/1.1 200 OK"
2026-09-17 17:31:40,003 INFO apscheduler.executors.default: Running job "main.<locals>.run_lts_aus_fast_scan (trigger: interval[0:00:05], next run at: 2026-09-17 17:31:44 +07)" (scheduled at 2026-09-17 17:31:39.999412+07:00)
2026-09-17 17:31:40,003 INFO apscheduler.executors.default: Job "main.<locals>.run_lts_aus_fast_scan (trigger: interval[0:00:05], next run at: 2026-09-17 17:31:44 +07)" executed successfully
2026-09-17 17:31:40,004 INFO apscheduler.executors.default: Running job "main.<locals>.run_position_check (trigger: interval[0:00:05], next run at: 2026-09-17 17:31:44 +07)" (scheduled at 2026-09-17 17:31:39.999412+07:00)
2026-09-17 17:31:40,009 INFO apscheduler.executors.default: Job "main.<locals>.run_position_check (trigger: interval[0:00:05], next run at: 2026-09-17 17:31:44 +07)" executed successfully
2026-09-17 17:31:40,009 INFO apscheduler.executors.default: Running job "main.<locals>.run_trail_sl (trigger: interval[0:00:05], next run at: 2026-09-17 17:31:44 +07)" (scheduled at 2026-09-17 17:31:39.999412+07:00)
2026-09-17 17:31:40,009 INFO apscheduler.executors.default: Job "main.<locals>.run_trail_sl (trigger: interval[0:00:05], next run at: 2026-09-17 17:31:44 +07)" executed successfully
2026-09-17 17:31:41,012 INFO apscheduler.executors.default: Running job "main.<locals>.run_scan (trigger: cron[second='1,6,11,16,21,26,31,36,41,46,51,56'], next run at: 2026-09-17 17:31:46 +07)" (scheduled at 2026-09-17 17:31:41+07:00)
2026-09-17 17:31:41,013 INFO apscheduler.executors.default: Job "main.<locals>.run_scan (trigger: cron[second='1,6,11,16,21,26,31,36,41,46,51,56'], next run at: 2026-09-17 17:31:46 +07)" executed successfully
2026-09-17 17:31:45,012 INFO apscheduler.executors.default: Running job "main.<locals>.run_lts_aus_fast_scan (trigger: interval[0:00:05], next run at: 2026-09-17 17:31:49 +07)" (scheduled at 2026-09-17 17:31:44.999412+07:00)
2026-09-17 17:31:45,012 INFO apscheduler.executors.default: Job "main.<locals>.run_lts_aus_fast_scan (trigger: interval[0:00:05], next run at: 2026-09-17 17:31:49 +07)" executed successfully
2026-09-17 17:31:45,012 INFO apscheduler.executors.default: Running job "main.<locals>.run_position_check (trigger: interval[0:00:05], next run at: 2026-09-17 17:31:49 +07)" (scheduled at 2026-09-17 17:31:44.999412+07:00)
2026-09-17 17:31:45,017 INFO apscheduler.executors.default: Job "main.<locals>.run_position_check (trigger: interval[0:00:05], next run at: 2026-09-17 17:31:49 +07)" executed successfully
2026-09-17 17:31:45,018 INFO apscheduler.executors.default: Running job "main.<locals>.run_trail_sl (trigger: interval[0:00:05], next run at: 2026-09-17 17:31:49 +07)" (scheduled at 2026-09-17 17:31:44.999412+07:00)
2026-09-17 17:31:45,018 INFO apscheduler.executors.default: Job "main.<locals>.run_trail_sl (trigger: interval[0:00:05], next run at: 2026-09-17 17:31:49 +07)" executed successfully
2026-09-17 17:31:46,009 INFO apscheduler.executors.default: Running job "main.<locals>.run_scan (trigger: cron[second='1,6,11,16,21,26,31,36,41,46,51,56'], next run at: 2026-09-17 17:31:51 +07)" (scheduled at 2026-09-17 17:31:46+07:00)
2026-09-17 17:31:46,009 INFO apscheduler.executors.default: Job "main.<locals>.run_scan (trigger: cron[second='1,6,11,16,21,26,31,36,41,46,51,56'], next run at: 2026-09-17 17:31:51 +07)" executed successfully
2026-09-17 17:31:46,009 INFO apscheduler.executors.default: Running job "main.<locals>.write_heartbeat_job (trigger: interval[0:00:15], next run at: 2026-09-17 17:32:01 +07)" (scheduled at 2026-09-17 17:31:46.000927+07:00)
2026-09-17 17:31:46,013 INFO apscheduler.executors.default: Job "main.<locals>.write_heartbeat_job (trigger: interval[0:00:15], next run at: 2026-09-17 17:32:01 +07)" executed successfully
2026-09-17 17:31:48,881 INFO httpx: HTTP Request: POST https://api.telegram.org/bot8700368282:AAGR_rmMfYeVtzIKkOQMXQrTWzmbbEs9MFQ/getUpdates "HTTP/1.1 200 OK"
2026-09-17 17:31:50,006 INFO apscheduler.executors.default: Running job "main.<locals>.run_lts_aus_fast_scan (trigger: interval[0:00:05], next run at: 2026-09-17 17:31:54 +07)" (scheduled at 2026-09-17 17:31:49.999412+07:00)
2026-09-17 17:31:50,006 INFO apscheduler.executors.default: Job "main.<locals>.run_lts_aus_fast_scan (trigger: interval[0:00:05], next run at: 2026-09-17 17:31:54 +07)" executed successfully
2026-09-17 17:31:50,006 INFO apscheduler.executors.default: Running job "main.<locals>.run_position_check (trigger: interval[0:00:05], next run at: 2026-09-17 17:31:54 +07)" (scheduled at 2026-09-17 17:31:49.999412+07:00)
2026-09-17 17:31:50,011 INFO apscheduler.executors.default: Job "main.<locals>.run_position_check (trigger: interval[0:00:05], next run at: 2026-09-17 17:31:54 +07)" executed successfully
2026-09-17 17:31:50,011 INFO apscheduler.executors.default: Running job "main.<locals>.save_bot_state_job (trigger: interval[0:00:15], next run at: 2026-09-17 17:32:04 +07)" (scheduled at 2026-09-17 17:31:49.999412+07:00)
2026-09-17 17:31:50,012 INFO apscheduler.executors.default: Job "main.<locals>.save_bot_state_job (trigger: interval[0:00:15], next run at: 2026-09-17 17:32:04 +07)" executed successfully
2026-09-17 17:31:50,012 INFO apscheduler.executors.default: Running job "main.<locals>.run_trail_sl (trigger: interval[0:00:05], next run at: 2026-09-17 17:31:54 +07)" (scheduled at 2026-09-17 17:31:49.999412+07:00)
2026-09-17 17:31:50,014 INFO apscheduler.executors.default: Job "main.<locals>.run_trail_sl (trigger: interval[0:00:05], next run at: 2026-09-17 17:31:54 +07)" executed successfully
2026-09-17 17:31:51,012 INFO apscheduler.executors.default: Running job "main.<locals>.run_scan (trigger: cron[second='1,6,11,16,21,26,31,36,41,46,51,56'], next run at: 2026-09-17 17:31:56 +07)" (scheduled at 2026-09-17 17:31:51+07:00)
2026-09-17 17:31:51,014 INFO apscheduler.executors.default: Job "main.<locals>.run_scan (trigger: cron[second='1,6,11,16,21,26,31,36,41,46,51,56'], next run at: 2026-09-17 17:31:56 +07)" executed successfully
2026-09-17 17:31:55,017 INFO apscheduler.executors.default: Running job "main.<locals>.run_lts_aus_fast_scan (trigger: interval[0:00:05], next run at: 2026-09-17 17:31:59 +07)" (scheduled at 2026-09-17 17:31:54.999412+07:00)
2026-09-17 17:31:55,017 INFO apscheduler.executors.default: Job "main.<locals>.run_lts_aus_fast_scan (trigger: interval[0:00:05], next run at: 2026-09-17 17:31:59 +07)" executed successfully
2026-09-17 17:31:55,017 INFO apscheduler.executors.default: Running job "main.<locals>.run_position_check (trigger: interval[0:00:05], next run at: 2026-09-17 17:31:59 +07)" (scheduled at 2026-09-17 17:31:54.999412+07:00)
2026-09-17 17:31:55,022 INFO apscheduler.executors.default: Job "main.<locals>.run_position_check (trigger: interval[0:00:05], next run at: 2026-09-17 17:31:59 +07)" executed successfully
2026-09-17 17:31:55,022 INFO apscheduler.executors.default: Running job "main.<locals>.run_trail_sl (trigger: interval[0:00:05], next run at: 2026-09-17 17:31:59 +07)" (scheduled at 2026-09-17 17:31:54.999412+07:00)
2026-09-17 17:31:55,022 INFO apscheduler.executors.default: Job "main.<locals>.run_trail_sl (trigger: interval[0:00:05], next run at: 2026-09-17 17:31:59 +07)" executed successfully
2026-09-17 17:31:56,012 INFO apscheduler.executors.default: Running job "main.<locals>.run_scan (trigger: cron[second='1,6,11,16,21,26,31,36,41,46,51,56'], next run at: 2026-09-17 17:32:01 +07)" (scheduled at 2026-09-17 17:31:56+07:00)
2026-09-17 17:31:56,013 INFO apscheduler.executors.default: Job "main.<locals>.run_scan (trigger: cron[second='1,6,11,16,21,26,31,36,41,46,51,56'], next run at: 2026-09-17 17:32:01 +07)" executed successfully
2026-09-17 17:31:59,073 INFO httpx: HTTP Request: POST https://api.telegram.org/bot8700368282:AAGR_rmMfYeVtzIKkOQMXQrTWzmbbEs9MFQ/getUpdates "HTTP/1.1 200 OK"
2026-09-17 17:32:00,005 INFO apscheduler.executors.default: Running job "main.<locals>.run_lts_aus_fast_scan (trigger: interval[0:00:05], next run at: 2026-09-17 17:32:04 +07)" (scheduled at 2026-09-17 17:31:59.999412+07:00)
2026-09-17 17:32:00,006 INFO apscheduler.executors.default: Job "main.<locals>.run_lts_aus_fast_scan (trigger: interval[0:00:05], next run at: 2026-09-17 17:32:04 +07)" executed successfully
2026-09-17 17:32:00,007 INFO apscheduler.executors.default: Running job "main.<locals>.run_position_check (trigger: interval[0:00:05], next run at: 2026-09-17 17:32:04 +07)" (scheduled at 2026-09-17 17:31:59.999412+07:00)
2026-09-17 17:32:00,015 INFO apscheduler.executors.default: Job "main.<locals>.run_position_check (trigger: interval[0:00:05], next run at: 2026-09-17 17:32:04 +07)" executed successfully
2026-09-17 17:32:00,016 INFO apscheduler.executors.default: Running job "main.<locals>.run_trail_sl (trigger: interval[0:00:05], next run at: 2026-09-17 17:32:04 +07)" (scheduled at 2026-09-17 17:31:59.999412+07:00)
2026-09-17 17:32:00,016 INFO apscheduler.executors.default: Job "main.<locals>.run_trail_sl (trigger: interval[0:00:05], next run at: 2026-09-17 17:32:04 +07)" executed successfully
2026-09-17 17:32:01,019 INFO apscheduler.executors.default: Running job "main.<locals>.run_scan (trigger: cron[second='1,6,11,16,21,26,31,36,41,46,51,56'], next run at: 2026-09-17 17:32:06 +07)" (scheduled at 2026-09-17 17:32:01+07:00)
2026-09-17 17:32:01,019 INFO apscheduler.executors.default: Job "main.<locals>.run_scan (trigger: cron[second='1,6,11,16,21,26,31,36,41,46,51,56'], next run at: 2026-09-17 17:32:06 +07)" executed successfully
2026-09-17 17:32:01,019 INFO apscheduler.executors.default: Running job "main.<locals>.write_heartbeat_job (trigger: interval[0:00:15], next run at: 2026-09-17 17:32:16 +07)" (scheduled at 2026-09-17 17:32:01.000927+07:00)
2026-09-17 17:32:01,023 INFO apscheduler.executors.default: Job "main.<locals>.write_heartbeat_job (trigger: interval[0:00:15], next run at: 2026-09-17 17:32:16 +07)" executed successfully
2026-09-17 17:32:05,008 INFO apscheduler.executors.default: Running job "main.<locals>.run_demo_portfolio_scan (trigger: interval[0:05:00], next run at: 2026-09-17 17:37:04 +07)" (scheduled at 2026-09-17 17:32:04.997660+07:00)
2026-09-17 17:32:05,018 INFO apscheduler.executors.default: Running job "main.<locals>.check_symbol_switch (trigger: interval[0:01:00], next run at: 2026-09-17 17:33:04 +07)" (scheduled at 2026-09-17 17:32:04.997660+07:00)
2026-09-17 17:32:05,025 INFO apscheduler.executors.default: Job "main.<locals>.check_symbol_switch (trigger: interval[0:01:00], next run at: 2026-09-17 17:33:04 +07)" executed successfully
2026-09-17 17:32:05,025 INFO apscheduler.executors.default: Running job "main.<locals>.run_lts_aus_fast_scan (trigger: interval[0:00:05], next run at: 2026-09-17 17:32:09 +07)" (scheduled at 2026-09-17 17:32:04.999412+07:00)
2026-09-17 17:32:05,025 INFO apscheduler.executors.default: Job "main.<locals>.run_lts_aus_fast_scan (trigger: interval[0:00:05], next run at: 2026-09-17 17:32:09 +07)" executed successfully
2026-09-17 17:32:05,026 INFO apscheduler.executors.default: Running job "main.<locals>.run_position_check (trigger: interval[0:00:05], next run at: 2026-09-17 17:32:09 +07)" (scheduled at 2026-09-17 17:32:04.999412+07:00)
2026-09-17 17:32:05,030 INFO apscheduler.executors.default: Job "main.<locals>.run_position_check (trigger: interval[0:00:05], next run at: 2026-09-17 17:32:09 +07)" executed successfully
2026-09-17 17:32:05,030 INFO apscheduler.executors.default: Running job "main.<locals>.save_bot_state_job (trigger: interval[0:00:15], next run at: 2026-09-17 17:32:19 +07)" (scheduled at 2026-09-17 17:32:04.999412+07:00)
2026-09-17 17:32:05,032 INFO apscheduler.executors.default: Job "main.<locals>.save_bot_state_job (trigger: interval[0:00:15], next run at: 2026-09-17 17:32:19 +07)" executed successfully
2026-09-17 17:32:05,032 INFO apscheduler.executors.default: Running job "main.<locals>.run_trail_sl (trigger: interval[0:00:05], next run at: 2026-09-17 17:32:09 +07)" (scheduled at 2026-09-17 17:32:04.999412+07:00)
2026-09-17 17:32:05,033 INFO apscheduler.executors.default: Job "main.<locals>.run_trail_sl (trigger: interval[0:00:05], next run at: 2026-09-17 17:32:09 +07)" executed successfully
2026-09-17 17:32:05,033 INFO apscheduler.executors.default: Running job "main.<locals>.run_watchdog (trigger: interval[0:01:00], next run at: 2026-09-17 17:33:05 +07)" (scheduled at 2026-09-17 17:32:05.000927+07:00)
2026-09-17 17:32:05,036 INFO apscheduler.executors.default: Job "main.<locals>.run_watchdog (trigger: interval[0:01:00], next run at: 2026-09-17 17:33:05 +07)" executed successfully
2026-09-17 17:32:07,412 INFO apscheduler.executors.default: Job "main.<locals>.run_demo_portfolio_scan (trigger: interval[0:05:00], next run at: 2026-09-17 17:37:04 +07)" executed successfully
2026-09-17 17:32:07,414 INFO apscheduler.executors.default: Running job "main.<locals>.run_scan (trigger: cron[second='1,6,11,16,21,26,31,36,41,46,51,56'], next run at: 2026-09-17 17:32:11 +07)" (scheduled at 2026-09-17 17:32:06+07:00)
2026-09-17 17:32:07,414 INFO apscheduler.executors.default: Job "main.<locals>.run_scan (trigger: cron[second='1,6,11,16,21,26,31,36,41,46,51,56'], next run at: 2026-09-17 17:32:11 +07)" executed successfully
2026-09-17 17:32:08,252 INFO httpx: HTTP Request: POST https://api.telegram.org/bot8700368282:AAGR_rmMfYeVtzIKkOQMXQrTWzmbbEs9MFQ/sendMessage "HTTP/1.1 200 OK"
2026-09-17 17:32:09,267 INFO httpx: HTTP Request: POST https://api.telegram.org/bot8700368282:AAGR_rmMfYeVtzIKkOQMXQrTWzmbbEs9MFQ/getUpdates "HTTP/1.1 200 OK"
2026-09-17 17:32:10,014 INFO apscheduler.executors.default: Running job "main.<locals>.run_lts_aus_fast_scan (trigger: interval[0:00:05], next run at: 2026-09-17 17:32:14 +07)" (scheduled at 2026-09-17 17:32:09.999412+07:00)
2026-09-17 17:32:10,015 INFO apscheduler.executors.default: Job "main.<locals>.run_lts_aus_fast_scan (trigger: interval[0:00:05], next run at: 2026-09-17 17:32:14 +07)" executed successfully
2026-09-17 17:32:10,015 INFO apscheduler.executors.default: Running job "main.<locals>.run_position_check (trigger: interval[0:00:05], next run at: 2026-09-17 17:32:14 +07)" (scheduled at 2026-09-17 17:32:09.999412+07:00)
2026-09-17 17:32:10,020 INFO apscheduler.executors.default: Job "main.<locals>.run_position_check (trigger: interval[0:00:05], next run at: 2026-09-17 17:32:14 +07)" executed successfully
2026-09-17 17:32:10,021 INFO apscheduler.executors.default: Running job "main.<locals>.run_trail_sl (trigger: interval[0:00:05], next run at: 2026-09-17 17:32:14 +07)" (scheduled at 2026-09-17 17:32:09.999412+07:00)
2026-09-17 17:32:10,021 INFO apscheduler.executors.default: Job "main.<locals>.run_trail_sl (trigger: interval[0:00:05], next run at: 2026-09-17 17:32:14 +07)" executed successfully
2026-09-17 17:32:11,009 INFO apscheduler.executors.default: Running job "main.<locals>.run_scan (trigger: cron[second='1,6,11,16,21,26,31,36,41,46,51,56'], next run at: 2026-09-17 17:32:16 +07)" (scheduled at 2026-09-17 17:32:11+07:00)
2026-09-17 17:32:11,009 INFO apscheduler.executors.default: Job "main.<locals>.run_scan (trigger: cron[second='1,6,11,16,21,26,31,36,41,46,51,56'], next run at: 2026-09-17 17:32:16 +07)" executed successfully
2026-09-17 17:32:15,010 INFO apscheduler.executors.default: Running job "main.<locals>.run_lts_aus_fast_scan (trigger: interval[0:00:05], next run at: 2026-09-17 17:32:19 +07)" (scheduled at 2026-09-17 17:32:14.999412+07:00)
2026-09-17 17:32:15,011 INFO apscheduler.executors.default: Job "main.<locals>.run_lts_aus_fast_scan (trigger: interval[0:00:05], next run at: 2026-09-17 17:32:19 +07)" executed successfully
2026-09-17 17:32:15,011 INFO apscheduler.executors.default: Running job "main.<locals>.run_position_check (trigger: interval[0:00:05], next run at: 2026-09-17 17:32:19 +07)" (scheduled at 2026-09-17 17:32:14.999412+07:00)
2026-09-17 17:32:15,015 INFO apscheduler.executors.default: Job "main.<locals>.run_position_check (trigger: interval[0:00:05], next run at: 2026-09-17 17:32:19 +07)" executed successfully
2026-09-17 17:32:15,015 INFO apscheduler.executors.default: Running job "main.<locals>.run_trail_sl (trigger: interval[0:00:05], next run at: 2026-09-17 17:32:19 +07)" (scheduled at 2026-09-17 17:32:14.999412+07:00)
2026-09-17 17:32:15,015 INFO apscheduler.executors.default: Job "main.<locals>.run_trail_sl (trigger: interval[0:00:05], next run at: 2026-09-17 17:32:19 +07)" executed successfully
2026-09-17 17:32:16,007 INFO apscheduler.executors.default: Running job "main.<locals>.run_scan (trigger: cron[second='1,6,11,16,21,26,31,36,41,46,51,56'], next run at: 2026-09-17 17:32:21 +07)" (scheduled at 2026-09-17 17:32:16+07:00)
2026-09-17 17:32:16,007 INFO apscheduler.executors.default: Job "main.<locals>.run_scan (trigger: cron[second='1,6,11,16,21,26,31,36,41,46,51,56'], next run at: 2026-09-17 17:32:21 +07)" executed successfully
2026-09-17 17:32:16,007 INFO apscheduler.executors.default: Running job "main.<locals>.write_heartbeat_job (trigger: interval[0:00:15], next run at: 2026-09-17 17:32:31 +07)" (scheduled at 2026-09-17 17:32:16.000927+07:00)
2026-09-17 17:32:16,009 INFO apscheduler.executors.default: Job "main.<locals>.write_heartbeat_job (trigger: interval[0:00:15], next run at: 2026-09-17 17:32:31 +07)" executed successfully
2026-09-17 17:32:19,461 INFO httpx: HTTP Request: POST https://api.telegram.org/bot8700368282:AAGR_rmMfYeVtzIKkOQMXQrTWzmbbEs9MFQ/getUpdates "HTTP/1.1 200 OK"
2026-09-17 17:32:20,013 INFO apscheduler.executors.default: Running job "main.<locals>.run_lts_aus_fast_scan (trigger: interval[0:00:05], next run at: 2026-09-17 17:32:24 +07)" (scheduled at 2026-09-17 17:32:19.999412+07:00)
2026-09-17 17:32:20,013 INFO apscheduler.executors.default: Job "main.<locals>.run_lts_aus_fast_scan (trigger: interval[0:00:05], next run at: 2026-09-17 17:32:24 +07)" executed successfully
2026-09-17 17:32:20,015 INFO apscheduler.executors.default: Running job "main.<locals>.run_position_check (trigger: interval[0:00:05], next run at: 2026-09-17 17:32:24 +07)" (scheduled at 2026-09-17 17:32:19.999412+07:00)
2026-09-17 17:32:20,020 INFO apscheduler.executors.default: Job "main.<locals>.run_position_check (trigger: interval[0:00:05], next run at: 2026-09-17 17:32:24 +07)" executed successfully
2026-09-17 17:32:20,020 INFO apscheduler.executors.default: Running job "main.<locals>.save_bot_state_job (trigger: interval[0:00:15], next run at: 2026-09-17 17:32:34 +07)" (scheduled at 2026-09-17 17:32:19.999412+07:00)
2026-09-17 17:32:20,022 INFO apscheduler.executors.default: Job "main.<locals>.save_bot_state_job (trigger: interval[0:00:15], next run at: 2026-09-17 17:32:34 +07)" executed successfully
2026-09-17 17:32:20,024 INFO apscheduler.executors.default: Running job "main.<locals>.run_trail_sl (trigger: interval[0:00:05], next run at: 2026-09-17 17:32:24 +07)" (scheduled at 2026-09-17 17:32:19.999412+07:00)
2026-09-17 17:32:20,024 INFO apscheduler.executors.default: Job "main.<locals>.run_trail_sl (trigger: interval[0:00:05], next run at: 2026-09-17 17:32:24 +07)" executed successfully
2026-09-17 17:32:21,007 INFO apscheduler.executors.default: Running job "main.<locals>.run_scan (trigger: cron[second='1,6,11,16,21,26,31,36,41,46,51,56'], next run at: 2026-09-17 17:32:26 +07)" (scheduled at 2026-09-17 17:32:21+07:00)
2026-09-17 17:32:21,008 INFO apscheduler.executors.default: Job "main.<locals>.run_scan (trigger: cron[second='1,6,11,16,21,26,31,36,41,46,51,56'], next run at: 2026-09-17 17:32:26 +07)" executed successfully
2026-09-17 17:32:25,016 INFO apscheduler.executors.default: Running job "main.<locals>.run_lts_aus_fast_scan (trigger: interval[0:00:05], next run at: 2026-09-17 17:32:29 +07)" (scheduled at 2026-09-17 17:32:24.999412+07:00)
2026-09-17 17:32:25,017 INFO apscheduler.executors.default: Job "main.<locals>.run_lts_aus_fast_scan (trigger: interval[0:00:05], next run at: 2026-09-17 17:32:29 +07)" executed successfully
2026-09-17 17:32:25,017 INFO apscheduler.executors.default: Running job "main.<locals>.run_position_check (trigger: interval[0:00:05], next run at: 2026-09-17 17:32:29 +07)" (scheduled at 2026-09-17 17:32:24.999412+07:00)
2026-09-17 17:32:25,022 INFO apscheduler.executors.default: Job "main.<locals>.run_position_check (trigger: interval[0:00:05], next run at: 2026-09-17 17:32:29 +07)" executed successfully
2026-09-17 17:32:25,022 INFO apscheduler.executors.default: Running job "main.<locals>.run_trail_sl (trigger: interval[0:00:05], next run at: 2026-09-17 17:32:29 +07)" (scheduled at 2026-09-17 17:32:24.999412+07:00)
2026-09-17 17:32:25,022 INFO apscheduler.executors.default: Job "main.<locals>.run_trail_sl (trigger: interval[0:00:05], next run at: 2026-09-17 17:32:29 +07)" executed successfully
2026-09-17 17:32:26,011 INFO apscheduler.executors.default: Running job "main.<locals>.run_scan (trigger: cron[second='1,6,11,16,21,26,31,36,41,46,51,56'], next run at: 2026-09-17 17:32:31 +07)" (scheduled at 2026-09-17 17:32:26+07:00)
2026-09-17 17:32:26,012 INFO apscheduler.executors.default: Job "main.<locals>.run_scan (trigger: cron[second='1,6,11,16,21,26,31,36,41,46,51,56'], next run at: 2026-09-17 17:32:31 +07)" executed successfully
2026-09-17 17:32:29,656 INFO httpx: HTTP Request: POST https://api.telegram.org/bot8700368282:AAGR_rmMfYeVtzIKkOQMXQrTWzmbbEs9MFQ/getUpdates "HTTP/1.1 200 OK"
2026-09-17 17:32:30,017 INFO apscheduler.executors.default: Running job "main.<locals>.run_lts_aus_fast_scan (trigger: interval[0:00:05], next run at: 2026-09-17 17:32:34 +07)" (scheduled at 2026-09-17 17:32:29.999412+07:00)
2026-09-17 17:32:30,018 INFO apscheduler.executors.default: Job "main.<locals>.run_lts_aus_fast_scan (trigger: interval[0:00:05], next run at: 2026-09-17 17:32:34 +07)" executed successfully
2026-09-17 17:32:30,018 INFO apscheduler.executors.default: Running job "main.<locals>.run_position_check (trigger: interval[0:00:05], next run at: 2026-09-17 17:32:34 +07)" (scheduled at 2026-09-17 17:32:29.999412+07:00)
2026-09-17 17:32:30,022 INFO apscheduler.executors.default: Job "main.<locals>.run_position_check (trigger: interval[0:00:05], next run at: 2026-09-17 17:32:34 +07)" executed successfully
2026-09-17 17:32:30,022 INFO apscheduler.executors.default: Running job "main.<locals>.run_trail_sl (trigger: interval[0:00:05], next run at: 2026-09-17 17:32:34 +07)" (scheduled at 2026-09-17 17:32:29.999412+07:00)
2026-09-17 17:32:30,022 INFO apscheduler.executors.default: Job "main.<locals>.run_trail_sl (trigger: interval[0:00:05], next run at: 2026-09-17 17:32:34 +07)" executed successfully
2026-09-17 17:32:31,010 INFO apscheduler.executors.default: Running job "main.<locals>.run_scan (trigger: cron[second='1,6,11,16,21,26,31,36,41,46,51,56'], next run at: 2026-09-17 17:32:36 +07)" (scheduled at 2026-09-17 17:32:31+07:00)
2026-09-17 17:32:31,011 INFO apscheduler.executors.default: Job "main.<locals>.run_scan (trigger: cron[second='1,6,11,16,21,26,31,36,41,46,51,56'], next run at: 2026-09-17 17:32:36 +07)" executed successfully
2026-09-17 17:32:31,011 INFO apscheduler.executors.default: Running job "main.<locals>.write_heartbeat_job (trigger: interval[0:00:15], next run at: 2026-09-17 17:32:46 +07)" (scheduled at 2026-09-17 17:32:31.000927+07:00)
2026-09-17 17:32:31,013 INFO apscheduler.executors.default: Job "main.<locals>.write_heartbeat_job (trigger: interval[0:00:15], next run at: 2026-09-17 17:32:46 +07)" executed successfully
2026-09-17 17:32:35,005 INFO apscheduler.executors.default: Running job "main.<locals>.run_lts_aus_fast_scan (trigger: interval[0:00:05], next run at: 2026-09-17 17:32:39 +07)" (scheduled at 2026-09-17 17:32:34.999412+07:00)
2026-09-17 17:32:35,006 INFO apscheduler.executors.default: Job "main.<locals>.run_lts_aus_fast_scan (trigger: interval[0:00:05], next run at: 2026-09-17 17:32:39 +07)" executed successfully
2026-09-17 17:32:35,006 INFO apscheduler.executors.default: Running job "main.<locals>.run_position_check (trigger: interval[0:00:05], next run at: 2026-09-17 17:32:39 +07)" (scheduled at 2026-09-17 17:32:34.999412+07:00)
2026-09-17 17:32:35,010 INFO apscheduler.executors.default: Job "main.<locals>.run_position_check (trigger: interval[0:00:05], next run at: 2026-09-17 17:32:39 +07)" executed successfully
2026-09-17 17:32:35,011 INFO apscheduler.executors.default: Running job "main.<locals>.save_bot_state_job (trigger: interval[0:00:15], next run at: 2026-09-17 17:32:49 +07)" (scheduled at 2026-09-17 17:32:34.999412+07:00)
2026-09-17 17:32:35,012 INFO apscheduler.executors.default: Job "main.<locals>.save_bot_state_job (trigger: interval[0:00:15], next run at: 2026-09-17 17:32:49 +07)" executed successfully
2026-09-17 17:32:35,013 INFO apscheduler.executors.default: Running job "main.<locals>.run_trail_sl (trigger: interval[0:00:05], next run at: 2026-09-17 17:32:39 +07)" (scheduled at 2026-09-17 17:32:34.999412+07:00)
2026-09-17 17:32:35,013 INFO apscheduler.executors.default: Job "main.<locals>.run_trail_sl (trigger: interval[0:00:05], next run at: 2026-09-17 17:32:39 +07)" executed successfully
2026-09-17 17:32:36,017 INFO apscheduler.executors.default: Running job "main.<locals>.run_scan (trigger: cron[second='1,6,11,16,21,26,31,36,41,46,51,56'], next run at: 2026-09-17 17:32:41 +07)" (scheduled at 2026-09-17 17:32:36+07:00)
2026-09-17 17:32:36,018 INFO apscheduler.executors.default: Job "main.<locals>.run_scan (trigger: cron[second='1,6,11,16,21,26,31,36,41,46,51,56'], next run at: 2026-09-17 17:32:41 +07)" executed successfully
2026-09-17 17:32:39,849 INFO httpx: HTTP Request: POST https://api.telegram.org/bot8700368282:AAGR_rmMfYeVtzIKkOQMXQrTWzmbbEs9MFQ/getUpdates "HTTP/1.1 200 OK"
2026-09-17 17:32:39,999 INFO apscheduler.executors.default: Running job "main.<locals>.run_lts_aus_fast_scan (trigger: interval[0:00:05], next run at: 2026-09-17 17:32:44 +07)" (scheduled at 2026-09-17 17:32:39.999412+07:00)
2026-09-17 17:32:40,000 INFO apscheduler.executors.default: Job "main.<locals>.run_lts_aus_fast_scan (trigger: interval[0:00:05], next run at: 2026-09-17 17:32:44 +07)" executed successfully
2026-09-17 17:32:40,000 INFO apscheduler.executors.default: Running job "main.<locals>.run_position_check (trigger: interval[0:00:05], next run at: 2026-09-17 17:32:44 +07)" (scheduled at 2026-09-17 17:32:39.999412+07:00)
2026-09-17 17:32:40,006 INFO apscheduler.executors.default: Job "main.<locals>.run_position_check (trigger: interval[0:00:05], next run at: 2026-09-17 17:32:44 +07)" executed successfully
2026-09-17 17:32:40,007 INFO apscheduler.executors.default: Running job "main.<locals>.run_trail_sl (trigger: interval[0:00:05], next run at: 2026-09-17 17:32:44 +07)" (scheduled at 2026-09-17 17:32:39.999412+07:00)
2026-09-17 17:32:40,007 INFO apscheduler.executors.default: Job "main.<locals>.run_trail_sl (trigger: interval[0:00:05], next run at: 2026-09-17 17:32:44 +07)" executed successfully
2026-09-17 17:32:41,009 INFO apscheduler.executors.default: Running job "main.<locals>.run_scan (trigger: cron[second='1,6,11,16,21,26,31,36,41,46,51,56'], next run at: 2026-09-17 17:32:46 +07)" (scheduled at 2026-09-17 17:32:41+07:00)
2026-09-17 17:32:41,009 INFO apscheduler.executors.default: Job "main.<locals>.run_scan (trigger: cron[second='1,6,11,16,21,26,31,36,41,46,51,56'], next run at: 2026-09-17 17:32:46 +07)" executed successfully
2026-09-17 17:32:45,013 INFO apscheduler.executors.default: Running job "main.<locals>.run_lts_aus_fast_scan (trigger: interval[0:00:05], next run at: 2026-09-17 17:32:49 +07)" (scheduled at 2026-09-17 17:32:44.999412+07:00)
2026-09-17 17:32:45,014 INFO apscheduler.executors.default: Job "main.<locals>.run_lts_aus_fast_scan (trigger: interval[0:00:05], next run at: 2026-09-17 17:32:49 +07)" executed successfully
2026-09-17 17:32:45,015 INFO apscheduler.executors.default: Running job "main.<locals>.run_position_check (trigger: interval[0:00:05], next run at: 2026-09-17 17:32:49 +07)" (scheduled at 2026-09-17 17:32:44.999412+07:00)
2026-09-17 17:32:45,018 INFO apscheduler.executors.default: Job "main.<locals>.run_position_check (trigger: interval[0:00:05], next run at: 2026-09-17 17:32:49 +07)" executed successfully
2026-09-17 17:32:45,019 INFO apscheduler.executors.default: Running job "main.<locals>.run_trail_sl (trigger: interval[0:00:05], next run at: 2026-09-17 17:32:49 +07)" (scheduled at 2026-09-17 17:32:44.999412+07:00)
2026-09-17 17:32:45,019 INFO apscheduler.executors.default: Job "main.<locals>.run_trail_sl (trigger: interval[0:00:05], next run at: 2026-09-17 17:32:49 +07)" executed successfully
2026-09-17 17:32:46,008 INFO apscheduler.executors.default: Running job "main.<locals>.run_scan (trigger: cron[second='1,6,11,16,21,26,31,36,41,46,51,56'], next run at: 2026-09-17 17:32:51 +07)" (scheduled at 2026-09-17 17:32:46+07:00)
2026-09-17 17:32:46,008 INFO apscheduler.executors.default: Job "main.<locals>.run_scan (trigger: cron[second='1,6,11,16,21,26,31,36,41,46,51,56'], next run at: 2026-09-17 17:32:51 +07)" executed successfully
2026-09-17 17:32:46,009 INFO apscheduler.executors.default: Running job "main.<locals>.write_heartbeat_job (trigger: interval[0:00:15], next run at: 2026-09-17 17:33:01 +07)" (scheduled at 2026-09-17 17:32:46.000927+07:00)
2026-09-17 17:32:46,012 INFO apscheduler.executors.default: Job "main.<locals>.write_heartbeat_job (trigger: interval[0:00:15], next run at: 2026-09-17 17:33:01 +07)" executed successfully
2026-09-17 17:32:50,008 INFO apscheduler.executors.default: Running job "main.<locals>.run_lts_aus_fast_scan (trigger: interval[0:00:05], next run at: 2026-09-17 17:32:54 +07)" (scheduled at 2026-09-17 17:32:49.999412+07:00)
2026-09-17 17:32:50,008 INFO apscheduler.executors.default: Job "main.<locals>.run_lts_aus_fast_scan (trigger: interval[0:00:05], next run at: 2026-09-17 17:32:54 +07)" executed successfully
2026-09-17 17:32:50,008 INFO apscheduler.executors.default: Running job "main.<locals>.run_position_check (trigger: interval[0:00:05], next run at: 2026-09-17 17:32:54 +07)" (scheduled at 2026-09-17 17:32:49.999412+07:00)
2026-09-17 17:32:50,013 INFO apscheduler.executors.default: Job "main.<locals>.run_position_check (trigger: interval[0:00:05], next run at: 2026-09-17 17:32:54 +07)" executed successfully
2026-09-17 17:32:50,013 INFO apscheduler.executors.default: Running job "main.<locals>.save_bot_state_job (trigger: interval[0:00:15], next run at: 2026-09-17 17:33:04 +07)" (scheduled at 2026-09-17 17:32:49.999412+07:00)
2026-09-17 17:32:50,015 INFO apscheduler.executors.default: Job "main.<locals>.save_bot_state_job (trigger: interval[0:00:15], next run at: 2026-09-17 17:33:04 +07)" executed successfully
2026-09-17 17:32:50,015 INFO apscheduler.executors.default: Running job "main.<locals>.run_trail_sl (trigger: interval[0:00:05], next run at: 2026-09-17 17:32:54 +07)" (scheduled at 2026-09-17 17:32:49.999412+07:00)
2026-09-17 17:32:50,017 INFO apscheduler.executors.default: Job "main.<locals>.run_trail_sl (trigger: interval[0:00:05], next run at: 2026-09-17 17:32:54 +07)" executed successfully
2026-09-17 17:32:50,041 INFO httpx: HTTP Request: POST https://api.telegram.org/bot8700368282:AAGR_rmMfYeVtzIKkOQMXQrTWzmbbEs9MFQ/getUpdates "HTTP/1.1 200 OK"
2026-09-17 17:32:51,005 INFO apscheduler.executors.default: Running job "main.<locals>.run_scan (trigger: cron[second='1,6,11,16,21,26,31,36,41,46,51,56'], next run at: 2026-09-17 17:32:56 +07)" (scheduled at 2026-09-17 17:32:51+07:00)
2026-09-17 17:32:51,006 INFO apscheduler.executors.default: Job "main.<locals>.run_scan (trigger: cron[second='1,6,11,16,21,26,31,36,41,46,51,56'], next run at: 2026-09-17 17:32:56 +07)" executed successfully
2026-09-17 17:32:55,010 INFO apscheduler.executors.default: Running job "main.<locals>.run_lts_aus_fast_scan (trigger: interval[0:00:05], next run at: 2026-09-17 17:32:59 +07)" (scheduled at 2026-09-17 17:32:54.999412+07:00)
2026-09-17 17:32:55,013 INFO apscheduler.executors.default: Job "main.<locals>.run_lts_aus_fast_scan (trigger: interval[0:00:05], next run at: 2026-09-17 17:32:59 +07)" executed successfully
2026-09-17 17:32:55,013 INFO apscheduler.executors.default: Running job "main.<locals>.run_position_check (trigger: interval[0:00:05], next run at: 2026-09-17 17:32:59 +07)" (scheduled at 2026-09-17 17:32:54.999412+07:00)
2026-09-17 17:32:55,017 INFO apscheduler.executors.default: Job "main.<locals>.run_position_check (trigger: interval[0:00:05], next run at: 2026-09-17 17:32:59 +07)" executed successfully
2026-09-17 17:32:55,017 INFO apscheduler.executors.default: Running job "main.<locals>.run_trail_sl (trigger: interval[0:00:05], next run at: 2026-09-17 17:32:59 +07)" (scheduled at 2026-09-17 17:32:54.999412+07:00)
2026-09-17 17:32:55,017 INFO apscheduler.executors.default: Job "main.<locals>.run_trail_sl (trigger: interval[0:00:05], next run at: 2026-09-17 17:32:59 +07)" executed successfully
2026-09-17 17:32:56,018 INFO apscheduler.executors.default: Running job "main.<locals>.run_scan (trigger: cron[second='1,6,11,16,21,26,31,36,41,46,51,56'], next run at: 2026-09-17 17:33:01 +07)" (scheduled at 2026-09-17 17:32:56+07:00)
2026-09-17 17:32:56,019 INFO apscheduler.executors.default: Job "main.<locals>.run_scan (trigger: cron[second='1,6,11,16,21,26,31,36,41,46,51,56'], next run at: 2026-09-17 17:33:01 +07)" executed successfully
2026-09-17 17:33:00,005 INFO apscheduler.executors.default: Running job "main.<locals>.run_lts_aus_fast_scan (trigger: interval[0:00:05], next run at: 2026-09-17 17:33:04 +07)" (scheduled at 2026-09-17 17:32:59.999412+07:00)
2026-09-17 17:33:00,006 INFO apscheduler.executors.default: Job "main.<locals>.run_lts_aus_fast_scan (trigger: interval[0:00:05], next run at: 2026-09-17 17:33:04 +07)" executed successfully
2026-09-17 17:33:00,006 INFO apscheduler.executors.default: Running job "main.<locals>.run_position_check (trigger: interval[0:00:05], next run at: 2026-09-17 17:33:04 +07)" (scheduled at 2026-09-17 17:32:59.999412+07:00)
2026-09-17 17:33:00,014 INFO apscheduler.executors.default: Job "main.<locals>.run_position_check (trigger: interval[0:00:05], next run at: 2026-09-17 17:33:04 +07)" executed successfully
2026-09-17 17:33:00,014 INFO apscheduler.executors.default: Running job "main.<locals>.run_trail_sl (trigger: interval[0:00:05], next run at: 2026-09-17 17:33:04 +07)" (scheduled at 2026-09-17 17:32:59.999412+07:00)
2026-09-17 17:33:00,014 INFO apscheduler.executors.default: Job "main.<locals>.run_trail_sl (trigger: interval[0:00:05], next run at: 2026-09-17 17:33:04 +07)" executed successfully
2026-09-17 17:33:00,235 INFO httpx: HTTP Request: POST https://api.telegram.org/bot8700368282:AAGR_rmMfYeVtzIKkOQMXQrTWzmbbEs9MFQ/getUpdates "HTTP/1.1 200 OK"
2026-09-17 17:33:01,013 INFO apscheduler.executors.default: Running job "main.<locals>.run_scan (trigger: cron[second='1,6,11,16,21,26,31,36,41,46,51,56'], next run at: 2026-09-17 17:33:06 +07)" (scheduled at 2026-09-17 17:33:01+07:00)
2026-09-17 17:33:01,015 INFO apscheduler.executors.default: Job "main.<locals>.run_scan (trigger: cron[second='1,6,11,16,21,26,31,36,41,46,51,56'], next run at: 2026-09-17 17:33:06 +07)" executed successfully
2026-09-17 17:33:01,015 INFO apscheduler.executors.default: Running job "main.<locals>.write_heartbeat_job (trigger: interval[0:00:15], next run at: 2026-09-17 17:33:16 +07)" (scheduled at 2026-09-17 17:33:01.000927+07:00)
2026-09-17 17:33:01,020 INFO apscheduler.executors.default: Job "main.<locals>.write_heartbeat_job (trigger: interval[0:00:15], next run at: 2026-09-17 17:33:16 +07)" executed successfully
2026-09-17 17:33:04,999 INFO apscheduler.executors.default: Running job "main.<locals>.check_symbol_switch (trigger: interval[0:01:00], next run at: 2026-09-17 17:34:04 +07)" (scheduled at 2026-09-17 17:33:04.997660+07:00)
2026-09-17 17:33:05,004 INFO apscheduler.executors.default: Job "main.<locals>.check_symbol_switch (trigger: interval[0:01:00], next run at: 2026-09-17 17:34:04 +07)" executed successfully
2026-09-17 17:33:05,005 INFO apscheduler.executors.default: Running job "main.<locals>.run_lts_aus_fast_scan (trigger: interval[0:00:05], next run at: 2026-09-17 17:33:09 +07)" (scheduled at 2026-09-17 17:33:04.999412+07:00)
2026-09-17 17:33:05,005 INFO apscheduler.executors.default: Job "main.<locals>.run_lts_aus_fast_scan (trigger: interval[0:00:05], next run at: 2026-09-17 17:33:09 +07)" executed successfully
2026-09-17 17:33:05,005 INFO apscheduler.executors.default: Running job "main.<locals>.run_position_check (trigger: interval[0:00:05], next run at: 2026-09-17 17:33:09 +07)" (scheduled at 2026-09-17 17:33:04.999412+07:00)
2026-09-17 17:33:05,010 INFO apscheduler.executors.default: Job "main.<locals>.run_position_check (trigger: interval[0:00:05], next run at: 2026-09-17 17:33:09 +07)" executed successfully
2026-09-17 17:33:05,010 INFO apscheduler.executors.default: Running job "main.<locals>.save_bot_state_job (trigger: interval[0:00:15], next run at: 2026-09-17 17:33:19 +07)" (scheduled at 2026-09-17 17:33:04.999412+07:00)
2026-09-17 17:33:05,011 INFO apscheduler.executors.default: Job "main.<locals>.save_bot_state_job (trigger: interval[0:00:15], next run at: 2026-09-17 17:33:19 +07)" executed successfully
2026-09-17 17:33:05,013 INFO apscheduler.executors.default: Running job "main.<locals>.run_trail_sl (trigger: interval[0:00:05], next run at: 2026-09-17 17:33:09 +07)" (scheduled at 2026-09-17 17:33:04.999412+07:00)
2026-09-17 17:33:05,013 INFO apscheduler.executors.default: Job "main.<locals>.run_trail_sl (trigger: interval[0:00:05], next run at: 2026-09-17 17:33:09 +07)" executed successfully
2026-09-17 17:33:05,014 INFO apscheduler.executors.default: Running job "main.<locals>.run_watchdog (trigger: interval[0:01:00], next run at: 2026-09-17 17:34:05 +07)" (scheduled at 2026-09-17 17:33:05.000927+07:00)
2026-09-17 17:33:05,017 INFO apscheduler.executors.default: Job "main.<locals>.run_watchdog (trigger: interval[0:01:00], next run at: 2026-09-17 17:34:05 +07)" executed successfully
2026-09-17 17:33:06,005 INFO apscheduler.executors.default: Running job "main.<locals>.run_scan (trigger: cron[second='1,6,11,16,21,26,31,36,41,46,51,56'], next run at: 2026-09-17 17:33:11 +07)" (scheduled at 2026-09-17 17:33:06+07:00)
2026-09-17 17:33:06,006 INFO apscheduler.executors.default: Job "main.<locals>.run_scan (trigger: cron[second='1,6,11,16,21,26,31,36,41,46,51,56'], next run at: 2026-09-17 17:33:11 +07)" executed successfully
2026-09-17 17:33:10,013 INFO apscheduler.executors.default: Running job "main.<locals>.run_lts_aus_fast_scan (trigger: interval[0:00:05], next run at: 2026-09-17 17:33:14 +07)" (scheduled at 2026-09-17 17:33:09.999412+07:00)
2026-09-17 17:33:10,015 INFO apscheduler.executors.default: Job "main.<locals>.run_lts_aus_fast_scan (trigger: interval[0:00:05], next run at: 2026-09-17 17:33:14 +07)" executed successfully
2026-09-17 17:33:10,015 INFO apscheduler.executors.default: Running job "main.<locals>.run_position_check (trigger: interval[0:00:05], next run at: 2026-09-17 17:33:14 +07)" (scheduled at 2026-09-17 17:33:09.999412+07:00)
2026-09-17 17:33:10,020 INFO apscheduler.executors.default: Job "main.<locals>.run_position_check (trigger: interval[0:00:05], next run at: 2026-09-17 17:33:14 +07)" executed successfully
2026-09-17 17:33:10,020 INFO apscheduler.executors.default: Running job "main.<locals>.run_trail_sl (trigger: interval[0:00:05], next run at: 2026-09-17 17:33:14 +07)" (scheduled at 2026-09-17 17:33:09.999412+07:00)
2026-09-17 17:33:10,020 INFO apscheduler.executors.default: Job "main.<locals>.run_trail_sl (trigger: interval[0:00:05], next run at: 2026-09-17 17:33:14 +07)" executed successfully
2026-09-17 17:33:10,428 INFO httpx: HTTP Request: POST https://api.telegram.org/bot8700368282:AAGR_rmMfYeVtzIKkOQMXQrTWzmbbEs9MFQ/getUpdates "HTTP/1.1 200 OK"
2026-09-17 17:33:11,006 INFO apscheduler.executors.default: Running job "main.<locals>.run_scan (trigger: cron[second='1,6,11,16,21,26,31,36,41,46,51,56'], next run at: 2026-09-17 17:33:16 +07)" (scheduled at 2026-09-17 17:33:11+07:00)
2026-09-17 17:33:11,007 INFO apscheduler.executors.default: Job "main.<locals>.run_scan (trigger: cron[second='1,6,11,16,21,26,31,36,41,46,51,56'], next run at: 2026-09-17 17:33:16 +07)" executed successfully
2026-09-17 17:33:15,009 INFO apscheduler.executors.default: Running job "main.<locals>.run_lts_aus_fast_scan (trigger: interval[0:00:05], next run at: 2026-09-17 17:33:19 +07)" (scheduled at 2026-09-17 17:33:14.999412+07:00)
2026-09-17 17:33:15,011 INFO apscheduler.executors.default: Job "main.<locals>.run_lts_aus_fast_scan (trigger: interval[0:00:05], next run at: 2026-09-17 17:33:19 +07)" executed successfully
2026-09-17 17:33:15,011 INFO apscheduler.executors.default: Running job "main.<locals>.run_position_check (trigger: interval[0:00:05], next run at: 2026-09-17 17:33:19 +07)" (scheduled at 2026-09-17 17:33:14.999412+07:00)
2026-09-17 17:33:15,014 INFO apscheduler.executors.default: Job "main.<locals>.run_position_check (trigger: interval[0:00:05], next run at: 2026-09-17 17:33:19 +07)" executed successfully
2026-09-17 17:33:15,015 INFO apscheduler.executors.default: Running job "main.<locals>.run_trail_sl (trigger: interval[0:00:05], next run at: 2026-09-17 17:33:19 +07)" (scheduled at 2026-09-17 17:33:14.999412+07:00)
2026-09-17 17:33:15,015 INFO apscheduler.executors.default: Job "main.<locals>.run_trail_sl (trigger: interval[0:00:05], next run at: 2026-09-17 17:33:19 +07)" executed successfully
2026-09-17 17:33:16,007 INFO apscheduler.executors.default: Running job "main.<locals>.run_scan (trigger: cron[second='1,6,11,16,21,26,31,36,41,46,51,56'], next run at: 2026-09-17 17:33:21 +07)" (scheduled at 2026-09-17 17:33:16+07:00)
2026-09-17 17:33:16,008 INFO apscheduler.executors.default: Job "main.<locals>.run_scan (trigger: cron[second='1,6,11,16,21,26,31,36,41,46,51,56'], next run at: 2026-09-17 17:33:21 +07)" executed successfully
2026-09-17 17:33:16,008 INFO apscheduler.executors.default: Running job "main.<locals>.write_heartbeat_job (trigger: interval[0:00:15], next run at: 2026-09-17 17:33:31 +07)" (scheduled at 2026-09-17 17:33:16.000927+07:00)
2026-09-17 17:33:16,010 INFO apscheduler.executors.default: Job "main.<locals>.write_heartbeat_job (trigger: interval[0:00:15], next run at: 2026-09-17 17:33:31 +07)" executed successfully
2026-09-17 17:33:20,007 INFO apscheduler.executors.default: Running job "main.<locals>.run_lts_aus_fast_scan (trigger: interval[0:00:05], next run at: 2026-09-17 17:33:24 +07)" (scheduled at 2026-09-17 17:33:19.999412+07:00)
2026-09-17 17:33:20,007 INFO apscheduler.executors.default: Job "main.<locals>.run_lts_aus_fast_scan (trigger: interval[0:00:05], next run at: 2026-09-17 17:33:24 +07)" executed successfully
2026-09-17 17:33:20,008 INFO apscheduler.executors.default: Running job "main.<locals>.run_position_check (trigger: interval[0:00:05], next run at: 2026-09-17 17:33:24 +07)" (scheduled at 2026-09-17 17:33:19.999412+07:00)
2026-09-17 17:33:20,012 INFO apscheduler.executors.default: Job "main.<locals>.run_position_check (trigger: interval[0:00:05], next run at: 2026-09-17 17:33:24 +07)" executed successfully
2026-09-17 17:33:20,013 INFO apscheduler.executors.default: Running job "main.<locals>.save_bot_state_job (trigger: interval[0:00:15], next run at: 2026-09-17 17:33:34 +07)" (scheduled at 2026-09-17 17:33:19.999412+07:00)
2026-09-17 17:33:20,015 INFO apscheduler.executors.default: Job "main.<locals>.save_bot_state_job (trigger: interval[0:00:15], next run at: 2026-09-17 17:33:34 +07)" executed successfully
2026-09-17 17:33:20,016 INFO apscheduler.executors.default: Running job "main.<locals>.run_trail_sl (trigger: interval[0:00:05], next run at: 2026-09-17 17:33:24 +07)" (scheduled at 2026-09-17 17:33:19.999412+07:00)
2026-09-17 17:33:20,017 INFO apscheduler.executors.default: Job "main.<locals>.run_trail_sl (trigger: interval[0:00:05], next run at: 2026-09-17 17:33:24 +07)" executed successfully
2026-09-17 17:33:20,620 INFO httpx: HTTP Request: POST https://api.telegram.org/bot8700368282:AAGR_rmMfYeVtzIKkOQMXQrTWzmbbEs9MFQ/getUpdates "HTTP/1.1 200 OK"
2026-09-17 17:33:21,017 INFO apscheduler.executors.default: Running job "main.<locals>.run_scan (trigger: cron[second='1,6,11,16,21,26,31,36,41,46,51,56'], next run at: 2026-09-17 17:33:26 +07)" (scheduled at 2026-09-17 17:33:21+07:00)
2026-09-17 17:33:21,018 INFO apscheduler.executors.default: Job "main.<locals>.run_scan (trigger: cron[second='1,6,11,16,21,26,31,36,41,46,51,56'], next run at: 2026-09-17 17:33:26 +07)" executed successfully
2026-09-17 17:33:25,011 INFO apscheduler.executors.default: Running job "main.<locals>.run_lts_aus_fast_scan (trigger: interval[0:00:05], next run at: 2026-09-17 17:33:29 +07)" (scheduled at 2026-09-17 17:33:24.999412+07:00)
2026-09-17 17:33:25,013 INFO apscheduler.executors.default: Job "main.<locals>.run_lts_aus_fast_scan (trigger: interval[0:00:05], next run at: 2026-09-17 17:33:29 +07)" executed successfully
2026-09-17 17:33:25,013 INFO apscheduler.executors.default: Running job "main.<locals>.run_position_check (trigger: interval[0:00:05], next run at: 2026-09-17 17:33:29 +07)" (scheduled at 2026-09-17 17:33:24.999412+07:00)
2026-09-17 17:33:25,021 INFO apscheduler.executors.default: Job "main.<locals>.run_position_check (trigger: interval[0:00:05], next run at: 2026-09-17 17:33:29 +07)" executed successfully
2026-09-17 17:33:25,022 INFO apscheduler.executors.default: Running job "main.<locals>.run_trail_sl (trigger: interval[0:00:05], next run at: 2026-09-17 17:33:29 +07)" (scheduled at 2026-09-17 17:33:24.999412+07:00)
2026-09-17 17:33:25,023 INFO apscheduler.executors.default: Job "main.<locals>.run_trail_sl (trigger: interval[0:00:05], next run at: 2026-09-17 17:33:29 +07)" executed successfully
2026-09-17 17:33:26,007 INFO apscheduler.executors.default: Running job "main.<locals>.run_scan (trigger: cron[second='1,6,11,16,21,26,31,36,41,46,51,56'], next run at: 2026-09-17 17:33:31 +07)" (scheduled at 2026-09-17 17:33:26+07:00)
2026-09-17 17:33:26,007 INFO apscheduler.executors.default: Job "main.<locals>.run_scan (trigger: cron[second='1,6,11,16,21,26,31,36,41,46,51,56'], next run at: 2026-09-17 17:33:31 +07)" executed successfully
2026-09-17 17:33:30,014 INFO apscheduler.executors.default: Running job "main.<locals>.run_lts_aus_fast_scan (trigger: interval[0:00:05], next run at: 2026-09-17 17:33:34 +07)" (scheduled at 2026-09-17 17:33:29.999412+07:00)
2026-09-17 17:33:30,014 INFO apscheduler.executors.default: Job "main.<locals>.run_lts_aus_fast_scan (trigger: interval[0:00:05], next run at: 2026-09-17 17:33:34 +07)" executed successfully
2026-09-17 17:33:30,014 INFO apscheduler.executors.default: Running job "main.<locals>.run_position_check (trigger: interval[0:00:05], next run at: 2026-09-17 17:33:34 +07)" (scheduled at 2026-09-17 17:33:29.999412+07:00)
2026-09-17 17:33:30,017 INFO apscheduler.executors.default: Job "main.<locals>.run_position_check (trigger: interval[0:00:05], next run at: 2026-09-17 17:33:34 +07)" executed successfully
2026-09-17 17:33:30,017 INFO apscheduler.executors.default: Running job "main.<locals>.run_trail_sl (trigger: interval[0:00:05], next run at: 2026-09-17 17:33:34 +07)" (scheduled at 2026-09-17 17:33:29.999412+07:00)
2026-09-17 17:33:30,017 INFO apscheduler.executors.default: Job "main.<locals>.run_trail_sl (trigger: interval[0:00:05], next run at: 2026-09-17 17:33:34 +07)" executed successfully
2026-09-17 17:33:30,813 INFO httpx: HTTP Request: POST https://api.telegram.org/bot8700368282:AAGR_rmMfYeVtzIKkOQMXQrTWzmbbEs9MFQ/getUpdates "HTTP/1.1 200 OK"
2026-09-17 17:33:31,007 INFO apscheduler.executors.default: Running job "main.<locals>.run_scan (trigger: cron[second='1,6,11,16,21,26,31,36,41,46,51,56'], next run at: 2026-09-17 17:33:36 +07)" (scheduled at 2026-09-17 17:33:31+07:00)
2026-09-17 17:33:31,009 INFO apscheduler.executors.default: Job "main.<locals>.run_scan (trigger: cron[second='1,6,11,16,21,26,31,36,41,46,51,56'], next run at: 2026-09-17 17:33:36 +07)" executed successfully
2026-09-17 17:33:31,010 INFO apscheduler.executors.default: Running job "main.<locals>.write_heartbeat_job (trigger: interval[0:00:15], next run at: 2026-09-17 17:33:46 +07)" (scheduled at 2026-09-17 17:33:31.000927+07:00)
2026-09-17 17:33:31,016 INFO apscheduler.executors.default: Job "main.<locals>.write_heartbeat_job (trigger: interval[0:00:15], next run at: 2026-09-17 17:33:46 +07)" executed successfully
2026-09-17 17:33:35,011 INFO apscheduler.executors.default: Running job "main.<locals>.run_lts_aus_fast_scan (trigger: interval[0:00:05], next run at: 2026-09-17 17:33:39 +07)" (scheduled at 2026-09-17 17:33:34.999412+07:00)
2026-09-17 17:33:35,011 INFO apscheduler.executors.default: Job "main.<locals>.run_lts_aus_fast_scan (trigger: interval[0:00:05], next run at: 2026-09-17 17:33:39 +07)" executed successfully
2026-09-17 17:33:35,012 INFO apscheduler.executors.default: Running job "main.<locals>.run_position_check (trigger: interval[0:00:05], next run at: 2026-09-17 17:33:39 +07)" (scheduled at 2026-09-17 17:33:34.999412+07:00)
2026-09-17 17:33:35,016 INFO apscheduler.executors.default: Job "main.<locals>.run_position_check (trigger: interval[0:00:05], next run at: 2026-09-17 17:33:39 +07)" executed successfully
2026-09-17 17:33:35,016 INFO apscheduler.executors.default: Running job "main.<locals>.save_bot_state_job (trigger: interval[0:00:15], next run at: 2026-09-17 17:33:49 +07)" (scheduled at 2026-09-17 17:33:34.999412+07:00)
2026-09-17 17:33:35,017 INFO apscheduler.executors.default: Job "main.<locals>.save_bot_state_job (trigger: interval[0:00:15], next run at: 2026-09-17 17:33:49 +07)" executed successfully
2026-09-17 17:33:35,017 INFO apscheduler.executors.default: Running job "main.<locals>.run_trail_sl (trigger: interval[0:00:05], next run at: 2026-09-17 17:33:39 +07)" (scheduled at 2026-09-17 17:33:34.999412+07:00)
2026-09-17 17:33:35,018 INFO apscheduler.executors.default: Job "main.<locals>.run_trail_sl (trigger: interval[0:00:05], next run at: 2026-09-17 17:33:39 +07)" executed successfully
2026-09-17 17:33:36,015 INFO apscheduler.executors.default: Running job "main.<locals>.run_scan (trigger: cron[second='1,6,11,16,21,26,31,36,41,46,51,56'], next run at: 2026-09-17 17:33:41 +07)" (scheduled at 2026-09-17 17:33:36+07:00)
2026-09-17 17:33:36,015 INFO apscheduler.executors.default: Job "main.<locals>.run_scan (trigger: cron[second='1,6,11,16,21,26,31,36,41,46,51,56'], next run at: 2026-09-17 17:33:41 +07)" executed successfully
2026-09-17 17:33:40,010 INFO apscheduler.executors.default: Running job "main.<locals>.run_lts_aus_fast_scan (trigger: interval[0:00:05], next run at: 2026-09-17 17:33:44 +07)" (scheduled at 2026-09-17 17:33:39.999412+07:00)
2026-09-17 17:33:40,012 INFO apscheduler.executors.default: Job "main.<locals>.run_lts_aus_fast_scan (trigger: interval[0:00:05], next run at: 2026-09-17 17:33:44 +07)" executed successfully
2026-09-17 17:33:40,012 INFO apscheduler.executors.default: Running job "main.<locals>.run_position_check (trigger: interval[0:00:05], next run at: 2026-09-17 17:33:44 +07)" (scheduled at 2026-09-17 17:33:39.999412+07:00)
2026-09-17 17:33:40,017 INFO apscheduler.executors.default: Job "main.<locals>.run_position_check (trigger: interval[0:00:05], next run at: 2026-09-17 17:33:44 +07)" executed successfully
2026-09-17 17:33:40,018 INFO apscheduler.executors.default: Running job "main.<locals>.run_trail_sl (trigger: interval[0:00:05], next run at: 2026-09-17 17:33:44 +07)" (scheduled at 2026-09-17 17:33:39.999412+07:00)
2026-09-17 17:33:40,018 INFO apscheduler.executors.default: Job "main.<locals>.run_trail_sl (trigger: interval[0:00:05], next run at: 2026-09-17 17:33:44 +07)" executed successfully
2026-09-17 17:33:41,007 INFO httpx: HTTP Request: POST https://api.telegram.org/bot8700368282:AAGR_rmMfYeVtzIKkOQMXQrTWzmbbEs9MFQ/getUpdates "HTTP/1.1 200 OK"
2026-09-17 17:33:41,009 INFO apscheduler.executors.default: Running job "main.<locals>.run_scan (trigger: cron[second='1,6,11,16,21,26,31,36,41,46,51,56'], next run at: 2026-09-17 17:33:46 +07)" (scheduled at 2026-09-17 17:33:41+07:00)
2026-09-17 17:33:41,009 INFO apscheduler.executors.default: Job "main.<locals>.run_scan (trigger: cron[second='1,6,11,16,21,26,31,36,41,46,51,56'], next run at: 2026-09-17 17:33:46 +07)" executed successfully
2026-09-17 17:33:45,004 INFO apscheduler.executors.default: Running job "main.<locals>.run_lts_aus_fast_scan (trigger: interval[0:00:05], next run at: 2026-09-17 17:33:49 +07)" (scheduled at 2026-09-17 17:33:44.999412+07:00)
2026-09-17 17:33:45,005 INFO apscheduler.executors.default: Job "main.<locals>.run_lts_aus_fast_scan (trigger: interval[0:00:05], next run at: 2026-09-17 17:33:49 +07)" executed successfully
2026-09-17 17:33:45,005 INFO apscheduler.executors.default: Running job "main.<locals>.run_position_check (trigger: interval[0:00:05], next run at: 2026-09-17 17:33:49 +07)" (scheduled at 2026-09-17 17:33:44.999412+07:00)
2026-09-17 17:33:45,009 INFO apscheduler.executors.default: Job "main.<locals>.run_position_check (trigger: interval[0:00:05], next run at: 2026-09-17 17:33:49 +07)" executed successfully
2026-09-17 17:33:45,009 INFO apscheduler.executors.default: Running job "main.<locals>.run_trail_sl (trigger: interval[0:00:05], next run at: 2026-09-17 17:33:49 +07)" (scheduled at 2026-09-17 17:33:44.999412+07:00)
2026-09-17 17:33:45,009 INFO apscheduler.executors.default: Job "main.<locals>.run_trail_sl (trigger: interval[0:00:05], next run at: 2026-09-17 17:33:49 +07)" executed successfully
2026-09-17 17:33:46,009 INFO apscheduler.executors.default: Running job "main.<locals>.run_scan (trigger: cron[second='1,6,11,16,21,26,31,36,41,46,51,56'], next run at: 2026-09-17 17:33:51 +07)" (scheduled at 2026-09-17 17:33:46+07:00)
2026-09-17 17:33:46,011 INFO apscheduler.executors.default: Job "main.<locals>.run_scan (trigger: cron[second='1,6,11,16,21,26,31,36,41,46,51,56'], next run at: 2026-09-17 17:33:51 +07)" executed successfully
2026-09-17 17:33:46,011 INFO apscheduler.executors.default: Running job "main.<locals>.write_heartbeat_job (trigger: interval[0:00:15], next run at: 2026-09-17 17:34:01 +07)" (scheduled at 2026-09-17 17:33:46.000927+07:00)
2026-09-17 17:33:46,013 INFO apscheduler.executors.default: Job "main.<locals>.write_heartbeat_job (trigger: interval[0:00:15], next run at: 2026-09-17 17:34:01 +07)" executed successfully
2026-09-17 17:33:50,012 INFO apscheduler.executors.default: Running job "main.<locals>.run_lts_aus_fast_scan (trigger: interval[0:00:05], next run at: 2026-09-17 17:33:54 +07)" (scheduled at 2026-09-17 17:33:49.999412+07:00)
2026-09-17 17:33:50,012 INFO apscheduler.executors.default: Job "main.<locals>.run_lts_aus_fast_scan (trigger: interval[0:00:05], next run at: 2026-09-17 17:33:54 +07)" executed successfully
2026-09-17 17:33:50,012 INFO apscheduler.executors.default: Running job "main.<locals>.run_position_check (trigger: interval[0:00:05], next run at: 2026-09-17 17:33:54 +07)" (scheduled at 2026-09-17 17:33:49.999412+07:00)
2026-09-17 17:33:50,016 INFO apscheduler.executors.default: Job "main.<locals>.run_position_check (trigger: interval[0:00:05], next run at: 2026-09-17 17:33:54 +07)" executed successfully
2026-09-17 17:33:50,017 INFO apscheduler.executors.default: Running job "main.<locals>.save_bot_state_job (trigger: interval[0:00:15], next run at: 2026-09-17 17:34:04 +07)" (scheduled at 2026-09-17 17:33:49.999412+07:00)
2026-09-17 17:33:50,017 INFO apscheduler.executors.default: Job "main.<locals>.save_bot_state_job (trigger: interval[0:00:15], next run at: 2026-09-17 17:34:04 +07)" executed successfully
2026-09-17 17:33:50,018 INFO apscheduler.executors.default: Running job "main.<locals>.run_trail_sl (trigger: interval[0:00:05], next run at: 2026-09-17 17:33:54 +07)" (scheduled at 2026-09-17 17:33:49.999412+07:00)
2026-09-17 17:33:50,018 INFO apscheduler.executors.default: Job "main.<locals>.run_trail_sl (trigger: interval[0:00:05], next run at: 2026-09-17 17:33:54 +07)" executed successfully
2026-09-17 17:33:51,009 INFO apscheduler.executors.default: Running job "main.<locals>.run_scan (trigger: cron[second='1,6,11,16,21,26,31,36,41,46,51,56'], next run at: 2026-09-17 17:33:56 +07)" (scheduled at 2026-09-17 17:33:51+07:00)
2026-09-17 17:33:51,010 INFO apscheduler.executors.default: Job "main.<locals>.run_scan (trigger: cron[second='1,6,11,16,21,26,31,36,41,46,51,56'], next run at: 2026-09-17 17:33:56 +07)" executed successfully
2026-09-17 17:33:51,201 INFO httpx: HTTP Request: POST https://api.telegram.org/bot8700368282:AAGR_rmMfYeVtzIKkOQMXQrTWzmbbEs9MFQ/getUpdates "HTTP/1.1 200 OK"
2026-09-17 17:33:55,012 INFO apscheduler.executors.default: Running job "main.<locals>.run_lts_aus_fast_scan (trigger: interval[0:00:05], next run at: 2026-09-17 17:33:59 +07)" (scheduled at 2026-09-17 17:33:54.999412+07:00)
2026-09-17 17:33:55,014 INFO apscheduler.executors.default: Job "main.<locals>.run_lts_aus_fast_scan (trigger: interval[0:00:05], next run at: 2026-09-17 17:33:59 +07)" executed successfully
2026-09-17 17:33:55,014 INFO apscheduler.executors.default: Running job "main.<locals>.run_position_check (trigger: interval[0:00:05], next run at: 2026-09-17 17:33:59 +07)" (scheduled at 2026-09-17 17:33:54.999412+07:00)
2026-09-17 17:33:55,019 INFO apscheduler.executors.default: Job "main.<locals>.run_position_check (trigger: interval[0:00:05], next run at: 2026-09-17 17:33:59 +07)" executed successfully
2026-09-17 17:33:55,019 INFO apscheduler.executors.default: Running job "main.<locals>.run_trail_sl (trigger: interval[0:00:05], next run at: 2026-09-17 17:33:59 +07)" (scheduled at 2026-09-17 17:33:54.999412+07:00)
2026-09-17 17:33:55,019 INFO apscheduler.executors.default: Job "main.<locals>.run_trail_sl (trigger: interval[0:00:05], next run at: 2026-09-17 17:33:59 +07)" executed successfully
2026-09-17 17:33:56,005 INFO apscheduler.executors.default: Running job "main.<locals>.run_scan (trigger: cron[second='1,6,11,16,21,26,31,36,41,46,51,56'], next run at: 2026-09-17 17:34:01 +07)" (scheduled at 2026-09-17 17:33:56+07:00)
2026-09-17 17:33:56,006 INFO apscheduler.executors.default: Job "main.<locals>.run_scan (trigger: cron[second='1,6,11,16,21,26,31,36,41,46,51,56'], next run at: 2026-09-17 17:34:01 +07)" executed successfully
2026-09-17 17:34:00,016 INFO apscheduler.executors.default: Running job "main.<locals>.run_lts_aus_fast_scan (trigger: interval[0:00:05], next run at: 2026-09-17 17:34:04 +07)" (scheduled at 2026-09-17 17:33:59.999412+07:00)
2026-09-17 17:34:00,016 INFO apscheduler.executors.default: Job "main.<locals>.run_lts_aus_fast_scan (trigger: interval[0:00:05], next run at: 2026-09-17 17:34:04 +07)" executed successfully
2026-09-17 17:34:00,017 INFO apscheduler.executors.default: Running job "main.<locals>.run_position_check (trigger: interval[0:00:05], next run at: 2026-09-17 17:34:04 +07)" (scheduled at 2026-09-17 17:33:59.999412+07:00)
2026-09-17 17:34:00,022 INFO apscheduler.executors.default: Job "main.<locals>.run_position_check (trigger: interval[0:00:05], next run at: 2026-09-17 17:34:04 +07)" executed successfully
2026-09-17 17:34:00,023 INFO apscheduler.executors.default: Running job "main.<locals>.run_trail_sl (trigger: interval[0:00:05], next run at: 2026-09-17 17:34:04 +07)" (scheduled at 2026-09-17 17:33:59.999412+07:00)
2026-09-17 17:34:00,023 INFO apscheduler.executors.default: Job "main.<locals>.run_trail_sl (trigger: interval[0:00:05], next run at: 2026-09-17 17:34:04 +07)" executed successfully
2026-09-17 17:34:01,008 INFO apscheduler.executors.default: Running job "main.<locals>.run_scan (trigger: cron[second='1,6,11,16,21,26,31,36,41,46,51,56'], next run at: 2026-09-17 17:34:06 +07)" (scheduled at 2026-09-17 17:34:01+07:00)
2026-09-17 17:34:01,008 INFO apscheduler.executors.default: Job "main.<locals>.run_scan (trigger: cron[second='1,6,11,16,21,26,31,36,41,46,51,56'], next run at: 2026-09-17 17:34:06 +07)" executed successfully
2026-09-17 17:34:01,008 INFO apscheduler.executors.default: Running job "main.<locals>.write_heartbeat_job (trigger: interval[0:00:15], next run at: 2026-09-17 17:34:16 +07)" (scheduled at 2026-09-17 17:34:01.000927+07:00)
2026-09-17 17:34:01,013 INFO apscheduler.executors.default: Job "main.<locals>.write_heartbeat_job (trigger: interval[0:00:15], next run at: 2026-09-17 17:34:16 +07)" executed successfully
2026-09-17 17:34:01,393 INFO httpx: HTTP Request: POST https://api.telegram.org/bot8700368282:AAGR_rmMfYeVtzIKkOQMXQrTWzmbbEs9MFQ/getUpdates "HTTP/1.1 200 OK"
2026-09-17 17:34:05,012 INFO apscheduler.executors.default: Running job "main.<locals>.check_symbol_switch (trigger: interval[0:01:00], next run at: 2026-09-17 17:35:04 +07)" (scheduled at 2026-09-17 17:34:04.997660+07:00)
2026-09-17 17:34:05,016 INFO apscheduler.executors.default: Job "main.<locals>.check_symbol_switch (trigger: interval[0:01:00], next run at: 2026-09-17 17:35:04 +07)" executed successfully
2026-09-17 17:34:05,016 INFO apscheduler.executors.default: Running job "main.<locals>.run_lts_aus_fast_scan (trigger: interval[0:00:05], next run at: 2026-09-17 17:34:09 +07)" (scheduled at 2026-09-17 17:34:04.999412+07:00)
2026-09-17 17:34:05,016 INFO apscheduler.executors.default: Job "main.<locals>.run_lts_aus_fast_scan (trigger: interval[0:00:05], next run at: 2026-09-17 17:34:09 +07)" executed successfully
2026-09-17 17:34:05,016 INFO apscheduler.executors.default: Running job "main.<locals>.run_position_check (trigger: interval[0:00:05], next run at: 2026-09-17 17:34:09 +07)" (scheduled at 2026-09-17 17:34:04.999412+07:00)
2026-09-17 17:34:05,021 INFO apscheduler.executors.default: Job "main.<locals>.run_position_check (trigger: interval[0:00:05], next run at: 2026-09-17 17:34:09 +07)" executed successfully
2026-09-17 17:34:05,021 INFO apscheduler.executors.default: Running job "main.<locals>.save_bot_state_job (trigger: interval[0:00:15], next run at: 2026-09-17 17:34:19 +07)" (scheduled at 2026-09-17 17:34:04.999412+07:00)
2026-09-17 17:34:05,024 INFO apscheduler.executors.default: Job "main.<locals>.save_bot_state_job (trigger: interval[0:00:15], next run at: 2026-09-17 17:34:19 +07)" executed successfully
2026-09-17 17:34:05,024 INFO apscheduler.executors.default: Running job "main.<locals>.run_trail_sl (trigger: interval[0:00:05], next run at: 2026-09-17 17:34:09 +07)" (scheduled at 2026-09-17 17:34:04.999412+07:00)
2026-09-17 17:34:05,025 INFO apscheduler.executors.default: Job "main.<locals>.run_trail_sl (trigger: interval[0:00:05], next run at: 2026-09-17 17:34:09 +07)" executed successfully
2026-09-17 17:34:05,026 INFO apscheduler.executors.default: Running job "main.<locals>.run_watchdog (trigger: interval[0:01:00], next run at: 2026-09-17 17:35:05 +07)" (scheduled at 2026-09-17 17:34:05.000927+07:00)
2026-09-17 17:34:05,029 INFO apscheduler.executors.default: Job "main.<locals>.run_watchdog (trigger: interval[0:01:00], next run at: 2026-09-17 17:35:05 +07)" executed successfully
2026-09-17 17:34:06,015 INFO apscheduler.executors.default: Running job "main.<locals>.run_scan (trigger: cron[second='1,6,11,16,21,26,31,36,41,46,51,56'], next run at: 2026-09-17 17:34:11 +07)" (scheduled at 2026-09-17 17:34:06+07:00)
2026-09-17 17:34:06,016 INFO apscheduler.executors.default: Job "main.<locals>.run_scan (trigger: cron[second='1,6,11,16,21,26,31,36,41,46,51,56'], next run at: 2026-09-17 17:34:11 +07)" executed successfully
2026-09-17 17:34:10,003 INFO apscheduler.executors.default: Running job "main.<locals>.run_lts_aus_fast_scan (trigger: interval[0:00:05], next run at: 2026-09-17 17:34:14 +07)" (scheduled at 2026-09-17 17:34:09.999412+07:00)
2026-09-17 17:34:10,005 INFO apscheduler.executors.default: Job "main.<locals>.run_lts_aus_fast_scan (trigger: interval[0:00:05], next run at: 2026-09-17 17:34:14 +07)" executed successfully
2026-09-17 17:34:10,005 INFO apscheduler.executors.default: Running job "main.<locals>.run_position_check (trigger: interval[0:00:05], next run at: 2026-09-17 17:34:14 +07)" (scheduled at 2026-09-17 17:34:09.999412+07:00)
2026-09-17 17:34:10,009 INFO apscheduler.executors.default: Job "main.<locals>.run_position_check (trigger: interval[0:00:05], next run at: 2026-09-17 17:34:14 +07)" executed successfully
2026-09-17 17:34:10,009 INFO apscheduler.executors.default: Running job "main.<locals>.run_trail_sl (trigger: interval[0:00:05], next run at: 2026-09-17 17:34:14 +07)" (scheduled at 2026-09-17 17:34:09.999412+07:00)
2026-09-17 17:34:10,009 INFO apscheduler.executors.default: Job "main.<locals>.run_trail_sl (trigger: interval[0:00:05], next run at: 2026-09-17 17:34:14 +07)" executed successfully
2026-09-17 17:34:11,008 INFO apscheduler.executors.default: Running job "main.<locals>.run_scan (trigger: cron[second='1,6,11,16,21,26,31,36,41,46,51,56'], next run at: 2026-09-17 17:34:16 +07)" (scheduled at 2026-09-17 17:34:11+07:00)
2026-09-17 17:34:11,009 INFO apscheduler.executors.default: Job "main.<locals>.run_scan (trigger: cron[second='1,6,11,16,21,26,31,36,41,46,51,56'], next run at: 2026-09-17 17:34:16 +07)" executed successfully
2026-09-17 17:34:11,588 INFO httpx: HTTP Request: POST https://api.telegram.org/bot8700368282:AAGR_rmMfYeVtzIKkOQMXQrTWzmbbEs9MFQ/getUpdates "HTTP/1.1 200 OK"
2026-09-17 17:34:15,011 INFO apscheduler.executors.default: Running job "main.<locals>.run_lts_aus_fast_scan (trigger: interval[0:00:05], next run at: 2026-09-17 17:34:19 +07)" (scheduled at 2026-09-17 17:34:14.999412+07:00)
2026-09-17 17:34:15,012 INFO apscheduler.executors.default: Job "main.<locals>.run_lts_aus_fast_scan (trigger: interval[0:00:05], next run at: 2026-09-17 17:34:19 +07)" executed successfully
2026-09-17 17:34:15,012 INFO apscheduler.executors.default: Running job "main.<locals>.run_position_check (trigger: interval[0:00:05], next run at: 2026-09-17 17:34:19 +07)" (scheduled at 2026-09-17 17:34:14.999412+07:00)
2026-09-17 17:34:15,016 INFO apscheduler.executors.default: Job "main.<locals>.run_position_check (trigger: interval[0:00:05], next run at: 2026-09-17 17:34:19 +07)" executed successfully
2026-09-17 17:34:15,017 INFO apscheduler.executors.default: Running job "main.<locals>.run_trail_sl (trigger: interval[0:00:05], next run at: 2026-09-17 17:34:19 +07)" (scheduled at 2026-09-17 17:34:14.999412+07:00)
2026-09-17 17:34:15,017 INFO apscheduler.executors.default: Job "main.<locals>.run_trail_sl (trigger: interval[0:00:05], next run at: 2026-09-17 17:34:19 +07)" executed successfully
2026-09-17 17:34:16,008 INFO apscheduler.executors.default: Running job "main.<locals>.run_scan (trigger: cron[second='1,6,11,16,21,26,31,36,41,46,51,56'], next run at: 2026-09-17 17:34:21 +07)" (scheduled at 2026-09-17 17:34:16+07:00)
2026-09-17 17:34:16,009 INFO apscheduler.executors.default: Job "main.<locals>.run_scan (trigger: cron[second='1,6,11,16,21,26,31,36,41,46,51,56'], next run at: 2026-09-17 17:34:21 +07)" executed successfully
2026-09-17 17:34:16,009 INFO apscheduler.executors.default: Running job "main.<locals>.write_heartbeat_job (trigger: interval[0:00:15], next run at: 2026-09-17 17:34:31 +07)" (scheduled at 2026-09-17 17:34:16.000927+07:00)
2026-09-17 17:34:16,012 INFO apscheduler.executors.default: Job "main.<locals>.write_heartbeat_job (trigger: interval[0:00:15], next run at: 2026-09-17 17:34:31 +07)" executed successfully
2026-09-17 17:34:20,010 INFO apscheduler.executors.default: Running job "main.<locals>.run_lts_aus_fast_scan (trigger: interval[0:00:05], next run at: 2026-09-17 17:34:24 +07)" (scheduled at 2026-09-17 17:34:19.999412+07:00)
2026-09-17 17:34:20,010 INFO apscheduler.executors.default: Job "main.<locals>.run_lts_aus_fast_scan (trigger: interval[0:00:05], next run at: 2026-09-17 17:34:24 +07)" executed successfully
2026-09-17 17:34:20,012 INFO apscheduler.executors.default: Running job "main.<locals>.run_position_check (trigger: interval[0:00:05], next run at: 2026-09-17 17:34:24 +07)" (scheduled at 2026-09-17 17:34:19.999412+07:00)
2026-09-17 17:34:20,015 INFO apscheduler.executors.default: Job "main.<locals>.run_position_check (trigger: interval[0:00:05], next run at: 2026-09-17 17:34:24 +07)" executed successfully
2026-09-17 17:34:20,015 INFO apscheduler.executors.default: Running job "main.<locals>.save_bot_state_job (trigger: interval[0:00:15], next run at: 2026-09-17 17:34:34 +07)" (scheduled at 2026-09-17 17:34:19.999412+07:00)
2026-09-17 17:34:20,016 INFO apscheduler.executors.default: Job "main.<locals>.save_bot_state_job (trigger: interval[0:00:15], next run at: 2026-09-17 17:34:34 +07)" executed successfully
2026-09-17 17:34:20,016 INFO apscheduler.executors.default: Running job "main.<locals>.run_trail_sl (trigger: interval[0:00:05], next run at: 2026-09-17 17:34:24 +07)" (scheduled at 2026-09-17 17:34:19.999412+07:00)
2026-09-17 17:34:20,018 INFO apscheduler.executors.default: Job "main.<locals>.run_trail_sl (trigger: interval[0:00:05], next run at: 2026-09-17 17:34:24 +07)" executed successfully
2026-09-17 17:34:21,007 INFO apscheduler.executors.default: Running job "main.<locals>.run_scan (trigger: cron[second='1,6,11,16,21,26,31,36,41,46,51,56'], next run at: 2026-09-17 17:34:26 +07)" (scheduled at 2026-09-17 17:34:21+07:00)
2026-09-17 17:34:21,009 INFO apscheduler.executors.default: Job "main.<locals>.run_scan (trigger: cron[second='1,6,11,16,21,26,31,36,41,46,51,56'], next run at: 2026-09-17 17:34:26 +07)" executed successfully
2026-09-17 17:34:21,781 INFO httpx: HTTP Request: POST https://api.telegram.org/bot8700368282:AAGR_rmMfYeVtzIKkOQMXQrTWzmbbEs9MFQ/getUpdates "HTTP/1.1 200 OK"
2026-09-17 17:34:25,014 INFO apscheduler.executors.default: Running job "main.<locals>.run_lts_aus_fast_scan (trigger: interval[0:00:05], next run at: 2026-09-17 17:34:29 +07)" (scheduled at 2026-09-17 17:34:24.999412+07:00)
2026-09-17 17:34:25,016 INFO apscheduler.executors.default: Job "main.<locals>.run_lts_aus_fast_scan (trigger: interval[0:00:05], next run at: 2026-09-17 17:34:29 +07)" executed successfully
2026-09-17 17:34:25,016 INFO apscheduler.executors.default: Running job "main.<locals>.run_position_check (trigger: interval[0:00:05], next run at: 2026-09-17 17:34:29 +07)" (scheduled at 2026-09-17 17:34:24.999412+07:00)
2026-09-17 17:34:25,020 INFO apscheduler.executors.default: Job "main.<locals>.run_position_check (trigger: interval[0:00:05], next run at: 2026-09-17 17:34:29 +07)" executed successfully
2026-09-17 17:34:25,020 INFO apscheduler.executors.default: Running job "main.<locals>.run_trail_sl (trigger: interval[0:00:05], next run at: 2026-09-17 17:34:29 +07)" (scheduled at 2026-09-17 17:34:24.999412+07:00)
2026-09-17 17:34:25,021 INFO apscheduler.executors.default: Job "main.<locals>.run_trail_sl (trigger: interval[0:00:05], next run at: 2026-09-17 17:34:29 +07)" executed successfully
2026-09-17 17:34:26,006 INFO apscheduler.executors.default: Running job "main.<locals>.run_scan (trigger: cron[second='1,6,11,16,21,26,31,36,41,46,51,56'], next run at: 2026-09-17 17:34:31 +07)" (scheduled at 2026-09-17 17:34:26+07:00)
2026-09-17 17:34:26,007 INFO apscheduler.executors.default: Job "main.<locals>.run_scan (trigger: cron[second='1,6,11,16,21,26,31,36,41,46,51,56'], next run at: 2026-09-17 17:34:31 +07)" executed successfully
2026-09-17 17:34:30,007 INFO apscheduler.executors.default: Running job "main.<locals>.run_lts_aus_fast_scan (trigger: interval[0:00:05], next run at: 2026-09-17 17:34:34 +07)" (scheduled at 2026-09-17 17:34:29.999412+07:00)
2026-09-17 17:34:30,008 INFO apscheduler.executors.default: Job "main.<locals>.run_lts_aus_fast_scan (trigger: interval[0:00:05], next run at: 2026-09-17 17:34:34 +07)" executed successfully
2026-09-17 17:34:30,008 INFO apscheduler.executors.default: Running job "main.<locals>.run_position_check (trigger: interval[0:00:05], next run at: 2026-09-17 17:34:34 +07)" (scheduled at 2026-09-17 17:34:29.999412+07:00)
2026-09-17 17:34:30,013 INFO apscheduler.executors.default: Job "main.<locals>.run_position_check (trigger: interval[0:00:05], next run at: 2026-09-17 17:34:34 +07)" executed successfully
2026-09-17 17:34:30,013 INFO apscheduler.executors.default: Running job "main.<locals>.run_trail_sl (trigger: interval[0:00:05], next run at: 2026-09-17 17:34:34 +07)" (scheduled at 2026-09-17 17:34:29.999412+07:00)
2026-09-17 17:34:30,013 INFO apscheduler.executors.default: Job "main.<locals>.run_trail_sl (trigger: interval[0:00:05], next run at: 2026-09-17 17:34:34 +07)" executed successfully
2026-09-17 17:34:31,015 INFO apscheduler.executors.default: Running job "main.<locals>.run_scan (trigger: cron[second='1,6,11,16,21,26,31,36,41,46,51,56'], next run at: 2026-09-17 17:34:36 +07)" (scheduled at 2026-09-17 17:34:31+07:00)
2026-09-17 17:34:31,015 INFO apscheduler.executors.default: Job "main.<locals>.run_scan (trigger: cron[second='1,6,11,16,21,26,31,36,41,46,51,56'], next run at: 2026-09-17 17:34:36 +07)" executed successfully
2026-09-17 17:34:31,017 INFO apscheduler.executors.default: Running job "main.<locals>.write_heartbeat_job (trigger: interval[0:00:15], next run at: 2026-09-17 17:34:46 +07)" (scheduled at 2026-09-17 17:34:31.000927+07:00)
2026-09-17 17:34:31,020 INFO apscheduler.executors.default: Job "main.<locals>.write_heartbeat_job (trigger: interval[0:00:15], next run at: 2026-09-17 17:34:46 +07)" executed successfully
2026-09-17 17:34:31,973 INFO httpx: HTTP Request: POST https://api.telegram.org/bot8700368282:AAGR_rmMfYeVtzIKkOQMXQrTWzmbbEs9MFQ/getUpdates "HTTP/1.1 200 OK"
2026-09-17 17:34:35,004 INFO apscheduler.executors.default: Running job "main.<locals>.run_lts_aus_fast_scan (trigger: interval[0:00:05], next run at: 2026-09-17 17:34:39 +07)" (scheduled at 2026-09-17 17:34:34.999412+07:00)
2026-09-17 17:34:35,004 INFO apscheduler.executors.default: Job "main.<locals>.run_lts_aus_fast_scan (trigger: interval[0:00:05], next run at: 2026-09-17 17:34:39 +07)" executed successfully
2026-09-17 17:34:35,006 INFO apscheduler.executors.default: Running job "main.<locals>.run_position_check (trigger: interval[0:00:05], next run at: 2026-09-17 17:34:39 +07)" (scheduled at 2026-09-17 17:34:34.999412+07:00)
2026-09-17 17:34:35,010 INFO apscheduler.executors.default: Job "main.<locals>.run_position_check (trigger: interval[0:00:05], next run at: 2026-09-17 17:34:39 +07)" executed successfully
2026-09-17 17:34:35,010 INFO apscheduler.executors.default: Running job "main.<locals>.save_bot_state_job (trigger: interval[0:00:15], next run at: 2026-09-17 17:34:49 +07)" (scheduled at 2026-09-17 17:34:34.999412+07:00)
2026-09-17 17:34:35,012 INFO apscheduler.executors.default: Job "main.<locals>.save_bot_state_job (trigger: interval[0:00:15], next run at: 2026-09-17 17:34:49 +07)" executed successfully
2026-09-17 17:34:35,013 INFO apscheduler.executors.default: Running job "main.<locals>.run_trail_sl (trigger: interval[0:00:05], next run at: 2026-09-17 17:34:39 +07)" (scheduled at 2026-09-17 17:34:34.999412+07:00)
2026-09-17 17:34:35,014 INFO apscheduler.executors.default: Job "main.<locals>.run_trail_sl (trigger: interval[0:00:05], next run at: 2026-09-17 17:34:39 +07)" executed successfully
2026-09-17 17:34:36,015 INFO apscheduler.executors.default: Running job "main.<locals>.run_scan (trigger: cron[second='1,6,11,16,21,26,31,36,41,46,51,56'], next run at: 2026-09-17 17:34:41 +07)" (scheduled at 2026-09-17 17:34:36+07:00)
2026-09-17 17:34:36,015 INFO apscheduler.executors.default: Job "main.<locals>.run_scan (trigger: cron[second='1,6,11,16,21,26,31,36,41,46,51,56'], next run at: 2026-09-17 17:34:41 +07)" executed successfully
2026-09-17 17:34:40,008 INFO apscheduler.executors.default: Running job "main.<locals>.run_lts_aus_fast_scan (trigger: interval[0:00:05], next run at: 2026-09-17 17:34:44 +07)" (scheduled at 2026-09-17 17:34:39.999412+07:00)
2026-09-17 17:34:40,010 INFO apscheduler.executors.default: Job "main.<locals>.run_lts_aus_fast_scan (trigger: interval[0:00:05], next run at: 2026-09-17 17:34:44 +07)" executed successfully
2026-09-17 17:34:40,010 INFO apscheduler.executors.default: Running job "main.<locals>.run_position_check (trigger: interval[0:00:05], next run at: 2026-09-17 17:34:44 +07)" (scheduled at 2026-09-17 17:34:39.999412+07:00)
2026-09-17 17:34:40,015 INFO apscheduler.executors.default: Job "main.<locals>.run_position_check (trigger: interval[0:00:05], next run at: 2026-09-17 17:34:44 +07)" executed successfully
2026-09-17 17:34:40,015 INFO apscheduler.executors.default: Running job "main.<locals>.run_trail_sl (trigger: interval[0:00:05], next run at: 2026-09-17 17:34:44 +07)" (scheduled at 2026-09-17 17:34:39.999412+07:00)
2026-09-17 17:34:40,015 INFO apscheduler.executors.default: Job "main.<locals>.run_trail_sl (trigger: interval[0:00:05], next run at: 2026-09-17 17:34:44 +07)" executed successfully
2026-09-17 17:34:41,020 INFO apscheduler.executors.default: Running job "main.<locals>.run_scan (trigger: cron[second='1,6,11,16,21,26,31,36,41,46,51,56'], next run at: 2026-09-17 17:34:46 +07)" (scheduled at 2026-09-17 17:34:41+07:00)
2026-09-17 17:34:41,021 INFO apscheduler.executors.default: Job "main.<locals>.run_scan (trigger: cron[second='1,6,11,16,21,26,31,36,41,46,51,56'], next run at: 2026-09-17 17:34:46 +07)" executed successfully
2026-09-17 17:34:42,165 INFO httpx: HTTP Request: POST https://api.telegram.org/bot8700368282:AAGR_rmMfYeVtzIKkOQMXQrTWzmbbEs9MFQ/getUpdates "HTTP/1.1 200 OK"
2026-09-17 17:34:45,017 INFO apscheduler.executors.default: Running job "main.<locals>.run_lts_aus_fast_scan (trigger: interval[0:00:05], next run at: 2026-09-17 17:34:49 +07)" (scheduled at 2026-09-17 17:34:44.999412+07:00)
2026-09-17 17:34:45,017 INFO apscheduler.executors.default: Job "main.<locals>.run_lts_aus_fast_scan (trigger: interval[0:00:05], next run at: 2026-09-17 17:34:49 +07)" executed successfully
2026-09-17 17:34:45,019 INFO apscheduler.executors.default: Running job "main.<locals>.run_position_check (trigger: interval[0:00:05], next run at: 2026-09-17 17:34:49 +07)" (scheduled at 2026-09-17 17:34:44.999412+07:00)
2026-09-17 17:34:45,023 INFO apscheduler.executors.default: Job "main.<locals>.run_position_check (trigger: interval[0:00:05], next run at: 2026-09-17 17:34:49 +07)" executed successfully
2026-09-17 17:34:45,024 INFO apscheduler.executors.default: Running job "main.<locals>.run_trail_sl (trigger: interval[0:00:05], next run at: 2026-09-17 17:34:49 +07)" (scheduled at 2026-09-17 17:34:44.999412+07:00)
2026-09-17 17:34:45,024 INFO apscheduler.executors.default: Job "main.<locals>.run_trail_sl (trigger: interval[0:00:05], next run at: 2026-09-17 17:34:49 +07)" executed successfully
2026-09-17 17:34:46,010 INFO apscheduler.executors.default: Running job "main.<locals>.run_scan (trigger: cron[second='1,6,11,16,21,26,31,36,41,46,51,56'], next run at: 2026-09-17 17:34:51 +07)" (scheduled at 2026-09-17 17:34:46+07:00)
2026-09-17 17:34:46,010 INFO apscheduler.executors.default: Job "main.<locals>.run_scan (trigger: cron[second='1,6,11,16,21,26,31,36,41,46,51,56'], next run at: 2026-09-17 17:34:51 +07)" executed successfully
2026-09-17 17:34:46,011 INFO apscheduler.executors.default: Running job "main.<locals>.write_heartbeat_job (trigger: interval[0:00:15], next run at: 2026-09-17 17:35:01 +07)" (scheduled at 2026-09-17 17:34:46.000927+07:00)
2026-09-17 17:34:46,013 INFO apscheduler.executors.default: Job "main.<locals>.write_heartbeat_job (trigger: interval[0:00:15], next run at: 2026-09-17 17:35:01 +07)" executed successfully
2026-09-17 17:34:50,012 INFO apscheduler.executors.default: Running job "main.<locals>.run_lts_aus_fast_scan (trigger: interval[0:00:05], next run at: 2026-09-17 17:34:54 +07)" (scheduled at 2026-09-17 17:34:49.999412+07:00)
2026-09-17 17:34:50,012 INFO apscheduler.executors.default: Job "main.<locals>.run_lts_aus_fast_scan (trigger: interval[0:00:05], next run at: 2026-09-17 17:34:54 +07)" executed successfully
2026-09-17 17:34:50,012 INFO apscheduler.executors.default: Running job "main.<locals>.run_position_check (trigger: interval[0:00:05], next run at: 2026-09-17 17:34:54 +07)" (scheduled at 2026-09-17 17:34:49.999412+07:00)
2026-09-17 17:34:50,016 INFO apscheduler.executors.default: Job "main.<locals>.run_position_check (trigger: interval[0:00:05], next run at: 2026-09-17 17:34:54 +07)" executed successfully
2026-09-17 17:34:50,016 INFO apscheduler.executors.default: Running job "main.<locals>.save_bot_state_job (trigger: interval[0:00:15], next run at: 2026-09-17 17:35:04 +07)" (scheduled at 2026-09-17 17:34:49.999412+07:00)
2026-09-17 17:34:50,017 INFO apscheduler.executors.default: Job "main.<locals>.save_bot_state_job (trigger: interval[0:00:15], next run at: 2026-09-17 17:35:04 +07)" executed successfully
2026-09-17 17:34:50,017 INFO apscheduler.executors.default: Running job "main.<locals>.run_trail_sl (trigger: interval[0:00:05], next run at: 2026-09-17 17:34:54 +07)" (scheduled at 2026-09-17 17:34:49.999412+07:00)
2026-09-17 17:34:50,018 INFO apscheduler.executors.default: Job "main.<locals>.run_trail_sl (trigger: interval[0:00:05], next run at: 2026-09-17 17:34:54 +07)" executed successfully
2026-09-17 17:34:51,005 INFO apscheduler.executors.default: Running job "main.<locals>.run_scan (trigger: cron[second='1,6,11,16,21,26,31,36,41,46,51,56'], next run at: 2026-09-17 17:34:56 +07)" (scheduled at 2026-09-17 17:34:51+07:00)
2026-09-17 17:34:51,005 INFO apscheduler.executors.default: Job "main.<locals>.run_scan (trigger: cron[second='1,6,11,16,21,26,31,36,41,46,51,56'], next run at: 2026-09-17 17:34:56 +07)" executed successfully
2026-09-17 17:34:52,357 INFO httpx: HTTP Request: POST https://api.telegram.org/bot8700368282:AAGR_rmMfYeVtzIKkOQMXQrTWzmbbEs9MFQ/getUpdates "HTTP/1.1 200 OK"
2026-09-17 17:34:55,016 INFO apscheduler.executors.default: Running job "main.<locals>.run_lts_aus_fast_scan (trigger: interval[0:00:05], next run at: 2026-09-17 17:34:59 +07)" (scheduled at 2026-09-17 17:34:54.999412+07:00)
2026-09-17 17:34:55,018 INFO apscheduler.executors.default: Job "main.<locals>.run_lts_aus_fast_scan (trigger: interval[0:00:05], next run at: 2026-09-17 17:34:59 +07)" executed successfully
2026-09-17 17:34:55,018 INFO apscheduler.executors.default: Running job "main.<locals>.run_position_check (trigger: interval[0:00:05], next run at: 2026-09-17 17:34:59 +07)" (scheduled at 2026-09-17 17:34:54.999412+07:00)
2026-09-17 17:34:55,022 INFO apscheduler.executors.default: Job "main.<locals>.run_position_check (trigger: interval[0:00:05], next run at: 2026-09-17 17:34:59 +07)" executed successfully
2026-09-17 17:34:55,024 INFO apscheduler.executors.default: Running job "main.<locals>.run_trail_sl (trigger: interval[0:00:05], next run at: 2026-09-17 17:34:59 +07)" (scheduled at 2026-09-17 17:34:54.999412+07:00)
2026-09-17 17:34:55,024 INFO apscheduler.executors.default: Job "main.<locals>.run_trail_sl (trigger: interval[0:00:05], next run at: 2026-09-17 17:34:59 +07)" executed successfully
2026-09-17 17:34:56,009 INFO apscheduler.executors.default: Running job "main.<locals>.run_scan (trigger: cron[second='1,6,11,16,21,26,31,36,41,46,51,56'], next run at: 2026-09-17 17:35:01 +07)" (scheduled at 2026-09-17 17:34:56+07:00)
2026-09-17 17:34:56,009 INFO apscheduler.executors.default: Job "main.<locals>.run_scan (trigger: cron[second='1,6,11,16,21,26,31,36,41,46,51,56'], next run at: 2026-09-17 17:35:01 +07)" executed successfully
2026-09-17 17:35:00,011 INFO apscheduler.executors.default: Running job "main.<locals>.run_lts_aus_fast_scan (trigger: interval[0:00:05], next run at: 2026-09-17 17:35:04 +07)" (scheduled at 2026-09-17 17:34:59.999412+07:00)
2026-09-17 17:35:00,011 INFO apscheduler.executors.default: Job "main.<locals>.run_lts_aus_fast_scan (trigger: interval[0:00:05], next run at: 2026-09-17 17:35:04 +07)" executed successfully
2026-09-17 17:35:00,012 INFO apscheduler.executors.default: Running job "main.<locals>.run_position_check (trigger: interval[0:00:05], next run at: 2026-09-17 17:35:04 +07)" (scheduled at 2026-09-17 17:34:59.999412+07:00)
2026-09-17 17:35:00,017 INFO apscheduler.executors.default: Job "main.<locals>.run_position_check (trigger: interval[0:00:05], next run at: 2026-09-17 17:35:04 +07)" executed successfully
2026-09-17 17:35:00,017 INFO apscheduler.executors.default: Running job "main.<locals>.run_trail_sl (trigger: interval[0:00:05], next run at: 2026-09-17 17:35:04 +07)" (scheduled at 2026-09-17 17:34:59.999412+07:00)
2026-09-17 17:35:00,018 INFO apscheduler.executors.default: Job "main.<locals>.run_trail_sl (trigger: interval[0:00:05], next run at: 2026-09-17 17:35:04 +07)" executed successfully
2026-09-17 17:35:01,015 INFO apscheduler.executors.default: Running job "main.<locals>.run_scan (trigger: cron[second='1,6,11,16,21,26,31,36,41,46,51,56'], next run at: 2026-09-17 17:35:06 +07)" (scheduled at 2026-09-17 17:35:01+07:00)
2026-09-17 17:35:01,015 INFO apscheduler.executors.default: Job "main.<locals>.run_scan (trigger: cron[second='1,6,11,16,21,26,31,36,41,46,51,56'], next run at: 2026-09-17 17:35:06 +07)" executed successfully
2026-09-17 17:35:01,015 INFO apscheduler.executors.default: Running job "main.<locals>.write_heartbeat_job (trigger: interval[0:00:15], next run at: 2026-09-17 17:35:16 +07)" (scheduled at 2026-09-17 17:35:01.000927+07:00)
2026-09-17 17:35:01,018 INFO apscheduler.executors.default: Job "main.<locals>.write_heartbeat_job (trigger: interval[0:00:15], next run at: 2026-09-17 17:35:16 +07)" executed successfully
2026-09-17 17:35:02,551 INFO httpx: HTTP Request: POST https://api.telegram.org/bot8700368282:AAGR_rmMfYeVtzIKkOQMXQrTWzmbbEs9MFQ/getUpdates "HTTP/1.1 200 OK"
2026-09-17 17:35:04,997 INFO apscheduler.executors.default: Running job "main.<locals>.check_symbol_switch (trigger: interval[0:01:00], next run at: 2026-09-17 17:36:04 +07)" (scheduled at 2026-09-17 17:35:04.997660+07:00)
2026-09-17 17:35:05,005 INFO apscheduler.executors.default: Job "main.<locals>.check_symbol_switch (trigger: interval[0:01:00], next run at: 2026-09-17 17:36:04 +07)" executed successfully
2026-09-17 17:35:05,005 INFO apscheduler.executors.default: Running job "main.<locals>.run_lts_aus_fast_scan (trigger: interval[0:00:05], next run at: 2026-09-17 17:35:09 +07)" (scheduled at 2026-09-17 17:35:04.999412+07:00)
2026-09-17 17:35:05,006 INFO apscheduler.executors.default: Job "main.<locals>.run_lts_aus_fast_scan (trigger: interval[0:00:05], next run at: 2026-09-17 17:35:09 +07)" executed successfully
2026-09-17 17:35:05,006 INFO apscheduler.executors.default: Running job "main.<locals>.run_position_check (trigger: interval[0:00:05], next run at: 2026-09-17 17:35:09 +07)" (scheduled at 2026-09-17 17:35:04.999412+07:00)
2026-09-17 17:35:05,016 INFO apscheduler.executors.default: Job "main.<locals>.run_position_check (trigger: interval[0:00:05], next run at: 2026-09-17 17:35:09 +07)" executed successfully
2026-09-17 17:35:05,016 INFO apscheduler.executors.default: Running job "main.<locals>.save_bot_state_job (trigger: interval[0:00:15], next run at: 2026-09-17 17:35:19 +07)" (scheduled at 2026-09-17 17:35:04.999412+07:00)
2026-09-17 17:35:05,019 INFO apscheduler.executors.default: Job "main.<locals>.save_bot_state_job (trigger: interval[0:00:15], next run at: 2026-09-17 17:35:19 +07)" executed successfully
2026-09-17 17:35:05,021 INFO apscheduler.executors.default: Running job "main.<locals>.run_trail_sl (trigger: interval[0:00:05], next run at: 2026-09-17 17:35:09 +07)" (scheduled at 2026-09-17 17:35:04.999412+07:00)
2026-09-17 17:35:05,022 INFO apscheduler.executors.default: Job "main.<locals>.run_trail_sl (trigger: interval[0:00:05], next run at: 2026-09-17 17:35:09 +07)" executed successfully
2026-09-17 17:35:05,023 INFO apscheduler.executors.default: Running job "main.<locals>.run_watchdog (trigger: interval[0:01:00], next run at: 2026-09-17 17:36:05 +07)" (scheduled at 2026-09-17 17:35:05.000927+07:00)
2026-09-17 17:35:05,026 INFO apscheduler.executors.default: Job "main.<locals>.run_watchdog (trigger: interval[0:01:00], next run at: 2026-09-17 17:36:05 +07)" executed successfully
2026-09-17 17:35:06,008 INFO apscheduler.executors.default: Running job "main.<locals>.run_scan (trigger: cron[second='1,6,11,16,21,26,31,36,41,46,51,56'], next run at: 2026-09-17 17:35:11 +07)" (scheduled at 2026-09-17 17:35:06+07:00)
2026-09-17 17:35:06,008 INFO apscheduler.executors.default: Job "main.<locals>.run_scan (trigger: cron[second='1,6,11,16,21,26,31,36,41,46,51,56'], next run at: 2026-09-17 17:35:11 +07)" executed successfully
2026-09-17 17:35:10,015 INFO apscheduler.executors.default: Running job "main.<locals>.run_lts_aus_fast_scan (trigger: interval[0:00:05], next run at: 2026-09-17 17:35:14 +07)" (scheduled at 2026-09-17 17:35:09.999412+07:00)
2026-09-17 17:35:10,017 INFO apscheduler.executors.default: Job "main.<locals>.run_lts_aus_fast_scan (trigger: interval[0:00:05], next run at: 2026-09-17 17:35:14 +07)" executed successfully
2026-09-17 17:35:10,019 INFO apscheduler.executors.default: Running job "main.<locals>.run_position_check (trigger: interval[0:00:05], next run at: 2026-09-17 17:35:14 +07)" (scheduled at 2026-09-17 17:35:09.999412+07:00)
2026-09-17 17:35:10,025 INFO apscheduler.executors.default: Job "main.<locals>.run_position_check (trigger: interval[0:00:05], next run at: 2026-09-17 17:35:14 +07)" executed successfully
2026-09-17 17:35:10,025 INFO apscheduler.executors.default: Running job "main.<locals>.run_trail_sl (trigger: interval[0:00:05], next run at: 2026-09-17 17:35:14 +07)" (scheduled at 2026-09-17 17:35:09.999412+07:00)
2026-09-17 17:35:10,026 INFO apscheduler.executors.default: Job "main.<locals>.run_trail_sl (trigger: interval[0:00:05], next run at: 2026-09-17 17:35:14 +07)" executed successfully
2026-09-17 17:35:11,006 INFO apscheduler.executors.default: Running job "main.<locals>.run_scan (trigger: cron[second='1,6,11,16,21,26,31,36,41,46,51,56'], next run at: 2026-09-17 17:35:16 +07)" (scheduled at 2026-09-17 17:35:11+07:00)
2026-09-17 17:35:11,007 INFO apscheduler.executors.default: Job "main.<locals>.run_scan (trigger: cron[second='1,6,11,16,21,26,31,36,41,46,51,56'], next run at: 2026-09-17 17:35:16 +07)" executed successfully
2026-09-17 17:35:12,744 INFO httpx: HTTP Request: POST https://api.telegram.org/bot8700368282:AAGR_rmMfYeVtzIKkOQMXQrTWzmbbEs9MFQ/getUpdates "HTTP/1.1 200 OK"
2026-09-17 17:35:15,010 INFO apscheduler.executors.default: Running job "main.<locals>.run_lts_aus_fast_scan (trigger: interval[0:00:05], next run at: 2026-09-17 17:35:19 +07)" (scheduled at 2026-09-17 17:35:14.999412+07:00)
2026-09-17 17:35:15,011 INFO apscheduler.executors.default: Job "main.<locals>.run_lts_aus_fast_scan (trigger: interval[0:00:05], next run at: 2026-09-17 17:35:19 +07)" executed successfully
2026-09-17 17:35:15,011 INFO apscheduler.executors.default: Running job "main.<locals>.run_position_check (trigger: interval[0:00:05], next run at: 2026-09-17 17:35:19 +07)" (scheduled at 2026-09-17 17:35:14.999412+07:00)
2026-09-17 17:35:15,014 INFO apscheduler.executors.default: Job "main.<locals>.run_position_check (trigger: interval[0:00:05], next run at: 2026-09-17 17:35:19 +07)" executed successfully
2026-09-17 17:35:15,014 INFO apscheduler.executors.default: Running job "main.<locals>.run_trail_sl (trigger: interval[0:00:05], next run at: 2026-09-17 17:35:19 +07)" (scheduled at 2026-09-17 17:35:14.999412+07:00)
2026-09-17 17:35:15,014 INFO apscheduler.executors.default: Job "main.<locals>.run_trail_sl (trigger: interval[0:00:05], next run at: 2026-09-17 17:35:19 +07)" executed successfully
2026-09-17 17:35:16,018 INFO apscheduler.executors.default: Running job "main.<locals>.run_scan (trigger: cron[second='1,6,11,16,21,26,31,36,41,46,51,56'], next run at: 2026-09-17 17:35:21 +07)" (scheduled at 2026-09-17 17:35:16+07:00)
2026-09-17 17:35:16,018 INFO apscheduler.executors.default: Job "main.<locals>.run_scan (trigger: cron[second='1,6,11,16,21,26,31,36,41,46,51,56'], next run at: 2026-09-17 17:35:21 +07)" executed successfully
2026-09-17 17:35:16,019 INFO apscheduler.executors.default: Running job "main.<locals>.write_heartbeat_job (trigger: interval[0:00:15], next run at: 2026-09-17 17:35:31 +07)" (scheduled at 2026-09-17 17:35:16.000927+07:00)
2026-09-17 17:35:16,023 INFO apscheduler.executors.default: Job "main.<locals>.write_heartbeat_job (trigger: interval[0:00:15], next run at: 2026-09-17 17:35:31 +07)" executed successfully
2026-09-17 17:35:19,999 INFO apscheduler.executors.default: Running job "main.<locals>.run_lts_aus_fast_scan (trigger: interval[0:00:05], next run at: 2026-09-17 17:35:24 +07)" (scheduled at 2026-09-17 17:35:19.999412+07:00)
2026-09-17 17:35:20,001 INFO apscheduler.executors.default: Job "main.<locals>.run_lts_aus_fast_scan (trigger: interval[0:00:05], next run at: 2026-09-17 17:35:24 +07)" executed successfully
2026-09-17 17:35:20,001 INFO apscheduler.executors.default: Running job "main.<locals>.run_position_check (trigger: interval[0:00:05], next run at: 2026-09-17 17:35:24 +07)" (scheduled at 2026-09-17 17:35:19.999412+07:00)
2026-09-17 17:35:20,007 INFO apscheduler.executors.default: Job "main.<locals>.run_position_check (trigger: interval[0:00:05], next run at: 2026-09-17 17:35:24 +07)" executed successfully
2026-09-17 17:35:20,007 INFO apscheduler.executors.default: Running job "main.<locals>.save_bot_state_job (trigger: interval[0:00:15], next run at: 2026-09-17 17:35:34 +07)" (scheduled at 2026-09-17 17:35:19.999412+07:00)
2026-09-17 17:35:20,009 INFO apscheduler.executors.default: Job "main.<locals>.save_bot_state_job (trigger: interval[0:00:15], next run at: 2026-09-17 17:35:34 +07)" executed successfully
2026-09-17 17:35:20,012 INFO apscheduler.executors.default: Running job "main.<locals>.run_trail_sl (trigger: interval[0:00:05], next run at: 2026-09-17 17:35:24 +07)" (scheduled at 2026-09-17 17:35:19.999412+07:00)
2026-09-17 17:35:20,012 INFO apscheduler.executors.default: Job "main.<locals>.run_trail_sl (trigger: interval[0:00:05], next run at: 2026-09-17 17:35:24 +07)" executed successfully
2026-09-17 17:35:21,001 INFO apscheduler.executors.default: Running job "main.<locals>.run_scan (trigger: cron[second='1,6,11,16,21,26,31,36,41,46,51,56'], next run at: 2026-09-17 17:35:26 +07)" (scheduled at 2026-09-17 17:35:21+07:00)
2026-09-17 17:35:21,001 INFO apscheduler.executors.default: Job "main.<locals>.run_scan (trigger: cron[second='1,6,11,16,21,26,31,36,41,46,51,56'], next run at: 2026-09-17 17:35:26 +07)" executed successfully
2026-09-17 17:35:22,938 INFO httpx: HTTP Request: POST https://api.telegram.org/bot8700368282:AAGR_rmMfYeVtzIKkOQMXQrTWzmbbEs9MFQ/getUpdates "HTTP/1.1 200 OK"
2026-09-17 17:35:25,012 INFO apscheduler.executors.default: Running job "main.<locals>.run_lts_aus_fast_scan (trigger: interval[0:00:05], next run at: 2026-09-17 17:35:29 +07)" (scheduled at 2026-09-17 17:35:24.999412+07:00)
2026-09-17 17:35:25,014 INFO apscheduler.executors.default: Job "main.<locals>.run_lts_aus_fast_scan (trigger: interval[0:00:05], next run at: 2026-09-17 17:35:29 +07)" executed successfully
2026-09-17 17:35:25,014 INFO apscheduler.executors.default: Running job "main.<locals>.run_position_check (trigger: interval[0:00:05], next run at: 2026-09-17 17:35:29 +07)" (scheduled at 2026-09-17 17:35:24.999412+07:00)
2026-09-17 17:35:25,018 INFO apscheduler.executors.default: Job "main.<locals>.run_position_check (trigger: interval[0:00:05], next run at: 2026-09-17 17:35:29 +07)" executed successfully
2026-09-17 17:35:25,018 INFO apscheduler.executors.default: Running job "main.<locals>.run_trail_sl (trigger: interval[0:00:05], next run at: 2026-09-17 17:35:29 +07)" (scheduled at 2026-09-17 17:35:24.999412+07:00)
2026-09-17 17:35:25,018 INFO apscheduler.executors.default: Job "main.<locals>.run_trail_sl (trigger: interval[0:00:05], next run at: 2026-09-17 17:35:29 +07)" executed successfully
2026-09-17 17:35:26,008 INFO apscheduler.executors.default: Running job "main.<locals>.run_scan (trigger: cron[second='1,6,11,16,21,26,31,36,41,46,51,56'], next run at: 2026-09-17 17:35:31 +07)" (scheduled at 2026-09-17 17:35:26+07:00)
2026-09-17 17:35:26,008 INFO apscheduler.executors.default: Job "main.<locals>.run_scan (trigger: cron[second='1,6,11,16,21,26,31,36,41,46,51,56'], next run at: 2026-09-17 17:35:31 +07)" executed successfully
2026-09-17 17:35:30,010 INFO apscheduler.executors.default: Running job "main.<locals>.run_lts_aus_fast_scan (trigger: interval[0:00:05], next run at: 2026-09-17 17:35:34 +07)" (scheduled at 2026-09-17 17:35:29.999412+07:00)
2026-09-17 17:35:30,010 INFO apscheduler.executors.default: Job "main.<locals>.run_lts_aus_fast_scan (trigger: interval[0:00:05], next run at: 2026-09-17 17:35:34 +07)" executed successfully
2026-09-17 17:35:30,012 INFO apscheduler.executors.default: Running job "main.<locals>.run_position_check (trigger: interval[0:00:05], next run at: 2026-09-17 17:35:34 +07)" (scheduled at 2026-09-17 17:35:29.999412+07:00)
2026-09-17 17:35:30,015 INFO apscheduler.executors.default: Job "main.<locals>.run_position_check (trigger: interval[0:00:05], next run at: 2026-09-17 17:35:34 +07)" executed successfully
2026-09-17 17:35:30,015 INFO apscheduler.executors.default: Running job "main.<locals>.run_trail_sl (trigger: interval[0:00:05], next run at: 2026-09-17 17:35:34 +07)" (scheduled at 2026-09-17 17:35:29.999412+07:00)
2026-09-17 17:35:30,016 INFO apscheduler.executors.default: Job "main.<locals>.run_trail_sl (trigger: interval[0:00:05], next run at: 2026-09-17 17:35:34 +07)" executed successfully
2026-09-17 17:35:31,008 INFO apscheduler.executors.default: Running job "main.<locals>.run_scan (trigger: cron[second='1,6,11,16,21,26,31,36,41,46,51,56'], next run at: 2026-09-17 17:35:36 +07)" (scheduled at 2026-09-17 17:35:31+07:00)
2026-09-17 17:35:31,008 INFO apscheduler.executors.default: Job "main.<locals>.run_scan (trigger: cron[second='1,6,11,16,21,26,31,36,41,46,51,56'], next run at: 2026-09-17 17:35:36 +07)" executed successfully
2026-09-17 17:35:31,008 INFO apscheduler.executors.default: Running job "main.<locals>.write_heartbeat_job (trigger: interval[0:00:15], next run at: 2026-09-17 17:35:46 +07)" (scheduled at 2026-09-17 17:35:31.000927+07:00)
2026-09-17 17:35:31,011 INFO apscheduler.executors.default: Job "main.<locals>.write_heartbeat_job (trigger: interval[0:00:15], next run at: 2026-09-17 17:35:46 +07)" executed successfully
2026-09-17 17:35:33,132 INFO httpx: HTTP Request: POST https://api.telegram.org/bot8700368282:AAGR_rmMfYeVtzIKkOQMXQrTWzmbbEs9MFQ/getUpdates "HTTP/1.1 200 OK"
2026-09-17 17:35:35,004 INFO apscheduler.executors.default: Running job "main.<locals>.run_lts_aus_fast_scan (trigger: interval[0:00:05], next run at: 2026-09-17 17:35:39 +07)" (scheduled at 2026-09-17 17:35:34.999412+07:00)
2026-09-17 17:35:35,005 INFO apscheduler.executors.default: Job "main.<locals>.run_lts_aus_fast_scan (trigger: interval[0:00:05], next run at: 2026-09-17 17:35:39 +07)" executed successfully
2026-09-17 17:35:35,006 INFO apscheduler.executors.default: Running job "main.<locals>.run_position_check (trigger: interval[0:00:05], next run at: 2026-09-17 17:35:39 +07)" (scheduled at 2026-09-17 17:35:34.999412+07:00)
2026-09-17 17:35:35,012 INFO apscheduler.executors.default: Job "main.<locals>.run_position_check (trigger: interval[0:00:05], next run at: 2026-09-17 17:35:39 +07)" executed successfully
2026-09-17 17:35:35,012 INFO apscheduler.executors.default: Running job "main.<locals>.save_bot_state_job (trigger: interval[0:00:15], next run at: 2026-09-17 17:35:49 +07)" (scheduled at 2026-09-17 17:35:34.999412+07:00)
2026-09-17 17:35:35,015 INFO apscheduler.executors.default: Job "main.<locals>.save_bot_state_job (trigger: interval[0:00:15], next run at: 2026-09-17 17:35:49 +07)" executed successfully
2026-09-17 17:35:35,015 INFO apscheduler.executors.default: Running job "main.<locals>.run_trail_sl (trigger: interval[0:00:05], next run at: 2026-09-17 17:35:39 +07)" (scheduled at 2026-09-17 17:35:34.999412+07:00)
2026-09-17 17:35:35,017 INFO apscheduler.executors.default: Job "main.<locals>.run_trail_sl (trigger: interval[0:00:05], next run at: 2026-09-17 17:35:39 +07)" executed successfully
2026-09-17 17:35:36,027 INFO apscheduler.executors.default: Running job "main.<locals>.run_scan (trigger: cron[second='1,6,11,16,21,26,31,36,41,46,51,56'], next run at: 2026-09-17 17:35:41 +07)" (scheduled at 2026-09-17 17:35:36+07:00)
2026-09-17 17:35:36,028 INFO apscheduler.executors.default: Job "main.<locals>.run_scan (trigger: cron[second='1,6,11,16,21,26,31,36,41,46,51,56'], next run at: 2026-09-17 17:35:41 +07)" executed successfully
2026-09-17 17:35:40,007 INFO apscheduler.executors.default: Running job "main.<locals>.run_lts_aus_fast_scan (trigger: interval[0:00:05], next run at: 2026-09-17 17:35:44 +07)" (scheduled at 2026-09-17 17:35:39.999412+07:00)
2026-09-17 17:35:40,010 INFO apscheduler.executors.default: Job "main.<locals>.run_lts_aus_fast_scan (trigger: interval[0:00:05], next run at: 2026-09-17 17:35:44 +07)" executed successfully
2026-09-17 17:35:40,011 INFO apscheduler.executors.default: Running job "main.<locals>.run_position_check (trigger: interval[0:00:05], next run at: 2026-09-17 17:35:44 +07)" (scheduled at 2026-09-17 17:35:39.999412+07:00)
2026-09-17 17:35:40,017 INFO apscheduler.executors.default: Job "main.<locals>.run_position_check (trigger: interval[0:00:05], next run at: 2026-09-17 17:35:44 +07)" executed successfully
2026-09-17 17:35:40,017 INFO apscheduler.executors.default: Running job "main.<locals>.run_trail_sl (trigger: interval[0:00:05], next run at: 2026-09-17 17:35:44 +07)" (scheduled at 2026-09-17 17:35:39.999412+07:00)
2026-09-17 17:35:40,018 INFO apscheduler.executors.default: Job "main.<locals>.run_trail_sl (trigger: interval[0:00:05], next run at: 2026-09-17 17:35:44 +07)" executed successfully
2026-09-17 17:35:41,000 INFO apscheduler.executors.default: Running job "main.<locals>.run_scan (trigger: cron[second='1,6,11,16,21,26,31,36,41,46,51,56'], next run at: 2026-09-17 17:35:46 +07)" (scheduled at 2026-09-17 17:35:41+07:00)
2026-09-17 17:35:41,000 INFO apscheduler.executors.default: Job "main.<locals>.run_scan (trigger: cron[second='1,6,11,16,21,26,31,36,41,46,51,56'], next run at: 2026-09-17 17:35:46 +07)" executed successfully
2026-09-17 17:35:43,323 INFO httpx: HTTP Request: POST https://api.telegram.org/bot8700368282:AAGR_rmMfYeVtzIKkOQMXQrTWzmbbEs9MFQ/getUpdates "HTTP/1.1 200 OK"
2026-09-17 17:35:45,007 INFO apscheduler.executors.default: Running job "main.<locals>.run_lts_aus_fast_scan (trigger: interval[0:00:05], next run at: 2026-09-17 17:35:49 +07)" (scheduled at 2026-09-17 17:35:44.999412+07:00)
2026-09-17 17:35:45,008 INFO apscheduler.executors.default: Job "main.<locals>.run_lts_aus_fast_scan (trigger: interval[0:00:05], next run at: 2026-09-17 17:35:49 +07)" executed successfully
2026-09-17 17:35:45,008 INFO apscheduler.executors.default: Running job "main.<locals>.run_position_check (trigger: interval[0:00:05], next run at: 2026-09-17 17:35:49 +07)" (scheduled at 2026-09-17 17:35:44.999412+07:00)
2026-09-17 17:35:45,059 INFO apscheduler.executors.default: Job "main.<locals>.run_position_check (trigger: interval[0:00:05], next run at: 2026-09-17 17:35:49 +07)" executed successfully
2026-09-17 17:35:45,059 INFO apscheduler.executors.default: Running job "main.<locals>.run_trail_sl (trigger: interval[0:00:05], next run at: 2026-09-17 17:35:49 +07)" (scheduled at 2026-09-17 17:35:44.999412+07:00)
2026-09-17 17:35:45,059 INFO apscheduler.executors.default: Job "main.<locals>.run_trail_sl (trigger: interval[0:00:05], next run at: 2026-09-17 17:35:49 +07)" executed successfully
2026-09-17 17:35:45,849 INFO httpx: HTTP Request: POST https://api.telegram.org/bot8700368282:AAGR_rmMfYeVtzIKkOQMXQrTWzmbbEs9MFQ/sendMessage "HTTP/1.1 200 OK"
2026-09-17 17:35:46,001 INFO apscheduler.executors.default: Running job "main.<locals>.run_scan (trigger: cron[second='1,6,11,16,21,26,31,36,41,46,51,56'], next run at: 2026-09-17 17:35:51 +07)" (scheduled at 2026-09-17 17:35:46+07:00)
2026-09-17 17:35:46,002 INFO apscheduler.executors.default: Job "main.<locals>.run_scan (trigger: cron[second='1,6,11,16,21,26,31,36,41,46,51,56'], next run at: 2026-09-17 17:35:51 +07)" executed successfully
2026-09-17 17:35:46,003 INFO apscheduler.executors.default: Running job "main.<locals>.write_heartbeat_job (trigger: interval[0:00:15], next run at: 2026-09-17 17:36:01 +07)" (scheduled at 2026-09-17 17:35:46.000927+07:00)
2026-09-17 17:35:46,005 INFO apscheduler.executors.default: Job "main.<locals>.write_heartbeat_job (trigger: interval[0:00:15], next run at: 2026-09-17 17:36:01 +07)" executed successfully
2026-09-17 17:35:50,013 INFO apscheduler.executors.default: Running job "main.<locals>.run_lts_aus_fast_scan (trigger: interval[0:00:05], next run at: 2026-09-17 17:35:54 +07)" (scheduled at 2026-09-17 17:35:49.999412+07:00)
2026-09-17 17:35:50,013 INFO apscheduler.executors.default: Job "main.<locals>.run_lts_aus_fast_scan (trigger: interval[0:00:05], next run at: 2026-09-17 17:35:54 +07)" executed successfully
2026-09-17 17:35:50,013 INFO apscheduler.executors.default: Running job "main.<locals>.run_position_check (trigger: interval[0:00:05], next run at: 2026-09-17 17:35:54 +07)" (scheduled at 2026-09-17 17:35:49.999412+07:00)
2026-09-17 17:35:50,020 INFO apscheduler.executors.default: Job "main.<locals>.run_position_check (trigger: interval[0:00:05], next run at: 2026-09-17 17:35:54 +07)" executed successfully
2026-09-17 17:35:50,021 INFO apscheduler.executors.default: Running job "main.<locals>.save_bot_state_job (trigger: interval[0:00:15], next run at: 2026-09-17 17:36:04 +07)" (scheduled at 2026-09-17 17:35:49.999412+07:00)
2026-09-17 17:35:50,023 INFO apscheduler.executors.default: Job "main.<locals>.save_bot_state_job (trigger: interval[0:00:15], next run at: 2026-09-17 17:36:04 +07)" executed successfully
2026-09-17 17:35:50,024 INFO apscheduler.executors.default: Running job "main.<locals>.run_trail_sl (trigger: interval[0:00:05], next run at: 2026-09-17 17:35:54 +07)" (scheduled at 2026-09-17 17:35:49.999412+07:00)
2026-09-17 17:35:50,025 INFO apscheduler.executors.default: Job "main.<locals>.run_trail_sl (trigger: interval[0:00:05], next run at: 2026-09-17 17:35:54 +07)" executed successfully
2026-09-17 17:35:51,008 INFO apscheduler.executors.default: Running job "main.<locals>.run_scan (trigger: cron[second='1,6,11,16,21,26,31,36,41,46,51,56'], next run at: 2026-09-17 17:35:56 +07)" (scheduled at 2026-09-17 17:35:51+07:00)
2026-09-17 17:35:51,008 INFO apscheduler.executors.default: Job "main.<locals>.run_scan (trigger: cron[second='1,6,11,16,21,26,31,36,41,46,51,56'], next run at: 2026-09-17 17:35:56 +07)" executed successfully
2026-09-17 17:35:53,519 INFO httpx: HTTP Request: POST https://api.telegram.org/bot8700368282:AAGR_rmMfYeVtzIKkOQMXQrTWzmbbEs9MFQ/getUpdates "HTTP/1.1 200 OK"
2026-09-17 17:35:55,003 INFO apscheduler.executors.default: Running job "main.<locals>.run_lts_aus_fast_scan (trigger: interval[0:00:05], next run at: 2026-09-17 17:35:59 +07)" (scheduled at 2026-09-17 17:35:54.999412+07:00)
2026-09-17 17:35:55,006 INFO apscheduler.executors.default: Job "main.<locals>.run_lts_aus_fast_scan (trigger: interval[0:00:05], next run at: 2026-09-17 17:35:59 +07)" executed successfully
2026-09-17 17:35:55,006 INFO apscheduler.executors.default: Running job "main.<locals>.run_position_check (trigger: interval[0:00:05], next run at: 2026-09-17 17:35:59 +07)" (scheduled at 2026-09-17 17:35:54.999412+07:00)
2026-09-17 17:35:55,010 INFO apscheduler.executors.default: Job "main.<locals>.run_position_check (trigger: interval[0:00:05], next run at: 2026-09-17 17:35:59 +07)" executed successfully
2026-09-17 17:35:55,011 INFO apscheduler.executors.default: Running job "main.<locals>.run_trail_sl (trigger: interval[0:00:05], next run at: 2026-09-17 17:35:59 +07)" (scheduled at 2026-09-17 17:35:54.999412+07:00)
2026-09-17 17:35:55,011 INFO apscheduler.executors.default: Job "main.<locals>.run_trail_sl (trigger: interval[0:00:05], next run at: 2026-09-17 17:35:59 +07)" executed successfully
2026-09-17 17:35:56,009 INFO apscheduler.executors.default: Running job "main.<locals>.run_scan (trigger: cron[second='1,6,11,16,21,26,31,36,41,46,51,56'], next run at: 2026-09-17 17:36:01 +07)" (scheduled at 2026-09-17 17:35:56+07:00)
2026-09-17 17:35:56,009 INFO apscheduler.executors.default: Job "main.<locals>.run_scan (trigger: cron[second='1,6,11,16,21,26,31,36,41,46,51,56'], next run at: 2026-09-17 17:36:01 +07)" executed successfully
2026-09-17 17:36:00,006 INFO apscheduler.executors.default: Running job "main.<locals>.run_lts_aus_fast_scan (trigger: interval[0:00:05], next run at: 2026-09-17 17:36:04 +07)" (scheduled at 2026-09-17 17:35:59.999412+07:00)
2026-09-17 17:36:00,006 INFO apscheduler.executors.default: Job "main.<locals>.run_lts_aus_fast_scan (trigger: interval[0:00:05], next run at: 2026-09-17 17:36:04 +07)" executed successfully
2026-09-17 17:36:00,007 INFO apscheduler.executors.default: Running job "main.<locals>.run_position_check (trigger: interval[0:00:05], next run at: 2026-09-17 17:36:04 +07)" (scheduled at 2026-09-17 17:35:59.999412+07:00)
2026-09-17 17:36:00,014 INFO apscheduler.executors.default: Job "main.<locals>.run_position_check (trigger: interval[0:00:05], next run at: 2026-09-17 17:36:04 +07)" executed successfully
2026-09-17 17:36:00,015 INFO apscheduler.executors.default: Running job "main.<locals>.run_trail_sl (trigger: interval[0:00:05], next run at: 2026-09-17 17:36:04 +07)" (scheduled at 2026-09-17 17:35:59.999412+07:00)
2026-09-17 17:36:00,015 INFO apscheduler.executors.default: Job "main.<locals>.run_trail_sl (trigger: interval[0:00:05], next run at: 2026-09-17 17:36:04 +07)" executed successfully
2026-09-17 17:36:01,019 INFO apscheduler.executors.default: Running job "main.<locals>.run_scan (trigger: cron[second='1,6,11,16,21,26,31,36,41,46,51,56'], next run at: 2026-09-17 17:36:06 +07)" (scheduled at 2026-09-17 17:36:01+07:00)
2026-09-17 17:36:01,019 INFO apscheduler.executors.default: Job "main.<locals>.run_scan (trigger: cron[second='1,6,11,16,21,26,31,36,41,46,51,56'], next run at: 2026-09-17 17:36:06 +07)" executed successfully
2026-09-17 17:36:01,020 INFO apscheduler.executors.default: Running job "main.<locals>.write_heartbeat_job (trigger: interval[0:00:15], next run at: 2026-09-17 17:36:16 +07)" (scheduled at 2026-09-17 17:36:01.000927+07:00)
2026-09-17 17:36:01,022 INFO apscheduler.executors.default: Job "main.<locals>.write_heartbeat_job (trigger: interval[0:00:15], next run at: 2026-09-17 17:36:16 +07)" executed successfully
2026-09-17 17:36:03,713 INFO httpx: HTTP Request: POST https://api.telegram.org/bot8700368282:AAGR_rmMfYeVtzIKkOQMXQrTWzmbbEs9MFQ/getUpdates "HTTP/1.1 200 OK"
2026-09-17 17:36:05,013 INFO apscheduler.executors.default: Running job "main.<locals>.check_symbol_switch (trigger: interval[0:01:00], next run at: 2026-09-17 17:37:04 +07)" (scheduled at 2026-09-17 17:36:04.997660+07:00)
2026-09-17 17:36:05,020 INFO apscheduler.executors.default: Job "main.<locals>.check_symbol_switch (trigger: interval[0:01:00], next run at: 2026-09-17 17:37:04 +07)" executed successfully
2026-09-17 17:36:05,020 INFO apscheduler.executors.default: Running job "main.<locals>.run_lts_aus_fast_scan (trigger: interval[0:00:05], next run at: 2026-09-17 17:36:09 +07)" (scheduled at 2026-09-17 17:36:04.999412+07:00)
2026-09-17 17:36:05,021 INFO apscheduler.executors.default: Job "main.<locals>.run_lts_aus_fast_scan (trigger: interval[0:00:05], next run at: 2026-09-17 17:36:09 +07)" executed successfully
2026-09-17 17:36:05,021 INFO apscheduler.executors.default: Running job "main.<locals>.run_position_check (trigger: interval[0:00:05], next run at: 2026-09-17 17:36:09 +07)" (scheduled at 2026-09-17 17:36:04.999412+07:00)
2026-09-17 17:36:05,025 INFO apscheduler.executors.default: Job "main.<locals>.run_position_check (trigger: interval[0:00:05], next run at: 2026-09-17 17:36:09 +07)" executed successfully
2026-09-17 17:36:05,025 INFO apscheduler.executors.default: Running job "main.<locals>.save_bot_state_job (trigger: interval[0:00:15], next run at: 2026-09-17 17:36:19 +07)" (scheduled at 2026-09-17 17:36:04.999412+07:00)
2026-09-17 17:36:05,028 INFO apscheduler.executors.default: Job "main.<locals>.save_bot_state_job (trigger: interval[0:00:15], next run at: 2026-09-17 17:36:19 +07)" executed successfully
2026-09-17 17:36:05,029 INFO apscheduler.executors.default: Running job "main.<locals>.run_trail_sl (trigger: interval[0:00:05], next run at: 2026-09-17 17:36:09 +07)" (scheduled at 2026-09-17 17:36:04.999412+07:00)
2026-09-17 17:36:05,030 INFO apscheduler.executors.default: Job "main.<locals>.run_trail_sl (trigger: interval[0:00:05], next run at: 2026-09-17 17:36:09 +07)" executed successfully
2026-09-17 17:36:05,031 INFO apscheduler.executors.default: Running job "main.<locals>.run_watchdog (trigger: interval[0:01:00], next run at: 2026-09-17 17:37:05 +07)" (scheduled at 2026-09-17 17:36:05.000927+07:00)
2026-09-17 17:36:05,033 INFO apscheduler.executors.default: Job "main.<locals>.run_watchdog (trigger: interval[0:01:00], next run at: 2026-09-17 17:37:05 +07)" executed successfully
2026-09-17 17:36:06,008 INFO apscheduler.executors.default: Running job "main.<locals>.run_scan (trigger: cron[second='1,6,11,16,21,26,31,36,41,46,51,56'], next run at: 2026-09-17 17:36:11 +07)" (scheduled at 2026-09-17 17:36:06+07:00)
2026-09-17 17:36:06,009 INFO apscheduler.executors.default: Job "main.<locals>.run_scan (trigger: cron[second='1,6,11,16,21,26,31,36,41,46,51,56'], next run at: 2026-09-17 17:36:11 +07)" executed successfully
2026-09-17 17:36:10,012 INFO apscheduler.executors.default: Running job "main.<locals>.run_lts_aus_fast_scan (trigger: interval[0:00:05], next run at: 2026-09-17 17:36:14 +07)" (scheduled at 2026-09-17 17:36:09.999412+07:00)
2026-09-17 17:36:10,014 INFO apscheduler.executors.default: Job "main.<locals>.run_lts_aus_fast_scan (trigger: interval[0:00:05], next run at: 2026-09-17 17:36:14 +07)" executed successfully
2026-09-17 17:36:10,014 INFO apscheduler.executors.default: Running job "main.<locals>.run_position_check (trigger: interval[0:00:05], next run at: 2026-09-17 17:36:14 +07)" (scheduled at 2026-09-17 17:36:09.999412+07:00)
2026-09-17 17:36:10,022 INFO apscheduler.executors.default: Job "main.<locals>.run_position_check (trigger: interval[0:00:05], next run at: 2026-09-17 17:36:14 +07)" executed successfully
2026-09-17 17:36:10,022 INFO apscheduler.executors.default: Running job "main.<locals>.run_trail_sl (trigger: interval[0:00:05], next run at: 2026-09-17 17:36:14 +07)" (scheduled at 2026-09-17 17:36:09.999412+07:00)
2026-09-17 17:36:10,023 INFO apscheduler.executors.default: Job "main.<locals>.run_trail_sl (trigger: interval[0:00:05], next run at: 2026-09-17 17:36:14 +07)" executed successfully
2026-09-17 17:36:11,006 INFO apscheduler.executors.default: Running job "main.<locals>.run_scan (trigger: cron[second='1,6,11,16,21,26,31,36,41,46,51,56'], next run at: 2026-09-17 17:36:16 +07)" (scheduled at 2026-09-17 17:36:11+07:00)
2026-09-17 17:36:11,006 INFO apscheduler.executors.default: Job "main.<locals>.run_scan (trigger: cron[second='1,6,11,16,21,26,31,36,41,46,51,56'], next run at: 2026-09-17 17:36:16 +07)" executed successfully
2026-09-17 17:36:13,905 INFO httpx: HTTP Request: POST https://api.telegram.org/bot8700368282:AAGR_rmMfYeVtzIKkOQMXQrTWzmbbEs9MFQ/getUpdates "HTTP/1.1 200 OK"
2026-09-17 17:36:15,003 INFO apscheduler.executors.default: Running job "main.<locals>.run_lts_aus_fast_scan (trigger: interval[0:00:05], next run at: 2026-09-17 17:36:19 +07)" (scheduled at 2026-09-17 17:36:14.999412+07:00)
2026-09-17 17:36:15,004 INFO apscheduler.executors.default: Job "main.<locals>.run_lts_aus_fast_scan (trigger: interval[0:00:05], next run at: 2026-09-17 17:36:19 +07)" executed successfully
2026-09-17 17:36:15,004 INFO apscheduler.executors.default: Running job "main.<locals>.run_position_check (trigger: interval[0:00:05], next run at: 2026-09-17 17:36:19 +07)" (scheduled at 2026-09-17 17:36:14.999412+07:00)
2026-09-17 17:36:15,010 INFO apscheduler.executors.default: Job "main.<locals>.run_position_check (trigger: interval[0:00:05], next run at: 2026-09-17 17:36:19 +07)" executed successfully
2026-09-17 17:36:15,010 INFO apscheduler.executors.default: Running job "main.<locals>.run_trail_sl (trigger: interval[0:00:05], next run at: 2026-09-17 17:36:19 +07)" (scheduled at 2026-09-17 17:36:14.999412+07:00)
2026-09-17 17:36:15,012 INFO apscheduler.executors.default: Job "main.<locals>.run_trail_sl (trigger: interval[0:00:05], next run at: 2026-09-17 17:36:19 +07)" executed successfully
2026-09-17 17:36:16,013 INFO apscheduler.executors.default: Running job "main.<locals>.run_scan (trigger: cron[second='1,6,11,16,21,26,31,36,41,46,51,56'], next run at: 2026-09-17 17:36:21 +07)" (scheduled at 2026-09-17 17:36:16+07:00)
2026-09-17 17:36:16,013 INFO apscheduler.executors.default: Job "main.<locals>.run_scan (trigger: cron[second='1,6,11,16,21,26,31,36,41,46,51,56'], next run at: 2026-09-17 17:36:21 +07)" executed successfully
2026-09-17 17:36:16,013 INFO apscheduler.executors.default: Running job "main.<locals>.write_heartbeat_job (trigger: interval[0:00:15], next run at: 2026-09-17 17:36:31 +07)" (scheduled at 2026-09-17 17:36:16.000927+07:00)
2026-09-17 17:36:16,016 INFO apscheduler.executors.default: Job "main.<locals>.write_heartbeat_job (trigger: interval[0:00:15], next run at: 2026-09-17 17:36:31 +07)" executed successfully
2026-09-17 17:36:20,017 INFO apscheduler.executors.default: Running job "main.<locals>.run_lts_aus_fast_scan (trigger: interval[0:00:05], next run at: 2026-09-17 17:36:24 +07)" (scheduled at 2026-09-17 17:36:19.999412+07:00)
2026-09-17 17:36:20,018 INFO apscheduler.executors.default: Job "main.<locals>.run_lts_aus_fast_scan (trigger: interval[0:00:05], next run at: 2026-09-17 17:36:24 +07)" executed successfully
2026-09-17 17:36:20,018 INFO apscheduler.executors.default: Running job "main.<locals>.run_position_check (trigger: interval[0:00:05], next run at: 2026-09-17 17:36:24 +07)" (scheduled at 2026-09-17 17:36:19.999412+07:00)
2026-09-17 17:36:20,023 INFO apscheduler.executors.default: Job "main.<locals>.run_position_check (trigger: interval[0:00:05], next run at: 2026-09-17 17:36:24 +07)" executed successfully
2026-09-17 17:36:20,023 INFO apscheduler.executors.default: Running job "main.<locals>.save_bot_state_job (trigger: interval[0:00:15], next run at: 2026-09-17 17:36:34 +07)" (scheduled at 2026-09-17 17:36:19.999412+07:00)
2026-09-17 17:36:20,026 INFO apscheduler.executors.default: Job "main.<locals>.save_bot_state_job (trigger: interval[0:00:15], next run at: 2026-09-17 17:36:34 +07)" executed successfully
2026-09-17 17:36:20,026 INFO apscheduler.executors.default: Running job "main.<locals>.run_trail_sl (trigger: interval[0:00:05], next run at: 2026-09-17 17:36:24 +07)" (scheduled at 2026-09-17 17:36:19.999412+07:00)
2026-09-17 17:36:20,026 INFO apscheduler.executors.default: Job "main.<locals>.run_trail_sl (trigger: interval[0:00:05], next run at: 2026-09-17 17:36:24 +07)" executed successfully
2026-09-17 17:36:21,025 INFO apscheduler.executors.default: Running job "main.<locals>.run_scan (trigger: cron[second='1,6,11,16,21,26,31,36,41,46,51,56'], next run at: 2026-09-17 17:36:26 +07)" (scheduled at 2026-09-17 17:36:21+07:00)
2026-09-17 17:36:21,026 INFO apscheduler.executors.default: Job "main.<locals>.run_scan (trigger: cron[second='1,6,11,16,21,26,31,36,41,46,51,56'], next run at: 2026-09-17 17:36:26 +07)" executed successfully
2026-09-17 17:36:24,100 INFO httpx: HTTP Request: POST https://api.telegram.org/bot8700368282:AAGR_rmMfYeVtzIKkOQMXQrTWzmbbEs9MFQ/getUpdates "HTTP/1.1 200 OK"
2026-09-17 17:36:25,005 INFO apscheduler.executors.default: Running job "main.<locals>.run_lts_aus_fast_scan (trigger: interval[0:00:05], next run at: 2026-09-17 17:36:29 +07)" (scheduled at 2026-09-17 17:36:24.999412+07:00)
2026-09-17 17:36:25,006 INFO apscheduler.executors.default: Job "main.<locals>.run_lts_aus_fast_scan (trigger: interval[0:00:05], next run at: 2026-09-17 17:36:29 +07)" executed successfully
2026-09-17 17:36:25,007 INFO apscheduler.executors.default: Running job "main.<locals>.run_position_check (trigger: interval[0:00:05], next run at: 2026-09-17 17:36:29 +07)" (scheduled at 2026-09-17 17:36:24.999412+07:00)
2026-09-17 17:36:25,010 INFO apscheduler.executors.default: Job "main.<locals>.run_position_check (trigger: interval[0:00:05], next run at: 2026-09-17 17:36:29 +07)" executed successfully
2026-09-17 17:36:25,010 INFO apscheduler.executors.default: Running job "main.<locals>.run_trail_sl (trigger: interval[0:00:05], next run at: 2026-09-17 17:36:29 +07)" (scheduled at 2026-09-17 17:36:24.999412+07:00)
2026-09-17 17:36:25,010 INFO apscheduler.executors.default: Job "main.<locals>.run_trail_sl (trigger: interval[0:00:05], next run at: 2026-09-17 17:36:29 +07)" executed successfully
2026-09-17 17:36:26,013 INFO apscheduler.executors.default: Running job "main.<locals>.run_scan (trigger: cron[second='1,6,11,16,21,26,31,36,41,46,51,56'], next run at: 2026-09-17 17:36:31 +07)" (scheduled at 2026-09-17 17:36:26+07:00)
2026-09-17 17:36:26,013 INFO apscheduler.executors.default: Job "main.<locals>.run_scan (trigger: cron[second='1,6,11,16,21,26,31,36,41,46,51,56'], next run at: 2026-09-17 17:36:31 +07)" executed successfully
2026-09-17 17:36:30,008 INFO apscheduler.executors.default: Running job "main.<locals>.run_lts_aus_fast_scan (trigger: interval[0:00:05], next run at: 2026-09-17 17:36:34 +07)" (scheduled at 2026-09-17 17:36:29.999412+07:00)
2026-09-17 17:36:30,009 INFO apscheduler.executors.default: Job "main.<locals>.run_lts_aus_fast_scan (trigger: interval[0:00:05], next run at: 2026-09-17 17:36:34 +07)" executed successfully
2026-09-17 17:36:30,009 INFO apscheduler.executors.default: Running job "main.<locals>.run_position_check (trigger: interval[0:00:05], next run at: 2026-09-17 17:36:34 +07)" (scheduled at 2026-09-17 17:36:29.999412+07:00)
2026-09-17 17:36:30,014 INFO apscheduler.executors.default: Job "main.<locals>.run_position_check (trigger: interval[0:00:05], next run at: 2026-09-17 17:36:34 +07)" executed successfully
2026-09-17 17:36:30,014 INFO apscheduler.executors.default: Running job "main.<locals>.run_trail_sl (trigger: interval[0:00:05], next run at: 2026-09-17 17:36:34 +07)" (scheduled at 2026-09-17 17:36:29.999412+07:00)
2026-09-17 17:36:30,016 INFO apscheduler.executors.default: Job "main.<locals>.run_trail_sl (trigger: interval[0:00:05], next run at: 2026-09-17 17:36:34 +07)" executed successfully
2026-09-17 17:36:31,012 INFO apscheduler.executors.default: Running job "main.<locals>.run_scan (trigger: cron[second='1,6,11,16,21,26,31,36,41,46,51,56'], next run at: 2026-09-17 17:36:36 +07)" (scheduled at 2026-09-17 17:36:31+07:00)
2026-09-17 17:36:31,013 INFO apscheduler.executors.default: Job "main.<locals>.run_scan (trigger: cron[second='1,6,11,16,21,26,31,36,41,46,51,56'], next run at: 2026-09-17 17:36:36 +07)" executed successfully
2026-09-17 17:36:31,013 INFO apscheduler.executors.default: Running job "main.<locals>.write_heartbeat_job (trigger: interval[0:00:15], next run at: 2026-09-17 17:36:46 +07)" (scheduled at 2026-09-17 17:36:31.000927+07:00)
2026-09-17 17:36:31,016 INFO apscheduler.executors.default: Job "main.<locals>.write_heartbeat_job (trigger: interval[0:00:15], next run at: 2026-09-17 17:36:46 +07)" executed successfully
2026-09-17 17:36:34,293 INFO httpx: HTTP Request: POST https://api.telegram.org/bot8700368282:AAGR_rmMfYeVtzIKkOQMXQrTWzmbbEs9MFQ/getUpdates "HTTP/1.1 200 OK"
2026-09-17 17:36:35,011 INFO apscheduler.executors.default: Running job "main.<locals>.run_lts_aus_fast_scan (trigger: interval[0:00:05], next run at: 2026-09-17 17:36:39 +07)" (scheduled at 2026-09-17 17:36:34.999412+07:00)
2026-09-17 17:36:35,011 INFO apscheduler.executors.default: Job "main.<locals>.run_lts_aus_fast_scan (trigger: interval[0:00:05], next run at: 2026-09-17 17:36:39 +07)" executed successfully
2026-09-17 17:36:35,012 INFO apscheduler.executors.default: Running job "main.<locals>.run_position_check (trigger: interval[0:00:05], next run at: 2026-09-17 17:36:39 +07)" (scheduled at 2026-09-17 17:36:34.999412+07:00)
2026-09-17 17:36:35,021 INFO apscheduler.executors.default: Job "main.<locals>.run_position_check (trigger: interval[0:00:05], next run at: 2026-09-17 17:36:39 +07)" executed successfully
2026-09-17 17:36:35,021 INFO apscheduler.executors.default: Running job "main.<locals>.save_bot_state_job (trigger: interval[0:00:15], next run at: 2026-09-17 17:36:49 +07)" (scheduled at 2026-09-17 17:36:34.999412+07:00)
2026-09-17 17:36:35,026 INFO apscheduler.executors.default: Job "main.<locals>.save_bot_state_job (trigger: interval[0:00:15], next run at: 2026-09-17 17:36:49 +07)" executed successfully
2026-09-17 17:36:35,027 INFO apscheduler.executors.default: Running job "main.<locals>.run_trail_sl (trigger: interval[0:00:05], next run at: 2026-09-17 17:36:39 +07)" (scheduled at 2026-09-17 17:36:34.999412+07:00)
2026-09-17 17:36:35,027 INFO apscheduler.executors.default: Job "main.<locals>.run_trail_sl (trigger: interval[0:00:05], next run at: 2026-09-17 17:36:39 +07)" executed successfully
2026-09-17 17:36:36,016 INFO apscheduler.executors.default: Running job "main.<locals>.run_scan (trigger: cron[second='1,6,11,16,21,26,31,36,41,46,51,56'], next run at: 2026-09-17 17:36:41 +07)" (scheduled at 2026-09-17 17:36:36+07:00)
2026-09-17 17:36:36,018 INFO apscheduler.executors.default: Job "main.<locals>.run_scan (trigger: cron[second='1,6,11,16,21,26,31,36,41,46,51,56'], next run at: 2026-09-17 17:36:41 +07)" executed successfully
2026-09-17 17:36:40,003 INFO apscheduler.executors.default: Running job "main.<locals>.run_lts_aus_fast_scan (trigger: interval[0:00:05], next run at: 2026-09-17 17:36:44 +07)" (scheduled at 2026-09-17 17:36:39.999412+07:00)
2026-09-17 17:36:40,006 INFO apscheduler.executors.default: Job "main.<locals>.run_lts_aus_fast_scan (trigger: interval[0:00:05], next run at: 2026-09-17 17:36:44 +07)" executed successfully
2026-09-17 17:36:40,006 INFO apscheduler.executors.default: Running job "main.<locals>.run_position_check (trigger: interval[0:00:05], next run at: 2026-09-17 17:36:44 +07)" (scheduled at 2026-09-17 17:36:39.999412+07:00)
2026-09-17 17:36:40,012 INFO apscheduler.executors.default: Job "main.<locals>.run_position_check (trigger: interval[0:00:05], next run at: 2026-09-17 17:36:44 +07)" executed successfully
2026-09-17 17:36:40,013 INFO apscheduler.executors.default: Running job "main.<locals>.run_trail_sl (trigger: interval[0:00:05], next run at: 2026-09-17 17:36:44 +07)" (scheduled at 2026-09-17 17:36:39.999412+07:00)
2026-09-17 17:36:40,013 INFO apscheduler.executors.default: Job "main.<locals>.run_trail_sl (trigger: interval[0:00:05], next run at: 2026-09-17 17:36:44 +07)" executed successfully
2026-09-17 17:36:41,025 INFO apscheduler.executors.default: Running job "main.<locals>.run_scan (trigger: cron[second='1,6,11,16,21,26,31,36,41,46,51,56'], next run at: 2026-09-17 17:36:46 +07)" (scheduled at 2026-09-17 17:36:41+07:00)
2026-09-17 17:36:41,026 INFO apscheduler.executors.default: Job "main.<locals>.run_scan (trigger: cron[second='1,6,11,16,21,26,31,36,41,46,51,56'], next run at: 2026-09-17 17:36:46 +07)" executed successfully
2026-09-17 17:36:44,488 INFO httpx: HTTP Request: POST https://api.telegram.org/bot8700368282:AAGR_rmMfYeVtzIKkOQMXQrTWzmbbEs9MFQ/getUpdates "HTTP/1.1 200 OK"
2026-09-17 17:36:45,014 INFO apscheduler.executors.default: Running job "main.<locals>.run_lts_aus_fast_scan (trigger: interval[0:00:05], next run at: 2026-09-17 17:36:49 +07)" (scheduled at 2026-09-17 17:36:44.999412+07:00)
2026-09-17 17:36:45,014 INFO apscheduler.executors.default: Job "main.<locals>.run_lts_aus_fast_scan (trigger: interval[0:00:05], next run at: 2026-09-17 17:36:49 +07)" executed successfully
2026-09-17 17:36:45,014 INFO apscheduler.executors.default: Running job "main.<locals>.run_position_check (trigger: interval[0:00:05], next run at: 2026-09-17 17:36:49 +07)" (scheduled at 2026-09-17 17:36:44.999412+07:00)
2026-09-17 17:36:45,018 INFO apscheduler.executors.default: Job "main.<locals>.run_position_check (trigger: interval[0:00:05], next run at: 2026-09-17 17:36:49 +07)" executed successfully
2026-09-17 17:36:45,019 INFO apscheduler.executors.default: Running job "main.<locals>.run_trail_sl (trigger: interval[0:00:05], next run at: 2026-09-17 17:36:49 +07)" (scheduled at 2026-09-17 17:36:44.999412+07:00)
2026-09-17 17:36:45,019 INFO apscheduler.executors.default: Job "main.<locals>.run_trail_sl (trigger: interval[0:00:05], next run at: 2026-09-17 17:36:49 +07)" executed successfully
2026-09-17 17:36:46,010 INFO apscheduler.executors.default: Running job "main.<locals>.run_scan (trigger: cron[second='1,6,11,16,21,26,31,36,41,46,51,56'], next run at: 2026-09-17 17:36:51 +07)" (scheduled at 2026-09-17 17:36:46+07:00)
2026-09-17 17:36:46,010 INFO apscheduler.executors.default: Job "main.<locals>.run_scan (trigger: cron[second='1,6,11,16,21,26,31,36,41,46,51,56'], next run at: 2026-09-17 17:36:51 +07)" executed successfully
2026-09-17 17:36:46,011 INFO apscheduler.executors.default: Running job "main.<locals>.write_heartbeat_job (trigger: interval[0:00:15], next run at: 2026-09-17 17:37:01 +07)" (scheduled at 2026-09-17 17:36:46.000927+07:00)
2026-09-17 17:36:46,014 INFO apscheduler.executors.default: Job "main.<locals>.write_heartbeat_job (trigger: interval[0:00:15], next run at: 2026-09-17 17:37:01 +07)" executed successfully
2026-09-17 17:36:50,019 INFO apscheduler.executors.default: Running job "main.<locals>.run_lts_aus_fast_scan (trigger: interval[0:00:05], next run at: 2026-09-17 17:36:54 +07)" (scheduled at 2026-09-17 17:36:49.999412+07:00)
2026-09-17 17:36:50,019 INFO apscheduler.executors.default: Job "main.<locals>.run_lts_aus_fast_scan (trigger: interval[0:00:05], next run at: 2026-09-17 17:36:54 +07)" executed successfully
2026-09-17 17:36:50,019 INFO apscheduler.executors.default: Running job "main.<locals>.run_position_check (trigger: interval[0:00:05], next run at: 2026-09-17 17:36:54 +07)" (scheduled at 2026-09-17 17:36:49.999412+07:00)
2026-09-17 17:36:50,023 INFO apscheduler.executors.default: Job "main.<locals>.run_position_check (trigger: interval[0:00:05], next run at: 2026-09-17 17:36:54 +07)" executed successfully
2026-09-17 17:36:50,023 INFO apscheduler.executors.default: Running job "main.<locals>.save_bot_state_job (trigger: interval[0:00:15], next run at: 2026-09-17 17:37:04 +07)" (scheduled at 2026-09-17 17:36:49.999412+07:00)
2026-09-17 17:36:50,025 INFO apscheduler.executors.default: Job "main.<locals>.save_bot_state_job (trigger: interval[0:00:15], next run at: 2026-09-17 17:37:04 +07)" executed successfully
2026-09-17 17:36:50,025 INFO apscheduler.executors.default: Running job "main.<locals>.run_trail_sl (trigger: interval[0:00:05], next run at: 2026-09-17 17:36:54 +07)" (scheduled at 2026-09-17 17:36:49.999412+07:00)
2026-09-17 17:36:50,026 INFO apscheduler.executors.default: Job "main.<locals>.run_trail_sl (trigger: interval[0:00:05], next run at: 2026-09-17 17:36:54 +07)" executed successfully
2026-09-17 17:36:51,008 INFO apscheduler.executors.default: Running job "main.<locals>.run_scan (trigger: cron[second='1,6,11,16,21,26,31,36,41,46,51,56'], next run at: 2026-09-17 17:36:56 +07)" (scheduled at 2026-09-17 17:36:51+07:00)
2026-09-17 17:36:51,009 INFO apscheduler.executors.default: Job "main.<locals>.run_scan (trigger: cron[second='1,6,11,16,21,26,31,36,41,46,51,56'], next run at: 2026-09-17 17:36:56 +07)" executed successfully
2026-09-17 17:36:54,685 INFO httpx: HTTP Request: POST https://api.telegram.org/bot8700368282:AAGR_rmMfYeVtzIKkOQMXQrTWzmbbEs9MFQ/getUpdates "HTTP/1.1 200 OK"
2026-09-17 17:36:55,014 INFO apscheduler.executors.default: Running job "main.<locals>.run_lts_aus_fast_scan (trigger: interval[0:00:05], next run at: 2026-09-17 17:36:59 +07)" (scheduled at 2026-09-17 17:36:54.999412+07:00)
2026-09-17 17:36:55,016 INFO apscheduler.executors.default: Job "main.<locals>.run_lts_aus_fast_scan (trigger: interval[0:00:05], next run at: 2026-09-17 17:36:59 +07)" executed successfully
2026-09-17 17:36:55,016 INFO apscheduler.executors.default: Running job "main.<locals>.run_position_check (trigger: interval[0:00:05], next run at: 2026-09-17 17:36:59 +07)" (scheduled at 2026-09-17 17:36:54.999412+07:00)
2026-09-17 17:36:55,019 INFO apscheduler.executors.default: Job "main.<locals>.run_position_check (trigger: interval[0:00:05], next run at: 2026-09-17 17:36:59 +07)" executed successfully
2026-09-17 17:36:55,019 INFO apscheduler.executors.default: Running job "main.<locals>.run_trail_sl (trigger: interval[0:00:05], next run at: 2026-09-17 17:36:59 +07)" (scheduled at 2026-09-17 17:36:54.999412+07:00)
2026-09-17 17:36:55,019 INFO apscheduler.executors.default: Job "main.<locals>.run_trail_sl (trigger: interval[0:00:05], next run at: 2026-09-17 17:36:59 +07)" executed successfully
2026-09-17 17:36:56,001 INFO apscheduler.executors.default: Running job "main.<locals>.run_scan (trigger: cron[second='1,6,11,16,21,26,31,36,41,46,51,56'], next run at: 2026-09-17 17:37:01 +07)" (scheduled at 2026-09-17 17:36:56+07:00)
2026-09-17 17:36:56,003 INFO apscheduler.executors.default: Job "main.<locals>.run_scan (trigger: cron[second='1,6,11,16,21,26,31,36,41,46,51,56'], next run at: 2026-09-17 17:37:01 +07)" executed successfully
2026-09-17 17:36:59,999 INFO apscheduler.executors.default: Running job "main.<locals>.run_lts_aus_fast_scan (trigger: interval[0:00:05], next run at: 2026-09-17 17:37:04 +07)" (scheduled at 2026-09-17 17:36:59.999412+07:00)
2026-09-17 17:36:59,999 INFO apscheduler.executors.default: Job "main.<locals>.run_lts_aus_fast_scan (trigger: interval[0:00:05], next run at: 2026-09-17 17:37:04 +07)" executed successfully
2026-09-17 17:36:59,999 INFO apscheduler.executors.default: Running job "main.<locals>.run_position_check (trigger: interval[0:00:05], next run at: 2026-09-17 17:37:04 +07)" (scheduled at 2026-09-17 17:36:59.999412+07:00)
2026-09-17 17:37:00,003 INFO apscheduler.executors.default: Job "main.<locals>.run_position_check (trigger: interval[0:00:05], next run at: 2026-09-17 17:37:04 +07)" executed successfully
2026-09-17 17:37:00,003 INFO apscheduler.executors.default: Running job "main.<locals>.run_trail_sl (trigger: interval[0:00:05], next run at: 2026-09-17 17:37:04 +07)" (scheduled at 2026-09-17 17:36:59.999412+07:00)
2026-09-17 17:37:00,003 INFO apscheduler.executors.default: Job "main.<locals>.run_trail_sl (trigger: interval[0:00:05], next run at: 2026-09-17 17:37:04 +07)" executed successfully
2026-09-17 17:37:01,008 INFO apscheduler.executors.default: Running job "main.<locals>.run_scan (trigger: cron[second='1,6,11,16,21,26,31,36,41,46,51,56'], next run at: 2026-09-17 17:37:06 +07)" (scheduled at 2026-09-17 17:37:01+07:00)
2026-09-17 17:37:01,009 INFO apscheduler.executors.default: Job "main.<locals>.run_scan (trigger: cron[second='1,6,11,16,21,26,31,36,41,46,51,56'], next run at: 2026-09-17 17:37:06 +07)" executed successfully
2026-09-17 17:37:01,009 INFO apscheduler.executors.default: Running job "main.<locals>.write_heartbeat_job (trigger: interval[0:00:15], next run at: 2026-09-17 17:37:16 +07)" (scheduled at 2026-09-17 17:37:01.000927+07:00)
2026-09-17 17:37:01,011 INFO apscheduler.executors.default: Job "main.<locals>.write_heartbeat_job (trigger: interval[0:00:15], next run at: 2026-09-17 17:37:16 +07)" executed successfully
2026-09-17 17:37:04,876 INFO httpx: HTTP Request: POST https://api.telegram.org/bot8700368282:AAGR_rmMfYeVtzIKkOQMXQrTWzmbbEs9MFQ/getUpdates "HTTP/1.1 200 OK"
2026-09-17 17:37:05,010 INFO apscheduler.executors.default: Running job "main.<locals>.run_demo_portfolio_scan (trigger: interval[0:05:00], next run at: 2026-09-17 17:42:04 +07)" (scheduled at 2026-09-17 17:37:04.997660+07:00)
2026-09-17 17:37:05,016 INFO apscheduler.executors.default: Running job "main.<locals>.check_symbol_switch (trigger: interval[0:01:00], next run at: 2026-09-17 17:38:04 +07)" (scheduled at 2026-09-17 17:37:04.997660+07:00)
2026-09-17 17:37:05,020 INFO apscheduler.executors.default: Job "main.<locals>.check_symbol_switch (trigger: interval[0:01:00], next run at: 2026-09-17 17:38:04 +07)" executed successfully
2026-09-17 17:37:05,021 INFO apscheduler.executors.default: Running job "main.<locals>.run_lts_aus_fast_scan (trigger: interval[0:00:05], next run at: 2026-09-17 17:37:09 +07)" (scheduled at 2026-09-17 17:37:04.999412+07:00)
2026-09-17 17:37:05,021 INFO apscheduler.executors.default: Job "main.<locals>.run_lts_aus_fast_scan (trigger: interval[0:00:05], next run at: 2026-09-17 17:37:09 +07)" executed successfully
2026-09-17 17:37:05,021 INFO apscheduler.executors.default: Running job "main.<locals>.run_position_check (trigger: interval[0:00:05], next run at: 2026-09-17 17:37:09 +07)" (scheduled at 2026-09-17 17:37:04.999412+07:00)
2026-09-17 17:37:05,024 INFO apscheduler.executors.default: Job "main.<locals>.run_position_check (trigger: interval[0:00:05], next run at: 2026-09-17 17:37:09 +07)" executed successfully
2026-09-17 17:37:05,024 INFO apscheduler.executors.default: Running job "main.<locals>.save_bot_state_job (trigger: interval[0:00:15], next run at: 2026-09-17 17:37:19 +07)" (scheduled at 2026-09-17 17:37:04.999412+07:00)
2026-09-17 17:37:05,027 INFO apscheduler.executors.default: Job "main.<locals>.save_bot_state_job (trigger: interval[0:00:15], next run at: 2026-09-17 17:37:19 +07)" executed successfully
2026-09-17 17:37:05,028 INFO apscheduler.executors.default: Running job "main.<locals>.run_trail_sl (trigger: interval[0:00:05], next run at: 2026-09-17 17:37:09 +07)" (scheduled at 2026-09-17 17:37:04.999412+07:00)
2026-09-17 17:37:05,028 INFO apscheduler.executors.default: Job "main.<locals>.run_trail_sl (trigger: interval[0:00:05], next run at: 2026-09-17 17:37:09 +07)" executed successfully
2026-09-17 17:37:05,029 INFO apscheduler.executors.default: Running job "main.<locals>.run_watchdog (trigger: interval[0:01:00], next run at: 2026-09-17 17:38:05 +07)" (scheduled at 2026-09-17 17:37:05.000927+07:00)
2026-09-17 17:37:05,031 INFO apscheduler.executors.default: Job "main.<locals>.run_watchdog (trigger: interval[0:01:00], next run at: 2026-09-17 17:38:05 +07)" executed successfully
2026-09-17 17:37:05,107 INFO apscheduler.executors.default: Job "main.<locals>.run_demo_portfolio_scan (trigger: interval[0:05:00], next run at: 2026-09-17 17:42:04 +07)" executed successfully
2026-09-17 17:37:06,019 INFO apscheduler.executors.default: Running job "main.<locals>.run_scan (trigger: cron[second='1,6,11,16,21,26,31,36,41,46,51,56'], next run at: 2026-09-17 17:37:11 +07)" (scheduled at 2026-09-17 17:37:06+07:00)
2026-09-17 17:37:06,020 INFO apscheduler.executors.default: Job "main.<locals>.run_scan (trigger: cron[second='1,6,11,16,21,26,31,36,41,46,51,56'], next run at: 2026-09-17 17:37:11 +07)" executed successfully
2026-09-17 17:37:10,009 INFO apscheduler.executors.default: Running job "main.<locals>.run_lts_aus_fast_scan (trigger: interval[0:00:05], next run at: 2026-09-17 17:37:14 +07)" (scheduled at 2026-09-17 17:37:09.999412+07:00)
2026-09-17 17:37:10,012 INFO apscheduler.executors.default: Job "main.<locals>.run_lts_aus_fast_scan (trigger: interval[0:00:05], next run at: 2026-09-17 17:37:14 +07)" executed successfully
2026-09-17 17:37:10,012 INFO apscheduler.executors.default: Running job "main.<locals>.run_position_check (trigger: interval[0:00:05], next run at: 2026-09-17 17:37:14 +07)" (scheduled at 2026-09-17 17:37:09.999412+07:00)
2026-09-17 17:37:10,018 INFO apscheduler.executors.default: Job "main.<locals>.run_position_check (trigger: interval[0:00:05], next run at: 2026-09-17 17:37:14 +07)" executed successfully
2026-09-17 17:37:10,019 INFO apscheduler.executors.default: Running job "main.<locals>.run_trail_sl (trigger: interval[0:00:05], next run at: 2026-09-17 17:37:14 +07)" (scheduled at 2026-09-17 17:37:09.999412+07:00)
2026-09-17 17:37:10,019 INFO apscheduler.executors.default: Job "main.<locals>.run_trail_sl (trigger: interval[0:00:05], next run at: 2026-09-17 17:37:14 +07)" executed successfully
2026-09-17 17:37:11,000 INFO apscheduler.executors.default: Running job "main.<locals>.run_scan (trigger: cron[second='1,6,11,16,21,26,31,36,41,46,51,56'], next run at: 2026-09-17 17:37:16 +07)" (scheduled at 2026-09-17 17:37:11+07:00)
2026-09-17 17:37:11,001 INFO apscheduler.executors.default: Job "main.<locals>.run_scan (trigger: cron[second='1,6,11,16,21,26,31,36,41,46,51,56'], next run at: 2026-09-17 17:37:16 +07)" executed successfully
2026-09-17 17:37:15,006 INFO apscheduler.executors.default: Running job "main.<locals>.run_lts_aus_fast_scan (trigger: interval[0:00:05], next run at: 2026-09-17 17:37:19 +07)" (scheduled at 2026-09-17 17:37:14.999412+07:00)
2026-09-17 17:37:15,006 INFO apscheduler.executors.default: Job "main.<locals>.run_lts_aus_fast_scan (trigger: interval[0:00:05], next run at: 2026-09-17 17:37:19 +07)" executed successfully
2026-09-17 17:37:15,006 INFO apscheduler.executors.default: Running job "main.<locals>.run_position_check (trigger: interval[0:00:05], next run at: 2026-09-17 17:37:19 +07)" (scheduled at 2026-09-17 17:37:14.999412+07:00)
2026-09-17 17:37:15,014 INFO apscheduler.executors.default: Job "main.<locals>.run_position_check (trigger: interval[0:00:05], next run at: 2026-09-17 17:37:19 +07)" executed successfully
2026-09-17 17:37:15,015 INFO apscheduler.executors.default: Running job "main.<locals>.run_trail_sl (trigger: interval[0:00:05], next run at: 2026-09-17 17:37:19 +07)" (scheduled at 2026-09-17 17:37:14.999412+07:00)
2026-09-17 17:37:15,015 INFO apscheduler.executors.default: Job "main.<locals>.run_trail_sl (trigger: interval[0:00:05], next run at: 2026-09-17 17:37:19 +07)" executed successfully
2026-09-17 17:37:15,073 INFO httpx: HTTP Request: POST https://api.telegram.org/bot8700368282:AAGR_rmMfYeVtzIKkOQMXQrTWzmbbEs9MFQ/getUpdates "HTTP/1.1 200 OK"
2026-09-17 17:37:16,013 INFO apscheduler.executors.default: Running job "main.<locals>.run_scan (trigger: cron[second='1,6,11,16,21,26,31,36,41,46,51,56'], next run at: 2026-09-17 17:37:21 +07)" (scheduled at 2026-09-17 17:37:16+07:00)
2026-09-17 17:37:16,014 INFO apscheduler.executors.default: Job "main.<locals>.run_scan (trigger: cron[second='1,6,11,16,21,26,31,36,41,46,51,56'], next run at: 2026-09-17 17:37:21 +07)" executed successfully
2026-09-17 17:37:16,014 INFO apscheduler.executors.default: Running job "main.<locals>.write_heartbeat_job (trigger: interval[0:00:15], next run at: 2026-09-17 17:37:31 +07)" (scheduled at 2026-09-17 17:37:16.000927+07:00)
2026-09-17 17:37:16,017 INFO apscheduler.executors.default: Job "main.<locals>.write_heartbeat_job (trigger: interval[0:00:15], next run at: 2026-09-17 17:37:31 +07)" executed successfully
2026-09-17 17:37:19,999 INFO apscheduler.executors.default: Running job "main.<locals>.run_lts_aus_fast_scan (trigger: interval[0:00:05], next run at: 2026-09-17 17:37:24 +07)" (scheduled at 2026-09-17 17:37:19.999412+07:00)
2026-09-17 17:37:20,000 INFO apscheduler.executors.default: Job "main.<locals>.run_lts_aus_fast_scan (trigger: interval[0:00:05], next run at: 2026-09-17 17:37:24 +07)" executed successfully
2026-09-17 17:37:20,000 INFO apscheduler.executors.default: Running job "main.<locals>.run_position_check (trigger: interval[0:00:05], next run at: 2026-09-17 17:37:24 +07)" (scheduled at 2026-09-17 17:37:19.999412+07:00)
2026-09-17 17:37:20,005 INFO apscheduler.executors.default: Job "main.<locals>.run_position_check (trigger: interval[0:00:05], next run at: 2026-09-17 17:37:24 +07)" executed successfully
2026-09-17 17:37:20,005 INFO apscheduler.executors.default: Running job "main.<locals>.save_bot_state_job (trigger: interval[0:00:15], next run at: 2026-09-17 17:37:34 +07)" (scheduled at 2026-09-17 17:37:19.999412+07:00)
2026-09-17 17:37:20,006 INFO apscheduler.executors.default: Job "main.<locals>.save_bot_state_job (trigger: interval[0:00:15], next run at: 2026-09-17 17:37:34 +07)" executed successfully
2026-09-17 17:37:20,006 INFO apscheduler.executors.default: Running job "main.<locals>.run_trail_sl (trigger: interval[0:00:05], next run at: 2026-09-17 17:37:24 +07)" (scheduled at 2026-09-17 17:37:19.999412+07:00)
2026-09-17 17:37:20,008 INFO apscheduler.executors.default: Job "main.<locals>.run_trail_sl (trigger: interval[0:00:05], next run at: 2026-09-17 17:37:24 +07)" executed successfully
2026-09-17 17:37:21,002 INFO apscheduler.executors.default: Running job "main.<locals>.run_scan (trigger: cron[second='1,6,11,16,21,26,31,36,41,46,51,56'], next run at: 2026-09-17 17:37:26 +07)" (scheduled at 2026-09-17 17:37:21+07:00)
2026-09-17 17:37:21,002 INFO apscheduler.executors.default: Job "main.<locals>.run_scan (trigger: cron[second='1,6,11,16,21,26,31,36,41,46,51,56'], next run at: 2026-09-17 17:37:26 +07)" executed successfully
2026-09-17 17:37:25,000 INFO apscheduler.executors.default: Running job "main.<locals>.run_lts_aus_fast_scan (trigger: interval[0:00:05], next run at: 2026-09-17 17:37:29 +07)" (scheduled at 2026-09-17 17:37:24.999412+07:00)
2026-09-17 17:37:25,001 INFO apscheduler.executors.default: Job "main.<locals>.run_lts_aus_fast_scan (trigger: interval[0:00:05], next run at: 2026-09-17 17:37:29 +07)" executed successfully
2026-09-17 17:37:25,001 INFO apscheduler.executors.default: Running job "main.<locals>.run_position_check (trigger: interval[0:00:05], next run at: 2026-09-17 17:37:29 +07)" (scheduled at 2026-09-17 17:37:24.999412+07:00)
2026-09-17 17:37:25,006 INFO apscheduler.executors.default: Job "main.<locals>.run_position_check (trigger: interval[0:00:05], next run at: 2026-09-17 17:37:29 +07)" executed successfully
2026-09-17 17:37:25,007 INFO apscheduler.executors.default: Running job "main.<locals>.run_trail_sl (trigger: interval[0:00:05], next run at: 2026-09-17 17:37:29 +07)" (scheduled at 2026-09-17 17:37:24.999412+07:00)
2026-09-17 17:37:25,007 INFO apscheduler.executors.default: Job "main.<locals>.run_trail_sl (trigger: interval[0:00:05], next run at: 2026-09-17 17:37:29 +07)" executed successfully
2026-09-17 17:37:25,266 INFO httpx: HTTP Request: POST https://api.telegram.org/bot8700368282:AAGR_rmMfYeVtzIKkOQMXQrTWzmbbEs9MFQ/getUpdates "HTTP/1.1 200 OK"
2026-09-17 17:37:26,010 INFO apscheduler.executors.default: Running job "main.<locals>.run_scan (trigger: cron[second='1,6,11,16,21,26,31,36,41,46,51,56'], next run at: 2026-09-17 17:37:31 +07)" (scheduled at 2026-09-17 17:37:26+07:00)
2026-09-17 17:37:26,011 INFO apscheduler.executors.default: Job "main.<locals>.run_scan (trigger: cron[second='1,6,11,16,21,26,31,36,41,46,51,56'], next run at: 2026-09-17 17:37:31 +07)" executed successfully
2026-09-17 17:37:30,002 INFO apscheduler.executors.default: Running job "main.<locals>.run_lts_aus_fast_scan (trigger: interval[0:00:05], next run at: 2026-09-17 17:37:34 +07)" (scheduled at 2026-09-17 17:37:29.999412+07:00)
2026-09-17 17:37:30,002 INFO apscheduler.executors.default: Job "main.<locals>.run_lts_aus_fast_scan (trigger: interval[0:00:05], next run at: 2026-09-17 17:37:34 +07)" executed successfully
2026-09-17 17:37:30,003 INFO apscheduler.executors.default: Running job "main.<locals>.run_position_check (trigger: interval[0:00:05], next run at: 2026-09-17 17:37:34 +07)" (scheduled at 2026-09-17 17:37:29.999412+07:00)
2026-09-17 17:37:30,006 INFO apscheduler.executors.default: Job "main.<locals>.run_position_check (trigger: interval[0:00:05], next run at: 2026-09-17 17:37:34 +07)" executed successfully
2026-09-17 17:37:30,006 INFO apscheduler.executors.default: Running job "main.<locals>.run_trail_sl (trigger: interval[0:00:05], next run at: 2026-09-17 17:37:34 +07)" (scheduled at 2026-09-17 17:37:29.999412+07:00)
2026-09-17 17:37:30,007 INFO apscheduler.executors.default: Job "main.<locals>.run_trail_sl (trigger: interval[0:00:05], next run at: 2026-09-17 17:37:34 +07)" executed successfully
2026-09-17 17:37:31,008 INFO apscheduler.executors.default: Running job "main.<locals>.run_scan (trigger: cron[second='1,6,11,16,21,26,31,36,41,46,51,56'], next run at: 2026-09-17 17:37:36 +07)" (scheduled at 2026-09-17 17:37:31+07:00)
2026-09-17 17:37:31,008 INFO apscheduler.executors.default: Job "main.<locals>.run_scan (trigger: cron[second='1,6,11,16,21,26,31,36,41,46,51,56'], next run at: 2026-09-17 17:37:36 +07)" executed successfully
2026-09-17 17:37:31,008 INFO apscheduler.executors.default: Running job "main.<locals>.write_heartbeat_job (trigger: interval[0:00:15], next run at: 2026-09-17 17:37:46 +07)" (scheduled at 2026-09-17 17:37:31.000927+07:00)
2026-09-17 17:37:31,011 INFO apscheduler.executors.default: Job "main.<locals>.write_heartbeat_job (trigger: interval[0:00:15], next run at: 2026-09-17 17:37:46 +07)" executed successfully
2026-09-17 17:37:35,013 INFO apscheduler.executors.default: Running job "main.<locals>.run_lts_aus_fast_scan (trigger: interval[0:00:05], next run at: 2026-09-17 17:37:39 +07)" (scheduled at 2026-09-17 17:37:34.999412+07:00)
2026-09-17 17:37:35,013 INFO apscheduler.executors.default: Job "main.<locals>.run_lts_aus_fast_scan (trigger: interval[0:00:05], next run at: 2026-09-17 17:37:39 +07)" executed successfully
2026-09-17 17:37:35,013 INFO apscheduler.executors.default: Running job "main.<locals>.run_position_check (trigger: interval[0:00:05], next run at: 2026-09-17 17:37:39 +07)" (scheduled at 2026-09-17 17:37:34.999412+07:00)
2026-09-17 17:37:35,020 INFO apscheduler.executors.default: Job "main.<locals>.run_position_check (trigger: interval[0:00:05], next run at: 2026-09-17 17:37:39 +07)" executed successfully
2026-09-17 17:37:35,021 INFO apscheduler.executors.default: Running job "main.<locals>.save_bot_state_job (trigger: interval[0:00:15], next run at: 2026-09-17 17:37:49 +07)" (scheduled at 2026-09-17 17:37:34.999412+07:00)
2026-09-17 17:37:35,023 INFO apscheduler.executors.default: Job "main.<locals>.save_bot_state_job (trigger: interval[0:00:15], next run at: 2026-09-17 17:37:49 +07)" executed successfully
2026-09-17 17:37:35,026 INFO apscheduler.executors.default: Running job "main.<locals>.run_trail_sl (trigger: interval[0:00:05], next run at: 2026-09-17 17:37:39 +07)" (scheduled at 2026-09-17 17:37:34.999412+07:00)
2026-09-17 17:37:35,026 INFO apscheduler.executors.default: Job "main.<locals>.run_trail_sl (trigger: interval[0:00:05], next run at: 2026-09-17 17:37:39 +07)" executed successfully
2026-09-17 17:37:35,463 INFO httpx: HTTP Request: POST https://api.telegram.org/bot8700368282:AAGR_rmMfYeVtzIKkOQMXQrTWzmbbEs9MFQ/getUpdates "HTTP/1.1 200 OK"
2026-09-17 17:37:36,007 INFO apscheduler.executors.default: Running job "main.<locals>.run_scan (trigger: cron[second='1,6,11,16,21,26,31,36,41,46,51,56'], next run at: 2026-09-17 17:37:41 +07)" (scheduled at 2026-09-17 17:37:36+07:00)
2026-09-17 17:37:36,007 INFO apscheduler.executors.default: Job "main.<locals>.run_scan (trigger: cron[second='1,6,11,16,21,26,31,36,41,46,51,56'], next run at: 2026-09-17 17:37:41 +07)" executed successfully
2026-09-17 17:37:40,005 INFO apscheduler.executors.default: Running job "main.<locals>.run_lts_aus_fast_scan (trigger: interval[0:00:05], next run at: 2026-09-17 17:37:44 +07)" (scheduled at 2026-09-17 17:37:39.999412+07:00)
2026-09-17 17:37:40,007 INFO apscheduler.executors.default: Job "main.<locals>.run_lts_aus_fast_scan (trigger: interval[0:00:05], next run at: 2026-09-17 17:37:44 +07)" executed successfully
2026-09-17 17:37:40,007 INFO apscheduler.executors.default: Running job "main.<locals>.run_position_check (trigger: interval[0:00:05], next run at: 2026-09-17 17:37:44 +07)" (scheduled at 2026-09-17 17:37:39.999412+07:00)
2026-09-17 17:37:40,011 INFO apscheduler.executors.default: Job "main.<locals>.run_position_check (trigger: interval[0:00:05], next run at: 2026-09-17 17:37:44 +07)" executed successfully
2026-09-17 17:37:40,011 INFO apscheduler.executors.default: Running job "main.<locals>.run_trail_sl (trigger: interval[0:00:05], next run at: 2026-09-17 17:37:44 +07)" (scheduled at 2026-09-17 17:37:39.999412+07:00)
2026-09-17 17:37:40,011 INFO apscheduler.executors.default: Job "main.<locals>.run_trail_sl (trigger: interval[0:00:05], next run at: 2026-09-17 17:37:44 +07)" executed successfully
2026-09-17 17:37:41,015 INFO apscheduler.executors.default: Running job "main.<locals>.run_scan (trigger: cron[second='1,6,11,16,21,26,31,36,41,46,51,56'], next run at: 2026-09-17 17:37:46 +07)" (scheduled at 2026-09-17 17:37:41+07:00)
2026-09-17 17:37:41,016 INFO apscheduler.executors.default: Job "main.<locals>.run_scan (trigger: cron[second='1,6,11,16,21,26,31,36,41,46,51,56'], next run at: 2026-09-17 17:37:46 +07)" executed successfully
2026-09-17 17:37:45,001 INFO apscheduler.executors.default: Running job "main.<locals>.run_lts_aus_fast_scan (trigger: interval[0:00:05], next run at: 2026-09-17 17:37:49 +07)" (scheduled at 2026-09-17 17:37:44.999412+07:00)
2026-09-17 17:37:45,003 INFO apscheduler.executors.default: Job "main.<locals>.run_lts_aus_fast_scan (trigger: interval[0:00:05], next run at: 2026-09-17 17:37:49 +07)" executed successfully
2026-09-17 17:37:45,003 INFO apscheduler.executors.default: Running job "main.<locals>.run_position_check (trigger: interval[0:00:05], next run at: 2026-09-17 17:37:49 +07)" (scheduled at 2026-09-17 17:37:44.999412+07:00)
2026-09-17 17:37:45,006 INFO apscheduler.executors.default: Job "main.<locals>.run_position_check (trigger: interval[0:00:05], next run at: 2026-09-17 17:37:49 +07)" executed successfully
2026-09-17 17:37:45,006 INFO apscheduler.executors.default: Running job "main.<locals>.run_trail_sl (trigger: interval[0:00:05], next run at: 2026-09-17 17:37:49 +07)" (scheduled at 2026-09-17 17:37:44.999412+07:00)
2026-09-17 17:37:45,006 INFO apscheduler.executors.default: Job "main.<locals>.run_trail_sl (trigger: interval[0:00:05], next run at: 2026-09-17 17:37:49 +07)" executed successfully
2026-09-17 17:37:45,657 INFO httpx: HTTP Request: POST https://api.telegram.org/bot8700368282:AAGR_rmMfYeVtzIKkOQMXQrTWzmbbEs9MFQ/getUpdates "HTTP/1.1 200 OK"
2026-09-17 17:37:46,009 INFO apscheduler.executors.default: Running job "main.<locals>.run_scan (trigger: cron[second='1,6,11,16,21,26,31,36,41,46,51,56'], next run at: 2026-09-17 17:37:51 +07)" (scheduled at 2026-09-17 17:37:46+07:00)
2026-09-17 17:37:46,009 INFO apscheduler.executors.default: Job "main.<locals>.run_scan (trigger: cron[second='1,6,11,16,21,26,31,36,41,46,51,56'], next run at: 2026-09-17 17:37:51 +07)" executed successfully
2026-09-17 17:37:46,010 INFO apscheduler.executors.default: Running job "main.<locals>.write_heartbeat_job (trigger: interval[0:00:15], next run at: 2026-09-17 17:38:01 +07)" (scheduled at 2026-09-17 17:37:46.000927+07:00)
2026-09-17 17:37:46,013 INFO apscheduler.executors.default: Job "main.<locals>.write_heartbeat_job (trigger: interval[0:00:15], next run at: 2026-09-17 17:38:01 +07)" executed successfully
2026-09-17 17:37:50,017 INFO apscheduler.executors.default: Running job "main.<locals>.run_lts_aus_fast_scan (trigger: interval[0:00:05], next run at: 2026-09-17 17:37:54 +07)" (scheduled at 2026-09-17 17:37:49.999412+07:00)
2026-09-17 17:37:50,017 INFO apscheduler.executors.default: Job "main.<locals>.run_lts_aus_fast_scan (trigger: interval[0:00:05], next run at: 2026-09-17 17:37:54 +07)" executed successfully
2026-09-17 17:37:50,017 INFO apscheduler.executors.default: Running job "main.<locals>.run_position_check (trigger: interval[0:00:05], next run at: 2026-09-17 17:37:54 +07)" (scheduled at 2026-09-17 17:37:49.999412+07:00)
2026-09-17 17:37:50,020 INFO apscheduler.executors.default: Job "main.<locals>.run_position_check (trigger: interval[0:00:05], next run at: 2026-09-17 17:37:54 +07)" executed successfully
2026-09-17 17:37:50,020 INFO apscheduler.executors.default: Running job "main.<locals>.save_bot_state_job (trigger: interval[0:00:15], next run at: 2026-09-17 17:38:04 +07)" (scheduled at 2026-09-17 17:37:49.999412+07:00)
2026-09-17 17:37:50,021 INFO apscheduler.executors.default: Job "main.<locals>.save_bot_state_job (trigger: interval[0:00:15], next run at: 2026-09-17 17:38:04 +07)" executed successfully
2026-09-17 17:37:50,021 INFO apscheduler.executors.default: Running job "main.<locals>.run_trail_sl (trigger: interval[0:00:05], next run at: 2026-09-17 17:37:54 +07)" (scheduled at 2026-09-17 17:37:49.999412+07:00)
2026-09-17 17:37:50,023 INFO apscheduler.executors.default: Job "main.<locals>.run_trail_sl (trigger: interval[0:00:05], next run at: 2026-09-17 17:37:54 +07)" executed successfully
2026-09-17 17:37:51,011 INFO apscheduler.executors.default: Running job "main.<locals>.run_scan (trigger: cron[second='1,6,11,16,21,26,31,36,41,46,51,56'], next run at: 2026-09-17 17:37:56 +07)" (scheduled at 2026-09-17 17:37:51+07:00)
2026-09-17 17:37:51,013 INFO apscheduler.executors.default: Job "main.<locals>.run_scan (trigger: cron[second='1,6,11,16,21,26,31,36,41,46,51,56'], next run at: 2026-09-17 17:37:56 +07)" executed successfully
2026-09-17 17:37:55,002 INFO apscheduler.executors.default: Running job "main.<locals>.run_lts_aus_fast_scan (trigger: interval[0:00:05], next run at: 2026-09-17 17:37:59 +07)" (scheduled at 2026-09-17 17:37:54.999412+07:00)
2026-09-17 17:37:55,004 INFO apscheduler.executors.default: Job "main.<locals>.run_lts_aus_fast_scan (trigger: interval[0:00:05], next run at: 2026-09-17 17:37:59 +07)" executed successfully
2026-09-17 17:37:55,004 INFO apscheduler.executors.default: Running job "main.<locals>.run_position_check (trigger: interval[0:00:05], next run at: 2026-09-17 17:37:59 +07)" (scheduled at 2026-09-17 17:37:54.999412+07:00)
2026-09-17 17:37:55,007 INFO apscheduler.executors.default: Job "main.<locals>.run_position_check (trigger: interval[0:00:05], next run at: 2026-09-17 17:37:59 +07)" executed successfully
2026-09-17 17:37:55,007 INFO apscheduler.executors.default: Running job "main.<locals>.run_trail_sl (trigger: interval[0:00:05], next run at: 2026-09-17 17:37:59 +07)" (scheduled at 2026-09-17 17:37:54.999412+07:00)
2026-09-17 17:37:55,008 INFO apscheduler.executors.default: Job "main.<locals>.run_trail_sl (trigger: interval[0:00:05], next run at: 2026-09-17 17:37:59 +07)" executed successfully
2026-09-17 17:37:55,852 INFO httpx: HTTP Request: POST https://api.telegram.org/bot8700368282:AAGR_rmMfYeVtzIKkOQMXQrTWzmbbEs9MFQ/getUpdates "HTTP/1.1 200 OK"
2026-09-17 17:37:56,013 INFO apscheduler.executors.default: Running job "main.<locals>.run_scan (trigger: cron[second='1,6,11,16,21,26,31,36,41,46,51,56'], next run at: 2026-09-17 17:38:01 +07)" (scheduled at 2026-09-17 17:37:56+07:00)
2026-09-17 17:37:56,013 INFO apscheduler.executors.default: Job "main.<locals>.run_scan (trigger: cron[second='1,6,11,16,21,26,31,36,41,46,51,56'], next run at: 2026-09-17 17:38:01 +07)" executed successfully
2026-09-17 17:38:00,012 INFO apscheduler.executors.default: Running job "main.<locals>.run_lts_aus_fast_scan (trigger: interval[0:00:05], next run at: 2026-09-17 17:38:04 +07)" (scheduled at 2026-09-17 17:37:59.999412+07:00)
2026-09-17 17:38:00,013 INFO apscheduler.executors.default: Job "main.<locals>.run_lts_aus_fast_scan (trigger: interval[0:00:05], next run at: 2026-09-17 17:38:04 +07)" executed successfully
2026-09-17 17:38:00,014 INFO apscheduler.executors.default: Running job "main.<locals>.run_position_check (trigger: interval[0:00:05], next run at: 2026-09-17 17:38:04 +07)" (scheduled at 2026-09-17 17:37:59.999412+07:00)
2026-09-17 17:38:00,019 INFO apscheduler.executors.default: Job "main.<locals>.run_position_check (trigger: interval[0:00:05], next run at: 2026-09-17 17:38:04 +07)" executed successfully
2026-09-17 17:38:00,019 INFO apscheduler.executors.default: Running job "main.<locals>.run_trail_sl (trigger: interval[0:00:05], next run at: 2026-09-17 17:38:04 +07)" (scheduled at 2026-09-17 17:37:59.999412+07:00)
2026-09-17 17:38:00,019 INFO apscheduler.executors.default: Job "main.<locals>.run_trail_sl (trigger: interval[0:00:05], next run at: 2026-09-17 17:38:04 +07)" executed successfully
2026-09-17 17:38:01,008 INFO apscheduler.executors.default: Running job "main.<locals>.run_scan (trigger: cron[second='1,6,11,16,21,26,31,36,41,46,51,56'], next run at: 2026-09-17 17:38:06 +07)" (scheduled at 2026-09-17 17:38:01+07:00)
2026-09-17 17:38:01,008 INFO apscheduler.executors.default: Job "main.<locals>.run_scan (trigger: cron[second='1,6,11,16,21,26,31,36,41,46,51,56'], next run at: 2026-09-17 17:38:06 +07)" executed successfully
2026-09-17 17:38:01,008 INFO apscheduler.executors.default: Running job "main.<locals>.write_heartbeat_job (trigger: interval[0:00:15], next run at: 2026-09-17 17:38:16 +07)" (scheduled at 2026-09-17 17:38:01.000927+07:00)
2026-09-17 17:38:01,010 INFO apscheduler.executors.default: Job "main.<locals>.write_heartbeat_job (trigger: interval[0:00:15], next run at: 2026-09-17 17:38:16 +07)" executed successfully
2026-09-17 17:38:05,010 INFO apscheduler.executors.default: Running job "main.<locals>.check_symbol_switch (trigger: interval[0:01:00], next run at: 2026-09-17 17:39:04 +07)" (scheduled at 2026-09-17 17:38:04.997660+07:00)
2026-09-17 17:38:05,014 INFO apscheduler.executors.default: Job "main.<locals>.check_symbol_switch (trigger: interval[0:01:00], next run at: 2026-09-17 17:39:04 +07)" executed successfully
2026-09-17 17:38:05,015 INFO apscheduler.executors.default: Running job "main.<locals>.run_lts_aus_fast_scan (trigger: interval[0:00:05], next run at: 2026-09-17 17:38:09 +07)" (scheduled at 2026-09-17 17:38:04.999412+07:00)
2026-09-17 17:38:05,015 INFO apscheduler.executors.default: Job "main.<locals>.run_lts_aus_fast_scan (trigger: interval[0:00:05], next run at: 2026-09-17 17:38:09 +07)" executed successfully
2026-09-17 17:38:05,015 INFO apscheduler.executors.default: Running job "main.<locals>.run_position_check (trigger: interval[0:00:05], next run at: 2026-09-17 17:38:09 +07)" (scheduled at 2026-09-17 17:38:04.999412+07:00)
2026-09-17 17:38:05,019 INFO apscheduler.executors.default: Job "main.<locals>.run_position_check (trigger: interval[0:00:05], next run at: 2026-09-17 17:38:09 +07)" executed successfully
2026-09-17 17:38:05,019 INFO apscheduler.executors.default: Running job "main.<locals>.save_bot_state_job (trigger: interval[0:00:15], next run at: 2026-09-17 17:38:19 +07)" (scheduled at 2026-09-17 17:38:04.999412+07:00)
2026-09-17 17:38:05,021 INFO apscheduler.executors.default: Job "main.<locals>.save_bot_state_job (trigger: interval[0:00:15], next run at: 2026-09-17 17:38:19 +07)" executed successfully
2026-09-17 17:38:05,022 INFO apscheduler.executors.default: Running job "main.<locals>.run_trail_sl (trigger: interval[0:00:05], next run at: 2026-09-17 17:38:09 +07)" (scheduled at 2026-09-17 17:38:04.999412+07:00)
2026-09-17 17:38:05,022 INFO apscheduler.executors.default: Job "main.<locals>.run_trail_sl (trigger: interval[0:00:05], next run at: 2026-09-17 17:38:09 +07)" executed successfully
2026-09-17 17:38:05,023 INFO apscheduler.executors.default: Running job "main.<locals>.run_watchdog (trigger: interval[0:01:00], next run at: 2026-09-17 17:39:05 +07)" (scheduled at 2026-09-17 17:38:05.000927+07:00)
2026-09-17 17:38:05,025 INFO apscheduler.executors.default: Job "main.<locals>.run_watchdog (trigger: interval[0:01:00], next run at: 2026-09-17 17:39:05 +07)" executed successfully
2026-09-17 17:38:06,006 INFO apscheduler.executors.default: Running job "main.<locals>.run_scan (trigger: cron[second='1,6,11,16,21,26,31,36,41,46,51,56'], next run at: 2026-09-17 17:38:11 +07)" (scheduled at 2026-09-17 17:38:06+07:00)
2026-09-17 17:38:06,007 INFO apscheduler.executors.default: Job "main.<locals>.run_scan (trigger: cron[second='1,6,11,16,21,26,31,36,41,46,51,56'], next run at: 2026-09-17 17:38:11 +07)" executed successfully
2026-09-17 17:38:06,044 INFO httpx: HTTP Request: POST https://api.telegram.org/bot8700368282:AAGR_rmMfYeVtzIKkOQMXQrTWzmbbEs9MFQ/getUpdates "HTTP/1.1 200 OK"
2026-09-17 17:38:10,027 INFO apscheduler.executors.default: Running job "main.<locals>.run_lts_aus_fast_scan (trigger: interval[0:00:05], next run at: 2026-09-17 17:38:14 +07)" (scheduled at 2026-09-17 17:38:09.999412+07:00)
2026-09-17 17:38:10,031 INFO apscheduler.executors.default: Job "main.<locals>.run_lts_aus_fast_scan (trigger: interval[0:00:05], next run at: 2026-09-17 17:38:14 +07)" executed successfully
2026-09-17 17:38:10,031 INFO apscheduler.executors.default: Running job "main.<locals>.run_position_check (trigger: interval[0:00:05], next run at: 2026-09-17 17:38:14 +07)" (scheduled at 2026-09-17 17:38:09.999412+07:00)
2026-09-17 17:38:10,039 INFO apscheduler.executors.default: Job "main.<locals>.run_position_check (trigger: interval[0:00:05], next run at: 2026-09-17 17:38:14 +07)" executed successfully
2026-09-17 17:38:10,040 INFO apscheduler.executors.default: Running job "main.<locals>.run_trail_sl (trigger: interval[0:00:05], next run at: 2026-09-17 17:38:14 +07)" (scheduled at 2026-09-17 17:38:09.999412+07:00)
2026-09-17 17:38:10,041 INFO apscheduler.executors.default: Job "main.<locals>.run_trail_sl (trigger: interval[0:00:05], next run at: 2026-09-17 17:38:14 +07)" executed successfully
2026-09-17 17:38:11,013 INFO apscheduler.executors.default: Running job "main.<locals>.run_scan (trigger: cron[second='1,6,11,16,21,26,31,36,41,46,51,56'], next run at: 2026-09-17 17:38:16 +07)" (scheduled at 2026-09-17 17:38:11+07:00)
2026-09-17 17:38:11,014 INFO apscheduler.executors.default: Job "main.<locals>.run_scan (trigger: cron[second='1,6,11,16,21,26,31,36,41,46,51,56'], next run at: 2026-09-17 17:38:16 +07)" executed successfully
2026-09-17 17:38:15,012 INFO apscheduler.executors.default: Running job "main.<locals>.run_lts_aus_fast_scan (trigger: interval[0:00:05], next run at: 2026-09-17 17:38:19 +07)" (scheduled at 2026-09-17 17:38:14.999412+07:00)
2026-09-17 17:38:15,012 INFO apscheduler.executors.default: Job "main.<locals>.run_lts_aus_fast_scan (trigger: interval[0:00:05], next run at: 2026-09-17 17:38:19 +07)" executed successfully
2026-09-17 17:38:15,012 INFO apscheduler.executors.default: Running job "main.<locals>.run_position_check (trigger: interval[0:00:05], next run at: 2026-09-17 17:38:19 +07)" (scheduled at 2026-09-17 17:38:14.999412+07:00)
2026-09-17 17:38:15,016 INFO apscheduler.executors.default: Job "main.<locals>.run_position_check (trigger: interval[0:00:05], next run at: 2026-09-17 17:38:19 +07)" executed successfully
2026-09-17 17:38:15,016 INFO apscheduler.executors.default: Running job "main.<locals>.run_trail_sl (trigger: interval[0:00:05], next run at: 2026-09-17 17:38:19 +07)" (scheduled at 2026-09-17 17:38:14.999412+07:00)
2026-09-17 17:38:15,016 INFO apscheduler.executors.default: Job "main.<locals>.run_trail_sl (trigger: interval[0:00:05], next run at: 2026-09-17 17:38:19 +07)" executed successfully
2026-09-17 17:38:16,006 INFO apscheduler.executors.default: Running job "main.<locals>.run_scan (trigger: cron[second='1,6,11,16,21,26,31,36,41,46,51,56'], next run at: 2026-09-17 17:38:21 +07)" (scheduled at 2026-09-17 17:38:16+07:00)
2026-09-17 17:38:16,007 INFO apscheduler.executors.default: Job "main.<locals>.run_scan (trigger: cron[second='1,6,11,16,21,26,31,36,41,46,51,56'], next run at: 2026-09-17 17:38:21 +07)" executed successfully
2026-09-17 17:38:16,008 INFO apscheduler.executors.default: Running job "main.<locals>.write_heartbeat_job (trigger: interval[0:00:15], next run at: 2026-09-17 17:38:31 +07)" (scheduled at 2026-09-17 17:38:16.000927+07:00)
2026-09-17 17:38:16,012 INFO apscheduler.executors.default: Job "main.<locals>.write_heartbeat_job (trigger: interval[0:00:15], next run at: 2026-09-17 17:38:31 +07)" executed successfully
2026-09-17 17:38:16,237 INFO httpx: HTTP Request: POST https://api.telegram.org/bot8700368282:AAGR_rmMfYeVtzIKkOQMXQrTWzmbbEs9MFQ/getUpdates "HTTP/1.1 200 OK"
2026-09-17 17:38:20,009 INFO apscheduler.executors.default: Running job "main.<locals>.run_lts_aus_fast_scan (trigger: interval[0:00:05], next run at: 2026-09-17 17:38:24 +07)" (scheduled at 2026-09-17 17:38:19.999412+07:00)
2026-09-17 17:38:20,010 INFO apscheduler.executors.default: Job "main.<locals>.run_lts_aus_fast_scan (trigger: interval[0:00:05], next run at: 2026-09-17 17:38:24 +07)" executed successfully
2026-09-17 17:38:20,010 INFO apscheduler.executors.default: Running job "main.<locals>.run_position_check (trigger: interval[0:00:05], next run at: 2026-09-17 17:38:24 +07)" (scheduled at 2026-09-17 17:38:19.999412+07:00)
2026-09-17 17:38:20,014 INFO apscheduler.executors.default: Job "main.<locals>.run_position_check (trigger: interval[0:00:05], next run at: 2026-09-17 17:38:24 +07)" executed successfully
2026-09-17 17:38:20,014 INFO apscheduler.executors.default: Running job "main.<locals>.save_bot_state_job (trigger: interval[0:00:15], next run at: 2026-09-17 17:38:34 +07)" (scheduled at 2026-09-17 17:38:19.999412+07:00)
2026-09-17 17:38:20,016 INFO apscheduler.executors.default: Job "main.<locals>.save_bot_state_job (trigger: interval[0:00:15], next run at: 2026-09-17 17:38:34 +07)" executed successfully
2026-09-17 17:38:20,016 INFO apscheduler.executors.default: Running job "main.<locals>.run_trail_sl (trigger: interval[0:00:05], next run at: 2026-09-17 17:38:24 +07)" (scheduled at 2026-09-17 17:38:19.999412+07:00)
2026-09-17 17:38:20,017 INFO apscheduler.executors.default: Job "main.<locals>.run_trail_sl (trigger: interval[0:00:05], next run at: 2026-09-17 17:38:24 +07)" executed successfully
2026-09-17 17:38:21,021 INFO apscheduler.executors.default: Running job "main.<locals>.run_scan (trigger: cron[second='1,6,11,16,21,26,31,36,41,46,51,56'], next run at: 2026-09-17 17:38:26 +07)" (scheduled at 2026-09-17 17:38:21+07:00)
2026-09-17 17:38:21,021 INFO apscheduler.executors.default: Job "main.<locals>.run_scan (trigger: cron[second='1,6,11,16,21,26,31,36,41,46,51,56'], next run at: 2026-09-17 17:38:26 +07)" executed successfully
2026-09-17 17:38:25,014 INFO apscheduler.executors.default: Running job "main.<locals>.run_lts_aus_fast_scan (trigger: interval[0:00:05], next run at: 2026-09-17 17:38:29 +07)" (scheduled at 2026-09-17 17:38:24.999412+07:00)
2026-09-17 17:38:25,014 INFO apscheduler.executors.default: Job "main.<locals>.run_lts_aus_fast_scan (trigger: interval[0:00:05], next run at: 2026-09-17 17:38:29 +07)" executed successfully
2026-09-17 17:38:25,014 INFO apscheduler.executors.default: Running job "main.<locals>.run_position_check (trigger: interval[0:00:05], next run at: 2026-09-17 17:38:29 +07)" (scheduled at 2026-09-17 17:38:24.999412+07:00)
2026-09-17 17:38:25,019 INFO apscheduler.executors.default: Job "main.<locals>.run_position_check (trigger: interval[0:00:05], next run at: 2026-09-17 17:38:29 +07)" executed successfully
2026-09-17 17:38:25,020 INFO apscheduler.executors.default: Running job "main.<locals>.run_trail_sl (trigger: interval[0:00:05], next run at: 2026-09-17 17:38:29 +07)" (scheduled at 2026-09-17 17:38:24.999412+07:00)
2026-09-17 17:38:25,020 INFO apscheduler.executors.default: Job "main.<locals>.run_trail_sl (trigger: interval[0:00:05], next run at: 2026-09-17 17:38:29 +07)" executed successfully
2026-09-17 17:38:26,005 INFO apscheduler.executors.default: Running job "main.<locals>.run_scan (trigger: cron[second='1,6,11,16,21,26,31,36,41,46,51,56'], next run at: 2026-09-17 17:38:31 +07)" (scheduled at 2026-09-17 17:38:26+07:00)
2026-09-17 17:38:26,005 INFO apscheduler.executors.default: Job "main.<locals>.run_scan (trigger: cron[second='1,6,11,16,21,26,31,36,41,46,51,56'], next run at: 2026-09-17 17:38:31 +07)" executed successfully
2026-09-17 17:38:26,436 INFO httpx: HTTP Request: POST https://api.telegram.org/bot8700368282:AAGR_rmMfYeVtzIKkOQMXQrTWzmbbEs9MFQ/getUpdates "HTTP/1.1 200 OK"
2026-09-17 17:38:30,022 INFO apscheduler.executors.default: Running job "main.<locals>.run_lts_aus_fast_scan (trigger: interval[0:00:05], next run at: 2026-09-17 17:38:34 +07)" (scheduled at 2026-09-17 17:38:29.999412+07:00)
2026-09-17 17:38:30,023 INFO apscheduler.executors.default: Job "main.<locals>.run_lts_aus_fast_scan (trigger: interval[0:00:05], next run at: 2026-09-17 17:38:34 +07)" executed successfully
2026-09-17 17:38:30,023 INFO apscheduler.executors.default: Running job "main.<locals>.run_position_check (trigger: interval[0:00:05], next run at: 2026-09-17 17:38:34 +07)" (scheduled at 2026-09-17 17:38:29.999412+07:00)
2026-09-17 17:38:30,027 INFO apscheduler.executors.default: Job "main.<locals>.run_position_check (trigger: interval[0:00:05], next run at: 2026-09-17 17:38:34 +07)" executed successfully
2026-09-17 17:38:30,027 INFO apscheduler.executors.default: Running job "main.<locals>.run_trail_sl (trigger: interval[0:00:05], next run at: 2026-09-17 17:38:34 +07)" (scheduled at 2026-09-17 17:38:29.999412+07:00)
2026-09-17 17:38:30,027 INFO apscheduler.executors.default: Job "main.<locals>.run_trail_sl (trigger: interval[0:00:05], next run at: 2026-09-17 17:38:34 +07)" executed successfully
2026-09-17 17:38:31,015 INFO apscheduler.executors.default: Running job "main.<locals>.run_scan (trigger: cron[second='1,6,11,16,21,26,31,36,41,46,51,56'], next run at: 2026-09-17 17:38:36 +07)" (scheduled at 2026-09-17 17:38:31+07:00)
2026-09-17 17:38:31,016 INFO apscheduler.executors.default: Job "main.<locals>.run_scan (trigger: cron[second='1,6,11,16,21,26,31,36,41,46,51,56'], next run at: 2026-09-17 17:38:36 +07)" executed successfully
2026-09-17 17:38:31,016 INFO apscheduler.executors.default: Running job "main.<locals>.write_heartbeat_job (trigger: interval[0:00:15], next run at: 2026-09-17 17:38:46 +07)" (scheduled at 2026-09-17 17:38:31.000927+07:00)
2026-09-17 17:38:31,019 INFO apscheduler.executors.default: Job "main.<locals>.write_heartbeat_job (trigger: interval[0:00:15], next run at: 2026-09-17 17:38:46 +07)" executed successfully
2026-09-17 17:38:35,007 INFO apscheduler.executors.default: Running job "main.<locals>.run_lts_aus_fast_scan (trigger: interval[0:00:05], next run at: 2026-09-17 17:38:39 +07)" (scheduled at 2026-09-17 17:38:34.999412+07:00)
2026-09-17 17:38:35,007 INFO apscheduler.executors.default: Job "main.<locals>.run_lts_aus_fast_scan (trigger: interval[0:00:05], next run at: 2026-09-17 17:38:39 +07)" executed successfully
2026-09-17 17:38:35,009 INFO apscheduler.executors.default: Running job "main.<locals>.run_position_check (trigger: interval[0:00:05], next run at: 2026-09-17 17:38:39 +07)" (scheduled at 2026-09-17 17:38:34.999412+07:00)
2026-09-17 17:38:35,013 INFO apscheduler.executors.default: Job "main.<locals>.run_position_check (trigger: interval[0:00:05], next run at: 2026-09-17 17:38:39 +07)" executed successfully
2026-09-17 17:38:35,014 INFO apscheduler.executors.default: Running job "main.<locals>.save_bot_state_job (trigger: interval[0:00:15], next run at: 2026-09-17 17:38:49 +07)" (scheduled at 2026-09-17 17:38:34.999412+07:00)
2026-09-17 17:38:35,016 INFO apscheduler.executors.default: Job "main.<locals>.save_bot_state_job (trigger: interval[0:00:15], next run at: 2026-09-17 17:38:49 +07)" executed successfully
2026-09-17 17:38:35,016 INFO apscheduler.executors.default: Running job "main.<locals>.run_trail_sl (trigger: interval[0:00:05], next run at: 2026-09-17 17:38:39 +07)" (scheduled at 2026-09-17 17:38:34.999412+07:00)
2026-09-17 17:38:35,017 INFO apscheduler.executors.default: Job "main.<locals>.run_trail_sl (trigger: interval[0:00:05], next run at: 2026-09-17 17:38:39 +07)" executed successfully
2026-09-17 17:38:36,014 INFO apscheduler.executors.default: Running job "main.<locals>.run_scan (trigger: cron[second='1,6,11,16,21,26,31,36,41,46,51,56'], next run at: 2026-09-17 17:38:41 +07)" (scheduled at 2026-09-17 17:38:36+07:00)
2026-09-17 17:38:36,014 INFO apscheduler.executors.default: Job "main.<locals>.run_scan (trigger: cron[second='1,6,11,16,21,26,31,36,41,46,51,56'], next run at: 2026-09-17 17:38:41 +07)" executed successfully
2026-09-17 17:38:36,628 INFO httpx: HTTP Request: POST https://api.telegram.org/bot8700368282:AAGR_rmMfYeVtzIKkOQMXQrTWzmbbEs9MFQ/getUpdates "HTTP/1.1 200 OK"
2026-09-17 17:38:40,001 INFO apscheduler.executors.default: Running job "main.<locals>.run_lts_aus_fast_scan (trigger: interval[0:00:05], next run at: 2026-09-17 17:38:44 +07)" (scheduled at 2026-09-17 17:38:39.999412+07:00)
2026-09-17 17:38:40,002 INFO apscheduler.executors.default: Job "main.<locals>.run_lts_aus_fast_scan (trigger: interval[0:00:05], next run at: 2026-09-17 17:38:44 +07)" executed successfully
2026-09-17 17:38:40,002 INFO apscheduler.executors.default: Running job "main.<locals>.run_position_check (trigger: interval[0:00:05], next run at: 2026-09-17 17:38:44 +07)" (scheduled at 2026-09-17 17:38:39.999412+07:00)
2026-09-17 17:38:40,007 INFO apscheduler.executors.default: Job "main.<locals>.run_position_check (trigger: interval[0:00:05], next run at: 2026-09-17 17:38:44 +07)" executed successfully
2026-09-17 17:38:40,007 INFO apscheduler.executors.default: Running job "main.<locals>.run_trail_sl (trigger: interval[0:00:05], next run at: 2026-09-17 17:38:44 +07)" (scheduled at 2026-09-17 17:38:39.999412+07:00)
2026-09-17 17:38:40,007 INFO apscheduler.executors.default: Job "main.<locals>.run_trail_sl (trigger: interval[0:00:05], next run at: 2026-09-17 17:38:44 +07)" executed successfully
2026-09-17 17:38:41,010 INFO apscheduler.executors.default: Running job "main.<locals>.run_scan (trigger: cron[second='1,6,11,16,21,26,31,36,41,46,51,56'], next run at: 2026-09-17 17:38:46 +07)" (scheduled at 2026-09-17 17:38:41+07:00)
2026-09-17 17:38:41,012 INFO apscheduler.executors.default: Job "main.<locals>.run_scan (trigger: cron[second='1,6,11,16,21,26,31,36,41,46,51,56'], next run at: 2026-09-17 17:38:46 +07)" executed successfully
2026-09-17 17:38:45,002 INFO apscheduler.executors.default: Running job "main.<locals>.run_lts_aus_fast_scan (trigger: interval[0:00:05], next run at: 2026-09-17 17:38:49 +07)" (scheduled at 2026-09-17 17:38:44.999412+07:00)
2026-09-17 17:38:45,003 INFO apscheduler.executors.default: Job "main.<locals>.run_lts_aus_fast_scan (trigger: interval[0:00:05], next run at: 2026-09-17 17:38:49 +07)" executed successfully
2026-09-17 17:38:45,003 INFO apscheduler.executors.default: Running job "main.<locals>.run_position_check (trigger: interval[0:00:05], next run at: 2026-09-17 17:38:49 +07)" (scheduled at 2026-09-17 17:38:44.999412+07:00)
2026-09-17 17:38:45,007 INFO apscheduler.executors.default: Job "main.<locals>.run_position_check (trigger: interval[0:00:05], next run at: 2026-09-17 17:38:49 +07)" executed successfully
2026-09-17 17:38:45,007 INFO apscheduler.executors.default: Running job "main.<locals>.run_trail_sl (trigger: interval[0:00:05], next run at: 2026-09-17 17:38:49 +07)" (scheduled at 2026-09-17 17:38:44.999412+07:00)
2026-09-17 17:38:45,007 INFO apscheduler.executors.default: Job "main.<locals>.run_trail_sl (trigger: interval[0:00:05], next run at: 2026-09-17 17:38:49 +07)" executed successfully
2026-09-17 17:38:46,008 INFO apscheduler.executors.default: Running job "main.<locals>.run_scan (trigger: cron[second='1,6,11,16,21,26,31,36,41,46,51,56'], next run at: 2026-09-17 17:38:51 +07)" (scheduled at 2026-09-17 17:38:46+07:00)
2026-09-17 17:38:46,009 INFO apscheduler.executors.default: Job "main.<locals>.run_scan (trigger: cron[second='1,6,11,16,21,26,31,36,41,46,51,56'], next run at: 2026-09-17 17:38:51 +07)" executed successfully
2026-09-17 17:38:46,009 INFO apscheduler.executors.default: Running job "main.<locals>.write_heartbeat_job (trigger: interval[0:00:15], next run at: 2026-09-17 17:39:01 +07)" (scheduled at 2026-09-17 17:38:46.000927+07:00)
2026-09-17 17:38:46,011 INFO apscheduler.executors.default: Job "main.<locals>.write_heartbeat_job (trigger: interval[0:00:15], next run at: 2026-09-17 17:39:01 +07)" executed successfully
2026-09-17 17:38:46,822 INFO httpx: HTTP Request: POST https://api.telegram.org/bot8700368282:AAGR_rmMfYeVtzIKkOQMXQrTWzmbbEs9MFQ/getUpdates "HTTP/1.1 200 OK"
2026-09-17 17:38:50,014 INFO apscheduler.executors.default: Running job "main.<locals>.run_lts_aus_fast_scan (trigger: interval[0:00:05], next run at: 2026-09-17 17:38:54 +07)" (scheduled at 2026-09-17 17:38:49.999412+07:00)
2026-09-17 17:38:50,014 INFO apscheduler.executors.default: Job "main.<locals>.run_lts_aus_fast_scan (trigger: interval[0:00:05], next run at: 2026-09-17 17:38:54 +07)" executed successfully
2026-09-17 17:38:50,014 INFO apscheduler.executors.default: Running job "main.<locals>.run_position_check (trigger: interval[0:00:05], next run at: 2026-09-17 17:38:54 +07)" (scheduled at 2026-09-17 17:38:49.999412+07:00)
2026-09-17 17:38:50,018 INFO apscheduler.executors.default: Job "main.<locals>.run_position_check (trigger: interval[0:00:05], next run at: 2026-09-17 17:38:54 +07)" executed successfully
2026-09-17 17:38:50,019 INFO apscheduler.executors.default: Running job "main.<locals>.save_bot_state_job (trigger: interval[0:00:15], next run at: 2026-09-17 17:39:04 +07)" (scheduled at 2026-09-17 17:38:49.999412+07:00)
2026-09-17 17:38:50,021 INFO apscheduler.executors.default: Job "main.<locals>.save_bot_state_job (trigger: interval[0:00:15], next run at: 2026-09-17 17:39:04 +07)" executed successfully
2026-09-17 17:38:50,021 INFO apscheduler.executors.default: Running job "main.<locals>.run_trail_sl (trigger: interval[0:00:05], next run at: 2026-09-17 17:38:54 +07)" (scheduled at 2026-09-17 17:38:49.999412+07:00)
2026-09-17 17:38:50,022 INFO apscheduler.executors.default: Job "main.<locals>.run_trail_sl (trigger: interval[0:00:05], next run at: 2026-09-17 17:38:54 +07)" executed successfully
2026-09-17 17:38:51,001 INFO apscheduler.executors.default: Running job "main.<locals>.run_scan (trigger: cron[second='1,6,11,16,21,26,31,36,41,46,51,56'], next run at: 2026-09-17 17:38:56 +07)" (scheduled at 2026-09-17 17:38:51+07:00)
2026-09-17 17:38:51,002 INFO apscheduler.executors.default: Job "main.<locals>.run_scan (trigger: cron[second='1,6,11,16,21,26,31,36,41,46,51,56'], next run at: 2026-09-17 17:38:56 +07)" executed successfully
2026-09-17 17:38:55,014 INFO apscheduler.executors.default: Running job "main.<locals>.run_lts_aus_fast_scan (trigger: interval[0:00:05], next run at: 2026-09-17 17:38:59 +07)" (scheduled at 2026-09-17 17:38:54.999412+07:00)
2026-09-17 17:38:55,014 INFO apscheduler.executors.default: Job "main.<locals>.run_lts_aus_fast_scan (trigger: interval[0:00:05], next run at: 2026-09-17 17:38:59 +07)" executed successfully
2026-09-17 17:38:55,014 INFO apscheduler.executors.default: Running job "main.<locals>.run_position_check (trigger: interval[0:00:05], next run at: 2026-09-17 17:38:59 +07)" (scheduled at 2026-09-17 17:38:54.999412+07:00)
2026-09-17 17:38:55,020 INFO apscheduler.executors.default: Job "main.<locals>.run_position_check (trigger: interval[0:00:05], next run at: 2026-09-17 17:38:59 +07)" executed successfully
2026-09-17 17:38:55,021 INFO apscheduler.executors.default: Running job "main.<locals>.run_trail_sl (trigger: interval[0:00:05], next run at: 2026-09-17 17:38:59 +07)" (scheduled at 2026-09-17 17:38:54.999412+07:00)
2026-09-17 17:38:55,021 INFO apscheduler.executors.default: Job "main.<locals>.run_trail_sl (trigger: interval[0:00:05], next run at: 2026-09-17 17:38:59 +07)" executed successfully
2026-09-17 17:38:56,011 INFO apscheduler.executors.default: Running job "main.<locals>.run_scan (trigger: cron[second='1,6,11,16,21,26,31,36,41,46,51,56'], next run at: 2026-09-17 17:39:01 +07)" (scheduled at 2026-09-17 17:38:56+07:00)
2026-09-17 17:38:56,014 INFO apscheduler.executors.default: Job "main.<locals>.run_scan (trigger: cron[second='1,6,11,16,21,26,31,36,41,46,51,56'], next run at: 2026-09-17 17:39:01 +07)" executed successfully
2026-09-17 17:38:57,015 INFO httpx: HTTP Request: POST https://api.telegram.org/bot8700368282:AAGR_rmMfYeVtzIKkOQMXQrTWzmbbEs9MFQ/getUpdates "HTTP/1.1 200 OK"
2026-09-17 17:39:00,005 INFO apscheduler.executors.default: Running job "main.<locals>.run_lts_aus_fast_scan (trigger: interval[0:00:05], next run at: 2026-09-17 17:39:04 +07)" (scheduled at 2026-09-17 17:38:59.999412+07:00)
2026-09-17 17:39:00,006 INFO apscheduler.executors.default: Job "main.<locals>.run_lts_aus_fast_scan (trigger: interval[0:00:05], next run at: 2026-09-17 17:39:04 +07)" executed successfully
2026-09-17 17:39:00,007 INFO apscheduler.executors.default: Running job "main.<locals>.run_position_check (trigger: interval[0:00:05], next run at: 2026-09-17 17:39:04 +07)" (scheduled at 2026-09-17 17:38:59.999412+07:00)
2026-09-17 17:39:00,016 INFO apscheduler.executors.default: Job "main.<locals>.run_position_check (trigger: interval[0:00:05], next run at: 2026-09-17 17:39:04 +07)" executed successfully
2026-09-17 17:39:00,016 INFO apscheduler.executors.default: Running job "main.<locals>.run_trail_sl (trigger: interval[0:00:05], next run at: 2026-09-17 17:39:04 +07)" (scheduled at 2026-09-17 17:38:59.999412+07:00)
2026-09-17 17:39:00,016 INFO apscheduler.executors.default: Job "main.<locals>.run_trail_sl (trigger: interval[0:00:05], next run at: 2026-09-17 17:39:04 +07)" executed successfully
2026-09-17 17:39:01,002 INFO apscheduler.executors.default: Running job "main.<locals>.run_scan (trigger: cron[second='1,6,11,16,21,26,31,36,41,46,51,56'], next run at: 2026-09-17 17:39:06 +07)" (scheduled at 2026-09-17 17:39:01+07:00)
2026-09-17 17:39:01,002 INFO apscheduler.executors.default: Job "main.<locals>.run_scan (trigger: cron[second='1,6,11,16,21,26,31,36,41,46,51,56'], next run at: 2026-09-17 17:39:06 +07)" executed successfully
2026-09-17 17:39:01,002 INFO apscheduler.executors.default: Running job "main.<locals>.write_heartbeat_job (trigger: interval[0:00:15], next run at: 2026-09-17 17:39:16 +07)" (scheduled at 2026-09-17 17:39:01.000927+07:00)
2026-09-17 17:39:01,005 INFO apscheduler.executors.default: Job "main.<locals>.write_heartbeat_job (trigger: interval[0:00:15], next run at: 2026-09-17 17:39:16 +07)" executed successfully
2026-09-17 17:39:05,006 INFO apscheduler.executors.default: Running job "main.<locals>.check_symbol_switch (trigger: interval[0:01:00], next run at: 2026-09-17 17:40:04 +07)" (scheduled at 2026-09-17 17:39:04.997660+07:00)
2026-09-17 17:39:05,012 INFO apscheduler.executors.default: Job "main.<locals>.check_symbol_switch (trigger: interval[0:01:00], next run at: 2026-09-17 17:40:04 +07)" executed successfully
2026-09-17 17:39:05,012 INFO apscheduler.executors.default: Running job "main.<locals>.run_lts_aus_fast_scan (trigger: interval[0:00:05], next run at: 2026-09-17 17:39:09 +07)" (scheduled at 2026-09-17 17:39:04.999412+07:00)
2026-09-17 17:39:05,012 INFO apscheduler.executors.default: Job "main.<locals>.run_lts_aus_fast_scan (trigger: interval[0:00:05], next run at: 2026-09-17 17:39:09 +07)" executed successfully
2026-09-17 17:39:05,013 INFO apscheduler.executors.default: Running job "main.<locals>.run_position_check (trigger: interval[0:00:05], next run at: 2026-09-17 17:39:09 +07)" (scheduled at 2026-09-17 17:39:04.999412+07:00)
2026-09-17 17:39:05,017 INFO apscheduler.executors.default: Job "main.<locals>.run_position_check (trigger: interval[0:00:05], next run at: 2026-09-17 17:39:09 +07)" executed successfully
2026-09-17 17:39:05,017 INFO apscheduler.executors.default: Running job "main.<locals>.save_bot_state_job (trigger: interval[0:00:15], next run at: 2026-09-17 17:39:19 +07)" (scheduled at 2026-09-17 17:39:04.999412+07:00)
2026-09-17 17:39:05,020 INFO apscheduler.executors.default: Job "main.<locals>.save_bot_state_job (trigger: interval[0:00:15], next run at: 2026-09-17 17:39:19 +07)" executed successfully
2026-09-17 17:39:05,020 INFO apscheduler.executors.default: Running job "main.<locals>.run_trail_sl (trigger: interval[0:00:05], next run at: 2026-09-17 17:39:09 +07)" (scheduled at 2026-09-17 17:39:04.999412+07:00)
2026-09-17 17:39:05,021 INFO apscheduler.executors.default: Job "main.<locals>.run_trail_sl (trigger: interval[0:00:05], next run at: 2026-09-17 17:39:09 +07)" executed successfully
2026-09-17 17:39:05,021 INFO apscheduler.executors.default: Running job "main.<locals>.run_watchdog (trigger: interval[0:01:00], next run at: 2026-09-17 17:40:05 +07)" (scheduled at 2026-09-17 17:39:05.000927+07:00)
2026-09-17 17:39:05,024 INFO apscheduler.executors.default: Job "main.<locals>.run_watchdog (trigger: interval[0:01:00], next run at: 2026-09-17 17:40:05 +07)" executed successfully
2026-09-17 17:39:06,009 INFO apscheduler.executors.default: Running job "main.<locals>.run_scan (trigger: cron[second='1,6,11,16,21,26,31,36,41,46,51,56'], next run at: 2026-09-17 17:39:11 +07)" (scheduled at 2026-09-17 17:39:06+07:00)
2026-09-17 17:39:06,010 INFO apscheduler.executors.default: Job "main.<locals>.run_scan (trigger: cron[second='1,6,11,16,21,26,31,36,41,46,51,56'], next run at: 2026-09-17 17:39:11 +07)" executed successfully
2026-09-17 17:39:07,242 INFO httpx: HTTP Request: POST https://api.telegram.org/bot8700368282:AAGR_rmMfYeVtzIKkOQMXQrTWzmbbEs9MFQ/getUpdates "HTTP/1.1 200 OK"
2026-09-17 17:39:10,009 INFO apscheduler.executors.default: Running job "main.<locals>.run_lts_aus_fast_scan (trigger: interval[0:00:05], next run at: 2026-09-17 17:39:14 +07)" (scheduled at 2026-09-17 17:39:09.999412+07:00)
2026-09-17 17:39:10,010 INFO apscheduler.executors.default: Job "main.<locals>.run_lts_aus_fast_scan (trigger: interval[0:00:05], next run at: 2026-09-17 17:39:14 +07)" executed successfully
2026-09-17 17:39:10,010 INFO apscheduler.executors.default: Running job "main.<locals>.run_position_check (trigger: interval[0:00:05], next run at: 2026-09-17 17:39:14 +07)" (scheduled at 2026-09-17 17:39:09.999412+07:00)
2026-09-17 17:39:10,016 INFO apscheduler.executors.default: Job "main.<locals>.run_position_check (trigger: interval[0:00:05], next run at: 2026-09-17 17:39:14 +07)" executed successfully
2026-09-17 17:39:10,016 INFO apscheduler.executors.default: Running job "main.<locals>.run_trail_sl (trigger: interval[0:00:05], next run at: 2026-09-17 17:39:14 +07)" (scheduled at 2026-09-17 17:39:09.999412+07:00)
2026-09-17 17:39:10,018 INFO apscheduler.executors.default: Job "main.<locals>.run_trail_sl (trigger: interval[0:00:05], next run at: 2026-09-17 17:39:14 +07)" executed successfully
2026-09-17 17:39:11,001 INFO apscheduler.executors.default: Running job "main.<locals>.run_scan (trigger: cron[second='1,6,11,16,21,26,31,36,41,46,51,56'], next run at: 2026-09-17 17:39:16 +07)" (scheduled at 2026-09-17 17:39:11+07:00)
2026-09-17 17:39:11,001 INFO apscheduler.executors.default: Job "main.<locals>.run_scan (trigger: cron[second='1,6,11,16,21,26,31,36,41,46,51,56'], next run at: 2026-09-17 17:39:16 +07)" executed successfully
2026-09-17 17:39:15,009 INFO apscheduler.executors.default: Running job "main.<locals>.run_lts_aus_fast_scan (trigger: interval[0:00:05], next run at: 2026-09-17 17:39:19 +07)" (scheduled at 2026-09-17 17:39:14.999412+07:00)
2026-09-17 17:39:15,011 INFO apscheduler.executors.default: Job "main.<locals>.run_lts_aus_fast_scan (trigger: interval[0:00:05], next run at: 2026-09-17 17:39:19 +07)" executed successfully
2026-09-17 17:39:15,011 INFO apscheduler.executors.default: Running job "main.<locals>.run_position_check (trigger: interval[0:00:05], next run at: 2026-09-17 17:39:19 +07)" (scheduled at 2026-09-17 17:39:14.999412+07:00)
2026-09-17 17:39:15,016 INFO apscheduler.executors.default: Job "main.<locals>.run_position_check (trigger: interval[0:00:05], next run at: 2026-09-17 17:39:19 +07)" executed successfully
2026-09-17 17:39:15,016 INFO apscheduler.executors.default: Running job "main.<locals>.run_trail_sl (trigger: interval[0:00:05], next run at: 2026-09-17 17:39:19 +07)" (scheduled at 2026-09-17 17:39:14.999412+07:00)
2026-09-17 17:39:15,016 INFO apscheduler.executors.default: Job "main.<locals>.run_trail_sl (trigger: interval[0:00:05], next run at: 2026-09-17 17:39:19 +07)" executed successfully
2026-09-17 17:39:16,017 INFO apscheduler.executors.default: Running job "main.<locals>.run_scan (trigger: cron[second='1,6,11,16,21,26,31,36,41,46,51,56'], next run at: 2026-09-17 17:39:21 +07)" (scheduled at 2026-09-17 17:39:16+07:00)
2026-09-17 17:39:16,017 INFO apscheduler.executors.default: Job "main.<locals>.run_scan (trigger: cron[second='1,6,11,16,21,26,31,36,41,46,51,56'], next run at: 2026-09-17 17:39:21 +07)" executed successfully
2026-09-17 17:39:16,017 INFO apscheduler.executors.default: Running job "main.<locals>.write_heartbeat_job (trigger: interval[0:00:15], next run at: 2026-09-17 17:39:31 +07)" (scheduled at 2026-09-17 17:39:16.000927+07:00)
2026-09-17 17:39:16,020 INFO apscheduler.executors.default: Job "main.<locals>.write_heartbeat_job (trigger: interval[0:00:15], next run at: 2026-09-17 17:39:31 +07)" executed successfully
2026-09-17 17:39:17,438 INFO httpx: HTTP Request: POST https://api.telegram.org/bot8700368282:AAGR_rmMfYeVtzIKkOQMXQrTWzmbbEs9MFQ/getUpdates "HTTP/1.1 200 OK"
2026-09-17 17:39:20,002 INFO apscheduler.executors.default: Running job "main.<locals>.run_lts_aus_fast_scan (trigger: interval[0:00:05], next run at: 2026-09-17 17:39:24 +07)" (scheduled at 2026-09-17 17:39:19.999412+07:00)
2026-09-17 17:39:20,003 INFO apscheduler.executors.default: Job "main.<locals>.run_lts_aus_fast_scan (trigger: interval[0:00:05], next run at: 2026-09-17 17:39:24 +07)" executed successfully
2026-09-17 17:39:20,003 INFO apscheduler.executors.default: Running job "main.<locals>.run_position_check (trigger: interval[0:00:05], next run at: 2026-09-17 17:39:24 +07)" (scheduled at 2026-09-17 17:39:19.999412+07:00)
2026-09-17 17:39:20,009 INFO apscheduler.executors.default: Job "main.<locals>.run_position_check (trigger: interval[0:00:05], next run at: 2026-09-17 17:39:24 +07)" executed successfully
2026-09-17 17:39:20,009 INFO apscheduler.executors.default: Running job "main.<locals>.save_bot_state_job (trigger: interval[0:00:15], next run at: 2026-09-17 17:39:34 +07)" (scheduled at 2026-09-17 17:39:19.999412+07:00)
2026-09-17 17:39:20,013 INFO apscheduler.executors.default: Job "main.<locals>.save_bot_state_job (trigger: interval[0:00:15], next run at: 2026-09-17 17:39:34 +07)" executed successfully
2026-09-17 17:39:20,013 INFO apscheduler.executors.default: Running job "main.<locals>.run_trail_sl (trigger: interval[0:00:05], next run at: 2026-09-17 17:39:24 +07)" (scheduled at 2026-09-17 17:39:19.999412+07:00)
2026-09-17 17:39:20,014 INFO apscheduler.executors.default: Job "main.<locals>.run_trail_sl (trigger: interval[0:00:05], next run at: 2026-09-17 17:39:24 +07)" executed successfully
2026-09-17 17:39:21,031 INFO apscheduler.executors.default: Running job "main.<locals>.run_scan (trigger: cron[second='1,6,11,16,21,26,31,36,41,46,51,56'], next run at: 2026-09-17 17:39:26 +07)" (scheduled at 2026-09-17 17:39:21+07:00)
2026-09-17 17:39:21,031 INFO apscheduler.executors.default: Job "main.<locals>.run_scan (trigger: cron[second='1,6,11,16,21,26,31,36,41,46,51,56'], next run at: 2026-09-17 17:39:26 +07)" executed successfully
2026-09-17 17:39:25,014 INFO apscheduler.executors.default: Running job "main.<locals>.run_lts_aus_fast_scan (trigger: interval[0:00:05], next run at: 2026-09-17 17:39:29 +07)" (scheduled at 2026-09-17 17:39:24.999412+07:00)
2026-09-17 17:39:25,015 INFO apscheduler.executors.default: Job "main.<locals>.run_lts_aus_fast_scan (trigger: interval[0:00:05], next run at: 2026-09-17 17:39:29 +07)" executed successfully
2026-09-17 17:39:25,015 INFO apscheduler.executors.default: Running job "main.<locals>.run_position_check (trigger: interval[0:00:05], next run at: 2026-09-17 17:39:29 +07)" (scheduled at 2026-09-17 17:39:24.999412+07:00)
2026-09-17 17:39:25,019 INFO apscheduler.executors.default: Job "main.<locals>.run_position_check (trigger: interval[0:00:05], next run at: 2026-09-17 17:39:29 +07)" executed successfully
2026-09-17 17:39:25,019 INFO apscheduler.executors.default: Running job "main.<locals>.run_trail_sl (trigger: interval[0:00:05], next run at: 2026-09-17 17:39:29 +07)" (scheduled at 2026-09-17 17:39:24.999412+07:00)
2026-09-17 17:39:25,019 INFO apscheduler.executors.default: Job "main.<locals>.run_trail_sl (trigger: interval[0:00:05], next run at: 2026-09-17 17:39:29 +07)" executed successfully
2026-09-17 17:39:26,003 INFO apscheduler.executors.default: Running job "main.<locals>.run_scan (trigger: cron[second='1,6,11,16,21,26,31,36,41,46,51,56'], next run at: 2026-09-17 17:39:31 +07)" (scheduled at 2026-09-17 17:39:26+07:00)
2026-09-17 17:39:26,003 INFO apscheduler.executors.default: Job "main.<locals>.run_scan (trigger: cron[second='1,6,11,16,21,26,31,36,41,46,51,56'], next run at: 2026-09-17 17:39:31 +07)" executed successfully
2026-09-17 17:39:27,631 INFO httpx: HTTP Request: POST https://api.telegram.org/bot8700368282:AAGR_rmMfYeVtzIKkOQMXQrTWzmbbEs9MFQ/getUpdates "HTTP/1.1 200 OK"
2026-09-17 17:39:30,017 INFO apscheduler.executors.default: Running job "main.<locals>.run_lts_aus_fast_scan (trigger: interval[0:00:05], next run at: 2026-09-17 17:39:34 +07)" (scheduled at 2026-09-17 17:39:29.999412+07:00)
2026-09-17 17:39:30,020 INFO apscheduler.executors.default: Job "main.<locals>.run_lts_aus_fast_scan (trigger: interval[0:00:05], next run at: 2026-09-17 17:39:34 +07)" executed successfully
2026-09-17 17:39:30,020 INFO apscheduler.executors.default: Running job "main.<locals>.run_position_check (trigger: interval[0:00:05], next run at: 2026-09-17 17:39:34 +07)" (scheduled at 2026-09-17 17:39:29.999412+07:00)
2026-09-17 17:39:30,026 INFO apscheduler.executors.default: Job "main.<locals>.run_position_check (trigger: interval[0:00:05], next run at: 2026-09-17 17:39:34 +07)" executed successfully
2026-09-17 17:39:30,026 INFO apscheduler.executors.default: Running job "main.<locals>.run_trail_sl (trigger: interval[0:00:05], next run at: 2026-09-17 17:39:34 +07)" (scheduled at 2026-09-17 17:39:29.999412+07:00)
2026-09-17 17:39:30,027 INFO apscheduler.executors.default: Job "main.<locals>.run_trail_sl (trigger: interval[0:00:05], next run at: 2026-09-17 17:39:34 +07)" executed successfully
2026-09-17 17:39:31,005 INFO apscheduler.executors.default: Running job "main.<locals>.run_scan (trigger: cron[second='1,6,11,16,21,26,31,36,41,46,51,56'], next run at: 2026-09-17 17:39:36 +07)" (scheduled at 2026-09-17 17:39:31+07:00)
2026-09-17 17:39:31,005 INFO apscheduler.executors.default: Job "main.<locals>.run_scan (trigger: cron[second='1,6,11,16,21,26,31,36,41,46,51,56'], next run at: 2026-09-17 17:39:36 +07)" executed successfully
2026-09-17 17:39:31,006 INFO apscheduler.executors.default: Running job "main.<locals>.write_heartbeat_job (trigger: interval[0:00:15], next run at: 2026-09-17 17:39:46 +07)" (scheduled at 2026-09-17 17:39:31.000927+07:00)
2026-09-17 17:39:31,008 INFO apscheduler.executors.default: Job "main.<locals>.write_heartbeat_job (trigger: interval[0:00:15], next run at: 2026-09-17 17:39:46 +07)" executed successfully
2026-09-17 17:39:35,007 INFO apscheduler.executors.default: Running job "main.<locals>.run_lts_aus_fast_scan (trigger: interval[0:00:05], next run at: 2026-09-17 17:39:39 +07)" (scheduled at 2026-09-17 17:39:34.999412+07:00)
2026-09-17 17:39:35,007 INFO apscheduler.executors.default: Job "main.<locals>.run_lts_aus_fast_scan (trigger: interval[0:00:05], next run at: 2026-09-17 17:39:39 +07)" executed successfully
2026-09-17 17:39:35,008 INFO apscheduler.executors.default: Running job "main.<locals>.run_position_check (trigger: interval[0:00:05], next run at: 2026-09-17 17:39:39 +07)" (scheduled at 2026-09-17 17:39:34.999412+07:00)
2026-09-17 17:39:35,011 INFO apscheduler.executors.default: Job "main.<locals>.run_position_check (trigger: interval[0:00:05], next run at: 2026-09-17 17:39:39 +07)" executed successfully
2026-09-17 17:39:35,011 INFO apscheduler.executors.default: Running job "main.<locals>.save_bot_state_job (trigger: interval[0:00:15], next run at: 2026-09-17 17:39:49 +07)" (scheduled at 2026-09-17 17:39:34.999412+07:00)
2026-09-17 17:39:35,013 INFO apscheduler.executors.default: Job "main.<locals>.save_bot_state_job (trigger: interval[0:00:15], next run at: 2026-09-17 17:39:49 +07)" executed successfully
2026-09-17 17:39:35,014 INFO apscheduler.executors.default: Running job "main.<locals>.run_trail_sl (trigger: interval[0:00:05], next run at: 2026-09-17 17:39:39 +07)" (scheduled at 2026-09-17 17:39:34.999412+07:00)
2026-09-17 17:39:35,014 INFO apscheduler.executors.default: Job "main.<locals>.run_trail_sl (trigger: interval[0:00:05], next run at: 2026-09-17 17:39:39 +07)" executed successfully
2026-09-17 17:39:36,012 INFO apscheduler.executors.default: Running job "main.<locals>.run_scan (trigger: cron[second='1,6,11,16,21,26,31,36,41,46,51,56'], next run at: 2026-09-17 17:39:41 +07)" (scheduled at 2026-09-17 17:39:36+07:00)
2026-09-17 17:39:36,012 INFO apscheduler.executors.default: Job "main.<locals>.run_scan (trigger: cron[second='1,6,11,16,21,26,31,36,41,46,51,56'], next run at: 2026-09-17 17:39:41 +07)" executed successfully
2026-09-17 17:39:37,827 INFO httpx: HTTP Request: POST https://api.telegram.org/bot8700368282:AAGR_rmMfYeVtzIKkOQMXQrTWzmbbEs9MFQ/getUpdates "HTTP/1.1 200 OK"
2026-09-17 17:39:40,019 INFO apscheduler.executors.default: Running job "main.<locals>.run_lts_aus_fast_scan (trigger: interval[0:00:05], next run at: 2026-09-17 17:39:44 +07)" (scheduled at 2026-09-17 17:39:39.999412+07:00)
2026-09-17 17:39:40,019 INFO apscheduler.executors.default: Job "main.<locals>.run_lts_aus_fast_scan (trigger: interval[0:00:05], next run at: 2026-09-17 17:39:44 +07)" executed successfully
2026-09-17 17:39:40,020 INFO apscheduler.executors.default: Running job "main.<locals>.run_position_check (trigger: interval[0:00:05], next run at: 2026-09-17 17:39:44 +07)" (scheduled at 2026-09-17 17:39:39.999412+07:00)
2026-09-17 17:39:40,024 INFO apscheduler.executors.default: Job "main.<locals>.run_position_check (trigger: interval[0:00:05], next run at: 2026-09-17 17:39:44 +07)" executed successfully
2026-09-17 17:39:40,024 INFO apscheduler.executors.default: Running job "main.<locals>.run_trail_sl (trigger: interval[0:00:05], next run at: 2026-09-17 17:39:44 +07)" (scheduled at 2026-09-17 17:39:39.999412+07:00)
2026-09-17 17:39:40,024 INFO apscheduler.executors.default: Job "main.<locals>.run_trail_sl (trigger: interval[0:00:05], next run at: 2026-09-17 17:39:44 +07)" executed successfully
2026-09-17 17:39:41,012 INFO apscheduler.executors.default: Running job "main.<locals>.run_scan (trigger: cron[second='1,6,11,16,21,26,31,36,41,46,51,56'], next run at: 2026-09-17 17:39:46 +07)" (scheduled at 2026-09-17 17:39:41+07:00)
2026-09-17 17:39:41,013 INFO apscheduler.executors.default: Job "main.<locals>.run_scan (trigger: cron[second='1,6,11,16,21,26,31,36,41,46,51,56'], next run at: 2026-09-17 17:39:46 +07)" executed successfully
2026-09-17 17:39:45,015 INFO apscheduler.executors.default: Running job "main.<locals>.run_lts_aus_fast_scan (trigger: interval[0:00:05], next run at: 2026-09-17 17:39:49 +07)" (scheduled at 2026-09-17 17:39:44.999412+07:00)
2026-09-17 17:39:45,017 INFO apscheduler.executors.default: Job "main.<locals>.run_lts_aus_fast_scan (trigger: interval[0:00:05], next run at: 2026-09-17 17:39:49 +07)" executed successfully
2026-09-17 17:39:45,019 INFO apscheduler.executors.default: Running job "main.<locals>.run_position_check (trigger: interval[0:00:05], next run at: 2026-09-17 17:39:49 +07)" (scheduled at 2026-09-17 17:39:44.999412+07:00)
2026-09-17 17:39:45,024 INFO apscheduler.executors.default: Job "main.<locals>.run_position_check (trigger: interval[0:00:05], next run at: 2026-09-17 17:39:49 +07)" executed successfully
2026-09-17 17:39:45,025 INFO apscheduler.executors.default: Running job "main.<locals>.run_trail_sl (trigger: interval[0:00:05], next run at: 2026-09-17 17:39:49 +07)" (scheduled at 2026-09-17 17:39:44.999412+07:00)
2026-09-17 17:39:45,025 INFO apscheduler.executors.default: Job "main.<locals>.run_trail_sl (trigger: interval[0:00:05], next run at: 2026-09-17 17:39:49 +07)" executed successfully
2026-09-17 17:39:46,011 INFO apscheduler.executors.default: Running job "main.<locals>.run_scan (trigger: cron[second='1,6,11,16,21,26,31,36,41,46,51,56'], next run at: 2026-09-17 17:39:51 +07)" (scheduled at 2026-09-17 17:39:46+07:00)
2026-09-17 17:39:46,012 INFO apscheduler.executors.default: Job "main.<locals>.run_scan (trigger: cron[second='1,6,11,16,21,26,31,36,41,46,51,56'], next run at: 2026-09-17 17:39:51 +07)" executed successfully
2026-09-17 17:39:46,012 INFO apscheduler.executors.default: Running job "main.<locals>.write_heartbeat_job (trigger: interval[0:00:15], next run at: 2026-09-17 17:40:01 +07)" (scheduled at 2026-09-17 17:39:46.000927+07:00)
2026-09-17 17:39:46,015 INFO apscheduler.executors.default: Job "main.<locals>.write_heartbeat_job (trigger: interval[0:00:15], next run at: 2026-09-17 17:40:01 +07)" executed successfully
2026-09-17 17:39:48,019 INFO httpx: HTTP Request: POST https://api.telegram.org/bot8700368282:AAGR_rmMfYeVtzIKkOQMXQrTWzmbbEs9MFQ/getUpdates "HTTP/1.1 200 OK"
2026-09-17 17:39:50,011 INFO apscheduler.executors.default: Running job "main.<locals>.run_lts_aus_fast_scan (trigger: interval[0:00:05], next run at: 2026-09-17 17:39:54 +07)" (scheduled at 2026-09-17 17:39:49.999412+07:00)
2026-09-17 17:39:50,012 INFO apscheduler.executors.default: Job "main.<locals>.run_lts_aus_fast_scan (trigger: interval[0:00:05], next run at: 2026-09-17 17:39:54 +07)" executed successfully
2026-09-17 17:39:50,012 INFO apscheduler.executors.default: Running job "main.<locals>.run_position_check (trigger: interval[0:00:05], next run at: 2026-09-17 17:39:54 +07)" (scheduled at 2026-09-17 17:39:49.999412+07:00)
2026-09-17 17:39:50,018 INFO apscheduler.executors.default: Job "main.<locals>.run_position_check (trigger: interval[0:00:05], next run at: 2026-09-17 17:39:54 +07)" executed successfully
2026-09-17 17:39:50,019 INFO apscheduler.executors.default: Running job "main.<locals>.save_bot_state_job (trigger: interval[0:00:15], next run at: 2026-09-17 17:40:04 +07)" (scheduled at 2026-09-17 17:39:49.999412+07:00)
2026-09-17 17:39:50,021 INFO apscheduler.executors.default: Job "main.<locals>.save_bot_state_job (trigger: interval[0:00:15], next run at: 2026-09-17 17:40:04 +07)" executed successfully
2026-09-17 17:39:50,022 INFO apscheduler.executors.default: Running job "main.<locals>.run_trail_sl (trigger: interval[0:00:05], next run at: 2026-09-17 17:39:54 +07)" (scheduled at 2026-09-17 17:39:49.999412+07:00)
2026-09-17 17:39:50,023 INFO apscheduler.executors.default: Job "main.<locals>.run_trail_sl (trigger: interval[0:00:05], next run at: 2026-09-17 17:39:54 +07)" executed successfully
2026-09-17 17:39:51,007 INFO apscheduler.executors.default: Running job "main.<locals>.run_scan (trigger: cron[second='1,6,11,16,21,26,31,36,41,46,51,56'], next run at: 2026-09-17 17:39:56 +07)" (scheduled at 2026-09-17 17:39:51+07:00)
2026-09-17 17:39:51,008 INFO apscheduler.executors.default: Job "main.<locals>.run_scan (trigger: cron[second='1,6,11,16,21,26,31,36,41,46,51,56'], next run at: 2026-09-17 17:39:56 +07)" executed successfully
2026-09-17 17:39:55,003 INFO apscheduler.executors.default: Running job "main.<locals>.run_lts_aus_fast_scan (trigger: interval[0:00:05], next run at: 2026-09-17 17:39:59 +07)" (scheduled at 2026-09-17 17:39:54.999412+07:00)
2026-09-17 17:39:55,003 INFO apscheduler.executors.default: Job "main.<locals>.run_lts_aus_fast_scan (trigger: interval[0:00:05], next run at: 2026-09-17 17:39:59 +07)" executed successfully
2026-09-17 17:39:55,003 INFO apscheduler.executors.default: Running job "main.<locals>.run_position_check (trigger: interval[0:00:05], next run at: 2026-09-17 17:39:59 +07)" (scheduled at 2026-09-17 17:39:54.999412+07:00)
2026-09-17 17:39:55,008 INFO apscheduler.executors.default: Job "main.<locals>.run_position_check (trigger: interval[0:00:05], next run at: 2026-09-17 17:39:59 +07)" executed successfully
2026-09-17 17:39:55,009 INFO apscheduler.executors.default: Running job "main.<locals>.run_trail_sl (trigger: interval[0:00:05], next run at: 2026-09-17 17:39:59 +07)" (scheduled at 2026-09-17 17:39:54.999412+07:00)
2026-09-17 17:39:55,009 INFO apscheduler.executors.default: Job "main.<locals>.run_trail_sl (trigger: interval[0:00:05], next run at: 2026-09-17 17:39:59 +07)" executed successfully
2026-09-17 17:39:56,012 INFO apscheduler.executors.default: Running job "main.<locals>.run_scan (trigger: cron[second='1,6,11,16,21,26,31,36,41,46,51,56'], next run at: 2026-09-17 17:40:01 +07)" (scheduled at 2026-09-17 17:39:56+07:00)
2026-09-17 17:39:56,012 INFO apscheduler.executors.default: Job "main.<locals>.run_scan (trigger: cron[second='1,6,11,16,21,26,31,36,41,46,51,56'], next run at: 2026-09-17 17:40:01 +07)" executed successfully
2026-09-17 17:39:58,213 INFO httpx: HTTP Request: POST https://api.telegram.org/bot8700368282:AAGR_rmMfYeVtzIKkOQMXQrTWzmbbEs9MFQ/getUpdates "HTTP/1.1 200 OK"
2026-09-17 17:40:00,011 INFO apscheduler.executors.default: Running job "main.<locals>.run_lts_aus_fast_scan (trigger: interval[0:00:05], next run at: 2026-09-17 17:40:04 +07)" (scheduled at 2026-09-17 17:39:59.999412+07:00)
2026-09-17 17:40:00,012 INFO apscheduler.executors.default: Job "main.<locals>.run_lts_aus_fast_scan (trigger: interval[0:00:05], next run at: 2026-09-17 17:40:04 +07)" executed successfully
2026-09-17 17:40:00,012 INFO apscheduler.executors.default: Running job "main.<locals>.run_position_check (trigger: interval[0:00:05], next run at: 2026-09-17 17:40:04 +07)" (scheduled at 2026-09-17 17:39:59.999412+07:00)
2026-09-17 17:40:00,023 INFO apscheduler.executors.default: Job "main.<locals>.run_position_check (trigger: interval[0:00:05], next run at: 2026-09-17 17:40:04 +07)" executed successfully
2026-09-17 17:40:00,026 INFO apscheduler.executors.default: Running job "main.<locals>.run_trail_sl (trigger: interval[0:00:05], next run at: 2026-09-17 17:40:04 +07)" (scheduled at 2026-09-17 17:39:59.999412+07:00)
2026-09-17 17:40:00,027 INFO apscheduler.executors.default: Job "main.<locals>.run_trail_sl (trigger: interval[0:00:05], next run at: 2026-09-17 17:40:04 +07)" executed successfully
2026-09-17 17:40:01,016 INFO apscheduler.executors.default: Running job "main.<locals>.run_scan (trigger: cron[second='1,6,11,16,21,26,31,36,41,46,51,56'], next run at: 2026-09-17 17:40:06 +07)" (scheduled at 2026-09-17 17:40:01+07:00)
2026-09-17 17:40:01,016 INFO apscheduler.executors.default: Job "main.<locals>.run_scan (trigger: cron[second='1,6,11,16,21,26,31,36,41,46,51,56'], next run at: 2026-09-17 17:40:06 +07)" executed successfully
2026-09-17 17:40:01,017 INFO apscheduler.executors.default: Running job "main.<locals>.write_heartbeat_job (trigger: interval[0:00:15], next run at: 2026-09-17 17:40:16 +07)" (scheduled at 2026-09-17 17:40:01.000927+07:00)
2026-09-17 17:40:01,021 INFO apscheduler.executors.default: Job "main.<locals>.write_heartbeat_job (trigger: interval[0:00:15], next run at: 2026-09-17 17:40:16 +07)" executed successfully
2026-09-17 17:40:04,998 INFO apscheduler.executors.default: Running job "main.<locals>.check_symbol_switch (trigger: interval[0:01:00], next run at: 2026-09-17 17:41:04 +07)" (scheduled at 2026-09-17 17:40:04.997660+07:00)
2026-09-17 17:40:05,003 INFO apscheduler.executors.default: Job "main.<locals>.check_symbol_switch (trigger: interval[0:01:00], next run at: 2026-09-17 17:41:04 +07)" executed successfully
2026-09-17 17:40:05,004 INFO apscheduler.executors.default: Running job "main.<locals>.run_lts_aus_fast_scan (trigger: interval[0:00:05], next run at: 2026-09-17 17:40:09 +07)" (scheduled at 2026-09-17 17:40:04.999412+07:00)
2026-09-17 17:40:05,004 INFO apscheduler.executors.default: Job "main.<locals>.run_lts_aus_fast_scan (trigger: interval[0:00:05], next run at: 2026-09-17 17:40:09 +07)" executed successfully
2026-09-17 17:40:05,004 INFO apscheduler.executors.default: Running job "main.<locals>.run_position_check (trigger: interval[0:00:05], next run at: 2026-09-17 17:40:09 +07)" (scheduled at 2026-09-17 17:40:04.999412+07:00)
2026-09-17 17:40:05,010 INFO apscheduler.executors.default: Job "main.<locals>.run_position_check (trigger: interval[0:00:05], next run at: 2026-09-17 17:40:09 +07)" executed successfully
2026-09-17 17:40:05,010 INFO apscheduler.executors.default: Running job "main.<locals>.save_bot_state_job (trigger: interval[0:00:15], next run at: 2026-09-17 17:40:19 +07)" (scheduled at 2026-09-17 17:40:04.999412+07:00)
2026-09-17 17:40:05,014 INFO apscheduler.executors.default: Job "main.<locals>.save_bot_state_job (trigger: interval[0:00:15], next run at: 2026-09-17 17:40:19 +07)" executed successfully
2026-09-17 17:40:05,015 INFO apscheduler.executors.default: Running job "main.<locals>.run_trail_sl (trigger: interval[0:00:05], next run at: 2026-09-17 17:40:09 +07)" (scheduled at 2026-09-17 17:40:04.999412+07:00)
2026-09-17 17:40:05,016 INFO apscheduler.executors.default: Job "main.<locals>.run_trail_sl (trigger: interval[0:00:05], next run at: 2026-09-17 17:40:09 +07)" executed successfully
2026-09-17 17:40:05,017 INFO apscheduler.executors.default: Running job "main.<locals>.run_watchdog (trigger: interval[0:01:00], next run at: 2026-09-17 17:41:05 +07)" (scheduled at 2026-09-17 17:40:05.000927+07:00)
2026-09-17 17:40:05,022 INFO apscheduler.executors.default: Job "main.<locals>.run_watchdog (trigger: interval[0:01:00], next run at: 2026-09-17 17:41:05 +07)" executed successfully
2026-09-17 17:40:06,010 INFO apscheduler.executors.default: Running job "main.<locals>.run_scan (trigger: cron[second='1,6,11,16,21,26,31,36,41,46,51,56'], next run at: 2026-09-17 17:40:11 +07)" (scheduled at 2026-09-17 17:40:06+07:00)
2026-09-17 17:40:06,010 INFO apscheduler.executors.default: Job "main.<locals>.run_scan (trigger: cron[second='1,6,11,16,21,26,31,36,41,46,51,56'], next run at: 2026-09-17 17:40:11 +07)" executed successfully
2026-09-17 17:40:08,409 INFO httpx: HTTP Request: POST https://api.telegram.org/bot8700368282:AAGR_rmMfYeVtzIKkOQMXQrTWzmbbEs9MFQ/getUpdates "HTTP/1.1 200 OK"
2026-09-17 17:40:10,014 INFO apscheduler.executors.default: Running job "main.<locals>.run_lts_aus_fast_scan (trigger: interval[0:00:05], next run at: 2026-09-17 17:40:14 +07)" (scheduled at 2026-09-17 17:40:09.999412+07:00)
2026-09-17 17:40:10,015 INFO apscheduler.executors.default: Job "main.<locals>.run_lts_aus_fast_scan (trigger: interval[0:00:05], next run at: 2026-09-17 17:40:14 +07)" executed successfully
2026-09-17 17:40:10,015 INFO apscheduler.executors.default: Running job "main.<locals>.run_position_check (trigger: interval[0:00:05], next run at: 2026-09-17 17:40:14 +07)" (scheduled at 2026-09-17 17:40:09.999412+07:00)
2026-09-17 17:40:10,019 INFO apscheduler.executors.default: Job "main.<locals>.run_position_check (trigger: interval[0:00:05], next run at: 2026-09-17 17:40:14 +07)" executed successfully
2026-09-17 17:40:10,020 INFO apscheduler.executors.default: Running job "main.<locals>.run_trail_sl (trigger: interval[0:00:05], next run at: 2026-09-17 17:40:14 +07)" (scheduled at 2026-09-17 17:40:09.999412+07:00)
2026-09-17 17:40:10,020 INFO apscheduler.executors.default: Job "main.<locals>.run_trail_sl (trigger: interval[0:00:05], next run at: 2026-09-17 17:40:14 +07)" executed successfully
2026-09-17 17:40:11,005 INFO apscheduler.executors.default: Running job "main.<locals>.run_scan (trigger: cron[second='1,6,11,16,21,26,31,36,41,46,51,56'], next run at: 2026-09-17 17:40:16 +07)" (scheduled at 2026-09-17 17:40:11+07:00)
2026-09-17 17:40:11,006 INFO apscheduler.executors.default: Job "main.<locals>.run_scan (trigger: cron[second='1,6,11,16,21,26,31,36,41,46,51,56'], next run at: 2026-09-17 17:40:16 +07)" executed successfully
2026-09-17 17:40:15,014 INFO apscheduler.executors.default: Running job "main.<locals>.run_lts_aus_fast_scan (trigger: interval[0:00:05], next run at: 2026-09-17 17:40:19 +07)" (scheduled at 2026-09-17 17:40:14.999412+07:00)
2026-09-17 17:40:15,014 INFO apscheduler.executors.default: Job "main.<locals>.run_lts_aus_fast_scan (trigger: interval[0:00:05], next run at: 2026-09-17 17:40:19 +07)" executed successfully
2026-09-17 17:40:15,016 INFO apscheduler.executors.default: Running job "main.<locals>.run_position_check (trigger: interval[0:00:05], next run at: 2026-09-17 17:40:19 +07)" (scheduled at 2026-09-17 17:40:14.999412+07:00)
2026-09-17 17:40:15,020 INFO apscheduler.executors.default: Job "main.<locals>.run_position_check (trigger: interval[0:00:05], next run at: 2026-09-17 17:40:19 +07)" executed successfully
2026-09-17 17:40:15,022 INFO apscheduler.executors.default: Running job "main.<locals>.run_trail_sl (trigger: interval[0:00:05], next run at: 2026-09-17 17:40:19 +07)" (scheduled at 2026-09-17 17:40:14.999412+07:00)
2026-09-17 17:40:15,022 INFO apscheduler.executors.default: Job "main.<locals>.run_trail_sl (trigger: interval[0:00:05], next run at: 2026-09-17 17:40:19 +07)" executed successfully
2026-09-17 17:40:16,010 INFO apscheduler.executors.default: Running job "main.<locals>.run_scan (trigger: cron[second='1,6,11,16,21,26,31,36,41,46,51,56'], next run at: 2026-09-17 17:40:21 +07)" (scheduled at 2026-09-17 17:40:16+07:00)
2026-09-17 17:40:16,010 INFO apscheduler.executors.default: Job "main.<locals>.run_scan (trigger: cron[second='1,6,11,16,21,26,31,36,41,46,51,56'], next run at: 2026-09-17 17:40:21 +07)" executed successfully
2026-09-17 17:40:16,010 INFO apscheduler.executors.default: Running job "main.<locals>.write_heartbeat_job (trigger: interval[0:00:15], next run at: 2026-09-17 17:40:31 +07)" (scheduled at 2026-09-17 17:40:16.000927+07:00)
2026-09-17 17:40:16,013 INFO apscheduler.executors.default: Job "main.<locals>.write_heartbeat_job (trigger: interval[0:00:15], next run at: 2026-09-17 17:40:31 +07)" executed successfully
2026-09-17 17:40:18,604 INFO httpx: HTTP Request: POST https://api.telegram.org/bot8700368282:AAGR_rmMfYeVtzIKkOQMXQrTWzmbbEs9MFQ/getUpdates "HTTP/1.1 200 OK"
2026-09-17 17:40:20,018 INFO apscheduler.executors.default: Running job "main.<locals>.run_lts_aus_fast_scan (trigger: interval[0:00:05], next run at: 2026-09-17 17:40:24 +07)" (scheduled at 2026-09-17 17:40:19.999412+07:00)
2026-09-17 17:40:20,020 INFO apscheduler.executors.default: Job "main.<locals>.run_lts_aus_fast_scan (trigger: interval[0:00:05], next run at: 2026-09-17 17:40:24 +07)" executed successfully
2026-09-17 17:40:20,021 INFO apscheduler.executors.default: Running job "main.<locals>.run_position_check (trigger: interval[0:00:05], next run at: 2026-09-17 17:40:24 +07)" (scheduled at 2026-09-17 17:40:19.999412+07:00)
2026-09-17 17:40:20,026 INFO apscheduler.executors.default: Job "main.<locals>.run_position_check (trigger: interval[0:00:05], next run at: 2026-09-17 17:40:24 +07)" executed successfully
2026-09-17 17:40:20,026 INFO apscheduler.executors.default: Running job "main.<locals>.save_bot_state_job (trigger: interval[0:00:15], next run at: 2026-09-17 17:40:34 +07)" (scheduled at 2026-09-17 17:40:19.999412+07:00)
2026-09-17 17:40:20,029 INFO apscheduler.executors.default: Job "main.<locals>.save_bot_state_job (trigger: interval[0:00:15], next run at: 2026-09-17 17:40:34 +07)" executed successfully
2026-09-17 17:40:20,032 INFO apscheduler.executors.default: Running job "main.<locals>.run_trail_sl (trigger: interval[0:00:05], next run at: 2026-09-17 17:40:24 +07)" (scheduled at 2026-09-17 17:40:19.999412+07:00)
2026-09-17 17:40:20,032 INFO apscheduler.executors.default: Job "main.<locals>.run_trail_sl (trigger: interval[0:00:05], next run at: 2026-09-17 17:40:24 +07)" executed successfully
2026-09-17 17:40:21,027 INFO apscheduler.executors.default: Running job "main.<locals>.run_scan (trigger: cron[second='1,6,11,16,21,26,31,36,41,46,51,56'], next run at: 2026-09-17 17:40:26 +07)" (scheduled at 2026-09-17 17:40:21+07:00)
2026-09-17 17:40:21,027 INFO apscheduler.executors.default: Job "main.<locals>.run_scan (trigger: cron[second='1,6,11,16,21,26,31,36,41,46,51,56'], next run at: 2026-09-17 17:40:26 +07)" executed successfully
2026-09-17 17:40:25,005 INFO apscheduler.executors.default: Running job "main.<locals>.run_lts_aus_fast_scan (trigger: interval[0:00:05], next run at: 2026-09-17 17:40:29 +07)" (scheduled at 2026-09-17 17:40:24.999412+07:00)
2026-09-17 17:40:25,006 INFO apscheduler.executors.default: Job "main.<locals>.run_lts_aus_fast_scan (trigger: interval[0:00:05], next run at: 2026-09-17 17:40:29 +07)" executed successfully
2026-09-17 17:40:25,006 INFO apscheduler.executors.default: Running job "main.<locals>.run_position_check (trigger: interval[0:00:05], next run at: 2026-09-17 17:40:29 +07)" (scheduled at 2026-09-17 17:40:24.999412+07:00)
2026-09-17 17:40:25,011 INFO apscheduler.executors.default: Job "main.<locals>.run_position_check (trigger: interval[0:00:05], next run at: 2026-09-17 17:40:29 +07)" executed successfully
2026-09-17 17:40:25,012 INFO apscheduler.executors.default: Running job "main.<locals>.run_trail_sl (trigger: interval[0:00:05], next run at: 2026-09-17 17:40:29 +07)" (scheduled at 2026-09-17 17:40:24.999412+07:00)
2026-09-17 17:40:25,012 INFO apscheduler.executors.default: Job "main.<locals>.run_trail_sl (trigger: interval[0:00:05], next run at: 2026-09-17 17:40:29 +07)" executed successfully
2026-09-17 17:40:26,015 INFO apscheduler.executors.default: Running job "main.<locals>.run_scan (trigger: cron[second='1,6,11,16,21,26,31,36,41,46,51,56'], next run at: 2026-09-17 17:40:31 +07)" (scheduled at 2026-09-17 17:40:26+07:00)
2026-09-17 17:40:26,015 INFO apscheduler.executors.default: Job "main.<locals>.run_scan (trigger: cron[second='1,6,11,16,21,26,31,36,41,46,51,56'], next run at: 2026-09-17 17:40:31 +07)" executed successfully
2026-09-17 17:40:28,798 INFO httpx: HTTP Request: POST https://api.telegram.org/bot8700368282:AAGR_rmMfYeVtzIKkOQMXQrTWzmbbEs9MFQ/getUpdates "HTTP/1.1 200 OK"
2026-09-17 17:40:30,004 INFO apscheduler.executors.default: Running job "main.<locals>.run_lts_aus_fast_scan (trigger: interval[0:00:05], next run at: 2026-09-17 17:40:34 +07)" (scheduled at 2026-09-17 17:40:29.999412+07:00)
2026-09-17 17:40:30,004 INFO apscheduler.executors.default: Job "main.<locals>.run_lts_aus_fast_scan (trigger: interval[0:00:05], next run at: 2026-09-17 17:40:34 +07)" executed successfully
2026-09-17 17:40:30,004 INFO apscheduler.executors.default: Running job "main.<locals>.run_position_check (trigger: interval[0:00:05], next run at: 2026-09-17 17:40:34 +07)" (scheduled at 2026-09-17 17:40:29.999412+07:00)
2026-09-17 17:40:30,010 INFO apscheduler.executors.default: Job "main.<locals>.run_position_check (trigger: interval[0:00:05], next run at: 2026-09-17 17:40:34 +07)" executed successfully
2026-09-17 17:40:30,010 INFO apscheduler.executors.default: Running job "main.<locals>.run_trail_sl (trigger: interval[0:00:05], next run at: 2026-09-17 17:40:34 +07)" (scheduled at 2026-09-17 17:40:29.999412+07:00)
2026-09-17 17:40:30,010 INFO apscheduler.executors.default: Job "main.<locals>.run_trail_sl (trigger: interval[0:00:05], next run at: 2026-09-17 17:40:34 +07)" executed successfully
2026-09-17 17:40:31,010 INFO apscheduler.executors.default: Running job "main.<locals>.run_scan (trigger: cron[second='1,6,11,16,21,26,31,36,41,46,51,56'], next run at: 2026-09-17 17:40:36 +07)" (scheduled at 2026-09-17 17:40:31+07:00)
2026-09-17 17:40:31,012 INFO apscheduler.executors.default: Job "main.<locals>.run_scan (trigger: cron[second='1,6,11,16,21,26,31,36,41,46,51,56'], next run at: 2026-09-17 17:40:36 +07)" executed successfully
2026-09-17 17:40:31,012 INFO apscheduler.executors.default: Running job "main.<locals>.write_heartbeat_job (trigger: interval[0:00:15], next run at: 2026-09-17 17:40:46 +07)" (scheduled at 2026-09-17 17:40:31.000927+07:00)
2026-09-17 17:40:31,015 INFO apscheduler.executors.default: Job "main.<locals>.write_heartbeat_job (trigger: interval[0:00:15], next run at: 2026-09-17 17:40:46 +07)" executed successfully
2026-09-17 17:40:35,017 INFO apscheduler.executors.default: Running job "main.<locals>.run_lts_aus_fast_scan (trigger: interval[0:00:05], next run at: 2026-09-17 17:40:39 +07)" (scheduled at 2026-09-17 17:40:34.999412+07:00)
2026-09-17 17:40:35,017 INFO apscheduler.executors.default: Job "main.<locals>.run_lts_aus_fast_scan (trigger: interval[0:00:05], next run at: 2026-09-17 17:40:39 +07)" executed successfully
2026-09-17 17:40:35,018 INFO apscheduler.executors.default: Running job "main.<locals>.run_position_check (trigger: interval[0:00:05], next run at: 2026-09-17 17:40:39 +07)" (scheduled at 2026-09-17 17:40:34.999412+07:00)
2026-09-17 17:40:35,024 INFO apscheduler.executors.default: Job "main.<locals>.run_position_check (trigger: interval[0:00:05], next run at: 2026-09-17 17:40:39 +07)" executed successfully
2026-09-17 17:40:35,024 INFO apscheduler.executors.default: Running job "main.<locals>.save_bot_state_job (trigger: interval[0:00:15], next run at: 2026-09-17 17:40:49 +07)" (scheduled at 2026-09-17 17:40:34.999412+07:00)
2026-09-17 17:40:35,025 INFO apscheduler.executors.default: Job "main.<locals>.save_bot_state_job (trigger: interval[0:00:15], next run at: 2026-09-17 17:40:49 +07)" executed successfully
2026-09-17 17:40:35,026 INFO apscheduler.executors.default: Running job "main.<locals>.run_trail_sl (trigger: interval[0:00:05], next run at: 2026-09-17 17:40:39 +07)" (scheduled at 2026-09-17 17:40:34.999412+07:00)
2026-09-17 17:40:35,026 INFO apscheduler.executors.default: Job "main.<locals>.run_trail_sl (trigger: interval[0:00:05], next run at: 2026-09-17 17:40:39 +07)" executed successfully
2026-09-17 17:40:36,013 INFO apscheduler.executors.default: Running job "main.<locals>.run_scan (trigger: cron[second='1,6,11,16,21,26,31,36,41,46,51,56'], next run at: 2026-09-17 17:40:41 +07)" (scheduled at 2026-09-17 17:40:36+07:00)
2026-09-17 17:40:36,015 INFO apscheduler.executors.default: Job "main.<locals>.run_scan (trigger: cron[second='1,6,11,16,21,26,31,36,41,46,51,56'], next run at: 2026-09-17 17:40:41 +07)" executed successfully
2026-09-17 17:40:38,992 INFO httpx: HTTP Request: POST https://api.telegram.org/bot8700368282:AAGR_rmMfYeVtzIKkOQMXQrTWzmbbEs9MFQ/getUpdates "HTTP/1.1 200 OK"
2026-09-17 17:40:39,999 INFO apscheduler.executors.default: Running job "main.<locals>.run_lts_aus_fast_scan (trigger: interval[0:00:05], next run at: 2026-09-17 17:40:44 +07)" (scheduled at 2026-09-17 17:40:39.999412+07:00)
2026-09-17 17:40:40,000 INFO apscheduler.executors.default: Job "main.<locals>.run_lts_aus_fast_scan (trigger: interval[0:00:05], next run at: 2026-09-17 17:40:44 +07)" executed successfully
2026-09-17 17:40:40,000 INFO apscheduler.executors.default: Running job "main.<locals>.run_position_check (trigger: interval[0:00:05], next run at: 2026-09-17 17:40:44 +07)" (scheduled at 2026-09-17 17:40:39.999412+07:00)
2026-09-17 17:40:40,006 INFO apscheduler.executors.default: Job "main.<locals>.run_position_check (trigger: interval[0:00:05], next run at: 2026-09-17 17:40:44 +07)" executed successfully
2026-09-17 17:40:40,007 INFO apscheduler.executors.default: Running job "main.<locals>.run_trail_sl (trigger: interval[0:00:05], next run at: 2026-09-17 17:40:44 +07)" (scheduled at 2026-09-17 17:40:39.999412+07:00)
2026-09-17 17:40:40,007 INFO apscheduler.executors.default: Job "main.<locals>.run_trail_sl (trigger: interval[0:00:05], next run at: 2026-09-17 17:40:44 +07)" executed successfully
2026-09-17 17:40:41,009 INFO apscheduler.executors.default: Running job "main.<locals>.run_scan (trigger: cron[second='1,6,11,16,21,26,31,36,41,46,51,56'], next run at: 2026-09-17 17:40:46 +07)" (scheduled at 2026-09-17 17:40:41+07:00)
2026-09-17 17:40:41,010 INFO apscheduler.executors.default: Job "main.<locals>.run_scan (trigger: cron[second='1,6,11,16,21,26,31,36,41,46,51,56'], next run at: 2026-09-17 17:40:46 +07)" executed successfully
2026-09-17 17:40:45,011 INFO apscheduler.executors.default: Running job "main.<locals>.run_lts_aus_fast_scan (trigger: interval[0:00:05], next run at: 2026-09-17 17:40:49 +07)" (scheduled at 2026-09-17 17:40:44.999412+07:00)
2026-09-17 17:40:45,011 INFO apscheduler.executors.default: Job "main.<locals>.run_lts_aus_fast_scan (trigger: interval[0:00:05], next run at: 2026-09-17 17:40:49 +07)" executed successfully
2026-09-17 17:40:45,012 INFO apscheduler.executors.default: Running job "main.<locals>.run_position_check (trigger: interval[0:00:05], next run at: 2026-09-17 17:40:49 +07)" (scheduled at 2026-09-17 17:40:44.999412+07:00)
2026-09-17 17:40:45,019 INFO apscheduler.executors.default: Job "main.<locals>.run_position_check (trigger: interval[0:00:05], next run at: 2026-09-17 17:40:49 +07)" executed successfully
2026-09-17 17:40:45,019 INFO apscheduler.executors.default: Running job "main.<locals>.run_trail_sl (trigger: interval[0:00:05], next run at: 2026-09-17 17:40:49 +07)" (scheduled at 2026-09-17 17:40:44.999412+07:00)
2026-09-17 17:40:45,020 INFO apscheduler.executors.default: Job "main.<locals>.run_trail_sl (trigger: interval[0:00:05], next run at: 2026-09-17 17:40:49 +07)" executed successfully
2026-09-17 17:40:46,008 INFO apscheduler.executors.default: Running job "main.<locals>.run_scan (trigger: cron[second='1,6,11,16,21,26,31,36,41,46,51,56'], next run at: 2026-09-17 17:40:51 +07)" (scheduled at 2026-09-17 17:40:46+07:00)
2026-09-17 17:40:46,010 INFO apscheduler.executors.default: Job "main.<locals>.run_scan (trigger: cron[second='1,6,11,16,21,26,31,36,41,46,51,56'], next run at: 2026-09-17 17:40:51 +07)" executed successfully
2026-09-17 17:40:46,011 INFO apscheduler.executors.default: Running job "main.<locals>.write_heartbeat_job (trigger: interval[0:00:15], next run at: 2026-09-17 17:41:01 +07)" (scheduled at 2026-09-17 17:40:46.000927+07:00)
2026-09-17 17:40:46,014 INFO apscheduler.executors.default: Job "main.<locals>.write_heartbeat_job (trigger: interval[0:00:15], next run at: 2026-09-17 17:41:01 +07)" executed successfully
2026-09-17 17:40:49,185 INFO httpx: HTTP Request: POST https://api.telegram.org/bot8700368282:AAGR_rmMfYeVtzIKkOQMXQrTWzmbbEs9MFQ/getUpdates "HTTP/1.1 200 OK"
2026-09-17 17:40:50,015 INFO apscheduler.executors.default: Running job "main.<locals>.run_lts_aus_fast_scan (trigger: interval[0:00:05], next run at: 2026-09-17 17:40:54 +07)" (scheduled at 2026-09-17 17:40:49.999412+07:00)
2026-09-17 17:40:50,015 INFO apscheduler.executors.default: Job "main.<locals>.run_lts_aus_fast_scan (trigger: interval[0:00:05], next run at: 2026-09-17 17:40:54 +07)" executed successfully
2026-09-17 17:40:50,016 INFO apscheduler.executors.default: Running job "main.<locals>.run_position_check (trigger: interval[0:00:05], next run at: 2026-09-17 17:40:54 +07)" (scheduled at 2026-09-17 17:40:49.999412+07:00)
2026-09-17 17:40:50,021 INFO apscheduler.executors.default: Job "main.<locals>.run_position_check (trigger: interval[0:00:05], next run at: 2026-09-17 17:40:54 +07)" executed successfully
2026-09-17 17:40:50,021 INFO apscheduler.executors.default: Running job "main.<locals>.save_bot_state_job (trigger: interval[0:00:15], next run at: 2026-09-17 17:41:04 +07)" (scheduled at 2026-09-17 17:40:49.999412+07:00)
2026-09-17 17:40:50,023 INFO apscheduler.executors.default: Job "main.<locals>.save_bot_state_job (trigger: interval[0:00:15], next run at: 2026-09-17 17:41:04 +07)" executed successfully
2026-09-17 17:40:50,024 INFO apscheduler.executors.default: Running job "main.<locals>.run_trail_sl (trigger: interval[0:00:05], next run at: 2026-09-17 17:40:54 +07)" (scheduled at 2026-09-17 17:40:49.999412+07:00)
2026-09-17 17:40:50,025 INFO apscheduler.executors.default: Job "main.<locals>.run_trail_sl (trigger: interval[0:00:05], next run at: 2026-09-17 17:40:54 +07)" executed successfully
2026-09-17 17:40:51,006 INFO apscheduler.executors.default: Running job "main.<locals>.run_scan (trigger: cron[second='1,6,11,16,21,26,31,36,41,46,51,56'], next run at: 2026-09-17 17:40:56 +07)" (scheduled at 2026-09-17 17:40:51+07:00)
2026-09-17 17:40:51,007 INFO apscheduler.executors.default: Job "main.<locals>.run_scan (trigger: cron[second='1,6,11,16,21,26,31,36,41,46,51,56'], next run at: 2026-09-17 17:40:56 +07)" executed successfully
2026-09-17 17:40:55,003 INFO apscheduler.executors.default: Running job "main.<locals>.run_lts_aus_fast_scan (trigger: interval[0:00:05], next run at: 2026-09-17 17:40:59 +07)" (scheduled at 2026-09-17 17:40:54.999412+07:00)
2026-09-17 17:40:55,003 INFO apscheduler.executors.default: Job "main.<locals>.run_lts_aus_fast_scan (trigger: interval[0:00:05], next run at: 2026-09-17 17:40:59 +07)" executed successfully
2026-09-17 17:40:55,004 INFO apscheduler.executors.default: Running job "main.<locals>.run_position_check (trigger: interval[0:00:05], next run at: 2026-09-17 17:40:59 +07)" (scheduled at 2026-09-17 17:40:54.999412+07:00)
2026-09-17 17:40:55,010 INFO apscheduler.executors.default: Job "main.<locals>.run_position_check (trigger: interval[0:00:05], next run at: 2026-09-17 17:40:59 +07)" executed successfully
2026-09-17 17:40:55,011 INFO apscheduler.executors.default: Running job "main.<locals>.run_trail_sl (trigger: interval[0:00:05], next run at: 2026-09-17 17:40:59 +07)" (scheduled at 2026-09-17 17:40:54.999412+07:00)
2026-09-17 17:40:55,012 INFO apscheduler.executors.default: Job "main.<locals>.run_trail_sl (trigger: interval[0:00:05], next run at: 2026-09-17 17:40:59 +07)" executed successfully
2026-09-17 17:40:56,013 INFO apscheduler.executors.default: Running job "main.<locals>.run_scan (trigger: cron[second='1,6,11,16,21,26,31,36,41,46,51,56'], next run at: 2026-09-17 17:41:01 +07)" (scheduled at 2026-09-17 17:40:56+07:00)
2026-09-17 17:40:56,013 INFO apscheduler.executors.default: Job "main.<locals>.run_scan (trigger: cron[second='1,6,11,16,21,26,31,36,41,46,51,56'], next run at: 2026-09-17 17:41:01 +07)" executed successfully
2026-09-17 17:40:59,377 INFO httpx: HTTP Request: POST https://api.telegram.org/bot8700368282:AAGR_rmMfYeVtzIKkOQMXQrTWzmbbEs9MFQ/getUpdates "HTTP/1.1 200 OK"
2026-09-17 17:41:00,007 INFO apscheduler.executors.default: Running job "main.<locals>.run_lts_aus_fast_scan (trigger: interval[0:00:05], next run at: 2026-09-17 17:41:04 +07)" (scheduled at 2026-09-17 17:40:59.999412+07:00)
2026-09-17 17:41:00,008 INFO apscheduler.executors.default: Job "main.<locals>.run_lts_aus_fast_scan (trigger: interval[0:00:05], next run at: 2026-09-17 17:41:04 +07)" executed successfully
2026-09-17 17:41:00,009 INFO apscheduler.executors.default: Running job "main.<locals>.run_position_check (trigger: interval[0:00:05], next run at: 2026-09-17 17:41:04 +07)" (scheduled at 2026-09-17 17:40:59.999412+07:00)
2026-09-17 17:41:00,019 INFO apscheduler.executors.default: Job "main.<locals>.run_position_check (trigger: interval[0:00:05], next run at: 2026-09-17 17:41:04 +07)" executed successfully
2026-09-17 17:41:00,020 INFO apscheduler.executors.default: Running job "main.<locals>.run_trail_sl (trigger: interval[0:00:05], next run at: 2026-09-17 17:41:04 +07)" (scheduled at 2026-09-17 17:40:59.999412+07:00)
2026-09-17 17:41:00,020 INFO apscheduler.executors.default: Job "main.<locals>.run_trail_sl (trigger: interval[0:00:05], next run at: 2026-09-17 17:41:04 +07)" executed successfully
2026-09-17 17:41:01,011 INFO apscheduler.executors.default: Running job "main.<locals>.run_scan (trigger: cron[second='1,6,11,16,21,26,31,36,41,46,51,56'], next run at: 2026-09-17 17:41:06 +07)" (scheduled at 2026-09-17 17:41:01+07:00)
2026-09-17 17:41:01,013 INFO apscheduler.executors.default: Job "main.<locals>.run_scan (trigger: cron[second='1,6,11,16,21,26,31,36,41,46,51,56'], next run at: 2026-09-17 17:41:06 +07)" executed successfully
2026-09-17 17:41:01,013 INFO apscheduler.executors.default: Running job "main.<locals>.write_heartbeat_job (trigger: interval[0:00:15], next run at: 2026-09-17 17:41:16 +07)" (scheduled at 2026-09-17 17:41:01.000927+07:00)
2026-09-17 17:41:01,016 INFO apscheduler.executors.default: Job "main.<locals>.write_heartbeat_job (trigger: interval[0:00:15], next run at: 2026-09-17 17:41:16 +07)" executed successfully
2026-09-17 17:41:05,015 INFO apscheduler.executors.default: Running job "main.<locals>.check_symbol_switch (trigger: interval[0:01:00], next run at: 2026-09-17 17:42:04 +07)" (scheduled at 2026-09-17 17:41:04.997660+07:00)
2026-09-17 17:41:05,020 INFO apscheduler.executors.default: Job "main.<locals>.check_symbol_switch (trigger: interval[0:01:00], next run at: 2026-09-17 17:42:04 +07)" executed successfully
2026-09-17 17:41:05,022 INFO apscheduler.executors.default: Running job "main.<locals>.run_lts_aus_fast_scan (trigger: interval[0:00:05], next run at: 2026-09-17 17:41:09 +07)" (scheduled at 2026-09-17 17:41:04.999412+07:00)
2026-09-17 17:41:05,022 INFO apscheduler.executors.default: Job "main.<locals>.run_lts_aus_fast_scan (trigger: interval[0:00:05], next run at: 2026-09-17 17:41:09 +07)" executed successfully
2026-09-17 17:41:05,022 INFO apscheduler.executors.default: Running job "main.<locals>.run_position_check (trigger: interval[0:00:05], next run at: 2026-09-17 17:41:09 +07)" (scheduled at 2026-09-17 17:41:04.999412+07:00)
2026-09-17 17:41:05,026 INFO apscheduler.executors.default: Job "main.<locals>.run_position_check (trigger: interval[0:00:05], next run at: 2026-09-17 17:41:09 +07)" executed successfully
2026-09-17 17:41:05,026 INFO apscheduler.executors.default: Running job "main.<locals>.save_bot_state_job (trigger: interval[0:00:15], next run at: 2026-09-17 17:41:19 +07)" (scheduled at 2026-09-17 17:41:04.999412+07:00)
2026-09-17 17:41:05,029 INFO apscheduler.executors.default: Job "main.<locals>.save_bot_state_job (trigger: interval[0:00:15], next run at: 2026-09-17 17:41:19 +07)" executed successfully
2026-09-17 17:41:05,030 INFO apscheduler.executors.default: Running job "main.<locals>.run_trail_sl (trigger: interval[0:00:05], next run at: 2026-09-17 17:41:09 +07)" (scheduled at 2026-09-17 17:41:04.999412+07:00)
2026-09-17 17:41:05,031 INFO apscheduler.executors.default: Job "main.<locals>.run_trail_sl (trigger: interval[0:00:05], next run at: 2026-09-17 17:41:09 +07)" executed successfully
2026-09-17 17:41:05,031 INFO apscheduler.executors.default: Running job "main.<locals>.run_watchdog (trigger: interval[0:01:00], next run at: 2026-09-17 17:42:05 +07)" (scheduled at 2026-09-17 17:41:05.000927+07:00)
2026-09-17 17:41:05,034 INFO apscheduler.executors.default: Job "main.<locals>.run_watchdog (trigger: interval[0:01:00], next run at: 2026-09-17 17:42:05 +07)" executed successfully
2026-09-17 17:41:06,009 INFO apscheduler.executors.default: Running job "main.<locals>.run_scan (trigger: cron[second='1,6,11,16,21,26,31,36,41,46,51,56'], next run at: 2026-09-17 17:41:11 +07)" (scheduled at 2026-09-17 17:41:06+07:00)
2026-09-17 17:41:06,009 INFO apscheduler.executors.default: Job "main.<locals>.run_scan (trigger: cron[second='1,6,11,16,21,26,31,36,41,46,51,56'], next run at: 2026-09-17 17:41:11 +07)" executed successfully
2026-09-17 17:41:09,571 INFO httpx: HTTP Request: POST https://api.telegram.org/bot8700368282:AAGR_rmMfYeVtzIKkOQMXQrTWzmbbEs9MFQ/getUpdates "HTTP/1.1 200 OK"
2026-09-17 17:41:10,005 INFO apscheduler.executors.default: Running job "main.<locals>.run_lts_aus_fast_scan (trigger: interval[0:00:05], next run at: 2026-09-17 17:41:14 +07)" (scheduled at 2026-09-17 17:41:09.999412+07:00)
2026-09-17 17:41:10,006 INFO apscheduler.executors.default: Job "main.<locals>.run_lts_aus_fast_scan (trigger: interval[0:00:05], next run at: 2026-09-17 17:41:14 +07)" executed successfully
2026-09-17 17:41:10,006 INFO apscheduler.executors.default: Running job "main.<locals>.run_position_check (trigger: interval[0:00:05], next run at: 2026-09-17 17:41:14 +07)" (scheduled at 2026-09-17 17:41:09.999412+07:00)
2026-09-17 17:41:10,012 INFO apscheduler.executors.default: Job "main.<locals>.run_position_check (trigger: interval[0:00:05], next run at: 2026-09-17 17:41:14 +07)" executed successfully
2026-09-17 17:41:10,013 INFO apscheduler.executors.default: Running job "main.<locals>.run_trail_sl (trigger: interval[0:00:05], next run at: 2026-09-17 17:41:14 +07)" (scheduled at 2026-09-17 17:41:09.999412+07:00)
2026-09-17 17:41:10,014 INFO apscheduler.executors.default: Job "main.<locals>.run_trail_sl (trigger: interval[0:00:05], next run at: 2026-09-17 17:41:14 +07)" executed successfully
2026-09-17 17:41:11,013 INFO apscheduler.executors.default: Running job "main.<locals>.run_scan (trigger: cron[second='1,6,11,16,21,26,31,36,41,46,51,56'], next run at: 2026-09-17 17:41:16 +07)" (scheduled at 2026-09-17 17:41:11+07:00)
2026-09-17 17:41:11,013 INFO apscheduler.executors.default: Job "main.<locals>.run_scan (trigger: cron[second='1,6,11,16,21,26,31,36,41,46,51,56'], next run at: 2026-09-17 17:41:16 +07)" executed successfully
2026-09-17 17:41:15,006 INFO apscheduler.executors.default: Running job "main.<locals>.run_lts_aus_fast_scan (trigger: interval[0:00:05], next run at: 2026-09-17 17:41:19 +07)" (scheduled at 2026-09-17 17:41:14.999412+07:00)
2026-09-17 17:41:15,007 INFO apscheduler.executors.default: Job "main.<locals>.run_lts_aus_fast_scan (trigger: interval[0:00:05], next run at: 2026-09-17 17:41:19 +07)" executed successfully
2026-09-17 17:41:15,008 INFO apscheduler.executors.default: Running job "main.<locals>.run_position_check (trigger: interval[0:00:05], next run at: 2026-09-17 17:41:19 +07)" (scheduled at 2026-09-17 17:41:14.999412+07:00)
2026-09-17 17:41:15,011 INFO apscheduler.executors.default: Job "main.<locals>.run_position_check (trigger: interval[0:00:05], next run at: 2026-09-17 17:41:19 +07)" executed successfully
2026-09-17 17:41:15,012 INFO apscheduler.executors.default: Running job "main.<locals>.run_trail_sl (trigger: interval[0:00:05], next run at: 2026-09-17 17:41:19 +07)" (scheduled at 2026-09-17 17:41:14.999412+07:00)
2026-09-17 17:41:15,012 INFO apscheduler.executors.default: Job "main.<locals>.run_trail_sl (trigger: interval[0:00:05], next run at: 2026-09-17 17:41:19 +07)" executed successfully
2026-09-17 17:41:16,018 INFO apscheduler.executors.default: Running job "main.<locals>.run_scan (trigger: cron[second='1,6,11,16,21,26,31,36,41,46,51,56'], next run at: 2026-09-17 17:41:21 +07)" (scheduled at 2026-09-17 17:41:16+07:00)
2026-09-17 17:41:16,021 INFO apscheduler.executors.default: Job "main.<locals>.run_scan (trigger: cron[second='1,6,11,16,21,26,31,36,41,46,51,56'], next run at: 2026-09-17 17:41:21 +07)" executed successfully
2026-09-17 17:41:16,021 INFO apscheduler.executors.default: Running job "main.<locals>.write_heartbeat_job (trigger: interval[0:00:15], next run at: 2026-09-17 17:41:31 +07)" (scheduled at 2026-09-17 17:41:16.000927+07:00)
2026-09-17 17:41:16,024 INFO apscheduler.executors.default: Job "main.<locals>.write_heartbeat_job (trigger: interval[0:00:15], next run at: 2026-09-17 17:41:31 +07)" executed successfully
2026-09-17 17:41:19,764 INFO httpx: HTTP Request: POST https://api.telegram.org/bot8700368282:AAGR_rmMfYeVtzIKkOQMXQrTWzmbbEs9MFQ/getUpdates "HTTP/1.1 200 OK"
2026-09-17 17:41:20,028 INFO apscheduler.executors.default: Running job "main.<locals>.run_lts_aus_fast_scan (trigger: interval[0:00:05], next run at: 2026-09-17 17:41:24 +07)" (scheduled at 2026-09-17 17:41:19.999412+07:00)
2026-09-17 17:41:20,028 INFO apscheduler.executors.default: Job "main.<locals>.run_lts_aus_fast_scan (trigger: interval[0:00:05], next run at: 2026-09-17 17:41:24 +07)" executed successfully
2026-09-17 17:41:20,029 INFO apscheduler.executors.default: Running job "main.<locals>.run_position_check (trigger: interval[0:00:05], next run at: 2026-09-17 17:41:24 +07)" (scheduled at 2026-09-17 17:41:19.999412+07:00)
2026-09-17 17:41:20,033 INFO apscheduler.executors.default: Job "main.<locals>.run_position_check (trigger: interval[0:00:05], next run at: 2026-09-17 17:41:24 +07)" executed successfully
2026-09-17 17:41:20,034 INFO apscheduler.executors.default: Running job "main.<locals>.save_bot_state_job (trigger: interval[0:00:15], next run at: 2026-09-17 17:41:34 +07)" (scheduled at 2026-09-17 17:41:19.999412+07:00)
2026-09-17 17:41:20,036 INFO apscheduler.executors.default: Job "main.<locals>.save_bot_state_job (trigger: interval[0:00:15], next run at: 2026-09-17 17:41:34 +07)" executed successfully
2026-09-17 17:41:20,037 INFO apscheduler.executors.default: Running job "main.<locals>.run_trail_sl (trigger: interval[0:00:05], next run at: 2026-09-17 17:41:24 +07)" (scheduled at 2026-09-17 17:41:19.999412+07:00)
2026-09-17 17:41:20,037 INFO apscheduler.executors.default: Job "main.<locals>.run_trail_sl (trigger: interval[0:00:05], next run at: 2026-09-17 17:41:24 +07)" executed successfully
2026-09-17 17:41:21,005 INFO apscheduler.executors.default: Running job "main.<locals>.run_scan (trigger: cron[second='1,6,11,16,21,26,31,36,41,46,51,56'], next run at: 2026-09-17 17:41:26 +07)" (scheduled at 2026-09-17 17:41:21+07:00)
2026-09-17 17:41:21,005 INFO apscheduler.executors.default: Job "main.<locals>.run_scan (trigger: cron[second='1,6,11,16,21,26,31,36,41,46,51,56'], next run at: 2026-09-17 17:41:26 +07)" executed successfully
2026-09-17 17:41:25,015 INFO apscheduler.executors.default: Running job "main.<locals>.run_lts_aus_fast_scan (trigger: interval[0:00:05], next run at: 2026-09-17 17:41:29 +07)" (scheduled at 2026-09-17 17:41:24.999412+07:00)
2026-09-17 17:41:25,015 INFO apscheduler.executors.default: Job "main.<locals>.run_lts_aus_fast_scan (trigger: interval[0:00:05], next run at: 2026-09-17 17:41:29 +07)" executed successfully
2026-09-17 17:41:25,015 INFO apscheduler.executors.default: Running job "main.<locals>.run_position_check (trigger: interval[0:00:05], next run at: 2026-09-17 17:41:29 +07)" (scheduled at 2026-09-17 17:41:24.999412+07:00)
2026-09-17 17:41:25,020 INFO apscheduler.executors.default: Job "main.<locals>.run_position_check (trigger: interval[0:00:05], next run at: 2026-09-17 17:41:29 +07)" executed successfully
2026-09-17 17:41:25,020 INFO apscheduler.executors.default: Running job "main.<locals>.run_trail_sl (trigger: interval[0:00:05], next run at: 2026-09-17 17:41:29 +07)" (scheduled at 2026-09-17 17:41:24.999412+07:00)
2026-09-17 17:41:25,020 INFO apscheduler.executors.default: Job "main.<locals>.run_trail_sl (trigger: interval[0:00:05], next run at: 2026-09-17 17:41:29 +07)" executed successfully
2026-09-17 17:41:26,014 INFO apscheduler.executors.default: Running job "main.<locals>.run_scan (trigger: cron[second='1,6,11,16,21,26,31,36,41,46,51,56'], next run at: 2026-09-17 17:41:31 +07)" (scheduled at 2026-09-17 17:41:26+07:00)
2026-09-17 17:41:26,015 INFO apscheduler.executors.default: Job "main.<locals>.run_scan (trigger: cron[second='1,6,11,16,21,26,31,36,41,46,51,56'], next run at: 2026-09-17 17:41:31 +07)" executed successfully
2026-09-17 17:41:29,962 INFO httpx: HTTP Request: POST https://api.telegram.org/bot8700368282:AAGR_rmMfYeVtzIKkOQMXQrTWzmbbEs9MFQ/getUpdates "HTTP/1.1 200 OK"
2026-09-17 17:41:30,008 INFO apscheduler.executors.default: Running job "main.<locals>.run_lts_aus_fast_scan (trigger: interval[0:00:05], next run at: 2026-09-17 17:41:34 +07)" (scheduled at 2026-09-17 17:41:29.999412+07:00)
2026-09-17 17:41:30,010 INFO apscheduler.executors.default: Job "main.<locals>.run_lts_aus_fast_scan (trigger: interval[0:00:05], next run at: 2026-09-17 17:41:34 +07)" executed successfully
2026-09-17 17:41:30,010 INFO apscheduler.executors.default: Running job "main.<locals>.run_position_check (trigger: interval[0:00:05], next run at: 2026-09-17 17:41:34 +07)" (scheduled at 2026-09-17 17:41:29.999412+07:00)
2026-09-17 17:41:30,015 INFO apscheduler.executors.default: Job "main.<locals>.run_position_check (trigger: interval[0:00:05], next run at: 2026-09-17 17:41:34 +07)" executed successfully
2026-09-17 17:41:30,016 INFO apscheduler.executors.default: Running job "main.<locals>.run_trail_sl (trigger: interval[0:00:05], next run at: 2026-09-17 17:41:34 +07)" (scheduled at 2026-09-17 17:41:29.999412+07:00)
2026-09-17 17:41:30,016 INFO apscheduler.executors.default: Job "main.<locals>.run_trail_sl (trigger: interval[0:00:05], next run at: 2026-09-17 17:41:34 +07)" executed successfully
2026-09-17 17:41:31,020 INFO apscheduler.executors.default: Running job "main.<locals>.run_scan (trigger: cron[second='1,6,11,16,21,26,31,36,41,46,51,56'], next run at: 2026-09-17 17:41:36 +07)" (scheduled at 2026-09-17 17:41:31+07:00)
2026-09-17 17:41:31,022 INFO apscheduler.executors.default: Job "main.<locals>.run_scan (trigger: cron[second='1,6,11,16,21,26,31,36,41,46,51,56'], next run at: 2026-09-17 17:41:36 +07)" executed successfully
2026-09-17 17:41:31,023 INFO apscheduler.executors.default: Running job "main.<locals>.write_heartbeat_job (trigger: interval[0:00:15], next run at: 2026-09-17 17:41:46 +07)" (scheduled at 2026-09-17 17:41:31.000927+07:00)
2026-09-17 17:41:31,025 INFO apscheduler.executors.default: Job "main.<locals>.write_heartbeat_job (trigger: interval[0:00:15], next run at: 2026-09-17 17:41:46 +07)" executed successfully
2026-09-17 17:41:35,009 INFO apscheduler.executors.default: Running job "main.<locals>.run_lts_aus_fast_scan (trigger: interval[0:00:05], next run at: 2026-09-17 17:41:39 +07)" (scheduled at 2026-09-17 17:41:34.999412+07:00)
2026-09-17 17:41:35,009 INFO apscheduler.executors.default: Job "main.<locals>.run_lts_aus_fast_scan (trigger: interval[0:00:05], next run at: 2026-09-17 17:41:39 +07)" executed successfully
2026-09-17 17:41:35,009 INFO apscheduler.executors.default: Running job "main.<locals>.run_position_check (trigger: interval[0:00:05], next run at: 2026-09-17 17:41:39 +07)" (scheduled at 2026-09-17 17:41:34.999412+07:00)
2026-09-17 17:41:35,014 INFO apscheduler.executors.default: Job "main.<locals>.run_position_check (trigger: interval[0:00:05], next run at: 2026-09-17 17:41:39 +07)" executed successfully
2026-09-17 17:41:35,016 INFO apscheduler.executors.default: Running job "main.<locals>.save_bot_state_job (trigger: interval[0:00:15], next run at: 2026-09-17 17:41:49 +07)" (scheduled at 2026-09-17 17:41:34.999412+07:00)
2026-09-17 17:41:35,019 INFO apscheduler.executors.default: Job "main.<locals>.save_bot_state_job (trigger: interval[0:00:15], next run at: 2026-09-17 17:41:49 +07)" executed successfully
2026-09-17 17:41:35,019 INFO apscheduler.executors.default: Running job "main.<locals>.run_trail_sl (trigger: interval[0:00:05], next run at: 2026-09-17 17:41:39 +07)" (scheduled at 2026-09-17 17:41:34.999412+07:00)
2026-09-17 17:41:35,020 INFO apscheduler.executors.default: Job "main.<locals>.run_trail_sl (trigger: interval[0:00:05], next run at: 2026-09-17 17:41:39 +07)" executed successfully
2026-09-17 17:41:36,002 INFO apscheduler.executors.default: Running job "main.<locals>.run_scan (trigger: cron[second='1,6,11,16,21,26,31,36,41,46,51,56'], next run at: 2026-09-17 17:41:41 +07)" (scheduled at 2026-09-17 17:41:36+07:00)
2026-09-17 17:41:36,002 INFO apscheduler.executors.default: Job "main.<locals>.run_scan (trigger: cron[second='1,6,11,16,21,26,31,36,41,46,51,56'], next run at: 2026-09-17 17:41:41 +07)" executed successfully
2026-09-17 17:41:40,015 INFO apscheduler.executors.default: Running job "main.<locals>.run_lts_aus_fast_scan (trigger: interval[0:00:05], next run at: 2026-09-17 17:41:44 +07)" (scheduled at 2026-09-17 17:41:39.999412+07:00)
2026-09-17 17:41:40,016 INFO apscheduler.executors.default: Job "main.<locals>.run_lts_aus_fast_scan (trigger: interval[0:00:05], next run at: 2026-09-17 17:41:44 +07)" executed successfully
2026-09-17 17:41:40,016 INFO apscheduler.executors.default: Running job "main.<locals>.run_position_check (trigger: interval[0:00:05], next run at: 2026-09-17 17:41:44 +07)" (scheduled at 2026-09-17 17:41:39.999412+07:00)
2026-09-17 17:41:40,022 INFO apscheduler.executors.default: Job "main.<locals>.run_position_check (trigger: interval[0:00:05], next run at: 2026-09-17 17:41:44 +07)" executed successfully
2026-09-17 17:41:40,022 INFO apscheduler.executors.default: Running job "main.<locals>.run_trail_sl (trigger: interval[0:00:05], next run at: 2026-09-17 17:41:44 +07)" (scheduled at 2026-09-17 17:41:39.999412+07:00)
2026-09-17 17:41:40,024 INFO apscheduler.executors.default: Job "main.<locals>.run_trail_sl (trigger: interval[0:00:05], next run at: 2026-09-17 17:41:44 +07)" executed successfully
2026-09-17 17:41:40,156 INFO httpx: HTTP Request: POST https://api.telegram.org/bot8700368282:AAGR_rmMfYeVtzIKkOQMXQrTWzmbbEs9MFQ/getUpdates "HTTP/1.1 200 OK"
2026-09-17 17:41:41,010 INFO apscheduler.executors.default: Running job "main.<locals>.run_scan (trigger: cron[second='1,6,11,16,21,26,31,36,41,46,51,56'], next run at: 2026-09-17 17:41:46 +07)" (scheduled at 2026-09-17 17:41:41+07:00)
2026-09-17 17:41:41,011 INFO apscheduler.executors.default: Job "main.<locals>.run_scan (trigger: cron[second='1,6,11,16,21,26,31,36,41,46,51,56'], next run at: 2026-09-17 17:41:46 +07)" executed successfully
2026-09-17 17:41:45,006 INFO apscheduler.executors.default: Running job "main.<locals>.run_lts_aus_fast_scan (trigger: interval[0:00:05], next run at: 2026-09-17 17:41:49 +07)" (scheduled at 2026-09-17 17:41:44.999412+07:00)
2026-09-17 17:41:45,006 INFO apscheduler.executors.default: Job "main.<locals>.run_lts_aus_fast_scan (trigger: interval[0:00:05], next run at: 2026-09-17 17:41:49 +07)" executed successfully
2026-09-17 17:41:45,006 INFO apscheduler.executors.default: Running job "main.<locals>.run_position_check (trigger: interval[0:00:05], next run at: 2026-09-17 17:41:49 +07)" (scheduled at 2026-09-17 17:41:44.999412+07:00)
2026-09-17 17:41:45,010 INFO apscheduler.executors.default: Job "main.<locals>.run_position_check (trigger: interval[0:00:05], next run at: 2026-09-17 17:41:49 +07)" executed successfully
2026-09-17 17:41:45,010 INFO apscheduler.executors.default: Running job "main.<locals>.run_trail_sl (trigger: interval[0:00:05], next run at: 2026-09-17 17:41:49 +07)" (scheduled at 2026-09-17 17:41:44.999412+07:00)
2026-09-17 17:41:45,011 INFO apscheduler.executors.default: Job "main.<locals>.run_trail_sl (trigger: interval[0:00:05], next run at: 2026-09-17 17:41:49 +07)" executed successfully
2026-09-17 17:41:46,021 INFO apscheduler.executors.default: Running job "main.<locals>.run_scan (trigger: cron[second='1,6,11,16,21,26,31,36,41,46,51,56'], next run at: 2026-09-17 17:41:51 +07)" (scheduled at 2026-09-17 17:41:46+07:00)
2026-09-17 17:41:46,023 INFO apscheduler.executors.default: Job "main.<locals>.run_scan (trigger: cron[second='1,6,11,16,21,26,31,36,41,46,51,56'], next run at: 2026-09-17 17:41:51 +07)" executed successfully
2026-09-17 17:41:46,023 INFO apscheduler.executors.default: Running job "main.<locals>.write_heartbeat_job (trigger: interval[0:00:15], next run at: 2026-09-17 17:42:01 +07)" (scheduled at 2026-09-17 17:41:46.000927+07:00)
2026-09-17 17:41:46,026 INFO apscheduler.executors.default: Job "main.<locals>.write_heartbeat_job (trigger: interval[0:00:15], next run at: 2026-09-17 17:42:01 +07)" executed successfully
2026-09-17 17:41:50,008 INFO apscheduler.executors.default: Running job "main.<locals>.run_lts_aus_fast_scan (trigger: interval[0:00:05], next run at: 2026-09-17 17:41:54 +07)" (scheduled at 2026-09-17 17:41:49.999412+07:00)
2026-09-17 17:41:50,009 INFO apscheduler.executors.default: Job "main.<locals>.run_lts_aus_fast_scan (trigger: interval[0:00:05], next run at: 2026-09-17 17:41:54 +07)" executed successfully
2026-09-17 17:41:50,009 INFO apscheduler.executors.default: Running job "main.<locals>.run_position_check (trigger: interval[0:00:05], next run at: 2026-09-17 17:41:54 +07)" (scheduled at 2026-09-17 17:41:49.999412+07:00)
2026-09-17 17:41:50,013 INFO apscheduler.executors.default: Job "main.<locals>.run_position_check (trigger: interval[0:00:05], next run at: 2026-09-17 17:41:54 +07)" executed successfully
2026-09-17 17:41:50,013 INFO apscheduler.executors.default: Running job "main.<locals>.save_bot_state_job (trigger: interval[0:00:15], next run at: 2026-09-17 17:42:04 +07)" (scheduled at 2026-09-17 17:41:49.999412+07:00)
2026-09-17 17:41:50,015 INFO apscheduler.executors.default: Job "main.<locals>.save_bot_state_job (trigger: interval[0:00:15], next run at: 2026-09-17 17:42:04 +07)" executed successfully
2026-09-17 17:41:50,016 INFO apscheduler.executors.default: Running job "main.<locals>.run_trail_sl (trigger: interval[0:00:05], next run at: 2026-09-17 17:41:54 +07)" (scheduled at 2026-09-17 17:41:49.999412+07:00)
2026-09-17 17:41:50,017 INFO apscheduler.executors.default: Job "main.<locals>.run_trail_sl (trigger: interval[0:00:05], next run at: 2026-09-17 17:41:54 +07)" executed successfully
2026-09-17 17:41:50,351 INFO httpx: HTTP Request: POST https://api.telegram.org/bot8700368282:AAGR_rmMfYeVtzIKkOQMXQrTWzmbbEs9MFQ/getUpdates "HTTP/1.1 200 OK"
2026-09-17 17:41:51,002 INFO apscheduler.executors.default: Running job "main.<locals>.run_scan (trigger: cron[second='1,6,11,16,21,26,31,36,41,46,51,56'], next run at: 2026-09-17 17:41:56 +07)" (scheduled at 2026-09-17 17:41:51+07:00)
2026-09-17 17:41:51,003 INFO apscheduler.executors.default: Job "main.<locals>.run_scan (trigger: cron[second='1,6,11,16,21,26,31,36,41,46,51,56'], next run at: 2026-09-17 17:41:56 +07)" executed successfully
2026-09-17 17:41:55,007 INFO apscheduler.executors.default: Running job "main.<locals>.run_lts_aus_fast_scan (trigger: interval[0:00:05], next run at: 2026-09-17 17:41:59 +07)" (scheduled at 2026-09-17 17:41:54.999412+07:00)
2026-09-17 17:41:55,007 INFO apscheduler.executors.default: Job "main.<locals>.run_lts_aus_fast_scan (trigger: interval[0:00:05], next run at: 2026-09-17 17:41:59 +07)" executed successfully
2026-09-17 17:41:55,007 INFO apscheduler.executors.default: Running job "main.<locals>.run_position_check (trigger: interval[0:00:05], next run at: 2026-09-17 17:41:59 +07)" (scheduled at 2026-09-17 17:41:54.999412+07:00)
2026-09-17 17:41:55,013 INFO apscheduler.executors.default: Job "main.<locals>.run_position_check (trigger: interval[0:00:05], next run at: 2026-09-17 17:41:59 +07)" executed successfully
2026-09-17 17:41:55,013 INFO apscheduler.executors.default: Running job "main.<locals>.run_trail_sl (trigger: interval[0:00:05], next run at: 2026-09-17 17:41:59 +07)" (scheduled at 2026-09-17 17:41:54.999412+07:00)
2026-09-17 17:41:55,013 INFO apscheduler.executors.default: Job "main.<locals>.run_trail_sl (trigger: interval[0:00:05], next run at: 2026-09-17 17:41:59 +07)" executed successfully
2026-09-17 17:41:56,015 INFO apscheduler.executors.default: Running job "main.<locals>.run_scan (trigger: cron[second='1,6,11,16,21,26,31,36,41,46,51,56'], next run at: 2026-09-17 17:42:01 +07)" (scheduled at 2026-09-17 17:41:56+07:00)
2026-09-17 17:41:56,015 INFO apscheduler.executors.default: Job "main.<locals>.run_scan (trigger: cron[second='1,6,11,16,21,26,31,36,41,46,51,56'], next run at: 2026-09-17 17:42:01 +07)" executed successfully
2026-09-17 17:42:00,002 INFO apscheduler.executors.default: Running job "main.<locals>.run_lts_aus_fast_scan (trigger: interval[0:00:05], next run at: 2026-09-17 17:42:04 +07)" (scheduled at 2026-09-17 17:41:59.999412+07:00)
2026-09-17 17:42:00,002 INFO apscheduler.executors.default: Job "main.<locals>.run_lts_aus_fast_scan (trigger: interval[0:00:05], next run at: 2026-09-17 17:42:04 +07)" executed successfully
2026-09-17 17:42:00,002 INFO apscheduler.executors.default: Running job "main.<locals>.run_position_check (trigger: interval[0:00:05], next run at: 2026-09-17 17:42:04 +07)" (scheduled at 2026-09-17 17:41:59.999412+07:00)
2026-09-17 17:42:00,009 INFO apscheduler.executors.default: Job "main.<locals>.run_position_check (trigger: interval[0:00:05], next run at: 2026-09-17 17:42:04 +07)" executed successfully
2026-09-17 17:42:00,009 INFO apscheduler.executors.default: Running job "main.<locals>.run_trail_sl (trigger: interval[0:00:05], next run at: 2026-09-17 17:42:04 +07)" (scheduled at 2026-09-17 17:41:59.999412+07:00)
2026-09-17 17:42:00,009 INFO apscheduler.executors.default: Job "main.<locals>.run_trail_sl (trigger: interval[0:00:05], next run at: 2026-09-17 17:42:04 +07)" executed successfully
2026-09-17 17:42:00,545 INFO httpx: HTTP Request: POST https://api.telegram.org/bot8700368282:AAGR_rmMfYeVtzIKkOQMXQrTWzmbbEs9MFQ/getUpdates "HTTP/1.1 200 OK"
2026-09-17 17:42:01,006 INFO apscheduler.executors.default: Running job "main.<locals>.run_scan (trigger: cron[second='1,6,11,16,21,26,31,36,41,46,51,56'], next run at: 2026-09-17 17:42:06 +07)" (scheduled at 2026-09-17 17:42:01+07:00)
2026-09-17 17:42:01,008 INFO apscheduler.executors.default: Job "main.<locals>.run_scan (trigger: cron[second='1,6,11,16,21,26,31,36,41,46,51,56'], next run at: 2026-09-17 17:42:06 +07)" executed successfully
2026-09-17 17:42:01,008 INFO apscheduler.executors.default: Running job "main.<locals>.write_heartbeat_job (trigger: interval[0:00:15], next run at: 2026-09-17 17:42:16 +07)" (scheduled at 2026-09-17 17:42:01.000927+07:00)
2026-09-17 17:42:01,012 INFO apscheduler.executors.default: Job "main.<locals>.write_heartbeat_job (trigger: interval[0:00:15], next run at: 2026-09-17 17:42:16 +07)" executed successfully
2026-09-17 17:42:05,006 INFO apscheduler.executors.default: Running job "main.<locals>.run_demo_portfolio_scan (trigger: interval[0:05:00], next run at: 2026-09-17 17:47:04 +07)" (scheduled at 2026-09-17 17:42:04.997660+07:00)
2026-09-17 17:42:05,016 INFO apscheduler.executors.default: Running job "main.<locals>.check_symbol_switch (trigger: interval[0:01:00], next run at: 2026-09-17 17:43:04 +07)" (scheduled at 2026-09-17 17:42:04.997660+07:00)
2026-09-17 17:42:05,023 INFO apscheduler.executors.default: Job "main.<locals>.check_symbol_switch (trigger: interval[0:01:00], next run at: 2026-09-17 17:43:04 +07)" executed successfully
2026-09-17 17:42:05,023 INFO apscheduler.executors.default: Running job "main.<locals>.run_lts_aus_fast_scan (trigger: interval[0:00:05], next run at: 2026-09-17 17:42:09 +07)" (scheduled at 2026-09-17 17:42:04.999412+07:00)
2026-09-17 17:42:05,023 INFO apscheduler.executors.default: Job "main.<locals>.run_lts_aus_fast_scan (trigger: interval[0:00:05], next run at: 2026-09-17 17:42:09 +07)" executed successfully
2026-09-17 17:42:05,024 INFO apscheduler.executors.default: Running job "main.<locals>.run_position_check (trigger: interval[0:00:05], next run at: 2026-09-17 17:42:09 +07)" (scheduled at 2026-09-17 17:42:04.999412+07:00)
2026-09-17 17:42:05,029 INFO apscheduler.executors.default: Job "main.<locals>.run_position_check (trigger: interval[0:00:05], next run at: 2026-09-17 17:42:09 +07)" executed successfully
2026-09-17 17:42:05,029 INFO apscheduler.executors.default: Running job "main.<locals>.save_bot_state_job (trigger: interval[0:00:15], next run at: 2026-09-17 17:42:19 +07)" (scheduled at 2026-09-17 17:42:04.999412+07:00)
2026-09-17 17:42:05,031 INFO apscheduler.executors.default: Job "main.<locals>.save_bot_state_job (trigger: interval[0:00:15], next run at: 2026-09-17 17:42:19 +07)" executed successfully
2026-09-17 17:42:05,032 INFO apscheduler.executors.default: Running job "main.<locals>.run_trail_sl (trigger: interval[0:00:05], next run at: 2026-09-17 17:42:09 +07)" (scheduled at 2026-09-17 17:42:04.999412+07:00)
2026-09-17 17:42:05,033 INFO apscheduler.executors.default: Job "main.<locals>.run_trail_sl (trigger: interval[0:00:05], next run at: 2026-09-17 17:42:09 +07)" executed successfully
2026-09-17 17:42:05,034 INFO apscheduler.executors.default: Running job "main.<locals>.run_watchdog (trigger: interval[0:01:00], next run at: 2026-09-17 17:43:05 +07)" (scheduled at 2026-09-17 17:42:05.000927+07:00)
2026-09-17 17:42:05,040 INFO apscheduler.executors.default: Job "main.<locals>.run_watchdog (trigger: interval[0:01:00], next run at: 2026-09-17 17:43:05 +07)" executed successfully
2026-09-17 17:42:05,147 INFO apscheduler.executors.default: Job "main.<locals>.run_demo_portfolio_scan (trigger: interval[0:05:00], next run at: 2026-09-17 17:47:04 +07)" executed successfully
2026-09-17 17:42:06,012 INFO apscheduler.executors.default: Running job "main.<locals>.run_scan (trigger: cron[second='1,6,11,16,21,26,31,36,41,46,51,56'], next run at: 2026-09-17 17:42:11 +07)" (scheduled at 2026-09-17 17:42:06+07:00)
2026-09-17 17:42:06,013 INFO apscheduler.executors.default: Job "main.<locals>.run_scan (trigger: cron[second='1,6,11,16,21,26,31,36,41,46,51,56'], next run at: 2026-09-17 17:42:11 +07)" executed successfully
2026-09-17 17:42:10,009 INFO apscheduler.executors.default: Running job "main.<locals>.run_lts_aus_fast_scan (trigger: interval[0:00:05], next run at: 2026-09-17 17:42:14 +07)" (scheduled at 2026-09-17 17:42:09.999412+07:00)
2026-09-17 17:42:10,010 INFO apscheduler.executors.default: Job "main.<locals>.run_lts_aus_fast_scan (trigger: interval[0:00:05], next run at: 2026-09-17 17:42:14 +07)" executed successfully
2026-09-17 17:42:10,010 INFO apscheduler.executors.default: Running job "main.<locals>.run_position_check (trigger: interval[0:00:05], next run at: 2026-09-17 17:42:14 +07)" (scheduled at 2026-09-17 17:42:09.999412+07:00)
2026-09-17 17:42:10,015 INFO apscheduler.executors.default: Job "main.<locals>.run_position_check (trigger: interval[0:00:05], next run at: 2026-09-17 17:42:14 +07)" executed successfully
2026-09-17 17:42:10,015 INFO apscheduler.executors.default: Running job "main.<locals>.run_trail_sl (trigger: interval[0:00:05], next run at: 2026-09-17 17:42:14 +07)" (scheduled at 2026-09-17 17:42:09.999412+07:00)
2026-09-17 17:42:10,016 INFO apscheduler.executors.default: Job "main.<locals>.run_trail_sl (trigger: interval[0:00:05], next run at: 2026-09-17 17:42:14 +07)" executed successfully
2026-09-17 17:42:10,737 INFO httpx: HTTP Request: POST https://api.telegram.org/bot8700368282:AAGR_rmMfYeVtzIKkOQMXQrTWzmbbEs9MFQ/getUpdates "HTTP/1.1 200 OK"
2026-09-17 17:42:11,015 INFO apscheduler.executors.default: Running job "main.<locals>.run_scan (trigger: cron[second='1,6,11,16,21,26,31,36,41,46,51,56'], next run at: 2026-09-17 17:42:16 +07)" (scheduled at 2026-09-17 17:42:11+07:00)
2026-09-17 17:42:11,015 INFO apscheduler.executors.default: Job "main.<locals>.run_scan (trigger: cron[second='1,6,11,16,21,26,31,36,41,46,51,56'], next run at: 2026-09-17 17:42:16 +07)" executed successfully
2026-09-17 17:42:15,007 INFO apscheduler.executors.default: Running job "main.<locals>.run_lts_aus_fast_scan (trigger: interval[0:00:05], next run at: 2026-09-17 17:42:19 +07)" (scheduled at 2026-09-17 17:42:14.999412+07:00)
2026-09-17 17:42:15,008 INFO apscheduler.executors.default: Job "main.<locals>.run_lts_aus_fast_scan (trigger: interval[0:00:05], next run at: 2026-09-17 17:42:19 +07)" executed successfully
2026-09-17 17:42:15,008 INFO apscheduler.executors.default: Running job "main.<locals>.run_position_check (trigger: interval[0:00:05], next run at: 2026-09-17 17:42:19 +07)" (scheduled at 2026-09-17 17:42:14.999412+07:00)
2026-09-17 17:42:15,012 INFO apscheduler.executors.default: Job "main.<locals>.run_position_check (trigger: interval[0:00:05], next run at: 2026-09-17 17:42:19 +07)" executed successfully
2026-09-17 17:42:15,013 INFO apscheduler.executors.default: Running job "main.<locals>.run_trail_sl (trigger: interval[0:00:05], next run at: 2026-09-17 17:42:19 +07)" (scheduled at 2026-09-17 17:42:14.999412+07:00)
2026-09-17 17:42:15,013 INFO apscheduler.executors.default: Job "main.<locals>.run_trail_sl (trigger: interval[0:00:05], next run at: 2026-09-17 17:42:19 +07)" executed successfully
2026-09-17 17:42:16,020 INFO apscheduler.executors.default: Running job "main.<locals>.run_scan (trigger: cron[second='1,6,11,16,21,26,31,36,41,46,51,56'], next run at: 2026-09-17 17:42:21 +07)" (scheduled at 2026-09-17 17:42:16+07:00)
2026-09-17 17:42:16,020 INFO apscheduler.executors.default: Job "main.<locals>.run_scan (trigger: cron[second='1,6,11,16,21,26,31,36,41,46,51,56'], next run at: 2026-09-17 17:42:21 +07)" executed successfully
2026-09-17 17:42:16,021 INFO apscheduler.executors.default: Running job "main.<locals>.write_heartbeat_job (trigger: interval[0:00:15], next run at: 2026-09-17 17:42:31 +07)" (scheduled at 2026-09-17 17:42:16.000927+07:00)
2026-09-17 17:42:16,024 INFO apscheduler.executors.default: Job "main.<locals>.write_heartbeat_job (trigger: interval[0:00:15], next run at: 2026-09-17 17:42:31 +07)" executed successfully
2026-09-17 17:42:20,015 INFO apscheduler.executors.default: Running job "main.<locals>.run_lts_aus_fast_scan (trigger: interval[0:00:05], next run at: 2026-09-17 17:42:24 +07)" (scheduled at 2026-09-17 17:42:19.999412+07:00)
2026-09-17 17:42:20,018 INFO apscheduler.executors.default: Job "main.<locals>.run_lts_aus_fast_scan (trigger: interval[0:00:05], next run at: 2026-09-17 17:42:24 +07)" executed successfully
2026-09-17 17:42:20,018 INFO apscheduler.executors.default: Running job "main.<locals>.run_position_check (trigger: interval[0:00:05], next run at: 2026-09-17 17:42:24 +07)" (scheduled at 2026-09-17 17:42:19.999412+07:00)
2026-09-17 17:42:20,024 INFO apscheduler.executors.default: Job "main.<locals>.run_position_check (trigger: interval[0:00:05], next run at: 2026-09-17 17:42:24 +07)" executed successfully
2026-09-17 17:42:20,024 INFO apscheduler.executors.default: Running job "main.<locals>.save_bot_state_job (trigger: interval[0:00:15], next run at: 2026-09-17 17:42:34 +07)" (scheduled at 2026-09-17 17:42:19.999412+07:00)
2026-09-17 17:42:20,026 INFO apscheduler.executors.default: Job "main.<locals>.save_bot_state_job (trigger: interval[0:00:15], next run at: 2026-09-17 17:42:34 +07)" executed successfully
2026-09-17 17:42:20,026 INFO apscheduler.executors.default: Running job "main.<locals>.run_trail_sl (trigger: interval[0:00:05], next run at: 2026-09-17 17:42:24 +07)" (scheduled at 2026-09-17 17:42:19.999412+07:00)
2026-09-17 17:42:20,028 INFO apscheduler.executors.default: Job "main.<locals>.run_trail_sl (trigger: interval[0:00:05], next run at: 2026-09-17 17:42:24 +07)" executed successfully
2026-09-17 17:42:20,932 INFO httpx: HTTP Request: POST https://api.telegram.org/bot8700368282:AAGR_rmMfYeVtzIKkOQMXQrTWzmbbEs9MFQ/getUpdates "HTTP/1.1 200 OK"
2026-09-17 17:42:21,011 INFO apscheduler.executors.default: Running job "main.<locals>.run_scan (trigger: cron[second='1,6,11,16,21,26,31,36,41,46,51,56'], next run at: 2026-09-17 17:42:26 +07)" (scheduled at 2026-09-17 17:42:21+07:00)
2026-09-17 17:42:21,011 INFO apscheduler.executors.default: Job "main.<locals>.run_scan (trigger: cron[second='1,6,11,16,21,26,31,36,41,46,51,56'], next run at: 2026-09-17 17:42:26 +07)" executed successfully
2026-09-17 17:42:25,017 INFO apscheduler.executors.default: Running job "main.<locals>.run_lts_aus_fast_scan (trigger: interval[0:00:05], next run at: 2026-09-17 17:42:29 +07)" (scheduled at 2026-09-17 17:42:24.999412+07:00)
2026-09-17 17:42:25,017 INFO apscheduler.executors.default: Job "main.<locals>.run_lts_aus_fast_scan (trigger: interval[0:00:05], next run at: 2026-09-17 17:42:29 +07)" executed successfully
2026-09-17 17:42:25,018 INFO apscheduler.executors.default: Running job "main.<locals>.run_position_check (trigger: interval[0:00:05], next run at: 2026-09-17 17:42:29 +07)" (scheduled at 2026-09-17 17:42:24.999412+07:00)
2026-09-17 17:42:25,023 INFO apscheduler.executors.default: Job "main.<locals>.run_position_check (trigger: interval[0:00:05], next run at: 2026-09-17 17:42:29 +07)" executed successfully
2026-09-17 17:42:25,023 INFO apscheduler.executors.default: Running job "main.<locals>.run_trail_sl (trigger: interval[0:00:05], next run at: 2026-09-17 17:42:29 +07)" (scheduled at 2026-09-17 17:42:24.999412+07:00)
2026-09-17 17:42:25,023 INFO apscheduler.executors.default: Job "main.<locals>.run_trail_sl (trigger: interval[0:00:05], next run at: 2026-09-17 17:42:29 +07)" executed successfully
2026-09-17 17:42:26,006 INFO apscheduler.executors.default: Running job "main.<locals>.run_scan (trigger: cron[second='1,6,11,16,21,26,31,36,41,46,51,56'], next run at: 2026-09-17 17:42:31 +07)" (scheduled at 2026-09-17 17:42:26+07:00)
2026-09-17 17:42:26,007 INFO apscheduler.executors.default: Job "main.<locals>.run_scan (trigger: cron[second='1,6,11,16,21,26,31,36,41,46,51,56'], next run at: 2026-09-17 17:42:31 +07)" executed successfully
2026-09-17 17:42:30,010 INFO apscheduler.executors.default: Running job "main.<locals>.run_lts_aus_fast_scan (trigger: interval[0:00:05], next run at: 2026-09-17 17:42:34 +07)" (scheduled at 2026-09-17 17:42:29.999412+07:00)
2026-09-17 17:42:30,010 INFO apscheduler.executors.default: Job "main.<locals>.run_lts_aus_fast_scan (trigger: interval[0:00:05], next run at: 2026-09-17 17:42:34 +07)" executed successfully
2026-09-17 17:42:30,010 INFO apscheduler.executors.default: Running job "main.<locals>.run_position_check (trigger: interval[0:00:05], next run at: 2026-09-17 17:42:34 +07)" (scheduled at 2026-09-17 17:42:29.999412+07:00)
2026-09-17 17:42:30,015 INFO apscheduler.executors.default: Job "main.<locals>.run_position_check (trigger: interval[0:00:05], next run at: 2026-09-17 17:42:34 +07)" executed successfully
2026-09-17 17:42:30,015 INFO apscheduler.executors.default: Running job "main.<locals>.run_trail_sl (trigger: interval[0:00:05], next run at: 2026-09-17 17:42:34 +07)" (scheduled at 2026-09-17 17:42:29.999412+07:00)
2026-09-17 17:42:30,015 INFO apscheduler.executors.default: Job "main.<locals>.run_trail_sl (trigger: interval[0:00:05], next run at: 2026-09-17 17:42:34 +07)" executed successfully
2026-09-17 17:42:31,016 INFO apscheduler.executors.default: Running job "main.<locals>.run_scan (trigger: cron[second='1,6,11,16,21,26,31,36,41,46,51,56'], next run at: 2026-09-17 17:42:36 +07)" (scheduled at 2026-09-17 17:42:31+07:00)
2026-09-17 17:42:31,017 INFO apscheduler.executors.default: Job "main.<locals>.run_scan (trigger: cron[second='1,6,11,16,21,26,31,36,41,46,51,56'], next run at: 2026-09-17 17:42:36 +07)" executed successfully
2026-09-17 17:42:31,017 INFO apscheduler.executors.default: Running job "main.<locals>.write_heartbeat_job (trigger: interval[0:00:15], next run at: 2026-09-17 17:42:46 +07)" (scheduled at 2026-09-17 17:42:31.000927+07:00)
2026-09-17 17:42:31,021 INFO apscheduler.executors.default: Job "main.<locals>.write_heartbeat_job (trigger: interval[0:00:15], next run at: 2026-09-17 17:42:46 +07)" executed successfully
2026-09-17 17:42:31,137 INFO httpx: HTTP Request: POST https://api.telegram.org/bot8700368282:AAGR_rmMfYeVtzIKkOQMXQrTWzmbbEs9MFQ/getUpdates "HTTP/1.1 200 OK"
2026-09-17 17:42:35,015 INFO apscheduler.executors.default: Running job "main.<locals>.run_lts_aus_fast_scan (trigger: interval[0:00:05], next run at: 2026-09-17 17:42:39 +07)" (scheduled at 2026-09-17 17:42:34.999412+07:00)
2026-09-17 17:42:35,016 INFO apscheduler.executors.default: Job "main.<locals>.run_lts_aus_fast_scan (trigger: interval[0:00:05], next run at: 2026-09-17 17:42:39 +07)" executed successfully
2026-09-17 17:42:35,016 INFO apscheduler.executors.default: Running job "main.<locals>.run_position_check (trigger: interval[0:00:05], next run at: 2026-09-17 17:42:39 +07)" (scheduled at 2026-09-17 17:42:34.999412+07:00)
2026-09-17 17:42:35,020 INFO apscheduler.executors.default: Job "main.<locals>.run_position_check (trigger: interval[0:00:05], next run at: 2026-09-17 17:42:39 +07)" executed successfully
2026-09-17 17:42:35,020 INFO apscheduler.executors.default: Running job "main.<locals>.save_bot_state_job (trigger: interval[0:00:15], next run at: 2026-09-17 17:42:49 +07)" (scheduled at 2026-09-17 17:42:34.999412+07:00)
2026-09-17 17:42:35,022 INFO apscheduler.executors.default: Job "main.<locals>.save_bot_state_job (trigger: interval[0:00:15], next run at: 2026-09-17 17:42:49 +07)" executed successfully
2026-09-17 17:42:35,023 INFO apscheduler.executors.default: Running job "main.<locals>.run_trail_sl (trigger: interval[0:00:05], next run at: 2026-09-17 17:42:39 +07)" (scheduled at 2026-09-17 17:42:34.999412+07:00)
2026-09-17 17:42:35,023 INFO apscheduler.executors.default: Job "main.<locals>.run_trail_sl (trigger: interval[0:00:05], next run at: 2026-09-17 17:42:39 +07)" executed successfully
2026-09-17 17:42:36,008 INFO apscheduler.executors.default: Running job "main.<locals>.run_scan (trigger: cron[second='1,6,11,16,21,26,31,36,41,46,51,56'], next run at: 2026-09-17 17:42:41 +07)" (scheduled at 2026-09-17 17:42:36+07:00)
2026-09-17 17:42:36,009 INFO apscheduler.executors.default: Job "main.<locals>.run_scan (trigger: cron[second='1,6,11,16,21,26,31,36,41,46,51,56'], next run at: 2026-09-17 17:42:41 +07)" executed successfully
2026-09-17 17:42:40,008 INFO apscheduler.executors.default: Running job "main.<locals>.run_lts_aus_fast_scan (trigger: interval[0:00:05], next run at: 2026-09-17 17:42:44 +07)" (scheduled at 2026-09-17 17:42:39.999412+07:00)
2026-09-17 17:42:40,009 INFO apscheduler.executors.default: Job "main.<locals>.run_lts_aus_fast_scan (trigger: interval[0:00:05], next run at: 2026-09-17 17:42:44 +07)" executed successfully
2026-09-17 17:42:40,009 INFO apscheduler.executors.default: Running job "main.<locals>.run_position_check (trigger: interval[0:00:05], next run at: 2026-09-17 17:42:44 +07)" (scheduled at 2026-09-17 17:42:39.999412+07:00)
2026-09-17 17:42:40,014 INFO apscheduler.executors.default: Job "main.<locals>.run_position_check (trigger: interval[0:00:05], next run at: 2026-09-17 17:42:44 +07)" executed successfully
2026-09-17 17:42:40,014 INFO apscheduler.executors.default: Running job "main.<locals>.run_trail_sl (trigger: interval[0:00:05], next run at: 2026-09-17 17:42:44 +07)" (scheduled at 2026-09-17 17:42:39.999412+07:00)
2026-09-17 17:42:40,014 INFO apscheduler.executors.default: Job "main.<locals>.run_trail_sl (trigger: interval[0:00:05], next run at: 2026-09-17 17:42:44 +07)" executed successfully
2026-09-17 17:42:41,011 INFO apscheduler.executors.default: Running job "main.<locals>.run_scan (trigger: cron[second='1,6,11,16,21,26,31,36,41,46,51,56'], next run at: 2026-09-17 17:42:46 +07)" (scheduled at 2026-09-17 17:42:41+07:00)
2026-09-17 17:42:41,011 INFO apscheduler.executors.default: Job "main.<locals>.run_scan (trigger: cron[second='1,6,11,16,21,26,31,36,41,46,51,56'], next run at: 2026-09-17 17:42:46 +07)" executed successfully
2026-09-17 17:42:41,337 INFO httpx: HTTP Request: POST https://api.telegram.org/bot8700368282:AAGR_rmMfYeVtzIKkOQMXQrTWzmbbEs9MFQ/getUpdates "HTTP/1.1 200 OK"
2026-09-17 17:42:45,008 INFO apscheduler.executors.default: Running job "main.<locals>.run_lts_aus_fast_scan (trigger: interval[0:00:05], next run at: 2026-09-17 17:42:49 +07)" (scheduled at 2026-09-17 17:42:44.999412+07:00)
2026-09-17 17:42:45,009 INFO apscheduler.executors.default: Job "main.<locals>.run_lts_aus_fast_scan (trigger: interval[0:00:05], next run at: 2026-09-17 17:42:49 +07)" executed successfully
2026-09-17 17:42:45,009 INFO apscheduler.executors.default: Running job "main.<locals>.run_position_check (trigger: interval[0:00:05], next run at: 2026-09-17 17:42:49 +07)" (scheduled at 2026-09-17 17:42:44.999412+07:00)
2026-09-17 17:42:45,014 INFO apscheduler.executors.default: Job "main.<locals>.run_position_check (trigger: interval[0:00:05], next run at: 2026-09-17 17:42:49 +07)" executed successfully
2026-09-17 17:42:45,015 INFO apscheduler.executors.default: Running job "main.<locals>.run_trail_sl (trigger: interval[0:00:05], next run at: 2026-09-17 17:42:49 +07)" (scheduled at 2026-09-17 17:42:44.999412+07:00)
2026-09-17 17:42:45,015 INFO apscheduler.executors.default: Job "main.<locals>.run_trail_sl (trigger: interval[0:00:05], next run at: 2026-09-17 17:42:49 +07)" executed successfully
2026-09-17 17:42:46,022 INFO apscheduler.executors.default: Running job "main.<locals>.run_scan (trigger: cron[second='1,6,11,16,21,26,31,36,41,46,51,56'], next run at: 2026-09-17 17:42:51 +07)" (scheduled at 2026-09-17 17:42:46+07:00)
2026-09-17 17:42:46,022 INFO apscheduler.executors.default: Job "main.<locals>.run_scan (trigger: cron[second='1,6,11,16,21,26,31,36,41,46,51,56'], next run at: 2026-09-17 17:42:51 +07)" executed successfully
2026-09-17 17:42:46,023 INFO apscheduler.executors.default: Running job "main.<locals>.write_heartbeat_job (trigger: interval[0:00:15], next run at: 2026-09-17 17:43:01 +07)" (scheduled at 2026-09-17 17:42:46.000927+07:00)
2026-09-17 17:42:46,026 INFO apscheduler.executors.default: Job "main.<locals>.write_heartbeat_job (trigger: interval[0:00:15], next run at: 2026-09-17 17:43:01 +07)" executed successfully
2026-09-17 17:42:50,018 INFO apscheduler.executors.default: Running job "main.<locals>.run_lts_aus_fast_scan (trigger: interval[0:00:05], next run at: 2026-09-17 17:42:54 +07)" (scheduled at 2026-09-17 17:42:49.999412+07:00)
2026-09-17 17:42:50,020 INFO apscheduler.executors.default: Job "main.<locals>.run_lts_aus_fast_scan (trigger: interval[0:00:05], next run at: 2026-09-17 17:42:54 +07)" executed successfully
2026-09-17 17:42:50,020 INFO apscheduler.executors.default: Running job "main.<locals>.run_position_check (trigger: interval[0:00:05], next run at: 2026-09-17 17:42:54 +07)" (scheduled at 2026-09-17 17:42:49.999412+07:00)
2026-09-17 17:42:50,024 INFO apscheduler.executors.default: Job "main.<locals>.run_position_check (trigger: interval[0:00:05], next run at: 2026-09-17 17:42:54 +07)" executed successfully
2026-09-17 17:42:50,024 INFO apscheduler.executors.default: Running job "main.<locals>.save_bot_state_job (trigger: interval[0:00:15], next run at: 2026-09-17 17:43:04 +07)" (scheduled at 2026-09-17 17:42:49.999412+07:00)
2026-09-17 17:42:50,025 INFO apscheduler.executors.default: Job "main.<locals>.save_bot_state_job (trigger: interval[0:00:15], next run at: 2026-09-17 17:43:04 +07)" executed successfully
2026-09-17 17:42:50,025 INFO apscheduler.executors.default: Running job "main.<locals>.run_trail_sl (trigger: interval[0:00:05], next run at: 2026-09-17 17:42:54 +07)" (scheduled at 2026-09-17 17:42:49.999412+07:00)
2026-09-17 17:42:50,028 INFO apscheduler.executors.default: Job "main.<locals>.run_trail_sl (trigger: interval[0:00:05], next run at: 2026-09-17 17:42:54 +07)" executed successfully
2026-09-17 17:42:51,010 INFO apscheduler.executors.default: Running job "main.<locals>.run_scan (trigger: cron[second='1,6,11,16,21,26,31,36,41,46,51,56'], next run at: 2026-09-17 17:42:56 +07)" (scheduled at 2026-09-17 17:42:51+07:00)
2026-09-17 17:42:51,012 INFO apscheduler.executors.default: Job "main.<locals>.run_scan (trigger: cron[second='1,6,11,16,21,26,31,36,41,46,51,56'], next run at: 2026-09-17 17:42:56 +07)" executed successfully
2026-09-17 17:42:51,530 INFO httpx: HTTP Request: POST https://api.telegram.org/bot8700368282:AAGR_rmMfYeVtzIKkOQMXQrTWzmbbEs9MFQ/getUpdates "HTTP/1.1 200 OK"
2026-09-17 17:42:55,020 INFO apscheduler.executors.default: Running job "main.<locals>.run_lts_aus_fast_scan (trigger: interval[0:00:05], next run at: 2026-09-17 17:42:59 +07)" (scheduled at 2026-09-17 17:42:54.999412+07:00)
2026-09-17 17:42:55,021 INFO apscheduler.executors.default: Job "main.<locals>.run_lts_aus_fast_scan (trigger: interval[0:00:05], next run at: 2026-09-17 17:42:59 +07)" executed successfully
2026-09-17 17:42:55,021 INFO apscheduler.executors.default: Running job "main.<locals>.run_position_check (trigger: interval[0:00:05], next run at: 2026-09-17 17:42:59 +07)" (scheduled at 2026-09-17 17:42:54.999412+07:00)
2026-09-17 17:42:55,029 INFO apscheduler.executors.default: Job "main.<locals>.run_position_check (trigger: interval[0:00:05], next run at: 2026-09-17 17:42:59 +07)" executed successfully
2026-09-17 17:42:55,030 INFO apscheduler.executors.default: Running job "main.<locals>.run_trail_sl (trigger: interval[0:00:05], next run at: 2026-09-17 17:42:59 +07)" (scheduled at 2026-09-17 17:42:54.999412+07:00)
2026-09-17 17:42:55,030 INFO apscheduler.executors.default: Job "main.<locals>.run_trail_sl (trigger: interval[0:00:05], next run at: 2026-09-17 17:42:59 +07)" executed successfully
2026-09-17 17:42:56,015 INFO apscheduler.executors.default: Running job "main.<locals>.run_scan (trigger: cron[second='1,6,11,16,21,26,31,36,41,46,51,56'], next run at: 2026-09-17 17:43:01 +07)" (scheduled at 2026-09-17 17:42:56+07:00)
2026-09-17 17:42:56,016 INFO apscheduler.executors.default: Job "main.<locals>.run_scan (trigger: cron[second='1,6,11,16,21,26,31,36,41,46,51,56'], next run at: 2026-09-17 17:43:01 +07)" executed successfully
2026-09-17 17:43:00,010 INFO apscheduler.executors.default: Running job "main.<locals>.run_lts_aus_fast_scan (trigger: interval[0:00:05], next run at: 2026-09-17 17:43:04 +07)" (scheduled at 2026-09-17 17:42:59.999412+07:00)
2026-09-17 17:43:00,012 INFO apscheduler.executors.default: Job "main.<locals>.run_lts_aus_fast_scan (trigger: interval[0:00:05], next run at: 2026-09-17 17:43:04 +07)" executed successfully
2026-09-17 17:43:00,012 INFO apscheduler.executors.default: Running job "main.<locals>.run_position_check (trigger: interval[0:00:05], next run at: 2026-09-17 17:43:04 +07)" (scheduled at 2026-09-17 17:42:59.999412+07:00)
2026-09-17 17:43:00,020 INFO apscheduler.executors.default: Job "main.<locals>.run_position_check (trigger: interval[0:00:05], next run at: 2026-09-17 17:43:04 +07)" executed successfully
2026-09-17 17:43:00,021 INFO apscheduler.executors.default: Running job "main.<locals>.run_trail_sl (trigger: interval[0:00:05], next run at: 2026-09-17 17:43:04 +07)" (scheduled at 2026-09-17 17:42:59.999412+07:00)
2026-09-17 17:43:00,021 INFO apscheduler.executors.default: Job "main.<locals>.run_trail_sl (trigger: interval[0:00:05], next run at: 2026-09-17 17:43:04 +07)" executed successfully
2026-09-17 17:43:01,008 INFO apscheduler.executors.default: Running job "main.<locals>.run_scan (trigger: cron[second='1,6,11,16,21,26,31,36,41,46,51,56'], next run at: 2026-09-17 17:43:06 +07)" (scheduled at 2026-09-17 17:43:01+07:00)
2026-09-17 17:43:01,009 INFO apscheduler.executors.default: Job "main.<locals>.run_scan (trigger: cron[second='1,6,11,16,21,26,31,36,41,46,51,56'], next run at: 2026-09-17 17:43:06 +07)" executed successfully
2026-09-17 17:43:01,009 INFO apscheduler.executors.default: Running job "main.<locals>.write_heartbeat_job (trigger: interval[0:00:15], next run at: 2026-09-17 17:43:16 +07)" (scheduled at 2026-09-17 17:43:01.000927+07:00)
2026-09-17 17:43:01,012 INFO apscheduler.executors.default: Job "main.<locals>.write_heartbeat_job (trigger: interval[0:00:15], next run at: 2026-09-17 17:43:16 +07)" executed successfully
2026-09-17 17:43:01,724 INFO httpx: HTTP Request: POST https://api.telegram.org/bot8700368282:AAGR_rmMfYeVtzIKkOQMXQrTWzmbbEs9MFQ/getUpdates "HTTP/1.1 200 OK"
2026-09-17 17:43:05,001 INFO apscheduler.executors.default: Running job "main.<locals>.check_symbol_switch (trigger: interval[0:01:00], next run at: 2026-09-17 17:44:04 +07)" (scheduled at 2026-09-17 17:43:04.997660+07:00)
2026-09-17 17:43:05,007 INFO apscheduler.executors.default: Job "main.<locals>.check_symbol_switch (trigger: interval[0:01:00], next run at: 2026-09-17 17:44:04 +07)" executed successfully
2026-09-17 17:43:05,008 INFO apscheduler.executors.default: Running job "main.<locals>.run_lts_aus_fast_scan (trigger: interval[0:00:05], next run at: 2026-09-17 17:43:09 +07)" (scheduled at 2026-09-17 17:43:04.999412+07:00)
2026-09-17 17:43:05,008 INFO apscheduler.executors.default: Job "main.<locals>.run_lts_aus_fast_scan (trigger: interval[0:00:05], next run at: 2026-09-17 17:43:09 +07)" executed successfully
2026-09-17 17:43:05,008 INFO apscheduler.executors.default: Running job "main.<locals>.run_position_check (trigger: interval[0:00:05], next run at: 2026-09-17 17:43:09 +07)" (scheduled at 2026-09-17 17:43:04.999412+07:00)
2026-09-17 17:43:05,014 INFO apscheduler.executors.default: Job "main.<locals>.run_position_check (trigger: interval[0:00:05], next run at: 2026-09-17 17:43:09 +07)" executed successfully
2026-09-17 17:43:05,014 INFO apscheduler.executors.default: Running job "main.<locals>.save_bot_state_job (trigger: interval[0:00:15], next run at: 2026-09-17 17:43:19 +07)" (scheduled at 2026-09-17 17:43:04.999412+07:00)
2026-09-17 17:43:05,017 INFO apscheduler.executors.default: Job "main.<locals>.save_bot_state_job (trigger: interval[0:00:15], next run at: 2026-09-17 17:43:19 +07)" executed successfully
2026-09-17 17:43:05,019 INFO apscheduler.executors.default: Running job "main.<locals>.run_trail_sl (trigger: interval[0:00:05], next run at: 2026-09-17 17:43:09 +07)" (scheduled at 2026-09-17 17:43:04.999412+07:00)
2026-09-17 17:43:05,023 INFO apscheduler.executors.default: Job "main.<locals>.run_trail_sl (trigger: interval[0:00:05], next run at: 2026-09-17 17:43:09 +07)" executed successfully
2026-09-17 17:43:05,024 INFO apscheduler.executors.default: Running job "main.<locals>.run_watchdog (trigger: interval[0:01:00], next run at: 2026-09-17 17:44:05 +07)" (scheduled at 2026-09-17 17:43:05.000927+07:00)
2026-09-17 17:43:05,028 INFO apscheduler.executors.default: Job "main.<locals>.run_watchdog (trigger: interval[0:01:00], next run at: 2026-09-17 17:44:05 +07)" executed successfully
2026-09-17 17:43:06,010 INFO apscheduler.executors.default: Running job "main.<locals>.run_scan (trigger: cron[second='1,6,11,16,21,26,31,36,41,46,51,56'], next run at: 2026-09-17 17:43:11 +07)" (scheduled at 2026-09-17 17:43:06+07:00)
2026-09-17 17:43:06,011 INFO apscheduler.executors.default: Job "main.<locals>.run_scan (trigger: cron[second='1,6,11,16,21,26,31,36,41,46,51,56'], next run at: 2026-09-17 17:43:11 +07)" executed successfully
2026-09-17 17:43:10,003 INFO apscheduler.executors.default: Running job "main.<locals>.run_lts_aus_fast_scan (trigger: interval[0:00:05], next run at: 2026-09-17 17:43:14 +07)" (scheduled at 2026-09-17 17:43:09.999412+07:00)
2026-09-17 17:43:10,003 INFO apscheduler.executors.default: Job "main.<locals>.run_lts_aus_fast_scan (trigger: interval[0:00:05], next run at: 2026-09-17 17:43:14 +07)" executed successfully
2026-09-17 17:43:10,004 INFO apscheduler.executors.default: Running job "main.<locals>.run_position_check (trigger: interval[0:00:05], next run at: 2026-09-17 17:43:14 +07)" (scheduled at 2026-09-17 17:43:09.999412+07:00)
2026-09-17 17:43:10,011 INFO apscheduler.executors.default: Job "main.<locals>.run_position_check (trigger: interval[0:00:05], next run at: 2026-09-17 17:43:14 +07)" executed successfully
2026-09-17 17:43:10,012 INFO apscheduler.executors.default: Running job "main.<locals>.run_trail_sl (trigger: interval[0:00:05], next run at: 2026-09-17 17:43:14 +07)" (scheduled at 2026-09-17 17:43:09.999412+07:00)
2026-09-17 17:43:10,013 INFO apscheduler.executors.default: Job "main.<locals>.run_trail_sl (trigger: interval[0:00:05], next run at: 2026-09-17 17:43:14 +07)" executed successfully
2026-09-17 17:43:11,013 INFO apscheduler.executors.default: Running job "main.<locals>.run_scan (trigger: cron[second='1,6,11,16,21,26,31,36,41,46,51,56'], next run at: 2026-09-17 17:43:16 +07)" (scheduled at 2026-09-17 17:43:11+07:00)
2026-09-17 17:43:11,014 INFO apscheduler.executors.default: Job "main.<locals>.run_scan (trigger: cron[second='1,6,11,16,21,26,31,36,41,46,51,56'], next run at: 2026-09-17 17:43:16 +07)" executed successfully
2026-09-17 17:43:11,918 INFO httpx: HTTP Request: POST https://api.telegram.org/bot8700368282:AAGR_rmMfYeVtzIKkOQMXQrTWzmbbEs9MFQ/getUpdates "HTTP/1.1 200 OK"
2026-09-17 17:43:15,005 INFO apscheduler.executors.default: Running job "main.<locals>.run_lts_aus_fast_scan (trigger: interval[0:00:05], next run at: 2026-09-17 17:43:19 +07)" (scheduled at 2026-09-17 17:43:14.999412+07:00)
2026-09-17 17:43:15,005 INFO apscheduler.executors.default: Job "main.<locals>.run_lts_aus_fast_scan (trigger: interval[0:00:05], next run at: 2026-09-17 17:43:19 +07)" executed successfully
2026-09-17 17:43:15,005 INFO apscheduler.executors.default: Running job "main.<locals>.run_position_check (trigger: interval[0:00:05], next run at: 2026-09-17 17:43:19 +07)" (scheduled at 2026-09-17 17:43:14.999412+07:00)
2026-09-17 17:43:15,010 INFO apscheduler.executors.default: Job "main.<locals>.run_position_check (trigger: interval[0:00:05], next run at: 2026-09-17 17:43:19 +07)" executed successfully
2026-09-17 17:43:15,010 INFO apscheduler.executors.default: Running job "main.<locals>.run_trail_sl (trigger: interval[0:00:05], next run at: 2026-09-17 17:43:19 +07)" (scheduled at 2026-09-17 17:43:14.999412+07:00)
2026-09-17 17:43:15,011 INFO apscheduler.executors.default: Job "main.<locals>.run_trail_sl (trigger: interval[0:00:05], next run at: 2026-09-17 17:43:19 +07)" executed successfully
2026-09-17 17:43:16,014 INFO apscheduler.executors.default: Running job "main.<locals>.run_scan (trigger: cron[second='1,6,11,16,21,26,31,36,41,46,51,56'], next run at: 2026-09-17 17:43:21 +07)" (scheduled at 2026-09-17 17:43:16+07:00)
2026-09-17 17:43:16,014 INFO apscheduler.executors.default: Job "main.<locals>.run_scan (trigger: cron[second='1,6,11,16,21,26,31,36,41,46,51,56'], next run at: 2026-09-17 17:43:21 +07)" executed successfully
2026-09-17 17:43:16,016 INFO apscheduler.executors.default: Running job "main.<locals>.write_heartbeat_job (trigger: interval[0:00:15], next run at: 2026-09-17 17:43:31 +07)" (scheduled at 2026-09-17 17:43:16.000927+07:00)
2026-09-17 17:43:16,018 INFO apscheduler.executors.default: Job "main.<locals>.write_heartbeat_job (trigger: interval[0:00:15], next run at: 2026-09-17 17:43:31 +07)" executed successfully
2026-09-17 17:43:20,004 INFO apscheduler.executors.default: Running job "main.<locals>.run_lts_aus_fast_scan (trigger: interval[0:00:05], next run at: 2026-09-17 17:43:24 +07)" (scheduled at 2026-09-17 17:43:19.999412+07:00)
2026-09-17 17:43:20,005 INFO apscheduler.executors.default: Job "main.<locals>.run_lts_aus_fast_scan (trigger: interval[0:00:05], next run at: 2026-09-17 17:43:24 +07)" executed successfully
2026-09-17 17:43:20,005 INFO apscheduler.executors.default: Running job "main.<locals>.run_position_check (trigger: interval[0:00:05], next run at: 2026-09-17 17:43:24 +07)" (scheduled at 2026-09-17 17:43:19.999412+07:00)
2026-09-17 17:43:20,010 INFO apscheduler.executors.default: Job "main.<locals>.run_position_check (trigger: interval[0:00:05], next run at: 2026-09-17 17:43:24 +07)" executed successfully
2026-09-17 17:43:20,010 INFO apscheduler.executors.default: Running job "main.<locals>.save_bot_state_job (trigger: interval[0:00:15], next run at: 2026-09-17 17:43:34 +07)" (scheduled at 2026-09-17 17:43:19.999412+07:00)
2026-09-17 17:43:20,013 INFO apscheduler.executors.default: Job "main.<locals>.save_bot_state_job (trigger: interval[0:00:15], next run at: 2026-09-17 17:43:34 +07)" executed successfully
2026-09-17 17:43:20,013 INFO apscheduler.executors.default: Running job "main.<locals>.run_trail_sl (trigger: interval[0:00:05], next run at: 2026-09-17 17:43:24 +07)" (scheduled at 2026-09-17 17:43:19.999412+07:00)
2026-09-17 17:43:20,014 INFO apscheduler.executors.default: Job "main.<locals>.run_trail_sl (trigger: interval[0:00:05], next run at: 2026-09-17 17:43:24 +07)" executed successfully
2026-09-17 17:43:21,016 INFO apscheduler.executors.default: Running job "main.<locals>.run_scan (trigger: cron[second='1,6,11,16,21,26,31,36,41,46,51,56'], next run at: 2026-09-17 17:43:26 +07)" (scheduled at 2026-09-17 17:43:21+07:00)
2026-09-17 17:43:21,017 INFO apscheduler.executors.default: Job "main.<locals>.run_scan (trigger: cron[second='1,6,11,16,21,26,31,36,41,46,51,56'], next run at: 2026-09-17 17:43:26 +07)" executed successfully
2026-09-17 17:43:22,113 INFO httpx: HTTP Request: POST https://api.telegram.org/bot8700368282:AAGR_rmMfYeVtzIKkOQMXQrTWzmbbEs9MFQ/getUpdates "HTTP/1.1 200 OK"
2026-09-17 17:43:25,000 INFO apscheduler.executors.default: Running job "main.<locals>.run_lts_aus_fast_scan (trigger: interval[0:00:05], next run at: 2026-09-17 17:43:29 +07)" (scheduled at 2026-09-17 17:43:24.999412+07:00)
2026-09-17 17:43:25,001 INFO apscheduler.executors.default: Job "main.<locals>.run_lts_aus_fast_scan (trigger: interval[0:00:05], next run at: 2026-09-17 17:43:29 +07)" executed successfully
2026-09-17 17:43:25,001 INFO apscheduler.executors.default: Running job "main.<locals>.run_position_check (trigger: interval[0:00:05], next run at: 2026-09-17 17:43:29 +07)" (scheduled at 2026-09-17 17:43:24.999412+07:00)
2026-09-17 17:43:25,005 INFO apscheduler.executors.default: Job "main.<locals>.run_position_check (trigger: interval[0:00:05], next run at: 2026-09-17 17:43:29 +07)" executed successfully
2026-09-17 17:43:25,005 INFO apscheduler.executors.default: Running job "main.<locals>.run_trail_sl (trigger: interval[0:00:05], next run at: 2026-09-17 17:43:29 +07)" (scheduled at 2026-09-17 17:43:24.999412+07:00)
2026-09-17 17:43:25,005 INFO apscheduler.executors.default: Job "main.<locals>.run_trail_sl (trigger: interval[0:00:05], next run at: 2026-09-17 17:43:29 +07)" executed successfully
2026-09-17 17:43:26,005 INFO apscheduler.executors.default: Running job "main.<locals>.run_scan (trigger: cron[second='1,6,11,16,21,26,31,36,41,46,51,56'], next run at: 2026-09-17 17:43:31 +07)" (scheduled at 2026-09-17 17:43:26+07:00)
2026-09-17 17:43:26,005 INFO apscheduler.executors.default: Job "main.<locals>.run_scan (trigger: cron[second='1,6,11,16,21,26,31,36,41,46,51,56'], next run at: 2026-09-17 17:43:31 +07)" executed successfully
2026-09-17 17:43:30,003 INFO apscheduler.executors.default: Running job "main.<locals>.run_lts_aus_fast_scan (trigger: interval[0:00:05], next run at: 2026-09-17 17:43:34 +07)" (scheduled at 2026-09-17 17:43:29.999412+07:00)
2026-09-17 17:43:30,003 INFO apscheduler.executors.default: Job "main.<locals>.run_lts_aus_fast_scan (trigger: interval[0:00:05], next run at: 2026-09-17 17:43:34 +07)" executed successfully
2026-09-17 17:43:30,004 INFO apscheduler.executors.default: Running job "main.<locals>.run_position_check (trigger: interval[0:00:05], next run at: 2026-09-17 17:43:34 +07)" (scheduled at 2026-09-17 17:43:29.999412+07:00)
2026-09-17 17:43:30,008 INFO apscheduler.executors.default: Job "main.<locals>.run_position_check (trigger: interval[0:00:05], next run at: 2026-09-17 17:43:34 +07)" executed successfully
2026-09-17 17:43:30,008 INFO apscheduler.executors.default: Running job "main.<locals>.run_trail_sl (trigger: interval[0:00:05], next run at: 2026-09-17 17:43:34 +07)" (scheduled at 2026-09-17 17:43:29.999412+07:00)
2026-09-17 17:43:30,008 INFO apscheduler.executors.default: Job "main.<locals>.run_trail_sl (trigger: interval[0:00:05], next run at: 2026-09-17 17:43:34 +07)" executed successfully
2026-09-17 17:43:31,010 INFO apscheduler.executors.default: Running job "main.<locals>.run_scan (trigger: cron[second='1,6,11,16,21,26,31,36,41,46,51,56'], next run at: 2026-09-17 17:43:36 +07)" (scheduled at 2026-09-17 17:43:31+07:00)
2026-09-17 17:43:31,010 INFO apscheduler.executors.default: Job "main.<locals>.run_scan (trigger: cron[second='1,6,11,16,21,26,31,36,41,46,51,56'], next run at: 2026-09-17 17:43:36 +07)" executed successfully
2026-09-17 17:43:31,010 INFO apscheduler.executors.default: Running job "main.<locals>.write_heartbeat_job (trigger: interval[0:00:15], next run at: 2026-09-17 17:43:46 +07)" (scheduled at 2026-09-17 17:43:31.000927+07:00)
2026-09-17 17:43:31,014 INFO apscheduler.executors.default: Job "main.<locals>.write_heartbeat_job (trigger: interval[0:00:15], next run at: 2026-09-17 17:43:46 +07)" executed successfully
2026-09-17 17:43:32,305 INFO httpx: HTTP Request: POST https://api.telegram.org/bot8700368282:AAGR_rmMfYeVtzIKkOQMXQrTWzmbbEs9MFQ/getUpdates "HTTP/1.1 200 OK"
2026-09-17 17:43:35,005 INFO apscheduler.executors.default: Running job "main.<locals>.run_lts_aus_fast_scan (trigger: interval[0:00:05], next run at: 2026-09-17 17:43:39 +07)" (scheduled at 2026-09-17 17:43:34.999412+07:00)
2026-09-17 17:43:35,006 INFO apscheduler.executors.default: Job "main.<locals>.run_lts_aus_fast_scan (trigger: interval[0:00:05], next run at: 2026-09-17 17:43:39 +07)" executed successfully
2026-09-17 17:43:35,006 INFO apscheduler.executors.default: Running job "main.<locals>.run_position_check (trigger: interval[0:00:05], next run at: 2026-09-17 17:43:39 +07)" (scheduled at 2026-09-17 17:43:34.999412+07:00)
2026-09-17 17:43:35,011 INFO apscheduler.executors.default: Job "main.<locals>.run_position_check (trigger: interval[0:00:05], next run at: 2026-09-17 17:43:39 +07)" executed successfully
2026-09-17 17:43:35,011 INFO apscheduler.executors.default: Running job "main.<locals>.save_bot_state_job (trigger: interval[0:00:15], next run at: 2026-09-17 17:43:49 +07)" (scheduled at 2026-09-17 17:43:34.999412+07:00)
2026-09-17 17:43:35,013 INFO apscheduler.executors.default: Job "main.<locals>.save_bot_state_job (trigger: interval[0:00:15], next run at: 2026-09-17 17:43:49 +07)" executed successfully
2026-09-17 17:43:35,014 INFO apscheduler.executors.default: Running job "main.<locals>.run_trail_sl (trigger: interval[0:00:05], next run at: 2026-09-17 17:43:39 +07)" (scheduled at 2026-09-17 17:43:34.999412+07:00)
2026-09-17 17:43:35,014 INFO apscheduler.executors.default: Job "main.<locals>.run_trail_sl (trigger: interval[0:00:05], next run at: 2026-09-17 17:43:39 +07)" executed successfully
2026-09-17 17:43:36,019 INFO apscheduler.executors.default: Running job "main.<locals>.run_scan (trigger: cron[second='1,6,11,16,21,26,31,36,41,46,51,56'], next run at: 2026-09-17 17:43:41 +07)" (scheduled at 2026-09-17 17:43:36+07:00)
2026-09-17 17:43:36,021 INFO apscheduler.executors.default: Job "main.<locals>.run_scan (trigger: cron[second='1,6,11,16,21,26,31,36,41,46,51,56'], next run at: 2026-09-17 17:43:41 +07)" executed successfully
2026-09-17 17:43:40,005 INFO apscheduler.executors.default: Running job "main.<locals>.run_lts_aus_fast_scan (trigger: interval[0:00:05], next run at: 2026-09-17 17:43:44 +07)" (scheduled at 2026-09-17 17:43:39.999412+07:00)
2026-09-17 17:43:40,005 INFO apscheduler.executors.default: Job "main.<locals>.run_lts_aus_fast_scan (trigger: interval[0:00:05], next run at: 2026-09-17 17:43:44 +07)" executed successfully
2026-09-17 17:43:40,006 INFO apscheduler.executors.default: Running job "main.<locals>.run_position_check (trigger: interval[0:00:05], next run at: 2026-09-17 17:43:44 +07)" (scheduled at 2026-09-17 17:43:39.999412+07:00)
2026-09-17 17:43:40,014 INFO apscheduler.executors.default: Job "main.<locals>.run_position_check (trigger: interval[0:00:05], next run at: 2026-09-17 17:43:44 +07)" executed successfully
2026-09-17 17:43:40,015 INFO apscheduler.executors.default: Running job "main.<locals>.run_trail_sl (trigger: interval[0:00:05], next run at: 2026-09-17 17:43:44 +07)" (scheduled at 2026-09-17 17:43:39.999412+07:00)
2026-09-17 17:43:40,016 INFO apscheduler.executors.default: Job "main.<locals>.run_trail_sl (trigger: interval[0:00:05], next run at: 2026-09-17 17:43:44 +07)" executed successfully
2026-09-17 17:43:41,013 INFO apscheduler.executors.default: Running job "main.<locals>.run_scan (trigger: cron[second='1,6,11,16,21,26,31,36,41,46,51,56'], next run at: 2026-09-17 17:43:46 +07)" (scheduled at 2026-09-17 17:43:41+07:00)
2026-09-17 17:43:41,013 INFO apscheduler.executors.default: Job "main.<locals>.run_scan (trigger: cron[second='1,6,11,16,21,26,31,36,41,46,51,56'], next run at: 2026-09-17 17:43:46 +07)" executed successfully
2026-09-17 17:43:42,497 INFO httpx: HTTP Request: POST https://api.telegram.org/bot8700368282:AAGR_rmMfYeVtzIKkOQMXQrTWzmbbEs9MFQ/getUpdates "HTTP/1.1 200 OK"
2026-09-17 17:43:45,013 INFO apscheduler.executors.default: Running job "main.<locals>.run_lts_aus_fast_scan (trigger: interval[0:00:05], next run at: 2026-09-17 17:43:49 +07)" (scheduled at 2026-09-17 17:43:44.999412+07:00)
2026-09-17 17:43:45,014 INFO apscheduler.executors.default: Job "main.<locals>.run_lts_aus_fast_scan (trigger: interval[0:00:05], next run at: 2026-09-17 17:43:49 +07)" executed successfully
2026-09-17 17:43:45,014 INFO apscheduler.executors.default: Running job "main.<locals>.run_position_check (trigger: interval[0:00:05], next run at: 2026-09-17 17:43:49 +07)" (scheduled at 2026-09-17 17:43:44.999412+07:00)
2026-09-17 17:43:45,019 INFO apscheduler.executors.default: Job "main.<locals>.run_position_check (trigger: interval[0:00:05], next run at: 2026-09-17 17:43:49 +07)" executed successfully
2026-09-17 17:43:45,020 INFO apscheduler.executors.default: Running job "main.<locals>.run_trail_sl (trigger: interval[0:00:05], next run at: 2026-09-17 17:43:49 +07)" (scheduled at 2026-09-17 17:43:44.999412+07:00)
2026-09-17 17:43:45,020 INFO apscheduler.executors.default: Job "main.<locals>.run_trail_sl (trigger: interval[0:00:05], next run at: 2026-09-17 17:43:49 +07)" executed successfully
2026-09-17 17:43:46,010 INFO apscheduler.executors.default: Running job "main.<locals>.run_scan (trigger: cron[second='1,6,11,16,21,26,31,36,41,46,51,56'], next run at: 2026-09-17 17:43:51 +07)" (scheduled at 2026-09-17 17:43:46+07:00)
2026-09-17 17:43:46,010 INFO apscheduler.executors.default: Job "main.<locals>.run_scan (trigger: cron[second='1,6,11,16,21,26,31,36,41,46,51,56'], next run at: 2026-09-17 17:43:51 +07)" executed successfully
2026-09-17 17:43:46,011 INFO apscheduler.executors.default: Running job "main.<locals>.write_heartbeat_job (trigger: interval[0:00:15], next run at: 2026-09-17 17:44:01 +07)" (scheduled at 2026-09-17 17:43:46.000927+07:00)
2026-09-17 17:43:46,013 INFO apscheduler.executors.default: Job "main.<locals>.write_heartbeat_job (trigger: interval[0:00:15], next run at: 2026-09-17 17:44:01 +07)" executed successfully
2026-09-17 17:43:50,011 INFO apscheduler.executors.default: Running job "main.<locals>.run_lts_aus_fast_scan (trigger: interval[0:00:05], next run at: 2026-09-17 17:43:54 +07)" (scheduled at 2026-09-17 17:43:49.999412+07:00)
2026-09-17 17:43:50,011 INFO apscheduler.executors.default: Job "main.<locals>.run_lts_aus_fast_scan (trigger: interval[0:00:05], next run at: 2026-09-17 17:43:54 +07)" executed successfully
2026-09-17 17:43:50,011 INFO apscheduler.executors.default: Running job "main.<locals>.run_position_check (trigger: interval[0:00:05], next run at: 2026-09-17 17:43:54 +07)" (scheduled at 2026-09-17 17:43:49.999412+07:00)
2026-09-17 17:43:50,017 INFO apscheduler.executors.default: Job "main.<locals>.run_position_check (trigger: interval[0:00:05], next run at: 2026-09-17 17:43:54 +07)" executed successfully
2026-09-17 17:43:50,018 INFO apscheduler.executors.default: Running job "main.<locals>.save_bot_state_job (trigger: interval[0:00:15], next run at: 2026-09-17 17:44:04 +07)" (scheduled at 2026-09-17 17:43:49.999412+07:00)
2026-09-17 17:43:50,020 INFO apscheduler.executors.default: Job "main.<locals>.save_bot_state_job (trigger: interval[0:00:15], next run at: 2026-09-17 17:44:04 +07)" executed successfully
2026-09-17 17:43:50,021 INFO apscheduler.executors.default: Running job "main.<locals>.run_trail_sl (trigger: interval[0:00:05], next run at: 2026-09-17 17:43:54 +07)" (scheduled at 2026-09-17 17:43:49.999412+07:00)
2026-09-17 17:43:50,022 INFO apscheduler.executors.default: Job "main.<locals>.run_trail_sl (trigger: interval[0:00:05], next run at: 2026-09-17 17:43:54 +07)" executed successfully
2026-09-17 17:43:51,003 INFO apscheduler.executors.default: Running job "main.<locals>.run_scan (trigger: cron[second='1,6,11,16,21,26,31,36,41,46,51,56'], next run at: 2026-09-17 17:43:56 +07)" (scheduled at 2026-09-17 17:43:51+07:00)
2026-09-17 17:43:51,004 INFO apscheduler.executors.default: Job "main.<locals>.run_scan (trigger: cron[second='1,6,11,16,21,26,31,36,41,46,51,56'], next run at: 2026-09-17 17:43:56 +07)" executed successfully
2026-09-17 17:43:52,690 INFO httpx: HTTP Request: POST https://api.telegram.org/bot8700368282:AAGR_rmMfYeVtzIKkOQMXQrTWzmbbEs9MFQ/getUpdates "HTTP/1.1 200 OK"
2026-09-17 17:43:55,004 INFO apscheduler.executors.default: Running job "main.<locals>.run_lts_aus_fast_scan (trigger: interval[0:00:05], next run at: 2026-09-17 17:43:59 +07)" (scheduled at 2026-09-17 17:43:54.999412+07:00)
2026-09-17 17:43:55,005 INFO apscheduler.executors.default: Job "main.<locals>.run_lts_aus_fast_scan (trigger: interval[0:00:05], next run at: 2026-09-17 17:43:59 +07)" executed successfully
2026-09-17 17:43:55,005 INFO apscheduler.executors.default: Running job "main.<locals>.run_position_check (trigger: interval[0:00:05], next run at: 2026-09-17 17:43:59 +07)" (scheduled at 2026-09-17 17:43:54.999412+07:00)
2026-09-17 17:43:55,011 INFO apscheduler.executors.default: Job "main.<locals>.run_position_check (trigger: interval[0:00:05], next run at: 2026-09-17 17:43:59 +07)" executed successfully
2026-09-17 17:43:55,011 INFO apscheduler.executors.default: Running job "main.<locals>.run_trail_sl (trigger: interval[0:00:05], next run at: 2026-09-17 17:43:59 +07)" (scheduled at 2026-09-17 17:43:54.999412+07:00)
2026-09-17 17:43:55,012 INFO apscheduler.executors.default: Job "main.<locals>.run_trail_sl (trigger: interval[0:00:05], next run at: 2026-09-17 17:43:59 +07)" executed successfully
2026-09-17 17:43:56,012 INFO apscheduler.executors.default: Running job "main.<locals>.run_scan (trigger: cron[second='1,6,11,16,21,26,31,36,41,46,51,56'], next run at: 2026-09-17 17:44:01 +07)" (scheduled at 2026-09-17 17:43:56+07:00)
2026-09-17 17:43:56,012 INFO apscheduler.executors.default: Job "main.<locals>.run_scan (trigger: cron[second='1,6,11,16,21,26,31,36,41,46,51,56'], next run at: 2026-09-17 17:44:01 +07)" executed successfully
2026-09-17 17:44:00,013 INFO apscheduler.executors.default: Running job "main.<locals>.run_lts_aus_fast_scan (trigger: interval[0:00:05], next run at: 2026-09-17 17:44:04 +07)" (scheduled at 2026-09-17 17:43:59.999412+07:00)
2026-09-17 17:44:00,014 INFO apscheduler.executors.default: Job "main.<locals>.run_lts_aus_fast_scan (trigger: interval[0:00:05], next run at: 2026-09-17 17:44:04 +07)" executed successfully
2026-09-17 17:44:00,014 INFO apscheduler.executors.default: Running job "main.<locals>.run_position_check (trigger: interval[0:00:05], next run at: 2026-09-17 17:44:04 +07)" (scheduled at 2026-09-17 17:43:59.999412+07:00)
2026-09-17 17:44:00,022 INFO apscheduler.executors.default: Job "main.<locals>.run_position_check (trigger: interval[0:00:05], next run at: 2026-09-17 17:44:04 +07)" executed successfully
2026-09-17 17:44:00,023 INFO apscheduler.executors.default: Running job "main.<locals>.run_trail_sl (trigger: interval[0:00:05], next run at: 2026-09-17 17:44:04 +07)" (scheduled at 2026-09-17 17:43:59.999412+07:00)
2026-09-17 17:44:00,024 INFO apscheduler.executors.default: Job "main.<locals>.run_trail_sl (trigger: interval[0:00:05], next run at: 2026-09-17 17:44:04 +07)" executed successfully
2026-09-17 17:44:01,007 INFO apscheduler.executors.default: Running job "main.<locals>.run_scan (trigger: cron[second='1,6,11,16,21,26,31,36,41,46,51,56'], next run at: 2026-09-17 17:44:06 +07)" (scheduled at 2026-09-17 17:44:01+07:00)
2026-09-17 17:44:01,008 INFO apscheduler.executors.default: Job "main.<locals>.run_scan (trigger: cron[second='1,6,11,16,21,26,31,36,41,46,51,56'], next run at: 2026-09-17 17:44:06 +07)" executed successfully
2026-09-17 17:44:01,008 INFO apscheduler.executors.default: Running job "main.<locals>.write_heartbeat_job (trigger: interval[0:00:15], next run at: 2026-09-17 17:44:16 +07)" (scheduled at 2026-09-17 17:44:01.000927+07:00)
2026-09-17 17:44:01,011 INFO apscheduler.executors.default: Job "main.<locals>.write_heartbeat_job (trigger: interval[0:00:15], next run at: 2026-09-17 17:44:16 +07)" executed successfully
2026-09-17 17:44:03,346 INFO httpx: HTTP Request: POST https://api.telegram.org/bot8700368282:AAGR_rmMfYeVtzIKkOQMXQrTWzmbbEs9MFQ/getUpdates "HTTP/1.1 200 OK"
2026-09-17 17:44:05,002 INFO apscheduler.executors.default: Running job "main.<locals>.check_symbol_switch (trigger: interval[0:01:00], next run at: 2026-09-17 17:45:04 +07)" (scheduled at 2026-09-17 17:44:04.997660+07:00)
2026-09-17 17:44:05,007 INFO apscheduler.executors.default: Job "main.<locals>.check_symbol_switch (trigger: interval[0:01:00], next run at: 2026-09-17 17:45:04 +07)" executed successfully
2026-09-17 17:44:05,007 INFO apscheduler.executors.default: Running job "main.<locals>.run_lts_aus_fast_scan (trigger: interval[0:00:05], next run at: 2026-09-17 17:44:09 +07)" (scheduled at 2026-09-17 17:44:04.999412+07:00)
2026-09-17 17:44:05,007 INFO apscheduler.executors.default: Job "main.<locals>.run_lts_aus_fast_scan (trigger: interval[0:00:05], next run at: 2026-09-17 17:44:09 +07)" executed successfully
2026-09-17 17:44:05,007 INFO apscheduler.executors.default: Running job "main.<locals>.run_position_check (trigger: interval[0:00:05], next run at: 2026-09-17 17:44:09 +07)" (scheduled at 2026-09-17 17:44:04.999412+07:00)
2026-09-17 17:44:05,012 INFO apscheduler.executors.default: Job "main.<locals>.run_position_check (trigger: interval[0:00:05], next run at: 2026-09-17 17:44:09 +07)" executed successfully
2026-09-17 17:44:05,012 INFO apscheduler.executors.default: Running job "main.<locals>.save_bot_state_job (trigger: interval[0:00:15], next run at: 2026-09-17 17:44:19 +07)" (scheduled at 2026-09-17 17:44:04.999412+07:00)
2026-09-17 17:44:05,015 INFO apscheduler.executors.default: Job "main.<locals>.save_bot_state_job (trigger: interval[0:00:15], next run at: 2026-09-17 17:44:19 +07)" executed successfully
2026-09-17 17:44:05,015 INFO apscheduler.executors.default: Running job "main.<locals>.run_trail_sl (trigger: interval[0:00:05], next run at: 2026-09-17 17:44:09 +07)" (scheduled at 2026-09-17 17:44:04.999412+07:00)
2026-09-17 17:44:05,015 INFO apscheduler.executors.default: Job "main.<locals>.run_trail_sl (trigger: interval[0:00:05], next run at: 2026-09-17 17:44:09 +07)" executed successfully
2026-09-17 17:44:05,017 INFO apscheduler.executors.default: Running job "main.<locals>.run_watchdog (trigger: interval[0:01:00], next run at: 2026-09-17 17:45:05 +07)" (scheduled at 2026-09-17 17:44:05.000927+07:00)
2026-09-17 17:44:05,020 INFO apscheduler.executors.default: Job "main.<locals>.run_watchdog (trigger: interval[0:01:00], next run at: 2026-09-17 17:45:05 +07)" executed successfully
2026-09-17 17:44:06,012 INFO apscheduler.executors.default: Running job "main.<locals>.run_scan (trigger: cron[second='1,6,11,16,21,26,31,36,41,46,51,56'], next run at: 2026-09-17 17:44:11 +07)" (scheduled at 2026-09-17 17:44:06+07:00)
2026-09-17 17:44:06,014 INFO apscheduler.executors.default: Job "main.<locals>.run_scan (trigger: cron[second='1,6,11,16,21,26,31,36,41,46,51,56'], next run at: 2026-09-17 17:44:11 +07)" executed successfully
2026-09-17 17:44:10,014 INFO apscheduler.executors.default: Running job "main.<locals>.run_lts_aus_fast_scan (trigger: interval[0:00:05], next run at: 2026-09-17 17:44:14 +07)" (scheduled at 2026-09-17 17:44:09.999412+07:00)
2026-09-17 17:44:10,017 INFO apscheduler.executors.default: Job "main.<locals>.run_lts_aus_fast_scan (trigger: interval[0:00:05], next run at: 2026-09-17 17:44:14 +07)" executed successfully
2026-09-17 17:44:10,017 INFO apscheduler.executors.default: Running job "main.<locals>.run_position_check (trigger: interval[0:00:05], next run at: 2026-09-17 17:44:14 +07)" (scheduled at 2026-09-17 17:44:09.999412+07:00)
2026-09-17 17:44:10,024 INFO apscheduler.executors.default: Job "main.<locals>.run_position_check (trigger: interval[0:00:05], next run at: 2026-09-17 17:44:14 +07)" executed successfully
2026-09-17 17:44:10,025 INFO apscheduler.executors.default: Running job "main.<locals>.run_trail_sl (trigger: interval[0:00:05], next run at: 2026-09-17 17:44:14 +07)" (scheduled at 2026-09-17 17:44:09.999412+07:00)
2026-09-17 17:44:10,025 INFO apscheduler.executors.default: Job "main.<locals>.run_trail_sl (trigger: interval[0:00:05], next run at: 2026-09-17 17:44:14 +07)" executed successfully
2026-09-17 17:44:11,011 INFO apscheduler.executors.default: Running job "main.<locals>.run_scan (trigger: cron[second='1,6,11,16,21,26,31,36,41,46,51,56'], next run at: 2026-09-17 17:44:16 +07)" (scheduled at 2026-09-17 17:44:11+07:00)
2026-09-17 17:44:11,012 INFO apscheduler.executors.default: Job "main.<locals>.run_scan (trigger: cron[second='1,6,11,16,21,26,31,36,41,46,51,56'], next run at: 2026-09-17 17:44:16 +07)" executed successfully
2026-09-17 17:44:13,663 INFO httpx: HTTP Request: POST https://api.telegram.org/bot8700368282:AAGR_rmMfYeVtzIKkOQMXQrTWzmbbEs9MFQ/getUpdates "HTTP/1.1 200 OK"
2026-09-17 17:44:15,003 INFO apscheduler.executors.default: Running job "main.<locals>.run_lts_aus_fast_scan (trigger: interval[0:00:05], next run at: 2026-09-17 17:44:19 +07)" (scheduled at 2026-09-17 17:44:14.999412+07:00)
2026-09-17 17:44:15,004 INFO apscheduler.executors.default: Job "main.<locals>.run_lts_aus_fast_scan (trigger: interval[0:00:05], next run at: 2026-09-17 17:44:19 +07)" executed successfully
2026-09-17 17:44:15,004 INFO apscheduler.executors.default: Running job "main.<locals>.run_position_check (trigger: interval[0:00:05], next run at: 2026-09-17 17:44:19 +07)" (scheduled at 2026-09-17 17:44:14.999412+07:00)
2026-09-17 17:44:15,009 INFO apscheduler.executors.default: Job "main.<locals>.run_position_check (trigger: interval[0:00:05], next run at: 2026-09-17 17:44:19 +07)" executed successfully
2026-09-17 17:44:15,010 INFO apscheduler.executors.default: Running job "main.<locals>.run_trail_sl (trigger: interval[0:00:05], next run at: 2026-09-17 17:44:19 +07)" (scheduled at 2026-09-17 17:44:14.999412+07:00)
2026-09-17 17:44:15,010 INFO apscheduler.executors.default: Job "main.<locals>.run_trail_sl (trigger: interval[0:00:05], next run at: 2026-09-17 17:44:19 +07)" executed successfully
2026-09-17 17:44:16,013 INFO apscheduler.executors.default: Running job "main.<locals>.run_scan (trigger: cron[second='1,6,11,16,21,26,31,36,41,46,51,56'], next run at: 2026-09-17 17:44:21 +07)" (scheduled at 2026-09-17 17:44:16+07:00)
2026-09-17 17:44:16,013 INFO apscheduler.executors.default: Job "main.<locals>.run_scan (trigger: cron[second='1,6,11,16,21,26,31,36,41,46,51,56'], next run at: 2026-09-17 17:44:21 +07)" executed successfully
2026-09-17 17:44:16,014 INFO apscheduler.executors.default: Running job "main.<locals>.write_heartbeat_job (trigger: interval[0:00:15], next run at: 2026-09-17 17:44:31 +07)" (scheduled at 2026-09-17 17:44:16.000927+07:00)
2026-09-17 17:44:16,017 INFO apscheduler.executors.default: Job "main.<locals>.write_heartbeat_job (trigger: interval[0:00:15], next run at: 2026-09-17 17:44:31 +07)" executed successfully
2026-09-17 17:44:20,012 INFO apscheduler.executors.default: Running job "main.<locals>.run_lts_aus_fast_scan (trigger: interval[0:00:05], next run at: 2026-09-17 17:44:24 +07)" (scheduled at 2026-09-17 17:44:19.999412+07:00)
2026-09-17 17:44:20,012 INFO apscheduler.executors.default: Job "main.<locals>.run_lts_aus_fast_scan (trigger: interval[0:00:05], next run at: 2026-09-17 17:44:24 +07)" executed successfully
2026-09-17 17:44:20,012 INFO apscheduler.executors.default: Running job "main.<locals>.run_position_check (trigger: interval[0:00:05], next run at: 2026-09-17 17:44:24 +07)" (scheduled at 2026-09-17 17:44:19.999412+07:00)
2026-09-17 17:44:20,021 INFO apscheduler.executors.default: Job "main.<locals>.run_position_check (trigger: interval[0:00:05], next run at: 2026-09-17 17:44:24 +07)" executed successfully
2026-09-17 17:44:20,021 INFO apscheduler.executors.default: Running job "main.<locals>.save_bot_state_job (trigger: interval[0:00:15], next run at: 2026-09-17 17:44:34 +07)" (scheduled at 2026-09-17 17:44:19.999412+07:00)
2026-09-17 17:44:20,024 INFO apscheduler.executors.default: Job "main.<locals>.save_bot_state_job (trigger: interval[0:00:15], next run at: 2026-09-17 17:44:34 +07)" executed successfully
2026-09-17 17:44:20,025 INFO apscheduler.executors.default: Running job "main.<locals>.run_trail_sl (trigger: interval[0:00:05], next run at: 2026-09-17 17:44:24 +07)" (scheduled at 2026-09-17 17:44:19.999412+07:00)
2026-09-17 17:44:20,025 INFO apscheduler.executors.default: Job "main.<locals>.run_trail_sl (trigger: interval[0:00:05], next run at: 2026-09-17 17:44:24 +07)" executed successfully
2026-09-17 17:44:21,000 INFO apscheduler.executors.default: Running job "main.<locals>.run_scan (trigger: cron[second='1,6,11,16,21,26,31,36,41,46,51,56'], next run at: 2026-09-17 17:44:26 +07)" (scheduled at 2026-09-17 17:44:21+07:00)
2026-09-17 17:44:21,000 INFO apscheduler.executors.default: Job "main.<locals>.run_scan (trigger: cron[second='1,6,11,16,21,26,31,36,41,46,51,56'], next run at: 2026-09-17 17:44:26 +07)" executed successfully
2026-09-17 17:44:23,956 INFO httpx: HTTP Request: POST https://api.telegram.org/bot8700368282:AAGR_rmMfYeVtzIKkOQMXQrTWzmbbEs9MFQ/getUpdates "HTTP/1.1 200 OK"
2026-09-17 17:44:25,002 INFO apscheduler.executors.default: Running job "main.<locals>.run_lts_aus_fast_scan (trigger: interval[0:00:05], next run at: 2026-09-17 17:44:29 +07)" (scheduled at 2026-09-17 17:44:24.999412+07:00)
2026-09-17 17:44:25,005 INFO apscheduler.executors.default: Job "main.<locals>.run_lts_aus_fast_scan (trigger: interval[0:00:05], next run at: 2026-09-17 17:44:29 +07)" executed successfully
2026-09-17 17:44:25,005 INFO apscheduler.executors.default: Running job "main.<locals>.run_position_check (trigger: interval[0:00:05], next run at: 2026-09-17 17:44:29 +07)" (scheduled at 2026-09-17 17:44:24.999412+07:00)
2026-09-17 17:44:25,014 INFO apscheduler.executors.default: Job "main.<locals>.run_position_check (trigger: interval[0:00:05], next run at: 2026-09-17 17:44:29 +07)" executed successfully
2026-09-17 17:44:25,015 INFO apscheduler.executors.default: Running job "main.<locals>.run_trail_sl (trigger: interval[0:00:05], next run at: 2026-09-17 17:44:29 +07)" (scheduled at 2026-09-17 17:44:24.999412+07:00)
2026-09-17 17:44:25,016 INFO apscheduler.executors.default: Job "main.<locals>.run_trail_sl (trigger: interval[0:00:05], next run at: 2026-09-17 17:44:29 +07)" executed successfully
2026-09-17 17:44:26,028 INFO apscheduler.executors.default: Running job "main.<locals>.run_scan (trigger: cron[second='1,6,11,16,21,26,31,36,41,46,51,56'], next run at: 2026-09-17 17:44:31 +07)" (scheduled at 2026-09-17 17:44:26+07:00)
2026-09-17 17:44:26,028 INFO apscheduler.executors.default: Job "main.<locals>.run_scan (trigger: cron[second='1,6,11,16,21,26,31,36,41,46,51,56'], next run at: 2026-09-17 17:44:31 +07)" executed successfully
2026-09-17 17:44:30,005 INFO apscheduler.executors.default: Running job "main.<locals>.run_lts_aus_fast_scan (trigger: interval[0:00:05], next run at: 2026-09-17 17:44:34 +07)" (scheduled at 2026-09-17 17:44:29.999412+07:00)
2026-09-17 17:44:30,006 INFO apscheduler.executors.default: Job "main.<locals>.run_lts_aus_fast_scan (trigger: interval[0:00:05], next run at: 2026-09-17 17:44:34 +07)" executed successfully
2026-09-17 17:44:30,006 INFO apscheduler.executors.default: Running job "main.<locals>.run_position_check (trigger: interval[0:00:05], next run at: 2026-09-17 17:44:34 +07)" (scheduled at 2026-09-17 17:44:29.999412+07:00)
2026-09-17 17:44:30,015 INFO apscheduler.executors.default: Job "main.<locals>.run_position_check (trigger: interval[0:00:05], next run at: 2026-09-17 17:44:34 +07)" executed successfully
2026-09-17 17:44:30,015 INFO apscheduler.executors.default: Running job "main.<locals>.run_trail_sl (trigger: interval[0:00:05], next run at: 2026-09-17 17:44:34 +07)" (scheduled at 2026-09-17 17:44:29.999412+07:00)
2026-09-17 17:44:30,016 INFO apscheduler.executors.default: Job "main.<locals>.run_trail_sl (trigger: interval[0:00:05], next run at: 2026-09-17 17:44:34 +07)" executed successfully
2026-09-17 17:44:31,018 INFO apscheduler.executors.default: Running job "main.<locals>.run_scan (trigger: cron[second='1,6,11,16,21,26,31,36,41,46,51,56'], next run at: 2026-09-17 17:44:36 +07)" (scheduled at 2026-09-17 17:44:31+07:00)
2026-09-17 17:44:31,018 INFO apscheduler.executors.default: Job "main.<locals>.run_scan (trigger: cron[second='1,6,11,16,21,26,31,36,41,46,51,56'], next run at: 2026-09-17 17:44:36 +07)" executed successfully
2026-09-17 17:44:31,018 INFO apscheduler.executors.default: Running job "main.<locals>.write_heartbeat_job (trigger: interval[0:00:15], next run at: 2026-09-17 17:44:46 +07)" (scheduled at 2026-09-17 17:44:31.000927+07:00)
2026-09-17 17:44:31,020 INFO apscheduler.executors.default: Job "main.<locals>.write_heartbeat_job (trigger: interval[0:00:15], next run at: 2026-09-17 17:44:46 +07)" executed successfully
2026-09-17 17:44:34,149 INFO httpx: HTTP Request: POST https://api.telegram.org/bot8700368282:AAGR_rmMfYeVtzIKkOQMXQrTWzmbbEs9MFQ/getUpdates "HTTP/1.1 200 OK"
2026-09-17 17:44:35,005 INFO apscheduler.executors.default: Running job "main.<locals>.run_lts_aus_fast_scan (trigger: interval[0:00:05], next run at: 2026-09-17 17:44:39 +07)" (scheduled at 2026-09-17 17:44:34.999412+07:00)
2026-09-17 17:44:35,006 INFO apscheduler.executors.default: Job "main.<locals>.run_lts_aus_fast_scan (trigger: interval[0:00:05], next run at: 2026-09-17 17:44:39 +07)" executed successfully
2026-09-17 17:44:35,006 INFO apscheduler.executors.default: Running job "main.<locals>.run_position_check (trigger: interval[0:00:05], next run at: 2026-09-17 17:44:39 +07)" (scheduled at 2026-09-17 17:44:34.999412+07:00)
2026-09-17 17:44:35,010 INFO apscheduler.executors.default: Job "main.<locals>.run_position_check (trigger: interval[0:00:05], next run at: 2026-09-17 17:44:39 +07)" executed successfully
2026-09-17 17:44:35,011 INFO apscheduler.executors.default: Running job "main.<locals>.save_bot_state_job (trigger: interval[0:00:15], next run at: 2026-09-17 17:44:49 +07)" (scheduled at 2026-09-17 17:44:34.999412+07:00)
2026-09-17 17:44:35,012 INFO apscheduler.executors.default: Job "main.<locals>.save_bot_state_job (trigger: interval[0:00:15], next run at: 2026-09-17 17:44:49 +07)" executed successfully
2026-09-17 17:44:35,013 INFO apscheduler.executors.default: Running job "main.<locals>.run_trail_sl (trigger: interval[0:00:05], next run at: 2026-09-17 17:44:39 +07)" (scheduled at 2026-09-17 17:44:34.999412+07:00)
2026-09-17 17:44:35,014 INFO apscheduler.executors.default: Job "main.<locals>.run_trail_sl (trigger: interval[0:00:05], next run at: 2026-09-17 17:44:39 +07)" executed successfully
2026-09-17 17:44:36,015 INFO apscheduler.executors.default: Running job "main.<locals>.run_scan (trigger: cron[second='1,6,11,16,21,26,31,36,41,46,51,56'], next run at: 2026-09-17 17:44:41 +07)" (scheduled at 2026-09-17 17:44:36+07:00)
2026-09-17 17:44:36,016 INFO apscheduler.executors.default: Job "main.<locals>.run_scan (trigger: cron[second='1,6,11,16,21,26,31,36,41,46,51,56'], next run at: 2026-09-17 17:44:41 +07)" executed successfully
2026-09-17 17:44:40,015 INFO apscheduler.executors.default: Running job "main.<locals>.run_lts_aus_fast_scan (trigger: interval[0:00:05], next run at: 2026-09-17 17:44:44 +07)" (scheduled at 2026-09-17 17:44:39.999412+07:00)
2026-09-17 17:44:40,017 INFO apscheduler.executors.default: Job "main.<locals>.run_lts_aus_fast_scan (trigger: interval[0:00:05], next run at: 2026-09-17 17:44:44 +07)" executed successfully
2026-09-17 17:44:40,017 INFO apscheduler.executors.default: Running job "main.<locals>.run_position_check (trigger: interval[0:00:05], next run at: 2026-09-17 17:44:44 +07)" (scheduled at 2026-09-17 17:44:39.999412+07:00)
2026-09-17 17:44:40,021 INFO apscheduler.executors.default: Job "main.<locals>.run_position_check (trigger: interval[0:00:05], next run at: 2026-09-17 17:44:44 +07)" executed successfully
2026-09-17 17:44:40,023 INFO apscheduler.executors.default: Running job "main.<locals>.run_trail_sl (trigger: interval[0:00:05], next run at: 2026-09-17 17:44:44 +07)" (scheduled at 2026-09-17 17:44:39.999412+07:00)
2026-09-17 17:44:40,023 INFO apscheduler.executors.default: Job "main.<locals>.run_trail_sl (trigger: interval[0:00:05], next run at: 2026-09-17 17:44:44 +07)" executed successfully
2026-09-17 17:44:41,014 INFO apscheduler.executors.default: Running job "main.<locals>.run_scan (trigger: cron[second='1,6,11,16,21,26,31,36,41,46,51,56'], next run at: 2026-09-17 17:44:46 +07)" (scheduled at 2026-09-17 17:44:41+07:00)
2026-09-17 17:44:41,014 INFO apscheduler.executors.default: Job "main.<locals>.run_scan (trigger: cron[second='1,6,11,16,21,26,31,36,41,46,51,56'], next run at: 2026-09-17 17:44:46 +07)" executed successfully
2026-09-17 17:44:44,347 INFO httpx: HTTP Request: POST https://api.telegram.org/bot8700368282:AAGR_rmMfYeVtzIKkOQMXQrTWzmbbEs9MFQ/getUpdates "HTTP/1.1 200 OK"
2026-09-17 17:44:45,002 INFO apscheduler.executors.default: Running job "main.<locals>.run_lts_aus_fast_scan (trigger: interval[0:00:05], next run at: 2026-09-17 17:44:49 +07)" (scheduled at 2026-09-17 17:44:44.999412+07:00)
2026-09-17 17:44:45,003 INFO apscheduler.executors.default: Job "main.<locals>.run_lts_aus_fast_scan (trigger: interval[0:00:05], next run at: 2026-09-17 17:44:49 +07)" executed successfully
2026-09-17 17:44:45,003 INFO apscheduler.executors.default: Running job "main.<locals>.run_position_check (trigger: interval[0:00:05], next run at: 2026-09-17 17:44:49 +07)" (scheduled at 2026-09-17 17:44:44.999412+07:00)
2026-09-17 17:44:45,006 INFO apscheduler.executors.default: Job "main.<locals>.run_position_check (trigger: interval[0:00:05], next run at: 2026-09-17 17:44:49 +07)" executed successfully
2026-09-17 17:44:45,008 INFO apscheduler.executors.default: Running job "main.<locals>.run_trail_sl (trigger: interval[0:00:05], next run at: 2026-09-17 17:44:49 +07)" (scheduled at 2026-09-17 17:44:44.999412+07:00)
2026-09-17 17:44:45,008 INFO apscheduler.executors.default: Job "main.<locals>.run_trail_sl (trigger: interval[0:00:05], next run at: 2026-09-17 17:44:49 +07)" executed successfully
2026-09-17 17:44:46,017 INFO apscheduler.executors.default: Running job "main.<locals>.run_scan (trigger: cron[second='1,6,11,16,21,26,31,36,41,46,51,56'], next run at: 2026-09-17 17:44:51 +07)" (scheduled at 2026-09-17 17:44:46+07:00)
2026-09-17 17:44:46,018 INFO apscheduler.executors.default: Job "main.<locals>.run_scan (trigger: cron[second='1,6,11,16,21,26,31,36,41,46,51,56'], next run at: 2026-09-17 17:44:51 +07)" executed successfully
2026-09-17 17:44:46,018 INFO apscheduler.executors.default: Running job "main.<locals>.write_heartbeat_job (trigger: interval[0:00:15], next run at: 2026-09-17 17:45:01 +07)" (scheduled at 2026-09-17 17:44:46.000927+07:00)
2026-09-17 17:44:46,020 INFO apscheduler.executors.default: Job "main.<locals>.write_heartbeat_job (trigger: interval[0:00:15], next run at: 2026-09-17 17:45:01 +07)" executed successfully
2026-09-17 17:44:50,004 INFO apscheduler.executors.default: Running job "main.<locals>.run_lts_aus_fast_scan (trigger: interval[0:00:05], next run at: 2026-09-17 17:44:54 +07)" (scheduled at 2026-09-17 17:44:49.999412+07:00)
2026-09-17 17:44:50,005 INFO apscheduler.executors.default: Job "main.<locals>.run_lts_aus_fast_scan (trigger: interval[0:00:05], next run at: 2026-09-17 17:44:54 +07)" executed successfully
2026-09-17 17:44:50,005 INFO apscheduler.executors.default: Running job "main.<locals>.run_position_check (trigger: interval[0:00:05], next run at: 2026-09-17 17:44:54 +07)" (scheduled at 2026-09-17 17:44:49.999412+07:00)
2026-09-17 17:44:50,010 INFO apscheduler.executors.default: Job "main.<locals>.run_position_check (trigger: interval[0:00:05], next run at: 2026-09-17 17:44:54 +07)" executed successfully
2026-09-17 17:44:50,010 INFO apscheduler.executors.default: Running job "main.<locals>.save_bot_state_job (trigger: interval[0:00:15], next run at: 2026-09-17 17:45:04 +07)" (scheduled at 2026-09-17 17:44:49.999412+07:00)
2026-09-17 17:44:50,011 INFO apscheduler.executors.default: Job "main.<locals>.save_bot_state_job (trigger: interval[0:00:15], next run at: 2026-09-17 17:45:04 +07)" executed successfully
2026-09-17 17:44:50,013 INFO apscheduler.executors.default: Running job "main.<locals>.run_trail_sl (trigger: interval[0:00:05], next run at: 2026-09-17 17:44:54 +07)" (scheduled at 2026-09-17 17:44:49.999412+07:00)
2026-09-17 17:44:50,013 INFO apscheduler.executors.default: Job "main.<locals>.run_trail_sl (trigger: interval[0:00:05], next run at: 2026-09-17 17:44:54 +07)" executed successfully
2026-09-17 17:44:51,019 INFO apscheduler.executors.default: Running job "main.<locals>.run_scan (trigger: cron[second='1,6,11,16,21,26,31,36,41,46,51,56'], next run at: 2026-09-17 17:44:56 +07)" (scheduled at 2026-09-17 17:44:51+07:00)
2026-09-17 17:44:51,020 INFO apscheduler.executors.default: Job "main.<locals>.run_scan (trigger: cron[second='1,6,11,16,21,26,31,36,41,46,51,56'], next run at: 2026-09-17 17:44:56 +07)" executed successfully
2026-09-17 17:44:54,541 INFO httpx: HTTP Request: POST https://api.telegram.org/bot8700368282:AAGR_rmMfYeVtzIKkOQMXQrTWzmbbEs9MFQ/getUpdates "HTTP/1.1 200 OK"
2026-09-17 17:44:55,011 INFO apscheduler.executors.default: Running job "main.<locals>.run_lts_aus_fast_scan (trigger: interval[0:00:05], next run at: 2026-09-17 17:44:59 +07)" (scheduled at 2026-09-17 17:44:54.999412+07:00)
2026-09-17 17:44:55,012 INFO apscheduler.executors.default: Job "main.<locals>.run_lts_aus_fast_scan (trigger: interval[0:00:05], next run at: 2026-09-17 17:44:59 +07)" executed successfully
2026-09-17 17:44:55,012 INFO apscheduler.executors.default: Running job "main.<locals>.run_position_check (trigger: interval[0:00:05], next run at: 2026-09-17 17:44:59 +07)" (scheduled at 2026-09-17 17:44:54.999412+07:00)
2026-09-17 17:44:55,016 INFO apscheduler.executors.default: Job "main.<locals>.run_position_check (trigger: interval[0:00:05], next run at: 2026-09-17 17:44:59 +07)" executed successfully
2026-09-17 17:44:55,017 INFO apscheduler.executors.default: Running job "main.<locals>.run_trail_sl (trigger: interval[0:00:05], next run at: 2026-09-17 17:44:59 +07)" (scheduled at 2026-09-17 17:44:54.999412+07:00)
2026-09-17 17:44:55,017 INFO apscheduler.executors.default: Job "main.<locals>.run_trail_sl (trigger: interval[0:00:05], next run at: 2026-09-17 17:44:59 +07)" executed successfully
2026-09-17 17:44:56,008 INFO apscheduler.executors.default: Running job "main.<locals>.run_scan (trigger: cron[second='1,6,11,16,21,26,31,36,41,46,51,56'], next run at: 2026-09-17 17:45:01 +07)" (scheduled at 2026-09-17 17:44:56+07:00)
2026-09-17 17:44:56,008 INFO apscheduler.executors.default: Job "main.<locals>.run_scan (trigger: cron[second='1,6,11,16,21,26,31,36,41,46,51,56'], next run at: 2026-09-17 17:45:01 +07)" executed successfully
2026-09-17 17:45:00,007 INFO apscheduler.executors.default: Running job "main.<locals>.run_lts_aus_fast_scan (trigger: interval[0:00:05], next run at: 2026-09-17 17:45:04 +07)" (scheduled at 2026-09-17 17:44:59.999412+07:00)
2026-09-17 17:45:00,008 INFO apscheduler.executors.default: Job "main.<locals>.run_lts_aus_fast_scan (trigger: interval[0:00:05], next run at: 2026-09-17 17:45:04 +07)" executed successfully
2026-09-17 17:45:00,008 INFO apscheduler.executors.default: Running job "main.<locals>.run_position_check (trigger: interval[0:00:05], next run at: 2026-09-17 17:45:04 +07)" (scheduled at 2026-09-17 17:44:59.999412+07:00)
2026-09-17 17:45:00,016 INFO apscheduler.executors.default: Job "main.<locals>.run_position_check (trigger: interval[0:00:05], next run at: 2026-09-17 17:45:04 +07)" executed successfully
2026-09-17 17:45:00,016 INFO apscheduler.executors.default: Running job "main.<locals>.run_trail_sl (trigger: interval[0:00:05], next run at: 2026-09-17 17:45:04 +07)" (scheduled at 2026-09-17 17:44:59.999412+07:00)
2026-09-17 17:45:00,017 INFO apscheduler.executors.default: Job "main.<locals>.run_trail_sl (trigger: interval[0:00:05], next run at: 2026-09-17 17:45:04 +07)" executed successfully
2026-09-17 17:45:01,020 INFO apscheduler.executors.default: Running job "main.<locals>.run_scan (trigger: cron[second='1,6,11,16,21,26,31,36,41,46,51,56'], next run at: 2026-09-17 17:45:06 +07)" (scheduled at 2026-09-17 17:45:01+07:00)
2026-09-17 17:45:01,021 INFO apscheduler.executors.default: Job "main.<locals>.run_scan (trigger: cron[second='1,6,11,16,21,26,31,36,41,46,51,56'], next run at: 2026-09-17 17:45:06 +07)" executed successfully
2026-09-17 17:45:01,022 INFO apscheduler.executors.default: Running job "main.<locals>.write_heartbeat_job (trigger: interval[0:00:15], next run at: 2026-09-17 17:45:16 +07)" (scheduled at 2026-09-17 17:45:01.000927+07:00)
2026-09-17 17:45:01,025 INFO apscheduler.executors.default: Job "main.<locals>.write_heartbeat_job (trigger: interval[0:00:15], next run at: 2026-09-17 17:45:16 +07)" executed successfully
2026-09-17 17:45:04,734 INFO httpx: HTTP Request: POST https://api.telegram.org/bot8700368282:AAGR_rmMfYeVtzIKkOQMXQrTWzmbbEs9MFQ/getUpdates "HTTP/1.1 200 OK"
2026-09-17 17:45:05,013 INFO apscheduler.executors.default: Running job "main.<locals>.check_symbol_switch (trigger: interval[0:01:00], next run at: 2026-09-17 17:46:04 +07)" (scheduled at 2026-09-17 17:45:04.997660+07:00)
2026-09-17 17:45:05,020 INFO apscheduler.executors.default: Job "main.<locals>.check_symbol_switch (trigger: interval[0:01:00], next run at: 2026-09-17 17:46:04 +07)" executed successfully
2026-09-17 17:45:05,021 INFO apscheduler.executors.default: Running job "main.<locals>.run_lts_aus_fast_scan (trigger: interval[0:00:05], next run at: 2026-09-17 17:45:09 +07)" (scheduled at 2026-09-17 17:45:04.999412+07:00)
2026-09-17 17:45:05,021 INFO apscheduler.executors.default: Job "main.<locals>.run_lts_aus_fast_scan (trigger: interval[0:00:05], next run at: 2026-09-17 17:45:09 +07)" executed successfully
2026-09-17 17:45:05,022 INFO apscheduler.executors.default: Running job "main.<locals>.run_position_check (trigger: interval[0:00:05], next run at: 2026-09-17 17:45:09 +07)" (scheduled at 2026-09-17 17:45:04.999412+07:00)
2026-09-17 17:45:05,028 INFO apscheduler.executors.default: Job "main.<locals>.run_position_check (trigger: interval[0:00:05], next run at: 2026-09-17 17:45:09 +07)" executed successfully
2026-09-17 17:45:05,028 INFO apscheduler.executors.default: Running job "main.<locals>.save_bot_state_job (trigger: interval[0:00:15], next run at: 2026-09-17 17:45:19 +07)" (scheduled at 2026-09-17 17:45:04.999412+07:00)
2026-09-17 17:45:05,030 INFO apscheduler.executors.default: Job "main.<locals>.save_bot_state_job (trigger: interval[0:00:15], next run at: 2026-09-17 17:45:19 +07)" executed successfully
2026-09-17 17:45:05,032 INFO apscheduler.executors.default: Running job "main.<locals>.run_trail_sl (trigger: interval[0:00:05], next run at: 2026-09-17 17:45:09 +07)" (scheduled at 2026-09-17 17:45:04.999412+07:00)
2026-09-17 17:45:05,033 INFO apscheduler.executors.default: Job "main.<locals>.run_trail_sl (trigger: interval[0:00:05], next run at: 2026-09-17 17:45:09 +07)" executed successfully
2026-09-17 17:45:05,033 INFO apscheduler.executors.default: Running job "main.<locals>.run_watchdog (trigger: interval[0:01:00], next run at: 2026-09-17 17:46:05 +07)" (scheduled at 2026-09-17 17:45:05.000927+07:00)
2026-09-17 17:45:05,037 INFO apscheduler.executors.default: Job "main.<locals>.run_watchdog (trigger: interval[0:01:00], next run at: 2026-09-17 17:46:05 +07)" executed successfully
2026-09-17 17:45:06,014 INFO apscheduler.executors.default: Running job "main.<locals>.run_scan (trigger: cron[second='1,6,11,16,21,26,31,36,41,46,51,56'], next run at: 2026-09-17 17:45:11 +07)" (scheduled at 2026-09-17 17:45:06+07:00)
2026-09-17 17:45:06,015 INFO apscheduler.executors.default: Job "main.<locals>.run_scan (trigger: cron[second='1,6,11,16,21,26,31,36,41,46,51,56'], next run at: 2026-09-17 17:45:11 +07)" executed successfully
2026-09-17 17:45:10,002 INFO apscheduler.executors.default: Running job "main.<locals>.run_lts_aus_fast_scan (trigger: interval[0:00:05], next run at: 2026-09-17 17:45:14 +07)" (scheduled at 2026-09-17 17:45:09.999412+07:00)
2026-09-17 17:45:10,004 INFO apscheduler.executors.default: Job "main.<locals>.run_lts_aus_fast_scan (trigger: interval[0:00:05], next run at: 2026-09-17 17:45:14 +07)" executed successfully
2026-09-17 17:45:10,004 INFO apscheduler.executors.default: Running job "main.<locals>.run_position_check (trigger: interval[0:00:05], next run at: 2026-09-17 17:45:14 +07)" (scheduled at 2026-09-17 17:45:09.999412+07:00)
2026-09-17 17:45:10,010 INFO apscheduler.executors.default: Job "main.<locals>.run_position_check (trigger: interval[0:00:05], next run at: 2026-09-17 17:45:14 +07)" executed successfully
2026-09-17 17:45:10,010 INFO apscheduler.executors.default: Running job "main.<locals>.run_trail_sl (trigger: interval[0:00:05], next run at: 2026-09-17 17:45:14 +07)" (scheduled at 2026-09-17 17:45:09.999412+07:00)
2026-09-17 17:45:10,010 INFO apscheduler.executors.default: Job "main.<locals>.run_trail_sl (trigger: interval[0:00:05], next run at: 2026-09-17 17:45:14 +07)" executed successfully
2026-09-17 17:45:11,010 INFO apscheduler.executors.default: Running job "main.<locals>.run_scan (trigger: cron[second='1,6,11,16,21,26,31,36,41,46,51,56'], next run at: 2026-09-17 17:45:16 +07)" (scheduled at 2026-09-17 17:45:11+07:00)
2026-09-17 17:45:11,010 INFO apscheduler.executors.default: Job "main.<locals>.run_scan (trigger: cron[second='1,6,11,16,21,26,31,36,41,46,51,56'], next run at: 2026-09-17 17:45:16 +07)" executed successfully
2026-09-17 17:45:14,930 INFO httpx: HTTP Request: POST https://api.telegram.org/bot8700368282:AAGR_rmMfYeVtzIKkOQMXQrTWzmbbEs9MFQ/getUpdates "HTTP/1.1 200 OK"
2026-09-17 17:45:15,013 INFO apscheduler.executors.default: Running job "main.<locals>.run_lts_aus_fast_scan (trigger: interval[0:00:05], next run at: 2026-09-17 17:45:19 +07)" (scheduled at 2026-09-17 17:45:14.999412+07:00)
2026-09-17 17:45:15,014 INFO apscheduler.executors.default: Job "main.<locals>.run_lts_aus_fast_scan (trigger: interval[0:00:05], next run at: 2026-09-17 17:45:19 +07)" executed successfully
2026-09-17 17:45:15,015 INFO apscheduler.executors.default: Running job "main.<locals>.run_position_check (trigger: interval[0:00:05], next run at: 2026-09-17 17:45:19 +07)" (scheduled at 2026-09-17 17:45:14.999412+07:00)
2026-09-17 17:45:15,020 INFO apscheduler.executors.default: Job "main.<locals>.run_position_check (trigger: interval[0:00:05], next run at: 2026-09-17 17:45:19 +07)" executed successfully
2026-09-17 17:45:15,020 INFO apscheduler.executors.default: Running job "main.<locals>.run_trail_sl (trigger: interval[0:00:05], next run at: 2026-09-17 17:45:19 +07)" (scheduled at 2026-09-17 17:45:14.999412+07:00)
2026-09-17 17:45:15,020 INFO apscheduler.executors.default: Job "main.<locals>.run_trail_sl (trigger: interval[0:00:05], next run at: 2026-09-17 17:45:19 +07)" executed successfully
2026-09-17 17:45:16,008 INFO apscheduler.executors.default: Running job "main.<locals>.run_scan (trigger: cron[second='1,6,11,16,21,26,31,36,41,46,51,56'], next run at: 2026-09-17 17:45:21 +07)" (scheduled at 2026-09-17 17:45:16+07:00)
2026-09-17 17:45:16,009 INFO apscheduler.executors.default: Job "main.<locals>.run_scan (trigger: cron[second='1,6,11,16,21,26,31,36,41,46,51,56'], next run at: 2026-09-17 17:45:21 +07)" executed successfully
2026-09-17 17:45:16,009 INFO apscheduler.executors.default: Running job "main.<locals>.write_heartbeat_job (trigger: interval[0:00:15], next run at: 2026-09-17 17:45:31 +07)" (scheduled at 2026-09-17 17:45:16.000927+07:00)
2026-09-17 17:45:16,012 INFO apscheduler.executors.default: Job "main.<locals>.write_heartbeat_job (trigger: interval[0:00:15], next run at: 2026-09-17 17:45:31 +07)" executed successfully
2026-09-17 17:45:20,009 INFO apscheduler.executors.default: Running job "main.<locals>.run_lts_aus_fast_scan (trigger: interval[0:00:05], next run at: 2026-09-17 17:45:24 +07)" (scheduled at 2026-09-17 17:45:19.999412+07:00)
2026-09-17 17:45:20,010 INFO apscheduler.executors.default: Job "main.<locals>.run_lts_aus_fast_scan (trigger: interval[0:00:05], next run at: 2026-09-17 17:45:24 +07)" executed successfully
2026-09-17 17:45:20,010 INFO apscheduler.executors.default: Running job "main.<locals>.run_position_check (trigger: interval[0:00:05], next run at: 2026-09-17 17:45:24 +07)" (scheduled at 2026-09-17 17:45:19.999412+07:00)
2026-09-17 17:45:20,017 INFO apscheduler.executors.default: Job "main.<locals>.run_position_check (trigger: interval[0:00:05], next run at: 2026-09-17 17:45:24 +07)" executed successfully
2026-09-17 17:45:20,017 INFO apscheduler.executors.default: Running job "main.<locals>.save_bot_state_job (trigger: interval[0:00:15], next run at: 2026-09-17 17:45:34 +07)" (scheduled at 2026-09-17 17:45:19.999412+07:00)
2026-09-17 17:45:20,022 INFO apscheduler.executors.default: Job "main.<locals>.save_bot_state_job (trigger: interval[0:00:15], next run at: 2026-09-17 17:45:34 +07)" executed successfully
2026-09-17 17:45:20,022 INFO apscheduler.executors.default: Running job "main.<locals>.run_trail_sl (trigger: interval[0:00:05], next run at: 2026-09-17 17:45:24 +07)" (scheduled at 2026-09-17 17:45:19.999412+07:00)
2026-09-17 17:45:20,024 INFO apscheduler.executors.default: Job "main.<locals>.run_trail_sl (trigger: interval[0:00:05], next run at: 2026-09-17 17:45:24 +07)" executed successfully
2026-09-17 17:45:21,006 INFO apscheduler.executors.default: Running job "main.<locals>.run_scan (trigger: cron[second='1,6,11,16,21,26,31,36,41,46,51,56'], next run at: 2026-09-17 17:45:26 +07)" (scheduled at 2026-09-17 17:45:21+07:00)
2026-09-17 17:45:21,007 INFO apscheduler.executors.default: Job "main.<locals>.run_scan (trigger: cron[second='1,6,11,16,21,26,31,36,41,46,51,56'], next run at: 2026-09-17 17:45:26 +07)" executed successfully
2026-09-17 17:45:25,004 INFO apscheduler.executors.default: Running job "main.<locals>.run_lts_aus_fast_scan (trigger: interval[0:00:05], next run at: 2026-09-17 17:45:29 +07)" (scheduled at 2026-09-17 17:45:24.999412+07:00)
2026-09-17 17:45:25,005 INFO apscheduler.executors.default: Job "main.<locals>.run_lts_aus_fast_scan (trigger: interval[0:00:05], next run at: 2026-09-17 17:45:29 +07)" executed successfully
2026-09-17 17:45:25,005 INFO apscheduler.executors.default: Running job "main.<locals>.run_position_check (trigger: interval[0:00:05], next run at: 2026-09-17 17:45:29 +07)" (scheduled at 2026-09-17 17:45:24.999412+07:00)
2026-09-17 17:45:25,010 INFO apscheduler.executors.default: Job "main.<locals>.run_position_check (trigger: interval[0:00:05], next run at: 2026-09-17 17:45:29 +07)" executed successfully
2026-09-17 17:45:25,010 INFO apscheduler.executors.default: Running job "main.<locals>.run_trail_sl (trigger: interval[0:00:05], next run at: 2026-09-17 17:45:29 +07)" (scheduled at 2026-09-17 17:45:24.999412+07:00)
2026-09-17 17:45:25,011 INFO apscheduler.executors.default: Job "main.<locals>.run_trail_sl (trigger: interval[0:00:05], next run at: 2026-09-17 17:45:29 +07)" executed successfully
2026-09-17 17:45:25,126 INFO httpx: HTTP Request: POST https://api.telegram.org/bot8700368282:AAGR_rmMfYeVtzIKkOQMXQrTWzmbbEs9MFQ/getUpdates "HTTP/1.1 200 OK"
2026-09-17 17:45:26,001 INFO apscheduler.executors.default: Running job "main.<locals>.run_scan (trigger: cron[second='1,6,11,16,21,26,31,36,41,46,51,56'], next run at: 2026-09-17 17:45:31 +07)" (scheduled at 2026-09-17 17:45:26+07:00)
2026-09-17 17:45:26,002 INFO apscheduler.executors.default: Job "main.<locals>.run_scan (trigger: cron[second='1,6,11,16,21,26,31,36,41,46,51,56'], next run at: 2026-09-17 17:45:31 +07)" executed successfully
2026-09-17 17:45:30,000 INFO apscheduler.executors.default: Running job "main.<locals>.run_lts_aus_fast_scan (trigger: interval[0:00:05], next run at: 2026-09-17 17:45:34 +07)" (scheduled at 2026-09-17 17:45:29.999412+07:00)
2026-09-17 17:45:30,001 INFO apscheduler.executors.default: Job "main.<locals>.run_lts_aus_fast_scan (trigger: interval[0:00:05], next run at: 2026-09-17 17:45:34 +07)" executed successfully
2026-09-17 17:45:30,001 INFO apscheduler.executors.default: Running job "main.<locals>.run_position_check (trigger: interval[0:00:05], next run at: 2026-09-17 17:45:34 +07)" (scheduled at 2026-09-17 17:45:29.999412+07:00)
2026-09-17 17:45:30,006 INFO apscheduler.executors.default: Job "main.<locals>.run_position_check (trigger: interval[0:00:05], next run at: 2026-09-17 17:45:34 +07)" executed successfully
2026-09-17 17:45:30,007 INFO apscheduler.executors.default: Running job "main.<locals>.run_trail_sl (trigger: interval[0:00:05], next run at: 2026-09-17 17:45:34 +07)" (scheduled at 2026-09-17 17:45:29.999412+07:00)
2026-09-17 17:45:30,007 INFO apscheduler.executors.default: Job "main.<locals>.run_trail_sl (trigger: interval[0:00:05], next run at: 2026-09-17 17:45:34 +07)" executed successfully
2026-09-17 17:45:31,011 INFO apscheduler.executors.default: Running job "main.<locals>.run_scan (trigger: cron[second='1,6,11,16,21,26,31,36,41,46,51,56'], next run at: 2026-09-17 17:45:36 +07)" (scheduled at 2026-09-17 17:45:31+07:00)
2026-09-17 17:45:31,012 INFO apscheduler.executors.default: Job "main.<locals>.run_scan (trigger: cron[second='1,6,11,16,21,26,31,36,41,46,51,56'], next run at: 2026-09-17 17:45:36 +07)" executed successfully
2026-09-17 17:45:31,012 INFO apscheduler.executors.default: Running job "main.<locals>.write_heartbeat_job (trigger: interval[0:00:15], next run at: 2026-09-17 17:45:46 +07)" (scheduled at 2026-09-17 17:45:31.000927+07:00)
2026-09-17 17:45:31,015 INFO apscheduler.executors.default: Job "main.<locals>.write_heartbeat_job (trigger: interval[0:00:15], next run at: 2026-09-17 17:45:46 +07)" executed successfully
2026-09-17 17:45:35,014 INFO apscheduler.executors.default: Running job "main.<locals>.run_lts_aus_fast_scan (trigger: interval[0:00:05], next run at: 2026-09-17 17:45:39 +07)" (scheduled at 2026-09-17 17:45:34.999412+07:00)
2026-09-17 17:45:35,014 INFO apscheduler.executors.default: Job "main.<locals>.run_lts_aus_fast_scan (trigger: interval[0:00:05], next run at: 2026-09-17 17:45:39 +07)" executed successfully
2026-09-17 17:45:35,014 INFO apscheduler.executors.default: Running job "main.<locals>.run_position_check (trigger: interval[0:00:05], next run at: 2026-09-17 17:45:39 +07)" (scheduled at 2026-09-17 17:45:34.999412+07:00)
2026-09-17 17:45:35,018 INFO apscheduler.executors.default: Job "main.<locals>.run_position_check (trigger: interval[0:00:05], next run at: 2026-09-17 17:45:39 +07)" executed successfully
2026-09-17 17:45:35,019 INFO apscheduler.executors.default: Running job "main.<locals>.save_bot_state_job (trigger: interval[0:00:15], next run at: 2026-09-17 17:45:49 +07)" (scheduled at 2026-09-17 17:45:34.999412+07:00)
2026-09-17 17:45:35,020 INFO apscheduler.executors.default: Job "main.<locals>.save_bot_state_job (trigger: interval[0:00:15], next run at: 2026-09-17 17:45:49 +07)" executed successfully
2026-09-17 17:45:35,021 INFO apscheduler.executors.default: Running job "main.<locals>.run_trail_sl (trigger: interval[0:00:05], next run at: 2026-09-17 17:45:39 +07)" (scheduled at 2026-09-17 17:45:34.999412+07:00)
2026-09-17 17:45:35,021 INFO apscheduler.executors.default: Job "main.<locals>.run_trail_sl (trigger: interval[0:00:05], next run at: 2026-09-17 17:45:39 +07)" executed successfully
2026-09-17 17:45:35,318 INFO httpx: HTTP Request: POST https://api.telegram.org/bot8700368282:AAGR_rmMfYeVtzIKkOQMXQrTWzmbbEs9MFQ/getUpdates "HTTP/1.1 200 OK"
2026-09-17 17:45:36,010 INFO apscheduler.executors.default: Running job "main.<locals>.run_scan (trigger: cron[second='1,6,11,16,21,26,31,36,41,46,51,56'], next run at: 2026-09-17 17:45:41 +07)" (scheduled at 2026-09-17 17:45:36+07:00)
2026-09-17 17:45:36,011 INFO apscheduler.executors.default: Job "main.<locals>.run_scan (trigger: cron[second='1,6,11,16,21,26,31,36,41,46,51,56'], next run at: 2026-09-17 17:45:41 +07)" executed successfully
2026-09-17 17:45:40,012 INFO apscheduler.executors.default: Running job "main.<locals>.run_lts_aus_fast_scan (trigger: interval[0:00:05], next run at: 2026-09-17 17:45:44 +07)" (scheduled at 2026-09-17 17:45:39.999412+07:00)
2026-09-17 17:45:40,013 INFO apscheduler.executors.default: Job "main.<locals>.run_lts_aus_fast_scan (trigger: interval[0:00:05], next run at: 2026-09-17 17:45:44 +07)" executed successfully
2026-09-17 17:45:40,014 INFO apscheduler.executors.default: Running job "main.<locals>.run_position_check (trigger: interval[0:00:05], next run at: 2026-09-17 17:45:44 +07)" (scheduled at 2026-09-17 17:45:39.999412+07:00)
2026-09-17 17:45:40,018 INFO apscheduler.executors.default: Job "main.<locals>.run_position_check (trigger: interval[0:00:05], next run at: 2026-09-17 17:45:44 +07)" executed successfully
2026-09-17 17:45:40,018 INFO apscheduler.executors.default: Running job "main.<locals>.run_trail_sl (trigger: interval[0:00:05], next run at: 2026-09-17 17:45:44 +07)" (scheduled at 2026-09-17 17:45:39.999412+07:00)
2026-09-17 17:45:40,019 INFO apscheduler.executors.default: Job "main.<locals>.run_trail_sl (trigger: interval[0:00:05], next run at: 2026-09-17 17:45:44 +07)" executed successfully
2026-09-17 17:45:41,010 INFO apscheduler.executors.default: Running job "main.<locals>.run_scan (trigger: cron[second='1,6,11,16,21,26,31,36,41,46,51,56'], next run at: 2026-09-17 17:45:46 +07)" (scheduled at 2026-09-17 17:45:41+07:00)
2026-09-17 17:45:41,010 INFO apscheduler.executors.default: Job "main.<locals>.run_scan (trigger: cron[second='1,6,11,16,21,26,31,36,41,46,51,56'], next run at: 2026-09-17 17:45:46 +07)" executed successfully
2026-09-17 17:45:45,004 INFO apscheduler.executors.default: Running job "main.<locals>.run_lts_aus_fast_scan (trigger: interval[0:00:05], next run at: 2026-09-17 17:45:49 +07)" (scheduled at 2026-09-17 17:45:44.999412+07:00)
2026-09-17 17:45:45,005 INFO apscheduler.executors.default: Job "main.<locals>.run_lts_aus_fast_scan (trigger: interval[0:00:05], next run at: 2026-09-17 17:45:49 +07)" executed successfully
2026-09-17 17:45:45,005 INFO apscheduler.executors.default: Running job "main.<locals>.run_position_check (trigger: interval[0:00:05], next run at: 2026-09-17 17:45:49 +07)" (scheduled at 2026-09-17 17:45:44.999412+07:00)
2026-09-17 17:45:45,010 INFO apscheduler.executors.default: Job "main.<locals>.run_position_check (trigger: interval[0:00:05], next run at: 2026-09-17 17:45:49 +07)" executed successfully
2026-09-17 17:45:45,010 INFO apscheduler.executors.default: Running job "main.<locals>.run_trail_sl (trigger: interval[0:00:05], next run at: 2026-09-17 17:45:49 +07)" (scheduled at 2026-09-17 17:45:44.999412+07:00)
2026-09-17 17:45:45,010 INFO apscheduler.executors.default: Job "main.<locals>.run_trail_sl (trigger: interval[0:00:05], next run at: 2026-09-17 17:45:49 +07)" executed successfully
2026-09-17 17:45:45,516 INFO httpx: HTTP Request: POST https://api.telegram.org/bot8700368282:AAGR_rmMfYeVtzIKkOQMXQrTWzmbbEs9MFQ/getUpdates "HTTP/1.1 200 OK"
2026-09-17 17:45:46,018 INFO apscheduler.executors.default: Running job "main.<locals>.run_scan (trigger: cron[second='1,6,11,16,21,26,31,36,41,46,51,56'], next run at: 2026-09-17 17:45:51 +07)" (scheduled at 2026-09-17 17:45:46+07:00)
2026-09-17 17:45:46,018 INFO apscheduler.executors.default: Job "main.<locals>.run_scan (trigger: cron[second='1,6,11,16,21,26,31,36,41,46,51,56'], next run at: 2026-09-17 17:45:51 +07)" executed successfully
2026-09-17 17:45:46,018 INFO apscheduler.executors.default: Running job "main.<locals>.write_heartbeat_job (trigger: interval[0:00:15], next run at: 2026-09-17 17:46:01 +07)" (scheduled at 2026-09-17 17:45:46.000927+07:00)
2026-09-17 17:45:46,021 INFO apscheduler.executors.default: Job "main.<locals>.write_heartbeat_job (trigger: interval[0:00:15], next run at: 2026-09-17 17:46:01 +07)" executed successfully
2026-09-17 17:45:50,017 INFO apscheduler.executors.default: Running job "main.<locals>.run_lts_aus_fast_scan (trigger: interval[0:00:05], next run at: 2026-09-17 17:45:54 +07)" (scheduled at 2026-09-17 17:45:49.999412+07:00)
2026-09-17 17:45:50,017 INFO apscheduler.executors.default: Job "main.<locals>.run_lts_aus_fast_scan (trigger: interval[0:00:05], next run at: 2026-09-17 17:45:54 +07)" executed successfully
2026-09-17 17:45:50,017 INFO apscheduler.executors.default: Running job "main.<locals>.run_position_check (trigger: interval[0:00:05], next run at: 2026-09-17 17:45:54 +07)" (scheduled at 2026-09-17 17:45:49.999412+07:00)
2026-09-17 17:45:50,023 INFO apscheduler.executors.default: Job "main.<locals>.run_position_check (trigger: interval[0:00:05], next run at: 2026-09-17 17:45:54 +07)" executed successfully
2026-09-17 17:45:50,023 INFO apscheduler.executors.default: Running job "main.<locals>.save_bot_state_job (trigger: interval[0:00:15], next run at: 2026-09-17 17:46:04 +07)" (scheduled at 2026-09-17 17:45:49.999412+07:00)
2026-09-17 17:45:50,025 INFO apscheduler.executors.default: Job "main.<locals>.save_bot_state_job (trigger: interval[0:00:15], next run at: 2026-09-17 17:46:04 +07)" executed successfully
2026-09-17 17:45:50,025 INFO apscheduler.executors.default: Running job "main.<locals>.run_trail_sl (trigger: interval[0:00:05], next run at: 2026-09-17 17:45:54 +07)" (scheduled at 2026-09-17 17:45:49.999412+07:00)
2026-09-17 17:45:50,026 INFO apscheduler.executors.default: Job "main.<locals>.run_trail_sl (trigger: interval[0:00:05], next run at: 2026-09-17 17:45:54 +07)" executed successfully
2026-09-17 17:45:51,015 INFO apscheduler.executors.default: Running job "main.<locals>.run_scan (trigger: cron[second='1,6,11,16,21,26,31,36,41,46,51,56'], next run at: 2026-09-17 17:45:56 +07)" (scheduled at 2026-09-17 17:45:51+07:00)
2026-09-17 17:45:51,015 INFO apscheduler.executors.default: Job "main.<locals>.run_scan (trigger: cron[second='1,6,11,16,21,26,31,36,41,46,51,56'], next run at: 2026-09-17 17:45:56 +07)" executed successfully
2026-09-17 17:45:55,012 INFO apscheduler.executors.default: Running job "main.<locals>.run_lts_aus_fast_scan (trigger: interval[0:00:05], next run at: 2026-09-17 17:45:59 +07)" (scheduled at 2026-09-17 17:45:54.999412+07:00)
2026-09-17 17:45:55,013 INFO apscheduler.executors.default: Job "main.<locals>.run_lts_aus_fast_scan (trigger: interval[0:00:05], next run at: 2026-09-17 17:45:59 +07)" executed successfully
2026-09-17 17:45:55,014 INFO apscheduler.executors.default: Running job "main.<locals>.run_position_check (trigger: interval[0:00:05], next run at: 2026-09-17 17:45:59 +07)" (scheduled at 2026-09-17 17:45:54.999412+07:00)
2026-09-17 17:45:55,018 INFO apscheduler.executors.default: Job "main.<locals>.run_position_check (trigger: interval[0:00:05], next run at: 2026-09-17 17:45:59 +07)" executed successfully
2026-09-17 17:45:55,018 INFO apscheduler.executors.default: Running job "main.<locals>.run_trail_sl (trigger: interval[0:00:05], next run at: 2026-09-17 17:45:59 +07)" (scheduled at 2026-09-17 17:45:54.999412+07:00)
2026-09-17 17:45:55,019 INFO apscheduler.executors.default: Job "main.<locals>.run_trail_sl (trigger: interval[0:00:05], next run at: 2026-09-17 17:45:59 +07)" executed successfully
2026-09-17 17:45:55,709 INFO httpx: HTTP Request: POST https://api.telegram.org/bot8700368282:AAGR_rmMfYeVtzIKkOQMXQrTWzmbbEs9MFQ/getUpdates "HTTP/1.1 200 OK"
2026-09-17 17:45:56,009 INFO apscheduler.executors.default: Running job "main.<locals>.run_scan (trigger: cron[second='1,6,11,16,21,26,31,36,41,46,51,56'], next run at: 2026-09-17 17:46:01 +07)" (scheduled at 2026-09-17 17:45:56+07:00)
2026-09-17 17:45:56,009 INFO apscheduler.executors.default: Job "main.<locals>.run_scan (trigger: cron[second='1,6,11,16,21,26,31,36,41,46,51,56'], next run at: 2026-09-17 17:46:01 +07)" executed successfully
2026-09-17 17:46:00,015 INFO apscheduler.executors.default: Running job "main.<locals>.run_lts_aus_fast_scan (trigger: interval[0:00:05], next run at: 2026-09-17 17:46:04 +07)" (scheduled at 2026-09-17 17:45:59.999412+07:00)
2026-09-17 17:46:00,015 INFO apscheduler.executors.default: Job "main.<locals>.run_lts_aus_fast_scan (trigger: interval[0:00:05], next run at: 2026-09-17 17:46:04 +07)" executed successfully
2026-09-17 17:46:00,016 INFO apscheduler.executors.default: Running job "main.<locals>.run_position_check (trigger: interval[0:00:05], next run at: 2026-09-17 17:46:04 +07)" (scheduled at 2026-09-17 17:45:59.999412+07:00)
2026-09-17 17:46:00,022 INFO apscheduler.executors.default: Job "main.<locals>.run_position_check (trigger: interval[0:00:05], next run at: 2026-09-17 17:46:04 +07)" executed successfully
2026-09-17 17:46:00,022 INFO apscheduler.executors.default: Running job "main.<locals>.run_trail_sl (trigger: interval[0:00:05], next run at: 2026-09-17 17:46:04 +07)" (scheduled at 2026-09-17 17:45:59.999412+07:00)
2026-09-17 17:46:00,022 INFO apscheduler.executors.default: Job "main.<locals>.run_trail_sl (trigger: interval[0:00:05], next run at: 2026-09-17 17:46:04 +07)" executed successfully
2026-09-17 17:46:01,014 INFO apscheduler.executors.default: Running job "main.<locals>.run_scan (trigger: cron[second='1,6,11,16,21,26,31,36,41,46,51,56'], next run at: 2026-09-17 17:46:06 +07)" (scheduled at 2026-09-17 17:46:01+07:00)
2026-09-17 17:46:01,014 INFO apscheduler.executors.default: Job "main.<locals>.run_scan (trigger: cron[second='1,6,11,16,21,26,31,36,41,46,51,56'], next run at: 2026-09-17 17:46:06 +07)" executed successfully
2026-09-17 17:46:01,014 INFO apscheduler.executors.default: Running job "main.<locals>.write_heartbeat_job (trigger: interval[0:00:15], next run at: 2026-09-17 17:46:16 +07)" (scheduled at 2026-09-17 17:46:01.000927+07:00)
2026-09-17 17:46:01,018 INFO apscheduler.executors.default: Job "main.<locals>.write_heartbeat_job (trigger: interval[0:00:15], next run at: 2026-09-17 17:46:16 +07)" executed successfully
2026-09-17 17:46:05,008 INFO apscheduler.executors.default: Running job "main.<locals>.check_symbol_switch (trigger: interval[0:01:00], next run at: 2026-09-17 17:47:04 +07)" (scheduled at 2026-09-17 17:46:04.997660+07:00)
2026-09-17 17:46:05,013 INFO apscheduler.executors.default: Job "main.<locals>.check_symbol_switch (trigger: interval[0:01:00], next run at: 2026-09-17 17:47:04 +07)" executed successfully
2026-09-17 17:46:05,013 INFO apscheduler.executors.default: Running job "main.<locals>.run_lts_aus_fast_scan (trigger: interval[0:00:05], next run at: 2026-09-17 17:46:09 +07)" (scheduled at 2026-09-17 17:46:04.999412+07:00)
2026-09-17 17:46:05,013 INFO apscheduler.executors.default: Job "main.<locals>.run_lts_aus_fast_scan (trigger: interval[0:00:05], next run at: 2026-09-17 17:46:09 +07)" executed successfully
2026-09-17 17:46:05,013 INFO apscheduler.executors.default: Running job "main.<locals>.run_position_check (trigger: interval[0:00:05], next run at: 2026-09-17 17:46:09 +07)" (scheduled at 2026-09-17 17:46:04.999412+07:00)
2026-09-17 17:46:05,018 INFO apscheduler.executors.default: Job "main.<locals>.run_position_check (trigger: interval[0:00:05], next run at: 2026-09-17 17:46:09 +07)" executed successfully
2026-09-17 17:46:05,018 INFO apscheduler.executors.default: Running job "main.<locals>.save_bot_state_job (trigger: interval[0:00:15], next run at: 2026-09-17 17:46:19 +07)" (scheduled at 2026-09-17 17:46:04.999412+07:00)
2026-09-17 17:46:05,019 INFO apscheduler.executors.default: Job "main.<locals>.save_bot_state_job (trigger: interval[0:00:15], next run at: 2026-09-17 17:46:19 +07)" executed successfully
2026-09-17 17:46:05,019 INFO apscheduler.executors.default: Running job "main.<locals>.run_trail_sl (trigger: interval[0:00:05], next run at: 2026-09-17 17:46:09 +07)" (scheduled at 2026-09-17 17:46:04.999412+07:00)
2026-09-17 17:46:05,019 INFO apscheduler.executors.default: Job "main.<locals>.run_trail_sl (trigger: interval[0:00:05], next run at: 2026-09-17 17:46:09 +07)" executed successfully
2026-09-17 17:46:05,021 INFO apscheduler.executors.default: Running job "main.<locals>.run_watchdog (trigger: interval[0:01:00], next run at: 2026-09-17 17:47:05 +07)" (scheduled at 2026-09-17 17:46:05.000927+07:00)
2026-09-17 17:46:05,023 INFO apscheduler.executors.default: Job "main.<locals>.run_watchdog (trigger: interval[0:01:00], next run at: 2026-09-17 17:47:05 +07)" executed successfully
2026-09-17 17:46:05,900 INFO httpx: HTTP Request: POST https://api.telegram.org/bot8700368282:AAGR_rmMfYeVtzIKkOQMXQrTWzmbbEs9MFQ/getUpdates "HTTP/1.1 200 OK"
2026-09-17 17:46:06,016 INFO apscheduler.executors.default: Running job "main.<locals>.run_scan (trigger: cron[second='1,6,11,16,21,26,31,36,41,46,51,56'], next run at: 2026-09-17 17:46:11 +07)" (scheduled at 2026-09-17 17:46:06+07:00)
2026-09-17 17:46:06,016 INFO apscheduler.executors.default: Job "main.<locals>.run_scan (trigger: cron[second='1,6,11,16,21,26,31,36,41,46,51,56'], next run at: 2026-09-17 17:46:11 +07)" executed successfully
2026-09-17 17:46:10,003 INFO apscheduler.executors.default: Running job "main.<locals>.run_lts_aus_fast_scan (trigger: interval[0:00:05], next run at: 2026-09-17 17:46:14 +07)" (scheduled at 2026-09-17 17:46:09.999412+07:00)
2026-09-17 17:46:10,004 INFO apscheduler.executors.default: Job "main.<locals>.run_lts_aus_fast_scan (trigger: interval[0:00:05], next run at: 2026-09-17 17:46:14 +07)" executed successfully
2026-09-17 17:46:10,004 INFO apscheduler.executors.default: Running job "main.<locals>.run_position_check (trigger: interval[0:00:05], next run at: 2026-09-17 17:46:14 +07)" (scheduled at 2026-09-17 17:46:09.999412+07:00)
2026-09-17 17:46:10,008 INFO apscheduler.executors.default: Job "main.<locals>.run_position_check (trigger: interval[0:00:05], next run at: 2026-09-17 17:46:14 +07)" executed successfully
2026-09-17 17:46:10,008 INFO apscheduler.executors.default: Running job "main.<locals>.run_trail_sl (trigger: interval[0:00:05], next run at: 2026-09-17 17:46:14 +07)" (scheduled at 2026-09-17 17:46:09.999412+07:00)
2026-09-17 17:46:10,008 INFO apscheduler.executors.default: Job "main.<locals>.run_trail_sl (trigger: interval[0:00:05], next run at: 2026-09-17 17:46:14 +07)" executed successfully
2026-09-17 17:46:11,012 INFO apscheduler.executors.default: Running job "main.<locals>.run_scan (trigger: cron[second='1,6,11,16,21,26,31,36,41,46,51,56'], next run at: 2026-09-17 17:46:16 +07)" (scheduled at 2026-09-17 17:46:11+07:00)
2026-09-17 17:46:11,013 INFO apscheduler.executors.default: Job "main.<locals>.run_scan (trigger: cron[second='1,6,11,16,21,26,31,36,41,46,51,56'], next run at: 2026-09-17 17:46:16 +07)" executed successfully
2026-09-17 17:46:15,001 INFO apscheduler.executors.default: Running job "main.<locals>.run_lts_aus_fast_scan (trigger: interval[0:00:05], next run at: 2026-09-17 17:46:19 +07)" (scheduled at 2026-09-17 17:46:14.999412+07:00)
2026-09-17 17:46:15,002 INFO apscheduler.executors.default: Job "main.<locals>.run_lts_aus_fast_scan (trigger: interval[0:00:05], next run at: 2026-09-17 17:46:19 +07)" executed successfully
2026-09-17 17:46:15,002 INFO apscheduler.executors.default: Running job "main.<locals>.run_position_check (trigger: interval[0:00:05], next run at: 2026-09-17 17:46:19 +07)" (scheduled at 2026-09-17 17:46:14.999412+07:00)
2026-09-17 17:46:15,006 INFO apscheduler.executors.default: Job "main.<locals>.run_position_check (trigger: interval[0:00:05], next run at: 2026-09-17 17:46:19 +07)" executed successfully
2026-09-17 17:46:15,006 INFO apscheduler.executors.default: Running job "main.<locals>.run_trail_sl (trigger: interval[0:00:05], next run at: 2026-09-17 17:46:19 +07)" (scheduled at 2026-09-17 17:46:14.999412+07:00)
2026-09-17 17:46:15,006 INFO apscheduler.executors.default: Job "main.<locals>.run_trail_sl (trigger: interval[0:00:05], next run at: 2026-09-17 17:46:19 +07)" executed successfully
2026-09-17 17:46:16,012 INFO apscheduler.executors.default: Running job "main.<locals>.run_scan (trigger: cron[second='1,6,11,16,21,26,31,36,41,46,51,56'], next run at: 2026-09-17 17:46:21 +07)" (scheduled at 2026-09-17 17:46:16+07:00)
2026-09-17 17:46:16,013 INFO apscheduler.executors.default: Job "main.<locals>.run_scan (trigger: cron[second='1,6,11,16,21,26,31,36,41,46,51,56'], next run at: 2026-09-17 17:46:21 +07)" executed successfully
2026-09-17 17:46:16,013 INFO apscheduler.executors.default: Running job "main.<locals>.write_heartbeat_job (trigger: interval[0:00:15], next run at: 2026-09-17 17:46:31 +07)" (scheduled at 2026-09-17 17:46:16.000927+07:00)
2026-09-17 17:46:16,016 INFO apscheduler.executors.default: Job "main.<locals>.write_heartbeat_job (trigger: interval[0:00:15], next run at: 2026-09-17 17:46:31 +07)" executed successfully
2026-09-17 17:46:16,094 INFO httpx: HTTP Request: POST https://api.telegram.org/bot8700368282:AAGR_rmMfYeVtzIKkOQMXQrTWzmbbEs9MFQ/getUpdates "HTTP/1.1 200 OK"
2026-09-17 17:46:20,003 INFO apscheduler.executors.default: Running job "main.<locals>.run_lts_aus_fast_scan (trigger: interval[0:00:05], next run at: 2026-09-17 17:46:24 +07)" (scheduled at 2026-09-17 17:46:19.999412+07:00)
2026-09-17 17:46:20,004 INFO apscheduler.executors.default: Job "main.<locals>.run_lts_aus_fast_scan (trigger: interval[0:00:05], next run at: 2026-09-17 17:46:24 +07)" executed successfully
2026-09-17 17:46:20,005 INFO apscheduler.executors.default: Running job "main.<locals>.run_position_check (trigger: interval[0:00:05], next run at: 2026-09-17 17:46:24 +07)" (scheduled at 2026-09-17 17:46:19.999412+07:00)
2026-09-17 17:46:20,008 INFO apscheduler.executors.default: Job "main.<locals>.run_position_check (trigger: interval[0:00:05], next run at: 2026-09-17 17:46:24 +07)" executed successfully
2026-09-17 17:46:20,010 INFO apscheduler.executors.default: Running job "main.<locals>.save_bot_state_job (trigger: interval[0:00:15], next run at: 2026-09-17 17:46:34 +07)" (scheduled at 2026-09-17 17:46:19.999412+07:00)
2026-09-17 17:46:20,012 INFO apscheduler.executors.default: Job "main.<locals>.save_bot_state_job (trigger: interval[0:00:15], next run at: 2026-09-17 17:46:34 +07)" executed successfully
2026-09-17 17:46:20,012 INFO apscheduler.executors.default: Running job "main.<locals>.run_trail_sl (trigger: interval[0:00:05], next run at: 2026-09-17 17:46:24 +07)" (scheduled at 2026-09-17 17:46:19.999412+07:00)
2026-09-17 17:46:20,013 INFO apscheduler.executors.default: Job "main.<locals>.run_trail_sl (trigger: interval[0:00:05], next run at: 2026-09-17 17:46:24 +07)" executed successfully
2026-09-17 17:46:21,014 INFO apscheduler.executors.default: Running job "main.<locals>.run_scan (trigger: cron[second='1,6,11,16,21,26,31,36,41,46,51,56'], next run at: 2026-09-17 17:46:26 +07)" (scheduled at 2026-09-17 17:46:21+07:00)
2026-09-17 17:46:21,015 INFO apscheduler.executors.default: Job "main.<locals>.run_scan (trigger: cron[second='1,6,11,16,21,26,31,36,41,46,51,56'], next run at: 2026-09-17 17:46:26 +07)" executed successfully
2026-09-17 17:46:25,012 INFO apscheduler.executors.default: Running job "main.<locals>.run_lts_aus_fast_scan (trigger: interval[0:00:05], next run at: 2026-09-17 17:46:29 +07)" (scheduled at 2026-09-17 17:46:24.999412+07:00)
2026-09-17 17:46:25,015 INFO apscheduler.executors.default: Job "main.<locals>.run_lts_aus_fast_scan (trigger: interval[0:00:05], next run at: 2026-09-17 17:46:29 +07)" executed successfully
2026-09-17 17:46:25,016 INFO apscheduler.executors.default: Running job "main.<locals>.run_position_check (trigger: interval[0:00:05], next run at: 2026-09-17 17:46:29 +07)" (scheduled at 2026-09-17 17:46:24.999412+07:00)
2026-09-17 17:46:25,020 INFO apscheduler.executors.default: Job "main.<locals>.run_position_check (trigger: interval[0:00:05], next run at: 2026-09-17 17:46:29 +07)" executed successfully
2026-09-17 17:46:25,020 INFO apscheduler.executors.default: Running job "main.<locals>.run_trail_sl (trigger: interval[0:00:05], next run at: 2026-09-17 17:46:29 +07)" (scheduled at 2026-09-17 17:46:24.999412+07:00)
2026-09-17 17:46:25,020 INFO apscheduler.executors.default: Job "main.<locals>.run_trail_sl (trigger: interval[0:00:05], next run at: 2026-09-17 17:46:29 +07)" executed successfully
2026-09-17 17:46:26,004 INFO apscheduler.executors.default: Running job "main.<locals>.run_scan (trigger: cron[second='1,6,11,16,21,26,31,36,41,46,51,56'], next run at: 2026-09-17 17:46:31 +07)" (scheduled at 2026-09-17 17:46:26+07:00)
2026-09-17 17:46:26,004 INFO apscheduler.executors.default: Job "main.<locals>.run_scan (trigger: cron[second='1,6,11,16,21,26,31,36,41,46,51,56'], next run at: 2026-09-17 17:46:31 +07)" executed successfully
2026-09-17 17:46:26,287 INFO httpx: HTTP Request: POST https://api.telegram.org/bot8700368282:AAGR_rmMfYeVtzIKkOQMXQrTWzmbbEs9MFQ/getUpdates "HTTP/1.1 200 OK"
2026-09-17 17:46:30,018 INFO apscheduler.executors.default: Running job "main.<locals>.run_lts_aus_fast_scan (trigger: interval[0:00:05], next run at: 2026-09-17 17:46:34 +07)" (scheduled at 2026-09-17 17:46:29.999412+07:00)
2026-09-17 17:46:30,018 INFO apscheduler.executors.default: Job "main.<locals>.run_lts_aus_fast_scan (trigger: interval[0:00:05], next run at: 2026-09-17 17:46:34 +07)" executed successfully
2026-09-17 17:46:30,018 INFO apscheduler.executors.default: Running job "main.<locals>.run_position_check (trigger: interval[0:00:05], next run at: 2026-09-17 17:46:34 +07)" (scheduled at 2026-09-17 17:46:29.999412+07:00)
2026-09-17 17:46:30,022 INFO apscheduler.executors.default: Job "main.<locals>.run_position_check (trigger: interval[0:00:05], next run at: 2026-09-17 17:46:34 +07)" executed successfully
2026-09-17 17:46:30,022 INFO apscheduler.executors.default: Running job "main.<locals>.run_trail_sl (trigger: interval[0:00:05], next run at: 2026-09-17 17:46:34 +07)" (scheduled at 2026-09-17 17:46:29.999412+07:00)
2026-09-17 17:46:30,024 INFO apscheduler.executors.default: Job "main.<locals>.run_trail_sl (trigger: interval[0:00:05], next run at: 2026-09-17 17:46:34 +07)" executed successfully
2026-09-17 17:46:31,012 INFO apscheduler.executors.default: Running job "main.<locals>.run_scan (trigger: cron[second='1,6,11,16,21,26,31,36,41,46,51,56'], next run at: 2026-09-17 17:46:36 +07)" (scheduled at 2026-09-17 17:46:31+07:00)
2026-09-17 17:46:31,013 INFO apscheduler.executors.default: Job "main.<locals>.run_scan (trigger: cron[second='1,6,11,16,21,26,31,36,41,46,51,56'], next run at: 2026-09-17 17:46:36 +07)" executed successfully
2026-09-17 17:46:31,013 INFO apscheduler.executors.default: Running job "main.<locals>.write_heartbeat_job (trigger: interval[0:00:15], next run at: 2026-09-17 17:46:46 +07)" (scheduled at 2026-09-17 17:46:31.000927+07:00)
2026-09-17 17:46:31,016 INFO apscheduler.executors.default: Job "main.<locals>.write_heartbeat_job (trigger: interval[0:00:15], next run at: 2026-09-17 17:46:46 +07)" executed successfully
2026-09-17 17:46:35,007 INFO apscheduler.executors.default: Running job "main.<locals>.run_lts_aus_fast_scan (trigger: interval[0:00:05], next run at: 2026-09-17 17:46:39 +07)" (scheduled at 2026-09-17 17:46:34.999412+07:00)
2026-09-17 17:46:35,008 INFO apscheduler.executors.default: Job "main.<locals>.run_lts_aus_fast_scan (trigger: interval[0:00:05], next run at: 2026-09-17 17:46:39 +07)" executed successfully
2026-09-17 17:46:35,008 INFO apscheduler.executors.default: Running job "main.<locals>.run_position_check (trigger: interval[0:00:05], next run at: 2026-09-17 17:46:39 +07)" (scheduled at 2026-09-17 17:46:34.999412+07:00)
2026-09-17 17:46:35,013 INFO apscheduler.executors.default: Job "main.<locals>.run_position_check (trigger: interval[0:00:05], next run at: 2026-09-17 17:46:39 +07)" executed successfully
2026-09-17 17:46:35,013 INFO apscheduler.executors.default: Running job "main.<locals>.save_bot_state_job (trigger: interval[0:00:15], next run at: 2026-09-17 17:46:49 +07)" (scheduled at 2026-09-17 17:46:34.999412+07:00)
2026-09-17 17:46:35,015 INFO apscheduler.executors.default: Job "main.<locals>.save_bot_state_job (trigger: interval[0:00:15], next run at: 2026-09-17 17:46:49 +07)" executed successfully
2026-09-17 17:46:35,015 INFO apscheduler.executors.default: Running job "main.<locals>.run_trail_sl (trigger: interval[0:00:05], next run at: 2026-09-17 17:46:39 +07)" (scheduled at 2026-09-17 17:46:34.999412+07:00)
2026-09-17 17:46:35,016 INFO apscheduler.executors.default: Job "main.<locals>.run_trail_sl (trigger: interval[0:00:05], next run at: 2026-09-17 17:46:39 +07)" executed successfully
2026-09-17 17:46:36,018 INFO apscheduler.executors.default: Running job "main.<locals>.run_scan (trigger: cron[second='1,6,11,16,21,26,31,36,41,46,51,56'], next run at: 2026-09-17 17:46:41 +07)" (scheduled at 2026-09-17 17:46:36+07:00)
2026-09-17 17:46:36,020 INFO apscheduler.executors.default: Job "main.<locals>.run_scan (trigger: cron[second='1,6,11,16,21,26,31,36,41,46,51,56'], next run at: 2026-09-17 17:46:41 +07)" executed successfully
2026-09-17 17:46:36,481 INFO httpx: HTTP Request: POST https://api.telegram.org/bot8700368282:AAGR_rmMfYeVtzIKkOQMXQrTWzmbbEs9MFQ/getUpdates "HTTP/1.1 200 OK"
2026-09-17 17:46:40,018 INFO apscheduler.executors.default: Running job "main.<locals>.run_lts_aus_fast_scan (trigger: interval[0:00:05], next run at: 2026-09-17 17:46:44 +07)" (scheduled at 2026-09-17 17:46:39.999412+07:00)
2026-09-17 17:46:40,020 INFO apscheduler.executors.default: Job "main.<locals>.run_lts_aus_fast_scan (trigger: interval[0:00:05], next run at: 2026-09-17 17:46:44 +07)" executed successfully
2026-09-17 17:46:40,020 INFO apscheduler.executors.default: Running job "main.<locals>.run_position_check (trigger: interval[0:00:05], next run at: 2026-09-17 17:46:44 +07)" (scheduled at 2026-09-17 17:46:39.999412+07:00)
2026-09-17 17:46:40,024 INFO apscheduler.executors.default: Job "main.<locals>.run_position_check (trigger: interval[0:00:05], next run at: 2026-09-17 17:46:44 +07)" executed successfully
2026-09-17 17:46:40,024 INFO apscheduler.executors.default: Running job "main.<locals>.run_trail_sl (trigger: interval[0:00:05], next run at: 2026-09-17 17:46:44 +07)" (scheduled at 2026-09-17 17:46:39.999412+07:00)
2026-09-17 17:46:40,024 INFO apscheduler.executors.default: Job "main.<locals>.run_trail_sl (trigger: interval[0:00:05], next run at: 2026-09-17 17:46:44 +07)" executed successfully
2026-09-17 17:46:41,013 INFO apscheduler.executors.default: Running job "main.<locals>.run_scan (trigger: cron[second='1,6,11,16,21,26,31,36,41,46,51,56'], next run at: 2026-09-17 17:46:46 +07)" (scheduled at 2026-09-17 17:46:41+07:00)
2026-09-17 17:46:41,014 INFO apscheduler.executors.default: Job "main.<locals>.run_scan (trigger: cron[second='1,6,11,16,21,26,31,36,41,46,51,56'], next run at: 2026-09-17 17:46:46 +07)" executed successfully
2026-09-17 17:46:45,008 INFO apscheduler.executors.default: Running job "main.<locals>.run_lts_aus_fast_scan (trigger: interval[0:00:05], next run at: 2026-09-17 17:46:49 +07)" (scheduled at 2026-09-17 17:46:44.999412+07:00)
2026-09-17 17:46:45,008 INFO apscheduler.executors.default: Job "main.<locals>.run_lts_aus_fast_scan (trigger: interval[0:00:05], next run at: 2026-09-17 17:46:49 +07)" executed successfully
2026-09-17 17:46:45,008 INFO apscheduler.executors.default: Running job "main.<locals>.run_position_check (trigger: interval[0:00:05], next run at: 2026-09-17 17:46:49 +07)" (scheduled at 2026-09-17 17:46:44.999412+07:00)
2026-09-17 17:46:45,012 INFO apscheduler.executors.default: Job "main.<locals>.run_position_check (trigger: interval[0:00:05], next run at: 2026-09-17 17:46:49 +07)" executed successfully
2026-09-17 17:46:45,012 INFO apscheduler.executors.default: Running job "main.<locals>.run_trail_sl (trigger: interval[0:00:05], next run at: 2026-09-17 17:46:49 +07)" (scheduled at 2026-09-17 17:46:44.999412+07:00)
2026-09-17 17:46:45,012 INFO apscheduler.executors.default: Job "main.<locals>.run_trail_sl (trigger: interval[0:00:05], next run at: 2026-09-17 17:46:49 +07)" executed successfully
2026-09-17 17:46:46,016 INFO apscheduler.executors.default: Running job "main.<locals>.run_scan (trigger: cron[second='1,6,11,16,21,26,31,36,41,46,51,56'], next run at: 2026-09-17 17:46:51 +07)" (scheduled at 2026-09-17 17:46:46+07:00)
2026-09-17 17:46:46,016 INFO apscheduler.executors.default: Job "main.<locals>.run_scan (trigger: cron[second='1,6,11,16,21,26,31,36,41,46,51,56'], next run at: 2026-09-17 17:46:51 +07)" executed successfully
2026-09-17 17:46:46,019 INFO apscheduler.executors.default: Running job "main.<locals>.write_heartbeat_job (trigger: interval[0:00:15], next run at: 2026-09-17 17:47:01 +07)" (scheduled at 2026-09-17 17:46:46.000927+07:00)
2026-09-17 17:46:46,024 INFO apscheduler.executors.default: Job "main.<locals>.write_heartbeat_job (trigger: interval[0:00:15], next run at: 2026-09-17 17:47:01 +07)" executed successfully
2026-09-17 17:46:46,675 INFO httpx: HTTP Request: POST https://api.telegram.org/bot8700368282:AAGR_rmMfYeVtzIKkOQMXQrTWzmbbEs9MFQ/getUpdates "HTTP/1.1 200 OK"
2026-09-17 17:46:50,013 INFO apscheduler.executors.default: Running job "main.<locals>.run_lts_aus_fast_scan (trigger: interval[0:00:05], next run at: 2026-09-17 17:46:54 +07)" (scheduled at 2026-09-17 17:46:49.999412+07:00)
2026-09-17 17:46:50,013 INFO apscheduler.executors.default: Job "main.<locals>.run_lts_aus_fast_scan (trigger: interval[0:00:05], next run at: 2026-09-17 17:46:54 +07)" executed successfully
2026-09-17 17:46:50,014 INFO apscheduler.executors.default: Running job "main.<locals>.run_position_check (trigger: interval[0:00:05], next run at: 2026-09-17 17:46:54 +07)" (scheduled at 2026-09-17 17:46:49.999412+07:00)
2026-09-17 17:46:50,023 INFO apscheduler.executors.default: Job "main.<locals>.run_position_check (trigger: interval[0:00:05], next run at: 2026-09-17 17:46:54 +07)" executed successfully
2026-09-17 17:46:50,024 INFO apscheduler.executors.default: Running job "main.<locals>.save_bot_state_job (trigger: interval[0:00:15], next run at: 2026-09-17 17:47:04 +07)" (scheduled at 2026-09-17 17:46:49.999412+07:00)
2026-09-17 17:46:50,039 INFO apscheduler.executors.default: Job "main.<locals>.save_bot_state_job (trigger: interval[0:00:15], next run at: 2026-09-17 17:47:04 +07)" executed successfully
2026-09-17 17:46:50,040 INFO apscheduler.executors.default: Running job "main.<locals>.run_trail_sl (trigger: interval[0:00:05], next run at: 2026-09-17 17:46:54 +07)" (scheduled at 2026-09-17 17:46:49.999412+07:00)
2026-09-17 17:46:50,041 INFO apscheduler.executors.default: Job "main.<locals>.run_trail_sl (trigger: interval[0:00:05], next run at: 2026-09-17 17:46:54 +07)" executed successfully
2026-09-17 17:46:51,006 INFO apscheduler.executors.default: Running job "main.<locals>.run_scan (trigger: cron[second='1,6,11,16,21,26,31,36,41,46,51,56'], next run at: 2026-09-17 17:46:56 +07)" (scheduled at 2026-09-17 17:46:51+07:00)
2026-09-17 17:46:51,008 INFO apscheduler.executors.default: Job "main.<locals>.run_scan (trigger: cron[second='1,6,11,16,21,26,31,36,41,46,51,56'], next run at: 2026-09-17 17:46:56 +07)" executed successfully
2026-09-17 17:46:55,016 INFO apscheduler.executors.default: Running job "main.<locals>.run_lts_aus_fast_scan (trigger: interval[0:00:05], next run at: 2026-09-17 17:46:59 +07)" (scheduled at 2026-09-17 17:46:54.999412+07:00)
2026-09-17 17:46:55,016 INFO apscheduler.executors.default: Job "main.<locals>.run_lts_aus_fast_scan (trigger: interval[0:00:05], next run at: 2026-09-17 17:46:59 +07)" executed successfully
2026-09-17 17:46:55,017 INFO apscheduler.executors.default: Running job "main.<locals>.run_position_check (trigger: interval[0:00:05], next run at: 2026-09-17 17:46:59 +07)" (scheduled at 2026-09-17 17:46:54.999412+07:00)
2026-09-17 17:46:55,025 INFO apscheduler.executors.default: Job "main.<locals>.run_position_check (trigger: interval[0:00:05], next run at: 2026-09-17 17:46:59 +07)" executed successfully
2026-09-17 17:46:55,026 INFO apscheduler.executors.default: Running job "main.<locals>.run_trail_sl (trigger: interval[0:00:05], next run at: 2026-09-17 17:46:59 +07)" (scheduled at 2026-09-17 17:46:54.999412+07:00)
2026-09-17 17:46:55,027 INFO apscheduler.executors.default: Job "main.<locals>.run_trail_sl (trigger: interval[0:00:05], next run at: 2026-09-17 17:46:59 +07)" executed successfully
2026-09-17 17:46:56,012 INFO apscheduler.executors.default: Running job "main.<locals>.run_scan (trigger: cron[second='1,6,11,16,21,26,31,36,41,46,51,56'], next run at: 2026-09-17 17:47:01 +07)" (scheduled at 2026-09-17 17:46:56+07:00)
2026-09-17 17:46:56,012 INFO apscheduler.executors.default: Job "main.<locals>.run_scan (trigger: cron[second='1,6,11,16,21,26,31,36,41,46,51,56'], next run at: 2026-09-17 17:47:01 +07)" executed successfully
2026-09-17 17:46:56,871 INFO httpx: HTTP Request: POST https://api.telegram.org/bot8700368282:AAGR_rmMfYeVtzIKkOQMXQrTWzmbbEs9MFQ/getUpdates "HTTP/1.1 200 OK"
2026-09-17 17:47:00,002 INFO apscheduler.executors.default: Running job "main.<locals>.run_lts_aus_fast_scan (trigger: interval[0:00:05], next run at: 2026-09-17 17:47:04 +07)" (scheduled at 2026-09-17 17:46:59.999412+07:00)
2026-09-17 17:47:00,003 INFO apscheduler.executors.default: Job "main.<locals>.run_lts_aus_fast_scan (trigger: interval[0:00:05], next run at: 2026-09-17 17:47:04 +07)" executed successfully
2026-09-17 17:47:00,003 INFO apscheduler.executors.default: Running job "main.<locals>.run_position_check (trigger: interval[0:00:05], next run at: 2026-09-17 17:47:04 +07)" (scheduled at 2026-09-17 17:46:59.999412+07:00)
2026-09-17 17:47:00,011 INFO apscheduler.executors.default: Job "main.<locals>.run_position_check (trigger: interval[0:00:05], next run at: 2026-09-17 17:47:04 +07)" executed successfully
2026-09-17 17:47:00,011 INFO apscheduler.executors.default: Running job "main.<locals>.run_trail_sl (trigger: interval[0:00:05], next run at: 2026-09-17 17:47:04 +07)" (scheduled at 2026-09-17 17:46:59.999412+07:00)
2026-09-17 17:47:00,012 INFO apscheduler.executors.default: Job "main.<locals>.run_trail_sl (trigger: interval[0:00:05], next run at: 2026-09-17 17:47:04 +07)" executed successfully
2026-09-17 17:47:01,014 INFO apscheduler.executors.default: Running job "main.<locals>.run_scan (trigger: cron[second='1,6,11,16,21,26,31,36,41,46,51,56'], next run at: 2026-09-17 17:47:06 +07)" (scheduled at 2026-09-17 17:47:01+07:00)
2026-09-17 17:47:01,014 INFO apscheduler.executors.default: Job "main.<locals>.run_scan (trigger: cron[second='1,6,11,16,21,26,31,36,41,46,51,56'], next run at: 2026-09-17 17:47:06 +07)" executed successfully
2026-09-17 17:47:01,014 INFO apscheduler.executors.default: Running job "main.<locals>.write_heartbeat_job (trigger: interval[0:00:15], next run at: 2026-09-17 17:47:16 +07)" (scheduled at 2026-09-17 17:47:01.000927+07:00)
2026-09-17 17:47:01,017 INFO apscheduler.executors.default: Job "main.<locals>.write_heartbeat_job (trigger: interval[0:00:15], next run at: 2026-09-17 17:47:16 +07)" executed successfully
2026-09-17 17:47:05,006 INFO apscheduler.executors.default: Running job "main.<locals>.run_demo_portfolio_scan (trigger: interval[0:05:00], next run at: 2026-09-17 17:52:04 +07)" (scheduled at 2026-09-17 17:47:04.997660+07:00)
2026-09-17 17:47:05,015 INFO apscheduler.executors.default: Running job "main.<locals>.check_symbol_switch (trigger: interval[0:01:00], next run at: 2026-09-17 17:48:04 +07)" (scheduled at 2026-09-17 17:47:04.997660+07:00)
2026-09-17 17:47:05,022 INFO apscheduler.executors.default: Job "main.<locals>.check_symbol_switch (trigger: interval[0:01:00], next run at: 2026-09-17 17:48:04 +07)" executed successfully
2026-09-17 17:47:05,022 INFO apscheduler.executors.default: Running job "main.<locals>.run_lts_aus_fast_scan (trigger: interval[0:00:05], next run at: 2026-09-17 17:47:09 +07)" (scheduled at 2026-09-17 17:47:04.999412+07:00)
2026-09-17 17:47:05,023 INFO apscheduler.executors.default: Job "main.<locals>.run_lts_aus_fast_scan (trigger: interval[0:00:05], next run at: 2026-09-17 17:47:09 +07)" executed successfully
2026-09-17 17:47:05,024 INFO apscheduler.executors.default: Running job "main.<locals>.run_position_check (trigger: interval[0:00:05], next run at: 2026-09-17 17:47:09 +07)" (scheduled at 2026-09-17 17:47:04.999412+07:00)
2026-09-17 17:47:05,028 INFO apscheduler.executors.default: Job "main.<locals>.run_position_check (trigger: interval[0:00:05], next run at: 2026-09-17 17:47:09 +07)" executed successfully
2026-09-17 17:47:05,028 INFO apscheduler.executors.default: Running job "main.<locals>.save_bot_state_job (trigger: interval[0:00:15], next run at: 2026-09-17 17:47:19 +07)" (scheduled at 2026-09-17 17:47:04.999412+07:00)
2026-09-17 17:47:05,030 INFO apscheduler.executors.default: Job "main.<locals>.save_bot_state_job (trigger: interval[0:00:15], next run at: 2026-09-17 17:47:19 +07)" executed successfully
2026-09-17 17:47:05,033 INFO apscheduler.executors.default: Running job "main.<locals>.run_trail_sl (trigger: interval[0:00:05], next run at: 2026-09-17 17:47:09 +07)" (scheduled at 2026-09-17 17:47:04.999412+07:00)
2026-09-17 17:47:05,033 INFO apscheduler.executors.default: Job "main.<locals>.run_trail_sl (trigger: interval[0:00:05], next run at: 2026-09-17 17:47:09 +07)" executed successfully
2026-09-17 17:47:05,033 INFO apscheduler.executors.default: Running job "main.<locals>.run_watchdog (trigger: interval[0:01:00], next run at: 2026-09-17 17:48:05 +07)" (scheduled at 2026-09-17 17:47:05.000927+07:00)
2026-09-17 17:47:05,036 INFO apscheduler.executors.default: Job "main.<locals>.run_watchdog (trigger: interval[0:01:00], next run at: 2026-09-17 17:48:05 +07)" executed successfully
2026-09-17 17:47:05,226 INFO apscheduler.executors.default: Job "main.<locals>.run_demo_portfolio_scan (trigger: interval[0:05:00], next run at: 2026-09-17 17:52:04 +07)" executed successfully
2026-09-17 17:47:06,020 INFO apscheduler.executors.default: Running job "main.<locals>.run_scan (trigger: cron[second='1,6,11,16,21,26,31,36,41,46,51,56'], next run at: 2026-09-17 17:47:11 +07)" (scheduled at 2026-09-17 17:47:06+07:00)
2026-09-17 17:47:06,021 INFO apscheduler.executors.default: Job "main.<locals>.run_scan (trigger: cron[second='1,6,11,16,21,26,31,36,41,46,51,56'], next run at: 2026-09-17 17:47:11 +07)" executed successfully
2026-09-17 17:47:06,040 INFO httpx: HTTP Request: POST https://api.telegram.org/bot8700368282:AAGR_rmMfYeVtzIKkOQMXQrTWzmbbEs9MFQ/sendMessage "HTTP/1.1 200 OK"
2026-09-17 17:47:07,063 INFO httpx: HTTP Request: POST https://api.telegram.org/bot8700368282:AAGR_rmMfYeVtzIKkOQMXQrTWzmbbEs9MFQ/getUpdates "HTTP/1.1 200 OK"
2026-09-17 17:47:10,009 INFO apscheduler.executors.default: Running job "main.<locals>.run_lts_aus_fast_scan (trigger: interval[0:00:05], next run at: 2026-09-17 17:47:14 +07)" (scheduled at 2026-09-17 17:47:09.999412+07:00)
2026-09-17 17:47:10,010 INFO apscheduler.executors.default: Job "main.<locals>.run_lts_aus_fast_scan (trigger: interval[0:00:05], next run at: 2026-09-17 17:47:14 +07)" executed successfully
2026-09-17 17:47:10,010 INFO apscheduler.executors.default: Running job "main.<locals>.run_position_check (trigger: interval[0:00:05], next run at: 2026-09-17 17:47:14 +07)" (scheduled at 2026-09-17 17:47:09.999412+07:00)
2026-09-17 17:47:10,014 INFO apscheduler.executors.default: Job "main.<locals>.run_position_check (trigger: interval[0:00:05], next run at: 2026-09-17 17:47:14 +07)" executed successfully
2026-09-17 17:47:10,014 INFO apscheduler.executors.default: Running job "main.<locals>.run_trail_sl (trigger: interval[0:00:05], next run at: 2026-09-17 17:47:14 +07)" (scheduled at 2026-09-17 17:47:09.999412+07:00)
2026-09-17 17:47:10,014 INFO apscheduler.executors.default: Job "main.<locals>.run_trail_sl (trigger: interval[0:00:05], next run at: 2026-09-17 17:47:14 +07)" executed successfully
2026-09-17 17:47:11,006 INFO apscheduler.executors.default: Running job "main.<locals>.run_scan (trigger: cron[second='1,6,11,16,21,26,31,36,41,46,51,56'], next run at: 2026-09-17 17:47:16 +07)" (scheduled at 2026-09-17 17:47:11+07:00)
2026-09-17 17:47:11,009 INFO apscheduler.executors.default: Job "main.<locals>.run_scan (trigger: cron[second='1,6,11,16,21,26,31,36,41,46,51,56'], next run at: 2026-09-17 17:47:16 +07)" executed successfully
2026-09-17 17:47:15,010 INFO apscheduler.executors.default: Running job "main.<locals>.run_lts_aus_fast_scan (trigger: interval[0:00:05], next run at: 2026-09-17 17:47:19 +07)" (scheduled at 2026-09-17 17:47:14.999412+07:00)
2026-09-17 17:47:15,011 INFO apscheduler.executors.default: Job "main.<locals>.run_lts_aus_fast_scan (trigger: interval[0:00:05], next run at: 2026-09-17 17:47:19 +07)" executed successfully
2026-09-17 17:47:15,011 INFO apscheduler.executors.default: Running job "main.<locals>.run_position_check (trigger: interval[0:00:05], next run at: 2026-09-17 17:47:19 +07)" (scheduled at 2026-09-17 17:47:14.999412+07:00)
2026-09-17 17:47:15,016 INFO apscheduler.executors.default: Job "main.<locals>.run_position_check (trigger: interval[0:00:05], next run at: 2026-09-17 17:47:19 +07)" executed successfully
2026-09-17 17:47:15,016 INFO apscheduler.executors.default: Running job "main.<locals>.run_trail_sl (trigger: interval[0:00:05], next run at: 2026-09-17 17:47:19 +07)" (scheduled at 2026-09-17 17:47:14.999412+07:00)
2026-09-17 17:47:15,016 INFO apscheduler.executors.default: Job "main.<locals>.run_trail_sl (trigger: interval[0:00:05], next run at: 2026-09-17 17:47:19 +07)" executed successfully
2026-09-17 17:47:16,021 INFO apscheduler.executors.default: Running job "main.<locals>.run_scan (trigger: cron[second='1,6,11,16,21,26,31,36,41,46,51,56'], next run at: 2026-09-17 17:47:21 +07)" (scheduled at 2026-09-17 17:47:16+07:00)
2026-09-17 17:47:16,022 INFO apscheduler.executors.default: Job "main.<locals>.run_scan (trigger: cron[second='1,6,11,16,21,26,31,36,41,46,51,56'], next run at: 2026-09-17 17:47:21 +07)" executed successfully
2026-09-17 17:47:16,022 INFO apscheduler.executors.default: Running job "main.<locals>.write_heartbeat_job (trigger: interval[0:00:15], next run at: 2026-09-17 17:47:31 +07)" (scheduled at 2026-09-17 17:47:16.000927+07:00)
2026-09-17 17:47:16,024 INFO apscheduler.executors.default: Job "main.<locals>.write_heartbeat_job (trigger: interval[0:00:15], next run at: 2026-09-17 17:47:31 +07)" executed successfully
2026-09-17 17:47:17,256 INFO httpx: HTTP Request: POST https://api.telegram.org/bot8700368282:AAGR_rmMfYeVtzIKkOQMXQrTWzmbbEs9MFQ/getUpdates "HTTP/1.1 200 OK"
2026-09-17 17:47:20,019 INFO apscheduler.executors.default: Running job "main.<locals>.run_lts_aus_fast_scan (trigger: interval[0:00:05], next run at: 2026-09-17 17:47:24 +07)" (scheduled at 2026-09-17 17:47:19.999412+07:00)
2026-09-17 17:47:20,019 INFO apscheduler.executors.default: Job "main.<locals>.run_lts_aus_fast_scan (trigger: interval[0:00:05], next run at: 2026-09-17 17:47:24 +07)" executed successfully
2026-09-17 17:47:20,019 INFO apscheduler.executors.default: Running job "main.<locals>.run_position_check (trigger: interval[0:00:05], next run at: 2026-09-17 17:47:24 +07)" (scheduled at 2026-09-17 17:47:19.999412+07:00)
2026-09-17 17:47:20,024 INFO apscheduler.executors.default: Job "main.<locals>.run_position_check (trigger: interval[0:00:05], next run at: 2026-09-17 17:47:24 +07)" executed successfully
2026-09-17 17:47:20,024 INFO apscheduler.executors.default: Running job "main.<locals>.save_bot_state_job (trigger: interval[0:00:15], next run at: 2026-09-17 17:47:34 +07)" (scheduled at 2026-09-17 17:47:19.999412+07:00)
2026-09-17 17:47:20,028 INFO apscheduler.executors.default: Job "main.<locals>.save_bot_state_job (trigger: interval[0:00:15], next run at: 2026-09-17 17:47:34 +07)" executed successfully
2026-09-17 17:47:20,029 INFO apscheduler.executors.default: Running job "main.<locals>.run_trail_sl (trigger: interval[0:00:05], next run at: 2026-09-17 17:47:24 +07)" (scheduled at 2026-09-17 17:47:19.999412+07:00)
2026-09-17 17:47:20,030 INFO apscheduler.executors.default: Job "main.<locals>.run_trail_sl (trigger: interval[0:00:05], next run at: 2026-09-17 17:47:24 +07)" executed successfully
2026-09-17 17:47:21,014 INFO apscheduler.executors.default: Running job "main.<locals>.run_scan (trigger: cron[second='1,6,11,16,21,26,31,36,41,46,51,56'], next run at: 2026-09-17 17:47:26 +07)" (scheduled at 2026-09-17 17:47:21+07:00)
2026-09-17 17:47:21,015 INFO apscheduler.executors.default: Job "main.<locals>.run_scan (trigger: cron[second='1,6,11,16,21,26,31,36,41,46,51,56'], next run at: 2026-09-17 17:47:26 +07)" executed successfully
2026-09-17 17:47:25,007 INFO apscheduler.executors.default: Running job "main.<locals>.run_lts_aus_fast_scan (trigger: interval[0:00:05], next run at: 2026-09-17 17:47:29 +07)" (scheduled at 2026-09-17 17:47:24.999412+07:00)
2026-09-17 17:47:25,008 INFO apscheduler.executors.default: Job "main.<locals>.run_lts_aus_fast_scan (trigger: interval[0:00:05], next run at: 2026-09-17 17:47:29 +07)" executed successfully
2026-09-17 17:47:25,008 INFO apscheduler.executors.default: Running job "main.<locals>.run_position_check (trigger: interval[0:00:05], next run at: 2026-09-17 17:47:29 +07)" (scheduled at 2026-09-17 17:47:24.999412+07:00)
2026-09-17 17:47:25,012 INFO apscheduler.executors.default: Job "main.<locals>.run_position_check (trigger: interval[0:00:05], next run at: 2026-09-17 17:47:29 +07)" executed successfully
2026-09-17 17:47:25,012 INFO apscheduler.executors.default: Running job "main.<locals>.run_trail_sl (trigger: interval[0:00:05], next run at: 2026-09-17 17:47:29 +07)" (scheduled at 2026-09-17 17:47:24.999412+07:00)
2026-09-17 17:47:25,013 INFO apscheduler.executors.default: Job "main.<locals>.run_trail_sl (trigger: interval[0:00:05], next run at: 2026-09-17 17:47:29 +07)" executed successfully
2026-09-17 17:47:26,018 INFO apscheduler.executors.default: Running job "main.<locals>.run_scan (trigger: cron[second='1,6,11,16,21,26,31,36,41,46,51,56'], next run at: 2026-09-17 17:47:31 +07)" (scheduled at 2026-09-17 17:47:26+07:00)
2026-09-17 17:47:26,019 INFO apscheduler.executors.default: Job "main.<locals>.run_scan (trigger: cron[second='1,6,11,16,21,26,31,36,41,46,51,56'], next run at: 2026-09-17 17:47:31 +07)" executed successfully
2026-09-17 17:47:27,448 INFO httpx: HTTP Request: POST https://api.telegram.org/bot8700368282:AAGR_rmMfYeVtzIKkOQMXQrTWzmbbEs9MFQ/getUpdates "HTTP/1.1 200 OK"
2026-09-17 17:47:30,018 INFO apscheduler.executors.default: Running job "main.<locals>.run_lts_aus_fast_scan (trigger: interval[0:00:05], next run at: 2026-09-17 17:47:34 +07)" (scheduled at 2026-09-17 17:47:29.999412+07:00)
2026-09-17 17:47:30,019 INFO apscheduler.executors.default: Job "main.<locals>.run_lts_aus_fast_scan (trigger: interval[0:00:05], next run at: 2026-09-17 17:47:34 +07)" executed successfully
2026-09-17 17:47:30,019 INFO apscheduler.executors.default: Running job "main.<locals>.run_position_check (trigger: interval[0:00:05], next run at: 2026-09-17 17:47:34 +07)" (scheduled at 2026-09-17 17:47:29.999412+07:00)
2026-09-17 17:47:30,023 INFO apscheduler.executors.default: Job "main.<locals>.run_position_check (trigger: interval[0:00:05], next run at: 2026-09-17 17:47:34 +07)" executed successfully
2026-09-17 17:47:30,023 INFO apscheduler.executors.default: Running job "main.<locals>.run_trail_sl (trigger: interval[0:00:05], next run at: 2026-09-17 17:47:34 +07)" (scheduled at 2026-09-17 17:47:29.999412+07:00)
2026-09-17 17:47:30,023 INFO apscheduler.executors.default: Job "main.<locals>.run_trail_sl (trigger: interval[0:00:05], next run at: 2026-09-17 17:47:34 +07)" executed successfully
2026-09-17 17:47:31,015 INFO apscheduler.executors.default: Running job "main.<locals>.run_scan (trigger: cron[second='1,6,11,16,21,26,31,36,41,46,51,56'], next run at: 2026-09-17 17:47:36 +07)" (scheduled at 2026-09-17 17:47:31+07:00)
2026-09-17 17:47:31,016 INFO apscheduler.executors.default: Job "main.<locals>.run_scan (trigger: cron[second='1,6,11,16,21,26,31,36,41,46,51,56'], next run at: 2026-09-17 17:47:36 +07)" executed successfully
2026-09-17 17:47:31,017 INFO apscheduler.executors.default: Running job "main.<locals>.write_heartbeat_job (trigger: interval[0:00:15], next run at: 2026-09-17 17:47:46 +07)" (scheduled at 2026-09-17 17:47:31.000927+07:00)
2026-09-17 17:47:31,018 INFO apscheduler.executors.default: Job "main.<locals>.write_heartbeat_job (trigger: interval[0:00:15], next run at: 2026-09-17 17:47:46 +07)" executed successfully
2026-09-17 17:47:34,999 INFO apscheduler.executors.default: Running job "main.<locals>.run_lts_aus_fast_scan (trigger: interval[0:00:05], next run at: 2026-09-17 17:47:39 +07)" (scheduled at 2026-09-17 17:47:34.999412+07:00)
2026-09-17 17:47:34,999 INFO apscheduler.executors.default: Job "main.<locals>.run_lts_aus_fast_scan (trigger: interval[0:00:05], next run at: 2026-09-17 17:47:39 +07)" executed successfully
2026-09-17 17:47:35,000 INFO apscheduler.executors.default: Running job "main.<locals>.run_position_check (trigger: interval[0:00:05], next run at: 2026-09-17 17:47:39 +07)" (scheduled at 2026-09-17 17:47:34.999412+07:00)
2026-09-17 17:47:35,004 INFO apscheduler.executors.default: Job "main.<locals>.run_position_check (trigger: interval[0:00:05], next run at: 2026-09-17 17:47:39 +07)" executed successfully
2026-09-17 17:47:35,004 INFO apscheduler.executors.default: Running job "main.<locals>.save_bot_state_job (trigger: interval[0:00:15], next run at: 2026-09-17 17:47:49 +07)" (scheduled at 2026-09-17 17:47:34.999412+07:00)
2026-09-17 17:47:35,007 INFO apscheduler.executors.default: Job "main.<locals>.save_bot_state_job (trigger: interval[0:00:15], next run at: 2026-09-17 17:47:49 +07)" executed successfully
2026-09-17 17:47:35,007 INFO apscheduler.executors.default: Running job "main.<locals>.run_trail_sl (trigger: interval[0:00:05], next run at: 2026-09-17 17:47:39 +07)" (scheduled at 2026-09-17 17:47:34.999412+07:00)
2026-09-17 17:47:35,008 INFO apscheduler.executors.default: Job "main.<locals>.run_trail_sl (trigger: interval[0:00:05], next run at: 2026-09-17 17:47:39 +07)" executed successfully
2026-09-17 17:47:36,009 INFO apscheduler.executors.default: Running job "main.<locals>.run_scan (trigger: cron[second='1,6,11,16,21,26,31,36,41,46,51,56'], next run at: 2026-09-17 17:47:41 +07)" (scheduled at 2026-09-17 17:47:36+07:00)
2026-09-17 17:47:36,009 INFO apscheduler.executors.default: Job "main.<locals>.run_scan (trigger: cron[second='1,6,11,16,21,26,31,36,41,46,51,56'], next run at: 2026-09-17 17:47:41 +07)" executed successfully
2026-09-17 17:47:37,642 INFO httpx: HTTP Request: POST https://api.telegram.org/bot8700368282:AAGR_rmMfYeVtzIKkOQMXQrTWzmbbEs9MFQ/getUpdates "HTTP/1.1 200 OK"
2026-09-17 17:47:40,000 INFO apscheduler.executors.default: Running job "main.<locals>.run_lts_aus_fast_scan (trigger: interval[0:00:05], next run at: 2026-09-17 17:47:44 +07)" (scheduled at 2026-09-17 17:47:39.999412+07:00)
2026-09-17 17:47:40,001 INFO apscheduler.executors.default: Job "main.<locals>.run_lts_aus_fast_scan (trigger: interval[0:00:05], next run at: 2026-09-17 17:47:44 +07)" executed successfully
2026-09-17 17:47:40,001 INFO apscheduler.executors.default: Running job "main.<locals>.run_position_check (trigger: interval[0:00:05], next run at: 2026-09-17 17:47:44 +07)" (scheduled at 2026-09-17 17:47:39.999412+07:00)
2026-09-17 17:47:40,005 INFO apscheduler.executors.default: Job "main.<locals>.run_position_check (trigger: interval[0:00:05], next run at: 2026-09-17 17:47:44 +07)" executed successfully
2026-09-17 17:47:40,005 INFO apscheduler.executors.default: Running job "main.<locals>.run_trail_sl (trigger: interval[0:00:05], next run at: 2026-09-17 17:47:44 +07)" (scheduled at 2026-09-17 17:47:39.999412+07:00)
2026-09-17 17:47:40,005 INFO apscheduler.executors.default: Job "main.<locals>.run_trail_sl (trigger: interval[0:00:05], next run at: 2026-09-17 17:47:44 +07)" executed successfully
2026-09-17 17:47:41,003 INFO apscheduler.executors.default: Running job "main.<locals>.run_scan (trigger: cron[second='1,6,11,16,21,26,31,36,41,46,51,56'], next run at: 2026-09-17 17:47:46 +07)" (scheduled at 2026-09-17 17:47:41+07:00)
2026-09-17 17:47:41,004 INFO apscheduler.executors.default: Job "main.<locals>.run_scan (trigger: cron[second='1,6,11,16,21,26,31,36,41,46,51,56'], next run at: 2026-09-17 17:47:46 +07)" executed successfully
2026-09-17 17:47:45,008 INFO apscheduler.executors.default: Running job "main.<locals>.run_lts_aus_fast_scan (trigger: interval[0:00:05], next run at: 2026-09-17 17:47:49 +07)" (scheduled at 2026-09-17 17:47:44.999412+07:00)
2026-09-17 17:47:45,010 INFO apscheduler.executors.default: Job "main.<locals>.run_lts_aus_fast_scan (trigger: interval[0:00:05], next run at: 2026-09-17 17:47:49 +07)" executed successfully
2026-09-17 17:47:45,010 INFO apscheduler.executors.default: Running job "main.<locals>.run_position_check (trigger: interval[0:00:05], next run at: 2026-09-17 17:47:49 +07)" (scheduled at 2026-09-17 17:47:44.999412+07:00)
2026-09-17 17:47:45,014 INFO apscheduler.executors.default: Job "main.<locals>.run_position_check (trigger: interval[0:00:05], next run at: 2026-09-17 17:47:49 +07)" executed successfully
2026-09-17 17:47:45,014 INFO apscheduler.executors.default: Running job "main.<locals>.run_trail_sl (trigger: interval[0:00:05], next run at: 2026-09-17 17:47:49 +07)" (scheduled at 2026-09-17 17:47:44.999412+07:00)
2026-09-17 17:47:45,014 INFO apscheduler.executors.default: Job "main.<locals>.run_trail_sl (trigger: interval[0:00:05], next run at: 2026-09-17 17:47:49 +07)" executed successfully
2026-09-17 17:47:46,007 INFO apscheduler.executors.default: Running job "main.<locals>.run_scan (trigger: cron[second='1,6,11,16,21,26,31,36,41,46,51,56'], next run at: 2026-09-17 17:47:51 +07)" (scheduled at 2026-09-17 17:47:46+07:00)
2026-09-17 17:47:46,007 INFO apscheduler.executors.default: Job "main.<locals>.run_scan (trigger: cron[second='1,6,11,16,21,26,31,36,41,46,51,56'], next run at: 2026-09-17 17:47:51 +07)" executed successfully
2026-09-17 17:47:46,008 INFO apscheduler.executors.default: Running job "main.<locals>.write_heartbeat_job (trigger: interval[0:00:15], next run at: 2026-09-17 17:48:01 +07)" (scheduled at 2026-09-17 17:47:46.000927+07:00)
2026-09-17 17:47:46,009 INFO apscheduler.executors.default: Job "main.<locals>.write_heartbeat_job (trigger: interval[0:00:15], next run at: 2026-09-17 17:48:01 +07)" executed successfully
2026-09-17 17:47:47,837 INFO httpx: HTTP Request: POST https://api.telegram.org/bot8700368282:AAGR_rmMfYeVtzIKkOQMXQrTWzmbbEs9MFQ/getUpdates "HTTP/1.1 200 OK"
2026-09-17 17:47:50,010 INFO apscheduler.executors.default: Running job "main.<locals>.run_lts_aus_fast_scan (trigger: interval[0:00:05], next run at: 2026-09-17 17:47:54 +07)" (scheduled at 2026-09-17 17:47:49.999412+07:00)
2026-09-17 17:47:50,010 INFO apscheduler.executors.default: Job "main.<locals>.run_lts_aus_fast_scan (trigger: interval[0:00:05], next run at: 2026-09-17 17:47:54 +07)" executed successfully
2026-09-17 17:47:50,010 INFO apscheduler.executors.default: Running job "main.<locals>.run_position_check (trigger: interval[0:00:05], next run at: 2026-09-17 17:47:54 +07)" (scheduled at 2026-09-17 17:47:49.999412+07:00)
2026-09-17 17:47:50,015 INFO apscheduler.executors.default: Job "main.<locals>.run_position_check (trigger: interval[0:00:05], next run at: 2026-09-17 17:47:54 +07)" executed successfully
2026-09-17 17:47:50,015 INFO apscheduler.executors.default: Running job "main.<locals>.save_bot_state_job (trigger: interval[0:00:15], next run at: 2026-09-17 17:48:04 +07)" (scheduled at 2026-09-17 17:47:49.999412+07:00)
2026-09-17 17:47:50,017 INFO apscheduler.executors.default: Job "main.<locals>.save_bot_state_job (trigger: interval[0:00:15], next run at: 2026-09-17 17:48:04 +07)" executed successfully
2026-09-17 17:47:50,017 INFO apscheduler.executors.default: Running job "main.<locals>.run_trail_sl (trigger: interval[0:00:05], next run at: 2026-09-17 17:47:54 +07)" (scheduled at 2026-09-17 17:47:49.999412+07:00)
2026-09-17 17:47:50,018 INFO apscheduler.executors.default: Job "main.<locals>.run_trail_sl (trigger: interval[0:00:05], next run at: 2026-09-17 17:47:54 +07)" executed successfully
2026-09-17 17:47:51,008 INFO apscheduler.executors.default: Running job "main.<locals>.run_scan (trigger: cron[second='1,6,11,16,21,26,31,36,41,46,51,56'], next run at: 2026-09-17 17:47:56 +07)" (scheduled at 2026-09-17 17:47:51+07:00)
2026-09-17 17:47:51,009 INFO apscheduler.executors.default: Job "main.<locals>.run_scan (trigger: cron[second='1,6,11,16,21,26,31,36,41,46,51,56'], next run at: 2026-09-17 17:47:56 +07)" executed successfully
2026-09-17 17:47:55,006 INFO apscheduler.executors.default: Running job "main.<locals>.run_lts_aus_fast_scan (trigger: interval[0:00:05], next run at: 2026-09-17 17:47:59 +07)" (scheduled at 2026-09-17 17:47:54.999412+07:00)
2026-09-17 17:47:55,006 INFO apscheduler.executors.default: Job "main.<locals>.run_lts_aus_fast_scan (trigger: interval[0:00:05], next run at: 2026-09-17 17:47:59 +07)" executed successfully
2026-09-17 17:47:55,008 INFO apscheduler.executors.default: Running job "main.<locals>.run_position_check (trigger: interval[0:00:05], next run at: 2026-09-17 17:47:59 +07)" (scheduled at 2026-09-17 17:47:54.999412+07:00)
2026-09-17 17:47:55,012 INFO apscheduler.executors.default: Job "main.<locals>.run_position_check (trigger: interval[0:00:05], next run at: 2026-09-17 17:47:59 +07)" executed successfully
2026-09-17 17:47:55,013 INFO apscheduler.executors.default: Running job "main.<locals>.run_trail_sl (trigger: interval[0:00:05], next run at: 2026-09-17 17:47:59 +07)" (scheduled at 2026-09-17 17:47:54.999412+07:00)
2026-09-17 17:47:55,013 INFO apscheduler.executors.default: Job "main.<locals>.run_trail_sl (trigger: interval[0:00:05], next run at: 2026-09-17 17:47:59 +07)" executed successfully
2026-09-17 17:47:56,021 INFO apscheduler.executors.default: Running job "main.<locals>.run_scan (trigger: cron[second='1,6,11,16,21,26,31,36,41,46,51,56'], next run at: 2026-09-17 17:48:01 +07)" (scheduled at 2026-09-17 17:47:56+07:00)
2026-09-17 17:47:56,021 INFO apscheduler.executors.default: Job "main.<locals>.run_scan (trigger: cron[second='1,6,11,16,21,26,31,36,41,46,51,56'], next run at: 2026-09-17 17:48:01 +07)" executed successfully
2026-09-17 17:47:58,031 INFO httpx: HTTP Request: POST https://api.telegram.org/bot8700368282:AAGR_rmMfYeVtzIKkOQMXQrTWzmbbEs9MFQ/getUpdates "HTTP/1.1 200 OK"
2026-09-17 17:48:00,015 INFO apscheduler.executors.default: Running job "main.<locals>.run_lts_aus_fast_scan (trigger: interval[0:00:05], next run at: 2026-09-17 17:48:04 +07)" (scheduled at 2026-09-17 17:47:59.999412+07:00)
2026-09-17 17:48:00,017 INFO apscheduler.executors.default: Job "main.<locals>.run_lts_aus_fast_scan (trigger: interval[0:00:05], next run at: 2026-09-17 17:48:04 +07)" executed successfully
2026-09-17 17:48:00,017 INFO apscheduler.executors.default: Running job "main.<locals>.run_position_check (trigger: interval[0:00:05], next run at: 2026-09-17 17:48:04 +07)" (scheduled at 2026-09-17 17:47:59.999412+07:00)
2026-09-17 17:48:00,023 INFO apscheduler.executors.default: Job "main.<locals>.run_position_check (trigger: interval[0:00:05], next run at: 2026-09-17 17:48:04 +07)" executed successfully
2026-09-17 17:48:00,023 INFO apscheduler.executors.default: Running job "main.<locals>.run_trail_sl (trigger: interval[0:00:05], next run at: 2026-09-17 17:48:04 +07)" (scheduled at 2026-09-17 17:47:59.999412+07:00)
2026-09-17 17:48:00,023 INFO apscheduler.executors.default: Job "main.<locals>.run_trail_sl (trigger: interval[0:00:05], next run at: 2026-09-17 17:48:04 +07)" executed successfully
2026-09-17 17:48:01,001 INFO apscheduler.executors.default: Running job "main.<locals>.run_scan (trigger: cron[second='1,6,11,16,21,26,31,36,41,46,51,56'], next run at: 2026-09-17 17:48:06 +07)" (scheduled at 2026-09-17 17:48:01+07:00)
2026-09-17 17:48:01,001 INFO apscheduler.executors.default: Job "main.<locals>.run_scan (trigger: cron[second='1,6,11,16,21,26,31,36,41,46,51,56'], next run at: 2026-09-17 17:48:06 +07)" executed successfully
2026-09-17 17:48:01,001 INFO apscheduler.executors.default: Running job "main.<locals>.write_heartbeat_job (trigger: interval[0:00:15], next run at: 2026-09-17 17:48:16 +07)" (scheduled at 2026-09-17 17:48:01.000927+07:00)
2026-09-17 17:48:01,004 INFO apscheduler.executors.default: Job "main.<locals>.write_heartbeat_job (trigger: interval[0:00:15], next run at: 2026-09-17 17:48:16 +07)" executed successfully
2026-09-17 17:48:05,010 INFO apscheduler.executors.default: Running job "main.<locals>.check_symbol_switch (trigger: interval[0:01:00], next run at: 2026-09-17 17:49:04 +07)" (scheduled at 2026-09-17 17:48:04.997660+07:00)
2026-09-17 17:48:05,015 INFO apscheduler.executors.default: Job "main.<locals>.check_symbol_switch (trigger: interval[0:01:00], next run at: 2026-09-17 17:49:04 +07)" executed successfully
2026-09-17 17:48:05,015 INFO apscheduler.executors.default: Running job "main.<locals>.run_lts_aus_fast_scan (trigger: interval[0:00:05], next run at: 2026-09-17 17:48:09 +07)" (scheduled at 2026-09-17 17:48:04.999412+07:00)
2026-09-17 17:48:05,015 INFO apscheduler.executors.default: Job "main.<locals>.run_lts_aus_fast_scan (trigger: interval[0:00:05], next run at: 2026-09-17 17:48:09 +07)" executed successfully
2026-09-17 17:48:05,015 INFO apscheduler.executors.default: Running job "main.<locals>.run_position_check (trigger: interval[0:00:05], next run at: 2026-09-17 17:48:09 +07)" (scheduled at 2026-09-17 17:48:04.999412+07:00)
2026-09-17 17:48:05,020 INFO apscheduler.executors.default: Job "main.<locals>.run_position_check (trigger: interval[0:00:05], next run at: 2026-09-17 17:48:09 +07)" executed successfully
2026-09-17 17:48:05,020 INFO apscheduler.executors.default: Running job "main.<locals>.save_bot_state_job (trigger: interval[0:00:15], next run at: 2026-09-17 17:48:19 +07)" (scheduled at 2026-09-17 17:48:04.999412+07:00)
2026-09-17 17:48:05,022 INFO apscheduler.executors.default: Job "main.<locals>.save_bot_state_job (trigger: interval[0:00:15], next run at: 2026-09-17 17:48:19 +07)" executed successfully
2026-09-17 17:48:05,022 INFO apscheduler.executors.default: Running job "main.<locals>.run_trail_sl (trigger: interval[0:00:05], next run at: 2026-09-17 17:48:09 +07)" (scheduled at 2026-09-17 17:48:04.999412+07:00)
2026-09-17 17:48:05,023 INFO apscheduler.executors.default: Job "main.<locals>.run_trail_sl (trigger: interval[0:00:05], next run at: 2026-09-17 17:48:09 +07)" executed successfully
2026-09-17 17:48:05,024 INFO apscheduler.executors.default: Running job "main.<locals>.run_watchdog (trigger: interval[0:01:00], next run at: 2026-09-17 17:49:05 +07)" (scheduled at 2026-09-17 17:48:05.000927+07:00)
2026-09-17 17:48:05,028 INFO apscheduler.executors.default: Job "main.<locals>.run_watchdog (trigger: interval[0:01:00], next run at: 2026-09-17 17:49:05 +07)" executed successfully
2026-09-17 17:48:06,004 INFO apscheduler.executors.default: Running job "main.<locals>.run_scan (trigger: cron[second='1,6,11,16,21,26,31,36,41,46,51,56'], next run at: 2026-09-17 17:48:11 +07)" (scheduled at 2026-09-17 17:48:06+07:00)
2026-09-17 17:48:06,004 INFO apscheduler.executors.default: Job "main.<locals>.run_scan (trigger: cron[second='1,6,11,16,21,26,31,36,41,46,51,56'], next run at: 2026-09-17 17:48:11 +07)" executed successfully
2026-09-17 17:48:08,223 INFO httpx: HTTP Request: POST https://api.telegram.org/bot8700368282:AAGR_rmMfYeVtzIKkOQMXQrTWzmbbEs9MFQ/getUpdates "HTTP/1.1 200 OK"
2026-09-17 17:48:10,007 INFO apscheduler.executors.default: Running job "main.<locals>.run_lts_aus_fast_scan (trigger: interval[0:00:05], next run at: 2026-09-17 17:48:14 +07)" (scheduled at 2026-09-17 17:48:09.999412+07:00)
2026-09-17 17:48:10,008 INFO apscheduler.executors.default: Job "main.<locals>.run_lts_aus_fast_scan (trigger: interval[0:00:05], next run at: 2026-09-17 17:48:14 +07)" executed successfully
2026-09-17 17:48:10,008 INFO apscheduler.executors.default: Running job "main.<locals>.run_position_check (trigger: interval[0:00:05], next run at: 2026-09-17 17:48:14 +07)" (scheduled at 2026-09-17 17:48:09.999412+07:00)
2026-09-17 17:48:10,012 INFO apscheduler.executors.default: Job "main.<locals>.run_position_check (trigger: interval[0:00:05], next run at: 2026-09-17 17:48:14 +07)" executed successfully
2026-09-17 17:48:10,014 INFO apscheduler.executors.default: Running job "main.<locals>.run_trail_sl (trigger: interval[0:00:05], next run at: 2026-09-17 17:48:14 +07)" (scheduled at 2026-09-17 17:48:09.999412+07:00)
2026-09-17 17:48:10,014 INFO apscheduler.executors.default: Job "main.<locals>.run_trail_sl (trigger: interval[0:00:05], next run at: 2026-09-17 17:48:14 +07)" executed successfully
2026-09-17 17:48:11,020 INFO apscheduler.executors.default: Running job "main.<locals>.run_scan (trigger: cron[second='1,6,11,16,21,26,31,36,41,46,51,56'], next run at: 2026-09-17 17:48:16 +07)" (scheduled at 2026-09-17 17:48:11+07:00)
2026-09-17 17:48:11,022 INFO apscheduler.executors.default: Job "main.<locals>.run_scan (trigger: cron[second='1,6,11,16,21,26,31,36,41,46,51,56'], next run at: 2026-09-17 17:48:16 +07)" executed successfully
2026-09-17 17:48:15,001 INFO apscheduler.executors.default: Running job "main.<locals>.run_lts_aus_fast_scan (trigger: interval[0:00:05], next run at: 2026-09-17 17:48:19 +07)" (scheduled at 2026-09-17 17:48:14.999412+07:00)
2026-09-17 17:48:15,002 INFO apscheduler.executors.default: Job "main.<locals>.run_lts_aus_fast_scan (trigger: interval[0:00:05], next run at: 2026-09-17 17:48:19 +07)" executed successfully
2026-09-17 17:48:15,003 INFO apscheduler.executors.default: Running job "main.<locals>.run_position_check (trigger: interval[0:00:05], next run at: 2026-09-17 17:48:19 +07)" (scheduled at 2026-09-17 17:48:14.999412+07:00)
2026-09-17 17:48:15,006 INFO apscheduler.executors.default: Job "main.<locals>.run_position_check (trigger: interval[0:00:05], next run at: 2026-09-17 17:48:19 +07)" executed successfully
2026-09-17 17:48:15,008 INFO apscheduler.executors.default: Running job "main.<locals>.run_trail_sl (trigger: interval[0:00:05], next run at: 2026-09-17 17:48:19 +07)" (scheduled at 2026-09-17 17:48:14.999412+07:00)
2026-09-17 17:48:15,008 INFO apscheduler.executors.default: Job "main.<locals>.run_trail_sl (trigger: interval[0:00:05], next run at: 2026-09-17 17:48:19 +07)" executed successfully
2026-09-17 17:48:16,009 INFO apscheduler.executors.default: Running job "main.<locals>.run_scan (trigger: cron[second='1,6,11,16,21,26,31,36,41,46,51,56'], next run at: 2026-09-17 17:48:21 +07)" (scheduled at 2026-09-17 17:48:16+07:00)
2026-09-17 17:48:16,010 INFO apscheduler.executors.default: Job "main.<locals>.run_scan (trigger: cron[second='1,6,11,16,21,26,31,36,41,46,51,56'], next run at: 2026-09-17 17:48:21 +07)" executed successfully
2026-09-17 17:48:16,010 INFO apscheduler.executors.default: Running job "main.<locals>.write_heartbeat_job (trigger: interval[0:00:15], next run at: 2026-09-17 17:48:31 +07)" (scheduled at 2026-09-17 17:48:16.000927+07:00)
2026-09-17 17:48:16,012 INFO apscheduler.executors.default: Job "main.<locals>.write_heartbeat_job (trigger: interval[0:00:15], next run at: 2026-09-17 17:48:31 +07)" executed successfully
2026-09-17 17:48:18,415 INFO httpx: HTTP Request: POST https://api.telegram.org/bot8700368282:AAGR_rmMfYeVtzIKkOQMXQrTWzmbbEs9MFQ/getUpdates "HTTP/1.1 200 OK"
2026-09-17 17:48:20,006 INFO apscheduler.executors.default: Running job "main.<locals>.run_lts_aus_fast_scan (trigger: interval[0:00:05], next run at: 2026-09-17 17:48:24 +07)" (scheduled at 2026-09-17 17:48:19.999412+07:00)
2026-09-17 17:48:20,006 INFO apscheduler.executors.default: Job "main.<locals>.run_lts_aus_fast_scan (trigger: interval[0:00:05], next run at: 2026-09-17 17:48:24 +07)" executed successfully
2026-09-17 17:48:20,008 INFO apscheduler.executors.default: Running job "main.<locals>.run_position_check (trigger: interval[0:00:05], next run at: 2026-09-17 17:48:24 +07)" (scheduled at 2026-09-17 17:48:19.999412+07:00)
2026-09-17 17:48:20,012 INFO apscheduler.executors.default: Job "main.<locals>.run_position_check (trigger: interval[0:00:05], next run at: 2026-09-17 17:48:24 +07)" executed successfully
2026-09-17 17:48:20,012 INFO apscheduler.executors.default: Running job "main.<locals>.save_bot_state_job (trigger: interval[0:00:15], next run at: 2026-09-17 17:48:34 +07)" (scheduled at 2026-09-17 17:48:19.999412+07:00)
2026-09-17 17:48:20,015 INFO apscheduler.executors.default: Job "main.<locals>.save_bot_state_job (trigger: interval[0:00:15], next run at: 2026-09-17 17:48:34 +07)" executed successfully
2026-09-17 17:48:20,016 INFO apscheduler.executors.default: Running job "main.<locals>.run_trail_sl (trigger: interval[0:00:05], next run at: 2026-09-17 17:48:24 +07)" (scheduled at 2026-09-17 17:48:19.999412+07:00)
2026-09-17 17:48:20,017 INFO apscheduler.executors.default: Job "main.<locals>.run_trail_sl (trigger: interval[0:00:05], next run at: 2026-09-17 17:48:24 +07)" executed successfully
2026-09-17 17:48:21,009 INFO apscheduler.executors.default: Running job "main.<locals>.run_scan (trigger: cron[second='1,6,11,16,21,26,31,36,41,46,51,56'], next run at: 2026-09-17 17:48:26 +07)" (scheduled at 2026-09-17 17:48:21+07:00)
2026-09-17 17:48:21,009 INFO apscheduler.executors.default: Job "main.<locals>.run_scan (trigger: cron[second='1,6,11,16,21,26,31,36,41,46,51,56'], next run at: 2026-09-17 17:48:26 +07)" executed successfully
2026-09-17 17:48:25,010 INFO apscheduler.executors.default: Running job "main.<locals>.run_lts_aus_fast_scan (trigger: interval[0:00:05], next run at: 2026-09-17 17:48:29 +07)" (scheduled at 2026-09-17 17:48:24.999412+07:00)
2026-09-17 17:48:25,010 INFO apscheduler.executors.default: Job "main.<locals>.run_lts_aus_fast_scan (trigger: interval[0:00:05], next run at: 2026-09-17 17:48:29 +07)" executed successfully
2026-09-17 17:48:25,011 INFO apscheduler.executors.default: Running job "main.<locals>.run_position_check (trigger: interval[0:00:05], next run at: 2026-09-17 17:48:29 +07)" (scheduled at 2026-09-17 17:48:24.999412+07:00)
2026-09-17 17:48:25,015 INFO apscheduler.executors.default: Job "main.<locals>.run_position_check (trigger: interval[0:00:05], next run at: 2026-09-17 17:48:29 +07)" executed successfully
2026-09-17 17:48:25,015 INFO apscheduler.executors.default: Running job "main.<locals>.run_trail_sl (trigger: interval[0:00:05], next run at: 2026-09-17 17:48:29 +07)" (scheduled at 2026-09-17 17:48:24.999412+07:00)
2026-09-17 17:48:25,015 INFO apscheduler.executors.default: Job "main.<locals>.run_trail_sl (trigger: interval[0:00:05], next run at: 2026-09-17 17:48:29 +07)" executed successfully
2026-09-17 17:48:26,007 INFO apscheduler.executors.default: Running job "main.<locals>.run_scan (trigger: cron[second='1,6,11,16,21,26,31,36,41,46,51,56'], next run at: 2026-09-17 17:48:31 +07)" (scheduled at 2026-09-17 17:48:26+07:00)
2026-09-17 17:48:26,007 INFO apscheduler.executors.default: Job "main.<locals>.run_scan (trigger: cron[second='1,6,11,16,21,26,31,36,41,46,51,56'], next run at: 2026-09-17 17:48:31 +07)" executed successfully
2026-09-17 17:48:28,608 INFO httpx: HTTP Request: POST https://api.telegram.org/bot8700368282:AAGR_rmMfYeVtzIKkOQMXQrTWzmbbEs9MFQ/getUpdates "HTTP/1.1 200 OK"
2026-09-17 17:48:30,011 INFO apscheduler.executors.default: Running job "main.<locals>.run_lts_aus_fast_scan (trigger: interval[0:00:05], next run at: 2026-09-17 17:48:34 +07)" (scheduled at 2026-09-17 17:48:29.999412+07:00)
2026-09-17 17:48:30,012 INFO apscheduler.executors.default: Job "main.<locals>.run_lts_aus_fast_scan (trigger: interval[0:00:05], next run at: 2026-09-17 17:48:34 +07)" executed successfully
2026-09-17 17:48:30,014 INFO apscheduler.executors.default: Running job "main.<locals>.run_position_check (trigger: interval[0:00:05], next run at: 2026-09-17 17:48:34 +07)" (scheduled at 2026-09-17 17:48:29.999412+07:00)
2026-09-17 17:48:30,019 INFO apscheduler.executors.default: Job "main.<locals>.run_position_check (trigger: interval[0:00:05], next run at: 2026-09-17 17:48:34 +07)" executed successfully
2026-09-17 17:48:30,019 INFO apscheduler.executors.default: Running job "main.<locals>.run_trail_sl (trigger: interval[0:00:05], next run at: 2026-09-17 17:48:34 +07)" (scheduled at 2026-09-17 17:48:29.999412+07:00)
2026-09-17 17:48:30,019 INFO apscheduler.executors.default: Job "main.<locals>.run_trail_sl (trigger: interval[0:00:05], next run at: 2026-09-17 17:48:34 +07)" executed successfully
2026-09-17 17:48:31,008 INFO apscheduler.executors.default: Running job "main.<locals>.run_scan (trigger: cron[second='1,6,11,16,21,26,31,36,41,46,51,56'], next run at: 2026-09-17 17:48:36 +07)" (scheduled at 2026-09-17 17:48:31+07:00)
2026-09-17 17:48:31,009 INFO apscheduler.executors.default: Job "main.<locals>.run_scan (trigger: cron[second='1,6,11,16,21,26,31,36,41,46,51,56'], next run at: 2026-09-17 17:48:36 +07)" executed successfully
2026-09-17 17:48:31,009 INFO apscheduler.executors.default: Running job "main.<locals>.write_heartbeat_job (trigger: interval[0:00:15], next run at: 2026-09-17 17:48:46 +07)" (scheduled at 2026-09-17 17:48:31.000927+07:00)
2026-09-17 17:48:31,011 INFO apscheduler.executors.default: Job "main.<locals>.write_heartbeat_job (trigger: interval[0:00:15], next run at: 2026-09-17 17:48:46 +07)" executed successfully
2026-09-17 17:48:35,011 INFO apscheduler.executors.default: Running job "main.<locals>.run_lts_aus_fast_scan (trigger: interval[0:00:05], next run at: 2026-09-17 17:48:39 +07)" (scheduled at 2026-09-17 17:48:34.999412+07:00)
2026-09-17 17:48:35,011 INFO apscheduler.executors.default: Job "main.<locals>.run_lts_aus_fast_scan (trigger: interval[0:00:05], next run at: 2026-09-17 17:48:39 +07)" executed successfully
2026-09-17 17:48:35,012 INFO apscheduler.executors.default: Running job "main.<locals>.run_position_check (trigger: interval[0:00:05], next run at: 2026-09-17 17:48:39 +07)" (scheduled at 2026-09-17 17:48:34.999412+07:00)
2026-09-17 17:48:35,015 INFO apscheduler.executors.default: Job "main.<locals>.run_position_check (trigger: interval[0:00:05], next run at: 2026-09-17 17:48:39 +07)" executed successfully
2026-09-17 17:48:35,015 INFO apscheduler.executors.default: Running job "main.<locals>.save_bot_state_job (trigger: interval[0:00:15], next run at: 2026-09-17 17:48:49 +07)" (scheduled at 2026-09-17 17:48:34.999412+07:00)
2026-09-17 17:48:35,018 INFO apscheduler.executors.default: Job "main.<locals>.save_bot_state_job (trigger: interval[0:00:15], next run at: 2026-09-17 17:48:49 +07)" executed successfully
2026-09-17 17:48:35,018 INFO apscheduler.executors.default: Running job "main.<locals>.run_trail_sl (trigger: interval[0:00:05], next run at: 2026-09-17 17:48:39 +07)" (scheduled at 2026-09-17 17:48:34.999412+07:00)
2026-09-17 17:48:35,018 INFO apscheduler.executors.default: Job "main.<locals>.run_trail_sl (trigger: interval[0:00:05], next run at: 2026-09-17 17:48:39 +07)" executed successfully
2026-09-17 17:48:36,009 INFO apscheduler.executors.default: Running job "main.<locals>.run_scan (trigger: cron[second='1,6,11,16,21,26,31,36,41,46,51,56'], next run at: 2026-09-17 17:48:41 +07)" (scheduled at 2026-09-17 17:48:36+07:00)
2026-09-17 17:48:36,010 INFO apscheduler.executors.default: Job "main.<locals>.run_scan (trigger: cron[second='1,6,11,16,21,26,31,36,41,46,51,56'], next run at: 2026-09-17 17:48:41 +07)" executed successfully
2026-09-17 17:48:38,800 INFO httpx: HTTP Request: POST https://api.telegram.org/bot8700368282:AAGR_rmMfYeVtzIKkOQMXQrTWzmbbEs9MFQ/getUpdates "HTTP/1.1 200 OK"
2026-09-17 17:48:40,001 INFO apscheduler.executors.default: Running job "main.<locals>.run_lts_aus_fast_scan (trigger: interval[0:00:05], next run at: 2026-09-17 17:48:44 +07)" (scheduled at 2026-09-17 17:48:39.999412+07:00)
2026-09-17 17:48:40,002 INFO apscheduler.executors.default: Job "main.<locals>.run_lts_aus_fast_scan (trigger: interval[0:00:05], next run at: 2026-09-17 17:48:44 +07)" executed successfully
2026-09-17 17:48:40,002 INFO apscheduler.executors.default: Running job "main.<locals>.run_position_check (trigger: interval[0:00:05], next run at: 2026-09-17 17:48:44 +07)" (scheduled at 2026-09-17 17:48:39.999412+07:00)
2026-09-17 17:48:40,007 INFO apscheduler.executors.default: Job "main.<locals>.run_position_check (trigger: interval[0:00:05], next run at: 2026-09-17 17:48:44 +07)" executed successfully
2026-09-17 17:48:40,008 INFO apscheduler.executors.default: Running job "main.<locals>.run_trail_sl (trigger: interval[0:00:05], next run at: 2026-09-17 17:48:44 +07)" (scheduled at 2026-09-17 17:48:39.999412+07:00)
2026-09-17 17:48:40,008 INFO apscheduler.executors.default: Job "main.<locals>.run_trail_sl (trigger: interval[0:00:05], next run at: 2026-09-17 17:48:44 +07)" executed successfully
2026-09-17 17:48:41,012 INFO apscheduler.executors.default: Running job "main.<locals>.run_scan (trigger: cron[second='1,6,11,16,21,26,31,36,41,46,51,56'], next run at: 2026-09-17 17:48:46 +07)" (scheduled at 2026-09-17 17:48:41+07:00)
2026-09-17 17:48:41,012 INFO apscheduler.executors.default: Job "main.<locals>.run_scan (trigger: cron[second='1,6,11,16,21,26,31,36,41,46,51,56'], next run at: 2026-09-17 17:48:46 +07)" executed successfully
2026-09-17 17:48:45,004 INFO apscheduler.executors.default: Running job "main.<locals>.run_lts_aus_fast_scan (trigger: interval[0:00:05], next run at: 2026-09-17 17:48:49 +07)" (scheduled at 2026-09-17 17:48:44.999412+07:00)
2026-09-17 17:48:45,006 INFO apscheduler.executors.default: Job "main.<locals>.run_lts_aus_fast_scan (trigger: interval[0:00:05], next run at: 2026-09-17 17:48:49 +07)" executed successfully
2026-09-17 17:48:45,006 INFO apscheduler.executors.default: Running job "main.<locals>.run_position_check (trigger: interval[0:00:05], next run at: 2026-09-17 17:48:49 +07)" (scheduled at 2026-09-17 17:48:44.999412+07:00)
2026-09-17 17:48:45,011 INFO apscheduler.executors.default: Job "main.<locals>.run_position_check (trigger: interval[0:00:05], next run at: 2026-09-17 17:48:49 +07)" executed successfully
2026-09-17 17:48:45,011 INFO apscheduler.executors.default: Running job "main.<locals>.run_trail_sl (trigger: interval[0:00:05], next run at: 2026-09-17 17:48:49 +07)" (scheduled at 2026-09-17 17:48:44.999412+07:00)
2026-09-17 17:48:45,011 INFO apscheduler.executors.default: Job "main.<locals>.run_trail_sl (trigger: interval[0:00:05], next run at: 2026-09-17 17:48:49 +07)" executed successfully
2026-09-17 17:48:46,017 INFO apscheduler.executors.default: Running job "main.<locals>.run_scan (trigger: cron[second='1,6,11,16,21,26,31,36,41,46,51,56'], next run at: 2026-09-17 17:48:51 +07)" (scheduled at 2026-09-17 17:48:46+07:00)
2026-09-17 17:48:46,019 INFO apscheduler.executors.default: Job "main.<locals>.run_scan (trigger: cron[second='1,6,11,16,21,26,31,36,41,46,51,56'], next run at: 2026-09-17 17:48:51 +07)" executed successfully
2026-09-17 17:48:46,019 INFO apscheduler.executors.default: Running job "main.<locals>.write_heartbeat_job (trigger: interval[0:00:15], next run at: 2026-09-17 17:49:01 +07)" (scheduled at 2026-09-17 17:48:46.000927+07:00)
2026-09-17 17:48:46,021 INFO apscheduler.executors.default: Job "main.<locals>.write_heartbeat_job (trigger: interval[0:00:15], next run at: 2026-09-17 17:49:01 +07)" executed successfully
2026-09-17 17:48:48,991 INFO httpx: HTTP Request: POST https://api.telegram.org/bot8700368282:AAGR_rmMfYeVtzIKkOQMXQrTWzmbbEs9MFQ/getUpdates "HTTP/1.1 200 OK"
2026-09-17 17:48:50,008 INFO apscheduler.executors.default: Running job "main.<locals>.run_lts_aus_fast_scan (trigger: interval[0:00:05], next run at: 2026-09-17 17:48:54 +07)" (scheduled at 2026-09-17 17:48:49.999412+07:00)
2026-09-17 17:48:50,008 INFO apscheduler.executors.default: Job "main.<locals>.run_lts_aus_fast_scan (trigger: interval[0:00:05], next run at: 2026-09-17 17:48:54 +07)" executed successfully
2026-09-17 17:48:50,008 INFO apscheduler.executors.default: Running job "main.<locals>.run_position_check (trigger: interval[0:00:05], next run at: 2026-09-17 17:48:54 +07)" (scheduled at 2026-09-17 17:48:49.999412+07:00)
2026-09-17 17:48:50,013 INFO apscheduler.executors.default: Job "main.<locals>.run_position_check (trigger: interval[0:00:05], next run at: 2026-09-17 17:48:54 +07)" executed successfully
2026-09-17 17:48:50,013 INFO apscheduler.executors.default: Running job "main.<locals>.save_bot_state_job (trigger: interval[0:00:15], next run at: 2026-09-17 17:49:04 +07)" (scheduled at 2026-09-17 17:48:49.999412+07:00)
2026-09-17 17:48:50,014 INFO apscheduler.executors.default: Job "main.<locals>.save_bot_state_job (trigger: interval[0:00:15], next run at: 2026-09-17 17:49:04 +07)" executed successfully
2026-09-17 17:48:50,014 INFO apscheduler.executors.default: Running job "main.<locals>.run_trail_sl (trigger: interval[0:00:05], next run at: 2026-09-17 17:48:54 +07)" (scheduled at 2026-09-17 17:48:49.999412+07:00)
2026-09-17 17:48:50,015 INFO apscheduler.executors.default: Job "main.<locals>.run_trail_sl (trigger: interval[0:00:05], next run at: 2026-09-17 17:48:54 +07)" executed successfully
2026-09-17 17:48:51,008 INFO apscheduler.executors.default: Running job "main.<locals>.run_scan (trigger: cron[second='1,6,11,16,21,26,31,36,41,46,51,56'], next run at: 2026-09-17 17:48:56 +07)" (scheduled at 2026-09-17 17:48:51+07:00)
2026-09-17 17:48:51,008 INFO apscheduler.executors.default: Job "main.<locals>.run_scan (trigger: cron[second='1,6,11,16,21,26,31,36,41,46,51,56'], next run at: 2026-09-17 17:48:56 +07)" executed successfully
2026-09-17 17:48:55,015 INFO apscheduler.executors.default: Running job "main.<locals>.run_lts_aus_fast_scan (trigger: interval[0:00:05], next run at: 2026-09-17 17:48:59 +07)" (scheduled at 2026-09-17 17:48:54.999412+07:00)
2026-09-17 17:48:55,015 INFO apscheduler.executors.default: Job "main.<locals>.run_lts_aus_fast_scan (trigger: interval[0:00:05], next run at: 2026-09-17 17:48:59 +07)" executed successfully
2026-09-17 17:48:55,016 INFO apscheduler.executors.default: Running job "main.<locals>.run_position_check (trigger: interval[0:00:05], next run at: 2026-09-17 17:48:59 +07)" (scheduled at 2026-09-17 17:48:54.999412+07:00)
2026-09-17 17:48:55,020 INFO apscheduler.executors.default: Job "main.<locals>.run_position_check (trigger: interval[0:00:05], next run at: 2026-09-17 17:48:59 +07)" executed successfully
2026-09-17 17:48:55,021 INFO apscheduler.executors.default: Running job "main.<locals>.run_trail_sl (trigger: interval[0:00:05], next run at: 2026-09-17 17:48:59 +07)" (scheduled at 2026-09-17 17:48:54.999412+07:00)
2026-09-17 17:48:55,021 INFO apscheduler.executors.default: Job "main.<locals>.run_trail_sl (trigger: interval[0:00:05], next run at: 2026-09-17 17:48:59 +07)" executed successfully
2026-09-17 17:48:56,010 INFO apscheduler.executors.default: Running job "main.<locals>.run_scan (trigger: cron[second='1,6,11,16,21,26,31,36,41,46,51,56'], next run at: 2026-09-17 17:49:01 +07)" (scheduled at 2026-09-17 17:48:56+07:00)
2026-09-17 17:48:56,010 INFO apscheduler.executors.default: Job "main.<locals>.run_scan (trigger: cron[second='1,6,11,16,21,26,31,36,41,46,51,56'], next run at: 2026-09-17 17:49:01 +07)" executed successfully
2026-09-17 17:48:59,185 INFO httpx: HTTP Request: POST https://api.telegram.org/bot8700368282:AAGR_rmMfYeVtzIKkOQMXQrTWzmbbEs9MFQ/getUpdates "HTTP/1.1 200 OK"
2026-09-17 17:49:00,021 INFO apscheduler.executors.default: Running job "main.<locals>.run_lts_aus_fast_scan (trigger: interval[0:00:05], next run at: 2026-09-17 17:49:04 +07)" (scheduled at 2026-09-17 17:48:59.999412+07:00)
2026-09-17 17:49:00,024 INFO apscheduler.executors.default: Job "main.<locals>.run_lts_aus_fast_scan (trigger: interval[0:00:05], next run at: 2026-09-17 17:49:04 +07)" executed successfully
2026-09-17 17:49:00,024 INFO apscheduler.executors.default: Running job "main.<locals>.run_position_check (trigger: interval[0:00:05], next run at: 2026-09-17 17:49:04 +07)" (scheduled at 2026-09-17 17:48:59.999412+07:00)
2026-09-17 17:49:00,033 INFO apscheduler.executors.default: Job "main.<locals>.run_position_check (trigger: interval[0:00:05], next run at: 2026-09-17 17:49:04 +07)" executed successfully
2026-09-17 17:49:00,034 INFO apscheduler.executors.default: Running job "main.<locals>.run_trail_sl (trigger: interval[0:00:05], next run at: 2026-09-17 17:49:04 +07)" (scheduled at 2026-09-17 17:48:59.999412+07:00)
2026-09-17 17:49:00,034 INFO apscheduler.executors.default: Job "main.<locals>.run_trail_sl (trigger: interval[0:00:05], next run at: 2026-09-17 17:49:04 +07)" executed successfully
2026-09-17 17:49:01,003 INFO apscheduler.executors.default: Running job "main.<locals>.run_scan (trigger: cron[second='1,6,11,16,21,26,31,36,41,46,51,56'], next run at: 2026-09-17 17:49:06 +07)" (scheduled at 2026-09-17 17:49:01+07:00)
2026-09-17 17:49:01,003 INFO apscheduler.executors.default: Job "main.<locals>.run_scan (trigger: cron[second='1,6,11,16,21,26,31,36,41,46,51,56'], next run at: 2026-09-17 17:49:06 +07)" executed successfully
2026-09-17 17:49:01,004 INFO apscheduler.executors.default: Running job "main.<locals>.write_heartbeat_job (trigger: interval[0:00:15], next run at: 2026-09-17 17:49:16 +07)" (scheduled at 2026-09-17 17:49:01.000927+07:00)
2026-09-17 17:49:01,006 INFO apscheduler.executors.default: Job "main.<locals>.write_heartbeat_job (trigger: interval[0:00:15], next run at: 2026-09-17 17:49:16 +07)" executed successfully
2026-09-17 17:49:05,008 INFO apscheduler.executors.default: Running job "main.<locals>.check_symbol_switch (trigger: interval[0:01:00], next run at: 2026-09-17 17:50:04 +07)" (scheduled at 2026-09-17 17:49:04.997660+07:00)
2026-09-17 17:49:05,020 INFO apscheduler.executors.default: Job "main.<locals>.check_symbol_switch (trigger: interval[0:01:00], next run at: 2026-09-17 17:50:04 +07)" executed successfully
2026-09-17 17:49:05,020 INFO apscheduler.executors.default: Running job "main.<locals>.run_lts_aus_fast_scan (trigger: interval[0:00:05], next run at: 2026-09-17 17:49:09 +07)" (scheduled at 2026-09-17 17:49:04.999412+07:00)
2026-09-17 17:49:05,020 INFO apscheduler.executors.default: Job "main.<locals>.run_lts_aus_fast_scan (trigger: interval[0:00:05], next run at: 2026-09-17 17:49:09 +07)" executed successfully
2026-09-17 17:49:05,021 INFO apscheduler.executors.default: Running job "main.<locals>.run_position_check (trigger: interval[0:00:05], next run at: 2026-09-17 17:49:09 +07)" (scheduled at 2026-09-17 17:49:04.999412+07:00)
2026-09-17 17:49:05,026 INFO apscheduler.executors.default: Job "main.<locals>.run_position_check (trigger: interval[0:00:05], next run at: 2026-09-17 17:49:09 +07)" executed successfully
2026-09-17 17:49:05,026 INFO apscheduler.executors.default: Running job "main.<locals>.save_bot_state_job (trigger: interval[0:00:15], next run at: 2026-09-17 17:49:19 +07)" (scheduled at 2026-09-17 17:49:04.999412+07:00)
2026-09-17 17:49:05,044 INFO apscheduler.executors.default: Job "main.<locals>.save_bot_state_job (trigger: interval[0:00:15], next run at: 2026-09-17 17:49:19 +07)" executed successfully
2026-09-17 17:49:05,044 INFO apscheduler.executors.default: Running job "main.<locals>.run_trail_sl (trigger: interval[0:00:05], next run at: 2026-09-17 17:49:09 +07)" (scheduled at 2026-09-17 17:49:04.999412+07:00)
2026-09-17 17:49:05,050 INFO apscheduler.executors.default: Job "main.<locals>.run_trail_sl (trigger: interval[0:00:05], next run at: 2026-09-17 17:49:09 +07)" executed successfully
2026-09-17 17:49:05,050 INFO apscheduler.executors.default: Running job "main.<locals>.run_watchdog (trigger: interval[0:01:00], next run at: 2026-09-17 17:50:05 +07)" (scheduled at 2026-09-17 17:49:05.000927+07:00)
2026-09-17 17:49:05,054 INFO apscheduler.executors.default: Job "main.<locals>.run_watchdog (trigger: interval[0:01:00], next run at: 2026-09-17 17:50:05 +07)" executed successfully
2026-09-17 17:49:06,002 INFO apscheduler.executors.default: Running job "main.<locals>.run_scan (trigger: cron[second='1,6,11,16,21,26,31,36,41,46,51,56'], next run at: 2026-09-17 17:49:11 +07)" (scheduled at 2026-09-17 17:49:06+07:00)
2026-09-17 17:49:06,002 INFO apscheduler.executors.default: Job "main.<locals>.run_scan (trigger: cron[second='1,6,11,16,21,26,31,36,41,46,51,56'], next run at: 2026-09-17 17:49:11 +07)" executed successfully
2026-09-17 17:49:09,377 INFO httpx: HTTP Request: POST https://api.telegram.org/bot8700368282:AAGR_rmMfYeVtzIKkOQMXQrTWzmbbEs9MFQ/getUpdates "HTTP/1.1 200 OK"
2026-09-17 17:49:10,005 INFO apscheduler.executors.default: Running job "main.<locals>.run_lts_aus_fast_scan (trigger: interval[0:00:05], next run at: 2026-09-17 17:49:14 +07)" (scheduled at 2026-09-17 17:49:09.999412+07:00)
2026-09-17 17:49:10,006 INFO apscheduler.executors.default: Job "main.<locals>.run_lts_aus_fast_scan (trigger: interval[0:00:05], next run at: 2026-09-17 17:49:14 +07)" executed successfully
2026-09-17 17:49:10,006 INFO apscheduler.executors.default: Running job "main.<locals>.run_position_check (trigger: interval[0:00:05], next run at: 2026-09-17 17:49:14 +07)" (scheduled at 2026-09-17 17:49:09.999412+07:00)
2026-09-17 17:49:10,010 INFO apscheduler.executors.default: Job "main.<locals>.run_position_check (trigger: interval[0:00:05], next run at: 2026-09-17 17:49:14 +07)" executed successfully
2026-09-17 17:49:10,011 INFO apscheduler.executors.default: Running job "main.<locals>.run_trail_sl (trigger: interval[0:00:05], next run at: 2026-09-17 17:49:14 +07)" (scheduled at 2026-09-17 17:49:09.999412+07:00)
2026-09-17 17:49:10,011 INFO apscheduler.executors.default: Job "main.<locals>.run_trail_sl (trigger: interval[0:00:05], next run at: 2026-09-17 17:49:14 +07)" executed successfully
2026-09-17 17:49:11,020 INFO apscheduler.executors.default: Running job "main.<locals>.run_scan (trigger: cron[second='1,6,11,16,21,26,31,36,41,46,51,56'], next run at: 2026-09-17 17:49:16 +07)" (scheduled at 2026-09-17 17:49:11+07:00)
2026-09-17 17:49:11,021 INFO apscheduler.executors.default: Job "main.<locals>.run_scan (trigger: cron[second='1,6,11,16,21,26,31,36,41,46,51,56'], next run at: 2026-09-17 17:49:16 +07)" executed successfully
2026-09-17 17:49:15,014 INFO apscheduler.executors.default: Running job "main.<locals>.run_lts_aus_fast_scan (trigger: interval[0:00:05], next run at: 2026-09-17 17:49:19 +07)" (scheduled at 2026-09-17 17:49:14.999412+07:00)
2026-09-17 17:49:15,015 INFO apscheduler.executors.default: Job "main.<locals>.run_lts_aus_fast_scan (trigger: interval[0:00:05], next run at: 2026-09-17 17:49:19 +07)" executed successfully
2026-09-17 17:49:15,015 INFO apscheduler.executors.default: Running job "main.<locals>.run_position_check (trigger: interval[0:00:05], next run at: 2026-09-17 17:49:19 +07)" (scheduled at 2026-09-17 17:49:14.999412+07:00)
2026-09-17 17:49:15,020 INFO apscheduler.executors.default: Job "main.<locals>.run_position_check (trigger: interval[0:00:05], next run at: 2026-09-17 17:49:19 +07)" executed successfully
2026-09-17 17:49:15,020 INFO apscheduler.executors.default: Running job "main.<locals>.run_trail_sl (trigger: interval[0:00:05], next run at: 2026-09-17 17:49:19 +07)" (scheduled at 2026-09-17 17:49:14.999412+07:00)
2026-09-17 17:49:15,021 INFO apscheduler.executors.default: Job "main.<locals>.run_trail_sl (trigger: interval[0:00:05], next run at: 2026-09-17 17:49:19 +07)" executed successfully
2026-09-17 17:49:16,011 INFO apscheduler.executors.default: Running job "main.<locals>.run_scan (trigger: cron[second='1,6,11,16,21,26,31,36,41,46,51,56'], next run at: 2026-09-17 17:49:21 +07)" (scheduled at 2026-09-17 17:49:16+07:00)
2026-09-17 17:49:16,012 INFO apscheduler.executors.default: Job "main.<locals>.run_scan (trigger: cron[second='1,6,11,16,21,26,31,36,41,46,51,56'], next run at: 2026-09-17 17:49:21 +07)" executed successfully
2026-09-17 17:49:16,012 INFO apscheduler.executors.default: Running job "main.<locals>.write_heartbeat_job (trigger: interval[0:00:15], next run at: 2026-09-17 17:49:31 +07)" (scheduled at 2026-09-17 17:49:16.000927+07:00)
2026-09-17 17:49:16,014 INFO apscheduler.executors.default: Job "main.<locals>.write_heartbeat_job (trigger: interval[0:00:15], next run at: 2026-09-17 17:49:31 +07)" executed successfully
2026-09-17 17:49:19,570 INFO httpx: HTTP Request: POST https://api.telegram.org/bot8700368282:AAGR_rmMfYeVtzIKkOQMXQrTWzmbbEs9MFQ/getUpdates "HTTP/1.1 200 OK"
2026-09-17 17:49:20,012 INFO apscheduler.executors.default: Running job "main.<locals>.run_lts_aus_fast_scan (trigger: interval[0:00:05], next run at: 2026-09-17 17:49:24 +07)" (scheduled at 2026-09-17 17:49:19.999412+07:00)
2026-09-17 17:49:20,013 INFO apscheduler.executors.default: Job "main.<locals>.run_lts_aus_fast_scan (trigger: interval[0:00:05], next run at: 2026-09-17 17:49:24 +07)" executed successfully
2026-09-17 17:49:20,013 INFO apscheduler.executors.default: Running job "main.<locals>.run_position_check (trigger: interval[0:00:05], next run at: 2026-09-17 17:49:24 +07)" (scheduled at 2026-09-17 17:49:19.999412+07:00)
2026-09-17 17:49:20,020 INFO apscheduler.executors.default: Job "main.<locals>.run_position_check (trigger: interval[0:00:05], next run at: 2026-09-17 17:49:24 +07)" executed successfully
2026-09-17 17:49:20,021 INFO apscheduler.executors.default: Running job "main.<locals>.save_bot_state_job (trigger: interval[0:00:15], next run at: 2026-09-17 17:49:34 +07)" (scheduled at 2026-09-17 17:49:19.999412+07:00)
2026-09-17 17:49:20,028 INFO apscheduler.executors.default: Job "main.<locals>.save_bot_state_job (trigger: interval[0:00:15], next run at: 2026-09-17 17:49:34 +07)" executed successfully
2026-09-17 17:49:20,032 INFO apscheduler.executors.default: Running job "main.<locals>.run_trail_sl (trigger: interval[0:00:05], next run at: 2026-09-17 17:49:24 +07)" (scheduled at 2026-09-17 17:49:19.999412+07:00)
2026-09-17 17:49:20,034 INFO apscheduler.executors.default: Job "main.<locals>.run_trail_sl (trigger: interval[0:00:05], next run at: 2026-09-17 17:49:24 +07)" executed successfully
2026-09-17 17:49:21,006 INFO apscheduler.executors.default: Running job "main.<locals>.run_scan (trigger: cron[second='1,6,11,16,21,26,31,36,41,46,51,56'], next run at: 2026-09-17 17:49:26 +07)" (scheduled at 2026-09-17 17:49:21+07:00)
2026-09-17 17:49:21,007 INFO apscheduler.executors.default: Job "main.<locals>.run_scan (trigger: cron[second='1,6,11,16,21,26,31,36,41,46,51,56'], next run at: 2026-09-17 17:49:26 +07)" executed successfully
2026-09-17 17:49:25,006 INFO apscheduler.executors.default: Running job "main.<locals>.run_lts_aus_fast_scan (trigger: interval[0:00:05], next run at: 2026-09-17 17:49:29 +07)" (scheduled at 2026-09-17 17:49:24.999412+07:00)
2026-09-17 17:49:25,006 INFO apscheduler.executors.default: Job "main.<locals>.run_lts_aus_fast_scan (trigger: interval[0:00:05], next run at: 2026-09-17 17:49:29 +07)" executed successfully
2026-09-17 17:49:25,008 INFO apscheduler.executors.default: Running job "main.<locals>.run_position_check (trigger: interval[0:00:05], next run at: 2026-09-17 17:49:29 +07)" (scheduled at 2026-09-17 17:49:24.999412+07:00)
2026-09-17 17:49:25,014 INFO apscheduler.executors.default: Job "main.<locals>.run_position_check (trigger: interval[0:00:05], next run at: 2026-09-17 17:49:29 +07)" executed successfully
2026-09-17 17:49:25,015 INFO apscheduler.executors.default: Running job "main.<locals>.run_trail_sl (trigger: interval[0:00:05], next run at: 2026-09-17 17:49:29 +07)" (scheduled at 2026-09-17 17:49:24.999412+07:00)
2026-09-17 17:49:25,015 INFO apscheduler.executors.default: Job "main.<locals>.run_trail_sl (trigger: interval[0:00:05], next run at: 2026-09-17 17:49:29 +07)" executed successfully
2026-09-17 17:49:26,022 INFO apscheduler.executors.default: Running job "main.<locals>.run_scan (trigger: cron[second='1,6,11,16,21,26,31,36,41,46,51,56'], next run at: 2026-09-17 17:49:31 +07)" (scheduled at 2026-09-17 17:49:26+07:00)
2026-09-17 17:49:26,022 INFO apscheduler.executors.default: Job "main.<locals>.run_scan (trigger: cron[second='1,6,11,16,21,26,31,36,41,46,51,56'], next run at: 2026-09-17 17:49:31 +07)" executed successfully
2026-09-17 17:49:29,765 INFO httpx: HTTP Request: POST https://api.telegram.org/bot8700368282:AAGR_rmMfYeVtzIKkOQMXQrTWzmbbEs9MFQ/getUpdates "HTTP/1.1 200 OK"
2026-09-17 17:49:30,021 INFO apscheduler.executors.default: Running job "main.<locals>.run_lts_aus_fast_scan (trigger: interval[0:00:05], next run at: 2026-09-17 17:49:34 +07)" (scheduled at 2026-09-17 17:49:29.999412+07:00)
2026-09-17 17:49:30,023 INFO apscheduler.executors.default: Job "main.<locals>.run_lts_aus_fast_scan (trigger: interval[0:00:05], next run at: 2026-09-17 17:49:34 +07)" executed successfully
2026-09-17 17:49:30,023 INFO apscheduler.executors.default: Running job "main.<locals>.run_position_check (trigger: interval[0:00:05], next run at: 2026-09-17 17:49:34 +07)" (scheduled at 2026-09-17 17:49:29.999412+07:00)
2026-09-17 17:49:30,028 INFO apscheduler.executors.default: Job "main.<locals>.run_position_check (trigger: interval[0:00:05], next run at: 2026-09-17 17:49:34 +07)" executed successfully
2026-09-17 17:49:30,028 INFO apscheduler.executors.default: Running job "main.<locals>.run_trail_sl (trigger: interval[0:00:05], next run at: 2026-09-17 17:49:34 +07)" (scheduled at 2026-09-17 17:49:29.999412+07:00)
2026-09-17 17:49:30,028 INFO apscheduler.executors.default: Job "main.<locals>.run_trail_sl (trigger: interval[0:00:05], next run at: 2026-09-17 17:49:34 +07)" executed successfully
2026-09-17 17:49:31,016 INFO apscheduler.executors.default: Running job "main.<locals>.run_scan (trigger: cron[second='1,6,11,16,21,26,31,36,41,46,51,56'], next run at: 2026-09-17 17:49:36 +07)" (scheduled at 2026-09-17 17:49:31+07:00)
2026-09-17 17:49:31,016 INFO apscheduler.executors.default: Job "main.<locals>.run_scan (trigger: cron[second='1,6,11,16,21,26,31,36,41,46,51,56'], next run at: 2026-09-17 17:49:36 +07)" executed successfully
2026-09-17 17:49:31,016 INFO apscheduler.executors.default: Running job "main.<locals>.write_heartbeat_job (trigger: interval[0:00:15], next run at: 2026-09-17 17:49:46 +07)" (scheduled at 2026-09-17 17:49:31.000927+07:00)
2026-09-17 17:49:31,019 INFO apscheduler.executors.default: Job "main.<locals>.write_heartbeat_job (trigger: interval[0:00:15], next run at: 2026-09-17 17:49:46 +07)" executed successfully
2026-09-17 17:49:35,008 INFO apscheduler.executors.default: Running job "main.<locals>.run_lts_aus_fast_scan (trigger: interval[0:00:05], next run at: 2026-09-17 17:49:39 +07)" (scheduled at 2026-09-17 17:49:34.999412+07:00)
2026-09-17 17:49:35,008 INFO apscheduler.executors.default: Job "main.<locals>.run_lts_aus_fast_scan (trigger: interval[0:00:05], next run at: 2026-09-17 17:49:39 +07)" executed successfully
2026-09-17 17:49:35,008 INFO apscheduler.executors.default: Running job "main.<locals>.run_position_check (trigger: interval[0:00:05], next run at: 2026-09-17 17:49:39 +07)" (scheduled at 2026-09-17 17:49:34.999412+07:00)
2026-09-17 17:49:35,015 INFO apscheduler.executors.default: Job "main.<locals>.run_position_check (trigger: interval[0:00:05], next run at: 2026-09-17 17:49:39 +07)" executed successfully
2026-09-17 17:49:35,016 INFO apscheduler.executors.default: Running job "main.<locals>.save_bot_state_job (trigger: interval[0:00:15], next run at: 2026-09-17 17:49:49 +07)" (scheduled at 2026-09-17 17:49:34.999412+07:00)
2026-09-17 17:49:35,018 INFO apscheduler.executors.default: Job "main.<locals>.save_bot_state_job (trigger: interval[0:00:15], next run at: 2026-09-17 17:49:49 +07)" executed successfully
2026-09-17 17:49:35,019 INFO apscheduler.executors.default: Running job "main.<locals>.run_trail_sl (trigger: interval[0:00:05], next run at: 2026-09-17 17:49:39 +07)" (scheduled at 2026-09-17 17:49:34.999412+07:00)
2026-09-17 17:49:35,020 INFO apscheduler.executors.default: Job "main.<locals>.run_trail_sl (trigger: interval[0:00:05], next run at: 2026-09-17 17:49:39 +07)" executed successfully
2026-09-17 17:49:36,008 INFO apscheduler.executors.default: Running job "main.<locals>.run_scan (trigger: cron[second='1,6,11,16,21,26,31,36,41,46,51,56'], next run at: 2026-09-17 17:49:41 +07)" (scheduled at 2026-09-17 17:49:36+07:00)
2026-09-17 17:49:36,008 INFO apscheduler.executors.default: Job "main.<locals>.run_scan (trigger: cron[second='1,6,11,16,21,26,31,36,41,46,51,56'], next run at: 2026-09-17 17:49:41 +07)" executed successfully
2026-09-17 17:49:39,961 INFO httpx: HTTP Request: POST https://api.telegram.org/bot8700368282:AAGR_rmMfYeVtzIKkOQMXQrTWzmbbEs9MFQ/getUpdates "HTTP/1.1 200 OK"
2026-09-17 17:49:40,006 INFO apscheduler.executors.default: Running job "main.<locals>.run_lts_aus_fast_scan (trigger: interval[0:00:05], next run at: 2026-09-17 17:49:44 +07)" (scheduled at 2026-09-17 17:49:39.999412+07:00)
2026-09-17 17:49:40,006 INFO apscheduler.executors.default: Job "main.<locals>.run_lts_aus_fast_scan (trigger: interval[0:00:05], next run at: 2026-09-17 17:49:44 +07)" executed successfully
2026-09-17 17:49:40,006 INFO apscheduler.executors.default: Running job "main.<locals>.run_position_check (trigger: interval[0:00:05], next run at: 2026-09-17 17:49:44 +07)" (scheduled at 2026-09-17 17:49:39.999412+07:00)
2026-09-17 17:49:40,015 INFO apscheduler.executors.default: Job "main.<locals>.run_position_check (trigger: interval[0:00:05], next run at: 2026-09-17 17:49:44 +07)" executed successfully
2026-09-17 17:49:40,015 INFO apscheduler.executors.default: Running job "main.<locals>.run_trail_sl (trigger: interval[0:00:05], next run at: 2026-09-17 17:49:44 +07)" (scheduled at 2026-09-17 17:49:39.999412+07:00)
2026-09-17 17:49:40,016 INFO apscheduler.executors.default: Job "main.<locals>.run_trail_sl (trigger: interval[0:00:05], next run at: 2026-09-17 17:49:44 +07)" executed successfully
2026-09-17 17:49:41,021 INFO apscheduler.executors.default: Running job "main.<locals>.run_scan (trigger: cron[second='1,6,11,16,21,26,31,36,41,46,51,56'], next run at: 2026-09-17 17:49:46 +07)" (scheduled at 2026-09-17 17:49:41+07:00)
2026-09-17 17:49:41,022 INFO apscheduler.executors.default: Job "main.<locals>.run_scan (trigger: cron[second='1,6,11,16,21,26,31,36,41,46,51,56'], next run at: 2026-09-17 17:49:46 +07)" executed successfully
2026-09-17 17:49:45,004 INFO apscheduler.executors.default: Running job "main.<locals>.run_lts_aus_fast_scan (trigger: interval[0:00:05], next run at: 2026-09-17 17:49:49 +07)" (scheduled at 2026-09-17 17:49:44.999412+07:00)
2026-09-17 17:49:45,005 INFO apscheduler.executors.default: Job "main.<locals>.run_lts_aus_fast_scan (trigger: interval[0:00:05], next run at: 2026-09-17 17:49:49 +07)" executed successfully
2026-09-17 17:49:45,005 INFO apscheduler.executors.default: Running job "main.<locals>.run_position_check (trigger: interval[0:00:05], next run at: 2026-09-17 17:49:49 +07)" (scheduled at 2026-09-17 17:49:44.999412+07:00)
2026-09-17 17:49:45,011 INFO apscheduler.executors.default: Job "main.<locals>.run_position_check (trigger: interval[0:00:05], next run at: 2026-09-17 17:49:49 +07)" executed successfully
2026-09-17 17:49:45,011 INFO apscheduler.executors.default: Running job "main.<locals>.run_trail_sl (trigger: interval[0:00:05], next run at: 2026-09-17 17:49:49 +07)" (scheduled at 2026-09-17 17:49:44.999412+07:00)
2026-09-17 17:49:45,011 INFO apscheduler.executors.default: Job "main.<locals>.run_trail_sl (trigger: interval[0:00:05], next run at: 2026-09-17 17:49:49 +07)" executed successfully
2026-09-17 17:49:46,019 INFO apscheduler.executors.default: Running job "main.<locals>.run_scan (trigger: cron[second='1,6,11,16,21,26,31,36,41,46,51,56'], next run at: 2026-09-17 17:49:51 +07)" (scheduled at 2026-09-17 17:49:46+07:00)
2026-09-17 17:49:46,021 INFO apscheduler.executors.default: Job "main.<locals>.run_scan (trigger: cron[second='1,6,11,16,21,26,31,36,41,46,51,56'], next run at: 2026-09-17 17:49:51 +07)" executed successfully
2026-09-17 17:49:46,022 INFO apscheduler.executors.default: Running job "main.<locals>.write_heartbeat_job (trigger: interval[0:00:15], next run at: 2026-09-17 17:50:01 +07)" (scheduled at 2026-09-17 17:49:46.000927+07:00)
2026-09-17 17:49:46,024 INFO apscheduler.executors.default: Job "main.<locals>.write_heartbeat_job (trigger: interval[0:00:15], next run at: 2026-09-17 17:50:01 +07)" executed successfully
2026-09-17 17:49:50,011 INFO apscheduler.executors.default: Running job "main.<locals>.run_lts_aus_fast_scan (trigger: interval[0:00:05], next run at: 2026-09-17 17:49:54 +07)" (scheduled at 2026-09-17 17:49:49.999412+07:00)
2026-09-17 17:49:50,011 INFO apscheduler.executors.default: Job "main.<locals>.run_lts_aus_fast_scan (trigger: interval[0:00:05], next run at: 2026-09-17 17:49:54 +07)" executed successfully
2026-09-17 17:49:50,011 INFO apscheduler.executors.default: Running job "main.<locals>.run_position_check (trigger: interval[0:00:05], next run at: 2026-09-17 17:49:54 +07)" (scheduled at 2026-09-17 17:49:49.999412+07:00)
2026-09-17 17:49:50,018 INFO apscheduler.executors.default: Job "main.<locals>.run_position_check (trigger: interval[0:00:05], next run at: 2026-09-17 17:49:54 +07)" executed successfully
2026-09-17 17:49:50,018 INFO apscheduler.executors.default: Running job "main.<locals>.save_bot_state_job (trigger: interval[0:00:15], next run at: 2026-09-17 17:50:04 +07)" (scheduled at 2026-09-17 17:49:49.999412+07:00)
2026-09-17 17:49:50,021 INFO apscheduler.executors.default: Job "main.<locals>.save_bot_state_job (trigger: interval[0:00:15], next run at: 2026-09-17 17:50:04 +07)" executed successfully
2026-09-17 17:49:50,022 INFO apscheduler.executors.default: Running job "main.<locals>.run_trail_sl (trigger: interval[0:00:05], next run at: 2026-09-17 17:49:54 +07)" (scheduled at 2026-09-17 17:49:49.999412+07:00)
2026-09-17 17:49:50,022 INFO apscheduler.executors.default: Job "main.<locals>.run_trail_sl (trigger: interval[0:00:05], next run at: 2026-09-17 17:49:54 +07)" executed successfully
2026-09-17 17:49:50,155 INFO httpx: HTTP Request: POST https://api.telegram.org/bot8700368282:AAGR_rmMfYeVtzIKkOQMXQrTWzmbbEs9MFQ/getUpdates "HTTP/1.1 200 OK"
2026-09-17 17:49:51,009 INFO apscheduler.executors.default: Running job "main.<locals>.run_scan (trigger: cron[second='1,6,11,16,21,26,31,36,41,46,51,56'], next run at: 2026-09-17 17:49:56 +07)" (scheduled at 2026-09-17 17:49:51+07:00)
2026-09-17 17:49:51,009 INFO apscheduler.executors.default: Job "main.<locals>.run_scan (trigger: cron[second='1,6,11,16,21,26,31,36,41,46,51,56'], next run at: 2026-09-17 17:49:56 +07)" executed successfully
2026-09-17 17:49:55,002 INFO apscheduler.executors.default: Running job "main.<locals>.run_lts_aus_fast_scan (trigger: interval[0:00:05], next run at: 2026-09-17 17:49:59 +07)" (scheduled at 2026-09-17 17:49:54.999412+07:00)
2026-09-17 17:49:55,003 INFO apscheduler.executors.default: Job "main.<locals>.run_lts_aus_fast_scan (trigger: interval[0:00:05], next run at: 2026-09-17 17:49:59 +07)" executed successfully
2026-09-17 17:49:55,003 INFO apscheduler.executors.default: Running job "main.<locals>.run_position_check (trigger: interval[0:00:05], next run at: 2026-09-17 17:49:59 +07)" (scheduled at 2026-09-17 17:49:54.999412+07:00)
2026-09-17 17:49:55,010 INFO apscheduler.executors.default: Job "main.<locals>.run_position_check (trigger: interval[0:00:05], next run at: 2026-09-17 17:49:59 +07)" executed successfully
2026-09-17 17:49:55,012 INFO apscheduler.executors.default: Running job "main.<locals>.run_trail_sl (trigger: interval[0:00:05], next run at: 2026-09-17 17:49:59 +07)" (scheduled at 2026-09-17 17:49:54.999412+07:00)
2026-09-17 17:49:55,012 INFO apscheduler.executors.default: Job "main.<locals>.run_trail_sl (trigger: interval[0:00:05], next run at: 2026-09-17 17:49:59 +07)" executed successfully
2026-09-17 17:49:56,016 INFO apscheduler.executors.default: Running job "main.<locals>.run_scan (trigger: cron[second='1,6,11,16,21,26,31,36,41,46,51,56'], next run at: 2026-09-17 17:50:01 +07)" (scheduled at 2026-09-17 17:49:56+07:00)
2026-09-17 17:49:56,017 INFO apscheduler.executors.default: Job "main.<locals>.run_scan (trigger: cron[second='1,6,11,16,21,26,31,36,41,46,51,56'], next run at: 2026-09-17 17:50:01 +07)" executed successfully
2026-09-17 17:50:00,006 INFO apscheduler.executors.default: Running job "main.<locals>.run_lts_aus_fast_scan (trigger: interval[0:00:05], next run at: 2026-09-17 17:50:04 +07)" (scheduled at 2026-09-17 17:49:59.999412+07:00)
2026-09-17 17:50:00,006 INFO apscheduler.executors.default: Job "main.<locals>.run_lts_aus_fast_scan (trigger: interval[0:00:05], next run at: 2026-09-17 17:50:04 +07)" executed successfully
2026-09-17 17:50:00,008 INFO apscheduler.executors.default: Running job "main.<locals>.run_position_check (trigger: interval[0:00:05], next run at: 2026-09-17 17:50:04 +07)" (scheduled at 2026-09-17 17:49:59.999412+07:00)
2026-09-17 17:50:00,014 INFO apscheduler.executors.default: Job "main.<locals>.run_position_check (trigger: interval[0:00:05], next run at: 2026-09-17 17:50:04 +07)" executed successfully
2026-09-17 17:50:00,014 INFO apscheduler.executors.default: Running job "main.<locals>.run_trail_sl (trigger: interval[0:00:05], next run at: 2026-09-17 17:50:04 +07)" (scheduled at 2026-09-17 17:49:59.999412+07:00)
2026-09-17 17:50:00,016 INFO apscheduler.executors.default: Job "main.<locals>.run_trail_sl (trigger: interval[0:00:05], next run at: 2026-09-17 17:50:04 +07)" executed successfully
2026-09-17 17:50:00,351 INFO httpx: HTTP Request: POST https://api.telegram.org/bot8700368282:AAGR_rmMfYeVtzIKkOQMXQrTWzmbbEs9MFQ/getUpdates "HTTP/1.1 200 OK"
2026-09-17 17:50:01,005 INFO apscheduler.executors.default: Running job "main.<locals>.run_scan (trigger: cron[second='1,6,11,16,21,26,31,36,41,46,51,56'], next run at: 2026-09-17 17:50:06 +07)" (scheduled at 2026-09-17 17:50:01+07:00)
2026-09-17 17:50:01,005 INFO apscheduler.executors.default: Job "main.<locals>.run_scan (trigger: cron[second='1,6,11,16,21,26,31,36,41,46,51,56'], next run at: 2026-09-17 17:50:06 +07)" executed successfully
2026-09-17 17:50:01,006 INFO apscheduler.executors.default: Running job "main.<locals>.write_heartbeat_job (trigger: interval[0:00:15], next run at: 2026-09-17 17:50:16 +07)" (scheduled at 2026-09-17 17:50:01.000927+07:00)
2026-09-17 17:50:01,008 INFO apscheduler.executors.default: Job "main.<locals>.write_heartbeat_job (trigger: interval[0:00:15], next run at: 2026-09-17 17:50:16 +07)" executed successfully
2026-09-17 17:50:05,015 INFO apscheduler.executors.default: Running job "main.<locals>.check_symbol_switch (trigger: interval[0:01:00], next run at: 2026-09-17 17:51:04 +07)" (scheduled at 2026-09-17 17:50:04.997660+07:00)
2026-09-17 17:50:05,026 INFO apscheduler.executors.default: Job "main.<locals>.check_symbol_switch (trigger: interval[0:01:00], next run at: 2026-09-17 17:51:04 +07)" executed successfully
2026-09-17 17:50:05,027 INFO apscheduler.executors.default: Running job "main.<locals>.run_lts_aus_fast_scan (trigger: interval[0:00:05], next run at: 2026-09-17 17:50:09 +07)" (scheduled at 2026-09-17 17:50:04.999412+07:00)
2026-09-17 17:50:05,027 INFO apscheduler.executors.default: Job "main.<locals>.run_lts_aus_fast_scan (trigger: interval[0:00:05], next run at: 2026-09-17 17:50:09 +07)" executed successfully
2026-09-17 17:50:05,027 INFO apscheduler.executors.default: Running job "main.<locals>.run_position_check (trigger: interval[0:00:05], next run at: 2026-09-17 17:50:09 +07)" (scheduled at 2026-09-17 17:50:04.999412+07:00)
2026-09-17 17:50:05,031 INFO apscheduler.executors.default: Job "main.<locals>.run_position_check (trigger: interval[0:00:05], next run at: 2026-09-17 17:50:09 +07)" executed successfully
2026-09-17 17:50:05,032 INFO apscheduler.executors.default: Running job "main.<locals>.save_bot_state_job (trigger: interval[0:00:15], next run at: 2026-09-17 17:50:19 +07)" (scheduled at 2026-09-17 17:50:04.999412+07:00)
2026-09-17 17:50:05,034 INFO apscheduler.executors.default: Job "main.<locals>.save_bot_state_job (trigger: interval[0:00:15], next run at: 2026-09-17 17:50:19 +07)" executed successfully
2026-09-17 17:50:05,035 INFO apscheduler.executors.default: Running job "main.<locals>.run_trail_sl (trigger: interval[0:00:05], next run at: 2026-09-17 17:50:09 +07)" (scheduled at 2026-09-17 17:50:04.999412+07:00)
2026-09-17 17:50:05,036 INFO apscheduler.executors.default: Job "main.<locals>.run_trail_sl (trigger: interval[0:00:05], next run at: 2026-09-17 17:50:09 +07)" executed successfully
2026-09-17 17:50:05,036 INFO apscheduler.executors.default: Running job "main.<locals>.run_watchdog (trigger: interval[0:01:00], next run at: 2026-09-17 17:51:05 +07)" (scheduled at 2026-09-17 17:50:05.000927+07:00)
2026-09-17 17:50:05,041 INFO apscheduler.executors.default: Job "main.<locals>.run_watchdog (trigger: interval[0:01:00], next run at: 2026-09-17 17:51:05 +07)" executed successfully
2026-09-17 17:50:06,011 INFO apscheduler.executors.default: Running job "main.<locals>.run_scan (trigger: cron[second='1,6,11,16,21,26,31,36,41,46,51,56'], next run at: 2026-09-17 17:50:11 +07)" (scheduled at 2026-09-17 17:50:06+07:00)
2026-09-17 17:50:06,012 INFO apscheduler.executors.default: Job "main.<locals>.run_scan (trigger: cron[second='1,6,11,16,21,26,31,36,41,46,51,56'], next run at: 2026-09-17 17:50:11 +07)" executed successfully
2026-09-17 17:50:10,013 INFO apscheduler.executors.default: Running job "main.<locals>.run_lts_aus_fast_scan (trigger: interval[0:00:05], next run at: 2026-09-17 17:50:14 +07)" (scheduled at 2026-09-17 17:50:09.999412+07:00)
2026-09-17 17:50:10,013 INFO apscheduler.executors.default: Job "main.<locals>.run_lts_aus_fast_scan (trigger: interval[0:00:05], next run at: 2026-09-17 17:50:14 +07)" executed successfully
2026-09-17 17:50:10,014 INFO apscheduler.executors.default: Running job "main.<locals>.run_position_check (trigger: interval[0:00:05], next run at: 2026-09-17 17:50:14 +07)" (scheduled at 2026-09-17 17:50:09.999412+07:00)
2026-09-17 17:50:10,020 INFO apscheduler.executors.default: Job "main.<locals>.run_position_check (trigger: interval[0:00:05], next run at: 2026-09-17 17:50:14 +07)" executed successfully
2026-09-17 17:50:10,020 INFO apscheduler.executors.default: Running job "main.<locals>.run_trail_sl (trigger: interval[0:00:05], next run at: 2026-09-17 17:50:14 +07)" (scheduled at 2026-09-17 17:50:09.999412+07:00)
2026-09-17 17:50:10,021 INFO apscheduler.executors.default: Job "main.<locals>.run_trail_sl (trigger: interval[0:00:05], next run at: 2026-09-17 17:50:14 +07)" executed successfully
2026-09-17 17:50:10,576 INFO httpx: HTTP Request: POST https://api.telegram.org/bot8700368282:AAGR_rmMfYeVtzIKkOQMXQrTWzmbbEs9MFQ/getUpdates "HTTP/1.1 200 OK"
2026-09-17 17:50:11,007 INFO apscheduler.executors.default: Running job "main.<locals>.run_scan (trigger: cron[second='1,6,11,16,21,26,31,36,41,46,51,56'], next run at: 2026-09-17 17:50:16 +07)" (scheduled at 2026-09-17 17:50:11+07:00)
2026-09-17 17:50:11,008 INFO apscheduler.executors.default: Job "main.<locals>.run_scan (trigger: cron[second='1,6,11,16,21,26,31,36,41,46,51,56'], next run at: 2026-09-17 17:50:16 +07)" executed successfully
2026-09-17 17:50:15,006 INFO apscheduler.executors.default: Running job "main.<locals>.run_lts_aus_fast_scan (trigger: interval[0:00:05], next run at: 2026-09-17 17:50:19 +07)" (scheduled at 2026-09-17 17:50:14.999412+07:00)
2026-09-17 17:50:15,006 INFO apscheduler.executors.default: Job "main.<locals>.run_lts_aus_fast_scan (trigger: interval[0:00:05], next run at: 2026-09-17 17:50:19 +07)" executed successfully
2026-09-17 17:50:15,006 INFO apscheduler.executors.default: Running job "main.<locals>.run_position_check (trigger: interval[0:00:05], next run at: 2026-09-17 17:50:19 +07)" (scheduled at 2026-09-17 17:50:14.999412+07:00)
2026-09-17 17:50:15,011 INFO apscheduler.executors.default: Job "main.<locals>.run_position_check (trigger: interval[0:00:05], next run at: 2026-09-17 17:50:19 +07)" executed successfully
2026-09-17 17:50:15,012 INFO apscheduler.executors.default: Running job "main.<locals>.run_trail_sl (trigger: interval[0:00:05], next run at: 2026-09-17 17:50:19 +07)" (scheduled at 2026-09-17 17:50:14.999412+07:00)
2026-09-17 17:50:15,012 INFO apscheduler.executors.default: Job "main.<locals>.run_trail_sl (trigger: interval[0:00:05], next run at: 2026-09-17 17:50:19 +07)" executed successfully
2026-09-17 17:50:16,020 INFO apscheduler.executors.default: Running job "main.<locals>.run_scan (trigger: cron[second='1,6,11,16,21,26,31,36,41,46,51,56'], next run at: 2026-09-17 17:50:21 +07)" (scheduled at 2026-09-17 17:50:16+07:00)
2026-09-17 17:50:16,021 INFO apscheduler.executors.default: Job "main.<locals>.run_scan (trigger: cron[second='1,6,11,16,21,26,31,36,41,46,51,56'], next run at: 2026-09-17 17:50:21 +07)" executed successfully
2026-09-17 17:50:16,021 INFO apscheduler.executors.default: Running job "main.<locals>.write_heartbeat_job (trigger: interval[0:00:15], next run at: 2026-09-17 17:50:31 +07)" (scheduled at 2026-09-17 17:50:16.000927+07:00)
2026-09-17 17:50:16,024 INFO apscheduler.executors.default: Job "main.<locals>.write_heartbeat_job (trigger: interval[0:00:15], next run at: 2026-09-17 17:50:31 +07)" executed successfully
2026-09-17 17:50:20,017 INFO apscheduler.executors.default: Running job "main.<locals>.run_lts_aus_fast_scan (trigger: interval[0:00:05], next run at: 2026-09-17 17:50:24 +07)" (scheduled at 2026-09-17 17:50:19.999412+07:00)
2026-09-17 17:50:20,018 INFO apscheduler.executors.default: Job "main.<locals>.run_lts_aus_fast_scan (trigger: interval[0:00:05], next run at: 2026-09-17 17:50:24 +07)" executed successfully
2026-09-17 17:50:20,020 INFO apscheduler.executors.default: Running job "main.<locals>.run_position_check (trigger: interval[0:00:05], next run at: 2026-09-17 17:50:24 +07)" (scheduled at 2026-09-17 17:50:19.999412+07:00)
2026-09-17 17:50:20,024 INFO apscheduler.executors.default: Job "main.<locals>.run_position_check (trigger: interval[0:00:05], next run at: 2026-09-17 17:50:24 +07)" executed successfully
2026-09-17 17:50:20,024 INFO apscheduler.executors.default: Running job "main.<locals>.save_bot_state_job (trigger: interval[0:00:15], next run at: 2026-09-17 17:50:34 +07)" (scheduled at 2026-09-17 17:50:19.999412+07:00)
2026-09-17 17:50:20,030 INFO apscheduler.executors.default: Job "main.<locals>.save_bot_state_job (trigger: interval[0:00:15], next run at: 2026-09-17 17:50:34 +07)" executed successfully
2026-09-17 17:50:20,032 INFO apscheduler.executors.default: Running job "main.<locals>.run_trail_sl (trigger: interval[0:00:05], next run at: 2026-09-17 17:50:24 +07)" (scheduled at 2026-09-17 17:50:19.999412+07:00)
2026-09-17 17:50:20,032 INFO apscheduler.executors.default: Job "main.<locals>.run_trail_sl (trigger: interval[0:00:05], next run at: 2026-09-17 17:50:24 +07)" executed successfully
2026-09-17 17:50:20,774 INFO httpx: HTTP Request: POST https://api.telegram.org/bot8700368282:AAGR_rmMfYeVtzIKkOQMXQrTWzmbbEs9MFQ/getUpdates "HTTP/1.1 200 OK"
2026-09-17 17:50:21,012 INFO apscheduler.executors.default: Running job "main.<locals>.run_scan (trigger: cron[second='1,6,11,16,21,26,31,36,41,46,51,56'], next run at: 2026-09-17 17:50:26 +07)" (scheduled at 2026-09-17 17:50:21+07:00)
2026-09-17 17:50:21,012 INFO apscheduler.executors.default: Job "main.<locals>.run_scan (trigger: cron[second='1,6,11,16,21,26,31,36,41,46,51,56'], next run at: 2026-09-17 17:50:26 +07)" executed successfully
2026-09-17 17:50:25,014 INFO apscheduler.executors.default: Running job "main.<locals>.run_lts_aus_fast_scan (trigger: interval[0:00:05], next run at: 2026-09-17 17:50:29 +07)" (scheduled at 2026-09-17 17:50:24.999412+07:00)
2026-09-17 17:50:25,014 INFO apscheduler.executors.default: Job "main.<locals>.run_lts_aus_fast_scan (trigger: interval[0:00:05], next run at: 2026-09-17 17:50:29 +07)" executed successfully
2026-09-17 17:50:25,015 INFO apscheduler.executors.default: Running job "main.<locals>.run_position_check (trigger: interval[0:00:05], next run at: 2026-09-17 17:50:29 +07)" (scheduled at 2026-09-17 17:50:24.999412+07:00)
2026-09-17 17:50:25,020 INFO apscheduler.executors.default: Job "main.<locals>.run_position_check (trigger: interval[0:00:05], next run at: 2026-09-17 17:50:29 +07)" executed successfully
2026-09-17 17:50:25,020 INFO apscheduler.executors.default: Running job "main.<locals>.run_trail_sl (trigger: interval[0:00:05], next run at: 2026-09-17 17:50:29 +07)" (scheduled at 2026-09-17 17:50:24.999412+07:00)
2026-09-17 17:50:25,020 INFO apscheduler.executors.default: Job "main.<locals>.run_trail_sl (trigger: interval[0:00:05], next run at: 2026-09-17 17:50:29 +07)" executed successfully
2026-09-17 17:50:26,016 INFO apscheduler.executors.default: Running job "main.<locals>.run_scan (trigger: cron[second='1,6,11,16,21,26,31,36,41,46,51,56'], next run at: 2026-09-17 17:50:31 +07)" (scheduled at 2026-09-17 17:50:26+07:00)
2026-09-17 17:50:26,019 INFO apscheduler.executors.default: Job "main.<locals>.run_scan (trigger: cron[second='1,6,11,16,21,26,31,36,41,46,51,56'], next run at: 2026-09-17 17:50:31 +07)" executed successfully
2026-09-17 17:50:30,004 INFO apscheduler.executors.default: Running job "main.<locals>.run_lts_aus_fast_scan (trigger: interval[0:00:05], next run at: 2026-09-17 17:50:34 +07)" (scheduled at 2026-09-17 17:50:29.999412+07:00)
2026-09-17 17:50:30,004 INFO apscheduler.executors.default: Job "main.<locals>.run_lts_aus_fast_scan (trigger: interval[0:00:05], next run at: 2026-09-17 17:50:34 +07)" executed successfully
2026-09-17 17:50:30,005 INFO apscheduler.executors.default: Running job "main.<locals>.run_position_check (trigger: interval[0:00:05], next run at: 2026-09-17 17:50:34 +07)" (scheduled at 2026-09-17 17:50:29.999412+07:00)
2026-09-17 17:50:30,011 INFO apscheduler.executors.default: Job "main.<locals>.run_position_check (trigger: interval[0:00:05], next run at: 2026-09-17 17:50:34 +07)" executed successfully
2026-09-17 17:50:30,011 INFO apscheduler.executors.default: Running job "main.<locals>.run_trail_sl (trigger: interval[0:00:05], next run at: 2026-09-17 17:50:34 +07)" (scheduled at 2026-09-17 17:50:29.999412+07:00)
2026-09-17 17:50:30,011 INFO apscheduler.executors.default: Job "main.<locals>.run_trail_sl (trigger: interval[0:00:05], next run at: 2026-09-17 17:50:34 +07)" executed successfully
2026-09-17 17:50:30,969 INFO httpx: HTTP Request: POST https://api.telegram.org/bot8700368282:AAGR_rmMfYeVtzIKkOQMXQrTWzmbbEs9MFQ/getUpdates "HTTP/1.1 200 OK"
2026-09-17 17:50:31,029 INFO apscheduler.executors.default: Running job "main.<locals>.run_scan (trigger: cron[second='1,6,11,16,21,26,31,36,41,46,51,56'], next run at: 2026-09-17 17:50:36 +07)" (scheduled at 2026-09-17 17:50:31+07:00)
2026-09-17 17:50:31,029 INFO apscheduler.executors.default: Job "main.<locals>.run_scan (trigger: cron[second='1,6,11,16,21,26,31,36,41,46,51,56'], next run at: 2026-09-17 17:50:36 +07)" executed successfully
2026-09-17 17:50:31,030 INFO apscheduler.executors.default: Running job "main.<locals>.write_heartbeat_job (trigger: interval[0:00:15], next run at: 2026-09-17 17:50:46 +07)" (scheduled at 2026-09-17 17:50:31.000927+07:00)
2026-09-17 17:50:31,032 INFO apscheduler.executors.default: Job "main.<locals>.write_heartbeat_job (trigger: interval[0:00:15], next run at: 2026-09-17 17:50:46 +07)" executed successfully
2026-09-17 17:50:35,008 INFO apscheduler.executors.default: Running job "main.<locals>.run_lts_aus_fast_scan (trigger: interval[0:00:05], next run at: 2026-09-17 17:50:39 +07)" (scheduled at 2026-09-17 17:50:34.999412+07:00)
2026-09-17 17:50:35,009 INFO apscheduler.executors.default: Job "main.<locals>.run_lts_aus_fast_scan (trigger: interval[0:00:05], next run at: 2026-09-17 17:50:39 +07)" executed successfully
2026-09-17 17:50:35,009 INFO apscheduler.executors.default: Running job "main.<locals>.run_position_check (trigger: interval[0:00:05], next run at: 2026-09-17 17:50:39 +07)" (scheduled at 2026-09-17 17:50:34.999412+07:00)
2026-09-17 17:50:35,015 INFO apscheduler.executors.default: Job "main.<locals>.run_position_check (trigger: interval[0:00:05], next run at: 2026-09-17 17:50:39 +07)" executed successfully
2026-09-17 17:50:35,015 INFO apscheduler.executors.default: Running job "main.<locals>.save_bot_state_job (trigger: interval[0:00:15], next run at: 2026-09-17 17:50:49 +07)" (scheduled at 2026-09-17 17:50:34.999412+07:00)
2026-09-17 17:50:35,018 INFO apscheduler.executors.default: Job "main.<locals>.save_bot_state_job (trigger: interval[0:00:15], next run at: 2026-09-17 17:50:49 +07)" executed successfully
2026-09-17 17:50:35,021 INFO apscheduler.executors.default: Running job "main.<locals>.run_trail_sl (trigger: interval[0:00:05], next run at: 2026-09-17 17:50:39 +07)" (scheduled at 2026-09-17 17:50:34.999412+07:00)
2026-09-17 17:50:35,021 INFO apscheduler.executors.default: Job "main.<locals>.run_trail_sl (trigger: interval[0:00:05], next run at: 2026-09-17 17:50:39 +07)" executed successfully
2026-09-17 17:50:36,007 INFO apscheduler.executors.default: Running job "main.<locals>.run_scan (trigger: cron[second='1,6,11,16,21,26,31,36,41,46,51,56'], next run at: 2026-09-17 17:50:41 +07)" (scheduled at 2026-09-17 17:50:36+07:00)
2026-09-17 17:50:36,007 INFO apscheduler.executors.default: Job "main.<locals>.run_scan (trigger: cron[second='1,6,11,16,21,26,31,36,41,46,51,56'], next run at: 2026-09-17 17:50:41 +07)" executed successfully
2026-09-17 17:50:40,014 INFO apscheduler.executors.default: Running job "main.<locals>.run_lts_aus_fast_scan (trigger: interval[0:00:05], next run at: 2026-09-17 17:50:44 +07)" (scheduled at 2026-09-17 17:50:39.999412+07:00)
2026-09-17 17:50:40,015 INFO apscheduler.executors.default: Job "main.<locals>.run_lts_aus_fast_scan (trigger: interval[0:00:05], next run at: 2026-09-17 17:50:44 +07)" executed successfully
2026-09-17 17:50:40,015 INFO apscheduler.executors.default: Running job "main.<locals>.run_position_check (trigger: interval[0:00:05], next run at: 2026-09-17 17:50:44 +07)" (scheduled at 2026-09-17 17:50:39.999412+07:00)
2026-09-17 17:50:40,022 INFO apscheduler.executors.default: Job "main.<locals>.run_position_check (trigger: interval[0:00:05], next run at: 2026-09-17 17:50:44 +07)" executed successfully
2026-09-17 17:50:40,022 INFO apscheduler.executors.default: Running job "main.<locals>.run_trail_sl (trigger: interval[0:00:05], next run at: 2026-09-17 17:50:44 +07)" (scheduled at 2026-09-17 17:50:39.999412+07:00)
2026-09-17 17:50:40,022 INFO apscheduler.executors.default: Job "main.<locals>.run_trail_sl (trigger: interval[0:00:05], next run at: 2026-09-17 17:50:44 +07)" executed successfully
2026-09-17 17:50:41,012 INFO apscheduler.executors.default: Running job "main.<locals>.run_scan (trigger: cron[second='1,6,11,16,21,26,31,36,41,46,51,56'], next run at: 2026-09-17 17:50:46 +07)" (scheduled at 2026-09-17 17:50:41+07:00)
2026-09-17 17:50:41,014 INFO apscheduler.executors.default: Job "main.<locals>.run_scan (trigger: cron[second='1,6,11,16,21,26,31,36,41,46,51,56'], next run at: 2026-09-17 17:50:46 +07)" executed successfully
2026-09-17 17:50:41,162 INFO httpx: HTTP Request: POST https://api.telegram.org/bot8700368282:AAGR_rmMfYeVtzIKkOQMXQrTWzmbbEs9MFQ/getUpdates "HTTP/1.1 200 OK"
2026-09-17 17:50:45,006 INFO apscheduler.executors.default: Running job "main.<locals>.run_lts_aus_fast_scan (trigger: interval[0:00:05], next run at: 2026-09-17 17:50:49 +07)" (scheduled at 2026-09-17 17:50:44.999412+07:00)
2026-09-17 17:50:45,008 INFO apscheduler.executors.default: Job "main.<locals>.run_lts_aus_fast_scan (trigger: interval[0:00:05], next run at: 2026-09-17 17:50:49 +07)" executed successfully
2026-09-17 17:50:45,008 INFO apscheduler.executors.default: Running job "main.<locals>.run_position_check (trigger: interval[0:00:05], next run at: 2026-09-17 17:50:49 +07)" (scheduled at 2026-09-17 17:50:44.999412+07:00)
2026-09-17 17:50:45,014 INFO apscheduler.executors.default: Job "main.<locals>.run_position_check (trigger: interval[0:00:05], next run at: 2026-09-17 17:50:49 +07)" executed successfully
2026-09-17 17:50:45,015 INFO apscheduler.executors.default: Running job "main.<locals>.run_trail_sl (trigger: interval[0:00:05], next run at: 2026-09-17 17:50:49 +07)" (scheduled at 2026-09-17 17:50:44.999412+07:00)
2026-09-17 17:50:45,015 INFO apscheduler.executors.default: Job "main.<locals>.run_trail_sl (trigger: interval[0:00:05], next run at: 2026-09-17 17:50:49 +07)" executed successfully
2026-09-17 17:50:46,018 INFO apscheduler.executors.default: Running job "main.<locals>.run_scan (trigger: cron[second='1,6,11,16,21,26,31,36,41,46,51,56'], next run at: 2026-09-17 17:50:51 +07)" (scheduled at 2026-09-17 17:50:46+07:00)
2026-09-17 17:50:46,018 INFO apscheduler.executors.default: Job "main.<locals>.run_scan (trigger: cron[second='1,6,11,16,21,26,31,36,41,46,51,56'], next run at: 2026-09-17 17:50:51 +07)" executed successfully
2026-09-17 17:50:46,020 INFO apscheduler.executors.default: Running job "main.<locals>.write_heartbeat_job (trigger: interval[0:00:15], next run at: 2026-09-17 17:51:01 +07)" (scheduled at 2026-09-17 17:50:46.000927+07:00)
2026-09-17 17:50:46,022 INFO apscheduler.executors.default: Job "main.<locals>.write_heartbeat_job (trigger: interval[0:00:15], next run at: 2026-09-17 17:51:01 +07)" executed successfully
2026-09-17 17:50:50,012 INFO apscheduler.executors.default: Running job "main.<locals>.run_lts_aus_fast_scan (trigger: interval[0:00:05], next run at: 2026-09-17 17:50:54 +07)" (scheduled at 2026-09-17 17:50:49.999412+07:00)
2026-09-17 17:50:50,012 INFO apscheduler.executors.default: Job "main.<locals>.run_lts_aus_fast_scan (trigger: interval[0:00:05], next run at: 2026-09-17 17:50:54 +07)" executed successfully
2026-09-17 17:50:50,014 INFO apscheduler.executors.default: Running job "main.<locals>.run_position_check (trigger: interval[0:00:05], next run at: 2026-09-17 17:50:54 +07)" (scheduled at 2026-09-17 17:50:49.999412+07:00)
2026-09-17 17:50:50,018 INFO apscheduler.executors.default: Job "main.<locals>.run_position_check (trigger: interval[0:00:05], next run at: 2026-09-17 17:50:54 +07)" executed successfully
2026-09-17 17:50:50,021 INFO apscheduler.executors.default: Running job "main.<locals>.save_bot_state_job (trigger: interval[0:00:15], next run at: 2026-09-17 17:51:04 +07)" (scheduled at 2026-09-17 17:50:49.999412+07:00)
2026-09-17 17:50:50,024 INFO apscheduler.executors.default: Job "main.<locals>.save_bot_state_job (trigger: interval[0:00:15], next run at: 2026-09-17 17:51:04 +07)" executed successfully
2026-09-17 17:50:50,024 INFO apscheduler.executors.default: Running job "main.<locals>.run_trail_sl (trigger: interval[0:00:05], next run at: 2026-09-17 17:50:54 +07)" (scheduled at 2026-09-17 17:50:49.999412+07:00)
2026-09-17 17:50:50,025 INFO apscheduler.executors.default: Job "main.<locals>.run_trail_sl (trigger: interval[0:00:05], next run at: 2026-09-17 17:50:54 +07)" executed successfully
2026-09-17 17:50:51,010 INFO apscheduler.executors.default: Running job "main.<locals>.run_scan (trigger: cron[second='1,6,11,16,21,26,31,36,41,46,51,56'], next run at: 2026-09-17 17:50:56 +07)" (scheduled at 2026-09-17 17:50:51+07:00)
2026-09-17 17:50:51,011 INFO apscheduler.executors.default: Job "main.<locals>.run_scan (trigger: cron[second='1,6,11,16,21,26,31,36,41,46,51,56'], next run at: 2026-09-17 17:50:56 +07)" executed successfully
2026-09-17 17:50:51,355 INFO httpx: HTTP Request: POST https://api.telegram.org/bot8700368282:AAGR_rmMfYeVtzIKkOQMXQrTWzmbbEs9MFQ/getUpdates "HTTP/1.1 200 OK"
2026-09-17 17:50:55,013 INFO apscheduler.executors.default: Running job "main.<locals>.run_lts_aus_fast_scan (trigger: interval[0:00:05], next run at: 2026-09-17 17:50:59 +07)" (scheduled at 2026-09-17 17:50:54.999412+07:00)
2026-09-17 17:50:55,013 INFO apscheduler.executors.default: Job "main.<locals>.run_lts_aus_fast_scan (trigger: interval[0:00:05], next run at: 2026-09-17 17:50:59 +07)" executed successfully
2026-09-17 17:50:55,014 INFO apscheduler.executors.default: Running job "main.<locals>.run_position_check (trigger: interval[0:00:05], next run at: 2026-09-17 17:50:59 +07)" (scheduled at 2026-09-17 17:50:54.999412+07:00)
2026-09-17 17:50:55,022 INFO apscheduler.executors.default: Job "main.<locals>.run_position_check (trigger: interval[0:00:05], next run at: 2026-09-17 17:50:59 +07)" executed successfully
2026-09-17 17:50:55,022 INFO apscheduler.executors.default: Running job "main.<locals>.run_trail_sl (trigger: interval[0:00:05], next run at: 2026-09-17 17:50:59 +07)" (scheduled at 2026-09-17 17:50:54.999412+07:00)
2026-09-17 17:50:55,023 INFO apscheduler.executors.default: Job "main.<locals>.run_trail_sl (trigger: interval[0:00:05], next run at: 2026-09-17 17:50:59 +07)" executed successfully
2026-09-17 17:50:56,009 INFO apscheduler.executors.default: Running job "main.<locals>.run_scan (trigger: cron[second='1,6,11,16,21,26,31,36,41,46,51,56'], next run at: 2026-09-17 17:51:01 +07)" (scheduled at 2026-09-17 17:50:56+07:00)
2026-09-17 17:50:56,009 INFO apscheduler.executors.default: Job "main.<locals>.run_scan (trigger: cron[second='1,6,11,16,21,26,31,36,41,46,51,56'], next run at: 2026-09-17 17:51:01 +07)" executed successfully
2026-09-17 17:51:00,014 INFO apscheduler.executors.default: Running job "main.<locals>.run_lts_aus_fast_scan (trigger: interval[0:00:05], next run at: 2026-09-17 17:51:04 +07)" (scheduled at 2026-09-17 17:50:59.999412+07:00)
2026-09-17 17:51:00,015 INFO apscheduler.executors.default: Job "main.<locals>.run_lts_aus_fast_scan (trigger: interval[0:00:05], next run at: 2026-09-17 17:51:04 +07)" executed successfully
2026-09-17 17:51:00,015 INFO apscheduler.executors.default: Running job "main.<locals>.run_position_check (trigger: interval[0:00:05], next run at: 2026-09-17 17:51:04 +07)" (scheduled at 2026-09-17 17:50:59.999412+07:00)
2026-09-17 17:51:00,022 INFO apscheduler.executors.default: Job "main.<locals>.run_position_check (trigger: interval[0:00:05], next run at: 2026-09-17 17:51:04 +07)" executed successfully
2026-09-17 17:51:00,023 INFO apscheduler.executors.default: Running job "main.<locals>.run_trail_sl (trigger: interval[0:00:05], next run at: 2026-09-17 17:51:04 +07)" (scheduled at 2026-09-17 17:50:59.999412+07:00)
2026-09-17 17:51:00,023 INFO apscheduler.executors.default: Job "main.<locals>.run_trail_sl (trigger: interval[0:00:05], next run at: 2026-09-17 17:51:04 +07)" executed successfully
2026-09-17 17:51:01,013 INFO apscheduler.executors.default: Running job "main.<locals>.run_scan (trigger: cron[second='1,6,11,16,21,26,31,36,41,46,51,56'], next run at: 2026-09-17 17:51:06 +07)" (scheduled at 2026-09-17 17:51:01+07:00)
2026-09-17 17:51:01,014 INFO apscheduler.executors.default: Job "main.<locals>.run_scan (trigger: cron[second='1,6,11,16,21,26,31,36,41,46,51,56'], next run at: 2026-09-17 17:51:06 +07)" executed successfully
2026-09-17 17:51:01,014 INFO apscheduler.executors.default: Running job "main.<locals>.write_heartbeat_job (trigger: interval[0:00:15], next run at: 2026-09-17 17:51:16 +07)" (scheduled at 2026-09-17 17:51:01.000927+07:00)
2026-09-17 17:51:01,018 INFO apscheduler.executors.default: Job "main.<locals>.write_heartbeat_job (trigger: interval[0:00:15], next run at: 2026-09-17 17:51:16 +07)" executed successfully
2026-09-17 17:51:01,550 INFO httpx: HTTP Request: POST https://api.telegram.org/bot8700368282:AAGR_rmMfYeVtzIKkOQMXQrTWzmbbEs9MFQ/getUpdates "HTTP/1.1 200 OK"
2026-09-17 17:51:05,007 INFO apscheduler.executors.default: Running job "main.<locals>.check_symbol_switch (trigger: interval[0:01:00], next run at: 2026-09-17 17:52:04 +07)" (scheduled at 2026-09-17 17:51:04.997660+07:00)
2026-09-17 17:51:05,012 INFO apscheduler.executors.default: Job "main.<locals>.check_symbol_switch (trigger: interval[0:01:00], next run at: 2026-09-17 17:52:04 +07)" executed successfully
2026-09-17 17:51:05,012 INFO apscheduler.executors.default: Running job "main.<locals>.run_lts_aus_fast_scan (trigger: interval[0:00:05], next run at: 2026-09-17 17:51:09 +07)" (scheduled at 2026-09-17 17:51:04.999412+07:00)
2026-09-17 17:51:05,012 INFO apscheduler.executors.default: Job "main.<locals>.run_lts_aus_fast_scan (trigger: interval[0:00:05], next run at: 2026-09-17 17:51:09 +07)" executed successfully
2026-09-17 17:51:05,012 INFO apscheduler.executors.default: Running job "main.<locals>.run_position_check (trigger: interval[0:00:05], next run at: 2026-09-17 17:51:09 +07)" (scheduled at 2026-09-17 17:51:04.999412+07:00)
2026-09-17 17:51:05,019 INFO apscheduler.executors.default: Job "main.<locals>.run_position_check (trigger: interval[0:00:05], next run at: 2026-09-17 17:51:09 +07)" executed successfully
2026-09-17 17:51:05,020 INFO apscheduler.executors.default: Running job "main.<locals>.save_bot_state_job (trigger: interval[0:00:15], next run at: 2026-09-17 17:51:19 +07)" (scheduled at 2026-09-17 17:51:04.999412+07:00)
2026-09-17 17:51:05,022 INFO apscheduler.executors.default: Job "main.<locals>.save_bot_state_job (trigger: interval[0:00:15], next run at: 2026-09-17 17:51:19 +07)" executed successfully
2026-09-17 17:51:05,023 INFO apscheduler.executors.default: Running job "main.<locals>.run_trail_sl (trigger: interval[0:00:05], next run at: 2026-09-17 17:51:09 +07)" (scheduled at 2026-09-17 17:51:04.999412+07:00)
2026-09-17 17:51:05,023 INFO apscheduler.executors.default: Job "main.<locals>.run_trail_sl (trigger: interval[0:00:05], next run at: 2026-09-17 17:51:09 +07)" executed successfully
2026-09-17 17:51:05,023 INFO apscheduler.executors.default: Running job "main.<locals>.run_watchdog (trigger: interval[0:01:00], next run at: 2026-09-17 17:52:05 +07)" (scheduled at 2026-09-17 17:51:05.000927+07:00)
2026-09-17 17:51:05,025 INFO apscheduler.executors.default: Job "main.<locals>.run_watchdog (trigger: interval[0:01:00], next run at: 2026-09-17 17:52:05 +07)" executed successfully
2026-09-17 17:51:06,011 INFO apscheduler.executors.default: Running job "main.<locals>.run_scan (trigger: cron[second='1,6,11,16,21,26,31,36,41,46,51,56'], next run at: 2026-09-17 17:51:11 +07)" (scheduled at 2026-09-17 17:51:06+07:00)
2026-09-17 17:51:06,011 INFO apscheduler.executors.default: Job "main.<locals>.run_scan (trigger: cron[second='1,6,11,16,21,26,31,36,41,46,51,56'], next run at: 2026-09-17 17:51:11 +07)" executed successfully
2026-09-17 17:51:10,012 INFO apscheduler.executors.default: Running job "main.<locals>.run_lts_aus_fast_scan (trigger: interval[0:00:05], next run at: 2026-09-17 17:51:14 +07)" (scheduled at 2026-09-17 17:51:09.999412+07:00)
2026-09-17 17:51:10,012 INFO apscheduler.executors.default: Job "main.<locals>.run_lts_aus_fast_scan (trigger: interval[0:00:05], next run at: 2026-09-17 17:51:14 +07)" executed successfully
2026-09-17 17:51:10,014 INFO apscheduler.executors.default: Running job "main.<locals>.run_position_check (trigger: interval[0:00:05], next run at: 2026-09-17 17:51:14 +07)" (scheduled at 2026-09-17 17:51:09.999412+07:00)
2026-09-17 17:51:10,017 INFO apscheduler.executors.default: Job "main.<locals>.run_position_check (trigger: interval[0:00:05], next run at: 2026-09-17 17:51:14 +07)" executed successfully
2026-09-17 17:51:10,017 INFO apscheduler.executors.default: Running job "main.<locals>.run_trail_sl (trigger: interval[0:00:05], next run at: 2026-09-17 17:51:14 +07)" (scheduled at 2026-09-17 17:51:09.999412+07:00)
2026-09-17 17:51:10,019 INFO apscheduler.executors.default: Job "main.<locals>.run_trail_sl (trigger: interval[0:00:05], next run at: 2026-09-17 17:51:14 +07)" executed successfully
2026-09-17 17:51:11,009 INFO apscheduler.executors.default: Running job "main.<locals>.run_scan (trigger: cron[second='1,6,11,16,21,26,31,36,41,46,51,56'], next run at: 2026-09-17 17:51:16 +07)" (scheduled at 2026-09-17 17:51:11+07:00)
2026-09-17 17:51:11,009 INFO apscheduler.executors.default: Job "main.<locals>.run_scan (trigger: cron[second='1,6,11,16,21,26,31,36,41,46,51,56'], next run at: 2026-09-17 17:51:16 +07)" executed successfully
2026-09-17 17:51:11,755 INFO httpx: HTTP Request: POST https://api.telegram.org/bot8700368282:AAGR_rmMfYeVtzIKkOQMXQrTWzmbbEs9MFQ/getUpdates "HTTP/1.1 200 OK"
2026-09-17 17:51:15,009 INFO apscheduler.executors.default: Running job "main.<locals>.run_lts_aus_fast_scan (trigger: interval[0:00:05], next run at: 2026-09-17 17:51:19 +07)" (scheduled at 2026-09-17 17:51:14.999412+07:00)
2026-09-17 17:51:15,011 INFO apscheduler.executors.default: Job "main.<locals>.run_lts_aus_fast_scan (trigger: interval[0:00:05], next run at: 2026-09-17 17:51:19 +07)" executed successfully
2026-09-17 17:51:15,011 INFO apscheduler.executors.default: Running job "main.<locals>.run_position_check (trigger: interval[0:00:05], next run at: 2026-09-17 17:51:19 +07)" (scheduled at 2026-09-17 17:51:14.999412+07:00)
2026-09-17 17:51:15,016 INFO apscheduler.executors.default: Job "main.<locals>.run_position_check (trigger: interval[0:00:05], next run at: 2026-09-17 17:51:19 +07)" executed successfully
2026-09-17 17:51:15,016 INFO apscheduler.executors.default: Running job "main.<locals>.run_trail_sl (trigger: interval[0:00:05], next run at: 2026-09-17 17:51:19 +07)" (scheduled at 2026-09-17 17:51:14.999412+07:00)
2026-09-17 17:51:15,016 INFO apscheduler.executors.default: Job "main.<locals>.run_trail_sl (trigger: interval[0:00:05], next run at: 2026-09-17 17:51:19 +07)" executed successfully
2026-09-17 17:51:16,022 INFO apscheduler.executors.default: Running job "main.<locals>.run_scan (trigger: cron[second='1,6,11,16,21,26,31,36,41,46,51,56'], next run at: 2026-09-17 17:51:21 +07)" (scheduled at 2026-09-17 17:51:16+07:00)
2026-09-17 17:51:16,022 INFO apscheduler.executors.default: Job "main.<locals>.run_scan (trigger: cron[second='1,6,11,16,21,26,31,36,41,46,51,56'], next run at: 2026-09-17 17:51:21 +07)" executed successfully
2026-09-17 17:51:16,022 INFO apscheduler.executors.default: Running job "main.<locals>.write_heartbeat_job (trigger: interval[0:00:15], next run at: 2026-09-17 17:51:31 +07)" (scheduled at 2026-09-17 17:51:16.000927+07:00)
2026-09-17 17:51:16,025 INFO apscheduler.executors.default: Job "main.<locals>.write_heartbeat_job (trigger: interval[0:00:15], next run at: 2026-09-17 17:51:31 +07)" executed successfully
2026-09-17 17:51:20,010 INFO apscheduler.executors.default: Running job "main.<locals>.run_lts_aus_fast_scan (trigger: interval[0:00:05], next run at: 2026-09-17 17:51:24 +07)" (scheduled at 2026-09-17 17:51:19.999412+07:00)
2026-09-17 17:51:20,010 INFO apscheduler.executors.default: Job "main.<locals>.run_lts_aus_fast_scan (trigger: interval[0:00:05], next run at: 2026-09-17 17:51:24 +07)" executed successfully
2026-09-17 17:51:20,010 INFO apscheduler.executors.default: Running job "main.<locals>.run_position_check (trigger: interval[0:00:05], next run at: 2026-09-17 17:51:24 +07)" (scheduled at 2026-09-17 17:51:19.999412+07:00)
2026-09-17 17:51:20,014 INFO apscheduler.executors.default: Job "main.<locals>.run_position_check (trigger: interval[0:00:05], next run at: 2026-09-17 17:51:24 +07)" executed successfully
2026-09-17 17:51:20,015 INFO apscheduler.executors.default: Running job "main.<locals>.save_bot_state_job (trigger: interval[0:00:15], next run at: 2026-09-17 17:51:34 +07)" (scheduled at 2026-09-17 17:51:19.999412+07:00)
2026-09-17 17:51:20,016 INFO apscheduler.executors.default: Job "main.<locals>.save_bot_state_job (trigger: interval[0:00:15], next run at: 2026-09-17 17:51:34 +07)" executed successfully
2026-09-17 17:51:20,016 INFO apscheduler.executors.default: Running job "main.<locals>.run_trail_sl (trigger: interval[0:00:05], next run at: 2026-09-17 17:51:24 +07)" (scheduled at 2026-09-17 17:51:19.999412+07:00)
2026-09-17 17:51:20,019 INFO apscheduler.executors.default: Job "main.<locals>.run_trail_sl (trigger: interval[0:00:05], next run at: 2026-09-17 17:51:24 +07)" executed successfully
2026-09-17 17:51:21,014 INFO apscheduler.executors.default: Running job "main.<locals>.run_scan (trigger: cron[second='1,6,11,16,21,26,31,36,41,46,51,56'], next run at: 2026-09-17 17:51:26 +07)" (scheduled at 2026-09-17 17:51:21+07:00)
2026-09-17 17:51:21,016 INFO apscheduler.executors.default: Job "main.<locals>.run_scan (trigger: cron[second='1,6,11,16,21,26,31,36,41,46,51,56'], next run at: 2026-09-17 17:51:26 +07)" executed successfully
2026-09-17 17:51:21,950 INFO httpx: HTTP Request: POST https://api.telegram.org/bot8700368282:AAGR_rmMfYeVtzIKkOQMXQrTWzmbbEs9MFQ/getUpdates "HTTP/1.1 200 OK"
2026-09-17 17:51:25,006 INFO apscheduler.executors.default: Running job "main.<locals>.run_lts_aus_fast_scan (trigger: interval[0:00:05], next run at: 2026-09-17 17:51:29 +07)" (scheduled at 2026-09-17 17:51:24.999412+07:00)
2026-09-17 17:51:25,006 INFO apscheduler.executors.default: Job "main.<locals>.run_lts_aus_fast_scan (trigger: interval[0:00:05], next run at: 2026-09-17 17:51:29 +07)" executed successfully
2026-09-17 17:51:25,006 INFO apscheduler.executors.default: Running job "main.<locals>.run_position_check (trigger: interval[0:00:05], next run at: 2026-09-17 17:51:29 +07)" (scheduled at 2026-09-17 17:51:24.999412+07:00)
2026-09-17 17:51:25,013 INFO apscheduler.executors.default: Job "main.<locals>.run_position_check (trigger: interval[0:00:05], next run at: 2026-09-17 17:51:29 +07)" executed successfully
2026-09-17 17:51:25,013 INFO apscheduler.executors.default: Running job "main.<locals>.run_trail_sl (trigger: interval[0:00:05], next run at: 2026-09-17 17:51:29 +07)" (scheduled at 2026-09-17 17:51:24.999412+07:00)
2026-09-17 17:51:25,014 INFO apscheduler.executors.default: Job "main.<locals>.run_trail_sl (trigger: interval[0:00:05], next run at: 2026-09-17 17:51:29 +07)" executed successfully
2026-09-17 17:51:26,021 INFO apscheduler.executors.default: Running job "main.<locals>.run_scan (trigger: cron[second='1,6,11,16,21,26,31,36,41,46,51,56'], next run at: 2026-09-17 17:51:31 +07)" (scheduled at 2026-09-17 17:51:26+07:00)
2026-09-17 17:51:26,021 INFO apscheduler.executors.default: Job "main.<locals>.run_scan (trigger: cron[second='1,6,11,16,21,26,31,36,41,46,51,56'], next run at: 2026-09-17 17:51:31 +07)" executed successfully
2026-09-17 17:51:30,013 INFO apscheduler.executors.default: Running job "main.<locals>.run_lts_aus_fast_scan (trigger: interval[0:00:05], next run at: 2026-09-17 17:51:34 +07)" (scheduled at 2026-09-17 17:51:29.999412+07:00)
2026-09-17 17:51:30,014 INFO apscheduler.executors.default: Job "main.<locals>.run_lts_aus_fast_scan (trigger: interval[0:00:05], next run at: 2026-09-17 17:51:34 +07)" executed successfully
2026-09-17 17:51:30,014 INFO apscheduler.executors.default: Running job "main.<locals>.run_position_check (trigger: interval[0:00:05], next run at: 2026-09-17 17:51:34 +07)" (scheduled at 2026-09-17 17:51:29.999412+07:00)
2026-09-17 17:51:30,020 INFO apscheduler.executors.default: Job "main.<locals>.run_position_check (trigger: interval[0:00:05], next run at: 2026-09-17 17:51:34 +07)" executed successfully
2026-09-17 17:51:30,020 INFO apscheduler.executors.default: Running job "main.<locals>.run_trail_sl (trigger: interval[0:00:05], next run at: 2026-09-17 17:51:34 +07)" (scheduled at 2026-09-17 17:51:29.999412+07:00)
2026-09-17 17:51:30,021 INFO apscheduler.executors.default: Job "main.<locals>.run_trail_sl (trigger: interval[0:00:05], next run at: 2026-09-17 17:51:34 +07)" executed successfully
2026-09-17 17:51:31,006 INFO apscheduler.executors.default: Running job "main.<locals>.run_scan (trigger: cron[second='1,6,11,16,21,26,31,36,41,46,51,56'], next run at: 2026-09-17 17:51:36 +07)" (scheduled at 2026-09-17 17:51:31+07:00)
2026-09-17 17:51:31,008 INFO apscheduler.executors.default: Job "main.<locals>.run_scan (trigger: cron[second='1,6,11,16,21,26,31,36,41,46,51,56'], next run at: 2026-09-17 17:51:36 +07)" executed successfully
2026-09-17 17:51:31,009 INFO apscheduler.executors.default: Running job "main.<locals>.write_heartbeat_job (trigger: interval[0:00:15], next run at: 2026-09-17 17:51:46 +07)" (scheduled at 2026-09-17 17:51:31.000927+07:00)
2026-09-17 17:51:31,011 INFO apscheduler.executors.default: Job "main.<locals>.write_heartbeat_job (trigger: interval[0:00:15], next run at: 2026-09-17 17:51:46 +07)" executed successfully
2026-09-17 17:51:32,143 INFO httpx: HTTP Request: POST https://api.telegram.org/bot8700368282:AAGR_rmMfYeVtzIKkOQMXQrTWzmbbEs9MFQ/getUpdates "HTTP/1.1 200 OK"
2026-09-17 17:51:35,012 INFO apscheduler.executors.default: Running job "main.<locals>.run_lts_aus_fast_scan (trigger: interval[0:00:05], next run at: 2026-09-17 17:51:39 +07)" (scheduled at 2026-09-17 17:51:34.999412+07:00)
2026-09-17 17:51:35,012 INFO apscheduler.executors.default: Job "main.<locals>.run_lts_aus_fast_scan (trigger: interval[0:00:05], next run at: 2026-09-17 17:51:39 +07)" executed successfully
2026-09-17 17:51:35,013 INFO apscheduler.executors.default: Running job "main.<locals>.run_position_check (trigger: interval[0:00:05], next run at: 2026-09-17 17:51:39 +07)" (scheduled at 2026-09-17 17:51:34.999412+07:00)
2026-09-17 17:51:35,017 INFO apscheduler.executors.default: Job "main.<locals>.run_position_check (trigger: interval[0:00:05], next run at: 2026-09-17 17:51:39 +07)" executed successfully
2026-09-17 17:51:35,020 INFO apscheduler.executors.default: Running job "main.<locals>.save_bot_state_job (trigger: interval[0:00:15], next run at: 2026-09-17 17:51:49 +07)" (scheduled at 2026-09-17 17:51:34.999412+07:00)
2026-09-17 17:51:35,022 INFO apscheduler.executors.default: Job "main.<locals>.save_bot_state_job (trigger: interval[0:00:15], next run at: 2026-09-17 17:51:49 +07)" executed successfully
2026-09-17 17:51:35,022 INFO apscheduler.executors.default: Running job "main.<locals>.run_trail_sl (trigger: interval[0:00:05], next run at: 2026-09-17 17:51:39 +07)" (scheduled at 2026-09-17 17:51:34.999412+07:00)
2026-09-17 17:51:35,024 INFO apscheduler.executors.default: Job "main.<locals>.run_trail_sl (trigger: interval[0:00:05], next run at: 2026-09-17 17:51:39 +07)" executed successfully
2026-09-17 17:51:36,001 INFO apscheduler.executors.default: Running job "main.<locals>.run_scan (trigger: cron[second='1,6,11,16,21,26,31,36,41,46,51,56'], next run at: 2026-09-17 17:51:41 +07)" (scheduled at 2026-09-17 17:51:36+07:00)
2026-09-17 17:51:36,002 INFO apscheduler.executors.default: Job "main.<locals>.run_scan (trigger: cron[second='1,6,11,16,21,26,31,36,41,46,51,56'], next run at: 2026-09-17 17:51:41 +07)" executed successfully
2026-09-17 17:51:40,006 INFO apscheduler.executors.default: Running job "main.<locals>.run_lts_aus_fast_scan (trigger: interval[0:00:05], next run at: 2026-09-17 17:51:44 +07)" (scheduled at 2026-09-17 17:51:39.999412+07:00)
2026-09-17 17:51:40,006 INFO apscheduler.executors.default: Job "main.<locals>.run_lts_aus_fast_scan (trigger: interval[0:00:05], next run at: 2026-09-17 17:51:44 +07)" executed successfully
2026-09-17 17:51:40,006 INFO apscheduler.executors.default: Running job "main.<locals>.run_position_check (trigger: interval[0:00:05], next run at: 2026-09-17 17:51:44 +07)" (scheduled at 2026-09-17 17:51:39.999412+07:00)
2026-09-17 17:51:40,012 INFO apscheduler.executors.default: Job "main.<locals>.run_position_check (trigger: interval[0:00:05], next run at: 2026-09-17 17:51:44 +07)" executed successfully
2026-09-17 17:51:40,012 INFO apscheduler.executors.default: Running job "main.<locals>.run_trail_sl (trigger: interval[0:00:05], next run at: 2026-09-17 17:51:44 +07)" (scheduled at 2026-09-17 17:51:39.999412+07:00)
2026-09-17 17:51:40,014 INFO apscheduler.executors.default: Job "main.<locals>.run_trail_sl (trigger: interval[0:00:05], next run at: 2026-09-17 17:51:44 +07)" executed successfully
2026-09-17 17:51:41,014 INFO apscheduler.executors.default: Running job "main.<locals>.run_scan (trigger: cron[second='1,6,11,16,21,26,31,36,41,46,51,56'], next run at: 2026-09-17 17:51:46 +07)" (scheduled at 2026-09-17 17:51:41+07:00)
2026-09-17 17:51:41,015 INFO apscheduler.executors.default: Job "main.<locals>.run_scan (trigger: cron[second='1,6,11,16,21,26,31,36,41,46,51,56'], next run at: 2026-09-17 17:51:46 +07)" executed successfully
2026-09-17 17:51:42,336 INFO httpx: HTTP Request: POST https://api.telegram.org/bot8700368282:AAGR_rmMfYeVtzIKkOQMXQrTWzmbbEs9MFQ/getUpdates "HTTP/1.1 200 OK"
2026-09-17 17:51:45,003 INFO apscheduler.executors.default: Running job "main.<locals>.run_lts_aus_fast_scan (trigger: interval[0:00:05], next run at: 2026-09-17 17:51:49 +07)" (scheduled at 2026-09-17 17:51:44.999412+07:00)
2026-09-17 17:51:45,004 INFO apscheduler.executors.default: Job "main.<locals>.run_lts_aus_fast_scan (trigger: interval[0:00:05], next run at: 2026-09-17 17:51:49 +07)" executed successfully
2026-09-17 17:51:45,004 INFO apscheduler.executors.default: Running job "main.<locals>.run_position_check (trigger: interval[0:00:05], next run at: 2026-09-17 17:51:49 +07)" (scheduled at 2026-09-17 17:51:44.999412+07:00)
2026-09-17 17:51:45,013 INFO apscheduler.executors.default: Job "main.<locals>.run_position_check (trigger: interval[0:00:05], next run at: 2026-09-17 17:51:49 +07)" executed successfully
2026-09-17 17:51:45,014 INFO apscheduler.executors.default: Running job "main.<locals>.run_trail_sl (trigger: interval[0:00:05], next run at: 2026-09-17 17:51:49 +07)" (scheduled at 2026-09-17 17:51:44.999412+07:00)
2026-09-17 17:51:45,014 INFO apscheduler.executors.default: Job "main.<locals>.run_trail_sl (trigger: interval[0:00:05], next run at: 2026-09-17 17:51:49 +07)" executed successfully
2026-09-17 17:51:46,020 INFO apscheduler.executors.default: Running job "main.<locals>.run_scan (trigger: cron[second='1,6,11,16,21,26,31,36,41,46,51,56'], next run at: 2026-09-17 17:51:51 +07)" (scheduled at 2026-09-17 17:51:46+07:00)
2026-09-17 17:51:46,020 INFO apscheduler.executors.default: Job "main.<locals>.run_scan (trigger: cron[second='1,6,11,16,21,26,31,36,41,46,51,56'], next run at: 2026-09-17 17:51:51 +07)" executed successfully
2026-09-17 17:51:46,021 INFO apscheduler.executors.default: Running job "main.<locals>.write_heartbeat_job (trigger: interval[0:00:15], next run at: 2026-09-17 17:52:01 +07)" (scheduled at 2026-09-17 17:51:46.000927+07:00)
2026-09-17 17:51:46,024 INFO apscheduler.executors.default: Job "main.<locals>.write_heartbeat_job (trigger: interval[0:00:15], next run at: 2026-09-17 17:52:01 +07)" executed successfully
2026-09-17 17:51:50,010 INFO apscheduler.executors.default: Running job "main.<locals>.run_lts_aus_fast_scan (trigger: interval[0:00:05], next run at: 2026-09-17 17:51:54 +07)" (scheduled at 2026-09-17 17:51:49.999412+07:00)
2026-09-17 17:51:50,011 INFO apscheduler.executors.default: Job "main.<locals>.run_lts_aus_fast_scan (trigger: interval[0:00:05], next run at: 2026-09-17 17:51:54 +07)" executed successfully
2026-09-17 17:51:50,011 INFO apscheduler.executors.default: Running job "main.<locals>.run_position_check (trigger: interval[0:00:05], next run at: 2026-09-17 17:51:54 +07)" (scheduled at 2026-09-17 17:51:49.999412+07:00)
2026-09-17 17:51:50,018 INFO apscheduler.executors.default: Job "main.<locals>.run_position_check (trigger: interval[0:00:05], next run at: 2026-09-17 17:51:54 +07)" executed successfully
2026-09-17 17:51:50,020 INFO apscheduler.executors.default: Running job "main.<locals>.save_bot_state_job (trigger: interval[0:00:15], next run at: 2026-09-17 17:52:04 +07)" (scheduled at 2026-09-17 17:51:49.999412+07:00)
2026-09-17 17:51:50,023 INFO apscheduler.executors.default: Job "main.<locals>.save_bot_state_job (trigger: interval[0:00:15], next run at: 2026-09-17 17:52:04 +07)" executed successfully
2026-09-17 17:51:50,023 INFO apscheduler.executors.default: Running job "main.<locals>.run_trail_sl (trigger: interval[0:00:05], next run at: 2026-09-17 17:51:54 +07)" (scheduled at 2026-09-17 17:51:49.999412+07:00)
2026-09-17 17:51:50,024 INFO apscheduler.executors.default: Job "main.<locals>.run_trail_sl (trigger: interval[0:00:05], next run at: 2026-09-17 17:51:54 +07)" executed successfully
2026-09-17 17:51:51,010 INFO apscheduler.executors.default: Running job "main.<locals>.run_scan (trigger: cron[second='1,6,11,16,21,26,31,36,41,46,51,56'], next run at: 2026-09-17 17:51:56 +07)" (scheduled at 2026-09-17 17:51:51+07:00)
2026-09-17 17:51:51,011 INFO apscheduler.executors.default: Job "main.<locals>.run_scan (trigger: cron[second='1,6,11,16,21,26,31,36,41,46,51,56'], next run at: 2026-09-17 17:51:56 +07)" executed successfully
2026-09-17 17:51:52,530 INFO httpx: HTTP Request: POST https://api.telegram.org/bot8700368282:AAGR_rmMfYeVtzIKkOQMXQrTWzmbbEs9MFQ/getUpdates "HTTP/1.1 200 OK"
2026-09-17 17:51:55,007 INFO apscheduler.executors.default: Running job "main.<locals>.run_lts_aus_fast_scan (trigger: interval[0:00:05], next run at: 2026-09-17 17:51:59 +07)" (scheduled at 2026-09-17 17:51:54.999412+07:00)
2026-09-17 17:51:55,007 INFO apscheduler.executors.default: Job "main.<locals>.run_lts_aus_fast_scan (trigger: interval[0:00:05], next run at: 2026-09-17 17:51:59 +07)" executed successfully
2026-09-17 17:51:55,007 INFO apscheduler.executors.default: Running job "main.<locals>.run_position_check (trigger: interval[0:00:05], next run at: 2026-09-17 17:51:59 +07)" (scheduled at 2026-09-17 17:51:54.999412+07:00)
2026-09-17 17:51:55,014 INFO apscheduler.executors.default: Job "main.<locals>.run_position_check (trigger: interval[0:00:05], next run at: 2026-09-17 17:51:59 +07)" executed successfully
2026-09-17 17:51:55,015 INFO apscheduler.executors.default: Running job "main.<locals>.run_trail_sl (trigger: interval[0:00:05], next run at: 2026-09-17 17:51:59 +07)" (scheduled at 2026-09-17 17:51:54.999412+07:00)
2026-09-17 17:51:55,015 INFO apscheduler.executors.default: Job "main.<locals>.run_trail_sl (trigger: interval[0:00:05], next run at: 2026-09-17 17:51:59 +07)" executed successfully
2026-09-17 17:51:56,014 INFO apscheduler.executors.default: Running job "main.<locals>.run_scan (trigger: cron[second='1,6,11,16,21,26,31,36,41,46,51,56'], next run at: 2026-09-17 17:52:01 +07)" (scheduled at 2026-09-17 17:51:56+07:00)
2026-09-17 17:51:56,015 INFO apscheduler.executors.default: Job "main.<locals>.run_scan (trigger: cron[second='1,6,11,16,21,26,31,36,41,46,51,56'], next run at: 2026-09-17 17:52:01 +07)" executed successfully
2026-09-17 17:52:00,011 INFO apscheduler.executors.default: Running job "main.<locals>.run_lts_aus_fast_scan (trigger: interval[0:00:05], next run at: 2026-09-17 17:52:04 +07)" (scheduled at 2026-09-17 17:51:59.999412+07:00)
2026-09-17 17:52:00,011 INFO apscheduler.executors.default: Job "main.<locals>.run_lts_aus_fast_scan (trigger: interval[0:00:05], next run at: 2026-09-17 17:52:04 +07)" executed successfully
2026-09-17 17:52:00,012 INFO apscheduler.executors.default: Running job "main.<locals>.run_position_check (trigger: interval[0:00:05], next run at: 2026-09-17 17:52:04 +07)" (scheduled at 2026-09-17 17:51:59.999412+07:00)
2026-09-17 17:52:00,018 INFO apscheduler.executors.default: Job "main.<locals>.run_position_check (trigger: interval[0:00:05], next run at: 2026-09-17 17:52:04 +07)" executed successfully
2026-09-17 17:52:00,019 INFO apscheduler.executors.default: Running job "main.<locals>.run_trail_sl (trigger: interval[0:00:05], next run at: 2026-09-17 17:52:04 +07)" (scheduled at 2026-09-17 17:51:59.999412+07:00)
2026-09-17 17:52:00,019 INFO apscheduler.executors.default: Job "main.<locals>.run_trail_sl (trigger: interval[0:00:05], next run at: 2026-09-17 17:52:04 +07)" executed successfully
2026-09-17 17:52:01,012 INFO apscheduler.executors.default: Running job "main.<locals>.run_scan (trigger: cron[second='1,6,11,16,21,26,31,36,41,46,51,56'], next run at: 2026-09-17 17:52:06 +07)" (scheduled at 2026-09-17 17:52:01+07:00)
2026-09-17 17:52:01,013 INFO apscheduler.executors.default: Job "main.<locals>.run_scan (trigger: cron[second='1,6,11,16,21,26,31,36,41,46,51,56'], next run at: 2026-09-17 17:52:06 +07)" executed successfully
2026-09-17 17:52:01,013 INFO apscheduler.executors.default: Running job "main.<locals>.write_heartbeat_job (trigger: interval[0:00:15], next run at: 2026-09-17 17:52:16 +07)" (scheduled at 2026-09-17 17:52:01.000927+07:00)
2026-09-17 17:52:01,015 INFO apscheduler.executors.default: Job "main.<locals>.write_heartbeat_job (trigger: interval[0:00:15], next run at: 2026-09-17 17:52:16 +07)" executed successfully
2026-09-17 17:52:02,724 INFO httpx: HTTP Request: POST https://api.telegram.org/bot8700368282:AAGR_rmMfYeVtzIKkOQMXQrTWzmbbEs9MFQ/getUpdates "HTTP/1.1 200 OK"
2026-09-17 17:52:05,005 INFO apscheduler.executors.default: Running job "main.<locals>.run_demo_portfolio_scan (trigger: interval[0:05:00], next run at: 2026-09-17 17:57:04 +07)" (scheduled at 2026-09-17 17:52:04.997660+07:00)
2026-09-17 17:52:05,014 INFO apscheduler.executors.default: Running job "main.<locals>.check_symbol_switch (trigger: interval[0:01:00], next run at: 2026-09-17 17:53:04 +07)" (scheduled at 2026-09-17 17:52:04.997660+07:00)
2026-09-17 17:52:05,019 INFO apscheduler.executors.default: Job "main.<locals>.check_symbol_switch (trigger: interval[0:01:00], next run at: 2026-09-17 17:53:04 +07)" executed successfully
2026-09-17 17:52:05,020 INFO apscheduler.executors.default: Running job "main.<locals>.run_lts_aus_fast_scan (trigger: interval[0:00:05], next run at: 2026-09-17 17:52:09 +07)" (scheduled at 2026-09-17 17:52:04.999412+07:00)
2026-09-17 17:52:05,020 INFO apscheduler.executors.default: Job "main.<locals>.run_lts_aus_fast_scan (trigger: interval[0:00:05], next run at: 2026-09-17 17:52:09 +07)" executed successfully
2026-09-17 17:52:05,020 INFO apscheduler.executors.default: Running job "main.<locals>.run_position_check (trigger: interval[0:00:05], next run at: 2026-09-17 17:52:09 +07)" (scheduled at 2026-09-17 17:52:04.999412+07:00)
2026-09-17 17:52:05,025 INFO apscheduler.executors.default: Job "main.<locals>.run_position_check (trigger: interval[0:00:05], next run at: 2026-09-17 17:52:09 +07)" executed successfully
2026-09-17 17:52:05,026 INFO apscheduler.executors.default: Running job "main.<locals>.save_bot_state_job (trigger: interval[0:00:15], next run at: 2026-09-17 17:52:19 +07)" (scheduled at 2026-09-17 17:52:04.999412+07:00)
2026-09-17 17:52:05,027 INFO apscheduler.executors.default: Job "main.<locals>.save_bot_state_job (trigger: interval[0:00:15], next run at: 2026-09-17 17:52:19 +07)" executed successfully
2026-09-17 17:52:05,028 INFO apscheduler.executors.default: Running job "main.<locals>.run_trail_sl (trigger: interval[0:00:05], next run at: 2026-09-17 17:52:09 +07)" (scheduled at 2026-09-17 17:52:04.999412+07:00)
2026-09-17 17:52:05,028 INFO apscheduler.executors.default: Job "main.<locals>.run_trail_sl (trigger: interval[0:00:05], next run at: 2026-09-17 17:52:09 +07)" executed successfully
2026-09-17 17:52:05,030 INFO apscheduler.executors.default: Running job "main.<locals>.run_watchdog (trigger: interval[0:01:00], next run at: 2026-09-17 17:53:05 +07)" (scheduled at 2026-09-17 17:52:05.000927+07:00)
2026-09-17 17:52:05,032 INFO apscheduler.executors.default: Job "main.<locals>.run_watchdog (trigger: interval[0:01:00], next run at: 2026-09-17 17:53:05 +07)" executed successfully
2026-09-17 17:52:05,142 INFO apscheduler.executors.default: Job "main.<locals>.run_demo_portfolio_scan (trigger: interval[0:05:00], next run at: 2026-09-17 17:57:04 +07)" executed successfully
2026-09-17 17:52:06,012 INFO apscheduler.executors.default: Running job "main.<locals>.run_scan (trigger: cron[second='1,6,11,16,21,26,31,36,41,46,51,56'], next run at: 2026-09-17 17:52:11 +07)" (scheduled at 2026-09-17 17:52:06+07:00)
2026-09-17 17:52:06,012 INFO apscheduler.executors.default: Job "main.<locals>.run_scan (trigger: cron[second='1,6,11,16,21,26,31,36,41,46,51,56'], next run at: 2026-09-17 17:52:11 +07)" executed successfully
2026-09-17 17:52:10,014 INFO apscheduler.executors.default: Running job "main.<locals>.run_lts_aus_fast_scan (trigger: interval[0:00:05], next run at: 2026-09-17 17:52:14 +07)" (scheduled at 2026-09-17 17:52:09.999412+07:00)
2026-09-17 17:52:10,014 INFO apscheduler.executors.default: Job "main.<locals>.run_lts_aus_fast_scan (trigger: interval[0:00:05], next run at: 2026-09-17 17:52:14 +07)" executed successfully
2026-09-17 17:52:10,015 INFO apscheduler.executors.default: Running job "main.<locals>.run_position_check (trigger: interval[0:00:05], next run at: 2026-09-17 17:52:14 +07)" (scheduled at 2026-09-17 17:52:09.999412+07:00)
2026-09-17 17:52:10,018 INFO apscheduler.executors.default: Job "main.<locals>.run_position_check (trigger: interval[0:00:05], next run at: 2026-09-17 17:52:14 +07)" executed successfully
2026-09-17 17:52:10,018 INFO apscheduler.executors.default: Running job "main.<locals>.run_trail_sl (trigger: interval[0:00:05], next run at: 2026-09-17 17:52:14 +07)" (scheduled at 2026-09-17 17:52:09.999412+07:00)
2026-09-17 17:52:10,018 INFO apscheduler.executors.default: Job "main.<locals>.run_trail_sl (trigger: interval[0:00:05], next run at: 2026-09-17 17:52:14 +07)" executed successfully
2026-09-17 17:52:11,009 INFO apscheduler.executors.default: Running job "main.<locals>.run_scan (trigger: cron[second='1,6,11,16,21,26,31,36,41,46,51,56'], next run at: 2026-09-17 17:52:16 +07)" (scheduled at 2026-09-17 17:52:11+07:00)
2026-09-17 17:52:11,009 INFO apscheduler.executors.default: Job "main.<locals>.run_scan (trigger: cron[second='1,6,11,16,21,26,31,36,41,46,51,56'], next run at: 2026-09-17 17:52:16 +07)" executed successfully
2026-09-17 17:52:12,920 INFO httpx: HTTP Request: POST https://api.telegram.org/bot8700368282:AAGR_rmMfYeVtzIKkOQMXQrTWzmbbEs9MFQ/getUpdates "HTTP/1.1 200 OK"
2026-09-17 17:52:15,018 INFO apscheduler.executors.default: Running job "main.<locals>.run_lts_aus_fast_scan (trigger: interval[0:00:05], next run at: 2026-09-17 17:52:19 +07)" (scheduled at 2026-09-17 17:52:14.999412+07:00)
2026-09-17 17:52:15,018 INFO apscheduler.executors.default: Job "main.<locals>.run_lts_aus_fast_scan (trigger: interval[0:00:05], next run at: 2026-09-17 17:52:19 +07)" executed successfully
2026-09-17 17:52:15,019 INFO apscheduler.executors.default: Running job "main.<locals>.run_position_check (trigger: interval[0:00:05], next run at: 2026-09-17 17:52:19 +07)" (scheduled at 2026-09-17 17:52:14.999412+07:00)
2026-09-17 17:52:15,022 INFO apscheduler.executors.default: Job "main.<locals>.run_position_check (trigger: interval[0:00:05], next run at: 2026-09-17 17:52:19 +07)" executed successfully
2026-09-17 17:52:15,023 INFO apscheduler.executors.default: Running job "main.<locals>.run_trail_sl (trigger: interval[0:00:05], next run at: 2026-09-17 17:52:19 +07)" (scheduled at 2026-09-17 17:52:14.999412+07:00)
2026-09-17 17:52:15,023 INFO apscheduler.executors.default: Job "main.<locals>.run_trail_sl (trigger: interval[0:00:05], next run at: 2026-09-17 17:52:19 +07)" executed successfully
2026-09-17 17:52:16,012 INFO apscheduler.executors.default: Running job "main.<locals>.run_scan (trigger: cron[second='1,6,11,16,21,26,31,36,41,46,51,56'], next run at: 2026-09-17 17:52:21 +07)" (scheduled at 2026-09-17 17:52:16+07:00)
2026-09-17 17:52:16,014 INFO apscheduler.executors.default: Job "main.<locals>.run_scan (trigger: cron[second='1,6,11,16,21,26,31,36,41,46,51,56'], next run at: 2026-09-17 17:52:21 +07)" executed successfully
2026-09-17 17:52:16,014 INFO apscheduler.executors.default: Running job "main.<locals>.write_heartbeat_job (trigger: interval[0:00:15], next run at: 2026-09-17 17:52:31 +07)" (scheduled at 2026-09-17 17:52:16.000927+07:00)
2026-09-17 17:52:16,016 INFO apscheduler.executors.default: Job "main.<locals>.write_heartbeat_job (trigger: interval[0:00:15], next run at: 2026-09-17 17:52:31 +07)" executed successfully
2026-09-17 17:52:20,009 INFO apscheduler.executors.default: Running job "main.<locals>.run_lts_aus_fast_scan (trigger: interval[0:00:05], next run at: 2026-09-17 17:52:24 +07)" (scheduled at 2026-09-17 17:52:19.999412+07:00)
2026-09-17 17:52:20,009 INFO apscheduler.executors.default: Job "main.<locals>.run_lts_aus_fast_scan (trigger: interval[0:00:05], next run at: 2026-09-17 17:52:24 +07)" executed successfully
2026-09-17 17:52:20,009 INFO apscheduler.executors.default: Running job "main.<locals>.run_position_check (trigger: interval[0:00:05], next run at: 2026-09-17 17:52:24 +07)" (scheduled at 2026-09-17 17:52:19.999412+07:00)
2026-09-17 17:52:20,015 INFO apscheduler.executors.default: Job "main.<locals>.run_position_check (trigger: interval[0:00:05], next run at: 2026-09-17 17:52:24 +07)" executed successfully
2026-09-17 17:52:20,015 INFO apscheduler.executors.default: Running job "main.<locals>.save_bot_state_job (trigger: interval[0:00:15], next run at: 2026-09-17 17:52:34 +07)" (scheduled at 2026-09-17 17:52:19.999412+07:00)
2026-09-17 17:52:20,017 INFO apscheduler.executors.default: Job "main.<locals>.save_bot_state_job (trigger: interval[0:00:15], next run at: 2026-09-17 17:52:34 +07)" executed successfully
2026-09-17 17:52:20,020 INFO apscheduler.executors.default: Running job "main.<locals>.run_trail_sl (trigger: interval[0:00:05], next run at: 2026-09-17 17:52:24 +07)" (scheduled at 2026-09-17 17:52:19.999412+07:00)
2026-09-17 17:52:20,020 INFO apscheduler.executors.default: Job "main.<locals>.run_trail_sl (trigger: interval[0:00:05], next run at: 2026-09-17 17:52:24 +07)" executed successfully
2026-09-17 17:52:21,005 INFO apscheduler.executors.default: Running job "main.<locals>.run_scan (trigger: cron[second='1,6,11,16,21,26,31,36,41,46,51,56'], next run at: 2026-09-17 17:52:26 +07)" (scheduled at 2026-09-17 17:52:21+07:00)
2026-09-17 17:52:21,006 INFO apscheduler.executors.default: Job "main.<locals>.run_scan (trigger: cron[second='1,6,11,16,21,26,31,36,41,46,51,56'], next run at: 2026-09-17 17:52:26 +07)" executed successfully
2026-09-17 17:52:23,114 INFO httpx: HTTP Request: POST https://api.telegram.org/bot8700368282:AAGR_rmMfYeVtzIKkOQMXQrTWzmbbEs9MFQ/getUpdates "HTTP/1.1 200 OK"
2026-09-17 17:52:25,004 INFO apscheduler.executors.default: Running job "main.<locals>.run_lts_aus_fast_scan (trigger: interval[0:00:05], next run at: 2026-09-17 17:52:29 +07)" (scheduled at 2026-09-17 17:52:24.999412+07:00)
2026-09-17 17:52:25,005 INFO apscheduler.executors.default: Job "main.<locals>.run_lts_aus_fast_scan (trigger: interval[0:00:05], next run at: 2026-09-17 17:52:29 +07)" executed successfully
2026-09-17 17:52:25,005 INFO apscheduler.executors.default: Running job "main.<locals>.run_position_check (trigger: interval[0:00:05], next run at: 2026-09-17 17:52:29 +07)" (scheduled at 2026-09-17 17:52:24.999412+07:00)
2026-09-17 17:52:25,010 INFO apscheduler.executors.default: Job "main.<locals>.run_position_check (trigger: interval[0:00:05], next run at: 2026-09-17 17:52:29 +07)" executed successfully
2026-09-17 17:52:25,010 INFO apscheduler.executors.default: Running job "main.<locals>.run_trail_sl (trigger: interval[0:00:05], next run at: 2026-09-17 17:52:29 +07)" (scheduled at 2026-09-17 17:52:24.999412+07:00)
2026-09-17 17:52:25,011 INFO apscheduler.executors.default: Job "main.<locals>.run_trail_sl (trigger: interval[0:00:05], next run at: 2026-09-17 17:52:29 +07)" executed successfully
2026-09-17 17:52:26,015 INFO apscheduler.executors.default: Running job "main.<locals>.run_scan (trigger: cron[second='1,6,11,16,21,26,31,36,41,46,51,56'], next run at: 2026-09-17 17:52:31 +07)" (scheduled at 2026-09-17 17:52:26+07:00)
2026-09-17 17:52:26,016 INFO apscheduler.executors.default: Job "main.<locals>.run_scan (trigger: cron[second='1,6,11,16,21,26,31,36,41,46,51,56'], next run at: 2026-09-17 17:52:31 +07)" executed successfully
2026-09-17 17:52:30,014 INFO apscheduler.executors.default: Running job "main.<locals>.run_lts_aus_fast_scan (trigger: interval[0:00:05], next run at: 2026-09-17 17:52:34 +07)" (scheduled at 2026-09-17 17:52:29.999412+07:00)
2026-09-17 17:52:30,015 INFO apscheduler.executors.default: Job "main.<locals>.run_lts_aus_fast_scan (trigger: interval[0:00:05], next run at: 2026-09-17 17:52:34 +07)" executed successfully
2026-09-17 17:52:30,016 INFO apscheduler.executors.default: Running job "main.<locals>.run_position_check (trigger: interval[0:00:05], next run at: 2026-09-17 17:52:34 +07)" (scheduled at 2026-09-17 17:52:29.999412+07:00)
2026-09-17 17:52:30,020 INFO apscheduler.executors.default: Job "main.<locals>.run_position_check (trigger: interval[0:00:05], next run at: 2026-09-17 17:52:34 +07)" executed successfully
2026-09-17 17:52:30,020 INFO apscheduler.executors.default: Running job "main.<locals>.run_trail_sl (trigger: interval[0:00:05], next run at: 2026-09-17 17:52:34 +07)" (scheduled at 2026-09-17 17:52:29.999412+07:00)
2026-09-17 17:52:30,020 INFO apscheduler.executors.default: Job "main.<locals>.run_trail_sl (trigger: interval[0:00:05], next run at: 2026-09-17 17:52:34 +07)" executed successfully
2026-09-17 17:52:31,009 INFO apscheduler.executors.default: Running job "main.<locals>.run_scan (trigger: cron[second='1,6,11,16,21,26,31,36,41,46,51,56'], next run at: 2026-09-17 17:52:36 +07)" (scheduled at 2026-09-17 17:52:31+07:00)
2026-09-17 17:52:31,009 INFO apscheduler.executors.default: Job "main.<locals>.run_scan (trigger: cron[second='1,6,11,16,21,26,31,36,41,46,51,56'], next run at: 2026-09-17 17:52:36 +07)" executed successfully
2026-09-17 17:52:31,009 INFO apscheduler.executors.default: Running job "main.<locals>.write_heartbeat_job (trigger: interval[0:00:15], next run at: 2026-09-17 17:52:46 +07)" (scheduled at 2026-09-17 17:52:31.000927+07:00)
2026-09-17 17:52:31,012 INFO apscheduler.executors.default: Job "main.<locals>.write_heartbeat_job (trigger: interval[0:00:15], next run at: 2026-09-17 17:52:46 +07)" executed successfully
2026-09-17 17:52:33,308 INFO httpx: HTTP Request: POST https://api.telegram.org/bot8700368282:AAGR_rmMfYeVtzIKkOQMXQrTWzmbbEs9MFQ/getUpdates "HTTP/1.1 200 OK"
2026-09-17 17:52:35,011 INFO apscheduler.executors.default: Running job "main.<locals>.run_lts_aus_fast_scan (trigger: interval[0:00:05], next run at: 2026-09-17 17:52:39 +07)" (scheduled at 2026-09-17 17:52:34.999412+07:00)
2026-09-17 17:52:35,012 INFO apscheduler.executors.default: Job "main.<locals>.run_lts_aus_fast_scan (trigger: interval[0:00:05], next run at: 2026-09-17 17:52:39 +07)" executed successfully
2026-09-17 17:52:35,012 INFO apscheduler.executors.default: Running job "main.<locals>.run_position_check (trigger: interval[0:00:05], next run at: 2026-09-17 17:52:39 +07)" (scheduled at 2026-09-17 17:52:34.999412+07:00)
2026-09-17 17:52:35,015 INFO apscheduler.executors.default: Job "main.<locals>.run_position_check (trigger: interval[0:00:05], next run at: 2026-09-17 17:52:39 +07)" executed successfully
2026-09-17 17:52:35,015 INFO apscheduler.executors.default: Running job "main.<locals>.save_bot_state_job (trigger: interval[0:00:15], next run at: 2026-09-17 17:52:49 +07)" (scheduled at 2026-09-17 17:52:34.999412+07:00)
2026-09-17 17:52:35,018 INFO apscheduler.executors.default: Job "main.<locals>.save_bot_state_job (trigger: interval[0:00:15], next run at: 2026-09-17 17:52:49 +07)" executed successfully
2026-09-17 17:52:35,020 INFO apscheduler.executors.default: Running job "main.<locals>.run_trail_sl (trigger: interval[0:00:05], next run at: 2026-09-17 17:52:39 +07)" (scheduled at 2026-09-17 17:52:34.999412+07:00)
2026-09-17 17:52:35,020 INFO apscheduler.executors.default: Job "main.<locals>.run_trail_sl (trigger: interval[0:00:05], next run at: 2026-09-17 17:52:39 +07)" executed successfully
2026-09-17 17:52:36,005 INFO apscheduler.executors.default: Running job "main.<locals>.run_scan (trigger: cron[second='1,6,11,16,21,26,31,36,41,46,51,56'], next run at: 2026-09-17 17:52:41 +07)" (scheduled at 2026-09-17 17:52:36+07:00)
2026-09-17 17:52:36,006 INFO apscheduler.executors.default: Job "main.<locals>.run_scan (trigger: cron[second='1,6,11,16,21,26,31,36,41,46,51,56'], next run at: 2026-09-17 17:52:41 +07)" executed successfully
2026-09-17 17:52:40,006 INFO apscheduler.executors.default: Running job "main.<locals>.run_lts_aus_fast_scan (trigger: interval[0:00:05], next run at: 2026-09-17 17:52:44 +07)" (scheduled at 2026-09-17 17:52:39.999412+07:00)
2026-09-17 17:52:40,007 INFO apscheduler.executors.default: Job "main.<locals>.run_lts_aus_fast_scan (trigger: interval[0:00:05], next run at: 2026-09-17 17:52:44 +07)" executed successfully
2026-09-17 17:52:40,007 INFO apscheduler.executors.default: Running job "main.<locals>.run_position_check (trigger: interval[0:00:05], next run at: 2026-09-17 17:52:44 +07)" (scheduled at 2026-09-17 17:52:39.999412+07:00)
2026-09-17 17:52:40,012 INFO apscheduler.executors.default: Job "main.<locals>.run_position_check (trigger: interval[0:00:05], next run at: 2026-09-17 17:52:44 +07)" executed successfully
2026-09-17 17:52:40,012 INFO apscheduler.executors.default: Running job "main.<locals>.run_trail_sl (trigger: interval[0:00:05], next run at: 2026-09-17 17:52:44 +07)" (scheduled at 2026-09-17 17:52:39.999412+07:00)
2026-09-17 17:52:40,012 INFO apscheduler.executors.default: Job "main.<locals>.run_trail_sl (trigger: interval[0:00:05], next run at: 2026-09-17 17:52:44 +07)" executed successfully
2026-09-17 17:52:41,015 INFO apscheduler.executors.default: Running job "main.<locals>.run_scan (trigger: cron[second='1,6,11,16,21,26,31,36,41,46,51,56'], next run at: 2026-09-17 17:52:46 +07)" (scheduled at 2026-09-17 17:52:41+07:00)
2026-09-17 17:52:41,016 INFO apscheduler.executors.default: Job "main.<locals>.run_scan (trigger: cron[second='1,6,11,16,21,26,31,36,41,46,51,56'], next run at: 2026-09-17 17:52:46 +07)" executed successfully
