[2026-09-17 17:31:04] SYMBOL_CHECK | XAUUSD.iux trade_mode=4 xau_open=True | trade_mode=4 | tick_time=1789644665 | bid=4314.3 | ask=4314.44 | tick_ok=True | xau_open=True | current_symbol=XAUUSD.iux | startup=False
[2026-09-17 17:32:03] DEMO_PORTFOLIO_SCAN | XAUUSD.iux open active=LTS_AHR2
[2026-09-17 17:32:04] SYMBOL_CHECK | XAUUSD.iux trade_mode=4 xau_open=True | trade_mode=4 | tick_time=1789644724 | bid=4313.08 | ask=4313.22 | tick_ok=True | xau_open=True | current_symbol=XAUUSD.iux | startup=False
[2026-09-17 17:32:07] DEMO_PORTFOLIO_PENDING_ARM | LTS_AHR2_667 BUY entry=4313.72 sl=4258.976428571429 tp=4423.207142857143 lot=2.00 expires=5bars
[2026-09-17 17:32:07] DEMO_PORTFOLIO_PENDING_FILL | LTS_AHR2_667 BUY lot=2.00 entry=4313.72 sl=4258.976428571429 tp=4423.207142857143 success=True ticket=587111040 err=None
[2026-09-17 17:32:07] DEMO_PORTFOLIO_PENDING_CANCEL | LTS_AHR2_668 expired entry=4315.81
[2026-09-17 17:32:07] DEMO_PORTFOLIO_SCAN | XAUUSD.iux done active=LTS_AHR2
[2026-09-17 17:32:08] TG_SENT | [AF SIGNAL] *🔥✨ Avengers High Risk v2* | Leg: `LTS_AHR2_667 DIRECT_S96_M15` | BUY @ pending-fill market lot `2.00` | Entry `4313.72` SL `4258.98` TP `4423.21` | Ticket: `587111040`
[2026-09-17 17:33:04] SYMBOL_CHECK | XAUUSD.iux trade_mode=4 xau_open=True | trade_mode=4 | tick_time=1789644785 | bid=4312.84 | ask=4312.98 | tick_ok=True | xau_open=True | current_symbol=XAUUSD.iux | startup=False
[2026-09-17 17:34:04] SYMBOL_CHECK | XAUUSD.iux trade_mode=4 xau_open=True | trade_mode=4 | tick_time=1789644845 | bid=4313.27 | ask=4313.41 | tick_ok=True | xau_open=True | current_symbol=XAUUSD.iux | startup=False
[2026-09-17 17:35:04] SYMBOL_CHECK | XAUUSD.iux trade_mode=4 xau_open=True | trade_mode=4 | tick_time=1789644905 | bid=4315.19 | ask=4315.33 | tick_ok=True | xau_open=True | current_symbol=XAUUSD.iux | startup=False
[2026-09-17 17:35:45] POSITION_CLOSED | 🛑 SL Hit | ticket=587095650 | side=SELL | symbol=XAUUSD.iux | tf=M15 | sid=21 | pattern=- | trend_filter=- | open_price=4306.5 | close_price=4316.02 | sl=4316.02 | tp=4303.35 | profit=-1904.0 | reason=[sl 4316.02] | close_time=17:35:44 17/09/2026
[2026-09-17 17:35:45] TG_SENT | 🔴 *🛑 SL Hit* | ━━━━━━━━━━━━━━━━━ | 📊 TF: M15 | 📊 SELL XAUUSD.iux | 📌 เปิด: `4306.5` | 📌 ปิด: `4316.02` | 🛑 SL: `4316.02` | 🎯 TP: `4303.35` | 💬 เหตุผล: `[sl 4316.02]` | 💸 P/L: `-1904.0` USD | 🔖 Ticket: `587095650` | 🕐 Close Time: `17:35:44 17/09/2026`
[2026-09-17 17:36:05] SYMBOL_CHECK | XAUUSD.iux trade_mode=4 xau_open=True | trade_mode=4 | tick_time=1789644965 | bid=4317.24 | ask=4317.38 | tick_ok=True | xau_open=True | current_symbol=XAUUSD.iux | startup=False
[2026-09-17 17:37:04] DEMO_PORTFOLIO_SCAN | XAUUSD.iux open active=LTS_AHR2
[2026-09-17 17:37:05] SYMBOL_CHECK | XAUUSD.iux trade_mode=4 xau_open=True | trade_mode=4 | tick_time=1789645025 | bid=4317.52 | ask=4317.66 | tick_ok=True | xau_open=True | current_symbol=XAUUSD.iux | startup=False
[2026-09-17 17:37:05] DEMO_PORTFOLIO_SCAN | XAUUSD.iux done active=LTS_AHR2
[2026-09-17 17:38:04] SYMBOL_CHECK | XAUUSD.iux trade_mode=4 xau_open=True | trade_mode=4 | tick_time=1789645085 | bid=4317.07 | ask=4317.21 | tick_ok=True | xau_open=True | current_symbol=XAUUSD.iux | startup=False
[2026-09-17 17:39:03] SYMBOL_CHECK | XAUUSD.iux trade_mode=4 xau_open=True | trade_mode=4 | tick_time=1789645144 | bid=4316.74 | ask=4316.88 | tick_ok=True | xau_open=True | current_symbol=XAUUSD.iux | startup=False
[2026-09-17 17:40:04] SYMBOL_CHECK | XAUUSD.iux trade_mode=4 xau_open=True | trade_mode=4 | tick_time=1789645205 | bid=4316.6 | ask=4316.74 | tick_ok=True | xau_open=True | current_symbol=XAUUSD.iux | startup=False
[2026-09-17 17:41:05] SYMBOL_CHECK | XAUUSD.iux trade_mode=4 xau_open=True | trade_mode=4 | tick_time=1789645265 | bid=4315.6 | ask=4315.74 | tick_ok=True | xau_open=True | current_symbol=XAUUSD.iux | startup=False
[2026-09-17 17:42:05] DEMO_PORTFOLIO_SCAN | XAUUSD.iux open active=LTS_AHR2
[2026-09-17 17:42:05] SYMBOL_CHECK | XAUUSD.iux trade_mode=4 xau_open=True | trade_mode=4 | tick_time=1789645325 | bid=4315.05 | ask=4315.19 | tick_ok=True | xau_open=True | current_symbol=XAUUSD.iux | startup=False
[2026-09-17 17:42:05] DEMO_PORTFOLIO_SCAN | XAUUSD.iux done active=LTS_AHR2
[2026-09-17 17:43:04] SYMBOL_CHECK | XAUUSD.iux trade_mode=4 xau_open=True | trade_mode=4 | tick_time=1789645385 | bid=4315.23 | ask=4315.37 | tick_ok=True | xau_open=True | current_symbol=XAUUSD.iux | startup=False
[2026-09-17 17:44:04] SYMBOL_CHECK | XAUUSD.iux trade_mode=4 xau_open=True | trade_mode=4 | tick_time=1789645445 | bid=4316.8 | ask=4316.94 | tick_ok=True | xau_open=True | current_symbol=XAUUSD.iux | startup=False
[2026-09-17 17:45:05] SYMBOL_CHECK | XAUUSD.iux trade_mode=4 xau_open=True | trade_mode=4 | tick_time=1789645503 | bid=4316.39 | ask=4316.53 | tick_ok=True | xau_open=True | current_symbol=XAUUSD.iux | startup=False
[2026-09-17 17:46:03] SYMBOL_CHECK | XAUUSD.iux trade_mode=4 xau_open=True | trade_mode=4 | tick_time=1789645564 | bid=4317.02 | ask=4317.16 | tick_ok=True | xau_open=True | current_symbol=XAUUSD.iux | startup=False
[2026-09-17 17:47:03] DEMO_PORTFOLIO_SCAN | XAUUSD.iux open active=LTS_AHR2
[2026-09-17 17:47:04] SYMBOL_CHECK | XAUUSD.iux trade_mode=4 xau_open=True | trade_mode=4 | tick_time=1789645625 | bid=4317.72 | ask=4317.86 | tick_ok=True | xau_open=True | current_symbol=XAUUSD.iux | startup=False
[2026-09-17 17:47:04] DEMO_PORTFOLIO_PENDING_ARM | LTS_AHR2_667 BUY entry=4316.45 sl=4264.080714285715 tp=4421.18857142857 lot=2.00 expires=5bars
[2026-09-17 17:47:04] DEMO_PORTFOLIO_PENDING_ARM | LTS_AHR2_668 SELL entry=4316.45 sl=4421.18857142857 tp=4264.080714285715 lot=2.00 expires=5bars
[2026-09-17 17:47:04] DEMO_PORTFOLIO_PENDING_FILL | LTS_AHR2_668 SELL lot=2.00 entry=4316.45 sl=4421.18857142857 tp=4264.080714285715 success=True ticket=587116527 err=None
[2026-09-17 17:47:04] DEMO_PORTFOLIO_SCAN | XAUUSD.iux done active=LTS_AHR2
[2026-09-17 17:47:05] TG_SENT | [AF SIGNAL] *🔥✨ Avengers High Risk v2* | Leg: `LTS_AHR2_668 INVERSE_S96_M15` | SELL @ pending-fill market lot `2.00` | Entry `4316.45` SL `4421.19` TP `4264.08` | Ticket: `587116527`
[2026-09-17 17:48:04] SYMBOL_CHECK | XAUUSD.iux trade_mode=4 xau_open=True | trade_mode=4 | tick_time=1789645684 | bid=4317.36 | ask=4317.5 | tick_ok=True | xau_open=True | current_symbol=XAUUSD.iux | startup=False
[2026-09-17 17:49:03] SYMBOL_CHECK | XAUUSD.iux trade_mode=4 xau_open=True | trade_mode=4 | tick_time=1789645744 | bid=4318.21 | ask=4318.35 | tick_ok=True | xau_open=True | current_symbol=XAUUSD.iux | startup=False
[2026-09-17 17:50:04] SYMBOL_CHECK | XAUUSD.iux trade_mode=4 xau_open=True | trade_mode=4 | tick_time=1789645804 | bid=4318.48 | ask=4318.62 | tick_ok=True | xau_open=True | current_symbol=XAUUSD.iux | startup=False
[2026-09-17 17:51:04] SYMBOL_CHECK | XAUUSD.iux trade_mode=4 xau_open=True | trade_mode=4 | tick_time=1789645865 | bid=4321.48 | ask=4321.62 | tick_ok=True | xau_open=True | current_symbol=XAUUSD.iux | startup=False
[2026-09-17 17:52:03] DEMO_PORTFOLIO_SCAN | XAUUSD.iux open active=LTS_AHR2
[2026-09-17 17:52:05] SYMBOL_CHECK | XAUUSD.iux trade_mode=4 xau_open=True | trade_mode=4 | tick_time=1789645925 | bid=4321.94 | ask=4322.08 | tick_ok=True | xau_open=True | current_symbol=XAUUSD.iux | startup=False
[2026-09-17 17:52:05] DEMO_PORTFOLIO_SCAN | XAUUSD.iux done active=LTS_AHR2
[2026-09-17 17:53:04] SYMBOL_CHECK | XAUUSD.iux trade_mode=4 xau_open=True | trade_mode=4 | tick_time=1789645984 | bid=4322.24 | ask=4322.38 | tick_ok=True | xau_open=True | current_symbol=XAUUSD.iux | startup=False
[2026-09-17 17:54:05] SYMBOL_CHECK | XAUUSD.iux trade_mode=4 xau_open=True | trade_mode=4 | tick_time=1789646044 | bid=4323.53 | ask=4323.67 | tick_ok=True | xau_open=True | current_symbol=XAUUSD.iux | startup=False
[2026-09-17 17:55:05] SYMBOL_CHECK | XAUUSD.iux trade_mode=4 xau_open=True | trade_mode=4 | tick_time=1789646104 | bid=4322.08 | ask=4322.22 | tick_ok=True | xau_open=True | current_symbol=XAUUSD.iux | startup=False
[2026-09-17 17:56:04] SYMBOL_CHECK | XAUUSD.iux trade_mode=4 xau_open=True | trade_mode=4 | tick_time=1789646165 | bid=4321.48 | ask=4321.62 | tick_ok=True | xau_open=True | current_symbol=XAUUSD.iux | startup=False
[2026-09-17 17:57:04] DEMO_PORTFOLIO_SCAN | XAUUSD.iux open active=LTS_AHR2
[2026-09-17 17:57:05] SYMBOL_CHECK | XAUUSD.iux trade_mode=4 xau_open=True | trade_mode=4 | tick_time=1789646224 | bid=4323.72 | ask=4323.86 | tick_ok=True | xau_open=True | current_symbol=XAUUSD.iux | startup=False
[2026-09-17 17:57:05] DEMO_PORTFOLIO_SCAN | XAUUSD.iux done active=LTS_AHR2
[2026-09-17 17:58:05] SYMBOL_CHECK | XAUUSD.iux trade_mode=4 xau_open=True | trade_mode=4 | tick_time=1789646285 | bid=4324.66 | ask=4324.8 | tick_ok=True | xau_open=True | current_symbol=XAUUSD.iux | startup=False
[2026-09-17 17:59:04] SYMBOL_CHECK | XAUUSD.iux trade_mode=4 xau_open=True | trade_mode=4 | tick_time=1789646343 | bid=4324.4 | ask=4324.54 | tick_ok=True | xau_open=True | current_symbol=XAUUSD.iux | startup=False
[2026-09-17 18:00:05] SYMBOL_CHECK | XAUUSD.iux trade_mode=4 xau_open=True | trade_mode=4 | tick_time=1789646405 | bid=4325.4 | ask=4325.54 | tick_ok=True | xau_open=True | current_symbol=XAUUSD.iux | startup=False
[2026-09-17 18:01:04] SYMBOL_CHECK | XAUUSD.iux trade_mode=4 xau_open=True | trade_mode=4 | tick_time=1789646465 | bid=4327.58 | ask=4327.72 | tick_ok=True | xau_open=True | current_symbol=XAUUSD.iux | startup=False
[2026-09-17 18:02:05] DEMO_PORTFOLIO_SCAN | XAUUSD.iux open active=LTS_AHR2
[2026-09-17 18:02:05] SYMBOL_CHECK | XAUUSD.iux trade_mode=4 xau_open=True | trade_mode=4 | tick_time=1789646525 | bid=4328.56 | ask=4328.7 | tick_ok=True | xau_open=True | current_symbol=XAUUSD.iux | startup=False
[2026-09-17 18:02:05] DEMO_PORTFOLIO_SKIP | LTS_AHR2_3 skipped - hour 17 != 9
[2026-09-17 18:02:05] DEMO_PORTFOLIO_SKIP | LTS_AHR2_4 skipped - hour 17 != 11
[2026-09-17 18:02:05] DEMO_PORTFOLIO_SKIP | LTS_AHR2_5 skipped - risk_distance 11.41 > 4.00
[2026-09-17 18:02:05] DEMO_PORTFOLIO_SKIP | LTS_AHR2_10 skipped - hour 17 != 20
[2026-09-17 18:02:05] DEMO_PORTFOLIO_SKIP | LTS_AHR2_14 skipped - hour 17 != 8
[2026-09-17 18:02:05] DEMO_PORTFOLIO_SKIP | LTS_AHR2_15 skipped - hour 17 != 11
[2026-09-17 18:02:05] DEMO_PORTFOLIO_SKIP | LTS_AHR2_22 skipped - hour 17 != 9
[2026-09-17 18:02:05] DEMO_PORTFOLIO_SKIP | LTS_AHR2_23 skipped - hour 17 != 19
[2026-09-17 18:02:05] DEMO_PORTFOLIO_SKIP | LTS_AHR2_29 skipped - hour 17 != 12
[2026-09-17 18:02:05] DEMO_PORTFOLIO_SKIP | LTS_AHR2_30 skipped - hour 17 != 14
[2026-09-17 18:02:05] DEMO_PORTFOLIO_SKIP | LTS_AHR2_31 skipped - hour 17 != 19
[2026-09-17 18:02:05] DEMO_PORTFOLIO_SKIP | LTS_AHR2_37 skipped - hour 17 != 15
[2026-09-17 18:02:05] DEMO_PORTFOLIO_SKIP | LTS_AHR2_38 skipped - hour 17 != 11
[2026-09-17 18:02:05] DEMO_PORTFOLIO_SKIP | LTS_AHR2_45 skipped - hour 17 != 15
[2026-09-17 18:02:05] DEMO_PORTFOLIO_SKIP | LTS_AHR2_53 skipped - hour 17 != 15
[2026-09-17 18:02:05] DEMO_PORTFOLIO_SKIP | LTS_AHR2_54 skipped - hour 17 != 20
[2026-09-17 18:02:05] DEMO_PORTFOLIO_SKIP | LTS_AHR2_59 skipped - hour 17 != 16
[2026-09-17 18:02:05] DEMO_PORTFOLIO_SKIP | LTS_AHR2_60 skipped - hour 17 != 19
[2026-09-17 18:02:05] DEMO_PORTFOLIO_SKIP | LTS_AHR2_66 skipped - hour 17 != 18
[2026-09-17 18:02:05] DEMO_PORTFOLIO_SKIP | LTS_AHR2_71 skipped - hour 17 != 20
[2026-09-17 18:02:05] DEMO_PORTFOLIO_SKIP | LTS_AHR2_75 skipped - hour 17 != 21
[2026-09-17 18:02:05] DEMO_PORTFOLIO_SKIP | LTS_AHR2_78 skipped - hour 17 != 10
[2026-09-17 18:02:05] DEMO_PORTFOLIO_SKIP | LTS_AHR2_83 skipped - hour 17 != 10
[2026-09-17 18:02:05] DEMO_PORTFOLIO_SKIP | LTS_AHR2_87 skipped - hour 17 != 12
[2026-09-17 18:02:05] DEMO_PORTFOLIO_SKIP | LTS_AHR2_88 skipped - hour 17 != 12
[2026-09-17 18:02:05] DEMO_PORTFOLIO_SKIP | LTS_AHR2_89 skipped - hour 17 != 11
[2026-09-17 18:02:05] DEMO_PORTFOLIO_SKIP | LTS_AHR2_94 skipped - hour 17 != 15
[2026-09-17 18:02:05] DEMO_PORTFOLIO_SKIP | LTS_AHR2_95 skipped - hour 17 != 20
[2026-09-17 18:02:05] DEMO_PORTFOLIO_SKIP | LTS_AHR2_103 skipped - hour 17 != 16
[2026-09-17 18:02:05] DEMO_PORTFOLIO_SKIP | LTS_AHR2_104 skipped - hour 17 != 22
[2026-09-17 18:02:05] DEMO_PORTFOLIO_SKIP | LTS_AHR2_107 skipped - risk_distance 11.41 > 4.00
[2026-09-17 18:02:05] DEMO_PORTFOLIO_SKIP | LTS_AHR2_112 skipped - hour 17 != 19
[2026-09-17 18:02:05] DEMO_PORTFOLIO_SKIP | LTS_AHR2_117 skipped - hour 17 != 8
[2026-09-17 18:02:05] DEMO_PORTFOLIO_SKIP | LTS_AHR2_118 skipped - hour 17 != 12
[2026-09-17 18:02:05] DEMO_PORTFOLIO_SKIP | LTS_AHR2_122 skipped - hour 17 != 14
[2026-09-17 18:02:05] DEMO_PORTFOLIO_SKIP | LTS_AHR2_125 skipped - hour 17 != 10
[2026-09-17 18:02:05] DEMO_PORTFOLIO_SKIP | LTS_AHR2_127 skipped - hour 17 != 8
[2026-09-17 18:02:05] DEMO_PORTFOLIO_SKIP | LTS_AHR2_128 skipped - hour 17 != 16
[2026-09-17 18:02:05] DEMO_PORTFOLIO_SKIP | LTS_AHR2_132 skipped - hour 17 != 10
[2026-09-17 18:02:05] DEMO_PORTFOLIO_SKIP | LTS_AHR2_136 skipped - hour 17 != 15
[2026-09-17 18:02:06] DEMO_PORTFOLIO_SKIP | LTS_AHR2_139 skipped - hour 17 != 18
[2026-09-17 18:02:06] DEMO_PORTFOLIO_SKIP | LTS_AHR2_142 skipped - hour 17 != 15
[2026-09-17 18:02:06] DEMO_PORTFOLIO_SKIP | LTS_AHR2_145 skipped - hour 17 != 10
[2026-09-17 18:02:06] DEMO_PORTFOLIO_SKIP | LTS_AHR2_146 skipped - hour 17 != 9
[2026-09-17 18:02:06] DEMO_PORTFOLIO_SKIP | LTS_AHR2_151 skipped - hour 17 != 19
[2026-09-17 18:02:06] DEMO_PORTFOLIO_SKIP | LTS_AHR2_152 skipped - hour 17 != 20
[2026-09-17 18:02:06] DEMO_PORTFOLIO_SKIP | LTS_AHR2_156 skipped - hour 17 != 16
[2026-09-17 18:02:06] DEMO_PORTFOLIO_SKIP | LTS_AHR2_157 skipped - risk_distance 11.41 > 4.00
[2026-09-17 18:02:06] DEMO_PORTFOLIO_SKIP | LTS_AHR2_161 skipped - hour 17 != 9
[2026-09-17 18:02:06] DEMO_PORTFOLIO_SKIP | LTS_AHR2_162 skipped - hour 17 != 19
[2026-09-17 18:02:06] DEMO_PORTFOLIO_SKIP | LTS_AHR2_163 skipped - hour 17 != 19
[2026-09-17 18:02:06] DEMO_PORTFOLIO_SKIP | LTS_AHR2_167 skipped - risk_distance 11.41 > 4.00
[2026-09-17 18:02:06] DEMO_PORTFOLIO_SKIP | LTS_AHR2_172 skipped - hour 17 != 8
[2026-09-17 18:02:06] DEMO_PORTFOLIO_SKIP | LTS_AHR2_173 skipped - hour 17 != 16
[2026-09-17 18:02:06] DEMO_PORTFOLIO_SKIP | LTS_AHR2_178 skipped - hour 17 != 14
[2026-09-17 18:02:06] DEMO_PORTFOLIO_SKIP | LTS_AHR2_179 skipped - hour 17 != 14
[2026-09-17 18:02:06] DEMO_PORTFOLIO_SKIP | LTS_AHR2_182 skipped - hour 17 != 15
[2026-09-17 18:02:06] DEMO_PORTFOLIO_SKIP | LTS_AHR2_183 skipped - hour 17 != 21
[2026-09-17 18:02:06] DEMO_PORTFOLIO_SKIP | LTS_AHR2_187 skipped - hour 17 != 16
[2026-09-17 18:02:06] DEMO_PORTFOLIO_SKIP | LTS_AHR2_190 skipped - hour 17 != 21
[2026-09-17 18:02:06] DEMO_PORTFOLIO_SKIP | LTS_AHR2_194 skipped - hour 17 != 19
[2026-09-17 18:02:06] DEMO_PORTFOLIO_SKIP | LTS_AHR2_197 skipped - hour 17 != 14
[2026-09-17 18:02:06] DEMO_PORTFOLIO_SKIP | LTS_AHR2_198 skipped - hour 17 != 22
[2026-09-17 18:02:06] DEMO_PORTFOLIO_SKIP | LTS_AHR2_201 skipped - hour 17 != 16
[2026-09-17 18:02:06] DEMO_PORTFOLIO_SKIP | LTS_AHR2_202 skipped - hour 17 != 19
[2026-09-17 18:02:06] DEMO_PORTFOLIO_SKIP | LTS_AHR2_205 skipped - hour 17 != 16
[2026-09-17 18:02:06] DEMO_PORTFOLIO_SKIP | LTS_AHR2_206 skipped - hour 17 != 14
[2026-09-17 18:02:06] DEMO_PORTFOLIO_SKIP | LTS_AHR2_207 skipped - hour 17 != 19
[2026-09-17 18:02:06] DEMO_PORTFOLIO_SKIP | LTS_AHR2_211 skipped - hour 17 != 14
[2026-09-17 18:02:06] DEMO_PORTFOLIO_SKIP | LTS_AHR2_214 skipped - hour 17 != 19
[2026-09-17 18:02:06] DEMO_PORTFOLIO_SKIP | LTS_AHR2_218 skipped - hour 17 != 15
[2026-09-17 18:02:06] DEMO_PORTFOLIO_SKIP | LTS_AHR2_219 skipped - hour 17 != 14
[2026-09-17 18:02:06] DEMO_PORTFOLIO_SKIP | LTS_AHR2_224 skipped - hour 17 != 18
[2026-09-17 18:02:06] DEMO_PORTFOLIO_SKIP | LTS_AHR2_225 skipped - hour 17 != 19
[2026-09-17 18:02:06] DEMO_PORTFOLIO_SKIP | LTS_AHR2_229 skipped - hour 17 != 16
[2026-09-17 18:02:06] DEMO_PORTFOLIO_SKIP | LTS_AHR2_230 skipped - hour 17 != 14
[2026-09-17 18:02:07] DEMO_PORTFOLIO_SKIP | LTS_AHR2_231 skipped - hour 17 != 19
[2026-09-17 18:02:07] DEMO_PORTFOLIO_SKIP | LTS_AHR2_235 skipped - hour 17 != 14
[2026-09-17 18:02:07] DEMO_PORTFOLIO_SKIP | LTS_AHR2_240 skipped - hour 17 != 20
[2026-09-17 18:02:07] DEMO_PORTFOLIO_SKIP | LTS_AHR2_241 skipped - hour 17 != 19
[2026-09-17 18:02:07] DEMO_PORTFOLIO_SKIP | LTS_AHR2_245 skipped - hour 17 != 21
[2026-09-17 18:02:07] DEMO_PORTFOLIO_SKIP | LTS_AHR2_250 skipped - hour 17 != 19
[2026-09-17 18:02:07] DEMO_PORTFOLIO_SKIP | LTS_AHR2_251 skipped - hour 17 != 20
[2026-09-17 18:02:07] DEMO_PORTFOLIO_SKIP | LTS_AHR2_256 skipped - hour 17 != 14
[2026-09-17 18:02:07] DEMO_PORTFOLIO_SKIP | LTS_AHR2_262 skipped - hour 17 != 20
[2026-09-17 18:02:07] DEMO_PORTFOLIO_SKIP | LTS_AHR2_263 skipped - hour 17 != 20
[2026-09-17 18:02:07] DEMO_PORTFOLIO_SKIP | LTS_AHR2_267 skipped - hour 17 != 15
[2026-09-17 18:02:07] DEMO_PORTFOLIO_SKIP | LTS_AHR2_268 skipped - hour 17 != 20
[2026-09-17 18:02:07] DEMO_PORTFOLIO_SKIP | LTS_AHR2_275 skipped - hour 17 != 19
[2026-09-17 18:02:07] DEMO_PORTFOLIO_SKIP | LTS_AHR2_278 skipped - hour 17 != 16
[2026-09-17 18:02:07] DEMO_PORTFOLIO_SKIP | LTS_AHR2_279 skipped - hour 17 != 14
[2026-09-17 18:02:07] DEMO_PORTFOLIO_SKIP | LTS_AHR2_282 skipped - hour 17 != 21
[2026-09-17 18:02:07] DEMO_PORTFOLIO_SKIP | LTS_AHR2_283 skipped - hour 17 != 14
[2026-09-17 18:02:07] DEMO_PORTFOLIO_SKIP | LTS_AHR2_287 skipped - hour 17 != 21
[2026-09-17 18:02:07] DEMO_PORTFOLIO_SKIP | LTS_AHR2_295 skipped - hour 17 != 14
[2026-09-17 18:02:07] DEMO_PORTFOLIO_SKIP | LTS_AHR2_296 skipped - hour 17 != 10
[2026-09-17 18:02:07] DEMO_PORTFOLIO_SKIP | LTS_AHR2_301 skipped - hour 17 != 18
[2026-09-17 18:02:07] DEMO_PORTFOLIO_SKIP | LTS_AHR2_304 skipped - hour 17 != 8
[2026-09-17 18:02:07] DEMO_PORTFOLIO_SKIP | LTS_AHR2_306 skipped - hour 17 != 20
[2026-09-17 18:02:07] DEMO_PORTFOLIO_SKIP | LTS_AHR2_307 skipped - hour 17 != 22
[2026-09-17 18:02:07] DEMO_PORTFOLIO_SKIP | LTS_AHR2_310 skipped - hour 17 != 14
[2026-09-17 18:02:07] DEMO_PORTFOLIO_SKIP | LTS_AHR2_311 skipped - hour 17 != 10
[2026-09-17 18:02:07] DEMO_PORTFOLIO_SKIP | LTS_AHR2_315 skipped - risk_distance 11.41 > 2.00
[2026-09-17 18:02:07] DEMO_PORTFOLIO_SKIP | LTS_AHR2_319 skipped - hour 17 != 21
[2026-09-17 18:02:07] DEMO_PORTFOLIO_SKIP | LTS_AHR2_320 skipped - hour 17 != 10
[2026-09-17 18:02:07] DEMO_PORTFOLIO_SKIP | LTS_AHR2_325 skipped - hour 17 != 9
[2026-09-17 18:02:07] DEMO_PORTFOLIO_SKIP | LTS_AHR2_326 skipped - hour 17 != 10
[2026-09-17 18:02:07] DEMO_PORTFOLIO_SKIP | LTS_AHR2_336 skipped - hour 17 != 19
[2026-09-17 18:02:07] DEMO_PORTFOLIO_SKIP | LTS_AHR2_342 skipped - hour 17 != 12
[2026-09-17 18:02:07] DEMO_PORTFOLIO_SKIP | LTS_AHR2_343 skipped - hour 17 != 14
[2026-09-17 18:02:07] DEMO_PORTFOLIO_SKIP | LTS_AHR2_345 skipped - hour 17 != 20
[2026-09-17 18:02:07] DEMO_PORTFOLIO_SKIP | LTS_AHR2_346 skipped - hour 17 != 10
[2026-09-17 18:02:07] DEMO_PORTFOLIO_SKIP | LTS_AHR2_347 skipped - hour 17 != 19
[2026-09-17 18:02:07] DEMO_PORTFOLIO_SKIP | LTS_AHR2_350 skipped - hour 17 != 10
[2026-09-17 18:02:07] DEMO_PORTFOLIO_SKIP | LTS_AHR2_351 skipped - hour 17 != 14
[2026-09-17 18:02:08] DEMO_PORTFOLIO_SKIP | LTS_AHR2_352 skipped - hour 17 != 22
[2026-09-17 18:02:08] DEMO_PORTFOLIO_SKIP | LTS_AHR2_354 skipped - hour 17 != 20
[2026-09-17 18:02:08] DEMO_PORTFOLIO_SKIP | LTS_AHR2_355 skipped - hour 17 != 19
[2026-09-17 18:02:08] DEMO_PORTFOLIO_SKIP | LTS_AHR2_359 skipped - hour 17 != 14
[2026-09-17 18:02:08] DEMO_PORTFOLIO_SKIP | LTS_AHR2_364 skipped - hour 17 != 9
[2026-09-17 18:02:08] DEMO_PORTFOLIO_SKIP | LTS_AHR2_365 skipped - hour 17 != 10
[2026-09-17 18:02:08] DEMO_PORTFOLIO_SKIP | LTS_AHR2_370 skipped - hour 17 != 14
[2026-09-17 18:02:08] DEMO_PORTFOLIO_SKIP | LTS_AHR2_376 skipped - hour 17 != 9
[2026-09-17 18:02:08] DEMO_PORTFOLIO_SKIP | LTS_AHR2_379 skipped - hour 17 != 16
[2026-09-17 18:02:08] DEMO_PORTFOLIO_SKIP | LTS_AHR2_380 skipped - hour 17 != 19
[2026-09-17 18:02:08] DEMO_PORTFOLIO_SKIP | LTS_AHR2_386 skipped - hour 17 != 12
[2026-09-17 18:02:08] DEMO_PORTFOLIO_SKIP | LTS_AHR2_387 skipped - hour 17 != 14
[2026-09-17 18:02:08] DEMO_PORTFOLIO_SKIP | LTS_AHR2_388 skipped - hour 17 != 9
[2026-09-17 18:02:08] DEMO_PORTFOLIO_SKIP | LTS_AHR2_389 skipped - hour 17 != 16
[2026-09-17 18:02:08] DEMO_PORTFOLIO_SKIP | LTS_AHR2_391 skipped - hour 17 != 10
[2026-09-17 18:02:08] DEMO_PORTFOLIO_SKIP | LTS_AHR2_393 skipped - hour 17 != 12
[2026-09-17 18:02:08] DEMO_PORTFOLIO_SKIP | LTS_AHR2_395 skipped - hour 17 != 16
[2026-09-17 18:02:08] DEMO_PORTFOLIO_SKIP | LTS_AHR2_398 skipped - hour 17 != 16
[2026-09-17 18:02:08] DEMO_PORTFOLIO_SKIP | LTS_AHR2_399 skipped - hour 17 != 16
[2026-09-17 18:02:08] DEMO_PORTFOLIO_SKIP | LTS_AHR2_401 skipped - hour 17 != 14
[2026-09-17 18:02:08] DEMO_PORTFOLIO_SKIP | LTS_AHR2_403 skipped - hour 17 != 12
[2026-09-17 18:02:08] DEMO_PORTFOLIO_SKIP | LTS_AHR2_404 skipped - hour 17 != 9
[2026-09-17 18:02:08] DEMO_PORTFOLIO_SKIP | LTS_AHR2_405 skipped - hour 17 != 19
[2026-09-17 18:02:08] DEMO_PORTFOLIO_SKIP | LTS_AHR2_407 skipped - hour 17 != 12
[2026-09-17 18:02:08] DEMO_PORTFOLIO_SKIP | LTS_AHR2_408 skipped - hour 17 != 14
[2026-09-17 18:02:09] DEMO_PORTFOLIO_SKIP | LTS_AHR2_409 skipped - hour 17 != 14
[2026-09-17 18:02:09] DEMO_PORTFOLIO_SKIP | LTS_AHR2_411 skipped - hour 17 != 9
[2026-09-17 18:02:09] DEMO_PORTFOLIO_SKIP | LTS_AHR2_412 skipped - hour 17 != 9
[2026-09-17 18:02:09] DEMO_PORTFOLIO_SKIP | LTS_AHR2_413 skipped - hour 17 != 14
[2026-09-17 18:02:09] DEMO_PORTFOLIO_SKIP | LTS_AHR2_415 skipped - hour 17 != 12
[2026-09-17 18:02:09] DEMO_PORTFOLIO_SKIP | LTS_AHR2_416 skipped - hour 17 != 8
[2026-09-17 18:02:09] DEMO_PORTFOLIO_SKIP | LTS_AHR2_417 skipped - hour 17 != 14
[2026-09-17 18:02:09] DEMO_PORTFOLIO_SKIP | LTS_AHR2_419 skipped - hour 17 != 12
[2026-09-17 18:02:09] DEMO_PORTFOLIO_SKIP | LTS_AHR2_420 skipped - hour 17 != 8
[2026-09-17 18:02:09] DEMO_PORTFOLIO_SKIP | LTS_AHR2_421 skipped - hour 17 != 14
[2026-09-17 18:02:09] DEMO_PORTFOLIO_SKIP | LTS_AHR2_423 skipped - hour 17 != 9
[2026-09-17 18:02:09] DEMO_PORTFOLIO_SKIP | LTS_AHR2_424 skipped - hour 17 != 8
[2026-09-17 18:02:09] DEMO_PORTFOLIO_SKIP | LTS_AHR2_425 skipped - hour 17 != 14
[2026-09-17 18:02:09] DEMO_PORTFOLIO_SKIP | LTS_AHR2_427 skipped - hour 17 != 12
[2026-09-17 18:02:09] DEMO_PORTFOLIO_SKIP | LTS_AHR2_428 skipped - hour 17 != 8
[2026-09-17 18:02:09] DEMO_PORTFOLIO_SKIP | LTS_AHR2_429 skipped - hour 17 != 14
[2026-09-17 18:02:09] DEMO_PORTFOLIO_SKIP | LTS_AHR2_431 skipped - hour 17 != 9
[2026-09-17 18:02:09] DEMO_PORTFOLIO_SKIP | LTS_AHR2_432 skipped - hour 17 != 8
[2026-09-17 18:02:09] DEMO_PORTFOLIO_SKIP | LTS_AHR2_433 skipped - hour 17 != 14
[2026-09-17 18:02:09] DEMO_PORTFOLIO_SKIP | LTS_AHR2_435 skipped - hour 17 != 12
[2026-09-17 18:02:09] DEMO_PORTFOLIO_SKIP | LTS_AHR2_436 skipped - hour 17 != 8
[2026-09-17 18:02:09] DEMO_PORTFOLIO_SKIP | LTS_AHR2_437 skipped - hour 17 != 14
[2026-09-17 18:02:09] DEMO_PORTFOLIO_SKIP | LTS_AHR2_439 skipped - hour 17 != 9
[2026-09-17 18:02:09] DEMO_PORTFOLIO_SKIP | LTS_AHR2_440 skipped - hour 17 != 8
[2026-09-17 18:02:09] DEMO_PORTFOLIO_SKIP | LTS_AHR2_441 skipped - hour 17 != 14
[2026-09-17 18:02:09] DEMO_PORTFOLIO_SKIP | LTS_AHR2_443 skipped - hour 17 != 12
[2026-09-17 18:02:09] DEMO_PORTFOLIO_SKIP | LTS_AHR2_444 skipped - hour 17 != 8
[2026-09-17 18:02:09] DEMO_PORTFOLIO_SKIP | LTS_AHR2_445 skipped - hour 17 != 14
[2026-09-17 18:02:09] DEMO_PORTFOLIO_SKIP | LTS_AHR2_447 skipped - hour 17 != 9
[2026-09-17 18:02:09] DEMO_PORTFOLIO_SKIP | LTS_AHR2_448 skipped - hour 17 != 8
[2026-09-17 18:02:09] DEMO_PORTFOLIO_SKIP | LTS_AHR2_449 skipped - hour 17 != 14
[2026-09-17 18:02:09] DEMO_PORTFOLIO_SKIP | LTS_AHR2_451 skipped - hour 17 != 12
[2026-09-17 18:02:09] DEMO_PORTFOLIO_SKIP | LTS_AHR2_452 skipped - hour 17 != 8
[2026-09-17 18:02:10] DEMO_PORTFOLIO_SKIP | LTS_AHR2_453 skipped - hour 17 != 14
[2026-09-17 18:02:10] DEMO_PORTFOLIO_SKIP | LTS_AHR2_455 skipped - hour 17 != 9
[2026-09-17 18:02:10] DEMO_PORTFOLIO_SKIP | LTS_AHR2_456 skipped - hour 17 != 8
[2026-09-17 18:02:10] DEMO_PORTFOLIO_SKIP | LTS_AHR2_457 skipped - hour 17 != 14
[2026-09-17 18:02:10] DEMO_PORTFOLIO_SKIP | LTS_AHR2_459 skipped - hour 17 != 12
[2026-09-17 18:02:10] DEMO_PORTFOLIO_SKIP | LTS_AHR2_460 skipped - hour 17 != 8
[2026-09-17 18:02:10] DEMO_PORTFOLIO_SKIP | LTS_AHR2_461 skipped - hour 17 != 14
[2026-09-17 18:02:10] DEMO_PORTFOLIO_SKIP | LTS_AHR2_463 skipped - hour 17 != 9
[2026-09-17 18:02:10] DEMO_PORTFOLIO_SKIP | LTS_AHR2_464 skipped - hour 17 != 8
[2026-09-17 18:02:10] DEMO_PORTFOLIO_SKIP | LTS_AHR2_465 skipped - hour 17 != 14
[2026-09-17 18:02:10] DEMO_PORTFOLIO_SKIP | LTS_AHR2_467 skipped - hour 17 != 12
[2026-09-17 18:02:10] DEMO_PORTFOLIO_SKIP | LTS_AHR2_468 skipped - hour 17 != 8
[2026-09-17 18:02:10] DEMO_PORTFOLIO_SKIP | LTS_AHR2_469 skipped - hour 17 != 14
[2026-09-17 18:02:10] DEMO_PORTFOLIO_SKIP | LTS_AHR2_472 skipped - hour 17 != 9
[2026-09-17 18:02:10] DEMO_PORTFOLIO_SKIP | LTS_AHR2_473 skipped - hour 17 != 8
[2026-09-17 18:02:10] DEMO_PORTFOLIO_SKIP | LTS_AHR2_474 skipped - hour 17 != 14
[2026-09-17 18:02:10] DEMO_PORTFOLIO_SKIP | LTS_AHR2_476 skipped - hour 17 != 12
[2026-09-17 18:02:10] DEMO_PORTFOLIO_SKIP | LTS_AHR2_477 skipped - hour 17 != 8
[2026-09-17 18:02:10] DEMO_PORTFOLIO_SKIP | LTS_AHR2_478 skipped - hour 17 != 14
[2026-09-17 18:02:10] DEMO_PORTFOLIO_SKIP | LTS_AHR2_480 skipped - hour 17 != 9
[2026-09-17 18:02:10] DEMO_PORTFOLIO_SKIP | LTS_AHR2_481 skipped - hour 17 != 8
[2026-09-17 18:02:11] DEMO_PORTFOLIO_SKIP | LTS_AHR2_482 skipped - hour 17 != 14
[2026-09-17 18:02:11] DEMO_PORTFOLIO_SKIP | LTS_AHR2_484 skipped - hour 17 != 12
[2026-09-17 18:02:11] DEMO_PORTFOLIO_SKIP | LTS_AHR2_485 skipped - hour 17 != 8
[2026-09-17 18:02:11] DEMO_PORTFOLIO_SKIP | LTS_AHR2_486 skipped - hour 17 != 14
[2026-09-17 18:02:11] DEMO_PORTFOLIO_SKIP | LTS_AHR2_488 skipped - hour 17 != 9
[2026-09-17 18:02:11] DEMO_PORTFOLIO_SKIP | LTS_AHR2_489 skipped - hour 17 != 8
[2026-09-17 18:02:11] DEMO_PORTFOLIO_SKIP | LTS_AHR2_490 skipped - hour 17 != 14
[2026-09-17 18:02:11] DEMO_PORTFOLIO_SKIP | LTS_AHR2_492 skipped - hour 17 != 12
[2026-09-17 18:02:11] DEMO_PORTFOLIO_SKIP | LTS_AHR2_493 skipped - hour 17 != 8
[2026-09-17 18:02:11] DEMO_PORTFOLIO_SKIP | LTS_AHR2_494 skipped - hour 17 != 14
[2026-09-17 18:02:11] DEMO_PORTFOLIO_SKIP | LTS_AHR2_496 skipped - hour 17 != 9
[2026-09-17 18:02:11] DEMO_PORTFOLIO_SKIP | LTS_AHR2_497 skipped - hour 17 != 8
[2026-09-17 18:02:11] DEMO_PORTFOLIO_SKIP | LTS_AHR2_498 skipped - hour 17 != 14
[2026-09-17 18:02:11] DEMO_PORTFOLIO_SKIP | LTS_AHR2_500 skipped - hour 17 != 12
[2026-09-17 18:02:11] DEMO_PORTFOLIO_SKIP | LTS_AHR2_501 skipped - hour 17 != 8
[2026-09-17 18:02:11] DEMO_PORTFOLIO_SKIP | LTS_AHR2_502 skipped - hour 17 != 14
[2026-09-17 18:02:11] DEMO_PORTFOLIO_SKIP | LTS_AHR2_504 skipped - hour 17 != 9
[2026-09-17 18:02:11] DEMO_PORTFOLIO_SKIP | LTS_AHR2_505 skipped - hour 17 != 8
[2026-09-17 18:02:11] DEMO_PORTFOLIO_SKIP | LTS_AHR2_506 skipped - hour 17 != 14
[2026-09-17 18:02:11] DEMO_PORTFOLIO_SKIP | LTS_AHR2_508 skipped - hour 17 != 12
[2026-09-17 18:02:11] DEMO_PORTFOLIO_SKIP | LTS_AHR2_509 skipped - hour 17 != 8
[2026-09-17 18:02:11] DEMO_PORTFOLIO_SKIP | LTS_AHR2_510 skipped - hour 17 != 14
[2026-09-17 18:02:11] DEMO_PORTFOLIO_SKIP | LTS_AHR2_512 skipped - hour 17 != 9
[2026-09-17 18:02:11] DEMO_PORTFOLIO_SKIP | LTS_AHR2_513 skipped - hour 17 != 8
[2026-09-17 18:02:11] DEMO_PORTFOLIO_SKIP | LTS_AHR2_514 skipped - hour 17 != 14
[2026-09-17 18:02:11] DEMO_PORTFOLIO_SKIP | LTS_AHR2_516 skipped - hour 17 != 12
[2026-09-17 18:02:11] DEMO_PORTFOLIO_SKIP | LTS_AHR2_517 skipped - hour 17 != 8
[2026-09-17 18:02:11] DEMO_PORTFOLIO_SKIP | LTS_AHR2_518 skipped - hour 17 != 14
[2026-09-17 18:02:11] DEMO_PORTFOLIO_SKIP | LTS_AHR2_520 skipped - hour 17 != 9
[2026-09-17 18:02:12] DEMO_PORTFOLIO_SKIP | LTS_AHR2_521 skipped - hour 17 != 8
[2026-09-17 18:02:12] DEMO_PORTFOLIO_SKIP | LTS_AHR2_522 skipped - hour 17 != 14
[2026-09-17 18:02:12] DEMO_PORTFOLIO_SKIP | LTS_AHR2_524 skipped - hour 17 != 12
[2026-09-17 18:02:12] DEMO_PORTFOLIO_SKIP | LTS_AHR2_525 skipped - hour 17 != 8
[2026-09-17 18:02:12] DEMO_PORTFOLIO_SKIP | LTS_AHR2_526 skipped - hour 17 != 14
[2026-09-17 18:02:12] DEMO_PORTFOLIO_SKIP | LTS_AHR2_528 skipped - hour 17 != 9
[2026-09-17 18:02:12] DEMO_PORTFOLIO_SKIP | LTS_AHR2_529 skipped - hour 17 != 8
[2026-09-17 18:02:12] DEMO_PORTFOLIO_SKIP | LTS_AHR2_530 skipped - hour 17 != 14
[2026-09-17 18:02:12] DEMO_PORTFOLIO_SKIP | LTS_AHR2_532 skipped - hour 17 != 12
[2026-09-17 18:02:12] DEMO_PORTFOLIO_SKIP | LTS_AHR2_533 skipped - hour 17 != 8
[2026-09-17 18:02:12] DEMO_PORTFOLIO_SKIP | LTS_AHR2_534 skipped - hour 17 != 14
[2026-09-17 18:02:12] DEMO_PORTFOLIO_SKIP | LTS_AHR2_536 skipped - hour 17 != 9
[2026-09-17 18:02:12] DEMO_PORTFOLIO_SKIP | LTS_AHR2_537 skipped - hour 17 != 8
[2026-09-17 18:02:12] DEMO_PORTFOLIO_SKIP | LTS_AHR2_538 skipped - hour 17 != 14
[2026-09-17 18:02:12] DEMO_PORTFOLIO_SKIP | LTS_AHR2_540 skipped - hour 17 != 12
[2026-09-17 18:02:12] DEMO_PORTFOLIO_SKIP | LTS_AHR2_541 skipped - hour 17 != 8
[2026-09-17 18:02:12] DEMO_PORTFOLIO_SKIP | LTS_AHR2_542 skipped - hour 17 != 14
[2026-09-17 18:02:12] DEMO_PORTFOLIO_SKIP | LTS_AHR2_544 skipped - hour 17 != 9
[2026-09-17 18:02:12] DEMO_PORTFOLIO_SKIP | LTS_AHR2_545 skipped - hour 17 != 8
[2026-09-17 18:02:12] DEMO_PORTFOLIO_SKIP | LTS_AHR2_546 skipped - hour 17 != 14
[2026-09-17 18:02:12] DEMO_PORTFOLIO_SKIP | LTS_AHR2_548 skipped - hour 17 != 12
[2026-09-17 18:02:12] DEMO_PORTFOLIO_SKIP | LTS_AHR2_549 skipped - hour 17 != 8
[2026-09-17 18:02:12] DEMO_PORTFOLIO_SKIP | LTS_AHR2_550 skipped - hour 17 != 14
[2026-09-17 18:02:12] DEMO_PORTFOLIO_SKIP | LTS_AHR2_552 skipped - hour 17 != 9
[2026-09-17 18:02:12] DEMO_PORTFOLIO_SKIP | LTS_AHR2_553 skipped - hour 17 != 8
[2026-09-17 18:02:12] DEMO_PORTFOLIO_SKIP | LTS_AHR2_554 skipped - hour 17 != 14
[2026-09-17 18:02:12] DEMO_PORTFOLIO_SKIP | LTS_AHR2_556 skipped - hour 17 != 12
[2026-09-17 18:02:12] DEMO_PORTFOLIO_SKIP | LTS_AHR2_557 skipped - hour 17 != 8
[2026-09-17 18:02:12] DEMO_PORTFOLIO_SKIP | LTS_AHR2_558 skipped - hour 17 != 14
[2026-09-17 18:02:12] DEMO_PORTFOLIO_SKIP | LTS_AHR2_560 skipped - hour 17 != 9
[2026-09-17 18:02:12] DEMO_PORTFOLIO_SKIP | LTS_AHR2_561 skipped - hour 17 != 8
[2026-09-17 18:02:13] DEMO_PORTFOLIO_SKIP | LTS_AHR2_562 skipped - hour 17 != 14
[2026-09-17 18:02:13] DEMO_PORTFOLIO_SKIP | LTS_AHR2_564 skipped - hour 17 != 12
[2026-09-17 18:02:13] DEMO_PORTFOLIO_SKIP | LTS_AHR2_565 skipped - hour 17 != 8
[2026-09-17 18:02:13] DEMO_PORTFOLIO_SKIP | LTS_AHR2_566 skipped - hour 17 != 14
[2026-09-17 18:02:13] DEMO_PORTFOLIO_SKIP | LTS_AHR2_568 skipped - hour 17 != 9
[2026-09-17 18:02:13] DEMO_PORTFOLIO_SKIP | LTS_AHR2_569 skipped - hour 17 != 8
[2026-09-17 18:02:13] DEMO_PORTFOLIO_SKIP | LTS_AHR2_570 skipped - hour 17 != 14
[2026-09-17 18:02:13] DEMO_PORTFOLIO_SKIP | LTS_AHR2_572 skipped - hour 17 != 12
[2026-09-17 18:02:13] DEMO_PORTFOLIO_SKIP | LTS_AHR2_573 skipped - hour 17 != 9
[2026-09-17 18:02:13] DEMO_PORTFOLIO_SKIP | LTS_AHR2_574 skipped - hour 17 != 8
[2026-09-17 18:02:13] DEMO_PORTFOLIO_SKIP | LTS_AHR2_575 skipped - hour 17 != 14
[2026-09-17 18:02:13] DEMO_PORTFOLIO_SKIP | LTS_AHR2_577 skipped - hour 17 != 12
[2026-09-17 18:02:13] DEMO_PORTFOLIO_SKIP | LTS_AHR2_578 skipped - hour 17 != 8
[2026-09-17 18:02:13] DEMO_PORTFOLIO_SKIP | LTS_AHR2_579 skipped - hour 17 != 14
[2026-09-17 18:02:13] DEMO_PORTFOLIO_SKIP | LTS_AHR2_581 skipped - hour 17 != 9
[2026-09-17 18:02:13] DEMO_PORTFOLIO_SKIP | LTS_AHR2_582 skipped - hour 17 != 8
[2026-09-17 18:02:13] DEMO_PORTFOLIO_SKIP | LTS_AHR2_583 skipped - hour 17 != 14
[2026-09-17 18:02:13] DEMO_PORTFOLIO_SKIP | LTS_AHR2_585 skipped - hour 17 != 12
[2026-09-17 18:02:13] DEMO_PORTFOLIO_SKIP | LTS_AHR2_586 skipped - hour 17 != 8
[2026-09-17 18:02:13] DEMO_PORTFOLIO_SKIP | LTS_AHR2_587 skipped - hour 17 != 14
[2026-09-17 18:02:13] DEMO_PORTFOLIO_SKIP | LTS_AHR2_589 skipped - hour 17 != 9
[2026-09-17 18:02:13] DEMO_PORTFOLIO_SKIP | LTS_AHR2_590 skipped - hour 17 != 8
[2026-09-17 18:02:13] DEMO_PORTFOLIO_SKIP | LTS_AHR2_591 skipped - hour 17 != 14
[2026-09-17 18:02:13] DEMO_PORTFOLIO_SKIP | LTS_AHR2_593 skipped - hour 17 != 12
[2026-09-17 18:02:13] DEMO_PORTFOLIO_SKIP | LTS_AHR2_594 skipped - hour 17 != 8
[2026-09-17 18:02:13] DEMO_PORTFOLIO_SKIP | LTS_AHR2_595 skipped - hour 17 != 14
[2026-09-17 18:02:14] DEMO_PORTFOLIO_SKIP | LTS_AHR2_597 skipped - hour 17 != 9
[2026-09-17 18:02:14] DEMO_PORTFOLIO_SKIP | LTS_AHR2_598 skipped - hour 17 != 8
[2026-09-17 18:02:14] DEMO_PORTFOLIO_SKIP | LTS_AHR2_599 skipped - hour 17 != 14
[2026-09-17 18:02:14] DEMO_PORTFOLIO_SKIP | LTS_AHR2_601 skipped - hour 17 != 12
[2026-09-17 18:02:14] DEMO_PORTFOLIO_SKIP | LTS_AHR2_602 skipped - hour 17 != 8
[2026-09-17 18:02:14] DEMO_PORTFOLIO_SKIP | LTS_AHR2_603 skipped - hour 17 != 14
[2026-09-17 18:02:14] DEMO_PORTFOLIO_SKIP | LTS_AHR2_605 skipped - hour 17 != 9
[2026-09-17 18:02:14] DEMO_PORTFOLIO_SKIP | LTS_AHR2_606 skipped - hour 17 != 8
[2026-09-17 18:02:14] DEMO_PORTFOLIO_SKIP | LTS_AHR2_607 skipped - hour 17 != 14
[2026-09-17 18:02:14] DEMO_PORTFOLIO_SKIP | LTS_AHR2_609 skipped - hour 17 != 12
[2026-09-17 18:02:14] DEMO_PORTFOLIO_SKIP | LTS_AHR2_610 skipped - hour 17 != 8
[2026-09-17 18:02:14] DEMO_PORTFOLIO_SKIP | LTS_AHR2_611 skipped - hour 17 != 14
[2026-09-17 18:02:14] DEMO_PORTFOLIO_SKIP | LTS_AHR2_612 skipped - hour 17 != 9
[2026-09-17 18:02:14] DEMO_PORTFOLIO_SKIP | LTS_AHR2_613 skipped - hour 17 != 9
[2026-09-17 18:02:14] DEMO_PORTFOLIO_SKIP | LTS_AHR2_614 skipped - hour 17 != 14
[2026-09-17 18:02:14] DEMO_PORTFOLIO_SKIP | LTS_AHR2_616 skipped - hour 17 != 12
[2026-09-17 18:02:14] DEMO_PORTFOLIO_SKIP | LTS_AHR2_617 skipped - hour 17 != 8
[2026-09-17 18:02:14] DEMO_PORTFOLIO_SKIP | LTS_AHR2_618 skipped - hour 17 != 14
[2026-09-17 18:02:14] DEMO_PORTFOLIO_SKIP | LTS_AHR2_620 skipped - hour 17 != 12
[2026-09-17 18:02:14] DEMO_PORTFOLIO_SKIP | LTS_AHR2_621 skipped - hour 17 != 8
[2026-09-17 18:02:14] DEMO_PORTFOLIO_SKIP | LTS_AHR2_622 skipped - hour 17 != 14
[2026-09-17 18:02:14] DEMO_PORTFOLIO_SKIP | LTS_AHR2_624 skipped - hour 17 != 9
[2026-09-17 18:02:14] DEMO_PORTFOLIO_SKIP | LTS_AHR2_625 skipped - hour 17 != 8
[2026-09-17 18:02:14] DEMO_PORTFOLIO_SKIP | LTS_AHR2_626 skipped - hour 17 != 14
[2026-09-17 18:02:14] DEMO_PORTFOLIO_SKIP | LTS_AHR2_628 skipped - hour 17 != 12
[2026-09-17 18:02:14] DEMO_PORTFOLIO_SKIP | LTS_AHR2_629 skipped - hour 17 != 8
[2026-09-17 18:02:14] DEMO_PORTFOLIO_SKIP | LTS_AHR2_630 skipped - hour 17 != 14
[2026-09-17 18:02:14] DEMO_PORTFOLIO_SKIP | LTS_AHR2_632 skipped - hour 17 != 9
[2026-09-17 18:02:14] DEMO_PORTFOLIO_SKIP | LTS_AHR2_633 skipped - hour 17 != 8
[2026-09-17 18:02:14] DEMO_PORTFOLIO_SKIP | LTS_AHR2_634 skipped - hour 17 != 14
[2026-09-17 18:02:15] DEMO_PORTFOLIO_SKIP | LTS_AHR2_636 skipped - hour 17 != 12
[2026-09-17 18:02:15] DEMO_PORTFOLIO_SKIP | LTS_AHR2_637 skipped - hour 17 != 8
[2026-09-17 18:02:15] DEMO_PORTFOLIO_SKIP | LTS_AHR2_638 skipped - hour 17 != 14
[2026-09-17 18:02:15] DEMO_PORTFOLIO_SKIP | LTS_AHR2_640 skipped - hour 17 != 9
[2026-09-17 18:02:15] DEMO_PORTFOLIO_SKIP | LTS_AHR2_641 skipped - hour 17 != 8
[2026-09-17 18:02:15] DEMO_PORTFOLIO_SKIP | LTS_AHR2_642 skipped - hour 17 != 14
[2026-09-17 18:02:15] DEMO_PORTFOLIO_SKIP | LTS_AHR2_644 skipped - hour 17 != 12
[2026-09-17 18:02:15] DEMO_PORTFOLIO_SKIP | LTS_AHR2_645 skipped - hour 17 != 8
[2026-09-17 18:02:15] DEMO_PORTFOLIO_SKIP | LTS_AHR2_646 skipped - hour 17 != 14
[2026-09-17 18:02:15] DEMO_PORTFOLIO_SKIP | LTS_AHR2_648 skipped - hour 17 != 9
[2026-09-17 18:02:15] DEMO_PORTFOLIO_SKIP | LTS_AHR2_649 skipped - hour 17 != 8
[2026-09-17 18:02:15] DEMO_PORTFOLIO_SKIP | LTS_AHR2_650 skipped - hour 17 != 14
[2026-09-17 18:02:15] DEMO_PORTFOLIO_SKIP | LTS_AHR2_652 skipped - hour 17 != 12
[2026-09-17 18:02:15] DEMO_PORTFOLIO_SKIP | LTS_AHR2_653 skipped - hour 17 != 8
[2026-09-17 18:02:15] DEMO_PORTFOLIO_SKIP | LTS_AHR2_654 skipped - hour 17 != 14
[2026-09-17 18:02:15] DEMO_PORTFOLIO_SKIP | LTS_AHR2_656 skipped - hour 17 != 9
[2026-09-17 18:02:15] DEMO_PORTFOLIO_SKIP | LTS_AHR2_657 skipped - hour 17 != 8
[2026-09-17 18:02:15] DEMO_PORTFOLIO_SKIP | LTS_AHR2_658 skipped - hour 17 != 14
[2026-09-17 18:02:15] DEMO_PORTFOLIO_SKIP | LTS_AHR2_659 skipped - hour 17 != 12
[2026-09-17 18:02:15] DEMO_PORTFOLIO_SKIP | LTS_AHR2_660 skipped - hour 17 != 9
[2026-09-17 18:02:15] DEMO_PORTFOLIO_SKIP | LTS_AHR2_661 skipped - hour 17 != 14
[2026-09-17 18:02:15] DEMO_PORTFOLIO_SKIP | LTS_AHR2_663 skipped - hour 17 != 12
[2026-09-17 18:02:15] DEMO_PORTFOLIO_SKIP | LTS_AHR2_664 skipped - hour 17 != 8
[2026-09-17 18:02:15] DEMO_PORTFOLIO_SKIP | LTS_AHR2_665 skipped - hour 17 != 14
[2026-09-17 18:02:15] DEMO_PORTFOLIO_PENDING_ARM | LTS_AHR2_668 SELL entry=4324.25 sl=4437.922142857144 tp=4267.413928571428 lot=2.00 expires=5bars
[2026-09-17 18:02:15] DEMO_PORTFOLIO_PENDING_FILL | LTS_AHR2_668 SELL lot=2.00 entry=4324.25 sl=4437.922142857144 tp=4267.413928571428 success=True ticket=587125228 err=None
[2026-09-17 18:02:15] DEMO_PORTFOLIO_SCAN | XAUUSD.iux done active=LTS_AHR2
[2026-09-17 18:02:17] TG_SENT | [AF SIGNAL] *🔥✨ Avengers High Risk v2* | Leg: `LTS_AHR2_668 INVERSE_S96_M15` | SELL @ pending-fill market lot `2.00` | Entry `4324.25` SL `4437.92` TP `4267.41` | Ticket: `587125228`
[2026-09-17 18:03:05] SYMBOL_CHECK | XAUUSD.iux trade_mode=4 xau_open=True | trade_mode=4 | tick_time=1789646585 | bid=4328.37 | ask=4328.51 | tick_ok=True | xau_open=True | current_symbol=XAUUSD.iux | startup=False
[2026-09-17 18:04:04] SYMBOL_CHECK | XAUUSD.iux trade_mode=4 xau_open=True | trade_mode=4 | tick_time=1789646645 | bid=4328.99 | ask=4329.13 | tick_ok=True | xau_open=True | current_symbol=XAUUSD.iux | startup=False
[2026-09-17 18:05:04] SYMBOL_CHECK | XAUUSD.iux trade_mode=4 xau_open=True | trade_mode=4 | tick_time=1789646705 | bid=4330.76 | ask=4330.9 | tick_ok=True | xau_open=True | current_symbol=XAUUSD.iux | startup=False
[2026-09-17 18:06:05] SYMBOL_CHECK | XAUUSD.iux trade_mode=4 xau_open=True | trade_mode=4 | tick_time=1789646764 | bid=4330.17 | ask=4330.31 | tick_ok=True | xau_open=True | current_symbol=XAUUSD.iux | startup=False
[2026-09-17 18:07:04] DEMO_PORTFOLIO_SCAN | XAUUSD.iux open active=LTS_AHR2
[2026-09-17 18:07:05] SYMBOL_CHECK | XAUUSD.iux trade_mode=4 xau_open=True | trade_mode=4 | tick_time=1789646824 | bid=4330.35 | ask=4330.49 | tick_ok=True | xau_open=True | current_symbol=XAUUSD.iux | startup=False
[2026-09-17 18:07:05] DEMO_PORTFOLIO_SCAN | XAUUSD.iux done active=LTS_AHR2
[2026-09-17 18:08:05] SYMBOL_CHECK | XAUUSD.iux trade_mode=4 xau_open=True | trade_mode=4 | tick_time=1789646885 | bid=4332.17 | ask=4332.31 | tick_ok=True | xau_open=True | current_symbol=XAUUSD.iux | startup=False
[2026-09-17 18:09:05] SYMBOL_CHECK | XAUUSD.iux trade_mode=4 xau_open=True | trade_mode=4 | tick_time=1789646945 | bid=4331.84 | ask=4331.98 | tick_ok=True | xau_open=True | current_symbol=XAUUSD.iux | startup=False
[2026-09-17 18:10:04] SYMBOL_CHECK | XAUUSD.iux trade_mode=4 xau_open=True | trade_mode=4 | tick_time=1789647004 | bid=4336.76 | ask=4336.9 | tick_ok=True | xau_open=True | current_symbol=XAUUSD.iux | startup=False
[2026-09-17 18:11:05] SYMBOL_CHECK | XAUUSD.iux trade_mode=4 xau_open=True | trade_mode=4 | tick_time=1789647065 | bid=4335.85 | ask=4335.99 | tick_ok=True | xau_open=True | current_symbol=XAUUSD.iux | startup=False
[2026-09-17 18:12:05] DEMO_PORTFOLIO_SCAN | XAUUSD.iux open active=LTS_AHR2
[2026-09-17 18:12:05] SYMBOL_CHECK | XAUUSD.iux trade_mode=4 xau_open=True | trade_mode=4 | tick_time=1789647125 | bid=4331.96 | ask=4332.1 | tick_ok=True | xau_open=True | current_symbol=XAUUSD.iux | startup=False
[2026-09-17 18:12:05] DEMO_PORTFOLIO_SCAN | XAUUSD.iux done active=LTS_AHR2
[2026-09-17 18:13:05] SYMBOL_CHECK | XAUUSD.iux trade_mode=4 xau_open=True | trade_mode=4 | tick_time=1789647184 | bid=4331.8 | ask=4331.94 | tick_ok=True | xau_open=True | current_symbol=XAUUSD.iux | startup=False
[2026-09-17 18:14:05] SYMBOL_CHECK | XAUUSD.iux trade_mode=4 xau_open=True | trade_mode=4 | tick_time=1789647244 | bid=4332.26 | ask=4332.4 | tick_ok=True | xau_open=True | current_symbol=XAUUSD.iux | startup=False
[2026-09-17 18:15:05] SYMBOL_CHECK | XAUUSD.iux trade_mode=4 xau_open=True | trade_mode=4 | tick_time=1789647305 | bid=4332.57 | ask=4332.71 | tick_ok=True | xau_open=True | current_symbol=XAUUSD.iux | startup=False
[2026-09-17 18:16:04] SYMBOL_CHECK | XAUUSD.iux trade_mode=4 xau_open=True | trade_mode=4 | tick_time=1789647365 | bid=4333.71 | ask=4333.85 | tick_ok=True | xau_open=True | current_symbol=XAUUSD.iux | startup=False
[2026-09-17 18:17:04] DEMO_PORTFOLIO_SCAN | XAUUSD.iux open active=LTS_AHR2
[2026-09-17 18:17:05] SYMBOL_CHECK | XAUUSD.iux trade_mode=4 xau_open=True | trade_mode=4 | tick_time=1789647425 | bid=4331.97 | ask=4332.11 | tick_ok=True | xau_open=True | current_symbol=XAUUSD.iux | startup=False
[2026-09-17 18:17:05] DEMO_PORTFOLIO_SCAN | XAUUSD.iux done active=LTS_AHR2
[2026-09-17 18:18:04] SYMBOL_CHECK | XAUUSD.iux trade_mode=4 xau_open=True | trade_mode=4 | tick_time=1789647485 | bid=4329.49 | ask=4329.63 | tick_ok=True | xau_open=True | current_symbol=XAUUSD.iux | startup=False
[2026-09-17 18:19:04] SYMBOL_CHECK | XAUUSD.iux trade_mode=4 xau_open=True | trade_mode=4 | tick_time=1789647544 | bid=4329.16 | ask=4329.3 | tick_ok=True | xau_open=True | current_symbol=XAUUSD.iux | startup=False
[2026-09-17 18:20:04] SYMBOL_CHECK | XAUUSD.iux trade_mode=4 xau_open=True | trade_mode=4 | tick_time=1789647604 | bid=4327.23 | ask=4327.37 | tick_ok=True | xau_open=True | current_symbol=XAUUSD.iux | startup=False
[2026-09-17 18:21:04] SYMBOL_CHECK | XAUUSD.iux trade_mode=4 xau_open=True | trade_mode=4 | tick_time=1789647664 | bid=4331.74 | ask=4331.88 | tick_ok=True | xau_open=True | current_symbol=XAUUSD.iux | startup=False
[2026-09-17 18:22:04] DEMO_PORTFOLIO_SCAN | XAUUSD.iux open active=LTS_AHR2
[2026-09-17 18:22:05] SYMBOL_CHECK | XAUUSD.iux trade_mode=4 xau_open=True | trade_mode=4 | tick_time=1789647724 | bid=4331.96 | ask=4332.1 | tick_ok=True | xau_open=True | current_symbol=XAUUSD.iux | startup=False
[2026-09-17 18:22:05] DEMO_PORTFOLIO_SCAN | XAUUSD.iux done active=LTS_AHR2
[2026-09-17 18:23:05] SYMBOL_CHECK | XAUUSD.iux trade_mode=4 xau_open=True | trade_mode=4 | tick_time=1789647785 | bid=4331.68 | ask=4331.82 | tick_ok=True | xau_open=True | current_symbol=XAUUSD.iux | startup=False
[2026-09-17 18:24:04] SYMBOL_CHECK | XAUUSD.iux trade_mode=4 xau_open=True | trade_mode=4 | tick_time=1789647845 | bid=4330.15 | ask=4330.29 | tick_ok=True | xau_open=True | current_symbol=XAUUSD.iux | startup=False
[2026-09-17 18:25:04] SYMBOL_CHECK | XAUUSD.iux trade_mode=4 xau_open=True | trade_mode=4 | tick_time=1789647904 | bid=4328.79 | ask=4328.93 | tick_ok=True | xau_open=True | current_symbol=XAUUSD.iux | startup=False
[2026-09-17 18:26:05] SYMBOL_CHECK | XAUUSD.iux trade_mode=4 xau_open=True | trade_mode=4 | tick_time=1789647965 | bid=4327.36 | ask=4327.5 | tick_ok=True | xau_open=True | current_symbol=XAUUSD.iux | startup=False
[2026-09-17 18:27:05] DEMO_PORTFOLIO_SCAN | XAUUSD.iux open active=LTS_AHR2
[2026-09-17 18:27:05] SYMBOL_CHECK | XAUUSD.iux trade_mode=4 xau_open=True | trade_mode=4 | tick_time=1789648025 | bid=4327.49 | ask=4327.63 | tick_ok=True | xau_open=True | current_symbol=XAUUSD.iux | startup=False
[2026-09-17 18:27:05] DEMO_PORTFOLIO_SCAN | XAUUSD.iux done active=LTS_AHR2
[2026-09-17 18:28:05] SYMBOL_CHECK | XAUUSD.iux trade_mode=4 xau_open=True | trade_mode=4 | tick_time=1789648084 | bid=4326.64 | ask=4326.78 | tick_ok=True | xau_open=True | current_symbol=XAUUSD.iux | startup=False
[2026-09-17 18:29:04] SYMBOL_CHECK | XAUUSD.iux trade_mode=4 xau_open=True | trade_mode=4 | tick_time=1789648144 | bid=4328.55 | ask=4328.69 | tick_ok=True | xau_open=True | current_symbol=XAUUSD.iux | startup=False
[2026-09-17 18:30:05] SYMBOL_CHECK | XAUUSD.iux trade_mode=4 xau_open=True | trade_mode=4 | tick_time=1789648204 | bid=4328.5 | ask=4328.64 | tick_ok=True | xau_open=True | current_symbol=XAUUSD.iux | startup=False
[2026-09-17 18:31:05] SYMBOL_CHECK | XAUUSD.iux trade_mode=4 xau_open=True | trade_mode=4 | tick_time=1789648265 | bid=4327.0 | ask=4327.14 | tick_ok=True | xau_open=True | current_symbol=XAUUSD.iux | startup=False
[2026-09-17 18:32:05] DEMO_PORTFOLIO_SCAN | XAUUSD.iux open active=LTS_AHR2
[2026-09-17 18:32:05] SYMBOL_CHECK | XAUUSD.iux trade_mode=4 xau_open=True | trade_mode=4 | tick_time=1789648325 | bid=4328.13 | ask=4328.27 | tick_ok=True | xau_open=True | current_symbol=XAUUSD.iux | startup=False
[2026-09-17 18:32:05] DEMO_PORTFOLIO_SKIP | LTS_AHR2_2 skipped - hour 18 != 10
[2026-09-17 18:32:05] DEMO_PORTFOLIO_SKIP | LTS_AHR2_8 skipped - hour 18 != 19
[2026-09-17 18:32:05] DEMO_PORTFOLIO_SKIP | LTS_AHR2_9 skipped - hour 18 != 10
[2026-09-17 18:32:05] DEMO_PORTFOLIO_SKIP | LTS_AHR2_20 skipped - hour 18 != 13
[2026-09-17 18:32:05] DEMO_PORTFOLIO_SKIP | LTS_AHR2_21 skipped - hour 18 != 9
[2026-09-17 18:32:05] DEMO_PORTFOLIO_SKIP | LTS_AHR2_35 skipped - hour 18 != 20
[2026-09-17 18:32:05] DEMO_PORTFOLIO_SKIP | LTS_AHR2_36 skipped - hour 18 != 17
[2026-09-17 18:32:05] DEMO_PORTFOLIO_SKIP | LTS_AHR2_43 skipped - hour 18 != 21
[2026-09-17 18:32:05] DEMO_PORTFOLIO_SKIP | LTS_AHR2_44 skipped - hour 18 != 21
[2026-09-17 18:32:05] DEMO_PORTFOLIO_SKIP | LTS_AHR2_52 skipped - hour 18 != 9
[2026-09-17 18:32:05] DEMO_PORTFOLIO_SKIP | LTS_AHR2_58 skipped - hour 18 != 10
[2026-09-17 18:32:05] DEMO_PORTFOLIO_SKIP | LTS_AHR2_65 skipped - hour 18 != 11
[2026-09-17 18:32:05] DEMO_PORTFOLIO_SKIP | LTS_AHR2_69 skipped - hour 18 != 9
[2026-09-17 18:32:05] DEMO_PORTFOLIO_SKIP | LTS_AHR2_70 skipped - hour 18 != 10
[2026-09-17 18:32:05] DEMO_PORTFOLIO_SKIP | LTS_AHR2_77 skipped - hour 18 != 10
[2026-09-17 18:32:05] DEMO_PORTFOLIO_SKIP | LTS_AHR2_82 skipped - hour 18 != 9
[2026-09-17 18:32:05] DEMO_PORTFOLIO_SKIP | LTS_AHR2_93 skipped - hour 18 != 20
[2026-09-17 18:32:05] DEMO_PORTFOLIO_SKIP | LTS_AHR2_102 skipped - hour 18 != 13
[2026-09-17 18:32:05] DEMO_PORTFOLIO_SKIP | LTS_AHR2_106 skipped - hour 18 != 9
[2026-09-17 18:32:05] DEMO_PORTFOLIO_SKIP | LTS_AHR2_116 skipped - hour 18 != 10
[2026-09-17 18:32:05] DEMO_PORTFOLIO_SKIP | LTS_AHR2_126 skipped - hour 18 != 17
[2026-09-17 18:32:05] DEMO_PORTFOLIO_SKIP | LTS_AHR2_131 skipped - hour 18 != 20
[2026-09-17 18:32:05] DEMO_PORTFOLIO_SKIP | LTS_AHR2_135 skipped - hour 18 != 20
[2026-09-17 18:32:05] DEMO_PORTFOLIO_SKIP | LTS_AHR2_138 skipped - hour 18 != 9
[2026-09-17 18:32:05] DEMO_PORTFOLIO_SKIP | LTS_AHR2_149 skipped - hour 18 != 11
[2026-09-17 18:32:05] DEMO_PORTFOLIO_SKIP | LTS_AHR2_150 skipped - hour 18 != 13
[2026-09-17 18:32:05] DEMO_PORTFOLIO_SKIP | LTS_AHR2_155 skipped - hour 18 != 16
[2026-09-17 18:32:05] DEMO_PORTFOLIO_SKIP | LTS_AHR2_160 skipped - hour 18 != 16
[2026-09-17 18:32:05] DEMO_PORTFOLIO_SKIP | LTS_AHR2_170 skipped - hour 18 != 21
[2026-09-17 18:32:06] DEMO_PORTFOLIO_SKIP | LTS_AHR2_171 skipped - hour 18 != 12
[2026-09-17 18:32:06] DEMO_PORTFOLIO_SKIP | LTS_AHR2_177 skipped - hour 18 != 22
[2026-09-17 18:32:06] DEMO_PORTFOLIO_SKIP | LTS_AHR2_180 skipped - hour 18 != 20
[2026-09-17 18:32:06] DEMO_PORTFOLIO_SKIP | LTS_AHR2_181 skipped - hour 18 != 13
[2026-09-17 18:32:06] DEMO_PORTFOLIO_SKIP | LTS_AHR2_185 skipped - hour 18 != 9
[2026-09-17 18:32:06] DEMO_PORTFOLIO_SKIP | LTS_AHR2_186 skipped - hour 18 != 22
[2026-09-17 18:32:06] DEMO_PORTFOLIO_SKIP | LTS_AHR2_193 skipped - hour 18 != 11
[2026-09-17 18:32:06] DEMO_PORTFOLIO_SKIP | LTS_AHR2_210 skipped - hour 18 != 20
[2026-09-17 18:32:06] DEMO_PORTFOLIO_SKIP | LTS_AHR2_213 skipped - hour 18 != 11
[2026-09-17 18:32:06] DEMO_PORTFOLIO_SKIP | LTS_AHR2_217 skipped - hour 18 != 20
[2026-09-17 18:32:06] DEMO_PORTFOLIO_SKIP | LTS_AHR2_222 skipped - hour 18 != 22
[2026-09-17 18:32:06] DEMO_PORTFOLIO_SKIP | LTS_AHR2_223 skipped - hour 18 != 12
[2026-09-17 18:32:06] DEMO_PORTFOLIO_SKIP | LTS_AHR2_227 skipped - hour 18 != 9
[2026-09-17 18:32:06] DEMO_PORTFOLIO_SKIP | LTS_AHR2_228 skipped - hour 18 != 17
[2026-09-17 18:32:06] DEMO_PORTFOLIO_SKIP | LTS_AHR2_234 skipped - hour 18 != 14
[2026-09-17 18:32:06] DEMO_PORTFOLIO_SKIP | LTS_AHR2_239 skipped - hour 18 != 20
[2026-09-17 18:32:06] DEMO_PORTFOLIO_SKIP | LTS_AHR2_254 skipped - hour 18 != 19
[2026-09-17 18:32:06] DEMO_PORTFOLIO_SKIP | LTS_AHR2_255 skipped - hour 18 != 21
[2026-09-17 18:32:06] DEMO_PORTFOLIO_SKIP | LTS_AHR2_260 skipped - hour 18 != 21
[2026-09-17 18:32:06] DEMO_PORTFOLIO_SKIP | LTS_AHR2_261 skipped - hour 18 != 22
[2026-09-17 18:32:06] DEMO_PORTFOLIO_SKIP | LTS_AHR2_266 skipped - hour 18 != 17
[2026-09-17 18:32:06] DEMO_PORTFOLIO_SKIP | LTS_AHR2_271 skipped - hour 18 != 21
[2026-09-17 18:32:06] DEMO_PORTFOLIO_SKIP | LTS_AHR2_272 skipped - hour 18 != 21
[2026-09-17 18:32:06] DEMO_PORTFOLIO_SKIP | LTS_AHR2_274 skipped - hour 18 != 21
[2026-09-17 18:32:06] DEMO_PORTFOLIO_SKIP | LTS_AHR2_277 skipped - hour 18 != 13
[2026-09-17 18:32:06] DEMO_PORTFOLIO_SKIP | LTS_AHR2_291 skipped - hour 18 != 20
[2026-09-17 18:32:06] DEMO_PORTFOLIO_SKIP | LTS_AHR2_294 skipped - hour 18 != 20
[2026-09-17 18:32:06] DEMO_PORTFOLIO_SKIP | LTS_AHR2_300 skipped - hour 18 != 21
[2026-09-17 18:32:06] DEMO_PORTFOLIO_SKIP | LTS_AHR2_303 skipped - hour 18 != 17
[2026-09-17 18:32:07] DEMO_PORTFOLIO_SKIP | LTS_AHR2_314 skipped - hour 18 != 17
[2026-09-17 18:32:07] DEMO_PORTFOLIO_SKIP | LTS_AHR2_318 skipped - hour 18 != 20
[2026-09-17 18:32:07] DEMO_PORTFOLIO_SKIP | LTS_AHR2_324 skipped - hour 18 != 22
[2026-09-17 18:32:07] DEMO_PORTFOLIO_SKIP | LTS_AHR2_330 skipped - hour 18 != 9
[2026-09-17 18:32:07] DEMO_PORTFOLIO_SKIP | LTS_AHR2_334 skipped - hour 18 != 13
[2026-09-17 18:32:07] DEMO_PORTFOLIO_SKIP | LTS_AHR2_335 skipped - hour 18 != 11
[2026-09-17 18:32:07] DEMO_PORTFOLIO_SKIP | LTS_AHR2_340 skipped - hour 18 != 20
[2026-09-17 18:32:07] DEMO_PORTFOLIO_SKIP | LTS_AHR2_341 skipped - hour 18 != 21
[2026-09-17 18:32:07] DEMO_PORTFOLIO_SKIP | LTS_AHR2_349 skipped - hour 18 != 11
[2026-09-17 18:32:07] DEMO_PORTFOLIO_SKIP | LTS_AHR2_358 skipped - risk_distance 9.79 > 1.30
[2026-09-17 18:32:07] DEMO_PORTFOLIO_SKIP | LTS_AHR2_363 skipped - hour 18 != 17
[2026-09-17 18:32:07] DEMO_PORTFOLIO_SKIP | LTS_AHR2_368 skipped - hour 18 != 21
[2026-09-17 18:32:07] DEMO_PORTFOLIO_SKIP | LTS_AHR2_369 skipped - hour 18 != 21
[2026-09-17 18:32:07] DEMO_PORTFOLIO_SKIP | LTS_AHR2_374 skipped - hour 18 != 10
[2026-09-17 18:32:07] DEMO_PORTFOLIO_SKIP | LTS_AHR2_375 skipped - hour 18 != 21
[2026-09-17 18:32:07] DEMO_PORTFOLIO_SKIP | LTS_AHR2_384 skipped - hour 18 != 20
[2026-09-17 18:32:07] DEMO_PORTFOLIO_SKIP | LTS_AHR2_385 skipped - hour 18 != 12
[2026-09-17 18:32:07] DEMO_PORTFOLIO_SKIP | LTS_AHR2_397 skipped - hour 18 != 20
[2026-09-17 18:32:07] DEMO_PORTFOLIO_SKIP | LTS_AHR2_471 skipped - hour 18 != 22
[2026-09-17 18:32:07] DEMO_PORTFOLIO_SCAN | XAUUSD.iux done active=LTS_AHR2
[2026-09-17 18:33:04] SYMBOL_CHECK | XAUUSD.iux trade_mode=4 xau_open=True | trade_mode=4 | tick_time=1789648384 | bid=4327.05 | ask=4327.19 | tick_ok=True | xau_open=True | current_symbol=XAUUSD.iux | startup=False
[2026-09-17 18:34:05] SYMBOL_CHECK | XAUUSD.iux trade_mode=4 xau_open=True | trade_mode=4 | tick_time=1789648445 | bid=4326.75 | ask=4326.89 | tick_ok=True | xau_open=True | current_symbol=XAUUSD.iux | startup=False
[2026-09-17 18:35:04] SYMBOL_CHECK | XAUUSD.iux trade_mode=4 xau_open=True | trade_mode=4 | tick_time=1789648504 | bid=4326.33 | ask=4326.47 | tick_ok=True | xau_open=True | current_symbol=XAUUSD.iux | startup=False
[2026-09-17 18:36:05] SYMBOL_CHECK | XAUUSD.iux trade_mode=4 xau_open=True | trade_mode=4 | tick_time=1789648564 | bid=4327.29 | ask=4327.43 | tick_ok=True | xau_open=True | current_symbol=XAUUSD.iux | startup=False
[2026-09-17 18:37:05] DEMO_PORTFOLIO_SCAN | XAUUSD.iux open active=LTS_AHR2
[2026-09-17 18:37:05] SYMBOL_CHECK | XAUUSD.iux trade_mode=4 xau_open=True | trade_mode=4 | tick_time=1789648624 | bid=4326.5 | ask=4326.64 | tick_ok=True | xau_open=True | current_symbol=XAUUSD.iux | startup=False
[2026-09-17 18:37:05] DEMO_PORTFOLIO_SCAN | XAUUSD.iux done active=LTS_AHR2
[2026-09-17 18:38:05] SYMBOL_CHECK | XAUUSD.iux trade_mode=4 xau_open=True | trade_mode=4 | tick_time=1789648685 | bid=4325.07 | ask=4325.21 | tick_ok=True | xau_open=True | current_symbol=XAUUSD.iux | startup=False
[2026-09-17 18:39:05] SYMBOL_CHECK | XAUUSD.iux trade_mode=4 xau_open=True | trade_mode=4 | tick_time=1789648745 | bid=4324.79 | ask=4324.93 | tick_ok=True | xau_open=True | current_symbol=XAUUSD.iux | startup=False
[2026-09-17 18:40:04] SYMBOL_CHECK | XAUUSD.iux trade_mode=4 xau_open=True | trade_mode=4 | tick_time=1789648805 | bid=4325.38 | ask=4325.52 | tick_ok=True | xau_open=True | current_symbol=XAUUSD.iux | startup=False
[2026-09-17 18:40:42] SYMBOL_CHECK | XAUUSD.iux trade_mode=4 xau_open=True | trade_mode=4 | tick_time=1789648837 | bid=4324.46 | ask=4324.6 | tick_ok=True | xau_open=True | current_symbol=XAUUSD.iux | startup=False
[2026-09-17 18:42:04] DEMO_PORTFOLIO_SCAN | XAUUSD.iux open active=LTS_AHR2
[2026-09-17 18:42:05] SYMBOL_CHECK | XAUUSD.iux trade_mode=4 xau_open=True | trade_mode=4 | tick_time=1789648925 | bid=4323.6 | ask=4323.74 | tick_ok=True | xau_open=True | current_symbol=XAUUSD.iux | startup=False
[2026-09-17 18:42:05] DEMO_PORTFOLIO_SCAN | XAUUSD.iux done active=LTS_AHR2
[2026-09-17 18:43:04] SYMBOL_CHECK | XAUUSD.iux trade_mode=4 xau_open=True | trade_mode=4 | tick_time=1789648985 | bid=4325.94 | ask=4326.08 | tick_ok=True | xau_open=True | current_symbol=XAUUSD.iux | startup=False
[2026-09-17 18:44:04] SYMBOL_CHECK | XAUUSD.iux trade_mode=4 xau_open=True | trade_mode=4 | tick_time=1789649045 | bid=4326.02 | ask=4326.16 | tick_ok=True | xau_open=True | current_symbol=XAUUSD.iux | startup=False
[2026-09-17 18:45:04] SYMBOL_CHECK | XAUUSD.iux trade_mode=4 xau_open=True | trade_mode=4 | tick_time=1789649105 | bid=4324.82 | ask=4324.96 | tick_ok=True | xau_open=True | current_symbol=XAUUSD.iux | startup=False
[2026-09-17 18:46:04] SYMBOL_CHECK | XAUUSD.iux trade_mode=4 xau_open=True | trade_mode=4 | tick_time=1789649165 | bid=4326.79 | ask=4326.93 | tick_ok=True | xau_open=True | current_symbol=XAUUSD.iux | startup=False
[2026-09-17 18:47:05] DEMO_PORTFOLIO_SCAN | XAUUSD.iux open active=LTS_AHR2
[2026-09-17 18:47:05] SYMBOL_CHECK | XAUUSD.iux trade_mode=4 xau_open=True | trade_mode=4 | tick_time=1789649225 | bid=4327.3 | ask=4327.44 | tick_ok=True | xau_open=True | current_symbol=XAUUSD.iux | startup=False
[2026-09-17 18:47:05] DEMO_PORTFOLIO_SKIP | LTS_AHR2_1 skipped - hour 18 != 8
[2026-09-17 18:47:05] DEMO_PORTFOLIO_SKIP | LTS_AHR2_13 skipped - hour 18 != 14
[2026-09-17 18:47:05] DEMO_PORTFOLIO_SKIP | LTS_AHR2_19 skipped - hour 18 != 11
[2026-09-17 18:47:05] DEMO_PORTFOLIO_SKIP | LTS_AHR2_28 skipped - hour 18 != 11
[2026-09-17 18:47:05] DEMO_PORTFOLIO_SKIP | LTS_AHR2_42 skipped - hour 18 != 19
[2026-09-17 18:47:05] DEMO_PORTFOLIO_SKIP | LTS_AHR2_48 skipped - hour 18 != 9
[2026-09-17 18:47:05] DEMO_PORTFOLIO_SKIP | LTS_AHR2_51 skipped - risk_distance 3.66 < 4.00
[2026-09-17 18:47:05] DEMO_PORTFOLIO_SKIP | LTS_AHR2_57 skipped - hour 18 != 9
[2026-09-17 18:47:05] DEMO_PORTFOLIO_SKIP | LTS_AHR2_64 skipped - hour 18 != 22
[2026-09-17 18:47:05] DEMO_PORTFOLIO_SKIP | LTS_AHR2_74 skipped - hour 18 != 14
[2026-09-17 18:47:05] DEMO_PORTFOLIO_SKIP | LTS_AHR2_81 skipped - hour 18 != 11
[2026-09-17 18:47:05] DEMO_PORTFOLIO_SKIP | LTS_AHR2_92 skipped - hour 18 != 9
[2026-09-17 18:47:05] DEMO_PORTFOLIO_SKIP | LTS_AHR2_99 skipped - hour 18 != 10
[2026-09-17 18:47:05] DEMO_PORTFOLIO_SKIP | LTS_AHR2_111 skipped - hour 18 != 20
[2026-09-17 18:47:05] DEMO_PORTFOLIO_SKIP | LTS_AHR2_121 skipped - hour 18 != 9
[2026-09-17 18:47:05] DEMO_PORTFOLIO_SKIP | LTS_AHR2_124 skipped - hour 18 != 11
[2026-09-17 18:47:05] DEMO_PORTFOLIO_SKIP | LTS_AHR2_130 skipped - hour 18 != 15
[2026-09-17 18:47:05] DEMO_PORTFOLIO_SKIP | LTS_AHR2_134 skipped - hour 18 != 22
[2026-09-17 18:47:05] DEMO_PORTFOLIO_SKIP | LTS_AHR2_141 skipped - hour 18 != 9
[2026-09-17 18:47:05] DEMO_PORTFOLIO_SKIP | LTS_AHR2_144 skipped - hour 18 != 12
[2026-09-17 18:47:05] DEMO_PORTFOLIO_SKIP | LTS_AHR2_148 skipped - hour 18 != 14
[2026-09-17 18:47:05] DEMO_PORTFOLIO_SKIP | LTS_AHR2_159 skipped - hour 18 != 17
[2026-09-17 18:47:05] DEMO_PORTFOLIO_SKIP | LTS_AHR2_169 skipped - hour 18 != 14
[2026-09-17 18:47:05] DEMO_PORTFOLIO_SKIP | LTS_AHR2_176 skipped - hour 18 != 11
[2026-09-17 18:47:05] DEMO_PORTFOLIO_SKIP | LTS_AHR2_192 skipped - hour 18 != 22
[2026-09-17 18:47:05] DEMO_PORTFOLIO_SKIP | LTS_AHR2_196 skipped - hour 18 != 17
[2026-09-17 18:47:05] DEMO_PORTFOLIO_SKIP | LTS_AHR2_200 skipped - hour 18 != 16
[2026-09-17 18:47:05] DEMO_PORTFOLIO_SKIP | LTS_AHR2_209 skipped - hour 18 != 8
[2026-09-17 18:47:05] DEMO_PORTFOLIO_SKIP | LTS_AHR2_226 skipped - hour 18 != 15
[2026-09-17 18:47:06] DEMO_PORTFOLIO_SKIP | LTS_AHR2_233 skipped - hour 18 != 17
[2026-09-17 18:47:06] DEMO_PORTFOLIO_SKIP | LTS_AHR2_238 skipped - hour 18 != 14
[2026-09-17 18:47:06] DEMO_PORTFOLIO_SKIP | LTS_AHR2_249 skipped - hour 18 != 19
[2026-09-17 18:47:06] DEMO_PORTFOLIO_SKIP | LTS_AHR2_253 skipped - hour 18 != 9
[2026-09-17 18:47:06] DEMO_PORTFOLIO_SKIP | LTS_AHR2_257 skipped - hour 18 != 11
[2026-09-17 18:47:06] DEMO_PORTFOLIO_SKIP | LTS_AHR2_259 skipped - hour 18 != 21
[2026-09-17 18:47:06] DEMO_PORTFOLIO_SKIP | LTS_AHR2_265 skipped - hour 18 != 19
[2026-09-17 18:47:06] DEMO_PORTFOLIO_SKIP | LTS_AHR2_270 skipped - hour 18 != 20
[2026-09-17 18:47:06] DEMO_PORTFOLIO_SKIP | LTS_AHR2_281 skipped - hour 18 != 11
[2026-09-17 18:47:06] DEMO_PORTFOLIO_SKIP | LTS_AHR2_284 skipped - hour 18 != 22
[2026-09-17 18:47:06] DEMO_PORTFOLIO_SKIP | LTS_AHR2_286 skipped - hour 18 != 20
[2026-09-17 18:47:06] DEMO_PORTFOLIO_SKIP | LTS_AHR2_290 skipped - hour 18 != 22
[2026-09-17 18:47:06] DEMO_PORTFOLIO_SKIP | LTS_AHR2_299 skipped - hour 18 != 15
[2026-09-17 18:47:06] DEMO_PORTFOLIO_SKIP | LTS_AHR2_309 skipped - hour 18 != 12
[2026-09-17 18:47:06] DEMO_PORTFOLIO_SKIP | LTS_AHR2_323 skipped - hour 18 != 20
[2026-09-17 18:47:06] DEMO_PORTFOLIO_SKIP | LTS_AHR2_333 skipped - hour 18 != 16
[2026-09-17 18:47:06] DEMO_PORTFOLIO_SKIP | LTS_AHR2_339 skipped - hour 18 != 9
[2026-09-17 18:47:06] DEMO_PORTFOLIO_SKIP | LTS_AHR2_357 skipped - hour 18 != 21
[2026-09-17 18:47:06] DEMO_PORTFOLIO_SKIP | LTS_AHR2_361 skipped - hour 18 != 15
[2026-09-17 18:47:06] DEMO_PORTFOLIO_SKIP | LTS_AHR2_378 skipped - hour 18 != 19
[2026-09-17 18:47:06] DEMO_PORTFOLIO_SKIP | LTS_AHR2_383 skipped - hour 18 != 10
[2026-09-17 18:47:06] DEMO_PORTFOLIO_SCAN | XAUUSD.iux done active=LTS_AHR2
[2026-09-17 18:48:05] SYMBOL_CHECK | XAUUSD.iux trade_mode=4 xau_open=True | trade_mode=4 | tick_time=1789649285 | bid=4330.96 | ask=4331.1 | tick_ok=True | xau_open=True | current_symbol=XAUUSD.iux | startup=False
[2026-09-17 18:49:04] SYMBOL_CHECK | XAUUSD.iux trade_mode=4 xau_open=True | trade_mode=4 | tick_time=1789649345 | bid=4331.35 | ask=4331.49 | tick_ok=True | xau_open=True | current_symbol=XAUUSD.iux | startup=False
[2026-09-17 18:50:03] SYMBOL_CHECK | XAUUSD.iux trade_mode=4 xau_open=True | trade_mode=4 | tick_time=1789649404 | bid=4331.63 | ask=4331.77 | tick_ok=True | xau_open=True | current_symbol=XAUUSD.iux | startup=False
[2026-09-17 18:51:05] SYMBOL_CHECK | XAUUSD.iux trade_mode=4 xau_open=True | trade_mode=4 | tick_time=1789649464 | bid=4335.24 | ask=4335.38 | tick_ok=True | xau_open=True | current_symbol=XAUUSD.iux | startup=False
[2026-09-17 18:52:05] DEMO_PORTFOLIO_SCAN | XAUUSD.iux open active=LTS_AHR2
[2026-09-17 18:52:05] SYMBOL_CHECK | XAUUSD.iux trade_mode=4 xau_open=True | trade_mode=4 | tick_time=1789649525 | bid=4338.44 | ask=4338.58 | tick_ok=True | xau_open=True | current_symbol=XAUUSD.iux | startup=False
[2026-09-17 18:52:05] DEMO_PORTFOLIO_SCAN | XAUUSD.iux done active=LTS_AHR2
[2026-09-17 18:53:05] SYMBOL_CHECK | XAUUSD.iux trade_mode=4 xau_open=True | trade_mode=4 | tick_time=1789649584 | bid=4337.98 | ask=4338.12 | tick_ok=True | xau_open=True | current_symbol=XAUUSD.iux | startup=False
[2026-09-17 18:54:04] SYMBOL_CHECK | XAUUSD.iux trade_mode=4 xau_open=True | trade_mode=4 | tick_time=1789649644 | bid=4340.06 | ask=4340.2 | tick_ok=True | xau_open=True | current_symbol=XAUUSD.iux | startup=False
[2026-09-17 18:55:05] SYMBOL_CHECK | XAUUSD.iux trade_mode=4 xau_open=True | trade_mode=4 | tick_time=1789649705 | bid=4341.68 | ask=4341.82 | tick_ok=True | xau_open=True | current_symbol=XAUUSD.iux | startup=False
[2026-09-17 18:56:05] SYMBOL_CHECK | XAUUSD.iux trade_mode=4 xau_open=True | trade_mode=4 | tick_time=1789649764 | bid=4342.57 | ask=4342.71 | tick_ok=True | xau_open=True | current_symbol=XAUUSD.iux | startup=False
[2026-09-17 18:57:05] DEMO_PORTFOLIO_SCAN | XAUUSD.iux open active=LTS_AHR2
[2026-09-17 18:57:05] SYMBOL_CHECK | XAUUSD.iux trade_mode=4 xau_open=True | trade_mode=4 | tick_time=1789649825 | bid=4342.62 | ask=4342.76 | tick_ok=True | xau_open=True | current_symbol=XAUUSD.iux | startup=False
[2026-09-17 18:57:05] DEMO_PORTFOLIO_SCAN | XAUUSD.iux done active=LTS_AHR2
[2026-09-17 18:58:04] SYMBOL_CHECK | XAUUSD.iux trade_mode=4 xau_open=True | trade_mode=4 | tick_time=1789649885 | bid=4345.51 | ask=4345.65 | tick_ok=True | xau_open=True | current_symbol=XAUUSD.iux | startup=False
[2026-09-17 18:58:45] POSITION_CLOSED | 🛑 SL Hit | ticket=586926868 | side=SELL | symbol=XAUUSD.iux | tf=M15 | sid=21 | pattern=- | trend_filter=- | open_price=4279.24 | close_price=4352.74 | sl=4352.74 | tp=4126.19 | profit=-14700.0 | reason=[sl 4352.74] | close_time=18:58:40 17/09/2026
[2026-09-17 18:58:45] TG_DROP | TelegramError: httpx.ConnectError: [Errno 11001] getaddrinfo failed | text=🔴 *🛑 SL Hit* ━━━━━━━━━━━━━━━━━ 📊 TF: M15 📊 SELL XAUUSD.iux 📌 เปิด: `4279.24` 📌 ปิด: `4352.74` 🛑 SL: `4352.74` | 🎯 TP: `4...
[2026-09-17 18:59:04] SYMBOL_CHECK | XAUUSD.iux trade_mode=4 xau_open=True | trade_mode=4 | tick_time=1789649945 | bid=4349.55 | ask=4349.69 | tick_ok=True | xau_open=True | current_symbol=XAUUSD.iux | startup=False
[2026-09-17 19:00:04] SYMBOL_CHECK | XAUUSD.iux trade_mode=4 xau_open=True | trade_mode=4 | tick_time=1789650005 | bid=4349.49 | ask=4349.63 | tick_ok=True | xau_open=True | current_symbol=XAUUSD.iux | startup=False
[2026-09-17 19:00:50] POSITION_CLOSED | 🛑 SL Hit | ticket=587095652 | side=SELL | symbol=XAUUSD.iux | tf=H1 | sid=21 | pattern=- | trend_filter=- | open_price=4306.5 | close_price=4353.8 | sl=4353.8 | tp=4234.83 | profit=-9460.0 | reason=[sl 4353.80] | close_time=19:00:50 17/09/2026
[2026-09-17 19:00:53] TG_DROP | TelegramError: httpx.ConnectError: [Errno 11001] getaddrinfo failed | text=🔴 *🛑 SL Hit* ━━━━━━━━━━━━━━━━━ 📊 TF: H1 📊 SELL XAUUSD.iux 📌 เปิด: `4306.5` 📌 ปิด: `4353.8` 🛑 SL: `4353.8` | 🎯 TP: `4234....
[2026-09-17 19:01:05] SYMBOL_CHECK | XAUUSD.iux trade_mode=4 xau_open=True | trade_mode=4 | tick_time=1789650065 | bid=4352.23 | ask=4352.37 | tick_ok=True | xau_open=True | current_symbol=XAUUSD.iux | startup=False
[2026-09-17 19:02:04] DEMO_PORTFOLIO_SCAN | XAUUSD.iux open active=LTS_AHR2
[2026-09-17 19:02:05] SYMBOL_CHECK | XAUUSD.iux trade_mode=4 xau_open=True | trade_mode=4 | tick_time=1789650125 | bid=4349.54 | ask=4349.68 | tick_ok=True | xau_open=True | current_symbol=XAUUSD.iux | startup=False
[2026-09-17 19:02:05] DEMO_PORTFOLIO_PENDING_CANCEL | LTS_AHR2_667 expired entry=4316.45
[2026-09-17 19:02:05] DEMO_PORTFOLIO_SCAN | XAUUSD.iux done active=LTS_AHR2
[2026-09-17 19:03:04] SYMBOL_CHECK | XAUUSD.iux trade_mode=4 xau_open=True | trade_mode=4 | tick_time=1789650185 | bid=4348.98 | ask=4349.12 | tick_ok=True | xau_open=True | current_symbol=XAUUSD.iux | startup=False
[2026-09-17 19:04:05] SYMBOL_CHECK | XAUUSD.iux trade_mode=4 xau_open=True | trade_mode=4 | tick_time=1789650245 | bid=4350.19 | ask=4350.33 | tick_ok=True | xau_open=True | current_symbol=XAUUSD.iux | startup=False
[2026-09-17 19:05:05] SYMBOL_CHECK | XAUUSD.iux trade_mode=4 xau_open=True | trade_mode=4 | tick_time=1789650305 | bid=4345.37 | ask=4345.51 | tick_ok=True | xau_open=True | current_symbol=XAUUSD.iux | startup=False
[2026-09-17 19:06:05] SYMBOL_CHECK | XAUUSD.iux trade_mode=4 xau_open=True | trade_mode=4 | tick_time=1789650365 | bid=4348.3 | ask=4348.44 | tick_ok=True | xau_open=True | current_symbol=XAUUSD.iux | startup=False
[2026-09-17 19:07:04] DEMO_PORTFOLIO_SCAN | XAUUSD.iux open active=LTS_AHR2
[2026-09-17 19:07:05] SYMBOL_CHECK | XAUUSD.iux trade_mode=4 xau_open=True | trade_mode=4 | tick_time=1789650425 | bid=4347.09 | ask=4347.23 | tick_ok=True | xau_open=True | current_symbol=XAUUSD.iux | startup=False
[2026-09-17 19:07:05] DEMO_PORTFOLIO_SCAN | XAUUSD.iux done active=LTS_AHR2
[2026-09-17 19:08:04] SYMBOL_CHECK | XAUUSD.iux trade_mode=4 xau_open=True | trade_mode=4 | tick_time=1789650485 | bid=4347.86 | ask=4348.0 | tick_ok=True | xau_open=True | current_symbol=XAUUSD.iux | startup=False
[2026-09-17 19:09:05] SYMBOL_CHECK | XAUUSD.iux trade_mode=4 xau_open=True | trade_mode=4 | tick_time=1789650545 | bid=4350.32 | ask=4350.46 | tick_ok=True | xau_open=True | current_symbol=XAUUSD.iux | startup=False
[2026-09-17 19:10:05] SYMBOL_CHECK | XAUUSD.iux trade_mode=4 xau_open=True | trade_mode=4 | tick_time=1789650605 | bid=4352.33 | ask=4352.47 | tick_ok=True | xau_open=True | current_symbol=XAUUSD.iux | startup=False
[2026-09-17 19:11:05] SYMBOL_CHECK | XAUUSD.iux trade_mode=4 xau_open=True | trade_mode=4 | tick_time=1789650665 | bid=4353.5 | ask=4353.64 | tick_ok=True | xau_open=True | current_symbol=XAUUSD.iux | startup=False
[2026-09-17 19:12:04] DEMO_PORTFOLIO_SCAN | XAUUSD.iux open active=LTS_AHR2
[2026-09-17 19:12:05] SYMBOL_CHECK | XAUUSD.iux trade_mode=4 xau_open=True | trade_mode=4 | tick_time=1789650725 | bid=4355.0 | ask=4355.14 | tick_ok=True | xau_open=True | current_symbol=XAUUSD.iux | startup=False
[2026-09-17 19:12:05] DEMO_PORTFOLIO_SCAN | XAUUSD.iux done active=LTS_AHR2
[2026-09-17 19:13:05] SYMBOL_CHECK | XAUUSD.iux trade_mode=4 xau_open=True | trade_mode=4 | tick_time=1789650785 | bid=4354.04 | ask=4354.18 | tick_ok=True | xau_open=True | current_symbol=XAUUSD.iux | startup=False
[2026-09-17 19:14:04] SYMBOL_CHECK | XAUUSD.iux trade_mode=4 xau_open=True | trade_mode=4 | tick_time=1789650845 | bid=4353.82 | ask=4353.96 | tick_ok=True | xau_open=True | current_symbol=XAUUSD.iux | startup=False
[2026-09-17 19:15:05] SYMBOL_CHECK | XAUUSD.iux trade_mode=4 xau_open=True | trade_mode=4 | tick_time=1789650905 | bid=4354.16 | ask=4354.3 | tick_ok=True | xau_open=True | current_symbol=XAUUSD.iux | startup=False
[2026-09-17 19:16:05] SYMBOL_CHECK | XAUUSD.iux trade_mode=4 xau_open=True | trade_mode=4 | tick_time=1789650965 | bid=4356.34 | ask=4356.48 | tick_ok=True | xau_open=True | current_symbol=XAUUSD.iux | startup=False
[2026-09-17 19:17:04] DEMO_PORTFOLIO_SCAN | XAUUSD.iux open active=LTS_AHR2
[2026-09-17 19:17:05] SYMBOL_CHECK | XAUUSD.iux trade_mode=4 xau_open=True | trade_mode=4 | tick_time=1789651025 | bid=4359.5 | ask=4359.64 | tick_ok=True | xau_open=True | current_symbol=XAUUSD.iux | startup=False
[2026-09-17 19:17:05] DEMO_PORTFOLIO_SCAN | XAUUSD.iux done active=LTS_AHR2
[2026-09-17 19:18:05] SYMBOL_CHECK | XAUUSD.iux trade_mode=4 xau_open=True | trade_mode=4 | tick_time=1789651085 | bid=4360.58 | ask=4360.72 | tick_ok=True | xau_open=True | current_symbol=XAUUSD.iux | startup=False
[2026-09-17 19:19:05] SYMBOL_CHECK | XAUUSD.iux trade_mode=4 xau_open=True | trade_mode=4 | tick_time=1789651145 | bid=4364.55 | ask=4364.69 | tick_ok=True | xau_open=True | current_symbol=XAUUSD.iux | startup=False
[2026-09-17 19:19:15] POSITION_CLOSED | 🎯 TP Hit | ticket=586915557 | side=BUY | symbol=XAUUSD.iux | tf=M15 | sid=21 | pattern=- | trend_filter=- | open_price=4283.81 | close_price=4365.3 | sl=4132.02 | tp=4365.3 | profit=16298.0 | reason=[tp 4365.30] | close_time=19:19:14 17/09/2026
[2026-09-17 19:19:15] POSITION_CLOSED | 🛑 SL Hit | ticket=586909653 | side=SELL | symbol=XAUUSD.iux | tf=M15 | sid=21 | pattern=- | trend_filter=- | open_price=4288.01 | close_price=4365.3 | sl=4365.3 | tp=4132.02 | profit=-15458.0 | reason=[sl 4365.30] | close_time=19:19:14 17/09/2026
[2026-09-17 19:19:15] TG_DROP | TelegramError: httpx.ConnectError: [Errno 11001] getaddrinfo failed | text=🟢 *🎯 TP Hit* ━━━━━━━━━━━━━━━━━ 📊 TF: M15 📊 BUY XAUUSD.iux 📌 เปิด: `4283.81` 📌 ปิด: `4365.3` 🛑 SL: `4132.02` | 🎯 TP: `436...
[2026-09-17 19:19:15] TG_DROP | TelegramError: httpx.ConnectError: [Errno 11001] getaddrinfo failed | text=🔴 *🛑 SL Hit* ━━━━━━━━━━━━━━━━━ 📊 TF: M15 📊 SELL XAUUSD.iux 📌 เปิด: `4288.01` 📌 ปิด: `4365.3` 🛑 SL: `4365.3` | 🎯 TP: `413...
[2026-09-17 19:20:04] SYMBOL_CHECK | XAUUSD.iux trade_mode=4 xau_open=True | trade_mode=4 | tick_time=1789651205 | bid=4366.9 | ask=4367.04 | tick_ok=True | xau_open=True | current_symbol=XAUUSD.iux | startup=False
[2026-09-17 19:21:04] SYMBOL_CHECK | XAUUSD.iux trade_mode=4 xau_open=True | trade_mode=4 | tick_time=1789651265 | bid=4366.3 | ask=4366.44 | tick_ok=True | xau_open=True | current_symbol=XAUUSD.iux | startup=False
[2026-09-17 19:22:05] DEMO_PORTFOLIO_SCAN | XAUUSD.iux open active=LTS_AHR2
[2026-09-17 19:22:05] SYMBOL_CHECK | XAUUSD.iux trade_mode=4 xau_open=True | trade_mode=4 | tick_time=1789651325 | bid=4371.99 | ask=4372.13 | tick_ok=True | xau_open=True | current_symbol=XAUUSD.iux | startup=False
[2026-09-17 19:22:05] DEMO_PORTFOLIO_SCAN | XAUUSD.iux done active=LTS_AHR2
[2026-09-17 19:23:05] SYMBOL_CHECK | XAUUSD.iux trade_mode=4 xau_open=True | trade_mode=4 | tick_time=1789651385 | bid=4373.56 | ask=4373.7 | tick_ok=True | xau_open=True | current_symbol=XAUUSD.iux | startup=False
[2026-09-17 19:24:05] SYMBOL_CHECK | XAUUSD.iux trade_mode=4 xau_open=True | trade_mode=4 | tick_time=1789651445 | bid=4373.2 | ask=4373.34 | tick_ok=True | xau_open=True | current_symbol=XAUUSD.iux | startup=False
[2026-09-17 19:25:05] SYMBOL_CHECK | XAUUSD.iux trade_mode=4 xau_open=True | trade_mode=4 | tick_time=1789651505 | bid=4369.03 | ask=4369.17 | tick_ok=True | xau_open=True | current_symbol=XAUUSD.iux | startup=False
[2026-09-17 19:26:05] SYMBOL_CHECK | XAUUSD.iux trade_mode=4 xau_open=True | trade_mode=4 | tick_time=1789651565 | bid=4370.12 | ask=4370.26 | tick_ok=True | xau_open=True | current_symbol=XAUUSD.iux | startup=False
[2026-09-17 19:27:05] DEMO_PORTFOLIO_SCAN | XAUUSD.iux open active=LTS_AHR2
[2026-09-17 19:27:05] SYMBOL_CHECK | XAUUSD.iux trade_mode=4 xau_open=True | trade_mode=4 | tick_time=1789651625 | bid=4375.75 | ask=4375.89 | tick_ok=True | xau_open=True | current_symbol=XAUUSD.iux | startup=False
[2026-09-17 19:27:05] DEMO_PORTFOLIO_SCAN | XAUUSD.iux done active=LTS_AHR2
[2026-09-17 19:28:05] SYMBOL_CHECK | XAUUSD.iux trade_mode=4 xau_open=True | trade_mode=4 | tick_time=1789651685 | bid=4378.33 | ask=4378.47 | tick_ok=True | xau_open=True | current_symbol=XAUUSD.iux | startup=False
[2026-09-17 19:29:05] SYMBOL_CHECK | XAUUSD.iux trade_mode=4 xau_open=True | trade_mode=4 | tick_time=1789651745 | bid=4379.02 | ask=4379.16 | tick_ok=True | xau_open=True | current_symbol=XAUUSD.iux | startup=False
[2026-09-17 19:30:05] SYMBOL_CHECK | XAUUSD.iux trade_mode=4 xau_open=True | trade_mode=4 | tick_time=1789651805 | bid=4374.72 | ask=4374.86 | tick_ok=True | xau_open=True | current_symbol=XAUUSD.iux | startup=False
[2026-09-17 19:31:05] SYMBOL_CHECK | XAUUSD.iux trade_mode=4 xau_open=True | trade_mode=4 | tick_time=1789651865 | bid=4375.52 | ask=4375.66 | tick_ok=True | xau_open=True | current_symbol=XAUUSD.iux | startup=False
[2026-09-17 19:32:05] DEMO_PORTFOLIO_SCAN | XAUUSD.iux open active=LTS_AHR2
[2026-09-17 19:32:05] SYMBOL_CHECK | XAUUSD.iux trade_mode=4 xau_open=True | trade_mode=4 | tick_time=1789651925 | bid=4370.97 | ask=4371.11 | tick_ok=True | xau_open=True | current_symbol=XAUUSD.iux | startup=False
[2026-09-17 19:32:05] DEMO_PORTFOLIO_SCAN | XAUUSD.iux done active=LTS_AHR2
[2026-09-17 19:33:05] SYMBOL_CHECK | XAUUSD.iux trade_mode=4 xau_open=True | trade_mode=4 | tick_time=1789651985 | bid=4368.62 | ask=4368.76 | tick_ok=True | xau_open=True | current_symbol=XAUUSD.iux | startup=False
[2026-09-17 19:34:05] SYMBOL_CHECK | XAUUSD.iux trade_mode=4 xau_open=True | trade_mode=4 | tick_time=1789652045 | bid=4371.58 | ask=4371.72 | tick_ok=True | xau_open=True | current_symbol=XAUUSD.iux | startup=False
[2026-09-17 19:35:05] SYMBOL_CHECK | XAUUSD.iux trade_mode=4 xau_open=True | trade_mode=4 | tick_time=1789652104 | bid=4370.84 | ask=4370.98 | tick_ok=True | xau_open=True | current_symbol=XAUUSD.iux | startup=False
[2026-09-17 19:36:05] SYMBOL_CHECK | XAUUSD.iux trade_mode=4 xau_open=True | trade_mode=4 | tick_time=1789652165 | bid=4366.84 | ask=4366.98 | tick_ok=True | xau_open=True | current_symbol=XAUUSD.iux | startup=False
[2026-09-17 19:37:05] DEMO_PORTFOLIO_SCAN | XAUUSD.iux open active=LTS_AHR2
[2026-09-17 19:37:05] SYMBOL_CHECK | XAUUSD.iux trade_mode=4 xau_open=True | trade_mode=4 | tick_time=1789652225 | bid=4364.46 | ask=4364.6 | tick_ok=True | xau_open=True | current_symbol=XAUUSD.iux | startup=False
[2026-09-17 19:37:05] DEMO_PORTFOLIO_SCAN | XAUUSD.iux done active=LTS_AHR2
[2026-09-17 19:38:05] SYMBOL_CHECK | XAUUSD.iux trade_mode=4 xau_open=True | trade_mode=4 | tick_time=1789652285 | bid=4366.1 | ask=4366.24 | tick_ok=True | xau_open=True | current_symbol=XAUUSD.iux | startup=False
[2026-09-17 19:39:05] SYMBOL_CHECK | XAUUSD.iux trade_mode=4 xau_open=True | trade_mode=4 | tick_time=1789652345 | bid=4366.1 | ask=4366.24 | tick_ok=True | xau_open=True | current_symbol=XAUUSD.iux | startup=False
[2026-09-17 19:40:05] SYMBOL_CHECK | XAUUSD.iux trade_mode=4 xau_open=True | trade_mode=4 | tick_time=1789652405 | bid=4368.97 | ask=4369.11 | tick_ok=True | xau_open=True | current_symbol=XAUUSD.iux | startup=False
[2026-09-17 19:41:05] SYMBOL_CHECK | XAUUSD.iux trade_mode=4 xau_open=True | trade_mode=4 | tick_time=1789652465 | bid=4368.1 | ask=4368.24 | tick_ok=True | xau_open=True | current_symbol=XAUUSD.iux | startup=False
[2026-09-17 19:41:10] TG_NETWORK_ERROR | httpx.ConnectError: [Errno 11001] getaddrinfo failed
[2026-09-17 19:41:11] TG_NETWORK_ERROR | httpx.ConnectError: [Errno 11001] getaddrinfo failed
[2026-09-17 19:41:13] TG_NETWORK_ERROR | httpx.ConnectError: [Errno 11001] getaddrinfo failed
[2026-09-17 19:41:15] TG_NETWORK_ERROR | httpx.ConnectError: [Errno 11001] getaddrinfo failed
[2026-09-17 19:41:18] TG_NETWORK_ERROR | httpx.ConnectError: [Errno 11001] getaddrinfo failed
[2026-09-17 19:41:23] TG_NETWORK_ERROR | httpx.ConnectError: [Errno 11001] getaddrinfo failed
[2026-09-17 19:41:31] TG_NETWORK_ERROR | httpx.ConnectError: [Errno 11001] getaddrinfo failed
[2026-09-17 19:41:42] TG_NETWORK_ERROR | httpx.ConnectError: [Errno 11001] getaddrinfo failed
[2026-09-17 19:42:00] TG_NETWORK_ERROR | httpx.ConnectError: [Errno 11001] getaddrinfo failed
[2026-09-17 19:42:05] DEMO_PORTFOLIO_SCAN | XAUUSD.iux open active=LTS_AHR2
[2026-09-17 19:42:05] SYMBOL_CHECK | XAUUSD.iux trade_mode=4 xau_open=True | trade_mode=4 | tick_time=1789652525 | bid=4367.94 | ask=4368.08 | tick_ok=True | xau_open=True | current_symbol=XAUUSD.iux | startup=False
[2026-09-17 19:42:05] DEMO_PORTFOLIO_SCAN | XAUUSD.iux done active=LTS_AHR2
[2026-09-17 19:42:25] TG_NETWORK_ERROR | httpx.ConnectError: [Errno 11001] getaddrinfo failed
[2026-09-17 19:42:55] TG_NETWORK_ERROR | httpx.ConnectError: [Errno 11001] getaddrinfo failed
[2026-09-17 19:43:05] SYMBOL_CHECK | XAUUSD.iux trade_mode=4 xau_open=True | trade_mode=4 | tick_time=1789652585 | bid=4364.61 | ask=4364.75 | tick_ok=True | xau_open=True | current_symbol=XAUUSD.iux | startup=False
[2026-09-17 19:43:25] TG_NETWORK_ERROR | httpx.ConnectError: [Errno 11001] getaddrinfo failed
[2026-09-17 19:43:56] TG_NETWORK_ERROR | httpx.ConnectError: [Errno 11001] getaddrinfo failed
[2026-09-17 19:44:05] SYMBOL_CHECK | XAUUSD.iux trade_mode=4 xau_open=True | trade_mode=4 | tick_time=1789652645 | bid=4362.99 | ask=4363.13 | tick_ok=True | xau_open=True | current_symbol=XAUUSD.iux | startup=False
[2026-09-17 19:44:26] TG_NETWORK_ERROR | httpx.ConnectError: [Errno 11001] getaddrinfo failed
[2026-09-17 19:44:56] TG_NETWORK_ERROR | httpx.ConnectError: [Errno 11001] getaddrinfo failed
[2026-09-17 19:45:05] SYMBOL_CHECK | XAUUSD.iux trade_mode=4 xau_open=True | trade_mode=4 | tick_time=1789652705 | bid=4360.51 | ask=4360.65 | tick_ok=True | xau_open=True | current_symbol=XAUUSD.iux | startup=False
[2026-09-17 19:45:26] TG_NETWORK_ERROR | httpx.ConnectError: [Errno 11001] getaddrinfo failed
[2026-09-17 19:45:56] TG_NETWORK_ERROR | httpx.ConnectError: [Errno 11001] getaddrinfo failed
[2026-09-17 19:46:05] SYMBOL_CHECK | XAUUSD.iux trade_mode=4 xau_open=True | trade_mode=4 | tick_time=1789652765 | bid=4361.67 | ask=4361.81 | tick_ok=True | xau_open=True | current_symbol=XAUUSD.iux | startup=False
[2026-09-17 19:46:26] TG_NETWORK_ERROR | httpx.ConnectError: [Errno 11001] getaddrinfo failed
[2026-09-17 19:46:56] TG_NETWORK_ERROR | httpx.ConnectError: [Errno 11001] getaddrinfo failed
[2026-09-17 19:47:05] DEMO_PORTFOLIO_SCAN | XAUUSD.iux open active=LTS_AHR2
[2026-09-17 19:47:05] SYMBOL_CHECK | XAUUSD.iux trade_mode=4 xau_open=True | trade_mode=4 | tick_time=1789652825 | bid=4360.76 | ask=4360.9 | tick_ok=True | xau_open=True | current_symbol=XAUUSD.iux | startup=False
[2026-09-17 19:47:05] DEMO_PORTFOLIO_SCAN | XAUUSD.iux done active=LTS_AHR2
[2026-09-17 19:47:26] TG_NETWORK_ERROR | httpx.ConnectError: [Errno 11001] getaddrinfo failed
[2026-09-17 19:47:56] TG_NETWORK_ERROR | httpx.ConnectError: [Errno 11001] getaddrinfo failed
[2026-09-17 19:48:05] SYMBOL_CHECK | XAUUSD.iux trade_mode=4 xau_open=True | trade_mode=4 | tick_time=1789652885 | bid=4361.45 | ask=4361.59 | tick_ok=True | xau_open=True | current_symbol=XAUUSD.iux | startup=False
[2026-09-17 19:48:26] TG_NETWORK_ERROR | httpx.ConnectError: [Errno 11001] getaddrinfo failed
[2026-09-17 19:48:56] TG_NETWORK_ERROR | httpx.ConnectError: [Errno 11001] getaddrinfo failed
[2026-09-17 19:49:05] SYMBOL_CHECK | XAUUSD.iux trade_mode=4 xau_open=True | trade_mode=4 | tick_time=1789652945 | bid=4365.14 | ask=4365.28 | tick_ok=True | xau_open=True | current_symbol=XAUUSD.iux | startup=False
[2026-09-17 19:49:26] TG_NETWORK_ERROR | httpx.ConnectError: [Errno 11001] getaddrinfo failed
[2026-09-17 19:49:56] TG_NETWORK_ERROR | httpx.ConnectError: [Errno 11001] getaddrinfo failed
[2026-09-17 19:50:05] SYMBOL_CHECK | XAUUSD.iux trade_mode=4 xau_open=True | trade_mode=4 | tick_time=1789653005 | bid=4367.41 | ask=4367.55 | tick_ok=True | xau_open=True | current_symbol=XAUUSD.iux | startup=False
[2026-09-17 19:50:26] TG_NETWORK_ERROR | httpx.ConnectError: [Errno 11001] getaddrinfo failed
[2026-09-17 19:50:56] TG_NETWORK_ERROR | httpx.ConnectError: [Errno 11001] getaddrinfo failed
[2026-09-17 19:51:05] SYMBOL_CHECK | XAUUSD.iux trade_mode=4 xau_open=True | trade_mode=4 | tick_time=1789653065 | bid=4368.08 | ask=4368.22 | tick_ok=True | xau_open=True | current_symbol=XAUUSD.iux | startup=False
[2026-09-17 19:51:26] TG_NETWORK_ERROR | httpx.ConnectError: [Errno 11001] getaddrinfo failed
[2026-09-17 19:51:56] TG_NETWORK_ERROR | httpx.ConnectError: [Errno 11001] getaddrinfo failed
[2026-09-17 19:52:05] DEMO_PORTFOLIO_SCAN | XAUUSD.iux open active=LTS_AHR2
[2026-09-17 19:52:05] SYMBOL_CHECK | XAUUSD.iux trade_mode=4 xau_open=True | trade_mode=4 | tick_time=1789653125 | bid=4369.9 | ask=4370.04 | tick_ok=True | xau_open=True | current_symbol=XAUUSD.iux | startup=False
[2026-09-17 19:52:05] DEMO_PORTFOLIO_SCAN | XAUUSD.iux done active=LTS_AHR2
[2026-09-17 19:52:27] TG_NETWORK_ERROR | httpx.ConnectError: [Errno 11001] getaddrinfo failed
[2026-09-17 19:52:57] TG_NETWORK_ERROR | httpx.ConnectError: [Errno 11001] getaddrinfo failed
[2026-09-17 19:53:05] SYMBOL_CHECK | XAUUSD.iux trade_mode=4 xau_open=True | trade_mode=4 | tick_time=1789653185 | bid=4373.35 | ask=4373.49 | tick_ok=True | xau_open=True | current_symbol=XAUUSD.iux | startup=False
[2026-09-17 19:53:27] TG_NETWORK_ERROR | httpx.ConnectError: [Errno 11001] getaddrinfo failed
[2026-09-17 19:53:57] TG_NETWORK_ERROR | httpx.ConnectError: [Errno 11001] getaddrinfo failed
[2026-09-17 19:54:05] SYMBOL_CHECK | XAUUSD.iux trade_mode=4 xau_open=True | trade_mode=4 | tick_time=1789653245 | bid=4374.09 | ask=4374.23 | tick_ok=True | xau_open=True | current_symbol=XAUUSD.iux | startup=False
[2026-09-17 19:54:27] TG_NETWORK_ERROR | httpx.ConnectError: [Errno 11001] getaddrinfo failed
[2026-09-17 19:54:57] TG_NETWORK_ERROR | httpx.ConnectError: [Errno 11001] getaddrinfo failed
[2026-09-17 19:55:05] SYMBOL_CHECK | XAUUSD.iux trade_mode=4 xau_open=True | trade_mode=4 | tick_time=1789653305 | bid=4373.44 | ask=4373.58 | tick_ok=True | xau_open=True | current_symbol=XAUUSD.iux | startup=False
[2026-09-17 19:55:27] TG_NETWORK_ERROR | httpx.ConnectError: [Errno 11001] getaddrinfo failed
[2026-09-17 19:56:02] TG_NETWORK_ERROR | httpx.ConnectError: [Errno 11001] getaddrinfo failed
[2026-09-17 19:56:05] SYMBOL_CHECK | XAUUSD.iux trade_mode=4 xau_open=True | trade_mode=4 | tick_time=1789653364 | bid=4372.32 | ask=4372.46 | tick_ok=True | xau_open=True | current_symbol=XAUUSD.iux | startup=False
[2026-09-17 19:56:32] TG_NETWORK_ERROR | httpx.ConnectError: [Errno 11001] getaddrinfo failed
[2026-09-17 19:57:03] TG_NETWORK_ERROR | httpx.ConnectError: [Errno 11001] getaddrinfo failed
[2026-09-17 19:57:05] DEMO_PORTFOLIO_SCAN | XAUUSD.iux open active=LTS_AHR2
[2026-09-17 19:57:05] SYMBOL_CHECK | XAUUSD.iux trade_mode=4 xau_open=True | trade_mode=4 | tick_time=1789653425 | bid=4371.45 | ask=4371.59 | tick_ok=True | xau_open=True | current_symbol=XAUUSD.iux | startup=False
[2026-09-17 19:57:05] DEMO_PORTFOLIO_SCAN | XAUUSD.iux done active=LTS_AHR2
[2026-09-17 19:57:33] TG_NETWORK_ERROR | httpx.ConnectError: [Errno 11001] getaddrinfo failed
[2026-09-17 19:58:03] TG_NETWORK_ERROR | httpx.ConnectError: [Errno 11001] getaddrinfo failed
[2026-09-17 19:58:05] SYMBOL_CHECK | XAUUSD.iux trade_mode=4 xau_open=True | trade_mode=4 | tick_time=1789653484 | bid=4372.41 | ask=4372.55 | tick_ok=True | xau_open=True | current_symbol=XAUUSD.iux | startup=False
[2026-09-17 19:58:33] TG_NETWORK_ERROR | httpx.ConnectError: [Errno 11001] getaddrinfo failed
[2026-09-17 19:59:03] TG_NETWORK_ERROR | httpx.ConnectError: [Errno 11001] getaddrinfo failed
[2026-09-17 19:59:05] SYMBOL_CHECK | XAUUSD.iux trade_mode=4 xau_open=True | trade_mode=4 | tick_time=1789653545 | bid=4372.79 | ask=4372.93 | tick_ok=True | xau_open=True | current_symbol=XAUUSD.iux | startup=False
[2026-09-17 19:59:33] TG_NETWORK_ERROR | httpx.ConnectError: [Errno 11001] getaddrinfo failed
[2026-09-17 20:00:03] TG_NETWORK_ERROR | httpx.ConnectError: [Errno 11001] getaddrinfo failed
[2026-09-17 20:00:05] SYMBOL_CHECK | XAUUSD.iux trade_mode=4 xau_open=True | trade_mode=4 | tick_time=1789653605 | bid=4367.03 | ask=4367.17 | tick_ok=True | xau_open=True | current_symbol=XAUUSD.iux | startup=False
[2026-09-17 20:00:33] TG_NETWORK_ERROR | httpx.ConnectError: [Errno 11001] getaddrinfo failed
[2026-09-17 20:01:03] TG_NETWORK_ERROR | httpx.ConnectError: [Errno 11001] getaddrinfo failed
[2026-09-17 20:01:05] SYMBOL_CHECK | XAUUSD.iux trade_mode=4 xau_open=True | trade_mode=4 | tick_time=1789653665 | bid=4373.0 | ask=4373.14 | tick_ok=True | xau_open=True | current_symbol=XAUUSD.iux | startup=False
[2026-09-17 20:01:33] TG_NETWORK_ERROR | httpx.ConnectError: [Errno 11001] getaddrinfo failed
[2026-09-17 20:02:03] TG_NETWORK_ERROR | httpx.ConnectError: [Errno 11001] getaddrinfo failed
[2026-09-17 20:02:05] DEMO_PORTFOLIO_SCAN | XAUUSD.iux open active=LTS_AHR2
[2026-09-17 20:02:05] SYMBOL_CHECK | XAUUSD.iux trade_mode=4 xau_open=True | trade_mode=4 | tick_time=1789653725 | bid=4368.25 | ask=4368.39 | tick_ok=True | xau_open=True | current_symbol=XAUUSD.iux | startup=False
[2026-09-17 20:02:05] DEMO_PORTFOLIO_SCAN | XAUUSD.iux done active=LTS_AHR2
[2026-09-17 20:02:37] TG_NETWORK_ERROR | httpx.ConnectError: [Errno 11001] getaddrinfo failed
[2026-09-17 20:03:05] SYMBOL_CHECK | XAUUSD.iux trade_mode=4 xau_open=True | trade_mode=4 | tick_time=1789653785 | bid=4367.13 | ask=4367.27 | tick_ok=True | xau_open=True | current_symbol=XAUUSD.iux | startup=False
[2026-09-17 20:03:07] TG_NETWORK_ERROR | httpx.ConnectError: [Errno 11001] getaddrinfo failed
[2026-09-17 20:03:38] TG_NETWORK_ERROR | httpx.ConnectError: [Errno 11001] getaddrinfo failed
[2026-09-17 20:04:05] SYMBOL_CHECK | XAUUSD.iux trade_mode=4 xau_open=True | trade_mode=4 | tick_time=1789653845 | bid=4369.66 | ask=4369.8 | tick_ok=True | xau_open=True | current_symbol=XAUUSD.iux | startup=False
[2026-09-17 20:04:08] TG_NETWORK_ERROR | httpx.ConnectError: [Errno 11001] getaddrinfo failed
[2026-09-17 20:04:38] TG_NETWORK_ERROR | httpx.ConnectError: [Errno 11001] getaddrinfo failed
[2026-09-17 20:05:05] SYMBOL_CHECK | XAUUSD.iux trade_mode=4 xau_open=True | trade_mode=4 | tick_time=1789653905 | bid=4366.54 | ask=4366.68 | tick_ok=True | xau_open=True | current_symbol=XAUUSD.iux | startup=False
[2026-09-17 20:05:08] TG_NETWORK_ERROR | httpx.ConnectError: [Errno 11001] getaddrinfo failed
[2026-09-17 20:05:43] TG_NETWORK_ERROR | httpx.ConnectError: [Errno 11001] getaddrinfo failed
[2026-09-17 20:05:44] TG_NETWORK_ERROR | httpx.ConnectError: [Errno 11001] getaddrinfo failed
[2026-09-17 20:05:45] TG_NETWORK_ERROR | httpx.ConnectError: [Errno 11001] getaddrinfo failed
[2026-09-17 20:05:48] TG_NETWORK_ERROR | httpx.ConnectError: [Errno 11001] getaddrinfo failed
[2026-09-17 20:05:51] TG_NETWORK_ERROR | httpx.ConnectError: [Errno 11001] getaddrinfo failed
[2026-09-17 20:06:01] TG_NETWORK_ERROR | httpx.ConnectError: [Errno 11001] getaddrinfo failed
[2026-09-17 20:06:02] TG_NETWORK_ERROR | httpx.ConnectError: [Errno 11001] getaddrinfo failed
[2026-09-17 20:06:04] TG_NETWORK_ERROR | httpx.ConnectError: [Errno 11001] getaddrinfo failed
[2026-09-17 20:06:05] SYMBOL_CHECK | XAUUSD.iux trade_mode=4 xau_open=True | trade_mode=4 | tick_time=1789653965 | bid=4365.89 | ask=4366.03 | tick_ok=True | xau_open=True | current_symbol=XAUUSD.iux | startup=False
[2026-09-17 20:06:06] TG_NETWORK_ERROR | httpx.ConnectError: [Errno 11001] getaddrinfo failed
[2026-09-17 20:06:09] TG_NETWORK_ERROR | httpx.ConnectError: [Errno 11001] getaddrinfo failed
[2026-09-17 20:06:15] TG_NETWORK_ERROR | httpx.ConnectError: [Errno 11001] getaddrinfo failed
[2026-09-17 20:06:27] TG_NETWORK_ERROR | httpx.ConnectError: [Errno 11001] getaddrinfo failed
[2026-09-17 20:06:28] TG_NETWORK_ERROR | httpx.ConnectError: [Errno 11001] getaddrinfo failed
[2026-09-17 20:06:30] TG_NETWORK_ERROR | httpx.ConnectError: [Errno 11001] getaddrinfo failed
[2026-09-17 20:06:32] TG_NETWORK_ERROR | httpx.ConnectError: [Errno 11001] getaddrinfo failed
[2026-09-17 20:06:36] TG_NETWORK_ERROR | httpx.ConnectError: [Errno 11001] getaddrinfo failed
[2026-09-17 20:06:41] TG_NETWORK_ERROR | httpx.ConnectError: [Errno 11001] getaddrinfo failed
[2026-09-17 20:06:48] TG_NETWORK_ERROR | httpx.ConnectError: [Errno 11001] getaddrinfo failed
[2026-09-17 20:07:00] TG_NETWORK_ERROR | httpx.ConnectError: [Errno 11001] getaddrinfo failed
[2026-09-17 20:07:05] DEMO_PORTFOLIO_SCAN | XAUUSD.iux open active=LTS_AHR2
[2026-09-17 20:07:05] SYMBOL_CHECK | XAUUSD.iux trade_mode=4 xau_open=True | trade_mode=4 | tick_time=1789654025 | bid=4367.32 | ask=4367.46 | tick_ok=True | xau_open=True | current_symbol=XAUUSD.iux | startup=False
[2026-09-17 20:07:05] DEMO_PORTFOLIO_SCAN | XAUUSD.iux done active=LTS_AHR2
[2026-09-17 20:07:22] TG_NETWORK_ERROR | httpx.ConnectError: [Errno 11001] getaddrinfo failed
[2026-09-17 20:07:23] TG_NETWORK_ERROR | httpx.ConnectError: [Errno 11001] getaddrinfo failed
[2026-09-17 20:07:25] TG_NETWORK_ERROR | httpx.ConnectError: [Errno 11001] getaddrinfo failed
[2026-09-17 20:07:27] TG_NETWORK_ERROR | httpx.ConnectError: [Errno 11001] getaddrinfo failed
[2026-09-17 20:07:30] TG_NETWORK_ERROR | httpx.ConnectError: [Errno 11001] getaddrinfo failed
[2026-09-17 20:07:35] TG_NETWORK_ERROR | httpx.ConnectError: [Errno 11001] getaddrinfo failed
[2026-09-17 20:07:43] TG_NETWORK_ERROR | httpx.ConnectError: [Errno 11001] getaddrinfo failed
[2026-09-17 20:07:54] TG_NETWORK_ERROR | httpx.ConnectError: [Errno 11001] getaddrinfo failed
[2026-09-17 20:08:05] SYMBOL_CHECK | XAUUSD.iux trade_mode=4 xau_open=True | trade_mode=4 | tick_time=1789654085 | bid=4367.73 | ask=4367.87 | tick_ok=True | xau_open=True | current_symbol=XAUUSD.iux | startup=False
[2026-09-17 20:08:12] TG_NETWORK_ERROR | httpx.ConnectError: [Errno 11001] getaddrinfo failed
[2026-09-17 20:08:37] TG_NETWORK_ERROR | httpx.ConnectError: [Errno 11001] getaddrinfo failed
[2026-09-17 20:09:05] SYMBOL_CHECK | XAUUSD.iux trade_mode=4 xau_open=True | trade_mode=4 | tick_time=1789654145 | bid=4368.32 | ask=4368.46 | tick_ok=True | xau_open=True | current_symbol=XAUUSD.iux | startup=False
[2026-09-17 20:09:07] TG_NETWORK_ERROR | httpx.ConnectError: [Errno 11001] getaddrinfo failed
[2026-09-17 20:09:37] TG_NETWORK_ERROR | httpx.ConnectError: [Errno 11001] getaddrinfo failed
[2026-09-17 20:10:05] SYMBOL_CHECK | XAUUSD.iux trade_mode=4 xau_open=True | trade_mode=4 | tick_time=1789654205 | bid=4365.95 | ask=4366.09 | tick_ok=True | xau_open=True | current_symbol=XAUUSD.iux | startup=False
[2026-09-17 20:10:07] TG_NETWORK_ERROR | httpx.ConnectError: [Errno 11001] getaddrinfo failed
[2026-09-17 20:10:37] TG_NETWORK_ERROR | httpx.ConnectError: [Errno 11001] getaddrinfo failed
[2026-09-17 20:11:05] SYMBOL_CHECK | XAUUSD.iux trade_mode=4 xau_open=True | trade_mode=4 | tick_time=1789654265 | bid=4363.31 | ask=4363.45 | tick_ok=True | xau_open=True | current_symbol=XAUUSD.iux | startup=False
[2026-09-17 20:11:08] TG_NETWORK_ERROR | httpx.ConnectError: [Errno 11001] getaddrinfo failed
[2026-09-17 20:11:38] TG_NETWORK_ERROR | httpx.ConnectError: [Errno 11001] getaddrinfo failed
[2026-09-17 20:12:05] DEMO_PORTFOLIO_SCAN | XAUUSD.iux open active=LTS_AHR2
[2026-09-17 20:12:05] SYMBOL_CHECK | XAUUSD.iux trade_mode=4 xau_open=True | trade_mode=4 | tick_time=1789654325 | bid=4363.9 | ask=4364.04 | tick_ok=True | xau_open=True | current_symbol=XAUUSD.iux | startup=False
[2026-09-17 20:12:05] DEMO_PORTFOLIO_SCAN | XAUUSD.iux done active=LTS_AHR2
[2026-09-17 20:12:08] TG_NETWORK_ERROR | httpx.ConnectError: [Errno 11001] getaddrinfo failed
[2026-09-17 20:12:38] TG_NETWORK_ERROR | httpx.ConnectError: [Errno 11001] getaddrinfo failed
[2026-09-17 20:13:05] SYMBOL_CHECK | XAUUSD.iux trade_mode=4 xau_open=True | trade_mode=4 | tick_time=1789654385 | bid=4361.7 | ask=4361.84 | tick_ok=True | xau_open=True | current_symbol=XAUUSD.iux | startup=False
[2026-09-17 20:13:08] TG_NETWORK_ERROR | httpx.ConnectError: [Errno 11001] getaddrinfo failed
[2026-09-17 20:13:38] TG_NETWORK_ERROR | httpx.ConnectError: [Errno 11001] getaddrinfo failed
[2026-09-17 20:14:05] SYMBOL_CHECK | XAUUSD.iux trade_mode=4 xau_open=True | trade_mode=4 | tick_time=1789654445 | bid=4360.69 | ask=4360.83 | tick_ok=True | xau_open=True | current_symbol=XAUUSD.iux | startup=False
[2026-09-17 20:14:08] TG_NETWORK_ERROR | httpx.ConnectError: [Errno 11001] getaddrinfo failed
[2026-09-17 20:14:38] TG_NETWORK_ERROR | httpx.ConnectError: [Errno 11001] getaddrinfo failed
[2026-09-17 20:15:05] SYMBOL_CHECK | XAUUSD.iux trade_mode=4 xau_open=True | trade_mode=4 | tick_time=1789654505 | bid=4366.18 | ask=4366.32 | tick_ok=True | xau_open=True | current_symbol=XAUUSD.iux | startup=False
[2026-09-17 20:15:08] TG_NETWORK_ERROR | httpx.ConnectError: [Errno 11001] getaddrinfo failed
[2026-09-17 20:15:38] TG_NETWORK_ERROR | httpx.ConnectError: [Errno 11001] getaddrinfo failed
[2026-09-17 20:16:05] SYMBOL_CHECK | XAUUSD.iux trade_mode=4 xau_open=True | trade_mode=4 | tick_time=1789654565 | bid=4369.01 | ask=4369.15 | tick_ok=True | xau_open=True | current_symbol=XAUUSD.iux | startup=False
[2026-09-17 20:16:08] TG_NETWORK_ERROR | httpx.ConnectError: [Errno 11001] getaddrinfo failed
[2026-09-17 20:16:38] TG_NETWORK_ERROR | httpx.ConnectError: [Errno 11001] getaddrinfo failed
[2026-09-17 20:17:05] DEMO_PORTFOLIO_SCAN | XAUUSD.iux open active=LTS_AHR2
[2026-09-17 20:17:05] SYMBOL_CHECK | XAUUSD.iux trade_mode=4 xau_open=True | trade_mode=4 | tick_time=1789654625 | bid=4370.63 | ask=4370.77 | tick_ok=True | xau_open=True | current_symbol=XAUUSD.iux | startup=False
[2026-09-17 20:17:05] DEMO_PORTFOLIO_SCAN | XAUUSD.iux done active=LTS_AHR2
[2026-09-17 20:17:08] TG_NETWORK_ERROR | httpx.ConnectError: [Errno 11001] getaddrinfo failed
[2026-09-17 20:17:38] TG_NETWORK_ERROR | httpx.ConnectError: [Errno 11001] getaddrinfo failed
[2026-09-17 20:18:05] SYMBOL_CHECK | XAUUSD.iux trade_mode=4 xau_open=True | trade_mode=4 | tick_time=1789654685 | bid=4371.97 | ask=4372.11 | tick_ok=True | xau_open=True | current_symbol=XAUUSD.iux | startup=False
[2026-09-17 20:18:08] TG_NETWORK_ERROR | httpx.ConnectError: [Errno 11001] getaddrinfo failed
[2026-09-17 20:18:38] TG_NETWORK_ERROR | httpx.ConnectError: [Errno 11001] getaddrinfo failed
[2026-09-17 20:19:05] SYMBOL_CHECK | XAUUSD.iux trade_mode=4 xau_open=True | trade_mode=4 | tick_time=1789654745 | bid=4373.87 | ask=4374.01 | tick_ok=True | xau_open=True | current_symbol=XAUUSD.iux | startup=False
[2026-09-17 20:19:18] TG_NETWORK_ERROR | httpx.ConnectError: [Errno 11001] getaddrinfo failed
[2026-09-17 20:19:19] TG_NETWORK_ERROR | httpx.ConnectError: [Errno 11001] getaddrinfo failed
[2026-09-17 20:19:21] TG_NETWORK_ERROR | httpx.ConnectError: [Errno 11001] getaddrinfo failed
[2026-09-17 20:19:23] TG_NETWORK_ERROR | httpx.ConnectError: [Errno 11001] getaddrinfo failed
[2026-09-17 20:19:27] TG_NETWORK_ERROR | httpx.ConnectError: [Errno 11001] getaddrinfo failed
[2026-09-17 20:19:32] TG_NETWORK_ERROR | httpx.ConnectError: [Errno 11001] getaddrinfo failed
[2026-09-17 20:19:44] TG_NETWORK_ERROR | httpx.ConnectError: [Errno 11001] getaddrinfo failed
[2026-09-17 20:19:46] TG_NETWORK_ERROR | httpx.ConnectError: [Errno 11001] getaddrinfo failed
[2026-09-17 20:19:47] TG_NETWORK_ERROR | httpx.ConnectError: [Errno 11001] getaddrinfo failed
[2026-09-17 20:19:49] TG_NETWORK_ERROR | httpx.ConnectError: [Errno 11001] getaddrinfo failed
[2026-09-17 20:19:53] TG_NETWORK_ERROR | httpx.ConnectError: [Errno 11001] getaddrinfo failed
[2026-09-17 20:19:58] TG_NETWORK_ERROR | httpx.ConnectError: [Errno 11001] getaddrinfo failed
[2026-09-17 20:20:05] SYMBOL_CHECK | XAUUSD.iux trade_mode=4 xau_open=True | trade_mode=4 | tick_time=1789654805 | bid=4373.64 | ask=4373.78 | tick_ok=True | xau_open=True | current_symbol=XAUUSD.iux | startup=False
[2026-09-17 20:20:06] TG_NETWORK_ERROR | httpx.ConnectError: [Errno 11001] getaddrinfo failed
[2026-09-17 20:20:27] TG_NETWORK_ERROR | httpx.ConnectError: [Errno 11001] getaddrinfo failed
[2026-09-17 20:20:28] TG_NETWORK_ERROR | httpx.ConnectError: [Errno 11001] getaddrinfo failed
[2026-09-17 20:20:30] TG_NETWORK_ERROR | httpx.ConnectError: [Errno 11001] getaddrinfo failed
[2026-09-17 20:20:32] TG_NETWORK_ERROR | httpx.ConnectError: [Errno 11001] getaddrinfo failed
[2026-09-17 20:20:35] TG_NETWORK_ERROR | httpx.ConnectError: [Errno 11001] getaddrinfo failed
[2026-09-17 20:20:41] TG_NETWORK_ERROR | httpx.ConnectError: [Errno 11001] getaddrinfo failed
[2026-09-17 20:20:53] TG_NETWORK_ERROR | httpx.ConnectError: [Errno 11001] getaddrinfo failed
[2026-09-17 20:20:54] TG_NETWORK_ERROR | httpx.ConnectError: [Errno 11001] getaddrinfo failed
[2026-09-17 20:20:56] TG_NETWORK_ERROR | httpx.ConnectError: [Errno 11001] getaddrinfo failed
[2026-09-17 20:20:58] TG_NETWORK_ERROR | httpx.ConnectError: [Errno 11001] getaddrinfo failed
[2026-09-17 20:21:01] TG_NETWORK_ERROR | httpx.ConnectError: [Errno 11001] getaddrinfo failed
[2026-09-17 20:21:05] SYMBOL_CHECK | XAUUSD.iux trade_mode=4 xau_open=True | trade_mode=4 | tick_time=1789654865 | bid=4374.0 | ask=4374.14 | tick_ok=True | xau_open=True | current_symbol=XAUUSD.iux | startup=False
[2026-09-17 20:21:07] TG_NETWORK_ERROR | httpx.ConnectError: [Errno 11001] getaddrinfo failed
[2026-09-17 20:21:14] TG_NETWORK_ERROR | httpx.ConnectError: [Errno 11001] getaddrinfo failed
[2026-09-17 20:21:26] TG_NETWORK_ERROR | httpx.ConnectError: [Errno 11001] getaddrinfo failed
[2026-09-17 20:21:43] TG_NETWORK_ERROR | httpx.ConnectError: [Errno 11001] getaddrinfo failed
[2026-09-17 20:22:05] DEMO_PORTFOLIO_SCAN | XAUUSD.iux open active=LTS_AHR2
[2026-09-17 20:22:05] SYMBOL_CHECK | XAUUSD.iux trade_mode=4 xau_open=True | trade_mode=4 | tick_time=1789654925 | bid=4374.15 | ask=4374.29 | tick_ok=True | xau_open=True | current_symbol=XAUUSD.iux | startup=False
[2026-09-17 20:22:05] DEMO_PORTFOLIO_SCAN | XAUUSD.iux done active=LTS_AHR2
[2026-09-17 20:22:09] TG_NETWORK_ERROR | httpx.ConnectError: [Errno 11001] getaddrinfo failed
[2026-09-17 20:22:39] TG_NETWORK_ERROR | httpx.ConnectError: [Errno 11001] getaddrinfo failed
[2026-09-17 20:23:05] SYMBOL_CHECK | XAUUSD.iux trade_mode=4 xau_open=True | trade_mode=4 | tick_time=1789654985 | bid=4371.29 | ask=4371.43 | tick_ok=True | xau_open=True | current_symbol=XAUUSD.iux | startup=False
[2026-09-17 20:23:09] TG_NETWORK_ERROR | httpx.ConnectError: [Errno 11001] getaddrinfo failed
[2026-09-17 20:23:39] TG_NETWORK_ERROR | httpx.ConnectError: [Errno 11001] getaddrinfo failed
[2026-09-17 20:24:05] SYMBOL_CHECK | XAUUSD.iux trade_mode=4 xau_open=True | trade_mode=4 | tick_time=1789655045 | bid=4368.07 | ask=4368.21 | tick_ok=True | xau_open=True | current_symbol=XAUUSD.iux | startup=False
[2026-09-17 20:24:09] TG_NETWORK_ERROR | httpx.ConnectError: [Errno 11001] getaddrinfo failed
[2026-09-17 20:24:39] TG_NETWORK_ERROR | httpx.ConnectError: [Errno 11001] getaddrinfo failed
[2026-09-17 20:25:05] SYMBOL_CHECK | XAUUSD.iux trade_mode=4 xau_open=True | trade_mode=4 | tick_time=1789655105 | bid=4366.85 | ask=4366.99 | tick_ok=True | xau_open=True | current_symbol=XAUUSD.iux | startup=False
[2026-09-17 20:25:09] TG_NETWORK_ERROR | httpx.ConnectError: [Errno 11001] getaddrinfo failed
[2026-09-17 20:25:44] TG_NETWORK_ERROR | httpx.ConnectError: [Errno 11001] getaddrinfo failed
[2026-09-17 20:25:45] TG_NETWORK_ERROR | httpx.ConnectError: [Errno 11001] getaddrinfo failed
[2026-09-17 20:25:47] TG_NETWORK_ERROR | httpx.ConnectError: [Errno 11001] getaddrinfo failed
[2026-09-17 20:25:49] TG_NETWORK_ERROR | httpx.ConnectError: [Errno 11001] getaddrinfo failed
[2026-09-17 20:25:52] TG_NETWORK_ERROR | httpx.ConnectError: [Errno 11001] getaddrinfo failed
[2026-09-17 20:26:02] TG_NETWORK_ERROR | httpx.ConnectError: [Errno 11001] getaddrinfo failed
[2026-09-17 20:26:03] TG_NETWORK_ERROR | httpx.ConnectError: [Errno 11001] getaddrinfo failed
[2026-09-17 20:26:05] SYMBOL_CHECK | XAUUSD.iux trade_mode=4 xau_open=True | trade_mode=4 | tick_time=1789655165 | bid=4367.2 | ask=4367.34 | tick_ok=True | xau_open=True | current_symbol=XAUUSD.iux | startup=False
[2026-09-17 20:26:05] TG_NETWORK_ERROR | httpx.ConnectError: [Errno 11001] getaddrinfo failed
[2026-09-17 20:26:07] TG_NETWORK_ERROR | httpx.ConnectError: [Errno 11001] getaddrinfo failed
[2026-09-17 20:26:11] TG_NETWORK_ERROR | httpx.ConnectError: [Errno 11001] getaddrinfo failed
[2026-09-17 20:26:16] TG_NETWORK_ERROR | httpx.ConnectError: [Errno 11001] getaddrinfo failed
[2026-09-17 20:26:24] TG_NETWORK_ERROR | httpx.ConnectError: [Errno 11001] getaddrinfo failed
[2026-09-17 20:26:35] TG_NETWORK_ERROR | httpx.ConnectError: [Errno 11001] getaddrinfo failed
[2026-09-17 20:26:54] TG_NETWORK_ERROR | httpx.ConnectError: [Errno 11001] getaddrinfo failed
[2026-09-17 20:27:05] DEMO_PORTFOLIO_SCAN | XAUUSD.iux open active=LTS_AHR2
[2026-09-17 20:27:05] SYMBOL_CHECK | XAUUSD.iux trade_mode=4 xau_open=True | trade_mode=4 | tick_time=1789655225 | bid=4367.94 | ask=4368.08 | tick_ok=True | xau_open=True | current_symbol=XAUUSD.iux | startup=False
[2026-09-17 20:27:05] DEMO_PORTFOLIO_SCAN | XAUUSD.iux done active=LTS_AHR2
[2026-09-17 20:27:19] TG_NETWORK_ERROR | httpx.ConnectError: [Errno 11001] getaddrinfo failed
[2026-09-17 20:28:05] SYMBOL_CHECK | XAUUSD.iux trade_mode=4 xau_open=True | trade_mode=4 | tick_time=1789655285 | bid=4366.29 | ask=4366.43 | tick_ok=True | xau_open=True | current_symbol=XAUUSD.iux | startup=False
[2026-09-17 20:29:05] SYMBOL_CHECK | XAUUSD.iux trade_mode=4 xau_open=True | trade_mode=4 | tick_time=1789655345 | bid=4366.34 | ask=4366.48 | tick_ok=True | xau_open=True | current_symbol=XAUUSD.iux | startup=False
[2026-09-17 20:30:05] SYMBOL_CHECK | XAUUSD.iux trade_mode=4 xau_open=True | trade_mode=4 | tick_time=1789655405 | bid=4366.69 | ask=4366.83 | tick_ok=True | xau_open=True | current_symbol=XAUUSD.iux | startup=False
[2026-09-17 20:31:05] SYMBOL_CHECK | XAUUSD.iux trade_mode=4 xau_open=True | trade_mode=4 | tick_time=1789655465 | bid=4366.99 | ask=4367.13 | tick_ok=True | xau_open=True | current_symbol=XAUUSD.iux | startup=False
[2026-09-17 20:32:05] DEMO_PORTFOLIO_SCAN | XAUUSD.iux open active=LTS_AHR2
[2026-09-17 20:32:05] SYMBOL_CHECK | XAUUSD.iux trade_mode=4 xau_open=True | trade_mode=4 | tick_time=1789655525 | bid=4365.61 | ask=4365.75 | tick_ok=True | xau_open=True | current_symbol=XAUUSD.iux | startup=False
[2026-09-17 20:32:05] DEMO_PORTFOLIO_SCAN | XAUUSD.iux done active=LTS_AHR2
[2026-09-17 20:33:05] SYMBOL_CHECK | XAUUSD.iux trade_mode=4 xau_open=True | trade_mode=4 | tick_time=1789655585 | bid=4367.3 | ask=4367.44 | tick_ok=True | xau_open=True | current_symbol=XAUUSD.iux | startup=False
[2026-09-17 20:34:05] SYMBOL_CHECK | XAUUSD.iux trade_mode=4 xau_open=True | trade_mode=4 | tick_time=1789655645 | bid=4367.18 | ask=4367.32 | tick_ok=True | xau_open=True | current_symbol=XAUUSD.iux | startup=False
[2026-09-17 20:35:05] SYMBOL_CHECK | XAUUSD.iux trade_mode=4 xau_open=True | trade_mode=4 | tick_time=1789655705 | bid=4371.33 | ask=4371.47 | tick_ok=True | xau_open=True | current_symbol=XAUUSD.iux | startup=False
[2026-09-17 20:36:05] SYMBOL_CHECK | XAUUSD.iux trade_mode=4 xau_open=True | trade_mode=4 | tick_time=1789655765 | bid=4370.39 | ask=4370.53 | tick_ok=True | xau_open=True | current_symbol=XAUUSD.iux | startup=False
[2026-09-17 20:37:05] DEMO_PORTFOLIO_SCAN | XAUUSD.iux open active=LTS_AHR2
[2026-09-17 20:37:05] SYMBOL_CHECK | XAUUSD.iux trade_mode=4 xau_open=True | trade_mode=4 | tick_time=1789655825 | bid=4368.4 | ask=4368.54 | tick_ok=True | xau_open=True | current_symbol=XAUUSD.iux | startup=False
[2026-09-17 20:37:05] DEMO_PORTFOLIO_SCAN | XAUUSD.iux done active=LTS_AHR2
[2026-09-17 20:38:05] SYMBOL_CHECK | XAUUSD.iux trade_mode=4 xau_open=True | trade_mode=4 | tick_time=1789655885 | bid=4365.57 | ask=4365.71 | tick_ok=True | xau_open=True | current_symbol=XAUUSD.iux | startup=False
[2026-09-17 20:39:05] SYMBOL_CHECK | XAUUSD.iux trade_mode=4 xau_open=True | trade_mode=4 | tick_time=1789655945 | bid=4364.97 | ask=4365.11 | tick_ok=True | xau_open=True | current_symbol=XAUUSD.iux | startup=False
[2026-09-17 20:40:05] SYMBOL_CHECK | XAUUSD.iux trade_mode=4 xau_open=True | trade_mode=4 | tick_time=1789656005 | bid=4360.9 | ask=4361.04 | tick_ok=True | xau_open=True | current_symbol=XAUUSD.iux | startup=False
[2026-09-17 20:41:05] SYMBOL_CHECK | XAUUSD.iux trade_mode=4 xau_open=True | trade_mode=4 | tick_time=1789656065 | bid=4362.58 | ask=4362.72 | tick_ok=True | xau_open=True | current_symbol=XAUUSD.iux | startup=False
[2026-09-17 20:42:05] DEMO_PORTFOLIO_SCAN | XAUUSD.iux open active=LTS_AHR2
[2026-09-17 20:42:05] SYMBOL_CHECK | XAUUSD.iux trade_mode=4 xau_open=True | trade_mode=4 | tick_time=1789656125 | bid=4358.36 | ask=4358.5 | tick_ok=True | xau_open=True | current_symbol=XAUUSD.iux | startup=False
[2026-09-17 20:42:05] DEMO_PORTFOLIO_SCAN | XAUUSD.iux done active=LTS_AHR2
[2026-09-17 20:43:04] SYMBOL_CHECK | XAUUSD.iux trade_mode=4 xau_open=True | trade_mode=4 | tick_time=1789656185 | bid=4360.19 | ask=4360.33 | tick_ok=True | xau_open=True | current_symbol=XAUUSD.iux | startup=False
[2026-09-17 20:44:05] SYMBOL_CHECK | XAUUSD.iux trade_mode=4 xau_open=True | trade_mode=4 | tick_time=1789656245 | bid=4358.94 | ask=4359.08 | tick_ok=True | xau_open=True | current_symbol=XAUUSD.iux | startup=False
[2026-09-17 20:45:05] SYMBOL_CHECK | XAUUSD.iux trade_mode=4 xau_open=True | trade_mode=4 | tick_time=1789656305 | bid=4355.73 | ask=4355.87 | tick_ok=True | xau_open=True | current_symbol=XAUUSD.iux | startup=False
[2026-09-17 20:46:05] SYMBOL_CHECK | XAUUSD.iux trade_mode=4 xau_open=True | trade_mode=4 | tick_time=1789656365 | bid=4358.53 | ask=4358.67 | tick_ok=True | xau_open=True | current_symbol=XAUUSD.iux | startup=False
[2026-09-17 20:47:05] DEMO_PORTFOLIO_SCAN | XAUUSD.iux open active=LTS_AHR2
[2026-09-17 20:47:05] SYMBOL_CHECK | XAUUSD.iux trade_mode=4 xau_open=True | trade_mode=4 | tick_time=1789656425 | bid=4365.81 | ask=4365.95 | tick_ok=True | xau_open=True | current_symbol=XAUUSD.iux | startup=False
[2026-09-17 20:47:05] DEMO_PORTFOLIO_SCAN | XAUUSD.iux done active=LTS_AHR2
[2026-09-17 20:48:05] SYMBOL_CHECK | XAUUSD.iux trade_mode=4 xau_open=True | trade_mode=4 | tick_time=1789656485 | bid=4367.73 | ask=4367.87 | tick_ok=True | xau_open=True | current_symbol=XAUUSD.iux | startup=False
[2026-09-17 20:49:05] SYMBOL_CHECK | XAUUSD.iux trade_mode=4 xau_open=True | trade_mode=4 | tick_time=1789656545 | bid=4365.98 | ask=4366.12 | tick_ok=True | xau_open=True | current_symbol=XAUUSD.iux | startup=False
[2026-09-17 20:50:05] SYMBOL_CHECK | XAUUSD.iux trade_mode=4 xau_open=True | trade_mode=4 | tick_time=1789656605 | bid=4367.68 | ask=4367.82 | tick_ok=True | xau_open=True | current_symbol=XAUUSD.iux | startup=False
[2026-09-17 20:51:05] SYMBOL_CHECK | XAUUSD.iux trade_mode=4 xau_open=True | trade_mode=4 | tick_time=1789656665 | bid=4371.21 | ask=4371.35 | tick_ok=True | xau_open=True | current_symbol=XAUUSD.iux | startup=False
[2026-09-17 20:52:05] DEMO_PORTFOLIO_SCAN | XAUUSD.iux open active=LTS_AHR2
[2026-09-17 20:52:05] SYMBOL_CHECK | XAUUSD.iux trade_mode=4 xau_open=True | trade_mode=4 | tick_time=1789656725 | bid=4367.84 | ask=4367.98 | tick_ok=True | xau_open=True | current_symbol=XAUUSD.iux | startup=False
[2026-09-17 20:52:05] DEMO_PORTFOLIO_SCAN | XAUUSD.iux done active=LTS_AHR2
[2026-09-17 20:53:05] SYMBOL_CHECK | XAUUSD.iux trade_mode=4 xau_open=True | trade_mode=4 | tick_time=1789656785 | bid=4367.27 | ask=4367.41 | tick_ok=True | xau_open=True | current_symbol=XAUUSD.iux | startup=False
[2026-09-17 20:54:05] SYMBOL_CHECK | XAUUSD.iux trade_mode=4 xau_open=True | trade_mode=4 | tick_time=1789656845 | bid=4368.14 | ask=4368.28 | tick_ok=True | xau_open=True | current_symbol=XAUUSD.iux | startup=False
[2026-09-17 20:55:05] SYMBOL_CHECK | XAUUSD.iux trade_mode=4 xau_open=True | trade_mode=4 | tick_time=1789656905 | bid=4368.06 | ask=4368.2 | tick_ok=True | xau_open=True | current_symbol=XAUUSD.iux | startup=False
[2026-09-17 20:56:05] SYMBOL_CHECK | XAUUSD.iux trade_mode=4 xau_open=True | trade_mode=4 | tick_time=1789656965 | bid=4367.08 | ask=4367.22 | tick_ok=True | xau_open=True | current_symbol=XAUUSD.iux | startup=False
[2026-09-17 20:57:05] DEMO_PORTFOLIO_SCAN | XAUUSD.iux open active=LTS_AHR2
[2026-09-17 20:57:05] SYMBOL_CHECK | XAUUSD.iux trade_mode=4 xau_open=True | trade_mode=4 | tick_time=1789657025 | bid=4367.2 | ask=4367.34 | tick_ok=True | xau_open=True | current_symbol=XAUUSD.iux | startup=False
[2026-09-17 20:57:05] DEMO_PORTFOLIO_SCAN | XAUUSD.iux done active=LTS_AHR2
[2026-09-17 20:58:05] SYMBOL_CHECK | XAUUSD.iux trade_mode=4 xau_open=True | trade_mode=4 | tick_time=1789657085 | bid=4365.99 | ask=4366.13 | tick_ok=True | xau_open=True | current_symbol=XAUUSD.iux | startup=False
[2026-09-17 20:59:05] SYMBOL_CHECK | XAUUSD.iux trade_mode=4 xau_open=True | trade_mode=4 | tick_time=1789657145 | bid=4366.75 | ask=4366.89 | tick_ok=True | xau_open=True | current_symbol=XAUUSD.iux | startup=False
[2026-09-17 21:00:05] SYMBOL_CHECK | XAUUSD.iux trade_mode=4 xau_open=True | trade_mode=4 | tick_time=1789657205 | bid=4366.4 | ask=4366.54 | tick_ok=True | xau_open=True | current_symbol=XAUUSD.iux | startup=False
[2026-09-17 21:01:05] SYMBOL_CHECK | XAUUSD.iux trade_mode=4 xau_open=True | trade_mode=4 | tick_time=1789657265 | bid=4365.51 | ask=4365.65 | tick_ok=True | xau_open=True | current_symbol=XAUUSD.iux | startup=False
[2026-09-17 21:02:05] DEMO_PORTFOLIO_SCAN | XAUUSD.iux open active=LTS_AHR2
[2026-09-17 21:02:05] SYMBOL_CHECK | XAUUSD.iux trade_mode=4 xau_open=True | trade_mode=4 | tick_time=1789657325 | bid=4367.17 | ask=4367.31 | tick_ok=True | xau_open=True | current_symbol=XAUUSD.iux | startup=False
[2026-09-17 21:02:05] DEMO_PORTFOLIO_SCAN | XAUUSD.iux done active=LTS_AHR2
[2026-09-17 21:03:05] SYMBOL_CHECK | XAUUSD.iux trade_mode=4 xau_open=True | trade_mode=4 | tick_time=1789657385 | bid=4368.89 | ask=4369.03 | tick_ok=True | xau_open=True | current_symbol=XAUUSD.iux | startup=False
[2026-09-17 21:04:05] SYMBOL_CHECK | XAUUSD.iux trade_mode=4 xau_open=True | trade_mode=4 | tick_time=1789657445 | bid=4369.71 | ask=4369.85 | tick_ok=True | xau_open=True | current_symbol=XAUUSD.iux | startup=False
[2026-09-17 21:05:05] SYMBOL_CHECK | XAUUSD.iux trade_mode=4 xau_open=True | trade_mode=4 | tick_time=1789657505 | bid=4369.02 | ask=4369.16 | tick_ok=True | xau_open=True | current_symbol=XAUUSD.iux | startup=False
[2026-09-17 21:06:05] SYMBOL_CHECK | XAUUSD.iux trade_mode=4 xau_open=True | trade_mode=4 | tick_time=1789657565 | bid=4372.1 | ask=4372.24 | tick_ok=True | xau_open=True | current_symbol=XAUUSD.iux | startup=False
[2026-09-17 21:07:05] DEMO_PORTFOLIO_SCAN | XAUUSD.iux open active=LTS_AHR2
[2026-09-17 21:07:05] SYMBOL_CHECK | XAUUSD.iux trade_mode=4 xau_open=True | trade_mode=4 | tick_time=1789657625 | bid=4375.71 | ask=4375.85 | tick_ok=True | xau_open=True | current_symbol=XAUUSD.iux | startup=False
[2026-09-17 21:07:05] DEMO_PORTFOLIO_SCAN | XAUUSD.iux done active=LTS_AHR2
[2026-09-17 21:08:05] SYMBOL_CHECK | XAUUSD.iux trade_mode=4 xau_open=True | trade_mode=4 | tick_time=1789657685 | bid=4374.9 | ask=4375.04 | tick_ok=True | xau_open=True | current_symbol=XAUUSD.iux | startup=False
[2026-09-17 21:09:05] SYMBOL_CHECK | XAUUSD.iux trade_mode=4 xau_open=True | trade_mode=4 | tick_time=1789657745 | bid=4377.66 | ask=4377.8 | tick_ok=True | xau_open=True | current_symbol=XAUUSD.iux | startup=False
[2026-09-17 21:10:05] SYMBOL_CHECK | XAUUSD.iux trade_mode=4 xau_open=True | trade_mode=4 | tick_time=1789657805 | bid=4377.11 | ask=4377.25 | tick_ok=True | xau_open=True | current_symbol=XAUUSD.iux | startup=False
[2026-09-17 21:11:05] SYMBOL_CHECK | XAUUSD.iux trade_mode=4 xau_open=True | trade_mode=4 | tick_time=1789657865 | bid=4374.88 | ask=4375.02 | tick_ok=True | xau_open=True | current_symbol=XAUUSD.iux | startup=False
[2026-09-17 21:12:05] DEMO_PORTFOLIO_SCAN | XAUUSD.iux open active=LTS_AHR2
[2026-09-17 21:12:05] SYMBOL_CHECK | XAUUSD.iux trade_mode=4 xau_open=True | trade_mode=4 | tick_time=1789657925 | bid=4371.34 | ask=4371.48 | tick_ok=True | xau_open=True | current_symbol=XAUUSD.iux | startup=False
[2026-09-17 21:12:05] DEMO_PORTFOLIO_SCAN | XAUUSD.iux done active=LTS_AHR2
[2026-09-17 21:13:05] SYMBOL_CHECK | XAUUSD.iux trade_mode=4 xau_open=True | trade_mode=4 | tick_time=1789657985 | bid=4370.88 | ask=4371.02 | tick_ok=True | xau_open=True | current_symbol=XAUUSD.iux | startup=False
[2026-09-17 21:14:05] SYMBOL_CHECK | XAUUSD.iux trade_mode=4 xau_open=True | trade_mode=4 | tick_time=1789658045 | bid=4371.7 | ask=4371.84 | tick_ok=True | xau_open=True | current_symbol=XAUUSD.iux | startup=False
[2026-09-17 21:15:05] SYMBOL_CHECK | XAUUSD.iux trade_mode=4 xau_open=True | trade_mode=4 | tick_time=1789658105 | bid=4370.0 | ask=4370.14 | tick_ok=True | xau_open=True | current_symbol=XAUUSD.iux | startup=False
[2026-09-17 21:16:05] SYMBOL_CHECK | XAUUSD.iux trade_mode=4 xau_open=True | trade_mode=4 | tick_time=1789658165 | bid=4370.51 | ask=4370.65 | tick_ok=True | xau_open=True | current_symbol=XAUUSD.iux | startup=False
[2026-09-17 21:17:05] DEMO_PORTFOLIO_SCAN | XAUUSD.iux open active=LTS_AHR2
[2026-09-17 21:17:05] SYMBOL_CHECK | XAUUSD.iux trade_mode=4 xau_open=True | trade_mode=4 | tick_time=1789658225 | bid=4369.48 | ask=4369.62 | tick_ok=True | xau_open=True | current_symbol=XAUUSD.iux | startup=False
[2026-09-17 21:17:05] DEMO_PORTFOLIO_SKIP | LTS_AHR2_1 skipped - hour 22 != 8
[2026-09-17 21:17:05] DEMO_PORTFOLIO_SKIP | LTS_AHR2_13 skipped - hour 22 != 14
[2026-09-17 21:17:05] DEMO_PORTFOLIO_SKIP | LTS_AHR2_19 skipped - hour 22 != 11
[2026-09-17 21:17:05] DEMO_PORTFOLIO_SKIP | LTS_AHR2_28 skipped - hour 22 != 11
[2026-09-17 21:17:05] DEMO_PORTFOLIO_SKIP | LTS_AHR2_42 skipped - hour 22 != 19
[2026-09-17 21:17:05] DEMO_PORTFOLIO_SKIP | LTS_AHR2_48 skipped - hour 22 != 9
[2026-09-17 21:17:05] DEMO_PORTFOLIO_SKIP | LTS_AHR2_51 skipped - hour 22 != 18
[2026-09-17 21:17:05] DEMO_PORTFOLIO_SKIP | LTS_AHR2_57 skipped - hour 22 != 9
[2026-09-17 21:17:05] DEMO_PORTFOLIO_SKIP | LTS_AHR2_64 skipped - risk_distance 7.62 > 3.40
[2026-09-17 21:17:05] DEMO_PORTFOLIO_SKIP | LTS_AHR2_74 skipped - hour 22 != 14
[2026-09-17 21:17:05] DEMO_PORTFOLIO_SKIP | LTS_AHR2_81 skipped - hour 22 != 11
[2026-09-17 21:17:05] DEMO_PORTFOLIO_SKIP | LTS_AHR2_92 skipped - hour 22 != 9
[2026-09-17 21:17:05] DEMO_PORTFOLIO_SKIP | LTS_AHR2_99 skipped - hour 22 != 10
[2026-09-17 21:17:05] DEMO_PORTFOLIO_SKIP | LTS_AHR2_111 skipped - hour 22 != 20
[2026-09-17 21:17:05] DEMO_PORTFOLIO_SKIP | LTS_AHR2_121 skipped - hour 22 != 9
[2026-09-17 21:17:05] DEMO_PORTFOLIO_SKIP | LTS_AHR2_124 skipped - hour 22 != 11
[2026-09-17 21:17:05] DEMO_PORTFOLIO_SKIP | LTS_AHR2_130 skipped - hour 22 != 15
[2026-09-17 21:17:05] DEMO_PORTFOLIO_SKIP | LTS_AHR2_134 skipped - risk_distance 7.62 > 3.40
[2026-09-17 21:17:05] DEMO_PORTFOLIO_SKIP | LTS_AHR2_141 skipped - hour 22 != 9
[2026-09-17 21:17:05] DEMO_PORTFOLIO_SKIP | LTS_AHR2_144 skipped - hour 22 != 12
[2026-09-17 21:17:05] DEMO_PORTFOLIO_SKIP | LTS_AHR2_148 skipped - hour 22 != 14
[2026-09-17 21:17:05] DEMO_PORTFOLIO_SKIP | LTS_AHR2_159 skipped - hour 22 != 17
[2026-09-17 21:17:05] DEMO_PORTFOLIO_SKIP | LTS_AHR2_169 skipped - hour 22 != 14
[2026-09-17 21:17:05] DEMO_PORTFOLIO_SKIP | LTS_AHR2_176 skipped - hour 22 != 11
[2026-09-17 21:17:05] DEMO_PORTFOLIO_SKIP | LTS_AHR2_192 skipped - risk_distance 7.62 > 3.40
[2026-09-17 21:17:05] DEMO_PORTFOLIO_SKIP | LTS_AHR2_196 skipped - hour 22 != 17
[2026-09-17 21:17:05] DEMO_PORTFOLIO_SKIP | LTS_AHR2_200 skipped - hour 22 != 16
[2026-09-17 21:17:05] DEMO_PORTFOLIO_SKIP | LTS_AHR2_209 skipped - hour 22 != 8
[2026-09-17 21:17:05] DEMO_PORTFOLIO_SKIP | LTS_AHR2_226 skipped - hour 22 != 15
[2026-09-17 21:17:05] DEMO_PORTFOLIO_SKIP | LTS_AHR2_233 skipped - hour 22 != 17
[2026-09-17 21:17:05] DEMO_PORTFOLIO_SKIP | LTS_AHR2_238 skipped - hour 22 != 14
[2026-09-17 21:17:05] DEMO_PORTFOLIO_SKIP | LTS_AHR2_249 skipped - hour 22 != 19
[2026-09-17 21:17:05] DEMO_PORTFOLIO_SKIP | LTS_AHR2_253 skipped - hour 22 != 9
[2026-09-17 21:17:05] DEMO_PORTFOLIO_SKIP | LTS_AHR2_257 skipped - hour 22 != 11
[2026-09-17 21:17:05] DEMO_PORTFOLIO_SKIP | LTS_AHR2_259 skipped - hour 22 != 21
[2026-09-17 21:17:05] DEMO_PORTFOLIO_SKIP | LTS_AHR2_265 skipped - hour 22 != 19
[2026-09-17 21:17:05] DEMO_PORTFOLIO_SKIP | LTS_AHR2_270 skipped - hour 22 != 20
[2026-09-17 21:17:05] DEMO_PORTFOLIO_SKIP | LTS_AHR2_281 skipped - hour 22 != 11
[2026-09-17 21:17:05] DEMO_PORTFOLIO_SKIP | LTS_AHR2_284 skipped - risk_distance 7.62 > 3.40
[2026-09-17 21:17:05] DEMO_PORTFOLIO_SKIP | LTS_AHR2_286 skipped - hour 22 != 20
[2026-09-17 21:17:05] DEMO_PORTFOLIO_SKIP | LTS_AHR2_290 skipped - risk_distance 7.62 > 2.70
[2026-09-17 21:17:05] DEMO_PORTFOLIO_SKIP | LTS_AHR2_299 skipped - hour 22 != 15
[2026-09-17 21:17:05] DEMO_PORTFOLIO_SKIP | LTS_AHR2_309 skipped - hour 22 != 12
[2026-09-17 21:17:05] DEMO_PORTFOLIO_SKIP | LTS_AHR2_323 skipped - hour 22 != 20
[2026-09-17 21:17:05] DEMO_PORTFOLIO_SKIP | LTS_AHR2_333 skipped - hour 22 != 16
[2026-09-17 21:17:05] DEMO_PORTFOLIO_SKIP | LTS_AHR2_339 skipped - hour 22 != 9
[2026-09-17 21:17:05] DEMO_PORTFOLIO_SKIP | LTS_AHR2_357 skipped - hour 22 != 21
[2026-09-17 21:17:05] DEMO_PORTFOLIO_SKIP | LTS_AHR2_361 skipped - hour 22 != 15
[2026-09-17 21:17:05] DEMO_PORTFOLIO_SKIP | LTS_AHR2_378 skipped - hour 22 != 19
[2026-09-17 21:17:06] DEMO_PORTFOLIO_SKIP | LTS_AHR2_383 skipped - hour 22 != 10
[2026-09-17 21:17:06] DEMO_PORTFOLIO_SCAN | XAUUSD.iux done active=LTS_AHR2
[2026-09-17 21:18:05] SYMBOL_CHECK | XAUUSD.iux trade_mode=4 xau_open=True | trade_mode=4 | tick_time=1789658285 | bid=4366.36 | ask=4366.5 | tick_ok=True | xau_open=True | current_symbol=XAUUSD.iux | startup=False
[2026-09-17 21:19:05] SYMBOL_CHECK | XAUUSD.iux trade_mode=4 xau_open=True | trade_mode=4 | tick_time=1789658345 | bid=4368.33 | ask=4368.47 | tick_ok=True | xau_open=True | current_symbol=XAUUSD.iux | startup=False
[2026-09-17 21:20:05] SYMBOL_CHECK | XAUUSD.iux trade_mode=4 xau_open=True | trade_mode=4 | tick_time=1789658405 | bid=4368.64 | ask=4368.78 | tick_ok=True | xau_open=True | current_symbol=XAUUSD.iux | startup=False
[2026-09-17 21:21:05] SYMBOL_CHECK | XAUUSD.iux trade_mode=4 xau_open=True | trade_mode=4 | tick_time=1789658465 | bid=4365.75 | ask=4365.89 | tick_ok=True | xau_open=True | current_symbol=XAUUSD.iux | startup=False
[2026-09-17 21:22:05] DEMO_PORTFOLIO_SCAN | XAUUSD.iux open active=LTS_AHR2
[2026-09-17 21:22:05] SYMBOL_CHECK | XAUUSD.iux trade_mode=4 xau_open=True | trade_mode=4 | tick_time=1789658525 | bid=4368.05 | ask=4368.19 | tick_ok=True | xau_open=True | current_symbol=XAUUSD.iux | startup=False
[2026-09-17 21:22:05] DEMO_PORTFOLIO_SCAN | XAUUSD.iux done active=LTS_AHR2
[2026-09-17 21:23:05] SYMBOL_CHECK | XAUUSD.iux trade_mode=4 xau_open=True | trade_mode=4 | tick_time=1789658585 | bid=4368.45 | ask=4368.59 | tick_ok=True | xau_open=True | current_symbol=XAUUSD.iux | startup=False
[2026-09-17 21:24:05] SYMBOL_CHECK | XAUUSD.iux trade_mode=4 xau_open=True | trade_mode=4 | tick_time=1789658645 | bid=4369.59 | ask=4369.73 | tick_ok=True | xau_open=True | current_symbol=XAUUSD.iux | startup=False
[2026-09-17 21:25:05] SYMBOL_CHECK | XAUUSD.iux trade_mode=4 xau_open=True | trade_mode=4 | tick_time=1789658705 | bid=4370.37 | ask=4370.51 | tick_ok=True | xau_open=True | current_symbol=XAUUSD.iux | startup=False
[2026-09-17 21:26:05] SYMBOL_CHECK | XAUUSD.iux trade_mode=4 xau_open=True | trade_mode=4 | tick_time=1789658765 | bid=4371.67 | ask=4371.81 | tick_ok=True | xau_open=True | current_symbol=XAUUSD.iux | startup=False
[2026-09-17 21:27:05] DEMO_PORTFOLIO_SCAN | XAUUSD.iux open active=LTS_AHR2
[2026-09-17 21:27:05] SYMBOL_CHECK | XAUUSD.iux trade_mode=4 xau_open=True | trade_mode=4 | tick_time=1789658825 | bid=4371.73 | ask=4371.87 | tick_ok=True | xau_open=True | current_symbol=XAUUSD.iux | startup=False
[2026-09-17 21:27:05] DEMO_PORTFOLIO_SCAN | XAUUSD.iux done active=LTS_AHR2
[2026-09-17 21:28:05] SYMBOL_CHECK | XAUUSD.iux trade_mode=4 xau_open=True | trade_mode=4 | tick_time=1789658885 | bid=4369.66 | ask=4369.8 | tick_ok=True | xau_open=True | current_symbol=XAUUSD.iux | startup=False
[2026-09-17 21:29:05] SYMBOL_CHECK | XAUUSD.iux trade_mode=4 xau_open=True | trade_mode=4 | tick_time=1789658945 | bid=4367.75 | ask=4367.89 | tick_ok=True | xau_open=True | current_symbol=XAUUSD.iux | startup=False
[2026-09-17 21:30:05] SYMBOL_CHECK | XAUUSD.iux trade_mode=4 xau_open=True | trade_mode=4 | tick_time=1789659005 | bid=4366.84 | ask=4366.98 | tick_ok=True | xau_open=True | current_symbol=XAUUSD.iux | startup=False
[2026-09-17 21:31:05] SYMBOL_CHECK | XAUUSD.iux trade_mode=4 xau_open=True | trade_mode=4 | tick_time=1789659065 | bid=4366.66 | ask=4366.8 | tick_ok=True | xau_open=True | current_symbol=XAUUSD.iux | startup=False
[2026-09-17 21:32:05] DEMO_PORTFOLIO_SCAN | XAUUSD.iux open active=LTS_AHR2
[2026-09-17 21:32:05] SYMBOL_CHECK | XAUUSD.iux trade_mode=4 xau_open=True | trade_mode=4 | tick_time=1789659125 | bid=4365.04 | ask=4365.18 | tick_ok=True | xau_open=True | current_symbol=XAUUSD.iux | startup=False
[2026-09-17 21:32:05] DEMO_PORTFOLIO_SKIP | LTS_AHR2_2 skipped - hour 22 != 10
[2026-09-17 21:32:05] DEMO_PORTFOLIO_SKIP | LTS_AHR2_8 skipped - hour 22 != 19
[2026-09-17 21:32:05] DEMO_PORTFOLIO_SKIP | LTS_AHR2_9 skipped - hour 22 != 10
[2026-09-17 21:32:05] DEMO_PORTFOLIO_SKIP | LTS_AHR2_20 skipped - hour 22 != 13
[2026-09-17 21:32:05] DEMO_PORTFOLIO_SKIP | LTS_AHR2_21 skipped - hour 22 != 9
[2026-09-17 21:32:05] DEMO_PORTFOLIO_SKIP | LTS_AHR2_35 skipped - hour 22 != 20
[2026-09-17 21:32:05] DEMO_PORTFOLIO_SKIP | LTS_AHR2_36 skipped - hour 22 != 17
[2026-09-17 21:32:05] DEMO_PORTFOLIO_SKIP | LTS_AHR2_43 skipped - hour 22 != 21
[2026-09-17 21:32:05] DEMO_PORTFOLIO_SKIP | LTS_AHR2_44 skipped - hour 22 != 21
[2026-09-17 21:32:05] DEMO_PORTFOLIO_SKIP | LTS_AHR2_52 skipped - hour 22 != 9
[2026-09-17 21:32:05] DEMO_PORTFOLIO_SKIP | LTS_AHR2_58 skipped - hour 22 != 10
[2026-09-17 21:32:05] DEMO_PORTFOLIO_SKIP | LTS_AHR2_65 skipped - hour 22 != 11
[2026-09-17 21:32:05] DEMO_PORTFOLIO_SKIP | LTS_AHR2_69 skipped - hour 22 != 9
[2026-09-17 21:32:05] DEMO_PORTFOLIO_SKIP | LTS_AHR2_70 skipped - hour 22 != 10
[2026-09-17 21:32:05] DEMO_PORTFOLIO_SKIP | LTS_AHR2_77 skipped - hour 22 != 10
[2026-09-17 21:32:05] DEMO_PORTFOLIO_SKIP | LTS_AHR2_82 skipped - hour 22 != 9
[2026-09-17 21:32:05] DEMO_PORTFOLIO_SKIP | LTS_AHR2_93 skipped - hour 22 != 20
[2026-09-17 21:32:05] DEMO_PORTFOLIO_SKIP | LTS_AHR2_102 skipped - hour 22 != 13
[2026-09-17 21:32:05] DEMO_PORTFOLIO_SKIP | LTS_AHR2_106 skipped - hour 22 != 9
[2026-09-17 21:32:05] DEMO_PORTFOLIO_SKIP | LTS_AHR2_116 skipped - hour 22 != 10
[2026-09-17 21:32:05] DEMO_PORTFOLIO_SKIP | LTS_AHR2_126 skipped - hour 22 != 17
[2026-09-17 21:32:05] DEMO_PORTFOLIO_SKIP | LTS_AHR2_131 skipped - hour 22 != 20
[2026-09-17 21:32:05] DEMO_PORTFOLIO_SKIP | LTS_AHR2_135 skipped - hour 22 != 20
[2026-09-17 21:32:05] DEMO_PORTFOLIO_SKIP | LTS_AHR2_138 skipped - hour 22 != 9
[2026-09-17 21:32:05] DEMO_PORTFOLIO_SKIP | LTS_AHR2_149 skipped - hour 22 != 11
[2026-09-17 21:32:05] DEMO_PORTFOLIO_SKIP | LTS_AHR2_150 skipped - hour 22 != 13
[2026-09-17 21:32:05] DEMO_PORTFOLIO_SKIP | LTS_AHR2_155 skipped - hour 22 != 16
[2026-09-17 21:32:05] DEMO_PORTFOLIO_SKIP | LTS_AHR2_160 skipped - hour 22 != 16
[2026-09-17 21:32:05] DEMO_PORTFOLIO_SKIP | LTS_AHR2_170 skipped - hour 22 != 21
[2026-09-17 21:32:05] DEMO_PORTFOLIO_SKIP | LTS_AHR2_171 skipped - hour 22 != 12
[2026-09-17 21:32:05] DEMO_PORTFOLIO_SKIP | LTS_AHR2_177 skipped - risk_distance 10.90 > 5.00
[2026-09-17 21:32:05] DEMO_PORTFOLIO_SKIP | LTS_AHR2_180 skipped - hour 22 != 20
[2026-09-17 21:32:05] DEMO_PORTFOLIO_SKIP | LTS_AHR2_181 skipped - hour 22 != 13
[2026-09-17 21:32:05] DEMO_PORTFOLIO_SKIP | LTS_AHR2_185 skipped - hour 22 != 9
[2026-09-17 21:32:05] DEMO_PORTFOLIO_SKIP | LTS_AHR2_186 skipped - risk_distance 10.90 > 5.00
[2026-09-17 21:32:05] DEMO_PORTFOLIO_SKIP | LTS_AHR2_193 skipped - hour 22 != 11
[2026-09-17 21:32:05] DEMO_PORTFOLIO_SKIP | LTS_AHR2_210 skipped - hour 22 != 20
[2026-09-17 21:32:05] DEMO_PORTFOLIO_SKIP | LTS_AHR2_213 skipped - hour 22 != 11
[2026-09-17 21:32:05] DEMO_PORTFOLIO_SKIP | LTS_AHR2_217 skipped - hour 22 != 20
[2026-09-17 21:32:05] DEMO_PORTFOLIO_SKIP | LTS_AHR2_222 skipped - risk_distance 10.90 > 7.00
[2026-09-17 21:32:05] DEMO_PORTFOLIO_SKIP | LTS_AHR2_223 skipped - hour 22 != 12
[2026-09-17 21:32:05] DEMO_PORTFOLIO_SKIP | LTS_AHR2_227 skipped - hour 22 != 9
[2026-09-17 21:32:05] DEMO_PORTFOLIO_SKIP | LTS_AHR2_228 skipped - hour 22 != 17
[2026-09-17 21:32:05] DEMO_PORTFOLIO_SKIP | LTS_AHR2_234 skipped - hour 22 != 14
[2026-09-17 21:32:05] DEMO_PORTFOLIO_SKIP | LTS_AHR2_239 skipped - hour 22 != 20
[2026-09-17 21:32:05] DEMO_PORTFOLIO_SKIP | LTS_AHR2_254 skipped - hour 22 != 19
[2026-09-17 21:32:05] DEMO_PORTFOLIO_SKIP | LTS_AHR2_255 skipped - hour 22 != 21
[2026-09-17 21:32:05] DEMO_PORTFOLIO_SKIP | LTS_AHR2_260 skipped - hour 22 != 21
[2026-09-17 21:32:05] DEMO_PORTFOLIO_SKIP | LTS_AHR2_261 skipped - risk_distance 10.90 > 4.00
[2026-09-17 21:32:05] DEMO_PORTFOLIO_SKIP | LTS_AHR2_266 skipped - hour 22 != 17
[2026-09-17 21:32:05] DEMO_PORTFOLIO_SKIP | LTS_AHR2_271 skipped - hour 22 != 21
[2026-09-17 21:32:05] DEMO_PORTFOLIO_SKIP | LTS_AHR2_272 skipped - hour 22 != 21
[2026-09-17 21:32:05] DEMO_PORTFOLIO_SKIP | LTS_AHR2_274 skipped - hour 22 != 21
[2026-09-17 21:32:05] DEMO_PORTFOLIO_SKIP | LTS_AHR2_277 skipped - hour 22 != 13
[2026-09-17 21:32:06] DEMO_PORTFOLIO_SKIP | LTS_AHR2_291 skipped - hour 22 != 20
[2026-09-17 21:32:06] DEMO_PORTFOLIO_SKIP | LTS_AHR2_294 skipped - hour 22 != 20
[2026-09-17 21:32:06] DEMO_PORTFOLIO_SKIP | LTS_AHR2_300 skipped - hour 22 != 21
[2026-09-17 21:32:06] DEMO_PORTFOLIO_SKIP | LTS_AHR2_303 skipped - hour 22 != 17
[2026-09-17 21:32:06] DEMO_PORTFOLIO_SKIP | LTS_AHR2_314 skipped - hour 22 != 17
[2026-09-17 21:32:06] DEMO_PORTFOLIO_SKIP | LTS_AHR2_318 skipped - hour 22 != 20
[2026-09-17 21:32:06] DEMO_PORTFOLIO_SKIP | LTS_AHR2_324 skipped - risk_distance 10.90 > 3.40
[2026-09-17 21:32:06] DEMO_PORTFOLIO_SKIP | LTS_AHR2_330 skipped - hour 22 != 9
[2026-09-17 21:32:06] DEMO_PORTFOLIO_SKIP | LTS_AHR2_334 skipped - hour 22 != 13
[2026-09-17 21:32:06] DEMO_PORTFOLIO_SKIP | LTS_AHR2_335 skipped - hour 22 != 11
[2026-09-17 21:32:06] DEMO_PORTFOLIO_SKIP | LTS_AHR2_340 skipped - hour 22 != 20
[2026-09-17 21:32:06] DEMO_PORTFOLIO_SKIP | LTS_AHR2_341 skipped - hour 22 != 21
[2026-09-17 21:32:06] DEMO_PORTFOLIO_SKIP | LTS_AHR2_349 skipped - hour 22 != 11
[2026-09-17 21:32:06] DEMO_PORTFOLIO_SKIP | LTS_AHR2_358 skipped - hour 22 != 18
[2026-09-17 21:32:06] DEMO_PORTFOLIO_SKIP | LTS_AHR2_363 skipped - hour 22 != 17
[2026-09-17 21:32:06] DEMO_PORTFOLIO_SKIP | LTS_AHR2_368 skipped - hour 22 != 21
[2026-09-17 21:32:06] DEMO_PORTFOLIO_SKIP | LTS_AHR2_369 skipped - hour 22 != 21
[2026-09-17 21:32:06] DEMO_PORTFOLIO_SKIP | LTS_AHR2_374 skipped - hour 22 != 10
[2026-09-17 21:32:06] DEMO_PORTFOLIO_SKIP | LTS_AHR2_375 skipped - hour 22 != 21
[2026-09-17 21:32:06] DEMO_PORTFOLIO_SKIP | LTS_AHR2_384 skipped - hour 22 != 20
[2026-09-17 21:32:06] DEMO_PORTFOLIO_SKIP | LTS_AHR2_385 skipped - hour 22 != 12
[2026-09-17 21:32:06] DEMO_PORTFOLIO_SKIP | LTS_AHR2_397 skipped - hour 22 != 20
[2026-09-17 21:32:06] DEMO_PORTFOLIO_SKIP | LTS_AHR2_471 skipped - risk_distance 10.90 > 1.30
[2026-09-17 21:32:06] DEMO_PORTFOLIO_SCAN | XAUUSD.iux done active=LTS_AHR2
[2026-09-17 21:33:05] SYMBOL_CHECK | XAUUSD.iux trade_mode=4 xau_open=True | trade_mode=4 | tick_time=1789659184 | bid=4364.16 | ask=4364.3 | tick_ok=True | xau_open=True | current_symbol=XAUUSD.iux | startup=False
[2026-09-17 21:34:05] SYMBOL_CHECK | XAUUSD.iux trade_mode=4 xau_open=True | trade_mode=4 | tick_time=1789659245 | bid=4364.74 | ask=4364.88 | tick_ok=True | xau_open=True | current_symbol=XAUUSD.iux | startup=False
[2026-09-17 21:35:05] SYMBOL_CHECK | XAUUSD.iux trade_mode=4 xau_open=True | trade_mode=4 | tick_time=1789659305 | bid=4367.26 | ask=4367.4 | tick_ok=True | xau_open=True | current_symbol=XAUUSD.iux | startup=False
[2026-09-17 21:36:05] SYMBOL_CHECK | XAUUSD.iux trade_mode=4 xau_open=True | trade_mode=4 | tick_time=1789659364 | bid=4366.85 | ask=4366.99 | tick_ok=True | xau_open=True | current_symbol=XAUUSD.iux | startup=False
[2026-09-17 21:37:05] DEMO_PORTFOLIO_SCAN | XAUUSD.iux open active=LTS_AHR2
[2026-09-17 21:37:05] SYMBOL_CHECK | XAUUSD.iux trade_mode=4 xau_open=True | trade_mode=4 | tick_time=1789659425 | bid=4366.01 | ask=4366.15 | tick_ok=True | xau_open=True | current_symbol=XAUUSD.iux | startup=False
[2026-09-17 21:37:05] DEMO_PORTFOLIO_SCAN | XAUUSD.iux done active=LTS_AHR2
[2026-09-17 21:38:05] SYMBOL_CHECK | XAUUSD.iux trade_mode=4 xau_open=True | trade_mode=4 | tick_time=1789659485 | bid=4365.21 | ask=4365.35 | tick_ok=True | xau_open=True | current_symbol=XAUUSD.iux | startup=False
[2026-09-17 21:39:05] SYMBOL_CHECK | XAUUSD.iux trade_mode=4 xau_open=True | trade_mode=4 | tick_time=1789659545 | bid=4362.96 | ask=4363.1 | tick_ok=True | xau_open=True | current_symbol=XAUUSD.iux | startup=False
[2026-09-17 21:40:05] SYMBOL_CHECK | XAUUSD.iux trade_mode=4 xau_open=True | trade_mode=4 | tick_time=1789659605 | bid=4361.54 | ask=4361.68 | tick_ok=True | xau_open=True | current_symbol=XAUUSD.iux | startup=False
[2026-09-17 21:41:05] SYMBOL_CHECK | XAUUSD.iux trade_mode=4 xau_open=True | trade_mode=4 | tick_time=1789659664 | bid=4362.92 | ask=4363.06 | tick_ok=True | xau_open=True | current_symbol=XAUUSD.iux | startup=False
[2026-09-17 21:42:05] DEMO_PORTFOLIO_SCAN | XAUUSD.iux open active=LTS_AHR2
[2026-09-17 21:42:05] SYMBOL_CHECK | XAUUSD.iux trade_mode=4 xau_open=True | trade_mode=4 | tick_time=1789659725 | bid=4362.49 | ask=4362.63 | tick_ok=True | xau_open=True | current_symbol=XAUUSD.iux | startup=False
[2026-09-17 21:42:05] DEMO_PORTFOLIO_SCAN | XAUUSD.iux done active=LTS_AHR2
[2026-09-17 21:43:05] SYMBOL_CHECK | XAUUSD.iux trade_mode=4 xau_open=True | trade_mode=4 | tick_time=1789659785 | bid=4360.59 | ask=4360.73 | tick_ok=True | xau_open=True | current_symbol=XAUUSD.iux | startup=False
[2026-09-17 21:44:05] SYMBOL_CHECK | XAUUSD.iux trade_mode=4 xau_open=True | trade_mode=4 | tick_time=1789659845 | bid=4359.7 | ask=4359.84 | tick_ok=True | xau_open=True | current_symbol=XAUUSD.iux | startup=False
[2026-09-17 21:45:05] SYMBOL_CHECK | XAUUSD.iux trade_mode=4 xau_open=True | trade_mode=4 | tick_time=1789659905 | bid=4361.08 | ask=4361.22 | tick_ok=True | xau_open=True | current_symbol=XAUUSD.iux | startup=False
[2026-09-17 21:46:05] SYMBOL_CHECK | XAUUSD.iux trade_mode=4 xau_open=True | trade_mode=4 | tick_time=1789659965 | bid=4363.57 | ask=4363.71 | tick_ok=True | xau_open=True | current_symbol=XAUUSD.iux | startup=False
[2026-09-17 21:47:05] DEMO_PORTFOLIO_SCAN | XAUUSD.iux open active=LTS_AHR2
[2026-09-17 21:47:05] SYMBOL_CHECK | XAUUSD.iux trade_mode=4 xau_open=True | trade_mode=4 | tick_time=1789660025 | bid=4361.39 | ask=4361.53 | tick_ok=True | xau_open=True | current_symbol=XAUUSD.iux | startup=False
[2026-09-17 21:47:05] DEMO_PORTFOLIO_SCAN | XAUUSD.iux done active=LTS_AHR2
[2026-09-17 21:48:05] SYMBOL_CHECK | XAUUSD.iux trade_mode=4 xau_open=True | trade_mode=4 | tick_time=1789660085 | bid=4361.09 | ask=4361.23 | tick_ok=True | xau_open=True | current_symbol=XAUUSD.iux | startup=False
[2026-09-17 21:49:05] SYMBOL_CHECK | XAUUSD.iux trade_mode=4 xau_open=True | trade_mode=4 | tick_time=1789660145 | bid=4359.24 | ask=4359.38 | tick_ok=True | xau_open=True | current_symbol=XAUUSD.iux | startup=False
[2026-09-17 21:50:05] SYMBOL_CHECK | XAUUSD.iux trade_mode=4 xau_open=True | trade_mode=4 | tick_time=1789660205 | bid=4361.58 | ask=4361.72 | tick_ok=True | xau_open=True | current_symbol=XAUUSD.iux | startup=False
[2026-09-17 21:51:05] SYMBOL_CHECK | XAUUSD.iux trade_mode=4 xau_open=True | trade_mode=4 | tick_time=1789660265 | bid=4360.58 | ask=4360.72 | tick_ok=True | xau_open=True | current_symbol=XAUUSD.iux | startup=False
[2026-09-17 21:52:05] DEMO_PORTFOLIO_SCAN | XAUUSD.iux open active=LTS_AHR2
[2026-09-17 21:52:05] SYMBOL_CHECK | XAUUSD.iux trade_mode=4 xau_open=True | trade_mode=4 | tick_time=1789660325 | bid=4360.11 | ask=4360.25 | tick_ok=True | xau_open=True | current_symbol=XAUUSD.iux | startup=False
[2026-09-17 21:52:05] DEMO_PORTFOLIO_SCAN | XAUUSD.iux done active=LTS_AHR2
[2026-09-17 21:53:05] SYMBOL_CHECK | XAUUSD.iux trade_mode=4 xau_open=True | trade_mode=4 | tick_time=1789660385 | bid=4359.71 | ask=4359.85 | tick_ok=True | xau_open=True | current_symbol=XAUUSD.iux | startup=False
[2026-09-17 21:54:05] SYMBOL_CHECK | XAUUSD.iux trade_mode=4 xau_open=True | trade_mode=4 | tick_time=1789660445 | bid=4356.43 | ask=4356.57 | tick_ok=True | xau_open=True | current_symbol=XAUUSD.iux | startup=False
[2026-09-17 21:55:05] SYMBOL_CHECK | XAUUSD.iux trade_mode=4 xau_open=True | trade_mode=4 | tick_time=1789660505 | bid=4356.66 | ask=4356.8 | tick_ok=True | xau_open=True | current_symbol=XAUUSD.iux | startup=False
[2026-09-17 21:56:05] SYMBOL_CHECK | XAUUSD.iux trade_mode=4 xau_open=True | trade_mode=4 | tick_time=1789660565 | bid=4355.2 | ask=4355.34 | tick_ok=True | xau_open=True | current_symbol=XAUUSD.iux | startup=False
[2026-09-17 21:57:05] DEMO_PORTFOLIO_SCAN | XAUUSD.iux open active=LTS_AHR2
[2026-09-17 21:57:05] SYMBOL_CHECK | XAUUSD.iux trade_mode=4 xau_open=True | trade_mode=4 | tick_time=1789660625 | bid=4354.97 | ask=4355.11 | tick_ok=True | xau_open=True | current_symbol=XAUUSD.iux | startup=False
[2026-09-17 21:57:05] DEMO_PORTFOLIO_SCAN | XAUUSD.iux done active=LTS_AHR2
[2026-09-17 21:58:05] SYMBOL_CHECK | XAUUSD.iux trade_mode=4 xau_open=True | trade_mode=4 | tick_time=1789660685 | bid=4354.17 | ask=4354.31 | tick_ok=True | xau_open=True | current_symbol=XAUUSD.iux | startup=False
[2026-09-17 21:59:05] SYMBOL_CHECK | XAUUSD.iux trade_mode=4 xau_open=True | trade_mode=4 | tick_time=1789660745 | bid=4353.23 | ask=4353.37 | tick_ok=True | xau_open=True | current_symbol=XAUUSD.iux | startup=False
[2026-09-17 22:00:05] SYMBOL_CHECK | XAUUSD.iux trade_mode=4 xau_open=True | trade_mode=4 | tick_time=1789660805 | bid=4353.78 | ask=4353.92 | tick_ok=True | xau_open=True | current_symbol=XAUUSD.iux | startup=False
[2026-09-17 22:01:05] SYMBOL_CHECK | XAUUSD.iux trade_mode=4 xau_open=True | trade_mode=4 | tick_time=1789660865 | bid=4352.95 | ask=4353.09 | tick_ok=True | xau_open=True | current_symbol=XAUUSD.iux | startup=False
[2026-09-17 22:02:05] DEMO_PORTFOLIO_SCAN | XAUUSD.iux open active=LTS_AHR2
[2026-09-17 22:02:05] SYMBOL_CHECK | XAUUSD.iux trade_mode=4 xau_open=True | trade_mode=4 | tick_time=1789660925 | bid=4351.84 | ask=4351.98 | tick_ok=True | xau_open=True | current_symbol=XAUUSD.iux | startup=False
[2026-09-17 22:02:05] DEMO_PORTFOLIO_PENDING_ARM | LTS_AHR2_673 SELL entry=4354.0 sl=4401.9003571428575 tp=4282.149464285714 lot=2.00 expires=5bars
[2026-09-17 22:02:05] DEMO_PORTFOLIO_PENDING_CANCEL | LTS_AHR2_674 expired entry=4306.21
[2026-09-17 22:02:05] DEMO_PORTFOLIO_PENDING_ARM | LTS_AHR2_677 BUY entry=4354.0 sl=4282.149464285714 tp=4401.9003571428575 lot=2.00 expires=5bars
[2026-09-17 22:02:05] DEMO_PORTFOLIO_PENDING_FILL | LTS_AHR2_677 BUY lot=2.00 entry=4354.0 sl=4282.149464285714 tp=4401.9003571428575 success=True ticket=587328657 err=None
[2026-09-17 22:02:05] DEMO_PORTFOLIO_SCAN | XAUUSD.iux done active=LTS_AHR2
[2026-09-17 22:02:06] TG_SENT | [AF SIGNAL] *🔥✨ Avengers High Risk v2* | Leg: `LTS_AHR2_677 INVERSE_S97_H1` | BUY @ pending-fill market lot `2.00` | Entry `4354.00` SL `4282.15` TP `4401.90` | Ticket: `587328657`
[2026-09-17 22:03:05] SYMBOL_CHECK | XAUUSD.iux trade_mode=4 xau_open=True | trade_mode=4 | tick_time=1789660985 | bid=4355.11 | ask=4355.25 | tick_ok=True | xau_open=True | current_symbol=XAUUSD.iux | startup=False
[2026-09-17 22:04:05] SYMBOL_CHECK | XAUUSD.iux trade_mode=4 xau_open=True | trade_mode=4 | tick_time=1789661045 | bid=4356.49 | ask=4356.63 | tick_ok=True | xau_open=True | current_symbol=XAUUSD.iux | startup=False
[2026-09-17 22:05:05] SYMBOL_CHECK | XAUUSD.iux trade_mode=4 xau_open=True | trade_mode=4 | tick_time=1789661105 | bid=4355.97 | ask=4356.11 | tick_ok=True | xau_open=True | current_symbol=XAUUSD.iux | startup=False
[2026-09-17 22:06:05] SYMBOL_CHECK | XAUUSD.iux trade_mode=4 xau_open=True | trade_mode=4 | tick_time=1789661165 | bid=4357.47 | ask=4357.61 | tick_ok=True | xau_open=True | current_symbol=XAUUSD.iux | startup=False
[2026-09-17 22:07:05] DEMO_PORTFOLIO_SCAN | XAUUSD.iux open active=LTS_AHR2
[2026-09-17 22:07:05] SYMBOL_CHECK | XAUUSD.iux trade_mode=4 xau_open=True | trade_mode=4 | tick_time=1789661225 | bid=4356.61 | ask=4356.75 | tick_ok=True | xau_open=True | current_symbol=XAUUSD.iux | startup=False
[2026-09-17 22:07:05] DEMO_PORTFOLIO_PENDING_FILL | LTS_AHR2_673 SELL lot=2.00 entry=4354.0 sl=4401.9003571428575 tp=4282.149464285714 success=True ticket=587332403 err=None
[2026-09-17 22:07:05] DEMO_PORTFOLIO_SCAN | XAUUSD.iux done active=LTS_AHR2
[2026-09-17 22:07:05] TG_SENT | [AF SIGNAL] *🔥✨ Avengers High Risk v2* | Leg: `LTS_AHR2_673 DIRECT_S95_H1` | SELL @ pending-fill market lot `2.00` | Entry `4354.00` SL `4401.90` TP `4282.15` | Ticket: `587332403`
[2026-09-17 22:08:05] SYMBOL_CHECK | XAUUSD.iux trade_mode=4 xau_open=True | trade_mode=4 | tick_time=1789661285 | bid=4357.36 | ask=4357.5 | tick_ok=True | xau_open=True | current_symbol=XAUUSD.iux | startup=False
[2026-09-17 22:09:05] SYMBOL_CHECK | XAUUSD.iux trade_mode=4 xau_open=True | trade_mode=4 | tick_time=1789661345 | bid=4357.36 | ask=4357.5 | tick_ok=True | xau_open=True | current_symbol=XAUUSD.iux | startup=False
[2026-09-17 22:10:05] SYMBOL_CHECK | XAUUSD.iux trade_mode=4 xau_open=True | trade_mode=4 | tick_time=1789661405 | bid=4356.34 | ask=4356.48 | tick_ok=True | xau_open=True | current_symbol=XAUUSD.iux | startup=False
[2026-09-17 22:11:05] SYMBOL_CHECK | XAUUSD.iux trade_mode=4 xau_open=True | trade_mode=4 | tick_time=1789661465 | bid=4355.68 | ask=4355.82 | tick_ok=True | xau_open=True | current_symbol=XAUUSD.iux | startup=False
[2026-09-17 22:12:05] DEMO_PORTFOLIO_SCAN | XAUUSD.iux open active=LTS_AHR2
[2026-09-17 22:12:05] SYMBOL_CHECK | XAUUSD.iux trade_mode=4 xau_open=True | trade_mode=4 | tick_time=1789661525 | bid=4354.33 | ask=4354.47 | tick_ok=True | xau_open=True | current_symbol=XAUUSD.iux | startup=False
[2026-09-17 22:12:05] DEMO_PORTFOLIO_SCAN | XAUUSD.iux done active=LTS_AHR2
[2026-09-17 22:13:05] SYMBOL_CHECK | XAUUSD.iux trade_mode=4 xau_open=True | trade_mode=4 | tick_time=1789661585 | bid=4356.02 | ask=4356.16 | tick_ok=True | xau_open=True | current_symbol=XAUUSD.iux | startup=False
[2026-09-17 22:14:05] SYMBOL_CHECK | XAUUSD.iux trade_mode=4 xau_open=True | trade_mode=4 | tick_time=1789661645 | bid=4360.88 | ask=4361.02 | tick_ok=True | xau_open=True | current_symbol=XAUUSD.iux | startup=False
[2026-09-17 22:15:05] SYMBOL_CHECK | XAUUSD.iux trade_mode=4 xau_open=True | trade_mode=4 | tick_time=1789661705 | bid=4361.99 | ask=4362.13 | tick_ok=True | xau_open=True | current_symbol=XAUUSD.iux | startup=False
[2026-09-17 22:16:05] SYMBOL_CHECK | XAUUSD.iux trade_mode=4 xau_open=True | trade_mode=4 | tick_time=1789661765 | bid=4361.83 | ask=4361.97 | tick_ok=True | xau_open=True | current_symbol=XAUUSD.iux | startup=False
[2026-09-17 22:17:05] DEMO_PORTFOLIO_SCAN | XAUUSD.iux open active=LTS_AHR2
[2026-09-17 22:17:05] SYMBOL_CHECK | XAUUSD.iux trade_mode=4 xau_open=True | trade_mode=4 | tick_time=1789661825 | bid=4363.0 | ask=4363.14 | tick_ok=True | xau_open=True | current_symbol=XAUUSD.iux | startup=False
[2026-09-17 22:17:05] DEMO_PORTFOLIO_SCAN | XAUUSD.iux done active=LTS_AHR2
[2026-09-17 22:18:05] SYMBOL_CHECK | XAUUSD.iux trade_mode=4 xau_open=True | trade_mode=4 | tick_time=1789661885 | bid=4363.83 | ask=4363.97 | tick_ok=True | xau_open=True | current_symbol=XAUUSD.iux | startup=False
[2026-09-17 22:19:05] SYMBOL_CHECK | XAUUSD.iux trade_mode=4 xau_open=True | trade_mode=4 | tick_time=1789661945 | bid=4363.75 | ask=4363.89 | tick_ok=True | xau_open=True | current_symbol=XAUUSD.iux | startup=False
[2026-09-17 22:20:05] SYMBOL_CHECK | XAUUSD.iux trade_mode=4 xau_open=True | trade_mode=4 | tick_time=1789662005 | bid=4362.91 | ask=4363.05 | tick_ok=True | xau_open=True | current_symbol=XAUUSD.iux | startup=False
[2026-09-17 22:21:05] SYMBOL_CHECK | XAUUSD.iux trade_mode=4 xau_open=True | trade_mode=4 | tick_time=1789662065 | bid=4361.69 | ask=4361.83 | tick_ok=True | xau_open=True | current_symbol=XAUUSD.iux | startup=False
[2026-09-17 22:22:05] DEMO_PORTFOLIO_SCAN | XAUUSD.iux open active=LTS_AHR2
[2026-09-17 22:22:05] SYMBOL_CHECK | XAUUSD.iux trade_mode=4 xau_open=True | trade_mode=4 | tick_time=1789662125 | bid=4361.7 | ask=4361.84 | tick_ok=True | xau_open=True | current_symbol=XAUUSD.iux | startup=False
[2026-09-17 22:22:05] DEMO_PORTFOLIO_SCAN | XAUUSD.iux done active=LTS_AHR2
[2026-09-17 22:23:05] SYMBOL_CHECK | XAUUSD.iux trade_mode=4 xau_open=True | trade_mode=4 | tick_time=1789662185 | bid=4361.26 | ask=4361.4 | tick_ok=True | xau_open=True | current_symbol=XAUUSD.iux | startup=False
[2026-09-17 22:24:05] SYMBOL_CHECK | XAUUSD.iux trade_mode=4 xau_open=True | trade_mode=4 | tick_time=1789662245 | bid=4361.32 | ask=4361.46 | tick_ok=True | xau_open=True | current_symbol=XAUUSD.iux | startup=False
[2026-09-17 22:25:05] SYMBOL_CHECK | XAUUSD.iux trade_mode=4 xau_open=True | trade_mode=4 | tick_time=1789662305 | bid=4359.42 | ask=4359.56 | tick_ok=True | xau_open=True | current_symbol=XAUUSD.iux | startup=False
[2026-09-17 22:26:05] SYMBOL_CHECK | XAUUSD.iux trade_mode=4 xau_open=True | trade_mode=4 | tick_time=1789662365 | bid=4360.23 | ask=4360.37 | tick_ok=True | xau_open=True | current_symbol=XAUUSD.iux | startup=False
[2026-09-17 22:27:05] DEMO_PORTFOLIO_SCAN | XAUUSD.iux open active=LTS_AHR2
[2026-09-17 22:27:05] SYMBOL_CHECK | XAUUSD.iux trade_mode=4 xau_open=True | trade_mode=4 | tick_time=1789662425 | bid=4356.86 | ask=4357.0 | tick_ok=True | xau_open=True | current_symbol=XAUUSD.iux | startup=False
[2026-09-17 22:27:05] DEMO_PORTFOLIO_SCAN | XAUUSD.iux done active=LTS_AHR2
[2026-09-17 22:28:05] SYMBOL_CHECK | XAUUSD.iux trade_mode=4 xau_open=True | trade_mode=4 | tick_time=1789662485 | bid=4357.94 | ask=4358.08 | tick_ok=True | xau_open=True | current_symbol=XAUUSD.iux | startup=False
[2026-09-17 22:29:05] SYMBOL_CHECK | XAUUSD.iux trade_mode=4 xau_open=True | trade_mode=4 | tick_time=1789662545 | bid=4357.97 | ask=4358.11 | tick_ok=True | xau_open=True | current_symbol=XAUUSD.iux | startup=False
[2026-09-17 22:30:05] SYMBOL_CHECK | XAUUSD.iux trade_mode=4 xau_open=True | trade_mode=4 | tick_time=1789662605 | bid=4357.95 | ask=4358.09 | tick_ok=True | xau_open=True | current_symbol=XAUUSD.iux | startup=False
[2026-09-17 22:31:05] SYMBOL_CHECK | XAUUSD.iux trade_mode=4 xau_open=True | trade_mode=4 | tick_time=1789662665 | bid=4357.85 | ask=4357.99 | tick_ok=True | xau_open=True | current_symbol=XAUUSD.iux | startup=False
[2026-09-17 22:32:05] DEMO_PORTFOLIO_SCAN | XAUUSD.iux open active=LTS_AHR2
[2026-09-17 22:32:05] SYMBOL_CHECK | XAUUSD.iux trade_mode=4 xau_open=True | trade_mode=4 | tick_time=1789662725 | bid=4357.88 | ask=4358.02 | tick_ok=True | xau_open=True | current_symbol=XAUUSD.iux | startup=False
[2026-09-17 22:32:05] DEMO_PORTFOLIO_SCAN | XAUUSD.iux done active=LTS_AHR2
[2026-09-17 22:33:05] SYMBOL_CHECK | XAUUSD.iux trade_mode=4 xau_open=True | trade_mode=4 | tick_time=1789662785 | bid=4355.72 | ask=4355.86 | tick_ok=True | xau_open=True | current_symbol=XAUUSD.iux | startup=False
[2026-09-17 22:34:05] SYMBOL_CHECK | XAUUSD.iux trade_mode=4 xau_open=True | trade_mode=4 | tick_time=1789662845 | bid=4355.99 | ask=4356.13 | tick_ok=True | xau_open=True | current_symbol=XAUUSD.iux | startup=False
[2026-09-17 22:35:05] SYMBOL_CHECK | XAUUSD.iux trade_mode=4 xau_open=True | trade_mode=4 | tick_time=1789662905 | bid=4358.35 | ask=4358.49 | tick_ok=True | xau_open=True | current_symbol=XAUUSD.iux | startup=False
[2026-09-17 22:36:05] SYMBOL_CHECK | XAUUSD.iux trade_mode=4 xau_open=True | trade_mode=4 | tick_time=1789662965 | bid=4360.98 | ask=4361.12 | tick_ok=True | xau_open=True | current_symbol=XAUUSD.iux | startup=False
[2026-09-17 22:37:05] DEMO_PORTFOLIO_SCAN | XAUUSD.iux open active=LTS_AHR2
[2026-09-17 22:37:05] SYMBOL_CHECK | XAUUSD.iux trade_mode=4 xau_open=True | trade_mode=4 | tick_time=1789663025 | bid=4361.76 | ask=4361.9 | tick_ok=True | xau_open=True | current_symbol=XAUUSD.iux | startup=False
[2026-09-17 22:37:05] DEMO_PORTFOLIO_SCAN | XAUUSD.iux done active=LTS_AHR2
[2026-09-17 22:38:05] SYMBOL_CHECK | XAUUSD.iux trade_mode=4 xau_open=True | trade_mode=4 | tick_time=1789663085 | bid=4362.35 | ask=4362.49 | tick_ok=True | xau_open=True | current_symbol=XAUUSD.iux | startup=False
[2026-09-17 22:39:05] SYMBOL_CHECK | XAUUSD.iux trade_mode=4 xau_open=True | trade_mode=4 | tick_time=1789663145 | bid=4362.98 | ask=4363.12 | tick_ok=True | xau_open=True | current_symbol=XAUUSD.iux | startup=False
[2026-09-17 22:40:31] APP_START | Bot starting | symbol=XAUUSD | scan_interval=1
[2026-09-17 22:40:31] SYMBOL_RESOLVED | XAUUSD -> XAUUSD.iux | requested=XAUUSD | resolved=XAUUSD.iux
[2026-09-17 22:40:31] SYMBOL_CHECK | XAUUSD.iux trade_mode=4 xau_open=True | trade_mode=4 | tick_time=1789663231 | bid=4363.58 | ask=4363.72 | tick_ok=True | xau_open=True | current_symbol=XAUUSD.iux | startup=True
[2026-09-17 22:40:32] NEWS_FILTER_TRANSIENT | rate limited 429; keeping cached events=0
[2026-09-17 22:40:32] TG_SENT | ✅ *MT5 เชื่อมต่อสำเร็จ!* | ━━━━━━━━━━━━━━━━━ | 🤖 Bot เริ่มทำงาน | 💰 Account: `2101182459` | 📊 Balance: `619010.88` | 📈 SYMBOL: `XAUUSD.iux` | ⏰ Scan ทุก 5 วินาที | 🕒 Time Mode: `MT5->BKK +6` | 🕒 MT5 Server: `UTC+1` | 🕒 Display: `BKK` | 📋 Strategy:  | 🕐 TF: M1, M5, M15, M30, H1, H4, H12, D1 |  | ♻️ *Restore state สำเร็จ* | 🗂 Saved at: `2026-09-17 22:39:20` | 📦 pending map: `0` | 📍 position tf: `0` | 📝 entry state: `0` | 📐 trail state: `0`
[2026-09-17 22:41:05] SYMBOL_CHECK | XAUUSD.iux trade_mode=4 xau_open=True | trade_mode=4 | tick_time=1789663265 | bid=4363.67 | ask=4363.81 | tick_ok=True | xau_open=True | current_symbol=XAUUSD.iux | startup=False
[2026-09-17 22:41:05] DEMO_PORTFOLIO_SCAN | XAUUSD.iux open active=LTS_AHR2
[2026-09-17 22:41:05] DEMO_PORTFOLIO_SKIP | LTS_AHR2_1 skipped - hour 22 != 8
[2026-09-17 22:41:05] DEMO_PORTFOLIO_SKIP | LTS_AHR2_3 skipped - hour 22 != 9
[2026-09-17 22:41:05] DEMO_PORTFOLIO_SKIP | LTS_AHR2_4 skipped - hour 22 != 11
[2026-09-17 22:41:05] DEMO_PORTFOLIO_SKIP | LTS_AHR2_5 skipped - hour 22 != 17
[2026-09-17 22:41:05] DEMO_PORTFOLIO_SKIP | LTS_AHR2_10 skipped - hour 22 != 20
[2026-09-17 22:41:05] DEMO_PORTFOLIO_SKIP | LTS_AHR2_13 skipped - hour 22 != 14
[2026-09-17 22:41:05] DEMO_PORTFOLIO_SKIP | LTS_AHR2_14 skipped - hour 22 != 8
[2026-09-17 22:41:05] DEMO_PORTFOLIO_SKIP | LTS_AHR2_15 skipped - hour 22 != 11
[2026-09-17 22:41:05] DEMO_PORTFOLIO_SKIP | LTS_AHR2_19 skipped - hour 22 != 11
[2026-09-17 22:41:05] DEMO_PORTFOLIO_SKIP | LTS_AHR2_22 skipped - hour 22 != 9
[2026-09-17 22:41:05] DEMO_PORTFOLIO_SKIP | LTS_AHR2_23 skipped - hour 22 != 19
[2026-09-17 22:41:05] DEMO_PORTFOLIO_SKIP | LTS_AHR2_28 skipped - hour 22 != 11
[2026-09-17 22:41:05] DEMO_PORTFOLIO_SKIP | LTS_AHR2_29 skipped - hour 22 != 12
[2026-09-17 22:41:05] DEMO_PORTFOLIO_SKIP | LTS_AHR2_30 skipped - hour 22 != 14
[2026-09-17 22:41:05] DEMO_PORTFOLIO_SKIP | LTS_AHR2_31 skipped - hour 22 != 19
[2026-09-17 22:41:05] DEMO_PORTFOLIO_SKIP | LTS_AHR2_37 skipped - hour 22 != 15
[2026-09-17 22:41:05] DEMO_PORTFOLIO_SKIP | LTS_AHR2_38 skipped - hour 22 != 11
[2026-09-17 22:41:05] DEMO_PORTFOLIO_SKIP | LTS_AHR2_42 skipped - hour 22 != 19
[2026-09-17 22:41:05] DEMO_PORTFOLIO_SKIP | LTS_AHR2_45 skipped - hour 22 != 15
[2026-09-17 22:41:05] DEMO_PORTFOLIO_SKIP | LTS_AHR2_48 skipped - hour 22 != 9
[2026-09-17 22:41:05] DEMO_PORTFOLIO_SKIP | LTS_AHR2_51 skipped - hour 22 != 18
[2026-09-17 22:41:05] DEMO_PORTFOLIO_SKIP | LTS_AHR2_53 skipped - hour 22 != 15
[2026-09-17 22:41:05] DEMO_PORTFOLIO_SKIP | LTS_AHR2_54 skipped - hour 22 != 20
[2026-09-17 22:41:05] DEMO_PORTFOLIO_SKIP | LTS_AHR2_57 skipped - hour 22 != 9
[2026-09-17 22:41:05] DEMO_PORTFOLIO_SKIP | LTS_AHR2_59 skipped - hour 22 != 16
[2026-09-17 22:41:05] DEMO_PORTFOLIO_SKIP | LTS_AHR2_60 skipped - hour 22 != 19
[2026-09-17 22:41:07] DEMO_PORTFOLIO_SIGNAL | LTS_AHR2_64 BUY lot=2.00 sl=4359.39 tp=4364.67 rd=2.78 weight=2000.000 scale=1.00 h=22 success=False ticket=None err=10034 — Volume limit reached
[2026-09-17 22:41:07] DEMO_PORTFOLIO_SKIP | LTS_AHR2_66 skipped - hour 22 != 18
[2026-09-17 22:41:07] DEMO_PORTFOLIO_SKIP | LTS_AHR2_71 skipped - hour 22 != 20
[2026-09-17 22:41:07] DEMO_PORTFOLIO_SKIP | LTS_AHR2_74 skipped - hour 22 != 14
[2026-09-17 22:41:07] DEMO_PORTFOLIO_SKIP | LTS_AHR2_75 skipped - hour 22 != 21
[2026-09-17 22:41:07] DEMO_PORTFOLIO_SKIP | LTS_AHR2_78 skipped - hour 22 != 10
[2026-09-17 22:41:07] DEMO_PORTFOLIO_SKIP | LTS_AHR2_81 skipped - hour 22 != 11
[2026-09-17 22:41:07] DEMO_PORTFOLIO_SKIP | LTS_AHR2_83 skipped - hour 22 != 10
[2026-09-17 22:41:07] DEMO_PORTFOLIO_SKIP | LTS_AHR2_87 skipped - hour 22 != 12
[2026-09-17 22:41:07] DEMO_PORTFOLIO_SKIP | LTS_AHR2_88 skipped - hour 22 != 12
[2026-09-17 22:41:07] DEMO_PORTFOLIO_SKIP | LTS_AHR2_89 skipped - hour 22 != 11
[2026-09-17 22:41:07] DEMO_PORTFOLIO_SKIP | LTS_AHR2_92 skipped - hour 22 != 9
[2026-09-17 22:41:07] DEMO_PORTFOLIO_SKIP | LTS_AHR2_94 skipped - hour 22 != 15
[2026-09-17 22:41:07] DEMO_PORTFOLIO_SKIP | LTS_AHR2_95 skipped - hour 22 != 20
[2026-09-17 22:41:07] DEMO_PORTFOLIO_SKIP | LTS_AHR2_99 skipped - hour 22 != 10
[2026-09-17 22:41:07] DEMO_PORTFOLIO_SKIP | LTS_AHR2_103 skipped - hour 22 != 16
[2026-09-17 22:41:07] DEMO_PORTFOLIO_SKIP | LTS_AHR2_104 skipped - risk_distance 17.25 > 3.40
[2026-09-17 22:41:07] DEMO_PORTFOLIO_SKIP | LTS_AHR2_107 skipped - hour 22 != 17
[2026-09-17 22:41:07] DEMO_PORTFOLIO_SKIP | LTS_AHR2_111 skipped - hour 22 != 20
[2026-09-17 22:41:07] DEMO_PORTFOLIO_SKIP | LTS_AHR2_112 skipped - hour 22 != 19
[2026-09-17 22:41:07] DEMO_PORTFOLIO_SKIP | LTS_AHR2_117 skipped - hour 22 != 8
[2026-09-17 22:41:07] DEMO_PORTFOLIO_SKIP | LTS_AHR2_118 skipped - hour 22 != 12
[2026-09-17 22:41:07] DEMO_PORTFOLIO_SKIP | LTS_AHR2_121 skipped - hour 22 != 9
[2026-09-17 22:41:07] DEMO_PORTFOLIO_SKIP | LTS_AHR2_122 skipped - hour 22 != 14
[2026-09-17 22:41:07] DEMO_PORTFOLIO_SKIP | LTS_AHR2_124 skipped - hour 22 != 11
[2026-09-17 22:41:07] DEMO_PORTFOLIO_SKIP | LTS_AHR2_125 skipped - hour 22 != 10
[2026-09-17 22:41:07] DEMO_PORTFOLIO_SKIP | LTS_AHR2_127 skipped - hour 22 != 8
[2026-09-17 22:41:07] DEMO_PORTFOLIO_SKIP | LTS_AHR2_128 skipped - hour 22 != 16
[2026-09-17 22:41:07] DEMO_PORTFOLIO_SKIP | LTS_AHR2_130 skipped - hour 22 != 15
[2026-09-17 22:41:07] DEMO_PORTFOLIO_SKIP | LTS_AHR2_132 skipped - hour 22 != 10
[2026-09-17 22:41:08] DEMO_PORTFOLIO_SIGNAL | LTS_AHR2_134 BUY lot=2.00 sl=4359.39 tp=4364.67 rd=2.78 weight=2000.000 scale=1.00 h=22 success=False ticket=None err=10034 — Volume limit reached
[2026-09-17 22:41:08] DEMO_PORTFOLIO_SKIP | LTS_AHR2_136 skipped - hour 22 != 15
[2026-09-17 22:41:08] DEMO_PORTFOLIO_SKIP | LTS_AHR2_139 skipped - hour 22 != 18
[2026-09-17 22:41:08] DEMO_PORTFOLIO_SKIP | LTS_AHR2_141 skipped - hour 22 != 9
[2026-09-17 22:41:08] DEMO_PORTFOLIO_SKIP | LTS_AHR2_142 skipped - hour 22 != 15
[2026-09-17 22:41:08] DEMO_PORTFOLIO_SKIP | LTS_AHR2_144 skipped - hour 22 != 12
[2026-09-17 22:41:08] DEMO_PORTFOLIO_SKIP | LTS_AHR2_145 skipped - hour 22 != 10
[2026-09-17 22:41:08] DEMO_PORTFOLIO_SKIP | LTS_AHR2_146 skipped - hour 22 != 9
[2026-09-17 22:41:08] DEMO_PORTFOLIO_SKIP | LTS_AHR2_148 skipped - hour 22 != 14
[2026-09-17 22:41:08] DEMO_PORTFOLIO_SKIP | LTS_AHR2_151 skipped - hour 22 != 19
[2026-09-17 22:41:08] DEMO_PORTFOLIO_SKIP | LTS_AHR2_152 skipped - hour 22 != 20
[2026-09-17 22:41:08] DEMO_PORTFOLIO_SKIP | LTS_AHR2_156 skipped - hour 22 != 16
[2026-09-17 22:41:08] DEMO_PORTFOLIO_SKIP | LTS_AHR2_157 skipped - hour 22 != 17
[2026-09-17 22:41:08] DEMO_PORTFOLIO_SKIP | LTS_AHR2_159 skipped - hour 22 != 17
[2026-09-17 22:41:08] DEMO_PORTFOLIO_SKIP | LTS_AHR2_161 skipped - hour 22 != 9
[2026-09-17 22:41:08] DEMO_PORTFOLIO_SKIP | LTS_AHR2_162 skipped - hour 22 != 19
[2026-09-17 22:41:08] DEMO_PORTFOLIO_SKIP | LTS_AHR2_163 skipped - hour 22 != 19
[2026-09-17 22:41:08] DEMO_PORTFOLIO_SKIP | LTS_AHR2_167 skipped - hour 22 != 17
[2026-09-17 22:41:08] DEMO_PORTFOLIO_SKIP | LTS_AHR2_169 skipped - hour 22 != 14
[2026-09-17 22:41:08] DEMO_PORTFOLIO_SKIP | LTS_AHR2_172 skipped - hour 22 != 8
[2026-09-17 22:41:08] DEMO_PORTFOLIO_SKIP | LTS_AHR2_173 skipped - hour 22 != 16
[2026-09-17 22:41:08] DEMO_PORTFOLIO_SKIP | LTS_AHR2_176 skipped - hour 22 != 11
[2026-09-17 22:41:08] DEMO_PORTFOLIO_SKIP | LTS_AHR2_178 skipped - hour 22 != 14
[2026-09-17 22:41:08] DEMO_PORTFOLIO_SKIP | LTS_AHR2_179 skipped - hour 22 != 14
[2026-09-17 22:41:08] DEMO_PORTFOLIO_SKIP | LTS_AHR2_182 skipped - hour 22 != 15
[2026-09-17 22:41:08] DEMO_PORTFOLIO_SKIP | LTS_AHR2_183 skipped - hour 22 != 21
[2026-09-17 22:41:08] DEMO_PORTFOLIO_SKIP | LTS_AHR2_187 skipped - hour 22 != 16
[2026-09-17 22:41:08] DEMO_PORTFOLIO_SKIP | LTS_AHR2_190 skipped - hour 22 != 21
[2026-09-17 22:41:08] DEMO_PORTFOLIO_SIGNAL | LTS_AHR2_192 BUY lot=2.00 sl=4359.39 tp=4364.67 rd=2.78 weight=2000.000 scale=1.00 h=22 success=False ticket=None err=10034 — Volume limit reached
[2026-09-17 22:41:08] DEMO_PORTFOLIO_SKIP | LTS_AHR2_194 skipped - hour 22 != 19
[2026-09-17 22:41:08] DEMO_PORTFOLIO_SKIP | LTS_AHR2_196 skipped - hour 22 != 17
[2026-09-17 22:41:08] DEMO_PORTFOLIO_SKIP | LTS_AHR2_197 skipped - hour 22 != 14
[2026-09-17 22:41:09] DEMO_PORTFOLIO_SKIP | LTS_AHR2_198 skipped - risk_distance 17.25 > 5.00
[2026-09-17 22:41:09] DEMO_PORTFOLIO_SKIP | LTS_AHR2_200 skipped - hour 22 != 16
[2026-09-17 22:41:09] DEMO_PORTFOLIO_SKIP | LTS_AHR2_201 skipped - hour 22 != 16
[2026-09-17 22:41:09] DEMO_PORTFOLIO_SKIP | LTS_AHR2_202 skipped - hour 22 != 19
[2026-09-17 22:41:09] DEMO_PORTFOLIO_SKIP | LTS_AHR2_205 skipped - hour 22 != 16
[2026-09-17 22:41:09] DEMO_PORTFOLIO_SKIP | LTS_AHR2_206 skipped - hour 22 != 14
[2026-09-17 22:41:09] DEMO_PORTFOLIO_SKIP | LTS_AHR2_207 skipped - hour 22 != 19
[2026-09-17 22:41:09] DEMO_PORTFOLIO_SKIP | LTS_AHR2_209 skipped - hour 22 != 8
[2026-09-17 22:41:09] DEMO_PORTFOLIO_SKIP | LTS_AHR2_211 skipped - hour 22 != 14
[2026-09-17 22:41:09] DEMO_PORTFOLIO_SKIP | LTS_AHR2_214 skipped - hour 22 != 19
[2026-09-17 22:41:09] DEMO_PORTFOLIO_SKIP | LTS_AHR2_218 skipped - hour 22 != 15
[2026-09-17 22:41:09] DEMO_PORTFOLIO_SKIP | LTS_AHR2_219 skipped - hour 22 != 14
[2026-09-17 22:41:09] DEMO_PORTFOLIO_SKIP | LTS_AHR2_224 skipped - hour 22 != 18
[2026-09-17 22:41:09] DEMO_PORTFOLIO_SKIP | LTS_AHR2_225 skipped - hour 22 != 19
[2026-09-17 22:41:09] DEMO_PORTFOLIO_SKIP | LTS_AHR2_226 skipped - hour 22 != 15
[2026-09-17 22:41:09] DEMO_PORTFOLIO_SKIP | LTS_AHR2_229 skipped - hour 22 != 16
[2026-09-17 22:41:09] DEMO_PORTFOLIO_SKIP | LTS_AHR2_230 skipped - hour 22 != 14
[2026-09-17 22:41:09] DEMO_PORTFOLIO_SKIP | LTS_AHR2_231 skipped - hour 22 != 19
[2026-09-17 22:41:09] DEMO_PORTFOLIO_SKIP | LTS_AHR2_233 skipped - hour 22 != 17
[2026-09-17 22:41:09] DEMO_PORTFOLIO_SKIP | LTS_AHR2_235 skipped - hour 22 != 14
[2026-09-17 22:41:09] DEMO_PORTFOLIO_SKIP | LTS_AHR2_238 skipped - hour 22 != 14
[2026-09-17 22:41:09] DEMO_PORTFOLIO_SKIP | LTS_AHR2_240 skipped - hour 22 != 20
[2026-09-17 22:41:09] DEMO_PORTFOLIO_SKIP | LTS_AHR2_241 skipped - hour 22 != 19
[2026-09-17 22:41:09] DEMO_PORTFOLIO_SKIP | LTS_AHR2_245 skipped - hour 22 != 21
[2026-09-17 22:41:09] DEMO_PORTFOLIO_SKIP | LTS_AHR2_249 skipped - hour 22 != 19
[2026-09-17 22:41:09] DEMO_PORTFOLIO_SKIP | LTS_AHR2_250 skipped - hour 22 != 19
[2026-09-17 22:41:09] DEMO_PORTFOLIO_SKIP | LTS_AHR2_251 skipped - hour 22 != 20
[2026-09-17 22:41:09] DEMO_PORTFOLIO_SKIP | LTS_AHR2_253 skipped - hour 22 != 9
[2026-09-17 22:41:09] DEMO_PORTFOLIO_SKIP | LTS_AHR2_256 skipped - hour 22 != 14
[2026-09-17 22:41:09] DEMO_PORTFOLIO_SKIP | LTS_AHR2_257 skipped - hour 22 != 11
[2026-09-17 22:41:09] DEMO_PORTFOLIO_SKIP | LTS_AHR2_259 skipped - hour 22 != 21
[2026-09-17 22:41:09] DEMO_PORTFOLIO_SKIP | LTS_AHR2_262 skipped - hour 22 != 20
[2026-09-17 22:41:09] DEMO_PORTFOLIO_SKIP | LTS_AHR2_263 skipped - hour 22 != 20
[2026-09-17 22:41:09] DEMO_PORTFOLIO_SKIP | LTS_AHR2_265 skipped - hour 22 != 19
[2026-09-17 22:41:10] DEMO_PORTFOLIO_SKIP | LTS_AHR2_267 skipped - hour 22 != 15
[2026-09-17 22:41:10] DEMO_PORTFOLIO_SKIP | LTS_AHR2_268 skipped - hour 22 != 20
[2026-09-17 22:41:10] DEMO_PORTFOLIO_SKIP | LTS_AHR2_270 skipped - hour 22 != 20
[2026-09-17 22:41:10] DEMO_PORTFOLIO_SKIP | LTS_AHR2_275 skipped - hour 22 != 19
[2026-09-17 22:41:10] DEMO_PORTFOLIO_SKIP | LTS_AHR2_278 skipped - hour 22 != 16
[2026-09-17 22:41:10] DEMO_PORTFOLIO_SKIP | LTS_AHR2_279 skipped - hour 22 != 14
[2026-09-17 22:41:10] DEMO_PORTFOLIO_SKIP | LTS_AHR2_281 skipped - hour 22 != 11
[2026-09-17 22:41:10] DEMO_PORTFOLIO_SKIP | LTS_AHR2_282 skipped - hour 22 != 21
[2026-09-17 22:41:10] DEMO_PORTFOLIO_SKIP | LTS_AHR2_283 skipped - hour 22 != 14
[2026-09-17 22:41:10] DEMO_PORTFOLIO_SIGNAL | LTS_AHR2_284 BUY lot=2.00 sl=4359.39 tp=4364.67 rd=2.78 weight=2000.000 scale=1.00 h=22 success=False ticket=None err=10034 — Volume limit reached
[2026-09-17 22:41:10] DEMO_PORTFOLIO_SKIP | LTS_AHR2_286 skipped - hour 22 != 20
[2026-09-17 22:41:10] DEMO_PORTFOLIO_SKIP | LTS_AHR2_287 skipped - hour 22 != 21
[2026-09-17 22:41:10] DEMO_PORTFOLIO_SKIP | LTS_AHR2_290 skipped - risk_distance 2.78 > 2.70
[2026-09-17 22:41:10] DEMO_PORTFOLIO_SKIP | LTS_AHR2_295 skipped - hour 22 != 14
[2026-09-17 22:41:10] DEMO_PORTFOLIO_SKIP | LTS_AHR2_296 skipped - hour 22 != 10
[2026-09-17 22:41:10] DEMO_PORTFOLIO_SKIP | LTS_AHR2_299 skipped - hour 22 != 15
[2026-09-17 22:41:10] DEMO_PORTFOLIO_SKIP | LTS_AHR2_301 skipped - hour 22 != 18
[2026-09-17 22:41:10] DEMO_PORTFOLIO_SKIP | LTS_AHR2_304 skipped - hour 22 != 8
[2026-09-17 22:41:10] DEMO_PORTFOLIO_SKIP | LTS_AHR2_306 skipped - hour 22 != 20
[2026-09-17 22:41:10] DEMO_PORTFOLIO_SKIP | LTS_AHR2_307 skipped - risk_distance 17.25 > 5.00
[2026-09-17 22:41:10] DEMO_PORTFOLIO_SKIP | LTS_AHR2_309 skipped - hour 22 != 12
[2026-09-17 22:41:10] DEMO_PORTFOLIO_SKIP | LTS_AHR2_310 skipped - hour 22 != 14
[2026-09-17 22:41:10] DEMO_PORTFOLIO_SKIP | LTS_AHR2_311 skipped - hour 22 != 10
[2026-09-17 22:41:10] DEMO_PORTFOLIO_SKIP | LTS_AHR2_315 skipped - hour 22 != 17
[2026-09-17 22:41:10] DEMO_PORTFOLIO_SKIP | LTS_AHR2_319 skipped - hour 22 != 21
[2026-09-17 22:41:10] DEMO_PORTFOLIO_SKIP | LTS_AHR2_320 skipped - hour 22 != 10
[2026-09-17 22:41:10] DEMO_PORTFOLIO_SKIP | LTS_AHR2_323 skipped - hour 22 != 20
[2026-09-17 22:41:10] DEMO_PORTFOLIO_SKIP | LTS_AHR2_325 skipped - hour 22 != 9
[2026-09-17 22:41:10] DEMO_PORTFOLIO_SKIP | LTS_AHR2_326 skipped - hour 22 != 10
[2026-09-17 22:41:10] DEMO_PORTFOLIO_SKIP | LTS_AHR2_333 skipped - hour 22 != 16
[2026-09-17 22:41:10] DEMO_PORTFOLIO_SKIP | LTS_AHR2_336 skipped - hour 22 != 19
[2026-09-17 22:41:10] DEMO_PORTFOLIO_SKIP | LTS_AHR2_339 skipped - hour 22 != 9
[2026-09-17 22:41:10] DEMO_PORTFOLIO_SKIP | LTS_AHR2_342 skipped - hour 22 != 12
[2026-09-17 22:41:11] DEMO_PORTFOLIO_SKIP | LTS_AHR2_343 skipped - hour 22 != 14
[2026-09-17 22:41:11] DEMO_PORTFOLIO_SKIP | LTS_AHR2_345 skipped - hour 22 != 20
[2026-09-17 22:41:11] DEMO_PORTFOLIO_SKIP | LTS_AHR2_346 skipped - hour 22 != 10
[2026-09-17 22:41:11] DEMO_PORTFOLIO_SKIP | LTS_AHR2_347 skipped - hour 22 != 19
[2026-09-17 22:41:11] DEMO_PORTFOLIO_SKIP | LTS_AHR2_350 skipped - hour 22 != 10
[2026-09-17 22:41:11] DEMO_PORTFOLIO_SKIP | LTS_AHR2_351 skipped - hour 22 != 14
[2026-09-17 22:41:11] DEMO_PORTFOLIO_SKIP | LTS_AHR2_352 skipped - risk_distance 17.25 > 5.00
[2026-09-17 22:41:11] DEMO_PORTFOLIO_SKIP | LTS_AHR2_354 skipped - hour 22 != 20
[2026-09-17 22:41:11] DEMO_PORTFOLIO_SKIP | LTS_AHR2_355 skipped - hour 22 != 19
[2026-09-17 22:41:11] DEMO_PORTFOLIO_SKIP | LTS_AHR2_357 skipped - hour 22 != 21
[2026-09-17 22:41:11] DEMO_PORTFOLIO_SKIP | LTS_AHR2_359 skipped - hour 22 != 14
[2026-09-17 22:41:11] DEMO_PORTFOLIO_SKIP | LTS_AHR2_361 skipped - hour 22 != 15
[2026-09-17 22:41:11] DEMO_PORTFOLIO_SKIP | LTS_AHR2_364 skipped - hour 22 != 9
[2026-09-17 22:41:11] DEMO_PORTFOLIO_SKIP | LTS_AHR2_365 skipped - hour 22 != 10
[2026-09-17 22:41:11] DEMO_PORTFOLIO_SKIP | LTS_AHR2_370 skipped - hour 22 != 14
[2026-09-17 22:41:11] DEMO_PORTFOLIO_SKIP | LTS_AHR2_376 skipped - hour 22 != 9
[2026-09-17 22:41:11] DEMO_PORTFOLIO_SKIP | LTS_AHR2_378 skipped - hour 22 != 19
[2026-09-17 22:41:11] DEMO_PORTFOLIO_SKIP | LTS_AHR2_379 skipped - hour 22 != 16
[2026-09-17 22:41:11] DEMO_PORTFOLIO_SKIP | LTS_AHR2_380 skipped - hour 22 != 19
[2026-09-17 22:41:11] DEMO_PORTFOLIO_SKIP | LTS_AHR2_383 skipped - hour 22 != 10
[2026-09-17 22:41:11] DEMO_PORTFOLIO_SKIP | LTS_AHR2_386 skipped - hour 22 != 12
[2026-09-17 22:41:11] DEMO_PORTFOLIO_SKIP | LTS_AHR2_387 skipped - hour 22 != 14
[2026-09-17 22:41:11] DEMO_PORTFOLIO_SKIP | LTS_AHR2_388 skipped - hour 22 != 9
[2026-09-17 22:41:11] DEMO_PORTFOLIO_SKIP | LTS_AHR2_389 skipped - hour 22 != 16
[2026-09-17 22:41:11] DEMO_PORTFOLIO_SKIP | LTS_AHR2_391 skipped - hour 22 != 10
[2026-09-17 22:41:11] DEMO_PORTFOLIO_SKIP | LTS_AHR2_393 skipped - hour 22 != 12
[2026-09-17 22:41:11] DEMO_PORTFOLIO_SKIP | LTS_AHR2_395 skipped - hour 22 != 16
[2026-09-17 22:41:11] DEMO_PORTFOLIO_SKIP | LTS_AHR2_398 skipped - hour 22 != 16
[2026-09-17 22:41:11] DEMO_PORTFOLIO_SKIP | LTS_AHR2_399 skipped - hour 22 != 16
[2026-09-17 22:41:11] DEMO_PORTFOLIO_SKIP | LTS_AHR2_401 skipped - hour 22 != 14
[2026-09-17 22:41:11] DEMO_PORTFOLIO_SKIP | LTS_AHR2_403 skipped - hour 22 != 12
[2026-09-17 22:41:11] DEMO_PORTFOLIO_SKIP | LTS_AHR2_404 skipped - hour 22 != 9
[2026-09-17 22:41:12] DEMO_PORTFOLIO_SKIP | LTS_AHR2_405 skipped - hour 22 != 19
[2026-09-17 22:41:12] DEMO_PORTFOLIO_SKIP | LTS_AHR2_407 skipped - hour 22 != 12
[2026-09-17 22:41:12] DEMO_PORTFOLIO_SKIP | LTS_AHR2_408 skipped - hour 22 != 14
[2026-09-17 22:41:12] DEMO_PORTFOLIO_SKIP | LTS_AHR2_409 skipped - hour 22 != 14
[2026-09-17 22:41:12] DEMO_PORTFOLIO_SKIP | LTS_AHR2_411 skipped - hour 22 != 9
[2026-09-17 22:41:12] DEMO_PORTFOLIO_SKIP | LTS_AHR2_412 skipped - hour 22 != 9
[2026-09-17 22:41:12] DEMO_PORTFOLIO_SKIP | LTS_AHR2_413 skipped - hour 22 != 14
[2026-09-17 22:41:12] DEMO_PORTFOLIO_SKIP | LTS_AHR2_415 skipped - hour 22 != 12
[2026-09-17 22:41:12] DEMO_PORTFOLIO_SKIP | LTS_AHR2_416 skipped - hour 22 != 8
[2026-09-17 22:41:12] DEMO_PORTFOLIO_SKIP | LTS_AHR2_417 skipped - hour 22 != 14
[2026-09-17 22:41:12] DEMO_PORTFOLIO_SKIP | LTS_AHR2_419 skipped - hour 22 != 12
[2026-09-17 22:41:12] DEMO_PORTFOLIO_SKIP | LTS_AHR2_420 skipped - hour 22 != 8
[2026-09-17 22:41:12] DEMO_PORTFOLIO_SKIP | LTS_AHR2_421 skipped - hour 22 != 14
[2026-09-17 22:41:12] DEMO_PORTFOLIO_SKIP | LTS_AHR2_423 skipped - hour 22 != 9
[2026-09-17 22:41:12] DEMO_PORTFOLIO_SKIP | LTS_AHR2_424 skipped - hour 22 != 8
[2026-09-17 22:41:12] DEMO_PORTFOLIO_SKIP | LTS_AHR2_425 skipped - hour 22 != 14
[2026-09-17 22:41:12] DEMO_PORTFOLIO_SKIP | LTS_AHR2_427 skipped - hour 22 != 12
[2026-09-17 22:41:12] DEMO_PORTFOLIO_SKIP | LTS_AHR2_428 skipped - hour 22 != 8
[2026-09-17 22:41:12] DEMO_PORTFOLIO_SKIP | LTS_AHR2_429 skipped - hour 22 != 14
[2026-09-17 22:41:12] DEMO_PORTFOLIO_SKIP | LTS_AHR2_431 skipped - hour 22 != 9
[2026-09-17 22:41:12] DEMO_PORTFOLIO_SKIP | LTS_AHR2_432 skipped - hour 22 != 8
[2026-09-17 22:41:12] DEMO_PORTFOLIO_SKIP | LTS_AHR2_433 skipped - hour 22 != 14
[2026-09-17 22:41:12] DEMO_PORTFOLIO_SKIP | LTS_AHR2_435 skipped - hour 22 != 12
[2026-09-17 22:41:12] DEMO_PORTFOLIO_SKIP | LTS_AHR2_436 skipped - hour 22 != 8
[2026-09-17 22:41:12] DEMO_PORTFOLIO_SKIP | LTS_AHR2_437 skipped - hour 22 != 14
[2026-09-17 22:41:12] DEMO_PORTFOLIO_SKIP | LTS_AHR2_439 skipped - hour 22 != 9
[2026-09-17 22:41:12] DEMO_PORTFOLIO_SKIP | LTS_AHR2_440 skipped - hour 22 != 8
[2026-09-17 22:41:12] DEMO_PORTFOLIO_SKIP | LTS_AHR2_441 skipped - hour 22 != 14
[2026-09-17 22:41:12] DEMO_PORTFOLIO_SKIP | LTS_AHR2_443 skipped - hour 22 != 12
[2026-09-17 22:41:12] DEMO_PORTFOLIO_SKIP | LTS_AHR2_444 skipped - hour 22 != 8
[2026-09-17 22:41:12] DEMO_PORTFOLIO_SKIP | LTS_AHR2_445 skipped - hour 22 != 14
[2026-09-17 22:41:12] DEMO_PORTFOLIO_SKIP | LTS_AHR2_447 skipped - hour 22 != 9
[2026-09-17 22:41:12] DEMO_PORTFOLIO_SKIP | LTS_AHR2_448 skipped - hour 22 != 8
[2026-09-17 22:41:12] DEMO_PORTFOLIO_SKIP | LTS_AHR2_449 skipped - hour 22 != 14
[2026-09-17 22:41:12] DEMO_PORTFOLIO_SKIP | LTS_AHR2_451 skipped - hour 22 != 12
[2026-09-17 22:41:12] DEMO_PORTFOLIO_SKIP | LTS_AHR2_452 skipped - hour 22 != 8
[2026-09-17 22:41:12] DEMO_PORTFOLIO_SKIP | LTS_AHR2_453 skipped - hour 22 != 14
[2026-09-17 22:41:13] DEMO_PORTFOLIO_SKIP | LTS_AHR2_455 skipped - hour 22 != 9
[2026-09-17 22:41:13] DEMO_PORTFOLIO_SKIP | LTS_AHR2_456 skipped - hour 22 != 8
[2026-09-17 22:41:13] DEMO_PORTFOLIO_SKIP | LTS_AHR2_457 skipped - hour 22 != 14
[2026-09-17 22:41:13] DEMO_PORTFOLIO_SKIP | LTS_AHR2_459 skipped - hour 22 != 12
[2026-09-17 22:41:13] DEMO_PORTFOLIO_SKIP | LTS_AHR2_460 skipped - hour 22 != 8
[2026-09-17 22:41:13] DEMO_PORTFOLIO_SKIP | LTS_AHR2_461 skipped - hour 22 != 14
[2026-09-17 22:41:13] DEMO_PORTFOLIO_SKIP | LTS_AHR2_463 skipped - hour 22 != 9
[2026-09-17 22:41:13] DEMO_PORTFOLIO_SKIP | LTS_AHR2_464 skipped - hour 22 != 8
[2026-09-17 22:41:13] DEMO_PORTFOLIO_SKIP | LTS_AHR2_465 skipped - hour 22 != 14
[2026-09-17 22:41:13] DEMO_PORTFOLIO_SKIP | LTS_AHR2_467 skipped - hour 22 != 12
[2026-09-17 22:41:13] DEMO_PORTFOLIO_SKIP | LTS_AHR2_468 skipped - hour 22 != 8
[2026-09-17 22:41:13] DEMO_PORTFOLIO_SKIP | LTS_AHR2_469 skipped - hour 22 != 14
[2026-09-17 22:41:13] DEMO_PORTFOLIO_SKIP | LTS_AHR2_472 skipped - hour 22 != 9
[2026-09-17 22:41:13] DEMO_PORTFOLIO_SKIP | LTS_AHR2_473 skipped - hour 22 != 8
[2026-09-17 22:41:13] DEMO_PORTFOLIO_SKIP | LTS_AHR2_474 skipped - hour 22 != 14
[2026-09-17 22:41:13] DEMO_PORTFOLIO_SKIP | LTS_AHR2_476 skipped - hour 22 != 12
[2026-09-17 22:41:13] DEMO_PORTFOLIO_SKIP | LTS_AHR2_477 skipped - hour 22 != 8
[2026-09-17 22:41:13] DEMO_PORTFOLIO_SKIP | LTS_AHR2_478 skipped - hour 22 != 14
[2026-09-17 22:41:13] DEMO_PORTFOLIO_SKIP | LTS_AHR2_480 skipped - hour 22 != 9
[2026-09-17 22:41:13] DEMO_PORTFOLIO_SKIP | LTS_AHR2_481 skipped - hour 22 != 8
[2026-09-17 22:41:13] DEMO_PORTFOLIO_SKIP | LTS_AHR2_482 skipped - hour 22 != 14
[2026-09-17 22:41:13] DEMO_PORTFOLIO_SKIP | LTS_AHR2_484 skipped - hour 22 != 12
[2026-09-17 22:41:13] DEMO_PORTFOLIO_SKIP | LTS_AHR2_485 skipped - hour 22 != 8
[2026-09-17 22:41:13] DEMO_PORTFOLIO_SKIP | LTS_AHR2_486 skipped - hour 22 != 14
[2026-09-17 22:41:13] DEMO_PORTFOLIO_SKIP | LTS_AHR2_488 skipped - hour 22 != 9
[2026-09-17 22:41:13] DEMO_PORTFOLIO_SKIP | LTS_AHR2_489 skipped - hour 22 != 8
[2026-09-17 22:41:13] DEMO_PORTFOLIO_SKIP | LTS_AHR2_490 skipped - hour 22 != 14
[2026-09-17 22:41:13] DEMO_PORTFOLIO_SKIP | LTS_AHR2_492 skipped - hour 22 != 12
[2026-09-17 22:41:13] DEMO_PORTFOLIO_SKIP | LTS_AHR2_493 skipped - hour 22 != 8
[2026-09-17 22:41:13] DEMO_PORTFOLIO_SKIP | LTS_AHR2_494 skipped - hour 22 != 14
[2026-09-17 22:41:13] DEMO_PORTFOLIO_SKIP | LTS_AHR2_496 skipped - hour 22 != 9
[2026-09-17 22:41:13] DEMO_PORTFOLIO_SKIP | LTS_AHR2_497 skipped - hour 22 != 8
[2026-09-17 22:41:13] DEMO_PORTFOLIO_SKIP | LTS_AHR2_498 skipped - hour 22 != 14
[2026-09-17 22:41:13] DEMO_PORTFOLIO_SKIP | LTS_AHR2_500 skipped - hour 22 != 12
[2026-09-17 22:41:13] DEMO_PORTFOLIO_SKIP | LTS_AHR2_501 skipped - hour 22 != 8
[2026-09-17 22:41:13] DEMO_PORTFOLIO_SKIP | LTS_AHR2_502 skipped - hour 22 != 14
[2026-09-17 22:41:13] DEMO_PORTFOLIO_SKIP | LTS_AHR2_504 skipped - hour 22 != 9
[2026-09-17 22:41:13] DEMO_PORTFOLIO_SKIP | LTS_AHR2_505 skipped - hour 22 != 8
[2026-09-17 22:41:13] DEMO_PORTFOLIO_SKIP | LTS_AHR2_506 skipped - hour 22 != 14
[2026-09-17 22:41:13] DEMO_PORTFOLIO_SKIP | LTS_AHR2_508 skipped - hour 22 != 12
[2026-09-17 22:41:14] DEMO_PORTFOLIO_SKIP | LTS_AHR2_509 skipped - hour 22 != 8
[2026-09-17 22:41:14] DEMO_PORTFOLIO_SKIP | LTS_AHR2_510 skipped - hour 22 != 14
[2026-09-17 22:41:14] DEMO_PORTFOLIO_SKIP | LTS_AHR2_512 skipped - hour 22 != 9
[2026-09-17 22:41:14] DEMO_PORTFOLIO_SKIP | LTS_AHR2_513 skipped - hour 22 != 8
[2026-09-17 22:41:14] DEMO_PORTFOLIO_SKIP | LTS_AHR2_514 skipped - hour 22 != 14
[2026-09-17 22:41:14] DEMO_PORTFOLIO_SKIP | LTS_AHR2_516 skipped - hour 22 != 12
[2026-09-17 22:41:14] DEMO_PORTFOLIO_SKIP | LTS_AHR2_517 skipped - hour 22 != 8
[2026-09-17 22:41:14] DEMO_PORTFOLIO_SKIP | LTS_AHR2_518 skipped - hour 22 != 14
[2026-09-17 22:41:14] DEMO_PORTFOLIO_SKIP | LTS_AHR2_520 skipped - hour 22 != 9
[2026-09-17 22:41:14] DEMO_PORTFOLIO_SKIP | LTS_AHR2_521 skipped - hour 22 != 8
[2026-09-17 22:41:14] DEMO_PORTFOLIO_SKIP | LTS_AHR2_522 skipped - hour 22 != 14
[2026-09-17 22:41:14] DEMO_PORTFOLIO_SKIP | LTS_AHR2_524 skipped - hour 22 != 12
[2026-09-17 22:41:14] DEMO_PORTFOLIO_SKIP | LTS_AHR2_525 skipped - hour 22 != 8
[2026-09-17 22:41:14] DEMO_PORTFOLIO_SKIP | LTS_AHR2_526 skipped - hour 22 != 14
[2026-09-17 22:41:14] DEMO_PORTFOLIO_SKIP | LTS_AHR2_528 skipped - hour 22 != 9
[2026-09-17 22:41:14] DEMO_PORTFOLIO_SKIP | LTS_AHR2_529 skipped - hour 22 != 8
[2026-09-17 22:41:14] DEMO_PORTFOLIO_SKIP | LTS_AHR2_530 skipped - hour 22 != 14
[2026-09-17 22:41:14] DEMO_PORTFOLIO_SKIP | LTS_AHR2_532 skipped - hour 22 != 12
[2026-09-17 22:41:14] DEMO_PORTFOLIO_SKIP | LTS_AHR2_533 skipped - hour 22 != 8
[2026-09-17 22:41:14] DEMO_PORTFOLIO_SKIP | LTS_AHR2_534 skipped - hour 22 != 14
[2026-09-17 22:41:14] DEMO_PORTFOLIO_SKIP | LTS_AHR2_536 skipped - hour 22 != 9
[2026-09-17 22:41:14] DEMO_PORTFOLIO_SKIP | LTS_AHR2_537 skipped - hour 22 != 8
[2026-09-17 22:41:14] DEMO_PORTFOLIO_SKIP | LTS_AHR2_538 skipped - hour 22 != 14
[2026-09-17 22:41:14] DEMO_PORTFOLIO_SKIP | LTS_AHR2_540 skipped - hour 22 != 12
[2026-09-17 22:41:14] DEMO_PORTFOLIO_SKIP | LTS_AHR2_541 skipped - hour 22 != 8
[2026-09-17 22:41:14] DEMO_PORTFOLIO_SKIP | LTS_AHR2_542 skipped - hour 22 != 14
[2026-09-17 22:41:14] DEMO_PORTFOLIO_SKIP | LTS_AHR2_544 skipped - hour 22 != 9
[2026-09-17 22:41:14] DEMO_PORTFOLIO_SKIP | LTS_AHR2_545 skipped - hour 22 != 8
[2026-09-17 22:41:14] DEMO_PORTFOLIO_SKIP | LTS_AHR2_546 skipped - hour 22 != 14
[2026-09-17 22:41:14] DEMO_PORTFOLIO_SKIP | LTS_AHR2_548 skipped - hour 22 != 12
[2026-09-17 22:41:14] DEMO_PORTFOLIO_SKIP | LTS_AHR2_549 skipped - hour 22 != 8
[2026-09-17 22:41:14] DEMO_PORTFOLIO_SKIP | LTS_AHR2_550 skipped - hour 22 != 14
[2026-09-17 22:41:14] DEMO_PORTFOLIO_SKIP | LTS_AHR2_552 skipped - hour 22 != 9
[2026-09-17 22:41:14] DEMO_PORTFOLIO_SKIP | LTS_AHR2_553 skipped - hour 22 != 8
[2026-09-17 22:41:15] DEMO_PORTFOLIO_SKIP | LTS_AHR2_554 skipped - hour 22 != 14
[2026-09-17 22:41:15] DEMO_PORTFOLIO_SKIP | LTS_AHR2_556 skipped - hour 22 != 12
[2026-09-17 22:41:15] DEMO_PORTFOLIO_SKIP | LTS_AHR2_557 skipped - hour 22 != 8
[2026-09-17 22:41:15] DEMO_PORTFOLIO_SKIP | LTS_AHR2_558 skipped - hour 22 != 14
[2026-09-17 22:41:15] DEMO_PORTFOLIO_SKIP | LTS_AHR2_560 skipped - hour 22 != 9
[2026-09-17 22:41:15] DEMO_PORTFOLIO_SKIP | LTS_AHR2_561 skipped - hour 22 != 8
[2026-09-17 22:41:15] DEMO_PORTFOLIO_SKIP | LTS_AHR2_562 skipped - hour 22 != 14
[2026-09-17 22:41:15] DEMO_PORTFOLIO_SKIP | LTS_AHR2_564 skipped - hour 22 != 12
[2026-09-17 22:41:15] DEMO_PORTFOLIO_SKIP | LTS_AHR2_565 skipped - hour 22 != 8
[2026-09-17 22:41:15] DEMO_PORTFOLIO_SKIP | LTS_AHR2_566 skipped - hour 22 != 14
[2026-09-17 22:41:15] DEMO_PORTFOLIO_SKIP | LTS_AHR2_568 skipped - hour 22 != 9
[2026-09-17 22:41:15] DEMO_PORTFOLIO_SKIP | LTS_AHR2_569 skipped - hour 22 != 8
[2026-09-17 22:41:15] DEMO_PORTFOLIO_SKIP | LTS_AHR2_570 skipped - hour 22 != 14
[2026-09-17 22:41:15] DEMO_PORTFOLIO_SKIP | LTS_AHR2_572 skipped - hour 22 != 12
[2026-09-17 22:41:15] DEMO_PORTFOLIO_SKIP | LTS_AHR2_573 skipped - hour 22 != 9
[2026-09-17 22:41:15] DEMO_PORTFOLIO_SKIP | LTS_AHR2_574 skipped - hour 22 != 8
[2026-09-17 22:41:15] DEMO_PORTFOLIO_SKIP | LTS_AHR2_575 skipped - hour 22 != 14
[2026-09-17 22:41:15] DEMO_PORTFOLIO_SKIP | LTS_AHR2_577 skipped - hour 22 != 12
[2026-09-17 22:41:15] DEMO_PORTFOLIO_SKIP | LTS_AHR2_578 skipped - hour 22 != 8
[2026-09-17 22:41:15] DEMO_PORTFOLIO_SKIP | LTS_AHR2_579 skipped - hour 22 != 14
[2026-09-17 22:41:15] DEMO_PORTFOLIO_SKIP | LTS_AHR2_581 skipped - hour 22 != 9
[2026-09-17 22:41:15] DEMO_PORTFOLIO_SKIP | LTS_AHR2_582 skipped - hour 22 != 8
[2026-09-17 22:41:15] DEMO_PORTFOLIO_SKIP | LTS_AHR2_583 skipped - hour 22 != 14
[2026-09-17 22:41:15] DEMO_PORTFOLIO_SKIP | LTS_AHR2_585 skipped - hour 22 != 12
[2026-09-17 22:41:15] DEMO_PORTFOLIO_SKIP | LTS_AHR2_586 skipped - hour 22 != 8
[2026-09-17 22:41:15] DEMO_PORTFOLIO_SKIP | LTS_AHR2_587 skipped - hour 22 != 14
[2026-09-17 22:41:15] DEMO_PORTFOLIO_SKIP | LTS_AHR2_589 skipped - hour 22 != 9
[2026-09-17 22:41:15] DEMO_PORTFOLIO_SKIP | LTS_AHR2_590 skipped - hour 22 != 8
[2026-09-17 22:41:15] DEMO_PORTFOLIO_SKIP | LTS_AHR2_591 skipped - hour 22 != 14
[2026-09-17 22:41:15] DEMO_PORTFOLIO_SKIP | LTS_AHR2_593 skipped - hour 22 != 12
[2026-09-17 22:41:15] DEMO_PORTFOLIO_SKIP | LTS_AHR2_594 skipped - hour 22 != 8
[2026-09-17 22:41:15] DEMO_PORTFOLIO_SKIP | LTS_AHR2_595 skipped - hour 22 != 14
[2026-09-17 22:41:15] DEMO_PORTFOLIO_SKIP | LTS_AHR2_597 skipped - hour 22 != 9
[2026-09-17 22:41:15] DEMO_PORTFOLIO_SKIP | LTS_AHR2_598 skipped - hour 22 != 8
[2026-09-17 22:41:15] DEMO_PORTFOLIO_SKIP | LTS_AHR2_599 skipped - hour 22 != 14
[2026-09-17 22:41:15] TG_SENT | Demo Portfolio LTS_AHR2_64 order failed: 10034 — Volume limit reached
[2026-09-17 22:41:15] DEMO_PORTFOLIO_SKIP | LTS_AHR2_601 skipped - hour 22 != 12
[2026-09-17 22:41:16] DEMO_PORTFOLIO_SKIP | LTS_AHR2_602 skipped - hour 22 != 8
[2026-09-17 22:41:16] DEMO_PORTFOLIO_SKIP | LTS_AHR2_603 skipped - hour 22 != 14
[2026-09-17 22:41:16] DEMO_PORTFOLIO_SKIP | LTS_AHR2_605 skipped - hour 22 != 9
[2026-09-17 22:41:16] DEMO_PORTFOLIO_SKIP | LTS_AHR2_606 skipped - hour 22 != 8
[2026-09-17 22:41:16] DEMO_PORTFOLIO_SKIP | LTS_AHR2_607 skipped - hour 22 != 14
[2026-09-17 22:41:16] DEMO_PORTFOLIO_SKIP | LTS_AHR2_609 skipped - hour 22 != 12
[2026-09-17 22:41:16] DEMO_PORTFOLIO_SKIP | LTS_AHR2_610 skipped - hour 22 != 8
[2026-09-17 22:41:16] DEMO_PORTFOLIO_SKIP | LTS_AHR2_611 skipped - hour 22 != 14
[2026-09-17 22:41:16] DEMO_PORTFOLIO_SKIP | LTS_AHR2_612 skipped - hour 22 != 9
[2026-09-17 22:41:16] DEMO_PORTFOLIO_SKIP | LTS_AHR2_613 skipped - hour 22 != 9
[2026-09-17 22:41:16] DEMO_PORTFOLIO_SKIP | LTS_AHR2_614 skipped - hour 22 != 14
[2026-09-17 22:41:16] DEMO_PORTFOLIO_SKIP | LTS_AHR2_616 skipped - hour 22 != 12
[2026-09-17 22:41:16] DEMO_PORTFOLIO_SKIP | LTS_AHR2_617 skipped - hour 22 != 8
[2026-09-17 22:41:16] DEMO_PORTFOLIO_SKIP | LTS_AHR2_618 skipped - hour 22 != 14
[2026-09-17 22:41:16] DEMO_PORTFOLIO_SKIP | LTS_AHR2_620 skipped - hour 22 != 12
[2026-09-17 22:41:16] DEMO_PORTFOLIO_SKIP | LTS_AHR2_621 skipped - hour 22 != 8
[2026-09-17 22:41:16] DEMO_PORTFOLIO_SKIP | LTS_AHR2_622 skipped - hour 22 != 14
[2026-09-17 22:41:16] DEMO_PORTFOLIO_SKIP | LTS_AHR2_624 skipped - hour 22 != 9
[2026-09-17 22:41:16] DEMO_PORTFOLIO_SKIP | LTS_AHR2_625 skipped - hour 22 != 8
[2026-09-17 22:41:16] DEMO_PORTFOLIO_SKIP | LTS_AHR2_626 skipped - hour 22 != 14
[2026-09-17 22:41:16] DEMO_PORTFOLIO_SKIP | LTS_AHR2_628 skipped - hour 22 != 12
[2026-09-17 22:41:16] DEMO_PORTFOLIO_SKIP | LTS_AHR2_629 skipped - hour 22 != 8
[2026-09-17 22:41:16] DEMO_PORTFOLIO_SKIP | LTS_AHR2_630 skipped - hour 22 != 14
[2026-09-17 22:41:16] DEMO_PORTFOLIO_SKIP | LTS_AHR2_632 skipped - hour 22 != 9
[2026-09-17 22:41:16] DEMO_PORTFOLIO_SKIP | LTS_AHR2_633 skipped - hour 22 != 8
[2026-09-17 22:41:16] DEMO_PORTFOLIO_SKIP | LTS_AHR2_634 skipped - hour 22 != 14
[2026-09-17 22:41:16] DEMO_PORTFOLIO_SKIP | LTS_AHR2_636 skipped - hour 22 != 12
[2026-09-17 22:41:16] DEMO_PORTFOLIO_SKIP | LTS_AHR2_637 skipped - hour 22 != 8
[2026-09-17 22:41:16] DEMO_PORTFOLIO_SKIP | LTS_AHR2_638 skipped - hour 22 != 14
[2026-09-17 22:41:17] DEMO_PORTFOLIO_SKIP | LTS_AHR2_640 skipped - hour 22 != 9
[2026-09-17 22:41:17] DEMO_PORTFOLIO_SKIP | LTS_AHR2_641 skipped - hour 22 != 8
[2026-09-17 22:41:17] DEMO_PORTFOLIO_SKIP | LTS_AHR2_642 skipped - hour 22 != 14
[2026-09-17 22:41:17] DEMO_PORTFOLIO_SKIP | LTS_AHR2_644 skipped - hour 22 != 12
[2026-09-17 22:41:17] DEMO_PORTFOLIO_SKIP | LTS_AHR2_645 skipped - hour 22 != 8
[2026-09-17 22:41:17] DEMO_PORTFOLIO_SKIP | LTS_AHR2_646 skipped - hour 22 != 14
[2026-09-17 22:41:17] DEMO_PORTFOLIO_SKIP | LTS_AHR2_648 skipped - hour 22 != 9
[2026-09-17 22:41:17] DEMO_PORTFOLIO_SKIP | LTS_AHR2_649 skipped - hour 22 != 8
[2026-09-17 22:41:17] DEMO_PORTFOLIO_SKIP | LTS_AHR2_650 skipped - hour 22 != 14
[2026-09-17 22:41:17] DEMO_PORTFOLIO_SKIP | LTS_AHR2_652 skipped - hour 22 != 12
[2026-09-17 22:41:17] DEMO_PORTFOLIO_SKIP | LTS_AHR2_653 skipped - hour 22 != 8
[2026-09-17 22:41:17] DEMO_PORTFOLIO_SKIP | LTS_AHR2_654 skipped - hour 22 != 14
[2026-09-17 22:41:17] DEMO_PORTFOLIO_SKIP | LTS_AHR2_656 skipped - hour 22 != 9
[2026-09-17 22:41:17] DEMO_PORTFOLIO_SKIP | LTS_AHR2_657 skipped - hour 22 != 8
[2026-09-17 22:41:17] DEMO_PORTFOLIO_SKIP | LTS_AHR2_658 skipped - hour 22 != 14
[2026-09-17 22:41:17] DEMO_PORTFOLIO_SKIP | LTS_AHR2_659 skipped - hour 22 != 12
[2026-09-17 22:41:17] DEMO_PORTFOLIO_SKIP | LTS_AHR2_660 skipped - hour 22 != 9
[2026-09-17 22:41:17] DEMO_PORTFOLIO_SKIP | LTS_AHR2_661 skipped - hour 22 != 14
[2026-09-17 22:41:17] DEMO_PORTFOLIO_SKIP | LTS_AHR2_663 skipped - hour 22 != 12
[2026-09-17 22:41:17] DEMO_PORTFOLIO_SKIP | LTS_AHR2_664 skipped - hour 22 != 8
[2026-09-17 22:41:17] DEMO_PORTFOLIO_SKIP | LTS_AHR2_665 skipped - hour 22 != 14
[2026-09-17 22:41:17] DEMO_PORTFOLIO_SCAN | XAUUSD.iux done active=LTS_AHR2
[2026-09-17 22:41:19] TG_SENT | Demo Portfolio LTS_AHR2_134 order failed: 10034 — Volume limit reached
[2026-09-17 22:41:23] TG_SENT | Demo Portfolio LTS_AHR2_192 order failed: 10034 — Volume limit reached
[2026-09-17 22:41:27] TG_SENT | Demo Portfolio LTS_AHR2_284 order failed: 10034 — Volume limit reached
[2026-09-17 22:42:04] SYMBOL_CHECK | XAUUSD.iux trade_mode=4 xau_open=True | trade_mode=4 | tick_time=1789663325 | bid=4365.26 | ask=4365.4 | tick_ok=True | xau_open=True | current_symbol=XAUUSD.iux | startup=False
[2026-09-17 22:43:04] SYMBOL_CHECK | XAUUSD.iux trade_mode=4 xau_open=True | trade_mode=4 | tick_time=1789663385 | bid=4363.86 | ask=4364.0 | tick_ok=True | xau_open=True | current_symbol=XAUUSD.iux | startup=False
[2026-09-17 22:44:05] SYMBOL_CHECK | XAUUSD.iux trade_mode=4 xau_open=True | trade_mode=4 | tick_time=1789663445 | bid=4365.23 | ask=4365.37 | tick_ok=True | xau_open=True | current_symbol=XAUUSD.iux | startup=False
[2026-09-17 22:45:05] SYMBOL_CHECK | XAUUSD.iux trade_mode=4 xau_open=True | trade_mode=4 | tick_time=1789663505 | bid=4366.1 | ask=4366.24 | tick_ok=True | xau_open=True | current_symbol=XAUUSD.iux | startup=False
[2026-09-17 22:46:05] SYMBOL_CHECK | XAUUSD.iux trade_mode=4 xau_open=True | trade_mode=4 | tick_time=1789663565 | bid=4366.27 | ask=4366.41 | tick_ok=True | xau_open=True | current_symbol=XAUUSD.iux | startup=False
[2026-09-17 22:46:05] DEMO_PORTFOLIO_SCAN | XAUUSD.iux open active=LTS_AHR2
[2026-09-17 22:46:05] DEMO_PORTFOLIO_PENDING_ARM | LTS_AHR2_667 BUY entry=4365.77 sl=4326.072857142857 tp=4445.164285714287 lot=2.00 expires=5bars
[2026-09-17 22:46:05] DEMO_PORTFOLIO_PENDING_ARM | LTS_AHR2_668 SELL entry=4365.77 sl=4445.164285714287 tp=4326.072857142857 lot=2.00 expires=5bars
[2026-09-17 22:46:05] DEMO_PORTFOLIO_PENDING_FILL | LTS_AHR2_668 SELL lot=2.00 entry=4365.77 sl=4445.164285714287 tp=4326.072857142857 success=True ticket=587356345 err=None
[2026-09-17 22:46:05] DEMO_PORTFOLIO_SCAN | XAUUSD.iux done active=LTS_AHR2
[2026-09-17 22:46:06] TG_SENT | [AF SIGNAL] *🔥✨ Avengers High Risk v2* | Leg: `LTS_AHR2_668 INVERSE_S96_M15` | SELL @ pending-fill market lot `2.00` | Entry `4365.77` SL `4445.16` TP `4326.07` | Ticket: `587356345`
[2026-09-17 22:47:04] SYMBOL_CHECK | XAUUSD.iux trade_mode=4 xau_open=True | trade_mode=4 | tick_time=1789663625 | bid=4364.42 | ask=4364.56 | tick_ok=True | xau_open=True | current_symbol=XAUUSD.iux | startup=False
[2026-09-17 22:48:05] SYMBOL_CHECK | XAUUSD.iux trade_mode=4 xau_open=True | trade_mode=4 | tick_time=1789663685 | bid=4364.71 | ask=4364.85 | tick_ok=True | xau_open=True | current_symbol=XAUUSD.iux | startup=False
[2026-09-17 22:49:04] SYMBOL_CHECK | XAUUSD.iux trade_mode=4 xau_open=True | trade_mode=4 | tick_time=1789663745 | bid=4365.05 | ask=4365.19 | tick_ok=True | xau_open=True | current_symbol=XAUUSD.iux | startup=False
[2026-09-17 22:50:05] SYMBOL_CHECK | XAUUSD.iux trade_mode=4 xau_open=True | trade_mode=4 | tick_time=1789663805 | bid=4366.54 | ask=4366.68 | tick_ok=True | xau_open=True | current_symbol=XAUUSD.iux | startup=False
[2026-09-17 22:51:05] SYMBOL_CHECK | XAUUSD.iux trade_mode=4 xau_open=True | trade_mode=4 | tick_time=1789663865 | bid=4364.37 | ask=4364.51 | tick_ok=True | xau_open=True | current_symbol=XAUUSD.iux | startup=False
[2026-09-17 22:51:05] DEMO_PORTFOLIO_SCAN | XAUUSD.iux open active=LTS_AHR2
[2026-09-17 22:51:05] DEMO_PORTFOLIO_PENDING_FILL | LTS_AHR2_667 BUY lot=2.00 entry=4365.77 sl=4326.072857142857 tp=4445.164285714287 success=False ticket=None err=10034 — Volume limit reached
[2026-09-17 22:51:05] DEMO_PORTFOLIO_SCAN | XAUUSD.iux done active=LTS_AHR2
[2026-09-17 22:51:06] TG_SENT | Demo Portfolio LTS_AHR2_667 pending-fill failed: 10034 — Volume limit reached
[2026-09-17 22:52:05] SYMBOL_CHECK | XAUUSD.iux trade_mode=4 xau_open=True | trade_mode=4 | tick_time=1789663925 | bid=4366.79 | ask=4366.93 | tick_ok=True | xau_open=True | current_symbol=XAUUSD.iux | startup=False
[2026-09-17 22:53:05] SYMBOL_CHECK | XAUUSD.iux trade_mode=4 xau_open=True | trade_mode=4 | tick_time=1789663985 | bid=4366.57 | ask=4366.71 | tick_ok=True | xau_open=True | current_symbol=XAUUSD.iux | startup=False
[2026-09-17 22:54:05] SYMBOL_CHECK | XAUUSD.iux trade_mode=4 xau_open=True | trade_mode=4 | tick_time=1789664045 | bid=4365.76 | ask=4365.9 | tick_ok=True | xau_open=True | current_symbol=XAUUSD.iux | startup=False
[2026-09-17 22:55:05] SYMBOL_CHECK | XAUUSD.iux trade_mode=4 xau_open=True | trade_mode=4 | tick_time=1789664105 | bid=4365.79 | ask=4365.93 | tick_ok=True | xau_open=True | current_symbol=XAUUSD.iux | startup=False
[2026-09-17 22:56:04] SYMBOL_CHECK | XAUUSD.iux trade_mode=4 xau_open=True | trade_mode=4 | tick_time=1789664164 | bid=4366.51 | ask=4366.65 | tick_ok=True | xau_open=True | current_symbol=XAUUSD.iux | startup=False
[2026-09-17 22:56:04] DEMO_PORTFOLIO_SCAN | XAUUSD.iux open active=LTS_AHR2
[2026-09-17 22:56:04] DEMO_PORTFOLIO_SCAN | XAUUSD.iux done active=LTS_AHR2
[2026-09-17 22:57:05] SYMBOL_CHECK | XAUUSD.iux trade_mode=4 xau_open=True | trade_mode=4 | tick_time=1789664225 | bid=4366.52 | ask=4366.66 | tick_ok=True | xau_open=True | current_symbol=XAUUSD.iux | startup=False
[2026-09-17 22:58:04] SYMBOL_CHECK | XAUUSD.iux trade_mode=4 xau_open=True | trade_mode=4 | tick_time=1789664285 | bid=4366.76 | ask=4366.9 | tick_ok=True | xau_open=True | current_symbol=XAUUSD.iux | startup=False
[2026-09-17 22:59:05] SYMBOL_CHECK | XAUUSD.iux trade_mode=4 xau_open=True | trade_mode=4 | tick_time=1789664345 | bid=4367.89 | ask=4368.03 | tick_ok=True | xau_open=True | current_symbol=XAUUSD.iux | startup=False
[2026-09-17 23:00:00] DAILY_SUMMARY | sent | realized=64410.0 | count=20
[2026-09-17 23:00:00] TG_SENT | 📊 *สรุปผลประจำวัน — 2026-09-17* | ━━━━━━━━━━━━━━━━━ | 💼 Balance: `619010.88` | Equity: `679852.88` | 💰 Realized P/L: `64410.00` USD | 🔢 จำนวนไม้: `20` (✅9 / ❌11) | 🎯 Win Rate: `45.0%` | 📈 รวมกำไร: `241780.00` | 📉 รวมขาดทุน: `-177370.00` | ⚙️ Auto: 🟢ON
[2026-09-17 23:00:05] SYMBOL_CHECK | XAUUSD.iux trade_mode=4 xau_open=True | trade_mode=4 | tick_time=1789664405 | bid=4370.33 | ask=4370.47 | tick_ok=True | xau_open=True | current_symbol=XAUUSD.iux | startup=False
[2026-09-17 23:01:05] SYMBOL_CHECK | XAUUSD.iux trade_mode=4 xau_open=True | trade_mode=4 | tick_time=1789664465 | bid=4371.88 | ask=4372.02 | tick_ok=True | xau_open=True | current_symbol=XAUUSD.iux | startup=False
[2026-09-17 23:01:05] DEMO_PORTFOLIO_SCAN | XAUUSD.iux open active=LTS_AHR2
[2026-09-17 23:01:05] DEMO_PORTFOLIO_PENDING_ARM | LTS_AHR2_667 BUY entry=4370.0 sl=4335.193214285714 tp=4439.613571428572 lot=2.00 expires=5bars
[2026-09-17 23:01:05] DEMO_PORTFOLIO_PENDING_ARM | LTS_AHR2_668 SELL entry=4370.0 sl=4439.613571428572 tp=4335.193214285714 lot=2.00 expires=5bars
[2026-09-17 23:01:05] DEMO_PORTFOLIO_PENDING_FILL | LTS_AHR2_668 SELL lot=2.00 entry=4370.0 sl=4439.613571428572 tp=4335.193214285714 success=True ticket=587363810 err=None
[2026-09-17 23:01:05] DEMO_PORTFOLIO_PENDING_ARM | LTS_AHR2_675 BUY entry=4370.0 sl=4330.762500000001 tp=4448.4749999999985 lot=2.00 expires=5bars
[2026-09-17 23:01:05] DEMO_PORTFOLIO_PENDING_ARM | LTS_AHR2_676 SELL entry=4370.0 sl=4448.4749999999985 tp=4330.762500000001 lot=2.00 expires=5bars
[2026-09-17 23:01:05] DEMO_PORTFOLIO_PENDING_FILL | LTS_AHR2_676 SELL lot=2.00 entry=4370.0 sl=4448.4749999999985 tp=4330.762500000001 success=True ticket=587363811 err=None
[2026-09-17 23:01:05] DEMO_PORTFOLIO_SCAN | XAUUSD.iux done active=LTS_AHR2
[2026-09-17 23:01:06] TG_SENT | [AF SIGNAL] *🔥✨ Avengers High Risk v2* | Leg: `LTS_AHR2_668 INVERSE_S96_M15` | SELL @ pending-fill market lot `2.00` | Entry `4370.00` SL `4439.61` TP `4335.19` | Ticket: `587363810`
[2026-09-17 23:01:10] TG_SENT | [AF SIGNAL] *🔥✨ Avengers High Risk v2* | Leg: `LTS_AHR2_676 INVERSE_S96_H1` | SELL @ pending-fill market lot `2.00` | Entry `4370.00` SL `4448.47` TP `4330.76` | Ticket: `587363811`
[2026-09-17 23:02:05] SYMBOL_CHECK | XAUUSD.iux trade_mode=4 xau_open=True | trade_mode=4 | tick_time=1789664525 | bid=4371.69 | ask=4371.83 | tick_ok=True | xau_open=True | current_symbol=XAUUSD.iux | startup=False
[2026-09-17 23:03:05] SYMBOL_CHECK | XAUUSD.iux trade_mode=4 xau_open=True | trade_mode=4 | tick_time=1789664585 | bid=4371.18 | ask=4371.32 | tick_ok=True | xau_open=True | current_symbol=XAUUSD.iux | startup=False
[2026-09-17 23:04:05] SYMBOL_CHECK | XAUUSD.iux trade_mode=4 xau_open=True | trade_mode=4 | tick_time=1789664645 | bid=4370.15 | ask=4370.29 | tick_ok=True | xau_open=True | current_symbol=XAUUSD.iux | startup=False
[2026-09-17 23:05:05] SYMBOL_CHECK | XAUUSD.iux trade_mode=4 xau_open=True | trade_mode=4 | tick_time=1789664704 | bid=4370.81 | ask=4370.95 | tick_ok=True | xau_open=True | current_symbol=XAUUSD.iux | startup=False
[2026-09-17 23:06:05] SYMBOL_CHECK | XAUUSD.iux trade_mode=4 xau_open=True | trade_mode=4 | tick_time=1789664765 | bid=4370.15 | ask=4370.29 | tick_ok=True | xau_open=True | current_symbol=XAUUSD.iux | startup=False
[2026-09-17 23:06:05] DEMO_PORTFOLIO_SCAN | XAUUSD.iux open active=LTS_AHR2
[2026-09-17 23:06:05] DEMO_PORTFOLIO_SCAN | XAUUSD.iux done active=LTS_AHR2
[2026-09-17 23:07:05] SYMBOL_CHECK | XAUUSD.iux trade_mode=4 xau_open=True | trade_mode=4 | tick_time=1789664824 | bid=4369.2 | ask=4369.34 | tick_ok=True | xau_open=True | current_symbol=XAUUSD.iux | startup=False
[2026-09-17 23:08:05] SYMBOL_CHECK | XAUUSD.iux trade_mode=4 xau_open=True | trade_mode=4 | tick_time=1789664885 | bid=4369.75 | ask=4369.89 | tick_ok=True | xau_open=True | current_symbol=XAUUSD.iux | startup=False
[2026-09-17 23:09:05] SYMBOL_CHECK | XAUUSD.iux trade_mode=4 xau_open=True | trade_mode=4 | tick_time=1789664945 | bid=4367.95 | ask=4368.09 | tick_ok=True | xau_open=True | current_symbol=XAUUSD.iux | startup=False
[2026-09-17 23:10:05] SYMBOL_CHECK | XAUUSD.iux trade_mode=4 xau_open=True | trade_mode=4 | tick_time=1789665005 | bid=4370.37 | ask=4370.51 | tick_ok=True | xau_open=True | current_symbol=XAUUSD.iux | startup=False
[2026-09-17 23:11:05] SYMBOL_CHECK | XAUUSD.iux trade_mode=4 xau_open=True | trade_mode=4 | tick_time=1789665065 | bid=4368.89 | ask=4369.03 | tick_ok=True | xau_open=True | current_symbol=XAUUSD.iux | startup=False
[2026-09-17 23:11:05] DEMO_PORTFOLIO_SCAN | XAUUSD.iux open active=LTS_AHR2
[2026-09-17 23:11:05] DEMO_PORTFOLIO_PENDING_FILL | LTS_AHR2_667 BUY lot=2.00 entry=4370.0 sl=4335.193214285714 tp=4439.613571428572 success=False ticket=None err=10034 — Volume limit reached
[2026-09-17 23:11:05] DEMO_PORTFOLIO_PENDING_FILL | LTS_AHR2_675 BUY lot=2.00 entry=4370.0 sl=4330.762500000001 tp=4448.4749999999985 success=False ticket=None err=10034 — Volume limit reached
[2026-09-17 23:11:05] DEMO_PORTFOLIO_SCAN | XAUUSD.iux done active=LTS_AHR2
[2026-09-17 23:11:06] TG_SENT | Demo Portfolio LTS_AHR2_667 pending-fill failed: 10034 — Volume limit reached
[2026-09-17 23:11:10] TG_SENT | Demo Portfolio LTS_AHR2_675 pending-fill failed: 10034 — Volume limit reached
[2026-09-17 23:12:05] SYMBOL_CHECK | XAUUSD.iux trade_mode=4 xau_open=True | trade_mode=4 | tick_time=1789665125 | bid=4368.74 | ask=4368.88 | tick_ok=True | xau_open=True | current_symbol=XAUUSD.iux | startup=False
[2026-09-17 23:13:05] SYMBOL_CHECK | XAUUSD.iux trade_mode=4 xau_open=True | trade_mode=4 | tick_time=1789665185 | bid=4367.82 | ask=4367.96 | tick_ok=True | xau_open=True | current_symbol=XAUUSD.iux | startup=False
[2026-09-17 23:14:05] SYMBOL_CHECK | XAUUSD.iux trade_mode=4 xau_open=True | trade_mode=4 | tick_time=1789665244 | bid=4367.95 | ask=4368.09 | tick_ok=True | xau_open=True | current_symbol=XAUUSD.iux | startup=False
[2026-09-17 23:15:05] SYMBOL_CHECK | XAUUSD.iux trade_mode=4 xau_open=True | trade_mode=4 | tick_time=1789665305 | bid=4368.24 | ask=4368.38 | tick_ok=True | xau_open=True | current_symbol=XAUUSD.iux | startup=False
[2026-09-17 23:16:04] SYMBOL_CHECK | XAUUSD.iux trade_mode=4 xau_open=True | trade_mode=4 | tick_time=1789665365 | bid=4366.86 | ask=4367.0 | tick_ok=True | xau_open=True | current_symbol=XAUUSD.iux | startup=False
[2026-09-17 23:16:05] DEMO_PORTFOLIO_SCAN | XAUUSD.iux open active=LTS_AHR2
[2026-09-17 23:16:05] DEMO_PORTFOLIO_SCAN | XAUUSD.iux done active=LTS_AHR2
[2026-09-17 23:17:05] SYMBOL_CHECK | XAUUSD.iux trade_mode=4 xau_open=True | trade_mode=4 | tick_time=1789665425 | bid=4367.79 | ask=4367.93 | tick_ok=True | xau_open=True | current_symbol=XAUUSD.iux | startup=False
[2026-09-17 23:18:05] SYMBOL_CHECK | XAUUSD.iux trade_mode=4 xau_open=True | trade_mode=4 | tick_time=1789665485 | bid=4367.15 | ask=4367.29 | tick_ok=True | xau_open=True | current_symbol=XAUUSD.iux | startup=False
[2026-09-17 23:19:05] SYMBOL_CHECK | XAUUSD.iux trade_mode=4 xau_open=True | trade_mode=4 | tick_time=1789665545 | bid=4366.69 | ask=4366.83 | tick_ok=True | xau_open=True | current_symbol=XAUUSD.iux | startup=False
[2026-09-17 23:20:05] SYMBOL_CHECK | XAUUSD.iux trade_mode=4 xau_open=True | trade_mode=4 | tick_time=1789665605 | bid=4367.07 | ask=4367.21 | tick_ok=True | xau_open=True | current_symbol=XAUUSD.iux | startup=False
[2026-09-17 23:21:05] SYMBOL_CHECK | XAUUSD.iux trade_mode=4 xau_open=True | trade_mode=4 | tick_time=1789665664 | bid=4366.91 | ask=4367.05 | tick_ok=True | xau_open=True | current_symbol=XAUUSD.iux | startup=False
[2026-09-17 23:21:05] DEMO_PORTFOLIO_SCAN | XAUUSD.iux open active=LTS_AHR2
[2026-09-17 23:21:05] DEMO_PORTFOLIO_SCAN | XAUUSD.iux done active=LTS_AHR2
[2026-09-17 23:22:03] SYMBOL_CHECK | XAUUSD.iux trade_mode=4 xau_open=True | trade_mode=4 | tick_time=1789665723 | bid=4366.57 | ask=4366.71 | tick_ok=True | xau_open=True | current_symbol=XAUUSD.iux | startup=False
[2026-09-17 23:23:05] SYMBOL_CHECK | XAUUSD.iux trade_mode=4 xau_open=True | trade_mode=4 | tick_time=1789665785 | bid=4367.42 | ask=4367.56 | tick_ok=True | xau_open=True | current_symbol=XAUUSD.iux | startup=False
[2026-09-17 23:24:05] SYMBOL_CHECK | XAUUSD.iux trade_mode=4 xau_open=True | trade_mode=4 | tick_time=1789665845 | bid=4367.88 | ask=4368.02 | tick_ok=True | xau_open=True | current_symbol=XAUUSD.iux | startup=False
[2026-09-17 23:25:05] SYMBOL_CHECK | XAUUSD.iux trade_mode=4 xau_open=True | trade_mode=4 | tick_time=1789665905 | bid=4367.46 | ask=4367.6 | tick_ok=True | xau_open=True | current_symbol=XAUUSD.iux | startup=False
[2026-09-17 23:26:05] SYMBOL_CHECK | XAUUSD.iux trade_mode=4 xau_open=True | trade_mode=4 | tick_time=1789665965 | bid=4364.75 | ask=4364.89 | tick_ok=True | xau_open=True | current_symbol=XAUUSD.iux | startup=False
[2026-09-17 23:26:05] DEMO_PORTFOLIO_SCAN | XAUUSD.iux open active=LTS_AHR2
[2026-09-17 23:26:05] DEMO_PORTFOLIO_SCAN | XAUUSD.iux done active=LTS_AHR2
[2026-09-17 23:27:05] SYMBOL_CHECK | XAUUSD.iux trade_mode=4 xau_open=True | trade_mode=4 | tick_time=1789666025 | bid=4365.58 | ask=4365.72 | tick_ok=True | xau_open=True | current_symbol=XAUUSD.iux | startup=False
[2026-09-17 23:28:05] SYMBOL_CHECK | XAUUSD.iux trade_mode=4 xau_open=True | trade_mode=4 | tick_time=1789666085 | bid=4365.25 | ask=4365.39 | tick_ok=True | xau_open=True | current_symbol=XAUUSD.iux | startup=False
[2026-09-17 23:29:05] SYMBOL_CHECK | XAUUSD.iux trade_mode=4 xau_open=True | trade_mode=4 | tick_time=1789666144 | bid=4366.9 | ask=4367.04 | tick_ok=True | xau_open=True | current_symbol=XAUUSD.iux | startup=False
[2026-09-17 23:30:05] SYMBOL_CHECK | XAUUSD.iux trade_mode=4 xau_open=True | trade_mode=4 | tick_time=1789666205 | bid=4367.37 | ask=4367.51 | tick_ok=True | xau_open=True | current_symbol=XAUUSD.iux | startup=False
[2026-09-17 23:31:05] SYMBOL_CHECK | XAUUSD.iux trade_mode=4 xau_open=True | trade_mode=4 | tick_time=1789666265 | bid=4365.98 | ask=4366.12 | tick_ok=True | xau_open=True | current_symbol=XAUUSD.iux | startup=False
[2026-09-17 23:31:05] DEMO_PORTFOLIO_SCAN | XAUUSD.iux open active=LTS_AHR2
[2026-09-17 23:31:05] DEMO_PORTFOLIO_SCAN | XAUUSD.iux done active=LTS_AHR2
[2026-09-17 23:32:05] SYMBOL_CHECK | XAUUSD.iux trade_mode=4 xau_open=True | trade_mode=4 | tick_time=1789666325 | bid=4363.24 | ask=4363.38 | tick_ok=True | xau_open=True | current_symbol=XAUUSD.iux | startup=False
[2026-09-17 23:33:05] SYMBOL_CHECK | XAUUSD.iux trade_mode=4 xau_open=True | trade_mode=4 | tick_time=1789666385 | bid=4361.9 | ask=4362.04 | tick_ok=True | xau_open=True | current_symbol=XAUUSD.iux | startup=False
[2026-09-17 23:34:05] SYMBOL_CHECK | XAUUSD.iux trade_mode=4 xau_open=True | trade_mode=4 | tick_time=1789666445 | bid=4359.03 | ask=4359.17 | tick_ok=True | xau_open=True | current_symbol=XAUUSD.iux | startup=False
[2026-09-17 23:35:05] SYMBOL_CHECK | XAUUSD.iux trade_mode=4 xau_open=True | trade_mode=4 | tick_time=1789666505 | bid=4358.87 | ask=4359.01 | tick_ok=True | xau_open=True | current_symbol=XAUUSD.iux | startup=False
[2026-09-17 23:36:05] SYMBOL_CHECK | XAUUSD.iux trade_mode=4 xau_open=True | trade_mode=4 | tick_time=1789666565 | bid=4358.37 | ask=4358.51 | tick_ok=True | xau_open=True | current_symbol=XAUUSD.iux | startup=False
[2026-09-17 23:36:05] DEMO_PORTFOLIO_SCAN | XAUUSD.iux open active=LTS_AHR2
[2026-09-17 23:36:05] DEMO_PORTFOLIO_SCAN | XAUUSD.iux done active=LTS_AHR2
[2026-09-17 23:37:05] SYMBOL_CHECK | XAUUSD.iux trade_mode=4 xau_open=True | trade_mode=4 | tick_time=1789666625 | bid=4360.62 | ask=4360.76 | tick_ok=True | xau_open=True | current_symbol=XAUUSD.iux | startup=False
[2026-09-17 23:38:05] SYMBOL_CHECK | XAUUSD.iux trade_mode=4 xau_open=True | trade_mode=4 | tick_time=1789666685 | bid=4360.05 | ask=4360.19 | tick_ok=True | xau_open=True | current_symbol=XAUUSD.iux | startup=False
[2026-09-17 23:39:05] SYMBOL_CHECK | XAUUSD.iux trade_mode=4 xau_open=True | trade_mode=4 | tick_time=1789666745 | bid=4359.48 | ask=4359.62 | tick_ok=True | xau_open=True | current_symbol=XAUUSD.iux | startup=False
[2026-09-17 23:40:05] SYMBOL_CHECK | XAUUSD.iux trade_mode=4 xau_open=True | trade_mode=4 | tick_time=1789666805 | bid=4359.75 | ask=4359.89 | tick_ok=True | xau_open=True | current_symbol=XAUUSD.iux | startup=False
[2026-09-17 23:41:04] SYMBOL_CHECK | XAUUSD.iux trade_mode=4 xau_open=True | trade_mode=4 | tick_time=1789666865 | bid=4359.94 | ask=4360.08 | tick_ok=True | xau_open=True | current_symbol=XAUUSD.iux | startup=False
[2026-09-17 23:41:05] DEMO_PORTFOLIO_SCAN | XAUUSD.iux open active=LTS_AHR2
[2026-09-17 23:41:05] DEMO_PORTFOLIO_SCAN | XAUUSD.iux done active=LTS_AHR2
[2026-09-17 23:42:05] SYMBOL_CHECK | XAUUSD.iux trade_mode=4 xau_open=True | trade_mode=4 | tick_time=1789666925 | bid=4359.97 | ask=4360.11 | tick_ok=True | xau_open=True | current_symbol=XAUUSD.iux | startup=False
[2026-09-17 23:43:05] SYMBOL_CHECK | XAUUSD.iux trade_mode=4 xau_open=True | trade_mode=4 | tick_time=1789666985 | bid=4357.84 | ask=4357.98 | tick_ok=True | xau_open=True | current_symbol=XAUUSD.iux | startup=False
[2026-09-17 23:44:05] SYMBOL_CHECK | XAUUSD.iux trade_mode=4 xau_open=True | trade_mode=4 | tick_time=1789667044 | bid=4358.61 | ask=4358.75 | tick_ok=True | xau_open=True | current_symbol=XAUUSD.iux | startup=False
[2026-09-17 23:45:05] SYMBOL_CHECK | XAUUSD.iux trade_mode=4 xau_open=True | trade_mode=4 | tick_time=1789667104 | bid=4360.08 | ask=4360.22 | tick_ok=True | xau_open=True | current_symbol=XAUUSD.iux | startup=False
[2026-09-17 23:46:04] SYMBOL_CHECK | XAUUSD.iux trade_mode=4 xau_open=True | trade_mode=4 | tick_time=1789667164 | bid=4360.35 | ask=4360.49 | tick_ok=True | xau_open=True | current_symbol=XAUUSD.iux | startup=False
[2026-09-17 23:46:04] DEMO_PORTFOLIO_SCAN | XAUUSD.iux open active=LTS_AHR2
[2026-09-17 23:46:04] DEMO_PORTFOLIO_SCAN | XAUUSD.iux done active=LTS_AHR2
[2026-09-17 23:47:05] SYMBOL_CHECK | XAUUSD.iux trade_mode=4 xau_open=True | trade_mode=4 | tick_time=1789667225 | bid=4360.61 | ask=4360.75 | tick_ok=True | xau_open=True | current_symbol=XAUUSD.iux | startup=False
[2026-09-17 23:48:05] SYMBOL_CHECK | XAUUSD.iux trade_mode=4 xau_open=True | trade_mode=4 | tick_time=1789667283 | bid=4360.93 | ask=4361.07 | tick_ok=True | xau_open=True | current_symbol=XAUUSD.iux | startup=False
[2026-09-17 23:49:05] SYMBOL_CHECK | XAUUSD.iux trade_mode=4 xau_open=True | trade_mode=4 | tick_time=1789667345 | bid=4358.78 | ask=4358.92 | tick_ok=True | xau_open=True | current_symbol=XAUUSD.iux | startup=False
[2026-09-17 23:50:05] SYMBOL_CHECK | XAUUSD.iux trade_mode=4 xau_open=True | trade_mode=4 | tick_time=1789667404 | bid=4357.87 | ask=4358.01 | tick_ok=True | xau_open=True | current_symbol=XAUUSD.iux | startup=False
[2026-09-17 23:51:04] SYMBOL_CHECK | XAUUSD.iux trade_mode=4 xau_open=True | trade_mode=4 | tick_time=1789667465 | bid=4356.61 | ask=4356.75 | tick_ok=True | xau_open=True | current_symbol=XAUUSD.iux | startup=False
[2026-09-17 23:51:05] DEMO_PORTFOLIO_SCAN | XAUUSD.iux open active=LTS_AHR2
[2026-09-17 23:51:05] DEMO_PORTFOLIO_SCAN | XAUUSD.iux done active=LTS_AHR2
[2026-09-17 23:52:04] SYMBOL_CHECK | XAUUSD.iux trade_mode=4 xau_open=True | trade_mode=4 | tick_time=1789667524 | bid=4357.1 | ask=4357.24 | tick_ok=True | xau_open=True | current_symbol=XAUUSD.iux | startup=False
[2026-09-17 23:53:05] SYMBOL_CHECK | XAUUSD.iux trade_mode=4 xau_open=True | trade_mode=4 | tick_time=1789667585 | bid=4359.94 | ask=4360.08 | tick_ok=True | xau_open=True | current_symbol=XAUUSD.iux | startup=False
[2026-09-17 23:54:05] SYMBOL_CHECK | XAUUSD.iux trade_mode=4 xau_open=True | trade_mode=4 | tick_time=1789667645 | bid=4360.74 | ask=4360.88 | tick_ok=True | xau_open=True | current_symbol=XAUUSD.iux | startup=False
[2026-09-17 23:55:04] SYMBOL_CHECK | XAUUSD.iux trade_mode=4 xau_open=True | trade_mode=4 | tick_time=1789667704 | bid=4360.28 | ask=4360.42 | tick_ok=True | xau_open=True | current_symbol=XAUUSD.iux | startup=False
[2026-09-17 23:56:05] SYMBOL_CHECK | XAUUSD.iux trade_mode=4 xau_open=True | trade_mode=4 | tick_time=1789667765 | bid=4357.75 | ask=4357.89 | tick_ok=True | xau_open=True | current_symbol=XAUUSD.iux | startup=False
[2026-09-17 23:56:05] DEMO_PORTFOLIO_SCAN | XAUUSD.iux open active=LTS_AHR2
[2026-09-17 23:56:05] DEMO_PORTFOLIO_SCAN | XAUUSD.iux done active=LTS_AHR2
[2026-09-17 23:57:05] SYMBOL_CHECK | XAUUSD.iux trade_mode=4 xau_open=True | trade_mode=4 | tick_time=1789667825 | bid=4359.66 | ask=4359.8 | tick_ok=True | xau_open=True | current_symbol=XAUUSD.iux | startup=False
[2026-09-17 23:58:04] SYMBOL_CHECK | XAUUSD.iux trade_mode=4 xau_open=True | trade_mode=4 | tick_time=1789667885 | bid=4360.99 | ask=4361.13 | tick_ok=True | xau_open=True | current_symbol=XAUUSD.iux | startup=False
[2026-09-17 23:59:05] SYMBOL_CHECK | XAUUSD.iux trade_mode=4 xau_open=True | trade_mode=4 | tick_time=1789667945 | bid=4361.03 | ask=4361.17 | tick_ok=True | xau_open=True | current_symbol=XAUUSD.iux | startup=False
[2026-09-18 00:01:49] LOG_CLEANUP | ลบ log เก่าเกิน 7 วัน | trimmed=2 | deleted=2 | skipped=0
[2026-09-18 00:02:05] SYMBOL_CHECK | XAUUSD.iux trade_mode=4 xau_open=True | trade_mode=4 | tick_time=1789668125 | bid=4360.73 | ask=4360.87 | tick_ok=True | xau_open=True | current_symbol=XAUUSD.iux | startup=False
[2026-09-18 00:03:05] SYMBOL_CHECK | XAUUSD.iux trade_mode=4 xau_open=True | trade_mode=4 | tick_time=1789668185 | bid=4358.7 | ask=4358.84 | tick_ok=True | xau_open=True | current_symbol=XAUUSD.iux | startup=False
[2026-09-18 00:03:05] WATCHDOG_SCAN_STALL | no scan for 419s
[2026-09-18 00:03:05] TG_SENT | 🚨 *Watchdog: Scan ค้าง* | ไม่มี scan สำเร็จมา `419` วินาที — ตรวจสอบ MT5/บอท
[2026-09-18 00:04:05] SYMBOL_CHECK | XAUUSD.iux trade_mode=4 xau_open=True | trade_mode=4 | tick_time=1789668244 | bid=4359.55 | ask=4359.69 | tick_ok=True | xau_open=True | current_symbol=XAUUSD.iux | startup=False
[2026-09-18 00:05:05] SYMBOL_CHECK | XAUUSD.iux trade_mode=4 xau_open=True | trade_mode=4 | tick_time=1789668305 | bid=4362.89 | ask=4363.03 | tick_ok=True | xau_open=True | current_symbol=XAUUSD.iux | startup=False
[2026-09-18 00:06:05] SYMBOL_CHECK | XAUUSD.iux trade_mode=4 xau_open=True | trade_mode=4 | tick_time=1789668365 | bid=4363.12 | ask=4363.26 | tick_ok=True | xau_open=True | current_symbol=XAUUSD.iux | startup=False
[2026-09-18 00:06:05] DEMO_PORTFOLIO_SCAN | XAUUSD.iux open active=LTS_AHR2
[2026-09-18 00:06:05] DEMO_PORTFOLIO_SCAN | XAUUSD.iux done active=LTS_AHR2
[2026-09-18 00:07:05] SYMBOL_CHECK | XAUUSD.iux trade_mode=4 xau_open=True | trade_mode=4 | tick_time=1789668425 | bid=4364.81 | ask=4364.95 | tick_ok=True | xau_open=True | current_symbol=XAUUSD.iux | startup=False
[2026-09-18 00:07:05] WATCHDOG_SCAN_OK | scan resumed
[2026-09-18 00:07:05] TG_SENT | ✅ *Watchdog: Scan กลับมาทำงานปกติ*
[2026-09-18 00:08:05] SYMBOL_CHECK | XAUUSD.iux trade_mode=4 xau_open=True | trade_mode=4 | tick_time=1789668485 | bid=4365.36 | ask=4365.5 | tick_ok=True | xau_open=True | current_symbol=XAUUSD.iux | startup=False
[2026-09-18 00:09:05] SYMBOL_CHECK | XAUUSD.iux trade_mode=4 xau_open=True | trade_mode=4 | tick_time=1789668545 | bid=4363.25 | ask=4363.39 | tick_ok=True | xau_open=True | current_symbol=XAUUSD.iux | startup=False
[2026-09-18 00:10:04] SYMBOL_CHECK | XAUUSD.iux trade_mode=4 xau_open=True | trade_mode=4 | tick_time=1789668605 | bid=4362.94 | ask=4363.08 | tick_ok=True | xau_open=True | current_symbol=XAUUSD.iux | startup=False
[2026-09-18 00:11:05] SYMBOL_CHECK | XAUUSD.iux trade_mode=4 xau_open=True | trade_mode=4 | tick_time=1789668665 | bid=4362.75 | ask=4362.89 | tick_ok=True | xau_open=True | current_symbol=XAUUSD.iux | startup=False
[2026-09-18 00:11:05] DEMO_PORTFOLIO_SCAN | XAUUSD.iux open active=LTS_AHR2
[2026-09-18 00:11:05] DEMO_PORTFOLIO_SCAN | XAUUSD.iux done active=LTS_AHR2
[2026-09-18 00:12:05] SYMBOL_CHECK | XAUUSD.iux trade_mode=4 xau_open=True | trade_mode=4 | tick_time=1789668723 | bid=4362.5 | ask=4362.64 | tick_ok=True | xau_open=True | current_symbol=XAUUSD.iux | startup=False
[2026-09-18 00:13:05] SYMBOL_CHECK | XAUUSD.iux trade_mode=4 xau_open=True | trade_mode=4 | tick_time=1789668785 | bid=4361.6 | ask=4361.74 | tick_ok=True | xau_open=True | current_symbol=XAUUSD.iux | startup=False
[2026-09-18 00:14:05] SYMBOL_CHECK | XAUUSD.iux trade_mode=4 xau_open=True | trade_mode=4 | tick_time=1789668845 | bid=4363.84 | ask=4363.98 | tick_ok=True | xau_open=True | current_symbol=XAUUSD.iux | startup=False
[2026-09-18 00:15:04] SYMBOL_CHECK | XAUUSD.iux trade_mode=4 xau_open=True | trade_mode=4 | tick_time=1789668905 | bid=4362.36 | ask=4362.5 | tick_ok=True | xau_open=True | current_symbol=XAUUSD.iux | startup=False
[2026-09-18 00:16:05] SYMBOL_CHECK | XAUUSD.iux trade_mode=4 xau_open=True | trade_mode=4 | tick_time=1789668965 | bid=4361.95 | ask=4362.09 | tick_ok=True | xau_open=True | current_symbol=XAUUSD.iux | startup=False
[2026-09-18 00:16:05] DEMO_PORTFOLIO_SCAN | XAUUSD.iux open active=LTS_AHR2
[2026-09-18 00:16:05] DEMO_PORTFOLIO_SCAN | XAUUSD.iux done active=LTS_AHR2
[2026-09-18 00:17:05] SYMBOL_CHECK | XAUUSD.iux trade_mode=4 xau_open=True | trade_mode=4 | tick_time=1789669025 | bid=4360.4 | ask=4360.54 | tick_ok=True | xau_open=True | current_symbol=XAUUSD.iux | startup=False
[2026-09-18 00:17:39] TG_NETWORK_ERROR | httpx.ReadError:
[2026-09-18 00:18:05] SYMBOL_CHECK | XAUUSD.iux trade_mode=4 xau_open=True | trade_mode=4 | tick_time=1789669085 | bid=4360.02 | ask=4360.16 | tick_ok=True | xau_open=True | current_symbol=XAUUSD.iux | startup=False
[2026-09-18 00:19:04] SYMBOL_CHECK | XAUUSD.iux trade_mode=4 xau_open=True | trade_mode=4 | tick_time=1789669144 | bid=4359.93 | ask=4360.07 | tick_ok=True | xau_open=True | current_symbol=XAUUSD.iux | startup=False
[2026-09-18 00:20:05] SYMBOL_CHECK | XAUUSD.iux trade_mode=4 xau_open=True | trade_mode=4 | tick_time=1789669204 | bid=4360.39 | ask=4360.53 | tick_ok=True | xau_open=True | current_symbol=XAUUSD.iux | startup=False
[2026-09-18 00:21:04] SYMBOL_CHECK | XAUUSD.iux trade_mode=4 xau_open=True | trade_mode=4 | tick_time=1789669265 | bid=4361.28 | ask=4361.42 | tick_ok=True | xau_open=True | current_symbol=XAUUSD.iux | startup=False
[2026-09-18 00:21:04] DEMO_PORTFOLIO_SCAN | XAUUSD.iux open active=LTS_AHR2
[2026-09-18 00:21:05] DEMO_PORTFOLIO_SCAN | XAUUSD.iux done active=LTS_AHR2
[2026-09-18 00:22:05] SYMBOL_CHECK | XAUUSD.iux trade_mode=4 xau_open=True | trade_mode=4 | tick_time=1789669325 | bid=4361.06 | ask=4361.2 | tick_ok=True | xau_open=True | current_symbol=XAUUSD.iux | startup=False
[2026-09-18 00:23:05] SYMBOL_CHECK | XAUUSD.iux trade_mode=4 xau_open=True | trade_mode=4 | tick_time=1789669385 | bid=4360.4 | ask=4360.54 | tick_ok=True | xau_open=True | current_symbol=XAUUSD.iux | startup=False
[2026-09-18 00:24:04] SYMBOL_CHECK | XAUUSD.iux trade_mode=4 xau_open=True | trade_mode=4 | tick_time=1789669445 | bid=4358.82 | ask=4358.96 | tick_ok=True | xau_open=True | current_symbol=XAUUSD.iux | startup=False
[2026-09-18 00:25:05] SYMBOL_CHECK | XAUUSD.iux trade_mode=4 xau_open=True | trade_mode=4 | tick_time=1789669505 | bid=4361.04 | ask=4361.18 | tick_ok=True | xau_open=True | current_symbol=XAUUSD.iux | startup=False
[2026-09-18 00:26:05] SYMBOL_CHECK | XAUUSD.iux trade_mode=4 xau_open=True | trade_mode=4 | tick_time=1789669565 | bid=4361.86 | ask=4362.0 | tick_ok=True | xau_open=True | current_symbol=XAUUSD.iux | startup=False
[2026-09-18 00:26:05] DEMO_PORTFOLIO_SCAN | XAUUSD.iux open active=LTS_AHR2
[2026-09-18 00:26:05] DEMO_PORTFOLIO_SCAN | XAUUSD.iux done active=LTS_AHR2
[2026-09-18 00:27:05] SYMBOL_CHECK | XAUUSD.iux trade_mode=4 xau_open=True | trade_mode=4 | tick_time=1789669625 | bid=4361.31 | ask=4361.45 | tick_ok=True | xau_open=True | current_symbol=XAUUSD.iux | startup=False
[2026-09-18 00:28:04] SYMBOL_CHECK | XAUUSD.iux trade_mode=4 xau_open=True | trade_mode=4 | tick_time=1789669685 | bid=4359.72 | ask=4359.86 | tick_ok=True | xau_open=True | current_symbol=XAUUSD.iux | startup=False
[2026-09-18 00:29:04] SYMBOL_CHECK | XAUUSD.iux trade_mode=4 xau_open=True | trade_mode=4 | tick_time=1789669745 | bid=4359.29 | ask=4359.43 | tick_ok=True | xau_open=True | current_symbol=XAUUSD.iux | startup=False
[2026-09-18 00:30:04] SYMBOL_CHECK | XAUUSD.iux trade_mode=4 xau_open=True | trade_mode=4 | tick_time=1789669805 | bid=4360.97 | ask=4361.11 | tick_ok=True | xau_open=True | current_symbol=XAUUSD.iux | startup=False
[2026-09-18 00:31:05] SYMBOL_CHECK | XAUUSD.iux trade_mode=4 xau_open=True | trade_mode=4 | tick_time=1789669865 | bid=4361.71 | ask=4361.85 | tick_ok=True | xau_open=True | current_symbol=XAUUSD.iux | startup=False
[2026-09-18 00:31:05] DEMO_PORTFOLIO_SCAN | XAUUSD.iux open active=LTS_AHR2
[2026-09-18 00:31:05] DEMO_PORTFOLIO_SCAN | XAUUSD.iux done active=LTS_AHR2
[2026-09-18 00:32:05] SYMBOL_CHECK | XAUUSD.iux trade_mode=4 xau_open=True | trade_mode=4 | tick_time=1789669925 | bid=4360.72 | ask=4360.86 | tick_ok=True | xau_open=True | current_symbol=XAUUSD.iux | startup=False
[2026-09-18 00:33:04] SYMBOL_CHECK | XAUUSD.iux trade_mode=4 xau_open=True | trade_mode=4 | tick_time=1789669985 | bid=4361.76 | ask=4361.9 | tick_ok=True | xau_open=True | current_symbol=XAUUSD.iux | startup=False
[2026-09-18 00:34:04] SYMBOL_CHECK | XAUUSD.iux trade_mode=4 xau_open=True | trade_mode=4 | tick_time=1789670045 | bid=4361.21 | ask=4361.35 | tick_ok=True | xau_open=True | current_symbol=XAUUSD.iux | startup=False
[2026-09-18 00:35:05] SYMBOL_CHECK | XAUUSD.iux trade_mode=4 xau_open=True | trade_mode=4 | tick_time=1789670105 | bid=4361.65 | ask=4361.79 | tick_ok=True | xau_open=True | current_symbol=XAUUSD.iux | startup=False
[2026-09-18 00:36:05] SYMBOL_CHECK | XAUUSD.iux trade_mode=4 xau_open=True | trade_mode=4 | tick_time=1789670165 | bid=4362.58 | ask=4362.72 | tick_ok=True | xau_open=True | current_symbol=XAUUSD.iux | startup=False
[2026-09-18 00:36:05] DEMO_PORTFOLIO_SCAN | XAUUSD.iux open active=LTS_AHR2
[2026-09-18 00:36:05] DEMO_PORTFOLIO_SCAN | XAUUSD.iux done active=LTS_AHR2
[2026-09-18 00:37:05] SYMBOL_CHECK | XAUUSD.iux trade_mode=4 xau_open=True | trade_mode=4 | tick_time=1789670224 | bid=4361.83 | ask=4361.97 | tick_ok=True | xau_open=True | current_symbol=XAUUSD.iux | startup=False
[2026-09-18 00:38:04] SYMBOL_CHECK | XAUUSD.iux trade_mode=4 xau_open=True | trade_mode=4 | tick_time=1789670285 | bid=4359.36 | ask=4359.5 | tick_ok=True | xau_open=True | current_symbol=XAUUSD.iux | startup=False
[2026-09-18 00:39:05] SYMBOL_CHECK | XAUUSD.iux trade_mode=4 xau_open=True | trade_mode=4 | tick_time=1789670345 | bid=4359.2 | ask=4359.34 | tick_ok=True | xau_open=True | current_symbol=XAUUSD.iux | startup=False
[2026-09-18 00:40:04] SYMBOL_CHECK | XAUUSD.iux trade_mode=4 xau_open=True | trade_mode=4 | tick_time=1789670405 | bid=4358.53 | ask=4358.67 | tick_ok=True | xau_open=True | current_symbol=XAUUSD.iux | startup=False
[2026-09-18 00:41:05] SYMBOL_CHECK | XAUUSD.iux trade_mode=4 xau_open=True | trade_mode=4 | tick_time=1789670465 | bid=4359.71 | ask=4359.85 | tick_ok=True | xau_open=True | current_symbol=XAUUSD.iux | startup=False
[2026-09-18 00:41:05] DEMO_PORTFOLIO_SCAN | XAUUSD.iux open active=LTS_AHR2
[2026-09-18 00:41:05] DEMO_PORTFOLIO_SCAN | XAUUSD.iux done active=LTS_AHR2
[2026-09-18 00:42:04] SYMBOL_CHECK | XAUUSD.iux trade_mode=4 xau_open=True | trade_mode=4 | tick_time=1789670524 | bid=4359.48 | ask=4359.62 | tick_ok=True | xau_open=True | current_symbol=XAUUSD.iux | startup=False
[2026-09-18 00:43:05] SYMBOL_CHECK | XAUUSD.iux trade_mode=4 xau_open=True | trade_mode=4 | tick_time=1789670585 | bid=4360.31 | ask=4360.45 | tick_ok=True | xau_open=True | current_symbol=XAUUSD.iux | startup=False
[2026-09-18 00:44:04] SYMBOL_CHECK | XAUUSD.iux trade_mode=4 xau_open=True | trade_mode=4 | tick_time=1789670645 | bid=4360.16 | ask=4360.3 | tick_ok=True | xau_open=True | current_symbol=XAUUSD.iux | startup=False
[2026-09-18 00:45:05] SYMBOL_CHECK | XAUUSD.iux trade_mode=4 xau_open=True | trade_mode=4 | tick_time=1789670704 | bid=4360.62 | ask=4360.76 | tick_ok=True | xau_open=True | current_symbol=XAUUSD.iux | startup=False
[2026-09-18 00:46:05] SYMBOL_CHECK | XAUUSD.iux trade_mode=4 xau_open=True | trade_mode=4 | tick_time=1789670765 | bid=4359.91 | ask=4360.05 | tick_ok=True | xau_open=True | current_symbol=XAUUSD.iux | startup=False
[2026-09-18 00:46:05] DEMO_PORTFOLIO_SCAN | XAUUSD.iux open active=LTS_AHR2
[2026-09-18 00:46:05] DEMO_PORTFOLIO_SCAN | XAUUSD.iux done active=LTS_AHR2
[2026-09-18 00:47:04] SYMBOL_CHECK | XAUUSD.iux trade_mode=4 xau_open=True | trade_mode=4 | tick_time=1789670825 | bid=4360.3 | ask=4360.44 | tick_ok=True | xau_open=True | current_symbol=XAUUSD.iux | startup=False
[2026-09-18 00:48:05] SYMBOL_CHECK | XAUUSD.iux trade_mode=4 xau_open=True | trade_mode=4 | tick_time=1789670885 | bid=4359.87 | ask=4360.01 | tick_ok=True | xau_open=True | current_symbol=XAUUSD.iux | startup=False
[2026-09-18 00:49:04] SYMBOL_CHECK | XAUUSD.iux trade_mode=4 xau_open=True | trade_mode=4 | tick_time=1789670942 | bid=4359.42 | ask=4359.56 | tick_ok=True | xau_open=True | current_symbol=XAUUSD.iux | startup=False
[2026-09-18 00:50:05] SYMBOL_CHECK | XAUUSD.iux trade_mode=4 xau_open=True | trade_mode=4 | tick_time=1789671005 | bid=4359.32 | ask=4359.46 | tick_ok=True | xau_open=True | current_symbol=XAUUSD.iux | startup=False
[2026-09-18 00:51:05] SYMBOL_CHECK | XAUUSD.iux trade_mode=4 xau_open=True | trade_mode=4 | tick_time=1789671065 | bid=4359.61 | ask=4359.75 | tick_ok=True | xau_open=True | current_symbol=XAUUSD.iux | startup=False
[2026-09-18 00:51:05] DEMO_PORTFOLIO_SCAN | XAUUSD.iux open active=LTS_AHR2
[2026-09-18 00:51:05] DEMO_PORTFOLIO_SCAN | XAUUSD.iux done active=LTS_AHR2
[2026-09-18 00:52:05] SYMBOL_CHECK | XAUUSD.iux trade_mode=4 xau_open=True | trade_mode=4 | tick_time=1789671125 | bid=4361.09 | ask=4361.23 | tick_ok=True | xau_open=True | current_symbol=XAUUSD.iux | startup=False
[2026-09-18 00:53:05] SYMBOL_CHECK | XAUUSD.iux trade_mode=4 xau_open=True | trade_mode=4 | tick_time=1789671185 | bid=4359.88 | ask=4360.02 | tick_ok=True | xau_open=True | current_symbol=XAUUSD.iux | startup=False
[2026-09-18 00:54:05] SYMBOL_CHECK | XAUUSD.iux trade_mode=4 xau_open=True | trade_mode=4 | tick_time=1789671245 | bid=4360.52 | ask=4360.66 | tick_ok=True | xau_open=True | current_symbol=XAUUSD.iux | startup=False
[2026-09-18 00:55:05] SYMBOL_CHECK | XAUUSD.iux trade_mode=4 xau_open=True | trade_mode=4 | tick_time=1789671305 | bid=4360.45 | ask=4360.59 | tick_ok=True | xau_open=True | current_symbol=XAUUSD.iux | startup=False
[2026-09-18 00:56:04] SYMBOL_CHECK | XAUUSD.iux trade_mode=4 xau_open=True | trade_mode=4 | tick_time=1789671364 | bid=4360.51 | ask=4360.65 | tick_ok=True | xau_open=True | current_symbol=XAUUSD.iux | startup=False
[2026-09-18 00:56:04] DEMO_PORTFOLIO_SCAN | XAUUSD.iux open active=LTS_AHR2
[2026-09-18 00:56:04] DEMO_PORTFOLIO_SCAN | XAUUSD.iux done active=LTS_AHR2
[2026-09-18 00:57:04] SYMBOL_CHECK | XAUUSD.iux trade_mode=4 xau_open=True | trade_mode=4 | tick_time=1789671424 | bid=4360.7 | ask=4360.84 | tick_ok=True | xau_open=True | current_symbol=XAUUSD.iux | startup=False
[2026-09-18 00:58:05] SYMBOL_CHECK | XAUUSD.iux trade_mode=4 xau_open=True | trade_mode=4 | tick_time=1789671485 | bid=4360.31 | ask=4360.45 | tick_ok=True | xau_open=True | current_symbol=XAUUSD.iux | startup=False
[2026-09-18 00:59:05] SYMBOL_CHECK | XAUUSD.iux trade_mode=4 xau_open=True | trade_mode=4 | tick_time=1789671544 | bid=4360.39 | ask=4360.53 | tick_ok=True | xau_open=True | current_symbol=XAUUSD.iux | startup=False
[2026-09-18 01:00:05] SYMBOL_CHECK | XAUUSD.iux trade_mode=4 xau_open=True | trade_mode=4 | tick_time=1789671605 | bid=4361.3 | ask=4361.44 | tick_ok=True | xau_open=True | current_symbol=XAUUSD.iux | startup=False
[2026-09-18 01:01:05] SYMBOL_CHECK | XAUUSD.iux trade_mode=4 xau_open=True | trade_mode=4 | tick_time=1789671665 | bid=4360.95 | ask=4361.09 | tick_ok=True | xau_open=True | current_symbol=XAUUSD.iux | startup=False
[2026-09-18 01:01:05] DEMO_PORTFOLIO_SCAN | XAUUSD.iux open active=LTS_AHR2
[2026-09-18 01:01:05] DEMO_PORTFOLIO_SCAN | XAUUSD.iux done active=LTS_AHR2
[2026-09-18 01:02:05] SYMBOL_CHECK | XAUUSD.iux trade_mode=4 xau_open=True | trade_mode=4 | tick_time=1789671725 | bid=4361.39 | ask=4361.53 | tick_ok=True | xau_open=True | current_symbol=XAUUSD.iux | startup=False
[2026-09-18 01:03:05] SYMBOL_CHECK | XAUUSD.iux trade_mode=4 xau_open=True | trade_mode=4 | tick_time=1789671785 | bid=4360.46 | ask=4360.6 | tick_ok=True | xau_open=True | current_symbol=XAUUSD.iux | startup=False
[2026-09-18 01:04:05] SYMBOL_CHECK | XAUUSD.iux trade_mode=4 xau_open=True | trade_mode=4 | tick_time=1789671845 | bid=4361.83 | ask=4361.97 | tick_ok=True | xau_open=True | current_symbol=XAUUSD.iux | startup=False
[2026-09-18 01:05:05] SYMBOL_CHECK | XAUUSD.iux trade_mode=4 xau_open=True | trade_mode=4 | tick_time=1789671905 | bid=4363.55 | ask=4363.69 | tick_ok=True | xau_open=True | current_symbol=XAUUSD.iux | startup=False
[2026-09-18 01:06:05] SYMBOL_CHECK | XAUUSD.iux trade_mode=4 xau_open=True | trade_mode=4 | tick_time=1789671965 | bid=4364.27 | ask=4364.41 | tick_ok=True | xau_open=True | current_symbol=XAUUSD.iux | startup=False
[2026-09-18 01:06:05] DEMO_PORTFOLIO_SCAN | XAUUSD.iux open active=LTS_AHR2
[2026-09-18 01:06:05] DEMO_PORTFOLIO_SCAN | XAUUSD.iux done active=LTS_AHR2
[2026-09-18 01:07:05] SYMBOL_CHECK | XAUUSD.iux trade_mode=4 xau_open=True | trade_mode=4 | tick_time=1789672025 | bid=4362.31 | ask=4362.45 | tick_ok=True | xau_open=True | current_symbol=XAUUSD.iux | startup=False
[2026-09-18 01:08:05] SYMBOL_CHECK | XAUUSD.iux trade_mode=4 xau_open=True | trade_mode=4 | tick_time=1789672085 | bid=4361.97 | ask=4362.11 | tick_ok=True | xau_open=True | current_symbol=XAUUSD.iux | startup=False
[2026-09-18 01:09:05] SYMBOL_CHECK | XAUUSD.iux trade_mode=4 xau_open=True | trade_mode=4 | tick_time=1789672145 | bid=4362.56 | ask=4362.7 | tick_ok=True | xau_open=True | current_symbol=XAUUSD.iux | startup=False
[2026-09-18 01:10:05] SYMBOL_CHECK | XAUUSD.iux trade_mode=4 xau_open=True | trade_mode=4 | tick_time=1789672205 | bid=4362.09 | ask=4362.23 | tick_ok=True | xau_open=True | current_symbol=XAUUSD.iux | startup=False
[2026-09-18 01:11:05] SYMBOL_CHECK | XAUUSD.iux trade_mode=4 xau_open=True | trade_mode=4 | tick_time=1789672265 | bid=4362.31 | ask=4362.45 | tick_ok=True | xau_open=True | current_symbol=XAUUSD.iux | startup=False
[2026-09-18 01:11:05] DEMO_PORTFOLIO_SCAN | XAUUSD.iux open active=LTS_AHR2
[2026-09-18 01:11:05] DEMO_PORTFOLIO_SCAN | XAUUSD.iux done active=LTS_AHR2
[2026-09-18 01:12:05] SYMBOL_CHECK | XAUUSD.iux trade_mode=4 xau_open=True | trade_mode=4 | tick_time=1789672325 | bid=4363.74 | ask=4363.88 | tick_ok=True | xau_open=True | current_symbol=XAUUSD.iux | startup=False
[2026-09-18 01:13:05] SYMBOL_CHECK | XAUUSD.iux trade_mode=4 xau_open=True | trade_mode=4 | tick_time=1789672385 | bid=4365.05 | ask=4365.19 | tick_ok=True | xau_open=True | current_symbol=XAUUSD.iux | startup=False
[2026-09-18 01:14:05] SYMBOL_CHECK | XAUUSD.iux trade_mode=4 xau_open=True | trade_mode=4 | tick_time=1789672445 | bid=4364.85 | ask=4364.99 | tick_ok=True | xau_open=True | current_symbol=XAUUSD.iux | startup=False
[2026-09-18 01:15:05] SYMBOL_CHECK | XAUUSD.iux trade_mode=4 xau_open=True | trade_mode=4 | tick_time=1789672505 | bid=4364.83 | ask=4364.97 | tick_ok=True | xau_open=True | current_symbol=XAUUSD.iux | startup=False
[2026-09-18 01:16:05] SYMBOL_CHECK | XAUUSD.iux trade_mode=4 xau_open=True | trade_mode=4 | tick_time=1789672565 | bid=4365.39 | ask=4365.53 | tick_ok=True | xau_open=True | current_symbol=XAUUSD.iux | startup=False
[2026-09-18 01:16:05] DEMO_PORTFOLIO_SCAN | XAUUSD.iux open active=LTS_AHR2
[2026-09-18 01:16:05] DEMO_PORTFOLIO_SCAN | XAUUSD.iux done active=LTS_AHR2
[2026-09-18 01:17:05] SYMBOL_CHECK | XAUUSD.iux trade_mode=4 xau_open=True | trade_mode=4 | tick_time=1789672625 | bid=4363.71 | ask=4363.85 | tick_ok=True | xau_open=True | current_symbol=XAUUSD.iux | startup=False
[2026-09-18 01:18:05] SYMBOL_CHECK | XAUUSD.iux trade_mode=4 xau_open=True | trade_mode=4 | tick_time=1789672685 | bid=4363.03 | ask=4363.17 | tick_ok=True | xau_open=True | current_symbol=XAUUSD.iux | startup=False
[2026-09-18 01:19:05] SYMBOL_CHECK | XAUUSD.iux trade_mode=4 xau_open=True | trade_mode=4 | tick_time=1789672745 | bid=4361.65 | ask=4361.79 | tick_ok=True | xau_open=True | current_symbol=XAUUSD.iux | startup=False
[2026-09-18 01:20:05] SYMBOL_CHECK | XAUUSD.iux trade_mode=4 xau_open=True | trade_mode=4 | tick_time=1789672805 | bid=4360.98 | ask=4361.12 | tick_ok=True | xau_open=True | current_symbol=XAUUSD.iux | startup=False
[2026-09-18 01:21:04] SYMBOL_CHECK | XAUUSD.iux trade_mode=4 xau_open=True | trade_mode=4 | tick_time=1789672865 | bid=4360.6 | ask=4360.74 | tick_ok=True | xau_open=True | current_symbol=XAUUSD.iux | startup=False
[2026-09-18 01:21:05] DEMO_PORTFOLIO_SCAN | XAUUSD.iux open active=LTS_AHR2
[2026-09-18 01:21:05] DEMO_PORTFOLIO_SCAN | XAUUSD.iux done active=LTS_AHR2
[2026-09-18 01:22:05] SYMBOL_CHECK | XAUUSD.iux trade_mode=4 xau_open=True | trade_mode=4 | tick_time=1789672925 | bid=4357.97 | ask=4358.11 | tick_ok=True | xau_open=True | current_symbol=XAUUSD.iux | startup=False
[2026-09-18 01:23:04] SYMBOL_CHECK | XAUUSD.iux trade_mode=4 xau_open=True | trade_mode=4 | tick_time=1789672985 | bid=4358.36 | ask=4358.5 | tick_ok=True | xau_open=True | current_symbol=XAUUSD.iux | startup=False
[2026-09-18 01:24:05] SYMBOL_CHECK | XAUUSD.iux trade_mode=4 xau_open=True | trade_mode=4 | tick_time=1789673045 | bid=4357.99 | ask=4358.13 | tick_ok=True | xau_open=True | current_symbol=XAUUSD.iux | startup=False
[2026-09-18 01:25:05] SYMBOL_CHECK | XAUUSD.iux trade_mode=4 xau_open=True | trade_mode=4 | tick_time=1789673105 | bid=4357.66 | ask=4357.8 | tick_ok=True | xau_open=True | current_symbol=XAUUSD.iux | startup=False
[2026-09-18 01:26:05] SYMBOL_CHECK | XAUUSD.iux trade_mode=4 xau_open=True | trade_mode=4 | tick_time=1789673164 | bid=4357.65 | ask=4357.79 | tick_ok=True | xau_open=True | current_symbol=XAUUSD.iux | startup=False
[2026-09-18 01:26:05] DEMO_PORTFOLIO_SCAN | XAUUSD.iux open active=LTS_AHR2
[2026-09-18 01:26:05] DEMO_PORTFOLIO_SCAN | XAUUSD.iux done active=LTS_AHR2
[2026-09-18 01:27:05] SYMBOL_CHECK | XAUUSD.iux trade_mode=4 xau_open=True | trade_mode=4 | tick_time=1789673225 | bid=4358.31 | ask=4358.45 | tick_ok=True | xau_open=True | current_symbol=XAUUSD.iux | startup=False
[2026-09-18 01:28:05] SYMBOL_CHECK | XAUUSD.iux trade_mode=4 xau_open=True | trade_mode=4 | tick_time=1789673285 | bid=4358.15 | ask=4358.29 | tick_ok=True | xau_open=True | current_symbol=XAUUSD.iux | startup=False
[2026-09-18 01:29:05] SYMBOL_CHECK | XAUUSD.iux trade_mode=4 xau_open=True | trade_mode=4 | tick_time=1789673345 | bid=4356.98 | ask=4357.12 | tick_ok=True | xau_open=True | current_symbol=XAUUSD.iux | startup=False
[2026-09-18 01:30:05] SYMBOL_CHECK | XAUUSD.iux trade_mode=4 xau_open=True | trade_mode=4 | tick_time=1789673405 | bid=4355.75 | ask=4355.89 | tick_ok=True | xau_open=True | current_symbol=XAUUSD.iux | startup=False
[2026-09-18 01:31:05] SYMBOL_CHECK | XAUUSD.iux trade_mode=4 xau_open=True | trade_mode=4 | tick_time=1789673465 | bid=4353.89 | ask=4354.03 | tick_ok=True | xau_open=True | current_symbol=XAUUSD.iux | startup=False
[2026-09-18 01:31:05] DEMO_PORTFOLIO_SCAN | XAUUSD.iux open active=LTS_AHR2
[2026-09-18 01:31:05] DEMO_PORTFOLIO_SCAN | XAUUSD.iux done active=LTS_AHR2
[2026-09-18 01:32:05] SYMBOL_CHECK | XAUUSD.iux trade_mode=4 xau_open=True | trade_mode=4 | tick_time=1789673525 | bid=4353.72 | ask=4353.86 | tick_ok=True | xau_open=True | current_symbol=XAUUSD.iux | startup=False
[2026-09-18 01:33:05] SYMBOL_CHECK | XAUUSD.iux trade_mode=4 xau_open=True | trade_mode=4 | tick_time=1789673584 | bid=4352.87 | ask=4353.01 | tick_ok=True | xau_open=True | current_symbol=XAUUSD.iux | startup=False
[2026-09-18 01:34:05] SYMBOL_CHECK | XAUUSD.iux trade_mode=4 xau_open=True | trade_mode=4 | tick_time=1789673645 | bid=4351.0 | ask=4351.14 | tick_ok=True | xau_open=True | current_symbol=XAUUSD.iux | startup=False
[2026-09-18 01:35:05] SYMBOL_CHECK | XAUUSD.iux trade_mode=4 xau_open=True | trade_mode=4 | tick_time=1789673705 | bid=4349.58 | ask=4349.72 | tick_ok=True | xau_open=True | current_symbol=XAUUSD.iux | startup=False
[2026-09-18 01:36:05] SYMBOL_CHECK | XAUUSD.iux trade_mode=4 xau_open=True | trade_mode=4 | tick_time=1789673765 | bid=4349.02 | ask=4349.16 | tick_ok=True | xau_open=True | current_symbol=XAUUSD.iux | startup=False
[2026-09-18 01:36:05] DEMO_PORTFOLIO_SCAN | XAUUSD.iux open active=LTS_AHR2
[2026-09-18 01:36:05] DEMO_PORTFOLIO_SCAN | XAUUSD.iux done active=LTS_AHR2
[2026-09-18 01:37:04] SYMBOL_CHECK | XAUUSD.iux trade_mode=4 xau_open=True | trade_mode=4 | tick_time=1789673825 | bid=4349.87 | ask=4350.01 | tick_ok=True | xau_open=True | current_symbol=XAUUSD.iux | startup=False
[2026-09-18 01:38:04] SYMBOL_CHECK | XAUUSD.iux trade_mode=4 xau_open=True | trade_mode=4 | tick_time=1789673885 | bid=4350.4 | ask=4350.54 | tick_ok=True | xau_open=True | current_symbol=XAUUSD.iux | startup=False
[2026-09-18 01:39:05] SYMBOL_CHECK | XAUUSD.iux trade_mode=4 xau_open=True | trade_mode=4 | tick_time=1789673945 | bid=4351.41 | ask=4351.55 | tick_ok=True | xau_open=True | current_symbol=XAUUSD.iux | startup=False
[2026-09-18 01:40:05] SYMBOL_CHECK | XAUUSD.iux trade_mode=4 xau_open=True | trade_mode=4 | tick_time=1789674005 | bid=4350.99 | ask=4351.13 | tick_ok=True | xau_open=True | current_symbol=XAUUSD.iux | startup=False
[2026-09-18 01:41:04] SYMBOL_CHECK | XAUUSD.iux trade_mode=4 xau_open=True | trade_mode=4 | tick_time=1789674065 | bid=4352.52 | ask=4352.66 | tick_ok=True | xau_open=True | current_symbol=XAUUSD.iux | startup=False
[2026-09-18 01:41:04] DEMO_PORTFOLIO_SCAN | XAUUSD.iux open active=LTS_AHR2
[2026-09-18 01:41:05] DEMO_PORTFOLIO_SCAN | XAUUSD.iux done active=LTS_AHR2
[2026-09-18 01:42:05] SYMBOL_CHECK | XAUUSD.iux trade_mode=4 xau_open=True | trade_mode=4 | tick_time=1789674124 | bid=4352.36 | ask=4352.5 | tick_ok=True | xau_open=True | current_symbol=XAUUSD.iux | startup=False
[2026-09-18 01:43:04] SYMBOL_CHECK | XAUUSD.iux trade_mode=4 xau_open=True | trade_mode=4 | tick_time=1789674185 | bid=4351.57 | ask=4351.71 | tick_ok=True | xau_open=True | current_symbol=XAUUSD.iux | startup=False
[2026-09-18 01:44:05] SYMBOL_CHECK | XAUUSD.iux trade_mode=4 xau_open=True | trade_mode=4 | tick_time=1789674245 | bid=4352.34 | ask=4352.48 | tick_ok=True | xau_open=True | current_symbol=XAUUSD.iux | startup=False
[2026-09-18 01:45:05] SYMBOL_CHECK | XAUUSD.iux trade_mode=4 xau_open=True | trade_mode=4 | tick_time=1789674305 | bid=4352.16 | ask=4352.3 | tick_ok=True | xau_open=True | current_symbol=XAUUSD.iux | startup=False
[2026-09-18 01:46:05] SYMBOL_CHECK | XAUUSD.iux trade_mode=4 xau_open=True | trade_mode=4 | tick_time=1789674363 | bid=4351.94 | ask=4352.08 | tick_ok=True | xau_open=True | current_symbol=XAUUSD.iux | startup=False
[2026-09-18 01:46:05] DEMO_PORTFOLIO_SCAN | XAUUSD.iux open active=LTS_AHR2
[2026-09-18 01:46:05] DEMO_PORTFOLIO_SCAN | XAUUSD.iux done active=LTS_AHR2
[2026-09-18 01:47:04] SYMBOL_CHECK | XAUUSD.iux trade_mode=4 xau_open=True | trade_mode=4 | tick_time=1789674425 | bid=4351.15 | ask=4351.29 | tick_ok=True | xau_open=True | current_symbol=XAUUSD.iux | startup=False
[2026-09-18 01:48:04] SYMBOL_CHECK | XAUUSD.iux trade_mode=4 xau_open=True | trade_mode=4 | tick_time=1789674484 | bid=4351.44 | ask=4351.58 | tick_ok=True | xau_open=True | current_symbol=XAUUSD.iux | startup=False
[2026-09-18 01:49:04] SYMBOL_CHECK | XAUUSD.iux trade_mode=4 xau_open=True | trade_mode=4 | tick_time=1789674545 | bid=4352.49 | ask=4352.63 | tick_ok=True | xau_open=True | current_symbol=XAUUSD.iux | startup=False
[2026-09-18 01:50:04] SYMBOL_CHECK | XAUUSD.iux trade_mode=4 xau_open=True | trade_mode=4 | tick_time=1789674605 | bid=4352.2 | ask=4352.34 | tick_ok=True | xau_open=True | current_symbol=XAUUSD.iux | startup=False
[2026-09-18 01:51:04] SYMBOL_CHECK | XAUUSD.iux trade_mode=4 xau_open=True | trade_mode=4 | tick_time=1789674665 | bid=4350.85 | ask=4350.99 | tick_ok=True | xau_open=True | current_symbol=XAUUSD.iux | startup=False
[2026-09-18 01:51:05] DEMO_PORTFOLIO_SCAN | XAUUSD.iux open active=LTS_AHR2
[2026-09-18 01:51:05] DEMO_PORTFOLIO_SCAN | XAUUSD.iux done active=LTS_AHR2
[2026-09-18 01:52:05] SYMBOL_CHECK | XAUUSD.iux trade_mode=4 xau_open=True | trade_mode=4 | tick_time=1789674725 | bid=4351.51 | ask=4351.65 | tick_ok=True | xau_open=True | current_symbol=XAUUSD.iux | startup=False
[2026-09-18 01:53:05] SYMBOL_CHECK | XAUUSD.iux trade_mode=4 xau_open=True | trade_mode=4 | tick_time=1789674785 | bid=4349.59 | ask=4349.73 | tick_ok=True | xau_open=True | current_symbol=XAUUSD.iux | startup=False
[2026-09-18 01:54:05] SYMBOL_CHECK | XAUUSD.iux trade_mode=4 xau_open=True | trade_mode=4 | tick_time=1789674845 | bid=4350.38 | ask=4350.52 | tick_ok=True | xau_open=True | current_symbol=XAUUSD.iux | startup=False
[2026-09-18 01:55:04] SYMBOL_CHECK | XAUUSD.iux trade_mode=4 xau_open=True | trade_mode=4 | tick_time=1789674905 | bid=4350.87 | ask=4351.01 | tick_ok=True | xau_open=True | current_symbol=XAUUSD.iux | startup=False
[2026-09-18 01:56:04] SYMBOL_CHECK | XAUUSD.iux trade_mode=4 xau_open=True | trade_mode=4 | tick_time=1789674965 | bid=4350.74 | ask=4350.88 | tick_ok=True | xau_open=True | current_symbol=XAUUSD.iux | startup=False
[2026-09-18 01:56:05] DEMO_PORTFOLIO_SCAN | XAUUSD.iux open active=LTS_AHR2
[2026-09-18 01:56:05] DEMO_PORTFOLIO_SCAN | XAUUSD.iux done active=LTS_AHR2
[2026-09-18 01:57:04] SYMBOL_CHECK | XAUUSD.iux trade_mode=4 xau_open=True | trade_mode=4 | tick_time=1789675025 | bid=4351.19 | ask=4351.33 | tick_ok=True | xau_open=True | current_symbol=XAUUSD.iux | startup=False
[2026-09-18 01:58:04] SYMBOL_CHECK | XAUUSD.iux trade_mode=4 xau_open=True | trade_mode=4 | tick_time=1789675085 | bid=4351.57 | ask=4351.71 | tick_ok=True | xau_open=True | current_symbol=XAUUSD.iux | startup=False
[2026-09-18 01:59:05] SYMBOL_CHECK | XAUUSD.iux trade_mode=4 xau_open=True | trade_mode=4 | tick_time=1789675145 | bid=4351.57 | ask=4351.71 | tick_ok=True | xau_open=True | current_symbol=XAUUSD.iux | startup=False
[2026-09-18 02:00:03] SYMBOL_CHECK | XAUUSD.iux trade_mode=4 xau_open=True | trade_mode=4 | tick_time=1789675205 | bid=4352.06 | ask=4352.2 | tick_ok=True | xau_open=True | current_symbol=XAUUSD.iux | startup=False
[2026-09-18 02:01:05] SYMBOL_CHECK | XAUUSD.iux trade_mode=4 xau_open=True | trade_mode=4 | tick_time=1789675265 | bid=4353.6 | ask=4353.74 | tick_ok=True | xau_open=True | current_symbol=XAUUSD.iux | startup=False
[2026-09-18 02:01:05] DEMO_PORTFOLIO_SCAN | XAUUSD.iux open active=LTS_AHR2
[2026-09-18 02:01:05] DEMO_PORTFOLIO_SCAN | XAUUSD.iux done active=LTS_AHR2
[2026-09-18 02:02:04] SYMBOL_CHECK | XAUUSD.iux trade_mode=4 xau_open=True | trade_mode=4 | tick_time=1789675325 | bid=4354.62 | ask=4354.76 | tick_ok=True | xau_open=True | current_symbol=XAUUSD.iux | startup=False
[2026-09-18 02:03:05] SYMBOL_CHECK | XAUUSD.iux trade_mode=4 xau_open=True | trade_mode=4 | tick_time=1789675385 | bid=4354.16 | ask=4354.3 | tick_ok=True | xau_open=True | current_symbol=XAUUSD.iux | startup=False
[2026-09-18 02:04:05] SYMBOL_CHECK | XAUUSD.iux trade_mode=4 xau_open=True | trade_mode=4 | tick_time=1789675445 | bid=4354.75 | ask=4354.89 | tick_ok=True | xau_open=True | current_symbol=XAUUSD.iux | startup=False
[2026-09-18 02:05:05] SYMBOL_CHECK | XAUUSD.iux trade_mode=4 xau_open=True | trade_mode=4 | tick_time=1789675505 | bid=4354.36 | ask=4354.5 | tick_ok=True | xau_open=True | current_symbol=XAUUSD.iux | startup=False
[2026-09-18 02:06:05] SYMBOL_CHECK | XAUUSD.iux trade_mode=4 xau_open=True | trade_mode=4 | tick_time=1789675565 | bid=4355.19 | ask=4355.33 | tick_ok=True | xau_open=True | current_symbol=XAUUSD.iux | startup=False
[2026-09-18 02:06:05] DEMO_PORTFOLIO_SCAN | XAUUSD.iux open active=LTS_AHR2
[2026-09-18 02:06:05] DEMO_PORTFOLIO_SCAN | XAUUSD.iux done active=LTS_AHR2
[2026-09-18 02:07:04] SYMBOL_CHECK | XAUUSD.iux trade_mode=4 xau_open=True | trade_mode=4 | tick_time=1789675625 | bid=4354.65 | ask=4354.79 | tick_ok=True | xau_open=True | current_symbol=XAUUSD.iux | startup=False
[2026-09-18 02:08:05] SYMBOL_CHECK | XAUUSD.iux trade_mode=4 xau_open=True | trade_mode=4 | tick_time=1789675685 | bid=4354.71 | ask=4354.85 | tick_ok=True | xau_open=True | current_symbol=XAUUSD.iux | startup=False
[2026-09-18 02:09:04] SYMBOL_CHECK | XAUUSD.iux trade_mode=4 xau_open=True | trade_mode=4 | tick_time=1789675745 | bid=4354.95 | ask=4355.09 | tick_ok=True | xau_open=True | current_symbol=XAUUSD.iux | startup=False
[2026-09-18 02:10:04] SYMBOL_CHECK | XAUUSD.iux trade_mode=4 xau_open=True | trade_mode=4 | tick_time=1789675805 | bid=4354.92 | ask=4355.06 | tick_ok=True | xau_open=True | current_symbol=XAUUSD.iux | startup=False
[2026-09-18 02:11:04] SYMBOL_CHECK | XAUUSD.iux trade_mode=4 xau_open=True | trade_mode=4 | tick_time=1789675865 | bid=4354.08 | ask=4354.22 | tick_ok=True | xau_open=True | current_symbol=XAUUSD.iux | startup=False
[2026-09-18 02:11:05] DEMO_PORTFOLIO_SCAN | XAUUSD.iux open active=LTS_AHR2
[2026-09-18 02:11:05] DEMO_PORTFOLIO_SCAN | XAUUSD.iux done active=LTS_AHR2
[2026-09-18 02:12:05] SYMBOL_CHECK | XAUUSD.iux trade_mode=4 xau_open=True | trade_mode=4 | tick_time=1789675925 | bid=4354.73 | ask=4354.87 | tick_ok=True | xau_open=True | current_symbol=XAUUSD.iux | startup=False
[2026-09-18 02:13:05] SYMBOL_CHECK | XAUUSD.iux trade_mode=4 xau_open=True | trade_mode=4 | tick_time=1789675985 | bid=4355.68 | ask=4355.82 | tick_ok=True | xau_open=True | current_symbol=XAUUSD.iux | startup=False
[2026-09-18 02:14:05] SYMBOL_CHECK | XAUUSD.iux trade_mode=4 xau_open=True | trade_mode=4 | tick_time=1789676045 | bid=4354.87 | ask=4355.01 | tick_ok=True | xau_open=True | current_symbol=XAUUSD.iux | startup=False
[2026-09-18 02:15:04] SYMBOL_CHECK | XAUUSD.iux trade_mode=4 xau_open=True | trade_mode=4 | tick_time=1789676105 | bid=4354.44 | ask=4354.58 | tick_ok=True | xau_open=True | current_symbol=XAUUSD.iux | startup=False
[2026-09-18 02:16:04] SYMBOL_CHECK | XAUUSD.iux trade_mode=4 xau_open=True | trade_mode=4 | tick_time=1789676165 | bid=4352.3 | ask=4352.44 | tick_ok=True | xau_open=True | current_symbol=XAUUSD.iux | startup=False
[2026-09-18 02:16:05] DEMO_PORTFOLIO_SCAN | XAUUSD.iux open active=LTS_AHR2
[2026-09-18 02:16:05] DEMO_PORTFOLIO_SCAN | XAUUSD.iux done active=LTS_AHR2
[2026-09-18 02:17:04] SYMBOL_CHECK | XAUUSD.iux trade_mode=4 xau_open=True | trade_mode=4 | tick_time=1789676225 | bid=4349.17 | ask=4349.31 | tick_ok=True | xau_open=True | current_symbol=XAUUSD.iux | startup=False
[2026-09-18 02:18:05] SYMBOL_CHECK | XAUUSD.iux trade_mode=4 xau_open=True | trade_mode=4 | tick_time=1789676285 | bid=4349.78 | ask=4349.92 | tick_ok=True | xau_open=True | current_symbol=XAUUSD.iux | startup=False
[2026-09-18 02:19:04] SYMBOL_CHECK | XAUUSD.iux trade_mode=4 xau_open=True | trade_mode=4 | tick_time=1789676344 | bid=4350.41 | ask=4350.55 | tick_ok=True | xau_open=True | current_symbol=XAUUSD.iux | startup=False
[2026-09-18 02:20:05] SYMBOL_CHECK | XAUUSD.iux trade_mode=4 xau_open=True | trade_mode=4 | tick_time=1789676404 | bid=4351.92 | ask=4352.06 | tick_ok=True | xau_open=True | current_symbol=XAUUSD.iux | startup=False
[2026-09-18 02:21:05] SYMBOL_CHECK | XAUUSD.iux trade_mode=4 xau_open=True | trade_mode=4 | tick_time=1789676465 | bid=4350.8 | ask=4350.94 | tick_ok=True | xau_open=True | current_symbol=XAUUSD.iux | startup=False
[2026-09-18 02:21:05] DEMO_PORTFOLIO_SCAN | XAUUSD.iux open active=LTS_AHR2
[2026-09-18 02:21:05] DEMO_PORTFOLIO_SCAN | XAUUSD.iux done active=LTS_AHR2
[2026-09-18 02:22:05] SYMBOL_CHECK | XAUUSD.iux trade_mode=4 xau_open=True | trade_mode=4 | tick_time=1789676525 | bid=4348.1 | ask=4348.24 | tick_ok=True | xau_open=True | current_symbol=XAUUSD.iux | startup=False
[2026-09-18 02:23:05] SYMBOL_CHECK | XAUUSD.iux trade_mode=4 xau_open=True | trade_mode=4 | tick_time=1789676585 | bid=4348.39 | ask=4348.53 | tick_ok=True | xau_open=True | current_symbol=XAUUSD.iux | startup=False
[2026-09-18 02:24:05] SYMBOL_CHECK | XAUUSD.iux trade_mode=4 xau_open=True | trade_mode=4 | tick_time=1789676645 | bid=4347.52 | ask=4347.66 | tick_ok=True | xau_open=True | current_symbol=XAUUSD.iux | startup=False
[2026-09-18 02:25:05] SYMBOL_CHECK | XAUUSD.iux trade_mode=4 xau_open=True | trade_mode=4 | tick_time=1789676705 | bid=4348.12 | ask=4348.26 | tick_ok=True | xau_open=True | current_symbol=XAUUSD.iux | startup=False
[2026-09-18 02:26:05] SYMBOL_CHECK | XAUUSD.iux trade_mode=4 xau_open=True | trade_mode=4 | tick_time=1789676765 | bid=4349.08 | ask=4349.22 | tick_ok=True | xau_open=True | current_symbol=XAUUSD.iux | startup=False
[2026-09-18 02:26:05] DEMO_PORTFOLIO_SCAN | XAUUSD.iux open active=LTS_AHR2
[2026-09-18 02:26:05] DEMO_PORTFOLIO_SCAN | XAUUSD.iux done active=LTS_AHR2
[2026-09-18 02:27:04] SYMBOL_CHECK | XAUUSD.iux trade_mode=4 xau_open=True | trade_mode=4 | tick_time=1789676825 | bid=4346.33 | ask=4346.47 | tick_ok=True | xau_open=True | current_symbol=XAUUSD.iux | startup=False
[2026-09-18 02:28:04] SYMBOL_CHECK | XAUUSD.iux trade_mode=4 xau_open=True | trade_mode=4 | tick_time=1789676885 | bid=4343.8 | ask=4343.94 | tick_ok=True | xau_open=True | current_symbol=XAUUSD.iux | startup=False
[2026-09-18 02:29:05] SYMBOL_CHECK | XAUUSD.iux trade_mode=4 xau_open=True | trade_mode=4 | tick_time=1789676945 | bid=4344.78 | ask=4344.92 | tick_ok=True | xau_open=True | current_symbol=XAUUSD.iux | startup=False
[2026-09-18 02:30:05] SYMBOL_CHECK | XAUUSD.iux trade_mode=4 xau_open=True | trade_mode=4 | tick_time=1789677005 | bid=4343.4 | ask=4343.54 | tick_ok=True | xau_open=True | current_symbol=XAUUSD.iux | startup=False
[2026-09-18 02:31:05] SYMBOL_CHECK | XAUUSD.iux trade_mode=4 xau_open=True | trade_mode=4 | tick_time=1789677065 | bid=4344.46 | ask=4344.6 | tick_ok=True | xau_open=True | current_symbol=XAUUSD.iux | startup=False
[2026-09-18 02:31:05] DEMO_PORTFOLIO_SCAN | XAUUSD.iux open active=LTS_AHR2
[2026-09-18 02:31:05] DEMO_PORTFOLIO_SCAN | XAUUSD.iux done active=LTS_AHR2
[2026-09-18 02:32:05] SYMBOL_CHECK | XAUUSD.iux trade_mode=4 xau_open=True | trade_mode=4 | tick_time=1789677125 | bid=4345.76 | ask=4345.9 | tick_ok=True | xau_open=True | current_symbol=XAUUSD.iux | startup=False
[2026-09-18 02:33:05] SYMBOL_CHECK | XAUUSD.iux trade_mode=4 xau_open=True | trade_mode=4 | tick_time=1789677185 | bid=4344.58 | ask=4344.72 | tick_ok=True | xau_open=True | current_symbol=XAUUSD.iux | startup=False
[2026-09-18 02:34:05] SYMBOL_CHECK | XAUUSD.iux trade_mode=4 xau_open=True | trade_mode=4 | tick_time=1789677245 | bid=4344.6 | ask=4344.74 | tick_ok=True | xau_open=True | current_symbol=XAUUSD.iux | startup=False
[2026-09-18 02:35:05] SYMBOL_CHECK | XAUUSD.iux trade_mode=4 xau_open=True | trade_mode=4 | tick_time=1789677305 | bid=4344.25 | ask=4344.39 | tick_ok=True | xau_open=True | current_symbol=XAUUSD.iux | startup=False
[2026-09-18 02:36:05] SYMBOL_CHECK | XAUUSD.iux trade_mode=4 xau_open=True | trade_mode=4 | tick_time=1789677365 | bid=4343.04 | ask=4343.18 | tick_ok=True | xau_open=True | current_symbol=XAUUSD.iux | startup=False
[2026-09-18 02:36:05] DEMO_PORTFOLIO_SCAN | XAUUSD.iux open active=LTS_AHR2
[2026-09-18 02:36:05] DEMO_PORTFOLIO_SCAN | XAUUSD.iux done active=LTS_AHR2
[2026-09-18 02:37:05] SYMBOL_CHECK | XAUUSD.iux trade_mode=4 xau_open=True | trade_mode=4 | tick_time=1789677425 | bid=4344.22 | ask=4344.36 | tick_ok=True | xau_open=True | current_symbol=XAUUSD.iux | startup=False
[2026-09-18 02:38:04] SYMBOL_CHECK | XAUUSD.iux trade_mode=4 xau_open=True | trade_mode=4 | tick_time=1789677485 | bid=4343.73 | ask=4343.87 | tick_ok=True | xau_open=True | current_symbol=XAUUSD.iux | startup=False
[2026-09-18 02:39:04] SYMBOL_CHECK | XAUUSD.iux trade_mode=4 xau_open=True | trade_mode=4 | tick_time=1789677545 | bid=4343.28 | ask=4343.42 | tick_ok=True | xau_open=True | current_symbol=XAUUSD.iux | startup=False
[2026-09-18 02:40:05] SYMBOL_CHECK | XAUUSD.iux trade_mode=4 xau_open=True | trade_mode=4 | tick_time=1789677604 | bid=4344.55 | ask=4344.69 | tick_ok=True | xau_open=True | current_symbol=XAUUSD.iux | startup=False
[2026-09-18 02:41:05] SYMBOL_CHECK | XAUUSD.iux trade_mode=4 xau_open=True | trade_mode=4 | tick_time=1789677665 | bid=4344.91 | ask=4345.05 | tick_ok=True | xau_open=True | current_symbol=XAUUSD.iux | startup=False
[2026-09-18 02:41:05] DEMO_PORTFOLIO_SCAN | XAUUSD.iux open active=LTS_AHR2
[2026-09-18 02:41:05] DEMO_PORTFOLIO_SCAN | XAUUSD.iux done active=LTS_AHR2
[2026-09-18 02:42:04] SYMBOL_CHECK | XAUUSD.iux trade_mode=4 xau_open=True | trade_mode=4 | tick_time=1789677725 | bid=4344.82 | ask=4344.96 | tick_ok=True | xau_open=True | current_symbol=XAUUSD.iux | startup=False
[2026-09-18 02:43:04] SYMBOL_CHECK | XAUUSD.iux trade_mode=4 xau_open=True | trade_mode=4 | tick_time=1789677785 | bid=4345.17 | ask=4345.31 | tick_ok=True | xau_open=True | current_symbol=XAUUSD.iux | startup=False
[2026-09-18 02:44:05] SYMBOL_CHECK | XAUUSD.iux trade_mode=4 xau_open=True | trade_mode=4 | tick_time=1789677845 | bid=4345.15 | ask=4345.29 | tick_ok=True | xau_open=True | current_symbol=XAUUSD.iux | startup=False
[2026-09-18 02:45:05] SYMBOL_CHECK | XAUUSD.iux trade_mode=4 xau_open=True | trade_mode=4 | tick_time=1789677905 | bid=4345.11 | ask=4345.25 | tick_ok=True | xau_open=True | current_symbol=XAUUSD.iux | startup=False
[2026-09-18 02:46:04] SYMBOL_CHECK | XAUUSD.iux trade_mode=4 xau_open=True | trade_mode=4 | tick_time=1789677965 | bid=4346.85 | ask=4346.99 | tick_ok=True | xau_open=True | current_symbol=XAUUSD.iux | startup=False
[2026-09-18 02:46:05] DEMO_PORTFOLIO_SCAN | XAUUSD.iux open active=LTS_AHR2
[2026-09-18 02:46:05] DEMO_PORTFOLIO_SCAN | XAUUSD.iux done active=LTS_AHR2
[2026-09-18 02:47:04] SYMBOL_CHECK | XAUUSD.iux trade_mode=4 xau_open=True | trade_mode=4 | tick_time=1789678025 | bid=4345.78 | ask=4345.92 | tick_ok=True | xau_open=True | current_symbol=XAUUSD.iux | startup=False
[2026-09-18 02:48:05] SYMBOL_CHECK | XAUUSD.iux trade_mode=4 xau_open=True | trade_mode=4 | tick_time=1789678085 | bid=4344.76 | ask=4344.9 | tick_ok=True | xau_open=True | current_symbol=XAUUSD.iux | startup=False
[2026-09-18 02:49:04] SYMBOL_CHECK | XAUUSD.iux trade_mode=4 xau_open=True | trade_mode=4 | tick_time=1789678145 | bid=4344.71 | ask=4344.85 | tick_ok=True | xau_open=True | current_symbol=XAUUSD.iux | startup=False
[2026-09-18 02:50:05] SYMBOL_CHECK | XAUUSD.iux trade_mode=4 xau_open=True | trade_mode=4 | tick_time=1789678205 | bid=4344.91 | ask=4345.05 | tick_ok=True | xau_open=True | current_symbol=XAUUSD.iux | startup=False
[2026-09-18 02:51:05] SYMBOL_CHECK | XAUUSD.iux trade_mode=4 xau_open=True | trade_mode=4 | tick_time=1789678265 | bid=4346.13 | ask=4346.27 | tick_ok=True | xau_open=True | current_symbol=XAUUSD.iux | startup=False
[2026-09-18 02:51:05] DEMO_PORTFOLIO_SCAN | XAUUSD.iux open active=LTS_AHR2
[2026-09-18 02:51:05] DEMO_PORTFOLIO_SCAN | XAUUSD.iux done active=LTS_AHR2
[2026-09-18 02:52:05] SYMBOL_CHECK | XAUUSD.iux trade_mode=4 xau_open=True | trade_mode=4 | tick_time=1789678324 | bid=4346.73 | ask=4346.87 | tick_ok=True | xau_open=True | current_symbol=XAUUSD.iux | startup=False
[2026-09-18 02:53:05] SYMBOL_CHECK | XAUUSD.iux trade_mode=4 xau_open=True | trade_mode=4 | tick_time=1789678385 | bid=4346.98 | ask=4347.12 | tick_ok=True | xau_open=True | current_symbol=XAUUSD.iux | startup=False
[2026-09-18 02:54:05] SYMBOL_CHECK | XAUUSD.iux trade_mode=4 xau_open=True | trade_mode=4 | tick_time=1789678445 | bid=4349.05 | ask=4349.19 | tick_ok=True | xau_open=True | current_symbol=XAUUSD.iux | startup=False
[2026-09-18 02:55:04] SYMBOL_CHECK | XAUUSD.iux trade_mode=4 xau_open=True | trade_mode=4 | tick_time=1789678505 | bid=4347.55 | ask=4347.69 | tick_ok=True | xau_open=True | current_symbol=XAUUSD.iux | startup=False
[2026-09-18 02:56:04] SYMBOL_CHECK | XAUUSD.iux trade_mode=4 xau_open=True | trade_mode=4 | tick_time=1789678565 | bid=4347.78 | ask=4347.92 | tick_ok=True | xau_open=True | current_symbol=XAUUSD.iux | startup=False
[2026-09-18 02:56:05] DEMO_PORTFOLIO_SCAN | XAUUSD.iux open active=LTS_AHR2
[2026-09-18 02:56:05] DEMO_PORTFOLIO_SCAN | XAUUSD.iux done active=LTS_AHR2
[2026-09-18 02:57:04] SYMBOL_CHECK | XAUUSD.iux trade_mode=4 xau_open=True | trade_mode=4 | tick_time=1789678625 | bid=4348.24 | ask=4348.38 | tick_ok=True | xau_open=True | current_symbol=XAUUSD.iux | startup=False
[2026-09-18 02:58:05] SYMBOL_CHECK | XAUUSD.iux trade_mode=4 xau_open=True | trade_mode=4 | tick_time=1789678685 | bid=4348.15 | ask=4348.29 | tick_ok=True | xau_open=True | current_symbol=XAUUSD.iux | startup=False
[2026-09-18 02:59:04] SYMBOL_CHECK | XAUUSD.iux trade_mode=4 xau_open=True | trade_mode=4 | tick_time=1789678745 | bid=4347.29 | ask=4347.43 | tick_ok=True | xau_open=True | current_symbol=XAUUSD.iux | startup=False
[2026-09-18 03:00:05] SYMBOL_CHECK | XAUUSD.iux trade_mode=4 xau_open=True | trade_mode=4 | tick_time=1789678805 | bid=4346.64 | ask=4346.78 | tick_ok=True | xau_open=True | current_symbol=XAUUSD.iux | startup=False
[2026-09-18 03:01:05] SYMBOL_CHECK | XAUUSD.iux trade_mode=4 xau_open=True | trade_mode=4 | tick_time=1789678865 | bid=4346.02 | ask=4346.16 | tick_ok=True | xau_open=True | current_symbol=XAUUSD.iux | startup=False
[2026-09-18 03:01:05] DEMO_PORTFOLIO_SCAN | XAUUSD.iux open active=LTS_AHR2
[2026-09-18 03:01:05] DEMO_PORTFOLIO_SCAN | XAUUSD.iux done active=LTS_AHR2
[2026-09-18 03:02:04] SYMBOL_CHECK | XAUUSD.iux trade_mode=4 xau_open=True | trade_mode=4 | tick_time=1789678925 | bid=4345.1 | ask=4345.24 | tick_ok=True | xau_open=True | current_symbol=XAUUSD.iux | startup=False
[2026-09-18 03:03:03] SYMBOL_CHECK | XAUUSD.iux trade_mode=4 xau_open=True | trade_mode=4 | tick_time=1789678985 | bid=4345.1 | ask=4345.24 | tick_ok=True | xau_open=True | current_symbol=XAUUSD.iux | startup=False
[2026-09-18 03:04:04] SYMBOL_CHECK | XAUUSD.iux trade_mode=4 xau_open=True | trade_mode=4 | tick_time=1789679045 | bid=4345.6 | ask=4345.74 | tick_ok=True | xau_open=True | current_symbol=XAUUSD.iux | startup=False
[2026-09-18 03:05:04] SYMBOL_CHECK | XAUUSD.iux trade_mode=4 xau_open=True | trade_mode=4 | tick_time=1789679105 | bid=4344.45 | ask=4344.59 | tick_ok=True | xau_open=True | current_symbol=XAUUSD.iux | startup=False
[2026-09-18 03:06:05] SYMBOL_CHECK | XAUUSD.iux trade_mode=4 xau_open=True | trade_mode=4 | tick_time=1789679165 | bid=4345.11 | ask=4345.25 | tick_ok=True | xau_open=True | current_symbol=XAUUSD.iux | startup=False
[2026-09-18 03:06:05] DEMO_PORTFOLIO_SCAN | XAUUSD.iux open active=LTS_AHR2
[2026-09-18 03:06:05] DEMO_PORTFOLIO_SCAN | XAUUSD.iux done active=LTS_AHR2
[2026-09-18 03:07:05] SYMBOL_CHECK | XAUUSD.iux trade_mode=4 xau_open=True | trade_mode=4 | tick_time=1789679225 | bid=4345.0 | ask=4345.14 | tick_ok=True | xau_open=True | current_symbol=XAUUSD.iux | startup=False
[2026-09-18 03:08:05] SYMBOL_CHECK | XAUUSD.iux trade_mode=4 xau_open=True | trade_mode=4 | tick_time=1789679284 | bid=4345.84 | ask=4345.98 | tick_ok=True | xau_open=True | current_symbol=XAUUSD.iux | startup=False
[2026-09-18 03:09:04] SYMBOL_CHECK | XAUUSD.iux trade_mode=4 xau_open=True | trade_mode=4 | tick_time=1789679345 | bid=4345.0 | ask=4345.14 | tick_ok=True | xau_open=True | current_symbol=XAUUSD.iux | startup=False
[2026-09-18 03:10:05] SYMBOL_CHECK | XAUUSD.iux trade_mode=4 xau_open=True | trade_mode=4 | tick_time=1789679404 | bid=4345.0 | ask=4345.14 | tick_ok=True | xau_open=True | current_symbol=XAUUSD.iux | startup=False
[2026-09-18 03:11:05] SYMBOL_CHECK | XAUUSD.iux trade_mode=4 xau_open=True | trade_mode=4 | tick_time=1789679465 | bid=4343.45 | ask=4343.59 | tick_ok=True | xau_open=True | current_symbol=XAUUSD.iux | startup=False
[2026-09-18 03:11:05] DEMO_PORTFOLIO_SCAN | XAUUSD.iux open active=LTS_AHR2
[2026-09-18 03:11:05] DEMO_PORTFOLIO_SCAN | XAUUSD.iux done active=LTS_AHR2
[2026-09-18 03:12:05] SYMBOL_CHECK | XAUUSD.iux trade_mode=4 xau_open=True | trade_mode=4 | tick_time=1789679525 | bid=4343.11 | ask=4343.25 | tick_ok=True | xau_open=True | current_symbol=XAUUSD.iux | startup=False
[2026-09-18 03:13:05] SYMBOL_CHECK | XAUUSD.iux trade_mode=4 xau_open=True | trade_mode=4 | tick_time=1789679584 | bid=4342.68 | ask=4342.82 | tick_ok=True | xau_open=True | current_symbol=XAUUSD.iux | startup=False
[2026-09-18 03:14:04] SYMBOL_CHECK | XAUUSD.iux trade_mode=4 xau_open=True | trade_mode=4 | tick_time=1789679645 | bid=4342.7 | ask=4342.84 | tick_ok=True | xau_open=True | current_symbol=XAUUSD.iux | startup=False
[2026-09-18 03:15:05] SYMBOL_CHECK | XAUUSD.iux trade_mode=4 xau_open=True | trade_mode=4 | tick_time=1789679702 | bid=4343.25 | ask=4343.39 | tick_ok=True | xau_open=True | current_symbol=XAUUSD.iux | startup=False
[2026-09-18 03:16:05] SYMBOL_CHECK | XAUUSD.iux trade_mode=4 xau_open=True | trade_mode=4 | tick_time=1789679765 | bid=4343.38 | ask=4343.52 | tick_ok=True | xau_open=True | current_symbol=XAUUSD.iux | startup=False
[2026-09-18 03:16:05] DEMO_PORTFOLIO_SCAN | XAUUSD.iux open active=LTS_AHR2
[2026-09-18 03:16:05] DEMO_PORTFOLIO_SCAN | XAUUSD.iux done active=LTS_AHR2
[2026-09-18 03:17:05] SYMBOL_CHECK | XAUUSD.iux trade_mode=4 xau_open=True | trade_mode=4 | tick_time=1789679825 | bid=4342.49 | ask=4342.63 | tick_ok=True | xau_open=True | current_symbol=XAUUSD.iux | startup=False
[2026-09-18 03:18:05] SYMBOL_CHECK | XAUUSD.iux trade_mode=4 xau_open=True | trade_mode=4 | tick_time=1789679881 | bid=4343.01 | ask=4343.15 | tick_ok=True | xau_open=True | current_symbol=XAUUSD.iux | startup=False
[2026-09-18 03:19:05] SYMBOL_CHECK | XAUUSD.iux trade_mode=4 xau_open=True | trade_mode=4 | tick_time=1789679944 | bid=4344.24 | ask=4344.38 | tick_ok=True | xau_open=True | current_symbol=XAUUSD.iux | startup=False
[2026-09-18 03:20:05] SYMBOL_CHECK | XAUUSD.iux trade_mode=4 xau_open=True | trade_mode=4 | tick_time=1789680005 | bid=4343.32 | ask=4343.46 | tick_ok=True | xau_open=True | current_symbol=XAUUSD.iux | startup=False
[2026-09-18 03:21:05] SYMBOL_CHECK | XAUUSD.iux trade_mode=4 xau_open=True | trade_mode=4 | tick_time=1789680063 | bid=4343.08 | ask=4343.22 | tick_ok=True | xau_open=True | current_symbol=XAUUSD.iux | startup=False
[2026-09-18 03:21:05] DEMO_PORTFOLIO_SCAN | XAUUSD.iux open active=LTS_AHR2
[2026-09-18 03:21:05] DEMO_PORTFOLIO_SCAN | XAUUSD.iux done active=LTS_AHR2
[2026-09-18 03:22:03] SYMBOL_CHECK | XAUUSD.iux trade_mode=4 xau_open=True | trade_mode=4 | tick_time=1789680125 | bid=4343.54 | ask=4343.68 | tick_ok=True | xau_open=True | current_symbol=XAUUSD.iux | startup=False
[2026-09-18 03:23:04] SYMBOL_CHECK | XAUUSD.iux trade_mode=4 xau_open=True | trade_mode=4 | tick_time=1789680184 | bid=4344.3 | ask=4344.44 | tick_ok=True | xau_open=True | current_symbol=XAUUSD.iux | startup=False
[2026-09-18 03:24:05] SYMBOL_CHECK | XAUUSD.iux trade_mode=4 xau_open=True | trade_mode=4 | tick_time=1789680245 | bid=4344.18 | ask=4344.32 | tick_ok=True | xau_open=True | current_symbol=XAUUSD.iux | startup=False
[2026-09-18 03:25:05] SYMBOL_CHECK | XAUUSD.iux trade_mode=4 xau_open=True | trade_mode=4 | tick_time=1789680305 | bid=4343.95 | ask=4344.09 | tick_ok=True | xau_open=True | current_symbol=XAUUSD.iux | startup=False
[2026-09-18 03:26:05] SYMBOL_CHECK | XAUUSD.iux trade_mode=4 xau_open=True | trade_mode=4 | tick_time=1789680365 | bid=4345.19 | ask=4345.33 | tick_ok=True | xau_open=True | current_symbol=XAUUSD.iux | startup=False
[2026-09-18 03:26:05] DEMO_PORTFOLIO_SCAN | XAUUSD.iux open active=LTS_AHR2
[2026-09-18 03:26:05] DEMO_PORTFOLIO_SCAN | XAUUSD.iux done active=LTS_AHR2
[2026-09-18 03:27:05] SYMBOL_CHECK | XAUUSD.iux trade_mode=4 xau_open=True | trade_mode=4 | tick_time=1789680424 | bid=4343.52 | ask=4343.66 | tick_ok=True | xau_open=True | current_symbol=XAUUSD.iux | startup=False
[2026-09-18 03:28:05] SYMBOL_CHECK | XAUUSD.iux trade_mode=4 xau_open=True | trade_mode=4 | tick_time=1789680485 | bid=4343.52 | ask=4343.66 | tick_ok=True | xau_open=True | current_symbol=XAUUSD.iux | startup=False
[2026-09-18 03:29:04] SYMBOL_CHECK | XAUUSD.iux trade_mode=4 xau_open=True | trade_mode=4 | tick_time=1789680545 | bid=4343.34 | ask=4343.48 | tick_ok=True | xau_open=True | current_symbol=XAUUSD.iux | startup=False
[2026-09-18 03:30:05] SYMBOL_CHECK | XAUUSD.iux trade_mode=4 xau_open=True | trade_mode=4 | tick_time=1789680605 | bid=4342.23 | ask=4342.37 | tick_ok=True | xau_open=True | current_symbol=XAUUSD.iux | startup=False
[2026-09-18 03:31:05] SYMBOL_CHECK | XAUUSD.iux trade_mode=4 xau_open=True | trade_mode=4 | tick_time=1789680664 | bid=4341.36 | ask=4341.5 | tick_ok=True | xau_open=True | current_symbol=XAUUSD.iux | startup=False
[2026-09-18 03:31:05] DEMO_PORTFOLIO_SCAN | XAUUSD.iux open active=LTS_AHR2
[2026-09-18 03:31:05] DEMO_PORTFOLIO_SCAN | XAUUSD.iux done active=LTS_AHR2
[2026-09-18 03:32:04] SYMBOL_CHECK | XAUUSD.iux trade_mode=4 xau_open=True | trade_mode=4 | tick_time=1789680725 | bid=4341.9 | ask=4342.04 | tick_ok=True | xau_open=True | current_symbol=XAUUSD.iux | startup=False
[2026-09-18 03:33:05] SYMBOL_CHECK | XAUUSD.iux trade_mode=4 xau_open=True | trade_mode=4 | tick_time=1789680783 | bid=4342.0 | ask=4342.14 | tick_ok=True | xau_open=True | current_symbol=XAUUSD.iux | startup=False
[2026-09-18 03:34:02] SYMBOL_CHECK | XAUUSD.iux trade_mode=4 xau_open=True | trade_mode=4 | tick_time=1789680845 | bid=4341.75 | ask=4341.89 | tick_ok=True | xau_open=True | current_symbol=XAUUSD.iux | startup=False
[2026-09-18 03:35:04] SYMBOL_CHECK | XAUUSD.iux trade_mode=4 xau_open=True | trade_mode=4 | tick_time=1789680903 | bid=4341.25 | ask=4341.39 | tick_ok=True | xau_open=True | current_symbol=XAUUSD.iux | startup=False
[2026-09-18 03:36:04] SYMBOL_CHECK | XAUUSD.iux trade_mode=4 xau_open=True | trade_mode=4 | tick_time=1789680964 | bid=4342.0 | ask=4342.14 | tick_ok=True | xau_open=True | current_symbol=XAUUSD.iux | startup=False
[2026-09-18 03:36:04] DEMO_PORTFOLIO_SCAN | XAUUSD.iux open active=LTS_AHR2
[2026-09-18 03:36:04] DEMO_PORTFOLIO_SCAN | XAUUSD.iux done active=LTS_AHR2
[2026-09-18 03:37:04] SYMBOL_CHECK | XAUUSD.iux trade_mode=4 xau_open=True | trade_mode=4 | tick_time=1789681025 | bid=4341.9 | ask=4342.04 | tick_ok=True | xau_open=True | current_symbol=XAUUSD.iux | startup=False
[2026-09-18 03:38:03] SYMBOL_CHECK | XAUUSD.iux trade_mode=4 xau_open=True | trade_mode=4 | tick_time=1789681081 | bid=4341.76 | ask=4341.9 | tick_ok=True | xau_open=True | current_symbol=XAUUSD.iux | startup=False
[2026-09-18 03:39:05] SYMBOL_CHECK | XAUUSD.iux trade_mode=4 xau_open=True | trade_mode=4 | tick_time=1789681144 | bid=4341.72 | ask=4341.86 | tick_ok=True | xau_open=True | current_symbol=XAUUSD.iux | startup=False
[2026-09-18 03:40:05] SYMBOL_CHECK | XAUUSD.iux trade_mode=4 xau_open=True | trade_mode=4 | tick_time=1789681205 | bid=4342.38 | ask=4342.52 | tick_ok=True | xau_open=True | current_symbol=XAUUSD.iux | startup=False
[2026-09-18 03:41:05] SYMBOL_CHECK | XAUUSD.iux trade_mode=4 xau_open=True | trade_mode=4 | tick_time=1789681265 | bid=4343.27 | ask=4343.41 | tick_ok=True | xau_open=True | current_symbol=XAUUSD.iux | startup=False
[2026-09-18 03:41:05] DEMO_PORTFOLIO_SCAN | XAUUSD.iux open active=LTS_AHR2
[2026-09-18 03:41:05] DEMO_PORTFOLIO_SCAN | XAUUSD.iux done active=LTS_AHR2
[2026-09-18 03:42:03] SYMBOL_CHECK | XAUUSD.iux trade_mode=4 xau_open=True | trade_mode=4 | tick_time=1789681325 | bid=4342.83 | ask=4342.97 | tick_ok=True | xau_open=True | current_symbol=XAUUSD.iux | startup=False
[2026-09-18 03:43:02] SYMBOL_CHECK | XAUUSD.iux trade_mode=4 xau_open=True | trade_mode=4 | tick_time=1789681382 | bid=4342.49 | ask=4342.63 | tick_ok=True | xau_open=True | current_symbol=XAUUSD.iux | startup=False
[2026-09-18 03:44:05] SYMBOL_CHECK | XAUUSD.iux trade_mode=4 xau_open=True | trade_mode=4 | tick_time=1789681445 | bid=4341.18 | ask=4341.32 | tick_ok=True | xau_open=True | current_symbol=XAUUSD.iux | startup=False
[2026-09-18 03:45:05] SYMBOL_CHECK | XAUUSD.iux trade_mode=4 xau_open=True | trade_mode=4 | tick_time=1789681505 | bid=4341.27 | ask=4341.41 | tick_ok=True | xau_open=True | current_symbol=XAUUSD.iux | startup=False
[2026-09-18 03:46:02] SYMBOL_CHECK | XAUUSD.iux trade_mode=4 xau_open=True | trade_mode=4 | tick_time=1789681562 | bid=4341.27 | ask=4341.41 | tick_ok=True | xau_open=True | current_symbol=XAUUSD.iux | startup=False
[2026-09-18 03:46:02] DEMO_PORTFOLIO_SCAN | XAUUSD.iux open active=LTS_AHR2
[2026-09-18 03:46:02] DEMO_PORTFOLIO_SCAN | XAUUSD.iux done active=LTS_AHR2
[2026-09-18 03:47:05] SYMBOL_CHECK | XAUUSD.iux trade_mode=4 xau_open=True | trade_mode=4 | tick_time=1789681625 | bid=4340.99 | ask=4341.13 | tick_ok=True | xau_open=True | current_symbol=XAUUSD.iux | startup=False
[2026-09-18 03:48:04] SYMBOL_CHECK | XAUUSD.iux trade_mode=4 xau_open=True | trade_mode=4 | tick_time=1789681684 | bid=4341.19 | ask=4341.33 | tick_ok=True | xau_open=True | current_symbol=XAUUSD.iux | startup=False
[2026-09-18 03:49:05] SYMBOL_CHECK | XAUUSD.iux trade_mode=4 xau_open=True | trade_mode=4 | tick_time=1789681745 | bid=4342.02 | ask=4342.16 | tick_ok=True | xau_open=True | current_symbol=XAUUSD.iux | startup=False
[2026-09-18 03:50:05] SYMBOL_CHECK | XAUUSD.iux trade_mode=4 xau_open=True | trade_mode=4 | tick_time=1789681805 | bid=4341.81 | ask=4341.95 | tick_ok=True | xau_open=True | current_symbol=XAUUSD.iux | startup=False
[2026-09-18 03:51:05] SYMBOL_CHECK | XAUUSD.iux trade_mode=4 xau_open=True | trade_mode=4 | tick_time=1789681865 | bid=4341.27 | ask=4341.41 | tick_ok=True | xau_open=True | current_symbol=XAUUSD.iux | startup=False
[2026-09-18 03:51:05] DEMO_PORTFOLIO_SCAN | XAUUSD.iux open active=LTS_AHR2
[2026-09-18 03:51:05] DEMO_PORTFOLIO_SCAN | XAUUSD.iux done active=LTS_AHR2
[2026-09-18 03:52:04] SYMBOL_CHECK | XAUUSD.iux trade_mode=4 xau_open=True | trade_mode=4 | tick_time=1789681924 | bid=4341.77 | ask=4341.91 | tick_ok=True | xau_open=True | current_symbol=XAUUSD.iux | startup=False
[2026-09-18 03:53:05] SYMBOL_CHECK | XAUUSD.iux trade_mode=4 xau_open=True | trade_mode=4 | tick_time=1789681985 | bid=4341.55 | ask=4341.69 | tick_ok=True | xau_open=True | current_symbol=XAUUSD.iux | startup=False
[2026-09-18 03:54:05] SYMBOL_CHECK | XAUUSD.iux trade_mode=4 xau_open=True | trade_mode=4 | tick_time=1789682045 | bid=4341.89 | ask=4342.03 | tick_ok=True | xau_open=True | current_symbol=XAUUSD.iux | startup=False
[2026-09-18 03:55:05] SYMBOL_CHECK | XAUUSD.iux trade_mode=4 xau_open=True | trade_mode=4 | tick_time=1789682105 | bid=4341.22 | ask=4341.5 | tick_ok=True | xau_open=True | current_symbol=XAUUSD.iux | startup=False
[2026-09-18 03:56:03] SYMBOL_CHECK | XAUUSD.iux trade_mode=4 xau_open=True | trade_mode=4 | tick_time=1789682162 | bid=4341.69 | ask=4341.97 | tick_ok=True | xau_open=True | current_symbol=XAUUSD.iux | startup=False
[2026-09-18 03:56:03] DEMO_PORTFOLIO_SCAN | XAUUSD.iux open active=LTS_AHR2
[2026-09-18 03:56:03] DEMO_PORTFOLIO_SCAN | XAUUSD.iux done active=LTS_AHR2
[2026-09-18 03:57:05] SYMBOL_CHECK | XAUUSD.iux trade_mode=4 xau_open=True | trade_mode=4 | tick_time=1789682224 | bid=4341.93 | ask=4342.21 | tick_ok=True | xau_open=True | current_symbol=XAUUSD.iux | startup=False
[2026-09-18 03:58:05] SYMBOL_CHECK | XAUUSD.iux trade_mode=4 xau_open=True | trade_mode=4 | tick_time=1789682277 | bid=4341.71 | ask=4341.99 | tick_ok=True | xau_open=True | current_symbol=XAUUSD.iux | startup=False
[2026-09-18 03:58:58] SYMBOL_CHECK | XAUUSD.iux trade_mode=4 xau_open=True | trade_mode=4 | tick_time=1789682277 | bid=4341.71 | ask=4341.99 | tick_ok=True | xau_open=True | current_symbol=XAUUSD.iux | startup=False
[2026-09-18 03:59:55] SYMBOL_CHECK | XAUUSD.iux trade_mode=4 xau_open=True | trade_mode=4 | tick_time=1789682277 | bid=4341.71 | ask=4341.99 | tick_ok=True | xau_open=True | current_symbol=XAUUSD.iux | startup=False
[2026-09-18 04:01:05] SYMBOL_CHECK | XAUUSD.iux trade_mode=4 xau_open=True | trade_mode=4 | tick_time=1789682277 | bid=4341.71 | ask=4341.99 | tick_ok=True | xau_open=True | current_symbol=XAUUSD.iux | startup=False
[2026-09-18 04:01:05] DEMO_PORTFOLIO_SCAN | XAUUSD.iux open active=LTS_AHR2
[2026-09-18 04:01:05] DEMO_PORTFOLIO_SCAN | XAUUSD.iux done active=LTS_AHR2
[2026-09-18 04:02:05] SYMBOL_CHECK | XAUUSD.iux trade_mode=4 xau_open=True | trade_mode=4 | tick_time=1789682277 | bid=4341.71 | ask=4341.99 | tick_ok=True | xau_open=True | current_symbol=XAUUSD.iux | startup=False
[2026-09-18 04:03:05] SYMBOL_CHECK | XAUUSD.iux trade_mode=4 xau_open=True | trade_mode=4 | tick_time=1789682277 | bid=4341.71 | ask=4341.99 | tick_ok=True | xau_open=True | current_symbol=XAUUSD.iux | startup=False
[2026-09-18 04:04:05] SYMBOL_CHECK | XAUUSD.iux trade_mode=4 xau_open=True | trade_mode=4 | tick_time=1789682277 | bid=4341.71 | ask=4341.99 | tick_ok=True | xau_open=True | current_symbol=XAUUSD.iux | startup=False
[2026-09-18 04:05:04] SYMBOL_CHECK | XAUUSD.iux trade_mode=4 xau_open=True | trade_mode=4 | tick_time=1789682277 | bid=4341.71 | ask=4341.99 | tick_ok=True | xau_open=True | current_symbol=XAUUSD.iux | startup=False
[2026-09-18 04:06:04] SYMBOL_CHECK | XAUUSD.iux trade_mode=4 xau_open=True | trade_mode=4 | tick_time=1789682277 | bid=4341.71 | ask=4341.99 | tick_ok=True | xau_open=True | current_symbol=XAUUSD.iux | startup=False
[2026-09-18 04:06:04] DEMO_PORTFOLIO_SCAN | XAUUSD.iux open active=LTS_AHR2
[2026-09-18 04:05:59] DEMO_PORTFOLIO_SCAN | XAUUSD.iux done active=LTS_AHR2
[2026-09-18 04:06:55] SYMBOL_CHECK | XAUUSD.iux trade_mode=4 xau_open=True | trade_mode=4 | tick_time=1789682277 | bid=4341.71 | ask=4341.99 | tick_ok=True | xau_open=True | current_symbol=XAUUSD.iux | startup=False
[2026-09-18 04:08:04] SYMBOL_CHECK | XAUUSD.iux trade_mode=4 xau_open=True | trade_mode=4 | tick_time=1789682277 | bid=4341.71 | ask=4341.99 | tick_ok=True | xau_open=True | current_symbol=XAUUSD.iux | startup=False
[2026-09-18 04:09:02] SYMBOL_CHECK | XAUUSD.iux trade_mode=4 xau_open=True | trade_mode=4 | tick_time=1789682277 | bid=4341.71 | ask=4341.99 | tick_ok=True | xau_open=True | current_symbol=XAUUSD.iux | startup=False
[2026-09-18 04:10:02] SYMBOL_CHECK | XAUUSD.iux trade_mode=4 xau_open=True | trade_mode=4 | tick_time=1789682277 | bid=4341.71 | ask=4341.99 | tick_ok=True | xau_open=True | current_symbol=XAUUSD.iux | startup=False
[2026-09-18 04:11:03] SYMBOL_CHECK | XAUUSD.iux trade_mode=4 xau_open=True | trade_mode=4 | tick_time=1789682277 | bid=4341.71 | ask=4341.99 | tick_ok=True | xau_open=True | current_symbol=XAUUSD.iux | startup=False
[2026-09-18 04:11:03] DEMO_PORTFOLIO_SCAN | XAUUSD.iux open active=LTS_AHR2
[2026-09-18 04:11:03] DEMO_PORTFOLIO_SCAN | XAUUSD.iux done active=LTS_AHR2
[2026-09-18 04:12:03] SYMBOL_CHECK | XAUUSD.iux trade_mode=4 xau_open=True | trade_mode=4 | tick_time=1789682277 | bid=4341.71 | ask=4341.99 | tick_ok=True | xau_open=True | current_symbol=XAUUSD.iux | startup=False
[2026-09-18 04:13:00] SYMBOL_CHECK | XAUUSD.iux trade_mode=4 xau_open=True | trade_mode=4 | tick_time=1789682277 | bid=4341.71 | ask=4341.99 | tick_ok=True | xau_open=True | current_symbol=XAUUSD.iux | startup=False
[2026-09-18 04:14:05] SYMBOL_CHECK | XAUUSD.iux trade_mode=4 xau_open=True | trade_mode=4 | tick_time=1789682277 | bid=4341.71 | ask=4341.99 | tick_ok=True | xau_open=True | current_symbol=XAUUSD.iux | startup=False
[2026-09-18 04:15:04] SYMBOL_CHECK | XAUUSD.iux trade_mode=4 xau_open=True | trade_mode=4 | tick_time=1789682277 | bid=4341.71 | ask=4341.99 | tick_ok=True | xau_open=True | current_symbol=XAUUSD.iux | startup=False
[2026-09-18 04:16:03] SYMBOL_CHECK | XAUUSD.iux trade_mode=4 xau_open=True | trade_mode=4 | tick_time=1789682277 | bid=4341.71 | ask=4341.99 | tick_ok=True | xau_open=True | current_symbol=XAUUSD.iux | startup=False
[2026-09-18 04:16:03] DEMO_PORTFOLIO_SCAN | XAUUSD.iux open active=LTS_AHR2
[2026-09-18 04:16:04] DEMO_PORTFOLIO_SCAN | XAUUSD.iux done active=LTS_AHR2
[2026-09-18 04:17:02] SYMBOL_CHECK | XAUUSD.iux trade_mode=4 xau_open=True | trade_mode=4 | tick_time=1789682277 | bid=4341.71 | ask=4341.99 | tick_ok=True | xau_open=True | current_symbol=XAUUSD.iux | startup=False
[2026-09-18 04:18:01] SYMBOL_CHECK | XAUUSD.iux trade_mode=4 xau_open=True | trade_mode=4 | tick_time=1789682277 | bid=4341.71 | ask=4341.99 | tick_ok=True | xau_open=True | current_symbol=XAUUSD.iux | startup=False
[2026-09-18 04:18:55] SYMBOL_CHECK | XAUUSD.iux trade_mode=4 xau_open=True | trade_mode=4 | tick_time=1789682277 | bid=4341.71 | ask=4341.99 | tick_ok=True | xau_open=True | current_symbol=XAUUSD.iux | startup=False
[2026-09-18 04:20:03] SYMBOL_CHECK | XAUUSD.iux trade_mode=4 xau_open=True | trade_mode=4 | tick_time=1789682277 | bid=4341.71 | ask=4341.99 | tick_ok=True | xau_open=True | current_symbol=XAUUSD.iux | startup=False
[2026-09-18 04:21:05] SYMBOL_CHECK | XAUUSD.iux trade_mode=4 xau_open=True | trade_mode=4 | tick_time=1789682277 | bid=4341.71 | ask=4341.99 | tick_ok=True | xau_open=True | current_symbol=XAUUSD.iux | startup=False
[2026-09-18 04:21:05] DEMO_PORTFOLIO_SCAN | XAUUSD.iux open active=LTS_AHR2
[2026-09-18 04:21:05] DEMO_PORTFOLIO_SCAN | XAUUSD.iux done active=LTS_AHR2
[2026-09-18 04:21:59] SYMBOL_CHECK | XAUUSD.iux trade_mode=4 xau_open=True | trade_mode=4 | tick_time=1789682277 | bid=4341.71 | ask=4341.99 | tick_ok=True | xau_open=True | current_symbol=XAUUSD.iux | startup=False
[2026-09-18 04:23:05] SYMBOL_CHECK | XAUUSD.iux trade_mode=4 xau_open=True | trade_mode=4 | tick_time=1789682277 | bid=4341.71 | ask=4341.99 | tick_ok=True | xau_open=True | current_symbol=XAUUSD.iux | startup=False
[2026-09-18 04:23:54] SYMBOL_CHECK | XAUUSD.iux trade_mode=4 xau_open=True | trade_mode=4 | tick_time=1789682277 | bid=4341.71 | ask=4341.99 | tick_ok=True | xau_open=True | current_symbol=XAUUSD.iux | startup=False
[2026-09-18 04:24:59] SYMBOL_CHECK | XAUUSD.iux trade_mode=4 xau_open=True | trade_mode=4 | tick_time=1789682277 | bid=4341.71 | ask=4341.99 | tick_ok=True | xau_open=True | current_symbol=XAUUSD.iux | startup=False
[2026-09-18 04:26:02] SYMBOL_CHECK | XAUUSD.iux trade_mode=4 xau_open=True | trade_mode=4 | tick_time=1789682277 | bid=4341.71 | ask=4341.99 | tick_ok=True | xau_open=True | current_symbol=XAUUSD.iux | startup=False
[2026-09-18 04:26:03] DEMO_PORTFOLIO_SCAN | XAUUSD.iux open active=LTS_AHR2
[2026-09-18 04:26:03] DEMO_PORTFOLIO_SCAN | XAUUSD.iux done active=LTS_AHR2
[2026-09-18 04:27:01] SYMBOL_CHECK | XAUUSD.iux trade_mode=4 xau_open=True | trade_mode=4 | tick_time=1789682277 | bid=4341.71 | ask=4341.99 | tick_ok=True | xau_open=True | current_symbol=XAUUSD.iux | startup=False
[2026-09-18 04:28:02] SYMBOL_CHECK | XAUUSD.iux trade_mode=4 xau_open=True | trade_mode=4 | tick_time=1789682277 | bid=4341.71 | ask=4341.99 | tick_ok=True | xau_open=True | current_symbol=XAUUSD.iux | startup=False
[2026-09-18 04:28:59] SYMBOL_CHECK | XAUUSD.iux trade_mode=4 xau_open=True | trade_mode=4 | tick_time=1789682277 | bid=4341.71 | ask=4341.99 | tick_ok=True | xau_open=True | current_symbol=XAUUSD.iux | startup=False
[2026-09-18 04:30:04] SYMBOL_CHECK | XAUUSD.iux trade_mode=4 xau_open=True | trade_mode=4 | tick_time=1789682277 | bid=4341.71 | ask=4341.99 | tick_ok=True | xau_open=True | current_symbol=XAUUSD.iux | startup=False
[2026-09-18 04:31:04] SYMBOL_CHECK | XAUUSD.iux trade_mode=4 xau_open=True | trade_mode=4 | tick_time=1789682277 | bid=4341.71 | ask=4341.99 | tick_ok=True | xau_open=True | current_symbol=XAUUSD.iux | startup=False
[2026-09-18 04:31:04] DEMO_PORTFOLIO_SCAN | XAUUSD.iux open active=LTS_AHR2
[2026-09-18 04:31:05] DEMO_PORTFOLIO_SCAN | XAUUSD.iux done active=LTS_AHR2
[2026-09-18 04:32:02] SYMBOL_CHECK | XAUUSD.iux trade_mode=4 xau_open=True | trade_mode=4 | tick_time=1789682277 | bid=4341.71 | ask=4341.99 | tick_ok=True | xau_open=True | current_symbol=XAUUSD.iux | startup=False
[2026-09-18 04:33:03] SYMBOL_CHECK | XAUUSD.iux trade_mode=4 xau_open=True | trade_mode=4 | tick_time=1789682277 | bid=4341.71 | ask=4341.99 | tick_ok=True | xau_open=True | current_symbol=XAUUSD.iux | startup=False
[2026-09-18 04:33:52] SYMBOL_CHECK | XAUUSD.iux trade_mode=4 xau_open=True | trade_mode=4 | tick_time=1789682277 | bid=4341.71 | ask=4341.99 | tick_ok=True | xau_open=True | current_symbol=XAUUSD.iux | startup=False
[2026-09-18 04:35:05] SYMBOL_CHECK | XAUUSD.iux trade_mode=4 xau_open=True | trade_mode=4 | tick_time=1789682277 | bid=4341.71 | ask=4341.99 | tick_ok=True | xau_open=True | current_symbol=XAUUSD.iux | startup=False
[2026-09-18 04:35:59] SYMBOL_CHECK | XAUUSD.iux trade_mode=4 xau_open=True | trade_mode=4 | tick_time=1789682277 | bid=4341.71 | ask=4341.99 | tick_ok=True | xau_open=True | current_symbol=XAUUSD.iux | startup=False
[2026-09-18 04:35:59] DEMO_PORTFOLIO_SCAN | XAUUSD.iux open active=LTS_AHR2
[2026-09-18 04:35:59] DEMO_PORTFOLIO_SCAN | XAUUSD.iux done active=LTS_AHR2
[2026-09-18 04:36:42] SYMBOL_CHECK | XAUUSD.iux trade_mode=4 xau_open=True | trade_mode=4 | tick_time=1789682277 | bid=4341.71 | ask=4341.99 | tick_ok=True | xau_open=True | current_symbol=XAUUSD.iux | startup=False
[2026-09-18 04:38:04] SYMBOL_CHECK | XAUUSD.iux trade_mode=4 xau_open=True | trade_mode=4 | tick_time=1789682277 | bid=4341.71 | ask=4341.99 | tick_ok=True | xau_open=True | current_symbol=XAUUSD.iux | startup=False
[2026-09-18 04:38:55] SYMBOL_CHECK | XAUUSD.iux trade_mode=4 xau_open=True | trade_mode=4 | tick_time=1789682277 | bid=4341.71 | ask=4341.99 | tick_ok=True | xau_open=True | current_symbol=XAUUSD.iux | startup=False
[2026-09-18 04:39:59] SYMBOL_CHECK | XAUUSD.iux trade_mode=4 xau_open=True | trade_mode=4 | tick_time=1789682277 | bid=4341.71 | ask=4341.99 | tick_ok=True | xau_open=True | current_symbol=XAUUSD.iux | startup=False
[2026-09-18 04:40:28] NEWS_FILTER_TRANSIENT | rate limited 429; keeping cached events=0
[2026-09-18 04:41:04] SYMBOL_CHECK | XAUUSD.iux trade_mode=4 xau_open=True | trade_mode=4 | tick_time=1789682277 | bid=4341.71 | ask=4341.99 | tick_ok=True | xau_open=True | current_symbol=XAUUSD.iux | startup=False
[2026-09-18 04:41:04] DEMO_PORTFOLIO_SCAN | XAUUSD.iux open active=LTS_AHR2
[2026-09-18 04:41:04] DEMO_PORTFOLIO_SCAN | XAUUSD.iux done active=LTS_AHR2
[2026-09-18 04:42:04] SYMBOL_CHECK | XAUUSD.iux trade_mode=4 xau_open=True | trade_mode=4 | tick_time=1789682277 | bid=4341.71 | ask=4341.99 | tick_ok=True | xau_open=True | current_symbol=XAUUSD.iux | startup=False
[2026-09-18 04:43:04] SYMBOL_CHECK | XAUUSD.iux trade_mode=4 xau_open=True | trade_mode=4 | tick_time=1789682277 | bid=4341.71 | ask=4341.99 | tick_ok=True | xau_open=True | current_symbol=XAUUSD.iux | startup=False
[2026-09-18 04:44:03] SYMBOL_CHECK | XAUUSD.iux trade_mode=4 xau_open=True | trade_mode=4 | tick_time=1789682277 | bid=4341.71 | ask=4341.99 | tick_ok=True | xau_open=True | current_symbol=XAUUSD.iux | startup=False
[2026-09-18 04:45:03] SYMBOL_CHECK | XAUUSD.iux trade_mode=4 xau_open=True | trade_mode=4 | tick_time=1789682277 | bid=4341.71 | ask=4341.99 | tick_ok=True | xau_open=True | current_symbol=XAUUSD.iux | startup=False
[2026-09-18 04:45:59] SYMBOL_CHECK | XAUUSD.iux trade_mode=4 xau_open=True | trade_mode=4 | tick_time=1789682277 | bid=4341.71 | ask=4341.99 | tick_ok=True | xau_open=True | current_symbol=XAUUSD.iux | startup=False
[2026-09-18 04:45:59] DEMO_PORTFOLIO_SCAN | XAUUSD.iux open active=LTS_AHR2
[2026-09-18 04:45:59] DEMO_PORTFOLIO_SCAN | XAUUSD.iux done active=LTS_AHR2
[2026-09-18 04:46:59] SYMBOL_CHECK | XAUUSD.iux trade_mode=4 xau_open=True | trade_mode=4 | tick_time=1789682277 | bid=4341.71 | ask=4341.99 | tick_ok=True | xau_open=True | current_symbol=XAUUSD.iux | startup=False
[2026-09-18 04:48:03] SYMBOL_CHECK | XAUUSD.iux trade_mode=4 xau_open=True | trade_mode=4 | tick_time=1789682277 | bid=4341.71 | ask=4341.99 | tick_ok=True | xau_open=True | current_symbol=XAUUSD.iux | startup=False
[2026-09-18 04:49:02] SYMBOL_CHECK | XAUUSD.iux trade_mode=4 xau_open=True | trade_mode=4 | tick_time=1789682277 | bid=4341.71 | ask=4341.99 | tick_ok=True | xau_open=True | current_symbol=XAUUSD.iux | startup=False
[2026-09-18 04:50:04] SYMBOL_CHECK | XAUUSD.iux trade_mode=4 xau_open=True | trade_mode=4 | tick_time=1789682277 | bid=4341.71 | ask=4341.99 | tick_ok=True | xau_open=True | current_symbol=XAUUSD.iux | startup=False
[2026-09-18 04:51:04] SYMBOL_CHECK | XAUUSD.iux trade_mode=4 xau_open=True | trade_mode=4 | tick_time=1789682277 | bid=4341.71 | ask=4341.99 | tick_ok=True | xau_open=True | current_symbol=XAUUSD.iux | startup=False
[2026-09-18 04:51:04] DEMO_PORTFOLIO_SCAN | XAUUSD.iux open active=LTS_AHR2
[2026-09-18 04:51:04] DEMO_PORTFOLIO_SCAN | XAUUSD.iux done active=LTS_AHR2
[2026-09-18 04:52:01] SYMBOL_CHECK | XAUUSD.iux trade_mode=4 xau_open=True | trade_mode=4 | tick_time=1789682277 | bid=4341.71 | ask=4341.99 | tick_ok=True | xau_open=True | current_symbol=XAUUSD.iux | startup=False
[2026-09-18 04:53:01] SYMBOL_CHECK | XAUUSD.iux trade_mode=4 xau_open=True | trade_mode=4 | tick_time=1789682277 | bid=4341.71 | ask=4341.99 | tick_ok=True | xau_open=True | current_symbol=XAUUSD.iux | startup=False
[2026-09-18 04:54:04] SYMBOL_CHECK | XAUUSD.iux trade_mode=4 xau_open=True | trade_mode=4 | tick_time=1789682277 | bid=4341.71 | ask=4341.99 | tick_ok=True | xau_open=True | current_symbol=XAUUSD.iux | startup=False
[2026-09-18 04:55:04] SYMBOL_CHECK | XAUUSD.iux trade_mode=4 xau_open=True | trade_mode=4 | tick_time=1789682277 | bid=4341.71 | ask=4341.99 | tick_ok=True | xau_open=True | current_symbol=XAUUSD.iux | startup=False
[2026-09-18 04:56:00] SYMBOL_CHECK | XAUUSD.iux trade_mode=4 xau_open=True | trade_mode=4 | tick_time=1789682277 | bid=4341.71 | ask=4341.99 | tick_ok=True | xau_open=True | current_symbol=XAUUSD.iux | startup=False
[2026-09-18 04:56:01] DEMO_PORTFOLIO_SCAN | XAUUSD.iux open active=LTS_AHR2
[2026-09-18 04:56:01] DEMO_PORTFOLIO_SCAN | XAUUSD.iux done active=LTS_AHR2
[2026-09-18 04:57:03] SYMBOL_CHECK | XAUUSD.iux trade_mode=4 xau_open=True | trade_mode=4 | tick_time=1789682277 | bid=4341.71 | ask=4341.99 | tick_ok=True | xau_open=True | current_symbol=XAUUSD.iux | startup=False
[2026-09-18 04:57:56] SYMBOL_CHECK | XAUUSD.iux trade_mode=4 xau_open=True | trade_mode=4 | tick_time=1789682277 | bid=4341.71 | ask=4341.99 | tick_ok=True | xau_open=True | current_symbol=XAUUSD.iux | startup=False
[2026-09-18 04:58:53] SYMBOL_CHECK | XAUUSD.iux trade_mode=4 xau_open=True | trade_mode=4 | tick_time=1789682277 | bid=4341.71 | ask=4341.99 | tick_ok=True | xau_open=True | current_symbol=XAUUSD.iux | startup=False
[2026-09-18 05:00:01] SYMBOL_CHECK | XAUUSD.iux trade_mode=4 xau_open=True | trade_mode=4 | tick_time=1789682277 | bid=4341.71 | ask=4341.99 | tick_ok=True | xau_open=True | current_symbol=XAUUSD.iux | startup=False
[2026-09-18 05:01:01] SYMBOL_CHECK | XAUUSD.iux trade_mode=4 xau_open=False | trade_mode=4 | tick_time=1789682277 | bid=4341.71 | ask=4341.99 | tick_ok=False | xau_open=False | current_symbol=XAUUSD.iux | startup=False
[2026-09-18 05:01:01] DEMO_PORTFOLIO_SKIP | XAUUSD.iux market closed - stale tick | active=LTS_AHR2
[2026-09-18 05:01:02] SWEEP_ACTIVATE | SWEEP_LOW | tf=M15 | ref_price=76395.03 | sweep_bar=05:45 18-Sep-2026 | confirm_bar=05:45 18-Sep-2026
[2026-09-18 05:01:03] SWEEP_ACTIVATE | SWEEP_LOW | tf=M30 | ref_price=75992.73 | sweep_bar=21:30 17-Sep-2026 | confirm_bar=22:00 17-Sep-2026
[2026-09-18 05:01:03] SWEEP_ACTIVATE | SWEEP_HIGH | tf=H1 | ref_price=77319.23 | sweep_bar=02:00 14-Sep-2026 | confirm_bar=03:00 14-Sep-2026
[2026-09-18 05:01:03] SWEEP_ACTIVATE | SWEEP_LOW | tf=H1 | ref_price=75278.93 | sweep_bar=02:00 17-Sep-2026 | confirm_bar=03:00 17-Sep-2026
[2026-09-18 05:01:03] TG_SENT | 🔵 *XAUUSD ปิด* → สลับไป BTCUSD.iux
[2026-09-18 05:01:03] SWEEP_ACTIVATE | SWEEP_LOW | tf=H4 | ref_price=77030.93 | sweep_bar=23:00 01-Sep-2026 | confirm_bar=03:00 02-Sep-2026
[2026-09-18 05:01:03] SWEEP_ACTIVATE | SWEEP_HIGH | tf=H4 | ref_price=81447.03 | sweep_bar=03:00 04-Sep-2026 | confirm_bar=07:00 04-Sep-2026
[2026-09-18 05:01:05] SCAN_TF_SLOW | scan_one_tf[H4] ใช้เวลา 3.42s > 2s | tf=H4 | duration=3.42
[2026-09-18 05:01:05] SWEEP_ACTIVATE | SWEEP_HIGH | tf=H12 | ref_price=65330.11 | sweep_bar=19:00 09-Aug-2026 | confirm_bar=07:00 10-Aug-2026
[2026-09-18 05:01:05] SWEEP_ACTIVATE | SWEEP_LOW | tf=H12 | ref_price=76221.03 | sweep_bar=19:00 11-Sep-2026 | confirm_bar=07:00 12-Sep-2026
[2026-09-18 05:01:12] SCAN_TF_SLOW | scan_one_tf[H12] ใช้เวลา 8.99s > 2s | tf=H12 | duration=8.99
[2026-09-18 05:01:12] SWEEP_ACTIVATE | SWEEP_LOW | tf=D1 | ref_price=58026.30 | sweep_bar=07:00 01-Jul-2026 | confirm_bar=07:00 02-Jul-2026
[2026-09-18 05:01:12] SWEEP_ACTIVATE | SWEEP_HIGH | tf=D1 | ref_price=81447.03 | sweep_bar=07:00 03-Sep-2026 | confirm_bar=07:00 04-Sep-2026
[2026-09-18 05:01:18] SCAN_TF_SLOW | scan_one_tf[D1] ใช้เวลา 15.45s > 2s | tf=D1 | duration=15.45
[2026-09-18 05:01:18] SCAN_SLOW | scan cycle ใช้เวลา 16.32s > 3s | breakdown=sl_tp_hits=0.18s cancel_pending=0.01s engulf_trail_sl=0.00s opposite_order_tp=0.00s entry_candle_quality=0.00s s3_maru_pending=0.00s fvg_pending=0.00s pb_pending=0.00s s12_management=0.02s scan_all_tf=16.09s export_trend_state=0.02s
[2026-09-18 05:01:19] TG_SENT | ⚡ *สั่งสแกนทันทีหลังสลับ symbol*  | 📈 SYMBOL: `BTCUSD.iux`
[2026-09-18 05:01:23] TG_SENT | 🚀 *Auto Scan เริ่มต้น!* | ━━━━━━━━━━━━━━━━━ | 📋 Strategy: *ไม่มี* | ⏰ Interval: *1 นาที* | 🕐 Timeframes: *M5,M15,M30,H1,H4,H12,D1*
[2026-09-18 05:02:04] SYMBOL_CHECK | XAUUSD.iux trade_mode=4 xau_open=True | trade_mode=4 | tick_time=1789686125 | bid=4342.37 | ask=4343.01 | tick_ok=True | xau_open=True | current_symbol=BTCUSD.iux | startup=False
[2026-09-18 05:02:05] SWEEP_RESET | SWEEP_LOW | tf=M30 | reason=trend_changed:SIDEWAY→BULL
[2026-09-18 05:02:05] SWEEP_RESET | SWEEP_LOW | tf=H1 | reason=trend_changed:BULL→SIDEWAY
[2026-09-18 05:02:07] SCAN_TF_SLOW | scan_one_tf[M30] ใช้เวลา 2.09s > 2s | tf=M30 | duration=2.09
[2026-09-18 05:02:07] TG_SENT | 🟡 *XAUUSD เปิดแล้ว* → สลับกลับ XAUUSD.iux
[2026-09-18 05:02:08] SCAN_TF_SLOW | scan_one_tf[H1] ใช้เวลา 2.86s > 2s | tf=H1 | duration=2.86
[2026-09-18 05:02:08] SWEEP_RESET | SWEEP_HIGH | tf=H4 | reason=expired
[2026-09-18 05:02:08] SCAN_TF_SLOW | scan_one_tf[H4] ใช้เวลา 3.28s > 2s | tf=H4 | duration=3.28
[2026-09-18 05:02:08] SCAN_TF_SLOW | scan_one_tf[H12] ใช้เวลา 3.57s > 2s | tf=H12 | duration=3.57
[2026-09-18 05:02:08] SCAN_TF_SLOW | scan_one_tf[D1] ใช้เวลา 3.56s > 2s | tf=D1 | duration=3.56
[2026-09-18 05:02:08] SCAN_SLOW | scan cycle ใช้เวลา 3.82s > 3s | breakdown=sl_tp_hits=0.00s cancel_pending=0.00s engulf_trail_sl=0.00s opposite_order_tp=0.00s entry_candle_quality=0.00s s3_maru_pending=0.00s fvg_pending=0.00s pb_pending=0.00s s12_management=0.00s scan_all_tf=3.80s export_trend_state=0.02s
[2026-09-18 05:02:11] TG_SENT | ⚡ *สั่งสแกนทันทีหลังสลับ symbol*  | 📈 SYMBOL: `XAUUSD.iux`
[2026-09-18 05:03:05] SYMBOL_CHECK | XAUUSD.iux trade_mode=4 xau_open=True | trade_mode=4 | tick_time=1789686185 | bid=4342.5 | ask=4342.9 | tick_ok=True | xau_open=True | current_symbol=XAUUSD.iux | startup=False
[2026-09-18 05:04:04] SYMBOL_CHECK | XAUUSD.iux trade_mode=4 xau_open=True | trade_mode=4 | tick_time=1789686245 | bid=4342.83 | ask=4343.31 | tick_ok=True | xau_open=True | current_symbol=XAUUSD.iux | startup=False
[2026-09-18 05:05:04] SYMBOL_CHECK | XAUUSD.iux trade_mode=4 xau_open=True | trade_mode=4 | tick_time=1789686305 | bid=4342.82 | ask=4343.34 | tick_ok=True | xau_open=True | current_symbol=XAUUSD.iux | startup=False
[2026-09-18 05:06:04] SYMBOL_CHECK | XAUUSD.iux trade_mode=4 xau_open=True | trade_mode=4 | tick_time=1789686365 | bid=4341.88 | ask=4342.41 | tick_ok=True | xau_open=True | current_symbol=XAUUSD.iux | startup=False
[2026-09-18 05:06:05] DEMO_PORTFOLIO_SCAN | XAUUSD.iux open active=LTS_AHR2
[2026-09-18 05:06:05] DEMO_PORTFOLIO_SCAN | XAUUSD.iux done active=LTS_AHR2
[2026-09-18 05:07:05] SYMBOL_CHECK | XAUUSD.iux trade_mode=4 xau_open=True | trade_mode=4 | tick_time=1789686421 | bid=4342.06 | ask=4342.2 | tick_ok=True | xau_open=True | current_symbol=XAUUSD.iux | startup=False
[2026-09-18 05:08:05] SYMBOL_CHECK | XAUUSD.iux trade_mode=4 xau_open=True | trade_mode=4 | tick_time=1789686482 | bid=4342.42 | ask=4342.56 | tick_ok=True | xau_open=True | current_symbol=XAUUSD.iux | startup=False
[2026-09-18 05:09:04] SYMBOL_CHECK | XAUUSD.iux trade_mode=4 xau_open=True | trade_mode=4 | tick_time=1789686545 | bid=4342.35 | ask=4342.49 | tick_ok=True | xau_open=True | current_symbol=XAUUSD.iux | startup=False
[2026-09-18 05:10:04] SYMBOL_CHECK | XAUUSD.iux trade_mode=4 xau_open=True | trade_mode=4 | tick_time=1789686600 | bid=4342.73 | ask=4342.87 | tick_ok=True | xau_open=True | current_symbol=XAUUSD.iux | startup=False
[2026-09-18 05:11:04] SYMBOL_CHECK | XAUUSD.iux trade_mode=4 xau_open=True | trade_mode=4 | tick_time=1789686665 | bid=4341.93 | ask=4342.07 | tick_ok=True | xau_open=True | current_symbol=XAUUSD.iux | startup=False
[2026-09-18 05:11:05] DEMO_PORTFOLIO_SCAN | XAUUSD.iux open active=LTS_AHR2
[2026-09-18 05:11:05] DEMO_PORTFOLIO_SCAN | XAUUSD.iux done active=LTS_AHR2
[2026-09-18 05:12:05] SYMBOL_CHECK | XAUUSD.iux trade_mode=4 xau_open=True | trade_mode=4 | tick_time=1789686725 | bid=4342.94 | ask=4343.08 | tick_ok=True | xau_open=True | current_symbol=XAUUSD.iux | startup=False
[2026-09-18 05:13:04] SYMBOL_CHECK | XAUUSD.iux trade_mode=4 xau_open=True | trade_mode=4 | tick_time=1789686785 | bid=4343.58 | ask=4343.72 | tick_ok=True | xau_open=True | current_symbol=XAUUSD.iux | startup=False
[2026-09-18 05:14:05] SYMBOL_CHECK | XAUUSD.iux trade_mode=4 xau_open=True | trade_mode=4 | tick_time=1789686843 | bid=4344.51 | ask=4344.65 | tick_ok=True | xau_open=True | current_symbol=XAUUSD.iux | startup=False
[2026-09-18 05:15:05] SYMBOL_CHECK | XAUUSD.iux trade_mode=4 xau_open=True | trade_mode=4 | tick_time=1789686904 | bid=4344.65 | ask=4344.79 | tick_ok=True | xau_open=True | current_symbol=XAUUSD.iux | startup=False
[2026-09-18 05:16:05] SYMBOL_CHECK | XAUUSD.iux trade_mode=4 xau_open=True | trade_mode=4 | tick_time=1789686965 | bid=4344.74 | ask=4344.88 | tick_ok=True | xau_open=True | current_symbol=XAUUSD.iux | startup=False
[2026-09-18 05:16:05] DEMO_PORTFOLIO_SCAN | XAUUSD.iux open active=LTS_AHR2
[2026-09-18 05:16:05] DEMO_PORTFOLIO_SCAN | XAUUSD.iux done active=LTS_AHR2
[2026-09-18 05:17:05] SYMBOL_CHECK | XAUUSD.iux trade_mode=4 xau_open=True | trade_mode=4 | tick_time=1789687025 | bid=4344.67 | ask=4344.81 | tick_ok=True | xau_open=True | current_symbol=XAUUSD.iux | startup=False
[2026-09-18 05:18:05] SYMBOL_CHECK | XAUUSD.iux trade_mode=4 xau_open=True | trade_mode=4 | tick_time=1789687085 | bid=4342.64 | ask=4342.78 | tick_ok=True | xau_open=True | current_symbol=XAUUSD.iux | startup=False
[2026-09-18 05:19:05] SYMBOL_CHECK | XAUUSD.iux trade_mode=4 xau_open=True | trade_mode=4 | tick_time=1789687143 | bid=4342.16 | ask=4342.3 | tick_ok=True | xau_open=True | current_symbol=XAUUSD.iux | startup=False
[2026-09-18 05:20:03] SYMBOL_CHECK | XAUUSD.iux trade_mode=4 xau_open=True | trade_mode=4 | tick_time=1789687199 | bid=4342.01 | ask=4342.15 | tick_ok=True | xau_open=True | current_symbol=XAUUSD.iux | startup=False
[2026-09-18 05:21:05] SYMBOL_CHECK | XAUUSD.iux trade_mode=4 xau_open=True | trade_mode=4 | tick_time=1789687261 | bid=4343.09 | ask=4343.23 | tick_ok=True | xau_open=True | current_symbol=XAUUSD.iux | startup=False
[2026-09-18 05:21:05] DEMO_PORTFOLIO_SCAN | XAUUSD.iux open active=LTS_AHR2
[2026-09-18 05:21:05] DEMO_PORTFOLIO_SCAN | XAUUSD.iux done active=LTS_AHR2
[2026-09-18 05:22:05] SYMBOL_CHECK | XAUUSD.iux trade_mode=4 xau_open=True | trade_mode=4 | tick_time=1789687325 | bid=4343.37 | ask=4343.51 | tick_ok=True | xau_open=True | current_symbol=XAUUSD.iux | startup=False
[2026-09-18 05:23:05] SYMBOL_CHECK | XAUUSD.iux trade_mode=4 xau_open=True | trade_mode=4 | tick_time=1789687385 | bid=4343.34 | ask=4343.48 | tick_ok=True | xau_open=True | current_symbol=XAUUSD.iux | startup=False
[2026-09-18 05:24:04] SYMBOL_CHECK | XAUUSD.iux trade_mode=4 xau_open=True | trade_mode=4 | tick_time=1789687444 | bid=4342.74 | ask=4342.88 | tick_ok=True | xau_open=True | current_symbol=XAUUSD.iux | startup=False
[2026-09-18 05:25:04] SYMBOL_CHECK | XAUUSD.iux trade_mode=4 xau_open=True | trade_mode=4 | tick_time=1789687503 | bid=4342.83 | ask=4342.97 | tick_ok=True | xau_open=True | current_symbol=XAUUSD.iux | startup=False
[2026-09-18 05:26:05] SYMBOL_CHECK | XAUUSD.iux trade_mode=4 xau_open=True | trade_mode=4 | tick_time=1789687565 | bid=4342.98 | ask=4343.12 | tick_ok=True | xau_open=True | current_symbol=XAUUSD.iux | startup=False
[2026-09-18 05:26:05] DEMO_PORTFOLIO_SCAN | XAUUSD.iux open active=LTS_AHR2
[2026-09-18 05:26:05] DEMO_PORTFOLIO_SCAN | XAUUSD.iux done active=LTS_AHR2
[2026-09-18 05:27:04] SYMBOL_CHECK | XAUUSD.iux trade_mode=4 xau_open=True | trade_mode=4 | tick_time=1789687622 | bid=4342.65 | ask=4342.79 | tick_ok=True | xau_open=True | current_symbol=XAUUSD.iux | startup=False
[2026-09-18 05:28:05] SYMBOL_CHECK | XAUUSD.iux trade_mode=4 xau_open=True | trade_mode=4 | tick_time=1789687685 | bid=4342.74 | ask=4342.88 | tick_ok=True | xau_open=True | current_symbol=XAUUSD.iux | startup=False
[2026-09-18 05:29:05] SYMBOL_CHECK | XAUUSD.iux trade_mode=4 xau_open=True | trade_mode=4 | tick_time=1789687744 | bid=4343.24 | ask=4343.38 | tick_ok=True | xau_open=True | current_symbol=XAUUSD.iux | startup=False
[2026-09-18 05:30:05] SYMBOL_CHECK | XAUUSD.iux trade_mode=4 xau_open=True | trade_mode=4 | tick_time=1789687805 | bid=4344.97 | ask=4345.11 | tick_ok=True | xau_open=True | current_symbol=XAUUSD.iux | startup=False
[2026-09-18 05:31:05] SYMBOL_CHECK | XAUUSD.iux trade_mode=4 xau_open=True | trade_mode=4 | tick_time=1789687865 | bid=4345.81 | ask=4345.95 | tick_ok=True | xau_open=True | current_symbol=XAUUSD.iux | startup=False
[2026-09-18 05:31:05] DEMO_PORTFOLIO_SCAN | XAUUSD.iux open active=LTS_AHR2
[2026-09-18 05:31:05] DEMO_PORTFOLIO_PENDING_ARM | LTS_AHR2_671 BUY entry=4344.94 sl=4311.913928571428 tp=4394.479107142857 lot=2.00 expires=5bars
[2026-09-18 05:31:05] DEMO_PORTFOLIO_PENDING_ARM | LTS_AHR2_672 SELL entry=4344.94 sl=4394.479107142857 tp=4311.913928571428 lot=2.00 expires=5bars
[2026-09-18 05:31:05] DEMO_PORTFOLIO_PENDING_FILL | LTS_AHR2_672 SELL lot=2.00 entry=4344.94 sl=4394.479107142857 tp=4311.913928571428 success=True ticket=587424419 err=None
[2026-09-18 05:31:05] DEMO_PORTFOLIO_SCAN | XAUUSD.iux done active=LTS_AHR2
[2026-09-18 05:31:06] TG_SENT | [AF SIGNAL] *🔥✨ Avengers High Risk v2* | Leg: `LTS_AHR2_672 INVERSE_S97_M30` | SELL @ pending-fill market lot `2.00` | Entry `4344.94` SL `4394.48` TP `4311.91` | Ticket: `587424419`
[2026-09-18 05:32:05] SYMBOL_CHECK | XAUUSD.iux trade_mode=4 xau_open=True | trade_mode=4 | tick_time=1789687924 | bid=4347.43 | ask=4347.57 | tick_ok=True | xau_open=True | current_symbol=XAUUSD.iux | startup=False
[2026-09-18 05:33:05] SYMBOL_CHECK | XAUUSD.iux trade_mode=4 xau_open=True | trade_mode=4 | tick_time=1789687985 | bid=4347.62 | ask=4347.76 | tick_ok=True | xau_open=True | current_symbol=XAUUSD.iux | startup=False
[2026-09-18 05:34:05] SYMBOL_CHECK | XAUUSD.iux trade_mode=4 xau_open=True | trade_mode=4 | tick_time=1789688045 | bid=4346.93 | ask=4347.07 | tick_ok=True | xau_open=True | current_symbol=XAUUSD.iux | startup=False
[2026-09-18 05:35:05] SYMBOL_CHECK | XAUUSD.iux trade_mode=4 xau_open=True | trade_mode=4 | tick_time=1789688105 | bid=4347.16 | ask=4347.3 | tick_ok=True | xau_open=True | current_symbol=XAUUSD.iux | startup=False
[2026-09-18 05:36:05] SYMBOL_CHECK | XAUUSD.iux trade_mode=4 xau_open=True | trade_mode=4 | tick_time=1789688165 | bid=4348.91 | ask=4349.05 | tick_ok=True | xau_open=True | current_symbol=XAUUSD.iux | startup=False
[2026-09-18 05:36:05] DEMO_PORTFOLIO_SCAN | XAUUSD.iux open active=LTS_AHR2
[2026-09-18 05:36:05] DEMO_PORTFOLIO_SCAN | XAUUSD.iux done active=LTS_AHR2
[2026-09-18 05:37:05] SYMBOL_CHECK | XAUUSD.iux trade_mode=4 xau_open=True | trade_mode=4 | tick_time=1789688225 | bid=4349.24 | ask=4349.38 | tick_ok=True | xau_open=True | current_symbol=XAUUSD.iux | startup=False
[2026-09-18 05:38:05] SYMBOL_CHECK | XAUUSD.iux trade_mode=4 xau_open=True | trade_mode=4 | tick_time=1789688285 | bid=4348.15 | ask=4348.29 | tick_ok=True | xau_open=True | current_symbol=XAUUSD.iux | startup=False
[2026-09-18 05:39:05] SYMBOL_CHECK | XAUUSD.iux trade_mode=4 xau_open=True | trade_mode=4 | tick_time=1789688345 | bid=4349.24 | ask=4349.38 | tick_ok=True | xau_open=True | current_symbol=XAUUSD.iux | startup=False
[2026-09-18 05:40:05] SYMBOL_CHECK | XAUUSD.iux trade_mode=4 xau_open=True | trade_mode=4 | tick_time=1789688405 | bid=4348.62 | ask=4348.76 | tick_ok=True | xau_open=True | current_symbol=XAUUSD.iux | startup=False
[2026-09-18 05:41:05] SYMBOL_CHECK | XAUUSD.iux trade_mode=4 xau_open=True | trade_mode=4 | tick_time=1789688465 | bid=4348.52 | ask=4348.66 | tick_ok=True | xau_open=True | current_symbol=XAUUSD.iux | startup=False
[2026-09-18 05:41:05] DEMO_PORTFOLIO_SCAN | XAUUSD.iux open active=LTS_AHR2
[2026-09-18 05:41:05] DEMO_PORTFOLIO_SCAN | XAUUSD.iux done active=LTS_AHR2
[2026-09-18 05:42:05] SYMBOL_CHECK | XAUUSD.iux trade_mode=4 xau_open=True | trade_mode=4 | tick_time=1789688525 | bid=4348.24 | ask=4348.38 | tick_ok=True | xau_open=True | current_symbol=XAUUSD.iux | startup=False
[2026-09-18 05:43:04] SYMBOL_CHECK | XAUUSD.iux trade_mode=4 xau_open=True | trade_mode=4 | tick_time=1789688585 | bid=4347.03 | ask=4347.17 | tick_ok=True | xau_open=True | current_symbol=XAUUSD.iux | startup=False
[2026-09-18 05:44:05] SYMBOL_CHECK | XAUUSD.iux trade_mode=4 xau_open=True | trade_mode=4 | tick_time=1789688645 | bid=4345.24 | ask=4345.38 | tick_ok=True | xau_open=True | current_symbol=XAUUSD.iux | startup=False
[2026-09-18 05:45:05] SYMBOL_CHECK | XAUUSD.iux trade_mode=4 xau_open=True | trade_mode=4 | tick_time=1789688705 | bid=4344.2 | ask=4344.34 | tick_ok=True | xau_open=True | current_symbol=XAUUSD.iux | startup=False
[2026-09-18 05:46:05] SYMBOL_CHECK | XAUUSD.iux trade_mode=4 xau_open=True | trade_mode=4 | tick_time=1789688765 | bid=4344.83 | ask=4344.97 | tick_ok=True | xau_open=True | current_symbol=XAUUSD.iux | startup=False
[2026-09-18 05:46:05] DEMO_PORTFOLIO_SCAN | XAUUSD.iux open active=LTS_AHR2
[2026-09-18 05:46:05] DEMO_PORTFOLIO_SCAN | XAUUSD.iux done active=LTS_AHR2
[2026-09-18 05:47:04] SYMBOL_CHECK | XAUUSD.iux trade_mode=4 xau_open=True | trade_mode=4 | tick_time=1789688824 | bid=4343.59 | ask=4343.73 | tick_ok=True | xau_open=True | current_symbol=XAUUSD.iux | startup=False
[2026-09-18 05:48:05] SYMBOL_CHECK | XAUUSD.iux trade_mode=4 xau_open=True | trade_mode=4 | tick_time=1789688885 | bid=4343.76 | ask=4343.9 | tick_ok=True | xau_open=True | current_symbol=XAUUSD.iux | startup=False
[2026-09-18 05:49:04] SYMBOL_CHECK | XAUUSD.iux trade_mode=4 xau_open=True | trade_mode=4 | tick_time=1789688944 | bid=4342.9 | ask=4343.04 | tick_ok=True | xau_open=True | current_symbol=XAUUSD.iux | startup=False
[2026-09-18 05:50:05] SYMBOL_CHECK | XAUUSD.iux trade_mode=4 xau_open=True | trade_mode=4 | tick_time=1789689005 | bid=4342.38 | ask=4342.52 | tick_ok=True | xau_open=True | current_symbol=XAUUSD.iux | startup=False
[2026-09-18 05:51:03] SYMBOL_CHECK | XAUUSD.iux trade_mode=4 xau_open=True | trade_mode=4 | tick_time=1789689063 | bid=4342.39 | ask=4342.53 | tick_ok=True | xau_open=True | current_symbol=XAUUSD.iux | startup=False
[2026-09-18 05:51:03] DEMO_PORTFOLIO_SCAN | XAUUSD.iux open active=LTS_AHR2
[2026-09-18 05:51:03] DEMO_PORTFOLIO_PENDING_FILL | LTS_AHR2_671 BUY lot=2.00 entry=4344.94 sl=4311.913928571428 tp=4394.479107142857 success=False ticket=None err=10034 — Volume limit reached
[2026-09-18 05:51:03] DEMO_PORTFOLIO_SCAN | XAUUSD.iux done active=LTS_AHR2
[2026-09-18 05:51:03] TG_SENT | Demo Portfolio LTS_AHR2_671 pending-fill failed: 10034 — Volume limit reached
[2026-09-18 05:52:05] SYMBOL_CHECK | XAUUSD.iux trade_mode=4 xau_open=True | trade_mode=4 | tick_time=1789689125 | bid=4342.48 | ask=4342.62 | tick_ok=True | xau_open=True | current_symbol=XAUUSD.iux | startup=False
[2026-09-18 05:53:03] SYMBOL_CHECK | XAUUSD.iux trade_mode=4 xau_open=True | trade_mode=4 | tick_time=1789689183 | bid=4342.92 | ask=4343.06 | tick_ok=True | xau_open=True | current_symbol=XAUUSD.iux | startup=False
[2026-09-18 05:54:05] SYMBOL_CHECK | XAUUSD.iux trade_mode=4 xau_open=True | trade_mode=4 | tick_time=1789689245 | bid=4343.37 | ask=4343.51 | tick_ok=True | xau_open=True | current_symbol=XAUUSD.iux | startup=False
[2026-09-18 05:55:05] SYMBOL_CHECK | XAUUSD.iux trade_mode=4 xau_open=True | trade_mode=4 | tick_time=1789689305 | bid=4345.0 | ask=4345.14 | tick_ok=True | xau_open=True | current_symbol=XAUUSD.iux | startup=False
[2026-09-18 05:56:05] SYMBOL_CHECK | XAUUSD.iux trade_mode=4 xau_open=True | trade_mode=4 | tick_time=1789689365 | bid=4341.96 | ask=4342.1 | tick_ok=True | xau_open=True | current_symbol=XAUUSD.iux | startup=False
[2026-09-18 05:56:05] DEMO_PORTFOLIO_SCAN | XAUUSD.iux open active=LTS_AHR2
[2026-09-18 05:56:05] DEMO_PORTFOLIO_SCAN | XAUUSD.iux done active=LTS_AHR2
[2026-09-18 05:57:04] SYMBOL_CHECK | XAUUSD.iux trade_mode=4 xau_open=True | trade_mode=4 | tick_time=1789689424 | bid=4344.92 | ask=4345.06 | tick_ok=True | xau_open=True | current_symbol=XAUUSD.iux | startup=False
[2026-09-18 05:58:05] SYMBOL_CHECK | XAUUSD.iux trade_mode=4 xau_open=True | trade_mode=4 | tick_time=1789689485 | bid=4343.66 | ask=4343.8 | tick_ok=True | xau_open=True | current_symbol=XAUUSD.iux | startup=False
[2026-09-18 05:59:05] SYMBOL_CHECK | XAUUSD.iux trade_mode=4 xau_open=True | trade_mode=4 | tick_time=1789689542 | bid=4344.44 | ask=4344.58 | tick_ok=True | xau_open=True | current_symbol=XAUUSD.iux | startup=False
[2026-09-18 06:00:05] SYMBOL_CHECK | XAUUSD.iux trade_mode=4 xau_open=True | trade_mode=4 | tick_time=1789689605 | bid=4344.61 | ask=4344.75 | tick_ok=True | xau_open=True | current_symbol=XAUUSD.iux | startup=False
[2026-09-18 06:01:05] SYMBOL_CHECK | XAUUSD.iux trade_mode=4 xau_open=True | trade_mode=4 | tick_time=1789689665 | bid=4342.58 | ask=4342.72 | tick_ok=True | xau_open=True | current_symbol=XAUUSD.iux | startup=False
[2026-09-18 06:01:05] DEMO_PORTFOLIO_SCAN | XAUUSD.iux open active=LTS_AHR2
[2026-09-18 06:01:05] DEMO_PORTFOLIO_PENDING_ARM | LTS_AHR2_675 BUY entry=4344.44 sl=4305.077857142857 tp=4423.164285714284 lot=2.00 expires=5bars
[2026-09-18 06:01:05] DEMO_PORTFOLIO_PENDING_FILL | LTS_AHR2_675 BUY lot=2.00 entry=4344.44 sl=4305.077857142857 tp=4423.164285714284 success=False ticket=None err=10034 — Volume limit reached
[2026-09-18 06:01:05] DEMO_PORTFOLIO_PENDING_ARM | LTS_AHR2_676 SELL entry=4344.44 sl=4423.164285714284 tp=4305.077857142857 lot=2.00 expires=5bars
[2026-09-18 06:01:05] DEMO_PORTFOLIO_SCAN | XAUUSD.iux done active=LTS_AHR2
[2026-09-18 06:01:06] TG_SENT | Demo Portfolio LTS_AHR2_675 pending-fill failed: 10034 — Volume limit reached
[2026-09-18 06:02:05] SYMBOL_CHECK | XAUUSD.iux trade_mode=4 xau_open=True | trade_mode=4 | tick_time=1789689724 | bid=4343.07 | ask=4343.21 | tick_ok=True | xau_open=True | current_symbol=XAUUSD.iux | startup=False
[2026-09-18 06:03:05] SYMBOL_CHECK | XAUUSD.iux trade_mode=4 xau_open=True | trade_mode=4 | tick_time=1789689785 | bid=4343.76 | ask=4343.9 | tick_ok=True | xau_open=True | current_symbol=XAUUSD.iux | startup=False
[2026-09-18 06:04:04] SYMBOL_CHECK | XAUUSD.iux trade_mode=4 xau_open=True | trade_mode=4 | tick_time=1789689844 | bid=4344.32 | ask=4344.46 | tick_ok=True | xau_open=True | current_symbol=XAUUSD.iux | startup=False
[2026-09-18 06:05:05] SYMBOL_CHECK | XAUUSD.iux trade_mode=4 xau_open=True | trade_mode=4 | tick_time=1789689905 | bid=4343.94 | ask=4344.08 | tick_ok=True | xau_open=True | current_symbol=XAUUSD.iux | startup=False
[2026-09-18 06:06:05] SYMBOL_CHECK | XAUUSD.iux trade_mode=4 xau_open=True | trade_mode=4 | tick_time=1789689965 | bid=4343.75 | ask=4343.89 | tick_ok=True | xau_open=True | current_symbol=XAUUSD.iux | startup=False
[2026-09-18 06:06:05] DEMO_PORTFOLIO_SCAN | XAUUSD.iux open active=LTS_AHR2
[2026-09-18 06:06:05] DEMO_PORTFOLIO_SCAN | XAUUSD.iux done active=LTS_AHR2
[2026-09-18 06:07:05] SYMBOL_CHECK | XAUUSD.iux trade_mode=4 xau_open=True | trade_mode=4 | tick_time=1789690025 | bid=4343.35 | ask=4343.49 | tick_ok=True | xau_open=True | current_symbol=XAUUSD.iux | startup=False
[2026-09-18 06:08:03] SYMBOL_CHECK | XAUUSD.iux trade_mode=4 xau_open=True | trade_mode=4 | tick_time=1789690085 | bid=4343.89 | ask=4344.03 | tick_ok=True | xau_open=True | current_symbol=XAUUSD.iux | startup=False
[2026-09-18 06:09:04] SYMBOL_CHECK | XAUUSD.iux trade_mode=4 xau_open=True | trade_mode=4 | tick_time=1789690144 | bid=4343.94 | ask=4344.08 | tick_ok=True | xau_open=True | current_symbol=XAUUSD.iux | startup=False
[2026-09-18 06:10:05] SYMBOL_CHECK | XAUUSD.iux trade_mode=4 xau_open=True | trade_mode=4 | tick_time=1789690205 | bid=4344.05 | ask=4344.19 | tick_ok=True | xau_open=True | current_symbol=XAUUSD.iux | startup=False
[2026-09-18 06:11:05] SYMBOL_CHECK | XAUUSD.iux trade_mode=4 xau_open=True | trade_mode=4 | tick_time=1789690265 | bid=4345.74 | ask=4345.88 | tick_ok=True | xau_open=True | current_symbol=XAUUSD.iux | startup=False
[2026-09-18 06:11:05] DEMO_PORTFOLIO_SCAN | XAUUSD.iux open active=LTS_AHR2
[2026-09-18 06:11:05] DEMO_PORTFOLIO_PENDING_FILL | LTS_AHR2_676 SELL lot=2.00 entry=4344.44 sl=4423.164285714284 tp=4305.077857142857 success=True ticket=587430741 err=None
[2026-09-18 06:11:05] DEMO_PORTFOLIO_SCAN | XAUUSD.iux done active=LTS_AHR2
[2026-09-18 06:11:05] TG_SENT | [AF SIGNAL] *🔥✨ Avengers High Risk v2* | Leg: `LTS_AHR2_676 INVERSE_S96_H1` | SELL @ pending-fill market lot `2.00` | Entry `4344.44` SL `4423.16` TP `4305.08` | Ticket: `587430741`
[2026-09-18 06:12:05] SYMBOL_CHECK | XAUUSD.iux trade_mode=4 xau_open=True | trade_mode=4 | tick_time=1789690325 | bid=4344.98 | ask=4345.12 | tick_ok=True | xau_open=True | current_symbol=XAUUSD.iux | startup=False
[2026-09-18 06:13:05] SYMBOL_CHECK | XAUUSD.iux trade_mode=4 xau_open=True | trade_mode=4 | tick_time=1789690385 | bid=4345.16 | ask=4345.3 | tick_ok=True | xau_open=True | current_symbol=XAUUSD.iux | startup=False
[2026-09-18 06:14:05] SYMBOL_CHECK | XAUUSD.iux trade_mode=4 xau_open=True | trade_mode=4 | tick_time=1789690445 | bid=4345.02 | ask=4345.16 | tick_ok=True | xau_open=True | current_symbol=XAUUSD.iux | startup=False
[2026-09-18 06:15:04] SYMBOL_CHECK | XAUUSD.iux trade_mode=4 xau_open=True | trade_mode=4 | tick_time=1789690502 | bid=4345.1 | ask=4345.24 | tick_ok=True | xau_open=True | current_symbol=XAUUSD.iux | startup=False
[2026-09-18 06:16:05] SYMBOL_CHECK | XAUUSD.iux trade_mode=4 xau_open=True | trade_mode=4 | tick_time=1789690564 | bid=4344.89 | ask=4345.03 | tick_ok=True | xau_open=True | current_symbol=XAUUSD.iux | startup=False
[2026-09-18 06:16:05] DEMO_PORTFOLIO_SCAN | XAUUSD.iux open active=LTS_AHR2
[2026-09-18 06:16:05] DEMO_PORTFOLIO_SCAN | XAUUSD.iux done active=LTS_AHR2
[2026-09-18 06:17:05] SYMBOL_CHECK | XAUUSD.iux trade_mode=4 xau_open=True | trade_mode=4 | tick_time=1789690625 | bid=4342.94 | ask=4343.08 | tick_ok=True | xau_open=True | current_symbol=XAUUSD.iux | startup=False
[2026-09-18 06:18:05] SYMBOL_CHECK | XAUUSD.iux trade_mode=4 xau_open=True | trade_mode=4 | tick_time=1789690685 | bid=4342.77 | ask=4342.91 | tick_ok=True | xau_open=True | current_symbol=XAUUSD.iux | startup=False
[2026-09-18 06:19:05] SYMBOL_CHECK | XAUUSD.iux trade_mode=4 xau_open=True | trade_mode=4 | tick_time=1789690745 | bid=4344.73 | ask=4344.87 | tick_ok=True | xau_open=True | current_symbol=XAUUSD.iux | startup=False
[2026-09-18 06:20:05] SYMBOL_CHECK | XAUUSD.iux trade_mode=4 xau_open=True | trade_mode=4 | tick_time=1789690805 | bid=4344.77 | ask=4344.91 | tick_ok=True | xau_open=True | current_symbol=XAUUSD.iux | startup=False
[2026-09-18 06:21:05] SYMBOL_CHECK | XAUUSD.iux trade_mode=4 xau_open=True | trade_mode=4 | tick_time=1789690865 | bid=4345.08 | ask=4345.22 | tick_ok=True | xau_open=True | current_symbol=XAUUSD.iux | startup=False
[2026-09-18 06:21:05] DEMO_PORTFOLIO_SCAN | XAUUSD.iux open active=LTS_AHR2
[2026-09-18 06:21:05] DEMO_PORTFOLIO_SCAN | XAUUSD.iux done active=LTS_AHR2
[2026-09-18 06:22:05] SYMBOL_CHECK | XAUUSD.iux trade_mode=4 xau_open=True | trade_mode=4 | tick_time=1789690925 | bid=4346.86 | ask=4347.0 | tick_ok=True | xau_open=True | current_symbol=XAUUSD.iux | startup=False
[2026-09-18 06:23:03] SYMBOL_CHECK | XAUUSD.iux trade_mode=4 xau_open=True | trade_mode=4 | tick_time=1789690983 | bid=4346.78 | ask=4346.92 | tick_ok=True | xau_open=True | current_symbol=XAUUSD.iux | startup=False
[2026-09-18 06:24:05] SYMBOL_CHECK | XAUUSD.iux trade_mode=4 xau_open=True | trade_mode=4 | tick_time=1789691045 | bid=4346.79 | ask=4346.93 | tick_ok=True | xau_open=True | current_symbol=XAUUSD.iux | startup=False
[2026-09-18 06:25:05] SYMBOL_CHECK | XAUUSD.iux trade_mode=4 xau_open=True | trade_mode=4 | tick_time=1789691105 | bid=4346.44 | ask=4346.58 | tick_ok=True | xau_open=True | current_symbol=XAUUSD.iux | startup=False
[2026-09-18 06:26:05] SYMBOL_CHECK | XAUUSD.iux trade_mode=4 xau_open=True | trade_mode=4 | tick_time=1789691165 | bid=4345.02 | ask=4345.16 | tick_ok=True | xau_open=True | current_symbol=XAUUSD.iux | startup=False
[2026-09-18 06:26:05] DEMO_PORTFOLIO_SCAN | XAUUSD.iux open active=LTS_AHR2
[2026-09-18 06:26:05] DEMO_PORTFOLIO_SCAN | XAUUSD.iux done active=LTS_AHR2
[2026-09-18 06:27:05] SYMBOL_CHECK | XAUUSD.iux trade_mode=4 xau_open=True | trade_mode=4 | tick_time=1789691225 | bid=4344.11 | ask=4344.25 | tick_ok=True | xau_open=True | current_symbol=XAUUSD.iux | startup=False
[2026-09-18 06:28:05] SYMBOL_CHECK | XAUUSD.iux trade_mode=4 xau_open=True | trade_mode=4 | tick_time=1789691285 | bid=4344.82 | ask=4344.96 | tick_ok=True | xau_open=True | current_symbol=XAUUSD.iux | startup=False
[2026-09-18 06:29:01] SYMBOL_CHECK | XAUUSD.iux trade_mode=4 xau_open=True | trade_mode=4 | tick_time=1789691338 | bid=4344.85 | ask=4344.99 | tick_ok=True | xau_open=True | current_symbol=XAUUSD.iux | startup=False
[2026-09-18 06:30:05] SYMBOL_CHECK | XAUUSD.iux trade_mode=4 xau_open=True | trade_mode=4 | tick_time=1789691405 | bid=4344.26 | ask=4344.4 | tick_ok=True | xau_open=True | current_symbol=XAUUSD.iux | startup=False
[2026-09-18 06:31:05] SYMBOL_CHECK | XAUUSD.iux trade_mode=4 xau_open=True | trade_mode=4 | tick_time=1789691465 | bid=4344.58 | ask=4344.72 | tick_ok=True | xau_open=True | current_symbol=XAUUSD.iux | startup=False
[2026-09-18 06:31:05] DEMO_PORTFOLIO_SCAN | XAUUSD.iux open active=LTS_AHR2
[2026-09-18 06:31:05] DEMO_PORTFOLIO_SCAN | XAUUSD.iux done active=LTS_AHR2
[2026-09-18 06:32:05] SYMBOL_CHECK | XAUUSD.iux trade_mode=4 xau_open=True | trade_mode=4 | tick_time=1789691525 | bid=4344.04 | ask=4344.18 | tick_ok=True | xau_open=True | current_symbol=XAUUSD.iux | startup=False
[2026-09-18 06:33:05] SYMBOL_CHECK | XAUUSD.iux trade_mode=4 xau_open=True | trade_mode=4 | tick_time=1789691585 | bid=4343.79 | ask=4343.93 | tick_ok=True | xau_open=True | current_symbol=XAUUSD.iux | startup=False
[2026-09-18 06:34:05] SYMBOL_CHECK | XAUUSD.iux trade_mode=4 xau_open=True | trade_mode=4 | tick_time=1789691645 | bid=4344.49 | ask=4344.63 | tick_ok=True | xau_open=True | current_symbol=XAUUSD.iux | startup=False
[2026-09-18 06:35:03] SYMBOL_CHECK | XAUUSD.iux trade_mode=4 xau_open=True | trade_mode=4 | tick_time=1789691699 | bid=4344.75 | ask=4344.89 | tick_ok=True | xau_open=True | current_symbol=XAUUSD.iux | startup=False
[2026-09-18 06:36:05] SYMBOL_CHECK | XAUUSD.iux trade_mode=4 xau_open=True | trade_mode=4 | tick_time=1789691765 | bid=4344.17 | ask=4344.31 | tick_ok=True | xau_open=True | current_symbol=XAUUSD.iux | startup=False
[2026-09-18 06:36:05] DEMO_PORTFOLIO_SCAN | XAUUSD.iux open active=LTS_AHR2
[2026-09-18 06:36:05] DEMO_PORTFOLIO_SCAN | XAUUSD.iux done active=LTS_AHR2
[2026-09-18 06:37:05] SYMBOL_CHECK | XAUUSD.iux trade_mode=4 xau_open=True | trade_mode=4 | tick_time=1789691825 | bid=4343.96 | ask=4344.1 | tick_ok=True | xau_open=True | current_symbol=XAUUSD.iux | startup=False
[2026-09-18 06:38:05] SYMBOL_CHECK | XAUUSD.iux trade_mode=4 xau_open=True | trade_mode=4 | tick_time=1789691885 | bid=4344.27 | ask=4344.41 | tick_ok=True | xau_open=True | current_symbol=XAUUSD.iux | startup=False
[2026-09-18 06:39:05] SYMBOL_CHECK | XAUUSD.iux trade_mode=4 xau_open=True | trade_mode=4 | tick_time=1789691943 | bid=4343.92 | ask=4344.06 | tick_ok=True | xau_open=True | current_symbol=XAUUSD.iux | startup=False
[2026-09-18 06:40:04] SYMBOL_CHECK | XAUUSD.iux trade_mode=4 xau_open=True | trade_mode=4 | tick_time=1789692005 | bid=4344.0 | ask=4344.14 | tick_ok=True | xau_open=True | current_symbol=XAUUSD.iux | startup=False
[2026-09-18 06:41:05] SYMBOL_CHECK | XAUUSD.iux trade_mode=4 xau_open=True | trade_mode=4 | tick_time=1789692065 | bid=4344.5 | ask=4344.64 | tick_ok=True | xau_open=True | current_symbol=XAUUSD.iux | startup=False
[2026-09-18 06:41:05] DEMO_PORTFOLIO_SCAN | XAUUSD.iux open active=LTS_AHR2
[2026-09-18 06:41:05] DEMO_PORTFOLIO_SCAN | XAUUSD.iux done active=LTS_AHR2
[2026-09-18 06:42:05] SYMBOL_CHECK | XAUUSD.iux trade_mode=4 xau_open=True | trade_mode=4 | tick_time=1789692125 | bid=4344.43 | ask=4344.57 | tick_ok=True | xau_open=True | current_symbol=XAUUSD.iux | startup=False
[2026-09-18 06:43:05] SYMBOL_CHECK | XAUUSD.iux trade_mode=4 xau_open=True | trade_mode=4 | tick_time=1789692185 | bid=4344.06 | ask=4344.2 | tick_ok=True | xau_open=True | current_symbol=XAUUSD.iux | startup=False
[2026-09-18 06:44:04] SYMBOL_CHECK | XAUUSD.iux trade_mode=4 xau_open=True | trade_mode=4 | tick_time=1789692244 | bid=4343.57 | ask=4343.71 | tick_ok=True | xau_open=True | current_symbol=XAUUSD.iux | startup=False
[2026-09-18 06:45:05] SYMBOL_CHECK | XAUUSD.iux trade_mode=4 xau_open=True | trade_mode=4 | tick_time=1789692305 | bid=4344.13 | ask=4344.27 | tick_ok=True | xau_open=True | current_symbol=XAUUSD.iux | startup=False
[2026-09-18 06:46:05] SYMBOL_CHECK | XAUUSD.iux trade_mode=4 xau_open=True | trade_mode=4 | tick_time=1789692365 | bid=4344.67 | ask=4344.81 | tick_ok=True | xau_open=True | current_symbol=XAUUSD.iux | startup=False
[2026-09-18 06:46:05] DEMO_PORTFOLIO_SCAN | XAUUSD.iux open active=LTS_AHR2
[2026-09-18 06:46:05] DEMO_PORTFOLIO_SCAN | XAUUSD.iux done active=LTS_AHR2
[2026-09-18 06:47:05] SYMBOL_CHECK | XAUUSD.iux trade_mode=4 xau_open=True | trade_mode=4 | tick_time=1789692425 | bid=4344.47 | ask=4344.61 | tick_ok=True | xau_open=True | current_symbol=XAUUSD.iux | startup=False
[2026-09-18 06:48:05] SYMBOL_CHECK | XAUUSD.iux trade_mode=4 xau_open=True | trade_mode=4 | tick_time=1789692485 | bid=4345.84 | ask=4345.98 | tick_ok=True | xau_open=True | current_symbol=XAUUSD.iux | startup=False
[2026-09-18 06:49:05] SYMBOL_CHECK | XAUUSD.iux trade_mode=4 xau_open=True | trade_mode=4 | tick_time=1789692545 | bid=4344.93 | ask=4345.07 | tick_ok=True | xau_open=True | current_symbol=XAUUSD.iux | startup=False
[2026-09-18 06:50:05] SYMBOL_CHECK | XAUUSD.iux trade_mode=4 xau_open=True | trade_mode=4 | tick_time=1789692604 | bid=4344.71 | ask=4344.85 | tick_ok=True | xau_open=True | current_symbol=XAUUSD.iux | startup=False
[2026-09-18 06:51:05] SYMBOL_CHECK | XAUUSD.iux trade_mode=4 xau_open=True | trade_mode=4 | tick_time=1789692665 | bid=4345.39 | ask=4345.53 | tick_ok=True | xau_open=True | current_symbol=XAUUSD.iux | startup=False
[2026-09-18 06:51:05] DEMO_PORTFOLIO_SCAN | XAUUSD.iux open active=LTS_AHR2
[2026-09-18 06:51:05] DEMO_PORTFOLIO_SCAN | XAUUSD.iux done active=LTS_AHR2
[2026-09-18 06:52:05] SYMBOL_CHECK | XAUUSD.iux trade_mode=4 xau_open=True | trade_mode=4 | tick_time=1789692721 | bid=4345.04 | ask=4345.18 | tick_ok=True | xau_open=True | current_symbol=XAUUSD.iux | startup=False
[2026-09-18 06:53:05] SYMBOL_CHECK | XAUUSD.iux trade_mode=4 xau_open=True | trade_mode=4 | tick_time=1789692785 | bid=4345.6 | ask=4345.74 | tick_ok=True | xau_open=True | current_symbol=XAUUSD.iux | startup=False
[2026-09-18 06:54:04] SYMBOL_CHECK | XAUUSD.iux trade_mode=4 xau_open=True | trade_mode=4 | tick_time=1789692845 | bid=4346.97 | ask=4347.11 | tick_ok=True | xau_open=True | current_symbol=XAUUSD.iux | startup=False
[2026-09-18 06:55:05] SYMBOL_CHECK | XAUUSD.iux trade_mode=4 xau_open=True | trade_mode=4 | tick_time=1789692905 | bid=4347.49 | ask=4347.63 | tick_ok=True | xau_open=True | current_symbol=XAUUSD.iux | startup=False
[2026-09-18 06:56:05] SYMBOL_CHECK | XAUUSD.iux trade_mode=4 xau_open=True | trade_mode=4 | tick_time=1789692965 | bid=4347.39 | ask=4347.53 | tick_ok=True | xau_open=True | current_symbol=XAUUSD.iux | startup=False
[2026-09-18 06:56:05] DEMO_PORTFOLIO_SCAN | XAUUSD.iux open active=LTS_AHR2
[2026-09-18 06:56:05] DEMO_PORTFOLIO_SCAN | XAUUSD.iux done active=LTS_AHR2
[2026-09-18 06:57:05] SYMBOL_CHECK | XAUUSD.iux trade_mode=4 xau_open=True | trade_mode=4 | tick_time=1789693025 | bid=4346.79 | ask=4346.93 | tick_ok=True | xau_open=True | current_symbol=XAUUSD.iux | startup=False
[2026-09-18 06:58:05] SYMBOL_CHECK | XAUUSD.iux trade_mode=4 xau_open=True | trade_mode=4 | tick_time=1789693085 | bid=4346.48 | ask=4346.62 | tick_ok=True | xau_open=True | current_symbol=XAUUSD.iux | startup=False
[2026-09-18 06:59:05] SYMBOL_CHECK | XAUUSD.iux trade_mode=4 xau_open=True | trade_mode=4 | tick_time=1789693145 | bid=4345.64 | ask=4345.78 | tick_ok=True | xau_open=True | current_symbol=XAUUSD.iux | startup=False
[2026-09-18 07:00:05] SYMBOL_CHECK | XAUUSD.iux trade_mode=4 xau_open=True | trade_mode=4 | tick_time=1789693205 | bid=4346.15 | ask=4346.29 | tick_ok=True | xau_open=True | current_symbol=XAUUSD.iux | startup=False
[2026-09-18 07:01:05] SYMBOL_CHECK | XAUUSD.iux trade_mode=4 xau_open=True | trade_mode=4 | tick_time=1789693265 | bid=4343.63 | ask=4343.77 | tick_ok=True | xau_open=True | current_symbol=XAUUSD.iux | startup=False
[2026-09-18 07:01:05] DEMO_PORTFOLIO_SCAN | XAUUSD.iux open active=LTS_AHR2
[2026-09-18 07:01:05] DEMO_PORTFOLIO_PENDING_ARM | LTS_AHR2_675 BUY entry=4346.39 sl=4299.228571428571 tp=4440.712857142859 lot=2.00 expires=5bars
[2026-09-18 07:01:05] DEMO_PORTFOLIO_PENDING_FILL | LTS_AHR2_675 BUY lot=2.00 entry=4346.39 sl=4299.228571428571 tp=4440.712857142859 success=False ticket=None err=10034 — Volume limit reached
[2026-09-18 07:01:05] DEMO_PORTFOLIO_PENDING_ARM | LTS_AHR2_676 SELL entry=4346.39 sl=4440.712857142859 tp=4299.228571428571 lot=2.00 expires=5bars
[2026-09-18 07:01:05] DEMO_PORTFOLIO_SCAN | XAUUSD.iux done active=LTS_AHR2
[2026-09-18 07:01:06] TG_SENT | Demo Portfolio LTS_AHR2_675 pending-fill failed: 10034 — Volume limit reached
[2026-09-18 07:02:05] SYMBOL_CHECK | XAUUSD.iux trade_mode=4 xau_open=True | trade_mode=4 | tick_time=1789693325 | bid=4342.75 | ask=4342.89 | tick_ok=True | xau_open=True | current_symbol=XAUUSD.iux | startup=False
[2026-09-18 07:03:05] SYMBOL_CHECK | XAUUSD.iux trade_mode=4 xau_open=True | trade_mode=4 | tick_time=1789693385 | bid=4343.47 | ask=4343.61 | tick_ok=True | xau_open=True | current_symbol=XAUUSD.iux | startup=False
[2026-09-18 07:04:05] SYMBOL_CHECK | XAUUSD.iux trade_mode=4 xau_open=True | trade_mode=4 | tick_time=1789693445 | bid=4344.24 | ask=4344.38 | tick_ok=True | xau_open=True | current_symbol=XAUUSD.iux | startup=False
[2026-09-18 07:05:04] SYMBOL_CHECK | XAUUSD.iux trade_mode=4 xau_open=True | trade_mode=4 | tick_time=1789693505 | bid=4344.73 | ask=4344.87 | tick_ok=True | xau_open=True | current_symbol=XAUUSD.iux | startup=False
[2026-09-18 07:06:04] SYMBOL_CHECK | XAUUSD.iux trade_mode=4 xau_open=True | trade_mode=4 | tick_time=1789693564 | bid=4343.87 | ask=4344.01 | tick_ok=True | xau_open=True | current_symbol=XAUUSD.iux | startup=False
[2026-09-18 07:06:05] DEMO_PORTFOLIO_SCAN | XAUUSD.iux open active=LTS_AHR2
[2026-09-18 07:06:05] DEMO_PORTFOLIO_SCAN | XAUUSD.iux done active=LTS_AHR2
[2026-09-18 07:07:05] SYMBOL_CHECK | XAUUSD.iux trade_mode=4 xau_open=True | trade_mode=4 | tick_time=1789693625 | bid=4346.18 | ask=4346.32 | tick_ok=True | xau_open=True | current_symbol=XAUUSD.iux | startup=False
[2026-09-18 07:08:05] SYMBOL_CHECK | XAUUSD.iux trade_mode=4 xau_open=True | trade_mode=4 | tick_time=1789693685 | bid=4345.57 | ask=4345.71 | tick_ok=True | xau_open=True | current_symbol=XAUUSD.iux | startup=False
[2026-09-18 07:09:05] SYMBOL_CHECK | XAUUSD.iux trade_mode=4 xau_open=True | trade_mode=4 | tick_time=1789693745 | bid=4345.88 | ask=4346.02 | tick_ok=True | xau_open=True | current_symbol=XAUUSD.iux | startup=False
[2026-09-18 07:10:05] SYMBOL_CHECK | XAUUSD.iux trade_mode=4 xau_open=True | trade_mode=4 | tick_time=1789693805 | bid=4346.82 | ask=4346.96 | tick_ok=True | xau_open=True | current_symbol=XAUUSD.iux | startup=False
[2026-09-18 07:11:05] SYMBOL_CHECK | XAUUSD.iux trade_mode=4 xau_open=True | trade_mode=4 | tick_time=1789693865 | bid=4349.45 | ask=4349.59 | tick_ok=True | xau_open=True | current_symbol=XAUUSD.iux | startup=False
[2026-09-18 07:11:05] DEMO_PORTFOLIO_SCAN | XAUUSD.iux open active=LTS_AHR2
[2026-09-18 07:11:05] DEMO_PORTFOLIO_PENDING_FILL | LTS_AHR2_676 SELL lot=2.00 entry=4346.39 sl=4440.712857142859 tp=4299.228571428571 success=True ticket=587439728 err=None
[2026-09-18 07:11:05] DEMO_PORTFOLIO_SCAN | XAUUSD.iux done active=LTS_AHR2
[2026-09-18 07:11:06] TG_SENT | [AF SIGNAL] *🔥✨ Avengers High Risk v2* | Leg: `LTS_AHR2_676 INVERSE_S96_H1` | SELL @ pending-fill market lot `2.00` | Entry `4346.39` SL `4440.71` TP `4299.23` | Ticket: `587439728`
[2026-09-18 07:12:05] SYMBOL_CHECK | XAUUSD.iux trade_mode=4 xau_open=True | trade_mode=4 | tick_time=1789693925 | bid=4351.33 | ask=4351.47 | tick_ok=True | xau_open=True | current_symbol=XAUUSD.iux | startup=False
[2026-09-18 07:13:05] SYMBOL_CHECK | XAUUSD.iux trade_mode=4 xau_open=True | trade_mode=4 | tick_time=1789693985 | bid=4353.69 | ask=4353.83 | tick_ok=True | xau_open=True | current_symbol=XAUUSD.iux | startup=False
[2026-09-18 07:14:05] SYMBOL_CHECK | XAUUSD.iux trade_mode=4 xau_open=True | trade_mode=4 | tick_time=1789694045 | bid=4353.04 | ask=4353.18 | tick_ok=True | xau_open=True | current_symbol=XAUUSD.iux | startup=False
[2026-09-18 07:15:05] SYMBOL_CHECK | XAUUSD.iux trade_mode=4 xau_open=True | trade_mode=4 | tick_time=1789694105 | bid=4354.27 | ask=4354.41 | tick_ok=True | xau_open=True | current_symbol=XAUUSD.iux | startup=False
[2026-09-18 07:16:05] SYMBOL_CHECK | XAUUSD.iux trade_mode=4 xau_open=True | trade_mode=4 | tick_time=1789694165 | bid=4354.18 | ask=4354.32 | tick_ok=True | xau_open=True | current_symbol=XAUUSD.iux | startup=False
[2026-09-18 07:16:05] DEMO_PORTFOLIO_SCAN | XAUUSD.iux open active=LTS_AHR2
[2026-09-18 07:16:05] DEMO_PORTFOLIO_SCAN | XAUUSD.iux done active=LTS_AHR2
[2026-09-18 07:17:05] SYMBOL_CHECK | XAUUSD.iux trade_mode=4 xau_open=True | trade_mode=4 | tick_time=1789694225 | bid=4354.08 | ask=4354.22 | tick_ok=True | xau_open=True | current_symbol=XAUUSD.iux | startup=False
[2026-09-18 07:18:05] SYMBOL_CHECK | XAUUSD.iux trade_mode=4 xau_open=True | trade_mode=4 | tick_time=1789694285 | bid=4353.46 | ask=4353.6 | tick_ok=True | xau_open=True | current_symbol=XAUUSD.iux | startup=False
[2026-09-18 07:19:05] SYMBOL_CHECK | XAUUSD.iux trade_mode=4 xau_open=True | trade_mode=4 | tick_time=1789694345 | bid=4353.57 | ask=4353.71 | tick_ok=True | xau_open=True | current_symbol=XAUUSD.iux | startup=False
[2026-09-18 07:20:05] SYMBOL_CHECK | XAUUSD.iux trade_mode=4 xau_open=True | trade_mode=4 | tick_time=1789694405 | bid=4352.98 | ask=4353.12 | tick_ok=True | xau_open=True | current_symbol=XAUUSD.iux | startup=False
[2026-09-18 07:21:04] SYMBOL_CHECK | XAUUSD.iux trade_mode=4 xau_open=True | trade_mode=4 | tick_time=1789694465 | bid=4353.44 | ask=4353.58 | tick_ok=True | xau_open=True | current_symbol=XAUUSD.iux | startup=False
[2026-09-18 07:21:05] DEMO_PORTFOLIO_SCAN | XAUUSD.iux open active=LTS_AHR2
[2026-09-18 07:21:05] DEMO_PORTFOLIO_SCAN | XAUUSD.iux done active=LTS_AHR2
[2026-09-18 07:22:05] SYMBOL_CHECK | XAUUSD.iux trade_mode=4 xau_open=True | trade_mode=4 | tick_time=1789694525 | bid=4351.56 | ask=4351.7 | tick_ok=True | xau_open=True | current_symbol=XAUUSD.iux | startup=False
[2026-09-18 07:23:05] SYMBOL_CHECK | XAUUSD.iux trade_mode=4 xau_open=True | trade_mode=4 | tick_time=1789694585 | bid=4355.57 | ask=4355.71 | tick_ok=True | xau_open=True | current_symbol=XAUUSD.iux | startup=False
[2026-09-18 07:24:05] SYMBOL_CHECK | XAUUSD.iux trade_mode=4 xau_open=True | trade_mode=4 | tick_time=1789694645 | bid=4356.55 | ask=4356.69 | tick_ok=True | xau_open=True | current_symbol=XAUUSD.iux | startup=False
[2026-09-18 07:25:04] SYMBOL_CHECK | XAUUSD.iux trade_mode=4 xau_open=True | trade_mode=4 | tick_time=1789694704 | bid=4355.45 | ask=4355.59 | tick_ok=True | xau_open=True | current_symbol=XAUUSD.iux | startup=False
[2026-09-18 07:26:05] SYMBOL_CHECK | XAUUSD.iux trade_mode=4 xau_open=True | trade_mode=4 | tick_time=1789694765 | bid=4354.05 | ask=4354.19 | tick_ok=True | xau_open=True | current_symbol=XAUUSD.iux | startup=False
[2026-09-18 07:26:05] DEMO_PORTFOLIO_SCAN | XAUUSD.iux open active=LTS_AHR2
[2026-09-18 07:26:05] DEMO_PORTFOLIO_SCAN | XAUUSD.iux done active=LTS_AHR2
[2026-09-18 07:27:05] SYMBOL_CHECK | XAUUSD.iux trade_mode=4 xau_open=True | trade_mode=4 | tick_time=1789694825 | bid=4354.56 | ask=4354.7 | tick_ok=True | xau_open=True | current_symbol=XAUUSD.iux | startup=False
[2026-09-18 07:28:05] SYMBOL_CHECK | XAUUSD.iux trade_mode=4 xau_open=True | trade_mode=4 | tick_time=1789694885 | bid=4354.25 | ask=4354.39 | tick_ok=True | xau_open=True | current_symbol=XAUUSD.iux | startup=False
[2026-09-18 07:29:05] SYMBOL_CHECK | XAUUSD.iux trade_mode=4 xau_open=True | trade_mode=4 | tick_time=1789694945 | bid=4352.58 | ask=4352.72 | tick_ok=True | xau_open=True | current_symbol=XAUUSD.iux | startup=False
[2026-09-18 07:30:05] SYMBOL_CHECK | XAUUSD.iux trade_mode=4 xau_open=True | trade_mode=4 | tick_time=1789695005 | bid=4353.66 | ask=4353.8 | tick_ok=True | xau_open=True | current_symbol=XAUUSD.iux | startup=False
[2026-09-18 07:31:05] SYMBOL_CHECK | XAUUSD.iux trade_mode=4 xau_open=True | trade_mode=4 | tick_time=1789695065 | bid=4357.13 | ask=4357.27 | tick_ok=True | xau_open=True | current_symbol=XAUUSD.iux | startup=False
[2026-09-18 07:31:05] DEMO_PORTFOLIO_SCAN | XAUUSD.iux open active=LTS_AHR2
[2026-09-18 07:31:05] DEMO_PORTFOLIO_SCAN | XAUUSD.iux done active=LTS_AHR2
[2026-09-18 07:32:05] SYMBOL_CHECK | XAUUSD.iux trade_mode=4 xau_open=True | trade_mode=4 | tick_time=1789695125 | bid=4358.05 | ask=4358.19 | tick_ok=True | xau_open=True | current_symbol=XAUUSD.iux | startup=False
[2026-09-18 07:33:05] SYMBOL_CHECK | XAUUSD.iux trade_mode=4 xau_open=True | trade_mode=4 | tick_time=1789695185 | bid=4359.35 | ask=4359.49 | tick_ok=True | xau_open=True | current_symbol=XAUUSD.iux | startup=False
[2026-09-18 07:34:05] SYMBOL_CHECK | XAUUSD.iux trade_mode=4 xau_open=True | trade_mode=4 | tick_time=1789695243 | bid=4358.33 | ask=4358.47 | tick_ok=True | xau_open=True | current_symbol=XAUUSD.iux | startup=False
[2026-09-18 07:35:05] SYMBOL_CHECK | XAUUSD.iux trade_mode=4 xau_open=True | trade_mode=4 | tick_time=1789695305 | bid=4358.31 | ask=4358.45 | tick_ok=True | xau_open=True | current_symbol=XAUUSD.iux | startup=False
[2026-09-18 07:36:05] SYMBOL_CHECK | XAUUSD.iux trade_mode=4 xau_open=True | trade_mode=4 | tick_time=1789695364 | bid=4358.81 | ask=4358.95 | tick_ok=True | xau_open=True | current_symbol=XAUUSD.iux | startup=False
[2026-09-18 07:36:05] DEMO_PORTFOLIO_SCAN | XAUUSD.iux open active=LTS_AHR2
[2026-09-18 07:36:05] DEMO_PORTFOLIO_SCAN | XAUUSD.iux done active=LTS_AHR2
[2026-09-18 07:37:05] SYMBOL_CHECK | XAUUSD.iux trade_mode=4 xau_open=True | trade_mode=4 | tick_time=1789695425 | bid=4358.96 | ask=4359.1 | tick_ok=True | xau_open=True | current_symbol=XAUUSD.iux | startup=False
[2026-09-18 07:38:05] SYMBOL_CHECK | XAUUSD.iux trade_mode=4 xau_open=True | trade_mode=4 | tick_time=1789695485 | bid=4359.12 | ask=4359.26 | tick_ok=True | xau_open=True | current_symbol=XAUUSD.iux | startup=False
[2026-09-18 07:39:05] SYMBOL_CHECK | XAUUSD.iux trade_mode=4 xau_open=True | trade_mode=4 | tick_time=1789695545 | bid=4359.17 | ask=4359.31 | tick_ok=True | xau_open=True | current_symbol=XAUUSD.iux | startup=False
[2026-09-18 07:40:05] SYMBOL_CHECK | XAUUSD.iux trade_mode=4 xau_open=True | trade_mode=4 | tick_time=1789695605 | bid=4358.35 | ask=4358.49 | tick_ok=True | xau_open=True | current_symbol=XAUUSD.iux | startup=False
[2026-09-18 07:41:05] SYMBOL_CHECK | XAUUSD.iux trade_mode=4 xau_open=True | trade_mode=4 | tick_time=1789695665 | bid=4357.97 | ask=4358.11 | tick_ok=True | xau_open=True | current_symbol=XAUUSD.iux | startup=False
[2026-09-18 07:41:05] DEMO_PORTFOLIO_SCAN | XAUUSD.iux open active=LTS_AHR2
[2026-09-18 07:41:05] DEMO_PORTFOLIO_SCAN | XAUUSD.iux done active=LTS_AHR2
[2026-09-18 07:42:04] SYMBOL_CHECK | XAUUSD.iux trade_mode=4 xau_open=True | trade_mode=4 | tick_time=1789695725 | bid=4358.47 | ask=4358.61 | tick_ok=True | xau_open=True | current_symbol=XAUUSD.iux | startup=False
[2026-09-18 07:43:05] SYMBOL_CHECK | XAUUSD.iux trade_mode=4 xau_open=True | trade_mode=4 | tick_time=1789695785 | bid=4358.05 | ask=4358.19 | tick_ok=True | xau_open=True | current_symbol=XAUUSD.iux | startup=False
[2026-09-18 07:44:05] SYMBOL_CHECK | XAUUSD.iux trade_mode=4 xau_open=True | trade_mode=4 | tick_time=1789695845 | bid=4358.23 | ask=4358.37 | tick_ok=True | xau_open=True | current_symbol=XAUUSD.iux | startup=False
[2026-09-18 07:45:05] SYMBOL_CHECK | XAUUSD.iux trade_mode=4 xau_open=True | trade_mode=4 | tick_time=1789695904 | bid=4359.07 | ask=4359.21 | tick_ok=True | xau_open=True | current_symbol=XAUUSD.iux | startup=False
[2026-09-18 07:46:05] SYMBOL_CHECK | XAUUSD.iux trade_mode=4 xau_open=True | trade_mode=4 | tick_time=1789695965 | bid=4357.34 | ask=4357.48 | tick_ok=True | xau_open=True | current_symbol=XAUUSD.iux | startup=False
[2026-09-18 07:46:05] DEMO_PORTFOLIO_SCAN | XAUUSD.iux open active=LTS_AHR2
[2026-09-18 07:46:05] DEMO_PORTFOLIO_SCAN | XAUUSD.iux done active=LTS_AHR2
[2026-09-18 07:47:05] SYMBOL_CHECK | XAUUSD.iux trade_mode=4 xau_open=True | trade_mode=4 | tick_time=1789696025 | bid=4356.37 | ask=4356.51 | tick_ok=True | xau_open=True | current_symbol=XAUUSD.iux | startup=False
[2026-09-18 07:48:05] SYMBOL_CHECK | XAUUSD.iux trade_mode=4 xau_open=True | trade_mode=4 | tick_time=1789696085 | bid=4353.94 | ask=4354.08 | tick_ok=True | xau_open=True | current_symbol=XAUUSD.iux | startup=False
[2026-09-18 07:49:05] SYMBOL_CHECK | XAUUSD.iux trade_mode=4 xau_open=True | trade_mode=4 | tick_time=1789696145 | bid=4354.1 | ask=4354.24 | tick_ok=True | xau_open=True | current_symbol=XAUUSD.iux | startup=False
[2026-09-18 07:50:05] SYMBOL_CHECK | XAUUSD.iux trade_mode=4 xau_open=True | trade_mode=4 | tick_time=1789696205 | bid=4353.27 | ask=4353.41 | tick_ok=True | xau_open=True | current_symbol=XAUUSD.iux | startup=False
[2026-09-18 07:51:05] SYMBOL_CHECK | XAUUSD.iux trade_mode=4 xau_open=True | trade_mode=4 | tick_time=1789696265 | bid=4354.12 | ask=4354.26 | tick_ok=True | xau_open=True | current_symbol=XAUUSD.iux | startup=False
[2026-09-18 07:51:05] DEMO_PORTFOLIO_SCAN | XAUUSD.iux open active=LTS_AHR2
[2026-09-18 07:51:05] DEMO_PORTFOLIO_SCAN | XAUUSD.iux done active=LTS_AHR2
[2026-09-18 07:52:05] SYMBOL_CHECK | XAUUSD.iux trade_mode=4 xau_open=True | trade_mode=4 | tick_time=1789696325 | bid=4354.55 | ask=4354.69 | tick_ok=True | xau_open=True | current_symbol=XAUUSD.iux | startup=False
[2026-09-18 07:53:05] SYMBOL_CHECK | XAUUSD.iux trade_mode=4 xau_open=True | trade_mode=4 | tick_time=1789696385 | bid=4354.33 | ask=4354.47 | tick_ok=True | xau_open=True | current_symbol=XAUUSD.iux | startup=False
[2026-09-18 07:54:05] SYMBOL_CHECK | XAUUSD.iux trade_mode=4 xau_open=True | trade_mode=4 | tick_time=1789696445 | bid=4353.85 | ask=4353.99 | tick_ok=True | xau_open=True | current_symbol=XAUUSD.iux | startup=False
[2026-09-18 07:55:05] SYMBOL_CHECK | XAUUSD.iux trade_mode=4 xau_open=True | trade_mode=4 | tick_time=1789696505 | bid=4353.96 | ask=4354.1 | tick_ok=True | xau_open=True | current_symbol=XAUUSD.iux | startup=False
[2026-09-18 07:56:05] SYMBOL_CHECK | XAUUSD.iux trade_mode=4 xau_open=True | trade_mode=4 | tick_time=1789696565 | bid=4354.28 | ask=4354.42 | tick_ok=True | xau_open=True | current_symbol=XAUUSD.iux | startup=False
[2026-09-18 07:56:05] DEMO_PORTFOLIO_SCAN | XAUUSD.iux open active=LTS_AHR2
[2026-09-18 07:56:05] DEMO_PORTFOLIO_SCAN | XAUUSD.iux done active=LTS_AHR2
[2026-09-18 07:57:05] SYMBOL_CHECK | XAUUSD.iux trade_mode=4 xau_open=True | trade_mode=4 | tick_time=1789696625 | bid=4356.25 | ask=4356.39 | tick_ok=True | xau_open=True | current_symbol=XAUUSD.iux | startup=False
[2026-09-18 07:58:05] SYMBOL_CHECK | XAUUSD.iux trade_mode=4 xau_open=True | trade_mode=4 | tick_time=1789696685 | bid=4355.87 | ask=4356.01 | tick_ok=True | xau_open=True | current_symbol=XAUUSD.iux | startup=False
[2026-09-18 07:59:05] SYMBOL_CHECK | XAUUSD.iux trade_mode=4 xau_open=True | trade_mode=4 | tick_time=1789696745 | bid=4355.18 | ask=4355.32 | tick_ok=True | xau_open=True | current_symbol=XAUUSD.iux | startup=False
[2026-09-18 08:00:05] SYMBOL_CHECK | XAUUSD.iux trade_mode=4 xau_open=True | trade_mode=4 | tick_time=1789696805 | bid=4357.76 | ask=4357.9 | tick_ok=True | xau_open=True | current_symbol=XAUUSD.iux | startup=False
[2026-09-18 08:01:04] SYMBOL_CHECK | XAUUSD.iux trade_mode=4 xau_open=True | trade_mode=4 | tick_time=1789696865 | bid=4361.38 | ask=4361.52 | tick_ok=True | xau_open=True | current_symbol=XAUUSD.iux | startup=False
[2026-09-18 08:01:04] DEMO_PORTFOLIO_SCAN | XAUUSD.iux open active=LTS_AHR2
[2026-09-18 08:01:05] DEMO_PORTFOLIO_PENDING_ARM | LTS_AHR2_675 BUY entry=4356.4 sl=4296.542857142857 tp=4476.114285714284 lot=2.00 expires=5bars
[2026-09-18 08:01:05] DEMO_PORTFOLIO_PENDING_ARM | LTS_AHR2_676 SELL entry=4356.4 sl=4476.114285714284 tp=4296.542857142857 lot=2.00 expires=5bars
[2026-09-18 08:01:05] DEMO_PORTFOLIO_PENDING_FILL | LTS_AHR2_676 SELL lot=2.00 entry=4356.4 sl=4476.114285714284 tp=4296.542857142857 success=True ticket=587455272 err=None
[2026-09-18 08:01:05] DEMO_PORTFOLIO_SCAN | XAUUSD.iux done active=LTS_AHR2
[2026-09-18 08:01:06] TG_SENT | [AF SIGNAL] *🔥✨ Avengers High Risk v2* | Leg: `LTS_AHR2_676 INVERSE_S96_H1` | SELL @ pending-fill market lot `2.00` | Entry `4356.40` SL `4476.11` TP `4296.54` | Ticket: `587455272`
[2026-09-18 08:02:04] SYMBOL_CHECK | XAUUSD.iux trade_mode=4 xau_open=True | trade_mode=4 | tick_time=1789696925 | bid=4363.09 | ask=4363.23 | tick_ok=True | xau_open=True | current_symbol=XAUUSD.iux | startup=False
[2026-09-18 08:03:04] SYMBOL_CHECK | XAUUSD.iux trade_mode=4 xau_open=True | trade_mode=4 | tick_time=1789696985 | bid=4360.45 | ask=4360.59 | tick_ok=True | xau_open=True | current_symbol=XAUUSD.iux | startup=False
[2026-09-18 08:04:05] SYMBOL_CHECK | XAUUSD.iux trade_mode=4 xau_open=True | trade_mode=4 | tick_time=1789697045 | bid=4361.45 | ask=4361.59 | tick_ok=True | xau_open=True | current_symbol=XAUUSD.iux | startup=False
[2026-09-18 08:05:04] SYMBOL_CHECK | XAUUSD.iux trade_mode=4 xau_open=True | trade_mode=4 | tick_time=1789697105 | bid=4363.48 | ask=4363.62 | tick_ok=True | xau_open=True | current_symbol=XAUUSD.iux | startup=False
[2026-09-18 08:06:05] SYMBOL_CHECK | XAUUSD.iux trade_mode=4 xau_open=True | trade_mode=4 | tick_time=1789697165 | bid=4364.01 | ask=4364.15 | tick_ok=True | xau_open=True | current_symbol=XAUUSD.iux | startup=False
[2026-09-18 08:06:05] DEMO_PORTFOLIO_SCAN | XAUUSD.iux open active=LTS_AHR2
[2026-09-18 08:06:05] DEMO_PORTFOLIO_SCAN | XAUUSD.iux done active=LTS_AHR2
[2026-09-18 08:07:05] SYMBOL_CHECK | XAUUSD.iux trade_mode=4 xau_open=True | trade_mode=4 | tick_time=1789697225 | bid=4365.42 | ask=4365.56 | tick_ok=True | xau_open=True | current_symbol=XAUUSD.iux | startup=False
[2026-09-18 08:08:04] SYMBOL_CHECK | XAUUSD.iux trade_mode=4 xau_open=True | trade_mode=4 | tick_time=1789697285 | bid=4364.08 | ask=4364.22 | tick_ok=True | xau_open=True | current_symbol=XAUUSD.iux | startup=False
[2026-09-18 08:09:05] SYMBOL_CHECK | XAUUSD.iux trade_mode=4 xau_open=True | trade_mode=4 | tick_time=1789697345 | bid=4361.64 | ask=4361.78 | tick_ok=True | xau_open=True | current_symbol=XAUUSD.iux | startup=False
[2026-09-18 08:10:05] SYMBOL_CHECK | XAUUSD.iux trade_mode=4 xau_open=True | trade_mode=4 | tick_time=1789697405 | bid=4361.58 | ask=4361.72 | tick_ok=True | xau_open=True | current_symbol=XAUUSD.iux | startup=False
[2026-09-18 08:11:05] SYMBOL_CHECK | XAUUSD.iux trade_mode=4 xau_open=True | trade_mode=4 | tick_time=1789697465 | bid=4360.38 | ask=4360.52 | tick_ok=True | xau_open=True | current_symbol=XAUUSD.iux | startup=False
[2026-09-18 08:11:05] DEMO_PORTFOLIO_SCAN | XAUUSD.iux open active=LTS_AHR2
[2026-09-18 08:11:05] DEMO_PORTFOLIO_SCAN | XAUUSD.iux done active=LTS_AHR2
[2026-09-18 08:12:05] SYMBOL_CHECK | XAUUSD.iux trade_mode=4 xau_open=True | trade_mode=4 | tick_time=1789697525 | bid=4361.32 | ask=4361.46 | tick_ok=True | xau_open=True | current_symbol=XAUUSD.iux | startup=False
[2026-09-18 08:13:05] SYMBOL_CHECK | XAUUSD.iux trade_mode=4 xau_open=True | trade_mode=4 | tick_time=1789697585 | bid=4361.14 | ask=4361.28 | tick_ok=True | xau_open=True | current_symbol=XAUUSD.iux | startup=False
[2026-09-18 08:14:04] SYMBOL_CHECK | XAUUSD.iux trade_mode=4 xau_open=True | trade_mode=4 | tick_time=1789697645 | bid=4357.39 | ask=4357.53 | tick_ok=True | xau_open=True | current_symbol=XAUUSD.iux | startup=False
[2026-09-18 08:15:05] SYMBOL_CHECK | XAUUSD.iux trade_mode=4 xau_open=True | trade_mode=4 | tick_time=1789697705 | bid=4358.02 | ask=4358.16 | tick_ok=True | xau_open=True | current_symbol=XAUUSD.iux | startup=False
[2026-09-18 08:16:05] SYMBOL_CHECK | XAUUSD.iux trade_mode=4 xau_open=True | trade_mode=4 | tick_time=1789697765 | bid=4356.89 | ask=4357.03 | tick_ok=True | xau_open=True | current_symbol=XAUUSD.iux | startup=False
[2026-09-18 08:16:05] DEMO_PORTFOLIO_SCAN | XAUUSD.iux open active=LTS_AHR2
[2026-09-18 08:16:05] DEMO_PORTFOLIO_SIGNAL | LTS_AHR2_1 SELL lot=2.00 sl=4361.08 tp=4351.2 rd=5.20 weight=2000.000 scale=1.00 h=8 success=True ticket=587462496 err=None
[2026-09-18 08:16:05] DEMO_PORTFOLIO_SKIP | LTS_AHR2_2 skipped - hour 8 != 10
[2026-09-18 08:16:05] DEMO_PORTFOLIO_SKIP | LTS_AHR2_8 skipped - hour 8 != 19
[2026-09-18 08:16:05] DEMO_PORTFOLIO_SKIP | LTS_AHR2_9 skipped - hour 8 != 10
[2026-09-18 08:16:05] DEMO_PORTFOLIO_SKIP | LTS_AHR2_13 skipped - hour 8 != 14
[2026-09-18 08:16:05] DEMO_PORTFOLIO_SKIP | LTS_AHR2_19 skipped - hour 8 != 11
[2026-09-18 08:16:05] DEMO_PORTFOLIO_SKIP | LTS_AHR2_20 skipped - hour 8 != 13
[2026-09-18 08:16:05] DEMO_PORTFOLIO_SKIP | LTS_AHR2_21 skipped - hour 8 != 9
[2026-09-18 08:16:05] DEMO_PORTFOLIO_SKIP | LTS_AHR2_28 skipped - hour 8 != 11
[2026-09-18 08:16:05] DEMO_PORTFOLIO_SKIP | LTS_AHR2_35 skipped - hour 8 != 20
[2026-09-18 08:16:05] DEMO_PORTFOLIO_SKIP | LTS_AHR2_36 skipped - hour 8 != 17
[2026-09-18 08:16:05] DEMO_PORTFOLIO_SKIP | LTS_AHR2_42 skipped - hour 8 != 19
[2026-09-18 08:16:06] DEMO_PORTFOLIO_SKIP | LTS_AHR2_43 skipped - hour 8 != 21
[2026-09-18 08:16:06] DEMO_PORTFOLIO_SKIP | LTS_AHR2_44 skipped - hour 8 != 21
[2026-09-18 08:16:06] DEMO_PORTFOLIO_SKIP | LTS_AHR2_48 skipped - hour 8 != 9
[2026-09-18 08:16:06] DEMO_PORTFOLIO_SKIP | LTS_AHR2_51 skipped - hour 8 != 18
[2026-09-18 08:16:06] DEMO_PORTFOLIO_SKIP | LTS_AHR2_52 skipped - hour 8 != 9
[2026-09-18 08:16:06] DEMO_PORTFOLIO_SKIP | LTS_AHR2_57 skipped - hour 8 != 9
[2026-09-18 08:16:06] DEMO_PORTFOLIO_SKIP | LTS_AHR2_58 skipped - hour 8 != 10
[2026-09-18 08:16:06] DEMO_PORTFOLIO_SKIP | LTS_AHR2_64 skipped - hour 8 != 22
[2026-09-18 08:16:07] DEMO_PORTFOLIO_SKIP | LTS_AHR2_65 skipped - hour 8 != 11
[2026-09-18 08:16:07] DEMO_PORTFOLIO_SKIP | LTS_AHR2_69 skipped - hour 8 != 9
[2026-09-18 08:16:07] DEMO_PORTFOLIO_SKIP | LTS_AHR2_70 skipped - hour 8 != 10
[2026-09-18 08:16:07] DEMO_PORTFOLIO_SKIP | LTS_AHR2_74 skipped - hour 8 != 14
[2026-09-18 08:16:07] DEMO_PORTFOLIO_SKIP | LTS_AHR2_77 skipped - hour 8 != 10
[2026-09-18 08:16:07] DEMO_PORTFOLIO_SKIP | LTS_AHR2_81 skipped - hour 8 != 11
[2026-09-18 08:16:07] DEMO_PORTFOLIO_SKIP | LTS_AHR2_82 skipped - hour 8 != 9
[2026-09-18 08:16:07] DEMO_PORTFOLIO_SKIP | LTS_AHR2_92 skipped - hour 8 != 9
[2026-09-18 08:16:08] DEMO_PORTFOLIO_SKIP | LTS_AHR2_93 skipped - hour 8 != 20
[2026-09-18 08:16:08] DEMO_PORTFOLIO_SKIP | LTS_AHR2_99 skipped - hour 8 != 10
[2026-09-18 08:16:08] DEMO_PORTFOLIO_SKIP | LTS_AHR2_102 skipped - hour 8 != 13
[2026-09-18 08:16:08] DEMO_PORTFOLIO_SKIP | LTS_AHR2_106 skipped - hour 8 != 9
[2026-09-18 08:16:08] DEMO_PORTFOLIO_SKIP | LTS_AHR2_111 skipped - hour 8 != 20
[2026-09-18 08:16:08] DEMO_PORTFOLIO_SKIP | LTS_AHR2_116 skipped - hour 8 != 10
[2026-09-18 08:16:08] DEMO_PORTFOLIO_SKIP | LTS_AHR2_121 skipped - hour 8 != 9
[2026-09-18 08:16:08] DEMO_PORTFOLIO_SKIP | LTS_AHR2_124 skipped - hour 8 != 11
[2026-09-18 08:16:08] DEMO_PORTFOLIO_SKIP | LTS_AHR2_126 skipped - hour 8 != 17
[2026-09-18 08:16:08] DEMO_PORTFOLIO_SKIP | LTS_AHR2_130 skipped - hour 8 != 15
[2026-09-18 08:16:08] DEMO_PORTFOLIO_SKIP | LTS_AHR2_131 skipped - hour 8 != 20
[2026-09-18 08:16:08] DEMO_PORTFOLIO_SKIP | LTS_AHR2_134 skipped - hour 8 != 22
[2026-09-18 08:16:09] DEMO_PORTFOLIO_SKIP | LTS_AHR2_135 skipped - hour 8 != 20
[2026-09-18 08:16:09] DEMO_PORTFOLIO_SKIP | LTS_AHR2_138 skipped - hour 8 != 9
[2026-09-18 08:16:09] DEMO_PORTFOLIO_SKIP | LTS_AHR2_141 skipped - hour 8 != 9
[2026-09-18 08:16:09] DEMO_PORTFOLIO_SKIP | LTS_AHR2_144 skipped - hour 8 != 12
[2026-09-18 08:16:09] DEMO_PORTFOLIO_SKIP | LTS_AHR2_148 skipped - hour 8 != 14
[2026-09-18 08:16:09] DEMO_PORTFOLIO_SKIP | LTS_AHR2_149 skipped - hour 8 != 11
[2026-09-18 08:16:09] DEMO_PORTFOLIO_SKIP | LTS_AHR2_150 skipped - hour 8 != 13
[2026-09-18 08:16:09] DEMO_PORTFOLIO_SKIP | LTS_AHR2_155 skipped - hour 8 != 16
[2026-09-18 08:16:09] DEMO_PORTFOLIO_SKIP | LTS_AHR2_159 skipped - hour 8 != 17
[2026-09-18 08:16:09] DEMO_PORTFOLIO_SKIP | LTS_AHR2_160 skipped - hour 8 != 16
[2026-09-18 08:16:09] DEMO_PORTFOLIO_SKIP | LTS_AHR2_169 skipped - hour 8 != 14
[2026-09-18 08:16:09] DEMO_PORTFOLIO_SKIP | LTS_AHR2_170 skipped - hour 8 != 21
[2026-09-18 08:16:09] DEMO_PORTFOLIO_SKIP | LTS_AHR2_171 skipped - hour 8 != 12
[2026-09-18 08:16:09] DEMO_PORTFOLIO_SKIP | LTS_AHR2_176 skipped - hour 8 != 11
[2026-09-18 08:16:09] DEMO_PORTFOLIO_SKIP | LTS_AHR2_177 skipped - hour 8 != 22
[2026-09-18 08:16:09] DEMO_PORTFOLIO_SKIP | LTS_AHR2_180 skipped - hour 8 != 20
[2026-09-18 08:16:10] DEMO_PORTFOLIO_SKIP | LTS_AHR2_181 skipped - hour 8 != 13
[2026-09-18 08:16:10] DEMO_PORTFOLIO_SKIP | LTS_AHR2_185 skipped - hour 8 != 9
[2026-09-18 08:16:10] DEMO_PORTFOLIO_SKIP | LTS_AHR2_186 skipped - hour 8 != 22
[2026-09-18 08:16:10] DEMO_PORTFOLIO_SKIP | LTS_AHR2_192 skipped - hour 8 != 22
[2026-09-18 08:16:10] DEMO_PORTFOLIO_SKIP | LTS_AHR2_193 skipped - hour 8 != 11
[2026-09-18 08:16:10] DEMO_PORTFOLIO_SKIP | LTS_AHR2_196 skipped - hour 8 != 17
[2026-09-18 08:16:10] DEMO_PORTFOLIO_SKIP | LTS_AHR2_200 skipped - hour 8 != 16
[2026-09-18 08:16:10] DEMO_PORTFOLIO_SKIP | LTS_AHR2_209 skipped - risk_distance 5.20 > 4.00
[2026-09-18 08:16:10] DEMO_PORTFOLIO_SKIP | LTS_AHR2_210 skipped - hour 8 != 20
[2026-09-18 08:16:10] DEMO_PORTFOLIO_SKIP | LTS_AHR2_213 skipped - hour 8 != 11
[2026-09-18 08:16:10] DEMO_PORTFOLIO_SKIP | LTS_AHR2_217 skipped - hour 8 != 20
[2026-09-18 08:16:10] DEMO_PORTFOLIO_SKIP | LTS_AHR2_222 skipped - hour 8 != 22
[2026-09-18 08:16:10] DEMO_PORTFOLIO_SKIP | LTS_AHR2_223 skipped - hour 8 != 12
[2026-09-18 08:16:10] DEMO_PORTFOLIO_SKIP | LTS_AHR2_226 skipped - hour 8 != 15
[2026-09-18 08:16:10] DEMO_PORTFOLIO_SKIP | LTS_AHR2_227 skipped - hour 8 != 9
[2026-09-18 08:16:10] DEMO_PORTFOLIO_SKIP | LTS_AHR2_228 skipped - hour 8 != 17
[2026-09-18 08:16:10] DEMO_PORTFOLIO_SKIP | LTS_AHR2_233 skipped - hour 8 != 17
[2026-09-18 08:16:11] DEMO_PORTFOLIO_SKIP | LTS_AHR2_234 skipped - hour 8 != 14
[2026-09-18 08:16:11] DEMO_PORTFOLIO_SKIP | LTS_AHR2_238 skipped - hour 8 != 14
[2026-09-18 08:16:11] DEMO_PORTFOLIO_SKIP | LTS_AHR2_239 skipped - hour 8 != 20
[2026-09-18 08:16:11] DEMO_PORTFOLIO_SKIP | LTS_AHR2_249 skipped - hour 8 != 19
[2026-09-18 08:16:11] DEMO_PORTFOLIO_SKIP | LTS_AHR2_253 skipped - hour 8 != 9
[2026-09-18 08:16:11] DEMO_PORTFOLIO_SKIP | LTS_AHR2_254 skipped - hour 8 != 19
[2026-09-18 08:16:11] DEMO_PORTFOLIO_SKIP | LTS_AHR2_255 skipped - hour 8 != 21
[2026-09-18 08:16:11] DEMO_PORTFOLIO_SKIP | LTS_AHR2_257 skipped - hour 8 != 11
[2026-09-18 08:16:11] DEMO_PORTFOLIO_SKIP | LTS_AHR2_259 skipped - hour 8 != 21
[2026-09-18 08:16:11] DEMO_PORTFOLIO_SKIP | LTS_AHR2_260 skipped - hour 8 != 21
[2026-09-18 08:16:11] DEMO_PORTFOLIO_SKIP | LTS_AHR2_261 skipped - hour 8 != 22
[2026-09-18 08:16:12] DEMO_PORTFOLIO_SKIP | LTS_AHR2_265 skipped - hour 8 != 19
[2026-09-18 08:16:12] DEMO_PORTFOLIO_SKIP | LTS_AHR2_266 skipped - hour 8 != 17
[2026-09-18 08:16:12] DEMO_PORTFOLIO_SKIP | LTS_AHR2_270 skipped - hour 8 != 20
[2026-09-18 08:16:12] DEMO_PORTFOLIO_SKIP | LTS_AHR2_271 skipped - hour 8 != 21
[2026-09-18 08:16:12] DEMO_PORTFOLIO_SKIP | LTS_AHR2_272 skipped - hour 8 != 21
[2026-09-18 08:16:12] DEMO_PORTFOLIO_SKIP | LTS_AHR2_274 skipped - hour 8 != 21
[2026-09-18 08:16:12] DEMO_PORTFOLIO_SKIP | LTS_AHR2_277 skipped - hour 8 != 13
[2026-09-18 08:16:12] DEMO_PORTFOLIO_SKIP | LTS_AHR2_281 skipped - hour 8 != 11
[2026-09-18 08:16:12] DEMO_PORTFOLIO_SKIP | LTS_AHR2_284 skipped - hour 8 != 22
[2026-09-18 08:16:12] DEMO_PORTFOLIO_SKIP | LTS_AHR2_286 skipped - hour 8 != 20
[2026-09-18 08:16:12] DEMO_PORTFOLIO_SKIP | LTS_AHR2_290 skipped - hour 8 != 22
[2026-09-18 08:16:12] DEMO_PORTFOLIO_SKIP | LTS_AHR2_291 skipped - hour 8 != 20
[2026-09-18 08:16:12] DEMO_PORTFOLIO_SKIP | LTS_AHR2_294 skipped - hour 8 != 20
[2026-09-18 08:16:13] DEMO_PORTFOLIO_SKIP | LTS_AHR2_299 skipped - hour 8 != 15
[2026-09-18 08:16:13] DEMO_PORTFOLIO_SKIP | LTS_AHR2_300 skipped - hour 8 != 21
[2026-09-18 08:16:13] DEMO_PORTFOLIO_SKIP | LTS_AHR2_303 skipped - hour 8 != 17
[2026-09-18 08:16:13] DEMO_PORTFOLIO_SKIP | LTS_AHR2_309 skipped - hour 8 != 12
[2026-09-18 08:16:13] DEMO_PORTFOLIO_SKIP | LTS_AHR2_314 skipped - hour 8 != 17
[2026-09-18 08:16:13] DEMO_PORTFOLIO_SKIP | LTS_AHR2_318 skipped - hour 8 != 20
[2026-09-18 08:16:13] DEMO_PORTFOLIO_SKIP | LTS_AHR2_323 skipped - hour 8 != 20
[2026-09-18 08:16:13] DEMO_PORTFOLIO_SKIP | LTS_AHR2_324 skipped - hour 8 != 22
[2026-09-18 08:16:13] DEMO_PORTFOLIO_SKIP | LTS_AHR2_330 skipped - hour 8 != 9
[2026-09-18 08:16:13] DEMO_PORTFOLIO_SKIP | LTS_AHR2_333 skipped - hour 8 != 16
[2026-09-18 08:16:13] DEMO_PORTFOLIO_SKIP | LTS_AHR2_334 skipped - hour 8 != 13
[2026-09-18 08:16:13] DEMO_PORTFOLIO_SKIP | LTS_AHR2_335 skipped - hour 8 != 11
[2026-09-18 08:16:13] DEMO_PORTFOLIO_SKIP | LTS_AHR2_339 skipped - hour 8 != 9
[2026-09-18 08:16:14] DEMO_PORTFOLIO_SKIP | LTS_AHR2_340 skipped - hour 8 != 20
[2026-09-18 08:16:14] DEMO_PORTFOLIO_SKIP | LTS_AHR2_341 skipped - hour 8 != 21
[2026-09-18 08:16:14] DEMO_PORTFOLIO_SKIP | LTS_AHR2_349 skipped - hour 8 != 11
[2026-09-18 08:16:14] DEMO_PORTFOLIO_SKIP | LTS_AHR2_357 skipped - hour 8 != 21
[2026-09-18 08:16:14] DEMO_PORTFOLIO_SKIP | LTS_AHR2_358 skipped - hour 8 != 18
[2026-09-18 08:16:14] DEMO_PORTFOLIO_SKIP | LTS_AHR2_361 skipped - hour 8 != 15
[2026-09-18 08:16:14] DEMO_PORTFOLIO_SKIP | LTS_AHR2_363 skipped - hour 8 != 17
[2026-09-18 08:16:14] DEMO_PORTFOLIO_SKIP | LTS_AHR2_368 skipped - hour 8 != 21
[2026-09-18 08:16:14] DEMO_PORTFOLIO_SKIP | LTS_AHR2_369 skipped - hour 8 != 21
[2026-09-18 08:16:14] DEMO_PORTFOLIO_SKIP | LTS_AHR2_374 skipped - hour 8 != 10
[2026-09-18 08:16:14] DEMO_PORTFOLIO_SKIP | LTS_AHR2_375 skipped - hour 8 != 21
[2026-09-18 08:16:14] DEMO_PORTFOLIO_SKIP | LTS_AHR2_378 skipped - hour 8 != 19
[2026-09-18 08:16:14] DEMO_PORTFOLIO_SKIP | LTS_AHR2_383 skipped - hour 8 != 10
[2026-09-18 08:16:14] DEMO_PORTFOLIO_SKIP | LTS_AHR2_384 skipped - hour 8 != 20
[2026-09-18 08:16:14] DEMO_PORTFOLIO_SKIP | LTS_AHR2_385 skipped - hour 8 != 12
[2026-09-18 08:16:14] DEMO_PORTFOLIO_SKIP | LTS_AHR2_397 skipped - hour 8 != 20
[2026-09-18 08:16:14] DEMO_PORTFOLIO_SKIP | LTS_AHR2_471 skipped - hour 8 != 22
[2026-09-18 08:16:15] DEMO_PORTFOLIO_PENDING_FILL | LTS_AHR2_675 BUY lot=2.00 entry=4356.4 sl=4296.542857142857 tp=4476.114285714284 success=False ticket=None err=10034 — Volume limit reached
[2026-09-18 08:16:15] DEMO_PORTFOLIO_SCAN | XAUUSD.iux done active=LTS_AHR2
[2026-09-18 08:16:15] TG_SENT | [AF SIGNAL] *🔥✨ Avengers High Risk v2* | Leg: `LTS_AHR2_1 INVERSE_S84c28_RDall_H8` | SELL @ market lot `2.00` | SL `4361.08` TP `4351.20` | RD `5.20` H`8` | Weight `x2000.000` Scale `1.00` | Ticket: `587462496`
[2026-09-18 08:16:19] TG_SENT | Demo Portfolio LTS_AHR2_675 pending-fill failed: 10034 — Volume limit reached
[2026-09-18 08:17:04] SYMBOL_CHECK | XAUUSD.iux trade_mode=4 xau_open=True | trade_mode=4 | tick_time=1789697825 | bid=4356.65 | ask=4356.79 | tick_ok=True | xau_open=True | current_symbol=XAUUSD.iux | startup=False
[2026-09-18 08:18:04] SYMBOL_CHECK | XAUUSD.iux trade_mode=4 xau_open=True | trade_mode=4 | tick_time=1789697885 | bid=4356.17 | ask=4356.31 | tick_ok=True | xau_open=True | current_symbol=XAUUSD.iux | startup=False
[2026-09-18 08:19:04] SYMBOL_CHECK | XAUUSD.iux trade_mode=4 xau_open=True | trade_mode=4 | tick_time=1789697945 | bid=4358.37 | ask=4358.51 | tick_ok=True | xau_open=True | current_symbol=XAUUSD.iux | startup=False
[2026-09-18 08:19:45] POSITION_CLOSED | 🛑 SL Hit | ticket=587462496 | side=SELL | symbol=XAUUSD.iux | tf=M15 | sid=21 | pattern=- | trend_filter=- | open_price=4356.89 | close_price=4361.08 | sl=4361.08 | tp=4351.2 | profit=-838.0 | reason=[sl 4361.08] | close_time=08:19:41 18/09/2026
[2026-09-18 08:19:45] TG_SENT | 🔴 *🛑 SL Hit* | ━━━━━━━━━━━━━━━━━ | 📊 TF: M15 | 📊 SELL XAUUSD.iux | 📌 เปิด: `4356.89` | 📌 ปิด: `4361.08` | 🛑 SL: `4361.08` | 🎯 TP: `4351.2` | 💬 เหตุผล: `[sl 4361.08]` | 💸 P/L: `-838.0` USD | 🔖 Ticket: `587462496` | 🕐 Close Time: `08:19:41 18/09/2026`
[2026-09-18 08:20:04] SYMBOL_CHECK | XAUUSD.iux trade_mode=4 xau_open=True | trade_mode=4 | tick_time=1789698005 | bid=4361.47 | ask=4361.61 | tick_ok=True | xau_open=True | current_symbol=XAUUSD.iux | startup=False
[2026-09-18 08:21:04] SYMBOL_CHECK | XAUUSD.iux trade_mode=4 xau_open=True | trade_mode=4 | tick_time=1789698065 | bid=4362.2 | ask=4362.34 | tick_ok=True | xau_open=True | current_symbol=XAUUSD.iux | startup=False
[2026-09-18 08:21:04] DEMO_PORTFOLIO_SCAN | XAUUSD.iux open active=LTS_AHR2
[2026-09-18 08:21:04] DEMO_PORTFOLIO_SCAN | XAUUSD.iux done active=LTS_AHR2
[2026-09-18 08:22:04] SYMBOL_CHECK | XAUUSD.iux trade_mode=4 xau_open=True | trade_mode=4 | tick_time=1789698125 | bid=4363.94 | ask=4364.08 | tick_ok=True | xau_open=True | current_symbol=XAUUSD.iux | startup=False
[2026-09-18 08:23:05] SYMBOL_CHECK | XAUUSD.iux trade_mode=4 xau_open=True | trade_mode=4 | tick_time=1789698185 | bid=4363.02 | ask=4363.16 | tick_ok=True | xau_open=True | current_symbol=XAUUSD.iux | startup=False
[2026-09-18 08:24:05] SYMBOL_CHECK | XAUUSD.iux trade_mode=4 xau_open=True | trade_mode=4 | tick_time=1789698245 | bid=4362.17 | ask=4362.31 | tick_ok=True | xau_open=True | current_symbol=XAUUSD.iux | startup=False
[2026-09-18 08:25:05] SYMBOL_CHECK | XAUUSD.iux trade_mode=4 xau_open=True | trade_mode=4 | tick_time=1789698305 | bid=4362.19 | ask=4362.33 | tick_ok=True | xau_open=True | current_symbol=XAUUSD.iux | startup=False
[2026-09-18 08:26:05] SYMBOL_CHECK | XAUUSD.iux trade_mode=4 xau_open=True | trade_mode=4 | tick_time=1789698365 | bid=4361.53 | ask=4361.67 | tick_ok=True | xau_open=True | current_symbol=XAUUSD.iux | startup=False
[2026-09-18 08:26:05] DEMO_PORTFOLIO_SCAN | XAUUSD.iux open active=LTS_AHR2
[2026-09-18 08:26:05] DEMO_PORTFOLIO_SCAN | XAUUSD.iux done active=LTS_AHR2
[2026-09-18 08:27:04] SYMBOL_CHECK | XAUUSD.iux trade_mode=4 xau_open=True | trade_mode=4 | tick_time=1789698425 | bid=4360.55 | ask=4360.69 | tick_ok=True | xau_open=True | current_symbol=XAUUSD.iux | startup=False
[2026-09-18 08:28:04] SYMBOL_CHECK | XAUUSD.iux trade_mode=4 xau_open=True | trade_mode=4 | tick_time=1789698485 | bid=4360.67 | ask=4360.81 | tick_ok=True | xau_open=True | current_symbol=XAUUSD.iux | startup=False
[2026-09-18 08:29:05] SYMBOL_CHECK | XAUUSD.iux trade_mode=4 xau_open=True | trade_mode=4 | tick_time=1789698545 | bid=4359.03 | ask=4359.17 | tick_ok=True | xau_open=True | current_symbol=XAUUSD.iux | startup=False
[2026-09-18 08:30:05] SYMBOL_CHECK | XAUUSD.iux trade_mode=4 xau_open=True | trade_mode=4 | tick_time=1789698605 | bid=4359.45 | ask=4359.59 | tick_ok=True | xau_open=True | current_symbol=XAUUSD.iux | startup=False
[2026-09-18 08:31:05] SYMBOL_CHECK | XAUUSD.iux trade_mode=4 xau_open=True | trade_mode=4 | tick_time=1789698665 | bid=4358.49 | ask=4358.63 | tick_ok=True | xau_open=True | current_symbol=XAUUSD.iux | startup=False
[2026-09-18 08:31:05] DEMO_PORTFOLIO_SCAN | XAUUSD.iux open active=LTS_AHR2
[2026-09-18 08:31:05] DEMO_PORTFOLIO_SKIP | LTS_AHR2_3 skipped - hour 8 != 9
[2026-09-18 08:31:05] DEMO_PORTFOLIO_SKIP | LTS_AHR2_4 skipped - hour 8 != 11
[2026-09-18 08:31:05] DEMO_PORTFOLIO_SKIP | LTS_AHR2_5 skipped - hour 8 != 17
[2026-09-18 08:31:05] DEMO_PORTFOLIO_SKIP | LTS_AHR2_10 skipped - hour 8 != 20
[2026-09-18 08:31:05] DEMO_PORTFOLIO_SKIP | LTS_AHR2_14 skipped - risk_distance 6.04 > 2.00
[2026-09-18 08:31:05] DEMO_PORTFOLIO_SKIP | LTS_AHR2_15 skipped - hour 8 != 11
[2026-09-18 08:31:05] DEMO_PORTFOLIO_SKIP | LTS_AHR2_22 skipped - hour 8 != 9
[2026-09-18 08:31:05] DEMO_PORTFOLIO_SKIP | LTS_AHR2_23 skipped - hour 8 != 19
[2026-09-18 08:31:05] DEMO_PORTFOLIO_SKIP | LTS_AHR2_29 skipped - hour 8 != 12
[2026-09-18 08:31:05] DEMO_PORTFOLIO_SKIP | LTS_AHR2_30 skipped - hour 8 != 14
[2026-09-18 08:31:05] DEMO_PORTFOLIO_SKIP | LTS_AHR2_31 skipped - hour 8 != 19
[2026-09-18 08:31:05] DEMO_PORTFOLIO_SKIP | LTS_AHR2_37 skipped - hour 8 != 15
[2026-09-18 08:31:05] DEMO_PORTFOLIO_SKIP | LTS_AHR2_38 skipped - hour 8 != 11
[2026-09-18 08:31:05] DEMO_PORTFOLIO_SKIP | LTS_AHR2_45 skipped - hour 8 != 15
[2026-09-18 08:31:05] DEMO_PORTFOLIO_SKIP | LTS_AHR2_53 skipped - hour 8 != 15
[2026-09-18 08:31:06] DEMO_PORTFOLIO_SKIP | LTS_AHR2_54 skipped - hour 8 != 20
[2026-09-18 08:31:06] DEMO_PORTFOLIO_SKIP | LTS_AHR2_59 skipped - hour 8 != 16
[2026-09-18 08:31:06] DEMO_PORTFOLIO_SKIP | LTS_AHR2_60 skipped - hour 8 != 19
[2026-09-18 08:31:06] DEMO_PORTFOLIO_SKIP | LTS_AHR2_66 skipped - hour 8 != 18
[2026-09-18 08:31:06] DEMO_PORTFOLIO_SKIP | LTS_AHR2_71 skipped - hour 8 != 20
[2026-09-18 08:31:06] DEMO_PORTFOLIO_SKIP | LTS_AHR2_75 skipped - hour 8 != 21
[2026-09-18 08:31:06] DEMO_PORTFOLIO_SKIP | LTS_AHR2_78 skipped - hour 8 != 10
[2026-09-18 08:31:06] DEMO_PORTFOLIO_SKIP | LTS_AHR2_83 skipped - hour 8 != 10
[2026-09-18 08:31:07] DEMO_PORTFOLIO_SKIP | LTS_AHR2_87 skipped - hour 8 != 12
[2026-09-18 08:31:07] DEMO_PORTFOLIO_SKIP | LTS_AHR2_88 skipped - hour 8 != 12
[2026-09-18 08:31:07] DEMO_PORTFOLIO_SKIP | LTS_AHR2_89 skipped - hour 8 != 11
[2026-09-18 08:31:07] DEMO_PORTFOLIO_SKIP | LTS_AHR2_94 skipped - hour 8 != 15
[2026-09-18 08:31:07] DEMO_PORTFOLIO_SKIP | LTS_AHR2_95 skipped - hour 8 != 20
[2026-09-18 08:31:07] DEMO_PORTFOLIO_SKIP | LTS_AHR2_103 skipped - hour 8 != 16
[2026-09-18 08:31:07] DEMO_PORTFOLIO_SKIP | LTS_AHR2_104 skipped - hour 8 != 22
[2026-09-18 08:31:07] DEMO_PORTFOLIO_SKIP | LTS_AHR2_107 skipped - hour 8 != 17
[2026-09-18 08:31:07] DEMO_PORTFOLIO_SKIP | LTS_AHR2_112 skipped - hour 8 != 19
[2026-09-18 08:31:07] DEMO_PORTFOLIO_SKIP | LTS_AHR2_117 skipped - risk_distance 6.04 > 2.00
[2026-09-18 08:31:07] DEMO_PORTFOLIO_SKIP | LTS_AHR2_118 skipped - hour 8 != 12
[2026-09-18 08:31:07] DEMO_PORTFOLIO_SKIP | LTS_AHR2_122 skipped - hour 8 != 14
[2026-09-18 08:31:07] DEMO_PORTFOLIO_SKIP | LTS_AHR2_125 skipped - hour 8 != 10
[2026-09-18 08:31:07] DEMO_PORTFOLIO_SKIP | LTS_AHR2_127 skipped - risk_distance 6.04 > 2.00
[2026-09-18 08:31:08] DEMO_PORTFOLIO_SKIP | LTS_AHR2_128 skipped - hour 8 != 16
[2026-09-18 08:31:08] DEMO_PORTFOLIO_SKIP | LTS_AHR2_132 skipped - hour 8 != 10
[2026-09-18 08:31:08] DEMO_PORTFOLIO_SKIP | LTS_AHR2_136 skipped - hour 8 != 15
[2026-09-18 08:31:08] DEMO_PORTFOLIO_SKIP | LTS_AHR2_139 skipped - hour 8 != 18
[2026-09-18 08:31:08] DEMO_PORTFOLIO_SKIP | LTS_AHR2_142 skipped - hour 8 != 15
[2026-09-18 08:31:08] DEMO_PORTFOLIO_SKIP | LTS_AHR2_145 skipped - hour 8 != 10
[2026-09-18 08:31:08] DEMO_PORTFOLIO_SKIP | LTS_AHR2_146 skipped - hour 8 != 9
[2026-09-18 08:31:08] DEMO_PORTFOLIO_SKIP | LTS_AHR2_151 skipped - hour 8 != 19
[2026-09-18 08:31:08] DEMO_PORTFOLIO_SKIP | LTS_AHR2_152 skipped - hour 8 != 20
[2026-09-18 08:31:08] DEMO_PORTFOLIO_SKIP | LTS_AHR2_156 skipped - hour 8 != 16
[2026-09-18 08:31:08] DEMO_PORTFOLIO_SKIP | LTS_AHR2_157 skipped - hour 8 != 17
[2026-09-18 08:31:09] DEMO_PORTFOLIO_SKIP | LTS_AHR2_161 skipped - hour 8 != 9
[2026-09-18 08:31:09] DEMO_PORTFOLIO_SKIP | LTS_AHR2_162 skipped - hour 8 != 19
[2026-09-18 08:31:09] DEMO_PORTFOLIO_SKIP | LTS_AHR2_163 skipped - hour 8 != 19
[2026-09-18 08:31:09] DEMO_PORTFOLIO_SKIP | LTS_AHR2_167 skipped - hour 8 != 17
[2026-09-18 08:31:09] DEMO_PORTFOLIO_SKIP | LTS_AHR2_172 skipped - risk_distance 6.04 > 2.00
[2026-09-18 08:31:09] DEMO_PORTFOLIO_SKIP | LTS_AHR2_173 skipped - hour 8 != 16
[2026-09-18 08:31:09] DEMO_PORTFOLIO_SKIP | LTS_AHR2_178 skipped - hour 8 != 14
[2026-09-18 08:31:09] DEMO_PORTFOLIO_SKIP | LTS_AHR2_179 skipped - hour 8 != 14
[2026-09-18 08:31:09] DEMO_PORTFOLIO_SKIP | LTS_AHR2_182 skipped - hour 8 != 15
[2026-09-18 08:31:09] DEMO_PORTFOLIO_SKIP | LTS_AHR2_183 skipped - hour 8 != 21
[2026-09-18 08:31:09] DEMO_PORTFOLIO_SKIP | LTS_AHR2_187 skipped - hour 8 != 16
[2026-09-18 08:31:09] DEMO_PORTFOLIO_SKIP | LTS_AHR2_190 skipped - hour 8 != 21
[2026-09-18 08:31:09] DEMO_PORTFOLIO_SKIP | LTS_AHR2_194 skipped - hour 8 != 19
[2026-09-18 08:31:09] DEMO_PORTFOLIO_SKIP | LTS_AHR2_197 skipped - hour 8 != 14
[2026-09-18 08:31:10] DEMO_PORTFOLIO_SKIP | LTS_AHR2_198 skipped - hour 8 != 22
[2026-09-18 08:31:10] DEMO_PORTFOLIO_SKIP | LTS_AHR2_201 skipped - hour 8 != 16
[2026-09-18 08:31:10] DEMO_PORTFOLIO_SKIP | LTS_AHR2_202 skipped - hour 8 != 19
[2026-09-18 08:31:10] DEMO_PORTFOLIO_SKIP | LTS_AHR2_205 skipped - hour 8 != 16
[2026-09-18 08:31:10] DEMO_PORTFOLIO_SKIP | LTS_AHR2_206 skipped - hour 8 != 14
[2026-09-18 08:31:10] DEMO_PORTFOLIO_SKIP | LTS_AHR2_207 skipped - hour 8 != 19
[2026-09-18 08:31:10] DEMO_PORTFOLIO_SKIP | LTS_AHR2_211 skipped - hour 8 != 14
[2026-09-18 08:31:10] DEMO_PORTFOLIO_SKIP | LTS_AHR2_214 skipped - hour 8 != 19
[2026-09-18 08:31:10] DEMO_PORTFOLIO_SKIP | LTS_AHR2_218 skipped - hour 8 != 15
[2026-09-18 08:31:10] DEMO_PORTFOLIO_SKIP | LTS_AHR2_219 skipped - hour 8 != 14
[2026-09-18 08:31:10] DEMO_PORTFOLIO_SKIP | LTS_AHR2_224 skipped - hour 8 != 18
[2026-09-18 08:31:10] DEMO_PORTFOLIO_SKIP | LTS_AHR2_225 skipped - hour 8 != 19
[2026-09-18 08:31:10] DEMO_PORTFOLIO_SKIP | LTS_AHR2_229 skipped - hour 8 != 16
[2026-09-18 08:31:10] DEMO_PORTFOLIO_SKIP | LTS_AHR2_230 skipped - hour 8 != 14
[2026-09-18 08:31:11] DEMO_PORTFOLIO_SKIP | LTS_AHR2_231 skipped - hour 8 != 19
[2026-09-18 08:31:11] DEMO_PORTFOLIO_SKIP | LTS_AHR2_235 skipped - hour 8 != 14
[2026-09-18 08:31:11] DEMO_PORTFOLIO_SKIP | LTS_AHR2_240 skipped - hour 8 != 20
[2026-09-18 08:31:11] DEMO_PORTFOLIO_SKIP | LTS_AHR2_241 skipped - hour 8 != 19
[2026-09-18 08:31:11] DEMO_PORTFOLIO_SKIP | LTS_AHR2_245 skipped - hour 8 != 21
[2026-09-18 08:31:11] DEMO_PORTFOLIO_SKIP | LTS_AHR2_250 skipped - hour 8 != 19
[2026-09-18 08:31:11] DEMO_PORTFOLIO_SKIP | LTS_AHR2_251 skipped - hour 8 != 20
[2026-09-18 08:31:11] DEMO_PORTFOLIO_SKIP | LTS_AHR2_256 skipped - hour 8 != 14
[2026-09-18 08:31:12] DEMO_PORTFOLIO_SKIP | LTS_AHR2_262 skipped - hour 8 != 20
[2026-09-18 08:31:12] DEMO_PORTFOLIO_SKIP | LTS_AHR2_263 skipped - hour 8 != 20
[2026-09-18 08:31:12] DEMO_PORTFOLIO_SKIP | LTS_AHR2_267 skipped - hour 8 != 15
[2026-09-18 08:31:12] DEMO_PORTFOLIO_SKIP | LTS_AHR2_268 skipped - hour 8 != 20
[2026-09-18 08:31:12] DEMO_PORTFOLIO_SKIP | LTS_AHR2_275 skipped - hour 8 != 19
[2026-09-18 08:31:12] DEMO_PORTFOLIO_SKIP | LTS_AHR2_278 skipped - hour 8 != 16
[2026-09-18 08:31:12] DEMO_PORTFOLIO_SKIP | LTS_AHR2_279 skipped - hour 8 != 14
[2026-09-18 08:31:12] DEMO_PORTFOLIO_SKIP | LTS_AHR2_282 skipped - hour 8 != 21
[2026-09-18 08:31:12] DEMO_PORTFOLIO_SKIP | LTS_AHR2_283 skipped - hour 8 != 14
[2026-09-18 08:31:12] DEMO_PORTFOLIO_SKIP | LTS_AHR2_287 skipped - hour 8 != 21
[2026-09-18 08:31:12] DEMO_PORTFOLIO_SKIP | LTS_AHR2_295 skipped - hour 8 != 14
[2026-09-18 08:31:12] DEMO_PORTFOLIO_SKIP | LTS_AHR2_296 skipped - hour 8 != 10
[2026-09-18 08:31:12] DEMO_PORTFOLIO_SKIP | LTS_AHR2_301 skipped - hour 8 != 18
[2026-09-18 08:31:12] DEMO_PORTFOLIO_SKIP | LTS_AHR2_304 skipped - risk_distance 6.04 > 2.00
[2026-09-18 08:31:13] DEMO_PORTFOLIO_SKIP | LTS_AHR2_306 skipped - hour 8 != 20
[2026-09-18 08:31:13] DEMO_PORTFOLIO_SKIP | LTS_AHR2_307 skipped - hour 8 != 22
[2026-09-18 08:31:13] DEMO_PORTFOLIO_SKIP | LTS_AHR2_310 skipped - hour 8 != 14
[2026-09-18 08:31:13] DEMO_PORTFOLIO_SKIP | LTS_AHR2_311 skipped - hour 8 != 10
[2026-09-18 08:31:13] DEMO_PORTFOLIO_SKIP | LTS_AHR2_315 skipped - hour 8 != 17
[2026-09-18 08:31:13] DEMO_PORTFOLIO_SKIP | LTS_AHR2_319 skipped - hour 8 != 21
[2026-09-18 08:31:13] DEMO_PORTFOLIO_SKIP | LTS_AHR2_320 skipped - hour 8 != 10
[2026-09-18 08:31:13] DEMO_PORTFOLIO_SKIP | LTS_AHR2_325 skipped - hour 8 != 9
[2026-09-18 08:31:13] DEMO_PORTFOLIO_SKIP | LTS_AHR2_326 skipped - hour 8 != 10
[2026-09-18 08:31:13] DEMO_PORTFOLIO_SKIP | LTS_AHR2_336 skipped - hour 8 != 19
[2026-09-18 08:31:13] DEMO_PORTFOLIO_SKIP | LTS_AHR2_342 skipped - hour 8 != 12
[2026-09-18 08:31:13] DEMO_PORTFOLIO_SKIP | LTS_AHR2_343 skipped - hour 8 != 14
[2026-09-18 08:31:13] DEMO_PORTFOLIO_SKIP | LTS_AHR2_345 skipped - hour 8 != 20
[2026-09-18 08:31:13] DEMO_PORTFOLIO_SKIP | LTS_AHR2_346 skipped - hour 8 != 10
[2026-09-18 08:31:13] DEMO_PORTFOLIO_SKIP | LTS_AHR2_347 skipped - hour 8 != 19
[2026-09-18 08:31:13] DEMO_PORTFOLIO_SKIP | LTS_AHR2_350 skipped - hour 8 != 10
[2026-09-18 08:31:13] DEMO_PORTFOLIO_SKIP | LTS_AHR2_351 skipped - hour 8 != 14
[2026-09-18 08:31:14] DEMO_PORTFOLIO_SKIP | LTS_AHR2_352 skipped - hour 8 != 22
[2026-09-18 08:31:14] DEMO_PORTFOLIO_SKIP | LTS_AHR2_354 skipped - hour 8 != 20
[2026-09-18 08:31:14] DEMO_PORTFOLIO_SKIP | LTS_AHR2_355 skipped - hour 8 != 19
[2026-09-18 08:31:14] DEMO_PORTFOLIO_SKIP | LTS_AHR2_359 skipped - hour 8 != 14
[2026-09-18 08:31:14] DEMO_PORTFOLIO_SKIP | LTS_AHR2_364 skipped - hour 8 != 9
[2026-09-18 08:31:14] DEMO_PORTFOLIO_SKIP | LTS_AHR2_365 skipped - hour 8 != 10
[2026-09-18 08:31:14] DEMO_PORTFOLIO_SKIP | LTS_AHR2_370 skipped - hour 8 != 14
[2026-09-18 08:31:14] DEMO_PORTFOLIO_SKIP | LTS_AHR2_376 skipped - hour 8 != 9
[2026-09-18 08:31:14] DEMO_PORTFOLIO_SKIP | LTS_AHR2_379 skipped - hour 8 != 16
[2026-09-18 08:31:14] DEMO_PORTFOLIO_SKIP | LTS_AHR2_380 skipped - hour 8 != 19
[2026-09-18 08:31:14] DEMO_PORTFOLIO_SKIP | LTS_AHR2_386 skipped - hour 8 != 12
[2026-09-18 08:31:14] DEMO_PORTFOLIO_SKIP | LTS_AHR2_387 skipped - hour 8 != 14
[2026-09-18 08:31:15] DEMO_PORTFOLIO_SKIP | LTS_AHR2_388 skipped - hour 8 != 9
[2026-09-18 08:31:15] DEMO_PORTFOLIO_SKIP | LTS_AHR2_389 skipped - hour 8 != 16
[2026-09-18 08:31:15] DEMO_PORTFOLIO_SKIP | LTS_AHR2_391 skipped - hour 8 != 10
[2026-09-18 08:31:15] DEMO_PORTFOLIO_SKIP | LTS_AHR2_393 skipped - hour 8 != 12
[2026-09-18 08:31:15] DEMO_PORTFOLIO_SKIP | LTS_AHR2_395 skipped - hour 8 != 16
[2026-09-18 08:31:15] DEMO_PORTFOLIO_SKIP | LTS_AHR2_398 skipped - hour 8 != 16
[2026-09-18 08:31:15] DEMO_PORTFOLIO_SKIP | LTS_AHR2_399 skipped - hour 8 != 16
[2026-09-18 08:31:15] DEMO_PORTFOLIO_SKIP | LTS_AHR2_401 skipped - hour 8 != 14
[2026-09-18 08:31:15] DEMO_PORTFOLIO_SKIP | LTS_AHR2_403 skipped - hour 8 != 12
[2026-09-18 08:31:15] DEMO_PORTFOLIO_SKIP | LTS_AHR2_404 skipped - hour 8 != 9
[2026-09-18 08:31:15] DEMO_PORTFOLIO_SKIP | LTS_AHR2_405 skipped - hour 8 != 19
[2026-09-18 08:31:15] DEMO_PORTFOLIO_SKIP | LTS_AHR2_407 skipped - hour 8 != 12
[2026-09-18 08:31:15] DEMO_PORTFOLIO_SKIP | LTS_AHR2_408 skipped - hour 8 != 14
[2026-09-18 08:31:15] DEMO_PORTFOLIO_SKIP | LTS_AHR2_409 skipped - hour 8 != 14
[2026-09-18 08:31:15] DEMO_PORTFOLIO_SKIP | LTS_AHR2_411 skipped - hour 8 != 9
[2026-09-18 08:31:15] DEMO_PORTFOLIO_SKIP | LTS_AHR2_412 skipped - hour 8 != 9
[2026-09-18 08:31:15] DEMO_PORTFOLIO_SKIP | LTS_AHR2_413 skipped - hour 8 != 14
[2026-09-18 08:31:15] DEMO_PORTFOLIO_SKIP | LTS_AHR2_415 skipped - hour 8 != 12
[2026-09-18 08:31:16] DEMO_PORTFOLIO_SKIP | LTS_AHR2_416 skipped - risk_distance 6.04 > 2.00
[2026-09-18 08:31:16] DEMO_PORTFOLIO_SKIP | LTS_AHR2_417 skipped - hour 8 != 14
[2026-09-18 08:31:16] DEMO_PORTFOLIO_SKIP | LTS_AHR2_419 skipped - hour 8 != 12
[2026-09-18 08:31:16] DEMO_PORTFOLIO_SKIP | LTS_AHR2_420 skipped - risk_distance 6.04 > 2.00
[2026-09-18 08:31:16] DEMO_PORTFOLIO_SKIP | LTS_AHR2_421 skipped - hour 8 != 14
[2026-09-18 08:31:16] DEMO_PORTFOLIO_SKIP | LTS_AHR2_423 skipped - hour 8 != 9
[2026-09-18 08:31:16] DEMO_PORTFOLIO_SKIP | LTS_AHR2_424 skipped - risk_distance 6.04 > 2.00
[2026-09-18 08:31:16] DEMO_PORTFOLIO_SKIP | LTS_AHR2_425 skipped - hour 8 != 14
[2026-09-18 08:31:16] DEMO_PORTFOLIO_SKIP | LTS_AHR2_427 skipped - hour 8 != 12
[2026-09-18 08:31:17] DEMO_PORTFOLIO_SKIP | LTS_AHR2_428 skipped - risk_distance 6.04 > 2.00
[2026-09-18 08:31:17] DEMO_PORTFOLIO_SKIP | LTS_AHR2_429 skipped - hour 8 != 14
[2026-09-18 08:31:17] DEMO_PORTFOLIO_SKIP | LTS_AHR2_431 skipped - hour 8 != 9
[2026-09-18 08:31:17] DEMO_PORTFOLIO_SKIP | LTS_AHR2_432 skipped - risk_distance 6.04 > 2.00
[2026-09-18 08:31:17] DEMO_PORTFOLIO_SKIP | LTS_AHR2_433 skipped - hour 8 != 14
[2026-09-18 08:31:17] DEMO_PORTFOLIO_SKIP | LTS_AHR2_435 skipped - hour 8 != 12
[2026-09-18 08:31:17] DEMO_PORTFOLIO_SKIP | LTS_AHR2_436 skipped - risk_distance 6.04 > 2.00
[2026-09-18 08:31:17] DEMO_PORTFOLIO_SKIP | LTS_AHR2_437 skipped - hour 8 != 14
[2026-09-18 08:31:17] DEMO_PORTFOLIO_SKIP | LTS_AHR2_439 skipped - hour 8 != 9
[2026-09-18 08:31:17] DEMO_PORTFOLIO_SKIP | LTS_AHR2_440 skipped - risk_distance 6.04 > 2.00
[2026-09-18 08:31:18] DEMO_PORTFOLIO_SKIP | LTS_AHR2_441 skipped - hour 8 != 14
[2026-09-18 08:31:18] DEMO_PORTFOLIO_SKIP | LTS_AHR2_443 skipped - hour 8 != 12
[2026-09-18 08:31:18] DEMO_PORTFOLIO_SKIP | LTS_AHR2_444 skipped - risk_distance 6.04 > 2.00
[2026-09-18 08:31:18] DEMO_PORTFOLIO_SKIP | LTS_AHR2_445 skipped - hour 8 != 14
[2026-09-18 08:31:18] DEMO_PORTFOLIO_SKIP | LTS_AHR2_447 skipped - hour 8 != 9
[2026-09-18 08:31:18] DEMO_PORTFOLIO_SKIP | LTS_AHR2_448 skipped - risk_distance 6.04 > 2.00
[2026-09-18 08:31:18] DEMO_PORTFOLIO_SKIP | LTS_AHR2_449 skipped - hour 8 != 14
[2026-09-18 08:31:18] DEMO_PORTFOLIO_SKIP | LTS_AHR2_451 skipped - hour 8 != 12
[2026-09-18 08:31:18] DEMO_PORTFOLIO_SKIP | LTS_AHR2_452 skipped - risk_distance 6.04 > 2.00
[2026-09-18 08:31:18] DEMO_PORTFOLIO_SKIP | LTS_AHR2_453 skipped - hour 8 != 14
[2026-09-18 08:31:18] DEMO_PORTFOLIO_SKIP | LTS_AHR2_455 skipped - hour 8 != 9
[2026-09-18 08:31:18] DEMO_PORTFOLIO_SKIP | LTS_AHR2_456 skipped - risk_distance 6.04 > 2.00
[2026-09-18 08:31:18] DEMO_PORTFOLIO_SKIP | LTS_AHR2_457 skipped - hour 8 != 14
[2026-09-18 08:31:18] DEMO_PORTFOLIO_SKIP | LTS_AHR2_459 skipped - hour 8 != 12
[2026-09-18 08:31:18] DEMO_PORTFOLIO_SKIP | LTS_AHR2_460 skipped - risk_distance 6.04 > 2.00
[2026-09-18 08:31:19] DEMO_PORTFOLIO_SKIP | LTS_AHR2_461 skipped - hour 8 != 14
[2026-09-18 08:31:19] DEMO_PORTFOLIO_SKIP | LTS_AHR2_463 skipped - hour 8 != 9
[2026-09-18 08:31:19] DEMO_PORTFOLIO_SKIP | LTS_AHR2_464 skipped - risk_distance 6.04 > 2.00
[2026-09-18 08:31:19] DEMO_PORTFOLIO_SKIP | LTS_AHR2_465 skipped - hour 8 != 14
[2026-09-18 08:31:19] DEMO_PORTFOLIO_SKIP | LTS_AHR2_467 skipped - hour 8 != 12
[2026-09-18 08:31:19] DEMO_PORTFOLIO_SKIP | LTS_AHR2_468 skipped - risk_distance 6.04 > 2.00
[2026-09-18 08:31:19] DEMO_PORTFOLIO_SKIP | LTS_AHR2_469 skipped - hour 8 != 14
[2026-09-18 08:31:19] DEMO_PORTFOLIO_SKIP | LTS_AHR2_472 skipped - hour 8 != 9
[2026-09-18 08:31:19] DEMO_PORTFOLIO_SKIP | LTS_AHR2_473 skipped - risk_distance 6.04 > 2.00
[2026-09-18 08:31:19] DEMO_PORTFOLIO_SKIP | LTS_AHR2_474 skipped - hour 8 != 14
[2026-09-18 08:31:19] DEMO_PORTFOLIO_SKIP | LTS_AHR2_476 skipped - hour 8 != 12
[2026-09-18 08:31:20] DEMO_PORTFOLIO_SKIP | LTS_AHR2_477 skipped - risk_distance 6.04 > 2.00
[2026-09-18 08:31:20] DEMO_PORTFOLIO_SKIP | LTS_AHR2_478 skipped - hour 8 != 14
[2026-09-18 08:31:20] DEMO_PORTFOLIO_SKIP | LTS_AHR2_480 skipped - hour 8 != 9
[2026-09-18 08:31:20] DEMO_PORTFOLIO_SKIP | LTS_AHR2_481 skipped - risk_distance 6.04 > 2.00
[2026-09-18 08:31:20] DEMO_PORTFOLIO_SKIP | LTS_AHR2_482 skipped - hour 8 != 14
[2026-09-18 08:31:20] DEMO_PORTFOLIO_SKIP | LTS_AHR2_484 skipped - hour 8 != 12
[2026-09-18 08:31:20] DEMO_PORTFOLIO_SKIP | LTS_AHR2_485 skipped - risk_distance 6.04 > 2.00
[2026-09-18 08:31:20] DEMO_PORTFOLIO_SKIP | LTS_AHR2_486 skipped - hour 8 != 14
[2026-09-18 08:31:20] DEMO_PORTFOLIO_SKIP | LTS_AHR2_488 skipped - hour 8 != 9
[2026-09-18 08:31:20] DEMO_PORTFOLIO_SKIP | LTS_AHR2_489 skipped - risk_distance 6.04 > 2.00
[2026-09-18 08:31:20] DEMO_PORTFOLIO_SKIP | LTS_AHR2_490 skipped - hour 8 != 14
[2026-09-18 08:31:20] DEMO_PORTFOLIO_SKIP | LTS_AHR2_492 skipped - hour 8 != 12
[2026-09-18 08:31:20] DEMO_PORTFOLIO_SKIP | LTS_AHR2_493 skipped - risk_distance 6.04 > 2.00
[2026-09-18 08:31:20] DEMO_PORTFOLIO_SKIP | LTS_AHR2_494 skipped - hour 8 != 14
[2026-09-18 08:31:20] DEMO_PORTFOLIO_SKIP | LTS_AHR2_496 skipped - hour 8 != 9
[2026-09-18 08:31:20] DEMO_PORTFOLIO_SKIP | LTS_AHR2_497 skipped - risk_distance 6.04 > 2.00
[2026-09-18 08:31:20] DEMO_PORTFOLIO_SKIP | LTS_AHR2_498 skipped - hour 8 != 14
[2026-09-18 08:31:20] DEMO_PORTFOLIO_SKIP | LTS_AHR2_500 skipped - hour 8 != 12
[2026-09-18 08:31:20] DEMO_PORTFOLIO_SKIP | LTS_AHR2_501 skipped - risk_distance 6.04 > 2.00
[2026-09-18 08:31:20] DEMO_PORTFOLIO_SKIP | LTS_AHR2_502 skipped - hour 8 != 14
[2026-09-18 08:31:20] DEMO_PORTFOLIO_SKIP | LTS_AHR2_504 skipped - hour 8 != 9
[2026-09-18 08:31:21] DEMO_PORTFOLIO_SKIP | LTS_AHR2_505 skipped - risk_distance 6.04 > 2.00
[2026-09-18 08:31:21] DEMO_PORTFOLIO_SKIP | LTS_AHR2_506 skipped - hour 8 != 14
[2026-09-18 08:31:21] DEMO_PORTFOLIO_SKIP | LTS_AHR2_508 skipped - hour 8 != 12
[2026-09-18 08:31:21] DEMO_PORTFOLIO_SKIP | LTS_AHR2_509 skipped - risk_distance 6.04 > 2.00
[2026-09-18 08:31:21] DEMO_PORTFOLIO_SKIP | LTS_AHR2_510 skipped - hour 8 != 14
[2026-09-18 08:31:21] DEMO_PORTFOLIO_SKIP | LTS_AHR2_512 skipped - hour 8 != 9
[2026-09-18 08:31:21] DEMO_PORTFOLIO_SKIP | LTS_AHR2_513 skipped - risk_distance 6.04 > 2.00
[2026-09-18 08:31:21] DEMO_PORTFOLIO_SKIP | LTS_AHR2_514 skipped - hour 8 != 14
[2026-09-18 08:31:21] DEMO_PORTFOLIO_SKIP | LTS_AHR2_516 skipped - hour 8 != 12
[2026-09-18 08:31:21] DEMO_PORTFOLIO_SKIP | LTS_AHR2_517 skipped - risk_distance 6.04 > 2.00
[2026-09-18 08:31:21] DEMO_PORTFOLIO_SKIP | LTS_AHR2_518 skipped - hour 8 != 14
[2026-09-18 08:31:21] DEMO_PORTFOLIO_SKIP | LTS_AHR2_520 skipped - hour 8 != 9
[2026-09-18 08:31:22] DEMO_PORTFOLIO_SKIP | LTS_AHR2_521 skipped - risk_distance 6.04 > 2.00
[2026-09-18 08:31:22] DEMO_PORTFOLIO_SKIP | LTS_AHR2_522 skipped - hour 8 != 14
[2026-09-18 08:31:22] DEMO_PORTFOLIO_SKIP | LTS_AHR2_524 skipped - hour 8 != 12
[2026-09-18 08:31:22] DEMO_PORTFOLIO_SKIP | LTS_AHR2_525 skipped - risk_distance 6.04 > 2.00
[2026-09-18 08:31:22] DEMO_PORTFOLIO_SKIP | LTS_AHR2_526 skipped - hour 8 != 14
[2026-09-18 08:31:22] DEMO_PORTFOLIO_SKIP | LTS_AHR2_528 skipped - hour 8 != 9
[2026-09-18 08:31:22] DEMO_PORTFOLIO_SKIP | LTS_AHR2_529 skipped - risk_distance 6.04 > 2.00
[2026-09-18 08:31:22] DEMO_PORTFOLIO_SKIP | LTS_AHR2_530 skipped - hour 8 != 14
[2026-09-18 08:31:22] DEMO_PORTFOLIO_SKIP | LTS_AHR2_532 skipped - hour 8 != 12
[2026-09-18 08:31:22] DEMO_PORTFOLIO_SKIP | LTS_AHR2_533 skipped - risk_distance 6.04 > 2.00
[2026-09-18 08:31:22] DEMO_PORTFOLIO_SKIP | LTS_AHR2_534 skipped - hour 8 != 14
[2026-09-18 08:31:22] DEMO_PORTFOLIO_SKIP | LTS_AHR2_536 skipped - hour 8 != 9
[2026-09-18 08:31:22] DEMO_PORTFOLIO_SKIP | LTS_AHR2_537 skipped - risk_distance 6.04 > 2.00
[2026-09-18 08:31:22] DEMO_PORTFOLIO_SKIP | LTS_AHR2_538 skipped - hour 8 != 14
[2026-09-18 08:31:23] DEMO_PORTFOLIO_SKIP | LTS_AHR2_540 skipped - hour 8 != 12
[2026-09-18 08:31:23] DEMO_PORTFOLIO_SKIP | LTS_AHR2_541 skipped - risk_distance 6.04 > 2.00
[2026-09-18 08:31:23] DEMO_PORTFOLIO_SKIP | LTS_AHR2_542 skipped - hour 8 != 14
[2026-09-18 08:31:23] DEMO_PORTFOLIO_SKIP | LTS_AHR2_544 skipped - hour 8 != 9
[2026-09-18 08:31:23] DEMO_PORTFOLIO_SKIP | LTS_AHR2_545 skipped - risk_distance 6.04 > 2.00
[2026-09-18 08:31:23] DEMO_PORTFOLIO_SKIP | LTS_AHR2_546 skipped - hour 8 != 14
[2026-09-18 08:31:23] DEMO_PORTFOLIO_SKIP | LTS_AHR2_548 skipped - hour 8 != 12
[2026-09-18 08:31:23] DEMO_PORTFOLIO_SKIP | LTS_AHR2_549 skipped - risk_distance 6.04 > 2.00
[2026-09-18 08:31:23] DEMO_PORTFOLIO_SKIP | LTS_AHR2_550 skipped - hour 8 != 14
[2026-09-18 08:31:23] DEMO_PORTFOLIO_SKIP | LTS_AHR2_552 skipped - hour 8 != 9
[2026-09-18 08:31:23] DEMO_PORTFOLIO_SKIP | LTS_AHR2_553 skipped - risk_distance 6.04 > 2.00
[2026-09-18 08:31:23] DEMO_PORTFOLIO_SKIP | LTS_AHR2_554 skipped - hour 8 != 14
[2026-09-18 08:31:23] DEMO_PORTFOLIO_SKIP | LTS_AHR2_556 skipped - hour 8 != 12
[2026-09-18 08:31:23] DEMO_PORTFOLIO_SKIP | LTS_AHR2_557 skipped - risk_distance 6.04 > 2.00
[2026-09-18 08:31:23] DEMO_PORTFOLIO_SKIP | LTS_AHR2_558 skipped - hour 8 != 14
[2026-09-18 08:31:23] DEMO_PORTFOLIO_SKIP | LTS_AHR2_560 skipped - hour 8 != 9
[2026-09-18 08:31:23] DEMO_PORTFOLIO_SKIP | LTS_AHR2_561 skipped - risk_distance 6.04 > 2.00
[2026-09-18 08:31:24] DEMO_PORTFOLIO_SKIP | LTS_AHR2_562 skipped - hour 8 != 14
[2026-09-18 08:31:24] DEMO_PORTFOLIO_SKIP | LTS_AHR2_564 skipped - hour 8 != 12
[2026-09-18 08:31:24] DEMO_PORTFOLIO_SKIP | LTS_AHR2_565 skipped - risk_distance 6.04 > 2.00
[2026-09-18 08:31:24] DEMO_PORTFOLIO_SKIP | LTS_AHR2_566 skipped - hour 8 != 14
[2026-09-18 08:31:24] DEMO_PORTFOLIO_SKIP | LTS_AHR2_568 skipped - hour 8 != 9
[2026-09-18 08:31:24] DEMO_PORTFOLIO_SKIP | LTS_AHR2_569 skipped - risk_distance 6.04 > 2.00
[2026-09-18 08:31:24] DEMO_PORTFOLIO_SKIP | LTS_AHR2_570 skipped - hour 8 != 14
[2026-09-18 08:31:24] DEMO_PORTFOLIO_SKIP | LTS_AHR2_572 skipped - hour 8 != 12
[2026-09-18 08:31:24] DEMO_PORTFOLIO_SKIP | LTS_AHR2_573 skipped - hour 8 != 9
[2026-09-18 08:31:24] DEMO_PORTFOLIO_SKIP | LTS_AHR2_574 skipped - risk_distance 6.04 > 2.00
[2026-09-18 08:31:24] DEMO_PORTFOLIO_SKIP | LTS_AHR2_575 skipped - hour 8 != 14
[2026-09-18 08:31:24] DEMO_PORTFOLIO_SKIP | LTS_AHR2_577 skipped - hour 8 != 12
[2026-09-18 08:31:25] DEMO_PORTFOLIO_SKIP | LTS_AHR2_578 skipped - risk_distance 6.04 > 2.00
[2026-09-18 08:31:25] DEMO_PORTFOLIO_SKIP | LTS_AHR2_579 skipped - hour 8 != 14
[2026-09-18 08:31:25] DEMO_PORTFOLIO_SKIP | LTS_AHR2_581 skipped - hour 8 != 9
[2026-09-18 08:31:25] DEMO_PORTFOLIO_SKIP | LTS_AHR2_582 skipped - risk_distance 6.04 > 2.00
[2026-09-18 08:31:25] DEMO_PORTFOLIO_SKIP | LTS_AHR2_583 skipped - hour 8 != 14
[2026-09-18 08:31:25] DEMO_PORTFOLIO_SKIP | LTS_AHR2_585 skipped - hour 8 != 12
[2026-09-18 08:31:25] DEMO_PORTFOLIO_SKIP | LTS_AHR2_586 skipped - risk_distance 6.04 > 2.00
[2026-09-18 08:31:25] DEMO_PORTFOLIO_SKIP | LTS_AHR2_587 skipped - hour 8 != 14
[2026-09-18 08:31:25] DEMO_PORTFOLIO_SKIP | LTS_AHR2_589 skipped - hour 8 != 9
[2026-09-18 08:31:25] DEMO_PORTFOLIO_SKIP | LTS_AHR2_590 skipped - risk_distance 6.04 > 2.00
[2026-09-18 08:31:25] DEMO_PORTFOLIO_SKIP | LTS_AHR2_591 skipped - hour 8 != 14
[2026-09-18 08:31:25] DEMO_PORTFOLIO_SKIP | LTS_AHR2_593 skipped - hour 8 != 12
[2026-09-18 08:31:25] DEMO_PORTFOLIO_SKIP | LTS_AHR2_594 skipped - risk_distance 6.04 > 2.00
[2026-09-18 08:31:25] DEMO_PORTFOLIO_SKIP | LTS_AHR2_595 skipped - hour 8 != 14
[2026-09-18 08:31:25] DEMO_PORTFOLIO_SKIP | LTS_AHR2_597 skipped - hour 8 != 9
[2026-09-18 08:31:25] DEMO_PORTFOLIO_SKIP | LTS_AHR2_598 skipped - risk_distance 6.04 > 2.00
[2026-09-18 08:31:25] DEMO_PORTFOLIO_SKIP | LTS_AHR2_599 skipped - hour 8 != 14
[2026-09-18 08:31:26] DEMO_PORTFOLIO_SKIP | LTS_AHR2_601 skipped - hour 8 != 12
[2026-09-18 08:31:26] DEMO_PORTFOLIO_SKIP | LTS_AHR2_602 skipped - risk_distance 6.04 > 2.00
[2026-09-18 08:31:26] DEMO_PORTFOLIO_SKIP | LTS_AHR2_603 skipped - hour 8 != 14
[2026-09-18 08:31:26] DEMO_PORTFOLIO_SKIP | LTS_AHR2_605 skipped - hour 8 != 9
[2026-09-18 08:31:26] DEMO_PORTFOLIO_SKIP | LTS_AHR2_606 skipped - risk_distance 6.04 > 2.00
[2026-09-18 08:31:26] DEMO_PORTFOLIO_SKIP | LTS_AHR2_607 skipped - hour 8 != 14
[2026-09-18 08:31:26] DEMO_PORTFOLIO_SKIP | LTS_AHR2_609 skipped - hour 8 != 12
[2026-09-18 08:31:26] DEMO_PORTFOLIO_SKIP | LTS_AHR2_610 skipped - risk_distance 6.04 > 2.00
[2026-09-18 08:31:27] DEMO_PORTFOLIO_SKIP | LTS_AHR2_611 skipped - hour 8 != 14
[2026-09-18 08:31:27] DEMO_PORTFOLIO_SKIP | LTS_AHR2_612 skipped - hour 8 != 9
[2026-09-18 08:31:27] DEMO_PORTFOLIO_SKIP | LTS_AHR2_613 skipped - hour 8 != 9
[2026-09-18 08:31:27] DEMO_PORTFOLIO_SKIP | LTS_AHR2_614 skipped - hour 8 != 14
[2026-09-18 08:31:27] DEMO_PORTFOLIO_SKIP | LTS_AHR2_616 skipped - hour 8 != 12
[2026-09-18 08:31:27] DEMO_PORTFOLIO_SKIP | LTS_AHR2_617 skipped - risk_distance 6.04 > 2.00
[2026-09-18 08:31:27] DEMO_PORTFOLIO_SKIP | LTS_AHR2_618 skipped - hour 8 != 14
[2026-09-18 08:31:27] DEMO_PORTFOLIO_SKIP | LTS_AHR2_620 skipped - hour 8 != 12
[2026-09-18 08:31:27] DEMO_PORTFOLIO_SKIP | LTS_AHR2_621 skipped - risk_distance 6.04 > 2.00
[2026-09-18 08:31:27] DEMO_PORTFOLIO_SKIP | LTS_AHR2_622 skipped - hour 8 != 14
[2026-09-18 08:31:28] DEMO_PORTFOLIO_SKIP | LTS_AHR2_624 skipped - hour 8 != 9
[2026-09-18 08:31:28] DEMO_PORTFOLIO_SKIP | LTS_AHR2_625 skipped - risk_distance 6.04 > 2.00
[2026-09-18 08:31:28] DEMO_PORTFOLIO_SKIP | LTS_AHR2_626 skipped - hour 8 != 14
[2026-09-18 08:31:28] DEMO_PORTFOLIO_SKIP | LTS_AHR2_628 skipped - hour 8 != 12
[2026-09-18 08:31:28] DEMO_PORTFOLIO_SKIP | LTS_AHR2_629 skipped - risk_distance 6.04 > 2.00
[2026-09-18 08:31:28] DEMO_PORTFOLIO_SKIP | LTS_AHR2_630 skipped - hour 8 != 14
[2026-09-18 08:31:28] DEMO_PORTFOLIO_SKIP | LTS_AHR2_632 skipped - hour 8 != 9
[2026-09-18 08:31:28] DEMO_PORTFOLIO_SKIP | LTS_AHR2_633 skipped - risk_distance 6.04 > 2.00
[2026-09-18 08:31:28] DEMO_PORTFOLIO_SKIP | LTS_AHR2_634 skipped - hour 8 != 14
[2026-09-18 08:31:28] DEMO_PORTFOLIO_SKIP | LTS_AHR2_636 skipped - hour 8 != 12
[2026-09-18 08:31:28] DEMO_PORTFOLIO_SKIP | LTS_AHR2_637 skipped - risk_distance 6.04 > 2.00
[2026-09-18 08:31:28] DEMO_PORTFOLIO_SKIP | LTS_AHR2_638 skipped - hour 8 != 14
[2026-09-18 08:31:28] DEMO_PORTFOLIO_SKIP | LTS_AHR2_640 skipped - hour 8 != 9
[2026-09-18 08:31:28] DEMO_PORTFOLIO_SKIP | LTS_AHR2_641 skipped - risk_distance 6.04 > 2.00
[2026-09-18 08:31:29] DEMO_PORTFOLIO_SKIP | LTS_AHR2_642 skipped - hour 8 != 14
[2026-09-18 08:31:29] DEMO_PORTFOLIO_SKIP | LTS_AHR2_644 skipped - hour 8 != 12
[2026-09-18 08:31:29] DEMO_PORTFOLIO_SKIP | LTS_AHR2_645 skipped - risk_distance 6.04 > 2.00
[2026-09-18 08:31:29] DEMO_PORTFOLIO_SKIP | LTS_AHR2_646 skipped - hour 8 != 14
[2026-09-18 08:31:29] DEMO_PORTFOLIO_SKIP | LTS_AHR2_648 skipped - hour 8 != 9
[2026-09-18 08:31:29] DEMO_PORTFOLIO_SKIP | LTS_AHR2_649 skipped - risk_distance 6.04 > 2.00
[2026-09-18 08:31:29] DEMO_PORTFOLIO_SKIP | LTS_AHR2_650 skipped - hour 8 != 14
[2026-09-18 08:31:29] DEMO_PORTFOLIO_SKIP | LTS_AHR2_652 skipped - hour 8 != 12
[2026-09-18 08:31:29] DEMO_PORTFOLIO_SKIP | LTS_AHR2_653 skipped - risk_distance 6.04 > 2.00
[2026-09-18 08:31:29] DEMO_PORTFOLIO_SKIP | LTS_AHR2_654 skipped - hour 8 != 14
[2026-09-18 08:31:29] DEMO_PORTFOLIO_SKIP | LTS_AHR2_656 skipped - hour 8 != 9
[2026-09-18 08:31:29] DEMO_PORTFOLIO_SKIP | LTS_AHR2_657 skipped - risk_distance 6.04 > 2.00
[2026-09-18 08:31:29] DEMO_PORTFOLIO_SKIP | LTS_AHR2_658 skipped - hour 8 != 14
[2026-09-18 08:31:29] DEMO_PORTFOLIO_SKIP | LTS_AHR2_659 skipped - hour 8 != 12
[2026-09-18 08:31:29] DEMO_PORTFOLIO_SKIP | LTS_AHR2_660 skipped - hour 8 != 9
[2026-09-18 08:31:30] DEMO_PORTFOLIO_SKIP | LTS_AHR2_661 skipped - hour 8 != 14
[2026-09-18 08:31:30] DEMO_PORTFOLIO_SKIP | LTS_AHR2_663 skipped - hour 8 != 12
[2026-09-18 08:31:30] DEMO_PORTFOLIO_SKIP | LTS_AHR2_664 skipped - risk_distance 6.04 > 2.00
[2026-09-18 08:31:30] DEMO_PORTFOLIO_SKIP | LTS_AHR2_665 skipped - hour 8 != 14
[2026-09-18 08:31:30] DEMO_PORTFOLIO_SCAN | XAUUSD.iux done active=LTS_AHR2
[2026-09-18 08:32:05] SYMBOL_CHECK | XAUUSD.iux trade_mode=4 xau_open=True | trade_mode=4 | tick_time=1789698725 | bid=4356.21 | ask=4356.35 | tick_ok=True | xau_open=True | current_symbol=XAUUSD.iux | startup=False
[2026-09-18 08:33:05] SYMBOL_CHECK | XAUUSD.iux trade_mode=4 xau_open=True | trade_mode=4 | tick_time=1789698785 | bid=4353.59 | ask=4353.73 | tick_ok=True | xau_open=True | current_symbol=XAUUSD.iux | startup=False
[2026-09-18 08:34:04] SYMBOL_CHECK | XAUUSD.iux trade_mode=4 xau_open=True | trade_mode=4 | tick_time=1789698845 | bid=4353.04 | ask=4353.18 | tick_ok=True | xau_open=True | current_symbol=XAUUSD.iux | startup=False
[2026-09-18 08:35:04] SYMBOL_CHECK | XAUUSD.iux trade_mode=4 xau_open=True | trade_mode=4 | tick_time=1789698905 | bid=4351.18 | ask=4351.32 | tick_ok=True | xau_open=True | current_symbol=XAUUSD.iux | startup=False
[2026-09-18 08:36:05] SYMBOL_CHECK | XAUUSD.iux trade_mode=4 xau_open=True | trade_mode=4 | tick_time=1789698965 | bid=4352.32 | ask=4352.46 | tick_ok=True | xau_open=True | current_symbol=XAUUSD.iux | startup=False
[2026-09-18 08:36:05] DEMO_PORTFOLIO_SCAN | XAUUSD.iux open active=LTS_AHR2
[2026-09-18 08:36:05] DEMO_PORTFOLIO_SCAN | XAUUSD.iux done active=LTS_AHR2
[2026-09-18 08:37:05] SYMBOL_CHECK | XAUUSD.iux trade_mode=4 xau_open=True | trade_mode=4 | tick_time=1789699025 | bid=4354.18 | ask=4354.32 | tick_ok=True | xau_open=True | current_symbol=XAUUSD.iux | startup=False
[2026-09-18 08:38:04] SYMBOL_CHECK | XAUUSD.iux trade_mode=4 xau_open=True | trade_mode=4 | tick_time=1789699084 | bid=4354.89 | ask=4355.03 | tick_ok=True | xau_open=True | current_symbol=XAUUSD.iux | startup=False
[2026-09-18 08:39:04] SYMBOL_CHECK | XAUUSD.iux trade_mode=4 xau_open=True | trade_mode=4 | tick_time=1789699145 | bid=4352.95 | ask=4353.09 | tick_ok=True | xau_open=True | current_symbol=XAUUSD.iux | startup=False
[2026-09-18 08:40:05] SYMBOL_CHECK | XAUUSD.iux trade_mode=4 xau_open=True | trade_mode=4 | tick_time=1789699205 | bid=4349.57 | ask=4349.71 | tick_ok=True | xau_open=True | current_symbol=XAUUSD.iux | startup=False
[2026-09-18 08:41:05] SYMBOL_CHECK | XAUUSD.iux trade_mode=4 xau_open=True | trade_mode=4 | tick_time=1789699265 | bid=4349.86 | ask=4350.0 | tick_ok=True | xau_open=True | current_symbol=XAUUSD.iux | startup=False
[2026-09-18 08:41:05] DEMO_PORTFOLIO_SCAN | XAUUSD.iux open active=LTS_AHR2
[2026-09-18 08:41:05] DEMO_PORTFOLIO_SCAN | XAUUSD.iux done active=LTS_AHR2
[2026-09-18 08:42:04] SYMBOL_CHECK | XAUUSD.iux trade_mode=4 xau_open=True | trade_mode=4 | tick_time=1789699325 | bid=4350.36 | ask=4350.5 | tick_ok=True | xau_open=True | current_symbol=XAUUSD.iux | startup=False
[2026-09-18 08:43:04] SYMBOL_CHECK | XAUUSD.iux trade_mode=4 xau_open=True | trade_mode=4 | tick_time=1789699385 | bid=4348.97 | ask=4349.11 | tick_ok=True | xau_open=True | current_symbol=XAUUSD.iux | startup=False
[2026-09-18 08:44:04] SYMBOL_CHECK | XAUUSD.iux trade_mode=4 xau_open=True | trade_mode=4 | tick_time=1789699445 | bid=4349.3 | ask=4349.44 | tick_ok=True | xau_open=True | current_symbol=XAUUSD.iux | startup=False
[2026-09-18 08:45:05] SYMBOL_CHECK | XAUUSD.iux trade_mode=4 xau_open=True | trade_mode=4 | tick_time=1789699505 | bid=4347.53 | ask=4347.67 | tick_ok=True | xau_open=True | current_symbol=XAUUSD.iux | startup=False
[2026-09-18 08:46:05] SYMBOL_CHECK | XAUUSD.iux trade_mode=4 xau_open=True | trade_mode=4 | tick_time=1789699565 | bid=4347.75 | ask=4347.89 | tick_ok=True | xau_open=True | current_symbol=XAUUSD.iux | startup=False
[2026-09-18 08:46:05] DEMO_PORTFOLIO_SCAN | XAUUSD.iux open active=LTS_AHR2
[2026-09-18 08:46:05] DEMO_PORTFOLIO_SCAN | XAUUSD.iux done active=LTS_AHR2
[2026-09-18 08:47:05] SYMBOL_CHECK | XAUUSD.iux trade_mode=4 xau_open=True | trade_mode=4 | tick_time=1789699625 | bid=4347.71 | ask=4347.85 | tick_ok=True | xau_open=True | current_symbol=XAUUSD.iux | startup=False
[2026-09-18 08:50:58] APP_START | Bot starting | symbol=XAUUSD | scan_interval=1
[2026-09-18 08:50:59] SYMBOL_RESOLVED | XAUUSD -> XAUUSD.iux | requested=XAUUSD | resolved=XAUUSD.iux
[2026-09-18 08:50:59] SYMBOL_CHECK | XAUUSD.iux trade_mode=4 xau_open=True | trade_mode=4 | tick_time=1789699860 | bid=4345.88 | ask=4346.02 | tick_ok=True | xau_open=True | current_symbol=XAUUSD.iux | startup=True
[2026-09-18 08:50:59] NEWS_FILTER_TRANSIENT | rate limited 429; keeping cached events=0
[2026-09-18 08:50:59] TG_SENT | ✅ *MT5 เชื่อมต่อสำเร็จ!* | ━━━━━━━━━━━━━━━━━ | 🤖 Bot เริ่มทำงาน | 💰 Account: `2101182459` | 📊 Balance: `618172.88` | 📈 SYMBOL: `XAUUSD.iux` | ⏰ Scan ทุก 5 วินาที | 🕒 Time Mode: `MT5->BKK +6` | 🕒 MT5 Server: `UTC+1` | 🕒 Display: `BKK` | 📋 Strategy:  | 🕐 TF: M1, M5, M15, M30, H1, H4, H12, D1 |  | ♻️ *Restore state สำเร็จ* | 🗂 Saved at: `2026-09-18 08:47:20` | 📦 pending map: `0` | 📍 position tf: `0` | 📝 entry state: `0` | 📐 trail state: `0`
[2026-09-18 08:51:32] SYMBOL_CHECK | XAUUSD.iux trade_mode=4 xau_open=True | trade_mode=4 | tick_time=1789699893 | bid=4344.94 | ask=4345.08 | tick_ok=True | xau_open=True | current_symbol=XAUUSD.iux | startup=False
[2026-09-18 08:51:33] DEMO_PORTFOLIO_SCAN | XAUUSD.iux open active=LTS_AHR2
[2026-09-18 08:51:33] DEMO_PORTFOLIO_SCAN | XAUUSD.iux done active=LTS_AHR2
[2026-09-18 08:52:32] SYMBOL_CHECK | XAUUSD.iux trade_mode=4 xau_open=True | trade_mode=4 | tick_time=1789699952 | bid=4347.78 | ask=4347.92 | tick_ok=True | xau_open=True | current_symbol=XAUUSD.iux | startup=False
[2026-09-18 08:53:33] SYMBOL_CHECK | XAUUSD.iux trade_mode=4 xau_open=True | trade_mode=4 | tick_time=1789700012 | bid=4348.76 | ask=4348.9 | tick_ok=True | xau_open=True | current_symbol=XAUUSD.iux | startup=False
[2026-09-18 08:54:32] SYMBOL_CHECK | XAUUSD.iux trade_mode=4 xau_open=True | trade_mode=4 | tick_time=1789700073 | bid=4349.08 | ask=4349.22 | tick_ok=True | xau_open=True | current_symbol=XAUUSD.iux | startup=False
[2026-09-18 08:55:33] SYMBOL_CHECK | XAUUSD.iux trade_mode=4 xau_open=True | trade_mode=4 | tick_time=1789700133 | bid=4349.0 | ask=4349.14 | tick_ok=True | xau_open=True | current_symbol=XAUUSD.iux | startup=False
[2026-09-18 08:56:31] SYMBOL_CHECK | XAUUSD.iux trade_mode=4 xau_open=True | trade_mode=4 | tick_time=1789700192 | bid=4348.95 | ask=4349.09 | tick_ok=True | xau_open=True | current_symbol=XAUUSD.iux | startup=False
[2026-09-18 08:56:31] DEMO_PORTFOLIO_SCAN | XAUUSD.iux open active=LTS_AHR2
[2026-09-18 08:56:32] DEMO_PORTFOLIO_SCAN | XAUUSD.iux done active=LTS_AHR2
[2026-09-18 08:57:32] SYMBOL_CHECK | XAUUSD.iux trade_mode=4 xau_open=True | trade_mode=4 | tick_time=1789700253 | bid=4349.32 | ask=4349.46 | tick_ok=True | xau_open=True | current_symbol=XAUUSD.iux | startup=False
[2026-09-18 08:58:32] SYMBOL_CHECK | XAUUSD.iux trade_mode=4 xau_open=True | trade_mode=4 | tick_time=1789700312 | bid=4349.99 | ask=4350.13 | tick_ok=True | xau_open=True | current_symbol=XAUUSD.iux | startup=False
[2026-09-18 08:59:32] SYMBOL_CHECK | XAUUSD.iux trade_mode=4 xau_open=True | trade_mode=4 | tick_time=1789700372 | bid=4348.73 | ask=4348.87 | tick_ok=True | xau_open=True | current_symbol=XAUUSD.iux | startup=False
[2026-09-18 09:00:32] SYMBOL_CHECK | XAUUSD.iux trade_mode=4 xau_open=True | trade_mode=4 | tick_time=1789700433 | bid=4347.56 | ask=4347.7 | tick_ok=True | xau_open=True | current_symbol=XAUUSD.iux | startup=False
[2026-09-18 09:01:32] SYMBOL_CHECK | XAUUSD.iux trade_mode=4 xau_open=True | trade_mode=4 | tick_time=1789700493 | bid=4346.84 | ask=4346.98 | tick_ok=True | xau_open=True | current_symbol=XAUUSD.iux | startup=False
[2026-09-18 09:01:33] DEMO_PORTFOLIO_SCAN | XAUUSD.iux open active=LTS_AHR2
[2026-09-18 09:01:33] DEMO_PORTFOLIO_SCAN | XAUUSD.iux done active=LTS_AHR2
[2026-09-18 09:02:32] SYMBOL_CHECK | XAUUSD.iux trade_mode=4 xau_open=True | trade_mode=4 | tick_time=1789700553 | bid=4347.88 | ask=4348.02 | tick_ok=True | xau_open=True | current_symbol=XAUUSD.iux | startup=False
[2026-09-18 09:03:32] SYMBOL_CHECK | XAUUSD.iux trade_mode=4 xau_open=True | trade_mode=4 | tick_time=1789700613 | bid=4348.55 | ask=4348.69 | tick_ok=True | xau_open=True | current_symbol=XAUUSD.iux | startup=False
[2026-09-18 09:04:32] SYMBOL_CHECK | XAUUSD.iux trade_mode=4 xau_open=True | trade_mode=4 | tick_time=1789700672 | bid=4348.4 | ask=4348.54 | tick_ok=True | xau_open=True | current_symbol=XAUUSD.iux | startup=False
[2026-09-18 09:05:33] SYMBOL_CHECK | XAUUSD.iux trade_mode=4 xau_open=True | trade_mode=4 | tick_time=1789700733 | bid=4348.7 | ask=4348.84 | tick_ok=True | xau_open=True | current_symbol=XAUUSD.iux | startup=False
[2026-09-18 09:06:32] SYMBOL_CHECK | XAUUSD.iux trade_mode=4 xau_open=True | trade_mode=4 | tick_time=1789700793 | bid=4349.43 | ask=4349.57 | tick_ok=True | xau_open=True | current_symbol=XAUUSD.iux | startup=False
[2026-09-18 09:06:32] DEMO_PORTFOLIO_SCAN | XAUUSD.iux open active=LTS_AHR2
[2026-09-18 09:06:32] DEMO_PORTFOLIO_SCAN | XAUUSD.iux done active=LTS_AHR2
[2026-09-18 09:07:31] SYMBOL_CHECK | XAUUSD.iux trade_mode=4 xau_open=True | trade_mode=4 | tick_time=1789700852 | bid=4350.23 | ask=4350.37 | tick_ok=True | xau_open=True | current_symbol=XAUUSD.iux | startup=False
[2026-09-18 09:08:33] SYMBOL_CHECK | XAUUSD.iux trade_mode=4 xau_open=True | trade_mode=4 | tick_time=1789700913 | bid=4351.32 | ask=4351.46 | tick_ok=True | xau_open=True | current_symbol=XAUUSD.iux | startup=False
[2026-09-18 09:09:32] SYMBOL_CHECK | XAUUSD.iux trade_mode=4 xau_open=True | trade_mode=4 | tick_time=1789700972 | bid=4350.78 | ask=4350.92 | tick_ok=True | xau_open=True | current_symbol=XAUUSD.iux | startup=False
[2026-09-18 09:10:33] SYMBOL_CHECK | XAUUSD.iux trade_mode=4 xau_open=True | trade_mode=4 | tick_time=1789701033 | bid=4347.77 | ask=4347.91 | tick_ok=True | xau_open=True | current_symbol=XAUUSD.iux | startup=False
[2026-09-18 09:11:33] SYMBOL_CHECK | XAUUSD.iux trade_mode=4 xau_open=True | trade_mode=4 | tick_time=1789701093 | bid=4348.76 | ask=4348.9 | tick_ok=True | xau_open=True | current_symbol=XAUUSD.iux | startup=False
[2026-09-18 09:11:33] DEMO_PORTFOLIO_SCAN | XAUUSD.iux open active=LTS_AHR2
[2026-09-18 09:11:33] DEMO_PORTFOLIO_SCAN | XAUUSD.iux done active=LTS_AHR2
[2026-09-18 09:12:33] SYMBOL_CHECK | XAUUSD.iux trade_mode=4 xau_open=True | trade_mode=4 | tick_time=1789701153 | bid=4349.51 | ask=4349.65 | tick_ok=True | xau_open=True | current_symbol=XAUUSD.iux | startup=False
[2026-09-18 09:13:33] SYMBOL_CHECK | XAUUSD.iux trade_mode=4 xau_open=True | trade_mode=4 | tick_time=1789701213 | bid=4349.83 | ask=4349.97 | tick_ok=True | xau_open=True | current_symbol=XAUUSD.iux | startup=False
[2026-09-18 09:14:32] SYMBOL_CHECK | XAUUSD.iux trade_mode=4 xau_open=True | trade_mode=4 | tick_time=1789701272 | bid=4351.07 | ask=4351.21 | tick_ok=True | xau_open=True | current_symbol=XAUUSD.iux | startup=False
[2026-09-18 09:15:32] SYMBOL_CHECK | XAUUSD.iux trade_mode=4 xau_open=True | trade_mode=4 | tick_time=1789701332 | bid=4350.88 | ask=4351.02 | tick_ok=True | xau_open=True | current_symbol=XAUUSD.iux | startup=False
[2026-09-18 09:16:32] SYMBOL_CHECK | XAUUSD.iux trade_mode=4 xau_open=True | trade_mode=4 | tick_time=1789701392 | bid=4352.64 | ask=4352.78 | tick_ok=True | xau_open=True | current_symbol=XAUUSD.iux | startup=False
[2026-09-18 09:16:32] DEMO_PORTFOLIO_SCAN | XAUUSD.iux open active=LTS_AHR2
[2026-09-18 09:16:32] DEMO_PORTFOLIO_SCAN | XAUUSD.iux done active=LTS_AHR2
[2026-09-18 09:17:32] SYMBOL_CHECK | XAUUSD.iux trade_mode=4 xau_open=True | trade_mode=4 | tick_time=1789701452 | bid=4351.6 | ask=4351.74 | tick_ok=True | xau_open=True | current_symbol=XAUUSD.iux | startup=False
[2026-09-18 09:18:32] SYMBOL_CHECK | XAUUSD.iux trade_mode=4 xau_open=True | trade_mode=4 | tick_time=1789701513 | bid=4350.41 | ask=4350.55 | tick_ok=True | xau_open=True | current_symbol=XAUUSD.iux | startup=False
[2026-09-18 09:19:32] SYMBOL_CHECK | XAUUSD.iux trade_mode=4 xau_open=True | trade_mode=4 | tick_time=1789701572 | bid=4348.96 | ask=4349.1 | tick_ok=True | xau_open=True | current_symbol=XAUUSD.iux | startup=False
[2026-09-18 09:20:32] SYMBOL_CHECK | XAUUSD.iux trade_mode=4 xau_open=True | trade_mode=4 | tick_time=1789701633 | bid=4349.6 | ask=4349.74 | tick_ok=True | xau_open=True | current_symbol=XAUUSD.iux | startup=False
[2026-09-18 09:21:32] SYMBOL_CHECK | XAUUSD.iux trade_mode=4 xau_open=True | trade_mode=4 | tick_time=1789701693 | bid=4350.65 | ask=4350.79 | tick_ok=True | xau_open=True | current_symbol=XAUUSD.iux | startup=False
[2026-09-18 09:21:32] DEMO_PORTFOLIO_SCAN | XAUUSD.iux open active=LTS_AHR2
[2026-09-18 09:21:33] DEMO_PORTFOLIO_SCAN | XAUUSD.iux done active=LTS_AHR2
[2026-09-18 09:22:32] SYMBOL_CHECK | XAUUSD.iux trade_mode=4 xau_open=True | trade_mode=4 | tick_time=1789701753 | bid=4349.82 | ask=4349.96 | tick_ok=True | xau_open=True | current_symbol=XAUUSD.iux | startup=False
[2026-09-18 09:23:32] SYMBOL_CHECK | XAUUSD.iux trade_mode=4 xau_open=True | trade_mode=4 | tick_time=1789701813 | bid=4350.38 | ask=4350.52 | tick_ok=True | xau_open=True | current_symbol=XAUUSD.iux | startup=False
[2026-09-18 09:24:33] SYMBOL_CHECK | XAUUSD.iux trade_mode=4 xau_open=True | trade_mode=4 | tick_time=1789701873 | bid=4351.99 | ask=4352.13 | tick_ok=True | xau_open=True | current_symbol=XAUUSD.iux | startup=False
[2026-09-18 09:25:32] SYMBOL_CHECK | XAUUSD.iux trade_mode=4 xau_open=True | trade_mode=4 | tick_time=1789701931 | bid=4352.34 | ask=4352.48 | tick_ok=True | xau_open=True | current_symbol=XAUUSD.iux | startup=False
[2026-09-18 09:26:33] SYMBOL_CHECK | XAUUSD.iux trade_mode=4 xau_open=True | trade_mode=4 | tick_time=1789701991 | bid=4352.48 | ask=4352.62 | tick_ok=True | xau_open=True | current_symbol=XAUUSD.iux | startup=False
[2026-09-18 09:26:33] DEMO_PORTFOLIO_SCAN | XAUUSD.iux open active=LTS_AHR2
[2026-09-18 09:26:33] DEMO_PORTFOLIO_SCAN | XAUUSD.iux done active=LTS_AHR2
[2026-09-18 09:27:31] SYMBOL_CHECK | XAUUSD.iux trade_mode=4 xau_open=True | trade_mode=4 | tick_time=1789702053 | bid=4353.34 | ask=4353.48 | tick_ok=True | xau_open=True | current_symbol=XAUUSD.iux | startup=False
[2026-09-18 09:28:32] SYMBOL_CHECK | XAUUSD.iux trade_mode=4 xau_open=True | trade_mode=4 | tick_time=1789702113 | bid=4352.35 | ask=4352.49 | tick_ok=True | xau_open=True | current_symbol=XAUUSD.iux | startup=False
[2026-09-18 09:29:32] SYMBOL_CHECK | XAUUSD.iux trade_mode=4 xau_open=True | trade_mode=4 | tick_time=1789702171 | bid=4353.37 | ask=4353.51 | tick_ok=True | xau_open=True | current_symbol=XAUUSD.iux | startup=False
[2026-09-18 09:30:32] SYMBOL_CHECK | XAUUSD.iux trade_mode=4 xau_open=True | trade_mode=4 | tick_time=1789702233 | bid=4352.82 | ask=4352.96 | tick_ok=True | xau_open=True | current_symbol=XAUUSD.iux | startup=False
[2026-09-18 09:31:32] SYMBOL_CHECK | XAUUSD.iux trade_mode=4 xau_open=True | trade_mode=4 | tick_time=1789702293 | bid=4355.55 | ask=4355.69 | tick_ok=True | xau_open=True | current_symbol=XAUUSD.iux | startup=False
[2026-09-18 09:31:32] DEMO_PORTFOLIO_SCAN | XAUUSD.iux open active=LTS_AHR2
[2026-09-18 09:31:33] DEMO_PORTFOLIO_SKIP | LTS_AHR2_1 skipped - hour 9 != 8
[2026-09-18 09:31:33] DEMO_PORTFOLIO_SKIP | LTS_AHR2_2 skipped - hour 9 != 10
[2026-09-18 09:31:33] DEMO_PORTFOLIO_SKIP | LTS_AHR2_8 skipped - hour 9 != 19
[2026-09-18 09:31:33] DEMO_PORTFOLIO_SKIP | LTS_AHR2_9 skipped - hour 9 != 10
[2026-09-18 09:31:33] DEMO_PORTFOLIO_SKIP | LTS_AHR2_13 skipped - hour 9 != 14
[2026-09-18 09:31:33] DEMO_PORTFOLIO_SKIP | LTS_AHR2_19 skipped - hour 9 != 11
[2026-09-18 09:31:33] DEMO_PORTFOLIO_SKIP | LTS_AHR2_20 skipped - hour 9 != 13
[2026-09-18 09:31:33] DEMO_PORTFOLIO_SKIP | LTS_AHR2_21 skipped - risk_distance 5.98 > 1.30
[2026-09-18 09:31:33] DEMO_PORTFOLIO_SKIP | LTS_AHR2_28 skipped - hour 9 != 11
[2026-09-18 09:31:33] DEMO_PORTFOLIO_SKIP | LTS_AHR2_35 skipped - hour 9 != 20
[2026-09-18 09:31:33] DEMO_PORTFOLIO_SKIP | LTS_AHR2_36 skipped - hour 9 != 17
[2026-09-18 09:31:33] DEMO_PORTFOLIO_SKIP | LTS_AHR2_42 skipped - hour 9 != 19
[2026-09-18 09:31:33] DEMO_PORTFOLIO_SKIP | LTS_AHR2_43 skipped - hour 9 != 21
[2026-09-18 09:31:33] DEMO_PORTFOLIO_SKIP | LTS_AHR2_44 skipped - hour 9 != 21
[2026-09-18 09:31:35] DEMO_PORTFOLIO_SIGNAL | LTS_AHR2_48 BUY lot=2.00 sl=4348.03 tp=4355.69 rd=2.69 weight=2000.000 scale=1.00 h=9 success=False ticket=None err=10034 — Volume limit reached
[2026-09-18 09:31:35] DEMO_PORTFOLIO_SKIP | LTS_AHR2_51 skipped - hour 9 != 18
[2026-09-18 09:31:35] DEMO_PORTFOLIO_SKIP | LTS_AHR2_52 skipped - risk_distance 5.98 > 5.00
[2026-09-18 09:31:35] DEMO_PORTFOLIO_SKIP | LTS_AHR2_57 skipped - risk_distance 2.69 < 4.00
[2026-09-18 09:31:35] DEMO_PORTFOLIO_SKIP | LTS_AHR2_58 skipped - hour 9 != 10
[2026-09-18 09:31:35] DEMO_PORTFOLIO_SKIP | LTS_AHR2_64 skipped - hour 9 != 22
[2026-09-18 09:31:35] DEMO_PORTFOLIO_SKIP | LTS_AHR2_65 skipped - hour 9 != 11
[2026-09-18 09:31:35] DEMO_PORTFOLIO_SKIP | LTS_AHR2_69 skipped - risk_distance 5.98 > 5.00
[2026-09-18 09:31:35] DEMO_PORTFOLIO_SKIP | LTS_AHR2_70 skipped - hour 9 != 10
[2026-09-18 09:31:35] DEMO_PORTFOLIO_SKIP | LTS_AHR2_74 skipped - hour 9 != 14
[2026-09-18 09:31:35] DEMO_PORTFOLIO_SKIP | LTS_AHR2_77 skipped - hour 9 != 10
[2026-09-18 09:31:35] DEMO_PORTFOLIO_SKIP | LTS_AHR2_81 skipped - hour 9 != 11
[2026-09-18 09:31:35] DEMO_PORTFOLIO_SKIP | LTS_AHR2_82 skipped - risk_distance 5.98 > 5.00
[2026-09-18 09:31:35] DEMO_PORTFOLIO_SKIP | LTS_AHR2_92 skipped - risk_distance 2.69 < 3.40
[2026-09-18 09:31:35] DEMO_PORTFOLIO_SKIP | LTS_AHR2_93 skipped - hour 9 != 20
[2026-09-18 09:31:35] DEMO_PORTFOLIO_SKIP | LTS_AHR2_99 skipped - hour 9 != 10
[2026-09-18 09:31:35] DEMO_PORTFOLIO_SKIP | LTS_AHR2_102 skipped - hour 9 != 13
[2026-09-18 09:31:35] DEMO_PORTFOLIO_SKIP | LTS_AHR2_106 skipped - risk_distance 5.98 > 5.00
[2026-09-18 09:31:35] DEMO_PORTFOLIO_SKIP | LTS_AHR2_111 skipped - hour 9 != 20
[2026-09-18 09:31:35] DEMO_PORTFOLIO_SKIP | LTS_AHR2_116 skipped - hour 9 != 10
[2026-09-18 09:31:35] DEMO_PORTFOLIO_SKIP | LTS_AHR2_121 skipped - risk_distance 2.69 < 4.00
[2026-09-18 09:31:35] DEMO_PORTFOLIO_SKIP | LTS_AHR2_124 skipped - hour 9 != 11
[2026-09-18 09:31:35] DEMO_PORTFOLIO_SKIP | LTS_AHR2_126 skipped - hour 9 != 17
[2026-09-18 09:31:35] DEMO_PORTFOLIO_SKIP | LTS_AHR2_130 skipped - hour 9 != 15
[2026-09-18 09:31:35] DEMO_PORTFOLIO_SKIP | LTS_AHR2_131 skipped - hour 9 != 20
[2026-09-18 09:31:35] DEMO_PORTFOLIO_SKIP | LTS_AHR2_134 skipped - hour 9 != 22
[2026-09-18 09:31:35] DEMO_PORTFOLIO_SKIP | LTS_AHR2_135 skipped - hour 9 != 20
[2026-09-18 09:31:35] DEMO_PORTFOLIO_SKIP | LTS_AHR2_138 skipped - risk_distance 5.98 > 5.00
[2026-09-18 09:31:35] DEMO_PORTFOLIO_SKIP | LTS_AHR2_141 skipped - risk_distance 2.69 < 3.40
[2026-09-18 09:31:35] DEMO_PORTFOLIO_SKIP | LTS_AHR2_144 skipped - hour 9 != 12
[2026-09-18 09:31:35] DEMO_PORTFOLIO_SKIP | LTS_AHR2_148 skipped - hour 9 != 14
[2026-09-18 09:31:35] DEMO_PORTFOLIO_SKIP | LTS_AHR2_149 skipped - hour 9 != 11
[2026-09-18 09:31:35] DEMO_PORTFOLIO_SKIP | LTS_AHR2_150 skipped - hour 9 != 13
[2026-09-18 09:31:36] DEMO_PORTFOLIO_SKIP | LTS_AHR2_155 skipped - hour 9 != 16
[2026-09-18 09:31:36] DEMO_PORTFOLIO_SKIP | LTS_AHR2_159 skipped - hour 9 != 17
[2026-09-18 09:31:36] DEMO_PORTFOLIO_SKIP | LTS_AHR2_160 skipped - hour 9 != 16
[2026-09-18 09:31:36] DEMO_PORTFOLIO_SKIP | LTS_AHR2_169 skipped - hour 9 != 14
[2026-09-18 09:31:36] DEMO_PORTFOLIO_SKIP | LTS_AHR2_170 skipped - hour 9 != 21
[2026-09-18 09:31:36] DEMO_PORTFOLIO_SKIP | LTS_AHR2_171 skipped - hour 9 != 12
[2026-09-18 09:31:36] DEMO_PORTFOLIO_SKIP | LTS_AHR2_176 skipped - hour 9 != 11
[2026-09-18 09:31:36] DEMO_PORTFOLIO_SKIP | LTS_AHR2_177 skipped - hour 9 != 22
[2026-09-18 09:31:36] DEMO_PORTFOLIO_SKIP | LTS_AHR2_180 skipped - hour 9 != 20
[2026-09-18 09:31:36] DEMO_PORTFOLIO_SKIP | LTS_AHR2_181 skipped - hour 9 != 13
[2026-09-18 09:31:36] DEMO_PORTFOLIO_SKIP | LTS_AHR2_185 skipped - risk_distance 5.98 > 5.00
[2026-09-18 09:31:36] DEMO_PORTFOLIO_SKIP | LTS_AHR2_186 skipped - hour 9 != 22
[2026-09-18 09:31:36] DEMO_PORTFOLIO_SKIP | LTS_AHR2_192 skipped - hour 9 != 22
[2026-09-18 09:31:36] DEMO_PORTFOLIO_SKIP | LTS_AHR2_193 skipped - hour 9 != 11
[2026-09-18 09:31:36] DEMO_PORTFOLIO_SKIP | LTS_AHR2_196 skipped - hour 9 != 17
[2026-09-18 09:31:36] DEMO_PORTFOLIO_SKIP | LTS_AHR2_200 skipped - hour 9 != 16
[2026-09-18 09:31:36] DEMO_PORTFOLIO_SKIP | LTS_AHR2_209 skipped - hour 9 != 8
[2026-09-18 09:31:36] DEMO_PORTFOLIO_SKIP | LTS_AHR2_210 skipped - hour 9 != 20
[2026-09-18 09:31:36] DEMO_PORTFOLIO_SKIP | LTS_AHR2_213 skipped - hour 9 != 11
[2026-09-18 09:31:36] DEMO_PORTFOLIO_SKIP | LTS_AHR2_217 skipped - hour 9 != 20
[2026-09-18 09:31:36] DEMO_PORTFOLIO_SKIP | LTS_AHR2_222 skipped - hour 9 != 22
[2026-09-18 09:31:36] DEMO_PORTFOLIO_SKIP | LTS_AHR2_223 skipped - hour 9 != 12
[2026-09-18 09:31:36] DEMO_PORTFOLIO_SKIP | LTS_AHR2_226 skipped - hour 9 != 15
[2026-09-18 09:31:36] DEMO_PORTFOLIO_SKIP | LTS_AHR2_227 skipped - risk_distance 5.98 > 5.00
[2026-09-18 09:31:36] DEMO_PORTFOLIO_SKIP | LTS_AHR2_228 skipped - hour 9 != 17
[2026-09-18 09:31:36] DEMO_PORTFOLIO_SKIP | LTS_AHR2_233 skipped - hour 9 != 17
[2026-09-18 09:31:36] DEMO_PORTFOLIO_SKIP | LTS_AHR2_234 skipped - hour 9 != 14
[2026-09-18 09:31:36] DEMO_PORTFOLIO_SKIP | LTS_AHR2_238 skipped - hour 9 != 14
[2026-09-18 09:31:36] DEMO_PORTFOLIO_SKIP | LTS_AHR2_239 skipped - hour 9 != 20
[2026-09-18 09:31:36] DEMO_PORTFOLIO_SKIP | LTS_AHR2_249 skipped - hour 9 != 19
[2026-09-18 09:31:36] DEMO_PORTFOLIO_SKIP | LTS_AHR2_253 skipped - risk_distance 2.69 < 2.70
[2026-09-18 09:31:36] DEMO_PORTFOLIO_SKIP | LTS_AHR2_254 skipped - hour 9 != 19
[2026-09-18 09:31:36] DEMO_PORTFOLIO_SKIP | LTS_AHR2_255 skipped - hour 9 != 21
[2026-09-18 09:31:36] DEMO_PORTFOLIO_SKIP | LTS_AHR2_257 skipped - hour 9 != 11
[2026-09-18 09:31:36] DEMO_PORTFOLIO_SKIP | LTS_AHR2_259 skipped - hour 9 != 21
[2026-09-18 09:31:37] DEMO_PORTFOLIO_SKIP | LTS_AHR2_260 skipped - hour 9 != 21
[2026-09-18 09:31:37] DEMO_PORTFOLIO_SKIP | LTS_AHR2_261 skipped - hour 9 != 22
[2026-09-18 09:31:37] DEMO_PORTFOLIO_SKIP | LTS_AHR2_265 skipped - hour 9 != 19
[2026-09-18 09:31:37] DEMO_PORTFOLIO_SKIP | LTS_AHR2_266 skipped - hour 9 != 17
[2026-09-18 09:31:37] DEMO_PORTFOLIO_SKIP | LTS_AHR2_270 skipped - hour 9 != 20
[2026-09-18 09:31:37] DEMO_PORTFOLIO_SKIP | LTS_AHR2_271 skipped - hour 9 != 21
[2026-09-18 09:31:37] DEMO_PORTFOLIO_SKIP | LTS_AHR2_272 skipped - hour 9 != 21
[2026-09-18 09:31:37] DEMO_PORTFOLIO_SKIP | LTS_AHR2_274 skipped - hour 9 != 21
[2026-09-18 09:31:37] DEMO_PORTFOLIO_SKIP | LTS_AHR2_277 skipped - hour 9 != 13
[2026-09-18 09:31:37] DEMO_PORTFOLIO_SKIP | LTS_AHR2_281 skipped - hour 9 != 11
[2026-09-18 09:31:37] DEMO_PORTFOLIO_SKIP | LTS_AHR2_284 skipped - hour 9 != 22
[2026-09-18 09:31:37] DEMO_PORTFOLIO_SKIP | LTS_AHR2_286 skipped - hour 9 != 20
[2026-09-18 09:31:37] DEMO_PORTFOLIO_SKIP | LTS_AHR2_290 skipped - hour 9 != 22
[2026-09-18 09:31:37] DEMO_PORTFOLIO_SKIP | LTS_AHR2_291 skipped - hour 9 != 20
[2026-09-18 09:31:37] DEMO_PORTFOLIO_SKIP | LTS_AHR2_294 skipped - hour 9 != 20
[2026-09-18 09:31:37] DEMO_PORTFOLIO_SKIP | LTS_AHR2_299 skipped - hour 9 != 15
[2026-09-18 09:31:37] DEMO_PORTFOLIO_SKIP | LTS_AHR2_300 skipped - hour 9 != 21
[2026-09-18 09:31:37] DEMO_PORTFOLIO_SKIP | LTS_AHR2_303 skipped - hour 9 != 17
[2026-09-18 09:31:37] DEMO_PORTFOLIO_SKIP | LTS_AHR2_309 skipped - hour 9 != 12
[2026-09-18 09:31:37] DEMO_PORTFOLIO_SKIP | LTS_AHR2_314 skipped - hour 9 != 17
[2026-09-18 09:31:37] DEMO_PORTFOLIO_SKIP | LTS_AHR2_318 skipped - hour 9 != 20
[2026-09-18 09:31:37] DEMO_PORTFOLIO_SKIP | LTS_AHR2_323 skipped - hour 9 != 20
[2026-09-18 09:31:37] DEMO_PORTFOLIO_SKIP | LTS_AHR2_324 skipped - hour 9 != 22
[2026-09-18 09:31:37] DEMO_PORTFOLIO_SKIP | LTS_AHR2_330 skipped - risk_distance 5.98 > 1.30
[2026-09-18 09:31:37] DEMO_PORTFOLIO_SKIP | LTS_AHR2_333 skipped - hour 9 != 16
[2026-09-18 09:31:37] DEMO_PORTFOLIO_SKIP | LTS_AHR2_334 skipped - hour 9 != 13
[2026-09-18 09:31:37] DEMO_PORTFOLIO_SKIP | LTS_AHR2_335 skipped - hour 9 != 11
[2026-09-18 09:31:37] DEMO_PORTFOLIO_SKIP | LTS_AHR2_339 skipped - risk_distance 2.69 < 3.40
[2026-09-18 09:31:37] DEMO_PORTFOLIO_SKIP | LTS_AHR2_340 skipped - hour 9 != 20
[2026-09-18 09:31:37] DEMO_PORTFOLIO_SKIP | LTS_AHR2_341 skipped - hour 9 != 21
[2026-09-18 09:31:37] DEMO_PORTFOLIO_SKIP | LTS_AHR2_349 skipped - hour 9 != 11
[2026-09-18 09:31:37] DEMO_PORTFOLIO_SKIP | LTS_AHR2_357 skipped - hour 9 != 21
[2026-09-18 09:31:37] DEMO_PORTFOLIO_SKIP | LTS_AHR2_358 skipped - hour 9 != 18
[2026-09-18 09:31:37] DEMO_PORTFOLIO_SKIP | LTS_AHR2_361 skipped - hour 9 != 15
[2026-09-18 09:31:37] DEMO_PORTFOLIO_SKIP | LTS_AHR2_363 skipped - hour 9 != 17
[2026-09-18 09:31:38] DEMO_PORTFOLIO_SKIP | LTS_AHR2_368 skipped - hour 9 != 21
[2026-09-18 09:31:38] DEMO_PORTFOLIO_SKIP | LTS_AHR2_369 skipped - hour 9 != 21
[2026-09-18 09:31:38] DEMO_PORTFOLIO_SKIP | LTS_AHR2_374 skipped - hour 9 != 10
[2026-09-18 09:31:38] DEMO_PORTFOLIO_SKIP | LTS_AHR2_375 skipped - hour 9 != 21
[2026-09-18 09:31:38] DEMO_PORTFOLIO_SKIP | LTS_AHR2_378 skipped - hour 9 != 19
[2026-09-18 09:31:38] DEMO_PORTFOLIO_SKIP | LTS_AHR2_383 skipped - hour 9 != 10
[2026-09-18 09:31:38] DEMO_PORTFOLIO_SKIP | LTS_AHR2_384 skipped - hour 9 != 20
[2026-09-18 09:31:38] DEMO_PORTFOLIO_SKIP | LTS_AHR2_385 skipped - hour 9 != 12
[2026-09-18 09:31:38] DEMO_PORTFOLIO_SKIP | LTS_AHR2_397 skipped - hour 9 != 20
[2026-09-18 09:31:38] DEMO_PORTFOLIO_SKIP | LTS_AHR2_471 skipped - hour 9 != 22
[2026-09-18 09:31:38] DEMO_PORTFOLIO_SCAN | XAUUSD.iux done active=LTS_AHR2
[2026-09-18 09:31:38] TG_SENT | Demo Portfolio LTS_AHR2_48 order failed: 10034 — Volume limit reached
[2026-09-18 09:32:31] SYMBOL_CHECK | XAUUSD.iux trade_mode=4 xau_open=True | trade_mode=4 | tick_time=1789702352 | bid=4354.79 | ask=4354.93 | tick_ok=True | xau_open=True | current_symbol=XAUUSD.iux | startup=False
[2026-09-18 09:33:32] SYMBOL_CHECK | XAUUSD.iux trade_mode=4 xau_open=True | trade_mode=4 | tick_time=1789702413 | bid=4355.88 | ask=4356.02 | tick_ok=True | xau_open=True | current_symbol=XAUUSD.iux | startup=False
[2026-09-18 09:34:32] SYMBOL_CHECK | XAUUSD.iux trade_mode=4 xau_open=True | trade_mode=4 | tick_time=1789702473 | bid=4353.94 | ask=4354.08 | tick_ok=True | xau_open=True | current_symbol=XAUUSD.iux | startup=False
[2026-09-18 09:35:31] SYMBOL_CHECK | XAUUSD.iux trade_mode=4 xau_open=True | trade_mode=4 | tick_time=1789702533 | bid=4355.6 | ask=4355.74 | tick_ok=True | xau_open=True | current_symbol=XAUUSD.iux | startup=False
[2026-09-18 09:36:32] SYMBOL_CHECK | XAUUSD.iux trade_mode=4 xau_open=True | trade_mode=4 | tick_time=1789702593 | bid=4355.65 | ask=4355.79 | tick_ok=True | xau_open=True | current_symbol=XAUUSD.iux | startup=False
[2026-09-18 09:36:32] DEMO_PORTFOLIO_SCAN | XAUUSD.iux open active=LTS_AHR2
[2026-09-18 09:36:33] DEMO_PORTFOLIO_SCAN | XAUUSD.iux done active=LTS_AHR2
[2026-09-18 09:37:33] SYMBOL_CHECK | XAUUSD.iux trade_mode=4 xau_open=True | trade_mode=4 | tick_time=1789702653 | bid=4353.63 | ask=4353.77 | tick_ok=True | xau_open=True | current_symbol=XAUUSD.iux | startup=False
[2026-09-18 09:38:33] SYMBOL_CHECK | XAUUSD.iux trade_mode=4 xau_open=True | trade_mode=4 | tick_time=1789702713 | bid=4351.77 | ask=4351.91 | tick_ok=True | xau_open=True | current_symbol=XAUUSD.iux | startup=False
[2026-09-18 09:39:33] SYMBOL_CHECK | XAUUSD.iux trade_mode=4 xau_open=True | trade_mode=4 | tick_time=1789702773 | bid=4351.36 | ask=4351.5 | tick_ok=True | xau_open=True | current_symbol=XAUUSD.iux | startup=False
[2026-09-18 09:40:33] SYMBOL_CHECK | XAUUSD.iux trade_mode=4 xau_open=True | trade_mode=4 | tick_time=1789702833 | bid=4352.61 | ask=4352.75 | tick_ok=True | xau_open=True | current_symbol=XAUUSD.iux | startup=False
[2026-09-18 09:41:33] SYMBOL_CHECK | XAUUSD.iux trade_mode=4 xau_open=True | trade_mode=4 | tick_time=1789702893 | bid=4352.6 | ask=4352.74 | tick_ok=True | xau_open=True | current_symbol=XAUUSD.iux | startup=False
[2026-09-18 09:41:33] DEMO_PORTFOLIO_SCAN | XAUUSD.iux open active=LTS_AHR2
[2026-09-18 09:41:33] DEMO_PORTFOLIO_SCAN | XAUUSD.iux done active=LTS_AHR2
[2026-09-18 09:42:31] SYMBOL_CHECK | XAUUSD.iux trade_mode=4 xau_open=True | trade_mode=4 | tick_time=1789702953 | bid=4352.51 | ask=4352.65 | tick_ok=True | xau_open=True | current_symbol=XAUUSD.iux | startup=False
[2026-09-18 09:43:31] SYMBOL_CHECK | XAUUSD.iux trade_mode=4 xau_open=True | trade_mode=4 | tick_time=1789703011 | bid=4351.09 | ask=4351.23 | tick_ok=True | xau_open=True | current_symbol=XAUUSD.iux | startup=False
[2026-09-18 09:44:32] SYMBOL_CHECK | XAUUSD.iux trade_mode=4 xau_open=True | trade_mode=4 | tick_time=1789703073 | bid=4351.67 | ask=4351.81 | tick_ok=True | xau_open=True | current_symbol=XAUUSD.iux | startup=False
[2026-09-18 09:45:32] SYMBOL_CHECK | XAUUSD.iux trade_mode=4 xau_open=True | trade_mode=4 | tick_time=1789703132 | bid=4350.68 | ask=4350.82 | tick_ok=True | xau_open=True | current_symbol=XAUUSD.iux | startup=False
[2026-09-18 09:46:32] SYMBOL_CHECK | XAUUSD.iux trade_mode=4 xau_open=True | trade_mode=4 | tick_time=1789703193 | bid=4354.13 | ask=4354.27 | tick_ok=True | xau_open=True | current_symbol=XAUUSD.iux | startup=False
[2026-09-18 09:46:32] DEMO_PORTFOLIO_SCAN | XAUUSD.iux open active=LTS_AHR2
[2026-09-18 09:46:33] DEMO_PORTFOLIO_SCAN | XAUUSD.iux done active=LTS_AHR2
[2026-09-18 09:47:32] SYMBOL_CHECK | XAUUSD.iux trade_mode=4 xau_open=True | trade_mode=4 | tick_time=1789703253 | bid=4355.57 | ask=4355.71 | tick_ok=True | xau_open=True | current_symbol=XAUUSD.iux | startup=False
[2026-09-18 09:48:32] SYMBOL_CHECK | XAUUSD.iux trade_mode=4 xau_open=True | trade_mode=4 | tick_time=1789703313 | bid=4354.68 | ask=4354.82 | tick_ok=True | xau_open=True | current_symbol=XAUUSD.iux | startup=False
[2026-09-18 09:49:33] SYMBOL_CHECK | XAUUSD.iux trade_mode=4 xau_open=True | trade_mode=4 | tick_time=1789703373 | bid=4354.94 | ask=4355.08 | tick_ok=True | xau_open=True | current_symbol=XAUUSD.iux | startup=False
[2026-09-18 09:50:32] SYMBOL_CHECK | XAUUSD.iux trade_mode=4 xau_open=True | trade_mode=4 | tick_time=1789703432 | bid=4355.51 | ask=4355.65 | tick_ok=True | xau_open=True | current_symbol=XAUUSD.iux | startup=False
[2026-09-18 09:51:32] SYMBOL_CHECK | XAUUSD.iux trade_mode=4 xau_open=True | trade_mode=4 | tick_time=1789703492 | bid=4354.85 | ask=4354.99 | tick_ok=True | xau_open=True | current_symbol=XAUUSD.iux | startup=False
[2026-09-18 09:51:33] DEMO_PORTFOLIO_SCAN | XAUUSD.iux open active=LTS_AHR2
[2026-09-18 09:51:33] DEMO_PORTFOLIO_SCAN | XAUUSD.iux done active=LTS_AHR2
[2026-09-18 09:52:32] SYMBOL_CHECK | XAUUSD.iux trade_mode=4 xau_open=True | trade_mode=4 | tick_time=1789703553 | bid=4354.14 | ask=4354.28 | tick_ok=True | xau_open=True | current_symbol=XAUUSD.iux | startup=False
[2026-09-18 09:53:32] SYMBOL_CHECK | XAUUSD.iux trade_mode=4 xau_open=True | trade_mode=4 | tick_time=1789703613 | bid=4352.15 | ask=4352.29 | tick_ok=True | xau_open=True | current_symbol=XAUUSD.iux | startup=False
[2026-09-18 09:54:32] SYMBOL_CHECK | XAUUSD.iux trade_mode=4 xau_open=True | trade_mode=4 | tick_time=1789703673 | bid=4349.58 | ask=4349.72 | tick_ok=True | xau_open=True | current_symbol=XAUUSD.iux | startup=False
[2026-09-18 09:55:33] SYMBOL_CHECK | XAUUSD.iux trade_mode=4 xau_open=True | trade_mode=4 | tick_time=1789703732 | bid=4348.02 | ask=4348.16 | tick_ok=True | xau_open=True | current_symbol=XAUUSD.iux | startup=False
[2026-09-18 09:56:32] SYMBOL_CHECK | XAUUSD.iux trade_mode=4 xau_open=True | trade_mode=4 | tick_time=1789703793 | bid=4347.91 | ask=4348.05 | tick_ok=True | xau_open=True | current_symbol=XAUUSD.iux | startup=False
[2026-09-18 09:56:32] DEMO_PORTFOLIO_SCAN | XAUUSD.iux open active=LTS_AHR2
[2026-09-18 09:56:33] DEMO_PORTFOLIO_SCAN | XAUUSD.iux done active=LTS_AHR2
[2026-09-18 09:57:32] SYMBOL_CHECK | XAUUSD.iux trade_mode=4 xau_open=True | trade_mode=4 | tick_time=1789703853 | bid=4346.89 | ask=4347.03 | tick_ok=True | xau_open=True | current_symbol=XAUUSD.iux | startup=False
[2026-09-18 09:58:33] SYMBOL_CHECK | XAUUSD.iux trade_mode=4 xau_open=True | trade_mode=4 | tick_time=1789703913 | bid=4344.13 | ask=4344.27 | tick_ok=True | xau_open=True | current_symbol=XAUUSD.iux | startup=False
[2026-09-18 09:59:32] SYMBOL_CHECK | XAUUSD.iux trade_mode=4 xau_open=True | trade_mode=4 | tick_time=1789703973 | bid=4346.89 | ask=4347.03 | tick_ok=True | xau_open=True | current_symbol=XAUUSD.iux | startup=False
[2026-09-18 10:00:33] SYMBOL_CHECK | XAUUSD.iux trade_mode=4 xau_open=True | trade_mode=4 | tick_time=1789704032 | bid=4346.13 | ask=4346.27 | tick_ok=True | xau_open=True | current_symbol=XAUUSD.iux | startup=False
[2026-09-18 10:01:32] SYMBOL_CHECK | XAUUSD.iux trade_mode=4 xau_open=True | trade_mode=4 | tick_time=1789704093 | bid=4346.72 | ask=4346.86 | tick_ok=True | xau_open=True | current_symbol=XAUUSD.iux | startup=False
[2026-09-18 10:01:32] DEMO_PORTFOLIO_SCAN | XAUUSD.iux open active=LTS_AHR2
[2026-09-18 10:01:32] DEMO_PORTFOLIO_SCAN | XAUUSD.iux done active=LTS_AHR2
[2026-09-18 10:02:33] SYMBOL_CHECK | XAUUSD.iux trade_mode=4 xau_open=True | trade_mode=4 | tick_time=1789704153 | bid=4347.4 | ask=4347.54 | tick_ok=True | xau_open=True | current_symbol=XAUUSD.iux | startup=False
[2026-09-18 10:03:33] SYMBOL_CHECK | XAUUSD.iux trade_mode=4 xau_open=True | trade_mode=4 | tick_time=1789704213 | bid=4347.84 | ask=4347.98 | tick_ok=True | xau_open=True | current_symbol=XAUUSD.iux | startup=False
[2026-09-18 10:04:33] SYMBOL_CHECK | XAUUSD.iux trade_mode=4 xau_open=True | trade_mode=4 | tick_time=1789704273 | bid=4349.38 | ask=4349.52 | tick_ok=True | xau_open=True | current_symbol=XAUUSD.iux | startup=False
[2026-09-18 10:05:33] SYMBOL_CHECK | XAUUSD.iux trade_mode=4 xau_open=True | trade_mode=4 | tick_time=1789704333 | bid=4350.69 | ask=4350.83 | tick_ok=True | xau_open=True | current_symbol=XAUUSD.iux | startup=False
[2026-09-18 10:06:33] SYMBOL_CHECK | XAUUSD.iux trade_mode=4 xau_open=True | trade_mode=4 | tick_time=1789704393 | bid=4350.3 | ask=4350.44 | tick_ok=True | xau_open=True | current_symbol=XAUUSD.iux | startup=False
[2026-09-18 10:06:33] DEMO_PORTFOLIO_SCAN | XAUUSD.iux open active=LTS_AHR2
[2026-09-18 10:06:33] DEMO_PORTFOLIO_SCAN | XAUUSD.iux done active=LTS_AHR2
[2026-09-18 10:07:33] SYMBOL_CHECK | XAUUSD.iux trade_mode=4 xau_open=True | trade_mode=4 | tick_time=1789704453 | bid=4349.78 | ask=4349.92 | tick_ok=True | xau_open=True | current_symbol=XAUUSD.iux | startup=False
[2026-09-18 10:08:33] SYMBOL_CHECK | XAUUSD.iux trade_mode=4 xau_open=True | trade_mode=4 | tick_time=1789704513 | bid=4348.72 | ask=4348.86 | tick_ok=True | xau_open=True | current_symbol=XAUUSD.iux | startup=False
[2026-09-18 10:09:33] SYMBOL_CHECK | XAUUSD.iux trade_mode=4 xau_open=True | trade_mode=4 | tick_time=1789704573 | bid=4345.94 | ask=4346.08 | tick_ok=True | xau_open=True | current_symbol=XAUUSD.iux | startup=False
[2026-09-18 10:10:32] SYMBOL_CHECK | XAUUSD.iux trade_mode=4 xau_open=True | trade_mode=4 | tick_time=1789704632 | bid=4346.03 | ask=4346.17 | tick_ok=True | xau_open=True | current_symbol=XAUUSD.iux | startup=False
[2026-09-18 10:11:33] SYMBOL_CHECK | XAUUSD.iux trade_mode=4 xau_open=True | trade_mode=4 | tick_time=1789704691 | bid=4346.59 | ask=4346.73 | tick_ok=True | xau_open=True | current_symbol=XAUUSD.iux | startup=False
[2026-09-18 10:11:33] DEMO_PORTFOLIO_SCAN | XAUUSD.iux open active=LTS_AHR2
[2026-09-18 10:11:33] DEMO_PORTFOLIO_SCAN | XAUUSD.iux done active=LTS_AHR2
[2026-09-18 10:12:33] SYMBOL_CHECK | XAUUSD.iux trade_mode=4 xau_open=True | trade_mode=4 | tick_time=1789704753 | bid=4347.42 | ask=4347.56 | tick_ok=True | xau_open=True | current_symbol=XAUUSD.iux | startup=False
[2026-09-18 10:13:32] SYMBOL_CHECK | XAUUSD.iux trade_mode=4 xau_open=True | trade_mode=4 | tick_time=1789704812 | bid=4346.89 | ask=4347.03 | tick_ok=True | xau_open=True | current_symbol=XAUUSD.iux | startup=False
[2026-09-18 10:14:32] SYMBOL_CHECK | XAUUSD.iux trade_mode=4 xau_open=True | trade_mode=4 | tick_time=1789704873 | bid=4345.88 | ask=4346.02 | tick_ok=True | xau_open=True | current_symbol=XAUUSD.iux | startup=False
[2026-09-18 10:15:32] SYMBOL_CHECK | XAUUSD.iux trade_mode=4 xau_open=True | trade_mode=4 | tick_time=1789704932 | bid=4344.13 | ask=4344.27 | tick_ok=True | xau_open=True | current_symbol=XAUUSD.iux | startup=False
[2026-09-18 10:16:32] SYMBOL_CHECK | XAUUSD.iux trade_mode=4 xau_open=True | trade_mode=4 | tick_time=1789704993 | bid=4342.86 | ask=4343.0 | tick_ok=True | xau_open=True | current_symbol=XAUUSD.iux | startup=False
[2026-09-18 10:16:32] DEMO_PORTFOLIO_SCAN | XAUUSD.iux open active=LTS_AHR2
[2026-09-18 10:16:33] DEMO_PORTFOLIO_SCAN | XAUUSD.iux done active=LTS_AHR2
[2026-09-18 10:17:33] SYMBOL_CHECK | XAUUSD.iux trade_mode=4 xau_open=True | trade_mode=4 | tick_time=1789705053 | bid=4338.84 | ask=4338.98 | tick_ok=True | xau_open=True | current_symbol=XAUUSD.iux | startup=False
[2026-09-18 10:18:32] SYMBOL_CHECK | XAUUSD.iux trade_mode=4 xau_open=True | trade_mode=4 | tick_time=1789705113 | bid=4338.07 | ask=4338.21 | tick_ok=True | xau_open=True | current_symbol=XAUUSD.iux | startup=False
[2026-09-18 10:19:33] SYMBOL_CHECK | XAUUSD.iux trade_mode=4 xau_open=True | trade_mode=4 | tick_time=1789705173 | bid=4337.45 | ask=4337.59 | tick_ok=True | xau_open=True | current_symbol=XAUUSD.iux | startup=False
[2026-09-18 10:20:33] SYMBOL_CHECK | XAUUSD.iux trade_mode=4 xau_open=True | trade_mode=4 | tick_time=1789705233 | bid=4340.1 | ask=4340.24 | tick_ok=True | xau_open=True | current_symbol=XAUUSD.iux | startup=False
[2026-09-18 10:21:32] SYMBOL_CHECK | XAUUSD.iux trade_mode=4 xau_open=True | trade_mode=4 | tick_time=1789705293 | bid=4337.37 | ask=4337.51 | tick_ok=True | xau_open=True | current_symbol=XAUUSD.iux | startup=False
[2026-09-18 10:21:32] DEMO_PORTFOLIO_SCAN | XAUUSD.iux open active=LTS_AHR2
[2026-09-18 10:21:33] DEMO_PORTFOLIO_SCAN | XAUUSD.iux done active=LTS_AHR2
[2026-09-18 10:22:32] SYMBOL_CHECK | XAUUSD.iux trade_mode=4 xau_open=True | trade_mode=4 | tick_time=1789705353 | bid=4337.8 | ask=4337.94 | tick_ok=True | xau_open=True | current_symbol=XAUUSD.iux | startup=False
[2026-09-18 10:23:33] SYMBOL_CHECK | XAUUSD.iux trade_mode=4 xau_open=True | trade_mode=4 | tick_time=1789705413 | bid=4335.47 | ask=4335.61 | tick_ok=True | xau_open=True | current_symbol=XAUUSD.iux | startup=False
[2026-09-18 10:23:43] POSITION_CLOSED | 🎯 TP Hit | ticket=587363810 | side=SELL | symbol=XAUUSD.iux | tf=M15 | sid=21 | pattern=- | trend_filter=- | open_price=4371.95 | close_price=4335.19 | sl=4439.61 | tp=4335.19 | profit=7352.0 | reason=[tp 4335.19] | close_time=10:23:41 18/09/2026
[2026-09-18 10:23:43] TG_SENT | 🔴 *🎯 TP Hit* | ━━━━━━━━━━━━━━━━━ | 📊 TF: M15 | 📊 SELL XAUUSD.iux | 📌 เปิด: `4371.95` | 📌 ปิด: `4335.19` | 🛑 SL: `4439.61` | 🎯 TP: `4335.19` | 💬 เหตุผล: `[tp 4335.19]` | 💰 P/L: `7352.0` USD | 🔖 Ticket: `587363810` | 🕐 Close Time: `10:23:41 18/09/2026`
[2026-09-18 10:24:32] SYMBOL_CHECK | XAUUSD.iux trade_mode=4 xau_open=True | trade_mode=4 | tick_time=1789705473 | bid=4335.73 | ask=4335.87 | tick_ok=True | xau_open=True | current_symbol=XAUUSD.iux | startup=False
[2026-09-18 10:25:31] SYMBOL_CHECK | XAUUSD.iux trade_mode=4 xau_open=True | trade_mode=4 | tick_time=1789705533 | bid=4336.05 | ask=4336.19 | tick_ok=True | xau_open=True | current_symbol=XAUUSD.iux | startup=False
[2026-09-18 10:26:22] APP_START | Bot starting | symbol=XAUUSD | scan_interval=1
[2026-09-18 10:26:23] SYMBOL_RESOLVED | XAUUSD -> XAUUSD.iux | requested=XAUUSD | resolved=XAUUSD.iux
[2026-09-18 10:26:23] SYMBOL_CHECK | XAUUSD.iux trade_mode=4 xau_open=True | trade_mode=4 | tick_time=1789705583 | bid=4336.48 | ask=4336.62 | tick_ok=True | xau_open=True | current_symbol=XAUUSD.iux | startup=True
[2026-09-18 10:26:23] NEWS_FILTER_TRANSIENT | rate limited 429; keeping cached events=0
[2026-09-18 10:26:23] TG_SENT | ✅ *MT5 เชื่อมต่อสำเร็จ!* | ━━━━━━━━━━━━━━━━━ | 🤖 Bot เริ่มทำงาน | 💰 Account: `2101182459` | 📊 Balance: `625524.88` | 📈 SYMBOL: `XAUUSD.iux` | ⏰ Scan ทุก 5 วินาที | 🕒 Time Mode: `MT5->BKK +6` | 🕒 MT5 Server: `UTC+1` | 🕒 Display: `BKK` | 📋 Strategy:  | 🕐 TF: M1, M5, M15, M30, H1, H4, H12, D1 |  | ♻️ *Restore state สำเร็จ* | 🗂 Saved at: `2026-09-18 10:25:48` | 📦 pending map: `0` | 📍 position tf: `0` | 📝 entry state: `0` | 📐 trail state: `0`
[2026-09-18 10:26:56] SYMBOL_CHECK | XAUUSD.iux trade_mode=4 xau_open=True | trade_mode=4 | tick_time=1789705616 | bid=4337.81 | ask=4337.95 | tick_ok=True | xau_open=True | current_symbol=XAUUSD.iux | startup=False
[2026-09-18 10:26:56] DEMO_PORTFOLIO_SCAN | XAUUSD.iux open active=LTS_AHR2
[2026-09-18 10:26:56] DEMO_PORTFOLIO_SCAN | XAUUSD.iux done active=LTS_AHR2
[2026-09-18 10:27:54] SYMBOL_CHECK | XAUUSD.iux trade_mode=4 xau_open=True | trade_mode=4 | tick_time=1789705676 | bid=4339.0 | ask=4339.14 | tick_ok=True | xau_open=True | current_symbol=XAUUSD.iux | startup=False
[2026-09-18 10:28:55] SYMBOL_CHECK | XAUUSD.iux trade_mode=4 xau_open=True | trade_mode=4 | tick_time=1789705736 | bid=4340.11 | ask=4340.25 | tick_ok=True | xau_open=True | current_symbol=XAUUSD.iux | startup=False
[2026-09-18 10:29:56] SYMBOL_CHECK | XAUUSD.iux trade_mode=4 xau_open=True | trade_mode=4 | tick_time=1789705796 | bid=4340.79 | ask=4340.93 | tick_ok=True | xau_open=True | current_symbol=XAUUSD.iux | startup=False
[2026-09-18 10:30:55] SYMBOL_CHECK | XAUUSD.iux trade_mode=4 xau_open=True | trade_mode=4 | tick_time=1789705855 | bid=4342.06 | ask=4342.2 | tick_ok=True | xau_open=True | current_symbol=XAUUSD.iux | startup=False
[2026-09-18 10:31:56] SYMBOL_CHECK | XAUUSD.iux trade_mode=4 xau_open=True | trade_mode=4 | tick_time=1789705916 | bid=4343.54 | ask=4343.68 | tick_ok=True | xau_open=True | current_symbol=XAUUSD.iux | startup=False
[2026-09-18 10:31:56] DEMO_PORTFOLIO_SCAN | XAUUSD.iux open active=LTS_AHR2
[2026-09-18 10:31:56] DEMO_PORTFOLIO_SCAN | XAUUSD.iux done active=LTS_AHR2
[2026-09-18 10:32:55] SYMBOL_CHECK | XAUUSD.iux trade_mode=4 xau_open=True | trade_mode=4 | tick_time=1789705976 | bid=4344.16 | ask=4344.3 | tick_ok=True | xau_open=True | current_symbol=XAUUSD.iux | startup=False
[2026-09-18 10:33:56] SYMBOL_CHECK | XAUUSD.iux trade_mode=4 xau_open=True | trade_mode=4 | tick_time=1789706036 | bid=4345.2 | ask=4345.34 | tick_ok=True | xau_open=True | current_symbol=XAUUSD.iux | startup=False
[2026-09-18 10:34:56] SYMBOL_CHECK | XAUUSD.iux trade_mode=4 xau_open=True | trade_mode=4 | tick_time=1789706096 | bid=4349.53 | ask=4349.67 | tick_ok=True | xau_open=True | current_symbol=XAUUSD.iux | startup=False
[2026-09-18 10:35:56] SYMBOL_CHECK | XAUUSD.iux trade_mode=4 xau_open=True | trade_mode=4 | tick_time=1789706156 | bid=4351.27 | ask=4351.41 | tick_ok=True | xau_open=True | current_symbol=XAUUSD.iux | startup=False
