Time,Ticket,Type,Volume,Price,S / L,T / P,Profit
2026-08-31 18:00,579609291,SELL,0.01,4445.76,4449.52,4439.68,-3.71
2026-09-01 06:48,579853863,BUY,0.01,4447.17,4446.44,4448.35,-0.62
2026-09-01 06:48,579854890,BUY,0.01,4447.19,4446.72,4447.95,-0.34
2026-09-01 16:09,579847701,BUY,0.01,4396.5,4355.6,4518.56,-40.55
2026-09-01 10:45,579857718,BUY,0.01,4430.96,4429.17,4433.86,-1.6600000000000001
2026-09-01 07:32,579858280,SELL,0.01,4445.76,4465.96,4413.08,32.72
2026-09-01 12:10,579912505,BUY,0.01,4431.71,4423.79,4444.52,12.82
2026-09-01 15:30,579993353,BUY,0.01,4424.15,4406.21,4464.55,-17.92
2026-09-01 15:30,579996921,BUY,0.01,4424.15,4406.48,4464.55,-17.65
2026-09-01 15:00,579996928,SELL,0.01,4430.96,4455.86,4390.67,40.35
2026-09-01 15:30,580008350,BUY,0.01,4424.15,4406.27,4463.44,-17.86
2026-09-01 16:04,580025787,BUY,0.01,4412.0,4392.19,4467.06,-19.42
2026-09-02 03:39,580337280,BUY,0.01,4326.23,4270.68,4544.95,107.31
2026-09-02 03:39,580362592,BUY,0.01,4326.23,4269.57,4544.95,107.31
2026-09-02 03:39,580375572,BUY,0.01,4326.23,4269.81,4544.95,107.31
2026-09-02 03:39,580393094,BUY,0.01,4326.23,4269.09,4544.95,107.31
2026-09-02 03:39,580396953,BUY,0.01,4326.23,4286.81,4424.91,-38.58
2026-09-02 04:00,580404909,BUY,0.01,4326.23,4270.37,4544.95,106.52
2026-09-02 08:01,580409848,BUY,0.01,4322.96,4268.15,4546.97,109.76
2026-09-02 06:17,580409871,BUY,0.01,4328.51,4328.32,4328.82,-0.19
2026-09-02 06:17,580410064,BUY,0.01,4328.39,4327.48,4329.86,-0.91
2026-09-02 07:59,580411325,BUY,0.01,4325.97,4325.24,4327.15,-0.71
2026-09-02 08:01,580414686,BUY,0.01,4322.96,4270.89,4539.67,109.76
2026-09-02 21:44,580414687,SELL,0.01,4378.21,4387.22,4363.63,-8.84
2026-09-02 08:01,580416247,BUY,0.01,4322.96,4297.77,4426.93,-25.16
2026-09-02 08:01,580418841,BUY,0.01,4322.96,4298.49,4408.86,-24.44
2026-09-02 08:01,580423514,BUY,0.01,4322.96,4277.7,4527.09,109.76
2026-09-02 11:34,580494609,BUY,0.01,4288.46,4236.92,4543.41,145.17
2026-09-02 21:30,580494615,SELL,0.01,4360.36,4374.76,4337.06,-14.15
2026-09-02 19:35,580566819,SELL,0.01,4331.68,4337.65,4322.02,-5.95
2026-09-03 20:03,580651363,SELL,0.01,4447.03,4461.41,4423.76,-14.24
2026-09-02 21:57,580792063,SELL,0.01,4379.52,4400.75,4295.34,-21.17
2026-09-02 22:05,580801487,SELL,0.01,4385.5,4407.86,4291.64,-21.74
2026-09-03 06:18,580956767,BUY,0.01,4388.54,4387.93,4389.53,-0.6
2026-09-03 06:42,580957077,BUY,0.01,4386.11,4385.57,4386.98,-0.54
2026-09-03 20:30,580959311,SELL,0.01,4461.28,4471.94,4444.03,-5.9399999999999995
2026-09-03 21:00,581281808,SELL,0.01,4492.23,4515.95,4388.52,103.95
2026-09-04 20:30,581460376,BUY,0.01,4420.63,4419.05,4423.19,-0.34
2026-09-04 06:48,581472817,BUY,0.01,4471.81,4470.98,4473.15,1.34
2026-09-04 06:32,581474269,BUY,0.01,4474.56,4470.57,4481.02,6.47
2026-09-04 15:44,581539433,SELL,0.01,4485.32,4510.76,4444.16,41.9
2026-09-04 14:21,581591812,BUY,0.01,0.0,4459.62,4471.94,0.9
2026-09-04 14:26,581593719,BUY,0.01,0.0,4463.98,4471.94,-5.95
2026-09-04 14:30,581595734,BUY,0.01,0.0,4459.76,4471.94,2.71
2026-09-04 14:30,581595740,BUY,0.01,0.0,4458.3,4609.91,-11.34
2026-09-04 14:33,581596585,BUY,0.01,0.0,4463.56,4471.94,-6.17
2026-09-04 15:02,581609860,BUY,0.01,0.0,4459.29,4471.94,8.48
2026-09-04 15:07,581611843,BUY,0.01,0.0,4462.82,4471.94,5.97
2026-09-04 15:17,581617320,BUY,0.01,0.0,4463.95,4471.94,4.0
2026-09-04 15:19,581617846,BUY,0.01,0.0,4464.31,4471.94,4.27
2026-09-04 15:23,581619209,BUY,0.01,0.0,4464.3,4471.94,3.71
2026-09-04 15:25,581619894,BUY,0.01,0.0,4461.08,4471.94,2.3
2026-09-04 15:29,581621451,BUY,0.01,0.0,4465.78,4471.94,0.87
2026-09-04 15:35,581624886,BUY,0.01,4475.03,4470.57,4482.25,7.23
2026-09-04 15:35,581624948,BUY,0.01,0.0,4470.29,4609.91,-4.72
2026-09-04 15:40,581626767,BUY,0.01,0.0,4471.99,4609.91,-3.25
2026-09-04 15:54,581635864,BUY,0.01,0.0,4478.98,4609.91,-4.21
2026-09-04 15:59,581638597,BUY,0.01,0.0,4477.89,4609.91,-5.16
2026-09-04 16:01,581639250,BUY,0.01,0.0,4478.74,4609.91,-7.68
2026-09-04 16:04,581640131,BUY,0.01,0.0,4479.91,4609.91,-4.11
2026-09-04 16:05,581640635,BUY,0.01,0.0,4474.6,4609.91,-9.19
2026-09-04 16:07,581641385,BUY,0.01,0.0,4478.19,4609.91,-5.38
2026-09-04 16:13,581643399,BUY,0.01,0.0,4476.36,4609.91,-6.03
2026-09-04 16:17,581645139,BUY,0.01,0.0,4478.6,4609.91,-4.43
2026-09-04 16:20,581645792,BUY,0.01,0.0,4478.52,4609.91,-4.26
2026-09-04 16:20,581645794,BUY,0.01,0.0,4472.84,4609.91,-9.9
2026-09-04 16:23,581646762,BUY,0.01,0.0,4478.19,4609.91,-3.2800000000000002
2026-09-04 16:27,581647992,BUY,0.01,0.0,4476.92,4609.91,-4.74
2026-09-04 16:30,581648808,BUY,0.01,0.0,4468.11,4609.91,-12.63
2026-09-04 16:34,581650421,BUY,0.01,0.0,4475.5,4609.91,-5.31
2026-09-04 16:40,581652572,BUY,0.01,0.0,4475.29,4609.91,-3.35
2026-09-04 16:43,581653929,BUY,0.01,0.0,4475.04,4609.91,-3.37
2026-09-04 16:47,581654748,BUY,0.01,0.0,4474.92,4609.91,-2.9
2026-09-04 16:53,581657033,BUY,0.01,0.0,4472.94,4609.91,-2.3
2026-09-04 17:00,581659324,BUY,0.01,0.0,4469.01,4609.91,-9.22
2026-09-04 17:01,581659744,BUY,0.01,0.0,4475.46,4609.91,-1.43
2026-09-04 17:03,581660400,BUY,0.01,0.0,4474.52,4609.91,-4.31
2026-09-04 17:09,581662388,BUY,0.01,0.0,4471.79,4609.91,-2.98
2026-09-04 17:18,581667047,BUY,0.01,0.0,4465.62,4471.94,-3.2
2026-09-04 17:23,581670894,BUY,0.01,0.0,4461.25,4471.94,4.75
2026-09-04 17:27,581672447,BUY,0.01,0.0,4461.09,4471.94,6.51
2026-09-04 17:29,581673042,BUY,0.01,0.0,4461.1,4471.94,7.31
2026-09-04 17:34,581677727,BUY,0.01,0.0,4461.34,4471.94,3.05
2026-09-04 17:35,581678290,BUY,0.01,0.0,4458.35,4471.94,5.02
2026-09-04 17:36,581678849,BUY,0.01,0.0,4463.23,4471.94,3.7199999999999998
2026-09-04 17:42,581680735,BUY,0.01,0.0,4464.29,4471.94,4.55
2026-09-04 17:45,581681484,BUY,0.01,0.0,4463.21,4471.94,4.28
2026-09-04 17:45,581681507,BUY,0.01,0.0,4453.2,4471.94,4.36
2026-09-04 17:50,581682993,BUY,0.01,0.0,4466.39,4471.94,-3.05
2026-09-04 17:50,581683000,BUY,0.01,0.0,4460.66,4471.94,2.52
2026-09-04 17:52,581683531,BUY,0.01,0.0,4466.72,4471.94,-1.99
2026-09-04 17:57,581685120,BUY,0.01,0.0,4464.28,4471.94,3.22
2026-09-04 18:02,581686332,BUY,0.01,0.0,4463.29,4471.94,5.26
2026-09-04 18:26,581693091,BUY,0.01,0.0,4465.91,4471.94,0.13
2026-09-04 18:30,581694201,BUY,0.01,0.0,4462.84,4471.94,0.65
2026-09-04 18:30,581694202,BUY,0.01,0.0,4454.62,4609.91,-16.73
2026-09-04 18:43,581698271,BUY,0.01,0.0,4470.65,4609.91,-3.49
2026-09-04 18:45,581698455,BUY,0.01,0.0,4465.05,4609.91,-8.71
2026-09-04 18:46,581698608,BUY,0.01,0.0,4471.0,4609.91,-3.39
2026-09-04 18:51,581700373,BUY,0.01,0.0,4472.33,4609.91,-2.66
2026-09-04 18:55,581700949,BUY,0.01,0.0,4471.87,4609.91,-2.99
2026-09-04 18:58,581701132,BUY,0.01,0.0,4472.22,4609.91,-2.4699999999999998
2026-09-04 20:30,581701642,BUY,0.01,4447.03,4322.96,4647.78,-9.66
2026-09-04 19:06,581703437,BUY,0.01,0.0,4469.39,4609.91,-2.85
2026-09-04 19:10,581704887,BUY,0.01,0.0,4467.67,4471.94,-3.43
2026-09-04 19:15,581706178,BUY,0.01,0.0,4464.95,4609.91,-5.52
2026-09-04 19:16,581706351,BUY,0.01,0.0,4467.91,4471.94,-2.18
2026-09-04 19:21,581708673,BUY,0.01,0.0,4464.53,4471.94,-3.93
2026-09-04 19:25,581710279,BUY,0.01,0.0,4461.6,4471.94,3.75
2026-09-04 19:28,581711636,BUY,0.01,0.0,4463.97,4471.94,5.18
2026-09-04 19:32,581713073,BUY,0.01,0.0,4463.08,4471.94,3.85
2026-09-04 19:36,581713913,BUY,0.01,0.0,4463.74,4471.94,4.32
2026-09-04 19:40,581714841,BUY,0.01,0.0,4460.66,4471.94,3.44
2026-09-04 19:41,581715382,BUY,0.01,0.0,4465.25,4471.94,-4.35
2026-09-04 19:45,581717070,BUY,0.01,0.0,4463.58,4471.94,3.66
2026-09-04 19:50,581718760,BUY,0.01,0.0,4461.39,4471.94,4.34
2026-09-04 19:52,581719423,BUY,0.01,0.0,4464.54,4471.94,-6.09
2026-09-04 19:54,581720101,BUY,0.01,0.0,4465.02,4471.94,-3.88
2026-09-04 19:58,581720692,BUY,0.01,0.0,4466.47,4471.94,-2.56
2026-09-04 20:01,581722496,BUY,0.01,0.0,4462.92,4471.94,3.92
2026-09-04 20:04,581724155,BUY,0.01,0.0,4462.28,4471.94,4.25
2026-09-04 20:08,581725543,BUY,0.01,0.0,4465.68,4471.94,-3.67
2026-09-04 20:10,581726475,BUY,0.01,0.0,4459.56,4471.94,4.34
2026-09-04 20:14,581727983,BUY,0.01,0.0,4462.09,4471.94,6.25
2026-09-04 20:16,581729051,BUY,0.01,0.0,4461.6,4471.94,5.26
2026-09-04 20:19,581730076,BUY,0.01,0.0,4462.16,4471.94,5.52
2026-09-04 20:21,581731522,BUY,0.01,0.0,4461.2,4471.94,6.53
2026-09-04 20:25,581734313,BUY,0.01,0.0,4460.62,4471.94,3.81
2026-09-04 20:25,581734328,BUY,0.01,0.0,4458.5,4471.94,3.85
2026-09-04 20:29,581739916,BUY,0.01,4474.57,4467.19,4486.51,-6.36
2026-09-04 20:30,581740822,BUY,0.01,0.0,4464.42,4609.91,-2.5300000000000002
2026-09-04 21:00,581831520,BUY,0.01,4379.43,4343.13,4535.57,53.34
2026-09-04 21:00,581840454,BUY,0.01,4379.43,4340.8,4535.57,53.34
2026-09-04 21:12,581864913,BUY,0.01,0.0,4369.97,4443.81,54.4
2026-09-04 21:16,581869914,BUY,0.01,0.0,4378.8,4443.81,49.3
2026-09-04 22:02,581929458,BUY,0.01,0.0,4405.42,4443.81,25.75
2026-09-04 22:05,581932595,BUY,0.01,0.0,4404.68,4443.81,23.14
2026-09-04 22:08,581936904,BUY,0.01,0.0,4408.79,4443.81,20.41
2026-09-04 22:10,581939216,BUY,0.01,0.0,4392.66,4443.81,20.65
2026-09-04 22:13,581942190,BUY,0.01,0.0,4412.05,4443.81,21.6
2026-09-04 22:20,581950684,BUY,0.01,0.0,4421.55,4443.81,-10.87
2026-09-04 22:24,581954118,BUY,0.01,0.0,4422.06,4443.81,-7.48
2026-09-04 22:26,581956248,BUY,0.01,0.0,4419.57,4443.81,-17.09
2026-09-04 22:28,581957563,BUY,0.01,0.0,4423.53,4443.81,-8.41
2026-09-04 22:30,581958639,BUY,0.01,0.0,4409.61,4443.81,14.48
2026-09-04 22:30,581958646,BUY,0.01,0.0,4381.36,4443.81,14.47
2026-09-04 22:35,581963468,BUY,0.01,0.0,4427.12,4443.81,-12.34
2026-09-04 22:45,581970952,BUY,0.01,0.0,4419.68,4443.81,-9.51
2026-09-04 22:49,581973811,BUY,0.01,0.0,4417.22,4443.81,-10.98
2026-09-04 22:54,581979856,BUY,0.01,0.0,4415.55,4443.81,21.24
2026-09-04 22:57,581983152,BUY,0.01,0.0,4411.82,4443.81,20.89
2026-09-04 23:04,581987066,BUY,0.01,0.0,4417.65,4442.3,18.51
2026-09-04 23:05,581988966,BUY,0.01,0.0,4401.42,4443.81,13.28
2026-09-04 23:11,581993699,BUY,0.01,0.0,4428.6,4442.3,6.31
2026-09-04 23:15,581996777,BUY,0.01,0.0,4382.33,4443.81,0.58
2026-09-04 23:26,582004277,BUY,0.01,0.0,4435.33,4443.81,0.28
2026-09-04 23:29,582005460,BUY,0.01,0.0,4435.01,4443.81,2.4
2026-09-04 23:32,582007308,BUY,0.01,0.0,4434.53,4442.3,-0.02
2026-09-04 23:35,582008966,BUY,0.01,0.0,4433.44,4442.3,2.35
2026-09-04 23:38,582010268,BUY,0.01,0.0,4432.92,4442.3,3.27
2026-09-04 23:46,582013612,BUY,0.01,0.0,4437.53,4471.94,-6.6
2026-09-04 23:48,582014299,BUY,0.01,0.0,4438.52,4471.94,-4.59
2026-09-04 23:51,582016236,BUY,0.01,0.0,4438.04,4471.94,-6.87
2026-09-04 23:56,582018068,BUY,0.01,0.0,4435.9,4442.3,-4.37
2026-09-05 00:00,582019722,BUY,0.01,0.0,4432.21,4443.81,-4.53
2026-09-05 00:05,582021532,BUY,0.01,0.0,4433.58,4448.95,-6.2
2026-09-05 00:05,582021534,BUY,0.01,0.0,4424.83,4443.81,-14.97
2026-09-05 00:08,582022473,BUY,0.01,0.0,4430.86,4448.95,-4.87
2026-09-05 00:12,582023686,BUY,0.01,0.0,4428.72,4448.95,-5.85
2026-09-05 00:14,582024514,BUY,0.01,0.0,4428.6,4448.95,-9.33
2026-09-05 00:18,582026070,BUY,0.01,0.0,4433.78,4448.95,-7.03
2026-09-05 00:20,582027245,BUY,0.01,0.0,4422.53,4448.95,-18.91
2026-09-05 00:21,582027368,BUY,0.01,0.0,4437.08,4448.95,-4.1
2026-09-05 00:29,582030668,BUY,0.01,0.0,4430.26,4448.95,-4.08
2026-09-05 00:30,582031063,BUY,0.01,0.0,4407.96,4448.95,-1.28
2026-09-05 00:35,582032519,BUY,0.01,0.0,4424.45,4448.95,-13.18
2026-09-05 00:38,582032935,BUY,0.01,0.0,4433.73,4448.95,-3.7
2026-09-05 00:40,582033788,BUY,0.01,0.0,4434.21,4448.95,-3.62
2026-09-05 00:42,582034018,BUY,0.01,0.0,4434.24,4448.95,-3.57
2026-09-05 00:44,582034785,BUY,0.01,0.0,4433.25,4448.95,-5.22
2026-09-05 00:48,582036791,BUY,0.01,0.0,4435.18,4448.95,-3.79
2026-09-05 00:50,582037328,BUY,0.01,0.0,4427.44,4448.95,-12.83
2026-09-05 00:58,582039483,BUY,0.01,0.0,4432.6,4448.95,-4.39
2026-09-05 01:00,582040135,BUY,0.01,0.0,4398.19,4471.94,-0.84
2026-09-05 01:04,582042266,BUY,0.01,0.0,4427.34,4448.95,-3.96
2026-09-05 01:07,582043038,BUY,0.01,0.0,4427.31,4448.95,-3.79
2026-09-05 01:10,582043631,BUY,0.01,0.0,4422.85,4448.95,-9.55
2026-09-05 01:14,582044004,BUY,0.01,0.0,4429.07,4448.95,-3.9699999999999998
2026-09-05 01:18,582044898,BUY,0.01,0.0,4430.85,4448.95,-4.73
2026-09-05 01:29,582048623,BUY,0.01,0.0,4426.21,4448.95,-2.96
2026-09-05 01:32,582050052,BUY,0.01,0.0,4423.9,4448.95,-5.68
2026-09-05 01:37,582052059,BUY,0.01,0.0,4419.33,4448.95,-4.58
2026-09-05 01:39,582052459,BUY,0.01,0.0,4419.91,4448.95,-4.68
2026-09-05 01:44,582054768,BUY,0.01,0.0,4414.96,4448.95,-4.37
2026-09-05 01:47,582055773,BUY,0.01,0.0,4412.68,4448.95,-6.05
2026-09-05 01:49,582056152,BUY,0.01,0.0,4414.32,4448.95,-5.41
2026-09-05 01:53,582057082,BUY,0.01,0.0,4416.43,4448.95,-4.09
2026-09-05 01:55,582057335,BUY,0.01,0.0,4408.33,4448.95,13.1
2026-09-05 01:59,582057972,BUY,0.01,0.0,4413.87,4448.95,-3.76
2026-09-05 02:14,582060537,BUY,0.01,0.0,4413.53,4448.95,10.96
2026-09-05 02:21,582061613,BUY,0.01,0.0,4416.84,4448.95,8.95
2026-09-05 02:26,582062861,BUY,0.01,0.0,4421.31,4448.95,-4.95
2026-09-05 02:34,582064151,BUY,0.01,0.0,4420.94,4448.95,4.45
2026-09-05 02:39,582064492,BUY,0.01,0.0,4419.28,4448.95,6.3
2026-09-05 02:41,582064660,BUY,0.01,0.0,4419.99,4448.95,5.63
2026-09-05 02:43,582064842,BUY,0.01,0.0,4420.04,4448.95,5.97
2026-09-05 02:45,582064921,BUY,0.01,0.0,4420.3,4448.95,5.8100000000000005
2026-09-05 02:45,582064922,BUY,0.01,0.0,4415.13,4448.95,9.61
2026-09-05 02:48,582065232,BUY,0.01,0.0,4419.87,4448.95,4.76
2026-09-05 02:52,582065447,BUY,0.01,0.0,4421.57,4448.95,-3.2800000000000002
2026-09-05 02:55,582065494,BUY,0.01,0.0,4416.43,4448.95,7.47
2026-09-05 02:58,582065713,BUY,0.01,0.0,4422.56,4448.95,-1.99
2026-09-05 03:00,582065904,BUY,0.01,0.0,4421.38,4448.95,4.39
2026-09-05 03:02,582066140,BUY,0.01,0.0,4420.84,4448.95,5.48
2026-09-05 03:04,582066230,BUY,0.01,0.0,4421.24,4448.95,5.14
2026-09-05 03:07,582066337,BUY,0.01,0.0,4421.08,4448.95,5.13
2026-09-05 03:10,582066498,BUY,0.01,0.0,4417.26,4448.95,7.54
2026-09-05 03:13,582067051,BUY,0.01,0.0,4422.88,4448.95,-5.32
2026-09-05 03:22,582068244,BUY,0.01,0.0,4424.62,4448.95,-4.08
2026-09-05 03:30,582069569,BUY,0.01,0.0,4421.48,4448.95,-2.99
2026-09-05 03:31,582069836,BUY,0.01,0.0,4432.2,4448.95,-3.37
2026-09-05 03:35,582070941,BUY,0.01,0.0,4431.58,4448.95,-6.3
2026-09-05 03:37,582071149,BUY,0.01,0.0,4433.17,4448.95,-3.68
2026-09-05 03:40,582071403,BUY,0.01,0.0,4432.61,4448.95,-3.98
2026-09-05 03:43,582071707,BUY,0.01,0.0,4433.48,4448.95,-2.8
2026-09-05 03:45,582071940,BUY,0.01,0.0,4432.8,4448.95,-4.26
2026-09-05 03:49,582072642,BUY,0.01,0.0,4431.65,4448.95,-2.56
2026-09-05 03:53,582073250,BUY,0.01,0.0,4432.96,4448.95,-2.13
2026-09-05 03:55,582073392,BUY,0.01,0.0,4432.36,4448.95,-3.98
2026-09-05 03:55,582073394,BUY,0.01,0.0,4428.46,4448.95,-7.6899999999999995
2026-09-05 03:59,582073576,BUY,0.01,0.0,4430.69,4448.95,-4.33
2026-09-05 04:03,582074091,BUY,0.01,0.0,4431.07,4448.95,-3.18
2026-09-05 04:06,582074667,BUY,0.01,0.0,4430.13,4448.95,-2.57
2026-09-05 04:11,582074879,BUY,0.01,0.0,4429.54,4448.95,-2.2800000000000002
2026-09-05 04:14,582074932,BUY,0.01,0.0,4429.43,4448.95,-2.9699999999999998
2026-09-05 04:18,582075234,BUY,0.01,0.0,4428.8,4448.95,-1.71
2026-09-05 04:20,582075354,BUY,0.01,0.0,4429.22,4448.95,-1.94
2026-09-05 04:23,582075378,BUY,0.01,0.0,4429.41,4448.95,-2.04
2026-09-05 04:25,582075388,BUY,0.01,0.0,4425.6,4448.95,-4.7
2026-09-05 04:26,582075397,BUY,0.01,0.0,4429.09,4448.95,-1.88
2026-09-05 04:30,582075524,BUY,0.01,0.0,4428.54,4448.95,-1.52
2026-09-05 04:32,582075606,BUY,0.01,0.0,4428.0,4448.95,-1.51
2026-09-05 04:34,582075620,BUY,0.01,0.0,4427.98,4448.95,-1.6400000000000001
2026-09-05 04:39,582075779,BUY,0.01,0.0,4428.7,4448.95,-1.8199999999999998
2026-09-05 04:40,582075802,BUY,0.01,0.0,4425.6,4448.95,-5.26
2026-09-05 04:50,582076117,BUY,0.01,0.0,4427.63,4448.95,-1.47
2026-09-05 04:55,582076366,BUY,0.01,0.0,4425.57,4448.95,-5.87
2026-09-07 06:07,582147128,BUY,0.01,0.0,4419.38,4448.95,-3.73
2026-09-07 06:09,582147240,BUY,0.01,0.0,4419.32,4448.95,-5.67
2026-09-07 06:12,582147498,BUY,0.01,0.0,4420.94,4448.95,-5.47
2026-09-07 06:15,582147659,BUY,0.01,0.0,4417.78,4448.95,-11.81
2026-09-07 06:32,582147663,SELL,0.01,4430.13,4430.96,4428.79,-0.82
2026-09-07 06:20,582148266,BUY,0.01,0.0,4425.38,4448.95,-2.7800000000000002
2026-09-07 06:22,582148581,BUY,0.01,0.0,4425.2,4448.95,-3.58
2026-09-07 06:25,582148727,BUY,0.01,0.0,4425.83,4448.95,-3.51
2026-09-07 06:28,582148933,BUY,0.01,0.0,4424.86,4448.95,-3.96
2026-09-07 06:30,582149070,BUY,0.01,0.0,4413.85,4448.95,-15.56
2026-09-07 06:49,582149071,SELL,0.01,4434.87,4435.15,4434.42,-0.24
2026-09-07 06:33,582149168,BUY,0.01,0.0,4426.2,4448.95,-3.16
2026-09-07 06:35,582149545,BUY,0.01,0.0,4422.65,4448.95,-5.67
2026-09-07 06:38,582149639,BUY,0.01,0.0,4425.54,4448.95,-3.54
2026-09-07 06:43,582149846,BUY,0.01,0.0,4427.71,4448.95,-2.46
2026-09-07 06:45,582150125,BUY,0.01,0.0,4423.57,4448.95,-7.22
2026-09-07 06:47,582150328,BUY,0.01,0.0,4428.87,4448.95,-4.55
2026-09-07 06:54,582151168,BUY,0.01,0.0,4430.27,4448.95,-1.97
2026-09-07 06:56,582151321,BUY,0.01,0.0,4429.84,4448.95,-1.95
2026-09-07 07:00,582151678,BUY,0.01,0.0,4427.55,4448.95,-2.05
2026-09-07 07:05,582152381,BUY,0.01,0.0,4424.27,4448.95,-6.42
2026-09-07 07:06,582152452,BUY,0.01,0.0,4428.51,4448.95,-2.17
2026-09-07 07:09,582152652,BUY,0.01,0.0,4428.66,4448.95,-2.06
2026-09-07 07:14,582152891,BUY,0.01,0.0,4428.37,4448.95,-1.63
2026-09-07 07:16,582152957,BUY,0.01,0.0,4428.56,4448.95,-1.29
2026-09-07 07:19,582153202,BUY,0.01,0.0,4428.19,4448.95,-1.45
2026-09-07 07:22,582153372,SELL,0.01,4427.56,4448.95,4392.95,34.61
2026-09-07 07:24,582153695,BUY,0.01,0.0,4425.52,4448.95,-1.47
2026-09-07 07:26,582154261,BUY,0.01,0.0,4423.83,4448.95,-2.46
2026-09-07 07:30,582154488,BUY,0.01,0.0,4421.4,4448.95,-4.55
2026-09-07 07:32,582154693,BUY,0.01,0.0,4423.5,4448.95,-3.84
2026-09-07 07:43,582155936,BUY,0.01,0.0,4423.02,4448.95,-4.92
2026-09-07 07:45,582156416,BUY,0.01,0.0,4418.49,4448.95,-12.54
2026-09-07 07:48,582157307,BUY,0.01,0.0,4425.18,4448.95,-3.7800000000000002
2026-09-07 07:50,582157832,BUY,0.01,0.0,4420.6,4448.95,-7.13
2026-09-07 07:52,582158470,SELL,0.01,4423.97,4438.4,4400.62,23.35
2026-09-07 07:54,582158857,BUY,0.01,0.0,4419.63,4448.95,-4.36
2026-09-07 07:56,582159128,BUY,0.01,0.0,4420.57,4448.95,-3.22
2026-09-07 08:02,582160339,BUY,0.01,0.0,4419.57,4448.95,-6.76
2026-09-07 08:05,582161339,BUY,0.01,0.0,4419.1,4448.95,-4.48
2026-09-07 08:05,582161340,BUY,0.01,0.0,4416.13,4448.95,-7.36
2026-09-07 08:07,582161535,BUY,0.01,0.0,4418.98,4448.95,-5.63
2026-09-07 08:12,582162762,BUY,0.01,0.0,4417.62,4448.95,-9.35
2026-09-07 08:16,582163750,BUY,0.01,0.0,4419.71,4448.95,-7.28
2026-09-07 08:20,582164951,BUY,0.01,0.0,4415.22,4448.95,-11.83
2026-09-07 08:21,582165059,BUY,0.01,0.0,4421.52,4448.95,-5.46
2026-09-07 08:24,582165701,BUY,0.01,0.0,4421.2,4448.95,-3.99
2026-09-07 08:28,582166355,BUY,0.01,0.0,4421.81,4448.95,-4.07
2026-09-07 08:30,582167333,BUY,0.01,0.0,4413.62,4448.95,-8.65
2026-09-07 08:32,582168401,BUY,0.01,0.0,4416.35,4448.95,-3.79
2026-09-07 08:35,582169337,BUY,0.01,0.0,4415.38,4448.95,-3.9
2026-09-07 08:37,582169675,BUY,0.01,0.0,4415.5,4448.95,-3.25
2026-09-07 08:39,582170121,BUY,0.01,0.0,4415.18,4448.95,-6.98
2026-09-07 08:45,582172072,BUY,0.01,0.0,4411.6,4448.95,-14.43
2026-09-07 08:52,582173917,BUY,0.01,0.0,4418.97,4448.95,-6.08
2026-09-07 10:03,582204709,BUY,0.01,0.0,4401.32,4448.95,-4.65
2026-09-07 10:11,582206670,BUY,0.01,0.0,4399.94,4448.95,-5.09
2026-09-07 10:15,582207555,BUY,0.01,0.0,4392.36,4448.95,-11.84
2026-09-07 10:16,582207727,BUY,0.01,0.0,4400.74,4448.95,-3.59
2026-09-07 10:18,582208176,BUY,0.01,0.0,4401.17,4448.95,-5.02
2026-09-07 10:24,582209825,BUY,0.01,0.0,4404.37,4448.95,-4.66
2026-09-07 10:27,582210744,BUY,0.01,0.0,4405.74,4448.95,-2.77
2026-09-07 10:30,582211661,BUY,0.01,0.0,4389.1,4448.95,-19.73
2026-09-07 10:32,582213336,BUY,0.01,0.0,4404.45,4448.95,-8.37
2026-09-07 10:34,582213875,BUY,0.01,0.0,4408.01,4448.95,-5.88
2026-09-07 10:38,582215529,BUY,0.01,0.0,4409.63,4448.95,-8.39
2026-09-07 10:40,582216537,BUY,0.01,0.0,4399.18,4448.95,-19.19
2026-09-07 10:47,582218866,BUY,0.01,0.0,4410.5,4448.95,-6.07
2026-09-07 10:51,582221042,BUY,0.01,0.0,4412.29,4448.95,-4.98
2026-09-07 10:53,582221424,BUY,0.01,0.0,4411.48,4448.95,-4.4
2026-09-07 11:00,582223470,BUY,0.01,0.0,4404.42,4448.95,-4.3
2026-09-07 11:00,582223479,BUY,0.01,0.0,4387.05,4448.95,-21.6
2026-09-08 07:42,582223487,SELL,0.01,4423.97,4438.4,4400.62,-14.43
2026-09-07 11:02,582224040,BUY,0.01,0.0,4404.55,4448.95,-3.2
2026-09-07 11:04,582224441,BUY,0.01,0.0,4404.64,4448.95,-4.02
2026-09-07 11:10,582226904,BUY,0.01,0.0,4402.59,4448.95,-3.98
2026-09-07 11:12,582227390,BUY,0.01,0.0,4403.02,4448.95,-4.49
2026-09-07 11:15,582228333,BUY,0.01,0.0,4398.94,4448.95,-8.88
2026-09-07 11:16,582228558,BUY,0.01,0.0,4404.5,4448.95,-2.65
2026-09-07 11:20,582229715,BUY,0.01,0.0,4402.45,4448.95,-4.59
2026-09-07 11:22,582230576,BUY,0.01,0.0,4404.02,4448.95,-5.8100000000000005
2026-09-07 11:25,582231808,BUY,0.01,0.0,4398.1,4448.95,-11.23
2026-09-07 11:27,582232357,BUY,0.01,0.0,4405.72,4448.95,-4.01
2026-09-07 11:33,582234083,BUY,0.01,0.0,4404.05,4448.95,-4.66
2026-09-07 11:36,582234582,BUY,0.01,0.0,4405.22,4448.95,-2.64
2026-09-07 11:40,582235545,BUY,0.01,0.0,4403.11,4448.95,-2.48
2026-09-07 11:46,582238002,BUY,0.01,0.0,4399.83,4448.95,-2.96
2026-09-07 11:50,582239062,BUY,0.01,0.0,4395.88,4448.95,-7.71
2026-09-07 11:53,582239543,BUY,0.01,0.0,4400.54,4448.95,-2.19
2026-09-07 11:55,582240064,BUY,0.01,0.0,4399.44,4448.95,-3.11
2026-09-07 11:58,582240679,BUY,0.01,0.0,4400.09,4448.95,-2.86
2026-09-07 12:04,582242541,BUY,0.01,0.0,4400.42,4448.95,-2.54
2026-09-07 12:06,582243150,BUY,0.01,0.0,4399.38,4448.95,-3.89
2026-09-07 12:09,582243947,BUY,0.01,0.0,4400.03,4448.95,-3.96
2026-09-07 12:10,582244247,BUY,0.01,0.0,4396.49,4448.95,-8.72
2026-09-07 12:13,582245235,BUY,0.01,0.0,4402.67,4448.95,-4.01
2026-09-07 12:16,582245694,BUY,0.01,0.0,4403.51,4448.95,-2.27
2026-09-07 12:20,582247206,BUY,0.01,0.0,4401.18,4448.95,-2.04
2026-09-07 13:02,582258143,BUY,0.01,0.0,4395.83,4448.95,-4.41
2026-09-07 13:05,582259367,BUY,0.01,0.0,4395.86,4448.95,-6.39
2026-09-07 13:05,582259373,BUY,0.01,0.0,4390.77,4448.95,-11.46
2026-09-07 13:11,582261655,BUY,0.01,0.0,4398.13,4448.95,-2.98
2026-09-07 13:13,582262409,BUY,0.01,0.0,4395.87,4448.95,-4.1
2026-09-07 13:23,582265480,BUY,0.01,0.0,4400.45,4448.95,-2.96
2026-09-07 13:32,582270499,BUY,0.01,0.0,4403.11,4448.95,-7.6
2026-09-07 13:35,582272467,BUY,0.01,0.0,4401.45,4448.95,-7.05
2026-09-07 13:43,582275256,BUY,0.01,0.0,4397.27,4448.95,-6.99
2026-09-07 13:49,582276803,BUY,0.01,0.0,4399.06,4448.95,-3.61
2026-09-07 13:50,582276957,BUY,0.01,0.0,4395.24,4448.95,-7.85
2026-09-07 13:53,582278807,BUY,0.01,0.0,4394.65,4448.95,-3.55
2026-09-07 13:56,582280187,BUY,0.01,0.0,4392.15,4448.95,-4.19
2026-09-07 14:30,582298057,BUY,0.01,0.0,4390.69,4413.28,18.66
2026-09-07 14:32,582298783,BUY,0.01,0.0,4390.84,4413.28,18.86
2026-09-07 14:40,582301545,BUY,0.01,0.0,4391.47,4413.28,-5.8100000000000005
2026-09-07 14:46,582303349,BUY,0.01,0.0,4393.61,4413.28,-3.83
2026-09-07 14:48,582304101,BUY,0.01,0.0,4393.57,4413.28,-4.42
2026-09-07 14:51,582304992,BUY,0.01,0.0,4393.68,4413.28,-3.32
2026-09-07 14:53,582305808,BUY,0.01,0.0,4393.54,4413.28,-3.57
2026-09-07 14:57,582307755,BUY,0.01,0.0,4391.07,4413.28,19.58
2026-09-07 15:00,582309537,BUY,0.01,0.0,4388.91,4413.28,19.77
2026-09-07 15:03,582311053,BUY,0.01,0.0,4389.07,4413.28,16.81
2026-09-07 15:05,582312391,BUY,0.01,0.0,4383.29,4413.28,12.41
2026-09-07 15:08,582313834,BUY,0.01,0.0,4395.65,4413.28,-5.89
2026-09-07 15:10,582314723,BUY,0.01,0.0,4394.48,4413.28,-6.17
2026-09-07 15:14,582316408,BUY,0.01,0.0,4391.72,4413.28,12.7
2026-09-07 15:15,582317043,BUY,0.01,0.0,4379.47,4413.28,10.88
2026-09-07 15:18,582318097,BUY,0.01,0.0,4394.42,4413.28,-4.42
2026-09-07 15:20,582319183,BUY,0.01,0.0,4388.17,4413.28,15.14
2026-09-07 15:21,582319644,BUY,0.01,0.0,4393.76,4413.28,-6.65
2026-09-07 15:25,582320798,BUY,0.01,0.0,4392.86,4413.28,-5.44
2026-09-07 15:31,582322382,BUY,0.01,0.0,4392.02,4413.28,16.73
2026-09-07 15:35,582324126,BUY,0.01,0.0,4390.56,4413.28,17.69
2026-09-07 15:40,582325915,BUY,0.01,0.0,4386.47,4413.28,17.28
2026-09-07 15:41,582326262,BUY,0.01,0.0,4392.01,4413.28,17.37
2026-09-07 15:44,582327472,BUY,0.01,0.0,4389.39,4413.28,19.13
2026-09-07 15:50,582329752,BUY,0.01,0.0,4393.28,4413.28,13.98
2026-09-07 15:50,582329759,BUY,0.01,0.0,4385.33,4413.28,14.07
2026-09-07 15:53,582331020,BUY,0.01,0.0,4395.06,4413.28,11.64
2026-09-07 15:56,582332984,BUY,0.01,0.0,4395.36,4413.28,8.13
2026-09-07 15:59,582335017,BUY,0.01,0.0,4398.25,4413.28,8.05
2026-09-07 16:00,582335620,BUY,0.01,0.0,4379.44,4413.28,7.59
2026-09-07 16:07,582340579,BUY,0.01,0.0,4407.02,4448.95,-5.07
2026-09-07 16:09,582341346,BUY,0.01,0.0,4404.99,4413.28,1.37
2026-09-07 16:11,582342105,BUY,0.01,0.0,4406.77,4448.95,-7.39
2026-09-07 16:27,582351445,BUY,0.01,0.0,4413.58,4448.95,-3.62
2026-09-07 16:34,582356038,BUY,0.01,0.0,4417.26,4448.95,-4.6899999999999995
2026-09-07 16:35,582356494,BUY,0.01,0.0,4408.37,4448.95,-12.86
2026-09-07 16:43,582361297,BUY,0.01,0.0,4410.27,4448.95,-5.36
2026-09-07 16:47,582363830,BUY,0.01,0.0,4410.73,4448.95,-3.93
2026-09-07 16:49,582364596,BUY,0.01,0.0,4410.77,4448.95,-4.03
2026-09-07 16:55,582366853,BUY,0.01,0.0,4408.24,4413.28,1.58
2026-09-07 17:00,582368200,BUY,0.01,0.0,4407.7,4413.28,1.92
2026-09-07 17:04,582369290,BUY,0.01,0.0,4409.34,4413.28,0.47
2026-09-07 17:05,582369504,BUY,0.01,0.0,4402.28,4448.95,-10.02
2026-09-07 17:06,582369747,BUY,0.01,0.0,4409.63,4413.28,1.17
2026-09-07 17:08,582370193,BUY,0.01,0.0,4409.32,4413.28,0.81
2026-09-07 17:10,582370711,BUY,0.01,0.0,4409.46,4413.28,0.49
2026-09-07 17:15,582372117,BUY,0.01,0.0,4408.65,4413.28,-2.59
2026-09-07 17:15,582372127,BUY,0.01,0.0,4396.84,4448.95,-14.37
2026-09-07 17:21,582374902,BUY,0.01,0.0,4404.75,4413.28,-3.19
2026-09-07 17:23,582375578,BUY,0.01,0.0,4405.71,4413.28,-3.1
2026-09-07 17:25,582376370,BUY,0.01,0.0,4406.13,4413.28,-2.57
2026-09-07 17:25,582376372,BUY,0.01,0.0,4401.17,4413.28,-7.62
2026-09-07 17:28,582377328,BUY,0.01,0.0,4406.81,4413.28,-2.46
2026-09-07 17:32,582379540,BUY,0.01,0.0,4401.6,4413.28,-2.79
2026-09-07 17:34,582380188,BUY,0.01,0.0,4401.99,4413.28,-3.48
2026-09-07 17:37,582381080,BUY,0.01,0.0,4402.36,4413.28,-4.01
2026-09-07 17:40,582382085,BUY,0.01,0.0,4398.57,4413.28,-10.44
2026-09-07 17:44,582382930,BUY,0.01,0.0,4406.45,4413.28,-2.92
2026-09-07 17:48,582383703,BUY,0.01,0.0,4407.42,4413.28,-2.54
2026-09-07 17:52,582384791,BUY,0.01,0.0,4407.77,4413.28,-2.39
2026-09-07 17:56,582386015,BUY,0.01,0.0,4405.82,4413.28,-2.38
2026-09-07 18:00,582387660,BUY,0.01,0.0,4392.23,4413.28,-13.55
2026-09-07 18:06,582388782,BUY,0.01,0.0,4403.1,4413.28,-2.17
2026-09-07 18:09,582390017,BUY,0.01,0.0,4401.18,4413.28,-2.26
2026-09-07 18:16,582391596,BUY,0.01,0.0,4400.74,4413.28,-2.49
2026-09-07 18:18,582392027,BUY,0.01,0.0,4400.93,4413.28,-2.89
2026-09-07 18:20,582392418,BUY,0.01,0.0,4398.13,4413.28,-6.25
2026-09-07 18:26,582396226,BUY,0.01,0.0,4396.06,4413.28,-2.66
2026-09-07 18:39,582402337,BUY,0.01,0.0,4389.9,4413.28,-2.86
2026-09-07 18:41,582403375,BUY,0.01,0.0,4390.66,4413.28,-3.71
2026-09-07 18:45,582404863,BUY,0.01,0.0,4387.11,4413.28,-11.63
2026-09-07 18:50,582406813,BUY,0.01,0.0,4392.09,4413.28,-2.85
2026-09-07 18:52,582407584,BUY,0.01,0.0,4390.97,4413.28,-2.99
2026-09-07 18:58,582413081,BUY,0.01,0.0,4385.0,4413.28,-6.48
2026-09-07 19:01,582414107,BUY,0.01,0.0,4387.67,4413.28,-2.79
2026-09-07 19:03,582414731,BUY,0.01,0.0,4385.71,4413.28,-5.28
2026-09-07 19:12,582417549,BUY,0.01,0.0,4387.77,4413.28,-4.99
2026-09-07 19:17,582418848,BUY,0.01,0.0,4390.1,4413.28,-3.55
2026-09-07 19:20,582419508,BUY,0.01,0.0,4389.68,4413.28,-3.3
2026-09-07 19:20,582419510,BUY,0.01,0.0,4384.75,4413.28,-8.27
2026-09-07 19:25,582422137,BUY,0.01,0.0,4386.3,4413.28,-3.63
2026-09-07 19:52,582433002,BUY,0.01,0.0,4388.3,4413.28,-3.63
2026-09-07 20:01,582436821,BUY,0.01,0.0,4382.94,4413.28,24.55
2026-09-07 20:05,582438101,BUY,0.01,0.0,4378.19,4413.28,26.47
2026-09-07 20:06,582438293,BUY,0.01,0.0,4383.42,4413.28,24.76
2026-09-07 20:11,582440529,BUY,0.01,0.0,4386.98,4413.28,20.46
2026-09-07 20:14,582441239,BUY,0.01,0.0,4388.33,4413.28,21.19
2026-09-07 20:16,582441967,BUY,0.01,0.0,4388.37,4413.28,21.96
2026-09-07 20:22,582444258,BUY,0.01,0.0,4388.24,4413.28,20.72
2026-09-07 20:29,582446772,BUY,0.01,0.0,4391.06,4413.28,19.15
2026-09-07 20:30,582447096,BUY,0.01,0.0,4383.74,4413.28,18.02
2026-09-07 20:38,582450158,BUY,0.01,0.0,4390.82,4413.28,18.67
2026-09-07 20:45,582453485,BUY,0.01,0.0,4393.41,4413.28,16.26
2026-09-07 20:45,582453489,BUY,0.01,0.0,4387.04,4413.28,16.26
2026-09-07 20:50,582455131,BUY,0.01,0.0,4394.15,4413.28,16.12
2026-09-07 20:57,582457623,BUY,0.01,0.0,4392.51,4413.28,18.45
2026-09-07 21:05,582462270,BUY,0.01,0.0,4393.29,4413.28,12.86
2026-09-07 21:05,582462276,BUY,0.01,0.0,4389.46,4413.28,12.77
2026-09-07 21:09,582464852,BUY,0.01,0.0,4396.37,4413.28,12.69
2026-09-07 21:14,582467170,BUY,0.01,0.0,4397.68,4413.28,9.37
2026-09-07 21:17,582468869,BUY,0.01,0.0,4398.65,4413.28,11.5
2026-09-07 21:19,582469335,BUY,0.01,0.0,4398.81,4413.28,10.24
2026-09-07 21:21,582469885,BUY,0.01,0.0,4398.86,4413.28,9.1
2026-09-07 21:24,582471088,BUY,0.01,0.0,4400.68,4413.28,9.75
2026-09-07 21:26,582471553,BUY,0.01,0.0,4400.38,4413.28,8.47
2026-09-07 21:31,582473168,BUY,0.01,0.0,4400.69,4413.28,7.8100000000000005
2026-09-07 21:39,582477989,BUY,0.01,0.0,4400.55,4413.28,10.34
2026-09-07 21:42,582479421,BUY,0.01,0.0,4399.77,4413.28,10.03
2026-09-07 21:45,582480633,BUY,0.01,0.0,4400.19,4413.28,8.64
2026-09-07 21:50,582483727,BUY,0.01,0.0,4396.92,4413.28,9.57
2026-09-07 21:52,582484287,BUY,0.01,0.0,4400.9,4413.28,10.16
2026-09-07 21:54,582484814,BUY,0.01,0.0,4400.41,4413.28,9.38
2026-09-07 22:00,582488802,BUY,0.01,0.0,4399.29,4413.28,10.95
2026-09-07 22:07,582495291,BUY,0.01,0.0,4403.24,4413.28,5.59
2026-09-07 22:13,582497744,BUY,0.01,0.0,4404.39,4413.28,4.8100000000000005
2026-09-07 22:17,582500192,BUY,0.01,0.0,4404.92,4413.28,-3.98
2026-09-07 22:20,582502034,BUY,0.01,0.0,4405.4,4413.28,-2.58
2026-09-07 22:23,582502908,BUY,0.01,0.0,4404.77,4413.28,-3.12
2026-09-07 22:26,582504154,BUY,0.01,0.0,4403.25,4413.28,4.68
2026-09-07 22:30,582505323,BUY,0.01,0.0,4400.13,4413.28,6.31
2026-09-07 22:30,582505328,BUY,0.01,0.0,4391.74,4413.28,6.41
2026-09-07 22:32,582505844,BUY,0.01,0.0,4403.79,4413.28,6.63
2026-09-07 22:34,582506266,BUY,0.01,0.0,4403.96,4413.28,6.74
2026-09-07 22:38,582507454,BUY,0.01,0.0,4402.73,4413.28,6.63
2026-09-07 22:41,582508411,BUY,0.01,0.0,4402.68,4413.28,7.35
2026-09-07 22:43,582509326,BUY,0.01,0.0,4403.16,4413.28,4.51
2026-09-07 22:45,582511228,BUY,0.01,0.0,4399.39,4413.28,1.2
2026-09-07 22:53,582517183,BUY,0.01,0.0,4408.73,4448.95,-6.99
2026-09-07 22:58,582519742,BUY,0.01,0.0,4412.72,4448.95,-3.8
2026-09-07 23:00,582520402,BUY,0.01,0.0,4412.44,4448.95,-3.99
2026-09-07 23:09,582524819,BUY,0.01,0.0,4407.09,4413.28,1.97
2026-09-07 23:13,582527226,BUY,0.01,0.0,4409.18,4413.28,-0.12
2026-09-07 23:16,582528030,BUY,0.01,0.0,4410.23,4448.95,-4.79
2026-09-07 23:21,582529497,BUY,0.01,0.0,4411.34,4448.95,-3.3
2026-09-07 23:26,582530664,BUY,0.01,0.0,4411.34,4448.95,-2.7800000000000002
2026-09-07 23:28,582531626,BUY,0.01,0.0,4409.67,4413.28,0.7
2026-09-07 23:30,582532333,BUY,0.01,0.0,4400.03,4448.95,-13.22
2026-09-07 23:35,582534716,BUY,0.01,0.0,4409.49,4413.28,-0.14
2026-09-07 23:44,582537471,BUY,0.01,0.0,4407.1,4413.28,2.69
2026-09-07 23:50,582538715,BUY,0.01,0.0,4403.1,4413.28,0.43
2026-09-07 23:55,582539677,BUY,0.01,0.0,4410.63,4413.28,-0.11
2026-09-08 00:00,582540798,BUY,0.01,0.0,4400.04,4448.95,-14.72
2026-09-08 00:05,582541431,BUY,0.01,0.0,4411.67,4448.95,-2.51
2026-09-08 00:21,582544572,BUY,0.01,0.0,4411.21,4448.95,-2.61
2026-09-08 00:24,582544781,BUY,0.01,0.0,4411.9,4448.95,-1.88
2026-09-08 00:25,582544950,BUY,0.01,0.0,4409.27,4448.95,-4.21
2026-09-08 00:26,582545423,BUY,0.01,0.0,4411.95,4448.95,-1.73
2026-09-08 00:30,582546164,BUY,0.01,0.0,4395.99,4448.95,-17.77
2026-09-08 00:33,582546739,BUY,0.01,0.0,4412.38,4448.95,-1.37
2026-09-08 00:36,582547049,BUY,0.01,0.0,4411.66,4413.28,0.18
2026-09-08 00:38,582547320,BUY,0.01,0.0,4411.18,4413.28,0.6
2026-09-08 00:45,582548148,BUY,0.01,0.0,4412.05,4448.95,-2.22
2026-09-08 00:45,582548151,BUY,0.01,0.0,4408.76,4448.95,-5.55
2026-09-08 00:49,582548821,BUY,0.01,0.0,4411.9,4448.95,-1.67
2026-09-08 00:56,582549292,BUY,0.01,0.0,4412.09,4448.95,-1.41
2026-09-08 00:59,582549547,BUY,0.01,0.0,4412.13,4448.95,-2.1
2026-09-08 01:00,582549802,BUY,0.01,0.0,4404.07,4448.95,-10.76
2026-09-08 01:04,582550273,BUY,0.01,0.0,4412.87,4448.95,-1.01
2026-09-08 01:05,582550319,BUY,0.01,0.0,4410.29,4448.95,-3.59
2026-09-08 01:06,582550513,BUY,0.01,0.0,4412.69,4448.95,-1.49
2026-09-08 01:14,582551277,BUY,0.01,0.0,4411.0,4413.28,1.07
2026-09-08 01:18,582551841,BUY,0.01,0.0,4411.3,4413.28,-0.14
2026-09-08 01:20,582552019,BUY,0.01,0.0,4409.43,4448.95,-4.04
2026-09-08 01:25,582552428,BUY,0.01,0.0,4411.52,4413.28,-1.48
2026-09-08 01:28,582552857,BUY,0.01,0.0,4411.48,4413.28,-0.98
2026-09-08 01:30,582553152,BUY,0.01,0.0,4411.52,4413.28,-1.11
2026-09-08 01:30,582553154,BUY,0.01,0.0,4405.03,4448.95,-7.6
2026-09-08 01:30,582553155,BUY,0.01,0.0,4400.17,4448.95,-12.46
2026-09-08 01:36,582553879,BUY,0.01,0.0,4409.2,4413.28,-1.28
2026-09-08 01:40,582554052,BUY,0.01,0.0,4407.67,4413.28,-2.7800000000000002
2026-09-08 01:41,582554068,BUY,0.01,0.0,4409.38,4413.28,-1.33
2026-09-08 01:55,582555014,BUY,0.01,0.0,4408.16,4413.28,-1.05
2026-09-08 02:08,582555101,SELL,0.01,4408.84,4413.28,4401.66,-4.43
2026-09-08 01:58,582555368,BUY,0.01,0.0,4406.41,4413.28,-2.34
2026-09-08 02:11,582557333,BUY,0.01,0.0,4405.94,4413.28,-1.95
2026-09-08 06:10,582560602,BUY,0.01,0.0,4409.7,4413.28,0.34
2026-09-08 06:16,582560873,BUY,0.01,0.0,4410.48,4448.95,-2.45
2026-09-08 06:18,582560907,BUY,0.01,0.0,4410.7,4448.95,-2.07
2026-09-08 06:20,582560955,BUY,0.01,0.0,4411.35,4413.28,-1.9300000000000002
2026-09-08 06:27,582561284,BUY,0.01,0.0,4408.96,4413.28,-1.23
2026-09-08 06:30,582561576,BUY,0.01,0.0,4408.87,4413.28,-0.74
2026-09-08 06:33,582561671,BUY,0.01,0.0,4407.78,4413.28,-1.18
2026-09-08 06:37,582561898,BUY,0.01,0.0,4407.65,4413.28,-2.13
2026-09-08 06:41,582562138,BUY,0.01,0.0,4407.53,4413.28,-1.9300000000000002
2026-09-08 06:45,582562353,BUY,0.01,0.0,4406.86,4413.28,-1.52
2026-09-08 06:50,582562774,BUY,0.01,0.0,4405.1,4413.28,6.51
2026-09-08 06:55,582562876,BUY,0.01,0.0,4402.81,4413.28,5.14
2026-09-08 06:59,582563018,BUY,0.01,0.0,4406.44,4413.28,5.65
2026-09-08 15:42,582563056,BUY,0.01,4391.66,4381.11,4408.73,17.08
2026-09-08 07:37,582563060,SELL,0.01,4422.13,4435.24,4400.92,-12.96
2026-09-08 07:09,582563648,BUY,0.01,0.0,4409.79,4413.44,-1.74
2026-09-08 07:11,582563768,BUY,0.01,0.0,4409.06,4413.44,2.68
2026-09-08 07:15,582564208,BUY,0.01,0.0,4401.26,4413.28,2.25
2026-09-08 07:18,582564626,BUY,0.01,0.0,4407.56,4413.44,3.36
2026-09-08 07:20,582564794,BUY,0.01,0.0,4407.63,4413.44,2.98
2026-09-08 07:25,582565711,BUY,0.01,0.0,4406.32,4413.44,2.83
2026-09-08 07:27,582566083,BUY,0.01,0.0,4407.39,4413.44,0.78
2026-09-08 07:30,582566206,BUY,0.01,0.0,4396.46,4413.28,2.17
2026-09-08 07:31,582566242,BUY,0.01,0.0,4407.98,4413.44,2.0
2026-09-08 07:39,582569900,BUY,0.01,0.0,4414.49,4448.95,-5.85
2026-09-08 07:49,582573941,BUY,0.01,0.0,4419.21,4448.95,-5.13
2026-09-08 07:51,582574231,BUY,0.01,0.0,4420.28,4448.95,-5.92
2026-09-08 07:57,582575849,BUY,0.01,0.0,4416.92,4448.95,-4.8100000000000005
2026-09-08 08:00,582576684,BUY,0.01,0.0,4417.41,4448.95,-6.5600000000000005
2026-09-08 08:03,582577950,BUY,0.01,0.0,4414.91,4448.95,-5.49
2026-09-08 08:08,582579573,BUY,0.01,0.0,4413.16,4448.95,-7.12
2026-09-08 08:12,582580207,BUY,0.01,0.0,4413.47,4448.95,-5.62
2026-09-08 08:16,582581416,BUY,0.01,0.0,4411.79,4448.95,-7.18
2026-09-08 08:20,582584065,BUY,0.01,0.0,4407.3,4448.95,-18.1
2026-09-08 08:22,582584829,BUY,0.01,0.0,4420.41,4448.95,-6.6899999999999995
2026-09-08 08:26,582585944,BUY,0.01,0.0,4414.28,4448.95,-8.01
2026-09-08 08:29,582586587,BUY,0.01,0.0,4412.68,4448.95,-8.61
2026-09-08 08:30,582586965,BUY,0.01,0.0,4405.91,4448.95,-15.46
2026-09-08 08:33,582588035,BUY,0.01,0.0,4416.41,4448.95,-7.75
2026-09-08 08:35,582588402,BUY,0.01,0.0,4408.47,4448.95,-16.82
2026-09-08 08:36,582588516,BUY,0.01,0.0,4418.81,4448.95,-6.2
2026-09-08 08:41,582589517,BUY,0.01,0.0,4417.36,4448.95,-8.89
2026-09-08 08:45,582590489,BUY,0.01,0.0,4415.1,4448.95,-6.02
2026-09-08 08:50,582591536,BUY,0.01,0.0,4413.5,4448.95,-6.25
2026-09-08 08:55,582592731,BUY,0.01,0.0,4411.2,4448.95,-10.03
2026-09-08 08:59,582593600,BUY,0.01,0.0,4418.59,4448.95,-7.36
2026-09-08 09:00,582594080,BUY,0.01,0.0,4405.58,4448.95,-19.93
2026-09-08 09:02,582594920,BUY,0.01,0.0,4417.52,4448.95,-7.62
2026-09-08 09:06,582596630,BUY,0.01,0.0,4411.46,4448.95,-9.54
2026-09-08 09:09,582597308,BUY,0.01,0.0,4412.63,4448.95,-7.24
2026-09-08 09:10,582597476,BUY,0.01,0.0,4406.69,4448.95,-15.62
2026-09-08 09:11,582597615,BUY,0.01,0.0,4413.96,4448.95,-9.53
2026-09-08 09:15,582599168,BUY,0.01,0.0,4403.51,4448.95,-26.2
2026-09-08 09:19,582600515,BUY,0.01,0.0,4422.72,4448.95,-7.97
2026-09-08 09:21,582600966,BUY,0.01,0.0,4423.81,4448.95,-5.92
2026-09-08 09:24,582602050,BUY,0.01,0.0,4424.84,4448.95,-9.79
2026-09-08 09:30,582603679,BUY,0.01,0.0,4428.66,4448.95,-5.99
2026-09-08 09:36,582605484,BUY,0.01,0.0,4428.38,4448.95,-4.26
2026-09-08 09:39,582606019,BUY,0.01,0.0,4428.37,4448.95,-3.1
2026-09-08 09:43,582607342,BUY,0.01,0.0,4429.31,4448.95,-4.03
2026-09-08 09:45,582607974,BUY,0.01,0.0,4421.95,4448.95,-12.39
2026-09-08 09:46,582608562,BUY,0.01,0.0,4429.69,4448.95,-7.41
2026-09-08 09:54,582611796,BUY,0.01,0.0,4432.57,4448.95,-6.75
2026-09-08 10:00,582613617,BUY,0.01,0.0,4433.32,4448.95,-4.33
2026-09-08 10:05,582615491,BUY,0.01,0.0,4429.37,4448.95,-4.57
2026-09-08 10:13,582618407,BUY,0.01,0.0,4423.1,4448.95,-6.97
2026-09-08 10:18,582620026,BUY,0.01,0.0,4422.86,4448.95,-4.39
2026-09-08 10:25,582622033,BUY,0.01,0.0,4424.1,4448.95,-4.52
2026-09-08 10:30,582623307,BUY,0.01,0.0,4422.3,4448.95,-2.87
2026-09-08 10:33,582624195,BUY,0.01,0.0,4420.39,4448.95,-3.75
2026-09-08 10:39,582625898,BUY,0.01,0.0,4418.96,4448.95,-4.23
2026-09-08 10:45,582627656,BUY,0.01,0.0,4415.18,4448.95,-11.58
2026-09-08 10:49,582629321,BUY,0.01,0.0,4420.19,4448.95,-4.75
2026-09-08 10:51,582629786,BUY,0.01,0.0,4419.68,4448.95,-5.35
2026-09-08 10:55,582630797,BUY,0.01,0.0,4418.16,4448.95,-5.26
2026-09-08 10:59,582632085,BUY,0.01,0.0,4420.03,4448.95,-4.21
2026-09-08 11:00,582632446,BUY,0.01,0.0,4414.93,4448.95,-9.34
2026-09-08 11:03,582633143,BUY,0.01,0.0,4420.18,4448.95,-4.61
2026-09-08 11:06,582633660,BUY,0.01,0.0,4422.08,4448.95,-4.12
2026-09-08 11:08,582633884,BUY,0.01,0.0,4422.81,4448.95,-3.99
2026-09-08 11:13,582635350,BUY,0.01,0.0,4427.03,4448.95,-3.54
2026-09-08 11:15,582635627,BUY,0.01,0.0,4426.12,4448.95,-3.4
2026-09-08 11:15,582635629,BUY,0.01,0.0,4407.6,4448.95,-22.13
2026-09-08 11:18,582636027,BUY,0.01,0.0,4426.38,4448.95,-4.58
2026-09-08 11:24,582640108,BUY,0.01,0.0,4431.2,4448.95,-7.85
2026-09-08 11:30,582642277,BUY,0.01,0.0,4427.25,4448.95,-5.17
2026-09-08 11:30,582642298,BUY,0.01,0.0,4405.9,4448.95,-26.34
2026-09-08 11:35,582644354,BUY,0.01,0.0,4427.62,4448.95,-4.17
2026-09-08 11:37,582644909,BUY,0.01,0.0,4428.22,4448.95,-3.8
2026-09-08 11:40,582645541,BUY,0.01,0.0,4428.49,4448.95,-2.7
2026-09-08 11:45,582646469,BUY,0.01,0.0,4424.28,4448.95,-8.6
2026-09-08 11:46,582646804,BUY,0.01,0.0,4430.6,4448.95,-3.58
2026-09-08 11:54,582649303,BUY,0.01,0.0,4433.01,4448.95,-2.7800000000000002
2026-09-08 11:56,582649679,BUY,0.01,0.0,4433.37,4448.95,-3.33
2026-09-08 11:58,582649871,BUY,0.01,0.0,4433.98,4448.95,-3.32
2026-09-08 12:11,582654321,BUY,0.01,0.0,4436.5,4448.95,-4.82
2026-09-08 12:15,582655015,BUY,0.01,0.0,4436.59,4448.95,-2.94
2026-09-08 12:17,582655433,BUY,0.01,0.0,4435.97,4448.95,-4.03
2026-09-08 12:26,582657935,BUY,0.01,0.0,4430.74,4448.95,-2.67
2026-09-08 12:29,582658456,BUY,0.01,0.0,4429.64,4448.95,-2.71
2026-09-08 12:31,582658769,BUY,0.01,0.0,4429.86,4448.95,-3.31
2026-09-08 12:34,582659132,BUY,0.01,0.0,4430.42,4448.95,-3.26
2026-09-08 12:35,582659381,BUY,0.01,0.0,4426.24,4448.95,-7.84
2026-09-08 12:41,582660685,BUY,0.01,0.0,4431.52,4448.95,-3.61
2026-09-08 12:44,582661305,BUY,0.01,0.0,4433.01,4448.95,-3.04
2026-09-08 12:49,582662253,BUY,0.01,0.0,4432.99,4448.95,-2.2800000000000002
2026-09-08 12:51,582662506,BUY,0.01,0.0,4432.79,4448.95,-2.2800000000000002
2026-09-08 12:55,582662868,BUY,0.01,0.0,4432.86,4448.95,-2.44
2026-09-08 12:57,582663100,BUY,0.01,0.0,4432.71,4448.95,-2.32
2026-09-08 13:05,582665372,BUY,0.01,0.0,4429.43,4448.95,-4.64
2026-09-08 13:11,582667400,BUY,0.01,0.0,4427.44,4448.95,-2.99
2026-09-08 13:14,582668668,BUY,0.01,0.0,4425.32,4448.95,-3.11
2026-09-08 13:17,582669463,BUY,0.01,0.0,4424.11,4448.95,-4.15
2026-09-08 13:32,582676854,BUY,0.01,0.0,4414.85,4448.95,-5.58
2026-09-08 13:35,582678366,BUY,0.01,0.0,4416.14,4448.95,-6.49
2026-09-08 13:40,582680741,BUY,0.01,0.0,4412.28,4448.95,-14.53
2026-09-08 13:46,582683044,BUY,0.01,0.0,4422.25,4448.95,-6.68
2026-09-08 13:52,582685466,BUY,0.01,0.0,4419.0,4448.95,-3.81
2026-09-08 13:58,582689227,BUY,0.01,0.0,4413.96,4448.95,-5.86
2026-09-08 21:00,582726579,SELL,0.01,4412.22,4413.44,4410.25,1.97
2026-09-08 15:02,582727736,BUY,0.01,0.0,4399.76,4413.28,-6.55
2026-09-08 15:10,582730948,BUY,0.01,0.0,4403.98,4413.28,-3.2
2026-09-08 15:10,582730956,BUY,0.01,0.0,4394.84,4413.28,-12.47
2026-09-08 15:18,582733639,BUY,0.01,0.0,4398.95,4413.28,-2.9
2026-09-08 15:21,582734826,BUY,0.01,0.0,4398.58,4413.28,-5.64
2026-09-08 15:25,582736499,BUY,0.01,0.0,4397.79,4413.28,-4.82
2026-09-08 15:27,582737062,BUY,0.01,0.0,4398.33,4413.28,-3.87
2026-09-08 15:30,582738334,BUY,0.01,0.0,4394.0,4413.28,-7.9399999999999995
2026-09-08 15:31,582738638,BUY,0.01,0.0,4398.99,4413.28,-3.67
2026-09-08 16:32,582766424,BUY,0.01,0.0,4390.54,4413.28,-5.08
2026-09-08 16:39,582769343,BUY,0.01,0.0,4391.13,4413.28,-4.96
2026-09-08 16:40,582769582,BUY,0.01,0.0,4385.87,4413.28,-10.31
2026-09-08 16:47,582773206,BUY,0.01,0.0,4387.7,4413.28,-8.62
2026-09-08 16:51,582775689,BUY,0.01,0.0,4387.65,4413.28,-5.65
2026-09-08 16:54,582776607,BUY,0.01,0.0,4388.34,4413.28,-4.16
2026-09-08 16:55,582776884,BUY,0.01,0.0,4384.26,4413.28,-8.75
2026-09-08 16:57,582777234,BUY,0.01,0.0,4388.24,4413.28,-5.77
2026-09-08 17:02,582778620,BUY,0.01,0.0,4388.72,4413.28,-4.6899999999999995
2026-09-08 17:04,582779800,BUY,0.01,0.0,4390.19,4413.28,-4.87
2026-09-08 17:09,582781854,BUY,0.01,0.0,4392.33,4413.28,-3.18
2026-09-08 17:10,582782167,BUY,0.01,0.0,4384.65,4413.28,-10.78
2026-09-08 17:11,582782389,BUY,0.01,0.0,4392.46,4413.28,-3.84
2026-09-08 17:15,582783764,BUY,0.01,0.0,4393.99,4413.28,-3.54
2026-09-08 17:15,582783773,BUY,0.01,0.0,4378.14,4413.28,-19.28
2026-09-08 17:23,582787373,BUY,0.01,0.0,4392.74,4413.28,-3.37
2026-09-08 17:25,582788193,BUY,0.01,0.0,4391.78,4413.28,-2.92
2026-09-08 17:29,582789844,BUY,0.01,0.0,4390.98,4413.28,-2.25
2026-09-08 17:32,582791379,BUY,0.01,0.0,4388.11,4413.28,-7.74
2026-09-08 17:35,582792578,BUY,0.01,0.0,4392.06,4413.28,-4.19
2026-09-08 17:40,582793408,BUY,0.01,0.0,4384.78,4413.28,-12.55
2026-09-08 17:41,582794818,BUY,0.01,0.0,4393.22,4413.28,-6.23
2026-09-08 17:46,582798105,BUY,0.01,0.0,4396.84,4413.28,-5.3
2026-09-08 17:50,582799268,BUY,0.01,0.0,4398.93,4413.28,-4.77
2026-09-08 17:56,582801692,BUY,0.01,0.0,4401.84,4413.28,-2.96
2026-09-08 17:59,582802183,BUY,0.01,0.0,4401.21,4413.28,-3.2800000000000002
2026-09-08 18:00,582802433,BUY,0.01,0.0,4379.15,4413.28,-23.74
2026-09-08 18:07,582805972,BUY,0.01,0.0,4394.83,4405.7,-2.06
2026-09-08 18:09,582806971,BUY,0.01,0.0,4394.03,4405.7,-3.23
2026-09-08 18:14,582810059,BUY,0.01,0.0,4391.43,4405.7,10.09
2026-09-08 18:20,582812837,BUY,0.01,0.0,4395.25,4405.7,7.22
2026-09-08 18:20,582812841,BUY,0.01,0.0,4388.58,4405.7,7.27
2026-09-08 18:22,582815246,BUY,0.01,0.0,4394.38,4405.7,-9.37
2026-09-08 18:26,582816780,BUY,0.01,0.0,4396.68,4405.7,-3.75
2026-09-08 18:28,582817668,BUY,0.01,0.0,4396.52,4405.7,-3.66
2026-09-08 18:30,582818204,BUY,0.01,0.0,4381.68,4405.7,6.31
2026-09-08 18:30,582818207,BUY,0.01,0.0,4373.13,4413.28,-26.19
2026-09-08 18:32,582818600,BUY,0.01,0.0,4395.33,4405.7,-3.51
2026-09-08 18:42,582823559,BUY,0.01,0.0,4392.19,4413.28,-4.08
2026-09-08 18:50,582826141,BUY,0.01,0.0,4388.29,4413.28,-10.97
2026-09-08 18:52,582826630,BUY,0.01,0.0,4396.42,4413.28,-2.58
2026-09-08 18:55,582827535,BUY,0.01,0.0,4394.52,4413.28,-4.74
2026-09-08 18:58,582828527,BUY,0.01,0.0,4395.12,4413.28,-4.9
2026-09-08 19:00,582829358,BUY,0.01,0.0,4381.93,4413.28,-14.24
2026-09-09 21:25,582829372,SELL,0.01,4429.38,4434.06,4421.81,-4.63
2026-09-08 19:02,582830103,BUY,0.01,0.0,4392.27,4406.79,-4.71
2026-09-08 19:06,582831205,BUY,0.01,0.0,4392.8,4406.79,-3.79
2026-09-08 19:10,582833359,BUY,0.01,0.0,4390.4,4406.79,9.73
2026-09-08 19:15,582836699,BUY,0.01,0.0,4388.17,4406.79,11.41
2026-09-08 19:20,582839630,BUY,0.01,0.0,4384.63,4406.79,4.97
2026-09-08 19:23,582840714,BUY,0.01,0.0,4395.1,4406.79,6.93
2026-09-08 19:25,582841307,BUY,0.01,0.0,4396.38,4406.79,5.66
2026-09-08 19:30,582842848,BUY,0.01,0.0,4379.74,4406.79,4.62
2026-09-08 19:32,582843232,BUY,0.01,0.0,4398.91,4406.79,5.36
2026-09-08 19:34,582844329,BUY,0.01,0.0,4398.55,4406.79,1.95
2026-09-08 23:36,583032397,BUY,0.01,0.0,4397.89,4412.94,-1.98
2026-09-08 23:39,583033328,BUY,0.01,0.0,4394.8,4412.94,-5.63
2026-09-08 23:43,583034419,BUY,0.01,0.0,4394.94,4412.94,-3.61
2026-09-08 23:45,583035421,BUY,0.01,0.0,4394.47,4412.94,-6.08
2026-09-08 23:45,583035448,BUY,0.01,0.0,4378.78,4412.94,-21.88
2026-09-08 23:49,583037738,BUY,0.01,0.0,4393.14,4412.94,-3.46
2026-09-08 23:52,583038588,BUY,0.01,0.0,4393.41,4412.94,-5.53
2026-09-08 23:55,583039663,BUY,0.01,0.0,4387.33,4412.94,-10.32
2026-09-08 23:56,583039874,BUY,0.01,0.0,4394.2,4412.94,-4.36
2026-09-09 00:04,583043974,BUY,0.01,0.0,4388.68,4409.34,-3.13
2026-09-09 00:27,583057722,BUY,0.01,0.0,4387.19,4409.34,-5.45
2026-09-09 00:29,583058282,BUY,0.01,0.0,4388.35,4409.34,-5.05
2026-09-09 00:35,583060170,BUY,0.01,0.0,4390.75,4409.34,-4.06
2026-09-09 00:40,583061742,BUY,0.01,0.0,4391.37,4409.34,-3.65
2026-09-09 00:43,583062319,BUY,0.01,0.0,4391.39,4409.34,-4.15
2026-09-09 00:48,583063415,BUY,0.01,0.0,4390.56,4409.34,-2.03
2026-09-09 00:50,583063697,BUY,0.01,0.0,4389.94,4409.34,-4.03
2026-09-09 00:53,583065407,BUY,0.01,0.0,4390.03,4409.34,-3.76
2026-09-09 00:55,583065736,BUY,0.01,0.0,4384.63,4409.34,-9.8
2026-09-09 00:58,583067191,BUY,0.01,0.0,4387.3,4409.34,-8.02
2026-09-09 01:01,583068488,BUY,0.01,0.0,4387.47,4409.34,-8.47
2026-09-09 01:05,583070560,BUY,0.01,0.0,4382.58,4409.34,-20.08
2026-09-09 01:10,583073505,BUY,0.01,0.0,4394.18,4409.34,-4.04
2026-09-09 01:15,583075258,BUY,0.01,0.0,4375.96,4409.34,-20.03
2026-09-09 01:20,583075916,BUY,0.01,0.0,4393.86,4409.34,-1.6800000000000002
2026-09-09 01:20,583075919,BUY,0.01,0.0,4387.76,4409.34,-7.63
2026-09-09 01:24,583076982,BUY,0.01,0.0,4391.15,4409.34,-2.37
2026-09-09 01:28,583078009,BUY,0.01,0.0,4390.06,4409.34,-2.98
2026-09-09 01:33,583079093,BUY,0.01,0.0,4391.38,4409.34,-3.49
2026-09-09 01:39,583080563,BUY,0.01,0.0,4387.38,4409.34,-3.69
2026-09-09 01:43,583082737,BUY,0.01,0.0,4384.28,4409.34,-3.29
2026-09-09 01:48,583084313,BUY,0.01,0.0,4382.91,4409.34,-4.43
2026-09-09 01:51,583084743,BUY,0.01,0.0,4384.97,4409.34,-3.5
2026-09-09 01:53,583085119,BUY,0.01,0.0,4384.79,4409.34,-4.06
2026-09-09 01:55,583085413,BUY,0.01,0.0,4379.15,4409.34,-9.84
2026-09-09 01:57,583085865,BUY,0.01,0.0,4386.0,4409.34,-2.74
2026-09-09 02:15,583089827,BUY,0.01,0.0,4382.76,4403.75,-5.03
2026-09-09 02:17,583090105,BUY,0.01,0.0,4383.41,4403.75,-3.4
2026-09-09 02:20,583090637,BUY,0.01,0.0,4382.37,4403.75,-4.14
2026-09-09 02:20,583090640,BUY,0.01,0.0,4379.29,4403.75,-7.12
2026-09-09 02:23,583090934,BUY,0.01,0.0,4382.71,4403.75,-2.7800000000000002
2026-09-09 13:44,583180916,SELL,0.01,4395.29,4412.94,4366.73,-17.53
2026-09-09 13:37,583180918,SELL,0.01,4391.66,4419.62,4346.42,-27.75
2026-09-09 21:23,583180921,SELL,0.01,4422.13,4435.24,4400.92,21.24
2026-09-09 10:01,583181237,BUY,0.01,0.0,4367.84,4403.75,-4.26
2026-09-09 10:04,583181872,BUY,0.01,0.0,4368.05,4378.13,-4.67
2026-09-09 10:05,583182051,BUY,0.01,0.0,4362.66,4403.75,30.6
2026-09-09 10:08,583183279,BUY,0.01,0.0,4367.48,4378.13,-5.16
2026-09-09 10:10,583184069,BUY,0.01,0.0,4368.71,4378.13,-6.29
2026-09-09 10:13,583184567,BUY,0.01,0.0,4371.05,4378.13,-3.82
2026-09-09 10:15,583185340,BUY,0.01,0.0,4370.1,4378.13,-3.55
2026-09-09 10:15,583185341,BUY,0.01,0.0,4363.45,4378.13,4.48
2026-09-09 10:18,583185814,BUY,0.01,0.0,4370.98,4378.13,-3.7
2026-09-09 10:22,583186958,BUY,0.01,0.0,4371.87,4378.13,-2.34
2026-09-09 10:27,583188386,BUY,0.01,0.0,4369.69,4378.13,-2.87
2026-09-09 10:29,583188621,BUY,0.01,0.0,4370.09,4378.13,-2.94
2026-09-09 10:30,583188703,BUY,0.01,0.0,4358.63,4403.75,30.78
2026-09-09 10:38,583190934,BUY,0.01,0.0,4365.28,4378.13,8.2
2026-09-09 10:41,583191808,BUY,0.01,0.0,4365.63,4378.13,9.33
2026-09-09 10:45,583193187,BUY,0.01,0.0,4367.04,4378.13,3.52
2026-09-09 10:45,583193189,BUY,0.01,0.0,4361.34,4378.13,3.41
2026-09-09 10:50,583196144,BUY,0.01,0.0,4372.04,4378.13,0.56
2026-09-09 10:53,583197754,BUY,0.01,0.0,4372.63,4403.75,-10.21
2026-09-09 10:57,583199813,BUY,0.01,0.0,4376.01,4403.75,-6.74
2026-09-09 11:00,583200738,BUY,0.01,0.0,4376.95,4403.75,-5.74
2026-09-09 11:00,583200752,BUY,0.01,0.0,4354.14,4403.75,20.83
2026-09-09 11:04,583202154,BUY,0.01,0.0,4375.67,4384.45,-4.21
2026-09-09 11:06,583202746,BUY,0.01,0.0,4376.33,4384.45,-3.75
2026-09-09 11:11,583204104,BUY,0.01,0.0,4376.01,4384.45,-3.06
2026-09-09 11:15,583204965,BUY,0.01,0.0,4376.48,4384.45,-2.68
2026-09-09 11:15,583204966,BUY,0.01,0.0,4372.13,4384.45,-7.05
2026-09-09 11:21,583206517,BUY,0.01,0.0,4374.45,4384.45,-3.64
2026-09-09 11:23,583207076,BUY,0.01,0.0,4375.3,4384.45,-3.02
2026-09-09 11:25,583207524,BUY,0.01,0.0,4375.97,4384.45,-3.14
2026-09-09 11:25,583207531,BUY,0.01,0.0,4370.05,4384.45,5.36
2026-09-09 11:29,583208644,BUY,0.01,0.0,4373.79,4384.45,-3.03
2026-09-09 11:30,583208832,BUY,0.01,0.0,4350.75,4403.75,25.64
2026-09-09 11:33,583209605,BUY,0.01,0.0,4373.73,4384.45,-3.21
2026-09-09 11:35,583209941,BUY,0.01,0.0,4373.53,4384.45,-2.93
2026-09-09 11:40,583210943,BUY,0.01,0.0,4375.18,4384.45,-2.8
2026-09-09 11:40,583210945,BUY,0.01,0.0,4369.53,4384.45,6.5
2026-09-09 11:44,583211799,BUY,0.01,0.0,4375.8,4384.45,-3.16
2026-09-09 11:48,583212332,BUY,0.01,0.0,4376.07,4384.45,-2.16
2026-09-09 11:50,583212826,BUY,0.01,0.0,4375.66,4384.45,-2.46
2026-09-09 11:54,583213831,BUY,0.01,0.0,4374.73,4384.45,-2.67
2026-09-09 11:59,583214622,BUY,0.01,0.0,4375.06,4384.45,-1.8900000000000001
2026-09-09 12:02,583215293,BUY,0.01,0.0,4373.23,4384.45,-1.8599999999999999
2026-09-09 12:09,583216733,BUY,0.01,0.0,4370.46,4384.45,11.68
2026-09-09 12:13,583218167,BUY,0.01,0.0,4368.99,4384.45,11.06
2026-09-09 12:20,583219468,BUY,0.01,0.0,4370.77,4384.45,10.66
2026-09-09 12:20,583219469,BUY,0.01,0.0,4366.9,4384.45,10.67
2026-09-09 12:23,583220176,BUY,0.01,0.0,4371.18,4384.45,9.31
2026-09-09 12:28,583221725,BUY,0.01,0.0,4375.18,4384.45,4.61
2026-09-09 12:30,583222480,BUY,0.01,0.0,4360.05,4384.45,4.68
2026-09-09 12:32,583223004,BUY,0.01,0.0,4376.25,4384.45,4.77
2026-09-09 12:36,583223823,BUY,0.01,0.0,4376.14,4384.45,5.58
2026-09-09 12:43,583225444,BUY,0.01,0.0,4374.68,4384.45,6.9
2026-09-09 12:50,583227741,BUY,0.01,0.0,4372.51,4384.45,5.15
2026-09-09 12:53,583228198,BUY,0.01,0.0,4375.81,4384.45,4.87
2026-09-09 12:58,583229849,BUY,0.01,0.0,4378.5,4384.45,2.02
2026-09-09 13:00,583230390,BUY,0.01,0.0,4373.46,4384.45,2.42
2026-09-09 13:02,583231291,BUY,0.01,0.0,4378.59,4384.45,1.01
2026-09-09 13:06,583232499,BUY,0.01,0.0,4378.29,4384.45,1.47
2026-09-09 13:17,583235703,BUY,0.01,0.0,4384.74,4403.75,-2.89
2026-09-09 13:25,583238078,BUY,0.01,0.0,4381.35,4403.75,17.01
2026-09-09 13:30,583239529,BUY,0.01,0.0,4378.7,4403.75,17.24
2026-09-09 13:33,583240668,BUY,0.01,0.0,4381.91,4403.75,17.05
2026-09-09 13:35,583241434,BUY,0.01,0.0,4381.36,4403.75,16.26
2026-09-09 13:40,583243783,BUY,0.01,0.0,4379.42,4403.75,11.06
2026-09-09 13:44,583245299,BUY,0.01,0.0,4388.63,4403.75,9.19
2026-09-09 13:48,583247030,BUY,0.01,0.0,4389.8,4403.75,7.83
2026-09-09 13:52,583248321,BUY,0.01,0.0,4393.29,4403.75,5.6899999999999995
2026-09-09 13:59,583250521,BUY,0.01,0.0,4396.06,4403.75,4.15
2026-09-09 14:00,583250943,BUY,0.01,4398.67,4358.28,4464.02,-40.38
2026-09-09 14:02,583252050,BUY,0.01,0.0,4395.87,4403.75,4.32
2026-09-09 14:05,583254115,BUY,0.01,0.0,4395.73,4403.75,0.1
2026-09-09 14:10,583256108,BUY,0.01,0.0,4397.14,4403.75,-3.39
2026-09-09 14:10,583256132,BUY,0.01,0.0,4392.09,4403.75,3.34
2026-09-09 14:13,583257080,BUY,0.01,0.0,4396.12,4403.75,-4.37
2026-09-09 14:20,583258922,BUY,0.01,0.0,4397.13,4403.75,-2.7199999999999998
2026-09-09 14:20,583258948,BUY,0.01,0.0,4392.73,4403.75,4.41
2026-09-09 14:24,583260908,BUY,0.01,0.0,4394.71,4403.75,3.34
2026-09-09 14:31,583262998,BUY,0.01,0.0,4392.41,4403.75,5.22
2026-09-09 14:35,583265377,BUY,0.01,0.0,4388.69,4403.75,0.68
2026-09-09 14:45,583269445,BUY,0.01,0.0,4385.51,4403.75,3.49
2026-09-09 14:49,583270522,BUY,0.01,0.0,4396.62,4403.75,4.63
2026-09-09 14:53,583271671,BUY,0.01,0.0,4397.8,4403.75,3.31
2026-09-09 14:55,583272064,BUY,0.01,0.0,4397.73,4403.75,3.42
2026-09-09 14:55,583272068,BUY,0.01,0.0,4392.7,4403.75,3.4699999999999998
2026-09-09 14:57,583272573,BUY,0.01,0.0,4398.01,4403.75,3.06
2026-09-09 14:59,583272956,BUY,0.01,0.0,4398.01,4403.75,3.67
2026-09-09 15:01,583273598,BUY,0.01,0.0,4397.71,4403.75,3.16
2026-09-09 15:03,583274412,BUY,0.01,0.0,4397.31,4403.75,2.19
2026-09-09 15:11,583278504,BUY,0.01,0.0,4393.55,4403.75,-0.02
2026-09-09 15:13,583279355,BUY,0.01,0.0,4401.08,4409.34,4.05
2026-09-09 15:21,583283804,BUY,0.01,0.0,4400.58,4409.34,3.81
2026-09-09 15:25,583285683,BUY,0.01,0.0,4397.37,4409.34,3.94
2026-09-09 15:27,583286235,BUY,0.01,0.0,4402.71,4409.34,2.38
2026-09-09 15:35,583289566,BUY,0.01,0.0,4404.63,4409.34,1.77
2026-09-09 15:40,583291944,BUY,0.01,0.0,4406.29,4412.94,-3.7199999999999998
2026-09-09 15:43,583293496,BUY,0.01,0.0,4406.33,4412.94,-2.7199999999999998
2026-09-09 15:45,583294050,BUY,0.01,0.0,4406.6,4412.94,-3.92
2026-09-09 15:49,583296474,BUY,0.01,0.0,4408.71,4412.94,-3.5300000000000002
2026-09-09 15:54,583298486,BUY,0.01,0.0,4406.81,4412.94,-3.29
2026-09-09 15:56,583299331,BUY,0.01,0.0,4406.14,4412.94,-2.89
2026-09-09 16:00,583300350,BUY,0.01,0.0,4406.47,4412.94,-2.48
2026-09-09 16:00,583300366,BUY,0.01,0.0,4403.86,4412.94,-4.72
2026-09-09 16:02,583301178,BUY,0.01,0.0,4405.84,4412.94,-3.24
2026-09-09 16:05,583302463,BUY,0.01,0.0,4404.91,4409.34,0.73
2026-09-09 16:09,583305135,BUY,0.01,0.0,4407.21,4412.94,-2.11
2026-09-09 16:10,583305617,BUY,0.01,0.0,4402.06,4412.94,-4.99
2026-09-09 16:13,583307525,BUY,0.01,0.0,4402.0,4409.34,-4.18
2026-09-09 16:16,583308749,BUY,0.01,0.0,4401.09,4409.34,-3.33
2026-09-09 16:20,583310456,BUY,0.01,0.0,4399.7,4403.75,-4.14
2026-09-09 16:27,583313085,BUY,0.01,0.0,4398.98,4403.75,-2.73
2026-09-09 16:31,583314934,BUY,0.01,0.0,4397.76,4403.75,-3.12
2026-09-09 16:35,583315993,BUY,0.01,0.0,4394.9,4403.75,-7.07
2026-09-09 16:37,583316398,BUY,0.01,0.0,4400.06,4403.75,-1.88
2026-09-09 16:42,583318596,BUY,0.01,0.0,4397.12,4403.75,-4.51
2026-09-09 16:45,583319534,BUY,0.01,0.0,4397.98,4403.75,-2.4
2026-09-09 16:47,583320372,BUY,0.01,0.0,4397.1,4403.75,-3.61
2026-09-09 16:50,583321427,BUY,0.01,0.0,4394.35,4403.75,-5.76
2026-09-09 16:52,583321871,BUY,0.01,0.0,4397.66,4403.75,-3.23
2026-09-09 17:00,583323781,BUY,0.01,0.0,4389.22,4409.34,-11.59
2026-09-09 17:04,583324975,BUY,0.01,0.0,4398.48,4403.75,-3.63
2026-09-09 17:08,583326567,BUY,0.01,0.0,4397.51,4403.75,-4.02
2026-09-09 17:17,583330193,BUY,0.01,0.0,4395.52,4403.75,-2.32
2026-09-09 17:19,583330505,BUY,0.01,0.0,4395.64,4403.75,-3.23
2026-09-09 17:26,583333173,BUY,0.01,0.0,4395.66,4403.75,-2.6
2026-09-09 17:30,583334587,BUY,0.01,0.0,4395.46,4403.75,-2.92
2026-09-09 17:33,583336124,BUY,0.01,0.0,4393.52,4403.75,-4.07
2026-09-09 17:37,583336881,BUY,0.01,0.0,4395.15,4403.75,-2.77
2026-09-09 17:39,583337146,BUY,0.01,0.0,4395.32,4403.75,-2.69
2026-09-09 17:40,583337516,BUY,0.01,0.0,4391.5,4403.75,-6.6899999999999995
2026-09-09 17:44,583339143,BUY,0.01,0.0,4393.36,4403.75,-2.92
2026-09-09 17:48,583340980,BUY,0.01,0.0,4392.1,4403.75,-2.62
2026-09-09 17:50,583341465,BUY,0.01,0.0,4392.17,4403.75,-2.5
2026-09-09 17:54,583343650,BUY,0.01,0.0,4390.13,4403.75,-2.94
2026-09-09 18:12,583352625,BUY,0.01,0.0,4389.01,4403.75,11.0
2026-09-09 18:16,583354598,BUY,0.01,0.0,4387.64,4403.75,13.81
2026-09-09 18:18,583355410,BUY,0.01,0.0,4387.37,4403.75,12.99
2026-09-09 18:24,583357940,BUY,0.01,0.0,4392.03,4403.75,8.87
2026-09-09 18:26,583358275,BUY,0.01,0.0,4391.83,4403.75,8.83
2026-09-09 18:29,583359103,BUY,0.01,0.0,4391.13,4403.75,9.52
2026-09-09 18:32,583359981,BUY,0.01,0.0,4391.5,4403.75,7.96
2026-09-09 18:35,583361090,BUY,0.01,0.0,4388.4,4403.75,7.44
2026-09-09 18:46,583365467,BUY,0.01,0.0,4392.59,4403.75,8.79
2026-09-09 18:50,583367677,BUY,0.01,0.0,4388.96,4403.75,4.41
2026-09-09 18:52,583368460,BUY,0.01,0.0,4396.38,4403.75,4.95
2026-09-09 18:54,583369698,BUY,0.01,0.0,4396.04,4403.75,2.03
2026-09-09 18:58,583370953,BUY,0.01,0.0,4398.41,4403.75,2.5300000000000002
2026-09-10 20:31,583371233,BUY,0.01,4354.17,4341.32,4374.96,-12.79
2026-09-09 19:01,583371575,BUY,0.01,0.0,4396.97,4403.75,1.23
2026-09-09 19:05,583372742,BUY,0.01,0.0,4398.98,4403.75,-0.01
2026-09-09 19:09,583373436,BUY,0.01,0.0,4399.94,4403.75,0.42
2026-09-09 19:18,583375949,BUY,0.01,0.0,4399.79,4403.75,0.71
2026-09-09 19:25,583379214,BUY,0.01,0.0,4396.22,4409.34,2.96
2026-09-09 19:30,583379755,BUY,0.01,4407.47,4387.91,4439.12,-19.55
2026-09-09 19:30,583380957,BUY,0.01,0.0,4405.59,4409.34,-2.95
2026-09-09 19:33,583382150,BUY,0.01,0.0,4403.61,4409.34,-3.79
2026-09-09 19:39,583384010,BUY,0.01,0.0,4401.36,4409.34,4.68
2026-09-09 19:45,583385396,BUY,0.01,0.0,4398.54,4409.34,3.67
2026-09-09 19:49,583386933,BUY,0.01,0.0,4401.52,4409.34,1.16
2026-09-09 19:55,583391339,BUY,0.01,0.0,4397.23,4409.34,2.11
2026-09-09 19:57,583392055,BUY,0.01,0.0,4402.44,4409.34,1.8900000000000001
2026-09-09 20:01,583393759,BUY,0.01,0.0,4402.94,4409.34,-5.72
2026-09-09 20:06,583396554,BUY,0.01,0.0,4400.62,4409.34,-3.16
2026-09-09 20:09,583398028,BUY,0.01,0.0,4398.14,4403.75,2.21
2026-09-09 20:22,583402482,BUY,0.01,0.0,4391.88,4403.75,-7.92
2026-09-09 20:28,583404933,BUY,0.01,0.0,4391.17,4403.75,-3.8
2026-09-09 20:32,583407220,BUY,0.01,0.0,4388.67,4403.75,10.85
2026-09-09 20:42,583412293,BUY,0.01,0.0,4387.72,4403.75,10.92
2026-09-09 20:44,583412761,BUY,0.01,0.0,4387.9,4403.75,9.77
2026-09-09 20:50,583415505,BUY,0.01,0.0,4382.9,4403.75,6.71
2026-09-09 20:52,583416236,BUY,0.01,0.0,4393.23,4403.75,7.17
2026-09-09 20:54,583417064,BUY,0.01,0.0,4393.32,4403.75,6.62
2026-09-09 20:56,583417690,BUY,0.01,0.0,4393.83,4403.75,4.35
2026-09-09 21:00,583419816,BUY,0.01,0.0,4380.29,4403.75,3.06
2026-09-09 21:00,583420426,BUY,0.01,0.0,4380.29,4403.75,-0.15
2026-09-09 21:09,583425890,BUY,0.01,0.0,4404.23,4412.94,4.31
2026-09-09 21:14,583429629,BUY,0.01,0.0,4406.39,4412.94,0.42
2026-09-09 21:16,583430584,BUY,0.01,0.0,4407.55,4448.95,-5.18
2026-09-09 21:18,583431466,BUY,0.01,0.0,4407.73,4413.28,0.37
2026-09-09 21:31,583446397,BUY,0.01,0.0,4422.44,4448.95,-8.11
2026-09-09 21:33,583449285,BUY,0.01,0.0,4422.54,4448.95,-7.85
2026-09-09 21:35,583451002,BUY,0.01,0.0,4423.55,4448.95,-6.27
2026-09-09 21:45,583460680,BUY,0.01,0.0,4407.53,4448.95,-9.56
2026-09-09 21:48,583465302,BUY,0.01,0.0,4410.9,4448.95,-8.7
2026-09-09 21:50,583466328,BUY,0.01,0.0,4411.84,4448.95,-10.06
2026-09-09 21:50,583466395,BUY,0.01,0.0,4403.33,4448.95,-19.12
2026-09-09 21:57,583471247,BUY,0.01,0.0,4406.86,4448.95,-5.16
2026-09-09 22:00,583473044,BUY,0.01,0.0,4406.17,4448.95,-8.57
2026-09-09 22:05,583477652,BUY,0.01,0.0,4399.78,4448.95,-24.9
2026-09-09 22:14,583485076,BUY,0.01,0.0,4413.44,4448.95,-6.2
2026-09-09 22:15,583486052,BUY,0.01,0.0,4394.54,4448.95,-28.44
2026-09-09 22:18,583488985,BUY,0.01,0.0,4410.27,4448.95,-7.6899999999999995
2026-09-09 22:24,583494033,BUY,0.01,0.0,4408.0,4448.95,-6.43
2026-09-09 22:26,583495805,BUY,0.01,0.0,4404.5,4448.95,-11.79
2026-09-09 22:30,583500731,BUY,0.01,0.0,4397.06,4448.95,-28.78
2026-09-09 22:35,583504761,BUY,0.01,0.0,4415.95,4448.95,-6.89
2026-09-09 22:40,583507717,BUY,0.01,0.0,4418.99,4448.95,-6.96
2026-09-09 22:42,583508239,BUY,0.01,0.0,4419.86,4448.95,-4.22
2026-09-09 22:45,583509911,BUY,0.01,0.0,4392.55,4448.95,-26.25
2026-09-09 22:47,583510825,BUY,0.01,0.0,4414.61,4448.95,-6.12
2026-09-09 22:52,583512693,BUY,0.01,0.0,4416.49,4448.95,-5.18
2026-09-09 22:54,583513634,BUY,0.01,0.0,4416.56,4448.95,-4.37
2026-09-09 22:55,583514089,BUY,0.01,0.0,4407.13,4448.95,-13.09
2026-09-09 22:58,583515650,BUY,0.01,0.0,4412.49,4448.95,-4.93
2026-09-09 23:00,583516656,BUY,0.01,0.0,4411.6,4448.95,-7.39
2026-09-09 23:00,583516727,BUY,0.01,0.0,4390.07,4448.95,-28.38
2026-09-09 23:34,583563883,BUY,0.01,0.0,4385.77,4403.75,5.48
2026-09-09 23:41,583572943,BUY,0.01,0.0,4391.63,4403.75,1.72
2026-09-09 23:47,583576110,BUY,0.01,0.0,4397.48,4409.34,-7.15
2026-09-09 23:55,583580556,BUY,0.01,0.0,4382.36,4412.94,11.9
2026-09-09 23:56,583580719,BUY,0.01,0.0,4395.79,4403.75,-4.6
2026-09-10 00:00,583582738,BUY,0.01,0.0,4394.41,4403.75,-4.31
2026-09-10 00:02,583583796,BUY,0.01,0.0,4393.35,4403.75,-5.02
2026-09-10 00:11,583589127,BUY,0.01,0.0,4391.11,4403.75,8.28
2026-09-10 00:15,583590993,BUY,0.01,0.0,4381.33,4409.34,10.95
2026-09-10 00:21,583594191,BUY,0.01,0.0,4387.98,4403.75,9.93
2026-09-10 00:25,583596164,BUY,0.01,0.0,4391.02,4403.75,4.63
2026-09-10 00:25,583596166,BUY,0.01,0.0,4379.79,4403.75,4.59
2026-09-10 00:32,583599351,BUY,0.01,0.0,4395.71,4403.75,2.36
2026-09-10 00:40,583602546,BUY,0.01,0.0,4395.99,4403.75,0.08
2026-09-10 00:45,583604148,BUY,0.01,0.0,4367.54,4409.34,1.74
2026-09-10 00:50,583606417,BUY,0.01,0.0,4403.36,4409.34,1.8900000000000001
2026-09-10 00:53,583607825,BUY,0.01,0.0,4403.14,4409.34,3.07
2026-09-10 00:55,583608455,BUY,0.01,0.0,4403.29,4409.34,2.24
2026-09-10 01:00,583611103,BUY,0.01,0.0,4398.31,4412.94,2.62
2026-09-10 01:01,583611616,BUY,0.01,0.0,4365.03,4409.34,-0.15
2026-09-10 01:15,583619015,BUY,0.01,0.0,4411.98,4448.95,-4.99
2026-09-10 01:17,583619496,BUY,0.01,0.0,4411.86,4448.95,-4.5
2026-09-10 01:22,583620647,BUY,0.01,0.0,4413.16,4448.95,-5.44
2026-09-10 01:25,583621255,BUY,0.01,0.0,4408.5,4448.95,-9.87
2026-09-10 01:26,583621560,BUY,0.01,0.0,4412.98,4448.95,-6.78
2026-09-10 01:33,583624003,BUY,0.01,0.0,4410.23,4448.95,-3.46
2026-09-10 01:36,583625212,BUY,0.01,0.0,4409.19,4448.95,-4.27
2026-09-10 01:40,583626373,BUY,0.01,0.0,4409.8,4448.95,-3.91
2026-09-10 01:40,583626378,BUY,0.01,0.0,4405.59,4448.95,-8.22
2026-09-10 01:48,583628127,BUY,0.01,0.0,4411.3,4448.95,-2.92
2026-09-10 01:52,583628535,BUY,0.01,0.0,4411.51,4448.95,-3.16
2026-09-10 01:56,583628944,BUY,0.01,0.0,4412.81,4448.95,-3.18
2026-09-10 02:00,583629483,BUY,0.01,0.0,4393.39,4448.95,-23.18
2026-09-10 02:05,583630592,BUY,0.01,0.0,4414.25,4420.55,1.99
2026-09-10 02:10,583631857,BUY,0.01,0.0,4413.53,4420.55,2.02
2026-09-10 02:15,583633295,BUY,0.01,0.0,4410.53,4420.55,-0.04
2026-09-10 02:18,583633631,BUY,0.01,0.0,4415.98,4420.55,-4.18
2026-09-10 02:22,583634345,BUY,0.01,0.0,4416.75,4420.55,-2.77
2026-09-10 02:27,583634819,BUY,0.01,0.0,4415.27,4420.55,-2.19
2026-09-10 02:34,583636644,BUY,0.01,0.0,4411.86,4420.55,-4.15
2026-09-10 02:39,583637761,BUY,0.01,0.0,4411.54,4420.55,-3.83
2026-09-10 02:44,583638873,BUY,0.01,0.0,4407.66,4420.55,-3.22
2026-09-10 02:52,583640830,BUY,0.01,0.0,4402.96,4420.55,-3.88
2026-09-10 02:54,583641194,BUY,0.01,0.0,4402.85,4420.55,-3.43
2026-09-10 02:56,583641479,BUY,0.01,0.0,4402.97,4420.55,-3.5300000000000002
2026-09-10 02:59,583642295,BUY,0.01,0.0,4399.4,4420.55,-2.88
2026-09-10 03:05,583644244,BUY,0.01,0.0,4394.07,4421.51,-4.45
2026-09-10 03:07,583644751,BUY,0.01,0.0,4394.08,4421.51,-4.41
2026-09-10 03:11,583645185,BUY,0.01,0.0,4394.88,4421.51,-3.8
2026-09-10 03:15,583645704,BUY,0.01,0.0,4394.18,4421.51,-6.49
2026-09-10 03:19,583646428,BUY,0.01,0.0,4396.06,4421.51,-5.79
2026-09-10 03:24,583648032,BUY,0.01,0.0,4399.71,4421.51,-5.15
2026-09-10 03:30,583649190,BUY,0.01,0.0,4386.25,4421.51,22.48
2026-09-10 03:32,583649708,BUY,0.01,0.0,4396.41,4421.51,-4.48
2026-09-10 03:35,583650326,BUY,0.01,0.0,4396.77,4421.51,-2.24
2026-09-10 03:40,583652073,BUY,0.01,0.0,4393.53,4421.51,-3.2
2026-09-10 03:42,583652430,BUY,0.01,0.0,4394.16,4421.51,-2.93
2026-09-10 03:45,583652873,BUY,0.01,0.0,4389.58,4421.51,21.01
2026-09-10 03:48,583653972,BUY,0.01,0.0,4397.62,4421.51,-2.46
2026-09-10 03:50,583654141,BUY,0.01,0.0,4397.78,4421.51,-2.23
2026-09-10 03:50,583654322,BUY,0.01,0.0,4397.78,4421.51,-0.17
2026-09-10 03:53,583655169,BUY,0.01,0.0,4393.98,4421.51,-5.04
2026-09-10 03:57,583655545,BUY,0.01,0.0,4395.99,4421.51,-3.18
2026-09-10 04:00,583655741,BUY,0.01,0.0,4395.47,4421.51,-3.5300000000000002
2026-09-10 04:00,583655743,BUY,0.01,0.0,4390.73,4421.51,-8.14
2026-09-10 04:03,583655995,BUY,0.01,0.0,4394.87,4421.51,-3.26
2026-09-10 04:06,583656186,BUY,0.01,0.0,4394.48,4421.51,-2.52
2026-09-10 04:09,583656278,BUY,0.01,0.0,4395.0,4421.51,-2.13
2026-09-10 04:11,583656344,BUY,0.01,0.0,4395.3,4421.51,-2.42
2026-09-10 04:19,583656897,BUY,0.01,0.0,4395.06,4421.51,-1.04
2026-09-10 04:36,583658831,BUY,0.01,0.0,4394.76,4421.51,-4.9
2026-09-10 04:41,583659158,BUY,0.01,0.0,4397.06,4421.51,-2.37
2026-09-10 04:43,583659257,BUY,0.01,0.0,4397.27,4421.51,-2.5300000000000002
2026-09-10 04:46,583659392,BUY,0.01,0.0,4397.81,4421.51,-2.3
2026-09-10 04:51,583659552,BUY,0.01,0.0,4398.15,4421.51,-1.98
2026-09-10 04:53,583659596,BUY,0.01,0.0,4398.33,4421.51,-1.8900000000000001
2026-09-10 04:56,583659823,BUY,0.01,0.0,4398.61,4421.51,-1.9
2026-09-10 06:02,583660829,BUY,0.01,0.0,4398.16,4421.51,-7.6899999999999995
2026-09-10 06:05,583660934,BUY,0.01,0.0,4395.97,4421.51,-9.41
2026-09-10 06:08,583661015,BUY,0.01,0.0,4401.27,4421.51,-2.5
2026-09-10 06:12,583661190,BUY,0.01,0.0,4400.37,4421.51,-4.9399999999999995
2026-09-10 07:33,583661320,BUY,0.01,4394.83,4394.75,4394.96,-0.08
2026-09-10 06:19,583661510,BUY,0.01,0.0,4400.49,4421.51,-4.04
2026-09-10 06:21,583661593,BUY,0.01,0.0,4401.18,4421.51,-2.16
2026-09-10 06:25,583661914,BUY,0.01,0.0,4399.66,4421.51,-1.92
2026-09-10 06:48,583662156,BUY,0.01,4399.15,4393.49,4408.31,-5.65
2026-09-10 06:31,583662239,BUY,0.01,0.0,4398.85,4421.51,-3.99
2026-09-10 06:34,583662421,BUY,0.01,0.0,4400.01,4421.51,-2.95
2026-09-10 06:35,583662471,BUY,0.01,0.0,4396.65,4421.51,-6.2
2026-09-10 06:38,583662775,BUY,0.01,0.0,4398.45,4421.51,-2.04
2026-09-10 06:40,583662880,BUY,0.01,0.0,4398.2,4421.51,-2.38
2026-09-10 06:43,583663058,BUY,0.01,0.0,4398.42,4421.51,-2.73
2026-09-10 06:45,583663187,BUY,0.01,0.0,4396.17,4421.51,-5.53
2026-09-10 06:50,583663751,BUY,0.01,0.0,4396.04,4421.51,-4.17
2026-09-10 06:55,583664002,BUY,0.01,0.0,4393.94,4421.51,-4.66
2026-09-10 06:59,583664325,BUY,0.01,0.0,4396.06,4421.51,-3.92
2026-09-10 07:02,583664675,BUY,0.01,0.0,4397.66,4406.15,-4.16
2026-09-10 07:04,583664809,BUY,0.01,0.0,4399.28,4406.15,-3.79
2026-09-10 07:05,583664893,BUY,0.01,0.0,4393.45,4421.51,-9.5
2026-09-10 07:11,583665848,BUY,0.01,0.0,4396.39,4406.15,-4.76
2026-09-10 07:15,583666321,BUY,0.01,0.0,4394.26,4406.15,-6.4
2026-09-10 07:15,583666322,BUY,0.01,0.0,4390.35,4421.51,-10.31
2026-09-10 07:19,583667992,BUY,0.01,0.0,4395.91,4406.15,-6.37
2026-09-10 07:22,583668373,BUY,0.01,0.0,4397.33,4406.15,-3.48
2026-09-10 07:27,583668925,BUY,0.01,0.0,4394.29,4406.15,-4.9
2026-09-10 07:30,583669261,BUY,0.01,0.0,4393.34,4406.15,-3.9
2026-09-10 07:36,583670540,BUY,0.01,0.0,4391.45,4406.15,-2.81
2026-09-10 07:40,583670850,BUY,0.01,0.0,4391.47,4406.15,-2.81
2026-09-10 07:48,583672371,BUY,0.01,0.0,4392.46,4406.15,-1.75
2026-09-10 07:54,583673419,BUY,0.01,0.0,4392.39,4406.15,-2.51
2026-09-10 07:57,583674299,BUY,0.01,0.0,4392.56,4406.15,-2.02
2026-09-10 08:16,583678897,BUY,0.01,0.0,4391.7,4406.15,-5.76
2026-09-10 08:19,583679298,BUY,0.01,0.0,4393.37,4406.15,-4.72
2026-09-10 08:21,583679477,BUY,0.01,0.0,4393.46,4406.15,-3.48
2026-09-10 08:25,583679841,BUY,0.01,0.0,4393.03,4406.15,-2.95
2026-09-10 08:29,583680292,BUY,0.01,0.0,4391.73,4406.15,-2.96
2026-09-10 08:40,583683014,BUY,0.01,0.0,4393.55,4406.15,7.54
2026-09-10 08:44,583684219,BUY,0.01,0.0,4393.88,4406.15,5.98
2026-09-10 08:49,583685580,BUY,0.01,0.0,4395.54,4406.15,5.72
2026-09-10 08:52,583686094,BUY,0.01,0.0,4395.49,4406.15,4.19
2026-09-10 08:57,583687756,BUY,0.01,0.0,4399.74,4406.15,2.95
2026-09-10 09:00,583688153,BUY,0.01,0.0,4383.4,4406.15,3.81
2026-09-10 09:07,583691990,BUY,0.01,0.0,4403.14,4421.51,10.78
2026-09-10 09:11,583694320,BUY,0.01,0.0,4410.03,4421.51,-8.7
2026-09-10 09:14,583695227,BUY,0.01,0.0,4407.8,4421.51,-6.6899999999999995
2026-09-10 09:18,583696448,BUY,0.01,0.0,4407.2,4421.51,-6.24
2026-09-10 09:23,583698382,BUY,0.01,0.0,4406.5,4421.51,-7.96
2026-09-10 09:26,583699835,BUY,0.01,0.0,4408.2,4421.51,-7.75
2026-09-10 09:36,583703569,BUY,0.01,0.0,4401.6,4421.51,13.01
2026-09-10 09:40,583705157,BUY,0.01,0.0,4396.48,4421.51,13.47
2026-09-10 09:41,583706008,BUY,0.01,0.0,4403.03,4421.51,11.46
2026-09-10 09:45,583707575,BUY,0.01,0.0,4404.39,4421.51,11.41
2026-09-10 09:50,583710633,BUY,0.01,0.0,4407.85,4421.51,-5.43
2026-09-10 10:00,583713969,BUY,0.01,0.0,4404.43,4421.51,9.29
2026-09-10 10:00,583713983,BUY,0.01,0.0,4395.21,4421.51,9.1
2026-09-10 10:05,583716291,BUY,0.01,0.0,4398.77,4421.51,6.11
2026-09-10 10:07,583716912,BUY,0.01,0.0,4410.6,4421.51,-5.3
2026-09-10 10:09,583717473,BUY,0.01,0.0,4411.45,4421.51,-7.02
2026-09-10 10:14,583718986,BUY,0.01,0.0,4408.46,4421.51,-6.63
2026-09-10 10:20,583720681,BUY,0.01,0.0,4404.88,4421.51,11.47
2026-09-10 10:23,583721480,BUY,0.01,0.0,4405.44,4421.51,8.91
2026-09-10 10:25,583722104,BUY,0.01,0.0,4400.34,4421.51,8.27
2026-09-10 10:26,583722181,BUY,0.01,0.0,4408.6,4421.51,-4.2
2026-09-10 10:28,583722465,BUY,0.01,0.0,4409.32,4421.51,-5.06
2026-09-10 10:35,583724779,BUY,0.01,0.0,4407.83,4421.51,-7.9
2026-09-10 10:39,583726136,BUY,0.01,0.0,4411.19,4421.51,-6.92
2026-09-10 10:43,583727812,BUY,0.01,0.0,4414.06,4421.51,-5.58
2026-09-10 10:45,583728115,BUY,0.01,0.0,4396.54,4421.51,3.37
2026-09-10 10:48,583728609,BUY,0.01,0.0,4413.9,4421.51,-4.32
2026-09-10 10:52,583729989,BUY,0.01,0.0,4413.31,4421.51,-7.27
2026-09-10 11:00,583732497,BUY,0.01,0.0,4415.21,4421.51,-4.46
2026-09-10 11:00,583732506,BUY,0.01,0.0,4408.8,4421.51,-10.81
2026-09-10 11:05,583735151,BUY,0.01,0.0,4413.02,4421.51,-4.4
2026-09-10 11:15,583738548,BUY,0.01,0.0,4404.37,4421.51,8.69
2026-09-10 11:16,583738881,BUY,0.01,0.0,4409.38,4421.51,-3.48
2026-09-10 11:19,583740170,BUY,0.01,0.0,4409.59,4421.51,-4.06
2026-09-10 11:21,583740643,BUY,0.01,0.0,4410.7,4421.51,-1.9300000000000002
2026-09-10 11:25,583741699,BUY,0.01,0.0,4409.46,4421.51,-2.91
2026-09-10 11:29,583742862,BUY,0.01,0.0,4407.23,4421.51,-2.5
2026-09-10 13:13,583742975,SELL,0.01,4418.72,4432.22,4396.88,-13.49
2026-09-10 11:35,583744263,BUY,0.01,0.0,4408.54,4421.51,-2.69
2026-09-10 11:35,583744272,BUY,0.01,0.0,4402.86,4421.51,10.41
2026-09-10 11:38,583744804,BUY,0.01,0.0,4407.63,4421.51,-2.56
2026-09-10 11:43,583745591,BUY,0.01,0.0,4405.47,4421.51,13.16
2026-09-10 11:46,583746148,BUY,0.01,0.0,4405.5,4421.51,12.75
2026-09-10 11:49,583746717,BUY,0.01,0.0,4406.89,4421.51,-1.9
2026-09-10 11:50,583746957,BUY,0.01,0.0,4401.92,4421.51,13.35
2026-09-10 11:54,583747695,BUY,0.01,0.0,4405.35,4421.51,13.26
2026-09-10 11:58,583748256,BUY,0.01,0.0,4406.24,4421.51,-2.82
2026-09-10 12:00,583748600,BUY,0.01,0.0,4401.86,4421.51,12.22
2026-09-10 12:04,583749297,BUY,0.01,0.0,4407.74,4421.51,-3.2800000000000002
2026-09-10 12:11,583751497,BUY,0.01,0.0,4410.85,4421.51,-2.8
2026-09-10 12:15,583752175,BUY,0.01,0.0,4395.63,4421.51,7.35
2026-09-10 12:19,583752734,BUY,0.01,0.0,4412.63,4421.51,-2.2
2026-09-10 12:23,583753170,BUY,0.01,0.0,4412.17,4421.51,-2.55
2026-09-10 12:26,583753905,BUY,0.01,0.0,4412.04,4421.51,-2.13
2026-09-10 12:30,583755381,BUY,0.01,0.0,4393.42,4421.51,9.19
2026-09-10 12:31,583755681,BUY,0.01,0.0,4409.13,4421.51,-4.02
2026-09-10 12:40,583758177,BUY,0.01,0.0,4405.99,4421.51,-2.3
2026-09-10 12:44,583759661,BUY,0.01,0.0,4403.94,4421.51,15.13
2026-09-10 12:46,583760157,BUY,0.01,0.0,4404.31,4421.51,14.08
2026-09-10 12:50,583761472,BUY,0.01,0.0,4401.81,4421.51,11.79
2026-09-10 12:57,583764579,BUY,0.01,0.0,4405.06,4421.51,13.22
2026-09-10 13:05,583767520,BUY,0.01,0.0,4402.47,4421.51,11.76
2026-09-10 13:07,583768209,BUY,0.01,0.0,4406.99,4421.51,10.98
2026-09-10 13:18,583773433,BUY,0.01,0.0,4414.31,4421.51,3.22
2026-09-10 13:20,583773915,BUY,0.01,0.0,4415.16,4421.51,2.74
2026-09-10 13:23,583774585,BUY,0.01,0.0,4415.66,4421.51,2.48
2026-09-10 13:27,583775247,BUY,0.01,0.0,4416.18,4421.51,2.37
2026-09-10 13:30,583777071,BUY,0.01,0.0,4415.01,4421.51,0.8
2026-09-10 13:41,583784696,BUY,0.01,0.0,4417.9,4448.95,-6.41
2026-09-10 13:43,583786088,BUY,0.01,4429.38,4381.11,4507.48,-47.84
2026-09-10 13:53,583791176,BUY,0.01,0.0,4420.26,4448.95,-6.63
2026-09-10 13:55,583791852,BUY,0.01,0.0,4422.7,4448.95,-4.12
2026-09-10 13:58,583792904,BUY,0.01,0.0,4422.69,4448.95,-3.44
2026-09-10 14:00,583794136,BUY,0.01,0.0,4416.63,4448.95,-14.78
2026-09-10 14:02,583796459,BUY,0.01,0.0,4425.07,4448.95,-5.66
2026-09-10 14:12,583800235,BUY,0.01,0.0,4418.22,4448.95,-4.8
2026-09-10 14:19,583805533,BUY,0.01,0.0,4410.06,4421.51,5.54
2026-09-10 14:24,583810147,BUY,0.01,0.0,4407.56,4421.51,8.86
2026-09-10 14:28,583812554,BUY,0.01,0.0,4409.87,4421.51,6.11
2026-09-10 14:30,583813689,BUY,0.01,0.0,4410.32,4421.51,3.5300000000000002
2026-09-10 14:30,583813716,BUY,0.01,0.0,4402.81,4421.51,3.61
2026-09-10 14:34,583815216,BUY,0.01,0.0,4411.39,4421.51,5.31
2026-09-10 14:38,583816595,BUY,0.01,0.0,4410.21,4421.51,4.98
2026-09-10 14:50,583822699,BUY,0.01,0.0,4421.34,4448.95,-3.09
2026-09-10 14:52,583823858,BUY,0.01,0.0,4420.71,4448.95,-7.5
2026-09-10 14:57,583825714,BUY,0.01,0.0,4421.75,4448.95,-3.06
2026-09-10 15:00,583826956,BUY,0.01,0.0,4392.93,4448.95,-32.51
2026-09-10 15:08,583831670,BUY,0.01,0.0,4411.26,4421.51,-3.71
2026-09-10 15:10,583832582,BUY,0.01,0.0,4411.48,4421.51,-2.9
2026-09-10 15:12,583833479,BUY,0.01,0.0,4410.79,4421.51,-5.04
2026-09-10 15:17,583836092,BUY,0.01,0.0,4408.8,4421.51,-4.78
2026-09-10 15:24,583838360,BUY,0.01,0.0,4408.05,4421.51,-3.42
2026-09-10 15:32,583842226,BUY,0.01,0.0,4404.91,4421.51,-4.58
2026-09-10 15:50,583851012,BUY,0.01,0.0,4408.5,4421.51,-2.89
2026-09-10 16:00,583854921,BUY,0.01,0.0,4408.79,4421.51,-3.4699999999999998
2026-09-10 16:07,583857430,BUY,0.01,0.0,4404.61,4421.51,-3.35
2026-09-10 16:10,583858246,BUY,0.01,0.0,4405.32,4421.51,-3.4699999999999998
2026-09-10 16:16,583860265,BUY,0.01,0.0,4402.42,4421.51,-3.42
2026-09-10 16:19,583861669,BUY,0.01,0.0,4402.7,4421.51,-3.64
2026-09-10 16:20,583861876,BUY,0.01,0.0,4398.77,4421.51,-7.43
2026-09-10 16:23,583862891,BUY,0.01,0.0,4403.27,4421.51,-2.86
2026-09-10 16:29,583865228,BUY,0.01,0.0,4402.3,4406.15,1.27
2026-09-10 17:03,583887273,BUY,0.01,0.0,4390.86,4406.15,-3.98
2026-09-10 17:17,583896898,BUY,0.01,0.0,4390.34,4406.15,-5.43
2026-09-10 17:30,583903822,BUY,0.01,0.0,4390.25,4406.15,-2.55
2026-09-10 17:53,583914807,BUY,0.01,0.0,4391.85,4406.15,-2.9699999999999998
2026-09-10 17:57,583915697,BUY,0.01,0.0,4392.01,4406.15,-2.79
2026-09-10 18:00,583916579,BUY,0.01,0.0,4391.68,4406.15,-2.46
2026-09-10 18:02,583917768,BUY,0.01,0.0,4389.88,4406.15,-5.17
2026-09-10 18:10,583922900,BUY,0.01,0.0,4385.52,4406.15,-7.64
2026-09-10 18:13,583925435,BUY,0.01,0.0,4386.8,4406.15,-7.9
2026-09-10 18:17,583927548,BUY,0.01,0.0,4390.88,4406.15,-9.06
2026-09-10 18:20,583928847,BUY,0.01,0.0,4393.32,4406.15,-5.38
2026-09-10 18:20,583928857,BUY,0.01,0.0,4383.4,4406.15,-15.46
2026-09-10 18:23,583930162,BUY,0.01,0.0,4393.7,4406.15,-5.18
2026-09-10 18:27,583931234,BUY,0.01,0.0,4392.72,4406.15,-3.7800000000000002
2026-09-10 18:29,583931981,BUY,0.01,0.0,4391.66,4406.15,-3.62
2026-09-10 18:30,583932448,BUY,0.01,0.0,4379.53,4406.15,-15.31
2026-09-10 19:01,583952801,BUY,0.01,0.0,4372.84,4406.15,-7.13
2026-09-10 19:04,583953991,BUY,0.01,0.0,4374.67,4400.18,-7.6899999999999995
2026-09-10 19:09,583955976,BUY,0.01,0.0,4374.55,4400.18,-7.96
2026-09-10 19:11,583956703,BUY,0.01,0.0,4374.69,4400.18,-5.39
2026-09-10 19:14,583958543,BUY,0.01,0.0,4371.17,4400.18,-9.35
2026-09-10 19:18,583959647,BUY,0.01,0.0,4377.82,4400.18,-4.84
2026-09-10 19:20,583960081,BUY,0.01,0.0,4365.53,4400.18,-17.72
2026-09-10 19:21,583960223,BUY,0.01,0.0,4376.95,4400.18,-5.91
2026-09-10 19:23,583960883,BUY,0.01,0.0,4375.81,4400.18,-5.86
2026-09-10 19:30,583964165,BUY,0.01,0.0,4370.48,4400.18,-15.28
2026-09-11 21:35,583964188,SELL,0.01,4399.63,4420.87,4365.26,34.37
2026-09-10 19:32,583964783,BUY,0.01,0.0,4382.12,4400.18,-5.08
2026-09-10 19:35,583965864,BUY,0.01,0.0,4381.51,4400.18,-5.28
2026-09-10 19:37,583966209,BUY,0.01,0.0,4383.52,4400.18,-4.6
2026-09-10 19:40,583967534,BUY,0.01,0.0,4383.56,4400.18,-6.15
2026-09-10 19:47,583971671,BUY,0.01,0.0,4380.21,4400.18,-3.55
2026-09-10 19:50,583973511,BUY,0.01,0.0,4377.79,4400.18,-4.67
2026-09-10 19:54,583976716,BUY,0.01,0.0,4372.75,4400.18,-4.73
2026-09-10 21:01,584087499,BUY,0.01,0.0,4330.45,4400.18,-13.36
2026-09-10 21:05,584095399,BUY,0.01,0.0,4318.78,4400.18,-31.94
2026-09-10 21:08,584098887,BUY,0.01,0.0,4338.86,4400.18,-8.72
2026-09-10 21:10,584100632,BUY,0.01,0.0,4338.81,4400.18,-8.78
2026-09-10 21:14,584105960,BUY,0.01,0.0,4337.33,4400.18,-10.97
2026-09-10 21:18,584110638,BUY,0.01,0.0,4335.45,4400.18,-9.84
2026-09-10 21:21,584115044,BUY,0.01,0.0,4338.52,4400.18,-15.64
2026-09-10 21:25,584121493,BUY,0.01,0.0,4323.34,4400.18,-26.09
2026-09-10 21:28,584125973,BUY,0.01,0.0,4338.96,4400.18,-14.09
2026-09-10 21:33,584132409,BUY,0.01,0.0,4345.67,4400.18,-14.77
2026-09-10 21:35,584136094,BUY,0.01,0.0,4325.6,4400.18,-38.4
2026-09-10 21:38,584139547,BUY,0.01,0.0,4351.67,4400.18,-17.85
2026-09-10 21:43,584145624,BUY,0.01,0.0,4358.75,4400.18,-10.61
2026-09-10 21:46,584148383,BUY,0.01,0.0,4355.48,4400.18,-11.23
2026-09-10 21:57,584163152,BUY,0.01,0.0,4358.07,4400.18,-11.1
2026-09-10 22:00,584165149,BUY,0.01,0.0,4346.96,4400.18,-21.0
2026-09-10 22:01,584166417,BUY,0.01,0.0,4357.14,4400.18,-12.49
2026-09-10 22:10,584175964,BUY,0.01,0.0,4355.2,4400.18,-9.96
2026-09-10 22:14,584179309,BUY,0.01,0.0,4353.31,4400.18,-7.63
2026-09-10 22:20,584184971,BUY,0.01,0.0,4347.95,4400.18,-14.14
2026-09-10 22:25,584191339,BUY,0.01,0.0,4338.3,4400.18,-35.59
2026-09-10 22:26,584193054,BUY,0.01,0.0,4351.77,4400.18,-19.29
2026-09-10 22:29,584196390,BUY,0.01,0.0,4357.21,4400.18,-10.39
2026-09-10 22:33,584199815,BUY,0.01,0.0,4353.19,4400.18,-9.82
2026-09-10 22:40,584206425,BUY,0.01,0.0,4344.65,4400.18,-18.17
2026-09-10 22:42,584207587,BUY,0.01,0.0,4357.07,4400.18,-8.04
2026-09-10 22:45,584210758,BUY,0.01,0.0,4328.84,4400.18,-26.25
2026-09-10 22:47,584212069,BUY,0.01,0.0,4348.09,4400.18,-8.92
2026-09-10 22:50,584213732,BUY,0.01,0.0,4348.39,4400.18,-9.36
2026-09-10 22:52,584214715,BUY,0.01,0.0,4351.16,4400.18,-8.15
2026-09-10 22:55,584216934,BUY,0.01,0.0,4339.73,4400.18,-15.99
2026-09-10 22:57,584218581,BUY,0.01,0.0,4349.72,4400.18,-9.26
2026-09-10 23:00,584220184,BUY,0.01,0.0,4352.03,4400.18,-6.05
2026-09-10 23:04,584223688,BUY,0.01,0.0,4348.38,4376.44,-5.98
2026-09-10 23:08,584226847,BUY,0.01,0.0,4348.46,4376.44,-8.26
2026-09-10 23:10,584227739,BUY,0.01,0.0,4339.84,4376.44,-16.35
2026-09-10 23:12,584229831,BUY,0.01,0.0,4350.21,4376.44,-9.61
2026-09-10 23:15,584231318,BUY,0.01,0.0,4351.16,4376.44,-9.06
2026-09-10 23:23,584237071,BUY,0.01,0.0,4356.53,4376.44,-9.96
2026-09-10 23:27,584238718,BUY,0.01,0.0,4360.7,4376.44,-4.7
2026-09-10 23:30,584240761,BUY,0.01,0.0,4359.3,4376.44,-6.71
2026-09-10 23:30,584240786,BUY,0.01,0.0,4327.49,4376.44,-38.96
2026-09-10 23:34,584243439,BUY,0.01,0.0,4358.24,4376.44,-8.62
2026-09-10 23:40,584246978,BUY,0.01,0.0,4352.66,4376.44,-16.08
2026-09-10 23:43,584248574,BUY,0.01,0.0,4361.29,4376.44,-4.25
2026-09-10 23:45,584249625,BUY,0.01,0.0,4360.47,4376.44,-5.63
2026-09-10 23:49,584252164,BUY,0.01,0.0,4357.73,4376.44,-5.35
2026-09-10 23:55,584256215,BUY,0.01,0.0,4352.39,4376.44,-12.08
2026-09-10 23:57,584256650,BUY,0.01,0.0,4360.53,4376.44,-5.19
2026-09-11 00:00,584257780,BUY,0.01,0.0,4361.73,4376.44,-4.76
2026-09-11 00:02,584258994,BUY,0.01,0.0,4361.55,4376.44,-5.9399999999999995
2026-09-11 00:05,584260498,BUY,0.01,0.0,4362.77,4376.44,-4.64
2026-09-11 00:05,584260501,BUY,0.01,0.0,4355.68,4376.44,-12.02
2026-09-11 00:14,584265913,BUY,0.01,0.0,4350.02,4376.44,-9.38
2026-09-11 00:20,584268925,BUY,0.01,0.0,4345.36,4376.44,-13.89
2026-09-11 00:28,584273079,BUY,0.01,0.0,4356.96,4376.44,-5.63
2026-09-11 00:30,584273898,BUY,0.01,0.0,4333.92,4376.44,-28.88
2026-09-11 00:32,584274883,BUY,0.01,0.0,4358.79,4376.44,-4.85
2026-09-11 00:37,584277723,BUY,0.01,0.0,4352.22,4376.44,-6.89
2026-09-11 00:42,584279427,BUY,0.01,0.0,4355.09,4376.44,-6.23
2026-09-11 00:45,584280366,BUY,0.01,0.0,4347.45,4376.44,-10.01
2026-09-11 00:46,584280789,BUY,0.01,0.0,4352.08,4376.44,-7.89
2026-09-11 00:51,584282901,BUY,0.01,0.0,4355.25,4376.44,-6.9
2026-09-11 00:57,584285910,BUY,0.01,0.0,4356.21,4376.44,-4.28
2026-09-11 00:59,584287164,BUY,0.01,0.0,4356.47,4376.44,-7.92
2026-09-11 01:00,584287629,BUY,0.01,0.0,4326.63,4376.44,-36.25
2026-09-11 01:03,584289402,BUY,0.01,0.0,4358.73,4376.44,-3.5
2026-09-11 01:05,584290385,BUY,0.01,0.0,4356.04,4376.44,-7.73
2026-09-11 01:08,584291982,BUY,0.01,0.0,4356.96,4376.44,-6.14
2026-09-11 01:10,584292919,BUY,0.01,0.0,4350.96,4376.44,-12.03
2026-09-11 01:11,584293651,BUY,0.01,0.0,4356.95,4376.44,-8.81
2026-09-11 01:16,584295648,BUY,0.01,0.0,4357.62,4376.44,-4.86
2026-09-11 01:20,584296724,BUY,0.01,0.0,4358.22,4376.44,-6.22
2026-09-11 01:25,584297897,BUY,0.01,0.0,4353.71,4376.44,-9.47
2026-09-11 01:27,584298271,BUY,0.01,0.0,4359.4,4376.44,-6.68
2026-09-11 01:32,584299886,BUY,0.01,0.0,4359.9,4376.44,-5.44
2026-09-11 01:37,584300640,BUY,0.01,0.0,4358.64,4376.44,-5.01
2026-09-11 01:43,584301863,BUY,0.01,0.0,4352.2,4376.44,-4.83
2026-09-11 01:50,584303350,BUY,0.01,0.0,4354.03,4376.44,-4.0
2026-09-11 01:50,584303351,BUY,0.01,0.0,4348.32,4376.44,-9.69
2026-09-11 01:55,584304321,BUY,0.01,0.0,4355.76,4376.44,-4.08
2026-09-11 03:00,584336131,BUY,0.01,0.0,4326.22,4376.44,-5.37
2026-09-11 04:00,584353533,BUY,0.01,0.0,4319.33,4376.44,-4.79
2026-09-11 04:00,584353534,BUY,0.01,0.0,4310.53,4376.44,-13.65
2026-09-11 04:03,584354012,BUY,0.01,0.0,4318.92,4376.44,-2.83
2026-09-11 04:06,584354390,BUY,0.01,0.0,4317.26,4376.44,-5.09
2026-09-11 04:09,584354469,BUY,0.01,0.0,4319.63,4376.44,-3.27
2026-09-11 04:10,584354582,BUY,0.01,0.0,4311.09,4376.44,-12.31
2026-09-11 04:15,584354958,BUY,0.01,0.0,4320.38,4376.44,-2.81
2026-09-11 04:17,584355263,BUY,0.01,0.0,4320.22,4376.44,-2.9
2026-09-11 04:23,584355919,BUY,0.01,0.0,4315.42,4376.44,-2.04
2026-09-11 04:26,584356407,BUY,0.01,0.0,4314.72,4376.44,-2.86
2026-09-11 07:52,584356613,BUY,0.01,4313.73,4290.92,4408.42,23.14
2026-09-11 04:34,584357119,BUY,0.01,0.0,4314.4,4376.44,-3.29
2026-09-11 04:38,584358375,BUY,0.01,0.0,4314.09,4376.44,-2.88
2026-09-11 04:40,584358533,BUY,0.01,0.0,4314.83,4376.44,-2.29
2026-09-11 04:42,584358662,BUY,0.01,0.0,4314.05,4376.44,-3.63
2026-09-11 04:44,584358743,BUY,0.01,0.0,4314.52,4376.44,-3.5300000000000002
2026-09-11 04:45,584358799,BUY,0.01,0.0,4310.79,4376.44,-8.12
2026-09-11 04:52,584359414,BUY,0.01,0.0,4312.64,4376.44,-3.42
2026-09-11 06:02,584360198,BUY,0.01,0.0,4309.9,4376.44,-12.62
2026-09-11 06:03,584360213,BUY,0.01,0.0,4313.55,4376.44,-8.82
2026-09-11 06:41,584360427,BUY,0.01,4315.45,4314.56,4316.89,-0.82
2026-09-11 06:06,584360522,BUY,0.01,0.0,4318.01,4376.44,-3.91
2026-09-11 06:09,584360761,BUY,0.01,0.0,4317.91,4376.44,-4.24
2026-09-11 06:13,584361056,BUY,0.01,0.0,4318.75,4376.44,-3.92
2026-09-11 06:15,584361108,BUY,0.01,0.0,4318.35,4376.44,-3.18
2026-09-11 06:30,584361109,BUY,0.01,4318.52,4315.83,4322.87,-2.67
2026-09-11 06:15,584361110,BUY,0.01,0.0,4301.86,4376.44,-19.67
2026-09-11 06:18,584361262,BUY,0.01,0.0,4317.73,4376.44,-3.19
2026-09-11 06:22,584361546,BUY,0.01,0.0,4317.96,4376.44,-3.77
2026-09-11 06:27,584361862,BUY,0.01,0.0,4317.37,4376.44,-1.87
2026-09-11 06:29,584361986,BUY,0.01,0.0,4317.29,4376.44,-2.38
2026-09-11 06:30,584362028,BUY,0.01,0.0,4296.48,4376.44,-23.83
2026-09-11 06:34,584362739,BUY,0.01,0.0,4313.61,4376.44,-5.23
2026-09-11 06:39,584363098,BUY,0.01,0.0,4314.74,4376.44,-2.67
2026-09-11 06:40,584363170,BUY,0.01,0.0,4311.09,4376.44,-5.17
2026-09-11 06:43,584363617,BUY,0.01,0.0,4311.63,4376.44,-5.84
2026-09-11 06:46,584363921,BUY,0.01,0.0,4313.12,4376.44,-3.26
2026-09-11 06:48,584364129,BUY,0.01,0.0,4313.4,4376.44,-3.75
2026-09-11 06:50,584364297,BUY,0.01,0.0,4308.86,4376.44,-9.59
2026-09-11 06:56,584364732,BUY,0.01,0.0,4315.49,4376.44,-3.03
2026-09-11 07:00,584365004,BUY,0.01,0.0,4316.01,4376.44,-2.07
2026-09-11 20:53,584365008,SELL,0.01,4378.95,4390.75,4359.86,-11.76
2026-09-11 21:35,584365010,SELL,0.01,4399.63,4434.1,4343.86,55.77
2026-09-11 07:02,584365329,BUY,0.01,0.0,4315.69,4324.72,-4.42
2026-09-11 07:07,584365910,BUY,0.01,0.0,4316.82,4324.72,-2.29
2026-09-11 07:10,584366217,BUY,0.01,0.0,4316.58,4324.72,-2.4
2026-09-11 07:10,584366223,BUY,0.01,0.0,4312.93,4324.72,-6.09
2026-09-11 07:20,584367928,BUY,0.01,0.0,4312.89,4324.72,-7.19
2026-09-11 07:26,584368488,BUY,0.01,0.0,4316.5,4324.72,-2.43
2026-09-11 07:28,584368708,BUY,0.01,0.0,4317.24,4324.72,-1.69
2026-09-11 07:30,584369401,BUY,0.01,0.0,4314.06,4324.72,-4.4
2026-09-11 07:33,584369678,BUY,0.01,0.0,4315.98,4324.72,-2.84
2026-09-11 07:39,584370873,BUY,0.01,0.0,4312.8,4324.72,-2.99
2026-09-11 07:42,584371222,BUY,0.01,0.0,4312.83,4324.72,-2.86
2026-09-11 07:45,584371387,BUY,0.01,0.0,4312.94,4324.72,-3.45
2026-09-11 07:45,584371393,BUY,0.01,0.0,4310.84,4324.72,7.66
2026-09-11 07:49,584372020,BUY,0.01,0.0,4311.48,4324.72,-3.4699999999999998
2026-09-11 07:51,584372273,BUY,0.01,0.0,4311.46,4324.72,-3.6
2026-09-11 08:02,584375303,BUY,0.01,0.0,4309.78,4324.72,4.31
2026-09-11 08:06,584376452,BUY,0.01,0.0,4315.57,4324.72,-4.32
2026-09-11 08:13,584380778,BUY,0.01,0.0,4310.8,4324.72,5.73
2026-09-11 08:16,584381550,BUY,0.01,0.0,4314.29,4324.72,5.2
2026-09-11 08:18,584382139,BUY,0.01,0.0,4313.37,4324.72,4.72
2026-09-11 08:20,584382622,BUY,0.01,0.0,4309.13,4324.72,4.24
2026-09-11 08:23,584383272,BUY,0.01,0.0,4315.19,4324.72,4.1
2026-09-11 08:27,584384447,BUY,0.01,0.0,4314.53,4324.72,2.77
2026-09-11 08:34,584386514,BUY,0.01,0.0,4316.79,4324.72,3.87
2026-09-11 08:35,584386785,BUY,0.01,0.0,4310.65,4324.72,3.2
2026-09-11 08:36,584386923,BUY,0.01,0.0,4317.04,4324.72,3.07
2026-09-11 08:39,584387679,BUY,0.01,0.0,4317.73,4324.72,0.15
2026-09-11 08:43,584389201,BUY,0.01,0.0,4318.06,4324.72,1.3
2026-09-11 08:53,584392857,BUY,0.01,0.0,4328.15,4376.44,-4.72
2026-09-11 08:56,584393874,BUY,0.01,0.0,4328.74,4376.44,-4.98
2026-09-11 09:00,584395030,BUY,0.01,0.0,4327.58,4376.44,-3.43
2026-09-11 09:03,584399572,BUY,0.01,0.0,4324.84,4376.44,-11.2
2026-09-11 09:10,584403707,BUY,0.01,0.0,4319.3,4376.44,-19.11
2026-09-11 09:11,584404001,BUY,0.01,0.0,4328.53,4376.44,-10.05
2026-09-11 09:17,584406188,BUY,0.01,0.0,4326.96,4376.44,-8.6
2026-09-11 09:26,584412102,BUY,0.01,0.0,4316.69,4324.72,0.51
2026-09-11 09:31,584415007,BUY,0.01,0.0,4322.26,4376.44,-9.12
2026-09-11 09:34,584416866,BUY,0.01,0.0,4325.03,4376.44,-5.52
2026-09-11 09:36,584417966,BUY,0.01,0.0,4325.88,4376.44,-8.44
2026-09-11 09:38,584418762,BUY,0.01,0.0,4327.43,4376.44,-6.14
2026-09-11 09:43,584421250,BUY,0.01,0.0,4318.6,4376.44,-5.28
2026-09-11 09:45,584422112,BUY,0.01,0.0,4309.49,4376.44,-17.35
2026-09-11 09:47,584423098,BUY,0.01,0.0,4319.91,4376.44,-5.59
2026-09-11 09:50,584425143,BUY,0.01,0.0,4312.44,4376.44,-16.31
2026-09-11 09:53,584427597,BUY,0.01,0.0,4322.99,4376.44,-5.8
2026-09-11 09:56,584430577,BUY,0.01,0.0,4320.72,4376.44,-4.77
2026-09-11 09:59,584431916,BUY,0.01,0.0,4320.61,4376.44,-6.79
2026-09-11 10:04,584434266,BUY,0.01,0.0,4326.28,4376.44,-5.5
2026-09-11 10:09,584436458,BUY,0.01,0.0,4324.48,4376.44,-6.01
2026-09-11 10:15,584438926,BUY,0.01,0.0,4325.76,4376.44,-4.78
2026-09-11 10:15,584438927,BUY,0.01,0.0,4318.55,4376.44,-12.06
2026-09-11 10:17,584439327,BUY,0.01,0.0,4326.63,4376.44,-5.32
2026-09-11 10:19,584439737,BUY,0.01,0.0,4328.46,4376.44,-5.21
2026-09-11 10:29,584443001,BUY,0.01,0.0,4320.81,4376.44,-6.1
2026-09-11 10:34,584446380,BUY,0.01,0.0,4313.84,4324.72,5.9
2026-09-11 10:38,584448669,BUY,0.01,0.0,4313.2,4324.72,7.08
2026-09-11 10:45,584453509,BUY,0.01,0.0,4308.42,4324.72,5.59
2026-09-11 10:49,584456785,BUY,0.01,0.0,4311.58,4324.72,0.98
2026-09-11 10:54,584459369,BUY,0.01,0.0,4319.56,4376.44,-5.5600000000000005
2026-09-11 10:55,584459837,BUY,0.01,0.0,4307.38,4324.72,2.01
2026-09-11 10:58,584461092,BUY,0.01,0.0,4317.07,4324.72,1.38
2026-09-11 14:08,584461961,SELL,0.01,4358.18,4372.25,4335.41,22.86
2026-09-11 11:05,584463780,BUY,0.01,0.0,4312.82,4376.44,-9.01
2026-09-11 12:02,584499268,BUY,0.01,0.0,4299.08,4324.72,21.34
2026-09-11 12:04,584500358,BUY,0.01,0.0,4298.84,4324.72,17.95
2026-09-11 12:10,584506800,BUY,0.01,0.0,4292.51,4324.72,6.3
2026-09-11 12:16,584511715,BUY,0.01,0.0,4315.92,4324.72,3.33
2026-09-11 12:20,584513030,BUY,0.01,0.0,4315.36,4324.72,3.49
2026-09-11 12:28,584518096,BUY,0.01,0.0,4323.04,4376.44,-5.03
2026-09-11 12:33,584521221,BUY,0.01,0.0,4325.59,4376.44,-4.5
2026-09-11 12:37,584522822,BUY,0.01,0.0,4323.22,4376.44,-3.59
2026-09-11 12:45,584528201,BUY,0.01,0.0,4317.83,4376.44,-13.19
2026-09-11 12:47,584529375,BUY,0.01,0.0,4326.79,4376.44,-5.74
2026-09-11 12:51,584532419,BUY,0.01,0.0,4325.74,4376.44,-7.25
2026-09-11 12:55,584534962,BUY,0.01,0.0,4327.49,4376.44,-7.38
2026-09-11 13:04,584539541,BUY,0.01,0.0,4325.33,4335.31,5.25
2026-09-11 13:07,584541138,BUY,0.01,0.0,4325.93,4335.31,2.93
2026-09-11 13:10,584543206,BUY,0.01,0.0,4326.08,4335.31,0.2
2026-09-11 13:10,584543210,BUY,0.01,0.0,4320.7,4335.31,0.14
2026-09-11 13:20,584548392,BUY,0.01,0.0,4331.28,4376.44,-7.36
2026-09-11 13:23,584549402,BUY,0.01,0.0,4332.36,4376.44,-4.64
2026-09-11 13:28,584550776,BUY,0.01,0.0,4330.97,4335.31,0.32
2026-09-11 13:30,584551353,BUY,0.01,0.0,4313.0,4376.44,-23.22
2026-09-11 13:35,584556337,BUY,0.01,0.0,4331.93,4376.44,-6.59
2026-09-11 13:35,584556340,BUY,0.01,0.0,4326.97,4376.44,-11.53
2026-09-11 13:38,584557949,BUY,0.01,0.0,4332.82,4376.44,-5.57
2026-09-11 13:43,584561559,BUY,0.01,0.0,4329.92,4376.44,-9.59
2026-09-11 13:47,584565157,BUY,0.01,0.0,4335.43,4376.44,-10.01
2026-09-11 13:50,584566824,BUY,0.01,0.0,4326.57,4376.44,-18.61
2026-09-11 13:52,584567706,BUY,0.01,0.0,4338.94,4376.44,-7.38
2026-09-11 13:55,584569503,BUY,0.01,0.0,4339.75,4376.44,-8.35
2026-09-11 14:01,584573244,BUY,0.01,0.0,4341.5,4376.44,-8.15
2026-09-11 14:08,584577681,BUY,0.01,0.0,4347.34,4376.44,-10.42
2026-09-11 14:12,584579487,BUY,0.01,0.0,4350.55,4376.44,-5.53
2026-09-11 14:14,584580740,BUY,0.01,0.0,4350.09,4376.44,-8.55
2026-09-11 14:20,584584140,BUY,0.01,0.0,4352.73,4376.44,-6.13
2026-09-11 14:28,584588736,BUY,0.01,0.0,4348.5,4376.44,-3.38
2026-09-11 14:30,584589528,BUY,0.01,0.0,4348.52,4376.44,-2.67
2026-09-11 14:32,584590252,BUY,0.01,0.0,4347.19,4376.44,-4.6
2026-09-11 14:36,584592185,BUY,0.01,0.0,4344.38,4376.44,-5.33
2026-09-11 14:40,584594095,BUY,0.01,0.0,4337.73,4376.44,-14.79
2026-09-11 14:45,584596910,BUY,0.01,0.0,4346.27,4376.44,-5.01
2026-09-11 14:54,584600273,BUY,0.01,0.0,4346.6,4376.44,-5.18
2026-09-11 14:58,584601448,BUY,0.01,0.0,4347.96,4376.44,-4.58
2026-09-11 15:00,584601929,BUY,0.01,0.0,4332.64,4376.44,-20.45
2026-09-11 15:02,584602868,BUY,0.01,0.0,4349.26,4376.44,-4.32
2026-09-11 15:04,584603269,BUY,0.01,0.0,4350.04,4376.44,-3.59
2026-09-11 15:06,584604227,BUY,0.01,0.0,4349.57,4376.44,-5.8100000000000005
2026-09-11 15:11,584606147,BUY,0.01,0.0,4346.68,4376.44,-6.7
2026-09-11 15:15,584607131,BUY,0.01,0.0,4342.23,4376.44,-10.09
2026-09-11 15:18,584608136,BUY,0.01,0.0,4347.1,4376.44,-4.8
2026-09-11 15:22,584609115,BUY,0.01,0.0,4346.54,4376.44,-3.88
2026-09-11 15:25,584610466,BUY,0.01,0.0,4344.98,4376.44,-4.62
2026-09-11 15:28,584611514,BUY,0.01,0.0,4344.55,4376.44,-3.69
2026-09-11 15:32,584612834,BUY,0.01,0.0,4342.74,4376.44,-3.56
2026-09-11 15:34,584613419,BUY,0.01,0.0,4343.11,4376.44,-2.74
2026-09-11 15:36,584613956,BUY,0.01,0.0,4341.67,4376.44,-3.5
2026-09-11 15:40,584614873,BUY,0.01,0.0,4341.17,4376.44,-2.94
2026-09-11 15:42,584616104,BUY,0.01,0.0,4341.16,4376.44,-2.81
2026-09-11 15:45,584617449,BUY,0.01,0.0,4336.98,4376.44,-8.07
2026-09-11 15:49,584619404,BUY,0.01,0.0,4340.45,4376.44,-2.7
2026-09-11 15:54,584621244,BUY,0.01,0.0,4338.29,4376.44,-3.96
2026-09-11 16:00,584623949,BUY,0.01,0.0,4341.12,4376.44,-4.32
2026-09-11 16:00,584623958,BUY,0.01,0.0,4335.18,4376.44,-10.28
2026-09-11 16:05,584626565,BUY,0.01,0.0,4339.69,4376.44,-4.9399999999999995
2026-09-11 16:10,584629573,BUY,0.01,0.0,4336.87,4376.44,-8.82
2026-09-11 16:11,584630096,BUY,0.01,0.0,4341.08,4376.44,-6.43
2026-09-11 16:13,584631883,BUY,0.01,0.0,4338.38,4376.44,-7.79
2026-09-11 16:15,584633396,BUY,0.01,0.0,4328.81,4376.44,-18.81
2026-09-11 16:18,584634816,BUY,0.01,0.0,4342.3,4376.44,-6.76
2026-09-11 16:20,584635874,BUY,0.01,0.0,4336.35,4376.44,-10.65
2026-09-11 16:23,584637355,BUY,0.01,0.0,4339.9,4376.44,-6.42
2026-09-11 16:29,584641283,BUY,0.01,0.0,4344.88,4376.44,-5.8
2026-09-11 16:30,584641663,BUY,0.01,0.0,4336.54,4376.44,-14.99
2026-09-11 16:30,584641672,BUY,0.01,0.0,4320.15,4376.44,-31.44
2026-09-11 16:34,584643070,BUY,0.01,0.0,4349.72,4376.44,-4.41
2026-09-11 16:37,584643908,BUY,0.01,0.0,4347.08,4376.44,-6.02
2026-09-11 16:42,584645768,BUY,0.01,0.0,4350.81,4376.44,-5.6899999999999995
2026-09-11 16:45,584646507,BUY,0.01,0.0,4349.42,4376.44,-3.35
2026-09-11 16:47,584647262,BUY,0.01,0.0,4349.39,4376.44,-4.07
2026-09-11 16:50,584648351,BUY,0.01,0.0,4349.26,4376.44,-3.87
2026-09-11 16:57,584651080,BUY,0.01,0.0,4345.11,4376.44,-4.15
2026-09-11 16:59,584651885,BUY,0.01,0.0,4342.96,4376.44,-3.73
2026-09-11 17:05,584655034,BUY,0.01,0.0,4337.3,4376.44,-11.3
2026-09-11 17:13,584656974,BUY,0.01,0.0,4340.72,4376.44,-4.11
2026-09-11 17:17,584658599,BUY,0.01,0.0,4339.47,4376.44,-3.95
2026-09-11 17:20,584659337,BUY,0.01,0.0,4340.7,4376.44,-4.5
2026-09-11 17:25,584660885,BUY,0.01,0.0,4333.99,4376.44,-10.44
2026-09-11 17:26,584661153,BUY,0.01,0.0,4341.4,4376.44,-3.95
2026-09-11 17:34,584663737,BUY,0.01,0.0,4338.89,4376.44,-4.38
2026-09-11 17:36,584664177,BUY,0.01,0.0,4339.07,4376.44,-4.34
2026-09-11 17:40,584665183,BUY,0.01,0.0,4335.43,4376.44,-7.5
2026-09-11 17:42,584665838,BUY,0.01,0.0,4338.18,4376.44,-3.64
2026-09-11 17:44,584666273,BUY,0.01,0.0,4339.16,4376.44,-4.46
2026-09-11 17:47,584667004,BUY,0.01,0.0,4340.64,4376.44,-2.6
2026-09-11 17:50,584667549,BUY,0.01,0.0,4340.7,4376.44,-2.62
2026-09-11 17:50,584667554,BUY,0.01,0.0,4335.35,4376.44,-7.65
2026-09-11 17:52,584668223,BUY,0.01,0.0,4340.96,4376.44,-2.65
2026-09-11 17:54,584669018,BUY,0.01,0.0,4341.26,4376.44,-3.04
2026-09-11 17:59,584670202,BUY,0.01,0.0,4341.41,4376.44,-6.4
2026-09-11 18:07,584673548,BUY,0.01,0.0,4330.43,4376.44,-16.99
2026-09-11 18:30,584680132,BUY,0.01,0.0,4344.32,4376.44,-5.08
2026-09-11 18:30,584680139,BUY,0.01,0.0,4331.64,4376.44,-17.38
2026-09-11 18:40,584683312,BUY,0.01,0.0,4341.39,4376.44,-5.03
2026-09-11 18:52,584688598,BUY,0.01,0.0,4338.29,4376.44,-4.03
2026-09-11 19:04,584694959,BUY,0.01,0.0,4336.23,4376.44,-5.9399999999999995
2026-09-11 19:06,584695743,BUY,0.01,0.0,4336.66,4376.44,-2.88
2026-09-11 19:09,584697236,BUY,0.01,0.0,4334.55,4376.44,-3.93
2026-09-11 19:25,584703892,BUY,0.01,0.0,4334.47,4376.44,-4.36
2026-09-11 20:32,584751227,SELL,0.01,4318.54,4340.52,4282.98,-21.86
2026-09-11 20:40,584781781,BUY,0.01,0.0,4314.36,4376.44,25.47
2026-09-11 20:46,584794139,SELL,0.01,4362.77,4386.09,4247.79,-23.3
2026-09-11 20:46,584794145,BUY,0.01,0.0,4338.01,4376.44,14.39
2026-09-11 20:49,584798418,SELL,0.01,4366.81,4387.32,4245.3,-20.42
2026-09-11 20:49,584800366,SELL,0.01,4366.81,4386.81,4245.3,-19.62
2026-09-11 20:50,584802548,BUY,0.01,0.0,4345.67,4376.44,14.86
2026-09-11 20:52,584807509,BUY,0.01,0.0,4347.88,4376.44,1.3599999999999999
2026-09-11 20:56,584814784,BUY,0.01,0.0,4367.2,4400.18,21.53
2026-09-11 20:58,584816641,BUY,0.01,0.0,4367.55,4400.18,20.0
2026-09-11 21:00,584819222,BUY,0.01,0.0,4368.58,4400.18,12.43
2026-09-11 21:03,584823148,BUY,0.01,0.0,4376.61,4400.18,10.48
2026-09-11 21:06,584826991,BUY,0.01,0.0,4378.88,4400.18,7.36
2026-09-11 21:10,584830940,BUY,0.01,0.0,4373.89,4400.18,18.2
2026-09-11 21:12,584833339,BUY,0.01,0.0,4372.82,4400.18,15.95
2026-09-11 21:15,584836333,BUY,0.01,0.0,4373.81,4400.18,11.43
2026-09-11 21:19,584839515,BUY,0.01,0.0,4374.65,4400.18,12.3
2026-09-11 21:20,584840361,BUY,0.01,0.0,4356.95,4400.18,12.2
2026-09-11 21:24,584844013,BUY,0.01,0.0,4373.9,4400.18,16.4
2026-09-11 21:27,584845867,BUY,0.01,0.0,4376.14,4400.18,11.77
2026-09-11 21:30,584849957,BUY,0.01,0.0,4376.83,4400.18,10.24
2026-09-11 21:30,584849973,BUY,0.01,0.0,4355.74,4400.18,10.61
2026-09-11 21:34,584854376,BUY,0.01,0.0,4373.72,4400.18,12.28
2026-09-11 21:38,584858795,BUY,0.01,0.0,4383.73,4400.18,-10.38
2026-09-11 21:40,584861376,BUY,0.01,0.0,4374.32,4400.18,10.52
2026-09-11 21:40,584861380,BUY,0.01,0.0,4355.57,4400.18,10.8
2026-09-11 21:44,584864641,BUY,0.01,0.0,4382.13,4400.18,9.46
2026-09-11 21:45,584865570,BUY,0.01,0.0,4355.95,4400.18,5.6
2026-09-11 21:51,584871331,BUY,0.01,0.0,4381.75,4400.18,8.77
2026-09-11 21:54,584873777,BUY,0.01,0.0,4379.98,4400.18,8.79
2026-09-11 21:59,584877258,BUY,0.01,0.0,4381.07,4400.18,3.6
2026-09-11 22:04,584886095,BUY,0.01,0.0,4374.79,4400.18,-12.92
2026-09-11 22:10,584891583,BUY,0.01,0.0,4378.26,4400.18,-9.2
2026-09-11 22:10,584891584,BUY,0.01,0.0,4363.54,4400.18,-23.93
2026-09-11 22:12,584893220,BUY,0.01,0.0,4377.07,4400.18,-9.87
2026-09-11 22:14,584894847,BUY,0.01,0.0,4375.2,4400.18,-9.16
2026-09-11 22:20,584900861,BUY,0.01,0.0,4370.3,4400.18,-12.57
2026-09-11 22:25,584904687,BUY,0.01,0.0,4358.91,4400.18,-20.23
2026-09-11 22:28,584906714,BUY,0.01,0.0,4369.1,4400.18,-8.47
2026-09-11 22:30,584908009,BUY,0.01,0.0,4369.51,4400.18,-5.14
2026-09-11 22:34,584912254,BUY,0.01,0.0,4365.95,4376.44,-8.16
2026-09-11 22:38,584917273,BUY,0.01,0.0,4361.51,4376.44,6.72
2026-09-11 22:40,584918917,BUY,0.01,0.0,4359.79,4376.44,7.95
2026-09-11 22:44,584921815,BUY,0.01,0.0,4363.38,4376.44,6.89
2026-09-11 22:45,584922623,BUY,0.01,0.0,4350.47,4376.44,4.86
2026-09-11 22:52,584929886,BUY,0.01,0.0,4371.33,4400.18,-11.23
2026-09-11 23:00,584936659,BUY,0.01,0.0,4335.97,4400.18,-33.42
2026-09-11 23:02,584938076,BUY,0.01,0.0,4363.05,4376.44,-8.65
2026-09-11 23:05,584939888,BUY,0.01,0.0,4362.41,4376.44,-7.64
2026-09-11 23:11,584943669,BUY,0.01,0.0,4357.77,4376.44,12.66
2026-09-11 23:15,584945996,BUY,0.01,0.0,4355.26,4376.44,13.2
2026-09-11 23:20,584948174,BUY,0.01,0.0,4348.79,4376.44,14.03
2026-09-11 23:26,584951237,BUY,0.01,0.0,4359.57,4376.44,10.13
2026-09-11 23:30,584953608,BUY,0.01,0.0,4329.13,4400.18,-33.55
2026-09-11 23:32,584954364,BUY,0.01,0.0,4364.93,4376.44,5.33
2026-09-11 23:43,584962210,BUY,0.01,0.0,4366.73,4376.44,-5.82
2026-09-11 23:50,584967347,BUY,0.01,0.0,4365.09,4376.44,-8.5
2026-09-11 23:56,584970692,BUY,0.01,0.0,4363.0,4376.44,-5.05
2026-09-12 00:00,584972872,BUY,0.01,0.0,4361.96,4376.44,-4.98
2026-09-12 00:04,584975031,BUY,0.01,0.0,4365.02,4376.44,-5.92
2026-09-12 00:05,584975526,BUY,0.01,0.0,4355.99,4376.44,-15.77
2026-09-12 00:10,584978394,BUY,0.01,0.0,4363.33,4376.44,-4.12
2026-09-12 00:17,584982562,BUY,0.01,0.0,4357.04,4376.44,-5.1
2026-09-12 00:39,584999291,BUY,0.01,0.0,4353.98,4376.44,-8.18
2026-09-12 00:44,585002017,BUY,0.01,0.0,4356.25,4376.44,-7.14
2026-09-12 00:52,585005646,BUY,0.01,0.0,4357.3,4376.44,-4.01
2026-09-12 00:56,585006359,BUY,0.01,0.0,4358.37,4376.44,-3.9
2026-09-12 00:59,585007173,BUY,0.01,0.0,4359.14,4376.44,-3.51
2026-09-12 01:00,585007661,BUY,0.01,0.0,4350.94,4376.44,-11.07
2026-09-12 01:02,585008392,BUY,0.01,0.0,4358.7,4376.44,-4.88
2026-09-12 01:05,585009342,BUY,0.01,0.0,4359.81,4376.44,-2.44
2026-09-12 01:07,585010286,BUY,0.01,0.0,4358.97,4376.44,-5.03
2026-09-12 01:10,585011532,BUY,0.01,0.0,4351.53,4376.44,-12.58
2026-09-12 01:12,585012383,BUY,0.01,0.0,4359.15,4376.44,-5.39
2026-09-12 01:16,585015059,BUY,0.01,0.0,4360.78,4376.44,-3.7199999999999998
2026-09-12 01:18,585016658,BUY,0.01,0.0,4360.07,4376.44,-6.65
2026-09-12 01:25,585019615,BUY,0.01,0.0,4362.62,4376.44,-6.6
2026-09-12 01:28,585020429,BUY,0.01,0.0,4363.73,4376.44,-4.02
2026-09-12 01:32,585021986,BUY,0.01,0.0,4362.33,4376.44,-7.97
2026-09-12 01:35,585022433,BUY,0.01,0.0,4365.22,4376.44,-4.29
2026-09-12 01:44,585025413,BUY,0.01,0.0,4357.22,4376.44,-4.66
2026-09-12 01:49,585026696,BUY,0.01,0.0,4356.73,4376.44,-4.17
2026-09-12 01:55,585028402,BUY,0.01,0.0,4352.97,4376.44,-9.95
2026-09-12 02:03,585030819,BUY,0.01,0.0,4354.84,4376.44,-4.65
2026-09-12 02:12,585033060,BUY,0.01,0.0,4351.39,4376.44,-3.32
2026-09-12 03:02,585040655,BUY,0.01,0.0,4343.39,4376.44,-3.48
2026-09-12 03:05,585041001,BUY,0.01,0.0,4343.23,4376.44,-4.64
2026-09-12 03:09,585041994,BUY,0.01,0.0,4341.93,4376.44,-6.57
2026-09-12 03:12,585042428,BUY,0.01,0.0,4344.25,4376.44,-5.37
2026-09-12 03:15,585042994,BUY,0.01,0.0,4337.34,4376.44,-14.9
2026-09-12 03:15,585042996,BUY,0.01,0.0,4331.47,4376.44,-15.46
2026-09-12 03:21,585043983,BUY,0.01,0.0,4346.45,4376.44,-3.94
2026-09-12 03:24,585044499,BUY,0.01,0.0,4346.28,4376.44,-5.03
2026-09-12 03:29,585045298,BUY,0.01,0.0,4347.08,4376.44,-3.37
2026-09-12 03:38,585046976,BUY,0.01,0.0,4343.5,4376.44,-3.37
2026-09-12 03:40,585047236,BUY,0.01,0.0,4343.46,4376.44,-3.33
2026-09-12 03:40,585047237,BUY,0.01,0.0,4339.68,4376.44,-7.03
2026-09-12 03:45,585047917,BUY,0.01,0.0,4343.52,4376.44,-2.35
2026-09-12 04:06,585052198,BUY,0.01,0.0,4345.76,4376.44,-4.12
2026-09-12 04:10,585052622,BUY,0.01,0.0,4347.6,4376.44,-2.7
2026-09-12 04:20,585053548,BUY,0.01,0.0,4344.76,4376.44,-4.64
2026-09-12 04:24,585053777,BUY,0.01,0.0,4347.81,4376.44,-2.2800000000000002
2026-09-12 04:25,585053825,BUY,0.01,0.0,4341.49,4376.44,-7.83
2026-09-12 04:27,585053921,BUY,0.01,0.0,4347.56,4376.44,-1.72
2026-09-12 04:29,585054175,BUY,0.01,0.0,4346.87,4376.44,-2.55
2026-09-12 04:35,585054475,BUY,0.01,0.0,4345.87,4376.44,-2.0
2026-09-12 04:38,585054661,BUY,0.01,0.0,4345.91,4376.44,-2.5
2026-09-12 04:40,585054834,BUY,0.01,0.0,4343.12,4376.44,-5.36
2026-09-12 04:45,585055478,BUY,0.01,0.0,4344.79,4376.44,-1.83
2026-09-12 04:50,585056292,BUY,0.01,0.0,4341.98,4376.44,-5.65
2026-09-12 04:52,585056471,BUY,0.01,0.0,4345.69,4376.44,-1.79
2026-09-12 04:55,585056806,BUY,0.01,0.0,4344.0,4376.44,-4.76
2026-09-14 09:58,585130647,SELL,0.01,4354.17,4434.1,4224.84,0.0
2026-09-14 08:13,585137481,SELL,0.01,4347.25,4353.74,4336.75,10.63
2026-09-14 08:14,585150185,BUY,0.01,0.0,4338.83,4376.44,-5.5600000000000005
2026-09-14 09:00,585166962,BUY,0.01,0.0,4320.66,4376.44,-13.59
2026-09-14 09:02,585168503,BUY,0.01,0.0,4329.6,4347.49,-14.29
2026-09-14 09:09,585173125,BUY,0.01,0.0,4323.56,4347.49,12.74
2026-09-14 09:28,585183772,BUY,0.01,0.0,4325.77,4347.49,10.56
2026-09-14 09:45,585192678,BUY,0.01,0.0,4332.28,4347.49,4.27
2026-09-14 09:57,585197745,BUY,0.01,0.0,4342.86,4376.44,-7.59
2026-09-14 10:02,585199775,BUY,0.01,0.0,4346.88,4355.27,1.16
2026-09-14 10:06,585201681,BUY,0.01,0.0,4344.87,4355.27,5.1
2026-09-14 10:08,585202483,BUY,0.01,0.0,4345.38,4355.27,1.73
2026-09-14 10:14,585204008,BUY,0.01,0.0,4344.87,4355.27,6.08
2026-09-14 10:18,585204594,BUY,0.01,0.0,4345.62,4355.27,5.8
2026-09-14 10:20,585204879,BUY,0.01,0.0,4346.08,4355.27,5.8100000000000005
2026-09-14 10:22,585205158,BUY,0.01,0.0,4346.71,4355.27,5.19
2026-09-14 10:24,585205831,BUY,0.01,0.0,4347.35,4355.27,2.63
2026-09-14 10:25,585206092,BUY,0.01,0.0,4337.34,4376.44,-16.14
2026-09-14 10:32,585208137,BUY,0.01,0.0,4348.21,4355.27,0.21
2026-09-14 10:35,585208897,BUY,0.01,0.0,4350.1,4355.27,-4.06
2026-09-14 10:44,585213518,BUY,0.01,0.0,4339.55,4355.27,-7.75
2026-09-14 10:50,585215930,BUY,0.01,0.0,4334.8,4355.27,-9.97
2026-09-14 12:00,585240623,BUY,0.01,0.0,4327.36,4355.37,-3.11
2026-09-14 12:02,585241059,BUY,0.01,0.0,4327.92,4355.37,-2.7
2026-09-14 12:05,585241514,BUY,0.01,0.0,4327.97,4355.37,-3.81
2026-09-14 12:05,585241517,BUY,0.01,0.0,4323.6,4355.37,-8.18
2026-09-14 12:08,585242201,BUY,0.01,0.0,4327.95,4355.37,-2.2800000000000002
2026-09-14 12:11,585243398,BUY,0.01,0.0,4327.44,4355.37,-3.09
2026-09-14 12:15,585244066,BUY,0.01,0.0,4324.1,4355.37,-5.4
2026-09-14 12:17,585244494,BUY,0.01,0.0,4327.39,4355.37,-2.91
2026-09-14 12:20,585244951,BUY,0.01,0.0,4327.42,4355.37,-2.44
2026-09-14 12:24,585245636,BUY,0.01,0.0,4327.76,4355.37,-2.59
2026-09-14 12:25,585245798,BUY,0.01,0.0,4324.4,4355.37,-6.08
2026-09-14 12:28,585246807,BUY,0.01,0.0,4328.29,4355.37,-3.23
2026-09-14 12:36,585249313,BUY,0.01,0.0,4325.9,4355.37,-3.7800000000000002
2026-09-14 12:59,585260876,BUY,0.01,0.0,4326.12,4355.37,-3.74
2026-09-14 13:09,585264279,BUY,0.01,0.0,4327.51,4355.37,-3.31
2026-09-14 13:10,585264573,BUY,0.01,0.0,4322.37,4355.37,-6.12
2026-09-14 13:13,585265679,BUY,0.01,0.0,4324.01,4355.37,-4.06
2026-09-14 13:21,585267727,BUY,0.01,0.0,4327.46,4355.37,-2.45
2026-09-14 13:26,585269784,BUY,0.01,0.0,4324.52,4355.37,-3.75
2026-09-14 13:30,585270947,BUY,0.01,0.0,4320.98,4355.37,-5.07
2026-09-14 13:32,585273008,BUY,0.01,0.0,4323.01,4355.37,-9.67
2026-09-14 13:37,585276734,BUY,0.01,0.0,4328.5,4355.37,-5.76
2026-09-14 13:40,585278290,BUY,0.01,0.0,4318.84,4355.37,-16.12
2026-09-14 13:45,585283123,BUY,0.01,0.0,4322.13,4355.37,-9.93
2026-09-14 13:52,585288852,BUY,0.01,0.0,4318.62,4355.37,-10.58
2026-09-14 14:00,585293116,BUY,0.01,0.0,4314.8,4355.37,-22.66
2026-09-14 14:03,585295312,BUY,0.01,0.0,4331.75,4355.37,-5.13
2026-09-14 14:09,585299005,BUY,0.01,0.0,4327.67,4355.37,-4.8
2026-09-14 14:12,585300890,BUY,0.01,0.0,4326.98,4355.37,-5.74
2026-09-14 14:15,585302813,BUY,0.01,0.0,4323.27,4355.37,-6.84
2026-09-14 14:15,585302829,BUY,0.01,0.0,4310.87,4355.37,-18.51
2026-09-14 14:18,585303459,BUY,0.01,0.0,4324.25,4355.37,-5.09
2026-09-14 14:21,585304865,BUY,0.01,0.0,4325.25,4355.37,-3.86
2026-09-14 14:24,585305601,BUY,0.01,0.0,4323.86,4355.37,-5.39
2026-09-14 14:27,585306576,BUY,0.01,0.0,4326.16,4355.37,-5.26
2026-09-14 14:30,585307939,BUY,0.01,0.0,4327.5,4355.37,-2.7199999999999998
2026-09-14 14:30,585307944,BUY,0.01,0.0,4318.01,4355.37,-12.19
2026-09-14 14:30,585307964,BUY,0.01,0.0,4304.3,4355.37,-25.81
2026-09-14 14:32,585308689,BUY,0.01,0.0,4327.3,4355.37,-4.32
2026-09-14 14:34,585309368,BUY,0.01,0.0,4326.68,4355.37,-2.77
2026-09-14 14:37,585310403,BUY,0.01,0.0,4326.4,4355.37,-5.28
2026-09-14 14:46,585314683,BUY,0.01,0.0,4322.43,4355.37,-6.68
2026-09-14 14:48,585315814,BUY,0.01,0.0,4323.03,4355.37,-4.5600000000000005
2026-09-14 14:53,585319433,BUY,0.01,0.0,4319.27,4355.37,-4.98
2026-09-14 16:05,585363461,BUY,0.01,0.0,4308.05,4338.73,-7.24
2026-09-14 16:07,585364426,BUY,0.01,0.0,4310.13,4338.73,-7.3
2026-09-14 16:10,585365677,BUY,0.01,0.0,4310.52,4338.73,-5.46
2026-09-14 16:18,585369144,BUY,0.01,0.0,4307.63,4338.73,-3.79
2026-09-14 16:21,585370708,BUY,0.01,0.0,4307.57,4338.73,-4.76
2026-09-14 16:25,585372717,BUY,0.01,0.0,4309.2,4338.73,-4.32
2026-09-14 16:25,585372722,BUY,0.01,0.0,4303.54,4338.73,-9.96
2026-09-14 16:28,585373233,BUY,0.01,0.0,4309.99,4338.73,-3.11
2026-09-14 16:49,585374152,BUY,0.01,4307.94,4287.25,4357.76,-20.53
2026-09-14 16:32,585374978,BUY,0.01,0.0,4307.41,4338.73,-5.07
2026-09-14 16:35,585376184,BUY,0.01,0.0,4308.66,4338.73,-4.43
2026-09-14 16:40,585377570,BUY,0.01,0.0,4303.2,4338.73,-10.38
2026-09-14 16:41,585377711,BUY,0.01,0.0,4309.17,4338.73,-4.62
2026-09-14 16:45,585379166,BUY,0.01,0.0,4306.66,4338.73,-5.35
2026-09-14 16:49,585381236,BUY,0.01,4307.94,4287.21,4357.76,-20.64
2026-09-14 17:02,585388216,BUY,0.01,0.0,4302.41,4338.73,-9.25
2026-09-14 17:05,585389594,BUY,0.01,0.0,4304.6,4338.73,-4.7
2026-09-14 17:09,585390349,BUY,0.01,0.0,4305.12,4338.73,-4.17
2026-09-14 17:11,585391141,BUY,0.01,0.0,4304.91,4338.73,-4.15
2026-09-14 17:15,585392576,BUY,0.01,4303.27,4282.65,4360.64,-20.52
2026-09-14 19:02,585458791,BUY,0.01,0.0,4291.14,4338.73,-4.01
2026-09-14 19:05,585459944,BUY,0.01,0.0,4291.65,4338.73,-5.34
2026-09-14 19:05,585459946,BUY,0.01,0.0,4284.19,4338.73,-12.8
2026-09-14 19:09,585461721,BUY,0.01,0.0,4290.68,4338.73,-4.86
2026-09-14 19:13,585463707,BUY,0.01,0.0,4289.13,4338.73,-3.5300000000000002
2026-09-14 19:17,585465378,BUY,0.01,0.0,4288.38,4338.73,-5.11
2026-09-14 19:23,585468044,BUY,0.01,0.0,4291.61,4338.73,-4.67
2026-09-14 19:25,585468413,BUY,0.01,0.0,4285.75,4338.73,-11.01
2026-09-14 19:27,585468623,BUY,0.01,0.0,4293.87,4338.73,-2.6
2026-09-14 19:30,585469163,BUY,0.01,0.0,4293.94,4338.73,-2.2
2026-09-14 19:32,585469669,BUY,0.01,0.0,4294.3,4338.73,-2.08
2026-09-14 19:35,585470846,BUY,0.01,0.0,4292.34,4338.73,-2.7199999999999998
2026-09-14 19:39,585472490,BUY,0.01,0.0,4290.5,4338.73,-2.95
2026-09-14 19:43,585474195,BUY,0.01,0.0,4290.2,4338.73,-4.28
2026-09-14 19:45,585474800,BUY,0.01,0.0,4278.33,4338.73,-14.26
2026-09-14 19:50,585476742,BUY,0.01,0.0,4289.67,4338.73,-3.6
2026-09-14 19:55,585479792,BUY,0.01,0.0,4284.35,4338.73,-4.06
2026-09-14 19:58,585482177,BUY,0.01,0.0,4281.81,4338.73,-3.68
2026-09-14 20:00,585483221,BUY,0.01,0.0,4282.01,4338.73,-5.1
2026-09-14 20:05,585487442,BUY,0.01,0.0,4278.72,4338.73,-8.49
2026-09-14 20:06,585487663,BUY,0.01,0.0,4282.27,4296.93,10.67
2026-09-14 20:08,585489079,BUY,0.01,0.0,4283.06,4296.93,5.18
2026-09-14 20:15,585496275,BUY,0.01,0.0,4270.37,4338.73,-24.73
2026-09-14 20:18,585500053,BUY,0.01,0.0,4287.65,4296.93,-7.66
2026-09-14 20:24,585506471,BUY,0.01,0.0,4281.23,4296.93,-5.62
2026-09-14 20:27,585509451,BUY,0.01,0.0,4278.93,4296.93,-7.07
2026-09-14 20:30,585511419,BUY,0.01,0.0,4280.54,4296.93,-5.4
2026-09-14 20:32,585514008,BUY,0.01,0.0,4278.73,4296.93,-9.16
2026-09-14 20:48,585537583,BUY,0.01,0.0,4271.7,4296.93,-9.31
2026-09-14 21:03,585559769,BUY,0.01,0.0,4261.44,4297.6,-8.8
2026-09-14 21:23,585585667,BUY,0.01,0.0,4267.36,4297.6,-7.66
2026-09-14 21:30,585590652,BUY,0.01,0.0,4267.53,4297.6,-7.71
2026-09-14 21:34,585595053,BUY,0.01,0.0,4269.26,4297.6,-5.57
2026-09-14 21:35,585596135,BUY,0.01,0.0,4258.23,4297.6,24.96
2026-09-14 21:38,585599251,BUY,0.01,0.0,4265.7,4297.6,-8.27
2026-09-14 21:43,585603701,BUY,0.01,0.0,4262.16,4297.6,28.68
2026-09-14 21:48,585609139,BUY,0.01,0.0,4266.83,4297.6,-14.41
2026-09-14 21:50,585611416,BUY,0.01,0.0,4254.34,4297.6,20.94
2026-09-14 21:51,585612675,BUY,0.01,0.0,4270.96,4297.6,-5.6899999999999995
2026-09-14 21:53,585614945,BUY,0.01,0.0,4269.41,4297.6,-9.07
2026-09-14 21:56,585618095,BUY,0.01,0.0,4264.85,4297.6,-9.93
2026-09-14 22:00,585622099,BUY,0.01,0.0,4264.02,4297.6,24.95
2026-09-14 22:11,585629523,BUY,0.01,0.0,4263.56,4297.6,23.76
2026-09-14 22:14,585632093,BUY,0.01,0.0,4266.52,4297.6,-12.15
2026-09-14 22:15,585633421,BUY,0.01,0.0,4255.82,4297.6,15.55
2026-09-14 22:26,585644885,BUY,0.01,0.0,4259.09,4297.6,32.27
2026-09-14 22:29,585648115,BUY,0.01,0.0,4259.41,4297.6,29.61
2026-09-14 22:34,585651692,BUY,0.01,0.0,4262.41,4297.6,26.76
2026-09-14 22:35,585652550,BUY,0.01,0.0,4251.58,4297.6,26.05
2026-09-14 22:39,585655430,BUY,0.01,0.0,4264.24,4297.6,26.09
2026-09-14 22:43,585657470,BUY,0.01,0.0,4265.6,4297.6,26.18
2026-09-14 22:45,585658746,BUY,0.01,0.0,4246.73,4297.6,19.66
2026-09-14 22:48,585661601,BUY,0.01,0.0,4272.94,4297.6,-4.53
2026-09-14 22:56,585668085,BUY,0.01,0.0,4270.16,4297.6,19.75
2026-09-14 23:00,585670473,BUY,0.01,0.0,4270.91,4297.6,17.96
2026-09-14 23:00,585670475,BUY,0.01,0.0,4264.03,4297.6,18.24
2026-09-14 23:03,585671554,BUY,0.01,0.0,4273.08,4282.99,-4.99
2026-09-14 23:11,585678383,BUY,0.01,0.0,4274.43,4297.6,-7.8100000000000005
2026-09-14 23:17,585682195,BUY,0.01,0.0,4269.04,4297.6,20.4
2026-09-14 23:20,585684133,BUY,0.01,0.0,4267.93,4297.6,21.66
2026-09-14 23:25,585686274,BUY,0.01,0.0,4270.32,4297.6,18.72
2026-09-14 23:25,585686311,BUY,0.01,0.0,4262.36,4297.6,18.45
2026-09-14 23:28,585687935,BUY,0.01,0.0,4274.21,4297.6,16.3
2026-09-14 23:30,585689234,BUY,0.01,0.0,4253.85,4297.6,12.37
2026-09-14 23:32,585690298,BUY,0.01,0.0,4279.51,4297.6,13.07
2026-09-14 23:43,585692263,BUY,0.01,0.0,4278.19,4297.6,3.18
2026-09-14 23:45,585693611,BUY,0.01,0.0,4288.18,4297.6,-6.24
2026-09-14 23:47,585694722,BUY,0.01,0.0,4286.06,4297.6,3.83
2026-09-14 23:52,585698194,BUY,0.01,0.0,4281.37,4297.6,9.65
2026-09-14 23:56,585700772,BUY,0.01,0.0,4283.49,4297.6,7.83
2026-09-15 00:00,585702848,BUY,0.01,0.0,4276.74,4297.6,8.89
2026-09-15 00:01,585703050,BUY,0.01,0.0,4284.82,4297.6,8.96
2026-09-15 00:03,585703987,BUY,0.01,0.0,4283.96,4297.6,9.56
2026-09-15 00:06,585704609,BUY,0.01,0.0,4283.36,4297.6,8.71
2026-09-15 00:10,585706494,BUY,0.01,0.0,4276.36,4297.6,2.3
2026-09-15 00:11,585706878,BUY,0.01,0.0,4276.36,4297.6,1.53
2026-09-15 00:12,585707379,BUY,0.01,0.0,4276.36,4297.6,0.05
2026-09-15 00:16,585708644,BUY,0.01,0.0,4290.97,4297.6,0.09
2026-09-15 00:19,585710048,BUY,0.01,0.0,4291.98,4338.73,-6.37
2026-09-15 00:23,585711504,BUY,0.01,0.0,4294.27,4338.73,-6.67
2026-09-15 00:30,585714437,BUY,0.01,0.0,4266.82,4338.73,-33.21
2026-09-15 00:32,585715144,BUY,0.01,0.0,4296.2,4338.73,-6.11
2026-09-15 00:37,585716660,BUY,0.01,0.0,4296.39,4338.73,-4.92
2026-09-15 00:40,585717439,BUY,0.01,0.0,4291.05,4338.73,-12.36
2026-09-15 00:41,585717673,BUY,0.01,0.0,4297.72,4338.73,-6.96
2026-09-15 00:44,585719026,BUY,0.01,0.0,4300.63,4338.73,-6.87
2026-09-15 00:47,585720151,BUY,0.01,0.0,4301.85,4338.73,-4.1
2026-09-15 01:00,585724707,BUY,0.01,0.0,4310.79,4338.73,-4.06
2026-09-15 01:03,585726807,BUY,0.01,0.0,4309.17,4338.73,-4.55
2026-09-15 01:05,585727580,BUY,0.01,0.0,4309.34,4338.73,-5.49
2026-09-15 01:07,585728139,BUY,0.01,0.0,4309.94,4338.73,-3.37
2026-09-15 01:09,585728788,BUY,0.01,0.0,4309.54,4338.73,-4.22
2026-09-15 01:13,585729753,BUY,0.01,0.0,4309.85,4338.73,-5.59
2026-09-15 01:17,585730664,BUY,0.01,0.0,4307.62,4338.73,-3.43
2026-09-15 01:23,585731768,BUY,0.01,0.0,4307.34,4338.73,-3.99
2026-09-15 01:25,585732167,BUY,0.01,0.0,4302.07,4338.73,-9.5
2026-09-15 01:26,585732325,BUY,0.01,0.0,4308.51,4338.73,-3.0
2026-09-15 02:15,585732385,BUY,0.01,0.0,4294.69,4338.73,-17.88
2026-09-15 02:17,585733068,BUY,0.01,0.0,4309.76,4338.73,-2.52
2026-09-15 02:19,585733194,BUY,0.01,0.0,4309.76,4338.73,-1.85
2026-09-15 02:21,585733474,BUY,0.01,0.0,4309.86,4338.73,-1.97
2026-09-15 02:30,585734401,BUY,0.01,0.0,4304.68,4338.73,-4.95
2026-09-15 02:35,585735498,BUY,0.01,0.0,4300.78,4338.73,-11.36
2026-09-15 02:37,585735691,BUY,0.01,0.0,4309.23,4338.73,-2.83
2026-09-15 02:44,585737485,BUY,0.01,0.0,4307.3,4338.73,-2.27
2026-09-15 02:45,585737673,BUY,0.01,0.0,4293.41,4338.73,-15.95
2026-09-15 02:49,585738589,BUY,0.01,0.0,4305.65,4338.73,-2.25
2026-09-15 02:53,585739484,BUY,0.01,0.0,4303.14,4338.73,-2.7
2026-09-15 02:57,585739820,BUY,0.01,0.0,4303.68,4338.73,-2.79
2026-09-15 03:00,585740156,BUY,0.01,0.0,4304.06,4338.73,-3.77
2026-09-15 03:04,585740704,BUY,0.01,0.0,4303.34,4338.73,-2.21
2026-09-15 04:10,585748714,BUY,0.01,0.0,4282.73,4297.6,11.25
2026-09-15 04:16,585749325,BUY,0.01,0.0,4285.85,4297.6,7.79
2026-09-15 04:25,585750496,BUY,0.01,0.0,4291.88,4297.6,1.69
2026-09-15 04:31,585751012,BUY,0.01,0.0,4294.53,4338.73,-3.8
2026-09-15 04:40,585751518,BUY,0.01,0.0,4293.11,4297.6,1.24
2026-09-15 04:43,585751761,BUY,0.01,0.0,4293.08,4297.6,2.2
2026-09-15 04:46,585751825,BUY,0.01,0.0,4293.03,4297.6,2.06
2026-09-15 04:50,585751966,BUY,0.01,0.0,4290.0,4338.73,-7.15
2026-09-15 04:53,585752024,BUY,0.01,0.0,4295.4,4297.6,0.08
2026-09-15 04:56,585752182,BUY,0.01,0.0,4296.01,4338.73,-2.95
2026-09-15 06:06,585752608,BUY,0.01,4298.73,4297.65,4300.48,-1.07
2026-09-15 06:05,585752682,BUY,0.01,0.0,4297.0,4338.73,-3.4
2026-09-15 06:10,585752685,BUY,0.01,4296.96,4296.66,4297.45,0.49
2026-09-15 06:12,585752985,BUY,0.01,0.0,4294.98,4338.73,-2.73
2026-09-15 06:19,585753027,BUY,0.01,4296.73,4294.64,4300.11,-2.04
2026-09-15 06:18,585753080,BUY,0.01,0.0,4295.17,4297.6,0.0
2026-09-15 06:22,585753207,BUY,0.01,0.0,4294.34,4297.6,0.7
2026-09-15 06:27,585753549,BUY,0.01,0.0,4291.07,4297.6,2.82
2026-09-15 06:35,585753847,BUY,0.01,0.0,4289.35,4297.6,0.69
2026-09-15 06:37,585753948,BUY,0.01,0.0,4295.06,4297.6,-2.19
2026-09-15 06:40,585754263,BUY,0.01,0.0,4292.18,4297.6,1.7
2026-09-15 06:42,585754453,BUY,0.01,0.0,4292.92,4297.6,1.06
2026-09-15 06:45,585754633,BUY,0.01,0.0,4283.55,4338.73,-12.55
2026-09-15 06:50,585754800,BUY,0.01,0.0,4290.09,4297.6,1.72
2026-09-15 06:51,585754825,BUY,0.01,0.0,4292.34,4297.6,1.06
2026-09-15 06:55,585755018,BUY,0.01,0.0,4292.25,4297.6,-4.57
2026-09-15 07:00,585755370,BUY,0.01,0.0,4291.3,4297.6,-4.31
2026-09-15 07:00,585755379,BUY,0.01,0.0,4275.59,4338.73,-20.16
2026-09-15 07:04,585755380,BUY,0.01,4294.62,4253.6,4360.99,0.0
2026-09-15 07:02,585755509,BUY,0.01,0.0,4292.85,4297.6,-2.58
2026-09-15 07:04,585755612,BUY,0.01,0.0,4292.52,4297.6,-2.5
2026-09-15 07:06,585755761,BUY,0.01,0.0,4290.88,4297.6,-4.05
2026-09-15 07:09,585756029,BUY,0.01,0.0,4289.96,4297.6,-3.6
2026-09-15 07:12,585756519,BUY,0.01,0.0,4288.76,4297.6,-3.27
2026-09-15 07:14,585756659,BUY,0.01,0.0,4289.49,4297.6,-3.03
2026-09-15 07:18,585757021,BUY,0.01,0.0,4288.17,4297.6,-2.9
2026-09-15 07:23,585757633,BUY,0.01,0.0,4285.3,4297.6,-4.5
2026-09-15 07:29,585758240,BUY,0.01,0.0,4284.92,4297.6,-5.22
2026-09-15 07:32,585758523,BUY,0.01,0.0,4287.02,4297.6,-4.4
2026-09-15 07:35,585758960,BUY,0.01,0.0,4285.39,4297.6,-5.6
2026-09-15 07:35,585758963,BUY,0.01,0.0,4281.96,4297.6,6.35
2026-09-15 07:39,585759414,BUY,0.01,0.0,4285.95,4297.6,-4.11
2026-09-15 07:43,585759794,BUY,0.01,0.0,4286.6,4297.6,-2.64
2026-09-15 07:45,585759957,BUY,0.01,0.0,4286.78,4297.6,-2.16
2026-09-15 07:45,585759961,BUY,0.01,0.0,4277.88,4297.6,8.72
2026-09-15 07:50,585760370,BUY,0.01,0.0,4285.64,4297.6,-3.41
2026-09-15 07:55,585760769,BUY,0.01,0.0,4285.89,4297.6,-2.08
2026-09-15 07:59,585761172,BUY,0.01,0.0,4286.38,4297.6,-2.37
2026-09-15 08:00,585761368,BUY,0.01,0.0,4282.59,4297.6,8.76
2026-09-15 08:46,585772591,BUY,0.01,0.0,4289.6,4297.6,-3.42
2026-09-15 08:48,585772974,BUY,0.01,0.0,4289.52,4297.6,-3.2800000000000002
2026-09-15 08:53,585773764,BUY,0.01,0.0,4291.39,4297.6,-5.46
2026-09-15 08:57,585774377,BUY,0.01,0.0,4291.64,4297.6,-2.5300000000000002
2026-09-15 09:00,585774848,BUY,0.01,0.0,4290.78,4297.6,-2.52
2026-09-15 09:04,585776802,BUY,0.01,0.0,4285.03,4297.6,3.79
2026-09-15 09:08,585778777,BUY,0.01,0.0,4289.4,4297.6,0.18
2026-09-15 09:10,585779478,BUY,0.01,0.0,4281.24,4297.6,3.42
2026-09-15 09:15,585781190,BUY,0.01,0.0,4291.99,4338.73,-7.93
2026-09-15 09:27,585785052,BUY,0.01,0.0,4298.43,4338.73,-3.45
2026-09-15 09:30,585785579,BUY,0.01,0.0,4297.68,4338.73,-5.1
2026-09-15 09:35,585787763,BUY,0.01,0.0,4293.24,4338.73,-9.27
2026-09-15 09:40,585789913,BUY,0.01,0.0,4293.05,4338.73,-4.99
2026-09-15 09:42,585790637,BUY,0.01,0.0,4292.81,4338.73,-3.63
2026-09-15 09:47,585793060,BUY,0.01,0.0,4293.29,4338.73,-6.9399999999999995
2026-09-15 09:50,585793746,BUY,0.01,0.0,4288.17,4338.73,-12.57
2026-09-15 09:59,585797412,BUY,0.01,0.0,4297.91,4338.73,-5.9399999999999995
2026-09-15 10:00,585797905,BUY,0.01,0.0,4286.41,4338.73,-18.75
2026-09-15 10:08,585801074,BUY,0.01,0.0,4302.73,4338.73,-4.67
2026-09-15 10:14,585802390,BUY,0.01,0.0,4301.88,4338.73,-5.11
2026-09-15 10:15,585802501,BUY,0.01,0.0,4283.81,4338.73,-23.54
2026-09-15 10:17,585802623,BUY,0.01,0.0,4303.46,4338.73,-3.9
2026-09-15 10:20,585802914,BUY,0.01,0.0,4297.87,4338.73,-9.39
2026-09-15 10:21,585802998,BUY,0.01,0.0,4303.02,4338.73,-4.11
2026-09-15 10:24,585803662,BUY,0.01,0.0,4303.85,4338.73,-4.57
2026-09-15 10:27,585804356,BUY,0.01,0.0,4306.11,4338.73,-2.91
2026-09-15 10:30,585805065,BUY,0.01,0.0,4306.44,4338.73,-3.57
2026-09-15 10:32,585805772,BUY,0.01,0.0,4305.16,4338.73,-5.68
2026-09-15 10:38,585807704,BUY,0.01,0.0,4306.71,4338.73,-6.19
2026-09-15 10:40,585808810,BUY,0.01,0.0,4300.32,4338.73,-14.87
2026-09-15 10:47,585811289,BUY,0.01,0.0,4308.22,4338.73,-6.14
2026-09-15 10:53,585813551,BUY,0.01,0.0,4310.39,4338.73,-4.73
2026-09-15 10:55,585814363,BUY,0.01,0.0,4303.94,4338.73,-8.38
2026-09-15 10:56,585814513,BUY,0.01,0.0,4308.48,4338.73,-4.2
2026-09-15 10:59,585815644,BUY,0.01,0.0,4309.3,4338.73,-3.68
2026-09-15 11:03,585817475,BUY,0.01,0.0,4307.15,4338.73,-4.65
2026-09-15 11:08,585819275,BUY,0.01,0.0,4308.92,4338.73,-4.11
2026-09-15 11:10,585819483,BUY,0.01,0.0,4309.93,4338.73,-3.85
2026-09-15 11:10,585819486,BUY,0.01,0.0,4303.43,4338.73,-10.28
2026-09-15 11:17,585820687,BUY,0.01,0.0,4308.59,4338.73,-2.57
2026-09-15 11:19,585821354,BUY,0.01,0.0,4308.03,4338.73,-4.26
2026-09-15 11:22,585822132,BUY,0.01,0.0,4309.64,4338.73,-2.77
2026-09-15 11:25,585823440,BUY,0.01,0.0,4303.9,4338.73,-7.05
2026-09-15 11:28,585824033,BUY,0.01,0.0,4307.63,4338.73,-3.9699999999999998
2026-09-15 11:30,585824382,BUY,0.01,0.0,4298.7,4338.73,-12.54
2026-09-15 11:34,585825225,BUY,0.01,0.0,4308.77,4338.73,-3.08
2026-09-15 11:35,585825409,BUY,0.01,0.0,4303.88,4338.73,-9.17
2026-09-15 11:42,585828510,BUY,0.01,0.0,4306.97,4338.73,-1.6400000000000001
2026-09-15 11:45,585828872,BUY,0.01,0.0,4306.43,4338.73,-2.19
2026-09-15 11:47,585829277,BUY,0.01,0.0,4306.36,4338.73,-3.52
2026-09-15 11:55,585831578,BUY,0.01,0.0,4302.21,4338.73,-2.65
2026-09-15 11:58,585832114,BUY,0.01,0.0,4301.67,4338.73,-3.15
2026-09-15 12:09,585834600,BUY,0.01,0.0,4301.14,4338.73,-4.65
2026-09-15 12:10,585834711,BUY,0.01,0.0,4297.95,4338.73,-7.95
2026-09-15 12:13,585835999,BUY,0.01,0.0,4302.55,4338.73,-4.48
2026-09-15 12:21,585839370,BUY,0.01,0.0,4300.97,4338.73,-4.11
2026-09-15 12:24,585840340,BUY,0.01,0.0,4300.37,4338.73,-2.7800000000000002
2026-09-15 12:28,585841288,BUY,0.01,0.0,4300.95,4338.73,-2.74
2026-09-15 12:30,585841912,BUY,0.01,0.0,4298.18,4338.73,-5.62
2026-09-15 12:30,585841914,BUY,0.01,0.0,4291.44,4338.73,-12.34
2026-09-15 12:33,585842445,BUY,0.01,0.0,4301.8,4338.73,-1.8
2026-09-15 12:39,585843828,BUY,0.01,0.0,4299.27,4338.73,-3.89
2026-09-15 12:45,585845593,BUY,0.01,0.0,4296.16,4338.73,-9.05
2026-09-15 13:09,585851613,BUY,0.01,0.0,4299.17,4338.73,-3.04
2026-09-15 14:01,585868878,BUY,0.01,0.0,4287.97,4297.6,-4.59
2026-09-15 14:05,585870185,BUY,0.01,0.0,4287.87,4297.6,-2.61
2026-09-15 14:09,585872249,BUY,0.01,0.0,4283.61,4297.6,-7.5600000000000005
2026-09-15 14:13,585873880,BUY,0.01,0.0,4283.26,4297.6,-4.12
2026-09-15 14:17,585875214,BUY,0.01,0.0,4286.02,4297.6,-4.47
2026-09-15 14:20,585875773,BUY,0.01,0.0,4280.17,4297.6,-9.52
2026-09-15 14:23,585876651,BUY,0.01,0.0,4285.64,4297.6,-4.64
2026-09-15 14:29,585878399,BUY,0.01,0.0,4284.77,4297.6,-4.57
2026-09-15 14:30,585878590,BUY,0.01,0.0,4276.9,4297.6,-12.68
2026-09-15 14:35,585879757,BUY,0.01,0.0,4283.76,4297.6,-4.08
2026-09-15 14:39,585880864,BUY,0.01,0.0,4285.56,4297.6,-4.6
2026-09-15 14:40,585881292,BUY,0.01,0.0,4279.75,4297.6,-10.94
2026-09-15 14:44,585882341,BUY,0.01,0.0,4286.34,4297.6,-4.33
2026-09-15 14:49,585884619,BUY,0.01,0.0,4288.4,4297.6,-4.0
2026-09-15 14:54,585885422,BUY,0.01,0.0,4290.04,4297.6,-2.95
2026-09-15 14:57,585886242,BUY,0.01,0.0,4290.59,4297.6,-3.58
2026-09-15 15:00,585887209,BUY,0.01,0.0,4291.57,4297.6,-1.6400000000000001
2026-09-15 15:02,585888245,BUY,0.01,0.0,4289.97,4297.6,-2.12
2026-09-15 15:05,585889670,BUY,0.01,0.0,4287.01,4297.6,-4.9
2026-09-15 15:08,585890806,BUY,0.01,0.0,4285.96,4297.6,-4.76
2026-09-15 15:14,585893574,BUY,0.01,0.0,4284.13,4297.6,-3.66
2026-09-15 15:16,585894376,BUY,0.01,0.0,4283.99,4297.6,-5.21
2026-09-15 15:20,585895915,BUY,0.01,0.0,4286.79,4297.6,-5.08
2026-09-15 15:20,585895922,BUY,0.01,0.0,4281.1,4297.6,-10.72
2026-09-15 15:22,585896533,BUY,0.01,0.0,4286.51,4297.6,-3.04
2026-09-15 15:26,585897657,BUY,0.01,0.0,4285.37,4297.6,-3.27
2026-09-15 15:28,585898130,BUY,0.01,0.0,4285.18,4297.6,-5.06
2026-09-15 15:30,585898689,BUY,0.01,0.0,4277.11,4297.6,-14.81
2026-09-15 15:33,585899937,BUY,0.01,0.0,4287.62,4297.6,-3.17
2026-09-15 15:35,585900418,BUY,0.01,0.0,4282.1,4297.6,-8.3
2026-09-15 17:04,585945410,BUY,0.01,0.0,4258.9,4297.6,0.0
2026-09-15 17:09,585947243,BUY,0.01,0.0,4261.23,4297.6,0.0
2026-09-15 17:12,585948226,BUY,0.01,0.0,4260.31,4297.6,0.0
2026-09-15 17:15,585949051,BUY,0.01,0.0,4261.14,4297.6,0.0
2026-09-15 17:17,585949904,BUY,0.01,0.0,4260.6,4297.6,0.0
2026-09-15 17:20,585951590,BUY,0.01,0.0,4258.59,4297.6,0.0
2026-09-15 17:23,585952317,BUY,0.01,0.0,4259.11,4297.6,0.0
2026-09-15 17:25,585952749,BUY,0.01,0.0,4255.34,4297.6,0.0
2026-09-15 17:29,585954203,BUY,0.01,0.0,4259.09,4297.6,0.0
2026-09-15 17:32,585955150,BUY,0.01,0.0,4262.1,4297.6,0.0
2026-09-15 17:34,585955978,BUY,0.01,0.0,4261.6,4297.6,0.0
2026-09-15 17:36,585956659,BUY,0.01,0.0,4261.5,4297.6,0.0
2026-09-15 17:38,585957325,BUY,0.01,0.0,4261.8,4297.6,0.0
2026-09-15 17:47,585960335,BUY,0.01,0.0,4265.58,4297.6,0.0
2026-09-15 17:53,585962296,BUY,0.01,0.0,4266.66,4297.6,0.0
2026-09-15 17:56,585962859,BUY,0.01,0.0,4266.1,4297.6,0.0
2026-09-15 18:00,585964066,BUY,0.01,0.0,4265.45,4297.6,0.0
2026-09-15 18:05,585965813,BUY,0.01,0.0,4261.36,4297.6,0.0
2026-09-15 18:07,585966611,BUY,0.01,0.0,4268.7,4297.6,0.0
2026-09-15 18:11,585967722,BUY,0.01,0.0,4271.15,4297.6,-3.2800000000000002
2026-09-15 18:15,585969696,BUY,0.01,0.0,4269.61,4297.6,0.0
2026-09-15 18:19,585971116,BUY,0.01,0.0,4267.55,4297.6,0.0
2026-09-15 18:22,585971910,BUY,0.01,0.0,4268.87,4297.6,0.0
2026-09-15 18:24,585972720,BUY,0.01,0.0,4267.96,4297.6,0.0
2026-09-15 18:25,585972961,BUY,0.01,0.0,4263.51,4297.6,0.0
2026-09-15 18:29,585974305,BUY,0.01,0.0,4271.38,4297.6,0.0
2026-09-15 18:31,585974826,BUY,0.01,0.0,4271.44,4297.6,-3.14
2026-09-15 18:34,585975448,BUY,0.01,0.0,4272.34,4297.6,-3.25
2026-09-15 18:36,585975874,BUY,0.01,0.0,4272.97,4297.6,-2.02
2026-09-15 18:41,585976982,BUY,0.01,0.0,4272.22,4297.6,-2.08
2026-09-15 18:43,585977936,BUY,0.01,0.0,4272.0,4297.6,-5.46
2026-09-15 18:45,585978914,BUY,0.01,0.0,4268.43,4297.6,0.0
2026-09-15 18:47,585980015,BUY,0.01,0.0,4272.93,4297.6,-3.44
2026-09-15 18:51,585981588,BUY,0.01,0.0,4272.5,4297.6,-6.45
2026-09-15 18:59,585985542,BUY,0.01,0.0,4279.25,4297.6,-3.15
2026-09-15 20:55,585986020,SELL,0.01,4295.54,4317.37,4260.22,0.0
2026-09-15 19:02,585986412,BUY,0.01,0.0,4278.72,4283.89,-2.64
2026-09-15 19:08,585987953,BUY,0.01,0.0,4276.73,4283.89,3.58
2026-09-15 19:14,585990367,BUY,0.01,0.0,4279.55,4283.89,0.29
2026-09-15 19:15,585990965,BUY,0.01,0.0,4273.73,4283.89,0.06
2026-09-15 19:17,585992018,BUY,0.01,0.0,4281.02,4297.6,-3.67
2026-09-15 19:22,585994361,BUY,0.01,0.0,4280.54,4297.6,-3.8
2026-09-15 19:24,585994931,BUY,0.01,0.0,4281.32,4297.6,-2.81
2026-09-15 19:26,585995324,BUY,0.01,0.0,4280.96,4297.6,-2.98
2026-09-15 19:29,585995943,BUY,0.01,0.0,4281.14,4297.6,-2.65
2026-09-15 19:34,585997935,BUY,0.01,0.0,4279.68,4283.89,0.24
2026-09-15 19:42,586002339,BUY,0.01,0.0,4278.48,4283.89,2.32
2026-09-15 19:49,586005564,BUY,0.01,0.0,4281.93,4297.6,-2.9
2026-09-15 19:50,586006515,BUY,0.01,0.0,4275.66,4283.89,-0.03
2026-09-15 19:52,586006891,BUY,0.01,0.0,4281.6,4297.6,-3.2800000000000002
2026-09-15 20:00,586010674,BUY,0.01,0.0,4271.35,4297.6,0.0
2026-09-15 20:04,586012438,BUY,0.01,0.0,4279.37,4286.75,-2.9
2026-09-15 20:13,586019499,BUY,0.01,0.0,4273.49,4286.75,-4.12
2026-09-15 20:15,586020589,BUY,0.01,0.0,4274.41,4286.75,-4.23
2026-09-15 20:19,586024250,BUY,0.01,0.0,4271.37,4286.75,12.09
2026-09-15 20:22,586028818,BUY,0.01,0.0,4268.71,4286.75,14.23
2026-09-15 20:25,586030460,BUY,0.01,0.0,4268.67,4286.75,13.58
2026-09-15 20:30,586033516,BUY,0.01,0.0,4265.68,4286.75,8.73
2026-09-15 20:35,586037703,BUY,0.01,0.0,4271.27,4286.75,3.41
2026-09-15 20:42,586043528,BUY,0.01,0.0,4273.91,4286.75,7.37
2026-09-15 20:45,586044742,BUY,0.01,0.0,4261.56,4286.75,5.18
2026-09-15 20:53,586051966,BUY,0.01,0.0,4283.49,4297.6,0.0
2026-09-15 20:59,586058036,BUY,0.01,0.0,4280.41,4297.6,0.0
2026-09-15 21:00,586058711,BUY,0.01,0.0,4254.63,4297.6,0.0
2026-09-15 21:05,586062811,BUY,0.01,0.0,4284.5,4297.6,-8.52
2026-09-15 21:05,586062813,BUY,0.01,0.0,4276.4,4297.6,0.0
2026-09-15 21:10,586066053,BUY,0.01,0.0,4279.34,4297.6,0.0
2026-09-15 21:14,586068445,BUY,0.01,0.0,4282.45,4297.6,0.0
2026-09-15 21:15,586068791,BUY,0.01,0.0,4274.33,4297.6,0.0
2026-09-15 21:17,586070231,BUY,0.01,0.0,4281.88,4297.6,0.0
2026-09-15 21:21,586072996,BUY,0.01,0.0,4282.37,4297.6,0.0
2026-09-15 21:24,586075042,BUY,0.01,0.0,4279.73,4297.6,0.0
2026-09-15 21:30,586079587,BUY,0.01,0.0,4273.74,4297.6,0.0
2026-09-15 21:32,586082753,BUY,0.01,0.0,4282.42,4297.6,0.0
2026-09-15 21:36,586087833,BUY,0.01,0.0,4279.07,4297.6,0.0
2026-09-15 21:40,586093383,BUY,0.01,0.0,4273.5,4297.6,0.0
2026-09-15 21:42,586095178,BUY,0.01,0.0,4280.8,4297.6,0.0
2026-09-15 21:45,586097926,BUY,0.01,0.0,4280.17,4297.6,0.0
2026-09-15 21:45,586097934,BUY,0.01,0.0,4272.14,4297.6,0.0
2026-09-15 21:50,586101877,BUY,0.01,0.0,4274.89,4297.6,0.0
2026-09-15 21:51,586102519,BUY,0.01,0.0,4286.46,4297.6,0.0
