Date,Trades,Win,Loss,Net_PnL,Cumulative_PnL
2014-03-17,3,3,0,600.0,600.0
2014-03-18,18,6,12,0.0,600.0
2014-03-19,4,4,0,800.0,1400.0
2014-03-23,3,0,3,-300.0,1100.0
2014-03-26,24,14,10,1800.0,2900.0
2014-03-30,4,0,4,-400.0,2500.0
2014-04-07,2,2,0,400.0,2900.0
2014-04-09,12,6,6,600.0,3500.0
2014-04-12,9,6,3,900.0,4400.0
2014-04-13,17,8,9,700.0,5100.0
2014-04-14,19,8,11,500.0,5600.0
2014-04-20,6,3,3,300.0,5900.0
2014-04-21,10,10,0,2000.0,7900.0
2014-04-23,33,15,18,1200.0,9100.0
2014-05-01,6,3,3,300.0,9400.0
2014-05-04,5,5,0,1000.0,10400.0
2014-05-10,6,6,0,1200.0,11600.0
2014-05-26,73,51,22,8000.0,19600.0
2014-05-27,62,32,30,3400.0,23000.0
2014-05-28,20,3,17,-1100.0,21900.0
2014-05-29,7,0,7,-700.0,21200.0
2014-06-11,31,16,15,1700.0,22900.0
2014-06-12,3,0,3,-300.0,22600.0
2014-06-15,24,9,15,300.0,22900.0
2014-06-16,5,1,4,-200.0,22700.0
2014-06-18,42,25,17,3300.0,26000.0
2014-07-09,50,36,14,5800.0,31800.0
2014-07-13,10,1,9,-700.0,31100.0
2014-07-14,35,21,14,2800.0,33900.0
2014-07-16,8,8,0,1600.0,35500.0
2014-07-23,25,25,0,5000.0,40500.0
2014-07-30,25,12,13,1100.0,41600.0
2014-08-05,7,7,0,1400.0,43000.0
2014-08-06,9,9,0,1800.0,44800.0
2014-08-07,22,18,4,3200.0,48000.0
2014-08-19,2,2,0,400.0,48400.0
2014-08-20,83,31,52,1000.0,49400.0
2014-08-27,2,2,0,400.0,49800.0
2014-09-01,51,33,18,4800.0,54600.0
2014-09-02,4,0,4,-400.0,54200.0
2014-09-03,12,12,0,2400.0,56600.0
2014-09-07,6,3,3,300.0,56900.0
2014-09-08,4,3,1,500.0,57400.0
2014-09-09,10,10,0,2000.0,59400.0
2014-09-10,13,3,10,-400.0,59000.0
2014-09-11,9,6,3,900.0,59900.0
2014-09-16,11,6,5,700.0,60600.0
2014-09-21,9,6,3,900.0,61500.0
2014-09-24,5,0,5,-500.0,61000.0
2014-09-29,6,6,0,1200.0,62200.0
2014-10-02,56,35,21,4900.0,67100.0
2014-10-04,23,5,18,-800.0,66300.0
2014-10-05,7,0,7,-700.0,65600.0
2014-10-06,3,3,0,600.0,66200.0
2014-10-07,6,3,3,300.0,66500.0
2014-10-12,5,2,3,100.0,66600.0
2014-10-14,17,13,4,2200.0,68800.0
2014-10-20,12,6,6,600.0,69400.0
2014-10-28,27,15,12,1800.0,71200.0
2014-10-29,73,30,43,1700.0,72900.0
2014-10-30,21,9,12,600.0,73500.0
2014-11-04,12,12,0,2400.0,75900.0
2014-11-06,15,4,11,-300.0,75600.0
2014-11-13,8,5,3,700.0,76300.0
2014-11-17,12,9,3,1500.0,77800.0
2014-11-20,3,3,0,600.0,78400.0
2014-11-29,37,13,24,200.0,78600.0
2014-11-30,32,7,25,-1100.0,77500.0
2014-12-08,40,29,11,4700.0,82200.0
2014-12-16,9,9,0,1800.0,84000.0
2014-12-21,18,9,9,900.0,84900.0
2014-12-29,1,1,0,200.0,85100.0
2015-01-01,3,0,3,-300.0,84800.0
2015-01-05,41,27,14,4000.0,88800.0
2015-01-08,4,0,4,-400.0,88400.0
2015-01-10,4,4,0,800.0,89200.0
2015-01-11,40,22,18,2600.0,91800.0
2015-01-12,39,24,15,3300.0,95100.0
2015-01-13,3,3,0,600.0,95700.0
2015-01-14,64,31,33,2900.0,98600.0
2015-01-15,24,6,18,-600.0,98000.0
2015-01-20,5,3,2,400.0,98400.0
2015-01-28,16,13,3,2300.0,100700.0
2015-02-05,39,7,32,-1800.0,98900.0
2015-02-10,5,2,3,100.0,99000.0
2015-02-16,6,0,6,-600.0,98400.0
2015-02-17,13,12,1,2300.0,100700.0
2015-02-22,18,13,5,2100.0,102800.0
2015-03-05,74,54,20,8800.0,111600.0
2015-03-09,9,0,9,-900.0,110700.0
2015-03-19,16,13,3,2300.0,113000.0
2015-03-22,9,0,9,-900.0,112100.0
2015-03-23,9,6,3,900.0,113000.0
2015-03-24,10,4,6,200.0,113200.0
2015-03-25,23,8,15,100.0,113300.0
2015-04-04,7,7,0,1400.0,114700.0
2015-04-05,13,6,7,500.0,115200.0
2015-04-13,28,17,11,2300.0,117500.0
2015-04-22,3,3,0,600.0,118100.0
2015-04-23,40,30,10,5000.0,123100.0
2015-04-26,7,3,4,200.0,123300.0
2015-04-27,4,4,0,800.0,124100.0
2015-04-29,3,3,0,600.0,124700.0
2015-04-30,42,25,17,3300.0,128000.0
2015-05-12,50,33,17,4900.0,132900.0
2015-05-13,73,38,35,4100.0,137000.0
2015-05-17,20,7,13,100.0,137100.0
2015-05-25,16,10,6,1400.0,138500.0
2015-05-26,6,3,3,300.0,138800.0
2015-05-27,17,14,3,2500.0,141300.0
2015-06-02,11,4,7,100.0,141400.0
2015-06-03,16,0,16,-1600.0,139800.0
2015-06-04,35,20,15,2500.0,142300.0
2015-06-17,35,23,12,3400.0,145700.0
2015-06-22,7,3,4,200.0,145900.0
2015-06-23,5,1,4,-200.0,145700.0
2015-07-01,45,33,12,5400.0,151100.0
2015-07-06,69,35,34,3600.0,154700.0
2015-07-07,3,3,0,600.0,155300.0
2015-07-14,15,3,12,-600.0,154700.0
2015-07-15,10,3,7,-100.0,154600.0
2015-07-16,39,22,17,2700.0,157300.0
2015-07-19,37,12,25,-100.0,157200.0
2015-08-10,5,4,1,700.0,157900.0
2015-08-11,16,12,4,2000.0,159900.0
2015-08-12,5,5,0,1000.0,160900.0
2015-08-18,32,5,27,-1700.0,159200.0
2015-08-19,29,21,8,3400.0,162600.0
2015-08-20,10,4,6,200.0,162800.0
2015-08-24,2,2,0,400.0,163200.0
2015-08-25,14,8,6,1000.0,164200.0
2015-09-03,3,0,3,-300.0,163900.0
2015-09-08,42,25,17,3300.0,167200.0
2015-09-16,21,12,9,1500.0,168700.0
2015-09-17,10,4,6,200.0,168900.0
2015-09-23,58,39,19,5900.0,174800.0
2015-09-29,27,18,9,2700.0,177500.0
2015-10-01,20,20,0,4000.0,181500.0
2015-10-04,4,4,0,800.0,182300.0
2015-10-05,7,4,3,500.0,182800.0
2015-10-08,20,12,8,1600.0,184400.0
2015-10-11,46,23,23,2300.0,186700.0
2015-10-13,47,21,26,1600.0,188300.0
2015-10-27,2,2,0,400.0,188700.0
2015-10-28,15,3,12,-600.0,188100.0
2015-10-29,6,3,3,300.0,188400.0
2015-10-31,17,5,12,-200.0,188200.0
2015-11-01,3,0,3,-300.0,187900.0
2015-11-02,18,10,8,1200.0,189100.0
2015-11-03,10,3,7,-100.0,189000.0
2015-11-05,5,3,2,400.0,189400.0
2015-11-11,10,6,4,800.0,190200.0
2015-11-16,6,6,0,1200.0,191400.0
2015-11-26,47,26,21,3100.0,194500.0
2015-12-01,14,11,3,1900.0,196400.0
2015-12-02,16,10,6,1400.0,197800.0
2015-12-03,21,18,3,3300.0,201100.0
2015-12-13,3,3,0,600.0,201700.0
2015-12-16,12,9,3,1500.0,203200.0
2016-01-03,3,3,0,600.0,203800.0
2016-01-05,46,34,12,5600.0,209400.0
2016-01-06,124,52,72,3200.0,212600.0
2016-01-07,10,7,3,1100.0,213700.0
2016-01-11,10,10,0,2000.0,215700.0
2016-01-12,9,6,3,900.0,216600.0
2016-01-13,8,8,0,1600.0,218200.0
2016-01-19,4,4,0,800.0,219000.0
2016-01-25,40,24,16,3200.0,222200.0
2016-01-26,20,3,17,-1100.0,221100.0
2016-01-31,1,1,0,200.0,221300.0
2016-02-01,4,4,0,800.0,222100.0
2016-02-02,21,12,9,1500.0,223600.0
2016-02-03,19,9,10,800.0,224400.0
2016-02-04,5,3,2,400.0,224800.0
2016-02-07,15,9,6,1200.0,226000.0
2016-02-10,17,9,8,1000.0,227000.0
2016-02-15,12,6,6,600.0,227600.0
2016-02-23,11,11,0,2200.0,229800.0
2016-03-02,16,7,9,500.0,230300.0
2016-03-03,33,24,9,3900.0,234200.0
2016-03-10,19,11,8,1400.0,235600.0
2016-03-14,3,3,0,600.0,236200.0
2016-03-22,20,11,9,1300.0,237500.0
2016-03-23,15,15,0,3000.0,240500.0
2016-03-27,21,11,10,1200.0,241700.0
2016-04-09,4,4,0,800.0,242500.0
2016-04-10,45,27,18,3600.0,246100.0
2016-04-11,8,8,0,1600.0,247700.0
2016-04-13,3,3,0,600.0,248300.0
2016-04-18,3,3,0,600.0,248900.0
2016-04-20,52,22,30,1400.0,250300.0
2016-04-27,13,10,3,1700.0,252000.0
2016-04-28,161,68,93,4300.0,256300.0
2016-05-01,20,7,13,100.0,256400.0
2016-05-08,5,5,0,1000.0,257400.0
2016-05-09,8,5,3,700.0,258100.0
2016-05-17,7,7,0,1400.0,259500.0
2016-05-18,23,14,9,1900.0,261400.0
2016-05-23,52,32,20,4400.0,265800.0
2016-05-24,15,8,7,900.0,266700.0
2016-05-26,2,0,2,-200.0,266500.0
2016-05-29,5,2,3,100.0,266600.0
2016-06-02,19,13,6,2000.0,268600.0
2016-06-04,8,2,6,-200.0,268400.0
2016-06-05,3,0,3,-300.0,268100.0
2016-06-07,17,8,9,700.0,268800.0
2016-06-09,30,14,16,1200.0,270000.0
2016-06-12,3,0,3,-300.0,269700.0
2016-06-14,9,6,3,900.0,270600.0
2016-06-15,29,20,9,3100.0,273700.0
2016-06-20,2,2,0,400.0,274100.0
2016-06-21,2,2,0,400.0,274500.0
2016-06-22,9,6,3,900.0,275400.0
2016-06-23,36,22,14,3000.0,278400.0
2016-07-04,4,4,0,800.0,279200.0
2016-07-05,12,9,3,1500.0,280700.0
2016-07-13,5,2,3,100.0,280800.0
2016-07-19,15,9,6,1200.0,282000.0
2016-08-01,6,3,3,300.0,282300.0
2016-08-23,3,0,3,-300.0,282000.0
2016-08-24,18,6,12,0.0,282000.0
2016-08-28,9,6,3,900.0,282900.0
2016-08-29,36,18,18,1800.0,284700.0
2016-08-30,39,19,20,1800.0,286500.0
2016-08-31,10,1,9,-700.0,285800.0
2016-09-05,49,24,25,2300.0,288100.0
2016-09-12,5,1,4,-200.0,287900.0
2016-09-14,1,1,0,200.0,288100.0
2016-09-15,8,4,4,400.0,288500.0
2016-09-20,6,6,0,1200.0,289700.0
2016-09-21,12,3,9,-300.0,289400.0
2016-09-28,2,2,0,400.0,289800.0
2016-09-29,6,2,4,0.0,289800.0
2016-10-02,8,0,8,-800.0,289000.0
2016-10-03,197,105,92,11800.0,300800.0
2016-10-06,6,6,0,1200.0,302000.0
2016-10-27,22,16,6,2600.0,304600.0
2016-10-31,54,27,27,2700.0,307300.0
2016-11-01,41,20,21,1900.0,309200.0
2016-11-06,3,3,0,600.0,309800.0
2016-11-07,10,6,4,800.0,310600.0
2016-11-08,30,23,7,3900.0,314500.0
2016-11-10,7,4,3,500.0,315000.0
2016-11-17,4,0,4,-400.0,314600.0
2016-11-22,3,3,0,600.0,315200.0
2016-11-23,10,6,4,800.0,316000.0
2016-11-24,16,9,7,1100.0,317100.0
2016-11-30,22,15,7,2300.0,319400.0
2016-12-04,3,3,0,600.0,320000.0
2016-12-08,2,0,2,-200.0,319800.0
2016-12-11,7,3,4,200.0,320000.0
2016-12-13,37,32,5,5900.0,325900.0
2016-12-14,36,15,21,900.0,326800.0
2016-12-28,18,9,9,900.0,327700.0
2016-12-29,4,4,0,800.0,328500.0
2017-01-02,4,1,3,-100.0,328400.0
2017-01-03,10,4,6,200.0,328600.0
2017-01-04,21,9,12,600.0,329200.0
2017-01-08,3,3,0,600.0,329800.0
2017-01-09,3,3,0,600.0,330400.0
2017-01-10,11,6,5,700.0,331100.0
2017-01-11,5,3,2,400.0,331500.0
2017-01-15,3,3,0,600.0,332100.0
2017-01-16,11,3,8,-200.0,331900.0
2017-01-22,3,3,0,600.0,332500.0
2017-01-24,3,3,0,600.0,333100.0
2017-01-25,11,5,6,400.0,333500.0
2017-01-26,5,2,3,100.0,333600.0
2017-01-30,3,3,0,600.0,334200.0
2017-02-01,28,17,11,2300.0,336500.0
2017-02-05,37,18,19,1700.0,338200.0
2017-02-07,22,14,8,2000.0,340200.0
2017-02-22,21,10,11,900.0,341100.0
2017-02-23,29,29,0,5800.0,346900.0
2017-02-26,10,0,10,-1000.0,345900.0
2017-02-27,4,4,0,800.0,346700.0
2017-02-28,35,23,12,3400.0,350100.0
2017-03-01,57,33,24,4200.0,354300.0
2017-03-02,100,52,48,5600.0,359900.0
2017-03-03,65,36,29,4300.0,364200.0
2017-03-05,1,0,1,-100.0,364100.0
2017-03-06,82,44,38,5000.0,369100.0
2017-03-07,53,30,23,3700.0,372800.0
2017-03-08,60,27,33,2100.0,374900.0
2017-03-09,61,37,24,5000.0,379900.0
2017-03-10,40,23,17,2900.0,382800.0
2017-03-12,2,2,0,400.0,383200.0
2017-03-13,50,25,25,2500.0,385700.0
2017-03-14,127,80,47,11300.0,397000.0
2017-03-15,74,34,40,2800.0,399800.0
2017-03-16,48,21,27,1500.0,401300.0
2017-03-17,12,6,6,600.0,401900.0
2017-03-20,57,27,30,2400.0,404300.0
2017-03-21,74,36,38,3400.0,407700.0
2017-03-22,36,25,11,3900.0,411600.0
2017-03-23,74,47,27,6700.0,418300.0
2017-03-24,62,35,27,4300.0,422600.0
2017-03-26,16,7,9,500.0,423100.0
2017-03-27,20,9,11,700.0,423800.0
2017-03-28,76,42,34,5000.0,428800.0
2017-03-29,20,15,5,2500.0,431300.0
2017-03-30,102,59,43,7500.0,438800.0
2017-03-31,59,36,23,4900.0,443700.0
2017-04-03,65,36,29,4300.0,448000.0
2017-04-04,54,30,24,3600.0,451600.0
2017-04-05,73,42,31,5300.0,456900.0
2017-04-06,9,5,4,600.0,457500.0
2017-04-07,150,86,64,10800.0,468300.0
2017-04-10,48,29,19,3900.0,472200.0
2017-04-11,107,60,47,7300.0,479500.0
2017-04-12,66,29,37,2100.0,481600.0
2017-04-13,15,10,5,1500.0,483100.0
2017-04-16,57,26,31,2100.0,485200.0
2017-04-17,48,26,22,3000.0,488200.0
2017-04-18,49,29,20,3800.0,492000.0
2017-04-19,51,29,22,3600.0,495600.0
2017-04-20,3,3,0,600.0,496200.0
2017-04-21,71,38,33,4300.0,500500.0
2017-04-23,37,23,14,3200.0,503700.0
2017-04-24,14,11,3,1900.0,505600.0
2017-04-25,92,43,49,3700.0,509300.0
2017-04-26,51,22,29,1500.0,510800.0
2017-04-27,31,20,11,2900.0,513700.0
2017-04-28,6,5,1,900.0,514600.0
2017-04-30,68,40,28,5200.0,519800.0
2017-05-01,66,35,31,3900.0,523700.0
2017-05-02,7,7,0,1400.0,525100.0
2017-05-03,98,59,39,7900.0,533000.0
2017-05-04,54,18,36,0.0,533000.0
2017-05-05,28,13,15,1100.0,534100.0
2017-05-07,9,8,1,1500.0,535600.0
2017-05-08,27,15,12,1800.0,537400.0
2017-05-09,75,45,30,6000.0,543400.0
2017-05-10,28,16,12,2000.0,545400.0
2017-05-11,58,35,23,4700.0,550100.0
2017-05-12,34,25,9,4100.0,554200.0
2017-05-15,45,18,27,900.0,555100.0
2017-05-16,87,46,41,5100.0,560200.0
2017-05-17,63,28,35,2100.0,562300.0
2017-05-18,46,25,21,2900.0,565200.0
2017-05-19,18,13,5,2100.0,567300.0
2017-05-21,12,8,4,1200.0,568500.0
2017-05-22,115,64,51,7700.0,576200.0
2017-05-23,43,20,23,1700.0,577900.0
2017-05-24,60,35,25,4500.0,582400.0
2017-05-25,29,18,11,2500.0,584900.0
2017-05-26,89,43,46,4000.0,588900.0
2017-05-29,2,2,0,400.0,589300.0
2017-05-30,99,61,38,8400.0,597700.0
2017-05-31,74,42,32,5200.0,602900.0
2017-06-01,57,30,27,3300.0,606200.0
2017-06-02,71,36,35,3700.0,609900.0
2017-06-04,8,4,4,400.0,610300.0
2017-06-05,17,11,6,1600.0,611900.0
2017-06-06,105,41,64,1800.0,613700.0
2017-06-07,70,37,33,4100.0,617800.0
2017-06-08,64,35,29,4100.0,621900.0
2017-06-09,40,30,10,5000.0,626900.0
2017-06-12,9,5,4,600.0,627500.0
2017-06-13,87,46,41,5100.0,632600.0
2017-06-14,79,49,30,6800.0,639400.0
2017-06-15,33,17,16,1800.0,641200.0
2017-06-16,9,7,2,1200.0,642400.0
2017-06-19,103,52,51,5300.0,647700.0
2017-06-20,33,20,13,2700.0,650400.0
2017-06-21,73,34,39,2900.0,653300.0
2017-06-22,35,19,16,2200.0,655500.0
2017-06-23,34,16,18,1400.0,656900.0
2017-06-26,51,32,19,4500.0,661400.0
2017-06-27,66,39,27,5100.0,666500.0
2017-06-28,50,33,17,4900.0,671400.0
2017-06-29,59,27,32,2200.0,673600.0
2017-06-30,29,20,9,3100.0,676700.0
2017-07-02,1,1,0,200.0,676900.0
2017-07-03,116,66,50,8200.0,685100.0
2017-07-04,14,10,4,1600.0,686700.0
2017-07-05,81,45,36,5400.0,692100.0
2017-07-06,35,27,8,4600.0,696700.0
2017-07-07,71,31,40,2200.0,698900.0
2017-07-10,39,29,10,4800.0,703700.0
2017-07-11,52,37,15,5900.0,709600.0
2017-07-12,68,23,45,100.0,709700.0
2017-07-13,27,15,12,1800.0,711500.0
2017-07-14,89,44,45,4300.0,715800.0
2017-07-17,40,22,18,2600.0,718400.0
2017-07-18,87,38,49,2700.0,721100.0
2017-07-19,35,20,15,2500.0,723600.0
2017-07-20,55,26,29,2300.0,725900.0
2017-07-21,67,34,33,3500.0,729400.0
2017-07-23,5,3,2,400.0,729800.0
2017-07-24,27,15,12,1800.0,731600.0
2017-07-25,73,41,32,5000.0,736600.0
2017-07-26,64,39,25,5300.0,741900.0
2017-07-27,39,23,16,3000.0,744900.0
2017-07-28,63,30,33,2700.0,747600.0
2017-08-01,93,52,41,6300.0,753900.0
2017-08-02,67,35,32,3800.0,757700.0
2017-08-03,25,10,15,500.0,758200.0
2017-08-04,49,21,28,1400.0,759600.0
2017-08-08,109,49,60,3800.0,763400.0
2017-08-09,57,29,28,3000.0,766400.0
2017-08-10,83,39,44,3400.0,769800.0
2017-08-11,46,31,15,4700.0,774500.0
2017-08-14,42,21,21,2100.0,776600.0
2017-08-15,71,38,33,4300.0,780900.0
2017-08-16,66,31,35,2700.0,783600.0
2017-08-17,33,21,12,3000.0,786600.0
2017-08-18,71,40,31,4900.0,791500.0
2017-08-20,1,1,0,200.0,791700.0
2017-08-21,17,13,4,2200.0,793900.0
2017-08-22,60,28,32,2400.0,796300.0
2017-08-23,35,20,15,2500.0,798800.0
2017-08-24,31,21,10,3200.0,802000.0
2017-08-25,120,12,108,-8400.0,793600.0
2017-08-28,112,53,59,4700.0,798300.0
2017-08-29,46,28,18,3800.0,802100.0
2017-08-30,19,13,6,2000.0,804100.0
2017-08-31,112,62,50,7400.0,811500.0
2017-09-01,45,23,22,2400.0,813900.0
2017-09-03,10,6,4,800.0,814700.0
2017-09-04,1,1,0,200.0,814900.0
2017-09-05,94,58,36,8000.0,822900.0
2017-09-06,31,19,12,2600.0,825500.0
2017-09-07,75,40,35,4500.0,830000.0
2017-09-08,49,21,28,1400.0,831400.0
2017-09-10,31,16,15,1700.0,833100.0
2017-09-11,56,22,34,1000.0,834100.0
2017-09-12,49,23,26,2000.0,836100.0
2017-09-13,49,24,25,2300.0,838400.0
2017-09-14,84,47,37,5700.0,844100.0
2017-09-15,26,13,13,1300.0,845400.0
2017-09-17,20,11,9,1300.0,846700.0
2017-09-18,77,33,44,2200.0,848900.0
2017-09-19,7,7,0,1400.0,850300.0
2017-09-20,130,74,56,9200.0,859500.0
2017-09-21,48,23,25,2100.0,861600.0
2017-09-22,25,20,5,3500.0,865100.0
2017-09-24,13,5,8,200.0,865300.0
2017-09-25,92,49,43,5500.0,870800.0
2017-09-26,86,52,34,7000.0,877800.0
2017-09-27,49,25,24,2600.0,880400.0
2017-09-28,30,20,10,3000.0,883400.0
2017-09-29,95,54,41,6700.0,890100.0
2017-10-01,1,1,0,200.0,890300.0
2017-10-02,13,9,4,1400.0,891700.0
2017-10-03,23,13,10,1600.0,893300.0
2017-10-04,106,62,44,8000.0,901300.0
2017-10-05,94,52,42,6200.0,907500.0
2017-10-06,57,33,24,4200.0,911700.0
2017-10-09,25,12,13,1100.0,912800.0
2017-10-10,84,46,38,5400.0,918200.0
2017-10-11,59,38,21,5500.0,923700.0
2017-10-12,35,18,17,1900.0,925600.0
2017-10-13,73,29,44,1400.0,927000.0
2017-10-15,4,3,1,500.0,927500.0
2017-10-16,51,27,24,3000.0,930500.0
2017-10-17,41,16,25,700.0,931200.0
2017-10-18,43,30,13,4700.0,935900.0
2017-10-19,58,30,28,3200.0,939100.0
2017-10-20,46,33,13,5300.0,944400.0
2017-10-22,40,20,20,2000.0,946400.0
2017-10-23,39,10,29,-900.0,945500.0
2017-10-24,71,41,30,5200.0,950700.0
2017-10-25,31,14,17,1100.0,951800.0
2017-10-26,74,42,32,5200.0,957000.0
2017-10-27,45,31,14,4800.0,961800.0
2017-10-30,80,41,39,4300.0,966100.0
2017-10-31,44,15,29,100.0,966200.0
2017-11-01,74,39,35,4300.0,970500.0
2017-11-02,71,35,36,3400.0,973900.0
2017-11-03,101,58,43,7300.0,981200.0
2017-11-06,52,29,23,3500.0,984700.0
2017-11-07,44,31,13,4900.0,989600.0
2017-11-08,48,33,15,5100.0,994700.0
2017-11-09,47,27,20,3400.0,998100.0
2017-11-10,56,31,25,3700.0,1001800.0
2017-11-13,2,2,0,400.0,1002200.0
2017-11-14,80,48,32,6400.0,1008600.0
2017-11-15,60,32,28,3600.0,1012200.0
2017-11-16,18,11,7,1500.0,1013700.0
2017-11-17,190,90,100,8000.0,1021700.0
2017-11-20,37,18,19,1700.0,1023400.0
2017-11-21,20,10,10,1000.0,1024400.0
2017-11-22,94,50,44,5600.0,1030000.0
2017-11-23,4,1,3,-100.0,1029900.0
2017-11-24,57,27,30,2400.0,1032300.0
2017-11-27,86,43,43,4300.0,1036600.0
2017-11-28,19,11,8,1400.0,1038000.0
2017-11-29,85,37,48,2600.0,1040600.0
2017-11-30,70,37,33,4100.0,1044700.0
2017-12-01,46,23,23,2300.0,1047000.0
2017-12-03,7,5,2,800.0,1047800.0
2017-12-04,5,2,3,100.0,1047900.0
2017-12-05,94,56,38,7400.0,1055300.0
2017-12-06,26,16,10,2200.0,1057500.0
2017-12-07,117,56,61,5100.0,1062600.0
2017-12-08,21,17,4,3000.0,1065600.0
2017-12-11,49,26,23,2900.0,1068500.0
2017-12-12,55,27,28,2600.0,1071100.0
2017-12-13,78,35,43,2700.0,1073800.0
2017-12-14,21,13,8,1800.0,1075600.0
2017-12-15,51,20,31,900.0,1076500.0
2017-12-18,80,35,45,2500.0,1079000.0
2017-12-19,37,25,12,3800.0,1082800.0
2017-12-20,59,43,16,7000.0,1089800.0
2017-12-21,46,33,13,5300.0,1095100.0
2017-12-22,75,40,35,4500.0,1099600.0
2017-12-26,40,22,18,2600.0,1102200.0
2017-12-27,58,31,27,3500.0,1105700.0
2017-12-28,41,29,12,4600.0,1110300.0
2017-12-29,57,31,26,3600.0,1113900.0
2018-01-02,48,21,27,1500.0,1115400.0
2018-01-03,32,21,11,3100.0,1118500.0
2018-01-04,79,43,36,5000.0,1123500.0
2018-01-05,36,16,20,1200.0,1124700.0
2018-01-08,11,7,4,1000.0,1125700.0
2018-01-09,115,55,60,5000.0,1130700.0
2018-01-10,57,32,25,3900.0,1134600.0
2018-01-11,46,25,21,2900.0,1137500.0
2018-01-12,113,67,46,8800.0,1146300.0
2018-01-15,15,7,8,600.0,1146900.0
2018-01-16,100,51,49,5300.0,1152200.0
2018-01-17,73,40,33,4700.0,1156900.0
2018-01-19,61,38,23,5300.0,1162200.0
2018-01-21,1,1,0,200.0,1162400.0
2018-01-22,32,19,13,2500.0,1164900.0
2018-01-23,110,60,50,7000.0,1171900.0
2018-01-24,90,45,45,4500.0,1176400.0
2018-01-25,59,37,22,5200.0,1181600.0
2018-01-26,3,3,0,600.0,1182200.0
2018-01-29,107,66,41,9100.0,1191300.0
2018-01-30,72,40,32,4800.0,1196100.0
2018-01-31,2,2,0,400.0,1196500.0
2018-02-02,75,26,49,300.0,1196800.0
2018-02-05,42,33,9,5700.0,1202500.0
2018-02-06,62,28,34,2200.0,1204700.0
2018-02-07,67,32,35,2900.0,1207600.0
2018-02-08,41,26,15,3700.0,1211300.0
2018-02-09,26,17,9,2500.0,1213800.0
2018-02-12,68,37,31,4300.0,1218100.0
2018-02-13,75,48,27,6900.0,1225000.0
2018-02-14,75,33,42,2400.0,1227400.0
2018-02-15,3,3,0,600.0,1228000.0
2018-02-16,83,35,48,2200.0,1230200.0
2018-02-19,14,12,2,2200.0,1232400.0
2018-02-20,78,48,30,6600.0,1239000.0
2018-02-21,50,31,19,4300.0,1243300.0
2018-02-22,42,22,20,2400.0,1245700.0
2018-02-23,11,8,3,1300.0,1247000.0
2018-02-26,150,83,67,9900.0,1256900.0
2018-02-27,103,57,46,6800.0,1263700.0
2018-02-28,12,7,5,900.0,1264600.0
2018-03-01,116,55,61,4900.0,1269500.0
2018-03-02,16,14,2,2600.0,1272100.0
2018-03-04,1,1,0,200.0,1272300.0
2018-03-05,45,28,17,3900.0,1276200.0
2018-03-06,89,50,39,6100.0,1282300.0
2018-03-07,54,32,22,4200.0,1286500.0
2018-03-08,45,25,20,3000.0,1289500.0
2018-03-09,42,26,16,3600.0,1293100.0
2018-03-12,62,34,28,4000.0,1297100.0
2018-03-13,52,17,35,-100.0,1297000.0
2018-03-14,15,11,4,1800.0,1298800.0
2018-03-15,97,56,41,7100.0,1305900.0
2018-03-16,52,34,18,5000.0,1310900.0
2018-03-19,53,31,22,4000.0,1314900.0
2018-03-20,59,35,24,4600.0,1319500.0
2018-03-21,76,37,39,3500.0,1323000.0
2018-03-22,54,33,21,4500.0,1327500.0
2018-03-23,74,31,43,1900.0,1329400.0
2018-03-26,49,26,23,2900.0,1332300.0
2018-03-27,69,40,29,5100.0,1337400.0
2018-03-28,56,26,30,2200.0,1339600.0
2018-03-29,12,5,7,300.0,1339900.0
2018-04-01,8,8,0,1600.0,1341500.0
2018-04-02,103,55,48,6200.0,1347700.0
2018-04-03,42,23,19,2700.0,1350400.0
2018-04-04,81,48,33,6300.0,1356700.0
2018-04-05,56,37,19,5500.0,1362200.0
2018-04-06,45,24,21,2700.0,1364900.0
2018-04-09,23,11,12,1000.0,1365900.0
2018-04-10,74,37,37,3700.0,1369600.0
2018-04-11,103,53,50,5600.0,1375200.0
2018-04-12,66,32,34,3000.0,1378200.0
2018-04-13,53,31,22,4000.0,1382200.0
2018-04-16,33,21,12,3000.0,1385200.0
2018-04-17,85,57,28,8600.0,1393800.0
2018-04-18,74,33,41,2500.0,1396300.0
2018-04-19,55,33,22,4400.0,1400700.0
2018-04-20,50,28,22,3400.0,1404100.0
2018-04-22,6,4,2,600.0,1404700.0
2018-04-23,58,29,29,2900.0,1407600.0
2018-04-24,35,19,16,2200.0,1409800.0
2018-04-25,68,36,32,4000.0,1413800.0
2018-04-26,49,29,20,3800.0,1417600.0
2018-04-27,24,10,14,600.0,1418200.0
2018-04-30,79,36,43,2900.0,1421100.0
2018-05-01,77,43,34,5200.0,1426300.0
2018-05-02,53,23,30,1600.0,1427900.0
2018-05-03,37,24,13,3500.0,1431400.0
2018-05-04,43,27,16,3800.0,1435200.0
2018-05-06,19,11,8,1400.0,1436600.0
2018-05-07,33,18,15,2100.0,1438700.0
2018-05-08,111,59,52,6600.0,1445300.0
2018-05-09,54,33,21,4500.0,1449800.0
2018-05-10,55,32,23,4100.0,1453900.0
2018-05-11,32,19,13,2500.0,1456400.0
2018-05-14,70,33,37,2900.0,1459300.0
2018-05-15,82,47,35,5900.0,1465200.0
2018-05-16,29,19,10,2800.0,1468000.0
2018-05-17,44,25,19,3100.0,1471100.0
2018-05-18,45,30,15,4500.0,1475600.0
2018-05-20,1,1,0,200.0,1475800.0
2018-05-21,97,57,40,7400.0,1483200.0
2018-05-22,38,19,19,1900.0,1485100.0
2018-05-23,68,48,20,7600.0,1492700.0
2018-05-24,55,28,27,2900.0,1495600.0
2018-05-25,35,18,17,1900.0,1497500.0
2018-05-27,10,7,3,1100.0,1498600.0
2018-05-28,17,10,7,1300.0,1499900.0
2018-05-29,70,28,42,1400.0,1501300.0
2018-05-30,14,5,9,100.0,1501400.0
2018-05-31,44,25,19,3100.0,1504500.0
2018-06-01,95,53,42,6400.0,1510900.0
2018-06-04,28,18,10,2600.0,1513500.0
2018-06-05,63,20,43,-300.0,1513200.0
2018-06-06,44,27,17,3700.0,1516900.0
2018-06-07,61,27,34,2000.0,1518900.0
2018-06-08,39,30,9,5100.0,1524000.0
2018-06-11,49,37,12,6200.0,1530200.0
2018-06-12,82,39,43,3500.0,1533700.0
2018-06-13,45,20,25,1500.0,1535200.0
2018-06-14,51,26,25,2700.0,1537900.0
2018-06-15,104,57,47,6700.0,1544600.0
2018-06-18,5,4,1,700.0,1545300.0
2018-06-19,109,64,45,8300.0,1553600.0
2018-06-20,39,28,11,4500.0,1558100.0
2018-06-21,50,26,24,2800.0,1560900.0
2018-06-22,8,7,1,1300.0,1562200.0
2018-06-24,41,22,19,2500.0,1564700.0
2018-06-25,53,33,20,4600.0,1569300.0
2018-06-26,103,59,44,7400.0,1576700.0
2018-06-27,62,37,25,4900.0,1581600.0
2018-06-28,60,42,18,6600.0,1588200.0
2018-06-29,53,36,17,5500.0,1593700.0
2018-07-02,69,35,34,3600.0,1597300.0
2018-07-03,58,34,24,4400.0,1601700.0
2018-07-04,21,13,8,1800.0,1603500.0
2018-07-05,57,38,19,5700.0,1609200.0
2018-07-06,13,8,5,1100.0,1610300.0
2018-07-09,115,50,65,3500.0,1613800.0
2018-07-10,67,37,30,4400.0,1618200.0
2018-07-11,72,45,27,6300.0,1624500.0
2018-07-12,32,20,12,2800.0,1627300.0
2018-07-13,67,34,33,3500.0,1630800.0
2018-07-16,31,14,17,1100.0,1631900.0
2018-07-17,117,60,57,6300.0,1638200.0
2018-07-18,58,32,26,3800.0,1642000.0
2018-07-19,61,26,35,1700.0,1643700.0
2018-07-20,46,27,19,3500.0,1647200.0
2018-07-22,5,3,2,400.0,1647600.0
2018-07-23,31,13,18,800.0,1648400.0
2018-07-24,73,43,30,5600.0,1654000.0
2018-07-25,76,41,35,4700.0,1658700.0
2018-07-26,80,42,38,4600.0,1663300.0
2018-07-27,42,22,20,2400.0,1665700.0
2018-07-30,19,13,6,2000.0,1667700.0
2018-07-31,140,74,66,8200.0,1675900.0
2018-08-01,49,29,20,3800.0,1679700.0
2018-08-02,84,57,27,8700.0,1688400.0
2018-08-03,40,27,13,4100.0,1692500.0
2018-08-06,80,42,38,4600.0,1697100.0
2018-08-07,62,36,26,4600.0,1701700.0
2018-08-08,64,34,30,3800.0,1705500.0
2018-08-09,13,3,10,-400.0,1705100.0
2018-08-10,92,44,48,4000.0,1709100.0
2018-08-12,3,2,1,300.0,1709400.0
2018-08-13,101,58,43,7300.0,1716700.0
2018-08-14,7,3,4,200.0,1716900.0
2018-08-15,118,51,67,3500.0,1720400.0
2018-08-16,11,9,2,1600.0,1722000.0
2018-08-17,92,53,39,6700.0,1728700.0
2018-08-20,113,52,61,4300.0,1733000.0
2018-08-21,43,24,19,2900.0,1735900.0
2018-08-22,46,30,16,4400.0,1740300.0
2018-08-23,77,47,30,6400.0,1746700.0
2018-08-24,54,25,29,2100.0,1748800.0
2018-08-27,32,17,15,1900.0,1750700.0
2018-08-28,85,42,43,4100.0,1754800.0
2018-08-29,22,16,6,2600.0,1757400.0
2018-08-30,87,49,38,6000.0,1763400.0
2018-08-31,38,20,18,2200.0,1765600.0
2018-09-02,13,7,6,800.0,1766400.0
2018-09-03,1,1,0,200.0,1766600.0
2018-09-04,95,54,41,6700.0,1773300.0
2018-09-05,46,31,15,4700.0,1778000.0
2018-09-06,73,44,29,5900.0,1783900.0
2018-09-07,50,27,23,3100.0,1787000.0
2018-09-10,21,10,11,900.0,1787900.0
2018-09-11,82,48,34,6200.0,1794100.0
2018-09-12,81,43,38,4800.0,1798900.0
2018-09-13,51,25,26,2400.0,1801300.0
2018-09-14,73,41,32,5000.0,1806300.0
2018-09-17,42,26,16,3600.0,1809900.0
2018-09-18,46,27,19,3500.0,1813400.0
2018-09-19,77,43,34,5200.0,1818600.0
2018-09-20,54,33,21,4500.0,1823100.0
2018-09-21,49,28,21,3500.0,1826600.0
2018-09-24,38,24,14,3400.0,1830000.0
2018-09-25,27,14,13,1500.0,1831500.0
2018-09-26,93,55,38,7200.0,1838700.0
2018-09-27,103,52,51,5300.0,1844000.0
2018-09-28,57,39,18,6000.0,1850000.0
2018-10-01,46,25,21,2900.0,1852900.0
2018-10-02,70,36,34,3800.0,1856700.0
2018-10-03,55,39,16,6200.0,1862900.0
2018-10-04,81,40,41,3900.0,1866800.0
2018-10-05,40,26,14,3800.0,1870600.0
2018-10-08,88,36,52,2000.0,1872600.0
2018-10-09,32,19,13,2500.0,1875100.0
2018-10-10,72,34,38,3000.0,1878100.0
2018-10-11,133,68,65,7100.0,1885200.0
2018-10-12,2,2,0,400.0,1885600.0
2018-10-15,87,49,38,6000.0,1891600.0
2018-10-16,42,26,16,3600.0,1895200.0
2018-10-17,58,35,23,4700.0,1899900.0
2018-10-18,64,26,38,1400.0,1901300.0
2018-10-19,16,12,4,2000.0,1903300.0
2018-10-22,77,39,38,4000.0,1907300.0
2018-10-23,64,38,26,5000.0,1912300.0
2018-10-24,74,36,38,3400.0,1915700.0
2018-10-25,60,35,25,4500.0,1920200.0
2018-10-26,99,64,35,9300.0,1929500.0
2018-10-29,65,36,29,4300.0,1933800.0
2018-10-30,46,21,25,1700.0,1935500.0
2018-10-31,68,35,33,3700.0,1939200.0
2018-11-01,59,26,33,1900.0,1941100.0
2018-11-02,1,1,0,200.0,1941300.0
2018-11-05,66,48,18,7800.0,1949100.0
2018-11-06,131,73,58,8800.0,1957900.0
2018-11-07,36,26,10,4200.0,1962100.0
2018-11-08,41,30,11,4900.0,1967000.0
2018-11-09,89,44,45,4300.0,1971300.0
2018-11-12,70,32,38,2600.0,1973900.0
2018-11-13,62,29,33,2500.0,1976400.0
2018-11-14,97,53,44,6200.0,1982600.0
2018-11-15,10,6,4,800.0,1983400.0
2018-11-16,71,43,28,5800.0,1989200.0
2018-11-19,25,15,10,2000.0,1991200.0
2018-11-20,76,38,38,3800.0,1995000.0
2018-11-21,71,38,33,4300.0,1999300.0
2018-11-23,75,39,36,4200.0,2003500.0
2018-11-26,33,16,17,1500.0,2005000.0
2018-11-27,61,26,35,1700.0,2006700.0
2018-11-28,54,37,17,5700.0,2012400.0
2018-11-29,29,25,4,4600.0,2017000.0
2018-11-30,58,27,31,2300.0,2019300.0
2018-12-03,73,37,36,3800.0,2023100.0
2018-12-04,99,49,50,4800.0,2027900.0
2018-12-05,25,13,12,1400.0,2029300.0
2018-12-06,88,47,41,5300.0,2034600.0
2018-12-07,88,46,42,5000.0,2039600.0
2018-12-09,3,2,1,300.0,2039900.0
2018-12-10,37,26,11,4100.0,2044000.0
2018-12-11,59,33,26,4000.0,2048000.0
2018-12-12,19,15,4,2600.0,2050600.0
2018-12-13,108,60,48,7200.0,2057800.0
2018-12-14,87,49,38,6000.0,2063800.0
2018-12-16,4,4,0,800.0,2064600.0
2018-12-17,77,38,39,3700.0,2068300.0
2018-12-18,35,24,11,3700.0,2072000.0
2018-12-19,115,60,55,6500.0,2078500.0
2018-12-20,61,38,23,5300.0,2083800.0
2018-12-21,30,20,10,3000.0,2086800.0
2018-12-23,14,10,4,1600.0,2088400.0
2018-12-24,72,40,32,4800.0,2093200.0
2018-12-26,59,37,22,5200.0,2098400.0
2018-12-27,67,36,31,4100.0,2102500.0
2018-12-28,29,21,8,3400.0,2105900.0
2018-12-31,71,40,31,4900.0,2110800.0
2019-01-02,110,59,51,6700.0,2117500.0
2019-01-03,54,37,17,5700.0,2123200.0
2019-01-04,48,26,22,3000.0,2126200.0
2019-01-07,42,26,16,3600.0,2129800.0
2019-01-08,78,49,29,6900.0,2136700.0
2019-01-09,43,26,17,3500.0,2140200.0
2019-01-10,57,31,26,3600.0,2143800.0
2019-01-11,57,31,26,3600.0,2147400.0
2019-01-14,45,23,22,2400.0,2149800.0
2019-01-15,65,50,15,8500.0,2158300.0
2019-01-16,37,26,11,4100.0,2162400.0
2019-01-17,45,26,19,3300.0,2165700.0
2019-01-18,118,67,51,8300.0,2174000.0
2019-01-21,45,23,22,2400.0,2176400.0
2019-01-22,74,47,27,6700.0,2183100.0
2019-01-23,54,35,19,5100.0,2188200.0
2019-01-24,67,43,24,6200.0,2194400.0
2019-01-25,112,48,64,3200.0,2197600.0
2019-01-28,11,8,3,1300.0,2198900.0
2019-01-29,86,54,32,7600.0,2206500.0
2019-01-30,66,34,32,3600.0,2210100.0
2019-01-31,33,25,8,4200.0,2214300.0
2019-02-01,41,20,21,1900.0,2216200.0
2019-02-03,5,0,5,-500.0,2215700.0
2019-02-04,80,47,33,6100.0,2221800.0
2019-02-05,40,24,16,3200.0,2225000.0
2019-02-06,127,58,69,4700.0,2229700.0
2019-02-07,39,24,15,3300.0,2233000.0
2019-02-08,69,41,28,5400.0,2238400.0
2019-02-11,49,35,14,5600.0,2244000.0
2019-02-12,73,41,32,5000.0,2249000.0
2019-02-13,96,50,46,5400.0,2254400.0
2019-02-14,42,27,15,3900.0,2258300.0
2019-02-15,70,38,32,4400.0,2262700.0
2019-02-17,5,4,1,700.0,2263400.0
2019-02-18,57,24,33,1500.0,2264900.0
2019-02-19,128,55,73,3700.0,2268600.0
2019-02-20,56,34,22,4600.0,2273200.0
2019-02-21,74,38,36,4000.0,2277200.0
2019-02-22,44,29,15,4300.0,2281500.0
2019-02-25,54,31,23,3900.0,2285400.0
2019-02-26,51,32,19,4500.0,2289900.0
2019-02-27,113,58,55,6100.0,2296000.0
2019-02-28,63,38,25,5100.0,2301100.0
2019-03-01,101,54,47,6100.0,2307200.0
2019-03-04,39,16,23,900.0,2308100.0
2019-03-05,40,26,14,3800.0,2311900.0
2019-03-06,26,16,10,2200.0,2314100.0
2019-03-07,92,53,39,6700.0,2320800.0
2019-03-08,107,68,39,9700.0,2330500.0
2019-03-11,34,24,10,3800.0,2334300.0
2019-03-12,66,47,19,7500.0,2341800.0
2019-03-13,52,23,29,1700.0,2343500.0
2019-03-14,59,33,26,4000.0,2347500.0
2019-03-15,37,20,17,2300.0,2349800.0
2019-03-17,7,7,0,1400.0,2351200.0
2019-03-18,48,32,16,4800.0,2356000.0
2019-03-19,70,49,21,7700.0,2363700.0
2019-03-20,111,61,50,7200.0,2370900.0
2019-03-21,71,44,27,6100.0,2377000.0
2019-03-22,34,23,11,3500.0,2380500.0
2019-03-25,101,54,47,6100.0,2386600.0
2019-03-26,21,18,3,3300.0,2389900.0
2019-03-27,65,38,27,4900.0,2394800.0
2019-03-28,59,26,33,1900.0,2396700.0
2019-03-29,69,43,26,6000.0,2402700.0
2019-04-01,48,25,23,2700.0,2405400.0
2019-04-02,26,18,8,2800.0,2408200.0
2019-04-03,46,29,17,4100.0,2412300.0
2019-04-04,111,59,52,6600.0,2418900.0
2019-04-05,41,27,14,4000.0,2422900.0
2019-04-07,5,2,3,100.0,2423000.0
2019-04-08,53,23,30,1600.0,2424600.0
2019-04-09,32,17,15,1900.0,2426500.0
2019-04-10,48,28,20,3600.0,2430100.0
2019-04-11,59,25,34,1600.0,2431700.0
2019-04-12,8,6,2,1000.0,2432700.0
2019-04-14,16,9,7,1100.0,2433800.0
2019-04-15,82,46,36,5600.0,2439400.0
2019-04-16,74,44,30,5800.0,2445200.0
2019-04-17,11,7,4,1000.0,2446200.0
2019-04-18,50,32,18,4600.0,2450800.0
2019-04-21,1,1,0,200.0,2451000.0
2019-04-22,48,28,20,3600.0,2454600.0
2019-04-23,116,61,55,6700.0,2461300.0
2019-04-24,84,48,36,6000.0,2467300.0
2019-04-25,45,27,18,3600.0,2470900.0
2019-04-26,62,31,31,3100.0,2474000.0
2019-04-29,62,45,17,7300.0,2481300.0
2019-04-30,68,44,24,6400.0,2487700.0
2019-05-01,90,46,44,4800.0,2492500.0
2019-05-02,48,27,21,3300.0,2495800.0
2019-05-03,56,31,25,3700.0,2499500.0
2019-05-05,18,11,7,1500.0,2501000.0
2019-05-06,29,20,9,3100.0,2504100.0
2019-05-07,53,26,27,2500.0,2506600.0
2019-05-08,85,43,42,4400.0,2511000.0
2019-05-09,57,37,20,5400.0,2516400.0
2019-05-10,44,34,10,5800.0,2522200.0
2019-05-13,150,84,66,10200.0,2532400.0
2019-05-14,40,30,10,5000.0,2537400.0
2019-05-15,56,28,28,2800.0,2540200.0
2019-05-16,74,31,43,1900.0,2542100.0
2019-05-17,60,22,38,600.0,2542700.0
2019-05-20,11,9,2,1600.0,2544300.0
2019-05-21,88,53,35,7100.0,2551400.0
2019-05-22,39,17,22,1200.0,2552600.0
2019-05-23,121,58,63,5300.0,2557900.0
2019-05-24,8,6,2,1000.0,2558900.0
2019-05-26,5,2,3,100.0,2559000.0
2019-05-27,14,9,5,1300.0,2560300.0
2019-05-28,97,59,38,8000.0,2568300.0
2019-05-29,46,26,20,3200.0,2571500.0
2019-05-30,87,50,37,6300.0,2577800.0
2019-05-31,94,37,57,1700.0,2579500.0
2019-06-02,13,6,7,500.0,2580000.0
2019-06-03,79,33,46,2000.0,2582000.0
2019-06-04,24,21,3,3900.0,2585900.0
2019-06-05,94,48,46,5000.0,2590900.0
2019-06-06,63,39,24,5400.0,2596300.0
2019-06-07,92,43,49,3700.0,2600000.0
2019-06-09,10,9,1,1700.0,2601700.0
2019-06-10,16,7,9,500.0,2602200.0
2019-06-11,84,37,47,2700.0,2604900.0
2019-06-12,63,34,29,3900.0,2608800.0
2019-06-13,63,31,32,3000.0,2611800.0
2019-06-14,80,43,37,4900.0,2616700.0
2019-06-17,32,23,9,3700.0,2620400.0
2019-06-18,85,47,38,5600.0,2626000.0
2019-06-19,135,61,74,4800.0,2630800.0
2019-06-20,17,11,6,1600.0,2632400.0
2019-06-21,41,22,19,2500.0,2634900.0
2019-06-23,14,8,6,1000.0,2635900.0
2019-06-24,73,39,34,4400.0,2640300.0
2019-06-25,60,30,30,3000.0,2643300.0
2019-06-26,24,14,10,1800.0,2645100.0
2019-06-27,49,30,19,4100.0,2649200.0
2019-06-28,41,22,19,2500.0,2651700.0
2019-06-30,54,30,24,3600.0,2655300.0
2019-07-01,21,14,7,2100.0,2657400.0
2019-07-02,79,52,27,7700.0,2665100.0
2019-07-03,9,6,3,900.0,2666000.0
2019-07-04,57,35,22,4800.0,2670800.0
2019-07-05,75,43,32,5400.0,2676200.0
2019-07-08,39,20,19,2100.0,2678300.0
2019-07-09,44,33,11,5500.0,2683800.0
2019-07-10,101,54,47,6100.0,2689900.0
2019-07-11,55,28,27,2900.0,2692800.0
2019-07-12,77,46,31,6100.0,2698900.0
2019-07-14,22,9,13,500.0,2699400.0
2019-07-15,36,29,7,5100.0,2704500.0
2019-07-16,111,53,58,4800.0,2709300.0
2019-07-17,47,23,24,2200.0,2711500.0
2019-07-18,111,68,43,9300.0,2720800.0
2019-07-19,24,12,12,1200.0,2722000.0
2019-07-22,4,3,1,500.0,2722500.0
2019-07-23,76,45,31,5900.0,2728400.0
2019-07-24,33,26,7,4500.0,2732900.0
2019-07-25,85,48,37,5900.0,2738800.0
2019-07-26,25,17,8,2600.0,2741400.0
2019-07-29,90,60,30,9000.0,2750400.0
2019-07-30,41,26,15,3700.0,2754100.0
2019-07-31,60,33,27,3900.0,2758000.0
2019-08-01,63,38,25,5100.0,2763100.0
2019-08-02,15,10,5,1500.0,2764600.0
2019-08-04,4,2,2,200.0,2764800.0
2019-08-05,135,69,66,7200.0,2772000.0
2019-08-06,45,28,17,3900.0,2775900.0
2019-08-07,59,26,33,1900.0,2777800.0
2019-08-08,11,8,3,1300.0,2779100.0
2019-08-09,12,9,3,1500.0,2780600.0
2019-08-12,116,74,42,10600.0,2791200.0
2019-08-13,45,31,14,4800.0,2796000.0
2019-08-14,57,27,30,2400.0,2798400.0
2019-08-15,32,18,14,2200.0,2800600.0
2019-08-16,66,40,26,5400.0,2806000.0
2019-08-19,89,42,47,3700.0,2809700.0
2019-08-20,28,13,15,1100.0,2810800.0
2019-08-21,87,44,43,4500.0,2815300.0
2019-08-22,62,24,38,1000.0,2816300.0
2019-08-23,45,22,23,2100.0,2818400.0
2019-08-25,43,21,22,2000.0,2820400.0
2019-08-26,13,8,5,1100.0,2821500.0
2019-08-27,85,45,40,5000.0,2826500.0
2019-08-28,52,27,25,2900.0,2829400.0
2019-08-29,108,67,41,9300.0,2838700.0
2019-08-30,19,15,4,2600.0,2841300.0
2019-09-01,7,3,4,200.0,2841500.0
2019-09-02,6,3,3,300.0,2841800.0
2019-09-03,113,51,62,4000.0,2845800.0
2019-09-04,50,25,25,2500.0,2848300.0
2019-09-05,68,42,26,5800.0,2854100.0
2019-09-06,59,38,21,5500.0,2859600.0
2019-09-08,3,1,2,0.0,2859600.0
2019-09-09,47,26,21,3100.0,2862700.0
2019-09-10,54,27,27,2700.0,2865400.0
2019-09-11,17,12,5,1900.0,2867300.0
2019-09-12,97,56,41,7100.0,2874400.0
2019-09-13,37,14,23,500.0,2874900.0
2019-09-15,24,14,10,1800.0,2876700.0
2019-09-17,72,49,23,7500.0,2884200.0
2019-09-18,158,77,81,7300.0,2891500.0
2019-09-19,23,15,8,2200.0,2893700.0
2019-09-20,105,56,49,6300.0,2900000.0
2019-09-23,50,21,29,1300.0,2901300.0
2019-09-24,48,27,21,3300.0,2904600.0
2019-09-25,46,21,25,1700.0,2906300.0
2019-09-26,11,4,7,100.0,2906400.0
2019-09-27,80,43,37,4900.0,2911300.0
2019-09-30,86,43,43,4300.0,2915600.0
2019-10-01,70,44,26,6200.0,2921800.0
2019-10-02,76,39,37,4100.0,2925900.0
2019-10-03,54,24,30,1800.0,2927700.0
2019-10-04,41,14,27,100.0,2927800.0
2019-10-07,87,50,37,6300.0,2934100.0
2019-10-08,51,31,20,4200.0,2938300.0
2019-10-09,76,45,31,5900.0,2944200.0
2019-10-10,35,19,16,2200.0,2946400.0
2019-10-11,51,36,15,5700.0,2952100.0
2019-10-14,42,31,11,5100.0,2957200.0
2019-10-15,94,51,43,5900.0,2963100.0
2019-10-16,43,27,16,3800.0,2966900.0
2019-10-17,49,32,17,4700.0,2971600.0
2019-10-18,37,28,9,4700.0,2976300.0
2019-10-21,111,56,55,5700.0,2982000.0
2019-10-22,40,20,20,2000.0,2984000.0
2019-10-23,70,39,31,4700.0,2988700.0
2019-10-24,71,35,36,3400.0,2992100.0
2019-10-25,85,38,47,2900.0,2995000.0
2019-10-28,90,39,51,2700.0,2997700.0
2019-10-29,47,24,23,2500.0,3000200.0
2019-10-30,76,39,37,4100.0,3004300.0
2019-10-31,51,32,19,4500.0,3008800.0
2019-11-01,36,22,14,3000.0,3011800.0
2019-11-04,34,20,14,2600.0,3014400.0
2019-11-05,94,43,51,3500.0,3017900.0
2019-11-06,35,26,9,4300.0,3022200.0
2019-11-07,104,59,45,7300.0,3029500.0
2019-11-08,53,28,25,3100.0,3032600.0
2019-11-11,77,37,40,3400.0,3036000.0
2019-11-12,49,38,11,6500.0,3042500.0
2019-11-13,33,25,8,4200.0,3046700.0
2019-11-14,69,48,21,7500.0,3054200.0
2019-11-15,13,5,8,200.0,3054400.0
2019-11-17,6,4,2,600.0,3055000.0
2019-11-18,104,59,45,7300.0,3062300.0
2019-11-19,40,26,14,3800.0,3066100.0
2019-11-20,59,35,24,4600.0,3070700.0
2019-11-21,77,45,32,5800.0,3076500.0
2019-11-22,43,21,22,2000.0,3078500.0
2019-11-24,6,2,4,0.0,3078500.0
2019-11-25,54,30,24,3600.0,3082100.0
2019-11-26,36,25,11,3900.0,3086000.0
2019-11-27,42,27,15,3900.0,3089900.0
2019-11-28,2,2,0,400.0,3090300.0
2019-11-29,157,93,64,12200.0,3102500.0
2019-12-02,68,39,29,4900.0,3107400.0
2019-12-03,74,31,43,1900.0,3109300.0
2019-12-04,46,36,10,6200.0,3115500.0
2019-12-05,28,22,6,3800.0,3119300.0
2019-12-06,84,42,42,4200.0,3123500.0
2019-12-09,11,8,3,1300.0,3124800.0
2019-12-10,59,39,20,5800.0,3130600.0
2019-12-11,70,42,28,5600.0,3136200.0
2019-12-12,63,34,29,3900.0,3140100.0
2019-12-13,37,26,11,4100.0,3144200.0
2019-12-16,27,19,8,3000.0,3147200.0
2019-12-17,33,18,15,2100.0,3149300.0
2019-12-18,107,64,43,8500.0,3157800.0
2019-12-19,95,47,48,4600.0,3162400.0
2019-12-20,28,22,6,3800.0,3166200.0
2019-12-23,119,71,48,9400.0,3175600.0
2019-12-24,133,75,58,9200.0,3184800.0
2019-12-26,42,14,28,0.0,3184800.0
2019-12-27,16,12,4,2000.0,3186800.0
2019-12-30,21,13,8,1800.0,3188600.0
2019-12-31,106,57,49,6500.0,3195100.0
2020-01-02,47,24,23,2500.0,3197600.0
2020-01-03,49,31,18,4400.0,3202000.0
2020-01-05,37,19,18,2000.0,3204000.0
2020-01-06,24,14,10,1800.0,3205800.0
2020-01-07,74,43,31,5500.0,3211300.0
2020-01-08,39,21,18,2400.0,3213700.0
2020-01-09,29,20,9,3100.0,3216800.0
2020-01-10,51,31,20,4200.0,3221000.0
2020-01-13,91,57,34,8000.0,3229000.0
2020-01-14,43,26,17,3500.0,3232500.0
2020-01-15,57,37,20,5400.0,3237900.0
2020-01-16,29,19,10,2800.0,3240700.0
2020-01-17,58,35,23,4700.0,3245400.0
2020-01-20,6,4,2,600.0,3246000.0
2020-01-21,89,50,39,6100.0,3252100.0
2020-01-22,69,38,31,4500.0,3256600.0
2020-01-23,100,59,41,7700.0,3264300.0
2020-01-24,91,43,48,3800.0,3268100.0
2020-01-26,40,22,18,2600.0,3270700.0
2020-01-28,94,50,44,5600.0,3276300.0
2020-01-29,58,35,23,4700.0,3281000.0
2020-01-30,43,22,21,2300.0,3283300.0
2020-01-31,59,31,28,3400.0,3286700.0
2020-02-02,6,5,1,900.0,3287600.0
2020-02-03,49,29,20,3800.0,3291400.0
2020-02-04,62,21,41,100.0,3291500.0
2020-02-05,27,15,12,1800.0,3293300.0
2020-02-06,73,30,43,1700.0,3295000.0
2020-02-07,36,28,8,4800.0,3299800.0
2020-02-09,7,5,2,800.0,3300600.0
2020-02-10,4,2,2,200.0,3300800.0
2020-02-11,88,48,40,5600.0,3306400.0
2020-02-12,42,28,14,4200.0,3310600.0
2020-02-13,53,28,25,3100.0,3313700.0
2020-02-14,69,33,36,3000.0,3316700.0
2020-02-17,33,12,21,300.0,3317000.0
2020-02-18,128,62,66,5800.0,3322800.0
2020-02-19,69,35,34,3600.0,3326400.0
2020-02-20,61,35,26,4400.0,3330800.0
2020-02-21,67,30,37,2300.0,3333100.0
2020-02-23,22,12,10,1400.0,3334500.0
2020-02-24,41,23,18,2800.0,3337300.0
2020-02-25,78,44,34,5400.0,3342700.0
2020-02-26,24,15,9,2100.0,3344800.0
2020-02-27,52,33,19,4700.0,3349500.0
2020-02-28,114,67,47,8700.0,3358200.0
2020-03-02,12,8,4,1200.0,3359400.0
2020-03-03,110,65,45,8500.0,3367900.0
2020-03-04,2,2,0,400.0,3368300.0
2020-03-05,83,35,48,2200.0,3370500.0
2020-03-06,64,39,25,5300.0,3375800.0
2020-03-08,11,5,6,400.0,3376200.0
2020-03-09,11,7,4,1000.0,3377200.0
2020-03-10,67,50,17,8300.0,3385500.0
2020-03-11,85,49,36,6200.0,3391700.0
2020-03-12,101,45,56,3400.0,3395100.0
2020-03-13,50,26,24,2800.0,3397900.0
2020-03-15,13,9,4,1400.0,3399300.0
2020-03-16,37,20,17,2300.0,3401600.0
2020-03-17,28,11,17,500.0,3402100.0
2020-03-18,57,36,21,5100.0,3407200.0
2020-03-19,32,26,6,4600.0,3411800.0
2020-03-20,54,34,20,4800.0,3416600.0
2020-03-22,2,2,0,400.0,3417000.0
2020-03-23,129,65,64,6600.0,3423600.0
2020-03-24,67,32,35,2900.0,3426500.0
2020-03-25,1,1,0,200.0,3426700.0
2020-03-26,82,43,39,4700.0,3431400.0
2020-03-30,2,2,0,400.0,3431800.0
2020-03-31,210,105,105,10500.0,3442300.0
2020-04-01,50,30,20,4000.0,3446300.0
2020-04-02,84,43,41,4500.0,3450800.0
2020-04-03,11,5,6,400.0,3451200.0
2020-04-05,1,1,0,200.0,3451400.0
2020-04-06,103,45,58,3200.0,3454600.0
2020-04-07,19,9,10,800.0,3455400.0
2020-04-09,117,72,45,9900.0,3465300.0
2020-04-12,2,2,0,400.0,3465700.0
2020-04-13,88,44,44,4400.0,3470100.0
2020-04-14,78,34,44,2400.0,3472500.0
2020-04-15,29,21,8,3400.0,3475900.0
2020-04-16,107,61,46,7600.0,3483500.0
2020-04-17,36,21,15,2700.0,3486200.0
2020-04-19,12,6,6,600.0,3486800.0
2020-04-20,45,33,12,5400.0,3492200.0
2020-04-21,93,41,52,3000.0,3495200.0
2020-04-22,68,40,28,5200.0,3500400.0
2020-04-23,62,33,29,3700.0,3504100.0
2020-04-24,43,23,20,2600.0,3506700.0
2020-04-27,71,37,34,4000.0,3510700.0
2020-04-28,54,29,25,3300.0,3514000.0
2020-04-29,47,32,15,4900.0,3518900.0
2020-04-30,89,40,49,3100.0,3522000.0
2020-05-01,58,36,22,5000.0,3527000.0
2020-05-04,15,13,2,2400.0,3529400.0
2020-05-05,40,22,18,2600.0,3532000.0
2020-05-06,86,40,46,3400.0,3535400.0
2020-05-07,81,45,36,5400.0,3540800.0
2020-05-08,32,20,12,2800.0,3543600.0
2020-05-11,69,35,34,3600.0,3547200.0
2020-05-12,43,31,12,5000.0,3552200.0
2020-05-13,88,44,44,4400.0,3556600.0
2020-05-14,63,37,26,4800.0,3561400.0
2020-05-15,76,45,31,5900.0,3567300.0
2020-05-17,34,18,16,2000.0,3569300.0
2020-05-18,53,24,29,1900.0,3571200.0
2020-05-19,26,17,9,2500.0,3573700.0
2020-05-20,33,21,12,3000.0,3576700.0
2020-05-21,120,59,61,5700.0,3582400.0
2020-05-22,39,27,12,4200.0,3586600.0
2020-05-25,53,33,20,4600.0,3591200.0
2020-05-26,96,45,51,3900.0,3595100.0
2020-05-27,85,38,47,2900.0,3598000.0
2020-05-28,65,39,26,5200.0,3603200.0
2020-05-29,51,25,26,2400.0,3605600.0
2020-05-31,4,2,2,200.0,3605800.0
2020-06-01,34,16,18,1400.0,3607200.0
2020-06-02,41,25,16,3400.0,3610600.0
2020-06-03,60,31,29,3300.0,3613900.0
2020-06-04,49,32,17,4700.0,3618600.0
2020-06-05,101,49,52,4600.0,3623200.0
2020-06-08,40,28,12,4400.0,3627600.0
2020-06-09,96,45,51,3900.0,3631500.0
2020-06-10,61,37,24,5000.0,3636500.0
2020-06-11,42,28,14,4200.0,3640700.0
2020-06-12,29,24,5,4300.0,3645000.0
2020-06-15,84,39,45,3300.0,3648300.0
2020-06-16,40,25,15,3500.0,3651800.0
2020-06-17,52,30,22,3800.0,3655600.0
2020-06-18,53,36,17,5500.0,3661100.0
2020-06-19,82,49,33,6500.0,3667600.0
2020-06-21,21,10,11,900.0,3668500.0
2020-06-22,36,17,19,1500.0,3670000.0
2020-06-23,63,37,26,4800.0,3674800.0
2020-06-24,64,44,20,6800.0,3681600.0
2020-06-25,4,2,2,200.0,3681800.0
2020-06-26,114,61,53,6900.0,3688700.0
2020-06-28,4,4,0,800.0,3689500.0
2020-06-30,100,64,36,9200.0,3698700.0
2020-07-01,38,19,19,1900.0,3700600.0
2020-07-02,39,26,13,3900.0,3704500.0
2020-07-06,126,77,49,10500.0,3715000.0
2020-07-07,68,32,36,2800.0,3717800.0
2020-07-08,75,43,32,5400.0,3723200.0
2020-07-09,53,30,23,3700.0,3726900.0
2020-07-10,30,20,10,3000.0,3729900.0
2020-07-13,83,50,33,6700.0,3736600.0
2020-07-14,67,42,25,5900.0,3742500.0
2020-07-15,11,7,4,1000.0,3743500.0
2020-07-16,75,44,31,5700.0,3749200.0
2020-07-17,38,18,20,1600.0,3750800.0
2020-07-20,57,24,33,1500.0,3752300.0
2020-07-21,69,51,18,8400.0,3760700.0
2020-07-22,57,28,29,2700.0,3763400.0
2020-07-23,74,43,31,5500.0,3768900.0
2020-07-24,38,22,16,2800.0,3771700.0
2020-07-26,20,16,4,2800.0,3774500.0
2020-07-27,60,33,27,3900.0,3778400.0
2020-07-28,42,23,19,2700.0,3781100.0
2020-07-29,48,32,16,4800.0,3785900.0
2020-07-30,9,7,2,1200.0,3787100.0
2020-07-31,70,38,32,4400.0,3791500.0
2020-08-02,7,2,5,-100.0,3791400.0
2020-08-03,14,9,5,1300.0,3792700.0
2020-08-04,111,63,48,7800.0,3800500.0
2020-08-05,36,18,18,1800.0,3802300.0
2020-08-06,55,28,27,2900.0,3805200.0
2020-08-07,51,23,28,1800.0,3807000.0
2020-08-10,34,25,9,4100.0,3811100.0
2020-08-11,100,46,54,3800.0,3814900.0
2020-08-12,35,19,16,2200.0,3817100.0
2020-08-13,66,33,33,3300.0,3820400.0
2020-08-14,10,8,2,1400.0,3821800.0
2020-08-16,11,9,2,1600.0,3823400.0
2020-08-17,123,65,58,7200.0,3830600.0
2020-08-18,68,28,40,1600.0,3832200.0
2020-08-19,39,18,21,1500.0,3833700.0
2020-08-20,4,3,1,500.0,3834200.0
2020-08-21,57,32,25,3900.0,3838100.0
2020-08-24,44,22,22,2200.0,3840300.0
2020-08-25,50,34,16,5200.0,3845500.0
2020-08-26,91,42,49,3500.0,3849000.0
2020-08-27,55,28,27,2900.0,3851900.0
2020-08-28,30,18,12,2400.0,3854300.0
2020-08-30,2,2,0,400.0,3854700.0
2020-08-31,23,17,6,2800.0,3857500.0
2020-09-01,85,42,43,4100.0,3861600.0
2020-09-02,54,32,22,4200.0,3865800.0
2020-09-03,33,24,9,3900.0,3869700.0
2020-09-04,35,18,17,1900.0,3871600.0
2020-09-07,2,1,1,100.0,3871700.0
2020-09-08,148,86,62,11000.0,3882700.0
2020-09-09,62,38,24,5200.0,3887900.0
2020-09-10,73,27,46,800.0,3888700.0
2020-09-11,13,8,5,1100.0,3889800.0
2020-09-13,2,2,0,400.0,3890200.0
2020-09-14,97,51,46,5600.0,3895800.0
2020-09-15,77,43,34,5200.0,3901000.0
2020-09-16,78,46,32,6000.0,3907000.0
2020-09-17,19,11,8,1400.0,3908400.0
2020-09-18,43,30,13,4700.0,3913100.0
2020-09-21,158,81,77,8500.0,3921600.0
2020-09-22,12,9,3,1500.0,3923100.0
2020-09-23,125,81,44,11800.0,3934900.0
2020-09-24,29,25,4,4600.0,3939500.0
2020-09-25,23,13,10,1600.0,3941100.0
2020-09-28,126,76,50,10200.0,3951300.0
2020-09-29,58,24,34,1400.0,3952700.0
2020-09-30,36,18,18,1800.0,3954500.0
2020-10-01,41,24,17,3100.0,3957600.0
2020-10-02,47,25,22,2800.0,3960400.0
2020-10-05,72,49,23,7500.0,3967900.0
2020-10-06,73,28,45,1100.0,3969000.0
2020-10-07,17,11,6,1600.0,3970600.0
2020-10-08,63,39,24,5400.0,3976000.0
2020-10-09,89,38,51,2500.0,3978500.0
2020-10-11,8,3,5,100.0,3978600.0
2020-10-12,7,6,1,1100.0,3979700.0
2020-10-13,123,70,53,8700.0,3988400.0
2020-10-14,53,39,14,6400.0,3994800.0
2020-10-15,28,17,11,2300.0,3997100.0
2020-10-16,41,28,13,4300.0,4001400.0
2020-10-19,94,52,42,6200.0,4007600.0
2020-10-20,49,27,22,3200.0,4010800.0
2020-10-21,58,30,28,3200.0,4014000.0
2020-10-22,61,34,27,4100.0,4018100.0
2020-10-23,54,33,21,4500.0,4022600.0
2020-10-25,16,10,6,1400.0,4024000.0
2020-10-26,10,8,2,1400.0,4025400.0
2020-10-27,51,29,22,3600.0,4029000.0
2020-10-28,119,75,44,10600.0,4039600.0
2020-10-29,62,24,38,1000.0,4040600.0
2020-10-30,40,20,20,2000.0,4042600.0
2020-11-02,44,28,16,4000.0,4046600.0
2020-11-03,66,32,34,3000.0,4049600.0
2020-11-04,22,15,7,2300.0,4051900.0
2020-11-05,134,68,66,7000.0,4058900.0
2020-11-06,36,20,16,2400.0,4061300.0
2020-11-08,1,1,0,200.0,4061500.0
2020-11-09,86,36,50,2200.0,4063700.0
2020-11-10,10,7,3,1100.0,4064800.0
2020-11-11,55,31,24,3800.0,4068600.0
2020-11-12,56,33,23,4300.0,4072900.0
2020-11-13,60,37,23,5100.0,4078000.0
2020-11-16,66,39,27,5100.0,4083100.0
2020-11-17,26,21,5,3700.0,4086800.0
2020-11-18,96,56,40,7200.0,4094000.0
2020-11-19,39,23,16,3000.0,4097000.0
2020-11-20,88,51,37,6500.0,4103500.0
2020-11-23,114,60,54,6600.0,4110100.0
2020-11-24,87,37,50,2400.0,4112500.0
2020-11-25,9,6,3,900.0,4113400.0
2020-11-26,16,10,6,1400.0,4114800.0
2020-11-27,145,71,74,6800.0,4121600.0
2020-11-29,1,1,0,200.0,4121800.0
2020-11-30,33,18,15,2100.0,4123900.0
2020-12-01,79,37,42,3200.0,4127100.0
2020-12-02,70,39,31,4700.0,4131800.0
2020-12-03,38,26,12,4000.0,4135800.0
2020-12-04,38,27,11,4300.0,4140100.0
2020-12-07,80,39,41,3700.0,4143800.0
2020-12-08,21,16,5,2700.0,4146500.0
2020-12-09,85,63,22,10400.0,4156900.0
2020-12-10,21,13,8,1800.0,4158700.0
2020-12-11,29,20,9,3100.0,4161800.0
2020-12-14,99,55,44,6600.0,4168400.0
2020-12-15,70,37,33,4100.0,4172500.0
2020-12-16,59,35,24,4600.0,4177100.0
2020-12-17,91,46,45,4700.0,4181800.0
2020-12-18,12,8,4,1200.0,4183000.0
2020-12-20,3,2,1,300.0,4183300.0
2020-12-21,87,49,38,6000.0,4189300.0
2020-12-22,55,33,22,4400.0,4193700.0
2020-12-23,34,25,9,4100.0,4197800.0
2020-12-24,13,7,6,800.0,4198600.0
2020-12-27,73,39,34,4400.0,4203000.0
2020-12-28,48,29,19,3900.0,4206900.0
2020-12-29,1,1,0,200.0,4207100.0
2020-12-30,110,65,45,8500.0,4215600.0
2020-12-31,38,18,20,1600.0,4217200.0
2021-01-03,50,28,22,3400.0,4220600.0
2021-01-04,59,38,21,5500.0,4226100.0
2021-01-05,29,12,17,700.0,4226800.0
2021-01-06,64,30,34,2600.0,4229400.0
2021-01-07,3,1,2,0.0,4229400.0
2021-01-08,126,49,77,2100.0,4231500.0
2021-01-11,14,9,5,1300.0,4232800.0
2021-01-12,83,51,32,7000.0,4239800.0
2021-01-13,32,20,12,2800.0,4242600.0
2021-01-14,50,25,25,2500.0,4245100.0
2021-01-15,80,45,35,5500.0,4250600.0
2021-01-17,27,12,15,900.0,4251500.0
2021-01-18,3,2,1,300.0,4251800.0
2021-01-19,18,11,7,1500.0,4253300.0
2021-01-20,133,79,54,10400.0,4263700.0
2021-01-21,15,8,7,900.0,4264600.0
2021-01-22,73,39,34,4400.0,4269000.0
2021-01-25,44,28,16,4000.0,4273000.0
2021-01-26,15,13,2,2400.0,4275400.0
2021-01-27,150,77,73,8100.0,4283500.0
2021-01-28,49,32,17,4700.0,4288200.0
2021-01-29,56,34,22,4600.0,4292800.0
2021-01-31,1,1,0,200.0,4293000.0
2021-02-01,15,9,6,1200.0,4294200.0
2021-02-02,104,46,58,3400.0,4297600.0
2021-02-03,13,11,2,2000.0,4299600.0
2021-02-04,112,59,53,6500.0,4306100.0
2021-02-05,49,33,16,5000.0,4311100.0
2021-02-07,6,3,3,300.0,4311400.0
2021-02-08,83,36,47,2500.0,4313900.0
2021-02-09,42,24,18,3000.0,4316900.0
2021-02-10,40,19,21,1700.0,4318600.0
2021-02-11,78,39,39,3900.0,4322500.0
2021-02-12,61,33,28,3800.0,4326300.0
2021-02-15,2,2,0,400.0,4326700.0
2021-02-16,117,51,66,3600.0,4330300.0
2021-02-17,83,41,42,4000.0,4334300.0
2021-02-18,32,12,20,400.0,4334700.0
2021-02-19,65,35,30,4000.0,4338700.0
2021-02-22,40,26,14,3800.0,4342500.0
2021-02-23,38,21,17,2500.0,4345000.0
2021-02-24,50,32,18,4600.0,4349600.0
2021-02-25,72,39,33,4500.0,4354100.0
2021-02-26,74,41,33,4900.0,4359000.0
2021-02-28,1,1,0,200.0,4359200.0
2021-03-01,49,22,27,1700.0,4360900.0
2021-03-02,41,27,14,4000.0,4364900.0
2021-03-03,89,40,49,3100.0,4368000.0
2021-03-04,67,36,31,4100.0,4372100.0
2021-03-05,9,6,3,900.0,4373000.0
2021-03-07,28,17,11,2300.0,4375300.0
2021-03-08,49,27,22,3200.0,4378500.0
2021-03-09,46,24,22,2600.0,4381100.0
2021-03-10,22,13,9,1700.0,4382800.0
2021-03-11,72,34,38,3000.0,4385800.0
2021-03-12,61,27,34,2000.0,4387800.0
2021-03-15,14,11,3,1900.0,4389700.0
2021-03-16,65,38,27,4900.0,4394600.0
2021-03-17,97,47,50,4400.0,4399000.0
2021-03-18,46,27,19,3500.0,4402500.0
2021-03-19,36,24,12,3600.0,4406100.0
2021-03-22,63,45,18,7200.0,4413300.0
2021-03-23,84,41,43,3900.0,4417200.0
2021-03-24,32,19,13,2500.0,4419700.0
2021-03-25,122,70,52,8800.0,4428500.0
2021-03-26,27,19,8,3000.0,4431500.0
2021-03-29,106,57,49,6500.0,4438000.0
2021-03-30,70,41,29,5300.0,4443300.0
2021-03-31,52,25,27,2300.0,4445600.0
2021-04-01,64,29,35,2300.0,4447900.0
2021-04-05,9,0,9,-900.0,4447000.0
2021-04-06,74,36,38,3400.0,4450400.0
2021-04-07,38,24,14,3400.0,4453800.0
2021-04-08,76,36,40,3200.0,4457000.0
2021-04-09,57,25,32,1800.0,4458800.0
2021-04-12,67,39,28,5000.0,4463800.0
2021-04-13,57,39,18,6000.0,4469800.0
2021-04-14,24,14,10,1800.0,4471600.0
2021-04-15,117,59,58,6000.0,4477600.0
2021-04-16,84,38,46,3000.0,4480600.0
2021-04-18,1,1,0,200.0,4480800.0
2021-04-19,55,27,28,2600.0,4483400.0
2021-04-20,37,30,7,5300.0,4488700.0
2021-04-21,105,59,46,7200.0,4495900.0
2021-04-22,38,18,20,1600.0,4497500.0
2021-04-23,88,50,38,6200.0,4503700.0
2021-04-26,36,19,17,2100.0,4505800.0
2021-04-27,91,54,37,7100.0,4512900.0
2021-04-28,90,53,37,6900.0,4519800.0
2021-04-29,58,36,22,5000.0,4524800.0
2021-04-30,2,2,0,400.0,4525200.0
2021-05-03,121,62,59,6500.0,4531700.0
2021-05-04,51,30,21,3900.0,4535600.0
2021-05-05,32,23,9,3700.0,4539300.0
2021-05-06,131,73,58,8800.0,4548100.0
2021-05-07,63,33,30,3600.0,4551700.0
2021-05-10,18,18,0,3600.0,4555300.0
2021-05-11,39,15,24,600.0,4555900.0
2021-05-12,92,40,52,2800.0,4558700.0
2021-05-13,18,9,9,900.0,4559600.0
2021-05-14,79,38,41,3500.0,4563100.0
2021-05-16,5,3,2,400.0,4563500.0
2021-05-17,72,44,28,6000.0,4569500.0
2021-05-18,12,9,3,1500.0,4571000.0
2021-05-19,119,65,54,7600.0,4578600.0
2021-05-20,22,12,10,1400.0,4580000.0
2021-05-21,81,47,34,6000.0,4586000.0
2021-05-23,5,5,0,1000.0,4587000.0
2021-05-24,12,8,4,1200.0,4588200.0
2021-05-25,114,60,54,6600.0,4594800.0
2021-05-26,63,33,30,3600.0,4598400.0
2021-05-27,16,15,1,2900.0,4601300.0
2021-05-28,95,61,34,8800.0,4610100.0
2021-05-31,15,8,7,900.0,4611000.0
2021-06-01,74,43,31,5500.0,4616500.0
2021-06-02,22,7,15,-100.0,4616400.0
2021-06-03,99,46,53,3900.0,4620300.0
2021-06-04,66,37,29,4500.0,4624800.0
2021-06-07,73,40,33,4700.0,4629500.0
2021-06-08,48,27,21,3300.0,4632800.0
2021-06-09,29,18,11,2500.0,4635300.0
2021-06-10,90,41,49,3300.0,4638600.0
2021-06-11,62,39,23,5500.0,4644100.0
2021-06-13,4,3,1,500.0,4644600.0
2021-06-14,88,31,57,500.0,4645100.0
2021-06-15,50,26,24,2800.0,4647900.0
2021-06-16,130,73,57,8900.0,4656800.0
2021-06-17,47,19,28,1000.0,4657800.0
2021-06-18,57,35,22,4800.0,4662600.0
2021-06-21,40,31,9,5300.0,4667900.0
2021-06-22,60,32,28,3600.0,4671500.0
2021-06-23,95,56,39,7300.0,4678800.0
2021-06-24,25,14,11,1700.0,4680500.0
2021-06-25,68,39,29,4900.0,4685400.0
2021-06-28,49,28,21,3500.0,4688900.0
2021-06-29,85,46,39,5300.0,4694200.0
2021-06-30,28,13,15,1100.0,4695300.0
2021-07-01,61,37,24,5000.0,4700300.0
2021-07-02,61,30,31,2900.0,4703200.0
2021-07-05,12,9,3,1500.0,4704700.0
2021-07-06,87,59,28,9000.0,4713700.0
2021-07-07,43,24,19,2900.0,4716600.0
2021-07-08,82,44,38,5000.0,4721600.0
2021-07-09,16,10,6,1400.0,4723000.0
2021-07-12,90,57,33,8100.0,4731100.0
2021-07-13,60,26,34,1800.0,4732900.0
2021-07-14,67,24,43,500.0,4733400.0
2021-07-15,35,27,8,4600.0,4738000.0
2021-07-16,82,46,36,5600.0,4743600.0
2021-07-19,72,34,38,3000.0,4746600.0
2021-07-20,82,54,28,8000.0,4754600.0
2021-07-21,83,45,38,5200.0,4759800.0
2021-07-22,26,19,7,3100.0,4762900.0
2021-07-23,73,38,35,4100.0,4767000.0
2021-07-26,22,9,13,500.0,4767500.0
2021-07-27,35,23,12,3400.0,4770900.0
2021-07-28,94,54,40,6800.0,4777700.0
2021-07-29,84,37,47,2700.0,4780400.0
2021-07-30,51,29,22,3600.0,4784000.0
2021-08-02,34,23,11,3500.0,4787500.0
2021-08-03,4,3,1,500.0,4788000.0
2021-08-04,100,65,35,9500.0,4797500.0
2021-08-05,33,18,15,2100.0,4799600.0
2021-08-06,100,44,56,3200.0,4802800.0
2021-08-08,47,24,23,2500.0,4805300.0
2021-08-09,4,4,0,800.0,4806100.0
2021-08-10,58,34,24,4400.0,4810500.0
2021-08-11,100,50,50,5000.0,4815500.0
2021-08-12,41,32,9,5500.0,4821000.0
2021-08-13,112,65,47,8300.0,4829300.0
2021-08-15,3,3,0,600.0,4829900.0
2021-08-16,38,18,20,1600.0,4831500.0
2021-08-17,44,26,18,3400.0,4834900.0
2021-08-18,52,34,18,5000.0,4839900.0
2021-08-19,63,40,23,5700.0,4845600.0
2021-08-20,12,6,6,600.0,4846200.0
2021-08-22,3,3,0,600.0,4846800.0
2021-08-23,128,67,61,7300.0,4854100.0
2021-08-24,80,44,36,5200.0,4859300.0
2021-08-25,56,23,33,1300.0,4860600.0
2021-08-26,25,20,5,3500.0,4864100.0
2021-08-27,87,58,29,8700.0,4872800.0
2021-08-29,7,2,5,-100.0,4872700.0
2021-08-30,14,12,2,2200.0,4874900.0
2021-08-31,53,33,20,4600.0,4879500.0
2021-09-01,19,10,9,1100.0,4880600.0
2021-09-02,67,32,35,2900.0,4883500.0
2021-09-03,120,82,38,12600.0,4896100.0
2021-09-06,14,14,0,2800.0,4898900.0
2021-09-07,96,46,50,4200.0,4903100.0
2021-09-08,77,43,34,5200.0,4908300.0
2021-09-09,35,18,17,1900.0,4910200.0
2021-09-10,25,12,13,1100.0,4911300.0
2021-09-12,4,4,0,800.0,4912100.0
2021-09-13,50,31,19,4300.0,4916400.0
2021-09-14,107,53,54,5200.0,4921600.0
2021-09-15,26,14,12,1600.0,4923200.0
2021-09-16,128,58,70,4600.0,4927800.0
2021-09-17,27,17,10,2400.0,4930200.0
2021-09-20,47,28,19,3700.0,4933900.0
2021-09-21,53,32,21,4300.0,4938200.0
2021-09-22,53,9,44,-2600.0,4935600.0
2021-09-23,64,31,33,2900.0,4938500.0
2021-09-24,25,14,11,1700.0,4940200.0
2021-09-27,68,42,26,5800.0,4946000.0
2021-09-28,107,62,45,7900.0,4953900.0
2021-09-29,60,39,21,5700.0,4959600.0
2021-09-30,52,24,28,2000.0,4961600.0
2021-10-01,12,4,8,0.0,4961600.0
2021-10-03,8,4,4,400.0,4962000.0
2021-10-04,67,36,31,4100.0,4966100.0
2021-10-05,54,33,21,4500.0,4970600.0
2021-10-06,67,38,29,4700.0,4975300.0
2021-10-07,39,22,17,2700.0,4978000.0
2021-10-08,124,58,66,5000.0,4983000.0
2021-10-10,1,0,1,-100.0,4982900.0
2021-10-11,5,5,0,1000.0,4983900.0
2021-10-12,79,45,34,5600.0,4989500.0
2021-10-13,133,73,60,8600.0,4998100.0
2021-10-14,18,8,10,600.0,4998700.0
2021-10-15,78,42,36,4800.0,5003500.0
2021-10-17,2,2,0,400.0,5003900.0
2021-10-18,22,17,5,2900.0,5006800.0
2021-10-19,110,56,54,5800.0,5012600.0
2021-10-20,53,28,25,3100.0,5015700.0
2021-10-21,27,16,11,2100.0,5017800.0
2021-10-22,115,68,47,8900.0,5026700.0
2021-10-25,30,22,8,3600.0,5030300.0
2021-10-26,52,31,21,4100.0,5034400.0
2021-10-27,35,20,15,2500.0,5036900.0
2021-10-28,69,39,30,4800.0,5041700.0
2021-10-29,81,56,25,8700.0,5050400.0
2021-11-01,50,29,21,3700.0,5054100.0
2021-11-02,57,38,19,5700.0,5059800.0
2021-11-03,76,37,39,3500.0,5063300.0
2021-11-04,58,31,27,3500.0,5066800.0
2021-11-05,70,44,26,6200.0,5073000.0
2021-11-07,7,5,2,800.0,5073800.0
2021-11-08,35,18,17,1900.0,5075700.0
2021-11-09,78,33,45,2100.0,5077800.0
2021-11-10,76,37,39,3500.0,5081300.0
2021-11-11,18,12,6,1800.0,5083100.0
2021-11-12,66,35,31,3900.0,5087000.0
2021-11-15,32,18,14,2200.0,5089200.0
2021-11-16,92,51,41,6100.0,5095300.0
2021-11-17,48,36,12,6000.0,5101300.0
2021-11-18,65,42,23,6100.0,5107400.0
2021-11-19,100,47,53,4100.0,5111500.0
2021-11-21,3,0,3,-300.0,5111200.0
2021-11-22,61,37,24,5000.0,5116200.0
2021-11-23,55,18,37,-100.0,5116100.0
2021-11-24,32,16,16,1600.0,5117700.0
2021-11-25,26,14,12,1600.0,5119300.0
2021-11-26,121,60,61,5900.0,5125200.0
2021-11-29,13,7,6,800.0,5126000.0
2021-11-30,90,51,39,6300.0,5132300.0
2021-12-01,17,8,9,700.0,5133000.0
2021-12-02,78,41,37,4500.0,5137500.0
2021-12-03,61,38,23,5300.0,5142800.0
2021-12-06,9,4,5,300.0,5143100.0
2021-12-07,64,38,26,5000.0,5148100.0
2021-12-08,50,20,30,1000.0,5149100.0
2021-12-09,104,58,46,7000.0,5156100.0
2021-12-10,50,22,28,1600.0,5157700.0
2021-12-13,28,25,3,4700.0,5162400.0
2021-12-14,60,24,36,1200.0,5163600.0
2021-12-15,74,43,31,5500.0,5169100.0
2021-12-16,36,19,17,2100.0,5171200.0
2021-12-17,79,39,40,3800.0,5175000.0
2021-12-20,49,27,22,3200.0,5178200.0
2021-12-21,39,15,24,600.0,5178800.0
2021-12-22,39,19,20,1800.0,5180600.0
2021-12-23,42,25,17,3300.0,5183900.0
2021-12-27,33,15,18,1200.0,5185100.0
2021-12-28,88,50,38,6200.0,5191300.0
2021-12-29,56,25,31,1900.0,5193200.0
2021-12-30,87,54,33,7500.0,5200700.0
2021-12-31,65,27,38,1600.0,5202300.0
2022-01-02,13,8,5,1100.0,5203400.0
2022-01-03,47,30,17,4300.0,5207700.0
2022-01-04,62,45,17,7300.0,5215000.0
2022-01-05,85,41,44,3800.0,5218800.0
2022-01-06,48,24,24,2400.0,5221200.0
2022-01-07,41,21,20,2200.0,5223400.0
2022-01-10,94,53,41,6500.0,5229900.0
2022-01-11,83,43,40,4600.0,5234500.0
2022-01-12,45,25,20,3000.0,5237500.0
2022-01-13,63,35,28,4200.0,5241700.0
2022-01-14,47,30,17,4300.0,5246000.0
2022-01-17,12,5,7,300.0,5246300.0
2022-01-18,120,63,57,6900.0,5253200.0
2022-01-19,113,61,52,7000.0,5260200.0
2022-01-20,25,11,14,800.0,5261000.0
2022-01-21,85,46,39,5300.0,5266300.0
2022-01-24,64,37,27,4700.0,5271000.0
2022-01-25,97,50,47,5300.0,5276300.0
2022-01-26,61,35,26,4400.0,5280700.0
2022-01-27,62,23,39,700.0,5281400.0
2022-01-28,45,20,25,1500.0,5282900.0
2022-01-31,41,22,19,2500.0,5285400.0
2022-02-01,71,48,23,7300.0,5292700.0
2022-02-02,56,26,30,2200.0,5294900.0
2022-02-03,37,13,24,200.0,5295100.0
2022-02-04,20,10,10,1000.0,5296100.0
2022-02-06,3,3,0,600.0,5296700.0
2022-02-07,50,26,24,2800.0,5299500.0
2022-02-08,43,21,22,2000.0,5301500.0
2022-02-09,69,39,30,4800.0,5306300.0
2022-02-10,68,33,35,3100.0,5309400.0
2022-02-11,82,43,39,4700.0,5314100.0
2022-02-14,35,20,15,2500.0,5316600.0
2022-02-15,47,25,22,2800.0,5319400.0
2022-02-16,90,55,35,7500.0,5326900.0
2022-02-17,61,35,26,4400.0,5331300.0
2022-02-18,12,11,1,2100.0,5333400.0
2022-02-20,36,14,22,600.0,5334000.0
2022-02-21,84,47,37,5700.0,5339700.0
2022-02-22,19,9,10,800.0,5340500.0
2022-02-23,66,42,24,6000.0,5346500.0
2022-02-24,117,56,61,5100.0,5351600.0
2022-02-25,15,8,7,900.0,5352500.0
2022-02-27,17,7,10,400.0,5352900.0
2022-02-28,13,10,3,1700.0,5354600.0
2022-03-01,129,73,56,9000.0,5363600.0
2022-03-02,36,21,15,2700.0,5366300.0
2022-03-03,116,62,54,7000.0,5373300.0
2022-03-04,60,25,35,1500.0,5374800.0
2022-03-06,30,14,16,1200.0,5376000.0
2022-03-07,40,27,13,4100.0,5380100.0
2022-03-08,73,39,34,4400.0,5384500.0
2022-03-09,60,26,34,1800.0,5386300.0
2022-03-10,31,20,11,2900.0,5389200.0
2022-03-11,52,30,22,3800.0,5393000.0
2022-03-14,68,38,30,4600.0,5397600.0
2022-03-15,56,26,30,2200.0,5399800.0
2022-03-16,66,40,26,5400.0,5405200.0
2022-03-17,36,27,9,4500.0,5409700.0
2022-03-18,51,32,19,4500.0,5414200.0
2022-03-21,53,31,22,4000.0,5418200.0
2022-03-22,93,48,45,5100.0,5423300.0
2022-03-23,74,42,32,5200.0,5428500.0
2022-03-24,51,29,22,3600.0,5432100.0
2022-03-25,46,35,11,5900.0,5438000.0
2022-03-28,70,40,30,5000.0,5443000.0
2022-03-29,58,30,28,3200.0,5446200.0
2022-03-30,72,39,33,4500.0,5450700.0
2022-03-31,40,21,19,2300.0,5453000.0
2022-04-01,65,43,22,6400.0,5459400.0
2022-04-04,15,8,7,900.0,5460300.0
2022-04-05,113,65,48,8200.0,5468500.0
2022-04-06,23,17,6,2800.0,5471300.0
2022-04-07,57,32,25,3900.0,5475200.0
2022-04-08,99,43,56,3000.0,5478200.0
2022-04-10,2,1,1,100.0,5478300.0
2022-04-11,60,38,22,5400.0,5483700.0
2022-04-12,97,56,41,7100.0,5490800.0
2022-04-13,19,17,2,3200.0,5494000.0
2022-04-14,55,33,22,4400.0,5498400.0
2022-04-17,41,27,14,4000.0,5502400.0
2022-04-18,54,21,33,900.0,5503300.0
2022-04-19,81,42,39,4500.0,5507800.0
2022-04-20,24,14,10,1800.0,5509600.0
2022-04-21,67,35,32,3800.0,5513400.0
2022-04-22,63,30,33,2700.0,5516100.0
2022-04-25,67,30,37,2300.0,5518400.0
2022-04-26,4,4,0,800.0,5519200.0
2022-04-27,67,39,28,5000.0,5524200.0
2022-04-28,35,23,12,3400.0,5527600.0
2022-04-29,82,47,35,5900.0,5533500.0
2022-05-02,70,36,34,3800.0,5537300.0
2022-05-03,46,24,22,2600.0,5539900.0
2022-05-04,75,50,25,7500.0,5547400.0
2022-05-05,56,36,20,5200.0,5552600.0
2022-05-06,51,33,18,4800.0,5557400.0
2022-05-09,69,43,26,6000.0,5563400.0
2022-05-10,66,35,31,3900.0,5567300.0
2022-05-11,44,24,20,2800.0,5570100.0
2022-05-12,74,38,36,4000.0,5574100.0
2022-05-13,48,25,23,2700.0,5576800.0
2022-05-16,47,26,21,3100.0,5579900.0
2022-05-17,45,26,19,3300.0,5583200.0
2022-05-18,48,30,18,4200.0,5587400.0
2022-05-19,84,43,41,4500.0,5591900.0
2022-05-20,28,15,13,1700.0,5593600.0
2022-05-22,7,5,2,800.0,5594400.0
2022-05-23,66,32,34,3000.0,5597400.0
2022-05-24,73,34,39,2900.0,5600300.0
2022-05-25,45,29,16,4200.0,5604500.0
2022-05-26,24,15,9,2100.0,5606600.0
2022-05-27,62,41,21,6100.0,5612700.0
2022-05-30,52,25,27,2300.0,5615000.0
2022-05-31,107,61,46,7600.0,5622600.0
2022-06-01,48,30,18,4200.0,5626800.0
2022-06-02,70,35,35,3500.0,5630300.0
2022-06-03,60,37,23,5100.0,5635400.0
2022-06-06,44,25,19,3100.0,5638500.0
2022-06-07,51,24,27,2100.0,5640600.0
2022-06-08,48,24,24,2400.0,5643000.0
2022-06-09,62,39,23,5500.0,5648500.0
2022-06-10,72,31,41,2100.0,5650600.0
2022-06-12,1,1,0,200.0,5650800.0
2022-06-13,70,40,30,5000.0,5655800.0
2022-06-14,66,29,37,2100.0,5657900.0
2022-06-15,66,35,31,3900.0,5661800.0
2022-06-16,50,31,19,4300.0,5666100.0
2022-06-17,30,18,12,2400.0,5668500.0
2022-06-21,104,66,38,9400.0,5677900.0
2022-06-22,83,39,44,3400.0,5681300.0
2022-06-23,79,44,35,5300.0,5686600.0
2022-06-24,19,11,8,1400.0,5688000.0
2022-06-27,72,46,26,6600.0,5694600.0
2022-06-28,19,8,11,500.0,5695100.0
2022-06-29,83,59,24,9400.0,5704500.0
2022-06-30,53,29,24,3400.0,5707900.0
2022-07-01,113,58,55,6100.0,5714000.0
2022-07-05,150,84,66,10200.0,5724200.0
2022-07-06,66,33,33,3300.0,5727500.0
2022-07-07,6,6,0,1200.0,5728700.0
2022-07-08,47,26,21,3100.0,5731800.0
2022-07-11,23,15,8,2200.0,5734000.0
2022-07-12,71,34,37,3100.0,5737100.0
2022-07-13,87,38,49,2700.0,5739800.0
2022-07-14,65,38,27,4900.0,5744700.0
2022-07-15,9,6,3,900.0,5745600.0
2022-07-18,57,38,19,5700.0,5751300.0
2022-07-19,33,14,19,900.0,5752200.0
2022-07-20,122,63,59,6700.0,5758900.0
2022-07-21,53,31,22,4000.0,5762900.0
2022-07-22,65,30,35,2500.0,5765400.0
2022-07-25,30,15,15,1500.0,5766900.0
2022-07-26,36,17,19,1500.0,5768400.0
2022-07-27,104,55,49,6100.0,5774500.0
2022-07-28,61,32,29,3500.0,5778000.0
2022-07-29,57,31,26,3600.0,5781600.0
2022-08-01,42,31,11,5100.0,5786700.0
2022-08-02,84,46,38,5400.0,5792100.0
2022-08-03,39,23,16,3000.0,5795100.0
2022-08-04,79,49,30,6800.0,5801900.0
2022-08-05,46,31,15,4700.0,5806600.0
2022-08-08,57,28,29,2700.0,5809300.0
2022-08-09,58,24,34,1400.0,5810700.0
2022-08-10,49,28,21,3500.0,5814200.0
2022-08-11,27,15,12,1800.0,5816000.0
2022-08-12,55,31,24,3800.0,5819800.0
2022-08-15,60,36,24,4800.0,5824600.0
2022-08-16,11,6,5,700.0,5825300.0
2022-08-17,77,49,28,7000.0,5832300.0
2022-08-18,62,36,26,4600.0,5836900.0
2022-08-19,72,40,32,4800.0,5841700.0
2022-08-22,67,32,35,2900.0,5844600.0
2022-08-23,49,26,23,2900.0,5847500.0
2022-08-24,27,17,10,2400.0,5849900.0
2022-08-25,68,37,31,4300.0,5854200.0
2022-08-26,70,43,27,5900.0,5860100.0
2022-08-29,66,38,28,4800.0,5864900.0
2022-08-30,63,31,32,3000.0,5867900.0
2022-08-31,48,31,17,4500.0,5872400.0
2022-09-01,54,37,17,5700.0,5878100.0
2022-09-02,31,21,10,3200.0,5881300.0
2022-09-05,1,1,0,200.0,5881500.0
2022-09-06,67,34,33,3500.0,5885000.0
2022-09-07,51,34,17,5100.0,5890100.0
2022-09-08,50,33,17,4900.0,5895000.0
2022-09-09,62,35,27,4300.0,5899300.0
2022-09-12,79,38,41,3500.0,5902800.0
2022-09-13,55,37,18,5600.0,5908400.0
2022-09-14,9,6,3,900.0,5909300.0
2022-09-15,140,62,78,4600.0,5913900.0
2022-09-16,41,26,15,3700.0,5917600.0
2022-09-19,29,12,17,700.0,5918300.0
2022-09-20,52,27,25,2900.0,5921200.0
2022-09-21,87,25,62,-1200.0,5920000.0
2022-09-22,24,12,12,1200.0,5921200.0
2022-09-23,83,38,45,3100.0,5924300.0
2022-09-26,70,39,31,4700.0,5929000.0
2022-09-27,18,13,5,2100.0,5931100.0
2022-09-28,63,33,30,3600.0,5934700.0
2022-09-29,28,13,15,1100.0,5935800.0
2022-09-30,58,37,21,5300.0,5941100.0
2022-10-03,85,44,41,4700.0,5945800.0
2022-10-04,77,27,50,400.0,5946200.0
2022-10-05,38,26,12,4000.0,5950200.0
2022-10-06,20,7,13,100.0,5950300.0
2022-10-07,79,44,35,5300.0,5955600.0
2022-10-10,49,29,20,3800.0,5959400.0
2022-10-11,58,24,34,1400.0,5960800.0
2022-10-12,16,12,4,2000.0,5962800.0
2022-10-13,114,75,39,11100.0,5973900.0
2022-10-14,77,40,37,4300.0,5978200.0
2022-10-17,61,44,17,7100.0,5985300.0
2022-10-18,16,12,4,2000.0,5987300.0
2022-10-19,90,42,48,3600.0,5990900.0
2022-10-20,66,46,20,7200.0,5998100.0
2022-10-21,72,39,33,4500.0,6002600.0
2022-10-23,1,0,1,-100.0,6002500.0
2022-10-24,13,8,5,1100.0,6003600.0
2022-10-25,103,65,38,9200.0,6012800.0
2022-10-26,67,35,32,3800.0,6016600.0
2022-10-27,34,21,13,2900.0,6019500.0
2022-10-28,91,38,53,2300.0,6021800.0
2022-10-31,36,22,14,3000.0,6024800.0
2022-11-01,78,42,36,4800.0,6029600.0
2022-11-02,66,36,30,4200.0,6033800.0
2022-11-03,54,32,22,4200.0,6038000.0
2022-11-04,98,45,53,3700.0,6041700.0
2022-11-07,9,7,2,1200.0,6042900.0
2022-11-08,125,58,67,4900.0,6047800.0
2022-11-09,47,30,17,4300.0,6052100.0
2022-11-10,65,24,41,700.0,6052800.0
2022-11-11,51,23,28,1800.0,6054600.0
2022-11-14,37,18,19,1700.0,6056300.0
2022-11-15,81,39,42,3600.0,6059900.0
2022-11-16,13,9,4,1400.0,6061300.0
2022-11-17,75,44,31,5700.0,6067000.0
2022-11-18,48,28,20,3600.0,6070600.0
2022-11-21,51,26,25,2700.0,6073300.0
2022-11-22,44,23,21,2500.0,6075800.0
2022-11-23,83,46,37,5500.0,6081300.0
2022-11-24,6,5,1,900.0,6082200.0
2022-11-25,56,35,21,4900.0,6087100.0
2022-11-28,76,43,33,5300.0,6092400.0
2022-11-29,42,30,12,4800.0,6097200.0
2022-11-30,93,59,34,8400.0,6105600.0
2022-12-01,105,51,54,4800.0,6110400.0
2022-12-02,59,38,21,5500.0,6115900.0
2022-12-05,65,37,28,4600.0,6120500.0
2022-12-06,31,21,10,3200.0,6123700.0
2022-12-07,70,37,33,4100.0,6127800.0
2022-12-08,36,20,16,2400.0,6130200.0
2022-12-09,74,45,29,6100.0,6136300.0
2022-12-12,66,40,26,5400.0,6141700.0
2022-12-14,86,49,37,6100.0,6147800.0
2022-12-15,41,24,17,3100.0,6150900.0
2022-12-16,42,26,16,3600.0,6154500.0
2022-12-19,38,22,16,2800.0,6157300.0
2022-12-20,109,60,49,7100.0,6164400.0
2022-12-21,26,9,17,100.0,6164500.0
2022-12-22,87,45,42,4800.0,6169300.0
2022-12-23,24,20,4,3600.0,6172900.0
2022-12-27,128,69,59,7900.0,6180800.0
2022-12-28,59,33,26,4000.0,6184800.0
2022-12-29,53,24,29,1900.0,6186700.0
2022-12-30,58,38,20,5600.0,6192300.0
2023-01-03,102,52,50,5400.0,6197700.0
2023-01-04,72,44,28,6000.0,6203700.0
2023-01-05,58,27,31,2300.0,6206000.0
2023-01-06,52,32,20,4400.0,6210400.0
2023-01-09,29,16,13,1900.0,6212300.0
2023-01-10,9,9,0,1800.0,6214100.0
2023-01-11,107,60,47,7300.0,6221400.0
2023-01-12,84,37,47,2700.0,6224100.0
2023-01-13,73,44,29,5900.0,6230000.0
2023-01-17,52,42,10,7400.0,6237400.0
2023-01-18,127,72,55,8900.0,6246300.0
2023-01-19,76,43,33,5300.0,6251600.0
2023-01-20,21,14,7,2100.0,6253700.0
2023-01-23,87,61,26,9600.0,6263300.0
2023-01-24,64,39,25,5300.0,6268600.0
2023-01-25,59,34,25,4300.0,6272900.0
2023-01-26,55,36,19,5300.0,6278200.0
2023-01-27,37,25,12,3800.0,6282000.0
2023-01-30,16,12,4,2000.0,6284000.0
2023-01-31,133,66,67,6500.0,6290500.0
2023-02-01,55,33,22,4400.0,6294900.0
2023-02-02,52,29,23,3500.0,6298400.0
2023-02-03,93,24,69,-2100.0,6296300.0
2023-02-06,14,9,5,1300.0,6297600.0
2023-02-07,60,34,26,4200.0,6301800.0
2023-02-08,15,8,7,900.0,6302700.0
2023-02-09,87,64,23,10500.0,6313200.0
2023-02-10,25,14,11,1700.0,6314900.0
2023-02-13,38,17,21,1300.0,6316200.0
2023-02-14,91,49,42,5600.0,6321800.0
2023-02-15,48,21,27,1500.0,6323300.0
2023-02-16,43,32,11,5300.0,6328600.0
2023-02-17,86,49,37,6100.0,6334700.0
2023-02-20,4,3,1,500.0,6335200.0
2023-02-21,86,56,30,8200.0,6343400.0
2023-02-22,69,46,23,6900.0,6350300.0
2023-02-23,45,20,25,1500.0,6351800.0
2023-02-24,58,24,34,1400.0,6353200.0
2023-02-27,34,14,20,800.0,6354000.0
2023-02-28,80,43,37,4900.0,6358900.0
2023-03-01,64,25,39,1100.0,6360000.0
2023-03-02,8,7,1,1300.0,6361300.0
2023-03-06,34,12,22,200.0,6361500.0
2023-03-07,80,42,38,4600.0,6366100.0
2023-03-08,40,33,7,5900.0,6372000.0
2023-03-09,69,40,29,5100.0,6377100.0
2023-03-10,79,40,39,4100.0,6381200.0
2023-03-12,27,10,17,300.0,6381500.0
2023-03-13,40,20,20,2000.0,6383500.0
2023-03-14,6,4,2,600.0,6384100.0
2023-03-15,116,71,45,9700.0,6393800.0
2023-03-16,29,21,8,3400.0,6397200.0
2023-03-17,106,60,46,7400.0,6404600.0
2023-03-19,2,0,2,-200.0,6404400.0
2023-03-20,38,23,15,3100.0,6407500.0
2023-03-21,84,41,43,3900.0,6411400.0
2023-03-22,62,36,26,4600.0,6416000.0
2023-03-23,45,25,20,3000.0,6419000.0
2023-03-24,22,15,7,2300.0,6421300.0
2023-03-26,13,5,8,200.0,6421500.0
2023-03-27,43,23,20,2600.0,6424100.0
2023-03-28,46,30,16,4400.0,6428500.0
2023-03-29,33,21,12,3000.0,6431500.0
2023-03-30,108,59,49,6900.0,6438400.0
2023-03-31,55,40,15,6500.0,6444900.0
2023-04-03,52,29,23,3500.0,6448400.0
2023-04-04,77,31,46,1600.0,6450000.0
2023-04-05,41,32,9,5500.0,6455500.0
2023-04-06,45,35,10,6000.0,6461500.0
2023-04-10,52,34,18,5000.0,6466500.0
2023-04-11,47,35,12,5800.0,6472300.0
2023-04-12,76,42,34,5000.0,6477300.0
2023-04-13,70,43,27,5900.0,6483200.0
2023-04-14,49,20,29,1100.0,6484300.0
2023-04-17,50,24,26,2200.0,6486500.0
2023-04-18,40,19,21,1700.0,6488200.0
2023-04-19,74,37,37,3700.0,6491900.0
2023-04-20,56,33,23,4300.0,6496200.0
2023-04-21,59,22,37,700.0,6496900.0
2023-04-24,14,11,3,1900.0,6498800.0
2023-04-25,97,60,37,8300.0,6507100.0
2023-04-26,40,21,19,2300.0,6509400.0
2023-04-27,64,37,27,4700.0,6514100.0
2023-04-28,19,16,3,2900.0,6517000.0
2023-05-01,81,43,38,4800.0,6521800.0
2023-05-02,44,23,21,2500.0,6524300.0
2023-05-03,122,64,58,7000.0,6531300.0
2023-05-04,36,18,18,1800.0,6533100.0
2023-05-05,49,27,22,3200.0,6536300.0
2023-05-08,15,13,2,2400.0,6538700.0
2023-05-09,114,66,48,8400.0,6547100.0
2023-05-10,60,31,29,3300.0,6550400.0
2023-05-11,79,41,38,4400.0,6554800.0
2023-05-12,20,15,5,2500.0,6557300.0
2023-05-15,8,7,1,1300.0,6558600.0
2023-05-16,158,88,70,10600.0,6569200.0
2023-05-17,56,31,25,3700.0,6572900.0
2023-05-18,76,37,39,3500.0,6576400.0
2023-05-19,53,36,17,5500.0,6581900.0
2023-05-22,8,6,2,1000.0,6582900.0
2023-05-23,89,49,40,5800.0,6588700.0
2023-05-24,59,36,23,4900.0,6593600.0
2023-05-25,59,25,34,1600.0,6595200.0
2023-05-26,33,19,14,2400.0,6597600.0
2023-05-29,4,4,0,800.0,6598400.0
2023-05-30,108,67,41,9300.0,6607700.0
2023-05-31,53,27,26,2800.0,6610500.0
2023-06-01,70,48,22,7400.0,6617900.0
2023-06-02,61,24,37,1100.0,6619000.0
2023-06-05,46,29,17,4100.0,6623100.0
2023-06-06,19,15,4,2600.0,6625700.0
2023-06-07,117,77,40,11400.0,6637100.0
2023-06-08,47,31,16,4600.0,6641700.0
2023-06-09,36,22,14,3000.0,6644700.0
2023-06-12,66,45,21,6900.0,6651600.0
2023-06-13,68,27,41,1300.0,6652900.0
2023-06-14,68,42,26,5800.0,6658700.0
2023-06-15,76,46,30,6200.0,6664900.0
2023-06-16,29,21,8,3400.0,6668300.0
2023-06-19,8,3,5,100.0,6668400.0
2023-06-20,112,63,49,7700.0,6676100.0
2023-06-21,59,30,29,3100.0,6679200.0
2023-06-22,69,40,29,5100.0,6684300.0
2023-06-23,55,27,28,2600.0,6686900.0
2023-06-26,28,14,14,1400.0,6688300.0
2023-06-27,115,69,46,9200.0,6697500.0
2023-06-28,62,36,26,4600.0,6702100.0
2023-06-29,84,44,40,4800.0,6706900.0
2023-06-30,59,35,24,4600.0,6711500.0
2023-07-03,53,35,18,5200.0,6716700.0
2023-07-04,27,14,13,1500.0,6718200.0
2023-07-05,58,29,29,2900.0,6721100.0
2023-07-06,50,26,24,2800.0,6723900.0
2023-07-07,49,30,19,4100.0,6728000.0
2023-07-10,34,22,12,3200.0,6731200.0
2023-07-11,45,26,19,3300.0,6734500.0
2023-07-12,80,38,42,3400.0,6737900.0
2023-07-13,21,14,7,2100.0,6740000.0
2023-07-14,28,17,11,2300.0,6742300.0
2023-07-17,78,54,24,8400.0,6750700.0
2023-07-18,107,51,56,4600.0,6755300.0
2023-07-19,6,4,2,600.0,6755900.0
2023-07-20,73,44,29,5900.0,6761800.0
2023-07-21,50,28,22,3400.0,6765200.0
2023-07-24,43,27,16,3800.0,6769000.0
2023-07-25,56,33,23,4300.0,6773300.0
2023-07-26,90,62,28,9600.0,6782900.0
2023-07-27,47,25,22,2800.0,6785700.0
2023-07-28,34,23,11,3500.0,6789200.0
2023-07-31,61,37,24,5000.0,6794200.0
2023-08-01,63,38,25,5100.0,6799300.0
2023-08-02,70,47,23,7100.0,6806400.0
2023-08-03,12,7,5,900.0,6807300.0
2023-08-04,77,37,40,3400.0,6810700.0
2023-08-07,46,29,17,4100.0,6814800.0
2023-08-08,92,43,49,3700.0,6818500.0
2023-08-09,52,25,27,2300.0,6820800.0
2023-08-10,37,22,15,2900.0,6823700.0
2023-08-11,9,4,5,300.0,6824000.0
2023-08-14,78,45,33,5700.0,6829700.0
2023-08-15,37,23,14,3200.0,6832900.0
2023-08-16,81,46,35,5700.0,6838600.0
2023-08-17,52,29,23,3500.0,6842100.0
2023-08-18,31,20,11,2900.0,6845000.0
2023-08-21,62,33,29,3700.0,6848700.0
2023-08-22,80,51,29,7300.0,6856000.0
2023-08-23,63,28,35,2100.0,6858100.0
2023-08-24,42,28,14,4200.0,6862300.0
2023-08-25,64,35,29,4100.0,6866400.0
2023-08-28,83,39,44,3400.0,6869800.0
2023-08-29,53,26,27,2500.0,6872300.0
2023-08-30,83,33,50,1600.0,6873900.0
2023-08-31,36,21,15,2700.0,6876600.0
2023-09-01,52,33,19,4700.0,6881300.0
2023-09-04,29,11,18,400.0,6881700.0
2023-09-05,59,29,30,2800.0,6884500.0
2023-09-06,71,33,38,2800.0,6887300.0
2023-09-07,9,8,1,1500.0,6888800.0
2023-09-08,84,60,24,9600.0,6898400.0
2023-09-11,37,17,20,1400.0,6899800.0
2023-09-12,70,32,38,2600.0,6902400.0
2023-09-13,41,25,16,3400.0,6905800.0
2023-09-14,46,25,21,2900.0,6908700.0
2023-09-15,61,32,29,3500.0,6912200.0
2023-09-18,48,32,16,4800.0,6917000.0
2023-09-19,42,26,16,3600.0,6920600.0
2023-09-20,108,63,45,8100.0,6928700.0
2023-09-21,53,28,25,3100.0,6931800.0
2023-09-22,19,6,13,-100.0,6931700.0
2023-09-25,78,37,41,3300.0,6935000.0
2023-09-26,89,47,42,5200.0,6940200.0
2023-09-27,96,37,59,1500.0,6941700.0
2023-09-28,49,26,23,2900.0,6944600.0
2023-09-29,59,39,20,5800.0,6950400.0
2023-10-01,2,0,2,-200.0,6950200.0
2023-10-02,54,24,30,1800.0,6952000.0
2023-10-03,38,24,14,3400.0,6955400.0
2023-10-04,10,9,1,1700.0,6957100.0
2023-10-05,63,39,24,5400.0,6962500.0
2023-10-06,104,50,54,4600.0,6967100.0
2023-10-08,3,0,3,-300.0,6966800.0
2023-10-09,36,18,18,1800.0,6968600.0
2023-10-10,36,19,17,2100.0,6970700.0
2023-10-11,52,16,36,-400.0,6970300.0
2023-10-12,56,38,18,5800.0,6976100.0
2023-10-13,92,47,45,4900.0,6981000.0
2023-10-16,34,25,9,4100.0,6985100.0
2023-10-17,50,23,27,1900.0,6987000.0
2023-10-18,86,47,39,5500.0,6992500.0
2023-10-19,42,31,11,5100.0,6997600.0
2023-10-20,59,36,23,4900.0,7002500.0
2023-10-23,19,13,6,2000.0,7004500.0
2023-10-24,122,64,58,7000.0,7011500.0
2023-10-25,72,39,33,4500.0,7016000.0
2023-10-26,31,18,13,2300.0,7018300.0
2023-10-27,84,44,40,4800.0,7023100.0
2023-10-30,16,14,2,2600.0,7025700.0
2023-10-31,106,56,50,6200.0,7031900.0
2023-11-01,43,24,19,2900.0,7034800.0
2023-11-02,21,10,11,900.0,7035700.0
2023-11-03,90,48,42,5400.0,7041100.0
2023-11-06,28,15,13,1700.0,7042800.0
2023-11-07,75,33,42,2400.0,7045200.0
2023-11-08,53,31,22,4000.0,7049200.0
2023-11-09,42,20,22,1800.0,7051000.0
2023-11-10,82,37,45,2900.0,7053900.0
2023-11-13,40,30,10,5000.0,7058900.0
2023-11-14,73,40,33,4700.0,7063600.0
2023-11-15,46,28,18,3800.0,7067400.0
2023-11-16,56,30,26,3400.0,7070800.0
2023-11-17,52,32,20,4400.0,7075200.0
2023-11-20,80,49,31,6700.0,7081900.0
2023-11-21,75,34,41,2700.0,7084600.0
2023-11-22,48,26,22,3000.0,7087600.0
2023-11-23,5,5,0,1000.0,7088600.0
2023-11-24,90,57,33,8100.0,7096700.0
2023-11-27,43,26,17,3500.0,7100200.0
2023-11-28,107,65,42,8800.0,7109000.0
2023-11-29,26,15,11,1900.0,7110900.0
2023-11-30,49,25,24,2600.0,7113500.0
2023-12-01,93,50,43,5700.0,7119200.0
2023-12-03,9,5,4,600.0,7119800.0
2023-12-04,64,30,34,2600.0,7122400.0
2023-12-05,35,15,20,1000.0,7123400.0
2023-12-06,19,11,8,1400.0,7124800.0
2023-12-07,55,27,28,2600.0,7127400.0
2023-12-08,109,61,48,7400.0,7134800.0
2023-12-11,65,27,38,1600.0,7136400.0
2023-12-12,40,29,11,4700.0,7141100.0
2023-12-13,48,34,14,5400.0,7146500.0
2023-12-14,22,14,8,2000.0,7148500.0
2023-12-15,73,43,30,5600.0,7154100.0
2023-12-18,41,25,16,3400.0,7157500.0
2023-12-19,55,27,28,2600.0,7160100.0
2023-12-20,57,41,16,6600.0,7166700.0
2023-12-21,76,41,35,4700.0,7171400.0
2023-12-22,67,47,20,7400.0,7178800.0
2023-12-26,31,17,14,2000.0,7180800.0
2023-12-27,69,44,25,6300.0,7187100.0
2023-12-28,62,42,20,6400.0,7193500.0
2023-12-29,44,25,19,3100.0,7196600.0
2024-01-02,72,38,34,4200.0,7200800.0
2024-01-03,68,31,37,2500.0,7203300.0
2024-01-04,6,5,1,900.0,7204200.0
2024-01-17,64,23,41,500.0,7204700.0
2024-01-18,60,40,20,6000.0,7210700.0
2024-01-19,88,42,46,3800.0,7214500.0
2024-01-22,38,27,11,4300.0,7218800.0
2024-01-23,71,36,35,3700.0,7222500.0
2024-01-24,95,61,34,8800.0,7231300.0
2024-01-25,36,28,8,4800.0,7236100.0
2024-01-26,32,22,10,3400.0,7239500.0
2024-01-29,124,77,47,10700.0,7250200.0
2024-01-30,55,33,22,4400.0,7254600.0
2024-01-31,107,54,53,5500.0,7260100.0
2024-02-01,90,48,42,5400.0,7265500.0
2024-02-02,29,12,17,700.0,7266200.0
2024-02-05,51,27,24,3000.0,7269200.0
2024-02-06,59,33,26,4000.0,7273200.0
2024-02-07,25,16,9,2300.0,7275500.0
2024-02-08,82,55,27,8300.0,7283800.0
2024-02-09,81,45,36,5400.0,7289200.0
2024-02-12,43,23,20,2600.0,7291800.0
2024-02-13,121,52,69,3500.0,7295300.0
2024-02-14,31,18,13,2300.0,7297600.0
2024-02-15,73,47,26,6800.0,7304400.0
2024-02-16,59,31,28,3400.0,7307800.0
2024-02-19,22,12,10,1400.0,7309200.0
2024-02-20,60,33,27,3900.0,7313100.0
2024-02-21,56,30,26,3400.0,7316500.0
2024-02-22,50,24,26,2200.0,7318700.0
2024-02-23,78,40,38,4200.0,7322900.0
2024-02-26,44,25,19,3100.0,7326000.0
2024-02-27,63,36,27,4500.0,7330500.0
2024-02-28,64,48,16,8000.0,7338500.0
2024-02-29,80,39,41,3700.0,7342200.0
2024-03-01,100,63,37,8900.0,7351100.0
2024-03-04,89,38,51,2500.0,7353600.0
2024-03-05,58,24,34,1400.0,7355000.0
2024-03-06,42,26,16,3600.0,7358600.0
2024-03-07,23,14,9,1900.0,7360500.0
2024-03-08,74,36,38,3400.0,7363900.0
2024-03-12,93,44,49,3900.0,7367800.0
2024-03-13,42,20,22,1800.0,7369600.0
2024-03-14,44,30,14,4600.0,7374200.0
2024-03-15,45,26,19,3300.0,7377500.0
2024-03-17,3,3,0,600.0,7378100.0
2024-03-18,38,23,15,3100.0,7381200.0
2024-03-19,79,36,43,2900.0,7384100.0
2024-03-20,129,75,54,9600.0,7393700.0
2024-03-21,40,21,19,2300.0,7396000.0
2024-03-22,79,36,43,2900.0,7398900.0
2024-03-25,42,22,20,2400.0,7401300.0
2024-03-26,88,41,47,3500.0,7404800.0
2024-03-27,58,28,30,2600.0,7407400.0
2024-03-28,96,56,40,7200.0,7414600.0
2024-03-31,17,6,11,100.0,7414700.0
2024-04-01,38,23,15,3100.0,7417800.0
2024-04-02,38,27,11,4300.0,7422100.0
2024-04-03,45,24,21,2700.0,7424800.0
2024-04-04,42,24,18,3000.0,7427800.0
2024-04-05,46,27,19,3500.0,7431300.0
2024-04-08,38,28,10,4600.0,7435900.0
2024-04-09,53,29,24,3400.0,7439300.0
2024-04-10,56,28,28,2800.0,7442100.0
2024-04-11,93,46,47,4500.0,7446600.0
2024-04-12,81,39,42,3600.0,7450200.0
2024-04-15,36,25,11,3900.0,7454100.0
2024-04-16,53,27,26,2800.0,7456900.0
2024-04-17,78,37,41,3300.0,7460200.0
2024-04-18,14,8,6,1000.0,7461200.0
2024-04-19,70,38,32,4400.0,7465600.0
2024-04-22,94,42,52,3200.0,7468800.0
2024-04-23,60,32,28,3600.0,7472400.0
2024-04-24,27,19,8,3000.0,7475400.0
2024-04-25,85,50,35,6500.0,7481900.0
2024-04-26,32,23,9,3700.0,7485600.0
2024-04-29,21,12,9,1500.0,7487100.0
2024-04-30,106,52,54,5000.0,7492100.0
2024-05-01,71,43,28,5800.0,7497900.0
2024-05-02,40,23,17,2900.0,7500800.0
2024-05-03,104,59,45,7300.0,7508100.0
2024-05-06,40,21,19,2300.0,7510400.0
2024-05-07,9,9,0,1800.0,7512200.0
2024-05-08,60,44,16,7200.0,7519400.0
2024-05-09,113,63,50,7600.0,7527000.0
2024-05-10,62,27,35,1900.0,7528900.0
2024-05-13,59,30,29,3100.0,7532000.0
2024-05-14,56,36,20,5200.0,7537200.0
2024-05-15,72,44,28,6000.0,7543200.0
2024-05-16,25,13,12,1400.0,7544600.0
2024-05-17,105,51,54,4800.0,7549400.0
2024-05-20,62,31,31,3100.0,7552500.0
2024-05-21,31,20,11,2900.0,7555400.0
2024-05-22,89,52,37,6700.0,7562100.0
2024-05-23,78,33,45,2100.0,7564200.0
2024-05-24,7,6,1,1100.0,7565300.0
2024-05-27,65,49,16,8200.0,7573500.0
2024-05-28,46,18,28,800.0,7574300.0
2024-05-29,43,19,24,1400.0,7575700.0
2024-05-30,44,23,21,2500.0,7578200.0
2024-05-31,99,54,45,6300.0,7584500.0
2024-06-03,55,31,24,3800.0,7588300.0
2024-06-04,58,30,28,3200.0,7591500.0
2024-06-05,72,40,32,4800.0,7596300.0
2024-06-06,47,28,19,3700.0,7600000.0
2024-06-07,85,48,37,5900.0,7605900.0
2024-06-10,12,5,7,300.0,7606200.0
2024-06-11,36,20,16,2400.0,7608600.0
2024-06-12,74,42,32,5200.0,7613800.0
2024-06-13,55,32,23,4100.0,7617900.0
2024-06-14,43,22,21,2300.0,7620200.0
2024-06-17,48,30,18,4200.0,7624400.0
2024-06-18,57,35,22,4800.0,7629200.0
2024-06-19,9,5,4,600.0,7629800.0
2024-06-20,117,56,61,5100.0,7634900.0
2024-06-21,56,28,28,2800.0,7637700.0
2024-06-24,6,6,0,1200.0,7638900.0
2024-06-25,47,28,19,3700.0,7642600.0
2024-06-26,74,36,38,3400.0,7646000.0
2024-06-27,34,13,21,500.0,7646500.0
2024-06-28,43,25,18,3200.0,7649700.0
2024-07-01,38,20,18,2200.0,7651900.0
2024-07-02,35,21,14,2800.0,7654700.0
2024-07-03,135,76,59,9300.0,7664000.0
2024-07-04,1,1,0,200.0,7664200.0
2024-07-05,120,57,63,5100.0,7669300.0
2024-07-08,62,40,22,5800.0,7675100.0
2024-07-09,41,23,18,2800.0,7677900.0
2024-07-10,78,42,36,4800.0,7682700.0
2024-07-11,88,51,37,6500.0,7689200.0
2024-07-12,45,30,15,4500.0,7693700.0
2024-07-15,62,34,28,4000.0,7697700.0
2024-07-16,81,46,35,5700.0,7703400.0
2024-07-17,57,37,20,5400.0,7708800.0
2024-07-18,65,36,29,4300.0,7713100.0
2024-07-19,61,27,34,2000.0,7715100.0
2024-07-22,38,17,21,1300.0,7716400.0
2024-07-23,28,16,12,2000.0,7718400.0
2024-07-24,91,57,34,8000.0,7726400.0
2024-07-25,47,28,19,3700.0,7730100.0
2024-07-26,25,23,2,4400.0,7734500.0
2024-07-29,71,44,27,6100.0,7740600.0
2024-07-30,80,43,37,4900.0,7745500.0
2024-07-31,67,34,33,3500.0,7749000.0
2024-08-01,48,32,16,4800.0,7753800.0
2024-08-02,72,43,29,5700.0,7759500.0
2024-08-05,71,40,31,4900.0,7764400.0
2024-08-06,41,19,22,1600.0,7766000.0
2024-08-07,39,21,18,2400.0,7768400.0
2024-08-08,76,33,43,2300.0,7770700.0
2024-08-09,20,13,7,1900.0,7772600.0
2024-08-12,109,46,63,2900.0,7775500.0
2024-08-13,17,12,5,1900.0,7777400.0
2024-08-14,70,33,37,2900.0,7780300.0
2024-08-15,53,27,26,2800.0,7783100.0
2024-08-16,117,61,56,6600.0,7789700.0
2024-08-19,14,10,4,1600.0,7791300.0
2024-08-20,83,47,36,5800.0,7797100.0
2024-08-21,36,25,11,3900.0,7801000.0
2024-08-22,76,41,35,4700.0,7805700.0
2024-08-23,68,39,29,4900.0,7810600.0
2024-08-26,42,31,11,5100.0,7815700.0
2024-08-27,74,48,26,7000.0,7822700.0
2024-08-28,59,33,26,4000.0,7826700.0
2024-08-29,76,41,35,4700.0,7831400.0
2024-08-30,67,44,23,6500.0,7837900.0
2024-09-02,5,2,3,100.0,7838000.0
2024-09-03,70,39,31,4700.0,7842700.0
2024-09-04,49,30,19,4100.0,7846800.0
2024-09-05,62,28,34,2200.0,7849000.0
2024-09-06,65,26,39,1300.0,7850300.0
2024-09-09,11,5,6,400.0,7850700.0
2024-09-10,100,43,57,2900.0,7853600.0
2024-09-11,51,25,26,2400.0,7856000.0
2024-09-12,117,68,49,8700.0,7864700.0
2024-09-13,75,42,33,5100.0,7869800.0
2024-09-16,19,11,8,1400.0,7871200.0
2024-09-17,88,52,36,6800.0,7878000.0
2024-09-18,100,61,39,8300.0,7886300.0
2024-09-19,26,16,10,2200.0,7888500.0
2024-09-20,83,52,31,7300.0,7895800.0
2024-09-23,33,21,12,3000.0,7898800.0
2024-09-24,99,56,43,6900.0,7905700.0
2024-09-25,6,5,1,900.0,7906600.0
2024-09-26,73,46,27,6500.0,7913100.0
2024-09-27,58,25,33,1700.0,7914800.0
2024-09-30,54,33,21,4500.0,7919300.0
2024-10-01,71,39,32,4600.0,7923900.0
2024-10-02,38,26,12,4000.0,7927900.0
2024-10-03,45,21,24,1800.0,7929700.0
2024-10-04,104,56,48,6400.0,7936100.0
2024-10-07,17,10,7,1300.0,7937400.0
2024-10-08,121,79,42,11600.0,7949000.0
2024-10-09,8,6,2,1000.0,7950000.0
2024-10-10,45,19,26,1200.0,7951200.0
2024-10-11,83,40,43,3700.0,7954900.0
2024-10-14,37,19,18,2000.0,7956900.0
2024-10-15,82,39,43,3500.0,7960400.0
2024-10-16,61,38,23,5300.0,7965700.0
2024-10-17,52,41,11,7100.0,7972800.0
2024-10-18,71,50,21,7900.0,7980700.0
2024-10-20,1,0,1,-100.0,7980600.0
2024-10-21,67,30,37,2300.0,7982900.0
2024-10-22,39,21,18,2400.0,7985300.0
2024-10-23,49,28,21,3500.0,7988800.0
2024-10-24,64,40,24,5600.0,7994400.0
2024-10-25,76,45,31,5900.0,8000300.0
2024-10-28,31,23,8,3800.0,8004100.0
2024-10-29,97,52,45,5900.0,8010000.0
2024-10-30,35,21,14,2800.0,8012800.0
2024-10-31,57,24,33,1500.0,8014300.0
2024-11-01,31,20,11,2900.0,8017200.0
2024-11-04,4,4,0,800.0,8018000.0
2024-11-05,43,21,22,2000.0,8020000.0
2024-11-06,123,54,69,3900.0,8023900.0
2024-11-07,42,18,24,1200.0,8025100.0
2024-11-08,39,27,12,4200.0,8029300.0
2024-11-11,127,67,60,7400.0,8036700.0
2024-11-12,64,29,35,2300.0,8039000.0
2024-11-13,54,33,21,4500.0,8043500.0
2024-11-14,58,33,25,4100.0,8047600.0
2024-11-15,6,6,0,1200.0,8048800.0
2024-11-18,111,48,63,3300.0,8052100.0
2024-11-19,58,27,31,2300.0,8054400.0
2024-11-20,71,40,31,4900.0,8059300.0
2024-11-21,51,24,27,2100.0,8061400.0
2024-11-22,82,39,43,3500.0,8064900.0
2024-11-24,2,1,1,100.0,8065000.0
2024-11-25,69,36,33,3900.0,8068900.0
2024-11-26,8,7,1,1300.0,8070200.0
2024-11-27,117,72,45,9900.0,8080100.0
2024-11-28,47,27,20,3400.0,8083500.0
2024-11-29,61,34,27,4100.0,8087600.0
2024-12-02,52,31,21,4100.0,8091700.0
2024-12-03,53,38,15,6100.0,8097800.0
2024-12-04,58,39,19,5900.0,8103700.0
2024-12-05,80,37,43,3100.0,8106800.0
2024-12-06,43,23,20,2600.0,8109400.0
2024-12-09,105,49,56,4200.0,8113600.0
2024-12-10,74,34,40,2800.0,8116400.0
2024-12-11,95,52,43,6100.0,8122500.0
2024-12-12,68,33,35,3100.0,8125600.0
2024-12-13,52,20,32,800.0,8126400.0
2024-12-16,15,11,4,1800.0,8128200.0
2024-12-17,57,32,25,3900.0,8132100.0
2024-12-18,118,65,53,7700.0,8139800.0
2024-12-19,36,21,15,2700.0,8142500.0
2024-12-20,60,33,27,3900.0,8146400.0
2024-12-23,34,23,11,3500.0,8149900.0
2024-12-24,13,7,6,800.0,8150700.0
2024-12-26,111,61,50,7200.0,8157900.0
2024-12-27,40,17,23,1100.0,8159000.0
2024-12-30,64,34,30,3800.0,8162800.0
2024-12-31,61,45,16,7400.0,8170200.0
2025-01-02,77,37,40,3400.0,8173600.0
2025-01-03,44,32,12,5200.0,8178800.0
2025-01-06,81,37,44,3000.0,8181800.0
2025-01-07,68,39,29,4900.0,8186700.0
2025-01-08,58,32,26,3800.0,8190500.0
2025-01-09,54,30,24,3600.0,8194100.0
2025-01-10,84,45,39,5100.0,8199200.0
2025-01-13,46,26,20,3200.0,8202400.0
2025-01-14,21,14,7,2100.0,8204500.0
2025-01-15,97,58,39,7700.0,8212200.0
2025-01-16,77,37,40,3400.0,8215600.0
2025-01-17,63,47,16,7800.0,8223400.0
2025-01-20,40,29,11,4700.0,8228100.0
2025-01-21,119,65,54,7600.0,8235700.0
2025-01-22,53,25,28,2200.0,8237900.0
2025-01-23,40,19,21,1700.0,8239600.0
2025-01-24,41,18,23,1300.0,8240900.0
2025-01-27,82,57,25,8900.0,8249800.0
2025-01-28,50,32,18,4600.0,8254400.0
2025-01-29,53,33,20,4600.0,8259000.0
2025-01-30,57,26,31,2100.0,8261100.0
2025-01-31,93,53,40,6600.0,8267700.0
2025-02-03,132,77,55,9900.0,8277600.0
2025-02-04,188,96,92,10000.0,8287600.0
2025-02-05,116,71,45,9700.0,8297300.0
2025-02-06,227,116,111,12100.0,8309400.0
2025-02-07,239,130,109,15100.0,8324500.0
2025-02-10,158,98,60,13600.0,8338100.0
2025-02-11,211,102,109,9500.0,8347600.0
2025-02-12,215,133,82,18400.0,8366000.0
2025-02-13,149,87,62,11200.0,8377200.0
2025-02-14,152,87,65,10900.0,8388100.0
2025-02-17,56,30,26,3400.0,8391500.0
2025-02-18,248,144,104,18400.0,8409900.0
2025-02-19,154,84,70,9800.0,8419700.0
2025-02-20,173,91,82,10000.0,8429700.0
2025-02-21,238,150,88,21200.0,8450900.0
2025-02-24,192,118,74,16200.0,8467100.0
2025-02-25,249,135,114,15600.0,8482700.0
2025-02-26,225,121,104,13800.0,8496500.0
2025-02-27,209,111,98,12400.0,8508900.0
2025-02-28,179,102,77,12700.0,8521600.0
2025-03-03,158,96,62,13000.0,8534600.0
2025-03-04,149,87,62,11200.0,8545800.0
2025-03-05,186,98,88,10800.0,8556600.0
2025-03-06,175,93,82,10400.0,8567000.0
2025-03-07,169,85,84,8600.0,8575600.0
2025-03-10,293,155,138,17200.0,8592800.0
2025-03-11,115,65,50,8000.0,8600800.0
2025-03-12,204,119,85,15300.0,8616100.0
2025-03-13,196,113,83,14300.0,8630400.0
2025-03-14,119,59,60,5800.0,8636200.0
2025-03-17,169,105,64,14600.0,8650800.0
2025-03-18,179,90,89,9100.0,8659900.0
2025-03-19,234,131,103,15900.0,8675800.0
2025-03-20,94,42,52,3200.0,8679000.0
2025-03-21,229,125,104,14600.0,8693600.0
2025-03-23,5,4,1,700.0,8694300.0
2025-03-24,236,129,107,15100.0,8709400.0
2025-03-25,162,99,63,13500.0,8722900.0
2025-03-26,186,112,74,15000.0,8737900.0
2025-03-27,293,156,137,17500.0,8755400.0
2025-03-28,116,84,32,13600.0,8769000.0
2025-03-30,4,3,1,500.0,8769500.0
2025-03-31,164,90,74,10600.0,8780100.0
2025-04-01,211,118,93,14300.0,8794400.0
2025-04-02,134,73,61,8500.0,8802900.0
2025-04-03,253,119,134,10400.0,8813300.0
2025-04-04,276,147,129,16500.0,8829800.0
2025-04-06,1,0,1,-100.0,8829700.0
2025-04-07,160,94,66,12200.0,8841900.0
2025-04-08,175,95,80,11000.0,8852900.0
2025-04-09,169,95,74,11600.0,8864500.0
2025-04-10,159,72,87,5700.0,8870200.0
2025-04-11,96,53,43,6300.0,8876500.0
2025-04-14,179,97,82,11200.0,8887700.0
2025-04-15,124,80,44,11600.0,8899300.0
2025-04-16,214,117,97,13700.0,8913000.0
2025-04-17,172,103,69,13700.0,8926700.0
2025-04-21,165,81,84,7800.0,8934500.0
2025-04-22,197,115,82,14800.0,8949300.0
2025-04-23,143,74,69,7900.0,8957200.0
2025-04-24,161,87,74,10000.0,8967200.0
2025-04-25,191,101,90,11200.0,8978400.0
2025-04-28,190,109,81,13700.0,8992100.0
2025-04-29,79,54,25,8300.0,9000400.0
2025-04-30,283,167,116,21800.0,9022200.0
2025-05-01,174,101,73,12900.0,9035100.0
2025-05-02,180,106,74,13800.0,9048900.0
2025-05-05,159,87,72,10200.0,9059100.0
2025-05-06,156,78,78,7800.0,9066900.0
2025-05-07,104,67,37,9700.0,9076600.0
2025-05-08,237,140,97,18300.0,9094900.0
2025-05-09,93,61,32,9000.0,9103900.0
2025-05-11,1,0,1,-100.0,9103800.0
2025-05-12,144,86,58,11400.0,9115200.0
2025-05-13,137,70,67,7300.0,9122500.0
2025-05-14,240,143,97,18900.0,9141400.0
2025-05-15,203,114,89,13900.0,9155300.0
2025-05-16,124,70,54,8600.0,9163900.0
2025-05-19,107,55,52,5800.0,9169700.0
2025-05-20,199,106,93,11900.0,9181600.0
2025-05-21,89,57,32,8200.0,9189800.0
2025-05-22,157,93,64,12200.0,9202000.0
2025-05-23,169,99,70,12800.0,9214800.0
2025-05-26,99,60,39,8100.0,9222900.0
2025-05-27,173,94,79,10900.0,9233800.0
2025-05-28,215,127,88,16600.0,9250400.0
2025-05-29,157,83,74,9200.0,9259600.0
2025-05-30,147,76,71,8100.0,9267700.0
2025-06-02,184,118,66,17000.0,9284700.0
2025-06-03,143,79,64,9400.0,9294100.0
2025-06-04,231,120,111,12900.0,9307000.0
2025-06-05,188,87,101,7300.0,9314300.0
2025-06-06,175,95,80,11000.0,9325300.0
2025-06-09,116,72,44,10000.0,9335300.0
2025-06-10,189,104,85,12300.0,9347600.0
2025-06-11,273,151,122,18000.0,9365600.0
2025-06-12,125,58,67,4900.0,9370500.0
2025-06-13,143,79,64,9400.0,9379900.0
2025-06-15,1,1,0,200.0,9380100.0
2025-06-16,196,111,85,13700.0,9393800.0
2025-06-17,188,110,78,14200.0,9408000.0
2025-06-18,322,191,131,25100.0,9433100.0
2025-06-19,135,60,75,4500.0,9437600.0
2025-06-20,244,133,111,15500.0,9453100.0
2025-06-23,254,152,102,20200.0,9473300.0
2025-06-24,131,82,49,11500.0,9484800.0
2025-06-25,134,75,59,9100.0,9493900.0
2025-06-26,204,118,86,15000.0,9508900.0
2025-06-27,217,109,108,11000.0,9519900.0
2025-06-30,222,111,111,11100.0,9531000.0
2025-07-01,93,52,41,6300.0,9537300.0
2025-07-02,247,129,118,14000.0,9551300.0
2025-07-03,197,93,104,8200.0,9559500.0
2025-07-04,92,55,37,7300.0,9566800.0
2025-07-07,302,168,134,20200.0,9587000.0
2025-07-08,176,105,71,13900.0,9600900.0
2025-07-09,131,67,64,7000.0,9607900.0
2025-07-10,136,86,50,12200.0,9620100.0
2025-07-11,203,107,96,11800.0,9631900.0
2025-07-14,167,89,78,10000.0,9641900.0
2025-07-15,215,122,93,15100.0,9657000.0
2025-07-16,155,73,82,6400.0,9663400.0
2025-07-17,190,105,85,12500.0,9675900.0
2025-07-18,158,79,79,7900.0,9683800.0
2025-07-21,186,113,73,15300.0,9699100.0
2025-07-22,190,99,91,10700.0,9709800.0
2025-07-23,161,93,68,11800.0,9721600.0
2025-07-24,85,45,40,5000.0,9726600.0
2025-07-25,193,96,97,9500.0,9736100.0
2025-07-28,199,103,96,11000.0,9747100.0
2025-07-29,178,103,75,13100.0,9760200.0
2025-07-30,262,136,126,14600.0,9774800.0
2025-07-31,99,60,39,8100.0,9782900.0
2025-08-01,236,150,86,21400.0,9804300.0
2025-08-04,133,76,57,9500.0,9813800.0
2025-08-05,160,77,83,7100.0,9820900.0
2025-08-06,117,58,59,5700.0,9826600.0
2025-08-07,287,171,116,22600.0,9849200.0
2025-08-08,119,67,52,8200.0,9857400.0
2025-08-11,241,130,111,14900.0,9872300.0
2025-08-12,149,95,54,13600.0,9885900.0
2025-08-13,179,110,69,15100.0,9901000.0
2025-08-14,293,160,133,18700.0,9919700.0
2025-08-15,57,34,23,4500.0,9924200.0
2025-08-18,255,134,121,14700.0,9938900.0
2025-08-19,180,80,100,6000.0,9944900.0
2025-08-20,119,66,53,7900.0,9952800.0
2025-08-21,141,84,57,11100.0,9963900.0
2025-08-22,209,108,101,11500.0,9975400.0
2025-08-25,108,63,45,8100.0,9983500.0
2025-08-26,204,112,92,13200.0,9996700.0
2025-08-27,196,95,101,8900.0,10005600.0
2025-08-28,200,93,107,7900.0,10013500.0
2025-08-29,195,99,96,10200.0,10023700.0
2025-09-01,83,49,34,6400.0,10030100.0
2025-09-02,251,130,121,13900.0,10044000.0
2025-09-03,163,81,82,8000.0,10052000.0
2025-09-04,164,89,75,10300.0,10062300.0
2025-09-05,296,150,146,15400.0,10077700.0
2025-09-08,129,61,68,5400.0,10083100.0
2025-09-09,161,94,67,12100.0,10095200.0
2025-09-10,116,66,50,8200.0,10103400.0
2025-09-11,235,125,110,14000.0,10117400.0
2025-09-12,128,82,46,11800.0,10129200.0
2025-09-15,320,171,149,19300.0,10148500.0
2025-09-16,97,65,32,9800.0,10158300.0
2025-09-17,228,107,121,9300.0,10167600.0
2025-09-18,115,59,56,6200.0,10173800.0
2025-09-19,236,131,105,15700.0,10189500.0
2025-09-22,156,86,70,10200.0,10199700.0
2025-09-23,154,81,73,8900.0,10208600.0
2025-09-24,211,116,95,13700.0,10222300.0
2025-09-25,179,101,78,12400.0,10234700.0
2025-09-26,245,146,99,19300.0,10254000.0
2025-09-29,109,61,48,7400.0,10261400.0
2025-09-30,171,86,85,8700.0,10270100.0
2025-10-01,123,70,53,8700.0,10278800.0
2025-10-02,166,95,71,11900.0,10290700.0
2025-10-03,242,126,116,13600.0,10304300.0
2025-10-05,1,1,0,200.0,10304500.0
2025-10-06,137,81,56,10600.0,10315100.0
2025-10-07,145,85,60,11000.0,10326100.0
2025-10-08,135,73,62,8400.0,10334500.0
2025-10-09,228,127,101,15300.0,10349800.0
2025-10-10,171,109,62,15600.0,10365400.0
2025-10-13,147,83,64,10200.0,10375600.0
2025-10-14,139,79,60,9800.0,10385400.0
2025-10-15,186,99,87,11100.0,10396500.0
2025-10-16,220,106,114,9800.0,10406300.0
2025-10-17,126,69,57,8100.0,10414400.0
2025-10-20,205,116,89,14300.0,10428700.0
2025-10-21,146,78,68,8800.0,10437500.0
2025-10-22,136,78,58,9800.0,10447300.0
2025-10-23,121,74,47,10100.0,10457400.0
2025-10-24,177,93,84,10200.0,10467600.0
2025-10-26,19,11,8,1400.0,10469000.0
2025-10-27,165,88,77,9900.0,10478900.0
2025-10-28,175,96,79,11300.0,10490200.0
2025-10-29,216,120,96,14400.0,10504600.0
2025-10-30,181,100,81,11900.0,10516500.0
2025-10-31,122,71,51,9100.0,10525600.0
2025-11-03,144,87,57,11700.0,10537300.0
2025-11-04,352,187,165,20900.0,10558200.0
2025-11-05,106,60,46,7400.0,10565600.0
2025-11-06,231,116,115,11700.0,10577300.0
2025-11-07,186,103,83,12300.0,10589600.0
2025-11-10,163,100,63,13700.0,10603300.0
2025-11-11,140,71,69,7300.0,10610600.0
2025-11-12,230,114,116,11200.0,10621800.0
2025-11-13,145,81,64,9800.0,10631600.0
2025-11-14,176,93,83,10300.0,10641900.0
2025-11-17,283,150,133,16700.0,10658600.0
2025-11-18,105,58,47,6900.0,10665500.0
2025-11-19,150,85,65,10500.0,10676000.0
2025-11-20,156,92,64,12000.0,10688000.0
2025-11-21,224,125,99,15100.0,10703100.0
2025-11-24,297,158,139,17700.0,10720800.0
2025-11-25,97,59,38,8000.0,10728800.0
2025-11-26,169,94,75,11300.0,10740100.0
2025-11-27,47,31,16,4600.0,10744700.0
2025-11-28,422,213,209,21700.0,10766400.0
2025-11-30,2,1,1,100.0,10766500.0
2025-12-01,89,50,39,6100.0,10772600.0
2025-12-02,246,140,106,17400.0,10790000.0
2025-12-03,178,91,87,9500.0,10799500.0
2025-12-04,177,95,82,10800.0,10810300.0
2025-12-05,248,148,100,19600.0,10829900.0
2025-12-08,110,60,50,7000.0,10836900.0
2025-12-09,190,98,92,10400.0,10847300.0
2025-12-10,232,147,85,20900.0,10868200.0
2025-12-11,221,121,100,14200.0,10882400.0
2025-12-12,159,92,67,11700.0,10894100.0
2025-12-15,184,89,95,8300.0,10902400.0
2025-12-16,167,93,74,11200.0,10913600.0
2025-12-17,257,134,123,14500.0,10928100.0
2025-12-18,202,127,75,17900.0,10946000.0
2025-12-19,79,39,40,3800.0,10949800.0
2025-12-22,237,113,124,10200.0,10960000.0
2025-12-23,123,56,67,4500.0,10964500.0
2025-12-24,162,97,65,12900.0,10977400.0
2025-12-26,145,88,57,11900.0,10989300.0
2025-12-29,216,124,92,15600.0,11004900.0
2025-12-30,138,81,57,10500.0,11015400.0
2025-12-31,133,72,61,8300.0,11023700.0
2026-01-02,225,131,94,16800.0,11040500.0
2026-01-05,124,64,60,6800.0,11047300.0
2026-01-06,170,94,76,11200.0,11058500.0
2026-01-07,163,88,75,10100.0,11068600.0
2026-01-08,238,136,102,17000.0,11085600.0
2026-01-09,177,98,79,11700.0,11097300.0
2026-01-11,8,3,5,100.0,11097400.0
2026-01-12,126,77,49,10500.0,11107900.0
2026-01-13,178,96,82,11000.0,11118900.0
2026-01-14,116,62,54,7000.0,11125900.0
2026-01-15,138,74,64,8400.0,11134300.0
2026-01-16,364,181,183,17900.0,11152200.0
2026-01-18,6,3,3,300.0,11152500.0
2026-01-19,94,50,44,5600.0,11158100.0
2026-01-20,236,138,98,17800.0,11175900.0
2026-01-21,154,84,70,9800.0,11185700.0
2026-01-22,183,97,86,10800.0,11196500.0
2026-01-23,129,65,64,6600.0,11203100.0
2026-01-25,1,0,1,-100.0,11203000.0
2026-01-26,150,91,59,12300.0,11215300.0
2026-01-27,158,88,70,10600.0,11225900.0
2026-01-28,134,80,54,10600.0,11236500.0
2026-01-29,132,75,57,9300.0,11245800.0
2026-01-30,198,106,92,12000.0,11257800.0
2026-02-02,86,56,30,8200.0,11266000.0
2026-02-03,181,104,77,13100.0,11279100.0
2026-02-04,189,98,91,10500.0,11289600.0
2026-02-05,198,115,83,14700.0,11304300.0
2026-02-06,121,69,52,8600.0,11312900.0
2026-02-09,162,94,68,12000.0,11324900.0
2026-02-10,121,75,46,10400.0,11335300.0
2026-02-11,231,116,115,11700.0,11347000.0
2026-02-12,312,159,153,16500.0,11363500.0
2026-02-13,203,121,82,16000.0,11379500.0
2026-02-16,96,51,45,5700.0,11385200.0
2026-02-17,367,214,153,27500.0,11412700.0
2026-02-18,185,103,82,12400.0,11425100.0
2026-02-19,145,88,57,11900.0,11437000.0
2026-02-20,289,157,132,18200.0,11455200.0
2026-02-22,10,6,4,800.0,11456000.0
2026-02-23,136,76,60,9200.0,11465200.0
2026-02-24,141,77,64,9000.0,11474200.0
2026-02-25,193,100,93,10700.0,11484900.0
2026-02-26,185,107,78,13600.0,11498500.0
2026-02-27,240,145,95,19500.0,11518000.0
2026-03-01,29,19,10,2800.0,11520800.0
2026-03-02,114,63,51,7500.0,11528300.0
2026-03-03,215,116,99,13300.0,11541600.0
2026-03-04,129,79,50,10800.0,11552400.0
2026-03-05,274,145,129,16100.0,11568500.0
2026-03-06,124,68,56,8000.0,11576500.0
2026-03-08,7,2,5,-100.0,11576400.0
2026-03-09,249,136,113,15900.0,11592300.0
2026-03-10,232,122,110,13400.0,11605700.0
2026-03-11,227,120,107,13300.0,11619000.0
2026-03-12,178,93,85,10100.0,11629100.0
2026-03-13,209,104,105,10300.0,11639400.0
2026-03-15,7,5,2,800.0,11640200.0
2026-03-16,110,56,54,5800.0,11646000.0
2026-03-17,224,132,92,17200.0,11663200.0
2026-03-18,392,223,169,27700.0,11690900.0
2026-03-19,147,81,66,9600.0,11700500.0
2026-03-20,241,143,98,18800.0,11719300.0
2026-03-22,9,6,3,900.0,11720200.0
2026-03-23,110,62,48,7600.0,11727800.0
2026-03-24,139,81,58,10400.0,11738200.0
2026-03-25,254,137,117,15700.0,11753900.0
2026-03-26,180,104,76,13200.0,11767100.0
2026-03-27,206,104,102,10600.0,11777700.0
2026-03-30,177,103,74,13200.0,11790900.0
2026-03-31,293,153,140,16600.0,11807500.0
2026-04-01,120,75,45,10500.0,11818000.0
2026-04-02,131,69,62,7600.0,11825600.0
2026-04-06,101,53,48,5800.0,11831400.0
2026-04-07,334,203,131,27500.0,11858900.0
2026-04-08,241,133,108,15800.0,11874700.0
2026-04-09,133,64,69,5900.0,11880600.0
2026-04-10,179,101,78,12400.0,11893000.0
2026-04-13,236,136,100,17200.0,11910200.0
2026-04-14,263,144,119,16900.0,11927100.0
2026-04-15,131,75,56,9400.0,11936500.0
2026-04-16,250,129,121,13700.0,11950200.0
2026-04-17,250,128,122,13400.0,11963600.0
2026-04-20,132,67,65,6900.0,11970500.0
2026-04-21,269,132,137,12700.0,11983200.0
2026-04-22,109,59,50,6800.0,11990000.0
2026-04-23,269,134,135,13300.0,12003300.0
2026-04-24,155,88,67,10900.0,12014200.0
2026-04-27,200,103,97,10900.0,12025100.0
2026-04-28,210,108,102,11400.0,12036500.0
2026-04-29,191,110,81,13900.0,12050400.0
2026-04-30,175,93,82,10400.0,12060800.0
2026-05-01,197,103,94,11200.0,12072000.0
2026-05-04,203,119,84,15400.0,12087400.0
2026-05-05,135,72,63,8100.0,12095500.0
2026-05-06,173,87,86,8800.0,12104300.0
2026-05-07,240,135,105,16500.0,12120800.0
2026-05-08,80,52,28,7600.0,12128400.0
2026-05-11,230,134,96,17200.0,12145600.0
2026-05-12,200,119,81,15700.0,12161300.0
2026-05-13,124,80,44,11600.0,12172900.0
2026-05-14,311,175,136,21400.0,12194300.0
2026-05-15,132,76,56,9600.0,12203900.0
2026-05-18,160,92,68,11600.0,12215500.0
2026-05-19,259,140,119,16100.0,12231600.0
2026-05-20,138,82,56,10800.0,12242400.0
2026-05-21,207,121,86,15600.0,12258000.0
2026-05-22,166,92,74,11000.0,12269000.0
2026-05-25,140,74,66,8200.0,12277200.0
2026-05-26,202,106,96,11600.0,12288800.0
2026-05-27,213,114,99,12900.0,12301700.0
2026-05-28,231,131,100,16200.0,12317900.0
2026-05-29,135,76,59,9300.0,12327200.0
2026-06-01,167,91,76,10600.0,12337800.0
2026-06-02,216,114,102,12600.0,12350400.0
2026-06-03,125,73,52,9400.0,12359800.0
2026-06-04,147,88,59,11700.0,12371500.0
2026-06-05,251,134,117,15100.0,12386600.0
2026-06-07,3,1,2,0.0,12386600.0
2026-06-08,105,58,47,6900.0,12393500.0
2026-06-09,248,122,126,11800.0,12405300.0
2026-06-10,171,91,80,10200.0,12415500.0
2026-06-11,206,112,94,13000.0,12428500.0
2026-06-12,81,50,31,6900.0,12435400.0
2026-06-14,3,2,1,300.0,12435700.0
2026-06-15,208,107,101,11300.0,12447000.0
2026-06-16,123,60,63,5700.0,12452700.0
2026-06-17,340,190,150,23000.0,12475700.0
2026-06-18,196,108,88,12800.0,12488500.0
2026-06-19,114,69,45,9300.0,12497800.0
2026-06-22,200,113,87,13900.0,12511700.0
2026-06-23,221,120,101,13900.0,12525600.0
2026-06-24,252,137,115,15900.0,12541500.0
2026-06-25,86,52,34,7000.0,12548500.0
2026-06-26,193,95,98,9200.0,12557700.0
2026-06-29,170,107,63,15100.0,12572800.0
2026-06-30,139,86,53,11900.0,12584700.0
2026-07-01,200,104,96,11200.0,12595900.0
2026-07-02,182,94,88,10000.0,12605900.0
2026-07-03,72,47,25,6900.0,12612800.0
2026-07-06,170,94,76,11200.0,12624000.0
2026-07-07,258,138,120,15600.0,12639600.0
2026-07-08,134,77,57,9700.0,12649300.0
2026-07-09,183,106,77,13500.0,12662800.0
2026-07-10,121,81,40,12200.0,12675000.0
2026-07-13,208,109,99,11900.0,12686900.0
2026-07-14,114,71,43,9900.0,12696800.0
2026-07-15,223,122,101,14300.0,12711100.0
2026-07-16,186,94,92,9600.0,12720700.0
2026-07-17,124,75,49,10100.0,12730800.0
2026-07-20,146,82,64,10000.0,12740800.0
2026-07-21,243,117,126,10800.0,12751600.0
2026-07-22,158,80,78,8200.0,12759800.0
2026-07-23,190,105,85,12500.0,12772300.0
2026-07-24,113,68,45,9100.0,12781400.0
2026-07-27,164,93,71,11500.0,12792900.0
2026-07-28,215,114,101,12700.0,12805600.0
2026-07-29,267,167,100,23400.0,12829000.0
2026-07-30,8,8,0,1600.0,12830600.0
