SIM_Open_Time,MT5_Open_Time,SIM_Close_Time,MT5_Close_Time,SIM_TF,MT5_TF,SIM_Type,MT5_Type,SIM_Entry,MT5_Entry,MT5_Close_Price,SIM_SL,MT5_SL,SIM_TP,MT5_TP,SIM_Lot,MT5_Volume,SIM_P&L,MT5_P&L,SIM_Balance,MT5_Balance,MT5_Comment,MT5_Position_ID,Matched,SIM_Reason
2026-07-06 05:00:00,,2026-07-06 05:37:00,,H1,,BUY,,4179.89,,,4155.19,,4188.39,,0.01,,8.36,,1008.36,,,,False,TP
2026-07-06 05:31:00,,2026-07-06 05:38:00,,M1,,BUY,,4185.65,,,4182.01,,4190.7,,0.05,,24.55,,1032.91,,,,False,TP
2026-07-06 05:46:00,,2026-07-06 05:47:00,,M1,,BUY,,4188.64,,,4186.54,,4189.45,,0.1,,6.7,,1039.61,,,,False,TP
2026-07-06 05:49:00,,2026-07-06 05:50:00,,M1,,SELL,,4187.43,,,4190.78,,4186.43,,0.06,,5.16,,1044.77,,,,False,TP
2026-07-06 05:58:00,,2026-07-06 06:00:00,,M1,,BUY,,4189.01,,,4184.59,,4189.62,,0.05,,2.35,,1047.12,,,,False,TP
2026-07-06 06:00:00,,2026-07-06 06:01:00,,M1,,SELL,,4188.16,,,4190.88,,4186.76,,0.08,,-22.88,,1024.24,,,,False,SL
2026-07-06 06:02:00,,2026-07-06 06:15:00,,M1,,BUY,,4191.12,,,4187.75,,4198.05,,0.06,,-21.06,,1001.92,,,,False,SL
2026-07-06 06:07:00,,2026-07-06 06:08:00,,M1,,BUY,,4190.23,,,4188.02,,4190.23,,0.09,,-1.26,,1022.98,,,,False,TP
2026-07-06 06:10:00,,2026-07-06 06:29:00,,M1,,SELL,,4189.51,,,4191.87,,4186.45,,0.09,,-22.5,,981.77,,,,False,SL
2026-07-06 06:12:00,,2026-07-06 06:15:00,,M1,,SELL,,4189.43,,,4191.22,,4187.08,,0.11,,24.31,,1026.23,,,,False,TP
2026-07-06 06:13:00,,2026-07-06 06:15:00,,M1,,BUY,,4190.21,,,4188.3,,4190.3,,0.11,,-22.55,,1003.68,,,,False,SL
2026-07-06 06:17:00,,2026-07-06 06:21:00,,M1,,BUY,,4189.01,,,4185.72,,4189.45,,0.06,,1.8,,1005.48,,,,False,TP
2026-07-06 06:23:00,,2026-07-06 06:24:00,,M1,,BUY,,4189.91,,,4188.1,,4189.94,,0.11,,-1.21,,1004.27,,,,False,TP
2026-07-06 06:28:00,,2026-07-06 06:29:00,,M1,,BUY,,4190.95,,,4188.22,,4189.86,,0.07,,-8.61,,973.16,,,,False,TP
2026-07-06 06:30:00,,2026-07-06 06:31:00,,M1,,BUY,,4200.54,,,4198.16,,4200.58,,0.08,,-20.16,,953.0,,,,False,SL
2026-07-06 06:53:00,,2026-07-06 06:55:00,,M1,,SELL,,4181.67,,,4183.81,,4175.54,,0.09,,-20.52,,932.48,,,,False,SL
2026-07-06 06:58:00,,2026-07-06 07:00:00,,M1,,BUY,,4184.98,,,4183.15,,4191.1,,0.1,,-19.7,,912.78,,,,False,SL
2026-07-06 07:05:00,,2026-07-06 07:17:00,,M1,,SELL,,4175.41,,,4178.99,,4168.68,,0.05,,-18.6,,894.03,,,,False,SL
2026-07-06 07:05:00,,2026-07-06 07:47:00,,M5,,SELL,,4175.41,,,4188.64,,4168.94,,0.01,,-13.37,,856.4,,,,False,SL
2026-07-06 07:12:00,,2026-07-06 07:13:00,,M1,,SELL,,4175.74,,,4179.35,,4175.63,,0.05,,-0.15,,912.63,,,,False,TP
2026-07-06 07:14:00,,2026-07-06 07:17:00,,M1,,SELL,,4175.24,,,4179.0,,4168.66,,0.05,,-19.5,,874.53,,,,False,SL
2026-07-06 07:20:00,,2026-07-06 07:26:00,,M1,,SELL,,4178.32,,,4180.93,,4175.51,,0.07,,18.69,,897.99,,,,False,TP
2026-07-06 07:21:00,,2026-07-06 07:22:00,,M1,,BUY,,4178.31,,,4176.47,,4180.39,,0.1,,-19.8,,854.73,,,,False,SL
2026-07-06 07:22:00,,2026-07-06 07:26:00,,M1,,BUY,,4179.15,,,4174.92,,4180.68,,0.04,,-17.48,,880.51,,,,False,SL
2026-07-06 07:23:00,,2026-07-06 07:26:00,,M1,,SELL,,4177.31,,,4180.59,,4175.43,,0.05,,8.7,,889.21,,,,False,TP
2026-07-06 07:24:00,,2026-07-06 07:25:00,,M1,,SELL,,4177.91,,,4179.21,,4175.88,,0.13,,24.57,,879.3,,,,False,TP
2026-07-06 07:25:00,,2026-07-06 07:27:00,,M5,,BUY,,4177.36,,,4172.64,,4184.58,,0.04,,-19.44,,869.77,,,,False,SL
2026-07-06 07:41:00,,2026-07-06 07:53:00,,M1,,BUY,,4184.25,,,4181.96,,4190.78,,0.08,,-19.44,,825.66,,,,False,SL
2026-07-06 07:50:00,,2026-07-06 07:51:00,,M1,,SELL,,4185.33,,,4188.92,,4186.17,,0.05,,-4.9,,851.5,,,,False,TP
2026-07-06 07:51:00,,2026-07-06 07:52:00,,M1,,SELL,,4184.57,,,4188.75,,4186.03,,0.04,,-6.4,,845.1,,,,False,TP
2026-07-06 08:05:00,,2026-07-06 08:38:00,,M5,,BUY,,4187.4,,,4168.89,,4198.65,,0.01,,11.11,,799.73,,,,False,TP
2026-07-06 08:21:00,,2026-07-06 08:22:00,,M1,,BUY,,4187.55,,,4185.43,,4192.5,,0.08,,-18.08,,807.58,,,,False,SL
2026-07-06 08:24:00,,2026-07-06 08:29:00,,M1,,SELL,,4182.63,,,4188.81,,4178.43,,0.03,,-18.96,,788.62,,,,False,SL
2026-07-06 08:49:00,,2026-07-06 08:50:00,,M1,,BUY,,4199.91,,,4197.29,,4201.09,,0.06,,-16.56,,783.17,,,,False,SL
2026-07-06 08:50:00,,2026-07-06 08:59:00,,M5,,SELL,,4194.58,,,4206.79,,4188.43,,0.01,,6.01,,789.18,,,,False,TP
2026-07-06 09:25:00,,2026-07-06 10:03:00,,M5,,SELL,,4178.54,,,4189.81,,4168.29,,0.01,,10.11,,751.41,,,,False,TP
2026-07-06 09:33:00,,2026-07-06 10:03:00,,M1,,SELL,,4173.92,,,4179.52,,4168.66,,0.03,,15.36,,766.77,,,,False,TP
2026-07-06 09:40:00,,2026-07-06 10:03:00,,M1,,SELL,,4173.26,,,4179.09,,4168.34,,0.03,,14.34,,781.11,,,,False,TP
2026-07-06 09:47:00,,2026-07-06 09:49:00,,M1,,BUY,,4174.95,,,4173.02,,4180.79,,0.08,,-16.56,,772.62,,,,False,SL
2026-07-06 09:50:00,,2026-07-06 09:59:00,,M1,,BUY,,4174.48,,,4171.54,,4180.94,,0.05,,-15.4,,741.3,,,,False,SL
2026-07-06 09:52:00,,2026-07-06 09:58:00,,M1,,BUY,,4175.45,,,4171.61,,4180.58,,0.04,,-15.92,,756.7,,,,False,SL
2026-07-06 09:55:00,,2026-07-06 10:03:00,,M1,,SELL,,4173.87,,,4179.03,,4168.63,,0.03,,15.3,,796.41,,,,False,TP
2026-07-06 09:55:00,,2026-07-06 10:04:00,,M5,,BUY,,4174.01,,,4167.0,,4177.66,,0.02,,-14.3,,782.11,,,,False,SL
2026-07-06 10:00:00,,2026-07-06 16:31:00,,H4,,SELL,,4174.22,,,4220.89,,4138.68,,0.01,,35.4,,807.23,,,,False,TP
2026-07-06 10:05:00,,2026-07-06 10:07:00,,M5,,SELL,,4170.79,,,4179.84,,4168.77,,0.02,,3.76,,785.87,,,,False,TP
2026-07-06 10:09:00,,2026-07-06 10:11:00,,M1,,BUY,,4167.97,,,4165.09,,4169.66,,0.05,,7.75,,793.62,,,,False,TP
2026-07-06 10:11:00,,2026-07-06 10:12:00,,M1,,BUY,,4170.0,,,4166.17,,4171.29,,0.04,,4.6,,798.22,,,,False,TP
2026-07-06 10:15:00,,2026-07-06 12:03:00,,M15,,SELL,,4166.59,,,4182.09,,4157.38,,0.01,,9.07,,794.06,,,,False,TP
2026-07-06 10:15:00,,2026-07-06 10:20:00,,M1,,SELL,,4166.59,,,4168.16,,4164.99,,0.1,,14.6,,794.52,,,,False,TP
2026-07-06 10:17:00,,2026-07-06 10:18:00,,M1,,SELL,,4166.52,,,4167.6,,4164.94,,0.15,,-18.3,,779.92,,,,False,SL
2026-07-06 10:40:00,,2026-07-06 11:34:00,,M5,,SELL,,4165.67,,,4172.03,,4158.95,,0.02,,13.16,,764.5,,,,False,TP
2026-07-06 10:41:00,,2026-07-06 10:42:00,,M1,,BUY,,4166.55,,,4164.33,,4170.61,,0.07,,-16.52,,778.0,,,,False,SL
2026-07-06 10:42:00,,2026-07-06 10:43:00,,M1,,SELL,,4164.77,,,4169.18,,4167.07,,0.04,,-9.76,,768.24,,,,False,TP
2026-07-06 11:00:00,,2026-07-06 11:03:00,,M1,,BUY,,4165.37,,,4163.82,,4170.45,,0.1,,-16.9,,751.34,,,,False,SL
2026-07-06 11:27:00,,2026-07-06 11:34:00,,M1,,SELL,,4162.0,,,4163.73,,4157.46,,0.09,,39.6,,804.1,,,,False,TP
2026-07-06 11:32:00,,2026-07-06 12:04:00,,M1,,SELL,,4160.4,,,4163.15,,4156.84,,0.05,,17.1,,811.16,,,,False,TP
2026-07-06 11:38:00,,2026-07-06 12:04:00,,M1,,SELL,,4159.02,,,4161.74,,4157.21,,0.06,,10.02,,821.18,,,,False,TP
2026-07-06 11:44:00,,2026-07-06 11:45:00,,M1,,BUY,,4160.65,,,4157.91,,4159.52,,0.06,,-7.62,,796.48,,,,False,TP
2026-07-06 11:50:00,,2026-07-06 11:51:00,,M1,,BUY,,4160.29,,,4158.49,,4160.0,,0.09,,-3.87,,792.61,,,,False,TP
2026-07-06 11:52:00,,2026-07-06 12:04:00,,M1,,SELL,,4159.8,,,4161.65,,4157.03,,0.09,,23.67,,844.85,,,,False,TP
2026-07-06 11:58:00,,2026-07-06 11:59:00,,M1,,BUY,,4160.56,,,4157.86,,4159.43,,0.06,,-7.62,,784.99,,,,False,TP
2026-07-06 12:05:00,,2026-07-06 13:00:00,,M5,,SELL,,4154.17,,,4163.11,,4147.52,,0.02,,13.02,,805.5,,,,False,TP
2026-07-06 12:17:00,,2026-07-06 12:20:00,,M1,,SELL,,4151.55,,,4153.64,,4146.53,,0.08,,-17.84,,827.01,,,,False,SL
2026-07-06 12:20:00,,2026-07-06 12:30:00,,M1,,SELL,,4151.75,,,4154.38,,4146.96,,0.06,,-16.62,,810.39,,,,False,SL
2026-07-06 12:30:00,,2026-07-06 12:35:00,,M1,,SELL,,4152.91,,,4158.74,,4148.84,,0.03,,-17.91,,792.48,,,,False,SL
2026-07-06 13:04:00,,2026-07-06 13:10:00,,M1,,SELL,,4147.11,,,4150.6,,4145.73,,0.05,,-18.15,,787.35,,,,False,SL
2026-07-06 13:19:00,,2026-07-06 13:22:00,,M1,,BUY,,4149.95,,,4148.01,,4150.95,,0.08,,6.88,,794.23,,,,False,TP
2026-07-06 13:21:00,,2026-07-06 13:22:00,,M1,,SELL,,4149.5,,,4150.83,,4146.52,,0.12,,-17.64,,776.59,,,,False,SL
2026-07-06 13:23:00,,2026-07-06 13:24:00,,M1,,BUY,,4150.95,,,4147.9,,4150.19,,0.05,,-4.5,,772.09,,,,False,TP
2026-07-06 13:29:00,,2026-07-06 13:44:00,,M1,,BUY,,4156.66,,,4154.32,,4160.62,,0.07,,-17.36,,738.58,,,,False,SL
2026-07-06 13:36:00,,2026-07-06 13:40:00,,M1,,BUY,,4158.83,,,4155.74,,4159.75,,0.05,,-16.15,,755.94,,,,False,SL
2026-07-06 13:40:00,,2026-07-06 14:08:00,,M5,,SELL,,4155.9,,,4161.85,,4148.45,,0.03,,21.93,,738.41,,,,False,TP
2026-07-06 14:00:00,,2026-07-06 16:33:00,,H1,,SELL,,4150.43,,,4167.8,,4138.16,,0.01,,12.13,,819.36,,,,False,TP
2026-07-06 14:01:00,,2026-07-06 14:02:00,,M1,,SELL,,4149.09,,,4152.08,,4146.37,,0.05,,-15.65,,722.93,,,,False,SL
2026-07-06 14:03:00,,2026-07-06 14:04:00,,M1,,BUY,,4152.29,,,4148.14,,4150.28,,0.03,,-6.45,,716.48,,,,False,TP
2026-07-06 14:05:00,,2026-07-06 14:35:00,,M5,,BUY,,4153.01,,,4146.49,,4157.78,,0.02,,9.26,,682.05,,,,False,TP
2026-07-06 14:06:00,,2026-07-06 14:19:00,,M1,,SELL,,4151.2,,,4153.88,,4147.19,,0.05,,-14.1,,672.79,,,,False,SL
2026-07-06 14:10:00,,2026-07-06 14:15:00,,M1,,SELL,,4148.91,,,4150.43,,4146.88,,0.1,,-16.6,,721.81,,,,False,SL
2026-07-06 14:12:00,,2026-07-06 14:15:00,,M1,,SELL,,4148.37,,,4149.27,,4146.37,,0.16,,-16.64,,705.17,,,,False,SL
2026-07-06 14:13:00,,2026-07-06 14:15:00,,M1,,SELL,,4147.8,,,4149.72,,4146.75,,0.08,,-16.48,,688.69,,,,False,SL
2026-07-06 14:16:00,,2026-07-06 14:17:00,,M1,,BUY,,4150.62,,,4148.45,,4150.46,,0.06,,-1.8,,686.89,,,,False,TP
2026-07-06 14:18:00,,2026-07-06 14:40:00,,M1,,BUY,,4152.67,,,4148.2,,4158.55,,0.03,,17.22,,699.27,,,,False,TP
2026-07-06 14:35:00,,2026-07-06 14:44:00,,M5,,BUY,,4157.21,,,4148.98,,4162.98,,0.02,,11.26,,710.53,,,,False,TP
2026-07-06 14:57:00,,2026-07-06 15:03:00,,M1,,BUY,,4164.64,,,4162.46,,4170.59,,0.07,,-16.24,,694.29,,,,False,SL
2026-07-06 15:00:00,,2026-07-06 15:12:00,,M5,,SELL,,4164.52,,,4169.31,,4158.79,,0.03,,16.77,,711.06,,,,False,TP
2026-07-06 15:05:00,,2026-07-06 15:12:00,,M5,,SELL,,4161.04,,,4168.87,,4158.33,,0.02,,5.14,,716.2,,,,False,TP
2026-07-06 15:23:00,,2026-07-06 15:45:00,,M1,,SELL,,4155.07,,,4159.1,,4148.98,,0.04,,23.8,,724.67,,,,False,TP
2026-07-06 15:30:00,,2026-07-06 15:38:00,,M1,,BUY,,4155.51,,,4153.46,,4160.47,,0.07,,-15.33,,700.87,,,,False,SL
2026-07-06 15:43:00,,2026-07-06 16:20:00,,M1,,SELL,,4151.71,,,4154.19,,4146.88,,0.06,,28.14,,756.31,,,,False,TP
2026-07-06 16:00:00,,2026-07-06 16:03:00,,M15,,SELL,,4150.53,,,4159.99,,4148.64,,0.02,,3.5,,728.17,,,,False,TP
2026-07-06 16:12:00,,2026-07-06 16:20:00,,M1,,SELL,,4149.56,,,4150.83,,4146.8,,0.11,,28.82,,785.13,,,,False,TP
2026-07-06 16:21:00,,2026-07-06 16:22:00,,M1,,SELL,,4147.52,,,4148.61,,4146.86,,0.14,,-17.22,,767.91,,,,False,SL
2026-07-06 16:24:00,,2026-07-06 16:25:00,,M1,,SELL,,4147.43,,,4149.64,,4146.73,,0.07,,3.92,,771.83,,,,False,TP
2026-07-06 16:36:00,,2026-07-06 16:37:00,,M1,,BUY,,4138.99,,,4135.81,,4139.9,,0.05,,3.85,,823.21,,,,False,TP
2026-07-06 16:45:00,,2026-07-06 16:51:00,,M1,,SELL,,4139.48,,,4142.51,,4136.54,,0.05,,-15.85,,789.02,,,,False,SL
2026-07-06 16:46:00,,2026-07-06 16:49:00,,M1,,SELL,,4140.12,,,4141.29,,4137.04,,0.14,,-18.34,,804.87,,,,False,SL
2026-07-06 16:50:00,,2026-07-06 16:52:00,,M5,,SELL,,4140.48,,,4143.12,,4134.54,,0.06,,-16.68,,772.34,,,,False,SL
,2026-07-06 16:52:26,,2026-07-06 16:56:23,,M5,,SELL,,4142.69,4143.12,,4143.12,,4134.54,,0.04,,-1.72,,-10881.72,[sl 4143.12],556743002.0,False,ไม่มี SIM คู่ — backtest ไม่เจอ pattern นี้
2026-07-06 17:02:00,2026-07-06 17:02:04,2026-07-06 17:03:00,2026-07-06 17:02:28,M1,M1,BUY,BUY,4144.26,4144.49,4143.26,4143.26,4143.26,4149.86,4149.86,0.15,0.04,-17.1,-4.92,755.24,-10886.64,[sl 4143.26],556746090.0,True,SL
2026-07-06 17:07:00,,2026-07-06 17:08:00,,M1,,SELL,,4143.37,,,4148.29,,4146.72,,0.03,,-10.47,,744.77,,,,False,TP
2026-07-06 17:16:00,,2026-07-06 17:17:00,,M1,,BUY,,4148.08,,,4146.95,,4148.69,,0.13,,6.11,,750.88,,,,False,TP
2026-07-06 17:18:00,,2026-07-06 17:19:00,,M1,,BUY,,4148.94,,,4147.51,,4149.45,,0.11,,4.07,,754.95,,,,False,TP
2026-07-06 17:22:00,,2026-07-06 17:25:00,,M1,,SELL,,4149.08,,,4150.53,,4147.28,,0.1,,-15.9,,739.05,,,,False,SL
2026-07-06 17:30:00,,2026-07-06 17:34:00,,M5,,SELL,,4148.94,,,4152.49,,4145.4,,0.04,,-14.76,,724.29,,,,False,SL
2026-07-06 17:40:00,,2026-07-06 18:19:00,,M5,,BUY,,4153.26,,,4148.22,,4158.15,,0.03,,14.25,,692.36,,,,False,TP
2026-07-06 17:50:00,,2026-07-06 18:26:00,,M5,,BUY,,4154.01,,,4148.21,,4158.45,,0.02,,8.6,,685.21,,,,False,TP
2026-07-06 17:54:00,,2026-07-06 18:26:00,,M1,,SELL,,4153.79,,,4158.76,,4148.67,,0.03,,-15.33,,669.88,,,,False,SL
2026-07-06 17:57:00,,2026-07-06 18:13:00,,M1,,BUY,,4154.29,,,4151.88,,4159.66,,0.06,,-15.3,,708.99,,,,False,SL
2026-07-06 18:00:00,,2026-07-06 19:22:00,,M5,,BUY,,4155.1,,,4150.89,,4161.26,,0.03,,-13.05,,571.86,,,,False,SL
2026-07-06 18:00:00,,2026-07-06 19:43:00,,H4,,SELL,,4154.96,,,4184.03,,4133.48,,0.01,,21.34,,628.4,,,,False,TP
2026-07-06 18:00:00,,2026-07-08 02:16:00,,H12,,SELL,,4154.96,,,4234.76,,4098.66,,0.01,,56.16,,301.21,,,,False,TP
,2026-07-06 18:01:24,,2026-07-06 18:10:41,,H4,,SELL,,4154.25,4152.54,,4184.05,,4133.44,,0.01,,1.71,,-10883.87,,556768932.0,False,ไม่มี SIM คู่ — backtest ไม่เจอ pattern นี้
,2026-07-06 18:01:24,,2026-07-06 18:10:41,,M5,,BUY,,4154.38,4152.4,,4150.89,,4161.26,,0.03,,-5.9399999999999995,,-10885.58,,556768921.0,False,ไม่มี SIM คู่ — backtest ไม่เจอ pattern นี้
,2026-07-06 18:01:25,,2026-07-06 18:10:41,,H12,,SELL,,4154.25,4152.54,,4234.77,,4098.65,,0.01,,1.71,,-10882.16,,556768974.0,False,ไม่มี SIM คู่ — backtest ไม่เจอ pattern นี้
2026-07-06 18:03:00,,2026-07-06 18:26:00,,M1,,SELL,,4152.83,,,4158.59,,4148.25,,0.03,,-17.7,,652.18,,,,False,SL
,2026-07-06 18:03:01,,2026-07-06 18:10:41,,M1,,SELL,,4152.83,4152.54,,4158.59,,4148.25,,0.74,,21.46,,-10860.70,,556770355.0,False,ไม่มี SIM คู่ — backtest ไม่เจอ pattern นี้
2026-07-06 18:05:00,,2026-07-06 18:26:00,,M5,,SELL,,4152.37,,,4158.75,,4148.12,,0.02,,-13.04,,639.14,,,,False,SL
,2026-07-06 18:05:01,,2026-07-06 18:10:41,,M5,,SELL,,4152.32,4152.54,,4158.75,,4148.12,,0.3,,-6.6,,-10867.30,,556770928.0,False,ไม่มี SIM คู่ — backtest ไม่เจอ pattern นี้
2026-07-06 18:06:00,,2026-07-06 18:13:00,,M1,,BUY,,4153.9,,,4151.64,,4159.5,,0.06,,-14.4,,694.59,,,,False,SL
,2026-07-06 18:06:01,,2026-07-06 18:10:41,,M1,,BUY,,4153.92,4152.4,,4151.64,,4159.5,,0.03,,-4.5600000000000005,,-10871.86,,556771211.0,False,ไม่มี SIM คู่ — backtest ไม่เจอ pattern นี้
2026-07-06 18:08:00,,2026-07-06 18:26:00,,M1,,SELL,,4153.25,,,4158.84,,4148.66,,0.03,,-17.19,,621.95,,,,False,SL
,2026-07-06 18:08:01,,2026-07-06 18:10:41,,M1,,SELL,,4152.59,4152.54,,4158.84,,4148.66,,0.74,,3.7,,-10868.16,,556771757.0,False,ไม่มี SIM คู่ — backtest ไม่เจอ pattern นี้
2026-07-06 18:10:00,,2026-07-06 18:14:00,,M1,,SELL,,4152.64,,,4153.53,,4147.58,,0.16,,-16.48,,678.11,,,,False,SL
,2026-07-06 18:10:06,,2026-07-06 18:10:41,,M1,,SELL,,4152.2,4152.54,,4153.53,,4147.58,,0.04,,-1.3599999999999999,,-10869.52,,556772311.0,False,ไม่มี SIM คู่ — backtest ไม่เจอ pattern นี้
2026-07-06 18:20:00,,2026-07-06 18:21:00,,M1,,BUY,,4157.61,,,4156.7,,4158.47,,0.15,,-15.75,,676.61,,,,False,SL
2026-07-06 18:28:00,,2026-07-06 18:29:00,,M1,,SELL,,4156.92,,,4160.26,,4156.54,,0.04,,0.96,,622.91,,,,False,TP
2026-07-06 18:44:00,,2026-07-06 18:45:00,,M1,,SELL,,4154.48,,,4159.13,,4157.65,,0.03,,-9.93,,612.98,,,,False,TP
2026-07-06 18:50:00,,2026-07-06 19:04:00,,M1,,SELL,,4152.8,,,4158.39,,4148.61,,0.02,,-11.46,,601.52,,,,False,SL
2026-07-06 18:55:00,2026-07-06 18:55:07,2026-07-06 19:22:00,2026-07-06 19:21:26,M5,M5,BUY,BUY,4155.28,4155.29,4150.31,4150.31,4150.31,4162.31,4162.31,0.02,0.02,-10.22,-9.96,561.64,-10878.73,[sl 4150.31],556790827.0,True,SL
2026-07-06 19:05:00,2026-07-06 19:05:01,2026-07-06 19:11:00,2026-07-06 19:10:41,M1,M1,SELL,SELL,4156.45,4156.75,4155.76,4159.1,4159.1,4155.76,4155.76,0.05,0.11,2.75,10.89,604.27,-10858.63,[tp 4155.76],556795330.0,True,TP
2026-07-06 19:18:00,,2026-07-06 19:19:00,,M1,,SELL,,4155.38,,,4158.42,,4156.63,,0.04,,-5.56,,598.71,,,,False,TP
2026-07-06 19:20:00,2026-07-06 19:20:01,2026-07-06 19:21:00,2026-07-06 19:20:38,M1,M1,BUY,BUY,4155.83,4156.51,4154.82,4154.82,4154.82,4159.59,4159.59,0.12,0.06,-13.8,-10.14,584.91,-10868.77,[sl 4154.82],556800306.0,True,SL
2026-07-06 19:35:00,2026-07-06 19:35:01,2026-07-06 19:40:00,2026-07-06 19:39:38,M1,M1,SELL,SELL,4143.6,4143.58,4138.87,4148.42,4148.42,4138.87,4138.87,0.02,0.54,9.18,254.34,570.82,-10624.39,[tp 4138.87],556811655.0,True,TP
2026-07-06 19:41:00,2026-07-06 19:41:01,2026-07-06 19:42:00,2026-07-06 19:41:48,M1,M1,SELL,SELL,4140.03,4139.92,4136.87,4140.99,4140.99,4136.87,4136.87,0.12,0.11,36.24,33.55,607.06,-10590.84,[tp 4136.87],556817612.0,True,TP
2026-07-06 19:44:00,,2026-07-06 19:45:00,,M1,,SELL,,4133.38,,,4138.81,,4136.21,,0.02,,-5.94,,622.46,,,,False,TP
2026-07-06 19:58:00,2026-07-06 19:58:01,2026-07-06 20:01:00,2026-07-06 20:00:46,M1,M1,SELL,SELL,4140.51,4140.47,4143.79,4143.79,4143.79,4136.17,4136.17,0.04,0.05,-13.68,-16.6,608.78,-10758.04,[sl 4143.79],556835985.0,True,SL
2026-07-06 19:59:00,2026-07-06 19:59:01,2026-07-06 20:01:00,2026-07-06 20:00:02,M1,M1,BUY,BUY,4142.19,4140.6,4138.09,4138.09,4138.09,4148.96,4148.96,0.03,0.6,-12.72,-150.6,596.06,-10741.44,[sl 4138.09],556836525.0,True,SL
2026-07-06 20:01:00,2026-07-06 20:01:01,2026-07-06 20:26:00,2026-07-06 20:25:21,M1,M1,BUY,BUY,4145.59,4145.81,4148.72,4135.7,4135.7,4148.72,4148.72,0.01,0.09,2.99,26.19,580.55,-10731.85,[tp 4148.72],556838955.0,True,TP
2026-07-06 20:04:00,,2026-07-06 20:16:00,,M1,,SELL,,4143.27,,,4149.23,,4138.68,,0.02,,8.9,,577.56,,,,False,TP
,2026-07-06 20:04:01,,2026-07-06 20:34:16,,M1,,SELL,,4143.36,4149.23,,4149.23,,4138.68,,0.42,,-246.54,,-10738.45,[sl 4149.23],556840883.0,False,ไม่มี SIM คู่ — backtest ไม่เจอ pattern นี้
2026-07-06 20:11:00,,2026-07-06 20:12:00,,M1,,SELL,,4146.35,,,4149.46,,4146.51,,0.04,,-1.2,,594.86,,,,False,TP
2026-07-06 20:12:00,,2026-07-06 20:13:00,,M1,,BUY,,4145.87,,,4144.34,,4150.8,,0.08,,-13.36,,581.5,,,,False,SL
2026-07-06 20:13:00,,2026-07-06 20:15:00,,M1,,BUY,,4147.01,,,4142.87,,4151.32,,0.03,,-12.84,,568.66,,,,False,SL
2026-07-06 20:31:00,2026-07-06 20:31:12,2026-07-06 20:35:00,2026-07-06 20:34:14,M1,M1,BUY,BUY,4143.62,4142.49,4148.07,4138.08,4138.08,4148.07,4148.07,0.02,0.43,8.62,239.94,589.17,-10491.91,[tp 4148.07],556861478.0,True,TP
2026-07-06 20:35:00,2026-07-06 20:35:15,2026-07-06 20:59:00,2026-07-06 20:58:47,M5,M5,BUY,BUY,4149.21,4149.16,4139.22,4139.22,4139.22,4158.24,4158.24,0.01,0.03,-10.13,-29.82,570.76,-10768.27,[sl 4139.22],556865199.0,True,SL
2026-07-06 20:40:00,,2026-07-06 20:57:00,,M5,,BUY,,4149.24,,,4141.1,,4158.93,,0.01,,-8.28,,580.89,,,,False,SL
2026-07-06 21:03:00,,2026-07-06 21:04:00,,M1,,BUY,,4144.22,,,4137.45,,4141.34,,0.02,,-6.04,,564.72,,,,False,TP
2026-07-06 21:15:00,,2026-07-06 21:16:00,,M15,,SELL,,4140.47,,,4151.51,,4138.15,,0.01,,2.18,,566.9,,,,False,TP
2026-07-06 21:38:00,,2026-07-06 21:40:00,,M1,,BUY,,4141.14,,,4137.45,,4148.33,,0.03,,-11.49,,555.41,,,,False,SL
2026-07-06 21:49:00,,2026-07-06 22:00:00,,M1,,BUY,,4134.09,,,4128.32,,4137.66,,0.02,,6.86,,562.27,,,,False,TP
2026-07-06 21:56:00,,2026-07-06 22:02:00,,M1,,SELL,,4135.16,,,4139.42,,4128.27,,0.03,,-13.2,,549.07,,,,False,SL
2026-07-06 22:01:00,,2026-07-06 22:02:00,,M1,,BUY,,4138.12,,,4136.42,,4139.42,,0.07,,8.12,,557.19,,,,False,TP
2026-07-06 22:07:00,,2026-07-06 22:08:00,,M1,,SELL,,4143.99,,,4149.26,,4146.6,,0.02,,-5.5,,551.69,,,,False,TP
2026-07-06 22:18:00,,2026-07-06 22:30:00,,M1,,BUY,,4142.31,,,4137.73,,4148.6,,0.02,,12.3,,551.65,,,,False,TP
2026-07-06 22:20:00,,2026-07-06 22:29:00,,M5,,SELL,,4139.99,,,4146.02,,4132.72,,0.02,,-12.34,,539.35,,,,False,SL
2026-07-06 22:32:00,,2026-07-06 22:53:00,,M1,,SELL,,4148.71,,,4152.98,,4145.97,,0.03,,7.8,,597.17,,,,False,TP
2026-07-06 22:35:00,,2026-07-06 22:52:00,,M1,,SELL,,4150.12,,,4153.08,,4146.69,,0.04,,13.16,,589.37,,,,False,TP
2026-07-06 22:35:00,,2026-07-06 22:56:00,,M5,,BUY,,4150.26,,,4144.9,,4158.3,,0.02,,-11.0,,591.15,,,,False,SL
2026-07-06 22:40:00,,2026-07-06 23:02:00,,M5,,BUY,,4151.13,,,4144.2,,4157.28,,0.02,,-14.14,,577.01,,,,False,SL
2026-07-06 22:44:00,,2026-07-06 22:49:00,,M1,,SELL,,4150.04,,,4151.35,,4146.83,,0.08,,24.56,,576.21,,,,False,TP
2026-07-06 22:52:00,2026-07-06 22:52:52,2026-07-06 22:53:00,2026-07-06 22:53:49,M1,M1,SELL,SELL,4146.9,4146.25,4145.93,4149.04,4149.04,4145.93,4145.93,0.06,0.16,4.98,5.12,602.15,-10763.15,[tp 4145.93],556955622.0,True,TP
2026-07-06 23:00:00,2026-07-06 23:00:00,2026-07-06 23:14:00,2026-07-06 23:13:15,M5,M5,BUY,BUY,4148.5,4148.09,4142.27,4142.27,4142.27,4158.71,4158.71,0.02,0.03,-12.74,-17.46,555.51,-10789.17,[sl 4142.27],556960192.0,True,SL
2026-07-06 23:00:00,2026-07-06 23:00:00,2026-07-07 00:50:00,2026-07-07 00:49:34,M30,M30,BUY,BUY,4148.5,4147.99,4159.93,4139.31,4139.3,4159.92,4159.93,0.01,0.02,11.28,23.88,499.37,-11239.39,[tp 4159.93],556960197.0,True,TP
2026-07-06 23:04:00,,2026-07-06 23:05:00,,M1,,SELL,,4143.96,,,4148.57,,4146.74,,0.03,,-8.76,,568.25,,,,False,TP
2026-07-06 23:06:00,2026-07-06 23:06:00,2026-07-06 23:37:00,2026-07-06 23:36:38,M1,M1,SELL,SELL,4143.82,4143.97,4148.63,4148.63,4148.63,4138.29,4138.29,0.02,0.74,-9.9,-344.84,533.86,-11134.01,[sl 4148.63],556963095.0,True,SL
2026-07-06 23:07:00,2026-07-06 23:07:00,2026-07-06 23:14:00,2026-07-06 23:13:11,M1,M1,BUY,BUY,4144.84,4144.77,4142.63,4142.63,4142.63,4149.62,4149.62,0.05,0.04,-11.75,-8.56,543.76,-10771.71,[sl 4142.63],556963286.0,True,SL
2026-07-06 23:10:00,2026-07-06 23:10:00,2026-07-06 23:40:00,2026-07-06 23:39:46,M5,M5,SELL,SELL,4144.09,4144.24,4149.86,4149.86,4149.86,4138.77,4138.77,0.02,0.23,-11.82,-129.26,516.49,-11263.27,[sl 4149.86],556964477.0,True,SL
2026-07-06 23:26:00,,2026-07-06 23:38:00,,M1,,SELL,,4144.21,,,4149.23,,4138.89,,0.02,,-10.32,,510.26,,,,False,SL
2026-07-06 23:30:00,,2026-07-06 23:38:00,,M1,,BUY,,4145.74,,,4143.49,,4149.49,,0.05,,18.05,,528.31,,,,False,TP
2026-07-06 23:36:00,,2026-07-06 23:37:00,,M1,,SELL,,4147.38,,,4148.07,,4146.34,,0.16,,-13.28,,520.58,,,,False,SL
2026-07-06 23:40:00,,2026-07-06 23:43:00,,M1,,BUY,,4149.67,,,4147.51,,4150.22,,0.05,,2.05,,518.54,,,,False,TP
2026-07-06 23:42:00,,2026-07-06 23:43:00,,M1,,SELL,,4149.15,,,4150.08,,4147.42,,0.11,,-11.77,,506.77,,,,False,SL
2026-07-06 23:44:00,,2026-07-06 23:47:00,,M1,,BUY,,4149.38,,,4148.64,,4150.15,,0.14,,8.82,,515.59,,,,False,TP
2026-07-06 23:45:00,,2026-07-06 23:51:00,,M5,,BUY,,4149.57,,,4146.25,,4152.56,,0.03,,8.55,,522.11,,,,False,TP
2026-07-06 23:48:00,,2026-07-06 23:49:00,,M1,,BUY,,4149.51,,,4148.01,,4149.36,,0.07,,-2.03,,513.56,,,,False,TP
2026-07-06 23:50:00,,2026-07-06 23:51:00,,M1,,BUY,,4150.35,,,4148.25,,4149.61,,0.05,,-4.4,,517.71,,,,False,TP
2026-07-06 23:59:00,,2026-07-07 00:01:00,,M1,,BUY,,4155.37,,,4154.31,,4159.69,,0.1,,-12.0,,505.71,,,,False,SL
2026-07-07 00:01:00,,2026-07-07 00:02:00,,M1,,BUY,,4155.57,,,4153.49,,4160.11,,0.05,,-11.1,,494.61,,,,False,SL
2026-07-07 00:03:00,,2026-07-07 00:25:00,,M1,,SELL,,4152.64,,,4158.6,,4148.99,,0.02,,-12.2,,482.41,,,,False,SL
2026-07-07 00:12:00,,2026-07-07 00:26:00,,M1,,SELL,,4153.5,,,4159.11,,4148.91,,0.02,,-11.5,,478.97,,,,False,SL
2026-07-07 00:15:00,,2026-07-07 00:25:00,,M15,,BUY,,4153.69,,,4147.1,,4157.86,,0.02,,8.06,,490.47,,,,False,TP
2026-07-07 00:25:00,,2026-07-07 01:28:00,,M5,,BUY,,4157.32,,,4148.25,,4163.09,,0.01,,5.63,,561.91,,,,False,TP
2026-07-07 00:33:00,,2026-07-07 00:52:00,,M1,,BUY,,4156.49,,,4155.35,,4160.59,,0.08,,31.68,,531.05,,,,False,TP
2026-07-07 00:34:00,,2026-07-07 00:52:00,,M1,,BUY,,4157.4,,,4154.81,,4160.42,,0.04,,11.52,,542.57,,,,False,TP
2026-07-07 00:43:00,,2026-07-07 00:45:00,,M1,,SELL,,4157.62,,,4160.05,,4156.92,,0.04,,2.24,,481.21,,,,False,TP
2026-07-07 00:44:00,,2026-07-07 00:45:00,,M1,,SELL,,4158.05,,,4159.22,,4157.05,,0.08,,6.88,,488.09,,,,False,TP
2026-07-07 00:45:00,,2026-07-07 00:58:00,,M5,,SELL,,4156.72,,,4161.26,,4148.39,,0.02,,-9.36,,533.21,,,,False,SL
2026-07-07 00:50:00,,2026-07-07 07:13:00,,M5,,BUY,,4159.72,,,4154.25,,4168.92,,0.02,,-11.22,,297.5,,,,False,SL
2026-07-07 01:01:00,,2026-07-07 01:05:00,,M1,,SELL,,4159.23,,,4162.65,,4156.99,,0.03,,6.3,,539.51,,,,False,TP
2026-07-07 01:03:00,,2026-07-07 01:05:00,,M1,,SELL,,4157.76,,,4161.39,,4157.37,,0.03,,0.75,,540.26,,,,False,TP
2026-07-07 01:05:00,,2026-07-07 01:34:00,,M5,,SELL,,4157.51,,,4163.86,,4148.67,,0.02,,-12.98,,530.0,,,,False,SL
2026-07-07 01:10:00,,2026-07-07 01:16:00,,M1,,BUY,,4156.52,,,4154.81,,4159.33,,0.06,,16.02,,556.28,,,,False,TP
2026-07-07 01:15:00,,2026-07-07 01:28:00,,M5,,BUY,,4158.21,,,4153.57,,4162.58,,0.02,,8.46,,570.37,,,,False,TP
2026-07-07 01:27:00,,2026-07-07 05:36:00,,M1,,BUY,,4162.38,,,4158.7,,4168.47,,0.03,,17.85,,478.98,,,,False,TP
2026-07-07 01:30:00,,2026-07-07 01:33:00,,M1,,SELL,,4161.81,,,4162.34,,4157.92,,0.22,,-14.74,,555.63,,,,False,SL
2026-07-07 01:32:00,,2026-07-07 01:33:00,,M1,,SELL,,4160.5,,,4161.51,,4157.79,,0.11,,-12.65,,542.98,,,,False,SL
2026-07-07 01:35:00,,2026-07-07 01:43:00,,M1,,BUY,,4163.7,,,4162.93,,4169.39,,0.14,,-12.74,,517.26,,,,False,SL
2026-07-07 01:35:00,,2026-07-07 05:34:00,,M5,,BUY,,4163.7,,,4158.05,,4167.74,,0.02,,7.8,,472.45,,,,False,TP
2026-07-07 01:49:00,,2026-07-07 02:16:00,,M1,,SELL,,4164.2,,,4168.85,,4158.96,,0.02,,10.2,,515.14,,,,False,TP
2026-07-07 01:55:00,,2026-07-07 05:35:00,,M1,,SELL,,4162.84,,,4168.36,,4158.6,,0.02,,-11.32,,461.13,,,,False,SL
2026-07-07 01:59:00,,2026-07-07 02:02:00,,M1,,BUY,,4163.73,,,4163.1,,4169.22,,0.16,,-12.32,,504.94,,,,False,SL
2026-07-07 02:00:00,,2026-07-07 02:16:00,,M5,,SELL,,4163.93,,,4169.47,,4158.96,,0.02,,9.66,,524.8,,,,False,TP
2026-07-07 02:05:00,,2026-07-07 06:58:00,,M5,,SELL,,4161.72,,,4168.77,,4157.29,,0.01,,4.29,,310.91,,,,False,TP
2026-07-07 02:15:00,,2026-07-07 02:18:00,,M1,,SELL,,4159.34,,,4160.44,,4157.76,,0.09,,-11.16,,513.64,,,,False,SL
2026-07-07 02:45:00,,2026-07-07 07:01:00,,M15,,BUY,,4161.34,,,4156.5,,4168.65,,0.02,,-9.96,,308.72,,,,False,SL
2026-07-07 02:53:00,,2026-07-07 02:56:00,,M1,,BUY,,4164.34,,,4162.58,,4169.61,,0.06,,-11.4,,502.24,,,,False,SL
2026-07-07 02:59:00,,2026-07-07 06:58:00,,M1,,BUY,,4162.65,,,4158.73,,4168.6,,0.03,,-12.18,,298.73,,,,False,SL
2026-07-07 03:05:00,,2026-07-07 06:58:00,,M5,,SELL,,4162.81,,,4169.13,,4158.17,,0.02,,9.0,,307.73,,,,False,TP
2026-07-07 03:13:00,,2026-07-07 03:26:00,,M1,,SELL,,4161.67,,,4162.43,,4157.94,,0.13,,-11.7,,477.76,,,,False,SL
2026-07-07 03:16:00,,2026-07-07 03:19:00,,M1,,SELL,,4161.01,,,4161.58,,4157.4,,0.18,,-12.78,,489.46,,,,False,SL
2026-07-07 03:28:00,,2026-07-07 03:29:00,,M1,,BUY,,4162.9,,,4158.36,,4159.13,,0.02,,-7.82,,469.94,,,,False,TP
2026-07-07 03:47:00,,2026-07-07 06:31:00,,M1,,BUY,,4163.35,,,4162.78,,4168.55,,0.16,,-11.36,,345.72,,,,False,SL
2026-07-07 05:00:00,,2026-07-07 06:41:00,,M5,,BUY,,4166.61,,,4162.46,,4170.21,,0.02,,-8.58,,337.14,,,,False,SL
2026-07-07 05:05:00,,2026-07-07 05:06:00,,M1,,SELL,,4164.54,,,4169.13,,4168.05,,0.02,,-7.3,,462.64,,,,False,TP
2026-07-07 05:15:00,,2026-07-07 06:57:00,,M15,,BUY,,4166.19,,,4160.8,,4173.32,,0.02,,-11.06,,306.62,,,,False,SL
2026-07-07 05:15:00,,2026-07-07 05:53:00,,M1,,BUY,,4166.19,,,4164.76,,4169.41,,0.06,,-9.42,,409.01,,,,False,SL
2026-07-07 05:22:00,,2026-07-07 05:23:00,,M1,,SELL,,4166.82,,,4167.39,,4166.41,,0.16,,4.32,,466.96,,,,False,TP
2026-07-07 05:29:00,,2026-07-07 05:52:00,,M1,,BUY,,4165.54,,,4165.01,,4168.86,,0.18,,-12.06,,418.43,,,,False,SL
2026-07-07 05:30:00,,2026-07-07 06:58:00,,M30,,BUY,,4166.39,,,4159.27,,4178.1,,0.01,,-7.26,,300.47,,,,False,SL
2026-07-07 05:30:00,,2026-07-07 05:31:00,,M5,,SELL,,4166.25,,,4169.06,,4166.88,,0.03,,-2.31,,464.65,,,,False,TP
2026-07-07 05:31:00,,2026-07-07 05:50:00,,M1,,BUY,,4166.35,,,4165.91,,4168.57,,0.21,,-12.18,,440.64,,,,False,SL
2026-07-07 05:32:00,,2026-07-07 05:50:00,,M1,,BUY,,4167.21,,,4165.89,,4169.3,,0.07,,-10.22,,430.42,,,,False,SL
2026-07-07 05:36:00,,2026-07-07 05:37:00,,M1,,SELL,,4166.89,,,4168.81,,4167.06,,0.05,,-1.55,,477.43,,,,False,TP
2026-07-07 05:46:00,,2026-07-07 05:48:00,,M1,,BUY,,4167.34,,,4166.9,,4167.78,,0.22,,-12.76,,464.67,,,,False,SL
2026-07-07 05:47:00,,2026-07-07 05:48:00,,M1,,BUY,,4167.5,,,4166.85,,4167.91,,0.15,,-11.85,,452.82,,,,False,SL
2026-07-07 05:48:00,,2026-07-07 05:50:00,,M1,,SELL,,4166.59,,,4167.98,,4166.44,,0.07,,0.07,,430.49,,,,False,TP
2026-07-07 05:54:00,,2026-07-07 06:08:00,,M1,,BUY,,4165.0,,,4163.91,,4169.22,,0.08,,-9.84,,399.17,,,,False,SL
2026-07-07 06:00:00,,2026-07-08 02:19:00,,D1,,SELL,,4164.29,,,4248.98,,4096.38,,0.01,,67.77,,362.72,,,,False,TP
2026-07-07 06:03:00,,2026-07-07 06:08:00,,M1,,BUY,,4164.87,,,4164.03,,4169.14,,0.1,,-9.8,,389.37,,,,False,SL
2026-07-07 06:05:00,,2026-07-07 06:08:00,,M5,,BUY,,4165.34,,,4163.16,,4170.21,,0.04,,-9.28,,380.09,,,,False,SL
2026-07-07 06:11:00,,2026-07-07 06:30:00,,M1,,BUY,,4164.4,,,4163.25,,4169.53,,0.07,,-9.03,,357.08,,,,False,SL
2026-07-07 06:15:00,,2026-07-07 06:16:00,,M15,,SELL,,4165.59,,,4169.85,,4164.34,,0.02,,2.22,,382.31,,,,False,TP
2026-07-07 06:19:00,,2026-07-07 06:21:00,,M1,,BUY,,4164.69,,,4163.61,,4168.99,,0.07,,-8.54,,373.77,,,,False,SL
2026-07-07 06:21:00,,2026-07-07 06:22:00,,M1,,SELL,,4163.94,,,4168.57,,4167.63,,0.02,,-7.66,,366.11,,,,False,TP
2026-07-07 06:25:00,,2026-07-07 06:58:00,,M1,,SELL,,4163.9,,,4168.17,,4158.98,,0.02,,9.56,,310.03,,,,False,TP
2026-07-07 06:29:00,,2026-07-07 06:58:00,,M1,,SELL,,4163.45,,,4168.77,,4158.87,,0.01,,4.44,,314.47,,,,False,TP
2026-07-07 06:31:00,,2026-07-07 06:41:00,,M1,,BUY,,4163.72,,,4162.32,,4168.79,,0.05,,-7.7,,329.44,,,,False,SL
2026-07-07 06:35:00,,2026-07-07 06:41:00,,M5,,BUY,,4164.78,,,4161.73,,4170.39,,0.02,,-6.38,,323.06,,,,False,SL
2026-07-07 06:39:00,,2026-07-07 06:58:00,,M1,,SELL,,4163.14,,,4168.43,,4158.79,,0.01,,4.21,,318.68,,,,False,TP
2026-07-07 06:45:00,,2026-07-07 06:46:00,,M1,,BUY,,4162.12,,,4158.77,,4159.57,,0.02,,-5.38,,317.68,,,,False,TP
2026-07-07 07:20:00,,2026-07-07 07:31:00,,M5,,BUY,,4157.23,,,4150.69,,4160.74,,0.01,,3.37,,294.15,,,,False,TP
2026-07-07 07:24:00,,2026-07-07 07:25:00,,M1,,SELL,,4157.71,,,4159.25,,4156.27,,0.04,,-6.72,,290.78,,,,False,SL
2026-07-07 07:30:00,,2026-07-07 07:41:00,,M15,,BUY,,4160.01,,,4149.5,,4167.08,,0.01,,-10.65,,283.5,,,,False,SL
2026-07-07 07:35:00,,2026-07-07 07:44:00,,M5,,SELL,,4156.8,,,4164.29,,4148.44,,0.01,,8.22,,291.72,,,,False,TP
2026-07-07 07:45:00,,2026-07-07 08:13:00,,M15,,SELL,,4149.62,,,4165.6,,4138.34,,0.01,,11.14,,316.39,,,,False,TP
2026-07-07 07:49:00,,2026-07-07 08:00:00,,M1,,BUY,,4152.03,,,4146.62,,4158.72,,0.01,,-5.55,,286.17,,,,False,SL
2026-07-07 07:56:00,,2026-07-07 08:00:00,,M1,,SELL,,4151.39,,,4154.75,,4146.55,,0.02,,9.4,,295.57,,,,False,TP
2026-07-07 08:00:00,,2026-07-07 08:11:00,,M5,,SELL,,4146.03,,,4155.68,,4138.67,,0.01,,7.22,,305.25,,,,False,TP
2026-07-07 08:00:00,,2026-07-07 08:28:00,,M30,,SELL,,4146.03,,,4167.01,,4128.21,,0.01,,17.68,,337.82,,,,False,TP
2026-07-07 08:06:00,,2026-07-07 08:08:00,,M1,,SELL,,4146.17,,,4149.25,,4144.8,,0.02,,2.46,,298.03,,,,False,TP
2026-07-07 08:10:00,,2026-07-07 08:17:00,,M5,,SELL,,4141.6,,,4150.15,,4137.26,,0.01,,4.2,,320.59,,,,False,TP
2026-07-07 08:11:00,,2026-07-07 08:17:00,,M1,,SELL,,4138.83,,,4144.01,,4135.59,,0.01,,3.1,,323.69,,,,False,TP
2026-07-07 08:16:00,,2026-07-07 08:17:00,,M1,,SELL,,4138.92,,,4144.26,,4135.73,,0.01,,3.05,,326.74,,,,False,TP
2026-07-07 08:19:00,,2026-07-07 08:23:00,,M1,,BUY,,4136.29,,,4133.13,,4141.36,,0.02,,-6.6,,320.14,,,,False,SL
2026-07-07 08:20:00,,2026-07-07 08:28:00,,M5,,SELL,,4136.21,,,4145.15,,4128.96,,0.01,,7.11,,344.93,,,,False,TP
2026-07-07 08:21:00,,2026-07-07 08:28:00,,M1,,SELL,,4134.52,,,4139.33,,4128.88,,0.01,,5.5,,350.43,,,,False,TP
,2026-07-07 08:26:05,,2026-07-07 08:27:49,,M30,,SELL,,4133.75,4128.21,,4167.01,,4128.21,,0.01,,5.54,,-10873.85,[tp 4128.21],557067191.0,False,ไม่มี SIM คู่ — backtest ไม่เจอ pattern นี้
,2026-07-07 08:26:06,,2026-07-07 10:30:22,,D1,,SELL,,4133.61,4131.52,,4248.98,,4096.37,,0.01,,2.09,,-10966.84,,557067195.0,False,ไม่มี SIM คู่ — backtest ไม่เจอ pattern นี้
2026-07-07 08:27:00,2026-07-07 08:27:01,2026-07-07 08:28:00,2026-07-07 08:27:50,M1,M1,SELL,SELL,4131.8,4131.8,4126.4,4136.01,4136.01,4126.4,4126.4,0.02,0.03,10.52,16.2,360.95,-10857.65,[tp 4126.40],557067612.0,True,TP
2026-07-07 08:35:00,2026-07-07 08:35:01,2026-07-07 08:45:00,2026-07-07 08:44:32,M1,M1,BUY,BUY,4139.26,4139.7,4140.76,4136.41,4136.41,4140.76,4140.76,0.03,0.14,4.08,14.84,365.03,-10842.81,[tp 4140.76],557073562.0,True,TP
2026-07-07 08:40:00,2026-07-07 08:40:01,2026-07-07 08:46:00,2026-07-07 08:45:02,M5,M5,BUY,BUY,4139.22,4138.64,4142.64,4135.16,4135.16,4142.64,4142.64,0.02,0.08,6.56,32.0,371.59,-10810.81,[tp 4142.64],557075364.0,True,TP
2026-07-07 08:47:00,2026-07-07 08:47:01,2026-07-07 08:51:00,2026-07-07 08:50:59,M1,M1,BUY,BUY,4144.19,4144.44,4142.61,4142.61,4142.61,4150.99,4150.99,0.05,0.03,-8.6,-5.49,362.99,-10823.66,[sl 4142.61],557078811.0,True,SL
2026-07-07 08:49:00,2026-07-07 08:49:01,2026-07-07 08:51:00,2026-07-07 08:50:02,M1,M1,BUY,BUY,4144.92,4144.8,4142.96,4142.96,4142.96,4151.17,4151.17,0.04,0.04,-8.4,-7.36,354.59,-10818.17,[sl 4142.96],557079944.0,True,SL
2026-07-07 08:54:00,,2026-07-07 08:55:00,,M1,,BUY,,4143.24,,,4137.66,,4140.16,,0.01,,-3.22,,351.37,,,,False,TP
2026-07-07 08:56:00,2026-07-07 08:56:01,2026-07-07 09:10:00,2026-07-07 09:09:24,M1,M1,SELL,SELL,4142.37,4142.28,4138.52,4148.84,4148.84,4138.52,4138.52,0.01,0.52,3.71,195.52,352.88,-10628.14,[tp 4138.52],557082321.0,True,TP
2026-07-07 09:00:00,2026-07-07 09:00:01,2026-07-07 09:26:00,2026-07-07 09:25:51,M15,M15,BUY,BUY,4142.13,4142.09,4145.07,4136.62,4136.62,4145.07,4145.07,0.01,0.15,2.8,44.7,321.81,-10794.80,[tp 4145.07],557083378.0,True,TP
2026-07-07 09:01:00,,2026-07-07 09:02:00,,M1,,BUY,,4141.5,,,4138.18,,4140.54,,0.02,,-2.2,,349.17,,,,False,TP
2026-07-07 09:03:00,2026-07-07 09:03:03,2026-07-07 09:13:00,2026-07-07 09:12:49,M1,M1,SELL,SELL,4140.92,4140.47,4143.09,4143.09,4143.09,4136.69,4136.69,0.03,0.05,-6.93,-13.1,339.85,-10831.31,[sl 4143.09],557084239.0,True,SL
2026-07-07 09:05:00,2026-07-07 09:05:01,2026-07-07 09:10:00,2026-07-07 09:09:27,M1,M1,BUY,BUY,4141.17,4140.94,4138.26,4138.26,4138.26,4148.05,4148.05,0.02,0.57,-6.1,-152.76,346.78,-10780.90,[sl 4138.26],557084611.0,True,SL
2026-07-07 09:06:00,2026-07-07 09:06:01,2026-07-07 09:13:00,2026-07-07 09:12:39,M1,M1,SELL,SELL,4139.21,4139.26,4142.11,4142.11,4142.11,4137.13,4137.13,0.02,0.07,-6.08,-19.95,333.77,-10818.21,[sl 4142.11],557084820.0,True,SL
2026-07-07 09:07:00,,2026-07-07 09:13:00,,M1,,SELL,,4139.54,,,4141.69,,4136.59,,0.03,,-6.87,,326.9,,,,False,SL
2026-07-07 09:09:00,2026-07-07 09:09:01,2026-07-07 09:13:00,2026-07-07 09:12:11,M1,M1,SELL,SELL,4139.28,4139.29,4141.77,4141.77,4141.77,4137.05,4137.05,0.03,0.07,-7.89,-17.36,319.01,-10798.26,[sl 4141.77],557085495.0,True,SL
2026-07-07 09:15:00,,2026-07-07 09:50:00,,M15,,BUY,,4142.56,,,4134.27,,4148.31,,0.01,,-8.43,,326.79,,,,False,SL
2026-07-07 09:17:00,2026-07-07 09:17:01,2026-07-07 09:26:00,2026-07-07 09:25:14,M1,M1,SELL,SELL,4141.77,4141.74,4144.47,4144.47,4144.47,4136.69,4136.69,0.02,0.03,-5.68,-8.19,316.13,-10839.50,[sl 4144.47],557088163.0,True,SL
2026-07-07 09:20:00,2026-07-07 09:20:01,2026-07-07 09:31:00,2026-07-07 09:30:07,M5,M5,BUY,BUY,4142.01,4142.02,4137.57,4137.57,4137.57,4148.52,4148.52,0.01,0.23,-4.58,-102.35,311.55,-10858.11,[sl 4137.57],557088570.0,True,SL
2026-07-07 09:25:00,,2026-07-07 09:49:00,,M5,,BUY,,4143.62,,,4135.87,,4148.63,,0.01,,-7.89,,299.55,,,,False,SL
,2026-07-07 09:25:56,,2026-07-07 09:49:22,,M15,,BUY,,4145.33,4134.27,,4134.27,,4148.3,,0.05,,-55.3,,-10885.83,[sl 4134.27],557090297.0,False,ไม่มี SIM คู่ — backtest ไม่เจอ pattern นี้
2026-07-07 09:30:00,2026-07-07 09:30:01,2026-07-07 09:31:00,2026-07-07 09:30:06,M15,M15,SELL,SELL,4140.56,4140.69,4138.25,4149.78,4149.78,4138.25,4138.25,0.01,0.16,2.17,39.04,313.72,-10755.76,[tp 4138.25],557091306.0,True,TP
2026-07-07 09:30:00,,2026-07-07 09:52:00,,M5,,SELL,,4140.56,,,4147.59,,4133.86,,0.01,,6.56,,333.35,,,,False,TP
2026-07-07 09:30:00,2026-07-07 09:30:01,2026-07-07 09:52:00,2026-07-07 09:51:31,M30,M30,BUY,BUY,4140.7,4140.82,4132.97,4132.97,4132.97,4148.77,4148.77,0.01,0.04,-7.87,-31.4,325.48,-10917.23,[sl 4132.97],557091314.0,True,SL
,2026-07-07 09:30:01,,2026-07-07 09:37:02,,M5,,SELL,,4140.72,4143.84,,4147.59,,4133.86,,0.02,,-6.24,,-10879.53,S20.12_superviso,557091305.0,False,ไม่มี SIM คู่ — backtest ไม่เจอ pattern นี้
2026-07-07 09:35:00,2026-07-07 09:35:01,2026-07-07 09:37:00,2026-07-07 09:36:32,M1,M1,SELL,SELL,4138.53,4138.58,4139.96,4139.96,4139.96,4136.26,4136.26,0.04,0.11,-6.28,-15.18,307.44,-10873.29,[sl 4139.96],557094442.0,True,SL
2026-07-07 09:43:00,2026-07-07 09:43:01,2026-07-07 09:49:00,2026-07-07 09:48:30,M1,M1,SELL,SELL,4141.36,4141.34,4137.1,4143.73,4143.73,4137.1,4137.1,0.03,0.04,12.36,16.96,311.91,-10862.57,[tp 4137.10],557096272.0,True,TP
2026-07-07 09:45:00,2026-07-07 09:45:01,2026-07-07 09:49:00,2026-07-07 09:48:31,M1,M1,SELL,SELL,4139.46,4139.56,4136.89,4140.4,4140.4,4136.89,4136.89,0.07,0.12,17.01,32.04,328.92,-10830.53,[tp 4136.89],557097143.0,True,TP
2026-07-07 09:46:00,,2026-07-07 09:49:00,,M1,,SELL,,4138.67,,,4140.54,,4136.43,,0.03,,6.3,,335.22,,,,False,TP
2026-07-07 10:06:00,2026-07-07 10:06:01,2026-07-07 10:07:00,2026-07-07 10:06:55,M1,M1,BUY,BUY,4139.2,4139.2,4138.1,4138.1,4138.1,4140.22,4140.22,0.06,0.47,-7.44,-51.7,318.04,-10968.93,[sl 4138.10],557104953.0,True,SL
2026-07-07 10:12:00,,2026-07-07 10:13:00,,M1,,SELL,,4138.15,,,4139.33,,4137.26,,0.05,,3.75,,321.79,,,,False,TP
2026-07-07 10:18:00,,2026-07-07 10:19:00,,M1,,SELL,,4135.26,,,4139.02,,4137.29,,0.02,,-4.34,,317.45,,,,False,TP
2026-07-07 10:41:00,,2026-07-07 10:42:00,,M1,,SELL,,4133.12,,,4138.84,,4137.13,,0.01,,-4.15,,313.3,,,,False,TP
2026-07-07 10:42:00,,2026-07-07 10:44:00,,M1,,SELL,,4132.12,,,4133.91,,4127.14,,0.04,,19.36,,332.66,,,,False,TP
2026-07-07 10:52:00,,2026-07-07 10:54:00,,M1,,BUY,,4127.67,,,4126.43,,4128.68,,0.05,,-6.9,,325.76,,,,False,SL
2026-07-07 10:55:00,,2026-07-07 10:58:00,,M5,,SELL,,4127.89,,,4130.34,,4123.65,,0.03,,-7.77,,317.99,,,,False,SL
2026-07-07 10:56:00,,2026-07-07 10:58:00,,M1,,BUY,,4127.69,,,4126.51,,4128.76,,0.06,,5.58,,323.57,,,,False,TP
2026-07-07 10:59:00,,2026-07-07 11:00:00,,M1,,BUY,,4130.91,,,4127.71,,4129.71,,0.02,,-2.68,,320.89,,,,False,TP
2026-07-07 11:02:00,,2026-07-07 11:10:00,,M1,,BUY,,4131.82,,,4127.87,,4138.53,,0.02,,13.14,,334.03,,,,False,TP
2026-07-07 11:14:00,2026-07-07 11:14:03,2026-07-07 11:15:00,2026-07-07 11:14:59,M1,M1,SELL,SELL,4138.29,4138.29,4136.73,4142.19,4142.19,4136.73,4136.73,0.02,0.05,2.84,7.8,336.87,-10872.04,[tp 4136.73],557131776.0,True,TP
2026-07-07 11:19:00,2026-07-07 11:19:01,2026-07-07 11:24:00,2026-07-07 11:23:25,M1,M1,SELL,SELL,4132.34,4132.13,4133.47,4133.47,4133.47,4126.93,4126.93,0.06,0.04,-7.62,-5.36,329.25,-10877.40,[sl 4133.47],557136080.0,True,SL
2026-07-07 11:21:00,2026-07-07 11:21:01,2026-07-07 11:24:00,2026-07-07 11:23:25,M1,M1,SELL,SELL,4132.03,4131.99,4133.46,4133.46,4133.46,4126.68,4126.68,0.05,0.04,-7.85,-5.88,321.4,-10883.28,[sl 4133.46],557136544.0,True,SL
2026-07-07 11:30:00,2026-07-07 11:30:01,2026-07-07 11:51:00,2026-07-07 11:51:01,M5,M5,SELL,SELL,4132.2,4132.33,4129.16,4139.33,4139.33,4128.45,4128.45,0.01,0.22,3.61,69.74,314.5,-10821.64,S20.12_superviso,557139055.0,True,TP
2026-07-07 11:32:00,2026-07-07 11:32:01,2026-07-07 11:56:00,2026-07-07 11:56:02,M1,M1,SELL,SELL,4131.02,4131.02,4127.9,4132.58,4132.58,4127.17,4127.17,0.04,0.05,14.84,15.6,329.34,-10789.60,S20.12_superviso,557140077.0,True,TP
2026-07-07 11:38:00,2026-07-07 11:38:01,2026-07-07 11:39:00,2026-07-07 11:38:52,M1,M1,SELL,SELL,4130.11,4130.16,4131.06,4131.06,4131.06,4127.35,4127.35,0.07,0.09,-7.63,-8.1,313.77,-10891.38,[sl 4131.06],557141630.0,True,SL
2026-07-07 11:40:00,,2026-07-07 11:41:00,,M1,,BUY,,4130.77,,,4127.9,,4129.47,,0.02,,-2.88,,310.89,,,,False,TP
2026-07-07 11:40:00,2026-07-07 11:40:01,2026-07-07 12:02:00,2026-07-07 12:01:48,M5,M5,SELL,SELL,4130.63,4130.46,4124.31,4133.17,4133.17,4124.31,4124.31,0.02,0.04,12.36,24.6,356.92,-10735.08,[tp 4124.31],557141875.0,True,TP
2026-07-07 11:43:00,2026-07-07 11:43:01,2026-07-07 11:56:00,2026-07-07 11:55:13,M1,M1,SELL,SELL,4130.23,4130.23,4127.49,4132.28,4132.28,4127.49,4127.49,0.03,0.06,7.8,16.44,337.14,-10805.20,[tp 4127.49],557142707.0,True,TP
2026-07-07 11:45:00,,2026-07-07 12:02:00,,M5,,SELL,,4129.07,,,4133.68,,4124.75,,0.01,,4.18,,361.1,,,,False,TP
2026-07-07 11:53:00,2026-07-07 11:53:01,2026-07-07 11:58:00,2026-07-07 11:57:53,M1,M1,SELL,SELL,4128.47,4128.41,4126.87,4130.86,4130.86,4126.87,4126.87,0.03,0.08,4.38,12.32,341.52,-10759.68,[tp 4126.87],557144658.0,True,TP
2026-07-07 11:55:00,2026-07-07 11:55:01,2026-07-07 11:58:00,2026-07-07 11:57:53,M1,M1,SELL,SELL,4127.93,4127.91,4127.03,4129.34,4129.34,4127.03,4127.03,0.04,0.2,3.04,17.6,344.56,-10772.00,[tp 4127.03],557145123.0,True,TP
2026-07-07 12:05:00,2026-07-07 12:05:01,2026-07-07 12:34:00,2026-07-07 12:33:36,M5,M5,BUY,BUY,4128.55,4128.96,4120.75,4120.75,4120.75,4138.52,4138.52,0.01,0.03,-7.94,-24.63,344.84,-10749.63,[sl 4120.75],557150127.0,True,SL
2026-07-07 12:07:00,2026-07-07 12:07:01,2026-07-07 12:08:00,2026-07-07 12:07:01,M1,M1,BUY,BUY,4129.93,4129.72,4129.86,4127.96,4127.96,4129.86,4129.86,0.04,0.72,-8.44,10.08,352.66,-10725.00,[tp 4129.86],557150812.0,True,SL
2026-07-07 12:10:00,2026-07-07 12:10:01,2026-07-07 12:41:00,2026-07-07 12:40:19,M5,M5,SELL,SELL,4126.19,4126.16,4118.1,4133.4,4133.4,4118.1,4118.1,0.01,0.05,7.95,40.3,352.79,-10724.97,[tp 4118.10],557151965.0,True,TP
2026-07-07 12:25:00,2026-07-07 12:25:01,2026-07-07 12:41:00,2026-07-07 12:40:03,M5,M5,BUY,BUY,4126.53,4126.64,4118.82,4118.82,4118.82,4132.52,4132.52,0.01,0.02,-7.85,-15.64,344.94,-10765.27,[sl 4118.82],557157931.0,True,SL
2026-07-07 12:30:00,,2026-07-07 12:31:00,,M30,,SELL,,4128.32,,,4140.5,,4128.06,,0.01,,0.12,,352.78,,,,False,TP
2026-07-07 12:30:00,2026-07-07 12:30:01,2026-07-07 12:41:00,2026-07-07 12:40:20,M15,M15,BUY,BUY,4128.46,4126.98,4117.36,4117.36,4117.36,4137.46,4137.46,0.01,0.02,-11.24,-19.24,333.7,-10744.21,[sl 4117.36],557159128.0,True,SL
2026-07-07 13:00:00,2026-07-07 13:00:01,2026-07-07 13:03:00,2026-07-07 13:02:51,M5,M5,BUY,BUY,4123.99,4123.78,4128.8,4117.2,4117.2,4128.8,4128.8,0.01,0.25,4.67,125.5,338.37,-10618.71,[tp 4128.80],557173875.0,True,TP
2026-07-07 13:00:00,2026-07-07 13:00:01,2026-07-07 13:41:00,2026-07-07 13:40:21,M15,M15,SELL,SELL,4123.85,4123.47,4130.95,4130.95,4130.95,4118.07,4118.07,0.01,0.06,-7.24,-44.88,331.27,-10678.44,[sl 4130.95],557173878.0,True,SL
2026-07-07 13:05:00,2026-07-07 13:05:01,2026-07-07 14:47:00,2026-07-07 14:46:32,M5,M5,BUY,BUY,4126.88,4126.95,4133.08,4120.97,4120.97,4133.08,4133.08,0.01,0.03,6.06,18.39,351.59,-10681.80,[tp 4133.08],557177477.0,True,TP
2026-07-07 13:13:00,2026-07-07 13:13:02,2026-07-07 13:26:00,2026-07-07 13:25:19,M1,M1,BUY,BUY,4123.21,4123.28,4128.89,4118.16,4118.16,4128.89,4128.89,0.01,0.57,5.54,319.77,343.91,-10298.94,[tp 4128.89],557180871.0,True,TP
2026-07-07 13:17:00,2026-07-07 13:17:01,2026-07-07 13:41:00,2026-07-07 13:40:15,M1,M1,BUY,BUY,4124.79,4124.51,4130.11,4123.1,4123.1,4130.11,4130.11,0.04,0.05,20.72,28.0,351.99,-10633.56,[tp 4130.11],557182048.0,True,TP
2026-07-07 13:19:00,2026-07-07 13:19:01,2026-07-07 13:26:00,2026-07-07 13:25:19,M1,M1,SELL,SELL,4123.92,4123.73,4129.18,4129.18,4129.18,4118.43,4118.43,0.01,0.65,-5.4,-354.25,338.51,-10653.19,[sl 4129.18],557182767.0,True,SL
2026-07-07 13:30:00,2026-07-07 13:30:01,2026-07-07 13:45:00,2026-07-07 13:44:58,M5,M5,BUY,BUY,4126.83,4126.75,4132.44,4124.22,4124.22,4132.44,4132.44,0.03,0.06,16.41,34.14,364.68,-10650.32,[tp 4132.44],557185757.0,True,TP
2026-07-07 13:37:00,2026-07-07 13:37:06,2026-07-07 13:41:00,2026-07-07 13:40:06,M1,M1,SELL,SELL,4127.95,4127.86,4129.62,4129.62,4129.62,4126.7,4126.7,0.04,0.19,-7.24,-33.44,344.75,-10686.63,[sl 4129.62],557188061.0,True,SL
2026-07-07 13:38:00,2026-07-07 13:38:01,2026-07-07 13:41:00,2026-07-07 13:40:09,M1,M1,BUY,BUY,4128.71,4128.64,4129.73,4127.01,4127.01,4129.73,4129.73,0.04,0.23,3.52,25.07,348.27,-10661.56,[tp 4129.73],557188162.0,True,TP
2026-07-07 13:43:00,2026-07-07 13:43:01,2026-07-07 13:45:00,2026-07-07 13:44:52,M1,M1,SELL,SELL,4131.19,4131.24,4132.1,4132.1,4132.1,4127.02,4127.02,0.08,0.07,-8.4,-6.02,356.28,-10684.46,[sl 4132.10],557189876.0,True,SL
2026-07-07 13:48:00,2026-07-07 13:48:01,2026-07-07 13:50:00,2026-07-07 13:49:22,M1,M1,SELL,SELL,4129.53,4129.48,4130.47,4130.47,4130.47,4126.49,4126.49,0.08,0.11,-8.64,-10.89,347.64,-10661.21,[sl 4130.47],557192118.0,True,SL
2026-07-07 13:56:00,2026-07-07 13:56:01,2026-07-07 13:57:00,2026-07-07 13:56:02,M1,M1,BUY,BUY,4130.06,4129.86,4129.66,4128.04,4128.04,4129.78,4129.78,0.03,0.84,-1.26,-16.8,346.38,-10678.01,S20.12_superviso,557194319.0,True,TP
2026-07-07 14:00:00,2026-07-07 14:00:01,2026-07-07 14:02:00,2026-07-07 14:01:22,M5,M5,BUY,BUY,4130.53,4130.83,4126.89,4126.89,4126.89,4138.45,4138.45,0.02,0.15,-7.56,-59.1,338.82,-10737.11,[sl 4126.89],557194814.0,True,SL
2026-07-07 14:05:00,2026-07-07 14:05:01,2026-07-07 14:17:00,2026-07-07 14:16:30,M1,M1,BUY,BUY,4127.3,4127.28,4130.56,4123.58,4123.58,4130.56,4130.56,0.02,0.04,6.24,13.12,345.06,-10723.99,[tp 4130.56],557197561.0,True,TP
2026-07-07 14:23:00,2026-07-07 14:23:01,2026-07-07 14:25:00,2026-07-07 14:24:22,M1,M1,SELL,SELL,4129.58,4129.57,4126.91,4132.31,4132.31,4126.91,4126.91,0.03,0.06,7.59,15.96,352.65,-10708.03,[tp 4126.91],557203859.0,True,TP
2026-07-07 14:25:00,2026-07-07 14:25:01,2026-07-07 15:12:00,2026-07-07 15:11:48,M5,M5,SELL,SELL,4127.12,4127.31,4134.38,4134.38,4134.38,4118.16,4118.16,0.01,0.04,-7.4,-28.28,349.89,-10946.43,[sl 4134.38],557204730.0,True,SL
2026-07-07 14:35:00,2026-07-07 14:35:01,2026-07-07 14:47:00,2026-07-07 14:46:32,M5,M5,BUY,BUY,4128.07,4128.15,4132.93,4123.78,4123.78,4132.93,4132.93,0.02,0.05,9.44,23.9,361.03,-10700.19,[tp 4132.93],557208061.0,True,TP
2026-07-07 14:38:00,2026-07-07 14:38:06,2026-07-07 14:44:00,2026-07-07 14:43:56,M1,M1,SELL,SELL,4129.3,4129.48,4130.94,4130.94,4130.94,4127.15,4127.15,0.04,0.11,-7.12,-16.06,345.53,-10724.09,[sl 4130.94],557209300.0,True,SL
2026-07-07 14:50:00,2026-07-07 14:50:03,2026-07-07 15:12:00,2026-07-07 15:11:57,M5,M5,SELL,SELL,4127.19,4127.24,4135.66,4135.66,4135.66,4118.49,4118.49,0.01,0.04,-8.61,-33.68,341.28,-10980.11,[sl 4135.66],557213787.0,True,SL
2026-07-07 14:57:00,,2026-07-07 14:58:00,,M1,,SELL,,4125.11,,,4128.87,,4126.81,,0.02,,-3.68,,357.35,,,,False,TP
2026-07-07 15:00:00,2026-07-07 15:00:01,2026-07-07 15:13:00,2026-07-07 15:12:13,M15,M15,SELL,SELL,4124.74,4125.17,4137.13,4137.13,4137.13,4118.94,4118.94,0.01,0.03,-12.53,-35.88,328.75,-11015.99,[sl 4137.13],557216188.0,True,SL
2026-07-07 15:00:00,2026-07-07 15:00:01,2026-07-07 15:03:00,2026-07-07 15:02:58,M1,M1,SELL,SELL,4124.74,4125.12,4128.81,4128.81,4128.81,4118.63,4118.63,0.02,0.7,-8.42,-258.3,348.93,-10940.10,[sl 4128.81],557216186.0,True,SL
2026-07-07 15:01:00,2026-07-07 15:01:01,2026-07-07 15:07:00,2026-07-07 15:06:18,M1,M1,BUY,BUY,4127.08,4126.96,4130.76,4123.63,4123.63,4130.76,4130.76,0.02,0.04,7.08,15.2,356.01,-10918.15,[tp 4130.76],557216729.0,True,TP
2026-07-07 15:06:00,2026-07-07 15:06:01,2026-07-07 15:07:00,2026-07-07 15:06:17,M1,M1,BUY,BUY,4129.69,4129.72,4130.47,4126.7,4126.7,4130.47,4130.47,0.02,0.09,1.28,6.75,357.29,-10933.35,[tp 4130.47],557219076.0,True,TP
2026-07-07 15:20:00,2026-07-07 15:20:01,2026-07-07 15:37:00,2026-07-07 15:36:19,M5,M5,BUY,BUY,4135.65,4135.41,4132.36,4132.36,4132.36,4143.05,4143.05,0.02,0.03,-6.86,-9.15,306.21,-11031.93,[sl 4132.36],557227699.0,True,SL
2026-07-07 15:23:00,,2026-07-07 15:24:00,,M1,,SELL,,4135.17,,,4138.49,,4136.32,,0.02,,-2.58,,326.17,,,,False,TP
2026-07-07 15:27:00,2026-07-07 15:27:04,2026-07-07 15:31:00,2026-07-07 15:30:21,M1,M1,BUY,BUY,4137.26,4137.12,4136.15,4136.15,4136.15,4140.4,4140.4,0.06,0.07,-7.5,-6.79,318.67,-11022.78,[sl 4136.15],557229985.0,True,SL
2026-07-07 15:28:00,,2026-07-07 15:31:00,,M1,,BUY,,4138.66,,,4136.0,,4139.62,,0.02,,-5.6,,313.07,,,,False,SL
2026-07-07 15:31:00,2026-07-07 15:31:01,2026-07-07 15:47:00,2026-07-07 15:47:02,M1,M1,SELL,SELL,4134.52,4134.36,4129.5,4140.0,4140.0,4128.86,4128.86,0.01,0.1,5.52,48.6,304.59,-10987.17,S20.12_superviso,557231606.0,True,TP
2026-07-07 15:35:00,2026-07-07 15:35:01,2026-07-07 15:48:00,2026-07-07 15:47:22,M5,M5,SELL,SELL,4134.7,4134.7,4128.55,4141.21,4141.21,4128.55,4128.55,0.01,0.08,6.01,49.2,310.6,-10937.97,[tp 4128.55],557233486.0,True,TP
2026-07-07 15:38:00,2026-07-07 15:38:01,2026-07-07 15:41:00,2026-07-07 15:40:15,M1,M1,SELL,SELL,4132.02,4131.94,4132.9,4132.9,4132.9,4126.73,4126.73,0.07,0.04,-7.14,-3.84,299.07,-11035.77,[sl 4132.90],557235140.0,True,SL
2026-07-07 15:45:00,,2026-07-07 15:49:00,,M15,,SELL,,4130.92,,,4142.88,,4128.31,,0.01,,2.47,,313.07,,,,False,TP
,2026-07-07 15:46:04,,2026-07-07 15:48:28,,M15,,SELL,,4129.58,4128.31,,4142.88,,4128.31,,0.03,,3.81,,-10934.16,[tp 4128.31],557237987.0,False,ไม่มี SIM คู่ — backtest ไม่เจอ pattern นี้
2026-07-07 16:04:00,2026-07-07 16:04:08,2026-07-07 16:19:00,2026-07-07 16:18:44,M1,M1,BUY,BUY,4127.37,4126.6,4129.94,4123.63,4123.63,4129.94,4129.94,0.02,0.04,4.86,13.36,311.77,-10950.83,[tp 4129.94],557246620.0,True,TP
2026-07-07 16:07:00,2026-07-07 16:07:01,2026-07-07 16:09:00,2026-07-07 16:08:48,M1,M1,SELL,SELL,4126.86,4126.83,4128.26,4128.26,4128.26,4125.6,4125.6,0.04,0.21,-6.16,-30.03,306.91,-10964.19,[sl 4128.26],557247346.0,True,SL
2026-07-07 16:15:00,2026-07-07 16:15:01,2026-07-07 16:30:00,2026-07-07 16:29:38,M15,M15,SELL,SELL,4127.53,4127.44,4121.21,4132.8,4132.8,4121.21,4121.21,0.01,0.05,6.18,31.15,310.99,-10954.22,[tp 4121.21],557250670.0,True,TP
2026-07-07 16:27:00,2026-07-07 16:27:01,2026-07-07 16:28:00,2026-07-07 16:27:04,M1,M1,BUY,BUY,4128.11,4128.08,4126.51,4126.51,4126.51,4128.76,4128.76,0.04,0.22,-6.96,-34.54,304.81,-10985.37,[sl 4126.51],557253950.0,True,SL
2026-07-07 16:30:00,2026-07-07 16:30:01,2026-07-07 17:14:00,2026-07-07 17:13:52,M15,M15,SELL,SELL,4121.64,4122.18,4134.92,4134.92,4134.92,4108.25,4108.25,0.01,0.03,-13.42,-38.22,271.16,-11210.48,[sl 4134.92],557256975.0,True,SL
2026-07-07 16:43:00,,2026-07-07 16:44:00,,M1,,BUY,,4131.28,,,4128.35,,4130.43,,0.02,,-1.98,,309.01,,,,False,TP
2026-07-07 16:44:00,2026-07-07 16:44:01,2026-07-07 16:49:00,2026-07-07 16:48:06,M1,M1,BUY,BUY,4131.95,4131.92,4127.98,4127.98,4127.98,4138.47,4138.47,0.02,0.54,-8.22,-212.76,300.79,-11166.98,[sl 4127.98],557263008.0,True,SL
2026-07-07 16:52:00,2026-07-07 16:52:01,2026-07-07 16:54:00,2026-07-07 16:53:31,M1,M1,BUY,BUY,4128.42,4128.44,4128.89,4124.07,4124.07,4128.89,4128.89,0.01,0.05,0.33,2.25,301.12,-11164.73,[tp 4128.89],557267472.0,True,TP
2026-07-07 17:00:00,2026-07-07 17:00:01,2026-07-07 17:01:00,2026-07-07 17:00:43,M1,M1,SELL,SELL,4131.23,4131.5,4133.23,4133.23,4133.23,4127.0,4127.0,0.03,0.03,-6.42,-5.19,294.7,-11169.92,[sl 4133.23],557270676.0,True,SL
2026-07-07 17:00:00,2026-07-07 17:00:01,2026-07-07 17:28:00,2026-07-07 17:27:22,M15,M15,BUY,BUY,4131.37,4131.65,4138.44,4120.94,4120.94,4138.44,4138.44,0.01,0.02,6.93,13.58,269.88,-10953.91,[tp 4138.44],557270678.0,True,TP
2026-07-07 17:03:00,2026-07-07 17:03:01,2026-07-07 17:04:00,2026-07-07 17:03:09,M1,M1,SELL,SELL,4132.35,4132.39,4133.17,4133.17,4133.17,4127.13,4127.13,0.07,0.03,-6.72,-2.34,287.98,-11172.26,[sl 4133.17],557272399.0,True,SL
2026-07-07 17:05:00,2026-07-07 17:05:01,2026-07-07 17:28:00,2026-07-07 17:27:16,M1,M1,BUY,BUY,4132.67,4132.67,4138.33,4127.84,4127.84,4138.33,4138.33,0.01,0.44,5.52,249.04,275.4,-10967.49,[tp 4138.33],557272960.0,True,TP
2026-07-07 17:09:00,,2026-07-07 17:10:00,,M1,,BUY,,4133.04,,,4128.01,,4129.78,,0.01,,-3.4,,284.58,,,,False,TP
2026-07-07 17:10:00,2026-07-07 17:10:01,2026-07-07 18:19:00,2026-07-07 18:18:34,M1,M1,BUY,BUY,4133.74,4133.64,4139.64,4131.85,4131.85,4139.64,4139.64,0.03,0.02,17.28,12.0,291.57,-11219.09,[tp 4139.64],557274965.0,True,TP
2026-07-07 17:20:00,2026-07-07 17:20:01,2026-07-07 17:24:00,2026-07-07 17:23:52,M1,M1,BUY,BUY,4136.57,4136.48,4135.27,4135.27,4135.27,4139.52,4139.52,0.04,0.05,-5.76,-6.05,265.4,-11216.53,[sl 4135.27],557279486.0,True,SL
2026-07-07 17:20:00,2026-07-07 17:20:01,2026-07-07 18:23:00,2026-07-07 18:22:25,M5,M5,BUY,BUY,4136.57,4136.3,4142.81,4130.05,4130.05,4142.81,4142.81,0.01,0.02,6.1,13.02,287.74,-11237.27,[tp 4142.81],557279488.0,True,TP
2026-07-07 17:24:00,,2026-07-07 17:25:00,,M1,,SELL,,4135.18,,,4139.16,,4137.49,,0.01,,-2.45,,262.95,,,,False,TP
2026-07-07 17:36:00,,2026-07-07 17:37:00,,M1,,SELL,,4135.83,,,4138.4,,4136.72,,0.02,,-2.06,,273.34,,,,False,TP
2026-07-07 17:40:00,2026-07-07 17:40:01,2026-07-07 18:07:00,2026-07-07 18:06:10,M5,M5,SELL,SELL,4136.39,4136.76,4133.33,4138.39,4138.39,4133.33,4133.33,0.03,0.14,8.76,48.02,279.37,-10913.15,[tp 4133.33],557285087.0,True,TP
2026-07-07 17:45:00,2026-07-07 17:45:01,2026-07-07 18:36:00,2026-07-07 18:35:38,M15,M15,BUY,BUY,4135.83,4135.91,4145.53,4130.87,4130.87,4145.53,4145.53,0.01,0.03,9.56,28.86,289.99,-11219.68,[tp 4145.53],557286104.0,True,TP
2026-07-07 17:55:00,2026-07-07 17:55:01,2026-07-07 18:07:00,2026-07-07 18:06:05,M1,M1,BUY,BUY,4135.8,4135.82,4133.4,4133.4,4133.4,4139.85,4139.85,0.02,0.03,-5.08,-7.26,274.29,-10961.17,[sl 4133.40],557288640.0,True,SL
2026-07-07 18:00:00,2026-07-07 18:00:01,2026-07-07 18:19:00,2026-07-07 18:18:47,M15,M15,SELL,SELL,4135.83,4135.48,4140.68,4140.68,4140.68,4128.18,4128.18,0.01,0.06,-4.99,-31.2,286.58,-11250.29,[sl 4140.68],557289764.0,True,SL
2026-07-07 18:00:00,2026-07-07 18:00:01,2026-07-07 18:45:00,2026-07-07 18:44:58,M30,M30,BUY,BUY,4135.97,4135.61,4148.96,4128.56,4128.56,4148.96,4148.96,0.01,0.02,12.85,26.7,299.14,-11192.98,[tp 4148.96],557289765.0,True,TP
2026-07-07 18:01:00,,2026-07-07 18:02:00,,M1,,SELL,,4134.68,,,4138.74,,4137.27,,0.01,,-2.73,,270.61,,,,False,TP
2026-07-07 18:04:00,2026-07-07 18:04:01,2026-07-07 18:19:00,2026-07-07 18:18:26,M1,M1,SELL,SELL,4134.17,4134.15,4139.13,4139.13,4139.13,4128.79,4128.79,0.01,0.69,-5.1,-343.62,281.48,-11231.09,[sl 4139.13],557290688.0,True,SL
2026-07-07 18:06:00,2026-07-07 18:06:01,2026-07-07 18:19:00,2026-07-07 18:18:04,M1,M1,SELL,SELL,4133.72,4133.77,4138.57,4138.57,4138.57,4128.83,4128.83,0.01,0.71,-4.99,-340.8,276.49,-11253.95,[sl 4138.57],557291071.0,True,SL
2026-07-07 18:12:00,2026-07-07 18:12:06,2026-07-07 18:19:00,2026-07-07 18:18:04,M1,M1,BUY,BUY,4133.21,4133.41,4138.5,4128.3,4128.3,4138.5,4138.5,0.01,0.72,5.15,366.48,281.64,-10887.47,[tp 4138.50],557292509.0,True,TP
2026-07-07 18:25:00,2026-07-07 18:25:01,2026-07-07 18:32:00,2026-07-07 18:31:51,M1,M1,BUY,BUY,4144.32,4144.23,4140.85,4140.85,4140.85,4149.93,4149.93,0.02,0.02,-7.22,-6.76,280.52,-11244.03,[sl 4140.85],557299195.0,True,SL
2026-07-07 18:30:00,,2026-07-07 19:00:00,,M30,,BUY,,4143.28,,,4126.8,,4158.03,,0.01,,14.61,,306.43,,,,False,TP
2026-07-07 18:34:00,2026-07-07 18:34:01,2026-07-07 18:35:00,2026-07-07 18:34:01,M1,M1,BUY,BUY,4140.43,4140.65,4140.54,4138.68,4138.68,4140.54,4140.54,0.03,0.41,-0.09,-4.51,280.43,-11248.54,[tp 4140.54],557302308.0,True,TP
2026-07-07 18:40:00,,2026-07-07 18:41:00,,M1,,SELL,,4145.4,,,4149.19,,4147.11,,0.02,,-3.7,,286.29,,,,False,TP
,2026-07-07 18:45:01,,2026-07-07 18:59:48,,M30,,BUY,,4148.85,4158.03,,4126.8,,4158.03,,0.01,,9.18,,-11187.80,[tp 4158.03],557306113.0,False,ไม่มี SIM คู่ — backtest ไม่เจอ pattern นี้
2026-07-07 18:51:00,2026-07-07 18:51:01,2026-07-07 18:52:00,2026-07-07 18:51:32,M1,M1,SELL,SELL,4150.47,4150.55,4151.55,4151.55,4151.55,4146.29,4146.29,0.06,0.04,-7.32,-4.0,291.82,-11196.98,[sl 4151.55],557308716.0,True,SL
2026-07-07 19:03:00,2026-07-07 19:03:01,2026-07-07 19:07:00,2026-07-07 19:06:53,M1,M1,BUY,BUY,4157.35,4157.6,4160.99,4153.62,4153.62,4160.99,4160.99,0.02,0.03,7.0,10.17,313.43,-11177.63,[tp 4160.99],557316388.0,True,TP
2026-07-07 19:14:00,2026-07-07 19:14:01,2026-07-07 19:15:00,2026-07-07 19:14:12,M1,M1,BUY,BUY,4169.95,4169.94,4171.24,4167.97,4167.97,4171.24,4171.24,0.03,0.24,3.45,31.2,316.88,-11146.43,[tp 4171.24],557326262.0,True,TP
2026-07-07 19:36:00,2026-07-07 19:36:01,2026-07-07 19:52:00,2026-07-07 19:51:39,M1,M1,SELL,SELL,4164.22,4164.33,4169.16,4169.16,4169.16,4158.28,4158.28,0.01,0.28,-5.08,-135.24,311.8,-11281.67,[sl 4169.16],557342451.0,True,SL
2026-07-07 19:50:00,2026-07-07 19:50:01,2026-07-07 20:00:00,2026-07-07 19:59:02,M5,M5,SELL,SELL,4165.52,4165.77,4171.4,4171.4,4171.4,4158.88,4158.88,0.01,0.03,-6.02,-16.89,299.33,-11324.82,[sl 4171.40],557349232.0,True,SL
2026-07-07 19:53:00,2026-07-07 19:53:01,2026-07-07 19:54:00,2026-07-07 19:53:30,M1,M1,BUY,BUY,4169.23,4169.24,4167.22,4167.22,4167.22,4170.71,4170.71,0.03,0.13,-6.45,-26.26,305.35,-11307.93,[sl 4167.22],557350693.0,True,SL
2026-07-07 20:07:00,2026-07-07 20:07:01,2026-07-07 20:13:00,2026-07-07 20:12:24,M1,M1,SELL,SELL,4163.87,4164.24,4168.86,4168.86,4168.86,4158.28,4158.28,0.01,0.19,-5.13,-87.78,294.2,-11412.60,[sl 4168.86],557359652.0,True,SL
2026-07-07 20:12:00,2026-07-07 20:12:01,2026-07-07 20:15:00,2026-07-07 20:14:57,M1,M1,BUY,BUY,4165.53,4165.62,4171.33,4158.63,4158.63,4171.33,4171.33,0.01,0.01,5.66,5.71,299.86,-11394.79,[tp 4171.33],557362908.0,True,TP
2026-07-07 20:14:00,2026-07-07 20:14:01,2026-07-07 20:15:00,2026-07-07 20:14:23,M1,M1,BUY,BUY,4168.03,4167.64,4170.06,4165.15,4165.15,4170.06,4170.06,0.02,0.05,3.78,12.1,303.64,-11400.50,[tp 4170.06],557364128.0,True,TP
2026-07-07 20:15:00,2026-07-07 20:15:04,2026-07-07 20:37:00,2026-07-07 20:36:48,M5,M5,BUY,BUY,4171.56,4171.33,4178.02,4157.06,4157.06,4178.02,4178.02,0.01,0.01,6.32,6.6899999999999995,287.93,-11474.15,[tp 4178.02],557364877.0,True,TP
2026-07-07 20:17:00,2026-07-07 20:17:01,2026-07-07 20:21:00,2026-07-07 20:20:57,M1,M1,SELL,SELL,4169.42,4169.81,4171.84,4171.84,4171.84,4165.38,4165.38,0.03,0.03,-7.68,-6.09,295.96,-11400.88,[sl 4171.84],557365997.0,True,SL
2026-07-07 20:22:00,2026-07-07 20:22:01,2026-07-07 20:25:00,2026-07-07 20:24:32,M1,M1,BUY,BUY,4171.81,4172.01,4168.21,4168.21,4168.21,4178.73,4178.73,0.02,0.17,-7.48,-64.6,288.48,-11465.48,[sl 4168.21],557367558.0,True,SL
2026-07-07 20:31:00,2026-07-07 20:31:01,2026-07-07 20:32:00,2026-07-07 20:31:18,M1,M1,SELL,SELL,4166.44,4167.63,4168.59,4168.59,4168.59,4165.36,4165.36,0.03,0.16,-6.87,-15.36,281.61,-11480.84,[sl 4168.59],557373609.0,True,SL
2026-07-07 20:45:00,,2026-07-07 20:58:00,,M15,,BUY,,4177.7,,,4158.7,,4188.74,,0.01,,-19.14,,273.39,,,,False,SL
2026-07-07 20:47:00,,2026-07-07 20:54:00,,M1,,SELL,,4172.99,,,4181.93,,4168.25,,0.01,,4.6,,292.53,,,,False,TP
2026-07-07 21:13:00,2026-07-07 21:13:08,2026-07-07 21:15:00,2026-07-07 21:14:22,M1,M1,BUY,BUY,4154.36,4154.5,4152.41,4152.41,4152.41,4161.68,4161.68,0.03,0.01,-6.27,-2.09,267.12,-11476.24,[sl 4152.41],557416075.0,True,SL
2026-07-07 21:16:00,2026-07-07 21:16:03,2026-07-07 21:19:00,2026-07-07 21:18:16,M1,M1,SELL,SELL,4152.75,4153.04,4159.38,4159.38,4159.38,4148.91,4148.91,0.01,0.12,-6.77,-76.08,260.35,-11552.32,[sl 4159.38],557417424.0,True,SL
2026-07-07 21:22:00,2026-07-07 21:22:33,2026-07-07 21:24:00,2026-07-07 21:23:05,M1,M1,SELL,SELL,4156.4,4156.13,4153.96,4158.17,4158.17,4153.96,4153.96,0.03,0.08,6.9,17.36,267.25,-11534.96,[tp 4153.96],557423322.0,True,TP
2026-07-07 21:23:00,2026-07-07 21:23:16,2026-07-07 21:31:00,2026-07-07 21:30:01,M1,M1,SELL,SELL,4155.24,4152.39,4158.71,4158.71,4158.71,4148.46,4148.46,0.02,0.1,-7.22,-63.2,260.03,-11598.16,[sl 4158.71],557423919.0,True,SL
2026-07-07 21:31:00,2026-07-07 21:31:01,2026-07-07 21:36:00,2026-07-07 21:35:16,M1,M1,SELL,SELL,4155.8,4156.03,4148.77,4160.85,4160.85,4148.77,4148.77,0.01,0.02,6.89,14.52,266.92,-11583.64,[tp 4148.77],557429160.0,True,TP
2026-07-07 21:45:00,2026-07-07 21:45:10,2026-07-07 22:55:00,2026-07-07 22:54:20,M5,M5,BUY,BUY,4152.52,4152.77,4139.9,4139.9,4139.9,4158.61,4158.61,0.01,0.01,-12.76,-12.87,233.44,-11575.59,[sl 4139.90],557441282.0,True,SL
2026-07-07 21:50:00,2026-07-07 21:50:03,2026-07-07 21:55:00,2026-07-07 21:54:10,M1,M1,BUY,BUY,4156.72,4156.26,4154.11,4154.11,4154.11,4160.93,4160.93,0.02,0.01,-5.5,-2.15,256.62,-11585.79,[sl 4154.11],557444895.0,True,SL
2026-07-07 21:51:00,,2026-07-07 21:53:00,,M1,,BUY,,4156.61,,,4154.35,,4161.44,,0.02,,-4.8,,262.12,,,,False,SL
2026-07-07 21:54:00,2026-07-07 21:54:06,2026-07-07 22:14:00,2026-07-07 22:14:02,M1,M1,SELL,SELL,4154.83,4154.46,4149.68,4159.09,4159.09,4148.62,4148.62,0.01,0.11,6.07,52.58,262.69,-11533.21,S20.12_superviso,557446961.0,True,TP
2026-07-07 21:55:00,2026-07-07 21:55:05,2026-07-07 22:16:00,2026-07-07 22:15:28,M5,M5,BUY,BUY,4154.14,4156.37,4146.76,4146.76,4146.76,4158.3,4158.3,0.01,0.04,-7.52,-38.44,255.17,-11571.65,[sl 4146.76],557447452.0,True,SL
2026-07-07 22:11:00,2026-07-07 22:11:04,2026-07-07 22:16:00,2026-07-07 22:15:30,M1,M1,SELL,SELL,4150.86,4152.01,4145.86,4156.95,4156.95,4145.86,4145.86,0.01,0.01,4.86,6.15,260.03,-11558.28,[tp 4145.86],557459306.0,True,TP
2026-07-07 22:14:00,2026-07-07 22:14:05,2026-07-07 22:16:00,2026-07-07 22:15:29,M1,M1,SELL,SELL,4149.57,4149.59,4145.98,4152.68,4152.68,4145.98,4145.98,0.02,0.02,6.9,7.22,266.93,-11564.43,[tp 4145.98],557460657.0,True,TP
2026-07-07 22:25:00,2026-07-07 22:25:06,2026-07-07 22:55:00,2026-07-07 22:54:35,M5,M5,SELL,SELL,4145.45,4145.54,4138.96,4150.13,4150.13,4138.96,4138.96,0.01,0.02,6.35,13.16,239.79,-11562.43,[tp 4138.96],557466653.0,True,TP
2026-07-07 22:26:00,2026-07-07 22:26:00,2026-07-07 22:29:00,2026-07-07 22:28:00,M1,M1,BUY,BUY,4145.89,4145.88,4142.97,4142.97,4142.97,4151.39,4151.39,0.02,0.01,-6.12,-2.91,260.81,-11561.19,[sl 4142.97],557466944.0,True,SL
2026-07-07 22:28:00,2026-07-07 22:28:10,2026-07-07 22:55:00,2026-07-07 22:54:35,M1,M1,SELL,SELL,4142.93,4143.36,4138.55,4149.04,4149.04,4138.55,4138.55,0.01,0.13,4.24,62.53,244.03,-11499.90,[tp 4138.55],557467861.0,True,TP
2026-07-07 22:32:00,2026-07-07 22:32:05,2026-07-07 22:36:00,2026-07-07 22:35:04,M1,M1,BUY,BUY,4144.41,4144.85,4142.86,4142.86,4142.86,4150.95,4150.95,0.03,0.01,-5.07,-1.99,255.74,-11563.18,[sl 4142.86],557470775.0,True,SL
2026-07-07 22:33:00,,2026-07-07 22:36:00,,M1,,BUY,,4145.11,,,4142.78,,4150.41,,0.02,,-4.94,,250.8,,,,False,SL
2026-07-07 22:36:00,2026-07-07 22:36:04,2026-07-07 22:52:00,2026-07-07 22:51:26,M1,M1,BUY,BUY,4144.53,4144.72,4141.22,4141.22,4141.22,4150.61,4150.61,0.02,0.01,-6.9,-3.5,246.2,-11562.72,[sl 4141.22],557472923.0,True,SL
2026-07-07 22:44:00,2026-07-07 22:44:06,2026-07-07 22:47:00,2026-07-07 22:46:27,M1,M1,SELL,SELL,4147.09,4146.79,4145.8,4149.28,4149.28,4145.8,4145.8,0.02,0.04,2.3,3.96,253.1,-11559.22,[tp 4145.80],557476372.0,True,TP
2026-07-07 22:45:00,2026-07-07 22:45:05,2026-07-07 22:55:00,2026-07-07 22:54:36,M15,M15,SELL,SELL,4146.62,4147.43,4138.33,4153.3,4153.3,4138.33,4138.33,0.01,0.01,8.15,9.1,252.18,-11490.80,[tp 4138.33],557476684.0,True,TP
2026-07-07 22:56:00,2026-07-07 22:56:05,2026-07-07 23:04:00,2026-07-07 23:03:00,M1,M1,SELL,SELL,4138.2,4137.3,4139.86,4139.86,4139.86,4136.4,4136.4,0.03,0.06,-5.4,-15.36,246.78,-11506.16,[sl 4139.86],557482172.0,True,SL
2026-07-07 22:59:00,2026-07-07 22:59:03,2026-07-07 23:06:00,2026-07-07 23:05:45,M1,M1,BUY,BUY,4137.73,4137.63,4141.02,4136.32,4136.32,4141.02,4141.02,0.04,0.03,12.6,10.17,261.52,-11479.97,[tp 4141.02],557483224.0,True,TP
2026-07-07 23:00:00,,2026-07-07 23:04:00,,M1,,BUY,,4139.21,,,4136.09,,4140.42,,0.02,,2.14,,248.92,,,,False,TP
2026-07-07 23:04:00,2026-07-07 23:04:03,2026-07-07 23:06:00,2026-07-07 23:05:40,M1,M1,BUY,BUY,4139.38,4139.47,4140.36,4137.91,4137.91,4140.36,4140.36,0.03,0.18,2.52,16.02,264.04,-11490.14,[tp 4140.36],557485423.0,True,TP
2026-07-07 23:17:00,,2026-07-07 23:18:00,,M1,,BUY,,4142.18,,,4138.22,,4140.24,,0.01,,-2.08,,261.96,,,,False,TP
2026-07-07 23:24:00,2026-07-07 23:24:04,2026-07-07 23:27:00,2026-07-07 23:26:14,M1,M1,BUY,BUY,4145.36,4145.6,4144.08,4144.08,4144.08,4150.19,4150.19,0.04,0.02,-5.68,-3.04,256.28,-10883.01,[sl 4144.08],557492316.0,True,SL
2026-07-07 23:27:00,2026-07-07 23:27:02,2026-07-07 23:35:00,2026-07-07 23:34:13,M1,M1,BUY,BUY,4145.54,4145.59,4143.14,4143.14,4143.14,4150.35,4150.35,0.02,0.04,-5.08,-9.8,245.64,-10906.04,[sl 4143.14],557493017.0,True,SL
2026-07-07 23:29:00,2026-07-07 23:29:04,2026-07-07 23:32:00,2026-07-07 23:31:01,M1,M1,BUY,BUY,4146.52,4147.16,4145.27,4145.27,4145.27,4149.56,4149.56,0.04,0.07,-5.56,-13.23,250.72,-10896.24,[sl 4145.27],557493550.0,True,SL
2026-07-07 23:39:00,2026-07-07 23:39:03,2026-07-07 23:46:00,2026-07-07 23:45:37,M1,M1,BUY,BUY,4144.51,4144.49,4142.66,4142.66,4142.66,4150.29,4150.29,0.03,0.03,-5.97,-5.49,239.67,-10911.53,[sl 4142.66],557495985.0,True,SL
2026-07-07 23:45:00,2026-07-07 23:45:03,2026-07-08 00:32:00,2026-07-08 00:31:40,M15,M15,BUY,BUY,4143.46,4143.99,4147.91,4136.37,4136.37,4147.91,4147.91,0.01,0.11,4.31,43.12,220.59,-10893.01,[tp 4147.91],557497032.0,True,TP
2026-07-07 23:57:00,,2026-07-07 23:58:00,,M1,,SELL,,4143.77,,,4148.46,,4146.88,,0.01,,-3.25,,236.42,,,,False,TP
2026-07-08 00:00:00,2026-07-08 00:00:04,2026-07-08 01:50:00,2026-07-08 01:49:22,H1,H1,SELL,SELL,4145.13,4144.98,4132.44,4155.12,4155.12,4132.44,4132.44,0.01,0.03,12.55,37.62,226.14,-9650.93,[tp 4132.44],557500796.0,True,TP
2026-07-08 00:00:00,2026-07-08 00:00:03,2026-07-08 00:17:00,2026-07-08 00:16:30,M5,M5,BUY,BUY,4145.27,4145.12,4140.91,4140.91,4140.91,4152.42,4152.42,0.01,0.03,-4.5,-12.63,216.28,-10936.13,[sl 4140.91],557500788.0,True,SL
2026-07-08 00:02:00,2026-07-08 00:02:06,2026-07-08 01:34:00,2026-07-08 01:33:00,M1,M1,SELL,SELL,4144.17,4144.52,4138.33,4149.13,4149.13,4138.33,4138.33,0.01,0.77,5.7,476.63,217.94,-9572.13,[tp 4138.33],557501115.0,True,TP
2026-07-08 00:04:00,2026-07-08 00:04:03,2026-07-08 00:11:00,2026-07-08 00:10:46,M1,M1,BUY,BUY,4145.22,4144.83,4144.25,4144.25,4144.25,4149.86,4149.86,0.05,0.04,-5.55,-2.32,230.87,-10923.50,[sl 4144.25],557501377.0,True,SL
2026-07-08 00:05:00,,2026-07-08 00:13:00,,M1,,BUY,,4146.15,,,4143.99,,4149.78,,0.02,,-4.6,,220.78,,,,False,SL
2026-07-08 00:07:00,2026-07-08 00:07:03,2026-07-08 00:11:00,2026-07-08 00:10:36,M1,M1,BUY,BUY,4146.35,4146.59,4144.66,4144.66,4144.66,4150.07,4150.07,0.03,0.05,-5.49,-9.65,225.38,-10921.18,[sl 4144.66],557501837.0,True,SL
2026-07-08 00:24:00,2026-07-08 00:24:06,2026-07-08 01:34:00,2026-07-08 01:33:00,M1,M1,BUY,BUY,4143.22,4143.89,4138.34,4138.34,4138.34,4148.49,4148.49,0.01,0.76,-5.02,-421.8,212.92,-10048.76,[sl 4138.34],557504593.0,True,SL
2026-07-08 00:26:00,2026-07-08 00:26:03,2026-07-08 00:54:00,2026-07-08 00:53:53,M1,M1,BUY,BUY,4145.47,4145.65,4143.33,4143.33,4143.33,4150.01,4150.01,0.02,0.04,-4.56,-9.28,199.27,-10919.61,[sl 4143.33],557505148.0,True,SL
2026-07-08 00:28:00,2026-07-08 00:28:05,2026-07-08 00:51:00,2026-07-08 00:50:37,M1,M1,BUY,BUY,4146.35,4145.89,4143.75,4143.75,4143.75,4149.88,4149.88,0.02,0.04,-5.48,-8.56,203.83,-10910.33,[sl 4143.75],557505481.0,True,SL
2026-07-08 00:30:00,2026-07-08 00:30:05,2026-07-08 01:34:00,2026-07-08 01:33:43,M15,M15,BUY,BUY,4146.23,4146.87,4136.38,4136.38,4136.38,4158.48,4158.48,0.01,0.02,-9.99,-20.98,202.93,-9672.23,[sl 4136.38],557505888.0,True,SL
2026-07-08 00:34:00,,2026-07-08 00:35:00,,M1,,SELL,,4146.53,,,4149.26,,4147.46,,0.02,,-2.14,,218.45,,,,False,TP
2026-07-08 00:37:00,,2026-07-08 00:38:00,,M1,,SELL,,4145.77,,,4148.66,,4146.92,,0.02,,-2.58,,215.87,,,,False,TP
2026-07-08 00:46:00,2026-07-08 00:46:03,2026-07-08 00:47:00,2026-07-08 00:46:46,M1,M1,BUY,BUY,4147.47,4146.99,4145.53,4145.53,4145.53,4150.08,4150.08,0.02,0.06,-4.16,-8.76,211.71,-10901.77,[sl 4145.53],557508161.0,True,SL
2026-07-08 00:48:00,,2026-07-08 00:49:00,,M1,,SELL,,4145.94,,,4148.48,,4147.0,,0.02,,-2.4,,209.31,,,,False,TP
2026-07-08 00:52:00,2026-07-08 00:52:03,2026-07-08 01:33:00,2026-07-08 01:32:49,M1,M1,SELL,SELL,4143.98,4143.97,4138.88,4148.6,4148.6,4138.88,4138.88,0.01,0.78,4.96,397.02,204.36,-10026.80,[tp 4138.88],557509091.0,True,TP
2026-07-08 00:54:00,2026-07-08 00:54:03,2026-07-08 01:33:00,2026-07-08 01:32:50,M1,M1,SELL,SELL,4143.06,4143.32,4138.56,4148.77,4148.77,4138.56,4138.56,0.01,0.84,4.36,399.84,208.72,-9626.96,[tp 4138.56],557509622.0,True,TP
2026-07-08 01:00:00,2026-07-08 01:00:04,2026-07-08 01:34:00,2026-07-08 01:33:39,M30,M30,SELL,SELL,4144.67,4144.69,4137.15,4153.89,4153.89,4137.15,4137.15,0.01,0.04,7.38,30.16,210.31,-9667.85,[tp 4137.15],557510238.0,True,TP
2026-07-08 01:00:00,2026-07-08 01:00:03,2026-07-08 01:31:00,2026-07-08 01:31:03,M5,M5,SELL,SELL,4144.67,4144.71,4140.02,4148.79,4148.79,4138.93,4138.93,0.01,0.31,5.6,145.39,194.92,-10780.54,S20.12_superviso,557510235.0,True,TP
2026-07-08 01:01:00,2026-07-08 01:01:03,2026-07-08 01:31:00,2026-07-08 01:31:03,M1,M1,SELL,SELL,4143.61,4143.76,4139.84,4148.45,4148.45,4138.99,4138.99,0.01,0.91,4.48,356.72,199.4,-10423.82,S20.12_superviso,557510370.0,True,TP
2026-07-08 01:04:00,2026-07-08 01:04:04,2026-07-08 01:06:00,2026-07-08 01:05:04,M1,M1,SELL,SELL,4141.98,4141.9,4142.83,4142.83,4142.83,4137.3,4137.3,0.05,0.04,-4.95,-3.7199999999999998,194.32,-10923.33,[sl 4142.83],557510942.0,True,SL
2026-07-08 01:05:00,,2026-07-08 01:33:00,,M5,,SELL,,4142.52,,,4148.63,,4138.86,,0.01,,3.52,,212.24,,,,False,TP
2026-07-08 01:13:00,2026-07-08 01:13:04,2026-07-08 01:34:00,2026-07-08 01:33:15,M1,M1,BUY,BUY,4142.88,4142.75,4137.91,4137.91,4137.91,4148.2,4148.2,0.01,0.87,-5.11,-421.08,205.2,-9698.01,[sl 4137.91],557511665.0,True,SL
2026-07-08 01:24:00,2026-07-08 01:24:04,2026-07-08 01:26:00,2026-07-08 01:25:00,M1,M1,BUY,BUY,4143.91,4143.7,4143.05,4143.05,4143.05,4149.64,4149.64,0.05,0.04,-5.0,-2.6,189.32,-10925.93,[sl 4143.05],557513154.0,True,SL
2026-07-08 01:27:00,2026-07-08 01:27:03,2026-07-08 01:34:00,2026-07-08 01:33:00,M1,M1,SELL,SELL,4141.99,4142.01,4138.32,4148.26,4148.26,4138.32,4138.32,0.01,0.8,3.53,295.2,208.73,-9276.93,[tp 4138.32],557513921.0,True,TP
2026-07-08 01:30:00,2026-07-08 01:30:09,2026-07-08 01:34:00,2026-07-08 01:33:39,M1,M1,SELL,SELL,4141.72,4141.2,4137.05,4143.26,4143.26,4137.05,4137.05,0.02,0.04,9.06,16.6,217.79,-9651.25,[tp 4137.05],557514101.0,True,TP
2026-07-08 01:42:00,2026-07-08 01:42:03,2026-07-08 01:45:00,2026-07-08 01:44:21,M1,M1,SELL,SELL,4140.48,4140.38,4141.74,4141.74,4141.74,4136.7,4136.7,0.03,0.12,-4.2,-16.32,213.59,-9688.55,[sl 4141.74],557517380.0,True,SL
2026-07-08 01:50:00,2026-07-08 01:50:11,2026-07-08 01:52:00,2026-07-08 01:51:23,M5,M5,SELL,SELL,4134.82,4134.62,4128.37,4144.39,4144.39,4128.37,4128.37,0.01,0.08,6.31,50.0,232.45,-9600.93,[tp 4128.37],557519827.0,True,TP
2026-07-08 01:59:00,2026-07-08 01:59:04,2026-07-08 02:00:00,2026-07-08 01:59:42,M1,M1,SELL,SELL,4128.8,4128.68,4126.4,4131.3,4131.3,4126.4,4126.4,0.02,0.18,4.52,41.04,236.97,-9559.89,[tp 4126.40],557523964.0,True,TP
2026-07-08 02:00:00,2026-07-08 02:00:05,2026-07-08 02:02:00,2026-07-08 02:01:51,M15,M15,SELL,SELL,4126.97,4126.58,4118.31,4146.59,4146.59,4118.31,4118.31,0.01,0.06,8.52,49.62,245.49,-9510.27,[tp 4118.31],557524387.0,True,TP
2026-07-08 02:04:00,2026-07-08 02:04:06,2026-07-08 02:05:00,2026-07-08 02:04:59,M1,M1,BUY,BUY,4120.29,4120.82,4121.71,4118.36,4118.36,4121.71,4121.71,0.03,0.85,3.84,75.65,249.33,-9434.62,[tp 4121.71],557527760.0,True,TP
2026-07-08 02:05:00,2026-07-08 02:05:02,2026-07-08 02:07:00,2026-07-08 02:06:57,M1,M1,BUY,BUY,4121.96,4121.5,4117.82,4117.82,4117.82,4128.31,4128.31,0.01,0.49,-4.28,-180.32,245.05,-9614.94,[sl 4117.82],557527968.0,True,SL
2026-07-08 02:17:00,2026-07-08 02:17:06,2026-07-08 02:18:00,2026-07-08 02:17:36,M1,M1,SELL,SELL,4099.1,4100.05,4102.09,4102.09,4102.09,4094.94,4094.94,0.02,0.13,-6.26,-26.52,294.95,-9641.46,[sl 4102.09],557535975.0,True,SL
2026-07-08 02:21:00,2026-07-08 02:21:02,2026-07-08 02:28:00,2026-07-08 02:27:40,M1,M1,BUY,BUY,4097.47,4097.12,4103.48,4091.5,4091.5,4103.48,4103.48,0.01,0.06,5.87,38.16,368.59,-9603.30,[tp 4103.48],557538795.0,True,TP
2026-07-08 02:30:00,2026-07-08 02:30:03,2026-07-08 02:31:00,2026-07-08 02:30:52,M1,M1,SELL,SELL,4103.58,4104.72,4108.81,4108.81,4108.81,4098.52,4098.52,0.01,0.62,-5.37,-253.58,363.22,-9856.88,[sl 4108.81],557543225.0,True,SL
2026-07-08 02:38:00,2026-07-08 02:38:06,2026-07-08 03:19:00,2026-07-08 03:18:57,M1,M1,SELL,SELL,4112.39,4112.43,4108.06,4118.96,4118.96,4108.06,4108.06,0.01,0.62,4.19,270.94,361.86,-9518.77,[tp 4108.06],557545285.0,True,TP
2026-07-08 02:40:00,2026-07-08 02:40:07,2026-07-08 02:55:00,2026-07-08 02:54:26,M5,M5,BUY,BUY,4110.97,4110.64,4114.7,4106.42,4106.42,4114.7,4114.7,0.02,0.24,7.18,97.44,357.67,-9800.48,[tp 4114.70],557545652.0,True,TP
2026-07-08 02:42:00,2026-07-08 02:42:04,2026-07-08 03:19:00,2026-07-08 03:18:57,M1,M1,BUY,BUY,4111.7,4111.38,4107.9,4107.9,4107.9,4118.82,4118.82,0.02,0.53,-7.88,-184.44,353.98,-9789.71,[sl 4107.90],557546141.0,True,SL
2026-07-08 02:43:00,2026-07-08 02:43:02,2026-07-08 02:47:00,2026-07-08 02:46:24,M1,M1,SELL,SELL,4108.43,4108.72,4113.28,4113.28,4113.28,4105.66,4105.66,0.01,0.09,-4.99,-41.04,350.49,-9897.92,[sl 4113.28],557546394.0,True,SL
2026-07-08 02:44:00,,2026-07-08 02:46:00,,M1,,SELL,,4108.45,,,4110.89,,4105.21,,0.03,,-7.74,,355.48,,,,False,SL
2026-07-08 02:50:00,2026-07-08 02:50:14,2026-07-08 03:38:00,2026-07-08 03:37:45,M5,M5,BUY,BUY,4112.55,4111.52,4105.01,4105.01,4105.01,4117.78,4117.78,0.01,0.13,-7.68,-84.63,365.65,-9729.35,[sl 4105.01],557547709.0,True,SL
2026-07-08 02:52:00,2026-07-08 02:52:06,2026-07-08 03:19:00,2026-07-08 03:18:44,M1,M1,SELL,SELL,4112.04,4111.82,4108.23,4118.54,4118.54,4108.23,4108.23,0.01,0.76,3.67,272.84,357.65,-9201.08,[tp 4108.23],557547937.0,True,TP
2026-07-08 02:54:00,2026-07-08 02:54:03,2026-07-08 03:19:00,2026-07-08 03:18:57,M1,M1,BUY,BUY,4112.52,4113.01,4108.02,4108.02,4108.02,4118.66,4118.66,0.02,0.81,-9.28,-404.19,348.37,-9605.27,[sl 4108.02],557548147.0,True,SL
2026-07-08 02:59:00,2026-07-08 02:59:04,2026-07-08 03:19:00,2026-07-08 03:18:44,M1,M1,SELL,SELL,4115.18,4115.12,4108.84,4118.84,4118.84,4108.84,4108.84,0.02,0.52,12.4,326.56,360.77,-9473.92,[tp 4108.84],557549516.0,True,TP
2026-07-08 03:21:00,2026-07-08 03:21:02,2026-07-08 03:22:00,2026-07-08 03:21:27,M1,M1,BUY,BUY,4109.13,4108.64,4107.74,4107.74,4107.74,4110.14,4110.14,0.05,0.58,-7.65,-52.2,353.12,-9570.97,[sl 4107.74],557553890.0,True,SL
2026-07-08 03:28:00,2026-07-08 03:28:03,2026-07-08 03:29:00,2026-07-08 03:29:02,M1,M1,BUY,BUY,4110.71,4110.24,4109.38,4108.65,4108.65,4110.4,4110.4,0.03,1.5899999999999999,-1.35,-136.74,351.77,-9707.71,S20.12_superviso,557555005.0,True,TP
2026-07-08 03:30:00,2026-07-08 03:30:03,2026-07-08 05:03:00,2026-07-08 05:02:19,M30,M30,BUY,BUY,4110.95,4110.94,4100.12,4100.12,4100.12,4121.08,4121.08,0.01,0.05,-10.97,-54.1,354.68,-9806.89,[sl 4100.12],557555080.0,True,SL
2026-07-08 03:33:00,2026-07-08 03:33:03,2026-07-08 03:35:00,2026-07-08 03:34:45,M1,M1,SELL,SELL,4109.67,4109.5,4107.59,4110.35,4110.35,4107.59,4107.59,0.1,0.31,19.4,59.21,371.17,-9648.50,[tp 4107.59],557555367.0,True,TP
2026-07-08 03:34:00,2026-07-08 03:34:47,2026-07-08 03:35:00,2026-07-08 03:34:59,M1,M1,SELL,SELL,4108.25,4107.53,4107.39,4110.37,4110.37,4107.39,4107.39,0.03,0.27,2.16,3.7800000000000002,373.33,-9644.72,[tp 4107.39],557555744.0,True,TP
2026-07-08 03:35:00,2026-07-08 03:35:03,2026-07-08 05:48:00,2026-07-08 05:48:04,M5,M5,SELL,SELL,4107.2,4107.44,4098.88,4113.59,4113.59,4098.44,4098.44,0.01,0.09,8.62,77.04,331.4,-9354.22,S20.12_superviso,557555906.0,True,TP
2026-07-08 03:45:00,2026-07-08 03:45:02,2026-07-08 05:48:00,2026-07-08 05:48:04,M5,M5,SELL,SELL,4106.01,4106.75,4098.88,4109.64,4109.64,4098.48,4098.48,0.02,0.18,14.78,141.66,346.18,-9212.56,S20.12_superviso,557556958.0,True,TP
2026-07-08 03:50:00,2026-07-08 03:50:04,2026-07-08 05:03:00,2026-07-08 05:02:00,M5,M5,BUY,BUY,4105.43,4105.76,4102.83,4102.83,4102.83,4112.89,4112.89,0.03,0.08,-8.22,-23.44,346.46,-9752.79,[sl 4102.83],557557208.0,True,SL
2026-07-08 05:00:00,,2026-07-08 05:50:00,,M15,,SELL,,4101.58,,,4111.12,,4098.23,,0.01,,3.21,,349.39,,,,False,TP
,2026-07-08 05:02:54,,2026-07-08 05:49:24,,M15,,SELL,,4100.33,4098.24,,4111.11,,4098.24,,0.14,,29.26,,-9381.55,[tp 4098.24],557559134.0,False,ไม่มี SIM คู่ — backtest ไม่เจอ pattern นี้
2026-07-08 05:13:00,2026-07-08 05:13:06,2026-07-08 05:20:00,2026-07-08 05:19:19,M1,M1,BUY,BUY,4103.94,4103.87,4102.23,4102.23,4102.23,4110.18,4110.18,0.04,0.07,-7.4,-11.48,331.26,-9825.93,[sl 4102.23],557560130.0,True,SL
2026-07-08 05:16:00,2026-07-08 05:16:03,2026-07-08 05:19:00,2026-07-08 05:18:50,M1,M1,BUY,BUY,4103.88,4103.8,4102.72,4102.72,4102.72,4110.05,4110.05,0.06,0.07,-7.8,-7.5600000000000005,338.66,-9814.45,[sl 4102.72],557560467.0,True,SL
2026-07-08 05:17:00,2026-07-08 05:17:03,2026-07-08 05:35:00,2026-07-08 05:35:05,M1,M1,SELL,SELL,4103.64,4103.55,4100.82,4108.32,4108.32,4098.88,4098.88,0.01,1.34,4.62,365.82,335.88,-9460.11,S20.12_superviso,557560482.0,True,TP
2026-07-08 05:35:00,2026-07-08 05:35:02,2026-07-08 05:40:00,2026-07-08 05:39:53,M5,M5,SELL,SELL,4099.98,4099.98,4102.74,4102.74,4102.74,4094.98,4094.98,0.02,0.11,-5.8,-30.36,324.14,-9490.47,[sl 4102.74],557561505.0,True,SL
2026-07-08 05:35:00,,2026-07-08 05:36:00,,M1,,BUY,,4100.12,,,4098.25,,4099.58,,0.04,,-2.72,,333.16,,,,False,TP
2026-07-08 05:37:00,,2026-07-08 05:38:00,,M1,,BUY,,4101.33,,,4098.47,,4099.86,,0.02,,-3.22,,329.94,,,,False,TP
2026-07-08 05:39:00,,2026-07-08 05:40:00,,M1,,BUY,,4101.41,,,4098.45,,4099.83,,0.02,,-3.44,,320.7,,,,False,TP
2026-07-08 05:41:00,2026-07-08 05:41:02,2026-07-08 05:50:00,2026-07-08 05:49:48,M1,M1,SELL,SELL,4100.67,4100.79,4097.27,4103.3,4103.3,4097.27,4097.27,0.02,0.1,6.52,35.2,355.91,-9346.35,[tp 4097.27],557562110.0,True,TP
2026-07-08 05:45:00,2026-07-08 05:45:04,2026-07-08 05:47:00,2026-07-08 05:46:10,M15,M15,SELL,SELL,4101.12,4100.81,4098.9,4109.58,4109.58,4098.9,4098.9,0.01,0.31,2.08,59.21,322.78,-9431.26,[tp 4098.90],557562855.0,True,TP
2026-07-08 05:45:00,2026-07-08 05:45:01,2026-07-08 05:50:00,2026-07-08 05:49:22,M5,M5,BUY,BUY,4101.26,4101.28,4098.23,4098.23,4098.23,4102.69,4102.69,0.02,0.65,-6.34,-198.25,349.57,-9410.81,[sl 4098.23],557562853.0,True,SL
2026-07-08 05:53:00,2026-07-08 05:53:01,2026-07-08 05:55:00,2026-07-08 05:54:37,M1,M1,BUY,BUY,4099.29,4099.13,4097.87,4097.87,4097.87,4099.84,4099.84,0.05,1.03,-7.8,-129.78,341.77,-9476.13,[sl 4097.87],557563932.0,True,SL
2026-07-08 05:55:00,2026-07-08 05:55:03,2026-07-08 06:06:00,2026-07-08 06:05:26,M5,M5,SELL,SELL,4097.79,4097.72,4102.16,4102.16,4102.16,4094.31,4094.31,0.02,0.12,-9.02,-53.28,333.91,-9597.15,[sl 4102.16],557564184.0,True,SL
2026-07-08 06:02:00,2026-07-08 06:02:01,2026-07-08 06:03:00,2026-07-08 06:02:01,M1,M1,BUY,BUY,4098.96,4099.26,4099.33,4095.99,4095.99,4099.33,4099.33,0.02,0.28,0.46,1.96,342.23,-9474.17,[tp 4099.33],557565156.0,True,TP
2026-07-08 06:03:00,2026-07-08 06:03:06,2026-07-08 06:04:00,2026-07-08 06:04:16,M1,M1,SELL,SELL,4096.76,4096.7,4100.8,4100.8,4100.8,4096.27,4096.27,0.02,0.17,0.7,-69.7,342.93,-9543.87,[sl 4100.80],557565353.0,True,TP
2026-07-08 06:11:00,2026-07-08 06:11:03,2026-07-08 06:17:00,2026-07-08 06:16:58,M1,M1,BUY,BUY,4107.15,4106.36,4103.8,4103.8,4103.8,4110.89,4110.89,0.02,0.09,-6.98,-23.04,331.65,-9562.99,[sl 4103.80],557567200.0,True,SL
2026-07-08 06:13:00,2026-07-08 06:13:05,2026-07-08 06:15:00,2026-07-08 06:14:13,M1,M1,SELL,SELL,4106.73,4106.45,4105.41,4108.24,4108.24,4105.41,4105.41,0.04,0.55,4.72,57.2,338.63,-9539.95,[tp 4105.41],557567463.0,True,TP
2026-07-08 06:25:00,,2026-07-08 06:26:00,,M5,,SELL,,4103.94,,,4109.33,,4104.55,,0.01,,-0.75,,330.9,,,,False,TP
2026-07-08 06:26:00,2026-07-08 06:26:01,2026-07-08 06:44:00,2026-07-08 06:43:46,M1,M1,BUY,BUY,4103.5,4103.28,4098.44,4098.44,4098.44,4108.59,4108.59,0.01,1.29,-5.2,-624.36,311.55,-10208.62,[sl 4098.44],557571791.0,True,SL
,2026-07-08 06:26:32,,2026-07-08 06:27:12,,M5,,SELL,,4104.5,4104.55,,4109.33,,4104.55,,0.58,,-2.9,,-9565.89,[tp 4104.55],557571908.0,False,ไม่มี SIM คู่ — backtest ไม่เจอ pattern นี้
2026-07-08 06:31:00,,2026-07-08 06:32:00,,M1,,SELL,,4105.36,,,4109.07,,4107.13,,0.02,,-3.82,,327.08,,,,False,TP
2026-07-08 06:32:00,,2026-07-08 06:33:00,,M1,,SELL,,4104.59,,,4109.31,,4107.42,,0.01,,-2.97,,324.11,,,,False,TP
2026-07-08 06:35:00,2026-07-08 06:35:01,2026-07-08 06:41:00,2026-07-08 06:40:19,M1,M1,SELL,SELL,4101.29,4101.32,4102.99,4102.99,4102.99,4097.33,4097.33,0.04,0.11,-7.36,-18.37,316.75,-9584.26,[sl 4102.99],557573295.0,True,SL
2026-07-08 06:45:00,2026-07-08 06:45:02,2026-07-08 07:25:00,2026-07-08 07:24:12,M5,M5,SELL,SELL,4098.31,4099.03,4105.75,4105.75,4105.75,4094.61,4094.61,0.01,0.05,-7.58,-33.6,306.12,-10217.29,[sl 4105.75],557575697.0,True,SL
2026-07-08 06:48:00,2026-07-08 06:48:02,2026-07-08 06:52:00,2026-07-08 06:51:01,M1,M1,BUY,BUY,4098.75,4098.46,4099.55,4095.28,4095.28,4099.55,4099.55,0.02,0.14,1.32,15.26,312.87,-10193.36,[tp 4099.55],557576512.0,True,TP
2026-07-08 06:49:00,,2026-07-08 06:52:00,,M1,,BUY,,4098.67,,,4096.99,,4099.68,,0.04,,3.48,,316.35,,,,False,TP
2026-07-08 06:54:00,2026-07-08 06:54:01,2026-07-08 06:59:00,2026-07-08 06:58:39,M1,M1,SELL,SELL,4098.72,4098.04,4096.86,4102.18,4102.18,4096.86,4096.86,0.02,0.1,3.44,11.8,319.79,-10181.56,[tp 4096.86],557577561.0,True,TP
2026-07-08 07:00:00,2026-07-08 07:00:11,2026-07-08 07:24:00,2026-07-08 07:23:45,M15,M15,SELL,SELL,4098.6,4101.06,4105.07,4105.07,4105.07,4090.61,4090.61,0.01,0.05,-6.61,-20.05,313.7,-10183.69,[sl 4105.07],557578516.0,True,SL
2026-07-08 07:02:00,2026-07-08 07:02:04,2026-07-08 07:05:00,2026-07-08 07:04:20,M1,M1,BUY,BUY,4100.06,4099.18,4100.46,4096.03,4096.03,4100.46,4100.46,0.02,0.14,0.52,17.92,320.31,-10163.64,[tp 4100.46],557579215.0,True,TP
2026-07-08 07:20:00,2026-07-08 07:20:06,2026-07-08 07:28:00,2026-07-08 07:27:05,M1,M1,BUY,BUY,4103.51,4103.75,4107.42,4097.85,4097.85,4107.42,4107.42,0.01,0.41,3.77,150.47,309.89,-10066.82,[tp 4107.42],557583760.0,True,TP
2026-07-08 07:23:00,2026-07-08 07:23:04,2026-07-08 07:35:00,2026-07-08 07:34:53,M1,M1,BUY,BUY,4103.67,4103.58,4108.61,4097.97,4097.97,4108.61,4108.61,0.01,0.7,4.8,352.1,312.47,-9714.72,[tp 4108.61],557584657.0,True,TP
2026-07-08 07:30:00,,2026-07-08 07:31:00,,M1,,SELL,,4105.49,,,4109.38,,4106.46,,0.02,,-2.22,,307.67,,,,False,TP
2026-07-08 07:35:00,2026-07-08 07:35:07,2026-07-08 07:39:00,2026-07-08 07:38:44,M5,M5,BUY,BUY,4109.8,4110.3,4118.66,4101.75,4101.75,4118.66,4118.66,0.01,0.08,8.72,66.88,321.19,-9647.84,[tp 4118.66],557589822.0,True,TP
2026-07-08 07:44:00,2026-07-08 07:44:17,2026-07-08 07:45:00,2026-07-08 07:44:26,M1,M1,SELL,SELL,4124.17,4125.76,4125.5,4129.07,4129.07,4125.5,4125.5,0.01,0.76,-1.47,19.76,319.72,-9628.08,[tp 4125.50],557596413.0,True,TP
2026-07-08 07:54:00,2026-07-08 07:54:02,2026-07-08 07:55:00,2026-07-08 07:54:22,M1,M1,BUY,BUY,4117.91,4118.01,4116.29,4116.29,4116.29,4119.83,4119.83,0.04,0.51,-7.04,-87.72,312.68,-9715.80,[sl 4116.29],557599881.0,True,SL
2026-07-08 07:59:00,2026-07-08 07:59:03,2026-07-08 08:01:00,2026-07-08 08:00:04,M1,M1,SELL,SELL,4111.3,4112.91,4108.42,4119.87,4119.87,4108.42,4108.42,0.01,0.24,2.74,107.76,315.42,-9608.04,[tp 4108.42],557602133.0,True,TP
2026-07-08 08:10:00,2026-07-08 08:10:04,2026-07-08 08:13:00,2026-07-08 08:12:15,M1,M1,BUY,BUY,4104.23,4105.83,4108.12,4097.4,4097.4,4108.12,4108.12,0.01,0.57,3.75,130.53,319.17,-9477.51,[tp 4108.12],557609893.0,True,TP
2026-07-08 08:15:00,2026-07-08 08:15:04,2026-07-08 08:16:00,2026-07-08 08:15:40,M1,M1,SELL,SELL,4108.52,4107.98,4105.03,4113.6,4113.6,4105.03,4105.03,0.01,0.1,3.35,29.5,322.52,-9448.01,[tp 4105.03],557612190.0,True,TP
2026-07-08 08:19:00,2026-07-08 08:19:03,2026-07-08 08:21:00,2026-07-08 08:20:01,M1,M1,SELL,SELL,4106.21,4106.5,4108.07,4108.07,4108.07,4103.69,4103.69,0.03,0.59,-6.0,-92.63,316.52,-9540.64,[sl 4108.07],557613472.0,True,SL
2026-07-08 08:20:00,2026-07-08 08:20:03,2026-07-08 08:34:00,2026-07-08 08:33:09,M5,M5,BUY,BUY,4107.21,4108.41,4101.19,4101.19,4101.19,4114.89,4114.89,0.01,0.06,-6.16,-43.32,303.91,-9631.15,[sl 4101.19],557613778.0,True,SL
2026-07-08 08:22:00,2026-07-08 08:22:05,2026-07-08 08:23:00,2026-07-08 08:22:11,M1,M1,BUY,BUY,4109.01,4108.21,4107.0,4107.0,4107.0,4111.43,4111.43,0.03,0.39,-6.45,-47.19,310.07,-9587.83,[sl 4107.00],557614385.0,True,SL
2026-07-08 08:31:00,2026-07-08 08:31:05,2026-07-08 08:34:00,2026-07-08 08:33:20,M1,M1,BUY,BUY,4105.31,4105.36,4100.06,4100.06,4100.06,4111.64,4111.64,0.01,0.05,-5.39,-26.5,298.52,-9657.65,[sl 4100.06],557617394.0,True,SL
2026-07-08 08:44:00,2026-07-08 08:44:02,2026-07-08 08:46:00,2026-07-08 08:45:45,M1,M1,BUY,BUY,4104.36,4104.05,4108.64,4098.42,4098.42,4108.64,4108.64,0.01,0.79,4.14,362.61,302.66,-9295.04,[tp 4108.64],557623193.0,True,TP
2026-07-08 08:54:00,2026-07-08 08:54:06,2026-07-08 09:07:00,2026-07-08 09:06:30,M1,M1,BUY,BUY,4108.84,4108.8,4112.17,4102.9,4102.9,4112.17,4112.17,0.01,0.09,3.19,30.33,294.08,-9348.53,[tp 4112.17],557627799.0,True,TP
2026-07-08 08:56:00,2026-07-08 08:56:05,2026-07-08 08:58:00,2026-07-08 08:57:36,M1,M1,SELL,SELL,4108.09,4107.49,4111.3,4111.3,4111.3,4105.89,4105.89,0.02,0.22,-6.7,-83.82,295.96,-9378.86,[sl 4111.30],557628238.0,True,SL
2026-07-08 09:03:00,,2026-07-08 09:04:00,,M1,,SELL,,4107.28,,,4112.54,,4106.05,,0.01,,1.09,,297.05,,,,False,TP
,2026-07-08 09:03:08,,2026-07-08 09:07:06,,M1,,SELL,,4106.82,4112.54,,4112.54,,4106.05,,0.14,,-80.08,,-9428.61,[sl 4112.54],557630171.0,False,ไม่มี SIM คู่ — backtest ไม่เจอ pattern นี้
2026-07-08 09:04:00,,2026-07-08 09:06:00,,M1,,SELL,,4107.69,,,4109.09,,4105.72,,0.04,,-6.16,,290.89,,,,False,SL
2026-07-08 09:12:00,2026-07-08 09:12:10,2026-07-08 09:24:00,2026-07-08 09:23:03,M1,M1,SELL,SELL,4115.32,4115.18,4119.42,4119.42,4119.42,4108.02,4108.02,0.01,0.51,-4.24,-216.24,289.84,-9644.85,[sl 4119.42],557633393.0,True,SL
2026-07-08 09:22:00,2026-07-08 09:22:06,2026-07-08 09:24:00,2026-07-08 09:23:12,M1,M1,BUY,BUY,4116.01,4116.54,4121.19,4112.29,4112.29,4121.19,4121.19,0.02,0.07,10.08,32.55,299.92,-9612.30,[tp 4121.19],557635445.0,True,TP
2026-07-08 09:25:00,2026-07-08 09:25:03,2026-07-08 09:26:00,2026-07-08 09:25:57,M1,M1,BUY,BUY,4120.51,4119.33,4121.04,4118.16,4118.16,4121.04,4121.04,0.03,0.94,1.17,160.74,301.09,-9451.56,[tp 4121.04],557636831.0,True,TP
2026-07-08 09:33:00,2026-07-08 09:33:04,2026-07-08 09:38:00,2026-07-08 09:37:16,M1,M1,BUY,BUY,4118.4,4117.99,4120.09,4115.16,4115.16,4120.09,4120.09,0.02,0.2,3.1,42.0,304.19,-9409.56,[tp 4120.09],557640104.0,True,TP
2026-07-08 09:36:00,2026-07-08 09:36:06,2026-07-08 09:46:00,2026-07-08 09:45:23,M1,M1,SELL,SELL,4117.68,4117.9,4120.76,4120.76,4120.76,4116.02,4116.02,0.02,0.21,-6.44,-60.06,297.75,-9469.62,[sl 4120.76],557640877.0,True,SL
2026-07-08 09:40:00,2026-07-08 09:40:03,2026-07-08 09:46:00,2026-07-08 09:45:24,M1,M1,BUY,BUY,4120.23,4120.28,4120.73,4118.05,4118.05,4120.73,4120.73,0.03,1.1,1.08,49.5,298.83,-9420.12,[tp 4120.73],557641644.0,True,TP
2026-07-08 09:44:00,2026-07-08 09:44:03,2026-07-08 09:50:00,2026-07-08 09:49:32,M1,M1,BUY,BUY,4119.74,4119.66,4117.06,4117.06,4117.06,4121.01,4121.01,0.02,0.26,-5.64,-67.6,293.19,-9487.72,[sl 4117.06],557642279.0,True,SL
2026-07-08 09:50:00,2026-07-08 09:50:04,2026-07-08 10:02:00,2026-07-08 10:01:23,M5,M5,SELL,SELL,4116.88,4116.91,4123.78,4123.78,4123.78,4108.05,4108.05,0.01,0.09,-7.04,-61.83,305.35,-9512.65,[sl 4123.78],557643849.0,True,SL
2026-07-08 10:00:00,2026-07-08 10:00:03,2026-07-08 10:01:00,2026-07-08 10:00:52,M1,M1,BUY,BUY,4114.78,4116.03,4119.72,4113.46,4113.46,4119.72,4119.72,0.04,0.1,19.2,36.9,312.39,-9450.82,[tp 4119.72],557646614.0,True,TP
2026-07-08 10:10:00,2026-07-08 10:10:03,2026-07-08 10:18:00,2026-07-08 10:17:58,M1,M1,BUY,BUY,4127.14,4127.45,4125.77,4125.77,4125.77,4131.47,4131.47,0.04,0.16,-6.04,-26.88,299.31,-9539.53,[sl 4125.77],557651468.0,True,SL
2026-07-08 10:14:00,2026-07-08 10:14:03,2026-07-08 10:18:00,2026-07-08 10:17:58,M1,M1,SELL,SELL,4127.9,4128.02,4125.6,4132.11,4132.11,4125.6,4125.6,0.01,0.12,2.16,29.04,301.47,-9510.49,[tp 4125.60],557653319.0,True,TP
2026-07-08 10:29:00,2026-07-08 10:29:03,2026-07-08 10:34:00,2026-07-08 10:33:41,M1,M1,SELL,SELL,4129.46,4129.55,4127.11,4131.8,4131.8,4127.11,4127.11,0.03,0.17,6.63,41.48,308.1,-9469.01,[tp 4127.11],557657373.0,True,TP
2026-07-08 10:32:00,2026-07-08 10:32:02,2026-07-08 10:40:00,2026-07-08 10:39:20,M1,M1,SELL,SELL,4129.12,4129.16,4126.38,4132.1,4132.1,4126.38,4126.38,0.02,0.12,5.2,33.36,307.26,-9513.73,[tp 4126.38],557657893.0,True,TP
2026-07-08 10:36:00,2026-07-08 10:36:02,2026-07-08 10:38:00,2026-07-08 10:37:02,M1,M1,BUY,BUY,4128.36,4128.27,4126.99,4126.99,4126.99,4129.49,4129.49,0.04,0.61,-6.04,-78.08,302.06,-9547.09,[sl 4126.99],557658554.0,True,SL
2026-07-08 10:38:00,2026-07-08 10:38:03,2026-07-08 10:40:00,2026-07-08 10:39:20,M1,M1,SELL,SELL,4127.57,4127.23,4126.46,4128.53,4128.53,4126.46,4126.46,0.06,1.06,5.82,81.62,313.08,-9432.11,[tp 4126.46],557658823.0,True,TP
2026-07-08 10:39:00,2026-07-08 10:39:22,2026-07-08 10:48:00,2026-07-08 10:47:42,M1,M1,SELL,SELL,4126.82,4126.29,4128.52,4128.52,4128.52,4125.56,4125.56,0.04,0.35,-7.36,-78.05,305.72,-9510.16,[sl 4128.52],557659067.0,True,SL
2026-07-08 10:45:00,2026-07-08 10:45:02,2026-07-08 10:57:00,2026-07-08 10:56:01,M1,M1,BUY,BUY,4126.76,4126.7,4124.92,4124.92,4124.92,4129.51,4129.51,0.03,0.15,-5.94,-26.7,299.78,-9536.86,[sl 4124.92],557660227.0,True,SL
2026-07-08 10:45:00,2026-07-08 10:45:05,2026-07-08 14:13:00,2026-07-08 14:13:00,M15,M15,SELL,SELL,4126.62,4126.37,4117.99,4135.94,4135.94,4117.99,4117.99,0.01,0.07,8.49,58.66,241.64,-10383.02,[tp 4117.99],557660245.0,True,TP
2026-07-08 11:04:00,2026-07-08 11:04:03,2026-07-08 11:10:00,2026-07-08 11:09:01,M1,M1,BUY,BUY,4123.8,4123.95,4128.18,4118.36,4118.36,4128.18,4128.18,0.01,1.67,4.24,706.41,304.02,-8830.45,[tp 4128.18],557666773.0,True,TP
2026-07-08 11:24:00,2026-07-08 11:24:01,2026-07-08 11:25:00,2026-07-08 11:24:59,M1,M1,BUY,BUY,4127.15,4127.12,4126.04,4126.04,4126.04,4130.58,4130.58,0.05,0.22,-6.25,-23.76,297.77,-8854.21,[sl 4126.04],557674625.0,True,SL
2026-07-08 11:29:00,2026-07-08 11:29:41,2026-07-08 11:30:00,2026-07-08 11:29:44,M1,M1,SELL,SELL,4125.66,4126.34,4126.43,4128.39,4128.39,4126.43,4126.43,0.02,1.8900000000000001,-1.82,-17.01,295.95,-8871.22,[tp 4126.43],557675746.0,True,TP
2026-07-08 11:30:00,2026-07-08 11:30:01,2026-07-08 14:19:00,2026-07-08 14:19:10,M30,M30,SELL,SELL,4125.91,4126.0,4115.43,4135.23,4135.23,4115.43,4115.43,0.01,0.08,10.34,84.56,226.63,-10378.08,[tp 4115.43],557675771.0,True,TP
2026-07-08 11:31:00,2026-07-08 11:31:41,2026-07-08 11:32:00,2026-07-08 11:32:11,M1,M1,SELL,SELL,4125.28,4126.54,4126.58,4128.55,4128.55,4126.58,4126.58,0.02,1.8199999999999998,-2.88,-7.28,293.07,-8878.50,[tp 4126.58],557676320.0,True,TP
2026-07-08 11:35:00,2026-07-08 11:35:01,2026-07-08 11:44:00,2026-07-08 11:43:29,M5,M5,BUY,BUY,4126.18,4126.36,4122.31,4122.31,4122.31,4133.09,4133.09,0.02,0.1,-8.02,-40.5,281.09,-8919.00,[sl 4122.31],557678138.0,True,SL
2026-07-08 11:41:00,,2026-07-08 11:42:00,,M1,,SELL,,4124.8,,,4128.64,,4126.64,,0.02,,-3.96,,289.11,,,,False,TP
2026-07-08 11:50:00,2026-07-08 11:50:01,2026-07-08 12:06:00,2026-07-08 12:05:05,M1,M1,SELL,SELL,4124.75,4124.86,4129.0,4129.0,4129.0,4118.5,4118.5,0.01,1.74,-4.39,-720.36,272.62,-9639.36,[sl 4129.00],557682779.0,True,SL
2026-07-08 11:56:00,,2026-07-08 11:57:00,,M1,,SELL,,4124.72,,,4128.43,,4126.62,,0.02,,-4.08,,277.01,,,,False,TP
2026-07-08 12:00:00,2026-07-08 12:00:01,2026-07-08 12:07:00,2026-07-08 12:06:10,M5,M5,BUY,BUY,4125.36,4125.4,4132.08,4121.98,4121.98,4132.08,4132.08,0.02,0.1,13.16,66.8,285.78,-9572.56,[tp 4132.08],557684782.0,True,TP
2026-07-08 12:12:00,2026-07-08 12:12:01,2026-07-08 12:13:00,2026-07-08 12:12:11,M1,M1,SELL,SELL,4126.95,4127.22,4127.99,4127.99,4127.99,4125.73,4125.73,0.05,1.21,-5.9,-93.17,279.88,-9665.73,[sl 4127.99],557689751.0,True,SL
2026-07-08 12:23:00,,2026-07-08 12:24:00,,M1,,SELL,,4124.43,,,4128.86,,4126.56,,0.01,,-2.27,,277.61,,,,False,TP
2026-07-08 12:29:00,2026-07-08 12:29:02,2026-07-08 12:39:00,2026-07-08 12:38:13,M1,M1,SELL,SELL,4123.96,4123.9,4128.75,4128.75,4128.75,4118.09,4118.09,0.01,1.27,-4.93,-615.95,265.98,-10441.28,[sl 4128.75],557695895.0,True,SL
2026-07-08 12:35:00,2026-07-08 12:35:01,2026-07-08 14:06:00,2026-07-08 14:05:43,M5,M5,BUY,BUY,4128.01,4127.84,4119.04,4119.04,4119.04,4138.36,4138.36,0.01,0.05,-9.11,-44.0,233.15,-10400.34,[sl 4119.04],557698879.0,True,SL
2026-07-08 12:37:00,2026-07-08 12:37:01,2026-07-08 12:38:00,2026-07-08 12:37:07,M1,M1,SELL,SELL,4127.24,4126.92,4128.44,4128.44,4128.44,4125.92,4125.92,0.05,1.05,-6.7,-159.6,270.91,-9825.33,[sl 4128.44],557699643.0,True,SL
2026-07-08 12:45:00,2026-07-08 12:45:01,2026-07-08 14:14:00,2026-07-08 14:13:10,M15,M15,BUY,BUY,4128.41,4128.6,4116.96,4116.96,4116.96,4138.2,4138.2,0.01,0.03,-11.59,-34.92,216.29,-10417.94,[sl 4116.96],557703607.0,True,SL
2026-07-08 12:46:00,2026-07-08 12:46:01,2026-07-08 12:47:00,2026-07-08 12:46:26,M1,M1,SELL,SELL,4128.9,4129.15,4130.03,4130.03,4130.03,4126.31,4126.31,0.05,0.18,-6.35,-15.84,259.63,-10457.12,[sl 4130.03],557703807.0,True,SL
2026-07-08 12:55:00,2026-07-08 12:55:01,2026-07-08 13:04:00,2026-07-08 13:03:52,M1,M1,BUY,BUY,4126.65,4126.08,4124.27,4124.27,4124.27,4130.84,4130.84,0.02,0.06,-5.04,-10.86,254.59,-10467.98,[sl 4124.27],557706865.0,True,SL
2026-07-08 13:00:00,2026-07-08 13:00:01,2026-07-08 14:20:00,2026-07-08 14:19:13,M30,M30,BUY,BUY,4127.96,4128.87,4115.17,4115.17,4115.17,4140.81,4140.81,0.01,0.02,-12.93,-27.4,209.16,-10405.48,[sl 4115.17],557708727.0,True,SL
2026-07-08 13:00:00,,2026-07-08 14:05:00,,M15,,BUY,,4127.96,,,4120.78,,4138.13,,0.01,,-7.32,,242.26,,,,False,SL
2026-07-08 13:06:00,2026-07-08 13:06:01,2026-07-08 13:08:00,2026-07-08 13:07:25,M1,M1,BUY,BUY,4124.92,4124.68,4122.44,4122.44,4122.44,4130.16,4130.16,0.02,0.05,-5.24,-11.2,249.35,-10479.18,[sl 4122.44],557710656.0,True,SL
2026-07-08 13:07:00,,2026-07-08 13:08:00,,M1,,BUY,,4124.31,,,4123.18,,4130.31,,0.05,,-6.35,,243.0,,,,False,SL
,2026-07-08 13:07:31,,2026-07-08 13:14:04,,M1,,BUY,,4123.41,4130.31,,4123.18,,4130.31,,0.05,,34.5,,-10444.68,[tp 4130.31],557711445.0,False,ไม่มี SIM คู่ — backtest ไม่เจอ pattern นี้
2026-07-08 13:15:00,2026-07-08 13:15:01,2026-07-08 14:13:00,2026-07-08 14:12:50,M15,M15,BUY,BUY,4131.67,4131.83,4118.05,4118.05,4118.05,4138.6,4138.6,0.01,0.03,-13.76,-41.34,227.88,-10441.68,[sl 4118.05],557714159.0,True,SL
2026-07-08 13:30:00,2026-07-08 13:30:01,2026-07-08 13:33:00,2026-07-08 13:32:30,M1,M1,SELL,SELL,4129.56,4129.44,4126.7,4131.86,4131.86,4126.7,4126.7,0.02,0.08,5.44,21.92,248.44,-10422.76,[tp 4126.70],557718211.0,True,TP
2026-07-08 13:34:00,2026-07-08 13:34:01,2026-07-08 13:35:00,2026-07-08 13:34:25,M1,M1,SELL,SELL,4126.62,4126.45,4125.63,4127.8,4127.8,4125.63,4125.63,0.04,0.81,3.4,66.42,251.84,-10356.34,[tp 4125.63],557719722.0,True,TP
2026-07-08 13:58:00,,2026-07-08 13:59:00,,M1,,SELL,,4124.81,,,4128.49,,4126.93,,0.01,,-2.26,,249.58,,,,False,TP
2026-07-08 14:14:00,2026-07-08 14:14:01,2026-07-08 14:19:00,2026-07-08 14:18:52,M1,M1,BUY,BUY,4120.02,4120.09,4115.62,4115.62,4115.62,4120.29,4120.29,0.01,0.1,-4.54,-44.7,222.09,-10462.64,[sl 4115.62],557732831.0,True,SL
2026-07-08 14:20:00,,2026-07-08 14:21:00,,M1,,SELL,,4116.16,,,4119.29,,4117.24,,0.01,,-1.22,,207.94,,,,False,TP
2026-07-08 14:25:00,2026-07-08 14:25:01,2026-07-08 15:17:00,2026-07-08 15:16:38,M5,M5,BUY,BUY,4119.75,4119.28,4112.86,4112.86,4112.86,4128.79,4128.79,0.01,0.06,-7.03,-38.52,194.97,-10611.22,[sl 4112.86],557736792.0,True,SL
2026-07-08 14:34:00,2026-07-08 14:34:01,2026-07-08 14:36:00,2026-07-08 14:35:02,M1,M1,BUY,BUY,4124.95,4125.18,4123.43,4123.43,4123.43,4130.02,4130.02,0.03,0.06,-4.98,-10.5,202.96,-10415.98,[sl 4123.43],557741061.0,True,SL
2026-07-08 14:43:00,2026-07-08 14:43:01,2026-07-08 15:01:00,2026-07-08 15:00:19,M1,M1,BUY,BUY,4122.37,4122.84,4118.47,4118.47,4118.47,4128.55,4128.55,0.01,0.84,-4.04,-367.08,198.92,-10783.06,[sl 4118.47],557743996.0,True,SL
2026-07-08 14:51:00,2026-07-08 14:51:01,2026-07-08 15:01:00,2026-07-08 15:00:41,M1,M1,SELL,SELL,4123.48,4124.06,4118.36,4128.56,4128.56,4118.36,4118.36,0.01,0.84,4.98,478.8,203.9,-10589.02,[tp 4118.36],557746690.0,True,TP
2026-07-08 14:57:00,2026-07-08 14:57:01,2026-07-08 15:01:00,2026-07-08 15:00:41,M1,M1,BUY,BUY,4121.65,4121.57,4118.18,4118.18,4118.18,4128.06,4128.06,0.01,0.84,-3.61,-284.76,200.29,-11067.82,[sl 4118.18],557748396.0,True,SL
2026-07-08 15:12:00,2026-07-08 15:12:01,2026-07-08 15:13:00,2026-07-08 15:12:53,M1,M1,SELL,SELL,4118.98,4119.17,4117.13,4122.28,4122.28,4117.13,4117.13,0.01,0.08,1.71,16.32,202.0,-10572.70,[tp 4117.13],557753291.0,True,TP
2026-07-08 15:22:00,2026-07-08 15:22:01,2026-07-08 15:24:00,2026-07-08 15:23:17,M1,M1,BUY,BUY,4091.63,4092.15,4086.12,4086.12,4086.12,4098.28,4098.28,0.01,0.11,-5.65,-66.33,189.32,-10677.55,[sl 4086.12],557765757.0,True,SL
2026-07-08 15:34:00,2026-07-08 15:34:01,2026-07-08 15:37:00,2026-07-08 15:36:41,M1,M1,SELL,SELL,4080.62,4080.39,4073.39,4087.09,4087.09,4073.39,4073.39,0.01,0.03,7.09,21.0,196.41,-10656.55,[tp 4073.39],557777403.0,True,TP
2026-07-08 15:45:00,2026-07-08 15:45:01,2026-07-08 15:48:00,2026-07-08 15:47:40,M1,M1,BUY,BUY,4065.85,4065.4,4073.56,4059.07,4059.07,4073.56,4073.56,0.01,0.03,7.57,24.48,203.98,-10632.07,[tp 4073.56],557789669.0,True,TP
2026-07-08 16:02:00,2026-07-08 16:02:01,2026-07-08 16:20:00,2026-07-08 16:19:23,M1,M1,SELL,SELL,4053.27,4054.24,4059.9,4059.9,4059.9,4048.26,4048.26,0.01,0.27,-6.77,-152.82,197.21,-10784.89,[sl 4059.90],557804582.0,True,SL
2026-07-08 16:05:00,2026-07-08 16:05:01,2026-07-08 16:44:00,2026-07-08 16:43:12,M1,M1,BUY,BUY,4055.7,4056.36,4048.53,4048.53,4048.53,4062.87,4062.87,0.01,0.03,-7.31,-23.49,189.9,-10808.38,[sl 4048.53],557806342.0,True,SL
2026-07-08 16:37:00,2026-07-08 16:37:02,2026-07-08 16:44:00,2026-07-08 16:43:12,M1,M1,SELL,SELL,4056.01,4055.97,4048.8,4060.11,4060.11,4048.8,4048.8,0.01,0.07,7.07,50.19,196.97,-10758.19,[tp 4048.80],557828044.0,True,TP
2026-07-08 16:40:00,2026-07-08 16:40:01,2026-07-08 16:44:00,2026-07-08 16:43:13,M1,M1,BUY,BUY,4053.48,4053.06,4047.77,4047.77,4047.77,4057.03,4057.03,0.01,0.37,-5.85,-195.73,191.12,-10953.92,[sl 4047.77],557829281.0,True,SL
2026-07-08 16:42:00,2026-07-08 16:42:02,2026-07-08 16:44:00,2026-07-08 16:43:16,M1,M1,SELL,SELL,4052.0,4052.4,4045.95,4055.77,4055.77,4045.95,4045.95,0.01,0.03,5.91,19.35,197.03,-10934.57,[tp 4045.95],557830143.0,True,TP
2026-07-08 16:46:00,2026-07-08 16:46:02,2026-07-08 16:47:00,2026-07-08 16:46:38,M1,M1,BUY,BUY,4048.75,4049.02,4050.34,4045.6,4045.6,4050.34,4050.34,0.01,0.11,1.45,14.52,198.48,-10920.05,[tp 4050.34],557833648.0,True,TP
2026-07-08 17:06:00,2026-07-08 17:06:03,2026-07-08 17:20:00,2026-07-08 17:19:18,M1,M1,SELL,SELL,4045.58,4045.28,4049.39,4049.39,4049.39,4038.87,4038.87,0.01,0.31,-3.95,-127.41,193.0,-11047.46,[sl 4049.39],557843137.0,True,SL
2026-07-08 17:10:00,2026-07-08 17:10:02,2026-07-08 17:20:00,2026-07-08 17:19:18,M1,M1,SELL,SELL,4041.82,4042.26,4049.43,4049.43,4049.43,4038.43,4038.43,0.01,0.34,-7.75,-243.78,185.25,-11291.24,[sl 4049.43],557845120.0,True,SL
2026-07-08 17:12:00,,2026-07-08 17:13:00,,M1,,BUY,,4042.31,,,4037.67,,4040.92,,0.01,,-1.53,,196.95,,,,False,TP
2026-07-08 17:16:00,2026-07-08 17:16:02,2026-07-08 17:21:00,2026-07-08 17:20:00,M1,M1,BUY,BUY,4044.23,4044.39,4050.9,4042.02,4042.02,4050.9,4050.9,0.02,0.03,13.06,19.53,198.31,-11271.71,[tp 4050.90],557847326.0,True,TP
2026-07-08 17:22:00,2026-07-08 17:22:02,2026-07-08 17:26:00,2026-07-08 17:25:22,M1,M1,BUY,BUY,4054.32,4054.46,4052.12,4052.12,4052.12,4061.12,4061.12,0.02,0.02,-4.68,-4.68,193.63,-11276.39,[sl 4052.12],557850592.0,True,SL
2026-07-08 17:25:00,,2026-07-08 18:12:00,,M1,,SELL,,4052.85,,,4059.18,,4048.32,,0.01,,4.39,,193.43,,,,False,TP
,2026-07-08 17:25:02,,2026-07-08 18:22:58,,M1,,SELL,,4053.01,4048.32,,4059.18,,4048.32,,0.23,,107.87,,-11037.75,[tp 4048.32],557851731.0,False,ไม่มี SIM คู่ — backtest ไม่เจอ pattern นี้
2026-07-08 17:36:00,2026-07-08 17:36:02,2026-07-08 17:38:00,2026-07-08 17:37:41,M1,M1,BUY,BUY,4056.22,4056.13,4052.44,4052.44,4052.44,4061.41,4061.41,0.01,0.02,-3.92,-7.38,189.71,-11283.77,[sl 4052.44],557856800.0,True,SL
2026-07-08 17:37:00,2026-07-08 17:37:02,2026-07-08 18:12:00,2026-07-08 18:11:23,M1,M1,SELL,SELL,4054.0,4054.08,4048.81,4058.7,4058.7,4048.81,4048.81,0.01,0.25,5.05,131.75,198.48,-11145.62,[tp 4048.81],557857468.0,True,TP
2026-07-08 17:49:00,2026-07-08 17:49:02,2026-07-08 17:50:00,2026-07-08 17:49:12,M1,M1,SELL,SELL,4056.41,4056.18,4054.9,4059.41,4059.41,4054.9,4054.9,0.01,0.05,1.37,6.4,191.08,-11277.37,[tp 4054.90],557861760.0,True,TP
2026-07-08 18:00:00,,2026-07-08 18:12:00,,M5,,SELL,,4053.05,,,4060.41,,4048.3,,0.01,,4.61,,203.09,,,,False,TP
2026-07-08 18:00:00,2026-07-08 18:00:03,2026-07-08 18:33:00,2026-07-08 18:32:51,M15,M15,BUY,BUY,4053.19,4054.19,4046.3,4046.3,4046.3,4059.28,4059.28,0.01,0.06,-7.03,-47.34,196.79,-11304.29,[sl 4046.30],557864818.0,True,SL
,2026-07-08 18:00:02,,2026-07-08 18:22:58,,M5,,SELL,,4053.8,4048.3,,4060.41,,4048.3,,0.07,,38.5,,-10999.25,[tp 4048.30],557864811.0,False,ไม่มี SIM คู่ — backtest ไม่เจอ pattern นี้
2026-07-08 18:05:00,,2026-07-08 18:06:00,,M1,,SELL,,4054.08,,,4058.9,,4055.98,,0.01,,-2.04,,189.04,,,,False,TP
2026-07-08 18:06:00,2026-07-08 18:06:02,2026-07-08 18:23:00,2026-07-08 18:22:58,M1,M1,SELL,SELL,4052.73,4052.69,4048.04,4059.06,4059.06,4048.04,4048.04,0.01,0.25,4.55,116.25,207.64,-10883.00,[tp 4048.04],557867476.0,True,TP
2026-07-08 18:25:00,2026-07-08 18:25:03,2026-07-08 18:33:00,2026-07-08 18:32:15,M1,M1,BUY,BUY,4050.72,4050.45,4047.68,4047.68,4047.68,4058.2,4058.2,0.01,0.42,-3.18,-116.34,193.61,-11256.95,[sl 4047.68],557873089.0,True,SL
2026-07-08 18:27:00,2026-07-08 18:27:02,2026-07-08 18:32:00,2026-07-08 18:31:43,M1,M1,BUY,BUY,4052.01,4051.7,4048.33,4048.33,4048.33,4058.49,4058.49,0.01,0.43,-3.82,-144.91,203.82,-11027.91,[sl 4048.33],557873411.0,True,SL
2026-07-08 18:31:00,2026-07-08 18:31:02,2026-07-08 18:33:00,2026-07-08 18:32:12,M1,M1,BUY,BUY,4050.99,4050.03,4047.73,4047.73,4047.73,4058.42,4058.42,0.01,0.49,-3.4,-112.7,190.21,-11140.61,[sl 4047.73],557874171.0,True,SL
2026-07-08 18:34:00,2026-07-08 18:34:02,2026-07-08 18:37:00,2026-07-08 18:36:04,M1,M1,SELL,SELL,4047.21,4047.04,4046.04,4049.09,4049.09,4046.04,4046.04,0.02,0.13,2.06,13.0,192.27,-11291.29,[tp 4046.04],557875332.0,True,TP
2026-07-08 18:36:00,,2026-07-08 18:37:00,,M1,,SELL,,4046.13,,,4049.24,,4046.75,,0.01,,-0.76,,191.51,,,,False,TP
2026-07-08 18:40:00,2026-07-08 18:40:02,2026-07-08 18:44:00,2026-07-08 18:43:35,M1,M1,SELL,SELL,4042.69,4042.54,4048.54,4048.54,4048.54,4039.0,4039.0,0.01,0.29,-5.99,-174.0,185.52,-11465.29,[sl 4048.54],557878546.0,True,SL
2026-07-08 18:45:00,2026-07-08 18:45:02,2026-07-08 21:45:00,2026-07-08 21:44:47,M15,M15,BUY,BUY,4064.48,4061.43,4035.92,4035.92,4035.92,4088.25,4088.25,0.01,0.01,-28.7,-25.51,142.98,-11430.92,[sl 4035.92],557883711.0,True,SL
2026-07-08 18:50:00,2026-07-08 18:50:02,2026-07-08 19:04:00,2026-07-08 19:03:35,M5,M5,BUY,BUY,4062.34,4061.57,4065.42,4056.73,4056.73,4065.42,4065.42,0.01,0.06,2.94,23.1,184.42,-11445.41,[tp 4065.42],557889536.0,True,TP
2026-07-08 18:59:00,2026-07-08 18:59:02,2026-07-08 19:01:00,2026-07-08 19:00:06,M1,M1,SELL,SELL,4062.1,4062.37,4063.98,4063.98,4063.98,4055.4,4055.4,0.02,0.02,-4.04,-3.22,181.48,-11468.51,[sl 4063.98],557894610.0,True,SL
2026-07-08 19:00:00,2026-07-08 19:00:02,2026-07-08 19:46:00,2026-07-08 19:45:34,M30,M30,BUY,BUY,4062.34,4063.08,4078.64,4033.88,4033.88,4078.64,4078.64,0.01,0.01,16.16,15.56,186.05,-11450.00,[tp 4078.64],557894826.0,True,TP
2026-07-08 19:05:00,2026-07-08 19:05:02,2026-07-08 19:06:00,2026-07-08 19:05:52,M5,M5,BUY,BUY,4064.54,4064.76,4068.17,4055.28,4055.28,4068.17,4068.17,0.01,0.03,3.49,10.23,187.91,-11435.18,[tp 4068.17],557897969.0,True,TP
2026-07-08 19:14:00,2026-07-08 19:14:02,2026-07-08 19:19:00,2026-07-08 19:18:54,M1,M1,SELL,SELL,4071.41,4072.06,4075.3,4075.3,4075.3,4065.24,4065.24,0.01,0.01,-4.03,-3.24,179.86,-11445.92,[sl 4075.30],557903929.0,True,SL
2026-07-08 19:15:00,2026-07-08 19:15:02,2026-07-08 21:17:00,2026-07-08 21:16:13,M15,M15,BUY,BUY,4072.19,4072.18,4052.87,4052.87,4052.87,4088.78,4088.78,0.01,0.01,-19.46,-19.31,168.82,-11363.40,[sl 4052.87],557904404.0,True,SL
2026-07-08 19:16:00,2026-07-08 19:16:02,2026-07-08 19:18:00,2026-07-08 19:17:57,M1,M1,SELL,SELL,4070.59,4070.72,4074.47,4074.47,4074.47,4065.66,4065.66,0.01,0.02,-4.02,-7.5,183.89,-11442.68,[sl 4074.47],557905066.0,True,SL
2026-07-08 19:29:00,2026-07-08 19:29:02,2026-07-08 19:31:00,2026-07-08 19:30:04,M1,M1,SELL,SELL,4069.83,4069.71,4073.85,4073.85,4073.85,4065.9,4065.9,0.01,0.02,-4.16,-8.28,175.7,-11454.20,[sl 4073.85],557912933.0,True,SL
2026-07-08 19:34:00,2026-07-08 19:34:02,2026-07-08 19:35:00,2026-07-08 19:34:54,M1,M1,SELL,SELL,4070.66,4070.71,4073.1,4073.1,4073.1,4065.3,4065.3,0.01,0.02,-2.58,-4.78,173.12,-11458.98,[sl 4073.10],557916511.0,True,SL
2026-07-08 19:37:00,2026-07-08 19:37:02,2026-07-08 19:40:00,2026-07-08 19:39:42,M1,M1,SELL,SELL,4069.26,4069.06,4072.35,4072.35,4072.35,4065.18,4065.18,0.01,0.02,-3.23,-6.58,169.89,-11465.56,[sl 4072.35],557918544.0,True,SL
2026-07-08 19:57:00,2026-07-08 19:57:03,2026-07-08 20:25:00,2026-07-08 20:24:07,M1,M1,SELL,SELL,4076.09,4079.23,4068.67,4087.17,4087.17,4068.67,4068.67,0.01,0.01,7.28,10.56,198.27,-11437.51,[tp 4068.67],557934712.0,True,TP
2026-07-08 20:02:00,2026-07-08 20:02:02,2026-07-08 20:06:00,2026-07-08 20:05:48,M1,M1,BUY,BUY,4076.75,4076.17,4082.87,4068.24,4068.24,4082.87,4082.87,0.01,0.01,5.98,6.7,192.03,-11443.30,[tp 4082.87],557940705.0,True,TP
2026-07-08 20:12:00,2026-07-08 20:12:03,2026-07-08 20:25:00,2026-07-08 20:24:09,M1,M1,SELL,SELL,4071.78,4072.17,4068.31,4079.24,4079.24,4068.31,4068.31,0.01,0.11,3.33,42.46,201.6,-11395.05,[tp 4068.31],557949529.0,True,TP
2026-07-08 20:19:00,2026-07-08 20:19:47,2026-07-08 20:20:00,2026-07-08 20:19:48,M1,M1,BUY,BUY,4073.22,4072.31,4072.32,4068.08,4068.08,4072.32,4072.32,0.01,0.12,-1.04,0.12,190.99,-11443.18,[tp 4072.32],557954685.0,True,TP
2026-07-08 20:21:00,2026-07-08 20:21:02,2026-07-08 20:25:00,2026-07-08 20:24:06,M1,M1,BUY,BUY,4074.9,4074.2,4069.31,4069.31,4069.31,4081.69,4081.69,0.01,0.01,-5.73,-4.89,195.87,-11448.07,[sl 4069.31],557955554.0,True,SL
2026-07-08 20:25:00,,2026-07-08 20:26:00,,M1,,SELL,,4071.7,,,4079.14,,4075.04,,0.01,,-3.48,,192.39,,,,False,TP
2026-07-08 20:25:00,2026-07-08 20:25:03,2026-07-08 20:30:00,2026-07-08 20:29:31,M5,M5,SELL,SELL,4071.7,4071.51,4067.19,4080.17,4080.17,4067.19,4067.19,0.01,0.07,4.37,30.24,196.76,-11364.81,[tp 4067.19],557957674.0,True,TP
2026-07-08 20:45:00,2026-07-08 20:45:02,2026-07-08 20:47:00,2026-07-08 20:46:16,M1,M1,BUY,BUY,4073.36,4073.05,4078.13,4067.52,4067.52,4078.13,4078.13,0.01,0.14,4.63,71.12,201.39,-11293.69,[tp 4078.13],557974595.0,True,TP
2026-07-08 20:46:00,2026-07-08 20:46:17,2026-07-08 20:50:00,2026-07-08 20:49:47,M1,M1,BUY,BUY,4075.02,4078.61,4069.95,4069.95,4069.95,4082.35,4082.35,0.01,0.01,-5.21,-8.66,196.18,-11302.35,[sl 4069.95],557975712.0,True,SL
2026-07-08 20:51:00,2026-07-08 20:51:02,2026-07-08 20:52:00,2026-07-08 20:51:32,M1,M1,SELL,SELL,4070.74,4070.98,4073.1,4073.1,4073.1,4065.28,4065.28,0.02,0.03,-5.0,-6.36,191.18,-11308.71,[sl 4073.10],557980659.0,True,SL
2026-07-08 20:56:00,2026-07-08 20:56:02,2026-07-08 21:01:00,2026-07-08 21:00:22,M1,M1,BUY,BUY,4070.25,4070.52,4067.52,4067.52,4067.52,4078.1,4078.1,0.01,0.13,-2.87,-39.0,188.31,-11347.71,[sl 4067.52],557985014.0,True,SL
2026-07-08 21:00:00,2026-07-08 21:00:03,2026-07-08 21:08:00,2026-07-08 21:07:09,M15,M15,BUY,BUY,4070.89,4070.83,4062.34,4062.34,4062.34,4080.35,4080.35,0.01,0.02,-8.69,-16.98,188.28,-11344.09,[sl 4062.34],557987586.0,True,SL
2026-07-08 21:03:00,,2026-07-08 21:04:00,,M1,,SELL,,4068.38,,,4070.37,,4064.71,,0.02,,7.06,,195.37,,,,False,TP
,2026-07-08 21:03:02,,2026-07-08 21:06:32,,M1,,SELL,,4068.83,4064.71,,4070.37,,4064.71,,0.05,,20.6,,-11327.11,[tp 4064.71],557991085.0,False,ไม่มี SIM คู่ — backtest ไม่เจอ pattern นี้
2026-07-08 21:04:00,,2026-07-08 21:07:00,,M1,,SELL,,4066.77,,,4070.73,,4065.03,,0.01,,1.6,,196.97,,,,False,TP
2026-07-08 21:27:00,2026-07-08 21:27:02,2026-07-08 21:31:00,2026-07-08 21:30:39,M1,M1,BUY,BUY,4062.86,4062.59,4058.15,4058.15,4058.15,4068.17,4068.17,0.01,0.13,-4.85,-57.72,163.97,-11421.12,[sl 4058.15],558017990.0,True,SL
2026-07-08 21:29:00,2026-07-08 21:29:02,2026-07-08 21:33:00,2026-07-08 21:32:09,M1,M1,SELL,SELL,4060.63,4061.04,4054.94,4065.76,4065.76,4054.94,4054.94,0.01,0.02,5.55,12.2,169.52,-11408.92,[tp 4054.94],558020130.0,True,TP
2026-07-08 21:30:00,2026-07-08 21:30:02,2026-07-08 21:33:00,2026-07-08 21:32:21,M15,M15,SELL,SELL,4060.19,4060.11,4054.83,4071.52,4071.52,4054.83,4054.83,0.01,0.02,5.22,10.56,174.74,-11398.36,[tp 4054.83],558020905.0,True,TP
2026-07-08 21:42:00,2026-07-08 21:42:02,2026-07-08 21:43:00,2026-07-08 21:42:18,M1,M1,BUY,BUY,4048.03,4047.46,4045.11,4045.11,4045.11,4052.64,4052.64,0.01,0.03,-3.06,-7.05,171.68,-11405.41,[sl 4045.11],558036415.0,True,SL
2026-07-08 21:48:00,2026-07-08 21:48:03,2026-07-08 22:16:00,2026-07-08 22:15:30,M1,M1,BUY,BUY,4038.88,4039.68,4031.91,4031.91,4031.91,4048.78,4048.78,0.01,0.01,-7.11,-7.77,140.83,-11416.40,[sl 4031.91],558045558.0,True,SL
2026-07-08 22:00:00,2026-07-08 22:00:03,2026-07-08 22:15:00,2026-07-08 22:14:44,M15,M15,SELL,SELL,4040.92,4040.68,4033.93,4052.91,4052.91,4033.93,4033.93,0.01,0.02,6.85,13.5,144.89,-11408.63,[tp 4033.93],558055586.0,True,TP
2026-07-08 22:05:00,2026-07-08 22:05:02,2026-07-08 22:06:00,2026-07-08 22:05:32,M1,M1,SELL,SELL,4037.5,4038.02,4042.3,4042.3,4042.3,4034.7,4034.7,0.01,0.02,-4.94,-8.56,138.04,-11439.48,[sl 4042.30],558061025.0,True,SL
2026-07-08 22:13:00,2026-07-08 22:13:03,2026-07-08 22:15:00,2026-07-08 22:14:14,M1,M1,SELL,SELL,4037.95,4038.23,4034.76,4040.02,4040.02,4034.76,4034.76,0.01,0.05,3.05,17.35,147.94,-11422.13,[tp 4034.76],558066735.0,True,TP
2026-07-08 22:19:00,2026-07-08 22:19:02,2026-07-08 22:20:00,2026-07-08 22:19:35,M1,M1,BUY,BUY,4030.98,4030.45,4032.03,4027.98,4027.98,4032.03,4032.03,0.01,0.14,0.91,22.12,141.74,-11394.28,[tp 4032.03],558074293.0,True,TP
2026-07-08 22:20:00,2026-07-08 22:20:02,2026-07-08 22:25:00,2026-07-08 22:24:55,M1,M1,BUY,BUY,4032.03,4032.25,4027.42,4027.42,4027.42,4038.51,4038.51,0.01,0.12,-4.75,-57.96,136.99,-11452.24,[sl 4027.42],558075228.0,True,SL
2026-07-08 22:31:00,2026-07-08 22:31:02,2026-07-08 22:49:00,2026-07-08 22:48:09,M1,M1,SELL,SELL,4023.51,4025.01,4034.04,4034.04,4034.04,4018.5,4018.5,0.01,0.01,-10.67,-9.03,123.12,-11467.65,[sl 4034.04],558083595.0,True,SL
2026-07-08 22:38:00,2026-07-08 22:38:03,2026-07-08 22:41:00,2026-07-08 22:40:55,M1,M1,SELL,SELL,4029.56,4029.43,4032.62,4032.62,4032.62,4024.76,4024.76,0.01,0.02,-3.2,-6.38,133.79,-11458.62,[sl 4032.62],558089529.0,True,SL
2026-07-08 22:39:00,2026-07-08 22:39:03,2026-07-08 23:07:00,2026-07-08 23:06:13,M1,M1,BUY,BUY,4031.07,4031.15,4038.61,4027.01,4027.01,4038.61,4038.61,0.01,0.05,7.4,37.3,125.25,-11430.35,[tp 4038.61],558090262.0,True,TP
2026-07-08 22:48:00,,2026-07-08 22:49:00,,M1,,SELL,,4032.37,,,4039.39,,4035.77,,0.01,,-3.54,,119.58,,,,False,TP
2026-07-08 22:59:00,,2026-07-08 23:00:00,,M1,,BUY,,4033.06,,,4028.37,,4031.47,,0.01,,-1.73,,117.85,,,,False,TP
2026-07-08 23:00:00,,2026-07-08 23:11:00,,M1,,BUY,,4034.42,,,4031.33,,4041.05,,0.01,,6.49,,131.74,,,,False,TP
2026-07-08 23:04:00,,2026-07-08 23:11:00,,M1,,BUY,,4037.09,,,4031.99,,4040.99,,0.01,,3.76,,135.5,,,,False,TP
2026-07-08 23:14:00,,2026-07-08 23:28:00,,M1,,SELL,,4039.46,,,4044.04,,4036.43,,0.01,,-4.72,,132.7,,,,False,SL
2026-07-08 23:15:00,,2026-07-08 23:28:00,,M5,,BUY,,4039.43,,,4034.98,,4043.77,,0.01,,4.2,,136.9,,,,False,TP
2026-07-08 23:19:00,,2026-07-08 23:20:00,,M1,,BUY,,4039.71,,,4038.13,,4040.81,,0.02,,1.92,,137.42,,,,False,TP
2026-07-08 23:20:00,,2026-07-08 23:41:00,,M1,,BUY,,4040.95,,,4037.8,,4048.17,,0.01,,7.08,,139.44,,,,False,TP
2026-07-08 23:20:00,,2026-07-08 23:41:00,,M5,,BUY,,4040.95,,,4034.51,,4048.79,,0.01,,7.7,,147.14,,,,False,TP
2026-07-08 23:25:00,,2026-07-08 23:31:00,,M5,,SELL,,4038.44,,,4045.15,,4028.17,,0.01,,-6.85,,130.05,,,,False,SL
2026-07-08 23:29:00,,2026-07-08 23:41:00,,M1,,BUY,,4043.04,,,4037.87,,4048.83,,0.01,,5.65,,152.79,,,,False,TP
2026-07-08 23:35:00,,2026-07-08 23:36:00,,M5,,BUY,,4041.96,,,4036.88,,4044.41,,0.01,,2.31,,132.36,,,,False,TP
2026-07-08 23:40:00,,2026-07-08 23:41:00,,M5,,BUY,,4045.11,,,4036.34,,4048.45,,0.01,,3.2,,159.59,,,,False,TP
2026-07-08 23:40:00,,2026-07-08 23:41:00,,M1,,BUY,,4045.11,,,4037.93,,4048.85,,0.01,,3.6,,156.39,,,,False,TP
2026-07-08 23:54:00,,2026-07-09 00:08:00,,M1,,BUY,,4061.78,,,4058.11,,4068.07,,0.01,,6.15,,165.74,,,,False,TP
2026-07-08 23:57:00,,2026-07-09 00:08:00,,M1,,BUY,,4063.34,,,4058.01,,4068.47,,0.01,,4.99,,170.73,,,,False,TP
2026-07-09 00:15:00,,2026-07-09 00:22:00,,M5,,BUY,,4065.24,,,4057.7,,4068.78,,0.01,,3.4,,174.13,,,,False,TP
2026-07-09 00:15:00,,2026-07-09 00:26:00,,M1,,SELL,,4065.1,,,4071.79,,4058.49,,0.01,,-6.83,,167.3,,,,False,SL
2026-07-09 00:20:00,,2026-07-09 00:31:00,,M5,,BUY,,4066.5,,,4060.38,,4074.34,,0.01,,7.7,,171.24,,,,False,TP
2026-07-09 00:25:00,,2026-07-09 00:26:00,,M1,,SELL,,4069.25,,,4070.99,,4066.43,,0.02,,-3.76,,163.54,,,,False,SL
2026-07-09 00:35:00,,2026-07-09 00:49:00,,M5,,BUY,,4072.37,,,4067.54,,4074.79,,0.01,,-4.97,,166.27,,,,False,SL
2026-07-09 00:39:00,,2026-07-09 00:56:00,,M1,,SELL,,4071.03,,,4072.53,,4066.52,,0.02,,8.74,,171.73,,,,False,TP
2026-07-09 00:51:00,,2026-07-09 00:52:00,,M1,,BUY,,4068.45,,,4065.79,,4069.61,,0.01,,1.02,,167.29,,,,False,TP
2026-07-09 00:53:00,,2026-07-09 00:55:00,,M1,,BUY,,4069.67,,,4067.66,,4069.76,,0.02,,-4.3,,162.99,,,,False,SL
2026-07-09 00:59:00,,2026-07-09 01:02:00,,M1,,BUY,,4065.98,,,4063.52,,4069.83,,0.01,,3.71,,175.44,,,,False,TP
2026-07-09 01:01:00,,2026-07-09 01:02:00,,M1,,BUY,,4068.34,,,4062.68,,4070.01,,0.01,,1.53,,176.97,,,,False,TP
2026-07-09 01:05:00,,2026-07-09 01:14:00,,M5,,BUY,,4069.28,,,4060.87,,4074.3,,0.01,,4.88,,181.24,,,,False,TP
2026-07-09 01:05:00,,2026-07-09 01:12:00,,M1,,SELL,,4069.14,,,4072.45,,4065.58,,0.01,,-3.45,,176.36,,,,False,SL
2026-07-09 01:10:00,,2026-07-09 01:11:00,,M1,,BUY,,4068.19,,,4066.07,,4069.75,,0.02,,2.84,,179.81,,,,False,TP
2026-07-09 01:11:00,,2026-07-09 01:45:00,,M1,,BUY,,4071.42,,,4065.52,,4078.47,,0.01,,6.91,,172.64,,,,False,TP
2026-07-09 01:15:00,,2026-07-09 01:50:00,,M15,,BUY,,4075.35,,,4058.03,,4088.5,,0.01,,13.01,,185.65,,,,False,TP
2026-07-09 01:18:00,,2026-07-09 01:37:00,,M1,,SELL,,4071.37,,,4073.04,,4066.41,,0.02,,-3.62,,165.73,,,,False,SL
2026-07-09 01:24:00,,2026-07-09 01:26:00,,M1,,BUY,,4070.46,,,4068.32,,4071.03,,0.02,,-4.56,,176.68,,,,False,SL
2026-07-09 01:27:00,,2026-07-09 01:28:00,,M1,,SELL,,4069.01,,,4070.06,,4066.61,,0.03,,-3.57,,173.11,,,,False,SL
2026-07-09 01:29:00,,2026-07-09 01:31:00,,M1,,BUY,,4070.02,,,4068.28,,4070.82,,0.02,,-3.76,,169.35,,,,False,SL
2026-07-09 01:45:00,,2026-07-09 10:10:00,,M15,,BUY,,4079.72,,,4061.56,,4098.58,,0.01,,-18.3,,80.02,,,,False,SL
2026-07-09 01:55:00,,2026-07-09 01:57:00,,M1,,BUY,,4086.0,,,4083.14,,4090.94,,0.01,,-3.0,,182.65,,,,False,SL
2026-07-09 02:00:00,,2026-07-13 21:41:00,,H4,,BUY,,4084.56,,,4002.1,,4138.27,,0.01,,-82.6,,-420.35,,,,False,SL
2026-07-09 02:16:00,,2026-07-09 02:31:00,,M1,,SELL,,4085.46,,,4089.07,,4078.91,,0.01,,-3.75,,178.9,,,,False,SL
2026-07-09 02:18:00,,2026-07-09 02:32:00,,M1,,BUY,,4086.32,,,4083.84,,4090.63,,0.01,,4.17,,183.07,,,,False,TP
2026-07-09 02:45:00,,2026-07-09 03:02:00,,M15,,SELL,,4084.12,,,4096.36,,4076.94,,0.01,,7.04,,189.6,,,,False,TP
2026-07-09 02:46:00,,2026-07-09 03:02:00,,M1,,SELL,,4080.69,,,4085.29,,4076.55,,0.01,,4.0,,193.6,,,,False,TP
2026-07-09 02:51:00,,2026-07-09 02:52:00,,M1,,BUY,,4080.82,,,4077.7,,4080.45,,0.01,,-0.51,,182.56,,,,False,TP
2026-07-09 03:00:00,,2026-07-09 08:04:00,,H1,,BUY,,4080.17,,,4067.39,,4100.37,,0.01,,-12.92,,106.61,,,,False,SL
2026-07-09 03:00:00,,2026-07-09 08:04:00,,M30,,SELL,,4080.03,,,4099.21,,4068.75,,0.01,,11.14,,119.53,,,,False,TP
2026-07-09 03:06:00,,2026-07-09 03:17:00,,M1,,BUY,,4081.53,,,4077.88,,4088.98,,0.01,,-3.79,,186.09,,,,False,SL
2026-07-09 03:09:00,,2026-07-09 03:10:00,,M1,,SELL,,4080.24,,,4081.96,,4077.01,,0.02,,-3.72,,189.88,,,,False,SL
2026-07-09 03:15:00,,2026-07-09 03:17:00,,M1,,BUY,,4079.16,,,4077.39,,4080.2,,0.02,,-3.82,,182.27,,,,False,SL
2026-07-09 03:26:00,,2026-07-09 03:27:00,,M1,,SELL,,4075.67,,,4079.26,,4077.44,,0.01,,-1.91,,180.36,,,,False,TP
2026-07-09 03:27:00,,2026-07-09 03:35:00,,M1,,BUY,,4076.26,,,4074.24,,4080.17,,0.02,,-4.32,,176.04,,,,False,SL
2026-07-09 03:30:00,,2026-07-09 03:35:00,,M5,,SELL,,4076.86,,,4079.04,,4073.7,,0.02,,6.04,,182.08,,,,False,TP
2026-07-09 03:35:00,,2026-07-09 07:02:00,,M5,,SELL,,4073.73,,,4080.8,,4067.92,,0.01,,-7.21,,130.69,,,,False,SL
2026-07-09 03:39:00,,2026-07-09 03:52:00,,M1,,BUY,,4073.37,,,4068.44,,4078.26,,0.01,,4.75,,186.83,,,,False,TP
2026-07-09 03:50:00,,2026-07-09 03:55:00,,M1,,BUY,,4075.48,,,4074.66,,4079.26,,0.04,,14.56,,201.39,,,,False,TP
2026-07-09 03:54:00,,2026-07-09 03:55:00,,M1,,BUY,,4078.48,,,4074.89,,4078.74,,0.01,,0.12,,201.51,,,,False,TP
2026-07-09 05:00:00,,2026-07-09 05:04:00,,M5,,BUY,,4078.7,,,4074.7,,4082.33,,0.01,,-4.14,,197.37,,,,False,SL
2026-07-09 05:05:00,,2026-07-09 05:06:00,,M1,,SELL,,4073.63,,,4078.97,,4076.89,,0.01,,-3.4,,193.97,,,,False,TP
2026-07-09 05:12:00,,2026-07-09 05:15:00,,M1,,BUY,,4078.3,,,4077.22,,4079.42,,0.04,,-4.88,,189.09,,,,False,SL
2026-07-09 05:15:00,,2026-07-09 05:22:00,,M5,,BUY,,4077.16,,,4074.45,,4082.8,,0.01,,-2.85,,186.24,,,,False,SL
2026-07-09 05:24:00,,2026-07-09 05:28:00,,M1,,BUY,,4075.45,,,4073.55,,4080.21,,0.02,,-4.08,,180.18,,,,False,SL
2026-07-09 05:25:00,,2026-07-09 05:26:00,,M1,,SELL,,4074.95,,,4078.38,,4076.79,,0.01,,-1.98,,184.26,,,,False,TP
2026-07-09 05:31:00,,2026-07-09 05:43:00,,M1,,SELL,,4073.96,,,4079.06,,4068.51,,0.01,,-5.24,,173.85,,,,False,SL
2026-07-09 05:32:00,,2026-07-09 06:47:00,,M1,,BUY,,4076.95,,,4072.8,,4079.96,,0.01,,-4.29,,147.74,,,,False,SL
2026-07-09 05:34:00,,2026-07-09 05:35:00,,M1,,SELL,,4076.62,,,4079.25,,4077.57,,0.01,,-1.09,,179.09,,,,False,TP
2026-07-09 05:45:00,,2026-07-09 05:46:00,,M1,,SELL,,4076.45,,,4079.08,,4077.42,,0.01,,-1.11,,172.74,,,,False,TP
2026-07-09 05:50:00,,2026-07-09 06:03:00,,M5,,BUY,,4079.4,,,4074.23,,4088.52,,0.01,,-5.31,,163.11,,,,False,SL
2026-07-09 05:52:00,,2026-07-09 05:53:00,,M1,,SELL,,4079.37,,,4079.95,,4077.24,,0.06,,-4.32,,168.42,,,,False,SL
2026-07-09 06:05:00,,2026-07-09 06:43:00,,M1,,BUY,,4075.55,,,4074.51,,4079.17,,0.03,,-3.54,,153.23,,,,False,SL
2026-07-09 06:13:00,,2026-07-09 06:25:00,,M1,,BUY,,4076.8,,,4075.41,,4079.37,,0.02,,-3.06,,160.05,,,,False,SL
2026-07-09 06:15:00,,2026-07-09 06:43:00,,M5,,BUY,,4077.15,,,4074.31,,4081.42,,0.01,,-2.98,,150.25,,,,False,SL
2026-07-09 06:25:00,,2026-07-09 06:32:00,,M5,,SELL,,4075.68,,,4078.74,,4075.22,,0.01,,0.32,,160.37,,,,False,TP
2026-07-09 06:34:00,,2026-07-09 06:35:00,,M1,,BUY,,4076.4,,,4075.64,,4079.63,,0.04,,-3.6,,156.77,,,,False,SL
2026-07-09 06:40:00,,2026-07-09 06:43:00,,M5,,SELL,,4076.46,,,4078.6,,4074.54,,0.01,,1.78,,152.03,,,,False,TP
2026-07-09 06:46:00,,2026-07-09 06:47:00,,M1,,BUY,,4076.45,,,4074.11,,4079.67,,0.01,,-2.48,,145.26,,,,False,SL
2026-07-09 06:47:00,,2026-07-09 07:01:00,,M1,,SELL,,4072.44,,,4078.28,,4068.64,,0.01,,-5.98,,137.9,,,,False,SL
2026-07-09 06:56:00,,2026-07-09 06:57:00,,M1,,SELL,,4076.31,,,4079.28,,4077.55,,0.01,,-1.38,,143.88,,,,False,TP
2026-07-09 07:10:00,,2026-07-09 07:12:00,,M1,,SELL,,4077.45,,,4081.76,,4076.51,,0.01,,-4.45,,126.24,,,,False,SL
2026-07-09 07:19:00,,2026-07-09 07:20:00,,M1,,SELL,,4084.51,,,4089.07,,4086.23,,0.01,,-1.86,,124.38,,,,False,TP
2026-07-09 07:32:00,,2026-07-09 07:34:00,,M1,,SELL,,4077.56,,,4080.77,,4075.96,,0.01,,-3.35,,121.03,,,,False,SL
2026-07-09 07:33:00,,2026-07-09 07:44:00,,M1,,BUY,,4079.95,,,4075.73,,4088.09,,0.01,,-4.36,,116.67,,,,False,SL
2026-07-09 07:37:00,,2026-07-09 07:46:00,,M1,,BUY,,4081.35,,,4075.22,,4088.44,,0.01,,-6.27,,113.74,,,,False,SL
2026-07-09 07:40:00,,2026-07-09 07:44:00,,M1,,SELL,,4079.26,,,4082.57,,4075.78,,0.01,,3.34,,120.01,,,,False,TP
2026-07-09 07:59:00,,2026-07-09 08:02:00,,M1,,SELL,,4073.74,,,4078.95,,4068.57,,0.01,,-5.35,,108.39,,,,False,SL
2026-07-09 08:05:00,,2026-07-09 09:26:00,,M5,,SELL,,4067.42,,,4081.54,,4058.35,,0.01,,-14.26,,96.64,,,,False,SL
2026-07-09 08:15:00,,2026-07-09 08:22:00,,M1,,BUY,,4074.42,,,4071.05,,4081.27,,0.01,,-3.51,,103.1,,,,False,SL
2026-07-09 08:20:00,,2026-07-09 08:29:00,,M1,,SELL,,4074.32,,,4078.9,,4068.71,,0.01,,5.47,,108.57,,,,False,TP
2026-07-09 08:39:00,,2026-07-09 09:11:00,,M1,,BUY,,4072.76,,,4068.41,,4078.01,,0.01,,5.11,,113.68,,,,False,TP
2026-07-09 09:14:00,,2026-07-09 09:15:00,,M1,,SELL,,4077.9,,,4079.15,,4076.9,,0.02,,-2.78,,110.9,,,,False,SL
2026-07-09 09:38:00,,2026-07-09 09:51:00,,M1,,BUY,,4073.23,,,4068.07,,4078.8,,0.01,,-5.3,,91.34,,,,False,SL
2026-07-09 09:45:00,,2026-07-09 10:07:00,,M5,,SELL,,4070.86,,,4077.0,,4063.63,,0.01,,7.09,,98.32,,,,False,TP
2026-07-09 09:50:00,,2026-07-09 09:52:00,,M1,,SELL,,4068.87,,,4070.51,,4066.93,,0.01,,1.8,,93.14,,,,False,TP
2026-07-09 09:53:00,,2026-07-09 09:54:00,,M1,,SELL,,4067.58,,,4068.88,,4066.73,,0.01,,0.71,,93.85,,,,False,TP
2026-07-09 09:55:00,,2026-07-09 10:00:00,,M1,,BUY,,4067.85,,,4065.37,,4070.7,,0.01,,-2.62,,91.23,,,,False,SL
2026-07-09 10:13:00,,2026-07-09 10:14:00,,M1,,SELL,,4057.63,,,4062.16,,4056.03,,0.01,,1.46,,81.48,,,,False,TP
2026-07-09 10:23:00,,2026-07-09 10:27:00,,M1,,BUY,,4058.2,,,4053.25,,4060.71,,0.01,,2.37,,83.85,,,,False,TP
2026-07-09 10:30:00,,2026-07-09 10:31:00,,M1,,SELL,,4058.41,,,4059.52,,4057.0,,0.02,,2.54,,86.39,,,,False,TP
2026-07-09 10:32:00,,2026-07-09 10:33:00,,M1,,SELL,,4058.0,,,4059.27,,4056.88,,0.01,,-1.41,,84.98,,,,False,SL
2026-07-09 10:35:00,,2026-07-09 12:02:00,,M5,,BUY,,4062.9,,,4053.95,,4068.07,,0.01,,5.03,,77.23,,,,False,TP
2026-07-09 10:48:00,,2026-07-09 11:18:00,,M1,,BUY,,4062.92,,,4057.92,,4068.6,,0.01,,-5.14,,79.84,,,,False,SL
2026-07-09 10:59:00,,2026-07-09 11:18:00,,M1,,BUY,,4063.04,,,4058.03,,4068.29,,0.01,,-5.15,,74.69,,,,False,SL
2026-07-09 11:05:00,,2026-07-09 11:18:00,,M5,,SELL,,4061.32,,,4069.38,,4058.76,,0.01,,2.42,,77.11,,,,False,TP
2026-07-09 11:10:00,,2026-07-09 12:01:00,,M5,,SELL,,4062.01,,,4065.02,,4054.8,,0.01,,-3.15,,72.2,,,,False,SL
2026-07-09 11:15:00,,2026-07-09 12:02:00,,M15,,SELL,,4060.57,,,4068.5,,4050.77,,0.01,,-8.07,,63.56,,,,False,SL
2026-07-09 11:15:00,,2026-07-09 12:02:00,,M5,,SELL,,4060.57,,,4066.03,,4054.78,,0.01,,-5.6,,71.63,,,,False,SL
2026-07-09 11:15:00,,2026-07-09 11:19:00,,M1,,SELL,,4060.57,,,4064.68,,4057.49,,0.01,,2.94,,80.05,,,,False,TP
2026-07-09 11:17:00,,2026-07-09 11:19:00,,M1,,SELL,,4059.54,,,4060.59,,4057.56,,0.02,,3.68,,83.73,,,,False,TP
2026-07-09 11:30:00,,2026-07-09 11:32:00,,M5,,BUY,,4059.05,,,4056.53,,4061.79,,0.01,,2.6,,86.33,,,,False,TP
2026-07-09 11:38:00,,2026-07-09 11:44:00,,M1,,BUY,,4062.77,,,4057.84,,4068.31,,0.01,,-5.07,,81.26,,,,False,SL
2026-07-09 11:47:00,,2026-07-09 11:48:00,,M1,,SELL,,4056.81,,,4058.59,,4056.12,,0.01,,-1.92,,79.34,,,,False,SL
2026-07-09 11:52:00,,2026-07-09 11:56:00,,M1,,SELL,,4061.13,,,4063.26,,4057.09,,0.01,,-2.27,,75.35,,,,False,SL
2026-07-09 11:53:00,,2026-07-09 11:55:00,,M1,,SELL,,4061.53,,,4063.11,,4057.33,,0.01,,-1.72,,77.62,,,,False,SL
2026-07-09 12:00:00,,2026-07-09 12:50:00,,M15,,BUY,,4064.49,,,4052.59,,4078.31,,0.01,,13.68,,74.71,,,,False,TP
2026-07-09 12:04:00,,2026-07-09 12:05:00,,M1,,SELL,,4067.96,,,4069.3,,4066.76,,0.01,,1.06,,64.62,,,,False,TP
2026-07-09 12:07:00,,2026-07-09 12:12:00,,M1,,BUY,,4066.83,,,4065.62,,4069.97,,0.01,,3.0,,67.62,,,,False,TP
2026-07-09 12:16:00,,2026-07-09 12:32:00,,M1,,SELL,,4071.78,,,4074.7,,4066.43,,0.01,,5.21,,69.12,,,,False,TP
2026-07-09 12:22:00,,2026-07-09 12:28:00,,M1,,BUY,,4069.11,,,4065.78,,4070.19,,0.01,,0.94,,68.56,,,,False,TP
2026-07-09 12:25:00,,2026-07-09 12:29:00,,M5,,SELL,,4068.69,,,4071.89,,4063.68,,0.01,,-3.34,,63.91,,,,False,SL
2026-07-09 12:26:00,,2026-07-09 12:28:00,,M1,,SELL,,4069.06,,,4070.23,,4066.83,,0.01,,-1.31,,67.25,,,,False,SL
2026-07-09 12:30:00,,2026-07-09 12:50:00,,M15,,BUY,,4072.72,,,4062.85,,4078.85,,0.01,,5.99,,80.7,,,,False,TP
2026-07-09 12:31:00,,2026-07-09 12:39:00,,M1,,SELL,,4066.69,,,4074.64,,4058.39,,0.01,,-8.09,,61.03,,,,False,SL
2026-07-09 12:45:00,,2026-07-09 13:01:00,,M15,,BUY,,4075.7,,,4060.76,,4088.03,,0.01,,12.19,,90.61,,,,False,TP
2026-07-09 12:54:00,,2026-07-09 12:57:00,,M1,,SELL,,4079.27,,,4081.41,,4075.93,,0.01,,-2.28,,78.42,,,,False,SL
2026-07-09 12:59:00,,2026-07-09 13:01:00,,M1,,BUY,,4083.18,,,4078.07,,4088.58,,0.01,,5.26,,95.87,,,,False,TP
2026-07-09 13:06:00,,2026-07-09 13:18:00,,M1,,SELL,,4090.18,,,4095.18,,4085.12,,0.01,,-5.14,,83.74,,,,False,SL
2026-07-09 13:08:00,,2026-07-09 13:16:00,,M1,,SELL,,4089.55,,,4094.16,,4084.59,,0.01,,-4.75,,88.88,,,,False,SL
2026-07-09 13:10:00,,2026-07-09 13:11:00,,M1,,SELL,,4089.1,,,4091.2,,4085.48,,0.01,,-2.24,,93.63,,,,False,SL
2026-07-09 13:15:00,,2026-07-09 13:22:00,,M1,,BUY,,4092.28,,,4088.08,,4098.92,,0.01,,6.5,,90.24,,,,False,TP
2026-07-09 13:36:00,,2026-07-09 13:39:00,,M1,,BUY,,4105.16,,,4101.58,,4110.77,,0.01,,-3.72,,86.52,,,,False,SL
2026-07-09 13:37:00,,2026-07-09 13:41:00,,M1,,SELL,,4103.17,,,4108.81,,4098.51,,0.01,,4.52,,91.04,,,,False,TP
2026-07-09 13:49:00,,2026-07-09 14:01:00,,M1,,SELL,,4103.63,,,4108.6,,4098.83,,0.01,,-5.11,,85.93,,,,False,SL
2026-07-09 13:50:00,,2026-07-09 14:15:00,,M1,,BUY,,4103.54,,,4102.09,,4110.39,,0.01,,-1.59,,89.09,,,,False,SL
2026-07-09 13:56:00,,2026-07-09 14:03:00,,M1,,BUY,,4105.26,,,4102.13,,4110.15,,0.01,,4.75,,90.68,,,,False,TP
2026-07-09 14:00:00,,2026-07-13 21:07:00,,H4,,BUY,,4108.09,,,4035.06,,4168.79,,0.01,,-73.17,,-370.8,,,,False,SL
2026-07-09 14:24:00,,2026-07-09 14:30:00,,M1,,SELL,,4103.73,,,4108.74,,4098.13,,0.01,,-5.15,,83.94,,,,False,SL
2026-07-09 14:29:00,,2026-07-09 14:50:00,,M1,,BUY,,4108.51,,,4103.8,,4110.95,,0.01,,2.3,,90.78,,,,False,TP
2026-07-09 14:45:00,,2026-07-09 14:47:00,,M1,,SELL,,4109.12,,,4110.21,,4106.71,,0.02,,4.54,,88.48,,,,False,TP
2026-07-09 14:55:00,,2026-07-09 14:57:00,,M1,,SELL,,4108.34,,,4110.97,,4106.23,,0.01,,1.97,,92.75,,,,False,TP
2026-07-09 14:55:00,,2026-07-09 15:22:00,,M5,,SELL,,4108.34,,,4113.48,,4103.77,,0.01,,-5.28,,89.24,,,,False,SL
2026-07-09 15:00:00,,2026-07-09 15:22:00,,M15,,SELL,,4107.98,,,4115.54,,4098.73,,0.01,,-7.7,,81.54,,,,False,SL
2026-07-09 15:01:00,,2026-07-09 15:02:00,,M1,,BUY,,4107.46,,,4106.43,,4109.96,,0.02,,-2.34,,90.41,,,,False,SL
2026-07-09 15:04:00,,2026-07-09 15:09:00,,M1,,BUY,,4106.41,,,4104.48,,4110.26,,0.01,,3.71,,96.7,,,,False,TP
2026-07-09 15:06:00,,2026-07-09 15:08:00,,M1,,BUY,,4107.08,,,4105.69,,4109.8,,0.01,,2.58,,92.99,,,,False,TP
2026-07-09 15:10:00,,2026-07-09 15:12:00,,M1,,BUY,,4109.79,,,4107.75,,4109.79,,0.01,,-2.18,,94.52,,,,False,SL
2026-07-09 15:30:00,,2026-07-09 15:34:00,,M5,,BUY,,4114.78,,,4111.68,,4123.49,,0.01,,-3.24,,78.3,,,,False,SL
2026-07-09 15:32:00,,2026-07-09 15:48:00,,M1,,SELL,,4113.74,,,4119.32,,4108.83,,0.01,,4.77,,83.07,,,,False,TP
2026-07-09 15:45:00,,2026-07-09 16:09:00,,M15,,BUY,,4113.6,,,4105.97,,4118.73,,0.01,,-7.77,,69.13,,,,False,SL
2026-07-09 15:45:00,,2026-07-09 16:01:00,,M5,,BUY,,4113.6,,,4107.52,,4118.68,,0.01,,-6.22,,76.71,,,,False,SL
2026-07-09 15:53:00,,2026-07-09 15:54:00,,M1,,BUY,,4109.96,,,4108.07,,4109.96,,0.01,,-0.14,,82.93,,,,False,TP
2026-07-09 15:55:00,,2026-07-09 16:42:00,,M5,,SELL,,4109.89,,,4113.22,,4104.35,,0.01,,5.4,,64.77,,,,False,TP
2026-07-09 15:56:00,,2026-07-09 16:01:00,,M1,,SELL,,4110.0,,,4111.18,,4107.24,,0.01,,2.62,,79.33,,,,False,TP
2026-07-09 16:05:00,,2026-07-09 16:08:00,,M1,,BUY,,4109.17,,,4106.88,,4110.0,,0.01,,-2.43,,76.9,,,,False,SL
,2026-07-09 16:08:49,,2026-07-10 07:24:51,,H4,,BUY,,4106.39,4119.12,,4035.05,,4168.79,,0.04,,50.92,,-40582.13,[so 1.01%/148.91/14728.46],558419993.0,False,ไม่มี SIM คู่ — backtest ไม่เจอ pattern นี้
2026-07-09 16:09:00,2026-07-09 16:09:01,2026-07-09 16:10:00,2026-07-09 16:09:51,M1,M1,SELL,SELL,4106.79,4106.85,4107.55,4107.55,4107.55,4105.74,4105.74,0.02,5.71,-1.8,-399.7,67.33,-2279.05,[sl 4107.55],558420087.0,True,SL
2026-07-09 16:10:00,2026-07-09 16:10:06,2026-07-09 16:19:00,2026-07-09 16:18:11,M5,M5,SELL,SELL,4106.64,4106.38,4111.7,4111.7,4111.7,4098.51,4098.51,0.01,0.52,-5.2,-276.64,60.87,-2615.09,[sl 4111.70],558420277.0,True,SL
2026-07-09 16:11:00,2026-07-09 16:11:26,2026-07-09 16:13:00,2026-07-09 16:12:20,M1,M1,BUY,BUY,4108.2,4107.55,4108.78,4105.58,4105.58,4108.78,4108.78,0.01,1.1400000000000001,0.44,140.22,67.77,-2138.83,[tp 4108.78],558420607.0,True,TP
2026-07-09 16:15:00,2026-07-09 16:15:02,2026-07-09 17:49:00,2026-07-09 17:48:46,M15,M15,SELL,SELL,4108.67,4108.74,4100.58,4113.58,4113.58,4100.58,4100.58,0.01,0.39,7.95,318.24,61.33,-2244.46,[tp 4100.58],558421267.0,True,TP
2026-07-09 16:16:00,,2026-07-09 16:18:00,,M1,,SELL,,4109.12,,,4109.83,,4107.29,,0.02,,-1.7,,66.07,,,,False,SL
2026-07-09 16:17:00,2026-07-09 16:17:01,2026-07-09 16:19:00,2026-07-09 16:18:06,M1,M1,SELL,SELL,4108.36,4108.22,4110.15,4110.15,4110.15,4107.42,4107.42,0.01,1.44,-1.93,-277.92,58.94,-2416.75,[sl 4110.15],558421638.0,True,SL
2026-07-09 16:18:00,2026-07-09 16:18:02,2026-07-09 16:19:00,2026-07-09 16:18:06,M1,M1,BUY,BUY,4109.53,4109.52,4110.1,4107.25,4107.25,4110.1,4110.1,0.01,1.35,0.43,78.3,59.37,-2338.45,[tp 4110.10],558421769.0,True,TP
2026-07-09 16:25:00,2026-07-09 16:25:01,2026-07-09 17:53:00,2026-07-09 17:52:17,M5,M5,SELL,SELL,4107.7,4107.57,4098.22,4114.48,4114.48,4098.22,4098.22,0.01,0.31,9.34,289.85,70.67,-1606.13,[tp 4098.22],558424463.0,True,TP
2026-07-09 16:35:00,2026-07-09 16:35:02,2026-07-09 17:53:00,2026-07-09 17:52:17,M5,M5,SELL,SELL,4105.96,4106.3,4098.38,4112.02,4112.02,4098.38,4098.38,0.01,0.44,7.44,348.48,78.11,-1895.98,[tp 4098.38],558429596.0,True,TP
2026-07-09 16:50:00,2026-07-09 16:50:02,2026-07-09 16:52:00,2026-07-09 16:51:23,M5,M5,SELL,SELL,4105.35,4105.49,4104.57,4109.07,4109.07,4104.57,4104.57,0.01,2.4699999999999998,0.64,227.24,65.41,-2387.85,[tp 4104.57],558434832.0,True,TP
2026-07-09 17:02:00,2026-07-09 17:02:01,2026-07-09 17:05:00,2026-07-09 17:04:54,M1,M1,BUY,BUY,4107.92,4108.29,4109.78,4103.45,4103.45,4109.78,4109.78,0.01,0.39,1.72,58.11,67.13,-2192.46,[tp 4109.78],558437959.0,True,TP
2026-07-09 17:04:00,2026-07-09 17:04:01,2026-07-09 17:05:00,2026-07-09 17:04:24,M1,M1,BUY,BUY,4108.34,4107.95,4108.99,4106.12,4106.12,4108.99,4108.99,0.01,1.32,0.51,137.28,67.64,-2250.57,[tp 4108.99],558440134.0,True,TP
2026-07-09 17:10:00,2026-07-09 17:10:02,2026-07-09 17:28:00,2026-07-09 17:27:19,M1,M1,BUY,BUY,4107.07,4107.49,4104.26,4104.26,4104.26,4109.57,4109.57,0.01,0.5,-2.95,-161.5,60.8,-2404.70,[sl 4104.26],558442604.0,True,SL
2026-07-09 17:15:00,2026-07-09 17:15:02,2026-07-09 17:53:00,2026-07-09 17:52:29,M15,M15,BUY,BUY,4105.29,4105.26,4096.76,4096.76,4096.76,4108.67,4108.67,0.01,1.33,-8.67,-1130.5,69.44,-2736.63,[sl 4096.76],558444066.0,True,SL
2026-07-09 17:16:00,,2026-07-09 17:26:00,,M1,,BUY,,4106.34,,,4104.45,,4109.99,,0.01,,-2.03,,63.75,,,,False,SL
2026-07-09 17:22:00,2026-07-09 17:22:01,2026-07-09 17:23:00,2026-07-09 17:22:21,M1,M1,BUY,BUY,4105.49,4105.56,4104.7,4104.7,4104.7,4109.1,4109.1,0.02,0.59,-1.86,-50.74,65.78,-2243.20,[sl 4104.70],558445180.0,True,SL
2026-07-09 17:23:00,2026-07-09 17:23:02,2026-07-09 17:30:00,2026-07-09 17:29:14,M1,M1,BUY,BUY,4105.83,4105.84,4104.08,4104.08,4104.08,4109.35,4109.35,0.01,0.46,-1.89,-80.96,58.91,-2485.66,[sl 4104.08],558445425.0,True,SL
2026-07-09 17:37:00,,2026-07-09 17:38:00,,M1,,SELL,,4104.42,,,4108.87,,4107.68,,0.01,,-3.4,,55.51,,,,False,TP
2026-07-09 17:39:00,2026-07-09 17:39:01,2026-07-09 17:42:00,2026-07-09 17:41:41,M1,M1,BUY,BUY,4105.0,4105.15,4103.01,4103.01,4103.01,4109.29,4109.29,0.01,0.36,-2.13,-77.04,53.38,-2562.70,[sl 4103.01],558448576.0,True,SL
2026-07-09 17:56:00,,2026-07-09 17:57:00,,M1,,SELL,,4095.56,,,4098.66,,4096.7,,0.01,,-1.28,,68.16,,,,False,TP
2026-07-09 17:57:00,2026-07-09 17:57:02,2026-07-09 17:59:00,2026-07-09 17:58:31,M1,M1,SELL,SELL,4095.91,4096.06,4097.53,4097.53,4097.53,4095.49,4095.49,0.01,5.38,-1.76,-790.86,66.4,-3527.49,[sl 4097.53],558457661.0,True,SL
2026-07-09 18:03:00,,2026-07-09 18:04:00,,M1,,BUY,,4102.17,,,4098.04,,4100.16,,0.01,,-2.15,,64.25,,,,False,TP
2026-07-09 18:04:00,2026-07-09 18:04:02,2026-07-09 18:43:00,2026-07-09 18:42:44,M1,M1,BUY,BUY,4103.32,4103.36,4108.96,4098.18,4098.18,4108.96,4108.96,0.01,4.77,5.5,2671.2,57.3,-1131.89,[tp 4108.96],558460189.0,True,TP
2026-07-09 18:20:00,,2026-07-09 18:21:00,,M1,,SELL,,4105.1,,,4108.77,,4106.92,,0.01,,-1.96,,62.29,,,,False,TP
2026-07-09 18:28:00,2026-07-09 18:28:01,2026-07-09 18:31:00,2026-07-09 18:30:13,M1,M1,SELL,SELL,4099.41,4099.45,4101.9,4101.9,4101.9,4096.61,4096.61,0.01,0.44,-2.63,-107.8,59.66,-3635.29,[sl 4101.90],558466622.0,True,SL
2026-07-09 18:30:00,2026-07-09 18:30:02,2026-07-09 18:39:00,2026-07-09 18:38:57,M5,M5,SELL,SELL,4100.42,4100.34,4103.4,4103.4,4103.4,4095.04,4095.04,0.01,0.36,-3.12,-110.16,56.54,-3803.09,[sl 4103.40],558467149.0,True,SL
2026-07-09 18:35:00,2026-07-09 18:35:01,2026-07-09 18:39:00,2026-07-09 18:38:25,M1,M1,SELL,SELL,4101.33,4101.23,4102.54,4102.54,4102.54,4097.25,4097.25,0.01,0.44,-1.35,-57.64,55.19,-3692.93,[sl 4102.54],558468879.0,True,SL
2026-07-09 18:36:00,,2026-07-09 18:39:00,,M1,,SELL,,4099.47,,,4102.72,,4096.82,,0.01,,-3.39,,51.8,,,,False,SL
2026-07-09 18:47:00,2026-07-09 18:47:02,2026-07-09 18:56:00,2026-07-09 18:55:25,M1,M1,BUY,BUY,4107.25,4107.14,4110.06,4104.41,4104.41,4110.06,4110.06,0.01,0.54,2.67,157.68,59.97,-974.21,[tp 4110.06],558476456.0,True,TP
2026-07-09 18:55:00,2026-07-09 18:55:01,2026-07-09 19:08:00,2026-07-09 19:07:48,M5,M5,BUY,BUY,4107.53,4107.62,4111.89,4102.79,4102.79,4111.89,4111.89,0.01,0.4,4.22,170.8,64.19,-803.41,[tp 4111.89],558479842.0,True,TP
2026-07-09 19:19:00,2026-07-09 19:19:07,2026-07-09 19:20:00,2026-07-09 19:19:41,M1,M1,BUY,BUY,4110.84,4110.06,4107.58,4107.58,4107.58,4110.29,4110.29,0.01,4.92,-3.4,-1220.16,60.79,-2023.57,[sl 4107.58],558494834.0,True,SL
2026-07-09 19:24:00,2026-07-09 19:24:02,2026-07-09 19:33:00,2026-07-09 19:32:00,M1,M1,BUY,BUY,4107.53,4108.12,4110.82,4104.14,4104.14,4110.82,4110.82,0.01,0.45,3.15,121.5,63.94,-1902.07,[tp 4110.82],558497763.0,True,TP
2026-07-09 19:29:00,2026-07-09 19:29:02,2026-07-09 19:33:00,2026-07-09 19:32:02,M1,M1,BUY,BUY,4106.62,4106.61,4111.13,4104.01,4104.01,4111.13,4111.13,0.01,0.4,4.37,180.8,68.31,-1721.27,[tp 4111.13],558500566.0,True,TP
2026-07-09 19:38:00,2026-07-09 19:38:01,2026-07-09 19:39:00,2026-07-09 19:38:12,M1,M1,BUY,BUY,4119.43,4119.4,4120.82,4115.59,4115.59,4120.82,4120.82,0.01,0.75,1.25,106.5,69.56,-1614.77,[tp 4120.82],558508690.0,True,TP
2026-07-09 19:41:00,2026-07-09 19:41:01,2026-07-09 19:42:00,2026-07-09 19:41:39,M1,M1,BUY,BUY,4120.12,4120.12,4117.98,4117.98,4117.98,4121.3,4121.3,0.01,3.67,-2.28,-785.38,67.28,-2400.15,[sl 4117.98],558512081.0,True,SL
2026-07-09 19:43:00,2026-07-09 19:43:02,2026-07-09 19:44:00,2026-07-09 19:43:31,M1,M1,SELL,SELL,4115.63,4115.75,4115.66,4119.07,4119.07,4115.66,4115.66,0.01,3.33,-0.17,29.97,67.11,-2370.18,[tp 4115.66],558513874.0,True,TP
2026-07-09 19:44:00,2026-07-09 19:44:01,2026-07-09 20:00:00,2026-07-09 19:59:01,M1,M1,SELL,SELL,4113.86,4113.71,4108.33,4119.52,4119.52,4108.33,4108.33,0.01,3.34,5.39,1796.92,72.5,-573.26,[tp 4108.33],558514648.0,True,TP
2026-07-09 19:45:00,2026-07-09 19:45:01,2026-07-09 20:00:00,2026-07-09 19:59:02,M5,M5,SELL,SELL,4113.17,4113.19,4108.21,4125.25,4125.25,4108.21,4108.21,0.01,0.3,4.82,149.4,77.32,-423.86,[tp 4108.21],558515088.0,True,TP
2026-07-09 20:00:00,2026-07-09 20:00:02,2026-07-09 20:09:00,2026-07-09 20:08:21,H1,H1,BUY,BUY,4107.76,4108.86,4115.58,4095.58,4095.58,4115.58,4115.58,0.01,0.69,7.68,463.68,85.0,39.82,[tp 4115.58],558524625.0,True,TP
2026-07-09 20:01:00,2026-07-09 20:01:02,2026-07-09 20:11:00,2026-07-09 20:10:30,M1,M1,BUY,BUY,4111.87,4112.36,4118.14,4105.5,4105.5,4118.14,4118.14,0.01,0.7,6.13,404.6,91.13,444.42,[tp 4118.14],558526331.0,True,TP
2026-07-09 20:05:00,2026-07-09 20:05:01,2026-07-09 20:14:00,2026-07-09 20:13:42,M1,M1,BUY,BUY,4111.94,4111.82,4118.78,4107.66,4107.66,4118.78,4118.78,0.01,4.68,6.7,3257.28,102.83,3701.70,[tp 4118.78],558529511.0,True,TP
2026-07-09 20:06:00,,2026-07-09 20:11:00,,M1,,BUY,,4112.91,,,4107.84,,4118.05,,0.01,,5.0,,96.13,,,,False,TP
2026-07-09 20:10:00,2026-07-09 20:10:01,2026-07-09 20:15:00,2026-07-09 20:14:21,M1,M1,BUY,BUY,4116.38,4116.77,4120.93,4113.97,4113.97,4120.93,4120.93,0.01,0.55,4.41,228.8,107.24,3930.50,[tp 4120.93],558533198.0,True,TP
2026-07-09 20:14:00,2026-07-09 20:14:01,2026-07-09 20:35:00,2026-07-09 20:34:14,M1,M1,BUY,BUY,4120.17,4119.86,4128.65,4114.61,4114.61,4128.65,4128.65,0.01,0.86,8.34,755.94,117.19,5098.44,[tp 4128.65],558535057.0,True,TP
2026-07-09 20:15:00,2026-07-09 20:15:02,2026-07-09 23:33:00,2026-07-09 23:32:58,M15,M15,BUY,BUY,4120.68,4121.62,4138.04,4102.38,4102.38,4138.04,4138.04,0.01,0.2,17.22,328.4,86.35,-2089.87,[tp 4138.04],558535702.0,True,TP
2026-07-09 20:20:00,2026-07-09 20:20:01,2026-07-09 20:24:00,2026-07-09 20:23:13,M5,M5,BUY,BUY,4120.6,4120.32,4124.17,4116.75,4116.75,4124.17,4124.17,0.01,1.6,3.43,616.0,110.67,4546.50,[tp 4124.17],558541121.0,True,TP
2026-07-09 20:25:00,2026-07-09 20:25:02,2026-07-09 21:21:00,2026-07-09 21:20:10,M5,M5,BUY,BUY,4125.45,4125.69,4115.81,4115.81,4115.81,4138.16,4138.16,0.01,1.12,-9.78,-1106.56,95.63,3573.49,[sl 4115.81],558544404.0,True,SL
2026-07-09 20:30:00,2026-07-09 20:30:01,2026-07-09 20:31:00,2026-07-09 20:30:04,M1,M1,BUY,BUY,4126.26,4126.98,4124.58,4124.58,4124.58,4130.86,4130.86,0.01,0.85,-1.82,-204.0,108.85,4342.50,[sl 4124.58],558548075.0,True,SL
2026-07-09 20:44:00,2026-07-09 20:44:01,2026-07-09 20:47:00,2026-07-09 20:46:42,M1,M1,BUY,BUY,4124.88,4125.21,4122.3,4122.3,4122.3,4131.59,4131.59,0.01,0.54,-2.72,-157.14,114.47,4941.30,[sl 4122.30],558562584.0,True,SL
2026-07-09 20:45:00,2026-07-09 20:45:01,2026-07-09 20:55:00,2026-07-09 20:54:57,M5,M5,BUY,BUY,4127.57,4126.71,4119.0,4119.0,4119.0,4134.31,4134.31,0.01,0.36,-8.71,-277.56,98.67,4224.22,[sl 4119.00],558563737.0,True,SL
2026-07-09 20:49:00,2026-07-09 20:49:01,2026-07-09 20:55:00,2026-07-09 20:55:03,M1,M1,SELL,SELL,4122.35,4122.66,4118.92,4129.08,4129.08,4118.92,4118.92,0.01,5.26,3.29,1967.24,101.96,6191.46,[tp 4118.92],558566635.0,True,TP
2026-07-09 20:50:00,2026-07-09 20:50:01,2026-07-09 20:58:00,2026-07-09 20:57:04,M1,M1,BUY,BUY,4123.78,4123.77,4118.03,4118.03,4118.03,4128.32,4128.32,0.01,5.43,-5.89,-3116.82,89.66,3074.64,[sl 4118.03],558567061.0,True,SL
2026-07-09 20:51:00,2026-07-09 20:51:01,2026-07-09 20:52:00,2026-07-09 20:51:32,M1,M1,SELL,SELL,4120.98,4121.15,4125.87,4125.87,4125.87,4115.09,4115.09,0.01,0.44,-5.03,-207.68,109.44,4733.62,[sl 4125.87],558567567.0,True,SL
2026-07-09 20:52:00,2026-07-09 20:52:02,2026-07-09 20:55:00,2026-07-09 20:54:57,M1,M1,BUY,BUY,4125.54,4125.71,4119.27,4119.27,4119.27,4131.76,4131.76,0.01,0.36,-6.41,-231.84,95.55,4501.78,[sl 4119.27],558568652.0,True,SL
2026-07-09 20:53:00,,2026-07-09 20:54:00,,M1,,BUY,,4125.18,,,4123.26,,4132.13,,0.01,,-2.06,,107.38,,,,False,SL
2026-07-09 20:58:00,2026-07-09 20:58:02,2026-07-09 21:01:00,2026-07-09 21:00:31,M1,M1,BUY,BUY,4120.87,4120.73,4128.71,4116.28,4116.28,4128.71,4128.71,0.01,1.52,7.7,1212.96,97.36,4287.60,[tp 4128.71],558573380.0,True,TP
2026-07-09 21:00:00,2026-07-09 21:00:01,2026-07-09 21:02:00,2026-07-09 21:01:14,M30,M30,BUY,BUY,4122.12,4121.96,4130.31,4111.78,4111.78,4130.31,4130.31,0.01,0.47,8.05,392.45,105.41,4680.05,[tp 4130.31],558574699.0,True,TP
2026-07-09 21:45:00,2026-07-09 21:45:01,2026-07-09 21:50:00,2026-07-09 21:49:15,M1,M1,BUY,BUY,4124.17,4124.19,4121.07,4121.07,4121.07,4130.72,4130.72,0.01,0.43,-3.24,-134.16,92.39,3439.33,[sl 4121.07],558615761.0,True,SL
2026-07-09 21:49:00,2026-07-09 21:49:02,2026-07-09 21:55:00,2026-07-09 21:54:49,M1,M1,SELL,SELL,4121.97,4121.72,4123.5,4123.5,4123.5,4116.21,4116.21,0.01,0.63,-1.67,-112.14,89.11,3182.77,[sl 4123.50],558617212.0,True,SL
2026-07-09 21:50:00,2026-07-09 21:50:02,2026-07-09 22:01:00,2026-07-09 22:00:06,M5,M5,SELL,SELL,4119.6,4119.45,4128.39,4128.39,4128.39,4108.93,4108.93,0.01,0.32,-8.93,-286.08,80.18,2896.69,[sl 4128.39],558618343.0,True,SL
2026-07-09 21:53:00,2026-07-09 21:53:01,2026-07-09 21:54:00,2026-07-09 21:53:34,M1,M1,SELL,SELL,4120.34,4120.07,4121.81,4121.81,4121.81,4115.78,4115.78,0.01,0.83,-1.61,-144.42,90.78,3294.91,[sl 4121.81],558619959.0,True,SL
2026-07-09 21:57:00,2026-07-09 21:57:02,2026-07-09 22:07:00,2026-07-09 22:06:42,M1,M1,SELL,SELL,4123.39,4123.39,4128.79,4128.79,4128.79,4118.03,4118.03,0.01,6.41,-5.54,-3461.4,74.64,-564.71,[sl 4128.79],558622668.0,True,SL
2026-07-09 22:00:00,,2026-07-10 08:40:00,,M15,,BUY,,4127.88,,,4113.6,,4138.65,,0.01,,-14.42,,-82.88,,,,False,SL
,2026-07-09 22:00:02,,2026-07-10 07:24:51,,M15,,BUY,,4128.16,4119.12,,4113.6,,4138.65,,0.21,,-189.84,,-40573.65,[so 1.02%/148.91/14662.49],558625606.0,False,ไม่มี SIM คู่ — backtest ไม่เจอ pattern นี้
2026-07-09 22:06:00,2026-07-09 22:06:36,2026-07-09 22:07:00,2026-07-09 22:06:42,M1,M1,SELL,SELL,4125.89,4127.51,4129.41,4129.41,4129.41,4126.77,4126.77,0.01,6.72,-3.66,-1276.8,70.98,-1841.51,[sl 4129.41],558629827.0,True,SL
2026-07-09 22:23:00,2026-07-09 22:23:02,2026-07-09 22:24:00,2026-07-09 22:23:28,M1,M1,BUY,BUY,4127.91,4128.02,4129.11,4125.54,4125.54,4129.11,4129.11,0.01,1.18,1.06,128.62,72.04,-1712.89,[tp 4129.11],558638360.0,True,TP
2026-07-09 22:38:00,2026-07-09 22:38:02,2026-07-09 22:39:00,2026-07-09 22:38:56,M1,M1,BUY,BUY,4127.02,4126.86,4129.96,4126.13,4126.13,4129.96,4129.96,0.02,0.9,5.6,279.0,77.64,-1433.89,[tp 4129.96],558645690.0,True,TP
2026-07-09 22:39:00,2026-07-09 22:39:01,2026-07-09 22:40:00,2026-07-09 22:39:56,M1,M1,BUY,BUY,4130.06,4129.97,4130.27,4125.81,4125.81,4130.27,4130.27,0.01,0.76,0.07,22.8,77.71,-1411.09,[tp 4130.27],558646199.0,True,TP
2026-07-09 22:45:00,2026-07-09 22:45:11,2026-07-09 22:46:00,2026-07-09 22:45:11,M1,M1,BUY,BUY,4130.4,4130.22,4130.21,4128.19,4128.19,4130.21,4130.21,0.01,6.16,-0.33,-6.16,77.38,-1417.25,[tp 4130.21],558648648.0,True,TP
2026-07-09 22:45:00,2026-07-09 22:45:02,2026-07-09 23:05:00,2026-07-09 23:04:40,M5,M5,BUY,BUY,4130.4,4130.62,4126.1,4126.1,4126.1,4138.07,4138.07,0.01,0.79,-4.44,-357.08,72.18,-2043.73,[sl 4126.10],558648610.0,True,SL
2026-07-09 22:57:00,2026-07-09 22:57:03,2026-07-09 23:02:00,2026-07-09 23:01:34,M1,M1,BUY,BUY,4128.36,4128.36,4129.2,4125.97,4125.97,4129.2,4129.2,0.01,1.35,0.7,113.4,76.62,-1303.85,[tp 4129.20],558654339.0,True,TP
2026-07-09 22:58:00,,2026-07-09 23:00:00,,M1,,BUY,,4127.99,,,4126.67,,4129.07,,0.01,,-1.46,,75.92,,,,False,SL
2026-07-09 23:00:00,2026-07-09 23:00:01,2026-07-09 23:33:00,2026-07-09 23:32:31,M15,M15,SELL,SELL,4126.99,4127.18,4136.94,4136.94,4136.94,4118.16,4118.16,0.01,0.25,-10.09,-244.0,76.26,-2418.27,[sl 4136.94],558654931.0,True,SL
2026-07-09 23:00:00,,2026-07-10 07:32:00,,M30,,SELL,,4126.99,,,4138.63,,4116.72,,0.01,,10.13,,-32.92,,,,False,TP
,2026-07-09 23:00:03,,2026-07-10 07:24:51,,M30,,SELL,,4127.4,4119.25,,4138.63,,4116.72,,0.21,,171.15,,-40341.48,[so 1.01%/148.91/14685.18],558654940.0,False,ไม่มี SIM คู่ — backtest ไม่เจอ pattern นี้
2026-07-09 23:03:00,2026-07-09 23:03:02,2026-07-09 23:05:00,2026-07-09 23:04:12,M1,M1,BUY,BUY,4129.09,4129.01,4127.56,4127.56,4127.56,4129.87,4129.87,0.01,2.64,-1.67,-382.8,70.51,-1686.65,[sl 4127.56],558656052.0,True,SL
2026-07-09 23:10:00,2026-07-09 23:10:01,2026-07-10 01:26:00,2026-07-10 01:25:28,M5,M5,BUY,BUY,4128.99,4129.07,4123.51,4123.51,4123.51,4138.75,4138.75,0.01,0.48,-5.62,-266.88,54.5,-3419.49,[sl 4123.51],558659525.0,True,SL
2026-07-09 23:16:00,2026-07-09 23:16:01,2026-07-10 00:01:00,2026-07-10 00:00:08,M1,M1,BUY,BUY,4132.5,4132.64,4127.84,4127.84,4127.84,4138.68,4138.68,0.01,5.96,-4.8,-2860.8,75.59,-2649.83,[sl 4127.84],558662555.0,True,SL
2026-07-09 23:25:00,2026-07-09 23:25:01,2026-07-10 00:01:00,2026-07-10 00:00:23,M5,M5,BUY,BUY,4130.79,4130.49,4126.99,4126.99,4126.99,4138.91,4138.91,0.01,1.11,-3.94,-388.5,71.65,-3038.33,[sl 4126.99],558666645.0,True,SL
2026-07-09 23:27:00,2026-07-09 23:27:01,2026-07-09 23:28:00,2026-07-09 23:27:57,M1,M1,SELL,SELL,4129.41,4129.43,4130.65,4130.65,4130.65,4127.3,4127.3,0.01,1.07,-1.38,-130.54,69.13,-2174.27,[sl 4130.65],558667086.0,True,SL
2026-07-09 23:30:00,2026-07-09 23:30:01,2026-07-10 02:31:00,2026-07-10 02:30:29,M30,M30,BUY,BUY,4132.89,4132.45,4120.02,4120.02,4120.02,4148.75,4148.75,0.01,0.22,-13.01,-273.46,14.33,-3673.82,[sl 4120.02],558667909.0,True,SL
2026-07-09 23:40:00,2026-07-09 23:40:01,2026-07-10 00:00:00,2026-07-09 23:59:50,M1,M1,SELL,SELL,4132.76,4132.37,4128.49,4138.71,4138.71,4128.49,4128.49,0.01,5.93,4.13,2300.84,80.39,210.97,[tp 4128.49],558673105.0,True,TP
2026-07-09 23:50:00,2026-07-09 23:50:01,2026-07-10 00:01:00,2026-07-10 00:00:48,M1,M1,SELL,SELL,4131.27,4131.39,4126.59,4134.15,4134.15,4126.59,4126.59,0.01,0.32,4.54,153.6,76.19,-2670.30,[tp 4126.59],558676293.0,True,TP
2026-07-09 23:50:00,2026-07-09 23:50:03,2026-07-10 00:48:00,2026-07-10 00:47:28,M5,M5,SELL,SELL,4131.27,4131.32,4136.43,4136.43,4136.43,4124.33,4124.33,0.01,0.24,-5.3,-122.64,68.34,-4287.28,[sl 4136.43],558676299.0,True,SL
2026-07-09 23:57:00,2026-07-09 23:57:01,2026-07-10 00:01:00,2026-07-10 00:00:27,M1,M1,SELL,SELL,4131.98,4132.03,4126.8,4132.99,4132.99,4126.8,4126.8,0.02,0.41,10.08,214.43,86.27,-2823.90,[tp 4126.80],558678351.0,True,TP
2026-07-10 00:04:00,2026-07-10 00:04:01,2026-07-10 00:11:00,2026-07-10 00:10:50,M1,M1,BUY,BUY,4128.2,4128.22,4126.61,4126.61,4126.61,4129.01,4129.01,0.01,2.07,-1.73,-333.27,84.54,-3003.57,[sl 4126.61],558681466.0,True,SL
2026-07-10 00:05:00,2026-07-10 00:05:01,2026-07-10 00:30:00,2026-07-10 00:29:02,M5,M5,SELL,SELL,4128.35,4128.26,4130.73,4130.73,4130.73,4124.68,4124.68,0.01,0.89,-2.52,-219.83,76.73,-4164.64,[sl 4130.73],558681742.0,True,SL
2026-07-10 00:09:00,2026-07-10 00:09:02,2026-07-10 00:12:00,2026-07-10 00:11:35,M1,M1,BUY,BUY,4127.96,4127.91,4126.07,4126.07,4126.07,4128.84,4128.84,0.01,1.38,-2.03,-253.92,82.51,-3257.49,[sl 4126.07],558682480.0,True,SL
2026-07-10 00:10:00,,2026-07-10 00:30:00,,M5,,SELL,,4127.83,,,4130.78,,4124.76,,0.01,,-3.09,,73.64,,,,False,SL
2026-07-10 00:22:00,2026-07-10 00:22:02,2026-07-10 00:25:00,2026-07-10 00:24:00,M1,M1,SELL,SELL,4126.36,4126.27,4128.17,4128.17,4128.17,4125.78,4125.78,0.01,1.6099999999999999,-1.95,-305.9,80.56,-3563.39,[sl 4128.17],558684951.0,True,SL
2026-07-10 00:27:00,2026-07-10 00:27:01,2026-07-10 00:29:00,2026-07-10 00:28:50,M1,M1,SELL,SELL,4127.02,4127.02,4128.19,4128.19,4128.19,4126.33,4126.33,0.01,3.26,-1.31,-381.42,79.25,-3944.81,[sl 4128.19],558685757.0,True,SL
2026-07-10 00:30:00,2026-07-10 00:30:02,2026-07-10 02:26:00,2026-07-10 02:25:56,M15,M15,BUY,BUY,4131.8,4132.16,4121.4,4121.4,4121.4,4138.56,4138.56,0.01,0.23,-10.54,-247.48,27.34,-3960.41,[sl 4121.40],558686599.0,True,SL
2026-07-10 00:42:00,2026-07-10 00:42:02,2026-07-10 01:11:00,2026-07-10 01:10:57,M1,M1,SELL,SELL,4132.89,4133.08,4128.48,4138.73,4138.73,4128.48,4128.48,0.01,4.98,4.27,2290.8,67.3,-1664.02,[tp 4128.48],558689400.0,True,TP
2026-07-10 00:45:00,2026-07-10 00:45:01,2026-07-10 01:16:00,2026-07-10 01:15:20,M5,M5,BUY,BUY,4132.33,4132.35,4127.43,4127.43,4127.43,4138.62,4138.62,0.01,2.03,-5.04,-998.76,62.26,-2662.78,[sl 4127.43],558689731.0,True,SL
2026-07-10 00:51:00,2026-07-10 00:51:01,2026-07-10 00:52:00,2026-07-10 00:52:31,M1,M1,SELL,SELL,4136.82,4136.8,4135.97,4137.85,4137.85,4135.97,4135.97,0.01,4.9,0.71,406.7,69.05,-3880.58,[tp 4135.97],558691353.0,True,TP
2026-07-10 00:53:00,,2026-07-10 00:54:00,,M1,,SELL,,4136.1,,,4139.11,,4137.25,,0.01,,-1.29,,67.76,,,,False,TP
2026-07-10 00:55:00,2026-07-10 00:55:02,2026-07-10 01:03:00,2026-07-10 01:02:13,M5,M5,BUY,BUY,4135.51,4135.48,4133.16,4133.16,4133.16,4142.03,4142.03,0.01,0.32,-2.49,-74.24,65.27,-3954.82,[sl 4133.16],558691958.0,True,SL
2026-07-10 01:09:00,,2026-07-10 01:10:00,,M1,,BUY,,4131.55,,,4127.93,,4129.45,,0.01,,-2.24,,63.03,,,,False,TP
2026-07-10 01:13:00,2026-07-10 01:13:02,2026-07-10 01:18:00,2026-07-10 01:17:23,M1,M1,SELL,SELL,4127.74,4127.68,4126.83,4129.54,4129.54,4126.83,4126.83,0.01,1.48,0.77,125.8,63.03,-2872.60,[tp 4126.83],558696177.0,True,TP
2026-07-10 01:14:00,2026-07-10 01:14:01,2026-07-10 01:18:00,2026-07-10 01:17:06,M1,M1,BUY,BUY,4128.57,4128.85,4126.91,4126.91,4126.91,4129.39,4129.39,0.01,1.73,-1.8,-335.62,61.23,-2998.40,[sl 4126.91],558696306.0,True,SL
2026-07-10 01:18:00,2026-07-10 01:18:01,2026-07-10 01:20:00,2026-07-10 01:19:04,M1,M1,SELL,SELL,4127.35,4127.35,4128.0,4128.0,4128.0,4126.52,4126.52,0.02,6.43,-1.58,-417.95,59.65,-3290.55,[sl 4128.00],558696779.0,True,SL
2026-07-10 01:20:00,2026-07-10 01:20:01,2026-07-10 01:21:00,2026-07-10 01:20:18,M1,M1,SELL,SELL,4127.18,4127.23,4126.57,4128.56,4128.56,4126.57,4126.57,0.01,2.09,0.47,137.94,60.12,-3152.61,[tp 4126.57],558696945.0,True,TP
2026-07-10 01:39:00,2026-07-10 01:39:06,2026-07-10 01:40:00,2026-07-10 01:39:50,M1,M1,SELL,SELL,4122.04,4121.98,4122.81,4122.81,4122.81,4117.24,4117.24,0.01,0.38,-0.91,-31.54,53.59,-3451.03,[sl 4122.81],558702543.0,True,SL
2026-07-10 01:44:00,2026-07-10 01:44:01,2026-07-10 01:49:00,2026-07-10 01:48:05,M1,M1,BUY,BUY,4124.79,4124.76,4123.9,4123.9,4123.9,4129.52,4129.52,0.01,0.38,-1.03,-32.68,52.56,-3483.71,[sl 4123.90],558703395.0,True,SL
2026-07-10 01:45:00,2026-07-10 01:45:02,2026-07-10 02:31:00,2026-07-10 02:30:29,M15,M15,SELL,SELL,4125.44,4125.38,4120.51,4128.86,4128.86,4120.51,4120.51,0.01,1.15,4.79,560.05,19.12,-3400.36,[tp 4120.51],558703674.0,True,TP
2026-07-10 01:50:00,,2026-07-10 01:51:00,,M1,,SELL,,4124.42,,,4128.9,,4127.62,,0.01,,-3.34,,49.22,,,,False,TP
2026-07-10 01:50:00,2026-07-10 01:50:01,2026-07-10 02:25:00,2026-07-10 02:24:43,M5,M5,BUY,BUY,4124.56,4124.57,4122.06,4122.06,4122.06,4131.66,4131.66,0.01,0.26,-2.64,-65.26,37.88,-3712.93,[sl 4122.06],558704673.0,True,SL
2026-07-10 01:51:00,,2026-07-10 07:28:00,,M1,,SELL,,4123.73,,,4128.27,,4118.66,,0.01,,4.93,,-11.0,,,,False,TP
,2026-07-10 01:51:01,,2026-07-10 07:24:51,,M1,,SELL,,4123.76,4119.25,,4128.27,,4118.66,,8.0,,3608.0,,-28897.51,[so 1.48%/148.91/10055.27],558704768.0,False,ไม่มี SIM คู่ — backtest ไม่เจอ pattern นี้
2026-07-10 01:58:00,2026-07-10 01:58:01,2026-07-10 02:04:00,2026-07-10 02:03:49,M1,M1,BUY,BUY,4124.85,4124.82,4124.08,4124.08,4124.08,4129.42,4129.42,0.01,0.39,-0.91,-28.86,48.31,-3512.57,[sl 4124.08],558705627.0,True,SL
2026-07-10 02:00:00,,2026-07-10 07:29:00,,M30,,SELL,,4124.44,,,4130.79,,4118.11,,0.01,,6.19,,-24.97,,,,False,TP
2026-07-10 02:00:00,,2026-07-10 15:28:00,,H4,,BUY,,4124.58,,,4103.5,,4154.28,,0.01,,-21.22,,-127.5,,,,False,SL
,2026-07-10 02:00:01,,2026-07-10 07:24:51,,M30,,SELL,,4124.45,4119.25,,4130.79,,4118.11,,0.78,,405.6,,-39935.88,[so 1.02%/148.91/14641.89],558705773.0,False,ไม่มี SIM คู่ — backtest ไม่เจอ pattern นี้
,2026-07-10 02:00:02,,2026-07-10 07:24:51,,H4,,BUY,,4124.52,4119.12,,4103.5,,4154.29,,0.11,,-59.4,,-40633.05,[so 1.01%/148.91/14705.78],558705777.0,False,ไม่มี SIM คู่ — backtest ไม่เจอ pattern นี้
2026-07-10 02:01:00,2026-07-10 02:01:01,2026-07-10 02:04:00,2026-07-10 02:03:54,M1,M1,BUY,BUY,4126.16,4125.98,4123.82,4123.82,4123.82,4129.37,4129.37,0.01,0.37,-2.48,-79.92,45.83,-3592.49,[sl 4123.82],558706092.0,True,SL
2026-07-10 02:05:00,2026-07-10 02:05:02,2026-07-10 02:23:00,2026-07-10 02:22:14,M1,M1,BUY,BUY,4124.72,4124.72,4122.94,4122.94,4122.94,4129.35,4129.35,0.01,0.31,-1.92,-55.18,40.52,-3647.67,[sl 4122.94],558706842.0,True,SL
2026-07-10 02:11:00,,2026-07-10 02:12:00,,M1,,SELL,,4123.73,,,4128.27,,4126.98,,0.01,,-3.39,,42.44,,,,False,TP
2026-07-10 02:17:00,,2026-07-10 07:28:00,,M1,,SELL,,4124.11,,,4128.93,,4118.69,,0.01,,5.28,,-5.72,,,,False,TP
,2026-07-10 02:17:02,,2026-07-10 07:24:51,,M1,,SELL,,4124.12,4119.25,,4128.93,,4118.69,,7.89,,3842.43,,-21235.39,[so 2.34%/148.91/6371.04],558707903.0,False,ไม่มี SIM คู่ — backtest ไม่เจอ pattern นี้
2026-07-10 02:30:00,,2026-07-10 10:07:00,,M30,,SELL,,4120.99,,,4132.08,,4108.31,,0.01,,-11.23,,-109.9,,,,False,SL
2026-07-10 02:40:00,2026-07-10 02:40:01,2026-07-10 02:41:00,2026-07-10 02:40:19,M1,M1,SELL,SELL,4120.69,4120.76,4121.19,4121.19,4121.19,4117.93,4117.93,0.01,0.73,-0.64,-31.39,18.48,-3705.21,[sl 4121.19],558710777.0,True,SL
2026-07-10 02:44:00,2026-07-10 02:44:01,2026-07-10 02:45:00,2026-07-10 02:44:08,M1,M1,SELL,SELL,4120.06,4120.06,4120.61,4120.61,4120.61,4117.62,4117.62,0.01,0.82,-0.69,-45.1,17.79,-3750.31,[sl 4120.61],558711609.0,True,SL
2026-07-10 02:48:00,,2026-07-10 02:49:00,,M1,,BUY,,4120.95,,,4118.27,,4119.38,,0.01,,-1.71,,16.08,,,,False,TP
2026-07-10 02:53:00,,2026-07-10 07:29:00,,M1,,BUY,,4122.8,,,4118.15,,4128.04,,0.01,,-4.79,,-29.76,,,,False,SL
,2026-07-10 02:53:01,,2026-07-10 07:24:51,,M1,,BUY,,4122.6,4119.12,,4118.15,,4128.04,,8.13,,-2829.24,,-32914.40,[so 1.64%/148.91/9089.84],558713055.0,False,ไม่มี SIM คู่ — backtest ไม่เจอ pattern นี้
2026-07-10 02:55:00,2026-07-10 02:55:01,2026-07-10 02:56:00,2026-07-10 02:55:06,M5,M5,BUY,BUY,4121.83,4120.92,4121.06,4117.92,4117.92,4121.06,4121.06,0.01,3.13,-0.91,43.82,15.17,-3706.49,[tp 4121.06],558713314.0,True,TP
2026-07-10 03:00:00,,2026-07-10 07:28:00,,M5,,BUY,,4122.62,,,4118.19,,4128.18,,0.01,,-4.57,,-10.29,,,,False,SL
,2026-07-10 03:00:01,,2026-07-10 07:24:51,,M5,,BUY,,4122.88,4119.12,,4118.19,,4128.18,,3.21,,-1206.96,,-37713.24,[so 1.16%/148.91/12848.23],558714105.0,False,ไม่มี SIM คู่ — backtest ไม่เจอ pattern นี้
2026-07-10 03:15:00,,2026-07-10 07:29:00,,M15,,BUY,,4121.57,,,4117.58,,4128.47,,0.01,,-4.13,,-33.89,,,,False,SL
,2026-07-10 03:15:01,,2026-07-10 07:24:51,,M15,,BUY,,4121.81,4119.12,,4117.58,,4128.47,,1.42,,-381.98,,-40383.81,[so 1.04%/148.91/14369.73],558715475.0,False,ไม่มี SIM คู่ — backtest ไม่เจอ pattern นี้
2026-07-10 03:23:00,,2026-07-10 03:24:00,,M1,,BUY,,4122.21,,,4118.84,,4119.61,,0.01,,-2.74,,12.43,,,,False,TP
2026-07-10 03:25:00,2026-07-10 03:25:11,2026-07-10 03:26:00,2026-07-10 03:25:40,M1,M1,SELL,SELL,4121.85,4121.85,4122.13,4122.13,4122.13,4118.38,4118.38,0.01,0.52,-0.42,-14.56,12.01,-3721.05,[sl 4122.13],558715715.0,True,SL
2026-07-10 03:32:00,2026-07-10 03:32:02,2026-07-10 03:34:00,2026-07-10 03:33:28,M1,M1,SELL,SELL,4120.86,4120.88,4121.72,4121.72,4121.72,4117.5,4117.5,0.01,0.45,-1.0,-37.8,11.01,-3758.85,[sl 4121.72],558716023.0,True,SL
2026-07-10 03:43:00,,2026-07-10 03:44:00,,M1,,SELL,,4124.27,,,4128.57,,4127.77,,0.01,,-3.64,,7.37,,,,False,TP
2026-07-10 03:45:00,2026-07-10 03:45:01,2026-07-10 05:10:00,2026-07-10 05:09:52,M5,M5,BUY,BUY,4124.65,4124.43,4122.6,4122.6,4122.6,4130.23,4130.23,0.01,0.29,-2.19,-53.07,5.18,-3830.83,[sl 4122.60],558716781.0,True,SL
2026-07-10 03:51:00,,2026-07-10 07:26:00,,M1,,SELL,,4123.34,,,4128.72,,4118.85,,0.01,,4.35,,-20.55,,,,False,TP
,2026-07-10 03:51:02,,2026-07-10 07:24:51,,M1,,SELL,,4123.22,4119.25,,4128.72,,4118.85,,13.54,,5375.38,,-11731.09,[so 5.33%/148.91/2791.72],558716941.0,False,ไม่มี SIM คู่ — backtest ไม่เจอ pattern นี้
2026-07-10 03:54:00,2026-07-10 03:54:01,2026-07-10 05:10:00,2026-07-10 05:09:23,M1,M1,BUY,BUY,4123.8,4123.79,4123.18,4123.18,4123.18,4128.98,4128.98,0.01,0.31,-0.76,-18.91,4.42,-3777.76,[sl 4123.18],558716992.0,True,SL
2026-07-10 03:55:00,,2026-07-10 07:26:00,,M5,,SELL,,4123.65,,,4128.71,,4118.89,,0.01,,4.62,,-15.93,,,,False,TP
,2026-07-10 03:55:01,,2026-07-10 07:24:51,,M5,,SELL,,4123.37,4119.25,,4128.71,,4118.89,,4.16,,1713.92,,-35182.34,[so 1.19%/148.91/12494.06],558717077.0,False,ไม่มี SIM คู่ — backtest ไม่เจอ pattern นี้
2026-07-10 05:00:00,,2026-07-10 07:29:00,,M15,,BUY,,4124.57,,,4117.94,,4127.84,,0.01,,-6.77,,-40.66,,,,False,SL
,2026-07-10 05:02:23,,2026-07-10 07:24:51,,M15,,BUY,,4126.0,4119.12,,4117.94,,4127.84,,1.58,,-1087.04,,-38800.28,[so 1.10%/148.91/13510.02],558717603.0,False,ไม่มี SIM คู่ — backtest ไม่เจอ pattern นี้
2026-07-10 05:10:00,,2026-07-10 07:28:00,,M5,,SELL,,4122.74,,,4129.08,,4118.78,,0.01,,3.82,,-6.47,,,,False,TP
,2026-07-10 05:10:07,,2026-07-10 07:24:51,,M5,,SELL,,4122.91,4119.25,,4129.08,,4118.78,,3.66,,1339.56,,-36896.26,[so 1.12%/148.91/13248.56],558718205.0,False,ไม่มี SIM คู่ — backtest ไม่เจอ pattern นี้
2026-07-10 05:13:00,,2026-07-10 07:29:00,,M1,,SELL,,4122.74,,,4128.33,,4118.11,,0.01,,4.49,,-36.17,,,,False,TP
,2026-07-10 05:13:01,,2026-07-10 07:24:51,,M1,,SELL,,4122.74,4119.25,,4128.33,,4118.11,,7.67,,2676.83,,-32505.51,[so 1.28%/148.91/11636.34],558718358.0,False,ไม่มี SIM คู่ — backtest ไม่เจอ pattern นี้
2026-07-10 05:25:00,2026-07-10 05:25:02,2026-07-10 05:51:00,2026-07-10 05:50:24,M5,M5,BUY,BUY,4123.91,4123.82,4121.61,4121.61,4121.61,4130.36,4130.36,0.01,0.24,-2.44,-53.04,0.15,-3883.87,[sl 4121.61],558719077.0,True,SL
2026-07-10 05:30:00,,2026-07-10 07:32:00,,M30,,BUY,,4123.41,,,4116.89,,4128.15,,0.01,,-6.66,,-39.58,,,,False,SL
,2026-07-10 05:30:01,,2026-07-10 07:24:51,,M30,,BUY,,4123.37,4119.12,,4116.89,,4128.15,,0.91,,-386.75,,-40001.83,[so 1.05%/148.91/14182.12],558719389.0,False,ไม่มี SIM คู่ — backtest ไม่เจอ pattern นี้
2026-07-10 05:33:00,,2026-07-10 07:28:00,,M1,,BUY,,4123.31,,,4118.73,,4128.32,,0.01,,-4.72,,-11.19,,,,False,SL
,2026-07-10 05:33:02,,2026-07-10 07:24:51,,M1,,BUY,,4123.32,4119.12,,4118.73,,4128.32,,9.47,,-3977.4,,-22900.53,[so 4.45%/148.91/3348.13],558719422.0,False,ไม่มี SIM คู่ — backtest ไม่เจอ pattern นี้
2026-07-10 05:34:00,,2026-07-10 05:49:00,,M1,,BUY,,4123.68,,,4121.99,,4128.92,,0.01,,-1.83,,2.59,,,,False,SL
2026-07-10 05:43:00,,2026-07-10 07:28:00,,M1,,BUY,,4123.23,,,4118.73,,4128.11,,0.01,,-4.64,,-15.83,,,,False,SL
,2026-07-10 05:43:12,,2026-07-10 07:24:51,,M1,,BUY,,4123.25,4119.12,,4118.73,,4128.11,,8.47,,-3498.11,,-30085.16,[so 2.03%/148.91/7343.61],558719912.0,False,ไม่มี SIM คู่ — backtest ไม่เจอ pattern นี้
2026-07-10 05:45:00,,2026-07-10 07:29:00,,M15,,BUY,,4123.84,,,4117.8,,4128.85,,0.01,,-6.18,,-42.35,,,,False,SL
,2026-07-10 05:45:02,,2026-07-10 07:24:51,,M15,,BUY,,4123.97,4119.12,,4117.8,,4128.85,,1.6800000000000002,,-814.8,,-39615.08,[so 1.08%/148.91/13835.77],558719977.0,False,ไม่มี SIM คู่ — backtest ไม่เจอ pattern นี้
2026-07-10 05:47:00,,2026-07-10 07:28:00,,M1,,SELL,,4123.59,,,4129.03,,4118.61,,0.01,,4.84,,-10.99,,,,False,TP
,2026-07-10 05:47:01,,2026-07-10 07:24:51,,M1,,SELL,,4123.61,4119.25,,4129.03,,4118.61,,9.47,,4128.92,,-17106.47,[so 3.14%/148.91/4744.25],558720207.0,False,ไม่มี SIM คู่ — backtest ไม่เจอ pattern นี้
2026-07-10 05:55:00,,2026-07-10 07:28:00,,M1,,BUY,,4123.13,,,4118.68,,4128.04,,0.01,,-4.59,,-15.58,,,,False,SL
,2026-07-10 05:55:01,,2026-07-10 07:24:51,,M1,,BUY,,4123.18,4119.12,,4118.68,,4128.04,,10.0,,-4060.0,,-18923.13,[so 11.58%/148.91/1286.47],558720886.0,False,ไม่มี SIM คู่ — backtest ไม่เจอ pattern นี้
2026-07-10 05:59:00,,2026-07-10 06:00:00,,M1,,BUY,,4122.66,,,4118.2,,4119.12,,0.01,,-3.68,,-3.53,,,,False,TP
2026-07-10 06:00:00,,2026-07-10 10:09:00,,H1,,SELL,,4121.83,,,4134.54,,4108.3,,0.01,,-12.85,,-124.1,,,,False,SL
2026-07-10 06:00:00,2026-07-10 06:00:02,2026-07-10 06:21:00,2026-07-10 06:20:44,M5,M5,SELL,SELL,4121.83,4122.05,4124.66,4124.66,4124.66,4116.58,4116.58,0.01,0.26,-2.97,-67.86,-11.13,-3951.73,[sl 4124.66],558721095.0,True,SL
,2026-07-10 06:00:04,,2026-07-10 07:24:51,,H1,,SELL,,4122.03,4119.25,,4134.54,,4108.3,,0.25,,69.5,,-40512.63,[so 1.01%/148.91/14736.71],558721106.0,False,ไม่มี SIM คู่ — backtest ไม่เจอ pattern นี้
2026-07-10 06:06:00,,2026-07-10 07:28:00,,M1,,BUY,,4123.22,,,4118.64,,4128.61,,0.01,,-4.72,,-20.3,,,,False,SL
,2026-07-10 06:06:01,,2026-07-10 07:20:47,,M1,,BUY,,4123.28,4119.93,,4118.64,,4128.61,,10.0,,-3350.0,,-10760.39,[so 15.83%/446.18/2818.32],558721844.0,False,ไม่มี SIM คู่ — backtest ไม่เจอ pattern นี้
2026-07-10 06:12:00,,2026-07-10 06:13:00,,M1,,SELL,,4123.64,,,4129.04,,4128.13,,0.01,,-4.63,,-8.16,,,,False,TP
2026-07-10 06:25:00,,2026-07-10 07:29:00,,M5,,SELL,,4122.39,,,4129.01,,4118.0,,0.01,,4.25,,-38.1,,,,False,TP
,2026-07-10 06:25:02,,2026-07-10 07:24:51,,M5,,SELL,,4121.99,4119.25,,4129.01,,4118.0,,4.17,,1142.58,,-38235.82,[so 1.06%/148.91/14107.99],558723313.0,False,ไม่มี SIM คู่ — backtest ไม่เจอ pattern นี้
2026-07-10 06:27:00,,2026-07-10 07:28:00,,M1,,BUY,,4123.27,,,4118.26,,4128.55,,0.01,,-5.15,,-25.45,,,,False,SL
,2026-07-10 06:27:01,,2026-07-10 07:24:51,,M1,,BUY,,4123.26,4119.12,,4118.26,,4128.55,,9.91,,-4102.74,,-14863.13,[so 19.68%/148.91/756.64],558723669.0,False,ไม่มี SIM คู่ — backtest ไม่เจอ pattern นี้
2026-07-10 06:34:00,,2026-07-10 06:35:00,,M1,,BUY,,4122.22,,,4118.67,,4119.69,,0.01,,-2.67,,-13.8,,,,False,TP
2026-07-10 06:41:00,,2026-07-10 07:28:00,,M1,,BUY,,4122.87,,,4118.34,,4128.33,,0.01,,-4.67,,-30.12,,,,False,SL
,2026-07-10 06:41:02,,2026-07-10 07:24:51,,M1,,BUY,,4122.84,4119.12,,4118.34,,4128.33,,9.91,,-3686.52,,-26587.05,[so 2.81%/148.91/5300.51],558724572.0,False,ไม่มี SIM คู่ — backtest ไม่เจอ pattern นี้
2026-07-10 06:45:00,,2026-07-10 07:28:00,,M5,,BUY,,4122.99,,,4118.21,,4128.51,,0.01,,-4.92,,-39.57,,,,False,SL
2026-07-10 06:45:00,,2026-07-10 07:28:00,,M1,,BUY,,4122.99,,,4118.6,,4128.59,,0.01,,-4.53,,-34.65,,,,False,SL
,2026-07-10 06:45:01,,2026-07-10 07:20:38,,M1,,BUY,,4122.96,4120.02,,4118.6,,4128.59,,11.33,,-3331.02,,-7410.39,[so 11.04%/569.21/5154.14],558725408.0,False,ไม่มี SIM คู่ — backtest ไม่เจอ pattern นี้
,2026-07-10 06:45:46,,2026-07-10 07:24:51,,M5,,BUY,,4122.93,4119.12,,4118.21,,4128.51,,4.53,,-1725.93,,-36506.28,[so 1.25%/148.91/11914.30],558725468.0,False,ไม่มี SIM คู่ — backtest ไม่เจอ pattern นี้
2026-07-10 06:49:00,2026-07-10 06:49:01,2026-07-10 06:54:00,2026-07-10 06:53:12,M1,M1,BUY,BUY,4124.15,4124.14,4123.01,4123.01,4123.01,4129.54,4129.54,0.01,0.28,-1.28,-31.64,-15.08,-3983.37,[sl 4123.01],558725881.0,True,SL
2026-07-10 06:50:00,,2026-07-10 07:01:00,,M5,,BUY,,4124.28,,,4120.75,,4129.94,,0.01,,-3.67,,-18.75,,,,False,SL
2026-07-10 06:55:00,,2026-07-10 07:28:00,,M1,,SELL,,4123.1,,,4128.71,,4118.53,,0.01,,4.43,,-35.14,,,,False,TP
,2026-07-10 06:55:01,,2026-07-10 07:24:51,,M1,,SELL,,4123.12,4119.25,,4128.71,,4118.53,,9.87,,3819.69,,-25077.82,[so 1.77%/148.91/8405.80],558726612.0,False,ไม่มี SIM คู่ — backtest ไม่เจอ pattern นี้
2026-07-10 07:01:00,2026-07-10 07:01:02,2026-07-10 07:05:00,2026-07-10 07:04:02,M1,M1,SELL,SELL,4120.8,4120.78,4124.78,4124.78,4124.78,4117.22,4117.22,0.01,0.24,-4.12,-96.0,-22.87,-4079.37,[sl 4124.78],558727838.0,True,SL
2026-07-10 07:13:00,,2026-07-10 07:29:00,,M1,,BUY,,4122.67,,,4117.86,,4128.23,,0.01,,-4.95,,-43.05,,,,False,SL
,2026-07-10 07:13:01,,2026-07-10 07:24:51,,M1,,BUY,,4122.47,4119.12,,4117.86,,4128.23,,5.57,,-1865.95,,-34780.35,[so 1.38%/148.91/10765.96],558731565.0,False,ไม่มี SIM คู่ — backtest ไม่เจอ pattern นี้
2026-07-10 07:15:00,,2026-07-10 07:28:00,,M15,,SELL,,4122.32,,,4129.29,,4118.2,,0.01,,3.98,,-31.16,,,,False,TP
,2026-07-10 07:15:02,,2026-07-10 07:24:51,,M15,,SELL,,4122.33,4119.25,,4129.29,,4118.2,,1.81,,557.48,,-39378.40,[so 1.03%/148.91/14481.06],558731808.0,False,ไม่มี SIM คู่ — backtest ไม่เจอ pattern นี้
2026-07-10 07:23:00,,2026-07-10 07:24:00,,M1,,BUY,,4121.6,,,4117.96,,4119.71,,0.01,,-2.03,,-24.9,,,,False,TP
2026-07-10 07:30:00,2026-07-10 07:30:01,2026-07-10 08:01:00,2026-07-10 08:00:25,M30,M30,SELL,SELL,4119.57,4119.64,4129.67,4129.67,4129.67,4108.75,4108.75,0.01,0.01,-10.24,-10.03,-51.44,-11742.43,[sl 4129.67],558735344.0,True,SL
2026-07-10 07:35:00,2026-07-10 07:35:16,2026-07-10 07:36:00,2026-07-10 07:35:21,M1,M1,SELL,SELL,4115.84,4117.67,4117.32,4119.23,4119.23,4117.32,4117.32,0.01,0.09,-1.62,3.15,-41.2,-11727.94,[tp 4117.32],558737003.0,True,TP
2026-07-10 08:00:00,2026-07-10 08:00:01,2026-07-10 08:01:00,2026-07-10 08:00:24,M1,M1,SELL,SELL,4126.39,4126.95,4129.18,4129.18,4129.18,4125.41,4125.41,0.01,0.02,-2.93,-4.46,-54.37,-11732.40,[sl 4129.18],558744539.0,True,SL
2026-07-10 08:00:00,2026-07-10 08:00:03,2026-07-10 08:40:00,2026-07-10 08:39:37,M30,M30,BUY,BUY,4126.53,4127.07,4110.24,4110.24,4110.24,4137.65,4137.65,0.01,0.01,-16.43,-16.83,-99.31,-11791.11,[sl 4110.24],558744560.0,True,SL
2026-07-10 08:06:00,2026-07-10 08:06:01,2026-07-10 08:10:00,2026-07-10 08:09:00,M1,M1,SELL,SELL,4120.08,4120.14,4124.09,4124.09,4124.09,4115.76,4115.76,0.01,0.01,-4.15,-3.95,-58.52,-11746.38,[sl 4124.09],558747648.0,True,SL
2026-07-10 08:14:00,2026-07-10 08:14:01,2026-07-10 08:22:00,2026-07-10 08:21:55,M1,M1,BUY,BUY,4125.02,4124.87,4123.15,4123.15,4123.15,4130.85,4130.85,0.01,0.01,-2.01,-1.72,-61.94,-11749.32,[sl 4123.15],558750513.0,True,SL
2026-07-10 08:15:00,2026-07-10 08:15:27,2026-07-10 08:16:00,2026-07-10 08:15:34,M1,M1,SELL,SELL,4125.06,4126.46,4126.33,4129.23,4129.23,4126.33,4126.33,0.01,0.06,-1.41,0.78,-59.93,-11745.60,[tp 4126.33],558751036.0,True,TP
2026-07-10 08:20:00,2026-07-10 08:20:01,2026-07-10 08:22:00,2026-07-10 08:21:28,M1,M1,BUY,BUY,4126.31,4126.25,4124.25,4124.25,4124.25,4130.43,4130.43,0.01,0.01,-2.2,-2.0,-64.14,-11747.60,[sl 4124.25],558753068.0,True,SL
2026-07-10 08:28:00,2026-07-10 08:28:02,2026-07-10 08:39:00,2026-07-10 08:38:41,M1,M1,BUY,BUY,4121.96,4121.94,4117.78,4117.78,4117.78,4128.11,4128.11,0.01,0.06,-4.32,-24.96,-68.46,-11774.28,[sl 4117.78],558755720.0,True,SL
2026-07-10 08:47:00,2026-07-10 08:47:01,2026-07-10 08:48:00,2026-07-10 08:47:12,M1,M1,SELL,SELL,4110.82,4110.73,4112.14,4112.14,4112.14,4106.16,4106.16,0.01,0.01,-1.46,-1.41,-100.77,-11792.52,[sl 4112.14],558764342.0,True,SL
2026-07-10 08:50:00,2026-07-10 08:50:04,2026-07-10 08:57:00,2026-07-10 08:56:55,M5,M5,BUY,BUY,4113.4,4113.06,4118.18,4106.4,4106.4,4118.18,4118.18,0.01,0.01,4.64,5.12,-101.49,-11787.40,[tp 4118.18],558766143.0,True,TP
2026-07-10 08:50:00,2026-07-10 08:50:01,2026-07-10 08:57:00,2026-07-10 08:56:55,M1,M1,SELL,SELL,4113.26,4113.2,4118.48,4118.48,4118.48,4108.68,4108.68,0.01,0.04,-5.36,-21.12,-106.13,-11808.52,[sl 4118.48],558766108.0,True,SL
2026-07-10 09:00:00,,2026-07-10 12:48:00,,H1,,SELL,,4116.86,,,4138.16,,4108.39,,0.01,,8.33,,-113.51,,,,False,TP
,2026-07-10 09:00:01,,2026-07-10 14:43:57,,H1,,SELL,,4117.24,4108.39,,4138.16,,4108.39,,0.01,,8.85,,-11802.73,[tp 4108.39],558770561.0,False,ไม่มี SIM คู่ — backtest ไม่เจอ pattern นี้
2026-07-10 09:01:00,2026-07-10 09:01:01,2026-07-10 09:05:00,2026-07-10 09:04:18,M1,M1,SELL,SELL,4116.97,4117.01,4118.54,4118.54,4118.54,4115.63,4115.63,0.01,0.02,-1.71,-3.06,-103.2,-11811.58,[sl 4118.54],558771015.0,True,SL
2026-07-10 09:15:00,,2026-07-10 09:32:00,,M5,,BUY,,4124.99,,,4117.31,,4128.28,,0.01,,3.15,,-100.05,,,,False,TP
2026-07-10 09:30:00,,2026-07-10 09:32:00,,M5,,SELL,,4125.9,,,4128.7,,4122.2,,0.01,,-2.94,,-102.99,,,,False,SL
2026-07-10 09:48:00,,2026-07-10 10:01:00,,M1,,BUY,,4125.85,,,4122.63,,4130.31,,0.01,,4.32,,-98.67,,,,False,TP
2026-07-10 10:00:00,,2026-07-10 20:28:00,,H4,,BUY,,4127.93,,,4092.23,,4158.9,,0.01,,-35.84,,-221.45,,,,False,SL
2026-07-10 10:04:00,,2026-07-10 10:07:00,,M1,,SELL,,4129.64,,,4130.85,,4126.91,,0.01,,-1.35,,-111.25,,,,False,SL
2026-07-10 10:17:00,,2026-07-10 10:21:00,,M1,,BUY,,4127.38,,,4125.05,,4130.25,,0.01,,-2.47,,-126.57,,,,False,SL
2026-07-10 10:32:00,,2026-07-10 11:01:00,,M1,,SELL,,4124.08,,,4129.13,,4118.58,,0.01,,5.36,,-121.21,,,,False,TP
2026-07-10 10:46:00,,2026-07-10 11:01:00,,M1,,BUY,,4122.41,,,4118.5,,4128.97,,0.01,,-4.05,,-125.26,,,,False,SL
2026-07-10 10:47:00,,2026-07-10 11:11:00,,M1,,SELL,,4120.8,,,4123.07,,4117.0,,0.01,,3.66,,-122.46,,,,False,TP
2026-07-10 11:02:00,,2026-07-10 11:04:00,,M1,,SELL,,4118.67,,,4119.78,,4116.87,,0.01,,-1.25,,-126.51,,,,False,SL
2026-07-10 11:04:00,,2026-07-10 11:06:00,,M1,,BUY,,4119.35,,,4118.17,,4119.88,,0.01,,0.39,,-126.12,,,,False,TP
2026-07-10 11:11:00,,2026-07-10 11:12:00,,M1,,SELL,,4118.04,,,4118.85,,4117.47,,0.01,,-0.95,,-123.41,,,,False,SL
2026-07-10 11:15:00,,2026-07-10 11:21:00,,M1,,BUY,,4121.12,,,4117.9,,4128.02,,0.01,,-3.36,,-126.77,,,,False,SL
2026-07-10 11:15:00,,2026-07-10 11:23:00,,M5,,BUY,,4121.12,,,4114.91,,4128.03,,0.01,,-6.35,,-133.12,,,,False,SL
2026-07-10 11:26:00,,2026-07-10 11:39:00,,M1,,BUY,,4113.8,,,4112.26,,4119.55,,0.01,,5.61,,-127.51,,,,False,TP
2026-07-10 11:30:00,,2026-07-10 12:31:00,,M15,,SELL,,4117.51,,,4124.49,,4111.23,,0.01,,6.14,,-123.69,,,,False,TP
2026-07-10 11:43:00,,2026-07-10 11:44:00,,M1,,SELL,,4118.5,,,4119.17,,4117.63,,0.01,,-0.81,,-128.32,,,,False,SL
2026-07-10 11:45:00,,2026-07-10 11:46:00,,M1,,BUY,,4119.26,,,4118.27,,4119.82,,0.01,,-1.13,,-129.45,,,,False,SL
2026-07-10 11:45:00,,2026-07-10 12:31:00,,M15,,SELL,,4119.12,,,4122.9,,4112.06,,0.01,,6.92,,-116.77,,,,False,TP
2026-07-10 11:49:00,,2026-07-10 11:50:00,,M1,,BUY,,4118.31,,,4117.61,,4118.93,,0.01,,-0.84,,-130.29,,,,False,SL
2026-07-10 11:55:00,,2026-07-10 11:58:00,,M5,,SELL,,4117.31,,,4119.16,,4114.99,,0.01,,2.18,,-128.11,,,,False,TP
2026-07-10 11:57:00,,2026-07-10 11:58:00,,M1,,SELL,,4115.97,,,4118.94,,4117.55,,0.01,,-1.72,,-129.83,,,,False,TP
2026-07-10 12:00:00,,2026-07-10 12:48:00,,M5,,SELL,,4115.13,,,4119.52,,4108.43,,0.01,,6.56,,-106.95,,,,False,TP
2026-07-10 12:09:00,,2026-07-10 13:01:00,,M1,,SELL,,4114.07,,,4118.31,,4108.09,,0.01,,-4.38,,-115.36,,,,False,SL
2026-07-10 12:12:00,,2026-07-10 12:48:00,,M1,,SELL,,4113.62,,,4118.36,,4108.71,,0.01,,4.77,,-102.18,,,,False,TP
2026-07-10 12:30:00,,2026-07-10 12:31:00,,M1,,BUY,,4114.12,,,4113.53,,4120.12,,0.01,,-0.73,,-117.5,,,,False,SL
2026-07-10 12:34:00,,2026-07-10 12:48:00,,M1,,BUY,,4113.68,,,4108.53,,4118.01,,0.01,,-5.29,,-107.47,,,,False,SL
2026-07-10 12:39:00,,2026-07-10 12:43:00,,M1,,SELL,,4110.54,,,4111.79,,4106.47,,0.01,,-1.39,,-118.89,,,,False,SL
2026-07-10 12:40:00,,2026-07-10 12:44:00,,M1,,SELL,,4109.22,,,4112.03,,4107.16,,0.01,,-2.95,,-121.84,,,,False,SL
2026-07-10 12:41:00,,2026-07-10 13:01:00,,M1,,BUY,,4111.48,,,4108.13,,4118.8,,0.01,,7.18,,-108.18,,,,False,TP
2026-07-10 12:42:00,,2026-07-10 13:01:00,,M1,,BUY,,4111.26,,,4108.02,,4118.11,,0.01,,6.71,,-101.47,,,,False,TP
2026-07-10 12:43:00,,2026-07-10 12:48:00,,M1,,BUY,,4111.82,,,4108.45,,4118.2,,0.01,,-3.51,,-110.98,,,,False,SL
2026-07-10 13:00:00,,2026-07-10 14:48:00,,H1,,SELL,,4116.86,,,4123.95,,4104.95,,0.01,,11.77,,-102.85,,,,False,TP
2026-07-10 13:00:00,,2026-07-10 15:28:00,,M30,,BUY,,4117.0,,,4103.93,,4127.7,,0.01,,-13.21,,-140.71,,,,False,SL
2026-07-10 13:04:00,,2026-07-10 13:06:00,,M1,,BUY,,4118.14,,,4115.22,,4118.85,,0.01,,0.57,,-100.9,,,,False,TP
2026-07-10 13:20:00,,2026-07-10 13:44:00,,M5,,BUY,,4120.01,,,4111.97,,4128.0,,0.01,,-8.18,,-111.21,,,,False,SL
2026-07-10 13:24:00,,2026-07-10 13:29:00,,M1,,BUY,,4117.6,,,4115.61,,4120.6,,0.01,,-2.13,,-103.03,,,,False,SL
2026-07-10 13:35:00,,2026-07-10 14:44:00,,M1,,BUY,,4113.97,,,4108.55,,4118.95,,0.01,,-5.56,,-125.76,,,,False,SL
2026-07-10 13:47:00,,2026-07-10 13:48:00,,M1,,BUY,,4112.35,,,4108.29,,4110.1,,0.01,,-2.39,,-113.6,,,,False,TP
2026-07-10 13:48:00,,2026-07-10 14:01:00,,M1,,BUY,,4114.09,,,4110.98,,4119.64,,0.01,,-3.25,,-120.2,,,,False,SL
2026-07-10 13:55:00,,2026-07-10 13:56:00,,M1,,SELL,,4113.64,,,4118.5,,4116.85,,0.01,,-3.35,,-116.95,,,,False,TP
2026-07-10 14:00:00,,2026-07-10 15:49:00,,H1,,SELL,,4111.7,,,4126.66,,4097.99,,0.01,,13.57,,-129.21,,,,False,TP
2026-07-10 14:00:00,,2026-07-10 21:34:00,,H4,,SELL,,4111.7,,,4151.13,,4078.06,,0.01,,33.5,,-197.58,,,,False,TP
2026-07-10 14:10:00,,2026-07-10 14:44:00,,M5,,SELL,,4111.32,,,4118.71,,4108.19,,0.01,,2.99,,-122.77,,,,False,TP
2026-07-10 14:20:00,,2026-07-10 14:45:00,,M5,,BUY,,4114.33,,,4106.83,,4118.94,,0.01,,-7.64,,-112.28,,,,False,SL
2026-07-10 14:24:00,,2026-07-10 14:44:00,,M1,,SELL,,4113.28,,,4119.03,,4108.84,,0.01,,4.3,,-118.47,,,,False,TP
2026-07-10 14:29:00,,2026-07-10 14:44:00,,M1,,SELL,,4112.98,,,4118.74,,4108.41,,0.01,,4.43,,-114.04,,,,False,TP
2026-07-10 14:30:00,,2026-07-10 14:45:00,,M15,,BUY,,4112.65,,,4105.76,,4118.34,,0.01,,-7.03,,-119.31,,,,False,SL
2026-07-10 14:33:00,,2026-07-10 14:44:00,,M1,,SELL,,4113.99,,,4118.58,,4108.85,,0.01,,5.0,,-109.04,,,,False,TP
2026-07-10 14:38:00,,2026-07-10 14:44:00,,M1,,SELL,,4111.93,,,4112.87,,4107.39,,0.01,,4.4,,-104.64,,,,False,TP
2026-07-10 14:40:00,,2026-07-10 14:45:00,,M1,,SELL,,4111.61,,,4112.47,,4106.78,,0.01,,4.69,,-114.62,,,,False,TP
2026-07-10 14:54:00,,2026-07-10 14:56:00,,M1,,BUY,,4108.08,,,4105.76,,4108.75,,0.01,,0.53,,-102.32,,,,False,TP
2026-07-10 14:56:00,,2026-07-10 14:57:00,,M1,,SELL,,4107.11,,,4110.78,,4106.54,,0.01,,0.43,,-101.89,,,,False,TP
2026-07-10 15:01:00,,2026-07-10 15:02:00,,M1,,SELL,,4107.66,,,4110.4,,4106.38,,0.01,,1.14,,-100.75,,,,False,TP
2026-07-10 15:04:00,,2026-07-10 15:34:00,,M1,,BUY,,4105.78,,,4103.17,,4109.81,,0.01,,-2.75,,-146.91,,,,False,SL
2026-07-10 15:08:00,,2026-07-10 15:09:00,,M1,,BUY,,4107.2,,,4105.97,,4110.23,,0.01,,-1.37,,-102.12,,,,False,SL
2026-07-10 15:13:00,,2026-07-10 15:26:00,,M1,,BUY,,4106.69,,,4105.02,,4109.72,,0.01,,-1.81,,-106.28,,,,False,SL
2026-07-10 15:19:00,,2026-07-10 15:25:00,,M1,,BUY,,4107.75,,,4105.54,,4110.26,,0.01,,-2.35,,-104.47,,,,False,SL
2026-07-10 15:25:00,,2026-07-10 15:48:00,,M5,,SELL,,4105.25,,,4110.51,,4098.66,,0.01,,6.45,,-142.78,,,,False,TP
2026-07-10 15:28:00,,2026-07-10 15:29:00,,M1,,SELL,,4104.14,,,4109.11,,4107.45,,0.01,,-3.45,,-144.16,,,,False,TP
2026-07-10 15:45:00,,2026-07-10 15:46:00,,M1,,BUY,,4102.03,,,4098.16,,4099.85,,0.01,,-2.32,,-149.23,,,,False,TP
2026-07-10 15:52:00,,2026-07-10 15:58:00,,M1,,BUY,,4097.67,,,4096.28,,4100.43,,0.01,,-1.53,,-130.74,,,,False,SL
2026-07-10 15:55:00,,2026-07-10 16:02:00,,M5,,SELL,,4096.94,,,4100.43,,4094.95,,0.01,,1.85,,-128.89,,,,False,TP
2026-07-10 15:56:00,,2026-07-10 16:02:00,,M1,,BUY,,4097.55,,,4095.76,,4100.47,,0.01,,-1.93,,-130.82,,,,False,SL
2026-07-10 16:05:00,,2026-07-10 16:06:00,,M1,,BUY,,4098.56,,,4096.75,,4098.94,,0.01,,0.24,,-130.58,,,,False,TP
2026-07-10 16:08:00,,2026-07-10 16:12:00,,M1,,SELL,,4099.28,,,4100.34,,4097.14,,0.01,,2.0,,-128.58,,,,False,TP
2026-07-10 16:13:00,,2026-07-10 16:14:00,,M1,,BUY,,4098.54,,,4096.11,,4099.3,,0.01,,0.62,,-127.96,,,,False,TP
2026-07-10 16:16:00,,2026-07-10 16:17:00,,M1,,BUY,,4100.7,,,4098.1,,4099.82,,0.01,,-1.02,,-128.98,,,,False,TP
2026-07-10 16:32:00,,2026-07-10 16:43:00,,M1,,SELL,,4102.06,,,4103.01,,4096.95,,0.01,,-1.09,,-130.07,,,,False,SL
2026-07-10 16:34:00,,2026-07-10 16:43:00,,M1,,SELL,,4101.69,,,4103.54,,4096.9,,0.01,,-1.99,,-132.06,,,,False,SL
2026-07-10 16:36:00,,2026-07-10 16:43:00,,M1,,SELL,,4101.35,,,4103.18,,4097.47,,0.01,,-1.97,,-134.03,,,,False,SL
2026-07-10 16:44:00,,2026-07-10 16:45:00,,M1,,BUY,,4102.86,,,4097.9,,4099.53,,0.01,,-3.47,,-137.5,,,,False,TP
2026-07-10 16:47:00,,2026-07-10 17:05:00,,M1,,SELL,,4102.41,,,4108.37,,4098.92,,0.01,,-6.1,,-146.93,,,,False,SL
2026-07-10 16:57:00,,2026-07-10 16:58:00,,M1,,SELL,,4103.85,,,4108.43,,4107.04,,0.01,,-3.33,,-140.83,,,,False,TP
2026-07-10 17:01:00,,2026-07-10 17:24:00,,M1,,BUY,,4106.69,,,4103.58,,4109.84,,0.01,,3.01,,-144.82,,,,False,TP
2026-07-10 17:06:00,,2026-07-10 17:07:00,,M1,,BUY,,4108.2,,,4107.17,,4108.79,,0.01,,-1.17,,-148.1,,,,False,SL
2026-07-10 17:14:00,,2026-07-10 17:23:00,,M1,,BUY,,4106.66,,,4105.58,,4109.22,,0.01,,2.42,,-145.68,,,,False,TP
2026-07-10 17:19:00,,2026-07-10 17:23:00,,M1,,SELL,,4106.55,,,4108.56,,4105.96,,0.01,,-2.15,,-147.83,,,,False,SL
2026-07-10 17:20:00,,2026-07-10 17:24:00,,M1,,BUY,,4107.38,,,4105.74,,4109.98,,0.01,,2.46,,-142.36,,,,False,TP
2026-07-10 17:27:00,,2026-07-10 17:30:00,,M1,,SELL,,4108.77,,,4109.93,,4106.9,,0.01,,-1.3,,-143.66,,,,False,SL
2026-07-10 17:35:00,,2026-07-10 17:36:00,,M1,,SELL,,4106.88,,,4107.6,,4105.85,,0.01,,-0.86,,-144.52,,,,False,SL
2026-07-10 17:39:00,,2026-07-10 17:41:00,,M1,,SELL,,4108.44,,,4109.68,,4107.34,,0.01,,0.96,,-143.56,,,,False,TP
2026-07-10 17:42:00,,2026-07-10 17:43:00,,M1,,SELL,,4107.73,,,4108.27,,4106.86,,0.01,,-0.68,,-144.24,,,,False,SL
2026-07-10 17:44:00,,2026-07-10 17:45:00,,M1,,BUY,,4108.28,,,4107.42,,4108.85,,0.01,,0.43,,-143.81,,,,False,TP
2026-07-10 17:48:00,,2026-07-10 17:49:00,,M1,,SELL,,4107.57,,,4108.37,,4106.96,,0.01,,-0.94,,-144.75,,,,False,SL
2026-07-10 17:50:00,,2026-07-10 18:00:00,,M5,,SELL,,4107.3,,,4110.68,,4105.02,,0.01,,2.14,,-142.61,,,,False,TP
2026-07-10 17:55:00,,2026-07-10 18:00:00,,M5,,SELL,,4108.44,,,4110.4,,4105.42,,0.01,,2.88,,-139.73,,,,False,TP
2026-07-10 17:59:00,,2026-07-10 18:00:00,,M1,,SELL,,4105.9,,,4108.63,,4107.33,,0.01,,-1.57,,-141.3,,,,False,TP
2026-07-10 18:05:00,,2026-07-10 18:06:00,,M1,,SELL,,4106.93,,,4108.72,,4106.06,,0.01,,0.73,,-140.57,,,,False,TP
2026-07-10 18:10:00,,2026-07-10 18:28:00,,M5,,BUY,,4106.08,,,4103.02,,4111.62,,0.01,,-3.2,,-146.41,,,,False,SL
2026-07-10 18:14:00,,2026-07-10 18:15:00,,M1,,SELL,,4107.04,,,4107.78,,4106.22,,0.01,,0.68,,-139.89,,,,False,TP
2026-07-10 18:15:00,,2026-07-10 18:35:00,,M15,,SELL,,4106.32,,,4110.75,,4098.93,,0.01,,7.25,,-139.16,,,,False,TP
2026-07-10 18:16:00,,2026-07-10 18:17:00,,M1,,SELL,,4106.41,,,4108.93,,4107.6,,0.01,,-1.33,,-141.22,,,,False,TP
2026-07-10 18:26:00,,2026-07-10 18:27:00,,M1,,SELL,,4105.6,,,4108.88,,4107.45,,0.01,,-1.99,,-143.21,,,,False,TP
2026-07-10 18:30:00,,2026-07-10 18:37:00,,M5,,SELL,,4100.19,,,4109.78,,4098.43,,0.01,,1.62,,-137.54,,,,False,TP
2026-07-10 18:30:00,,2026-07-10 19:14:00,,M15,,SELL,,4100.19,,,4110.93,,4088.71,,0.01,,-10.88,,-162.13,,,,False,SL
2026-07-10 18:33:00,,2026-07-10 18:37:00,,M1,,BUY,,4102.94,,,4097.81,,4108.57,,0.01,,-5.27,,-142.81,,,,False,SL
2026-07-10 18:39:00,,2026-07-10 18:41:00,,M1,,SELL,,4096.87,,,4099.6,,4096.26,,0.01,,-2.87,,-145.68,,,,False,SL
2026-07-10 18:50:00,,2026-07-10 18:57:00,,M5,,BUY,,4105.94,,,4103.95,,4112.5,,0.01,,-2.13,,-146.93,,,,False,SL
2026-07-10 18:53:00,,2026-07-10 18:55:00,,M1,,SELL,,4106.74,,,4108.8,,4105.72,,0.01,,0.88,,-144.8,,,,False,TP
2026-07-10 19:00:00,,2026-07-10 19:01:00,,M1,,SELL,,4102.39,,,4103.27,,4097.23,,0.01,,-1.02,,-147.95,,,,False,SL
2026-07-10 19:05:00,,2026-07-10 19:06:00,,M1,,BUY,,4102.75,,,4097.88,,4099.59,,0.01,,-3.3,,-151.25,,,,False,TP
2026-07-10 19:05:00,,2026-07-10 19:14:00,,M5,,SELL,,4102.61,,,4109.39,,4098.96,,0.01,,-6.92,,-169.05,,,,False,SL
2026-07-10 19:15:00,,2026-07-10 20:25:00,,M15,,BUY,,4115.12,,,4097.6,,4128.1,,0.01,,-17.66,,-177.43,,,,False,SL
2026-07-10 19:20:00,,2026-07-10 19:24:00,,M1,,SELL,,4109.22,,,4114.17,,4105.71,,0.01,,3.37,,-165.68,,,,False,TP
2026-07-10 19:21:00,,2026-07-10 19:24:00,,M1,,SELL,,4109.53,,,4111.35,,4105.67,,0.01,,3.72,,-161.96,,,,False,TP
2026-07-10 19:22:00,,2026-07-10 19:24:00,,M1,,SELL,,4107.57,,,4112.36,,4105.87,,0.01,,1.56,,-160.4,,,,False,TP
2026-07-10 19:27:00,,2026-07-10 19:28:00,,M1,,SELL,,4106.65,,,4108.63,,4105.02,,0.01,,1.49,,-158.91,,,,False,TP
2026-07-10 19:29:00,,2026-07-10 19:30:00,,M1,,SELL,,4104.62,,,4108.75,,4105.58,,0.01,,-1.1,,-160.01,,,,False,TP
2026-07-10 19:33:00,,2026-07-10 19:37:00,,M1,,SELL,,4104.08,,,4108.8,,4098.68,,0.01,,5.26,,-154.75,,,,False,TP
2026-07-10 19:46:00,,2026-07-10 20:25:00,,M1,,BUY,,4101.09,,,4096.74,,4108.21,,0.01,,-4.49,,-181.92,,,,False,SL
2026-07-10 19:48:00,,2026-07-10 20:25:00,,M1,,BUY,,4101.82,,,4098.2,,4108.51,,0.01,,-3.76,,-185.68,,,,False,SL
2026-07-10 19:50:00,,2026-07-10 19:52:00,,M1,,SELL,,4101.75,,,4103.79,,4096.1,,0.01,,-2.18,,-156.93,,,,False,SL
2026-07-10 19:53:00,,2026-07-10 20:25:00,,M1,,SELL,,4102.34,,,4108.79,,4098.5,,0.01,,3.7,,-181.98,,,,False,TP
2026-07-10 19:55:00,,2026-07-10 20:01:00,,M5,,BUY,,4100.55,,,4096.99,,4102.64,,0.01,,1.95,,-156.21,,,,False,TP
2026-07-10 19:58:00,,2026-07-10 19:59:00,,M1,,SELL,,4099.91,,,4101.0,,4096.55,,0.01,,-1.23,,-158.16,,,,False,SL
2026-07-10 20:00:00,,2026-07-10 20:24:00,,M15,,SELL,,4100.83,,,4109.74,,4098.6,,0.01,,2.09,,-159.77,,,,False,TP
2026-07-10 20:01:00,,2026-07-10 20:25:00,,M1,,BUY,,4102.51,,,4097.94,,4108.82,,0.01,,-4.71,,-186.69,,,,False,SL
2026-07-10 20:16:00,,2026-07-10 20:18:00,,M1,,BUY,,4106.63,,,4102.99,,4110.41,,0.01,,-3.78,,-159.99,,,,False,SL
2026-07-10 20:21:00,,2026-07-10 20:22:00,,M1,,BUY,,4101.98,,,4097.73,,4100.25,,0.01,,-1.87,,-161.86,,,,False,TP
2026-07-10 20:26:00,,2026-07-10 20:27:00,,M1,,SELL,,4097.69,,,4099.18,,4096.47,,0.01,,1.08,,-185.61,,,,False,TP
2026-07-10 20:30:00,,2026-07-10 20:32:00,,M1,,SELL,,4087.4,,,4092.56,,4085.78,,0.01,,-5.3,,-226.75,,,,False,SL
2026-07-10 20:30:00,,2026-07-10 22:53:00,,M15,,SELL,,4087.4,,,4110.89,,4068.08,,0.01,,-23.63,,-215.52,,,,False,SL
2026-07-10 20:36:00,,2026-07-10 20:38:00,,M1,,SELL,,4088.16,,,4093.14,,4085.31,,0.01,,-5.12,,-231.87,,,,False,SL
2026-07-10 20:37:00,,2026-07-10 20:41:00,,M1,,BUY,,4091.36,,,4086.18,,4098.34,,0.01,,6.84,,-225.03,,,,False,TP
2026-07-10 21:00:00,,2026-07-10 21:03:00,,M1,,BUY,,4100.31,,,4097.42,,4100.72,,0.01,,0.27,,-224.76,,,,False,TP
2026-07-10 21:01:00,,2026-07-10 21:03:00,,M1,,SELL,,4098.47,,,4101.76,,4095.81,,0.01,,-3.43,,-228.19,,,,False,SL
2026-07-10 21:05:00,,2026-07-10 21:13:00,,M5,,SELL,,4101.05,,,4109.3,,4098.91,,0.01,,2.0,,-226.19,,,,False,TP
2026-07-10 21:20:00,,2026-07-10 21:30:00,,M5,,BUY,,4104.42,,,4094.61,,4108.42,,0.01,,3.86,,-222.33,,,,False,TP
2026-07-10 21:24:00,,2026-07-10 21:33:00,,M1,,SELL,,4104.68,,,4109.26,,4098.88,,0.01,,5.66,,-216.67,,,,False,TP
2026-07-10 21:30:00,,2026-07-10 21:33:00,,M1,,SELL,,4105.45,,,4110.31,,4098.51,,0.01,,6.8,,-209.87,,,,False,TP
2026-07-10 21:30:00,,2026-07-10 21:33:00,,M5,,BUY,,4105.59,,,4097.14,,4108.11,,0.01,,-8.59,,-218.46,,,,False,SL
2026-07-10 21:30:00,,2026-07-10 21:33:00,,M15,,BUY,,4105.59,,,4093.11,,4118.03,,0.01,,-12.62,,-231.08,,,,False,SL
2026-07-10 21:33:00,,2026-07-10 21:34:00,,M1,,SELL,,4087.48,,,4109.79,,4078.33,,0.01,,9.01,,-188.57,,,,False,TP
2026-07-10 21:42:00,,2026-07-10 21:47:00,,M1,,BUY,,4096.4,,,4093.3,,4103.0,,0.01,,6.46,,-182.11,,,,False,TP
2026-07-10 21:56:00,,2026-07-10 21:58:00,,M1,,SELL,,4098.57,,,4103.8,,4094.61,,0.01,,3.82,,-178.29,,,,False,TP
2026-07-10 22:01:00,,2026-07-10 22:17:00,,M1,,BUY,,4096.59,,,4089.7,,4101.78,,0.01,,5.05,,-173.24,,,,False,TP
2026-07-10 22:10:00,,2026-07-10 22:17:00,,M1,,SELL,,4098.63,,,4101.61,,4095.53,,0.01,,-3.12,,-176.36,,,,False,SL
2026-07-10 22:20:00,,2026-07-10 22:22:00,,M1,,SELL,,4099.87,,,4101.19,,4096.19,,0.01,,-1.46,,-177.82,,,,False,SL
2026-07-10 22:25:00,,2026-07-10 22:28:00,,M1,,BUY,,4105.84,,,4103.8,,4110.67,,0.01,,-2.18,,-180.0,,,,False,SL
2026-07-10 22:27:00,,2026-07-10 22:49:00,,M1,,SELL,,4105.35,,,4108.82,,4098.38,,0.01,,-3.61,,-186.86,,,,False,SL
2026-07-10 22:30:00,,2026-07-10 22:31:00,,M1,,SELL,,4102.14,,,4103.31,,4096.48,,0.01,,-1.31,,-181.31,,,,False,SL
2026-07-10 22:33:00,,2026-07-10 22:49:00,,M1,,SELL,,4102.65,,,4108.46,,4098.31,,0.01,,-5.95,,-192.81,,,,False,SL
2026-07-10 22:44:00,,2026-07-10 22:45:00,,M1,,SELL,,4104.58,,,4108.67,,4106.38,,0.01,,-1.94,,-183.25,,,,False,TP
2026-07-10 22:48:00,,2026-07-10 22:49:00,,M1,,BUY,,4108.09,,,4105.24,,4109.15,,0.01,,0.92,,-191.89,,,,False,TP
2026-07-10 23:04:00,,2026-07-10 23:17:00,,M1,,SELL,,4111.79,,,4113.14,,4106.68,,0.01,,-1.49,,-217.01,,,,False,SL
2026-07-10 23:08:00,,2026-07-10 23:17:00,,M1,,SELL,,4109.84,,,4112.86,,4106.97,,0.01,,-3.16,,-220.17,,,,False,SL
2026-07-10 23:15:00,,2026-07-11 00:05:00,,M15,,BUY,,4110.35,,,4102.79,,4118.71,,0.01,,-7.7,,-247.86,,,,False,SL
2026-07-10 23:15:00,,2026-07-10 23:31:00,,M5,,SELL,,4110.21,,,4115.31,,4103.28,,0.01,,-5.24,,-227.01,,,,False,SL
2026-07-10 23:22:00,,2026-07-10 23:25:00,,M1,,SELL,,4108.72,,,4110.18,,4106.56,,0.01,,-1.6,,-221.77,,,,False,SL
2026-07-10 23:30:00,,2026-07-11 00:06:00,,M15,,BUY,,4114.58,,,4102.38,,4128.59,,0.01,,-12.34,,-260.2,,,,False,SL
2026-07-10 23:33:00,,2026-07-10 23:34:00,,M1,,SELL,,4114.43,,,4118.95,,4117.16,,0.01,,-2.87,,-229.88,,,,False,TP
2026-07-10 23:34:00,,2026-07-10 23:35:00,,M1,,SELL,,4113.94,,,4118.85,,4117.04,,0.01,,-3.24,,-233.12,,,,False,TP
2026-07-10 23:35:00,,2026-07-10 23:53:00,,M5,,BUY,,4112.86,,,4107.31,,4118.76,,0.01,,-5.69,,-238.81,,,,False,SL
2026-07-10 23:55:00,,2026-07-10 23:56:00,,M1,,SELL,,4106.28,,,4108.99,,4107.49,,0.01,,-1.35,,-240.16,,,,False,TP
2026-07-11 00:00:00,,2026-07-13 05:06:00,,M30,,SELL,,4104.56,,,4121.48,,4088.67,,0.01,,15.75,,-250.47,,,,False,TP
2026-07-11 00:03:00,,2026-07-11 00:06:00,,M1,,BUY,,4104.23,,,4102.49,,4109.68,,0.01,,-1.88,,-262.08,,,,False,SL
2026-07-11 00:08:00,,2026-07-11 01:46:00,,M1,,SELL,,4102.87,,,4108.92,,4098.6,,0.01,,4.13,,-259.84,,,,False,TP
2026-07-11 00:28:00,,2026-07-11 00:30:00,,M1,,BUY,,4105.65,,,4104.41,,4109.21,,0.01,,-1.38,,-263.46,,,,False,SL
2026-07-11 00:30:00,,2026-07-11 03:01:00,,M30,,SELL,,4105.66,,,4112.66,,4096.32,,0.01,,-7.14,,-258.09,,,,False,SL
2026-07-11 00:46:00,,2026-07-11 00:47:00,,M1,,SELL,,4104.42,,,4109.2,,4107.86,,0.01,,-3.58,,-267.04,,,,False,TP
2026-07-11 00:47:00,,2026-07-11 01:43:00,,M1,,SELL,,4103.23,,,4109.09,,4098.8,,0.01,,4.29,,-268.82,,,,False,TP
2026-07-11 00:52:00,,2026-07-11 00:54:00,,M1,,BUY,,4104.35,,,4103.49,,4110.06,,0.01,,-1.0,,-268.04,,,,False,SL
2026-07-11 00:55:00,,2026-07-11 01:44:00,,M1,,SELL,,4103.64,,,4109.07,,4098.65,,0.01,,4.85,,-263.97,,,,False,TP
2026-07-11 01:04:00,,2026-07-11 01:05:00,,M1,,BUY,,4101.83,,,4097.98,,4099.28,,0.01,,-2.69,,-270.73,,,,False,TP
2026-07-11 01:27:00,,2026-07-11 01:30:00,,M1,,BUY,,4103.72,,,4102.81,,4109.49,,0.01,,-1.05,,-271.78,,,,False,SL
2026-07-11 01:29:00,,2026-07-11 01:31:00,,M1,,BUY,,4103.76,,,4102.57,,4109.45,,0.01,,-1.33,,-273.11,,,,False,SL
2026-07-11 01:30:00,,2026-07-11 02:57:00,,M15,,BUY,,4103.19,,,4097.01,,4107.37,,0.01,,4.04,,-271.79,,,,False,TP
2026-07-11 01:44:00,,2026-07-11 01:49:00,,M1,,SELL,,4099.06,,,4099.83,,4097.29,,0.01,,-0.91,,-260.75,,,,False,SL
2026-07-11 01:55:00,,2026-07-11 01:56:00,,M1,,BUY,,4101.42,,,4098.49,,4099.61,,0.01,,-1.95,,-262.7,,,,False,TP
2026-07-11 02:04:00,,2026-07-11 02:07:00,,M1,,BUY,,4098.72,,,4097.42,,4099.19,,0.01,,0.33,,-262.37,,,,False,TP
2026-07-11 02:06:00,,2026-07-11 02:08:00,,M1,,BUY,,4099.28,,,4097.36,,4099.62,,0.01,,0.2,,-262.17,,,,False,TP
2026-07-11 02:09:00,,2026-07-11 02:10:00,,M1,,BUY,,4101.78,,,4097.84,,4099.18,,0.01,,-2.74,,-264.91,,,,False,TP
2026-07-11 02:17:00,,2026-07-11 03:00:00,,M1,,BUY,,4102.6,,,4098.69,,4108.8,,0.01,,6.06,,-260.65,,,,False,TP
2026-07-11 02:27:00,,2026-07-11 02:28:00,,M1,,BUY,,4102.25,,,4098.71,,4099.8,,0.01,,-2.59,,-267.5,,,,False,TP
2026-07-11 02:29:00,,2026-07-11 02:30:00,,M1,,BUY,,4102.37,,,4098.81,,4099.85,,0.01,,-2.66,,-270.16,,,,False,TP
2026-07-11 02:30:00,,2026-07-11 03:01:00,,M30,,SELL,,4101.93,,,4110.56,,4098.49,,0.01,,-8.77,,-266.86,,,,False,SL
2026-07-11 02:33:00,,2026-07-11 02:34:00,,M1,,BUY,,4102.15,,,4098.02,,4099.16,,0.01,,-3.13,,-273.29,,,,False,TP
2026-07-11 02:38:00,,2026-07-11 02:39:00,,M1,,BUY,,4101.56,,,4098.1,,4099.16,,0.01,,-2.54,,-275.83,,,,False,TP
2026-07-11 02:39:00,,2026-07-11 03:00:00,,M1,,BUY,,4102.8,,,4097.84,,4108.91,,0.01,,5.97,,-254.68,,,,False,TP
2026-07-11 02:48:00,,2026-07-11 02:59:00,,M1,,BUY,,4103.26,,,4098.72,,4108.48,,0.01,,5.08,,-266.71,,,,False,TP
2026-07-11 02:49:00,,2026-07-11 03:00:00,,M1,,BUY,,4105.22,,,4101.93,,4109.04,,0.01,,3.68,,-251.0,,,,False,TP
2026-07-11 02:59:00,,2026-07-11 03:00:00,,M1,,BUY,,4108.45,,,4106.48,,4108.64,,0.01,,0.05,,-250.95,,,,False,TP
2026-07-11 03:10:00,,2026-07-11 03:11:00,,M1,,BUY,,4111.71,,,4108.06,,4109.59,,0.01,,-2.26,,-269.12,,,,False,TP
2026-07-11 03:15:00,,2026-07-11 03:54:00,,M5,,SELL,,4112.15,,,4118.61,,4108.65,,0.01,,-6.6,,-283.6,,,,False,SL
2026-07-11 03:25:00,,2026-07-11 03:54:00,,M1,,BUY,,4112.42,,,4108.73,,4118.11,,0.01,,5.55,,-278.05,,,,False,TP
2026-07-11 03:28:00,,2026-07-11 03:36:00,,M1,,SELL,,4111.35,,,4112.28,,4107.76,,0.01,,-1.07,,-270.19,,,,False,SL
2026-07-11 03:30:00,,2026-07-11 03:54:00,,M15,,BUY,,4111.52,,,4107.18,,4118.59,,0.01,,6.93,,-271.12,,,,False,TP
2026-07-11 03:35:00,,2026-07-11 03:49:00,,M5,,SELL,,4111.75,,,4113.16,,4105.97,,0.01,,-1.55,,-273.12,,,,False,SL
2026-07-11 03:38:00,,2026-07-11 03:40:00,,M1,,SELL,,4111.11,,,4111.55,,4107.59,,0.01,,-0.58,,-270.77,,,,False,SL
2026-07-11 03:39:00,,2026-07-11 03:40:00,,M1,,SELL,,4111.01,,,4111.67,,4107.42,,0.01,,-0.8,,-271.57,,,,False,SL
2026-07-11 03:49:00,,2026-07-11 03:50:00,,M1,,BUY,,4112.51,,,4107.89,,4108.77,,0.01,,-3.88,,-277.0,,,,False,TP
2026-07-11 03:50:00,,2026-07-11 03:54:00,,M1,,BUY,,4113.89,,,4111.86,,4118.93,,0.01,,4.9,,-266.22,,,,False,TP
2026-07-13 05:08:00,,2026-07-13 05:11:00,,M1,,BUY,,4088.47,,,4085.82,,4092.55,,0.01,,3.94,,-246.53,,,,False,TP
2026-07-13 05:09:00,,2026-07-13 05:12:00,,M1,,BUY,,4090.17,,,4084.54,,4098.96,,0.01,,-5.77,,-252.3,,,,False,SL
2026-07-13 05:16:00,,2026-07-13 05:41:00,,M1,,BUY,,4085.62,,,4078.75,,4092.69,,0.01,,-7.01,,-269.91,,,,False,SL
2026-07-13 05:21:00,,2026-07-13 05:25:00,,M1,,BUY,,4087.26,,,4082.61,,4091.6,,0.01,,-4.79,,-257.09,,,,False,SL
2026-07-13 05:30:00,,2026-07-13 05:38:00,,M1,,BUY,,4084.37,,,4082.36,,4091.36,,0.01,,-2.15,,-259.24,,,,False,SL
2026-07-13 05:31:00,,2026-07-13 05:38:00,,M1,,BUY,,4085.82,,,4082.3,,4091.4,,0.01,,-3.66,,-262.9,,,,False,SL
2026-07-13 05:33:00,,2026-07-13 05:41:00,,M1,,SELL,,4083.84,,,4088.94,,4078.38,,0.01,,5.32,,-264.59,,,,False,TP
2026-07-13 05:38:00,,2026-07-13 05:48:00,,M1,,SELL,,4081.84,,,4085.37,,4076.51,,0.01,,5.19,,-259.4,,,,False,TP
2026-07-13 05:48:00,,2026-07-13 05:49:00,,M1,,SELL,,4076.43,,,4079.88,,4075.35,,0.01,,0.94,,-258.46,,,,False,TP
2026-07-13 05:58:00,,2026-07-13 06:01:00,,M1,,BUY,,4077.99,,,4076.45,,4079.83,,0.01,,-1.68,,-260.14,,,,False,SL
2026-07-13 06:04:00,,2026-07-13 06:30:00,,M1,,SELL,,4071.23,,,4074.39,,4065.8,,0.01,,-3.3,,-267.63,,,,False,SL
2026-07-13 06:10:00,,2026-07-13 06:40:00,,M5,,SELL,,4071.26,,,4075.57,,4063.26,,0.01,,-4.45,,-273.67,,,,False,SL
2026-07-13 06:11:00,,2026-07-13 06:29:00,,M1,,SELL,,4069.3,,,4073.35,,4066.14,,0.01,,-4.19,,-264.33,,,,False,SL
2026-07-13 06:25:00,,2026-07-13 06:41:00,,M5,,BUY,,4072.28,,,4066.39,,4077.4,,0.01,,4.98,,-268.69,,,,False,TP
2026-07-13 06:31:00,,2026-07-13 06:32:00,,M1,,BUY,,4074.62,,,4073.17,,4079.62,,0.01,,-1.59,,-269.22,,,,False,SL
2026-07-13 06:33:00,,2026-07-13 06:42:00,,M1,,SELL,,4073.62,,,4079.22,,4068.94,,0.01,,-5.74,,-274.43,,,,False,SL
2026-07-13 06:40:00,,2026-07-13 07:06:00,,M5,,BUY,,4077.37,,,4069.56,,4088.57,,0.01,,11.06,,-263.37,,,,False,TP
2026-07-13 06:57:00,,2026-07-13 07:06:00,,M1,,BUY,,4081.24,,,4078.17,,4088.22,,0.01,,6.84,,-256.53,,,,False,TP
2026-07-13 07:01:00,,2026-07-13 07:06:00,,M1,,SELL,,4082.66,,,4089.19,,4078.66,,0.01,,-6.67,,-263.2,,,,False,SL
2026-07-13 07:04:00,,2026-07-13 07:11:00,,M1,,BUY,,4084.86,,,4083.43,,4090.3,,0.01,,5.3,,-257.9,,,,False,TP
2026-07-13 07:06:00,,2026-07-13 07:17:00,,M1,,BUY,,4087.9,,,4082.41,,4091.14,,0.01,,-5.63,,-261.83,,,,False,SL
2026-07-13 07:15:00,,2026-07-13 07:16:00,,M1,,SELL,,4086.91,,,4088.27,,4085.07,,0.01,,1.7,,-256.2,,,,False,TP
2026-07-13 07:15:00,,2026-07-13 07:17:00,,M5,,BUY,,4087.05,,,4083.61,,4093.17,,0.01,,-3.58,,-265.41,,,,False,SL
2026-07-13 07:16:00,,2026-07-13 07:27:00,,M1,,SELL,,4084.77,,,4089.47,,4078.33,,0.01,,6.3,,-259.11,,,,False,TP
2026-07-13 07:20:00,,2026-07-13 07:27:00,,M1,,BUY,,4082.39,,,4078.0,,4088.2,,0.01,,-4.53,,-263.64,,,,False,SL
2026-07-13 07:28:00,,2026-07-13 07:29:00,,M1,,SELL,,4076.78,,,4078.46,,4075.52,,0.01,,1.12,,-262.52,,,,False,TP
2026-07-13 07:31:00,,2026-07-13 07:32:00,,M1,,SELL,,4074.81,,,4079.33,,4076.59,,0.01,,-1.92,,-264.44,,,,False,TP
2026-07-13 07:38:00,,2026-07-13 07:40:00,,M1,,BUY,,4069.58,,,4067.69,,4071.72,,0.01,,-2.03,,-266.47,,,,False,SL
2026-07-13 07:42:00,,2026-07-13 07:43:00,,M1,,BUY,,4070.22,,,4066.79,,4070.78,,0.01,,0.42,,-266.05,,,,False,TP
2026-07-13 07:47:00,,2026-07-13 07:49:00,,M1,,BUY,,4075.26,,,4073.42,,4080.66,,0.01,,-1.98,,-268.03,,,,False,SL
2026-07-13 07:53:00,,2026-07-13 08:01:00,,M1,,BUY,,4074.21,,,4068.22,,4078.02,,0.01,,-6.13,,-274.16,,,,False,SL
2026-07-13 08:00:00,,2026-07-13 08:01:00,,M5,,BUY,,4074.14,,,4067.65,,4078.38,,0.01,,-6.63,,-280.79,,,,False,SL
2026-07-13 08:00:00,,2026-07-13 08:01:00,,H1,,SELL,,4074.0,,,4099.82,,4068.87,,0.01,,4.99,,-275.8,,,,False,TP
2026-07-13 08:14:00,,2026-07-13 08:16:00,,M1,,SELL,,4079.44,,,4081.45,,4074.96,,0.01,,-2.15,,-277.95,,,,False,SL
2026-07-13 08:20:00,,2026-07-13 08:33:00,,M5,,SELL,,4073.56,,,4085.25,,4068.93,,0.01,,-11.83,,-289.78,,,,False,SL
2026-07-13 08:42:00,,2026-07-13 08:43:00,,M1,,SELL,,4085.31,,,4088.8,,4085.18,,0.01,,-0.01,,-289.79,,,,False,TP
2026-07-13 08:45:00,,2026-07-13 08:54:00,,M1,,BUY,,4084.77,,,4081.71,,4090.81,,0.01,,-3.2,,-301.25,,,,False,SL
2026-07-13 08:47:00,,2026-07-13 08:55:00,,M1,,SELL,,4084.3,,,4089.12,,4078.11,,0.01,,6.05,,-291.04,,,,False,TP
2026-07-13 08:49:00,,2026-07-13 08:53:00,,M1,,BUY,,4086.49,,,4082.22,,4090.97,,0.01,,-4.41,,-298.05,,,,False,SL
2026-07-13 08:50:00,,2026-07-13 08:54:00,,M5,,SELL,,4085.88,,,4090.32,,4081.58,,0.01,,4.16,,-297.09,,,,False,TP
2026-07-13 08:51:00,,2026-07-13 08:52:00,,M1,,BUY,,4087.5,,,4083.79,,4091.04,,0.01,,-3.85,,-293.64,,,,False,SL
2026-07-13 08:52:00,,2026-07-13 08:55:00,,M1,,SELL,,4083.58,,,4089.47,,4078.61,,0.01,,4.83,,-286.21,,,,False,TP
2026-07-13 08:55:00,,2026-07-13 10:12:00,,M5,,SELL,,4074.31,,,4091.58,,4058.62,,0.01,,15.55,,-282.86,,,,False,TP
2026-07-13 09:00:00,,2026-07-13 09:27:00,,M1,,SELL,,4072.26,,,4079.12,,4068.92,,0.01,,3.2,,-283.01,,,,False,TP
2026-07-13 09:07:00,,2026-07-13 09:27:00,,M1,,BUY,,4073.36,,,4068.17,,4078.63,,0.01,,-5.33,,-288.34,,,,False,SL
2026-07-13 09:08:00,,2026-07-13 09:27:00,,M1,,BUY,,4072.64,,,4068.1,,4078.12,,0.01,,-4.68,,-293.02,,,,False,SL
2026-07-13 09:15:00,,2026-07-13 09:30:00,,M5,,BUY,,4072.4,,,4066.71,,4078.49,,0.01,,-5.83,,-298.85,,,,False,SL
2026-07-13 09:21:00,,2026-07-13 09:31:00,,M1,,SELL,,4071.66,,,4075.47,,4066.25,,0.01,,5.27,,-293.58,,,,False,TP
2026-07-13 09:24:00,,2026-07-13 09:31:00,,M1,,SELL,,4070.69,,,4074.53,,4066.34,,0.01,,4.21,,-289.37,,,,False,TP
2026-07-13 09:31:00,,2026-07-13 09:32:00,,M1,,SELL,,4066.08,,,4071.29,,4065.73,,0.01,,0.21,,-289.16,,,,False,TP
2026-07-13 09:35:00,,2026-07-13 10:07:00,,M5,,BUY,,4073.76,,,4061.6,,4078.98,,0.01,,-12.3,,-298.41,,,,False,SL
,2026-07-13 09:36:03,,2026-07-13 09:48:14,,M5,,BUY,,4076.33,4069.7,,4061.6,,4078.98,,0.01,,-6.63,,-11811.03,,559383398.0,False,ไม่มี SIM คู่ — backtest ไม่เจอ pattern นี้
2026-07-13 09:37:00,2026-07-13 09:37:03,2026-07-13 09:41:00,2026-07-13 09:40:01,M1,M1,BUY,BUY,4075.81,4075.77,4074.1,4074.1,4074.1,4081.49,4081.49,0.01,0.01,-1.85,-1.67,-291.01,-11804.40,[sl 4074.10],559383571.0,True,SL
2026-07-13 09:43:00,,2026-07-13 09:44:00,,M1,,BUY,,4072.38,,,4068.02,,4070.9,,0.01,,-1.62,,-292.63,,,,False,TP
2026-07-13 09:45:00,,2026-07-13 10:01:00,,M1,,BUY,,4072.91,,,4067.73,,4078.29,,0.01,,-5.32,,-297.95,,,,False,SL
,2026-07-13 09:45:22,,2026-07-13 09:48:14,,M1,,BUY,,4072.43,4069.7,,4067.73,,4078.29,,0.03,,-8.19,,-11819.22,,559386170.0,False,ไม่มี SIM คู่ — backtest ไม่เจอ pattern นี้
2026-07-13 09:55:00,,2026-07-13 10:06:00,,M5,,SELL,,4070.36,,,4075.31,,4062.48,,0.01,,7.74,,-286.11,,,,False,TP
2026-07-13 09:58:00,,2026-07-13 10:02:00,,M1,,SELL,,4070.36,,,4071.47,,4066.12,,0.01,,4.1,,-293.85,,,,False,TP
2026-07-13 10:08:00,,2026-07-13 10:12:00,,M1,,SELL,,4060.87,,,4062.96,,4056.12,,0.01,,4.61,,-278.25,,,,False,TP
2026-07-13 10:11:00,,2026-07-13 10:12:00,,M1,,SELL,,4059.41,,,4062.96,,4056.28,,0.01,,2.99,,-275.26,,,,False,TP
2026-07-13 10:20:00,,2026-07-13 11:15:00,,M5,,SELL,,4059.79,,,4063.95,,4052.71,,0.01,,6.94,,-262.6,,,,False,TP
2026-07-13 10:26:00,,2026-07-13 11:09:00,,M1,,SELL,,4060.8,,,4062.74,,4056.33,,0.01,,4.33,,-265.8,,,,False,TP
2026-07-13 10:30:00,,2026-07-13 10:37:00,,M15,,SELL,,4061.91,,,4070.09,,4057.43,,0.01,,4.34,,-270.92,,,,False,TP
2026-07-13 10:31:00,,2026-07-13 11:02:00,,M1,,SELL,,4059.87,,,4063.52,,4056.96,,0.01,,2.77,,-269.26,,,,False,TP
2026-07-13 10:35:00,,2026-07-13 12:08:00,,M5,,SELL,,4057.97,,,4065.17,,4048.69,,0.01,,-7.34,,-300.03,,,,False,SL
2026-07-13 10:46:00,,2026-07-13 10:47:00,,M1,,SELL,,4058.08,,,4058.92,,4056.99,,0.01,,-0.98,,-271.9,,,,False,SL
2026-07-13 10:48:00,,2026-07-13 10:49:00,,M1,,BUY,,4059.29,,,4058.04,,4060.16,,0.01,,0.73,,-271.17,,,,False,TP
2026-07-13 10:50:00,,2026-07-13 10:51:00,,M1,,BUY,,4060.17,,,4058.14,,4059.82,,0.01,,-0.49,,-271.66,,,,False,TP
2026-07-13 10:55:00,,2026-07-13 11:09:00,,M5,,BUY,,4059.69,,,4056.09,,4062.93,,0.01,,-3.74,,-269.54,,,,False,SL
2026-07-13 10:59:00,,2026-07-13 11:00:00,,M1,,BUY,,4060.37,,,4058.66,,4060.14,,0.01,,-0.37,,-272.03,,,,False,TP
2026-07-13 11:00:00,,2026-07-13 12:08:00,,M15,,SELL,,4060.52,,,4065.61,,4049.11,,0.01,,-5.23,,-305.26,,,,False,SL
2026-07-13 11:03:00,,2026-07-13 11:06:00,,M1,,SELL,,4057.41,,,4058.14,,4056.56,,0.01,,-0.87,,-270.13,,,,False,SL
2026-07-13 11:14:00,,2026-07-13 11:59:00,,M1,,SELL,,4054.44,,,4058.43,,4048.39,,0.01,,-4.13,,-289.19,,,,False,SL
2026-07-13 11:16:00,,2026-07-13 11:18:00,,M1,,SELL,,4051.35,,,4055.43,,4047.26,,0.01,,-4.22,,-266.82,,,,False,SL
2026-07-13 11:20:00,,2026-07-13 12:09:00,,M5,,BUY,,4057.25,,,4048.05,,4068.7,,0.01,,11.31,,-300.5,,,,False,TP
2026-07-13 11:22:00,,2026-07-13 11:27:00,,M1,,SELL,,4057.06,,,4058.18,,4055.84,,0.01,,1.08,,-265.74,,,,False,TP
2026-07-13 11:26:00,,2026-07-13 11:27:00,,M1,,SELL,,4056.15,,,4058.91,,4057.1,,0.01,,-1.09,,-266.83,,,,False,TP
2026-07-13 11:30:00,,2026-07-13 12:06:00,,M15,,SELL,,4055.59,,,4062.23,,4049.38,,0.01,,-6.78,,-300.24,,,,False,SL
2026-07-13 11:32:00,,2026-07-13 11:45:00,,M1,,BUY,,4055.88,,,4053.37,,4059.65,,0.01,,-2.65,,-273.03,,,,False,SL
2026-07-13 11:34:00,,2026-07-13 11:35:00,,M1,,BUY,,4056.68,,,4055.77,,4060.35,,0.01,,-1.05,,-267.88,,,,False,SL
2026-07-13 11:43:00,,2026-07-13 11:44:00,,M1,,SELL,,4054.68,,,4058.64,,4057.04,,0.01,,-2.5,,-270.38,,,,False,TP
2026-07-13 11:44:00,,2026-07-13 11:58:00,,M1,,SELL,,4053.41,,,4058.28,,4048.52,,0.01,,-5.01,,-285.06,,,,False,SL
2026-07-13 11:48:00,,2026-07-13 11:49:00,,M1,,SELL,,4054.39,,,4058.29,,4056.8,,0.01,,-2.55,,-275.58,,,,False,TP
2026-07-13 11:51:00,,2026-07-13 11:52:00,,M1,,SELL,,4053.47,,,4059.22,,4057.8,,0.01,,-4.47,,-280.05,,,,False,TP
2026-07-13 11:55:00,,2026-07-13 12:06:00,,M5,,BUY,,4054.79,,,4050.8,,4062.48,,0.01,,7.55,,-292.69,,,,False,TP
2026-07-13 11:58:00,,2026-07-13 12:01:00,,M1,,BUY,,4057.51,,,4056.46,,4060.0,,0.01,,-1.19,,-290.38,,,,False,SL
2026-07-13 11:59:00,,2026-07-13 12:01:00,,M1,,BUY,,4059.32,,,4056.38,,4059.63,,0.01,,-3.08,,-293.46,,,,False,SL
2026-07-13 12:00:00,,2026-07-13 12:09:00,,M15,,BUY,,4059.06,,,4048.5,,4068.23,,0.01,,9.03,,-291.47,,,,False,TP
2026-07-13 12:00:00,,2026-07-13 12:08:00,,M30,,SELL,,4058.92,,,4065.33,,4045.95,,0.01,,-6.55,,-311.81,,,,False,SL
2026-07-13 12:14:00,,2026-07-13 12:16:00,,M1,,BUY,,4069.95,,,4068.01,,4071.05,,0.01,,-2.08,,-293.55,,,,False,SL
2026-07-13 12:17:00,,2026-07-13 12:19:00,,M1,,SELL,,4066.42,,,4068.74,,4065.07,,0.01,,1.21,,-292.34,,,,False,TP
2026-07-13 12:18:00,,2026-07-13 12:19:00,,M1,,BUY,,4066.22,,,4064.68,,4070.94,,0.01,,-1.68,,-294.02,,,,False,SL
2026-07-13 12:21:00,,2026-07-13 12:30:00,,M1,,SELL,,4063.66,,,4069.12,,4058.66,,0.01,,4.86,,-289.16,,,,False,TP
2026-07-13 12:28:00,,2026-07-13 12:31:00,,M1,,SELL,,4061.33,,,4062.81,,4056.82,,0.01,,4.37,,-284.79,,,,False,TP
2026-07-13 12:29:00,,2026-07-13 12:31:00,,M1,,SELL,,4059.27,,,4063.36,,4056.27,,0.01,,2.86,,-281.93,,,,False,TP
2026-07-13 12:35:00,,2026-07-13 13:05:00,,M5,,BUY,,4062.09,,,4049.71,,4068.78,,0.01,,-12.52,,-298.4,,,,False,SL
2026-07-13 12:42:00,,2026-07-13 12:43:00,,M1,,SELL,,4062.58,,,4069.35,,4066.43,,0.01,,-3.99,,-285.92,,,,False,TP
2026-07-13 12:49:00,,2026-07-13 12:51:00,,M1,,SELL,,4059.13,,,4064.24,,4056.05,,0.01,,-5.25,,-291.17,,,,False,SL
2026-07-13 12:52:00,,2026-07-13 12:57:00,,M1,,SELL,,4061.39,,,4065.66,,4055.96,,0.01,,5.29,,-285.88,,,,False,TP
2026-07-13 13:15:00,,2026-07-13 13:16:00,,M1,,BUY,,4051.03,,,4048.3,,4051.6,,0.01,,0.43,,-297.97,,,,False,TP
2026-07-13 13:23:00,,2026-07-13 13:24:00,,M1,,BUY,,4056.02,,,4054.55,,4060.59,,0.01,,-1.61,,-299.58,,,,False,SL
2026-07-13 13:27:00,,2026-07-13 13:30:00,,M1,,BUY,,4058.75,,,4056.75,,4060.34,,0.01,,1.45,,-298.13,,,,False,TP
2026-07-13 13:30:00,,2026-07-13 15:22:00,,M30,,BUY,,4061.33,,,4037.4,,4078.19,,0.01,,16.72,,-264.81,,,,False,TP
2026-07-13 13:35:00,,2026-07-13 13:39:00,,M5,,BUY,,4059.68,,,4056.03,,4062.96,,0.01,,3.14,,-294.99,,,,False,TP
2026-07-13 13:45:00,,2026-07-13 13:54:00,,M15,,BUY,,4060.27,,,4053.85,,4068.4,,0.01,,-6.56,,-301.55,,,,False,SL
2026-07-13 14:08:00,,2026-07-13 14:11:00,,M1,,BUY,,4054.88,,,4050.41,,4060.82,,0.01,,5.8,,-295.75,,,,False,TP
2026-07-13 14:10:00,,2026-07-13 14:11:00,,M1,,BUY,,4058.62,,,4057.0,,4059.93,,0.01,,1.17,,-294.58,,,,False,TP
2026-07-13 14:18:00,,2026-07-13 14:24:00,,M1,,SELL,,4057.03,,,4059.01,,4055.25,,0.01,,-2.12,,-296.7,,,,False,SL
2026-07-13 14:27:00,,2026-07-13 14:30:00,,M1,,BUY,,4058.01,,,4055.66,,4059.13,,0.01,,0.98,,-295.72,,,,False,TP
2026-07-13 14:29:00,,2026-07-13 14:35:00,,M1,,BUY,,4058.27,,,4055.96,,4059.34,,0.01,,0.93,,-295.79,,,,False,TP
2026-07-13 14:32:00,,2026-07-13 14:33:00,,M1,,SELL,,4056.91,,,4057.77,,4055.59,,0.01,,-1.0,,-296.72,,,,False,SL
2026-07-13 14:34:00,,2026-07-13 14:35:00,,M1,,BUY,,4058.14,,,4056.9,,4059.0,,0.01,,0.72,,-295.07,,,,False,TP
2026-07-13 14:42:00,,2026-07-13 14:43:00,,M1,,BUY,,4060.99,,,4058.01,,4060.07,,0.01,,-1.06,,-296.13,,,,False,TP
2026-07-13 14:45:00,,2026-07-13 15:01:00,,M15,,BUY,,4057.59,,,4051.73,,4067.18,,0.01,,9.45,,-286.17,,,,False,TP
2026-07-13 14:50:00,,2026-07-13 14:51:00,,M1,,SELL,,4057.41,,,4060.22,,4056.76,,0.01,,0.51,,-295.62,,,,False,TP
2026-07-13 14:55:00,,2026-07-13 15:06:00,,M5,,BUY,,4061.6,,,4053.83,,4067.47,,0.01,,5.73,,-280.44,,,,False,TP
2026-07-13 15:00:00,,2026-07-13 15:22:00,,M15,,BUY,,4064.64,,,4051.62,,4078.36,,0.01,,13.58,,-251.23,,,,False,TP
2026-07-13 15:05:00,,2026-07-13 15:06:00,,M1,,SELL,,4065.19,,,4068.4,,4066.14,,0.01,,-1.09,,-281.53,,,,False,TP
2026-07-13 15:29:00,,2026-07-13 15:31:00,,M1,,BUY,,4074.63,,,4073.2,,4081.14,,0.01,,-1.57,,-252.8,,,,False,SL
2026-07-13 15:40:00,,2026-07-13 16:57:00,,M5,,BUY,,4075.12,,,4069.45,,4083.29,,0.01,,-5.81,,-261.74,,,,False,SL
2026-07-13 16:05:00,,2026-07-13 17:00:00,,M5,,SELL,,4074.84,,,4079.38,,4068.8,,0.01,,5.9,,-255.84,,,,False,TP
2026-07-13 16:06:00,,2026-07-13 16:13:00,,M1,,BUY,,4074.77,,,4073.24,,4079.58,,0.01,,-1.67,,-254.47,,,,False,SL
2026-07-13 16:13:00,,2026-07-13 17:00:00,,M1,,SELL,,4073.25,,,4079.09,,4068.53,,0.01,,4.58,,-251.26,,,,False,TP
2026-07-13 16:30:00,,2026-07-13 17:00:00,,M15,,SELL,,4072.77,,,4080.77,,4068.8,,0.01,,3.83,,-247.43,,,,False,TP
2026-07-13 16:38:00,,2026-07-13 17:00:00,,M1,,BUY,,4071.53,,,4068.61,,4078.06,,0.01,,-3.06,,-250.49,,,,False,SL
2026-07-13 16:42:00,,2026-07-13 16:43:00,,M1,,BUY,,4071.35,,,4068.18,,4070.03,,0.01,,-1.46,,-255.93,,,,False,TP
2026-07-13 16:58:00,,2026-07-13 17:03:00,,M1,,SELL,,4069.63,,,4070.33,,4067.55,,0.01,,-0.84,,-251.33,,,,False,SL
2026-07-13 16:59:00,,2026-07-13 17:14:00,,M1,,SELL,,4068.99,,,4070.84,,4067.08,,0.01,,1.77,,-249.99,,,,False,TP
2026-07-13 17:00:00,,2026-07-13 17:42:00,,H1,,BUY,,4068.46,,,4059.9,,4084.74,,0.01,,-8.7,,-269.85,,,,False,SL
2026-07-13 17:08:00,,2026-07-13 17:09:00,,M1,,BUY,,4069.93,,,4067.96,,4069.64,,0.01,,-0.43,,-251.76,,,,False,TP
2026-07-13 17:16:00,,2026-07-13 17:18:00,,M1,,SELL,,4066.52,,,4068.73,,4065.89,,0.01,,-2.35,,-252.34,,,,False,SL
2026-07-13 17:19:00,,2026-07-13 17:21:00,,M1,,BUY,,4068.2,,,4067.13,,4068.65,,0.01,,0.31,,-252.03,,,,False,TP
2026-07-13 17:20:00,,2026-07-13 17:23:00,,M1,,BUY,,4068.52,,,4067.15,,4069.34,,0.01,,-1.51,,-253.54,,,,False,SL
2026-07-13 17:22:00,,2026-07-13 17:23:00,,M1,,SELL,,4067.75,,,4069.42,,4066.96,,0.01,,0.65,,-252.89,,,,False,TP
2026-07-13 17:25:00,,2026-07-13 17:26:00,,M1,,BUY,,4067.61,,,4066.9,,4070.14,,0.01,,-0.85,,-253.74,,,,False,SL
2026-07-13 17:30:00,,2026-07-13 17:31:00,,M1,,SELL,,4065.15,,,4068.83,,4067.34,,0.01,,-2.33,,-256.07,,,,False,TP
2026-07-13 17:34:00,,2026-07-13 17:35:00,,M1,,BUY,,4066.94,,,4065.94,,4069.51,,0.01,,-1.14,,-257.21,,,,False,SL
2026-07-13 17:35:00,,2026-07-13 17:42:00,,M5,,SELL,,4066.27,,,4069.01,,4064.08,,0.01,,2.05,,-267.8,,,,False,TP
2026-07-13 17:37:00,,2026-07-13 17:41:00,,M1,,BUY,,4067.07,,,4065.87,,4069.71,,0.01,,-1.34,,-258.55,,,,False,SL
2026-07-13 17:38:00,,2026-07-13 17:41:00,,M1,,BUY,,4067.89,,,4065.43,,4068.61,,0.01,,-2.6,,-261.15,,,,False,SL
2026-07-13 17:46:00,,2026-07-13 17:48:00,,M1,,SELL,,4052.85,,,4058.69,,4048.59,,0.01,,4.12,,-263.68,,,,False,TP
2026-07-13 17:48:00,,2026-07-13 17:49:00,,M1,,SELL,,4051.34,,,4052.68,,4046.44,,0.01,,-1.48,,-265.16,,,,False,SL
2026-07-13 17:53:00,,2026-07-13 17:59:00,,M1,,BUY,,4056.68,,,4053.73,,4060.98,,0.01,,4.16,,-261.0,,,,False,TP
2026-07-13 18:00:00,,2026-07-13 18:01:00,,M1,,BUY,,4060.82,,,4057.6,,4060.09,,0.01,,-0.87,,-261.87,,,,False,TP
2026-07-13 18:34:00,,2026-07-13 18:48:00,,M1,,BUY,,4065.3,,,4062.6,,4070.04,,0.01,,-2.84,,-266.53,,,,False,SL
2026-07-13 18:36:00,,2026-07-13 18:37:00,,M1,,BUY,,4067.42,,,4065.74,,4070.54,,0.01,,-1.82,,-263.69,,,,False,SL
2026-07-13 18:39:00,,2026-07-13 18:48:00,,M1,,BUY,,4064.46,,,4062.3,,4070.69,,0.01,,-2.3,,-268.83,,,,False,SL
2026-07-13 19:00:00,,2026-07-13 19:01:00,,M1,,SELL,,4056.54,,,4059.34,,4057.22,,0.01,,-0.82,,-269.65,,,,False,TP
2026-07-13 19:00:00,,2026-07-13 21:04:00,,M30,,SELL,,4056.54,,,4074.23,,4038.49,,0.01,,17.91,,-302.19,,,,False,TP
2026-07-13 19:01:00,,2026-07-13 19:02:00,,M1,,BUY,,4059.04,,,4055.23,,4059.63,,0.01,,0.45,,-269.2,,,,False,TP
2026-07-13 19:04:00,,2026-07-13 19:05:00,,M1,,BUY,,4059.62,,,4058.13,,4060.75,,0.01,,-1.63,,-270.83,,,,False,SL
2026-07-13 19:34:00,,2026-07-13 20:34:00,,M1,,BUY,,4061.9,,,4058.12,,4068.94,,0.01,,-3.92,,-288.26,,,,False,SL
2026-07-13 19:36:00,,2026-07-13 20:34:00,,M1,,BUY,,4062.89,,,4057.83,,4068.01,,0.01,,-5.2,,-293.46,,,,False,SL
2026-07-13 19:47:00,,2026-07-13 20:34:00,,M1,,BUY,,4063.57,,,4058.55,,4068.39,,0.01,,-5.16,,-298.62,,,,False,SL
2026-07-13 19:49:00,,2026-07-13 19:58:00,,M1,,BUY,,4065.87,,,4063.78,,4070.68,,0.01,,-2.23,,-275.01,,,,False,SL
2026-07-13 19:52:00,,2026-07-13 19:58:00,,M1,,BUY,,4065.74,,,4063.98,,4069.91,,0.01,,-1.9,,-276.91,,,,False,SL
2026-07-13 19:53:00,,2026-07-13 19:54:00,,M1,,SELL,,4065.15,,,4068.92,,4066.96,,0.01,,-1.95,,-272.78,,,,False,TP
2026-07-13 19:54:00,,2026-07-13 20:03:00,,M1,,BUY,,4066.23,,,4063.41,,4069.88,,0.01,,-2.96,,-284.3,,,,False,SL
2026-07-13 19:56:00,,2026-07-13 19:58:00,,M1,,BUY,,4066.45,,,4064.76,,4070.53,,0.01,,-1.83,,-278.74,,,,False,SL
2026-07-13 19:57:00,,2026-07-13 19:58:00,,M1,,SELL,,4065.53,,,4068.45,,4066.52,,0.01,,-1.13,,-279.87,,,,False,TP
2026-07-13 20:00:00,,2026-07-13 20:52:00,,H1,,BUY,,4067.53,,,4045.3,,4087.33,,0.01,,-22.37,,-320.1,,,,False,SL
2026-07-13 20:01:00,,2026-07-13 20:02:00,,M1,,SELL,,4065.3,,,4068.71,,4066.63,,0.01,,-1.47,,-281.34,,,,False,TP
2026-07-13 20:05:00,,2026-07-13 20:34:00,,M5,,SELL,,4063.02,,,4069.94,,4058.55,,0.01,,4.33,,-294.29,,,,False,TP
2026-07-13 20:10:00,,2026-07-13 20:16:00,,M5,,SELL,,4063.61,,,4069.38,,4058.71,,0.01,,4.76,,-279.54,,,,False,TP
2026-07-13 20:13:00,,2026-07-13 20:34:00,,M1,,BUY,,4061.17,,,4057.91,,4068.53,,0.01,,-3.4,,-297.69,,,,False,SL
2026-07-13 20:18:00,,2026-07-13 20:19:00,,M1,,SELL,,4059.43,,,4061.5,,4056.17,,0.01,,-2.21,,-281.75,,,,False,SL
2026-07-13 20:20:00,,2026-07-13 20:21:00,,M1,,BUY,,4061.11,,,4057.99,,4060.31,,0.01,,-0.94,,-282.69,,,,False,TP
2026-07-13 20:21:00,,2026-07-13 20:34:00,,M1,,BUY,,4061.86,,,4057.76,,4068.49,,0.01,,-4.24,,-301.93,,,,False,SL
2026-07-13 20:25:00,,2026-07-13 20:28:00,,M1,,SELL,,4062.05,,,4063.56,,4056.87,,0.01,,-1.65,,-284.34,,,,False,SL
2026-07-13 20:30:00,,2026-07-13 20:34:00,,M15,,SELL,,4062.24,,,4070.5,,4057.9,,0.01,,4.2,,-297.73,,,,False,TP
2026-07-13 21:00:00,,2026-07-13 21:04:00,,M5,,SELL,,4043.24,,,4055.89,,4038.54,,0.01,,4.56,,-297.63,,,,False,TP
2026-07-13 21:00:00,,2026-07-13 21:17:00,,H1,,SELL,,4043.24,,,4076.24,,4018.01,,0.01,,25.09,,-342.89,,,,False,TP
2026-07-13 21:14:00,,2026-07-13 21:16:00,,M1,,SELL,,4036.48,,,4038.71,,4033.52,,0.01,,2.82,,-367.98,,,,False,TP
2026-07-13 21:29:00,,2026-07-13 21:32:00,,M1,,SELL,,4017.92,,,4021.43,,4012.64,,0.01,,5.14,,-337.75,,,,False,TP
2026-07-13 21:37:00,,2026-07-13 21:41:00,,M1,,SELL,,4008.31,,,4011.43,,4003.08,,0.01,,5.09,,-415.26,,,,False,TP
2026-07-13 21:48:00,,2026-07-13 21:50:00,,M1,,SELL,,4003.33,,,4009.08,,3998.1,,0.01,,-5.89,,-421.15,,,,False,SL
2026-07-13 21:50:00,,2026-07-13 22:00:00,,M1,,BUY,,4006.43,,,4003.34,,4012.88,,0.01,,6.31,,-418.03,,,,False,TP
2026-07-13 21:52:00,,2026-07-13 22:20:00,,M1,,BUY,,4009.02,,,4002.86,,4018.31,,0.01,,9.15,,-408.88,,,,False,TP
2026-07-13 21:54:00,,2026-07-13 21:55:00,,M1,,SELL,,4007.35,,,4010.4,,4004.03,,0.01,,-3.19,,-424.34,,,,False,SL
2026-07-13 22:10:00,,2026-07-13 22:52:00,,M1,,BUY,,4014.29,,,4010.75,,4021.32,,0.01,,-3.68,,-420.87,,,,False,SL
2026-07-13 22:30:00,,2026-07-13 22:31:00,,M1,,BUY,,4016.59,,,4015.14,,4020.59,,0.01,,-1.59,,-410.47,,,,False,SL
2026-07-13 22:38:00,,2026-07-13 22:46:00,,M1,,BUY,,4016.94,,,4012.34,,4020.86,,0.01,,-4.74,,-417.19,,,,False,SL
2026-07-13 22:40:00,,2026-07-13 22:41:00,,M1,,SELL,,4015.53,,,4018.47,,4015.85,,0.01,,-0.46,,-410.93,,,,False,TP
2026-07-13 22:41:00,,2026-07-13 22:42:00,,M1,,SELL,,4015.08,,,4019.0,,4016.46,,0.01,,-1.52,,-412.45,,,,False,TP
2026-07-13 22:50:00,,2026-07-13 23:27:00,,M1,,BUY,,4013.99,,,4008.57,,4018.34,,0.01,,-5.56,,-427.53,,,,False,SL
2026-07-13 22:50:00,,2026-07-13 23:28:00,,M5,,SELL,,4013.85,,,4020.08,,4008.21,,0.01,,5.5,,-417.77,,,,False,TP
2026-07-13 22:58:00,,2026-07-13 23:27:00,,M1,,SELL,,4013.1,,,4019.14,,4008.7,,0.01,,4.26,,-423.27,,,,False,TP
2026-07-13 23:07:00,,2026-07-13 23:08:00,,M1,,SELL,,4015.4,,,4018.48,,4016.36,,0.01,,-1.1,,-421.97,,,,False,TP
2026-07-13 23:24:00,,2026-07-13 23:28:00,,M1,,SELL,,4011.83,,,4013.05,,4006.78,,0.01,,4.91,,-412.86,,,,False,TP
2026-07-13 23:38:00,,2026-07-13 23:42:00,,M1,,SELL,,3992.37,,,3999.01,,3988.69,,0.01,,-6.78,,-419.64,,,,False,SL
2026-07-13 23:44:00,,2026-07-13 23:51:00,,M1,,BUY,,4000.31,,,3996.64,,4008.32,,0.01,,-3.81,,-423.45,,,,False,SL
2026-07-13 23:49:00,,2026-07-13 23:51:00,,M1,,SELL,,3998.99,,,4000.66,,3995.39,,0.01,,3.46,,-419.99,,,,False,TP
2026-07-13 23:54:00,,2026-07-13 23:56:00,,M1,,BUY,,3994.49,,,3990.68,,4000.99,,0.01,,-3.95,,-423.94,,,,False,SL
2026-07-14 00:00:00,,2026-07-14 00:01:00,,M5,,SELL,,3993.26,,,3999.93,,3992.5,,0.01,,0.62,,-423.32,,,,False,TP
2026-07-14 00:05:00,,2026-07-14 00:06:00,,M1,,SELL,,3994.65,,,3998.66,,3995.55,,0.01,,-1.04,,-424.36,,,,False,TP
2026-07-14 00:11:00,,2026-07-14 00:18:00,,M1,,BUY,,3998.1,,,3996.48,,3999.78,,0.01,,1.54,,-422.82,,,,False,TP
2026-07-14 00:13:00,,2026-07-14 00:18:00,,M1,,BUY,,3998.35,,,3995.99,,3999.95,,0.01,,1.46,,-421.36,,,,False,TP
2026-07-14 00:22:00,,2026-07-14 00:27:00,,M1,,SELL,,4000.82,,,4002.02,,3996.7,,0.01,,3.98,,-417.38,,,,False,TP
2026-07-14 00:29:00,,2026-07-14 00:30:00,,M1,,BUY,,3998.32,,,3996.91,,3999.22,,0.01,,0.76,,-416.62,,,,False,TP
2026-07-14 00:30:00,,2026-07-14 00:31:00,,M1,,BUY,,3999.05,,,3995.99,,3999.83,,0.01,,0.64,,-415.98,,,,False,TP
2026-07-14 00:36:00,,2026-07-14 00:41:00,,M1,,SELL,,3998.9,,,4001.35,,3996.99,,0.01,,1.77,,-414.21,,,,False,TP
2026-07-14 00:48:00,,2026-07-14 00:49:00,,M1,,SELL,,3997.36,,,3998.81,,3996.07,,0.01,,1.15,,-413.06,,,,False,TP
2026-07-14 00:55:00,,2026-07-14 00:57:00,,M1,,BUY,,3995.14,,,3993.38,,4000.26,,0.01,,-1.9,,-414.96,,,,False,SL
2026-07-14 01:02:00,,2026-07-14 01:19:00,,M1,,SELL,,3992.79,,,3999.14,,3988.23,,0.01,,4.42,,-410.54,,,,False,TP
2026-07-14 01:06:00,,2026-07-14 01:20:00,,M1,,BUY,,3993.62,,,3987.94,,3998.32,,0.01,,-5.82,,-412.69,,,,False,SL
2026-07-14 01:16:00,,2026-07-14 01:19:00,,M1,,SELL,,3992.79,,,3999.09,,3988.98,,0.01,,3.67,,-406.87,,,,False,TP
2026-07-14 01:20:00,,2026-07-14 01:21:00,,M1,,SELL,,3988.42,,,3989.84,,3986.52,,0.01,,-1.56,,-414.25,,,,False,SL
2026-07-14 01:20:00,,2026-07-14 01:28:00,,M5,,SELL,,3988.42,,,3997.02,,3978.94,,0.01,,-8.74,,-422.99,,,,False,SL
2026-07-14 01:27:00,,2026-07-14 01:31:00,,M1,,BUY,,3995.94,,,3994.24,,4000.12,,0.01,,-1.84,,-426.0,,,,False,SL
2026-07-14 01:29:00,,2026-07-14 01:30:00,,M1,,BUY,,3995.87,,,3994.84,,4000.22,,0.01,,-1.17,,-424.16,,,,False,SL
2026-07-14 01:32:00,,2026-07-14 01:36:00,,M1,,BUY,,3996.95,,,3993.18,,4000.37,,0.01,,3.28,,-422.72,,,,False,TP
2026-07-14 01:37:00,,2026-07-14 01:45:00,,M1,,BUY,,3999.98,,,3997.51,,4000.74,,0.01,,0.62,,-422.1,,,,False,TP
2026-07-14 01:44:00,,2026-07-14 01:45:00,,M1,,BUY,,4000.59,,,3998.54,,4000.59,,0.01,,-0.14,,-422.24,,,,False,TP
2026-07-14 01:48:00,,2026-07-14 01:49:00,,M1,,BUY,,4000.01,,,3998.02,,3999.87,,0.01,,-0.28,,-422.52,,,,False,TP
2026-07-14 01:51:00,,2026-07-14 01:52:00,,M1,,BUY,,4001.28,,,3998.26,,4000.05,,0.01,,-1.37,,-423.89,,,,False,TP
2026-07-14 01:53:00,,2026-07-14 02:21:00,,M1,,BUY,,4002.59,,,3997.74,,4008.51,,0.01,,-4.99,,-429.74,,,,False,SL
2026-07-14 01:57:00,,2026-07-14 01:59:00,,M1,,SELL,,4002.15,,,4008.71,,3998.6,,0.01,,3.41,,-420.48,,,,False,TP
2026-07-14 02:00:00,,2026-07-14 09:16:00,,H1,,BUY,,4001.9,,,3977.35,,4018.3,,0.01,,16.26,,-479.83,,,,False,TP
2026-07-14 02:04:00,,2026-07-14 02:05:00,,M1,,BUY,,4002.4,,,3998.13,,4000.48,,0.01,,-2.06,,-422.54,,,,False,TP
2026-07-14 02:10:00,,2026-07-14 02:11:00,,M1,,BUY,,4000.54,,,3998.47,,4000.82,,0.01,,-2.21,,-424.75,,,,False,SL
2026-07-14 02:20:00,,2026-07-14 02:40:00,,M5,,SELL,,3999.31,,,4002.0,,3993.83,,0.01,,5.34,,-417.31,,,,False,TP
2026-07-14 02:24:00,,2026-07-14 02:25:00,,M1,,BUY,,3998.93,,,3996.09,,3999.38,,0.01,,0.31,,-429.43,,,,False,TP
2026-07-14 02:30:00,,2026-07-14 02:39:00,,M5,,SELL,,3998.36,,,4002.93,,3994.09,,0.01,,4.13,,-422.65,,,,False,TP
2026-07-14 02:30:00,,2026-07-14 07:07:00,,M30,,BUY,,3998.5,,,3990.46,,4011.27,,0.01,,-8.18,,-458.62,,,,False,SL
2026-07-14 02:34:00,,2026-07-14 02:36:00,,M1,,SELL,,3999.31,,,4001.76,,3996.52,,0.01,,2.65,,-426.78,,,,False,TP
2026-07-14 02:59:00,,2026-07-14 03:00:00,,M1,,BUY,,4001.52,,,3998.66,,4000.36,,0.01,,-1.3,,-418.61,,,,False,TP
2026-07-14 03:21:00,,2026-07-14 03:23:00,,M1,,BUY,,3999.39,,,3998.53,,4000.24,,0.01,,-1.0,,-419.61,,,,False,SL
2026-07-14 03:26:00,,2026-07-14 03:30:00,,M1,,BUY,,3999.4,,,3997.74,,4000.09,,0.01,,0.55,,-419.06,,,,False,TP
2026-07-14 03:33:00,,2026-07-14 03:34:00,,M1,,BUY,,3999.69,,,3997.81,,3999.09,,0.01,,-0.74,,-419.8,,,,False,TP
2026-07-14 03:35:00,,2026-07-14 03:56:00,,M5,,BUY,,3998.72,,,3996.49,,4001.13,,0.01,,2.27,,-420.42,,,,False,TP
2026-07-14 03:44:00,,2026-07-14 03:45:00,,M1,,BUY,,3999.6,,,3997.88,,3999.04,,0.01,,-0.7,,-420.5,,,,False,TP
2026-07-14 03:50:00,,2026-07-14 05:03:00,,M5,,SELL,,3999.07,,,4002.15,,3995.51,,0.01,,-3.22,,-423.64,,,,False,SL
2026-07-14 03:52:00,,2026-07-14 03:55:00,,M1,,SELL,,3998.48,,,4000.53,,3997.08,,0.01,,-2.19,,-422.69,,,,False,SL
2026-07-14 03:55:00,,2026-07-14 06:31:00,,M5,,BUY,,4001.04,,,3996.44,,4008.8,,0.01,,-4.74,,-447.03,,,,False,SL
2026-07-14 05:08:00,,2026-07-14 06:21:00,,M1,,BUY,,4003.64,,,3998.44,,4008.38,,0.01,,-5.34,,-445.64,,,,False,SL
2026-07-14 05:13:00,,2026-07-14 06:21:00,,M1,,BUY,,4003.35,,,3998.61,,4008.03,,0.01,,-4.88,,-450.52,,,,False,SL
2026-07-14 05:15:00,,2026-07-14 05:37:00,,M1,,BUY,,4004.14,,,4003.13,,4009.94,,0.01,,-1.15,,-436.86,,,,False,SL
2026-07-14 05:17:00,,2026-07-14 05:32:00,,M1,,BUY,,4004.64,,,4003.67,,4009.4,,0.01,,-1.11,,-435.71,,,,False,SL
2026-07-14 05:25:00,,2026-07-14 05:26:00,,M1,,SELL,,4004.27,,,4008.82,,4007.69,,0.01,,-3.56,,-427.2,,,,False,TP
2026-07-14 05:25:00,,2026-07-14 05:53:00,,M5,,BUY,,4004.41,,,4002.83,,4011.68,,0.01,,-1.72,,-440.69,,,,False,SL
2026-07-14 05:26:00,,2026-07-14 05:27:00,,M1,,SELL,,4004.5,,,4009.06,,4007.96,,0.01,,-3.6,,-430.8,,,,False,TP
2026-07-14 05:30:00,,2026-07-14 05:31:00,,M1,,SELL,,4004.19,,,4008.76,,4007.85,,0.01,,-3.8,,-434.6,,,,False,TP
2026-07-14 05:33:00,,2026-07-14 06:20:00,,M1,,SELL,,4003.73,,,4009.09,,3998.85,,0.01,,4.74,,-440.3,,,,False,TP
2026-07-14 05:40:00,,2026-07-14 06:21:00,,M1,,SELL,,4003.49,,,4008.94,,3998.72,,0.01,,4.63,,-445.89,,,,False,TP
2026-07-14 05:43:00,,2026-07-14 06:21:00,,M1,,SELL,,4003.35,,,4008.86,,3998.29,,0.01,,4.92,,-440.97,,,,False,TP
2026-07-14 05:45:00,,2026-07-14 05:51:00,,M1,,BUY,,4004.05,,,4003.35,,4009.55,,0.01,,-0.84,,-438.97,,,,False,SL
2026-07-14 05:49:00,,2026-07-14 05:50:00,,M1,,BUY,,4004.88,,,4003.75,,4009.22,,0.01,,-1.27,,-438.13,,,,False,SL
2026-07-14 05:50:00,,2026-07-14 06:21:00,,M5,,BUY,,4003.91,,,3998.41,,4008.33,,0.01,,-5.64,,-446.61,,,,False,SL
2026-07-14 05:57:00,,2026-07-14 06:03:00,,M1,,SELL,,4002.34,,,4002.88,,3997.96,,0.01,,-0.68,,-441.37,,,,False,SL
2026-07-14 06:04:00,,2026-07-14 06:05:00,,M1,,BUY,,4002.68,,,3997.91,,3999.15,,0.01,,-3.67,,-445.04,,,,False,TP
2026-07-14 06:11:00,,2026-07-14 06:21:00,,M1,,SELL,,4001.79,,,4002.28,,3997.9,,0.01,,3.75,,-442.86,,,,False,TP
2026-07-14 06:19:00,,2026-07-14 06:23:00,,M1,,SELL,,3999.33,,,3999.92,,3997.59,,0.01,,-0.73,,-443.59,,,,False,SL
2026-07-14 06:28:00,,2026-07-14 06:30:00,,M1,,SELL,,3998.5,,,4000.17,,3997.06,,0.01,,1.3,,-442.29,,,,False,TP
2026-07-14 06:34:00,,2026-07-14 06:49:00,,M1,,SELL,,3994.43,,,3998.45,,3988.72,,0.01,,-4.16,,-456.16,,,,False,SL
2026-07-14 06:35:00,,2026-07-14 06:36:00,,M1,,SELL,,3994.74,,,3998.57,,3997.18,,0.01,,-2.58,,-449.61,,,,False,TP
2026-07-14 06:38:00,,2026-07-14 06:39:00,,M1,,SELL,,3994.97,,,3998.54,,3997.22,,0.01,,-2.39,,-452.0,,,,False,TP
2026-07-14 06:50:00,,2026-07-14 07:00:00,,M5,,BUY,,3997.48,,,3991.3,,4001.65,,0.01,,4.03,,-451.29,,,,False,TP
2026-07-14 06:56:00,,2026-07-14 06:59:00,,M1,,BUY,,3999.59,,,3997.43,,4000.57,,0.01,,0.84,,-455.32,,,,False,TP
2026-07-14 07:00:00,,2026-07-14 07:08:00,,M15,,BUY,,4001.29,,,3989.69,,4008.42,,0.01,,-11.74,,-470.36,,,,False,SL
2026-07-14 07:04:00,,2026-07-14 07:05:00,,M1,,SELL,,3996.88,,,3999.45,,3995.89,,0.01,,0.85,,-450.44,,,,False,TP
2026-07-14 07:05:00,,2026-07-14 07:08:00,,M5,,SELL,,3994.75,,,4006.56,,3987.99,,0.01,,6.62,,-463.74,,,,False,TP
2026-07-14 07:12:00,,2026-07-14 07:14:00,,M1,,BUY,,3998.28,,,3994.22,,4001.58,,0.01,,-4.2,,-467.94,,,,False,SL
2026-07-14 07:16:00,,2026-07-14 07:20:00,,M1,,SELL,,3992.06,,,3999.4,,3988.31,,0.01,,3.61,,-464.33,,,,False,TP
2026-07-14 07:20:00,,2026-07-14 07:29:00,,M1,,SELL,,3987.8,,,3993.68,,3985.66,,0.01,,-6.02,,-471.84,,,,False,SL
2026-07-14 07:23:00,,2026-07-14 07:24:00,,M1,,BUY,,3989.26,,,3987.02,,3991.23,,0.01,,-2.38,,-466.71,,,,False,SL
2026-07-14 07:26:00,,2026-07-14 07:28:00,,M1,,BUY,,3990.21,,,3987.82,,3991.24,,0.01,,0.89,,-465.82,,,,False,TP
2026-07-14 07:28:00,,2026-07-14 07:33:00,,M1,,BUY,,3992.54,,,3987.54,,3998.15,,0.01,,5.47,,-468.3,,,,False,TP
2026-07-14 07:30:00,,2026-07-14 07:31:00,,M30,,SELL,,3995.56,,,4010.69,,3997.35,,0.01,,-1.93,,-473.77,,,,False,TP
2026-07-14 07:32:00,,2026-07-14 07:34:00,,M1,,BUY,,3996.77,,,3993.04,,4001.52,,0.01,,4.61,,-463.69,,,,False,TP
2026-07-14 07:39:00,,2026-07-14 07:42:00,,M1,,BUY,,4004.73,,,4001.86,,4011.84,,0.01,,-3.01,,-466.7,,,,False,SL
2026-07-14 07:45:00,,2026-07-14 08:01:00,,M1,,BUY,,4003.04,,,3997.69,,4008.5,,0.01,,-5.49,,-472.19,,,,False,SL
2026-07-14 07:55:00,,2026-07-14 08:01:00,,M1,,BUY,,4004.51,,,4001.11,,4010.94,,0.01,,-3.54,,-475.73,,,,False,SL
2026-07-14 08:00:00,,2026-07-14 08:01:00,,M5,,BUY,,4004.33,,,3997.0,,4008.35,,0.01,,-7.47,,-483.2,,,,False,SL
2026-07-14 08:09:00,,2026-07-14 08:18:00,,M1,,BUY,,3995.65,,,3990.61,,4001.73,,0.01,,5.94,,-477.26,,,,False,TP
2026-07-14 08:28:00,,2026-07-14 08:32:00,,M1,,SELL,,3996.85,,,4000.99,,3995.08,,0.01,,-4.28,,-481.54,,,,False,SL
2026-07-14 08:30:00,,2026-07-14 08:33:00,,M5,,SELL,,3997.91,,,4002.62,,3992.8,,0.01,,-4.85,,-486.39,,,,False,SL
2026-07-14 08:41:00,,2026-07-14 08:42:00,,M1,,SELL,,3995.71,,,3999.58,,3988.49,,0.01,,-4.01,,-490.4,,,,False,SL
2026-07-14 08:46:00,,2026-07-14 08:53:00,,M1,,SELL,,4000.46,,,4005.32,,3996.18,,0.01,,-5.0,,-495.4,,,,False,SL
2026-07-14 08:52:00,,2026-07-14 08:59:00,,M1,,BUY,,4003.4,,,3997.52,,4008.88,,0.01,,5.34,,-490.06,,,,False,TP
2026-07-14 09:07:00,,2026-07-14 09:10:00,,M1,,SELL,,4008.58,,,4011.94,,4006.23,,0.01,,-3.5,,-493.56,,,,False,SL
2026-07-14 09:12:00,,2026-07-14 09:13:00,,M1,,BUY,,4013.13,,,4008.03,,4010.74,,0.01,,-2.53,,-496.09,,,,False,TP
2026-07-14 09:20:00,,2026-07-14 09:26:00,,M1,,BUY,,4018.16,,,4013.98,,4021.19,,0.01,,-4.32,,-484.15,,,,False,SL
2026-07-14 09:26:00,,2026-07-14 09:27:00,,M1,,SELL,,4014.97,,,4019.04,,4016.53,,0.01,,-1.7,,-485.85,,,,False,TP
2026-07-14 09:31:00,,2026-07-14 09:32:00,,M1,,SELL,,4016.35,,,4020.08,,4015.41,,0.01,,0.8,,-485.05,,,,False,TP
2026-07-14 09:53:00,,2026-07-14 09:54:00,,M1,,BUY,,4011.03,,,4007.85,,4009.72,,0.01,,-1.45,,-486.5,,,,False,TP
2026-07-14 09:55:00,,2026-07-14 09:58:00,,M1,,SELL,,4010.78,,,4012.15,,4006.64,,0.01,,-1.51,,-489.14,,,,False,SL
2026-07-14 09:56:00,,2026-07-14 09:57:00,,M1,,BUY,,4011.3,,,4008.64,,4010.31,,0.01,,-1.13,,-487.63,,,,False,TP
2026-07-14 10:00:00,,2026-07-14 19:31:00,,H4,,BUY,,4012.44,,,3966.94,,4048.63,,0.01,,36.05,,-466.27,,,,False,TP
2026-07-14 10:02:00,,2026-07-14 10:04:00,,M1,,BUY,,4014.4,,,4012.97,,4020.01,,0.01,,-1.57,,-490.71,,,,False,SL
2026-07-14 10:06:00,,2026-07-14 10:15:00,,M1,,BUY,,4014.2,,,4012.39,,4019.93,,0.01,,-1.95,,-493.9,,,,False,SL
2026-07-14 10:08:00,,2026-07-14 10:09:00,,M1,,BUY,,4015.88,,,4014.78,,4019.91,,0.01,,-1.24,,-491.95,,,,False,SL
2026-07-14 10:10:00,,2026-07-14 10:28:00,,M5,,BUY,,4014.4,,,4007.56,,4018.08,,0.01,,3.54,,-496.56,,,,False,TP
2026-07-14 10:11:00,,2026-07-14 10:15:00,,M1,,BUY,,4014.91,,,4012.36,,4019.72,,0.01,,-2.69,,-496.59,,,,False,SL
2026-07-14 10:15:00,,2026-07-14 10:16:00,,M1,,SELL,,4013.94,,,4019.12,,4017.31,,0.01,,-3.51,,-500.1,,,,False,TP
2026-07-14 10:25:00,,2026-07-14 11:37:00,,M5,,BUY,,4016.0,,,4008.8,,4023.49,,0.01,,7.35,,-498.63,,,,False,TP
2026-07-14 10:33:00,,2026-07-14 10:34:00,,M1,,SELL,,4017.01,,,4019.82,,4016.13,,0.01,,0.74,,-495.82,,,,False,TP
2026-07-14 10:35:00,,2026-07-14 11:33:00,,M5,,SELL,,4015.0,,,4021.39,,4008.55,,0.01,,-6.53,,-510.32,,,,False,SL
2026-07-14 10:36:00,,2026-07-14 10:37:00,,M1,,SELL,,4015.51,,,4019.29,,4017.3,,0.01,,-1.93,,-497.75,,,,False,TP
2026-07-14 10:42:00,,2026-07-14 10:43:00,,M1,,SELL,,4014.95,,,4018.64,,4016.75,,0.01,,-1.94,,-499.69,,,,False,TP
2026-07-14 10:56:00,,2026-07-14 10:58:00,,M1,,SELL,,4016.81,,,4018.45,,4016.0,,0.01,,0.67,,-499.02,,,,False,TP
2026-07-14 11:02:00,,2026-07-14 11:10:00,,M1,,SELL,,4016.09,,,4019.61,,4015.66,,0.01,,0.29,,-499.81,,,,False,TP
2026-07-14 11:08:00,,2026-07-14 11:09:00,,M1,,SELL,,4016.62,,,4019.06,,4017.56,,0.01,,-1.08,,-500.1,,,,False,TP
2026-07-14 11:14:00,,2026-07-14 11:33:00,,M1,,BUY,,4015.17,,,4012.9,,4019.65,,0.01,,4.34,,-505.98,,,,False,TP
2026-07-14 11:21:00,,2026-07-14 11:22:00,,M1,,BUY,,4016.16,,,4014.31,,4019.76,,0.01,,-1.99,,-501.8,,,,False,SL
2026-07-14 11:24:00,,2026-07-14 11:25:00,,M1,,BUY,,4015.12,,,4014.35,,4019.72,,0.01,,-0.91,,-502.71,,,,False,SL
2026-07-14 11:28:00,,2026-07-14 11:29:00,,M1,,BUY,,4016.91,,,4015.97,,4019.58,,0.01,,-1.08,,-503.79,,,,False,SL
2026-07-14 11:36:00,,2026-07-14 11:37:00,,M1,,SELL,,4022.25,,,4022.93,,4017.14,,0.01,,-0.82,,-499.45,,,,False,SL
2026-07-14 11:40:00,,2026-07-14 11:51:00,,M1,,SELL,,4021.9,,,4022.7,,4016.97,,0.01,,4.79,,-494.66,,,,False,TP
2026-07-14 11:41:00,,2026-07-14 11:51:00,,M1,,SELL,,4021.55,,,4022.98,,4017.6,,0.01,,3.81,,-490.85,,,,False,TP
2026-07-14 11:45:00,,2026-07-14 11:51:00,,M1,,SELL,,4020.65,,,4022.41,,4016.88,,0.01,,3.63,,-487.22,,,,False,TP
2026-07-14 11:57:00,,2026-07-14 11:58:00,,M1,,SELL,,4018.69,,,4019.59,,4016.95,,0.01,,-1.04,,-488.26,,,,False,SL
2026-07-14 12:00:00,,2026-07-14 12:33:00,,M15,,BUY,,4020.6,,,4012.6,,4027.89,,0.01,,7.15,,-494.04,,,,False,TP
2026-07-14 12:02:00,,2026-07-14 12:03:00,,M1,,BUY,,4021.57,,,4018.1,,4019.8,,0.01,,-1.91,,-490.17,,,,False,TP
2026-07-14 12:06:00,,2026-07-14 12:33:00,,M1,,BUY,,4021.99,,,4017.76,,4028.16,,0.01,,6.03,,-488.01,,,,False,TP
2026-07-14 12:07:00,,2026-07-14 12:08:00,,M1,,BUY,,4021.52,,,4018.61,,4020.33,,0.01,,-1.33,,-491.5,,,,False,TP
2026-07-14 12:10:00,,2026-07-14 12:33:00,,M5,,BUY,,4022.92,,,4017.78,,4028.7,,0.01,,5.64,,-482.37,,,,False,TP
2026-07-14 12:17:00,,2026-07-14 12:31:00,,M1,,SELL,,4020.92,,,4024.66,,4016.72,,0.01,,-3.88,,-496.79,,,,False,SL
2026-07-14 12:20:00,,2026-07-14 12:33:00,,M1,,BUY,,4021.55,,,4018.6,,4028.12,,0.01,,6.43,,-475.94,,,,False,TP
2026-07-14 12:20:00,,2026-07-14 12:31:00,,M5,,SELL,,4021.41,,,4025.67,,4015.56,,0.01,,-4.4,,-501.19,,,,False,SL
2026-07-14 12:21:00,,2026-07-14 12:22:00,,M1,,BUY,,4021.39,,,4018.61,,4020.12,,0.01,,-1.41,,-492.91,,,,False,TP
2026-07-14 12:22:00,,2026-07-14 12:33:00,,M1,,BUY,,4022.6,,,4018.61,,4028.06,,0.01,,5.32,,-470.62,,,,False,TP
2026-07-14 12:26:00,,2026-07-14 12:33:00,,M1,,BUY,,4022.55,,,4018.31,,4028.2,,0.01,,5.51,,-465.11,,,,False,TP
2026-07-14 12:29:00,,2026-07-14 12:34:00,,M1,,BUY,,4023.32,,,4018.41,,4028.83,,0.01,,5.37,,-454.76,,,,False,TP
2026-07-14 12:30:00,,2026-07-14 12:33:00,,M5,,BUY,,4022.9,,,4018.06,,4028.02,,0.01,,4.98,,-460.13,,,,False,TP
2026-07-14 12:40:00,,2026-07-14 12:43:00,,M5,,BUY,,4028.22,,,4025.54,,4031.79,,0.01,,3.43,,-451.33,,,,False,TP
2026-07-14 12:48:00,,2026-07-14 12:49:00,,M1,,SELL,,4030.51,,,4031.57,,4027.08,,0.01,,-1.2,,-452.53,,,,False,SL
2026-07-14 12:50:00,,2026-07-14 12:57:00,,M5,,BUY,,4030.95,,,4027.52,,4031.95,,0.01,,0.86,,-452.77,,,,False,TP
2026-07-14 12:53:00,,2026-07-14 12:55:00,,M1,,SELL,,4030.37,,,4031.33,,4027.19,,0.01,,-1.1,,-453.63,,,,False,SL
2026-07-14 12:56:00,,2026-07-14 13:22:00,,M1,,BUY,,4031.7,,,4027.75,,4038.4,,0.01,,-4.09,,-464.07,,,,False,SL
2026-07-14 13:00:00,,2026-07-14 13:01:00,,M1,,BUY,,4031.54,,,4027.73,,4029.45,,0.01,,-2.23,,-455.0,,,,False,TP
2026-07-14 13:00:00,,2026-07-14 13:26:00,,M15,,BUY,,4031.54,,,4025.76,,4037.43,,0.01,,-5.92,,-476.23,,,,False,SL
2026-07-14 13:01:00,,2026-07-14 13:11:00,,M1,,SELL,,4030.72,,,4033.03,,4027.04,,0.01,,-2.45,,-459.98,,,,False,SL
2026-07-14 13:03:00,,2026-07-14 13:04:00,,M1,,BUY,,4031.13,,,4028.25,,4029.97,,0.01,,-1.3,,-456.3,,,,False,TP
2026-07-14 13:05:00,,2026-07-14 13:06:00,,M1,,SELL,,4029.92,,,4031.01,,4027.12,,0.01,,-1.23,,-457.53,,,,False,SL
2026-07-14 13:10:00,,2026-07-14 13:23:00,,M5,,BUY,,4032.12,,,4027.13,,4038.11,,0.01,,-5.13,,-469.2,,,,False,SL
2026-07-14 13:24:00,,2026-07-14 13:25:00,,M1,,SELL,,4026.94,,,4027.91,,4026.03,,0.01,,-1.11,,-470.31,,,,False,SL
2026-07-14 13:29:00,,2026-07-14 14:09:00,,M1,,SELL,,4024.67,,,4028.55,,4018.79,,0.01,,-4.02,,-478.23,,,,False,SL
2026-07-14 13:44:00,,2026-07-14 14:01:00,,M1,,BUY,,4024.02,,,4022.12,,4029.84,,0.01,,-2.04,,-478.27,,,,False,SL
2026-07-14 13:45:00,,2026-07-14 14:01:00,,M15,,SELL,,4025.22,,,4029.6,,4021.02,,0.01,,4.06,,-474.21,,,,False,TP
2026-07-14 14:05:00,,2026-07-14 14:53:00,,M1,,BUY,,4025.82,,,4022.03,,4030.06,,0.01,,-3.93,,-486.88,,,,False,SL
2026-07-14 14:11:00,,2026-07-14 14:12:00,,M1,,SELL,,4027.29,,,4029.8,,4026.4,,0.01,,0.75,,-477.48,,,,False,TP
2026-07-14 14:14:00,,2026-07-14 14:23:00,,M1,,SELL,,4025.1,,,4028.65,,4018.62,,0.01,,-3.69,,-481.17,,,,False,SL
2026-07-14 14:16:00,,2026-07-14 14:34:00,,M1,,BUY,,4025.8,,,4023.64,,4030.44,,0.01,,-2.3,,-482.95,,,,False,SL
2026-07-14 14:23:00,,2026-07-14 14:25:00,,M1,,BUY,,4028.54,,,4025.55,,4029.11,,0.01,,0.43,,-480.74,,,,False,TP
2026-07-14 14:30:00,,2026-07-14 14:31:00,,M1,,SELL,,4026.33,,,4029.92,,4026.1,,0.01,,0.09,,-480.65,,,,False,TP
2026-07-14 14:53:00,,2026-07-14 14:59:00,,M1,,BUY,,4024.1,,,4021.21,,4029.54,,0.01,,-3.03,,-489.91,,,,False,SL
2026-07-14 14:55:00,,2026-07-14 15:00:00,,M5,,BUY,,4025.4,,,4020.18,,4032.17,,0.01,,-5.36,,-495.27,,,,False,SL
2026-07-14 15:00:00,,2026-07-14 15:02:00,,M1,,SELL,,4020.7,,,4021.68,,4016.64,,0.01,,-1.12,,-496.39,,,,False,SL
2026-07-14 15:05:00,,2026-07-14 15:06:00,,M1,,SELL,,4018.93,,,4019.88,,4016.52,,0.01,,-1.09,,-497.48,,,,False,SL
2026-07-14 15:09:00,,2026-07-14 15:10:00,,M1,,SELL,,4017.58,,,4020.72,,4016.77,,0.01,,0.67,,-496.81,,,,False,TP
2026-07-14 15:13:00,,2026-07-14 15:16:00,,M1,,SELL,,4017.28,,,4018.2,,4016.06,,0.01,,-1.06,,-497.87,,,,False,SL
2026-07-14 15:25:00,,2026-07-14 15:27:00,,M1,,SELL,,4019.7,,,4021.54,,4016.77,,0.01,,-1.98,,-499.85,,,,False,SL
2026-07-14 15:28:00,,2026-07-14 15:52:00,,M1,,BUY,,4022.33,,,4018.22,,4028.36,,0.01,,-4.25,,-506.32,,,,False,SL
2026-07-14 15:31:00,,2026-07-14 15:52:00,,M1,,BUY,,4023.99,,,4018.17,,4028.97,,0.01,,-5.96,,-512.28,,,,False,SL
2026-07-14 15:41:00,,2026-07-14 15:42:00,,M1,,BUY,,4021.13,,,4017.96,,4020.11,,0.01,,-1.16,,-501.01,,,,False,TP
2026-07-14 15:45:00,,2026-07-14 16:01:00,,M15,,BUY,,4019.41,,,4015.61,,4025.14,,0.01,,-3.94,,-517.49,,,,False,SL
2026-07-14 15:46:00,,2026-07-14 15:47:00,,M1,,BUY,,4020.51,,,4018.4,,4020.5,,0.01,,-0.15,,-501.16,,,,False,TP
2026-07-14 15:50:00,,2026-07-14 15:51:00,,M1,,SELL,,4019.16,,,4019.93,,4016.96,,0.01,,-0.91,,-502.07,,,,False,SL
2026-07-14 15:51:00,,2026-07-14 15:52:00,,M1,,BUY,,4019.06,,,4017.93,,4019.67,,0.01,,-1.27,,-513.55,,,,False,SL
2026-07-14 15:55:00,,2026-07-14 16:01:00,,M5,,BUY,,4019.65,,,4015.71,,4021.88,,0.01,,-4.08,,-521.57,,,,False,SL
2026-07-14 16:00:00,,2026-07-14 16:01:00,,M1,,SELL,,4015.87,,,4018.54,,4016.89,,0.01,,-1.16,,-522.73,,,,False,TP
2026-07-14 16:00:00,,2026-07-14 18:34:00,,M30,,SELL,,4015.87,,,4028.65,,4008.36,,0.01,,-12.92,,-513.76,,,,False,SL
2026-07-14 16:06:00,,2026-07-14 16:07:00,,M1,,BUY,,4020.16,,,4018.19,,4020.0,,0.01,,-0.3,,-523.03,,,,False,TP
2026-07-14 16:10:00,,2026-07-14 16:11:00,,M1,,BUY,,4021.35,,,4018.47,,4020.29,,0.01,,-1.2,,-524.23,,,,False,TP
2026-07-14 16:15:00,,2026-07-14 16:30:00,,M1,,SELL,,4020.66,,,4021.95,,4016.57,,0.01,,3.95,,-520.28,,,,False,TP
2026-07-14 16:15:00,,2026-07-14 18:34:00,,M15,,BUY,,4020.8,,,4010.5,,4028.77,,0.01,,7.83,,-505.93,,,,False,TP
2026-07-14 16:22:00,,2026-07-14 16:30:00,,M1,,SELL,,4020.03,,,4022.08,,4017.05,,0.01,,2.84,,-517.44,,,,False,TP
2026-07-14 16:33:00,,2026-07-14 16:34:00,,M1,,BUY,,4015.77,,,4014.48,,4020.45,,0.01,,-1.43,,-518.87,,,,False,SL
2026-07-14 17:05:00,,2026-07-14 18:15:00,,M5,,SELL,,4019.68,,,4024.08,,4014.44,,0.01,,-4.54,,-517.46,,,,False,SL
2026-07-14 17:06:00,,2026-07-14 17:26:00,,M1,,SELL,,4018.58,,,4020.78,,4016.67,,0.01,,1.77,,-515.02,,,,False,TP
2026-07-14 17:16:00,,2026-07-14 17:19:00,,M1,,BUY,,4018.89,,,4016.67,,4019.48,,0.01,,0.45,,-518.42,,,,False,TP
2026-07-14 17:20:00,,2026-07-14 17:23:00,,M1,,SELL,,4018.95,,,4020.69,,4017.18,,0.01,,1.63,,-516.79,,,,False,TP
2026-07-14 17:25:00,,2026-07-14 17:26:00,,M1,,BUY,,4017.67,,,4016.59,,4018.31,,0.01,,-1.22,,-516.24,,,,False,SL
2026-07-14 17:29:00,,2026-07-14 17:32:00,,M1,,BUY,,4016.79,,,4015.84,,4019.49,,0.01,,-1.09,,-517.33,,,,False,SL
2026-07-14 17:30:00,,2026-07-14 17:32:00,,M5,,SELL,,4017.78,,,4019.73,,4015.63,,0.01,,2.01,,-515.32,,,,False,TP
2026-07-14 17:35:00,,2026-07-14 17:48:00,,M5,,SELL,,4016.13,,,4020.44,,4014.15,,0.01,,-4.45,,-519.5,,,,False,SL
2026-07-14 17:40:00,,2026-07-14 18:26:00,,M5,,BUY,,4019.13,,,4013.49,,4028.29,,0.01,,9.02,,-508.44,,,,False,TP
2026-07-14 17:45:00,,2026-07-14 17:46:00,,M1,,BUY,,4019.44,,,4017.6,,4019.85,,0.01,,0.27,,-515.05,,,,False,TP
2026-07-14 17:45:00,,2026-07-14 18:34:00,,M15,,BUY,,4019.44,,,4012.13,,4028.78,,0.01,,9.2,,-496.73,,,,False,TP
2026-07-14 18:00:00,,2026-07-14 19:31:00,,H4,,BUY,,4021.86,,,3998.02,,4050.16,,0.01,,28.16,,-438.11,,,,False,TP
2026-07-14 18:06:00,,2026-07-14 18:09:00,,M1,,SELL,,4020.97,,,4022.02,,4017.31,,0.01,,3.52,,-515.98,,,,False,TP
2026-07-14 18:07:00,,2026-07-14 18:09:00,,M1,,SELL,,4020.22,,,4022.52,,4017.53,,0.01,,2.55,,-513.43,,,,False,TP
2026-07-14 18:12:00,,2026-07-14 18:13:00,,M1,,BUY,,4018.11,,,4016.73,,4018.76,,0.01,,0.51,,-512.92,,,,False,TP
2026-07-14 18:13:00,,2026-07-14 18:26:00,,M1,,BUY,,4020.55,,,4016.54,,4028.29,,0.01,,7.6,,-500.84,,,,False,TP
2026-07-14 18:31:00,,2026-07-14 18:49:00,,M1,,BUY,,4025.54,,,4023.69,,4030.53,,0.01,,4.85,,-492.88,,,,False,TP
2026-07-14 18:36:00,,2026-07-14 18:37:00,,M1,,BUY,,4030.37,,,4026.71,,4030.02,,0.01,,-0.49,,-497.22,,,,False,TP
2026-07-14 18:42:00,,2026-07-14 18:43:00,,M1,,BUY,,4029.02,,,4026.67,,4029.72,,0.01,,0.56,,-496.66,,,,False,TP
2026-07-14 18:47:00,,2026-07-14 18:48:00,,M1,,SELL,,4026.9,,,4027.83,,4025.83,,0.01,,-1.07,,-497.73,,,,False,SL
2026-07-14 18:52:00,,2026-07-14 18:53:00,,M1,,SELL,,4027.6,,,4028.52,,4026.34,,0.01,,-1.06,,-493.94,,,,False,SL
2026-07-14 18:55:00,,2026-07-14 18:57:00,,M1,,BUY,,4029.29,,,4027.94,,4030.3,,0.01,,0.87,,-493.07,,,,False,TP
2026-07-14 19:02:00,,2026-07-14 19:03:00,,M1,,BUY,,4031.63,,,4028.38,,4030.2,,0.01,,-1.57,,-494.64,,,,False,TP
2026-07-14 19:05:00,,2026-07-14 19:08:00,,M5,,BUY,,4030.09,,,4027.42,,4032.67,,0.01,,-2.81,,-497.45,,,,False,SL
2026-07-14 19:15:00,,2026-07-14 19:31:00,,M15,,SELL,,4025.92,,,4039.16,,4018.34,,0.01,,-13.38,,-451.49,,,,False,SL
2026-07-14 19:21:00,,2026-07-14 19:26:00,,M1,,SELL,,4023.76,,,4029.2,,4018.93,,0.01,,-5.58,,-503.03,,,,False,SL
2026-07-14 19:26:00,,2026-07-14 19:29:00,,M1,,BUY,,4028.54,,,4026.55,,4029.39,,0.01,,0.71,,-502.32,,,,False,TP
2026-07-14 19:30:00,,2026-07-14 19:31:00,,M1,,BUY,,4029.69,,,4027.36,,4030.54,,0.01,,0.71,,-450.78,,,,False,TP
2026-07-14 19:39:00,,2026-07-14 19:42:00,,M1,,SELL,,4087.05,,,4091.56,,4081.13,,0.01,,-4.65,,-455.43,,,,False,SL
2026-07-14 19:44:00,,2026-07-14 19:52:00,,M1,,SELL,,4089.73,,,4097.81,,4081.5,,0.01,,8.09,,-447.34,,,,False,TP
2026-07-14 19:49:00,,2026-07-14 19:52:00,,M1,,SELL,,4083.87,,,4089.65,,4078.59,,0.01,,5.14,,-442.2,,,,False,TP
2026-07-14 19:56:00,,2026-07-14 20:02:00,,M1,,SELL,,4073.82,,,4079.42,,4068.4,,0.01,,-5.74,,-447.94,,,,False,SL
2026-07-14 20:00:00,,2026-07-14 20:02:00,,M5,,SELL,,4076.27,,,4082.17,,4068.36,,0.01,,-6.04,,-453.98,,,,False,SL
2026-07-14 20:01:00,,2026-07-14 20:24:00,,M1,,BUY,,4076.27,,,4070.33,,4083.8,,0.01,,7.39,,-446.59,,,,False,TP
2026-07-14 20:13:00,,2026-07-14 20:24:00,,M1,,SELL,,4075.51,,,4081.38,,4068.25,,0.01,,-6.01,,-452.6,,,,False,SL
2026-07-14 20:36:00,,2026-07-14 20:38:00,,M1,,BUY,,4079.95,,,4076.8,,4082.41,,0.01,,2.32,,-450.28,,,,False,TP
2026-07-14 20:44:00,,2026-07-14 20:47:00,,M1,,BUY,,4086.02,,,4080.87,,4091.91,,0.01,,-5.29,,-455.57,,,,False,SL
2026-07-14 20:59:00,,2026-07-14 21:02:00,,M1,,SELL,,4076.51,,,4080.44,,4074.37,,0.01,,-4.07,,-459.64,,,,False,SL
2026-07-14 21:05:00,,2026-07-14 21:14:00,,M5,,SELL,,4073.85,,,4084.76,,4068.41,,0.01,,-11.05,,-470.69,,,,False,SL
2026-07-14 21:10:00,,2026-07-14 21:16:00,,M1,,BUY,,4080.1,,,4075.89,,4088.64,,0.01,,-4.35,,-479.0,,,,False,SL
2026-07-14 21:10:00,,2026-07-14 21:35:00,,M5,,BUY,,4080.1,,,4068.26,,4088.09,,0.01,,7.85,,-476.18,,,,False,TP
2026-07-14 21:11:00,,2026-07-14 21:14:00,,M1,,SELL,,4078.97,,,4082.79,,4074.83,,0.01,,-3.96,,-474.65,,,,False,SL
2026-07-14 21:15:00,,2026-07-14 21:16:00,,M1,,BUY,,4082.4,,,4077.51,,4088.92,,0.01,,-5.03,,-484.03,,,,False,SL
2026-07-14 21:30:00,,2026-07-14 21:35:00,,M5,,BUY,,4077.06,,,4069.59,,4088.66,,0.01,,11.46,,-464.72,,,,False,TP
2026-07-14 21:35:00,,2026-07-14 22:05:00,,M5,,BUY,,4080.33,,,4068.51,,4088.13,,0.01,,7.66,,-453.93,,,,False,TP
2026-07-14 21:40:00,,2026-07-14 21:55:00,,M1,,BUY,,4079.82,,,4077.21,,4083.09,,0.01,,3.13,,-461.59,,,,False,TP
2026-07-14 21:53:00,,2026-07-14 22:05:00,,M1,,BUY,,4082.22,,,4077.66,,4088.73,,0.01,,6.37,,-447.56,,,,False,TP
2026-07-14 21:55:00,,2026-07-14 22:05:00,,M5,,BUY,,4082.89,,,4073.48,,4088.09,,0.01,,5.06,,-442.5,,,,False,TP
2026-07-14 22:01:00,,2026-07-14 22:05:00,,M1,,SELL,,4081.73,,,4088.91,,4077.27,,0.01,,-7.32,,-449.82,,,,False,SL
2026-07-14 22:04:00,,2026-07-14 22:05:00,,M1,,BUY,,4080.68,,,4077.42,,4088.4,,0.01,,7.58,,-442.24,,,,False,TP
2026-07-14 22:24:00,,2026-07-14 22:26:00,,M1,,SELL,,4088.12,,,4090.31,,4085.24,,0.01,,2.74,,-439.5,,,,False,TP
2026-07-14 22:25:00,,2026-07-14 22:26:00,,M1,,SELL,,4087.2,,,4090.74,,4085.23,,0.01,,1.83,,-437.67,,,,False,TP
2026-07-14 22:46:00,,2026-07-14 22:52:00,,M1,,BUY,,4074.07,,,4068.26,,4078.9,,0.01,,-5.95,,-443.62,,,,False,SL
2026-07-14 22:55:00,,2026-07-14 23:00:00,,M1,,SELL,,4067.07,,,4070.92,,4065.49,,0.01,,1.44,,-442.18,,,,False,TP
2026-07-14 22:56:00,,2026-07-14 23:00:00,,M1,,SELL,,4067.17,,,4069.21,,4065.38,,0.01,,1.65,,-440.53,,,,False,TP
2026-07-14 22:59:00,,2026-07-14 23:00:00,,M1,,SELL,,4066.95,,,4069.73,,4065.11,,0.01,,1.7,,-438.83,,,,False,TP
2026-07-14 23:00:00,,2026-07-15 08:43:00,,H1,,SELL,,4066.28,,,4110.52,,4038.15,,0.01,,27.99,,-483.07,,,,False,TP
2026-07-14 23:08:00,,2026-07-14 23:11:00,,M1,,SELL,,4059.03,,,4063.08,,4055.67,,0.01,,-4.19,,-443.02,,,,False,SL
2026-07-14 23:13:00,,2026-07-14 23:50:00,,M1,,BUY,,4063.16,,,4057.74,,4068.82,,0.01,,-5.56,,-453.6,,,,False,SL
2026-07-14 23:20:00,,2026-07-15 00:07:00,,M5,,BUY,,4063.09,,,4057.52,,4067.81,,0.01,,-5.71,,-460.19,,,,False,SL
2026-07-14 23:31:00,,2026-07-14 23:38:00,,M1,,BUY,,4061.37,,,4057.87,,4068.66,,0.01,,-3.64,,-447.98,,,,False,SL
2026-07-14 23:35:00,,2026-07-14 23:36:00,,M1,,SELL,,4059.97,,,4061.15,,4056.51,,0.01,,-1.32,,-444.34,,,,False,SL
2026-07-14 23:39:00,,2026-07-14 23:40:00,,M1,,BUY,,4060.07,,,4056.76,,4060.15,,0.01,,-0.06,,-448.04,,,,False,TP
2026-07-14 23:48:00,,2026-07-14 23:51:00,,M1,,SELL,,4058.89,,,4060.35,,4056.73,,0.01,,-1.6,,-455.2,,,,False,SL
2026-07-14 23:50:00,,2026-07-14 23:53:00,,M1,,BUY,,4059.89,,,4056.84,,4060.75,,0.01,,0.72,,-454.48,,,,False,TP
2026-07-15 00:00:00,,2026-07-15 01:42:00,,M30,,SELL,,4061.54,,,4071.01,,4048.51,,0.01,,12.89,,-454.12,,,,False,TP
2026-07-15 00:08:00,,2026-07-15 00:09:00,,M1,,SELL,,4058.1,,,4059.03,,4056.97,,0.01,,-1.07,,-461.26,,,,False,SL
2026-07-15 00:14:00,,2026-07-15 00:15:00,,M1,,SELL,,4057.71,,,4059.4,,4056.94,,0.01,,0.63,,-460.63,,,,False,TP
2026-07-15 00:15:00,,2026-07-15 01:42:00,,M15,,SELL,,4056.65,,,4070.36,,4046.71,,0.01,,9.8,,-444.32,,,,False,TP
2026-07-15 00:18:00,,2026-07-15 00:24:00,,M1,,BUY,,4056.41,,,4054.38,,4060.22,,0.01,,3.67,,-456.96,,,,False,TP
2026-07-15 00:20:00,,2026-07-15 00:24:00,,M5,,SELL,,4056.8,,,4059.66,,4053.19,,0.01,,-3.0,,-459.96,,,,False,SL
2026-07-15 00:33:00,,2026-07-15 00:46:00,,M1,,SELL,,4062.5,,,4068.84,,4058.94,,0.01,,3.42,,-456.54,,,,False,TP
2026-07-15 00:45:00,,2026-07-15 00:49:00,,M1,,SELL,,4060.05,,,4061.65,,4057.0,,0.01,,-1.74,,-459.13,,,,False,SL
2026-07-15 00:47:00,,2026-07-15 00:48:00,,M1,,SELL,,4059.0,,,4059.71,,4057.09,,0.01,,-0.85,,-457.39,,,,False,SL
2026-07-15 00:50:00,,2026-07-15 01:25:00,,M1,,BUY,,4061.87,,,4058.09,,4068.02,,0.01,,-3.92,,-470.23,,,,False,SL
2026-07-15 00:59:00,,2026-07-15 01:00:00,,M1,,SELL,,4062.7,,,4063.56,,4057.81,,0.01,,-1.0,,-460.13,,,,False,SL
2026-07-15 01:00:00,,2026-07-15 01:25:00,,M5,,BUY,,4062.93,,,4057.32,,4068.58,,0.01,,-5.75,,-475.98,,,,False,SL
2026-07-15 01:00:00,,2026-07-15 01:42:00,,H1,,SELL,,4062.79,,,4074.35,,4049.64,,0.01,,13.01,,-431.31,,,,False,TP
2026-07-15 01:03:00,,2026-07-15 01:05:00,,M1,,SELL,,4061.04,,,4061.76,,4057.25,,0.01,,-0.86,,-460.99,,,,False,SL
2026-07-15 01:11:00,,2026-07-15 01:15:00,,M1,,SELL,,4060.7,,,4061.53,,4057.01,,0.01,,-0.97,,-461.96,,,,False,SL
2026-07-15 01:14:00,,2026-07-15 01:15:00,,M1,,BUY,,4061.09,,,4058.44,,4059.64,,0.01,,-1.59,,-463.55,,,,False,TP
2026-07-15 01:15:00,,2026-07-15 01:38:00,,M5,,SELL,,4061.64,,,4063.57,,4054.9,,0.01,,6.6,,-470.22,,,,False,TP
2026-07-15 01:15:00,,2026-07-15 01:16:00,,M1,,BUY,,4061.78,,,4057.94,,4059.16,,0.01,,-2.76,,-466.31,,,,False,TP
2026-07-15 01:26:00,,2026-07-15 01:27:00,,M1,,SELL,,4057.59,,,4058.37,,4056.95,,0.01,,-0.92,,-476.9,,,,False,SL
2026-07-15 01:30:00,,2026-07-15 01:38:00,,M5,,SELL,,4058.49,,,4060.94,,4055.14,,0.01,,3.21,,-467.01,,,,False,TP
2026-07-15 01:31:00,,2026-07-15 01:33:00,,M1,,SELL,,4057.06,,,4060.23,,4056.84,,0.01,,0.08,,-476.82,,,,False,TP
2026-07-15 02:03:00,,2026-07-15 02:32:00,,M1,,SELL,,4053.71,,,4058.54,,4048.6,,0.01,,4.97,,-433.13,,,,False,TP
2026-07-15 02:08:00,,2026-07-15 02:32:00,,M1,,BUY,,4053.48,,,4048.64,,4058.2,,0.01,,-4.98,,-438.11,,,,False,SL
2026-07-15 02:11:00,,2026-07-15 02:12:00,,M1,,BUY,,4054.35,,,4053.37,,4059.4,,0.01,,-1.12,,-432.43,,,,False,SL
2026-07-15 02:21:00,,2026-07-15 02:22:00,,M1,,SELL,,4055.4,,,4059.16,,4057.64,,0.01,,-2.38,,-434.81,,,,False,TP
2026-07-15 02:23:00,,2026-07-15 02:24:00,,M1,,SELL,,4054.34,,,4058.97,,4057.49,,0.01,,-3.29,,-438.1,,,,False,TP
2026-07-15 02:26:00,,2026-07-15 02:32:00,,M1,,BUY,,4053.42,,,4048.58,,4058.58,,0.01,,-4.98,,-443.09,,,,False,SL
2026-07-15 02:42:00,,2026-07-15 02:44:00,,M1,,SELL,,4050.53,,,4052.23,,4047.61,,0.01,,-1.84,,-444.93,,,,False,SL
2026-07-15 02:44:00,,2026-07-15 06:11:00,,M1,,BUY,,4052.36,,,4048.25,,4058.19,,0.01,,-4.25,,-471.72,,,,False,SL
2026-07-15 02:45:00,,2026-07-15 06:11:00,,M15,,SELL,,4052.61,,,4059.95,,4048.35,,0.01,,4.12,,-467.6,,,,False,TP
2026-07-15 02:55:00,,2026-07-15 03:45:00,,M5,,BUY,,4055.62,,,4049.89,,4062.23,,0.01,,-5.87,,-468.32,,,,False,SL
2026-07-15 02:58:00,,2026-07-15 03:01:00,,M1,,BUY,,4056.16,,,4055.22,,4059.89,,0.01,,-1.08,,-446.01,,,,False,SL
2026-07-15 03:00:00,,2026-07-15 03:01:00,,M1,,SELL,,4055.75,,,4058.48,,4056.92,,0.01,,-1.31,,-447.32,,,,False,TP
2026-07-15 03:00:00,,2026-07-15 08:41:00,,M30,,BUY,,4055.89,,,4041.43,,4068.33,,0.01,,-14.6,,-514.57,,,,False,SL
2026-07-15 03:00:00,,2026-07-15 08:41:00,,H1,,SELL,,4055.75,,,4066.27,,4040.53,,0.01,,15.08,,-499.49,,,,False,TP
2026-07-15 03:18:00,,2026-07-15 03:19:00,,M1,,SELL,,4054.11,,,4058.44,,4057.33,,0.01,,-3.36,,-450.68,,,,False,TP
2026-07-15 03:19:00,,2026-07-15 05:47:00,,M1,,SELL,,4053.6,,,4059.03,,4048.65,,0.01,,4.81,,-468.82,,,,False,TP
2026-07-15 03:22:00,,2026-07-15 05:48:00,,M1,,BUY,,4053.24,,,4048.61,,4058.29,,0.01,,-4.77,,-466.81,,,,False,SL
2026-07-15 03:25:00,,2026-07-15 03:33:00,,M1,,BUY,,4053.91,,,4052.62,,4059.38,,0.01,,-1.43,,-461.26,,,,False,SL
2026-07-15 03:29:00,,2026-07-15 03:30:00,,M1,,SELL,,4053.28,,,4058.62,,4057.64,,0.01,,-4.5,,-455.18,,,,False,TP
2026-07-15 03:31:00,,2026-07-15 03:32:00,,M1,,SELL,,4053.21,,,4058.65,,4057.72,,0.01,,-4.65,,-459.83,,,,False,TP
2026-07-15 03:32:00,,2026-07-15 05:47:00,,M1,,SELL,,4052.84,,,4058.24,,4048.88,,0.01,,3.82,,-465.0,,,,False,TP
2026-07-15 03:40:00,,2026-07-15 03:42:00,,M1,,SELL,,4050.39,,,4051.44,,4047.94,,0.01,,-1.19,,-462.45,,,,False,SL
2026-07-15 03:45:00,,2026-07-15 03:48:00,,M1,,SELL,,4050.51,,,4051.02,,4048.17,,0.01,,-0.65,,-468.97,,,,False,SL
2026-07-15 03:55:00,,2026-07-15 06:11:00,,M5,,BUY,,4052.32,,,4047.92,,4058.59,,0.01,,-4.54,,-472.14,,,,False,SL
2026-07-15 05:00:00,,2026-07-15 05:47:00,,M15,,SELL,,4052.0,,,4059.93,,4048.9,,0.01,,2.96,,-462.04,,,,False,TP
2026-07-15 05:02:00,,2026-07-15 06:11:00,,M1,,SELL,,4052.0,,,4053.4,,4047.91,,0.01,,3.95,,-468.19,,,,False,TP
2026-07-15 05:10:00,,2026-07-15 05:32:00,,M1,,SELL,,4051.79,,,4052.36,,4047.12,,0.01,,-0.71,,-472.97,,,,False,SL
2026-07-15 05:23:00,,2026-07-15 05:24:00,,M1,,BUY,,4051.77,,,4048.07,,4049.32,,0.01,,-2.59,,-471.56,,,,False,TP
2026-07-15 05:28:00,,2026-07-15 05:29:00,,M1,,SELL,,4050.16,,,4050.72,,4047.47,,0.01,,-0.7,,-472.26,,,,False,SL
2026-07-15 05:30:00,,2026-07-15 06:11:00,,M5,,BUY,,4051.67,,,4048.26,,4058.29,,0.01,,-3.55,,-471.74,,,,False,SL
2026-07-15 05:38:00,,2026-07-15 05:41:00,,M1,,SELL,,4051.01,,,4051.53,,4047.23,,0.01,,-0.66,,-473.63,,,,False,SL
2026-07-15 05:55:00,,2026-07-15 06:26:00,,M5,,SELL,,4049.45,,,4051.61,,4046.02,,0.01,,-2.3,,-475.77,,,,False,SL
2026-07-15 05:58:00,,2026-07-15 05:59:00,,M1,,BUY,,4049.62,,,4048.12,,4049.1,,0.01,,-0.66,,-467.47,,,,False,TP
2026-07-15 06:20:00,,2026-07-15 06:24:00,,M5,,SELL,,4048.05,,,4049.64,,4046.75,,0.01,,-1.73,,-473.47,,,,False,SL
2026-07-15 06:26:00,,2026-07-15 07:30:00,,M1,,BUY,,4052.14,,,4047.87,,4058.06,,0.01,,5.78,,-476.21,,,,False,TP
2026-07-15 06:30:00,,2026-07-15 08:41:00,,M30,,BUY,,4054.11,,,4041.71,,4068.46,,0.01,,-12.54,,-512.03,,,,False,SL
2026-07-15 06:30:00,,2026-07-15 07:31:00,,M15,,BUY,,4054.11,,,4043.68,,4058.51,,0.01,,4.26,,-471.95,,,,False,TP
2026-07-15 06:40:00,,2026-07-15 06:41:00,,M1,,SELL,,4053.48,,,4058.32,,4056.86,,0.01,,-3.52,,-479.29,,,,False,TP
2026-07-15 06:40:00,,2026-07-15 07:56:00,,M5,,SELL,,4053.48,,,4059.3,,4048.89,,0.01,,-5.96,,-494.98,,,,False,SL
2026-07-15 06:46:00,,2026-07-15 07:31:00,,M1,,SELL,,4053.73,,,4058.46,,4048.15,,0.01,,-4.87,,-476.82,,,,False,SL
2026-07-15 07:01:00,,2026-07-15 07:31:00,,M1,,SELL,,4052.46,,,4058.68,,4048.27,,0.01,,-6.36,,-483.18,,,,False,SL
2026-07-15 07:12:00,,2026-07-15 07:14:00,,M1,,BUY,,4054.71,,,4052.15,,4060.34,,0.01,,-2.7,,-481.99,,,,False,SL
2026-07-15 07:30:00,,2026-07-15 08:36:00,,M30,,BUY,,4058.46,,,4046.26,,4068.46,,0.01,,-12.34,,-499.97,,,,False,SL
2026-07-15 07:31:00,,2026-07-15 07:32:00,,M1,,SELL,,4056.88,,,4059.51,,4055.98,,0.01,,0.76,,-482.42,,,,False,TP
2026-07-15 07:35:00,,2026-07-15 07:36:00,,M1,,SELL,,4055.78,,,4058.52,,4056.58,,0.01,,-0.94,,-483.36,,,,False,TP
2026-07-15 07:36:00,,2026-07-15 07:37:00,,M1,,SELL,,4054.9,,,4059.04,,4057.05,,0.01,,-2.29,,-485.65,,,,False,TP
2026-07-15 07:38:00,,2026-07-15 07:39:00,,M1,,SELL,,4054.02,,,4059.25,,4057.25,,0.01,,-3.37,,-489.02,,,,False,TP
2026-07-15 07:41:00,,2026-07-15 07:56:00,,M1,,SELL,,4054.2,,,4058.95,,4048.54,,0.01,,-4.89,,-499.87,,,,False,SL
2026-07-15 08:07:00,,2026-07-15 08:08:00,,M1,,BUY,,4059.91,,,4054.0,,4059.51,,0.01,,-0.54,,-500.41,,,,False,TP
2026-07-15 08:09:00,,2026-07-15 08:12:00,,M1,,SELL,,4057.67,,,4059.42,,4056.05,,0.01,,1.48,,-498.93,,,,False,TP
2026-07-15 08:18:00,,2026-07-15 08:19:00,,M1,,SELL,,4055.46,,,4058.83,,4056.18,,0.01,,-0.86,,-499.79,,,,False,TP
2026-07-15 08:30:00,,2026-07-15 08:34:00,,M30,,SELL,,4054.4,,,4066.89,,4048.04,,0.01,,6.22,,-487.63,,,,False,TP
2026-07-15 08:30:00,,2026-07-15 08:34:00,,M1,,SELL,,4054.4,,,4058.98,,4048.32,,0.01,,5.94,,-493.85,,,,False,TP
2026-07-15 08:37:00,,2026-07-15 08:41:00,,M1,,SELL,,4047.28,,,4048.85,,4045.7,,0.01,,1.44,,-510.59,,,,False,TP
2026-07-15 08:40:00,,2026-07-15 08:41:00,,M1,,SELL,,4046.45,,,4049.43,,4046.78,,0.01,,-0.47,,-511.06,,,,False,TP
2026-07-15 09:00:00,,2026-07-15 09:01:00,,M1,,SELL,,4037.28,,,4038.8,,4035.52,,0.01,,1.62,,-481.45,,,,False,TP
2026-07-15 09:00:00,,2026-07-15 15:14:00,,H1,,SELL,,4037.28,,,4070.21,,4018.28,,0.01,,18.86,,-503.19,,,,False,TP
2026-07-15 09:01:00,,2026-07-15 09:02:00,,M1,,SELL,,4035.76,,,4039.31,,4036.53,,0.01,,-0.91,,-482.36,,,,False,TP
2026-07-15 09:05:00,,2026-07-15 09:17:00,,M5,,SELL,,4039.14,,,4042.46,,4033.6,,0.01,,5.4,,-475.39,,,,False,TP
2026-07-15 09:06:00,,2026-07-15 09:09:00,,M1,,BUY,,4040.36,,,4037.26,,4040.76,,0.01,,0.26,,-482.1,,,,False,TP
2026-07-15 09:11:00,,2026-07-15 09:13:00,,M1,,SELL,,4039.54,,,4043.22,,4036.42,,0.01,,2.98,,-479.12,,,,False,TP
2026-07-15 09:15:00,,2026-07-15 09:16:00,,M1,,BUY,,4036.88,,,4035.35,,4040.17,,0.01,,-1.67,,-480.79,,,,False,SL
2026-07-15 09:15:00,,2026-07-15 10:31:00,,M5,,SELL,,4036.74,,,4044.48,,4028.31,,0.01,,8.29,,-466.9,,,,False,TP
2026-07-15 09:21:00,,2026-07-15 09:22:00,,M1,,BUY,,4030.84,,,4028.16,,4031.14,,0.01,,0.16,,-475.23,,,,False,TP
2026-07-15 09:24:00,,2026-07-15 09:25:00,,M1,,BUY,,4031.59,,,4028.31,,4030.75,,0.01,,-0.98,,-476.21,,,,False,TP
2026-07-15 09:25:00,,2026-07-15 09:43:00,,M5,,SELL,,4031.75,,,4039.33,,4028.31,,0.01,,-7.72,,-480.05,,,,False,SL
2026-07-15 09:27:00,,2026-07-15 09:41:00,,M1,,BUY,,4032.26,,,4027.98,,4038.26,,0.01,,5.86,,-472.33,,,,False,TP
2026-07-15 09:33:00,,2026-07-15 09:34:00,,M1,,SELL,,4034.38,,,4038.52,,4036.22,,0.01,,-1.98,,-478.19,,,,False,TP
2026-07-15 09:41:00,,2026-07-15 09:43:00,,M1,,BUY,,4037.87,,,4036.46,,4040.52,,0.01,,2.51,,-477.54,,,,False,TP
2026-07-15 09:42:00,,2026-07-15 09:43:00,,M1,,BUY,,4038.6,,,4036.34,,4039.44,,0.01,,0.7,,-476.84,,,,False,TP
2026-07-15 09:55:00,,2026-07-15 10:05:00,,M1,,BUY,,4035.36,,,4034.1,,4040.05,,0.01,,4.55,,-472.29,,,,False,TP
2026-07-15 10:00:00,,2026-07-15 12:12:00,,M5,,SELL,,4035.35,,,4041.71,,4028.12,,0.01,,7.09,,-478.98,,,,False,TP
2026-07-15 10:10:00,,2026-07-15 10:12:00,,M1,,SELL,,4036.73,,,4038.03,,4035.65,,0.01,,0.94,,-471.35,,,,False,TP
2026-07-15 10:11:00,,2026-07-15 10:12:00,,M1,,BUY,,4036.97,,,4035.5,,4039.76,,0.01,,-1.61,,-472.96,,,,False,SL
2026-07-15 10:16:00,,2026-07-15 10:17:00,,M1,,SELL,,4034.49,,,4038.52,,4036.58,,0.01,,-2.23,,-475.19,,,,False,TP
2026-07-15 10:26:00,,2026-07-15 12:12:00,,M1,,BUY,,4032.06,,,4027.93,,4038.1,,0.01,,-4.27,,-483.25,,,,False,SL
2026-07-15 10:35:00,,2026-07-15 12:12:00,,M5,,BUY,,4033.55,,,4026.03,,4038.24,,0.01,,-7.66,,-490.91,,,,False,SL
2026-07-15 10:38:00,,2026-07-15 10:39:00,,M1,,BUY,,4035.02,,,4034.01,,4040.25,,0.01,,-1.15,,-468.05,,,,False,SL
2026-07-15 10:45:00,,2026-07-15 10:46:00,,M1,,BUY,,4029.49,,,4028.38,,4030.65,,0.01,,1.02,,-467.03,,,,False,TP
2026-07-15 10:46:00,,2026-07-15 10:47:00,,M1,,BUY,,4030.55,,,4028.37,,4030.51,,0.01,,-0.18,,-467.21,,,,False,TP
2026-07-15 10:55:00,,2026-07-15 11:01:00,,M5,,BUY,,4031.36,,,4028.13,,4032.88,,0.01,,1.38,,-468.13,,,,False,TP
2026-07-15 10:58:00,,2026-07-15 10:59:00,,M1,,BUY,,4032.02,,,4028.32,,4029.86,,0.01,,-2.3,,-469.51,,,,False,TP
2026-07-15 11:01:00,,2026-07-15 12:12:00,,M1,,BUY,,4033.36,,,4028.02,,4038.6,,0.01,,-5.48,,-496.39,,,,False,SL
2026-07-15 11:20:00,,2026-07-15 11:45:00,,M5,,BUY,,4034.23,,,4028.21,,4038.36,,0.01,,-6.16,,-480.59,,,,False,SL
2026-07-15 11:26:00,,2026-07-15 11:35:00,,M1,,BUY,,4034.09,,,4032.48,,4039.42,,0.01,,-1.75,,-473.73,,,,False,SL
2026-07-15 11:31:00,,2026-07-15 11:32:00,,M1,,SELL,,4033.92,,,4038.82,,4037.63,,0.01,,-3.85,,-471.98,,,,False,TP
2026-07-15 11:36:00,,2026-07-15 11:37:00,,M1,,SELL,,4032.02,,,4032.58,,4027.66,,0.01,,-0.7,,-474.43,,,,False,SL
2026-07-15 11:40:00,,2026-07-15 11:48:00,,M1,,SELL,,4030.93,,,4033.45,,4027.59,,0.01,,-2.66,,-483.25,,,,False,SL
2026-07-15 11:54:00,,2026-07-15 11:55:00,,M1,,BUY,,4033.74,,,4032.74,,4039.68,,0.01,,-1.14,,-484.39,,,,False,SL
2026-07-15 11:57:00,,2026-07-15 12:01:00,,M1,,SELL,,4032.56,,,4034.1,,4027.7,,0.01,,-1.68,,-486.07,,,,False,SL
2026-07-15 12:05:00,,2026-07-15 12:12:00,,M5,,SELL,,4032.05,,,4039.31,,4027.64,,0.01,,4.27,,-492.12,,,,False,TP
2026-07-15 12:15:00,,2026-07-15 15:14:00,,M15,,SELL,,4026.14,,,4039.4,,4018.52,,0.01,,7.48,,-495.71,,,,False,TP
2026-07-15 12:21:00,,2026-07-15 12:22:00,,M1,,SELL,,4027.89,,,4028.6,,4026.64,,0.01,,-0.85,,-492.97,,,,False,SL
2026-07-15 12:22:00,,2026-07-15 12:23:00,,M1,,SELL,,4026.9,,,4029.39,,4026.31,,0.01,,0.45,,-492.52,,,,False,TP
2026-07-15 12:24:00,,2026-07-15 12:29:00,,M1,,BUY,,4027.4,,,4025.5,,4030.35,,0.01,,-2.04,,-494.56,,,,False,SL
2026-07-15 12:29:00,,2026-07-15 12:30:00,,M1,,SELL,,4025.44,,,4028.41,,4026.73,,0.01,,-1.43,,-495.99,,,,False,TP
2026-07-15 12:35:00,,2026-07-15 12:40:00,,M5,,BUY,,4028.25,,,4020.35,,4031.97,,0.01,,3.58,,-491.66,,,,False,TP
2026-07-15 12:36:00,,2026-07-15 12:37:00,,M1,,BUY,,4027.96,,,4026.36,,4028.85,,0.01,,0.75,,-495.24,,,,False,TP
2026-07-15 12:45:00,,2026-07-15 13:01:00,,M15,,BUY,,4029.89,,,4018.63,,4035.12,,0.01,,5.09,,-490.95,,,,False,TP
2026-07-15 12:47:00,,2026-07-15 12:55:00,,M1,,SELL,,4028.11,,,4030.43,,4026.1,,0.01,,-2.46,,-494.12,,,,False,SL
2026-07-15 12:50:00,,2026-07-15 12:57:00,,M1,,SELL,,4029.1,,,4030.88,,4026.65,,0.01,,-1.92,,-496.04,,,,False,SL
2026-07-15 13:00:00,,2026-07-15 13:01:00,,M1,,BUY,,4034.97,,,4032.32,,4040.05,,0.01,,-2.79,,-493.74,,,,False,SL
2026-07-15 13:01:00,,2026-07-15 13:07:00,,M1,,SELL,,4032.14,,,4038.85,,4028.95,,0.01,,3.05,,-490.69,,,,False,TP
2026-07-15 13:15:00,,2026-07-15 15:14:00,,M15,,SELL,,4027.55,,,4039.08,,4018.42,,0.01,,8.99,,-486.72,,,,False,TP
2026-07-15 13:16:00,,2026-07-15 13:17:00,,M1,,SELL,,4027.71,,,4028.87,,4026.49,,0.01,,1.08,,-489.61,,,,False,TP
2026-07-15 13:23:00,,2026-07-15 13:38:00,,M1,,BUY,,4024.31,,,4020.38,,4030.0,,0.01,,5.55,,-483.21,,,,False,TP
2026-07-15 13:28:00,,2026-07-15 13:30:00,,M1,,SELL,,4027.09,,,4029.6,,4026.1,,0.01,,0.85,,-488.76,,,,False,TP
2026-07-15 13:35:00,,2026-07-15 14:28:00,,M5,,BUY,,4028.26,,,4020.55,,4038.11,,0.01,,-7.85,,-515.71,,,,False,SL
2026-07-15 13:44:00,,2026-07-15 14:15:00,,M1,,BUY,,4031.91,,,4028.49,,4038.04,,0.01,,-3.56,,-488.04,,,,False,SL
2026-07-15 13:52:00,,2026-07-15 13:53:00,,M1,,BUY,,4031.01,,,4027.98,,4029.88,,0.01,,-1.27,,-484.48,,,,False,TP
2026-07-15 13:55:00,,2026-07-15 14:15:00,,M1,,BUY,,4032.61,,,4028.61,,4038.12,,0.01,,-4.14,,-492.18,,,,False,SL
2026-07-15 14:00:00,,2026-07-15 14:15:00,,M1,,BUY,,4032.28,,,4028.58,,4038.07,,0.01,,-3.84,,-496.02,,,,False,SL
2026-07-15 14:00:00,,2026-07-15 14:23:00,,M5,,BUY,,4032.28,,,4027.28,,4038.79,,0.01,,-5.14,,-504.6,,,,False,SL
2026-07-15 14:03:00,,2026-07-15 14:15:00,,M1,,BUY,,4031.55,,,4028.25,,4038.57,,0.01,,-3.44,,-499.46,,,,False,SL
2026-07-15 14:05:00,,2026-07-15 14:23:00,,M5,,BUY,,4032.95,,,4027.29,,4038.25,,0.01,,-5.8,,-510.4,,,,False,SL
2026-07-15 14:15:00,,2026-07-15 14:24:00,,M1,,SELL,,4029.52,,,4030.65,,4026.84,,0.01,,2.54,,-507.86,,,,False,TP
2026-07-15 14:34:00,,2026-07-15 14:35:00,,M1,,BUY,,4025.84,,,4024.33,,4030.65,,0.01,,-1.65,,-517.36,,,,False,SL
2026-07-15 14:35:00,,2026-07-15 15:15:00,,M1,,SELL,,4023.83,,,4028.64,,4018.19,,0.01,,5.5,,-477.81,,,,False,TP
2026-07-15 14:41:00,,2026-07-15 14:42:00,,M1,,BUY,,4021.52,,,4018.44,,4020.48,,0.01,,-1.18,,-518.54,,,,False,TP
2026-07-15 14:45:00,,2026-07-15 15:15:00,,M1,,BUY,,4022.96,,,4018.26,,4028.82,,0.01,,-4.84,,-482.65,,,,False,SL
2026-07-15 14:48:00,,2026-07-15 14:52:00,,M1,,BUY,,4024.27,,,4023.05,,4030.44,,0.01,,-1.36,,-519.9,,,,False,SL
2026-07-15 15:01:00,,2026-07-15 15:14:00,,M1,,SELL,,4021.86,,,4028.6,,4018.31,,0.01,,3.41,,-483.31,,,,False,TP
2026-07-15 15:07:00,,2026-07-15 15:08:00,,M1,,SELL,,4024.45,,,4028.63,,4026.46,,0.01,,-2.15,,-522.05,,,,False,TP
2026-07-15 15:17:00,,2026-07-15 15:18:00,,M1,,BUY,,4021.96,,,4017.83,,4020.3,,0.01,,-1.8,,-484.45,,,,False,TP
2026-07-15 15:22:00,,2026-07-15 15:34:00,,M1,,SELL,,4023.7,,,4028.81,,4018.75,,0.01,,-5.25,,-489.7,,,,False,SL
2026-07-15 15:45:00,,2026-07-15 15:49:00,,M1,,BUY,,4028.76,,,4027.23,,4029.73,,0.01,,0.83,,-488.87,,,,False,TP
2026-07-15 15:46:00,,2026-07-15 15:49:00,,M1,,BUY,,4029.34,,,4026.9,,4030.01,,0.01,,0.53,,-488.34,,,,False,TP
2026-07-15 15:48:00,,2026-07-15 15:49:00,,M1,,SELL,,4029.14,,,4029.84,,4027.14,,0.01,,-0.84,,-489.18,,,,False,SL
2026-07-15 15:59:00,,2026-07-15 16:02:00,,M1,,SELL,,4031.56,,,4033.91,,4027.06,,0.01,,-2.49,,-491.67,,,,False,SL
2026-07-15 16:01:00,,2026-07-15 16:29:00,,M1,,BUY,,4033.28,,,4027.74,,4038.98,,0.01,,-5.68,,-500.28,,,,False,SL
2026-07-15 16:03:00,,2026-07-15 16:26:00,,M1,,SELL,,4032.35,,,4038.47,,4028.36,,0.01,,3.85,,-494.6,,,,False,TP
2026-07-15 16:04:00,,2026-07-15 16:05:00,,M1,,SELL,,4032.65,,,4038.78,,4036.93,,0.01,,-4.42,,-496.09,,,,False,TP
2026-07-15 16:12:00,,2026-07-15 16:30:00,,M1,,SELL,,4030.94,,,4033.9,,4027.28,,0.01,,3.52,,-496.76,,,,False,TP
2026-07-15 16:16:00,,2026-07-15 16:21:00,,M1,,SELL,,4029.6,,,4031.82,,4026.9,,0.01,,-2.36,,-498.45,,,,False,SL
2026-07-15 16:24:00,,2026-07-15 16:35:00,,M1,,SELL,,4029.87,,,4030.83,,4026.82,,0.01,,2.91,,-493.85,,,,False,TP
2026-07-15 16:25:00,,2026-07-15 17:15:00,,M5,,SELL,,4029.89,,,4034.77,,4024.57,,0.01,,-5.02,,-496.72,,,,False,SL
2026-07-15 16:27:00,,2026-07-15 16:35:00,,M1,,SELL,,4028.67,,,4029.9,,4026.87,,0.01,,1.66,,-492.19,,,,False,TP
2026-07-15 16:34:00,,2026-07-15 16:35:00,,M1,,SELL,,4027.67,,,4029.5,,4026.84,,0.01,,0.69,,-491.5,,,,False,TP
2026-07-15 16:39:00,,2026-07-15 17:00:00,,M1,,BUY,,4027.05,,,4025.82,,4029.91,,0.01,,2.72,,-491.7,,,,False,TP
2026-07-15 16:43:00,,2026-07-15 16:50:00,,M1,,SELL,,4027.0,,,4028.46,,4026.15,,0.01,,-1.6,,-493.1,,,,False,SL
2026-07-15 16:53:00,,2026-07-15 16:55:00,,M1,,SELL,,4027.35,,,4028.7,,4026.81,,0.01,,-1.49,,-494.59,,,,False,SL
2026-07-15 16:56:00,,2026-07-15 16:57:00,,M1,,SELL,,4026.8,,,4029.58,,4026.49,,0.01,,0.17,,-494.42,,,,False,TP
2026-07-15 17:06:00,,2026-07-15 17:26:00,,M1,,BUY,,4031.63,,,4028.67,,4038.14,,0.01,,-3.1,,-502.48,,,,False,SL
2026-07-15 17:20:00,,2026-07-15 17:21:00,,M1,,SELL,,4032.21,,,4034.73,,4027.3,,0.01,,-2.66,,-499.38,,,,False,SL
2026-07-15 17:29:00,,2026-07-15 17:30:00,,M1,,BUY,,4028.4,,,4025.71,,4029.4,,0.01,,0.86,,-501.62,,,,False,TP
2026-07-15 17:36:00,,2026-07-15 17:48:00,,M1,,BUY,,4031.9,,,4028.65,,4038.49,,0.01,,-3.39,,-506.25,,,,False,SL
2026-07-15 17:40:00,,2026-07-15 17:41:00,,M1,,BUY,,4033.88,,,4032.78,,4039.89,,0.01,,-1.24,,-502.86,,,,False,SL
2026-07-15 17:55:00,,2026-07-15 18:01:00,,M5,,SELL,,4028.99,,,4030.71,,4025.19,,0.01,,-1.86,,-507.5,,,,False,SL
2026-07-15 17:57:00,,2026-07-15 17:58:00,,M1,,SELL,,4027.97,,,4028.91,,4027.22,,0.01,,0.61,,-505.64,,,,False,TP
2026-07-15 17:58:00,,2026-07-15 18:01:00,,M1,,SELL,,4027.32,,,4029.15,,4026.61,,0.01,,-1.97,,-509.47,,,,False,SL
2026-07-15 18:00:00,,2026-07-15 18:01:00,,M5,,SELL,,4028.06,,,4030.73,,4025.58,,0.01,,-2.81,,-512.28,,,,False,SL
2026-07-15 18:06:00,,2026-07-15 18:20:00,,M1,,BUY,,4031.08,,,4027.84,,4038.16,,0.01,,-3.38,,-519.31,,,,False,SL
2026-07-15 18:11:00,,2026-07-15 18:12:00,,M1,,BUY,,4031.07,,,4028.07,,4029.91,,0.01,,-1.3,,-513.58,,,,False,TP
2026-07-15 18:13:00,,2026-07-15 18:14:00,,M1,,BUY,,4031.99,,,4027.99,,4029.78,,0.01,,-2.35,,-515.93,,,,False,TP
2026-07-15 18:24:00,,2026-07-15 18:26:00,,M1,,SELL,,4029.56,,,4031.18,,4026.61,,0.01,,-1.76,,-521.07,,,,False,SL
2026-07-15 18:25:00,,2026-07-15 18:34:00,,M5,,SELL,,4029.97,,,4032.08,,4024.83,,0.01,,-2.25,,-523.32,,,,False,SL
2026-07-15 18:31:00,,2026-07-15 18:34:00,,M1,,SELL,,4029.91,,,4031.64,,4027.19,,0.01,,-1.87,,-525.19,,,,False,SL
2026-07-15 18:38:00,,2026-07-15 18:42:00,,M1,,BUY,,4032.64,,,4028.13,,4038.5,,0.01,,5.72,,-519.47,,,,False,TP
2026-07-15 18:50:00,,2026-07-15 18:51:00,,M1,,BUY,,4036.64,,,4034.98,,4039.49,,0.01,,2.71,,-516.76,,,,False,TP
2026-07-15 18:50:00,,2026-07-15 19:05:00,,M5,,BUY,,4036.64,,,4033.99,,4042.23,,0.01,,5.45,,-515.03,,,,False,TP
2026-07-15 18:54:00,,2026-07-15 18:55:00,,M1,,SELL,,4037.32,,,4038.56,,4036.29,,0.01,,0.89,,-515.87,,,,False,TP
2026-07-15 18:55:00,,2026-07-15 18:59:00,,M1,,SELL,,4036.44,,,4038.64,,4035.66,,0.01,,-2.34,,-518.21,,,,False,SL
2026-07-15 18:58:00,,2026-07-15 18:59:00,,M1,,SELL,,4036.15,,,4038.83,,4037.08,,0.01,,-2.82,,-521.03,,,,False,SL
2026-07-15 19:01:00,,2026-07-15 19:02:00,,M1,,BUY,,4039.41,,,4037.3,,4040.1,,0.01,,0.55,,-520.48,,,,False,TP
2026-07-15 19:05:00,,2026-07-15 19:06:00,,M1,,BUY,,4041.25,,,4038.0,,4039.88,,0.01,,-3.39,,-518.42,,,,False,SL
2026-07-15 19:15:00,,2026-07-15 19:19:00,,M5,,SELL,,4037.93,,,4040.84,,4035.01,,0.01,,-3.05,,-521.47,,,,False,SL
2026-07-15 19:26:00,,2026-07-15 19:31:00,,M1,,SELL,,4038.25,,,4040.83,,4036.54,,0.01,,-2.72,,-524.19,,,,False,SL
2026-07-15 19:32:00,,2026-07-15 19:33:00,,M1,,BUY,,4047.92,,,4045.26,,4051.18,,0.01,,3.12,,-521.07,,,,False,TP
2026-07-15 19:43:00,,2026-07-15 19:59:00,,M1,,BUY,,4060.9,,,4055.71,,4068.37,,0.01,,7.33,,-516.92,,,,False,TP
2026-07-15 19:50:00,,2026-07-15 19:57:00,,M1,,BUY,,4064.82,,,4061.78,,4071.61,,0.01,,-3.18,,-524.25,,,,False,SL
2026-07-15 20:00:00,,2026-07-15 20:06:00,,M5,,BUY,,4067.93,,,4058.99,,4073.19,,0.01,,5.12,,-508.14,,,,False,TP
2026-07-15 20:04:00,,2026-07-15 20:05:00,,M1,,BUY,,4068.06,,,4065.13,,4071.86,,0.01,,3.66,,-513.26,,,,False,TP
2026-07-15 20:06:00,,2026-07-15 20:07:00,,M1,,BUY,,4072.2,,,4068.13,,4071.8,,0.01,,-0.54,,-508.68,,,,False,TP
2026-07-15 20:08:00,,2026-07-15 20:11:00,,M1,,BUY,,4072.7,,,4067.96,,4078.69,,0.01,,-4.88,,-513.56,,,,False,SL
2026-07-15 20:43:00,,2026-07-15 20:50:00,,M1,,SELL,,4060.0,,,4064.35,,4055.74,,0.01,,4.12,,-509.44,,,,False,TP
2026-07-15 20:49:00,,2026-07-15 20:58:00,,M1,,SELL,,4056.78,,,4063.17,,4048.12,,0.01,,-6.53,,-515.97,,,,False,SL
2026-07-15 20:59:00,,2026-07-15 21:25:00,,M1,,BUY,,4064.34,,,4057.98,,4068.76,,0.01,,-6.5,,-531.87,,,,False,SL
2026-07-15 21:02:00,,2026-07-15 21:24:00,,M1,,BUY,,4061.92,,,4058.39,,4068.42,,0.01,,-3.67,,-525.37,,,,False,SL
2026-07-15 21:07:00,,2026-07-15 21:19:00,,M1,,BUY,,4065.36,,,4061.13,,4070.79,,0.01,,-4.37,,-521.7,,,,False,SL
2026-07-15 21:14:00,,2026-07-15 21:15:00,,M1,,SELL,,4064.93,,,4068.89,,4066.15,,0.01,,-1.36,,-517.33,,,,False,TP
2026-07-15 21:30:00,,2026-07-15 21:31:00,,M1,,BUY,,4058.51,,,4056.65,,4059.64,,0.01,,0.99,,-530.88,,,,False,TP
2026-07-15 21:30:00,,2026-07-15 21:35:00,,M5,,SELL,,4058.37,,,4062.43,,4052.83,,0.01,,-4.2,,-535.08,,,,False,SL
2026-07-15 21:30:00,,2026-07-15 22:14:00,,M15,,SELL,,4058.37,,,4070.24,,4048.25,,0.01,,9.98,,-526.76,,,,False,TP
2026-07-15 21:30:00,,2026-07-15 22:14:00,,M30,,BUY,,4058.51,,,4049.91,,4069.35,,0.01,,-8.74,,-535.5,,,,False,SL
2026-07-15 21:55:00,,2026-07-15 21:57:00,,M1,,SELL,,4056.16,,,4058.62,,4054.68,,0.01,,-2.6,,-537.68,,,,False,SL
2026-07-15 21:59:00,,2026-07-15 22:00:00,,M1,,BUY,,4059.83,,,4057.6,,4060.33,,0.01,,0.36,,-537.32,,,,False,TP
2026-07-15 22:00:00,,2026-07-15 22:14:00,,M15,,BUY,,4060.7,,,4049.14,,4068.76,,0.01,,-11.7,,-547.2,,,,False,SL
2026-07-15 22:00:00,,2026-07-15 22:01:00,,M1,,BUY,,4060.7,,,4058.0,,4060.87,,0.01,,0.03,,-537.29,,,,False,TP
2026-07-15 22:03:00,,2026-07-15 22:10:00,,M1,,SELL,,4061.03,,,4062.68,,4056.49,,0.01,,4.4,,-532.89,,,,False,TP
2026-07-15 22:05:00,,2026-07-15 22:10:00,,M5,,BUY,,4059.28,,,4055.57,,4064.24,,0.01,,-3.85,,-536.74,,,,False,SL
2026-07-15 22:15:00,,2026-07-15 23:36:00,,M15,,SELL,,4044.21,,,4067.53,,4028.02,,0.01,,16.05,,-520.72,,,,False,TP
2026-07-15 22:16:00,,2026-07-15 22:30:00,,M1,,SELL,,4044.17,,,4048.8,,4038.7,,0.01,,-4.77,,-548.48,,,,False,SL
2026-07-15 22:20:00,,2026-07-15 22:21:00,,M5,,SELL,,4046.0,,,4049.75,,4042.37,,0.01,,3.49,,-543.71,,,,False,TP
2026-07-15 22:29:00,,2026-07-15 22:30:00,,M1,,BUY,,4048.02,,,4045.93,,4049.68,,0.01,,1.52,,-546.96,,,,False,TP
2026-07-15 22:43:00,,2026-07-15 22:54:00,,M1,,SELL,,4049.21,,,4051.39,,4046.94,,0.01,,2.13,,-544.83,,,,False,TP
2026-07-15 22:44:00,,2026-07-15 22:58:00,,M1,,SELL,,4049.81,,,4051.1,,4046.67,,0.01,,3.0,,-541.83,,,,False,TP
2026-07-15 23:00:00,,2026-07-15 23:12:00,,M15,,SELL,,4047.01,,,4055.18,,4038.19,,0.01,,8.68,,-534.57,,,,False,TP
2026-07-15 23:01:00,,2026-07-15 23:02:00,,M1,,SELL,,4047.08,,,4048.69,,4046.0,,0.01,,0.94,,-540.89,,,,False,TP
2026-07-15 23:06:00,,2026-07-15 23:10:00,,M1,,BUY,,4044.08,,,4041.86,,4050.1,,0.01,,-2.36,,-543.25,,,,False,SL
2026-07-15 23:14:00,,2026-07-15 23:16:00,,M1,,SELL,,4038.28,,,4040.34,,4036.13,,0.01,,-2.2,,-536.77,,,,False,SL
2026-07-15 23:54:00,,2026-07-15 23:55:00,,M1,,BUY,,4036.31,,,4034.74,,4041.21,,0.01,,-1.71,,-522.43,,,,False,SL
2026-07-15 23:58:00,,2026-07-15 23:59:00,,M1,,SELL,,4030.64,,,4032.33,,4025.93,,0.01,,-1.83,,-524.26,,,,False,SL
2026-07-16 00:08:00,,2026-07-16 00:09:00,,M1,,BUY,,4038.54,,,4037.27,,4040.17,,0.01,,-1.41,,-525.67,,,,False,SL
2026-07-16 00:11:00,,2026-07-16 00:16:00,,M1,,BUY,,4037.89,,,4035.19,,4039.21,,0.01,,-2.84,,-528.51,,,,False,SL
2026-07-16 00:27:00,,2026-07-16 00:29:00,,M1,,BUY,,4038.71,,,4037.5,,4039.85,,0.01,,1.0,,-527.51,,,,False,TP
2026-07-16 00:28:00,,2026-07-16 00:30:00,,M1,,BUY,,4039.38,,,4037.01,,4040.33,,0.01,,0.81,,-526.7,,,,False,TP
2026-07-16 00:35:00,,2026-07-16 00:44:00,,M1,,BUY,,4054.98,,,4052.15,,4061.5,,0.01,,6.38,,-520.32,,,,False,TP
2026-07-16 00:40:00,,2026-07-16 00:44:00,,M1,,SELL,,4057.01,,,4061.44,,4055.68,,0.01,,-4.57,,-524.89,,,,False,SL
2026-07-16 00:49:00,,2026-07-16 01:05:00,,M1,,SELL,,4063.46,,,4068.7,,4058.47,,0.01,,-5.38,,-537.0,,,,False,SL
2026-07-16 00:54:00,,2026-07-16 01:04:00,,M1,,SELL,,4063.49,,,4068.6,,4058.66,,0.01,,-5.25,,-531.62,,,,False,SL
2026-07-16 00:57:00,,2026-07-16 00:58:00,,M1,,SELL,,4061.91,,,4063.25,,4056.6,,0.01,,-1.48,,-526.37,,,,False,SL
2026-07-16 01:00:00,,2026-07-16 01:06:00,,M15,,BUY,,4062.43,,,4055.66,,4068.84,,0.01,,6.27,,-530.73,,,,False,TP
2026-07-16 01:01:00,,2026-07-16 01:06:00,,M1,,BUY,,4064.2,,,4058.36,,4068.92,,0.01,,4.58,,-526.15,,,,False,TP
2026-07-16 01:05:00,,2026-07-16 01:08:00,,M1,,BUY,,4068.16,,,4066.06,,4069.35,,0.01,,1.05,,-525.1,,,,False,TP
2026-07-16 01:08:00,,2026-07-16 01:10:00,,M1,,SELL,,4067.04,,,4071.55,,4066.05,,0.01,,0.85,,-524.25,,,,False,TP
2026-07-16 01:10:00,,2026-07-16 01:22:00,,M1,,BUY,,4067.24,,,4064.96,,4070.64,,0.01,,3.26,,-520.99,,,,False,TP
2026-07-16 01:10:00,,2026-07-16 01:30:00,,M5,,BUY,,4067.24,,,4063.39,,4073.28,,0.01,,5.9,,-515.09,,,,False,TP
2026-07-16 01:27:00,,2026-07-16 01:30:00,,M1,,SELL,,4069.86,,,4073.57,,4067.02,,0.01,,-3.85,,-518.94,,,,False,SL
2026-07-16 01:39:00,,2026-07-16 01:47:00,,M1,,SELL,,4071.63,,,4074.21,,4066.1,,0.01,,5.39,,-513.55,,,,False,TP
2026-07-16 01:46:00,,2026-07-16 01:47:00,,M1,,SELL,,4067.82,,,4069.52,,4066.78,,0.01,,0.9,,-512.65,,,,False,TP
2026-07-16 01:48:00,,2026-07-16 01:50:00,,M1,,SELL,,4065.69,,,4068.87,,4065.02,,0.01,,0.53,,-512.12,,,,False,TP
2026-07-16 02:00:00,,2026-07-16 08:00:00,,H1,,BUY,,4059.29,,,4043.95,,4065.69,,0.01,,-15.48,,-534.43,,,,False,SL
2026-07-16 02:08:00,,2026-07-16 02:11:00,,M1,,SELL,,4059.96,,,4061.89,,4056.86,,0.01,,-2.07,,-514.19,,,,False,SL
2026-07-16 02:15:00,,2026-07-16 02:17:00,,M15,,SELL,,4060.98,,,4070.69,,4058.27,,0.01,,2.57,,-511.62,,,,False,TP
2026-07-16 02:18:00,,2026-07-16 02:19:00,,M1,,SELL,,4058.36,,,4059.46,,4057.25,,0.01,,0.97,,-510.65,,,,False,TP
2026-07-16 02:25:00,,2026-07-16 02:34:00,,M1,,BUY,,4054.87,,,4052.08,,4060.6,,0.01,,-2.93,,-515.5,,,,False,SL
2026-07-16 02:27:00,,2026-07-16 02:33:00,,M1,,BUY,,4055.91,,,4054.13,,4059.78,,0.01,,-1.92,,-512.57,,,,False,SL
2026-07-16 02:44:00,,2026-07-16 03:04:00,,M1,,BUY,,4052.39,,,4048.4,,4058.17,,0.01,,5.64,,-509.86,,,,False,TP
2026-07-16 02:50:00,,2026-07-16 03:05:00,,M1,,BUY,,4052.54,,,4048.46,,4058.25,,0.01,,5.57,,-504.29,,,,False,TP
2026-07-16 02:51:00,,2026-07-16 03:17:00,,M1,,BUY,,4053.33,,,4048.22,,4058.69,,0.01,,5.22,,-500.11,,,,False,TP
2026-07-16 03:04:00,,2026-07-16 03:17:00,,M1,,BUY,,4058.18,,,4056.02,,4059.1,,0.01,,0.78,,-499.33,,,,False,TP
2026-07-16 03:09:00,,2026-07-16 03:10:00,,M1,,BUY,,4057.64,,,4056.74,,4058.62,,0.01,,-1.04,,-505.33,,,,False,SL
2026-07-16 03:15:00,,2026-07-16 03:17:00,,M5,,SELL,,4057.57,,,4059.67,,4054.18,,0.01,,-2.24,,-501.57,,,,False,SL
2026-07-16 03:20:00,,2026-07-16 03:21:00,,M1,,BUY,,4059.32,,,4057.81,,4059.19,,0.01,,-0.27,,-501.84,,,,False,TP
2026-07-16 03:26:00,,2026-07-16 03:27:00,,M1,,BUY,,4061.23,,,4058.54,,4059.85,,0.01,,-1.52,,-503.36,,,,False,TP
2026-07-16 03:30:00,,2026-07-16 03:37:00,,M1,,SELL,,4061.41,,,4061.95,,4057.65,,0.01,,-0.68,,-503.47,,,,False,SL
2026-07-16 03:35:00,,2026-07-16 03:36:00,,M5,,BUY,,4060.78,,,4057.37,,4061.49,,0.01,,0.57,,-502.79,,,,False,TP
2026-07-16 03:40:00,,2026-07-16 05:54:00,,M1,,BUY,,4063.06,,,4058.33,,4068.08,,0.01,,-4.87,,-517.46,,,,False,SL
2026-07-16 03:45:00,,2026-07-16 06:20:00,,M5,,BUY,,4061.6,,,4058.04,,4068.56,,0.01,,-3.7,,-526.72,,,,False,SL
2026-07-16 03:50:00,,2026-07-16 03:51:00,,M1,,SELL,,4061.45,,,4062.39,,4057.98,,0.01,,-1.08,,-504.55,,,,False,SL
2026-07-16 03:50:00,,2026-07-16 05:03:00,,M5,,SELL,,4061.45,,,4063.58,,4055.85,,0.01,,-2.27,,-507.45,,,,False,SL
2026-07-16 03:54:00,,2026-07-16 03:55:00,,M1,,SELL,,4061.06,,,4061.55,,4057.45,,0.01,,-0.63,,-505.18,,,,False,SL
2026-07-16 03:55:00,,2026-07-16 05:04:00,,M5,,SELL,,4061.09,,,4064.56,,4055.91,,0.01,,-3.61,,-511.06,,,,False,SL
2026-07-16 05:31:00,,2026-07-16 06:25:00,,M1,,SELL,,4061.37,,,4062.81,,4057.84,,0.01,,3.39,,-523.33,,,,False,TP
2026-07-16 05:43:00,,2026-07-16 05:47:00,,M1,,SELL,,4059.55,,,4060.94,,4058.05,,0.01,,-1.53,,-512.59,,,,False,SL
2026-07-16 05:48:00,,2026-07-16 05:59:00,,M1,,SELL,,4059.58,,,4061.36,,4057.33,,0.01,,-1.92,,-519.38,,,,False,SL
2026-07-16 05:50:00,,2026-07-16 06:09:00,,M5,,SELL,,4059.62,,,4062.17,,4055.92,,0.01,,-2.69,,-522.07,,,,False,SL
2026-07-16 05:59:00,,2026-07-16 06:09:00,,M1,,SELL,,4060.12,,,4061.96,,4057.11,,0.01,,-1.98,,-524.05,,,,False,SL
2026-07-16 06:05:00,,2026-07-16 06:09:00,,M5,,BUY,,4060.0,,,4057.71,,4061.17,,0.01,,1.03,,-523.02,,,,False,TP
2026-07-16 06:20:00,,2026-07-16 06:25:00,,M1,,SELL,,4059.09,,,4060.06,,4057.72,,0.01,,1.23,,-522.1,,,,False,TP
2026-07-16 06:28:00,,2026-07-16 06:29:00,,M1,,BUY,,4058.69,,,4057.9,,4059.37,,0.01,,-0.93,,-523.03,,,,False,SL
2026-07-16 06:40:00,,2026-07-16 06:42:00,,M5,,SELL,,4057.12,,,4060.53,,4055.73,,0.01,,1.25,,-521.78,,,,False,TP
2026-07-16 06:45:00,,2026-07-16 07:56:00,,M15,,SELL,,4057.99,,,4062.31,,4052.83,,0.01,,5.02,,-518.95,,,,False,TP
2026-07-16 06:45:00,,2026-07-16 06:46:00,,M1,,BUY,,4058.13,,,4057.19,,4058.68,,0.01,,-1.08,,-522.86,,,,False,SL
2026-07-16 06:59:00,,2026-07-16 07:01:00,,M1,,SELL,,4058.5,,,4060.02,,4057.17,,0.01,,1.19,,-521.67,,,,False,TP
2026-07-16 07:04:00,,2026-07-16 07:07:00,,M1,,SELL,,4057.02,,,4060.16,,4056.67,,0.01,,0.21,,-521.46,,,,False,TP
2026-07-16 07:20:00,,2026-07-16 07:21:00,,M1,,BUY,,4056.92,,,4055.37,,4059.51,,0.01,,-1.69,,-523.15,,,,False,SL
2026-07-16 07:31:00,,2026-07-16 07:32:00,,M1,,BUY,,4060.33,,,4057.54,,4059.97,,0.01,,-0.5,,-523.65,,,,False,TP
2026-07-16 07:32:00,,2026-07-16 07:33:00,,M1,,BUY,,4060.24,,,4058.3,,4060.06,,0.01,,-0.32,,-523.97,,,,False,TP
2026-07-16 07:45:00,,2026-07-16 08:00:00,,M15,,SELL,,4055.09,,,4064.21,,4048.29,,0.01,,6.66,,-527.77,,,,False,TP
2026-07-16 07:55:00,,2026-07-16 08:00:00,,M5,,SELL,,4053.53,,,4062.63,,4048.86,,0.01,,4.53,,-523.24,,,,False,TP
2026-07-16 08:00:00,,2026-07-16 09:39:00,,M30,,SELL,,4044.64,,,4066.42,,4028.51,,0.01,,15.99,,-526.45,,,,False,TP
2026-07-16 08:05:00,,2026-07-16 08:06:00,,M5,,SELL,,4044.85,,,4052.66,,4044.57,,0.01,,0.14,,-523.1,,,,False,TP
2026-07-16 08:08:00,,2026-07-16 08:18:00,,M1,,BUY,,4045.87,,,4041.08,,4051.16,,0.01,,-4.93,,-528.03,,,,False,SL
2026-07-16 08:16:00,,2026-07-16 08:18:00,,M1,,BUY,,4044.51,,,4042.54,,4051.07,,0.01,,-2.11,,-530.14,,,,False,SL
2026-07-16 08:19:00,,2026-07-16 08:22:00,,M1,,SELL,,4040.9,,,4042.43,,4036.39,,0.01,,-1.67,,-531.81,,,,False,SL
2026-07-16 08:35:00,,2026-07-16 08:54:00,,M1,,BUY,,4041.54,,,4037.25,,4048.84,,0.01,,-4.43,,-541.01,,,,False,SL
2026-07-16 08:37:00,,2026-07-16 08:38:00,,M1,,BUY,,4042.45,,,4038.09,,4040.85,,0.01,,-1.74,,-533.55,,,,False,TP
2026-07-16 08:39:00,,2026-07-16 08:40:00,,M1,,SELL,,4041.96,,,4044.15,,4036.3,,0.01,,-2.33,,-535.88,,,,False,SL
2026-07-16 08:41:00,,2026-07-16 08:54:00,,M1,,BUY,,4044.0,,,4038.47,,4048.37,,0.01,,-5.67,,-546.68,,,,False,SL
2026-07-16 08:46:00,,2026-07-16 08:47:00,,M1,,BUY,,4041.71,,,4038.53,,4041.15,,0.01,,-0.7,,-536.58,,,,False,TP
2026-07-16 08:58:00,,2026-07-16 09:06:00,,M1,,SELL,,4039.36,,,4041.95,,4036.14,,0.01,,3.08,,-543.56,,,,False,TP
2026-07-16 09:00:00,,2026-07-16 09:07:00,,M5,,SELL,,4039.06,,,4043.23,,4033.86,,0.01,,5.06,,-538.5,,,,False,TP
2026-07-16 09:01:00,,2026-07-16 09:02:00,,M1,,BUY,,4039.72,,,4037.32,,4039.9,,0.01,,0.04,,-546.64,,,,False,TP
2026-07-16 09:08:00,,2026-07-16 09:39:00,,M1,,SELL,,4034.38,,,4038.51,,4028.69,,0.01,,5.55,,-520.9,,,,False,TP
2026-07-16 09:15:00,,2026-07-16 09:39:00,,M1,,SELL,,4032.53,,,4038.64,,4028.62,,0.01,,3.77,,-517.13,,,,False,TP
2026-07-16 09:16:00,,2026-07-16 09:23:00,,M1,,SELL,,4031.39,,,4033.76,,4026.16,,0.01,,-2.51,,-541.01,,,,False,SL
2026-07-16 09:24:00,,2026-07-16 09:25:00,,M1,,BUY,,4034.3,,,4033.01,,4040.49,,0.01,,-1.43,,-542.44,,,,False,SL
2026-07-16 09:35:00,,2026-07-16 09:40:00,,M5,,SELL,,4031.81,,,4039.71,,4027.78,,0.01,,3.89,,-513.24,,,,False,TP
2026-07-16 09:37:00,,2026-07-16 09:40:00,,M1,,SELL,,4031.36,,,4033.92,,4026.43,,0.01,,4.79,,-508.45,,,,False,TP
2026-07-16 09:45:00,,2026-07-16 18:47:00,,M15,,SELL,,4027.78,,,4039.54,,4018.08,,0.01,,-11.9,,-592.31,,,,False,SL
2026-07-16 09:48:00,,2026-07-16 09:52:00,,M1,,SELL,,4028.58,,,4030.63,,4026.37,,0.01,,2.07,,-506.38,,,,False,TP
2026-07-16 10:01:00,,2026-07-16 10:07:00,,M1,,SELL,,4031.7,,,4032.73,,4026.58,,0.01,,-1.17,,-507.55,,,,False,SL
2026-07-16 10:02:00,,2026-07-16 10:07:00,,M1,,SELL,,4031.1,,,4032.76,,4027.17,,0.01,,-1.8,,-509.35,,,,False,SL
2026-07-16 10:06:00,,2026-07-16 10:22:00,,M1,,BUY,,4032.83,,,4028.35,,4038.87,,0.01,,-4.62,,-515.26,,,,False,SL
2026-07-16 10:11:00,,2026-07-16 10:28:00,,M1,,SELL,,4031.12,,,4033.89,,4027.33,,0.01,,-2.91,,-518.17,,,,False,SL
2026-07-16 10:15:00,,2026-07-16 10:43:00,,M5,,SELL,,4029.81,,,4035.15,,4024.23,,0.01,,-5.48,,-527.32,,,,False,SL
2026-07-16 10:17:00,,2026-07-16 10:18:00,,M1,,BUY,,4030.78,,,4027.82,,4029.63,,0.01,,-1.29,,-510.64,,,,False,TP
2026-07-16 10:20:00,,2026-07-16 10:28:00,,M5,,SELL,,4029.97,,,4033.5,,4024.17,,0.01,,-3.67,,-521.84,,,,False,SL
2026-07-16 10:30:00,,2026-07-16 13:36:00,,M15,,BUY,,4034.04,,,4024.13,,4038.71,,0.01,,-10.05,,-543.99,,,,False,SL
2026-07-16 10:40:00,,2026-07-16 12:21:00,,M5,,SELL,,4033.3,,,4038.84,,4028.07,,0.01,,5.09,,-550.3,,,,False,TP
2026-07-16 10:41:00,,2026-07-16 11:09:00,,M1,,BUY,,4034.27,,,4032.71,,4039.67,,0.01,,-1.7,,-530.51,,,,False,SL
2026-07-16 10:50:00,,2026-07-16 11:10:00,,M5,,BUY,,4034.98,,,4032.45,,4041.58,,0.01,,-2.67,,-537.6,,,,False,SL
2026-07-16 10:54:00,,2026-07-16 11:05:00,,M1,,BUY,,4035.53,,,4034.18,,4039.06,,0.01,,-1.49,,-528.81,,,,False,SL
2026-07-16 11:00:00,,2026-07-16 13:38:00,,H1,,SELL,,4036.36,,,4044.6,,4023.48,,0.01,,12.74,,-540.77,,,,False,TP
2026-07-16 11:08:00,,2026-07-16 11:09:00,,M1,,SELL,,4033.5,,,4038.93,,4037.78,,0.01,,-4.42,,-534.93,,,,False,TP
2026-07-16 11:19:00,,2026-07-16 12:20:00,,M1,,SELL,,4033.76,,,4039.19,,4028.93,,0.01,,4.69,,-555.39,,,,False,TP
2026-07-16 11:25:00,,2026-07-16 12:21:00,,M5,,SELL,,4033.5,,,4039.4,,4028.07,,0.01,,5.29,,-545.01,,,,False,TP
2026-07-16 11:35:00,,2026-07-16 12:21:00,,M5,,SELL,,4033.01,,,4038.89,,4028.08,,0.01,,4.79,,-540.22,,,,False,TP
2026-07-16 11:45:00,,2026-07-16 12:21:00,,M5,,SELL,,4032.64,,,4038.91,,4028.47,,0.01,,4.03,,-536.19,,,,False,TP
2026-07-16 11:46:00,,2026-07-16 12:03:00,,M1,,BUY,,4034.51,,,4031.73,,4039.61,,0.01,,-2.92,,-553.0,,,,False,SL
2026-07-16 11:49:00,,2026-07-16 11:58:00,,M1,,BUY,,4035.19,,,4033.69,,4039.77,,0.01,,-1.64,,-542.56,,,,False,SL
2026-07-16 11:50:00,,2026-07-16 12:06:00,,M5,,BUY,,4034.7,,,4030.76,,4041.42,,0.01,,-4.08,,-557.08,,,,False,SL
2026-07-16 11:52:00,,2026-07-16 11:53:00,,M1,,SELL,,4034.42,,,4038.77,,4037.6,,0.01,,-3.32,,-540.92,,,,False,TP
2026-07-16 11:55:00,,2026-07-16 11:58:00,,M1,,BUY,,4035.01,,,4033.89,,4039.57,,0.01,,-1.26,,-543.82,,,,False,SL
2026-07-16 11:57:00,,2026-07-16 11:58:00,,M1,,SELL,,4034.8,,,4038.29,,4037.23,,0.01,,-2.57,,-546.39,,,,False,TP
2026-07-16 11:59:00,,2026-07-16 12:00:00,,M1,,SELL,,4033.99,,,4038.61,,4037.54,,0.01,,-3.69,,-550.08,,,,False,TP
2026-07-16 12:12:00,,2026-07-16 12:15:00,,M1,,SELL,,4030.13,,,4030.91,,4027.65,,0.01,,-0.92,,-558.0,,,,False,SL
2026-07-16 12:15:00,,2026-07-16 12:16:00,,M1,,BUY,,4031.33,,,4028.2,,4029.39,,0.01,,-2.08,,-560.08,,,,False,TP
2026-07-16 12:19:00,,2026-07-16 12:22:00,,M1,,SELL,,4030.31,,,4031.16,,4027.79,,0.01,,2.38,,-533.81,,,,False,TP
2026-07-16 12:20:00,,2026-07-16 12:29:00,,M1,,SELL,,4029.27,,,4031.42,,4026.96,,0.01,,2.17,,-531.64,,,,False,TP
2026-07-16 12:28:00,,2026-07-16 12:29:00,,M1,,BUY,,4028.42,,,4027.55,,4029.11,,0.01,,-1.01,,-532.65,,,,False,SL
2026-07-16 12:30:00,,2026-07-16 12:31:00,,M5,,SELL,,4027.73,,,4030.87,,4025.33,,0.01,,2.26,,-530.39,,,,False,TP
2026-07-16 12:31:00,,2026-07-16 12:32:00,,M1,,SELL,,4027.51,,,4030.31,,4027.44,,0.01,,-0.07,,-530.46,,,,False,TP
2026-07-16 12:34:00,,2026-07-16 12:35:00,,M1,,BUY,,4030.6,,,4027.22,,4029.99,,0.01,,-0.75,,-531.21,,,,False,TP
2026-07-16 12:37:00,,2026-07-16 12:54:00,,M1,,BUY,,4030.84,,,4026.63,,4038.22,,0.01,,-4.35,,-535.56,,,,False,SL
2026-07-16 12:45:00,,2026-07-16 13:36:00,,M5,,BUY,,4032.47,,,4025.13,,4037.26,,0.01,,-7.48,,-551.47,,,,False,SL
2026-07-16 12:48:00,,2026-07-16 12:54:00,,M1,,SELL,,4030.13,,,4031.83,,4026.01,,0.01,,3.98,,-531.58,,,,False,TP
2026-07-16 13:01:00,,2026-07-16 13:02:00,,M1,,BUY,,4030.05,,,4026.1,,4030.47,,0.01,,0.28,,-531.3,,,,False,TP
2026-07-16 13:07:00,,2026-07-16 13:11:00,,M1,,BUY,,4035.1,,,4033.56,,4040.57,,0.01,,-1.68,,-532.98,,,,False,SL
2026-07-16 13:20:00,,2026-07-16 13:22:00,,M1,,SELL,,4029.52,,,4030.34,,4026.9,,0.01,,-0.96,,-533.94,,,,False,SL
2026-07-16 13:30:00,,2026-07-16 13:36:00,,M1,,SELL,,4030.3,,,4032.89,,4026.38,,0.01,,3.78,,-547.69,,,,False,TP
2026-07-16 13:30:00,,2026-07-16 13:36:00,,M15,,BUY,,4030.44,,,4024.76,,4038.08,,0.01,,-5.82,,-553.51,,,,False,SL
2026-07-16 13:39:00,,2026-07-16 13:54:00,,M1,,BUY,,4024.78,,,4022.14,,4029.83,,0.01,,4.91,,-535.86,,,,False,TP
2026-07-16 13:45:00,,2026-07-16 13:54:00,,M1,,BUY,,4027.23,,,4024.39,,4030.06,,0.01,,2.69,,-533.17,,,,False,TP
2026-07-16 14:08:00,,2026-07-16 14:09:00,,M1,,SELL,,4028.77,,,4029.81,,4027.01,,0.01,,-1.18,,-534.35,,,,False,SL
2026-07-16 14:11:00,,2026-07-16 14:14:00,,M1,,BUY,,4029.32,,,4027.9,,4029.42,,0.01,,-1.56,,-535.91,,,,False,SL
2026-07-16 14:20:00,,2026-07-16 14:32:00,,M1,,BUY,,4024.93,,,4023.13,,4029.56,,0.01,,-1.94,,-539.5,,,,False,SL
2026-07-16 14:22:00,,2026-07-16 14:25:00,,M1,,BUY,,4026.32,,,4024.81,,4029.95,,0.01,,-1.65,,-537.56,,,,False,SL
2026-07-16 14:39:00,,2026-07-16 14:47:00,,M1,,BUY,,4025.6,,,4024.2,,4029.38,,0.01,,3.64,,-536.85,,,,False,TP
2026-07-16 14:42:00,,2026-07-16 14:45:00,,M1,,BUY,,4027.22,,,4026.37,,4029.84,,0.01,,-0.99,,-540.49,,,,False,SL
2026-07-16 14:46:00,,2026-07-16 14:47:00,,M1,,BUY,,4028.72,,,4025.3,,4028.81,,0.01,,-0.05,,-536.9,,,,False,TP
2026-07-16 14:50:00,,2026-07-16 14:51:00,,M1,,BUY,,4030.86,,,4027.89,,4029.56,,0.01,,-1.44,,-538.34,,,,False,TP
2026-07-16 15:05:00,,2026-07-16 15:11:00,,M5,,BUY,,4030.12,,,4027.04,,4031.11,,0.01,,-3.22,,-541.56,,,,False,SL
2026-07-16 15:10:00,,2026-07-16 15:11:00,,M1,,SELL,,4028.37,,,4030.95,,4026.49,,0.01,,1.74,,-539.82,,,,False,TP
2026-07-16 15:16:00,,2026-07-16 15:17:00,,M1,,SELL,,4026.23,,,4029.13,,4027.04,,0.01,,-0.95,,-540.77,,,,False,TP
2026-07-16 15:20:00,,2026-07-16 18:26:00,,M5,,BUY,,4029.28,,,4023.6,,4038.97,,0.01,,-5.82,,-571.65,,,,False,SL
2026-07-16 15:27:00,,2026-07-16 15:28:00,,M1,,BUY,,4032.31,,,4027.77,,4029.81,,0.01,,-2.64,,-543.41,,,,False,TP
2026-07-16 15:29:00,,2026-07-16 15:31:00,,M1,,SELL,,4032.08,,,4033.59,,4026.98,,0.01,,-1.65,,-545.06,,,,False,SL
2026-07-16 15:39:00,,2026-07-16 15:42:00,,M1,,BUY,,4034.51,,,4032.89,,4040.27,,0.01,,-1.76,,-546.82,,,,False,SL
2026-07-16 15:43:00,,2026-07-16 15:44:00,,M1,,SELL,,4033.34,,,4038.35,,4036.54,,0.01,,-3.34,,-550.16,,,,False,TP
2026-07-16 15:50:00,,2026-07-16 15:51:00,,M1,,SELL,,4035.58,,,4039.19,,4037.55,,0.01,,-2.11,,-552.27,,,,False,TP
2026-07-16 16:00:00,,2026-07-16 16:24:00,,M1,,BUY,,4035.46,,,4033.96,,4040.06,,0.01,,-1.64,,-558.86,,,,False,SL
2026-07-16 16:02:00,,2026-07-16 16:22:00,,M1,,BUY,,4036.57,,,4035.11,,4040.2,,0.01,,-1.6,,-555.04,,,,False,SL
2026-07-16 16:04:00,,2026-07-16 16:05:00,,M1,,SELL,,4036.36,,,4038.98,,4037.45,,0.01,,-1.23,,-553.5,,,,False,TP
2026-07-16 16:07:00,,2026-07-16 16:22:00,,M1,,BUY,,4035.82,,,4034.82,,4039.53,,0.01,,-1.14,,-556.18,,,,False,SL
2026-07-16 16:09:00,,2026-07-16 16:22:00,,M1,,BUY,,4036.29,,,4035.39,,4039.9,,0.01,,-1.04,,-557.22,,,,False,SL
2026-07-16 16:20:00,,2026-07-16 16:21:00,,M5,,SELL,,4036.23,,,4039.38,,4036.03,,0.01,,0.06,,-553.44,,,,False,TP
2026-07-16 16:28:00,,2026-07-16 18:01:00,,M1,,BUY,,4033.45,,,4028.09,,4038.37,,0.01,,-5.5,,-575.26,,,,False,SL
2026-07-16 16:30:00,,2026-07-16 16:31:00,,M5,,SELL,,4033.2,,,4039.28,,4035.84,,0.01,,-2.78,,-561.64,,,,False,TP
2026-07-16 16:30:00,,2026-07-16 18:01:00,,M15,,SELL,,4033.2,,,4040.6,,4028.59,,0.01,,4.47,,-570.79,,,,False,TP
2026-07-16 16:31:00,,2026-07-16 18:00:00,,M1,,SELL,,4032.88,,,4038.83,,4028.88,,0.01,,3.86,,-572.72,,,,False,TP
2026-07-16 16:35:00,,2026-07-16 18:00:00,,M5,,SELL,,4031.87,,,4038.86,,4028.77,,0.01,,2.96,,-569.76,,,,False,TP
2026-07-16 16:38:00,,2026-07-16 16:39:00,,M1,,SELL,,4033.79,,,4038.46,,4036.85,,0.01,,-3.2,,-564.84,,,,False,TP
2026-07-16 16:43:00,,2026-07-16 16:46:00,,M1,,BUY,,4034.23,,,4032.41,,4039.83,,0.01,,-1.96,,-566.8,,,,False,SL
2026-07-16 17:00:00,,2026-07-16 18:01:00,,M15,,SELL,,4031.72,,,4039.79,,4028.5,,0.01,,3.08,,-567.71,,,,False,TP
2026-07-16 17:06:00,,2026-07-16 17:07:00,,M1,,BUY,,4031.01,,,4027.91,,4029.44,,0.01,,-1.71,,-568.51,,,,False,TP
2026-07-16 17:08:00,,2026-07-16 18:01:00,,M1,,BUY,,4032.2,,,4028.2,,4038.21,,0.01,,-4.14,,-571.85,,,,False,SL
2026-07-16 17:14:00,,2026-07-16 17:15:00,,M1,,BUY,,4032.06,,,4028.42,,4029.91,,0.01,,-2.29,,-570.8,,,,False,TP
2026-07-16 17:21:00,,2026-07-16 18:01:00,,M1,,BUY,,4033.09,,,4028.14,,4038.24,,0.01,,-5.09,,-576.94,,,,False,SL
2026-07-16 17:35:00,,2026-07-16 17:36:00,,M5,,SELL,,4033.8,,,4039.48,,4036.07,,0.01,,-2.41,,-573.21,,,,False,TP
2026-07-16 17:40:00,,2026-07-16 18:17:00,,M5,,SELL,,4031.86,,,4035.72,,4026.05,,0.01,,5.67,,-573.8,,,,False,TP
2026-07-16 17:45:00,,2026-07-16 18:14:00,,M15,,BUY,,4033.23,,,4027.61,,4038.6,,0.01,,-5.76,,-582.7,,,,False,SL
2026-07-16 17:52:00,,2026-07-16 17:53:00,,M1,,BUY,,4031.52,,,4028.58,,4029.98,,0.01,,-1.68,,-574.89,,,,False,TP
2026-07-16 17:55:00,,2026-07-16 17:56:00,,M1,,BUY,,4031.67,,,4028.76,,4030.12,,0.01,,-1.69,,-576.58,,,,False,TP
2026-07-16 17:55:00,,2026-07-16 18:17:00,,M5,,SELL,,4031.53,,,4033.68,,4025.77,,0.01,,5.62,,-568.18,,,,False,TP
2026-07-16 17:57:00,,2026-07-16 18:14:00,,M1,,SELL,,4030.51,,,4032.49,,4027.14,,0.01,,3.23,,-579.47,,,,False,TP
2026-07-16 18:15:00,,2026-07-16 18:17:00,,M5,,SELL,,4028.1,,,4031.21,,4025.61,,0.01,,2.35,,-565.83,,,,False,TP
2026-07-16 18:24:00,,2026-07-16 18:26:00,,M1,,BUY,,4026.06,,,4024.19,,4029.84,,0.01,,-2.01,,-573.66,,,,False,SL
2026-07-16 18:25:00,,2026-07-16 18:26:00,,M1,,SELL,,4024.95,,,4028.66,,4027.11,,0.01,,-2.3,,-575.96,,,,False,TP
2026-07-16 18:29:00,,2026-07-16 18:30:00,,M1,,BUY,,4025.59,,,4024.55,,4030.02,,0.01,,-1.18,,-577.14,,,,False,SL
2026-07-16 18:31:00,,2026-07-16 18:32:00,,M1,,SELL,,4024.48,,,4028.42,,4026.39,,0.01,,-2.05,,-579.19,,,,False,TP
2026-07-16 18:38:00,,2026-07-16 18:39:00,,M1,,BUY,,4031.05,,,4028.07,,4029.97,,0.01,,-1.22,,-580.41,,,,False,TP
2026-07-16 18:55:00,,2026-07-16 19:16:00,,M5,,BUY,,4039.64,,,4027.03,,4047.92,,0.01,,-12.75,,-613.8,,,,False,SL
2026-07-16 19:00:00,,2026-07-16 19:17:00,,H1,,BUY,,4038.58,,,4014.71,,4058.15,,0.01,,-24.01,,-634.68,,,,False,SL
2026-07-16 19:05:00,,2026-07-16 19:08:00,,M5,,BUY,,4042.5,,,4033.9,,4048.44,,0.01,,-8.74,,-601.05,,,,False,SL
2026-07-16 19:15:00,,2026-07-16 19:16:00,,M15,,SELL,,4031.57,,,4046.8,,4028.3,,0.01,,3.13,,-610.67,,,,False,TP
2026-07-16 19:46:00,,2026-07-16 19:47:00,,M1,,BUY,,4004.02,,,3997.21,,4008.52,,0.01,,4.36,,-630.32,,,,False,TP
2026-07-16 19:49:00,,2026-07-16 19:56:00,,M1,,SELL,,4000.87,,,4003.48,,3994.32,,0.01,,6.41,,-623.91,,,,False,TP
2026-07-16 19:50:00,,2026-07-16 19:56:00,,M1,,SELL,,3999.63,,,4004.81,,3994.46,,0.01,,5.03,,-618.88,,,,False,TP
2026-07-16 19:52:00,,2026-07-16 19:56:00,,M1,,SELL,,3998.23,,,4003.18,,3994.23,,0.01,,3.86,,-615.02,,,,False,TP
2026-07-16 19:56:00,,2026-07-16 19:57:00,,M1,,SELL,,3996.4,,,3999.81,,3994.61,,0.01,,1.65,,-613.37,,,,False,TP
2026-07-16 19:59:00,,2026-07-16 20:00:00,,M1,,SELL,,3994.73,,,3997.83,,3992.85,,0.01,,1.74,,-611.63,,,,False,TP
2026-07-16 20:09:00,,2026-07-16 20:12:00,,M1,,BUY,,3984.2,,,3977.27,,3988.33,,0.01,,3.99,,-607.64,,,,False,TP
2026-07-16 20:11:00,,2026-07-16 20:25:00,,M1,,BUY,,3987.03,,,3979.59,,3998.42,,0.01,,11.25,,-596.39,,,,False,TP
2026-07-16 20:15:00,,2026-07-16 20:25:00,,M1,,BUY,,3992.44,,,3987.09,,3998.41,,0.01,,5.83,,-590.56,,,,False,TP
2026-07-16 20:20:00,,2026-07-16 20:28:00,,M1,,BUY,,3995.4,,,3989.25,,4003.04,,0.01,,7.5,,-583.06,,,,False,TP
2026-07-16 20:35:00,,2026-07-16 22:26:00,,M5,,SELL,,3993.3,,,4012.95,,3978.28,,0.01,,-19.79,,-604.5,,,,False,SL
2026-07-16 20:42:00,,2026-07-16 20:48:00,,M1,,BUY,,3985.83,,,3983.28,,3993.06,,0.01,,7.09,,-575.97,,,,False,TP
2026-07-16 20:45:00,,2026-07-16 22:26:00,,M15,,SELL,,3986.43,,,4014.55,,3968.58,,0.01,,-28.26,,-632.76,,,,False,SL
2026-07-16 20:45:00,,2026-07-16 20:51:00,,M5,,SELL,,3986.43,,,3993.99,,3978.28,,0.01,,-7.7,,-583.67,,,,False,SL
2026-07-16 20:50:00,,2026-07-16 20:57:00,,M1,,SELL,,3991.96,,,3999.01,,3988.74,,0.01,,3.08,,-580.59,,,,False,TP
2026-07-16 20:52:00,,2026-07-16 21:13:00,,M1,,BUY,,3993.87,,,3987.61,,3998.8,,0.01,,-6.4,,-586.99,,,,False,SL
2026-07-16 21:00:00,,2026-07-16 21:27:00,,M1,,BUY,,3990.26,,,3987.13,,3998.04,,0.01,,7.64,,-579.35,,,,False,TP
2026-07-16 21:15:00,,2026-07-16 21:34:00,,M15,,BUY,,3989.24,,,3981.18,,4000.9,,0.01,,11.52,,-569.51,,,,False,TP
2026-07-16 21:16:00,,2026-07-16 21:27:00,,M1,,BUY,,3990.87,,,3986.11,,3998.17,,0.01,,7.16,,-572.19,,,,False,TP
2026-07-16 21:25:00,,2026-07-16 21:28:00,,M1,,SELL,,3992.3,,,3999.01,,3988.09,,0.01,,-6.85,,-579.04,,,,False,SL
2026-07-16 21:30:00,,2026-07-16 21:31:00,,M1,,BUY,,3999.5,,,3997.65,,4001.63,,0.01,,-1.99,,-581.03,,,,False,SL
2026-07-16 21:38:00,,2026-07-16 21:46:00,,M1,,SELL,,4001.56,,,4005.33,,3995.46,,0.01,,-3.91,,-573.85,,,,False,SL
2026-07-16 21:42:00,,2026-07-16 21:43:00,,M1,,BUY,,4001.51,,,3997.89,,4001.22,,0.01,,-0.43,,-569.94,,,,False,TP
2026-07-16 21:44:00,,2026-07-16 21:51:00,,M1,,BUY,,4003.12,,,3998.11,,4008.07,,0.01,,-5.15,,-584.71,,,,False,SL
2026-07-16 21:46:00,,2026-07-16 21:49:00,,M1,,BUY,,4004.34,,,4002.57,,4011.01,,0.01,,-1.91,,-575.76,,,,False,SL
2026-07-16 21:47:00,,2026-07-16 21:49:00,,M1,,BUY,,4006.07,,,4002.41,,4011.49,,0.01,,-3.8,,-579.56,,,,False,SL
2026-07-16 22:24:00,,2026-07-16 22:26:00,,M1,,BUY,,4006.46,,,4004.2,,4011.12,,0.01,,4.52,,-628.24,,,,False,TP
2026-07-16 22:30:00,,2026-07-17 00:37:00,,M30,,BUY,,4011.38,,,3981.61,,4028.69,,0.01,,-29.91,,-673.49,,,,False,SL
2026-07-16 22:36:00,,2026-07-16 22:37:00,,M1,,BUY,,4013.62,,,4007.43,,4011.11,,0.01,,-2.65,,-630.89,,,,False,TP
2026-07-16 22:42:00,,2026-07-16 22:43:00,,M1,,SELL,,4010.14,,,4012.33,,4006.01,,0.01,,-2.33,,-633.22,,,,False,SL
2026-07-16 22:45:00,,2026-07-16 23:04:00,,M15,,BUY,,4010.5,,,4001.45,,4021.42,,0.01,,-9.19,,-645.26,,,,False,SL
2026-07-16 22:50:00,,2026-07-16 23:04:00,,M5,,SELL,,4010.7,,,4014.95,,4001.41,,0.01,,9.15,,-636.11,,,,False,TP
2026-07-16 22:55:00,,2026-07-16 23:08:00,,M5,,SELL,,4009.1,,,4016.52,,3998.38,,0.01,,10.58,,-625.53,,,,False,TP
2026-07-16 23:00:00,,2026-07-16 23:01:00,,M1,,BUY,,4007.1,,,4004.39,,4010.43,,0.01,,-2.85,,-636.07,,,,False,SL
2026-07-16 23:01:00,,2026-07-16 23:08:00,,M1,,SELL,,4003.84,,,4008.74,,3998.16,,0.01,,5.54,,-619.99,,,,False,TP
2026-07-16 23:07:00,,2026-07-16 23:11:00,,M1,,SELL,,3999.24,,,4002.18,,3996.72,,0.01,,2.38,,-617.61,,,,False,TP
2026-07-16 23:23:00,,2026-07-16 23:30:00,,M1,,BUY,,3988.65,,,3985.06,,3989.8,,0.01,,-3.73,,-621.34,,,,False,SL
2026-07-16 23:27:00,,2026-07-16 23:32:00,,M1,,SELL,,3985.29,,,3989.19,,3978.08,,0.01,,-4.04,,-625.38,,,,False,SL
2026-07-16 23:43:00,,2026-07-17 00:11:00,,M1,,BUY,,3990.71,,,3987.27,,3998.3,,0.01,,-3.58,,-638.03,,,,False,SL
2026-07-16 23:47:00,,2026-07-16 23:49:00,,M1,,SELL,,3990.86,,,3991.88,,3986.65,,0.01,,-1.16,,-626.54,,,,False,SL
2026-07-16 23:49:00,,2026-07-17 00:10:00,,M1,,BUY,,3992.26,,,3987.96,,3998.41,,0.01,,-4.44,,-634.45,,,,False,SL
2026-07-16 23:54:00,,2026-07-16 23:55:00,,M1,,SELL,,3994.5,,,3998.41,,3996.2,,0.01,,-1.84,,-628.38,,,,False,TP
2026-07-16 23:57:00,,2026-07-16 23:59:00,,M1,,BUY,,3995.23,,,3993.74,,4000.24,,0.01,,-1.63,,-630.01,,,,False,SL
2026-07-17 00:00:00,,2026-07-17 01:36:00,,M30,,SELL,,3991.98,,,4004.67,,3978.55,,0.01,,13.29,,-675.72,,,,False,TP
2026-07-17 00:19:00,,2026-07-17 00:25:00,,M1,,BUY,,3987.26,,,3986.21,,3990.33,,0.01,,-1.19,,-639.22,,,,False,SL
2026-07-17 00:20:00,,2026-07-17 00:25:00,,M1,,BUY,,3987.95,,,3986.02,,3988.93,,0.01,,-2.07,,-641.29,,,,False,SL
2026-07-17 00:22:00,,2026-07-17 00:25:00,,M1,,BUY,,3988.64,,,3986.49,,3989.56,,0.01,,-2.29,,-643.58,,,,False,SL
2026-07-17 00:30:00,,2026-07-17 01:36:00,,M15,,SELL,,3987.62,,,3994.16,,3977.77,,0.01,,9.71,,-666.01,,,,False,TP
2026-07-17 00:35:00,,2026-07-17 01:36:00,,M5,,SELL,,3984.4,,,3991.17,,3978.45,,0.01,,5.81,,-660.2,,,,False,TP
2026-07-17 00:39:00,,2026-07-17 00:40:00,,M1,,BUY,,3984.52,,,3983.03,,3990.35,,0.01,,-1.63,,-675.12,,,,False,SL
2026-07-17 00:43:00,,2026-07-17 00:47:00,,M1,,SELL,,3980.41,,,3984.29,,3976.64,,0.01,,-4.02,,-679.14,,,,False,SL
2026-07-17 00:57:00,,2026-07-17 00:58:00,,M1,,SELL,,3985.92,,,3988.99,,3987.02,,0.01,,-1.24,,-680.38,,,,False,TP
2026-07-17 01:00:00,,2026-07-17 01:07:00,,M1,,BUY,,3984.75,,,3983.75,,3989.79,,0.01,,-1.14,,-684.1,,,,False,SL
2026-07-17 01:01:00,,2026-07-17 01:22:00,,M1,,BUY,,3986.07,,,3983.02,,3989.71,,0.01,,3.5,,-684.2,,,,False,TP
2026-07-17 01:04:00,,2026-07-17 01:05:00,,M1,,SELL,,3986.24,,,3989.23,,3987.39,,0.01,,-1.29,,-681.67,,,,False,TP
2026-07-17 01:05:00,,2026-07-17 01:06:00,,M1,,SELL,,3985.57,,,3988.59,,3986.72,,0.01,,-1.29,,-682.96,,,,False,TP
2026-07-17 01:15:00,,2026-07-17 01:20:00,,M1,,SELL,,3985.28,,,3988.74,,3978.59,,0.01,,-3.6,,-687.7,,,,False,SL
2026-07-17 01:18:00,,2026-07-17 01:22:00,,M1,,BUY,,3987.93,,,3986.46,,3988.84,,0.01,,0.77,,-683.43,,,,False,TP
2026-07-17 01:20:00,,2026-07-17 01:34:00,,M5,,BUY,,3988.25,,,3982.2,,3998.0,,0.01,,-6.19,,-689.01,,,,False,SL
2026-07-17 01:20:00,,2026-07-17 01:22:00,,M1,,BUY,,3988.25,,,3986.48,,3989.2,,0.01,,0.81,,-682.62,,,,False,TP
2026-07-17 01:23:00,,2026-07-17 01:24:00,,M1,,BUY,,3989.91,,,3988.0,,3989.85,,0.01,,-0.2,,-682.82,,,,False,TP
2026-07-17 02:01:00,,2026-07-17 02:31:00,,M1,,BUY,,3982.22,,,3978.44,,3988.8,,0.01,,-3.92,,-672.77,,,,False,SL
2026-07-17 02:04:00,,2026-07-17 02:08:00,,M1,,BUY,,3984.86,,,3983.55,,3989.88,,0.01,,-1.45,,-661.65,,,,False,SL
2026-07-17 02:05:00,,2026-07-17 02:08:00,,M1,,BUY,,3985.26,,,3983.52,,3990.26,,0.01,,-1.88,,-663.53,,,,False,SL
2026-07-17 02:05:00,,2026-07-17 02:32:00,,M5,,BUY,,3985.26,,,3977.03,,3988.22,,0.01,,-8.37,,-680.06,,,,False,SL
2026-07-17 02:07:00,,2026-07-17 02:31:00,,M1,,SELL,,3983.75,,,3989.03,,3978.32,,0.01,,5.29,,-667.48,,,,False,TP
2026-07-17 02:18:00,,2026-07-17 02:20:00,,M1,,SELL,,3980.07,,,3982.37,,3977.29,,0.01,,-2.44,,-665.97,,,,False,SL
2026-07-17 02:19:00,,2026-07-17 02:31:00,,M1,,BUY,,3981.88,,,3977.81,,3988.9,,0.01,,-4.21,,-671.69,,,,False,SL
2026-07-17 02:22:00,,2026-07-17 02:23:00,,M1,,BUY,,3984.02,,,3981.28,,3989.57,,0.01,,-2.88,,-668.85,,,,False,SL
2026-07-17 02:30:00,,2026-07-17 02:32:00,,M1,,SELL,,3978.87,,,3981.03,,3977.12,,0.01,,1.61,,-678.45,,,,False,TP
2026-07-17 02:39:00,,2026-07-17 02:53:00,,M1,,BUY,,3973.02,,,3968.17,,3978.35,,0.01,,5.19,,-675.66,,,,False,TP
2026-07-17 02:42:00,,2026-07-17 02:46:00,,M1,,BUY,,3976.35,,,3974.82,,3980.57,,0.01,,-1.67,,-680.12,,,,False,SL
2026-07-17 02:46:00,,2026-07-17 02:48:00,,M1,,SELL,,3976.25,,,3977.46,,3975.39,,0.01,,0.72,,-679.4,,,,False,TP
2026-07-17 02:48:00,,2026-07-17 02:49:00,,M1,,SELL,,3974.95,,,3978.37,,3976.26,,0.01,,-1.45,,-680.85,,,,False,TP
2026-07-17 03:01:00,,2026-07-17 03:06:00,,M1,,SELL,,3978.35,,,3981.15,,3976.08,,0.01,,2.13,,-673.53,,,,False,TP
2026-07-17 03:09:00,,2026-07-17 03:12:00,,M1,,BUY,,3976.35,,,3975.28,,3980.59,,0.01,,-1.21,,-675.44,,,,False,SL
2026-07-17 03:10:00,,2026-07-17 03:11:00,,M1,,SELL,,3976.47,,,3978.94,,3977.03,,0.01,,-0.7,,-674.23,,,,False,TP
2026-07-17 03:12:00,,2026-07-17 03:13:00,,M1,,SELL,,3976.0,,,3979.01,,3977.13,,0.01,,-1.27,,-676.71,,,,False,TP
2026-07-17 03:18:00,,2026-07-17 05:04:00,,M1,,SELL,,3973.43,,,3979.13,,3968.31,,0.01,,-5.84,,-693.52,,,,False,SL
2026-07-17 03:24:00,,2026-07-17 03:26:00,,M1,,SELL,,3972.5,,,3973.85,,3967.58,,0.01,,-1.49,,-678.2,,,,False,SL
2026-07-17 03:30:00,,2026-07-17 03:31:00,,M1,,SELL,,3974.9,,,3978.44,,3977.11,,0.01,,-2.35,,-680.55,,,,False,TP
2026-07-17 03:31:00,,2026-07-17 05:04:00,,M1,,SELL,,3973.8,,,3978.54,,3968.28,,0.01,,-4.88,,-698.4,,,,False,SL
2026-07-17 03:42:00,,2026-07-17 05:04:00,,M1,,BUY,,3975.67,,,3974.34,,3979.16,,0.01,,3.35,,-695.05,,,,False,TP
2026-07-17 03:43:00,,2026-07-17 03:45:00,,M1,,BUY,,3975.55,,,3974.75,,3979.12,,0.01,,-0.94,,-681.49,,,,False,SL
2026-07-17 03:49:00,,2026-07-17 03:50:00,,M1,,BUY,,3975.88,,,3975.06,,3979.08,,0.01,,-0.96,,-682.45,,,,False,SL
2026-07-17 03:52:00,,2026-07-17 05:04:00,,M1,,BUY,,3975.23,,,3973.88,,3979.62,,0.01,,4.25,,-690.8,,,,False,TP
2026-07-17 03:56:00,,2026-07-17 03:57:00,,M1,,SELL,,3974.75,,,3978.36,,3977.3,,0.01,,-2.69,,-685.14,,,,False,TP
2026-07-17 03:57:00,,2026-07-17 03:58:00,,M1,,SELL,,3974.81,,,3978.22,,3977.21,,0.01,,-2.54,,-687.68,,,,False,TP
2026-07-17 05:00:00,,2026-07-17 06:58:00,,M30,,SELL,,3977.24,,,3982.48,,3965.46,,0.01,,-5.38,,-699.28,,,,False,SL
2026-07-17 05:10:00,,2026-07-17 05:12:00,,M1,,BUY,,3978.03,,,3976.86,,3978.88,,0.01,,-1.31,,-692.11,,,,False,SL
2026-07-17 05:15:00,,2026-07-17 07:00:00,,M15,,BUY,,3976.68,,,3972.23,,3985.57,,0.01,,8.75,,-690.53,,,,False,TP
2026-07-17 05:17:00,,2026-07-17 05:18:00,,M1,,SELL,,3976.27,,,3979.19,,3977.74,,0.01,,-1.61,,-693.72,,,,False,TP
2026-07-17 05:32:00,,2026-07-17 05:33:00,,M1,,SELL,,3976.04,,,3978.62,,3977.45,,0.01,,-1.55,,-695.27,,,,False,TP
2026-07-17 05:41:00,,2026-07-17 05:42:00,,M1,,SELL,,3976.14,,,3978.55,,3977.46,,0.01,,-1.46,,-696.73,,,,False,TP
2026-07-17 05:54:00,,2026-07-17 06:03:00,,M1,,BUY,,3975.48,,,3974.33,,3978.82,,0.01,,3.2,,-695.27,,,,False,TP
2026-07-17 05:57:00,,2026-07-17 06:01:00,,M1,,BUY,,3976.35,,,3975.87,,3978.84,,0.01,,-0.62,,-697.35,,,,False,SL
2026-07-17 05:58:00,,2026-07-17 06:01:00,,M1,,BUY,,3976.57,,,3975.59,,3978.95,,0.01,,-1.12,,-698.47,,,,False,SL
2026-07-17 06:00:00,,2026-07-17 07:18:00,,M15,,BUY,,3978.58,,,3969.78,,3988.28,,0.01,,9.56,,-680.97,,,,False,TP
2026-07-17 06:00:00,,2026-07-17 07:18:00,,M30,,BUY,,3978.58,,,3967.5,,3989.65,,0.01,,10.93,,-670.04,,,,False,TP
2026-07-17 06:08:00,,2026-07-17 06:10:00,,M1,,BUY,,3978.92,,,3977.47,,3979.38,,0.01,,0.32,,-694.95,,,,False,TP
2026-07-17 06:10:00,,2026-07-17 06:14:00,,M1,,SELL,,3978.71,,,3979.87,,3977.09,,0.01,,-1.3,,-696.25,,,,False,SL
2026-07-17 06:11:00,,2026-07-17 06:14:00,,M1,,BUY,,3978.92,,,3977.96,,3979.6,,0.01,,0.54,,-695.71,,,,False,TP
2026-07-17 06:17:00,,2026-07-17 06:32:00,,M1,,SELL,,3979.88,,,3980.9,,3977.19,,0.01,,2.55,,-693.16,,,,False,TP
2026-07-17 06:34:00,,2026-07-17 06:38:00,,M1,,BUY,,3977.69,,,3974.98,,3979.78,,0.01,,1.95,,-691.21,,,,False,TP
2026-07-17 06:37:00,,2026-07-17 06:38:00,,M1,,BUY,,3979.54,,,3977.99,,3979.35,,0.01,,-0.33,,-691.54,,,,False,TP
2026-07-17 06:45:00,,2026-07-17 07:18:00,,M15,,BUY,,3981.61,,,3972.35,,3988.13,,0.01,,6.38,,-663.66,,,,False,TP
2026-07-17 06:53:00,,2026-07-17 06:57:00,,M1,,SELL,,3979.97,,,3981.6,,3977.05,,0.01,,-1.77,,-693.9,,,,False,SL
2026-07-17 06:55:00,,2026-07-17 06:56:00,,M1,,BUY,,3980.51,,,3978.34,,3980.06,,0.01,,-0.59,,-692.13,,,,False,TP
2026-07-17 07:05:00,,2026-07-17 07:32:00,,M5,,BUY,,3985.22,,,3981.85,,3991.25,,0.01,,-3.51,,-670.58,,,,False,SL
2026-07-17 07:14:00,,2026-07-17 07:18:00,,M1,,SELL,,3984.14,,,3988.53,,3978.23,,0.01,,-4.53,,-668.19,,,,False,SL
2026-07-17 07:24:00,,2026-07-17 07:26:00,,M1,,SELL,,3988.29,,,3991.34,,3986.17,,0.01,,1.98,,-666.21,,,,False,TP
2026-07-17 07:27:00,,2026-07-17 07:28:00,,M1,,SELL,,3985.9,,,3988.86,,3986.62,,0.01,,-0.86,,-667.07,,,,False,TP
2026-07-17 07:41:00,,2026-07-17 07:46:00,,M1,,SELL,,3981.53,,,3983.77,,3976.42,,0.01,,-2.38,,-672.96,,,,False,SL
2026-07-17 07:45:00,,2026-07-17 07:56:00,,M5,,BUY,,3982.17,,,3977.55,,3988.56,,0.01,,6.25,,-667.86,,,,False,TP
2026-07-17 07:49:00,,2026-07-17 07:50:00,,M1,,SELL,,3986.02,,,3989.39,,3987.03,,0.01,,-1.15,,-674.11,,,,False,TP
2026-07-17 07:56:00,,2026-07-17 07:59:00,,M1,,BUY,,3988.92,,,3984.86,,3989.46,,0.01,,0.4,,-667.46,,,,False,TP
2026-07-17 08:00:00,,2026-07-17 09:37:00,,M30,,BUY,,3991.94,,,3975.35,,4008.83,,0.01,,-16.73,,-706.01,,,,False,SL
2026-07-17 08:07:00,,2026-07-17 08:08:00,,M1,,BUY,,3991.42,,,3987.89,,3990.79,,0.01,,-0.77,,-668.23,,,,False,TP
2026-07-17 08:08:00,,2026-07-17 08:48:00,,M1,,BUY,,3992.1,,,3987.57,,3998.25,,0.01,,-4.67,,-680.86,,,,False,SL
2026-07-17 08:15:00,,2026-07-17 08:48:00,,M1,,BUY,,3992.3,,,3987.99,,3998.94,,0.01,,-4.45,,-685.31,,,,False,SL
2026-07-17 08:26:00,,2026-07-17 08:35:00,,M1,,SELL,,3990.1,,,3992.44,,3986.36,,0.01,,-2.48,,-671.47,,,,False,SL
2026-07-17 08:30:00,,2026-07-17 08:31:00,,M1,,BUY,,3991.27,,,3988.03,,3990.65,,0.01,,-0.76,,-668.99,,,,False,TP
2026-07-17 08:30:00,,2026-07-17 08:47:00,,M15,,SELL,,3991.13,,,3999.62,,3988.32,,0.01,,2.67,,-676.19,,,,False,TP
2026-07-17 08:33:00,,2026-07-17 08:36:00,,M1,,SELL,,3989.14,,,3993.13,,3986.25,,0.01,,-4.13,,-675.6,,,,False,SL
2026-07-17 08:37:00,,2026-07-17 08:38:00,,M1,,SELL,,3991.89,,,3995.01,,3986.64,,0.01,,-3.26,,-678.86,,,,False,SL
2026-07-17 08:51:00,,2026-07-17 08:52:00,,M1,,SELL,,3984.47,,,3988.86,,3986.06,,0.01,,-1.73,,-687.04,,,,False,TP
2026-07-17 08:57:00,,2026-07-17 09:34:00,,M1,,BUY,,3982.45,,,3977.96,,3988.26,,0.01,,-4.63,,-689.38,,,,False,SL
2026-07-17 09:00:00,,2026-07-17 10:21:00,,H1,,SELL,,3983.46,,,4004.07,,3968.21,,0.01,,-20.75,,-736.85,,,,False,SL
2026-07-17 09:08:00,,2026-07-17 09:34:00,,M1,,BUY,,3982.8,,,3978.28,,3988.54,,0.01,,-4.66,,-694.04,,,,False,SL
2026-07-17 09:14:00,,2026-07-17 09:16:00,,M1,,SELL,,3980.88,,,3982.34,,3976.27,,0.01,,-1.6,,-688.64,,,,False,SL
2026-07-17 09:15:00,,2026-07-17 09:18:00,,M5,,SELL,,3980.92,,,3984.27,,3973.6,,0.01,,-3.49,,-692.13,,,,False,SL
2026-07-17 09:20:00,,2026-07-17 09:33:00,,M1,,SELL,,3983.29,,,3989.22,,3978.69,,0.01,,4.46,,-688.69,,,,False,TP
2026-07-17 09:23:00,,2026-07-17 09:24:00,,M1,,SELL,,3982.2,,,3983.08,,3977.0,,0.01,,-1.02,,-693.15,,,,False,SL
2026-07-17 09:26:00,,2026-07-17 09:33:00,,M1,,SELL,,3982.77,,,3988.78,,3978.69,,0.01,,3.94,,-684.75,,,,False,TP
2026-07-17 09:28:00,,2026-07-17 09:35:00,,M1,,SELL,,3981.96,,,3984.64,,3977.06,,0.01,,4.76,,-689.28,,,,False,TP
2026-07-17 09:37:00,,2026-07-17 09:56:00,,M1,,SELL,,3975.11,,,3979.95,,3968.5,,0.01,,-4.98,,-712.63,,,,False,SL
2026-07-17 09:49:00,,2026-07-17 09:51:00,,M1,,BUY,,3977.97,,,3976.47,,3979.41,,0.01,,-1.64,,-707.65,,,,False,SL
2026-07-17 09:54:00,,2026-07-17 10:03:00,,M1,,BUY,,3977.65,,,3976.21,,3980.99,,0.01,,3.2,,-709.43,,,,False,TP
2026-07-17 10:08:00,,2026-07-17 10:18:00,,M1,,SELL,,3989.54,,,3993.75,,3986.75,,0.01,,-4.35,,-716.1,,,,False,SL
2026-07-17 10:15:00,,2026-07-17 10:16:00,,M1,,SELL,,3988.68,,,3990.86,,3986.11,,0.01,,-2.32,,-711.75,,,,False,SL
2026-07-17 10:35:00,,2026-07-17 10:36:00,,M1,,SELL,,3998.1,,,3999.4,,3995.69,,0.01,,-1.44,,-738.29,,,,False,SL
2026-07-17 10:38:00,,2026-07-17 10:39:00,,M1,,SELL,,3998.39,,,3999.69,,3995.86,,0.01,,-1.44,,-739.73,,,,False,SL
2026-07-17 10:39:00,,2026-07-17 10:49:00,,M1,,SELL,,3998.19,,,4001.58,,3995.73,,0.01,,2.32,,-736.7,,,,False,TP
2026-07-17 10:40:00,,2026-07-17 10:53:00,,M5,,SELL,,3999.12,,,4003.1,,3993.4,,0.01,,5.58,,-731.12,,,,False,TP
2026-07-17 10:41:00,,2026-07-17 10:43:00,,M1,,SELL,,3997.36,,,4001.27,,3996.51,,0.01,,0.71,,-739.02,,,,False,TP
2026-07-17 10:57:00,,2026-07-17 11:24:00,,M1,,SELL,,3991.08,,,3994.3,,3986.45,,0.01,,4.49,,-728.34,,,,False,TP
2026-07-17 10:58:00,,2026-07-17 11:24:00,,M1,,SELL,,3991.51,,,3992.67,,3986.48,,0.01,,4.89,,-723.45,,,,False,TP
2026-07-17 11:08:00,,2026-07-17 11:09:00,,M1,,BUY,,3990.5,,,3988.56,,3990.33,,0.01,,-0.31,,-731.43,,,,False,TP
2026-07-17 11:12:00,,2026-07-17 11:15:00,,M1,,BUY,,3988.66,,,3987.14,,3989.52,,0.01,,0.72,,-730.71,,,,False,TP
2026-07-17 11:14:00,,2026-07-17 11:16:00,,M1,,BUY,,3989.18,,,3986.5,,3989.86,,0.01,,0.54,,-730.17,,,,False,TP
2026-07-17 11:16:00,,2026-07-17 11:18:00,,M1,,BUY,,3989.75,,,3987.23,,3990.36,,0.01,,-2.66,,-732.83,,,,False,SL
2026-07-17 11:24:00,,2026-07-17 11:26:00,,M1,,SELL,,3986.3,,,3988.97,,3985.53,,0.01,,0.63,,-722.82,,,,False,TP
2026-07-17 11:27:00,,2026-07-17 11:28:00,,M1,,SELL,,3986.58,,,3989.29,,3987.44,,0.01,,-1.0,,-723.82,,,,False,TP
2026-07-17 11:30:00,,2026-07-17 11:35:00,,M1,,BUY,,3986.45,,,3984.48,,3990.34,,0.01,,-2.11,,-725.93,,,,False,SL
2026-07-17 11:37:00,,2026-07-17 12:07:00,,M1,,SELL,,3984.32,,,3988.44,,3978.19,,0.01,,5.99,,-727.2,,,,False,TP
2026-07-17 11:41:00,,2026-07-17 11:49:00,,M1,,SELL,,3981.94,,,3984.62,,3977.13,,0.01,,-2.82,,-728.75,,,,False,SL
2026-07-17 11:48:00,,2026-07-17 12:07:00,,M1,,BUY,,3983.42,,,3978.66,,3988.4,,0.01,,-4.9,,-732.1,,,,False,SL
2026-07-17 11:57:00,,2026-07-17 11:58:00,,M1,,BUY,,3981.52,,,3977.8,,3979.4,,0.01,,-2.26,,-731.01,,,,False,TP
2026-07-17 11:58:00,,2026-07-17 12:02:00,,M1,,SELL,,3981.68,,,3982.49,,3977.67,,0.01,,-0.95,,-731.96,,,,False,SL
2026-07-17 12:01:00,,2026-07-17 12:02:00,,M1,,SELL,,3981.5,,,3982.59,,3977.78,,0.01,,-1.23,,-733.19,,,,False,SL
2026-07-17 12:06:00,,2026-07-17 12:10:00,,M1,,SELL,,3979.62,,,3983.47,,3977.22,,0.01,,2.26,,-729.84,,,,False,TP
2026-07-17 12:27:00,,2026-07-17 12:28:00,,M1,,BUY,,3979.97,,,3977.17,,3979.95,,0.01,,-0.16,,-730.0,,,,False,TP
2026-07-17 12:31:00,,2026-07-17 12:42:00,,M1,,BUY,,3984.83,,,3977.37,,3988.88,,0.01,,3.91,,-726.09,,,,False,TP
2026-07-17 12:33:00,,2026-07-17 12:53:00,,M1,,BUY,,3986.08,,,3980.52,,3990.62,,0.01,,4.4,,-731.16,,,,False,TP
2026-07-17 12:43:00,,2026-07-17 12:46:00,,M1,,BUY,,3989.01,,,3986.19,,3990.46,,0.01,,-2.96,,-729.05,,,,False,SL
2026-07-17 12:47:00,,2026-07-17 12:49:00,,M1,,SELL,,3982.33,,,3988.7,,3978.53,,0.01,,-6.51,,-735.56,,,,False,SL
2026-07-17 12:50:00,,2026-07-17 12:53:00,,M1,,BUY,,3988.22,,,3986.6,,3990.0,,0.01,,1.64,,-729.52,,,,False,TP
2026-07-17 13:00:00,,2026-07-17 13:12:00,,H1,,SELL,,3984.98,,,3999.74,,3972.46,,0.01,,-14.9,,-746.71,,,,False,SL
2026-07-17 13:09:00,,2026-07-17 13:11:00,,M1,,SELL,,3989.02,,,3991.17,,3986.4,,0.01,,-2.29,,-731.81,,,,False,SL
2026-07-17 13:17:00,,2026-07-17 13:19:00,,M1,,SELL,,3998.8,,,4000.99,,3996.16,,0.01,,-2.33,,-749.04,,,,False,SL
2026-07-17 13:24:00,,2026-07-17 13:41:00,,M1,,SELL,,4002.73,,,4009.41,,3998.07,,0.01,,4.52,,-744.52,,,,False,TP
2026-07-17 13:41:00,,2026-07-17 13:45:00,,M1,,SELL,,3997.1,,,4001.23,,3996.03,,0.01,,0.93,,-743.59,,,,False,TP
2026-07-17 13:50:00,,2026-07-17 14:05:00,,M5,,SELL,,3997.9,,,4002.49,,3993.98,,0.01,,-4.73,,-749.96,,,,False,SL
2026-07-17 13:54:00,,2026-07-17 13:56:00,,M1,,SELL,,3997.14,,,3998.64,,3995.65,,0.01,,-1.64,,-745.23,,,,False,SL
2026-07-17 13:55:00,,2026-07-17 14:11:00,,M5,,BUY,,3997.49,,,3994.13,,4003.66,,0.01,,-3.5,,-753.46,,,,False,SL
2026-07-17 14:26:00,,2026-07-17 14:27:00,,M1,,SELL,,3996.11,,,3999.07,,3996.9,,0.01,,-0.93,,-754.39,,,,False,TP
2026-07-17 14:28:00,,2026-07-17 14:29:00,,M1,,BUY,,3997.65,,,3996.41,,3998.77,,0.01,,-1.38,,-755.77,,,,False,SL
2026-07-17 14:48:00,,2026-07-17 14:54:00,,M1,,BUY,,3996.79,,,3994.84,,3999.87,,0.01,,-2.09,,-757.86,,,,False,SL
