2026-09-17 17:30:31,017 INFO apscheduler.executors.default: Running job "main.<locals>.run_scan (trigger: cron[second='1,6,11,16,21,26,31,36,41,46,51,56'], next run at: 2026-09-17 17:30:36 +07)" (scheduled at 2026-09-17 17:30:31+07:00)
2026-09-17 17:30:31,730 INFO apscheduler.executors.default: Running job "main.<locals>.run_lts_aus_fast_scan (trigger: interval[0:00:05], next run at: 2026-09-17 17:30:36 +07)" (scheduled at 2026-09-17 17:30:31.713136+07:00)
2026-09-17 17:30:31,731 INFO apscheduler.executors.default: Job "main.<locals>.run_lts_aus_fast_scan (trigger: interval[0:00:05], next run at: 2026-09-17 17:30:36 +07)" executed successfully
2026-09-17 17:30:31,732 INFO apscheduler.executors.default: Running job "main.<locals>.run_position_check (trigger: interval[0:00:05], next run at: 2026-09-17 17:30:36 +07)" (scheduled at 2026-09-17 17:30:31.713136+07:00)
2026-09-17 17:30:31,785 INFO apscheduler.executors.default: Job "main.<locals>.run_position_check (trigger: interval[0:00:05], next run at: 2026-09-17 17:30:36 +07)" executed successfully
2026-09-17 17:30:31,785 INFO apscheduler.executors.default: Running job "main.<locals>.run_trail_sl (trigger: interval[0:00:05], next run at: 2026-09-17 17:30:36 +07)" (scheduled at 2026-09-17 17:30:31.713136+07:00)
2026-09-17 17:30:31,788 INFO apscheduler.executors.default: Job "main.<locals>.run_trail_sl (trigger: interval[0:00:05], next run at: 2026-09-17 17:30:36 +07)" executed successfully
2026-09-17 17:30:31,875 INFO apscheduler.executors.default: Job "main.<locals>.run_scan (trigger: cron[second='1,6,11,16,21,26,31,36,41,46,51,56'], next run at: 2026-09-17 17:30:36 +07)" executed successfully
2026-09-17 17:30:36,013 INFO apscheduler.executors.default: Running job "main.<locals>.run_scan (trigger: cron[second='1,6,11,16,21,26,31,36,41,46,51,56'], next run at: 2026-09-17 17:30:41 +07)" (scheduled at 2026-09-17 17:30:36+07:00)
2026-09-17 17:30:36,716 INFO apscheduler.executors.default: Running job "main.<locals>.run_lts_aus_fast_scan (trigger: interval[0:00:05], next run at: 2026-09-17 17:30:41 +07)" (scheduled at 2026-09-17 17:30:36.713136+07:00)
2026-09-17 17:30:36,717 INFO apscheduler.executors.default: Job "main.<locals>.run_lts_aus_fast_scan (trigger: interval[0:00:05], next run at: 2026-09-17 17:30:41 +07)" executed successfully
2026-09-17 17:30:36,717 INFO apscheduler.executors.default: Running job "main.<locals>.run_position_check (trigger: interval[0:00:05], next run at: 2026-09-17 17:30:41 +07)" (scheduled at 2026-09-17 17:30:36.713136+07:00)
2026-09-17 17:30:36,771 INFO apscheduler.executors.default: Job "main.<locals>.run_position_check (trigger: interval[0:00:05], next run at: 2026-09-17 17:30:41 +07)" executed successfully
2026-09-17 17:30:36,771 INFO apscheduler.executors.default: Running job "main.<locals>.run_trail_sl (trigger: interval[0:00:05], next run at: 2026-09-17 17:30:41 +07)" (scheduled at 2026-09-17 17:30:36.713136+07:00)
2026-09-17 17:30:36,773 INFO apscheduler.executors.default: Job "main.<locals>.run_trail_sl (trigger: interval[0:00:05], next run at: 2026-09-17 17:30:41 +07)" executed successfully
2026-09-17 17:30:36,990 INFO apscheduler.executors.default: Job "main.<locals>.run_scan (trigger: cron[second='1,6,11,16,21,26,31,36,41,46,51,56'], next run at: 2026-09-17 17:30:41 +07)" executed successfully
2026-09-17 17:30:37,940 INFO httpx: HTTP Request: POST https://api.telegram.org/bot8698852591:AAGLSZSQhC0W0KP9ZeZ9Gkr6k-NFoghMC68/getUpdates "HTTP/1.1 200 OK"
2026-09-17 17:30:40,722 INFO apscheduler.executors.default: Running job "main.<locals>.write_heartbeat_job (trigger: interval[0:00:15], next run at: 2026-09-17 17:30:55 +07)" (scheduled at 2026-09-17 17:30:40.715137+07:00)
2026-09-17 17:30:40,724 INFO apscheduler.executors.default: Job "main.<locals>.write_heartbeat_job (trigger: interval[0:00:15], next run at: 2026-09-17 17:30:55 +07)" executed successfully
2026-09-17 17:30:41,021 INFO apscheduler.executors.default: Running job "main.<locals>.run_scan (trigger: cron[second='1,6,11,16,21,26,31,36,41,46,51,56'], next run at: 2026-09-17 17:30:46 +07)" (scheduled at 2026-09-17 17:30:41+07:00)
2026-09-17 17:30:41,733 INFO apscheduler.executors.default: Running job "main.<locals>.run_lts_aus_fast_scan (trigger: interval[0:00:05], next run at: 2026-09-17 17:30:46 +07)" (scheduled at 2026-09-17 17:30:41.713136+07:00)
2026-09-17 17:30:41,734 INFO apscheduler.executors.default: Job "main.<locals>.run_lts_aus_fast_scan (trigger: interval[0:00:05], next run at: 2026-09-17 17:30:46 +07)" executed successfully
2026-09-17 17:30:41,734 INFO apscheduler.executors.default: Running job "main.<locals>.run_position_check (trigger: interval[0:00:05], next run at: 2026-09-17 17:30:46 +07)" (scheduled at 2026-09-17 17:30:41.713136+07:00)
2026-09-17 17:30:41,777 INFO apscheduler.executors.default: Job "main.<locals>.run_position_check (trigger: interval[0:00:05], next run at: 2026-09-17 17:30:46 +07)" executed successfully
2026-09-17 17:30:41,777 INFO apscheduler.executors.default: Running job "main.<locals>.run_trail_sl (trigger: interval[0:00:05], next run at: 2026-09-17 17:30:46 +07)" (scheduled at 2026-09-17 17:30:41.713136+07:00)
2026-09-17 17:30:41,780 INFO apscheduler.executors.default: Job "main.<locals>.run_trail_sl (trigger: interval[0:00:05], next run at: 2026-09-17 17:30:46 +07)" executed successfully
2026-09-17 17:30:41,780 INFO apscheduler.executors.default: Running job "main.<locals>.save_bot_state_job (trigger: interval[0:00:15], next run at: 2026-09-17 17:30:56 +07)" (scheduled at 2026-09-17 17:30:41.714136+07:00)
2026-09-17 17:30:41,786 INFO apscheduler.executors.default: Job "main.<locals>.save_bot_state_job (trigger: interval[0:00:15], next run at: 2026-09-17 17:30:56 +07)" executed successfully
2026-09-17 17:30:41,921 INFO apscheduler.executors.default: Job "main.<locals>.run_scan (trigger: cron[second='1,6,11,16,21,26,31,36,41,46,51,56'], next run at: 2026-09-17 17:30:46 +07)" executed successfully
2026-09-17 17:30:46,005 INFO apscheduler.executors.default: Running job "main.<locals>.run_scan (trigger: cron[second='1,6,11,16,21,26,31,36,41,46,51,56'], next run at: 2026-09-17 17:30:51 +07)" (scheduled at 2026-09-17 17:30:46+07:00)
2026-09-17 17:30:46,718 INFO apscheduler.executors.default: Running job "main.<locals>.run_lts_aus_fast_scan (trigger: interval[0:00:05], next run at: 2026-09-17 17:30:51 +07)" (scheduled at 2026-09-17 17:30:46.713136+07:00)
2026-09-17 17:30:46,718 INFO apscheduler.executors.default: Job "main.<locals>.run_lts_aus_fast_scan (trigger: interval[0:00:05], next run at: 2026-09-17 17:30:51 +07)" executed successfully
2026-09-17 17:30:46,719 INFO apscheduler.executors.default: Running job "main.<locals>.run_position_check (trigger: interval[0:00:05], next run at: 2026-09-17 17:30:51 +07)" (scheduled at 2026-09-17 17:30:46.713136+07:00)
2026-09-17 17:30:46,768 INFO apscheduler.executors.default: Job "main.<locals>.run_position_check (trigger: interval[0:00:05], next run at: 2026-09-17 17:30:51 +07)" executed successfully
2026-09-17 17:30:46,768 INFO apscheduler.executors.default: Running job "main.<locals>.run_trail_sl (trigger: interval[0:00:05], next run at: 2026-09-17 17:30:51 +07)" (scheduled at 2026-09-17 17:30:46.713136+07:00)
2026-09-17 17:30:46,771 INFO apscheduler.executors.default: Job "main.<locals>.run_trail_sl (trigger: interval[0:00:05], next run at: 2026-09-17 17:30:51 +07)" executed successfully
2026-09-17 17:30:46,952 INFO apscheduler.executors.default: Job "main.<locals>.run_scan (trigger: cron[second='1,6,11,16,21,26,31,36,41,46,51,56'], next run at: 2026-09-17 17:30:51 +07)" executed successfully
2026-09-17 17:30:48,145 INFO httpx: HTTP Request: POST https://api.telegram.org/bot8698852591:AAGLSZSQhC0W0KP9ZeZ9Gkr6k-NFoghMC68/getUpdates "HTTP/1.1 200 OK"
2026-09-17 17:30:51,006 INFO apscheduler.executors.default: Running job "main.<locals>.run_scan (trigger: cron[second='1,6,11,16,21,26,31,36,41,46,51,56'], next run at: 2026-09-17 17:30:56 +07)" (scheduled at 2026-09-17 17:30:51+07:00)
2026-09-17 17:30:51,731 INFO apscheduler.executors.default: Running job "main.<locals>.run_lts_aus_fast_scan (trigger: interval[0:00:05], next run at: 2026-09-17 17:30:56 +07)" (scheduled at 2026-09-17 17:30:51.713136+07:00)
2026-09-17 17:30:51,732 INFO apscheduler.executors.default: Job "main.<locals>.run_lts_aus_fast_scan (trigger: interval[0:00:05], next run at: 2026-09-17 17:30:56 +07)" executed successfully
2026-09-17 17:30:51,732 INFO apscheduler.executors.default: Running job "main.<locals>.run_position_check (trigger: interval[0:00:05], next run at: 2026-09-17 17:30:56 +07)" (scheduled at 2026-09-17 17:30:51.713136+07:00)
2026-09-17 17:30:51,776 INFO apscheduler.executors.default: Job "main.<locals>.run_position_check (trigger: interval[0:00:05], next run at: 2026-09-17 17:30:56 +07)" executed successfully
2026-09-17 17:30:51,776 INFO apscheduler.executors.default: Running job "main.<locals>.run_trail_sl (trigger: interval[0:00:05], next run at: 2026-09-17 17:30:56 +07)" (scheduled at 2026-09-17 17:30:51.713136+07:00)
2026-09-17 17:30:51,778 INFO apscheduler.executors.default: Job "main.<locals>.run_trail_sl (trigger: interval[0:00:05], next run at: 2026-09-17 17:30:56 +07)" executed successfully
2026-09-17 17:30:51,924 INFO apscheduler.executors.default: Job "main.<locals>.run_scan (trigger: cron[second='1,6,11,16,21,26,31,36,41,46,51,56'], next run at: 2026-09-17 17:30:56 +07)" executed successfully
2026-09-17 17:30:55,729 INFO apscheduler.executors.default: Running job "main.<locals>.write_heartbeat_job (trigger: interval[0:00:15], next run at: 2026-09-17 17:31:10 +07)" (scheduled at 2026-09-17 17:30:55.715137+07:00)
2026-09-17 17:30:55,732 INFO apscheduler.executors.default: Job "main.<locals>.write_heartbeat_job (trigger: interval[0:00:15], next run at: 2026-09-17 17:31:10 +07)" executed successfully
2026-09-17 17:30:56,013 INFO apscheduler.executors.default: Running job "main.<locals>.run_scan (trigger: cron[second='1,6,11,16,21,26,31,36,41,46,51,56'], next run at: 2026-09-17 17:31:01 +07)" (scheduled at 2026-09-17 17:30:56+07:00)
2026-09-17 17:30:56,719 INFO apscheduler.executors.default: Running job "main.<locals>.check_symbol_switch (trigger: interval[0:01:00], next run at: 2026-09-17 17:31:56 +07)" (scheduled at 2026-09-17 17:30:56.709584+07:00)
2026-09-17 17:30:56,744 INFO apscheduler.executors.default: Job "main.<locals>.check_symbol_switch (trigger: interval[0:01:00], next run at: 2026-09-17 17:31:56 +07)" executed successfully
2026-09-17 17:30:56,744 INFO apscheduler.executors.default: Running job "main.<locals>.run_lts_aus_fast_scan (trigger: interval[0:00:05], next run at: 2026-09-17 17:31:01 +07)" (scheduled at 2026-09-17 17:30:56.713136+07:00)
2026-09-17 17:30:56,747 INFO apscheduler.executors.default: Job "main.<locals>.run_lts_aus_fast_scan (trigger: interval[0:00:05], next run at: 2026-09-17 17:31:01 +07)" executed successfully
2026-09-17 17:30:56,748 INFO apscheduler.executors.default: Running job "main.<locals>.run_position_check (trigger: interval[0:00:05], next run at: 2026-09-17 17:31:01 +07)" (scheduled at 2026-09-17 17:30:56.713136+07:00)
2026-09-17 17:30:56,798 INFO apscheduler.executors.default: Job "main.<locals>.run_position_check (trigger: interval[0:00:05], next run at: 2026-09-17 17:31:01 +07)" executed successfully
2026-09-17 17:30:56,799 INFO apscheduler.executors.default: Running job "main.<locals>.run_trail_sl (trigger: interval[0:00:05], next run at: 2026-09-17 17:31:01 +07)" (scheduled at 2026-09-17 17:30:56.713136+07:00)
2026-09-17 17:30:56,802 INFO apscheduler.executors.default: Job "main.<locals>.run_trail_sl (trigger: interval[0:00:05], next run at: 2026-09-17 17:31:01 +07)" executed successfully
2026-09-17 17:30:56,803 INFO apscheduler.executors.default: Running job "main.<locals>.save_bot_state_job (trigger: interval[0:00:15], next run at: 2026-09-17 17:31:11 +07)" (scheduled at 2026-09-17 17:30:56.714136+07:00)
2026-09-17 17:30:56,808 INFO apscheduler.executors.default: Job "main.<locals>.save_bot_state_job (trigger: interval[0:00:15], next run at: 2026-09-17 17:31:11 +07)" executed successfully
2026-09-17 17:30:56,808 INFO apscheduler.executors.default: Running job "main.<locals>.run_watchdog (trigger: interval[0:01:00], next run at: 2026-09-17 17:31:56 +07)" (scheduled at 2026-09-17 17:30:56.715137+07:00)
2026-09-17 17:30:56,819 INFO apscheduler.executors.default: Job "main.<locals>.run_watchdog (trigger: interval[0:01:00], next run at: 2026-09-17 17:31:56 +07)" executed successfully
2026-09-17 17:30:57,096 INFO apscheduler.executors.default: Job "main.<locals>.run_scan (trigger: cron[second='1,6,11,16,21,26,31,36,41,46,51,56'], next run at: 2026-09-17 17:31:01 +07)" executed successfully
2026-09-17 17:30:58,340 INFO httpx: HTTP Request: POST https://api.telegram.org/bot8698852591:AAGLSZSQhC0W0KP9ZeZ9Gkr6k-NFoghMC68/getUpdates "HTTP/1.1 200 OK"
2026-09-17 17:31:01,017 INFO apscheduler.executors.default: Running job "main.<locals>.run_scan (trigger: cron[second='1,6,11,16,21,26,31,36,41,46,51,56'], next run at: 2026-09-17 17:31:06 +07)" (scheduled at 2026-09-17 17:31:01+07:00)
2026-09-17 17:31:01,720 INFO apscheduler.executors.default: Running job "main.<locals>.run_lts_aus_fast_scan (trigger: interval[0:00:05], next run at: 2026-09-17 17:31:06 +07)" (scheduled at 2026-09-17 17:31:01.713136+07:00)
2026-09-17 17:31:01,721 INFO apscheduler.executors.default: Job "main.<locals>.run_lts_aus_fast_scan (trigger: interval[0:00:05], next run at: 2026-09-17 17:31:06 +07)" executed successfully
2026-09-17 17:31:01,722 INFO apscheduler.executors.default: Running job "main.<locals>.run_position_check (trigger: interval[0:00:05], next run at: 2026-09-17 17:31:06 +07)" (scheduled at 2026-09-17 17:31:01.713136+07:00)
2026-09-17 17:31:01,778 INFO apscheduler.executors.default: Job "main.<locals>.run_position_check (trigger: interval[0:00:05], next run at: 2026-09-17 17:31:06 +07)" executed successfully
2026-09-17 17:31:01,778 INFO apscheduler.executors.default: Running job "main.<locals>.run_trail_sl (trigger: interval[0:00:05], next run at: 2026-09-17 17:31:06 +07)" (scheduled at 2026-09-17 17:31:01.713136+07:00)
2026-09-17 17:31:01,781 INFO apscheduler.executors.default: Job "main.<locals>.run_trail_sl (trigger: interval[0:00:05], next run at: 2026-09-17 17:31:06 +07)" executed successfully
2026-09-17 17:31:02,065 INFO apscheduler.executors.default: Job "main.<locals>.run_scan (trigger: cron[second='1,6,11,16,21,26,31,36,41,46,51,56'], next run at: 2026-09-17 17:31:06 +07)" executed successfully
2026-09-17 17:31:06,003 INFO apscheduler.executors.default: Running job "main.<locals>.run_scan (trigger: cron[second='1,6,11,16,21,26,31,36,41,46,51,56'], next run at: 2026-09-17 17:31:11 +07)" (scheduled at 2026-09-17 17:31:06+07:00)
2026-09-17 17:31:06,724 INFO apscheduler.executors.default: Running job "main.<locals>.run_lts_aus_fast_scan (trigger: interval[0:00:05], next run at: 2026-09-17 17:31:11 +07)" (scheduled at 2026-09-17 17:31:06.713136+07:00)
2026-09-17 17:31:06,725 INFO apscheduler.executors.default: Job "main.<locals>.run_lts_aus_fast_scan (trigger: interval[0:00:05], next run at: 2026-09-17 17:31:11 +07)" executed successfully
2026-09-17 17:31:06,726 INFO apscheduler.executors.default: Running job "main.<locals>.run_position_check (trigger: interval[0:00:05], next run at: 2026-09-17 17:31:11 +07)" (scheduled at 2026-09-17 17:31:06.713136+07:00)
2026-09-17 17:31:06,774 INFO apscheduler.executors.default: Job "main.<locals>.run_position_check (trigger: interval[0:00:05], next run at: 2026-09-17 17:31:11 +07)" executed successfully
2026-09-17 17:31:06,774 INFO apscheduler.executors.default: Running job "main.<locals>.run_trail_sl (trigger: interval[0:00:05], next run at: 2026-09-17 17:31:11 +07)" (scheduled at 2026-09-17 17:31:06.713136+07:00)
2026-09-17 17:31:06,776 INFO apscheduler.executors.default: Job "main.<locals>.run_trail_sl (trigger: interval[0:00:05], next run at: 2026-09-17 17:31:11 +07)" executed successfully
2026-09-17 17:31:06,957 INFO apscheduler.executors.default: Job "main.<locals>.run_scan (trigger: cron[second='1,6,11,16,21,26,31,36,41,46,51,56'], next run at: 2026-09-17 17:31:11 +07)" executed successfully
2026-09-17 17:31:08,857 INFO httpx: HTTP Request: POST https://api.telegram.org/bot8698852591:AAGLSZSQhC0W0KP9ZeZ9Gkr6k-NFoghMC68/getUpdates "HTTP/1.1 200 OK"
2026-09-17 17:31:10,736 INFO apscheduler.executors.default: Running job "main.<locals>.write_heartbeat_job (trigger: interval[0:00:15], next run at: 2026-09-17 17:31:25 +07)" (scheduled at 2026-09-17 17:31:10.715137+07:00)
2026-09-17 17:31:10,740 INFO apscheduler.executors.default: Job "main.<locals>.write_heartbeat_job (trigger: interval[0:00:15], next run at: 2026-09-17 17:31:25 +07)" executed successfully
2026-09-17 17:31:11,015 INFO apscheduler.executors.default: Running job "main.<locals>.run_scan (trigger: cron[second='1,6,11,16,21,26,31,36,41,46,51,56'], next run at: 2026-09-17 17:31:16 +07)" (scheduled at 2026-09-17 17:31:11+07:00)
2026-09-17 17:31:11,716 INFO apscheduler.executors.default: Running job "main.<locals>.run_lts_aus_fast_scan (trigger: interval[0:00:05], next run at: 2026-09-17 17:31:16 +07)" (scheduled at 2026-09-17 17:31:11.713136+07:00)
2026-09-17 17:31:11,720 INFO apscheduler.executors.default: Job "main.<locals>.run_lts_aus_fast_scan (trigger: interval[0:00:05], next run at: 2026-09-17 17:31:16 +07)" executed successfully
2026-09-17 17:31:11,721 INFO apscheduler.executors.default: Running job "main.<locals>.run_position_check (trigger: interval[0:00:05], next run at: 2026-09-17 17:31:16 +07)" (scheduled at 2026-09-17 17:31:11.713136+07:00)
2026-09-17 17:31:11,772 INFO apscheduler.executors.default: Job "main.<locals>.run_position_check (trigger: interval[0:00:05], next run at: 2026-09-17 17:31:16 +07)" executed successfully
2026-09-17 17:31:11,772 INFO apscheduler.executors.default: Running job "main.<locals>.run_trail_sl (trigger: interval[0:00:05], next run at: 2026-09-17 17:31:16 +07)" (scheduled at 2026-09-17 17:31:11.713136+07:00)
2026-09-17 17:31:11,774 INFO apscheduler.executors.default: Job "main.<locals>.run_trail_sl (trigger: interval[0:00:05], next run at: 2026-09-17 17:31:16 +07)" executed successfully
2026-09-17 17:31:11,774 INFO apscheduler.executors.default: Running job "main.<locals>.save_bot_state_job (trigger: interval[0:00:15], next run at: 2026-09-17 17:31:26 +07)" (scheduled at 2026-09-17 17:31:11.714136+07:00)
2026-09-17 17:31:11,780 INFO apscheduler.executors.default: Job "main.<locals>.save_bot_state_job (trigger: interval[0:00:15], next run at: 2026-09-17 17:31:26 +07)" executed successfully
2026-09-17 17:31:11,922 INFO apscheduler.executors.default: Job "main.<locals>.run_scan (trigger: cron[second='1,6,11,16,21,26,31,36,41,46,51,56'], next run at: 2026-09-17 17:31:16 +07)" executed successfully
2026-09-17 17:31:16,019 INFO apscheduler.executors.default: Running job "main.<locals>.run_scan (trigger: cron[second='1,6,11,16,21,26,31,36,41,46,51,56'], next run at: 2026-09-17 17:31:21 +07)" (scheduled at 2026-09-17 17:31:16+07:00)
2026-09-17 17:31:16,728 INFO apscheduler.executors.default: Running job "main.<locals>.run_lts_aus_fast_scan (trigger: interval[0:00:05], next run at: 2026-09-17 17:31:21 +07)" (scheduled at 2026-09-17 17:31:16.713136+07:00)
2026-09-17 17:31:16,730 INFO apscheduler.executors.default: Job "main.<locals>.run_lts_aus_fast_scan (trigger: interval[0:00:05], next run at: 2026-09-17 17:31:21 +07)" executed successfully
2026-09-17 17:31:16,730 INFO apscheduler.executors.default: Running job "main.<locals>.run_position_check (trigger: interval[0:00:05], next run at: 2026-09-17 17:31:21 +07)" (scheduled at 2026-09-17 17:31:16.713136+07:00)
2026-09-17 17:31:16,781 INFO apscheduler.executors.default: Job "main.<locals>.run_position_check (trigger: interval[0:00:05], next run at: 2026-09-17 17:31:21 +07)" executed successfully
2026-09-17 17:31:16,781 INFO apscheduler.executors.default: Running job "main.<locals>.run_trail_sl (trigger: interval[0:00:05], next run at: 2026-09-17 17:31:21 +07)" (scheduled at 2026-09-17 17:31:16.713136+07:00)
2026-09-17 17:31:16,784 INFO apscheduler.executors.default: Job "main.<locals>.run_trail_sl (trigger: interval[0:00:05], next run at: 2026-09-17 17:31:21 +07)" executed successfully
2026-09-17 17:31:17,013 INFO apscheduler.executors.default: Job "main.<locals>.run_scan (trigger: cron[second='1,6,11,16,21,26,31,36,41,46,51,56'], next run at: 2026-09-17 17:31:21 +07)" executed successfully
2026-09-17 17:31:19,266 INFO httpx: HTTP Request: POST https://api.telegram.org/bot8698852591:AAGLSZSQhC0W0KP9ZeZ9Gkr6k-NFoghMC68/getUpdates "HTTP/1.1 200 OK"
2026-09-17 17:31:21,012 INFO apscheduler.executors.default: Running job "main.<locals>.run_scan (trigger: cron[second='1,6,11,16,21,26,31,36,41,46,51,56'], next run at: 2026-09-17 17:31:26 +07)" (scheduled at 2026-09-17 17:31:21+07:00)
2026-09-17 17:31:21,716 INFO apscheduler.executors.default: Running job "main.<locals>.run_lts_aus_fast_scan (trigger: interval[0:00:05], next run at: 2026-09-17 17:31:26 +07)" (scheduled at 2026-09-17 17:31:21.713136+07:00)
2026-09-17 17:31:21,717 INFO apscheduler.executors.default: Job "main.<locals>.run_lts_aus_fast_scan (trigger: interval[0:00:05], next run at: 2026-09-17 17:31:26 +07)" executed successfully
2026-09-17 17:31:21,717 INFO apscheduler.executors.default: Running job "main.<locals>.run_position_check (trigger: interval[0:00:05], next run at: 2026-09-17 17:31:26 +07)" (scheduled at 2026-09-17 17:31:21.713136+07:00)
2026-09-17 17:31:21,759 INFO apscheduler.executors.default: Job "main.<locals>.run_position_check (trigger: interval[0:00:05], next run at: 2026-09-17 17:31:26 +07)" executed successfully
2026-09-17 17:31:21,759 INFO apscheduler.executors.default: Running job "main.<locals>.run_trail_sl (trigger: interval[0:00:05], next run at: 2026-09-17 17:31:26 +07)" (scheduled at 2026-09-17 17:31:21.713136+07:00)
2026-09-17 17:31:21,762 INFO apscheduler.executors.default: Job "main.<locals>.run_trail_sl (trigger: interval[0:00:05], next run at: 2026-09-17 17:31:26 +07)" executed successfully
2026-09-17 17:31:21,875 INFO apscheduler.executors.default: Job "main.<locals>.run_scan (trigger: cron[second='1,6,11,16,21,26,31,36,41,46,51,56'], next run at: 2026-09-17 17:31:26 +07)" executed successfully
2026-09-17 17:31:25,722 INFO apscheduler.executors.default: Running job "main.<locals>.write_heartbeat_job (trigger: interval[0:00:15], next run at: 2026-09-17 17:31:40 +07)" (scheduled at 2026-09-17 17:31:25.715137+07:00)
2026-09-17 17:31:25,725 INFO apscheduler.executors.default: Job "main.<locals>.write_heartbeat_job (trigger: interval[0:00:15], next run at: 2026-09-17 17:31:40 +07)" executed successfully
2026-09-17 17:31:26,016 INFO apscheduler.executors.default: Running job "main.<locals>.run_scan (trigger: cron[second='1,6,11,16,21,26,31,36,41,46,51,56'], next run at: 2026-09-17 17:31:31 +07)" (scheduled at 2026-09-17 17:31:26+07:00)
2026-09-17 17:31:26,714 INFO apscheduler.executors.default: Running job "main.<locals>.run_lts_aus_fast_scan (trigger: interval[0:00:05], next run at: 2026-09-17 17:31:31 +07)" (scheduled at 2026-09-17 17:31:26.713136+07:00)
2026-09-17 17:31:26,717 INFO apscheduler.executors.default: Job "main.<locals>.run_lts_aus_fast_scan (trigger: interval[0:00:05], next run at: 2026-09-17 17:31:31 +07)" executed successfully
2026-09-17 17:31:26,718 INFO apscheduler.executors.default: Running job "main.<locals>.run_position_check (trigger: interval[0:00:05], next run at: 2026-09-17 17:31:31 +07)" (scheduled at 2026-09-17 17:31:26.713136+07:00)
2026-09-17 17:31:26,762 INFO apscheduler.executors.default: Job "main.<locals>.run_position_check (trigger: interval[0:00:05], next run at: 2026-09-17 17:31:31 +07)" executed successfully
2026-09-17 17:31:26,762 INFO apscheduler.executors.default: Running job "main.<locals>.run_trail_sl (trigger: interval[0:00:05], next run at: 2026-09-17 17:31:31 +07)" (scheduled at 2026-09-17 17:31:26.713136+07:00)
2026-09-17 17:31:26,766 INFO apscheduler.executors.default: Job "main.<locals>.run_trail_sl (trigger: interval[0:00:05], next run at: 2026-09-17 17:31:31 +07)" executed successfully
2026-09-17 17:31:26,767 INFO apscheduler.executors.default: Running job "main.<locals>.save_bot_state_job (trigger: interval[0:00:15], next run at: 2026-09-17 17:31:41 +07)" (scheduled at 2026-09-17 17:31:26.714136+07:00)
2026-09-17 17:31:26,773 INFO apscheduler.executors.default: Job "main.<locals>.save_bot_state_job (trigger: interval[0:00:15], next run at: 2026-09-17 17:31:41 +07)" executed successfully
2026-09-17 17:31:26,939 INFO apscheduler.executors.default: Job "main.<locals>.run_scan (trigger: cron[second='1,6,11,16,21,26,31,36,41,46,51,56'], next run at: 2026-09-17 17:31:31 +07)" executed successfully
2026-09-17 17:31:29,469 INFO httpx: HTTP Request: POST https://api.telegram.org/bot8698852591:AAGLSZSQhC0W0KP9ZeZ9Gkr6k-NFoghMC68/getUpdates "HTTP/1.1 200 OK"
2026-09-17 17:31:31,012 INFO apscheduler.executors.default: Running job "main.<locals>.run_scan (trigger: cron[second='1,6,11,16,21,26,31,36,41,46,51,56'], next run at: 2026-09-17 17:31:36 +07)" (scheduled at 2026-09-17 17:31:31+07:00)
2026-09-17 17:31:31,728 INFO apscheduler.executors.default: Running job "main.<locals>.run_lts_aus_fast_scan (trigger: interval[0:00:05], next run at: 2026-09-17 17:31:36 +07)" (scheduled at 2026-09-17 17:31:31.713136+07:00)
2026-09-17 17:31:31,729 INFO apscheduler.executors.default: Job "main.<locals>.run_lts_aus_fast_scan (trigger: interval[0:00:05], next run at: 2026-09-17 17:31:36 +07)" executed successfully
2026-09-17 17:31:31,730 INFO apscheduler.executors.default: Running job "main.<locals>.run_position_check (trigger: interval[0:00:05], next run at: 2026-09-17 17:31:36 +07)" (scheduled at 2026-09-17 17:31:31.713136+07:00)
2026-09-17 17:31:31,769 INFO apscheduler.executors.default: Job "main.<locals>.run_position_check (trigger: interval[0:00:05], next run at: 2026-09-17 17:31:36 +07)" executed successfully
2026-09-17 17:31:31,769 INFO apscheduler.executors.default: Running job "main.<locals>.run_trail_sl (trigger: interval[0:00:05], next run at: 2026-09-17 17:31:36 +07)" (scheduled at 2026-09-17 17:31:31.713136+07:00)
2026-09-17 17:31:31,772 INFO apscheduler.executors.default: Job "main.<locals>.run_trail_sl (trigger: interval[0:00:05], next run at: 2026-09-17 17:31:36 +07)" executed successfully
2026-09-17 17:31:31,862 INFO apscheduler.executors.default: Job "main.<locals>.run_scan (trigger: cron[second='1,6,11,16,21,26,31,36,41,46,51,56'], next run at: 2026-09-17 17:31:36 +07)" executed successfully
2026-09-17 17:31:36,013 INFO apscheduler.executors.default: Running job "main.<locals>.run_scan (trigger: cron[second='1,6,11,16,21,26,31,36,41,46,51,56'], next run at: 2026-09-17 17:31:41 +07)" (scheduled at 2026-09-17 17:31:36+07:00)
2026-09-17 17:31:36,724 INFO apscheduler.executors.default: Running job "main.<locals>.run_lts_aus_fast_scan (trigger: interval[0:00:05], next run at: 2026-09-17 17:31:41 +07)" (scheduled at 2026-09-17 17:31:36.713136+07:00)
2026-09-17 17:31:36,725 INFO apscheduler.executors.default: Job "main.<locals>.run_lts_aus_fast_scan (trigger: interval[0:00:05], next run at: 2026-09-17 17:31:41 +07)" executed successfully
2026-09-17 17:31:36,725 INFO apscheduler.executors.default: Running job "main.<locals>.run_position_check (trigger: interval[0:00:05], next run at: 2026-09-17 17:31:41 +07)" (scheduled at 2026-09-17 17:31:36.713136+07:00)
2026-09-17 17:31:36,763 INFO apscheduler.executors.default: Job "main.<locals>.run_position_check (trigger: interval[0:00:05], next run at: 2026-09-17 17:31:41 +07)" executed successfully
2026-09-17 17:31:36,763 INFO apscheduler.executors.default: Running job "main.<locals>.run_trail_sl (trigger: interval[0:00:05], next run at: 2026-09-17 17:31:41 +07)" (scheduled at 2026-09-17 17:31:36.713136+07:00)
2026-09-17 17:31:36,764 INFO apscheduler.executors.default: Job "main.<locals>.run_trail_sl (trigger: interval[0:00:05], next run at: 2026-09-17 17:31:41 +07)" executed successfully
2026-09-17 17:31:36,825 INFO apscheduler.executors.default: Job "main.<locals>.run_scan (trigger: cron[second='1,6,11,16,21,26,31,36,41,46,51,56'], next run at: 2026-09-17 17:31:41 +07)" executed successfully
2026-09-17 17:31:39,666 INFO httpx: HTTP Request: POST https://api.telegram.org/bot8698852591:AAGLSZSQhC0W0KP9ZeZ9Gkr6k-NFoghMC68/getUpdates "HTTP/1.1 200 OK"
2026-09-17 17:31:40,731 INFO apscheduler.executors.default: Running job "main.<locals>.write_heartbeat_job (trigger: interval[0:00:15], next run at: 2026-09-17 17:31:55 +07)" (scheduled at 2026-09-17 17:31:40.715137+07:00)
2026-09-17 17:31:40,733 INFO apscheduler.executors.default: Job "main.<locals>.write_heartbeat_job (trigger: interval[0:00:15], next run at: 2026-09-17 17:31:55 +07)" executed successfully
2026-09-17 17:31:41,012 INFO apscheduler.executors.default: Running job "main.<locals>.run_scan (trigger: cron[second='1,6,11,16,21,26,31,36,41,46,51,56'], next run at: 2026-09-17 17:31:46 +07)" (scheduled at 2026-09-17 17:31:41+07:00)
2026-09-17 17:31:41,726 INFO apscheduler.executors.default: Running job "main.<locals>.run_lts_aus_fast_scan (trigger: interval[0:00:05], next run at: 2026-09-17 17:31:46 +07)" (scheduled at 2026-09-17 17:31:41.713136+07:00)
2026-09-17 17:31:41,731 INFO apscheduler.executors.default: Job "main.<locals>.run_lts_aus_fast_scan (trigger: interval[0:00:05], next run at: 2026-09-17 17:31:46 +07)" executed successfully
2026-09-17 17:31:41,731 INFO apscheduler.executors.default: Running job "main.<locals>.run_position_check (trigger: interval[0:00:05], next run at: 2026-09-17 17:31:46 +07)" (scheduled at 2026-09-17 17:31:41.713136+07:00)
2026-09-17 17:31:41,779 INFO apscheduler.executors.default: Job "main.<locals>.run_position_check (trigger: interval[0:00:05], next run at: 2026-09-17 17:31:46 +07)" executed successfully
2026-09-17 17:31:41,780 INFO apscheduler.executors.default: Running job "main.<locals>.run_trail_sl (trigger: interval[0:00:05], next run at: 2026-09-17 17:31:46 +07)" (scheduled at 2026-09-17 17:31:41.713136+07:00)
2026-09-17 17:31:41,782 INFO apscheduler.executors.default: Job "main.<locals>.run_trail_sl (trigger: interval[0:00:05], next run at: 2026-09-17 17:31:46 +07)" executed successfully
2026-09-17 17:31:41,782 INFO apscheduler.executors.default: Running job "main.<locals>.save_bot_state_job (trigger: interval[0:00:15], next run at: 2026-09-17 17:31:56 +07)" (scheduled at 2026-09-17 17:31:41.714136+07:00)
2026-09-17 17:31:41,788 INFO apscheduler.executors.default: Job "main.<locals>.save_bot_state_job (trigger: interval[0:00:15], next run at: 2026-09-17 17:31:56 +07)" executed successfully
2026-09-17 17:31:41,949 INFO apscheduler.executors.default: Job "main.<locals>.run_scan (trigger: cron[second='1,6,11,16,21,26,31,36,41,46,51,56'], next run at: 2026-09-17 17:31:46 +07)" executed successfully
2026-09-17 17:31:46,008 INFO apscheduler.executors.default: Running job "main.<locals>.run_scan (trigger: cron[second='1,6,11,16,21,26,31,36,41,46,51,56'], next run at: 2026-09-17 17:31:51 +07)" (scheduled at 2026-09-17 17:31:46+07:00)
2026-09-17 17:31:46,727 INFO apscheduler.executors.default: Running job "main.<locals>.run_lts_aus_fast_scan (trigger: interval[0:00:05], next run at: 2026-09-17 17:31:51 +07)" (scheduled at 2026-09-17 17:31:46.713136+07:00)
2026-09-17 17:31:46,727 INFO apscheduler.executors.default: Job "main.<locals>.run_lts_aus_fast_scan (trigger: interval[0:00:05], next run at: 2026-09-17 17:31:51 +07)" executed successfully
2026-09-17 17:31:46,728 INFO apscheduler.executors.default: Running job "main.<locals>.run_position_check (trigger: interval[0:00:05], next run at: 2026-09-17 17:31:51 +07)" (scheduled at 2026-09-17 17:31:46.713136+07:00)
2026-09-17 17:31:46,780 INFO apscheduler.executors.default: Job "main.<locals>.run_position_check (trigger: interval[0:00:05], next run at: 2026-09-17 17:31:51 +07)" executed successfully
2026-09-17 17:31:46,780 INFO apscheduler.executors.default: Running job "main.<locals>.run_trail_sl (trigger: interval[0:00:05], next run at: 2026-09-17 17:31:51 +07)" (scheduled at 2026-09-17 17:31:46.713136+07:00)
2026-09-17 17:31:46,782 INFO apscheduler.executors.default: Job "main.<locals>.run_trail_sl (trigger: interval[0:00:05], next run at: 2026-09-17 17:31:51 +07)" executed successfully
2026-09-17 17:31:46,901 INFO apscheduler.executors.default: Job "main.<locals>.run_scan (trigger: cron[second='1,6,11,16,21,26,31,36,41,46,51,56'], next run at: 2026-09-17 17:31:51 +07)" executed successfully
2026-09-17 17:31:49,867 INFO httpx: HTTP Request: POST https://api.telegram.org/bot8698852591:AAGLSZSQhC0W0KP9ZeZ9Gkr6k-NFoghMC68/getUpdates "HTTP/1.1 200 OK"
2026-09-17 17:31:51,012 INFO apscheduler.executors.default: Running job "main.<locals>.run_scan (trigger: cron[second='1,6,11,16,21,26,31,36,41,46,51,56'], next run at: 2026-09-17 17:31:56 +07)" (scheduled at 2026-09-17 17:31:51+07:00)
2026-09-17 17:31:51,729 INFO apscheduler.executors.default: Running job "main.<locals>.run_lts_aus_fast_scan (trigger: interval[0:00:05], next run at: 2026-09-17 17:31:56 +07)" (scheduled at 2026-09-17 17:31:51.713136+07:00)
2026-09-17 17:31:51,729 INFO apscheduler.executors.default: Job "main.<locals>.run_lts_aus_fast_scan (trigger: interval[0:00:05], next run at: 2026-09-17 17:31:56 +07)" executed successfully
2026-09-17 17:31:51,731 INFO apscheduler.executors.default: Running job "main.<locals>.run_position_check (trigger: interval[0:00:05], next run at: 2026-09-17 17:31:56 +07)" (scheduled at 2026-09-17 17:31:51.713136+07:00)
2026-09-17 17:31:51,787 INFO apscheduler.executors.default: Job "main.<locals>.run_position_check (trigger: interval[0:00:05], next run at: 2026-09-17 17:31:56 +07)" executed successfully
2026-09-17 17:31:51,787 INFO apscheduler.executors.default: Running job "main.<locals>.run_trail_sl (trigger: interval[0:00:05], next run at: 2026-09-17 17:31:56 +07)" (scheduled at 2026-09-17 17:31:51.713136+07:00)
2026-09-17 17:31:51,792 INFO apscheduler.executors.default: Job "main.<locals>.run_trail_sl (trigger: interval[0:00:05], next run at: 2026-09-17 17:31:56 +07)" executed successfully
2026-09-17 17:31:52,010 INFO apscheduler.executors.default: Job "main.<locals>.run_scan (trigger: cron[second='1,6,11,16,21,26,31,36,41,46,51,56'], next run at: 2026-09-17 17:31:56 +07)" executed successfully
2026-09-17 17:31:55,730 INFO apscheduler.executors.default: Running job "main.<locals>.write_heartbeat_job (trigger: interval[0:00:15], next run at: 2026-09-17 17:32:10 +07)" (scheduled at 2026-09-17 17:31:55.715137+07:00)
2026-09-17 17:31:55,733 INFO apscheduler.executors.default: Job "main.<locals>.write_heartbeat_job (trigger: interval[0:00:15], next run at: 2026-09-17 17:32:10 +07)" executed successfully
2026-09-17 17:31:56,013 INFO apscheduler.executors.default: Running job "main.<locals>.run_scan (trigger: cron[second='1,6,11,16,21,26,31,36,41,46,51,56'], next run at: 2026-09-17 17:32:01 +07)" (scheduled at 2026-09-17 17:31:56+07:00)
2026-09-17 17:31:56,724 INFO apscheduler.executors.default: Running job "main.<locals>.check_symbol_switch (trigger: interval[0:01:00], next run at: 2026-09-17 17:32:56 +07)" (scheduled at 2026-09-17 17:31:56.709584+07:00)
2026-09-17 17:31:56,747 INFO apscheduler.executors.default: Job "main.<locals>.check_symbol_switch (trigger: interval[0:01:00], next run at: 2026-09-17 17:32:56 +07)" executed successfully
2026-09-17 17:31:56,748 INFO apscheduler.executors.default: Running job "main.<locals>.run_demo_portfolio_scan (trigger: interval[0:05:00], next run at: 2026-09-17 17:36:56 +07)" (scheduled at 2026-09-17 17:31:56.712132+07:00)
2026-09-17 17:31:56,748 INFO apscheduler.executors.default: Job "main.<locals>.run_demo_portfolio_scan (trigger: interval[0:05:00], next run at: 2026-09-17 17:36:56 +07)" executed successfully
2026-09-17 17:31:56,749 INFO apscheduler.executors.default: Running job "main.<locals>.run_lts_aus_fast_scan (trigger: interval[0:00:05], next run at: 2026-09-17 17:32:01 +07)" (scheduled at 2026-09-17 17:31:56.713136+07:00)
2026-09-17 17:31:56,750 INFO apscheduler.executors.default: Job "main.<locals>.run_lts_aus_fast_scan (trigger: interval[0:00:05], next run at: 2026-09-17 17:32:01 +07)" executed successfully
2026-09-17 17:31:56,750 INFO apscheduler.executors.default: Running job "main.<locals>.run_position_check (trigger: interval[0:00:05], next run at: 2026-09-17 17:32:01 +07)" (scheduled at 2026-09-17 17:31:56.713136+07:00)
2026-09-17 17:31:56,793 INFO apscheduler.executors.default: Job "main.<locals>.run_position_check (trigger: interval[0:00:05], next run at: 2026-09-17 17:32:01 +07)" executed successfully
2026-09-17 17:31:56,793 INFO apscheduler.executors.default: Running job "main.<locals>.run_trail_sl (trigger: interval[0:00:05], next run at: 2026-09-17 17:32:01 +07)" (scheduled at 2026-09-17 17:31:56.713136+07:00)
2026-09-17 17:31:56,796 INFO apscheduler.executors.default: Job "main.<locals>.run_trail_sl (trigger: interval[0:00:05], next run at: 2026-09-17 17:32:01 +07)" executed successfully
2026-09-17 17:31:56,796 INFO apscheduler.executors.default: Running job "main.<locals>.save_bot_state_job (trigger: interval[0:00:15], next run at: 2026-09-17 17:32:11 +07)" (scheduled at 2026-09-17 17:31:56.714136+07:00)
2026-09-17 17:31:56,802 INFO apscheduler.executors.default: Job "main.<locals>.save_bot_state_job (trigger: interval[0:00:15], next run at: 2026-09-17 17:32:11 +07)" executed successfully
2026-09-17 17:31:56,803 INFO apscheduler.executors.default: Running job "main.<locals>.run_watchdog (trigger: interval[0:01:00], next run at: 2026-09-17 17:32:56 +07)" (scheduled at 2026-09-17 17:31:56.715137+07:00)
2026-09-17 17:31:56,811 INFO apscheduler.executors.default: Job "main.<locals>.run_watchdog (trigger: interval[0:01:00], next run at: 2026-09-17 17:32:56 +07)" executed successfully
2026-09-17 17:31:56,861 INFO apscheduler.executors.default: Job "main.<locals>.run_scan (trigger: cron[second='1,6,11,16,21,26,31,36,41,46,51,56'], next run at: 2026-09-17 17:32:01 +07)" executed successfully
2026-09-17 17:32:00,078 INFO httpx: HTTP Request: POST https://api.telegram.org/bot8698852591:AAGLSZSQhC0W0KP9ZeZ9Gkr6k-NFoghMC68/getUpdates "HTTP/1.1 200 OK"
2026-09-17 17:32:01,003 INFO apscheduler.executors.default: Running job "main.<locals>.run_scan (trigger: cron[second='1,6,11,16,21,26,31,36,41,46,51,56'], next run at: 2026-09-17 17:32:06 +07)" (scheduled at 2026-09-17 17:32:01+07:00)
2026-09-17 17:32:01,733 INFO apscheduler.executors.default: Running job "main.<locals>.run_lts_aus_fast_scan (trigger: interval[0:00:05], next run at: 2026-09-17 17:32:06 +07)" (scheduled at 2026-09-17 17:32:01.713136+07:00)
2026-09-17 17:32:01,733 INFO apscheduler.executors.default: Job "main.<locals>.run_lts_aus_fast_scan (trigger: interval[0:00:05], next run at: 2026-09-17 17:32:06 +07)" executed successfully
2026-09-17 17:32:01,734 INFO apscheduler.executors.default: Running job "main.<locals>.run_position_check (trigger: interval[0:00:05], next run at: 2026-09-17 17:32:06 +07)" (scheduled at 2026-09-17 17:32:01.713136+07:00)
2026-09-17 17:32:01,779 INFO apscheduler.executors.default: Job "main.<locals>.run_position_check (trigger: interval[0:00:05], next run at: 2026-09-17 17:32:06 +07)" executed successfully
2026-09-17 17:32:01,780 INFO apscheduler.executors.default: Running job "main.<locals>.run_trail_sl (trigger: interval[0:00:05], next run at: 2026-09-17 17:32:06 +07)" (scheduled at 2026-09-17 17:32:01.713136+07:00)
2026-09-17 17:32:01,783 INFO apscheduler.executors.default: Job "main.<locals>.run_trail_sl (trigger: interval[0:00:05], next run at: 2026-09-17 17:32:06 +07)" executed successfully
2026-09-17 17:32:01,880 INFO apscheduler.executors.default: Job "main.<locals>.run_scan (trigger: cron[second='1,6,11,16,21,26,31,36,41,46,51,56'], next run at: 2026-09-17 17:32:06 +07)" executed successfully
2026-09-17 17:32:06,007 INFO apscheduler.executors.default: Running job "main.<locals>.run_scan (trigger: cron[second='1,6,11,16,21,26,31,36,41,46,51,56'], next run at: 2026-09-17 17:32:11 +07)" (scheduled at 2026-09-17 17:32:06+07:00)
2026-09-17 17:32:06,724 INFO apscheduler.executors.default: Running job "main.<locals>.run_lts_aus_fast_scan (trigger: interval[0:00:05], next run at: 2026-09-17 17:32:11 +07)" (scheduled at 2026-09-17 17:32:06.713136+07:00)
2026-09-17 17:32:06,725 INFO apscheduler.executors.default: Job "main.<locals>.run_lts_aus_fast_scan (trigger: interval[0:00:05], next run at: 2026-09-17 17:32:11 +07)" executed successfully
2026-09-17 17:32:06,725 INFO apscheduler.executors.default: Running job "main.<locals>.run_position_check (trigger: interval[0:00:05], next run at: 2026-09-17 17:32:11 +07)" (scheduled at 2026-09-17 17:32:06.713136+07:00)
2026-09-17 17:32:06,771 INFO apscheduler.executors.default: Job "main.<locals>.run_position_check (trigger: interval[0:00:05], next run at: 2026-09-17 17:32:11 +07)" executed successfully
2026-09-17 17:32:06,771 INFO apscheduler.executors.default: Running job "main.<locals>.run_trail_sl (trigger: interval[0:00:05], next run at: 2026-09-17 17:32:11 +07)" (scheduled at 2026-09-17 17:32:06.713136+07:00)
2026-09-17 17:32:06,775 INFO apscheduler.executors.default: Job "main.<locals>.run_trail_sl (trigger: interval[0:00:05], next run at: 2026-09-17 17:32:11 +07)" executed successfully
2026-09-17 17:32:06,939 INFO apscheduler.executors.default: Job "main.<locals>.run_scan (trigger: cron[second='1,6,11,16,21,26,31,36,41,46,51,56'], next run at: 2026-09-17 17:32:11 +07)" executed successfully
2026-09-17 17:32:10,275 INFO httpx: HTTP Request: POST https://api.telegram.org/bot8698852591:AAGLSZSQhC0W0KP9ZeZ9Gkr6k-NFoghMC68/getUpdates "HTTP/1.1 200 OK"
2026-09-17 17:32:10,726 INFO apscheduler.executors.default: Running job "main.<locals>.write_heartbeat_job (trigger: interval[0:00:15], next run at: 2026-09-17 17:32:25 +07)" (scheduled at 2026-09-17 17:32:10.715137+07:00)
2026-09-17 17:32:10,729 INFO apscheduler.executors.default: Job "main.<locals>.write_heartbeat_job (trigger: interval[0:00:15], next run at: 2026-09-17 17:32:25 +07)" executed successfully
2026-09-17 17:32:11,009 INFO apscheduler.executors.default: Running job "main.<locals>.run_scan (trigger: cron[second='1,6,11,16,21,26,31,36,41,46,51,56'], next run at: 2026-09-17 17:32:16 +07)" (scheduled at 2026-09-17 17:32:11+07:00)
2026-09-17 17:32:11,717 INFO apscheduler.executors.default: Running job "main.<locals>.run_lts_aus_fast_scan (trigger: interval[0:00:05], next run at: 2026-09-17 17:32:16 +07)" (scheduled at 2026-09-17 17:32:11.713136+07:00)
2026-09-17 17:32:11,719 INFO apscheduler.executors.default: Job "main.<locals>.run_lts_aus_fast_scan (trigger: interval[0:00:05], next run at: 2026-09-17 17:32:16 +07)" executed successfully
2026-09-17 17:32:11,719 INFO apscheduler.executors.default: Running job "main.<locals>.run_position_check (trigger: interval[0:00:05], next run at: 2026-09-17 17:32:16 +07)" (scheduled at 2026-09-17 17:32:11.713136+07:00)
2026-09-17 17:32:11,762 INFO apscheduler.executors.default: Job "main.<locals>.run_position_check (trigger: interval[0:00:05], next run at: 2026-09-17 17:32:16 +07)" executed successfully
2026-09-17 17:32:11,766 INFO apscheduler.executors.default: Running job "main.<locals>.run_trail_sl (trigger: interval[0:00:05], next run at: 2026-09-17 17:32:16 +07)" (scheduled at 2026-09-17 17:32:11.713136+07:00)
2026-09-17 17:32:11,768 INFO apscheduler.executors.default: Job "main.<locals>.run_trail_sl (trigger: interval[0:00:05], next run at: 2026-09-17 17:32:16 +07)" executed successfully
2026-09-17 17:32:11,769 INFO apscheduler.executors.default: Running job "main.<locals>.save_bot_state_job (trigger: interval[0:00:15], next run at: 2026-09-17 17:32:26 +07)" (scheduled at 2026-09-17 17:32:11.714136+07:00)
2026-09-17 17:32:11,773 INFO apscheduler.executors.default: Job "main.<locals>.save_bot_state_job (trigger: interval[0:00:15], next run at: 2026-09-17 17:32:26 +07)" executed successfully
2026-09-17 17:32:11,845 INFO apscheduler.executors.default: Job "main.<locals>.run_scan (trigger: cron[second='1,6,11,16,21,26,31,36,41,46,51,56'], next run at: 2026-09-17 17:32:16 +07)" executed successfully
2026-09-17 17:32:16,006 INFO apscheduler.executors.default: Running job "main.<locals>.run_scan (trigger: cron[second='1,6,11,16,21,26,31,36,41,46,51,56'], next run at: 2026-09-17 17:32:21 +07)" (scheduled at 2026-09-17 17:32:16+07:00)
2026-09-17 17:32:16,736 INFO apscheduler.executors.default: Running job "main.<locals>.run_lts_aus_fast_scan (trigger: interval[0:00:05], next run at: 2026-09-17 17:32:21 +07)" (scheduled at 2026-09-17 17:32:16.713136+07:00)
2026-09-17 17:32:16,737 INFO apscheduler.executors.default: Job "main.<locals>.run_lts_aus_fast_scan (trigger: interval[0:00:05], next run at: 2026-09-17 17:32:21 +07)" executed successfully
2026-09-17 17:32:16,738 INFO apscheduler.executors.default: Running job "main.<locals>.run_position_check (trigger: interval[0:00:05], next run at: 2026-09-17 17:32:21 +07)" (scheduled at 2026-09-17 17:32:16.713136+07:00)
2026-09-17 17:32:16,783 INFO apscheduler.executors.default: Job "main.<locals>.run_position_check (trigger: interval[0:00:05], next run at: 2026-09-17 17:32:21 +07)" executed successfully
2026-09-17 17:32:16,783 INFO apscheduler.executors.default: Running job "main.<locals>.run_trail_sl (trigger: interval[0:00:05], next run at: 2026-09-17 17:32:21 +07)" (scheduled at 2026-09-17 17:32:16.713136+07:00)
2026-09-17 17:32:16,787 INFO apscheduler.executors.default: Job "main.<locals>.run_trail_sl (trigger: interval[0:00:05], next run at: 2026-09-17 17:32:21 +07)" executed successfully
2026-09-17 17:32:16,843 INFO apscheduler.executors.default: Job "main.<locals>.run_scan (trigger: cron[second='1,6,11,16,21,26,31,36,41,46,51,56'], next run at: 2026-09-17 17:32:21 +07)" executed successfully
2026-09-17 17:32:20,468 INFO httpx: HTTP Request: POST https://api.telegram.org/bot8698852591:AAGLSZSQhC0W0KP9ZeZ9Gkr6k-NFoghMC68/getUpdates "HTTP/1.1 200 OK"
2026-09-17 17:32:21,007 INFO apscheduler.executors.default: Running job "main.<locals>.run_scan (trigger: cron[second='1,6,11,16,21,26,31,36,41,46,51,56'], next run at: 2026-09-17 17:32:26 +07)" (scheduled at 2026-09-17 17:32:21+07:00)
2026-09-17 17:32:21,723 INFO apscheduler.executors.default: Running job "main.<locals>.run_lts_aus_fast_scan (trigger: interval[0:00:05], next run at: 2026-09-17 17:32:26 +07)" (scheduled at 2026-09-17 17:32:21.713136+07:00)
2026-09-17 17:32:21,724 INFO apscheduler.executors.default: Job "main.<locals>.run_lts_aus_fast_scan (trigger: interval[0:00:05], next run at: 2026-09-17 17:32:26 +07)" executed successfully
2026-09-17 17:32:21,725 INFO apscheduler.executors.default: Running job "main.<locals>.run_position_check (trigger: interval[0:00:05], next run at: 2026-09-17 17:32:26 +07)" (scheduled at 2026-09-17 17:32:21.713136+07:00)
2026-09-17 17:32:21,767 INFO apscheduler.executors.default: Job "main.<locals>.run_position_check (trigger: interval[0:00:05], next run at: 2026-09-17 17:32:26 +07)" executed successfully
2026-09-17 17:32:21,768 INFO apscheduler.executors.default: Running job "main.<locals>.run_trail_sl (trigger: interval[0:00:05], next run at: 2026-09-17 17:32:26 +07)" (scheduled at 2026-09-17 17:32:21.713136+07:00)
2026-09-17 17:32:21,771 INFO apscheduler.executors.default: Job "main.<locals>.run_trail_sl (trigger: interval[0:00:05], next run at: 2026-09-17 17:32:26 +07)" executed successfully
2026-09-17 17:32:21,825 INFO apscheduler.executors.default: Job "main.<locals>.run_scan (trigger: cron[second='1,6,11,16,21,26,31,36,41,46,51,56'], next run at: 2026-09-17 17:32:26 +07)" executed successfully
2026-09-17 17:32:25,731 INFO apscheduler.executors.default: Running job "main.<locals>.write_heartbeat_job (trigger: interval[0:00:15], next run at: 2026-09-17 17:32:40 +07)" (scheduled at 2026-09-17 17:32:25.715137+07:00)
2026-09-17 17:32:25,734 INFO apscheduler.executors.default: Job "main.<locals>.write_heartbeat_job (trigger: interval[0:00:15], next run at: 2026-09-17 17:32:40 +07)" executed successfully
2026-09-17 17:32:26,012 INFO apscheduler.executors.default: Running job "main.<locals>.run_scan (trigger: cron[second='1,6,11,16,21,26,31,36,41,46,51,56'], next run at: 2026-09-17 17:32:31 +07)" (scheduled at 2026-09-17 17:32:26+07:00)
2026-09-17 17:32:26,726 INFO apscheduler.executors.default: Running job "main.<locals>.run_lts_aus_fast_scan (trigger: interval[0:00:05], next run at: 2026-09-17 17:32:31 +07)" (scheduled at 2026-09-17 17:32:26.713136+07:00)
2026-09-17 17:32:26,728 INFO apscheduler.executors.default: Job "main.<locals>.run_lts_aus_fast_scan (trigger: interval[0:00:05], next run at: 2026-09-17 17:32:31 +07)" executed successfully
2026-09-17 17:32:26,728 INFO apscheduler.executors.default: Running job "main.<locals>.run_position_check (trigger: interval[0:00:05], next run at: 2026-09-17 17:32:31 +07)" (scheduled at 2026-09-17 17:32:26.713136+07:00)
2026-09-17 17:32:26,773 INFO apscheduler.executors.default: Job "main.<locals>.run_position_check (trigger: interval[0:00:05], next run at: 2026-09-17 17:32:31 +07)" executed successfully
2026-09-17 17:32:26,776 INFO apscheduler.executors.default: Running job "main.<locals>.run_trail_sl (trigger: interval[0:00:05], next run at: 2026-09-17 17:32:31 +07)" (scheduled at 2026-09-17 17:32:26.713136+07:00)
2026-09-17 17:32:26,779 INFO apscheduler.executors.default: Job "main.<locals>.run_trail_sl (trigger: interval[0:00:05], next run at: 2026-09-17 17:32:31 +07)" executed successfully
2026-09-17 17:32:26,780 INFO apscheduler.executors.default: Running job "main.<locals>.save_bot_state_job (trigger: interval[0:00:15], next run at: 2026-09-17 17:32:41 +07)" (scheduled at 2026-09-17 17:32:26.714136+07:00)
2026-09-17 17:32:26,783 INFO apscheduler.executors.default: Job "main.<locals>.save_bot_state_job (trigger: interval[0:00:15], next run at: 2026-09-17 17:32:41 +07)" executed successfully
2026-09-17 17:32:26,833 INFO apscheduler.executors.default: Job "main.<locals>.run_scan (trigger: cron[second='1,6,11,16,21,26,31,36,41,46,51,56'], next run at: 2026-09-17 17:32:31 +07)" executed successfully
2026-09-17 17:32:30,667 INFO httpx: HTTP Request: POST https://api.telegram.org/bot8698852591:AAGLSZSQhC0W0KP9ZeZ9Gkr6k-NFoghMC68/getUpdates "HTTP/1.1 200 OK"
2026-09-17 17:32:31,011 INFO apscheduler.executors.default: Running job "main.<locals>.run_scan (trigger: cron[second='1,6,11,16,21,26,31,36,41,46,51,56'], next run at: 2026-09-17 17:32:36 +07)" (scheduled at 2026-09-17 17:32:31+07:00)
2026-09-17 17:32:31,721 INFO apscheduler.executors.default: Running job "main.<locals>.run_lts_aus_fast_scan (trigger: interval[0:00:05], next run at: 2026-09-17 17:32:36 +07)" (scheduled at 2026-09-17 17:32:31.713136+07:00)
2026-09-17 17:32:31,722 INFO apscheduler.executors.default: Job "main.<locals>.run_lts_aus_fast_scan (trigger: interval[0:00:05], next run at: 2026-09-17 17:32:36 +07)" executed successfully
2026-09-17 17:32:31,723 INFO apscheduler.executors.default: Running job "main.<locals>.run_position_check (trigger: interval[0:00:05], next run at: 2026-09-17 17:32:36 +07)" (scheduled at 2026-09-17 17:32:31.713136+07:00)
2026-09-17 17:32:31,765 INFO apscheduler.executors.default: Job "main.<locals>.run_position_check (trigger: interval[0:00:05], next run at: 2026-09-17 17:32:36 +07)" executed successfully
2026-09-17 17:32:31,765 INFO apscheduler.executors.default: Running job "main.<locals>.run_trail_sl (trigger: interval[0:00:05], next run at: 2026-09-17 17:32:36 +07)" (scheduled at 2026-09-17 17:32:31.713136+07:00)
2026-09-17 17:32:31,767 INFO apscheduler.executors.default: Job "main.<locals>.run_trail_sl (trigger: interval[0:00:05], next run at: 2026-09-17 17:32:36 +07)" executed successfully
2026-09-17 17:32:31,818 INFO apscheduler.executors.default: Job "main.<locals>.run_scan (trigger: cron[second='1,6,11,16,21,26,31,36,41,46,51,56'], next run at: 2026-09-17 17:32:36 +07)" executed successfully
2026-09-17 17:32:36,017 INFO apscheduler.executors.default: Running job "main.<locals>.run_scan (trigger: cron[second='1,6,11,16,21,26,31,36,41,46,51,56'], next run at: 2026-09-17 17:32:41 +07)" (scheduled at 2026-09-17 17:32:36+07:00)
2026-09-17 17:32:36,717 INFO apscheduler.executors.default: Running job "main.<locals>.run_lts_aus_fast_scan (trigger: interval[0:00:05], next run at: 2026-09-17 17:32:41 +07)" (scheduled at 2026-09-17 17:32:36.713136+07:00)
2026-09-17 17:32:36,718 INFO apscheduler.executors.default: Job "main.<locals>.run_lts_aus_fast_scan (trigger: interval[0:00:05], next run at: 2026-09-17 17:32:41 +07)" executed successfully
2026-09-17 17:32:36,718 INFO apscheduler.executors.default: Running job "main.<locals>.run_position_check (trigger: interval[0:00:05], next run at: 2026-09-17 17:32:41 +07)" (scheduled at 2026-09-17 17:32:36.713136+07:00)
2026-09-17 17:32:36,773 INFO apscheduler.executors.default: Job "main.<locals>.run_position_check (trigger: interval[0:00:05], next run at: 2026-09-17 17:32:41 +07)" executed successfully
2026-09-17 17:32:36,774 INFO apscheduler.executors.default: Running job "main.<locals>.run_trail_sl (trigger: interval[0:00:05], next run at: 2026-09-17 17:32:41 +07)" (scheduled at 2026-09-17 17:32:36.713136+07:00)
2026-09-17 17:32:36,776 INFO apscheduler.executors.default: Job "main.<locals>.run_trail_sl (trigger: interval[0:00:05], next run at: 2026-09-17 17:32:41 +07)" executed successfully
2026-09-17 17:32:36,869 INFO apscheduler.executors.default: Job "main.<locals>.run_scan (trigger: cron[second='1,6,11,16,21,26,31,36,41,46,51,56'], next run at: 2026-09-17 17:32:41 +07)" executed successfully
2026-09-17 17:32:40,727 INFO apscheduler.executors.default: Running job "main.<locals>.write_heartbeat_job (trigger: interval[0:00:15], next run at: 2026-09-17 17:32:55 +07)" (scheduled at 2026-09-17 17:32:40.715137+07:00)
2026-09-17 17:32:40,730 INFO apscheduler.executors.default: Job "main.<locals>.write_heartbeat_job (trigger: interval[0:00:15], next run at: 2026-09-17 17:32:55 +07)" executed successfully
2026-09-17 17:32:40,863 INFO httpx: HTTP Request: POST https://api.telegram.org/bot8698852591:AAGLSZSQhC0W0KP9ZeZ9Gkr6k-NFoghMC68/getUpdates "HTTP/1.1 200 OK"
2026-09-17 17:32:41,012 INFO apscheduler.executors.default: Running job "main.<locals>.run_scan (trigger: cron[second='1,6,11,16,21,26,31,36,41,46,51,56'], next run at: 2026-09-17 17:32:46 +07)" (scheduled at 2026-09-17 17:32:41+07:00)
2026-09-17 17:32:41,725 INFO apscheduler.executors.default: Running job "main.<locals>.run_lts_aus_fast_scan (trigger: interval[0:00:05], next run at: 2026-09-17 17:32:46 +07)" (scheduled at 2026-09-17 17:32:41.713136+07:00)
2026-09-17 17:32:41,725 INFO apscheduler.executors.default: Job "main.<locals>.run_lts_aus_fast_scan (trigger: interval[0:00:05], next run at: 2026-09-17 17:32:46 +07)" executed successfully
2026-09-17 17:32:41,726 INFO apscheduler.executors.default: Running job "main.<locals>.run_position_check (trigger: interval[0:00:05], next run at: 2026-09-17 17:32:46 +07)" (scheduled at 2026-09-17 17:32:41.713136+07:00)
2026-09-17 17:32:41,771 INFO apscheduler.executors.default: Job "main.<locals>.run_position_check (trigger: interval[0:00:05], next run at: 2026-09-17 17:32:46 +07)" executed successfully
2026-09-17 17:32:41,776 INFO apscheduler.executors.default: Running job "main.<locals>.run_trail_sl (trigger: interval[0:00:05], next run at: 2026-09-17 17:32:46 +07)" (scheduled at 2026-09-17 17:32:41.713136+07:00)
2026-09-17 17:32:41,778 INFO apscheduler.executors.default: Job "main.<locals>.run_trail_sl (trigger: interval[0:00:05], next run at: 2026-09-17 17:32:46 +07)" executed successfully
2026-09-17 17:32:41,778 INFO apscheduler.executors.default: Running job "main.<locals>.save_bot_state_job (trigger: interval[0:00:15], next run at: 2026-09-17 17:32:56 +07)" (scheduled at 2026-09-17 17:32:41.714136+07:00)
2026-09-17 17:32:41,784 INFO apscheduler.executors.default: Job "main.<locals>.save_bot_state_job (trigger: interval[0:00:15], next run at: 2026-09-17 17:32:56 +07)" executed successfully
2026-09-17 17:32:41,883 INFO apscheduler.executors.default: Job "main.<locals>.run_scan (trigger: cron[second='1,6,11,16,21,26,31,36,41,46,51,56'], next run at: 2026-09-17 17:32:46 +07)" executed successfully
2026-09-17 17:32:46,008 INFO apscheduler.executors.default: Running job "main.<locals>.run_scan (trigger: cron[second='1,6,11,16,21,26,31,36,41,46,51,56'], next run at: 2026-09-17 17:32:51 +07)" (scheduled at 2026-09-17 17:32:46+07:00)
2026-09-17 17:32:46,722 INFO apscheduler.executors.default: Running job "main.<locals>.run_lts_aus_fast_scan (trigger: interval[0:00:05], next run at: 2026-09-17 17:32:51 +07)" (scheduled at 2026-09-17 17:32:46.713136+07:00)
2026-09-17 17:32:46,723 INFO apscheduler.executors.default: Job "main.<locals>.run_lts_aus_fast_scan (trigger: interval[0:00:05], next run at: 2026-09-17 17:32:51 +07)" executed successfully
2026-09-17 17:32:46,724 INFO apscheduler.executors.default: Running job "main.<locals>.run_position_check (trigger: interval[0:00:05], next run at: 2026-09-17 17:32:51 +07)" (scheduled at 2026-09-17 17:32:46.713136+07:00)
2026-09-17 17:32:46,773 INFO apscheduler.executors.default: Job "main.<locals>.run_position_check (trigger: interval[0:00:05], next run at: 2026-09-17 17:32:51 +07)" executed successfully
2026-09-17 17:32:46,774 INFO apscheduler.executors.default: Running job "main.<locals>.run_trail_sl (trigger: interval[0:00:05], next run at: 2026-09-17 17:32:51 +07)" (scheduled at 2026-09-17 17:32:46.713136+07:00)
2026-09-17 17:32:46,776 INFO apscheduler.executors.default: Job "main.<locals>.run_trail_sl (trigger: interval[0:00:05], next run at: 2026-09-17 17:32:51 +07)" executed successfully
2026-09-17 17:32:46,849 INFO apscheduler.executors.default: Job "main.<locals>.run_scan (trigger: cron[second='1,6,11,16,21,26,31,36,41,46,51,56'], next run at: 2026-09-17 17:32:51 +07)" executed successfully
2026-09-17 17:32:51,006 INFO apscheduler.executors.default: Running job "main.<locals>.run_scan (trigger: cron[second='1,6,11,16,21,26,31,36,41,46,51,56'], next run at: 2026-09-17 17:32:56 +07)" (scheduled at 2026-09-17 17:32:51+07:00)
2026-09-17 17:32:51,063 INFO httpx: HTTP Request: POST https://api.telegram.org/bot8698852591:AAGLSZSQhC0W0KP9ZeZ9Gkr6k-NFoghMC68/getUpdates "HTTP/1.1 200 OK"
2026-09-17 17:32:51,722 INFO apscheduler.executors.default: Running job "main.<locals>.run_lts_aus_fast_scan (trigger: interval[0:00:05], next run at: 2026-09-17 17:32:56 +07)" (scheduled at 2026-09-17 17:32:51.713136+07:00)
2026-09-17 17:32:51,723 INFO apscheduler.executors.default: Job "main.<locals>.run_lts_aus_fast_scan (trigger: interval[0:00:05], next run at: 2026-09-17 17:32:56 +07)" executed successfully
2026-09-17 17:32:51,723 INFO apscheduler.executors.default: Running job "main.<locals>.run_position_check (trigger: interval[0:00:05], next run at: 2026-09-17 17:32:56 +07)" (scheduled at 2026-09-17 17:32:51.713136+07:00)
2026-09-17 17:32:51,769 INFO apscheduler.executors.default: Job "main.<locals>.run_position_check (trigger: interval[0:00:05], next run at: 2026-09-17 17:32:56 +07)" executed successfully
2026-09-17 17:32:51,769 INFO apscheduler.executors.default: Running job "main.<locals>.run_trail_sl (trigger: interval[0:00:05], next run at: 2026-09-17 17:32:56 +07)" (scheduled at 2026-09-17 17:32:51.713136+07:00)
2026-09-17 17:32:51,772 INFO apscheduler.executors.default: Job "main.<locals>.run_trail_sl (trigger: interval[0:00:05], next run at: 2026-09-17 17:32:56 +07)" executed successfully
2026-09-17 17:32:51,837 INFO apscheduler.executors.default: Job "main.<locals>.run_scan (trigger: cron[second='1,6,11,16,21,26,31,36,41,46,51,56'], next run at: 2026-09-17 17:32:56 +07)" executed successfully
2026-09-17 17:32:55,724 INFO apscheduler.executors.default: Running job "main.<locals>.write_heartbeat_job (trigger: interval[0:00:15], next run at: 2026-09-17 17:33:10 +07)" (scheduled at 2026-09-17 17:32:55.715137+07:00)
2026-09-17 17:32:55,728 INFO apscheduler.executors.default: Job "main.<locals>.write_heartbeat_job (trigger: interval[0:00:15], next run at: 2026-09-17 17:33:10 +07)" executed successfully
2026-09-17 17:32:56,004 INFO apscheduler.executors.default: Running job "main.<locals>.run_scan (trigger: cron[second='1,6,11,16,21,26,31,36,41,46,51,56'], next run at: 2026-09-17 17:33:01 +07)" (scheduled at 2026-09-17 17:32:56+07:00)
2026-09-17 17:32:56,722 INFO apscheduler.executors.default: Running job "main.<locals>.check_symbol_switch (trigger: interval[0:01:00], next run at: 2026-09-17 17:33:56 +07)" (scheduled at 2026-09-17 17:32:56.709584+07:00)
2026-09-17 17:32:56,743 INFO apscheduler.executors.default: Job "main.<locals>.check_symbol_switch (trigger: interval[0:01:00], next run at: 2026-09-17 17:33:56 +07)" executed successfully
2026-09-17 17:32:56,744 INFO apscheduler.executors.default: Running job "main.<locals>.run_lts_aus_fast_scan (trigger: interval[0:00:05], next run at: 2026-09-17 17:33:01 +07)" (scheduled at 2026-09-17 17:32:56.713136+07:00)
2026-09-17 17:32:56,744 INFO apscheduler.executors.default: Job "main.<locals>.run_lts_aus_fast_scan (trigger: interval[0:00:05], next run at: 2026-09-17 17:33:01 +07)" executed successfully
2026-09-17 17:32:56,745 INFO apscheduler.executors.default: Running job "main.<locals>.run_position_check (trigger: interval[0:00:05], next run at: 2026-09-17 17:33:01 +07)" (scheduled at 2026-09-17 17:32:56.713136+07:00)
2026-09-17 17:32:56,792 INFO apscheduler.executors.default: Job "main.<locals>.run_position_check (trigger: interval[0:00:05], next run at: 2026-09-17 17:33:01 +07)" executed successfully
2026-09-17 17:32:56,795 INFO apscheduler.executors.default: Running job "main.<locals>.run_trail_sl (trigger: interval[0:00:05], next run at: 2026-09-17 17:33:01 +07)" (scheduled at 2026-09-17 17:32:56.713136+07:00)
2026-09-17 17:32:56,798 INFO apscheduler.executors.default: Job "main.<locals>.run_trail_sl (trigger: interval[0:00:05], next run at: 2026-09-17 17:33:01 +07)" executed successfully
2026-09-17 17:32:56,798 INFO apscheduler.executors.default: Running job "main.<locals>.save_bot_state_job (trigger: interval[0:00:15], next run at: 2026-09-17 17:33:11 +07)" (scheduled at 2026-09-17 17:32:56.714136+07:00)
2026-09-17 17:32:56,804 INFO apscheduler.executors.default: Job "main.<locals>.save_bot_state_job (trigger: interval[0:00:15], next run at: 2026-09-17 17:33:11 +07)" executed successfully
2026-09-17 17:32:56,806 INFO apscheduler.executors.default: Running job "main.<locals>.run_watchdog (trigger: interval[0:01:00], next run at: 2026-09-17 17:33:56 +07)" (scheduled at 2026-09-17 17:32:56.715137+07:00)
2026-09-17 17:32:56,813 INFO apscheduler.executors.default: Job "main.<locals>.run_watchdog (trigger: interval[0:01:00], next run at: 2026-09-17 17:33:56 +07)" executed successfully
2026-09-17 17:32:56,827 INFO apscheduler.executors.default: Job "main.<locals>.run_scan (trigger: cron[second='1,6,11,16,21,26,31,36,41,46,51,56'], next run at: 2026-09-17 17:33:01 +07)" executed successfully
2026-09-17 17:33:01,015 INFO apscheduler.executors.default: Running job "main.<locals>.run_scan (trigger: cron[second='1,6,11,16,21,26,31,36,41,46,51,56'], next run at: 2026-09-17 17:33:06 +07)" (scheduled at 2026-09-17 17:33:01+07:00)
2026-09-17 17:33:01,259 INFO httpx: HTTP Request: POST https://api.telegram.org/bot8698852591:AAGLSZSQhC0W0KP9ZeZ9Gkr6k-NFoghMC68/getUpdates "HTTP/1.1 200 OK"
2026-09-17 17:33:01,727 INFO apscheduler.executors.default: Running job "main.<locals>.run_lts_aus_fast_scan (trigger: interval[0:00:05], next run at: 2026-09-17 17:33:06 +07)" (scheduled at 2026-09-17 17:33:01.713136+07:00)
2026-09-17 17:33:01,728 INFO apscheduler.executors.default: Job "main.<locals>.run_lts_aus_fast_scan (trigger: interval[0:00:05], next run at: 2026-09-17 17:33:06 +07)" executed successfully
2026-09-17 17:33:01,729 INFO apscheduler.executors.default: Running job "main.<locals>.run_position_check (trigger: interval[0:00:05], next run at: 2026-09-17 17:33:06 +07)" (scheduled at 2026-09-17 17:33:01.713136+07:00)
2026-09-17 17:33:01,772 INFO apscheduler.executors.default: Job "main.<locals>.run_position_check (trigger: interval[0:00:05], next run at: 2026-09-17 17:33:06 +07)" executed successfully
2026-09-17 17:33:01,772 INFO apscheduler.executors.default: Running job "main.<locals>.run_trail_sl (trigger: interval[0:00:05], next run at: 2026-09-17 17:33:06 +07)" (scheduled at 2026-09-17 17:33:01.713136+07:00)
2026-09-17 17:33:01,776 INFO apscheduler.executors.default: Job "main.<locals>.run_trail_sl (trigger: interval[0:00:05], next run at: 2026-09-17 17:33:06 +07)" executed successfully
2026-09-17 17:33:01,960 INFO apscheduler.executors.default: Job "main.<locals>.run_scan (trigger: cron[second='1,6,11,16,21,26,31,36,41,46,51,56'], next run at: 2026-09-17 17:33:06 +07)" executed successfully
2026-09-17 17:33:06,005 INFO apscheduler.executors.default: Running job "main.<locals>.run_scan (trigger: cron[second='1,6,11,16,21,26,31,36,41,46,51,56'], next run at: 2026-09-17 17:33:11 +07)" (scheduled at 2026-09-17 17:33:06+07:00)
2026-09-17 17:33:06,721 INFO apscheduler.executors.default: Running job "main.<locals>.run_lts_aus_fast_scan (trigger: interval[0:00:05], next run at: 2026-09-17 17:33:11 +07)" (scheduled at 2026-09-17 17:33:06.713136+07:00)
2026-09-17 17:33:06,722 INFO apscheduler.executors.default: Job "main.<locals>.run_lts_aus_fast_scan (trigger: interval[0:00:05], next run at: 2026-09-17 17:33:11 +07)" executed successfully
2026-09-17 17:33:06,723 INFO apscheduler.executors.default: Running job "main.<locals>.run_position_check (trigger: interval[0:00:05], next run at: 2026-09-17 17:33:11 +07)" (scheduled at 2026-09-17 17:33:06.713136+07:00)
2026-09-17 17:33:06,764 INFO apscheduler.executors.default: Job "main.<locals>.run_position_check (trigger: interval[0:00:05], next run at: 2026-09-17 17:33:11 +07)" executed successfully
2026-09-17 17:33:06,764 INFO apscheduler.executors.default: Running job "main.<locals>.run_trail_sl (trigger: interval[0:00:05], next run at: 2026-09-17 17:33:11 +07)" (scheduled at 2026-09-17 17:33:06.713136+07:00)
2026-09-17 17:33:06,765 INFO apscheduler.executors.default: Job "main.<locals>.run_trail_sl (trigger: interval[0:00:05], next run at: 2026-09-17 17:33:11 +07)" executed successfully
2026-09-17 17:33:06,795 INFO apscheduler.executors.default: Job "main.<locals>.run_scan (trigger: cron[second='1,6,11,16,21,26,31,36,41,46,51,56'], next run at: 2026-09-17 17:33:11 +07)" executed successfully
2026-09-17 17:33:10,729 INFO apscheduler.executors.default: Running job "main.<locals>.write_heartbeat_job (trigger: interval[0:00:15], next run at: 2026-09-17 17:33:25 +07)" (scheduled at 2026-09-17 17:33:10.715137+07:00)
2026-09-17 17:33:10,731 INFO apscheduler.executors.default: Job "main.<locals>.write_heartbeat_job (trigger: interval[0:00:15], next run at: 2026-09-17 17:33:25 +07)" executed successfully
2026-09-17 17:33:11,007 INFO apscheduler.executors.default: Running job "main.<locals>.run_scan (trigger: cron[second='1,6,11,16,21,26,31,36,41,46,51,56'], next run at: 2026-09-17 17:33:16 +07)" (scheduled at 2026-09-17 17:33:11+07:00)
2026-09-17 17:33:11,453 INFO httpx: HTTP Request: POST https://api.telegram.org/bot8698852591:AAGLSZSQhC0W0KP9ZeZ9Gkr6k-NFoghMC68/getUpdates "HTTP/1.1 200 OK"
2026-09-17 17:33:11,735 INFO apscheduler.executors.default: Running job "main.<locals>.run_lts_aus_fast_scan (trigger: interval[0:00:05], next run at: 2026-09-17 17:33:16 +07)" (scheduled at 2026-09-17 17:33:11.713136+07:00)
2026-09-17 17:33:11,736 INFO apscheduler.executors.default: Job "main.<locals>.run_lts_aus_fast_scan (trigger: interval[0:00:05], next run at: 2026-09-17 17:33:16 +07)" executed successfully
2026-09-17 17:33:11,736 INFO apscheduler.executors.default: Running job "main.<locals>.run_position_check (trigger: interval[0:00:05], next run at: 2026-09-17 17:33:16 +07)" (scheduled at 2026-09-17 17:33:11.713136+07:00)
2026-09-17 17:33:11,783 INFO apscheduler.executors.default: Job "main.<locals>.run_position_check (trigger: interval[0:00:05], next run at: 2026-09-17 17:33:16 +07)" executed successfully
2026-09-17 17:33:11,783 INFO apscheduler.executors.default: Running job "main.<locals>.run_trail_sl (trigger: interval[0:00:05], next run at: 2026-09-17 17:33:16 +07)" (scheduled at 2026-09-17 17:33:11.713136+07:00)
2026-09-17 17:33:11,790 INFO apscheduler.executors.default: Job "main.<locals>.run_trail_sl (trigger: interval[0:00:05], next run at: 2026-09-17 17:33:16 +07)" executed successfully
2026-09-17 17:33:11,790 INFO apscheduler.executors.default: Running job "main.<locals>.save_bot_state_job (trigger: interval[0:00:15], next run at: 2026-09-17 17:33:26 +07)" (scheduled at 2026-09-17 17:33:11.714136+07:00)
2026-09-17 17:33:11,796 INFO apscheduler.executors.default: Job "main.<locals>.save_bot_state_job (trigger: interval[0:00:15], next run at: 2026-09-17 17:33:26 +07)" executed successfully
2026-09-17 17:33:11,835 INFO apscheduler.executors.default: Job "main.<locals>.run_scan (trigger: cron[second='1,6,11,16,21,26,31,36,41,46,51,56'], next run at: 2026-09-17 17:33:16 +07)" executed successfully
2026-09-17 17:33:16,007 INFO apscheduler.executors.default: Running job "main.<locals>.run_scan (trigger: cron[second='1,6,11,16,21,26,31,36,41,46,51,56'], next run at: 2026-09-17 17:33:21 +07)" (scheduled at 2026-09-17 17:33:16+07:00)
2026-09-17 17:33:16,724 INFO apscheduler.executors.default: Running job "main.<locals>.run_lts_aus_fast_scan (trigger: interval[0:00:05], next run at: 2026-09-17 17:33:21 +07)" (scheduled at 2026-09-17 17:33:16.713136+07:00)
2026-09-17 17:33:16,724 INFO apscheduler.executors.default: Job "main.<locals>.run_lts_aus_fast_scan (trigger: interval[0:00:05], next run at: 2026-09-17 17:33:21 +07)" executed successfully
2026-09-17 17:33:16,725 INFO apscheduler.executors.default: Running job "main.<locals>.run_position_check (trigger: interval[0:00:05], next run at: 2026-09-17 17:33:21 +07)" (scheduled at 2026-09-17 17:33:16.713136+07:00)
2026-09-17 17:33:16,767 INFO apscheduler.executors.default: Job "main.<locals>.run_position_check (trigger: interval[0:00:05], next run at: 2026-09-17 17:33:21 +07)" executed successfully
2026-09-17 17:33:16,768 INFO apscheduler.executors.default: Running job "main.<locals>.run_trail_sl (trigger: interval[0:00:05], next run at: 2026-09-17 17:33:21 +07)" (scheduled at 2026-09-17 17:33:16.713136+07:00)
2026-09-17 17:33:16,770 INFO apscheduler.executors.default: Job "main.<locals>.run_trail_sl (trigger: interval[0:00:05], next run at: 2026-09-17 17:33:21 +07)" executed successfully
2026-09-17 17:33:16,840 INFO apscheduler.executors.default: Job "main.<locals>.run_scan (trigger: cron[second='1,6,11,16,21,26,31,36,41,46,51,56'], next run at: 2026-09-17 17:33:21 +07)" executed successfully
2026-09-17 17:33:21,017 INFO apscheduler.executors.default: Running job "main.<locals>.run_scan (trigger: cron[second='1,6,11,16,21,26,31,36,41,46,51,56'], next run at: 2026-09-17 17:33:26 +07)" (scheduled at 2026-09-17 17:33:21+07:00)
2026-09-17 17:33:21,648 INFO httpx: HTTP Request: POST https://api.telegram.org/bot8698852591:AAGLSZSQhC0W0KP9ZeZ9Gkr6k-NFoghMC68/getUpdates "HTTP/1.1 200 OK"
2026-09-17 17:33:21,727 INFO apscheduler.executors.default: Running job "main.<locals>.run_lts_aus_fast_scan (trigger: interval[0:00:05], next run at: 2026-09-17 17:33:26 +07)" (scheduled at 2026-09-17 17:33:21.713136+07:00)
2026-09-17 17:33:21,728 INFO apscheduler.executors.default: Job "main.<locals>.run_lts_aus_fast_scan (trigger: interval[0:00:05], next run at: 2026-09-17 17:33:26 +07)" executed successfully
2026-09-17 17:33:21,728 INFO apscheduler.executors.default: Running job "main.<locals>.run_position_check (trigger: interval[0:00:05], next run at: 2026-09-17 17:33:26 +07)" (scheduled at 2026-09-17 17:33:21.713136+07:00)
2026-09-17 17:33:21,773 INFO apscheduler.executors.default: Job "main.<locals>.run_position_check (trigger: interval[0:00:05], next run at: 2026-09-17 17:33:26 +07)" executed successfully
2026-09-17 17:33:21,773 INFO apscheduler.executors.default: Running job "main.<locals>.run_trail_sl (trigger: interval[0:00:05], next run at: 2026-09-17 17:33:26 +07)" (scheduled at 2026-09-17 17:33:21.713136+07:00)
2026-09-17 17:33:21,774 INFO apscheduler.executors.default: Job "main.<locals>.run_trail_sl (trigger: interval[0:00:05], next run at: 2026-09-17 17:33:26 +07)" executed successfully
2026-09-17 17:33:21,832 INFO apscheduler.executors.default: Job "main.<locals>.run_scan (trigger: cron[second='1,6,11,16,21,26,31,36,41,46,51,56'], next run at: 2026-09-17 17:33:26 +07)" executed successfully
2026-09-17 17:33:25,727 INFO apscheduler.executors.default: Running job "main.<locals>.write_heartbeat_job (trigger: interval[0:00:15], next run at: 2026-09-17 17:33:40 +07)" (scheduled at 2026-09-17 17:33:25.715137+07:00)
2026-09-17 17:33:25,731 INFO apscheduler.executors.default: Job "main.<locals>.write_heartbeat_job (trigger: interval[0:00:15], next run at: 2026-09-17 17:33:40 +07)" executed successfully
2026-09-17 17:33:26,010 INFO apscheduler.executors.default: Running job "main.<locals>.run_scan (trigger: cron[second='1,6,11,16,21,26,31,36,41,46,51,56'], next run at: 2026-09-17 17:33:31 +07)" (scheduled at 2026-09-17 17:33:26+07:00)
2026-09-17 17:33:26,727 INFO apscheduler.executors.default: Running job "main.<locals>.run_lts_aus_fast_scan (trigger: interval[0:00:05], next run at: 2026-09-17 17:33:31 +07)" (scheduled at 2026-09-17 17:33:26.713136+07:00)
2026-09-17 17:33:26,728 INFO apscheduler.executors.default: Job "main.<locals>.run_lts_aus_fast_scan (trigger: interval[0:00:05], next run at: 2026-09-17 17:33:31 +07)" executed successfully
2026-09-17 17:33:26,729 INFO apscheduler.executors.default: Running job "main.<locals>.run_position_check (trigger: interval[0:00:05], next run at: 2026-09-17 17:33:31 +07)" (scheduled at 2026-09-17 17:33:26.713136+07:00)
2026-09-17 17:33:26,779 INFO apscheduler.executors.default: Job "main.<locals>.run_position_check (trigger: interval[0:00:05], next run at: 2026-09-17 17:33:31 +07)" executed successfully
2026-09-17 17:33:26,779 INFO apscheduler.executors.default: Running job "main.<locals>.run_trail_sl (trigger: interval[0:00:05], next run at: 2026-09-17 17:33:31 +07)" (scheduled at 2026-09-17 17:33:26.713136+07:00)
2026-09-17 17:33:26,782 INFO apscheduler.executors.default: Job "main.<locals>.run_trail_sl (trigger: interval[0:00:05], next run at: 2026-09-17 17:33:31 +07)" executed successfully
2026-09-17 17:33:26,783 INFO apscheduler.executors.default: Running job "main.<locals>.save_bot_state_job (trigger: interval[0:00:15], next run at: 2026-09-17 17:33:41 +07)" (scheduled at 2026-09-17 17:33:26.714136+07:00)
2026-09-17 17:33:26,827 INFO apscheduler.executors.default: Job "main.<locals>.save_bot_state_job (trigger: interval[0:00:15], next run at: 2026-09-17 17:33:41 +07)" executed successfully
2026-09-17 17:33:27,013 INFO apscheduler.executors.default: Job "main.<locals>.run_scan (trigger: cron[second='1,6,11,16,21,26,31,36,41,46,51,56'], next run at: 2026-09-17 17:33:31 +07)" executed successfully
2026-09-17 17:33:31,007 INFO apscheduler.executors.default: Running job "main.<locals>.run_scan (trigger: cron[second='1,6,11,16,21,26,31,36,41,46,51,56'], next run at: 2026-09-17 17:33:36 +07)" (scheduled at 2026-09-17 17:33:31+07:00)
2026-09-17 17:33:31,721 INFO apscheduler.executors.default: Running job "main.<locals>.run_lts_aus_fast_scan (trigger: interval[0:00:05], next run at: 2026-09-17 17:33:36 +07)" (scheduled at 2026-09-17 17:33:31.713136+07:00)
2026-09-17 17:33:31,721 INFO apscheduler.executors.default: Job "main.<locals>.run_lts_aus_fast_scan (trigger: interval[0:00:05], next run at: 2026-09-17 17:33:36 +07)" executed successfully
2026-09-17 17:33:31,723 INFO apscheduler.executors.default: Running job "main.<locals>.run_position_check (trigger: interval[0:00:05], next run at: 2026-09-17 17:33:36 +07)" (scheduled at 2026-09-17 17:33:31.713136+07:00)
2026-09-17 17:33:31,770 INFO apscheduler.executors.default: Job "main.<locals>.run_position_check (trigger: interval[0:00:05], next run at: 2026-09-17 17:33:36 +07)" executed successfully
2026-09-17 17:33:31,771 INFO apscheduler.executors.default: Running job "main.<locals>.run_trail_sl (trigger: interval[0:00:05], next run at: 2026-09-17 17:33:36 +07)" (scheduled at 2026-09-17 17:33:31.713136+07:00)
2026-09-17 17:33:31,773 INFO apscheduler.executors.default: Job "main.<locals>.run_trail_sl (trigger: interval[0:00:05], next run at: 2026-09-17 17:33:36 +07)" executed successfully
2026-09-17 17:33:31,844 INFO httpx: HTTP Request: POST https://api.telegram.org/bot8698852591:AAGLSZSQhC0W0KP9ZeZ9Gkr6k-NFoghMC68/getUpdates "HTTP/1.1 200 OK"
2026-09-17 17:33:31,911 INFO apscheduler.executors.default: Job "main.<locals>.run_scan (trigger: cron[second='1,6,11,16,21,26,31,36,41,46,51,56'], next run at: 2026-09-17 17:33:36 +07)" executed successfully
2026-09-17 17:33:36,015 INFO apscheduler.executors.default: Running job "main.<locals>.run_scan (trigger: cron[second='1,6,11,16,21,26,31,36,41,46,51,56'], next run at: 2026-09-17 17:33:41 +07)" (scheduled at 2026-09-17 17:33:36+07:00)
2026-09-17 17:33:36,719 INFO apscheduler.executors.default: Running job "main.<locals>.run_lts_aus_fast_scan (trigger: interval[0:00:05], next run at: 2026-09-17 17:33:41 +07)" (scheduled at 2026-09-17 17:33:36.713136+07:00)
2026-09-17 17:33:36,720 INFO apscheduler.executors.default: Job "main.<locals>.run_lts_aus_fast_scan (trigger: interval[0:00:05], next run at: 2026-09-17 17:33:41 +07)" executed successfully
2026-09-17 17:33:36,720 INFO apscheduler.executors.default: Running job "main.<locals>.run_position_check (trigger: interval[0:00:05], next run at: 2026-09-17 17:33:41 +07)" (scheduled at 2026-09-17 17:33:36.713136+07:00)
2026-09-17 17:33:36,762 INFO apscheduler.executors.default: Job "main.<locals>.run_position_check (trigger: interval[0:00:05], next run at: 2026-09-17 17:33:41 +07)" executed successfully
2026-09-17 17:33:36,763 INFO apscheduler.executors.default: Running job "main.<locals>.run_trail_sl (trigger: interval[0:00:05], next run at: 2026-09-17 17:33:41 +07)" (scheduled at 2026-09-17 17:33:36.713136+07:00)
2026-09-17 17:33:36,764 INFO apscheduler.executors.default: Job "main.<locals>.run_trail_sl (trigger: interval[0:00:05], next run at: 2026-09-17 17:33:41 +07)" executed successfully
2026-09-17 17:33:36,848 INFO apscheduler.executors.default: Job "main.<locals>.run_scan (trigger: cron[second='1,6,11,16,21,26,31,36,41,46,51,56'], next run at: 2026-09-17 17:33:41 +07)" executed successfully
2026-09-17 17:33:40,723 INFO apscheduler.executors.default: Running job "main.<locals>.write_heartbeat_job (trigger: interval[0:00:15], next run at: 2026-09-17 17:33:55 +07)" (scheduled at 2026-09-17 17:33:40.715137+07:00)
2026-09-17 17:33:40,726 INFO apscheduler.executors.default: Job "main.<locals>.write_heartbeat_job (trigger: interval[0:00:15], next run at: 2026-09-17 17:33:55 +07)" executed successfully
2026-09-17 17:33:41,016 INFO apscheduler.executors.default: Running job "main.<locals>.run_scan (trigger: cron[second='1,6,11,16,21,26,31,36,41,46,51,56'], next run at: 2026-09-17 17:33:46 +07)" (scheduled at 2026-09-17 17:33:41+07:00)
2026-09-17 17:33:41,717 INFO apscheduler.executors.default: Running job "main.<locals>.run_lts_aus_fast_scan (trigger: interval[0:00:05], next run at: 2026-09-17 17:33:46 +07)" (scheduled at 2026-09-17 17:33:41.713136+07:00)
2026-09-17 17:33:41,717 INFO apscheduler.executors.default: Job "main.<locals>.run_lts_aus_fast_scan (trigger: interval[0:00:05], next run at: 2026-09-17 17:33:46 +07)" executed successfully
2026-09-17 17:33:41,718 INFO apscheduler.executors.default: Running job "main.<locals>.run_position_check (trigger: interval[0:00:05], next run at: 2026-09-17 17:33:46 +07)" (scheduled at 2026-09-17 17:33:41.713136+07:00)
2026-09-17 17:33:41,757 INFO apscheduler.executors.default: Job "main.<locals>.run_position_check (trigger: interval[0:00:05], next run at: 2026-09-17 17:33:46 +07)" executed successfully
2026-09-17 17:33:41,757 INFO apscheduler.executors.default: Running job "main.<locals>.run_trail_sl (trigger: interval[0:00:05], next run at: 2026-09-17 17:33:46 +07)" (scheduled at 2026-09-17 17:33:41.713136+07:00)
2026-09-17 17:33:41,760 INFO apscheduler.executors.default: Job "main.<locals>.run_trail_sl (trigger: interval[0:00:05], next run at: 2026-09-17 17:33:46 +07)" executed successfully
2026-09-17 17:33:41,761 INFO apscheduler.executors.default: Running job "main.<locals>.save_bot_state_job (trigger: interval[0:00:15], next run at: 2026-09-17 17:33:56 +07)" (scheduled at 2026-09-17 17:33:41.714136+07:00)
2026-09-17 17:33:41,765 INFO apscheduler.executors.default: Job "main.<locals>.save_bot_state_job (trigger: interval[0:00:15], next run at: 2026-09-17 17:33:56 +07)" executed successfully
2026-09-17 17:33:41,822 INFO apscheduler.executors.default: Job "main.<locals>.run_scan (trigger: cron[second='1,6,11,16,21,26,31,36,41,46,51,56'], next run at: 2026-09-17 17:33:46 +07)" executed successfully
2026-09-17 17:33:42,041 INFO httpx: HTTP Request: POST https://api.telegram.org/bot8698852591:AAGLSZSQhC0W0KP9ZeZ9Gkr6k-NFoghMC68/getUpdates "HTTP/1.1 200 OK"
2026-09-17 17:33:46,009 INFO apscheduler.executors.default: Running job "main.<locals>.run_scan (trigger: cron[second='1,6,11,16,21,26,31,36,41,46,51,56'], next run at: 2026-09-17 17:33:51 +07)" (scheduled at 2026-09-17 17:33:46+07:00)
2026-09-17 17:33:46,725 INFO apscheduler.executors.default: Running job "main.<locals>.run_lts_aus_fast_scan (trigger: interval[0:00:05], next run at: 2026-09-17 17:33:51 +07)" (scheduled at 2026-09-17 17:33:46.713136+07:00)
2026-09-17 17:33:46,725 INFO apscheduler.executors.default: Job "main.<locals>.run_lts_aus_fast_scan (trigger: interval[0:00:05], next run at: 2026-09-17 17:33:51 +07)" executed successfully
2026-09-17 17:33:46,726 INFO apscheduler.executors.default: Running job "main.<locals>.run_position_check (trigger: interval[0:00:05], next run at: 2026-09-17 17:33:51 +07)" (scheduled at 2026-09-17 17:33:46.713136+07:00)
2026-09-17 17:33:46,768 INFO apscheduler.executors.default: Job "main.<locals>.run_position_check (trigger: interval[0:00:05], next run at: 2026-09-17 17:33:51 +07)" executed successfully
2026-09-17 17:33:46,768 INFO apscheduler.executors.default: Running job "main.<locals>.run_trail_sl (trigger: interval[0:00:05], next run at: 2026-09-17 17:33:51 +07)" (scheduled at 2026-09-17 17:33:46.713136+07:00)
2026-09-17 17:33:46,771 INFO apscheduler.executors.default: Job "main.<locals>.run_trail_sl (trigger: interval[0:00:05], next run at: 2026-09-17 17:33:51 +07)" executed successfully
2026-09-17 17:33:46,826 INFO apscheduler.executors.default: Job "main.<locals>.run_scan (trigger: cron[second='1,6,11,16,21,26,31,36,41,46,51,56'], next run at: 2026-09-17 17:33:51 +07)" executed successfully
2026-09-17 17:33:51,009 INFO apscheduler.executors.default: Running job "main.<locals>.run_scan (trigger: cron[second='1,6,11,16,21,26,31,36,41,46,51,56'], next run at: 2026-09-17 17:33:56 +07)" (scheduled at 2026-09-17 17:33:51+07:00)
2026-09-17 17:33:51,716 INFO apscheduler.executors.default: Running job "main.<locals>.run_lts_aus_fast_scan (trigger: interval[0:00:05], next run at: 2026-09-17 17:33:56 +07)" (scheduled at 2026-09-17 17:33:51.713136+07:00)
2026-09-17 17:33:51,716 INFO apscheduler.executors.default: Job "main.<locals>.run_lts_aus_fast_scan (trigger: interval[0:00:05], next run at: 2026-09-17 17:33:56 +07)" executed successfully
2026-09-17 17:33:51,717 INFO apscheduler.executors.default: Running job "main.<locals>.run_position_check (trigger: interval[0:00:05], next run at: 2026-09-17 17:33:56 +07)" (scheduled at 2026-09-17 17:33:51.713136+07:00)
2026-09-17 17:33:51,763 INFO apscheduler.executors.default: Job "main.<locals>.run_position_check (trigger: interval[0:00:05], next run at: 2026-09-17 17:33:56 +07)" executed successfully
2026-09-17 17:33:51,764 INFO apscheduler.executors.default: Running job "main.<locals>.run_trail_sl (trigger: interval[0:00:05], next run at: 2026-09-17 17:33:56 +07)" (scheduled at 2026-09-17 17:33:51.713136+07:00)
2026-09-17 17:33:51,767 INFO apscheduler.executors.default: Job "main.<locals>.run_trail_sl (trigger: interval[0:00:05], next run at: 2026-09-17 17:33:56 +07)" executed successfully
2026-09-17 17:33:51,831 INFO apscheduler.executors.default: Job "main.<locals>.run_scan (trigger: cron[second='1,6,11,16,21,26,31,36,41,46,51,56'], next run at: 2026-09-17 17:33:56 +07)" executed successfully
2026-09-17 17:33:52,234 INFO httpx: HTTP Request: POST https://api.telegram.org/bot8698852591:AAGLSZSQhC0W0KP9ZeZ9Gkr6k-NFoghMC68/getUpdates "HTTP/1.1 200 OK"
2026-09-17 17:33:55,729 INFO apscheduler.executors.default: Running job "main.<locals>.write_heartbeat_job (trigger: interval[0:00:15], next run at: 2026-09-17 17:34:10 +07)" (scheduled at 2026-09-17 17:33:55.715137+07:00)
2026-09-17 17:33:55,732 INFO apscheduler.executors.default: Job "main.<locals>.write_heartbeat_job (trigger: interval[0:00:15], next run at: 2026-09-17 17:34:10 +07)" executed successfully
2026-09-17 17:33:56,005 INFO apscheduler.executors.default: Running job "main.<locals>.run_scan (trigger: cron[second='1,6,11,16,21,26,31,36,41,46,51,56'], next run at: 2026-09-17 17:34:01 +07)" (scheduled at 2026-09-17 17:33:56+07:00)
2026-09-17 17:33:56,717 INFO apscheduler.executors.default: Running job "main.<locals>.check_symbol_switch (trigger: interval[0:01:00], next run at: 2026-09-17 17:34:56 +07)" (scheduled at 2026-09-17 17:33:56.709584+07:00)
2026-09-17 17:33:56,740 INFO apscheduler.executors.default: Job "main.<locals>.check_symbol_switch (trigger: interval[0:01:00], next run at: 2026-09-17 17:34:56 +07)" executed successfully
2026-09-17 17:33:56,741 INFO apscheduler.executors.default: Running job "main.<locals>.run_lts_aus_fast_scan (trigger: interval[0:00:05], next run at: 2026-09-17 17:34:01 +07)" (scheduled at 2026-09-17 17:33:56.713136+07:00)
2026-09-17 17:33:56,741 INFO apscheduler.executors.default: Job "main.<locals>.run_lts_aus_fast_scan (trigger: interval[0:00:05], next run at: 2026-09-17 17:34:01 +07)" executed successfully
2026-09-17 17:33:56,742 INFO apscheduler.executors.default: Running job "main.<locals>.run_position_check (trigger: interval[0:00:05], next run at: 2026-09-17 17:34:01 +07)" (scheduled at 2026-09-17 17:33:56.713136+07:00)
2026-09-17 17:33:56,787 INFO apscheduler.executors.default: Job "main.<locals>.run_position_check (trigger: interval[0:00:05], next run at: 2026-09-17 17:34:01 +07)" executed successfully
2026-09-17 17:33:56,787 INFO apscheduler.executors.default: Running job "main.<locals>.run_trail_sl (trigger: interval[0:00:05], next run at: 2026-09-17 17:34:01 +07)" (scheduled at 2026-09-17 17:33:56.713136+07:00)
2026-09-17 17:33:56,789 INFO apscheduler.executors.default: Job "main.<locals>.run_trail_sl (trigger: interval[0:00:05], next run at: 2026-09-17 17:34:01 +07)" executed successfully
2026-09-17 17:33:56,789 INFO apscheduler.executors.default: Running job "main.<locals>.save_bot_state_job (trigger: interval[0:00:15], next run at: 2026-09-17 17:34:11 +07)" (scheduled at 2026-09-17 17:33:56.714136+07:00)
2026-09-17 17:33:56,794 INFO apscheduler.executors.default: Job "main.<locals>.save_bot_state_job (trigger: interval[0:00:15], next run at: 2026-09-17 17:34:11 +07)" executed successfully
2026-09-17 17:33:56,795 INFO apscheduler.executors.default: Running job "main.<locals>.run_watchdog (trigger: interval[0:01:00], next run at: 2026-09-17 17:34:56 +07)" (scheduled at 2026-09-17 17:33:56.715137+07:00)
2026-09-17 17:33:56,805 INFO apscheduler.executors.default: Job "main.<locals>.run_watchdog (trigger: interval[0:01:00], next run at: 2026-09-17 17:34:56 +07)" executed successfully
2026-09-17 17:33:56,830 INFO apscheduler.executors.default: Job "main.<locals>.run_scan (trigger: cron[second='1,6,11,16,21,26,31,36,41,46,51,56'], next run at: 2026-09-17 17:34:01 +07)" executed successfully
2026-09-17 17:34:01,008 INFO apscheduler.executors.default: Running job "main.<locals>.run_scan (trigger: cron[second='1,6,11,16,21,26,31,36,41,46,51,56'], next run at: 2026-09-17 17:34:06 +07)" (scheduled at 2026-09-17 17:34:01+07:00)
2026-09-17 17:34:01,719 INFO apscheduler.executors.default: Running job "main.<locals>.run_lts_aus_fast_scan (trigger: interval[0:00:05], next run at: 2026-09-17 17:34:06 +07)" (scheduled at 2026-09-17 17:34:01.713136+07:00)
2026-09-17 17:34:01,720 INFO apscheduler.executors.default: Job "main.<locals>.run_lts_aus_fast_scan (trigger: interval[0:00:05], next run at: 2026-09-17 17:34:06 +07)" executed successfully
2026-09-17 17:34:01,721 INFO apscheduler.executors.default: Running job "main.<locals>.run_position_check (trigger: interval[0:00:05], next run at: 2026-09-17 17:34:06 +07)" (scheduled at 2026-09-17 17:34:01.713136+07:00)
2026-09-17 17:34:01,765 INFO apscheduler.executors.default: Job "main.<locals>.run_position_check (trigger: interval[0:00:05], next run at: 2026-09-17 17:34:06 +07)" executed successfully
2026-09-17 17:34:01,766 INFO apscheduler.executors.default: Running job "main.<locals>.run_trail_sl (trigger: interval[0:00:05], next run at: 2026-09-17 17:34:06 +07)" (scheduled at 2026-09-17 17:34:01.713136+07:00)
2026-09-17 17:34:01,767 INFO apscheduler.executors.default: Job "main.<locals>.run_trail_sl (trigger: interval[0:00:05], next run at: 2026-09-17 17:34:06 +07)" executed successfully
2026-09-17 17:34:01,854 INFO apscheduler.executors.default: Job "main.<locals>.run_scan (trigger: cron[second='1,6,11,16,21,26,31,36,41,46,51,56'], next run at: 2026-09-17 17:34:06 +07)" executed successfully
2026-09-17 17:34:02,426 INFO httpx: HTTP Request: POST https://api.telegram.org/bot8698852591:AAGLSZSQhC0W0KP9ZeZ9Gkr6k-NFoghMC68/getUpdates "HTTP/1.1 200 OK"
2026-09-17 17:34:06,016 INFO apscheduler.executors.default: Running job "main.<locals>.run_scan (trigger: cron[second='1,6,11,16,21,26,31,36,41,46,51,56'], next run at: 2026-09-17 17:34:11 +07)" (scheduled at 2026-09-17 17:34:06+07:00)
2026-09-17 17:34:06,726 INFO apscheduler.executors.default: Running job "main.<locals>.run_lts_aus_fast_scan (trigger: interval[0:00:05], next run at: 2026-09-17 17:34:11 +07)" (scheduled at 2026-09-17 17:34:06.713136+07:00)
2026-09-17 17:34:06,727 INFO apscheduler.executors.default: Job "main.<locals>.run_lts_aus_fast_scan (trigger: interval[0:00:05], next run at: 2026-09-17 17:34:11 +07)" executed successfully
2026-09-17 17:34:06,727 INFO apscheduler.executors.default: Running job "main.<locals>.run_position_check (trigger: interval[0:00:05], next run at: 2026-09-17 17:34:11 +07)" (scheduled at 2026-09-17 17:34:06.713136+07:00)
2026-09-17 17:34:06,775 INFO apscheduler.executors.default: Job "main.<locals>.run_position_check (trigger: interval[0:00:05], next run at: 2026-09-17 17:34:11 +07)" executed successfully
2026-09-17 17:34:06,776 INFO apscheduler.executors.default: Running job "main.<locals>.run_trail_sl (trigger: interval[0:00:05], next run at: 2026-09-17 17:34:11 +07)" (scheduled at 2026-09-17 17:34:06.713136+07:00)
2026-09-17 17:34:06,778 INFO apscheduler.executors.default: Job "main.<locals>.run_trail_sl (trigger: interval[0:00:05], next run at: 2026-09-17 17:34:11 +07)" executed successfully
2026-09-17 17:34:06,840 INFO apscheduler.executors.default: Job "main.<locals>.run_scan (trigger: cron[second='1,6,11,16,21,26,31,36,41,46,51,56'], next run at: 2026-09-17 17:34:11 +07)" executed successfully
2026-09-17 17:34:10,728 INFO apscheduler.executors.default: Running job "main.<locals>.write_heartbeat_job (trigger: interval[0:00:15], next run at: 2026-09-17 17:34:25 +07)" (scheduled at 2026-09-17 17:34:10.715137+07:00)
2026-09-17 17:34:10,731 INFO apscheduler.executors.default: Job "main.<locals>.write_heartbeat_job (trigger: interval[0:00:15], next run at: 2026-09-17 17:34:25 +07)" executed successfully
2026-09-17 17:34:11,009 INFO apscheduler.executors.default: Running job "main.<locals>.run_scan (trigger: cron[second='1,6,11,16,21,26,31,36,41,46,51,56'], next run at: 2026-09-17 17:34:16 +07)" (scheduled at 2026-09-17 17:34:11+07:00)
2026-09-17 17:34:11,718 INFO apscheduler.executors.default: Running job "main.<locals>.run_lts_aus_fast_scan (trigger: interval[0:00:05], next run at: 2026-09-17 17:34:16 +07)" (scheduled at 2026-09-17 17:34:11.713136+07:00)
2026-09-17 17:34:11,719 INFO apscheduler.executors.default: Job "main.<locals>.run_lts_aus_fast_scan (trigger: interval[0:00:05], next run at: 2026-09-17 17:34:16 +07)" executed successfully
2026-09-17 17:34:11,720 INFO apscheduler.executors.default: Running job "main.<locals>.run_position_check (trigger: interval[0:00:05], next run at: 2026-09-17 17:34:16 +07)" (scheduled at 2026-09-17 17:34:11.713136+07:00)
2026-09-17 17:34:11,763 INFO apscheduler.executors.default: Job "main.<locals>.run_position_check (trigger: interval[0:00:05], next run at: 2026-09-17 17:34:16 +07)" executed successfully
2026-09-17 17:34:11,764 INFO apscheduler.executors.default: Running job "main.<locals>.run_trail_sl (trigger: interval[0:00:05], next run at: 2026-09-17 17:34:16 +07)" (scheduled at 2026-09-17 17:34:11.713136+07:00)
2026-09-17 17:34:11,766 INFO apscheduler.executors.default: Job "main.<locals>.run_trail_sl (trigger: interval[0:00:05], next run at: 2026-09-17 17:34:16 +07)" executed successfully
2026-09-17 17:34:11,767 INFO apscheduler.executors.default: Running job "main.<locals>.save_bot_state_job (trigger: interval[0:00:15], next run at: 2026-09-17 17:34:26 +07)" (scheduled at 2026-09-17 17:34:11.714136+07:00)
2026-09-17 17:34:11,772 INFO apscheduler.executors.default: Job "main.<locals>.save_bot_state_job (trigger: interval[0:00:15], next run at: 2026-09-17 17:34:26 +07)" executed successfully
2026-09-17 17:34:11,838 INFO apscheduler.executors.default: Job "main.<locals>.run_scan (trigger: cron[second='1,6,11,16,21,26,31,36,41,46,51,56'], next run at: 2026-09-17 17:34:16 +07)" executed successfully
2026-09-17 17:34:12,623 INFO httpx: HTTP Request: POST https://api.telegram.org/bot8698852591:AAGLSZSQhC0W0KP9ZeZ9Gkr6k-NFoghMC68/getUpdates "HTTP/1.1 200 OK"
2026-09-17 17:34:16,009 INFO apscheduler.executors.default: Running job "main.<locals>.run_scan (trigger: cron[second='1,6,11,16,21,26,31,36,41,46,51,56'], next run at: 2026-09-17 17:34:21 +07)" (scheduled at 2026-09-17 17:34:16+07:00)
2026-09-17 17:34:16,724 INFO apscheduler.executors.default: Running job "main.<locals>.run_lts_aus_fast_scan (trigger: interval[0:00:05], next run at: 2026-09-17 17:34:21 +07)" (scheduled at 2026-09-17 17:34:16.713136+07:00)
2026-09-17 17:34:16,725 INFO apscheduler.executors.default: Job "main.<locals>.run_lts_aus_fast_scan (trigger: interval[0:00:05], next run at: 2026-09-17 17:34:21 +07)" executed successfully
2026-09-17 17:34:16,726 INFO apscheduler.executors.default: Running job "main.<locals>.run_position_check (trigger: interval[0:00:05], next run at: 2026-09-17 17:34:21 +07)" (scheduled at 2026-09-17 17:34:16.713136+07:00)
2026-09-17 17:34:16,773 INFO apscheduler.executors.default: Job "main.<locals>.run_position_check (trigger: interval[0:00:05], next run at: 2026-09-17 17:34:21 +07)" executed successfully
2026-09-17 17:34:16,774 INFO apscheduler.executors.default: Running job "main.<locals>.run_trail_sl (trigger: interval[0:00:05], next run at: 2026-09-17 17:34:21 +07)" (scheduled at 2026-09-17 17:34:16.713136+07:00)
2026-09-17 17:34:16,776 INFO apscheduler.executors.default: Job "main.<locals>.run_trail_sl (trigger: interval[0:00:05], next run at: 2026-09-17 17:34:21 +07)" executed successfully
2026-09-17 17:34:16,853 INFO apscheduler.executors.default: Job "main.<locals>.run_scan (trigger: cron[second='1,6,11,16,21,26,31,36,41,46,51,56'], next run at: 2026-09-17 17:34:21 +07)" executed successfully
2026-09-17 17:34:21,007 INFO apscheduler.executors.default: Running job "main.<locals>.run_scan (trigger: cron[second='1,6,11,16,21,26,31,36,41,46,51,56'], next run at: 2026-09-17 17:34:26 +07)" (scheduled at 2026-09-17 17:34:21+07:00)
2026-09-17 17:34:21,718 INFO apscheduler.executors.default: Running job "main.<locals>.run_lts_aus_fast_scan (trigger: interval[0:00:05], next run at: 2026-09-17 17:34:26 +07)" (scheduled at 2026-09-17 17:34:21.713136+07:00)
2026-09-17 17:34:21,719 INFO apscheduler.executors.default: Job "main.<locals>.run_lts_aus_fast_scan (trigger: interval[0:00:05], next run at: 2026-09-17 17:34:26 +07)" executed successfully
2026-09-17 17:34:21,720 INFO apscheduler.executors.default: Running job "main.<locals>.run_position_check (trigger: interval[0:00:05], next run at: 2026-09-17 17:34:26 +07)" (scheduled at 2026-09-17 17:34:21.713136+07:00)
2026-09-17 17:34:21,763 INFO apscheduler.executors.default: Job "main.<locals>.run_position_check (trigger: interval[0:00:05], next run at: 2026-09-17 17:34:26 +07)" executed successfully
2026-09-17 17:34:21,764 INFO apscheduler.executors.default: Running job "main.<locals>.run_trail_sl (trigger: interval[0:00:05], next run at: 2026-09-17 17:34:26 +07)" (scheduled at 2026-09-17 17:34:21.713136+07:00)
2026-09-17 17:34:21,767 INFO apscheduler.executors.default: Job "main.<locals>.run_trail_sl (trigger: interval[0:00:05], next run at: 2026-09-17 17:34:26 +07)" executed successfully
2026-09-17 17:34:21,816 INFO apscheduler.executors.default: Job "main.<locals>.run_scan (trigger: cron[second='1,6,11,16,21,26,31,36,41,46,51,56'], next run at: 2026-09-17 17:34:26 +07)" executed successfully
2026-09-17 17:34:22,827 INFO httpx: HTTP Request: POST https://api.telegram.org/bot8698852591:AAGLSZSQhC0W0KP9ZeZ9Gkr6k-NFoghMC68/getUpdates "HTTP/1.1 200 OK"
2026-09-17 17:34:25,727 INFO apscheduler.executors.default: Running job "main.<locals>.write_heartbeat_job (trigger: interval[0:00:15], next run at: 2026-09-17 17:34:40 +07)" (scheduled at 2026-09-17 17:34:25.715137+07:00)
2026-09-17 17:34:25,730 INFO apscheduler.executors.default: Job "main.<locals>.write_heartbeat_job (trigger: interval[0:00:15], next run at: 2026-09-17 17:34:40 +07)" executed successfully
2026-09-17 17:34:26,006 INFO apscheduler.executors.default: Running job "main.<locals>.run_scan (trigger: cron[second='1,6,11,16,21,26,31,36,41,46,51,56'], next run at: 2026-09-17 17:34:31 +07)" (scheduled at 2026-09-17 17:34:26+07:00)
2026-09-17 17:34:26,718 INFO apscheduler.executors.default: Running job "main.<locals>.run_lts_aus_fast_scan (trigger: interval[0:00:05], next run at: 2026-09-17 17:34:31 +07)" (scheduled at 2026-09-17 17:34:26.713136+07:00)
2026-09-17 17:34:26,719 INFO apscheduler.executors.default: Job "main.<locals>.run_lts_aus_fast_scan (trigger: interval[0:00:05], next run at: 2026-09-17 17:34:31 +07)" executed successfully
2026-09-17 17:34:26,719 INFO apscheduler.executors.default: Running job "main.<locals>.run_position_check (trigger: interval[0:00:05], next run at: 2026-09-17 17:34:31 +07)" (scheduled at 2026-09-17 17:34:26.713136+07:00)
2026-09-17 17:34:26,761 INFO apscheduler.executors.default: Job "main.<locals>.run_position_check (trigger: interval[0:00:05], next run at: 2026-09-17 17:34:31 +07)" executed successfully
2026-09-17 17:34:26,761 INFO apscheduler.executors.default: Running job "main.<locals>.run_trail_sl (trigger: interval[0:00:05], next run at: 2026-09-17 17:34:31 +07)" (scheduled at 2026-09-17 17:34:26.713136+07:00)
2026-09-17 17:34:26,763 INFO apscheduler.executors.default: Job "main.<locals>.run_trail_sl (trigger: interval[0:00:05], next run at: 2026-09-17 17:34:31 +07)" executed successfully
2026-09-17 17:34:26,763 INFO apscheduler.executors.default: Running job "main.<locals>.save_bot_state_job (trigger: interval[0:00:15], next run at: 2026-09-17 17:34:41 +07)" (scheduled at 2026-09-17 17:34:26.714136+07:00)
2026-09-17 17:34:26,769 INFO apscheduler.executors.default: Job "main.<locals>.save_bot_state_job (trigger: interval[0:00:15], next run at: 2026-09-17 17:34:41 +07)" executed successfully
2026-09-17 17:34:26,846 INFO apscheduler.executors.default: Job "main.<locals>.run_scan (trigger: cron[second='1,6,11,16,21,26,31,36,41,46,51,56'], next run at: 2026-09-17 17:34:31 +07)" executed successfully
2026-09-17 17:34:31,000 INFO apscheduler.executors.default: Running job "main.<locals>.run_scan (trigger: cron[second='1,6,11,16,21,26,31,36,41,46,51,56'], next run at: 2026-09-17 17:34:36 +07)" (scheduled at 2026-09-17 17:34:31+07:00)
2026-09-17 17:34:31,726 INFO apscheduler.executors.default: Running job "main.<locals>.run_lts_aus_fast_scan (trigger: interval[0:00:05], next run at: 2026-09-17 17:34:36 +07)" (scheduled at 2026-09-17 17:34:31.713136+07:00)
2026-09-17 17:34:31,727 INFO apscheduler.executors.default: Job "main.<locals>.run_lts_aus_fast_scan (trigger: interval[0:00:05], next run at: 2026-09-17 17:34:36 +07)" executed successfully
2026-09-17 17:34:31,727 INFO apscheduler.executors.default: Running job "main.<locals>.run_position_check (trigger: interval[0:00:05], next run at: 2026-09-17 17:34:36 +07)" (scheduled at 2026-09-17 17:34:31.713136+07:00)
2026-09-17 17:34:31,768 INFO apscheduler.executors.default: Job "main.<locals>.run_position_check (trigger: interval[0:00:05], next run at: 2026-09-17 17:34:36 +07)" executed successfully
2026-09-17 17:34:31,769 INFO apscheduler.executors.default: Running job "main.<locals>.run_trail_sl (trigger: interval[0:00:05], next run at: 2026-09-17 17:34:36 +07)" (scheduled at 2026-09-17 17:34:31.713136+07:00)
2026-09-17 17:34:31,770 INFO apscheduler.executors.default: Job "main.<locals>.run_trail_sl (trigger: interval[0:00:05], next run at: 2026-09-17 17:34:36 +07)" executed successfully
2026-09-17 17:34:31,810 INFO apscheduler.executors.default: Job "main.<locals>.run_scan (trigger: cron[second='1,6,11,16,21,26,31,36,41,46,51,56'], next run at: 2026-09-17 17:34:36 +07)" executed successfully
2026-09-17 17:34:33,020 INFO httpx: HTTP Request: POST https://api.telegram.org/bot8698852591:AAGLSZSQhC0W0KP9ZeZ9Gkr6k-NFoghMC68/getUpdates "HTTP/1.1 200 OK"
2026-09-17 17:34:36,015 INFO apscheduler.executors.default: Running job "main.<locals>.run_scan (trigger: cron[second='1,6,11,16,21,26,31,36,41,46,51,56'], next run at: 2026-09-17 17:34:41 +07)" (scheduled at 2026-09-17 17:34:36+07:00)
2026-09-17 17:34:36,729 INFO apscheduler.executors.default: Running job "main.<locals>.run_lts_aus_fast_scan (trigger: interval[0:00:05], next run at: 2026-09-17 17:34:41 +07)" (scheduled at 2026-09-17 17:34:36.713136+07:00)
2026-09-17 17:34:36,729 INFO apscheduler.executors.default: Job "main.<locals>.run_lts_aus_fast_scan (trigger: interval[0:00:05], next run at: 2026-09-17 17:34:41 +07)" executed successfully
2026-09-17 17:34:36,730 INFO apscheduler.executors.default: Running job "main.<locals>.run_position_check (trigger: interval[0:00:05], next run at: 2026-09-17 17:34:41 +07)" (scheduled at 2026-09-17 17:34:36.713136+07:00)
2026-09-17 17:34:36,781 INFO apscheduler.executors.default: Job "main.<locals>.run_position_check (trigger: interval[0:00:05], next run at: 2026-09-17 17:34:41 +07)" executed successfully
2026-09-17 17:34:36,782 INFO apscheduler.executors.default: Running job "main.<locals>.run_trail_sl (trigger: interval[0:00:05], next run at: 2026-09-17 17:34:41 +07)" (scheduled at 2026-09-17 17:34:36.713136+07:00)
2026-09-17 17:34:36,783 INFO apscheduler.executors.default: Job "main.<locals>.run_trail_sl (trigger: interval[0:00:05], next run at: 2026-09-17 17:34:41 +07)" executed successfully
2026-09-17 17:34:36,817 INFO apscheduler.executors.default: Job "main.<locals>.run_scan (trigger: cron[second='1,6,11,16,21,26,31,36,41,46,51,56'], next run at: 2026-09-17 17:34:41 +07)" executed successfully
2026-09-17 17:34:40,725 INFO apscheduler.executors.default: Running job "main.<locals>.write_heartbeat_job (trigger: interval[0:00:15], next run at: 2026-09-17 17:34:55 +07)" (scheduled at 2026-09-17 17:34:40.715137+07:00)
2026-09-17 17:34:40,728 INFO apscheduler.executors.default: Job "main.<locals>.write_heartbeat_job (trigger: interval[0:00:15], next run at: 2026-09-17 17:34:55 +07)" executed successfully
2026-09-17 17:34:41,020 INFO apscheduler.executors.default: Running job "main.<locals>.run_scan (trigger: cron[second='1,6,11,16,21,26,31,36,41,46,51,56'], next run at: 2026-09-17 17:34:46 +07)" (scheduled at 2026-09-17 17:34:41+07:00)
2026-09-17 17:34:41,717 INFO apscheduler.executors.default: Running job "main.<locals>.run_lts_aus_fast_scan (trigger: interval[0:00:05], next run at: 2026-09-17 17:34:46 +07)" (scheduled at 2026-09-17 17:34:41.713136+07:00)
2026-09-17 17:34:41,718 INFO apscheduler.executors.default: Job "main.<locals>.run_lts_aus_fast_scan (trigger: interval[0:00:05], next run at: 2026-09-17 17:34:46 +07)" executed successfully
2026-09-17 17:34:41,719 INFO apscheduler.executors.default: Running job "main.<locals>.run_position_check (trigger: interval[0:00:05], next run at: 2026-09-17 17:34:46 +07)" (scheduled at 2026-09-17 17:34:41.713136+07:00)
2026-09-17 17:34:41,760 INFO apscheduler.executors.default: Job "main.<locals>.run_position_check (trigger: interval[0:00:05], next run at: 2026-09-17 17:34:46 +07)" executed successfully
2026-09-17 17:34:41,761 INFO apscheduler.executors.default: Running job "main.<locals>.run_trail_sl (trigger: interval[0:00:05], next run at: 2026-09-17 17:34:46 +07)" (scheduled at 2026-09-17 17:34:41.713136+07:00)
2026-09-17 17:34:41,762 INFO apscheduler.executors.default: Job "main.<locals>.run_trail_sl (trigger: interval[0:00:05], next run at: 2026-09-17 17:34:46 +07)" executed successfully
2026-09-17 17:34:41,763 INFO apscheduler.executors.default: Running job "main.<locals>.save_bot_state_job (trigger: interval[0:00:15], next run at: 2026-09-17 17:34:56 +07)" (scheduled at 2026-09-17 17:34:41.714136+07:00)
2026-09-17 17:34:41,768 INFO apscheduler.executors.default: Job "main.<locals>.save_bot_state_job (trigger: interval[0:00:15], next run at: 2026-09-17 17:34:56 +07)" executed successfully
2026-09-17 17:34:41,838 INFO apscheduler.executors.default: Job "main.<locals>.run_scan (trigger: cron[second='1,6,11,16,21,26,31,36,41,46,51,56'], next run at: 2026-09-17 17:34:46 +07)" executed successfully
2026-09-17 17:34:43,213 INFO httpx: HTTP Request: POST https://api.telegram.org/bot8698852591:AAGLSZSQhC0W0KP9ZeZ9Gkr6k-NFoghMC68/getUpdates "HTTP/1.1 200 OK"
2026-09-17 17:34:46,010 INFO apscheduler.executors.default: Running job "main.<locals>.run_scan (trigger: cron[second='1,6,11,16,21,26,31,36,41,46,51,56'], next run at: 2026-09-17 17:34:51 +07)" (scheduled at 2026-09-17 17:34:46+07:00)
2026-09-17 17:34:46,718 INFO apscheduler.executors.default: Running job "main.<locals>.run_lts_aus_fast_scan (trigger: interval[0:00:05], next run at: 2026-09-17 17:34:51 +07)" (scheduled at 2026-09-17 17:34:46.713136+07:00)
2026-09-17 17:34:46,718 INFO apscheduler.executors.default: Job "main.<locals>.run_lts_aus_fast_scan (trigger: interval[0:00:05], next run at: 2026-09-17 17:34:51 +07)" executed successfully
2026-09-17 17:34:46,718 INFO apscheduler.executors.default: Running job "main.<locals>.run_position_check (trigger: interval[0:00:05], next run at: 2026-09-17 17:34:51 +07)" (scheduled at 2026-09-17 17:34:46.713136+07:00)
2026-09-17 17:34:46,766 INFO apscheduler.executors.default: Job "main.<locals>.run_position_check (trigger: interval[0:00:05], next run at: 2026-09-17 17:34:51 +07)" executed successfully
2026-09-17 17:34:46,766 INFO apscheduler.executors.default: Running job "main.<locals>.run_trail_sl (trigger: interval[0:00:05], next run at: 2026-09-17 17:34:51 +07)" (scheduled at 2026-09-17 17:34:46.713136+07:00)
2026-09-17 17:34:46,768 INFO apscheduler.executors.default: Job "main.<locals>.run_trail_sl (trigger: interval[0:00:05], next run at: 2026-09-17 17:34:51 +07)" executed successfully
2026-09-17 17:34:46,828 INFO apscheduler.executors.default: Job "main.<locals>.run_scan (trigger: cron[second='1,6,11,16,21,26,31,36,41,46,51,56'], next run at: 2026-09-17 17:34:51 +07)" executed successfully
2026-09-17 17:34:51,003 INFO apscheduler.executors.default: Running job "main.<locals>.run_scan (trigger: cron[second='1,6,11,16,21,26,31,36,41,46,51,56'], next run at: 2026-09-17 17:34:56 +07)" (scheduled at 2026-09-17 17:34:51+07:00)
2026-09-17 17:34:51,718 INFO apscheduler.executors.default: Running job "main.<locals>.run_lts_aus_fast_scan (trigger: interval[0:00:05], next run at: 2026-09-17 17:34:56 +07)" (scheduled at 2026-09-17 17:34:51.713136+07:00)
2026-09-17 17:34:51,719 INFO apscheduler.executors.default: Job "main.<locals>.run_lts_aus_fast_scan (trigger: interval[0:00:05], next run at: 2026-09-17 17:34:56 +07)" executed successfully
2026-09-17 17:34:51,720 INFO apscheduler.executors.default: Running job "main.<locals>.run_position_check (trigger: interval[0:00:05], next run at: 2026-09-17 17:34:56 +07)" (scheduled at 2026-09-17 17:34:51.713136+07:00)
2026-09-17 17:34:51,767 INFO apscheduler.executors.default: Job "main.<locals>.run_position_check (trigger: interval[0:00:05], next run at: 2026-09-17 17:34:56 +07)" executed successfully
2026-09-17 17:34:51,767 INFO apscheduler.executors.default: Running job "main.<locals>.run_trail_sl (trigger: interval[0:00:05], next run at: 2026-09-17 17:34:56 +07)" (scheduled at 2026-09-17 17:34:51.713136+07:00)
2026-09-17 17:34:51,770 INFO apscheduler.executors.default: Job "main.<locals>.run_trail_sl (trigger: interval[0:00:05], next run at: 2026-09-17 17:34:56 +07)" executed successfully
2026-09-17 17:34:51,835 INFO apscheduler.executors.default: Job "main.<locals>.run_scan (trigger: cron[second='1,6,11,16,21,26,31,36,41,46,51,56'], next run at: 2026-09-17 17:34:56 +07)" executed successfully
2026-09-17 17:34:53,407 INFO httpx: HTTP Request: POST https://api.telegram.org/bot8698852591:AAGLSZSQhC0W0KP9ZeZ9Gkr6k-NFoghMC68/getUpdates "HTTP/1.1 200 OK"
2026-09-17 17:34:55,729 INFO apscheduler.executors.default: Running job "main.<locals>.write_heartbeat_job (trigger: interval[0:00:15], next run at: 2026-09-17 17:35:10 +07)" (scheduled at 2026-09-17 17:34:55.715137+07:00)
2026-09-17 17:34:55,732 INFO apscheduler.executors.default: Job "main.<locals>.write_heartbeat_job (trigger: interval[0:00:15], next run at: 2026-09-17 17:35:10 +07)" executed successfully
2026-09-17 17:34:56,008 INFO apscheduler.executors.default: Running job "main.<locals>.run_scan (trigger: cron[second='1,6,11,16,21,26,31,36,41,46,51,56'], next run at: 2026-09-17 17:35:01 +07)" (scheduled at 2026-09-17 17:34:56+07:00)
2026-09-17 17:34:56,728 INFO apscheduler.executors.default: Running job "main.<locals>.check_symbol_switch (trigger: interval[0:01:00], next run at: 2026-09-17 17:35:56 +07)" (scheduled at 2026-09-17 17:34:56.709584+07:00)
2026-09-17 17:34:56,748 INFO apscheduler.executors.default: Job "main.<locals>.check_symbol_switch (trigger: interval[0:01:00], next run at: 2026-09-17 17:35:56 +07)" executed successfully
2026-09-17 17:34:56,749 INFO apscheduler.executors.default: Running job "main.<locals>.run_lts_aus_fast_scan (trigger: interval[0:00:05], next run at: 2026-09-17 17:35:01 +07)" (scheduled at 2026-09-17 17:34:56.713136+07:00)
2026-09-17 17:34:56,750 INFO apscheduler.executors.default: Job "main.<locals>.run_lts_aus_fast_scan (trigger: interval[0:00:05], next run at: 2026-09-17 17:35:01 +07)" executed successfully
2026-09-17 17:34:56,751 INFO apscheduler.executors.default: Running job "main.<locals>.run_position_check (trigger: interval[0:00:05], next run at: 2026-09-17 17:35:01 +07)" (scheduled at 2026-09-17 17:34:56.713136+07:00)
2026-09-17 17:34:56,796 INFO apscheduler.executors.default: Job "main.<locals>.run_position_check (trigger: interval[0:00:05], next run at: 2026-09-17 17:35:01 +07)" executed successfully
2026-09-17 17:34:56,798 INFO apscheduler.executors.default: Running job "main.<locals>.run_trail_sl (trigger: interval[0:00:05], next run at: 2026-09-17 17:35:01 +07)" (scheduled at 2026-09-17 17:34:56.713136+07:00)
2026-09-17 17:34:56,799 INFO apscheduler.executors.default: Job "main.<locals>.run_trail_sl (trigger: interval[0:00:05], next run at: 2026-09-17 17:35:01 +07)" executed successfully
2026-09-17 17:34:56,800 INFO apscheduler.executors.default: Running job "main.<locals>.save_bot_state_job (trigger: interval[0:00:15], next run at: 2026-09-17 17:35:11 +07)" (scheduled at 2026-09-17 17:34:56.714136+07:00)
2026-09-17 17:34:56,805 INFO apscheduler.executors.default: Job "main.<locals>.save_bot_state_job (trigger: interval[0:00:15], next run at: 2026-09-17 17:35:11 +07)" executed successfully
2026-09-17 17:34:56,808 INFO apscheduler.executors.default: Running job "main.<locals>.run_watchdog (trigger: interval[0:01:00], next run at: 2026-09-17 17:35:56 +07)" (scheduled at 2026-09-17 17:34:56.715137+07:00)
2026-09-17 17:34:56,816 INFO apscheduler.executors.default: Job "main.<locals>.run_watchdog (trigger: interval[0:01:00], next run at: 2026-09-17 17:35:56 +07)" executed successfully
2026-09-17 17:34:56,832 INFO apscheduler.executors.default: Job "main.<locals>.run_scan (trigger: cron[second='1,6,11,16,21,26,31,36,41,46,51,56'], next run at: 2026-09-17 17:35:01 +07)" executed successfully
2026-09-17 17:35:01,015 INFO apscheduler.executors.default: Running job "main.<locals>.run_scan (trigger: cron[second='1,6,11,16,21,26,31,36,41,46,51,56'], next run at: 2026-09-17 17:35:06 +07)" (scheduled at 2026-09-17 17:35:01+07:00)
2026-09-17 17:35:01,728 INFO apscheduler.executors.default: Running job "main.<locals>.run_lts_aus_fast_scan (trigger: interval[0:00:05], next run at: 2026-09-17 17:35:06 +07)" (scheduled at 2026-09-17 17:35:01.713136+07:00)
2026-09-17 17:35:01,730 INFO apscheduler.executors.default: Job "main.<locals>.run_lts_aus_fast_scan (trigger: interval[0:00:05], next run at: 2026-09-17 17:35:06 +07)" executed successfully
2026-09-17 17:35:01,731 INFO apscheduler.executors.default: Running job "main.<locals>.run_position_check (trigger: interval[0:00:05], next run at: 2026-09-17 17:35:06 +07)" (scheduled at 2026-09-17 17:35:01.713136+07:00)
2026-09-17 17:35:01,781 INFO apscheduler.executors.default: Job "main.<locals>.run_position_check (trigger: interval[0:00:05], next run at: 2026-09-17 17:35:06 +07)" executed successfully
2026-09-17 17:35:01,781 INFO apscheduler.executors.default: Running job "main.<locals>.run_trail_sl (trigger: interval[0:00:05], next run at: 2026-09-17 17:35:06 +07)" (scheduled at 2026-09-17 17:35:01.713136+07:00)
2026-09-17 17:35:01,783 INFO apscheduler.executors.default: Job "main.<locals>.run_trail_sl (trigger: interval[0:00:05], next run at: 2026-09-17 17:35:06 +07)" executed successfully
2026-09-17 17:35:01,882 INFO apscheduler.executors.default: Job "main.<locals>.run_scan (trigger: cron[second='1,6,11,16,21,26,31,36,41,46,51,56'], next run at: 2026-09-17 17:35:06 +07)" executed successfully
2026-09-17 17:35:03,601 INFO httpx: HTTP Request: POST https://api.telegram.org/bot8698852591:AAGLSZSQhC0W0KP9ZeZ9Gkr6k-NFoghMC68/getUpdates "HTTP/1.1 200 OK"
2026-09-17 17:35:06,013 INFO apscheduler.executors.default: Running job "main.<locals>.run_scan (trigger: cron[second='1,6,11,16,21,26,31,36,41,46,51,56'], next run at: 2026-09-17 17:35:11 +07)" (scheduled at 2026-09-17 17:35:06+07:00)
2026-09-17 17:35:06,720 INFO apscheduler.executors.default: Running job "main.<locals>.run_lts_aus_fast_scan (trigger: interval[0:00:05], next run at: 2026-09-17 17:35:11 +07)" (scheduled at 2026-09-17 17:35:06.713136+07:00)
2026-09-17 17:35:06,722 INFO apscheduler.executors.default: Job "main.<locals>.run_lts_aus_fast_scan (trigger: interval[0:00:05], next run at: 2026-09-17 17:35:11 +07)" executed successfully
2026-09-17 17:35:06,722 INFO apscheduler.executors.default: Running job "main.<locals>.run_position_check (trigger: interval[0:00:05], next run at: 2026-09-17 17:35:11 +07)" (scheduled at 2026-09-17 17:35:06.713136+07:00)
2026-09-17 17:35:06,765 INFO apscheduler.executors.default: Job "main.<locals>.run_position_check (trigger: interval[0:00:05], next run at: 2026-09-17 17:35:11 +07)" executed successfully
2026-09-17 17:35:06,767 INFO apscheduler.executors.default: Running job "main.<locals>.run_trail_sl (trigger: interval[0:00:05], next run at: 2026-09-17 17:35:11 +07)" (scheduled at 2026-09-17 17:35:06.713136+07:00)
2026-09-17 17:35:06,769 INFO apscheduler.executors.default: Job "main.<locals>.run_trail_sl (trigger: interval[0:00:05], next run at: 2026-09-17 17:35:11 +07)" executed successfully
2026-09-17 17:35:07,091 INFO apscheduler.executors.default: Job "main.<locals>.run_scan (trigger: cron[second='1,6,11,16,21,26,31,36,41,46,51,56'], next run at: 2026-09-17 17:35:11 +07)" executed successfully
2026-09-17 17:35:10,728 INFO apscheduler.executors.default: Running job "main.<locals>.write_heartbeat_job (trigger: interval[0:00:15], next run at: 2026-09-17 17:35:25 +07)" (scheduled at 2026-09-17 17:35:10.715137+07:00)
2026-09-17 17:35:10,731 INFO apscheduler.executors.default: Job "main.<locals>.write_heartbeat_job (trigger: interval[0:00:15], next run at: 2026-09-17 17:35:25 +07)" executed successfully
2026-09-17 17:35:11,009 INFO apscheduler.executors.default: Running job "main.<locals>.run_scan (trigger: cron[second='1,6,11,16,21,26,31,36,41,46,51,56'], next run at: 2026-09-17 17:35:16 +07)" (scheduled at 2026-09-17 17:35:11+07:00)
2026-09-17 17:35:11,716 INFO apscheduler.executors.default: Running job "main.<locals>.run_lts_aus_fast_scan (trigger: interval[0:00:05], next run at: 2026-09-17 17:35:16 +07)" (scheduled at 2026-09-17 17:35:11.713136+07:00)
2026-09-17 17:35:11,717 INFO apscheduler.executors.default: Job "main.<locals>.run_lts_aus_fast_scan (trigger: interval[0:00:05], next run at: 2026-09-17 17:35:16 +07)" executed successfully
2026-09-17 17:35:11,718 INFO apscheduler.executors.default: Running job "main.<locals>.run_position_check (trigger: interval[0:00:05], next run at: 2026-09-17 17:35:16 +07)" (scheduled at 2026-09-17 17:35:11.713136+07:00)
2026-09-17 17:35:11,760 INFO apscheduler.executors.default: Job "main.<locals>.run_position_check (trigger: interval[0:00:05], next run at: 2026-09-17 17:35:16 +07)" executed successfully
2026-09-17 17:35:11,761 INFO apscheduler.executors.default: Running job "main.<locals>.run_trail_sl (trigger: interval[0:00:05], next run at: 2026-09-17 17:35:16 +07)" (scheduled at 2026-09-17 17:35:11.713136+07:00)
2026-09-17 17:35:11,763 INFO apscheduler.executors.default: Job "main.<locals>.run_trail_sl (trigger: interval[0:00:05], next run at: 2026-09-17 17:35:16 +07)" executed successfully
2026-09-17 17:35:11,763 INFO apscheduler.executors.default: Running job "main.<locals>.save_bot_state_job (trigger: interval[0:00:15], next run at: 2026-09-17 17:35:26 +07)" (scheduled at 2026-09-17 17:35:11.714136+07:00)
2026-09-17 17:35:11,769 INFO apscheduler.executors.default: Job "main.<locals>.save_bot_state_job (trigger: interval[0:00:15], next run at: 2026-09-17 17:35:26 +07)" executed successfully
2026-09-17 17:35:11,878 INFO apscheduler.executors.default: Job "main.<locals>.run_scan (trigger: cron[second='1,6,11,16,21,26,31,36,41,46,51,56'], next run at: 2026-09-17 17:35:16 +07)" executed successfully
2026-09-17 17:35:13,802 INFO httpx: HTTP Request: POST https://api.telegram.org/bot8698852591:AAGLSZSQhC0W0KP9ZeZ9Gkr6k-NFoghMC68/getUpdates "HTTP/1.1 200 OK"
2026-09-17 17:35:16,002 INFO apscheduler.executors.default: Running job "main.<locals>.run_scan (trigger: cron[second='1,6,11,16,21,26,31,36,41,46,51,56'], next run at: 2026-09-17 17:35:21 +07)" (scheduled at 2026-09-17 17:35:16+07:00)
2026-09-17 17:35:16,715 INFO apscheduler.executors.default: Running job "main.<locals>.run_lts_aus_fast_scan (trigger: interval[0:00:05], next run at: 2026-09-17 17:35:21 +07)" (scheduled at 2026-09-17 17:35:16.713136+07:00)
2026-09-17 17:35:16,715 INFO apscheduler.executors.default: Job "main.<locals>.run_lts_aus_fast_scan (trigger: interval[0:00:05], next run at: 2026-09-17 17:35:21 +07)" executed successfully
2026-09-17 17:35:16,716 INFO apscheduler.executors.default: Running job "main.<locals>.run_position_check (trigger: interval[0:00:05], next run at: 2026-09-17 17:35:21 +07)" (scheduled at 2026-09-17 17:35:16.713136+07:00)
2026-09-17 17:35:16,765 INFO apscheduler.executors.default: Job "main.<locals>.run_position_check (trigger: interval[0:00:05], next run at: 2026-09-17 17:35:21 +07)" executed successfully
2026-09-17 17:35:16,765 INFO apscheduler.executors.default: Running job "main.<locals>.run_trail_sl (trigger: interval[0:00:05], next run at: 2026-09-17 17:35:21 +07)" (scheduled at 2026-09-17 17:35:16.713136+07:00)
2026-09-17 17:35:16,767 INFO apscheduler.executors.default: Job "main.<locals>.run_trail_sl (trigger: interval[0:00:05], next run at: 2026-09-17 17:35:21 +07)" executed successfully
2026-09-17 17:35:17,108 INFO apscheduler.executors.default: Job "main.<locals>.run_scan (trigger: cron[second='1,6,11,16,21,26,31,36,41,46,51,56'], next run at: 2026-09-17 17:35:21 +07)" executed successfully
2026-09-17 17:35:21,018 INFO apscheduler.executors.default: Running job "main.<locals>.run_scan (trigger: cron[second='1,6,11,16,21,26,31,36,41,46,51,56'], next run at: 2026-09-17 17:35:26 +07)" (scheduled at 2026-09-17 17:35:21+07:00)
2026-09-17 17:35:21,720 INFO apscheduler.executors.default: Running job "main.<locals>.run_lts_aus_fast_scan (trigger: interval[0:00:05], next run at: 2026-09-17 17:35:26 +07)" (scheduled at 2026-09-17 17:35:21.713136+07:00)
2026-09-17 17:35:21,721 INFO apscheduler.executors.default: Job "main.<locals>.run_lts_aus_fast_scan (trigger: interval[0:00:05], next run at: 2026-09-17 17:35:26 +07)" executed successfully
2026-09-17 17:35:21,721 INFO apscheduler.executors.default: Running job "main.<locals>.run_position_check (trigger: interval[0:00:05], next run at: 2026-09-17 17:35:26 +07)" (scheduled at 2026-09-17 17:35:21.713136+07:00)
2026-09-17 17:35:21,763 INFO apscheduler.executors.default: Job "main.<locals>.run_position_check (trigger: interval[0:00:05], next run at: 2026-09-17 17:35:26 +07)" executed successfully
2026-09-17 17:35:21,764 INFO apscheduler.executors.default: Running job "main.<locals>.run_trail_sl (trigger: interval[0:00:05], next run at: 2026-09-17 17:35:26 +07)" (scheduled at 2026-09-17 17:35:21.713136+07:00)
2026-09-17 17:35:21,766 INFO apscheduler.executors.default: Job "main.<locals>.run_trail_sl (trigger: interval[0:00:05], next run at: 2026-09-17 17:35:26 +07)" executed successfully
2026-09-17 17:35:21,823 INFO apscheduler.executors.default: Job "main.<locals>.run_scan (trigger: cron[second='1,6,11,16,21,26,31,36,41,46,51,56'], next run at: 2026-09-17 17:35:26 +07)" executed successfully
2026-09-17 17:35:24,000 INFO httpx: HTTP Request: POST https://api.telegram.org/bot8698852591:AAGLSZSQhC0W0KP9ZeZ9Gkr6k-NFoghMC68/getUpdates "HTTP/1.1 200 OK"
2026-09-17 17:35:25,726 INFO apscheduler.executors.default: Running job "main.<locals>.write_heartbeat_job (trigger: interval[0:00:15], next run at: 2026-09-17 17:35:40 +07)" (scheduled at 2026-09-17 17:35:25.715137+07:00)
2026-09-17 17:35:25,729 INFO apscheduler.executors.default: Job "main.<locals>.write_heartbeat_job (trigger: interval[0:00:15], next run at: 2026-09-17 17:35:40 +07)" executed successfully
2026-09-17 17:35:26,008 INFO apscheduler.executors.default: Running job "main.<locals>.run_scan (trigger: cron[second='1,6,11,16,21,26,31,36,41,46,51,56'], next run at: 2026-09-17 17:35:31 +07)" (scheduled at 2026-09-17 17:35:26+07:00)
2026-09-17 17:35:26,721 INFO apscheduler.executors.default: Running job "main.<locals>.run_lts_aus_fast_scan (trigger: interval[0:00:05], next run at: 2026-09-17 17:35:31 +07)" (scheduled at 2026-09-17 17:35:26.713136+07:00)
2026-09-17 17:35:26,722 INFO apscheduler.executors.default: Job "main.<locals>.run_lts_aus_fast_scan (trigger: interval[0:00:05], next run at: 2026-09-17 17:35:31 +07)" executed successfully
2026-09-17 17:35:26,723 INFO apscheduler.executors.default: Running job "main.<locals>.run_position_check (trigger: interval[0:00:05], next run at: 2026-09-17 17:35:31 +07)" (scheduled at 2026-09-17 17:35:26.713136+07:00)
2026-09-17 17:35:26,764 INFO apscheduler.executors.default: Job "main.<locals>.run_position_check (trigger: interval[0:00:05], next run at: 2026-09-17 17:35:31 +07)" executed successfully
2026-09-17 17:35:26,765 INFO apscheduler.executors.default: Running job "main.<locals>.run_trail_sl (trigger: interval[0:00:05], next run at: 2026-09-17 17:35:31 +07)" (scheduled at 2026-09-17 17:35:26.713136+07:00)
2026-09-17 17:35:26,767 INFO apscheduler.executors.default: Job "main.<locals>.run_trail_sl (trigger: interval[0:00:05], next run at: 2026-09-17 17:35:31 +07)" executed successfully
2026-09-17 17:35:26,768 INFO apscheduler.executors.default: Running job "main.<locals>.save_bot_state_job (trigger: interval[0:00:15], next run at: 2026-09-17 17:35:41 +07)" (scheduled at 2026-09-17 17:35:26.714136+07:00)
2026-09-17 17:35:26,773 INFO apscheduler.executors.default: Job "main.<locals>.save_bot_state_job (trigger: interval[0:00:15], next run at: 2026-09-17 17:35:41 +07)" executed successfully
2026-09-17 17:35:26,821 INFO apscheduler.executors.default: Job "main.<locals>.run_scan (trigger: cron[second='1,6,11,16,21,26,31,36,41,46,51,56'], next run at: 2026-09-17 17:35:31 +07)" executed successfully
2026-09-17 17:35:31,008 INFO apscheduler.executors.default: Running job "main.<locals>.run_scan (trigger: cron[second='1,6,11,16,21,26,31,36,41,46,51,56'], next run at: 2026-09-17 17:35:36 +07)" (scheduled at 2026-09-17 17:35:31+07:00)
2026-09-17 17:35:31,723 INFO apscheduler.executors.default: Running job "main.<locals>.run_lts_aus_fast_scan (trigger: interval[0:00:05], next run at: 2026-09-17 17:35:36 +07)" (scheduled at 2026-09-17 17:35:31.713136+07:00)
2026-09-17 17:35:31,724 INFO apscheduler.executors.default: Job "main.<locals>.run_lts_aus_fast_scan (trigger: interval[0:00:05], next run at: 2026-09-17 17:35:36 +07)" executed successfully
2026-09-17 17:35:31,724 INFO apscheduler.executors.default: Running job "main.<locals>.run_position_check (trigger: interval[0:00:05], next run at: 2026-09-17 17:35:36 +07)" (scheduled at 2026-09-17 17:35:31.713136+07:00)
2026-09-17 17:35:31,765 INFO apscheduler.executors.default: Job "main.<locals>.run_position_check (trigger: interval[0:00:05], next run at: 2026-09-17 17:35:36 +07)" executed successfully
2026-09-17 17:35:31,766 INFO apscheduler.executors.default: Running job "main.<locals>.run_trail_sl (trigger: interval[0:00:05], next run at: 2026-09-17 17:35:36 +07)" (scheduled at 2026-09-17 17:35:31.713136+07:00)
2026-09-17 17:35:31,768 INFO apscheduler.executors.default: Job "main.<locals>.run_trail_sl (trigger: interval[0:00:05], next run at: 2026-09-17 17:35:36 +07)" executed successfully
2026-09-17 17:35:31,805 INFO apscheduler.executors.default: Job "main.<locals>.run_scan (trigger: cron[second='1,6,11,16,21,26,31,36,41,46,51,56'], next run at: 2026-09-17 17:35:36 +07)" executed successfully
2026-09-17 17:35:34,197 INFO httpx: HTTP Request: POST https://api.telegram.org/bot8698852591:AAGLSZSQhC0W0KP9ZeZ9Gkr6k-NFoghMC68/getUpdates "HTTP/1.1 200 OK"
2026-09-17 17:35:36,016 INFO apscheduler.executors.default: Running job "main.<locals>.run_scan (trigger: cron[second='1,6,11,16,21,26,31,36,41,46,51,56'], next run at: 2026-09-17 17:35:41 +07)" (scheduled at 2026-09-17 17:35:36+07:00)
2026-09-17 17:35:36,722 INFO apscheduler.executors.default: Running job "main.<locals>.run_lts_aus_fast_scan (trigger: interval[0:00:05], next run at: 2026-09-17 17:35:41 +07)" (scheduled at 2026-09-17 17:35:36.713136+07:00)
2026-09-17 17:35:36,725 INFO apscheduler.executors.default: Job "main.<locals>.run_lts_aus_fast_scan (trigger: interval[0:00:05], next run at: 2026-09-17 17:35:41 +07)" executed successfully
2026-09-17 17:35:36,726 INFO apscheduler.executors.default: Running job "main.<locals>.run_position_check (trigger: interval[0:00:05], next run at: 2026-09-17 17:35:41 +07)" (scheduled at 2026-09-17 17:35:36.713136+07:00)
2026-09-17 17:35:36,785 INFO apscheduler.executors.default: Job "main.<locals>.run_position_check (trigger: interval[0:00:05], next run at: 2026-09-17 17:35:41 +07)" executed successfully
2026-09-17 17:35:36,786 INFO apscheduler.executors.default: Running job "main.<locals>.run_trail_sl (trigger: interval[0:00:05], next run at: 2026-09-17 17:35:41 +07)" (scheduled at 2026-09-17 17:35:36.713136+07:00)
2026-09-17 17:35:36,788 INFO apscheduler.executors.default: Job "main.<locals>.run_trail_sl (trigger: interval[0:00:05], next run at: 2026-09-17 17:35:41 +07)" executed successfully
2026-09-17 17:35:37,291 INFO apscheduler.executors.default: Job "main.<locals>.run_scan (trigger: cron[second='1,6,11,16,21,26,31,36,41,46,51,56'], next run at: 2026-09-17 17:35:41 +07)" executed successfully
2026-09-17 17:35:40,738 INFO apscheduler.executors.default: Running job "main.<locals>.write_heartbeat_job (trigger: interval[0:00:15], next run at: 2026-09-17 17:35:55 +07)" (scheduled at 2026-09-17 17:35:40.715137+07:00)
2026-09-17 17:35:40,741 INFO apscheduler.executors.default: Job "main.<locals>.write_heartbeat_job (trigger: interval[0:00:15], next run at: 2026-09-17 17:35:55 +07)" executed successfully
2026-09-17 17:35:41,014 INFO apscheduler.executors.default: Running job "main.<locals>.run_scan (trigger: cron[second='1,6,11,16,21,26,31,36,41,46,51,56'], next run at: 2026-09-17 17:35:46 +07)" (scheduled at 2026-09-17 17:35:41+07:00)
2026-09-17 17:35:41,724 INFO apscheduler.executors.default: Running job "main.<locals>.run_lts_aus_fast_scan (trigger: interval[0:00:05], next run at: 2026-09-17 17:35:46 +07)" (scheduled at 2026-09-17 17:35:41.713136+07:00)
2026-09-17 17:35:41,724 INFO apscheduler.executors.default: Job "main.<locals>.run_lts_aus_fast_scan (trigger: interval[0:00:05], next run at: 2026-09-17 17:35:46 +07)" executed successfully
2026-09-17 17:35:41,725 INFO apscheduler.executors.default: Running job "main.<locals>.run_position_check (trigger: interval[0:00:05], next run at: 2026-09-17 17:35:46 +07)" (scheduled at 2026-09-17 17:35:41.713136+07:00)
2026-09-17 17:35:41,781 INFO apscheduler.executors.default: Job "main.<locals>.run_position_check (trigger: interval[0:00:05], next run at: 2026-09-17 17:35:46 +07)" executed successfully
2026-09-17 17:35:41,781 INFO apscheduler.executors.default: Running job "main.<locals>.run_trail_sl (trigger: interval[0:00:05], next run at: 2026-09-17 17:35:46 +07)" (scheduled at 2026-09-17 17:35:41.713136+07:00)
2026-09-17 17:35:41,784 INFO apscheduler.executors.default: Job "main.<locals>.run_trail_sl (trigger: interval[0:00:05], next run at: 2026-09-17 17:35:46 +07)" executed successfully
2026-09-17 17:35:41,785 INFO apscheduler.executors.default: Running job "main.<locals>.save_bot_state_job (trigger: interval[0:00:15], next run at: 2026-09-17 17:35:56 +07)" (scheduled at 2026-09-17 17:35:41.714136+07:00)
2026-09-17 17:35:41,799 INFO apscheduler.executors.default: Job "main.<locals>.save_bot_state_job (trigger: interval[0:00:15], next run at: 2026-09-17 17:35:56 +07)" executed successfully
2026-09-17 17:35:41,923 INFO apscheduler.executors.default: Job "main.<locals>.run_scan (trigger: cron[second='1,6,11,16,21,26,31,36,41,46,51,56'], next run at: 2026-09-17 17:35:46 +07)" executed successfully
2026-09-17 17:35:44,391 INFO httpx: HTTP Request: POST https://api.telegram.org/bot8698852591:AAGLSZSQhC0W0KP9ZeZ9Gkr6k-NFoghMC68/getUpdates "HTTP/1.1 200 OK"
2026-09-17 17:35:46,001 INFO apscheduler.executors.default: Running job "main.<locals>.run_scan (trigger: cron[second='1,6,11,16,21,26,31,36,41,46,51,56'], next run at: 2026-09-17 17:35:51 +07)" (scheduled at 2026-09-17 17:35:46+07:00)
2026-09-17 17:35:46,716 INFO apscheduler.executors.default: Running job "main.<locals>.run_lts_aus_fast_scan (trigger: interval[0:00:05], next run at: 2026-09-17 17:35:51 +07)" (scheduled at 2026-09-17 17:35:46.713136+07:00)
2026-09-17 17:35:46,716 INFO apscheduler.executors.default: Job "main.<locals>.run_lts_aus_fast_scan (trigger: interval[0:00:05], next run at: 2026-09-17 17:35:51 +07)" executed successfully
2026-09-17 17:35:46,717 INFO apscheduler.executors.default: Running job "main.<locals>.run_position_check (trigger: interval[0:00:05], next run at: 2026-09-17 17:35:51 +07)" (scheduled at 2026-09-17 17:35:46.713136+07:00)
2026-09-17 17:35:46,772 INFO apscheduler.executors.default: Job "main.<locals>.run_position_check (trigger: interval[0:00:05], next run at: 2026-09-17 17:35:51 +07)" executed successfully
2026-09-17 17:35:46,773 INFO apscheduler.executors.default: Running job "main.<locals>.run_trail_sl (trigger: interval[0:00:05], next run at: 2026-09-17 17:35:51 +07)" (scheduled at 2026-09-17 17:35:46.713136+07:00)
2026-09-17 17:35:46,775 INFO apscheduler.executors.default: Job "main.<locals>.run_trail_sl (trigger: interval[0:00:05], next run at: 2026-09-17 17:35:51 +07)" executed successfully
2026-09-17 17:35:46,855 INFO httpx: HTTP Request: POST https://api.telegram.org/bot8698852591:AAGLSZSQhC0W0KP9ZeZ9Gkr6k-NFoghMC68/sendMessage "HTTP/1.1 200 OK"
2026-09-17 17:35:46,872 INFO apscheduler.executors.default: Job "main.<locals>.run_scan (trigger: cron[second='1,6,11,16,21,26,31,36,41,46,51,56'], next run at: 2026-09-17 17:35:51 +07)" executed successfully
2026-09-17 17:35:51,008 INFO apscheduler.executors.default: Running job "main.<locals>.run_scan (trigger: cron[second='1,6,11,16,21,26,31,36,41,46,51,56'], next run at: 2026-09-17 17:35:56 +07)" (scheduled at 2026-09-17 17:35:51+07:00)
2026-09-17 17:35:51,720 INFO apscheduler.executors.default: Running job "main.<locals>.run_lts_aus_fast_scan (trigger: interval[0:00:05], next run at: 2026-09-17 17:35:56 +07)" (scheduled at 2026-09-17 17:35:51.713136+07:00)
2026-09-17 17:35:51,720 INFO apscheduler.executors.default: Job "main.<locals>.run_lts_aus_fast_scan (trigger: interval[0:00:05], next run at: 2026-09-17 17:35:56 +07)" executed successfully
2026-09-17 17:35:51,721 INFO apscheduler.executors.default: Running job "main.<locals>.run_position_check (trigger: interval[0:00:05], next run at: 2026-09-17 17:35:56 +07)" (scheduled at 2026-09-17 17:35:51.713136+07:00)
2026-09-17 17:35:51,765 INFO apscheduler.executors.default: Job "main.<locals>.run_position_check (trigger: interval[0:00:05], next run at: 2026-09-17 17:35:56 +07)" executed successfully
2026-09-17 17:35:51,765 INFO apscheduler.executors.default: Running job "main.<locals>.run_trail_sl (trigger: interval[0:00:05], next run at: 2026-09-17 17:35:56 +07)" (scheduled at 2026-09-17 17:35:51.713136+07:00)
2026-09-17 17:35:51,769 INFO apscheduler.executors.default: Job "main.<locals>.run_trail_sl (trigger: interval[0:00:05], next run at: 2026-09-17 17:35:56 +07)" executed successfully
2026-09-17 17:35:51,919 INFO apscheduler.executors.default: Job "main.<locals>.run_scan (trigger: cron[second='1,6,11,16,21,26,31,36,41,46,51,56'], next run at: 2026-09-17 17:35:56 +07)" executed successfully
2026-09-17 17:35:54,586 INFO httpx: HTTP Request: POST https://api.telegram.org/bot8698852591:AAGLSZSQhC0W0KP9ZeZ9Gkr6k-NFoghMC68/getUpdates "HTTP/1.1 200 OK"
2026-09-17 17:35:55,730 INFO apscheduler.executors.default: Running job "main.<locals>.write_heartbeat_job (trigger: interval[0:00:15], next run at: 2026-09-17 17:36:10 +07)" (scheduled at 2026-09-17 17:35:55.715137+07:00)
2026-09-17 17:35:55,732 INFO apscheduler.executors.default: Job "main.<locals>.write_heartbeat_job (trigger: interval[0:00:15], next run at: 2026-09-17 17:36:10 +07)" executed successfully
2026-09-17 17:35:56,009 INFO apscheduler.executors.default: Running job "main.<locals>.run_scan (trigger: cron[second='1,6,11,16,21,26,31,36,41,46,51,56'], next run at: 2026-09-17 17:36:01 +07)" (scheduled at 2026-09-17 17:35:56+07:00)
2026-09-17 17:35:56,727 INFO apscheduler.executors.default: Running job "main.<locals>.check_symbol_switch (trigger: interval[0:01:00], next run at: 2026-09-17 17:36:56 +07)" (scheduled at 2026-09-17 17:35:56.709584+07:00)
2026-09-17 17:35:56,747 INFO apscheduler.executors.default: Job "main.<locals>.check_symbol_switch (trigger: interval[0:01:00], next run at: 2026-09-17 17:36:56 +07)" executed successfully
2026-09-17 17:35:56,747 INFO apscheduler.executors.default: Running job "main.<locals>.run_lts_aus_fast_scan (trigger: interval[0:00:05], next run at: 2026-09-17 17:36:01 +07)" (scheduled at 2026-09-17 17:35:56.713136+07:00)
2026-09-17 17:35:56,748 INFO apscheduler.executors.default: Job "main.<locals>.run_lts_aus_fast_scan (trigger: interval[0:00:05], next run at: 2026-09-17 17:36:01 +07)" executed successfully
2026-09-17 17:35:56,748 INFO apscheduler.executors.default: Running job "main.<locals>.run_position_check (trigger: interval[0:00:05], next run at: 2026-09-17 17:36:01 +07)" (scheduled at 2026-09-17 17:35:56.713136+07:00)
2026-09-17 17:35:56,794 INFO apscheduler.executors.default: Job "main.<locals>.run_position_check (trigger: interval[0:00:05], next run at: 2026-09-17 17:36:01 +07)" executed successfully
2026-09-17 17:35:56,794 INFO apscheduler.executors.default: Running job "main.<locals>.run_trail_sl (trigger: interval[0:00:05], next run at: 2026-09-17 17:36:01 +07)" (scheduled at 2026-09-17 17:35:56.713136+07:00)
2026-09-17 17:35:56,796 INFO apscheduler.executors.default: Job "main.<locals>.run_trail_sl (trigger: interval[0:00:05], next run at: 2026-09-17 17:36:01 +07)" executed successfully
2026-09-17 17:35:56,796 INFO apscheduler.executors.default: Running job "main.<locals>.save_bot_state_job (trigger: interval[0:00:15], next run at: 2026-09-17 17:36:11 +07)" (scheduled at 2026-09-17 17:35:56.714136+07:00)
2026-09-17 17:35:56,802 INFO apscheduler.executors.default: Job "main.<locals>.save_bot_state_job (trigger: interval[0:00:15], next run at: 2026-09-17 17:36:11 +07)" executed successfully
2026-09-17 17:35:56,804 INFO apscheduler.executors.default: Running job "main.<locals>.run_watchdog (trigger: interval[0:01:00], next run at: 2026-09-17 17:36:56 +07)" (scheduled at 2026-09-17 17:35:56.715137+07:00)
2026-09-17 17:35:56,818 INFO apscheduler.executors.default: Job "main.<locals>.run_watchdog (trigger: interval[0:01:00], next run at: 2026-09-17 17:36:56 +07)" executed successfully
2026-09-17 17:35:56,948 INFO apscheduler.executors.default: Job "main.<locals>.run_scan (trigger: cron[second='1,6,11,16,21,26,31,36,41,46,51,56'], next run at: 2026-09-17 17:36:01 +07)" executed successfully
2026-09-17 17:36:01,019 INFO apscheduler.executors.default: Running job "main.<locals>.run_scan (trigger: cron[second='1,6,11,16,21,26,31,36,41,46,51,56'], next run at: 2026-09-17 17:36:06 +07)" (scheduled at 2026-09-17 17:36:01+07:00)
2026-09-17 17:36:01,719 INFO apscheduler.executors.default: Running job "main.<locals>.run_lts_aus_fast_scan (trigger: interval[0:00:05], next run at: 2026-09-17 17:36:06 +07)" (scheduled at 2026-09-17 17:36:01.713136+07:00)
2026-09-17 17:36:01,719 INFO apscheduler.executors.default: Job "main.<locals>.run_lts_aus_fast_scan (trigger: interval[0:00:05], next run at: 2026-09-17 17:36:06 +07)" executed successfully
2026-09-17 17:36:01,721 INFO apscheduler.executors.default: Running job "main.<locals>.run_position_check (trigger: interval[0:00:05], next run at: 2026-09-17 17:36:06 +07)" (scheduled at 2026-09-17 17:36:01.713136+07:00)
2026-09-17 17:36:01,764 INFO apscheduler.executors.default: Job "main.<locals>.run_position_check (trigger: interval[0:00:05], next run at: 2026-09-17 17:36:06 +07)" executed successfully
2026-09-17 17:36:01,764 INFO apscheduler.executors.default: Running job "main.<locals>.run_trail_sl (trigger: interval[0:00:05], next run at: 2026-09-17 17:36:06 +07)" (scheduled at 2026-09-17 17:36:01.713136+07:00)
2026-09-17 17:36:01,765 INFO apscheduler.executors.default: Job "main.<locals>.run_trail_sl (trigger: interval[0:00:05], next run at: 2026-09-17 17:36:06 +07)" executed successfully
2026-09-17 17:36:01,849 INFO apscheduler.executors.default: Job "main.<locals>.run_scan (trigger: cron[second='1,6,11,16,21,26,31,36,41,46,51,56'], next run at: 2026-09-17 17:36:06 +07)" executed successfully
2026-09-17 17:36:04,790 INFO httpx: HTTP Request: POST https://api.telegram.org/bot8698852591:AAGLSZSQhC0W0KP9ZeZ9Gkr6k-NFoghMC68/getUpdates "HTTP/1.1 200 OK"
2026-09-17 17:36:06,010 INFO apscheduler.executors.default: Running job "main.<locals>.run_scan (trigger: cron[second='1,6,11,16,21,26,31,36,41,46,51,56'], next run at: 2026-09-17 17:36:11 +07)" (scheduled at 2026-09-17 17:36:06+07:00)
2026-09-17 17:36:06,720 INFO apscheduler.executors.default: Running job "main.<locals>.run_lts_aus_fast_scan (trigger: interval[0:00:05], next run at: 2026-09-17 17:36:11 +07)" (scheduled at 2026-09-17 17:36:06.713136+07:00)
2026-09-17 17:36:06,721 INFO apscheduler.executors.default: Job "main.<locals>.run_lts_aus_fast_scan (trigger: interval[0:00:05], next run at: 2026-09-17 17:36:11 +07)" executed successfully
2026-09-17 17:36:06,721 INFO apscheduler.executors.default: Running job "main.<locals>.run_position_check (trigger: interval[0:00:05], next run at: 2026-09-17 17:36:11 +07)" (scheduled at 2026-09-17 17:36:06.713136+07:00)
2026-09-17 17:36:06,760 INFO apscheduler.executors.default: Job "main.<locals>.run_position_check (trigger: interval[0:00:05], next run at: 2026-09-17 17:36:11 +07)" executed successfully
2026-09-17 17:36:06,761 INFO apscheduler.executors.default: Running job "main.<locals>.run_trail_sl (trigger: interval[0:00:05], next run at: 2026-09-17 17:36:11 +07)" (scheduled at 2026-09-17 17:36:06.713136+07:00)
2026-09-17 17:36:06,763 INFO apscheduler.executors.default: Job "main.<locals>.run_trail_sl (trigger: interval[0:00:05], next run at: 2026-09-17 17:36:11 +07)" executed successfully
2026-09-17 17:36:07,172 INFO apscheduler.executors.default: Job "main.<locals>.run_scan (trigger: cron[second='1,6,11,16,21,26,31,36,41,46,51,56'], next run at: 2026-09-17 17:36:11 +07)" executed successfully
2026-09-17 17:36:10,725 INFO apscheduler.executors.default: Running job "main.<locals>.write_heartbeat_job (trigger: interval[0:00:15], next run at: 2026-09-17 17:36:25 +07)" (scheduled at 2026-09-17 17:36:10.715137+07:00)
2026-09-17 17:36:10,730 INFO apscheduler.executors.default: Job "main.<locals>.write_heartbeat_job (trigger: interval[0:00:15], next run at: 2026-09-17 17:36:25 +07)" executed successfully
2026-09-17 17:36:11,021 INFO apscheduler.executors.default: Running job "main.<locals>.run_scan (trigger: cron[second='1,6,11,16,21,26,31,36,41,46,51,56'], next run at: 2026-09-17 17:36:16 +07)" (scheduled at 2026-09-17 17:36:11+07:00)
2026-09-17 17:36:11,721 INFO apscheduler.executors.default: Running job "main.<locals>.run_lts_aus_fast_scan (trigger: interval[0:00:05], next run at: 2026-09-17 17:36:16 +07)" (scheduled at 2026-09-17 17:36:11.713136+07:00)
2026-09-17 17:36:11,724 INFO apscheduler.executors.default: Job "main.<locals>.run_lts_aus_fast_scan (trigger: interval[0:00:05], next run at: 2026-09-17 17:36:16 +07)" executed successfully
2026-09-17 17:36:11,725 INFO apscheduler.executors.default: Running job "main.<locals>.run_position_check (trigger: interval[0:00:05], next run at: 2026-09-17 17:36:16 +07)" (scheduled at 2026-09-17 17:36:11.713136+07:00)
2026-09-17 17:36:11,779 INFO apscheduler.executors.default: Job "main.<locals>.run_position_check (trigger: interval[0:00:05], next run at: 2026-09-17 17:36:16 +07)" executed successfully
2026-09-17 17:36:11,780 INFO apscheduler.executors.default: Running job "main.<locals>.run_trail_sl (trigger: interval[0:00:05], next run at: 2026-09-17 17:36:16 +07)" (scheduled at 2026-09-17 17:36:11.713136+07:00)
2026-09-17 17:36:11,781 INFO apscheduler.executors.default: Job "main.<locals>.run_trail_sl (trigger: interval[0:00:05], next run at: 2026-09-17 17:36:16 +07)" executed successfully
2026-09-17 17:36:11,782 INFO apscheduler.executors.default: Running job "main.<locals>.save_bot_state_job (trigger: interval[0:00:15], next run at: 2026-09-17 17:36:26 +07)" (scheduled at 2026-09-17 17:36:11.714136+07:00)
2026-09-17 17:36:11,792 INFO apscheduler.executors.default: Job "main.<locals>.save_bot_state_job (trigger: interval[0:00:15], next run at: 2026-09-17 17:36:26 +07)" executed successfully
2026-09-17 17:36:12,073 INFO apscheduler.executors.default: Job "main.<locals>.run_scan (trigger: cron[second='1,6,11,16,21,26,31,36,41,46,51,56'], next run at: 2026-09-17 17:36:16 +07)" executed successfully
2026-09-17 17:36:14,991 INFO httpx: HTTP Request: POST https://api.telegram.org/bot8698852591:AAGLSZSQhC0W0KP9ZeZ9Gkr6k-NFoghMC68/getUpdates "HTTP/1.1 200 OK"
2026-09-17 17:36:16,013 INFO apscheduler.executors.default: Running job "main.<locals>.run_scan (trigger: cron[second='1,6,11,16,21,26,31,36,41,46,51,56'], next run at: 2026-09-17 17:36:21 +07)" (scheduled at 2026-09-17 17:36:16+07:00)
2026-09-17 17:36:16,725 INFO apscheduler.executors.default: Running job "main.<locals>.run_lts_aus_fast_scan (trigger: interval[0:00:05], next run at: 2026-09-17 17:36:21 +07)" (scheduled at 2026-09-17 17:36:16.713136+07:00)
2026-09-17 17:36:16,730 INFO apscheduler.executors.default: Job "main.<locals>.run_lts_aus_fast_scan (trigger: interval[0:00:05], next run at: 2026-09-17 17:36:21 +07)" executed successfully
2026-09-17 17:36:16,731 INFO apscheduler.executors.default: Running job "main.<locals>.run_position_check (trigger: interval[0:00:05], next run at: 2026-09-17 17:36:21 +07)" (scheduled at 2026-09-17 17:36:16.713136+07:00)
2026-09-17 17:36:16,781 INFO apscheduler.executors.default: Job "main.<locals>.run_position_check (trigger: interval[0:00:05], next run at: 2026-09-17 17:36:21 +07)" executed successfully
2026-09-17 17:36:16,781 INFO apscheduler.executors.default: Running job "main.<locals>.run_trail_sl (trigger: interval[0:00:05], next run at: 2026-09-17 17:36:21 +07)" (scheduled at 2026-09-17 17:36:16.713136+07:00)
2026-09-17 17:36:16,782 INFO apscheduler.executors.default: Job "main.<locals>.run_trail_sl (trigger: interval[0:00:05], next run at: 2026-09-17 17:36:21 +07)" executed successfully
2026-09-17 17:36:16,862 INFO apscheduler.executors.default: Job "main.<locals>.run_scan (trigger: cron[second='1,6,11,16,21,26,31,36,41,46,51,56'], next run at: 2026-09-17 17:36:21 +07)" executed successfully
2026-09-17 17:36:21,010 INFO apscheduler.executors.default: Running job "main.<locals>.run_scan (trigger: cron[second='1,6,11,16,21,26,31,36,41,46,51,56'], next run at: 2026-09-17 17:36:26 +07)" (scheduled at 2026-09-17 17:36:21+07:00)
2026-09-17 17:36:21,723 INFO apscheduler.executors.default: Running job "main.<locals>.run_lts_aus_fast_scan (trigger: interval[0:00:05], next run at: 2026-09-17 17:36:26 +07)" (scheduled at 2026-09-17 17:36:21.713136+07:00)
2026-09-17 17:36:21,724 INFO apscheduler.executors.default: Job "main.<locals>.run_lts_aus_fast_scan (trigger: interval[0:00:05], next run at: 2026-09-17 17:36:26 +07)" executed successfully
2026-09-17 17:36:21,724 INFO apscheduler.executors.default: Running job "main.<locals>.run_position_check (trigger: interval[0:00:05], next run at: 2026-09-17 17:36:26 +07)" (scheduled at 2026-09-17 17:36:21.713136+07:00)
2026-09-17 17:36:21,767 INFO apscheduler.executors.default: Job "main.<locals>.run_position_check (trigger: interval[0:00:05], next run at: 2026-09-17 17:36:26 +07)" executed successfully
2026-09-17 17:36:21,767 INFO apscheduler.executors.default: Running job "main.<locals>.run_trail_sl (trigger: interval[0:00:05], next run at: 2026-09-17 17:36:26 +07)" (scheduled at 2026-09-17 17:36:21.713136+07:00)
2026-09-17 17:36:21,769 INFO apscheduler.executors.default: Job "main.<locals>.run_trail_sl (trigger: interval[0:00:05], next run at: 2026-09-17 17:36:26 +07)" executed successfully
2026-09-17 17:36:21,821 INFO apscheduler.executors.default: Job "main.<locals>.run_scan (trigger: cron[second='1,6,11,16,21,26,31,36,41,46,51,56'], next run at: 2026-09-17 17:36:26 +07)" executed successfully
2026-09-17 17:36:25,186 INFO httpx: HTTP Request: POST https://api.telegram.org/bot8698852591:AAGLSZSQhC0W0KP9ZeZ9Gkr6k-NFoghMC68/getUpdates "HTTP/1.1 200 OK"
2026-09-17 17:36:25,731 INFO apscheduler.executors.default: Running job "main.<locals>.write_heartbeat_job (trigger: interval[0:00:15], next run at: 2026-09-17 17:36:40 +07)" (scheduled at 2026-09-17 17:36:25.715137+07:00)
2026-09-17 17:36:25,734 INFO apscheduler.executors.default: Job "main.<locals>.write_heartbeat_job (trigger: interval[0:00:15], next run at: 2026-09-17 17:36:40 +07)" executed successfully
2026-09-17 17:36:26,013 INFO apscheduler.executors.default: Running job "main.<locals>.run_scan (trigger: cron[second='1,6,11,16,21,26,31,36,41,46,51,56'], next run at: 2026-09-17 17:36:31 +07)" (scheduled at 2026-09-17 17:36:26+07:00)
2026-09-17 17:36:26,713 INFO apscheduler.executors.default: Running job "main.<locals>.run_lts_aus_fast_scan (trigger: interval[0:00:05], next run at: 2026-09-17 17:36:31 +07)" (scheduled at 2026-09-17 17:36:26.713136+07:00)
2026-09-17 17:36:26,714 INFO apscheduler.executors.default: Job "main.<locals>.run_lts_aus_fast_scan (trigger: interval[0:00:05], next run at: 2026-09-17 17:36:31 +07)" executed successfully
2026-09-17 17:36:26,714 INFO apscheduler.executors.default: Running job "main.<locals>.run_position_check (trigger: interval[0:00:05], next run at: 2026-09-17 17:36:31 +07)" (scheduled at 2026-09-17 17:36:26.713136+07:00)
2026-09-17 17:36:26,757 INFO apscheduler.executors.default: Job "main.<locals>.run_position_check (trigger: interval[0:00:05], next run at: 2026-09-17 17:36:31 +07)" executed successfully
2026-09-17 17:36:26,757 INFO apscheduler.executors.default: Running job "main.<locals>.run_trail_sl (trigger: interval[0:00:05], next run at: 2026-09-17 17:36:31 +07)" (scheduled at 2026-09-17 17:36:26.713136+07:00)
2026-09-17 17:36:26,760 INFO apscheduler.executors.default: Job "main.<locals>.run_trail_sl (trigger: interval[0:00:05], next run at: 2026-09-17 17:36:31 +07)" executed successfully
2026-09-17 17:36:26,762 INFO apscheduler.executors.default: Running job "main.<locals>.save_bot_state_job (trigger: interval[0:00:15], next run at: 2026-09-17 17:36:41 +07)" (scheduled at 2026-09-17 17:36:26.714136+07:00)
2026-09-17 17:36:26,767 INFO apscheduler.executors.default: Job "main.<locals>.save_bot_state_job (trigger: interval[0:00:15], next run at: 2026-09-17 17:36:41 +07)" executed successfully
2026-09-17 17:36:26,826 INFO apscheduler.executors.default: Job "main.<locals>.run_scan (trigger: cron[second='1,6,11,16,21,26,31,36,41,46,51,56'], next run at: 2026-09-17 17:36:31 +07)" executed successfully
2026-09-17 17:36:31,013 INFO apscheduler.executors.default: Running job "main.<locals>.run_scan (trigger: cron[second='1,6,11,16,21,26,31,36,41,46,51,56'], next run at: 2026-09-17 17:36:36 +07)" (scheduled at 2026-09-17 17:36:31+07:00)
2026-09-17 17:36:31,727 INFO apscheduler.executors.default: Running job "main.<locals>.run_lts_aus_fast_scan (trigger: interval[0:00:05], next run at: 2026-09-17 17:36:36 +07)" (scheduled at 2026-09-17 17:36:31.713136+07:00)
2026-09-17 17:36:31,731 INFO apscheduler.executors.default: Job "main.<locals>.run_lts_aus_fast_scan (trigger: interval[0:00:05], next run at: 2026-09-17 17:36:36 +07)" executed successfully
2026-09-17 17:36:31,732 INFO apscheduler.executors.default: Running job "main.<locals>.run_position_check (trigger: interval[0:00:05], next run at: 2026-09-17 17:36:36 +07)" (scheduled at 2026-09-17 17:36:31.713136+07:00)
2026-09-17 17:36:31,780 INFO apscheduler.executors.default: Job "main.<locals>.run_position_check (trigger: interval[0:00:05], next run at: 2026-09-17 17:36:36 +07)" executed successfully
2026-09-17 17:36:31,780 INFO apscheduler.executors.default: Running job "main.<locals>.run_trail_sl (trigger: interval[0:00:05], next run at: 2026-09-17 17:36:36 +07)" (scheduled at 2026-09-17 17:36:31.713136+07:00)
2026-09-17 17:36:31,782 INFO apscheduler.executors.default: Job "main.<locals>.run_trail_sl (trigger: interval[0:00:05], next run at: 2026-09-17 17:36:36 +07)" executed successfully
2026-09-17 17:36:31,854 INFO apscheduler.executors.default: Job "main.<locals>.run_scan (trigger: cron[second='1,6,11,16,21,26,31,36,41,46,51,56'], next run at: 2026-09-17 17:36:36 +07)" executed successfully
2026-09-17 17:36:35,391 INFO httpx: HTTP Request: POST https://api.telegram.org/bot8698852591:AAGLSZSQhC0W0KP9ZeZ9Gkr6k-NFoghMC68/getUpdates "HTTP/1.1 200 OK"
2026-09-17 17:36:36,003 INFO apscheduler.executors.default: Running job "main.<locals>.run_scan (trigger: cron[second='1,6,11,16,21,26,31,36,41,46,51,56'], next run at: 2026-09-17 17:36:41 +07)" (scheduled at 2026-09-17 17:36:36+07:00)
2026-09-17 17:36:36,728 INFO apscheduler.executors.default: Running job "main.<locals>.run_lts_aus_fast_scan (trigger: interval[0:00:05], next run at: 2026-09-17 17:36:41 +07)" (scheduled at 2026-09-17 17:36:36.713136+07:00)
2026-09-17 17:36:36,728 INFO apscheduler.executors.default: Job "main.<locals>.run_lts_aus_fast_scan (trigger: interval[0:00:05], next run at: 2026-09-17 17:36:41 +07)" executed successfully
2026-09-17 17:36:36,736 INFO apscheduler.executors.default: Running job "main.<locals>.run_position_check (trigger: interval[0:00:05], next run at: 2026-09-17 17:36:41 +07)" (scheduled at 2026-09-17 17:36:36.713136+07:00)
2026-09-17 17:36:36,813 INFO apscheduler.executors.default: Job "main.<locals>.run_position_check (trigger: interval[0:00:05], next run at: 2026-09-17 17:36:41 +07)" executed successfully
2026-09-17 17:36:36,815 INFO apscheduler.executors.default: Running job "main.<locals>.run_trail_sl (trigger: interval[0:00:05], next run at: 2026-09-17 17:36:41 +07)" (scheduled at 2026-09-17 17:36:36.713136+07:00)
2026-09-17 17:36:36,817 INFO apscheduler.executors.default: Job "main.<locals>.run_trail_sl (trigger: interval[0:00:05], next run at: 2026-09-17 17:36:41 +07)" executed successfully
2026-09-17 17:36:37,366 INFO apscheduler.executors.default: Job "main.<locals>.run_scan (trigger: cron[second='1,6,11,16,21,26,31,36,41,46,51,56'], next run at: 2026-09-17 17:36:41 +07)" executed successfully
2026-09-17 17:36:40,716 INFO apscheduler.executors.default: Running job "main.<locals>.write_heartbeat_job (trigger: interval[0:00:15], next run at: 2026-09-17 17:36:55 +07)" (scheduled at 2026-09-17 17:36:40.715137+07:00)
2026-09-17 17:36:40,722 INFO apscheduler.executors.default: Job "main.<locals>.write_heartbeat_job (trigger: interval[0:00:15], next run at: 2026-09-17 17:36:55 +07)" executed successfully
2026-09-17 17:36:41,009 INFO apscheduler.executors.default: Running job "main.<locals>.run_scan (trigger: cron[second='1,6,11,16,21,26,31,36,41,46,51,56'], next run at: 2026-09-17 17:36:46 +07)" (scheduled at 2026-09-17 17:36:41+07:00)
2026-09-17 17:36:41,723 INFO apscheduler.executors.default: Running job "main.<locals>.run_lts_aus_fast_scan (trigger: interval[0:00:05], next run at: 2026-09-17 17:36:46 +07)" (scheduled at 2026-09-17 17:36:41.713136+07:00)
2026-09-17 17:36:41,723 INFO apscheduler.executors.default: Job "main.<locals>.run_lts_aus_fast_scan (trigger: interval[0:00:05], next run at: 2026-09-17 17:36:46 +07)" executed successfully
2026-09-17 17:36:41,724 INFO apscheduler.executors.default: Running job "main.<locals>.run_position_check (trigger: interval[0:00:05], next run at: 2026-09-17 17:36:46 +07)" (scheduled at 2026-09-17 17:36:41.713136+07:00)
2026-09-17 17:36:41,779 INFO apscheduler.executors.default: Job "main.<locals>.run_position_check (trigger: interval[0:00:05], next run at: 2026-09-17 17:36:46 +07)" executed successfully
2026-09-17 17:36:41,779 INFO apscheduler.executors.default: Running job "main.<locals>.run_trail_sl (trigger: interval[0:00:05], next run at: 2026-09-17 17:36:46 +07)" (scheduled at 2026-09-17 17:36:41.713136+07:00)
2026-09-17 17:36:41,781 INFO apscheduler.executors.default: Job "main.<locals>.run_trail_sl (trigger: interval[0:00:05], next run at: 2026-09-17 17:36:46 +07)" executed successfully
2026-09-17 17:36:41,782 INFO apscheduler.executors.default: Running job "main.<locals>.save_bot_state_job (trigger: interval[0:00:15], next run at: 2026-09-17 17:36:56 +07)" (scheduled at 2026-09-17 17:36:41.714136+07:00)
2026-09-17 17:36:41,788 INFO apscheduler.executors.default: Job "main.<locals>.save_bot_state_job (trigger: interval[0:00:15], next run at: 2026-09-17 17:36:56 +07)" executed successfully
2026-09-17 17:36:41,992 INFO apscheduler.executors.default: Job "main.<locals>.run_scan (trigger: cron[second='1,6,11,16,21,26,31,36,41,46,51,56'], next run at: 2026-09-17 17:36:46 +07)" executed successfully
2026-09-17 17:36:45,598 INFO httpx: HTTP Request: POST https://api.telegram.org/bot8698852591:AAGLSZSQhC0W0KP9ZeZ9Gkr6k-NFoghMC68/getUpdates "HTTP/1.1 200 OK"
2026-09-17 17:36:46,010 INFO apscheduler.executors.default: Running job "main.<locals>.run_scan (trigger: cron[second='1,6,11,16,21,26,31,36,41,46,51,56'], next run at: 2026-09-17 17:36:51 +07)" (scheduled at 2026-09-17 17:36:46+07:00)
2026-09-17 17:36:46,723 INFO apscheduler.executors.default: Running job "main.<locals>.run_lts_aus_fast_scan (trigger: interval[0:00:05], next run at: 2026-09-17 17:36:51 +07)" (scheduled at 2026-09-17 17:36:46.713136+07:00)
2026-09-17 17:36:46,737 INFO apscheduler.executors.default: Job "main.<locals>.run_lts_aus_fast_scan (trigger: interval[0:00:05], next run at: 2026-09-17 17:36:51 +07)" executed successfully
2026-09-17 17:36:46,738 INFO apscheduler.executors.default: Running job "main.<locals>.run_position_check (trigger: interval[0:00:05], next run at: 2026-09-17 17:36:51 +07)" (scheduled at 2026-09-17 17:36:46.713136+07:00)
2026-09-17 17:36:46,804 INFO apscheduler.executors.default: Job "main.<locals>.run_position_check (trigger: interval[0:00:05], next run at: 2026-09-17 17:36:51 +07)" executed successfully
2026-09-17 17:36:46,805 INFO apscheduler.executors.default: Running job "main.<locals>.run_trail_sl (trigger: interval[0:00:05], next run at: 2026-09-17 17:36:51 +07)" (scheduled at 2026-09-17 17:36:46.713136+07:00)
2026-09-17 17:36:46,806 INFO apscheduler.executors.default: Job "main.<locals>.run_trail_sl (trigger: interval[0:00:05], next run at: 2026-09-17 17:36:51 +07)" executed successfully
2026-09-17 17:36:46,893 INFO apscheduler.executors.default: Job "main.<locals>.run_scan (trigger: cron[second='1,6,11,16,21,26,31,36,41,46,51,56'], next run at: 2026-09-17 17:36:51 +07)" executed successfully
2026-09-17 17:36:51,008 INFO apscheduler.executors.default: Running job "main.<locals>.run_scan (trigger: cron[second='1,6,11,16,21,26,31,36,41,46,51,56'], next run at: 2026-09-17 17:36:56 +07)" (scheduled at 2026-09-17 17:36:51+07:00)
2026-09-17 17:36:51,721 INFO apscheduler.executors.default: Running job "main.<locals>.run_lts_aus_fast_scan (trigger: interval[0:00:05], next run at: 2026-09-17 17:36:56 +07)" (scheduled at 2026-09-17 17:36:51.713136+07:00)
2026-09-17 17:36:51,721 INFO apscheduler.executors.default: Job "main.<locals>.run_lts_aus_fast_scan (trigger: interval[0:00:05], next run at: 2026-09-17 17:36:56 +07)" executed successfully
2026-09-17 17:36:51,722 INFO apscheduler.executors.default: Running job "main.<locals>.run_position_check (trigger: interval[0:00:05], next run at: 2026-09-17 17:36:56 +07)" (scheduled at 2026-09-17 17:36:51.713136+07:00)
2026-09-17 17:36:51,762 INFO apscheduler.executors.default: Job "main.<locals>.run_position_check (trigger: interval[0:00:05], next run at: 2026-09-17 17:36:56 +07)" executed successfully
2026-09-17 17:36:51,763 INFO apscheduler.executors.default: Running job "main.<locals>.run_trail_sl (trigger: interval[0:00:05], next run at: 2026-09-17 17:36:56 +07)" (scheduled at 2026-09-17 17:36:51.713136+07:00)
2026-09-17 17:36:51,765 INFO apscheduler.executors.default: Job "main.<locals>.run_trail_sl (trigger: interval[0:00:05], next run at: 2026-09-17 17:36:56 +07)" executed successfully
2026-09-17 17:36:51,792 INFO apscheduler.executors.default: Job "main.<locals>.run_scan (trigger: cron[second='1,6,11,16,21,26,31,36,41,46,51,56'], next run at: 2026-09-17 17:36:56 +07)" executed successfully
2026-09-17 17:36:55,723 INFO apscheduler.executors.default: Running job "main.<locals>.write_heartbeat_job (trigger: interval[0:00:15], next run at: 2026-09-17 17:37:10 +07)" (scheduled at 2026-09-17 17:36:55.715137+07:00)
2026-09-17 17:36:55,727 INFO apscheduler.executors.default: Job "main.<locals>.write_heartbeat_job (trigger: interval[0:00:15], next run at: 2026-09-17 17:37:10 +07)" executed successfully
2026-09-17 17:36:55,798 INFO httpx: HTTP Request: POST https://api.telegram.org/bot8698852591:AAGLSZSQhC0W0KP9ZeZ9Gkr6k-NFoghMC68/getUpdates "HTTP/1.1 200 OK"
2026-09-17 17:36:56,001 INFO apscheduler.executors.default: Running job "main.<locals>.run_scan (trigger: cron[second='1,6,11,16,21,26,31,36,41,46,51,56'], next run at: 2026-09-17 17:37:01 +07)" (scheduled at 2026-09-17 17:36:56+07:00)
2026-09-17 17:36:56,711 INFO apscheduler.executors.default: Running job "main.<locals>.check_symbol_switch (trigger: interval[0:01:00], next run at: 2026-09-17 17:37:56 +07)" (scheduled at 2026-09-17 17:36:56.709584+07:00)
2026-09-17 17:36:56,732 INFO apscheduler.executors.default: Job "main.<locals>.check_symbol_switch (trigger: interval[0:01:00], next run at: 2026-09-17 17:37:56 +07)" executed successfully
2026-09-17 17:36:56,733 INFO apscheduler.executors.default: Running job "main.<locals>.run_demo_portfolio_scan (trigger: interval[0:05:00], next run at: 2026-09-17 17:41:56 +07)" (scheduled at 2026-09-17 17:36:56.712132+07:00)
2026-09-17 17:36:56,733 INFO apscheduler.executors.default: Job "main.<locals>.run_demo_portfolio_scan (trigger: interval[0:05:00], next run at: 2026-09-17 17:41:56 +07)" executed successfully
2026-09-17 17:36:56,733 INFO apscheduler.executors.default: Running job "main.<locals>.run_lts_aus_fast_scan (trigger: interval[0:00:05], next run at: 2026-09-17 17:37:01 +07)" (scheduled at 2026-09-17 17:36:56.713136+07:00)
2026-09-17 17:36:56,734 INFO apscheduler.executors.default: Job "main.<locals>.run_lts_aus_fast_scan (trigger: interval[0:00:05], next run at: 2026-09-17 17:37:01 +07)" executed successfully
2026-09-17 17:36:56,734 INFO apscheduler.executors.default: Running job "main.<locals>.run_position_check (trigger: interval[0:00:05], next run at: 2026-09-17 17:37:01 +07)" (scheduled at 2026-09-17 17:36:56.713136+07:00)
2026-09-17 17:36:56,753 INFO apscheduler.executors.default: Job "main.<locals>.run_position_check (trigger: interval[0:00:05], next run at: 2026-09-17 17:37:01 +07)" executed successfully
2026-09-17 17:36:56,753 INFO apscheduler.executors.default: Running job "main.<locals>.run_trail_sl (trigger: interval[0:00:05], next run at: 2026-09-17 17:37:01 +07)" (scheduled at 2026-09-17 17:36:56.713136+07:00)
2026-09-17 17:36:56,755 INFO apscheduler.executors.default: Job "main.<locals>.run_trail_sl (trigger: interval[0:00:05], next run at: 2026-09-17 17:37:01 +07)" executed successfully
2026-09-17 17:36:56,755 INFO apscheduler.executors.default: Running job "main.<locals>.save_bot_state_job (trigger: interval[0:00:15], next run at: 2026-09-17 17:37:11 +07)" (scheduled at 2026-09-17 17:36:56.714136+07:00)
2026-09-17 17:36:56,757 INFO apscheduler.executors.default: Job "main.<locals>.save_bot_state_job (trigger: interval[0:00:15], next run at: 2026-09-17 17:37:11 +07)" executed successfully
2026-09-17 17:36:56,758 INFO apscheduler.executors.default: Running job "main.<locals>.run_watchdog (trigger: interval[0:01:00], next run at: 2026-09-17 17:37:56 +07)" (scheduled at 2026-09-17 17:36:56.715137+07:00)
2026-09-17 17:36:56,763 INFO apscheduler.executors.default: Job "main.<locals>.run_watchdog (trigger: interval[0:01:00], next run at: 2026-09-17 17:37:56 +07)" executed successfully
2026-09-17 17:36:56,774 INFO apscheduler.executors.default: Job "main.<locals>.run_scan (trigger: cron[second='1,6,11,16,21,26,31,36,41,46,51,56'], next run at: 2026-09-17 17:37:01 +07)" executed successfully
2026-09-17 17:37:01,008 INFO apscheduler.executors.default: Running job "main.<locals>.run_scan (trigger: cron[second='1,6,11,16,21,26,31,36,41,46,51,56'], next run at: 2026-09-17 17:37:06 +07)" (scheduled at 2026-09-17 17:37:01+07:00)
2026-09-17 17:37:01,723 INFO apscheduler.executors.default: Running job "main.<locals>.run_lts_aus_fast_scan (trigger: interval[0:00:05], next run at: 2026-09-17 17:37:06 +07)" (scheduled at 2026-09-17 17:37:01.713136+07:00)
2026-09-17 17:37:01,725 INFO apscheduler.executors.default: Job "main.<locals>.run_lts_aus_fast_scan (trigger: interval[0:00:05], next run at: 2026-09-17 17:37:06 +07)" executed successfully
2026-09-17 17:37:01,726 INFO apscheduler.executors.default: Running job "main.<locals>.run_position_check (trigger: interval[0:00:05], next run at: 2026-09-17 17:37:06 +07)" (scheduled at 2026-09-17 17:37:01.713136+07:00)
2026-09-17 17:37:01,752 INFO apscheduler.executors.default: Job "main.<locals>.run_position_check (trigger: interval[0:00:05], next run at: 2026-09-17 17:37:06 +07)" executed successfully
2026-09-17 17:37:01,753 INFO apscheduler.executors.default: Running job "main.<locals>.run_trail_sl (trigger: interval[0:00:05], next run at: 2026-09-17 17:37:06 +07)" (scheduled at 2026-09-17 17:37:01.713136+07:00)
2026-09-17 17:37:01,754 INFO apscheduler.executors.default: Job "main.<locals>.run_trail_sl (trigger: interval[0:00:05], next run at: 2026-09-17 17:37:06 +07)" executed successfully
2026-09-17 17:37:01,766 INFO apscheduler.executors.default: Job "main.<locals>.run_scan (trigger: cron[second='1,6,11,16,21,26,31,36,41,46,51,56'], next run at: 2026-09-17 17:37:06 +07)" executed successfully
2026-09-17 17:37:05,993 INFO httpx: HTTP Request: POST https://api.telegram.org/bot8698852591:AAGLSZSQhC0W0KP9ZeZ9Gkr6k-NFoghMC68/getUpdates "HTTP/1.1 200 OK"
2026-09-17 17:37:06,003 INFO apscheduler.executors.default: Running job "main.<locals>.run_scan (trigger: cron[second='1,6,11,16,21,26,31,36,41,46,51,56'], next run at: 2026-09-17 17:37:11 +07)" (scheduled at 2026-09-17 17:37:06+07:00)
2026-09-17 17:37:06,722 INFO apscheduler.executors.default: Running job "main.<locals>.run_lts_aus_fast_scan (trigger: interval[0:00:05], next run at: 2026-09-17 17:37:11 +07)" (scheduled at 2026-09-17 17:37:06.713136+07:00)
2026-09-17 17:37:06,722 INFO apscheduler.executors.default: Job "main.<locals>.run_lts_aus_fast_scan (trigger: interval[0:00:05], next run at: 2026-09-17 17:37:11 +07)" executed successfully
2026-09-17 17:37:06,723 INFO apscheduler.executors.default: Running job "main.<locals>.run_position_check (trigger: interval[0:00:05], next run at: 2026-09-17 17:37:11 +07)" (scheduled at 2026-09-17 17:37:06.713136+07:00)
2026-09-17 17:37:06,766 INFO apscheduler.executors.default: Job "main.<locals>.run_position_check (trigger: interval[0:00:05], next run at: 2026-09-17 17:37:11 +07)" executed successfully
2026-09-17 17:37:06,768 INFO apscheduler.executors.default: Running job "main.<locals>.run_trail_sl (trigger: interval[0:00:05], next run at: 2026-09-17 17:37:11 +07)" (scheduled at 2026-09-17 17:37:06.713136+07:00)
2026-09-17 17:37:06,769 INFO apscheduler.executors.default: Job "main.<locals>.run_trail_sl (trigger: interval[0:00:05], next run at: 2026-09-17 17:37:11 +07)" executed successfully
2026-09-17 17:37:06,827 INFO apscheduler.executors.default: Job "main.<locals>.run_scan (trigger: cron[second='1,6,11,16,21,26,31,36,41,46,51,56'], next run at: 2026-09-17 17:37:11 +07)" executed successfully
2026-09-17 17:37:10,738 INFO apscheduler.executors.default: Running job "main.<locals>.write_heartbeat_job (trigger: interval[0:00:15], next run at: 2026-09-17 17:37:25 +07)" (scheduled at 2026-09-17 17:37:10.715137+07:00)
2026-09-17 17:37:10,741 INFO apscheduler.executors.default: Job "main.<locals>.write_heartbeat_job (trigger: interval[0:00:15], next run at: 2026-09-17 17:37:25 +07)" executed successfully
2026-09-17 17:37:11,016 INFO apscheduler.executors.default: Running job "main.<locals>.run_scan (trigger: cron[second='1,6,11,16,21,26,31,36,41,46,51,56'], next run at: 2026-09-17 17:37:16 +07)" (scheduled at 2026-09-17 17:37:11+07:00)
2026-09-17 17:37:11,713 INFO apscheduler.executors.default: Running job "main.<locals>.run_lts_aus_fast_scan (trigger: interval[0:00:05], next run at: 2026-09-17 17:37:16 +07)" (scheduled at 2026-09-17 17:37:11.713136+07:00)
2026-09-17 17:37:11,713 INFO apscheduler.executors.default: Job "main.<locals>.run_lts_aus_fast_scan (trigger: interval[0:00:05], next run at: 2026-09-17 17:37:16 +07)" executed successfully
2026-09-17 17:37:11,715 INFO apscheduler.executors.default: Running job "main.<locals>.run_position_check (trigger: interval[0:00:05], next run at: 2026-09-17 17:37:16 +07)" (scheduled at 2026-09-17 17:37:11.713136+07:00)
2026-09-17 17:37:11,769 INFO apscheduler.executors.default: Job "main.<locals>.run_position_check (trigger: interval[0:00:05], next run at: 2026-09-17 17:37:16 +07)" executed successfully
2026-09-17 17:37:11,770 INFO apscheduler.executors.default: Running job "main.<locals>.run_trail_sl (trigger: interval[0:00:05], next run at: 2026-09-17 17:37:16 +07)" (scheduled at 2026-09-17 17:37:11.713136+07:00)
2026-09-17 17:37:11,773 INFO apscheduler.executors.default: Job "main.<locals>.run_trail_sl (trigger: interval[0:00:05], next run at: 2026-09-17 17:37:16 +07)" executed successfully
2026-09-17 17:37:11,774 INFO apscheduler.executors.default: Running job "main.<locals>.save_bot_state_job (trigger: interval[0:00:15], next run at: 2026-09-17 17:37:26 +07)" (scheduled at 2026-09-17 17:37:11.714136+07:00)
2026-09-17 17:37:11,781 INFO apscheduler.executors.default: Job "main.<locals>.save_bot_state_job (trigger: interval[0:00:15], next run at: 2026-09-17 17:37:26 +07)" executed successfully
2026-09-17 17:37:11,932 INFO apscheduler.executors.default: Job "main.<locals>.run_scan (trigger: cron[second='1,6,11,16,21,26,31,36,41,46,51,56'], next run at: 2026-09-17 17:37:16 +07)" executed successfully
2026-09-17 17:37:16,013 INFO apscheduler.executors.default: Running job "main.<locals>.run_scan (trigger: cron[second='1,6,11,16,21,26,31,36,41,46,51,56'], next run at: 2026-09-17 17:37:21 +07)" (scheduled at 2026-09-17 17:37:16+07:00)
2026-09-17 17:37:16,187 INFO httpx: HTTP Request: POST https://api.telegram.org/bot8698852591:AAGLSZSQhC0W0KP9ZeZ9Gkr6k-NFoghMC68/getUpdates "HTTP/1.1 200 OK"
2026-09-17 17:37:16,727 INFO apscheduler.executors.default: Running job "main.<locals>.run_lts_aus_fast_scan (trigger: interval[0:00:05], next run at: 2026-09-17 17:37:21 +07)" (scheduled at 2026-09-17 17:37:16.713136+07:00)
2026-09-17 17:37:16,733 INFO apscheduler.executors.default: Job "main.<locals>.run_lts_aus_fast_scan (trigger: interval[0:00:05], next run at: 2026-09-17 17:37:21 +07)" executed successfully
2026-09-17 17:37:16,733 INFO apscheduler.executors.default: Running job "main.<locals>.run_position_check (trigger: interval[0:00:05], next run at: 2026-09-17 17:37:21 +07)" (scheduled at 2026-09-17 17:37:16.713136+07:00)
2026-09-17 17:37:16,783 INFO apscheduler.executors.default: Job "main.<locals>.run_position_check (trigger: interval[0:00:05], next run at: 2026-09-17 17:37:21 +07)" executed successfully
2026-09-17 17:37:16,783 INFO apscheduler.executors.default: Running job "main.<locals>.run_trail_sl (trigger: interval[0:00:05], next run at: 2026-09-17 17:37:21 +07)" (scheduled at 2026-09-17 17:37:16.713136+07:00)
2026-09-17 17:37:16,786 INFO apscheduler.executors.default: Job "main.<locals>.run_trail_sl (trigger: interval[0:00:05], next run at: 2026-09-17 17:37:21 +07)" executed successfully
2026-09-17 17:37:16,934 INFO apscheduler.executors.default: Job "main.<locals>.run_scan (trigger: cron[second='1,6,11,16,21,26,31,36,41,46,51,56'], next run at: 2026-09-17 17:37:21 +07)" executed successfully
2026-09-17 17:37:21,016 INFO apscheduler.executors.default: Running job "main.<locals>.run_scan (trigger: cron[second='1,6,11,16,21,26,31,36,41,46,51,56'], next run at: 2026-09-17 17:37:26 +07)" (scheduled at 2026-09-17 17:37:21+07:00)
2026-09-17 17:37:21,720 INFO apscheduler.executors.default: Running job "main.<locals>.run_lts_aus_fast_scan (trigger: interval[0:00:05], next run at: 2026-09-17 17:37:26 +07)" (scheduled at 2026-09-17 17:37:21.713136+07:00)
2026-09-17 17:37:21,721 INFO apscheduler.executors.default: Job "main.<locals>.run_lts_aus_fast_scan (trigger: interval[0:00:05], next run at: 2026-09-17 17:37:26 +07)" executed successfully
2026-09-17 17:37:21,721 INFO apscheduler.executors.default: Running job "main.<locals>.run_position_check (trigger: interval[0:00:05], next run at: 2026-09-17 17:37:26 +07)" (scheduled at 2026-09-17 17:37:21.713136+07:00)
2026-09-17 17:37:21,759 INFO apscheduler.executors.default: Job "main.<locals>.run_position_check (trigger: interval[0:00:05], next run at: 2026-09-17 17:37:26 +07)" executed successfully
2026-09-17 17:37:21,759 INFO apscheduler.executors.default: Running job "main.<locals>.run_trail_sl (trigger: interval[0:00:05], next run at: 2026-09-17 17:37:26 +07)" (scheduled at 2026-09-17 17:37:21.713136+07:00)
2026-09-17 17:37:21,760 INFO apscheduler.executors.default: Job "main.<locals>.run_trail_sl (trigger: interval[0:00:05], next run at: 2026-09-17 17:37:26 +07)" executed successfully
2026-09-17 17:37:21,770 INFO apscheduler.executors.default: Job "main.<locals>.run_scan (trigger: cron[second='1,6,11,16,21,26,31,36,41,46,51,56'], next run at: 2026-09-17 17:37:26 +07)" executed successfully
2026-09-17 17:37:25,730 INFO apscheduler.executors.default: Running job "main.<locals>.write_heartbeat_job (trigger: interval[0:00:15], next run at: 2026-09-17 17:37:40 +07)" (scheduled at 2026-09-17 17:37:25.715137+07:00)
2026-09-17 17:37:25,733 INFO apscheduler.executors.default: Job "main.<locals>.write_heartbeat_job (trigger: interval[0:00:15], next run at: 2026-09-17 17:37:40 +07)" executed successfully
2026-09-17 17:37:26,010 INFO apscheduler.executors.default: Running job "main.<locals>.run_scan (trigger: cron[second='1,6,11,16,21,26,31,36,41,46,51,56'], next run at: 2026-09-17 17:37:31 +07)" (scheduled at 2026-09-17 17:37:26+07:00)
2026-09-17 17:37:26,385 INFO httpx: HTTP Request: POST https://api.telegram.org/bot8698852591:AAGLSZSQhC0W0KP9ZeZ9Gkr6k-NFoghMC68/getUpdates "HTTP/1.1 200 OK"
2026-09-17 17:37:26,722 INFO apscheduler.executors.default: Running job "main.<locals>.run_lts_aus_fast_scan (trigger: interval[0:00:05], next run at: 2026-09-17 17:37:31 +07)" (scheduled at 2026-09-17 17:37:26.713136+07:00)
2026-09-17 17:37:26,722 INFO apscheduler.executors.default: Job "main.<locals>.run_lts_aus_fast_scan (trigger: interval[0:00:05], next run at: 2026-09-17 17:37:31 +07)" executed successfully
2026-09-17 17:37:26,722 INFO apscheduler.executors.default: Running job "main.<locals>.run_position_check (trigger: interval[0:00:05], next run at: 2026-09-17 17:37:31 +07)" (scheduled at 2026-09-17 17:37:26.713136+07:00)
2026-09-17 17:37:26,758 INFO apscheduler.executors.default: Job "main.<locals>.run_position_check (trigger: interval[0:00:05], next run at: 2026-09-17 17:37:31 +07)" executed successfully
2026-09-17 17:37:26,758 INFO apscheduler.executors.default: Running job "main.<locals>.run_trail_sl (trigger: interval[0:00:05], next run at: 2026-09-17 17:37:31 +07)" (scheduled at 2026-09-17 17:37:26.713136+07:00)
2026-09-17 17:37:26,760 INFO apscheduler.executors.default: Job "main.<locals>.run_trail_sl (trigger: interval[0:00:05], next run at: 2026-09-17 17:37:31 +07)" executed successfully
2026-09-17 17:37:26,760 INFO apscheduler.executors.default: Running job "main.<locals>.save_bot_state_job (trigger: interval[0:00:15], next run at: 2026-09-17 17:37:41 +07)" (scheduled at 2026-09-17 17:37:26.714136+07:00)
2026-09-17 17:37:26,764 INFO apscheduler.executors.default: Job "main.<locals>.save_bot_state_job (trigger: interval[0:00:15], next run at: 2026-09-17 17:37:41 +07)" executed successfully
2026-09-17 17:37:26,883 INFO apscheduler.executors.default: Job "main.<locals>.run_scan (trigger: cron[second='1,6,11,16,21,26,31,36,41,46,51,56'], next run at: 2026-09-17 17:37:31 +07)" executed successfully
2026-09-17 17:37:31,008 INFO apscheduler.executors.default: Running job "main.<locals>.run_scan (trigger: cron[second='1,6,11,16,21,26,31,36,41,46,51,56'], next run at: 2026-09-17 17:37:36 +07)" (scheduled at 2026-09-17 17:37:31+07:00)
2026-09-17 17:37:31,720 INFO apscheduler.executors.default: Running job "main.<locals>.run_lts_aus_fast_scan (trigger: interval[0:00:05], next run at: 2026-09-17 17:37:36 +07)" (scheduled at 2026-09-17 17:37:31.713136+07:00)
2026-09-17 17:37:31,724 INFO apscheduler.executors.default: Job "main.<locals>.run_lts_aus_fast_scan (trigger: interval[0:00:05], next run at: 2026-09-17 17:37:36 +07)" executed successfully
2026-09-17 17:37:31,725 INFO apscheduler.executors.default: Running job "main.<locals>.run_position_check (trigger: interval[0:00:05], next run at: 2026-09-17 17:37:36 +07)" (scheduled at 2026-09-17 17:37:31.713136+07:00)
2026-09-17 17:37:31,744 INFO apscheduler.executors.default: Job "main.<locals>.run_position_check (trigger: interval[0:00:05], next run at: 2026-09-17 17:37:36 +07)" executed successfully
2026-09-17 17:37:31,745 INFO apscheduler.executors.default: Running job "main.<locals>.run_trail_sl (trigger: interval[0:00:05], next run at: 2026-09-17 17:37:36 +07)" (scheduled at 2026-09-17 17:37:31.713136+07:00)
2026-09-17 17:37:31,745 INFO apscheduler.executors.default: Job "main.<locals>.run_trail_sl (trigger: interval[0:00:05], next run at: 2026-09-17 17:37:36 +07)" executed successfully
2026-09-17 17:37:31,755 INFO apscheduler.executors.default: Job "main.<locals>.run_scan (trigger: cron[second='1,6,11,16,21,26,31,36,41,46,51,56'], next run at: 2026-09-17 17:37:36 +07)" executed successfully
2026-09-17 17:37:36,007 INFO apscheduler.executors.default: Running job "main.<locals>.run_scan (trigger: cron[second='1,6,11,16,21,26,31,36,41,46,51,56'], next run at: 2026-09-17 17:37:41 +07)" (scheduled at 2026-09-17 17:37:36+07:00)
2026-09-17 17:37:36,577 INFO httpx: HTTP Request: POST https://api.telegram.org/bot8698852591:AAGLSZSQhC0W0KP9ZeZ9Gkr6k-NFoghMC68/getUpdates "HTTP/1.1 200 OK"
2026-09-17 17:37:36,719 INFO apscheduler.executors.default: Running job "main.<locals>.run_lts_aus_fast_scan (trigger: interval[0:00:05], next run at: 2026-09-17 17:37:41 +07)" (scheduled at 2026-09-17 17:37:36.713136+07:00)
2026-09-17 17:37:36,720 INFO apscheduler.executors.default: Job "main.<locals>.run_lts_aus_fast_scan (trigger: interval[0:00:05], next run at: 2026-09-17 17:37:41 +07)" executed successfully
2026-09-17 17:37:36,720 INFO apscheduler.executors.default: Running job "main.<locals>.run_position_check (trigger: interval[0:00:05], next run at: 2026-09-17 17:37:41 +07)" (scheduled at 2026-09-17 17:37:36.713136+07:00)
2026-09-17 17:37:36,756 INFO apscheduler.executors.default: Job "main.<locals>.run_position_check (trigger: interval[0:00:05], next run at: 2026-09-17 17:37:41 +07)" executed successfully
2026-09-17 17:37:36,756 INFO apscheduler.executors.default: Running job "main.<locals>.run_trail_sl (trigger: interval[0:00:05], next run at: 2026-09-17 17:37:41 +07)" (scheduled at 2026-09-17 17:37:36.713136+07:00)
2026-09-17 17:37:36,758 INFO apscheduler.executors.default: Job "main.<locals>.run_trail_sl (trigger: interval[0:00:05], next run at: 2026-09-17 17:37:41 +07)" executed successfully
2026-09-17 17:37:36,794 INFO apscheduler.executors.default: Job "main.<locals>.run_scan (trigger: cron[second='1,6,11,16,21,26,31,36,41,46,51,56'], next run at: 2026-09-17 17:37:41 +07)" executed successfully
2026-09-17 17:37:40,719 INFO apscheduler.executors.default: Running job "main.<locals>.write_heartbeat_job (trigger: interval[0:00:15], next run at: 2026-09-17 17:37:55 +07)" (scheduled at 2026-09-17 17:37:40.715137+07:00)
2026-09-17 17:37:40,722 INFO apscheduler.executors.default: Job "main.<locals>.write_heartbeat_job (trigger: interval[0:00:15], next run at: 2026-09-17 17:37:55 +07)" executed successfully
2026-09-17 17:37:41,015 INFO apscheduler.executors.default: Running job "main.<locals>.run_scan (trigger: cron[second='1,6,11,16,21,26,31,36,41,46,51,56'], next run at: 2026-09-17 17:37:46 +07)" (scheduled at 2026-09-17 17:37:41+07:00)
2026-09-17 17:37:41,715 INFO apscheduler.executors.default: Running job "main.<locals>.run_lts_aus_fast_scan (trigger: interval[0:00:05], next run at: 2026-09-17 17:37:46 +07)" (scheduled at 2026-09-17 17:37:41.713136+07:00)
2026-09-17 17:37:41,716 INFO apscheduler.executors.default: Job "main.<locals>.run_lts_aus_fast_scan (trigger: interval[0:00:05], next run at: 2026-09-17 17:37:46 +07)" executed successfully
2026-09-17 17:37:41,716 INFO apscheduler.executors.default: Running job "main.<locals>.run_position_check (trigger: interval[0:00:05], next run at: 2026-09-17 17:37:46 +07)" (scheduled at 2026-09-17 17:37:41.713136+07:00)
2026-09-17 17:37:41,733 INFO apscheduler.executors.default: Job "main.<locals>.run_position_check (trigger: interval[0:00:05], next run at: 2026-09-17 17:37:46 +07)" executed successfully
2026-09-17 17:37:41,733 INFO apscheduler.executors.default: Running job "main.<locals>.run_trail_sl (trigger: interval[0:00:05], next run at: 2026-09-17 17:37:46 +07)" (scheduled at 2026-09-17 17:37:41.713136+07:00)
2026-09-17 17:37:41,734 INFO apscheduler.executors.default: Job "main.<locals>.run_trail_sl (trigger: interval[0:00:05], next run at: 2026-09-17 17:37:46 +07)" executed successfully
2026-09-17 17:37:41,734 INFO apscheduler.executors.default: Running job "main.<locals>.save_bot_state_job (trigger: interval[0:00:15], next run at: 2026-09-17 17:37:56 +07)" (scheduled at 2026-09-17 17:37:41.714136+07:00)
2026-09-17 17:37:41,737 INFO apscheduler.executors.default: Job "main.<locals>.save_bot_state_job (trigger: interval[0:00:15], next run at: 2026-09-17 17:37:56 +07)" executed successfully
2026-09-17 17:37:41,748 INFO apscheduler.executors.default: Job "main.<locals>.run_scan (trigger: cron[second='1,6,11,16,21,26,31,36,41,46,51,56'], next run at: 2026-09-17 17:37:46 +07)" executed successfully
2026-09-17 17:37:46,009 INFO apscheduler.executors.default: Running job "main.<locals>.run_scan (trigger: cron[second='1,6,11,16,21,26,31,36,41,46,51,56'], next run at: 2026-09-17 17:37:51 +07)" (scheduled at 2026-09-17 17:37:46+07:00)
2026-09-17 17:37:46,725 INFO apscheduler.executors.default: Running job "main.<locals>.run_lts_aus_fast_scan (trigger: interval[0:00:05], next run at: 2026-09-17 17:37:51 +07)" (scheduled at 2026-09-17 17:37:46.713136+07:00)
2026-09-17 17:37:46,730 INFO apscheduler.executors.default: Job "main.<locals>.run_lts_aus_fast_scan (trigger: interval[0:00:05], next run at: 2026-09-17 17:37:51 +07)" executed successfully
2026-09-17 17:37:46,731 INFO apscheduler.executors.default: Running job "main.<locals>.run_position_check (trigger: interval[0:00:05], next run at: 2026-09-17 17:37:51 +07)" (scheduled at 2026-09-17 17:37:46.713136+07:00)
2026-09-17 17:37:46,773 INFO apscheduler.executors.default: Job "main.<locals>.run_position_check (trigger: interval[0:00:05], next run at: 2026-09-17 17:37:51 +07)" executed successfully
2026-09-17 17:37:46,774 INFO apscheduler.executors.default: Running job "main.<locals>.run_trail_sl (trigger: interval[0:00:05], next run at: 2026-09-17 17:37:51 +07)" (scheduled at 2026-09-17 17:37:46.713136+07:00)
2026-09-17 17:37:46,778 INFO apscheduler.executors.default: Job "main.<locals>.run_trail_sl (trigger: interval[0:00:05], next run at: 2026-09-17 17:37:51 +07)" executed successfully
2026-09-17 17:37:46,805 INFO apscheduler.executors.default: Job "main.<locals>.run_scan (trigger: cron[second='1,6,11,16,21,26,31,36,41,46,51,56'], next run at: 2026-09-17 17:37:51 +07)" executed successfully
2026-09-17 17:37:47,080 INFO httpx: HTTP Request: POST https://api.telegram.org/bot8698852591:AAGLSZSQhC0W0KP9ZeZ9Gkr6k-NFoghMC68/getUpdates "HTTP/1.1 200 OK"
2026-09-17 17:37:51,011 INFO apscheduler.executors.default: Running job "main.<locals>.run_scan (trigger: cron[second='1,6,11,16,21,26,31,36,41,46,51,56'], next run at: 2026-09-17 17:37:56 +07)" (scheduled at 2026-09-17 17:37:51+07:00)
2026-09-17 17:37:51,722 INFO apscheduler.executors.default: Running job "main.<locals>.run_lts_aus_fast_scan (trigger: interval[0:00:05], next run at: 2026-09-17 17:37:56 +07)" (scheduled at 2026-09-17 17:37:51.713136+07:00)
2026-09-17 17:37:51,723 INFO apscheduler.executors.default: Job "main.<locals>.run_lts_aus_fast_scan (trigger: interval[0:00:05], next run at: 2026-09-17 17:37:56 +07)" executed successfully
2026-09-17 17:37:51,723 INFO apscheduler.executors.default: Running job "main.<locals>.run_position_check (trigger: interval[0:00:05], next run at: 2026-09-17 17:37:56 +07)" (scheduled at 2026-09-17 17:37:51.713136+07:00)
2026-09-17 17:37:51,754 INFO apscheduler.executors.default: Job "main.<locals>.run_position_check (trigger: interval[0:00:05], next run at: 2026-09-17 17:37:56 +07)" executed successfully
2026-09-17 17:37:51,755 INFO apscheduler.executors.default: Running job "main.<locals>.run_trail_sl (trigger: interval[0:00:05], next run at: 2026-09-17 17:37:56 +07)" (scheduled at 2026-09-17 17:37:51.713136+07:00)
2026-09-17 17:37:51,756 INFO apscheduler.executors.default: Job "main.<locals>.run_trail_sl (trigger: interval[0:00:05], next run at: 2026-09-17 17:37:56 +07)" executed successfully
2026-09-17 17:37:51,767 INFO apscheduler.executors.default: Job "main.<locals>.run_scan (trigger: cron[second='1,6,11,16,21,26,31,36,41,46,51,56'], next run at: 2026-09-17 17:37:56 +07)" executed successfully
2026-09-17 17:37:55,716 INFO apscheduler.executors.default: Running job "main.<locals>.write_heartbeat_job (trigger: interval[0:00:15], next run at: 2026-09-17 17:38:10 +07)" (scheduled at 2026-09-17 17:37:55.715137+07:00)
2026-09-17 17:37:55,718 INFO apscheduler.executors.default: Job "main.<locals>.write_heartbeat_job (trigger: interval[0:00:15], next run at: 2026-09-17 17:38:10 +07)" executed successfully
2026-09-17 17:37:56,013 INFO apscheduler.executors.default: Running job "main.<locals>.run_scan (trigger: cron[second='1,6,11,16,21,26,31,36,41,46,51,56'], next run at: 2026-09-17 17:38:01 +07)" (scheduled at 2026-09-17 17:37:56+07:00)
2026-09-17 17:37:56,721 INFO apscheduler.executors.default: Running job "main.<locals>.check_symbol_switch (trigger: interval[0:01:00], next run at: 2026-09-17 17:38:56 +07)" (scheduled at 2026-09-17 17:37:56.709584+07:00)
2026-09-17 17:37:56,729 INFO apscheduler.executors.default: Job "main.<locals>.check_symbol_switch (trigger: interval[0:01:00], next run at: 2026-09-17 17:38:56 +07)" executed successfully
2026-09-17 17:37:56,729 INFO apscheduler.executors.default: Running job "main.<locals>.run_lts_aus_fast_scan (trigger: interval[0:00:05], next run at: 2026-09-17 17:38:01 +07)" (scheduled at 2026-09-17 17:37:56.713136+07:00)
2026-09-17 17:37:56,729 INFO apscheduler.executors.default: Job "main.<locals>.run_lts_aus_fast_scan (trigger: interval[0:00:05], next run at: 2026-09-17 17:38:01 +07)" executed successfully
2026-09-17 17:37:56,729 INFO apscheduler.executors.default: Running job "main.<locals>.run_position_check (trigger: interval[0:00:05], next run at: 2026-09-17 17:38:01 +07)" (scheduled at 2026-09-17 17:37:56.713136+07:00)
2026-09-17 17:37:56,748 INFO apscheduler.executors.default: Job "main.<locals>.run_position_check (trigger: interval[0:00:05], next run at: 2026-09-17 17:38:01 +07)" executed successfully
2026-09-17 17:37:56,749 INFO apscheduler.executors.default: Running job "main.<locals>.run_trail_sl (trigger: interval[0:00:05], next run at: 2026-09-17 17:38:01 +07)" (scheduled at 2026-09-17 17:37:56.713136+07:00)
2026-09-17 17:37:56,750 INFO apscheduler.executors.default: Job "main.<locals>.run_trail_sl (trigger: interval[0:00:05], next run at: 2026-09-17 17:38:01 +07)" executed successfully
2026-09-17 17:37:56,750 INFO apscheduler.executors.default: Running job "main.<locals>.save_bot_state_job (trigger: interval[0:00:15], next run at: 2026-09-17 17:38:11 +07)" (scheduled at 2026-09-17 17:37:56.714136+07:00)
2026-09-17 17:37:56,752 INFO apscheduler.executors.default: Job "main.<locals>.save_bot_state_job (trigger: interval[0:00:15], next run at: 2026-09-17 17:38:11 +07)" executed successfully
2026-09-17 17:37:56,752 INFO apscheduler.executors.default: Running job "main.<locals>.run_watchdog (trigger: interval[0:01:00], next run at: 2026-09-17 17:38:56 +07)" (scheduled at 2026-09-17 17:37:56.715137+07:00)
2026-09-17 17:37:56,757 INFO apscheduler.executors.default: Job "main.<locals>.run_watchdog (trigger: interval[0:01:00], next run at: 2026-09-17 17:38:56 +07)" executed successfully
2026-09-17 17:37:56,768 INFO apscheduler.executors.default: Job "main.<locals>.run_scan (trigger: cron[second='1,6,11,16,21,26,31,36,41,46,51,56'], next run at: 2026-09-17 17:38:01 +07)" executed successfully
2026-09-17 17:37:57,273 INFO httpx: HTTP Request: POST https://api.telegram.org/bot8698852591:AAGLSZSQhC0W0KP9ZeZ9Gkr6k-NFoghMC68/getUpdates "HTTP/1.1 200 OK"
2026-09-17 17:38:01,022 INFO apscheduler.executors.default: Running job "main.<locals>.run_scan (trigger: cron[second='1,6,11,16,21,26,31,36,41,46,51,56'], next run at: 2026-09-17 17:38:06 +07)" (scheduled at 2026-09-17 17:38:01+07:00)
2026-09-17 17:38:01,722 INFO apscheduler.executors.default: Running job "main.<locals>.run_lts_aus_fast_scan (trigger: interval[0:00:05], next run at: 2026-09-17 17:38:06 +07)" (scheduled at 2026-09-17 17:38:01.713136+07:00)
2026-09-17 17:38:01,726 INFO apscheduler.executors.default: Job "main.<locals>.run_lts_aus_fast_scan (trigger: interval[0:00:05], next run at: 2026-09-17 17:38:06 +07)" executed successfully
2026-09-17 17:38:01,728 INFO apscheduler.executors.default: Running job "main.<locals>.run_position_check (trigger: interval[0:00:05], next run at: 2026-09-17 17:38:06 +07)" (scheduled at 2026-09-17 17:38:01.713136+07:00)
2026-09-17 17:38:01,771 INFO apscheduler.executors.default: Job "main.<locals>.run_position_check (trigger: interval[0:00:05], next run at: 2026-09-17 17:38:06 +07)" executed successfully
2026-09-17 17:38:01,771 INFO apscheduler.executors.default: Running job "main.<locals>.run_trail_sl (trigger: interval[0:00:05], next run at: 2026-09-17 17:38:06 +07)" (scheduled at 2026-09-17 17:38:01.713136+07:00)
2026-09-17 17:38:01,773 INFO apscheduler.executors.default: Job "main.<locals>.run_trail_sl (trigger: interval[0:00:05], next run at: 2026-09-17 17:38:06 +07)" executed successfully
2026-09-17 17:38:01,793 INFO apscheduler.executors.default: Job "main.<locals>.run_scan (trigger: cron[second='1,6,11,16,21,26,31,36,41,46,51,56'], next run at: 2026-09-17 17:38:06 +07)" executed successfully
2026-09-17 17:38:06,022 INFO apscheduler.executors.default: Running job "main.<locals>.run_scan (trigger: cron[second='1,6,11,16,21,26,31,36,41,46,51,56'], next run at: 2026-09-17 17:38:11 +07)" (scheduled at 2026-09-17 17:38:06+07:00)
2026-09-17 17:38:06,720 INFO apscheduler.executors.default: Running job "main.<locals>.run_lts_aus_fast_scan (trigger: interval[0:00:05], next run at: 2026-09-17 17:38:11 +07)" (scheduled at 2026-09-17 17:38:06.713136+07:00)
2026-09-17 17:38:06,720 INFO apscheduler.executors.default: Job "main.<locals>.run_lts_aus_fast_scan (trigger: interval[0:00:05], next run at: 2026-09-17 17:38:11 +07)" executed successfully
2026-09-17 17:38:06,722 INFO apscheduler.executors.default: Running job "main.<locals>.run_position_check (trigger: interval[0:00:05], next run at: 2026-09-17 17:38:11 +07)" (scheduled at 2026-09-17 17:38:06.713136+07:00)
2026-09-17 17:38:06,773 INFO apscheduler.executors.default: Job "main.<locals>.run_position_check (trigger: interval[0:00:05], next run at: 2026-09-17 17:38:11 +07)" executed successfully
2026-09-17 17:38:06,773 INFO apscheduler.executors.default: Running job "main.<locals>.run_trail_sl (trigger: interval[0:00:05], next run at: 2026-09-17 17:38:11 +07)" (scheduled at 2026-09-17 17:38:06.713136+07:00)
2026-09-17 17:38:06,776 INFO apscheduler.executors.default: Job "main.<locals>.run_trail_sl (trigger: interval[0:00:05], next run at: 2026-09-17 17:38:11 +07)" executed successfully
2026-09-17 17:38:06,976 INFO apscheduler.executors.default: Job "main.<locals>.run_scan (trigger: cron[second='1,6,11,16,21,26,31,36,41,46,51,56'], next run at: 2026-09-17 17:38:11 +07)" executed successfully
2026-09-17 17:38:07,589 INFO httpx: HTTP Request: POST https://api.telegram.org/bot8698852591:AAGLSZSQhC0W0KP9ZeZ9Gkr6k-NFoghMC68/getUpdates "HTTP/1.1 200 OK"
2026-09-17 17:38:10,737 INFO apscheduler.executors.default: Running job "main.<locals>.write_heartbeat_job (trigger: interval[0:00:15], next run at: 2026-09-17 17:38:25 +07)" (scheduled at 2026-09-17 17:38:10.715137+07:00)
2026-09-17 17:38:10,741 INFO apscheduler.executors.default: Job "main.<locals>.write_heartbeat_job (trigger: interval[0:00:15], next run at: 2026-09-17 17:38:25 +07)" executed successfully
2026-09-17 17:38:11,002 INFO apscheduler.executors.default: Running job "main.<locals>.run_scan (trigger: cron[second='1,6,11,16,21,26,31,36,41,46,51,56'], next run at: 2026-09-17 17:38:16 +07)" (scheduled at 2026-09-17 17:38:11+07:00)
2026-09-17 17:38:11,724 INFO apscheduler.executors.default: Running job "main.<locals>.run_lts_aus_fast_scan (trigger: interval[0:00:05], next run at: 2026-09-17 17:38:16 +07)" (scheduled at 2026-09-17 17:38:11.713136+07:00)
2026-09-17 17:38:11,726 INFO apscheduler.executors.default: Job "main.<locals>.run_lts_aus_fast_scan (trigger: interval[0:00:05], next run at: 2026-09-17 17:38:16 +07)" executed successfully
2026-09-17 17:38:11,727 INFO apscheduler.executors.default: Running job "main.<locals>.run_position_check (trigger: interval[0:00:05], next run at: 2026-09-17 17:38:16 +07)" (scheduled at 2026-09-17 17:38:11.713136+07:00)
2026-09-17 17:38:11,772 INFO apscheduler.executors.default: Job "main.<locals>.run_position_check (trigger: interval[0:00:05], next run at: 2026-09-17 17:38:16 +07)" executed successfully
2026-09-17 17:38:11,773 INFO apscheduler.executors.default: Running job "main.<locals>.run_trail_sl (trigger: interval[0:00:05], next run at: 2026-09-17 17:38:16 +07)" (scheduled at 2026-09-17 17:38:11.713136+07:00)
2026-09-17 17:38:11,775 INFO apscheduler.executors.default: Job "main.<locals>.run_trail_sl (trigger: interval[0:00:05], next run at: 2026-09-17 17:38:16 +07)" executed successfully
2026-09-17 17:38:11,775 INFO apscheduler.executors.default: Running job "main.<locals>.save_bot_state_job (trigger: interval[0:00:15], next run at: 2026-09-17 17:38:26 +07)" (scheduled at 2026-09-17 17:38:11.714136+07:00)
2026-09-17 17:38:11,781 INFO apscheduler.executors.default: Job "main.<locals>.save_bot_state_job (trigger: interval[0:00:15], next run at: 2026-09-17 17:38:26 +07)" executed successfully
2026-09-17 17:38:12,047 INFO apscheduler.executors.default: Job "main.<locals>.run_scan (trigger: cron[second='1,6,11,16,21,26,31,36,41,46,51,56'], next run at: 2026-09-17 17:38:16 +07)" executed successfully
2026-09-17 17:38:16,021 INFO apscheduler.executors.default: Running job "main.<locals>.run_scan (trigger: cron[second='1,6,11,16,21,26,31,36,41,46,51,56'], next run at: 2026-09-17 17:38:21 +07)" (scheduled at 2026-09-17 17:38:16+07:00)
2026-09-17 17:38:16,734 INFO apscheduler.executors.default: Running job "main.<locals>.run_lts_aus_fast_scan (trigger: interval[0:00:05], next run at: 2026-09-17 17:38:21 +07)" (scheduled at 2026-09-17 17:38:16.713136+07:00)
2026-09-17 17:38:16,739 INFO apscheduler.executors.default: Job "main.<locals>.run_lts_aus_fast_scan (trigger: interval[0:00:05], next run at: 2026-09-17 17:38:21 +07)" executed successfully
2026-09-17 17:38:16,739 INFO apscheduler.executors.default: Running job "main.<locals>.run_position_check (trigger: interval[0:00:05], next run at: 2026-09-17 17:38:21 +07)" (scheduled at 2026-09-17 17:38:16.713136+07:00)
2026-09-17 17:38:16,787 INFO apscheduler.executors.default: Job "main.<locals>.run_position_check (trigger: interval[0:00:05], next run at: 2026-09-17 17:38:21 +07)" executed successfully
2026-09-17 17:38:16,788 INFO apscheduler.executors.default: Running job "main.<locals>.run_trail_sl (trigger: interval[0:00:05], next run at: 2026-09-17 17:38:21 +07)" (scheduled at 2026-09-17 17:38:16.713136+07:00)
2026-09-17 17:38:16,793 INFO apscheduler.executors.default: Job "main.<locals>.run_trail_sl (trigger: interval[0:00:05], next run at: 2026-09-17 17:38:21 +07)" executed successfully
2026-09-17 17:38:16,965 INFO apscheduler.executors.default: Job "main.<locals>.run_scan (trigger: cron[second='1,6,11,16,21,26,31,36,41,46,51,56'], next run at: 2026-09-17 17:38:21 +07)" executed successfully
2026-09-17 17:38:17,794 INFO httpx: HTTP Request: POST https://api.telegram.org/bot8698852591:AAGLSZSQhC0W0KP9ZeZ9Gkr6k-NFoghMC68/getUpdates "HTTP/1.1 200 OK"
2026-09-17 17:38:21,006 INFO apscheduler.executors.default: Running job "main.<locals>.run_scan (trigger: cron[second='1,6,11,16,21,26,31,36,41,46,51,56'], next run at: 2026-09-17 17:38:26 +07)" (scheduled at 2026-09-17 17:38:21+07:00)
2026-09-17 17:38:21,731 INFO apscheduler.executors.default: Running job "main.<locals>.run_lts_aus_fast_scan (trigger: interval[0:00:05], next run at: 2026-09-17 17:38:26 +07)" (scheduled at 2026-09-17 17:38:21.713136+07:00)
2026-09-17 17:38:21,732 INFO apscheduler.executors.default: Job "main.<locals>.run_lts_aus_fast_scan (trigger: interval[0:00:05], next run at: 2026-09-17 17:38:26 +07)" executed successfully
2026-09-17 17:38:21,732 INFO apscheduler.executors.default: Running job "main.<locals>.run_position_check (trigger: interval[0:00:05], next run at: 2026-09-17 17:38:26 +07)" (scheduled at 2026-09-17 17:38:21.713136+07:00)
2026-09-17 17:38:21,773 INFO apscheduler.executors.default: Job "main.<locals>.run_position_check (trigger: interval[0:00:05], next run at: 2026-09-17 17:38:26 +07)" executed successfully
2026-09-17 17:38:21,773 INFO apscheduler.executors.default: Running job "main.<locals>.run_trail_sl (trigger: interval[0:00:05], next run at: 2026-09-17 17:38:26 +07)" (scheduled at 2026-09-17 17:38:21.713136+07:00)
2026-09-17 17:38:21,774 INFO apscheduler.executors.default: Job "main.<locals>.run_trail_sl (trigger: interval[0:00:05], next run at: 2026-09-17 17:38:26 +07)" executed successfully
2026-09-17 17:38:21,793 INFO apscheduler.executors.default: Job "main.<locals>.run_scan (trigger: cron[second='1,6,11,16,21,26,31,36,41,46,51,56'], next run at: 2026-09-17 17:38:26 +07)" executed successfully
2026-09-17 17:38:25,726 INFO apscheduler.executors.default: Running job "main.<locals>.write_heartbeat_job (trigger: interval[0:00:15], next run at: 2026-09-17 17:38:40 +07)" (scheduled at 2026-09-17 17:38:25.715137+07:00)
2026-09-17 17:38:25,729 INFO apscheduler.executors.default: Job "main.<locals>.write_heartbeat_job (trigger: interval[0:00:15], next run at: 2026-09-17 17:38:40 +07)" executed successfully
2026-09-17 17:38:26,005 INFO apscheduler.executors.default: Running job "main.<locals>.run_scan (trigger: cron[second='1,6,11,16,21,26,31,36,41,46,51,56'], next run at: 2026-09-17 17:38:31 +07)" (scheduled at 2026-09-17 17:38:26+07:00)
2026-09-17 17:38:26,718 INFO apscheduler.executors.default: Running job "main.<locals>.run_lts_aus_fast_scan (trigger: interval[0:00:05], next run at: 2026-09-17 17:38:31 +07)" (scheduled at 2026-09-17 17:38:26.713136+07:00)
2026-09-17 17:38:26,720 INFO apscheduler.executors.default: Job "main.<locals>.run_lts_aus_fast_scan (trigger: interval[0:00:05], next run at: 2026-09-17 17:38:31 +07)" executed successfully
2026-09-17 17:38:26,722 INFO apscheduler.executors.default: Running job "main.<locals>.run_position_check (trigger: interval[0:00:05], next run at: 2026-09-17 17:38:31 +07)" (scheduled at 2026-09-17 17:38:26.713136+07:00)
2026-09-17 17:38:26,765 INFO apscheduler.executors.default: Job "main.<locals>.run_position_check (trigger: interval[0:00:05], next run at: 2026-09-17 17:38:31 +07)" executed successfully
2026-09-17 17:38:26,766 INFO apscheduler.executors.default: Running job "main.<locals>.run_trail_sl (trigger: interval[0:00:05], next run at: 2026-09-17 17:38:31 +07)" (scheduled at 2026-09-17 17:38:26.713136+07:00)
2026-09-17 17:38:26,767 INFO apscheduler.executors.default: Job "main.<locals>.run_trail_sl (trigger: interval[0:00:05], next run at: 2026-09-17 17:38:31 +07)" executed successfully
2026-09-17 17:38:26,768 INFO apscheduler.executors.default: Running job "main.<locals>.save_bot_state_job (trigger: interval[0:00:15], next run at: 2026-09-17 17:38:41 +07)" (scheduled at 2026-09-17 17:38:26.714136+07:00)
2026-09-17 17:38:26,773 INFO apscheduler.executors.default: Job "main.<locals>.save_bot_state_job (trigger: interval[0:00:15], next run at: 2026-09-17 17:38:41 +07)" executed successfully
2026-09-17 17:38:26,804 INFO apscheduler.executors.default: Job "main.<locals>.run_scan (trigger: cron[second='1,6,11,16,21,26,31,36,41,46,51,56'], next run at: 2026-09-17 17:38:31 +07)" executed successfully
2026-09-17 17:38:27,989 INFO httpx: HTTP Request: POST https://api.telegram.org/bot8698852591:AAGLSZSQhC0W0KP9ZeZ9Gkr6k-NFoghMC68/getUpdates "HTTP/1.1 200 OK"
2026-09-17 17:38:31,015 INFO apscheduler.executors.default: Running job "main.<locals>.run_scan (trigger: cron[second='1,6,11,16,21,26,31,36,41,46,51,56'], next run at: 2026-09-17 17:38:36 +07)" (scheduled at 2026-09-17 17:38:31+07:00)
2026-09-17 17:38:31,728 INFO apscheduler.executors.default: Running job "main.<locals>.run_lts_aus_fast_scan (trigger: interval[0:00:05], next run at: 2026-09-17 17:38:36 +07)" (scheduled at 2026-09-17 17:38:31.713136+07:00)
2026-09-17 17:38:31,734 INFO apscheduler.executors.default: Job "main.<locals>.run_lts_aus_fast_scan (trigger: interval[0:00:05], next run at: 2026-09-17 17:38:36 +07)" executed successfully
2026-09-17 17:38:31,734 INFO apscheduler.executors.default: Running job "main.<locals>.run_position_check (trigger: interval[0:00:05], next run at: 2026-09-17 17:38:36 +07)" (scheduled at 2026-09-17 17:38:31.713136+07:00)
2026-09-17 17:38:31,778 INFO apscheduler.executors.default: Job "main.<locals>.run_position_check (trigger: interval[0:00:05], next run at: 2026-09-17 17:38:36 +07)" executed successfully
2026-09-17 17:38:31,778 INFO apscheduler.executors.default: Running job "main.<locals>.run_trail_sl (trigger: interval[0:00:05], next run at: 2026-09-17 17:38:36 +07)" (scheduled at 2026-09-17 17:38:31.713136+07:00)
2026-09-17 17:38:31,780 INFO apscheduler.executors.default: Job "main.<locals>.run_trail_sl (trigger: interval[0:00:05], next run at: 2026-09-17 17:38:36 +07)" executed successfully
2026-09-17 17:38:31,790 INFO apscheduler.executors.default: Job "main.<locals>.run_scan (trigger: cron[second='1,6,11,16,21,26,31,36,41,46,51,56'], next run at: 2026-09-17 17:38:36 +07)" executed successfully
2026-09-17 17:38:36,014 INFO apscheduler.executors.default: Running job "main.<locals>.run_scan (trigger: cron[second='1,6,11,16,21,26,31,36,41,46,51,56'], next run at: 2026-09-17 17:38:41 +07)" (scheduled at 2026-09-17 17:38:36+07:00)
2026-09-17 17:38:36,729 INFO apscheduler.executors.default: Running job "main.<locals>.run_lts_aus_fast_scan (trigger: interval[0:00:05], next run at: 2026-09-17 17:38:41 +07)" (scheduled at 2026-09-17 17:38:36.713136+07:00)
2026-09-17 17:38:36,729 INFO apscheduler.executors.default: Job "main.<locals>.run_lts_aus_fast_scan (trigger: interval[0:00:05], next run at: 2026-09-17 17:38:41 +07)" executed successfully
2026-09-17 17:38:36,729 INFO apscheduler.executors.default: Running job "main.<locals>.run_position_check (trigger: interval[0:00:05], next run at: 2026-09-17 17:38:41 +07)" (scheduled at 2026-09-17 17:38:36.713136+07:00)
2026-09-17 17:38:36,776 INFO apscheduler.executors.default: Job "main.<locals>.run_position_check (trigger: interval[0:00:05], next run at: 2026-09-17 17:38:41 +07)" executed successfully
2026-09-17 17:38:36,777 INFO apscheduler.executors.default: Running job "main.<locals>.run_trail_sl (trigger: interval[0:00:05], next run at: 2026-09-17 17:38:41 +07)" (scheduled at 2026-09-17 17:38:36.713136+07:00)
2026-09-17 17:38:36,780 INFO apscheduler.executors.default: Job "main.<locals>.run_trail_sl (trigger: interval[0:00:05], next run at: 2026-09-17 17:38:41 +07)" executed successfully
2026-09-17 17:38:36,862 INFO apscheduler.executors.default: Job "main.<locals>.run_scan (trigger: cron[second='1,6,11,16,21,26,31,36,41,46,51,56'], next run at: 2026-09-17 17:38:41 +07)" executed successfully
2026-09-17 17:38:38,183 INFO httpx: HTTP Request: POST https://api.telegram.org/bot8698852591:AAGLSZSQhC0W0KP9ZeZ9Gkr6k-NFoghMC68/getUpdates "HTTP/1.1 200 OK"
2026-09-17 17:38:40,732 INFO apscheduler.executors.default: Running job "main.<locals>.write_heartbeat_job (trigger: interval[0:00:15], next run at: 2026-09-17 17:38:55 +07)" (scheduled at 2026-09-17 17:38:40.715137+07:00)
2026-09-17 17:38:40,734 INFO apscheduler.executors.default: Job "main.<locals>.write_heartbeat_job (trigger: interval[0:00:15], next run at: 2026-09-17 17:38:55 +07)" executed successfully
2026-09-17 17:38:41,011 INFO apscheduler.executors.default: Running job "main.<locals>.run_scan (trigger: cron[second='1,6,11,16,21,26,31,36,41,46,51,56'], next run at: 2026-09-17 17:38:46 +07)" (scheduled at 2026-09-17 17:38:41+07:00)
2026-09-17 17:38:41,722 INFO apscheduler.executors.default: Running job "main.<locals>.run_lts_aus_fast_scan (trigger: interval[0:00:05], next run at: 2026-09-17 17:38:46 +07)" (scheduled at 2026-09-17 17:38:41.713136+07:00)
2026-09-17 17:38:41,723 INFO apscheduler.executors.default: Job "main.<locals>.run_lts_aus_fast_scan (trigger: interval[0:00:05], next run at: 2026-09-17 17:38:46 +07)" executed successfully
2026-09-17 17:38:41,723 INFO apscheduler.executors.default: Running job "main.<locals>.run_position_check (trigger: interval[0:00:05], next run at: 2026-09-17 17:38:46 +07)" (scheduled at 2026-09-17 17:38:41.713136+07:00)
2026-09-17 17:38:41,773 INFO apscheduler.executors.default: Job "main.<locals>.run_position_check (trigger: interval[0:00:05], next run at: 2026-09-17 17:38:46 +07)" executed successfully
2026-09-17 17:38:41,773 INFO apscheduler.executors.default: Running job "main.<locals>.run_trail_sl (trigger: interval[0:00:05], next run at: 2026-09-17 17:38:46 +07)" (scheduled at 2026-09-17 17:38:41.713136+07:00)
2026-09-17 17:38:41,775 INFO apscheduler.executors.default: Job "main.<locals>.run_trail_sl (trigger: interval[0:00:05], next run at: 2026-09-17 17:38:46 +07)" executed successfully
2026-09-17 17:38:41,775 INFO apscheduler.executors.default: Running job "main.<locals>.save_bot_state_job (trigger: interval[0:00:15], next run at: 2026-09-17 17:38:56 +07)" (scheduled at 2026-09-17 17:38:41.714136+07:00)
2026-09-17 17:38:41,780 INFO apscheduler.executors.default: Job "main.<locals>.save_bot_state_job (trigger: interval[0:00:15], next run at: 2026-09-17 17:38:56 +07)" executed successfully
2026-09-17 17:38:41,849 INFO apscheduler.executors.default: Job "main.<locals>.run_scan (trigger: cron[second='1,6,11,16,21,26,31,36,41,46,51,56'], next run at: 2026-09-17 17:38:46 +07)" executed successfully
2026-09-17 17:38:46,008 INFO apscheduler.executors.default: Running job "main.<locals>.run_scan (trigger: cron[second='1,6,11,16,21,26,31,36,41,46,51,56'], next run at: 2026-09-17 17:38:51 +07)" (scheduled at 2026-09-17 17:38:46+07:00)
2026-09-17 17:38:46,733 INFO apscheduler.executors.default: Running job "main.<locals>.run_lts_aus_fast_scan (trigger: interval[0:00:05], next run at: 2026-09-17 17:38:51 +07)" (scheduled at 2026-09-17 17:38:46.713136+07:00)
2026-09-17 17:38:46,738 INFO apscheduler.executors.default: Job "main.<locals>.run_lts_aus_fast_scan (trigger: interval[0:00:05], next run at: 2026-09-17 17:38:51 +07)" executed successfully
2026-09-17 17:38:46,738 INFO apscheduler.executors.default: Running job "main.<locals>.run_position_check (trigger: interval[0:00:05], next run at: 2026-09-17 17:38:51 +07)" (scheduled at 2026-09-17 17:38:46.713136+07:00)
2026-09-17 17:38:46,788 INFO apscheduler.executors.default: Job "main.<locals>.run_position_check (trigger: interval[0:00:05], next run at: 2026-09-17 17:38:51 +07)" executed successfully
2026-09-17 17:38:46,788 INFO apscheduler.executors.default: Running job "main.<locals>.run_trail_sl (trigger: interval[0:00:05], next run at: 2026-09-17 17:38:51 +07)" (scheduled at 2026-09-17 17:38:46.713136+07:00)
2026-09-17 17:38:46,791 INFO apscheduler.executors.default: Job "main.<locals>.run_trail_sl (trigger: interval[0:00:05], next run at: 2026-09-17 17:38:51 +07)" executed successfully
2026-09-17 17:38:46,822 INFO apscheduler.executors.default: Job "main.<locals>.run_scan (trigger: cron[second='1,6,11,16,21,26,31,36,41,46,51,56'], next run at: 2026-09-17 17:38:51 +07)" executed successfully
2026-09-17 17:38:48,376 INFO httpx: HTTP Request: POST https://api.telegram.org/bot8698852591:AAGLSZSQhC0W0KP9ZeZ9Gkr6k-NFoghMC68/getUpdates "HTTP/1.1 200 OK"
2026-09-17 17:38:51,002 INFO apscheduler.executors.default: Running job "main.<locals>.run_scan (trigger: cron[second='1,6,11,16,21,26,31,36,41,46,51,56'], next run at: 2026-09-17 17:38:56 +07)" (scheduled at 2026-09-17 17:38:51+07:00)
2026-09-17 17:38:51,735 INFO apscheduler.executors.default: Running job "main.<locals>.run_lts_aus_fast_scan (trigger: interval[0:00:05], next run at: 2026-09-17 17:38:56 +07)" (scheduled at 2026-09-17 17:38:51.713136+07:00)
2026-09-17 17:38:51,736 INFO apscheduler.executors.default: Job "main.<locals>.run_lts_aus_fast_scan (trigger: interval[0:00:05], next run at: 2026-09-17 17:38:56 +07)" executed successfully
2026-09-17 17:38:51,736 INFO apscheduler.executors.default: Running job "main.<locals>.run_position_check (trigger: interval[0:00:05], next run at: 2026-09-17 17:38:56 +07)" (scheduled at 2026-09-17 17:38:51.713136+07:00)
2026-09-17 17:38:51,757 INFO apscheduler.executors.default: Job "main.<locals>.run_position_check (trigger: interval[0:00:05], next run at: 2026-09-17 17:38:56 +07)" executed successfully
2026-09-17 17:38:51,758 INFO apscheduler.executors.default: Running job "main.<locals>.run_trail_sl (trigger: interval[0:00:05], next run at: 2026-09-17 17:38:56 +07)" (scheduled at 2026-09-17 17:38:51.713136+07:00)
2026-09-17 17:38:51,759 INFO apscheduler.executors.default: Job "main.<locals>.run_trail_sl (trigger: interval[0:00:05], next run at: 2026-09-17 17:38:56 +07)" executed successfully
2026-09-17 17:38:51,770 INFO apscheduler.executors.default: Job "main.<locals>.run_scan (trigger: cron[second='1,6,11,16,21,26,31,36,41,46,51,56'], next run at: 2026-09-17 17:38:56 +07)" executed successfully
2026-09-17 17:38:55,730 INFO apscheduler.executors.default: Running job "main.<locals>.write_heartbeat_job (trigger: interval[0:00:15], next run at: 2026-09-17 17:39:10 +07)" (scheduled at 2026-09-17 17:38:55.715137+07:00)
2026-09-17 17:38:55,732 INFO apscheduler.executors.default: Job "main.<locals>.write_heartbeat_job (trigger: interval[0:00:15], next run at: 2026-09-17 17:39:10 +07)" executed successfully
2026-09-17 17:38:56,011 INFO apscheduler.executors.default: Running job "main.<locals>.run_scan (trigger: cron[second='1,6,11,16,21,26,31,36,41,46,51,56'], next run at: 2026-09-17 17:39:01 +07)" (scheduled at 2026-09-17 17:38:56+07:00)
2026-09-17 17:38:56,725 INFO apscheduler.executors.default: Running job "main.<locals>.check_symbol_switch (trigger: interval[0:01:00], next run at: 2026-09-17 17:39:56 +07)" (scheduled at 2026-09-17 17:38:56.709584+07:00)
2026-09-17 17:38:56,743 INFO apscheduler.executors.default: Job "main.<locals>.check_symbol_switch (trigger: interval[0:01:00], next run at: 2026-09-17 17:39:56 +07)" executed successfully
2026-09-17 17:38:56,744 INFO apscheduler.executors.default: Running job "main.<locals>.run_lts_aus_fast_scan (trigger: interval[0:00:05], next run at: 2026-09-17 17:39:01 +07)" (scheduled at 2026-09-17 17:38:56.713136+07:00)
2026-09-17 17:38:56,746 INFO apscheduler.executors.default: Job "main.<locals>.run_lts_aus_fast_scan (trigger: interval[0:00:05], next run at: 2026-09-17 17:39:01 +07)" executed successfully
2026-09-17 17:38:56,746 INFO apscheduler.executors.default: Running job "main.<locals>.run_position_check (trigger: interval[0:00:05], next run at: 2026-09-17 17:39:01 +07)" (scheduled at 2026-09-17 17:38:56.713136+07:00)
2026-09-17 17:38:56,791 INFO apscheduler.executors.default: Job "main.<locals>.run_position_check (trigger: interval[0:00:05], next run at: 2026-09-17 17:39:01 +07)" executed successfully
2026-09-17 17:38:56,791 INFO apscheduler.executors.default: Running job "main.<locals>.run_trail_sl (trigger: interval[0:00:05], next run at: 2026-09-17 17:39:01 +07)" (scheduled at 2026-09-17 17:38:56.713136+07:00)
2026-09-17 17:38:56,792 INFO apscheduler.executors.default: Job "main.<locals>.run_trail_sl (trigger: interval[0:00:05], next run at: 2026-09-17 17:39:01 +07)" executed successfully
2026-09-17 17:38:56,792 INFO apscheduler.executors.default: Running job "main.<locals>.save_bot_state_job (trigger: interval[0:00:15], next run at: 2026-09-17 17:39:11 +07)" (scheduled at 2026-09-17 17:38:56.714136+07:00)
2026-09-17 17:38:56,800 INFO apscheduler.executors.default: Job "main.<locals>.save_bot_state_job (trigger: interval[0:00:15], next run at: 2026-09-17 17:39:11 +07)" executed successfully
2026-09-17 17:38:56,801 INFO apscheduler.executors.default: Running job "main.<locals>.run_watchdog (trigger: interval[0:01:00], next run at: 2026-09-17 17:39:56 +07)" (scheduled at 2026-09-17 17:38:56.715137+07:00)
2026-09-17 17:38:56,811 INFO apscheduler.executors.default: Job "main.<locals>.run_watchdog (trigger: interval[0:01:00], next run at: 2026-09-17 17:39:56 +07)" executed successfully
2026-09-17 17:38:56,922 INFO apscheduler.executors.default: Job "main.<locals>.run_scan (trigger: cron[second='1,6,11,16,21,26,31,36,41,46,51,56'], next run at: 2026-09-17 17:39:01 +07)" executed successfully
2026-09-17 17:38:58,576 INFO httpx: HTTP Request: POST https://api.telegram.org/bot8698852591:AAGLSZSQhC0W0KP9ZeZ9Gkr6k-NFoghMC68/getUpdates "HTTP/1.1 200 OK"
2026-09-17 17:39:01,002 INFO apscheduler.executors.default: Running job "main.<locals>.run_scan (trigger: cron[second='1,6,11,16,21,26,31,36,41,46,51,56'], next run at: 2026-09-17 17:39:06 +07)" (scheduled at 2026-09-17 17:39:01+07:00)
2026-09-17 17:39:01,726 INFO apscheduler.executors.default: Running job "main.<locals>.run_lts_aus_fast_scan (trigger: interval[0:00:05], next run at: 2026-09-17 17:39:06 +07)" (scheduled at 2026-09-17 17:39:01.713136+07:00)
2026-09-17 17:39:01,731 INFO apscheduler.executors.default: Job "main.<locals>.run_lts_aus_fast_scan (trigger: interval[0:00:05], next run at: 2026-09-17 17:39:06 +07)" executed successfully
2026-09-17 17:39:01,731 INFO apscheduler.executors.default: Running job "main.<locals>.run_position_check (trigger: interval[0:00:05], next run at: 2026-09-17 17:39:06 +07)" (scheduled at 2026-09-17 17:39:01.713136+07:00)
2026-09-17 17:39:01,769 INFO apscheduler.executors.default: Job "main.<locals>.run_position_check (trigger: interval[0:00:05], next run at: 2026-09-17 17:39:06 +07)" executed successfully
2026-09-17 17:39:01,769 INFO apscheduler.executors.default: Running job "main.<locals>.run_trail_sl (trigger: interval[0:00:05], next run at: 2026-09-17 17:39:06 +07)" (scheduled at 2026-09-17 17:39:01.713136+07:00)
2026-09-17 17:39:01,771 INFO apscheduler.executors.default: Job "main.<locals>.run_trail_sl (trigger: interval[0:00:05], next run at: 2026-09-17 17:39:06 +07)" executed successfully
2026-09-17 17:39:01,784 INFO apscheduler.executors.default: Job "main.<locals>.run_scan (trigger: cron[second='1,6,11,16,21,26,31,36,41,46,51,56'], next run at: 2026-09-17 17:39:06 +07)" executed successfully
2026-09-17 17:39:06,009 INFO apscheduler.executors.default: Running job "main.<locals>.run_scan (trigger: cron[second='1,6,11,16,21,26,31,36,41,46,51,56'], next run at: 2026-09-17 17:39:11 +07)" (scheduled at 2026-09-17 17:39:06+07:00)
2026-09-17 17:39:06,717 INFO apscheduler.executors.default: Running job "main.<locals>.run_lts_aus_fast_scan (trigger: interval[0:00:05], next run at: 2026-09-17 17:39:11 +07)" (scheduled at 2026-09-17 17:39:06.713136+07:00)
2026-09-17 17:39:06,718 INFO apscheduler.executors.default: Job "main.<locals>.run_lts_aus_fast_scan (trigger: interval[0:00:05], next run at: 2026-09-17 17:39:11 +07)" executed successfully
2026-09-17 17:39:06,718 INFO apscheduler.executors.default: Running job "main.<locals>.run_position_check (trigger: interval[0:00:05], next run at: 2026-09-17 17:39:11 +07)" (scheduled at 2026-09-17 17:39:06.713136+07:00)
2026-09-17 17:39:06,764 INFO apscheduler.executors.default: Job "main.<locals>.run_position_check (trigger: interval[0:00:05], next run at: 2026-09-17 17:39:11 +07)" executed successfully
2026-09-17 17:39:06,765 INFO apscheduler.executors.default: Running job "main.<locals>.run_trail_sl (trigger: interval[0:00:05], next run at: 2026-09-17 17:39:11 +07)" (scheduled at 2026-09-17 17:39:06.713136+07:00)
2026-09-17 17:39:06,767 INFO apscheduler.executors.default: Job "main.<locals>.run_trail_sl (trigger: interval[0:00:05], next run at: 2026-09-17 17:39:11 +07)" executed successfully
2026-09-17 17:39:06,803 INFO apscheduler.executors.default: Job "main.<locals>.run_scan (trigger: cron[second='1,6,11,16,21,26,31,36,41,46,51,56'], next run at: 2026-09-17 17:39:11 +07)" executed successfully
2026-09-17 17:39:08,777 INFO httpx: HTTP Request: POST https://api.telegram.org/bot8698852591:AAGLSZSQhC0W0KP9ZeZ9Gkr6k-NFoghMC68/getUpdates "HTTP/1.1 200 OK"
2026-09-17 17:39:10,721 INFO apscheduler.executors.default: Running job "main.<locals>.write_heartbeat_job (trigger: interval[0:00:15], next run at: 2026-09-17 17:39:25 +07)" (scheduled at 2026-09-17 17:39:10.715137+07:00)
2026-09-17 17:39:10,737 INFO apscheduler.executors.default: Job "main.<locals>.write_heartbeat_job (trigger: interval[0:00:15], next run at: 2026-09-17 17:39:25 +07)" executed successfully
2026-09-17 17:39:11,016 INFO apscheduler.executors.default: Running job "main.<locals>.run_scan (trigger: cron[second='1,6,11,16,21,26,31,36,41,46,51,56'], next run at: 2026-09-17 17:39:16 +07)" (scheduled at 2026-09-17 17:39:11+07:00)
2026-09-17 17:39:11,717 INFO apscheduler.executors.default: Running job "main.<locals>.run_lts_aus_fast_scan (trigger: interval[0:00:05], next run at: 2026-09-17 17:39:16 +07)" (scheduled at 2026-09-17 17:39:11.713136+07:00)
2026-09-17 17:39:11,717 INFO apscheduler.executors.default: Job "main.<locals>.run_lts_aus_fast_scan (trigger: interval[0:00:05], next run at: 2026-09-17 17:39:16 +07)" executed successfully
2026-09-17 17:39:11,718 INFO apscheduler.executors.default: Running job "main.<locals>.run_position_check (trigger: interval[0:00:05], next run at: 2026-09-17 17:39:16 +07)" (scheduled at 2026-09-17 17:39:11.713136+07:00)
2026-09-17 17:39:11,761 INFO apscheduler.executors.default: Job "main.<locals>.run_position_check (trigger: interval[0:00:05], next run at: 2026-09-17 17:39:16 +07)" executed successfully
2026-09-17 17:39:11,761 INFO apscheduler.executors.default: Running job "main.<locals>.run_trail_sl (trigger: interval[0:00:05], next run at: 2026-09-17 17:39:16 +07)" (scheduled at 2026-09-17 17:39:11.713136+07:00)
2026-09-17 17:39:11,763 INFO apscheduler.executors.default: Job "main.<locals>.run_trail_sl (trigger: interval[0:00:05], next run at: 2026-09-17 17:39:16 +07)" executed successfully
2026-09-17 17:39:11,764 INFO apscheduler.executors.default: Running job "main.<locals>.save_bot_state_job (trigger: interval[0:00:15], next run at: 2026-09-17 17:39:26 +07)" (scheduled at 2026-09-17 17:39:11.714136+07:00)
2026-09-17 17:39:11,769 INFO apscheduler.executors.default: Job "main.<locals>.save_bot_state_job (trigger: interval[0:00:15], next run at: 2026-09-17 17:39:26 +07)" executed successfully
2026-09-17 17:39:11,951 INFO apscheduler.executors.default: Job "main.<locals>.run_scan (trigger: cron[second='1,6,11,16,21,26,31,36,41,46,51,56'], next run at: 2026-09-17 17:39:16 +07)" executed successfully
2026-09-17 17:39:16,017 INFO apscheduler.executors.default: Running job "main.<locals>.run_scan (trigger: cron[second='1,6,11,16,21,26,31,36,41,46,51,56'], next run at: 2026-09-17 17:39:21 +07)" (scheduled at 2026-09-17 17:39:16+07:00)
2026-09-17 17:39:16,718 INFO apscheduler.executors.default: Running job "main.<locals>.run_lts_aus_fast_scan (trigger: interval[0:00:05], next run at: 2026-09-17 17:39:21 +07)" (scheduled at 2026-09-17 17:39:16.713136+07:00)
2026-09-17 17:39:16,719 INFO apscheduler.executors.default: Job "main.<locals>.run_lts_aus_fast_scan (trigger: interval[0:00:05], next run at: 2026-09-17 17:39:21 +07)" executed successfully
2026-09-17 17:39:16,720 INFO apscheduler.executors.default: Running job "main.<locals>.run_position_check (trigger: interval[0:00:05], next run at: 2026-09-17 17:39:21 +07)" (scheduled at 2026-09-17 17:39:16.713136+07:00)
2026-09-17 17:39:16,780 INFO apscheduler.executors.default: Job "main.<locals>.run_position_check (trigger: interval[0:00:05], next run at: 2026-09-17 17:39:21 +07)" executed successfully
2026-09-17 17:39:16,781 INFO apscheduler.executors.default: Running job "main.<locals>.run_trail_sl (trigger: interval[0:00:05], next run at: 2026-09-17 17:39:21 +07)" (scheduled at 2026-09-17 17:39:16.713136+07:00)
2026-09-17 17:39:16,784 INFO apscheduler.executors.default: Job "main.<locals>.run_trail_sl (trigger: interval[0:00:05], next run at: 2026-09-17 17:39:21 +07)" executed successfully
2026-09-17 17:39:16,971 INFO apscheduler.executors.default: Job "main.<locals>.run_scan (trigger: cron[second='1,6,11,16,21,26,31,36,41,46,51,56'], next run at: 2026-09-17 17:39:21 +07)" executed successfully
2026-09-17 17:39:18,973 INFO httpx: HTTP Request: POST https://api.telegram.org/bot8698852591:AAGLSZSQhC0W0KP9ZeZ9Gkr6k-NFoghMC68/getUpdates "HTTP/1.1 200 OK"
2026-09-17 17:39:21,012 INFO apscheduler.executors.default: Running job "main.<locals>.run_scan (trigger: cron[second='1,6,11,16,21,26,31,36,41,46,51,56'], next run at: 2026-09-17 17:39:26 +07)" (scheduled at 2026-09-17 17:39:21+07:00)
2026-09-17 17:39:21,723 INFO apscheduler.executors.default: Running job "main.<locals>.run_lts_aus_fast_scan (trigger: interval[0:00:05], next run at: 2026-09-17 17:39:26 +07)" (scheduled at 2026-09-17 17:39:21.713136+07:00)
2026-09-17 17:39:21,723 INFO apscheduler.executors.default: Job "main.<locals>.run_lts_aus_fast_scan (trigger: interval[0:00:05], next run at: 2026-09-17 17:39:26 +07)" executed successfully
2026-09-17 17:39:21,724 INFO apscheduler.executors.default: Running job "main.<locals>.run_position_check (trigger: interval[0:00:05], next run at: 2026-09-17 17:39:26 +07)" (scheduled at 2026-09-17 17:39:21.713136+07:00)
2026-09-17 17:39:21,770 INFO apscheduler.executors.default: Job "main.<locals>.run_position_check (trigger: interval[0:00:05], next run at: 2026-09-17 17:39:26 +07)" executed successfully
2026-09-17 17:39:21,772 INFO apscheduler.executors.default: Running job "main.<locals>.run_trail_sl (trigger: interval[0:00:05], next run at: 2026-09-17 17:39:26 +07)" (scheduled at 2026-09-17 17:39:21.713136+07:00)
2026-09-17 17:39:21,774 INFO apscheduler.executors.default: Job "main.<locals>.run_trail_sl (trigger: interval[0:00:05], next run at: 2026-09-17 17:39:26 +07)" executed successfully
2026-09-17 17:39:21,843 INFO apscheduler.executors.default: Job "main.<locals>.run_scan (trigger: cron[second='1,6,11,16,21,26,31,36,41,46,51,56'], next run at: 2026-09-17 17:39:26 +07)" executed successfully
2026-09-17 17:39:25,742 INFO apscheduler.executors.default: Running job "main.<locals>.write_heartbeat_job (trigger: interval[0:00:15], next run at: 2026-09-17 17:39:40 +07)" (scheduled at 2026-09-17 17:39:25.715137+07:00)
2026-09-17 17:39:25,745 INFO apscheduler.executors.default: Job "main.<locals>.write_heartbeat_job (trigger: interval[0:00:15], next run at: 2026-09-17 17:39:40 +07)" executed successfully
2026-09-17 17:39:26,019 INFO apscheduler.executors.default: Running job "main.<locals>.run_scan (trigger: cron[second='1,6,11,16,21,26,31,36,41,46,51,56'], next run at: 2026-09-17 17:39:31 +07)" (scheduled at 2026-09-17 17:39:26+07:00)
2026-09-17 17:39:26,727 INFO apscheduler.executors.default: Running job "main.<locals>.run_lts_aus_fast_scan (trigger: interval[0:00:05], next run at: 2026-09-17 17:39:31 +07)" (scheduled at 2026-09-17 17:39:26.713136+07:00)
2026-09-17 17:39:26,728 INFO apscheduler.executors.default: Job "main.<locals>.run_lts_aus_fast_scan (trigger: interval[0:00:05], next run at: 2026-09-17 17:39:31 +07)" executed successfully
2026-09-17 17:39:26,729 INFO apscheduler.executors.default: Running job "main.<locals>.run_position_check (trigger: interval[0:00:05], next run at: 2026-09-17 17:39:31 +07)" (scheduled at 2026-09-17 17:39:26.713136+07:00)
2026-09-17 17:39:26,777 INFO apscheduler.executors.default: Job "main.<locals>.run_position_check (trigger: interval[0:00:05], next run at: 2026-09-17 17:39:31 +07)" executed successfully
2026-09-17 17:39:26,777 INFO apscheduler.executors.default: Running job "main.<locals>.run_trail_sl (trigger: interval[0:00:05], next run at: 2026-09-17 17:39:31 +07)" (scheduled at 2026-09-17 17:39:26.713136+07:00)
2026-09-17 17:39:26,779 INFO apscheduler.executors.default: Job "main.<locals>.run_trail_sl (trigger: interval[0:00:05], next run at: 2026-09-17 17:39:31 +07)" executed successfully
2026-09-17 17:39:26,779 INFO apscheduler.executors.default: Running job "main.<locals>.save_bot_state_job (trigger: interval[0:00:15], next run at: 2026-09-17 17:39:41 +07)" (scheduled at 2026-09-17 17:39:26.714136+07:00)
2026-09-17 17:39:26,787 INFO apscheduler.executors.default: Job "main.<locals>.save_bot_state_job (trigger: interval[0:00:15], next run at: 2026-09-17 17:39:41 +07)" executed successfully
2026-09-17 17:39:26,824 INFO apscheduler.executors.default: Job "main.<locals>.run_scan (trigger: cron[second='1,6,11,16,21,26,31,36,41,46,51,56'], next run at: 2026-09-17 17:39:31 +07)" executed successfully
2026-09-17 17:39:29,168 INFO httpx: HTTP Request: POST https://api.telegram.org/bot8698852591:AAGLSZSQhC0W0KP9ZeZ9Gkr6k-NFoghMC68/getUpdates "HTTP/1.1 200 OK"
2026-09-17 17:39:31,019 INFO apscheduler.executors.default: Running job "main.<locals>.run_scan (trigger: cron[second='1,6,11,16,21,26,31,36,41,46,51,56'], next run at: 2026-09-17 17:39:36 +07)" (scheduled at 2026-09-17 17:39:31+07:00)
2026-09-17 17:39:31,726 INFO apscheduler.executors.default: Running job "main.<locals>.run_lts_aus_fast_scan (trigger: interval[0:00:05], next run at: 2026-09-17 17:39:36 +07)" (scheduled at 2026-09-17 17:39:31.713136+07:00)
2026-09-17 17:39:31,731 INFO apscheduler.executors.default: Job "main.<locals>.run_lts_aus_fast_scan (trigger: interval[0:00:05], next run at: 2026-09-17 17:39:36 +07)" executed successfully
2026-09-17 17:39:31,732 INFO apscheduler.executors.default: Running job "main.<locals>.run_position_check (trigger: interval[0:00:05], next run at: 2026-09-17 17:39:36 +07)" (scheduled at 2026-09-17 17:39:31.713136+07:00)
2026-09-17 17:39:31,776 INFO apscheduler.executors.default: Job "main.<locals>.run_position_check (trigger: interval[0:00:05], next run at: 2026-09-17 17:39:36 +07)" executed successfully
2026-09-17 17:39:31,776 INFO apscheduler.executors.default: Running job "main.<locals>.run_trail_sl (trigger: interval[0:00:05], next run at: 2026-09-17 17:39:36 +07)" (scheduled at 2026-09-17 17:39:31.713136+07:00)
2026-09-17 17:39:31,779 INFO apscheduler.executors.default: Job "main.<locals>.run_trail_sl (trigger: interval[0:00:05], next run at: 2026-09-17 17:39:36 +07)" executed successfully
2026-09-17 17:39:31,798 INFO apscheduler.executors.default: Job "main.<locals>.run_scan (trigger: cron[second='1,6,11,16,21,26,31,36,41,46,51,56'], next run at: 2026-09-17 17:39:36 +07)" executed successfully
2026-09-17 17:39:36,012 INFO apscheduler.executors.default: Running job "main.<locals>.run_scan (trigger: cron[second='1,6,11,16,21,26,31,36,41,46,51,56'], next run at: 2026-09-17 17:39:41 +07)" (scheduled at 2026-09-17 17:39:36+07:00)
2026-09-17 17:39:36,723 INFO apscheduler.executors.default: Running job "main.<locals>.run_lts_aus_fast_scan (trigger: interval[0:00:05], next run at: 2026-09-17 17:39:41 +07)" (scheduled at 2026-09-17 17:39:36.713136+07:00)
2026-09-17 17:39:36,723 INFO apscheduler.executors.default: Job "main.<locals>.run_lts_aus_fast_scan (trigger: interval[0:00:05], next run at: 2026-09-17 17:39:41 +07)" executed successfully
2026-09-17 17:39:36,724 INFO apscheduler.executors.default: Running job "main.<locals>.run_position_check (trigger: interval[0:00:05], next run at: 2026-09-17 17:39:41 +07)" (scheduled at 2026-09-17 17:39:36.713136+07:00)
2026-09-17 17:39:36,760 INFO apscheduler.executors.default: Job "main.<locals>.run_position_check (trigger: interval[0:00:05], next run at: 2026-09-17 17:39:41 +07)" executed successfully
2026-09-17 17:39:36,761 INFO apscheduler.executors.default: Running job "main.<locals>.run_trail_sl (trigger: interval[0:00:05], next run at: 2026-09-17 17:39:41 +07)" (scheduled at 2026-09-17 17:39:36.713136+07:00)
2026-09-17 17:39:36,764 INFO apscheduler.executors.default: Job "main.<locals>.run_trail_sl (trigger: interval[0:00:05], next run at: 2026-09-17 17:39:41 +07)" executed successfully
2026-09-17 17:39:36,877 INFO apscheduler.executors.default: Job "main.<locals>.run_scan (trigger: cron[second='1,6,11,16,21,26,31,36,41,46,51,56'], next run at: 2026-09-17 17:39:41 +07)" executed successfully
2026-09-17 17:39:39,367 INFO httpx: HTTP Request: POST https://api.telegram.org/bot8698852591:AAGLSZSQhC0W0KP9ZeZ9Gkr6k-NFoghMC68/getUpdates "HTTP/1.1 200 OK"
2026-09-17 17:39:40,732 INFO apscheduler.executors.default: Running job "main.<locals>.write_heartbeat_job (trigger: interval[0:00:15], next run at: 2026-09-17 17:39:55 +07)" (scheduled at 2026-09-17 17:39:40.715137+07:00)
2026-09-17 17:39:40,735 INFO apscheduler.executors.default: Job "main.<locals>.write_heartbeat_job (trigger: interval[0:00:15], next run at: 2026-09-17 17:39:55 +07)" executed successfully
2026-09-17 17:39:41,012 INFO apscheduler.executors.default: Running job "main.<locals>.run_scan (trigger: cron[second='1,6,11,16,21,26,31,36,41,46,51,56'], next run at: 2026-09-17 17:39:46 +07)" (scheduled at 2026-09-17 17:39:41+07:00)
2026-09-17 17:39:41,725 INFO apscheduler.executors.default: Running job "main.<locals>.run_lts_aus_fast_scan (trigger: interval[0:00:05], next run at: 2026-09-17 17:39:46 +07)" (scheduled at 2026-09-17 17:39:41.713136+07:00)
2026-09-17 17:39:41,727 INFO apscheduler.executors.default: Job "main.<locals>.run_lts_aus_fast_scan (trigger: interval[0:00:05], next run at: 2026-09-17 17:39:46 +07)" executed successfully
2026-09-17 17:39:41,727 INFO apscheduler.executors.default: Running job "main.<locals>.run_position_check (trigger: interval[0:00:05], next run at: 2026-09-17 17:39:46 +07)" (scheduled at 2026-09-17 17:39:41.713136+07:00)
2026-09-17 17:39:41,767 INFO apscheduler.executors.default: Job "main.<locals>.run_position_check (trigger: interval[0:00:05], next run at: 2026-09-17 17:39:46 +07)" executed successfully
2026-09-17 17:39:41,768 INFO apscheduler.executors.default: Running job "main.<locals>.run_trail_sl (trigger: interval[0:00:05], next run at: 2026-09-17 17:39:46 +07)" (scheduled at 2026-09-17 17:39:41.713136+07:00)
2026-09-17 17:39:41,769 INFO apscheduler.executors.default: Job "main.<locals>.run_trail_sl (trigger: interval[0:00:05], next run at: 2026-09-17 17:39:46 +07)" executed successfully
2026-09-17 17:39:41,770 INFO apscheduler.executors.default: Running job "main.<locals>.save_bot_state_job (trigger: interval[0:00:15], next run at: 2026-09-17 17:39:56 +07)" (scheduled at 2026-09-17 17:39:41.714136+07:00)
2026-09-17 17:39:41,773 INFO apscheduler.executors.default: Job "main.<locals>.save_bot_state_job (trigger: interval[0:00:15], next run at: 2026-09-17 17:39:56 +07)" executed successfully
2026-09-17 17:39:41,824 INFO apscheduler.executors.default: Job "main.<locals>.run_scan (trigger: cron[second='1,6,11,16,21,26,31,36,41,46,51,56'], next run at: 2026-09-17 17:39:46 +07)" executed successfully
2026-09-17 17:39:46,012 INFO apscheduler.executors.default: Running job "main.<locals>.run_scan (trigger: cron[second='1,6,11,16,21,26,31,36,41,46,51,56'], next run at: 2026-09-17 17:39:51 +07)" (scheduled at 2026-09-17 17:39:46+07:00)
2026-09-17 17:39:46,718 INFO apscheduler.executors.default: Running job "main.<locals>.run_lts_aus_fast_scan (trigger: interval[0:00:05], next run at: 2026-09-17 17:39:51 +07)" (scheduled at 2026-09-17 17:39:46.713136+07:00)
2026-09-17 17:39:46,719 INFO apscheduler.executors.default: Job "main.<locals>.run_lts_aus_fast_scan (trigger: interval[0:00:05], next run at: 2026-09-17 17:39:51 +07)" executed successfully
2026-09-17 17:39:46,720 INFO apscheduler.executors.default: Running job "main.<locals>.run_position_check (trigger: interval[0:00:05], next run at: 2026-09-17 17:39:51 +07)" (scheduled at 2026-09-17 17:39:46.713136+07:00)
2026-09-17 17:39:46,773 INFO apscheduler.executors.default: Job "main.<locals>.run_position_check (trigger: interval[0:00:05], next run at: 2026-09-17 17:39:51 +07)" executed successfully
2026-09-17 17:39:46,773 INFO apscheduler.executors.default: Running job "main.<locals>.run_trail_sl (trigger: interval[0:00:05], next run at: 2026-09-17 17:39:51 +07)" (scheduled at 2026-09-17 17:39:46.713136+07:00)
2026-09-17 17:39:46,776 INFO apscheduler.executors.default: Job "main.<locals>.run_trail_sl (trigger: interval[0:00:05], next run at: 2026-09-17 17:39:51 +07)" executed successfully
2026-09-17 17:39:46,865 INFO apscheduler.executors.default: Job "main.<locals>.run_scan (trigger: cron[second='1,6,11,16,21,26,31,36,41,46,51,56'], next run at: 2026-09-17 17:39:51 +07)" executed successfully
2026-09-17 17:39:49,561 INFO httpx: HTTP Request: POST https://api.telegram.org/bot8698852591:AAGLSZSQhC0W0KP9ZeZ9Gkr6k-NFoghMC68/getUpdates "HTTP/1.1 200 OK"
2026-09-17 17:39:51,007 INFO apscheduler.executors.default: Running job "main.<locals>.run_scan (trigger: cron[second='1,6,11,16,21,26,31,36,41,46,51,56'], next run at: 2026-09-17 17:39:56 +07)" (scheduled at 2026-09-17 17:39:51+07:00)
2026-09-17 17:39:51,719 INFO apscheduler.executors.default: Running job "main.<locals>.run_lts_aus_fast_scan (trigger: interval[0:00:05], next run at: 2026-09-17 17:39:56 +07)" (scheduled at 2026-09-17 17:39:51.713136+07:00)
2026-09-17 17:39:51,720 INFO apscheduler.executors.default: Job "main.<locals>.run_lts_aus_fast_scan (trigger: interval[0:00:05], next run at: 2026-09-17 17:39:56 +07)" executed successfully
2026-09-17 17:39:51,722 INFO apscheduler.executors.default: Running job "main.<locals>.run_position_check (trigger: interval[0:00:05], next run at: 2026-09-17 17:39:56 +07)" (scheduled at 2026-09-17 17:39:51.713136+07:00)
2026-09-17 17:39:51,771 INFO apscheduler.executors.default: Job "main.<locals>.run_position_check (trigger: interval[0:00:05], next run at: 2026-09-17 17:39:56 +07)" executed successfully
2026-09-17 17:39:51,772 INFO apscheduler.executors.default: Running job "main.<locals>.run_trail_sl (trigger: interval[0:00:05], next run at: 2026-09-17 17:39:56 +07)" (scheduled at 2026-09-17 17:39:51.713136+07:00)
2026-09-17 17:39:51,773 INFO apscheduler.executors.default: Job "main.<locals>.run_trail_sl (trigger: interval[0:00:05], next run at: 2026-09-17 17:39:56 +07)" executed successfully
2026-09-17 17:39:51,868 INFO apscheduler.executors.default: Job "main.<locals>.run_scan (trigger: cron[second='1,6,11,16,21,26,31,36,41,46,51,56'], next run at: 2026-09-17 17:39:56 +07)" executed successfully
2026-09-17 17:39:55,717 INFO apscheduler.executors.default: Running job "main.<locals>.write_heartbeat_job (trigger: interval[0:00:15], next run at: 2026-09-17 17:40:10 +07)" (scheduled at 2026-09-17 17:39:55.715137+07:00)
2026-09-17 17:39:55,721 INFO apscheduler.executors.default: Job "main.<locals>.write_heartbeat_job (trigger: interval[0:00:15], next run at: 2026-09-17 17:40:10 +07)" executed successfully
2026-09-17 17:39:56,012 INFO apscheduler.executors.default: Running job "main.<locals>.run_scan (trigger: cron[second='1,6,11,16,21,26,31,36,41,46,51,56'], next run at: 2026-09-17 17:40:01 +07)" (scheduled at 2026-09-17 17:39:56+07:00)
2026-09-17 17:39:56,711 INFO apscheduler.executors.default: Running job "main.<locals>.check_symbol_switch (trigger: interval[0:01:00], next run at: 2026-09-17 17:40:56 +07)" (scheduled at 2026-09-17 17:39:56.709584+07:00)
2026-09-17 17:39:56,732 INFO apscheduler.executors.default: Job "main.<locals>.check_symbol_switch (trigger: interval[0:01:00], next run at: 2026-09-17 17:40:56 +07)" executed successfully
2026-09-17 17:39:56,734 INFO apscheduler.executors.default: Running job "main.<locals>.run_lts_aus_fast_scan (trigger: interval[0:00:05], next run at: 2026-09-17 17:40:01 +07)" (scheduled at 2026-09-17 17:39:56.713136+07:00)
2026-09-17 17:39:56,735 INFO apscheduler.executors.default: Job "main.<locals>.run_lts_aus_fast_scan (trigger: interval[0:00:05], next run at: 2026-09-17 17:40:01 +07)" executed successfully
2026-09-17 17:39:56,736 INFO apscheduler.executors.default: Running job "main.<locals>.run_position_check (trigger: interval[0:00:05], next run at: 2026-09-17 17:40:01 +07)" (scheduled at 2026-09-17 17:39:56.713136+07:00)
2026-09-17 17:39:56,788 INFO apscheduler.executors.default: Job "main.<locals>.run_position_check (trigger: interval[0:00:05], next run at: 2026-09-17 17:40:01 +07)" executed successfully
2026-09-17 17:39:56,788 INFO apscheduler.executors.default: Running job "main.<locals>.run_trail_sl (trigger: interval[0:00:05], next run at: 2026-09-17 17:40:01 +07)" (scheduled at 2026-09-17 17:39:56.713136+07:00)
2026-09-17 17:39:56,792 INFO apscheduler.executors.default: Job "main.<locals>.run_trail_sl (trigger: interval[0:00:05], next run at: 2026-09-17 17:40:01 +07)" executed successfully
2026-09-17 17:39:56,793 INFO apscheduler.executors.default: Running job "main.<locals>.save_bot_state_job (trigger: interval[0:00:15], next run at: 2026-09-17 17:40:11 +07)" (scheduled at 2026-09-17 17:39:56.714136+07:00)
2026-09-17 17:39:56,798 INFO apscheduler.executors.default: Job "main.<locals>.save_bot_state_job (trigger: interval[0:00:15], next run at: 2026-09-17 17:40:11 +07)" executed successfully
2026-09-17 17:39:56,800 INFO apscheduler.executors.default: Running job "main.<locals>.run_watchdog (trigger: interval[0:01:00], next run at: 2026-09-17 17:40:56 +07)" (scheduled at 2026-09-17 17:39:56.715137+07:00)
2026-09-17 17:39:56,813 INFO apscheduler.executors.default: Job "main.<locals>.run_watchdog (trigger: interval[0:01:00], next run at: 2026-09-17 17:40:56 +07)" executed successfully
2026-09-17 17:39:56,840 INFO apscheduler.executors.default: Job "main.<locals>.run_scan (trigger: cron[second='1,6,11,16,21,26,31,36,41,46,51,56'], next run at: 2026-09-17 17:40:01 +07)" executed successfully
2026-09-17 17:39:59,757 INFO httpx: HTTP Request: POST https://api.telegram.org/bot8698852591:AAGLSZSQhC0W0KP9ZeZ9Gkr6k-NFoghMC68/getUpdates "HTTP/1.1 200 OK"
2026-09-17 17:40:01,000 INFO apscheduler.executors.default: Running job "main.<locals>.run_scan (trigger: cron[second='1,6,11,16,21,26,31,36,41,46,51,56'], next run at: 2026-09-17 17:40:06 +07)" (scheduled at 2026-09-17 17:40:01+07:00)
2026-09-17 17:40:01,728 INFO apscheduler.executors.default: Running job "main.<locals>.run_lts_aus_fast_scan (trigger: interval[0:00:05], next run at: 2026-09-17 17:40:06 +07)" (scheduled at 2026-09-17 17:40:01.713136+07:00)
2026-09-17 17:40:01,733 INFO apscheduler.executors.default: Job "main.<locals>.run_lts_aus_fast_scan (trigger: interval[0:00:05], next run at: 2026-09-17 17:40:06 +07)" executed successfully
2026-09-17 17:40:01,734 INFO apscheduler.executors.default: Running job "main.<locals>.run_position_check (trigger: interval[0:00:05], next run at: 2026-09-17 17:40:06 +07)" (scheduled at 2026-09-17 17:40:01.713136+07:00)
2026-09-17 17:40:01,779 INFO apscheduler.executors.default: Job "main.<locals>.run_position_check (trigger: interval[0:00:05], next run at: 2026-09-17 17:40:06 +07)" executed successfully
2026-09-17 17:40:01,779 INFO apscheduler.executors.default: Running job "main.<locals>.run_trail_sl (trigger: interval[0:00:05], next run at: 2026-09-17 17:40:06 +07)" (scheduled at 2026-09-17 17:40:01.713136+07:00)
2026-09-17 17:40:01,782 INFO apscheduler.executors.default: Job "main.<locals>.run_trail_sl (trigger: interval[0:00:05], next run at: 2026-09-17 17:40:06 +07)" executed successfully
2026-09-17 17:40:01,876 INFO apscheduler.executors.default: Job "main.<locals>.run_scan (trigger: cron[second='1,6,11,16,21,26,31,36,41,46,51,56'], next run at: 2026-09-17 17:40:06 +07)" executed successfully
2026-09-17 17:40:06,011 INFO apscheduler.executors.default: Running job "main.<locals>.run_scan (trigger: cron[second='1,6,11,16,21,26,31,36,41,46,51,56'], next run at: 2026-09-17 17:40:11 +07)" (scheduled at 2026-09-17 17:40:06+07:00)
2026-09-17 17:40:06,726 INFO apscheduler.executors.default: Running job "main.<locals>.run_lts_aus_fast_scan (trigger: interval[0:00:05], next run at: 2026-09-17 17:40:11 +07)" (scheduled at 2026-09-17 17:40:06.713136+07:00)
2026-09-17 17:40:06,726 INFO apscheduler.executors.default: Job "main.<locals>.run_lts_aus_fast_scan (trigger: interval[0:00:05], next run at: 2026-09-17 17:40:11 +07)" executed successfully
2026-09-17 17:40:06,728 INFO apscheduler.executors.default: Running job "main.<locals>.run_position_check (trigger: interval[0:00:05], next run at: 2026-09-17 17:40:11 +07)" (scheduled at 2026-09-17 17:40:06.713136+07:00)
2026-09-17 17:40:06,773 INFO apscheduler.executors.default: Job "main.<locals>.run_position_check (trigger: interval[0:00:05], next run at: 2026-09-17 17:40:11 +07)" executed successfully
2026-09-17 17:40:06,774 INFO apscheduler.executors.default: Running job "main.<locals>.run_trail_sl (trigger: interval[0:00:05], next run at: 2026-09-17 17:40:11 +07)" (scheduled at 2026-09-17 17:40:06.713136+07:00)
2026-09-17 17:40:06,776 INFO apscheduler.executors.default: Job "main.<locals>.run_trail_sl (trigger: interval[0:00:05], next run at: 2026-09-17 17:40:11 +07)" executed successfully
2026-09-17 17:40:06,843 INFO apscheduler.executors.default: Job "main.<locals>.run_scan (trigger: cron[second='1,6,11,16,21,26,31,36,41,46,51,56'], next run at: 2026-09-17 17:40:11 +07)" executed successfully
2026-09-17 17:40:09,952 INFO httpx: HTTP Request: POST https://api.telegram.org/bot8698852591:AAGLSZSQhC0W0KP9ZeZ9Gkr6k-NFoghMC68/getUpdates "HTTP/1.1 200 OK"
2026-09-17 17:40:10,728 INFO apscheduler.executors.default: Running job "main.<locals>.write_heartbeat_job (trigger: interval[0:00:15], next run at: 2026-09-17 17:40:25 +07)" (scheduled at 2026-09-17 17:40:10.715137+07:00)
2026-09-17 17:40:10,733 INFO apscheduler.executors.default: Job "main.<locals>.write_heartbeat_job (trigger: interval[0:00:15], next run at: 2026-09-17 17:40:25 +07)" executed successfully
2026-09-17 17:40:11,005 INFO apscheduler.executors.default: Running job "main.<locals>.run_scan (trigger: cron[second='1,6,11,16,21,26,31,36,41,46,51,56'], next run at: 2026-09-17 17:40:16 +07)" (scheduled at 2026-09-17 17:40:11+07:00)
2026-09-17 17:40:11,736 INFO apscheduler.executors.default: Running job "main.<locals>.run_lts_aus_fast_scan (trigger: interval[0:00:05], next run at: 2026-09-17 17:40:16 +07)" (scheduled at 2026-09-17 17:40:11.713136+07:00)
2026-09-17 17:40:11,737 INFO apscheduler.executors.default: Job "main.<locals>.run_lts_aus_fast_scan (trigger: interval[0:00:05], next run at: 2026-09-17 17:40:16 +07)" executed successfully
2026-09-17 17:40:11,738 INFO apscheduler.executors.default: Running job "main.<locals>.run_position_check (trigger: interval[0:00:05], next run at: 2026-09-17 17:40:16 +07)" (scheduled at 2026-09-17 17:40:11.713136+07:00)
2026-09-17 17:40:11,786 INFO apscheduler.executors.default: Job "main.<locals>.run_position_check (trigger: interval[0:00:05], next run at: 2026-09-17 17:40:16 +07)" executed successfully
2026-09-17 17:40:11,786 INFO apscheduler.executors.default: Running job "main.<locals>.run_trail_sl (trigger: interval[0:00:05], next run at: 2026-09-17 17:40:16 +07)" (scheduled at 2026-09-17 17:40:11.713136+07:00)
2026-09-17 17:40:11,788 INFO apscheduler.executors.default: Job "main.<locals>.run_trail_sl (trigger: interval[0:00:05], next run at: 2026-09-17 17:40:16 +07)" executed successfully
2026-09-17 17:40:11,788 INFO apscheduler.executors.default: Running job "main.<locals>.save_bot_state_job (trigger: interval[0:00:15], next run at: 2026-09-17 17:40:26 +07)" (scheduled at 2026-09-17 17:40:11.714136+07:00)
2026-09-17 17:40:11,794 INFO apscheduler.executors.default: Job "main.<locals>.save_bot_state_job (trigger: interval[0:00:15], next run at: 2026-09-17 17:40:26 +07)" executed successfully
2026-09-17 17:40:11,834 INFO apscheduler.executors.default: Job "main.<locals>.run_scan (trigger: cron[second='1,6,11,16,21,26,31,36,41,46,51,56'], next run at: 2026-09-17 17:40:16 +07)" executed successfully
2026-09-17 17:40:16,008 INFO apscheduler.executors.default: Running job "main.<locals>.run_scan (trigger: cron[second='1,6,11,16,21,26,31,36,41,46,51,56'], next run at: 2026-09-17 17:40:21 +07)" (scheduled at 2026-09-17 17:40:16+07:00)
2026-09-17 17:40:16,721 INFO apscheduler.executors.default: Running job "main.<locals>.run_lts_aus_fast_scan (trigger: interval[0:00:05], next run at: 2026-09-17 17:40:21 +07)" (scheduled at 2026-09-17 17:40:16.713136+07:00)
2026-09-17 17:40:16,724 INFO apscheduler.executors.default: Job "main.<locals>.run_lts_aus_fast_scan (trigger: interval[0:00:05], next run at: 2026-09-17 17:40:21 +07)" executed successfully
2026-09-17 17:40:16,724 INFO apscheduler.executors.default: Running job "main.<locals>.run_position_check (trigger: interval[0:00:05], next run at: 2026-09-17 17:40:21 +07)" (scheduled at 2026-09-17 17:40:16.713136+07:00)
2026-09-17 17:40:16,771 INFO apscheduler.executors.default: Job "main.<locals>.run_position_check (trigger: interval[0:00:05], next run at: 2026-09-17 17:40:21 +07)" executed successfully
2026-09-17 17:40:16,771 INFO apscheduler.executors.default: Running job "main.<locals>.run_trail_sl (trigger: interval[0:00:05], next run at: 2026-09-17 17:40:21 +07)" (scheduled at 2026-09-17 17:40:16.713136+07:00)
2026-09-17 17:40:16,774 INFO apscheduler.executors.default: Job "main.<locals>.run_trail_sl (trigger: interval[0:00:05], next run at: 2026-09-17 17:40:21 +07)" executed successfully
2026-09-17 17:40:16,857 INFO apscheduler.executors.default: Job "main.<locals>.run_scan (trigger: cron[second='1,6,11,16,21,26,31,36,41,46,51,56'], next run at: 2026-09-17 17:40:21 +07)" executed successfully
2026-09-17 17:40:20,147 INFO httpx: HTTP Request: POST https://api.telegram.org/bot8698852591:AAGLSZSQhC0W0KP9ZeZ9Gkr6k-NFoghMC68/getUpdates "HTTP/1.1 200 OK"
2026-09-17 17:40:21,013 INFO apscheduler.executors.default: Running job "main.<locals>.run_scan (trigger: cron[second='1,6,11,16,21,26,31,36,41,46,51,56'], next run at: 2026-09-17 17:40:26 +07)" (scheduled at 2026-09-17 17:40:21+07:00)
2026-09-17 17:40:21,714 INFO apscheduler.executors.default: Running job "main.<locals>.run_lts_aus_fast_scan (trigger: interval[0:00:05], next run at: 2026-09-17 17:40:26 +07)" (scheduled at 2026-09-17 17:40:21.713136+07:00)
2026-09-17 17:40:21,714 INFO apscheduler.executors.default: Job "main.<locals>.run_lts_aus_fast_scan (trigger: interval[0:00:05], next run at: 2026-09-17 17:40:26 +07)" executed successfully
2026-09-17 17:40:21,714 INFO apscheduler.executors.default: Running job "main.<locals>.run_position_check (trigger: interval[0:00:05], next run at: 2026-09-17 17:40:26 +07)" (scheduled at 2026-09-17 17:40:21.713136+07:00)
2026-09-17 17:40:21,764 INFO apscheduler.executors.default: Job "main.<locals>.run_position_check (trigger: interval[0:00:05], next run at: 2026-09-17 17:40:26 +07)" executed successfully
2026-09-17 17:40:21,764 INFO apscheduler.executors.default: Running job "main.<locals>.run_trail_sl (trigger: interval[0:00:05], next run at: 2026-09-17 17:40:26 +07)" (scheduled at 2026-09-17 17:40:21.713136+07:00)
2026-09-17 17:40:21,766 INFO apscheduler.executors.default: Job "main.<locals>.run_trail_sl (trigger: interval[0:00:05], next run at: 2026-09-17 17:40:26 +07)" executed successfully
2026-09-17 17:40:21,881 INFO apscheduler.executors.default: Job "main.<locals>.run_scan (trigger: cron[second='1,6,11,16,21,26,31,36,41,46,51,56'], next run at: 2026-09-17 17:40:26 +07)" executed successfully
2026-09-17 17:40:25,721 INFO apscheduler.executors.default: Running job "main.<locals>.write_heartbeat_job (trigger: interval[0:00:15], next run at: 2026-09-17 17:40:40 +07)" (scheduled at 2026-09-17 17:40:25.715137+07:00)
2026-09-17 17:40:25,724 INFO apscheduler.executors.default: Job "main.<locals>.write_heartbeat_job (trigger: interval[0:00:15], next run at: 2026-09-17 17:40:40 +07)" executed successfully
2026-09-17 17:40:26,015 INFO apscheduler.executors.default: Running job "main.<locals>.run_scan (trigger: cron[second='1,6,11,16,21,26,31,36,41,46,51,56'], next run at: 2026-09-17 17:40:31 +07)" (scheduled at 2026-09-17 17:40:26+07:00)
2026-09-17 17:40:26,716 INFO apscheduler.executors.default: Running job "main.<locals>.run_lts_aus_fast_scan (trigger: interval[0:00:05], next run at: 2026-09-17 17:40:31 +07)" (scheduled at 2026-09-17 17:40:26.713136+07:00)
2026-09-17 17:40:26,717 INFO apscheduler.executors.default: Job "main.<locals>.run_lts_aus_fast_scan (trigger: interval[0:00:05], next run at: 2026-09-17 17:40:31 +07)" executed successfully
2026-09-17 17:40:26,717 INFO apscheduler.executors.default: Running job "main.<locals>.run_position_check (trigger: interval[0:00:05], next run at: 2026-09-17 17:40:31 +07)" (scheduled at 2026-09-17 17:40:26.713136+07:00)
2026-09-17 17:40:26,765 INFO apscheduler.executors.default: Job "main.<locals>.run_position_check (trigger: interval[0:00:05], next run at: 2026-09-17 17:40:31 +07)" executed successfully
2026-09-17 17:40:26,765 INFO apscheduler.executors.default: Running job "main.<locals>.run_trail_sl (trigger: interval[0:00:05], next run at: 2026-09-17 17:40:31 +07)" (scheduled at 2026-09-17 17:40:26.713136+07:00)
2026-09-17 17:40:26,767 INFO apscheduler.executors.default: Job "main.<locals>.run_trail_sl (trigger: interval[0:00:05], next run at: 2026-09-17 17:40:31 +07)" executed successfully
2026-09-17 17:40:26,768 INFO apscheduler.executors.default: Running job "main.<locals>.save_bot_state_job (trigger: interval[0:00:15], next run at: 2026-09-17 17:40:41 +07)" (scheduled at 2026-09-17 17:40:26.714136+07:00)
2026-09-17 17:40:26,773 INFO apscheduler.executors.default: Job "main.<locals>.save_bot_state_job (trigger: interval[0:00:15], next run at: 2026-09-17 17:40:41 +07)" executed successfully
2026-09-17 17:40:26,897 INFO apscheduler.executors.default: Job "main.<locals>.run_scan (trigger: cron[second='1,6,11,16,21,26,31,36,41,46,51,56'], next run at: 2026-09-17 17:40:31 +07)" executed successfully
2026-09-17 17:40:30,340 INFO httpx: HTTP Request: POST https://api.telegram.org/bot8698852591:AAGLSZSQhC0W0KP9ZeZ9Gkr6k-NFoghMC68/getUpdates "HTTP/1.1 200 OK"
2026-09-17 17:40:31,010 INFO apscheduler.executors.default: Running job "main.<locals>.run_scan (trigger: cron[second='1,6,11,16,21,26,31,36,41,46,51,56'], next run at: 2026-09-17 17:40:36 +07)" (scheduled at 2026-09-17 17:40:31+07:00)
2026-09-17 17:40:31,722 INFO apscheduler.executors.default: Running job "main.<locals>.run_lts_aus_fast_scan (trigger: interval[0:00:05], next run at: 2026-09-17 17:40:36 +07)" (scheduled at 2026-09-17 17:40:31.713136+07:00)
2026-09-17 17:40:31,727 INFO apscheduler.executors.default: Job "main.<locals>.run_lts_aus_fast_scan (trigger: interval[0:00:05], next run at: 2026-09-17 17:40:36 +07)" executed successfully
2026-09-17 17:40:31,728 INFO apscheduler.executors.default: Running job "main.<locals>.run_position_check (trigger: interval[0:00:05], next run at: 2026-09-17 17:40:36 +07)" (scheduled at 2026-09-17 17:40:31.713136+07:00)
2026-09-17 17:40:31,774 INFO apscheduler.executors.default: Job "main.<locals>.run_position_check (trigger: interval[0:00:05], next run at: 2026-09-17 17:40:36 +07)" executed successfully
2026-09-17 17:40:31,774 INFO apscheduler.executors.default: Running job "main.<locals>.run_trail_sl (trigger: interval[0:00:05], next run at: 2026-09-17 17:40:36 +07)" (scheduled at 2026-09-17 17:40:31.713136+07:00)
2026-09-17 17:40:31,777 INFO apscheduler.executors.default: Job "main.<locals>.run_trail_sl (trigger: interval[0:00:05], next run at: 2026-09-17 17:40:36 +07)" executed successfully
2026-09-17 17:40:31,830 INFO apscheduler.executors.default: Job "main.<locals>.run_scan (trigger: cron[second='1,6,11,16,21,26,31,36,41,46,51,56'], next run at: 2026-09-17 17:40:36 +07)" executed successfully
2026-09-17 17:40:36,016 INFO apscheduler.executors.default: Running job "main.<locals>.run_scan (trigger: cron[second='1,6,11,16,21,26,31,36,41,46,51,56'], next run at: 2026-09-17 17:40:41 +07)" (scheduled at 2026-09-17 17:40:36+07:00)
2026-09-17 17:40:36,725 INFO apscheduler.executors.default: Running job "main.<locals>.run_lts_aus_fast_scan (trigger: interval[0:00:05], next run at: 2026-09-17 17:40:41 +07)" (scheduled at 2026-09-17 17:40:36.713136+07:00)
2026-09-17 17:40:36,725 INFO apscheduler.executors.default: Job "main.<locals>.run_lts_aus_fast_scan (trigger: interval[0:00:05], next run at: 2026-09-17 17:40:41 +07)" executed successfully
2026-09-17 17:40:36,726 INFO apscheduler.executors.default: Running job "main.<locals>.run_position_check (trigger: interval[0:00:05], next run at: 2026-09-17 17:40:41 +07)" (scheduled at 2026-09-17 17:40:36.713136+07:00)
2026-09-17 17:40:36,771 INFO apscheduler.executors.default: Job "main.<locals>.run_position_check (trigger: interval[0:00:05], next run at: 2026-09-17 17:40:41 +07)" executed successfully
2026-09-17 17:40:36,771 INFO apscheduler.executors.default: Running job "main.<locals>.run_trail_sl (trigger: interval[0:00:05], next run at: 2026-09-17 17:40:41 +07)" (scheduled at 2026-09-17 17:40:36.713136+07:00)
2026-09-17 17:40:36,774 INFO apscheduler.executors.default: Job "main.<locals>.run_trail_sl (trigger: interval[0:00:05], next run at: 2026-09-17 17:40:41 +07)" executed successfully
2026-09-17 17:40:36,880 INFO apscheduler.executors.default: Job "main.<locals>.run_scan (trigger: cron[second='1,6,11,16,21,26,31,36,41,46,51,56'], next run at: 2026-09-17 17:40:41 +07)" executed successfully
2026-09-17 17:40:40,551 INFO httpx: HTTP Request: POST https://api.telegram.org/bot8698852591:AAGLSZSQhC0W0KP9ZeZ9Gkr6k-NFoghMC68/getUpdates "HTTP/1.1 200 OK"
2026-09-17 17:40:40,731 INFO apscheduler.executors.default: Running job "main.<locals>.write_heartbeat_job (trigger: interval[0:00:15], next run at: 2026-09-17 17:40:55 +07)" (scheduled at 2026-09-17 17:40:40.715137+07:00)
2026-09-17 17:40:40,734 INFO apscheduler.executors.default: Job "main.<locals>.write_heartbeat_job (trigger: interval[0:00:15], next run at: 2026-09-17 17:40:55 +07)" executed successfully
2026-09-17 17:40:41,010 INFO apscheduler.executors.default: Running job "main.<locals>.run_scan (trigger: cron[second='1,6,11,16,21,26,31,36,41,46,51,56'], next run at: 2026-09-17 17:40:46 +07)" (scheduled at 2026-09-17 17:40:41+07:00)
2026-09-17 17:40:41,725 INFO apscheduler.executors.default: Running job "main.<locals>.run_lts_aus_fast_scan (trigger: interval[0:00:05], next run at: 2026-09-17 17:40:46 +07)" (scheduled at 2026-09-17 17:40:41.713136+07:00)
2026-09-17 17:40:41,726 INFO apscheduler.executors.default: Job "main.<locals>.run_lts_aus_fast_scan (trigger: interval[0:00:05], next run at: 2026-09-17 17:40:46 +07)" executed successfully
2026-09-17 17:40:41,727 INFO apscheduler.executors.default: Running job "main.<locals>.run_position_check (trigger: interval[0:00:05], next run at: 2026-09-17 17:40:46 +07)" (scheduled at 2026-09-17 17:40:41.713136+07:00)
2026-09-17 17:40:41,769 INFO apscheduler.executors.default: Job "main.<locals>.run_position_check (trigger: interval[0:00:05], next run at: 2026-09-17 17:40:46 +07)" executed successfully
2026-09-17 17:40:41,771 INFO apscheduler.executors.default: Running job "main.<locals>.run_trail_sl (trigger: interval[0:00:05], next run at: 2026-09-17 17:40:46 +07)" (scheduled at 2026-09-17 17:40:41.713136+07:00)
2026-09-17 17:40:41,774 INFO apscheduler.executors.default: Job "main.<locals>.run_trail_sl (trigger: interval[0:00:05], next run at: 2026-09-17 17:40:46 +07)" executed successfully
2026-09-17 17:40:41,775 INFO apscheduler.executors.default: Running job "main.<locals>.save_bot_state_job (trigger: interval[0:00:15], next run at: 2026-09-17 17:40:56 +07)" (scheduled at 2026-09-17 17:40:41.714136+07:00)
2026-09-17 17:40:41,781 INFO apscheduler.executors.default: Job "main.<locals>.save_bot_state_job (trigger: interval[0:00:15], next run at: 2026-09-17 17:40:56 +07)" executed successfully
2026-09-17 17:40:41,884 INFO apscheduler.executors.default: Job "main.<locals>.run_scan (trigger: cron[second='1,6,11,16,21,26,31,36,41,46,51,56'], next run at: 2026-09-17 17:40:46 +07)" executed successfully
2026-09-17 17:40:46,008 INFO apscheduler.executors.default: Running job "main.<locals>.run_scan (trigger: cron[second='1,6,11,16,21,26,31,36,41,46,51,56'], next run at: 2026-09-17 17:40:51 +07)" (scheduled at 2026-09-17 17:40:46+07:00)
2026-09-17 17:40:46,719 INFO apscheduler.executors.default: Running job "main.<locals>.run_lts_aus_fast_scan (trigger: interval[0:00:05], next run at: 2026-09-17 17:40:51 +07)" (scheduled at 2026-09-17 17:40:46.713136+07:00)
2026-09-17 17:40:46,720 INFO apscheduler.executors.default: Job "main.<locals>.run_lts_aus_fast_scan (trigger: interval[0:00:05], next run at: 2026-09-17 17:40:51 +07)" executed successfully
2026-09-17 17:40:46,720 INFO apscheduler.executors.default: Running job "main.<locals>.run_position_check (trigger: interval[0:00:05], next run at: 2026-09-17 17:40:51 +07)" (scheduled at 2026-09-17 17:40:46.713136+07:00)
2026-09-17 17:40:46,769 INFO apscheduler.executors.default: Job "main.<locals>.run_position_check (trigger: interval[0:00:05], next run at: 2026-09-17 17:40:51 +07)" executed successfully
2026-09-17 17:40:46,775 INFO apscheduler.executors.default: Running job "main.<locals>.run_trail_sl (trigger: interval[0:00:05], next run at: 2026-09-17 17:40:51 +07)" (scheduled at 2026-09-17 17:40:46.713136+07:00)
2026-09-17 17:40:46,777 INFO apscheduler.executors.default: Job "main.<locals>.run_trail_sl (trigger: interval[0:00:05], next run at: 2026-09-17 17:40:51 +07)" executed successfully
2026-09-17 17:40:46,900 INFO apscheduler.executors.default: Job "main.<locals>.run_scan (trigger: cron[second='1,6,11,16,21,26,31,36,41,46,51,56'], next run at: 2026-09-17 17:40:51 +07)" executed successfully
2026-09-17 17:40:50,746 INFO httpx: HTTP Request: POST https://api.telegram.org/bot8698852591:AAGLSZSQhC0W0KP9ZeZ9Gkr6k-NFoghMC68/getUpdates "HTTP/1.1 200 OK"
2026-09-17 17:40:51,007 INFO apscheduler.executors.default: Running job "main.<locals>.run_scan (trigger: cron[second='1,6,11,16,21,26,31,36,41,46,51,56'], next run at: 2026-09-17 17:40:56 +07)" (scheduled at 2026-09-17 17:40:51+07:00)
2026-09-17 17:40:51,723 INFO apscheduler.executors.default: Running job "main.<locals>.run_lts_aus_fast_scan (trigger: interval[0:00:05], next run at: 2026-09-17 17:40:56 +07)" (scheduled at 2026-09-17 17:40:51.713136+07:00)
2026-09-17 17:40:51,724 INFO apscheduler.executors.default: Job "main.<locals>.run_lts_aus_fast_scan (trigger: interval[0:00:05], next run at: 2026-09-17 17:40:56 +07)" executed successfully
2026-09-17 17:40:51,724 INFO apscheduler.executors.default: Running job "main.<locals>.run_position_check (trigger: interval[0:00:05], next run at: 2026-09-17 17:40:56 +07)" (scheduled at 2026-09-17 17:40:51.713136+07:00)
2026-09-17 17:40:51,773 INFO apscheduler.executors.default: Job "main.<locals>.run_position_check (trigger: interval[0:00:05], next run at: 2026-09-17 17:40:56 +07)" executed successfully
2026-09-17 17:40:51,774 INFO apscheduler.executors.default: Running job "main.<locals>.run_trail_sl (trigger: interval[0:00:05], next run at: 2026-09-17 17:40:56 +07)" (scheduled at 2026-09-17 17:40:51.713136+07:00)
2026-09-17 17:40:51,775 INFO apscheduler.executors.default: Job "main.<locals>.run_trail_sl (trigger: interval[0:00:05], next run at: 2026-09-17 17:40:56 +07)" executed successfully
2026-09-17 17:40:51,900 INFO apscheduler.executors.default: Job "main.<locals>.run_scan (trigger: cron[second='1,6,11,16,21,26,31,36,41,46,51,56'], next run at: 2026-09-17 17:40:56 +07)" executed successfully
2026-09-17 17:40:55,732 INFO apscheduler.executors.default: Running job "main.<locals>.write_heartbeat_job (trigger: interval[0:00:15], next run at: 2026-09-17 17:41:10 +07)" (scheduled at 2026-09-17 17:40:55.715137+07:00)
2026-09-17 17:40:55,736 INFO apscheduler.executors.default: Job "main.<locals>.write_heartbeat_job (trigger: interval[0:00:15], next run at: 2026-09-17 17:41:10 +07)" executed successfully
2026-09-17 17:40:56,013 INFO apscheduler.executors.default: Running job "main.<locals>.run_scan (trigger: cron[second='1,6,11,16,21,26,31,36,41,46,51,56'], next run at: 2026-09-17 17:41:01 +07)" (scheduled at 2026-09-17 17:40:56+07:00)
2026-09-17 17:40:56,710 INFO apscheduler.executors.default: Running job "main.<locals>.check_symbol_switch (trigger: interval[0:01:00], next run at: 2026-09-17 17:41:56 +07)" (scheduled at 2026-09-17 17:40:56.709584+07:00)
2026-09-17 17:40:56,729 INFO apscheduler.executors.default: Job "main.<locals>.check_symbol_switch (trigger: interval[0:01:00], next run at: 2026-09-17 17:41:56 +07)" executed successfully
2026-09-17 17:40:56,731 INFO apscheduler.executors.default: Running job "main.<locals>.run_lts_aus_fast_scan (trigger: interval[0:00:05], next run at: 2026-09-17 17:41:01 +07)" (scheduled at 2026-09-17 17:40:56.713136+07:00)
2026-09-17 17:40:56,731 INFO apscheduler.executors.default: Job "main.<locals>.run_lts_aus_fast_scan (trigger: interval[0:00:05], next run at: 2026-09-17 17:41:01 +07)" executed successfully
2026-09-17 17:40:56,732 INFO apscheduler.executors.default: Running job "main.<locals>.run_position_check (trigger: interval[0:00:05], next run at: 2026-09-17 17:41:01 +07)" (scheduled at 2026-09-17 17:40:56.713136+07:00)
2026-09-17 17:40:56,780 INFO apscheduler.executors.default: Job "main.<locals>.run_position_check (trigger: interval[0:00:05], next run at: 2026-09-17 17:41:01 +07)" executed successfully
2026-09-17 17:40:56,781 INFO apscheduler.executors.default: Running job "main.<locals>.run_trail_sl (trigger: interval[0:00:05], next run at: 2026-09-17 17:41:01 +07)" (scheduled at 2026-09-17 17:40:56.713136+07:00)
2026-09-17 17:40:56,783 INFO apscheduler.executors.default: Job "main.<locals>.run_trail_sl (trigger: interval[0:00:05], next run at: 2026-09-17 17:41:01 +07)" executed successfully
2026-09-17 17:40:56,783 INFO apscheduler.executors.default: Running job "main.<locals>.save_bot_state_job (trigger: interval[0:00:15], next run at: 2026-09-17 17:41:11 +07)" (scheduled at 2026-09-17 17:40:56.714136+07:00)
2026-09-17 17:40:56,789 INFO apscheduler.executors.default: Job "main.<locals>.save_bot_state_job (trigger: interval[0:00:15], next run at: 2026-09-17 17:41:11 +07)" executed successfully
2026-09-17 17:40:56,791 INFO apscheduler.executors.default: Running job "main.<locals>.run_watchdog (trigger: interval[0:01:00], next run at: 2026-09-17 17:41:56 +07)" (scheduled at 2026-09-17 17:40:56.715137+07:00)
2026-09-17 17:40:56,798 INFO apscheduler.executors.default: Job "main.<locals>.run_watchdog (trigger: interval[0:01:00], next run at: 2026-09-17 17:41:56 +07)" executed successfully
2026-09-17 17:40:56,884 INFO apscheduler.executors.default: Job "main.<locals>.run_scan (trigger: cron[second='1,6,11,16,21,26,31,36,41,46,51,56'], next run at: 2026-09-17 17:41:01 +07)" executed successfully
2026-09-17 17:41:00,946 INFO httpx: HTTP Request: POST https://api.telegram.org/bot8698852591:AAGLSZSQhC0W0KP9ZeZ9Gkr6k-NFoghMC68/getUpdates "HTTP/1.1 200 OK"
2026-09-17 17:41:01,011 INFO apscheduler.executors.default: Running job "main.<locals>.run_scan (trigger: cron[second='1,6,11,16,21,26,31,36,41,46,51,56'], next run at: 2026-09-17 17:41:06 +07)" (scheduled at 2026-09-17 17:41:01+07:00)
2026-09-17 17:41:01,724 INFO apscheduler.executors.default: Running job "main.<locals>.run_lts_aus_fast_scan (trigger: interval[0:00:05], next run at: 2026-09-17 17:41:06 +07)" (scheduled at 2026-09-17 17:41:01.713136+07:00)
2026-09-17 17:41:01,724 INFO apscheduler.executors.default: Job "main.<locals>.run_lts_aus_fast_scan (trigger: interval[0:00:05], next run at: 2026-09-17 17:41:06 +07)" executed successfully
2026-09-17 17:41:01,725 INFO apscheduler.executors.default: Running job "main.<locals>.run_position_check (trigger: interval[0:00:05], next run at: 2026-09-17 17:41:06 +07)" (scheduled at 2026-09-17 17:41:01.713136+07:00)
2026-09-17 17:41:01,777 INFO apscheduler.executors.default: Job "main.<locals>.run_position_check (trigger: interval[0:00:05], next run at: 2026-09-17 17:41:06 +07)" executed successfully
2026-09-17 17:41:01,782 INFO apscheduler.executors.default: Running job "main.<locals>.run_trail_sl (trigger: interval[0:00:05], next run at: 2026-09-17 17:41:06 +07)" (scheduled at 2026-09-17 17:41:01.713136+07:00)
2026-09-17 17:41:01,784 INFO apscheduler.executors.default: Job "main.<locals>.run_trail_sl (trigger: interval[0:00:05], next run at: 2026-09-17 17:41:06 +07)" executed successfully
2026-09-17 17:41:01,889 INFO apscheduler.executors.default: Job "main.<locals>.run_scan (trigger: cron[second='1,6,11,16,21,26,31,36,41,46,51,56'], next run at: 2026-09-17 17:41:06 +07)" executed successfully
2026-09-17 17:41:06,025 INFO apscheduler.executors.default: Running job "main.<locals>.run_scan (trigger: cron[second='1,6,11,16,21,26,31,36,41,46,51,56'], next run at: 2026-09-17 17:41:11 +07)" (scheduled at 2026-09-17 17:41:06+07:00)
2026-09-17 17:41:06,717 INFO apscheduler.executors.default: Running job "main.<locals>.run_lts_aus_fast_scan (trigger: interval[0:00:05], next run at: 2026-09-17 17:41:11 +07)" (scheduled at 2026-09-17 17:41:06.713136+07:00)
2026-09-17 17:41:06,719 INFO apscheduler.executors.default: Job "main.<locals>.run_lts_aus_fast_scan (trigger: interval[0:00:05], next run at: 2026-09-17 17:41:11 +07)" executed successfully
2026-09-17 17:41:06,721 INFO apscheduler.executors.default: Running job "main.<locals>.run_position_check (trigger: interval[0:00:05], next run at: 2026-09-17 17:41:11 +07)" (scheduled at 2026-09-17 17:41:06.713136+07:00)
2026-09-17 17:41:06,769 INFO apscheduler.executors.default: Job "main.<locals>.run_position_check (trigger: interval[0:00:05], next run at: 2026-09-17 17:41:11 +07)" executed successfully
2026-09-17 17:41:06,770 INFO apscheduler.executors.default: Running job "main.<locals>.run_trail_sl (trigger: interval[0:00:05], next run at: 2026-09-17 17:41:11 +07)" (scheduled at 2026-09-17 17:41:06.713136+07:00)
2026-09-17 17:41:06,771 INFO apscheduler.executors.default: Job "main.<locals>.run_trail_sl (trigger: interval[0:00:05], next run at: 2026-09-17 17:41:11 +07)" executed successfully
2026-09-17 17:41:06,877 INFO apscheduler.executors.default: Job "main.<locals>.run_scan (trigger: cron[second='1,6,11,16,21,26,31,36,41,46,51,56'], next run at: 2026-09-17 17:41:11 +07)" executed successfully
2026-09-17 17:41:10,718 INFO apscheduler.executors.default: Running job "main.<locals>.write_heartbeat_job (trigger: interval[0:00:15], next run at: 2026-09-17 17:41:25 +07)" (scheduled at 2026-09-17 17:41:10.715137+07:00)
2026-09-17 17:41:10,722 INFO apscheduler.executors.default: Job "main.<locals>.write_heartbeat_job (trigger: interval[0:00:15], next run at: 2026-09-17 17:41:25 +07)" executed successfully
2026-09-17 17:41:11,013 INFO apscheduler.executors.default: Running job "main.<locals>.run_scan (trigger: cron[second='1,6,11,16,21,26,31,36,41,46,51,56'], next run at: 2026-09-17 17:41:16 +07)" (scheduled at 2026-09-17 17:41:11+07:00)
2026-09-17 17:41:11,144 INFO httpx: HTTP Request: POST https://api.telegram.org/bot8698852591:AAGLSZSQhC0W0KP9ZeZ9Gkr6k-NFoghMC68/getUpdates "HTTP/1.1 200 OK"
2026-09-17 17:41:11,725 INFO apscheduler.executors.default: Running job "main.<locals>.run_lts_aus_fast_scan (trigger: interval[0:00:05], next run at: 2026-09-17 17:41:16 +07)" (scheduled at 2026-09-17 17:41:11.713136+07:00)
2026-09-17 17:41:11,727 INFO apscheduler.executors.default: Job "main.<locals>.run_lts_aus_fast_scan (trigger: interval[0:00:05], next run at: 2026-09-17 17:41:16 +07)" executed successfully
2026-09-17 17:41:11,728 INFO apscheduler.executors.default: Running job "main.<locals>.run_position_check (trigger: interval[0:00:05], next run at: 2026-09-17 17:41:16 +07)" (scheduled at 2026-09-17 17:41:11.713136+07:00)
2026-09-17 17:41:11,777 INFO apscheduler.executors.default: Job "main.<locals>.run_position_check (trigger: interval[0:00:05], next run at: 2026-09-17 17:41:16 +07)" executed successfully
2026-09-17 17:41:11,779 INFO apscheduler.executors.default: Running job "main.<locals>.run_trail_sl (trigger: interval[0:00:05], next run at: 2026-09-17 17:41:16 +07)" (scheduled at 2026-09-17 17:41:11.713136+07:00)
2026-09-17 17:41:11,782 INFO apscheduler.executors.default: Job "main.<locals>.run_trail_sl (trigger: interval[0:00:05], next run at: 2026-09-17 17:41:16 +07)" executed successfully
2026-09-17 17:41:11,782 INFO apscheduler.executors.default: Running job "main.<locals>.save_bot_state_job (trigger: interval[0:00:15], next run at: 2026-09-17 17:41:26 +07)" (scheduled at 2026-09-17 17:41:11.714136+07:00)
2026-09-17 17:41:11,789 INFO apscheduler.executors.default: Job "main.<locals>.save_bot_state_job (trigger: interval[0:00:15], next run at: 2026-09-17 17:41:26 +07)" executed successfully
2026-09-17 17:41:11,887 INFO apscheduler.executors.default: Job "main.<locals>.run_scan (trigger: cron[second='1,6,11,16,21,26,31,36,41,46,51,56'], next run at: 2026-09-17 17:41:16 +07)" executed successfully
2026-09-17 17:41:16,018 INFO apscheduler.executors.default: Running job "main.<locals>.run_scan (trigger: cron[second='1,6,11,16,21,26,31,36,41,46,51,56'], next run at: 2026-09-17 17:41:21 +07)" (scheduled at 2026-09-17 17:41:16+07:00)
2026-09-17 17:41:16,730 INFO apscheduler.executors.default: Running job "main.<locals>.run_lts_aus_fast_scan (trigger: interval[0:00:05], next run at: 2026-09-17 17:41:21 +07)" (scheduled at 2026-09-17 17:41:16.713136+07:00)
2026-09-17 17:41:16,732 INFO apscheduler.executors.default: Job "main.<locals>.run_lts_aus_fast_scan (trigger: interval[0:00:05], next run at: 2026-09-17 17:41:21 +07)" executed successfully
2026-09-17 17:41:16,732 INFO apscheduler.executors.default: Running job "main.<locals>.run_position_check (trigger: interval[0:00:05], next run at: 2026-09-17 17:41:21 +07)" (scheduled at 2026-09-17 17:41:16.713136+07:00)
2026-09-17 17:41:16,779 INFO apscheduler.executors.default: Job "main.<locals>.run_position_check (trigger: interval[0:00:05], next run at: 2026-09-17 17:41:21 +07)" executed successfully
2026-09-17 17:41:16,784 INFO apscheduler.executors.default: Running job "main.<locals>.run_trail_sl (trigger: interval[0:00:05], next run at: 2026-09-17 17:41:21 +07)" (scheduled at 2026-09-17 17:41:16.713136+07:00)
2026-09-17 17:41:16,786 INFO apscheduler.executors.default: Job "main.<locals>.run_trail_sl (trigger: interval[0:00:05], next run at: 2026-09-17 17:41:21 +07)" executed successfully
2026-09-17 17:41:16,843 INFO apscheduler.executors.default: Job "main.<locals>.run_scan (trigger: cron[second='1,6,11,16,21,26,31,36,41,46,51,56'], next run at: 2026-09-17 17:41:21 +07)" executed successfully
2026-09-17 17:41:21,019 INFO apscheduler.executors.default: Running job "main.<locals>.run_scan (trigger: cron[second='1,6,11,16,21,26,31,36,41,46,51,56'], next run at: 2026-09-17 17:41:26 +07)" (scheduled at 2026-09-17 17:41:21+07:00)
2026-09-17 17:41:21,339 INFO httpx: HTTP Request: POST https://api.telegram.org/bot8698852591:AAGLSZSQhC0W0KP9ZeZ9Gkr6k-NFoghMC68/getUpdates "HTTP/1.1 200 OK"
2026-09-17 17:41:21,737 INFO apscheduler.executors.default: Running job "main.<locals>.run_lts_aus_fast_scan (trigger: interval[0:00:05], next run at: 2026-09-17 17:41:26 +07)" (scheduled at 2026-09-17 17:41:21.713136+07:00)
2026-09-17 17:41:21,738 INFO apscheduler.executors.default: Job "main.<locals>.run_lts_aus_fast_scan (trigger: interval[0:00:05], next run at: 2026-09-17 17:41:26 +07)" executed successfully
2026-09-17 17:41:21,739 INFO apscheduler.executors.default: Running job "main.<locals>.run_position_check (trigger: interval[0:00:05], next run at: 2026-09-17 17:41:26 +07)" (scheduled at 2026-09-17 17:41:21.713136+07:00)
2026-09-17 17:41:21,784 INFO apscheduler.executors.default: Job "main.<locals>.run_position_check (trigger: interval[0:00:05], next run at: 2026-09-17 17:41:26 +07)" executed successfully
2026-09-17 17:41:21,785 INFO apscheduler.executors.default: Running job "main.<locals>.run_trail_sl (trigger: interval[0:00:05], next run at: 2026-09-17 17:41:26 +07)" (scheduled at 2026-09-17 17:41:21.713136+07:00)
2026-09-17 17:41:21,787 INFO apscheduler.executors.default: Job "main.<locals>.run_trail_sl (trigger: interval[0:00:05], next run at: 2026-09-17 17:41:26 +07)" executed successfully
2026-09-17 17:41:21,903 INFO apscheduler.executors.default: Job "main.<locals>.run_scan (trigger: cron[second='1,6,11,16,21,26,31,36,41,46,51,56'], next run at: 2026-09-17 17:41:26 +07)" executed successfully
2026-09-17 17:41:25,731 INFO apscheduler.executors.default: Running job "main.<locals>.write_heartbeat_job (trigger: interval[0:00:15], next run at: 2026-09-17 17:41:40 +07)" (scheduled at 2026-09-17 17:41:25.715137+07:00)
2026-09-17 17:41:25,735 INFO apscheduler.executors.default: Job "main.<locals>.write_heartbeat_job (trigger: interval[0:00:15], next run at: 2026-09-17 17:41:40 +07)" executed successfully
2026-09-17 17:41:26,014 INFO apscheduler.executors.default: Running job "main.<locals>.run_scan (trigger: cron[second='1,6,11,16,21,26,31,36,41,46,51,56'], next run at: 2026-09-17 17:41:31 +07)" (scheduled at 2026-09-17 17:41:26+07:00)
2026-09-17 17:41:26,726 INFO apscheduler.executors.default: Running job "main.<locals>.run_lts_aus_fast_scan (trigger: interval[0:00:05], next run at: 2026-09-17 17:41:31 +07)" (scheduled at 2026-09-17 17:41:26.713136+07:00)
2026-09-17 17:41:26,728 INFO apscheduler.executors.default: Job "main.<locals>.run_lts_aus_fast_scan (trigger: interval[0:00:05], next run at: 2026-09-17 17:41:31 +07)" executed successfully
2026-09-17 17:41:26,729 INFO apscheduler.executors.default: Running job "main.<locals>.run_position_check (trigger: interval[0:00:05], next run at: 2026-09-17 17:41:31 +07)" (scheduled at 2026-09-17 17:41:26.713136+07:00)
2026-09-17 17:41:26,773 INFO apscheduler.executors.default: Job "main.<locals>.run_position_check (trigger: interval[0:00:05], next run at: 2026-09-17 17:41:31 +07)" executed successfully
2026-09-17 17:41:26,774 INFO apscheduler.executors.default: Running job "main.<locals>.run_trail_sl (trigger: interval[0:00:05], next run at: 2026-09-17 17:41:31 +07)" (scheduled at 2026-09-17 17:41:26.713136+07:00)
2026-09-17 17:41:26,776 INFO apscheduler.executors.default: Job "main.<locals>.run_trail_sl (trigger: interval[0:00:05], next run at: 2026-09-17 17:41:31 +07)" executed successfully
2026-09-17 17:41:26,777 INFO apscheduler.executors.default: Running job "main.<locals>.save_bot_state_job (trigger: interval[0:00:15], next run at: 2026-09-17 17:41:41 +07)" (scheduled at 2026-09-17 17:41:26.714136+07:00)
2026-09-17 17:41:26,783 INFO apscheduler.executors.default: Job "main.<locals>.save_bot_state_job (trigger: interval[0:00:15], next run at: 2026-09-17 17:41:41 +07)" executed successfully
2026-09-17 17:41:26,878 INFO apscheduler.executors.default: Job "main.<locals>.run_scan (trigger: cron[second='1,6,11,16,21,26,31,36,41,46,51,56'], next run at: 2026-09-17 17:41:31 +07)" executed successfully
2026-09-17 17:41:31,005 INFO apscheduler.executors.default: Running job "main.<locals>.run_scan (trigger: cron[second='1,6,11,16,21,26,31,36,41,46,51,56'], next run at: 2026-09-17 17:41:36 +07)" (scheduled at 2026-09-17 17:41:31+07:00)
2026-09-17 17:41:31,534 INFO httpx: HTTP Request: POST https://api.telegram.org/bot8698852591:AAGLSZSQhC0W0KP9ZeZ9Gkr6k-NFoghMC68/getUpdates "HTTP/1.1 200 OK"
2026-09-17 17:41:31,715 INFO apscheduler.executors.default: Running job "main.<locals>.run_lts_aus_fast_scan (trigger: interval[0:00:05], next run at: 2026-09-17 17:41:36 +07)" (scheduled at 2026-09-17 17:41:31.713136+07:00)
2026-09-17 17:41:31,715 INFO apscheduler.executors.default: Job "main.<locals>.run_lts_aus_fast_scan (trigger: interval[0:00:05], next run at: 2026-09-17 17:41:36 +07)" executed successfully
2026-09-17 17:41:31,716 INFO apscheduler.executors.default: Running job "main.<locals>.run_position_check (trigger: interval[0:00:05], next run at: 2026-09-17 17:41:36 +07)" (scheduled at 2026-09-17 17:41:31.713136+07:00)
2026-09-17 17:41:31,758 INFO apscheduler.executors.default: Job "main.<locals>.run_position_check (trigger: interval[0:00:05], next run at: 2026-09-17 17:41:36 +07)" executed successfully
2026-09-17 17:41:31,758 INFO apscheduler.executors.default: Running job "main.<locals>.run_trail_sl (trigger: interval[0:00:05], next run at: 2026-09-17 17:41:36 +07)" (scheduled at 2026-09-17 17:41:31.713136+07:00)
2026-09-17 17:41:31,761 INFO apscheduler.executors.default: Job "main.<locals>.run_trail_sl (trigger: interval[0:00:05], next run at: 2026-09-17 17:41:36 +07)" executed successfully
2026-09-17 17:41:31,881 INFO apscheduler.executors.default: Job "main.<locals>.run_scan (trigger: cron[second='1,6,11,16,21,26,31,36,41,46,51,56'], next run at: 2026-09-17 17:41:36 +07)" executed successfully
2026-09-17 17:41:36,002 INFO apscheduler.executors.default: Running job "main.<locals>.run_scan (trigger: cron[second='1,6,11,16,21,26,31,36,41,46,51,56'], next run at: 2026-09-17 17:41:41 +07)" (scheduled at 2026-09-17 17:41:36+07:00)
2026-09-17 17:41:36,731 INFO apscheduler.executors.default: Running job "main.<locals>.run_lts_aus_fast_scan (trigger: interval[0:00:05], next run at: 2026-09-17 17:41:41 +07)" (scheduled at 2026-09-17 17:41:36.713136+07:00)
2026-09-17 17:41:36,732 INFO apscheduler.executors.default: Job "main.<locals>.run_lts_aus_fast_scan (trigger: interval[0:00:05], next run at: 2026-09-17 17:41:41 +07)" executed successfully
2026-09-17 17:41:36,732 INFO apscheduler.executors.default: Running job "main.<locals>.run_position_check (trigger: interval[0:00:05], next run at: 2026-09-17 17:41:41 +07)" (scheduled at 2026-09-17 17:41:36.713136+07:00)
2026-09-17 17:41:36,778 INFO apscheduler.executors.default: Job "main.<locals>.run_position_check (trigger: interval[0:00:05], next run at: 2026-09-17 17:41:41 +07)" executed successfully
2026-09-17 17:41:36,778 INFO apscheduler.executors.default: Running job "main.<locals>.run_trail_sl (trigger: interval[0:00:05], next run at: 2026-09-17 17:41:41 +07)" (scheduled at 2026-09-17 17:41:36.713136+07:00)
2026-09-17 17:41:36,781 INFO apscheduler.executors.default: Job "main.<locals>.run_trail_sl (trigger: interval[0:00:05], next run at: 2026-09-17 17:41:41 +07)" executed successfully
2026-09-17 17:41:36,918 INFO apscheduler.executors.default: Job "main.<locals>.run_scan (trigger: cron[second='1,6,11,16,21,26,31,36,41,46,51,56'], next run at: 2026-09-17 17:41:41 +07)" executed successfully
2026-09-17 17:41:40,730 INFO apscheduler.executors.default: Running job "main.<locals>.write_heartbeat_job (trigger: interval[0:00:15], next run at: 2026-09-17 17:41:55 +07)" (scheduled at 2026-09-17 17:41:40.715137+07:00)
2026-09-17 17:41:40,733 INFO apscheduler.executors.default: Job "main.<locals>.write_heartbeat_job (trigger: interval[0:00:15], next run at: 2026-09-17 17:41:55 +07)" executed successfully
2026-09-17 17:41:41,011 INFO apscheduler.executors.default: Running job "main.<locals>.run_scan (trigger: cron[second='1,6,11,16,21,26,31,36,41,46,51,56'], next run at: 2026-09-17 17:41:46 +07)" (scheduled at 2026-09-17 17:41:41+07:00)
2026-09-17 17:41:41,725 INFO apscheduler.executors.default: Running job "main.<locals>.run_lts_aus_fast_scan (trigger: interval[0:00:05], next run at: 2026-09-17 17:41:46 +07)" (scheduled at 2026-09-17 17:41:41.713136+07:00)
2026-09-17 17:41:41,726 INFO apscheduler.executors.default: Job "main.<locals>.run_lts_aus_fast_scan (trigger: interval[0:00:05], next run at: 2026-09-17 17:41:46 +07)" executed successfully
2026-09-17 17:41:41,727 INFO apscheduler.executors.default: Running job "main.<locals>.run_position_check (trigger: interval[0:00:05], next run at: 2026-09-17 17:41:46 +07)" (scheduled at 2026-09-17 17:41:41.713136+07:00)
2026-09-17 17:41:41,772 INFO apscheduler.executors.default: Job "main.<locals>.run_position_check (trigger: interval[0:00:05], next run at: 2026-09-17 17:41:46 +07)" executed successfully
2026-09-17 17:41:41,773 INFO apscheduler.executors.default: Running job "main.<locals>.run_trail_sl (trigger: interval[0:00:05], next run at: 2026-09-17 17:41:46 +07)" (scheduled at 2026-09-17 17:41:41.713136+07:00)
2026-09-17 17:41:41,775 INFO apscheduler.executors.default: Job "main.<locals>.run_trail_sl (trigger: interval[0:00:05], next run at: 2026-09-17 17:41:46 +07)" executed successfully
2026-09-17 17:41:41,776 INFO apscheduler.executors.default: Running job "main.<locals>.save_bot_state_job (trigger: interval[0:00:15], next run at: 2026-09-17 17:41:56 +07)" (scheduled at 2026-09-17 17:41:41.714136+07:00)
2026-09-17 17:41:41,783 INFO apscheduler.executors.default: Job "main.<locals>.save_bot_state_job (trigger: interval[0:00:15], next run at: 2026-09-17 17:41:56 +07)" executed successfully
2026-09-17 17:41:41,785 INFO httpx: HTTP Request: POST https://api.telegram.org/bot8698852591:AAGLSZSQhC0W0KP9ZeZ9Gkr6k-NFoghMC68/getUpdates "HTTP/1.1 200 OK"
2026-09-17 17:41:41,916 INFO apscheduler.executors.default: Job "main.<locals>.run_scan (trigger: cron[second='1,6,11,16,21,26,31,36,41,46,51,56'], next run at: 2026-09-17 17:41:46 +07)" executed successfully
2026-09-17 17:41:46,006 INFO apscheduler.executors.default: Running job "main.<locals>.run_scan (trigger: cron[second='1,6,11,16,21,26,31,36,41,46,51,56'], next run at: 2026-09-17 17:41:51 +07)" (scheduled at 2026-09-17 17:41:46+07:00)
2026-09-17 17:41:46,721 INFO apscheduler.executors.default: Running job "main.<locals>.run_lts_aus_fast_scan (trigger: interval[0:00:05], next run at: 2026-09-17 17:41:51 +07)" (scheduled at 2026-09-17 17:41:46.713136+07:00)
2026-09-17 17:41:46,723 INFO apscheduler.executors.default: Job "main.<locals>.run_lts_aus_fast_scan (trigger: interval[0:00:05], next run at: 2026-09-17 17:41:51 +07)" executed successfully
2026-09-17 17:41:46,723 INFO apscheduler.executors.default: Running job "main.<locals>.run_position_check (trigger: interval[0:00:05], next run at: 2026-09-17 17:41:51 +07)" (scheduled at 2026-09-17 17:41:46.713136+07:00)
2026-09-17 17:41:46,774 INFO apscheduler.executors.default: Job "main.<locals>.run_position_check (trigger: interval[0:00:05], next run at: 2026-09-17 17:41:51 +07)" executed successfully
2026-09-17 17:41:46,774 INFO apscheduler.executors.default: Running job "main.<locals>.run_trail_sl (trigger: interval[0:00:05], next run at: 2026-09-17 17:41:51 +07)" (scheduled at 2026-09-17 17:41:46.713136+07:00)
2026-09-17 17:41:46,777 INFO apscheduler.executors.default: Job "main.<locals>.run_trail_sl (trigger: interval[0:00:05], next run at: 2026-09-17 17:41:51 +07)" executed successfully
2026-09-17 17:41:46,870 INFO apscheduler.executors.default: Job "main.<locals>.run_scan (trigger: cron[second='1,6,11,16,21,26,31,36,41,46,51,56'], next run at: 2026-09-17 17:41:51 +07)" executed successfully
2026-09-17 17:41:51,017 INFO apscheduler.executors.default: Running job "main.<locals>.run_scan (trigger: cron[second='1,6,11,16,21,26,31,36,41,46,51,56'], next run at: 2026-09-17 17:41:56 +07)" (scheduled at 2026-09-17 17:41:51+07:00)
2026-09-17 17:41:51,723 INFO apscheduler.executors.default: Running job "main.<locals>.run_lts_aus_fast_scan (trigger: interval[0:00:05], next run at: 2026-09-17 17:41:56 +07)" (scheduled at 2026-09-17 17:41:51.713136+07:00)
2026-09-17 17:41:51,724 INFO apscheduler.executors.default: Job "main.<locals>.run_lts_aus_fast_scan (trigger: interval[0:00:05], next run at: 2026-09-17 17:41:56 +07)" executed successfully
2026-09-17 17:41:51,724 INFO apscheduler.executors.default: Running job "main.<locals>.run_position_check (trigger: interval[0:00:05], next run at: 2026-09-17 17:41:56 +07)" (scheduled at 2026-09-17 17:41:51.713136+07:00)
2026-09-17 17:41:51,768 INFO apscheduler.executors.default: Job "main.<locals>.run_position_check (trigger: interval[0:00:05], next run at: 2026-09-17 17:41:56 +07)" executed successfully
2026-09-17 17:41:51,768 INFO apscheduler.executors.default: Running job "main.<locals>.run_trail_sl (trigger: interval[0:00:05], next run at: 2026-09-17 17:41:56 +07)" (scheduled at 2026-09-17 17:41:51.713136+07:00)
2026-09-17 17:41:51,771 INFO apscheduler.executors.default: Job "main.<locals>.run_trail_sl (trigger: interval[0:00:05], next run at: 2026-09-17 17:41:56 +07)" executed successfully
2026-09-17 17:41:51,856 INFO apscheduler.executors.default: Job "main.<locals>.run_scan (trigger: cron[second='1,6,11,16,21,26,31,36,41,46,51,56'], next run at: 2026-09-17 17:41:56 +07)" executed successfully
2026-09-17 17:41:51,982 INFO httpx: HTTP Request: POST https://api.telegram.org/bot8698852591:AAGLSZSQhC0W0KP9ZeZ9Gkr6k-NFoghMC68/getUpdates "HTTP/1.1 200 OK"
2026-09-17 17:41:55,739 INFO apscheduler.executors.default: Running job "main.<locals>.write_heartbeat_job (trigger: interval[0:00:15], next run at: 2026-09-17 17:42:10 +07)" (scheduled at 2026-09-17 17:41:55.715137+07:00)
2026-09-17 17:41:55,741 INFO apscheduler.executors.default: Job "main.<locals>.write_heartbeat_job (trigger: interval[0:00:15], next run at: 2026-09-17 17:42:10 +07)" executed successfully
2026-09-17 17:41:56,016 INFO apscheduler.executors.default: Running job "main.<locals>.run_scan (trigger: cron[second='1,6,11,16,21,26,31,36,41,46,51,56'], next run at: 2026-09-17 17:42:01 +07)" (scheduled at 2026-09-17 17:41:56+07:00)
2026-09-17 17:41:56,712 INFO apscheduler.executors.default: Running job "main.<locals>.check_symbol_switch (trigger: interval[0:01:00], next run at: 2026-09-17 17:42:56 +07)" (scheduled at 2026-09-17 17:41:56.709584+07:00)
2026-09-17 17:41:56,730 INFO apscheduler.executors.default: Job "main.<locals>.check_symbol_switch (trigger: interval[0:01:00], next run at: 2026-09-17 17:42:56 +07)" executed successfully
2026-09-17 17:41:56,732 INFO apscheduler.executors.default: Running job "main.<locals>.run_demo_portfolio_scan (trigger: interval[0:05:00], next run at: 2026-09-17 17:46:56 +07)" (scheduled at 2026-09-17 17:41:56.712132+07:00)
2026-09-17 17:41:56,732 INFO apscheduler.executors.default: Job "main.<locals>.run_demo_portfolio_scan (trigger: interval[0:05:00], next run at: 2026-09-17 17:46:56 +07)" executed successfully
2026-09-17 17:41:56,732 INFO apscheduler.executors.default: Running job "main.<locals>.run_lts_aus_fast_scan (trigger: interval[0:00:05], next run at: 2026-09-17 17:42:01 +07)" (scheduled at 2026-09-17 17:41:56.713136+07:00)
2026-09-17 17:41:56,733 INFO apscheduler.executors.default: Job "main.<locals>.run_lts_aus_fast_scan (trigger: interval[0:00:05], next run at: 2026-09-17 17:42:01 +07)" executed successfully
2026-09-17 17:41:56,734 INFO apscheduler.executors.default: Running job "main.<locals>.run_position_check (trigger: interval[0:00:05], next run at: 2026-09-17 17:42:01 +07)" (scheduled at 2026-09-17 17:41:56.713136+07:00)
2026-09-17 17:41:56,783 INFO apscheduler.executors.default: Job "main.<locals>.run_position_check (trigger: interval[0:00:05], next run at: 2026-09-17 17:42:01 +07)" executed successfully
2026-09-17 17:41:56,784 INFO apscheduler.executors.default: Running job "main.<locals>.run_trail_sl (trigger: interval[0:00:05], next run at: 2026-09-17 17:42:01 +07)" (scheduled at 2026-09-17 17:41:56.713136+07:00)
2026-09-17 17:41:56,785 INFO apscheduler.executors.default: Job "main.<locals>.run_trail_sl (trigger: interval[0:00:05], next run at: 2026-09-17 17:42:01 +07)" executed successfully
2026-09-17 17:41:56,786 INFO apscheduler.executors.default: Running job "main.<locals>.save_bot_state_job (trigger: interval[0:00:15], next run at: 2026-09-17 17:42:11 +07)" (scheduled at 2026-09-17 17:41:56.714136+07:00)
2026-09-17 17:41:56,791 INFO apscheduler.executors.default: Job "main.<locals>.save_bot_state_job (trigger: interval[0:00:15], next run at: 2026-09-17 17:42:11 +07)" executed successfully
2026-09-17 17:41:56,792 INFO apscheduler.executors.default: Running job "main.<locals>.run_watchdog (trigger: interval[0:01:00], next run at: 2026-09-17 17:42:56 +07)" (scheduled at 2026-09-17 17:41:56.715137+07:00)
2026-09-17 17:41:56,802 INFO apscheduler.executors.default: Job "main.<locals>.run_watchdog (trigger: interval[0:01:00], next run at: 2026-09-17 17:42:56 +07)" executed successfully
2026-09-17 17:41:56,878 INFO apscheduler.executors.default: Job "main.<locals>.run_scan (trigger: cron[second='1,6,11,16,21,26,31,36,41,46,51,56'], next run at: 2026-09-17 17:42:01 +07)" executed successfully
2026-09-17 17:42:01,008 INFO apscheduler.executors.default: Running job "main.<locals>.run_scan (trigger: cron[second='1,6,11,16,21,26,31,36,41,46,51,56'], next run at: 2026-09-17 17:42:06 +07)" (scheduled at 2026-09-17 17:42:01+07:00)
2026-09-17 17:42:01,724 INFO apscheduler.executors.default: Running job "main.<locals>.run_lts_aus_fast_scan (trigger: interval[0:00:05], next run at: 2026-09-17 17:42:06 +07)" (scheduled at 2026-09-17 17:42:01.713136+07:00)
2026-09-17 17:42:01,725 INFO apscheduler.executors.default: Job "main.<locals>.run_lts_aus_fast_scan (trigger: interval[0:00:05], next run at: 2026-09-17 17:42:06 +07)" executed successfully
2026-09-17 17:42:01,774 INFO apscheduler.executors.default: Running job "main.<locals>.run_position_check (trigger: interval[0:00:05], next run at: 2026-09-17 17:42:06 +07)" (scheduled at 2026-09-17 17:42:01.713136+07:00)
2026-09-17 17:42:01,822 INFO apscheduler.executors.default: Job "main.<locals>.run_position_check (trigger: interval[0:00:05], next run at: 2026-09-17 17:42:06 +07)" executed successfully
2026-09-17 17:42:01,822 INFO apscheduler.executors.default: Running job "main.<locals>.run_trail_sl (trigger: interval[0:00:05], next run at: 2026-09-17 17:42:06 +07)" (scheduled at 2026-09-17 17:42:01.713136+07:00)
2026-09-17 17:42:01,824 INFO apscheduler.executors.default: Job "main.<locals>.run_trail_sl (trigger: interval[0:00:05], next run at: 2026-09-17 17:42:06 +07)" executed successfully
2026-09-17 17:42:01,905 INFO apscheduler.executors.default: Job "main.<locals>.run_scan (trigger: cron[second='1,6,11,16,21,26,31,36,41,46,51,56'], next run at: 2026-09-17 17:42:06 +07)" executed successfully
2026-09-17 17:42:02,178 INFO httpx: HTTP Request: POST https://api.telegram.org/bot8698852591:AAGLSZSQhC0W0KP9ZeZ9Gkr6k-NFoghMC68/getUpdates "HTTP/1.1 200 OK"
2026-09-17 17:42:06,013 INFO apscheduler.executors.default: Running job "main.<locals>.run_scan (trigger: cron[second='1,6,11,16,21,26,31,36,41,46,51,56'], next run at: 2026-09-17 17:42:11 +07)" (scheduled at 2026-09-17 17:42:06+07:00)
2026-09-17 17:42:06,724 INFO apscheduler.executors.default: Running job "main.<locals>.run_lts_aus_fast_scan (trigger: interval[0:00:05], next run at: 2026-09-17 17:42:11 +07)" (scheduled at 2026-09-17 17:42:06.713136+07:00)
2026-09-17 17:42:06,725 INFO apscheduler.executors.default: Job "main.<locals>.run_lts_aus_fast_scan (trigger: interval[0:00:05], next run at: 2026-09-17 17:42:11 +07)" executed successfully
2026-09-17 17:42:06,727 INFO apscheduler.executors.default: Running job "main.<locals>.run_position_check (trigger: interval[0:00:05], next run at: 2026-09-17 17:42:11 +07)" (scheduled at 2026-09-17 17:42:06.713136+07:00)
2026-09-17 17:42:06,775 INFO apscheduler.executors.default: Job "main.<locals>.run_position_check (trigger: interval[0:00:05], next run at: 2026-09-17 17:42:11 +07)" executed successfully
2026-09-17 17:42:06,775 INFO apscheduler.executors.default: Running job "main.<locals>.run_trail_sl (trigger: interval[0:00:05], next run at: 2026-09-17 17:42:11 +07)" (scheduled at 2026-09-17 17:42:06.713136+07:00)
2026-09-17 17:42:06,777 INFO apscheduler.executors.default: Job "main.<locals>.run_trail_sl (trigger: interval[0:00:05], next run at: 2026-09-17 17:42:11 +07)" executed successfully
2026-09-17 17:42:06,908 INFO apscheduler.executors.default: Job "main.<locals>.run_scan (trigger: cron[second='1,6,11,16,21,26,31,36,41,46,51,56'], next run at: 2026-09-17 17:42:11 +07)" executed successfully
2026-09-17 17:42:10,724 INFO apscheduler.executors.default: Running job "main.<locals>.write_heartbeat_job (trigger: interval[0:00:15], next run at: 2026-09-17 17:42:25 +07)" (scheduled at 2026-09-17 17:42:10.715137+07:00)
2026-09-17 17:42:10,727 INFO apscheduler.executors.default: Job "main.<locals>.write_heartbeat_job (trigger: interval[0:00:15], next run at: 2026-09-17 17:42:25 +07)" executed successfully
2026-09-17 17:42:11,015 INFO apscheduler.executors.default: Running job "main.<locals>.run_scan (trigger: cron[second='1,6,11,16,21,26,31,36,41,46,51,56'], next run at: 2026-09-17 17:42:16 +07)" (scheduled at 2026-09-17 17:42:11+07:00)
2026-09-17 17:42:11,714 INFO apscheduler.executors.default: Running job "main.<locals>.run_lts_aus_fast_scan (trigger: interval[0:00:05], next run at: 2026-09-17 17:42:16 +07)" (scheduled at 2026-09-17 17:42:11.713136+07:00)
2026-09-17 17:42:11,716 INFO apscheduler.executors.default: Job "main.<locals>.run_lts_aus_fast_scan (trigger: interval[0:00:05], next run at: 2026-09-17 17:42:16 +07)" executed successfully
2026-09-17 17:42:11,716 INFO apscheduler.executors.default: Running job "main.<locals>.run_position_check (trigger: interval[0:00:05], next run at: 2026-09-17 17:42:16 +07)" (scheduled at 2026-09-17 17:42:11.713136+07:00)
2026-09-17 17:42:11,766 INFO apscheduler.executors.default: Job "main.<locals>.run_position_check (trigger: interval[0:00:05], next run at: 2026-09-17 17:42:16 +07)" executed successfully
2026-09-17 17:42:11,767 INFO apscheduler.executors.default: Running job "main.<locals>.run_trail_sl (trigger: interval[0:00:05], next run at: 2026-09-17 17:42:16 +07)" (scheduled at 2026-09-17 17:42:11.713136+07:00)
2026-09-17 17:42:11,769 INFO apscheduler.executors.default: Job "main.<locals>.run_trail_sl (trigger: interval[0:00:05], next run at: 2026-09-17 17:42:16 +07)" executed successfully
2026-09-17 17:42:11,769 INFO apscheduler.executors.default: Running job "main.<locals>.save_bot_state_job (trigger: interval[0:00:15], next run at: 2026-09-17 17:42:26 +07)" (scheduled at 2026-09-17 17:42:11.714136+07:00)
2026-09-17 17:42:11,775 INFO apscheduler.executors.default: Job "main.<locals>.save_bot_state_job (trigger: interval[0:00:15], next run at: 2026-09-17 17:42:26 +07)" executed successfully
2026-09-17 17:42:11,878 INFO apscheduler.executors.default: Job "main.<locals>.run_scan (trigger: cron[second='1,6,11,16,21,26,31,36,41,46,51,56'], next run at: 2026-09-17 17:42:16 +07)" executed successfully
2026-09-17 17:42:12,374 INFO httpx: HTTP Request: POST https://api.telegram.org/bot8698852591:AAGLSZSQhC0W0KP9ZeZ9Gkr6k-NFoghMC68/getUpdates "HTTP/1.1 200 OK"
2026-09-17 17:42:16,005 INFO apscheduler.executors.default: Running job "main.<locals>.run_scan (trigger: cron[second='1,6,11,16,21,26,31,36,41,46,51,56'], next run at: 2026-09-17 17:42:21 +07)" (scheduled at 2026-09-17 17:42:16+07:00)
2026-09-17 17:42:16,731 INFO apscheduler.executors.default: Running job "main.<locals>.run_lts_aus_fast_scan (trigger: interval[0:00:05], next run at: 2026-09-17 17:42:21 +07)" (scheduled at 2026-09-17 17:42:16.713136+07:00)
2026-09-17 17:42:16,733 INFO apscheduler.executors.default: Job "main.<locals>.run_lts_aus_fast_scan (trigger: interval[0:00:05], next run at: 2026-09-17 17:42:21 +07)" executed successfully
2026-09-17 17:42:16,734 INFO apscheduler.executors.default: Running job "main.<locals>.run_position_check (trigger: interval[0:00:05], next run at: 2026-09-17 17:42:21 +07)" (scheduled at 2026-09-17 17:42:16.713136+07:00)
2026-09-17 17:42:16,786 INFO apscheduler.executors.default: Job "main.<locals>.run_position_check (trigger: interval[0:00:05], next run at: 2026-09-17 17:42:21 +07)" executed successfully
2026-09-17 17:42:16,786 INFO apscheduler.executors.default: Running job "main.<locals>.run_trail_sl (trigger: interval[0:00:05], next run at: 2026-09-17 17:42:21 +07)" (scheduled at 2026-09-17 17:42:16.713136+07:00)
2026-09-17 17:42:16,789 INFO apscheduler.executors.default: Job "main.<locals>.run_trail_sl (trigger: interval[0:00:05], next run at: 2026-09-17 17:42:21 +07)" executed successfully
2026-09-17 17:42:16,870 INFO apscheduler.executors.default: Job "main.<locals>.run_scan (trigger: cron[second='1,6,11,16,21,26,31,36,41,46,51,56'], next run at: 2026-09-17 17:42:21 +07)" executed successfully
2026-09-17 17:42:21,011 INFO apscheduler.executors.default: Running job "main.<locals>.run_scan (trigger: cron[second='1,6,11,16,21,26,31,36,41,46,51,56'], next run at: 2026-09-17 17:42:26 +07)" (scheduled at 2026-09-17 17:42:21+07:00)
2026-09-17 17:42:21,727 INFO apscheduler.executors.default: Running job "main.<locals>.run_lts_aus_fast_scan (trigger: interval[0:00:05], next run at: 2026-09-17 17:42:26 +07)" (scheduled at 2026-09-17 17:42:21.713136+07:00)
2026-09-17 17:42:21,727 INFO apscheduler.executors.default: Job "main.<locals>.run_lts_aus_fast_scan (trigger: interval[0:00:05], next run at: 2026-09-17 17:42:26 +07)" executed successfully
2026-09-17 17:42:21,728 INFO apscheduler.executors.default: Running job "main.<locals>.run_position_check (trigger: interval[0:00:05], next run at: 2026-09-17 17:42:26 +07)" (scheduled at 2026-09-17 17:42:21.713136+07:00)
2026-09-17 17:42:21,781 INFO apscheduler.executors.default: Job "main.<locals>.run_position_check (trigger: interval[0:00:05], next run at: 2026-09-17 17:42:26 +07)" executed successfully
2026-09-17 17:42:21,783 INFO apscheduler.executors.default: Running job "main.<locals>.run_trail_sl (trigger: interval[0:00:05], next run at: 2026-09-17 17:42:26 +07)" (scheduled at 2026-09-17 17:42:21.713136+07:00)
2026-09-17 17:42:21,784 INFO apscheduler.executors.default: Job "main.<locals>.run_trail_sl (trigger: interval[0:00:05], next run at: 2026-09-17 17:42:26 +07)" executed successfully
2026-09-17 17:42:21,839 INFO apscheduler.executors.default: Job "main.<locals>.run_scan (trigger: cron[second='1,6,11,16,21,26,31,36,41,46,51,56'], next run at: 2026-09-17 17:42:26 +07)" executed successfully
2026-09-17 17:42:22,567 INFO httpx: HTTP Request: POST https://api.telegram.org/bot8698852591:AAGLSZSQhC0W0KP9ZeZ9Gkr6k-NFoghMC68/getUpdates "HTTP/1.1 200 OK"
2026-09-17 17:42:25,728 INFO apscheduler.executors.default: Running job "main.<locals>.write_heartbeat_job (trigger: interval[0:00:15], next run at: 2026-09-17 17:42:40 +07)" (scheduled at 2026-09-17 17:42:25.715137+07:00)
2026-09-17 17:42:25,732 INFO apscheduler.executors.default: Job "main.<locals>.write_heartbeat_job (trigger: interval[0:00:15], next run at: 2026-09-17 17:42:40 +07)" executed successfully
2026-09-17 17:42:26,006 INFO apscheduler.executors.default: Running job "main.<locals>.run_scan (trigger: cron[second='1,6,11,16,21,26,31,36,41,46,51,56'], next run at: 2026-09-17 17:42:31 +07)" (scheduled at 2026-09-17 17:42:26+07:00)
2026-09-17 17:42:26,722 INFO apscheduler.executors.default: Running job "main.<locals>.run_lts_aus_fast_scan (trigger: interval[0:00:05], next run at: 2026-09-17 17:42:31 +07)" (scheduled at 2026-09-17 17:42:26.713136+07:00)
2026-09-17 17:42:26,724 INFO apscheduler.executors.default: Job "main.<locals>.run_lts_aus_fast_scan (trigger: interval[0:00:05], next run at: 2026-09-17 17:42:31 +07)" executed successfully
2026-09-17 17:42:26,724 INFO apscheduler.executors.default: Running job "main.<locals>.run_position_check (trigger: interval[0:00:05], next run at: 2026-09-17 17:42:31 +07)" (scheduled at 2026-09-17 17:42:26.713136+07:00)
2026-09-17 17:42:26,769 INFO apscheduler.executors.default: Job "main.<locals>.run_position_check (trigger: interval[0:00:05], next run at: 2026-09-17 17:42:31 +07)" executed successfully
2026-09-17 17:42:26,770 INFO apscheduler.executors.default: Running job "main.<locals>.run_trail_sl (trigger: interval[0:00:05], next run at: 2026-09-17 17:42:31 +07)" (scheduled at 2026-09-17 17:42:26.713136+07:00)
2026-09-17 17:42:26,774 INFO apscheduler.executors.default: Job "main.<locals>.run_trail_sl (trigger: interval[0:00:05], next run at: 2026-09-17 17:42:31 +07)" executed successfully
2026-09-17 17:42:26,775 INFO apscheduler.executors.default: Running job "main.<locals>.save_bot_state_job (trigger: interval[0:00:15], next run at: 2026-09-17 17:42:41 +07)" (scheduled at 2026-09-17 17:42:26.714136+07:00)
2026-09-17 17:42:26,779 INFO apscheduler.executors.default: Job "main.<locals>.save_bot_state_job (trigger: interval[0:00:15], next run at: 2026-09-17 17:42:41 +07)" executed successfully
2026-09-17 17:42:26,874 INFO apscheduler.executors.default: Job "main.<locals>.run_scan (trigger: cron[second='1,6,11,16,21,26,31,36,41,46,51,56'], next run at: 2026-09-17 17:42:31 +07)" executed successfully
2026-09-17 17:42:31,017 INFO apscheduler.executors.default: Running job "main.<locals>.run_scan (trigger: cron[second='1,6,11,16,21,26,31,36,41,46,51,56'], next run at: 2026-09-17 17:42:36 +07)" (scheduled at 2026-09-17 17:42:31+07:00)
2026-09-17 17:42:31,714 INFO apscheduler.executors.default: Running job "main.<locals>.run_lts_aus_fast_scan (trigger: interval[0:00:05], next run at: 2026-09-17 17:42:36 +07)" (scheduled at 2026-09-17 17:42:31.713136+07:00)
2026-09-17 17:42:31,715 INFO apscheduler.executors.default: Job "main.<locals>.run_lts_aus_fast_scan (trigger: interval[0:00:05], next run at: 2026-09-17 17:42:36 +07)" executed successfully
2026-09-17 17:42:31,716 INFO apscheduler.executors.default: Running job "main.<locals>.run_position_check (trigger: interval[0:00:05], next run at: 2026-09-17 17:42:36 +07)" (scheduled at 2026-09-17 17:42:31.713136+07:00)
2026-09-17 17:42:31,759 INFO apscheduler.executors.default: Job "main.<locals>.run_position_check (trigger: interval[0:00:05], next run at: 2026-09-17 17:42:36 +07)" executed successfully
2026-09-17 17:42:31,759 INFO apscheduler.executors.default: Running job "main.<locals>.run_trail_sl (trigger: interval[0:00:05], next run at: 2026-09-17 17:42:36 +07)" (scheduled at 2026-09-17 17:42:31.713136+07:00)
2026-09-17 17:42:31,762 INFO apscheduler.executors.default: Job "main.<locals>.run_trail_sl (trigger: interval[0:00:05], next run at: 2026-09-17 17:42:36 +07)" executed successfully
2026-09-17 17:42:31,882 INFO apscheduler.executors.default: Job "main.<locals>.run_scan (trigger: cron[second='1,6,11,16,21,26,31,36,41,46,51,56'], next run at: 2026-09-17 17:42:36 +07)" executed successfully
2026-09-17 17:42:32,761 INFO httpx: HTTP Request: POST https://api.telegram.org/bot8698852591:AAGLSZSQhC0W0KP9ZeZ9Gkr6k-NFoghMC68/getUpdates "HTTP/1.1 200 OK"
2026-09-17 17:42:36,008 INFO apscheduler.executors.default: Running job "main.<locals>.run_scan (trigger: cron[second='1,6,11,16,21,26,31,36,41,46,51,56'], next run at: 2026-09-17 17:42:41 +07)" (scheduled at 2026-09-17 17:42:36+07:00)
2026-09-17 17:42:36,724 INFO apscheduler.executors.default: Running job "main.<locals>.run_lts_aus_fast_scan (trigger: interval[0:00:05], next run at: 2026-09-17 17:42:41 +07)" (scheduled at 2026-09-17 17:42:36.713136+07:00)
2026-09-17 17:42:36,725 INFO apscheduler.executors.default: Job "main.<locals>.run_lts_aus_fast_scan (trigger: interval[0:00:05], next run at: 2026-09-17 17:42:41 +07)" executed successfully
2026-09-17 17:42:36,726 INFO apscheduler.executors.default: Running job "main.<locals>.run_position_check (trigger: interval[0:00:05], next run at: 2026-09-17 17:42:41 +07)" (scheduled at 2026-09-17 17:42:36.713136+07:00)
2026-09-17 17:42:36,770 INFO apscheduler.executors.default: Job "main.<locals>.run_position_check (trigger: interval[0:00:05], next run at: 2026-09-17 17:42:41 +07)" executed successfully
2026-09-17 17:42:36,770 INFO apscheduler.executors.default: Running job "main.<locals>.run_trail_sl (trigger: interval[0:00:05], next run at: 2026-09-17 17:42:41 +07)" (scheduled at 2026-09-17 17:42:36.713136+07:00)
2026-09-17 17:42:36,773 INFO apscheduler.executors.default: Job "main.<locals>.run_trail_sl (trigger: interval[0:00:05], next run at: 2026-09-17 17:42:41 +07)" executed successfully
2026-09-17 17:42:36,829 INFO apscheduler.executors.default: Job "main.<locals>.run_scan (trigger: cron[second='1,6,11,16,21,26,31,36,41,46,51,56'], next run at: 2026-09-17 17:42:41 +07)" executed successfully
2026-09-17 17:42:40,726 INFO apscheduler.executors.default: Running job "main.<locals>.write_heartbeat_job (trigger: interval[0:00:15], next run at: 2026-09-17 17:42:55 +07)" (scheduled at 2026-09-17 17:42:40.715137+07:00)
2026-09-17 17:42:40,730 INFO apscheduler.executors.default: Job "main.<locals>.write_heartbeat_job (trigger: interval[0:00:15], next run at: 2026-09-17 17:42:55 +07)" executed successfully
2026-09-17 17:42:41,011 INFO apscheduler.executors.default: Running job "main.<locals>.run_scan (trigger: cron[second='1,6,11,16,21,26,31,36,41,46,51,56'], next run at: 2026-09-17 17:42:46 +07)" (scheduled at 2026-09-17 17:42:41+07:00)
2026-09-17 17:42:41,719 INFO apscheduler.executors.default: Running job "main.<locals>.run_lts_aus_fast_scan (trigger: interval[0:00:05], next run at: 2026-09-17 17:42:46 +07)" (scheduled at 2026-09-17 17:42:41.713136+07:00)
2026-09-17 17:42:41,720 INFO apscheduler.executors.default: Job "main.<locals>.run_lts_aus_fast_scan (trigger: interval[0:00:05], next run at: 2026-09-17 17:42:46 +07)" executed successfully
2026-09-17 17:42:41,721 INFO apscheduler.executors.default: Running job "main.<locals>.run_position_check (trigger: interval[0:00:05], next run at: 2026-09-17 17:42:46 +07)" (scheduled at 2026-09-17 17:42:41.713136+07:00)
2026-09-17 17:42:41,763 INFO apscheduler.executors.default: Job "main.<locals>.run_position_check (trigger: interval[0:00:05], next run at: 2026-09-17 17:42:46 +07)" executed successfully
2026-09-17 17:42:41,763 INFO apscheduler.executors.default: Running job "main.<locals>.run_trail_sl (trigger: interval[0:00:05], next run at: 2026-09-17 17:42:46 +07)" (scheduled at 2026-09-17 17:42:41.713136+07:00)
2026-09-17 17:42:41,766 INFO apscheduler.executors.default: Job "main.<locals>.run_trail_sl (trigger: interval[0:00:05], next run at: 2026-09-17 17:42:46 +07)" executed successfully
2026-09-17 17:42:41,766 INFO apscheduler.executors.default: Running job "main.<locals>.save_bot_state_job (trigger: interval[0:00:15], next run at: 2026-09-17 17:42:56 +07)" (scheduled at 2026-09-17 17:42:41.714136+07:00)
2026-09-17 17:42:41,773 INFO apscheduler.executors.default: Job "main.<locals>.save_bot_state_job (trigger: interval[0:00:15], next run at: 2026-09-17 17:42:56 +07)" executed successfully
2026-09-17 17:42:41,822 INFO apscheduler.executors.default: Job "main.<locals>.run_scan (trigger: cron[second='1,6,11,16,21,26,31,36,41,46,51,56'], next run at: 2026-09-17 17:42:46 +07)" executed successfully
2026-09-17 17:42:42,955 INFO httpx: HTTP Request: POST https://api.telegram.org/bot8698852591:AAGLSZSQhC0W0KP9ZeZ9Gkr6k-NFoghMC68/getUpdates "HTTP/1.1 200 OK"
2026-09-17 17:42:46,007 INFO apscheduler.executors.default: Running job "main.<locals>.run_scan (trigger: cron[second='1,6,11,16,21,26,31,36,41,46,51,56'], next run at: 2026-09-17 17:42:51 +07)" (scheduled at 2026-09-17 17:42:46+07:00)
2026-09-17 17:42:46,731 INFO apscheduler.executors.default: Running job "main.<locals>.run_lts_aus_fast_scan (trigger: interval[0:00:05], next run at: 2026-09-17 17:42:51 +07)" (scheduled at 2026-09-17 17:42:46.713136+07:00)
2026-09-17 17:42:46,732 INFO apscheduler.executors.default: Job "main.<locals>.run_lts_aus_fast_scan (trigger: interval[0:00:05], next run at: 2026-09-17 17:42:51 +07)" executed successfully
2026-09-17 17:42:46,734 INFO apscheduler.executors.default: Running job "main.<locals>.run_position_check (trigger: interval[0:00:05], next run at: 2026-09-17 17:42:51 +07)" (scheduled at 2026-09-17 17:42:46.713136+07:00)
2026-09-17 17:42:46,783 INFO apscheduler.executors.default: Job "main.<locals>.run_position_check (trigger: interval[0:00:05], next run at: 2026-09-17 17:42:51 +07)" executed successfully
2026-09-17 17:42:46,783 INFO apscheduler.executors.default: Running job "main.<locals>.run_trail_sl (trigger: interval[0:00:05], next run at: 2026-09-17 17:42:51 +07)" (scheduled at 2026-09-17 17:42:46.713136+07:00)
2026-09-17 17:42:46,784 INFO apscheduler.executors.default: Job "main.<locals>.run_trail_sl (trigger: interval[0:00:05], next run at: 2026-09-17 17:42:51 +07)" executed successfully
2026-09-17 17:42:46,861 INFO apscheduler.executors.default: Job "main.<locals>.run_scan (trigger: cron[second='1,6,11,16,21,26,31,36,41,46,51,56'], next run at: 2026-09-17 17:42:51 +07)" executed successfully
2026-09-17 17:42:51,010 INFO apscheduler.executors.default: Running job "main.<locals>.run_scan (trigger: cron[second='1,6,11,16,21,26,31,36,41,46,51,56'], next run at: 2026-09-17 17:42:56 +07)" (scheduled at 2026-09-17 17:42:51+07:00)
2026-09-17 17:42:51,730 INFO apscheduler.executors.default: Running job "main.<locals>.run_lts_aus_fast_scan (trigger: interval[0:00:05], next run at: 2026-09-17 17:42:56 +07)" (scheduled at 2026-09-17 17:42:51.713136+07:00)
2026-09-17 17:42:51,732 INFO apscheduler.executors.default: Job "main.<locals>.run_lts_aus_fast_scan (trigger: interval[0:00:05], next run at: 2026-09-17 17:42:56 +07)" executed successfully
2026-09-17 17:42:51,732 INFO apscheduler.executors.default: Running job "main.<locals>.run_position_check (trigger: interval[0:00:05], next run at: 2026-09-17 17:42:56 +07)" (scheduled at 2026-09-17 17:42:51.713136+07:00)
2026-09-17 17:42:51,794 INFO apscheduler.executors.default: Job "main.<locals>.run_position_check (trigger: interval[0:00:05], next run at: 2026-09-17 17:42:56 +07)" executed successfully
2026-09-17 17:42:51,794 INFO apscheduler.executors.default: Running job "main.<locals>.run_trail_sl (trigger: interval[0:00:05], next run at: 2026-09-17 17:42:56 +07)" (scheduled at 2026-09-17 17:42:51.713136+07:00)
2026-09-17 17:42:51,797 INFO apscheduler.executors.default: Job "main.<locals>.run_trail_sl (trigger: interval[0:00:05], next run at: 2026-09-17 17:42:56 +07)" executed successfully
2026-09-17 17:42:51,973 INFO apscheduler.executors.default: Job "main.<locals>.run_scan (trigger: cron[second='1,6,11,16,21,26,31,36,41,46,51,56'], next run at: 2026-09-17 17:42:56 +07)" executed successfully
2026-09-17 17:42:53,152 INFO httpx: HTTP Request: POST https://api.telegram.org/bot8698852591:AAGLSZSQhC0W0KP9ZeZ9Gkr6k-NFoghMC68/getUpdates "HTTP/1.1 200 OK"
2026-09-17 17:42:55,719 INFO apscheduler.executors.default: Running job "main.<locals>.write_heartbeat_job (trigger: interval[0:00:15], next run at: 2026-09-17 17:43:10 +07)" (scheduled at 2026-09-17 17:42:55.715137+07:00)
2026-09-17 17:42:55,723 INFO apscheduler.executors.default: Job "main.<locals>.write_heartbeat_job (trigger: interval[0:00:15], next run at: 2026-09-17 17:43:10 +07)" executed successfully
2026-09-17 17:42:56,018 INFO apscheduler.executors.default: Running job "main.<locals>.run_scan (trigger: cron[second='1,6,11,16,21,26,31,36,41,46,51,56'], next run at: 2026-09-17 17:43:01 +07)" (scheduled at 2026-09-17 17:42:56+07:00)
2026-09-17 17:42:56,722 INFO apscheduler.executors.default: Running job "main.<locals>.check_symbol_switch (trigger: interval[0:01:00], next run at: 2026-09-17 17:43:56 +07)" (scheduled at 2026-09-17 17:42:56.709584+07:00)
2026-09-17 17:42:56,743 INFO apscheduler.executors.default: Job "main.<locals>.check_symbol_switch (trigger: interval[0:01:00], next run at: 2026-09-17 17:43:56 +07)" executed successfully
2026-09-17 17:42:56,744 INFO apscheduler.executors.default: Running job "main.<locals>.run_lts_aus_fast_scan (trigger: interval[0:00:05], next run at: 2026-09-17 17:43:01 +07)" (scheduled at 2026-09-17 17:42:56.713136+07:00)
2026-09-17 17:42:56,744 INFO apscheduler.executors.default: Job "main.<locals>.run_lts_aus_fast_scan (trigger: interval[0:00:05], next run at: 2026-09-17 17:43:01 +07)" executed successfully
2026-09-17 17:42:56,744 INFO apscheduler.executors.default: Running job "main.<locals>.run_position_check (trigger: interval[0:00:05], next run at: 2026-09-17 17:43:01 +07)" (scheduled at 2026-09-17 17:42:56.713136+07:00)
2026-09-17 17:42:56,797 INFO apscheduler.executors.default: Job "main.<locals>.run_position_check (trigger: interval[0:00:05], next run at: 2026-09-17 17:43:01 +07)" executed successfully
2026-09-17 17:42:56,797 INFO apscheduler.executors.default: Running job "main.<locals>.run_trail_sl (trigger: interval[0:00:05], next run at: 2026-09-17 17:43:01 +07)" (scheduled at 2026-09-17 17:42:56.713136+07:00)
2026-09-17 17:42:56,799 INFO apscheduler.executors.default: Job "main.<locals>.run_trail_sl (trigger: interval[0:00:05], next run at: 2026-09-17 17:43:01 +07)" executed successfully
2026-09-17 17:42:56,800 INFO apscheduler.executors.default: Running job "main.<locals>.save_bot_state_job (trigger: interval[0:00:15], next run at: 2026-09-17 17:43:11 +07)" (scheduled at 2026-09-17 17:42:56.714136+07:00)
2026-09-17 17:42:56,806 INFO apscheduler.executors.default: Job "main.<locals>.save_bot_state_job (trigger: interval[0:00:15], next run at: 2026-09-17 17:43:11 +07)" executed successfully
2026-09-17 17:42:56,806 INFO apscheduler.executors.default: Running job "main.<locals>.run_watchdog (trigger: interval[0:01:00], next run at: 2026-09-17 17:43:56 +07)" (scheduled at 2026-09-17 17:42:56.715137+07:00)
2026-09-17 17:42:56,815 INFO apscheduler.executors.default: Job "main.<locals>.run_watchdog (trigger: interval[0:01:00], next run at: 2026-09-17 17:43:56 +07)" executed successfully
2026-09-17 17:42:56,937 INFO apscheduler.executors.default: Job "main.<locals>.run_scan (trigger: cron[second='1,6,11,16,21,26,31,36,41,46,51,56'], next run at: 2026-09-17 17:43:01 +07)" executed successfully
2026-09-17 17:43:01,024 INFO apscheduler.executors.default: Running job "main.<locals>.run_scan (trigger: cron[second='1,6,11,16,21,26,31,36,41,46,51,56'], next run at: 2026-09-17 17:43:06 +07)" (scheduled at 2026-09-17 17:43:01+07:00)
2026-09-17 17:43:01,721 INFO apscheduler.executors.default: Running job "main.<locals>.run_lts_aus_fast_scan (trigger: interval[0:00:05], next run at: 2026-09-17 17:43:06 +07)" (scheduled at 2026-09-17 17:43:01.713136+07:00)
2026-09-17 17:43:01,722 INFO apscheduler.executors.default: Job "main.<locals>.run_lts_aus_fast_scan (trigger: interval[0:00:05], next run at: 2026-09-17 17:43:06 +07)" executed successfully
2026-09-17 17:43:01,722 INFO apscheduler.executors.default: Running job "main.<locals>.run_position_check (trigger: interval[0:00:05], next run at: 2026-09-17 17:43:06 +07)" (scheduled at 2026-09-17 17:43:01.713136+07:00)
2026-09-17 17:43:01,771 INFO apscheduler.executors.default: Job "main.<locals>.run_position_check (trigger: interval[0:00:05], next run at: 2026-09-17 17:43:06 +07)" executed successfully
2026-09-17 17:43:01,772 INFO apscheduler.executors.default: Running job "main.<locals>.run_trail_sl (trigger: interval[0:00:05], next run at: 2026-09-17 17:43:06 +07)" (scheduled at 2026-09-17 17:43:01.713136+07:00)
2026-09-17 17:43:01,774 INFO apscheduler.executors.default: Job "main.<locals>.run_trail_sl (trigger: interval[0:00:05], next run at: 2026-09-17 17:43:06 +07)" executed successfully
2026-09-17 17:43:01,959 INFO apscheduler.executors.default: Job "main.<locals>.run_scan (trigger: cron[second='1,6,11,16,21,26,31,36,41,46,51,56'], next run at: 2026-09-17 17:43:06 +07)" executed successfully
2026-09-17 17:43:03,359 INFO httpx: HTTP Request: POST https://api.telegram.org/bot8698852591:AAGLSZSQhC0W0KP9ZeZ9Gkr6k-NFoghMC68/getUpdates "HTTP/1.1 200 OK"
2026-09-17 17:43:06,010 INFO apscheduler.executors.default: Running job "main.<locals>.run_scan (trigger: cron[second='1,6,11,16,21,26,31,36,41,46,51,56'], next run at: 2026-09-17 17:43:11 +07)" (scheduled at 2026-09-17 17:43:06+07:00)
2026-09-17 17:43:06,728 INFO apscheduler.executors.default: Running job "main.<locals>.run_lts_aus_fast_scan (trigger: interval[0:00:05], next run at: 2026-09-17 17:43:11 +07)" (scheduled at 2026-09-17 17:43:06.713136+07:00)
2026-09-17 17:43:06,729 INFO apscheduler.executors.default: Job "main.<locals>.run_lts_aus_fast_scan (trigger: interval[0:00:05], next run at: 2026-09-17 17:43:11 +07)" executed successfully
2026-09-17 17:43:06,730 INFO apscheduler.executors.default: Running job "main.<locals>.run_position_check (trigger: interval[0:00:05], next run at: 2026-09-17 17:43:11 +07)" (scheduled at 2026-09-17 17:43:06.713136+07:00)
2026-09-17 17:43:06,776 INFO apscheduler.executors.default: Job "main.<locals>.run_position_check (trigger: interval[0:00:05], next run at: 2026-09-17 17:43:11 +07)" executed successfully
2026-09-17 17:43:06,777 INFO apscheduler.executors.default: Running job "main.<locals>.run_trail_sl (trigger: interval[0:00:05], next run at: 2026-09-17 17:43:11 +07)" (scheduled at 2026-09-17 17:43:06.713136+07:00)
2026-09-17 17:43:06,780 INFO apscheduler.executors.default: Job "main.<locals>.run_trail_sl (trigger: interval[0:00:05], next run at: 2026-09-17 17:43:11 +07)" executed successfully
2026-09-17 17:43:06,917 INFO apscheduler.executors.default: Job "main.<locals>.run_scan (trigger: cron[second='1,6,11,16,21,26,31,36,41,46,51,56'], next run at: 2026-09-17 17:43:11 +07)" executed successfully
2026-09-17 17:43:10,731 INFO apscheduler.executors.default: Running job "main.<locals>.write_heartbeat_job (trigger: interval[0:00:15], next run at: 2026-09-17 17:43:25 +07)" (scheduled at 2026-09-17 17:43:10.715137+07:00)
2026-09-17 17:43:10,735 INFO apscheduler.executors.default: Job "main.<locals>.write_heartbeat_job (trigger: interval[0:00:15], next run at: 2026-09-17 17:43:25 +07)" executed successfully
2026-09-17 17:43:11,013 INFO apscheduler.executors.default: Running job "main.<locals>.run_scan (trigger: cron[second='1,6,11,16,21,26,31,36,41,46,51,56'], next run at: 2026-09-17 17:43:16 +07)" (scheduled at 2026-09-17 17:43:11+07:00)
2026-09-17 17:43:11,725 INFO apscheduler.executors.default: Running job "main.<locals>.run_lts_aus_fast_scan (trigger: interval[0:00:05], next run at: 2026-09-17 17:43:16 +07)" (scheduled at 2026-09-17 17:43:11.713136+07:00)
2026-09-17 17:43:11,726 INFO apscheduler.executors.default: Job "main.<locals>.run_lts_aus_fast_scan (trigger: interval[0:00:05], next run at: 2026-09-17 17:43:16 +07)" executed successfully
2026-09-17 17:43:11,727 INFO apscheduler.executors.default: Running job "main.<locals>.run_position_check (trigger: interval[0:00:05], next run at: 2026-09-17 17:43:16 +07)" (scheduled at 2026-09-17 17:43:11.713136+07:00)
2026-09-17 17:43:11,778 INFO apscheduler.executors.default: Job "main.<locals>.run_position_check (trigger: interval[0:00:05], next run at: 2026-09-17 17:43:16 +07)" executed successfully
2026-09-17 17:43:11,778 INFO apscheduler.executors.default: Running job "main.<locals>.run_trail_sl (trigger: interval[0:00:05], next run at: 2026-09-17 17:43:16 +07)" (scheduled at 2026-09-17 17:43:11.713136+07:00)
2026-09-17 17:43:11,781 INFO apscheduler.executors.default: Job "main.<locals>.run_trail_sl (trigger: interval[0:00:05], next run at: 2026-09-17 17:43:16 +07)" executed successfully
2026-09-17 17:43:11,781 INFO apscheduler.executors.default: Running job "main.<locals>.save_bot_state_job (trigger: interval[0:00:15], next run at: 2026-09-17 17:43:26 +07)" (scheduled at 2026-09-17 17:43:11.714136+07:00)
2026-09-17 17:43:11,787 INFO apscheduler.executors.default: Job "main.<locals>.save_bot_state_job (trigger: interval[0:00:15], next run at: 2026-09-17 17:43:26 +07)" executed successfully
2026-09-17 17:43:11,982 INFO apscheduler.executors.default: Job "main.<locals>.run_scan (trigger: cron[second='1,6,11,16,21,26,31,36,41,46,51,56'], next run at: 2026-09-17 17:43:16 +07)" executed successfully
2026-09-17 17:43:13,555 INFO httpx: HTTP Request: POST https://api.telegram.org/bot8698852591:AAGLSZSQhC0W0KP9ZeZ9Gkr6k-NFoghMC68/getUpdates "HTTP/1.1 200 OK"
2026-09-17 17:43:16,014 INFO apscheduler.executors.default: Running job "main.<locals>.run_scan (trigger: cron[second='1,6,11,16,21,26,31,36,41,46,51,56'], next run at: 2026-09-17 17:43:21 +07)" (scheduled at 2026-09-17 17:43:16+07:00)
2026-09-17 17:43:16,729 INFO apscheduler.executors.default: Running job "main.<locals>.run_lts_aus_fast_scan (trigger: interval[0:00:05], next run at: 2026-09-17 17:43:21 +07)" (scheduled at 2026-09-17 17:43:16.713136+07:00)
2026-09-17 17:43:16,730 INFO apscheduler.executors.default: Job "main.<locals>.run_lts_aus_fast_scan (trigger: interval[0:00:05], next run at: 2026-09-17 17:43:21 +07)" executed successfully
2026-09-17 17:43:16,730 INFO apscheduler.executors.default: Running job "main.<locals>.run_position_check (trigger: interval[0:00:05], next run at: 2026-09-17 17:43:21 +07)" (scheduled at 2026-09-17 17:43:16.713136+07:00)
2026-09-17 17:43:16,789 INFO apscheduler.executors.default: Job "main.<locals>.run_position_check (trigger: interval[0:00:05], next run at: 2026-09-17 17:43:21 +07)" executed successfully
2026-09-17 17:43:16,791 INFO apscheduler.executors.default: Running job "main.<locals>.run_trail_sl (trigger: interval[0:00:05], next run at: 2026-09-17 17:43:21 +07)" (scheduled at 2026-09-17 17:43:16.713136+07:00)
2026-09-17 17:43:16,794 INFO apscheduler.executors.default: Job "main.<locals>.run_trail_sl (trigger: interval[0:00:05], next run at: 2026-09-17 17:43:21 +07)" executed successfully
2026-09-17 17:43:16,907 INFO apscheduler.executors.default: Job "main.<locals>.run_scan (trigger: cron[second='1,6,11,16,21,26,31,36,41,46,51,56'], next run at: 2026-09-17 17:43:21 +07)" executed successfully
2026-09-17 17:43:21,016 INFO apscheduler.executors.default: Running job "main.<locals>.run_scan (trigger: cron[second='1,6,11,16,21,26,31,36,41,46,51,56'], next run at: 2026-09-17 17:43:26 +07)" (scheduled at 2026-09-17 17:43:21+07:00)
2026-09-17 17:43:21,728 INFO apscheduler.executors.default: Running job "main.<locals>.run_lts_aus_fast_scan (trigger: interval[0:00:05], next run at: 2026-09-17 17:43:26 +07)" (scheduled at 2026-09-17 17:43:21.713136+07:00)
2026-09-17 17:43:21,730 INFO apscheduler.executors.default: Job "main.<locals>.run_lts_aus_fast_scan (trigger: interval[0:00:05], next run at: 2026-09-17 17:43:26 +07)" executed successfully
2026-09-17 17:43:21,731 INFO apscheduler.executors.default: Running job "main.<locals>.run_position_check (trigger: interval[0:00:05], next run at: 2026-09-17 17:43:26 +07)" (scheduled at 2026-09-17 17:43:21.713136+07:00)
2026-09-17 17:43:21,773 INFO apscheduler.executors.default: Job "main.<locals>.run_position_check (trigger: interval[0:00:05], next run at: 2026-09-17 17:43:26 +07)" executed successfully
2026-09-17 17:43:21,773 INFO apscheduler.executors.default: Running job "main.<locals>.run_trail_sl (trigger: interval[0:00:05], next run at: 2026-09-17 17:43:26 +07)" (scheduled at 2026-09-17 17:43:21.713136+07:00)
2026-09-17 17:43:21,775 INFO apscheduler.executors.default: Job "main.<locals>.run_trail_sl (trigger: interval[0:00:05], next run at: 2026-09-17 17:43:26 +07)" executed successfully
2026-09-17 17:43:21,808 INFO apscheduler.executors.default: Job "main.<locals>.run_scan (trigger: cron[second='1,6,11,16,21,26,31,36,41,46,51,56'], next run at: 2026-09-17 17:43:26 +07)" executed successfully
2026-09-17 17:43:23,748 INFO httpx: HTTP Request: POST https://api.telegram.org/bot8698852591:AAGLSZSQhC0W0KP9ZeZ9Gkr6k-NFoghMC68/getUpdates "HTTP/1.1 200 OK"
2026-09-17 17:43:25,727 INFO apscheduler.executors.default: Running job "main.<locals>.write_heartbeat_job (trigger: interval[0:00:15], next run at: 2026-09-17 17:43:40 +07)" (scheduled at 2026-09-17 17:43:25.715137+07:00)
2026-09-17 17:43:25,731 INFO apscheduler.executors.default: Job "main.<locals>.write_heartbeat_job (trigger: interval[0:00:15], next run at: 2026-09-17 17:43:40 +07)" executed successfully
2026-09-17 17:43:26,022 INFO apscheduler.executors.default: Running job "main.<locals>.run_scan (trigger: cron[second='1,6,11,16,21,26,31,36,41,46,51,56'], next run at: 2026-09-17 17:43:31 +07)" (scheduled at 2026-09-17 17:43:26+07:00)
2026-09-17 17:43:26,718 INFO apscheduler.executors.default: Running job "main.<locals>.run_lts_aus_fast_scan (trigger: interval[0:00:05], next run at: 2026-09-17 17:43:31 +07)" (scheduled at 2026-09-17 17:43:26.713136+07:00)
2026-09-17 17:43:26,720 INFO apscheduler.executors.default: Job "main.<locals>.run_lts_aus_fast_scan (trigger: interval[0:00:05], next run at: 2026-09-17 17:43:31 +07)" executed successfully
2026-09-17 17:43:26,720 INFO apscheduler.executors.default: Running job "main.<locals>.run_position_check (trigger: interval[0:00:05], next run at: 2026-09-17 17:43:31 +07)" (scheduled at 2026-09-17 17:43:26.713136+07:00)
2026-09-17 17:43:26,767 INFO apscheduler.executors.default: Job "main.<locals>.run_position_check (trigger: interval[0:00:05], next run at: 2026-09-17 17:43:31 +07)" executed successfully
2026-09-17 17:43:26,768 INFO apscheduler.executors.default: Running job "main.<locals>.run_trail_sl (trigger: interval[0:00:05], next run at: 2026-09-17 17:43:31 +07)" (scheduled at 2026-09-17 17:43:26.713136+07:00)
2026-09-17 17:43:26,770 INFO apscheduler.executors.default: Job "main.<locals>.run_trail_sl (trigger: interval[0:00:05], next run at: 2026-09-17 17:43:31 +07)" executed successfully
2026-09-17 17:43:26,771 INFO apscheduler.executors.default: Running job "main.<locals>.save_bot_state_job (trigger: interval[0:00:15], next run at: 2026-09-17 17:43:41 +07)" (scheduled at 2026-09-17 17:43:26.714136+07:00)
2026-09-17 17:43:26,777 INFO apscheduler.executors.default: Job "main.<locals>.save_bot_state_job (trigger: interval[0:00:15], next run at: 2026-09-17 17:43:41 +07)" executed successfully
2026-09-17 17:43:26,922 INFO apscheduler.executors.default: Job "main.<locals>.run_scan (trigger: cron[second='1,6,11,16,21,26,31,36,41,46,51,56'], next run at: 2026-09-17 17:43:31 +07)" executed successfully
2026-09-17 17:43:31,010 INFO apscheduler.executors.default: Running job "main.<locals>.run_scan (trigger: cron[second='1,6,11,16,21,26,31,36,41,46,51,56'], next run at: 2026-09-17 17:43:36 +07)" (scheduled at 2026-09-17 17:43:31+07:00)
2026-09-17 17:43:31,728 INFO apscheduler.executors.default: Running job "main.<locals>.run_lts_aus_fast_scan (trigger: interval[0:00:05], next run at: 2026-09-17 17:43:36 +07)" (scheduled at 2026-09-17 17:43:31.713136+07:00)
2026-09-17 17:43:31,729 INFO apscheduler.executors.default: Job "main.<locals>.run_lts_aus_fast_scan (trigger: interval[0:00:05], next run at: 2026-09-17 17:43:36 +07)" executed successfully
2026-09-17 17:43:31,730 INFO apscheduler.executors.default: Running job "main.<locals>.run_position_check (trigger: interval[0:00:05], next run at: 2026-09-17 17:43:36 +07)" (scheduled at 2026-09-17 17:43:31.713136+07:00)
2026-09-17 17:43:31,777 INFO apscheduler.executors.default: Job "main.<locals>.run_position_check (trigger: interval[0:00:05], next run at: 2026-09-17 17:43:36 +07)" executed successfully
2026-09-17 17:43:31,777 INFO apscheduler.executors.default: Running job "main.<locals>.run_trail_sl (trigger: interval[0:00:05], next run at: 2026-09-17 17:43:36 +07)" (scheduled at 2026-09-17 17:43:31.713136+07:00)
2026-09-17 17:43:31,779 INFO apscheduler.executors.default: Job "main.<locals>.run_trail_sl (trigger: interval[0:00:05], next run at: 2026-09-17 17:43:36 +07)" executed successfully
2026-09-17 17:43:31,853 INFO apscheduler.executors.default: Job "main.<locals>.run_scan (trigger: cron[second='1,6,11,16,21,26,31,36,41,46,51,56'], next run at: 2026-09-17 17:43:36 +07)" executed successfully
2026-09-17 17:43:33,942 INFO httpx: HTTP Request: POST https://api.telegram.org/bot8698852591:AAGLSZSQhC0W0KP9ZeZ9Gkr6k-NFoghMC68/getUpdates "HTTP/1.1 200 OK"
2026-09-17 17:43:36,004 INFO apscheduler.executors.default: Running job "main.<locals>.run_scan (trigger: cron[second='1,6,11,16,21,26,31,36,41,46,51,56'], next run at: 2026-09-17 17:43:41 +07)" (scheduled at 2026-09-17 17:43:36+07:00)
2026-09-17 17:43:36,732 INFO apscheduler.executors.default: Running job "main.<locals>.run_lts_aus_fast_scan (trigger: interval[0:00:05], next run at: 2026-09-17 17:43:41 +07)" (scheduled at 2026-09-17 17:43:36.713136+07:00)
2026-09-17 17:43:36,734 INFO apscheduler.executors.default: Job "main.<locals>.run_lts_aus_fast_scan (trigger: interval[0:00:05], next run at: 2026-09-17 17:43:41 +07)" executed successfully
2026-09-17 17:43:36,735 INFO apscheduler.executors.default: Running job "main.<locals>.run_position_check (trigger: interval[0:00:05], next run at: 2026-09-17 17:43:41 +07)" (scheduled at 2026-09-17 17:43:36.713136+07:00)
2026-09-17 17:43:36,785 INFO apscheduler.executors.default: Job "main.<locals>.run_position_check (trigger: interval[0:00:05], next run at: 2026-09-17 17:43:41 +07)" executed successfully
2026-09-17 17:43:36,785 INFO apscheduler.executors.default: Running job "main.<locals>.run_trail_sl (trigger: interval[0:00:05], next run at: 2026-09-17 17:43:41 +07)" (scheduled at 2026-09-17 17:43:36.713136+07:00)
2026-09-17 17:43:36,788 INFO apscheduler.executors.default: Job "main.<locals>.run_trail_sl (trigger: interval[0:00:05], next run at: 2026-09-17 17:43:41 +07)" executed successfully
2026-09-17 17:43:36,892 INFO apscheduler.executors.default: Job "main.<locals>.run_scan (trigger: cron[second='1,6,11,16,21,26,31,36,41,46,51,56'], next run at: 2026-09-17 17:43:41 +07)" executed successfully
2026-09-17 17:43:40,717 INFO apscheduler.executors.default: Running job "main.<locals>.write_heartbeat_job (trigger: interval[0:00:15], next run at: 2026-09-17 17:43:55 +07)" (scheduled at 2026-09-17 17:43:40.715137+07:00)
2026-09-17 17:43:40,720 INFO apscheduler.executors.default: Job "main.<locals>.write_heartbeat_job (trigger: interval[0:00:15], next run at: 2026-09-17 17:43:55 +07)" executed successfully
2026-09-17 17:43:41,014 INFO apscheduler.executors.default: Running job "main.<locals>.run_scan (trigger: cron[second='1,6,11,16,21,26,31,36,41,46,51,56'], next run at: 2026-09-17 17:43:46 +07)" (scheduled at 2026-09-17 17:43:41+07:00)
2026-09-17 17:43:41,716 INFO apscheduler.executors.default: Running job "main.<locals>.run_lts_aus_fast_scan (trigger: interval[0:00:05], next run at: 2026-09-17 17:43:46 +07)" (scheduled at 2026-09-17 17:43:41.713136+07:00)
2026-09-17 17:43:41,716 INFO apscheduler.executors.default: Job "main.<locals>.run_lts_aus_fast_scan (trigger: interval[0:00:05], next run at: 2026-09-17 17:43:46 +07)" executed successfully
2026-09-17 17:43:41,718 INFO apscheduler.executors.default: Running job "main.<locals>.run_position_check (trigger: interval[0:00:05], next run at: 2026-09-17 17:43:46 +07)" (scheduled at 2026-09-17 17:43:41.713136+07:00)
2026-09-17 17:43:41,763 INFO apscheduler.executors.default: Job "main.<locals>.run_position_check (trigger: interval[0:00:05], next run at: 2026-09-17 17:43:46 +07)" executed successfully
2026-09-17 17:43:41,764 INFO apscheduler.executors.default: Running job "main.<locals>.run_trail_sl (trigger: interval[0:00:05], next run at: 2026-09-17 17:43:46 +07)" (scheduled at 2026-09-17 17:43:41.713136+07:00)
2026-09-17 17:43:41,766 INFO apscheduler.executors.default: Job "main.<locals>.run_trail_sl (trigger: interval[0:00:05], next run at: 2026-09-17 17:43:46 +07)" executed successfully
2026-09-17 17:43:41,766 INFO apscheduler.executors.default: Running job "main.<locals>.save_bot_state_job (trigger: interval[0:00:15], next run at: 2026-09-17 17:43:56 +07)" (scheduled at 2026-09-17 17:43:41.714136+07:00)
2026-09-17 17:43:41,771 INFO apscheduler.executors.default: Job "main.<locals>.save_bot_state_job (trigger: interval[0:00:15], next run at: 2026-09-17 17:43:56 +07)" executed successfully
2026-09-17 17:43:41,862 INFO apscheduler.executors.default: Job "main.<locals>.run_scan (trigger: cron[second='1,6,11,16,21,26,31,36,41,46,51,56'], next run at: 2026-09-17 17:43:46 +07)" executed successfully
2026-09-17 17:43:44,142 INFO httpx: HTTP Request: POST https://api.telegram.org/bot8698852591:AAGLSZSQhC0W0KP9ZeZ9Gkr6k-NFoghMC68/getUpdates "HTTP/1.1 200 OK"
2026-09-17 17:43:46,010 INFO apscheduler.executors.default: Running job "main.<locals>.run_scan (trigger: cron[second='1,6,11,16,21,26,31,36,41,46,51,56'], next run at: 2026-09-17 17:43:51 +07)" (scheduled at 2026-09-17 17:43:46+07:00)
2026-09-17 17:43:46,722 INFO apscheduler.executors.default: Running job "main.<locals>.run_lts_aus_fast_scan (trigger: interval[0:00:05], next run at: 2026-09-17 17:43:51 +07)" (scheduled at 2026-09-17 17:43:46.713136+07:00)
2026-09-17 17:43:46,724 INFO apscheduler.executors.default: Job "main.<locals>.run_lts_aus_fast_scan (trigger: interval[0:00:05], next run at: 2026-09-17 17:43:51 +07)" executed successfully
2026-09-17 17:43:46,724 INFO apscheduler.executors.default: Running job "main.<locals>.run_position_check (trigger: interval[0:00:05], next run at: 2026-09-17 17:43:51 +07)" (scheduled at 2026-09-17 17:43:46.713136+07:00)
2026-09-17 17:43:46,769 INFO apscheduler.executors.default: Job "main.<locals>.run_position_check (trigger: interval[0:00:05], next run at: 2026-09-17 17:43:51 +07)" executed successfully
2026-09-17 17:43:46,770 INFO apscheduler.executors.default: Running job "main.<locals>.run_trail_sl (trigger: interval[0:00:05], next run at: 2026-09-17 17:43:51 +07)" (scheduled at 2026-09-17 17:43:46.713136+07:00)
2026-09-17 17:43:46,771 INFO apscheduler.executors.default: Job "main.<locals>.run_trail_sl (trigger: interval[0:00:05], next run at: 2026-09-17 17:43:51 +07)" executed successfully
2026-09-17 17:43:46,863 INFO apscheduler.executors.default: Job "main.<locals>.run_scan (trigger: cron[second='1,6,11,16,21,26,31,36,41,46,51,56'], next run at: 2026-09-17 17:43:51 +07)" executed successfully
2026-09-17 17:43:51,004 INFO apscheduler.executors.default: Running job "main.<locals>.run_scan (trigger: cron[second='1,6,11,16,21,26,31,36,41,46,51,56'], next run at: 2026-09-17 17:43:56 +07)" (scheduled at 2026-09-17 17:43:51+07:00)
2026-09-17 17:43:51,721 INFO apscheduler.executors.default: Running job "main.<locals>.run_lts_aus_fast_scan (trigger: interval[0:00:05], next run at: 2026-09-17 17:43:56 +07)" (scheduled at 2026-09-17 17:43:51.713136+07:00)
2026-09-17 17:43:51,723 INFO apscheduler.executors.default: Job "main.<locals>.run_lts_aus_fast_scan (trigger: interval[0:00:05], next run at: 2026-09-17 17:43:56 +07)" executed successfully
2026-09-17 17:43:51,723 INFO apscheduler.executors.default: Running job "main.<locals>.run_position_check (trigger: interval[0:00:05], next run at: 2026-09-17 17:43:56 +07)" (scheduled at 2026-09-17 17:43:51.713136+07:00)
2026-09-17 17:43:51,772 INFO apscheduler.executors.default: Job "main.<locals>.run_position_check (trigger: interval[0:00:05], next run at: 2026-09-17 17:43:56 +07)" executed successfully
2026-09-17 17:43:51,772 INFO apscheduler.executors.default: Running job "main.<locals>.run_trail_sl (trigger: interval[0:00:05], next run at: 2026-09-17 17:43:56 +07)" (scheduled at 2026-09-17 17:43:51.713136+07:00)
2026-09-17 17:43:51,775 INFO apscheduler.executors.default: Job "main.<locals>.run_trail_sl (trigger: interval[0:00:05], next run at: 2026-09-17 17:43:56 +07)" executed successfully
2026-09-17 17:43:51,872 INFO apscheduler.executors.default: Job "main.<locals>.run_scan (trigger: cron[second='1,6,11,16,21,26,31,36,41,46,51,56'], next run at: 2026-09-17 17:43:56 +07)" executed successfully
2026-09-17 17:43:54,529 INFO httpx: HTTP Request: POST https://api.telegram.org/bot8698852591:AAGLSZSQhC0W0KP9ZeZ9Gkr6k-NFoghMC68/getUpdates "HTTP/1.1 200 OK"
2026-09-17 17:43:55,731 INFO apscheduler.executors.default: Running job "main.<locals>.write_heartbeat_job (trigger: interval[0:00:15], next run at: 2026-09-17 17:44:10 +07)" (scheduled at 2026-09-17 17:43:55.715137+07:00)
2026-09-17 17:43:55,734 INFO apscheduler.executors.default: Job "main.<locals>.write_heartbeat_job (trigger: interval[0:00:15], next run at: 2026-09-17 17:44:10 +07)" executed successfully
2026-09-17 17:43:56,012 INFO apscheduler.executors.default: Running job "main.<locals>.run_scan (trigger: cron[second='1,6,11,16,21,26,31,36,41,46,51,56'], next run at: 2026-09-17 17:44:01 +07)" (scheduled at 2026-09-17 17:43:56+07:00)
2026-09-17 17:43:56,727 INFO apscheduler.executors.default: Running job "main.<locals>.check_symbol_switch (trigger: interval[0:01:00], next run at: 2026-09-17 17:44:56 +07)" (scheduled at 2026-09-17 17:43:56.709584+07:00)
2026-09-17 17:43:56,748 INFO apscheduler.executors.default: Job "main.<locals>.check_symbol_switch (trigger: interval[0:01:00], next run at: 2026-09-17 17:44:56 +07)" executed successfully
2026-09-17 17:43:56,749 INFO apscheduler.executors.default: Running job "main.<locals>.run_lts_aus_fast_scan (trigger: interval[0:00:05], next run at: 2026-09-17 17:44:01 +07)" (scheduled at 2026-09-17 17:43:56.713136+07:00)
2026-09-17 17:43:56,750 INFO apscheduler.executors.default: Job "main.<locals>.run_lts_aus_fast_scan (trigger: interval[0:00:05], next run at: 2026-09-17 17:44:01 +07)" executed successfully
2026-09-17 17:43:56,750 INFO apscheduler.executors.default: Running job "main.<locals>.run_position_check (trigger: interval[0:00:05], next run at: 2026-09-17 17:44:01 +07)" (scheduled at 2026-09-17 17:43:56.713136+07:00)
2026-09-17 17:43:56,800 INFO apscheduler.executors.default: Job "main.<locals>.run_position_check (trigger: interval[0:00:05], next run at: 2026-09-17 17:44:01 +07)" executed successfully
2026-09-17 17:43:56,802 INFO apscheduler.executors.default: Running job "main.<locals>.run_trail_sl (trigger: interval[0:00:05], next run at: 2026-09-17 17:44:01 +07)" (scheduled at 2026-09-17 17:43:56.713136+07:00)
2026-09-17 17:43:56,804 INFO apscheduler.executors.default: Job "main.<locals>.run_trail_sl (trigger: interval[0:00:05], next run at: 2026-09-17 17:44:01 +07)" executed successfully
2026-09-17 17:43:56,804 INFO apscheduler.executors.default: Running job "main.<locals>.save_bot_state_job (trigger: interval[0:00:15], next run at: 2026-09-17 17:44:11 +07)" (scheduled at 2026-09-17 17:43:56.714136+07:00)
2026-09-17 17:43:56,811 INFO apscheduler.executors.default: Job "main.<locals>.save_bot_state_job (trigger: interval[0:00:15], next run at: 2026-09-17 17:44:11 +07)" executed successfully
2026-09-17 17:43:56,813 INFO apscheduler.executors.default: Running job "main.<locals>.run_watchdog (trigger: interval[0:01:00], next run at: 2026-09-17 17:44:56 +07)" (scheduled at 2026-09-17 17:43:56.715137+07:00)
2026-09-17 17:43:56,822 INFO apscheduler.executors.default: Job "main.<locals>.run_watchdog (trigger: interval[0:01:00], next run at: 2026-09-17 17:44:56 +07)" executed successfully
2026-09-17 17:43:56,915 INFO apscheduler.executors.default: Job "main.<locals>.run_scan (trigger: cron[second='1,6,11,16,21,26,31,36,41,46,51,56'], next run at: 2026-09-17 17:44:01 +07)" executed successfully
2026-09-17 17:44:01,007 INFO apscheduler.executors.default: Running job "main.<locals>.run_scan (trigger: cron[second='1,6,11,16,21,26,31,36,41,46,51,56'], next run at: 2026-09-17 17:44:06 +07)" (scheduled at 2026-09-17 17:44:01+07:00)
2026-09-17 17:44:01,722 INFO apscheduler.executors.default: Running job "main.<locals>.run_lts_aus_fast_scan (trigger: interval[0:00:05], next run at: 2026-09-17 17:44:06 +07)" (scheduled at 2026-09-17 17:44:01.713136+07:00)
2026-09-17 17:44:01,722 INFO apscheduler.executors.default: Job "main.<locals>.run_lts_aus_fast_scan (trigger: interval[0:00:05], next run at: 2026-09-17 17:44:06 +07)" executed successfully
2026-09-17 17:44:01,723 INFO apscheduler.executors.default: Running job "main.<locals>.run_position_check (trigger: interval[0:00:05], next run at: 2026-09-17 17:44:06 +07)" (scheduled at 2026-09-17 17:44:01.713136+07:00)
2026-09-17 17:44:01,771 INFO apscheduler.executors.default: Job "main.<locals>.run_position_check (trigger: interval[0:00:05], next run at: 2026-09-17 17:44:06 +07)" executed successfully
2026-09-17 17:44:01,771 INFO apscheduler.executors.default: Running job "main.<locals>.run_trail_sl (trigger: interval[0:00:05], next run at: 2026-09-17 17:44:06 +07)" (scheduled at 2026-09-17 17:44:01.713136+07:00)
2026-09-17 17:44:01,772 INFO apscheduler.executors.default: Job "main.<locals>.run_trail_sl (trigger: interval[0:00:05], next run at: 2026-09-17 17:44:06 +07)" executed successfully
2026-09-17 17:44:01,887 INFO apscheduler.executors.default: Job "main.<locals>.run_scan (trigger: cron[second='1,6,11,16,21,26,31,36,41,46,51,56'], next run at: 2026-09-17 17:44:06 +07)" executed successfully
2026-09-17 17:44:04,728 INFO httpx: HTTP Request: POST https://api.telegram.org/bot8698852591:AAGLSZSQhC0W0KP9ZeZ9Gkr6k-NFoghMC68/getUpdates "HTTP/1.1 200 OK"
2026-09-17 17:44:06,014 INFO apscheduler.executors.default: Running job "main.<locals>.run_scan (trigger: cron[second='1,6,11,16,21,26,31,36,41,46,51,56'], next run at: 2026-09-17 17:44:11 +07)" (scheduled at 2026-09-17 17:44:06+07:00)
2026-09-17 17:44:06,725 INFO apscheduler.executors.default: Running job "main.<locals>.run_lts_aus_fast_scan (trigger: interval[0:00:05], next run at: 2026-09-17 17:44:11 +07)" (scheduled at 2026-09-17 17:44:06.713136+07:00)
2026-09-17 17:44:06,725 INFO apscheduler.executors.default: Job "main.<locals>.run_lts_aus_fast_scan (trigger: interval[0:00:05], next run at: 2026-09-17 17:44:11 +07)" executed successfully
2026-09-17 17:44:06,725 INFO apscheduler.executors.default: Running job "main.<locals>.run_position_check (trigger: interval[0:00:05], next run at: 2026-09-17 17:44:11 +07)" (scheduled at 2026-09-17 17:44:06.713136+07:00)
2026-09-17 17:44:06,770 INFO apscheduler.executors.default: Job "main.<locals>.run_position_check (trigger: interval[0:00:05], next run at: 2026-09-17 17:44:11 +07)" executed successfully
2026-09-17 17:44:06,770 INFO apscheduler.executors.default: Running job "main.<locals>.run_trail_sl (trigger: interval[0:00:05], next run at: 2026-09-17 17:44:11 +07)" (scheduled at 2026-09-17 17:44:06.713136+07:00)
2026-09-17 17:44:06,773 INFO apscheduler.executors.default: Job "main.<locals>.run_trail_sl (trigger: interval[0:00:05], next run at: 2026-09-17 17:44:11 +07)" executed successfully
2026-09-17 17:44:06,929 INFO apscheduler.executors.default: Job "main.<locals>.run_scan (trigger: cron[second='1,6,11,16,21,26,31,36,41,46,51,56'], next run at: 2026-09-17 17:44:11 +07)" executed successfully
2026-09-17 17:44:10,732 INFO apscheduler.executors.default: Running job "main.<locals>.write_heartbeat_job (trigger: interval[0:00:15], next run at: 2026-09-17 17:44:25 +07)" (scheduled at 2026-09-17 17:44:10.715137+07:00)
2026-09-17 17:44:10,735 INFO apscheduler.executors.default: Job "main.<locals>.write_heartbeat_job (trigger: interval[0:00:15], next run at: 2026-09-17 17:44:25 +07)" executed successfully
2026-09-17 17:44:11,011 INFO apscheduler.executors.default: Running job "main.<locals>.run_scan (trigger: cron[second='1,6,11,16,21,26,31,36,41,46,51,56'], next run at: 2026-09-17 17:44:16 +07)" (scheduled at 2026-09-17 17:44:11+07:00)
2026-09-17 17:44:11,722 INFO apscheduler.executors.default: Running job "main.<locals>.run_lts_aus_fast_scan (trigger: interval[0:00:05], next run at: 2026-09-17 17:44:16 +07)" (scheduled at 2026-09-17 17:44:11.713136+07:00)
2026-09-17 17:44:11,724 INFO apscheduler.executors.default: Job "main.<locals>.run_lts_aus_fast_scan (trigger: interval[0:00:05], next run at: 2026-09-17 17:44:16 +07)" executed successfully
2026-09-17 17:44:11,724 INFO apscheduler.executors.default: Running job "main.<locals>.run_position_check (trigger: interval[0:00:05], next run at: 2026-09-17 17:44:16 +07)" (scheduled at 2026-09-17 17:44:11.713136+07:00)
2026-09-17 17:44:11,777 INFO apscheduler.executors.default: Job "main.<locals>.run_position_check (trigger: interval[0:00:05], next run at: 2026-09-17 17:44:16 +07)" executed successfully
2026-09-17 17:44:11,777 INFO apscheduler.executors.default: Running job "main.<locals>.run_trail_sl (trigger: interval[0:00:05], next run at: 2026-09-17 17:44:16 +07)" (scheduled at 2026-09-17 17:44:11.713136+07:00)
2026-09-17 17:44:11,778 INFO apscheduler.executors.default: Job "main.<locals>.run_trail_sl (trigger: interval[0:00:05], next run at: 2026-09-17 17:44:16 +07)" executed successfully
2026-09-17 17:44:11,780 INFO apscheduler.executors.default: Running job "main.<locals>.save_bot_state_job (trigger: interval[0:00:15], next run at: 2026-09-17 17:44:26 +07)" (scheduled at 2026-09-17 17:44:11.714136+07:00)
2026-09-17 17:44:11,786 INFO apscheduler.executors.default: Job "main.<locals>.save_bot_state_job (trigger: interval[0:00:15], next run at: 2026-09-17 17:44:26 +07)" executed successfully
2026-09-17 17:44:11,879 INFO apscheduler.executors.default: Job "main.<locals>.run_scan (trigger: cron[second='1,6,11,16,21,26,31,36,41,46,51,56'], next run at: 2026-09-17 17:44:16 +07)" executed successfully
2026-09-17 17:44:14,926 INFO httpx: HTTP Request: POST https://api.telegram.org/bot8698852591:AAGLSZSQhC0W0KP9ZeZ9Gkr6k-NFoghMC68/getUpdates "HTTP/1.1 200 OK"
2026-09-17 17:44:16,017 INFO apscheduler.executors.default: Running job "main.<locals>.run_scan (trigger: cron[second='1,6,11,16,21,26,31,36,41,46,51,56'], next run at: 2026-09-17 17:44:21 +07)" (scheduled at 2026-09-17 17:44:16+07:00)
2026-09-17 17:44:16,713 INFO apscheduler.executors.default: Running job "main.<locals>.run_lts_aus_fast_scan (trigger: interval[0:00:05], next run at: 2026-09-17 17:44:21 +07)" (scheduled at 2026-09-17 17:44:16.713136+07:00)
2026-09-17 17:44:16,714 INFO apscheduler.executors.default: Job "main.<locals>.run_lts_aus_fast_scan (trigger: interval[0:00:05], next run at: 2026-09-17 17:44:21 +07)" executed successfully
2026-09-17 17:44:16,715 INFO apscheduler.executors.default: Running job "main.<locals>.run_position_check (trigger: interval[0:00:05], next run at: 2026-09-17 17:44:21 +07)" (scheduled at 2026-09-17 17:44:16.713136+07:00)
2026-09-17 17:44:16,769 INFO apscheduler.executors.default: Job "main.<locals>.run_position_check (trigger: interval[0:00:05], next run at: 2026-09-17 17:44:21 +07)" executed successfully
2026-09-17 17:44:16,770 INFO apscheduler.executors.default: Running job "main.<locals>.run_trail_sl (trigger: interval[0:00:05], next run at: 2026-09-17 17:44:21 +07)" (scheduled at 2026-09-17 17:44:16.713136+07:00)
2026-09-17 17:44:16,772 INFO apscheduler.executors.default: Job "main.<locals>.run_trail_sl (trigger: interval[0:00:05], next run at: 2026-09-17 17:44:21 +07)" executed successfully
2026-09-17 17:44:16,998 INFO apscheduler.executors.default: Job "main.<locals>.run_scan (trigger: cron[second='1,6,11,16,21,26,31,36,41,46,51,56'], next run at: 2026-09-17 17:44:21 +07)" executed successfully
2026-09-17 17:44:21,017 INFO apscheduler.executors.default: Running job "main.<locals>.run_scan (trigger: cron[second='1,6,11,16,21,26,31,36,41,46,51,56'], next run at: 2026-09-17 17:44:26 +07)" (scheduled at 2026-09-17 17:44:21+07:00)
2026-09-17 17:44:21,720 INFO apscheduler.executors.default: Running job "main.<locals>.run_lts_aus_fast_scan (trigger: interval[0:00:05], next run at: 2026-09-17 17:44:26 +07)" (scheduled at 2026-09-17 17:44:21.713136+07:00)
2026-09-17 17:44:21,721 INFO apscheduler.executors.default: Job "main.<locals>.run_lts_aus_fast_scan (trigger: interval[0:00:05], next run at: 2026-09-17 17:44:26 +07)" executed successfully
2026-09-17 17:44:21,721 INFO apscheduler.executors.default: Running job "main.<locals>.run_position_check (trigger: interval[0:00:05], next run at: 2026-09-17 17:44:26 +07)" (scheduled at 2026-09-17 17:44:21.713136+07:00)
2026-09-17 17:44:21,766 INFO apscheduler.executors.default: Job "main.<locals>.run_position_check (trigger: interval[0:00:05], next run at: 2026-09-17 17:44:26 +07)" executed successfully
2026-09-17 17:44:21,767 INFO apscheduler.executors.default: Running job "main.<locals>.run_trail_sl (trigger: interval[0:00:05], next run at: 2026-09-17 17:44:26 +07)" (scheduled at 2026-09-17 17:44:21.713136+07:00)
2026-09-17 17:44:21,769 INFO apscheduler.executors.default: Job "main.<locals>.run_trail_sl (trigger: interval[0:00:05], next run at: 2026-09-17 17:44:26 +07)" executed successfully
2026-09-17 17:44:21,906 INFO apscheduler.executors.default: Job "main.<locals>.run_scan (trigger: cron[second='1,6,11,16,21,26,31,36,41,46,51,56'], next run at: 2026-09-17 17:44:26 +07)" executed successfully
2026-09-17 17:44:25,120 INFO httpx: HTTP Request: POST https://api.telegram.org/bot8698852591:AAGLSZSQhC0W0KP9ZeZ9Gkr6k-NFoghMC68/getUpdates "HTTP/1.1 200 OK"
2026-09-17 17:44:25,718 INFO apscheduler.executors.default: Running job "main.<locals>.write_heartbeat_job (trigger: interval[0:00:15], next run at: 2026-09-17 17:44:40 +07)" (scheduled at 2026-09-17 17:44:25.715137+07:00)
2026-09-17 17:44:25,722 INFO apscheduler.executors.default: Job "main.<locals>.write_heartbeat_job (trigger: interval[0:00:15], next run at: 2026-09-17 17:44:40 +07)" executed successfully
2026-09-17 17:44:26,014 INFO apscheduler.executors.default: Running job "main.<locals>.run_scan (trigger: cron[second='1,6,11,16,21,26,31,36,41,46,51,56'], next run at: 2026-09-17 17:44:31 +07)" (scheduled at 2026-09-17 17:44:26+07:00)
2026-09-17 17:44:26,726 INFO apscheduler.executors.default: Running job "main.<locals>.run_lts_aus_fast_scan (trigger: interval[0:00:05], next run at: 2026-09-17 17:44:31 +07)" (scheduled at 2026-09-17 17:44:26.713136+07:00)
2026-09-17 17:44:26,727 INFO apscheduler.executors.default: Job "main.<locals>.run_lts_aus_fast_scan (trigger: interval[0:00:05], next run at: 2026-09-17 17:44:31 +07)" executed successfully
2026-09-17 17:44:26,727 INFO apscheduler.executors.default: Running job "main.<locals>.run_position_check (trigger: interval[0:00:05], next run at: 2026-09-17 17:44:31 +07)" (scheduled at 2026-09-17 17:44:26.713136+07:00)
2026-09-17 17:44:26,790 INFO apscheduler.executors.default: Job "main.<locals>.run_position_check (trigger: interval[0:00:05], next run at: 2026-09-17 17:44:31 +07)" executed successfully
2026-09-17 17:44:26,791 INFO apscheduler.executors.default: Running job "main.<locals>.run_trail_sl (trigger: interval[0:00:05], next run at: 2026-09-17 17:44:31 +07)" (scheduled at 2026-09-17 17:44:26.713136+07:00)
2026-09-17 17:44:26,794 INFO apscheduler.executors.default: Job "main.<locals>.run_trail_sl (trigger: interval[0:00:05], next run at: 2026-09-17 17:44:31 +07)" executed successfully
2026-09-17 17:44:26,795 INFO apscheduler.executors.default: Running job "main.<locals>.save_bot_state_job (trigger: interval[0:00:15], next run at: 2026-09-17 17:44:41 +07)" (scheduled at 2026-09-17 17:44:26.714136+07:00)
2026-09-17 17:44:26,804 INFO apscheduler.executors.default: Job "main.<locals>.save_bot_state_job (trigger: interval[0:00:15], next run at: 2026-09-17 17:44:41 +07)" executed successfully
2026-09-17 17:44:26,935 INFO apscheduler.executors.default: Job "main.<locals>.run_scan (trigger: cron[second='1,6,11,16,21,26,31,36,41,46,51,56'], next run at: 2026-09-17 17:44:31 +07)" executed successfully
2026-09-17 17:44:31,017 INFO apscheduler.executors.default: Running job "main.<locals>.run_scan (trigger: cron[second='1,6,11,16,21,26,31,36,41,46,51,56'], next run at: 2026-09-17 17:44:36 +07)" (scheduled at 2026-09-17 17:44:31+07:00)
2026-09-17 17:44:31,718 INFO apscheduler.executors.default: Running job "main.<locals>.run_lts_aus_fast_scan (trigger: interval[0:00:05], next run at: 2026-09-17 17:44:36 +07)" (scheduled at 2026-09-17 17:44:31.713136+07:00)
2026-09-17 17:44:31,719 INFO apscheduler.executors.default: Job "main.<locals>.run_lts_aus_fast_scan (trigger: interval[0:00:05], next run at: 2026-09-17 17:44:36 +07)" executed successfully
2026-09-17 17:44:31,719 INFO apscheduler.executors.default: Running job "main.<locals>.run_position_check (trigger: interval[0:00:05], next run at: 2026-09-17 17:44:36 +07)" (scheduled at 2026-09-17 17:44:31.713136+07:00)
2026-09-17 17:44:31,769 INFO apscheduler.executors.default: Job "main.<locals>.run_position_check (trigger: interval[0:00:05], next run at: 2026-09-17 17:44:36 +07)" executed successfully
2026-09-17 17:44:31,769 INFO apscheduler.executors.default: Running job "main.<locals>.run_trail_sl (trigger: interval[0:00:05], next run at: 2026-09-17 17:44:36 +07)" (scheduled at 2026-09-17 17:44:31.713136+07:00)
2026-09-17 17:44:31,771 INFO apscheduler.executors.default: Job "main.<locals>.run_trail_sl (trigger: interval[0:00:05], next run at: 2026-09-17 17:44:36 +07)" executed successfully
2026-09-17 17:44:31,914 INFO apscheduler.executors.default: Job "main.<locals>.run_scan (trigger: cron[second='1,6,11,16,21,26,31,36,41,46,51,56'], next run at: 2026-09-17 17:44:36 +07)" executed successfully
2026-09-17 17:44:35,316 INFO httpx: HTTP Request: POST https://api.telegram.org/bot8698852591:AAGLSZSQhC0W0KP9ZeZ9Gkr6k-NFoghMC68/getUpdates "HTTP/1.1 200 OK"
2026-09-17 17:44:36,015 INFO apscheduler.executors.default: Running job "main.<locals>.run_scan (trigger: cron[second='1,6,11,16,21,26,31,36,41,46,51,56'], next run at: 2026-09-17 17:44:41 +07)" (scheduled at 2026-09-17 17:44:36+07:00)
2026-09-17 17:44:36,714 INFO apscheduler.executors.default: Running job "main.<locals>.run_lts_aus_fast_scan (trigger: interval[0:00:05], next run at: 2026-09-17 17:44:41 +07)" (scheduled at 2026-09-17 17:44:36.713136+07:00)
2026-09-17 17:44:36,718 INFO apscheduler.executors.default: Job "main.<locals>.run_lts_aus_fast_scan (trigger: interval[0:00:05], next run at: 2026-09-17 17:44:41 +07)" executed successfully
2026-09-17 17:44:36,718 INFO apscheduler.executors.default: Running job "main.<locals>.run_position_check (trigger: interval[0:00:05], next run at: 2026-09-17 17:44:41 +07)" (scheduled at 2026-09-17 17:44:36.713136+07:00)
2026-09-17 17:44:36,760 INFO apscheduler.executors.default: Job "main.<locals>.run_position_check (trigger: interval[0:00:05], next run at: 2026-09-17 17:44:41 +07)" executed successfully
2026-09-17 17:44:36,761 INFO apscheduler.executors.default: Running job "main.<locals>.run_trail_sl (trigger: interval[0:00:05], next run at: 2026-09-17 17:44:41 +07)" (scheduled at 2026-09-17 17:44:36.713136+07:00)
2026-09-17 17:44:36,762 INFO apscheduler.executors.default: Job "main.<locals>.run_trail_sl (trigger: interval[0:00:05], next run at: 2026-09-17 17:44:41 +07)" executed successfully
2026-09-17 17:44:36,875 INFO apscheduler.executors.default: Job "main.<locals>.run_scan (trigger: cron[second='1,6,11,16,21,26,31,36,41,46,51,56'], next run at: 2026-09-17 17:44:41 +07)" executed successfully
2026-09-17 17:44:40,733 INFO apscheduler.executors.default: Running job "main.<locals>.write_heartbeat_job (trigger: interval[0:00:15], next run at: 2026-09-17 17:44:55 +07)" (scheduled at 2026-09-17 17:44:40.715137+07:00)
2026-09-17 17:44:40,738 INFO apscheduler.executors.default: Job "main.<locals>.write_heartbeat_job (trigger: interval[0:00:15], next run at: 2026-09-17 17:44:55 +07)" executed successfully
2026-09-17 17:44:41,017 INFO apscheduler.executors.default: Running job "main.<locals>.run_scan (trigger: cron[second='1,6,11,16,21,26,31,36,41,46,51,56'], next run at: 2026-09-17 17:44:46 +07)" (scheduled at 2026-09-17 17:44:41+07:00)
2026-09-17 17:44:41,726 INFO apscheduler.executors.default: Running job "main.<locals>.run_lts_aus_fast_scan (trigger: interval[0:00:05], next run at: 2026-09-17 17:44:46 +07)" (scheduled at 2026-09-17 17:44:41.713136+07:00)
2026-09-17 17:44:41,726 INFO apscheduler.executors.default: Job "main.<locals>.run_lts_aus_fast_scan (trigger: interval[0:00:05], next run at: 2026-09-17 17:44:46 +07)" executed successfully
2026-09-17 17:44:41,727 INFO apscheduler.executors.default: Running job "main.<locals>.run_position_check (trigger: interval[0:00:05], next run at: 2026-09-17 17:44:46 +07)" (scheduled at 2026-09-17 17:44:41.713136+07:00)
2026-09-17 17:44:41,781 INFO apscheduler.executors.default: Job "main.<locals>.run_position_check (trigger: interval[0:00:05], next run at: 2026-09-17 17:44:46 +07)" executed successfully
2026-09-17 17:44:41,781 INFO apscheduler.executors.default: Running job "main.<locals>.run_trail_sl (trigger: interval[0:00:05], next run at: 2026-09-17 17:44:46 +07)" (scheduled at 2026-09-17 17:44:41.713136+07:00)
2026-09-17 17:44:41,785 INFO apscheduler.executors.default: Job "main.<locals>.run_trail_sl (trigger: interval[0:00:05], next run at: 2026-09-17 17:44:46 +07)" executed successfully
2026-09-17 17:44:41,785 INFO apscheduler.executors.default: Running job "main.<locals>.save_bot_state_job (trigger: interval[0:00:15], next run at: 2026-09-17 17:44:56 +07)" (scheduled at 2026-09-17 17:44:41.714136+07:00)
2026-09-17 17:44:41,792 INFO apscheduler.executors.default: Job "main.<locals>.save_bot_state_job (trigger: interval[0:00:15], next run at: 2026-09-17 17:44:56 +07)" executed successfully
2026-09-17 17:44:41,943 INFO apscheduler.executors.default: Job "main.<locals>.run_scan (trigger: cron[second='1,6,11,16,21,26,31,36,41,46,51,56'], next run at: 2026-09-17 17:44:46 +07)" executed successfully
2026-09-17 17:44:45,512 INFO httpx: HTTP Request: POST https://api.telegram.org/bot8698852591:AAGLSZSQhC0W0KP9ZeZ9Gkr6k-NFoghMC68/getUpdates "HTTP/1.1 200 OK"
2026-09-17 17:44:46,017 INFO apscheduler.executors.default: Running job "main.<locals>.run_scan (trigger: cron[second='1,6,11,16,21,26,31,36,41,46,51,56'], next run at: 2026-09-17 17:44:51 +07)" (scheduled at 2026-09-17 17:44:46+07:00)
2026-09-17 17:44:46,740 INFO apscheduler.executors.default: Running job "main.<locals>.run_lts_aus_fast_scan (trigger: interval[0:00:05], next run at: 2026-09-17 17:44:51 +07)" (scheduled at 2026-09-17 17:44:46.713136+07:00)
2026-09-17 17:44:46,741 INFO apscheduler.executors.default: Job "main.<locals>.run_lts_aus_fast_scan (trigger: interval[0:00:05], next run at: 2026-09-17 17:44:51 +07)" executed successfully
2026-09-17 17:44:46,742 INFO apscheduler.executors.default: Running job "main.<locals>.run_position_check (trigger: interval[0:00:05], next run at: 2026-09-17 17:44:51 +07)" (scheduled at 2026-09-17 17:44:46.713136+07:00)
2026-09-17 17:44:46,789 INFO apscheduler.executors.default: Job "main.<locals>.run_position_check (trigger: interval[0:00:05], next run at: 2026-09-17 17:44:51 +07)" executed successfully
2026-09-17 17:44:46,789 INFO apscheduler.executors.default: Running job "main.<locals>.run_trail_sl (trigger: interval[0:00:05], next run at: 2026-09-17 17:44:51 +07)" (scheduled at 2026-09-17 17:44:46.713136+07:00)
2026-09-17 17:44:46,791 INFO apscheduler.executors.default: Job "main.<locals>.run_trail_sl (trigger: interval[0:00:05], next run at: 2026-09-17 17:44:51 +07)" executed successfully
2026-09-17 17:44:46,878 INFO apscheduler.executors.default: Job "main.<locals>.run_scan (trigger: cron[second='1,6,11,16,21,26,31,36,41,46,51,56'], next run at: 2026-09-17 17:44:51 +07)" executed successfully
2026-09-17 17:44:51,004 INFO apscheduler.executors.default: Running job "main.<locals>.run_scan (trigger: cron[second='1,6,11,16,21,26,31,36,41,46,51,56'], next run at: 2026-09-17 17:44:56 +07)" (scheduled at 2026-09-17 17:44:51+07:00)
2026-09-17 17:44:51,734 INFO apscheduler.executors.default: Running job "main.<locals>.run_lts_aus_fast_scan (trigger: interval[0:00:05], next run at: 2026-09-17 17:44:56 +07)" (scheduled at 2026-09-17 17:44:51.713136+07:00)
2026-09-17 17:44:51,739 INFO apscheduler.executors.default: Job "main.<locals>.run_lts_aus_fast_scan (trigger: interval[0:00:05], next run at: 2026-09-17 17:44:56 +07)" executed successfully
2026-09-17 17:44:51,739 INFO apscheduler.executors.default: Running job "main.<locals>.run_position_check (trigger: interval[0:00:05], next run at: 2026-09-17 17:44:56 +07)" (scheduled at 2026-09-17 17:44:51.713136+07:00)
2026-09-17 17:44:51,785 INFO apscheduler.executors.default: Job "main.<locals>.run_position_check (trigger: interval[0:00:05], next run at: 2026-09-17 17:44:56 +07)" executed successfully
2026-09-17 17:44:51,785 INFO apscheduler.executors.default: Running job "main.<locals>.run_trail_sl (trigger: interval[0:00:05], next run at: 2026-09-17 17:44:56 +07)" (scheduled at 2026-09-17 17:44:51.713136+07:00)
2026-09-17 17:44:51,788 INFO apscheduler.executors.default: Job "main.<locals>.run_trail_sl (trigger: interval[0:00:05], next run at: 2026-09-17 17:44:56 +07)" executed successfully
2026-09-17 17:44:51,834 INFO apscheduler.executors.default: Job "main.<locals>.run_scan (trigger: cron[second='1,6,11,16,21,26,31,36,41,46,51,56'], next run at: 2026-09-17 17:44:56 +07)" executed successfully
2026-09-17 17:44:55,708 INFO httpx: HTTP Request: POST https://api.telegram.org/bot8698852591:AAGLSZSQhC0W0KP9ZeZ9Gkr6k-NFoghMC68/getUpdates "HTTP/1.1 200 OK"
2026-09-17 17:44:55,729 INFO apscheduler.executors.default: Running job "main.<locals>.write_heartbeat_job (trigger: interval[0:00:15], next run at: 2026-09-17 17:45:10 +07)" (scheduled at 2026-09-17 17:44:55.715137+07:00)
2026-09-17 17:44:55,733 INFO apscheduler.executors.default: Job "main.<locals>.write_heartbeat_job (trigger: interval[0:00:15], next run at: 2026-09-17 17:45:10 +07)" executed successfully
2026-09-17 17:44:56,008 INFO apscheduler.executors.default: Running job "main.<locals>.run_scan (trigger: cron[second='1,6,11,16,21,26,31,36,41,46,51,56'], next run at: 2026-09-17 17:45:01 +07)" (scheduled at 2026-09-17 17:44:56+07:00)
2026-09-17 17:44:56,727 INFO apscheduler.executors.default: Running job "main.<locals>.check_symbol_switch (trigger: interval[0:01:00], next run at: 2026-09-17 17:45:56 +07)" (scheduled at 2026-09-17 17:44:56.709584+07:00)
2026-09-17 17:44:56,746 INFO apscheduler.executors.default: Job "main.<locals>.check_symbol_switch (trigger: interval[0:01:00], next run at: 2026-09-17 17:45:56 +07)" executed successfully
2026-09-17 17:44:56,748 INFO apscheduler.executors.default: Running job "main.<locals>.run_lts_aus_fast_scan (trigger: interval[0:00:05], next run at: 2026-09-17 17:45:01 +07)" (scheduled at 2026-09-17 17:44:56.713136+07:00)
2026-09-17 17:44:56,748 INFO apscheduler.executors.default: Job "main.<locals>.run_lts_aus_fast_scan (trigger: interval[0:00:05], next run at: 2026-09-17 17:45:01 +07)" executed successfully
2026-09-17 17:44:56,749 INFO apscheduler.executors.default: Running job "main.<locals>.run_position_check (trigger: interval[0:00:05], next run at: 2026-09-17 17:45:01 +07)" (scheduled at 2026-09-17 17:44:56.713136+07:00)
2026-09-17 17:44:56,793 INFO apscheduler.executors.default: Job "main.<locals>.run_position_check (trigger: interval[0:00:05], next run at: 2026-09-17 17:45:01 +07)" executed successfully
2026-09-17 17:44:56,794 INFO apscheduler.executors.default: Running job "main.<locals>.run_trail_sl (trigger: interval[0:00:05], next run at: 2026-09-17 17:45:01 +07)" (scheduled at 2026-09-17 17:44:56.713136+07:00)
2026-09-17 17:44:56,796 INFO apscheduler.executors.default: Job "main.<locals>.run_trail_sl (trigger: interval[0:00:05], next run at: 2026-09-17 17:45:01 +07)" executed successfully
2026-09-17 17:44:56,796 INFO apscheduler.executors.default: Running job "main.<locals>.save_bot_state_job (trigger: interval[0:00:15], next run at: 2026-09-17 17:45:11 +07)" (scheduled at 2026-09-17 17:44:56.714136+07:00)
2026-09-17 17:44:56,802 INFO apscheduler.executors.default: Job "main.<locals>.save_bot_state_job (trigger: interval[0:00:15], next run at: 2026-09-17 17:45:11 +07)" executed successfully
2026-09-17 17:44:56,804 INFO apscheduler.executors.default: Running job "main.<locals>.run_watchdog (trigger: interval[0:01:00], next run at: 2026-09-17 17:45:56 +07)" (scheduled at 2026-09-17 17:44:56.715137+07:00)
2026-09-17 17:44:56,812 INFO apscheduler.executors.default: Job "main.<locals>.run_watchdog (trigger: interval[0:01:00], next run at: 2026-09-17 17:45:56 +07)" executed successfully
2026-09-17 17:44:56,831 INFO apscheduler.executors.default: Job "main.<locals>.run_scan (trigger: cron[second='1,6,11,16,21,26,31,36,41,46,51,56'], next run at: 2026-09-17 17:45:01 +07)" executed successfully
2026-09-17 17:45:01,005 INFO apscheduler.executors.default: Running job "main.<locals>.run_scan (trigger: cron[second='1,6,11,16,21,26,31,36,41,46,51,56'], next run at: 2026-09-17 17:45:06 +07)" (scheduled at 2026-09-17 17:45:01+07:00)
2026-09-17 17:45:01,735 INFO apscheduler.executors.default: Running job "main.<locals>.run_lts_aus_fast_scan (trigger: interval[0:00:05], next run at: 2026-09-17 17:45:06 +07)" (scheduled at 2026-09-17 17:45:01.713136+07:00)
2026-09-17 17:45:01,737 INFO apscheduler.executors.default: Job "main.<locals>.run_lts_aus_fast_scan (trigger: interval[0:00:05], next run at: 2026-09-17 17:45:06 +07)" executed successfully
2026-09-17 17:45:01,738 INFO apscheduler.executors.default: Running job "main.<locals>.run_position_check (trigger: interval[0:00:05], next run at: 2026-09-17 17:45:06 +07)" (scheduled at 2026-09-17 17:45:01.713136+07:00)
2026-09-17 17:45:01,763 INFO apscheduler.executors.default: Job "main.<locals>.run_position_check (trigger: interval[0:00:05], next run at: 2026-09-17 17:45:06 +07)" executed successfully
2026-09-17 17:45:01,763 INFO apscheduler.executors.default: Running job "main.<locals>.run_trail_sl (trigger: interval[0:00:05], next run at: 2026-09-17 17:45:06 +07)" (scheduled at 2026-09-17 17:45:01.713136+07:00)
2026-09-17 17:45:01,765 INFO apscheduler.executors.default: Job "main.<locals>.run_trail_sl (trigger: interval[0:00:05], next run at: 2026-09-17 17:45:06 +07)" executed successfully
2026-09-17 17:45:02,514 INFO apscheduler.executors.default: Job "main.<locals>.run_scan (trigger: cron[second='1,6,11,16,21,26,31,36,41,46,51,56'], next run at: 2026-09-17 17:45:06 +07)" executed successfully
2026-09-17 17:45:05,903 INFO httpx: HTTP Request: POST https://api.telegram.org/bot8698852591:AAGLSZSQhC0W0KP9ZeZ9Gkr6k-NFoghMC68/getUpdates "HTTP/1.1 200 OK"
2026-09-17 17:45:06,015 INFO apscheduler.executors.default: Running job "main.<locals>.run_scan (trigger: cron[second='1,6,11,16,21,26,31,36,41,46,51,56'], next run at: 2026-09-17 17:45:11 +07)" (scheduled at 2026-09-17 17:45:06+07:00)
2026-09-17 17:45:06,728 INFO apscheduler.executors.default: Running job "main.<locals>.run_lts_aus_fast_scan (trigger: interval[0:00:05], next run at: 2026-09-17 17:45:11 +07)" (scheduled at 2026-09-17 17:45:06.713136+07:00)
2026-09-17 17:45:06,732 INFO apscheduler.executors.default: Job "main.<locals>.run_lts_aus_fast_scan (trigger: interval[0:00:05], next run at: 2026-09-17 17:45:11 +07)" executed successfully
2026-09-17 17:45:06,733 INFO apscheduler.executors.default: Running job "main.<locals>.run_position_check (trigger: interval[0:00:05], next run at: 2026-09-17 17:45:11 +07)" (scheduled at 2026-09-17 17:45:06.713136+07:00)
2026-09-17 17:45:06,773 INFO apscheduler.executors.default: Job "main.<locals>.run_position_check (trigger: interval[0:00:05], next run at: 2026-09-17 17:45:11 +07)" executed successfully
2026-09-17 17:45:06,775 INFO apscheduler.executors.default: Running job "main.<locals>.run_trail_sl (trigger: interval[0:00:05], next run at: 2026-09-17 17:45:11 +07)" (scheduled at 2026-09-17 17:45:06.713136+07:00)
2026-09-17 17:45:06,776 INFO apscheduler.executors.default: Job "main.<locals>.run_trail_sl (trigger: interval[0:00:05], next run at: 2026-09-17 17:45:11 +07)" executed successfully
2026-09-17 17:45:07,314 INFO apscheduler.executors.default: Job "main.<locals>.run_scan (trigger: cron[second='1,6,11,16,21,26,31,36,41,46,51,56'], next run at: 2026-09-17 17:45:11 +07)" executed successfully
2026-09-17 17:45:10,727 INFO apscheduler.executors.default: Running job "main.<locals>.write_heartbeat_job (trigger: interval[0:00:15], next run at: 2026-09-17 17:45:25 +07)" (scheduled at 2026-09-17 17:45:10.715137+07:00)
2026-09-17 17:45:10,731 INFO apscheduler.executors.default: Job "main.<locals>.write_heartbeat_job (trigger: interval[0:00:15], next run at: 2026-09-17 17:45:25 +07)" executed successfully
2026-09-17 17:45:11,010 INFO apscheduler.executors.default: Running job "main.<locals>.run_scan (trigger: cron[second='1,6,11,16,21,26,31,36,41,46,51,56'], next run at: 2026-09-17 17:45:16 +07)" (scheduled at 2026-09-17 17:45:11+07:00)
2026-09-17 17:45:11,721 INFO apscheduler.executors.default: Running job "main.<locals>.run_lts_aus_fast_scan (trigger: interval[0:00:05], next run at: 2026-09-17 17:45:16 +07)" (scheduled at 2026-09-17 17:45:11.713136+07:00)
2026-09-17 17:45:11,721 INFO apscheduler.executors.default: Job "main.<locals>.run_lts_aus_fast_scan (trigger: interval[0:00:05], next run at: 2026-09-17 17:45:16 +07)" executed successfully
2026-09-17 17:45:11,723 INFO apscheduler.executors.default: Running job "main.<locals>.run_position_check (trigger: interval[0:00:05], next run at: 2026-09-17 17:45:16 +07)" (scheduled at 2026-09-17 17:45:11.713136+07:00)
2026-09-17 17:45:11,763 INFO apscheduler.executors.default: Job "main.<locals>.run_position_check (trigger: interval[0:00:05], next run at: 2026-09-17 17:45:16 +07)" executed successfully
2026-09-17 17:45:11,764 INFO apscheduler.executors.default: Running job "main.<locals>.run_trail_sl (trigger: interval[0:00:05], next run at: 2026-09-17 17:45:16 +07)" (scheduled at 2026-09-17 17:45:11.713136+07:00)
2026-09-17 17:45:11,766 INFO apscheduler.executors.default: Job "main.<locals>.run_trail_sl (trigger: interval[0:00:05], next run at: 2026-09-17 17:45:16 +07)" executed successfully
2026-09-17 17:45:11,766 INFO apscheduler.executors.default: Running job "main.<locals>.save_bot_state_job (trigger: interval[0:00:15], next run at: 2026-09-17 17:45:26 +07)" (scheduled at 2026-09-17 17:45:11.714136+07:00)
2026-09-17 17:45:11,772 INFO apscheduler.executors.default: Job "main.<locals>.save_bot_state_job (trigger: interval[0:00:15], next run at: 2026-09-17 17:45:26 +07)" executed successfully
2026-09-17 17:45:11,870 INFO apscheduler.executors.default: Job "main.<locals>.run_scan (trigger: cron[second='1,6,11,16,21,26,31,36,41,46,51,56'], next run at: 2026-09-17 17:45:16 +07)" executed successfully
2026-09-17 17:45:16,008 INFO apscheduler.executors.default: Running job "main.<locals>.run_scan (trigger: cron[second='1,6,11,16,21,26,31,36,41,46,51,56'], next run at: 2026-09-17 17:45:21 +07)" (scheduled at 2026-09-17 17:45:16+07:00)
2026-09-17 17:45:16,097 INFO httpx: HTTP Request: POST https://api.telegram.org/bot8698852591:AAGLSZSQhC0W0KP9ZeZ9Gkr6k-NFoghMC68/getUpdates "HTTP/1.1 200 OK"
2026-09-17 17:45:16,722 INFO apscheduler.executors.default: Running job "main.<locals>.run_lts_aus_fast_scan (trigger: interval[0:00:05], next run at: 2026-09-17 17:45:21 +07)" (scheduled at 2026-09-17 17:45:16.713136+07:00)
2026-09-17 17:45:16,723 INFO apscheduler.executors.default: Job "main.<locals>.run_lts_aus_fast_scan (trigger: interval[0:00:05], next run at: 2026-09-17 17:45:21 +07)" executed successfully
2026-09-17 17:45:16,724 INFO apscheduler.executors.default: Running job "main.<locals>.run_position_check (trigger: interval[0:00:05], next run at: 2026-09-17 17:45:21 +07)" (scheduled at 2026-09-17 17:45:16.713136+07:00)
2026-09-17 17:45:16,764 INFO apscheduler.executors.default: Job "main.<locals>.run_position_check (trigger: interval[0:00:05], next run at: 2026-09-17 17:45:21 +07)" executed successfully
2026-09-17 17:45:16,764 INFO apscheduler.executors.default: Running job "main.<locals>.run_trail_sl (trigger: interval[0:00:05], next run at: 2026-09-17 17:45:21 +07)" (scheduled at 2026-09-17 17:45:16.713136+07:00)
2026-09-17 17:45:16,768 INFO apscheduler.executors.default: Job "main.<locals>.run_trail_sl (trigger: interval[0:00:05], next run at: 2026-09-17 17:45:21 +07)" executed successfully
2026-09-17 17:45:16,835 INFO apscheduler.executors.default: Job "main.<locals>.run_scan (trigger: cron[second='1,6,11,16,21,26,31,36,41,46,51,56'], next run at: 2026-09-17 17:45:21 +07)" executed successfully
2026-09-17 17:45:21,006 INFO apscheduler.executors.default: Running job "main.<locals>.run_scan (trigger: cron[second='1,6,11,16,21,26,31,36,41,46,51,56'], next run at: 2026-09-17 17:45:26 +07)" (scheduled at 2026-09-17 17:45:21+07:00)
2026-09-17 17:45:21,735 INFO apscheduler.executors.default: Running job "main.<locals>.run_lts_aus_fast_scan (trigger: interval[0:00:05], next run at: 2026-09-17 17:45:26 +07)" (scheduled at 2026-09-17 17:45:21.713136+07:00)
2026-09-17 17:45:21,742 INFO apscheduler.executors.default: Job "main.<locals>.run_lts_aus_fast_scan (trigger: interval[0:00:05], next run at: 2026-09-17 17:45:26 +07)" executed successfully
2026-09-17 17:45:21,742 INFO apscheduler.executors.default: Running job "main.<locals>.run_position_check (trigger: interval[0:00:05], next run at: 2026-09-17 17:45:26 +07)" (scheduled at 2026-09-17 17:45:21.713136+07:00)
2026-09-17 17:45:21,789 INFO apscheduler.executors.default: Job "main.<locals>.run_position_check (trigger: interval[0:00:05], next run at: 2026-09-17 17:45:26 +07)" executed successfully
2026-09-17 17:45:21,789 INFO apscheduler.executors.default: Running job "main.<locals>.run_trail_sl (trigger: interval[0:00:05], next run at: 2026-09-17 17:45:26 +07)" (scheduled at 2026-09-17 17:45:21.713136+07:00)
2026-09-17 17:45:21,791 INFO apscheduler.executors.default: Job "main.<locals>.run_trail_sl (trigger: interval[0:00:05], next run at: 2026-09-17 17:45:26 +07)" executed successfully
2026-09-17 17:45:22,001 INFO apscheduler.executors.default: Job "main.<locals>.run_scan (trigger: cron[second='1,6,11,16,21,26,31,36,41,46,51,56'], next run at: 2026-09-17 17:45:26 +07)" executed successfully
2026-09-17 17:45:25,719 INFO apscheduler.executors.default: Running job "main.<locals>.write_heartbeat_job (trigger: interval[0:00:15], next run at: 2026-09-17 17:45:40 +07)" (scheduled at 2026-09-17 17:45:25.715137+07:00)
2026-09-17 17:45:25,723 INFO apscheduler.executors.default: Job "main.<locals>.write_heartbeat_job (trigger: interval[0:00:15], next run at: 2026-09-17 17:45:40 +07)" executed successfully
2026-09-17 17:45:26,001 INFO apscheduler.executors.default: Running job "main.<locals>.run_scan (trigger: cron[second='1,6,11,16,21,26,31,36,41,46,51,56'], next run at: 2026-09-17 17:45:31 +07)" (scheduled at 2026-09-17 17:45:26+07:00)
2026-09-17 17:45:26,296 INFO httpx: HTTP Request: POST https://api.telegram.org/bot8698852591:AAGLSZSQhC0W0KP9ZeZ9Gkr6k-NFoghMC68/getUpdates "HTTP/1.1 200 OK"
2026-09-17 17:45:26,713 INFO apscheduler.executors.default: Running job "main.<locals>.run_lts_aus_fast_scan (trigger: interval[0:00:05], next run at: 2026-09-17 17:45:31 +07)" (scheduled at 2026-09-17 17:45:26.713136+07:00)
2026-09-17 17:45:26,714 INFO apscheduler.executors.default: Job "main.<locals>.run_lts_aus_fast_scan (trigger: interval[0:00:05], next run at: 2026-09-17 17:45:31 +07)" executed successfully
2026-09-17 17:45:26,715 INFO apscheduler.executors.default: Running job "main.<locals>.run_position_check (trigger: interval[0:00:05], next run at: 2026-09-17 17:45:31 +07)" (scheduled at 2026-09-17 17:45:26.713136+07:00)
2026-09-17 17:45:26,758 INFO apscheduler.executors.default: Job "main.<locals>.run_position_check (trigger: interval[0:00:05], next run at: 2026-09-17 17:45:31 +07)" executed successfully
2026-09-17 17:45:26,758 INFO apscheduler.executors.default: Running job "main.<locals>.run_trail_sl (trigger: interval[0:00:05], next run at: 2026-09-17 17:45:31 +07)" (scheduled at 2026-09-17 17:45:26.713136+07:00)
2026-09-17 17:45:26,761 INFO apscheduler.executors.default: Job "main.<locals>.run_trail_sl (trigger: interval[0:00:05], next run at: 2026-09-17 17:45:31 +07)" executed successfully
2026-09-17 17:45:26,762 INFO apscheduler.executors.default: Running job "main.<locals>.save_bot_state_job (trigger: interval[0:00:15], next run at: 2026-09-17 17:45:41 +07)" (scheduled at 2026-09-17 17:45:26.714136+07:00)
2026-09-17 17:45:26,769 INFO apscheduler.executors.default: Job "main.<locals>.save_bot_state_job (trigger: interval[0:00:15], next run at: 2026-09-17 17:45:41 +07)" executed successfully
2026-09-17 17:45:26,847 INFO apscheduler.executors.default: Job "main.<locals>.run_scan (trigger: cron[second='1,6,11,16,21,26,31,36,41,46,51,56'], next run at: 2026-09-17 17:45:31 +07)" executed successfully
2026-09-17 17:45:31,011 INFO apscheduler.executors.default: Running job "main.<locals>.run_scan (trigger: cron[second='1,6,11,16,21,26,31,36,41,46,51,56'], next run at: 2026-09-17 17:45:36 +07)" (scheduled at 2026-09-17 17:45:31+07:00)
2026-09-17 17:45:31,725 INFO apscheduler.executors.default: Running job "main.<locals>.run_lts_aus_fast_scan (trigger: interval[0:00:05], next run at: 2026-09-17 17:45:36 +07)" (scheduled at 2026-09-17 17:45:31.713136+07:00)
2026-09-17 17:45:31,726 INFO apscheduler.executors.default: Job "main.<locals>.run_lts_aus_fast_scan (trigger: interval[0:00:05], next run at: 2026-09-17 17:45:36 +07)" executed successfully
2026-09-17 17:45:31,727 INFO apscheduler.executors.default: Running job "main.<locals>.run_position_check (trigger: interval[0:00:05], next run at: 2026-09-17 17:45:36 +07)" (scheduled at 2026-09-17 17:45:31.713136+07:00)
2026-09-17 17:45:31,782 INFO apscheduler.executors.default: Job "main.<locals>.run_position_check (trigger: interval[0:00:05], next run at: 2026-09-17 17:45:36 +07)" executed successfully
2026-09-17 17:45:31,784 INFO apscheduler.executors.default: Running job "main.<locals>.run_trail_sl (trigger: interval[0:00:05], next run at: 2026-09-17 17:45:36 +07)" (scheduled at 2026-09-17 17:45:31.713136+07:00)
2026-09-17 17:45:31,786 INFO apscheduler.executors.default: Job "main.<locals>.run_trail_sl (trigger: interval[0:00:05], next run at: 2026-09-17 17:45:36 +07)" executed successfully
2026-09-17 17:45:32,090 INFO apscheduler.executors.default: Job "main.<locals>.run_scan (trigger: cron[second='1,6,11,16,21,26,31,36,41,46,51,56'], next run at: 2026-09-17 17:45:36 +07)" executed successfully
2026-09-17 17:45:36,010 INFO apscheduler.executors.default: Running job "main.<locals>.run_scan (trigger: cron[second='1,6,11,16,21,26,31,36,41,46,51,56'], next run at: 2026-09-17 17:45:41 +07)" (scheduled at 2026-09-17 17:45:36+07:00)
2026-09-17 17:45:36,491 INFO httpx: HTTP Request: POST https://api.telegram.org/bot8698852591:AAGLSZSQhC0W0KP9ZeZ9Gkr6k-NFoghMC68/getUpdates "HTTP/1.1 200 OK"
2026-09-17 17:45:36,713 INFO apscheduler.executors.default: Running job "main.<locals>.run_lts_aus_fast_scan (trigger: interval[0:00:05], next run at: 2026-09-17 17:45:41 +07)" (scheduled at 2026-09-17 17:45:36.713136+07:00)
2026-09-17 17:45:36,714 INFO apscheduler.executors.default: Job "main.<locals>.run_lts_aus_fast_scan (trigger: interval[0:00:05], next run at: 2026-09-17 17:45:41 +07)" executed successfully
2026-09-17 17:45:36,714 INFO apscheduler.executors.default: Running job "main.<locals>.run_position_check (trigger: interval[0:00:05], next run at: 2026-09-17 17:45:41 +07)" (scheduled at 2026-09-17 17:45:36.713136+07:00)
2026-09-17 17:45:36,752 INFO apscheduler.executors.default: Job "main.<locals>.run_position_check (trigger: interval[0:00:05], next run at: 2026-09-17 17:45:41 +07)" executed successfully
2026-09-17 17:45:36,756 INFO apscheduler.executors.default: Running job "main.<locals>.run_trail_sl (trigger: interval[0:00:05], next run at: 2026-09-17 17:45:41 +07)" (scheduled at 2026-09-17 17:45:36.713136+07:00)
2026-09-17 17:45:36,759 INFO apscheduler.executors.default: Job "main.<locals>.run_trail_sl (trigger: interval[0:00:05], next run at: 2026-09-17 17:45:41 +07)" executed successfully
2026-09-17 17:45:36,870 INFO apscheduler.executors.default: Job "main.<locals>.run_scan (trigger: cron[second='1,6,11,16,21,26,31,36,41,46,51,56'], next run at: 2026-09-17 17:45:41 +07)" executed successfully
2026-09-17 17:45:40,728 INFO apscheduler.executors.default: Running job "main.<locals>.write_heartbeat_job (trigger: interval[0:00:15], next run at: 2026-09-17 17:45:55 +07)" (scheduled at 2026-09-17 17:45:40.715137+07:00)
2026-09-17 17:45:40,731 INFO apscheduler.executors.default: Job "main.<locals>.write_heartbeat_job (trigger: interval[0:00:15], next run at: 2026-09-17 17:45:55 +07)" executed successfully
2026-09-17 17:45:41,010 INFO apscheduler.executors.default: Running job "main.<locals>.run_scan (trigger: cron[second='1,6,11,16,21,26,31,36,41,46,51,56'], next run at: 2026-09-17 17:45:46 +07)" (scheduled at 2026-09-17 17:45:41+07:00)
2026-09-17 17:45:41,720 INFO apscheduler.executors.default: Running job "main.<locals>.run_lts_aus_fast_scan (trigger: interval[0:00:05], next run at: 2026-09-17 17:45:46 +07)" (scheduled at 2026-09-17 17:45:41.713136+07:00)
2026-09-17 17:45:41,721 INFO apscheduler.executors.default: Job "main.<locals>.run_lts_aus_fast_scan (trigger: interval[0:00:05], next run at: 2026-09-17 17:45:46 +07)" executed successfully
2026-09-17 17:45:41,722 INFO apscheduler.executors.default: Running job "main.<locals>.run_position_check (trigger: interval[0:00:05], next run at: 2026-09-17 17:45:46 +07)" (scheduled at 2026-09-17 17:45:41.713136+07:00)
2026-09-17 17:45:41,764 INFO apscheduler.executors.default: Job "main.<locals>.run_position_check (trigger: interval[0:00:05], next run at: 2026-09-17 17:45:46 +07)" executed successfully
2026-09-17 17:45:41,765 INFO apscheduler.executors.default: Running job "main.<locals>.run_trail_sl (trigger: interval[0:00:05], next run at: 2026-09-17 17:45:46 +07)" (scheduled at 2026-09-17 17:45:41.713136+07:00)
2026-09-17 17:45:41,766 INFO apscheduler.executors.default: Job "main.<locals>.run_trail_sl (trigger: interval[0:00:05], next run at: 2026-09-17 17:45:46 +07)" executed successfully
2026-09-17 17:45:41,766 INFO apscheduler.executors.default: Running job "main.<locals>.save_bot_state_job (trigger: interval[0:00:15], next run at: 2026-09-17 17:45:56 +07)" (scheduled at 2026-09-17 17:45:41.714136+07:00)
2026-09-17 17:45:41,772 INFO apscheduler.executors.default: Job "main.<locals>.save_bot_state_job (trigger: interval[0:00:15], next run at: 2026-09-17 17:45:56 +07)" executed successfully
2026-09-17 17:45:41,868 INFO apscheduler.executors.default: Job "main.<locals>.run_scan (trigger: cron[second='1,6,11,16,21,26,31,36,41,46,51,56'], next run at: 2026-09-17 17:45:46 +07)" executed successfully
2026-09-17 17:45:46,001 INFO apscheduler.executors.default: Running job "main.<locals>.run_scan (trigger: cron[second='1,6,11,16,21,26,31,36,41,46,51,56'], next run at: 2026-09-17 17:45:51 +07)" (scheduled at 2026-09-17 17:45:46+07:00)
2026-09-17 17:45:46,688 INFO httpx: HTTP Request: POST https://api.telegram.org/bot8698852591:AAGLSZSQhC0W0KP9ZeZ9Gkr6k-NFoghMC68/getUpdates "HTTP/1.1 200 OK"
2026-09-17 17:45:46,719 INFO apscheduler.executors.default: Running job "main.<locals>.run_lts_aus_fast_scan (trigger: interval[0:00:05], next run at: 2026-09-17 17:45:51 +07)" (scheduled at 2026-09-17 17:45:46.713136+07:00)
2026-09-17 17:45:46,720 INFO apscheduler.executors.default: Job "main.<locals>.run_lts_aus_fast_scan (trigger: interval[0:00:05], next run at: 2026-09-17 17:45:51 +07)" executed successfully
2026-09-17 17:45:46,720 INFO apscheduler.executors.default: Running job "main.<locals>.run_position_check (trigger: interval[0:00:05], next run at: 2026-09-17 17:45:51 +07)" (scheduled at 2026-09-17 17:45:46.713136+07:00)
2026-09-17 17:45:46,759 INFO apscheduler.executors.default: Job "main.<locals>.run_position_check (trigger: interval[0:00:05], next run at: 2026-09-17 17:45:51 +07)" executed successfully
2026-09-17 17:45:46,759 INFO apscheduler.executors.default: Running job "main.<locals>.run_trail_sl (trigger: interval[0:00:05], next run at: 2026-09-17 17:45:51 +07)" (scheduled at 2026-09-17 17:45:46.713136+07:00)
2026-09-17 17:45:46,761 INFO apscheduler.executors.default: Job "main.<locals>.run_trail_sl (trigger: interval[0:00:05], next run at: 2026-09-17 17:45:51 +07)" executed successfully
2026-09-17 17:45:46,834 INFO apscheduler.executors.default: Job "main.<locals>.run_scan (trigger: cron[second='1,6,11,16,21,26,31,36,41,46,51,56'], next run at: 2026-09-17 17:45:51 +07)" executed successfully
2026-09-17 17:45:51,015 INFO apscheduler.executors.default: Running job "main.<locals>.run_scan (trigger: cron[second='1,6,11,16,21,26,31,36,41,46,51,56'], next run at: 2026-09-17 17:45:56 +07)" (scheduled at 2026-09-17 17:45:51+07:00)
2026-09-17 17:45:51,728 INFO apscheduler.executors.default: Running job "main.<locals>.run_lts_aus_fast_scan (trigger: interval[0:00:05], next run at: 2026-09-17 17:45:56 +07)" (scheduled at 2026-09-17 17:45:51.713136+07:00)
2026-09-17 17:45:51,729 INFO apscheduler.executors.default: Job "main.<locals>.run_lts_aus_fast_scan (trigger: interval[0:00:05], next run at: 2026-09-17 17:45:56 +07)" executed successfully
2026-09-17 17:45:51,730 INFO apscheduler.executors.default: Running job "main.<locals>.run_position_check (trigger: interval[0:00:05], next run at: 2026-09-17 17:45:56 +07)" (scheduled at 2026-09-17 17:45:51.713136+07:00)
2026-09-17 17:45:51,772 INFO apscheduler.executors.default: Job "main.<locals>.run_position_check (trigger: interval[0:00:05], next run at: 2026-09-17 17:45:56 +07)" executed successfully
2026-09-17 17:45:51,777 INFO apscheduler.executors.default: Running job "main.<locals>.run_trail_sl (trigger: interval[0:00:05], next run at: 2026-09-17 17:45:56 +07)" (scheduled at 2026-09-17 17:45:51.713136+07:00)
2026-09-17 17:45:51,780 INFO apscheduler.executors.default: Job "main.<locals>.run_trail_sl (trigger: interval[0:00:05], next run at: 2026-09-17 17:45:56 +07)" executed successfully
2026-09-17 17:45:51,840 INFO apscheduler.executors.default: Job "main.<locals>.run_scan (trigger: cron[second='1,6,11,16,21,26,31,36,41,46,51,56'], next run at: 2026-09-17 17:45:56 +07)" executed successfully
2026-09-17 17:45:55,728 INFO apscheduler.executors.default: Running job "main.<locals>.write_heartbeat_job (trigger: interval[0:00:15], next run at: 2026-09-17 17:46:10 +07)" (scheduled at 2026-09-17 17:45:55.715137+07:00)
2026-09-17 17:45:55,730 INFO apscheduler.executors.default: Job "main.<locals>.write_heartbeat_job (trigger: interval[0:00:15], next run at: 2026-09-17 17:46:10 +07)" executed successfully
2026-09-17 17:45:56,011 INFO apscheduler.executors.default: Running job "main.<locals>.run_scan (trigger: cron[second='1,6,11,16,21,26,31,36,41,46,51,56'], next run at: 2026-09-17 17:46:01 +07)" (scheduled at 2026-09-17 17:45:56+07:00)
2026-09-17 17:45:56,722 INFO apscheduler.executors.default: Running job "main.<locals>.check_symbol_switch (trigger: interval[0:01:00], next run at: 2026-09-17 17:46:56 +07)" (scheduled at 2026-09-17 17:45:56.709584+07:00)
2026-09-17 17:45:56,740 INFO apscheduler.executors.default: Job "main.<locals>.check_symbol_switch (trigger: interval[0:01:00], next run at: 2026-09-17 17:46:56 +07)" executed successfully
2026-09-17 17:45:56,741 INFO apscheduler.executors.default: Running job "main.<locals>.run_lts_aus_fast_scan (trigger: interval[0:00:05], next run at: 2026-09-17 17:46:01 +07)" (scheduled at 2026-09-17 17:45:56.713136+07:00)
2026-09-17 17:45:56,741 INFO apscheduler.executors.default: Job "main.<locals>.run_lts_aus_fast_scan (trigger: interval[0:00:05], next run at: 2026-09-17 17:46:01 +07)" executed successfully
2026-09-17 17:45:56,741 INFO apscheduler.executors.default: Running job "main.<locals>.run_position_check (trigger: interval[0:00:05], next run at: 2026-09-17 17:46:01 +07)" (scheduled at 2026-09-17 17:45:56.713136+07:00)
2026-09-17 17:45:56,785 INFO apscheduler.executors.default: Job "main.<locals>.run_position_check (trigger: interval[0:00:05], next run at: 2026-09-17 17:46:01 +07)" executed successfully
2026-09-17 17:45:56,786 INFO apscheduler.executors.default: Running job "main.<locals>.run_trail_sl (trigger: interval[0:00:05], next run at: 2026-09-17 17:46:01 +07)" (scheduled at 2026-09-17 17:45:56.713136+07:00)
2026-09-17 17:45:56,787 INFO apscheduler.executors.default: Job "main.<locals>.run_trail_sl (trigger: interval[0:00:05], next run at: 2026-09-17 17:46:01 +07)" executed successfully
2026-09-17 17:45:56,788 INFO apscheduler.executors.default: Running job "main.<locals>.save_bot_state_job (trigger: interval[0:00:15], next run at: 2026-09-17 17:46:11 +07)" (scheduled at 2026-09-17 17:45:56.714136+07:00)
2026-09-17 17:45:56,794 INFO apscheduler.executors.default: Job "main.<locals>.save_bot_state_job (trigger: interval[0:00:15], next run at: 2026-09-17 17:46:11 +07)" executed successfully
2026-09-17 17:45:56,794 INFO apscheduler.executors.default: Running job "main.<locals>.run_watchdog (trigger: interval[0:01:00], next run at: 2026-09-17 17:46:56 +07)" (scheduled at 2026-09-17 17:45:56.715137+07:00)
2026-09-17 17:45:56,804 INFO apscheduler.executors.default: Job "main.<locals>.run_watchdog (trigger: interval[0:01:00], next run at: 2026-09-17 17:46:56 +07)" executed successfully
2026-09-17 17:45:56,854 INFO apscheduler.executors.default: Job "main.<locals>.run_scan (trigger: cron[second='1,6,11,16,21,26,31,36,41,46,51,56'], next run at: 2026-09-17 17:46:01 +07)" executed successfully
2026-09-17 17:45:56,884 INFO httpx: HTTP Request: POST https://api.telegram.org/bot8698852591:AAGLSZSQhC0W0KP9ZeZ9Gkr6k-NFoghMC68/getUpdates "HTTP/1.1 200 OK"
2026-09-17 17:46:01,015 INFO apscheduler.executors.default: Running job "main.<locals>.run_scan (trigger: cron[second='1,6,11,16,21,26,31,36,41,46,51,56'], next run at: 2026-09-17 17:46:06 +07)" (scheduled at 2026-09-17 17:46:01+07:00)
2026-09-17 17:46:01,728 INFO apscheduler.executors.default: Running job "main.<locals>.run_lts_aus_fast_scan (trigger: interval[0:00:05], next run at: 2026-09-17 17:46:06 +07)" (scheduled at 2026-09-17 17:46:01.713136+07:00)
2026-09-17 17:46:01,732 INFO apscheduler.executors.default: Job "main.<locals>.run_lts_aus_fast_scan (trigger: interval[0:00:05], next run at: 2026-09-17 17:46:06 +07)" executed successfully
2026-09-17 17:46:01,732 INFO apscheduler.executors.default: Running job "main.<locals>.run_position_check (trigger: interval[0:00:05], next run at: 2026-09-17 17:46:06 +07)" (scheduled at 2026-09-17 17:46:01.713136+07:00)
2026-09-17 17:46:01,781 INFO apscheduler.executors.default: Job "main.<locals>.run_position_check (trigger: interval[0:00:05], next run at: 2026-09-17 17:46:06 +07)" executed successfully
2026-09-17 17:46:01,783 INFO apscheduler.executors.default: Running job "main.<locals>.run_trail_sl (trigger: interval[0:00:05], next run at: 2026-09-17 17:46:06 +07)" (scheduled at 2026-09-17 17:46:01.713136+07:00)
2026-09-17 17:46:01,785 INFO apscheduler.executors.default: Job "main.<locals>.run_trail_sl (trigger: interval[0:00:05], next run at: 2026-09-17 17:46:06 +07)" executed successfully
2026-09-17 17:46:01,934 INFO apscheduler.executors.default: Job "main.<locals>.run_scan (trigger: cron[second='1,6,11,16,21,26,31,36,41,46,51,56'], next run at: 2026-09-17 17:46:06 +07)" executed successfully
2026-09-17 17:46:06,015 INFO apscheduler.executors.default: Running job "main.<locals>.run_scan (trigger: cron[second='1,6,11,16,21,26,31,36,41,46,51,56'], next run at: 2026-09-17 17:46:11 +07)" (scheduled at 2026-09-17 17:46:06+07:00)
2026-09-17 17:46:06,728 INFO apscheduler.executors.default: Running job "main.<locals>.run_lts_aus_fast_scan (trigger: interval[0:00:05], next run at: 2026-09-17 17:46:11 +07)" (scheduled at 2026-09-17 17:46:06.713136+07:00)
2026-09-17 17:46:06,729 INFO apscheduler.executors.default: Job "main.<locals>.run_lts_aus_fast_scan (trigger: interval[0:00:05], next run at: 2026-09-17 17:46:11 +07)" executed successfully
2026-09-17 17:46:06,729 INFO apscheduler.executors.default: Running job "main.<locals>.run_position_check (trigger: interval[0:00:05], next run at: 2026-09-17 17:46:11 +07)" (scheduled at 2026-09-17 17:46:06.713136+07:00)
2026-09-17 17:46:06,770 INFO apscheduler.executors.default: Job "main.<locals>.run_position_check (trigger: interval[0:00:05], next run at: 2026-09-17 17:46:11 +07)" executed successfully
2026-09-17 17:46:06,773 INFO apscheduler.executors.default: Running job "main.<locals>.run_trail_sl (trigger: interval[0:00:05], next run at: 2026-09-17 17:46:11 +07)" (scheduled at 2026-09-17 17:46:06.713136+07:00)
2026-09-17 17:46:06,775 INFO apscheduler.executors.default: Job "main.<locals>.run_trail_sl (trigger: interval[0:00:05], next run at: 2026-09-17 17:46:11 +07)" executed successfully
2026-09-17 17:46:06,871 INFO apscheduler.executors.default: Job "main.<locals>.run_scan (trigger: cron[second='1,6,11,16,21,26,31,36,41,46,51,56'], next run at: 2026-09-17 17:46:11 +07)" executed successfully
2026-09-17 17:46:07,078 INFO httpx: HTTP Request: POST https://api.telegram.org/bot8698852591:AAGLSZSQhC0W0KP9ZeZ9Gkr6k-NFoghMC68/getUpdates "HTTP/1.1 200 OK"
2026-09-17 17:46:10,717 INFO apscheduler.executors.default: Running job "main.<locals>.write_heartbeat_job (trigger: interval[0:00:15], next run at: 2026-09-17 17:46:25 +07)" (scheduled at 2026-09-17 17:46:10.715137+07:00)
2026-09-17 17:46:10,721 INFO apscheduler.executors.default: Job "main.<locals>.write_heartbeat_job (trigger: interval[0:00:15], next run at: 2026-09-17 17:46:25 +07)" executed successfully
2026-09-17 17:46:11,012 INFO apscheduler.executors.default: Running job "main.<locals>.run_scan (trigger: cron[second='1,6,11,16,21,26,31,36,41,46,51,56'], next run at: 2026-09-17 17:46:16 +07)" (scheduled at 2026-09-17 17:46:11+07:00)
2026-09-17 17:46:11,715 INFO apscheduler.executors.default: Running job "main.<locals>.run_lts_aus_fast_scan (trigger: interval[0:00:05], next run at: 2026-09-17 17:46:16 +07)" (scheduled at 2026-09-17 17:46:11.713136+07:00)
2026-09-17 17:46:11,716 INFO apscheduler.executors.default: Job "main.<locals>.run_lts_aus_fast_scan (trigger: interval[0:00:05], next run at: 2026-09-17 17:46:16 +07)" executed successfully
2026-09-17 17:46:11,716 INFO apscheduler.executors.default: Running job "main.<locals>.run_position_check (trigger: interval[0:00:05], next run at: 2026-09-17 17:46:16 +07)" (scheduled at 2026-09-17 17:46:11.713136+07:00)
2026-09-17 17:46:11,759 INFO apscheduler.executors.default: Job "main.<locals>.run_position_check (trigger: interval[0:00:05], next run at: 2026-09-17 17:46:16 +07)" executed successfully
2026-09-17 17:46:11,759 INFO apscheduler.executors.default: Running job "main.<locals>.run_trail_sl (trigger: interval[0:00:05], next run at: 2026-09-17 17:46:16 +07)" (scheduled at 2026-09-17 17:46:11.713136+07:00)
2026-09-17 17:46:11,761 INFO apscheduler.executors.default: Job "main.<locals>.run_trail_sl (trigger: interval[0:00:05], next run at: 2026-09-17 17:46:16 +07)" executed successfully
2026-09-17 17:46:11,761 INFO apscheduler.executors.default: Running job "main.<locals>.save_bot_state_job (trigger: interval[0:00:15], next run at: 2026-09-17 17:46:26 +07)" (scheduled at 2026-09-17 17:46:11.714136+07:00)
2026-09-17 17:46:11,767 INFO apscheduler.executors.default: Job "main.<locals>.save_bot_state_job (trigger: interval[0:00:15], next run at: 2026-09-17 17:46:26 +07)" executed successfully
2026-09-17 17:46:12,000 INFO apscheduler.executors.default: Job "main.<locals>.run_scan (trigger: cron[second='1,6,11,16,21,26,31,36,41,46,51,56'], next run at: 2026-09-17 17:46:16 +07)" executed successfully
2026-09-17 17:46:16,012 INFO apscheduler.executors.default: Running job "main.<locals>.run_scan (trigger: cron[second='1,6,11,16,21,26,31,36,41,46,51,56'], next run at: 2026-09-17 17:46:21 +07)" (scheduled at 2026-09-17 17:46:16+07:00)
2026-09-17 17:46:16,723 INFO apscheduler.executors.default: Running job "main.<locals>.run_lts_aus_fast_scan (trigger: interval[0:00:05], next run at: 2026-09-17 17:46:21 +07)" (scheduled at 2026-09-17 17:46:16.713136+07:00)
2026-09-17 17:46:16,724 INFO apscheduler.executors.default: Job "main.<locals>.run_lts_aus_fast_scan (trigger: interval[0:00:05], next run at: 2026-09-17 17:46:21 +07)" executed successfully
2026-09-17 17:46:16,724 INFO apscheduler.executors.default: Running job "main.<locals>.run_position_check (trigger: interval[0:00:05], next run at: 2026-09-17 17:46:21 +07)" (scheduled at 2026-09-17 17:46:16.713136+07:00)
2026-09-17 17:46:16,766 INFO apscheduler.executors.default: Job "main.<locals>.run_position_check (trigger: interval[0:00:05], next run at: 2026-09-17 17:46:21 +07)" executed successfully
2026-09-17 17:46:16,767 INFO apscheduler.executors.default: Running job "main.<locals>.run_trail_sl (trigger: interval[0:00:05], next run at: 2026-09-17 17:46:21 +07)" (scheduled at 2026-09-17 17:46:16.713136+07:00)
2026-09-17 17:46:16,768 INFO apscheduler.executors.default: Job "main.<locals>.run_trail_sl (trigger: interval[0:00:05], next run at: 2026-09-17 17:46:21 +07)" executed successfully
2026-09-17 17:46:16,878 INFO apscheduler.executors.default: Job "main.<locals>.run_scan (trigger: cron[second='1,6,11,16,21,26,31,36,41,46,51,56'], next run at: 2026-09-17 17:46:21 +07)" executed successfully
2026-09-17 17:46:17,273 INFO httpx: HTTP Request: POST https://api.telegram.org/bot8698852591:AAGLSZSQhC0W0KP9ZeZ9Gkr6k-NFoghMC68/getUpdates "HTTP/1.1 200 OK"
2026-09-17 17:46:21,015 INFO apscheduler.executors.default: Running job "main.<locals>.run_scan (trigger: cron[second='1,6,11,16,21,26,31,36,41,46,51,56'], next run at: 2026-09-17 17:46:26 +07)" (scheduled at 2026-09-17 17:46:21+07:00)
2026-09-17 17:46:21,726 INFO apscheduler.executors.default: Running job "main.<locals>.run_lts_aus_fast_scan (trigger: interval[0:00:05], next run at: 2026-09-17 17:46:26 +07)" (scheduled at 2026-09-17 17:46:21.713136+07:00)
2026-09-17 17:46:21,727 INFO apscheduler.executors.default: Job "main.<locals>.run_lts_aus_fast_scan (trigger: interval[0:00:05], next run at: 2026-09-17 17:46:26 +07)" executed successfully
2026-09-17 17:46:21,728 INFO apscheduler.executors.default: Running job "main.<locals>.run_position_check (trigger: interval[0:00:05], next run at: 2026-09-17 17:46:26 +07)" (scheduled at 2026-09-17 17:46:21.713136+07:00)
2026-09-17 17:46:21,768 INFO apscheduler.executors.default: Job "main.<locals>.run_position_check (trigger: interval[0:00:05], next run at: 2026-09-17 17:46:26 +07)" executed successfully
2026-09-17 17:46:21,773 INFO apscheduler.executors.default: Running job "main.<locals>.run_trail_sl (trigger: interval[0:00:05], next run at: 2026-09-17 17:46:26 +07)" (scheduled at 2026-09-17 17:46:21.713136+07:00)
2026-09-17 17:46:21,776 INFO apscheduler.executors.default: Job "main.<locals>.run_trail_sl (trigger: interval[0:00:05], next run at: 2026-09-17 17:46:26 +07)" executed successfully
2026-09-17 17:46:21,852 INFO apscheduler.executors.default: Job "main.<locals>.run_scan (trigger: cron[second='1,6,11,16,21,26,31,36,41,46,51,56'], next run at: 2026-09-17 17:46:26 +07)" executed successfully
2026-09-17 17:46:25,725 INFO apscheduler.executors.default: Running job "main.<locals>.write_heartbeat_job (trigger: interval[0:00:15], next run at: 2026-09-17 17:46:40 +07)" (scheduled at 2026-09-17 17:46:25.715137+07:00)
2026-09-17 17:46:25,728 INFO apscheduler.executors.default: Job "main.<locals>.write_heartbeat_job (trigger: interval[0:00:15], next run at: 2026-09-17 17:46:40 +07)" executed successfully
2026-09-17 17:46:26,018 INFO apscheduler.executors.default: Running job "main.<locals>.run_scan (trigger: cron[second='1,6,11,16,21,26,31,36,41,46,51,56'], next run at: 2026-09-17 17:46:31 +07)" (scheduled at 2026-09-17 17:46:26+07:00)
2026-09-17 17:46:26,720 INFO apscheduler.executors.default: Running job "main.<locals>.run_lts_aus_fast_scan (trigger: interval[0:00:05], next run at: 2026-09-17 17:46:31 +07)" (scheduled at 2026-09-17 17:46:26.713136+07:00)
2026-09-17 17:46:26,721 INFO apscheduler.executors.default: Job "main.<locals>.run_lts_aus_fast_scan (trigger: interval[0:00:05], next run at: 2026-09-17 17:46:31 +07)" executed successfully
2026-09-17 17:46:26,721 INFO apscheduler.executors.default: Running job "main.<locals>.run_position_check (trigger: interval[0:00:05], next run at: 2026-09-17 17:46:31 +07)" (scheduled at 2026-09-17 17:46:26.713136+07:00)
2026-09-17 17:46:26,765 INFO apscheduler.executors.default: Job "main.<locals>.run_position_check (trigger: interval[0:00:05], next run at: 2026-09-17 17:46:31 +07)" executed successfully
2026-09-17 17:46:26,766 INFO apscheduler.executors.default: Running job "main.<locals>.run_trail_sl (trigger: interval[0:00:05], next run at: 2026-09-17 17:46:31 +07)" (scheduled at 2026-09-17 17:46:26.713136+07:00)
2026-09-17 17:46:26,768 INFO apscheduler.executors.default: Job "main.<locals>.run_trail_sl (trigger: interval[0:00:05], next run at: 2026-09-17 17:46:31 +07)" executed successfully
2026-09-17 17:46:26,768 INFO apscheduler.executors.default: Running job "main.<locals>.save_bot_state_job (trigger: interval[0:00:15], next run at: 2026-09-17 17:46:41 +07)" (scheduled at 2026-09-17 17:46:26.714136+07:00)
2026-09-17 17:46:26,774 INFO apscheduler.executors.default: Job "main.<locals>.save_bot_state_job (trigger: interval[0:00:15], next run at: 2026-09-17 17:46:41 +07)" executed successfully
2026-09-17 17:46:26,886 INFO apscheduler.executors.default: Job "main.<locals>.run_scan (trigger: cron[second='1,6,11,16,21,26,31,36,41,46,51,56'], next run at: 2026-09-17 17:46:31 +07)" executed successfully
2026-09-17 17:46:27,709 INFO httpx: HTTP Request: POST https://api.telegram.org/bot8698852591:AAGLSZSQhC0W0KP9ZeZ9Gkr6k-NFoghMC68/getUpdates "HTTP/1.1 200 OK"
2026-09-17 17:46:31,013 INFO apscheduler.executors.default: Running job "main.<locals>.run_scan (trigger: cron[second='1,6,11,16,21,26,31,36,41,46,51,56'], next run at: 2026-09-17 17:46:36 +07)" (scheduled at 2026-09-17 17:46:31+07:00)
2026-09-17 17:46:31,728 INFO apscheduler.executors.default: Running job "main.<locals>.run_lts_aus_fast_scan (trigger: interval[0:00:05], next run at: 2026-09-17 17:46:36 +07)" (scheduled at 2026-09-17 17:46:31.713136+07:00)
2026-09-17 17:46:31,728 INFO apscheduler.executors.default: Job "main.<locals>.run_lts_aus_fast_scan (trigger: interval[0:00:05], next run at: 2026-09-17 17:46:36 +07)" executed successfully
2026-09-17 17:46:31,729 INFO apscheduler.executors.default: Running job "main.<locals>.run_position_check (trigger: interval[0:00:05], next run at: 2026-09-17 17:46:36 +07)" (scheduled at 2026-09-17 17:46:31.713136+07:00)
2026-09-17 17:46:31,776 INFO apscheduler.executors.default: Job "main.<locals>.run_position_check (trigger: interval[0:00:05], next run at: 2026-09-17 17:46:36 +07)" executed successfully
2026-09-17 17:46:31,778 INFO apscheduler.executors.default: Running job "main.<locals>.run_trail_sl (trigger: interval[0:00:05], next run at: 2026-09-17 17:46:36 +07)" (scheduled at 2026-09-17 17:46:31.713136+07:00)
2026-09-17 17:46:31,779 INFO apscheduler.executors.default: Job "main.<locals>.run_trail_sl (trigger: interval[0:00:05], next run at: 2026-09-17 17:46:36 +07)" executed successfully
2026-09-17 17:46:31,882 INFO apscheduler.executors.default: Job "main.<locals>.run_scan (trigger: cron[second='1,6,11,16,21,26,31,36,41,46,51,56'], next run at: 2026-09-17 17:46:36 +07)" executed successfully
2026-09-17 17:46:36,003 INFO apscheduler.executors.default: Running job "main.<locals>.run_scan (trigger: cron[second='1,6,11,16,21,26,31,36,41,46,51,56'], next run at: 2026-09-17 17:46:41 +07)" (scheduled at 2026-09-17 17:46:36+07:00)
2026-09-17 17:46:36,718 INFO apscheduler.executors.default: Running job "main.<locals>.run_lts_aus_fast_scan (trigger: interval[0:00:05], next run at: 2026-09-17 17:46:41 +07)" (scheduled at 2026-09-17 17:46:36.713136+07:00)
2026-09-17 17:46:36,720 INFO apscheduler.executors.default: Job "main.<locals>.run_lts_aus_fast_scan (trigger: interval[0:00:05], next run at: 2026-09-17 17:46:41 +07)" executed successfully
2026-09-17 17:46:36,720 INFO apscheduler.executors.default: Running job "main.<locals>.run_position_check (trigger: interval[0:00:05], next run at: 2026-09-17 17:46:41 +07)" (scheduled at 2026-09-17 17:46:36.713136+07:00)
2026-09-17 17:46:36,761 INFO apscheduler.executors.default: Job "main.<locals>.run_position_check (trigger: interval[0:00:05], next run at: 2026-09-17 17:46:41 +07)" executed successfully
2026-09-17 17:46:36,761 INFO apscheduler.executors.default: Running job "main.<locals>.run_trail_sl (trigger: interval[0:00:05], next run at: 2026-09-17 17:46:41 +07)" (scheduled at 2026-09-17 17:46:36.713136+07:00)
2026-09-17 17:46:36,763 INFO apscheduler.executors.default: Job "main.<locals>.run_trail_sl (trigger: interval[0:00:05], next run at: 2026-09-17 17:46:41 +07)" executed successfully
2026-09-17 17:46:36,833 INFO apscheduler.executors.default: Job "main.<locals>.run_scan (trigger: cron[second='1,6,11,16,21,26,31,36,41,46,51,56'], next run at: 2026-09-17 17:46:41 +07)" executed successfully
2026-09-17 17:46:37,904 INFO httpx: HTTP Request: POST https://api.telegram.org/bot8698852591:AAGLSZSQhC0W0KP9ZeZ9Gkr6k-NFoghMC68/getUpdates "HTTP/1.1 200 OK"
2026-09-17 17:46:40,717 INFO apscheduler.executors.default: Running job "main.<locals>.write_heartbeat_job (trigger: interval[0:00:15], next run at: 2026-09-17 17:46:55 +07)" (scheduled at 2026-09-17 17:46:40.715137+07:00)
2026-09-17 17:46:40,720 INFO apscheduler.executors.default: Job "main.<locals>.write_heartbeat_job (trigger: interval[0:00:15], next run at: 2026-09-17 17:46:55 +07)" executed successfully
2026-09-17 17:46:41,014 INFO apscheduler.executors.default: Running job "main.<locals>.run_scan (trigger: cron[second='1,6,11,16,21,26,31,36,41,46,51,56'], next run at: 2026-09-17 17:46:46 +07)" (scheduled at 2026-09-17 17:46:41+07:00)
2026-09-17 17:46:41,727 INFO apscheduler.executors.default: Running job "main.<locals>.run_lts_aus_fast_scan (trigger: interval[0:00:05], next run at: 2026-09-17 17:46:46 +07)" (scheduled at 2026-09-17 17:46:41.713136+07:00)
2026-09-17 17:46:41,727 INFO apscheduler.executors.default: Job "main.<locals>.run_lts_aus_fast_scan (trigger: interval[0:00:05], next run at: 2026-09-17 17:46:46 +07)" executed successfully
2026-09-17 17:46:41,729 INFO apscheduler.executors.default: Running job "main.<locals>.run_position_check (trigger: interval[0:00:05], next run at: 2026-09-17 17:46:46 +07)" (scheduled at 2026-09-17 17:46:41.713136+07:00)
2026-09-17 17:46:41,771 INFO apscheduler.executors.default: Job "main.<locals>.run_position_check (trigger: interval[0:00:05], next run at: 2026-09-17 17:46:46 +07)" executed successfully
2026-09-17 17:46:41,773 INFO apscheduler.executors.default: Running job "main.<locals>.run_trail_sl (trigger: interval[0:00:05], next run at: 2026-09-17 17:46:46 +07)" (scheduled at 2026-09-17 17:46:41.713136+07:00)
2026-09-17 17:46:41,774 INFO apscheduler.executors.default: Job "main.<locals>.run_trail_sl (trigger: interval[0:00:05], next run at: 2026-09-17 17:46:46 +07)" executed successfully
2026-09-17 17:46:41,774 INFO apscheduler.executors.default: Running job "main.<locals>.save_bot_state_job (trigger: interval[0:00:15], next run at: 2026-09-17 17:46:56 +07)" (scheduled at 2026-09-17 17:46:41.714136+07:00)
2026-09-17 17:46:41,780 INFO apscheduler.executors.default: Job "main.<locals>.save_bot_state_job (trigger: interval[0:00:15], next run at: 2026-09-17 17:46:56 +07)" executed successfully
2026-09-17 17:46:41,845 INFO apscheduler.executors.default: Job "main.<locals>.run_scan (trigger: cron[second='1,6,11,16,21,26,31,36,41,46,51,56'], next run at: 2026-09-17 17:46:46 +07)" executed successfully
2026-09-17 17:46:46,001 INFO apscheduler.executors.default: Running job "main.<locals>.run_scan (trigger: cron[second='1,6,11,16,21,26,31,36,41,46,51,56'], next run at: 2026-09-17 17:46:51 +07)" (scheduled at 2026-09-17 17:46:46+07:00)
2026-09-17 17:46:46,714 INFO apscheduler.executors.default: Running job "main.<locals>.run_lts_aus_fast_scan (trigger: interval[0:00:05], next run at: 2026-09-17 17:46:51 +07)" (scheduled at 2026-09-17 17:46:46.713136+07:00)
2026-09-17 17:46:46,715 INFO apscheduler.executors.default: Job "main.<locals>.run_lts_aus_fast_scan (trigger: interval[0:00:05], next run at: 2026-09-17 17:46:51 +07)" executed successfully
2026-09-17 17:46:46,716 INFO apscheduler.executors.default: Running job "main.<locals>.run_position_check (trigger: interval[0:00:05], next run at: 2026-09-17 17:46:51 +07)" (scheduled at 2026-09-17 17:46:46.713136+07:00)
2026-09-17 17:46:46,764 INFO apscheduler.executors.default: Job "main.<locals>.run_position_check (trigger: interval[0:00:05], next run at: 2026-09-17 17:46:51 +07)" executed successfully
2026-09-17 17:46:46,765 INFO apscheduler.executors.default: Running job "main.<locals>.run_trail_sl (trigger: interval[0:00:05], next run at: 2026-09-17 17:46:51 +07)" (scheduled at 2026-09-17 17:46:46.713136+07:00)
2026-09-17 17:46:46,767 INFO apscheduler.executors.default: Job "main.<locals>.run_trail_sl (trigger: interval[0:00:05], next run at: 2026-09-17 17:46:51 +07)" executed successfully
2026-09-17 17:46:47,068 INFO apscheduler.executors.default: Job "main.<locals>.run_scan (trigger: cron[second='1,6,11,16,21,26,31,36,41,46,51,56'], next run at: 2026-09-17 17:46:51 +07)" executed successfully
2026-09-17 17:46:48,098 INFO httpx: HTTP Request: POST https://api.telegram.org/bot8698852591:AAGLSZSQhC0W0KP9ZeZ9Gkr6k-NFoghMC68/getUpdates "HTTP/1.1 200 OK"
2026-09-17 17:46:51,006 INFO apscheduler.executors.default: Running job "main.<locals>.run_scan (trigger: cron[second='1,6,11,16,21,26,31,36,41,46,51,56'], next run at: 2026-09-17 17:46:56 +07)" (scheduled at 2026-09-17 17:46:51+07:00)
2026-09-17 17:46:51,718 INFO apscheduler.executors.default: Running job "main.<locals>.run_lts_aus_fast_scan (trigger: interval[0:00:05], next run at: 2026-09-17 17:46:56 +07)" (scheduled at 2026-09-17 17:46:51.713136+07:00)
2026-09-17 17:46:51,719 INFO apscheduler.executors.default: Job "main.<locals>.run_lts_aus_fast_scan (trigger: interval[0:00:05], next run at: 2026-09-17 17:46:56 +07)" executed successfully
2026-09-17 17:46:51,721 INFO apscheduler.executors.default: Running job "main.<locals>.run_position_check (trigger: interval[0:00:05], next run at: 2026-09-17 17:46:56 +07)" (scheduled at 2026-09-17 17:46:51.713136+07:00)
2026-09-17 17:46:51,784 INFO apscheduler.executors.default: Job "main.<locals>.run_position_check (trigger: interval[0:00:05], next run at: 2026-09-17 17:46:56 +07)" executed successfully
2026-09-17 17:46:51,784 INFO apscheduler.executors.default: Running job "main.<locals>.run_trail_sl (trigger: interval[0:00:05], next run at: 2026-09-17 17:46:56 +07)" (scheduled at 2026-09-17 17:46:51.713136+07:00)
2026-09-17 17:46:51,788 INFO apscheduler.executors.default: Job "main.<locals>.run_trail_sl (trigger: interval[0:00:05], next run at: 2026-09-17 17:46:56 +07)" executed successfully
2026-09-17 17:46:51,982 INFO apscheduler.executors.default: Job "main.<locals>.run_scan (trigger: cron[second='1,6,11,16,21,26,31,36,41,46,51,56'], next run at: 2026-09-17 17:46:56 +07)" executed successfully
2026-09-17 17:46:55,716 INFO apscheduler.executors.default: Running job "main.<locals>.write_heartbeat_job (trigger: interval[0:00:15], next run at: 2026-09-17 17:47:10 +07)" (scheduled at 2026-09-17 17:46:55.715137+07:00)
2026-09-17 17:46:55,719 INFO apscheduler.executors.default: Job "main.<locals>.write_heartbeat_job (trigger: interval[0:00:15], next run at: 2026-09-17 17:47:10 +07)" executed successfully
2026-09-17 17:46:56,012 INFO apscheduler.executors.default: Running job "main.<locals>.run_scan (trigger: cron[second='1,6,11,16,21,26,31,36,41,46,51,56'], next run at: 2026-09-17 17:47:01 +07)" (scheduled at 2026-09-17 17:46:56+07:00)
2026-09-17 17:46:56,720 INFO apscheduler.executors.default: Running job "main.<locals>.check_symbol_switch (trigger: interval[0:01:00], next run at: 2026-09-17 17:47:56 +07)" (scheduled at 2026-09-17 17:46:56.709584+07:00)
2026-09-17 17:46:56,740 INFO apscheduler.executors.default: Job "main.<locals>.check_symbol_switch (trigger: interval[0:01:00], next run at: 2026-09-17 17:47:56 +07)" executed successfully
2026-09-17 17:46:56,741 INFO apscheduler.executors.default: Running job "main.<locals>.run_demo_portfolio_scan (trigger: interval[0:05:00], next run at: 2026-09-17 17:51:56 +07)" (scheduled at 2026-09-17 17:46:56.712132+07:00)
2026-09-17 17:46:56,741 INFO apscheduler.executors.default: Job "main.<locals>.run_demo_portfolio_scan (trigger: interval[0:05:00], next run at: 2026-09-17 17:51:56 +07)" executed successfully
2026-09-17 17:46:56,743 INFO apscheduler.executors.default: Running job "main.<locals>.run_lts_aus_fast_scan (trigger: interval[0:00:05], next run at: 2026-09-17 17:47:01 +07)" (scheduled at 2026-09-17 17:46:56.713136+07:00)
2026-09-17 17:46:56,744 INFO apscheduler.executors.default: Job "main.<locals>.run_lts_aus_fast_scan (trigger: interval[0:00:05], next run at: 2026-09-17 17:47:01 +07)" executed successfully
2026-09-17 17:46:56,744 INFO apscheduler.executors.default: Running job "main.<locals>.run_position_check (trigger: interval[0:00:05], next run at: 2026-09-17 17:47:01 +07)" (scheduled at 2026-09-17 17:46:56.713136+07:00)
2026-09-17 17:46:56,790 INFO apscheduler.executors.default: Job "main.<locals>.run_position_check (trigger: interval[0:00:05], next run at: 2026-09-17 17:47:01 +07)" executed successfully
2026-09-17 17:46:56,790 INFO apscheduler.executors.default: Running job "main.<locals>.run_trail_sl (trigger: interval[0:00:05], next run at: 2026-09-17 17:47:01 +07)" (scheduled at 2026-09-17 17:46:56.713136+07:00)
2026-09-17 17:46:56,794 INFO apscheduler.executors.default: Job "main.<locals>.run_trail_sl (trigger: interval[0:00:05], next run at: 2026-09-17 17:47:01 +07)" executed successfully
2026-09-17 17:46:56,794 INFO apscheduler.executors.default: Running job "main.<locals>.save_bot_state_job (trigger: interval[0:00:15], next run at: 2026-09-17 17:47:11 +07)" (scheduled at 2026-09-17 17:46:56.714136+07:00)
2026-09-17 17:46:56,799 INFO apscheduler.executors.default: Job "main.<locals>.save_bot_state_job (trigger: interval[0:00:15], next run at: 2026-09-17 17:47:11 +07)" executed successfully
2026-09-17 17:46:56,801 INFO apscheduler.executors.default: Running job "main.<locals>.run_watchdog (trigger: interval[0:01:00], next run at: 2026-09-17 17:47:56 +07)" (scheduled at 2026-09-17 17:46:56.715137+07:00)
2026-09-17 17:46:56,811 INFO apscheduler.executors.default: Job "main.<locals>.run_watchdog (trigger: interval[0:01:00], next run at: 2026-09-17 17:47:56 +07)" executed successfully
2026-09-17 17:46:56,916 INFO apscheduler.executors.default: Job "main.<locals>.run_scan (trigger: cron[second='1,6,11,16,21,26,31,36,41,46,51,56'], next run at: 2026-09-17 17:47:01 +07)" executed successfully
2026-09-17 17:46:58,304 INFO httpx: HTTP Request: POST https://api.telegram.org/bot8698852591:AAGLSZSQhC0W0KP9ZeZ9Gkr6k-NFoghMC68/getUpdates "HTTP/1.1 200 OK"
2026-09-17 17:47:01,014 INFO apscheduler.executors.default: Running job "main.<locals>.run_scan (trigger: cron[second='1,6,11,16,21,26,31,36,41,46,51,56'], next run at: 2026-09-17 17:47:06 +07)" (scheduled at 2026-09-17 17:47:01+07:00)
2026-09-17 17:47:01,727 INFO apscheduler.executors.default: Running job "main.<locals>.run_lts_aus_fast_scan (trigger: interval[0:00:05], next run at: 2026-09-17 17:47:06 +07)" (scheduled at 2026-09-17 17:47:01.713136+07:00)
2026-09-17 17:47:01,728 INFO apscheduler.executors.default: Job "main.<locals>.run_lts_aus_fast_scan (trigger: interval[0:00:05], next run at: 2026-09-17 17:47:06 +07)" executed successfully
2026-09-17 17:47:01,729 INFO apscheduler.executors.default: Running job "main.<locals>.run_position_check (trigger: interval[0:00:05], next run at: 2026-09-17 17:47:06 +07)" (scheduled at 2026-09-17 17:47:01.713136+07:00)
2026-09-17 17:47:01,772 INFO apscheduler.executors.default: Job "main.<locals>.run_position_check (trigger: interval[0:00:05], next run at: 2026-09-17 17:47:06 +07)" executed successfully
2026-09-17 17:47:01,772 INFO apscheduler.executors.default: Running job "main.<locals>.run_trail_sl (trigger: interval[0:00:05], next run at: 2026-09-17 17:47:06 +07)" (scheduled at 2026-09-17 17:47:01.713136+07:00)
2026-09-17 17:47:01,774 INFO apscheduler.executors.default: Job "main.<locals>.run_trail_sl (trigger: interval[0:00:05], next run at: 2026-09-17 17:47:06 +07)" executed successfully
2026-09-17 17:47:01,871 INFO apscheduler.executors.default: Job "main.<locals>.run_scan (trigger: cron[second='1,6,11,16,21,26,31,36,41,46,51,56'], next run at: 2026-09-17 17:47:06 +07)" executed successfully
2026-09-17 17:47:06,005 INFO apscheduler.executors.default: Running job "main.<locals>.run_scan (trigger: cron[second='1,6,11,16,21,26,31,36,41,46,51,56'], next run at: 2026-09-17 17:47:11 +07)" (scheduled at 2026-09-17 17:47:06+07:00)
2026-09-17 17:47:06,719 INFO apscheduler.executors.default: Running job "main.<locals>.run_lts_aus_fast_scan (trigger: interval[0:00:05], next run at: 2026-09-17 17:47:11 +07)" (scheduled at 2026-09-17 17:47:06.713136+07:00)
2026-09-17 17:47:06,720 INFO apscheduler.executors.default: Job "main.<locals>.run_lts_aus_fast_scan (trigger: interval[0:00:05], next run at: 2026-09-17 17:47:11 +07)" executed successfully
2026-09-17 17:47:06,722 INFO apscheduler.executors.default: Running job "main.<locals>.run_position_check (trigger: interval[0:00:05], next run at: 2026-09-17 17:47:11 +07)" (scheduled at 2026-09-17 17:47:06.713136+07:00)
2026-09-17 17:47:06,763 INFO apscheduler.executors.default: Job "main.<locals>.run_position_check (trigger: interval[0:00:05], next run at: 2026-09-17 17:47:11 +07)" executed successfully
2026-09-17 17:47:06,763 INFO apscheduler.executors.default: Running job "main.<locals>.run_trail_sl (trigger: interval[0:00:05], next run at: 2026-09-17 17:47:11 +07)" (scheduled at 2026-09-17 17:47:06.713136+07:00)
2026-09-17 17:47:06,765 INFO apscheduler.executors.default: Job "main.<locals>.run_trail_sl (trigger: interval[0:00:05], next run at: 2026-09-17 17:47:11 +07)" executed successfully
2026-09-17 17:47:06,843 INFO apscheduler.executors.default: Job "main.<locals>.run_scan (trigger: cron[second='1,6,11,16,21,26,31,36,41,46,51,56'], next run at: 2026-09-17 17:47:11 +07)" executed successfully
2026-09-17 17:47:08,502 INFO httpx: HTTP Request: POST https://api.telegram.org/bot8698852591:AAGLSZSQhC0W0KP9ZeZ9Gkr6k-NFoghMC68/getUpdates "HTTP/1.1 200 OK"
2026-09-17 17:47:10,725 INFO apscheduler.executors.default: Running job "main.<locals>.write_heartbeat_job (trigger: interval[0:00:15], next run at: 2026-09-17 17:47:25 +07)" (scheduled at 2026-09-17 17:47:10.715137+07:00)
2026-09-17 17:47:10,728 INFO apscheduler.executors.default: Job "main.<locals>.write_heartbeat_job (trigger: interval[0:00:15], next run at: 2026-09-17 17:47:25 +07)" executed successfully
2026-09-17 17:47:11,006 INFO apscheduler.executors.default: Running job "main.<locals>.run_scan (trigger: cron[second='1,6,11,16,21,26,31,36,41,46,51,56'], next run at: 2026-09-17 17:47:16 +07)" (scheduled at 2026-09-17 17:47:11+07:00)
2026-09-17 17:47:11,726 INFO apscheduler.executors.default: Running job "main.<locals>.run_lts_aus_fast_scan (trigger: interval[0:00:05], next run at: 2026-09-17 17:47:16 +07)" (scheduled at 2026-09-17 17:47:11.713136+07:00)
2026-09-17 17:47:11,727 INFO apscheduler.executors.default: Job "main.<locals>.run_lts_aus_fast_scan (trigger: interval[0:00:05], next run at: 2026-09-17 17:47:16 +07)" executed successfully
2026-09-17 17:47:11,728 INFO apscheduler.executors.default: Running job "main.<locals>.run_position_check (trigger: interval[0:00:05], next run at: 2026-09-17 17:47:16 +07)" (scheduled at 2026-09-17 17:47:11.713136+07:00)
2026-09-17 17:47:11,770 INFO apscheduler.executors.default: Job "main.<locals>.run_position_check (trigger: interval[0:00:05], next run at: 2026-09-17 17:47:16 +07)" executed successfully
2026-09-17 17:47:11,771 INFO apscheduler.executors.default: Running job "main.<locals>.run_trail_sl (trigger: interval[0:00:05], next run at: 2026-09-17 17:47:16 +07)" (scheduled at 2026-09-17 17:47:11.713136+07:00)
2026-09-17 17:47:11,773 INFO apscheduler.executors.default: Job "main.<locals>.run_trail_sl (trigger: interval[0:00:05], next run at: 2026-09-17 17:47:16 +07)" executed successfully
2026-09-17 17:47:11,773 INFO apscheduler.executors.default: Running job "main.<locals>.save_bot_state_job (trigger: interval[0:00:15], next run at: 2026-09-17 17:47:26 +07)" (scheduled at 2026-09-17 17:47:11.714136+07:00)
2026-09-17 17:47:11,778 INFO apscheduler.executors.default: Job "main.<locals>.save_bot_state_job (trigger: interval[0:00:15], next run at: 2026-09-17 17:47:26 +07)" executed successfully
2026-09-17 17:47:11,963 INFO apscheduler.executors.default: Job "main.<locals>.run_scan (trigger: cron[second='1,6,11,16,21,26,31,36,41,46,51,56'], next run at: 2026-09-17 17:47:16 +07)" executed successfully
2026-09-17 17:47:16,005 INFO apscheduler.executors.default: Running job "main.<locals>.run_scan (trigger: cron[second='1,6,11,16,21,26,31,36,41,46,51,56'], next run at: 2026-09-17 17:47:21 +07)" (scheduled at 2026-09-17 17:47:16+07:00)
2026-09-17 17:47:16,723 INFO apscheduler.executors.default: Running job "main.<locals>.run_lts_aus_fast_scan (trigger: interval[0:00:05], next run at: 2026-09-17 17:47:21 +07)" (scheduled at 2026-09-17 17:47:16.713136+07:00)
2026-09-17 17:47:16,724 INFO apscheduler.executors.default: Job "main.<locals>.run_lts_aus_fast_scan (trigger: interval[0:00:05], next run at: 2026-09-17 17:47:21 +07)" executed successfully
2026-09-17 17:47:16,724 INFO apscheduler.executors.default: Running job "main.<locals>.run_position_check (trigger: interval[0:00:05], next run at: 2026-09-17 17:47:21 +07)" (scheduled at 2026-09-17 17:47:16.713136+07:00)
2026-09-17 17:47:16,768 INFO apscheduler.executors.default: Job "main.<locals>.run_position_check (trigger: interval[0:00:05], next run at: 2026-09-17 17:47:21 +07)" executed successfully
2026-09-17 17:47:16,769 INFO apscheduler.executors.default: Running job "main.<locals>.run_trail_sl (trigger: interval[0:00:05], next run at: 2026-09-17 17:47:21 +07)" (scheduled at 2026-09-17 17:47:16.713136+07:00)
2026-09-17 17:47:16,771 INFO apscheduler.executors.default: Job "main.<locals>.run_trail_sl (trigger: interval[0:00:05], next run at: 2026-09-17 17:47:21 +07)" executed successfully
2026-09-17 17:47:16,855 INFO apscheduler.executors.default: Job "main.<locals>.run_scan (trigger: cron[second='1,6,11,16,21,26,31,36,41,46,51,56'], next run at: 2026-09-17 17:47:21 +07)" executed successfully
2026-09-17 17:47:18,699 INFO httpx: HTTP Request: POST https://api.telegram.org/bot8698852591:AAGLSZSQhC0W0KP9ZeZ9Gkr6k-NFoghMC68/getUpdates "HTTP/1.1 200 OK"
2026-09-17 17:47:21,014 INFO apscheduler.executors.default: Running job "main.<locals>.run_scan (trigger: cron[second='1,6,11,16,21,26,31,36,41,46,51,56'], next run at: 2026-09-17 17:47:26 +07)" (scheduled at 2026-09-17 17:47:21+07:00)
2026-09-17 17:47:21,727 INFO apscheduler.executors.default: Running job "main.<locals>.run_lts_aus_fast_scan (trigger: interval[0:00:05], next run at: 2026-09-17 17:47:26 +07)" (scheduled at 2026-09-17 17:47:21.713136+07:00)
2026-09-17 17:47:21,728 INFO apscheduler.executors.default: Job "main.<locals>.run_lts_aus_fast_scan (trigger: interval[0:00:05], next run at: 2026-09-17 17:47:26 +07)" executed successfully
2026-09-17 17:47:21,729 INFO apscheduler.executors.default: Running job "main.<locals>.run_position_check (trigger: interval[0:00:05], next run at: 2026-09-17 17:47:26 +07)" (scheduled at 2026-09-17 17:47:21.713136+07:00)
2026-09-17 17:47:21,770 INFO apscheduler.executors.default: Job "main.<locals>.run_position_check (trigger: interval[0:00:05], next run at: 2026-09-17 17:47:26 +07)" executed successfully
2026-09-17 17:47:21,770 INFO apscheduler.executors.default: Running job "main.<locals>.run_trail_sl (trigger: interval[0:00:05], next run at: 2026-09-17 17:47:26 +07)" (scheduled at 2026-09-17 17:47:21.713136+07:00)
2026-09-17 17:47:21,772 INFO apscheduler.executors.default: Job "main.<locals>.run_trail_sl (trigger: interval[0:00:05], next run at: 2026-09-17 17:47:26 +07)" executed successfully
2026-09-17 17:47:21,841 INFO apscheduler.executors.default: Job "main.<locals>.run_scan (trigger: cron[second='1,6,11,16,21,26,31,36,41,46,51,56'], next run at: 2026-09-17 17:47:26 +07)" executed successfully
2026-09-17 17:47:25,723 INFO apscheduler.executors.default: Running job "main.<locals>.write_heartbeat_job (trigger: interval[0:00:15], next run at: 2026-09-17 17:47:40 +07)" (scheduled at 2026-09-17 17:47:25.715137+07:00)
2026-09-17 17:47:25,728 INFO apscheduler.executors.default: Job "main.<locals>.write_heartbeat_job (trigger: interval[0:00:15], next run at: 2026-09-17 17:47:40 +07)" executed successfully
2026-09-17 17:47:26,018 INFO apscheduler.executors.default: Running job "main.<locals>.run_scan (trigger: cron[second='1,6,11,16,21,26,31,36,41,46,51,56'], next run at: 2026-09-17 17:47:31 +07)" (scheduled at 2026-09-17 17:47:26+07:00)
2026-09-17 17:47:26,723 INFO apscheduler.executors.default: Running job "main.<locals>.run_lts_aus_fast_scan (trigger: interval[0:00:05], next run at: 2026-09-17 17:47:31 +07)" (scheduled at 2026-09-17 17:47:26.713136+07:00)
2026-09-17 17:47:26,725 INFO apscheduler.executors.default: Job "main.<locals>.run_lts_aus_fast_scan (trigger: interval[0:00:05], next run at: 2026-09-17 17:47:31 +07)" executed successfully
2026-09-17 17:47:26,725 INFO apscheduler.executors.default: Running job "main.<locals>.run_position_check (trigger: interval[0:00:05], next run at: 2026-09-17 17:47:31 +07)" (scheduled at 2026-09-17 17:47:26.713136+07:00)
2026-09-17 17:47:26,766 INFO apscheduler.executors.default: Job "main.<locals>.run_position_check (trigger: interval[0:00:05], next run at: 2026-09-17 17:47:31 +07)" executed successfully
2026-09-17 17:47:26,766 INFO apscheduler.executors.default: Running job "main.<locals>.run_trail_sl (trigger: interval[0:00:05], next run at: 2026-09-17 17:47:31 +07)" (scheduled at 2026-09-17 17:47:26.713136+07:00)
2026-09-17 17:47:26,768 INFO apscheduler.executors.default: Job "main.<locals>.run_trail_sl (trigger: interval[0:00:05], next run at: 2026-09-17 17:47:31 +07)" executed successfully
2026-09-17 17:47:26,768 INFO apscheduler.executors.default: Running job "main.<locals>.save_bot_state_job (trigger: interval[0:00:15], next run at: 2026-09-17 17:47:41 +07)" (scheduled at 2026-09-17 17:47:26.714136+07:00)
2026-09-17 17:47:26,772 INFO apscheduler.executors.default: Job "main.<locals>.save_bot_state_job (trigger: interval[0:00:15], next run at: 2026-09-17 17:47:41 +07)" executed successfully
2026-09-17 17:47:26,852 INFO apscheduler.executors.default: Job "main.<locals>.run_scan (trigger: cron[second='1,6,11,16,21,26,31,36,41,46,51,56'], next run at: 2026-09-17 17:47:31 +07)" executed successfully
2026-09-17 17:47:28,892 INFO httpx: HTTP Request: POST https://api.telegram.org/bot8698852591:AAGLSZSQhC0W0KP9ZeZ9Gkr6k-NFoghMC68/getUpdates "HTTP/1.1 200 OK"
2026-09-17 17:47:31,001 INFO apscheduler.executors.default: Running job "main.<locals>.run_scan (trigger: cron[second='1,6,11,16,21,26,31,36,41,46,51,56'], next run at: 2026-09-17 17:47:36 +07)" (scheduled at 2026-09-17 17:47:31+07:00)
2026-09-17 17:47:31,718 INFO apscheduler.executors.default: Running job "main.<locals>.run_lts_aus_fast_scan (trigger: interval[0:00:05], next run at: 2026-09-17 17:47:36 +07)" (scheduled at 2026-09-17 17:47:31.713136+07:00)
2026-09-17 17:47:31,719 INFO apscheduler.executors.default: Job "main.<locals>.run_lts_aus_fast_scan (trigger: interval[0:00:05], next run at: 2026-09-17 17:47:36 +07)" executed successfully
2026-09-17 17:47:31,719 INFO apscheduler.executors.default: Running job "main.<locals>.run_position_check (trigger: interval[0:00:05], next run at: 2026-09-17 17:47:36 +07)" (scheduled at 2026-09-17 17:47:31.713136+07:00)
2026-09-17 17:47:31,758 INFO apscheduler.executors.default: Job "main.<locals>.run_position_check (trigger: interval[0:00:05], next run at: 2026-09-17 17:47:36 +07)" executed successfully
2026-09-17 17:47:31,758 INFO apscheduler.executors.default: Running job "main.<locals>.run_trail_sl (trigger: interval[0:00:05], next run at: 2026-09-17 17:47:36 +07)" (scheduled at 2026-09-17 17:47:31.713136+07:00)
2026-09-17 17:47:31,760 INFO apscheduler.executors.default: Job "main.<locals>.run_trail_sl (trigger: interval[0:00:05], next run at: 2026-09-17 17:47:36 +07)" executed successfully
2026-09-17 17:47:31,815 INFO apscheduler.executors.default: Job "main.<locals>.run_scan (trigger: cron[second='1,6,11,16,21,26,31,36,41,46,51,56'], next run at: 2026-09-17 17:47:36 +07)" executed successfully
2026-09-17 17:47:36,009 INFO apscheduler.executors.default: Running job "main.<locals>.run_scan (trigger: cron[second='1,6,11,16,21,26,31,36,41,46,51,56'], next run at: 2026-09-17 17:47:41 +07)" (scheduled at 2026-09-17 17:47:36+07:00)
2026-09-17 17:47:36,723 INFO apscheduler.executors.default: Running job "main.<locals>.run_lts_aus_fast_scan (trigger: interval[0:00:05], next run at: 2026-09-17 17:47:41 +07)" (scheduled at 2026-09-17 17:47:36.713136+07:00)
2026-09-17 17:47:36,724 INFO apscheduler.executors.default: Job "main.<locals>.run_lts_aus_fast_scan (trigger: interval[0:00:05], next run at: 2026-09-17 17:47:41 +07)" executed successfully
2026-09-17 17:47:36,725 INFO apscheduler.executors.default: Running job "main.<locals>.run_position_check (trigger: interval[0:00:05], next run at: 2026-09-17 17:47:41 +07)" (scheduled at 2026-09-17 17:47:36.713136+07:00)
2026-09-17 17:47:36,780 INFO apscheduler.executors.default: Job "main.<locals>.run_position_check (trigger: interval[0:00:05], next run at: 2026-09-17 17:47:41 +07)" executed successfully
2026-09-17 17:47:36,780 INFO apscheduler.executors.default: Running job "main.<locals>.run_trail_sl (trigger: interval[0:00:05], next run at: 2026-09-17 17:47:41 +07)" (scheduled at 2026-09-17 17:47:36.713136+07:00)
2026-09-17 17:47:36,783 INFO apscheduler.executors.default: Job "main.<locals>.run_trail_sl (trigger: interval[0:00:05], next run at: 2026-09-17 17:47:41 +07)" executed successfully
2026-09-17 17:47:36,882 INFO apscheduler.executors.default: Job "main.<locals>.run_scan (trigger: cron[second='1,6,11,16,21,26,31,36,41,46,51,56'], next run at: 2026-09-17 17:47:41 +07)" executed successfully
2026-09-17 17:47:39,085 INFO httpx: HTTP Request: POST https://api.telegram.org/bot8698852591:AAGLSZSQhC0W0KP9ZeZ9Gkr6k-NFoghMC68/getUpdates "HTTP/1.1 200 OK"
2026-09-17 17:47:40,726 INFO apscheduler.executors.default: Running job "main.<locals>.write_heartbeat_job (trigger: interval[0:00:15], next run at: 2026-09-17 17:47:55 +07)" (scheduled at 2026-09-17 17:47:40.715137+07:00)
2026-09-17 17:47:40,730 INFO apscheduler.executors.default: Job "main.<locals>.write_heartbeat_job (trigger: interval[0:00:15], next run at: 2026-09-17 17:47:55 +07)" executed successfully
2026-09-17 17:47:41,018 INFO apscheduler.executors.default: Running job "main.<locals>.run_scan (trigger: cron[second='1,6,11,16,21,26,31,36,41,46,51,56'], next run at: 2026-09-17 17:47:46 +07)" (scheduled at 2026-09-17 17:47:41+07:00)
2026-09-17 17:47:41,738 INFO apscheduler.executors.default: Running job "main.<locals>.run_lts_aus_fast_scan (trigger: interval[0:00:05], next run at: 2026-09-17 17:47:46 +07)" (scheduled at 2026-09-17 17:47:41.713136+07:00)
2026-09-17 17:47:41,738 INFO apscheduler.executors.default: Job "main.<locals>.run_lts_aus_fast_scan (trigger: interval[0:00:05], next run at: 2026-09-17 17:47:46 +07)" executed successfully
2026-09-17 17:47:41,739 INFO apscheduler.executors.default: Running job "main.<locals>.run_position_check (trigger: interval[0:00:05], next run at: 2026-09-17 17:47:46 +07)" (scheduled at 2026-09-17 17:47:41.713136+07:00)
2026-09-17 17:47:41,779 INFO apscheduler.executors.default: Job "main.<locals>.run_position_check (trigger: interval[0:00:05], next run at: 2026-09-17 17:47:46 +07)" executed successfully
2026-09-17 17:47:41,780 INFO apscheduler.executors.default: Running job "main.<locals>.run_trail_sl (trigger: interval[0:00:05], next run at: 2026-09-17 17:47:46 +07)" (scheduled at 2026-09-17 17:47:41.713136+07:00)
2026-09-17 17:47:41,782 INFO apscheduler.executors.default: Job "main.<locals>.run_trail_sl (trigger: interval[0:00:05], next run at: 2026-09-17 17:47:46 +07)" executed successfully
2026-09-17 17:47:41,782 INFO apscheduler.executors.default: Running job "main.<locals>.save_bot_state_job (trigger: interval[0:00:15], next run at: 2026-09-17 17:47:56 +07)" (scheduled at 2026-09-17 17:47:41.714136+07:00)
2026-09-17 17:47:41,786 INFO apscheduler.executors.default: Job "main.<locals>.save_bot_state_job (trigger: interval[0:00:15], next run at: 2026-09-17 17:47:56 +07)" executed successfully
2026-09-17 17:47:41,872 INFO apscheduler.executors.default: Job "main.<locals>.run_scan (trigger: cron[second='1,6,11,16,21,26,31,36,41,46,51,56'], next run at: 2026-09-17 17:47:46 +07)" executed successfully
2026-09-17 17:47:46,022 INFO apscheduler.executors.default: Running job "main.<locals>.run_scan (trigger: cron[second='1,6,11,16,21,26,31,36,41,46,51,56'], next run at: 2026-09-17 17:47:51 +07)" (scheduled at 2026-09-17 17:47:46+07:00)
2026-09-17 17:47:46,727 INFO apscheduler.executors.default: Running job "main.<locals>.run_lts_aus_fast_scan (trigger: interval[0:00:05], next run at: 2026-09-17 17:47:51 +07)" (scheduled at 2026-09-17 17:47:46.713136+07:00)
2026-09-17 17:47:46,728 INFO apscheduler.executors.default: Job "main.<locals>.run_lts_aus_fast_scan (trigger: interval[0:00:05], next run at: 2026-09-17 17:47:51 +07)" executed successfully
2026-09-17 17:47:46,728 INFO apscheduler.executors.default: Running job "main.<locals>.run_position_check (trigger: interval[0:00:05], next run at: 2026-09-17 17:47:51 +07)" (scheduled at 2026-09-17 17:47:46.713136+07:00)
2026-09-17 17:47:46,770 INFO apscheduler.executors.default: Job "main.<locals>.run_position_check (trigger: interval[0:00:05], next run at: 2026-09-17 17:47:51 +07)" executed successfully
2026-09-17 17:47:46,770 INFO apscheduler.executors.default: Running job "main.<locals>.run_trail_sl (trigger: interval[0:00:05], next run at: 2026-09-17 17:47:51 +07)" (scheduled at 2026-09-17 17:47:46.713136+07:00)
2026-09-17 17:47:46,772 INFO apscheduler.executors.default: Job "main.<locals>.run_trail_sl (trigger: interval[0:00:05], next run at: 2026-09-17 17:47:51 +07)" executed successfully
2026-09-17 17:47:46,857 INFO apscheduler.executors.default: Job "main.<locals>.run_scan (trigger: cron[second='1,6,11,16,21,26,31,36,41,46,51,56'], next run at: 2026-09-17 17:47:51 +07)" executed successfully
2026-09-17 17:47:49,314 INFO httpx: HTTP Request: POST https://api.telegram.org/bot8698852591:AAGLSZSQhC0W0KP9ZeZ9Gkr6k-NFoghMC68/getUpdates "HTTP/1.1 200 OK"
2026-09-17 17:47:51,008 INFO apscheduler.executors.default: Running job "main.<locals>.run_scan (trigger: cron[second='1,6,11,16,21,26,31,36,41,46,51,56'], next run at: 2026-09-17 17:47:56 +07)" (scheduled at 2026-09-17 17:47:51+07:00)
2026-09-17 17:47:51,724 INFO apscheduler.executors.default: Running job "main.<locals>.run_lts_aus_fast_scan (trigger: interval[0:00:05], next run at: 2026-09-17 17:47:56 +07)" (scheduled at 2026-09-17 17:47:51.713136+07:00)
2026-09-17 17:47:51,725 INFO apscheduler.executors.default: Job "main.<locals>.run_lts_aus_fast_scan (trigger: interval[0:00:05], next run at: 2026-09-17 17:47:56 +07)" executed successfully
2026-09-17 17:47:51,726 INFO apscheduler.executors.default: Running job "main.<locals>.run_position_check (trigger: interval[0:00:05], next run at: 2026-09-17 17:47:56 +07)" (scheduled at 2026-09-17 17:47:51.713136+07:00)
2026-09-17 17:47:51,771 INFO apscheduler.executors.default: Job "main.<locals>.run_position_check (trigger: interval[0:00:05], next run at: 2026-09-17 17:47:56 +07)" executed successfully
2026-09-17 17:47:51,772 INFO apscheduler.executors.default: Running job "main.<locals>.run_trail_sl (trigger: interval[0:00:05], next run at: 2026-09-17 17:47:56 +07)" (scheduled at 2026-09-17 17:47:51.713136+07:00)
2026-09-17 17:47:51,773 INFO apscheduler.executors.default: Job "main.<locals>.run_trail_sl (trigger: interval[0:00:05], next run at: 2026-09-17 17:47:56 +07)" executed successfully
2026-09-17 17:47:51,894 INFO apscheduler.executors.default: Job "main.<locals>.run_scan (trigger: cron[second='1,6,11,16,21,26,31,36,41,46,51,56'], next run at: 2026-09-17 17:47:56 +07)" executed successfully
2026-09-17 17:47:55,723 INFO apscheduler.executors.default: Running job "main.<locals>.write_heartbeat_job (trigger: interval[0:00:15], next run at: 2026-09-17 17:48:10 +07)" (scheduled at 2026-09-17 17:47:55.715137+07:00)
2026-09-17 17:47:55,728 INFO apscheduler.executors.default: Job "main.<locals>.write_heartbeat_job (trigger: interval[0:00:15], next run at: 2026-09-17 17:48:10 +07)" executed successfully
2026-09-17 17:47:56,021 INFO apscheduler.executors.default: Running job "main.<locals>.run_scan (trigger: cron[second='1,6,11,16,21,26,31,36,41,46,51,56'], next run at: 2026-09-17 17:48:01 +07)" (scheduled at 2026-09-17 17:47:56+07:00)
2026-09-17 17:47:56,721 INFO apscheduler.executors.default: Running job "main.<locals>.check_symbol_switch (trigger: interval[0:01:00], next run at: 2026-09-17 17:48:56 +07)" (scheduled at 2026-09-17 17:47:56.709584+07:00)
2026-09-17 17:47:56,742 INFO apscheduler.executors.default: Job "main.<locals>.check_symbol_switch (trigger: interval[0:01:00], next run at: 2026-09-17 17:48:56 +07)" executed successfully
2026-09-17 17:47:56,743 INFO apscheduler.executors.default: Running job "main.<locals>.run_lts_aus_fast_scan (trigger: interval[0:00:05], next run at: 2026-09-17 17:48:01 +07)" (scheduled at 2026-09-17 17:47:56.713136+07:00)
2026-09-17 17:47:56,744 INFO apscheduler.executors.default: Job "main.<locals>.run_lts_aus_fast_scan (trigger: interval[0:00:05], next run at: 2026-09-17 17:48:01 +07)" executed successfully
2026-09-17 17:47:56,744 INFO apscheduler.executors.default: Running job "main.<locals>.run_position_check (trigger: interval[0:00:05], next run at: 2026-09-17 17:48:01 +07)" (scheduled at 2026-09-17 17:47:56.713136+07:00)
2026-09-17 17:47:56,786 INFO apscheduler.executors.default: Job "main.<locals>.run_position_check (trigger: interval[0:00:05], next run at: 2026-09-17 17:48:01 +07)" executed successfully
2026-09-17 17:47:56,788 INFO apscheduler.executors.default: Running job "main.<locals>.run_trail_sl (trigger: interval[0:00:05], next run at: 2026-09-17 17:48:01 +07)" (scheduled at 2026-09-17 17:47:56.713136+07:00)
2026-09-17 17:47:56,790 INFO apscheduler.executors.default: Job "main.<locals>.run_trail_sl (trigger: interval[0:00:05], next run at: 2026-09-17 17:48:01 +07)" executed successfully
2026-09-17 17:47:56,790 INFO apscheduler.executors.default: Running job "main.<locals>.save_bot_state_job (trigger: interval[0:00:15], next run at: 2026-09-17 17:48:11 +07)" (scheduled at 2026-09-17 17:47:56.714136+07:00)
2026-09-17 17:47:56,795 INFO apscheduler.executors.default: Job "main.<locals>.save_bot_state_job (trigger: interval[0:00:15], next run at: 2026-09-17 17:48:11 +07)" executed successfully
2026-09-17 17:47:56,797 INFO apscheduler.executors.default: Running job "main.<locals>.run_watchdog (trigger: interval[0:01:00], next run at: 2026-09-17 17:48:56 +07)" (scheduled at 2026-09-17 17:47:56.715137+07:00)
2026-09-17 17:47:56,805 INFO apscheduler.executors.default: Job "main.<locals>.run_watchdog (trigger: interval[0:01:00], next run at: 2026-09-17 17:48:56 +07)" executed successfully
2026-09-17 17:47:56,895 INFO apscheduler.executors.default: Job "main.<locals>.run_scan (trigger: cron[second='1,6,11,16,21,26,31,36,41,46,51,56'], next run at: 2026-09-17 17:48:01 +07)" executed successfully
2026-09-17 17:47:59,507 INFO httpx: HTTP Request: POST https://api.telegram.org/bot8698852591:AAGLSZSQhC0W0KP9ZeZ9Gkr6k-NFoghMC68/getUpdates "HTTP/1.1 200 OK"
2026-09-17 17:48:01,018 INFO apscheduler.executors.default: Running job "main.<locals>.run_scan (trigger: cron[second='1,6,11,16,21,26,31,36,41,46,51,56'], next run at: 2026-09-17 17:48:06 +07)" (scheduled at 2026-09-17 17:48:01+07:00)
2026-09-17 17:48:01,714 INFO apscheduler.executors.default: Running job "main.<locals>.run_lts_aus_fast_scan (trigger: interval[0:00:05], next run at: 2026-09-17 17:48:06 +07)" (scheduled at 2026-09-17 17:48:01.713136+07:00)
2026-09-17 17:48:01,714 INFO apscheduler.executors.default: Job "main.<locals>.run_lts_aus_fast_scan (trigger: interval[0:00:05], next run at: 2026-09-17 17:48:06 +07)" executed successfully
2026-09-17 17:48:01,716 INFO apscheduler.executors.default: Running job "main.<locals>.run_position_check (trigger: interval[0:00:05], next run at: 2026-09-17 17:48:06 +07)" (scheduled at 2026-09-17 17:48:01.713136+07:00)
2026-09-17 17:48:01,762 INFO apscheduler.executors.default: Job "main.<locals>.run_position_check (trigger: interval[0:00:05], next run at: 2026-09-17 17:48:06 +07)" executed successfully
2026-09-17 17:48:01,763 INFO apscheduler.executors.default: Running job "main.<locals>.run_trail_sl (trigger: interval[0:00:05], next run at: 2026-09-17 17:48:06 +07)" (scheduled at 2026-09-17 17:48:01.713136+07:00)
2026-09-17 17:48:01,765 INFO apscheduler.executors.default: Job "main.<locals>.run_trail_sl (trigger: interval[0:00:05], next run at: 2026-09-17 17:48:06 +07)" executed successfully
2026-09-17 17:48:01,891 INFO apscheduler.executors.default: Job "main.<locals>.run_scan (trigger: cron[second='1,6,11,16,21,26,31,36,41,46,51,56'], next run at: 2026-09-17 17:48:06 +07)" executed successfully
2026-09-17 17:48:06,003 INFO apscheduler.executors.default: Running job "main.<locals>.run_scan (trigger: cron[second='1,6,11,16,21,26,31,36,41,46,51,56'], next run at: 2026-09-17 17:48:11 +07)" (scheduled at 2026-09-17 17:48:06+07:00)
2026-09-17 17:48:06,718 INFO apscheduler.executors.default: Running job "main.<locals>.run_lts_aus_fast_scan (trigger: interval[0:00:05], next run at: 2026-09-17 17:48:11 +07)" (scheduled at 2026-09-17 17:48:06.713136+07:00)
2026-09-17 17:48:06,719 INFO apscheduler.executors.default: Job "main.<locals>.run_lts_aus_fast_scan (trigger: interval[0:00:05], next run at: 2026-09-17 17:48:11 +07)" executed successfully
2026-09-17 17:48:06,719 INFO apscheduler.executors.default: Running job "main.<locals>.run_position_check (trigger: interval[0:00:05], next run at: 2026-09-17 17:48:11 +07)" (scheduled at 2026-09-17 17:48:06.713136+07:00)
2026-09-17 17:48:06,768 INFO apscheduler.executors.default: Job "main.<locals>.run_position_check (trigger: interval[0:00:05], next run at: 2026-09-17 17:48:11 +07)" executed successfully
2026-09-17 17:48:06,769 INFO apscheduler.executors.default: Running job "main.<locals>.run_trail_sl (trigger: interval[0:00:05], next run at: 2026-09-17 17:48:11 +07)" (scheduled at 2026-09-17 17:48:06.713136+07:00)
2026-09-17 17:48:06,772 INFO apscheduler.executors.default: Job "main.<locals>.run_trail_sl (trigger: interval[0:00:05], next run at: 2026-09-17 17:48:11 +07)" executed successfully
2026-09-17 17:48:06,897 INFO apscheduler.executors.default: Job "main.<locals>.run_scan (trigger: cron[second='1,6,11,16,21,26,31,36,41,46,51,56'], next run at: 2026-09-17 17:48:11 +07)" executed successfully
2026-09-17 17:48:09,700 INFO httpx: HTTP Request: POST https://api.telegram.org/bot8698852591:AAGLSZSQhC0W0KP9ZeZ9Gkr6k-NFoghMC68/getUpdates "HTTP/1.1 200 OK"
2026-09-17 17:48:10,725 INFO apscheduler.executors.default: Running job "main.<locals>.write_heartbeat_job (trigger: interval[0:00:15], next run at: 2026-09-17 17:48:25 +07)" (scheduled at 2026-09-17 17:48:10.715137+07:00)
2026-09-17 17:48:10,728 INFO apscheduler.executors.default: Job "main.<locals>.write_heartbeat_job (trigger: interval[0:00:15], next run at: 2026-09-17 17:48:25 +07)" executed successfully
2026-09-17 17:48:11,006 INFO apscheduler.executors.default: Running job "main.<locals>.run_scan (trigger: cron[second='1,6,11,16,21,26,31,36,41,46,51,56'], next run at: 2026-09-17 17:48:16 +07)" (scheduled at 2026-09-17 17:48:11+07:00)
2026-09-17 17:48:11,721 INFO apscheduler.executors.default: Running job "main.<locals>.run_lts_aus_fast_scan (trigger: interval[0:00:05], next run at: 2026-09-17 17:48:16 +07)" (scheduled at 2026-09-17 17:48:11.713136+07:00)
2026-09-17 17:48:11,721 INFO apscheduler.executors.default: Job "main.<locals>.run_lts_aus_fast_scan (trigger: interval[0:00:05], next run at: 2026-09-17 17:48:16 +07)" executed successfully
2026-09-17 17:48:11,722 INFO apscheduler.executors.default: Running job "main.<locals>.run_position_check (trigger: interval[0:00:05], next run at: 2026-09-17 17:48:16 +07)" (scheduled at 2026-09-17 17:48:11.713136+07:00)
2026-09-17 17:48:11,764 INFO apscheduler.executors.default: Job "main.<locals>.run_position_check (trigger: interval[0:00:05], next run at: 2026-09-17 17:48:16 +07)" executed successfully
2026-09-17 17:48:11,764 INFO apscheduler.executors.default: Running job "main.<locals>.run_trail_sl (trigger: interval[0:00:05], next run at: 2026-09-17 17:48:16 +07)" (scheduled at 2026-09-17 17:48:11.713136+07:00)
2026-09-17 17:48:11,766 INFO apscheduler.executors.default: Job "main.<locals>.run_trail_sl (trigger: interval[0:00:05], next run at: 2026-09-17 17:48:16 +07)" executed successfully
2026-09-17 17:48:11,767 INFO apscheduler.executors.default: Running job "main.<locals>.save_bot_state_job (trigger: interval[0:00:15], next run at: 2026-09-17 17:48:26 +07)" (scheduled at 2026-09-17 17:48:11.714136+07:00)
2026-09-17 17:48:11,772 INFO apscheduler.executors.default: Job "main.<locals>.save_bot_state_job (trigger: interval[0:00:15], next run at: 2026-09-17 17:48:26 +07)" executed successfully
2026-09-17 17:48:11,858 INFO apscheduler.executors.default: Job "main.<locals>.run_scan (trigger: cron[second='1,6,11,16,21,26,31,36,41,46,51,56'], next run at: 2026-09-17 17:48:16 +07)" executed successfully
2026-09-17 17:48:16,025 INFO apscheduler.executors.default: Running job "main.<locals>.run_scan (trigger: cron[second='1,6,11,16,21,26,31,36,41,46,51,56'], next run at: 2026-09-17 17:48:21 +07)" (scheduled at 2026-09-17 17:48:16+07:00)
2026-09-17 17:48:16,724 INFO apscheduler.executors.default: Running job "main.<locals>.run_lts_aus_fast_scan (trigger: interval[0:00:05], next run at: 2026-09-17 17:48:21 +07)" (scheduled at 2026-09-17 17:48:16.713136+07:00)
2026-09-17 17:48:16,724 INFO apscheduler.executors.default: Job "main.<locals>.run_lts_aus_fast_scan (trigger: interval[0:00:05], next run at: 2026-09-17 17:48:21 +07)" executed successfully
2026-09-17 17:48:16,725 INFO apscheduler.executors.default: Running job "main.<locals>.run_position_check (trigger: interval[0:00:05], next run at: 2026-09-17 17:48:21 +07)" (scheduled at 2026-09-17 17:48:16.713136+07:00)
2026-09-17 17:48:16,765 INFO apscheduler.executors.default: Job "main.<locals>.run_position_check (trigger: interval[0:00:05], next run at: 2026-09-17 17:48:21 +07)" executed successfully
2026-09-17 17:48:16,766 INFO apscheduler.executors.default: Running job "main.<locals>.run_trail_sl (trigger: interval[0:00:05], next run at: 2026-09-17 17:48:21 +07)" (scheduled at 2026-09-17 17:48:16.713136+07:00)
2026-09-17 17:48:16,768 INFO apscheduler.executors.default: Job "main.<locals>.run_trail_sl (trigger: interval[0:00:05], next run at: 2026-09-17 17:48:21 +07)" executed successfully
2026-09-17 17:48:16,882 INFO apscheduler.executors.default: Job "main.<locals>.run_scan (trigger: cron[second='1,6,11,16,21,26,31,36,41,46,51,56'], next run at: 2026-09-17 17:48:21 +07)" executed successfully
2026-09-17 17:48:19,900 INFO httpx: HTTP Request: POST https://api.telegram.org/bot8698852591:AAGLSZSQhC0W0KP9ZeZ9Gkr6k-NFoghMC68/getUpdates "HTTP/1.1 200 OK"
2026-09-17 17:48:21,009 INFO apscheduler.executors.default: Running job "main.<locals>.run_scan (trigger: cron[second='1,6,11,16,21,26,31,36,41,46,51,56'], next run at: 2026-09-17 17:48:26 +07)" (scheduled at 2026-09-17 17:48:21+07:00)
2026-09-17 17:48:21,718 INFO apscheduler.executors.default: Running job "main.<locals>.run_lts_aus_fast_scan (trigger: interval[0:00:05], next run at: 2026-09-17 17:48:26 +07)" (scheduled at 2026-09-17 17:48:21.713136+07:00)
2026-09-17 17:48:21,718 INFO apscheduler.executors.default: Job "main.<locals>.run_lts_aus_fast_scan (trigger: interval[0:00:05], next run at: 2026-09-17 17:48:26 +07)" executed successfully
2026-09-17 17:48:21,720 INFO apscheduler.executors.default: Running job "main.<locals>.run_position_check (trigger: interval[0:00:05], next run at: 2026-09-17 17:48:26 +07)" (scheduled at 2026-09-17 17:48:21.713136+07:00)
2026-09-17 17:48:21,763 INFO apscheduler.executors.default: Job "main.<locals>.run_position_check (trigger: interval[0:00:05], next run at: 2026-09-17 17:48:26 +07)" executed successfully
2026-09-17 17:48:21,764 INFO apscheduler.executors.default: Running job "main.<locals>.run_trail_sl (trigger: interval[0:00:05], next run at: 2026-09-17 17:48:26 +07)" (scheduled at 2026-09-17 17:48:21.713136+07:00)
2026-09-17 17:48:21,765 INFO apscheduler.executors.default: Job "main.<locals>.run_trail_sl (trigger: interval[0:00:05], next run at: 2026-09-17 17:48:26 +07)" executed successfully
2026-09-17 17:48:21,860 INFO apscheduler.executors.default: Job "main.<locals>.run_scan (trigger: cron[second='1,6,11,16,21,26,31,36,41,46,51,56'], next run at: 2026-09-17 17:48:26 +07)" executed successfully
2026-09-17 17:48:25,725 INFO apscheduler.executors.default: Running job "main.<locals>.write_heartbeat_job (trigger: interval[0:00:15], next run at: 2026-09-17 17:48:40 +07)" (scheduled at 2026-09-17 17:48:25.715137+07:00)
2026-09-17 17:48:25,729 INFO apscheduler.executors.default: Job "main.<locals>.write_heartbeat_job (trigger: interval[0:00:15], next run at: 2026-09-17 17:48:40 +07)" executed successfully
2026-09-17 17:48:26,007 INFO apscheduler.executors.default: Running job "main.<locals>.run_scan (trigger: cron[second='1,6,11,16,21,26,31,36,41,46,51,56'], next run at: 2026-09-17 17:48:31 +07)" (scheduled at 2026-09-17 17:48:26+07:00)
2026-09-17 17:48:26,719 INFO apscheduler.executors.default: Running job "main.<locals>.run_lts_aus_fast_scan (trigger: interval[0:00:05], next run at: 2026-09-17 17:48:31 +07)" (scheduled at 2026-09-17 17:48:26.713136+07:00)
2026-09-17 17:48:26,719 INFO apscheduler.executors.default: Job "main.<locals>.run_lts_aus_fast_scan (trigger: interval[0:00:05], next run at: 2026-09-17 17:48:31 +07)" executed successfully
2026-09-17 17:48:26,720 INFO apscheduler.executors.default: Running job "main.<locals>.run_position_check (trigger: interval[0:00:05], next run at: 2026-09-17 17:48:31 +07)" (scheduled at 2026-09-17 17:48:26.713136+07:00)
2026-09-17 17:48:26,756 INFO apscheduler.executors.default: Job "main.<locals>.run_position_check (trigger: interval[0:00:05], next run at: 2026-09-17 17:48:31 +07)" executed successfully
2026-09-17 17:48:26,758 INFO apscheduler.executors.default: Running job "main.<locals>.run_trail_sl (trigger: interval[0:00:05], next run at: 2026-09-17 17:48:31 +07)" (scheduled at 2026-09-17 17:48:26.713136+07:00)
2026-09-17 17:48:26,759 INFO apscheduler.executors.default: Job "main.<locals>.run_trail_sl (trigger: interval[0:00:05], next run at: 2026-09-17 17:48:31 +07)" executed successfully
2026-09-17 17:48:26,759 INFO apscheduler.executors.default: Running job "main.<locals>.save_bot_state_job (trigger: interval[0:00:15], next run at: 2026-09-17 17:48:41 +07)" (scheduled at 2026-09-17 17:48:26.714136+07:00)
2026-09-17 17:48:26,765 INFO apscheduler.executors.default: Job "main.<locals>.save_bot_state_job (trigger: interval[0:00:15], next run at: 2026-09-17 17:48:41 +07)" executed successfully
2026-09-17 17:48:26,831 INFO apscheduler.executors.default: Job "main.<locals>.run_scan (trigger: cron[second='1,6,11,16,21,26,31,36,41,46,51,56'], next run at: 2026-09-17 17:48:31 +07)" executed successfully
2026-09-17 17:48:30,094 INFO httpx: HTTP Request: POST https://api.telegram.org/bot8698852591:AAGLSZSQhC0W0KP9ZeZ9Gkr6k-NFoghMC68/getUpdates "HTTP/1.1 200 OK"
2026-09-17 17:48:31,008 INFO apscheduler.executors.default: Running job "main.<locals>.run_scan (trigger: cron[second='1,6,11,16,21,26,31,36,41,46,51,56'], next run at: 2026-09-17 17:48:36 +07)" (scheduled at 2026-09-17 17:48:31+07:00)
2026-09-17 17:48:31,723 INFO apscheduler.executors.default: Running job "main.<locals>.run_lts_aus_fast_scan (trigger: interval[0:00:05], next run at: 2026-09-17 17:48:36 +07)" (scheduled at 2026-09-17 17:48:31.713136+07:00)
2026-09-17 17:48:31,724 INFO apscheduler.executors.default: Job "main.<locals>.run_lts_aus_fast_scan (trigger: interval[0:00:05], next run at: 2026-09-17 17:48:36 +07)" executed successfully
2026-09-17 17:48:31,724 INFO apscheduler.executors.default: Running job "main.<locals>.run_position_check (trigger: interval[0:00:05], next run at: 2026-09-17 17:48:36 +07)" (scheduled at 2026-09-17 17:48:31.713136+07:00)
2026-09-17 17:48:31,763 INFO apscheduler.executors.default: Job "main.<locals>.run_position_check (trigger: interval[0:00:05], next run at: 2026-09-17 17:48:36 +07)" executed successfully
2026-09-17 17:48:31,764 INFO apscheduler.executors.default: Running job "main.<locals>.run_trail_sl (trigger: interval[0:00:05], next run at: 2026-09-17 17:48:36 +07)" (scheduled at 2026-09-17 17:48:31.713136+07:00)
2026-09-17 17:48:31,765 INFO apscheduler.executors.default: Job "main.<locals>.run_trail_sl (trigger: interval[0:00:05], next run at: 2026-09-17 17:48:36 +07)" executed successfully
2026-09-17 17:48:31,855 INFO apscheduler.executors.default: Job "main.<locals>.run_scan (trigger: cron[second='1,6,11,16,21,26,31,36,41,46,51,56'], next run at: 2026-09-17 17:48:36 +07)" executed successfully
2026-09-17 17:48:36,010 INFO apscheduler.executors.default: Running job "main.<locals>.run_scan (trigger: cron[second='1,6,11,16,21,26,31,36,41,46,51,56'], next run at: 2026-09-17 17:48:41 +07)" (scheduled at 2026-09-17 17:48:36+07:00)
2026-09-17 17:48:36,715 INFO apscheduler.executors.default: Running job "main.<locals>.run_lts_aus_fast_scan (trigger: interval[0:00:05], next run at: 2026-09-17 17:48:41 +07)" (scheduled at 2026-09-17 17:48:36.713136+07:00)
2026-09-17 17:48:36,716 INFO apscheduler.executors.default: Job "main.<locals>.run_lts_aus_fast_scan (trigger: interval[0:00:05], next run at: 2026-09-17 17:48:41 +07)" executed successfully
2026-09-17 17:48:36,719 INFO apscheduler.executors.default: Running job "main.<locals>.run_position_check (trigger: interval[0:00:05], next run at: 2026-09-17 17:48:41 +07)" (scheduled at 2026-09-17 17:48:36.713136+07:00)
2026-09-17 17:48:36,768 INFO apscheduler.executors.default: Job "main.<locals>.run_position_check (trigger: interval[0:00:05], next run at: 2026-09-17 17:48:41 +07)" executed successfully
2026-09-17 17:48:36,769 INFO apscheduler.executors.default: Running job "main.<locals>.run_trail_sl (trigger: interval[0:00:05], next run at: 2026-09-17 17:48:41 +07)" (scheduled at 2026-09-17 17:48:36.713136+07:00)
2026-09-17 17:48:36,771 INFO apscheduler.executors.default: Job "main.<locals>.run_trail_sl (trigger: interval[0:00:05], next run at: 2026-09-17 17:48:41 +07)" executed successfully
2026-09-17 17:48:36,916 INFO apscheduler.executors.default: Job "main.<locals>.run_scan (trigger: cron[second='1,6,11,16,21,26,31,36,41,46,51,56'], next run at: 2026-09-17 17:48:41 +07)" executed successfully
2026-09-17 17:48:40,289 INFO httpx: HTTP Request: POST https://api.telegram.org/bot8698852591:AAGLSZSQhC0W0KP9ZeZ9Gkr6k-NFoghMC68/getUpdates "HTTP/1.1 200 OK"
2026-09-17 17:48:40,717 INFO apscheduler.executors.default: Running job "main.<locals>.write_heartbeat_job (trigger: interval[0:00:15], next run at: 2026-09-17 17:48:55 +07)" (scheduled at 2026-09-17 17:48:40.715137+07:00)
2026-09-17 17:48:40,720 INFO apscheduler.executors.default: Job "main.<locals>.write_heartbeat_job (trigger: interval[0:00:15], next run at: 2026-09-17 17:48:55 +07)" executed successfully
2026-09-17 17:48:41,012 INFO apscheduler.executors.default: Running job "main.<locals>.run_scan (trigger: cron[second='1,6,11,16,21,26,31,36,41,46,51,56'], next run at: 2026-09-17 17:48:46 +07)" (scheduled at 2026-09-17 17:48:41+07:00)
2026-09-17 17:48:41,729 INFO apscheduler.executors.default: Running job "main.<locals>.run_lts_aus_fast_scan (trigger: interval[0:00:05], next run at: 2026-09-17 17:48:46 +07)" (scheduled at 2026-09-17 17:48:41.713136+07:00)
2026-09-17 17:48:41,730 INFO apscheduler.executors.default: Job "main.<locals>.run_lts_aus_fast_scan (trigger: interval[0:00:05], next run at: 2026-09-17 17:48:46 +07)" executed successfully
2026-09-17 17:48:41,730 INFO apscheduler.executors.default: Running job "main.<locals>.run_position_check (trigger: interval[0:00:05], next run at: 2026-09-17 17:48:46 +07)" (scheduled at 2026-09-17 17:48:41.713136+07:00)
2026-09-17 17:48:41,773 INFO apscheduler.executors.default: Job "main.<locals>.run_position_check (trigger: interval[0:00:05], next run at: 2026-09-17 17:48:46 +07)" executed successfully
2026-09-17 17:48:41,773 INFO apscheduler.executors.default: Running job "main.<locals>.run_trail_sl (trigger: interval[0:00:05], next run at: 2026-09-17 17:48:46 +07)" (scheduled at 2026-09-17 17:48:41.713136+07:00)
2026-09-17 17:48:41,775 INFO apscheduler.executors.default: Job "main.<locals>.run_trail_sl (trigger: interval[0:00:05], next run at: 2026-09-17 17:48:46 +07)" executed successfully
2026-09-17 17:48:41,776 INFO apscheduler.executors.default: Running job "main.<locals>.save_bot_state_job (trigger: interval[0:00:15], next run at: 2026-09-17 17:48:56 +07)" (scheduled at 2026-09-17 17:48:41.714136+07:00)
2026-09-17 17:48:41,780 INFO apscheduler.executors.default: Job "main.<locals>.save_bot_state_job (trigger: interval[0:00:15], next run at: 2026-09-17 17:48:56 +07)" executed successfully
2026-09-17 17:48:41,863 INFO apscheduler.executors.default: Job "main.<locals>.run_scan (trigger: cron[second='1,6,11,16,21,26,31,36,41,46,51,56'], next run at: 2026-09-17 17:48:46 +07)" executed successfully
2026-09-17 17:48:46,001 INFO apscheduler.executors.default: Running job "main.<locals>.run_scan (trigger: cron[second='1,6,11,16,21,26,31,36,41,46,51,56'], next run at: 2026-09-17 17:48:51 +07)" (scheduled at 2026-09-17 17:48:46+07:00)
2026-09-17 17:48:46,734 INFO apscheduler.executors.default: Running job "main.<locals>.run_lts_aus_fast_scan (trigger: interval[0:00:05], next run at: 2026-09-17 17:48:51 +07)" (scheduled at 2026-09-17 17:48:46.713136+07:00)
2026-09-17 17:48:46,735 INFO apscheduler.executors.default: Job "main.<locals>.run_lts_aus_fast_scan (trigger: interval[0:00:05], next run at: 2026-09-17 17:48:51 +07)" executed successfully
2026-09-17 17:48:46,736 INFO apscheduler.executors.default: Running job "main.<locals>.run_position_check (trigger: interval[0:00:05], next run at: 2026-09-17 17:48:51 +07)" (scheduled at 2026-09-17 17:48:46.713136+07:00)
2026-09-17 17:48:46,778 INFO apscheduler.executors.default: Job "main.<locals>.run_position_check (trigger: interval[0:00:05], next run at: 2026-09-17 17:48:51 +07)" executed successfully
2026-09-17 17:48:46,779 INFO apscheduler.executors.default: Running job "main.<locals>.run_trail_sl (trigger: interval[0:00:05], next run at: 2026-09-17 17:48:51 +07)" (scheduled at 2026-09-17 17:48:46.713136+07:00)
2026-09-17 17:48:46,781 INFO apscheduler.executors.default: Job "main.<locals>.run_trail_sl (trigger: interval[0:00:05], next run at: 2026-09-17 17:48:51 +07)" executed successfully
2026-09-17 17:48:46,826 INFO apscheduler.executors.default: Job "main.<locals>.run_scan (trigger: cron[second='1,6,11,16,21,26,31,36,41,46,51,56'], next run at: 2026-09-17 17:48:51 +07)" executed successfully
2026-09-17 17:48:50,483 INFO httpx: HTTP Request: POST https://api.telegram.org/bot8698852591:AAGLSZSQhC0W0KP9ZeZ9Gkr6k-NFoghMC68/getUpdates "HTTP/1.1 200 OK"
2026-09-17 17:48:51,008 INFO apscheduler.executors.default: Running job "main.<locals>.run_scan (trigger: cron[second='1,6,11,16,21,26,31,36,41,46,51,56'], next run at: 2026-09-17 17:48:56 +07)" (scheduled at 2026-09-17 17:48:51+07:00)
2026-09-17 17:48:51,724 INFO apscheduler.executors.default: Running job "main.<locals>.run_lts_aus_fast_scan (trigger: interval[0:00:05], next run at: 2026-09-17 17:48:56 +07)" (scheduled at 2026-09-17 17:48:51.713136+07:00)
2026-09-17 17:48:51,724 INFO apscheduler.executors.default: Job "main.<locals>.run_lts_aus_fast_scan (trigger: interval[0:00:05], next run at: 2026-09-17 17:48:56 +07)" executed successfully
2026-09-17 17:48:51,725 INFO apscheduler.executors.default: Running job "main.<locals>.run_position_check (trigger: interval[0:00:05], next run at: 2026-09-17 17:48:56 +07)" (scheduled at 2026-09-17 17:48:51.713136+07:00)
2026-09-17 17:48:51,768 INFO apscheduler.executors.default: Job "main.<locals>.run_position_check (trigger: interval[0:00:05], next run at: 2026-09-17 17:48:56 +07)" executed successfully
2026-09-17 17:48:51,769 INFO apscheduler.executors.default: Running job "main.<locals>.run_trail_sl (trigger: interval[0:00:05], next run at: 2026-09-17 17:48:56 +07)" (scheduled at 2026-09-17 17:48:51.713136+07:00)
2026-09-17 17:48:51,770 INFO apscheduler.executors.default: Job "main.<locals>.run_trail_sl (trigger: interval[0:00:05], next run at: 2026-09-17 17:48:56 +07)" executed successfully
2026-09-17 17:48:51,825 INFO apscheduler.executors.default: Job "main.<locals>.run_scan (trigger: cron[second='1,6,11,16,21,26,31,36,41,46,51,56'], next run at: 2026-09-17 17:48:56 +07)" executed successfully
2026-09-17 17:48:55,731 INFO apscheduler.executors.default: Running job "main.<locals>.write_heartbeat_job (trigger: interval[0:00:15], next run at: 2026-09-17 17:49:10 +07)" (scheduled at 2026-09-17 17:48:55.715137+07:00)
2026-09-17 17:48:55,735 INFO apscheduler.executors.default: Job "main.<locals>.write_heartbeat_job (trigger: interval[0:00:15], next run at: 2026-09-17 17:49:10 +07)" executed successfully
2026-09-17 17:48:56,010 INFO apscheduler.executors.default: Running job "main.<locals>.run_scan (trigger: cron[second='1,6,11,16,21,26,31,36,41,46,51,56'], next run at: 2026-09-17 17:49:01 +07)" (scheduled at 2026-09-17 17:48:56+07:00)
2026-09-17 17:48:56,729 INFO apscheduler.executors.default: Running job "main.<locals>.check_symbol_switch (trigger: interval[0:01:00], next run at: 2026-09-17 17:49:56 +07)" (scheduled at 2026-09-17 17:48:56.709584+07:00)
2026-09-17 17:48:56,754 INFO apscheduler.executors.default: Job "main.<locals>.check_symbol_switch (trigger: interval[0:01:00], next run at: 2026-09-17 17:49:56 +07)" executed successfully
2026-09-17 17:48:56,755 INFO apscheduler.executors.default: Running job "main.<locals>.run_lts_aus_fast_scan (trigger: interval[0:00:05], next run at: 2026-09-17 17:49:01 +07)" (scheduled at 2026-09-17 17:48:56.713136+07:00)
2026-09-17 17:48:56,755 INFO apscheduler.executors.default: Job "main.<locals>.run_lts_aus_fast_scan (trigger: interval[0:00:05], next run at: 2026-09-17 17:49:01 +07)" executed successfully
2026-09-17 17:48:56,756 INFO apscheduler.executors.default: Running job "main.<locals>.run_position_check (trigger: interval[0:00:05], next run at: 2026-09-17 17:49:01 +07)" (scheduled at 2026-09-17 17:48:56.713136+07:00)
2026-09-17 17:48:56,811 INFO apscheduler.executors.default: Job "main.<locals>.run_position_check (trigger: interval[0:00:05], next run at: 2026-09-17 17:49:01 +07)" executed successfully
2026-09-17 17:48:56,811 INFO apscheduler.executors.default: Running job "main.<locals>.run_trail_sl (trigger: interval[0:00:05], next run at: 2026-09-17 17:49:01 +07)" (scheduled at 2026-09-17 17:48:56.713136+07:00)
2026-09-17 17:48:56,814 INFO apscheduler.executors.default: Job "main.<locals>.run_trail_sl (trigger: interval[0:00:05], next run at: 2026-09-17 17:49:01 +07)" executed successfully
2026-09-17 17:48:56,815 INFO apscheduler.executors.default: Running job "main.<locals>.save_bot_state_job (trigger: interval[0:00:15], next run at: 2026-09-17 17:49:11 +07)" (scheduled at 2026-09-17 17:48:56.714136+07:00)
2026-09-17 17:48:56,822 INFO apscheduler.executors.default: Job "main.<locals>.save_bot_state_job (trigger: interval[0:00:15], next run at: 2026-09-17 17:49:11 +07)" executed successfully
2026-09-17 17:48:56,823 INFO apscheduler.executors.default: Running job "main.<locals>.run_watchdog (trigger: interval[0:01:00], next run at: 2026-09-17 17:49:56 +07)" (scheduled at 2026-09-17 17:48:56.715137+07:00)
2026-09-17 17:48:56,834 INFO apscheduler.executors.default: Job "main.<locals>.run_watchdog (trigger: interval[0:01:00], next run at: 2026-09-17 17:49:56 +07)" executed successfully
2026-09-17 17:48:57,082 INFO apscheduler.executors.default: Job "main.<locals>.run_scan (trigger: cron[second='1,6,11,16,21,26,31,36,41,46,51,56'], next run at: 2026-09-17 17:49:01 +07)" executed successfully
2026-09-17 17:49:00,712 INFO httpx: HTTP Request: POST https://api.telegram.org/bot8698852591:AAGLSZSQhC0W0KP9ZeZ9Gkr6k-NFoghMC68/getUpdates "HTTP/1.1 200 OK"
2026-09-17 17:49:01,003 INFO apscheduler.executors.default: Running job "main.<locals>.run_scan (trigger: cron[second='1,6,11,16,21,26,31,36,41,46,51,56'], next run at: 2026-09-17 17:49:06 +07)" (scheduled at 2026-09-17 17:49:01+07:00)
2026-09-17 17:49:01,720 INFO apscheduler.executors.default: Running job "main.<locals>.run_lts_aus_fast_scan (trigger: interval[0:00:05], next run at: 2026-09-17 17:49:06 +07)" (scheduled at 2026-09-17 17:49:01.713136+07:00)
2026-09-17 17:49:01,722 INFO apscheduler.executors.default: Job "main.<locals>.run_lts_aus_fast_scan (trigger: interval[0:00:05], next run at: 2026-09-17 17:49:06 +07)" executed successfully
2026-09-17 17:49:01,722 INFO apscheduler.executors.default: Running job "main.<locals>.run_position_check (trigger: interval[0:00:05], next run at: 2026-09-17 17:49:06 +07)" (scheduled at 2026-09-17 17:49:01.713136+07:00)
2026-09-17 17:49:01,768 INFO apscheduler.executors.default: Job "main.<locals>.run_position_check (trigger: interval[0:00:05], next run at: 2026-09-17 17:49:06 +07)" executed successfully
2026-09-17 17:49:01,768 INFO apscheduler.executors.default: Running job "main.<locals>.run_trail_sl (trigger: interval[0:00:05], next run at: 2026-09-17 17:49:06 +07)" (scheduled at 2026-09-17 17:49:01.713136+07:00)
2026-09-17 17:49:01,770 INFO apscheduler.executors.default: Job "main.<locals>.run_trail_sl (trigger: interval[0:00:05], next run at: 2026-09-17 17:49:06 +07)" executed successfully
2026-09-17 17:49:01,887 INFO apscheduler.executors.default: Job "main.<locals>.run_scan (trigger: cron[second='1,6,11,16,21,26,31,36,41,46,51,56'], next run at: 2026-09-17 17:49:06 +07)" executed successfully
2026-09-17 17:49:06,002 INFO apscheduler.executors.default: Running job "main.<locals>.run_scan (trigger: cron[second='1,6,11,16,21,26,31,36,41,46,51,56'], next run at: 2026-09-17 17:49:11 +07)" (scheduled at 2026-09-17 17:49:06+07:00)
2026-09-17 17:49:06,716 INFO apscheduler.executors.default: Running job "main.<locals>.run_lts_aus_fast_scan (trigger: interval[0:00:05], next run at: 2026-09-17 17:49:11 +07)" (scheduled at 2026-09-17 17:49:06.713136+07:00)
2026-09-17 17:49:06,717 INFO apscheduler.executors.default: Job "main.<locals>.run_lts_aus_fast_scan (trigger: interval[0:00:05], next run at: 2026-09-17 17:49:11 +07)" executed successfully
2026-09-17 17:49:06,717 INFO apscheduler.executors.default: Running job "main.<locals>.run_position_check (trigger: interval[0:00:05], next run at: 2026-09-17 17:49:11 +07)" (scheduled at 2026-09-17 17:49:06.713136+07:00)
2026-09-17 17:49:06,760 INFO apscheduler.executors.default: Job "main.<locals>.run_position_check (trigger: interval[0:00:05], next run at: 2026-09-17 17:49:11 +07)" executed successfully
2026-09-17 17:49:06,760 INFO apscheduler.executors.default: Running job "main.<locals>.run_trail_sl (trigger: interval[0:00:05], next run at: 2026-09-17 17:49:11 +07)" (scheduled at 2026-09-17 17:49:06.713136+07:00)
2026-09-17 17:49:06,762 INFO apscheduler.executors.default: Job "main.<locals>.run_trail_sl (trigger: interval[0:00:05], next run at: 2026-09-17 17:49:11 +07)" executed successfully
2026-09-17 17:49:06,916 INFO apscheduler.executors.default: Job "main.<locals>.run_scan (trigger: cron[second='1,6,11,16,21,26,31,36,41,46,51,56'], next run at: 2026-09-17 17:49:11 +07)" executed successfully
2026-09-17 17:49:10,724 INFO apscheduler.executors.default: Running job "main.<locals>.write_heartbeat_job (trigger: interval[0:00:15], next run at: 2026-09-17 17:49:25 +07)" (scheduled at 2026-09-17 17:49:10.715137+07:00)
2026-09-17 17:49:10,728 INFO apscheduler.executors.default: Job "main.<locals>.write_heartbeat_job (trigger: interval[0:00:15], next run at: 2026-09-17 17:49:25 +07)" executed successfully
2026-09-17 17:49:10,906 INFO httpx: HTTP Request: POST https://api.telegram.org/bot8698852591:AAGLSZSQhC0W0KP9ZeZ9Gkr6k-NFoghMC68/getUpdates "HTTP/1.1 200 OK"
2026-09-17 17:49:11,004 INFO apscheduler.executors.default: Running job "main.<locals>.run_scan (trigger: cron[second='1,6,11,16,21,26,31,36,41,46,51,56'], next run at: 2026-09-17 17:49:16 +07)" (scheduled at 2026-09-17 17:49:11+07:00)
2026-09-17 17:49:11,723 INFO apscheduler.executors.default: Running job "main.<locals>.run_lts_aus_fast_scan (trigger: interval[0:00:05], next run at: 2026-09-17 17:49:16 +07)" (scheduled at 2026-09-17 17:49:11.713136+07:00)
2026-09-17 17:49:11,724 INFO apscheduler.executors.default: Job "main.<locals>.run_lts_aus_fast_scan (trigger: interval[0:00:05], next run at: 2026-09-17 17:49:16 +07)" executed successfully
2026-09-17 17:49:11,725 INFO apscheduler.executors.default: Running job "main.<locals>.run_position_check (trigger: interval[0:00:05], next run at: 2026-09-17 17:49:16 +07)" (scheduled at 2026-09-17 17:49:11.713136+07:00)
2026-09-17 17:49:11,765 INFO apscheduler.executors.default: Job "main.<locals>.run_position_check (trigger: interval[0:00:05], next run at: 2026-09-17 17:49:16 +07)" executed successfully
2026-09-17 17:49:11,765 INFO apscheduler.executors.default: Running job "main.<locals>.run_trail_sl (trigger: interval[0:00:05], next run at: 2026-09-17 17:49:16 +07)" (scheduled at 2026-09-17 17:49:11.713136+07:00)
2026-09-17 17:49:11,768 INFO apscheduler.executors.default: Job "main.<locals>.run_trail_sl (trigger: interval[0:00:05], next run at: 2026-09-17 17:49:16 +07)" executed successfully
2026-09-17 17:49:11,768 INFO apscheduler.executors.default: Running job "main.<locals>.save_bot_state_job (trigger: interval[0:00:15], next run at: 2026-09-17 17:49:26 +07)" (scheduled at 2026-09-17 17:49:11.714136+07:00)
2026-09-17 17:49:11,774 INFO apscheduler.executors.default: Job "main.<locals>.save_bot_state_job (trigger: interval[0:00:15], next run at: 2026-09-17 17:49:26 +07)" executed successfully
2026-09-17 17:49:11,849 INFO apscheduler.executors.default: Job "main.<locals>.run_scan (trigger: cron[second='1,6,11,16,21,26,31,36,41,46,51,56'], next run at: 2026-09-17 17:49:16 +07)" executed successfully
2026-09-17 17:49:16,011 INFO apscheduler.executors.default: Running job "main.<locals>.run_scan (trigger: cron[second='1,6,11,16,21,26,31,36,41,46,51,56'], next run at: 2026-09-17 17:49:21 +07)" (scheduled at 2026-09-17 17:49:16+07:00)
2026-09-17 17:49:16,728 INFO apscheduler.executors.default: Running job "main.<locals>.run_lts_aus_fast_scan (trigger: interval[0:00:05], next run at: 2026-09-17 17:49:21 +07)" (scheduled at 2026-09-17 17:49:16.713136+07:00)
2026-09-17 17:49:16,728 INFO apscheduler.executors.default: Job "main.<locals>.run_lts_aus_fast_scan (trigger: interval[0:00:05], next run at: 2026-09-17 17:49:21 +07)" executed successfully
2026-09-17 17:49:16,730 INFO apscheduler.executors.default: Running job "main.<locals>.run_position_check (trigger: interval[0:00:05], next run at: 2026-09-17 17:49:21 +07)" (scheduled at 2026-09-17 17:49:16.713136+07:00)
2026-09-17 17:49:16,781 INFO apscheduler.executors.default: Job "main.<locals>.run_position_check (trigger: interval[0:00:05], next run at: 2026-09-17 17:49:21 +07)" executed successfully
2026-09-17 17:49:16,782 INFO apscheduler.executors.default: Running job "main.<locals>.run_trail_sl (trigger: interval[0:00:05], next run at: 2026-09-17 17:49:21 +07)" (scheduled at 2026-09-17 17:49:16.713136+07:00)
2026-09-17 17:49:16,784 INFO apscheduler.executors.default: Job "main.<locals>.run_trail_sl (trigger: interval[0:00:05], next run at: 2026-09-17 17:49:21 +07)" executed successfully
2026-09-17 17:49:16,950 INFO apscheduler.executors.default: Job "main.<locals>.run_scan (trigger: cron[second='1,6,11,16,21,26,31,36,41,46,51,56'], next run at: 2026-09-17 17:49:21 +07)" executed successfully
2026-09-17 17:49:21,007 INFO apscheduler.executors.default: Running job "main.<locals>.run_scan (trigger: cron[second='1,6,11,16,21,26,31,36,41,46,51,56'], next run at: 2026-09-17 17:49:26 +07)" (scheduled at 2026-09-17 17:49:21+07:00)
2026-09-17 17:49:21,103 INFO httpx: HTTP Request: POST https://api.telegram.org/bot8698852591:AAGLSZSQhC0W0KP9ZeZ9Gkr6k-NFoghMC68/getUpdates "HTTP/1.1 200 OK"
2026-09-17 17:49:21,722 INFO apscheduler.executors.default: Running job "main.<locals>.run_lts_aus_fast_scan (trigger: interval[0:00:05], next run at: 2026-09-17 17:49:26 +07)" (scheduled at 2026-09-17 17:49:21.713136+07:00)
2026-09-17 17:49:21,722 INFO apscheduler.executors.default: Job "main.<locals>.run_lts_aus_fast_scan (trigger: interval[0:00:05], next run at: 2026-09-17 17:49:26 +07)" executed successfully
2026-09-17 17:49:21,724 INFO apscheduler.executors.default: Running job "main.<locals>.run_position_check (trigger: interval[0:00:05], next run at: 2026-09-17 17:49:26 +07)" (scheduled at 2026-09-17 17:49:21.713136+07:00)
2026-09-17 17:49:21,795 INFO apscheduler.executors.default: Job "main.<locals>.run_position_check (trigger: interval[0:00:05], next run at: 2026-09-17 17:49:26 +07)" executed successfully
2026-09-17 17:49:21,796 INFO apscheduler.executors.default: Running job "main.<locals>.run_trail_sl (trigger: interval[0:00:05], next run at: 2026-09-17 17:49:26 +07)" (scheduled at 2026-09-17 17:49:21.713136+07:00)
2026-09-17 17:49:21,798 INFO apscheduler.executors.default: Job "main.<locals>.run_trail_sl (trigger: interval[0:00:05], next run at: 2026-09-17 17:49:26 +07)" executed successfully
2026-09-17 17:49:22,151 INFO apscheduler.executors.default: Job "main.<locals>.run_scan (trigger: cron[second='1,6,11,16,21,26,31,36,41,46,51,56'], next run at: 2026-09-17 17:49:26 +07)" executed successfully
2026-09-17 17:49:25,724 INFO apscheduler.executors.default: Running job "main.<locals>.write_heartbeat_job (trigger: interval[0:00:15], next run at: 2026-09-17 17:49:40 +07)" (scheduled at 2026-09-17 17:49:25.715137+07:00)
2026-09-17 17:49:25,730 INFO apscheduler.executors.default: Job "main.<locals>.write_heartbeat_job (trigger: interval[0:00:15], next run at: 2026-09-17 17:49:40 +07)" executed successfully
2026-09-17 17:49:26,023 INFO apscheduler.executors.default: Running job "main.<locals>.run_scan (trigger: cron[second='1,6,11,16,21,26,31,36,41,46,51,56'], next run at: 2026-09-17 17:49:31 +07)" (scheduled at 2026-09-17 17:49:26+07:00)
2026-09-17 17:49:26,724 INFO apscheduler.executors.default: Running job "main.<locals>.run_lts_aus_fast_scan (trigger: interval[0:00:05], next run at: 2026-09-17 17:49:31 +07)" (scheduled at 2026-09-17 17:49:26.713136+07:00)
2026-09-17 17:49:26,724 INFO apscheduler.executors.default: Job "main.<locals>.run_lts_aus_fast_scan (trigger: interval[0:00:05], next run at: 2026-09-17 17:49:31 +07)" executed successfully
2026-09-17 17:49:26,725 INFO apscheduler.executors.default: Running job "main.<locals>.run_position_check (trigger: interval[0:00:05], next run at: 2026-09-17 17:49:31 +07)" (scheduled at 2026-09-17 17:49:26.713136+07:00)
2026-09-17 17:49:26,768 INFO apscheduler.executors.default: Job "main.<locals>.run_position_check (trigger: interval[0:00:05], next run at: 2026-09-17 17:49:31 +07)" executed successfully
2026-09-17 17:49:26,768 INFO apscheduler.executors.default: Running job "main.<locals>.run_trail_sl (trigger: interval[0:00:05], next run at: 2026-09-17 17:49:31 +07)" (scheduled at 2026-09-17 17:49:26.713136+07:00)
2026-09-17 17:49:26,770 INFO apscheduler.executors.default: Job "main.<locals>.run_trail_sl (trigger: interval[0:00:05], next run at: 2026-09-17 17:49:31 +07)" executed successfully
2026-09-17 17:49:26,771 INFO apscheduler.executors.default: Running job "main.<locals>.save_bot_state_job (trigger: interval[0:00:15], next run at: 2026-09-17 17:49:41 +07)" (scheduled at 2026-09-17 17:49:26.714136+07:00)
2026-09-17 17:49:26,776 INFO apscheduler.executors.default: Job "main.<locals>.save_bot_state_job (trigger: interval[0:00:15], next run at: 2026-09-17 17:49:41 +07)" executed successfully
2026-09-17 17:49:26,954 INFO apscheduler.executors.default: Job "main.<locals>.run_scan (trigger: cron[second='1,6,11,16,21,26,31,36,41,46,51,56'], next run at: 2026-09-17 17:49:31 +07)" executed successfully
2026-09-17 17:49:31,016 INFO apscheduler.executors.default: Running job "main.<locals>.run_scan (trigger: cron[second='1,6,11,16,21,26,31,36,41,46,51,56'], next run at: 2026-09-17 17:49:36 +07)" (scheduled at 2026-09-17 17:49:31+07:00)
2026-09-17 17:49:31,303 INFO httpx: HTTP Request: POST https://api.telegram.org/bot8698852591:AAGLSZSQhC0W0KP9ZeZ9Gkr6k-NFoghMC68/getUpdates "HTTP/1.1 200 OK"
2026-09-17 17:49:31,715 INFO apscheduler.executors.default: Running job "main.<locals>.run_lts_aus_fast_scan (trigger: interval[0:00:05], next run at: 2026-09-17 17:49:36 +07)" (scheduled at 2026-09-17 17:49:31.713136+07:00)
2026-09-17 17:49:31,716 INFO apscheduler.executors.default: Job "main.<locals>.run_lts_aus_fast_scan (trigger: interval[0:00:05], next run at: 2026-09-17 17:49:36 +07)" executed successfully
2026-09-17 17:49:31,716 INFO apscheduler.executors.default: Running job "main.<locals>.run_position_check (trigger: interval[0:00:05], next run at: 2026-09-17 17:49:36 +07)" (scheduled at 2026-09-17 17:49:31.713136+07:00)
2026-09-17 17:49:31,759 INFO apscheduler.executors.default: Job "main.<locals>.run_position_check (trigger: interval[0:00:05], next run at: 2026-09-17 17:49:36 +07)" executed successfully
2026-09-17 17:49:31,759 INFO apscheduler.executors.default: Running job "main.<locals>.run_trail_sl (trigger: interval[0:00:05], next run at: 2026-09-17 17:49:36 +07)" (scheduled at 2026-09-17 17:49:31.713136+07:00)
2026-09-17 17:49:31,761 INFO apscheduler.executors.default: Job "main.<locals>.run_trail_sl (trigger: interval[0:00:05], next run at: 2026-09-17 17:49:36 +07)" executed successfully
2026-09-17 17:49:31,880 INFO apscheduler.executors.default: Job "main.<locals>.run_scan (trigger: cron[second='1,6,11,16,21,26,31,36,41,46,51,56'], next run at: 2026-09-17 17:49:36 +07)" executed successfully
2026-09-17 17:49:36,006 INFO apscheduler.executors.default: Running job "main.<locals>.run_scan (trigger: cron[second='1,6,11,16,21,26,31,36,41,46,51,56'], next run at: 2026-09-17 17:49:41 +07)" (scheduled at 2026-09-17 17:49:36+07:00)
2026-09-17 17:49:36,721 INFO apscheduler.executors.default: Running job "main.<locals>.run_lts_aus_fast_scan (trigger: interval[0:00:05], next run at: 2026-09-17 17:49:41 +07)" (scheduled at 2026-09-17 17:49:36.713136+07:00)
2026-09-17 17:49:36,722 INFO apscheduler.executors.default: Job "main.<locals>.run_lts_aus_fast_scan (trigger: interval[0:00:05], next run at: 2026-09-17 17:49:41 +07)" executed successfully
2026-09-17 17:49:36,723 INFO apscheduler.executors.default: Running job "main.<locals>.run_position_check (trigger: interval[0:00:05], next run at: 2026-09-17 17:49:41 +07)" (scheduled at 2026-09-17 17:49:36.713136+07:00)
2026-09-17 17:49:36,768 INFO apscheduler.executors.default: Job "main.<locals>.run_position_check (trigger: interval[0:00:05], next run at: 2026-09-17 17:49:41 +07)" executed successfully
2026-09-17 17:49:36,770 INFO apscheduler.executors.default: Running job "main.<locals>.run_trail_sl (trigger: interval[0:00:05], next run at: 2026-09-17 17:49:41 +07)" (scheduled at 2026-09-17 17:49:36.713136+07:00)
2026-09-17 17:49:36,771 INFO apscheduler.executors.default: Job "main.<locals>.run_trail_sl (trigger: interval[0:00:05], next run at: 2026-09-17 17:49:41 +07)" executed successfully
2026-09-17 17:49:36,876 INFO apscheduler.executors.default: Job "main.<locals>.run_scan (trigger: cron[second='1,6,11,16,21,26,31,36,41,46,51,56'], next run at: 2026-09-17 17:49:41 +07)" executed successfully
2026-09-17 17:49:40,725 INFO apscheduler.executors.default: Running job "main.<locals>.write_heartbeat_job (trigger: interval[0:00:15], next run at: 2026-09-17 17:49:55 +07)" (scheduled at 2026-09-17 17:49:40.715137+07:00)
2026-09-17 17:49:40,731 INFO apscheduler.executors.default: Job "main.<locals>.write_heartbeat_job (trigger: interval[0:00:15], next run at: 2026-09-17 17:49:55 +07)" executed successfully
2026-09-17 17:49:41,021 INFO apscheduler.executors.default: Running job "main.<locals>.run_scan (trigger: cron[second='1,6,11,16,21,26,31,36,41,46,51,56'], next run at: 2026-09-17 17:49:46 +07)" (scheduled at 2026-09-17 17:49:41+07:00)
2026-09-17 17:49:41,499 INFO httpx: HTTP Request: POST https://api.telegram.org/bot8698852591:AAGLSZSQhC0W0KP9ZeZ9Gkr6k-NFoghMC68/getUpdates "HTTP/1.1 200 OK"
2026-09-17 17:49:41,724 INFO apscheduler.executors.default: Running job "main.<locals>.run_lts_aus_fast_scan (trigger: interval[0:00:05], next run at: 2026-09-17 17:49:46 +07)" (scheduled at 2026-09-17 17:49:41.713136+07:00)
2026-09-17 17:49:41,724 INFO apscheduler.executors.default: Job "main.<locals>.run_lts_aus_fast_scan (trigger: interval[0:00:05], next run at: 2026-09-17 17:49:46 +07)" executed successfully
2026-09-17 17:49:41,725 INFO apscheduler.executors.default: Running job "main.<locals>.run_position_check (trigger: interval[0:00:05], next run at: 2026-09-17 17:49:46 +07)" (scheduled at 2026-09-17 17:49:41.713136+07:00)
2026-09-17 17:49:41,771 INFO apscheduler.executors.default: Job "main.<locals>.run_position_check (trigger: interval[0:00:05], next run at: 2026-09-17 17:49:46 +07)" executed successfully
2026-09-17 17:49:41,772 INFO apscheduler.executors.default: Running job "main.<locals>.run_trail_sl (trigger: interval[0:00:05], next run at: 2026-09-17 17:49:46 +07)" (scheduled at 2026-09-17 17:49:41.713136+07:00)
2026-09-17 17:49:41,775 INFO apscheduler.executors.default: Job "main.<locals>.run_trail_sl (trigger: interval[0:00:05], next run at: 2026-09-17 17:49:46 +07)" executed successfully
2026-09-17 17:49:41,775 INFO apscheduler.executors.default: Running job "main.<locals>.save_bot_state_job (trigger: interval[0:00:15], next run at: 2026-09-17 17:49:56 +07)" (scheduled at 2026-09-17 17:49:41.714136+07:00)
2026-09-17 17:49:41,781 INFO apscheduler.executors.default: Job "main.<locals>.save_bot_state_job (trigger: interval[0:00:15], next run at: 2026-09-17 17:49:56 +07)" executed successfully
2026-09-17 17:49:41,925 INFO apscheduler.executors.default: Job "main.<locals>.run_scan (trigger: cron[second='1,6,11,16,21,26,31,36,41,46,51,56'], next run at: 2026-09-17 17:49:46 +07)" executed successfully
2026-09-17 17:49:46,004 INFO apscheduler.executors.default: Running job "main.<locals>.run_scan (trigger: cron[second='1,6,11,16,21,26,31,36,41,46,51,56'], next run at: 2026-09-17 17:49:51 +07)" (scheduled at 2026-09-17 17:49:46+07:00)
2026-09-17 17:49:46,734 INFO apscheduler.executors.default: Running job "main.<locals>.run_lts_aus_fast_scan (trigger: interval[0:00:05], next run at: 2026-09-17 17:49:51 +07)" (scheduled at 2026-09-17 17:49:46.713136+07:00)
2026-09-17 17:49:46,736 INFO apscheduler.executors.default: Job "main.<locals>.run_lts_aus_fast_scan (trigger: interval[0:00:05], next run at: 2026-09-17 17:49:51 +07)" executed successfully
2026-09-17 17:49:46,737 INFO apscheduler.executors.default: Running job "main.<locals>.run_position_check (trigger: interval[0:00:05], next run at: 2026-09-17 17:49:51 +07)" (scheduled at 2026-09-17 17:49:46.713136+07:00)
2026-09-17 17:49:46,783 INFO apscheduler.executors.default: Job "main.<locals>.run_position_check (trigger: interval[0:00:05], next run at: 2026-09-17 17:49:51 +07)" executed successfully
2026-09-17 17:49:46,784 INFO apscheduler.executors.default: Running job "main.<locals>.run_trail_sl (trigger: interval[0:00:05], next run at: 2026-09-17 17:49:51 +07)" (scheduled at 2026-09-17 17:49:46.713136+07:00)
2026-09-17 17:49:46,785 INFO apscheduler.executors.default: Job "main.<locals>.run_trail_sl (trigger: interval[0:00:05], next run at: 2026-09-17 17:49:51 +07)" executed successfully
2026-09-17 17:49:46,899 INFO apscheduler.executors.default: Job "main.<locals>.run_scan (trigger: cron[second='1,6,11,16,21,26,31,36,41,46,51,56'], next run at: 2026-09-17 17:49:51 +07)" executed successfully
2026-09-17 17:49:51,009 INFO apscheduler.executors.default: Running job "main.<locals>.run_scan (trigger: cron[second='1,6,11,16,21,26,31,36,41,46,51,56'], next run at: 2026-09-17 17:49:56 +07)" (scheduled at 2026-09-17 17:49:51+07:00)
2026-09-17 17:49:51,695 INFO httpx: HTTP Request: POST https://api.telegram.org/bot8698852591:AAGLSZSQhC0W0KP9ZeZ9Gkr6k-NFoghMC68/getUpdates "HTTP/1.1 200 OK"
2026-09-17 17:49:51,726 INFO apscheduler.executors.default: Running job "main.<locals>.run_lts_aus_fast_scan (trigger: interval[0:00:05], next run at: 2026-09-17 17:49:56 +07)" (scheduled at 2026-09-17 17:49:51.713136+07:00)
2026-09-17 17:49:51,726 INFO apscheduler.executors.default: Job "main.<locals>.run_lts_aus_fast_scan (trigger: interval[0:00:05], next run at: 2026-09-17 17:49:56 +07)" executed successfully
2026-09-17 17:49:51,726 INFO apscheduler.executors.default: Running job "main.<locals>.run_position_check (trigger: interval[0:00:05], next run at: 2026-09-17 17:49:56 +07)" (scheduled at 2026-09-17 17:49:51.713136+07:00)
2026-09-17 17:49:51,774 INFO apscheduler.executors.default: Job "main.<locals>.run_position_check (trigger: interval[0:00:05], next run at: 2026-09-17 17:49:56 +07)" executed successfully
2026-09-17 17:49:51,774 INFO apscheduler.executors.default: Running job "main.<locals>.run_trail_sl (trigger: interval[0:00:05], next run at: 2026-09-17 17:49:56 +07)" (scheduled at 2026-09-17 17:49:51.713136+07:00)
2026-09-17 17:49:51,775 INFO apscheduler.executors.default: Job "main.<locals>.run_trail_sl (trigger: interval[0:00:05], next run at: 2026-09-17 17:49:56 +07)" executed successfully
2026-09-17 17:49:51,864 INFO apscheduler.executors.default: Job "main.<locals>.run_scan (trigger: cron[second='1,6,11,16,21,26,31,36,41,46,51,56'], next run at: 2026-09-17 17:49:56 +07)" executed successfully
2026-09-17 17:49:55,722 INFO apscheduler.executors.default: Running job "main.<locals>.write_heartbeat_job (trigger: interval[0:00:15], next run at: 2026-09-17 17:50:10 +07)" (scheduled at 2026-09-17 17:49:55.715137+07:00)
2026-09-17 17:49:55,727 INFO apscheduler.executors.default: Job "main.<locals>.write_heartbeat_job (trigger: interval[0:00:15], next run at: 2026-09-17 17:50:10 +07)" executed successfully
2026-09-17 17:49:56,016 INFO apscheduler.executors.default: Running job "main.<locals>.run_scan (trigger: cron[second='1,6,11,16,21,26,31,36,41,46,51,56'], next run at: 2026-09-17 17:50:01 +07)" (scheduled at 2026-09-17 17:49:56+07:00)
2026-09-17 17:49:56,721 INFO apscheduler.executors.default: Running job "main.<locals>.check_symbol_switch (trigger: interval[0:01:00], next run at: 2026-09-17 17:50:56 +07)" (scheduled at 2026-09-17 17:49:56.709584+07:00)
2026-09-17 17:49:56,740 INFO apscheduler.executors.default: Job "main.<locals>.check_symbol_switch (trigger: interval[0:01:00], next run at: 2026-09-17 17:50:56 +07)" executed successfully
2026-09-17 17:49:56,741 INFO apscheduler.executors.default: Running job "main.<locals>.run_lts_aus_fast_scan (trigger: interval[0:00:05], next run at: 2026-09-17 17:50:01 +07)" (scheduled at 2026-09-17 17:49:56.713136+07:00)
2026-09-17 17:49:56,741 INFO apscheduler.executors.default: Job "main.<locals>.run_lts_aus_fast_scan (trigger: interval[0:00:05], next run at: 2026-09-17 17:50:01 +07)" executed successfully
2026-09-17 17:49:56,742 INFO apscheduler.executors.default: Running job "main.<locals>.run_position_check (trigger: interval[0:00:05], next run at: 2026-09-17 17:50:01 +07)" (scheduled at 2026-09-17 17:49:56.713136+07:00)
2026-09-17 17:49:56,788 INFO apscheduler.executors.default: Job "main.<locals>.run_position_check (trigger: interval[0:00:05], next run at: 2026-09-17 17:50:01 +07)" executed successfully
2026-09-17 17:49:56,788 INFO apscheduler.executors.default: Running job "main.<locals>.run_trail_sl (trigger: interval[0:00:05], next run at: 2026-09-17 17:50:01 +07)" (scheduled at 2026-09-17 17:49:56.713136+07:00)
2026-09-17 17:49:56,792 INFO apscheduler.executors.default: Job "main.<locals>.run_trail_sl (trigger: interval[0:00:05], next run at: 2026-09-17 17:50:01 +07)" executed successfully
2026-09-17 17:49:56,793 INFO apscheduler.executors.default: Running job "main.<locals>.save_bot_state_job (trigger: interval[0:00:15], next run at: 2026-09-17 17:50:11 +07)" (scheduled at 2026-09-17 17:49:56.714136+07:00)
2026-09-17 17:49:56,798 INFO apscheduler.executors.default: Job "main.<locals>.save_bot_state_job (trigger: interval[0:00:15], next run at: 2026-09-17 17:50:11 +07)" executed successfully
2026-09-17 17:49:56,798 INFO apscheduler.executors.default: Running job "main.<locals>.run_watchdog (trigger: interval[0:01:00], next run at: 2026-09-17 17:50:56 +07)" (scheduled at 2026-09-17 17:49:56.715137+07:00)
2026-09-17 17:49:56,809 INFO apscheduler.executors.default: Job "main.<locals>.run_watchdog (trigger: interval[0:01:00], next run at: 2026-09-17 17:50:56 +07)" executed successfully
2026-09-17 17:49:56,902 INFO apscheduler.executors.default: Job "main.<locals>.run_scan (trigger: cron[second='1,6,11,16,21,26,31,36,41,46,51,56'], next run at: 2026-09-17 17:50:01 +07)" executed successfully
2026-09-17 17:50:01,020 INFO apscheduler.executors.default: Running job "main.<locals>.run_scan (trigger: cron[second='1,6,11,16,21,26,31,36,41,46,51,56'], next run at: 2026-09-17 17:50:06 +07)" (scheduled at 2026-09-17 17:50:01+07:00)
2026-09-17 17:50:01,725 INFO apscheduler.executors.default: Running job "main.<locals>.run_lts_aus_fast_scan (trigger: interval[0:00:05], next run at: 2026-09-17 17:50:06 +07)" (scheduled at 2026-09-17 17:50:01.713136+07:00)
2026-09-17 17:50:01,726 INFO apscheduler.executors.default: Job "main.<locals>.run_lts_aus_fast_scan (trigger: interval[0:00:05], next run at: 2026-09-17 17:50:06 +07)" executed successfully
2026-09-17 17:50:01,727 INFO apscheduler.executors.default: Running job "main.<locals>.run_position_check (trigger: interval[0:00:05], next run at: 2026-09-17 17:50:06 +07)" (scheduled at 2026-09-17 17:50:01.713136+07:00)
2026-09-17 17:50:01,770 INFO apscheduler.executors.default: Job "main.<locals>.run_position_check (trigger: interval[0:00:05], next run at: 2026-09-17 17:50:06 +07)" executed successfully
2026-09-17 17:50:01,770 INFO apscheduler.executors.default: Running job "main.<locals>.run_trail_sl (trigger: interval[0:00:05], next run at: 2026-09-17 17:50:06 +07)" (scheduled at 2026-09-17 17:50:01.713136+07:00)
2026-09-17 17:50:01,772 INFO apscheduler.executors.default: Job "main.<locals>.run_trail_sl (trigger: interval[0:00:05], next run at: 2026-09-17 17:50:06 +07)" executed successfully
2026-09-17 17:50:01,895 INFO apscheduler.executors.default: Job "main.<locals>.run_scan (trigger: cron[second='1,6,11,16,21,26,31,36,41,46,51,56'], next run at: 2026-09-17 17:50:06 +07)" executed successfully
2026-09-17 17:50:01,896 INFO httpx: HTTP Request: POST https://api.telegram.org/bot8698852591:AAGLSZSQhC0W0KP9ZeZ9Gkr6k-NFoghMC68/getUpdates "HTTP/1.1 200 OK"
2026-09-17 17:50:06,012 INFO apscheduler.executors.default: Running job "main.<locals>.run_scan (trigger: cron[second='1,6,11,16,21,26,31,36,41,46,51,56'], next run at: 2026-09-17 17:50:11 +07)" (scheduled at 2026-09-17 17:50:06+07:00)
2026-09-17 17:50:06,727 INFO apscheduler.executors.default: Running job "main.<locals>.run_lts_aus_fast_scan (trigger: interval[0:00:05], next run at: 2026-09-17 17:50:11 +07)" (scheduled at 2026-09-17 17:50:06.713136+07:00)
2026-09-17 17:50:06,728 INFO apscheduler.executors.default: Job "main.<locals>.run_lts_aus_fast_scan (trigger: interval[0:00:05], next run at: 2026-09-17 17:50:11 +07)" executed successfully
2026-09-17 17:50:06,728 INFO apscheduler.executors.default: Running job "main.<locals>.run_position_check (trigger: interval[0:00:05], next run at: 2026-09-17 17:50:11 +07)" (scheduled at 2026-09-17 17:50:06.713136+07:00)
2026-09-17 17:50:06,773 INFO apscheduler.executors.default: Job "main.<locals>.run_position_check (trigger: interval[0:00:05], next run at: 2026-09-17 17:50:11 +07)" executed successfully
2026-09-17 17:50:06,774 INFO apscheduler.executors.default: Running job "main.<locals>.run_trail_sl (trigger: interval[0:00:05], next run at: 2026-09-17 17:50:11 +07)" (scheduled at 2026-09-17 17:50:06.713136+07:00)
2026-09-17 17:50:06,776 INFO apscheduler.executors.default: Job "main.<locals>.run_trail_sl (trigger: interval[0:00:05], next run at: 2026-09-17 17:50:11 +07)" executed successfully
2026-09-17 17:50:06,918 INFO apscheduler.executors.default: Job "main.<locals>.run_scan (trigger: cron[second='1,6,11,16,21,26,31,36,41,46,51,56'], next run at: 2026-09-17 17:50:11 +07)" executed successfully
2026-09-17 17:50:10,726 INFO apscheduler.executors.default: Running job "main.<locals>.write_heartbeat_job (trigger: interval[0:00:15], next run at: 2026-09-17 17:50:25 +07)" (scheduled at 2026-09-17 17:50:10.715137+07:00)
2026-09-17 17:50:10,731 INFO apscheduler.executors.default: Job "main.<locals>.write_heartbeat_job (trigger: interval[0:00:15], next run at: 2026-09-17 17:50:25 +07)" executed successfully
2026-09-17 17:50:11,008 INFO apscheduler.executors.default: Running job "main.<locals>.run_scan (trigger: cron[second='1,6,11,16,21,26,31,36,41,46,51,56'], next run at: 2026-09-17 17:50:16 +07)" (scheduled at 2026-09-17 17:50:11+07:00)
2026-09-17 17:50:11,721 INFO apscheduler.executors.default: Running job "main.<locals>.run_lts_aus_fast_scan (trigger: interval[0:00:05], next run at: 2026-09-17 17:50:16 +07)" (scheduled at 2026-09-17 17:50:11.713136+07:00)
2026-09-17 17:50:11,722 INFO apscheduler.executors.default: Job "main.<locals>.run_lts_aus_fast_scan (trigger: interval[0:00:05], next run at: 2026-09-17 17:50:16 +07)" executed successfully
2026-09-17 17:50:11,722 INFO apscheduler.executors.default: Running job "main.<locals>.run_position_check (trigger: interval[0:00:05], next run at: 2026-09-17 17:50:16 +07)" (scheduled at 2026-09-17 17:50:11.713136+07:00)
2026-09-17 17:50:11,766 INFO apscheduler.executors.default: Job "main.<locals>.run_position_check (trigger: interval[0:00:05], next run at: 2026-09-17 17:50:16 +07)" executed successfully
2026-09-17 17:50:11,766 INFO apscheduler.executors.default: Running job "main.<locals>.run_trail_sl (trigger: interval[0:00:05], next run at: 2026-09-17 17:50:16 +07)" (scheduled at 2026-09-17 17:50:11.713136+07:00)
2026-09-17 17:50:11,770 INFO apscheduler.executors.default: Job "main.<locals>.run_trail_sl (trigger: interval[0:00:05], next run at: 2026-09-17 17:50:16 +07)" executed successfully
2026-09-17 17:50:11,771 INFO apscheduler.executors.default: Running job "main.<locals>.save_bot_state_job (trigger: interval[0:00:15], next run at: 2026-09-17 17:50:26 +07)" (scheduled at 2026-09-17 17:50:11.714136+07:00)
2026-09-17 17:50:11,778 INFO apscheduler.executors.default: Job "main.<locals>.save_bot_state_job (trigger: interval[0:00:15], next run at: 2026-09-17 17:50:26 +07)" executed successfully
2026-09-17 17:50:11,955 INFO apscheduler.executors.default: Job "main.<locals>.run_scan (trigger: cron[second='1,6,11,16,21,26,31,36,41,46,51,56'], next run at: 2026-09-17 17:50:16 +07)" executed successfully
2026-09-17 17:50:12,163 INFO httpx: HTTP Request: POST https://api.telegram.org/bot8698852591:AAGLSZSQhC0W0KP9ZeZ9Gkr6k-NFoghMC68/getUpdates "HTTP/1.1 200 OK"
2026-09-17 17:50:16,020 INFO apscheduler.executors.default: Running job "main.<locals>.run_scan (trigger: cron[second='1,6,11,16,21,26,31,36,41,46,51,56'], next run at: 2026-09-17 17:50:21 +07)" (scheduled at 2026-09-17 17:50:16+07:00)
2026-09-17 17:50:16,736 INFO apscheduler.executors.default: Running job "main.<locals>.run_lts_aus_fast_scan (trigger: interval[0:00:05], next run at: 2026-09-17 17:50:21 +07)" (scheduled at 2026-09-17 17:50:16.713136+07:00)
2026-09-17 17:50:16,737 INFO apscheduler.executors.default: Job "main.<locals>.run_lts_aus_fast_scan (trigger: interval[0:00:05], next run at: 2026-09-17 17:50:21 +07)" executed successfully
2026-09-17 17:50:16,738 INFO apscheduler.executors.default: Running job "main.<locals>.run_position_check (trigger: interval[0:00:05], next run at: 2026-09-17 17:50:21 +07)" (scheduled at 2026-09-17 17:50:16.713136+07:00)
2026-09-17 17:50:16,779 INFO apscheduler.executors.default: Job "main.<locals>.run_position_check (trigger: interval[0:00:05], next run at: 2026-09-17 17:50:21 +07)" executed successfully
2026-09-17 17:50:16,779 INFO apscheduler.executors.default: Running job "main.<locals>.run_trail_sl (trigger: interval[0:00:05], next run at: 2026-09-17 17:50:21 +07)" (scheduled at 2026-09-17 17:50:16.713136+07:00)
2026-09-17 17:50:16,781 INFO apscheduler.executors.default: Job "main.<locals>.run_trail_sl (trigger: interval[0:00:05], next run at: 2026-09-17 17:50:21 +07)" executed successfully
2026-09-17 17:50:16,878 INFO apscheduler.executors.default: Job "main.<locals>.run_scan (trigger: cron[second='1,6,11,16,21,26,31,36,41,46,51,56'], next run at: 2026-09-17 17:50:21 +07)" executed successfully
2026-09-17 17:50:21,012 INFO apscheduler.executors.default: Running job "main.<locals>.run_scan (trigger: cron[second='1,6,11,16,21,26,31,36,41,46,51,56'], next run at: 2026-09-17 17:50:26 +07)" (scheduled at 2026-09-17 17:50:21+07:00)
2026-09-17 17:50:21,726 INFO apscheduler.executors.default: Running job "main.<locals>.run_lts_aus_fast_scan (trigger: interval[0:00:05], next run at: 2026-09-17 17:50:26 +07)" (scheduled at 2026-09-17 17:50:21.713136+07:00)
2026-09-17 17:50:21,726 INFO apscheduler.executors.default: Job "main.<locals>.run_lts_aus_fast_scan (trigger: interval[0:00:05], next run at: 2026-09-17 17:50:26 +07)" executed successfully
2026-09-17 17:50:21,729 INFO apscheduler.executors.default: Running job "main.<locals>.run_position_check (trigger: interval[0:00:05], next run at: 2026-09-17 17:50:26 +07)" (scheduled at 2026-09-17 17:50:21.713136+07:00)
2026-09-17 17:50:21,780 INFO apscheduler.executors.default: Job "main.<locals>.run_position_check (trigger: interval[0:00:05], next run at: 2026-09-17 17:50:26 +07)" executed successfully
2026-09-17 17:50:21,781 INFO apscheduler.executors.default: Running job "main.<locals>.run_trail_sl (trigger: interval[0:00:05], next run at: 2026-09-17 17:50:26 +07)" (scheduled at 2026-09-17 17:50:21.713136+07:00)
2026-09-17 17:50:21,783 INFO apscheduler.executors.default: Job "main.<locals>.run_trail_sl (trigger: interval[0:00:05], next run at: 2026-09-17 17:50:26 +07)" executed successfully
2026-09-17 17:50:21,952 INFO apscheduler.executors.default: Job "main.<locals>.run_scan (trigger: cron[second='1,6,11,16,21,26,31,36,41,46,51,56'], next run at: 2026-09-17 17:50:26 +07)" executed successfully
2026-09-17 17:50:22,404 INFO httpx: HTTP Request: POST https://api.telegram.org/bot8698852591:AAGLSZSQhC0W0KP9ZeZ9Gkr6k-NFoghMC68/getUpdates "HTTP/1.1 200 OK"
2026-09-17 17:50:25,721 INFO apscheduler.executors.default: Running job "main.<locals>.write_heartbeat_job (trigger: interval[0:00:15], next run at: 2026-09-17 17:50:40 +07)" (scheduled at 2026-09-17 17:50:25.715137+07:00)
2026-09-17 17:50:25,727 INFO apscheduler.executors.default: Job "main.<locals>.write_heartbeat_job (trigger: interval[0:00:15], next run at: 2026-09-17 17:50:40 +07)" executed successfully
2026-09-17 17:50:26,016 INFO apscheduler.executors.default: Running job "main.<locals>.run_scan (trigger: cron[second='1,6,11,16,21,26,31,36,41,46,51,56'], next run at: 2026-09-17 17:50:31 +07)" (scheduled at 2026-09-17 17:50:26+07:00)
2026-09-17 17:50:26,716 INFO apscheduler.executors.default: Running job "main.<locals>.run_lts_aus_fast_scan (trigger: interval[0:00:05], next run at: 2026-09-17 17:50:31 +07)" (scheduled at 2026-09-17 17:50:26.713136+07:00)
2026-09-17 17:50:26,717 INFO apscheduler.executors.default: Job "main.<locals>.run_lts_aus_fast_scan (trigger: interval[0:00:05], next run at: 2026-09-17 17:50:31 +07)" executed successfully
2026-09-17 17:50:26,717 INFO apscheduler.executors.default: Running job "main.<locals>.run_position_check (trigger: interval[0:00:05], next run at: 2026-09-17 17:50:31 +07)" (scheduled at 2026-09-17 17:50:26.713136+07:00)
2026-09-17 17:50:26,754 INFO apscheduler.executors.default: Job "main.<locals>.run_position_check (trigger: interval[0:00:05], next run at: 2026-09-17 17:50:31 +07)" executed successfully
2026-09-17 17:50:26,754 INFO apscheduler.executors.default: Running job "main.<locals>.run_trail_sl (trigger: interval[0:00:05], next run at: 2026-09-17 17:50:31 +07)" (scheduled at 2026-09-17 17:50:26.713136+07:00)
2026-09-17 17:50:26,756 INFO apscheduler.executors.default: Job "main.<locals>.run_trail_sl (trigger: interval[0:00:05], next run at: 2026-09-17 17:50:31 +07)" executed successfully
2026-09-17 17:50:26,757 INFO apscheduler.executors.default: Running job "main.<locals>.save_bot_state_job (trigger: interval[0:00:15], next run at: 2026-09-17 17:50:41 +07)" (scheduled at 2026-09-17 17:50:26.714136+07:00)
2026-09-17 17:50:26,761 INFO apscheduler.executors.default: Job "main.<locals>.save_bot_state_job (trigger: interval[0:00:15], next run at: 2026-09-17 17:50:41 +07)" executed successfully
2026-09-17 17:50:26,950 INFO apscheduler.executors.default: Job "main.<locals>.run_scan (trigger: cron[second='1,6,11,16,21,26,31,36,41,46,51,56'], next run at: 2026-09-17 17:50:31 +07)" executed successfully
2026-09-17 17:50:31,014 INFO apscheduler.executors.default: Running job "main.<locals>.run_scan (trigger: cron[second='1,6,11,16,21,26,31,36,41,46,51,56'], next run at: 2026-09-17 17:50:36 +07)" (scheduled at 2026-09-17 17:50:31+07:00)
2026-09-17 17:50:31,716 INFO apscheduler.executors.default: Running job "main.<locals>.run_lts_aus_fast_scan (trigger: interval[0:00:05], next run at: 2026-09-17 17:50:36 +07)" (scheduled at 2026-09-17 17:50:31.713136+07:00)
2026-09-17 17:50:31,716 INFO apscheduler.executors.default: Job "main.<locals>.run_lts_aus_fast_scan (trigger: interval[0:00:05], next run at: 2026-09-17 17:50:36 +07)" executed successfully
2026-09-17 17:50:31,718 INFO apscheduler.executors.default: Running job "main.<locals>.run_position_check (trigger: interval[0:00:05], next run at: 2026-09-17 17:50:36 +07)" (scheduled at 2026-09-17 17:50:31.713136+07:00)
2026-09-17 17:50:31,764 INFO apscheduler.executors.default: Job "main.<locals>.run_position_check (trigger: interval[0:00:05], next run at: 2026-09-17 17:50:36 +07)" executed successfully
2026-09-17 17:50:31,764 INFO apscheduler.executors.default: Running job "main.<locals>.run_trail_sl (trigger: interval[0:00:05], next run at: 2026-09-17 17:50:36 +07)" (scheduled at 2026-09-17 17:50:31.713136+07:00)
2026-09-17 17:50:31,766 INFO apscheduler.executors.default: Job "main.<locals>.run_trail_sl (trigger: interval[0:00:05], next run at: 2026-09-17 17:50:36 +07)" executed successfully
2026-09-17 17:50:31,901 INFO apscheduler.executors.default: Job "main.<locals>.run_scan (trigger: cron[second='1,6,11,16,21,26,31,36,41,46,51,56'], next run at: 2026-09-17 17:50:36 +07)" executed successfully
2026-09-17 17:50:32,609 INFO httpx: HTTP Request: POST https://api.telegram.org/bot8698852591:AAGLSZSQhC0W0KP9ZeZ9Gkr6k-NFoghMC68/getUpdates "HTTP/1.1 200 OK"
2026-09-17 17:50:36,007 INFO apscheduler.executors.default: Running job "main.<locals>.run_scan (trigger: cron[second='1,6,11,16,21,26,31,36,41,46,51,56'], next run at: 2026-09-17 17:50:41 +07)" (scheduled at 2026-09-17 17:50:36+07:00)
2026-09-17 17:50:36,721 INFO apscheduler.executors.default: Running job "main.<locals>.run_lts_aus_fast_scan (trigger: interval[0:00:05], next run at: 2026-09-17 17:50:41 +07)" (scheduled at 2026-09-17 17:50:36.713136+07:00)
2026-09-17 17:50:36,722 INFO apscheduler.executors.default: Job "main.<locals>.run_lts_aus_fast_scan (trigger: interval[0:00:05], next run at: 2026-09-17 17:50:41 +07)" executed successfully
2026-09-17 17:50:36,723 INFO apscheduler.executors.default: Running job "main.<locals>.run_position_check (trigger: interval[0:00:05], next run at: 2026-09-17 17:50:41 +07)" (scheduled at 2026-09-17 17:50:36.713136+07:00)
2026-09-17 17:50:36,764 INFO apscheduler.executors.default: Job "main.<locals>.run_position_check (trigger: interval[0:00:05], next run at: 2026-09-17 17:50:41 +07)" executed successfully
2026-09-17 17:50:36,764 INFO apscheduler.executors.default: Running job "main.<locals>.run_trail_sl (trigger: interval[0:00:05], next run at: 2026-09-17 17:50:41 +07)" (scheduled at 2026-09-17 17:50:36.713136+07:00)
2026-09-17 17:50:36,766 INFO apscheduler.executors.default: Job "main.<locals>.run_trail_sl (trigger: interval[0:00:05], next run at: 2026-09-17 17:50:41 +07)" executed successfully
2026-09-17 17:50:36,862 INFO apscheduler.executors.default: Job "main.<locals>.run_scan (trigger: cron[second='1,6,11,16,21,26,31,36,41,46,51,56'], next run at: 2026-09-17 17:50:41 +07)" executed successfully
2026-09-17 17:50:40,731 INFO apscheduler.executors.default: Running job "main.<locals>.write_heartbeat_job (trigger: interval[0:00:15], next run at: 2026-09-17 17:50:55 +07)" (scheduled at 2026-09-17 17:50:40.715137+07:00)
2026-09-17 17:50:40,736 INFO apscheduler.executors.default: Job "main.<locals>.write_heartbeat_job (trigger: interval[0:00:15], next run at: 2026-09-17 17:50:55 +07)" executed successfully
2026-09-17 17:50:41,012 INFO apscheduler.executors.default: Running job "main.<locals>.run_scan (trigger: cron[second='1,6,11,16,21,26,31,36,41,46,51,56'], next run at: 2026-09-17 17:50:46 +07)" (scheduled at 2026-09-17 17:50:41+07:00)
2026-09-17 17:50:41,729 INFO apscheduler.executors.default: Running job "main.<locals>.run_lts_aus_fast_scan (trigger: interval[0:00:05], next run at: 2026-09-17 17:50:46 +07)" (scheduled at 2026-09-17 17:50:41.713136+07:00)
2026-09-17 17:50:41,730 INFO apscheduler.executors.default: Job "main.<locals>.run_lts_aus_fast_scan (trigger: interval[0:00:05], next run at: 2026-09-17 17:50:46 +07)" executed successfully
2026-09-17 17:50:41,730 INFO apscheduler.executors.default: Running job "main.<locals>.run_position_check (trigger: interval[0:00:05], next run at: 2026-09-17 17:50:46 +07)" (scheduled at 2026-09-17 17:50:41.713136+07:00)
2026-09-17 17:50:41,775 INFO apscheduler.executors.default: Job "main.<locals>.run_position_check (trigger: interval[0:00:05], next run at: 2026-09-17 17:50:46 +07)" executed successfully
2026-09-17 17:50:41,775 INFO apscheduler.executors.default: Running job "main.<locals>.run_trail_sl (trigger: interval[0:00:05], next run at: 2026-09-17 17:50:46 +07)" (scheduled at 2026-09-17 17:50:41.713136+07:00)
2026-09-17 17:50:41,776 INFO apscheduler.executors.default: Job "main.<locals>.run_trail_sl (trigger: interval[0:00:05], next run at: 2026-09-17 17:50:46 +07)" executed successfully
2026-09-17 17:50:41,778 INFO apscheduler.executors.default: Running job "main.<locals>.save_bot_state_job (trigger: interval[0:00:15], next run at: 2026-09-17 17:50:56 +07)" (scheduled at 2026-09-17 17:50:41.714136+07:00)
2026-09-17 17:50:41,782 INFO apscheduler.executors.default: Job "main.<locals>.save_bot_state_job (trigger: interval[0:00:15], next run at: 2026-09-17 17:50:56 +07)" executed successfully
2026-09-17 17:50:41,917 INFO apscheduler.executors.default: Job "main.<locals>.run_scan (trigger: cron[second='1,6,11,16,21,26,31,36,41,46,51,56'], next run at: 2026-09-17 17:50:46 +07)" executed successfully
2026-09-17 17:50:42,805 INFO httpx: HTTP Request: POST https://api.telegram.org/bot8698852591:AAGLSZSQhC0W0KP9ZeZ9Gkr6k-NFoghMC68/getUpdates "HTTP/1.1 200 OK"
2026-09-17 17:50:46,002 INFO apscheduler.executors.default: Running job "main.<locals>.run_scan (trigger: cron[second='1,6,11,16,21,26,31,36,41,46,51,56'], next run at: 2026-09-17 17:50:51 +07)" (scheduled at 2026-09-17 17:50:46+07:00)
2026-09-17 17:50:46,737 INFO apscheduler.executors.default: Running job "main.<locals>.run_lts_aus_fast_scan (trigger: interval[0:00:05], next run at: 2026-09-17 17:50:51 +07)" (scheduled at 2026-09-17 17:50:46.713136+07:00)
2026-09-17 17:50:46,737 INFO apscheduler.executors.default: Job "main.<locals>.run_lts_aus_fast_scan (trigger: interval[0:00:05], next run at: 2026-09-17 17:50:51 +07)" executed successfully
2026-09-17 17:50:46,738 INFO apscheduler.executors.default: Running job "main.<locals>.run_position_check (trigger: interval[0:00:05], next run at: 2026-09-17 17:50:51 +07)" (scheduled at 2026-09-17 17:50:46.713136+07:00)
2026-09-17 17:50:46,781 INFO apscheduler.executors.default: Job "main.<locals>.run_position_check (trigger: interval[0:00:05], next run at: 2026-09-17 17:50:51 +07)" executed successfully
2026-09-17 17:50:46,782 INFO apscheduler.executors.default: Running job "main.<locals>.run_trail_sl (trigger: interval[0:00:05], next run at: 2026-09-17 17:50:51 +07)" (scheduled at 2026-09-17 17:50:46.713136+07:00)
2026-09-17 17:50:46,784 INFO apscheduler.executors.default: Job "main.<locals>.run_trail_sl (trigger: interval[0:00:05], next run at: 2026-09-17 17:50:51 +07)" executed successfully
2026-09-17 17:50:46,870 INFO apscheduler.executors.default: Job "main.<locals>.run_scan (trigger: cron[second='1,6,11,16,21,26,31,36,41,46,51,56'], next run at: 2026-09-17 17:50:51 +07)" executed successfully
2026-09-17 17:50:51,012 INFO apscheduler.executors.default: Running job "main.<locals>.run_scan (trigger: cron[second='1,6,11,16,21,26,31,36,41,46,51,56'], next run at: 2026-09-17 17:50:56 +07)" (scheduled at 2026-09-17 17:50:51+07:00)
2026-09-17 17:50:51,726 INFO apscheduler.executors.default: Running job "main.<locals>.run_lts_aus_fast_scan (trigger: interval[0:00:05], next run at: 2026-09-17 17:50:56 +07)" (scheduled at 2026-09-17 17:50:51.713136+07:00)
2026-09-17 17:50:51,726 INFO apscheduler.executors.default: Job "main.<locals>.run_lts_aus_fast_scan (trigger: interval[0:00:05], next run at: 2026-09-17 17:50:56 +07)" executed successfully
2026-09-17 17:50:51,728 INFO apscheduler.executors.default: Running job "main.<locals>.run_position_check (trigger: interval[0:00:05], next run at: 2026-09-17 17:50:56 +07)" (scheduled at 2026-09-17 17:50:51.713136+07:00)
2026-09-17 17:50:51,775 INFO apscheduler.executors.default: Job "main.<locals>.run_position_check (trigger: interval[0:00:05], next run at: 2026-09-17 17:50:56 +07)" executed successfully
2026-09-17 17:50:51,776 INFO apscheduler.executors.default: Running job "main.<locals>.run_trail_sl (trigger: interval[0:00:05], next run at: 2026-09-17 17:50:56 +07)" (scheduled at 2026-09-17 17:50:51.713136+07:00)
2026-09-17 17:50:51,778 INFO apscheduler.executors.default: Job "main.<locals>.run_trail_sl (trigger: interval[0:00:05], next run at: 2026-09-17 17:50:56 +07)" executed successfully
2026-09-17 17:50:51,966 INFO apscheduler.executors.default: Job "main.<locals>.run_scan (trigger: cron[second='1,6,11,16,21,26,31,36,41,46,51,56'], next run at: 2026-09-17 17:50:56 +07)" executed successfully
2026-09-17 17:50:52,999 INFO httpx: HTTP Request: POST https://api.telegram.org/bot8698852591:AAGLSZSQhC0W0KP9ZeZ9Gkr6k-NFoghMC68/getUpdates "HTTP/1.1 200 OK"
2026-09-17 17:50:55,726 INFO apscheduler.executors.default: Running job "main.<locals>.write_heartbeat_job (trigger: interval[0:00:15], next run at: 2026-09-17 17:51:10 +07)" (scheduled at 2026-09-17 17:50:55.715137+07:00)
2026-09-17 17:50:55,731 INFO apscheduler.executors.default: Job "main.<locals>.write_heartbeat_job (trigger: interval[0:00:15], next run at: 2026-09-17 17:51:10 +07)" executed successfully
2026-09-17 17:50:56,009 INFO apscheduler.executors.default: Running job "main.<locals>.run_scan (trigger: cron[second='1,6,11,16,21,26,31,36,41,46,51,56'], next run at: 2026-09-17 17:51:01 +07)" (scheduled at 2026-09-17 17:50:56+07:00)
2026-09-17 17:50:56,724 INFO apscheduler.executors.default: Running job "main.<locals>.check_symbol_switch (trigger: interval[0:01:00], next run at: 2026-09-17 17:51:56 +07)" (scheduled at 2026-09-17 17:50:56.709584+07:00)
2026-09-17 17:50:56,744 INFO apscheduler.executors.default: Job "main.<locals>.check_symbol_switch (trigger: interval[0:01:00], next run at: 2026-09-17 17:51:56 +07)" executed successfully
2026-09-17 17:50:56,744 INFO apscheduler.executors.default: Running job "main.<locals>.run_lts_aus_fast_scan (trigger: interval[0:00:05], next run at: 2026-09-17 17:51:01 +07)" (scheduled at 2026-09-17 17:50:56.713136+07:00)
2026-09-17 17:50:56,744 INFO apscheduler.executors.default: Job "main.<locals>.run_lts_aus_fast_scan (trigger: interval[0:00:05], next run at: 2026-09-17 17:51:01 +07)" executed successfully
2026-09-17 17:50:56,744 INFO apscheduler.executors.default: Running job "main.<locals>.run_position_check (trigger: interval[0:00:05], next run at: 2026-09-17 17:51:01 +07)" (scheduled at 2026-09-17 17:50:56.713136+07:00)
2026-09-17 17:50:56,795 INFO apscheduler.executors.default: Job "main.<locals>.run_position_check (trigger: interval[0:00:05], next run at: 2026-09-17 17:51:01 +07)" executed successfully
2026-09-17 17:50:56,795 INFO apscheduler.executors.default: Running job "main.<locals>.run_trail_sl (trigger: interval[0:00:05], next run at: 2026-09-17 17:51:01 +07)" (scheduled at 2026-09-17 17:50:56.713136+07:00)
2026-09-17 17:50:56,797 INFO apscheduler.executors.default: Job "main.<locals>.run_trail_sl (trigger: interval[0:00:05], next run at: 2026-09-17 17:51:01 +07)" executed successfully
2026-09-17 17:50:56,799 INFO apscheduler.executors.default: Running job "main.<locals>.save_bot_state_job (trigger: interval[0:00:15], next run at: 2026-09-17 17:51:11 +07)" (scheduled at 2026-09-17 17:50:56.714136+07:00)
2026-09-17 17:50:56,804 INFO apscheduler.executors.default: Job "main.<locals>.save_bot_state_job (trigger: interval[0:00:15], next run at: 2026-09-17 17:51:11 +07)" executed successfully
2026-09-17 17:50:56,804 INFO apscheduler.executors.default: Running job "main.<locals>.run_watchdog (trigger: interval[0:01:00], next run at: 2026-09-17 17:51:56 +07)" (scheduled at 2026-09-17 17:50:56.715137+07:00)
2026-09-17 17:50:56,814 INFO apscheduler.executors.default: Job "main.<locals>.run_watchdog (trigger: interval[0:01:00], next run at: 2026-09-17 17:51:56 +07)" executed successfully
2026-09-17 17:50:56,948 INFO apscheduler.executors.default: Job "main.<locals>.run_scan (trigger: cron[second='1,6,11,16,21,26,31,36,41,46,51,56'], next run at: 2026-09-17 17:51:01 +07)" executed successfully
2026-09-17 17:51:01,022 INFO apscheduler.executors.default: Running job "main.<locals>.run_scan (trigger: cron[second='1,6,11,16,21,26,31,36,41,46,51,56'], next run at: 2026-09-17 17:51:06 +07)" (scheduled at 2026-09-17 17:51:01+07:00)
2026-09-17 17:51:01,724 INFO apscheduler.executors.default: Running job "main.<locals>.run_lts_aus_fast_scan (trigger: interval[0:00:05], next run at: 2026-09-17 17:51:06 +07)" (scheduled at 2026-09-17 17:51:01.713136+07:00)
2026-09-17 17:51:01,725 INFO apscheduler.executors.default: Job "main.<locals>.run_lts_aus_fast_scan (trigger: interval[0:00:05], next run at: 2026-09-17 17:51:06 +07)" executed successfully
2026-09-17 17:51:01,726 INFO apscheduler.executors.default: Running job "main.<locals>.run_position_check (trigger: interval[0:00:05], next run at: 2026-09-17 17:51:06 +07)" (scheduled at 2026-09-17 17:51:01.713136+07:00)
2026-09-17 17:51:01,780 INFO apscheduler.executors.default: Job "main.<locals>.run_position_check (trigger: interval[0:00:05], next run at: 2026-09-17 17:51:06 +07)" executed successfully
2026-09-17 17:51:01,781 INFO apscheduler.executors.default: Running job "main.<locals>.run_trail_sl (trigger: interval[0:00:05], next run at: 2026-09-17 17:51:06 +07)" (scheduled at 2026-09-17 17:51:01.713136+07:00)
2026-09-17 17:51:01,782 INFO apscheduler.executors.default: Job "main.<locals>.run_trail_sl (trigger: interval[0:00:05], next run at: 2026-09-17 17:51:06 +07)" executed successfully
2026-09-17 17:51:02,086 INFO apscheduler.executors.default: Job "main.<locals>.run_scan (trigger: cron[second='1,6,11,16,21,26,31,36,41,46,51,56'], next run at: 2026-09-17 17:51:06 +07)" executed successfully
2026-09-17 17:51:03,194 INFO httpx: HTTP Request: POST https://api.telegram.org/bot8698852591:AAGLSZSQhC0W0KP9ZeZ9Gkr6k-NFoghMC68/getUpdates "HTTP/1.1 200 OK"
2026-09-17 17:51:06,011 INFO apscheduler.executors.default: Running job "main.<locals>.run_scan (trigger: cron[second='1,6,11,16,21,26,31,36,41,46,51,56'], next run at: 2026-09-17 17:51:11 +07)" (scheduled at 2026-09-17 17:51:06+07:00)
2026-09-17 17:51:06,727 INFO apscheduler.executors.default: Running job "main.<locals>.run_lts_aus_fast_scan (trigger: interval[0:00:05], next run at: 2026-09-17 17:51:11 +07)" (scheduled at 2026-09-17 17:51:06.713136+07:00)
2026-09-17 17:51:06,728 INFO apscheduler.executors.default: Job "main.<locals>.run_lts_aus_fast_scan (trigger: interval[0:00:05], next run at: 2026-09-17 17:51:11 +07)" executed successfully
2026-09-17 17:51:06,729 INFO apscheduler.executors.default: Running job "main.<locals>.run_position_check (trigger: interval[0:00:05], next run at: 2026-09-17 17:51:11 +07)" (scheduled at 2026-09-17 17:51:06.713136+07:00)
2026-09-17 17:51:06,774 INFO apscheduler.executors.default: Job "main.<locals>.run_position_check (trigger: interval[0:00:05], next run at: 2026-09-17 17:51:11 +07)" executed successfully
2026-09-17 17:51:06,775 INFO apscheduler.executors.default: Running job "main.<locals>.run_trail_sl (trigger: interval[0:00:05], next run at: 2026-09-17 17:51:11 +07)" (scheduled at 2026-09-17 17:51:06.713136+07:00)
2026-09-17 17:51:06,776 INFO apscheduler.executors.default: Job "main.<locals>.run_trail_sl (trigger: interval[0:00:05], next run at: 2026-09-17 17:51:11 +07)" executed successfully
2026-09-17 17:51:06,878 INFO apscheduler.executors.default: Job "main.<locals>.run_scan (trigger: cron[second='1,6,11,16,21,26,31,36,41,46,51,56'], next run at: 2026-09-17 17:51:11 +07)" executed successfully
2026-09-17 17:51:10,727 INFO apscheduler.executors.default: Running job "main.<locals>.write_heartbeat_job (trigger: interval[0:00:15], next run at: 2026-09-17 17:51:25 +07)" (scheduled at 2026-09-17 17:51:10.715137+07:00)
2026-09-17 17:51:10,731 INFO apscheduler.executors.default: Job "main.<locals>.write_heartbeat_job (trigger: interval[0:00:15], next run at: 2026-09-17 17:51:25 +07)" executed successfully
2026-09-17 17:51:11,010 INFO apscheduler.executors.default: Running job "main.<locals>.run_scan (trigger: cron[second='1,6,11,16,21,26,31,36,41,46,51,56'], next run at: 2026-09-17 17:51:16 +07)" (scheduled at 2026-09-17 17:51:11+07:00)
2026-09-17 17:51:11,724 INFO apscheduler.executors.default: Running job "main.<locals>.run_lts_aus_fast_scan (trigger: interval[0:00:05], next run at: 2026-09-17 17:51:16 +07)" (scheduled at 2026-09-17 17:51:11.713136+07:00)
2026-09-17 17:51:11,724 INFO apscheduler.executors.default: Job "main.<locals>.run_lts_aus_fast_scan (trigger: interval[0:00:05], next run at: 2026-09-17 17:51:16 +07)" executed successfully
2026-09-17 17:51:11,725 INFO apscheduler.executors.default: Running job "main.<locals>.run_position_check (trigger: interval[0:00:05], next run at: 2026-09-17 17:51:16 +07)" (scheduled at 2026-09-17 17:51:11.713136+07:00)
2026-09-17 17:51:11,778 INFO apscheduler.executors.default: Job "main.<locals>.run_position_check (trigger: interval[0:00:05], next run at: 2026-09-17 17:51:16 +07)" executed successfully
2026-09-17 17:51:11,779 INFO apscheduler.executors.default: Running job "main.<locals>.run_trail_sl (trigger: interval[0:00:05], next run at: 2026-09-17 17:51:16 +07)" (scheduled at 2026-09-17 17:51:11.713136+07:00)
2026-09-17 17:51:11,780 INFO apscheduler.executors.default: Job "main.<locals>.run_trail_sl (trigger: interval[0:00:05], next run at: 2026-09-17 17:51:16 +07)" executed successfully
2026-09-17 17:51:11,780 INFO apscheduler.executors.default: Running job "main.<locals>.save_bot_state_job (trigger: interval[0:00:15], next run at: 2026-09-17 17:51:26 +07)" (scheduled at 2026-09-17 17:51:11.714136+07:00)
2026-09-17 17:51:11,787 INFO apscheduler.executors.default: Job "main.<locals>.save_bot_state_job (trigger: interval[0:00:15], next run at: 2026-09-17 17:51:26 +07)" executed successfully
2026-09-17 17:51:11,937 INFO apscheduler.executors.default: Job "main.<locals>.run_scan (trigger: cron[second='1,6,11,16,21,26,31,36,41,46,51,56'], next run at: 2026-09-17 17:51:16 +07)" executed successfully
2026-09-17 17:51:13,392 INFO httpx: HTTP Request: POST https://api.telegram.org/bot8698852591:AAGLSZSQhC0W0KP9ZeZ9Gkr6k-NFoghMC68/getUpdates "HTTP/1.1 200 OK"
2026-09-17 17:51:16,006 INFO apscheduler.executors.default: Running job "main.<locals>.run_scan (trigger: cron[second='1,6,11,16,21,26,31,36,41,46,51,56'], next run at: 2026-09-17 17:51:21 +07)" (scheduled at 2026-09-17 17:51:16+07:00)
2026-09-17 17:51:16,721 INFO apscheduler.executors.default: Running job "main.<locals>.run_lts_aus_fast_scan (trigger: interval[0:00:05], next run at: 2026-09-17 17:51:21 +07)" (scheduled at 2026-09-17 17:51:16.713136+07:00)
2026-09-17 17:51:16,722 INFO apscheduler.executors.default: Job "main.<locals>.run_lts_aus_fast_scan (trigger: interval[0:00:05], next run at: 2026-09-17 17:51:21 +07)" executed successfully
2026-09-17 17:51:16,723 INFO apscheduler.executors.default: Running job "main.<locals>.run_position_check (trigger: interval[0:00:05], next run at: 2026-09-17 17:51:21 +07)" (scheduled at 2026-09-17 17:51:16.713136+07:00)
2026-09-17 17:51:16,765 INFO apscheduler.executors.default: Job "main.<locals>.run_position_check (trigger: interval[0:00:05], next run at: 2026-09-17 17:51:21 +07)" executed successfully
2026-09-17 17:51:16,766 INFO apscheduler.executors.default: Running job "main.<locals>.run_trail_sl (trigger: interval[0:00:05], next run at: 2026-09-17 17:51:21 +07)" (scheduled at 2026-09-17 17:51:16.713136+07:00)
2026-09-17 17:51:16,769 INFO apscheduler.executors.default: Job "main.<locals>.run_trail_sl (trigger: interval[0:00:05], next run at: 2026-09-17 17:51:21 +07)" executed successfully
2026-09-17 17:51:16,854 INFO apscheduler.executors.default: Job "main.<locals>.run_scan (trigger: cron[second='1,6,11,16,21,26,31,36,41,46,51,56'], next run at: 2026-09-17 17:51:21 +07)" executed successfully
2026-09-17 17:51:21,015 INFO apscheduler.executors.default: Running job "main.<locals>.run_scan (trigger: cron[second='1,6,11,16,21,26,31,36,41,46,51,56'], next run at: 2026-09-17 17:51:26 +07)" (scheduled at 2026-09-17 17:51:21+07:00)
2026-09-17 17:51:21,716 INFO apscheduler.executors.default: Running job "main.<locals>.run_lts_aus_fast_scan (trigger: interval[0:00:05], next run at: 2026-09-17 17:51:26 +07)" (scheduled at 2026-09-17 17:51:21.713136+07:00)
2026-09-17 17:51:21,716 INFO apscheduler.executors.default: Job "main.<locals>.run_lts_aus_fast_scan (trigger: interval[0:00:05], next run at: 2026-09-17 17:51:26 +07)" executed successfully
2026-09-17 17:51:21,718 INFO apscheduler.executors.default: Running job "main.<locals>.run_position_check (trigger: interval[0:00:05], next run at: 2026-09-17 17:51:26 +07)" (scheduled at 2026-09-17 17:51:21.713136+07:00)
2026-09-17 17:51:21,764 INFO apscheduler.executors.default: Job "main.<locals>.run_position_check (trigger: interval[0:00:05], next run at: 2026-09-17 17:51:26 +07)" executed successfully
2026-09-17 17:51:21,764 INFO apscheduler.executors.default: Running job "main.<locals>.run_trail_sl (trigger: interval[0:00:05], next run at: 2026-09-17 17:51:26 +07)" (scheduled at 2026-09-17 17:51:21.713136+07:00)
2026-09-17 17:51:21,767 INFO apscheduler.executors.default: Job "main.<locals>.run_trail_sl (trigger: interval[0:00:05], next run at: 2026-09-17 17:51:26 +07)" executed successfully
2026-09-17 17:51:21,874 INFO apscheduler.executors.default: Job "main.<locals>.run_scan (trigger: cron[second='1,6,11,16,21,26,31,36,41,46,51,56'], next run at: 2026-09-17 17:51:26 +07)" executed successfully
2026-09-17 17:51:23,596 INFO httpx: HTTP Request: POST https://api.telegram.org/bot8698852591:AAGLSZSQhC0W0KP9ZeZ9Gkr6k-NFoghMC68/getUpdates "HTTP/1.1 200 OK"
2026-09-17 17:51:25,722 INFO apscheduler.executors.default: Running job "main.<locals>.write_heartbeat_job (trigger: interval[0:00:15], next run at: 2026-09-17 17:51:40 +07)" (scheduled at 2026-09-17 17:51:25.715137+07:00)
2026-09-17 17:51:25,726 INFO apscheduler.executors.default: Job "main.<locals>.write_heartbeat_job (trigger: interval[0:00:15], next run at: 2026-09-17 17:51:40 +07)" executed successfully
2026-09-17 17:51:26,021 INFO apscheduler.executors.default: Running job "main.<locals>.run_scan (trigger: cron[second='1,6,11,16,21,26,31,36,41,46,51,56'], next run at: 2026-09-17 17:51:31 +07)" (scheduled at 2026-09-17 17:51:26+07:00)
2026-09-17 17:51:26,734 INFO apscheduler.executors.default: Running job "main.<locals>.run_lts_aus_fast_scan (trigger: interval[0:00:05], next run at: 2026-09-17 17:51:31 +07)" (scheduled at 2026-09-17 17:51:26.713136+07:00)
2026-09-17 17:51:26,734 INFO apscheduler.executors.default: Job "main.<locals>.run_lts_aus_fast_scan (trigger: interval[0:00:05], next run at: 2026-09-17 17:51:31 +07)" executed successfully
2026-09-17 17:51:26,736 INFO apscheduler.executors.default: Running job "main.<locals>.run_position_check (trigger: interval[0:00:05], next run at: 2026-09-17 17:51:31 +07)" (scheduled at 2026-09-17 17:51:26.713136+07:00)
2026-09-17 17:51:26,778 INFO apscheduler.executors.default: Job "main.<locals>.run_position_check (trigger: interval[0:00:05], next run at: 2026-09-17 17:51:31 +07)" executed successfully
2026-09-17 17:51:26,779 INFO apscheduler.executors.default: Running job "main.<locals>.run_trail_sl (trigger: interval[0:00:05], next run at: 2026-09-17 17:51:31 +07)" (scheduled at 2026-09-17 17:51:26.713136+07:00)
2026-09-17 17:51:26,781 INFO apscheduler.executors.default: Job "main.<locals>.run_trail_sl (trigger: interval[0:00:05], next run at: 2026-09-17 17:51:31 +07)" executed successfully
2026-09-17 17:51:26,782 INFO apscheduler.executors.default: Running job "main.<locals>.save_bot_state_job (trigger: interval[0:00:15], next run at: 2026-09-17 17:51:41 +07)" (scheduled at 2026-09-17 17:51:26.714136+07:00)
2026-09-17 17:51:26,788 INFO apscheduler.executors.default: Job "main.<locals>.save_bot_state_job (trigger: interval[0:00:15], next run at: 2026-09-17 17:51:41 +07)" executed successfully
2026-09-17 17:51:26,881 INFO apscheduler.executors.default: Job "main.<locals>.run_scan (trigger: cron[second='1,6,11,16,21,26,31,36,41,46,51,56'], next run at: 2026-09-17 17:51:31 +07)" executed successfully
2026-09-17 17:51:31,006 INFO apscheduler.executors.default: Running job "main.<locals>.run_scan (trigger: cron[second='1,6,11,16,21,26,31,36,41,46,51,56'], next run at: 2026-09-17 17:51:36 +07)" (scheduled at 2026-09-17 17:51:31+07:00)
2026-09-17 17:51:31,722 INFO apscheduler.executors.default: Running job "main.<locals>.run_lts_aus_fast_scan (trigger: interval[0:00:05], next run at: 2026-09-17 17:51:36 +07)" (scheduled at 2026-09-17 17:51:31.713136+07:00)
2026-09-17 17:51:31,724 INFO apscheduler.executors.default: Job "main.<locals>.run_lts_aus_fast_scan (trigger: interval[0:00:05], next run at: 2026-09-17 17:51:36 +07)" executed successfully
2026-09-17 17:51:31,725 INFO apscheduler.executors.default: Running job "main.<locals>.run_position_check (trigger: interval[0:00:05], next run at: 2026-09-17 17:51:36 +07)" (scheduled at 2026-09-17 17:51:31.713136+07:00)
2026-09-17 17:51:31,776 INFO apscheduler.executors.default: Job "main.<locals>.run_position_check (trigger: interval[0:00:05], next run at: 2026-09-17 17:51:36 +07)" executed successfully
2026-09-17 17:51:31,776 INFO apscheduler.executors.default: Running job "main.<locals>.run_trail_sl (trigger: interval[0:00:05], next run at: 2026-09-17 17:51:36 +07)" (scheduled at 2026-09-17 17:51:31.713136+07:00)
2026-09-17 17:51:31,778 INFO apscheduler.executors.default: Job "main.<locals>.run_trail_sl (trigger: interval[0:00:05], next run at: 2026-09-17 17:51:36 +07)" executed successfully
2026-09-17 17:51:31,885 INFO apscheduler.executors.default: Job "main.<locals>.run_scan (trigger: cron[second='1,6,11,16,21,26,31,36,41,46,51,56'], next run at: 2026-09-17 17:51:36 +07)" executed successfully
2026-09-17 17:51:33,799 INFO httpx: HTTP Request: POST https://api.telegram.org/bot8698852591:AAGLSZSQhC0W0KP9ZeZ9Gkr6k-NFoghMC68/getUpdates "HTTP/1.1 200 OK"
2026-09-17 17:51:36,017 INFO apscheduler.executors.default: Running job "main.<locals>.run_scan (trigger: cron[second='1,6,11,16,21,26,31,36,41,46,51,56'], next run at: 2026-09-17 17:51:41 +07)" (scheduled at 2026-09-17 17:51:36+07:00)
2026-09-17 17:51:36,736 INFO apscheduler.executors.default: Running job "main.<locals>.run_lts_aus_fast_scan (trigger: interval[0:00:05], next run at: 2026-09-17 17:51:41 +07)" (scheduled at 2026-09-17 17:51:36.713136+07:00)
2026-09-17 17:51:36,737 INFO apscheduler.executors.default: Job "main.<locals>.run_lts_aus_fast_scan (trigger: interval[0:00:05], next run at: 2026-09-17 17:51:41 +07)" executed successfully
2026-09-17 17:51:36,737 INFO apscheduler.executors.default: Running job "main.<locals>.run_position_check (trigger: interval[0:00:05], next run at: 2026-09-17 17:51:41 +07)" (scheduled at 2026-09-17 17:51:36.713136+07:00)
2026-09-17 17:51:36,781 INFO apscheduler.executors.default: Job "main.<locals>.run_position_check (trigger: interval[0:00:05], next run at: 2026-09-17 17:51:41 +07)" executed successfully
2026-09-17 17:51:36,782 INFO apscheduler.executors.default: Running job "main.<locals>.run_trail_sl (trigger: interval[0:00:05], next run at: 2026-09-17 17:51:41 +07)" (scheduled at 2026-09-17 17:51:36.713136+07:00)
2026-09-17 17:51:36,784 INFO apscheduler.executors.default: Job "main.<locals>.run_trail_sl (trigger: interval[0:00:05], next run at: 2026-09-17 17:51:41 +07)" executed successfully
2026-09-17 17:51:36,891 INFO apscheduler.executors.default: Job "main.<locals>.run_scan (trigger: cron[second='1,6,11,16,21,26,31,36,41,46,51,56'], next run at: 2026-09-17 17:51:41 +07)" executed successfully
2026-09-17 17:51:40,735 INFO apscheduler.executors.default: Running job "main.<locals>.write_heartbeat_job (trigger: interval[0:00:15], next run at: 2026-09-17 17:51:55 +07)" (scheduled at 2026-09-17 17:51:40.715137+07:00)
2026-09-17 17:51:40,740 INFO apscheduler.executors.default: Job "main.<locals>.write_heartbeat_job (trigger: interval[0:00:15], next run at: 2026-09-17 17:51:55 +07)" executed successfully
2026-09-17 17:51:41,014 INFO apscheduler.executors.default: Running job "main.<locals>.run_scan (trigger: cron[second='1,6,11,16,21,26,31,36,41,46,51,56'], next run at: 2026-09-17 17:51:46 +07)" (scheduled at 2026-09-17 17:51:41+07:00)
2026-09-17 17:51:41,714 INFO apscheduler.executors.default: Running job "main.<locals>.run_lts_aus_fast_scan (trigger: interval[0:00:05], next run at: 2026-09-17 17:51:46 +07)" (scheduled at 2026-09-17 17:51:41.713136+07:00)
2026-09-17 17:51:41,715 INFO apscheduler.executors.default: Job "main.<locals>.run_lts_aus_fast_scan (trigger: interval[0:00:05], next run at: 2026-09-17 17:51:46 +07)" executed successfully
2026-09-17 17:51:41,715 INFO apscheduler.executors.default: Running job "main.<locals>.run_position_check (trigger: interval[0:00:05], next run at: 2026-09-17 17:51:46 +07)" (scheduled at 2026-09-17 17:51:41.713136+07:00)
2026-09-17 17:51:41,759 INFO apscheduler.executors.default: Job "main.<locals>.run_position_check (trigger: interval[0:00:05], next run at: 2026-09-17 17:51:46 +07)" executed successfully
2026-09-17 17:51:41,760 INFO apscheduler.executors.default: Running job "main.<locals>.run_trail_sl (trigger: interval[0:00:05], next run at: 2026-09-17 17:51:46 +07)" (scheduled at 2026-09-17 17:51:41.713136+07:00)
2026-09-17 17:51:41,763 INFO apscheduler.executors.default: Job "main.<locals>.run_trail_sl (trigger: interval[0:00:05], next run at: 2026-09-17 17:51:46 +07)" executed successfully
2026-09-17 17:51:41,763 INFO apscheduler.executors.default: Running job "main.<locals>.save_bot_state_job (trigger: interval[0:00:15], next run at: 2026-09-17 17:51:56 +07)" (scheduled at 2026-09-17 17:51:41.714136+07:00)
2026-09-17 17:51:41,770 INFO apscheduler.executors.default: Job "main.<locals>.save_bot_state_job (trigger: interval[0:00:15], next run at: 2026-09-17 17:51:56 +07)" executed successfully
2026-09-17 17:51:41,900 INFO apscheduler.executors.default: Job "main.<locals>.run_scan (trigger: cron[second='1,6,11,16,21,26,31,36,41,46,51,56'], next run at: 2026-09-17 17:51:46 +07)" executed successfully
2026-09-17 17:51:43,994 INFO httpx: HTTP Request: POST https://api.telegram.org/bot8698852591:AAGLSZSQhC0W0KP9ZeZ9Gkr6k-NFoghMC68/getUpdates "HTTP/1.1 200 OK"
2026-09-17 17:51:46,004 INFO apscheduler.executors.default: Running job "main.<locals>.run_scan (trigger: cron[second='1,6,11,16,21,26,31,36,41,46,51,56'], next run at: 2026-09-17 17:51:51 +07)" (scheduled at 2026-09-17 17:51:46+07:00)
2026-09-17 17:51:46,730 INFO apscheduler.executors.default: Running job "main.<locals>.run_lts_aus_fast_scan (trigger: interval[0:00:05], next run at: 2026-09-17 17:51:51 +07)" (scheduled at 2026-09-17 17:51:46.713136+07:00)
2026-09-17 17:51:46,731 INFO apscheduler.executors.default: Job "main.<locals>.run_lts_aus_fast_scan (trigger: interval[0:00:05], next run at: 2026-09-17 17:51:51 +07)" executed successfully
2026-09-17 17:51:46,731 INFO apscheduler.executors.default: Running job "main.<locals>.run_position_check (trigger: interval[0:00:05], next run at: 2026-09-17 17:51:51 +07)" (scheduled at 2026-09-17 17:51:46.713136+07:00)
2026-09-17 17:51:46,778 INFO apscheduler.executors.default: Job "main.<locals>.run_position_check (trigger: interval[0:00:05], next run at: 2026-09-17 17:51:51 +07)" executed successfully
2026-09-17 17:51:46,778 INFO apscheduler.executors.default: Running job "main.<locals>.run_trail_sl (trigger: interval[0:00:05], next run at: 2026-09-17 17:51:51 +07)" (scheduled at 2026-09-17 17:51:46.713136+07:00)
2026-09-17 17:51:46,781 INFO apscheduler.executors.default: Job "main.<locals>.run_trail_sl (trigger: interval[0:00:05], next run at: 2026-09-17 17:51:51 +07)" executed successfully
2026-09-17 17:51:46,898 INFO apscheduler.executors.default: Job "main.<locals>.run_scan (trigger: cron[second='1,6,11,16,21,26,31,36,41,46,51,56'], next run at: 2026-09-17 17:51:51 +07)" executed successfully
2026-09-17 17:51:51,010 INFO apscheduler.executors.default: Running job "main.<locals>.run_scan (trigger: cron[second='1,6,11,16,21,26,31,36,41,46,51,56'], next run at: 2026-09-17 17:51:56 +07)" (scheduled at 2026-09-17 17:51:51+07:00)
2026-09-17 17:51:51,725 INFO apscheduler.executors.default: Running job "main.<locals>.run_lts_aus_fast_scan (trigger: interval[0:00:05], next run at: 2026-09-17 17:51:56 +07)" (scheduled at 2026-09-17 17:51:51.713136+07:00)
2026-09-17 17:51:51,725 INFO apscheduler.executors.default: Job "main.<locals>.run_lts_aus_fast_scan (trigger: interval[0:00:05], next run at: 2026-09-17 17:51:56 +07)" executed successfully
2026-09-17 17:51:51,726 INFO apscheduler.executors.default: Running job "main.<locals>.run_position_check (trigger: interval[0:00:05], next run at: 2026-09-17 17:51:56 +07)" (scheduled at 2026-09-17 17:51:51.713136+07:00)
2026-09-17 17:51:51,767 INFO apscheduler.executors.default: Job "main.<locals>.run_position_check (trigger: interval[0:00:05], next run at: 2026-09-17 17:51:56 +07)" executed successfully
2026-09-17 17:51:51,767 INFO apscheduler.executors.default: Running job "main.<locals>.run_trail_sl (trigger: interval[0:00:05], next run at: 2026-09-17 17:51:56 +07)" (scheduled at 2026-09-17 17:51:51.713136+07:00)
2026-09-17 17:51:51,770 INFO apscheduler.executors.default: Job "main.<locals>.run_trail_sl (trigger: interval[0:00:05], next run at: 2026-09-17 17:51:56 +07)" executed successfully
2026-09-17 17:51:51,891 INFO apscheduler.executors.default: Job "main.<locals>.run_scan (trigger: cron[second='1,6,11,16,21,26,31,36,41,46,51,56'], next run at: 2026-09-17 17:51:56 +07)" executed successfully
2026-09-17 17:51:54,191 INFO httpx: HTTP Request: POST https://api.telegram.org/bot8698852591:AAGLSZSQhC0W0KP9ZeZ9Gkr6k-NFoghMC68/getUpdates "HTTP/1.1 200 OK"
2026-09-17 17:51:55,720 INFO apscheduler.executors.default: Running job "main.<locals>.write_heartbeat_job (trigger: interval[0:00:15], next run at: 2026-09-17 17:52:10 +07)" (scheduled at 2026-09-17 17:51:55.715137+07:00)
2026-09-17 17:51:55,724 INFO apscheduler.executors.default: Job "main.<locals>.write_heartbeat_job (trigger: interval[0:00:15], next run at: 2026-09-17 17:52:10 +07)" executed successfully
2026-09-17 17:51:56,014 INFO apscheduler.executors.default: Running job "main.<locals>.run_scan (trigger: cron[second='1,6,11,16,21,26,31,36,41,46,51,56'], next run at: 2026-09-17 17:52:01 +07)" (scheduled at 2026-09-17 17:51:56+07:00)
2026-09-17 17:51:56,715 INFO apscheduler.executors.default: Running job "main.<locals>.check_symbol_switch (trigger: interval[0:01:00], next run at: 2026-09-17 17:52:56 +07)" (scheduled at 2026-09-17 17:51:56.709584+07:00)
2026-09-17 17:51:56,738 INFO apscheduler.executors.default: Job "main.<locals>.check_symbol_switch (trigger: interval[0:01:00], next run at: 2026-09-17 17:52:56 +07)" executed successfully
2026-09-17 17:51:56,738 INFO apscheduler.executors.default: Running job "main.<locals>.run_demo_portfolio_scan (trigger: interval[0:05:00], next run at: 2026-09-17 17:56:56 +07)" (scheduled at 2026-09-17 17:51:56.712132+07:00)
2026-09-17 17:51:56,739 INFO apscheduler.executors.default: Job "main.<locals>.run_demo_portfolio_scan (trigger: interval[0:05:00], next run at: 2026-09-17 17:56:56 +07)" executed successfully
2026-09-17 17:51:56,739 INFO apscheduler.executors.default: Running job "main.<locals>.run_lts_aus_fast_scan (trigger: interval[0:00:05], next run at: 2026-09-17 17:52:01 +07)" (scheduled at 2026-09-17 17:51:56.713136+07:00)
2026-09-17 17:51:56,740 INFO apscheduler.executors.default: Job "main.<locals>.run_lts_aus_fast_scan (trigger: interval[0:00:05], next run at: 2026-09-17 17:52:01 +07)" executed successfully
2026-09-17 17:51:56,740 INFO apscheduler.executors.default: Running job "main.<locals>.run_position_check (trigger: interval[0:00:05], next run at: 2026-09-17 17:52:01 +07)" (scheduled at 2026-09-17 17:51:56.713136+07:00)
2026-09-17 17:51:56,788 INFO apscheduler.executors.default: Job "main.<locals>.run_position_check (trigger: interval[0:00:05], next run at: 2026-09-17 17:52:01 +07)" executed successfully
2026-09-17 17:51:56,788 INFO apscheduler.executors.default: Running job "main.<locals>.run_trail_sl (trigger: interval[0:00:05], next run at: 2026-09-17 17:52:01 +07)" (scheduled at 2026-09-17 17:51:56.713136+07:00)
2026-09-17 17:51:56,790 INFO apscheduler.executors.default: Job "main.<locals>.run_trail_sl (trigger: interval[0:00:05], next run at: 2026-09-17 17:52:01 +07)" executed successfully
2026-09-17 17:51:56,791 INFO apscheduler.executors.default: Running job "main.<locals>.save_bot_state_job (trigger: interval[0:00:15], next run at: 2026-09-17 17:52:11 +07)" (scheduled at 2026-09-17 17:51:56.714136+07:00)
2026-09-17 17:51:56,796 INFO apscheduler.executors.default: Job "main.<locals>.save_bot_state_job (trigger: interval[0:00:15], next run at: 2026-09-17 17:52:11 +07)" executed successfully
2026-09-17 17:51:56,800 INFO apscheduler.executors.default: Running job "main.<locals>.run_watchdog (trigger: interval[0:01:00], next run at: 2026-09-17 17:52:56 +07)" (scheduled at 2026-09-17 17:51:56.715137+07:00)
2026-09-17 17:51:56,807 INFO apscheduler.executors.default: Job "main.<locals>.run_watchdog (trigger: interval[0:01:00], next run at: 2026-09-17 17:52:56 +07)" executed successfully
2026-09-17 17:51:56,908 INFO apscheduler.executors.default: Job "main.<locals>.run_scan (trigger: cron[second='1,6,11,16,21,26,31,36,41,46,51,56'], next run at: 2026-09-17 17:52:01 +07)" executed successfully
2026-09-17 17:52:01,012 INFO apscheduler.executors.default: Running job "main.<locals>.run_scan (trigger: cron[second='1,6,11,16,21,26,31,36,41,46,51,56'], next run at: 2026-09-17 17:52:06 +07)" (scheduled at 2026-09-17 17:52:01+07:00)
2026-09-17 17:52:01,722 INFO apscheduler.executors.default: Running job "main.<locals>.run_lts_aus_fast_scan (trigger: interval[0:00:05], next run at: 2026-09-17 17:52:06 +07)" (scheduled at 2026-09-17 17:52:01.713136+07:00)
2026-09-17 17:52:01,723 INFO apscheduler.executors.default: Job "main.<locals>.run_lts_aus_fast_scan (trigger: interval[0:00:05], next run at: 2026-09-17 17:52:06 +07)" executed successfully
2026-09-17 17:52:01,724 INFO apscheduler.executors.default: Running job "main.<locals>.run_position_check (trigger: interval[0:00:05], next run at: 2026-09-17 17:52:06 +07)" (scheduled at 2026-09-17 17:52:01.713136+07:00)
2026-09-17 17:52:01,768 INFO apscheduler.executors.default: Job "main.<locals>.run_position_check (trigger: interval[0:00:05], next run at: 2026-09-17 17:52:06 +07)" executed successfully
2026-09-17 17:52:01,768 INFO apscheduler.executors.default: Running job "main.<locals>.run_trail_sl (trigger: interval[0:00:05], next run at: 2026-09-17 17:52:06 +07)" (scheduled at 2026-09-17 17:52:01.713136+07:00)
2026-09-17 17:52:01,772 INFO apscheduler.executors.default: Job "main.<locals>.run_trail_sl (trigger: interval[0:00:05], next run at: 2026-09-17 17:52:06 +07)" executed successfully
2026-09-17 17:52:01,927 INFO apscheduler.executors.default: Job "main.<locals>.run_scan (trigger: cron[second='1,6,11,16,21,26,31,36,41,46,51,56'], next run at: 2026-09-17 17:52:06 +07)" executed successfully
2026-09-17 17:52:04,386 INFO httpx: HTTP Request: POST https://api.telegram.org/bot8698852591:AAGLSZSQhC0W0KP9ZeZ9Gkr6k-NFoghMC68/getUpdates "HTTP/1.1 200 OK"
2026-09-17 17:52:06,012 INFO apscheduler.executors.default: Running job "main.<locals>.run_scan (trigger: cron[second='1,6,11,16,21,26,31,36,41,46,51,56'], next run at: 2026-09-17 17:52:11 +07)" (scheduled at 2026-09-17 17:52:06+07:00)
2026-09-17 17:52:06,726 INFO apscheduler.executors.default: Running job "main.<locals>.run_lts_aus_fast_scan (trigger: interval[0:00:05], next run at: 2026-09-17 17:52:11 +07)" (scheduled at 2026-09-17 17:52:06.713136+07:00)
2026-09-17 17:52:06,727 INFO apscheduler.executors.default: Job "main.<locals>.run_lts_aus_fast_scan (trigger: interval[0:00:05], next run at: 2026-09-17 17:52:11 +07)" executed successfully
2026-09-17 17:52:06,728 INFO apscheduler.executors.default: Running job "main.<locals>.run_position_check (trigger: interval[0:00:05], next run at: 2026-09-17 17:52:11 +07)" (scheduled at 2026-09-17 17:52:06.713136+07:00)
2026-09-17 17:52:06,771 INFO apscheduler.executors.default: Job "main.<locals>.run_position_check (trigger: interval[0:00:05], next run at: 2026-09-17 17:52:11 +07)" executed successfully
2026-09-17 17:52:06,771 INFO apscheduler.executors.default: Running job "main.<locals>.run_trail_sl (trigger: interval[0:00:05], next run at: 2026-09-17 17:52:11 +07)" (scheduled at 2026-09-17 17:52:06.713136+07:00)
2026-09-17 17:52:06,773 INFO apscheduler.executors.default: Job "main.<locals>.run_trail_sl (trigger: interval[0:00:05], next run at: 2026-09-17 17:52:11 +07)" executed successfully
2026-09-17 17:52:06,931 INFO apscheduler.executors.default: Job "main.<locals>.run_scan (trigger: cron[second='1,6,11,16,21,26,31,36,41,46,51,56'], next run at: 2026-09-17 17:52:11 +07)" executed successfully
2026-09-17 17:52:10,729 INFO apscheduler.executors.default: Running job "main.<locals>.write_heartbeat_job (trigger: interval[0:00:15], next run at: 2026-09-17 17:52:25 +07)" (scheduled at 2026-09-17 17:52:10.715137+07:00)
2026-09-17 17:52:10,734 INFO apscheduler.executors.default: Job "main.<locals>.write_heartbeat_job (trigger: interval[0:00:15], next run at: 2026-09-17 17:52:25 +07)" executed successfully
2026-09-17 17:52:11,009 INFO apscheduler.executors.default: Running job "main.<locals>.run_scan (trigger: cron[second='1,6,11,16,21,26,31,36,41,46,51,56'], next run at: 2026-09-17 17:52:16 +07)" (scheduled at 2026-09-17 17:52:11+07:00)
2026-09-17 17:52:11,719 INFO apscheduler.executors.default: Running job "main.<locals>.run_lts_aus_fast_scan (trigger: interval[0:00:05], next run at: 2026-09-17 17:52:16 +07)" (scheduled at 2026-09-17 17:52:11.713136+07:00)
2026-09-17 17:52:11,720 INFO apscheduler.executors.default: Job "main.<locals>.run_lts_aus_fast_scan (trigger: interval[0:00:05], next run at: 2026-09-17 17:52:16 +07)" executed successfully
2026-09-17 17:52:11,720 INFO apscheduler.executors.default: Running job "main.<locals>.run_position_check (trigger: interval[0:00:05], next run at: 2026-09-17 17:52:16 +07)" (scheduled at 2026-09-17 17:52:11.713136+07:00)
2026-09-17 17:52:11,764 INFO apscheduler.executors.default: Job "main.<locals>.run_position_check (trigger: interval[0:00:05], next run at: 2026-09-17 17:52:16 +07)" executed successfully
2026-09-17 17:52:11,765 INFO apscheduler.executors.default: Running job "main.<locals>.run_trail_sl (trigger: interval[0:00:05], next run at: 2026-09-17 17:52:16 +07)" (scheduled at 2026-09-17 17:52:11.713136+07:00)
2026-09-17 17:52:11,768 INFO apscheduler.executors.default: Job "main.<locals>.run_trail_sl (trigger: interval[0:00:05], next run at: 2026-09-17 17:52:16 +07)" executed successfully
2026-09-17 17:52:11,768 INFO apscheduler.executors.default: Running job "main.<locals>.save_bot_state_job (trigger: interval[0:00:15], next run at: 2026-09-17 17:52:26 +07)" (scheduled at 2026-09-17 17:52:11.714136+07:00)
2026-09-17 17:52:11,775 INFO apscheduler.executors.default: Job "main.<locals>.save_bot_state_job (trigger: interval[0:00:15], next run at: 2026-09-17 17:52:26 +07)" executed successfully
2026-09-17 17:52:11,902 INFO apscheduler.executors.default: Job "main.<locals>.run_scan (trigger: cron[second='1,6,11,16,21,26,31,36,41,46,51,56'], next run at: 2026-09-17 17:52:16 +07)" executed successfully
2026-09-17 17:52:14,584 INFO httpx: HTTP Request: POST https://api.telegram.org/bot8698852591:AAGLSZSQhC0W0KP9ZeZ9Gkr6k-NFoghMC68/getUpdates "HTTP/1.1 200 OK"
2026-09-17 17:52:16,012 INFO apscheduler.executors.default: Running job "main.<locals>.run_scan (trigger: cron[second='1,6,11,16,21,26,31,36,41,46,51,56'], next run at: 2026-09-17 17:52:21 +07)" (scheduled at 2026-09-17 17:52:16+07:00)
2026-09-17 17:52:16,725 INFO apscheduler.executors.default: Running job "main.<locals>.run_lts_aus_fast_scan (trigger: interval[0:00:05], next run at: 2026-09-17 17:52:21 +07)" (scheduled at 2026-09-17 17:52:16.713136+07:00)
2026-09-17 17:52:16,725 INFO apscheduler.executors.default: Job "main.<locals>.run_lts_aus_fast_scan (trigger: interval[0:00:05], next run at: 2026-09-17 17:52:21 +07)" executed successfully
2026-09-17 17:52:16,727 INFO apscheduler.executors.default: Running job "main.<locals>.run_position_check (trigger: interval[0:00:05], next run at: 2026-09-17 17:52:21 +07)" (scheduled at 2026-09-17 17:52:16.713136+07:00)
2026-09-17 17:52:16,770 INFO apscheduler.executors.default: Job "main.<locals>.run_position_check (trigger: interval[0:00:05], next run at: 2026-09-17 17:52:21 +07)" executed successfully
2026-09-17 17:52:16,770 INFO apscheduler.executors.default: Running job "main.<locals>.run_trail_sl (trigger: interval[0:00:05], next run at: 2026-09-17 17:52:21 +07)" (scheduled at 2026-09-17 17:52:16.713136+07:00)
2026-09-17 17:52:16,772 INFO apscheduler.executors.default: Job "main.<locals>.run_trail_sl (trigger: interval[0:00:05], next run at: 2026-09-17 17:52:21 +07)" executed successfully
2026-09-17 17:52:16,923 INFO apscheduler.executors.default: Job "main.<locals>.run_scan (trigger: cron[second='1,6,11,16,21,26,31,36,41,46,51,56'], next run at: 2026-09-17 17:52:21 +07)" executed successfully
2026-09-17 17:52:21,005 INFO apscheduler.executors.default: Running job "main.<locals>.run_scan (trigger: cron[second='1,6,11,16,21,26,31,36,41,46,51,56'], next run at: 2026-09-17 17:52:26 +07)" (scheduled at 2026-09-17 17:52:21+07:00)
2026-09-17 17:52:21,725 INFO apscheduler.executors.default: Running job "main.<locals>.run_lts_aus_fast_scan (trigger: interval[0:00:05], next run at: 2026-09-17 17:52:26 +07)" (scheduled at 2026-09-17 17:52:21.713136+07:00)
2026-09-17 17:52:21,725 INFO apscheduler.executors.default: Job "main.<locals>.run_lts_aus_fast_scan (trigger: interval[0:00:05], next run at: 2026-09-17 17:52:26 +07)" executed successfully
2026-09-17 17:52:21,726 INFO apscheduler.executors.default: Running job "main.<locals>.run_position_check (trigger: interval[0:00:05], next run at: 2026-09-17 17:52:26 +07)" (scheduled at 2026-09-17 17:52:21.713136+07:00)
2026-09-17 17:52:21,773 INFO apscheduler.executors.default: Job "main.<locals>.run_position_check (trigger: interval[0:00:05], next run at: 2026-09-17 17:52:26 +07)" executed successfully
2026-09-17 17:52:21,774 INFO apscheduler.executors.default: Running job "main.<locals>.run_trail_sl (trigger: interval[0:00:05], next run at: 2026-09-17 17:52:26 +07)" (scheduled at 2026-09-17 17:52:21.713136+07:00)
2026-09-17 17:52:21,775 INFO apscheduler.executors.default: Job "main.<locals>.run_trail_sl (trigger: interval[0:00:05], next run at: 2026-09-17 17:52:26 +07)" executed successfully
2026-09-17 17:52:21,916 INFO apscheduler.executors.default: Job "main.<locals>.run_scan (trigger: cron[second='1,6,11,16,21,26,31,36,41,46,51,56'], next run at: 2026-09-17 17:52:26 +07)" executed successfully
2026-09-17 17:52:24,780 INFO httpx: HTTP Request: POST https://api.telegram.org/bot8698852591:AAGLSZSQhC0W0KP9ZeZ9Gkr6k-NFoghMC68/getUpdates "HTTP/1.1 200 OK"
2026-09-17 17:52:25,735 INFO apscheduler.executors.default: Running job "main.<locals>.write_heartbeat_job (trigger: interval[0:00:15], next run at: 2026-09-17 17:52:40 +07)" (scheduled at 2026-09-17 17:52:25.715137+07:00)
2026-09-17 17:52:25,739 INFO apscheduler.executors.default: Job "main.<locals>.write_heartbeat_job (trigger: interval[0:00:15], next run at: 2026-09-17 17:52:40 +07)" executed successfully
2026-09-17 17:52:26,000 INFO apscheduler.executors.default: Running job "main.<locals>.run_scan (trigger: cron[second='1,6,11,16,21,26,31,36,41,46,51,56'], next run at: 2026-09-17 17:52:31 +07)" (scheduled at 2026-09-17 17:52:26+07:00)
2026-09-17 17:52:26,718 INFO apscheduler.executors.default: Running job "main.<locals>.run_lts_aus_fast_scan (trigger: interval[0:00:05], next run at: 2026-09-17 17:52:31 +07)" (scheduled at 2026-09-17 17:52:26.713136+07:00)
2026-09-17 17:52:26,718 INFO apscheduler.executors.default: Job "main.<locals>.run_lts_aus_fast_scan (trigger: interval[0:00:05], next run at: 2026-09-17 17:52:31 +07)" executed successfully
2026-09-17 17:52:26,719 INFO apscheduler.executors.default: Running job "main.<locals>.run_position_check (trigger: interval[0:00:05], next run at: 2026-09-17 17:52:31 +07)" (scheduled at 2026-09-17 17:52:26.713136+07:00)
2026-09-17 17:52:26,760 INFO apscheduler.executors.default: Job "main.<locals>.run_position_check (trigger: interval[0:00:05], next run at: 2026-09-17 17:52:31 +07)" executed successfully
2026-09-17 17:52:26,760 INFO apscheduler.executors.default: Running job "main.<locals>.run_trail_sl (trigger: interval[0:00:05], next run at: 2026-09-17 17:52:31 +07)" (scheduled at 2026-09-17 17:52:26.713136+07:00)
2026-09-17 17:52:26,762 INFO apscheduler.executors.default: Job "main.<locals>.run_trail_sl (trigger: interval[0:00:05], next run at: 2026-09-17 17:52:31 +07)" executed successfully
2026-09-17 17:52:26,762 INFO apscheduler.executors.default: Running job "main.<locals>.save_bot_state_job (trigger: interval[0:00:15], next run at: 2026-09-17 17:52:41 +07)" (scheduled at 2026-09-17 17:52:26.714136+07:00)
2026-09-17 17:52:26,767 INFO apscheduler.executors.default: Job "main.<locals>.save_bot_state_job (trigger: interval[0:00:15], next run at: 2026-09-17 17:52:41 +07)" executed successfully
2026-09-17 17:52:26,903 INFO apscheduler.executors.default: Job "main.<locals>.run_scan (trigger: cron[second='1,6,11,16,21,26,31,36,41,46,51,56'], next run at: 2026-09-17 17:52:31 +07)" executed successfully
2026-09-17 17:52:31,008 INFO apscheduler.executors.default: Running job "main.<locals>.run_scan (trigger: cron[second='1,6,11,16,21,26,31,36,41,46,51,56'], next run at: 2026-09-17 17:52:36 +07)" (scheduled at 2026-09-17 17:52:31+07:00)
2026-09-17 17:52:31,714 INFO apscheduler.executors.default: Running job "main.<locals>.run_lts_aus_fast_scan (trigger: interval[0:00:05], next run at: 2026-09-17 17:52:36 +07)" (scheduled at 2026-09-17 17:52:31.713136+07:00)
2026-09-17 17:52:31,714 INFO apscheduler.executors.default: Job "main.<locals>.run_lts_aus_fast_scan (trigger: interval[0:00:05], next run at: 2026-09-17 17:52:36 +07)" executed successfully
2026-09-17 17:52:31,715 INFO apscheduler.executors.default: Running job "main.<locals>.run_position_check (trigger: interval[0:00:05], next run at: 2026-09-17 17:52:36 +07)" (scheduled at 2026-09-17 17:52:31.713136+07:00)
2026-09-17 17:52:31,757 INFO apscheduler.executors.default: Job "main.<locals>.run_position_check (trigger: interval[0:00:05], next run at: 2026-09-17 17:52:36 +07)" executed successfully
2026-09-17 17:52:31,758 INFO apscheduler.executors.default: Running job "main.<locals>.run_trail_sl (trigger: interval[0:00:05], next run at: 2026-09-17 17:52:36 +07)" (scheduled at 2026-09-17 17:52:31.713136+07:00)
2026-09-17 17:52:31,760 INFO apscheduler.executors.default: Job "main.<locals>.run_trail_sl (trigger: interval[0:00:05], next run at: 2026-09-17 17:52:36 +07)" executed successfully
2026-09-17 17:52:31,807 INFO apscheduler.executors.default: Job "main.<locals>.run_scan (trigger: cron[second='1,6,11,16,21,26,31,36,41,46,51,56'], next run at: 2026-09-17 17:52:36 +07)" executed successfully
2026-09-17 17:52:34,975 INFO httpx: HTTP Request: POST https://api.telegram.org/bot8698852591:AAGLSZSQhC0W0KP9ZeZ9Gkr6k-NFoghMC68/getUpdates "HTTP/1.1 200 OK"
2026-09-17 17:52:36,005 INFO apscheduler.executors.default: Running job "main.<locals>.run_scan (trigger: cron[second='1,6,11,16,21,26,31,36,41,46,51,56'], next run at: 2026-09-17 17:52:41 +07)" (scheduled at 2026-09-17 17:52:36+07:00)
2026-09-17 17:52:36,720 INFO apscheduler.executors.default: Running job "main.<locals>.run_lts_aus_fast_scan (trigger: interval[0:00:05], next run at: 2026-09-17 17:52:41 +07)" (scheduled at 2026-09-17 17:52:36.713136+07:00)
2026-09-17 17:52:36,720 INFO apscheduler.executors.default: Job "main.<locals>.run_lts_aus_fast_scan (trigger: interval[0:00:05], next run at: 2026-09-17 17:52:41 +07)" executed successfully
2026-09-17 17:52:36,722 INFO apscheduler.executors.default: Running job "main.<locals>.run_position_check (trigger: interval[0:00:05], next run at: 2026-09-17 17:52:41 +07)" (scheduled at 2026-09-17 17:52:36.713136+07:00)
2026-09-17 17:52:36,763 INFO apscheduler.executors.default: Job "main.<locals>.run_position_check (trigger: interval[0:00:05], next run at: 2026-09-17 17:52:41 +07)" executed successfully
2026-09-17 17:52:36,765 INFO apscheduler.executors.default: Running job "main.<locals>.run_trail_sl (trigger: interval[0:00:05], next run at: 2026-09-17 17:52:41 +07)" (scheduled at 2026-09-17 17:52:36.713136+07:00)
2026-09-17 17:52:36,767 INFO apscheduler.executors.default: Job "main.<locals>.run_trail_sl (trigger: interval[0:00:05], next run at: 2026-09-17 17:52:41 +07)" executed successfully
2026-09-17 17:52:36,788 INFO apscheduler.executors.default: Job "main.<locals>.run_scan (trigger: cron[second='1,6,11,16,21,26,31,36,41,46,51,56'], next run at: 2026-09-17 17:52:41 +07)" executed successfully
2026-09-17 17:52:40,721 INFO apscheduler.executors.default: Running job "main.<locals>.write_heartbeat_job (trigger: interval[0:00:15], next run at: 2026-09-17 17:52:55 +07)" (scheduled at 2026-09-17 17:52:40.715137+07:00)
2026-09-17 17:52:40,726 INFO apscheduler.executors.default: Job "main.<locals>.write_heartbeat_job (trigger: interval[0:00:15], next run at: 2026-09-17 17:52:55 +07)" executed successfully
2026-09-17 17:52:41,015 INFO apscheduler.executors.default: Running job "main.<locals>.run_scan (trigger: cron[second='1,6,11,16,21,26,31,36,41,46,51,56'], next run at: 2026-09-17 17:52:46 +07)" (scheduled at 2026-09-17 17:52:41+07:00)
2026-09-17 17:52:41,714 INFO apscheduler.executors.default: Running job "main.<locals>.run_lts_aus_fast_scan (trigger: interval[0:00:05], next run at: 2026-09-17 17:52:46 +07)" (scheduled at 2026-09-17 17:52:41.713136+07:00)
2026-09-17 17:52:41,715 INFO apscheduler.executors.default: Job "main.<locals>.run_lts_aus_fast_scan (trigger: interval[0:00:05], next run at: 2026-09-17 17:52:46 +07)" executed successfully
2026-09-17 17:52:41,716 INFO apscheduler.executors.default: Running job "main.<locals>.run_position_check (trigger: interval[0:00:05], next run at: 2026-09-17 17:52:46 +07)" (scheduled at 2026-09-17 17:52:41.713136+07:00)
2026-09-17 17:52:41,756 INFO apscheduler.executors.default: Job "main.<locals>.run_position_check (trigger: interval[0:00:05], next run at: 2026-09-17 17:52:46 +07)" executed successfully
2026-09-17 17:52:41,756 INFO apscheduler.executors.default: Running job "main.<locals>.run_trail_sl (trigger: interval[0:00:05], next run at: 2026-09-17 17:52:46 +07)" (scheduled at 2026-09-17 17:52:41.713136+07:00)
2026-09-17 17:52:41,759 INFO apscheduler.executors.default: Job "main.<locals>.run_trail_sl (trigger: interval[0:00:05], next run at: 2026-09-17 17:52:46 +07)" executed successfully
2026-09-17 17:52:41,760 INFO apscheduler.executors.default: Running job "main.<locals>.save_bot_state_job (trigger: interval[0:00:15], next run at: 2026-09-17 17:52:56 +07)" (scheduled at 2026-09-17 17:52:41.714136+07:00)
2026-09-17 17:52:41,765 INFO apscheduler.executors.default: Job "main.<locals>.save_bot_state_job (trigger: interval[0:00:15], next run at: 2026-09-17 17:52:56 +07)" executed successfully
2026-09-17 17:52:41,830 INFO apscheduler.executors.default: Job "main.<locals>.run_scan (trigger: cron[second='1,6,11,16,21,26,31,36,41,46,51,56'], next run at: 2026-09-17 17:52:46 +07)" executed successfully
