2026-09-17 17:30:27,566 INFO apscheduler.executors.default: Running job "main.<locals>.write_heartbeat_job (trigger: interval[0:00:15], next run at: 2026-09-17 17:30:42 +07)" (scheduled at 2026-09-17 17:30:27.556562+07:00)
2026-09-17 17:30:27,570 INFO apscheduler.executors.default: Job "main.<locals>.write_heartbeat_job (trigger: interval[0:00:15], next run at: 2026-09-17 17:30:42 +07)" executed successfully
2026-09-17 17:30:28,560 INFO apscheduler.executors.default: Running job "main.<locals>.run_lts_aus_fast_scan (trigger: interval[0:00:05], next run at: 2026-09-17 17:30:33 +07)" (scheduled at 2026-09-17 17:30:28.553049+07:00)
2026-09-17 17:30:28,561 INFO apscheduler.executors.default: Job "main.<locals>.run_lts_aus_fast_scan (trigger: interval[0:00:05], next run at: 2026-09-17 17:30:33 +07)" executed successfully
2026-09-17 17:30:28,561 INFO apscheduler.executors.default: Running job "main.<locals>.run_trail_sl (trigger: interval[0:00:05], next run at: 2026-09-17 17:30:33 +07)" (scheduled at 2026-09-17 17:30:28.553049+07:00)
2026-09-17 17:30:28,562 INFO apscheduler.executors.default: Job "main.<locals>.run_trail_sl (trigger: interval[0:00:05], next run at: 2026-09-17 17:30:33 +07)" executed successfully
2026-09-17 17:30:28,562 INFO apscheduler.executors.default: Running job "main.<locals>.run_position_check (trigger: interval[0:00:05], next run at: 2026-09-17 17:30:33 +07)" (scheduled at 2026-09-17 17:30:28.554314+07:00)
2026-09-17 17:30:28,570 INFO apscheduler.executors.default: Job "main.<locals>.run_position_check (trigger: interval[0:00:05], next run at: 2026-09-17 17:30:33 +07)" executed successfully
2026-09-17 17:30:31,002 INFO apscheduler.executors.default: Running job "main.<locals>.run_scan (trigger: cron[second='1,6,11,16,21,26,31,36,41,46,51,56'], next run at: 2026-09-17 17:30:36 +07)" (scheduled at 2026-09-17 17:30:31+07:00)
2026-09-17 17:30:31,002 INFO apscheduler.executors.default: Job "main.<locals>.run_scan (trigger: cron[second='1,6,11,16,21,26,31,36,41,46,51,56'], next run at: 2026-09-17 17:30:36 +07)" executed successfully
2026-09-17 17:30:33,563 INFO apscheduler.executors.default: Running job "main.<locals>.run_lts_aus_fast_scan (trigger: interval[0:00:05], next run at: 2026-09-17 17:30:38 +07)" (scheduled at 2026-09-17 17:30:33.553049+07:00)
2026-09-17 17:30:33,563 INFO apscheduler.executors.default: Job "main.<locals>.run_lts_aus_fast_scan (trigger: interval[0:00:05], next run at: 2026-09-17 17:30:38 +07)" executed successfully
2026-09-17 17:30:33,563 INFO apscheduler.executors.default: Running job "main.<locals>.run_trail_sl (trigger: interval[0:00:05], next run at: 2026-09-17 17:30:38 +07)" (scheduled at 2026-09-17 17:30:33.553049+07:00)
2026-09-17 17:30:33,563 INFO apscheduler.executors.default: Job "main.<locals>.run_trail_sl (trigger: interval[0:00:05], next run at: 2026-09-17 17:30:38 +07)" executed successfully
2026-09-17 17:30:33,564 INFO apscheduler.executors.default: Running job "main.<locals>.run_position_check (trigger: interval[0:00:05], next run at: 2026-09-17 17:30:38 +07)" (scheduled at 2026-09-17 17:30:33.554314+07:00)
2026-09-17 17:30:33,572 INFO apscheduler.executors.default: Job "main.<locals>.run_position_check (trigger: interval[0:00:05], next run at: 2026-09-17 17:30:38 +07)" executed successfully
2026-09-17 17:30:34,492 INFO httpx: HTTP Request: POST https://api.telegram.org/bot8742189012:AAEXGnFYIvAR33uaXz4-tx-ywZHjdNFhmgY/getUpdates "HTTP/1.1 200 OK"
2026-09-17 17:30:36,019 INFO apscheduler.executors.default: Running job "main.<locals>.run_scan (trigger: cron[second='1,6,11,16,21,26,31,36,41,46,51,56'], next run at: 2026-09-17 17:30:41 +07)" (scheduled at 2026-09-17 17:30:36+07:00)
2026-09-17 17:30:36,024 INFO apscheduler.executors.default: Job "main.<locals>.run_scan (trigger: cron[second='1,6,11,16,21,26,31,36,41,46,51,56'], next run at: 2026-09-17 17:30:41 +07)" executed successfully
2026-09-17 17:30:38,561 INFO apscheduler.executors.default: Running job "main.<locals>.run_lts_aus_fast_scan (trigger: interval[0:00:05], next run at: 2026-09-17 17:30:43 +07)" (scheduled at 2026-09-17 17:30:38.553049+07:00)
2026-09-17 17:30:38,563 INFO apscheduler.executors.default: Job "main.<locals>.run_lts_aus_fast_scan (trigger: interval[0:00:05], next run at: 2026-09-17 17:30:43 +07)" executed successfully
2026-09-17 17:30:38,563 INFO apscheduler.executors.default: Running job "main.<locals>.run_trail_sl (trigger: interval[0:00:05], next run at: 2026-09-17 17:30:43 +07)" (scheduled at 2026-09-17 17:30:38.553049+07:00)
2026-09-17 17:30:38,563 INFO apscheduler.executors.default: Job "main.<locals>.run_trail_sl (trigger: interval[0:00:05], next run at: 2026-09-17 17:30:43 +07)" executed successfully
2026-09-17 17:30:38,563 INFO apscheduler.executors.default: Running job "main.<locals>.run_position_check (trigger: interval[0:00:05], next run at: 2026-09-17 17:30:43 +07)" (scheduled at 2026-09-17 17:30:38.554314+07:00)
2026-09-17 17:30:38,571 INFO apscheduler.executors.default: Job "main.<locals>.run_position_check (trigger: interval[0:00:05], next run at: 2026-09-17 17:30:43 +07)" executed successfully
2026-09-17 17:30:38,571 INFO apscheduler.executors.default: Running job "main.<locals>.save_bot_state_job (trigger: interval[0:00:15], next run at: 2026-09-17 17:30:53 +07)" (scheduled at 2026-09-17 17:30:38.554314+07:00)
2026-09-17 17:30:38,573 INFO apscheduler.executors.default: Job "main.<locals>.save_bot_state_job (trigger: interval[0:00:15], next run at: 2026-09-17 17:30:53 +07)" executed successfully
2026-09-17 17:30:41,003 INFO apscheduler.executors.default: Running job "main.<locals>.run_scan (trigger: cron[second='1,6,11,16,21,26,31,36,41,46,51,56'], next run at: 2026-09-17 17:30:46 +07)" (scheduled at 2026-09-17 17:30:41+07:00)
2026-09-17 17:30:41,003 INFO apscheduler.executors.default: Job "main.<locals>.run_scan (trigger: cron[second='1,6,11,16,21,26,31,36,41,46,51,56'], next run at: 2026-09-17 17:30:46 +07)" executed successfully
2026-09-17 17:30:42,573 INFO apscheduler.executors.default: Running job "main.<locals>.write_heartbeat_job (trigger: interval[0:00:15], next run at: 2026-09-17 17:30:57 +07)" (scheduled at 2026-09-17 17:30:42.556562+07:00)
2026-09-17 17:30:42,576 INFO apscheduler.executors.default: Job "main.<locals>.write_heartbeat_job (trigger: interval[0:00:15], next run at: 2026-09-17 17:30:57 +07)" executed successfully
2026-09-17 17:30:43,568 INFO apscheduler.executors.default: Running job "main.<locals>.run_lts_aus_fast_scan (trigger: interval[0:00:05], next run at: 2026-09-17 17:30:48 +07)" (scheduled at 2026-09-17 17:30:43.553049+07:00)
2026-09-17 17:30:43,570 INFO apscheduler.executors.default: Job "main.<locals>.run_lts_aus_fast_scan (trigger: interval[0:00:05], next run at: 2026-09-17 17:30:48 +07)" executed successfully
2026-09-17 17:30:43,571 INFO apscheduler.executors.default: Running job "main.<locals>.run_trail_sl (trigger: interval[0:00:05], next run at: 2026-09-17 17:30:48 +07)" (scheduled at 2026-09-17 17:30:43.553049+07:00)
2026-09-17 17:30:43,571 INFO apscheduler.executors.default: Job "main.<locals>.run_trail_sl (trigger: interval[0:00:05], next run at: 2026-09-17 17:30:48 +07)" executed successfully
2026-09-17 17:30:43,571 INFO apscheduler.executors.default: Running job "main.<locals>.run_position_check (trigger: interval[0:00:05], next run at: 2026-09-17 17:30:48 +07)" (scheduled at 2026-09-17 17:30:43.554314+07:00)
2026-09-17 17:30:43,578 INFO apscheduler.executors.default: Job "main.<locals>.run_position_check (trigger: interval[0:00:05], next run at: 2026-09-17 17:30:48 +07)" executed successfully
2026-09-17 17:30:44,696 INFO httpx: HTTP Request: POST https://api.telegram.org/bot8742189012:AAEXGnFYIvAR33uaXz4-tx-ywZHjdNFhmgY/getUpdates "HTTP/1.1 200 OK"
2026-09-17 17:30:46,021 INFO apscheduler.executors.default: Running job "main.<locals>.run_scan (trigger: cron[second='1,6,11,16,21,26,31,36,41,46,51,56'], next run at: 2026-09-17 17:30:51 +07)" (scheduled at 2026-09-17 17:30:46+07:00)
2026-09-17 17:30:46,021 INFO apscheduler.executors.default: Job "main.<locals>.run_scan (trigger: cron[second='1,6,11,16,21,26,31,36,41,46,51,56'], next run at: 2026-09-17 17:30:51 +07)" executed successfully
2026-09-17 17:30:48,570 INFO apscheduler.executors.default: Running job "main.<locals>.run_lts_aus_fast_scan (trigger: interval[0:00:05], next run at: 2026-09-17 17:30:53 +07)" (scheduled at 2026-09-17 17:30:48.553049+07:00)
2026-09-17 17:30:48,571 INFO apscheduler.executors.default: Job "main.<locals>.run_lts_aus_fast_scan (trigger: interval[0:00:05], next run at: 2026-09-17 17:30:53 +07)" executed successfully
2026-09-17 17:30:48,571 INFO apscheduler.executors.default: Running job "main.<locals>.run_trail_sl (trigger: interval[0:00:05], next run at: 2026-09-17 17:30:53 +07)" (scheduled at 2026-09-17 17:30:48.553049+07:00)
2026-09-17 17:30:48,571 INFO apscheduler.executors.default: Job "main.<locals>.run_trail_sl (trigger: interval[0:00:05], next run at: 2026-09-17 17:30:53 +07)" executed successfully
2026-09-17 17:30:48,571 INFO apscheduler.executors.default: Running job "main.<locals>.run_position_check (trigger: interval[0:00:05], next run at: 2026-09-17 17:30:53 +07)" (scheduled at 2026-09-17 17:30:48.554314+07:00)
2026-09-17 17:30:48,580 INFO apscheduler.executors.default: Job "main.<locals>.run_position_check (trigger: interval[0:00:05], next run at: 2026-09-17 17:30:53 +07)" executed successfully
2026-09-17 17:30:51,005 INFO apscheduler.executors.default: Running job "main.<locals>.run_scan (trigger: cron[second='1,6,11,16,21,26,31,36,41,46,51,56'], next run at: 2026-09-17 17:30:56 +07)" (scheduled at 2026-09-17 17:30:51+07:00)
2026-09-17 17:30:51,006 INFO apscheduler.executors.default: Job "main.<locals>.run_scan (trigger: cron[second='1,6,11,16,21,26,31,36,41,46,51,56'], next run at: 2026-09-17 17:30:56 +07)" executed successfully
2026-09-17 17:30:53,565 INFO apscheduler.executors.default: Running job "main.<locals>.run_lts_aus_fast_scan (trigger: interval[0:00:05], next run at: 2026-09-17 17:30:58 +07)" (scheduled at 2026-09-17 17:30:53.553049+07:00)
2026-09-17 17:30:53,565 INFO apscheduler.executors.default: Job "main.<locals>.run_lts_aus_fast_scan (trigger: interval[0:00:05], next run at: 2026-09-17 17:30:58 +07)" executed successfully
2026-09-17 17:30:53,565 INFO apscheduler.executors.default: Running job "main.<locals>.run_trail_sl (trigger: interval[0:00:05], next run at: 2026-09-17 17:30:58 +07)" (scheduled at 2026-09-17 17:30:53.553049+07:00)
2026-09-17 17:30:53,565 INFO apscheduler.executors.default: Job "main.<locals>.run_trail_sl (trigger: interval[0:00:05], next run at: 2026-09-17 17:30:58 +07)" executed successfully
2026-09-17 17:30:53,566 INFO apscheduler.executors.default: Running job "main.<locals>.run_position_check (trigger: interval[0:00:05], next run at: 2026-09-17 17:30:58 +07)" (scheduled at 2026-09-17 17:30:53.554314+07:00)
2026-09-17 17:30:53,574 INFO apscheduler.executors.default: Job "main.<locals>.run_position_check (trigger: interval[0:00:05], next run at: 2026-09-17 17:30:58 +07)" executed successfully
2026-09-17 17:30:53,574 INFO apscheduler.executors.default: Running job "main.<locals>.save_bot_state_job (trigger: interval[0:00:15], next run at: 2026-09-17 17:31:08 +07)" (scheduled at 2026-09-17 17:30:53.554314+07:00)
2026-09-17 17:30:53,577 INFO apscheduler.executors.default: Job "main.<locals>.save_bot_state_job (trigger: interval[0:00:15], next run at: 2026-09-17 17:31:08 +07)" executed successfully
2026-09-17 17:30:54,891 INFO httpx: HTTP Request: POST https://api.telegram.org/bot8742189012:AAEXGnFYIvAR33uaXz4-tx-ywZHjdNFhmgY/getUpdates "HTTP/1.1 200 OK"
2026-09-17 17:30:56,011 INFO apscheduler.executors.default: Running job "main.<locals>.run_scan (trigger: cron[second='1,6,11,16,21,26,31,36,41,46,51,56'], next run at: 2026-09-17 17:31:01 +07)" (scheduled at 2026-09-17 17:30:56+07:00)
2026-09-17 17:30:56,011 INFO apscheduler.executors.default: Job "main.<locals>.run_scan (trigger: cron[second='1,6,11,16,21,26,31,36,41,46,51,56'], next run at: 2026-09-17 17:31:01 +07)" executed successfully
2026-09-17 17:30:57,571 INFO apscheduler.executors.default: Running job "main.<locals>.write_heartbeat_job (trigger: interval[0:00:15], next run at: 2026-09-17 17:31:12 +07)" (scheduled at 2026-09-17 17:30:57.556562+07:00)
2026-09-17 17:30:57,575 INFO apscheduler.executors.default: Job "main.<locals>.write_heartbeat_job (trigger: interval[0:00:15], next run at: 2026-09-17 17:31:12 +07)" executed successfully
2026-09-17 17:30:58,567 INFO apscheduler.executors.default: Running job "main.<locals>.run_lts_aus_fast_scan (trigger: interval[0:00:05], next run at: 2026-09-17 17:31:03 +07)" (scheduled at 2026-09-17 17:30:58.553049+07:00)
2026-09-17 17:30:58,569 INFO apscheduler.executors.default: Job "main.<locals>.run_lts_aus_fast_scan (trigger: interval[0:00:05], next run at: 2026-09-17 17:31:03 +07)" executed successfully
2026-09-17 17:30:58,569 INFO apscheduler.executors.default: Running job "main.<locals>.run_trail_sl (trigger: interval[0:00:05], next run at: 2026-09-17 17:31:03 +07)" (scheduled at 2026-09-17 17:30:58.553049+07:00)
2026-09-17 17:30:58,569 INFO apscheduler.executors.default: Job "main.<locals>.run_trail_sl (trigger: interval[0:00:05], next run at: 2026-09-17 17:31:03 +07)" executed successfully
2026-09-17 17:30:58,569 INFO apscheduler.executors.default: Running job "main.<locals>.run_position_check (trigger: interval[0:00:05], next run at: 2026-09-17 17:31:03 +07)" (scheduled at 2026-09-17 17:30:58.554314+07:00)
2026-09-17 17:30:58,577 INFO apscheduler.executors.default: Job "main.<locals>.run_position_check (trigger: interval[0:00:05], next run at: 2026-09-17 17:31:03 +07)" executed successfully
2026-09-17 17:31:01,020 INFO apscheduler.executors.default: Running job "main.<locals>.run_scan (trigger: cron[second='1,6,11,16,21,26,31,36,41,46,51,56'], next run at: 2026-09-17 17:31:06 +07)" (scheduled at 2026-09-17 17:31:01+07:00)
2026-09-17 17:31:01,022 INFO apscheduler.executors.default: Job "main.<locals>.run_scan (trigger: cron[second='1,6,11,16,21,26,31,36,41,46,51,56'], next run at: 2026-09-17 17:31:06 +07)" executed successfully
2026-09-17 17:31:03,565 INFO apscheduler.executors.default: Running job "main.<locals>.run_lts_aus_fast_scan (trigger: interval[0:00:05], next run at: 2026-09-17 17:31:08 +07)" (scheduled at 2026-09-17 17:31:03.553049+07:00)
2026-09-17 17:31:03,567 INFO apscheduler.executors.default: Job "main.<locals>.run_lts_aus_fast_scan (trigger: interval[0:00:05], next run at: 2026-09-17 17:31:08 +07)" executed successfully
2026-09-17 17:31:03,567 INFO apscheduler.executors.default: Running job "main.<locals>.run_trail_sl (trigger: interval[0:00:05], next run at: 2026-09-17 17:31:08 +07)" (scheduled at 2026-09-17 17:31:03.553049+07:00)
2026-09-17 17:31:03,567 INFO apscheduler.executors.default: Job "main.<locals>.run_trail_sl (trigger: interval[0:00:05], next run at: 2026-09-17 17:31:08 +07)" executed successfully
2026-09-17 17:31:03,568 INFO apscheduler.executors.default: Running job "main.<locals>.run_position_check (trigger: interval[0:00:05], next run at: 2026-09-17 17:31:08 +07)" (scheduled at 2026-09-17 17:31:03.554314+07:00)
2026-09-17 17:31:03,578 INFO apscheduler.executors.default: Job "main.<locals>.run_position_check (trigger: interval[0:00:05], next run at: 2026-09-17 17:31:08 +07)" executed successfully
2026-09-17 17:31:05,093 INFO httpx: HTTP Request: POST https://api.telegram.org/bot8742189012:AAEXGnFYIvAR33uaXz4-tx-ywZHjdNFhmgY/getUpdates "HTTP/1.1 200 OK"
2026-09-17 17:31:06,003 INFO apscheduler.executors.default: Running job "main.<locals>.run_scan (trigger: cron[second='1,6,11,16,21,26,31,36,41,46,51,56'], next run at: 2026-09-17 17:31:11 +07)" (scheduled at 2026-09-17 17:31:06+07:00)
2026-09-17 17:31:06,003 INFO apscheduler.executors.default: Job "main.<locals>.run_scan (trigger: cron[second='1,6,11,16,21,26,31,36,41,46,51,56'], next run at: 2026-09-17 17:31:11 +07)" executed successfully
2026-09-17 17:31:08,558 INFO apscheduler.executors.default: Running job "main.<locals>.run_lts_aus_fast_scan (trigger: interval[0:00:05], next run at: 2026-09-17 17:31:13 +07)" (scheduled at 2026-09-17 17:31:08.553049+07:00)
2026-09-17 17:31:08,558 INFO apscheduler.executors.default: Job "main.<locals>.run_lts_aus_fast_scan (trigger: interval[0:00:05], next run at: 2026-09-17 17:31:13 +07)" executed successfully
2026-09-17 17:31:08,558 INFO apscheduler.executors.default: Running job "main.<locals>.run_trail_sl (trigger: interval[0:00:05], next run at: 2026-09-17 17:31:13 +07)" (scheduled at 2026-09-17 17:31:08.553049+07:00)
2026-09-17 17:31:08,558 INFO apscheduler.executors.default: Job "main.<locals>.run_trail_sl (trigger: interval[0:00:05], next run at: 2026-09-17 17:31:13 +07)" executed successfully
2026-09-17 17:31:08,559 INFO apscheduler.executors.default: Running job "main.<locals>.run_position_check (trigger: interval[0:00:05], next run at: 2026-09-17 17:31:13 +07)" (scheduled at 2026-09-17 17:31:08.554314+07:00)
2026-09-17 17:31:08,566 INFO apscheduler.executors.default: Job "main.<locals>.run_position_check (trigger: interval[0:00:05], next run at: 2026-09-17 17:31:13 +07)" executed successfully
2026-09-17 17:31:08,566 INFO apscheduler.executors.default: Running job "main.<locals>.save_bot_state_job (trigger: interval[0:00:15], next run at: 2026-09-17 17:31:23 +07)" (scheduled at 2026-09-17 17:31:08.554314+07:00)
2026-09-17 17:31:08,569 INFO apscheduler.executors.default: Job "main.<locals>.save_bot_state_job (trigger: interval[0:00:15], next run at: 2026-09-17 17:31:23 +07)" executed successfully
2026-09-17 17:31:11,015 INFO apscheduler.executors.default: Running job "main.<locals>.run_scan (trigger: cron[second='1,6,11,16,21,26,31,36,41,46,51,56'], next run at: 2026-09-17 17:31:16 +07)" (scheduled at 2026-09-17 17:31:11+07:00)
2026-09-17 17:31:11,015 INFO apscheduler.executors.default: Job "main.<locals>.run_scan (trigger: cron[second='1,6,11,16,21,26,31,36,41,46,51,56'], next run at: 2026-09-17 17:31:16 +07)" executed successfully
2026-09-17 17:31:12,571 INFO apscheduler.executors.default: Running job "main.<locals>.write_heartbeat_job (trigger: interval[0:00:15], next run at: 2026-09-17 17:31:27 +07)" (scheduled at 2026-09-17 17:31:12.556562+07:00)
2026-09-17 17:31:12,574 INFO apscheduler.executors.default: Job "main.<locals>.write_heartbeat_job (trigger: interval[0:00:15], next run at: 2026-09-17 17:31:27 +07)" executed successfully
2026-09-17 17:31:13,566 INFO apscheduler.executors.default: Running job "main.<locals>.run_lts_aus_fast_scan (trigger: interval[0:00:05], next run at: 2026-09-17 17:31:18 +07)" (scheduled at 2026-09-17 17:31:13.553049+07:00)
2026-09-17 17:31:13,569 INFO apscheduler.executors.default: Job "main.<locals>.run_lts_aus_fast_scan (trigger: interval[0:00:05], next run at: 2026-09-17 17:31:18 +07)" executed successfully
2026-09-17 17:31:13,569 INFO apscheduler.executors.default: Running job "main.<locals>.run_trail_sl (trigger: interval[0:00:05], next run at: 2026-09-17 17:31:18 +07)" (scheduled at 2026-09-17 17:31:13.553049+07:00)
2026-09-17 17:31:13,569 INFO apscheduler.executors.default: Job "main.<locals>.run_trail_sl (trigger: interval[0:00:05], next run at: 2026-09-17 17:31:18 +07)" executed successfully
2026-09-17 17:31:13,569 INFO apscheduler.executors.default: Running job "main.<locals>.run_position_check (trigger: interval[0:00:05], next run at: 2026-09-17 17:31:18 +07)" (scheduled at 2026-09-17 17:31:13.554314+07:00)
2026-09-17 17:31:13,577 INFO apscheduler.executors.default: Job "main.<locals>.run_position_check (trigger: interval[0:00:05], next run at: 2026-09-17 17:31:18 +07)" executed successfully
2026-09-17 17:31:15,287 INFO httpx: HTTP Request: POST https://api.telegram.org/bot8742189012:AAEXGnFYIvAR33uaXz4-tx-ywZHjdNFhmgY/getUpdates "HTTP/1.1 200 OK"
2026-09-17 17:31:16,019 INFO apscheduler.executors.default: Running job "main.<locals>.run_scan (trigger: cron[second='1,6,11,16,21,26,31,36,41,46,51,56'], next run at: 2026-09-17 17:31:21 +07)" (scheduled at 2026-09-17 17:31:16+07:00)
2026-09-17 17:31:16,019 INFO apscheduler.executors.default: Job "main.<locals>.run_scan (trigger: cron[second='1,6,11,16,21,26,31,36,41,46,51,56'], next run at: 2026-09-17 17:31:21 +07)" executed successfully
2026-09-17 17:31:18,565 INFO apscheduler.executors.default: Running job "main.<locals>.run_lts_aus_fast_scan (trigger: interval[0:00:05], next run at: 2026-09-17 17:31:23 +07)" (scheduled at 2026-09-17 17:31:18.553049+07:00)
2026-09-17 17:31:18,565 INFO apscheduler.executors.default: Job "main.<locals>.run_lts_aus_fast_scan (trigger: interval[0:00:05], next run at: 2026-09-17 17:31:23 +07)" executed successfully
2026-09-17 17:31:18,566 INFO apscheduler.executors.default: Running job "main.<locals>.run_trail_sl (trigger: interval[0:00:05], next run at: 2026-09-17 17:31:23 +07)" (scheduled at 2026-09-17 17:31:18.553049+07:00)
2026-09-17 17:31:18,566 INFO apscheduler.executors.default: Job "main.<locals>.run_trail_sl (trigger: interval[0:00:05], next run at: 2026-09-17 17:31:23 +07)" executed successfully
2026-09-17 17:31:18,566 INFO apscheduler.executors.default: Running job "main.<locals>.run_position_check (trigger: interval[0:00:05], next run at: 2026-09-17 17:31:23 +07)" (scheduled at 2026-09-17 17:31:18.554314+07:00)
2026-09-17 17:31:18,576 INFO apscheduler.executors.default: Job "main.<locals>.run_position_check (trigger: interval[0:00:05], next run at: 2026-09-17 17:31:23 +07)" executed successfully
2026-09-17 17:31:21,012 INFO apscheduler.executors.default: Running job "main.<locals>.run_scan (trigger: cron[second='1,6,11,16,21,26,31,36,41,46,51,56'], next run at: 2026-09-17 17:31:26 +07)" (scheduled at 2026-09-17 17:31:21+07:00)
2026-09-17 17:31:21,013 INFO apscheduler.executors.default: Job "main.<locals>.run_scan (trigger: cron[second='1,6,11,16,21,26,31,36,41,46,51,56'], next run at: 2026-09-17 17:31:26 +07)" executed successfully
2026-09-17 17:31:23,557 INFO apscheduler.executors.default: Running job "main.<locals>.check_symbol_switch (trigger: interval[0:01:00], next run at: 2026-09-17 17:32:23 +07)" (scheduled at 2026-09-17 17:31:23.550053+07:00)
2026-09-17 17:31:23,567 INFO apscheduler.executors.default: Job "main.<locals>.check_symbol_switch (trigger: interval[0:01:00], next run at: 2026-09-17 17:32:23 +07)" executed successfully
2026-09-17 17:31:23,568 INFO apscheduler.executors.default: Running job "main.<locals>.run_demo_portfolio_scan (trigger: interval[0:05:00], next run at: 2026-09-17 17:36:23 +07)" (scheduled at 2026-09-17 10:31:23.552051+00:00)
2026-09-17 17:31:23,589 INFO apscheduler.executors.default: Running job "main.<locals>.run_lts_aus_fast_scan (trigger: interval[0:00:05], next run at: 2026-09-17 17:31:28 +07)" (scheduled at 2026-09-17 17:31:23.553049+07:00)
2026-09-17 17:31:23,591 INFO apscheduler.executors.default: Job "main.<locals>.run_lts_aus_fast_scan (trigger: interval[0:00:05], next run at: 2026-09-17 17:31:28 +07)" executed successfully
2026-09-17 17:31:23,591 INFO apscheduler.executors.default: Running job "main.<locals>.run_trail_sl (trigger: interval[0:00:05], next run at: 2026-09-17 17:31:28 +07)" (scheduled at 2026-09-17 17:31:23.553049+07:00)
2026-09-17 17:31:23,591 INFO apscheduler.executors.default: Job "main.<locals>.run_trail_sl (trigger: interval[0:00:05], next run at: 2026-09-17 17:31:28 +07)" executed successfully
2026-09-17 17:31:23,593 INFO apscheduler.executors.default: Running job "main.<locals>.run_position_check (trigger: interval[0:00:05], next run at: 2026-09-17 17:31:28 +07)" (scheduled at 2026-09-17 17:31:23.554314+07:00)
2026-09-17 17:31:23,600 INFO apscheduler.executors.default: Job "main.<locals>.run_position_check (trigger: interval[0:00:05], next run at: 2026-09-17 17:31:28 +07)" executed successfully
2026-09-17 17:31:23,601 INFO apscheduler.executors.default: Running job "main.<locals>.save_bot_state_job (trigger: interval[0:00:15], next run at: 2026-09-17 17:31:38 +07)" (scheduled at 2026-09-17 17:31:23.554314+07:00)
2026-09-17 17:31:23,604 INFO apscheduler.executors.default: Job "main.<locals>.save_bot_state_job (trigger: interval[0:00:15], next run at: 2026-09-17 17:31:38 +07)" executed successfully
2026-09-17 17:31:23,604 INFO apscheduler.executors.default: Running job "main.<locals>.run_watchdog (trigger: interval[0:01:00], next run at: 2026-09-17 17:32:23 +07)" (scheduled at 2026-09-17 17:31:23.556562+07:00)
2026-09-17 17:31:23,609 INFO apscheduler.executors.default: Job "main.<locals>.run_watchdog (trigger: interval[0:01:00], next run at: 2026-09-17 17:32:23 +07)" executed successfully
2026-09-17 17:31:27,290 INFO apscheduler.executors.default: Job "main.<locals>.run_demo_portfolio_scan (trigger: interval[0:05:00], next run at: 2026-09-17 17:36:23 +07)" executed successfully
2026-09-17 17:31:27,294 INFO httpx: HTTP Request: POST https://api.telegram.org/bot8742189012:AAEXGnFYIvAR33uaXz4-tx-ywZHjdNFhmgY/getUpdates "HTTP/1.1 200 OK"
2026-09-17 17:31:27,296 INFO apscheduler.executors.default: Running job "main.<locals>.run_scan (trigger: cron[second='1,6,11,16,21,26,31,36,41,46,51,56'], next run at: 2026-09-17 17:31:31 +07)" (scheduled at 2026-09-17 17:31:26+07:00)
2026-09-17 17:31:27,296 INFO apscheduler.executors.default: Job "main.<locals>.run_scan (trigger: cron[second='1,6,11,16,21,26,31,36,41,46,51,56'], next run at: 2026-09-17 17:31:31 +07)" executed successfully
2026-09-17 17:31:27,568 INFO apscheduler.executors.default: Running job "main.<locals>.write_heartbeat_job (trigger: interval[0:00:15], next run at: 2026-09-17 17:31:42 +07)" (scheduled at 2026-09-17 17:31:27.556562+07:00)
2026-09-17 17:31:27,572 INFO apscheduler.executors.default: Job "main.<locals>.write_heartbeat_job (trigger: interval[0:00:15], next run at: 2026-09-17 17:31:42 +07)" executed successfully
2026-09-17 17:31:28,078 INFO httpx: HTTP Request: POST https://api.telegram.org/bot8742189012:AAEXGnFYIvAR33uaXz4-tx-ywZHjdNFhmgY/sendMessage "HTTP/1.1 200 OK"
2026-09-17 17:31:28,563 INFO apscheduler.executors.default: Running job "main.<locals>.run_lts_aus_fast_scan (trigger: interval[0:00:05], next run at: 2026-09-17 17:31:33 +07)" (scheduled at 2026-09-17 17:31:28.553049+07:00)
2026-09-17 17:31:28,563 INFO apscheduler.executors.default: Job "main.<locals>.run_lts_aus_fast_scan (trigger: interval[0:00:05], next run at: 2026-09-17 17:31:33 +07)" executed successfully
2026-09-17 17:31:28,564 INFO apscheduler.executors.default: Running job "main.<locals>.run_trail_sl (trigger: interval[0:00:05], next run at: 2026-09-17 17:31:33 +07)" (scheduled at 2026-09-17 17:31:28.553049+07:00)
2026-09-17 17:31:28,566 INFO apscheduler.executors.default: Job "main.<locals>.run_trail_sl (trigger: interval[0:00:05], next run at: 2026-09-17 17:31:33 +07)" executed successfully
2026-09-17 17:31:28,566 INFO apscheduler.executors.default: Running job "main.<locals>.run_position_check (trigger: interval[0:00:05], next run at: 2026-09-17 17:31:33 +07)" (scheduled at 2026-09-17 17:31:28.554314+07:00)
2026-09-17 17:31:28,574 INFO apscheduler.executors.default: Job "main.<locals>.run_position_check (trigger: interval[0:00:05], next run at: 2026-09-17 17:31:33 +07)" executed successfully
2026-09-17 17:31:31,013 INFO apscheduler.executors.default: Running job "main.<locals>.run_scan (trigger: cron[second='1,6,11,16,21,26,31,36,41,46,51,56'], next run at: 2026-09-17 17:31:36 +07)" (scheduled at 2026-09-17 17:31:31+07:00)
2026-09-17 17:31:31,013 INFO apscheduler.executors.default: Job "main.<locals>.run_scan (trigger: cron[second='1,6,11,16,21,26,31,36,41,46,51,56'], next run at: 2026-09-17 17:31:36 +07)" executed successfully
2026-09-17 17:31:33,567 INFO apscheduler.executors.default: Running job "main.<locals>.run_lts_aus_fast_scan (trigger: interval[0:00:05], next run at: 2026-09-17 17:31:38 +07)" (scheduled at 2026-09-17 17:31:33.553049+07:00)
2026-09-17 17:31:33,567 INFO apscheduler.executors.default: Job "main.<locals>.run_lts_aus_fast_scan (trigger: interval[0:00:05], next run at: 2026-09-17 17:31:38 +07)" executed successfully
2026-09-17 17:31:33,567 INFO apscheduler.executors.default: Running job "main.<locals>.run_trail_sl (trigger: interval[0:00:05], next run at: 2026-09-17 17:31:38 +07)" (scheduled at 2026-09-17 17:31:33.553049+07:00)
2026-09-17 17:31:33,567 INFO apscheduler.executors.default: Job "main.<locals>.run_trail_sl (trigger: interval[0:00:05], next run at: 2026-09-17 17:31:38 +07)" executed successfully
2026-09-17 17:31:33,567 INFO apscheduler.executors.default: Running job "main.<locals>.run_position_check (trigger: interval[0:00:05], next run at: 2026-09-17 17:31:38 +07)" (scheduled at 2026-09-17 17:31:33.554314+07:00)
2026-09-17 17:31:33,577 INFO apscheduler.executors.default: Job "main.<locals>.run_position_check (trigger: interval[0:00:05], next run at: 2026-09-17 17:31:38 +07)" executed successfully
2026-09-17 17:31:36,013 INFO apscheduler.executors.default: Running job "main.<locals>.run_scan (trigger: cron[second='1,6,11,16,21,26,31,36,41,46,51,56'], next run at: 2026-09-17 17:31:41 +07)" (scheduled at 2026-09-17 17:31:36+07:00)
2026-09-17 17:31:36,015 INFO apscheduler.executors.default: Job "main.<locals>.run_scan (trigger: cron[second='1,6,11,16,21,26,31,36,41,46,51,56'], next run at: 2026-09-17 17:31:41 +07)" executed successfully
2026-09-17 17:31:37,495 INFO httpx: HTTP Request: POST https://api.telegram.org/bot8742189012:AAEXGnFYIvAR33uaXz4-tx-ywZHjdNFhmgY/getUpdates "HTTP/1.1 200 OK"
2026-09-17 17:31:38,561 INFO apscheduler.executors.default: Running job "main.<locals>.run_lts_aus_fast_scan (trigger: interval[0:00:05], next run at: 2026-09-17 17:31:43 +07)" (scheduled at 2026-09-17 17:31:38.553049+07:00)
2026-09-17 17:31:38,561 INFO apscheduler.executors.default: Job "main.<locals>.run_lts_aus_fast_scan (trigger: interval[0:00:05], next run at: 2026-09-17 17:31:43 +07)" executed successfully
2026-09-17 17:31:38,561 INFO apscheduler.executors.default: Running job "main.<locals>.run_trail_sl (trigger: interval[0:00:05], next run at: 2026-09-17 17:31:43 +07)" (scheduled at 2026-09-17 17:31:38.553049+07:00)
2026-09-17 17:31:38,561 INFO apscheduler.executors.default: Job "main.<locals>.run_trail_sl (trigger: interval[0:00:05], next run at: 2026-09-17 17:31:43 +07)" executed successfully
2026-09-17 17:31:38,563 INFO apscheduler.executors.default: Running job "main.<locals>.run_position_check (trigger: interval[0:00:05], next run at: 2026-09-17 17:31:43 +07)" (scheduled at 2026-09-17 17:31:38.554314+07:00)
2026-09-17 17:31:38,569 INFO apscheduler.executors.default: Job "main.<locals>.run_position_check (trigger: interval[0:00:05], next run at: 2026-09-17 17:31:43 +07)" executed successfully
2026-09-17 17:31:38,570 INFO apscheduler.executors.default: Running job "main.<locals>.save_bot_state_job (trigger: interval[0:00:15], next run at: 2026-09-17 17:31:53 +07)" (scheduled at 2026-09-17 17:31:38.554314+07:00)
2026-09-17 17:31:38,571 INFO apscheduler.executors.default: Job "main.<locals>.save_bot_state_job (trigger: interval[0:00:15], next run at: 2026-09-17 17:31:53 +07)" executed successfully
2026-09-17 17:31:41,012 INFO apscheduler.executors.default: Running job "main.<locals>.run_scan (trigger: cron[second='1,6,11,16,21,26,31,36,41,46,51,56'], next run at: 2026-09-17 17:31:46 +07)" (scheduled at 2026-09-17 17:31:41+07:00)
2026-09-17 17:31:41,013 INFO apscheduler.executors.default: Job "main.<locals>.run_scan (trigger: cron[second='1,6,11,16,21,26,31,36,41,46,51,56'], next run at: 2026-09-17 17:31:46 +07)" executed successfully
2026-09-17 17:31:42,566 INFO apscheduler.executors.default: Running job "main.<locals>.write_heartbeat_job (trigger: interval[0:00:15], next run at: 2026-09-17 17:31:57 +07)" (scheduled at 2026-09-17 17:31:42.556562+07:00)
2026-09-17 17:31:42,570 INFO apscheduler.executors.default: Job "main.<locals>.write_heartbeat_job (trigger: interval[0:00:15], next run at: 2026-09-17 17:31:57 +07)" executed successfully
2026-09-17 17:31:43,564 INFO apscheduler.executors.default: Running job "main.<locals>.run_lts_aus_fast_scan (trigger: interval[0:00:05], next run at: 2026-09-17 17:31:48 +07)" (scheduled at 2026-09-17 17:31:43.553049+07:00)
2026-09-17 17:31:43,564 INFO apscheduler.executors.default: Job "main.<locals>.run_lts_aus_fast_scan (trigger: interval[0:00:05], next run at: 2026-09-17 17:31:48 +07)" executed successfully
2026-09-17 17:31:43,566 INFO apscheduler.executors.default: Running job "main.<locals>.run_trail_sl (trigger: interval[0:00:05], next run at: 2026-09-17 17:31:48 +07)" (scheduled at 2026-09-17 17:31:43.553049+07:00)
2026-09-17 17:31:43,566 INFO apscheduler.executors.default: Job "main.<locals>.run_trail_sl (trigger: interval[0:00:05], next run at: 2026-09-17 17:31:48 +07)" executed successfully
2026-09-17 17:31:43,566 INFO apscheduler.executors.default: Running job "main.<locals>.run_position_check (trigger: interval[0:00:05], next run at: 2026-09-17 17:31:48 +07)" (scheduled at 2026-09-17 17:31:43.554314+07:00)
2026-09-17 17:31:43,573 INFO apscheduler.executors.default: Job "main.<locals>.run_position_check (trigger: interval[0:00:05], next run at: 2026-09-17 17:31:48 +07)" executed successfully
2026-09-17 17:31:46,008 INFO apscheduler.executors.default: Running job "main.<locals>.run_scan (trigger: cron[second='1,6,11,16,21,26,31,36,41,46,51,56'], next run at: 2026-09-17 17:31:51 +07)" (scheduled at 2026-09-17 17:31:46+07:00)
2026-09-17 17:31:46,009 INFO apscheduler.executors.default: Job "main.<locals>.run_scan (trigger: cron[second='1,6,11,16,21,26,31,36,41,46,51,56'], next run at: 2026-09-17 17:31:51 +07)" executed successfully
2026-09-17 17:31:47,693 INFO httpx: HTTP Request: POST https://api.telegram.org/bot8742189012:AAEXGnFYIvAR33uaXz4-tx-ywZHjdNFhmgY/getUpdates "HTTP/1.1 200 OK"
2026-09-17 17:31:48,555 INFO apscheduler.executors.default: Running job "main.<locals>.run_lts_aus_fast_scan (trigger: interval[0:00:05], next run at: 2026-09-17 17:31:53 +07)" (scheduled at 2026-09-17 17:31:48.553049+07:00)
2026-09-17 17:31:48,556 INFO apscheduler.executors.default: Job "main.<locals>.run_lts_aus_fast_scan (trigger: interval[0:00:05], next run at: 2026-09-17 17:31:53 +07)" executed successfully
2026-09-17 17:31:48,556 INFO apscheduler.executors.default: Running job "main.<locals>.run_trail_sl (trigger: interval[0:00:05], next run at: 2026-09-17 17:31:53 +07)" (scheduled at 2026-09-17 17:31:48.553049+07:00)
2026-09-17 17:31:48,556 INFO apscheduler.executors.default: Job "main.<locals>.run_trail_sl (trigger: interval[0:00:05], next run at: 2026-09-17 17:31:53 +07)" executed successfully
2026-09-17 17:31:48,557 INFO apscheduler.executors.default: Running job "main.<locals>.run_position_check (trigger: interval[0:00:05], next run at: 2026-09-17 17:31:53 +07)" (scheduled at 2026-09-17 17:31:48.554314+07:00)
2026-09-17 17:31:48,566 INFO apscheduler.executors.default: Job "main.<locals>.run_position_check (trigger: interval[0:00:05], next run at: 2026-09-17 17:31:53 +07)" executed successfully
2026-09-17 17:31:51,012 INFO apscheduler.executors.default: Running job "main.<locals>.run_scan (trigger: cron[second='1,6,11,16,21,26,31,36,41,46,51,56'], next run at: 2026-09-17 17:31:56 +07)" (scheduled at 2026-09-17 17:31:51+07:00)
2026-09-17 17:31:51,012 INFO apscheduler.executors.default: Job "main.<locals>.run_scan (trigger: cron[second='1,6,11,16,21,26,31,36,41,46,51,56'], next run at: 2026-09-17 17:31:56 +07)" executed successfully
2026-09-17 17:31:53,559 INFO apscheduler.executors.default: Running job "main.<locals>.run_lts_aus_fast_scan (trigger: interval[0:00:05], next run at: 2026-09-17 17:31:58 +07)" (scheduled at 2026-09-17 17:31:53.553049+07:00)
2026-09-17 17:31:53,559 INFO apscheduler.executors.default: Job "main.<locals>.run_lts_aus_fast_scan (trigger: interval[0:00:05], next run at: 2026-09-17 17:31:58 +07)" executed successfully
2026-09-17 17:31:53,560 INFO apscheduler.executors.default: Running job "main.<locals>.run_trail_sl (trigger: interval[0:00:05], next run at: 2026-09-17 17:31:58 +07)" (scheduled at 2026-09-17 17:31:53.553049+07:00)
2026-09-17 17:31:53,560 INFO apscheduler.executors.default: Job "main.<locals>.run_trail_sl (trigger: interval[0:00:05], next run at: 2026-09-17 17:31:58 +07)" executed successfully
2026-09-17 17:31:53,560 INFO apscheduler.executors.default: Running job "main.<locals>.run_position_check (trigger: interval[0:00:05], next run at: 2026-09-17 17:31:58 +07)" (scheduled at 2026-09-17 17:31:53.554314+07:00)
2026-09-17 17:31:53,566 INFO apscheduler.executors.default: Job "main.<locals>.run_position_check (trigger: interval[0:00:05], next run at: 2026-09-17 17:31:58 +07)" executed successfully
2026-09-17 17:31:53,566 INFO apscheduler.executors.default: Running job "main.<locals>.save_bot_state_job (trigger: interval[0:00:15], next run at: 2026-09-17 17:32:08 +07)" (scheduled at 2026-09-17 17:31:53.554314+07:00)
2026-09-17 17:31:53,571 INFO apscheduler.executors.default: Job "main.<locals>.save_bot_state_job (trigger: interval[0:00:15], next run at: 2026-09-17 17:32:08 +07)" executed successfully
2026-09-17 17:31:56,013 INFO apscheduler.executors.default: Running job "main.<locals>.run_scan (trigger: cron[second='1,6,11,16,21,26,31,36,41,46,51,56'], next run at: 2026-09-17 17:32:01 +07)" (scheduled at 2026-09-17 17:31:56+07:00)
2026-09-17 17:31:56,013 INFO apscheduler.executors.default: Job "main.<locals>.run_scan (trigger: cron[second='1,6,11,16,21,26,31,36,41,46,51,56'], next run at: 2026-09-17 17:32:01 +07)" executed successfully
2026-09-17 17:31:57,565 INFO apscheduler.executors.default: Running job "main.<locals>.write_heartbeat_job (trigger: interval[0:00:15], next run at: 2026-09-17 17:32:12 +07)" (scheduled at 2026-09-17 17:31:57.556562+07:00)
2026-09-17 17:31:57,569 INFO apscheduler.executors.default: Job "main.<locals>.write_heartbeat_job (trigger: interval[0:00:15], next run at: 2026-09-17 17:32:12 +07)" executed successfully
2026-09-17 17:31:57,896 INFO httpx: HTTP Request: POST https://api.telegram.org/bot8742189012:AAEXGnFYIvAR33uaXz4-tx-ywZHjdNFhmgY/getUpdates "HTTP/1.1 200 OK"
2026-09-17 17:31:58,560 INFO apscheduler.executors.default: Running job "main.<locals>.run_lts_aus_fast_scan (trigger: interval[0:00:05], next run at: 2026-09-17 17:32:03 +07)" (scheduled at 2026-09-17 17:31:58.553049+07:00)
2026-09-17 17:31:58,561 INFO apscheduler.executors.default: Job "main.<locals>.run_lts_aus_fast_scan (trigger: interval[0:00:05], next run at: 2026-09-17 17:32:03 +07)" executed successfully
2026-09-17 17:31:58,562 INFO apscheduler.executors.default: Running job "main.<locals>.run_trail_sl (trigger: interval[0:00:05], next run at: 2026-09-17 17:32:03 +07)" (scheduled at 2026-09-17 17:31:58.553049+07:00)
2026-09-17 17:31:58,562 INFO apscheduler.executors.default: Job "main.<locals>.run_trail_sl (trigger: interval[0:00:05], next run at: 2026-09-17 17:32:03 +07)" executed successfully
2026-09-17 17:31:58,562 INFO apscheduler.executors.default: Running job "main.<locals>.run_position_check (trigger: interval[0:00:05], next run at: 2026-09-17 17:32:03 +07)" (scheduled at 2026-09-17 17:31:58.554314+07:00)
2026-09-17 17:31:58,570 INFO apscheduler.executors.default: Job "main.<locals>.run_position_check (trigger: interval[0:00:05], next run at: 2026-09-17 17:32:03 +07)" executed successfully
2026-09-17 17:32:01,003 INFO apscheduler.executors.default: Running job "main.<locals>.run_scan (trigger: cron[second='1,6,11,16,21,26,31,36,41,46,51,56'], next run at: 2026-09-17 17:32:06 +07)" (scheduled at 2026-09-17 17:32:01+07:00)
2026-09-17 17:32:01,005 INFO apscheduler.executors.default: Job "main.<locals>.run_scan (trigger: cron[second='1,6,11,16,21,26,31,36,41,46,51,56'], next run at: 2026-09-17 17:32:06 +07)" executed successfully
2026-09-17 17:32:03,560 INFO apscheduler.executors.default: Running job "main.<locals>.run_lts_aus_fast_scan (trigger: interval[0:00:05], next run at: 2026-09-17 17:32:08 +07)" (scheduled at 2026-09-17 17:32:03.553049+07:00)
2026-09-17 17:32:03,560 INFO apscheduler.executors.default: Job "main.<locals>.run_lts_aus_fast_scan (trigger: interval[0:00:05], next run at: 2026-09-17 17:32:08 +07)" executed successfully
2026-09-17 17:32:03,560 INFO apscheduler.executors.default: Running job "main.<locals>.run_trail_sl (trigger: interval[0:00:05], next run at: 2026-09-17 17:32:08 +07)" (scheduled at 2026-09-17 17:32:03.553049+07:00)
2026-09-17 17:32:03,561 INFO apscheduler.executors.default: Job "main.<locals>.run_trail_sl (trigger: interval[0:00:05], next run at: 2026-09-17 17:32:08 +07)" executed successfully
2026-09-17 17:32:03,561 INFO apscheduler.executors.default: Running job "main.<locals>.run_position_check (trigger: interval[0:00:05], next run at: 2026-09-17 17:32:08 +07)" (scheduled at 2026-09-17 17:32:03.554314+07:00)
2026-09-17 17:32:03,568 INFO apscheduler.executors.default: Job "main.<locals>.run_position_check (trigger: interval[0:00:05], next run at: 2026-09-17 17:32:08 +07)" executed successfully
2026-09-17 17:32:06,007 INFO apscheduler.executors.default: Running job "main.<locals>.run_scan (trigger: cron[second='1,6,11,16,21,26,31,36,41,46,51,56'], next run at: 2026-09-17 17:32:11 +07)" (scheduled at 2026-09-17 17:32:06+07:00)
2026-09-17 17:32:06,008 INFO apscheduler.executors.default: Job "main.<locals>.run_scan (trigger: cron[second='1,6,11,16,21,26,31,36,41,46,51,56'], next run at: 2026-09-17 17:32:11 +07)" executed successfully
2026-09-17 17:32:08,178 INFO httpx: HTTP Request: POST https://api.telegram.org/bot8742189012:AAEXGnFYIvAR33uaXz4-tx-ywZHjdNFhmgY/getUpdates "HTTP/1.1 200 OK"
2026-09-17 17:32:08,571 INFO apscheduler.executors.default: Running job "main.<locals>.run_lts_aus_fast_scan (trigger: interval[0:00:05], next run at: 2026-09-17 17:32:13 +07)" (scheduled at 2026-09-17 17:32:08.553049+07:00)
2026-09-17 17:32:08,571 INFO apscheduler.executors.default: Job "main.<locals>.run_lts_aus_fast_scan (trigger: interval[0:00:05], next run at: 2026-09-17 17:32:13 +07)" executed successfully
2026-09-17 17:32:08,572 INFO apscheduler.executors.default: Running job "main.<locals>.run_trail_sl (trigger: interval[0:00:05], next run at: 2026-09-17 17:32:13 +07)" (scheduled at 2026-09-17 17:32:08.553049+07:00)
2026-09-17 17:32:08,572 INFO apscheduler.executors.default: Job "main.<locals>.run_trail_sl (trigger: interval[0:00:05], next run at: 2026-09-17 17:32:13 +07)" executed successfully
2026-09-17 17:32:08,572 INFO apscheduler.executors.default: Running job "main.<locals>.run_position_check (trigger: interval[0:00:05], next run at: 2026-09-17 17:32:13 +07)" (scheduled at 2026-09-17 17:32:08.554314+07:00)
2026-09-17 17:32:08,580 INFO apscheduler.executors.default: Job "main.<locals>.run_position_check (trigger: interval[0:00:05], next run at: 2026-09-17 17:32:13 +07)" executed successfully
2026-09-17 17:32:08,580 INFO apscheduler.executors.default: Running job "main.<locals>.save_bot_state_job (trigger: interval[0:00:15], next run at: 2026-09-17 17:32:23 +07)" (scheduled at 2026-09-17 17:32:08.554314+07:00)
2026-09-17 17:32:08,584 INFO apscheduler.executors.default: Job "main.<locals>.save_bot_state_job (trigger: interval[0:00:15], next run at: 2026-09-17 17:32:23 +07)" executed successfully
2026-09-17 17:32:11,009 INFO apscheduler.executors.default: Running job "main.<locals>.run_scan (trigger: cron[second='1,6,11,16,21,26,31,36,41,46,51,56'], next run at: 2026-09-17 17:32:16 +07)" (scheduled at 2026-09-17 17:32:11+07:00)
2026-09-17 17:32:11,009 INFO apscheduler.executors.default: Job "main.<locals>.run_scan (trigger: cron[second='1,6,11,16,21,26,31,36,41,46,51,56'], next run at: 2026-09-17 17:32:16 +07)" executed successfully
2026-09-17 17:32:12,557 INFO apscheduler.executors.default: Running job "main.<locals>.write_heartbeat_job (trigger: interval[0:00:15], next run at: 2026-09-17 17:32:27 +07)" (scheduled at 2026-09-17 17:32:12.556562+07:00)
2026-09-17 17:32:12,561 INFO apscheduler.executors.default: Job "main.<locals>.write_heartbeat_job (trigger: interval[0:00:15], next run at: 2026-09-17 17:32:27 +07)" executed successfully
2026-09-17 17:32:13,567 INFO apscheduler.executors.default: Running job "main.<locals>.run_lts_aus_fast_scan (trigger: interval[0:00:05], next run at: 2026-09-17 17:32:18 +07)" (scheduled at 2026-09-17 17:32:13.553049+07:00)
2026-09-17 17:32:13,569 INFO apscheduler.executors.default: Job "main.<locals>.run_lts_aus_fast_scan (trigger: interval[0:00:05], next run at: 2026-09-17 17:32:18 +07)" executed successfully
2026-09-17 17:32:13,569 INFO apscheduler.executors.default: Running job "main.<locals>.run_trail_sl (trigger: interval[0:00:05], next run at: 2026-09-17 17:32:18 +07)" (scheduled at 2026-09-17 17:32:13.553049+07:00)
2026-09-17 17:32:13,569 INFO apscheduler.executors.default: Job "main.<locals>.run_trail_sl (trigger: interval[0:00:05], next run at: 2026-09-17 17:32:18 +07)" executed successfully
2026-09-17 17:32:13,571 INFO apscheduler.executors.default: Running job "main.<locals>.run_position_check (trigger: interval[0:00:05], next run at: 2026-09-17 17:32:18 +07)" (scheduled at 2026-09-17 17:32:13.554314+07:00)
2026-09-17 17:32:13,576 INFO apscheduler.executors.default: Job "main.<locals>.run_position_check (trigger: interval[0:00:05], next run at: 2026-09-17 17:32:18 +07)" executed successfully
2026-09-17 17:32:16,022 INFO apscheduler.executors.default: Running job "main.<locals>.run_scan (trigger: cron[second='1,6,11,16,21,26,31,36,41,46,51,56'], next run at: 2026-09-17 17:32:21 +07)" (scheduled at 2026-09-17 17:32:16+07:00)
2026-09-17 17:32:16,022 INFO apscheduler.executors.default: Job "main.<locals>.run_scan (trigger: cron[second='1,6,11,16,21,26,31,36,41,46,51,56'], next run at: 2026-09-17 17:32:21 +07)" executed successfully
2026-09-17 17:32:18,386 INFO httpx: HTTP Request: POST https://api.telegram.org/bot8742189012:AAEXGnFYIvAR33uaXz4-tx-ywZHjdNFhmgY/getUpdates "HTTP/1.1 200 OK"
2026-09-17 17:32:18,569 INFO apscheduler.executors.default: Running job "main.<locals>.run_lts_aus_fast_scan (trigger: interval[0:00:05], next run at: 2026-09-17 17:32:23 +07)" (scheduled at 2026-09-17 17:32:18.553049+07:00)
2026-09-17 17:32:18,570 INFO apscheduler.executors.default: Job "main.<locals>.run_lts_aus_fast_scan (trigger: interval[0:00:05], next run at: 2026-09-17 17:32:23 +07)" executed successfully
2026-09-17 17:32:18,570 INFO apscheduler.executors.default: Running job "main.<locals>.run_trail_sl (trigger: interval[0:00:05], next run at: 2026-09-17 17:32:23 +07)" (scheduled at 2026-09-17 17:32:18.553049+07:00)
2026-09-17 17:32:18,571 INFO apscheduler.executors.default: Job "main.<locals>.run_trail_sl (trigger: interval[0:00:05], next run at: 2026-09-17 17:32:23 +07)" executed successfully
2026-09-17 17:32:18,571 INFO apscheduler.executors.default: Running job "main.<locals>.run_position_check (trigger: interval[0:00:05], next run at: 2026-09-17 17:32:23 +07)" (scheduled at 2026-09-17 17:32:18.554314+07:00)
2026-09-17 17:32:18,579 INFO apscheduler.executors.default: Job "main.<locals>.run_position_check (trigger: interval[0:00:05], next run at: 2026-09-17 17:32:23 +07)" executed successfully
2026-09-17 17:32:21,024 INFO apscheduler.executors.default: Running job "main.<locals>.run_scan (trigger: cron[second='1,6,11,16,21,26,31,36,41,46,51,56'], next run at: 2026-09-17 17:32:26 +07)" (scheduled at 2026-09-17 17:32:21+07:00)
2026-09-17 17:32:21,024 INFO apscheduler.executors.default: Job "main.<locals>.run_scan (trigger: cron[second='1,6,11,16,21,26,31,36,41,46,51,56'], next run at: 2026-09-17 17:32:26 +07)" executed successfully
2026-09-17 17:32:23,557 INFO apscheduler.executors.default: Running job "main.<locals>.check_symbol_switch (trigger: interval[0:01:00], next run at: 2026-09-17 17:33:23 +07)" (scheduled at 2026-09-17 17:32:23.550053+07:00)
2026-09-17 17:32:23,566 INFO apscheduler.executors.default: Job "main.<locals>.check_symbol_switch (trigger: interval[0:01:00], next run at: 2026-09-17 17:33:23 +07)" executed successfully
2026-09-17 17:32:23,567 INFO apscheduler.executors.default: Running job "main.<locals>.run_lts_aus_fast_scan (trigger: interval[0:00:05], next run at: 2026-09-17 17:32:28 +07)" (scheduled at 2026-09-17 17:32:23.553049+07:00)
2026-09-17 17:32:23,567 INFO apscheduler.executors.default: Job "main.<locals>.run_lts_aus_fast_scan (trigger: interval[0:00:05], next run at: 2026-09-17 17:32:28 +07)" executed successfully
2026-09-17 17:32:23,567 INFO apscheduler.executors.default: Running job "main.<locals>.run_trail_sl (trigger: interval[0:00:05], next run at: 2026-09-17 17:32:28 +07)" (scheduled at 2026-09-17 17:32:23.553049+07:00)
2026-09-17 17:32:23,567 INFO apscheduler.executors.default: Job "main.<locals>.run_trail_sl (trigger: interval[0:00:05], next run at: 2026-09-17 17:32:28 +07)" executed successfully
2026-09-17 17:32:23,568 INFO apscheduler.executors.default: Running job "main.<locals>.run_position_check (trigger: interval[0:00:05], next run at: 2026-09-17 17:32:28 +07)" (scheduled at 2026-09-17 17:32:23.554314+07:00)
2026-09-17 17:32:23,577 INFO apscheduler.executors.default: Job "main.<locals>.run_position_check (trigger: interval[0:00:05], next run at: 2026-09-17 17:32:28 +07)" executed successfully
2026-09-17 17:32:23,578 INFO apscheduler.executors.default: Running job "main.<locals>.save_bot_state_job (trigger: interval[0:00:15], next run at: 2026-09-17 17:32:38 +07)" (scheduled at 2026-09-17 17:32:23.554314+07:00)
2026-09-17 17:32:23,582 INFO apscheduler.executors.default: Job "main.<locals>.save_bot_state_job (trigger: interval[0:00:15], next run at: 2026-09-17 17:32:38 +07)" executed successfully
2026-09-17 17:32:23,584 INFO apscheduler.executors.default: Running job "main.<locals>.run_watchdog (trigger: interval[0:01:00], next run at: 2026-09-17 17:33:23 +07)" (scheduled at 2026-09-17 17:32:23.556562+07:00)
2026-09-17 17:32:23,589 INFO apscheduler.executors.default: Job "main.<locals>.run_watchdog (trigger: interval[0:01:00], next run at: 2026-09-17 17:33:23 +07)" executed successfully
2026-09-17 17:32:26,012 INFO apscheduler.executors.default: Running job "main.<locals>.run_scan (trigger: cron[second='1,6,11,16,21,26,31,36,41,46,51,56'], next run at: 2026-09-17 17:32:31 +07)" (scheduled at 2026-09-17 17:32:26+07:00)
2026-09-17 17:32:26,012 INFO apscheduler.executors.default: Job "main.<locals>.run_scan (trigger: cron[second='1,6,11,16,21,26,31,36,41,46,51,56'], next run at: 2026-09-17 17:32:31 +07)" executed successfully
2026-09-17 17:32:27,565 INFO apscheduler.executors.default: Running job "main.<locals>.write_heartbeat_job (trigger: interval[0:00:15], next run at: 2026-09-17 17:32:42 +07)" (scheduled at 2026-09-17 17:32:27.556562+07:00)
2026-09-17 17:32:27,570 INFO apscheduler.executors.default: Job "main.<locals>.write_heartbeat_job (trigger: interval[0:00:15], next run at: 2026-09-17 17:32:42 +07)" executed successfully
2026-09-17 17:32:28,574 INFO apscheduler.executors.default: Running job "main.<locals>.run_lts_aus_fast_scan (trigger: interval[0:00:05], next run at: 2026-09-17 17:32:33 +07)" (scheduled at 2026-09-17 17:32:28.553049+07:00)
2026-09-17 17:32:28,576 INFO apscheduler.executors.default: Job "main.<locals>.run_lts_aus_fast_scan (trigger: interval[0:00:05], next run at: 2026-09-17 17:32:33 +07)" executed successfully
2026-09-17 17:32:28,577 INFO apscheduler.executors.default: Running job "main.<locals>.run_trail_sl (trigger: interval[0:00:05], next run at: 2026-09-17 17:32:33 +07)" (scheduled at 2026-09-17 17:32:28.553049+07:00)
2026-09-17 17:32:28,577 INFO apscheduler.executors.default: Job "main.<locals>.run_trail_sl (trigger: interval[0:00:05], next run at: 2026-09-17 17:32:33 +07)" executed successfully
2026-09-17 17:32:28,577 INFO apscheduler.executors.default: Running job "main.<locals>.run_position_check (trigger: interval[0:00:05], next run at: 2026-09-17 17:32:33 +07)" (scheduled at 2026-09-17 17:32:28.554314+07:00)
2026-09-17 17:32:28,584 INFO apscheduler.executors.default: Job "main.<locals>.run_position_check (trigger: interval[0:00:05], next run at: 2026-09-17 17:32:33 +07)" executed successfully
2026-09-17 17:32:28,590 INFO httpx: HTTP Request: POST https://api.telegram.org/bot8742189012:AAEXGnFYIvAR33uaXz4-tx-ywZHjdNFhmgY/getUpdates "HTTP/1.1 200 OK"
2026-09-17 17:32:31,011 INFO apscheduler.executors.default: Running job "main.<locals>.run_scan (trigger: cron[second='1,6,11,16,21,26,31,36,41,46,51,56'], next run at: 2026-09-17 17:32:36 +07)" (scheduled at 2026-09-17 17:32:31+07:00)
2026-09-17 17:32:31,011 INFO apscheduler.executors.default: Job "main.<locals>.run_scan (trigger: cron[second='1,6,11,16,21,26,31,36,41,46,51,56'], next run at: 2026-09-17 17:32:36 +07)" executed successfully
2026-09-17 17:32:33,567 INFO apscheduler.executors.default: Running job "main.<locals>.run_lts_aus_fast_scan (trigger: interval[0:00:05], next run at: 2026-09-17 17:32:38 +07)" (scheduled at 2026-09-17 17:32:33.553049+07:00)
2026-09-17 17:32:33,569 INFO apscheduler.executors.default: Job "main.<locals>.run_lts_aus_fast_scan (trigger: interval[0:00:05], next run at: 2026-09-17 17:32:38 +07)" executed successfully
2026-09-17 17:32:33,569 INFO apscheduler.executors.default: Running job "main.<locals>.run_trail_sl (trigger: interval[0:00:05], next run at: 2026-09-17 17:32:38 +07)" (scheduled at 2026-09-17 17:32:33.553049+07:00)
2026-09-17 17:32:33,570 INFO apscheduler.executors.default: Job "main.<locals>.run_trail_sl (trigger: interval[0:00:05], next run at: 2026-09-17 17:32:38 +07)" executed successfully
2026-09-17 17:32:33,570 INFO apscheduler.executors.default: Running job "main.<locals>.run_position_check (trigger: interval[0:00:05], next run at: 2026-09-17 17:32:38 +07)" (scheduled at 2026-09-17 17:32:33.554314+07:00)
2026-09-17 17:32:33,576 INFO apscheduler.executors.default: Job "main.<locals>.run_position_check (trigger: interval[0:00:05], next run at: 2026-09-17 17:32:38 +07)" executed successfully
2026-09-17 17:32:36,018 INFO apscheduler.executors.default: Running job "main.<locals>.run_scan (trigger: cron[second='1,6,11,16,21,26,31,36,41,46,51,56'], next run at: 2026-09-17 17:32:41 +07)" (scheduled at 2026-09-17 17:32:36+07:00)
2026-09-17 17:32:36,019 INFO apscheduler.executors.default: Job "main.<locals>.run_scan (trigger: cron[second='1,6,11,16,21,26,31,36,41,46,51,56'], next run at: 2026-09-17 17:32:41 +07)" executed successfully
2026-09-17 17:32:38,567 INFO apscheduler.executors.default: Running job "main.<locals>.run_lts_aus_fast_scan (trigger: interval[0:00:05], next run at: 2026-09-17 17:32:43 +07)" (scheduled at 2026-09-17 17:32:38.553049+07:00)
2026-09-17 17:32:38,567 INFO apscheduler.executors.default: Job "main.<locals>.run_lts_aus_fast_scan (trigger: interval[0:00:05], next run at: 2026-09-17 17:32:43 +07)" executed successfully
2026-09-17 17:32:38,568 INFO apscheduler.executors.default: Running job "main.<locals>.run_trail_sl (trigger: interval[0:00:05], next run at: 2026-09-17 17:32:43 +07)" (scheduled at 2026-09-17 17:32:38.553049+07:00)
2026-09-17 17:32:38,568 INFO apscheduler.executors.default: Job "main.<locals>.run_trail_sl (trigger: interval[0:00:05], next run at: 2026-09-17 17:32:43 +07)" executed successfully
2026-09-17 17:32:38,569 INFO apscheduler.executors.default: Running job "main.<locals>.run_position_check (trigger: interval[0:00:05], next run at: 2026-09-17 17:32:43 +07)" (scheduled at 2026-09-17 17:32:38.554314+07:00)
2026-09-17 17:32:38,575 INFO apscheduler.executors.default: Job "main.<locals>.run_position_check (trigger: interval[0:00:05], next run at: 2026-09-17 17:32:43 +07)" executed successfully
2026-09-17 17:32:38,576 INFO apscheduler.executors.default: Running job "main.<locals>.save_bot_state_job (trigger: interval[0:00:15], next run at: 2026-09-17 17:32:53 +07)" (scheduled at 2026-09-17 17:32:38.554314+07:00)
2026-09-17 17:32:38,579 INFO apscheduler.executors.default: Job "main.<locals>.save_bot_state_job (trigger: interval[0:00:15], next run at: 2026-09-17 17:32:53 +07)" executed successfully
2026-09-17 17:32:38,785 INFO httpx: HTTP Request: POST https://api.telegram.org/bot8742189012:AAEXGnFYIvAR33uaXz4-tx-ywZHjdNFhmgY/getUpdates "HTTP/1.1 200 OK"
2026-09-17 17:32:41,009 INFO apscheduler.executors.default: Running job "main.<locals>.run_scan (trigger: cron[second='1,6,11,16,21,26,31,36,41,46,51,56'], next run at: 2026-09-17 17:32:46 +07)" (scheduled at 2026-09-17 17:32:41+07:00)
2026-09-17 17:32:41,009 INFO apscheduler.executors.default: Job "main.<locals>.run_scan (trigger: cron[second='1,6,11,16,21,26,31,36,41,46,51,56'], next run at: 2026-09-17 17:32:46 +07)" executed successfully
2026-09-17 17:32:42,565 INFO apscheduler.executors.default: Running job "main.<locals>.write_heartbeat_job (trigger: interval[0:00:15], next run at: 2026-09-17 17:32:57 +07)" (scheduled at 2026-09-17 17:32:42.556562+07:00)
2026-09-17 17:32:42,567 INFO apscheduler.executors.default: Job "main.<locals>.write_heartbeat_job (trigger: interval[0:00:15], next run at: 2026-09-17 17:32:57 +07)" executed successfully
2026-09-17 17:32:43,570 INFO apscheduler.executors.default: Running job "main.<locals>.run_lts_aus_fast_scan (trigger: interval[0:00:05], next run at: 2026-09-17 17:32:48 +07)" (scheduled at 2026-09-17 17:32:43.553049+07:00)
2026-09-17 17:32:43,572 INFO apscheduler.executors.default: Job "main.<locals>.run_lts_aus_fast_scan (trigger: interval[0:00:05], next run at: 2026-09-17 17:32:48 +07)" executed successfully
2026-09-17 17:32:43,573 INFO apscheduler.executors.default: Running job "main.<locals>.run_trail_sl (trigger: interval[0:00:05], next run at: 2026-09-17 17:32:48 +07)" (scheduled at 2026-09-17 17:32:43.553049+07:00)
2026-09-17 17:32:43,573 INFO apscheduler.executors.default: Job "main.<locals>.run_trail_sl (trigger: interval[0:00:05], next run at: 2026-09-17 17:32:48 +07)" executed successfully
2026-09-17 17:32:43,573 INFO apscheduler.executors.default: Running job "main.<locals>.run_position_check (trigger: interval[0:00:05], next run at: 2026-09-17 17:32:48 +07)" (scheduled at 2026-09-17 17:32:43.554314+07:00)
2026-09-17 17:32:43,580 INFO apscheduler.executors.default: Job "main.<locals>.run_position_check (trigger: interval[0:00:05], next run at: 2026-09-17 17:32:48 +07)" executed successfully
2026-09-17 17:32:46,008 INFO apscheduler.executors.default: Running job "main.<locals>.run_scan (trigger: cron[second='1,6,11,16,21,26,31,36,41,46,51,56'], next run at: 2026-09-17 17:32:51 +07)" (scheduled at 2026-09-17 17:32:46+07:00)
2026-09-17 17:32:46,008 INFO apscheduler.executors.default: Job "main.<locals>.run_scan (trigger: cron[second='1,6,11,16,21,26,31,36,41,46,51,56'], next run at: 2026-09-17 17:32:51 +07)" executed successfully
2026-09-17 17:32:48,568 INFO apscheduler.executors.default: Running job "main.<locals>.run_lts_aus_fast_scan (trigger: interval[0:00:05], next run at: 2026-09-17 17:32:53 +07)" (scheduled at 2026-09-17 17:32:48.553049+07:00)
2026-09-17 17:32:48,568 INFO apscheduler.executors.default: Job "main.<locals>.run_lts_aus_fast_scan (trigger: interval[0:00:05], next run at: 2026-09-17 17:32:53 +07)" executed successfully
2026-09-17 17:32:48,570 INFO apscheduler.executors.default: Running job "main.<locals>.run_trail_sl (trigger: interval[0:00:05], next run at: 2026-09-17 17:32:53 +07)" (scheduled at 2026-09-17 17:32:48.553049+07:00)
2026-09-17 17:32:48,570 INFO apscheduler.executors.default: Job "main.<locals>.run_trail_sl (trigger: interval[0:00:05], next run at: 2026-09-17 17:32:53 +07)" executed successfully
2026-09-17 17:32:48,571 INFO apscheduler.executors.default: Running job "main.<locals>.run_position_check (trigger: interval[0:00:05], next run at: 2026-09-17 17:32:53 +07)" (scheduled at 2026-09-17 17:32:48.554314+07:00)
2026-09-17 17:32:48,577 INFO apscheduler.executors.default: Job "main.<locals>.run_position_check (trigger: interval[0:00:05], next run at: 2026-09-17 17:32:53 +07)" executed successfully
2026-09-17 17:32:48,980 INFO httpx: HTTP Request: POST https://api.telegram.org/bot8742189012:AAEXGnFYIvAR33uaXz4-tx-ywZHjdNFhmgY/getUpdates "HTTP/1.1 200 OK"
2026-09-17 17:32:51,022 INFO apscheduler.executors.default: Running job "main.<locals>.run_scan (trigger: cron[second='1,6,11,16,21,26,31,36,41,46,51,56'], next run at: 2026-09-17 17:32:56 +07)" (scheduled at 2026-09-17 17:32:51+07:00)
2026-09-17 17:32:51,022 INFO apscheduler.executors.default: Job "main.<locals>.run_scan (trigger: cron[second='1,6,11,16,21,26,31,36,41,46,51,56'], next run at: 2026-09-17 17:32:56 +07)" executed successfully
2026-09-17 17:32:53,567 INFO apscheduler.executors.default: Running job "main.<locals>.run_lts_aus_fast_scan (trigger: interval[0:00:05], next run at: 2026-09-17 17:32:58 +07)" (scheduled at 2026-09-17 17:32:53.553049+07:00)
2026-09-17 17:32:53,567 INFO apscheduler.executors.default: Job "main.<locals>.run_lts_aus_fast_scan (trigger: interval[0:00:05], next run at: 2026-09-17 17:32:58 +07)" executed successfully
2026-09-17 17:32:53,567 INFO apscheduler.executors.default: Running job "main.<locals>.run_trail_sl (trigger: interval[0:00:05], next run at: 2026-09-17 17:32:58 +07)" (scheduled at 2026-09-17 17:32:53.553049+07:00)
2026-09-17 17:32:53,568 INFO apscheduler.executors.default: Job "main.<locals>.run_trail_sl (trigger: interval[0:00:05], next run at: 2026-09-17 17:32:58 +07)" executed successfully
2026-09-17 17:32:53,569 INFO apscheduler.executors.default: Running job "main.<locals>.run_position_check (trigger: interval[0:00:05], next run at: 2026-09-17 17:32:58 +07)" (scheduled at 2026-09-17 17:32:53.554314+07:00)
2026-09-17 17:32:53,576 INFO apscheduler.executors.default: Job "main.<locals>.run_position_check (trigger: interval[0:00:05], next run at: 2026-09-17 17:32:58 +07)" executed successfully
2026-09-17 17:32:53,576 INFO apscheduler.executors.default: Running job "main.<locals>.save_bot_state_job (trigger: interval[0:00:15], next run at: 2026-09-17 17:33:08 +07)" (scheduled at 2026-09-17 17:32:53.554314+07:00)
2026-09-17 17:32:53,579 INFO apscheduler.executors.default: Job "main.<locals>.save_bot_state_job (trigger: interval[0:00:15], next run at: 2026-09-17 17:33:08 +07)" executed successfully
2026-09-17 17:32:56,004 INFO apscheduler.executors.default: Running job "main.<locals>.run_scan (trigger: cron[second='1,6,11,16,21,26,31,36,41,46,51,56'], next run at: 2026-09-17 17:33:01 +07)" (scheduled at 2026-09-17 17:32:56+07:00)
2026-09-17 17:32:56,004 INFO apscheduler.executors.default: Job "main.<locals>.run_scan (trigger: cron[second='1,6,11,16,21,26,31,36,41,46,51,56'], next run at: 2026-09-17 17:33:01 +07)" executed successfully
2026-09-17 17:32:57,560 INFO apscheduler.executors.default: Running job "main.<locals>.write_heartbeat_job (trigger: interval[0:00:15], next run at: 2026-09-17 17:33:12 +07)" (scheduled at 2026-09-17 17:32:57.556562+07:00)
2026-09-17 17:32:57,563 INFO apscheduler.executors.default: Job "main.<locals>.write_heartbeat_job (trigger: interval[0:00:15], next run at: 2026-09-17 17:33:12 +07)" executed successfully
2026-09-17 17:32:58,567 INFO apscheduler.executors.default: Running job "main.<locals>.run_lts_aus_fast_scan (trigger: interval[0:00:05], next run at: 2026-09-17 17:33:03 +07)" (scheduled at 2026-09-17 17:32:58.553049+07:00)
2026-09-17 17:32:58,569 INFO apscheduler.executors.default: Job "main.<locals>.run_lts_aus_fast_scan (trigger: interval[0:00:05], next run at: 2026-09-17 17:33:03 +07)" executed successfully
2026-09-17 17:32:58,569 INFO apscheduler.executors.default: Running job "main.<locals>.run_trail_sl (trigger: interval[0:00:05], next run at: 2026-09-17 17:33:03 +07)" (scheduled at 2026-09-17 17:32:58.553049+07:00)
2026-09-17 17:32:58,569 INFO apscheduler.executors.default: Job "main.<locals>.run_trail_sl (trigger: interval[0:00:05], next run at: 2026-09-17 17:33:03 +07)" executed successfully
2026-09-17 17:32:58,569 INFO apscheduler.executors.default: Running job "main.<locals>.run_position_check (trigger: interval[0:00:05], next run at: 2026-09-17 17:33:03 +07)" (scheduled at 2026-09-17 17:32:58.554314+07:00)
2026-09-17 17:32:58,576 INFO apscheduler.executors.default: Job "main.<locals>.run_position_check (trigger: interval[0:00:05], next run at: 2026-09-17 17:33:03 +07)" executed successfully
2026-09-17 17:32:59,175 INFO httpx: HTTP Request: POST https://api.telegram.org/bot8742189012:AAEXGnFYIvAR33uaXz4-tx-ywZHjdNFhmgY/getUpdates "HTTP/1.1 200 OK"
2026-09-17 17:33:01,014 INFO apscheduler.executors.default: Running job "main.<locals>.run_scan (trigger: cron[second='1,6,11,16,21,26,31,36,41,46,51,56'], next run at: 2026-09-17 17:33:06 +07)" (scheduled at 2026-09-17 17:33:01+07:00)
2026-09-17 17:33:01,014 INFO apscheduler.executors.default: Job "main.<locals>.run_scan (trigger: cron[second='1,6,11,16,21,26,31,36,41,46,51,56'], next run at: 2026-09-17 17:33:06 +07)" executed successfully
2026-09-17 17:33:03,558 INFO apscheduler.executors.default: Running job "main.<locals>.run_lts_aus_fast_scan (trigger: interval[0:00:05], next run at: 2026-09-17 17:33:08 +07)" (scheduled at 2026-09-17 17:33:03.553049+07:00)
2026-09-17 17:33:03,560 INFO apscheduler.executors.default: Job "main.<locals>.run_lts_aus_fast_scan (trigger: interval[0:00:05], next run at: 2026-09-17 17:33:08 +07)" executed successfully
2026-09-17 17:33:03,560 INFO apscheduler.executors.default: Running job "main.<locals>.run_trail_sl (trigger: interval[0:00:05], next run at: 2026-09-17 17:33:08 +07)" (scheduled at 2026-09-17 17:33:03.553049+07:00)
2026-09-17 17:33:03,561 INFO apscheduler.executors.default: Job "main.<locals>.run_trail_sl (trigger: interval[0:00:05], next run at: 2026-09-17 17:33:08 +07)" executed successfully
2026-09-17 17:33:03,561 INFO apscheduler.executors.default: Running job "main.<locals>.run_position_check (trigger: interval[0:00:05], next run at: 2026-09-17 17:33:08 +07)" (scheduled at 2026-09-17 17:33:03.554314+07:00)
2026-09-17 17:33:03,569 INFO apscheduler.executors.default: Job "main.<locals>.run_position_check (trigger: interval[0:00:05], next run at: 2026-09-17 17:33:08 +07)" executed successfully
2026-09-17 17:33:06,005 INFO apscheduler.executors.default: Running job "main.<locals>.run_scan (trigger: cron[second='1,6,11,16,21,26,31,36,41,46,51,56'], next run at: 2026-09-17 17:33:11 +07)" (scheduled at 2026-09-17 17:33:06+07:00)
2026-09-17 17:33:06,006 INFO apscheduler.executors.default: Job "main.<locals>.run_scan (trigger: cron[second='1,6,11,16,21,26,31,36,41,46,51,56'], next run at: 2026-09-17 17:33:11 +07)" executed successfully
2026-09-17 17:33:08,569 INFO apscheduler.executors.default: Running job "main.<locals>.run_lts_aus_fast_scan (trigger: interval[0:00:05], next run at: 2026-09-17 17:33:13 +07)" (scheduled at 2026-09-17 17:33:08.553049+07:00)
2026-09-17 17:33:08,569 INFO apscheduler.executors.default: Job "main.<locals>.run_lts_aus_fast_scan (trigger: interval[0:00:05], next run at: 2026-09-17 17:33:13 +07)" executed successfully
2026-09-17 17:33:08,570 INFO apscheduler.executors.default: Running job "main.<locals>.run_trail_sl (trigger: interval[0:00:05], next run at: 2026-09-17 17:33:13 +07)" (scheduled at 2026-09-17 17:33:08.553049+07:00)
2026-09-17 17:33:08,570 INFO apscheduler.executors.default: Job "main.<locals>.run_trail_sl (trigger: interval[0:00:05], next run at: 2026-09-17 17:33:13 +07)" executed successfully
2026-09-17 17:33:08,570 INFO apscheduler.executors.default: Running job "main.<locals>.run_position_check (trigger: interval[0:00:05], next run at: 2026-09-17 17:33:13 +07)" (scheduled at 2026-09-17 17:33:08.554314+07:00)
2026-09-17 17:33:08,577 INFO apscheduler.executors.default: Job "main.<locals>.run_position_check (trigger: interval[0:00:05], next run at: 2026-09-17 17:33:13 +07)" executed successfully
2026-09-17 17:33:08,577 INFO apscheduler.executors.default: Running job "main.<locals>.save_bot_state_job (trigger: interval[0:00:15], next run at: 2026-09-17 17:33:23 +07)" (scheduled at 2026-09-17 17:33:08.554314+07:00)
2026-09-17 17:33:08,580 INFO apscheduler.executors.default: Job "main.<locals>.save_bot_state_job (trigger: interval[0:00:15], next run at: 2026-09-17 17:33:23 +07)" executed successfully
2026-09-17 17:33:09,384 INFO httpx: HTTP Request: POST https://api.telegram.org/bot8742189012:AAEXGnFYIvAR33uaXz4-tx-ywZHjdNFhmgY/getUpdates "HTTP/1.1 200 OK"
2026-09-17 17:33:11,007 INFO apscheduler.executors.default: Running job "main.<locals>.run_scan (trigger: cron[second='1,6,11,16,21,26,31,36,41,46,51,56'], next run at: 2026-09-17 17:33:16 +07)" (scheduled at 2026-09-17 17:33:11+07:00)
2026-09-17 17:33:11,007 INFO apscheduler.executors.default: Job "main.<locals>.run_scan (trigger: cron[second='1,6,11,16,21,26,31,36,41,46,51,56'], next run at: 2026-09-17 17:33:16 +07)" executed successfully
2026-09-17 17:33:12,570 INFO apscheduler.executors.default: Running job "main.<locals>.write_heartbeat_job (trigger: interval[0:00:15], next run at: 2026-09-17 17:33:27 +07)" (scheduled at 2026-09-17 17:33:12.556562+07:00)
2026-09-17 17:33:12,574 INFO apscheduler.executors.default: Job "main.<locals>.write_heartbeat_job (trigger: interval[0:00:15], next run at: 2026-09-17 17:33:27 +07)" executed successfully
2026-09-17 17:33:13,565 INFO apscheduler.executors.default: Running job "main.<locals>.run_lts_aus_fast_scan (trigger: interval[0:00:05], next run at: 2026-09-17 17:33:18 +07)" (scheduled at 2026-09-17 17:33:13.553049+07:00)
2026-09-17 17:33:13,567 INFO apscheduler.executors.default: Job "main.<locals>.run_lts_aus_fast_scan (trigger: interval[0:00:05], next run at: 2026-09-17 17:33:18 +07)" executed successfully
2026-09-17 17:33:13,568 INFO apscheduler.executors.default: Running job "main.<locals>.run_trail_sl (trigger: interval[0:00:05], next run at: 2026-09-17 17:33:18 +07)" (scheduled at 2026-09-17 17:33:13.553049+07:00)
2026-09-17 17:33:13,568 INFO apscheduler.executors.default: Job "main.<locals>.run_trail_sl (trigger: interval[0:00:05], next run at: 2026-09-17 17:33:18 +07)" executed successfully
2026-09-17 17:33:13,569 INFO apscheduler.executors.default: Running job "main.<locals>.run_position_check (trigger: interval[0:00:05], next run at: 2026-09-17 17:33:18 +07)" (scheduled at 2026-09-17 17:33:13.554314+07:00)
2026-09-17 17:33:13,574 INFO apscheduler.executors.default: Job "main.<locals>.run_position_check (trigger: interval[0:00:05], next run at: 2026-09-17 17:33:18 +07)" executed successfully
2026-09-17 17:33:16,023 INFO apscheduler.executors.default: Running job "main.<locals>.run_scan (trigger: cron[second='1,6,11,16,21,26,31,36,41,46,51,56'], next run at: 2026-09-17 17:33:21 +07)" (scheduled at 2026-09-17 17:33:16+07:00)
2026-09-17 17:33:16,024 INFO apscheduler.executors.default: Job "main.<locals>.run_scan (trigger: cron[second='1,6,11,16,21,26,31,36,41,46,51,56'], next run at: 2026-09-17 17:33:21 +07)" executed successfully
2026-09-17 17:33:18,569 INFO apscheduler.executors.default: Running job "main.<locals>.run_lts_aus_fast_scan (trigger: interval[0:00:05], next run at: 2026-09-17 17:33:23 +07)" (scheduled at 2026-09-17 17:33:18.553049+07:00)
2026-09-17 17:33:18,571 INFO apscheduler.executors.default: Job "main.<locals>.run_lts_aus_fast_scan (trigger: interval[0:00:05], next run at: 2026-09-17 17:33:23 +07)" executed successfully
2026-09-17 17:33:18,571 INFO apscheduler.executors.default: Running job "main.<locals>.run_trail_sl (trigger: interval[0:00:05], next run at: 2026-09-17 17:33:23 +07)" (scheduled at 2026-09-17 17:33:18.553049+07:00)
2026-09-17 17:33:18,571 INFO apscheduler.executors.default: Job "main.<locals>.run_trail_sl (trigger: interval[0:00:05], next run at: 2026-09-17 17:33:23 +07)" executed successfully
2026-09-17 17:33:18,572 INFO apscheduler.executors.default: Running job "main.<locals>.run_position_check (trigger: interval[0:00:05], next run at: 2026-09-17 17:33:23 +07)" (scheduled at 2026-09-17 17:33:18.554314+07:00)
2026-09-17 17:33:18,578 INFO apscheduler.executors.default: Job "main.<locals>.run_position_check (trigger: interval[0:00:05], next run at: 2026-09-17 17:33:23 +07)" executed successfully
2026-09-17 17:33:19,577 INFO httpx: HTTP Request: POST https://api.telegram.org/bot8742189012:AAEXGnFYIvAR33uaXz4-tx-ywZHjdNFhmgY/getUpdates "HTTP/1.1 200 OK"
2026-09-17 17:33:21,017 INFO apscheduler.executors.default: Running job "main.<locals>.run_scan (trigger: cron[second='1,6,11,16,21,26,31,36,41,46,51,56'], next run at: 2026-09-17 17:33:26 +07)" (scheduled at 2026-09-17 17:33:21+07:00)
2026-09-17 17:33:21,017 INFO apscheduler.executors.default: Job "main.<locals>.run_scan (trigger: cron[second='1,6,11,16,21,26,31,36,41,46,51,56'], next run at: 2026-09-17 17:33:26 +07)" executed successfully
2026-09-17 17:33:23,555 INFO apscheduler.executors.default: Running job "main.<locals>.check_symbol_switch (trigger: interval[0:01:00], next run at: 2026-09-17 17:34:23 +07)" (scheduled at 2026-09-17 17:33:23.550053+07:00)
2026-09-17 17:33:23,570 INFO apscheduler.executors.default: Job "main.<locals>.check_symbol_switch (trigger: interval[0:01:00], next run at: 2026-09-17 17:34:23 +07)" executed successfully
2026-09-17 17:33:23,571 INFO apscheduler.executors.default: Running job "main.<locals>.run_lts_aus_fast_scan (trigger: interval[0:00:05], next run at: 2026-09-17 17:33:28 +07)" (scheduled at 2026-09-17 17:33:23.553049+07:00)
2026-09-17 17:33:23,571 INFO apscheduler.executors.default: Job "main.<locals>.run_lts_aus_fast_scan (trigger: interval[0:00:05], next run at: 2026-09-17 17:33:28 +07)" executed successfully
2026-09-17 17:33:23,571 INFO apscheduler.executors.default: Running job "main.<locals>.run_trail_sl (trigger: interval[0:00:05], next run at: 2026-09-17 17:33:28 +07)" (scheduled at 2026-09-17 17:33:23.553049+07:00)
2026-09-17 17:33:23,571 INFO apscheduler.executors.default: Job "main.<locals>.run_trail_sl (trigger: interval[0:00:05], next run at: 2026-09-17 17:33:28 +07)" executed successfully
2026-09-17 17:33:23,573 INFO apscheduler.executors.default: Running job "main.<locals>.run_position_check (trigger: interval[0:00:05], next run at: 2026-09-17 17:33:28 +07)" (scheduled at 2026-09-17 17:33:23.554314+07:00)
2026-09-17 17:33:23,582 INFO apscheduler.executors.default: Job "main.<locals>.run_position_check (trigger: interval[0:00:05], next run at: 2026-09-17 17:33:28 +07)" executed successfully
2026-09-17 17:33:23,582 INFO apscheduler.executors.default: Running job "main.<locals>.save_bot_state_job (trigger: interval[0:00:15], next run at: 2026-09-17 17:33:38 +07)" (scheduled at 2026-09-17 17:33:23.554314+07:00)
2026-09-17 17:33:23,599 INFO apscheduler.executors.default: Job "main.<locals>.save_bot_state_job (trigger: interval[0:00:15], next run at: 2026-09-17 17:33:38 +07)" executed successfully
2026-09-17 17:33:23,599 INFO apscheduler.executors.default: Running job "main.<locals>.run_watchdog (trigger: interval[0:01:00], next run at: 2026-09-17 17:34:23 +07)" (scheduled at 2026-09-17 17:33:23.556562+07:00)
2026-09-17 17:33:23,606 INFO apscheduler.executors.default: Job "main.<locals>.run_watchdog (trigger: interval[0:01:00], next run at: 2026-09-17 17:34:23 +07)" executed successfully
2026-09-17 17:33:26,010 INFO apscheduler.executors.default: Running job "main.<locals>.run_scan (trigger: cron[second='1,6,11,16,21,26,31,36,41,46,51,56'], next run at: 2026-09-17 17:33:31 +07)" (scheduled at 2026-09-17 17:33:26+07:00)
2026-09-17 17:33:26,010 INFO apscheduler.executors.default: Job "main.<locals>.run_scan (trigger: cron[second='1,6,11,16,21,26,31,36,41,46,51,56'], next run at: 2026-09-17 17:33:31 +07)" executed successfully
2026-09-17 17:33:27,560 INFO apscheduler.executors.default: Running job "main.<locals>.write_heartbeat_job (trigger: interval[0:00:15], next run at: 2026-09-17 17:33:42 +07)" (scheduled at 2026-09-17 17:33:27.556562+07:00)
2026-09-17 17:33:27,564 INFO apscheduler.executors.default: Job "main.<locals>.write_heartbeat_job (trigger: interval[0:00:15], next run at: 2026-09-17 17:33:42 +07)" executed successfully
2026-09-17 17:33:28,555 INFO apscheduler.executors.default: Running job "main.<locals>.run_lts_aus_fast_scan (trigger: interval[0:00:05], next run at: 2026-09-17 17:33:33 +07)" (scheduled at 2026-09-17 17:33:28.553049+07:00)
2026-09-17 17:33:28,555 INFO apscheduler.executors.default: Job "main.<locals>.run_lts_aus_fast_scan (trigger: interval[0:00:05], next run at: 2026-09-17 17:33:33 +07)" executed successfully
2026-09-17 17:33:28,555 INFO apscheduler.executors.default: Running job "main.<locals>.run_trail_sl (trigger: interval[0:00:05], next run at: 2026-09-17 17:33:33 +07)" (scheduled at 2026-09-17 17:33:28.553049+07:00)
2026-09-17 17:33:28,557 INFO apscheduler.executors.default: Job "main.<locals>.run_trail_sl (trigger: interval[0:00:05], next run at: 2026-09-17 17:33:33 +07)" executed successfully
2026-09-17 17:33:28,557 INFO apscheduler.executors.default: Running job "main.<locals>.run_position_check (trigger: interval[0:00:05], next run at: 2026-09-17 17:33:33 +07)" (scheduled at 2026-09-17 17:33:28.554314+07:00)
2026-09-17 17:33:28,563 INFO apscheduler.executors.default: Job "main.<locals>.run_position_check (trigger: interval[0:00:05], next run at: 2026-09-17 17:33:33 +07)" executed successfully
2026-09-17 17:33:29,770 INFO httpx: HTTP Request: POST https://api.telegram.org/bot8742189012:AAEXGnFYIvAR33uaXz4-tx-ywZHjdNFhmgY/getUpdates "HTTP/1.1 200 OK"
2026-09-17 17:33:31,009 INFO apscheduler.executors.default: Running job "main.<locals>.run_scan (trigger: cron[second='1,6,11,16,21,26,31,36,41,46,51,56'], next run at: 2026-09-17 17:33:36 +07)" (scheduled at 2026-09-17 17:33:31+07:00)
2026-09-17 17:33:31,009 INFO apscheduler.executors.default: Job "main.<locals>.run_scan (trigger: cron[second='1,6,11,16,21,26,31,36,41,46,51,56'], next run at: 2026-09-17 17:33:36 +07)" executed successfully
2026-09-17 17:33:33,574 INFO apscheduler.executors.default: Running job "main.<locals>.run_lts_aus_fast_scan (trigger: interval[0:00:05], next run at: 2026-09-17 17:33:38 +07)" (scheduled at 2026-09-17 17:33:33.553049+07:00)
2026-09-17 17:33:33,575 INFO apscheduler.executors.default: Job "main.<locals>.run_lts_aus_fast_scan (trigger: interval[0:00:05], next run at: 2026-09-17 17:33:38 +07)" executed successfully
2026-09-17 17:33:33,575 INFO apscheduler.executors.default: Running job "main.<locals>.run_trail_sl (trigger: interval[0:00:05], next run at: 2026-09-17 17:33:38 +07)" (scheduled at 2026-09-17 17:33:33.553049+07:00)
2026-09-17 17:33:33,575 INFO apscheduler.executors.default: Job "main.<locals>.run_trail_sl (trigger: interval[0:00:05], next run at: 2026-09-17 17:33:38 +07)" executed successfully
2026-09-17 17:33:33,575 INFO apscheduler.executors.default: Running job "main.<locals>.run_position_check (trigger: interval[0:00:05], next run at: 2026-09-17 17:33:38 +07)" (scheduled at 2026-09-17 17:33:33.554314+07:00)
2026-09-17 17:33:33,582 INFO apscheduler.executors.default: Job "main.<locals>.run_position_check (trigger: interval[0:00:05], next run at: 2026-09-17 17:33:38 +07)" executed successfully
2026-09-17 17:33:36,015 INFO apscheduler.executors.default: Running job "main.<locals>.run_scan (trigger: cron[second='1,6,11,16,21,26,31,36,41,46,51,56'], next run at: 2026-09-17 17:33:41 +07)" (scheduled at 2026-09-17 17:33:36+07:00)
2026-09-17 17:33:36,016 INFO apscheduler.executors.default: Job "main.<locals>.run_scan (trigger: cron[second='1,6,11,16,21,26,31,36,41,46,51,56'], next run at: 2026-09-17 17:33:41 +07)" executed successfully
2026-09-17 17:33:38,557 INFO apscheduler.executors.default: Running job "main.<locals>.run_lts_aus_fast_scan (trigger: interval[0:00:05], next run at: 2026-09-17 17:33:43 +07)" (scheduled at 2026-09-17 17:33:38.553049+07:00)
2026-09-17 17:33:38,557 INFO apscheduler.executors.default: Job "main.<locals>.run_lts_aus_fast_scan (trigger: interval[0:00:05], next run at: 2026-09-17 17:33:43 +07)" executed successfully
2026-09-17 17:33:38,557 INFO apscheduler.executors.default: Running job "main.<locals>.run_trail_sl (trigger: interval[0:00:05], next run at: 2026-09-17 17:33:43 +07)" (scheduled at 2026-09-17 17:33:38.553049+07:00)
2026-09-17 17:33:38,557 INFO apscheduler.executors.default: Job "main.<locals>.run_trail_sl (trigger: interval[0:00:05], next run at: 2026-09-17 17:33:43 +07)" executed successfully
2026-09-17 17:33:38,558 INFO apscheduler.executors.default: Running job "main.<locals>.run_position_check (trigger: interval[0:00:05], next run at: 2026-09-17 17:33:43 +07)" (scheduled at 2026-09-17 17:33:38.554314+07:00)
2026-09-17 17:33:38,563 INFO apscheduler.executors.default: Job "main.<locals>.run_position_check (trigger: interval[0:00:05], next run at: 2026-09-17 17:33:43 +07)" executed successfully
2026-09-17 17:33:38,564 INFO apscheduler.executors.default: Running job "main.<locals>.save_bot_state_job (trigger: interval[0:00:15], next run at: 2026-09-17 17:33:53 +07)" (scheduled at 2026-09-17 17:33:38.554314+07:00)
2026-09-17 17:33:38,566 INFO apscheduler.executors.default: Job "main.<locals>.save_bot_state_job (trigger: interval[0:00:15], next run at: 2026-09-17 17:33:53 +07)" executed successfully
2026-09-17 17:33:39,969 INFO httpx: HTTP Request: POST https://api.telegram.org/bot8742189012:AAEXGnFYIvAR33uaXz4-tx-ywZHjdNFhmgY/getUpdates "HTTP/1.1 200 OK"
2026-09-17 17:33:41,016 INFO apscheduler.executors.default: Running job "main.<locals>.run_scan (trigger: cron[second='1,6,11,16,21,26,31,36,41,46,51,56'], next run at: 2026-09-17 17:33:46 +07)" (scheduled at 2026-09-17 17:33:41+07:00)
2026-09-17 17:33:41,016 INFO apscheduler.executors.default: Job "main.<locals>.run_scan (trigger: cron[second='1,6,11,16,21,26,31,36,41,46,51,56'], next run at: 2026-09-17 17:33:46 +07)" executed successfully
2026-09-17 17:33:42,568 INFO apscheduler.executors.default: Running job "main.<locals>.write_heartbeat_job (trigger: interval[0:00:15], next run at: 2026-09-17 17:33:57 +07)" (scheduled at 2026-09-17 17:33:42.556562+07:00)
2026-09-17 17:33:42,571 INFO apscheduler.executors.default: Job "main.<locals>.write_heartbeat_job (trigger: interval[0:00:15], next run at: 2026-09-17 17:33:57 +07)" executed successfully
2026-09-17 17:33:43,562 INFO apscheduler.executors.default: Running job "main.<locals>.run_lts_aus_fast_scan (trigger: interval[0:00:05], next run at: 2026-09-17 17:33:48 +07)" (scheduled at 2026-09-17 17:33:43.553049+07:00)
2026-09-17 17:33:43,562 INFO apscheduler.executors.default: Job "main.<locals>.run_lts_aus_fast_scan (trigger: interval[0:00:05], next run at: 2026-09-17 17:33:48 +07)" executed successfully
2026-09-17 17:33:43,563 INFO apscheduler.executors.default: Running job "main.<locals>.run_trail_sl (trigger: interval[0:00:05], next run at: 2026-09-17 17:33:48 +07)" (scheduled at 2026-09-17 17:33:43.553049+07:00)
2026-09-17 17:33:43,563 INFO apscheduler.executors.default: Job "main.<locals>.run_trail_sl (trigger: interval[0:00:05], next run at: 2026-09-17 17:33:48 +07)" executed successfully
2026-09-17 17:33:43,563 INFO apscheduler.executors.default: Running job "main.<locals>.run_position_check (trigger: interval[0:00:05], next run at: 2026-09-17 17:33:48 +07)" (scheduled at 2026-09-17 17:33:43.554314+07:00)
2026-09-17 17:33:43,569 INFO apscheduler.executors.default: Job "main.<locals>.run_position_check (trigger: interval[0:00:05], next run at: 2026-09-17 17:33:48 +07)" executed successfully
2026-09-17 17:33:46,009 INFO apscheduler.executors.default: Running job "main.<locals>.run_scan (trigger: cron[second='1,6,11,16,21,26,31,36,41,46,51,56'], next run at: 2026-09-17 17:33:51 +07)" (scheduled at 2026-09-17 17:33:46+07:00)
2026-09-17 17:33:46,012 INFO apscheduler.executors.default: Job "main.<locals>.run_scan (trigger: cron[second='1,6,11,16,21,26,31,36,41,46,51,56'], next run at: 2026-09-17 17:33:51 +07)" executed successfully
2026-09-17 17:33:48,558 INFO apscheduler.executors.default: Running job "main.<locals>.run_lts_aus_fast_scan (trigger: interval[0:00:05], next run at: 2026-09-17 17:33:53 +07)" (scheduled at 2026-09-17 17:33:48.553049+07:00)
2026-09-17 17:33:48,558 INFO apscheduler.executors.default: Job "main.<locals>.run_lts_aus_fast_scan (trigger: interval[0:00:05], next run at: 2026-09-17 17:33:53 +07)" executed successfully
2026-09-17 17:33:48,558 INFO apscheduler.executors.default: Running job "main.<locals>.run_trail_sl (trigger: interval[0:00:05], next run at: 2026-09-17 17:33:53 +07)" (scheduled at 2026-09-17 17:33:48.553049+07:00)
2026-09-17 17:33:48,560 INFO apscheduler.executors.default: Job "main.<locals>.run_trail_sl (trigger: interval[0:00:05], next run at: 2026-09-17 17:33:53 +07)" executed successfully
2026-09-17 17:33:48,560 INFO apscheduler.executors.default: Running job "main.<locals>.run_position_check (trigger: interval[0:00:05], next run at: 2026-09-17 17:33:53 +07)" (scheduled at 2026-09-17 17:33:48.554314+07:00)
2026-09-17 17:33:48,565 INFO apscheduler.executors.default: Job "main.<locals>.run_position_check (trigger: interval[0:00:05], next run at: 2026-09-17 17:33:53 +07)" executed successfully
2026-09-17 17:33:50,168 INFO httpx: HTTP Request: POST https://api.telegram.org/bot8742189012:AAEXGnFYIvAR33uaXz4-tx-ywZHjdNFhmgY/getUpdates "HTTP/1.1 200 OK"
2026-09-17 17:33:51,009 INFO apscheduler.executors.default: Running job "main.<locals>.run_scan (trigger: cron[second='1,6,11,16,21,26,31,36,41,46,51,56'], next run at: 2026-09-17 17:33:56 +07)" (scheduled at 2026-09-17 17:33:51+07:00)
2026-09-17 17:33:51,010 INFO apscheduler.executors.default: Job "main.<locals>.run_scan (trigger: cron[second='1,6,11,16,21,26,31,36,41,46,51,56'], next run at: 2026-09-17 17:33:56 +07)" executed successfully
2026-09-17 17:33:53,562 INFO apscheduler.executors.default: Running job "main.<locals>.run_lts_aus_fast_scan (trigger: interval[0:00:05], next run at: 2026-09-17 17:33:58 +07)" (scheduled at 2026-09-17 17:33:53.553049+07:00)
2026-09-17 17:33:53,564 INFO apscheduler.executors.default: Job "main.<locals>.run_lts_aus_fast_scan (trigger: interval[0:00:05], next run at: 2026-09-17 17:33:58 +07)" executed successfully
2026-09-17 17:33:53,564 INFO apscheduler.executors.default: Running job "main.<locals>.run_trail_sl (trigger: interval[0:00:05], next run at: 2026-09-17 17:33:58 +07)" (scheduled at 2026-09-17 17:33:53.553049+07:00)
2026-09-17 17:33:53,564 INFO apscheduler.executors.default: Job "main.<locals>.run_trail_sl (trigger: interval[0:00:05], next run at: 2026-09-17 17:33:58 +07)" executed successfully
2026-09-17 17:33:53,564 INFO apscheduler.executors.default: Running job "main.<locals>.run_position_check (trigger: interval[0:00:05], next run at: 2026-09-17 17:33:58 +07)" (scheduled at 2026-09-17 17:33:53.554314+07:00)
2026-09-17 17:33:53,572 INFO apscheduler.executors.default: Job "main.<locals>.run_position_check (trigger: interval[0:00:05], next run at: 2026-09-17 17:33:58 +07)" executed successfully
2026-09-17 17:33:53,572 INFO apscheduler.executors.default: Running job "main.<locals>.save_bot_state_job (trigger: interval[0:00:15], next run at: 2026-09-17 17:34:08 +07)" (scheduled at 2026-09-17 17:33:53.554314+07:00)
2026-09-17 17:33:53,575 INFO apscheduler.executors.default: Job "main.<locals>.save_bot_state_job (trigger: interval[0:00:15], next run at: 2026-09-17 17:34:08 +07)" executed successfully
2026-09-17 17:33:56,005 INFO apscheduler.executors.default: Running job "main.<locals>.run_scan (trigger: cron[second='1,6,11,16,21,26,31,36,41,46,51,56'], next run at: 2026-09-17 17:34:01 +07)" (scheduled at 2026-09-17 17:33:56+07:00)
2026-09-17 17:33:56,006 INFO apscheduler.executors.default: Job "main.<locals>.run_scan (trigger: cron[second='1,6,11,16,21,26,31,36,41,46,51,56'], next run at: 2026-09-17 17:34:01 +07)" executed successfully
2026-09-17 17:33:57,568 INFO apscheduler.executors.default: Running job "main.<locals>.write_heartbeat_job (trigger: interval[0:00:15], next run at: 2026-09-17 17:34:12 +07)" (scheduled at 2026-09-17 17:33:57.556562+07:00)
2026-09-17 17:33:57,571 INFO apscheduler.executors.default: Job "main.<locals>.write_heartbeat_job (trigger: interval[0:00:15], next run at: 2026-09-17 17:34:12 +07)" executed successfully
2026-09-17 17:33:58,559 INFO apscheduler.executors.default: Running job "main.<locals>.run_lts_aus_fast_scan (trigger: interval[0:00:05], next run at: 2026-09-17 17:34:03 +07)" (scheduled at 2026-09-17 17:33:58.553049+07:00)
2026-09-17 17:33:58,559 INFO apscheduler.executors.default: Job "main.<locals>.run_lts_aus_fast_scan (trigger: interval[0:00:05], next run at: 2026-09-17 17:34:03 +07)" executed successfully
2026-09-17 17:33:58,560 INFO apscheduler.executors.default: Running job "main.<locals>.run_trail_sl (trigger: interval[0:00:05], next run at: 2026-09-17 17:34:03 +07)" (scheduled at 2026-09-17 17:33:58.553049+07:00)
2026-09-17 17:33:58,560 INFO apscheduler.executors.default: Job "main.<locals>.run_trail_sl (trigger: interval[0:00:05], next run at: 2026-09-17 17:34:03 +07)" executed successfully
2026-09-17 17:33:58,560 INFO apscheduler.executors.default: Running job "main.<locals>.run_position_check (trigger: interval[0:00:05], next run at: 2026-09-17 17:34:03 +07)" (scheduled at 2026-09-17 17:33:58.554314+07:00)
2026-09-17 17:33:58,567 INFO apscheduler.executors.default: Job "main.<locals>.run_position_check (trigger: interval[0:00:05], next run at: 2026-09-17 17:34:03 +07)" executed successfully
2026-09-17 17:34:00,362 INFO httpx: HTTP Request: POST https://api.telegram.org/bot8742189012:AAEXGnFYIvAR33uaXz4-tx-ywZHjdNFhmgY/getUpdates "HTTP/1.1 200 OK"
2026-09-17 17:34:01,008 INFO apscheduler.executors.default: Running job "main.<locals>.run_scan (trigger: cron[second='1,6,11,16,21,26,31,36,41,46,51,56'], next run at: 2026-09-17 17:34:06 +07)" (scheduled at 2026-09-17 17:34:01+07:00)
2026-09-17 17:34:01,010 INFO apscheduler.executors.default: Job "main.<locals>.run_scan (trigger: cron[second='1,6,11,16,21,26,31,36,41,46,51,56'], next run at: 2026-09-17 17:34:06 +07)" executed successfully
2026-09-17 17:34:03,566 INFO apscheduler.executors.default: Running job "main.<locals>.run_lts_aus_fast_scan (trigger: interval[0:00:05], next run at: 2026-09-17 17:34:08 +07)" (scheduled at 2026-09-17 17:34:03.553049+07:00)
2026-09-17 17:34:03,566 INFO apscheduler.executors.default: Job "main.<locals>.run_lts_aus_fast_scan (trigger: interval[0:00:05], next run at: 2026-09-17 17:34:08 +07)" executed successfully
2026-09-17 17:34:03,567 INFO apscheduler.executors.default: Running job "main.<locals>.run_trail_sl (trigger: interval[0:00:05], next run at: 2026-09-17 17:34:08 +07)" (scheduled at 2026-09-17 17:34:03.553049+07:00)
2026-09-17 17:34:03,567 INFO apscheduler.executors.default: Job "main.<locals>.run_trail_sl (trigger: interval[0:00:05], next run at: 2026-09-17 17:34:08 +07)" executed successfully
2026-09-17 17:34:03,567 INFO apscheduler.executors.default: Running job "main.<locals>.run_position_check (trigger: interval[0:00:05], next run at: 2026-09-17 17:34:08 +07)" (scheduled at 2026-09-17 17:34:03.554314+07:00)
2026-09-17 17:34:03,575 INFO apscheduler.executors.default: Job "main.<locals>.run_position_check (trigger: interval[0:00:05], next run at: 2026-09-17 17:34:08 +07)" executed successfully
2026-09-17 17:34:06,015 INFO apscheduler.executors.default: Running job "main.<locals>.run_scan (trigger: cron[second='1,6,11,16,21,26,31,36,41,46,51,56'], next run at: 2026-09-17 17:34:11 +07)" (scheduled at 2026-09-17 17:34:06+07:00)
2026-09-17 17:34:06,016 INFO apscheduler.executors.default: Job "main.<locals>.run_scan (trigger: cron[second='1,6,11,16,21,26,31,36,41,46,51,56'], next run at: 2026-09-17 17:34:11 +07)" executed successfully
2026-09-17 17:34:08,560 INFO apscheduler.executors.default: Running job "main.<locals>.run_lts_aus_fast_scan (trigger: interval[0:00:05], next run at: 2026-09-17 17:34:13 +07)" (scheduled at 2026-09-17 17:34:08.553049+07:00)
2026-09-17 17:34:08,560 INFO apscheduler.executors.default: Job "main.<locals>.run_lts_aus_fast_scan (trigger: interval[0:00:05], next run at: 2026-09-17 17:34:13 +07)" executed successfully
2026-09-17 17:34:08,560 INFO apscheduler.executors.default: Running job "main.<locals>.run_trail_sl (trigger: interval[0:00:05], next run at: 2026-09-17 17:34:13 +07)" (scheduled at 2026-09-17 17:34:08.553049+07:00)
2026-09-17 17:34:08,561 INFO apscheduler.executors.default: Job "main.<locals>.run_trail_sl (trigger: interval[0:00:05], next run at: 2026-09-17 17:34:13 +07)" executed successfully
2026-09-17 17:34:08,561 INFO apscheduler.executors.default: Running job "main.<locals>.run_position_check (trigger: interval[0:00:05], next run at: 2026-09-17 17:34:13 +07)" (scheduled at 2026-09-17 17:34:08.554314+07:00)
2026-09-17 17:34:08,567 INFO apscheduler.executors.default: Job "main.<locals>.run_position_check (trigger: interval[0:00:05], next run at: 2026-09-17 17:34:13 +07)" executed successfully
2026-09-17 17:34:08,567 INFO apscheduler.executors.default: Running job "main.<locals>.save_bot_state_job (trigger: interval[0:00:15], next run at: 2026-09-17 17:34:23 +07)" (scheduled at 2026-09-17 17:34:08.554314+07:00)
2026-09-17 17:34:08,571 INFO apscheduler.executors.default: Job "main.<locals>.save_bot_state_job (trigger: interval[0:00:15], next run at: 2026-09-17 17:34:23 +07)" executed successfully
2026-09-17 17:34:10,557 INFO httpx: HTTP Request: POST https://api.telegram.org/bot8742189012:AAEXGnFYIvAR33uaXz4-tx-ywZHjdNFhmgY/getUpdates "HTTP/1.1 200 OK"
2026-09-17 17:34:11,009 INFO apscheduler.executors.default: Running job "main.<locals>.run_scan (trigger: cron[second='1,6,11,16,21,26,31,36,41,46,51,56'], next run at: 2026-09-17 17:34:16 +07)" (scheduled at 2026-09-17 17:34:11+07:00)
2026-09-17 17:34:11,009 INFO apscheduler.executors.default: Job "main.<locals>.run_scan (trigger: cron[second='1,6,11,16,21,26,31,36,41,46,51,56'], next run at: 2026-09-17 17:34:16 +07)" executed successfully
2026-09-17 17:34:12,568 INFO apscheduler.executors.default: Running job "main.<locals>.write_heartbeat_job (trigger: interval[0:00:15], next run at: 2026-09-17 17:34:27 +07)" (scheduled at 2026-09-17 17:34:12.556562+07:00)
2026-09-17 17:34:12,571 INFO apscheduler.executors.default: Job "main.<locals>.write_heartbeat_job (trigger: interval[0:00:15], next run at: 2026-09-17 17:34:27 +07)" executed successfully
2026-09-17 17:34:13,558 INFO apscheduler.executors.default: Running job "main.<locals>.run_lts_aus_fast_scan (trigger: interval[0:00:05], next run at: 2026-09-17 17:34:18 +07)" (scheduled at 2026-09-17 17:34:13.553049+07:00)
2026-09-17 17:34:13,558 INFO apscheduler.executors.default: Job "main.<locals>.run_lts_aus_fast_scan (trigger: interval[0:00:05], next run at: 2026-09-17 17:34:18 +07)" executed successfully
2026-09-17 17:34:13,558 INFO apscheduler.executors.default: Running job "main.<locals>.run_trail_sl (trigger: interval[0:00:05], next run at: 2026-09-17 17:34:18 +07)" (scheduled at 2026-09-17 17:34:13.553049+07:00)
2026-09-17 17:34:13,559 INFO apscheduler.executors.default: Job "main.<locals>.run_trail_sl (trigger: interval[0:00:05], next run at: 2026-09-17 17:34:18 +07)" executed successfully
2026-09-17 17:34:13,559 INFO apscheduler.executors.default: Running job "main.<locals>.run_position_check (trigger: interval[0:00:05], next run at: 2026-09-17 17:34:18 +07)" (scheduled at 2026-09-17 17:34:13.554314+07:00)
2026-09-17 17:34:13,564 INFO apscheduler.executors.default: Job "main.<locals>.run_position_check (trigger: interval[0:00:05], next run at: 2026-09-17 17:34:18 +07)" executed successfully
2026-09-17 17:34:16,008 INFO apscheduler.executors.default: Running job "main.<locals>.run_scan (trigger: cron[second='1,6,11,16,21,26,31,36,41,46,51,56'], next run at: 2026-09-17 17:34:21 +07)" (scheduled at 2026-09-17 17:34:16+07:00)
2026-09-17 17:34:16,011 INFO apscheduler.executors.default: Job "main.<locals>.run_scan (trigger: cron[second='1,6,11,16,21,26,31,36,41,46,51,56'], next run at: 2026-09-17 17:34:21 +07)" executed successfully
2026-09-17 17:34:18,567 INFO apscheduler.executors.default: Running job "main.<locals>.run_lts_aus_fast_scan (trigger: interval[0:00:05], next run at: 2026-09-17 17:34:23 +07)" (scheduled at 2026-09-17 17:34:18.553049+07:00)
2026-09-17 17:34:18,567 INFO apscheduler.executors.default: Job "main.<locals>.run_lts_aus_fast_scan (trigger: interval[0:00:05], next run at: 2026-09-17 17:34:23 +07)" executed successfully
2026-09-17 17:34:18,567 INFO apscheduler.executors.default: Running job "main.<locals>.run_trail_sl (trigger: interval[0:00:05], next run at: 2026-09-17 17:34:23 +07)" (scheduled at 2026-09-17 17:34:18.553049+07:00)
2026-09-17 17:34:18,569 INFO apscheduler.executors.default: Job "main.<locals>.run_trail_sl (trigger: interval[0:00:05], next run at: 2026-09-17 17:34:23 +07)" executed successfully
2026-09-17 17:34:18,569 INFO apscheduler.executors.default: Running job "main.<locals>.run_position_check (trigger: interval[0:00:05], next run at: 2026-09-17 17:34:23 +07)" (scheduled at 2026-09-17 17:34:18.554314+07:00)
2026-09-17 17:34:18,576 INFO apscheduler.executors.default: Job "main.<locals>.run_position_check (trigger: interval[0:00:05], next run at: 2026-09-17 17:34:23 +07)" executed successfully
2026-09-17 17:34:20,787 INFO httpx: HTTP Request: POST https://api.telegram.org/bot8742189012:AAEXGnFYIvAR33uaXz4-tx-ywZHjdNFhmgY/getUpdates "HTTP/1.1 200 OK"
2026-09-17 17:34:21,009 INFO apscheduler.executors.default: Running job "main.<locals>.run_scan (trigger: cron[second='1,6,11,16,21,26,31,36,41,46,51,56'], next run at: 2026-09-17 17:34:26 +07)" (scheduled at 2026-09-17 17:34:21+07:00)
2026-09-17 17:34:21,010 INFO apscheduler.executors.default: Job "main.<locals>.run_scan (trigger: cron[second='1,6,11,16,21,26,31,36,41,46,51,56'], next run at: 2026-09-17 17:34:26 +07)" executed successfully
2026-09-17 17:34:23,556 INFO apscheduler.executors.default: Running job "main.<locals>.check_symbol_switch (trigger: interval[0:01:00], next run at: 2026-09-17 17:35:23 +07)" (scheduled at 2026-09-17 17:34:23.550053+07:00)
2026-09-17 17:34:23,565 INFO apscheduler.executors.default: Job "main.<locals>.check_symbol_switch (trigger: interval[0:01:00], next run at: 2026-09-17 17:35:23 +07)" executed successfully
2026-09-17 17:34:23,565 INFO apscheduler.executors.default: Running job "main.<locals>.run_lts_aus_fast_scan (trigger: interval[0:00:05], next run at: 2026-09-17 17:34:28 +07)" (scheduled at 2026-09-17 17:34:23.553049+07:00)
2026-09-17 17:34:23,565 INFO apscheduler.executors.default: Job "main.<locals>.run_lts_aus_fast_scan (trigger: interval[0:00:05], next run at: 2026-09-17 17:34:28 +07)" executed successfully
2026-09-17 17:34:23,566 INFO apscheduler.executors.default: Running job "main.<locals>.run_trail_sl (trigger: interval[0:00:05], next run at: 2026-09-17 17:34:28 +07)" (scheduled at 2026-09-17 17:34:23.553049+07:00)
2026-09-17 17:34:23,566 INFO apscheduler.executors.default: Job "main.<locals>.run_trail_sl (trigger: interval[0:00:05], next run at: 2026-09-17 17:34:28 +07)" executed successfully
2026-09-17 17:34:23,567 INFO apscheduler.executors.default: Running job "main.<locals>.run_position_check (trigger: interval[0:00:05], next run at: 2026-09-17 17:34:28 +07)" (scheduled at 2026-09-17 17:34:23.554314+07:00)
2026-09-17 17:34:23,573 INFO apscheduler.executors.default: Job "main.<locals>.run_position_check (trigger: interval[0:00:05], next run at: 2026-09-17 17:34:28 +07)" executed successfully
2026-09-17 17:34:23,573 INFO apscheduler.executors.default: Running job "main.<locals>.save_bot_state_job (trigger: interval[0:00:15], next run at: 2026-09-17 17:34:38 +07)" (scheduled at 2026-09-17 17:34:23.554314+07:00)
2026-09-17 17:34:23,577 INFO apscheduler.executors.default: Job "main.<locals>.save_bot_state_job (trigger: interval[0:00:15], next run at: 2026-09-17 17:34:38 +07)" executed successfully
2026-09-17 17:34:23,578 INFO apscheduler.executors.default: Running job "main.<locals>.run_watchdog (trigger: interval[0:01:00], next run at: 2026-09-17 17:35:23 +07)" (scheduled at 2026-09-17 17:34:23.556562+07:00)
2026-09-17 17:34:23,581 INFO apscheduler.executors.default: Job "main.<locals>.run_watchdog (trigger: interval[0:01:00], next run at: 2026-09-17 17:35:23 +07)" executed successfully
2026-09-17 17:34:26,007 INFO apscheduler.executors.default: Running job "main.<locals>.run_scan (trigger: cron[second='1,6,11,16,21,26,31,36,41,46,51,56'], next run at: 2026-09-17 17:34:31 +07)" (scheduled at 2026-09-17 17:34:26+07:00)
2026-09-17 17:34:26,007 INFO apscheduler.executors.default: Job "main.<locals>.run_scan (trigger: cron[second='1,6,11,16,21,26,31,36,41,46,51,56'], next run at: 2026-09-17 17:34:31 +07)" executed successfully
2026-09-17 17:34:27,558 INFO apscheduler.executors.default: Running job "main.<locals>.write_heartbeat_job (trigger: interval[0:00:15], next run at: 2026-09-17 17:34:42 +07)" (scheduled at 2026-09-17 17:34:27.556562+07:00)
2026-09-17 17:34:27,561 INFO apscheduler.executors.default: Job "main.<locals>.write_heartbeat_job (trigger: interval[0:00:15], next run at: 2026-09-17 17:34:42 +07)" executed successfully
2026-09-17 17:34:28,562 INFO apscheduler.executors.default: Running job "main.<locals>.run_lts_aus_fast_scan (trigger: interval[0:00:05], next run at: 2026-09-17 17:34:33 +07)" (scheduled at 2026-09-17 17:34:28.553049+07:00)
2026-09-17 17:34:28,563 INFO apscheduler.executors.default: Job "main.<locals>.run_lts_aus_fast_scan (trigger: interval[0:00:05], next run at: 2026-09-17 17:34:33 +07)" executed successfully
2026-09-17 17:34:28,563 INFO apscheduler.executors.default: Running job "main.<locals>.run_trail_sl (trigger: interval[0:00:05], next run at: 2026-09-17 17:34:33 +07)" (scheduled at 2026-09-17 17:34:28.553049+07:00)
2026-09-17 17:34:28,563 INFO apscheduler.executors.default: Job "main.<locals>.run_trail_sl (trigger: interval[0:00:05], next run at: 2026-09-17 17:34:33 +07)" executed successfully
2026-09-17 17:34:28,564 INFO apscheduler.executors.default: Running job "main.<locals>.run_position_check (trigger: interval[0:00:05], next run at: 2026-09-17 17:34:33 +07)" (scheduled at 2026-09-17 17:34:28.554314+07:00)
2026-09-17 17:34:28,570 INFO apscheduler.executors.default: Job "main.<locals>.run_position_check (trigger: interval[0:00:05], next run at: 2026-09-17 17:34:33 +07)" executed successfully
2026-09-17 17:34:30,987 INFO httpx: HTTP Request: POST https://api.telegram.org/bot8742189012:AAEXGnFYIvAR33uaXz4-tx-ywZHjdNFhmgY/getUpdates "HTTP/1.1 200 OK"
2026-09-17 17:34:31,015 INFO apscheduler.executors.default: Running job "main.<locals>.run_scan (trigger: cron[second='1,6,11,16,21,26,31,36,41,46,51,56'], next run at: 2026-09-17 17:34:36 +07)" (scheduled at 2026-09-17 17:34:31+07:00)
2026-09-17 17:34:31,018 INFO apscheduler.executors.default: Job "main.<locals>.run_scan (trigger: cron[second='1,6,11,16,21,26,31,36,41,46,51,56'], next run at: 2026-09-17 17:34:36 +07)" executed successfully
2026-09-17 17:34:33,555 INFO apscheduler.executors.default: Running job "main.<locals>.run_lts_aus_fast_scan (trigger: interval[0:00:05], next run at: 2026-09-17 17:34:38 +07)" (scheduled at 2026-09-17 17:34:33.553049+07:00)
2026-09-17 17:34:33,555 INFO apscheduler.executors.default: Job "main.<locals>.run_lts_aus_fast_scan (trigger: interval[0:00:05], next run at: 2026-09-17 17:34:38 +07)" executed successfully
2026-09-17 17:34:33,555 INFO apscheduler.executors.default: Running job "main.<locals>.run_trail_sl (trigger: interval[0:00:05], next run at: 2026-09-17 17:34:38 +07)" (scheduled at 2026-09-17 17:34:33.553049+07:00)
2026-09-17 17:34:33,555 INFO apscheduler.executors.default: Job "main.<locals>.run_trail_sl (trigger: interval[0:00:05], next run at: 2026-09-17 17:34:38 +07)" executed successfully
2026-09-17 17:34:33,556 INFO apscheduler.executors.default: Running job "main.<locals>.run_position_check (trigger: interval[0:00:05], next run at: 2026-09-17 17:34:38 +07)" (scheduled at 2026-09-17 17:34:33.554314+07:00)
2026-09-17 17:34:33,565 INFO apscheduler.executors.default: Job "main.<locals>.run_position_check (trigger: interval[0:00:05], next run at: 2026-09-17 17:34:38 +07)" executed successfully
2026-09-17 17:34:36,015 INFO apscheduler.executors.default: Running job "main.<locals>.run_scan (trigger: cron[second='1,6,11,16,21,26,31,36,41,46,51,56'], next run at: 2026-09-17 17:34:41 +07)" (scheduled at 2026-09-17 17:34:36+07:00)
2026-09-17 17:34:36,016 INFO apscheduler.executors.default: Job "main.<locals>.run_scan (trigger: cron[second='1,6,11,16,21,26,31,36,41,46,51,56'], next run at: 2026-09-17 17:34:41 +07)" executed successfully
2026-09-17 17:34:38,570 INFO apscheduler.executors.default: Running job "main.<locals>.run_lts_aus_fast_scan (trigger: interval[0:00:05], next run at: 2026-09-17 17:34:43 +07)" (scheduled at 2026-09-17 17:34:38.553049+07:00)
2026-09-17 17:34:38,570 INFO apscheduler.executors.default: Job "main.<locals>.run_lts_aus_fast_scan (trigger: interval[0:00:05], next run at: 2026-09-17 17:34:43 +07)" executed successfully
2026-09-17 17:34:38,570 INFO apscheduler.executors.default: Running job "main.<locals>.run_trail_sl (trigger: interval[0:00:05], next run at: 2026-09-17 17:34:43 +07)" (scheduled at 2026-09-17 17:34:38.553049+07:00)
2026-09-17 17:34:38,571 INFO apscheduler.executors.default: Job "main.<locals>.run_trail_sl (trigger: interval[0:00:05], next run at: 2026-09-17 17:34:43 +07)" executed successfully
2026-09-17 17:34:38,571 INFO apscheduler.executors.default: Running job "main.<locals>.run_position_check (trigger: interval[0:00:05], next run at: 2026-09-17 17:34:43 +07)" (scheduled at 2026-09-17 17:34:38.554314+07:00)
2026-09-17 17:34:38,577 INFO apscheduler.executors.default: Job "main.<locals>.run_position_check (trigger: interval[0:00:05], next run at: 2026-09-17 17:34:43 +07)" executed successfully
2026-09-17 17:34:38,577 INFO apscheduler.executors.default: Running job "main.<locals>.save_bot_state_job (trigger: interval[0:00:15], next run at: 2026-09-17 17:34:53 +07)" (scheduled at 2026-09-17 17:34:38.554314+07:00)
2026-09-17 17:34:38,579 INFO apscheduler.executors.default: Job "main.<locals>.save_bot_state_job (trigger: interval[0:00:15], next run at: 2026-09-17 17:34:53 +07)" executed successfully
2026-09-17 17:34:41,004 INFO apscheduler.executors.default: Running job "main.<locals>.run_scan (trigger: cron[second='1,6,11,16,21,26,31,36,41,46,51,56'], next run at: 2026-09-17 17:34:46 +07)" (scheduled at 2026-09-17 17:34:41+07:00)
2026-09-17 17:34:41,004 INFO apscheduler.executors.default: Job "main.<locals>.run_scan (trigger: cron[second='1,6,11,16,21,26,31,36,41,46,51,56'], next run at: 2026-09-17 17:34:46 +07)" executed successfully
2026-09-17 17:34:41,185 INFO httpx: HTTP Request: POST https://api.telegram.org/bot8742189012:AAEXGnFYIvAR33uaXz4-tx-ywZHjdNFhmgY/getUpdates "HTTP/1.1 200 OK"
2026-09-17 17:34:42,571 INFO apscheduler.executors.default: Running job "main.<locals>.write_heartbeat_job (trigger: interval[0:00:15], next run at: 2026-09-17 17:34:57 +07)" (scheduled at 2026-09-17 17:34:42.556562+07:00)
2026-09-17 17:34:42,574 INFO apscheduler.executors.default: Job "main.<locals>.write_heartbeat_job (trigger: interval[0:00:15], next run at: 2026-09-17 17:34:57 +07)" executed successfully
2026-09-17 17:34:43,559 INFO apscheduler.executors.default: Running job "main.<locals>.run_lts_aus_fast_scan (trigger: interval[0:00:05], next run at: 2026-09-17 17:34:48 +07)" (scheduled at 2026-09-17 17:34:43.553049+07:00)
2026-09-17 17:34:43,561 INFO apscheduler.executors.default: Job "main.<locals>.run_lts_aus_fast_scan (trigger: interval[0:00:05], next run at: 2026-09-17 17:34:48 +07)" executed successfully
2026-09-17 17:34:43,562 INFO apscheduler.executors.default: Running job "main.<locals>.run_trail_sl (trigger: interval[0:00:05], next run at: 2026-09-17 17:34:48 +07)" (scheduled at 2026-09-17 17:34:43.553049+07:00)
2026-09-17 17:34:43,562 INFO apscheduler.executors.default: Job "main.<locals>.run_trail_sl (trigger: interval[0:00:05], next run at: 2026-09-17 17:34:48 +07)" executed successfully
2026-09-17 17:34:43,563 INFO apscheduler.executors.default: Running job "main.<locals>.run_position_check (trigger: interval[0:00:05], next run at: 2026-09-17 17:34:48 +07)" (scheduled at 2026-09-17 17:34:43.554314+07:00)
2026-09-17 17:34:43,568 INFO apscheduler.executors.default: Job "main.<locals>.run_position_check (trigger: interval[0:00:05], next run at: 2026-09-17 17:34:48 +07)" executed successfully
2026-09-17 17:34:46,010 INFO apscheduler.executors.default: Running job "main.<locals>.run_scan (trigger: cron[second='1,6,11,16,21,26,31,36,41,46,51,56'], next run at: 2026-09-17 17:34:51 +07)" (scheduled at 2026-09-17 17:34:46+07:00)
2026-09-17 17:34:46,012 INFO apscheduler.executors.default: Job "main.<locals>.run_scan (trigger: cron[second='1,6,11,16,21,26,31,36,41,46,51,56'], next run at: 2026-09-17 17:34:51 +07)" executed successfully
2026-09-17 17:34:48,560 INFO apscheduler.executors.default: Running job "main.<locals>.run_lts_aus_fast_scan (trigger: interval[0:00:05], next run at: 2026-09-17 17:34:53 +07)" (scheduled at 2026-09-17 17:34:48.553049+07:00)
2026-09-17 17:34:48,560 INFO apscheduler.executors.default: Job "main.<locals>.run_lts_aus_fast_scan (trigger: interval[0:00:05], next run at: 2026-09-17 17:34:53 +07)" executed successfully
2026-09-17 17:34:48,560 INFO apscheduler.executors.default: Running job "main.<locals>.run_trail_sl (trigger: interval[0:00:05], next run at: 2026-09-17 17:34:53 +07)" (scheduled at 2026-09-17 17:34:48.553049+07:00)
2026-09-17 17:34:48,561 INFO apscheduler.executors.default: Job "main.<locals>.run_trail_sl (trigger: interval[0:00:05], next run at: 2026-09-17 17:34:53 +07)" executed successfully
2026-09-17 17:34:48,561 INFO apscheduler.executors.default: Running job "main.<locals>.run_position_check (trigger: interval[0:00:05], next run at: 2026-09-17 17:34:53 +07)" (scheduled at 2026-09-17 17:34:48.554314+07:00)
2026-09-17 17:34:48,568 INFO apscheduler.executors.default: Job "main.<locals>.run_position_check (trigger: interval[0:00:05], next run at: 2026-09-17 17:34:53 +07)" executed successfully
2026-09-17 17:34:51,004 INFO apscheduler.executors.default: Running job "main.<locals>.run_scan (trigger: cron[second='1,6,11,16,21,26,31,36,41,46,51,56'], next run at: 2026-09-17 17:34:56 +07)" (scheduled at 2026-09-17 17:34:51+07:00)
2026-09-17 17:34:51,005 INFO apscheduler.executors.default: Job "main.<locals>.run_scan (trigger: cron[second='1,6,11,16,21,26,31,36,41,46,51,56'], next run at: 2026-09-17 17:34:56 +07)" executed successfully
2026-09-17 17:34:51,400 INFO httpx: HTTP Request: POST https://api.telegram.org/bot8742189012:AAEXGnFYIvAR33uaXz4-tx-ywZHjdNFhmgY/getUpdates "HTTP/1.1 200 OK"
2026-09-17 17:34:53,565 INFO apscheduler.executors.default: Running job "main.<locals>.run_lts_aus_fast_scan (trigger: interval[0:00:05], next run at: 2026-09-17 17:34:58 +07)" (scheduled at 2026-09-17 17:34:53.553049+07:00)
2026-09-17 17:34:53,566 INFO apscheduler.executors.default: Job "main.<locals>.run_lts_aus_fast_scan (trigger: interval[0:00:05], next run at: 2026-09-17 17:34:58 +07)" executed successfully
2026-09-17 17:34:53,566 INFO apscheduler.executors.default: Running job "main.<locals>.run_trail_sl (trigger: interval[0:00:05], next run at: 2026-09-17 17:34:58 +07)" (scheduled at 2026-09-17 17:34:53.553049+07:00)
2026-09-17 17:34:53,568 INFO apscheduler.executors.default: Job "main.<locals>.run_trail_sl (trigger: interval[0:00:05], next run at: 2026-09-17 17:34:58 +07)" executed successfully
2026-09-17 17:34:53,568 INFO apscheduler.executors.default: Running job "main.<locals>.run_position_check (trigger: interval[0:00:05], next run at: 2026-09-17 17:34:58 +07)" (scheduled at 2026-09-17 17:34:53.554314+07:00)
2026-09-17 17:34:53,574 INFO apscheduler.executors.default: Job "main.<locals>.run_position_check (trigger: interval[0:00:05], next run at: 2026-09-17 17:34:58 +07)" executed successfully
2026-09-17 17:34:53,574 INFO apscheduler.executors.default: Running job "main.<locals>.save_bot_state_job (trigger: interval[0:00:15], next run at: 2026-09-17 17:35:08 +07)" (scheduled at 2026-09-17 17:34:53.554314+07:00)
2026-09-17 17:34:53,576 INFO apscheduler.executors.default: Job "main.<locals>.save_bot_state_job (trigger: interval[0:00:15], next run at: 2026-09-17 17:35:08 +07)" executed successfully
2026-09-17 17:34:56,025 INFO apscheduler.executors.default: Running job "main.<locals>.run_scan (trigger: cron[second='1,6,11,16,21,26,31,36,41,46,51,56'], next run at: 2026-09-17 17:35:01 +07)" (scheduled at 2026-09-17 17:34:56+07:00)
2026-09-17 17:34:56,026 INFO apscheduler.executors.default: Job "main.<locals>.run_scan (trigger: cron[second='1,6,11,16,21,26,31,36,41,46,51,56'], next run at: 2026-09-17 17:35:01 +07)" executed successfully
2026-09-17 17:34:57,567 INFO apscheduler.executors.default: Running job "main.<locals>.write_heartbeat_job (trigger: interval[0:00:15], next run at: 2026-09-17 17:35:12 +07)" (scheduled at 2026-09-17 17:34:57.556562+07:00)
2026-09-17 17:34:57,570 INFO apscheduler.executors.default: Job "main.<locals>.write_heartbeat_job (trigger: interval[0:00:15], next run at: 2026-09-17 17:35:12 +07)" executed successfully
2026-09-17 17:34:58,570 INFO apscheduler.executors.default: Running job "main.<locals>.run_lts_aus_fast_scan (trigger: interval[0:00:05], next run at: 2026-09-17 17:35:03 +07)" (scheduled at 2026-09-17 17:34:58.553049+07:00)
2026-09-17 17:34:58,571 INFO apscheduler.executors.default: Job "main.<locals>.run_lts_aus_fast_scan (trigger: interval[0:00:05], next run at: 2026-09-17 17:35:03 +07)" executed successfully
2026-09-17 17:34:58,571 INFO apscheduler.executors.default: Running job "main.<locals>.run_trail_sl (trigger: interval[0:00:05], next run at: 2026-09-17 17:35:03 +07)" (scheduled at 2026-09-17 17:34:58.553049+07:00)
2026-09-17 17:34:58,571 INFO apscheduler.executors.default: Job "main.<locals>.run_trail_sl (trigger: interval[0:00:05], next run at: 2026-09-17 17:35:03 +07)" executed successfully
2026-09-17 17:34:58,571 INFO apscheduler.executors.default: Running job "main.<locals>.run_position_check (trigger: interval[0:00:05], next run at: 2026-09-17 17:35:03 +07)" (scheduled at 2026-09-17 17:34:58.554314+07:00)
2026-09-17 17:34:58,578 INFO apscheduler.executors.default: Job "main.<locals>.run_position_check (trigger: interval[0:00:05], next run at: 2026-09-17 17:35:03 +07)" executed successfully
2026-09-17 17:35:01,015 INFO apscheduler.executors.default: Running job "main.<locals>.run_scan (trigger: cron[second='1,6,11,16,21,26,31,36,41,46,51,56'], next run at: 2026-09-17 17:35:06 +07)" (scheduled at 2026-09-17 17:35:01+07:00)
2026-09-17 17:35:01,016 INFO apscheduler.executors.default: Job "main.<locals>.run_scan (trigger: cron[second='1,6,11,16,21,26,31,36,41,46,51,56'], next run at: 2026-09-17 17:35:06 +07)" executed successfully
2026-09-17 17:35:01,600 INFO httpx: HTTP Request: POST https://api.telegram.org/bot8742189012:AAEXGnFYIvAR33uaXz4-tx-ywZHjdNFhmgY/getUpdates "HTTP/1.1 200 OK"
2026-09-17 17:35:03,559 INFO apscheduler.executors.default: Running job "main.<locals>.run_lts_aus_fast_scan (trigger: interval[0:00:05], next run at: 2026-09-17 17:35:08 +07)" (scheduled at 2026-09-17 17:35:03.553049+07:00)
2026-09-17 17:35:03,560 INFO apscheduler.executors.default: Job "main.<locals>.run_lts_aus_fast_scan (trigger: interval[0:00:05], next run at: 2026-09-17 17:35:08 +07)" executed successfully
2026-09-17 17:35:03,560 INFO apscheduler.executors.default: Running job "main.<locals>.run_trail_sl (trigger: interval[0:00:05], next run at: 2026-09-17 17:35:08 +07)" (scheduled at 2026-09-17 17:35:03.553049+07:00)
2026-09-17 17:35:03,561 INFO apscheduler.executors.default: Job "main.<locals>.run_trail_sl (trigger: interval[0:00:05], next run at: 2026-09-17 17:35:08 +07)" executed successfully
2026-09-17 17:35:03,561 INFO apscheduler.executors.default: Running job "main.<locals>.run_position_check (trigger: interval[0:00:05], next run at: 2026-09-17 17:35:08 +07)" (scheduled at 2026-09-17 17:35:03.554314+07:00)
2026-09-17 17:35:03,571 INFO apscheduler.executors.default: Job "main.<locals>.run_position_check (trigger: interval[0:00:05], next run at: 2026-09-17 17:35:08 +07)" executed successfully
2026-09-17 17:35:06,012 INFO apscheduler.executors.default: Running job "main.<locals>.run_scan (trigger: cron[second='1,6,11,16,21,26,31,36,41,46,51,56'], next run at: 2026-09-17 17:35:11 +07)" (scheduled at 2026-09-17 17:35:06+07:00)
2026-09-17 17:35:06,012 INFO apscheduler.executors.default: Job "main.<locals>.run_scan (trigger: cron[second='1,6,11,16,21,26,31,36,41,46,51,56'], next run at: 2026-09-17 17:35:11 +07)" executed successfully
2026-09-17 17:35:08,558 INFO apscheduler.executors.default: Running job "main.<locals>.run_lts_aus_fast_scan (trigger: interval[0:00:05], next run at: 2026-09-17 17:35:13 +07)" (scheduled at 2026-09-17 17:35:08.553049+07:00)
2026-09-17 17:35:08,558 INFO apscheduler.executors.default: Job "main.<locals>.run_lts_aus_fast_scan (trigger: interval[0:00:05], next run at: 2026-09-17 17:35:13 +07)" executed successfully
2026-09-17 17:35:08,559 INFO apscheduler.executors.default: Running job "main.<locals>.run_trail_sl (trigger: interval[0:00:05], next run at: 2026-09-17 17:35:13 +07)" (scheduled at 2026-09-17 17:35:08.553049+07:00)
2026-09-17 17:35:08,559 INFO apscheduler.executors.default: Job "main.<locals>.run_trail_sl (trigger: interval[0:00:05], next run at: 2026-09-17 17:35:13 +07)" executed successfully
2026-09-17 17:35:08,559 INFO apscheduler.executors.default: Running job "main.<locals>.run_position_check (trigger: interval[0:00:05], next run at: 2026-09-17 17:35:13 +07)" (scheduled at 2026-09-17 17:35:08.554314+07:00)
2026-09-17 17:35:08,568 INFO apscheduler.executors.default: Job "main.<locals>.run_position_check (trigger: interval[0:00:05], next run at: 2026-09-17 17:35:13 +07)" executed successfully
2026-09-17 17:35:08,569 INFO apscheduler.executors.default: Running job "main.<locals>.save_bot_state_job (trigger: interval[0:00:15], next run at: 2026-09-17 17:35:23 +07)" (scheduled at 2026-09-17 17:35:08.554314+07:00)
2026-09-17 17:35:08,574 INFO apscheduler.executors.default: Job "main.<locals>.save_bot_state_job (trigger: interval[0:00:15], next run at: 2026-09-17 17:35:23 +07)" executed successfully
2026-09-17 17:35:11,006 INFO apscheduler.executors.default: Running job "main.<locals>.run_scan (trigger: cron[second='1,6,11,16,21,26,31,36,41,46,51,56'], next run at: 2026-09-17 17:35:16 +07)" (scheduled at 2026-09-17 17:35:11+07:00)
2026-09-17 17:35:11,007 INFO apscheduler.executors.default: Job "main.<locals>.run_scan (trigger: cron[second='1,6,11,16,21,26,31,36,41,46,51,56'], next run at: 2026-09-17 17:35:16 +07)" executed successfully
2026-09-17 17:35:11,793 INFO httpx: HTTP Request: POST https://api.telegram.org/bot8742189012:AAEXGnFYIvAR33uaXz4-tx-ywZHjdNFhmgY/getUpdates "HTTP/1.1 200 OK"
2026-09-17 17:35:12,572 INFO apscheduler.executors.default: Running job "main.<locals>.write_heartbeat_job (trigger: interval[0:00:15], next run at: 2026-09-17 17:35:27 +07)" (scheduled at 2026-09-17 17:35:12.556562+07:00)
2026-09-17 17:35:12,576 INFO apscheduler.executors.default: Job "main.<locals>.write_heartbeat_job (trigger: interval[0:00:15], next run at: 2026-09-17 17:35:27 +07)" executed successfully
2026-09-17 17:35:13,565 INFO apscheduler.executors.default: Running job "main.<locals>.run_lts_aus_fast_scan (trigger: interval[0:00:05], next run at: 2026-09-17 17:35:18 +07)" (scheduled at 2026-09-17 17:35:13.553049+07:00)
2026-09-17 17:35:13,566 INFO apscheduler.executors.default: Job "main.<locals>.run_lts_aus_fast_scan (trigger: interval[0:00:05], next run at: 2026-09-17 17:35:18 +07)" executed successfully
2026-09-17 17:35:13,566 INFO apscheduler.executors.default: Running job "main.<locals>.run_trail_sl (trigger: interval[0:00:05], next run at: 2026-09-17 17:35:18 +07)" (scheduled at 2026-09-17 17:35:13.553049+07:00)
2026-09-17 17:35:13,567 INFO apscheduler.executors.default: Job "main.<locals>.run_trail_sl (trigger: interval[0:00:05], next run at: 2026-09-17 17:35:18 +07)" executed successfully
2026-09-17 17:35:13,567 INFO apscheduler.executors.default: Running job "main.<locals>.run_position_check (trigger: interval[0:00:05], next run at: 2026-09-17 17:35:18 +07)" (scheduled at 2026-09-17 17:35:13.554314+07:00)
2026-09-17 17:35:13,575 INFO apscheduler.executors.default: Job "main.<locals>.run_position_check (trigger: interval[0:00:05], next run at: 2026-09-17 17:35:18 +07)" executed successfully
2026-09-17 17:35:16,019 INFO apscheduler.executors.default: Running job "main.<locals>.run_scan (trigger: cron[second='1,6,11,16,21,26,31,36,41,46,51,56'], next run at: 2026-09-17 17:35:21 +07)" (scheduled at 2026-09-17 17:35:16+07:00)
2026-09-17 17:35:16,028 INFO apscheduler.executors.default: Job "main.<locals>.run_scan (trigger: cron[second='1,6,11,16,21,26,31,36,41,46,51,56'], next run at: 2026-09-17 17:35:21 +07)" executed successfully
2026-09-17 17:35:18,572 INFO apscheduler.executors.default: Running job "main.<locals>.run_lts_aus_fast_scan (trigger: interval[0:00:05], next run at: 2026-09-17 17:35:23 +07)" (scheduled at 2026-09-17 17:35:18.553049+07:00)
2026-09-17 17:35:18,573 INFO apscheduler.executors.default: Job "main.<locals>.run_lts_aus_fast_scan (trigger: interval[0:00:05], next run at: 2026-09-17 17:35:23 +07)" executed successfully
2026-09-17 17:35:18,573 INFO apscheduler.executors.default: Running job "main.<locals>.run_trail_sl (trigger: interval[0:00:05], next run at: 2026-09-17 17:35:23 +07)" (scheduled at 2026-09-17 17:35:18.553049+07:00)
2026-09-17 17:35:18,573 INFO apscheduler.executors.default: Job "main.<locals>.run_trail_sl (trigger: interval[0:00:05], next run at: 2026-09-17 17:35:23 +07)" executed successfully
2026-09-17 17:35:18,573 INFO apscheduler.executors.default: Running job "main.<locals>.run_position_check (trigger: interval[0:00:05], next run at: 2026-09-17 17:35:23 +07)" (scheduled at 2026-09-17 17:35:18.554314+07:00)
2026-09-17 17:35:18,581 INFO apscheduler.executors.default: Job "main.<locals>.run_position_check (trigger: interval[0:00:05], next run at: 2026-09-17 17:35:23 +07)" executed successfully
2026-09-17 17:35:21,001 INFO apscheduler.executors.default: Running job "main.<locals>.run_scan (trigger: cron[second='1,6,11,16,21,26,31,36,41,46,51,56'], next run at: 2026-09-17 17:35:26 +07)" (scheduled at 2026-09-17 17:35:21+07:00)
2026-09-17 17:35:21,003 INFO apscheduler.executors.default: Job "main.<locals>.run_scan (trigger: cron[second='1,6,11,16,21,26,31,36,41,46,51,56'], next run at: 2026-09-17 17:35:26 +07)" executed successfully
2026-09-17 17:35:21,994 INFO httpx: HTTP Request: POST https://api.telegram.org/bot8742189012:AAEXGnFYIvAR33uaXz4-tx-ywZHjdNFhmgY/getUpdates "HTTP/1.1 200 OK"
2026-09-17 17:35:23,574 INFO apscheduler.executors.default: Running job "main.<locals>.check_symbol_switch (trigger: interval[0:01:00], next run at: 2026-09-17 17:36:23 +07)" (scheduled at 2026-09-17 17:35:23.550053+07:00)
2026-09-17 17:35:23,584 INFO apscheduler.executors.default: Job "main.<locals>.check_symbol_switch (trigger: interval[0:01:00], next run at: 2026-09-17 17:36:23 +07)" executed successfully
2026-09-17 17:35:23,585 INFO apscheduler.executors.default: Running job "main.<locals>.run_lts_aus_fast_scan (trigger: interval[0:00:05], next run at: 2026-09-17 17:35:28 +07)" (scheduled at 2026-09-17 17:35:23.553049+07:00)
2026-09-17 17:35:23,585 INFO apscheduler.executors.default: Job "main.<locals>.run_lts_aus_fast_scan (trigger: interval[0:00:05], next run at: 2026-09-17 17:35:28 +07)" executed successfully
2026-09-17 17:35:23,586 INFO apscheduler.executors.default: Running job "main.<locals>.run_trail_sl (trigger: interval[0:00:05], next run at: 2026-09-17 17:35:28 +07)" (scheduled at 2026-09-17 17:35:23.553049+07:00)
2026-09-17 17:35:23,586 INFO apscheduler.executors.default: Job "main.<locals>.run_trail_sl (trigger: interval[0:00:05], next run at: 2026-09-17 17:35:28 +07)" executed successfully
2026-09-17 17:35:23,590 INFO apscheduler.executors.default: Running job "main.<locals>.run_position_check (trigger: interval[0:00:05], next run at: 2026-09-17 17:35:28 +07)" (scheduled at 2026-09-17 17:35:23.554314+07:00)
2026-09-17 17:35:23,600 INFO apscheduler.executors.default: Job "main.<locals>.run_position_check (trigger: interval[0:00:05], next run at: 2026-09-17 17:35:28 +07)" executed successfully
2026-09-17 17:35:23,600 INFO apscheduler.executors.default: Running job "main.<locals>.save_bot_state_job (trigger: interval[0:00:15], next run at: 2026-09-17 17:35:38 +07)" (scheduled at 2026-09-17 17:35:23.554314+07:00)
2026-09-17 17:35:23,613 INFO apscheduler.executors.default: Job "main.<locals>.save_bot_state_job (trigger: interval[0:00:15], next run at: 2026-09-17 17:35:38 +07)" executed successfully
2026-09-17 17:35:23,616 INFO apscheduler.executors.default: Running job "main.<locals>.run_watchdog (trigger: interval[0:01:00], next run at: 2026-09-17 17:36:23 +07)" (scheduled at 2026-09-17 17:35:23.556562+07:00)
2026-09-17 17:35:23,620 INFO apscheduler.executors.default: Job "main.<locals>.run_watchdog (trigger: interval[0:01:00], next run at: 2026-09-17 17:36:23 +07)" executed successfully
2026-09-17 17:35:26,008 INFO apscheduler.executors.default: Running job "main.<locals>.run_scan (trigger: cron[second='1,6,11,16,21,26,31,36,41,46,51,56'], next run at: 2026-09-17 17:35:31 +07)" (scheduled at 2026-09-17 17:35:26+07:00)
2026-09-17 17:35:26,008 INFO apscheduler.executors.default: Job "main.<locals>.run_scan (trigger: cron[second='1,6,11,16,21,26,31,36,41,46,51,56'], next run at: 2026-09-17 17:35:31 +07)" executed successfully
2026-09-17 17:35:27,557 INFO apscheduler.executors.default: Running job "main.<locals>.write_heartbeat_job (trigger: interval[0:00:15], next run at: 2026-09-17 17:35:42 +07)" (scheduled at 2026-09-17 17:35:27.556562+07:00)
2026-09-17 17:35:27,560 INFO apscheduler.executors.default: Job "main.<locals>.write_heartbeat_job (trigger: interval[0:00:15], next run at: 2026-09-17 17:35:42 +07)" executed successfully
2026-09-17 17:35:28,568 INFO apscheduler.executors.default: Running job "main.<locals>.run_lts_aus_fast_scan (trigger: interval[0:00:05], next run at: 2026-09-17 17:35:33 +07)" (scheduled at 2026-09-17 17:35:28.553049+07:00)
2026-09-17 17:35:28,568 INFO apscheduler.executors.default: Job "main.<locals>.run_lts_aus_fast_scan (trigger: interval[0:00:05], next run at: 2026-09-17 17:35:33 +07)" executed successfully
2026-09-17 17:35:28,569 INFO apscheduler.executors.default: Running job "main.<locals>.run_trail_sl (trigger: interval[0:00:05], next run at: 2026-09-17 17:35:33 +07)" (scheduled at 2026-09-17 17:35:28.553049+07:00)
2026-09-17 17:35:28,569 INFO apscheduler.executors.default: Job "main.<locals>.run_trail_sl (trigger: interval[0:00:05], next run at: 2026-09-17 17:35:33 +07)" executed successfully
2026-09-17 17:35:28,569 INFO apscheduler.executors.default: Running job "main.<locals>.run_position_check (trigger: interval[0:00:05], next run at: 2026-09-17 17:35:33 +07)" (scheduled at 2026-09-17 17:35:28.554314+07:00)
2026-09-17 17:35:28,575 INFO apscheduler.executors.default: Job "main.<locals>.run_position_check (trigger: interval[0:00:05], next run at: 2026-09-17 17:35:33 +07)" executed successfully
2026-09-17 17:35:31,008 INFO apscheduler.executors.default: Running job "main.<locals>.run_scan (trigger: cron[second='1,6,11,16,21,26,31,36,41,46,51,56'], next run at: 2026-09-17 17:35:36 +07)" (scheduled at 2026-09-17 17:35:31+07:00)
2026-09-17 17:35:31,008 INFO apscheduler.executors.default: Job "main.<locals>.run_scan (trigger: cron[second='1,6,11,16,21,26,31,36,41,46,51,56'], next run at: 2026-09-17 17:35:36 +07)" executed successfully
2026-09-17 17:35:32,194 INFO httpx: HTTP Request: POST https://api.telegram.org/bot8742189012:AAEXGnFYIvAR33uaXz4-tx-ywZHjdNFhmgY/getUpdates "HTTP/1.1 200 OK"
2026-09-17 17:35:33,567 INFO apscheduler.executors.default: Running job "main.<locals>.run_lts_aus_fast_scan (trigger: interval[0:00:05], next run at: 2026-09-17 17:35:38 +07)" (scheduled at 2026-09-17 17:35:33.553049+07:00)
2026-09-17 17:35:33,567 INFO apscheduler.executors.default: Job "main.<locals>.run_lts_aus_fast_scan (trigger: interval[0:00:05], next run at: 2026-09-17 17:35:38 +07)" executed successfully
2026-09-17 17:35:33,567 INFO apscheduler.executors.default: Running job "main.<locals>.run_trail_sl (trigger: interval[0:00:05], next run at: 2026-09-17 17:35:38 +07)" (scheduled at 2026-09-17 17:35:33.553049+07:00)
2026-09-17 17:35:33,568 INFO apscheduler.executors.default: Job "main.<locals>.run_trail_sl (trigger: interval[0:00:05], next run at: 2026-09-17 17:35:38 +07)" executed successfully
2026-09-17 17:35:33,568 INFO apscheduler.executors.default: Running job "main.<locals>.run_position_check (trigger: interval[0:00:05], next run at: 2026-09-17 17:35:38 +07)" (scheduled at 2026-09-17 17:35:33.554314+07:00)
2026-09-17 17:35:33,575 INFO apscheduler.executors.default: Job "main.<locals>.run_position_check (trigger: interval[0:00:05], next run at: 2026-09-17 17:35:38 +07)" executed successfully
2026-09-17 17:35:36,018 INFO apscheduler.executors.default: Running job "main.<locals>.run_scan (trigger: cron[second='1,6,11,16,21,26,31,36,41,46,51,56'], next run at: 2026-09-17 17:35:41 +07)" (scheduled at 2026-09-17 17:35:36+07:00)
2026-09-17 17:35:36,031 INFO apscheduler.executors.default: Job "main.<locals>.run_scan (trigger: cron[second='1,6,11,16,21,26,31,36,41,46,51,56'], next run at: 2026-09-17 17:35:41 +07)" executed successfully
2026-09-17 17:35:38,566 INFO apscheduler.executors.default: Running job "main.<locals>.run_lts_aus_fast_scan (trigger: interval[0:00:05], next run at: 2026-09-17 17:35:43 +07)" (scheduled at 2026-09-17 17:35:38.553049+07:00)
2026-09-17 17:35:38,566 INFO apscheduler.executors.default: Job "main.<locals>.run_lts_aus_fast_scan (trigger: interval[0:00:05], next run at: 2026-09-17 17:35:43 +07)" executed successfully
2026-09-17 17:35:38,566 INFO apscheduler.executors.default: Running job "main.<locals>.run_trail_sl (trigger: interval[0:00:05], next run at: 2026-09-17 17:35:43 +07)" (scheduled at 2026-09-17 17:35:38.553049+07:00)
2026-09-17 17:35:38,567 INFO apscheduler.executors.default: Job "main.<locals>.run_trail_sl (trigger: interval[0:00:05], next run at: 2026-09-17 17:35:43 +07)" executed successfully
2026-09-17 17:35:38,567 INFO apscheduler.executors.default: Running job "main.<locals>.run_position_check (trigger: interval[0:00:05], next run at: 2026-09-17 17:35:43 +07)" (scheduled at 2026-09-17 17:35:38.554314+07:00)
2026-09-17 17:35:38,576 INFO apscheduler.executors.default: Job "main.<locals>.run_position_check (trigger: interval[0:00:05], next run at: 2026-09-17 17:35:43 +07)" executed successfully
2026-09-17 17:35:38,576 INFO apscheduler.executors.default: Running job "main.<locals>.save_bot_state_job (trigger: interval[0:00:15], next run at: 2026-09-17 17:35:53 +07)" (scheduled at 2026-09-17 17:35:38.554314+07:00)
2026-09-17 17:35:38,579 INFO apscheduler.executors.default: Job "main.<locals>.save_bot_state_job (trigger: interval[0:00:15], next run at: 2026-09-17 17:35:53 +07)" executed successfully
2026-09-17 17:35:41,014 INFO apscheduler.executors.default: Running job "main.<locals>.run_scan (trigger: cron[second='1,6,11,16,21,26,31,36,41,46,51,56'], next run at: 2026-09-17 17:35:46 +07)" (scheduled at 2026-09-17 17:35:41+07:00)
2026-09-17 17:35:41,015 INFO apscheduler.executors.default: Job "main.<locals>.run_scan (trigger: cron[second='1,6,11,16,21,26,31,36,41,46,51,56'], next run at: 2026-09-17 17:35:46 +07)" executed successfully
2026-09-17 17:35:42,388 INFO httpx: HTTP Request: POST https://api.telegram.org/bot8742189012:AAEXGnFYIvAR33uaXz4-tx-ywZHjdNFhmgY/getUpdates "HTTP/1.1 200 OK"
2026-09-17 17:35:42,563 INFO apscheduler.executors.default: Running job "main.<locals>.write_heartbeat_job (trigger: interval[0:00:15], next run at: 2026-09-17 17:35:57 +07)" (scheduled at 2026-09-17 17:35:42.556562+07:00)
2026-09-17 17:35:42,566 INFO apscheduler.executors.default: Job "main.<locals>.write_heartbeat_job (trigger: interval[0:00:15], next run at: 2026-09-17 17:35:57 +07)" executed successfully
2026-09-17 17:35:43,568 INFO apscheduler.executors.default: Running job "main.<locals>.run_lts_aus_fast_scan (trigger: interval[0:00:05], next run at: 2026-09-17 17:35:48 +07)" (scheduled at 2026-09-17 17:35:43.553049+07:00)
2026-09-17 17:35:43,568 INFO apscheduler.executors.default: Job "main.<locals>.run_lts_aus_fast_scan (trigger: interval[0:00:05], next run at: 2026-09-17 17:35:48 +07)" executed successfully
2026-09-17 17:35:43,569 INFO apscheduler.executors.default: Running job "main.<locals>.run_trail_sl (trigger: interval[0:00:05], next run at: 2026-09-17 17:35:48 +07)" (scheduled at 2026-09-17 17:35:43.553049+07:00)
2026-09-17 17:35:43,569 INFO apscheduler.executors.default: Job "main.<locals>.run_trail_sl (trigger: interval[0:00:05], next run at: 2026-09-17 17:35:48 +07)" executed successfully
2026-09-17 17:35:43,569 INFO apscheduler.executors.default: Running job "main.<locals>.run_position_check (trigger: interval[0:00:05], next run at: 2026-09-17 17:35:48 +07)" (scheduled at 2026-09-17 17:35:43.554314+07:00)
2026-09-17 17:35:43,575 INFO apscheduler.executors.default: Job "main.<locals>.run_position_check (trigger: interval[0:00:05], next run at: 2026-09-17 17:35:48 +07)" executed successfully
2026-09-17 17:35:46,016 INFO apscheduler.executors.default: Running job "main.<locals>.run_scan (trigger: cron[second='1,6,11,16,21,26,31,36,41,46,51,56'], next run at: 2026-09-17 17:35:51 +07)" (scheduled at 2026-09-17 17:35:46+07:00)
2026-09-17 17:35:46,016 INFO apscheduler.executors.default: Job "main.<locals>.run_scan (trigger: cron[second='1,6,11,16,21,26,31,36,41,46,51,56'], next run at: 2026-09-17 17:35:51 +07)" executed successfully
2026-09-17 17:35:48,556 INFO apscheduler.executors.default: Running job "main.<locals>.run_lts_aus_fast_scan (trigger: interval[0:00:05], next run at: 2026-09-17 17:35:53 +07)" (scheduled at 2026-09-17 17:35:48.553049+07:00)
2026-09-17 17:35:48,558 INFO apscheduler.executors.default: Job "main.<locals>.run_lts_aus_fast_scan (trigger: interval[0:00:05], next run at: 2026-09-17 17:35:53 +07)" executed successfully
2026-09-17 17:35:48,559 INFO apscheduler.executors.default: Running job "main.<locals>.run_trail_sl (trigger: interval[0:00:05], next run at: 2026-09-17 17:35:53 +07)" (scheduled at 2026-09-17 17:35:48.553049+07:00)
2026-09-17 17:35:48,559 INFO apscheduler.executors.default: Job "main.<locals>.run_trail_sl (trigger: interval[0:00:05], next run at: 2026-09-17 17:35:53 +07)" executed successfully
2026-09-17 17:35:48,559 INFO apscheduler.executors.default: Running job "main.<locals>.run_position_check (trigger: interval[0:00:05], next run at: 2026-09-17 17:35:53 +07)" (scheduled at 2026-09-17 17:35:48.554314+07:00)
2026-09-17 17:35:48,575 INFO apscheduler.executors.default: Job "main.<locals>.run_position_check (trigger: interval[0:00:05], next run at: 2026-09-17 17:35:53 +07)" executed successfully
2026-09-17 17:35:49,405 INFO httpx: HTTP Request: POST https://api.telegram.org/bot8742189012:AAEXGnFYIvAR33uaXz4-tx-ywZHjdNFhmgY/sendMessage "HTTP/1.1 200 OK"
2026-09-17 17:35:51,007 INFO apscheduler.executors.default: Running job "main.<locals>.run_scan (trigger: cron[second='1,6,11,16,21,26,31,36,41,46,51,56'], next run at: 2026-09-17 17:35:56 +07)" (scheduled at 2026-09-17 17:35:51+07:00)
2026-09-17 17:35:51,008 INFO apscheduler.executors.default: Job "main.<locals>.run_scan (trigger: cron[second='1,6,11,16,21,26,31,36,41,46,51,56'], next run at: 2026-09-17 17:35:56 +07)" executed successfully
2026-09-17 17:35:52,596 INFO httpx: HTTP Request: POST https://api.telegram.org/bot8742189012:AAEXGnFYIvAR33uaXz4-tx-ywZHjdNFhmgY/getUpdates "HTTP/1.1 200 OK"
2026-09-17 17:35:53,561 INFO apscheduler.executors.default: Running job "main.<locals>.run_lts_aus_fast_scan (trigger: interval[0:00:05], next run at: 2026-09-17 17:35:58 +07)" (scheduled at 2026-09-17 17:35:53.553049+07:00)
2026-09-17 17:35:53,562 INFO apscheduler.executors.default: Job "main.<locals>.run_lts_aus_fast_scan (trigger: interval[0:00:05], next run at: 2026-09-17 17:35:58 +07)" executed successfully
2026-09-17 17:35:53,562 INFO apscheduler.executors.default: Running job "main.<locals>.run_trail_sl (trigger: interval[0:00:05], next run at: 2026-09-17 17:35:58 +07)" (scheduled at 2026-09-17 17:35:53.553049+07:00)
2026-09-17 17:35:53,563 INFO apscheduler.executors.default: Job "main.<locals>.run_trail_sl (trigger: interval[0:00:05], next run at: 2026-09-17 17:35:58 +07)" executed successfully
2026-09-17 17:35:53,563 INFO apscheduler.executors.default: Running job "main.<locals>.run_position_check (trigger: interval[0:00:05], next run at: 2026-09-17 17:35:58 +07)" (scheduled at 2026-09-17 17:35:53.554314+07:00)
2026-09-17 17:35:53,571 INFO apscheduler.executors.default: Job "main.<locals>.run_position_check (trigger: interval[0:00:05], next run at: 2026-09-17 17:35:58 +07)" executed successfully
2026-09-17 17:35:53,571 INFO apscheduler.executors.default: Running job "main.<locals>.save_bot_state_job (trigger: interval[0:00:15], next run at: 2026-09-17 17:36:08 +07)" (scheduled at 2026-09-17 17:35:53.554314+07:00)
2026-09-17 17:35:53,575 INFO apscheduler.executors.default: Job "main.<locals>.save_bot_state_job (trigger: interval[0:00:15], next run at: 2026-09-17 17:36:08 +07)" executed successfully
2026-09-17 17:35:56,010 INFO apscheduler.executors.default: Running job "main.<locals>.run_scan (trigger: cron[second='1,6,11,16,21,26,31,36,41,46,51,56'], next run at: 2026-09-17 17:36:01 +07)" (scheduled at 2026-09-17 17:35:56+07:00)
2026-09-17 17:35:56,010 INFO apscheduler.executors.default: Job "main.<locals>.run_scan (trigger: cron[second='1,6,11,16,21,26,31,36,41,46,51,56'], next run at: 2026-09-17 17:36:01 +07)" executed successfully
2026-09-17 17:35:57,564 INFO apscheduler.executors.default: Running job "main.<locals>.write_heartbeat_job (trigger: interval[0:00:15], next run at: 2026-09-17 17:36:12 +07)" (scheduled at 2026-09-17 17:35:57.556562+07:00)
2026-09-17 17:35:57,567 INFO apscheduler.executors.default: Job "main.<locals>.write_heartbeat_job (trigger: interval[0:00:15], next run at: 2026-09-17 17:36:12 +07)" executed successfully
2026-09-17 17:35:58,558 INFO apscheduler.executors.default: Running job "main.<locals>.run_lts_aus_fast_scan (trigger: interval[0:00:05], next run at: 2026-09-17 17:36:03 +07)" (scheduled at 2026-09-17 17:35:58.553049+07:00)
2026-09-17 17:35:58,559 INFO apscheduler.executors.default: Job "main.<locals>.run_lts_aus_fast_scan (trigger: interval[0:00:05], next run at: 2026-09-17 17:36:03 +07)" executed successfully
2026-09-17 17:35:58,559 INFO apscheduler.executors.default: Running job "main.<locals>.run_trail_sl (trigger: interval[0:00:05], next run at: 2026-09-17 17:36:03 +07)" (scheduled at 2026-09-17 17:35:58.553049+07:00)
2026-09-17 17:35:58,559 INFO apscheduler.executors.default: Job "main.<locals>.run_trail_sl (trigger: interval[0:00:05], next run at: 2026-09-17 17:36:03 +07)" executed successfully
2026-09-17 17:35:58,560 INFO apscheduler.executors.default: Running job "main.<locals>.run_position_check (trigger: interval[0:00:05], next run at: 2026-09-17 17:36:03 +07)" (scheduled at 2026-09-17 17:35:58.554314+07:00)
2026-09-17 17:35:58,567 INFO apscheduler.executors.default: Job "main.<locals>.run_position_check (trigger: interval[0:00:05], next run at: 2026-09-17 17:36:03 +07)" executed successfully
2026-09-17 17:36:01,003 INFO apscheduler.executors.default: Running job "main.<locals>.run_scan (trigger: cron[second='1,6,11,16,21,26,31,36,41,46,51,56'], next run at: 2026-09-17 17:36:06 +07)" (scheduled at 2026-09-17 17:36:01+07:00)
2026-09-17 17:36:01,004 INFO apscheduler.executors.default: Job "main.<locals>.run_scan (trigger: cron[second='1,6,11,16,21,26,31,36,41,46,51,56'], next run at: 2026-09-17 17:36:06 +07)" executed successfully
2026-09-17 17:36:02,791 INFO httpx: HTTP Request: POST https://api.telegram.org/bot8742189012:AAEXGnFYIvAR33uaXz4-tx-ywZHjdNFhmgY/getUpdates "HTTP/1.1 200 OK"
2026-09-17 17:36:03,569 INFO apscheduler.executors.default: Running job "main.<locals>.run_lts_aus_fast_scan (trigger: interval[0:00:05], next run at: 2026-09-17 17:36:08 +07)" (scheduled at 2026-09-17 17:36:03.553049+07:00)
2026-09-17 17:36:03,571 INFO apscheduler.executors.default: Job "main.<locals>.run_lts_aus_fast_scan (trigger: interval[0:00:05], next run at: 2026-09-17 17:36:08 +07)" executed successfully
2026-09-17 17:36:03,571 INFO apscheduler.executors.default: Running job "main.<locals>.run_trail_sl (trigger: interval[0:00:05], next run at: 2026-09-17 17:36:08 +07)" (scheduled at 2026-09-17 17:36:03.553049+07:00)
2026-09-17 17:36:03,572 INFO apscheduler.executors.default: Job "main.<locals>.run_trail_sl (trigger: interval[0:00:05], next run at: 2026-09-17 17:36:08 +07)" executed successfully
2026-09-17 17:36:03,572 INFO apscheduler.executors.default: Running job "main.<locals>.run_position_check (trigger: interval[0:00:05], next run at: 2026-09-17 17:36:08 +07)" (scheduled at 2026-09-17 17:36:03.554314+07:00)
2026-09-17 17:36:03,580 INFO apscheduler.executors.default: Job "main.<locals>.run_position_check (trigger: interval[0:00:05], next run at: 2026-09-17 17:36:08 +07)" executed successfully
2026-09-17 17:36:06,010 INFO apscheduler.executors.default: Running job "main.<locals>.run_scan (trigger: cron[second='1,6,11,16,21,26,31,36,41,46,51,56'], next run at: 2026-09-17 17:36:11 +07)" (scheduled at 2026-09-17 17:36:06+07:00)
2026-09-17 17:36:06,012 INFO apscheduler.executors.default: Job "main.<locals>.run_scan (trigger: cron[second='1,6,11,16,21,26,31,36,41,46,51,56'], next run at: 2026-09-17 17:36:11 +07)" executed successfully
2026-09-17 17:36:08,559 INFO apscheduler.executors.default: Running job "main.<locals>.run_lts_aus_fast_scan (trigger: interval[0:00:05], next run at: 2026-09-17 17:36:13 +07)" (scheduled at 2026-09-17 17:36:08.553049+07:00)
2026-09-17 17:36:08,559 INFO apscheduler.executors.default: Job "main.<locals>.run_lts_aus_fast_scan (trigger: interval[0:00:05], next run at: 2026-09-17 17:36:13 +07)" executed successfully
2026-09-17 17:36:08,559 INFO apscheduler.executors.default: Running job "main.<locals>.run_trail_sl (trigger: interval[0:00:05], next run at: 2026-09-17 17:36:13 +07)" (scheduled at 2026-09-17 17:36:08.553049+07:00)
2026-09-17 17:36:08,560 INFO apscheduler.executors.default: Job "main.<locals>.run_trail_sl (trigger: interval[0:00:05], next run at: 2026-09-17 17:36:13 +07)" executed successfully
2026-09-17 17:36:08,560 INFO apscheduler.executors.default: Running job "main.<locals>.run_position_check (trigger: interval[0:00:05], next run at: 2026-09-17 17:36:13 +07)" (scheduled at 2026-09-17 17:36:08.554314+07:00)
2026-09-17 17:36:08,570 INFO apscheduler.executors.default: Job "main.<locals>.run_position_check (trigger: interval[0:00:05], next run at: 2026-09-17 17:36:13 +07)" executed successfully
2026-09-17 17:36:08,570 INFO apscheduler.executors.default: Running job "main.<locals>.save_bot_state_job (trigger: interval[0:00:15], next run at: 2026-09-17 17:36:23 +07)" (scheduled at 2026-09-17 17:36:08.554314+07:00)
2026-09-17 17:36:08,573 INFO apscheduler.executors.default: Job "main.<locals>.save_bot_state_job (trigger: interval[0:00:15], next run at: 2026-09-17 17:36:23 +07)" executed successfully
2026-09-17 17:36:11,006 INFO apscheduler.executors.default: Running job "main.<locals>.run_scan (trigger: cron[second='1,6,11,16,21,26,31,36,41,46,51,56'], next run at: 2026-09-17 17:36:16 +07)" (scheduled at 2026-09-17 17:36:11+07:00)
2026-09-17 17:36:11,006 INFO apscheduler.executors.default: Job "main.<locals>.run_scan (trigger: cron[second='1,6,11,16,21,26,31,36,41,46,51,56'], next run at: 2026-09-17 17:36:16 +07)" executed successfully
2026-09-17 17:36:12,570 INFO apscheduler.executors.default: Running job "main.<locals>.write_heartbeat_job (trigger: interval[0:00:15], next run at: 2026-09-17 17:36:27 +07)" (scheduled at 2026-09-17 17:36:12.556562+07:00)
2026-09-17 17:36:12,574 INFO apscheduler.executors.default: Job "main.<locals>.write_heartbeat_job (trigger: interval[0:00:15], next run at: 2026-09-17 17:36:27 +07)" executed successfully
2026-09-17 17:36:12,992 INFO httpx: HTTP Request: POST https://api.telegram.org/bot8742189012:AAEXGnFYIvAR33uaXz4-tx-ywZHjdNFhmgY/getUpdates "HTTP/1.1 200 OK"
2026-09-17 17:36:13,564 INFO apscheduler.executors.default: Running job "main.<locals>.run_lts_aus_fast_scan (trigger: interval[0:00:05], next run at: 2026-09-17 17:36:18 +07)" (scheduled at 2026-09-17 17:36:13.553049+07:00)
2026-09-17 17:36:13,565 INFO apscheduler.executors.default: Job "main.<locals>.run_lts_aus_fast_scan (trigger: interval[0:00:05], next run at: 2026-09-17 17:36:18 +07)" executed successfully
2026-09-17 17:36:13,565 INFO apscheduler.executors.default: Running job "main.<locals>.run_trail_sl (trigger: interval[0:00:05], next run at: 2026-09-17 17:36:18 +07)" (scheduled at 2026-09-17 17:36:13.553049+07:00)
2026-09-17 17:36:13,566 INFO apscheduler.executors.default: Job "main.<locals>.run_trail_sl (trigger: interval[0:00:05], next run at: 2026-09-17 17:36:18 +07)" executed successfully
2026-09-17 17:36:13,567 INFO apscheduler.executors.default: Running job "main.<locals>.run_position_check (trigger: interval[0:00:05], next run at: 2026-09-17 17:36:18 +07)" (scheduled at 2026-09-17 17:36:13.554314+07:00)
2026-09-17 17:36:13,573 INFO apscheduler.executors.default: Job "main.<locals>.run_position_check (trigger: interval[0:00:05], next run at: 2026-09-17 17:36:18 +07)" executed successfully
2026-09-17 17:36:16,013 INFO apscheduler.executors.default: Running job "main.<locals>.run_scan (trigger: cron[second='1,6,11,16,21,26,31,36,41,46,51,56'], next run at: 2026-09-17 17:36:21 +07)" (scheduled at 2026-09-17 17:36:16+07:00)
2026-09-17 17:36:16,014 INFO apscheduler.executors.default: Job "main.<locals>.run_scan (trigger: cron[second='1,6,11,16,21,26,31,36,41,46,51,56'], next run at: 2026-09-17 17:36:21 +07)" executed successfully
2026-09-17 17:36:18,569 INFO apscheduler.executors.default: Running job "main.<locals>.run_lts_aus_fast_scan (trigger: interval[0:00:05], next run at: 2026-09-17 17:36:23 +07)" (scheduled at 2026-09-17 17:36:18.553049+07:00)
2026-09-17 17:36:18,571 INFO apscheduler.executors.default: Job "main.<locals>.run_lts_aus_fast_scan (trigger: interval[0:00:05], next run at: 2026-09-17 17:36:23 +07)" executed successfully
2026-09-17 17:36:18,572 INFO apscheduler.executors.default: Running job "main.<locals>.run_trail_sl (trigger: interval[0:00:05], next run at: 2026-09-17 17:36:23 +07)" (scheduled at 2026-09-17 17:36:18.553049+07:00)
2026-09-17 17:36:18,572 INFO apscheduler.executors.default: Job "main.<locals>.run_trail_sl (trigger: interval[0:00:05], next run at: 2026-09-17 17:36:23 +07)" executed successfully
2026-09-17 17:36:18,573 INFO apscheduler.executors.default: Running job "main.<locals>.run_position_check (trigger: interval[0:00:05], next run at: 2026-09-17 17:36:23 +07)" (scheduled at 2026-09-17 17:36:18.554314+07:00)
2026-09-17 17:36:18,579 INFO apscheduler.executors.default: Job "main.<locals>.run_position_check (trigger: interval[0:00:05], next run at: 2026-09-17 17:36:23 +07)" executed successfully
2026-09-17 17:36:21,010 INFO apscheduler.executors.default: Running job "main.<locals>.run_scan (trigger: cron[second='1,6,11,16,21,26,31,36,41,46,51,56'], next run at: 2026-09-17 17:36:26 +07)" (scheduled at 2026-09-17 17:36:21+07:00)
2026-09-17 17:36:21,010 INFO apscheduler.executors.default: Job "main.<locals>.run_scan (trigger: cron[second='1,6,11,16,21,26,31,36,41,46,51,56'], next run at: 2026-09-17 17:36:26 +07)" executed successfully
2026-09-17 17:36:23,190 INFO httpx: HTTP Request: POST https://api.telegram.org/bot8742189012:AAEXGnFYIvAR33uaXz4-tx-ywZHjdNFhmgY/getUpdates "HTTP/1.1 200 OK"
2026-09-17 17:36:23,560 INFO apscheduler.executors.default: Running job "main.<locals>.check_symbol_switch (trigger: interval[0:01:00], next run at: 2026-09-17 17:37:23 +07)" (scheduled at 2026-09-17 17:36:23.550053+07:00)
2026-09-17 17:36:23,567 INFO apscheduler.executors.default: Job "main.<locals>.check_symbol_switch (trigger: interval[0:01:00], next run at: 2026-09-17 17:37:23 +07)" executed successfully
2026-09-17 17:36:23,569 INFO apscheduler.executors.default: Running job "main.<locals>.run_demo_portfolio_scan (trigger: interval[0:05:00], next run at: 2026-09-17 17:41:23 +07)" (scheduled at 2026-09-17 17:36:23.552051+07:00)
2026-09-17 17:36:23,592 INFO apscheduler.executors.default: Running job "main.<locals>.run_lts_aus_fast_scan (trigger: interval[0:00:05], next run at: 2026-09-17 17:36:28 +07)" (scheduled at 2026-09-17 17:36:23.553049+07:00)
2026-09-17 17:36:23,592 INFO apscheduler.executors.default: Job "main.<locals>.run_lts_aus_fast_scan (trigger: interval[0:00:05], next run at: 2026-09-17 17:36:28 +07)" executed successfully
2026-09-17 17:36:23,593 INFO apscheduler.executors.default: Running job "main.<locals>.run_trail_sl (trigger: interval[0:00:05], next run at: 2026-09-17 17:36:28 +07)" (scheduled at 2026-09-17 17:36:23.553049+07:00)
2026-09-17 17:36:23,593 INFO apscheduler.executors.default: Job "main.<locals>.run_trail_sl (trigger: interval[0:00:05], next run at: 2026-09-17 17:36:28 +07)" executed successfully
2026-09-17 17:36:23,594 INFO apscheduler.executors.default: Running job "main.<locals>.run_position_check (trigger: interval[0:00:05], next run at: 2026-09-17 17:36:28 +07)" (scheduled at 2026-09-17 17:36:23.554314+07:00)
2026-09-17 17:36:23,599 INFO apscheduler.executors.default: Job "main.<locals>.run_position_check (trigger: interval[0:00:05], next run at: 2026-09-17 17:36:28 +07)" executed successfully
2026-09-17 17:36:23,600 INFO apscheduler.executors.default: Running job "main.<locals>.save_bot_state_job (trigger: interval[0:00:15], next run at: 2026-09-17 17:36:38 +07)" (scheduled at 2026-09-17 17:36:23.554314+07:00)
2026-09-17 17:36:23,602 INFO apscheduler.executors.default: Job "main.<locals>.save_bot_state_job (trigger: interval[0:00:15], next run at: 2026-09-17 17:36:38 +07)" executed successfully
2026-09-17 17:36:23,602 INFO apscheduler.executors.default: Running job "main.<locals>.run_watchdog (trigger: interval[0:01:00], next run at: 2026-09-17 17:37:23 +07)" (scheduled at 2026-09-17 17:36:23.556562+07:00)
2026-09-17 17:36:23,612 INFO apscheduler.executors.default: Job "main.<locals>.run_watchdog (trigger: interval[0:01:00], next run at: 2026-09-17 17:37:23 +07)" executed successfully
2026-09-17 17:36:23,760 INFO apscheduler.executors.default: Job "main.<locals>.run_demo_portfolio_scan (trigger: interval[0:05:00], next run at: 2026-09-17 17:41:23 +07)" executed successfully
2026-09-17 17:36:26,015 INFO apscheduler.executors.default: Running job "main.<locals>.run_scan (trigger: cron[second='1,6,11,16,21,26,31,36,41,46,51,56'], next run at: 2026-09-17 17:36:31 +07)" (scheduled at 2026-09-17 17:36:26+07:00)
2026-09-17 17:36:26,015 INFO apscheduler.executors.default: Job "main.<locals>.run_scan (trigger: cron[second='1,6,11,16,21,26,31,36,41,46,51,56'], next run at: 2026-09-17 17:36:31 +07)" executed successfully
2026-09-17 17:36:27,566 INFO apscheduler.executors.default: Running job "main.<locals>.write_heartbeat_job (trigger: interval[0:00:15], next run at: 2026-09-17 17:36:42 +07)" (scheduled at 2026-09-17 17:36:27.556562+07:00)
2026-09-17 17:36:27,568 INFO apscheduler.executors.default: Job "main.<locals>.write_heartbeat_job (trigger: interval[0:00:15], next run at: 2026-09-17 17:36:42 +07)" executed successfully
2026-09-17 17:36:28,559 INFO apscheduler.executors.default: Running job "main.<locals>.run_lts_aus_fast_scan (trigger: interval[0:00:05], next run at: 2026-09-17 17:36:33 +07)" (scheduled at 2026-09-17 17:36:28.553049+07:00)
2026-09-17 17:36:28,559 INFO apscheduler.executors.default: Job "main.<locals>.run_lts_aus_fast_scan (trigger: interval[0:00:05], next run at: 2026-09-17 17:36:33 +07)" executed successfully
2026-09-17 17:36:28,559 INFO apscheduler.executors.default: Running job "main.<locals>.run_trail_sl (trigger: interval[0:00:05], next run at: 2026-09-17 17:36:33 +07)" (scheduled at 2026-09-17 17:36:28.553049+07:00)
2026-09-17 17:36:28,561 INFO apscheduler.executors.default: Job "main.<locals>.run_trail_sl (trigger: interval[0:00:05], next run at: 2026-09-17 17:36:33 +07)" executed successfully
2026-09-17 17:36:28,561 INFO apscheduler.executors.default: Running job "main.<locals>.run_position_check (trigger: interval[0:00:05], next run at: 2026-09-17 17:36:33 +07)" (scheduled at 2026-09-17 17:36:28.554314+07:00)
2026-09-17 17:36:28,566 INFO apscheduler.executors.default: Job "main.<locals>.run_position_check (trigger: interval[0:00:05], next run at: 2026-09-17 17:36:33 +07)" executed successfully
2026-09-17 17:36:31,013 INFO apscheduler.executors.default: Running job "main.<locals>.run_scan (trigger: cron[second='1,6,11,16,21,26,31,36,41,46,51,56'], next run at: 2026-09-17 17:36:36 +07)" (scheduled at 2026-09-17 17:36:31+07:00)
2026-09-17 17:36:31,013 INFO apscheduler.executors.default: Job "main.<locals>.run_scan (trigger: cron[second='1,6,11,16,21,26,31,36,41,46,51,56'], next run at: 2026-09-17 17:36:36 +07)" executed successfully
2026-09-17 17:36:33,389 INFO httpx: HTTP Request: POST https://api.telegram.org/bot8742189012:AAEXGnFYIvAR33uaXz4-tx-ywZHjdNFhmgY/getUpdates "HTTP/1.1 200 OK"
2026-09-17 17:36:33,567 INFO apscheduler.executors.default: Running job "main.<locals>.run_lts_aus_fast_scan (trigger: interval[0:00:05], next run at: 2026-09-17 17:36:38 +07)" (scheduled at 2026-09-17 17:36:33.553049+07:00)
2026-09-17 17:36:33,570 INFO apscheduler.executors.default: Job "main.<locals>.run_lts_aus_fast_scan (trigger: interval[0:00:05], next run at: 2026-09-17 17:36:38 +07)" executed successfully
2026-09-17 17:36:33,570 INFO apscheduler.executors.default: Running job "main.<locals>.run_trail_sl (trigger: interval[0:00:05], next run at: 2026-09-17 17:36:38 +07)" (scheduled at 2026-09-17 17:36:33.553049+07:00)
2026-09-17 17:36:33,570 INFO apscheduler.executors.default: Job "main.<locals>.run_trail_sl (trigger: interval[0:00:05], next run at: 2026-09-17 17:36:38 +07)" executed successfully
2026-09-17 17:36:33,572 INFO apscheduler.executors.default: Running job "main.<locals>.run_position_check (trigger: interval[0:00:05], next run at: 2026-09-17 17:36:38 +07)" (scheduled at 2026-09-17 17:36:33.554314+07:00)
2026-09-17 17:36:33,579 INFO apscheduler.executors.default: Job "main.<locals>.run_position_check (trigger: interval[0:00:05], next run at: 2026-09-17 17:36:38 +07)" executed successfully
2026-09-17 17:36:36,003 INFO apscheduler.executors.default: Running job "main.<locals>.run_scan (trigger: cron[second='1,6,11,16,21,26,31,36,41,46,51,56'], next run at: 2026-09-17 17:36:41 +07)" (scheduled at 2026-09-17 17:36:36+07:00)
2026-09-17 17:36:36,004 INFO apscheduler.executors.default: Job "main.<locals>.run_scan (trigger: cron[second='1,6,11,16,21,26,31,36,41,46,51,56'], next run at: 2026-09-17 17:36:41 +07)" executed successfully
2026-09-17 17:36:38,573 INFO apscheduler.executors.default: Running job "main.<locals>.run_lts_aus_fast_scan (trigger: interval[0:00:05], next run at: 2026-09-17 17:36:43 +07)" (scheduled at 2026-09-17 17:36:38.553049+07:00)
2026-09-17 17:36:38,577 INFO apscheduler.executors.default: Job "main.<locals>.run_lts_aus_fast_scan (trigger: interval[0:00:05], next run at: 2026-09-17 17:36:43 +07)" executed successfully
2026-09-17 17:36:38,578 INFO apscheduler.executors.default: Running job "main.<locals>.run_trail_sl (trigger: interval[0:00:05], next run at: 2026-09-17 17:36:43 +07)" (scheduled at 2026-09-17 17:36:38.553049+07:00)
2026-09-17 17:36:38,584 INFO apscheduler.executors.default: Job "main.<locals>.run_trail_sl (trigger: interval[0:00:05], next run at: 2026-09-17 17:36:43 +07)" executed successfully
2026-09-17 17:36:38,587 INFO apscheduler.executors.default: Running job "main.<locals>.run_position_check (trigger: interval[0:00:05], next run at: 2026-09-17 17:36:43 +07)" (scheduled at 2026-09-17 17:36:38.554314+07:00)
2026-09-17 17:36:38,599 INFO apscheduler.executors.default: Job "main.<locals>.run_position_check (trigger: interval[0:00:05], next run at: 2026-09-17 17:36:43 +07)" executed successfully
2026-09-17 17:36:38,599 INFO apscheduler.executors.default: Running job "main.<locals>.save_bot_state_job (trigger: interval[0:00:15], next run at: 2026-09-17 17:36:53 +07)" (scheduled at 2026-09-17 17:36:38.554314+07:00)
2026-09-17 17:36:38,625 INFO apscheduler.executors.default: Job "main.<locals>.save_bot_state_job (trigger: interval[0:00:15], next run at: 2026-09-17 17:36:53 +07)" executed successfully
2026-09-17 17:36:41,009 INFO apscheduler.executors.default: Running job "main.<locals>.run_scan (trigger: cron[second='1,6,11,16,21,26,31,36,41,46,51,56'], next run at: 2026-09-17 17:36:46 +07)" (scheduled at 2026-09-17 17:36:41+07:00)
2026-09-17 17:36:41,010 INFO apscheduler.executors.default: Job "main.<locals>.run_scan (trigger: cron[second='1,6,11,16,21,26,31,36,41,46,51,56'], next run at: 2026-09-17 17:36:46 +07)" executed successfully
2026-09-17 17:36:42,569 INFO apscheduler.executors.default: Running job "main.<locals>.write_heartbeat_job (trigger: interval[0:00:15], next run at: 2026-09-17 17:36:57 +07)" (scheduled at 2026-09-17 17:36:42.556562+07:00)
2026-09-17 17:36:42,573 INFO apscheduler.executors.default: Job "main.<locals>.write_heartbeat_job (trigger: interval[0:00:15], next run at: 2026-09-17 17:36:57 +07)" executed successfully
2026-09-17 17:36:43,562 INFO apscheduler.executors.default: Running job "main.<locals>.run_lts_aus_fast_scan (trigger: interval[0:00:05], next run at: 2026-09-17 17:36:48 +07)" (scheduled at 2026-09-17 17:36:43.553049+07:00)
2026-09-17 17:36:43,563 INFO apscheduler.executors.default: Job "main.<locals>.run_lts_aus_fast_scan (trigger: interval[0:00:05], next run at: 2026-09-17 17:36:48 +07)" executed successfully
2026-09-17 17:36:43,564 INFO apscheduler.executors.default: Running job "main.<locals>.run_trail_sl (trigger: interval[0:00:05], next run at: 2026-09-17 17:36:48 +07)" (scheduled at 2026-09-17 17:36:43.553049+07:00)
2026-09-17 17:36:43,564 INFO apscheduler.executors.default: Job "main.<locals>.run_trail_sl (trigger: interval[0:00:05], next run at: 2026-09-17 17:36:48 +07)" executed successfully
2026-09-17 17:36:43,565 INFO apscheduler.executors.default: Running job "main.<locals>.run_position_check (trigger: interval[0:00:05], next run at: 2026-09-17 17:36:48 +07)" (scheduled at 2026-09-17 17:36:43.554314+07:00)
2026-09-17 17:36:43,573 INFO apscheduler.executors.default: Job "main.<locals>.run_position_check (trigger: interval[0:00:05], next run at: 2026-09-17 17:36:48 +07)" executed successfully
2026-09-17 17:36:43,611 INFO httpx: HTTP Request: POST https://api.telegram.org/bot8742189012:AAEXGnFYIvAR33uaXz4-tx-ywZHjdNFhmgY/getUpdates "HTTP/1.1 200 OK"
2026-09-17 17:36:46,010 INFO apscheduler.executors.default: Running job "main.<locals>.run_scan (trigger: cron[second='1,6,11,16,21,26,31,36,41,46,51,56'], next run at: 2026-09-17 17:36:51 +07)" (scheduled at 2026-09-17 17:36:46+07:00)
2026-09-17 17:36:46,011 INFO apscheduler.executors.default: Job "main.<locals>.run_scan (trigger: cron[second='1,6,11,16,21,26,31,36,41,46,51,56'], next run at: 2026-09-17 17:36:51 +07)" executed successfully
2026-09-17 17:36:48,561 INFO apscheduler.executors.default: Running job "main.<locals>.run_lts_aus_fast_scan (trigger: interval[0:00:05], next run at: 2026-09-17 17:36:53 +07)" (scheduled at 2026-09-17 17:36:48.553049+07:00)
2026-09-17 17:36:48,563 INFO apscheduler.executors.default: Job "main.<locals>.run_lts_aus_fast_scan (trigger: interval[0:00:05], next run at: 2026-09-17 17:36:53 +07)" executed successfully
2026-09-17 17:36:48,563 INFO apscheduler.executors.default: Running job "main.<locals>.run_trail_sl (trigger: interval[0:00:05], next run at: 2026-09-17 17:36:53 +07)" (scheduled at 2026-09-17 17:36:48.553049+07:00)
2026-09-17 17:36:48,563 INFO apscheduler.executors.default: Job "main.<locals>.run_trail_sl (trigger: interval[0:00:05], next run at: 2026-09-17 17:36:53 +07)" executed successfully
2026-09-17 17:36:48,564 INFO apscheduler.executors.default: Running job "main.<locals>.run_position_check (trigger: interval[0:00:05], next run at: 2026-09-17 17:36:53 +07)" (scheduled at 2026-09-17 17:36:48.554314+07:00)
2026-09-17 17:36:48,573 INFO apscheduler.executors.default: Job "main.<locals>.run_position_check (trigger: interval[0:00:05], next run at: 2026-09-17 17:36:53 +07)" executed successfully
2026-09-17 17:36:51,008 INFO apscheduler.executors.default: Running job "main.<locals>.run_scan (trigger: cron[second='1,6,11,16,21,26,31,36,41,46,51,56'], next run at: 2026-09-17 17:36:56 +07)" (scheduled at 2026-09-17 17:36:51+07:00)
2026-09-17 17:36:51,009 INFO apscheduler.executors.default: Job "main.<locals>.run_scan (trigger: cron[second='1,6,11,16,21,26,31,36,41,46,51,56'], next run at: 2026-09-17 17:36:56 +07)" executed successfully
2026-09-17 17:36:53,559 INFO apscheduler.executors.default: Running job "main.<locals>.run_lts_aus_fast_scan (trigger: interval[0:00:05], next run at: 2026-09-17 17:36:58 +07)" (scheduled at 2026-09-17 17:36:53.553049+07:00)
2026-09-17 17:36:53,559 INFO apscheduler.executors.default: Job "main.<locals>.run_lts_aus_fast_scan (trigger: interval[0:00:05], next run at: 2026-09-17 17:36:58 +07)" executed successfully
2026-09-17 17:36:53,560 INFO apscheduler.executors.default: Running job "main.<locals>.run_trail_sl (trigger: interval[0:00:05], next run at: 2026-09-17 17:36:58 +07)" (scheduled at 2026-09-17 17:36:53.553049+07:00)
2026-09-17 17:36:53,560 INFO apscheduler.executors.default: Job "main.<locals>.run_trail_sl (trigger: interval[0:00:05], next run at: 2026-09-17 17:36:58 +07)" executed successfully
2026-09-17 17:36:53,561 INFO apscheduler.executors.default: Running job "main.<locals>.run_position_check (trigger: interval[0:00:05], next run at: 2026-09-17 17:36:58 +07)" (scheduled at 2026-09-17 17:36:53.554314+07:00)
2026-09-17 17:36:53,568 INFO apscheduler.executors.default: Job "main.<locals>.run_position_check (trigger: interval[0:00:05], next run at: 2026-09-17 17:36:58 +07)" executed successfully
2026-09-17 17:36:53,568 INFO apscheduler.executors.default: Running job "main.<locals>.save_bot_state_job (trigger: interval[0:00:15], next run at: 2026-09-17 17:37:08 +07)" (scheduled at 2026-09-17 17:36:53.554314+07:00)
2026-09-17 17:36:53,571 INFO apscheduler.executors.default: Job "main.<locals>.save_bot_state_job (trigger: interval[0:00:15], next run at: 2026-09-17 17:37:08 +07)" executed successfully
2026-09-17 17:36:53,813 INFO httpx: HTTP Request: POST https://api.telegram.org/bot8742189012:AAEXGnFYIvAR33uaXz4-tx-ywZHjdNFhmgY/getUpdates "HTTP/1.1 200 OK"
2026-09-17 17:36:56,001 INFO apscheduler.executors.default: Running job "main.<locals>.run_scan (trigger: cron[second='1,6,11,16,21,26,31,36,41,46,51,56'], next run at: 2026-09-17 17:37:01 +07)" (scheduled at 2026-09-17 17:36:56+07:00)
2026-09-17 17:36:56,001 INFO apscheduler.executors.default: Job "main.<locals>.run_scan (trigger: cron[second='1,6,11,16,21,26,31,36,41,46,51,56'], next run at: 2026-09-17 17:37:01 +07)" executed successfully
2026-09-17 17:36:57,564 INFO apscheduler.executors.default: Running job "main.<locals>.write_heartbeat_job (trigger: interval[0:00:15], next run at: 2026-09-17 17:37:12 +07)" (scheduled at 2026-09-17 17:36:57.556562+07:00)
2026-09-17 17:36:57,567 INFO apscheduler.executors.default: Job "main.<locals>.write_heartbeat_job (trigger: interval[0:00:15], next run at: 2026-09-17 17:37:12 +07)" executed successfully
2026-09-17 17:36:58,570 INFO apscheduler.executors.default: Running job "main.<locals>.run_lts_aus_fast_scan (trigger: interval[0:00:05], next run at: 2026-09-17 17:37:03 +07)" (scheduled at 2026-09-17 17:36:58.553049+07:00)
2026-09-17 17:36:58,570 INFO apscheduler.executors.default: Job "main.<locals>.run_lts_aus_fast_scan (trigger: interval[0:00:05], next run at: 2026-09-17 17:37:03 +07)" executed successfully
2026-09-17 17:36:58,570 INFO apscheduler.executors.default: Running job "main.<locals>.run_trail_sl (trigger: interval[0:00:05], next run at: 2026-09-17 17:37:03 +07)" (scheduled at 2026-09-17 17:36:58.553049+07:00)
2026-09-17 17:36:58,571 INFO apscheduler.executors.default: Job "main.<locals>.run_trail_sl (trigger: interval[0:00:05], next run at: 2026-09-17 17:37:03 +07)" executed successfully
2026-09-17 17:36:58,571 INFO apscheduler.executors.default: Running job "main.<locals>.run_position_check (trigger: interval[0:00:05], next run at: 2026-09-17 17:37:03 +07)" (scheduled at 2026-09-17 17:36:58.554314+07:00)
2026-09-17 17:36:58,576 INFO apscheduler.executors.default: Job "main.<locals>.run_position_check (trigger: interval[0:00:05], next run at: 2026-09-17 17:37:03 +07)" executed successfully
2026-09-17 17:37:01,008 INFO apscheduler.executors.default: Running job "main.<locals>.run_scan (trigger: cron[second='1,6,11,16,21,26,31,36,41,46,51,56'], next run at: 2026-09-17 17:37:06 +07)" (scheduled at 2026-09-17 17:37:01+07:00)
2026-09-17 17:37:01,009 INFO apscheduler.executors.default: Job "main.<locals>.run_scan (trigger: cron[second='1,6,11,16,21,26,31,36,41,46,51,56'], next run at: 2026-09-17 17:37:06 +07)" executed successfully
2026-09-17 17:37:03,565 INFO apscheduler.executors.default: Running job "main.<locals>.run_lts_aus_fast_scan (trigger: interval[0:00:05], next run at: 2026-09-17 17:37:08 +07)" (scheduled at 2026-09-17 17:37:03.553049+07:00)
2026-09-17 17:37:03,567 INFO apscheduler.executors.default: Job "main.<locals>.run_lts_aus_fast_scan (trigger: interval[0:00:05], next run at: 2026-09-17 17:37:08 +07)" executed successfully
2026-09-17 17:37:03,567 INFO apscheduler.executors.default: Running job "main.<locals>.run_trail_sl (trigger: interval[0:00:05], next run at: 2026-09-17 17:37:08 +07)" (scheduled at 2026-09-17 17:37:03.553049+07:00)
2026-09-17 17:37:03,567 INFO apscheduler.executors.default: Job "main.<locals>.run_trail_sl (trigger: interval[0:00:05], next run at: 2026-09-17 17:37:08 +07)" executed successfully
2026-09-17 17:37:03,567 INFO apscheduler.executors.default: Running job "main.<locals>.run_position_check (trigger: interval[0:00:05], next run at: 2026-09-17 17:37:08 +07)" (scheduled at 2026-09-17 17:37:03.554314+07:00)
2026-09-17 17:37:03,573 INFO apscheduler.executors.default: Job "main.<locals>.run_position_check (trigger: interval[0:00:05], next run at: 2026-09-17 17:37:08 +07)" executed successfully
2026-09-17 17:37:04,015 INFO httpx: HTTP Request: POST https://api.telegram.org/bot8742189012:AAEXGnFYIvAR33uaXz4-tx-ywZHjdNFhmgY/getUpdates "HTTP/1.1 200 OK"
2026-09-17 17:37:06,019 INFO apscheduler.executors.default: Running job "main.<locals>.run_scan (trigger: cron[second='1,6,11,16,21,26,31,36,41,46,51,56'], next run at: 2026-09-17 17:37:11 +07)" (scheduled at 2026-09-17 17:37:06+07:00)
2026-09-17 17:37:06,020 INFO apscheduler.executors.default: Job "main.<locals>.run_scan (trigger: cron[second='1,6,11,16,21,26,31,36,41,46,51,56'], next run at: 2026-09-17 17:37:11 +07)" executed successfully
2026-09-17 17:37:08,558 INFO apscheduler.executors.default: Running job "main.<locals>.run_lts_aus_fast_scan (trigger: interval[0:00:05], next run at: 2026-09-17 17:37:13 +07)" (scheduled at 2026-09-17 17:37:08.553049+07:00)
2026-09-17 17:37:08,558 INFO apscheduler.executors.default: Job "main.<locals>.run_lts_aus_fast_scan (trigger: interval[0:00:05], next run at: 2026-09-17 17:37:13 +07)" executed successfully
2026-09-17 17:37:08,558 INFO apscheduler.executors.default: Running job "main.<locals>.run_trail_sl (trigger: interval[0:00:05], next run at: 2026-09-17 17:37:13 +07)" (scheduled at 2026-09-17 17:37:08.553049+07:00)
2026-09-17 17:37:08,559 INFO apscheduler.executors.default: Job "main.<locals>.run_trail_sl (trigger: interval[0:00:05], next run at: 2026-09-17 17:37:13 +07)" executed successfully
2026-09-17 17:37:08,559 INFO apscheduler.executors.default: Running job "main.<locals>.run_position_check (trigger: interval[0:00:05], next run at: 2026-09-17 17:37:13 +07)" (scheduled at 2026-09-17 17:37:08.554314+07:00)
2026-09-17 17:37:08,567 INFO apscheduler.executors.default: Job "main.<locals>.run_position_check (trigger: interval[0:00:05], next run at: 2026-09-17 17:37:13 +07)" executed successfully
2026-09-17 17:37:08,567 INFO apscheduler.executors.default: Running job "main.<locals>.save_bot_state_job (trigger: interval[0:00:15], next run at: 2026-09-17 17:37:23 +07)" (scheduled at 2026-09-17 17:37:08.554314+07:00)
2026-09-17 17:37:08,570 INFO apscheduler.executors.default: Job "main.<locals>.save_bot_state_job (trigger: interval[0:00:15], next run at: 2026-09-17 17:37:23 +07)" executed successfully
2026-09-17 17:37:11,000 INFO apscheduler.executors.default: Running job "main.<locals>.run_scan (trigger: cron[second='1,6,11,16,21,26,31,36,41,46,51,56'], next run at: 2026-09-17 17:37:16 +07)" (scheduled at 2026-09-17 17:37:11+07:00)
2026-09-17 17:37:11,001 INFO apscheduler.executors.default: Job "main.<locals>.run_scan (trigger: cron[second='1,6,11,16,21,26,31,36,41,46,51,56'], next run at: 2026-09-17 17:37:16 +07)" executed successfully
2026-09-17 17:37:12,560 INFO apscheduler.executors.default: Running job "main.<locals>.write_heartbeat_job (trigger: interval[0:00:15], next run at: 2026-09-17 17:37:27 +07)" (scheduled at 2026-09-17 17:37:12.556562+07:00)
2026-09-17 17:37:12,564 INFO apscheduler.executors.default: Job "main.<locals>.write_heartbeat_job (trigger: interval[0:00:15], next run at: 2026-09-17 17:37:27 +07)" executed successfully
2026-09-17 17:37:13,564 INFO apscheduler.executors.default: Running job "main.<locals>.run_lts_aus_fast_scan (trigger: interval[0:00:05], next run at: 2026-09-17 17:37:18 +07)" (scheduled at 2026-09-17 17:37:13.553049+07:00)
2026-09-17 17:37:13,565 INFO apscheduler.executors.default: Job "main.<locals>.run_lts_aus_fast_scan (trigger: interval[0:00:05], next run at: 2026-09-17 17:37:18 +07)" executed successfully
2026-09-17 17:37:13,566 INFO apscheduler.executors.default: Running job "main.<locals>.run_trail_sl (trigger: interval[0:00:05], next run at: 2026-09-17 17:37:18 +07)" (scheduled at 2026-09-17 17:37:13.553049+07:00)
2026-09-17 17:37:13,566 INFO apscheduler.executors.default: Job "main.<locals>.run_trail_sl (trigger: interval[0:00:05], next run at: 2026-09-17 17:37:18 +07)" executed successfully
2026-09-17 17:37:13,566 INFO apscheduler.executors.default: Running job "main.<locals>.run_position_check (trigger: interval[0:00:05], next run at: 2026-09-17 17:37:18 +07)" (scheduled at 2026-09-17 17:37:13.554314+07:00)
2026-09-17 17:37:13,575 INFO apscheduler.executors.default: Job "main.<locals>.run_position_check (trigger: interval[0:00:05], next run at: 2026-09-17 17:37:18 +07)" executed successfully
2026-09-17 17:37:14,215 INFO httpx: HTTP Request: POST https://api.telegram.org/bot8742189012:AAEXGnFYIvAR33uaXz4-tx-ywZHjdNFhmgY/getUpdates "HTTP/1.1 200 OK"
2026-09-17 17:37:16,029 INFO apscheduler.executors.default: Running job "main.<locals>.run_scan (trigger: cron[second='1,6,11,16,21,26,31,36,41,46,51,56'], next run at: 2026-09-17 17:37:21 +07)" (scheduled at 2026-09-17 17:37:16+07:00)
2026-09-17 17:37:16,030 INFO apscheduler.executors.default: Job "main.<locals>.run_scan (trigger: cron[second='1,6,11,16,21,26,31,36,41,46,51,56'], next run at: 2026-09-17 17:37:21 +07)" executed successfully
2026-09-17 17:37:18,571 INFO apscheduler.executors.default: Running job "main.<locals>.run_lts_aus_fast_scan (trigger: interval[0:00:05], next run at: 2026-09-17 17:37:23 +07)" (scheduled at 2026-09-17 17:37:18.553049+07:00)
2026-09-17 17:37:18,574 INFO apscheduler.executors.default: Job "main.<locals>.run_lts_aus_fast_scan (trigger: interval[0:00:05], next run at: 2026-09-17 17:37:23 +07)" executed successfully
2026-09-17 17:37:18,574 INFO apscheduler.executors.default: Running job "main.<locals>.run_trail_sl (trigger: interval[0:00:05], next run at: 2026-09-17 17:37:23 +07)" (scheduled at 2026-09-17 17:37:18.553049+07:00)
2026-09-17 17:37:18,575 INFO apscheduler.executors.default: Job "main.<locals>.run_trail_sl (trigger: interval[0:00:05], next run at: 2026-09-17 17:37:23 +07)" executed successfully
2026-09-17 17:37:18,575 INFO apscheduler.executors.default: Running job "main.<locals>.run_position_check (trigger: interval[0:00:05], next run at: 2026-09-17 17:37:23 +07)" (scheduled at 2026-09-17 17:37:18.554314+07:00)
2026-09-17 17:37:18,582 INFO apscheduler.executors.default: Job "main.<locals>.run_position_check (trigger: interval[0:00:05], next run at: 2026-09-17 17:37:23 +07)" executed successfully
2026-09-17 17:37:21,002 INFO apscheduler.executors.default: Running job "main.<locals>.run_scan (trigger: cron[second='1,6,11,16,21,26,31,36,41,46,51,56'], next run at: 2026-09-17 17:37:26 +07)" (scheduled at 2026-09-17 17:37:21+07:00)
2026-09-17 17:37:21,002 INFO apscheduler.executors.default: Job "main.<locals>.run_scan (trigger: cron[second='1,6,11,16,21,26,31,36,41,46,51,56'], next run at: 2026-09-17 17:37:26 +07)" executed successfully
2026-09-17 17:37:23,561 INFO apscheduler.executors.default: Running job "main.<locals>.check_symbol_switch (trigger: interval[0:01:00], next run at: 2026-09-17 17:38:23 +07)" (scheduled at 2026-09-17 17:37:23.550053+07:00)
2026-09-17 17:37:23,570 INFO apscheduler.executors.default: Job "main.<locals>.check_symbol_switch (trigger: interval[0:01:00], next run at: 2026-09-17 17:38:23 +07)" executed successfully
2026-09-17 17:37:23,570 INFO apscheduler.executors.default: Running job "main.<locals>.run_lts_aus_fast_scan (trigger: interval[0:00:05], next run at: 2026-09-17 17:37:28 +07)" (scheduled at 2026-09-17 17:37:23.553049+07:00)
2026-09-17 17:37:23,571 INFO apscheduler.executors.default: Job "main.<locals>.run_lts_aus_fast_scan (trigger: interval[0:00:05], next run at: 2026-09-17 17:37:28 +07)" executed successfully
2026-09-17 17:37:23,571 INFO apscheduler.executors.default: Running job "main.<locals>.run_trail_sl (trigger: interval[0:00:05], next run at: 2026-09-17 17:37:28 +07)" (scheduled at 2026-09-17 17:37:23.553049+07:00)
2026-09-17 17:37:23,571 INFO apscheduler.executors.default: Job "main.<locals>.run_trail_sl (trigger: interval[0:00:05], next run at: 2026-09-17 17:37:28 +07)" executed successfully
2026-09-17 17:37:23,571 INFO apscheduler.executors.default: Running job "main.<locals>.run_position_check (trigger: interval[0:00:05], next run at: 2026-09-17 17:37:28 +07)" (scheduled at 2026-09-17 17:37:23.554314+07:00)
2026-09-17 17:37:23,579 INFO apscheduler.executors.default: Job "main.<locals>.run_position_check (trigger: interval[0:00:05], next run at: 2026-09-17 17:37:28 +07)" executed successfully
2026-09-17 17:37:23,581 INFO apscheduler.executors.default: Running job "main.<locals>.save_bot_state_job (trigger: interval[0:00:15], next run at: 2026-09-17 17:37:38 +07)" (scheduled at 2026-09-17 17:37:23.554314+07:00)
2026-09-17 17:37:23,583 INFO apscheduler.executors.default: Job "main.<locals>.save_bot_state_job (trigger: interval[0:00:15], next run at: 2026-09-17 17:37:38 +07)" executed successfully
2026-09-17 17:37:23,585 INFO apscheduler.executors.default: Running job "main.<locals>.run_watchdog (trigger: interval[0:01:00], next run at: 2026-09-17 17:38:23 +07)" (scheduled at 2026-09-17 17:37:23.556562+07:00)
2026-09-17 17:37:23,589 INFO apscheduler.executors.default: Job "main.<locals>.run_watchdog (trigger: interval[0:01:00], next run at: 2026-09-17 17:38:23 +07)" executed successfully
2026-09-17 17:37:24,412 INFO httpx: HTTP Request: POST https://api.telegram.org/bot8742189012:AAEXGnFYIvAR33uaXz4-tx-ywZHjdNFhmgY/getUpdates "HTTP/1.1 200 OK"
2026-09-17 17:37:26,010 INFO apscheduler.executors.default: Running job "main.<locals>.run_scan (trigger: cron[second='1,6,11,16,21,26,31,36,41,46,51,56'], next run at: 2026-09-17 17:37:31 +07)" (scheduled at 2026-09-17 17:37:26+07:00)
2026-09-17 17:37:26,011 INFO apscheduler.executors.default: Job "main.<locals>.run_scan (trigger: cron[second='1,6,11,16,21,26,31,36,41,46,51,56'], next run at: 2026-09-17 17:37:31 +07)" executed successfully
2026-09-17 17:37:27,560 INFO apscheduler.executors.default: Running job "main.<locals>.write_heartbeat_job (trigger: interval[0:00:15], next run at: 2026-09-17 17:37:42 +07)" (scheduled at 2026-09-17 17:37:27.556562+07:00)
2026-09-17 17:37:27,564 INFO apscheduler.executors.default: Job "main.<locals>.write_heartbeat_job (trigger: interval[0:00:15], next run at: 2026-09-17 17:37:42 +07)" executed successfully
2026-09-17 17:37:28,566 INFO apscheduler.executors.default: Running job "main.<locals>.run_lts_aus_fast_scan (trigger: interval[0:00:05], next run at: 2026-09-17 17:37:33 +07)" (scheduled at 2026-09-17 17:37:28.553049+07:00)
2026-09-17 17:37:28,566 INFO apscheduler.executors.default: Job "main.<locals>.run_lts_aus_fast_scan (trigger: interval[0:00:05], next run at: 2026-09-17 17:37:33 +07)" executed successfully
2026-09-17 17:37:28,567 INFO apscheduler.executors.default: Running job "main.<locals>.run_trail_sl (trigger: interval[0:00:05], next run at: 2026-09-17 17:37:33 +07)" (scheduled at 2026-09-17 17:37:28.553049+07:00)
2026-09-17 17:37:28,567 INFO apscheduler.executors.default: Job "main.<locals>.run_trail_sl (trigger: interval[0:00:05], next run at: 2026-09-17 17:37:33 +07)" executed successfully
2026-09-17 17:37:28,567 INFO apscheduler.executors.default: Running job "main.<locals>.run_position_check (trigger: interval[0:00:05], next run at: 2026-09-17 17:37:33 +07)" (scheduled at 2026-09-17 17:37:28.554314+07:00)
2026-09-17 17:37:28,573 INFO apscheduler.executors.default: Job "main.<locals>.run_position_check (trigger: interval[0:00:05], next run at: 2026-09-17 17:37:33 +07)" executed successfully
2026-09-17 17:37:31,023 INFO apscheduler.executors.default: Running job "main.<locals>.run_scan (trigger: cron[second='1,6,11,16,21,26,31,36,41,46,51,56'], next run at: 2026-09-17 17:37:36 +07)" (scheduled at 2026-09-17 17:37:31+07:00)
2026-09-17 17:37:31,023 INFO apscheduler.executors.default: Job "main.<locals>.run_scan (trigger: cron[second='1,6,11,16,21,26,31,36,41,46,51,56'], next run at: 2026-09-17 17:37:36 +07)" executed successfully
2026-09-17 17:37:33,558 INFO apscheduler.executors.default: Running job "main.<locals>.run_lts_aus_fast_scan (trigger: interval[0:00:05], next run at: 2026-09-17 17:37:38 +07)" (scheduled at 2026-09-17 17:37:33.553049+07:00)
2026-09-17 17:37:33,559 INFO apscheduler.executors.default: Job "main.<locals>.run_lts_aus_fast_scan (trigger: interval[0:00:05], next run at: 2026-09-17 17:37:38 +07)" executed successfully
2026-09-17 17:37:33,559 INFO apscheduler.executors.default: Running job "main.<locals>.run_trail_sl (trigger: interval[0:00:05], next run at: 2026-09-17 17:37:38 +07)" (scheduled at 2026-09-17 17:37:33.553049+07:00)
2026-09-17 17:37:33,559 INFO apscheduler.executors.default: Job "main.<locals>.run_trail_sl (trigger: interval[0:00:05], next run at: 2026-09-17 17:37:38 +07)" executed successfully
2026-09-17 17:37:33,559 INFO apscheduler.executors.default: Running job "main.<locals>.run_position_check (trigger: interval[0:00:05], next run at: 2026-09-17 17:37:38 +07)" (scheduled at 2026-09-17 17:37:33.554314+07:00)
2026-09-17 17:37:33,566 INFO apscheduler.executors.default: Job "main.<locals>.run_position_check (trigger: interval[0:00:05], next run at: 2026-09-17 17:37:38 +07)" executed successfully
2026-09-17 17:37:34,616 INFO httpx: HTTP Request: POST https://api.telegram.org/bot8742189012:AAEXGnFYIvAR33uaXz4-tx-ywZHjdNFhmgY/getUpdates "HTTP/1.1 200 OK"
2026-09-17 17:37:36,007 INFO apscheduler.executors.default: Running job "main.<locals>.run_scan (trigger: cron[second='1,6,11,16,21,26,31,36,41,46,51,56'], next run at: 2026-09-17 17:37:41 +07)" (scheduled at 2026-09-17 17:37:36+07:00)
2026-09-17 17:37:36,008 INFO apscheduler.executors.default: Job "main.<locals>.run_scan (trigger: cron[second='1,6,11,16,21,26,31,36,41,46,51,56'], next run at: 2026-09-17 17:37:41 +07)" executed successfully
2026-09-17 17:37:38,566 INFO apscheduler.executors.default: Running job "main.<locals>.run_lts_aus_fast_scan (trigger: interval[0:00:05], next run at: 2026-09-17 17:37:43 +07)" (scheduled at 2026-09-17 17:37:38.553049+07:00)
2026-09-17 17:37:38,566 INFO apscheduler.executors.default: Job "main.<locals>.run_lts_aus_fast_scan (trigger: interval[0:00:05], next run at: 2026-09-17 17:37:43 +07)" executed successfully
2026-09-17 17:37:38,567 INFO apscheduler.executors.default: Running job "main.<locals>.run_trail_sl (trigger: interval[0:00:05], next run at: 2026-09-17 17:37:43 +07)" (scheduled at 2026-09-17 17:37:38.553049+07:00)
2026-09-17 17:37:38,567 INFO apscheduler.executors.default: Job "main.<locals>.run_trail_sl (trigger: interval[0:00:05], next run at: 2026-09-17 17:37:43 +07)" executed successfully
2026-09-17 17:37:38,567 INFO apscheduler.executors.default: Running job "main.<locals>.run_position_check (trigger: interval[0:00:05], next run at: 2026-09-17 17:37:43 +07)" (scheduled at 2026-09-17 17:37:38.554314+07:00)
2026-09-17 17:37:38,571 INFO apscheduler.executors.default: Job "main.<locals>.run_position_check (trigger: interval[0:00:05], next run at: 2026-09-17 17:37:43 +07)" executed successfully
2026-09-17 17:37:38,572 INFO apscheduler.executors.default: Running job "main.<locals>.save_bot_state_job (trigger: interval[0:00:15], next run at: 2026-09-17 17:37:53 +07)" (scheduled at 2026-09-17 17:37:38.554314+07:00)
2026-09-17 17:37:38,573 INFO apscheduler.executors.default: Job "main.<locals>.save_bot_state_job (trigger: interval[0:00:15], next run at: 2026-09-17 17:37:53 +07)" executed successfully
2026-09-17 17:37:41,015 INFO apscheduler.executors.default: Running job "main.<locals>.run_scan (trigger: cron[second='1,6,11,16,21,26,31,36,41,46,51,56'], next run at: 2026-09-17 17:37:46 +07)" (scheduled at 2026-09-17 17:37:41+07:00)
2026-09-17 17:37:41,016 INFO apscheduler.executors.default: Job "main.<locals>.run_scan (trigger: cron[second='1,6,11,16,21,26,31,36,41,46,51,56'], next run at: 2026-09-17 17:37:46 +07)" executed successfully
2026-09-17 17:37:42,568 INFO apscheduler.executors.default: Running job "main.<locals>.write_heartbeat_job (trigger: interval[0:00:15], next run at: 2026-09-17 17:37:57 +07)" (scheduled at 2026-09-17 17:37:42.556562+07:00)
2026-09-17 17:37:42,570 INFO apscheduler.executors.default: Job "main.<locals>.write_heartbeat_job (trigger: interval[0:00:15], next run at: 2026-09-17 17:37:57 +07)" executed successfully
2026-09-17 17:37:43,561 INFO apscheduler.executors.default: Running job "main.<locals>.run_lts_aus_fast_scan (trigger: interval[0:00:05], next run at: 2026-09-17 17:37:48 +07)" (scheduled at 2026-09-17 17:37:43.553049+07:00)
2026-09-17 17:37:43,561 INFO apscheduler.executors.default: Job "main.<locals>.run_lts_aus_fast_scan (trigger: interval[0:00:05], next run at: 2026-09-17 17:37:48 +07)" executed successfully
2026-09-17 17:37:43,561 INFO apscheduler.executors.default: Running job "main.<locals>.run_trail_sl (trigger: interval[0:00:05], next run at: 2026-09-17 17:37:48 +07)" (scheduled at 2026-09-17 17:37:43.553049+07:00)
2026-09-17 17:37:43,562 INFO apscheduler.executors.default: Job "main.<locals>.run_trail_sl (trigger: interval[0:00:05], next run at: 2026-09-17 17:37:48 +07)" executed successfully
2026-09-17 17:37:43,562 INFO apscheduler.executors.default: Running job "main.<locals>.run_position_check (trigger: interval[0:00:05], next run at: 2026-09-17 17:37:48 +07)" (scheduled at 2026-09-17 17:37:43.554314+07:00)
2026-09-17 17:37:43,567 INFO apscheduler.executors.default: Job "main.<locals>.run_position_check (trigger: interval[0:00:05], next run at: 2026-09-17 17:37:48 +07)" executed successfully
2026-09-17 17:37:44,808 INFO httpx: HTTP Request: POST https://api.telegram.org/bot8742189012:AAEXGnFYIvAR33uaXz4-tx-ywZHjdNFhmgY/getUpdates "HTTP/1.1 200 OK"
2026-09-17 17:37:46,008 INFO apscheduler.executors.default: Running job "main.<locals>.run_scan (trigger: cron[second='1,6,11,16,21,26,31,36,41,46,51,56'], next run at: 2026-09-17 17:37:51 +07)" (scheduled at 2026-09-17 17:37:46+07:00)
2026-09-17 17:37:46,009 INFO apscheduler.executors.default: Job "main.<locals>.run_scan (trigger: cron[second='1,6,11,16,21,26,31,36,41,46,51,56'], next run at: 2026-09-17 17:37:51 +07)" executed successfully
2026-09-17 17:37:48,557 INFO apscheduler.executors.default: Running job "main.<locals>.run_lts_aus_fast_scan (trigger: interval[0:00:05], next run at: 2026-09-17 17:37:53 +07)" (scheduled at 2026-09-17 17:37:48.553049+07:00)
2026-09-17 17:37:48,557 INFO apscheduler.executors.default: Job "main.<locals>.run_lts_aus_fast_scan (trigger: interval[0:00:05], next run at: 2026-09-17 17:37:53 +07)" executed successfully
2026-09-17 17:37:48,557 INFO apscheduler.executors.default: Running job "main.<locals>.run_trail_sl (trigger: interval[0:00:05], next run at: 2026-09-17 17:37:53 +07)" (scheduled at 2026-09-17 17:37:48.553049+07:00)
2026-09-17 17:37:48,557 INFO apscheduler.executors.default: Job "main.<locals>.run_trail_sl (trigger: interval[0:00:05], next run at: 2026-09-17 17:37:53 +07)" executed successfully
2026-09-17 17:37:48,557 INFO apscheduler.executors.default: Running job "main.<locals>.run_position_check (trigger: interval[0:00:05], next run at: 2026-09-17 17:37:53 +07)" (scheduled at 2026-09-17 17:37:48.554314+07:00)
2026-09-17 17:37:48,561 INFO apscheduler.executors.default: Job "main.<locals>.run_position_check (trigger: interval[0:00:05], next run at: 2026-09-17 17:37:53 +07)" executed successfully
2026-09-17 17:37:51,011 INFO apscheduler.executors.default: Running job "main.<locals>.run_scan (trigger: cron[second='1,6,11,16,21,26,31,36,41,46,51,56'], next run at: 2026-09-17 17:37:56 +07)" (scheduled at 2026-09-17 17:37:51+07:00)
2026-09-17 17:37:51,014 INFO apscheduler.executors.default: Job "main.<locals>.run_scan (trigger: cron[second='1,6,11,16,21,26,31,36,41,46,51,56'], next run at: 2026-09-17 17:37:56 +07)" executed successfully
2026-09-17 17:37:53,560 INFO apscheduler.executors.default: Running job "main.<locals>.run_lts_aus_fast_scan (trigger: interval[0:00:05], next run at: 2026-09-17 17:37:58 +07)" (scheduled at 2026-09-17 17:37:53.553049+07:00)
2026-09-17 17:37:53,560 INFO apscheduler.executors.default: Job "main.<locals>.run_lts_aus_fast_scan (trigger: interval[0:00:05], next run at: 2026-09-17 17:37:58 +07)" executed successfully
2026-09-17 17:37:53,561 INFO apscheduler.executors.default: Running job "main.<locals>.run_trail_sl (trigger: interval[0:00:05], next run at: 2026-09-17 17:37:58 +07)" (scheduled at 2026-09-17 17:37:53.553049+07:00)
2026-09-17 17:37:53,561 INFO apscheduler.executors.default: Job "main.<locals>.run_trail_sl (trigger: interval[0:00:05], next run at: 2026-09-17 17:37:58 +07)" executed successfully
2026-09-17 17:37:53,561 INFO apscheduler.executors.default: Running job "main.<locals>.run_position_check (trigger: interval[0:00:05], next run at: 2026-09-17 17:37:58 +07)" (scheduled at 2026-09-17 17:37:53.554314+07:00)
2026-09-17 17:37:53,565 INFO apscheduler.executors.default: Job "main.<locals>.run_position_check (trigger: interval[0:00:05], next run at: 2026-09-17 17:37:58 +07)" executed successfully
2026-09-17 17:37:53,565 INFO apscheduler.executors.default: Running job "main.<locals>.save_bot_state_job (trigger: interval[0:00:15], next run at: 2026-09-17 17:38:08 +07)" (scheduled at 2026-09-17 17:37:53.554314+07:00)
2026-09-17 17:37:53,567 INFO apscheduler.executors.default: Job "main.<locals>.save_bot_state_job (trigger: interval[0:00:15], next run at: 2026-09-17 17:38:08 +07)" executed successfully
2026-09-17 17:37:55,005 INFO httpx: HTTP Request: POST https://api.telegram.org/bot8742189012:AAEXGnFYIvAR33uaXz4-tx-ywZHjdNFhmgY/getUpdates "HTTP/1.1 200 OK"
2026-09-17 17:37:56,013 INFO apscheduler.executors.default: Running job "main.<locals>.run_scan (trigger: cron[second='1,6,11,16,21,26,31,36,41,46,51,56'], next run at: 2026-09-17 17:38:01 +07)" (scheduled at 2026-09-17 17:37:56+07:00)
2026-09-17 17:37:56,013 INFO apscheduler.executors.default: Job "main.<locals>.run_scan (trigger: cron[second='1,6,11,16,21,26,31,36,41,46,51,56'], next run at: 2026-09-17 17:38:01 +07)" executed successfully
2026-09-17 17:37:57,559 INFO apscheduler.executors.default: Running job "main.<locals>.write_heartbeat_job (trigger: interval[0:00:15], next run at: 2026-09-17 17:38:12 +07)" (scheduled at 2026-09-17 17:37:57.556562+07:00)
2026-09-17 17:37:57,562 INFO apscheduler.executors.default: Job "main.<locals>.write_heartbeat_job (trigger: interval[0:00:15], next run at: 2026-09-17 17:38:12 +07)" executed successfully
2026-09-17 17:37:58,568 INFO apscheduler.executors.default: Running job "main.<locals>.run_lts_aus_fast_scan (trigger: interval[0:00:05], next run at: 2026-09-17 17:38:03 +07)" (scheduled at 2026-09-17 17:37:58.553049+07:00)
2026-09-17 17:37:58,569 INFO apscheduler.executors.default: Job "main.<locals>.run_lts_aus_fast_scan (trigger: interval[0:00:05], next run at: 2026-09-17 17:38:03 +07)" executed successfully
2026-09-17 17:37:58,569 INFO apscheduler.executors.default: Running job "main.<locals>.run_trail_sl (trigger: interval[0:00:05], next run at: 2026-09-17 17:38:03 +07)" (scheduled at 2026-09-17 17:37:58.553049+07:00)
2026-09-17 17:37:58,569 INFO apscheduler.executors.default: Job "main.<locals>.run_trail_sl (trigger: interval[0:00:05], next run at: 2026-09-17 17:38:03 +07)" executed successfully
2026-09-17 17:37:58,569 INFO apscheduler.executors.default: Running job "main.<locals>.run_position_check (trigger: interval[0:00:05], next run at: 2026-09-17 17:38:03 +07)" (scheduled at 2026-09-17 17:37:58.554314+07:00)
2026-09-17 17:37:58,575 INFO apscheduler.executors.default: Job "main.<locals>.run_position_check (trigger: interval[0:00:05], next run at: 2026-09-17 17:38:03 +07)" executed successfully
2026-09-17 17:38:01,007 INFO apscheduler.executors.default: Running job "main.<locals>.run_scan (trigger: cron[second='1,6,11,16,21,26,31,36,41,46,51,56'], next run at: 2026-09-17 17:38:06 +07)" (scheduled at 2026-09-17 17:38:01+07:00)
2026-09-17 17:38:01,008 INFO apscheduler.executors.default: Job "main.<locals>.run_scan (trigger: cron[second='1,6,11,16,21,26,31,36,41,46,51,56'], next run at: 2026-09-17 17:38:06 +07)" executed successfully
2026-09-17 17:38:03,562 INFO apscheduler.executors.default: Running job "main.<locals>.run_lts_aus_fast_scan (trigger: interval[0:00:05], next run at: 2026-09-17 17:38:08 +07)" (scheduled at 2026-09-17 17:38:03.553049+07:00)
2026-09-17 17:38:03,562 INFO apscheduler.executors.default: Job "main.<locals>.run_lts_aus_fast_scan (trigger: interval[0:00:05], next run at: 2026-09-17 17:38:08 +07)" executed successfully
2026-09-17 17:38:03,563 INFO apscheduler.executors.default: Running job "main.<locals>.run_trail_sl (trigger: interval[0:00:05], next run at: 2026-09-17 17:38:08 +07)" (scheduled at 2026-09-17 17:38:03.553049+07:00)
2026-09-17 17:38:03,563 INFO apscheduler.executors.default: Job "main.<locals>.run_trail_sl (trigger: interval[0:00:05], next run at: 2026-09-17 17:38:08 +07)" executed successfully
2026-09-17 17:38:03,563 INFO apscheduler.executors.default: Running job "main.<locals>.run_position_check (trigger: interval[0:00:05], next run at: 2026-09-17 17:38:08 +07)" (scheduled at 2026-09-17 17:38:03.554314+07:00)
2026-09-17 17:38:03,569 INFO apscheduler.executors.default: Job "main.<locals>.run_position_check (trigger: interval[0:00:05], next run at: 2026-09-17 17:38:08 +07)" executed successfully
2026-09-17 17:38:05,199 INFO httpx: HTTP Request: POST https://api.telegram.org/bot8742189012:AAEXGnFYIvAR33uaXz4-tx-ywZHjdNFhmgY/getUpdates "HTTP/1.1 200 OK"
2026-09-17 17:38:06,007 INFO apscheduler.executors.default: Running job "main.<locals>.run_scan (trigger: cron[second='1,6,11,16,21,26,31,36,41,46,51,56'], next run at: 2026-09-17 17:38:11 +07)" (scheduled at 2026-09-17 17:38:06+07:00)
2026-09-17 17:38:06,009 INFO apscheduler.executors.default: Job "main.<locals>.run_scan (trigger: cron[second='1,6,11,16,21,26,31,36,41,46,51,56'], next run at: 2026-09-17 17:38:11 +07)" executed successfully
2026-09-17 17:38:08,567 INFO apscheduler.executors.default: Running job "main.<locals>.run_lts_aus_fast_scan (trigger: interval[0:00:05], next run at: 2026-09-17 17:38:13 +07)" (scheduled at 2026-09-17 17:38:08.553049+07:00)
2026-09-17 17:38:08,567 INFO apscheduler.executors.default: Job "main.<locals>.run_lts_aus_fast_scan (trigger: interval[0:00:05], next run at: 2026-09-17 17:38:13 +07)" executed successfully
2026-09-17 17:38:08,568 INFO apscheduler.executors.default: Running job "main.<locals>.run_trail_sl (trigger: interval[0:00:05], next run at: 2026-09-17 17:38:13 +07)" (scheduled at 2026-09-17 17:38:08.553049+07:00)
2026-09-17 17:38:08,568 INFO apscheduler.executors.default: Job "main.<locals>.run_trail_sl (trigger: interval[0:00:05], next run at: 2026-09-17 17:38:13 +07)" executed successfully
2026-09-17 17:38:08,568 INFO apscheduler.executors.default: Running job "main.<locals>.run_position_check (trigger: interval[0:00:05], next run at: 2026-09-17 17:38:13 +07)" (scheduled at 2026-09-17 17:38:08.554314+07:00)
2026-09-17 17:38:08,577 INFO apscheduler.executors.default: Job "main.<locals>.run_position_check (trigger: interval[0:00:05], next run at: 2026-09-17 17:38:13 +07)" executed successfully
2026-09-17 17:38:08,577 INFO apscheduler.executors.default: Running job "main.<locals>.save_bot_state_job (trigger: interval[0:00:15], next run at: 2026-09-17 17:38:23 +07)" (scheduled at 2026-09-17 17:38:08.554314+07:00)
2026-09-17 17:38:08,579 INFO apscheduler.executors.default: Job "main.<locals>.save_bot_state_job (trigger: interval[0:00:15], next run at: 2026-09-17 17:38:23 +07)" executed successfully
2026-09-17 17:38:11,019 INFO apscheduler.executors.default: Running job "main.<locals>.run_scan (trigger: cron[second='1,6,11,16,21,26,31,36,41,46,51,56'], next run at: 2026-09-17 17:38:16 +07)" (scheduled at 2026-09-17 17:38:11+07:00)
2026-09-17 17:38:11,021 INFO apscheduler.executors.default: Job "main.<locals>.run_scan (trigger: cron[second='1,6,11,16,21,26,31,36,41,46,51,56'], next run at: 2026-09-17 17:38:16 +07)" executed successfully
2026-09-17 17:38:12,562 INFO apscheduler.executors.default: Running job "main.<locals>.write_heartbeat_job (trigger: interval[0:00:15], next run at: 2026-09-17 17:38:27 +07)" (scheduled at 2026-09-17 17:38:12.556562+07:00)
2026-09-17 17:38:12,565 INFO apscheduler.executors.default: Job "main.<locals>.write_heartbeat_job (trigger: interval[0:00:15], next run at: 2026-09-17 17:38:27 +07)" executed successfully
2026-09-17 17:38:13,556 INFO apscheduler.executors.default: Running job "main.<locals>.run_lts_aus_fast_scan (trigger: interval[0:00:05], next run at: 2026-09-17 17:38:18 +07)" (scheduled at 2026-09-17 17:38:13.553049+07:00)
2026-09-17 17:38:13,557 INFO apscheduler.executors.default: Job "main.<locals>.run_lts_aus_fast_scan (trigger: interval[0:00:05], next run at: 2026-09-17 17:38:18 +07)" executed successfully
2026-09-17 17:38:13,557 INFO apscheduler.executors.default: Running job "main.<locals>.run_trail_sl (trigger: interval[0:00:05], next run at: 2026-09-17 17:38:18 +07)" (scheduled at 2026-09-17 17:38:13.553049+07:00)
2026-09-17 17:38:13,558 INFO apscheduler.executors.default: Job "main.<locals>.run_trail_sl (trigger: interval[0:00:05], next run at: 2026-09-17 17:38:18 +07)" executed successfully
2026-09-17 17:38:13,558 INFO apscheduler.executors.default: Running job "main.<locals>.run_position_check (trigger: interval[0:00:05], next run at: 2026-09-17 17:38:18 +07)" (scheduled at 2026-09-17 17:38:13.554314+07:00)
2026-09-17 17:38:13,566 INFO apscheduler.executors.default: Job "main.<locals>.run_position_check (trigger: interval[0:00:05], next run at: 2026-09-17 17:38:18 +07)" executed successfully
2026-09-17 17:38:15,393 INFO httpx: HTTP Request: POST https://api.telegram.org/bot8742189012:AAEXGnFYIvAR33uaXz4-tx-ywZHjdNFhmgY/getUpdates "HTTP/1.1 200 OK"
2026-09-17 17:38:16,006 INFO apscheduler.executors.default: Running job "main.<locals>.run_scan (trigger: cron[second='1,6,11,16,21,26,31,36,41,46,51,56'], next run at: 2026-09-17 17:38:21 +07)" (scheduled at 2026-09-17 17:38:16+07:00)
2026-09-17 17:38:16,007 INFO apscheduler.executors.default: Job "main.<locals>.run_scan (trigger: cron[second='1,6,11,16,21,26,31,36,41,46,51,56'], next run at: 2026-09-17 17:38:21 +07)" executed successfully
2026-09-17 17:38:18,567 INFO apscheduler.executors.default: Running job "main.<locals>.run_lts_aus_fast_scan (trigger: interval[0:00:05], next run at: 2026-09-17 17:38:23 +07)" (scheduled at 2026-09-17 17:38:18.553049+07:00)
2026-09-17 17:38:18,568 INFO apscheduler.executors.default: Job "main.<locals>.run_lts_aus_fast_scan (trigger: interval[0:00:05], next run at: 2026-09-17 17:38:23 +07)" executed successfully
2026-09-17 17:38:18,569 INFO apscheduler.executors.default: Running job "main.<locals>.run_trail_sl (trigger: interval[0:00:05], next run at: 2026-09-17 17:38:23 +07)" (scheduled at 2026-09-17 17:38:18.553049+07:00)
2026-09-17 17:38:18,570 INFO apscheduler.executors.default: Job "main.<locals>.run_trail_sl (trigger: interval[0:00:05], next run at: 2026-09-17 17:38:23 +07)" executed successfully
2026-09-17 17:38:18,570 INFO apscheduler.executors.default: Running job "main.<locals>.run_position_check (trigger: interval[0:00:05], next run at: 2026-09-17 17:38:23 +07)" (scheduled at 2026-09-17 17:38:18.554314+07:00)
2026-09-17 17:38:18,580 INFO apscheduler.executors.default: Job "main.<locals>.run_position_check (trigger: interval[0:00:05], next run at: 2026-09-17 17:38:23 +07)" executed successfully
2026-09-17 17:38:21,006 INFO apscheduler.executors.default: Running job "main.<locals>.run_scan (trigger: cron[second='1,6,11,16,21,26,31,36,41,46,51,56'], next run at: 2026-09-17 17:38:26 +07)" (scheduled at 2026-09-17 17:38:21+07:00)
2026-09-17 17:38:21,008 INFO apscheduler.executors.default: Job "main.<locals>.run_scan (trigger: cron[second='1,6,11,16,21,26,31,36,41,46,51,56'], next run at: 2026-09-17 17:38:26 +07)" executed successfully
2026-09-17 17:38:23,569 INFO apscheduler.executors.default: Running job "main.<locals>.check_symbol_switch (trigger: interval[0:01:00], next run at: 2026-09-17 17:39:23 +07)" (scheduled at 2026-09-17 17:38:23.550053+07:00)
2026-09-17 17:38:23,577 INFO apscheduler.executors.default: Job "main.<locals>.check_symbol_switch (trigger: interval[0:01:00], next run at: 2026-09-17 17:39:23 +07)" executed successfully
2026-09-17 17:38:23,577 INFO apscheduler.executors.default: Running job "main.<locals>.run_lts_aus_fast_scan (trigger: interval[0:00:05], next run at: 2026-09-17 17:38:28 +07)" (scheduled at 2026-09-17 17:38:23.553049+07:00)
2026-09-17 17:38:23,577 INFO apscheduler.executors.default: Job "main.<locals>.run_lts_aus_fast_scan (trigger: interval[0:00:05], next run at: 2026-09-17 17:38:28 +07)" executed successfully
2026-09-17 17:38:23,579 INFO apscheduler.executors.default: Running job "main.<locals>.run_trail_sl (trigger: interval[0:00:05], next run at: 2026-09-17 17:38:28 +07)" (scheduled at 2026-09-17 17:38:23.553049+07:00)
2026-09-17 17:38:23,579 INFO apscheduler.executors.default: Job "main.<locals>.run_trail_sl (trigger: interval[0:00:05], next run at: 2026-09-17 17:38:28 +07)" executed successfully
2026-09-17 17:38:23,579 INFO apscheduler.executors.default: Running job "main.<locals>.run_position_check (trigger: interval[0:00:05], next run at: 2026-09-17 17:38:28 +07)" (scheduled at 2026-09-17 17:38:23.554314+07:00)
2026-09-17 17:38:23,586 INFO apscheduler.executors.default: Job "main.<locals>.run_position_check (trigger: interval[0:00:05], next run at: 2026-09-17 17:38:28 +07)" executed successfully
2026-09-17 17:38:23,587 INFO apscheduler.executors.default: Running job "main.<locals>.save_bot_state_job (trigger: interval[0:00:15], next run at: 2026-09-17 17:38:38 +07)" (scheduled at 2026-09-17 17:38:23.554314+07:00)
2026-09-17 17:38:23,589 INFO apscheduler.executors.default: Job "main.<locals>.save_bot_state_job (trigger: interval[0:00:15], next run at: 2026-09-17 17:38:38 +07)" executed successfully
2026-09-17 17:38:23,590 INFO apscheduler.executors.default: Running job "main.<locals>.run_watchdog (trigger: interval[0:01:00], next run at: 2026-09-17 17:39:23 +07)" (scheduled at 2026-09-17 17:38:23.556562+07:00)
2026-09-17 17:38:23,594 INFO apscheduler.executors.default: Job "main.<locals>.run_watchdog (trigger: interval[0:01:00], next run at: 2026-09-17 17:39:23 +07)" executed successfully
2026-09-17 17:38:25,597 INFO httpx: HTTP Request: POST https://api.telegram.org/bot8742189012:AAEXGnFYIvAR33uaXz4-tx-ywZHjdNFhmgY/getUpdates "HTTP/1.1 200 OK"
2026-09-17 17:38:26,005 INFO apscheduler.executors.default: Running job "main.<locals>.run_scan (trigger: cron[second='1,6,11,16,21,26,31,36,41,46,51,56'], next run at: 2026-09-17 17:38:31 +07)" (scheduled at 2026-09-17 17:38:26+07:00)
2026-09-17 17:38:26,006 INFO apscheduler.executors.default: Job "main.<locals>.run_scan (trigger: cron[second='1,6,11,16,21,26,31,36,41,46,51,56'], next run at: 2026-09-17 17:38:31 +07)" executed successfully
2026-09-17 17:38:27,559 INFO apscheduler.executors.default: Running job "main.<locals>.write_heartbeat_job (trigger: interval[0:00:15], next run at: 2026-09-17 17:38:42 +07)" (scheduled at 2026-09-17 17:38:27.556562+07:00)
2026-09-17 17:38:27,563 INFO apscheduler.executors.default: Job "main.<locals>.write_heartbeat_job (trigger: interval[0:00:15], next run at: 2026-09-17 17:38:42 +07)" executed successfully
2026-09-17 17:38:28,571 INFO apscheduler.executors.default: Running job "main.<locals>.run_lts_aus_fast_scan (trigger: interval[0:00:05], next run at: 2026-09-17 17:38:33 +07)" (scheduled at 2026-09-17 17:38:28.553049+07:00)
2026-09-17 17:38:28,572 INFO apscheduler.executors.default: Job "main.<locals>.run_lts_aus_fast_scan (trigger: interval[0:00:05], next run at: 2026-09-17 17:38:33 +07)" executed successfully
2026-09-17 17:38:28,572 INFO apscheduler.executors.default: Running job "main.<locals>.run_trail_sl (trigger: interval[0:00:05], next run at: 2026-09-17 17:38:33 +07)" (scheduled at 2026-09-17 17:38:28.553049+07:00)
2026-09-17 17:38:28,572 INFO apscheduler.executors.default: Job "main.<locals>.run_trail_sl (trigger: interval[0:00:05], next run at: 2026-09-17 17:38:33 +07)" executed successfully
2026-09-17 17:38:28,573 INFO apscheduler.executors.default: Running job "main.<locals>.run_position_check (trigger: interval[0:00:05], next run at: 2026-09-17 17:38:33 +07)" (scheduled at 2026-09-17 17:38:28.554314+07:00)
2026-09-17 17:38:28,578 INFO apscheduler.executors.default: Job "main.<locals>.run_position_check (trigger: interval[0:00:05], next run at: 2026-09-17 17:38:33 +07)" executed successfully
2026-09-17 17:38:31,015 INFO apscheduler.executors.default: Running job "main.<locals>.run_scan (trigger: cron[second='1,6,11,16,21,26,31,36,41,46,51,56'], next run at: 2026-09-17 17:38:36 +07)" (scheduled at 2026-09-17 17:38:31+07:00)
2026-09-17 17:38:31,016 INFO apscheduler.executors.default: Job "main.<locals>.run_scan (trigger: cron[second='1,6,11,16,21,26,31,36,41,46,51,56'], next run at: 2026-09-17 17:38:36 +07)" executed successfully
2026-09-17 17:38:33,570 INFO apscheduler.executors.default: Running job "main.<locals>.run_lts_aus_fast_scan (trigger: interval[0:00:05], next run at: 2026-09-17 17:38:38 +07)" (scheduled at 2026-09-17 17:38:33.553049+07:00)
2026-09-17 17:38:33,578 INFO apscheduler.executors.default: Job "main.<locals>.run_lts_aus_fast_scan (trigger: interval[0:00:05], next run at: 2026-09-17 17:38:38 +07)" executed successfully
2026-09-17 17:38:33,586 INFO apscheduler.executors.default: Running job "main.<locals>.run_trail_sl (trigger: interval[0:00:05], next run at: 2026-09-17 17:38:38 +07)" (scheduled at 2026-09-17 17:38:33.553049+07:00)
2026-09-17 17:38:33,586 INFO apscheduler.executors.default: Job "main.<locals>.run_trail_sl (trigger: interval[0:00:05], next run at: 2026-09-17 17:38:38 +07)" executed successfully
2026-09-17 17:38:33,587 INFO apscheduler.executors.default: Running job "main.<locals>.run_position_check (trigger: interval[0:00:05], next run at: 2026-09-17 17:38:38 +07)" (scheduled at 2026-09-17 17:38:33.554314+07:00)
2026-09-17 17:38:33,609 INFO apscheduler.executors.default: Job "main.<locals>.run_position_check (trigger: interval[0:00:05], next run at: 2026-09-17 17:38:38 +07)" executed successfully
2026-09-17 17:38:35,792 INFO httpx: HTTP Request: POST https://api.telegram.org/bot8742189012:AAEXGnFYIvAR33uaXz4-tx-ywZHjdNFhmgY/getUpdates "HTTP/1.1 200 OK"
2026-09-17 17:38:36,015 INFO apscheduler.executors.default: Running job "main.<locals>.run_scan (trigger: cron[second='1,6,11,16,21,26,31,36,41,46,51,56'], next run at: 2026-09-17 17:38:41 +07)" (scheduled at 2026-09-17 17:38:36+07:00)
2026-09-17 17:38:36,017 INFO apscheduler.executors.default: Job "main.<locals>.run_scan (trigger: cron[second='1,6,11,16,21,26,31,36,41,46,51,56'], next run at: 2026-09-17 17:38:41 +07)" executed successfully
2026-09-17 17:38:38,566 INFO apscheduler.executors.default: Running job "main.<locals>.run_lts_aus_fast_scan (trigger: interval[0:00:05], next run at: 2026-09-17 17:38:43 +07)" (scheduled at 2026-09-17 17:38:38.553049+07:00)
2026-09-17 17:38:38,567 INFO apscheduler.executors.default: Job "main.<locals>.run_lts_aus_fast_scan (trigger: interval[0:00:05], next run at: 2026-09-17 17:38:43 +07)" executed successfully
2026-09-17 17:38:38,567 INFO apscheduler.executors.default: Running job "main.<locals>.run_trail_sl (trigger: interval[0:00:05], next run at: 2026-09-17 17:38:43 +07)" (scheduled at 2026-09-17 17:38:38.553049+07:00)
2026-09-17 17:38:38,568 INFO apscheduler.executors.default: Job "main.<locals>.run_trail_sl (trigger: interval[0:00:05], next run at: 2026-09-17 17:38:43 +07)" executed successfully
2026-09-17 17:38:38,568 INFO apscheduler.executors.default: Running job "main.<locals>.run_position_check (trigger: interval[0:00:05], next run at: 2026-09-17 17:38:43 +07)" (scheduled at 2026-09-17 17:38:38.554314+07:00)
2026-09-17 17:38:38,577 INFO apscheduler.executors.default: Job "main.<locals>.run_position_check (trigger: interval[0:00:05], next run at: 2026-09-17 17:38:43 +07)" executed successfully
2026-09-17 17:38:38,577 INFO apscheduler.executors.default: Running job "main.<locals>.save_bot_state_job (trigger: interval[0:00:15], next run at: 2026-09-17 17:38:53 +07)" (scheduled at 2026-09-17 17:38:38.554314+07:00)
2026-09-17 17:38:38,580 INFO apscheduler.executors.default: Job "main.<locals>.save_bot_state_job (trigger: interval[0:00:15], next run at: 2026-09-17 17:38:53 +07)" executed successfully
2026-09-17 17:38:41,010 INFO apscheduler.executors.default: Running job "main.<locals>.run_scan (trigger: cron[second='1,6,11,16,21,26,31,36,41,46,51,56'], next run at: 2026-09-17 17:38:46 +07)" (scheduled at 2026-09-17 17:38:41+07:00)
2026-09-17 17:38:41,011 INFO apscheduler.executors.default: Job "main.<locals>.run_scan (trigger: cron[second='1,6,11,16,21,26,31,36,41,46,51,56'], next run at: 2026-09-17 17:38:46 +07)" executed successfully
2026-09-17 17:38:42,558 INFO apscheduler.executors.default: Running job "main.<locals>.write_heartbeat_job (trigger: interval[0:00:15], next run at: 2026-09-17 17:38:57 +07)" (scheduled at 2026-09-17 17:38:42.556562+07:00)
2026-09-17 17:38:42,561 INFO apscheduler.executors.default: Job "main.<locals>.write_heartbeat_job (trigger: interval[0:00:15], next run at: 2026-09-17 17:38:57 +07)" executed successfully
2026-09-17 17:38:43,566 INFO apscheduler.executors.default: Running job "main.<locals>.run_lts_aus_fast_scan (trigger: interval[0:00:05], next run at: 2026-09-17 17:38:48 +07)" (scheduled at 2026-09-17 17:38:43.553049+07:00)
2026-09-17 17:38:43,567 INFO apscheduler.executors.default: Job "main.<locals>.run_lts_aus_fast_scan (trigger: interval[0:00:05], next run at: 2026-09-17 17:38:48 +07)" executed successfully
2026-09-17 17:38:43,567 INFO apscheduler.executors.default: Running job "main.<locals>.run_trail_sl (trigger: interval[0:00:05], next run at: 2026-09-17 17:38:48 +07)" (scheduled at 2026-09-17 17:38:43.553049+07:00)
2026-09-17 17:38:43,567 INFO apscheduler.executors.default: Job "main.<locals>.run_trail_sl (trigger: interval[0:00:05], next run at: 2026-09-17 17:38:48 +07)" executed successfully
2026-09-17 17:38:43,568 INFO apscheduler.executors.default: Running job "main.<locals>.run_position_check (trigger: interval[0:00:05], next run at: 2026-09-17 17:38:48 +07)" (scheduled at 2026-09-17 17:38:43.554314+07:00)
2026-09-17 17:38:43,574 INFO apscheduler.executors.default: Job "main.<locals>.run_position_check (trigger: interval[0:00:05], next run at: 2026-09-17 17:38:48 +07)" executed successfully
2026-09-17 17:38:45,997 INFO httpx: HTTP Request: POST https://api.telegram.org/bot8742189012:AAEXGnFYIvAR33uaXz4-tx-ywZHjdNFhmgY/getUpdates "HTTP/1.1 200 OK"
2026-09-17 17:38:46,008 INFO apscheduler.executors.default: Running job "main.<locals>.run_scan (trigger: cron[second='1,6,11,16,21,26,31,36,41,46,51,56'], next run at: 2026-09-17 17:38:51 +07)" (scheduled at 2026-09-17 17:38:46+07:00)
2026-09-17 17:38:46,009 INFO apscheduler.executors.default: Job "main.<locals>.run_scan (trigger: cron[second='1,6,11,16,21,26,31,36,41,46,51,56'], next run at: 2026-09-17 17:38:51 +07)" executed successfully
2026-09-17 17:38:48,559 INFO apscheduler.executors.default: Running job "main.<locals>.run_lts_aus_fast_scan (trigger: interval[0:00:05], next run at: 2026-09-17 17:38:53 +07)" (scheduled at 2026-09-17 17:38:48.553049+07:00)
2026-09-17 17:38:48,559 INFO apscheduler.executors.default: Job "main.<locals>.run_lts_aus_fast_scan (trigger: interval[0:00:05], next run at: 2026-09-17 17:38:53 +07)" executed successfully
2026-09-17 17:38:48,559 INFO apscheduler.executors.default: Running job "main.<locals>.run_trail_sl (trigger: interval[0:00:05], next run at: 2026-09-17 17:38:53 +07)" (scheduled at 2026-09-17 17:38:48.553049+07:00)
2026-09-17 17:38:48,559 INFO apscheduler.executors.default: Job "main.<locals>.run_trail_sl (trigger: interval[0:00:05], next run at: 2026-09-17 17:38:53 +07)" executed successfully
2026-09-17 17:38:48,560 INFO apscheduler.executors.default: Running job "main.<locals>.run_position_check (trigger: interval[0:00:05], next run at: 2026-09-17 17:38:53 +07)" (scheduled at 2026-09-17 17:38:48.554314+07:00)
2026-09-17 17:38:48,566 INFO apscheduler.executors.default: Job "main.<locals>.run_position_check (trigger: interval[0:00:05], next run at: 2026-09-17 17:38:53 +07)" executed successfully
2026-09-17 17:38:51,001 INFO apscheduler.executors.default: Running job "main.<locals>.run_scan (trigger: cron[second='1,6,11,16,21,26,31,36,41,46,51,56'], next run at: 2026-09-17 17:38:56 +07)" (scheduled at 2026-09-17 17:38:51+07:00)
2026-09-17 17:38:51,003 INFO apscheduler.executors.default: Job "main.<locals>.run_scan (trigger: cron[second='1,6,11,16,21,26,31,36,41,46,51,56'], next run at: 2026-09-17 17:38:56 +07)" executed successfully
2026-09-17 17:38:53,561 INFO apscheduler.executors.default: Running job "main.<locals>.run_lts_aus_fast_scan (trigger: interval[0:00:05], next run at: 2026-09-17 17:38:58 +07)" (scheduled at 2026-09-17 17:38:53.553049+07:00)
2026-09-17 17:38:53,562 INFO apscheduler.executors.default: Job "main.<locals>.run_lts_aus_fast_scan (trigger: interval[0:00:05], next run at: 2026-09-17 17:38:58 +07)" executed successfully
2026-09-17 17:38:53,562 INFO apscheduler.executors.default: Running job "main.<locals>.run_trail_sl (trigger: interval[0:00:05], next run at: 2026-09-17 17:38:58 +07)" (scheduled at 2026-09-17 17:38:53.553049+07:00)
2026-09-17 17:38:53,562 INFO apscheduler.executors.default: Job "main.<locals>.run_trail_sl (trigger: interval[0:00:05], next run at: 2026-09-17 17:38:58 +07)" executed successfully
2026-09-17 17:38:53,563 INFO apscheduler.executors.default: Running job "main.<locals>.run_position_check (trigger: interval[0:00:05], next run at: 2026-09-17 17:38:58 +07)" (scheduled at 2026-09-17 17:38:53.554314+07:00)
2026-09-17 17:38:53,569 INFO apscheduler.executors.default: Job "main.<locals>.run_position_check (trigger: interval[0:00:05], next run at: 2026-09-17 17:38:58 +07)" executed successfully
2026-09-17 17:38:53,570 INFO apscheduler.executors.default: Running job "main.<locals>.save_bot_state_job (trigger: interval[0:00:15], next run at: 2026-09-17 17:39:08 +07)" (scheduled at 2026-09-17 17:38:53.554314+07:00)
2026-09-17 17:38:53,573 INFO apscheduler.executors.default: Job "main.<locals>.save_bot_state_job (trigger: interval[0:00:15], next run at: 2026-09-17 17:39:08 +07)" executed successfully
2026-09-17 17:38:56,011 INFO apscheduler.executors.default: Running job "main.<locals>.run_scan (trigger: cron[second='1,6,11,16,21,26,31,36,41,46,51,56'], next run at: 2026-09-17 17:39:01 +07)" (scheduled at 2026-09-17 17:38:56+07:00)
2026-09-17 17:38:56,011 INFO apscheduler.executors.default: Job "main.<locals>.run_scan (trigger: cron[second='1,6,11,16,21,26,31,36,41,46,51,56'], next run at: 2026-09-17 17:39:01 +07)" executed successfully
2026-09-17 17:38:56,213 INFO httpx: HTTP Request: POST https://api.telegram.org/bot8742189012:AAEXGnFYIvAR33uaXz4-tx-ywZHjdNFhmgY/getUpdates "HTTP/1.1 200 OK"
2026-09-17 17:38:57,566 INFO apscheduler.executors.default: Running job "main.<locals>.write_heartbeat_job (trigger: interval[0:00:15], next run at: 2026-09-17 17:39:12 +07)" (scheduled at 2026-09-17 17:38:57.556562+07:00)
2026-09-17 17:38:57,570 INFO apscheduler.executors.default: Job "main.<locals>.write_heartbeat_job (trigger: interval[0:00:15], next run at: 2026-09-17 17:39:12 +07)" executed successfully
2026-09-17 17:38:58,564 INFO apscheduler.executors.default: Running job "main.<locals>.run_lts_aus_fast_scan (trigger: interval[0:00:05], next run at: 2026-09-17 17:39:03 +07)" (scheduled at 2026-09-17 17:38:58.553049+07:00)
2026-09-17 17:38:58,566 INFO apscheduler.executors.default: Job "main.<locals>.run_lts_aus_fast_scan (trigger: interval[0:00:05], next run at: 2026-09-17 17:39:03 +07)" executed successfully
2026-09-17 17:38:58,566 INFO apscheduler.executors.default: Running job "main.<locals>.run_trail_sl (trigger: interval[0:00:05], next run at: 2026-09-17 17:39:03 +07)" (scheduled at 2026-09-17 17:38:58.553049+07:00)
2026-09-17 17:38:58,566 INFO apscheduler.executors.default: Job "main.<locals>.run_trail_sl (trigger: interval[0:00:05], next run at: 2026-09-17 17:39:03 +07)" executed successfully
2026-09-17 17:38:58,567 INFO apscheduler.executors.default: Running job "main.<locals>.run_position_check (trigger: interval[0:00:05], next run at: 2026-09-17 17:39:03 +07)" (scheduled at 2026-09-17 17:38:58.554314+07:00)
2026-09-17 17:38:58,580 INFO apscheduler.executors.default: Job "main.<locals>.run_position_check (trigger: interval[0:00:05], next run at: 2026-09-17 17:39:03 +07)" executed successfully
2026-09-17 17:39:01,002 INFO apscheduler.executors.default: Running job "main.<locals>.run_scan (trigger: cron[second='1,6,11,16,21,26,31,36,41,46,51,56'], next run at: 2026-09-17 17:39:06 +07)" (scheduled at 2026-09-17 17:39:01+07:00)
2026-09-17 17:39:01,002 INFO apscheduler.executors.default: Job "main.<locals>.run_scan (trigger: cron[second='1,6,11,16,21,26,31,36,41,46,51,56'], next run at: 2026-09-17 17:39:06 +07)" executed successfully
2026-09-17 17:39:03,563 INFO apscheduler.executors.default: Running job "main.<locals>.run_lts_aus_fast_scan (trigger: interval[0:00:05], next run at: 2026-09-17 17:39:08 +07)" (scheduled at 2026-09-17 17:39:03.553049+07:00)
2026-09-17 17:39:03,563 INFO apscheduler.executors.default: Job "main.<locals>.run_lts_aus_fast_scan (trigger: interval[0:00:05], next run at: 2026-09-17 17:39:08 +07)" executed successfully
2026-09-17 17:39:03,563 INFO apscheduler.executors.default: Running job "main.<locals>.run_trail_sl (trigger: interval[0:00:05], next run at: 2026-09-17 17:39:08 +07)" (scheduled at 2026-09-17 17:39:03.553049+07:00)
2026-09-17 17:39:03,564 INFO apscheduler.executors.default: Job "main.<locals>.run_trail_sl (trigger: interval[0:00:05], next run at: 2026-09-17 17:39:08 +07)" executed successfully
2026-09-17 17:39:03,565 INFO apscheduler.executors.default: Running job "main.<locals>.run_position_check (trigger: interval[0:00:05], next run at: 2026-09-17 17:39:08 +07)" (scheduled at 2026-09-17 17:39:03.554314+07:00)
2026-09-17 17:39:03,569 INFO apscheduler.executors.default: Job "main.<locals>.run_position_check (trigger: interval[0:00:05], next run at: 2026-09-17 17:39:08 +07)" executed successfully
2026-09-17 17:39:06,008 INFO apscheduler.executors.default: Running job "main.<locals>.run_scan (trigger: cron[second='1,6,11,16,21,26,31,36,41,46,51,56'], next run at: 2026-09-17 17:39:11 +07)" (scheduled at 2026-09-17 17:39:06+07:00)
2026-09-17 17:39:06,010 INFO apscheduler.executors.default: Job "main.<locals>.run_scan (trigger: cron[second='1,6,11,16,21,26,31,36,41,46,51,56'], next run at: 2026-09-17 17:39:11 +07)" executed successfully
2026-09-17 17:39:06,417 INFO httpx: HTTP Request: POST https://api.telegram.org/bot8742189012:AAEXGnFYIvAR33uaXz4-tx-ywZHjdNFhmgY/getUpdates "HTTP/1.1 200 OK"
2026-09-17 17:39:08,566 INFO apscheduler.executors.default: Running job "main.<locals>.run_lts_aus_fast_scan (trigger: interval[0:00:05], next run at: 2026-09-17 17:39:13 +07)" (scheduled at 2026-09-17 17:39:08.553049+07:00)
2026-09-17 17:39:08,566 INFO apscheduler.executors.default: Job "main.<locals>.run_lts_aus_fast_scan (trigger: interval[0:00:05], next run at: 2026-09-17 17:39:13 +07)" executed successfully
2026-09-17 17:39:08,566 INFO apscheduler.executors.default: Running job "main.<locals>.run_trail_sl (trigger: interval[0:00:05], next run at: 2026-09-17 17:39:13 +07)" (scheduled at 2026-09-17 17:39:08.553049+07:00)
2026-09-17 17:39:08,570 INFO apscheduler.executors.default: Job "main.<locals>.run_trail_sl (trigger: interval[0:00:05], next run at: 2026-09-17 17:39:13 +07)" executed successfully
2026-09-17 17:39:08,570 INFO apscheduler.executors.default: Running job "main.<locals>.run_position_check (trigger: interval[0:00:05], next run at: 2026-09-17 17:39:13 +07)" (scheduled at 2026-09-17 17:39:08.554314+07:00)
2026-09-17 17:39:08,579 INFO apscheduler.executors.default: Job "main.<locals>.run_position_check (trigger: interval[0:00:05], next run at: 2026-09-17 17:39:13 +07)" executed successfully
2026-09-17 17:39:08,580 INFO apscheduler.executors.default: Running job "main.<locals>.save_bot_state_job (trigger: interval[0:00:15], next run at: 2026-09-17 17:39:23 +07)" (scheduled at 2026-09-17 17:39:08.554314+07:00)
2026-09-17 17:39:08,583 INFO apscheduler.executors.default: Job "main.<locals>.save_bot_state_job (trigger: interval[0:00:15], next run at: 2026-09-17 17:39:23 +07)" executed successfully
2026-09-17 17:39:11,016 INFO apscheduler.executors.default: Running job "main.<locals>.run_scan (trigger: cron[second='1,6,11,16,21,26,31,36,41,46,51,56'], next run at: 2026-09-17 17:39:16 +07)" (scheduled at 2026-09-17 17:39:11+07:00)
2026-09-17 17:39:11,017 INFO apscheduler.executors.default: Job "main.<locals>.run_scan (trigger: cron[second='1,6,11,16,21,26,31,36,41,46,51,56'], next run at: 2026-09-17 17:39:16 +07)" executed successfully
2026-09-17 17:39:12,570 INFO apscheduler.executors.default: Running job "main.<locals>.write_heartbeat_job (trigger: interval[0:00:15], next run at: 2026-09-17 17:39:27 +07)" (scheduled at 2026-09-17 17:39:12.556562+07:00)
2026-09-17 17:39:12,574 INFO apscheduler.executors.default: Job "main.<locals>.write_heartbeat_job (trigger: interval[0:00:15], next run at: 2026-09-17 17:39:27 +07)" executed successfully
2026-09-17 17:39:13,564 INFO apscheduler.executors.default: Running job "main.<locals>.run_lts_aus_fast_scan (trigger: interval[0:00:05], next run at: 2026-09-17 17:39:18 +07)" (scheduled at 2026-09-17 17:39:13.553049+07:00)
2026-09-17 17:39:13,565 INFO apscheduler.executors.default: Job "main.<locals>.run_lts_aus_fast_scan (trigger: interval[0:00:05], next run at: 2026-09-17 17:39:18 +07)" executed successfully
2026-09-17 17:39:13,566 INFO apscheduler.executors.default: Running job "main.<locals>.run_trail_sl (trigger: interval[0:00:05], next run at: 2026-09-17 17:39:18 +07)" (scheduled at 2026-09-17 17:39:13.553049+07:00)
2026-09-17 17:39:13,566 INFO apscheduler.executors.default: Job "main.<locals>.run_trail_sl (trigger: interval[0:00:05], next run at: 2026-09-17 17:39:18 +07)" executed successfully
2026-09-17 17:39:13,566 INFO apscheduler.executors.default: Running job "main.<locals>.run_position_check (trigger: interval[0:00:05], next run at: 2026-09-17 17:39:18 +07)" (scheduled at 2026-09-17 17:39:13.554314+07:00)
2026-09-17 17:39:13,574 INFO apscheduler.executors.default: Job "main.<locals>.run_position_check (trigger: interval[0:00:05], next run at: 2026-09-17 17:39:18 +07)" executed successfully
2026-09-17 17:39:16,017 INFO apscheduler.executors.default: Running job "main.<locals>.run_scan (trigger: cron[second='1,6,11,16,21,26,31,36,41,46,51,56'], next run at: 2026-09-17 17:39:21 +07)" (scheduled at 2026-09-17 17:39:16+07:00)
2026-09-17 17:39:16,017 INFO apscheduler.executors.default: Job "main.<locals>.run_scan (trigger: cron[second='1,6,11,16,21,26,31,36,41,46,51,56'], next run at: 2026-09-17 17:39:21 +07)" executed successfully
2026-09-17 17:39:16,611 INFO httpx: HTTP Request: POST https://api.telegram.org/bot8742189012:AAEXGnFYIvAR33uaXz4-tx-ywZHjdNFhmgY/getUpdates "HTTP/1.1 200 OK"
2026-09-17 17:39:18,567 INFO apscheduler.executors.default: Running job "main.<locals>.run_lts_aus_fast_scan (trigger: interval[0:00:05], next run at: 2026-09-17 17:39:23 +07)" (scheduled at 2026-09-17 17:39:18.553049+07:00)
2026-09-17 17:39:18,568 INFO apscheduler.executors.default: Job "main.<locals>.run_lts_aus_fast_scan (trigger: interval[0:00:05], next run at: 2026-09-17 17:39:23 +07)" executed successfully
2026-09-17 17:39:18,568 INFO apscheduler.executors.default: Running job "main.<locals>.run_trail_sl (trigger: interval[0:00:05], next run at: 2026-09-17 17:39:23 +07)" (scheduled at 2026-09-17 17:39:18.553049+07:00)
2026-09-17 17:39:18,568 INFO apscheduler.executors.default: Job "main.<locals>.run_trail_sl (trigger: interval[0:00:05], next run at: 2026-09-17 17:39:23 +07)" executed successfully
2026-09-17 17:39:18,568 INFO apscheduler.executors.default: Running job "main.<locals>.run_position_check (trigger: interval[0:00:05], next run at: 2026-09-17 17:39:23 +07)" (scheduled at 2026-09-17 17:39:18.554314+07:00)
2026-09-17 17:39:18,579 INFO apscheduler.executors.default: Job "main.<locals>.run_position_check (trigger: interval[0:00:05], next run at: 2026-09-17 17:39:23 +07)" executed successfully
2026-09-17 17:39:21,036 INFO apscheduler.executors.default: Running job "main.<locals>.run_scan (trigger: cron[second='1,6,11,16,21,26,31,36,41,46,51,56'], next run at: 2026-09-17 17:39:26 +07)" (scheduled at 2026-09-17 17:39:21+07:00)
2026-09-17 17:39:21,038 INFO apscheduler.executors.default: Job "main.<locals>.run_scan (trigger: cron[second='1,6,11,16,21,26,31,36,41,46,51,56'], next run at: 2026-09-17 17:39:26 +07)" executed successfully
2026-09-17 17:39:23,561 INFO apscheduler.executors.default: Running job "main.<locals>.check_symbol_switch (trigger: interval[0:01:00], next run at: 2026-09-17 17:40:23 +07)" (scheduled at 2026-09-17 17:39:23.550053+07:00)
2026-09-17 17:39:23,569 INFO apscheduler.executors.default: Job "main.<locals>.check_symbol_switch (trigger: interval[0:01:00], next run at: 2026-09-17 17:40:23 +07)" executed successfully
2026-09-17 17:39:23,569 INFO apscheduler.executors.default: Running job "main.<locals>.run_lts_aus_fast_scan (trigger: interval[0:00:05], next run at: 2026-09-17 17:39:28 +07)" (scheduled at 2026-09-17 17:39:23.553049+07:00)
2026-09-17 17:39:23,569 INFO apscheduler.executors.default: Job "main.<locals>.run_lts_aus_fast_scan (trigger: interval[0:00:05], next run at: 2026-09-17 17:39:28 +07)" executed successfully
2026-09-17 17:39:23,569 INFO apscheduler.executors.default: Running job "main.<locals>.run_trail_sl (trigger: interval[0:00:05], next run at: 2026-09-17 17:39:28 +07)" (scheduled at 2026-09-17 17:39:23.553049+07:00)
2026-09-17 17:39:23,569 INFO apscheduler.executors.default: Job "main.<locals>.run_trail_sl (trigger: interval[0:00:05], next run at: 2026-09-17 17:39:28 +07)" executed successfully
2026-09-17 17:39:23,571 INFO apscheduler.executors.default: Running job "main.<locals>.run_position_check (trigger: interval[0:00:05], next run at: 2026-09-17 17:39:28 +07)" (scheduled at 2026-09-17 17:39:23.554314+07:00)
2026-09-17 17:39:23,576 INFO apscheduler.executors.default: Job "main.<locals>.run_position_check (trigger: interval[0:00:05], next run at: 2026-09-17 17:39:28 +07)" executed successfully
2026-09-17 17:39:23,576 INFO apscheduler.executors.default: Running job "main.<locals>.save_bot_state_job (trigger: interval[0:00:15], next run at: 2026-09-17 17:39:38 +07)" (scheduled at 2026-09-17 17:39:23.554314+07:00)
2026-09-17 17:39:23,580 INFO apscheduler.executors.default: Job "main.<locals>.save_bot_state_job (trigger: interval[0:00:15], next run at: 2026-09-17 17:39:38 +07)" executed successfully
2026-09-17 17:39:23,581 INFO apscheduler.executors.default: Running job "main.<locals>.run_watchdog (trigger: interval[0:01:00], next run at: 2026-09-17 17:40:23 +07)" (scheduled at 2026-09-17 17:39:23.556562+07:00)
2026-09-17 17:39:23,585 INFO apscheduler.executors.default: Job "main.<locals>.run_watchdog (trigger: interval[0:01:00], next run at: 2026-09-17 17:40:23 +07)" executed successfully
2026-09-17 17:39:26,003 INFO apscheduler.executors.default: Running job "main.<locals>.run_scan (trigger: cron[second='1,6,11,16,21,26,31,36,41,46,51,56'], next run at: 2026-09-17 17:39:31 +07)" (scheduled at 2026-09-17 17:39:26+07:00)
2026-09-17 17:39:26,003 INFO apscheduler.executors.default: Job "main.<locals>.run_scan (trigger: cron[second='1,6,11,16,21,26,31,36,41,46,51,56'], next run at: 2026-09-17 17:39:31 +07)" executed successfully
2026-09-17 17:39:26,817 INFO httpx: HTTP Request: POST https://api.telegram.org/bot8742189012:AAEXGnFYIvAR33uaXz4-tx-ywZHjdNFhmgY/getUpdates "HTTP/1.1 200 OK"
2026-09-17 17:39:27,566 INFO apscheduler.executors.default: Running job "main.<locals>.write_heartbeat_job (trigger: interval[0:00:15], next run at: 2026-09-17 17:39:42 +07)" (scheduled at 2026-09-17 17:39:27.556562+07:00)
2026-09-17 17:39:27,569 INFO apscheduler.executors.default: Job "main.<locals>.write_heartbeat_job (trigger: interval[0:00:15], next run at: 2026-09-17 17:39:42 +07)" executed successfully
2026-09-17 17:39:28,563 INFO apscheduler.executors.default: Running job "main.<locals>.run_lts_aus_fast_scan (trigger: interval[0:00:05], next run at: 2026-09-17 17:39:33 +07)" (scheduled at 2026-09-17 17:39:28.553049+07:00)
2026-09-17 17:39:28,564 INFO apscheduler.executors.default: Job "main.<locals>.run_lts_aus_fast_scan (trigger: interval[0:00:05], next run at: 2026-09-17 17:39:33 +07)" executed successfully
2026-09-17 17:39:28,564 INFO apscheduler.executors.default: Running job "main.<locals>.run_trail_sl (trigger: interval[0:00:05], next run at: 2026-09-17 17:39:33 +07)" (scheduled at 2026-09-17 17:39:28.553049+07:00)
2026-09-17 17:39:28,564 INFO apscheduler.executors.default: Job "main.<locals>.run_trail_sl (trigger: interval[0:00:05], next run at: 2026-09-17 17:39:33 +07)" executed successfully
2026-09-17 17:39:28,564 INFO apscheduler.executors.default: Running job "main.<locals>.run_position_check (trigger: interval[0:00:05], next run at: 2026-09-17 17:39:33 +07)" (scheduled at 2026-09-17 17:39:28.554314+07:00)
2026-09-17 17:39:28,572 INFO apscheduler.executors.default: Job "main.<locals>.run_position_check (trigger: interval[0:00:05], next run at: 2026-09-17 17:39:33 +07)" executed successfully
2026-09-17 17:39:31,005 INFO apscheduler.executors.default: Running job "main.<locals>.run_scan (trigger: cron[second='1,6,11,16,21,26,31,36,41,46,51,56'], next run at: 2026-09-17 17:39:36 +07)" (scheduled at 2026-09-17 17:39:31+07:00)
2026-09-17 17:39:31,006 INFO apscheduler.executors.default: Job "main.<locals>.run_scan (trigger: cron[second='1,6,11,16,21,26,31,36,41,46,51,56'], next run at: 2026-09-17 17:39:36 +07)" executed successfully
2026-09-17 17:39:33,554 INFO apscheduler.executors.default: Running job "main.<locals>.run_lts_aus_fast_scan (trigger: interval[0:00:05], next run at: 2026-09-17 17:39:38 +07)" (scheduled at 2026-09-17 17:39:33.553049+07:00)
2026-09-17 17:39:33,554 INFO apscheduler.executors.default: Job "main.<locals>.run_lts_aus_fast_scan (trigger: interval[0:00:05], next run at: 2026-09-17 17:39:38 +07)" executed successfully
2026-09-17 17:39:33,555 INFO apscheduler.executors.default: Running job "main.<locals>.run_trail_sl (trigger: interval[0:00:05], next run at: 2026-09-17 17:39:38 +07)" (scheduled at 2026-09-17 17:39:33.553049+07:00)
2026-09-17 17:39:33,555 INFO apscheduler.executors.default: Job "main.<locals>.run_trail_sl (trigger: interval[0:00:05], next run at: 2026-09-17 17:39:38 +07)" executed successfully
2026-09-17 17:39:33,555 INFO apscheduler.executors.default: Running job "main.<locals>.run_position_check (trigger: interval[0:00:05], next run at: 2026-09-17 17:39:38 +07)" (scheduled at 2026-09-17 17:39:33.554314+07:00)
2026-09-17 17:39:33,562 INFO apscheduler.executors.default: Job "main.<locals>.run_position_check (trigger: interval[0:00:05], next run at: 2026-09-17 17:39:38 +07)" executed successfully
2026-09-17 17:39:36,012 INFO apscheduler.executors.default: Running job "main.<locals>.run_scan (trigger: cron[second='1,6,11,16,21,26,31,36,41,46,51,56'], next run at: 2026-09-17 17:39:41 +07)" (scheduled at 2026-09-17 17:39:36+07:00)
2026-09-17 17:39:36,012 INFO apscheduler.executors.default: Job "main.<locals>.run_scan (trigger: cron[second='1,6,11,16,21,26,31,36,41,46,51,56'], next run at: 2026-09-17 17:39:41 +07)" executed successfully
2026-09-17 17:39:37,022 INFO httpx: HTTP Request: POST https://api.telegram.org/bot8742189012:AAEXGnFYIvAR33uaXz4-tx-ywZHjdNFhmgY/getUpdates "HTTP/1.1 200 OK"
2026-09-17 17:39:38,561 INFO apscheduler.executors.default: Running job "main.<locals>.run_lts_aus_fast_scan (trigger: interval[0:00:05], next run at: 2026-09-17 17:39:43 +07)" (scheduled at 2026-09-17 17:39:38.553049+07:00)
2026-09-17 17:39:38,562 INFO apscheduler.executors.default: Job "main.<locals>.run_lts_aus_fast_scan (trigger: interval[0:00:05], next run at: 2026-09-17 17:39:43 +07)" executed successfully
2026-09-17 17:39:38,562 INFO apscheduler.executors.default: Running job "main.<locals>.run_trail_sl (trigger: interval[0:00:05], next run at: 2026-09-17 17:39:43 +07)" (scheduled at 2026-09-17 17:39:38.553049+07:00)
2026-09-17 17:39:38,562 INFO apscheduler.executors.default: Job "main.<locals>.run_trail_sl (trigger: interval[0:00:05], next run at: 2026-09-17 17:39:43 +07)" executed successfully
2026-09-17 17:39:38,563 INFO apscheduler.executors.default: Running job "main.<locals>.run_position_check (trigger: interval[0:00:05], next run at: 2026-09-17 17:39:43 +07)" (scheduled at 2026-09-17 17:39:38.554314+07:00)
2026-09-17 17:39:38,570 INFO apscheduler.executors.default: Job "main.<locals>.run_position_check (trigger: interval[0:00:05], next run at: 2026-09-17 17:39:43 +07)" executed successfully
2026-09-17 17:39:38,570 INFO apscheduler.executors.default: Running job "main.<locals>.save_bot_state_job (trigger: interval[0:00:15], next run at: 2026-09-17 17:39:53 +07)" (scheduled at 2026-09-17 17:39:38.554314+07:00)
2026-09-17 17:39:38,573 INFO apscheduler.executors.default: Job "main.<locals>.save_bot_state_job (trigger: interval[0:00:15], next run at: 2026-09-17 17:39:53 +07)" executed successfully
2026-09-17 17:39:41,013 INFO apscheduler.executors.default: Running job "main.<locals>.run_scan (trigger: cron[second='1,6,11,16,21,26,31,36,41,46,51,56'], next run at: 2026-09-17 17:39:46 +07)" (scheduled at 2026-09-17 17:39:41+07:00)
2026-09-17 17:39:41,015 INFO apscheduler.executors.default: Job "main.<locals>.run_scan (trigger: cron[second='1,6,11,16,21,26,31,36,41,46,51,56'], next run at: 2026-09-17 17:39:46 +07)" executed successfully
2026-09-17 17:39:42,565 INFO apscheduler.executors.default: Running job "main.<locals>.write_heartbeat_job (trigger: interval[0:00:15], next run at: 2026-09-17 17:39:57 +07)" (scheduled at 2026-09-17 17:39:42.556562+07:00)
2026-09-17 17:39:42,568 INFO apscheduler.executors.default: Job "main.<locals>.write_heartbeat_job (trigger: interval[0:00:15], next run at: 2026-09-17 17:39:57 +07)" executed successfully
2026-09-17 17:39:43,568 INFO apscheduler.executors.default: Running job "main.<locals>.run_lts_aus_fast_scan (trigger: interval[0:00:05], next run at: 2026-09-17 17:39:48 +07)" (scheduled at 2026-09-17 17:39:43.553049+07:00)
2026-09-17 17:39:43,569 INFO apscheduler.executors.default: Job "main.<locals>.run_lts_aus_fast_scan (trigger: interval[0:00:05], next run at: 2026-09-17 17:39:48 +07)" executed successfully
2026-09-17 17:39:43,569 INFO apscheduler.executors.default: Running job "main.<locals>.run_trail_sl (trigger: interval[0:00:05], next run at: 2026-09-17 17:39:48 +07)" (scheduled at 2026-09-17 17:39:43.553049+07:00)
2026-09-17 17:39:43,569 INFO apscheduler.executors.default: Job "main.<locals>.run_trail_sl (trigger: interval[0:00:05], next run at: 2026-09-17 17:39:48 +07)" executed successfully
2026-09-17 17:39:43,570 INFO apscheduler.executors.default: Running job "main.<locals>.run_position_check (trigger: interval[0:00:05], next run at: 2026-09-17 17:39:48 +07)" (scheduled at 2026-09-17 17:39:43.554314+07:00)
2026-09-17 17:39:43,577 INFO apscheduler.executors.default: Job "main.<locals>.run_position_check (trigger: interval[0:00:05], next run at: 2026-09-17 17:39:48 +07)" executed successfully
2026-09-17 17:39:46,012 INFO apscheduler.executors.default: Running job "main.<locals>.run_scan (trigger: cron[second='1,6,11,16,21,26,31,36,41,46,51,56'], next run at: 2026-09-17 17:39:51 +07)" (scheduled at 2026-09-17 17:39:46+07:00)
2026-09-17 17:39:46,014 INFO apscheduler.executors.default: Job "main.<locals>.run_scan (trigger: cron[second='1,6,11,16,21,26,31,36,41,46,51,56'], next run at: 2026-09-17 17:39:51 +07)" executed successfully
2026-09-17 17:39:47,225 INFO httpx: HTTP Request: POST https://api.telegram.org/bot8742189012:AAEXGnFYIvAR33uaXz4-tx-ywZHjdNFhmgY/getUpdates "HTTP/1.1 200 OK"
2026-09-17 17:39:48,567 INFO apscheduler.executors.default: Running job "main.<locals>.run_lts_aus_fast_scan (trigger: interval[0:00:05], next run at: 2026-09-17 17:39:53 +07)" (scheduled at 2026-09-17 17:39:48.553049+07:00)
2026-09-17 17:39:48,568 INFO apscheduler.executors.default: Job "main.<locals>.run_lts_aus_fast_scan (trigger: interval[0:00:05], next run at: 2026-09-17 17:39:53 +07)" executed successfully
2026-09-17 17:39:48,568 INFO apscheduler.executors.default: Running job "main.<locals>.run_trail_sl (trigger: interval[0:00:05], next run at: 2026-09-17 17:39:53 +07)" (scheduled at 2026-09-17 17:39:48.553049+07:00)
2026-09-17 17:39:48,568 INFO apscheduler.executors.default: Job "main.<locals>.run_trail_sl (trigger: interval[0:00:05], next run at: 2026-09-17 17:39:53 +07)" executed successfully
2026-09-17 17:39:48,568 INFO apscheduler.executors.default: Running job "main.<locals>.run_position_check (trigger: interval[0:00:05], next run at: 2026-09-17 17:39:53 +07)" (scheduled at 2026-09-17 17:39:48.554314+07:00)
2026-09-17 17:39:48,578 INFO apscheduler.executors.default: Job "main.<locals>.run_position_check (trigger: interval[0:00:05], next run at: 2026-09-17 17:39:53 +07)" executed successfully
2026-09-17 17:39:51,022 INFO apscheduler.executors.default: Running job "main.<locals>.run_scan (trigger: cron[second='1,6,11,16,21,26,31,36,41,46,51,56'], next run at: 2026-09-17 17:39:56 +07)" (scheduled at 2026-09-17 17:39:51+07:00)
2026-09-17 17:39:51,023 INFO apscheduler.executors.default: Job "main.<locals>.run_scan (trigger: cron[second='1,6,11,16,21,26,31,36,41,46,51,56'], next run at: 2026-09-17 17:39:56 +07)" executed successfully
2026-09-17 17:39:53,554 INFO apscheduler.executors.default: Running job "main.<locals>.run_lts_aus_fast_scan (trigger: interval[0:00:05], next run at: 2026-09-17 17:39:58 +07)" (scheduled at 2026-09-17 17:39:53.553049+07:00)
2026-09-17 17:39:53,558 INFO apscheduler.executors.default: Job "main.<locals>.run_lts_aus_fast_scan (trigger: interval[0:00:05], next run at: 2026-09-17 17:39:58 +07)" executed successfully
2026-09-17 17:39:53,558 INFO apscheduler.executors.default: Running job "main.<locals>.run_trail_sl (trigger: interval[0:00:05], next run at: 2026-09-17 17:39:58 +07)" (scheduled at 2026-09-17 17:39:53.553049+07:00)
2026-09-17 17:39:53,559 INFO apscheduler.executors.default: Job "main.<locals>.run_trail_sl (trigger: interval[0:00:05], next run at: 2026-09-17 17:39:58 +07)" executed successfully
2026-09-17 17:39:53,559 INFO apscheduler.executors.default: Running job "main.<locals>.run_position_check (trigger: interval[0:00:05], next run at: 2026-09-17 17:39:58 +07)" (scheduled at 2026-09-17 17:39:53.554314+07:00)
2026-09-17 17:39:53,568 INFO apscheduler.executors.default: Job "main.<locals>.run_position_check (trigger: interval[0:00:05], next run at: 2026-09-17 17:39:58 +07)" executed successfully
2026-09-17 17:39:53,569 INFO apscheduler.executors.default: Running job "main.<locals>.save_bot_state_job (trigger: interval[0:00:15], next run at: 2026-09-17 17:40:08 +07)" (scheduled at 2026-09-17 17:39:53.554314+07:00)
2026-09-17 17:39:53,573 INFO apscheduler.executors.default: Job "main.<locals>.save_bot_state_job (trigger: interval[0:00:15], next run at: 2026-09-17 17:40:08 +07)" executed successfully
2026-09-17 17:39:56,012 INFO apscheduler.executors.default: Running job "main.<locals>.run_scan (trigger: cron[second='1,6,11,16,21,26,31,36,41,46,51,56'], next run at: 2026-09-17 17:40:01 +07)" (scheduled at 2026-09-17 17:39:56+07:00)
2026-09-17 17:39:56,013 INFO apscheduler.executors.default: Job "main.<locals>.run_scan (trigger: cron[second='1,6,11,16,21,26,31,36,41,46,51,56'], next run at: 2026-09-17 17:40:01 +07)" executed successfully
2026-09-17 17:39:57,420 INFO httpx: HTTP Request: POST https://api.telegram.org/bot8742189012:AAEXGnFYIvAR33uaXz4-tx-ywZHjdNFhmgY/getUpdates "HTTP/1.1 200 OK"
2026-09-17 17:39:57,560 INFO apscheduler.executors.default: Running job "main.<locals>.write_heartbeat_job (trigger: interval[0:00:15], next run at: 2026-09-17 17:40:12 +07)" (scheduled at 2026-09-17 17:39:57.556562+07:00)
2026-09-17 17:39:57,564 INFO apscheduler.executors.default: Job "main.<locals>.write_heartbeat_job (trigger: interval[0:00:15], next run at: 2026-09-17 17:40:12 +07)" executed successfully
2026-09-17 17:39:58,553 INFO apscheduler.executors.default: Running job "main.<locals>.run_lts_aus_fast_scan (trigger: interval[0:00:05], next run at: 2026-09-17 17:40:03 +07)" (scheduled at 2026-09-17 17:39:58.553049+07:00)
2026-09-17 17:39:58,554 INFO apscheduler.executors.default: Job "main.<locals>.run_lts_aus_fast_scan (trigger: interval[0:00:05], next run at: 2026-09-17 17:40:03 +07)" executed successfully
2026-09-17 17:39:58,555 INFO apscheduler.executors.default: Running job "main.<locals>.run_trail_sl (trigger: interval[0:00:05], next run at: 2026-09-17 17:40:03 +07)" (scheduled at 2026-09-17 17:39:58.553049+07:00)
2026-09-17 17:39:58,555 INFO apscheduler.executors.default: Job "main.<locals>.run_trail_sl (trigger: interval[0:00:05], next run at: 2026-09-17 17:40:03 +07)" executed successfully
2026-09-17 17:39:58,556 INFO apscheduler.executors.default: Running job "main.<locals>.run_position_check (trigger: interval[0:00:05], next run at: 2026-09-17 17:40:03 +07)" (scheduled at 2026-09-17 17:39:58.554314+07:00)
2026-09-17 17:39:58,563 INFO apscheduler.executors.default: Job "main.<locals>.run_position_check (trigger: interval[0:00:05], next run at: 2026-09-17 17:40:03 +07)" executed successfully
2026-09-17 17:40:01,015 INFO apscheduler.executors.default: Running job "main.<locals>.run_scan (trigger: cron[second='1,6,11,16,21,26,31,36,41,46,51,56'], next run at: 2026-09-17 17:40:06 +07)" (scheduled at 2026-09-17 17:40:01+07:00)
2026-09-17 17:40:01,016 INFO apscheduler.executors.default: Job "main.<locals>.run_scan (trigger: cron[second='1,6,11,16,21,26,31,36,41,46,51,56'], next run at: 2026-09-17 17:40:06 +07)" executed successfully
2026-09-17 17:40:03,564 INFO apscheduler.executors.default: Running job "main.<locals>.run_lts_aus_fast_scan (trigger: interval[0:00:05], next run at: 2026-09-17 17:40:08 +07)" (scheduled at 2026-09-17 17:40:03.553049+07:00)
2026-09-17 17:40:03,565 INFO apscheduler.executors.default: Job "main.<locals>.run_lts_aus_fast_scan (trigger: interval[0:00:05], next run at: 2026-09-17 17:40:08 +07)" executed successfully
2026-09-17 17:40:03,565 INFO apscheduler.executors.default: Running job "main.<locals>.run_trail_sl (trigger: interval[0:00:05], next run at: 2026-09-17 17:40:08 +07)" (scheduled at 2026-09-17 17:40:03.553049+07:00)
2026-09-17 17:40:03,565 INFO apscheduler.executors.default: Job "main.<locals>.run_trail_sl (trigger: interval[0:00:05], next run at: 2026-09-17 17:40:08 +07)" executed successfully
2026-09-17 17:40:03,567 INFO apscheduler.executors.default: Running job "main.<locals>.run_position_check (trigger: interval[0:00:05], next run at: 2026-09-17 17:40:08 +07)" (scheduled at 2026-09-17 17:40:03.554314+07:00)
2026-09-17 17:40:03,575 INFO apscheduler.executors.default: Job "main.<locals>.run_position_check (trigger: interval[0:00:05], next run at: 2026-09-17 17:40:08 +07)" executed successfully
2026-09-17 17:40:06,025 INFO apscheduler.executors.default: Running job "main.<locals>.run_scan (trigger: cron[second='1,6,11,16,21,26,31,36,41,46,51,56'], next run at: 2026-09-17 17:40:11 +07)" (scheduled at 2026-09-17 17:40:06+07:00)
2026-09-17 17:40:06,026 INFO apscheduler.executors.default: Job "main.<locals>.run_scan (trigger: cron[second='1,6,11,16,21,26,31,36,41,46,51,56'], next run at: 2026-09-17 17:40:11 +07)" executed successfully
2026-09-17 17:40:07,626 INFO httpx: HTTP Request: POST https://api.telegram.org/bot8742189012:AAEXGnFYIvAR33uaXz4-tx-ywZHjdNFhmgY/getUpdates "HTTP/1.1 200 OK"
2026-09-17 17:40:08,555 INFO apscheduler.executors.default: Running job "main.<locals>.run_lts_aus_fast_scan (trigger: interval[0:00:05], next run at: 2026-09-17 17:40:13 +07)" (scheduled at 2026-09-17 17:40:08.553049+07:00)
2026-09-17 17:40:08,557 INFO apscheduler.executors.default: Job "main.<locals>.run_lts_aus_fast_scan (trigger: interval[0:00:05], next run at: 2026-09-17 17:40:13 +07)" executed successfully
2026-09-17 17:40:08,558 INFO apscheduler.executors.default: Running job "main.<locals>.run_trail_sl (trigger: interval[0:00:05], next run at: 2026-09-17 17:40:13 +07)" (scheduled at 2026-09-17 17:40:08.553049+07:00)
2026-09-17 17:40:08,559 INFO apscheduler.executors.default: Job "main.<locals>.run_trail_sl (trigger: interval[0:00:05], next run at: 2026-09-17 17:40:13 +07)" executed successfully
2026-09-17 17:40:08,559 INFO apscheduler.executors.default: Running job "main.<locals>.run_position_check (trigger: interval[0:00:05], next run at: 2026-09-17 17:40:13 +07)" (scheduled at 2026-09-17 17:40:08.554314+07:00)
2026-09-17 17:40:08,566 INFO apscheduler.executors.default: Job "main.<locals>.run_position_check (trigger: interval[0:00:05], next run at: 2026-09-17 17:40:13 +07)" executed successfully
2026-09-17 17:40:08,566 INFO apscheduler.executors.default: Running job "main.<locals>.save_bot_state_job (trigger: interval[0:00:15], next run at: 2026-09-17 17:40:23 +07)" (scheduled at 2026-09-17 17:40:08.554314+07:00)
2026-09-17 17:40:08,569 INFO apscheduler.executors.default: Job "main.<locals>.save_bot_state_job (trigger: interval[0:00:15], next run at: 2026-09-17 17:40:23 +07)" executed successfully
2026-09-17 17:40:11,006 INFO apscheduler.executors.default: Running job "main.<locals>.run_scan (trigger: cron[second='1,6,11,16,21,26,31,36,41,46,51,56'], next run at: 2026-09-17 17:40:16 +07)" (scheduled at 2026-09-17 17:40:11+07:00)
2026-09-17 17:40:11,006 INFO apscheduler.executors.default: Job "main.<locals>.run_scan (trigger: cron[second='1,6,11,16,21,26,31,36,41,46,51,56'], next run at: 2026-09-17 17:40:16 +07)" executed successfully
2026-09-17 17:40:12,559 INFO apscheduler.executors.default: Running job "main.<locals>.write_heartbeat_job (trigger: interval[0:00:15], next run at: 2026-09-17 17:40:27 +07)" (scheduled at 2026-09-17 17:40:12.556562+07:00)
2026-09-17 17:40:12,562 INFO apscheduler.executors.default: Job "main.<locals>.write_heartbeat_job (trigger: interval[0:00:15], next run at: 2026-09-17 17:40:27 +07)" executed successfully
2026-09-17 17:40:13,566 INFO apscheduler.executors.default: Running job "main.<locals>.run_lts_aus_fast_scan (trigger: interval[0:00:05], next run at: 2026-09-17 17:40:18 +07)" (scheduled at 2026-09-17 17:40:13.553049+07:00)
2026-09-17 17:40:13,566 INFO apscheduler.executors.default: Job "main.<locals>.run_lts_aus_fast_scan (trigger: interval[0:00:05], next run at: 2026-09-17 17:40:18 +07)" executed successfully
2026-09-17 17:40:13,567 INFO apscheduler.executors.default: Running job "main.<locals>.run_trail_sl (trigger: interval[0:00:05], next run at: 2026-09-17 17:40:18 +07)" (scheduled at 2026-09-17 17:40:13.553049+07:00)
2026-09-17 17:40:13,567 INFO apscheduler.executors.default: Job "main.<locals>.run_trail_sl (trigger: interval[0:00:05], next run at: 2026-09-17 17:40:18 +07)" executed successfully
2026-09-17 17:40:13,567 INFO apscheduler.executors.default: Running job "main.<locals>.run_position_check (trigger: interval[0:00:05], next run at: 2026-09-17 17:40:18 +07)" (scheduled at 2026-09-17 17:40:13.554314+07:00)
2026-09-17 17:40:13,575 INFO apscheduler.executors.default: Job "main.<locals>.run_position_check (trigger: interval[0:00:05], next run at: 2026-09-17 17:40:18 +07)" executed successfully
2026-09-17 17:40:16,024 INFO apscheduler.executors.default: Running job "main.<locals>.run_scan (trigger: cron[second='1,6,11,16,21,26,31,36,41,46,51,56'], next run at: 2026-09-17 17:40:21 +07)" (scheduled at 2026-09-17 17:40:16+07:00)
2026-09-17 17:40:16,024 INFO apscheduler.executors.default: Job "main.<locals>.run_scan (trigger: cron[second='1,6,11,16,21,26,31,36,41,46,51,56'], next run at: 2026-09-17 17:40:21 +07)" executed successfully
2026-09-17 17:40:17,821 INFO httpx: HTTP Request: POST https://api.telegram.org/bot8742189012:AAEXGnFYIvAR33uaXz4-tx-ywZHjdNFhmgY/getUpdates "HTTP/1.1 200 OK"
2026-09-17 17:40:18,561 INFO apscheduler.executors.default: Running job "main.<locals>.run_lts_aus_fast_scan (trigger: interval[0:00:05], next run at: 2026-09-17 17:40:23 +07)" (scheduled at 2026-09-17 17:40:18.553049+07:00)
2026-09-17 17:40:18,562 INFO apscheduler.executors.default: Job "main.<locals>.run_lts_aus_fast_scan (trigger: interval[0:00:05], next run at: 2026-09-17 17:40:23 +07)" executed successfully
2026-09-17 17:40:18,562 INFO apscheduler.executors.default: Running job "main.<locals>.run_trail_sl (trigger: interval[0:00:05], next run at: 2026-09-17 17:40:23 +07)" (scheduled at 2026-09-17 17:40:18.553049+07:00)
2026-09-17 17:40:18,563 INFO apscheduler.executors.default: Job "main.<locals>.run_trail_sl (trigger: interval[0:00:05], next run at: 2026-09-17 17:40:23 +07)" executed successfully
2026-09-17 17:40:18,564 INFO apscheduler.executors.default: Running job "main.<locals>.run_position_check (trigger: interval[0:00:05], next run at: 2026-09-17 17:40:23 +07)" (scheduled at 2026-09-17 17:40:18.554314+07:00)
2026-09-17 17:40:18,569 INFO apscheduler.executors.default: Job "main.<locals>.run_position_check (trigger: interval[0:00:05], next run at: 2026-09-17 17:40:23 +07)" executed successfully
2026-09-17 17:40:21,011 INFO apscheduler.executors.default: Running job "main.<locals>.run_scan (trigger: cron[second='1,6,11,16,21,26,31,36,41,46,51,56'], next run at: 2026-09-17 17:40:26 +07)" (scheduled at 2026-09-17 17:40:21+07:00)
2026-09-17 17:40:21,012 INFO apscheduler.executors.default: Job "main.<locals>.run_scan (trigger: cron[second='1,6,11,16,21,26,31,36,41,46,51,56'], next run at: 2026-09-17 17:40:26 +07)" executed successfully
2026-09-17 17:40:23,560 INFO apscheduler.executors.default: Running job "main.<locals>.check_symbol_switch (trigger: interval[0:01:00], next run at: 2026-09-17 17:41:23 +07)" (scheduled at 2026-09-17 17:40:23.550053+07:00)
2026-09-17 17:40:23,568 INFO apscheduler.executors.default: Job "main.<locals>.check_symbol_switch (trigger: interval[0:01:00], next run at: 2026-09-17 17:41:23 +07)" executed successfully
2026-09-17 17:40:23,569 INFO apscheduler.executors.default: Running job "main.<locals>.run_lts_aus_fast_scan (trigger: interval[0:00:05], next run at: 2026-09-17 17:40:28 +07)" (scheduled at 2026-09-17 17:40:23.553049+07:00)
2026-09-17 17:40:23,569 INFO apscheduler.executors.default: Job "main.<locals>.run_lts_aus_fast_scan (trigger: interval[0:00:05], next run at: 2026-09-17 17:40:28 +07)" executed successfully
2026-09-17 17:40:23,569 INFO apscheduler.executors.default: Running job "main.<locals>.run_trail_sl (trigger: interval[0:00:05], next run at: 2026-09-17 17:40:28 +07)" (scheduled at 2026-09-17 17:40:23.553049+07:00)
2026-09-17 17:40:23,571 INFO apscheduler.executors.default: Job "main.<locals>.run_trail_sl (trigger: interval[0:00:05], next run at: 2026-09-17 17:40:28 +07)" executed successfully
2026-09-17 17:40:23,571 INFO apscheduler.executors.default: Running job "main.<locals>.run_position_check (trigger: interval[0:00:05], next run at: 2026-09-17 17:40:28 +07)" (scheduled at 2026-09-17 17:40:23.554314+07:00)
2026-09-17 17:40:23,577 INFO apscheduler.executors.default: Job "main.<locals>.run_position_check (trigger: interval[0:00:05], next run at: 2026-09-17 17:40:28 +07)" executed successfully
2026-09-17 17:40:23,578 INFO apscheduler.executors.default: Running job "main.<locals>.save_bot_state_job (trigger: interval[0:00:15], next run at: 2026-09-17 17:40:38 +07)" (scheduled at 2026-09-17 17:40:23.554314+07:00)
2026-09-17 17:40:23,582 INFO apscheduler.executors.default: Job "main.<locals>.save_bot_state_job (trigger: interval[0:00:15], next run at: 2026-09-17 17:40:38 +07)" executed successfully
2026-09-17 17:40:23,582 INFO apscheduler.executors.default: Running job "main.<locals>.run_watchdog (trigger: interval[0:01:00], next run at: 2026-09-17 17:41:23 +07)" (scheduled at 2026-09-17 17:40:23.556562+07:00)
2026-09-17 17:40:23,587 INFO apscheduler.executors.default: Job "main.<locals>.run_watchdog (trigger: interval[0:01:00], next run at: 2026-09-17 17:41:23 +07)" executed successfully
2026-09-17 17:40:26,015 INFO apscheduler.executors.default: Running job "main.<locals>.run_scan (trigger: cron[second='1,6,11,16,21,26,31,36,41,46,51,56'], next run at: 2026-09-17 17:40:31 +07)" (scheduled at 2026-09-17 17:40:26+07:00)
2026-09-17 17:40:26,016 INFO apscheduler.executors.default: Job "main.<locals>.run_scan (trigger: cron[second='1,6,11,16,21,26,31,36,41,46,51,56'], next run at: 2026-09-17 17:40:31 +07)" executed successfully
2026-09-17 17:40:27,571 INFO apscheduler.executors.default: Running job "main.<locals>.write_heartbeat_job (trigger: interval[0:00:15], next run at: 2026-09-17 17:40:42 +07)" (scheduled at 2026-09-17 17:40:27.556562+07:00)
2026-09-17 17:40:27,575 INFO apscheduler.executors.default: Job "main.<locals>.write_heartbeat_job (trigger: interval[0:00:15], next run at: 2026-09-17 17:40:42 +07)" executed successfully
2026-09-17 17:40:28,019 INFO httpx: HTTP Request: POST https://api.telegram.org/bot8742189012:AAEXGnFYIvAR33uaXz4-tx-ywZHjdNFhmgY/getUpdates "HTTP/1.1 200 OK"
2026-09-17 17:40:28,563 INFO apscheduler.executors.default: Running job "main.<locals>.run_lts_aus_fast_scan (trigger: interval[0:00:05], next run at: 2026-09-17 17:40:33 +07)" (scheduled at 2026-09-17 17:40:28.553049+07:00)
2026-09-17 17:40:28,564 INFO apscheduler.executors.default: Job "main.<locals>.run_lts_aus_fast_scan (trigger: interval[0:00:05], next run at: 2026-09-17 17:40:33 +07)" executed successfully
2026-09-17 17:40:28,564 INFO apscheduler.executors.default: Running job "main.<locals>.run_trail_sl (trigger: interval[0:00:05], next run at: 2026-09-17 17:40:33 +07)" (scheduled at 2026-09-17 17:40:28.553049+07:00)
2026-09-17 17:40:28,564 INFO apscheduler.executors.default: Job "main.<locals>.run_trail_sl (trigger: interval[0:00:05], next run at: 2026-09-17 17:40:33 +07)" executed successfully
2026-09-17 17:40:28,565 INFO apscheduler.executors.default: Running job "main.<locals>.run_position_check (trigger: interval[0:00:05], next run at: 2026-09-17 17:40:33 +07)" (scheduled at 2026-09-17 17:40:28.554314+07:00)
2026-09-17 17:40:28,573 INFO apscheduler.executors.default: Job "main.<locals>.run_position_check (trigger: interval[0:00:05], next run at: 2026-09-17 17:40:33 +07)" executed successfully
2026-09-17 17:40:31,010 INFO apscheduler.executors.default: Running job "main.<locals>.run_scan (trigger: cron[second='1,6,11,16,21,26,31,36,41,46,51,56'], next run at: 2026-09-17 17:40:36 +07)" (scheduled at 2026-09-17 17:40:31+07:00)
2026-09-17 17:40:31,010 INFO apscheduler.executors.default: Job "main.<locals>.run_scan (trigger: cron[second='1,6,11,16,21,26,31,36,41,46,51,56'], next run at: 2026-09-17 17:40:36 +07)" executed successfully
2026-09-17 17:40:33,558 INFO apscheduler.executors.default: Running job "main.<locals>.run_lts_aus_fast_scan (trigger: interval[0:00:05], next run at: 2026-09-17 17:40:38 +07)" (scheduled at 2026-09-17 17:40:33.553049+07:00)
2026-09-17 17:40:33,559 INFO apscheduler.executors.default: Job "main.<locals>.run_lts_aus_fast_scan (trigger: interval[0:00:05], next run at: 2026-09-17 17:40:38 +07)" executed successfully
2026-09-17 17:40:33,559 INFO apscheduler.executors.default: Running job "main.<locals>.run_trail_sl (trigger: interval[0:00:05], next run at: 2026-09-17 17:40:38 +07)" (scheduled at 2026-09-17 17:40:33.553049+07:00)
2026-09-17 17:40:33,560 INFO apscheduler.executors.default: Job "main.<locals>.run_trail_sl (trigger: interval[0:00:05], next run at: 2026-09-17 17:40:38 +07)" executed successfully
2026-09-17 17:40:33,560 INFO apscheduler.executors.default: Running job "main.<locals>.run_position_check (trigger: interval[0:00:05], next run at: 2026-09-17 17:40:38 +07)" (scheduled at 2026-09-17 17:40:33.554314+07:00)
2026-09-17 17:40:33,568 INFO apscheduler.executors.default: Job "main.<locals>.run_position_check (trigger: interval[0:00:05], next run at: 2026-09-17 17:40:38 +07)" executed successfully
2026-09-17 17:40:36,015 INFO apscheduler.executors.default: Running job "main.<locals>.run_scan (trigger: cron[second='1,6,11,16,21,26,31,36,41,46,51,56'], next run at: 2026-09-17 17:40:41 +07)" (scheduled at 2026-09-17 17:40:36+07:00)
2026-09-17 17:40:36,016 INFO apscheduler.executors.default: Job "main.<locals>.run_scan (trigger: cron[second='1,6,11,16,21,26,31,36,41,46,51,56'], next run at: 2026-09-17 17:40:41 +07)" executed successfully
2026-09-17 17:40:38,221 INFO httpx: HTTP Request: POST https://api.telegram.org/bot8742189012:AAEXGnFYIvAR33uaXz4-tx-ywZHjdNFhmgY/getUpdates "HTTP/1.1 200 OK"
2026-09-17 17:40:38,566 INFO apscheduler.executors.default: Running job "main.<locals>.run_lts_aus_fast_scan (trigger: interval[0:00:05], next run at: 2026-09-17 17:40:43 +07)" (scheduled at 2026-09-17 17:40:38.553049+07:00)
2026-09-17 17:40:38,569 INFO apscheduler.executors.default: Job "main.<locals>.run_lts_aus_fast_scan (trigger: interval[0:00:05], next run at: 2026-09-17 17:40:43 +07)" executed successfully
2026-09-17 17:40:38,569 INFO apscheduler.executors.default: Running job "main.<locals>.run_trail_sl (trigger: interval[0:00:05], next run at: 2026-09-17 17:40:43 +07)" (scheduled at 2026-09-17 17:40:38.553049+07:00)
2026-09-17 17:40:38,569 INFO apscheduler.executors.default: Job "main.<locals>.run_trail_sl (trigger: interval[0:00:05], next run at: 2026-09-17 17:40:43 +07)" executed successfully
2026-09-17 17:40:38,570 INFO apscheduler.executors.default: Running job "main.<locals>.run_position_check (trigger: interval[0:00:05], next run at: 2026-09-17 17:40:43 +07)" (scheduled at 2026-09-17 17:40:38.554314+07:00)
2026-09-17 17:40:38,582 INFO apscheduler.executors.default: Job "main.<locals>.run_position_check (trigger: interval[0:00:05], next run at: 2026-09-17 17:40:43 +07)" executed successfully
2026-09-17 17:40:38,583 INFO apscheduler.executors.default: Running job "main.<locals>.save_bot_state_job (trigger: interval[0:00:15], next run at: 2026-09-17 17:40:53 +07)" (scheduled at 2026-09-17 17:40:38.554314+07:00)
2026-09-17 17:40:38,586 INFO apscheduler.executors.default: Job "main.<locals>.save_bot_state_job (trigger: interval[0:00:15], next run at: 2026-09-17 17:40:53 +07)" executed successfully
2026-09-17 17:40:41,009 INFO apscheduler.executors.default: Running job "main.<locals>.run_scan (trigger: cron[second='1,6,11,16,21,26,31,36,41,46,51,56'], next run at: 2026-09-17 17:40:46 +07)" (scheduled at 2026-09-17 17:40:41+07:00)
2026-09-17 17:40:41,010 INFO apscheduler.executors.default: Job "main.<locals>.run_scan (trigger: cron[second='1,6,11,16,21,26,31,36,41,46,51,56'], next run at: 2026-09-17 17:40:46 +07)" executed successfully
2026-09-17 17:40:42,567 INFO apscheduler.executors.default: Running job "main.<locals>.write_heartbeat_job (trigger: interval[0:00:15], next run at: 2026-09-17 17:40:57 +07)" (scheduled at 2026-09-17 17:40:42.556562+07:00)
2026-09-17 17:40:42,572 INFO apscheduler.executors.default: Job "main.<locals>.write_heartbeat_job (trigger: interval[0:00:15], next run at: 2026-09-17 17:40:57 +07)" executed successfully
2026-09-17 17:40:43,575 INFO apscheduler.executors.default: Running job "main.<locals>.run_lts_aus_fast_scan (trigger: interval[0:00:05], next run at: 2026-09-17 17:40:48 +07)" (scheduled at 2026-09-17 17:40:43.553049+07:00)
2026-09-17 17:40:43,575 INFO apscheduler.executors.default: Job "main.<locals>.run_lts_aus_fast_scan (trigger: interval[0:00:05], next run at: 2026-09-17 17:40:48 +07)" executed successfully
2026-09-17 17:40:43,576 INFO apscheduler.executors.default: Running job "main.<locals>.run_trail_sl (trigger: interval[0:00:05], next run at: 2026-09-17 17:40:48 +07)" (scheduled at 2026-09-17 17:40:43.553049+07:00)
2026-09-17 17:40:43,577 INFO apscheduler.executors.default: Job "main.<locals>.run_trail_sl (trigger: interval[0:00:05], next run at: 2026-09-17 17:40:48 +07)" executed successfully
2026-09-17 17:40:43,577 INFO apscheduler.executors.default: Running job "main.<locals>.run_position_check (trigger: interval[0:00:05], next run at: 2026-09-17 17:40:48 +07)" (scheduled at 2026-09-17 17:40:43.554314+07:00)
2026-09-17 17:40:43,585 INFO apscheduler.executors.default: Job "main.<locals>.run_position_check (trigger: interval[0:00:05], next run at: 2026-09-17 17:40:48 +07)" executed successfully
2026-09-17 17:40:46,009 INFO apscheduler.executors.default: Running job "main.<locals>.run_scan (trigger: cron[second='1,6,11,16,21,26,31,36,41,46,51,56'], next run at: 2026-09-17 17:40:51 +07)" (scheduled at 2026-09-17 17:40:46+07:00)
2026-09-17 17:40:46,009 INFO apscheduler.executors.default: Job "main.<locals>.run_scan (trigger: cron[second='1,6,11,16,21,26,31,36,41,46,51,56'], next run at: 2026-09-17 17:40:51 +07)" executed successfully
2026-09-17 17:40:48,431 INFO httpx: HTTP Request: POST https://api.telegram.org/bot8742189012:AAEXGnFYIvAR33uaXz4-tx-ywZHjdNFhmgY/getUpdates "HTTP/1.1 200 OK"
2026-09-17 17:40:48,561 INFO apscheduler.executors.default: Running job "main.<locals>.run_lts_aus_fast_scan (trigger: interval[0:00:05], next run at: 2026-09-17 17:40:53 +07)" (scheduled at 2026-09-17 17:40:48.553049+07:00)
2026-09-17 17:40:48,561 INFO apscheduler.executors.default: Job "main.<locals>.run_lts_aus_fast_scan (trigger: interval[0:00:05], next run at: 2026-09-17 17:40:53 +07)" executed successfully
2026-09-17 17:40:48,562 INFO apscheduler.executors.default: Running job "main.<locals>.run_trail_sl (trigger: interval[0:00:05], next run at: 2026-09-17 17:40:53 +07)" (scheduled at 2026-09-17 17:40:48.553049+07:00)
2026-09-17 17:40:48,562 INFO apscheduler.executors.default: Job "main.<locals>.run_trail_sl (trigger: interval[0:00:05], next run at: 2026-09-17 17:40:53 +07)" executed successfully
2026-09-17 17:40:48,562 INFO apscheduler.executors.default: Running job "main.<locals>.run_position_check (trigger: interval[0:00:05], next run at: 2026-09-17 17:40:53 +07)" (scheduled at 2026-09-17 17:40:48.554314+07:00)
2026-09-17 17:40:48,571 INFO apscheduler.executors.default: Job "main.<locals>.run_position_check (trigger: interval[0:00:05], next run at: 2026-09-17 17:40:53 +07)" executed successfully
2026-09-17 17:40:51,007 INFO apscheduler.executors.default: Running job "main.<locals>.run_scan (trigger: cron[second='1,6,11,16,21,26,31,36,41,46,51,56'], next run at: 2026-09-17 17:40:56 +07)" (scheduled at 2026-09-17 17:40:51+07:00)
2026-09-17 17:40:51,007 INFO apscheduler.executors.default: Job "main.<locals>.run_scan (trigger: cron[second='1,6,11,16,21,26,31,36,41,46,51,56'], next run at: 2026-09-17 17:40:56 +07)" executed successfully
2026-09-17 17:40:53,556 INFO apscheduler.executors.default: Running job "main.<locals>.run_lts_aus_fast_scan (trigger: interval[0:00:05], next run at: 2026-09-17 17:40:58 +07)" (scheduled at 2026-09-17 17:40:53.553049+07:00)
2026-09-17 17:40:53,557 INFO apscheduler.executors.default: Job "main.<locals>.run_lts_aus_fast_scan (trigger: interval[0:00:05], next run at: 2026-09-17 17:40:58 +07)" executed successfully
2026-09-17 17:40:53,557 INFO apscheduler.executors.default: Running job "main.<locals>.run_trail_sl (trigger: interval[0:00:05], next run at: 2026-09-17 17:40:58 +07)" (scheduled at 2026-09-17 17:40:53.553049+07:00)
2026-09-17 17:40:53,557 INFO apscheduler.executors.default: Job "main.<locals>.run_trail_sl (trigger: interval[0:00:05], next run at: 2026-09-17 17:40:58 +07)" executed successfully
2026-09-17 17:40:53,557 INFO apscheduler.executors.default: Running job "main.<locals>.run_position_check (trigger: interval[0:00:05], next run at: 2026-09-17 17:40:58 +07)" (scheduled at 2026-09-17 17:40:53.554314+07:00)
2026-09-17 17:40:53,565 INFO apscheduler.executors.default: Job "main.<locals>.run_position_check (trigger: interval[0:00:05], next run at: 2026-09-17 17:40:58 +07)" executed successfully
2026-09-17 17:40:53,567 INFO apscheduler.executors.default: Running job "main.<locals>.save_bot_state_job (trigger: interval[0:00:15], next run at: 2026-09-17 17:41:08 +07)" (scheduled at 2026-09-17 17:40:53.554314+07:00)
2026-09-17 17:40:53,571 INFO apscheduler.executors.default: Job "main.<locals>.save_bot_state_job (trigger: interval[0:00:15], next run at: 2026-09-17 17:41:08 +07)" executed successfully
2026-09-17 17:40:56,013 INFO apscheduler.executors.default: Running job "main.<locals>.run_scan (trigger: cron[second='1,6,11,16,21,26,31,36,41,46,51,56'], next run at: 2026-09-17 17:41:01 +07)" (scheduled at 2026-09-17 17:40:56+07:00)
2026-09-17 17:40:56,013 INFO apscheduler.executors.default: Job "main.<locals>.run_scan (trigger: cron[second='1,6,11,16,21,26,31,36,41,46,51,56'], next run at: 2026-09-17 17:41:01 +07)" executed successfully
2026-09-17 17:40:57,564 INFO apscheduler.executors.default: Running job "main.<locals>.write_heartbeat_job (trigger: interval[0:00:15], next run at: 2026-09-17 17:41:12 +07)" (scheduled at 2026-09-17 17:40:57.556562+07:00)
2026-09-17 17:40:57,566 INFO apscheduler.executors.default: Job "main.<locals>.write_heartbeat_job (trigger: interval[0:00:15], next run at: 2026-09-17 17:41:12 +07)" executed successfully
2026-09-17 17:40:58,553 INFO apscheduler.executors.default: Running job "main.<locals>.run_lts_aus_fast_scan (trigger: interval[0:00:05], next run at: 2026-09-17 17:41:03 +07)" (scheduled at 2026-09-17 17:40:58.553049+07:00)
2026-09-17 17:40:58,554 INFO apscheduler.executors.default: Job "main.<locals>.run_lts_aus_fast_scan (trigger: interval[0:00:05], next run at: 2026-09-17 17:41:03 +07)" executed successfully
2026-09-17 17:40:58,554 INFO apscheduler.executors.default: Running job "main.<locals>.run_trail_sl (trigger: interval[0:00:05], next run at: 2026-09-17 17:41:03 +07)" (scheduled at 2026-09-17 17:40:58.553049+07:00)
2026-09-17 17:40:58,555 INFO apscheduler.executors.default: Job "main.<locals>.run_trail_sl (trigger: interval[0:00:05], next run at: 2026-09-17 17:41:03 +07)" executed successfully
2026-09-17 17:40:58,555 INFO apscheduler.executors.default: Running job "main.<locals>.run_position_check (trigger: interval[0:00:05], next run at: 2026-09-17 17:41:03 +07)" (scheduled at 2026-09-17 17:40:58.554314+07:00)
2026-09-17 17:40:58,564 INFO apscheduler.executors.default: Job "main.<locals>.run_position_check (trigger: interval[0:00:05], next run at: 2026-09-17 17:41:03 +07)" executed successfully
2026-09-17 17:40:58,628 INFO httpx: HTTP Request: POST https://api.telegram.org/bot8742189012:AAEXGnFYIvAR33uaXz4-tx-ywZHjdNFhmgY/getUpdates "HTTP/1.1 200 OK"
2026-09-17 17:41:01,011 INFO apscheduler.executors.default: Running job "main.<locals>.run_scan (trigger: cron[second='1,6,11,16,21,26,31,36,41,46,51,56'], next run at: 2026-09-17 17:41:06 +07)" (scheduled at 2026-09-17 17:41:01+07:00)
2026-09-17 17:41:01,011 INFO apscheduler.executors.default: Job "main.<locals>.run_scan (trigger: cron[second='1,6,11,16,21,26,31,36,41,46,51,56'], next run at: 2026-09-17 17:41:06 +07)" executed successfully
2026-09-17 17:41:03,570 INFO apscheduler.executors.default: Running job "main.<locals>.run_lts_aus_fast_scan (trigger: interval[0:00:05], next run at: 2026-09-17 17:41:08 +07)" (scheduled at 2026-09-17 17:41:03.553049+07:00)
2026-09-17 17:41:03,570 INFO apscheduler.executors.default: Job "main.<locals>.run_lts_aus_fast_scan (trigger: interval[0:00:05], next run at: 2026-09-17 17:41:08 +07)" executed successfully
2026-09-17 17:41:03,571 INFO apscheduler.executors.default: Running job "main.<locals>.run_trail_sl (trigger: interval[0:00:05], next run at: 2026-09-17 17:41:08 +07)" (scheduled at 2026-09-17 17:41:03.553049+07:00)
2026-09-17 17:41:03,571 INFO apscheduler.executors.default: Job "main.<locals>.run_trail_sl (trigger: interval[0:00:05], next run at: 2026-09-17 17:41:08 +07)" executed successfully
2026-09-17 17:41:03,571 INFO apscheduler.executors.default: Running job "main.<locals>.run_position_check (trigger: interval[0:00:05], next run at: 2026-09-17 17:41:08 +07)" (scheduled at 2026-09-17 17:41:03.554314+07:00)
2026-09-17 17:41:03,579 INFO apscheduler.executors.default: Job "main.<locals>.run_position_check (trigger: interval[0:00:05], next run at: 2026-09-17 17:41:08 +07)" executed successfully
2026-09-17 17:41:06,025 INFO apscheduler.executors.default: Running job "main.<locals>.run_scan (trigger: cron[second='1,6,11,16,21,26,31,36,41,46,51,56'], next run at: 2026-09-17 17:41:11 +07)" (scheduled at 2026-09-17 17:41:06+07:00)
2026-09-17 17:41:06,025 INFO apscheduler.executors.default: Job "main.<locals>.run_scan (trigger: cron[second='1,6,11,16,21,26,31,36,41,46,51,56'], next run at: 2026-09-17 17:41:11 +07)" executed successfully
2026-09-17 17:41:08,562 INFO apscheduler.executors.default: Running job "main.<locals>.run_lts_aus_fast_scan (trigger: interval[0:00:05], next run at: 2026-09-17 17:41:13 +07)" (scheduled at 2026-09-17 17:41:08.553049+07:00)
2026-09-17 17:41:08,562 INFO apscheduler.executors.default: Job "main.<locals>.run_lts_aus_fast_scan (trigger: interval[0:00:05], next run at: 2026-09-17 17:41:13 +07)" executed successfully
2026-09-17 17:41:08,562 INFO apscheduler.executors.default: Running job "main.<locals>.run_trail_sl (trigger: interval[0:00:05], next run at: 2026-09-17 17:41:13 +07)" (scheduled at 2026-09-17 17:41:08.553049+07:00)
2026-09-17 17:41:08,563 INFO apscheduler.executors.default: Job "main.<locals>.run_trail_sl (trigger: interval[0:00:05], next run at: 2026-09-17 17:41:13 +07)" executed successfully
2026-09-17 17:41:08,563 INFO apscheduler.executors.default: Running job "main.<locals>.run_position_check (trigger: interval[0:00:05], next run at: 2026-09-17 17:41:13 +07)" (scheduled at 2026-09-17 17:41:08.554314+07:00)
2026-09-17 17:41:08,570 INFO apscheduler.executors.default: Job "main.<locals>.run_position_check (trigger: interval[0:00:05], next run at: 2026-09-17 17:41:13 +07)" executed successfully
2026-09-17 17:41:08,572 INFO apscheduler.executors.default: Running job "main.<locals>.save_bot_state_job (trigger: interval[0:00:15], next run at: 2026-09-17 17:41:23 +07)" (scheduled at 2026-09-17 17:41:08.554314+07:00)
2026-09-17 17:41:08,575 INFO apscheduler.executors.default: Job "main.<locals>.save_bot_state_job (trigger: interval[0:00:15], next run at: 2026-09-17 17:41:23 +07)" executed successfully
2026-09-17 17:41:08,870 INFO httpx: HTTP Request: POST https://api.telegram.org/bot8742189012:AAEXGnFYIvAR33uaXz4-tx-ywZHjdNFhmgY/getUpdates "HTTP/1.1 200 OK"
2026-09-17 17:41:11,013 INFO apscheduler.executors.default: Running job "main.<locals>.run_scan (trigger: cron[second='1,6,11,16,21,26,31,36,41,46,51,56'], next run at: 2026-09-17 17:41:16 +07)" (scheduled at 2026-09-17 17:41:11+07:00)
2026-09-17 17:41:11,014 INFO apscheduler.executors.default: Job "main.<locals>.run_scan (trigger: cron[second='1,6,11,16,21,26,31,36,41,46,51,56'], next run at: 2026-09-17 17:41:16 +07)" executed successfully
2026-09-17 17:41:12,560 INFO apscheduler.executors.default: Running job "main.<locals>.write_heartbeat_job (trigger: interval[0:00:15], next run at: 2026-09-17 17:41:27 +07)" (scheduled at 2026-09-17 17:41:12.556562+07:00)
2026-09-17 17:41:12,565 INFO apscheduler.executors.default: Job "main.<locals>.write_heartbeat_job (trigger: interval[0:00:15], next run at: 2026-09-17 17:41:27 +07)" executed successfully
2026-09-17 17:41:13,566 INFO apscheduler.executors.default: Running job "main.<locals>.run_lts_aus_fast_scan (trigger: interval[0:00:05], next run at: 2026-09-17 17:41:18 +07)" (scheduled at 2026-09-17 17:41:13.553049+07:00)
2026-09-17 17:41:13,566 INFO apscheduler.executors.default: Job "main.<locals>.run_lts_aus_fast_scan (trigger: interval[0:00:05], next run at: 2026-09-17 17:41:18 +07)" executed successfully
2026-09-17 17:41:13,566 INFO apscheduler.executors.default: Running job "main.<locals>.run_trail_sl (trigger: interval[0:00:05], next run at: 2026-09-17 17:41:18 +07)" (scheduled at 2026-09-17 17:41:13.553049+07:00)
2026-09-17 17:41:13,566 INFO apscheduler.executors.default: Job "main.<locals>.run_trail_sl (trigger: interval[0:00:05], next run at: 2026-09-17 17:41:18 +07)" executed successfully
2026-09-17 17:41:13,567 INFO apscheduler.executors.default: Running job "main.<locals>.run_position_check (trigger: interval[0:00:05], next run at: 2026-09-17 17:41:18 +07)" (scheduled at 2026-09-17 17:41:13.554314+07:00)
2026-09-17 17:41:13,574 INFO apscheduler.executors.default: Job "main.<locals>.run_position_check (trigger: interval[0:00:05], next run at: 2026-09-17 17:41:18 +07)" executed successfully
2026-09-17 17:41:16,018 INFO apscheduler.executors.default: Running job "main.<locals>.run_scan (trigger: cron[second='1,6,11,16,21,26,31,36,41,46,51,56'], next run at: 2026-09-17 17:41:21 +07)" (scheduled at 2026-09-17 17:41:16+07:00)
2026-09-17 17:41:16,019 INFO apscheduler.executors.default: Job "main.<locals>.run_scan (trigger: cron[second='1,6,11,16,21,26,31,36,41,46,51,56'], next run at: 2026-09-17 17:41:21 +07)" executed successfully
2026-09-17 17:41:18,565 INFO apscheduler.executors.default: Running job "main.<locals>.run_lts_aus_fast_scan (trigger: interval[0:00:05], next run at: 2026-09-17 17:41:23 +07)" (scheduled at 2026-09-17 17:41:18.553049+07:00)
2026-09-17 17:41:18,567 INFO apscheduler.executors.default: Job "main.<locals>.run_lts_aus_fast_scan (trigger: interval[0:00:05], next run at: 2026-09-17 17:41:23 +07)" executed successfully
2026-09-17 17:41:18,568 INFO apscheduler.executors.default: Running job "main.<locals>.run_trail_sl (trigger: interval[0:00:05], next run at: 2026-09-17 17:41:23 +07)" (scheduled at 2026-09-17 17:41:18.553049+07:00)
2026-09-17 17:41:18,568 INFO apscheduler.executors.default: Job "main.<locals>.run_trail_sl (trigger: interval[0:00:05], next run at: 2026-09-17 17:41:23 +07)" executed successfully
2026-09-17 17:41:18,569 INFO apscheduler.executors.default: Running job "main.<locals>.run_position_check (trigger: interval[0:00:05], next run at: 2026-09-17 17:41:23 +07)" (scheduled at 2026-09-17 17:41:18.554314+07:00)
2026-09-17 17:41:18,578 INFO apscheduler.executors.default: Job "main.<locals>.run_position_check (trigger: interval[0:00:05], next run at: 2026-09-17 17:41:23 +07)" executed successfully
2026-09-17 17:41:19,072 INFO httpx: HTTP Request: POST https://api.telegram.org/bot8742189012:AAEXGnFYIvAR33uaXz4-tx-ywZHjdNFhmgY/getUpdates "HTTP/1.1 200 OK"
2026-09-17 17:41:21,019 INFO apscheduler.executors.default: Running job "main.<locals>.run_scan (trigger: cron[second='1,6,11,16,21,26,31,36,41,46,51,56'], next run at: 2026-09-17 17:41:26 +07)" (scheduled at 2026-09-17 17:41:21+07:00)
2026-09-17 17:41:21,020 INFO apscheduler.executors.default: Job "main.<locals>.run_scan (trigger: cron[second='1,6,11,16,21,26,31,36,41,46,51,56'], next run at: 2026-09-17 17:41:26 +07)" executed successfully
2026-09-17 17:41:23,553 INFO apscheduler.executors.default: Running job "main.<locals>.check_symbol_switch (trigger: interval[0:01:00], next run at: 2026-09-17 17:42:23 +07)" (scheduled at 2026-09-17 17:41:23.550053+07:00)
2026-09-17 17:41:23,562 INFO apscheduler.executors.default: Job "main.<locals>.check_symbol_switch (trigger: interval[0:01:00], next run at: 2026-09-17 17:42:23 +07)" executed successfully
2026-09-17 17:41:23,563 INFO apscheduler.executors.default: Running job "main.<locals>.run_demo_portfolio_scan (trigger: interval[0:05:00], next run at: 2026-09-17 17:46:23 +07)" (scheduled at 2026-09-17 17:41:23.552051+07:00)
2026-09-17 17:41:23,600 INFO apscheduler.executors.default: Running job "main.<locals>.run_lts_aus_fast_scan (trigger: interval[0:00:05], next run at: 2026-09-17 17:41:28 +07)" (scheduled at 2026-09-17 17:41:23.553049+07:00)
2026-09-17 17:41:23,600 INFO apscheduler.executors.default: Job "main.<locals>.run_lts_aus_fast_scan (trigger: interval[0:00:05], next run at: 2026-09-17 17:41:28 +07)" executed successfully
2026-09-17 17:41:23,601 INFO apscheduler.executors.default: Running job "main.<locals>.run_trail_sl (trigger: interval[0:00:05], next run at: 2026-09-17 17:41:28 +07)" (scheduled at 2026-09-17 17:41:23.553049+07:00)
2026-09-17 17:41:23,601 INFO apscheduler.executors.default: Job "main.<locals>.run_trail_sl (trigger: interval[0:00:05], next run at: 2026-09-17 17:41:28 +07)" executed successfully
2026-09-17 17:41:23,602 INFO apscheduler.executors.default: Running job "main.<locals>.run_position_check (trigger: interval[0:00:05], next run at: 2026-09-17 17:41:28 +07)" (scheduled at 2026-09-17 17:41:23.554314+07:00)
2026-09-17 17:41:23,609 INFO apscheduler.executors.default: Job "main.<locals>.run_position_check (trigger: interval[0:00:05], next run at: 2026-09-17 17:41:28 +07)" executed successfully
2026-09-17 17:41:23,610 INFO apscheduler.executors.default: Running job "main.<locals>.save_bot_state_job (trigger: interval[0:00:15], next run at: 2026-09-17 17:41:38 +07)" (scheduled at 2026-09-17 17:41:23.554314+07:00)
2026-09-17 17:41:23,613 INFO apscheduler.executors.default: Job "main.<locals>.save_bot_state_job (trigger: interval[0:00:15], next run at: 2026-09-17 17:41:38 +07)" executed successfully
2026-09-17 17:41:23,615 INFO apscheduler.executors.default: Running job "main.<locals>.run_watchdog (trigger: interval[0:01:00], next run at: 2026-09-17 17:42:23 +07)" (scheduled at 2026-09-17 17:41:23.556562+07:00)
2026-09-17 17:41:23,618 INFO apscheduler.executors.default: Job "main.<locals>.run_watchdog (trigger: interval[0:01:00], next run at: 2026-09-17 17:42:23 +07)" executed successfully
2026-09-17 17:41:23,756 INFO apscheduler.executors.default: Job "main.<locals>.run_demo_portfolio_scan (trigger: interval[0:05:00], next run at: 2026-09-17 17:46:23 +07)" executed successfully
2026-09-17 17:41:26,015 INFO apscheduler.executors.default: Running job "main.<locals>.run_scan (trigger: cron[second='1,6,11,16,21,26,31,36,41,46,51,56'], next run at: 2026-09-17 17:41:31 +07)" (scheduled at 2026-09-17 17:41:26+07:00)
2026-09-17 17:41:26,015 INFO apscheduler.executors.default: Job "main.<locals>.run_scan (trigger: cron[second='1,6,11,16,21,26,31,36,41,46,51,56'], next run at: 2026-09-17 17:41:31 +07)" executed successfully
2026-09-17 17:41:27,567 INFO apscheduler.executors.default: Running job "main.<locals>.write_heartbeat_job (trigger: interval[0:00:15], next run at: 2026-09-17 17:41:42 +07)" (scheduled at 2026-09-17 17:41:27.556562+07:00)
2026-09-17 17:41:27,570 INFO apscheduler.executors.default: Job "main.<locals>.write_heartbeat_job (trigger: interval[0:00:15], next run at: 2026-09-17 17:41:42 +07)" executed successfully
2026-09-17 17:41:28,562 INFO apscheduler.executors.default: Running job "main.<locals>.run_lts_aus_fast_scan (trigger: interval[0:00:05], next run at: 2026-09-17 17:41:33 +07)" (scheduled at 2026-09-17 17:41:28.553049+07:00)
2026-09-17 17:41:28,562 INFO apscheduler.executors.default: Job "main.<locals>.run_lts_aus_fast_scan (trigger: interval[0:00:05], next run at: 2026-09-17 17:41:33 +07)" executed successfully
2026-09-17 17:41:28,562 INFO apscheduler.executors.default: Running job "main.<locals>.run_trail_sl (trigger: interval[0:00:05], next run at: 2026-09-17 17:41:33 +07)" (scheduled at 2026-09-17 17:41:28.553049+07:00)
2026-09-17 17:41:28,563 INFO apscheduler.executors.default: Job "main.<locals>.run_trail_sl (trigger: interval[0:00:05], next run at: 2026-09-17 17:41:33 +07)" executed successfully
2026-09-17 17:41:28,563 INFO apscheduler.executors.default: Running job "main.<locals>.run_position_check (trigger: interval[0:00:05], next run at: 2026-09-17 17:41:33 +07)" (scheduled at 2026-09-17 17:41:28.554314+07:00)
2026-09-17 17:41:28,571 INFO apscheduler.executors.default: Job "main.<locals>.run_position_check (trigger: interval[0:00:05], next run at: 2026-09-17 17:41:33 +07)" executed successfully
2026-09-17 17:41:29,270 INFO httpx: HTTP Request: POST https://api.telegram.org/bot8742189012:AAEXGnFYIvAR33uaXz4-tx-ywZHjdNFhmgY/getUpdates "HTTP/1.1 200 OK"
2026-09-17 17:41:31,005 INFO apscheduler.executors.default: Running job "main.<locals>.run_scan (trigger: cron[second='1,6,11,16,21,26,31,36,41,46,51,56'], next run at: 2026-09-17 17:41:36 +07)" (scheduled at 2026-09-17 17:41:31+07:00)
2026-09-17 17:41:31,006 INFO apscheduler.executors.default: Job "main.<locals>.run_scan (trigger: cron[second='1,6,11,16,21,26,31,36,41,46,51,56'], next run at: 2026-09-17 17:41:36 +07)" executed successfully
2026-09-17 17:41:33,566 INFO apscheduler.executors.default: Running job "main.<locals>.run_lts_aus_fast_scan (trigger: interval[0:00:05], next run at: 2026-09-17 17:41:38 +07)" (scheduled at 2026-09-17 17:41:33.553049+07:00)
2026-09-17 17:41:33,567 INFO apscheduler.executors.default: Job "main.<locals>.run_lts_aus_fast_scan (trigger: interval[0:00:05], next run at: 2026-09-17 17:41:38 +07)" executed successfully
2026-09-17 17:41:33,567 INFO apscheduler.executors.default: Running job "main.<locals>.run_trail_sl (trigger: interval[0:00:05], next run at: 2026-09-17 17:41:38 +07)" (scheduled at 2026-09-17 17:41:33.553049+07:00)
2026-09-17 17:41:33,568 INFO apscheduler.executors.default: Job "main.<locals>.run_trail_sl (trigger: interval[0:00:05], next run at: 2026-09-17 17:41:38 +07)" executed successfully
2026-09-17 17:41:33,568 INFO apscheduler.executors.default: Running job "main.<locals>.run_position_check (trigger: interval[0:00:05], next run at: 2026-09-17 17:41:38 +07)" (scheduled at 2026-09-17 17:41:33.554314+07:00)
2026-09-17 17:41:33,576 INFO apscheduler.executors.default: Job "main.<locals>.run_position_check (trigger: interval[0:00:05], next run at: 2026-09-17 17:41:38 +07)" executed successfully
2026-09-17 17:41:36,018 INFO apscheduler.executors.default: Running job "main.<locals>.run_scan (trigger: cron[second='1,6,11,16,21,26,31,36,41,46,51,56'], next run at: 2026-09-17 17:41:41 +07)" (scheduled at 2026-09-17 17:41:36+07:00)
2026-09-17 17:41:36,019 INFO apscheduler.executors.default: Job "main.<locals>.run_scan (trigger: cron[second='1,6,11,16,21,26,31,36,41,46,51,56'], next run at: 2026-09-17 17:41:41 +07)" executed successfully
2026-09-17 17:41:38,566 INFO apscheduler.executors.default: Running job "main.<locals>.run_lts_aus_fast_scan (trigger: interval[0:00:05], next run at: 2026-09-17 17:41:43 +07)" (scheduled at 2026-09-17 17:41:38.553049+07:00)
2026-09-17 17:41:38,568 INFO apscheduler.executors.default: Job "main.<locals>.run_lts_aus_fast_scan (trigger: interval[0:00:05], next run at: 2026-09-17 17:41:43 +07)" executed successfully
2026-09-17 17:41:38,570 INFO apscheduler.executors.default: Running job "main.<locals>.run_trail_sl (trigger: interval[0:00:05], next run at: 2026-09-17 17:41:43 +07)" (scheduled at 2026-09-17 17:41:38.553049+07:00)
2026-09-17 17:41:38,570 INFO apscheduler.executors.default: Job "main.<locals>.run_trail_sl (trigger: interval[0:00:05], next run at: 2026-09-17 17:41:43 +07)" executed successfully
2026-09-17 17:41:38,571 INFO apscheduler.executors.default: Running job "main.<locals>.run_position_check (trigger: interval[0:00:05], next run at: 2026-09-17 17:41:43 +07)" (scheduled at 2026-09-17 17:41:38.554314+07:00)
2026-09-17 17:41:38,579 INFO apscheduler.executors.default: Job "main.<locals>.run_position_check (trigger: interval[0:00:05], next run at: 2026-09-17 17:41:43 +07)" executed successfully
2026-09-17 17:41:38,579 INFO apscheduler.executors.default: Running job "main.<locals>.save_bot_state_job (trigger: interval[0:00:15], next run at: 2026-09-17 17:41:53 +07)" (scheduled at 2026-09-17 17:41:38.554314+07:00)
2026-09-17 17:41:38,583 INFO apscheduler.executors.default: Job "main.<locals>.save_bot_state_job (trigger: interval[0:00:15], next run at: 2026-09-17 17:41:53 +07)" executed successfully
2026-09-17 17:41:39,473 INFO httpx: HTTP Request: POST https://api.telegram.org/bot8742189012:AAEXGnFYIvAR33uaXz4-tx-ywZHjdNFhmgY/getUpdates "HTTP/1.1 200 OK"
2026-09-17 17:41:41,010 INFO apscheduler.executors.default: Running job "main.<locals>.run_scan (trigger: cron[second='1,6,11,16,21,26,31,36,41,46,51,56'], next run at: 2026-09-17 17:41:46 +07)" (scheduled at 2026-09-17 17:41:41+07:00)
2026-09-17 17:41:41,011 INFO apscheduler.executors.default: Job "main.<locals>.run_scan (trigger: cron[second='1,6,11,16,21,26,31,36,41,46,51,56'], next run at: 2026-09-17 17:41:46 +07)" executed successfully
2026-09-17 17:41:42,562 INFO apscheduler.executors.default: Running job "main.<locals>.write_heartbeat_job (trigger: interval[0:00:15], next run at: 2026-09-17 17:41:57 +07)" (scheduled at 2026-09-17 17:41:42.556562+07:00)
2026-09-17 17:41:42,565 INFO apscheduler.executors.default: Job "main.<locals>.write_heartbeat_job (trigger: interval[0:00:15], next run at: 2026-09-17 17:41:57 +07)" executed successfully
2026-09-17 17:41:43,561 INFO apscheduler.executors.default: Running job "main.<locals>.run_lts_aus_fast_scan (trigger: interval[0:00:05], next run at: 2026-09-17 17:41:48 +07)" (scheduled at 2026-09-17 17:41:43.553049+07:00)
2026-09-17 17:41:43,561 INFO apscheduler.executors.default: Job "main.<locals>.run_lts_aus_fast_scan (trigger: interval[0:00:05], next run at: 2026-09-17 17:41:48 +07)" executed successfully
2026-09-17 17:41:43,562 INFO apscheduler.executors.default: Running job "main.<locals>.run_trail_sl (trigger: interval[0:00:05], next run at: 2026-09-17 17:41:48 +07)" (scheduled at 2026-09-17 17:41:43.553049+07:00)
2026-09-17 17:41:43,562 INFO apscheduler.executors.default: Job "main.<locals>.run_trail_sl (trigger: interval[0:00:05], next run at: 2026-09-17 17:41:48 +07)" executed successfully
2026-09-17 17:41:43,563 INFO apscheduler.executors.default: Running job "main.<locals>.run_position_check (trigger: interval[0:00:05], next run at: 2026-09-17 17:41:48 +07)" (scheduled at 2026-09-17 17:41:43.554314+07:00)
2026-09-17 17:41:43,572 INFO apscheduler.executors.default: Job "main.<locals>.run_position_check (trigger: interval[0:00:05], next run at: 2026-09-17 17:41:48 +07)" executed successfully
2026-09-17 17:41:46,006 INFO apscheduler.executors.default: Running job "main.<locals>.run_scan (trigger: cron[second='1,6,11,16,21,26,31,36,41,46,51,56'], next run at: 2026-09-17 17:41:51 +07)" (scheduled at 2026-09-17 17:41:46+07:00)
2026-09-17 17:41:46,007 INFO apscheduler.executors.default: Job "main.<locals>.run_scan (trigger: cron[second='1,6,11,16,21,26,31,36,41,46,51,56'], next run at: 2026-09-17 17:41:51 +07)" executed successfully
2026-09-17 17:41:48,564 INFO apscheduler.executors.default: Running job "main.<locals>.run_lts_aus_fast_scan (trigger: interval[0:00:05], next run at: 2026-09-17 17:41:53 +07)" (scheduled at 2026-09-17 17:41:48.553049+07:00)
2026-09-17 17:41:48,565 INFO apscheduler.executors.default: Job "main.<locals>.run_lts_aus_fast_scan (trigger: interval[0:00:05], next run at: 2026-09-17 17:41:53 +07)" executed successfully
2026-09-17 17:41:48,565 INFO apscheduler.executors.default: Running job "main.<locals>.run_trail_sl (trigger: interval[0:00:05], next run at: 2026-09-17 17:41:53 +07)" (scheduled at 2026-09-17 17:41:48.553049+07:00)
2026-09-17 17:41:48,566 INFO apscheduler.executors.default: Job "main.<locals>.run_trail_sl (trigger: interval[0:00:05], next run at: 2026-09-17 17:41:53 +07)" executed successfully
2026-09-17 17:41:48,566 INFO apscheduler.executors.default: Running job "main.<locals>.run_position_check (trigger: interval[0:00:05], next run at: 2026-09-17 17:41:53 +07)" (scheduled at 2026-09-17 17:41:48.554314+07:00)
2026-09-17 17:41:48,575 INFO apscheduler.executors.default: Job "main.<locals>.run_position_check (trigger: interval[0:00:05], next run at: 2026-09-17 17:41:53 +07)" executed successfully
2026-09-17 17:41:49,684 INFO httpx: HTTP Request: POST https://api.telegram.org/bot8742189012:AAEXGnFYIvAR33uaXz4-tx-ywZHjdNFhmgY/getUpdates "HTTP/1.1 200 OK"
2026-09-17 17:41:51,003 INFO apscheduler.executors.default: Running job "main.<locals>.run_scan (trigger: cron[second='1,6,11,16,21,26,31,36,41,46,51,56'], next run at: 2026-09-17 17:41:56 +07)" (scheduled at 2026-09-17 17:41:51+07:00)
2026-09-17 17:41:51,003 INFO apscheduler.executors.default: Job "main.<locals>.run_scan (trigger: cron[second='1,6,11,16,21,26,31,36,41,46,51,56'], next run at: 2026-09-17 17:41:56 +07)" executed successfully
2026-09-17 17:41:53,563 INFO apscheduler.executors.default: Running job "main.<locals>.run_lts_aus_fast_scan (trigger: interval[0:00:05], next run at: 2026-09-17 17:41:58 +07)" (scheduled at 2026-09-17 17:41:53.553049+07:00)
2026-09-17 17:41:53,564 INFO apscheduler.executors.default: Job "main.<locals>.run_lts_aus_fast_scan (trigger: interval[0:00:05], next run at: 2026-09-17 17:41:58 +07)" executed successfully
2026-09-17 17:41:53,567 INFO apscheduler.executors.default: Running job "main.<locals>.run_trail_sl (trigger: interval[0:00:05], next run at: 2026-09-17 17:41:58 +07)" (scheduled at 2026-09-17 17:41:53.553049+07:00)
2026-09-17 17:41:53,567 INFO apscheduler.executors.default: Job "main.<locals>.run_trail_sl (trigger: interval[0:00:05], next run at: 2026-09-17 17:41:58 +07)" executed successfully
2026-09-17 17:41:53,567 INFO apscheduler.executors.default: Running job "main.<locals>.run_position_check (trigger: interval[0:00:05], next run at: 2026-09-17 17:41:58 +07)" (scheduled at 2026-09-17 17:41:53.554314+07:00)
2026-09-17 17:41:53,575 INFO apscheduler.executors.default: Job "main.<locals>.run_position_check (trigger: interval[0:00:05], next run at: 2026-09-17 17:41:58 +07)" executed successfully
2026-09-17 17:41:53,575 INFO apscheduler.executors.default: Running job "main.<locals>.save_bot_state_job (trigger: interval[0:00:15], next run at: 2026-09-17 17:42:08 +07)" (scheduled at 2026-09-17 17:41:53.554314+07:00)
2026-09-17 17:41:53,579 INFO apscheduler.executors.default: Job "main.<locals>.save_bot_state_job (trigger: interval[0:00:15], next run at: 2026-09-17 17:42:08 +07)" executed successfully
2026-09-17 17:41:56,015 INFO apscheduler.executors.default: Running job "main.<locals>.run_scan (trigger: cron[second='1,6,11,16,21,26,31,36,41,46,51,56'], next run at: 2026-09-17 17:42:01 +07)" (scheduled at 2026-09-17 17:41:56+07:00)
2026-09-17 17:41:56,015 INFO apscheduler.executors.default: Job "main.<locals>.run_scan (trigger: cron[second='1,6,11,16,21,26,31,36,41,46,51,56'], next run at: 2026-09-17 17:42:01 +07)" executed successfully
2026-09-17 17:41:57,568 INFO apscheduler.executors.default: Running job "main.<locals>.write_heartbeat_job (trigger: interval[0:00:15], next run at: 2026-09-17 17:42:12 +07)" (scheduled at 2026-09-17 17:41:57.556562+07:00)
2026-09-17 17:41:57,571 INFO apscheduler.executors.default: Job "main.<locals>.write_heartbeat_job (trigger: interval[0:00:15], next run at: 2026-09-17 17:42:12 +07)" executed successfully
2026-09-17 17:41:58,572 INFO apscheduler.executors.default: Running job "main.<locals>.run_lts_aus_fast_scan (trigger: interval[0:00:05], next run at: 2026-09-17 17:42:03 +07)" (scheduled at 2026-09-17 17:41:58.553049+07:00)
2026-09-17 17:41:58,572 INFO apscheduler.executors.default: Job "main.<locals>.run_lts_aus_fast_scan (trigger: interval[0:00:05], next run at: 2026-09-17 17:42:03 +07)" executed successfully
2026-09-17 17:41:58,572 INFO apscheduler.executors.default: Running job "main.<locals>.run_trail_sl (trigger: interval[0:00:05], next run at: 2026-09-17 17:42:03 +07)" (scheduled at 2026-09-17 17:41:58.553049+07:00)
2026-09-17 17:41:58,573 INFO apscheduler.executors.default: Job "main.<locals>.run_trail_sl (trigger: interval[0:00:05], next run at: 2026-09-17 17:42:03 +07)" executed successfully
2026-09-17 17:41:58,573 INFO apscheduler.executors.default: Running job "main.<locals>.run_position_check (trigger: interval[0:00:05], next run at: 2026-09-17 17:42:03 +07)" (scheduled at 2026-09-17 17:41:58.554314+07:00)
2026-09-17 17:41:58,581 INFO apscheduler.executors.default: Job "main.<locals>.run_position_check (trigger: interval[0:00:05], next run at: 2026-09-17 17:42:03 +07)" executed successfully
2026-09-17 17:41:59,881 INFO httpx: HTTP Request: POST https://api.telegram.org/bot8742189012:AAEXGnFYIvAR33uaXz4-tx-ywZHjdNFhmgY/getUpdates "HTTP/1.1 200 OK"
2026-09-17 17:42:01,006 INFO apscheduler.executors.default: Running job "main.<locals>.run_scan (trigger: cron[second='1,6,11,16,21,26,31,36,41,46,51,56'], next run at: 2026-09-17 17:42:06 +07)" (scheduled at 2026-09-17 17:42:01+07:00)
2026-09-17 17:42:01,008 INFO apscheduler.executors.default: Job "main.<locals>.run_scan (trigger: cron[second='1,6,11,16,21,26,31,36,41,46,51,56'], next run at: 2026-09-17 17:42:06 +07)" executed successfully
2026-09-17 17:42:03,569 INFO apscheduler.executors.default: Running job "main.<locals>.run_lts_aus_fast_scan (trigger: interval[0:00:05], next run at: 2026-09-17 17:42:08 +07)" (scheduled at 2026-09-17 17:42:03.553049+07:00)
2026-09-17 17:42:03,569 INFO apscheduler.executors.default: Job "main.<locals>.run_lts_aus_fast_scan (trigger: interval[0:00:05], next run at: 2026-09-17 17:42:08 +07)" executed successfully
2026-09-17 17:42:03,570 INFO apscheduler.executors.default: Running job "main.<locals>.run_trail_sl (trigger: interval[0:00:05], next run at: 2026-09-17 17:42:08 +07)" (scheduled at 2026-09-17 17:42:03.553049+07:00)
2026-09-17 17:42:03,570 INFO apscheduler.executors.default: Job "main.<locals>.run_trail_sl (trigger: interval[0:00:05], next run at: 2026-09-17 17:42:08 +07)" executed successfully
2026-09-17 17:42:03,571 INFO apscheduler.executors.default: Running job "main.<locals>.run_position_check (trigger: interval[0:00:05], next run at: 2026-09-17 17:42:08 +07)" (scheduled at 2026-09-17 17:42:03.554314+07:00)
2026-09-17 17:42:03,579 INFO apscheduler.executors.default: Job "main.<locals>.run_position_check (trigger: interval[0:00:05], next run at: 2026-09-17 17:42:08 +07)" executed successfully
2026-09-17 17:42:06,013 INFO apscheduler.executors.default: Running job "main.<locals>.run_scan (trigger: cron[second='1,6,11,16,21,26,31,36,41,46,51,56'], next run at: 2026-09-17 17:42:11 +07)" (scheduled at 2026-09-17 17:42:06+07:00)
2026-09-17 17:42:06,014 INFO apscheduler.executors.default: Job "main.<locals>.run_scan (trigger: cron[second='1,6,11,16,21,26,31,36,41,46,51,56'], next run at: 2026-09-17 17:42:11 +07)" executed successfully
2026-09-17 17:42:08,564 INFO apscheduler.executors.default: Running job "main.<locals>.run_lts_aus_fast_scan (trigger: interval[0:00:05], next run at: 2026-09-17 17:42:13 +07)" (scheduled at 2026-09-17 17:42:08.553049+07:00)
2026-09-17 17:42:08,566 INFO apscheduler.executors.default: Job "main.<locals>.run_lts_aus_fast_scan (trigger: interval[0:00:05], next run at: 2026-09-17 17:42:13 +07)" executed successfully
2026-09-17 17:42:08,566 INFO apscheduler.executors.default: Running job "main.<locals>.run_trail_sl (trigger: interval[0:00:05], next run at: 2026-09-17 17:42:13 +07)" (scheduled at 2026-09-17 17:42:08.553049+07:00)
2026-09-17 17:42:08,566 INFO apscheduler.executors.default: Job "main.<locals>.run_trail_sl (trigger: interval[0:00:05], next run at: 2026-09-17 17:42:13 +07)" executed successfully
2026-09-17 17:42:08,567 INFO apscheduler.executors.default: Running job "main.<locals>.run_position_check (trigger: interval[0:00:05], next run at: 2026-09-17 17:42:13 +07)" (scheduled at 2026-09-17 17:42:08.554314+07:00)
2026-09-17 17:42:08,574 INFO apscheduler.executors.default: Job "main.<locals>.run_position_check (trigger: interval[0:00:05], next run at: 2026-09-17 17:42:13 +07)" executed successfully
2026-09-17 17:42:08,574 INFO apscheduler.executors.default: Running job "main.<locals>.save_bot_state_job (trigger: interval[0:00:15], next run at: 2026-09-17 17:42:23 +07)" (scheduled at 2026-09-17 17:42:08.554314+07:00)
2026-09-17 17:42:08,577 INFO apscheduler.executors.default: Job "main.<locals>.save_bot_state_job (trigger: interval[0:00:15], next run at: 2026-09-17 17:42:23 +07)" executed successfully
2026-09-17 17:42:10,076 INFO httpx: HTTP Request: POST https://api.telegram.org/bot8742189012:AAEXGnFYIvAR33uaXz4-tx-ywZHjdNFhmgY/getUpdates "HTTP/1.1 200 OK"
2026-09-17 17:42:11,030 INFO apscheduler.executors.default: Running job "main.<locals>.run_scan (trigger: cron[second='1,6,11,16,21,26,31,36,41,46,51,56'], next run at: 2026-09-17 17:42:16 +07)" (scheduled at 2026-09-17 17:42:11+07:00)
2026-09-17 17:42:11,031 INFO apscheduler.executors.default: Job "main.<locals>.run_scan (trigger: cron[second='1,6,11,16,21,26,31,36,41,46,51,56'], next run at: 2026-09-17 17:42:16 +07)" executed successfully
2026-09-17 17:42:12,568 INFO apscheduler.executors.default: Running job "main.<locals>.write_heartbeat_job (trigger: interval[0:00:15], next run at: 2026-09-17 17:42:27 +07)" (scheduled at 2026-09-17 17:42:12.556562+07:00)
2026-09-17 17:42:12,571 INFO apscheduler.executors.default: Job "main.<locals>.write_heartbeat_job (trigger: interval[0:00:15], next run at: 2026-09-17 17:42:27 +07)" executed successfully
2026-09-17 17:42:13,569 INFO apscheduler.executors.default: Running job "main.<locals>.run_lts_aus_fast_scan (trigger: interval[0:00:05], next run at: 2026-09-17 17:42:18 +07)" (scheduled at 2026-09-17 17:42:13.553049+07:00)
2026-09-17 17:42:13,569 INFO apscheduler.executors.default: Job "main.<locals>.run_lts_aus_fast_scan (trigger: interval[0:00:05], next run at: 2026-09-17 17:42:18 +07)" executed successfully
2026-09-17 17:42:13,569 INFO apscheduler.executors.default: Running job "main.<locals>.run_trail_sl (trigger: interval[0:00:05], next run at: 2026-09-17 17:42:18 +07)" (scheduled at 2026-09-17 17:42:13.553049+07:00)
2026-09-17 17:42:13,569 INFO apscheduler.executors.default: Job "main.<locals>.run_trail_sl (trigger: interval[0:00:05], next run at: 2026-09-17 17:42:18 +07)" executed successfully
2026-09-17 17:42:13,570 INFO apscheduler.executors.default: Running job "main.<locals>.run_position_check (trigger: interval[0:00:05], next run at: 2026-09-17 17:42:18 +07)" (scheduled at 2026-09-17 17:42:13.554314+07:00)
2026-09-17 17:42:13,577 INFO apscheduler.executors.default: Job "main.<locals>.run_position_check (trigger: interval[0:00:05], next run at: 2026-09-17 17:42:18 +07)" executed successfully
2026-09-17 17:42:16,019 INFO apscheduler.executors.default: Running job "main.<locals>.run_scan (trigger: cron[second='1,6,11,16,21,26,31,36,41,46,51,56'], next run at: 2026-09-17 17:42:21 +07)" (scheduled at 2026-09-17 17:42:16+07:00)
2026-09-17 17:42:16,020 INFO apscheduler.executors.default: Job "main.<locals>.run_scan (trigger: cron[second='1,6,11,16,21,26,31,36,41,46,51,56'], next run at: 2026-09-17 17:42:21 +07)" executed successfully
2026-09-17 17:42:18,564 INFO apscheduler.executors.default: Running job "main.<locals>.run_lts_aus_fast_scan (trigger: interval[0:00:05], next run at: 2026-09-17 17:42:23 +07)" (scheduled at 2026-09-17 17:42:18.553049+07:00)
2026-09-17 17:42:18,565 INFO apscheduler.executors.default: Job "main.<locals>.run_lts_aus_fast_scan (trigger: interval[0:00:05], next run at: 2026-09-17 17:42:23 +07)" executed successfully
2026-09-17 17:42:18,565 INFO apscheduler.executors.default: Running job "main.<locals>.run_trail_sl (trigger: interval[0:00:05], next run at: 2026-09-17 17:42:23 +07)" (scheduled at 2026-09-17 17:42:18.553049+07:00)
2026-09-17 17:42:18,565 INFO apscheduler.executors.default: Job "main.<locals>.run_trail_sl (trigger: interval[0:00:05], next run at: 2026-09-17 17:42:23 +07)" executed successfully
2026-09-17 17:42:18,566 INFO apscheduler.executors.default: Running job "main.<locals>.run_position_check (trigger: interval[0:00:05], next run at: 2026-09-17 17:42:23 +07)" (scheduled at 2026-09-17 17:42:18.554314+07:00)
2026-09-17 17:42:18,571 INFO apscheduler.executors.default: Job "main.<locals>.run_position_check (trigger: interval[0:00:05], next run at: 2026-09-17 17:42:23 +07)" executed successfully
2026-09-17 17:42:20,271 INFO httpx: HTTP Request: POST https://api.telegram.org/bot8742189012:AAEXGnFYIvAR33uaXz4-tx-ywZHjdNFhmgY/getUpdates "HTTP/1.1 200 OK"
2026-09-17 17:42:21,013 INFO apscheduler.executors.default: Running job "main.<locals>.run_scan (trigger: cron[second='1,6,11,16,21,26,31,36,41,46,51,56'], next run at: 2026-09-17 17:42:26 +07)" (scheduled at 2026-09-17 17:42:21+07:00)
2026-09-17 17:42:21,013 INFO apscheduler.executors.default: Job "main.<locals>.run_scan (trigger: cron[second='1,6,11,16,21,26,31,36,41,46,51,56'], next run at: 2026-09-17 17:42:26 +07)" executed successfully
2026-09-17 17:42:23,562 INFO apscheduler.executors.default: Running job "main.<locals>.check_symbol_switch (trigger: interval[0:01:00], next run at: 2026-09-17 17:43:23 +07)" (scheduled at 2026-09-17 17:42:23.550053+07:00)
2026-09-17 17:42:23,574 INFO apscheduler.executors.default: Job "main.<locals>.check_symbol_switch (trigger: interval[0:01:00], next run at: 2026-09-17 17:43:23 +07)" executed successfully
2026-09-17 17:42:23,575 INFO apscheduler.executors.default: Running job "main.<locals>.run_lts_aus_fast_scan (trigger: interval[0:00:05], next run at: 2026-09-17 17:42:28 +07)" (scheduled at 2026-09-17 17:42:23.553049+07:00)
2026-09-17 17:42:23,575 INFO apscheduler.executors.default: Job "main.<locals>.run_lts_aus_fast_scan (trigger: interval[0:00:05], next run at: 2026-09-17 17:42:28 +07)" executed successfully
2026-09-17 17:42:23,575 INFO apscheduler.executors.default: Running job "main.<locals>.run_trail_sl (trigger: interval[0:00:05], next run at: 2026-09-17 17:42:28 +07)" (scheduled at 2026-09-17 17:42:23.553049+07:00)
2026-09-17 17:42:23,576 INFO apscheduler.executors.default: Job "main.<locals>.run_trail_sl (trigger: interval[0:00:05], next run at: 2026-09-17 17:42:28 +07)" executed successfully
2026-09-17 17:42:23,576 INFO apscheduler.executors.default: Running job "main.<locals>.run_position_check (trigger: interval[0:00:05], next run at: 2026-09-17 17:42:28 +07)" (scheduled at 2026-09-17 17:42:23.554314+07:00)
2026-09-17 17:42:23,584 INFO apscheduler.executors.default: Job "main.<locals>.run_position_check (trigger: interval[0:00:05], next run at: 2026-09-17 17:42:28 +07)" executed successfully
2026-09-17 17:42:23,585 INFO apscheduler.executors.default: Running job "main.<locals>.save_bot_state_job (trigger: interval[0:00:15], next run at: 2026-09-17 17:42:38 +07)" (scheduled at 2026-09-17 17:42:23.554314+07:00)
2026-09-17 17:42:23,588 INFO apscheduler.executors.default: Job "main.<locals>.save_bot_state_job (trigger: interval[0:00:15], next run at: 2026-09-17 17:42:38 +07)" executed successfully
2026-09-17 17:42:23,589 INFO apscheduler.executors.default: Running job "main.<locals>.run_watchdog (trigger: interval[0:01:00], next run at: 2026-09-17 17:43:23 +07)" (scheduled at 2026-09-17 17:42:23.556562+07:00)
2026-09-17 17:42:23,595 INFO apscheduler.executors.default: Job "main.<locals>.run_watchdog (trigger: interval[0:01:00], next run at: 2026-09-17 17:43:23 +07)" executed successfully
2026-09-17 17:42:26,006 INFO apscheduler.executors.default: Running job "main.<locals>.run_scan (trigger: cron[second='1,6,11,16,21,26,31,36,41,46,51,56'], next run at: 2026-09-17 17:42:31 +07)" (scheduled at 2026-09-17 17:42:26+07:00)
2026-09-17 17:42:26,007 INFO apscheduler.executors.default: Job "main.<locals>.run_scan (trigger: cron[second='1,6,11,16,21,26,31,36,41,46,51,56'], next run at: 2026-09-17 17:42:31 +07)" executed successfully
2026-09-17 17:42:27,564 INFO apscheduler.executors.default: Running job "main.<locals>.write_heartbeat_job (trigger: interval[0:00:15], next run at: 2026-09-17 17:42:42 +07)" (scheduled at 2026-09-17 17:42:27.556562+07:00)
2026-09-17 17:42:27,569 INFO apscheduler.executors.default: Job "main.<locals>.write_heartbeat_job (trigger: interval[0:00:15], next run at: 2026-09-17 17:42:42 +07)" executed successfully
2026-09-17 17:42:28,562 INFO apscheduler.executors.default: Running job "main.<locals>.run_lts_aus_fast_scan (trigger: interval[0:00:05], next run at: 2026-09-17 17:42:33 +07)" (scheduled at 2026-09-17 17:42:28.553049+07:00)
2026-09-17 17:42:28,562 INFO apscheduler.executors.default: Job "main.<locals>.run_lts_aus_fast_scan (trigger: interval[0:00:05], next run at: 2026-09-17 17:42:33 +07)" executed successfully
2026-09-17 17:42:28,562 INFO apscheduler.executors.default: Running job "main.<locals>.run_trail_sl (trigger: interval[0:00:05], next run at: 2026-09-17 17:42:33 +07)" (scheduled at 2026-09-17 17:42:28.553049+07:00)
2026-09-17 17:42:28,564 INFO apscheduler.executors.default: Job "main.<locals>.run_trail_sl (trigger: interval[0:00:05], next run at: 2026-09-17 17:42:33 +07)" executed successfully
2026-09-17 17:42:28,564 INFO apscheduler.executors.default: Running job "main.<locals>.run_position_check (trigger: interval[0:00:05], next run at: 2026-09-17 17:42:33 +07)" (scheduled at 2026-09-17 17:42:28.554314+07:00)
2026-09-17 17:42:28,572 INFO apscheduler.executors.default: Job "main.<locals>.run_position_check (trigger: interval[0:00:05], next run at: 2026-09-17 17:42:33 +07)" executed successfully
2026-09-17 17:42:30,471 INFO httpx: HTTP Request: POST https://api.telegram.org/bot8742189012:AAEXGnFYIvAR33uaXz4-tx-ywZHjdNFhmgY/getUpdates "HTTP/1.1 200 OK"
2026-09-17 17:42:31,017 INFO apscheduler.executors.default: Running job "main.<locals>.run_scan (trigger: cron[second='1,6,11,16,21,26,31,36,41,46,51,56'], next run at: 2026-09-17 17:42:36 +07)" (scheduled at 2026-09-17 17:42:31+07:00)
2026-09-17 17:42:31,017 INFO apscheduler.executors.default: Job "main.<locals>.run_scan (trigger: cron[second='1,6,11,16,21,26,31,36,41,46,51,56'], next run at: 2026-09-17 17:42:36 +07)" executed successfully
2026-09-17 17:42:33,568 INFO apscheduler.executors.default: Running job "main.<locals>.run_lts_aus_fast_scan (trigger: interval[0:00:05], next run at: 2026-09-17 17:42:38 +07)" (scheduled at 2026-09-17 17:42:33.553049+07:00)
2026-09-17 17:42:33,568 INFO apscheduler.executors.default: Job "main.<locals>.run_lts_aus_fast_scan (trigger: interval[0:00:05], next run at: 2026-09-17 17:42:38 +07)" executed successfully
2026-09-17 17:42:33,568 INFO apscheduler.executors.default: Running job "main.<locals>.run_trail_sl (trigger: interval[0:00:05], next run at: 2026-09-17 17:42:38 +07)" (scheduled at 2026-09-17 17:42:33.553049+07:00)
2026-09-17 17:42:33,568 INFO apscheduler.executors.default: Job "main.<locals>.run_trail_sl (trigger: interval[0:00:05], next run at: 2026-09-17 17:42:38 +07)" executed successfully
2026-09-17 17:42:33,568 INFO apscheduler.executors.default: Running job "main.<locals>.run_position_check (trigger: interval[0:00:05], next run at: 2026-09-17 17:42:38 +07)" (scheduled at 2026-09-17 17:42:33.554314+07:00)
2026-09-17 17:42:33,576 INFO apscheduler.executors.default: Job "main.<locals>.run_position_check (trigger: interval[0:00:05], next run at: 2026-09-17 17:42:38 +07)" executed successfully
2026-09-17 17:42:36,024 INFO apscheduler.executors.default: Running job "main.<locals>.run_scan (trigger: cron[second='1,6,11,16,21,26,31,36,41,46,51,56'], next run at: 2026-09-17 17:42:41 +07)" (scheduled at 2026-09-17 17:42:36+07:00)
2026-09-17 17:42:36,024 INFO apscheduler.executors.default: Job "main.<locals>.run_scan (trigger: cron[second='1,6,11,16,21,26,31,36,41,46,51,56'], next run at: 2026-09-17 17:42:41 +07)" executed successfully
2026-09-17 17:42:38,565 INFO apscheduler.executors.default: Running job "main.<locals>.run_lts_aus_fast_scan (trigger: interval[0:00:05], next run at: 2026-09-17 17:42:43 +07)" (scheduled at 2026-09-17 17:42:38.553049+07:00)
2026-09-17 17:42:38,568 INFO apscheduler.executors.default: Job "main.<locals>.run_lts_aus_fast_scan (trigger: interval[0:00:05], next run at: 2026-09-17 17:42:43 +07)" executed successfully
2026-09-17 17:42:38,569 INFO apscheduler.executors.default: Running job "main.<locals>.run_trail_sl (trigger: interval[0:00:05], next run at: 2026-09-17 17:42:43 +07)" (scheduled at 2026-09-17 17:42:38.553049+07:00)
2026-09-17 17:42:38,569 INFO apscheduler.executors.default: Job "main.<locals>.run_trail_sl (trigger: interval[0:00:05], next run at: 2026-09-17 17:42:43 +07)" executed successfully
2026-09-17 17:42:38,570 INFO apscheduler.executors.default: Running job "main.<locals>.run_position_check (trigger: interval[0:00:05], next run at: 2026-09-17 17:42:43 +07)" (scheduled at 2026-09-17 17:42:38.554314+07:00)
2026-09-17 17:42:38,577 INFO apscheduler.executors.default: Job "main.<locals>.run_position_check (trigger: interval[0:00:05], next run at: 2026-09-17 17:42:43 +07)" executed successfully
2026-09-17 17:42:38,578 INFO apscheduler.executors.default: Running job "main.<locals>.save_bot_state_job (trigger: interval[0:00:15], next run at: 2026-09-17 17:42:53 +07)" (scheduled at 2026-09-17 17:42:38.554314+07:00)
2026-09-17 17:42:38,580 INFO apscheduler.executors.default: Job "main.<locals>.save_bot_state_job (trigger: interval[0:00:15], next run at: 2026-09-17 17:42:53 +07)" executed successfully
2026-09-17 17:42:40,676 INFO httpx: HTTP Request: POST https://api.telegram.org/bot8742189012:AAEXGnFYIvAR33uaXz4-tx-ywZHjdNFhmgY/getUpdates "HTTP/1.1 200 OK"
2026-09-17 17:42:41,011 INFO apscheduler.executors.default: Running job "main.<locals>.run_scan (trigger: cron[second='1,6,11,16,21,26,31,36,41,46,51,56'], next run at: 2026-09-17 17:42:46 +07)" (scheduled at 2026-09-17 17:42:41+07:00)
2026-09-17 17:42:41,011 INFO apscheduler.executors.default: Job "main.<locals>.run_scan (trigger: cron[second='1,6,11,16,21,26,31,36,41,46,51,56'], next run at: 2026-09-17 17:42:46 +07)" executed successfully
2026-09-17 17:42:42,559 INFO apscheduler.executors.default: Running job "main.<locals>.write_heartbeat_job (trigger: interval[0:00:15], next run at: 2026-09-17 17:42:57 +07)" (scheduled at 2026-09-17 17:42:42.556562+07:00)
2026-09-17 17:42:42,563 INFO apscheduler.executors.default: Job "main.<locals>.write_heartbeat_job (trigger: interval[0:00:15], next run at: 2026-09-17 17:42:57 +07)" executed successfully
2026-09-17 17:42:43,568 INFO apscheduler.executors.default: Running job "main.<locals>.run_lts_aus_fast_scan (trigger: interval[0:00:05], next run at: 2026-09-17 17:42:48 +07)" (scheduled at 2026-09-17 17:42:43.553049+07:00)
2026-09-17 17:42:43,568 INFO apscheduler.executors.default: Job "main.<locals>.run_lts_aus_fast_scan (trigger: interval[0:00:05], next run at: 2026-09-17 17:42:48 +07)" executed successfully
2026-09-17 17:42:43,569 INFO apscheduler.executors.default: Running job "main.<locals>.run_trail_sl (trigger: interval[0:00:05], next run at: 2026-09-17 17:42:48 +07)" (scheduled at 2026-09-17 17:42:43.553049+07:00)
2026-09-17 17:42:43,569 INFO apscheduler.executors.default: Job "main.<locals>.run_trail_sl (trigger: interval[0:00:05], next run at: 2026-09-17 17:42:48 +07)" executed successfully
2026-09-17 17:42:43,570 INFO apscheduler.executors.default: Running job "main.<locals>.run_position_check (trigger: interval[0:00:05], next run at: 2026-09-17 17:42:48 +07)" (scheduled at 2026-09-17 17:42:43.554314+07:00)
2026-09-17 17:42:43,576 INFO apscheduler.executors.default: Job "main.<locals>.run_position_check (trigger: interval[0:00:05], next run at: 2026-09-17 17:42:48 +07)" executed successfully
2026-09-17 17:42:46,022 INFO apscheduler.executors.default: Running job "main.<locals>.run_scan (trigger: cron[second='1,6,11,16,21,26,31,36,41,46,51,56'], next run at: 2026-09-17 17:42:51 +07)" (scheduled at 2026-09-17 17:42:46+07:00)
2026-09-17 17:42:46,023 INFO apscheduler.executors.default: Job "main.<locals>.run_scan (trigger: cron[second='1,6,11,16,21,26,31,36,41,46,51,56'], next run at: 2026-09-17 17:42:51 +07)" executed successfully
2026-09-17 17:42:48,559 INFO apscheduler.executors.default: Running job "main.<locals>.run_lts_aus_fast_scan (trigger: interval[0:00:05], next run at: 2026-09-17 17:42:53 +07)" (scheduled at 2026-09-17 17:42:48.553049+07:00)
2026-09-17 17:42:48,559 INFO apscheduler.executors.default: Job "main.<locals>.run_lts_aus_fast_scan (trigger: interval[0:00:05], next run at: 2026-09-17 17:42:53 +07)" executed successfully
2026-09-17 17:42:48,559 INFO apscheduler.executors.default: Running job "main.<locals>.run_trail_sl (trigger: interval[0:00:05], next run at: 2026-09-17 17:42:53 +07)" (scheduled at 2026-09-17 17:42:48.553049+07:00)
2026-09-17 17:42:48,560 INFO apscheduler.executors.default: Job "main.<locals>.run_trail_sl (trigger: interval[0:00:05], next run at: 2026-09-17 17:42:53 +07)" executed successfully
2026-09-17 17:42:48,560 INFO apscheduler.executors.default: Running job "main.<locals>.run_position_check (trigger: interval[0:00:05], next run at: 2026-09-17 17:42:53 +07)" (scheduled at 2026-09-17 17:42:48.554314+07:00)
2026-09-17 17:42:48,567 INFO apscheduler.executors.default: Job "main.<locals>.run_position_check (trigger: interval[0:00:05], next run at: 2026-09-17 17:42:53 +07)" executed successfully
2026-09-17 17:42:50,874 INFO httpx: HTTP Request: POST https://api.telegram.org/bot8742189012:AAEXGnFYIvAR33uaXz4-tx-ywZHjdNFhmgY/getUpdates "HTTP/1.1 200 OK"
2026-09-17 17:42:51,010 INFO apscheduler.executors.default: Running job "main.<locals>.run_scan (trigger: cron[second='1,6,11,16,21,26,31,36,41,46,51,56'], next run at: 2026-09-17 17:42:56 +07)" (scheduled at 2026-09-17 17:42:51+07:00)
2026-09-17 17:42:51,012 INFO apscheduler.executors.default: Job "main.<locals>.run_scan (trigger: cron[second='1,6,11,16,21,26,31,36,41,46,51,56'], next run at: 2026-09-17 17:42:56 +07)" executed successfully
2026-09-17 17:42:53,562 INFO apscheduler.executors.default: Running job "main.<locals>.run_lts_aus_fast_scan (trigger: interval[0:00:05], next run at: 2026-09-17 17:42:58 +07)" (scheduled at 2026-09-17 17:42:53.553049+07:00)
2026-09-17 17:42:53,563 INFO apscheduler.executors.default: Job "main.<locals>.run_lts_aus_fast_scan (trigger: interval[0:00:05], next run at: 2026-09-17 17:42:58 +07)" executed successfully
2026-09-17 17:42:53,563 INFO apscheduler.executors.default: Running job "main.<locals>.run_trail_sl (trigger: interval[0:00:05], next run at: 2026-09-17 17:42:58 +07)" (scheduled at 2026-09-17 17:42:53.553049+07:00)
2026-09-17 17:42:53,564 INFO apscheduler.executors.default: Job "main.<locals>.run_trail_sl (trigger: interval[0:00:05], next run at: 2026-09-17 17:42:58 +07)" executed successfully
2026-09-17 17:42:53,566 INFO apscheduler.executors.default: Running job "main.<locals>.run_position_check (trigger: interval[0:00:05], next run at: 2026-09-17 17:42:58 +07)" (scheduled at 2026-09-17 17:42:53.554314+07:00)
2026-09-17 17:42:53,574 INFO apscheduler.executors.default: Job "main.<locals>.run_position_check (trigger: interval[0:00:05], next run at: 2026-09-17 17:42:58 +07)" executed successfully
2026-09-17 17:42:53,574 INFO apscheduler.executors.default: Running job "main.<locals>.save_bot_state_job (trigger: interval[0:00:15], next run at: 2026-09-17 17:43:08 +07)" (scheduled at 2026-09-17 17:42:53.554314+07:00)
2026-09-17 17:42:53,578 INFO apscheduler.executors.default: Job "main.<locals>.save_bot_state_job (trigger: interval[0:00:15], next run at: 2026-09-17 17:43:08 +07)" executed successfully
2026-09-17 17:42:56,015 INFO apscheduler.executors.default: Running job "main.<locals>.run_scan (trigger: cron[second='1,6,11,16,21,26,31,36,41,46,51,56'], next run at: 2026-09-17 17:43:01 +07)" (scheduled at 2026-09-17 17:42:56+07:00)
2026-09-17 17:42:56,016 INFO apscheduler.executors.default: Job "main.<locals>.run_scan (trigger: cron[second='1,6,11,16,21,26,31,36,41,46,51,56'], next run at: 2026-09-17 17:43:01 +07)" executed successfully
2026-09-17 17:42:57,563 INFO apscheduler.executors.default: Running job "main.<locals>.write_heartbeat_job (trigger: interval[0:00:15], next run at: 2026-09-17 17:43:12 +07)" (scheduled at 2026-09-17 17:42:57.556562+07:00)
2026-09-17 17:42:57,568 INFO apscheduler.executors.default: Job "main.<locals>.write_heartbeat_job (trigger: interval[0:00:15], next run at: 2026-09-17 17:43:12 +07)" executed successfully
2026-09-17 17:42:58,563 INFO apscheduler.executors.default: Running job "main.<locals>.run_lts_aus_fast_scan (trigger: interval[0:00:05], next run at: 2026-09-17 17:43:03 +07)" (scheduled at 2026-09-17 17:42:58.553049+07:00)
2026-09-17 17:42:58,563 INFO apscheduler.executors.default: Job "main.<locals>.run_lts_aus_fast_scan (trigger: interval[0:00:05], next run at: 2026-09-17 17:43:03 +07)" executed successfully
2026-09-17 17:42:58,564 INFO apscheduler.executors.default: Running job "main.<locals>.run_trail_sl (trigger: interval[0:00:05], next run at: 2026-09-17 17:43:03 +07)" (scheduled at 2026-09-17 17:42:58.553049+07:00)
2026-09-17 17:42:58,565 INFO apscheduler.executors.default: Job "main.<locals>.run_trail_sl (trigger: interval[0:00:05], next run at: 2026-09-17 17:43:03 +07)" executed successfully
2026-09-17 17:42:58,565 INFO apscheduler.executors.default: Running job "main.<locals>.run_position_check (trigger: interval[0:00:05], next run at: 2026-09-17 17:43:03 +07)" (scheduled at 2026-09-17 17:42:58.554314+07:00)
2026-09-17 17:42:58,573 INFO apscheduler.executors.default: Job "main.<locals>.run_position_check (trigger: interval[0:00:05], next run at: 2026-09-17 17:43:03 +07)" executed successfully
2026-09-17 17:43:01,011 INFO apscheduler.executors.default: Running job "main.<locals>.run_scan (trigger: cron[second='1,6,11,16,21,26,31,36,41,46,51,56'], next run at: 2026-09-17 17:43:06 +07)" (scheduled at 2026-09-17 17:43:01+07:00)
2026-09-17 17:43:01,011 INFO apscheduler.executors.default: Job "main.<locals>.run_scan (trigger: cron[second='1,6,11,16,21,26,31,36,41,46,51,56'], next run at: 2026-09-17 17:43:06 +07)" executed successfully
2026-09-17 17:43:01,069 INFO httpx: HTTP Request: POST https://api.telegram.org/bot8742189012:AAEXGnFYIvAR33uaXz4-tx-ywZHjdNFhmgY/getUpdates "HTTP/1.1 200 OK"
2026-09-17 17:43:03,569 INFO apscheduler.executors.default: Running job "main.<locals>.run_lts_aus_fast_scan (trigger: interval[0:00:05], next run at: 2026-09-17 17:43:08 +07)" (scheduled at 2026-09-17 17:43:03.553049+07:00)
2026-09-17 17:43:03,569 INFO apscheduler.executors.default: Job "main.<locals>.run_lts_aus_fast_scan (trigger: interval[0:00:05], next run at: 2026-09-17 17:43:08 +07)" executed successfully
2026-09-17 17:43:03,570 INFO apscheduler.executors.default: Running job "main.<locals>.run_trail_sl (trigger: interval[0:00:05], next run at: 2026-09-17 17:43:08 +07)" (scheduled at 2026-09-17 17:43:03.553049+07:00)
2026-09-17 17:43:03,570 INFO apscheduler.executors.default: Job "main.<locals>.run_trail_sl (trigger: interval[0:00:05], next run at: 2026-09-17 17:43:08 +07)" executed successfully
2026-09-17 17:43:03,571 INFO apscheduler.executors.default: Running job "main.<locals>.run_position_check (trigger: interval[0:00:05], next run at: 2026-09-17 17:43:08 +07)" (scheduled at 2026-09-17 17:43:03.554314+07:00)
2026-09-17 17:43:03,579 INFO apscheduler.executors.default: Job "main.<locals>.run_position_check (trigger: interval[0:00:05], next run at: 2026-09-17 17:43:08 +07)" executed successfully
2026-09-17 17:43:06,025 INFO apscheduler.executors.default: Running job "main.<locals>.run_scan (trigger: cron[second='1,6,11,16,21,26,31,36,41,46,51,56'], next run at: 2026-09-17 17:43:11 +07)" (scheduled at 2026-09-17 17:43:06+07:00)
2026-09-17 17:43:06,028 INFO apscheduler.executors.default: Job "main.<locals>.run_scan (trigger: cron[second='1,6,11,16,21,26,31,36,41,46,51,56'], next run at: 2026-09-17 17:43:11 +07)" executed successfully
2026-09-17 17:43:08,569 INFO apscheduler.executors.default: Running job "main.<locals>.run_lts_aus_fast_scan (trigger: interval[0:00:05], next run at: 2026-09-17 17:43:13 +07)" (scheduled at 2026-09-17 17:43:08.553049+07:00)
2026-09-17 17:43:08,572 INFO apscheduler.executors.default: Job "main.<locals>.run_lts_aus_fast_scan (trigger: interval[0:00:05], next run at: 2026-09-17 17:43:13 +07)" executed successfully
2026-09-17 17:43:08,572 INFO apscheduler.executors.default: Running job "main.<locals>.run_trail_sl (trigger: interval[0:00:05], next run at: 2026-09-17 17:43:13 +07)" (scheduled at 2026-09-17 17:43:08.553049+07:00)
2026-09-17 17:43:08,573 INFO apscheduler.executors.default: Job "main.<locals>.run_trail_sl (trigger: interval[0:00:05], next run at: 2026-09-17 17:43:13 +07)" executed successfully
2026-09-17 17:43:08,573 INFO apscheduler.executors.default: Running job "main.<locals>.run_position_check (trigger: interval[0:00:05], next run at: 2026-09-17 17:43:13 +07)" (scheduled at 2026-09-17 17:43:08.554314+07:00)
2026-09-17 17:43:08,580 INFO apscheduler.executors.default: Job "main.<locals>.run_position_check (trigger: interval[0:00:05], next run at: 2026-09-17 17:43:13 +07)" executed successfully
2026-09-17 17:43:08,581 INFO apscheduler.executors.default: Running job "main.<locals>.save_bot_state_job (trigger: interval[0:00:15], next run at: 2026-09-17 17:43:23 +07)" (scheduled at 2026-09-17 17:43:08.554314+07:00)
2026-09-17 17:43:08,584 INFO apscheduler.executors.default: Job "main.<locals>.save_bot_state_job (trigger: interval[0:00:15], next run at: 2026-09-17 17:43:23 +07)" executed successfully
2026-09-17 17:43:11,014 INFO apscheduler.executors.default: Running job "main.<locals>.run_scan (trigger: cron[second='1,6,11,16,21,26,31,36,41,46,51,56'], next run at: 2026-09-17 17:43:16 +07)" (scheduled at 2026-09-17 17:43:11+07:00)
2026-09-17 17:43:11,014 INFO apscheduler.executors.default: Job "main.<locals>.run_scan (trigger: cron[second='1,6,11,16,21,26,31,36,41,46,51,56'], next run at: 2026-09-17 17:43:16 +07)" executed successfully
2026-09-17 17:43:11,265 INFO httpx: HTTP Request: POST https://api.telegram.org/bot8742189012:AAEXGnFYIvAR33uaXz4-tx-ywZHjdNFhmgY/getUpdates "HTTP/1.1 200 OK"
2026-09-17 17:43:12,565 INFO apscheduler.executors.default: Running job "main.<locals>.write_heartbeat_job (trigger: interval[0:00:15], next run at: 2026-09-17 17:43:27 +07)" (scheduled at 2026-09-17 17:43:12.556562+07:00)
2026-09-17 17:43:12,568 INFO apscheduler.executors.default: Job "main.<locals>.write_heartbeat_job (trigger: interval[0:00:15], next run at: 2026-09-17 17:43:27 +07)" executed successfully
2026-09-17 17:43:13,560 INFO apscheduler.executors.default: Running job "main.<locals>.run_lts_aus_fast_scan (trigger: interval[0:00:05], next run at: 2026-09-17 17:43:18 +07)" (scheduled at 2026-09-17 17:43:13.553049+07:00)
2026-09-17 17:43:13,560 INFO apscheduler.executors.default: Job "main.<locals>.run_lts_aus_fast_scan (trigger: interval[0:00:05], next run at: 2026-09-17 17:43:18 +07)" executed successfully
2026-09-17 17:43:13,561 INFO apscheduler.executors.default: Running job "main.<locals>.run_trail_sl (trigger: interval[0:00:05], next run at: 2026-09-17 17:43:18 +07)" (scheduled at 2026-09-17 17:43:13.553049+07:00)
2026-09-17 17:43:13,561 INFO apscheduler.executors.default: Job "main.<locals>.run_trail_sl (trigger: interval[0:00:05], next run at: 2026-09-17 17:43:18 +07)" executed successfully
2026-09-17 17:43:13,561 INFO apscheduler.executors.default: Running job "main.<locals>.run_position_check (trigger: interval[0:00:05], next run at: 2026-09-17 17:43:18 +07)" (scheduled at 2026-09-17 17:43:13.554314+07:00)
2026-09-17 17:43:13,568 INFO apscheduler.executors.default: Job "main.<locals>.run_position_check (trigger: interval[0:00:05], next run at: 2026-09-17 17:43:18 +07)" executed successfully
2026-09-17 17:43:16,014 INFO apscheduler.executors.default: Running job "main.<locals>.run_scan (trigger: cron[second='1,6,11,16,21,26,31,36,41,46,51,56'], next run at: 2026-09-17 17:43:21 +07)" (scheduled at 2026-09-17 17:43:16+07:00)
2026-09-17 17:43:16,014 INFO apscheduler.executors.default: Job "main.<locals>.run_scan (trigger: cron[second='1,6,11,16,21,26,31,36,41,46,51,56'], next run at: 2026-09-17 17:43:21 +07)" executed successfully
2026-09-17 17:43:18,559 INFO apscheduler.executors.default: Running job "main.<locals>.run_lts_aus_fast_scan (trigger: interval[0:00:05], next run at: 2026-09-17 17:43:23 +07)" (scheduled at 2026-09-17 17:43:18.553049+07:00)
2026-09-17 17:43:18,559 INFO apscheduler.executors.default: Job "main.<locals>.run_lts_aus_fast_scan (trigger: interval[0:00:05], next run at: 2026-09-17 17:43:23 +07)" executed successfully
2026-09-17 17:43:18,559 INFO apscheduler.executors.default: Running job "main.<locals>.run_trail_sl (trigger: interval[0:00:05], next run at: 2026-09-17 17:43:23 +07)" (scheduled at 2026-09-17 17:43:18.553049+07:00)
2026-09-17 17:43:18,559 INFO apscheduler.executors.default: Job "main.<locals>.run_trail_sl (trigger: interval[0:00:05], next run at: 2026-09-17 17:43:23 +07)" executed successfully
2026-09-17 17:43:18,560 INFO apscheduler.executors.default: Running job "main.<locals>.run_position_check (trigger: interval[0:00:05], next run at: 2026-09-17 17:43:23 +07)" (scheduled at 2026-09-17 17:43:18.554314+07:00)
2026-09-17 17:43:18,565 INFO apscheduler.executors.default: Job "main.<locals>.run_position_check (trigger: interval[0:00:05], next run at: 2026-09-17 17:43:23 +07)" executed successfully
2026-09-17 17:43:21,001 INFO apscheduler.executors.default: Running job "main.<locals>.run_scan (trigger: cron[second='1,6,11,16,21,26,31,36,41,46,51,56'], next run at: 2026-09-17 17:43:26 +07)" (scheduled at 2026-09-17 17:43:21+07:00)
2026-09-17 17:43:21,001 INFO apscheduler.executors.default: Job "main.<locals>.run_scan (trigger: cron[second='1,6,11,16,21,26,31,36,41,46,51,56'], next run at: 2026-09-17 17:43:26 +07)" executed successfully
2026-09-17 17:43:21,459 INFO httpx: HTTP Request: POST https://api.telegram.org/bot8742189012:AAEXGnFYIvAR33uaXz4-tx-ywZHjdNFhmgY/getUpdates "HTTP/1.1 200 OK"
2026-09-17 17:43:23,556 INFO apscheduler.executors.default: Running job "main.<locals>.check_symbol_switch (trigger: interval[0:01:00], next run at: 2026-09-17 17:44:23 +07)" (scheduled at 2026-09-17 17:43:23.550053+07:00)
2026-09-17 17:43:23,566 INFO apscheduler.executors.default: Job "main.<locals>.check_symbol_switch (trigger: interval[0:01:00], next run at: 2026-09-17 17:44:23 +07)" executed successfully
2026-09-17 17:43:23,567 INFO apscheduler.executors.default: Running job "main.<locals>.run_lts_aus_fast_scan (trigger: interval[0:00:05], next run at: 2026-09-17 17:43:28 +07)" (scheduled at 2026-09-17 17:43:23.553049+07:00)
2026-09-17 17:43:23,567 INFO apscheduler.executors.default: Job "main.<locals>.run_lts_aus_fast_scan (trigger: interval[0:00:05], next run at: 2026-09-17 17:43:28 +07)" executed successfully
2026-09-17 17:43:23,568 INFO apscheduler.executors.default: Running job "main.<locals>.run_trail_sl (trigger: interval[0:00:05], next run at: 2026-09-17 17:43:28 +07)" (scheduled at 2026-09-17 17:43:23.553049+07:00)
2026-09-17 17:43:23,568 INFO apscheduler.executors.default: Job "main.<locals>.run_trail_sl (trigger: interval[0:00:05], next run at: 2026-09-17 17:43:28 +07)" executed successfully
2026-09-17 17:43:23,568 INFO apscheduler.executors.default: Running job "main.<locals>.run_position_check (trigger: interval[0:00:05], next run at: 2026-09-17 17:43:28 +07)" (scheduled at 2026-09-17 17:43:23.554314+07:00)
2026-09-17 17:43:23,576 INFO apscheduler.executors.default: Job "main.<locals>.run_position_check (trigger: interval[0:00:05], next run at: 2026-09-17 17:43:28 +07)" executed successfully
2026-09-17 17:43:23,576 INFO apscheduler.executors.default: Running job "main.<locals>.save_bot_state_job (trigger: interval[0:00:15], next run at: 2026-09-17 17:43:38 +07)" (scheduled at 2026-09-17 17:43:23.554314+07:00)
2026-09-17 17:43:23,578 INFO apscheduler.executors.default: Job "main.<locals>.save_bot_state_job (trigger: interval[0:00:15], next run at: 2026-09-17 17:43:38 +07)" executed successfully
2026-09-17 17:43:23,579 INFO apscheduler.executors.default: Running job "main.<locals>.run_watchdog (trigger: interval[0:01:00], next run at: 2026-09-17 17:44:23 +07)" (scheduled at 2026-09-17 17:43:23.556562+07:00)
2026-09-17 17:43:23,584 INFO apscheduler.executors.default: Job "main.<locals>.run_watchdog (trigger: interval[0:01:00], next run at: 2026-09-17 17:44:23 +07)" executed successfully
2026-09-17 17:43:26,005 INFO apscheduler.executors.default: Running job "main.<locals>.run_scan (trigger: cron[second='1,6,11,16,21,26,31,36,41,46,51,56'], next run at: 2026-09-17 17:43:31 +07)" (scheduled at 2026-09-17 17:43:26+07:00)
2026-09-17 17:43:26,005 INFO apscheduler.executors.default: Job "main.<locals>.run_scan (trigger: cron[second='1,6,11,16,21,26,31,36,41,46,51,56'], next run at: 2026-09-17 17:43:31 +07)" executed successfully
2026-09-17 17:43:27,574 INFO apscheduler.executors.default: Running job "main.<locals>.write_heartbeat_job (trigger: interval[0:00:15], next run at: 2026-09-17 17:43:42 +07)" (scheduled at 2026-09-17 17:43:27.556562+07:00)
2026-09-17 17:43:27,578 INFO apscheduler.executors.default: Job "main.<locals>.write_heartbeat_job (trigger: interval[0:00:15], next run at: 2026-09-17 17:43:42 +07)" executed successfully
2026-09-17 17:43:28,571 INFO apscheduler.executors.default: Running job "main.<locals>.run_lts_aus_fast_scan (trigger: interval[0:00:05], next run at: 2026-09-17 17:43:33 +07)" (scheduled at 2026-09-17 17:43:28.553049+07:00)
2026-09-17 17:43:28,571 INFO apscheduler.executors.default: Job "main.<locals>.run_lts_aus_fast_scan (trigger: interval[0:00:05], next run at: 2026-09-17 17:43:33 +07)" executed successfully
2026-09-17 17:43:28,572 INFO apscheduler.executors.default: Running job "main.<locals>.run_trail_sl (trigger: interval[0:00:05], next run at: 2026-09-17 17:43:33 +07)" (scheduled at 2026-09-17 17:43:28.553049+07:00)
2026-09-17 17:43:28,573 INFO apscheduler.executors.default: Job "main.<locals>.run_trail_sl (trigger: interval[0:00:05], next run at: 2026-09-17 17:43:33 +07)" executed successfully
2026-09-17 17:43:28,574 INFO apscheduler.executors.default: Running job "main.<locals>.run_position_check (trigger: interval[0:00:05], next run at: 2026-09-17 17:43:33 +07)" (scheduled at 2026-09-17 17:43:28.554314+07:00)
2026-09-17 17:43:28,582 INFO apscheduler.executors.default: Job "main.<locals>.run_position_check (trigger: interval[0:00:05], next run at: 2026-09-17 17:43:33 +07)" executed successfully
2026-09-17 17:43:31,010 INFO apscheduler.executors.default: Running job "main.<locals>.run_scan (trigger: cron[second='1,6,11,16,21,26,31,36,41,46,51,56'], next run at: 2026-09-17 17:43:36 +07)" (scheduled at 2026-09-17 17:43:31+07:00)
2026-09-17 17:43:31,010 INFO apscheduler.executors.default: Job "main.<locals>.run_scan (trigger: cron[second='1,6,11,16,21,26,31,36,41,46,51,56'], next run at: 2026-09-17 17:43:36 +07)" executed successfully
2026-09-17 17:43:31,655 INFO httpx: HTTP Request: POST https://api.telegram.org/bot8742189012:AAEXGnFYIvAR33uaXz4-tx-ywZHjdNFhmgY/getUpdates "HTTP/1.1 200 OK"
2026-09-17 17:43:33,563 INFO apscheduler.executors.default: Running job "main.<locals>.run_lts_aus_fast_scan (trigger: interval[0:00:05], next run at: 2026-09-17 17:43:38 +07)" (scheduled at 2026-09-17 17:43:33.553049+07:00)
2026-09-17 17:43:33,564 INFO apscheduler.executors.default: Job "main.<locals>.run_lts_aus_fast_scan (trigger: interval[0:00:05], next run at: 2026-09-17 17:43:38 +07)" executed successfully
2026-09-17 17:43:33,565 INFO apscheduler.executors.default: Running job "main.<locals>.run_trail_sl (trigger: interval[0:00:05], next run at: 2026-09-17 17:43:38 +07)" (scheduled at 2026-09-17 17:43:33.553049+07:00)
2026-09-17 17:43:33,566 INFO apscheduler.executors.default: Job "main.<locals>.run_trail_sl (trigger: interval[0:00:05], next run at: 2026-09-17 17:43:38 +07)" executed successfully
2026-09-17 17:43:33,566 INFO apscheduler.executors.default: Running job "main.<locals>.run_position_check (trigger: interval[0:00:05], next run at: 2026-09-17 17:43:38 +07)" (scheduled at 2026-09-17 17:43:33.554314+07:00)
2026-09-17 17:43:33,575 INFO apscheduler.executors.default: Job "main.<locals>.run_position_check (trigger: interval[0:00:05], next run at: 2026-09-17 17:43:38 +07)" executed successfully
2026-09-17 17:43:36,004 INFO apscheduler.executors.default: Running job "main.<locals>.run_scan (trigger: cron[second='1,6,11,16,21,26,31,36,41,46,51,56'], next run at: 2026-09-17 17:43:41 +07)" (scheduled at 2026-09-17 17:43:36+07:00)
2026-09-17 17:43:36,006 INFO apscheduler.executors.default: Job "main.<locals>.run_scan (trigger: cron[second='1,6,11,16,21,26,31,36,41,46,51,56'], next run at: 2026-09-17 17:43:41 +07)" executed successfully
2026-09-17 17:43:38,567 INFO apscheduler.executors.default: Running job "main.<locals>.run_lts_aus_fast_scan (trigger: interval[0:00:05], next run at: 2026-09-17 17:43:43 +07)" (scheduled at 2026-09-17 17:43:38.553049+07:00)
2026-09-17 17:43:38,569 INFO apscheduler.executors.default: Job "main.<locals>.run_lts_aus_fast_scan (trigger: interval[0:00:05], next run at: 2026-09-17 17:43:43 +07)" executed successfully
2026-09-17 17:43:38,570 INFO apscheduler.executors.default: Running job "main.<locals>.run_trail_sl (trigger: interval[0:00:05], next run at: 2026-09-17 17:43:43 +07)" (scheduled at 2026-09-17 17:43:38.553049+07:00)
2026-09-17 17:43:38,570 INFO apscheduler.executors.default: Job "main.<locals>.run_trail_sl (trigger: interval[0:00:05], next run at: 2026-09-17 17:43:43 +07)" executed successfully
2026-09-17 17:43:38,570 INFO apscheduler.executors.default: Running job "main.<locals>.run_position_check (trigger: interval[0:00:05], next run at: 2026-09-17 17:43:43 +07)" (scheduled at 2026-09-17 17:43:38.554314+07:00)
2026-09-17 17:43:38,578 INFO apscheduler.executors.default: Job "main.<locals>.run_position_check (trigger: interval[0:00:05], next run at: 2026-09-17 17:43:43 +07)" executed successfully
2026-09-17 17:43:38,578 INFO apscheduler.executors.default: Running job "main.<locals>.save_bot_state_job (trigger: interval[0:00:15], next run at: 2026-09-17 17:43:53 +07)" (scheduled at 2026-09-17 17:43:38.554314+07:00)
2026-09-17 17:43:38,583 INFO apscheduler.executors.default: Job "main.<locals>.save_bot_state_job (trigger: interval[0:00:15], next run at: 2026-09-17 17:43:53 +07)" executed successfully
2026-09-17 17:43:41,013 INFO apscheduler.executors.default: Running job "main.<locals>.run_scan (trigger: cron[second='1,6,11,16,21,26,31,36,41,46,51,56'], next run at: 2026-09-17 17:43:46 +07)" (scheduled at 2026-09-17 17:43:41+07:00)
2026-09-17 17:43:41,014 INFO apscheduler.executors.default: Job "main.<locals>.run_scan (trigger: cron[second='1,6,11,16,21,26,31,36,41,46,51,56'], next run at: 2026-09-17 17:43:46 +07)" executed successfully
2026-09-17 17:43:41,856 INFO httpx: HTTP Request: POST https://api.telegram.org/bot8742189012:AAEXGnFYIvAR33uaXz4-tx-ywZHjdNFhmgY/getUpdates "HTTP/1.1 200 OK"
2026-09-17 17:43:42,571 INFO apscheduler.executors.default: Running job "main.<locals>.write_heartbeat_job (trigger: interval[0:00:15], next run at: 2026-09-17 17:43:57 +07)" (scheduled at 2026-09-17 17:43:42.556562+07:00)
2026-09-17 17:43:42,574 INFO apscheduler.executors.default: Job "main.<locals>.write_heartbeat_job (trigger: interval[0:00:15], next run at: 2026-09-17 17:43:57 +07)" executed successfully
2026-09-17 17:43:43,565 INFO apscheduler.executors.default: Running job "main.<locals>.run_lts_aus_fast_scan (trigger: interval[0:00:05], next run at: 2026-09-17 17:43:48 +07)" (scheduled at 2026-09-17 17:43:43.553049+07:00)
2026-09-17 17:43:43,565 INFO apscheduler.executors.default: Job "main.<locals>.run_lts_aus_fast_scan (trigger: interval[0:00:05], next run at: 2026-09-17 17:43:48 +07)" executed successfully
2026-09-17 17:43:43,565 INFO apscheduler.executors.default: Running job "main.<locals>.run_trail_sl (trigger: interval[0:00:05], next run at: 2026-09-17 17:43:48 +07)" (scheduled at 2026-09-17 17:43:43.553049+07:00)
2026-09-17 17:43:43,566 INFO apscheduler.executors.default: Job "main.<locals>.run_trail_sl (trigger: interval[0:00:05], next run at: 2026-09-17 17:43:48 +07)" executed successfully
2026-09-17 17:43:43,567 INFO apscheduler.executors.default: Running job "main.<locals>.run_position_check (trigger: interval[0:00:05], next run at: 2026-09-17 17:43:48 +07)" (scheduled at 2026-09-17 17:43:43.554314+07:00)
2026-09-17 17:43:43,573 INFO apscheduler.executors.default: Job "main.<locals>.run_position_check (trigger: interval[0:00:05], next run at: 2026-09-17 17:43:48 +07)" executed successfully
2026-09-17 17:43:46,010 INFO apscheduler.executors.default: Running job "main.<locals>.run_scan (trigger: cron[second='1,6,11,16,21,26,31,36,41,46,51,56'], next run at: 2026-09-17 17:43:51 +07)" (scheduled at 2026-09-17 17:43:46+07:00)
2026-09-17 17:43:46,011 INFO apscheduler.executors.default: Job "main.<locals>.run_scan (trigger: cron[second='1,6,11,16,21,26,31,36,41,46,51,56'], next run at: 2026-09-17 17:43:51 +07)" executed successfully
2026-09-17 17:43:48,569 INFO apscheduler.executors.default: Running job "main.<locals>.run_lts_aus_fast_scan (trigger: interval[0:00:05], next run at: 2026-09-17 17:43:53 +07)" (scheduled at 2026-09-17 17:43:48.553049+07:00)
2026-09-17 17:43:48,570 INFO apscheduler.executors.default: Job "main.<locals>.run_lts_aus_fast_scan (trigger: interval[0:00:05], next run at: 2026-09-17 17:43:53 +07)" executed successfully
2026-09-17 17:43:48,570 INFO apscheduler.executors.default: Running job "main.<locals>.run_trail_sl (trigger: interval[0:00:05], next run at: 2026-09-17 17:43:53 +07)" (scheduled at 2026-09-17 17:43:48.553049+07:00)
2026-09-17 17:43:48,571 INFO apscheduler.executors.default: Job "main.<locals>.run_trail_sl (trigger: interval[0:00:05], next run at: 2026-09-17 17:43:53 +07)" executed successfully
2026-09-17 17:43:48,571 INFO apscheduler.executors.default: Running job "main.<locals>.run_position_check (trigger: interval[0:00:05], next run at: 2026-09-17 17:43:53 +07)" (scheduled at 2026-09-17 17:43:48.554314+07:00)
2026-09-17 17:43:48,578 INFO apscheduler.executors.default: Job "main.<locals>.run_position_check (trigger: interval[0:00:05], next run at: 2026-09-17 17:43:53 +07)" executed successfully
2026-09-17 17:43:51,019 INFO apscheduler.executors.default: Running job "main.<locals>.run_scan (trigger: cron[second='1,6,11,16,21,26,31,36,41,46,51,56'], next run at: 2026-09-17 17:43:56 +07)" (scheduled at 2026-09-17 17:43:51+07:00)
2026-09-17 17:43:51,020 INFO apscheduler.executors.default: Job "main.<locals>.run_scan (trigger: cron[second='1,6,11,16,21,26,31,36,41,46,51,56'], next run at: 2026-09-17 17:43:56 +07)" executed successfully
2026-09-17 17:43:52,058 INFO httpx: HTTP Request: POST https://api.telegram.org/bot8742189012:AAEXGnFYIvAR33uaXz4-tx-ywZHjdNFhmgY/getUpdates "HTTP/1.1 200 OK"
2026-09-17 17:43:53,576 INFO apscheduler.executors.default: Running job "main.<locals>.run_lts_aus_fast_scan (trigger: interval[0:00:05], next run at: 2026-09-17 17:43:58 +07)" (scheduled at 2026-09-17 17:43:53.553049+07:00)
2026-09-17 17:43:53,578 INFO apscheduler.executors.default: Job "main.<locals>.run_lts_aus_fast_scan (trigger: interval[0:00:05], next run at: 2026-09-17 17:43:58 +07)" executed successfully
2026-09-17 17:43:53,579 INFO apscheduler.executors.default: Running job "main.<locals>.run_trail_sl (trigger: interval[0:00:05], next run at: 2026-09-17 17:43:58 +07)" (scheduled at 2026-09-17 17:43:53.553049+07:00)
2026-09-17 17:43:53,579 INFO apscheduler.executors.default: Job "main.<locals>.run_trail_sl (trigger: interval[0:00:05], next run at: 2026-09-17 17:43:58 +07)" executed successfully
2026-09-17 17:43:53,579 INFO apscheduler.executors.default: Running job "main.<locals>.run_position_check (trigger: interval[0:00:05], next run at: 2026-09-17 17:43:58 +07)" (scheduled at 2026-09-17 17:43:53.554314+07:00)
2026-09-17 17:43:53,587 INFO apscheduler.executors.default: Job "main.<locals>.run_position_check (trigger: interval[0:00:05], next run at: 2026-09-17 17:43:58 +07)" executed successfully
2026-09-17 17:43:53,588 INFO apscheduler.executors.default: Running job "main.<locals>.save_bot_state_job (trigger: interval[0:00:15], next run at: 2026-09-17 17:44:08 +07)" (scheduled at 2026-09-17 17:43:53.554314+07:00)
2026-09-17 17:43:53,592 INFO apscheduler.executors.default: Job "main.<locals>.save_bot_state_job (trigger: interval[0:00:15], next run at: 2026-09-17 17:44:08 +07)" executed successfully
2026-09-17 17:43:56,012 INFO apscheduler.executors.default: Running job "main.<locals>.run_scan (trigger: cron[second='1,6,11,16,21,26,31,36,41,46,51,56'], next run at: 2026-09-17 17:44:01 +07)" (scheduled at 2026-09-17 17:43:56+07:00)
2026-09-17 17:43:56,012 INFO apscheduler.executors.default: Job "main.<locals>.run_scan (trigger: cron[second='1,6,11,16,21,26,31,36,41,46,51,56'], next run at: 2026-09-17 17:44:01 +07)" executed successfully
2026-09-17 17:43:57,571 INFO apscheduler.executors.default: Running job "main.<locals>.write_heartbeat_job (trigger: interval[0:00:15], next run at: 2026-09-17 17:44:12 +07)" (scheduled at 2026-09-17 17:43:57.556562+07:00)
2026-09-17 17:43:57,574 INFO apscheduler.executors.default: Job "main.<locals>.write_heartbeat_job (trigger: interval[0:00:15], next run at: 2026-09-17 17:44:12 +07)" executed successfully
2026-09-17 17:43:58,566 INFO apscheduler.executors.default: Running job "main.<locals>.run_lts_aus_fast_scan (trigger: interval[0:00:05], next run at: 2026-09-17 17:44:03 +07)" (scheduled at 2026-09-17 17:43:58.553049+07:00)
2026-09-17 17:43:58,566 INFO apscheduler.executors.default: Job "main.<locals>.run_lts_aus_fast_scan (trigger: interval[0:00:05], next run at: 2026-09-17 17:44:03 +07)" executed successfully
2026-09-17 17:43:58,566 INFO apscheduler.executors.default: Running job "main.<locals>.run_trail_sl (trigger: interval[0:00:05], next run at: 2026-09-17 17:44:03 +07)" (scheduled at 2026-09-17 17:43:58.553049+07:00)
2026-09-17 17:43:58,566 INFO apscheduler.executors.default: Job "main.<locals>.run_trail_sl (trigger: interval[0:00:05], next run at: 2026-09-17 17:44:03 +07)" executed successfully
2026-09-17 17:43:58,568 INFO apscheduler.executors.default: Running job "main.<locals>.run_position_check (trigger: interval[0:00:05], next run at: 2026-09-17 17:44:03 +07)" (scheduled at 2026-09-17 17:43:58.554314+07:00)
2026-09-17 17:43:58,576 INFO apscheduler.executors.default: Job "main.<locals>.run_position_check (trigger: interval[0:00:05], next run at: 2026-09-17 17:44:03 +07)" executed successfully
2026-09-17 17:44:01,023 INFO apscheduler.executors.default: Running job "main.<locals>.run_scan (trigger: cron[second='1,6,11,16,21,26,31,36,41,46,51,56'], next run at: 2026-09-17 17:44:06 +07)" (scheduled at 2026-09-17 17:44:01+07:00)
2026-09-17 17:44:01,024 INFO apscheduler.executors.default: Job "main.<locals>.run_scan (trigger: cron[second='1,6,11,16,21,26,31,36,41,46,51,56'], next run at: 2026-09-17 17:44:06 +07)" executed successfully
2026-09-17 17:44:02,269 INFO httpx: HTTP Request: POST https://api.telegram.org/bot8742189012:AAEXGnFYIvAR33uaXz4-tx-ywZHjdNFhmgY/getUpdates "HTTP/1.1 200 OK"
2026-09-17 17:44:03,558 INFO apscheduler.executors.default: Running job "main.<locals>.run_lts_aus_fast_scan (trigger: interval[0:00:05], next run at: 2026-09-17 17:44:08 +07)" (scheduled at 2026-09-17 17:44:03.553049+07:00)
2026-09-17 17:44:03,559 INFO apscheduler.executors.default: Job "main.<locals>.run_lts_aus_fast_scan (trigger: interval[0:00:05], next run at: 2026-09-17 17:44:08 +07)" executed successfully
2026-09-17 17:44:03,560 INFO apscheduler.executors.default: Running job "main.<locals>.run_trail_sl (trigger: interval[0:00:05], next run at: 2026-09-17 17:44:08 +07)" (scheduled at 2026-09-17 17:44:03.553049+07:00)
2026-09-17 17:44:03,560 INFO apscheduler.executors.default: Job "main.<locals>.run_trail_sl (trigger: interval[0:00:05], next run at: 2026-09-17 17:44:08 +07)" executed successfully
2026-09-17 17:44:03,560 INFO apscheduler.executors.default: Running job "main.<locals>.run_position_check (trigger: interval[0:00:05], next run at: 2026-09-17 17:44:08 +07)" (scheduled at 2026-09-17 17:44:03.554314+07:00)
2026-09-17 17:44:03,567 INFO apscheduler.executors.default: Job "main.<locals>.run_position_check (trigger: interval[0:00:05], next run at: 2026-09-17 17:44:08 +07)" executed successfully
2026-09-17 17:44:06,012 INFO apscheduler.executors.default: Running job "main.<locals>.run_scan (trigger: cron[second='1,6,11,16,21,26,31,36,41,46,51,56'], next run at: 2026-09-17 17:44:11 +07)" (scheduled at 2026-09-17 17:44:06+07:00)
2026-09-17 17:44:06,014 INFO apscheduler.executors.default: Job "main.<locals>.run_scan (trigger: cron[second='1,6,11,16,21,26,31,36,41,46,51,56'], next run at: 2026-09-17 17:44:11 +07)" executed successfully
2026-09-17 17:44:08,557 INFO apscheduler.executors.default: Running job "main.<locals>.run_lts_aus_fast_scan (trigger: interval[0:00:05], next run at: 2026-09-17 17:44:13 +07)" (scheduled at 2026-09-17 17:44:08.553049+07:00)
2026-09-17 17:44:08,557 INFO apscheduler.executors.default: Job "main.<locals>.run_lts_aus_fast_scan (trigger: interval[0:00:05], next run at: 2026-09-17 17:44:13 +07)" executed successfully
2026-09-17 17:44:08,558 INFO apscheduler.executors.default: Running job "main.<locals>.run_trail_sl (trigger: interval[0:00:05], next run at: 2026-09-17 17:44:13 +07)" (scheduled at 2026-09-17 17:44:08.553049+07:00)
2026-09-17 17:44:08,558 INFO apscheduler.executors.default: Job "main.<locals>.run_trail_sl (trigger: interval[0:00:05], next run at: 2026-09-17 17:44:13 +07)" executed successfully
2026-09-17 17:44:08,559 INFO apscheduler.executors.default: Running job "main.<locals>.run_position_check (trigger: interval[0:00:05], next run at: 2026-09-17 17:44:13 +07)" (scheduled at 2026-09-17 17:44:08.554314+07:00)
2026-09-17 17:44:08,568 INFO apscheduler.executors.default: Job "main.<locals>.run_position_check (trigger: interval[0:00:05], next run at: 2026-09-17 17:44:13 +07)" executed successfully
2026-09-17 17:44:08,569 INFO apscheduler.executors.default: Running job "main.<locals>.save_bot_state_job (trigger: interval[0:00:15], next run at: 2026-09-17 17:44:23 +07)" (scheduled at 2026-09-17 17:44:08.554314+07:00)
2026-09-17 17:44:08,574 INFO apscheduler.executors.default: Job "main.<locals>.save_bot_state_job (trigger: interval[0:00:15], next run at: 2026-09-17 17:44:23 +07)" executed successfully
2026-09-17 17:44:11,012 INFO apscheduler.executors.default: Running job "main.<locals>.run_scan (trigger: cron[second='1,6,11,16,21,26,31,36,41,46,51,56'], next run at: 2026-09-17 17:44:16 +07)" (scheduled at 2026-09-17 17:44:11+07:00)
2026-09-17 17:44:11,013 INFO apscheduler.executors.default: Job "main.<locals>.run_scan (trigger: cron[second='1,6,11,16,21,26,31,36,41,46,51,56'], next run at: 2026-09-17 17:44:16 +07)" executed successfully
2026-09-17 17:44:12,564 INFO apscheduler.executors.default: Running job "main.<locals>.write_heartbeat_job (trigger: interval[0:00:15], next run at: 2026-09-17 17:44:27 +07)" (scheduled at 2026-09-17 17:44:12.556562+07:00)
2026-09-17 17:44:12,568 INFO apscheduler.executors.default: Job "main.<locals>.write_heartbeat_job (trigger: interval[0:00:15], next run at: 2026-09-17 17:44:27 +07)" executed successfully
2026-09-17 17:44:12,569 INFO httpx: HTTP Request: POST https://api.telegram.org/bot8742189012:AAEXGnFYIvAR33uaXz4-tx-ywZHjdNFhmgY/getUpdates "HTTP/1.1 200 OK"
2026-09-17 17:44:13,576 INFO apscheduler.executors.default: Running job "main.<locals>.run_lts_aus_fast_scan (trigger: interval[0:00:05], next run at: 2026-09-17 17:44:18 +07)" (scheduled at 2026-09-17 17:44:13.553049+07:00)
2026-09-17 17:44:13,576 INFO apscheduler.executors.default: Job "main.<locals>.run_lts_aus_fast_scan (trigger: interval[0:00:05], next run at: 2026-09-17 17:44:18 +07)" executed successfully
2026-09-17 17:44:13,576 INFO apscheduler.executors.default: Running job "main.<locals>.run_trail_sl (trigger: interval[0:00:05], next run at: 2026-09-17 17:44:18 +07)" (scheduled at 2026-09-17 17:44:13.553049+07:00)
2026-09-17 17:44:13,577 INFO apscheduler.executors.default: Job "main.<locals>.run_trail_sl (trigger: interval[0:00:05], next run at: 2026-09-17 17:44:18 +07)" executed successfully
2026-09-17 17:44:13,577 INFO apscheduler.executors.default: Running job "main.<locals>.run_position_check (trigger: interval[0:00:05], next run at: 2026-09-17 17:44:18 +07)" (scheduled at 2026-09-17 17:44:13.554314+07:00)
2026-09-17 17:44:13,585 INFO apscheduler.executors.default: Job "main.<locals>.run_position_check (trigger: interval[0:00:05], next run at: 2026-09-17 17:44:18 +07)" executed successfully
2026-09-17 17:44:16,014 INFO apscheduler.executors.default: Running job "main.<locals>.run_scan (trigger: cron[second='1,6,11,16,21,26,31,36,41,46,51,56'], next run at: 2026-09-17 17:44:21 +07)" (scheduled at 2026-09-17 17:44:16+07:00)
2026-09-17 17:44:16,014 INFO apscheduler.executors.default: Job "main.<locals>.run_scan (trigger: cron[second='1,6,11,16,21,26,31,36,41,46,51,56'], next run at: 2026-09-17 17:44:21 +07)" executed successfully
2026-09-17 17:44:18,563 INFO apscheduler.executors.default: Running job "main.<locals>.run_lts_aus_fast_scan (trigger: interval[0:00:05], next run at: 2026-09-17 17:44:23 +07)" (scheduled at 2026-09-17 17:44:18.553049+07:00)
2026-09-17 17:44:18,563 INFO apscheduler.executors.default: Job "main.<locals>.run_lts_aus_fast_scan (trigger: interval[0:00:05], next run at: 2026-09-17 17:44:23 +07)" executed successfully
2026-09-17 17:44:18,563 INFO apscheduler.executors.default: Running job "main.<locals>.run_trail_sl (trigger: interval[0:00:05], next run at: 2026-09-17 17:44:23 +07)" (scheduled at 2026-09-17 17:44:18.553049+07:00)
2026-09-17 17:44:18,563 INFO apscheduler.executors.default: Job "main.<locals>.run_trail_sl (trigger: interval[0:00:05], next run at: 2026-09-17 17:44:23 +07)" executed successfully
2026-09-17 17:44:18,564 INFO apscheduler.executors.default: Running job "main.<locals>.run_position_check (trigger: interval[0:00:05], next run at: 2026-09-17 17:44:23 +07)" (scheduled at 2026-09-17 17:44:18.554314+07:00)
2026-09-17 17:44:18,572 INFO apscheduler.executors.default: Job "main.<locals>.run_position_check (trigger: interval[0:00:05], next run at: 2026-09-17 17:44:23 +07)" executed successfully
2026-09-17 17:44:21,000 INFO apscheduler.executors.default: Running job "main.<locals>.run_scan (trigger: cron[second='1,6,11,16,21,26,31,36,41,46,51,56'], next run at: 2026-09-17 17:44:26 +07)" (scheduled at 2026-09-17 17:44:21+07:00)
2026-09-17 17:44:21,000 INFO apscheduler.executors.default: Job "main.<locals>.run_scan (trigger: cron[second='1,6,11,16,21,26,31,36,41,46,51,56'], next run at: 2026-09-17 17:44:26 +07)" executed successfully
2026-09-17 17:44:22,776 INFO httpx: HTTP Request: POST https://api.telegram.org/bot8742189012:AAEXGnFYIvAR33uaXz4-tx-ywZHjdNFhmgY/getUpdates "HTTP/1.1 200 OK"
2026-09-17 17:44:23,559 INFO apscheduler.executors.default: Running job "main.<locals>.check_symbol_switch (trigger: interval[0:01:00], next run at: 2026-09-17 17:45:23 +07)" (scheduled at 2026-09-17 17:44:23.550053+07:00)
2026-09-17 17:44:23,570 INFO apscheduler.executors.default: Job "main.<locals>.check_symbol_switch (trigger: interval[0:01:00], next run at: 2026-09-17 17:45:23 +07)" executed successfully
2026-09-17 17:44:23,570 INFO apscheduler.executors.default: Running job "main.<locals>.run_lts_aus_fast_scan (trigger: interval[0:00:05], next run at: 2026-09-17 17:44:28 +07)" (scheduled at 2026-09-17 17:44:23.553049+07:00)
2026-09-17 17:44:23,570 INFO apscheduler.executors.default: Job "main.<locals>.run_lts_aus_fast_scan (trigger: interval[0:00:05], next run at: 2026-09-17 17:44:28 +07)" executed successfully
2026-09-17 17:44:23,571 INFO apscheduler.executors.default: Running job "main.<locals>.run_trail_sl (trigger: interval[0:00:05], next run at: 2026-09-17 17:44:28 +07)" (scheduled at 2026-09-17 17:44:23.553049+07:00)
2026-09-17 17:44:23,571 INFO apscheduler.executors.default: Job "main.<locals>.run_trail_sl (trigger: interval[0:00:05], next run at: 2026-09-17 17:44:28 +07)" executed successfully
2026-09-17 17:44:23,571 INFO apscheduler.executors.default: Running job "main.<locals>.run_position_check (trigger: interval[0:00:05], next run at: 2026-09-17 17:44:28 +07)" (scheduled at 2026-09-17 17:44:23.554314+07:00)
2026-09-17 17:44:23,578 INFO apscheduler.executors.default: Job "main.<locals>.run_position_check (trigger: interval[0:00:05], next run at: 2026-09-17 17:44:28 +07)" executed successfully
2026-09-17 17:44:23,579 INFO apscheduler.executors.default: Running job "main.<locals>.save_bot_state_job (trigger: interval[0:00:15], next run at: 2026-09-17 17:44:38 +07)" (scheduled at 2026-09-17 17:44:23.554314+07:00)
2026-09-17 17:44:23,581 INFO apscheduler.executors.default: Job "main.<locals>.save_bot_state_job (trigger: interval[0:00:15], next run at: 2026-09-17 17:44:38 +07)" executed successfully
2026-09-17 17:44:23,582 INFO apscheduler.executors.default: Running job "main.<locals>.run_watchdog (trigger: interval[0:01:00], next run at: 2026-09-17 17:45:23 +07)" (scheduled at 2026-09-17 17:44:23.556562+07:00)
2026-09-17 17:44:23,588 INFO apscheduler.executors.default: Job "main.<locals>.run_watchdog (trigger: interval[0:01:00], next run at: 2026-09-17 17:45:23 +07)" executed successfully
2026-09-17 17:44:26,013 INFO apscheduler.executors.default: Running job "main.<locals>.run_scan (trigger: cron[second='1,6,11,16,21,26,31,36,41,46,51,56'], next run at: 2026-09-17 17:44:31 +07)" (scheduled at 2026-09-17 17:44:26+07:00)
2026-09-17 17:44:26,014 INFO apscheduler.executors.default: Job "main.<locals>.run_scan (trigger: cron[second='1,6,11,16,21,26,31,36,41,46,51,56'], next run at: 2026-09-17 17:44:31 +07)" executed successfully
2026-09-17 17:44:27,565 INFO apscheduler.executors.default: Running job "main.<locals>.write_heartbeat_job (trigger: interval[0:00:15], next run at: 2026-09-17 17:44:42 +07)" (scheduled at 2026-09-17 17:44:27.556562+07:00)
2026-09-17 17:44:27,569 INFO apscheduler.executors.default: Job "main.<locals>.write_heartbeat_job (trigger: interval[0:00:15], next run at: 2026-09-17 17:44:42 +07)" executed successfully
2026-09-17 17:44:28,567 INFO apscheduler.executors.default: Running job "main.<locals>.run_lts_aus_fast_scan (trigger: interval[0:00:05], next run at: 2026-09-17 17:44:33 +07)" (scheduled at 2026-09-17 17:44:28.553049+07:00)
2026-09-17 17:44:28,567 INFO apscheduler.executors.default: Job "main.<locals>.run_lts_aus_fast_scan (trigger: interval[0:00:05], next run at: 2026-09-17 17:44:33 +07)" executed successfully
2026-09-17 17:44:28,567 INFO apscheduler.executors.default: Running job "main.<locals>.run_trail_sl (trigger: interval[0:00:05], next run at: 2026-09-17 17:44:33 +07)" (scheduled at 2026-09-17 17:44:28.553049+07:00)
2026-09-17 17:44:28,568 INFO apscheduler.executors.default: Job "main.<locals>.run_trail_sl (trigger: interval[0:00:05], next run at: 2026-09-17 17:44:33 +07)" executed successfully
2026-09-17 17:44:28,568 INFO apscheduler.executors.default: Running job "main.<locals>.run_position_check (trigger: interval[0:00:05], next run at: 2026-09-17 17:44:33 +07)" (scheduled at 2026-09-17 17:44:28.554314+07:00)
2026-09-17 17:44:28,575 INFO apscheduler.executors.default: Job "main.<locals>.run_position_check (trigger: interval[0:00:05], next run at: 2026-09-17 17:44:33 +07)" executed successfully
2026-09-17 17:44:31,018 INFO apscheduler.executors.default: Running job "main.<locals>.run_scan (trigger: cron[second='1,6,11,16,21,26,31,36,41,46,51,56'], next run at: 2026-09-17 17:44:36 +07)" (scheduled at 2026-09-17 17:44:31+07:00)
2026-09-17 17:44:31,018 INFO apscheduler.executors.default: Job "main.<locals>.run_scan (trigger: cron[second='1,6,11,16,21,26,31,36,41,46,51,56'], next run at: 2026-09-17 17:44:36 +07)" executed successfully
2026-09-17 17:44:32,971 INFO httpx: HTTP Request: POST https://api.telegram.org/bot8742189012:AAEXGnFYIvAR33uaXz4-tx-ywZHjdNFhmgY/getUpdates "HTTP/1.1 200 OK"
2026-09-17 17:44:33,567 INFO apscheduler.executors.default: Running job "main.<locals>.run_lts_aus_fast_scan (trigger: interval[0:00:05], next run at: 2026-09-17 17:44:38 +07)" (scheduled at 2026-09-17 17:44:33.553049+07:00)
2026-09-17 17:44:33,567 INFO apscheduler.executors.default: Job "main.<locals>.run_lts_aus_fast_scan (trigger: interval[0:00:05], next run at: 2026-09-17 17:44:38 +07)" executed successfully
2026-09-17 17:44:33,568 INFO apscheduler.executors.default: Running job "main.<locals>.run_trail_sl (trigger: interval[0:00:05], next run at: 2026-09-17 17:44:38 +07)" (scheduled at 2026-09-17 17:44:33.553049+07:00)
2026-09-17 17:44:33,568 INFO apscheduler.executors.default: Job "main.<locals>.run_trail_sl (trigger: interval[0:00:05], next run at: 2026-09-17 17:44:38 +07)" executed successfully
2026-09-17 17:44:33,569 INFO apscheduler.executors.default: Running job "main.<locals>.run_position_check (trigger: interval[0:00:05], next run at: 2026-09-17 17:44:38 +07)" (scheduled at 2026-09-17 17:44:33.554314+07:00)
2026-09-17 17:44:33,576 INFO apscheduler.executors.default: Job "main.<locals>.run_position_check (trigger: interval[0:00:05], next run at: 2026-09-17 17:44:38 +07)" executed successfully
2026-09-17 17:44:36,015 INFO apscheduler.executors.default: Running job "main.<locals>.run_scan (trigger: cron[second='1,6,11,16,21,26,31,36,41,46,51,56'], next run at: 2026-09-17 17:44:41 +07)" (scheduled at 2026-09-17 17:44:36+07:00)
2026-09-17 17:44:36,016 INFO apscheduler.executors.default: Job "main.<locals>.run_scan (trigger: cron[second='1,6,11,16,21,26,31,36,41,46,51,56'], next run at: 2026-09-17 17:44:41 +07)" executed successfully
2026-09-17 17:44:38,561 INFO apscheduler.executors.default: Running job "main.<locals>.run_lts_aus_fast_scan (trigger: interval[0:00:05], next run at: 2026-09-17 17:44:43 +07)" (scheduled at 2026-09-17 17:44:38.553049+07:00)
2026-09-17 17:44:38,562 INFO apscheduler.executors.default: Job "main.<locals>.run_lts_aus_fast_scan (trigger: interval[0:00:05], next run at: 2026-09-17 17:44:43 +07)" executed successfully
2026-09-17 17:44:38,562 INFO apscheduler.executors.default: Running job "main.<locals>.run_trail_sl (trigger: interval[0:00:05], next run at: 2026-09-17 17:44:43 +07)" (scheduled at 2026-09-17 17:44:38.553049+07:00)
2026-09-17 17:44:38,562 INFO apscheduler.executors.default: Job "main.<locals>.run_trail_sl (trigger: interval[0:00:05], next run at: 2026-09-17 17:44:43 +07)" executed successfully
2026-09-17 17:44:38,564 INFO apscheduler.executors.default: Running job "main.<locals>.run_position_check (trigger: interval[0:00:05], next run at: 2026-09-17 17:44:43 +07)" (scheduled at 2026-09-17 17:44:38.554314+07:00)
2026-09-17 17:44:38,574 INFO apscheduler.executors.default: Job "main.<locals>.run_position_check (trigger: interval[0:00:05], next run at: 2026-09-17 17:44:43 +07)" executed successfully
2026-09-17 17:44:38,574 INFO apscheduler.executors.default: Running job "main.<locals>.save_bot_state_job (trigger: interval[0:00:15], next run at: 2026-09-17 17:44:53 +07)" (scheduled at 2026-09-17 17:44:38.554314+07:00)
2026-09-17 17:44:38,578 INFO apscheduler.executors.default: Job "main.<locals>.save_bot_state_job (trigger: interval[0:00:15], next run at: 2026-09-17 17:44:53 +07)" executed successfully
2026-09-17 17:44:41,014 INFO apscheduler.executors.default: Running job "main.<locals>.run_scan (trigger: cron[second='1,6,11,16,21,26,31,36,41,46,51,56'], next run at: 2026-09-17 17:44:46 +07)" (scheduled at 2026-09-17 17:44:41+07:00)
2026-09-17 17:44:41,015 INFO apscheduler.executors.default: Job "main.<locals>.run_scan (trigger: cron[second='1,6,11,16,21,26,31,36,41,46,51,56'], next run at: 2026-09-17 17:44:46 +07)" executed successfully
2026-09-17 17:44:42,568 INFO apscheduler.executors.default: Running job "main.<locals>.write_heartbeat_job (trigger: interval[0:00:15], next run at: 2026-09-17 17:44:57 +07)" (scheduled at 2026-09-17 17:44:42.556562+07:00)
2026-09-17 17:44:42,571 INFO apscheduler.executors.default: Job "main.<locals>.write_heartbeat_job (trigger: interval[0:00:15], next run at: 2026-09-17 17:44:57 +07)" executed successfully
2026-09-17 17:44:43,166 INFO httpx: HTTP Request: POST https://api.telegram.org/bot8742189012:AAEXGnFYIvAR33uaXz4-tx-ywZHjdNFhmgY/getUpdates "HTTP/1.1 200 OK"
2026-09-17 17:44:43,571 INFO apscheduler.executors.default: Running job "main.<locals>.run_lts_aus_fast_scan (trigger: interval[0:00:05], next run at: 2026-09-17 17:44:48 +07)" (scheduled at 2026-09-17 17:44:43.553049+07:00)
2026-09-17 17:44:43,571 INFO apscheduler.executors.default: Job "main.<locals>.run_lts_aus_fast_scan (trigger: interval[0:00:05], next run at: 2026-09-17 17:44:48 +07)" executed successfully
2026-09-17 17:44:43,572 INFO apscheduler.executors.default: Running job "main.<locals>.run_trail_sl (trigger: interval[0:00:05], next run at: 2026-09-17 17:44:48 +07)" (scheduled at 2026-09-17 17:44:43.553049+07:00)
2026-09-17 17:44:43,572 INFO apscheduler.executors.default: Job "main.<locals>.run_trail_sl (trigger: interval[0:00:05], next run at: 2026-09-17 17:44:48 +07)" executed successfully
2026-09-17 17:44:43,572 INFO apscheduler.executors.default: Running job "main.<locals>.run_position_check (trigger: interval[0:00:05], next run at: 2026-09-17 17:44:48 +07)" (scheduled at 2026-09-17 17:44:43.554314+07:00)
2026-09-17 17:44:43,580 INFO apscheduler.executors.default: Job "main.<locals>.run_position_check (trigger: interval[0:00:05], next run at: 2026-09-17 17:44:48 +07)" executed successfully
2026-09-17 17:44:46,002 INFO apscheduler.executors.default: Running job "main.<locals>.run_scan (trigger: cron[second='1,6,11,16,21,26,31,36,41,46,51,56'], next run at: 2026-09-17 17:44:51 +07)" (scheduled at 2026-09-17 17:44:46+07:00)
2026-09-17 17:44:46,002 INFO apscheduler.executors.default: Job "main.<locals>.run_scan (trigger: cron[second='1,6,11,16,21,26,31,36,41,46,51,56'], next run at: 2026-09-17 17:44:51 +07)" executed successfully
2026-09-17 17:44:48,562 INFO apscheduler.executors.default: Running job "main.<locals>.run_lts_aus_fast_scan (trigger: interval[0:00:05], next run at: 2026-09-17 17:44:53 +07)" (scheduled at 2026-09-17 17:44:48.553049+07:00)
2026-09-17 17:44:48,562 INFO apscheduler.executors.default: Job "main.<locals>.run_lts_aus_fast_scan (trigger: interval[0:00:05], next run at: 2026-09-17 17:44:53 +07)" executed successfully
2026-09-17 17:44:48,562 INFO apscheduler.executors.default: Running job "main.<locals>.run_trail_sl (trigger: interval[0:00:05], next run at: 2026-09-17 17:44:53 +07)" (scheduled at 2026-09-17 17:44:48.553049+07:00)
2026-09-17 17:44:48,564 INFO apscheduler.executors.default: Job "main.<locals>.run_trail_sl (trigger: interval[0:00:05], next run at: 2026-09-17 17:44:53 +07)" executed successfully
2026-09-17 17:44:48,564 INFO apscheduler.executors.default: Running job "main.<locals>.run_position_check (trigger: interval[0:00:05], next run at: 2026-09-17 17:44:53 +07)" (scheduled at 2026-09-17 17:44:48.554314+07:00)
2026-09-17 17:44:48,574 INFO apscheduler.executors.default: Job "main.<locals>.run_position_check (trigger: interval[0:00:05], next run at: 2026-09-17 17:44:53 +07)" executed successfully
2026-09-17 17:44:51,004 INFO apscheduler.executors.default: Running job "main.<locals>.run_scan (trigger: cron[second='1,6,11,16,21,26,31,36,41,46,51,56'], next run at: 2026-09-17 17:44:56 +07)" (scheduled at 2026-09-17 17:44:51+07:00)
2026-09-17 17:44:51,005 INFO apscheduler.executors.default: Job "main.<locals>.run_scan (trigger: cron[second='1,6,11,16,21,26,31,36,41,46,51,56'], next run at: 2026-09-17 17:44:56 +07)" executed successfully
2026-09-17 17:44:53,359 INFO httpx: HTTP Request: POST https://api.telegram.org/bot8742189012:AAEXGnFYIvAR33uaXz4-tx-ywZHjdNFhmgY/getUpdates "HTTP/1.1 200 OK"
2026-09-17 17:44:53,568 INFO apscheduler.executors.default: Running job "main.<locals>.run_lts_aus_fast_scan (trigger: interval[0:00:05], next run at: 2026-09-17 17:44:58 +07)" (scheduled at 2026-09-17 17:44:53.553049+07:00)
2026-09-17 17:44:53,570 INFO apscheduler.executors.default: Job "main.<locals>.run_lts_aus_fast_scan (trigger: interval[0:00:05], next run at: 2026-09-17 17:44:58 +07)" executed successfully
2026-09-17 17:44:53,570 INFO apscheduler.executors.default: Running job "main.<locals>.run_trail_sl (trigger: interval[0:00:05], next run at: 2026-09-17 17:44:58 +07)" (scheduled at 2026-09-17 17:44:53.553049+07:00)
2026-09-17 17:44:53,571 INFO apscheduler.executors.default: Job "main.<locals>.run_trail_sl (trigger: interval[0:00:05], next run at: 2026-09-17 17:44:58 +07)" executed successfully
2026-09-17 17:44:53,571 INFO apscheduler.executors.default: Running job "main.<locals>.run_position_check (trigger: interval[0:00:05], next run at: 2026-09-17 17:44:58 +07)" (scheduled at 2026-09-17 17:44:53.554314+07:00)
2026-09-17 17:44:53,576 INFO apscheduler.executors.default: Job "main.<locals>.run_position_check (trigger: interval[0:00:05], next run at: 2026-09-17 17:44:58 +07)" executed successfully
2026-09-17 17:44:53,576 INFO apscheduler.executors.default: Running job "main.<locals>.save_bot_state_job (trigger: interval[0:00:15], next run at: 2026-09-17 17:45:08 +07)" (scheduled at 2026-09-17 17:44:53.554314+07:00)
2026-09-17 17:44:53,578 INFO apscheduler.executors.default: Job "main.<locals>.save_bot_state_job (trigger: interval[0:00:15], next run at: 2026-09-17 17:45:08 +07)" executed successfully
2026-09-17 17:44:56,023 INFO apscheduler.executors.default: Running job "main.<locals>.run_scan (trigger: cron[second='1,6,11,16,21,26,31,36,41,46,51,56'], next run at: 2026-09-17 17:45:01 +07)" (scheduled at 2026-09-17 17:44:56+07:00)
2026-09-17 17:44:56,024 INFO apscheduler.executors.default: Job "main.<locals>.run_scan (trigger: cron[second='1,6,11,16,21,26,31,36,41,46,51,56'], next run at: 2026-09-17 17:45:01 +07)" executed successfully
2026-09-17 17:44:57,569 INFO apscheduler.executors.default: Running job "main.<locals>.write_heartbeat_job (trigger: interval[0:00:15], next run at: 2026-09-17 17:45:12 +07)" (scheduled at 2026-09-17 17:44:57.556562+07:00)
2026-09-17 17:44:57,572 INFO apscheduler.executors.default: Job "main.<locals>.write_heartbeat_job (trigger: interval[0:00:15], next run at: 2026-09-17 17:45:12 +07)" executed successfully
2026-09-17 17:44:58,562 INFO apscheduler.executors.default: Running job "main.<locals>.run_lts_aus_fast_scan (trigger: interval[0:00:05], next run at: 2026-09-17 17:45:03 +07)" (scheduled at 2026-09-17 17:44:58.553049+07:00)
2026-09-17 17:44:58,562 INFO apscheduler.executors.default: Job "main.<locals>.run_lts_aus_fast_scan (trigger: interval[0:00:05], next run at: 2026-09-17 17:45:03 +07)" executed successfully
2026-09-17 17:44:58,562 INFO apscheduler.executors.default: Running job "main.<locals>.run_trail_sl (trigger: interval[0:00:05], next run at: 2026-09-17 17:45:03 +07)" (scheduled at 2026-09-17 17:44:58.553049+07:00)
2026-09-17 17:44:58,562 INFO apscheduler.executors.default: Job "main.<locals>.run_trail_sl (trigger: interval[0:00:05], next run at: 2026-09-17 17:45:03 +07)" executed successfully
2026-09-17 17:44:58,563 INFO apscheduler.executors.default: Running job "main.<locals>.run_position_check (trigger: interval[0:00:05], next run at: 2026-09-17 17:45:03 +07)" (scheduled at 2026-09-17 17:44:58.554314+07:00)
2026-09-17 17:44:58,571 INFO apscheduler.executors.default: Job "main.<locals>.run_position_check (trigger: interval[0:00:05], next run at: 2026-09-17 17:45:03 +07)" executed successfully
2026-09-17 17:45:01,008 INFO apscheduler.executors.default: Running job "main.<locals>.run_scan (trigger: cron[second='1,6,11,16,21,26,31,36,41,46,51,56'], next run at: 2026-09-17 17:45:06 +07)" (scheduled at 2026-09-17 17:45:01+07:00)
2026-09-17 17:45:01,012 INFO apscheduler.executors.default: Job "main.<locals>.run_scan (trigger: cron[second='1,6,11,16,21,26,31,36,41,46,51,56'], next run at: 2026-09-17 17:45:06 +07)" executed successfully
2026-09-17 17:45:03,557 INFO httpx: HTTP Request: POST https://api.telegram.org/bot8742189012:AAEXGnFYIvAR33uaXz4-tx-ywZHjdNFhmgY/getUpdates "HTTP/1.1 200 OK"
2026-09-17 17:45:03,558 INFO apscheduler.executors.default: Running job "main.<locals>.run_lts_aus_fast_scan (trigger: interval[0:00:05], next run at: 2026-09-17 17:45:08 +07)" (scheduled at 2026-09-17 17:45:03.553049+07:00)
2026-09-17 17:45:03,560 INFO apscheduler.executors.default: Job "main.<locals>.run_lts_aus_fast_scan (trigger: interval[0:00:05], next run at: 2026-09-17 17:45:08 +07)" executed successfully
2026-09-17 17:45:03,560 INFO apscheduler.executors.default: Running job "main.<locals>.run_trail_sl (trigger: interval[0:00:05], next run at: 2026-09-17 17:45:08 +07)" (scheduled at 2026-09-17 17:45:03.553049+07:00)
2026-09-17 17:45:03,561 INFO apscheduler.executors.default: Job "main.<locals>.run_trail_sl (trigger: interval[0:00:05], next run at: 2026-09-17 17:45:08 +07)" executed successfully
2026-09-17 17:45:03,561 INFO apscheduler.executors.default: Running job "main.<locals>.run_position_check (trigger: interval[0:00:05], next run at: 2026-09-17 17:45:08 +07)" (scheduled at 2026-09-17 17:45:03.554314+07:00)
2026-09-17 17:45:03,572 INFO apscheduler.executors.default: Job "main.<locals>.run_position_check (trigger: interval[0:00:05], next run at: 2026-09-17 17:45:08 +07)" executed successfully
2026-09-17 17:45:06,014 INFO apscheduler.executors.default: Running job "main.<locals>.run_scan (trigger: cron[second='1,6,11,16,21,26,31,36,41,46,51,56'], next run at: 2026-09-17 17:45:11 +07)" (scheduled at 2026-09-17 17:45:06+07:00)
2026-09-17 17:45:06,015 INFO apscheduler.executors.default: Job "main.<locals>.run_scan (trigger: cron[second='1,6,11,16,21,26,31,36,41,46,51,56'], next run at: 2026-09-17 17:45:11 +07)" executed successfully
2026-09-17 17:45:08,561 INFO apscheduler.executors.default: Running job "main.<locals>.run_lts_aus_fast_scan (trigger: interval[0:00:05], next run at: 2026-09-17 17:45:13 +07)" (scheduled at 2026-09-17 17:45:08.553049+07:00)
2026-09-17 17:45:08,561 INFO apscheduler.executors.default: Job "main.<locals>.run_lts_aus_fast_scan (trigger: interval[0:00:05], next run at: 2026-09-17 17:45:13 +07)" executed successfully
2026-09-17 17:45:08,562 INFO apscheduler.executors.default: Running job "main.<locals>.run_trail_sl (trigger: interval[0:00:05], next run at: 2026-09-17 17:45:13 +07)" (scheduled at 2026-09-17 17:45:08.553049+07:00)
2026-09-17 17:45:08,562 INFO apscheduler.executors.default: Job "main.<locals>.run_trail_sl (trigger: interval[0:00:05], next run at: 2026-09-17 17:45:13 +07)" executed successfully
2026-09-17 17:45:08,562 INFO apscheduler.executors.default: Running job "main.<locals>.run_position_check (trigger: interval[0:00:05], next run at: 2026-09-17 17:45:13 +07)" (scheduled at 2026-09-17 17:45:08.554314+07:00)
2026-09-17 17:45:08,570 INFO apscheduler.executors.default: Job "main.<locals>.run_position_check (trigger: interval[0:00:05], next run at: 2026-09-17 17:45:13 +07)" executed successfully
2026-09-17 17:45:08,572 INFO apscheduler.executors.default: Running job "main.<locals>.save_bot_state_job (trigger: interval[0:00:15], next run at: 2026-09-17 17:45:23 +07)" (scheduled at 2026-09-17 17:45:08.554314+07:00)
2026-09-17 17:45:08,574 INFO apscheduler.executors.default: Job "main.<locals>.save_bot_state_job (trigger: interval[0:00:15], next run at: 2026-09-17 17:45:23 +07)" executed successfully
2026-09-17 17:45:11,010 INFO apscheduler.executors.default: Running job "main.<locals>.run_scan (trigger: cron[second='1,6,11,16,21,26,31,36,41,46,51,56'], next run at: 2026-09-17 17:45:16 +07)" (scheduled at 2026-09-17 17:45:11+07:00)
2026-09-17 17:45:11,010 INFO apscheduler.executors.default: Job "main.<locals>.run_scan (trigger: cron[second='1,6,11,16,21,26,31,36,41,46,51,56'], next run at: 2026-09-17 17:45:16 +07)" executed successfully
2026-09-17 17:45:12,560 INFO apscheduler.executors.default: Running job "main.<locals>.write_heartbeat_job (trigger: interval[0:00:15], next run at: 2026-09-17 17:45:27 +07)" (scheduled at 2026-09-17 17:45:12.556562+07:00)
2026-09-17 17:45:12,564 INFO apscheduler.executors.default: Job "main.<locals>.write_heartbeat_job (trigger: interval[0:00:15], next run at: 2026-09-17 17:45:27 +07)" executed successfully
2026-09-17 17:45:13,568 INFO apscheduler.executors.default: Running job "main.<locals>.run_lts_aus_fast_scan (trigger: interval[0:00:05], next run at: 2026-09-17 17:45:18 +07)" (scheduled at 2026-09-17 17:45:13.553049+07:00)
2026-09-17 17:45:13,569 INFO apscheduler.executors.default: Job "main.<locals>.run_lts_aus_fast_scan (trigger: interval[0:00:05], next run at: 2026-09-17 17:45:18 +07)" executed successfully
2026-09-17 17:45:13,569 INFO apscheduler.executors.default: Running job "main.<locals>.run_trail_sl (trigger: interval[0:00:05], next run at: 2026-09-17 17:45:18 +07)" (scheduled at 2026-09-17 17:45:13.553049+07:00)
2026-09-17 17:45:13,569 INFO apscheduler.executors.default: Job "main.<locals>.run_trail_sl (trigger: interval[0:00:05], next run at: 2026-09-17 17:45:18 +07)" executed successfully
2026-09-17 17:45:13,570 INFO apscheduler.executors.default: Running job "main.<locals>.run_position_check (trigger: interval[0:00:05], next run at: 2026-09-17 17:45:18 +07)" (scheduled at 2026-09-17 17:45:13.554314+07:00)
2026-09-17 17:45:13,577 INFO apscheduler.executors.default: Job "main.<locals>.run_position_check (trigger: interval[0:00:05], next run at: 2026-09-17 17:45:18 +07)" executed successfully
2026-09-17 17:45:13,769 INFO httpx: HTTP Request: POST https://api.telegram.org/bot8742189012:AAEXGnFYIvAR33uaXz4-tx-ywZHjdNFhmgY/getUpdates "HTTP/1.1 200 OK"
2026-09-17 17:45:16,008 INFO apscheduler.executors.default: Running job "main.<locals>.run_scan (trigger: cron[second='1,6,11,16,21,26,31,36,41,46,51,56'], next run at: 2026-09-17 17:45:21 +07)" (scheduled at 2026-09-17 17:45:16+07:00)
2026-09-17 17:45:16,009 INFO apscheduler.executors.default: Job "main.<locals>.run_scan (trigger: cron[second='1,6,11,16,21,26,31,36,41,46,51,56'], next run at: 2026-09-17 17:45:21 +07)" executed successfully
2026-09-17 17:45:18,568 INFO apscheduler.executors.default: Running job "main.<locals>.run_lts_aus_fast_scan (trigger: interval[0:00:05], next run at: 2026-09-17 17:45:23 +07)" (scheduled at 2026-09-17 17:45:18.553049+07:00)
2026-09-17 17:45:18,568 INFO apscheduler.executors.default: Job "main.<locals>.run_lts_aus_fast_scan (trigger: interval[0:00:05], next run at: 2026-09-17 17:45:23 +07)" executed successfully
2026-09-17 17:45:18,568 INFO apscheduler.executors.default: Running job "main.<locals>.run_trail_sl (trigger: interval[0:00:05], next run at: 2026-09-17 17:45:23 +07)" (scheduled at 2026-09-17 17:45:18.553049+07:00)
2026-09-17 17:45:18,569 INFO apscheduler.executors.default: Job "main.<locals>.run_trail_sl (trigger: interval[0:00:05], next run at: 2026-09-17 17:45:23 +07)" executed successfully
2026-09-17 17:45:18,569 INFO apscheduler.executors.default: Running job "main.<locals>.run_position_check (trigger: interval[0:00:05], next run at: 2026-09-17 17:45:23 +07)" (scheduled at 2026-09-17 17:45:18.554314+07:00)
2026-09-17 17:45:18,574 INFO apscheduler.executors.default: Job "main.<locals>.run_position_check (trigger: interval[0:00:05], next run at: 2026-09-17 17:45:23 +07)" executed successfully
2026-09-17 17:45:21,022 INFO apscheduler.executors.default: Running job "main.<locals>.run_scan (trigger: cron[second='1,6,11,16,21,26,31,36,41,46,51,56'], next run at: 2026-09-17 17:45:26 +07)" (scheduled at 2026-09-17 17:45:21+07:00)
2026-09-17 17:45:21,024 INFO apscheduler.executors.default: Job "main.<locals>.run_scan (trigger: cron[second='1,6,11,16,21,26,31,36,41,46,51,56'], next run at: 2026-09-17 17:45:26 +07)" executed successfully
2026-09-17 17:45:23,568 INFO apscheduler.executors.default: Running job "main.<locals>.check_symbol_switch (trigger: interval[0:01:00], next run at: 2026-09-17 17:46:23 +07)" (scheduled at 2026-09-17 17:45:23.550053+07:00)
2026-09-17 17:45:23,577 INFO apscheduler.executors.default: Job "main.<locals>.check_symbol_switch (trigger: interval[0:01:00], next run at: 2026-09-17 17:46:23 +07)" executed successfully
2026-09-17 17:45:23,577 INFO apscheduler.executors.default: Running job "main.<locals>.run_lts_aus_fast_scan (trigger: interval[0:00:05], next run at: 2026-09-17 17:45:28 +07)" (scheduled at 2026-09-17 17:45:23.553049+07:00)
2026-09-17 17:45:23,577 INFO apscheduler.executors.default: Job "main.<locals>.run_lts_aus_fast_scan (trigger: interval[0:00:05], next run at: 2026-09-17 17:45:28 +07)" executed successfully
2026-09-17 17:45:23,577 INFO apscheduler.executors.default: Running job "main.<locals>.run_trail_sl (trigger: interval[0:00:05], next run at: 2026-09-17 17:45:28 +07)" (scheduled at 2026-09-17 17:45:23.553049+07:00)
2026-09-17 17:45:23,579 INFO apscheduler.executors.default: Job "main.<locals>.run_trail_sl (trigger: interval[0:00:05], next run at: 2026-09-17 17:45:28 +07)" executed successfully
2026-09-17 17:45:23,579 INFO apscheduler.executors.default: Running job "main.<locals>.run_position_check (trigger: interval[0:00:05], next run at: 2026-09-17 17:45:28 +07)" (scheduled at 2026-09-17 17:45:23.554314+07:00)
2026-09-17 17:45:23,586 INFO apscheduler.executors.default: Job "main.<locals>.run_position_check (trigger: interval[0:00:05], next run at: 2026-09-17 17:45:28 +07)" executed successfully
2026-09-17 17:45:23,586 INFO apscheduler.executors.default: Running job "main.<locals>.save_bot_state_job (trigger: interval[0:00:15], next run at: 2026-09-17 17:45:38 +07)" (scheduled at 2026-09-17 17:45:23.554314+07:00)
2026-09-17 17:45:23,589 INFO apscheduler.executors.default: Job "main.<locals>.save_bot_state_job (trigger: interval[0:00:15], next run at: 2026-09-17 17:45:38 +07)" executed successfully
2026-09-17 17:45:23,590 INFO apscheduler.executors.default: Running job "main.<locals>.run_watchdog (trigger: interval[0:01:00], next run at: 2026-09-17 17:46:23 +07)" (scheduled at 2026-09-17 17:45:23.556562+07:00)
2026-09-17 17:45:23,594 INFO apscheduler.executors.default: Job "main.<locals>.run_watchdog (trigger: interval[0:01:00], next run at: 2026-09-17 17:46:23 +07)" executed successfully
2026-09-17 17:45:23,983 INFO httpx: HTTP Request: POST https://api.telegram.org/bot8742189012:AAEXGnFYIvAR33uaXz4-tx-ywZHjdNFhmgY/getUpdates "HTTP/1.1 200 OK"
2026-09-17 17:45:26,017 INFO apscheduler.executors.default: Running job "main.<locals>.run_scan (trigger: cron[second='1,6,11,16,21,26,31,36,41,46,51,56'], next run at: 2026-09-17 17:45:31 +07)" (scheduled at 2026-09-17 17:45:26+07:00)
2026-09-17 17:45:26,018 INFO apscheduler.executors.default: Job "main.<locals>.run_scan (trigger: cron[second='1,6,11,16,21,26,31,36,41,46,51,56'], next run at: 2026-09-17 17:45:31 +07)" executed successfully
2026-09-17 17:45:27,558 INFO apscheduler.executors.default: Running job "main.<locals>.write_heartbeat_job (trigger: interval[0:00:15], next run at: 2026-09-17 17:45:42 +07)" (scheduled at 2026-09-17 17:45:27.556562+07:00)
2026-09-17 17:45:27,561 INFO apscheduler.executors.default: Job "main.<locals>.write_heartbeat_job (trigger: interval[0:00:15], next run at: 2026-09-17 17:45:42 +07)" executed successfully
2026-09-17 17:45:28,564 INFO apscheduler.executors.default: Running job "main.<locals>.run_lts_aus_fast_scan (trigger: interval[0:00:05], next run at: 2026-09-17 17:45:33 +07)" (scheduled at 2026-09-17 17:45:28.553049+07:00)
2026-09-17 17:45:28,565 INFO apscheduler.executors.default: Job "main.<locals>.run_lts_aus_fast_scan (trigger: interval[0:00:05], next run at: 2026-09-17 17:45:33 +07)" executed successfully
2026-09-17 17:45:28,565 INFO apscheduler.executors.default: Running job "main.<locals>.run_trail_sl (trigger: interval[0:00:05], next run at: 2026-09-17 17:45:33 +07)" (scheduled at 2026-09-17 17:45:28.553049+07:00)
2026-09-17 17:45:28,565 INFO apscheduler.executors.default: Job "main.<locals>.run_trail_sl (trigger: interval[0:00:05], next run at: 2026-09-17 17:45:33 +07)" executed successfully
2026-09-17 17:45:28,566 INFO apscheduler.executors.default: Running job "main.<locals>.run_position_check (trigger: interval[0:00:05], next run at: 2026-09-17 17:45:33 +07)" (scheduled at 2026-09-17 17:45:28.554314+07:00)
2026-09-17 17:45:28,572 INFO apscheduler.executors.default: Job "main.<locals>.run_position_check (trigger: interval[0:00:05], next run at: 2026-09-17 17:45:33 +07)" executed successfully
2026-09-17 17:45:31,016 INFO apscheduler.executors.default: Running job "main.<locals>.run_scan (trigger: cron[second='1,6,11,16,21,26,31,36,41,46,51,56'], next run at: 2026-09-17 17:45:36 +07)" (scheduled at 2026-09-17 17:45:31+07:00)
2026-09-17 17:45:31,018 INFO apscheduler.executors.default: Job "main.<locals>.run_scan (trigger: cron[second='1,6,11,16,21,26,31,36,41,46,51,56'], next run at: 2026-09-17 17:45:36 +07)" executed successfully
2026-09-17 17:45:33,556 INFO apscheduler.executors.default: Running job "main.<locals>.run_lts_aus_fast_scan (trigger: interval[0:00:05], next run at: 2026-09-17 17:45:38 +07)" (scheduled at 2026-09-17 17:45:33.553049+07:00)
2026-09-17 17:45:33,557 INFO apscheduler.executors.default: Job "main.<locals>.run_lts_aus_fast_scan (trigger: interval[0:00:05], next run at: 2026-09-17 17:45:38 +07)" executed successfully
2026-09-17 17:45:33,557 INFO apscheduler.executors.default: Running job "main.<locals>.run_trail_sl (trigger: interval[0:00:05], next run at: 2026-09-17 17:45:38 +07)" (scheduled at 2026-09-17 17:45:33.553049+07:00)
2026-09-17 17:45:33,558 INFO apscheduler.executors.default: Job "main.<locals>.run_trail_sl (trigger: interval[0:00:05], next run at: 2026-09-17 17:45:38 +07)" executed successfully
2026-09-17 17:45:33,558 INFO apscheduler.executors.default: Running job "main.<locals>.run_position_check (trigger: interval[0:00:05], next run at: 2026-09-17 17:45:38 +07)" (scheduled at 2026-09-17 17:45:33.554314+07:00)
2026-09-17 17:45:33,565 INFO apscheduler.executors.default: Job "main.<locals>.run_position_check (trigger: interval[0:00:05], next run at: 2026-09-17 17:45:38 +07)" executed successfully
2026-09-17 17:45:34,177 INFO httpx: HTTP Request: POST https://api.telegram.org/bot8742189012:AAEXGnFYIvAR33uaXz4-tx-ywZHjdNFhmgY/getUpdates "HTTP/1.1 200 OK"
2026-09-17 17:45:36,011 INFO apscheduler.executors.default: Running job "main.<locals>.run_scan (trigger: cron[second='1,6,11,16,21,26,31,36,41,46,51,56'], next run at: 2026-09-17 17:45:41 +07)" (scheduled at 2026-09-17 17:45:36+07:00)
2026-09-17 17:45:36,011 INFO apscheduler.executors.default: Job "main.<locals>.run_scan (trigger: cron[second='1,6,11,16,21,26,31,36,41,46,51,56'], next run at: 2026-09-17 17:45:41 +07)" executed successfully
2026-09-17 17:45:38,565 INFO apscheduler.executors.default: Running job "main.<locals>.run_lts_aus_fast_scan (trigger: interval[0:00:05], next run at: 2026-09-17 17:45:43 +07)" (scheduled at 2026-09-17 17:45:38.553049+07:00)
2026-09-17 17:45:38,567 INFO apscheduler.executors.default: Job "main.<locals>.run_lts_aus_fast_scan (trigger: interval[0:00:05], next run at: 2026-09-17 17:45:43 +07)" executed successfully
2026-09-17 17:45:38,567 INFO apscheduler.executors.default: Running job "main.<locals>.run_trail_sl (trigger: interval[0:00:05], next run at: 2026-09-17 17:45:43 +07)" (scheduled at 2026-09-17 17:45:38.553049+07:00)
2026-09-17 17:45:38,567 INFO apscheduler.executors.default: Job "main.<locals>.run_trail_sl (trigger: interval[0:00:05], next run at: 2026-09-17 17:45:43 +07)" executed successfully
2026-09-17 17:45:38,567 INFO apscheduler.executors.default: Running job "main.<locals>.run_position_check (trigger: interval[0:00:05], next run at: 2026-09-17 17:45:43 +07)" (scheduled at 2026-09-17 17:45:38.554314+07:00)
2026-09-17 17:45:38,574 INFO apscheduler.executors.default: Job "main.<locals>.run_position_check (trigger: interval[0:00:05], next run at: 2026-09-17 17:45:43 +07)" executed successfully
2026-09-17 17:45:38,574 INFO apscheduler.executors.default: Running job "main.<locals>.save_bot_state_job (trigger: interval[0:00:15], next run at: 2026-09-17 17:45:53 +07)" (scheduled at 2026-09-17 17:45:38.554314+07:00)
2026-09-17 17:45:38,577 INFO apscheduler.executors.default: Job "main.<locals>.save_bot_state_job (trigger: interval[0:00:15], next run at: 2026-09-17 17:45:53 +07)" executed successfully
2026-09-17 17:45:41,024 INFO apscheduler.executors.default: Running job "main.<locals>.run_scan (trigger: cron[second='1,6,11,16,21,26,31,36,41,46,51,56'], next run at: 2026-09-17 17:45:46 +07)" (scheduled at 2026-09-17 17:45:41+07:00)
2026-09-17 17:45:41,025 INFO apscheduler.executors.default: Job "main.<locals>.run_scan (trigger: cron[second='1,6,11,16,21,26,31,36,41,46,51,56'], next run at: 2026-09-17 17:45:46 +07)" executed successfully
2026-09-17 17:45:42,562 INFO apscheduler.executors.default: Running job "main.<locals>.write_heartbeat_job (trigger: interval[0:00:15], next run at: 2026-09-17 17:45:57 +07)" (scheduled at 2026-09-17 17:45:42.556562+07:00)
2026-09-17 17:45:42,565 INFO apscheduler.executors.default: Job "main.<locals>.write_heartbeat_job (trigger: interval[0:00:15], next run at: 2026-09-17 17:45:57 +07)" executed successfully
2026-09-17 17:45:43,557 INFO apscheduler.executors.default: Running job "main.<locals>.run_lts_aus_fast_scan (trigger: interval[0:00:05], next run at: 2026-09-17 17:45:48 +07)" (scheduled at 2026-09-17 17:45:43.553049+07:00)
2026-09-17 17:45:43,557 INFO apscheduler.executors.default: Job "main.<locals>.run_lts_aus_fast_scan (trigger: interval[0:00:05], next run at: 2026-09-17 17:45:48 +07)" executed successfully
2026-09-17 17:45:43,558 INFO apscheduler.executors.default: Running job "main.<locals>.run_trail_sl (trigger: interval[0:00:05], next run at: 2026-09-17 17:45:48 +07)" (scheduled at 2026-09-17 17:45:43.553049+07:00)
2026-09-17 17:45:43,558 INFO apscheduler.executors.default: Job "main.<locals>.run_trail_sl (trigger: interval[0:00:05], next run at: 2026-09-17 17:45:48 +07)" executed successfully
2026-09-17 17:45:43,558 INFO apscheduler.executors.default: Running job "main.<locals>.run_position_check (trigger: interval[0:00:05], next run at: 2026-09-17 17:45:48 +07)" (scheduled at 2026-09-17 17:45:43.554314+07:00)
2026-09-17 17:45:43,565 INFO apscheduler.executors.default: Job "main.<locals>.run_position_check (trigger: interval[0:00:05], next run at: 2026-09-17 17:45:48 +07)" executed successfully
2026-09-17 17:45:44,370 INFO httpx: HTTP Request: POST https://api.telegram.org/bot8742189012:AAEXGnFYIvAR33uaXz4-tx-ywZHjdNFhmgY/getUpdates "HTTP/1.1 200 OK"
2026-09-17 17:45:46,018 INFO apscheduler.executors.default: Running job "main.<locals>.run_scan (trigger: cron[second='1,6,11,16,21,26,31,36,41,46,51,56'], next run at: 2026-09-17 17:45:51 +07)" (scheduled at 2026-09-17 17:45:46+07:00)
2026-09-17 17:45:46,018 INFO apscheduler.executors.default: Job "main.<locals>.run_scan (trigger: cron[second='1,6,11,16,21,26,31,36,41,46,51,56'], next run at: 2026-09-17 17:45:51 +07)" executed successfully
2026-09-17 17:45:48,560 INFO apscheduler.executors.default: Running job "main.<locals>.run_lts_aus_fast_scan (trigger: interval[0:00:05], next run at: 2026-09-17 17:45:53 +07)" (scheduled at 2026-09-17 17:45:48.553049+07:00)
2026-09-17 17:45:48,561 INFO apscheduler.executors.default: Job "main.<locals>.run_lts_aus_fast_scan (trigger: interval[0:00:05], next run at: 2026-09-17 17:45:53 +07)" executed successfully
2026-09-17 17:45:48,561 INFO apscheduler.executors.default: Running job "main.<locals>.run_trail_sl (trigger: interval[0:00:05], next run at: 2026-09-17 17:45:53 +07)" (scheduled at 2026-09-17 17:45:48.553049+07:00)
2026-09-17 17:45:48,561 INFO apscheduler.executors.default: Job "main.<locals>.run_trail_sl (trigger: interval[0:00:05], next run at: 2026-09-17 17:45:53 +07)" executed successfully
2026-09-17 17:45:48,562 INFO apscheduler.executors.default: Running job "main.<locals>.run_position_check (trigger: interval[0:00:05], next run at: 2026-09-17 17:45:53 +07)" (scheduled at 2026-09-17 17:45:48.554314+07:00)
2026-09-17 17:45:48,569 INFO apscheduler.executors.default: Job "main.<locals>.run_position_check (trigger: interval[0:00:05], next run at: 2026-09-17 17:45:53 +07)" executed successfully
2026-09-17 17:45:51,015 INFO apscheduler.executors.default: Running job "main.<locals>.run_scan (trigger: cron[second='1,6,11,16,21,26,31,36,41,46,51,56'], next run at: 2026-09-17 17:45:56 +07)" (scheduled at 2026-09-17 17:45:51+07:00)
2026-09-17 17:45:51,015 INFO apscheduler.executors.default: Job "main.<locals>.run_scan (trigger: cron[second='1,6,11,16,21,26,31,36,41,46,51,56'], next run at: 2026-09-17 17:45:56 +07)" executed successfully
2026-09-17 17:45:53,566 INFO apscheduler.executors.default: Running job "main.<locals>.run_lts_aus_fast_scan (trigger: interval[0:00:05], next run at: 2026-09-17 17:45:58 +07)" (scheduled at 2026-09-17 17:45:53.553049+07:00)
2026-09-17 17:45:53,567 INFO apscheduler.executors.default: Job "main.<locals>.run_lts_aus_fast_scan (trigger: interval[0:00:05], next run at: 2026-09-17 17:45:58 +07)" executed successfully
2026-09-17 17:45:53,568 INFO apscheduler.executors.default: Running job "main.<locals>.run_trail_sl (trigger: interval[0:00:05], next run at: 2026-09-17 17:45:58 +07)" (scheduled at 2026-09-17 17:45:53.553049+07:00)
2026-09-17 17:45:53,568 INFO apscheduler.executors.default: Job "main.<locals>.run_trail_sl (trigger: interval[0:00:05], next run at: 2026-09-17 17:45:58 +07)" executed successfully
2026-09-17 17:45:53,569 INFO apscheduler.executors.default: Running job "main.<locals>.run_position_check (trigger: interval[0:00:05], next run at: 2026-09-17 17:45:58 +07)" (scheduled at 2026-09-17 17:45:53.554314+07:00)
2026-09-17 17:45:53,575 INFO apscheduler.executors.default: Job "main.<locals>.run_position_check (trigger: interval[0:00:05], next run at: 2026-09-17 17:45:58 +07)" executed successfully
2026-09-17 17:45:53,575 INFO apscheduler.executors.default: Running job "main.<locals>.save_bot_state_job (trigger: interval[0:00:15], next run at: 2026-09-17 17:46:08 +07)" (scheduled at 2026-09-17 17:45:53.554314+07:00)
2026-09-17 17:45:53,577 INFO apscheduler.executors.default: Job "main.<locals>.save_bot_state_job (trigger: interval[0:00:15], next run at: 2026-09-17 17:46:08 +07)" executed successfully
2026-09-17 17:45:54,564 INFO httpx: HTTP Request: POST https://api.telegram.org/bot8742189012:AAEXGnFYIvAR33uaXz4-tx-ywZHjdNFhmgY/getUpdates "HTTP/1.1 200 OK"
2026-09-17 17:45:56,008 INFO apscheduler.executors.default: Running job "main.<locals>.run_scan (trigger: cron[second='1,6,11,16,21,26,31,36,41,46,51,56'], next run at: 2026-09-17 17:46:01 +07)" (scheduled at 2026-09-17 17:45:56+07:00)
2026-09-17 17:45:56,009 INFO apscheduler.executors.default: Job "main.<locals>.run_scan (trigger: cron[second='1,6,11,16,21,26,31,36,41,46,51,56'], next run at: 2026-09-17 17:46:01 +07)" executed successfully
2026-09-17 17:45:57,566 INFO apscheduler.executors.default: Running job "main.<locals>.write_heartbeat_job (trigger: interval[0:00:15], next run at: 2026-09-17 17:46:12 +07)" (scheduled at 2026-09-17 17:45:57.556562+07:00)
2026-09-17 17:45:57,570 INFO apscheduler.executors.default: Job "main.<locals>.write_heartbeat_job (trigger: interval[0:00:15], next run at: 2026-09-17 17:46:12 +07)" executed successfully
2026-09-17 17:45:58,564 INFO apscheduler.executors.default: Running job "main.<locals>.run_lts_aus_fast_scan (trigger: interval[0:00:05], next run at: 2026-09-17 17:46:03 +07)" (scheduled at 2026-09-17 17:45:58.553049+07:00)
2026-09-17 17:45:58,564 INFO apscheduler.executors.default: Job "main.<locals>.run_lts_aus_fast_scan (trigger: interval[0:00:05], next run at: 2026-09-17 17:46:03 +07)" executed successfully
2026-09-17 17:45:58,564 INFO apscheduler.executors.default: Running job "main.<locals>.run_trail_sl (trigger: interval[0:00:05], next run at: 2026-09-17 17:46:03 +07)" (scheduled at 2026-09-17 17:45:58.553049+07:00)
2026-09-17 17:45:58,565 INFO apscheduler.executors.default: Job "main.<locals>.run_trail_sl (trigger: interval[0:00:05], next run at: 2026-09-17 17:46:03 +07)" executed successfully
2026-09-17 17:45:58,565 INFO apscheduler.executors.default: Running job "main.<locals>.run_position_check (trigger: interval[0:00:05], next run at: 2026-09-17 17:46:03 +07)" (scheduled at 2026-09-17 17:45:58.554314+07:00)
2026-09-17 17:45:58,572 INFO apscheduler.executors.default: Job "main.<locals>.run_position_check (trigger: interval[0:00:05], next run at: 2026-09-17 17:46:03 +07)" executed successfully
2026-09-17 17:46:01,015 INFO apscheduler.executors.default: Running job "main.<locals>.run_scan (trigger: cron[second='1,6,11,16,21,26,31,36,41,46,51,56'], next run at: 2026-09-17 17:46:06 +07)" (scheduled at 2026-09-17 17:46:01+07:00)
2026-09-17 17:46:01,015 INFO apscheduler.executors.default: Job "main.<locals>.run_scan (trigger: cron[second='1,6,11,16,21,26,31,36,41,46,51,56'], next run at: 2026-09-17 17:46:06 +07)" executed successfully
2026-09-17 17:46:03,561 INFO apscheduler.executors.default: Running job "main.<locals>.run_lts_aus_fast_scan (trigger: interval[0:00:05], next run at: 2026-09-17 17:46:08 +07)" (scheduled at 2026-09-17 17:46:03.553049+07:00)
2026-09-17 17:46:03,562 INFO apscheduler.executors.default: Job "main.<locals>.run_lts_aus_fast_scan (trigger: interval[0:00:05], next run at: 2026-09-17 17:46:08 +07)" executed successfully
2026-09-17 17:46:03,562 INFO apscheduler.executors.default: Running job "main.<locals>.run_trail_sl (trigger: interval[0:00:05], next run at: 2026-09-17 17:46:08 +07)" (scheduled at 2026-09-17 17:46:03.553049+07:00)
2026-09-17 17:46:03,563 INFO apscheduler.executors.default: Job "main.<locals>.run_trail_sl (trigger: interval[0:00:05], next run at: 2026-09-17 17:46:08 +07)" executed successfully
2026-09-17 17:46:03,563 INFO apscheduler.executors.default: Running job "main.<locals>.run_position_check (trigger: interval[0:00:05], next run at: 2026-09-17 17:46:08 +07)" (scheduled at 2026-09-17 17:46:03.554314+07:00)
2026-09-17 17:46:03,570 INFO apscheduler.executors.default: Job "main.<locals>.run_position_check (trigger: interval[0:00:05], next run at: 2026-09-17 17:46:08 +07)" executed successfully
2026-09-17 17:46:04,757 INFO httpx: HTTP Request: POST https://api.telegram.org/bot8742189012:AAEXGnFYIvAR33uaXz4-tx-ywZHjdNFhmgY/getUpdates "HTTP/1.1 200 OK"
2026-09-17 17:46:06,001 INFO apscheduler.executors.default: Running job "main.<locals>.run_scan (trigger: cron[second='1,6,11,16,21,26,31,36,41,46,51,56'], next run at: 2026-09-17 17:46:11 +07)" (scheduled at 2026-09-17 17:46:06+07:00)
2026-09-17 17:46:06,002 INFO apscheduler.executors.default: Job "main.<locals>.run_scan (trigger: cron[second='1,6,11,16,21,26,31,36,41,46,51,56'], next run at: 2026-09-17 17:46:11 +07)" executed successfully
2026-09-17 17:46:08,558 INFO apscheduler.executors.default: Running job "main.<locals>.run_lts_aus_fast_scan (trigger: interval[0:00:05], next run at: 2026-09-17 17:46:13 +07)" (scheduled at 2026-09-17 17:46:08.553049+07:00)
2026-09-17 17:46:08,558 INFO apscheduler.executors.default: Job "main.<locals>.run_lts_aus_fast_scan (trigger: interval[0:00:05], next run at: 2026-09-17 17:46:13 +07)" executed successfully
2026-09-17 17:46:08,559 INFO apscheduler.executors.default: Running job "main.<locals>.run_trail_sl (trigger: interval[0:00:05], next run at: 2026-09-17 17:46:13 +07)" (scheduled at 2026-09-17 17:46:08.553049+07:00)
2026-09-17 17:46:08,559 INFO apscheduler.executors.default: Job "main.<locals>.run_trail_sl (trigger: interval[0:00:05], next run at: 2026-09-17 17:46:13 +07)" executed successfully
2026-09-17 17:46:08,559 INFO apscheduler.executors.default: Running job "main.<locals>.run_position_check (trigger: interval[0:00:05], next run at: 2026-09-17 17:46:13 +07)" (scheduled at 2026-09-17 17:46:08.554314+07:00)
2026-09-17 17:46:08,566 INFO apscheduler.executors.default: Job "main.<locals>.run_position_check (trigger: interval[0:00:05], next run at: 2026-09-17 17:46:13 +07)" executed successfully
2026-09-17 17:46:08,567 INFO apscheduler.executors.default: Running job "main.<locals>.save_bot_state_job (trigger: interval[0:00:15], next run at: 2026-09-17 17:46:23 +07)" (scheduled at 2026-09-17 17:46:08.554314+07:00)
2026-09-17 17:46:08,570 INFO apscheduler.executors.default: Job "main.<locals>.save_bot_state_job (trigger: interval[0:00:15], next run at: 2026-09-17 17:46:23 +07)" executed successfully
2026-09-17 17:46:11,012 INFO apscheduler.executors.default: Running job "main.<locals>.run_scan (trigger: cron[second='1,6,11,16,21,26,31,36,41,46,51,56'], next run at: 2026-09-17 17:46:16 +07)" (scheduled at 2026-09-17 17:46:11+07:00)
2026-09-17 17:46:11,020 INFO apscheduler.executors.default: Job "main.<locals>.run_scan (trigger: cron[second='1,6,11,16,21,26,31,36,41,46,51,56'], next run at: 2026-09-17 17:46:16 +07)" executed successfully
2026-09-17 17:46:12,569 INFO apscheduler.executors.default: Running job "main.<locals>.write_heartbeat_job (trigger: interval[0:00:15], next run at: 2026-09-17 17:46:27 +07)" (scheduled at 2026-09-17 17:46:12.556562+07:00)
2026-09-17 17:46:12,572 INFO apscheduler.executors.default: Job "main.<locals>.write_heartbeat_job (trigger: interval[0:00:15], next run at: 2026-09-17 17:46:27 +07)" executed successfully
2026-09-17 17:46:13,568 INFO apscheduler.executors.default: Running job "main.<locals>.run_lts_aus_fast_scan (trigger: interval[0:00:05], next run at: 2026-09-17 17:46:18 +07)" (scheduled at 2026-09-17 17:46:13.553049+07:00)
2026-09-17 17:46:13,569 INFO apscheduler.executors.default: Job "main.<locals>.run_lts_aus_fast_scan (trigger: interval[0:00:05], next run at: 2026-09-17 17:46:18 +07)" executed successfully
2026-09-17 17:46:13,569 INFO apscheduler.executors.default: Running job "main.<locals>.run_trail_sl (trigger: interval[0:00:05], next run at: 2026-09-17 17:46:18 +07)" (scheduled at 2026-09-17 17:46:13.553049+07:00)
2026-09-17 17:46:13,569 INFO apscheduler.executors.default: Job "main.<locals>.run_trail_sl (trigger: interval[0:00:05], next run at: 2026-09-17 17:46:18 +07)" executed successfully
2026-09-17 17:46:13,570 INFO apscheduler.executors.default: Running job "main.<locals>.run_position_check (trigger: interval[0:00:05], next run at: 2026-09-17 17:46:18 +07)" (scheduled at 2026-09-17 17:46:13.554314+07:00)
2026-09-17 17:46:13,575 INFO apscheduler.executors.default: Job "main.<locals>.run_position_check (trigger: interval[0:00:05], next run at: 2026-09-17 17:46:18 +07)" executed successfully
2026-09-17 17:46:14,998 INFO httpx: HTTP Request: POST https://api.telegram.org/bot8742189012:AAEXGnFYIvAR33uaXz4-tx-ywZHjdNFhmgY/getUpdates "HTTP/1.1 200 OK"
2026-09-17 17:46:16,013 INFO apscheduler.executors.default: Running job "main.<locals>.run_scan (trigger: cron[second='1,6,11,16,21,26,31,36,41,46,51,56'], next run at: 2026-09-17 17:46:21 +07)" (scheduled at 2026-09-17 17:46:16+07:00)
2026-09-17 17:46:16,015 INFO apscheduler.executors.default: Job "main.<locals>.run_scan (trigger: cron[second='1,6,11,16,21,26,31,36,41,46,51,56'], next run at: 2026-09-17 17:46:21 +07)" executed successfully
2026-09-17 17:46:18,557 INFO apscheduler.executors.default: Running job "main.<locals>.run_lts_aus_fast_scan (trigger: interval[0:00:05], next run at: 2026-09-17 17:46:23 +07)" (scheduled at 2026-09-17 17:46:18.553049+07:00)
2026-09-17 17:46:18,557 INFO apscheduler.executors.default: Job "main.<locals>.run_lts_aus_fast_scan (trigger: interval[0:00:05], next run at: 2026-09-17 17:46:23 +07)" executed successfully
2026-09-17 17:46:18,558 INFO apscheduler.executors.default: Running job "main.<locals>.run_trail_sl (trigger: interval[0:00:05], next run at: 2026-09-17 17:46:23 +07)" (scheduled at 2026-09-17 17:46:18.553049+07:00)
2026-09-17 17:46:18,558 INFO apscheduler.executors.default: Job "main.<locals>.run_trail_sl (trigger: interval[0:00:05], next run at: 2026-09-17 17:46:23 +07)" executed successfully
2026-09-17 17:46:18,558 INFO apscheduler.executors.default: Running job "main.<locals>.run_position_check (trigger: interval[0:00:05], next run at: 2026-09-17 17:46:23 +07)" (scheduled at 2026-09-17 17:46:18.554314+07:00)
2026-09-17 17:46:18,564 INFO apscheduler.executors.default: Job "main.<locals>.run_position_check (trigger: interval[0:00:05], next run at: 2026-09-17 17:46:23 +07)" executed successfully
2026-09-17 17:46:21,014 INFO apscheduler.executors.default: Running job "main.<locals>.run_scan (trigger: cron[second='1,6,11,16,21,26,31,36,41,46,51,56'], next run at: 2026-09-17 17:46:26 +07)" (scheduled at 2026-09-17 17:46:21+07:00)
2026-09-17 17:46:21,015 INFO apscheduler.executors.default: Job "main.<locals>.run_scan (trigger: cron[second='1,6,11,16,21,26,31,36,41,46,51,56'], next run at: 2026-09-17 17:46:26 +07)" executed successfully
2026-09-17 17:46:23,562 INFO apscheduler.executors.default: Running job "main.<locals>.check_symbol_switch (trigger: interval[0:01:00], next run at: 2026-09-17 17:47:23 +07)" (scheduled at 2026-09-17 17:46:23.550053+07:00)
2026-09-17 17:46:23,571 INFO apscheduler.executors.default: Job "main.<locals>.check_symbol_switch (trigger: interval[0:01:00], next run at: 2026-09-17 17:47:23 +07)" executed successfully
2026-09-17 17:46:23,571 INFO apscheduler.executors.default: Running job "main.<locals>.run_demo_portfolio_scan (trigger: interval[0:05:00], next run at: 2026-09-17 17:51:23 +07)" (scheduled at 2026-09-17 17:46:23.552051+07:00)
2026-09-17 17:46:23,589 INFO apscheduler.executors.default: Running job "main.<locals>.run_lts_aus_fast_scan (trigger: interval[0:00:05], next run at: 2026-09-17 17:46:28 +07)" (scheduled at 2026-09-17 17:46:23.553049+07:00)
2026-09-17 17:46:23,590 INFO apscheduler.executors.default: Job "main.<locals>.run_lts_aus_fast_scan (trigger: interval[0:00:05], next run at: 2026-09-17 17:46:28 +07)" executed successfully
2026-09-17 17:46:23,590 INFO apscheduler.executors.default: Running job "main.<locals>.run_trail_sl (trigger: interval[0:00:05], next run at: 2026-09-17 17:46:28 +07)" (scheduled at 2026-09-17 17:46:23.553049+07:00)
2026-09-17 17:46:23,591 INFO apscheduler.executors.default: Job "main.<locals>.run_trail_sl (trigger: interval[0:00:05], next run at: 2026-09-17 17:46:28 +07)" executed successfully
2026-09-17 17:46:23,591 INFO apscheduler.executors.default: Running job "main.<locals>.run_position_check (trigger: interval[0:00:05], next run at: 2026-09-17 17:46:28 +07)" (scheduled at 2026-09-17 17:46:23.554314+07:00)
2026-09-17 17:46:23,597 INFO apscheduler.executors.default: Job "main.<locals>.run_position_check (trigger: interval[0:00:05], next run at: 2026-09-17 17:46:28 +07)" executed successfully
2026-09-17 17:46:23,597 INFO apscheduler.executors.default: Running job "main.<locals>.save_bot_state_job (trigger: interval[0:00:15], next run at: 2026-09-17 17:46:38 +07)" (scheduled at 2026-09-17 17:46:23.554314+07:00)
2026-09-17 17:46:23,600 INFO apscheduler.executors.default: Job "main.<locals>.save_bot_state_job (trigger: interval[0:00:15], next run at: 2026-09-17 17:46:38 +07)" executed successfully
2026-09-17 17:46:23,601 INFO apscheduler.executors.default: Running job "main.<locals>.run_watchdog (trigger: interval[0:01:00], next run at: 2026-09-17 17:47:23 +07)" (scheduled at 2026-09-17 17:46:23.556562+07:00)
2026-09-17 17:46:23,604 INFO apscheduler.executors.default: Job "main.<locals>.run_watchdog (trigger: interval[0:01:00], next run at: 2026-09-17 17:47:23 +07)" executed successfully
2026-09-17 17:46:24,617 INFO apscheduler.executors.default: Job "main.<locals>.run_demo_portfolio_scan (trigger: interval[0:05:00], next run at: 2026-09-17 17:51:23 +07)" executed successfully
2026-09-17 17:46:25,192 INFO httpx: HTTP Request: POST https://api.telegram.org/bot8742189012:AAEXGnFYIvAR33uaXz4-tx-ywZHjdNFhmgY/getUpdates "HTTP/1.1 200 OK"
2026-09-17 17:46:25,447 INFO httpx: HTTP Request: POST https://api.telegram.org/bot8742189012:AAEXGnFYIvAR33uaXz4-tx-ywZHjdNFhmgY/sendMessage "HTTP/1.1 200 OK"
2026-09-17 17:46:26,004 INFO apscheduler.executors.default: Running job "main.<locals>.run_scan (trigger: cron[second='1,6,11,16,21,26,31,36,41,46,51,56'], next run at: 2026-09-17 17:46:31 +07)" (scheduled at 2026-09-17 17:46:26+07:00)
2026-09-17 17:46:26,004 INFO apscheduler.executors.default: Job "main.<locals>.run_scan (trigger: cron[second='1,6,11,16,21,26,31,36,41,46,51,56'], next run at: 2026-09-17 17:46:31 +07)" executed successfully
2026-09-17 17:46:27,563 INFO apscheduler.executors.default: Running job "main.<locals>.write_heartbeat_job (trigger: interval[0:00:15], next run at: 2026-09-17 17:46:42 +07)" (scheduled at 2026-09-17 17:46:27.556562+07:00)
2026-09-17 17:46:27,565 INFO apscheduler.executors.default: Job "main.<locals>.write_heartbeat_job (trigger: interval[0:00:15], next run at: 2026-09-17 17:46:42 +07)" executed successfully
2026-09-17 17:46:28,555 INFO apscheduler.executors.default: Running job "main.<locals>.run_lts_aus_fast_scan (trigger: interval[0:00:05], next run at: 2026-09-17 17:46:33 +07)" (scheduled at 2026-09-17 17:46:28.553049+07:00)
2026-09-17 17:46:28,556 INFO apscheduler.executors.default: Job "main.<locals>.run_lts_aus_fast_scan (trigger: interval[0:00:05], next run at: 2026-09-17 17:46:33 +07)" executed successfully
2026-09-17 17:46:28,556 INFO apscheduler.executors.default: Running job "main.<locals>.run_trail_sl (trigger: interval[0:00:05], next run at: 2026-09-17 17:46:33 +07)" (scheduled at 2026-09-17 17:46:28.553049+07:00)
2026-09-17 17:46:28,556 INFO apscheduler.executors.default: Job "main.<locals>.run_trail_sl (trigger: interval[0:00:05], next run at: 2026-09-17 17:46:33 +07)" executed successfully
2026-09-17 17:46:28,557 INFO apscheduler.executors.default: Running job "main.<locals>.run_position_check (trigger: interval[0:00:05], next run at: 2026-09-17 17:46:33 +07)" (scheduled at 2026-09-17 17:46:28.554314+07:00)
2026-09-17 17:46:28,562 INFO apscheduler.executors.default: Job "main.<locals>.run_position_check (trigger: interval[0:00:05], next run at: 2026-09-17 17:46:33 +07)" executed successfully
2026-09-17 17:46:31,012 INFO apscheduler.executors.default: Running job "main.<locals>.run_scan (trigger: cron[second='1,6,11,16,21,26,31,36,41,46,51,56'], next run at: 2026-09-17 17:46:36 +07)" (scheduled at 2026-09-17 17:46:31+07:00)
2026-09-17 17:46:31,013 INFO apscheduler.executors.default: Job "main.<locals>.run_scan (trigger: cron[second='1,6,11,16,21,26,31,36,41,46,51,56'], next run at: 2026-09-17 17:46:36 +07)" executed successfully
2026-09-17 17:46:33,560 INFO apscheduler.executors.default: Running job "main.<locals>.run_lts_aus_fast_scan (trigger: interval[0:00:05], next run at: 2026-09-17 17:46:38 +07)" (scheduled at 2026-09-17 17:46:33.553049+07:00)
2026-09-17 17:46:33,560 INFO apscheduler.executors.default: Job "main.<locals>.run_lts_aus_fast_scan (trigger: interval[0:00:05], next run at: 2026-09-17 17:46:38 +07)" executed successfully
2026-09-17 17:46:33,561 INFO apscheduler.executors.default: Running job "main.<locals>.run_trail_sl (trigger: interval[0:00:05], next run at: 2026-09-17 17:46:38 +07)" (scheduled at 2026-09-17 17:46:33.553049+07:00)
2026-09-17 17:46:33,562 INFO apscheduler.executors.default: Job "main.<locals>.run_trail_sl (trigger: interval[0:00:05], next run at: 2026-09-17 17:46:38 +07)" executed successfully
2026-09-17 17:46:33,562 INFO apscheduler.executors.default: Running job "main.<locals>.run_position_check (trigger: interval[0:00:05], next run at: 2026-09-17 17:46:38 +07)" (scheduled at 2026-09-17 17:46:33.554314+07:00)
2026-09-17 17:46:33,568 INFO apscheduler.executors.default: Job "main.<locals>.run_position_check (trigger: interval[0:00:05], next run at: 2026-09-17 17:46:38 +07)" executed successfully
2026-09-17 17:46:35,385 INFO httpx: HTTP Request: POST https://api.telegram.org/bot8742189012:AAEXGnFYIvAR33uaXz4-tx-ywZHjdNFhmgY/getUpdates "HTTP/1.1 200 OK"
2026-09-17 17:46:36,003 INFO apscheduler.executors.default: Running job "main.<locals>.run_scan (trigger: cron[second='1,6,11,16,21,26,31,36,41,46,51,56'], next run at: 2026-09-17 17:46:41 +07)" (scheduled at 2026-09-17 17:46:36+07:00)
2026-09-17 17:46:36,004 INFO apscheduler.executors.default: Job "main.<locals>.run_scan (trigger: cron[second='1,6,11,16,21,26,31,36,41,46,51,56'], next run at: 2026-09-17 17:46:41 +07)" executed successfully
2026-09-17 17:46:38,555 INFO apscheduler.executors.default: Running job "main.<locals>.run_lts_aus_fast_scan (trigger: interval[0:00:05], next run at: 2026-09-17 17:46:43 +07)" (scheduled at 2026-09-17 17:46:38.553049+07:00)
2026-09-17 17:46:38,556 INFO apscheduler.executors.default: Job "main.<locals>.run_lts_aus_fast_scan (trigger: interval[0:00:05], next run at: 2026-09-17 17:46:43 +07)" executed successfully
2026-09-17 17:46:38,556 INFO apscheduler.executors.default: Running job "main.<locals>.run_trail_sl (trigger: interval[0:00:05], next run at: 2026-09-17 17:46:43 +07)" (scheduled at 2026-09-17 17:46:38.553049+07:00)
2026-09-17 17:46:38,556 INFO apscheduler.executors.default: Job "main.<locals>.run_trail_sl (trigger: interval[0:00:05], next run at: 2026-09-17 17:46:43 +07)" executed successfully
2026-09-17 17:46:38,557 INFO apscheduler.executors.default: Running job "main.<locals>.run_position_check (trigger: interval[0:00:05], next run at: 2026-09-17 17:46:43 +07)" (scheduled at 2026-09-17 17:46:38.554314+07:00)
2026-09-17 17:46:38,565 INFO apscheduler.executors.default: Job "main.<locals>.run_position_check (trigger: interval[0:00:05], next run at: 2026-09-17 17:46:43 +07)" executed successfully
2026-09-17 17:46:38,567 INFO apscheduler.executors.default: Running job "main.<locals>.save_bot_state_job (trigger: interval[0:00:15], next run at: 2026-09-17 17:46:53 +07)" (scheduled at 2026-09-17 17:46:38.554314+07:00)
2026-09-17 17:46:38,569 INFO apscheduler.executors.default: Job "main.<locals>.save_bot_state_job (trigger: interval[0:00:15], next run at: 2026-09-17 17:46:53 +07)" executed successfully
2026-09-17 17:46:41,014 INFO apscheduler.executors.default: Running job "main.<locals>.run_scan (trigger: cron[second='1,6,11,16,21,26,31,36,41,46,51,56'], next run at: 2026-09-17 17:46:46 +07)" (scheduled at 2026-09-17 17:46:41+07:00)
2026-09-17 17:46:41,014 INFO apscheduler.executors.default: Job "main.<locals>.run_scan (trigger: cron[second='1,6,11,16,21,26,31,36,41,46,51,56'], next run at: 2026-09-17 17:46:46 +07)" executed successfully
2026-09-17 17:46:42,565 INFO apscheduler.executors.default: Running job "main.<locals>.write_heartbeat_job (trigger: interval[0:00:15], next run at: 2026-09-17 17:46:57 +07)" (scheduled at 2026-09-17 17:46:42.556562+07:00)
2026-09-17 17:46:42,568 INFO apscheduler.executors.default: Job "main.<locals>.write_heartbeat_job (trigger: interval[0:00:15], next run at: 2026-09-17 17:46:57 +07)" executed successfully
2026-09-17 17:46:43,560 INFO apscheduler.executors.default: Running job "main.<locals>.run_lts_aus_fast_scan (trigger: interval[0:00:05], next run at: 2026-09-17 17:46:48 +07)" (scheduled at 2026-09-17 17:46:43.553049+07:00)
2026-09-17 17:46:43,561 INFO apscheduler.executors.default: Job "main.<locals>.run_lts_aus_fast_scan (trigger: interval[0:00:05], next run at: 2026-09-17 17:46:48 +07)" executed successfully
2026-09-17 17:46:43,561 INFO apscheduler.executors.default: Running job "main.<locals>.run_trail_sl (trigger: interval[0:00:05], next run at: 2026-09-17 17:46:48 +07)" (scheduled at 2026-09-17 17:46:43.553049+07:00)
2026-09-17 17:46:43,561 INFO apscheduler.executors.default: Job "main.<locals>.run_trail_sl (trigger: interval[0:00:05], next run at: 2026-09-17 17:46:48 +07)" executed successfully
2026-09-17 17:46:43,561 INFO apscheduler.executors.default: Running job "main.<locals>.run_position_check (trigger: interval[0:00:05], next run at: 2026-09-17 17:46:48 +07)" (scheduled at 2026-09-17 17:46:43.554314+07:00)
2026-09-17 17:46:43,567 INFO apscheduler.executors.default: Job "main.<locals>.run_position_check (trigger: interval[0:00:05], next run at: 2026-09-17 17:46:48 +07)" executed successfully
2026-09-17 17:46:45,579 INFO httpx: HTTP Request: POST https://api.telegram.org/bot8742189012:AAEXGnFYIvAR33uaXz4-tx-ywZHjdNFhmgY/getUpdates "HTTP/1.1 200 OK"
2026-09-17 17:46:46,003 INFO apscheduler.executors.default: Running job "main.<locals>.run_scan (trigger: cron[second='1,6,11,16,21,26,31,36,41,46,51,56'], next run at: 2026-09-17 17:46:51 +07)" (scheduled at 2026-09-17 17:46:46+07:00)
2026-09-17 17:46:46,003 INFO apscheduler.executors.default: Job "main.<locals>.run_scan (trigger: cron[second='1,6,11,16,21,26,31,36,41,46,51,56'], next run at: 2026-09-17 17:46:51 +07)" executed successfully
2026-09-17 17:46:48,571 INFO apscheduler.executors.default: Running job "main.<locals>.run_lts_aus_fast_scan (trigger: interval[0:00:05], next run at: 2026-09-17 17:46:53 +07)" (scheduled at 2026-09-17 17:46:48.553049+07:00)
2026-09-17 17:46:48,572 INFO apscheduler.executors.default: Job "main.<locals>.run_lts_aus_fast_scan (trigger: interval[0:00:05], next run at: 2026-09-17 17:46:53 +07)" executed successfully
2026-09-17 17:46:48,574 INFO apscheduler.executors.default: Running job "main.<locals>.run_trail_sl (trigger: interval[0:00:05], next run at: 2026-09-17 17:46:53 +07)" (scheduled at 2026-09-17 17:46:48.553049+07:00)
2026-09-17 17:46:48,575 INFO apscheduler.executors.default: Job "main.<locals>.run_trail_sl (trigger: interval[0:00:05], next run at: 2026-09-17 17:46:53 +07)" executed successfully
2026-09-17 17:46:48,575 INFO apscheduler.executors.default: Running job "main.<locals>.run_position_check (trigger: interval[0:00:05], next run at: 2026-09-17 17:46:53 +07)" (scheduled at 2026-09-17 17:46:48.554314+07:00)
2026-09-17 17:46:48,586 INFO apscheduler.executors.default: Job "main.<locals>.run_position_check (trigger: interval[0:00:05], next run at: 2026-09-17 17:46:53 +07)" executed successfully
2026-09-17 17:46:51,006 INFO apscheduler.executors.default: Running job "main.<locals>.run_scan (trigger: cron[second='1,6,11,16,21,26,31,36,41,46,51,56'], next run at: 2026-09-17 17:46:56 +07)" (scheduled at 2026-09-17 17:46:51+07:00)
2026-09-17 17:46:51,008 INFO apscheduler.executors.default: Job "main.<locals>.run_scan (trigger: cron[second='1,6,11,16,21,26,31,36,41,46,51,56'], next run at: 2026-09-17 17:46:56 +07)" executed successfully
2026-09-17 17:46:53,556 INFO apscheduler.executors.default: Running job "main.<locals>.run_lts_aus_fast_scan (trigger: interval[0:00:05], next run at: 2026-09-17 17:46:58 +07)" (scheduled at 2026-09-17 17:46:53.553049+07:00)
2026-09-17 17:46:53,556 INFO apscheduler.executors.default: Job "main.<locals>.run_lts_aus_fast_scan (trigger: interval[0:00:05], next run at: 2026-09-17 17:46:58 +07)" executed successfully
2026-09-17 17:46:53,556 INFO apscheduler.executors.default: Running job "main.<locals>.run_trail_sl (trigger: interval[0:00:05], next run at: 2026-09-17 17:46:58 +07)" (scheduled at 2026-09-17 17:46:53.553049+07:00)
2026-09-17 17:46:53,558 INFO apscheduler.executors.default: Job "main.<locals>.run_trail_sl (trigger: interval[0:00:05], next run at: 2026-09-17 17:46:58 +07)" executed successfully
2026-09-17 17:46:53,558 INFO apscheduler.executors.default: Running job "main.<locals>.run_position_check (trigger: interval[0:00:05], next run at: 2026-09-17 17:46:58 +07)" (scheduled at 2026-09-17 17:46:53.554314+07:00)
2026-09-17 17:46:53,566 INFO apscheduler.executors.default: Job "main.<locals>.run_position_check (trigger: interval[0:00:05], next run at: 2026-09-17 17:46:58 +07)" executed successfully
2026-09-17 17:46:53,568 INFO apscheduler.executors.default: Running job "main.<locals>.save_bot_state_job (trigger: interval[0:00:15], next run at: 2026-09-17 17:47:08 +07)" (scheduled at 2026-09-17 17:46:53.554314+07:00)
2026-09-17 17:46:53,572 INFO apscheduler.executors.default: Job "main.<locals>.save_bot_state_job (trigger: interval[0:00:15], next run at: 2026-09-17 17:47:08 +07)" executed successfully
2026-09-17 17:46:55,780 INFO httpx: HTTP Request: POST https://api.telegram.org/bot8742189012:AAEXGnFYIvAR33uaXz4-tx-ywZHjdNFhmgY/getUpdates "HTTP/1.1 200 OK"
2026-09-17 17:46:56,012 INFO apscheduler.executors.default: Running job "main.<locals>.run_scan (trigger: cron[second='1,6,11,16,21,26,31,36,41,46,51,56'], next run at: 2026-09-17 17:47:01 +07)" (scheduled at 2026-09-17 17:46:56+07:00)
2026-09-17 17:46:56,014 INFO apscheduler.executors.default: Job "main.<locals>.run_scan (trigger: cron[second='1,6,11,16,21,26,31,36,41,46,51,56'], next run at: 2026-09-17 17:47:01 +07)" executed successfully
2026-09-17 17:46:57,559 INFO apscheduler.executors.default: Running job "main.<locals>.write_heartbeat_job (trigger: interval[0:00:15], next run at: 2026-09-17 17:47:12 +07)" (scheduled at 2026-09-17 17:46:57.556562+07:00)
2026-09-17 17:46:57,562 INFO apscheduler.executors.default: Job "main.<locals>.write_heartbeat_job (trigger: interval[0:00:15], next run at: 2026-09-17 17:47:12 +07)" executed successfully
2026-09-17 17:46:58,570 INFO apscheduler.executors.default: Running job "main.<locals>.run_lts_aus_fast_scan (trigger: interval[0:00:05], next run at: 2026-09-17 17:47:03 +07)" (scheduled at 2026-09-17 17:46:58.553049+07:00)
2026-09-17 17:46:58,571 INFO apscheduler.executors.default: Job "main.<locals>.run_lts_aus_fast_scan (trigger: interval[0:00:05], next run at: 2026-09-17 17:47:03 +07)" executed successfully
2026-09-17 17:46:58,571 INFO apscheduler.executors.default: Running job "main.<locals>.run_trail_sl (trigger: interval[0:00:05], next run at: 2026-09-17 17:47:03 +07)" (scheduled at 2026-09-17 17:46:58.553049+07:00)
2026-09-17 17:46:58,572 INFO apscheduler.executors.default: Job "main.<locals>.run_trail_sl (trigger: interval[0:00:05], next run at: 2026-09-17 17:47:03 +07)" executed successfully
2026-09-17 17:46:58,572 INFO apscheduler.executors.default: Running job "main.<locals>.run_position_check (trigger: interval[0:00:05], next run at: 2026-09-17 17:47:03 +07)" (scheduled at 2026-09-17 17:46:58.554314+07:00)
2026-09-17 17:46:58,580 INFO apscheduler.executors.default: Job "main.<locals>.run_position_check (trigger: interval[0:00:05], next run at: 2026-09-17 17:47:03 +07)" executed successfully
2026-09-17 17:47:01,014 INFO apscheduler.executors.default: Running job "main.<locals>.run_scan (trigger: cron[second='1,6,11,16,21,26,31,36,41,46,51,56'], next run at: 2026-09-17 17:47:06 +07)" (scheduled at 2026-09-17 17:47:01+07:00)
2026-09-17 17:47:01,014 INFO apscheduler.executors.default: Job "main.<locals>.run_scan (trigger: cron[second='1,6,11,16,21,26,31,36,41,46,51,56'], next run at: 2026-09-17 17:47:06 +07)" executed successfully
2026-09-17 17:47:03,559 INFO apscheduler.executors.default: Running job "main.<locals>.run_lts_aus_fast_scan (trigger: interval[0:00:05], next run at: 2026-09-17 17:47:08 +07)" (scheduled at 2026-09-17 17:47:03.553049+07:00)
2026-09-17 17:47:03,560 INFO apscheduler.executors.default: Job "main.<locals>.run_lts_aus_fast_scan (trigger: interval[0:00:05], next run at: 2026-09-17 17:47:08 +07)" executed successfully
2026-09-17 17:47:03,560 INFO apscheduler.executors.default: Running job "main.<locals>.run_trail_sl (trigger: interval[0:00:05], next run at: 2026-09-17 17:47:08 +07)" (scheduled at 2026-09-17 17:47:03.553049+07:00)
2026-09-17 17:47:03,561 INFO apscheduler.executors.default: Job "main.<locals>.run_trail_sl (trigger: interval[0:00:05], next run at: 2026-09-17 17:47:08 +07)" executed successfully
2026-09-17 17:47:03,561 INFO apscheduler.executors.default: Running job "main.<locals>.run_position_check (trigger: interval[0:00:05], next run at: 2026-09-17 17:47:08 +07)" (scheduled at 2026-09-17 17:47:03.554314+07:00)
2026-09-17 17:47:03,568 INFO apscheduler.executors.default: Job "main.<locals>.run_position_check (trigger: interval[0:00:05], next run at: 2026-09-17 17:47:08 +07)" executed successfully
2026-09-17 17:47:05,976 INFO httpx: HTTP Request: POST https://api.telegram.org/bot8742189012:AAEXGnFYIvAR33uaXz4-tx-ywZHjdNFhmgY/getUpdates "HTTP/1.1 200 OK"
2026-09-17 17:47:06,005 INFO apscheduler.executors.default: Running job "main.<locals>.run_scan (trigger: cron[second='1,6,11,16,21,26,31,36,41,46,51,56'], next run at: 2026-09-17 17:47:11 +07)" (scheduled at 2026-09-17 17:47:06+07:00)
2026-09-17 17:47:06,005 INFO apscheduler.executors.default: Job "main.<locals>.run_scan (trigger: cron[second='1,6,11,16,21,26,31,36,41,46,51,56'], next run at: 2026-09-17 17:47:11 +07)" executed successfully
2026-09-17 17:47:08,556 INFO apscheduler.executors.default: Running job "main.<locals>.run_lts_aus_fast_scan (trigger: interval[0:00:05], next run at: 2026-09-17 17:47:13 +07)" (scheduled at 2026-09-17 17:47:08.553049+07:00)
2026-09-17 17:47:08,556 INFO apscheduler.executors.default: Job "main.<locals>.run_lts_aus_fast_scan (trigger: interval[0:00:05], next run at: 2026-09-17 17:47:13 +07)" executed successfully
2026-09-17 17:47:08,558 INFO apscheduler.executors.default: Running job "main.<locals>.run_trail_sl (trigger: interval[0:00:05], next run at: 2026-09-17 17:47:13 +07)" (scheduled at 2026-09-17 17:47:08.553049+07:00)
2026-09-17 17:47:08,558 INFO apscheduler.executors.default: Job "main.<locals>.run_trail_sl (trigger: interval[0:00:05], next run at: 2026-09-17 17:47:13 +07)" executed successfully
2026-09-17 17:47:08,558 INFO apscheduler.executors.default: Running job "main.<locals>.run_position_check (trigger: interval[0:00:05], next run at: 2026-09-17 17:47:13 +07)" (scheduled at 2026-09-17 17:47:08.554314+07:00)
2026-09-17 17:47:08,564 INFO apscheduler.executors.default: Job "main.<locals>.run_position_check (trigger: interval[0:00:05], next run at: 2026-09-17 17:47:13 +07)" executed successfully
2026-09-17 17:47:08,566 INFO apscheduler.executors.default: Running job "main.<locals>.save_bot_state_job (trigger: interval[0:00:15], next run at: 2026-09-17 17:47:23 +07)" (scheduled at 2026-09-17 17:47:08.554314+07:00)
2026-09-17 17:47:08,568 INFO apscheduler.executors.default: Job "main.<locals>.save_bot_state_job (trigger: interval[0:00:15], next run at: 2026-09-17 17:47:23 +07)" executed successfully
2026-09-17 17:47:11,006 INFO apscheduler.executors.default: Running job "main.<locals>.run_scan (trigger: cron[second='1,6,11,16,21,26,31,36,41,46,51,56'], next run at: 2026-09-17 17:47:16 +07)" (scheduled at 2026-09-17 17:47:11+07:00)
2026-09-17 17:47:11,008 INFO apscheduler.executors.default: Job "main.<locals>.run_scan (trigger: cron[second='1,6,11,16,21,26,31,36,41,46,51,56'], next run at: 2026-09-17 17:47:16 +07)" executed successfully
2026-09-17 17:47:12,570 INFO apscheduler.executors.default: Running job "main.<locals>.write_heartbeat_job (trigger: interval[0:00:15], next run at: 2026-09-17 17:47:27 +07)" (scheduled at 2026-09-17 17:47:12.556562+07:00)
2026-09-17 17:47:12,573 INFO apscheduler.executors.default: Job "main.<locals>.write_heartbeat_job (trigger: interval[0:00:15], next run at: 2026-09-17 17:47:27 +07)" executed successfully
2026-09-17 17:47:13,561 INFO apscheduler.executors.default: Running job "main.<locals>.run_lts_aus_fast_scan (trigger: interval[0:00:05], next run at: 2026-09-17 17:47:18 +07)" (scheduled at 2026-09-17 17:47:13.553049+07:00)
2026-09-17 17:47:13,561 INFO apscheduler.executors.default: Job "main.<locals>.run_lts_aus_fast_scan (trigger: interval[0:00:05], next run at: 2026-09-17 17:47:18 +07)" executed successfully
2026-09-17 17:47:13,561 INFO apscheduler.executors.default: Running job "main.<locals>.run_trail_sl (trigger: interval[0:00:05], next run at: 2026-09-17 17:47:18 +07)" (scheduled at 2026-09-17 17:47:13.553049+07:00)
2026-09-17 17:47:13,562 INFO apscheduler.executors.default: Job "main.<locals>.run_trail_sl (trigger: interval[0:00:05], next run at: 2026-09-17 17:47:18 +07)" executed successfully
2026-09-17 17:47:13,563 INFO apscheduler.executors.default: Running job "main.<locals>.run_position_check (trigger: interval[0:00:05], next run at: 2026-09-17 17:47:18 +07)" (scheduled at 2026-09-17 17:47:13.554314+07:00)
2026-09-17 17:47:13,570 INFO apscheduler.executors.default: Job "main.<locals>.run_position_check (trigger: interval[0:00:05], next run at: 2026-09-17 17:47:18 +07)" executed successfully
2026-09-17 17:47:16,005 INFO apscheduler.executors.default: Running job "main.<locals>.run_scan (trigger: cron[second='1,6,11,16,21,26,31,36,41,46,51,56'], next run at: 2026-09-17 17:47:21 +07)" (scheduled at 2026-09-17 17:47:16+07:00)
2026-09-17 17:47:16,006 INFO apscheduler.executors.default: Job "main.<locals>.run_scan (trigger: cron[second='1,6,11,16,21,26,31,36,41,46,51,56'], next run at: 2026-09-17 17:47:21 +07)" executed successfully
2026-09-17 17:47:16,171 INFO httpx: HTTP Request: POST https://api.telegram.org/bot8742189012:AAEXGnFYIvAR33uaXz4-tx-ywZHjdNFhmgY/getUpdates "HTTP/1.1 200 OK"
2026-09-17 17:47:18,575 INFO apscheduler.executors.default: Running job "main.<locals>.run_lts_aus_fast_scan (trigger: interval[0:00:05], next run at: 2026-09-17 17:47:23 +07)" (scheduled at 2026-09-17 17:47:18.553049+07:00)
2026-09-17 17:47:18,576 INFO apscheduler.executors.default: Job "main.<locals>.run_lts_aus_fast_scan (trigger: interval[0:00:05], next run at: 2026-09-17 17:47:23 +07)" executed successfully
2026-09-17 17:47:18,577 INFO apscheduler.executors.default: Running job "main.<locals>.run_trail_sl (trigger: interval[0:00:05], next run at: 2026-09-17 17:47:23 +07)" (scheduled at 2026-09-17 17:47:18.553049+07:00)
2026-09-17 17:47:18,577 INFO apscheduler.executors.default: Job "main.<locals>.run_trail_sl (trigger: interval[0:00:05], next run at: 2026-09-17 17:47:23 +07)" executed successfully
2026-09-17 17:47:18,577 INFO apscheduler.executors.default: Running job "main.<locals>.run_position_check (trigger: interval[0:00:05], next run at: 2026-09-17 17:47:23 +07)" (scheduled at 2026-09-17 17:47:18.554314+07:00)
2026-09-17 17:47:18,584 INFO apscheduler.executors.default: Job "main.<locals>.run_position_check (trigger: interval[0:00:05], next run at: 2026-09-17 17:47:23 +07)" executed successfully
2026-09-17 17:47:21,014 INFO apscheduler.executors.default: Running job "main.<locals>.run_scan (trigger: cron[second='1,6,11,16,21,26,31,36,41,46,51,56'], next run at: 2026-09-17 17:47:26 +07)" (scheduled at 2026-09-17 17:47:21+07:00)
2026-09-17 17:47:21,015 INFO apscheduler.executors.default: Job "main.<locals>.run_scan (trigger: cron[second='1,6,11,16,21,26,31,36,41,46,51,56'], next run at: 2026-09-17 17:47:26 +07)" executed successfully
2026-09-17 17:47:23,563 INFO apscheduler.executors.default: Running job "main.<locals>.check_symbol_switch (trigger: interval[0:01:00], next run at: 2026-09-17 17:48:23 +07)" (scheduled at 2026-09-17 17:47:23.550053+07:00)
2026-09-17 17:47:23,571 INFO apscheduler.executors.default: Job "main.<locals>.check_symbol_switch (trigger: interval[0:01:00], next run at: 2026-09-17 17:48:23 +07)" executed successfully
2026-09-17 17:47:23,571 INFO apscheduler.executors.default: Running job "main.<locals>.run_lts_aus_fast_scan (trigger: interval[0:00:05], next run at: 2026-09-17 17:47:28 +07)" (scheduled at 2026-09-17 17:47:23.553049+07:00)
2026-09-17 17:47:23,571 INFO apscheduler.executors.default: Job "main.<locals>.run_lts_aus_fast_scan (trigger: interval[0:00:05], next run at: 2026-09-17 17:47:28 +07)" executed successfully
2026-09-17 17:47:23,572 INFO apscheduler.executors.default: Running job "main.<locals>.run_trail_sl (trigger: interval[0:00:05], next run at: 2026-09-17 17:47:28 +07)" (scheduled at 2026-09-17 17:47:23.553049+07:00)
2026-09-17 17:47:23,572 INFO apscheduler.executors.default: Job "main.<locals>.run_trail_sl (trigger: interval[0:00:05], next run at: 2026-09-17 17:47:28 +07)" executed successfully
2026-09-17 17:47:23,572 INFO apscheduler.executors.default: Running job "main.<locals>.run_position_check (trigger: interval[0:00:05], next run at: 2026-09-17 17:47:28 +07)" (scheduled at 2026-09-17 17:47:23.554314+07:00)
2026-09-17 17:47:23,578 INFO apscheduler.executors.default: Job "main.<locals>.run_position_check (trigger: interval[0:00:05], next run at: 2026-09-17 17:47:28 +07)" executed successfully
2026-09-17 17:47:23,580 INFO apscheduler.executors.default: Running job "main.<locals>.save_bot_state_job (trigger: interval[0:00:15], next run at: 2026-09-17 17:47:38 +07)" (scheduled at 2026-09-17 17:47:23.554314+07:00)
2026-09-17 17:47:23,582 INFO apscheduler.executors.default: Job "main.<locals>.save_bot_state_job (trigger: interval[0:00:15], next run at: 2026-09-17 17:47:38 +07)" executed successfully
2026-09-17 17:47:23,583 INFO apscheduler.executors.default: Running job "main.<locals>.run_watchdog (trigger: interval[0:01:00], next run at: 2026-09-17 17:48:23 +07)" (scheduled at 2026-09-17 17:47:23.556562+07:00)
2026-09-17 17:47:23,587 INFO apscheduler.executors.default: Job "main.<locals>.run_watchdog (trigger: interval[0:01:00], next run at: 2026-09-17 17:48:23 +07)" executed successfully
2026-09-17 17:47:26,002 INFO apscheduler.executors.default: Running job "main.<locals>.run_scan (trigger: cron[second='1,6,11,16,21,26,31,36,41,46,51,56'], next run at: 2026-09-17 17:47:31 +07)" (scheduled at 2026-09-17 17:47:26+07:00)
2026-09-17 17:47:26,003 INFO apscheduler.executors.default: Job "main.<locals>.run_scan (trigger: cron[second='1,6,11,16,21,26,31,36,41,46,51,56'], next run at: 2026-09-17 17:47:31 +07)" executed successfully
2026-09-17 17:47:26,364 INFO httpx: HTTP Request: POST https://api.telegram.org/bot8742189012:AAEXGnFYIvAR33uaXz4-tx-ywZHjdNFhmgY/getUpdates "HTTP/1.1 200 OK"
2026-09-17 17:47:27,576 INFO apscheduler.executors.default: Running job "main.<locals>.write_heartbeat_job (trigger: interval[0:00:15], next run at: 2026-09-17 17:47:42 +07)" (scheduled at 2026-09-17 17:47:27.556562+07:00)
2026-09-17 17:47:27,579 INFO apscheduler.executors.default: Job "main.<locals>.write_heartbeat_job (trigger: interval[0:00:15], next run at: 2026-09-17 17:47:42 +07)" executed successfully
2026-09-17 17:47:28,556 INFO apscheduler.executors.default: Running job "main.<locals>.run_lts_aus_fast_scan (trigger: interval[0:00:05], next run at: 2026-09-17 17:47:33 +07)" (scheduled at 2026-09-17 17:47:28.553049+07:00)
2026-09-17 17:47:28,556 INFO apscheduler.executors.default: Job "main.<locals>.run_lts_aus_fast_scan (trigger: interval[0:00:05], next run at: 2026-09-17 17:47:33 +07)" executed successfully
2026-09-17 17:47:28,556 INFO apscheduler.executors.default: Running job "main.<locals>.run_trail_sl (trigger: interval[0:00:05], next run at: 2026-09-17 17:47:33 +07)" (scheduled at 2026-09-17 17:47:28.553049+07:00)
2026-09-17 17:47:28,558 INFO apscheduler.executors.default: Job "main.<locals>.run_trail_sl (trigger: interval[0:00:05], next run at: 2026-09-17 17:47:33 +07)" executed successfully
2026-09-17 17:47:28,558 INFO apscheduler.executors.default: Running job "main.<locals>.run_position_check (trigger: interval[0:00:05], next run at: 2026-09-17 17:47:33 +07)" (scheduled at 2026-09-17 17:47:28.554314+07:00)
2026-09-17 17:47:28,564 INFO apscheduler.executors.default: Job "main.<locals>.run_position_check (trigger: interval[0:00:05], next run at: 2026-09-17 17:47:33 +07)" executed successfully
2026-09-17 17:47:31,001 INFO apscheduler.executors.default: Running job "main.<locals>.run_scan (trigger: cron[second='1,6,11,16,21,26,31,36,41,46,51,56'], next run at: 2026-09-17 17:47:36 +07)" (scheduled at 2026-09-17 17:47:31+07:00)
2026-09-17 17:47:31,001 INFO apscheduler.executors.default: Job "main.<locals>.run_scan (trigger: cron[second='1,6,11,16,21,26,31,36,41,46,51,56'], next run at: 2026-09-17 17:47:36 +07)" executed successfully
2026-09-17 17:47:33,554 INFO apscheduler.executors.default: Running job "main.<locals>.run_lts_aus_fast_scan (trigger: interval[0:00:05], next run at: 2026-09-17 17:47:38 +07)" (scheduled at 2026-09-17 17:47:33.553049+07:00)
2026-09-17 17:47:33,555 INFO apscheduler.executors.default: Job "main.<locals>.run_lts_aus_fast_scan (trigger: interval[0:00:05], next run at: 2026-09-17 17:47:38 +07)" executed successfully
2026-09-17 17:47:33,555 INFO apscheduler.executors.default: Running job "main.<locals>.run_trail_sl (trigger: interval[0:00:05], next run at: 2026-09-17 17:47:38 +07)" (scheduled at 2026-09-17 17:47:33.553049+07:00)
2026-09-17 17:47:33,555 INFO apscheduler.executors.default: Job "main.<locals>.run_trail_sl (trigger: interval[0:00:05], next run at: 2026-09-17 17:47:38 +07)" executed successfully
2026-09-17 17:47:33,556 INFO apscheduler.executors.default: Running job "main.<locals>.run_position_check (trigger: interval[0:00:05], next run at: 2026-09-17 17:47:38 +07)" (scheduled at 2026-09-17 17:47:33.554314+07:00)
2026-09-17 17:47:33,562 INFO apscheduler.executors.default: Job "main.<locals>.run_position_check (trigger: interval[0:00:05], next run at: 2026-09-17 17:47:38 +07)" executed successfully
2026-09-17 17:47:36,025 INFO apscheduler.executors.default: Running job "main.<locals>.run_scan (trigger: cron[second='1,6,11,16,21,26,31,36,41,46,51,56'], next run at: 2026-09-17 17:47:41 +07)" (scheduled at 2026-09-17 17:47:36+07:00)
2026-09-17 17:47:36,025 INFO apscheduler.executors.default: Job "main.<locals>.run_scan (trigger: cron[second='1,6,11,16,21,26,31,36,41,46,51,56'], next run at: 2026-09-17 17:47:41 +07)" executed successfully
2026-09-17 17:47:36,561 INFO httpx: HTTP Request: POST https://api.telegram.org/bot8742189012:AAEXGnFYIvAR33uaXz4-tx-ywZHjdNFhmgY/getUpdates "HTTP/1.1 200 OK"
2026-09-17 17:47:38,573 INFO apscheduler.executors.default: Running job "main.<locals>.run_lts_aus_fast_scan (trigger: interval[0:00:05], next run at: 2026-09-17 17:47:43 +07)" (scheduled at 2026-09-17 17:47:38.553049+07:00)
2026-09-17 17:47:38,575 INFO apscheduler.executors.default: Job "main.<locals>.run_lts_aus_fast_scan (trigger: interval[0:00:05], next run at: 2026-09-17 17:47:43 +07)" executed successfully
2026-09-17 17:47:38,576 INFO apscheduler.executors.default: Running job "main.<locals>.run_trail_sl (trigger: interval[0:00:05], next run at: 2026-09-17 17:47:43 +07)" (scheduled at 2026-09-17 17:47:38.553049+07:00)
2026-09-17 17:47:38,576 INFO apscheduler.executors.default: Job "main.<locals>.run_trail_sl (trigger: interval[0:00:05], next run at: 2026-09-17 17:47:43 +07)" executed successfully
2026-09-17 17:47:38,577 INFO apscheduler.executors.default: Running job "main.<locals>.run_position_check (trigger: interval[0:00:05], next run at: 2026-09-17 17:47:43 +07)" (scheduled at 2026-09-17 17:47:38.554314+07:00)
2026-09-17 17:47:38,584 INFO apscheduler.executors.default: Job "main.<locals>.run_position_check (trigger: interval[0:00:05], next run at: 2026-09-17 17:47:43 +07)" executed successfully
2026-09-17 17:47:38,585 INFO apscheduler.executors.default: Running job "main.<locals>.save_bot_state_job (trigger: interval[0:00:15], next run at: 2026-09-17 17:47:53 +07)" (scheduled at 2026-09-17 17:47:38.554314+07:00)
2026-09-17 17:47:38,588 INFO apscheduler.executors.default: Job "main.<locals>.save_bot_state_job (trigger: interval[0:00:15], next run at: 2026-09-17 17:47:53 +07)" executed successfully
2026-09-17 17:47:41,003 INFO apscheduler.executors.default: Running job "main.<locals>.run_scan (trigger: cron[second='1,6,11,16,21,26,31,36,41,46,51,56'], next run at: 2026-09-17 17:47:46 +07)" (scheduled at 2026-09-17 17:47:41+07:00)
2026-09-17 17:47:41,004 INFO apscheduler.executors.default: Job "main.<locals>.run_scan (trigger: cron[second='1,6,11,16,21,26,31,36,41,46,51,56'], next run at: 2026-09-17 17:47:46 +07)" executed successfully
2026-09-17 17:47:42,564 INFO apscheduler.executors.default: Running job "main.<locals>.write_heartbeat_job (trigger: interval[0:00:15], next run at: 2026-09-17 17:47:57 +07)" (scheduled at 2026-09-17 17:47:42.556562+07:00)
2026-09-17 17:47:42,566 INFO apscheduler.executors.default: Job "main.<locals>.write_heartbeat_job (trigger: interval[0:00:15], next run at: 2026-09-17 17:47:57 +07)" executed successfully
2026-09-17 17:47:43,559 INFO apscheduler.executors.default: Running job "main.<locals>.run_lts_aus_fast_scan (trigger: interval[0:00:05], next run at: 2026-09-17 17:47:48 +07)" (scheduled at 2026-09-17 17:47:43.553049+07:00)
2026-09-17 17:47:43,561 INFO apscheduler.executors.default: Job "main.<locals>.run_lts_aus_fast_scan (trigger: interval[0:00:05], next run at: 2026-09-17 17:47:48 +07)" executed successfully
2026-09-17 17:47:43,561 INFO apscheduler.executors.default: Running job "main.<locals>.run_trail_sl (trigger: interval[0:00:05], next run at: 2026-09-17 17:47:48 +07)" (scheduled at 2026-09-17 17:47:43.553049+07:00)
2026-09-17 17:47:43,561 INFO apscheduler.executors.default: Job "main.<locals>.run_trail_sl (trigger: interval[0:00:05], next run at: 2026-09-17 17:47:48 +07)" executed successfully
2026-09-17 17:47:43,561 INFO apscheduler.executors.default: Running job "main.<locals>.run_position_check (trigger: interval[0:00:05], next run at: 2026-09-17 17:47:48 +07)" (scheduled at 2026-09-17 17:47:43.554314+07:00)
2026-09-17 17:47:43,566 INFO apscheduler.executors.default: Job "main.<locals>.run_position_check (trigger: interval[0:00:05], next run at: 2026-09-17 17:47:48 +07)" executed successfully
2026-09-17 17:47:46,007 INFO apscheduler.executors.default: Running job "main.<locals>.run_scan (trigger: cron[second='1,6,11,16,21,26,31,36,41,46,51,56'], next run at: 2026-09-17 17:47:51 +07)" (scheduled at 2026-09-17 17:47:46+07:00)
2026-09-17 17:47:46,007 INFO apscheduler.executors.default: Job "main.<locals>.run_scan (trigger: cron[second='1,6,11,16,21,26,31,36,41,46,51,56'], next run at: 2026-09-17 17:47:51 +07)" executed successfully
2026-09-17 17:47:46,753 INFO httpx: HTTP Request: POST https://api.telegram.org/bot8742189012:AAEXGnFYIvAR33uaXz4-tx-ywZHjdNFhmgY/getUpdates "HTTP/1.1 200 OK"
2026-09-17 17:47:48,563 INFO apscheduler.executors.default: Running job "main.<locals>.run_lts_aus_fast_scan (trigger: interval[0:00:05], next run at: 2026-09-17 17:47:53 +07)" (scheduled at 2026-09-17 17:47:48.553049+07:00)
2026-09-17 17:47:48,564 INFO apscheduler.executors.default: Job "main.<locals>.run_lts_aus_fast_scan (trigger: interval[0:00:05], next run at: 2026-09-17 17:47:53 +07)" executed successfully
2026-09-17 17:47:48,565 INFO apscheduler.executors.default: Running job "main.<locals>.run_trail_sl (trigger: interval[0:00:05], next run at: 2026-09-17 17:47:53 +07)" (scheduled at 2026-09-17 17:47:48.553049+07:00)
2026-09-17 17:47:48,565 INFO apscheduler.executors.default: Job "main.<locals>.run_trail_sl (trigger: interval[0:00:05], next run at: 2026-09-17 17:47:53 +07)" executed successfully
2026-09-17 17:47:48,565 INFO apscheduler.executors.default: Running job "main.<locals>.run_position_check (trigger: interval[0:00:05], next run at: 2026-09-17 17:47:53 +07)" (scheduled at 2026-09-17 17:47:48.554314+07:00)
2026-09-17 17:47:48,572 INFO apscheduler.executors.default: Job "main.<locals>.run_position_check (trigger: interval[0:00:05], next run at: 2026-09-17 17:47:53 +07)" executed successfully
2026-09-17 17:47:51,008 INFO apscheduler.executors.default: Running job "main.<locals>.run_scan (trigger: cron[second='1,6,11,16,21,26,31,36,41,46,51,56'], next run at: 2026-09-17 17:47:56 +07)" (scheduled at 2026-09-17 17:47:51+07:00)
2026-09-17 17:47:51,009 INFO apscheduler.executors.default: Job "main.<locals>.run_scan (trigger: cron[second='1,6,11,16,21,26,31,36,41,46,51,56'], next run at: 2026-09-17 17:47:56 +07)" executed successfully
2026-09-17 17:47:53,561 INFO apscheduler.executors.default: Running job "main.<locals>.run_lts_aus_fast_scan (trigger: interval[0:00:05], next run at: 2026-09-17 17:47:58 +07)" (scheduled at 2026-09-17 17:47:53.553049+07:00)
2026-09-17 17:47:53,562 INFO apscheduler.executors.default: Job "main.<locals>.run_lts_aus_fast_scan (trigger: interval[0:00:05], next run at: 2026-09-17 17:47:58 +07)" executed successfully
2026-09-17 17:47:53,562 INFO apscheduler.executors.default: Running job "main.<locals>.run_trail_sl (trigger: interval[0:00:05], next run at: 2026-09-17 17:47:58 +07)" (scheduled at 2026-09-17 17:47:53.553049+07:00)
2026-09-17 17:47:53,562 INFO apscheduler.executors.default: Job "main.<locals>.run_trail_sl (trigger: interval[0:00:05], next run at: 2026-09-17 17:47:58 +07)" executed successfully
2026-09-17 17:47:53,562 INFO apscheduler.executors.default: Running job "main.<locals>.run_position_check (trigger: interval[0:00:05], next run at: 2026-09-17 17:47:58 +07)" (scheduled at 2026-09-17 17:47:53.554314+07:00)
2026-09-17 17:47:53,570 INFO apscheduler.executors.default: Job "main.<locals>.run_position_check (trigger: interval[0:00:05], next run at: 2026-09-17 17:47:58 +07)" executed successfully
2026-09-17 17:47:53,572 INFO apscheduler.executors.default: Running job "main.<locals>.save_bot_state_job (trigger: interval[0:00:15], next run at: 2026-09-17 17:48:08 +07)" (scheduled at 2026-09-17 17:47:53.554314+07:00)
2026-09-17 17:47:53,575 INFO apscheduler.executors.default: Job "main.<locals>.save_bot_state_job (trigger: interval[0:00:15], next run at: 2026-09-17 17:48:08 +07)" executed successfully
2026-09-17 17:47:56,005 INFO apscheduler.executors.default: Running job "main.<locals>.run_scan (trigger: cron[second='1,6,11,16,21,26,31,36,41,46,51,56'], next run at: 2026-09-17 17:48:01 +07)" (scheduled at 2026-09-17 17:47:56+07:00)
2026-09-17 17:47:56,006 INFO apscheduler.executors.default: Job "main.<locals>.run_scan (trigger: cron[second='1,6,11,16,21,26,31,36,41,46,51,56'], next run at: 2026-09-17 17:48:01 +07)" executed successfully
2026-09-17 17:47:56,951 INFO httpx: HTTP Request: POST https://api.telegram.org/bot8742189012:AAEXGnFYIvAR33uaXz4-tx-ywZHjdNFhmgY/getUpdates "HTTP/1.1 200 OK"
2026-09-17 17:47:57,574 INFO apscheduler.executors.default: Running job "main.<locals>.write_heartbeat_job (trigger: interval[0:00:15], next run at: 2026-09-17 17:48:12 +07)" (scheduled at 2026-09-17 17:47:57.556562+07:00)
2026-09-17 17:47:57,578 INFO apscheduler.executors.default: Job "main.<locals>.write_heartbeat_job (trigger: interval[0:00:15], next run at: 2026-09-17 17:48:12 +07)" executed successfully
2026-09-17 17:47:58,565 INFO apscheduler.executors.default: Running job "main.<locals>.run_lts_aus_fast_scan (trigger: interval[0:00:05], next run at: 2026-09-17 17:48:03 +07)" (scheduled at 2026-09-17 17:47:58.553049+07:00)
2026-09-17 17:47:58,565 INFO apscheduler.executors.default: Job "main.<locals>.run_lts_aus_fast_scan (trigger: interval[0:00:05], next run at: 2026-09-17 17:48:03 +07)" executed successfully
2026-09-17 17:47:58,566 INFO apscheduler.executors.default: Running job "main.<locals>.run_trail_sl (trigger: interval[0:00:05], next run at: 2026-09-17 17:48:03 +07)" (scheduled at 2026-09-17 17:47:58.553049+07:00)
2026-09-17 17:47:58,566 INFO apscheduler.executors.default: Job "main.<locals>.run_trail_sl (trigger: interval[0:00:05], next run at: 2026-09-17 17:48:03 +07)" executed successfully
2026-09-17 17:47:58,566 INFO apscheduler.executors.default: Running job "main.<locals>.run_position_check (trigger: interval[0:00:05], next run at: 2026-09-17 17:48:03 +07)" (scheduled at 2026-09-17 17:47:58.554314+07:00)
2026-09-17 17:47:58,572 INFO apscheduler.executors.default: Job "main.<locals>.run_position_check (trigger: interval[0:00:05], next run at: 2026-09-17 17:48:03 +07)" executed successfully
2026-09-17 17:48:01,017 INFO apscheduler.executors.default: Running job "main.<locals>.run_scan (trigger: cron[second='1,6,11,16,21,26,31,36,41,46,51,56'], next run at: 2026-09-17 17:48:06 +07)" (scheduled at 2026-09-17 17:48:01+07:00)
2026-09-17 17:48:01,019 INFO apscheduler.executors.default: Job "main.<locals>.run_scan (trigger: cron[second='1,6,11,16,21,26,31,36,41,46,51,56'], next run at: 2026-09-17 17:48:06 +07)" executed successfully
2026-09-17 17:48:03,553 INFO apscheduler.executors.default: Running job "main.<locals>.run_lts_aus_fast_scan (trigger: interval[0:00:05], next run at: 2026-09-17 17:48:08 +07)" (scheduled at 2026-09-17 17:48:03.553049+07:00)
2026-09-17 17:48:03,554 INFO apscheduler.executors.default: Job "main.<locals>.run_lts_aus_fast_scan (trigger: interval[0:00:05], next run at: 2026-09-17 17:48:08 +07)" executed successfully
2026-09-17 17:48:03,554 INFO apscheduler.executors.default: Running job "main.<locals>.run_trail_sl (trigger: interval[0:00:05], next run at: 2026-09-17 17:48:08 +07)" (scheduled at 2026-09-17 17:48:03.553049+07:00)
2026-09-17 17:48:03,554 INFO apscheduler.executors.default: Job "main.<locals>.run_trail_sl (trigger: interval[0:00:05], next run at: 2026-09-17 17:48:08 +07)" executed successfully
2026-09-17 17:48:03,554 INFO apscheduler.executors.default: Running job "main.<locals>.run_position_check (trigger: interval[0:00:05], next run at: 2026-09-17 17:48:08 +07)" (scheduled at 2026-09-17 17:48:03.554314+07:00)
2026-09-17 17:48:03,561 INFO apscheduler.executors.default: Job "main.<locals>.run_position_check (trigger: interval[0:00:05], next run at: 2026-09-17 17:48:08 +07)" executed successfully
2026-09-17 17:48:06,020 INFO apscheduler.executors.default: Running job "main.<locals>.run_scan (trigger: cron[second='1,6,11,16,21,26,31,36,41,46,51,56'], next run at: 2026-09-17 17:48:11 +07)" (scheduled at 2026-09-17 17:48:06+07:00)
2026-09-17 17:48:06,020 INFO apscheduler.executors.default: Job "main.<locals>.run_scan (trigger: cron[second='1,6,11,16,21,26,31,36,41,46,51,56'], next run at: 2026-09-17 17:48:11 +07)" executed successfully
2026-09-17 17:48:07,147 INFO httpx: HTTP Request: POST https://api.telegram.org/bot8742189012:AAEXGnFYIvAR33uaXz4-tx-ywZHjdNFhmgY/getUpdates "HTTP/1.1 200 OK"
2026-09-17 17:48:08,558 INFO apscheduler.executors.default: Running job "main.<locals>.run_lts_aus_fast_scan (trigger: interval[0:00:05], next run at: 2026-09-17 17:48:13 +07)" (scheduled at 2026-09-17 17:48:08.553049+07:00)
2026-09-17 17:48:08,559 INFO apscheduler.executors.default: Job "main.<locals>.run_lts_aus_fast_scan (trigger: interval[0:00:05], next run at: 2026-09-17 17:48:13 +07)" executed successfully
2026-09-17 17:48:08,559 INFO apscheduler.executors.default: Running job "main.<locals>.run_trail_sl (trigger: interval[0:00:05], next run at: 2026-09-17 17:48:13 +07)" (scheduled at 2026-09-17 17:48:08.553049+07:00)
2026-09-17 17:48:08,560 INFO apscheduler.executors.default: Job "main.<locals>.run_trail_sl (trigger: interval[0:00:05], next run at: 2026-09-17 17:48:13 +07)" executed successfully
2026-09-17 17:48:08,560 INFO apscheduler.executors.default: Running job "main.<locals>.run_position_check (trigger: interval[0:00:05], next run at: 2026-09-17 17:48:13 +07)" (scheduled at 2026-09-17 17:48:08.554314+07:00)
2026-09-17 17:48:08,567 INFO apscheduler.executors.default: Job "main.<locals>.run_position_check (trigger: interval[0:00:05], next run at: 2026-09-17 17:48:13 +07)" executed successfully
2026-09-17 17:48:08,568 INFO apscheduler.executors.default: Running job "main.<locals>.save_bot_state_job (trigger: interval[0:00:15], next run at: 2026-09-17 17:48:23 +07)" (scheduled at 2026-09-17 17:48:08.554314+07:00)
2026-09-17 17:48:08,571 INFO apscheduler.executors.default: Job "main.<locals>.save_bot_state_job (trigger: interval[0:00:15], next run at: 2026-09-17 17:48:23 +07)" executed successfully
2026-09-17 17:48:11,006 INFO apscheduler.executors.default: Running job "main.<locals>.run_scan (trigger: cron[second='1,6,11,16,21,26,31,36,41,46,51,56'], next run at: 2026-09-17 17:48:16 +07)" (scheduled at 2026-09-17 17:48:11+07:00)
2026-09-17 17:48:11,006 INFO apscheduler.executors.default: Job "main.<locals>.run_scan (trigger: cron[second='1,6,11,16,21,26,31,36,41,46,51,56'], next run at: 2026-09-17 17:48:16 +07)" executed successfully
2026-09-17 17:48:12,559 INFO apscheduler.executors.default: Running job "main.<locals>.write_heartbeat_job (trigger: interval[0:00:15], next run at: 2026-09-17 17:48:27 +07)" (scheduled at 2026-09-17 17:48:12.556562+07:00)
2026-09-17 17:48:12,563 INFO apscheduler.executors.default: Job "main.<locals>.write_heartbeat_job (trigger: interval[0:00:15], next run at: 2026-09-17 17:48:27 +07)" executed successfully
2026-09-17 17:48:13,566 INFO apscheduler.executors.default: Running job "main.<locals>.run_lts_aus_fast_scan (trigger: interval[0:00:05], next run at: 2026-09-17 17:48:18 +07)" (scheduled at 2026-09-17 17:48:13.553049+07:00)
2026-09-17 17:48:13,566 INFO apscheduler.executors.default: Job "main.<locals>.run_lts_aus_fast_scan (trigger: interval[0:00:05], next run at: 2026-09-17 17:48:18 +07)" executed successfully
2026-09-17 17:48:13,567 INFO apscheduler.executors.default: Running job "main.<locals>.run_trail_sl (trigger: interval[0:00:05], next run at: 2026-09-17 17:48:18 +07)" (scheduled at 2026-09-17 17:48:13.553049+07:00)
2026-09-17 17:48:13,567 INFO apscheduler.executors.default: Job "main.<locals>.run_trail_sl (trigger: interval[0:00:05], next run at: 2026-09-17 17:48:18 +07)" executed successfully
2026-09-17 17:48:13,567 INFO apscheduler.executors.default: Running job "main.<locals>.run_position_check (trigger: interval[0:00:05], next run at: 2026-09-17 17:48:18 +07)" (scheduled at 2026-09-17 17:48:13.554314+07:00)
2026-09-17 17:48:13,574 INFO apscheduler.executors.default: Job "main.<locals>.run_position_check (trigger: interval[0:00:05], next run at: 2026-09-17 17:48:18 +07)" executed successfully
2026-09-17 17:48:16,009 INFO apscheduler.executors.default: Running job "main.<locals>.run_scan (trigger: cron[second='1,6,11,16,21,26,31,36,41,46,51,56'], next run at: 2026-09-17 17:48:21 +07)" (scheduled at 2026-09-17 17:48:16+07:00)
2026-09-17 17:48:16,010 INFO apscheduler.executors.default: Job "main.<locals>.run_scan (trigger: cron[second='1,6,11,16,21,26,31,36,41,46,51,56'], next run at: 2026-09-17 17:48:21 +07)" executed successfully
2026-09-17 17:48:17,345 INFO httpx: HTTP Request: POST https://api.telegram.org/bot8742189012:AAEXGnFYIvAR33uaXz4-tx-ywZHjdNFhmgY/getUpdates "HTTP/1.1 200 OK"
2026-09-17 17:48:18,558 INFO apscheduler.executors.default: Running job "main.<locals>.run_lts_aus_fast_scan (trigger: interval[0:00:05], next run at: 2026-09-17 17:48:23 +07)" (scheduled at 2026-09-17 17:48:18.553049+07:00)
2026-09-17 17:48:18,559 INFO apscheduler.executors.default: Job "main.<locals>.run_lts_aus_fast_scan (trigger: interval[0:00:05], next run at: 2026-09-17 17:48:23 +07)" executed successfully
2026-09-17 17:48:18,559 INFO apscheduler.executors.default: Running job "main.<locals>.run_trail_sl (trigger: interval[0:00:05], next run at: 2026-09-17 17:48:23 +07)" (scheduled at 2026-09-17 17:48:18.553049+07:00)
2026-09-17 17:48:18,559 INFO apscheduler.executors.default: Job "main.<locals>.run_trail_sl (trigger: interval[0:00:05], next run at: 2026-09-17 17:48:23 +07)" executed successfully
2026-09-17 17:48:18,560 INFO apscheduler.executors.default: Running job "main.<locals>.run_position_check (trigger: interval[0:00:05], next run at: 2026-09-17 17:48:23 +07)" (scheduled at 2026-09-17 17:48:18.554314+07:00)
2026-09-17 17:48:18,565 INFO apscheduler.executors.default: Job "main.<locals>.run_position_check (trigger: interval[0:00:05], next run at: 2026-09-17 17:48:23 +07)" executed successfully
2026-09-17 17:48:21,009 INFO apscheduler.executors.default: Running job "main.<locals>.run_scan (trigger: cron[second='1,6,11,16,21,26,31,36,41,46,51,56'], next run at: 2026-09-17 17:48:26 +07)" (scheduled at 2026-09-17 17:48:21+07:00)
2026-09-17 17:48:21,009 INFO apscheduler.executors.default: Job "main.<locals>.run_scan (trigger: cron[second='1,6,11,16,21,26,31,36,41,46,51,56'], next run at: 2026-09-17 17:48:26 +07)" executed successfully
2026-09-17 17:48:23,554 INFO apscheduler.executors.default: Running job "main.<locals>.check_symbol_switch (trigger: interval[0:01:00], next run at: 2026-09-17 17:49:23 +07)" (scheduled at 2026-09-17 17:48:23.550053+07:00)
2026-09-17 17:48:23,562 INFO apscheduler.executors.default: Job "main.<locals>.check_symbol_switch (trigger: interval[0:01:00], next run at: 2026-09-17 17:49:23 +07)" executed successfully
2026-09-17 17:48:23,562 INFO apscheduler.executors.default: Running job "main.<locals>.run_lts_aus_fast_scan (trigger: interval[0:00:05], next run at: 2026-09-17 17:48:28 +07)" (scheduled at 2026-09-17 17:48:23.553049+07:00)
2026-09-17 17:48:23,562 INFO apscheduler.executors.default: Job "main.<locals>.run_lts_aus_fast_scan (trigger: interval[0:00:05], next run at: 2026-09-17 17:48:28 +07)" executed successfully
2026-09-17 17:48:23,562 INFO apscheduler.executors.default: Running job "main.<locals>.run_trail_sl (trigger: interval[0:00:05], next run at: 2026-09-17 17:48:28 +07)" (scheduled at 2026-09-17 17:48:23.553049+07:00)
2026-09-17 17:48:23,564 INFO apscheduler.executors.default: Job "main.<locals>.run_trail_sl (trigger: interval[0:00:05], next run at: 2026-09-17 17:48:28 +07)" executed successfully
2026-09-17 17:48:23,566 INFO apscheduler.executors.default: Running job "main.<locals>.run_position_check (trigger: interval[0:00:05], next run at: 2026-09-17 17:48:28 +07)" (scheduled at 2026-09-17 17:48:23.554314+07:00)
2026-09-17 17:48:23,572 INFO apscheduler.executors.default: Job "main.<locals>.run_position_check (trigger: interval[0:00:05], next run at: 2026-09-17 17:48:28 +07)" executed successfully
2026-09-17 17:48:23,573 INFO apscheduler.executors.default: Running job "main.<locals>.save_bot_state_job (trigger: interval[0:00:15], next run at: 2026-09-17 17:48:38 +07)" (scheduled at 2026-09-17 17:48:23.554314+07:00)
2026-09-17 17:48:23,575 INFO apscheduler.executors.default: Job "main.<locals>.save_bot_state_job (trigger: interval[0:00:15], next run at: 2026-09-17 17:48:38 +07)" executed successfully
2026-09-17 17:48:23,577 INFO apscheduler.executors.default: Running job "main.<locals>.run_watchdog (trigger: interval[0:01:00], next run at: 2026-09-17 17:49:23 +07)" (scheduled at 2026-09-17 17:48:23.556562+07:00)
2026-09-17 17:48:23,582 INFO apscheduler.executors.default: Job "main.<locals>.run_watchdog (trigger: interval[0:01:00], next run at: 2026-09-17 17:49:23 +07)" executed successfully
2026-09-17 17:48:26,007 INFO apscheduler.executors.default: Running job "main.<locals>.run_scan (trigger: cron[second='1,6,11,16,21,26,31,36,41,46,51,56'], next run at: 2026-09-17 17:48:31 +07)" (scheduled at 2026-09-17 17:48:26+07:00)
2026-09-17 17:48:26,007 INFO apscheduler.executors.default: Job "main.<locals>.run_scan (trigger: cron[second='1,6,11,16,21,26,31,36,41,46,51,56'], next run at: 2026-09-17 17:48:31 +07)" executed successfully
2026-09-17 17:48:27,538 INFO httpx: HTTP Request: POST https://api.telegram.org/bot8742189012:AAEXGnFYIvAR33uaXz4-tx-ywZHjdNFhmgY/getUpdates "HTTP/1.1 200 OK"
2026-09-17 17:48:27,571 INFO apscheduler.executors.default: Running job "main.<locals>.write_heartbeat_job (trigger: interval[0:00:15], next run at: 2026-09-17 17:48:42 +07)" (scheduled at 2026-09-17 17:48:27.556562+07:00)
2026-09-17 17:48:27,574 INFO apscheduler.executors.default: Job "main.<locals>.write_heartbeat_job (trigger: interval[0:00:15], next run at: 2026-09-17 17:48:42 +07)" executed successfully
2026-09-17 17:48:28,566 INFO apscheduler.executors.default: Running job "main.<locals>.run_lts_aus_fast_scan (trigger: interval[0:00:05], next run at: 2026-09-17 17:48:33 +07)" (scheduled at 2026-09-17 17:48:28.553049+07:00)
2026-09-17 17:48:28,566 INFO apscheduler.executors.default: Job "main.<locals>.run_lts_aus_fast_scan (trigger: interval[0:00:05], next run at: 2026-09-17 17:48:33 +07)" executed successfully
2026-09-17 17:48:28,568 INFO apscheduler.executors.default: Running job "main.<locals>.run_trail_sl (trigger: interval[0:00:05], next run at: 2026-09-17 17:48:33 +07)" (scheduled at 2026-09-17 17:48:28.553049+07:00)
2026-09-17 17:48:28,568 INFO apscheduler.executors.default: Job "main.<locals>.run_trail_sl (trigger: interval[0:00:05], next run at: 2026-09-17 17:48:33 +07)" executed successfully
2026-09-17 17:48:28,568 INFO apscheduler.executors.default: Running job "main.<locals>.run_position_check (trigger: interval[0:00:05], next run at: 2026-09-17 17:48:33 +07)" (scheduled at 2026-09-17 17:48:28.554314+07:00)
2026-09-17 17:48:28,574 INFO apscheduler.executors.default: Job "main.<locals>.run_position_check (trigger: interval[0:00:05], next run at: 2026-09-17 17:48:33 +07)" executed successfully
2026-09-17 17:48:31,023 INFO apscheduler.executors.default: Running job "main.<locals>.run_scan (trigger: cron[second='1,6,11,16,21,26,31,36,41,46,51,56'], next run at: 2026-09-17 17:48:36 +07)" (scheduled at 2026-09-17 17:48:31+07:00)
2026-09-17 17:48:31,023 INFO apscheduler.executors.default: Job "main.<locals>.run_scan (trigger: cron[second='1,6,11,16,21,26,31,36,41,46,51,56'], next run at: 2026-09-17 17:48:36 +07)" executed successfully
2026-09-17 17:48:33,560 INFO apscheduler.executors.default: Running job "main.<locals>.run_lts_aus_fast_scan (trigger: interval[0:00:05], next run at: 2026-09-17 17:48:38 +07)" (scheduled at 2026-09-17 17:48:33.553049+07:00)
2026-09-17 17:48:33,560 INFO apscheduler.executors.default: Job "main.<locals>.run_lts_aus_fast_scan (trigger: interval[0:00:05], next run at: 2026-09-17 17:48:38 +07)" executed successfully
2026-09-17 17:48:33,561 INFO apscheduler.executors.default: Running job "main.<locals>.run_trail_sl (trigger: interval[0:00:05], next run at: 2026-09-17 17:48:38 +07)" (scheduled at 2026-09-17 17:48:33.553049+07:00)
2026-09-17 17:48:33,561 INFO apscheduler.executors.default: Job "main.<locals>.run_trail_sl (trigger: interval[0:00:05], next run at: 2026-09-17 17:48:38 +07)" executed successfully
2026-09-17 17:48:33,561 INFO apscheduler.executors.default: Running job "main.<locals>.run_position_check (trigger: interval[0:00:05], next run at: 2026-09-17 17:48:38 +07)" (scheduled at 2026-09-17 17:48:33.554314+07:00)
2026-09-17 17:48:33,567 INFO apscheduler.executors.default: Job "main.<locals>.run_position_check (trigger: interval[0:00:05], next run at: 2026-09-17 17:48:38 +07)" executed successfully
2026-09-17 17:48:36,010 INFO apscheduler.executors.default: Running job "main.<locals>.run_scan (trigger: cron[second='1,6,11,16,21,26,31,36,41,46,51,56'], next run at: 2026-09-17 17:48:41 +07)" (scheduled at 2026-09-17 17:48:36+07:00)
2026-09-17 17:48:36,010 INFO apscheduler.executors.default: Job "main.<locals>.run_scan (trigger: cron[second='1,6,11,16,21,26,31,36,41,46,51,56'], next run at: 2026-09-17 17:48:41 +07)" executed successfully
2026-09-17 17:48:37,739 INFO httpx: HTTP Request: POST https://api.telegram.org/bot8742189012:AAEXGnFYIvAR33uaXz4-tx-ywZHjdNFhmgY/getUpdates "HTTP/1.1 200 OK"
2026-09-17 17:48:38,563 INFO apscheduler.executors.default: Running job "main.<locals>.run_lts_aus_fast_scan (trigger: interval[0:00:05], next run at: 2026-09-17 17:48:43 +07)" (scheduled at 2026-09-17 17:48:38.553049+07:00)
2026-09-17 17:48:38,564 INFO apscheduler.executors.default: Job "main.<locals>.run_lts_aus_fast_scan (trigger: interval[0:00:05], next run at: 2026-09-17 17:48:43 +07)" executed successfully
2026-09-17 17:48:38,564 INFO apscheduler.executors.default: Running job "main.<locals>.run_trail_sl (trigger: interval[0:00:05], next run at: 2026-09-17 17:48:43 +07)" (scheduled at 2026-09-17 17:48:38.553049+07:00)
2026-09-17 17:48:38,564 INFO apscheduler.executors.default: Job "main.<locals>.run_trail_sl (trigger: interval[0:00:05], next run at: 2026-09-17 17:48:43 +07)" executed successfully
2026-09-17 17:48:38,564 INFO apscheduler.executors.default: Running job "main.<locals>.run_position_check (trigger: interval[0:00:05], next run at: 2026-09-17 17:48:43 +07)" (scheduled at 2026-09-17 17:48:38.554314+07:00)
2026-09-17 17:48:38,571 INFO apscheduler.executors.default: Job "main.<locals>.run_position_check (trigger: interval[0:00:05], next run at: 2026-09-17 17:48:43 +07)" executed successfully
2026-09-17 17:48:38,572 INFO apscheduler.executors.default: Running job "main.<locals>.save_bot_state_job (trigger: interval[0:00:15], next run at: 2026-09-17 17:48:53 +07)" (scheduled at 2026-09-17 17:48:38.554314+07:00)
2026-09-17 17:48:38,576 INFO apscheduler.executors.default: Job "main.<locals>.save_bot_state_job (trigger: interval[0:00:15], next run at: 2026-09-17 17:48:53 +07)" executed successfully
2026-09-17 17:48:41,012 INFO apscheduler.executors.default: Running job "main.<locals>.run_scan (trigger: cron[second='1,6,11,16,21,26,31,36,41,46,51,56'], next run at: 2026-09-17 17:48:46 +07)" (scheduled at 2026-09-17 17:48:41+07:00)
2026-09-17 17:48:41,014 INFO apscheduler.executors.default: Job "main.<locals>.run_scan (trigger: cron[second='1,6,11,16,21,26,31,36,41,46,51,56'], next run at: 2026-09-17 17:48:46 +07)" executed successfully
2026-09-17 17:48:42,566 INFO apscheduler.executors.default: Running job "main.<locals>.write_heartbeat_job (trigger: interval[0:00:15], next run at: 2026-09-17 17:48:57 +07)" (scheduled at 2026-09-17 17:48:42.556562+07:00)
2026-09-17 17:48:42,569 INFO apscheduler.executors.default: Job "main.<locals>.write_heartbeat_job (trigger: interval[0:00:15], next run at: 2026-09-17 17:48:57 +07)" executed successfully
2026-09-17 17:48:43,561 INFO apscheduler.executors.default: Running job "main.<locals>.run_lts_aus_fast_scan (trigger: interval[0:00:05], next run at: 2026-09-17 17:48:48 +07)" (scheduled at 2026-09-17 17:48:43.553049+07:00)
2026-09-17 17:48:43,562 INFO apscheduler.executors.default: Job "main.<locals>.run_lts_aus_fast_scan (trigger: interval[0:00:05], next run at: 2026-09-17 17:48:48 +07)" executed successfully
2026-09-17 17:48:43,562 INFO apscheduler.executors.default: Running job "main.<locals>.run_trail_sl (trigger: interval[0:00:05], next run at: 2026-09-17 17:48:48 +07)" (scheduled at 2026-09-17 17:48:43.553049+07:00)
2026-09-17 17:48:43,562 INFO apscheduler.executors.default: Job "main.<locals>.run_trail_sl (trigger: interval[0:00:05], next run at: 2026-09-17 17:48:48 +07)" executed successfully
2026-09-17 17:48:43,562 INFO apscheduler.executors.default: Running job "main.<locals>.run_position_check (trigger: interval[0:00:05], next run at: 2026-09-17 17:48:48 +07)" (scheduled at 2026-09-17 17:48:43.554314+07:00)
2026-09-17 17:48:43,570 INFO apscheduler.executors.default: Job "main.<locals>.run_position_check (trigger: interval[0:00:05], next run at: 2026-09-17 17:48:48 +07)" executed successfully
2026-09-17 17:48:46,001 INFO apscheduler.executors.default: Running job "main.<locals>.run_scan (trigger: cron[second='1,6,11,16,21,26,31,36,41,46,51,56'], next run at: 2026-09-17 17:48:51 +07)" (scheduled at 2026-09-17 17:48:46+07:00)
2026-09-17 17:48:46,001 INFO apscheduler.executors.default: Job "main.<locals>.run_scan (trigger: cron[second='1,6,11,16,21,26,31,36,41,46,51,56'], next run at: 2026-09-17 17:48:51 +07)" executed successfully
2026-09-17 17:48:47,940 INFO httpx: HTTP Request: POST https://api.telegram.org/bot8742189012:AAEXGnFYIvAR33uaXz4-tx-ywZHjdNFhmgY/getUpdates "HTTP/1.1 200 OK"
2026-09-17 17:48:48,560 INFO apscheduler.executors.default: Running job "main.<locals>.run_lts_aus_fast_scan (trigger: interval[0:00:05], next run at: 2026-09-17 17:48:53 +07)" (scheduled at 2026-09-17 17:48:48.553049+07:00)
2026-09-17 17:48:48,561 INFO apscheduler.executors.default: Job "main.<locals>.run_lts_aus_fast_scan (trigger: interval[0:00:05], next run at: 2026-09-17 17:48:53 +07)" executed successfully
2026-09-17 17:48:48,561 INFO apscheduler.executors.default: Running job "main.<locals>.run_trail_sl (trigger: interval[0:00:05], next run at: 2026-09-17 17:48:53 +07)" (scheduled at 2026-09-17 17:48:48.553049+07:00)
2026-09-17 17:48:48,561 INFO apscheduler.executors.default: Job "main.<locals>.run_trail_sl (trigger: interval[0:00:05], next run at: 2026-09-17 17:48:53 +07)" executed successfully
2026-09-17 17:48:48,562 INFO apscheduler.executors.default: Running job "main.<locals>.run_position_check (trigger: interval[0:00:05], next run at: 2026-09-17 17:48:53 +07)" (scheduled at 2026-09-17 17:48:48.554314+07:00)
2026-09-17 17:48:48,568 INFO apscheduler.executors.default: Job "main.<locals>.run_position_check (trigger: interval[0:00:05], next run at: 2026-09-17 17:48:53 +07)" executed successfully
2026-09-17 17:48:51,008 INFO apscheduler.executors.default: Running job "main.<locals>.run_scan (trigger: cron[second='1,6,11,16,21,26,31,36,41,46,51,56'], next run at: 2026-09-17 17:48:56 +07)" (scheduled at 2026-09-17 17:48:51+07:00)
2026-09-17 17:48:51,009 INFO apscheduler.executors.default: Job "main.<locals>.run_scan (trigger: cron[second='1,6,11,16,21,26,31,36,41,46,51,56'], next run at: 2026-09-17 17:48:56 +07)" executed successfully
2026-09-17 17:48:53,566 INFO apscheduler.executors.default: Running job "main.<locals>.run_lts_aus_fast_scan (trigger: interval[0:00:05], next run at: 2026-09-17 17:48:58 +07)" (scheduled at 2026-09-17 17:48:53.553049+07:00)
2026-09-17 17:48:53,569 INFO apscheduler.executors.default: Job "main.<locals>.run_lts_aus_fast_scan (trigger: interval[0:00:05], next run at: 2026-09-17 17:48:58 +07)" executed successfully
2026-09-17 17:48:53,569 INFO apscheduler.executors.default: Running job "main.<locals>.run_trail_sl (trigger: interval[0:00:05], next run at: 2026-09-17 17:48:58 +07)" (scheduled at 2026-09-17 17:48:53.553049+07:00)
2026-09-17 17:48:53,569 INFO apscheduler.executors.default: Job "main.<locals>.run_trail_sl (trigger: interval[0:00:05], next run at: 2026-09-17 17:48:58 +07)" executed successfully
2026-09-17 17:48:53,570 INFO apscheduler.executors.default: Running job "main.<locals>.run_position_check (trigger: interval[0:00:05], next run at: 2026-09-17 17:48:58 +07)" (scheduled at 2026-09-17 17:48:53.554314+07:00)
2026-09-17 17:48:53,575 INFO apscheduler.executors.default: Job "main.<locals>.run_position_check (trigger: interval[0:00:05], next run at: 2026-09-17 17:48:58 +07)" executed successfully
2026-09-17 17:48:53,575 INFO apscheduler.executors.default: Running job "main.<locals>.save_bot_state_job (trigger: interval[0:00:15], next run at: 2026-09-17 17:49:08 +07)" (scheduled at 2026-09-17 17:48:53.554314+07:00)
2026-09-17 17:48:53,577 INFO apscheduler.executors.default: Job "main.<locals>.save_bot_state_job (trigger: interval[0:00:15], next run at: 2026-09-17 17:49:08 +07)" executed successfully
2026-09-17 17:48:56,025 INFO apscheduler.executors.default: Running job "main.<locals>.run_scan (trigger: cron[second='1,6,11,16,21,26,31,36,41,46,51,56'], next run at: 2026-09-17 17:49:01 +07)" (scheduled at 2026-09-17 17:48:56+07:00)
2026-09-17 17:48:56,026 INFO apscheduler.executors.default: Job "main.<locals>.run_scan (trigger: cron[second='1,6,11,16,21,26,31,36,41,46,51,56'], next run at: 2026-09-17 17:49:01 +07)" executed successfully
2026-09-17 17:48:57,565 INFO apscheduler.executors.default: Running job "main.<locals>.write_heartbeat_job (trigger: interval[0:00:15], next run at: 2026-09-17 17:49:12 +07)" (scheduled at 2026-09-17 17:48:57.556562+07:00)
2026-09-17 17:48:57,569 INFO apscheduler.executors.default: Job "main.<locals>.write_heartbeat_job (trigger: interval[0:00:15], next run at: 2026-09-17 17:49:12 +07)" executed successfully
2026-09-17 17:48:58,134 INFO httpx: HTTP Request: POST https://api.telegram.org/bot8742189012:AAEXGnFYIvAR33uaXz4-tx-ywZHjdNFhmgY/getUpdates "HTTP/1.1 200 OK"
2026-09-17 17:48:58,570 INFO apscheduler.executors.default: Running job "main.<locals>.run_lts_aus_fast_scan (trigger: interval[0:00:05], next run at: 2026-09-17 17:49:03 +07)" (scheduled at 2026-09-17 17:48:58.553049+07:00)
2026-09-17 17:48:58,571 INFO apscheduler.executors.default: Job "main.<locals>.run_lts_aus_fast_scan (trigger: interval[0:00:05], next run at: 2026-09-17 17:49:03 +07)" executed successfully
2026-09-17 17:48:58,572 INFO apscheduler.executors.default: Running job "main.<locals>.run_trail_sl (trigger: interval[0:00:05], next run at: 2026-09-17 17:49:03 +07)" (scheduled at 2026-09-17 17:48:58.553049+07:00)
2026-09-17 17:48:58,572 INFO apscheduler.executors.default: Job "main.<locals>.run_trail_sl (trigger: interval[0:00:05], next run at: 2026-09-17 17:49:03 +07)" executed successfully
2026-09-17 17:48:58,572 INFO apscheduler.executors.default: Running job "main.<locals>.run_position_check (trigger: interval[0:00:05], next run at: 2026-09-17 17:49:03 +07)" (scheduled at 2026-09-17 17:48:58.554314+07:00)
2026-09-17 17:48:58,578 INFO apscheduler.executors.default: Job "main.<locals>.run_position_check (trigger: interval[0:00:05], next run at: 2026-09-17 17:49:03 +07)" executed successfully
2026-09-17 17:49:01,018 INFO apscheduler.executors.default: Running job "main.<locals>.run_scan (trigger: cron[second='1,6,11,16,21,26,31,36,41,46,51,56'], next run at: 2026-09-17 17:49:06 +07)" (scheduled at 2026-09-17 17:49:01+07:00)
2026-09-17 17:49:01,019 INFO apscheduler.executors.default: Job "main.<locals>.run_scan (trigger: cron[second='1,6,11,16,21,26,31,36,41,46,51,56'], next run at: 2026-09-17 17:49:06 +07)" executed successfully
2026-09-17 17:49:03,559 INFO apscheduler.executors.default: Running job "main.<locals>.run_lts_aus_fast_scan (trigger: interval[0:00:05], next run at: 2026-09-17 17:49:08 +07)" (scheduled at 2026-09-17 17:49:03.553049+07:00)
2026-09-17 17:49:03,559 INFO apscheduler.executors.default: Job "main.<locals>.run_lts_aus_fast_scan (trigger: interval[0:00:05], next run at: 2026-09-17 17:49:08 +07)" executed successfully
2026-09-17 17:49:03,560 INFO apscheduler.executors.default: Running job "main.<locals>.run_trail_sl (trigger: interval[0:00:05], next run at: 2026-09-17 17:49:08 +07)" (scheduled at 2026-09-17 17:49:03.553049+07:00)
2026-09-17 17:49:03,561 INFO apscheduler.executors.default: Job "main.<locals>.run_trail_sl (trigger: interval[0:00:05], next run at: 2026-09-17 17:49:08 +07)" executed successfully
2026-09-17 17:49:03,561 INFO apscheduler.executors.default: Running job "main.<locals>.run_position_check (trigger: interval[0:00:05], next run at: 2026-09-17 17:49:08 +07)" (scheduled at 2026-09-17 17:49:03.554314+07:00)
2026-09-17 17:49:03,568 INFO apscheduler.executors.default: Job "main.<locals>.run_position_check (trigger: interval[0:00:05], next run at: 2026-09-17 17:49:08 +07)" executed successfully
2026-09-17 17:49:06,002 INFO apscheduler.executors.default: Running job "main.<locals>.run_scan (trigger: cron[second='1,6,11,16,21,26,31,36,41,46,51,56'], next run at: 2026-09-17 17:49:11 +07)" (scheduled at 2026-09-17 17:49:06+07:00)
2026-09-17 17:49:06,002 INFO apscheduler.executors.default: Job "main.<locals>.run_scan (trigger: cron[second='1,6,11,16,21,26,31,36,41,46,51,56'], next run at: 2026-09-17 17:49:11 +07)" executed successfully
2026-09-17 17:49:08,329 INFO httpx: HTTP Request: POST https://api.telegram.org/bot8742189012:AAEXGnFYIvAR33uaXz4-tx-ywZHjdNFhmgY/getUpdates "HTTP/1.1 200 OK"
2026-09-17 17:49:08,559 INFO apscheduler.executors.default: Running job "main.<locals>.run_lts_aus_fast_scan (trigger: interval[0:00:05], next run at: 2026-09-17 17:49:13 +07)" (scheduled at 2026-09-17 17:49:08.553049+07:00)
2026-09-17 17:49:08,559 INFO apscheduler.executors.default: Job "main.<locals>.run_lts_aus_fast_scan (trigger: interval[0:00:05], next run at: 2026-09-17 17:49:13 +07)" executed successfully
2026-09-17 17:49:08,559 INFO apscheduler.executors.default: Running job "main.<locals>.run_trail_sl (trigger: interval[0:00:05], next run at: 2026-09-17 17:49:13 +07)" (scheduled at 2026-09-17 17:49:08.553049+07:00)
2026-09-17 17:49:08,559 INFO apscheduler.executors.default: Job "main.<locals>.run_trail_sl (trigger: interval[0:00:05], next run at: 2026-09-17 17:49:13 +07)" executed successfully
2026-09-17 17:49:08,560 INFO apscheduler.executors.default: Running job "main.<locals>.run_position_check (trigger: interval[0:00:05], next run at: 2026-09-17 17:49:13 +07)" (scheduled at 2026-09-17 17:49:08.554314+07:00)
2026-09-17 17:49:08,568 INFO apscheduler.executors.default: Job "main.<locals>.run_position_check (trigger: interval[0:00:05], next run at: 2026-09-17 17:49:13 +07)" executed successfully
2026-09-17 17:49:08,570 INFO apscheduler.executors.default: Running job "main.<locals>.save_bot_state_job (trigger: interval[0:00:15], next run at: 2026-09-17 17:49:23 +07)" (scheduled at 2026-09-17 17:49:08.554314+07:00)
2026-09-17 17:49:08,573 INFO apscheduler.executors.default: Job "main.<locals>.save_bot_state_job (trigger: interval[0:00:15], next run at: 2026-09-17 17:49:23 +07)" executed successfully
2026-09-17 17:49:11,004 INFO apscheduler.executors.default: Running job "main.<locals>.run_scan (trigger: cron[second='1,6,11,16,21,26,31,36,41,46,51,56'], next run at: 2026-09-17 17:49:16 +07)" (scheduled at 2026-09-17 17:49:11+07:00)
2026-09-17 17:49:11,005 INFO apscheduler.executors.default: Job "main.<locals>.run_scan (trigger: cron[second='1,6,11,16,21,26,31,36,41,46,51,56'], next run at: 2026-09-17 17:49:16 +07)" executed successfully
2026-09-17 17:49:12,561 INFO apscheduler.executors.default: Running job "main.<locals>.write_heartbeat_job (trigger: interval[0:00:15], next run at: 2026-09-17 17:49:27 +07)" (scheduled at 2026-09-17 17:49:12.556562+07:00)
2026-09-17 17:49:12,564 INFO apscheduler.executors.default: Job "main.<locals>.write_heartbeat_job (trigger: interval[0:00:15], next run at: 2026-09-17 17:49:27 +07)" executed successfully
2026-09-17 17:49:13,560 INFO apscheduler.executors.default: Running job "main.<locals>.run_lts_aus_fast_scan (trigger: interval[0:00:05], next run at: 2026-09-17 17:49:18 +07)" (scheduled at 2026-09-17 17:49:13.553049+07:00)
2026-09-17 17:49:13,560 INFO apscheduler.executors.default: Job "main.<locals>.run_lts_aus_fast_scan (trigger: interval[0:00:05], next run at: 2026-09-17 17:49:18 +07)" executed successfully
2026-09-17 17:49:13,560 INFO apscheduler.executors.default: Running job "main.<locals>.run_trail_sl (trigger: interval[0:00:05], next run at: 2026-09-17 17:49:18 +07)" (scheduled at 2026-09-17 17:49:13.553049+07:00)
2026-09-17 17:49:13,560 INFO apscheduler.executors.default: Job "main.<locals>.run_trail_sl (trigger: interval[0:00:05], next run at: 2026-09-17 17:49:18 +07)" executed successfully
2026-09-17 17:49:13,561 INFO apscheduler.executors.default: Running job "main.<locals>.run_position_check (trigger: interval[0:00:05], next run at: 2026-09-17 17:49:18 +07)" (scheduled at 2026-09-17 17:49:13.554314+07:00)
2026-09-17 17:49:13,567 INFO apscheduler.executors.default: Job "main.<locals>.run_position_check (trigger: interval[0:00:05], next run at: 2026-09-17 17:49:18 +07)" executed successfully
2026-09-17 17:49:16,011 INFO apscheduler.executors.default: Running job "main.<locals>.run_scan (trigger: cron[second='1,6,11,16,21,26,31,36,41,46,51,56'], next run at: 2026-09-17 17:49:21 +07)" (scheduled at 2026-09-17 17:49:16+07:00)
2026-09-17 17:49:16,012 INFO apscheduler.executors.default: Job "main.<locals>.run_scan (trigger: cron[second='1,6,11,16,21,26,31,36,41,46,51,56'], next run at: 2026-09-17 17:49:21 +07)" executed successfully
2026-09-17 17:49:18,537 INFO httpx: HTTP Request: POST https://api.telegram.org/bot8742189012:AAEXGnFYIvAR33uaXz4-tx-ywZHjdNFhmgY/getUpdates "HTTP/1.1 200 OK"
2026-09-17 17:49:18,567 INFO apscheduler.executors.default: Running job "main.<locals>.run_lts_aus_fast_scan (trigger: interval[0:00:05], next run at: 2026-09-17 17:49:23 +07)" (scheduled at 2026-09-17 17:49:18.553049+07:00)
2026-09-17 17:49:18,569 INFO apscheduler.executors.default: Job "main.<locals>.run_lts_aus_fast_scan (trigger: interval[0:00:05], next run at: 2026-09-17 17:49:23 +07)" executed successfully
2026-09-17 17:49:18,570 INFO apscheduler.executors.default: Running job "main.<locals>.run_trail_sl (trigger: interval[0:00:05], next run at: 2026-09-17 17:49:23 +07)" (scheduled at 2026-09-17 17:49:18.553049+07:00)
2026-09-17 17:49:18,570 INFO apscheduler.executors.default: Job "main.<locals>.run_trail_sl (trigger: interval[0:00:05], next run at: 2026-09-17 17:49:23 +07)" executed successfully
2026-09-17 17:49:18,570 INFO apscheduler.executors.default: Running job "main.<locals>.run_position_check (trigger: interval[0:00:05], next run at: 2026-09-17 17:49:23 +07)" (scheduled at 2026-09-17 17:49:18.554314+07:00)
2026-09-17 17:49:18,581 INFO apscheduler.executors.default: Job "main.<locals>.run_position_check (trigger: interval[0:00:05], next run at: 2026-09-17 17:49:23 +07)" executed successfully
2026-09-17 17:49:21,010 INFO apscheduler.executors.default: Running job "main.<locals>.run_scan (trigger: cron[second='1,6,11,16,21,26,31,36,41,46,51,56'], next run at: 2026-09-17 17:49:26 +07)" (scheduled at 2026-09-17 17:49:21+07:00)
2026-09-17 17:49:21,011 INFO apscheduler.executors.default: Job "main.<locals>.run_scan (trigger: cron[second='1,6,11,16,21,26,31,36,41,46,51,56'], next run at: 2026-09-17 17:49:26 +07)" executed successfully
2026-09-17 17:49:23,561 INFO apscheduler.executors.default: Running job "main.<locals>.check_symbol_switch (trigger: interval[0:01:00], next run at: 2026-09-17 17:50:23 +07)" (scheduled at 2026-09-17 17:49:23.550053+07:00)
2026-09-17 17:49:23,571 INFO apscheduler.executors.default: Job "main.<locals>.check_symbol_switch (trigger: interval[0:01:00], next run at: 2026-09-17 17:50:23 +07)" executed successfully
2026-09-17 17:49:23,572 INFO apscheduler.executors.default: Running job "main.<locals>.run_lts_aus_fast_scan (trigger: interval[0:00:05], next run at: 2026-09-17 17:49:28 +07)" (scheduled at 2026-09-17 17:49:23.553049+07:00)
2026-09-17 17:49:23,572 INFO apscheduler.executors.default: Job "main.<locals>.run_lts_aus_fast_scan (trigger: interval[0:00:05], next run at: 2026-09-17 17:49:28 +07)" executed successfully
2026-09-17 17:49:23,573 INFO apscheduler.executors.default: Running job "main.<locals>.run_trail_sl (trigger: interval[0:00:05], next run at: 2026-09-17 17:49:28 +07)" (scheduled at 2026-09-17 17:49:23.553049+07:00)
2026-09-17 17:49:23,573 INFO apscheduler.executors.default: Job "main.<locals>.run_trail_sl (trigger: interval[0:00:05], next run at: 2026-09-17 17:49:28 +07)" executed successfully
2026-09-17 17:49:23,573 INFO apscheduler.executors.default: Running job "main.<locals>.run_position_check (trigger: interval[0:00:05], next run at: 2026-09-17 17:49:28 +07)" (scheduled at 2026-09-17 17:49:23.554314+07:00)
2026-09-17 17:49:23,583 INFO apscheduler.executors.default: Job "main.<locals>.run_position_check (trigger: interval[0:00:05], next run at: 2026-09-17 17:49:28 +07)" executed successfully
2026-09-17 17:49:23,584 INFO apscheduler.executors.default: Running job "main.<locals>.save_bot_state_job (trigger: interval[0:00:15], next run at: 2026-09-17 17:49:38 +07)" (scheduled at 2026-09-17 17:49:23.554314+07:00)
2026-09-17 17:49:23,588 INFO apscheduler.executors.default: Job "main.<locals>.save_bot_state_job (trigger: interval[0:00:15], next run at: 2026-09-17 17:49:38 +07)" executed successfully
2026-09-17 17:49:23,589 INFO apscheduler.executors.default: Running job "main.<locals>.run_watchdog (trigger: interval[0:01:00], next run at: 2026-09-17 17:50:23 +07)" (scheduled at 2026-09-17 17:49:23.556562+07:00)
2026-09-17 17:49:23,596 INFO apscheduler.executors.default: Job "main.<locals>.run_watchdog (trigger: interval[0:01:00], next run at: 2026-09-17 17:50:23 +07)" executed successfully
2026-09-17 17:49:26,006 INFO apscheduler.executors.default: Running job "main.<locals>.run_scan (trigger: cron[second='1,6,11,16,21,26,31,36,41,46,51,56'], next run at: 2026-09-17 17:49:31 +07)" (scheduled at 2026-09-17 17:49:26+07:00)
2026-09-17 17:49:26,009 INFO apscheduler.executors.default: Job "main.<locals>.run_scan (trigger: cron[second='1,6,11,16,21,26,31,36,41,46,51,56'], next run at: 2026-09-17 17:49:31 +07)" executed successfully
2026-09-17 17:49:27,570 INFO apscheduler.executors.default: Running job "main.<locals>.write_heartbeat_job (trigger: interval[0:00:15], next run at: 2026-09-17 17:49:42 +07)" (scheduled at 2026-09-17 17:49:27.556562+07:00)
2026-09-17 17:49:27,573 INFO apscheduler.executors.default: Job "main.<locals>.write_heartbeat_job (trigger: interval[0:00:15], next run at: 2026-09-17 17:49:42 +07)" executed successfully
2026-09-17 17:49:28,564 INFO apscheduler.executors.default: Running job "main.<locals>.run_lts_aus_fast_scan (trigger: interval[0:00:05], next run at: 2026-09-17 17:49:33 +07)" (scheduled at 2026-09-17 17:49:28.553049+07:00)
2026-09-17 17:49:28,565 INFO apscheduler.executors.default: Job "main.<locals>.run_lts_aus_fast_scan (trigger: interval[0:00:05], next run at: 2026-09-17 17:49:33 +07)" executed successfully
2026-09-17 17:49:28,565 INFO apscheduler.executors.default: Running job "main.<locals>.run_trail_sl (trigger: interval[0:00:05], next run at: 2026-09-17 17:49:33 +07)" (scheduled at 2026-09-17 17:49:28.553049+07:00)
2026-09-17 17:49:28,566 INFO apscheduler.executors.default: Job "main.<locals>.run_trail_sl (trigger: interval[0:00:05], next run at: 2026-09-17 17:49:33 +07)" executed successfully
2026-09-17 17:49:28,566 INFO apscheduler.executors.default: Running job "main.<locals>.run_position_check (trigger: interval[0:00:05], next run at: 2026-09-17 17:49:33 +07)" (scheduled at 2026-09-17 17:49:28.554314+07:00)
2026-09-17 17:49:28,574 INFO apscheduler.executors.default: Job "main.<locals>.run_position_check (trigger: interval[0:00:05], next run at: 2026-09-17 17:49:33 +07)" executed successfully
2026-09-17 17:49:28,738 INFO httpx: HTTP Request: POST https://api.telegram.org/bot8742189012:AAEXGnFYIvAR33uaXz4-tx-ywZHjdNFhmgY/getUpdates "HTTP/1.1 200 OK"
2026-09-17 17:49:31,016 INFO apscheduler.executors.default: Running job "main.<locals>.run_scan (trigger: cron[second='1,6,11,16,21,26,31,36,41,46,51,56'], next run at: 2026-09-17 17:49:36 +07)" (scheduled at 2026-09-17 17:49:31+07:00)
2026-09-17 17:49:31,016 INFO apscheduler.executors.default: Job "main.<locals>.run_scan (trigger: cron[second='1,6,11,16,21,26,31,36,41,46,51,56'], next run at: 2026-09-17 17:49:36 +07)" executed successfully
2026-09-17 17:49:33,563 INFO apscheduler.executors.default: Running job "main.<locals>.run_lts_aus_fast_scan (trigger: interval[0:00:05], next run at: 2026-09-17 17:49:38 +07)" (scheduled at 2026-09-17 17:49:33.553049+07:00)
2026-09-17 17:49:33,564 INFO apscheduler.executors.default: Job "main.<locals>.run_lts_aus_fast_scan (trigger: interval[0:00:05], next run at: 2026-09-17 17:49:38 +07)" executed successfully
2026-09-17 17:49:33,564 INFO apscheduler.executors.default: Running job "main.<locals>.run_trail_sl (trigger: interval[0:00:05], next run at: 2026-09-17 17:49:38 +07)" (scheduled at 2026-09-17 17:49:33.553049+07:00)
2026-09-17 17:49:33,565 INFO apscheduler.executors.default: Job "main.<locals>.run_trail_sl (trigger: interval[0:00:05], next run at: 2026-09-17 17:49:38 +07)" executed successfully
2026-09-17 17:49:33,566 INFO apscheduler.executors.default: Running job "main.<locals>.run_position_check (trigger: interval[0:00:05], next run at: 2026-09-17 17:49:38 +07)" (scheduled at 2026-09-17 17:49:33.554314+07:00)
2026-09-17 17:49:33,574 INFO apscheduler.executors.default: Job "main.<locals>.run_position_check (trigger: interval[0:00:05], next run at: 2026-09-17 17:49:38 +07)" executed successfully
2026-09-17 17:49:36,006 INFO apscheduler.executors.default: Running job "main.<locals>.run_scan (trigger: cron[second='1,6,11,16,21,26,31,36,41,46,51,56'], next run at: 2026-09-17 17:49:41 +07)" (scheduled at 2026-09-17 17:49:36+07:00)
2026-09-17 17:49:36,007 INFO apscheduler.executors.default: Job "main.<locals>.run_scan (trigger: cron[second='1,6,11,16,21,26,31,36,41,46,51,56'], next run at: 2026-09-17 17:49:41 +07)" executed successfully
2026-09-17 17:49:38,560 INFO apscheduler.executors.default: Running job "main.<locals>.run_lts_aus_fast_scan (trigger: interval[0:00:05], next run at: 2026-09-17 17:49:43 +07)" (scheduled at 2026-09-17 17:49:38.553049+07:00)
2026-09-17 17:49:38,560 INFO apscheduler.executors.default: Job "main.<locals>.run_lts_aus_fast_scan (trigger: interval[0:00:05], next run at: 2026-09-17 17:49:43 +07)" executed successfully
2026-09-17 17:49:38,560 INFO apscheduler.executors.default: Running job "main.<locals>.run_trail_sl (trigger: interval[0:00:05], next run at: 2026-09-17 17:49:43 +07)" (scheduled at 2026-09-17 17:49:38.553049+07:00)
2026-09-17 17:49:38,561 INFO apscheduler.executors.default: Job "main.<locals>.run_trail_sl (trigger: interval[0:00:05], next run at: 2026-09-17 17:49:43 +07)" executed successfully
2026-09-17 17:49:38,561 INFO apscheduler.executors.default: Running job "main.<locals>.run_position_check (trigger: interval[0:00:05], next run at: 2026-09-17 17:49:43 +07)" (scheduled at 2026-09-17 17:49:38.554314+07:00)
2026-09-17 17:49:38,569 INFO apscheduler.executors.default: Job "main.<locals>.run_position_check (trigger: interval[0:00:05], next run at: 2026-09-17 17:49:43 +07)" executed successfully
2026-09-17 17:49:38,571 INFO apscheduler.executors.default: Running job "main.<locals>.save_bot_state_job (trigger: interval[0:00:15], next run at: 2026-09-17 17:49:53 +07)" (scheduled at 2026-09-17 17:49:38.554314+07:00)
2026-09-17 17:49:38,574 INFO apscheduler.executors.default: Job "main.<locals>.save_bot_state_job (trigger: interval[0:00:15], next run at: 2026-09-17 17:49:53 +07)" executed successfully
2026-09-17 17:49:38,949 INFO httpx: HTTP Request: POST https://api.telegram.org/bot8742189012:AAEXGnFYIvAR33uaXz4-tx-ywZHjdNFhmgY/getUpdates "HTTP/1.1 200 OK"
2026-09-17 17:49:41,006 INFO apscheduler.executors.default: Running job "main.<locals>.run_scan (trigger: cron[second='1,6,11,16,21,26,31,36,41,46,51,56'], next run at: 2026-09-17 17:49:46 +07)" (scheduled at 2026-09-17 17:49:41+07:00)
2026-09-17 17:49:41,006 INFO apscheduler.executors.default: Job "main.<locals>.run_scan (trigger: cron[second='1,6,11,16,21,26,31,36,41,46,51,56'], next run at: 2026-09-17 17:49:46 +07)" executed successfully
2026-09-17 17:49:42,564 INFO apscheduler.executors.default: Running job "main.<locals>.write_heartbeat_job (trigger: interval[0:00:15], next run at: 2026-09-17 17:49:57 +07)" (scheduled at 2026-09-17 17:49:42.556562+07:00)
2026-09-17 17:49:42,567 INFO apscheduler.executors.default: Job "main.<locals>.write_heartbeat_job (trigger: interval[0:00:15], next run at: 2026-09-17 17:49:57 +07)" executed successfully
2026-09-17 17:49:43,563 INFO apscheduler.executors.default: Running job "main.<locals>.run_lts_aus_fast_scan (trigger: interval[0:00:05], next run at: 2026-09-17 17:49:48 +07)" (scheduled at 2026-09-17 17:49:43.553049+07:00)
2026-09-17 17:49:43,564 INFO apscheduler.executors.default: Job "main.<locals>.run_lts_aus_fast_scan (trigger: interval[0:00:05], next run at: 2026-09-17 17:49:48 +07)" executed successfully
2026-09-17 17:49:43,564 INFO apscheduler.executors.default: Running job "main.<locals>.run_trail_sl (trigger: interval[0:00:05], next run at: 2026-09-17 17:49:48 +07)" (scheduled at 2026-09-17 17:49:43.553049+07:00)
2026-09-17 17:49:43,564 INFO apscheduler.executors.default: Job "main.<locals>.run_trail_sl (trigger: interval[0:00:05], next run at: 2026-09-17 17:49:48 +07)" executed successfully
2026-09-17 17:49:43,564 INFO apscheduler.executors.default: Running job "main.<locals>.run_position_check (trigger: interval[0:00:05], next run at: 2026-09-17 17:49:48 +07)" (scheduled at 2026-09-17 17:49:43.554314+07:00)
2026-09-17 17:49:43,571 INFO apscheduler.executors.default: Job "main.<locals>.run_position_check (trigger: interval[0:00:05], next run at: 2026-09-17 17:49:48 +07)" executed successfully
2026-09-17 17:49:46,005 INFO apscheduler.executors.default: Running job "main.<locals>.run_scan (trigger: cron[second='1,6,11,16,21,26,31,36,41,46,51,56'], next run at: 2026-09-17 17:49:51 +07)" (scheduled at 2026-09-17 17:49:46+07:00)
2026-09-17 17:49:46,005 INFO apscheduler.executors.default: Job "main.<locals>.run_scan (trigger: cron[second='1,6,11,16,21,26,31,36,41,46,51,56'], next run at: 2026-09-17 17:49:51 +07)" executed successfully
2026-09-17 17:49:48,558 INFO apscheduler.executors.default: Running job "main.<locals>.run_lts_aus_fast_scan (trigger: interval[0:00:05], next run at: 2026-09-17 17:49:53 +07)" (scheduled at 2026-09-17 17:49:48.553049+07:00)
2026-09-17 17:49:48,558 INFO apscheduler.executors.default: Job "main.<locals>.run_lts_aus_fast_scan (trigger: interval[0:00:05], next run at: 2026-09-17 17:49:53 +07)" executed successfully
2026-09-17 17:49:48,558 INFO apscheduler.executors.default: Running job "main.<locals>.run_trail_sl (trigger: interval[0:00:05], next run at: 2026-09-17 17:49:53 +07)" (scheduled at 2026-09-17 17:49:48.553049+07:00)
2026-09-17 17:49:48,559 INFO apscheduler.executors.default: Job "main.<locals>.run_trail_sl (trigger: interval[0:00:05], next run at: 2026-09-17 17:49:53 +07)" executed successfully
2026-09-17 17:49:48,559 INFO apscheduler.executors.default: Running job "main.<locals>.run_position_check (trigger: interval[0:00:05], next run at: 2026-09-17 17:49:53 +07)" (scheduled at 2026-09-17 17:49:48.554314+07:00)
2026-09-17 17:49:48,566 INFO apscheduler.executors.default: Job "main.<locals>.run_position_check (trigger: interval[0:00:05], next run at: 2026-09-17 17:49:53 +07)" executed successfully
2026-09-17 17:49:49,152 INFO httpx: HTTP Request: POST https://api.telegram.org/bot8742189012:AAEXGnFYIvAR33uaXz4-tx-ywZHjdNFhmgY/getUpdates "HTTP/1.1 200 OK"
2026-09-17 17:49:51,008 INFO apscheduler.executors.default: Running job "main.<locals>.run_scan (trigger: cron[second='1,6,11,16,21,26,31,36,41,46,51,56'], next run at: 2026-09-17 17:49:56 +07)" (scheduled at 2026-09-17 17:49:51+07:00)
2026-09-17 17:49:51,009 INFO apscheduler.executors.default: Job "main.<locals>.run_scan (trigger: cron[second='1,6,11,16,21,26,31,36,41,46,51,56'], next run at: 2026-09-17 17:49:56 +07)" executed successfully
2026-09-17 17:49:53,555 INFO apscheduler.executors.default: Running job "main.<locals>.run_lts_aus_fast_scan (trigger: interval[0:00:05], next run at: 2026-09-17 17:49:58 +07)" (scheduled at 2026-09-17 17:49:53.553049+07:00)
2026-09-17 17:49:53,556 INFO apscheduler.executors.default: Job "main.<locals>.run_lts_aus_fast_scan (trigger: interval[0:00:05], next run at: 2026-09-17 17:49:58 +07)" executed successfully
2026-09-17 17:49:53,556 INFO apscheduler.executors.default: Running job "main.<locals>.run_trail_sl (trigger: interval[0:00:05], next run at: 2026-09-17 17:49:58 +07)" (scheduled at 2026-09-17 17:49:53.553049+07:00)
2026-09-17 17:49:53,556 INFO apscheduler.executors.default: Job "main.<locals>.run_trail_sl (trigger: interval[0:00:05], next run at: 2026-09-17 17:49:58 +07)" executed successfully
2026-09-17 17:49:53,556 INFO apscheduler.executors.default: Running job "main.<locals>.run_position_check (trigger: interval[0:00:05], next run at: 2026-09-17 17:49:58 +07)" (scheduled at 2026-09-17 17:49:53.554314+07:00)
2026-09-17 17:49:53,565 INFO apscheduler.executors.default: Job "main.<locals>.run_position_check (trigger: interval[0:00:05], next run at: 2026-09-17 17:49:58 +07)" executed successfully
2026-09-17 17:49:53,568 INFO apscheduler.executors.default: Running job "main.<locals>.save_bot_state_job (trigger: interval[0:00:15], next run at: 2026-09-17 17:50:08 +07)" (scheduled at 2026-09-17 17:49:53.554314+07:00)
2026-09-17 17:49:53,570 INFO apscheduler.executors.default: Job "main.<locals>.save_bot_state_job (trigger: interval[0:00:15], next run at: 2026-09-17 17:50:08 +07)" executed successfully
2026-09-17 17:49:56,002 INFO apscheduler.executors.default: Running job "main.<locals>.run_scan (trigger: cron[second='1,6,11,16,21,26,31,36,41,46,51,56'], next run at: 2026-09-17 17:50:01 +07)" (scheduled at 2026-09-17 17:49:56+07:00)
2026-09-17 17:49:56,002 INFO apscheduler.executors.default: Job "main.<locals>.run_scan (trigger: cron[second='1,6,11,16,21,26,31,36,41,46,51,56'], next run at: 2026-09-17 17:50:01 +07)" executed successfully
2026-09-17 17:49:57,558 INFO apscheduler.executors.default: Running job "main.<locals>.write_heartbeat_job (trigger: interval[0:00:15], next run at: 2026-09-17 17:50:12 +07)" (scheduled at 2026-09-17 17:49:57.556562+07:00)
2026-09-17 17:49:57,561 INFO apscheduler.executors.default: Job "main.<locals>.write_heartbeat_job (trigger: interval[0:00:15], next run at: 2026-09-17 17:50:12 +07)" executed successfully
2026-09-17 17:49:58,571 INFO apscheduler.executors.default: Running job "main.<locals>.run_lts_aus_fast_scan (trigger: interval[0:00:05], next run at: 2026-09-17 17:50:03 +07)" (scheduled at 2026-09-17 17:49:58.553049+07:00)
2026-09-17 17:49:58,571 INFO apscheduler.executors.default: Job "main.<locals>.run_lts_aus_fast_scan (trigger: interval[0:00:05], next run at: 2026-09-17 17:50:03 +07)" executed successfully
2026-09-17 17:49:58,572 INFO apscheduler.executors.default: Running job "main.<locals>.run_trail_sl (trigger: interval[0:00:05], next run at: 2026-09-17 17:50:03 +07)" (scheduled at 2026-09-17 17:49:58.553049+07:00)
2026-09-17 17:49:58,572 INFO apscheduler.executors.default: Job "main.<locals>.run_trail_sl (trigger: interval[0:00:05], next run at: 2026-09-17 17:50:03 +07)" executed successfully
2026-09-17 17:49:58,573 INFO apscheduler.executors.default: Running job "main.<locals>.run_position_check (trigger: interval[0:00:05], next run at: 2026-09-17 17:50:03 +07)" (scheduled at 2026-09-17 17:49:58.554314+07:00)
2026-09-17 17:49:58,581 INFO apscheduler.executors.default: Job "main.<locals>.run_position_check (trigger: interval[0:00:05], next run at: 2026-09-17 17:50:03 +07)" executed successfully
2026-09-17 17:49:59,345 INFO httpx: HTTP Request: POST https://api.telegram.org/bot8742189012:AAEXGnFYIvAR33uaXz4-tx-ywZHjdNFhmgY/getUpdates "HTTP/1.1 200 OK"
2026-09-17 17:50:01,005 INFO apscheduler.executors.default: Running job "main.<locals>.run_scan (trigger: cron[second='1,6,11,16,21,26,31,36,41,46,51,56'], next run at: 2026-09-17 17:50:06 +07)" (scheduled at 2026-09-17 17:50:01+07:00)
2026-09-17 17:50:01,005 INFO apscheduler.executors.default: Job "main.<locals>.run_scan (trigger: cron[second='1,6,11,16,21,26,31,36,41,46,51,56'], next run at: 2026-09-17 17:50:06 +07)" executed successfully
2026-09-17 17:50:03,566 INFO apscheduler.executors.default: Running job "main.<locals>.run_lts_aus_fast_scan (trigger: interval[0:00:05], next run at: 2026-09-17 17:50:08 +07)" (scheduled at 2026-09-17 17:50:03.553049+07:00)
2026-09-17 17:50:03,566 INFO apscheduler.executors.default: Job "main.<locals>.run_lts_aus_fast_scan (trigger: interval[0:00:05], next run at: 2026-09-17 17:50:08 +07)" executed successfully
2026-09-17 17:50:03,566 INFO apscheduler.executors.default: Running job "main.<locals>.run_trail_sl (trigger: interval[0:00:05], next run at: 2026-09-17 17:50:08 +07)" (scheduled at 2026-09-17 17:50:03.553049+07:00)
2026-09-17 17:50:03,566 INFO apscheduler.executors.default: Job "main.<locals>.run_trail_sl (trigger: interval[0:00:05], next run at: 2026-09-17 17:50:08 +07)" executed successfully
2026-09-17 17:50:03,568 INFO apscheduler.executors.default: Running job "main.<locals>.run_position_check (trigger: interval[0:00:05], next run at: 2026-09-17 17:50:08 +07)" (scheduled at 2026-09-17 17:50:03.554314+07:00)
2026-09-17 17:50:03,574 INFO apscheduler.executors.default: Job "main.<locals>.run_position_check (trigger: interval[0:00:05], next run at: 2026-09-17 17:50:08 +07)" executed successfully
2026-09-17 17:50:06,012 INFO apscheduler.executors.default: Running job "main.<locals>.run_scan (trigger: cron[second='1,6,11,16,21,26,31,36,41,46,51,56'], next run at: 2026-09-17 17:50:11 +07)" (scheduled at 2026-09-17 17:50:06+07:00)
2026-09-17 17:50:06,012 INFO apscheduler.executors.default: Job "main.<locals>.run_scan (trigger: cron[second='1,6,11,16,21,26,31,36,41,46,51,56'], next run at: 2026-09-17 17:50:11 +07)" executed successfully
2026-09-17 17:50:08,566 INFO apscheduler.executors.default: Running job "main.<locals>.run_lts_aus_fast_scan (trigger: interval[0:00:05], next run at: 2026-09-17 17:50:13 +07)" (scheduled at 2026-09-17 17:50:08.553049+07:00)
2026-09-17 17:50:08,570 INFO apscheduler.executors.default: Job "main.<locals>.run_lts_aus_fast_scan (trigger: interval[0:00:05], next run at: 2026-09-17 17:50:13 +07)" executed successfully
2026-09-17 17:50:08,570 INFO apscheduler.executors.default: Running job "main.<locals>.run_trail_sl (trigger: interval[0:00:05], next run at: 2026-09-17 17:50:13 +07)" (scheduled at 2026-09-17 17:50:08.553049+07:00)
2026-09-17 17:50:08,570 INFO apscheduler.executors.default: Job "main.<locals>.run_trail_sl (trigger: interval[0:00:05], next run at: 2026-09-17 17:50:13 +07)" executed successfully
2026-09-17 17:50:08,571 INFO apscheduler.executors.default: Running job "main.<locals>.run_position_check (trigger: interval[0:00:05], next run at: 2026-09-17 17:50:13 +07)" (scheduled at 2026-09-17 17:50:08.554314+07:00)
2026-09-17 17:50:08,578 INFO apscheduler.executors.default: Job "main.<locals>.run_position_check (trigger: interval[0:00:05], next run at: 2026-09-17 17:50:13 +07)" executed successfully
2026-09-17 17:50:08,579 INFO apscheduler.executors.default: Running job "main.<locals>.save_bot_state_job (trigger: interval[0:00:15], next run at: 2026-09-17 17:50:23 +07)" (scheduled at 2026-09-17 17:50:08.554314+07:00)
2026-09-17 17:50:08,583 INFO apscheduler.executors.default: Job "main.<locals>.save_bot_state_job (trigger: interval[0:00:15], next run at: 2026-09-17 17:50:23 +07)" executed successfully
2026-09-17 17:50:09,588 INFO httpx: HTTP Request: POST https://api.telegram.org/bot8742189012:AAEXGnFYIvAR33uaXz4-tx-ywZHjdNFhmgY/getUpdates "HTTP/1.1 200 OK"
2026-09-17 17:50:11,024 INFO apscheduler.executors.default: Running job "main.<locals>.run_scan (trigger: cron[second='1,6,11,16,21,26,31,36,41,46,51,56'], next run at: 2026-09-17 17:50:16 +07)" (scheduled at 2026-09-17 17:50:11+07:00)
2026-09-17 17:50:11,024 INFO apscheduler.executors.default: Job "main.<locals>.run_scan (trigger: cron[second='1,6,11,16,21,26,31,36,41,46,51,56'], next run at: 2026-09-17 17:50:16 +07)" executed successfully
2026-09-17 17:50:12,564 INFO apscheduler.executors.default: Running job "main.<locals>.write_heartbeat_job (trigger: interval[0:00:15], next run at: 2026-09-17 17:50:27 +07)" (scheduled at 2026-09-17 17:50:12.556562+07:00)
2026-09-17 17:50:12,566 INFO apscheduler.executors.default: Job "main.<locals>.write_heartbeat_job (trigger: interval[0:00:15], next run at: 2026-09-17 17:50:27 +07)" executed successfully
2026-09-17 17:50:13,560 INFO apscheduler.executors.default: Running job "main.<locals>.run_lts_aus_fast_scan (trigger: interval[0:00:05], next run at: 2026-09-17 17:50:18 +07)" (scheduled at 2026-09-17 17:50:13.553049+07:00)
2026-09-17 17:50:13,560 INFO apscheduler.executors.default: Job "main.<locals>.run_lts_aus_fast_scan (trigger: interval[0:00:05], next run at: 2026-09-17 17:50:18 +07)" executed successfully
2026-09-17 17:50:13,560 INFO apscheduler.executors.default: Running job "main.<locals>.run_trail_sl (trigger: interval[0:00:05], next run at: 2026-09-17 17:50:18 +07)" (scheduled at 2026-09-17 17:50:13.553049+07:00)
2026-09-17 17:50:13,561 INFO apscheduler.executors.default: Job "main.<locals>.run_trail_sl (trigger: interval[0:00:05], next run at: 2026-09-17 17:50:18 +07)" executed successfully
2026-09-17 17:50:13,561 INFO apscheduler.executors.default: Running job "main.<locals>.run_position_check (trigger: interval[0:00:05], next run at: 2026-09-17 17:50:18 +07)" (scheduled at 2026-09-17 17:50:13.554314+07:00)
2026-09-17 17:50:13,569 INFO apscheduler.executors.default: Job "main.<locals>.run_position_check (trigger: interval[0:00:05], next run at: 2026-09-17 17:50:18 +07)" executed successfully
2026-09-17 17:50:16,005 INFO apscheduler.executors.default: Running job "main.<locals>.run_scan (trigger: cron[second='1,6,11,16,21,26,31,36,41,46,51,56'], next run at: 2026-09-17 17:50:21 +07)" (scheduled at 2026-09-17 17:50:16+07:00)
2026-09-17 17:50:16,006 INFO apscheduler.executors.default: Job "main.<locals>.run_scan (trigger: cron[second='1,6,11,16,21,26,31,36,41,46,51,56'], next run at: 2026-09-17 17:50:21 +07)" executed successfully
2026-09-17 17:50:18,557 INFO apscheduler.executors.default: Running job "main.<locals>.run_lts_aus_fast_scan (trigger: interval[0:00:05], next run at: 2026-09-17 17:50:23 +07)" (scheduled at 2026-09-17 17:50:18.553049+07:00)
2026-09-17 17:50:18,557 INFO apscheduler.executors.default: Job "main.<locals>.run_lts_aus_fast_scan (trigger: interval[0:00:05], next run at: 2026-09-17 17:50:23 +07)" executed successfully
2026-09-17 17:50:18,558 INFO apscheduler.executors.default: Running job "main.<locals>.run_trail_sl (trigger: interval[0:00:05], next run at: 2026-09-17 17:50:23 +07)" (scheduled at 2026-09-17 17:50:18.553049+07:00)
2026-09-17 17:50:18,558 INFO apscheduler.executors.default: Job "main.<locals>.run_trail_sl (trigger: interval[0:00:05], next run at: 2026-09-17 17:50:23 +07)" executed successfully
2026-09-17 17:50:18,559 INFO apscheduler.executors.default: Running job "main.<locals>.run_position_check (trigger: interval[0:00:05], next run at: 2026-09-17 17:50:23 +07)" (scheduled at 2026-09-17 17:50:18.554314+07:00)
2026-09-17 17:50:18,566 INFO apscheduler.executors.default: Job "main.<locals>.run_position_check (trigger: interval[0:00:05], next run at: 2026-09-17 17:50:23 +07)" executed successfully
2026-09-17 17:50:19,786 INFO httpx: HTTP Request: POST https://api.telegram.org/bot8742189012:AAEXGnFYIvAR33uaXz4-tx-ywZHjdNFhmgY/getUpdates "HTTP/1.1 200 OK"
2026-09-17 17:50:21,015 INFO apscheduler.executors.default: Running job "main.<locals>.run_scan (trigger: cron[second='1,6,11,16,21,26,31,36,41,46,51,56'], next run at: 2026-09-17 17:50:26 +07)" (scheduled at 2026-09-17 17:50:21+07:00)
2026-09-17 17:50:21,015 INFO apscheduler.executors.default: Job "main.<locals>.run_scan (trigger: cron[second='1,6,11,16,21,26,31,36,41,46,51,56'], next run at: 2026-09-17 17:50:26 +07)" executed successfully
2026-09-17 17:50:23,569 INFO apscheduler.executors.default: Running job "main.<locals>.check_symbol_switch (trigger: interval[0:01:00], next run at: 2026-09-17 17:51:23 +07)" (scheduled at 2026-09-17 17:50:23.550053+07:00)
2026-09-17 17:50:23,580 INFO apscheduler.executors.default: Job "main.<locals>.check_symbol_switch (trigger: interval[0:01:00], next run at: 2026-09-17 17:51:23 +07)" executed successfully
2026-09-17 17:50:23,580 INFO apscheduler.executors.default: Running job "main.<locals>.run_lts_aus_fast_scan (trigger: interval[0:00:05], next run at: 2026-09-17 17:50:28 +07)" (scheduled at 2026-09-17 17:50:23.553049+07:00)
2026-09-17 17:50:23,580 INFO apscheduler.executors.default: Job "main.<locals>.run_lts_aus_fast_scan (trigger: interval[0:00:05], next run at: 2026-09-17 17:50:28 +07)" executed successfully
2026-09-17 17:50:23,581 INFO apscheduler.executors.default: Running job "main.<locals>.run_trail_sl (trigger: interval[0:00:05], next run at: 2026-09-17 17:50:28 +07)" (scheduled at 2026-09-17 17:50:23.553049+07:00)
2026-09-17 17:50:23,581 INFO apscheduler.executors.default: Job "main.<locals>.run_trail_sl (trigger: interval[0:00:05], next run at: 2026-09-17 17:50:28 +07)" executed successfully
2026-09-17 17:50:23,581 INFO apscheduler.executors.default: Running job "main.<locals>.run_position_check (trigger: interval[0:00:05], next run at: 2026-09-17 17:50:28 +07)" (scheduled at 2026-09-17 17:50:23.554314+07:00)
2026-09-17 17:50:23,589 INFO apscheduler.executors.default: Job "main.<locals>.run_position_check (trigger: interval[0:00:05], next run at: 2026-09-17 17:50:28 +07)" executed successfully
2026-09-17 17:50:23,590 INFO apscheduler.executors.default: Running job "main.<locals>.save_bot_state_job (trigger: interval[0:00:15], next run at: 2026-09-17 17:50:38 +07)" (scheduled at 2026-09-17 17:50:23.554314+07:00)
2026-09-17 17:50:23,593 INFO apscheduler.executors.default: Job "main.<locals>.save_bot_state_job (trigger: interval[0:00:15], next run at: 2026-09-17 17:50:38 +07)" executed successfully
2026-09-17 17:50:23,593 INFO apscheduler.executors.default: Running job "main.<locals>.run_watchdog (trigger: interval[0:01:00], next run at: 2026-09-17 17:51:23 +07)" (scheduled at 2026-09-17 17:50:23.556562+07:00)
2026-09-17 17:50:23,600 INFO apscheduler.executors.default: Job "main.<locals>.run_watchdog (trigger: interval[0:01:00], next run at: 2026-09-17 17:51:23 +07)" executed successfully
2026-09-17 17:50:26,016 INFO apscheduler.executors.default: Running job "main.<locals>.run_scan (trigger: cron[second='1,6,11,16,21,26,31,36,41,46,51,56'], next run at: 2026-09-17 17:50:31 +07)" (scheduled at 2026-09-17 17:50:26+07:00)
2026-09-17 17:50:26,018 INFO apscheduler.executors.default: Job "main.<locals>.run_scan (trigger: cron[second='1,6,11,16,21,26,31,36,41,46,51,56'], next run at: 2026-09-17 17:50:31 +07)" executed successfully
2026-09-17 17:50:27,572 INFO apscheduler.executors.default: Running job "main.<locals>.write_heartbeat_job (trigger: interval[0:00:15], next run at: 2026-09-17 17:50:42 +07)" (scheduled at 2026-09-17 17:50:27.556562+07:00)
2026-09-17 17:50:27,575 INFO apscheduler.executors.default: Job "main.<locals>.write_heartbeat_job (trigger: interval[0:00:15], next run at: 2026-09-17 17:50:42 +07)" executed successfully
2026-09-17 17:50:28,569 INFO apscheduler.executors.default: Running job "main.<locals>.run_lts_aus_fast_scan (trigger: interval[0:00:05], next run at: 2026-09-17 17:50:33 +07)" (scheduled at 2026-09-17 17:50:28.553049+07:00)
2026-09-17 17:50:28,569 INFO apscheduler.executors.default: Job "main.<locals>.run_lts_aus_fast_scan (trigger: interval[0:00:05], next run at: 2026-09-17 17:50:33 +07)" executed successfully
2026-09-17 17:50:28,571 INFO apscheduler.executors.default: Running job "main.<locals>.run_trail_sl (trigger: interval[0:00:05], next run at: 2026-09-17 17:50:33 +07)" (scheduled at 2026-09-17 17:50:28.553049+07:00)
2026-09-17 17:50:28,571 INFO apscheduler.executors.default: Job "main.<locals>.run_trail_sl (trigger: interval[0:00:05], next run at: 2026-09-17 17:50:33 +07)" executed successfully
2026-09-17 17:50:28,571 INFO apscheduler.executors.default: Running job "main.<locals>.run_position_check (trigger: interval[0:00:05], next run at: 2026-09-17 17:50:33 +07)" (scheduled at 2026-09-17 17:50:28.554314+07:00)
2026-09-17 17:50:28,577 INFO apscheduler.executors.default: Job "main.<locals>.run_position_check (trigger: interval[0:00:05], next run at: 2026-09-17 17:50:33 +07)" executed successfully
2026-09-17 17:50:29,985 INFO httpx: HTTP Request: POST https://api.telegram.org/bot8742189012:AAEXGnFYIvAR33uaXz4-tx-ywZHjdNFhmgY/getUpdates "HTTP/1.1 200 OK"
2026-09-17 17:50:31,014 INFO apscheduler.executors.default: Running job "main.<locals>.run_scan (trigger: cron[second='1,6,11,16,21,26,31,36,41,46,51,56'], next run at: 2026-09-17 17:50:36 +07)" (scheduled at 2026-09-17 17:50:31+07:00)
2026-09-17 17:50:31,014 INFO apscheduler.executors.default: Job "main.<locals>.run_scan (trigger: cron[second='1,6,11,16,21,26,31,36,41,46,51,56'], next run at: 2026-09-17 17:50:36 +07)" executed successfully
2026-09-17 17:50:33,566 INFO apscheduler.executors.default: Running job "main.<locals>.run_lts_aus_fast_scan (trigger: interval[0:00:05], next run at: 2026-09-17 17:50:38 +07)" (scheduled at 2026-09-17 17:50:33.553049+07:00)
2026-09-17 17:50:33,567 INFO apscheduler.executors.default: Job "main.<locals>.run_lts_aus_fast_scan (trigger: interval[0:00:05], next run at: 2026-09-17 17:50:38 +07)" executed successfully
2026-09-17 17:50:33,567 INFO apscheduler.executors.default: Running job "main.<locals>.run_trail_sl (trigger: interval[0:00:05], next run at: 2026-09-17 17:50:38 +07)" (scheduled at 2026-09-17 17:50:33.553049+07:00)
2026-09-17 17:50:33,568 INFO apscheduler.executors.default: Job "main.<locals>.run_trail_sl (trigger: interval[0:00:05], next run at: 2026-09-17 17:50:38 +07)" executed successfully
2026-09-17 17:50:33,568 INFO apscheduler.executors.default: Running job "main.<locals>.run_position_check (trigger: interval[0:00:05], next run at: 2026-09-17 17:50:38 +07)" (scheduled at 2026-09-17 17:50:33.554314+07:00)
2026-09-17 17:50:33,575 INFO apscheduler.executors.default: Job "main.<locals>.run_position_check (trigger: interval[0:00:05], next run at: 2026-09-17 17:50:38 +07)" executed successfully
2026-09-17 17:50:36,022 INFO apscheduler.executors.default: Running job "main.<locals>.run_scan (trigger: cron[second='1,6,11,16,21,26,31,36,41,46,51,56'], next run at: 2026-09-17 17:50:41 +07)" (scheduled at 2026-09-17 17:50:36+07:00)
2026-09-17 17:50:36,022 INFO apscheduler.executors.default: Job "main.<locals>.run_scan (trigger: cron[second='1,6,11,16,21,26,31,36,41,46,51,56'], next run at: 2026-09-17 17:50:41 +07)" executed successfully
2026-09-17 17:50:38,562 INFO apscheduler.executors.default: Running job "main.<locals>.run_lts_aus_fast_scan (trigger: interval[0:00:05], next run at: 2026-09-17 17:50:43 +07)" (scheduled at 2026-09-17 17:50:38.553049+07:00)
2026-09-17 17:50:38,563 INFO apscheduler.executors.default: Job "main.<locals>.run_lts_aus_fast_scan (trigger: interval[0:00:05], next run at: 2026-09-17 17:50:43 +07)" executed successfully
2026-09-17 17:50:38,563 INFO apscheduler.executors.default: Running job "main.<locals>.run_trail_sl (trigger: interval[0:00:05], next run at: 2026-09-17 17:50:43 +07)" (scheduled at 2026-09-17 17:50:38.553049+07:00)
2026-09-17 17:50:38,564 INFO apscheduler.executors.default: Job "main.<locals>.run_trail_sl (trigger: interval[0:00:05], next run at: 2026-09-17 17:50:43 +07)" executed successfully
2026-09-17 17:50:38,564 INFO apscheduler.executors.default: Running job "main.<locals>.run_position_check (trigger: interval[0:00:05], next run at: 2026-09-17 17:50:43 +07)" (scheduled at 2026-09-17 17:50:38.554314+07:00)
2026-09-17 17:50:38,572 INFO apscheduler.executors.default: Job "main.<locals>.run_position_check (trigger: interval[0:00:05], next run at: 2026-09-17 17:50:43 +07)" executed successfully
2026-09-17 17:50:38,572 INFO apscheduler.executors.default: Running job "main.<locals>.save_bot_state_job (trigger: interval[0:00:15], next run at: 2026-09-17 17:50:53 +07)" (scheduled at 2026-09-17 17:50:38.554314+07:00)
2026-09-17 17:50:38,576 INFO apscheduler.executors.default: Job "main.<locals>.save_bot_state_job (trigger: interval[0:00:15], next run at: 2026-09-17 17:50:53 +07)" executed successfully
2026-09-17 17:50:40,180 INFO httpx: HTTP Request: POST https://api.telegram.org/bot8742189012:AAEXGnFYIvAR33uaXz4-tx-ywZHjdNFhmgY/getUpdates "HTTP/1.1 200 OK"
2026-09-17 17:50:41,012 INFO apscheduler.executors.default: Running job "main.<locals>.run_scan (trigger: cron[second='1,6,11,16,21,26,31,36,41,46,51,56'], next run at: 2026-09-17 17:50:46 +07)" (scheduled at 2026-09-17 17:50:41+07:00)
2026-09-17 17:50:41,014 INFO apscheduler.executors.default: Job "main.<locals>.run_scan (trigger: cron[second='1,6,11,16,21,26,31,36,41,46,51,56'], next run at: 2026-09-17 17:50:46 +07)" executed successfully
2026-09-17 17:50:42,566 INFO apscheduler.executors.default: Running job "main.<locals>.write_heartbeat_job (trigger: interval[0:00:15], next run at: 2026-09-17 17:50:57 +07)" (scheduled at 2026-09-17 17:50:42.556562+07:00)
2026-09-17 17:50:42,570 INFO apscheduler.executors.default: Job "main.<locals>.write_heartbeat_job (trigger: interval[0:00:15], next run at: 2026-09-17 17:50:57 +07)" executed successfully
2026-09-17 17:50:43,560 INFO apscheduler.executors.default: Running job "main.<locals>.run_lts_aus_fast_scan (trigger: interval[0:00:05], next run at: 2026-09-17 17:50:48 +07)" (scheduled at 2026-09-17 17:50:43.553049+07:00)
2026-09-17 17:50:43,561 INFO apscheduler.executors.default: Job "main.<locals>.run_lts_aus_fast_scan (trigger: interval[0:00:05], next run at: 2026-09-17 17:50:48 +07)" executed successfully
2026-09-17 17:50:43,561 INFO apscheduler.executors.default: Running job "main.<locals>.run_trail_sl (trigger: interval[0:00:05], next run at: 2026-09-17 17:50:48 +07)" (scheduled at 2026-09-17 17:50:43.553049+07:00)
2026-09-17 17:50:43,562 INFO apscheduler.executors.default: Job "main.<locals>.run_trail_sl (trigger: interval[0:00:05], next run at: 2026-09-17 17:50:48 +07)" executed successfully
2026-09-17 17:50:43,562 INFO apscheduler.executors.default: Running job "main.<locals>.run_position_check (trigger: interval[0:00:05], next run at: 2026-09-17 17:50:48 +07)" (scheduled at 2026-09-17 17:50:43.554314+07:00)
2026-09-17 17:50:43,569 INFO apscheduler.executors.default: Job "main.<locals>.run_position_check (trigger: interval[0:00:05], next run at: 2026-09-17 17:50:48 +07)" executed successfully
2026-09-17 17:50:46,002 INFO apscheduler.executors.default: Running job "main.<locals>.run_scan (trigger: cron[second='1,6,11,16,21,26,31,36,41,46,51,56'], next run at: 2026-09-17 17:50:51 +07)" (scheduled at 2026-09-17 17:50:46+07:00)
2026-09-17 17:50:46,004 INFO apscheduler.executors.default: Job "main.<locals>.run_scan (trigger: cron[second='1,6,11,16,21,26,31,36,41,46,51,56'], next run at: 2026-09-17 17:50:51 +07)" executed successfully
2026-09-17 17:50:48,559 INFO apscheduler.executors.default: Running job "main.<locals>.run_lts_aus_fast_scan (trigger: interval[0:00:05], next run at: 2026-09-17 17:50:53 +07)" (scheduled at 2026-09-17 17:50:48.553049+07:00)
2026-09-17 17:50:48,559 INFO apscheduler.executors.default: Job "main.<locals>.run_lts_aus_fast_scan (trigger: interval[0:00:05], next run at: 2026-09-17 17:50:53 +07)" executed successfully
2026-09-17 17:50:48,559 INFO apscheduler.executors.default: Running job "main.<locals>.run_trail_sl (trigger: interval[0:00:05], next run at: 2026-09-17 17:50:53 +07)" (scheduled at 2026-09-17 17:50:48.553049+07:00)
2026-09-17 17:50:48,559 INFO apscheduler.executors.default: Job "main.<locals>.run_trail_sl (trigger: interval[0:00:05], next run at: 2026-09-17 17:50:53 +07)" executed successfully
2026-09-17 17:50:48,559 INFO apscheduler.executors.default: Running job "main.<locals>.run_position_check (trigger: interval[0:00:05], next run at: 2026-09-17 17:50:53 +07)" (scheduled at 2026-09-17 17:50:48.554314+07:00)
2026-09-17 17:50:48,566 INFO apscheduler.executors.default: Job "main.<locals>.run_position_check (trigger: interval[0:00:05], next run at: 2026-09-17 17:50:53 +07)" executed successfully
2026-09-17 17:50:50,377 INFO httpx: HTTP Request: POST https://api.telegram.org/bot8742189012:AAEXGnFYIvAR33uaXz4-tx-ywZHjdNFhmgY/getUpdates "HTTP/1.1 200 OK"
2026-09-17 17:50:51,010 INFO apscheduler.executors.default: Running job "main.<locals>.run_scan (trigger: cron[second='1,6,11,16,21,26,31,36,41,46,51,56'], next run at: 2026-09-17 17:50:56 +07)" (scheduled at 2026-09-17 17:50:51+07:00)
2026-09-17 17:50:51,011 INFO apscheduler.executors.default: Job "main.<locals>.run_scan (trigger: cron[second='1,6,11,16,21,26,31,36,41,46,51,56'], next run at: 2026-09-17 17:50:56 +07)" executed successfully
2026-09-17 17:50:53,564 INFO apscheduler.executors.default: Running job "main.<locals>.run_lts_aus_fast_scan (trigger: interval[0:00:05], next run at: 2026-09-17 17:50:58 +07)" (scheduled at 2026-09-17 17:50:53.553049+07:00)
2026-09-17 17:50:53,566 INFO apscheduler.executors.default: Job "main.<locals>.run_lts_aus_fast_scan (trigger: interval[0:00:05], next run at: 2026-09-17 17:50:58 +07)" executed successfully
2026-09-17 17:50:53,567 INFO apscheduler.executors.default: Running job "main.<locals>.run_trail_sl (trigger: interval[0:00:05], next run at: 2026-09-17 17:50:58 +07)" (scheduled at 2026-09-17 17:50:53.553049+07:00)
2026-09-17 17:50:53,567 INFO apscheduler.executors.default: Job "main.<locals>.run_trail_sl (trigger: interval[0:00:05], next run at: 2026-09-17 17:50:58 +07)" executed successfully
2026-09-17 17:50:53,568 INFO apscheduler.executors.default: Running job "main.<locals>.run_position_check (trigger: interval[0:00:05], next run at: 2026-09-17 17:50:58 +07)" (scheduled at 2026-09-17 17:50:53.554314+07:00)
2026-09-17 17:50:53,577 INFO apscheduler.executors.default: Job "main.<locals>.run_position_check (trigger: interval[0:00:05], next run at: 2026-09-17 17:50:58 +07)" executed successfully
2026-09-17 17:50:53,578 INFO apscheduler.executors.default: Running job "main.<locals>.save_bot_state_job (trigger: interval[0:00:15], next run at: 2026-09-17 17:51:08 +07)" (scheduled at 2026-09-17 17:50:53.554314+07:00)
2026-09-17 17:50:53,582 INFO apscheduler.executors.default: Job "main.<locals>.save_bot_state_job (trigger: interval[0:00:15], next run at: 2026-09-17 17:51:08 +07)" executed successfully
2026-09-17 17:50:56,009 INFO apscheduler.executors.default: Running job "main.<locals>.run_scan (trigger: cron[second='1,6,11,16,21,26,31,36,41,46,51,56'], next run at: 2026-09-17 17:51:01 +07)" (scheduled at 2026-09-17 17:50:56+07:00)
2026-09-17 17:50:56,009 INFO apscheduler.executors.default: Job "main.<locals>.run_scan (trigger: cron[second='1,6,11,16,21,26,31,36,41,46,51,56'], next run at: 2026-09-17 17:51:01 +07)" executed successfully
2026-09-17 17:50:57,564 INFO apscheduler.executors.default: Running job "main.<locals>.write_heartbeat_job (trigger: interval[0:00:15], next run at: 2026-09-17 17:51:12 +07)" (scheduled at 2026-09-17 17:50:57.556562+07:00)
2026-09-17 17:50:57,566 INFO apscheduler.executors.default: Job "main.<locals>.write_heartbeat_job (trigger: interval[0:00:15], next run at: 2026-09-17 17:51:12 +07)" executed successfully
2026-09-17 17:50:58,562 INFO apscheduler.executors.default: Running job "main.<locals>.run_lts_aus_fast_scan (trigger: interval[0:00:05], next run at: 2026-09-17 17:51:03 +07)" (scheduled at 2026-09-17 17:50:58.553049+07:00)
2026-09-17 17:50:58,562 INFO apscheduler.executors.default: Job "main.<locals>.run_lts_aus_fast_scan (trigger: interval[0:00:05], next run at: 2026-09-17 17:51:03 +07)" executed successfully
2026-09-17 17:50:58,563 INFO apscheduler.executors.default: Running job "main.<locals>.run_trail_sl (trigger: interval[0:00:05], next run at: 2026-09-17 17:51:03 +07)" (scheduled at 2026-09-17 17:50:58.553049+07:00)
2026-09-17 17:50:58,564 INFO apscheduler.executors.default: Job "main.<locals>.run_trail_sl (trigger: interval[0:00:05], next run at: 2026-09-17 17:51:03 +07)" executed successfully
2026-09-17 17:50:58,564 INFO apscheduler.executors.default: Running job "main.<locals>.run_position_check (trigger: interval[0:00:05], next run at: 2026-09-17 17:51:03 +07)" (scheduled at 2026-09-17 17:50:58.554314+07:00)
2026-09-17 17:50:58,571 INFO apscheduler.executors.default: Job "main.<locals>.run_position_check (trigger: interval[0:00:05], next run at: 2026-09-17 17:51:03 +07)" executed successfully
2026-09-17 17:51:00,573 INFO httpx: HTTP Request: POST https://api.telegram.org/bot8742189012:AAEXGnFYIvAR33uaXz4-tx-ywZHjdNFhmgY/getUpdates "HTTP/1.1 200 OK"
2026-09-17 17:51:01,017 INFO apscheduler.executors.default: Running job "main.<locals>.run_scan (trigger: cron[second='1,6,11,16,21,26,31,36,41,46,51,56'], next run at: 2026-09-17 17:51:06 +07)" (scheduled at 2026-09-17 17:51:01+07:00)
2026-09-17 17:51:01,018 INFO apscheduler.executors.default: Job "main.<locals>.run_scan (trigger: cron[second='1,6,11,16,21,26,31,36,41,46,51,56'], next run at: 2026-09-17 17:51:06 +07)" executed successfully
2026-09-17 17:51:03,558 INFO apscheduler.executors.default: Running job "main.<locals>.run_lts_aus_fast_scan (trigger: interval[0:00:05], next run at: 2026-09-17 17:51:08 +07)" (scheduled at 2026-09-17 17:51:03.553049+07:00)
2026-09-17 17:51:03,559 INFO apscheduler.executors.default: Job "main.<locals>.run_lts_aus_fast_scan (trigger: interval[0:00:05], next run at: 2026-09-17 17:51:08 +07)" executed successfully
2026-09-17 17:51:03,559 INFO apscheduler.executors.default: Running job "main.<locals>.run_trail_sl (trigger: interval[0:00:05], next run at: 2026-09-17 17:51:08 +07)" (scheduled at 2026-09-17 17:51:03.553049+07:00)
2026-09-17 17:51:03,560 INFO apscheduler.executors.default: Job "main.<locals>.run_trail_sl (trigger: interval[0:00:05], next run at: 2026-09-17 17:51:08 +07)" executed successfully
2026-09-17 17:51:03,560 INFO apscheduler.executors.default: Running job "main.<locals>.run_position_check (trigger: interval[0:00:05], next run at: 2026-09-17 17:51:08 +07)" (scheduled at 2026-09-17 17:51:03.554314+07:00)
2026-09-17 17:51:03,570 INFO apscheduler.executors.default: Job "main.<locals>.run_position_check (trigger: interval[0:00:05], next run at: 2026-09-17 17:51:08 +07)" executed successfully
2026-09-17 17:51:06,011 INFO apscheduler.executors.default: Running job "main.<locals>.run_scan (trigger: cron[second='1,6,11,16,21,26,31,36,41,46,51,56'], next run at: 2026-09-17 17:51:11 +07)" (scheduled at 2026-09-17 17:51:06+07:00)
2026-09-17 17:51:06,011 INFO apscheduler.executors.default: Job "main.<locals>.run_scan (trigger: cron[second='1,6,11,16,21,26,31,36,41,46,51,56'], next run at: 2026-09-17 17:51:11 +07)" executed successfully
2026-09-17 17:51:08,571 INFO apscheduler.executors.default: Running job "main.<locals>.run_lts_aus_fast_scan (trigger: interval[0:00:05], next run at: 2026-09-17 17:51:13 +07)" (scheduled at 2026-09-17 17:51:08.553049+07:00)
2026-09-17 17:51:08,574 INFO apscheduler.executors.default: Job "main.<locals>.run_lts_aus_fast_scan (trigger: interval[0:00:05], next run at: 2026-09-17 17:51:13 +07)" executed successfully
2026-09-17 17:51:08,574 INFO apscheduler.executors.default: Running job "main.<locals>.run_trail_sl (trigger: interval[0:00:05], next run at: 2026-09-17 17:51:13 +07)" (scheduled at 2026-09-17 17:51:08.553049+07:00)
2026-09-17 17:51:08,574 INFO apscheduler.executors.default: Job "main.<locals>.run_trail_sl (trigger: interval[0:00:05], next run at: 2026-09-17 17:51:13 +07)" executed successfully
2026-09-17 17:51:08,576 INFO apscheduler.executors.default: Running job "main.<locals>.run_position_check (trigger: interval[0:00:05], next run at: 2026-09-17 17:51:13 +07)" (scheduled at 2026-09-17 17:51:08.554314+07:00)
2026-09-17 17:51:08,582 INFO apscheduler.executors.default: Job "main.<locals>.run_position_check (trigger: interval[0:00:05], next run at: 2026-09-17 17:51:13 +07)" executed successfully
2026-09-17 17:51:08,582 INFO apscheduler.executors.default: Running job "main.<locals>.save_bot_state_job (trigger: interval[0:00:15], next run at: 2026-09-17 17:51:23 +07)" (scheduled at 2026-09-17 17:51:08.554314+07:00)
2026-09-17 17:51:08,585 INFO apscheduler.executors.default: Job "main.<locals>.save_bot_state_job (trigger: interval[0:00:15], next run at: 2026-09-17 17:51:23 +07)" executed successfully
2026-09-17 17:51:10,776 INFO httpx: HTTP Request: POST https://api.telegram.org/bot8742189012:AAEXGnFYIvAR33uaXz4-tx-ywZHjdNFhmgY/getUpdates "HTTP/1.1 200 OK"
2026-09-17 17:51:11,009 INFO apscheduler.executors.default: Running job "main.<locals>.run_scan (trigger: cron[second='1,6,11,16,21,26,31,36,41,46,51,56'], next run at: 2026-09-17 17:51:16 +07)" (scheduled at 2026-09-17 17:51:11+07:00)
2026-09-17 17:51:11,009 INFO apscheduler.executors.default: Job "main.<locals>.run_scan (trigger: cron[second='1,6,11,16,21,26,31,36,41,46,51,56'], next run at: 2026-09-17 17:51:16 +07)" executed successfully
2026-09-17 17:51:12,562 INFO apscheduler.executors.default: Running job "main.<locals>.write_heartbeat_job (trigger: interval[0:00:15], next run at: 2026-09-17 17:51:27 +07)" (scheduled at 2026-09-17 17:51:12.556562+07:00)
2026-09-17 17:51:12,566 INFO apscheduler.executors.default: Job "main.<locals>.write_heartbeat_job (trigger: interval[0:00:15], next run at: 2026-09-17 17:51:27 +07)" executed successfully
2026-09-17 17:51:13,558 INFO apscheduler.executors.default: Running job "main.<locals>.run_lts_aus_fast_scan (trigger: interval[0:00:05], next run at: 2026-09-17 17:51:18 +07)" (scheduled at 2026-09-17 17:51:13.553049+07:00)
2026-09-17 17:51:13,559 INFO apscheduler.executors.default: Job "main.<locals>.run_lts_aus_fast_scan (trigger: interval[0:00:05], next run at: 2026-09-17 17:51:18 +07)" executed successfully
2026-09-17 17:51:13,559 INFO apscheduler.executors.default: Running job "main.<locals>.run_trail_sl (trigger: interval[0:00:05], next run at: 2026-09-17 17:51:18 +07)" (scheduled at 2026-09-17 17:51:13.553049+07:00)
2026-09-17 17:51:13,559 INFO apscheduler.executors.default: Job "main.<locals>.run_trail_sl (trigger: interval[0:00:05], next run at: 2026-09-17 17:51:18 +07)" executed successfully
2026-09-17 17:51:13,560 INFO apscheduler.executors.default: Running job "main.<locals>.run_position_check (trigger: interval[0:00:05], next run at: 2026-09-17 17:51:18 +07)" (scheduled at 2026-09-17 17:51:13.554314+07:00)
2026-09-17 17:51:13,569 INFO apscheduler.executors.default: Job "main.<locals>.run_position_check (trigger: interval[0:00:05], next run at: 2026-09-17 17:51:18 +07)" executed successfully
2026-09-17 17:51:16,006 INFO apscheduler.executors.default: Running job "main.<locals>.run_scan (trigger: cron[second='1,6,11,16,21,26,31,36,41,46,51,56'], next run at: 2026-09-17 17:51:21 +07)" (scheduled at 2026-09-17 17:51:16+07:00)
2026-09-17 17:51:16,006 INFO apscheduler.executors.default: Job "main.<locals>.run_scan (trigger: cron[second='1,6,11,16,21,26,31,36,41,46,51,56'], next run at: 2026-09-17 17:51:21 +07)" executed successfully
2026-09-17 17:51:18,562 INFO apscheduler.executors.default: Running job "main.<locals>.run_lts_aus_fast_scan (trigger: interval[0:00:05], next run at: 2026-09-17 17:51:23 +07)" (scheduled at 2026-09-17 17:51:18.553049+07:00)
2026-09-17 17:51:18,562 INFO apscheduler.executors.default: Job "main.<locals>.run_lts_aus_fast_scan (trigger: interval[0:00:05], next run at: 2026-09-17 17:51:23 +07)" executed successfully
2026-09-17 17:51:18,562 INFO apscheduler.executors.default: Running job "main.<locals>.run_trail_sl (trigger: interval[0:00:05], next run at: 2026-09-17 17:51:23 +07)" (scheduled at 2026-09-17 17:51:18.553049+07:00)
2026-09-17 17:51:18,563 INFO apscheduler.executors.default: Job "main.<locals>.run_trail_sl (trigger: interval[0:00:05], next run at: 2026-09-17 17:51:23 +07)" executed successfully
2026-09-17 17:51:18,563 INFO apscheduler.executors.default: Running job "main.<locals>.run_position_check (trigger: interval[0:00:05], next run at: 2026-09-17 17:51:23 +07)" (scheduled at 2026-09-17 17:51:18.554314+07:00)
2026-09-17 17:51:18,572 INFO apscheduler.executors.default: Job "main.<locals>.run_position_check (trigger: interval[0:00:05], next run at: 2026-09-17 17:51:23 +07)" executed successfully
2026-09-17 17:51:20,982 INFO httpx: HTTP Request: POST https://api.telegram.org/bot8742189012:AAEXGnFYIvAR33uaXz4-tx-ywZHjdNFhmgY/getUpdates "HTTP/1.1 200 OK"
2026-09-17 17:51:21,014 INFO apscheduler.executors.default: Running job "main.<locals>.run_scan (trigger: cron[second='1,6,11,16,21,26,31,36,41,46,51,56'], next run at: 2026-09-17 17:51:26 +07)" (scheduled at 2026-09-17 17:51:21+07:00)
2026-09-17 17:51:21,016 INFO apscheduler.executors.default: Job "main.<locals>.run_scan (trigger: cron[second='1,6,11,16,21,26,31,36,41,46,51,56'], next run at: 2026-09-17 17:51:26 +07)" executed successfully
2026-09-17 17:51:23,558 INFO apscheduler.executors.default: Running job "main.<locals>.check_symbol_switch (trigger: interval[0:01:00], next run at: 2026-09-17 17:52:23 +07)" (scheduled at 2026-09-17 17:51:23.550053+07:00)
2026-09-17 17:51:23,566 INFO apscheduler.executors.default: Job "main.<locals>.check_symbol_switch (trigger: interval[0:01:00], next run at: 2026-09-17 17:52:23 +07)" executed successfully
2026-09-17 17:51:23,568 INFO apscheduler.executors.default: Running job "main.<locals>.run_demo_portfolio_scan (trigger: interval[0:05:00], next run at: 2026-09-17 17:56:23 +07)" (scheduled at 2026-09-17 17:51:23.552051+07:00)
2026-09-17 17:51:23,596 INFO apscheduler.executors.default: Running job "main.<locals>.run_lts_aus_fast_scan (trigger: interval[0:00:05], next run at: 2026-09-17 17:51:28 +07)" (scheduled at 2026-09-17 17:51:23.553049+07:00)
2026-09-17 17:51:23,596 INFO apscheduler.executors.default: Job "main.<locals>.run_lts_aus_fast_scan (trigger: interval[0:00:05], next run at: 2026-09-17 17:51:28 +07)" executed successfully
2026-09-17 17:51:23,598 INFO apscheduler.executors.default: Running job "main.<locals>.run_trail_sl (trigger: interval[0:00:05], next run at: 2026-09-17 17:51:28 +07)" (scheduled at 2026-09-17 17:51:23.553049+07:00)
2026-09-17 17:51:23,598 INFO apscheduler.executors.default: Job "main.<locals>.run_trail_sl (trigger: interval[0:00:05], next run at: 2026-09-17 17:51:28 +07)" executed successfully
2026-09-17 17:51:23,599 INFO apscheduler.executors.default: Running job "main.<locals>.run_position_check (trigger: interval[0:00:05], next run at: 2026-09-17 17:51:28 +07)" (scheduled at 2026-09-17 17:51:23.554314+07:00)
2026-09-17 17:51:23,606 INFO apscheduler.executors.default: Job "main.<locals>.run_position_check (trigger: interval[0:00:05], next run at: 2026-09-17 17:51:28 +07)" executed successfully
2026-09-17 17:51:23,606 INFO apscheduler.executors.default: Running job "main.<locals>.save_bot_state_job (trigger: interval[0:00:15], next run at: 2026-09-17 17:51:38 +07)" (scheduled at 2026-09-17 17:51:23.554314+07:00)
2026-09-17 17:51:23,610 INFO apscheduler.executors.default: Job "main.<locals>.save_bot_state_job (trigger: interval[0:00:15], next run at: 2026-09-17 17:51:38 +07)" executed successfully
2026-09-17 17:51:23,610 INFO apscheduler.executors.default: Running job "main.<locals>.run_watchdog (trigger: interval[0:01:00], next run at: 2026-09-17 17:52:23 +07)" (scheduled at 2026-09-17 17:51:23.556562+07:00)
2026-09-17 17:51:23,615 INFO apscheduler.executors.default: Job "main.<locals>.run_watchdog (trigger: interval[0:01:00], next run at: 2026-09-17 17:52:23 +07)" executed successfully
2026-09-17 17:51:23,770 INFO apscheduler.executors.default: Job "main.<locals>.run_demo_portfolio_scan (trigger: interval[0:05:00], next run at: 2026-09-17 17:56:23 +07)" executed successfully
2026-09-17 17:51:26,004 INFO apscheduler.executors.default: Running job "main.<locals>.run_scan (trigger: cron[second='1,6,11,16,21,26,31,36,41,46,51,56'], next run at: 2026-09-17 17:51:31 +07)" (scheduled at 2026-09-17 17:51:26+07:00)
2026-09-17 17:51:26,004 INFO apscheduler.executors.default: Job "main.<locals>.run_scan (trigger: cron[second='1,6,11,16,21,26,31,36,41,46,51,56'], next run at: 2026-09-17 17:51:31 +07)" executed successfully
2026-09-17 17:51:27,567 INFO apscheduler.executors.default: Running job "main.<locals>.write_heartbeat_job (trigger: interval[0:00:15], next run at: 2026-09-17 17:51:42 +07)" (scheduled at 2026-09-17 17:51:27.556562+07:00)
2026-09-17 17:51:27,571 INFO apscheduler.executors.default: Job "main.<locals>.write_heartbeat_job (trigger: interval[0:00:15], next run at: 2026-09-17 17:51:42 +07)" executed successfully
2026-09-17 17:51:28,563 INFO apscheduler.executors.default: Running job "main.<locals>.run_lts_aus_fast_scan (trigger: interval[0:00:05], next run at: 2026-09-17 17:51:33 +07)" (scheduled at 2026-09-17 17:51:28.553049+07:00)
2026-09-17 17:51:28,564 INFO apscheduler.executors.default: Job "main.<locals>.run_lts_aus_fast_scan (trigger: interval[0:00:05], next run at: 2026-09-17 17:51:33 +07)" executed successfully
2026-09-17 17:51:28,565 INFO apscheduler.executors.default: Running job "main.<locals>.run_trail_sl (trigger: interval[0:00:05], next run at: 2026-09-17 17:51:33 +07)" (scheduled at 2026-09-17 17:51:28.553049+07:00)
2026-09-17 17:51:28,565 INFO apscheduler.executors.default: Job "main.<locals>.run_trail_sl (trigger: interval[0:00:05], next run at: 2026-09-17 17:51:33 +07)" executed successfully
2026-09-17 17:51:28,566 INFO apscheduler.executors.default: Running job "main.<locals>.run_position_check (trigger: interval[0:00:05], next run at: 2026-09-17 17:51:33 +07)" (scheduled at 2026-09-17 17:51:28.554314+07:00)
2026-09-17 17:51:28,572 INFO apscheduler.executors.default: Job "main.<locals>.run_position_check (trigger: interval[0:00:05], next run at: 2026-09-17 17:51:33 +07)" executed successfully
2026-09-17 17:51:31,006 INFO apscheduler.executors.default: Running job "main.<locals>.run_scan (trigger: cron[second='1,6,11,16,21,26,31,36,41,46,51,56'], next run at: 2026-09-17 17:51:36 +07)" (scheduled at 2026-09-17 17:51:31+07:00)
2026-09-17 17:51:31,008 INFO apscheduler.executors.default: Job "main.<locals>.run_scan (trigger: cron[second='1,6,11,16,21,26,31,36,41,46,51,56'], next run at: 2026-09-17 17:51:36 +07)" executed successfully
2026-09-17 17:51:31,180 INFO httpx: HTTP Request: POST https://api.telegram.org/bot8742189012:AAEXGnFYIvAR33uaXz4-tx-ywZHjdNFhmgY/getUpdates "HTTP/1.1 200 OK"
2026-09-17 17:51:33,574 INFO apscheduler.executors.default: Running job "main.<locals>.run_lts_aus_fast_scan (trigger: interval[0:00:05], next run at: 2026-09-17 17:51:38 +07)" (scheduled at 2026-09-17 17:51:33.553049+07:00)
2026-09-17 17:51:33,574 INFO apscheduler.executors.default: Job "main.<locals>.run_lts_aus_fast_scan (trigger: interval[0:00:05], next run at: 2026-09-17 17:51:38 +07)" executed successfully
2026-09-17 17:51:33,575 INFO apscheduler.executors.default: Running job "main.<locals>.run_trail_sl (trigger: interval[0:00:05], next run at: 2026-09-17 17:51:38 +07)" (scheduled at 2026-09-17 17:51:33.553049+07:00)
2026-09-17 17:51:33,575 INFO apscheduler.executors.default: Job "main.<locals>.run_trail_sl (trigger: interval[0:00:05], next run at: 2026-09-17 17:51:38 +07)" executed successfully
2026-09-17 17:51:33,575 INFO apscheduler.executors.default: Running job "main.<locals>.run_position_check (trigger: interval[0:00:05], next run at: 2026-09-17 17:51:38 +07)" (scheduled at 2026-09-17 17:51:33.554314+07:00)
2026-09-17 17:51:33,585 INFO apscheduler.executors.default: Job "main.<locals>.run_position_check (trigger: interval[0:00:05], next run at: 2026-09-17 17:51:38 +07)" executed successfully
2026-09-17 17:51:36,001 INFO apscheduler.executors.default: Running job "main.<locals>.run_scan (trigger: cron[second='1,6,11,16,21,26,31,36,41,46,51,56'], next run at: 2026-09-17 17:51:41 +07)" (scheduled at 2026-09-17 17:51:36+07:00)
2026-09-17 17:51:36,002 INFO apscheduler.executors.default: Job "main.<locals>.run_scan (trigger: cron[second='1,6,11,16,21,26,31,36,41,46,51,56'], next run at: 2026-09-17 17:51:41 +07)" executed successfully
2026-09-17 17:51:38,556 INFO apscheduler.executors.default: Running job "main.<locals>.run_lts_aus_fast_scan (trigger: interval[0:00:05], next run at: 2026-09-17 17:51:43 +07)" (scheduled at 2026-09-17 17:51:38.553049+07:00)
2026-09-17 17:51:38,556 INFO apscheduler.executors.default: Job "main.<locals>.run_lts_aus_fast_scan (trigger: interval[0:00:05], next run at: 2026-09-17 17:51:43 +07)" executed successfully
2026-09-17 17:51:38,558 INFO apscheduler.executors.default: Running job "main.<locals>.run_trail_sl (trigger: interval[0:00:05], next run at: 2026-09-17 17:51:43 +07)" (scheduled at 2026-09-17 17:51:38.553049+07:00)
2026-09-17 17:51:38,558 INFO apscheduler.executors.default: Job "main.<locals>.run_trail_sl (trigger: interval[0:00:05], next run at: 2026-09-17 17:51:43 +07)" executed successfully
2026-09-17 17:51:38,558 INFO apscheduler.executors.default: Running job "main.<locals>.run_position_check (trigger: interval[0:00:05], next run at: 2026-09-17 17:51:43 +07)" (scheduled at 2026-09-17 17:51:38.554314+07:00)
2026-09-17 17:51:38,566 INFO apscheduler.executors.default: Job "main.<locals>.run_position_check (trigger: interval[0:00:05], next run at: 2026-09-17 17:51:43 +07)" executed successfully
2026-09-17 17:51:38,568 INFO apscheduler.executors.default: Running job "main.<locals>.save_bot_state_job (trigger: interval[0:00:15], next run at: 2026-09-17 17:51:53 +07)" (scheduled at 2026-09-17 17:51:38.554314+07:00)
2026-09-17 17:51:38,571 INFO apscheduler.executors.default: Job "main.<locals>.save_bot_state_job (trigger: interval[0:00:15], next run at: 2026-09-17 17:51:53 +07)" executed successfully
2026-09-17 17:51:41,014 INFO apscheduler.executors.default: Running job "main.<locals>.run_scan (trigger: cron[second='1,6,11,16,21,26,31,36,41,46,51,56'], next run at: 2026-09-17 17:51:46 +07)" (scheduled at 2026-09-17 17:51:41+07:00)
2026-09-17 17:51:41,015 INFO apscheduler.executors.default: Job "main.<locals>.run_scan (trigger: cron[second='1,6,11,16,21,26,31,36,41,46,51,56'], next run at: 2026-09-17 17:51:46 +07)" executed successfully
2026-09-17 17:51:41,377 INFO httpx: HTTP Request: POST https://api.telegram.org/bot8742189012:AAEXGnFYIvAR33uaXz4-tx-ywZHjdNFhmgY/getUpdates "HTTP/1.1 200 OK"
2026-09-17 17:51:42,570 INFO apscheduler.executors.default: Running job "main.<locals>.write_heartbeat_job (trigger: interval[0:00:15], next run at: 2026-09-17 17:51:57 +07)" (scheduled at 2026-09-17 17:51:42.556562+07:00)
2026-09-17 17:51:42,573 INFO apscheduler.executors.default: Job "main.<locals>.write_heartbeat_job (trigger: interval[0:00:15], next run at: 2026-09-17 17:51:57 +07)" executed successfully
2026-09-17 17:51:43,572 INFO apscheduler.executors.default: Running job "main.<locals>.run_lts_aus_fast_scan (trigger: interval[0:00:05], next run at: 2026-09-17 17:51:48 +07)" (scheduled at 2026-09-17 17:51:43.553049+07:00)
2026-09-17 17:51:43,572 INFO apscheduler.executors.default: Job "main.<locals>.run_lts_aus_fast_scan (trigger: interval[0:00:05], next run at: 2026-09-17 17:51:48 +07)" executed successfully
2026-09-17 17:51:43,573 INFO apscheduler.executors.default: Running job "main.<locals>.run_trail_sl (trigger: interval[0:00:05], next run at: 2026-09-17 17:51:48 +07)" (scheduled at 2026-09-17 17:51:43.553049+07:00)
2026-09-17 17:51:43,573 INFO apscheduler.executors.default: Job "main.<locals>.run_trail_sl (trigger: interval[0:00:05], next run at: 2026-09-17 17:51:48 +07)" executed successfully
2026-09-17 17:51:43,573 INFO apscheduler.executors.default: Running job "main.<locals>.run_position_check (trigger: interval[0:00:05], next run at: 2026-09-17 17:51:48 +07)" (scheduled at 2026-09-17 17:51:43.554314+07:00)
2026-09-17 17:51:43,581 INFO apscheduler.executors.default: Job "main.<locals>.run_position_check (trigger: interval[0:00:05], next run at: 2026-09-17 17:51:48 +07)" executed successfully
2026-09-17 17:51:46,004 INFO apscheduler.executors.default: Running job "main.<locals>.run_scan (trigger: cron[second='1,6,11,16,21,26,31,36,41,46,51,56'], next run at: 2026-09-17 17:51:51 +07)" (scheduled at 2026-09-17 17:51:46+07:00)
2026-09-17 17:51:46,004 INFO apscheduler.executors.default: Job "main.<locals>.run_scan (trigger: cron[second='1,6,11,16,21,26,31,36,41,46,51,56'], next run at: 2026-09-17 17:51:51 +07)" executed successfully
2026-09-17 17:51:48,566 INFO apscheduler.executors.default: Running job "main.<locals>.run_lts_aus_fast_scan (trigger: interval[0:00:05], next run at: 2026-09-17 17:51:53 +07)" (scheduled at 2026-09-17 17:51:48.553049+07:00)
2026-09-17 17:51:48,566 INFO apscheduler.executors.default: Job "main.<locals>.run_lts_aus_fast_scan (trigger: interval[0:00:05], next run at: 2026-09-17 17:51:53 +07)" executed successfully
2026-09-17 17:51:48,567 INFO apscheduler.executors.default: Running job "main.<locals>.run_trail_sl (trigger: interval[0:00:05], next run at: 2026-09-17 17:51:53 +07)" (scheduled at 2026-09-17 17:51:48.553049+07:00)
2026-09-17 17:51:48,567 INFO apscheduler.executors.default: Job "main.<locals>.run_trail_sl (trigger: interval[0:00:05], next run at: 2026-09-17 17:51:53 +07)" executed successfully
2026-09-17 17:51:48,568 INFO apscheduler.executors.default: Running job "main.<locals>.run_position_check (trigger: interval[0:00:05], next run at: 2026-09-17 17:51:53 +07)" (scheduled at 2026-09-17 17:51:48.554314+07:00)
2026-09-17 17:51:48,575 INFO apscheduler.executors.default: Job "main.<locals>.run_position_check (trigger: interval[0:00:05], next run at: 2026-09-17 17:51:53 +07)" executed successfully
2026-09-17 17:51:51,026 INFO apscheduler.executors.default: Running job "main.<locals>.run_scan (trigger: cron[second='1,6,11,16,21,26,31,36,41,46,51,56'], next run at: 2026-09-17 17:51:56 +07)" (scheduled at 2026-09-17 17:51:51+07:00)
2026-09-17 17:51:51,027 INFO apscheduler.executors.default: Job "main.<locals>.run_scan (trigger: cron[second='1,6,11,16,21,26,31,36,41,46,51,56'], next run at: 2026-09-17 17:51:56 +07)" executed successfully
2026-09-17 17:51:51,572 INFO httpx: HTTP Request: POST https://api.telegram.org/bot8742189012:AAEXGnFYIvAR33uaXz4-tx-ywZHjdNFhmgY/getUpdates "HTTP/1.1 200 OK"
2026-09-17 17:51:53,565 INFO apscheduler.executors.default: Running job "main.<locals>.run_lts_aus_fast_scan (trigger: interval[0:00:05], next run at: 2026-09-17 17:51:58 +07)" (scheduled at 2026-09-17 17:51:53.553049+07:00)
2026-09-17 17:51:53,568 INFO apscheduler.executors.default: Job "main.<locals>.run_lts_aus_fast_scan (trigger: interval[0:00:05], next run at: 2026-09-17 17:51:58 +07)" executed successfully
2026-09-17 17:51:53,569 INFO apscheduler.executors.default: Running job "main.<locals>.run_trail_sl (trigger: interval[0:00:05], next run at: 2026-09-17 17:51:58 +07)" (scheduled at 2026-09-17 17:51:53.553049+07:00)
2026-09-17 17:51:53,569 INFO apscheduler.executors.default: Job "main.<locals>.run_trail_sl (trigger: interval[0:00:05], next run at: 2026-09-17 17:51:58 +07)" executed successfully
2026-09-17 17:51:53,570 INFO apscheduler.executors.default: Running job "main.<locals>.run_position_check (trigger: interval[0:00:05], next run at: 2026-09-17 17:51:58 +07)" (scheduled at 2026-09-17 17:51:53.554314+07:00)
2026-09-17 17:51:53,578 INFO apscheduler.executors.default: Job "main.<locals>.run_position_check (trigger: interval[0:00:05], next run at: 2026-09-17 17:51:58 +07)" executed successfully
2026-09-17 17:51:53,578 INFO apscheduler.executors.default: Running job "main.<locals>.save_bot_state_job (trigger: interval[0:00:15], next run at: 2026-09-17 17:52:08 +07)" (scheduled at 2026-09-17 17:51:53.554314+07:00)
2026-09-17 17:51:53,581 INFO apscheduler.executors.default: Job "main.<locals>.save_bot_state_job (trigger: interval[0:00:15], next run at: 2026-09-17 17:52:08 +07)" executed successfully
2026-09-17 17:51:56,014 INFO apscheduler.executors.default: Running job "main.<locals>.run_scan (trigger: cron[second='1,6,11,16,21,26,31,36,41,46,51,56'], next run at: 2026-09-17 17:52:01 +07)" (scheduled at 2026-09-17 17:51:56+07:00)
2026-09-17 17:51:56,015 INFO apscheduler.executors.default: Job "main.<locals>.run_scan (trigger: cron[second='1,6,11,16,21,26,31,36,41,46,51,56'], next run at: 2026-09-17 17:52:01 +07)" executed successfully
2026-09-17 17:51:57,567 INFO apscheduler.executors.default: Running job "main.<locals>.write_heartbeat_job (trigger: interval[0:00:15], next run at: 2026-09-17 17:52:12 +07)" (scheduled at 2026-09-17 17:51:57.556562+07:00)
2026-09-17 17:51:57,571 INFO apscheduler.executors.default: Job "main.<locals>.write_heartbeat_job (trigger: interval[0:00:15], next run at: 2026-09-17 17:52:12 +07)" executed successfully
2026-09-17 17:51:58,562 INFO apscheduler.executors.default: Running job "main.<locals>.run_lts_aus_fast_scan (trigger: interval[0:00:05], next run at: 2026-09-17 17:52:03 +07)" (scheduled at 2026-09-17 17:51:58.553049+07:00)
2026-09-17 17:51:58,563 INFO apscheduler.executors.default: Job "main.<locals>.run_lts_aus_fast_scan (trigger: interval[0:00:05], next run at: 2026-09-17 17:52:03 +07)" executed successfully
2026-09-17 17:51:58,563 INFO apscheduler.executors.default: Running job "main.<locals>.run_trail_sl (trigger: interval[0:00:05], next run at: 2026-09-17 17:52:03 +07)" (scheduled at 2026-09-17 17:51:58.553049+07:00)
2026-09-17 17:51:58,563 INFO apscheduler.executors.default: Job "main.<locals>.run_trail_sl (trigger: interval[0:00:05], next run at: 2026-09-17 17:52:03 +07)" executed successfully
2026-09-17 17:51:58,564 INFO apscheduler.executors.default: Running job "main.<locals>.run_position_check (trigger: interval[0:00:05], next run at: 2026-09-17 17:52:03 +07)" (scheduled at 2026-09-17 17:51:58.554314+07:00)
2026-09-17 17:51:58,571 INFO apscheduler.executors.default: Job "main.<locals>.run_position_check (trigger: interval[0:00:05], next run at: 2026-09-17 17:52:03 +07)" executed successfully
2026-09-17 17:52:01,012 INFO apscheduler.executors.default: Running job "main.<locals>.run_scan (trigger: cron[second='1,6,11,16,21,26,31,36,41,46,51,56'], next run at: 2026-09-17 17:52:06 +07)" (scheduled at 2026-09-17 17:52:01+07:00)
2026-09-17 17:52:01,013 INFO apscheduler.executors.default: Job "main.<locals>.run_scan (trigger: cron[second='1,6,11,16,21,26,31,36,41,46,51,56'], next run at: 2026-09-17 17:52:06 +07)" executed successfully
2026-09-17 17:52:02,079 INFO httpx: HTTP Request: POST https://api.telegram.org/bot8742189012:AAEXGnFYIvAR33uaXz4-tx-ywZHjdNFhmgY/getUpdates "HTTP/1.1 200 OK"
2026-09-17 17:52:03,555 INFO apscheduler.executors.default: Running job "main.<locals>.run_lts_aus_fast_scan (trigger: interval[0:00:05], next run at: 2026-09-17 17:52:08 +07)" (scheduled at 2026-09-17 17:52:03.553049+07:00)
2026-09-17 17:52:03,555 INFO apscheduler.executors.default: Job "main.<locals>.run_lts_aus_fast_scan (trigger: interval[0:00:05], next run at: 2026-09-17 17:52:08 +07)" executed successfully
2026-09-17 17:52:03,556 INFO apscheduler.executors.default: Running job "main.<locals>.run_trail_sl (trigger: interval[0:00:05], next run at: 2026-09-17 17:52:08 +07)" (scheduled at 2026-09-17 17:52:03.553049+07:00)
2026-09-17 17:52:03,556 INFO apscheduler.executors.default: Job "main.<locals>.run_trail_sl (trigger: interval[0:00:05], next run at: 2026-09-17 17:52:08 +07)" executed successfully
2026-09-17 17:52:03,556 INFO apscheduler.executors.default: Running job "main.<locals>.run_position_check (trigger: interval[0:00:05], next run at: 2026-09-17 17:52:08 +07)" (scheduled at 2026-09-17 17:52:03.554314+07:00)
2026-09-17 17:52:03,563 INFO apscheduler.executors.default: Job "main.<locals>.run_position_check (trigger: interval[0:00:05], next run at: 2026-09-17 17:52:08 +07)" executed successfully
2026-09-17 17:52:06,012 INFO apscheduler.executors.default: Running job "main.<locals>.run_scan (trigger: cron[second='1,6,11,16,21,26,31,36,41,46,51,56'], next run at: 2026-09-17 17:52:11 +07)" (scheduled at 2026-09-17 17:52:06+07:00)
2026-09-17 17:52:06,012 INFO apscheduler.executors.default: Job "main.<locals>.run_scan (trigger: cron[second='1,6,11,16,21,26,31,36,41,46,51,56'], next run at: 2026-09-17 17:52:11 +07)" executed successfully
2026-09-17 17:52:08,557 INFO apscheduler.executors.default: Running job "main.<locals>.run_lts_aus_fast_scan (trigger: interval[0:00:05], next run at: 2026-09-17 17:52:13 +07)" (scheduled at 2026-09-17 17:52:08.553049+07:00)
2026-09-17 17:52:08,557 INFO apscheduler.executors.default: Job "main.<locals>.run_lts_aus_fast_scan (trigger: interval[0:00:05], next run at: 2026-09-17 17:52:13 +07)" executed successfully
2026-09-17 17:52:08,558 INFO apscheduler.executors.default: Running job "main.<locals>.run_trail_sl (trigger: interval[0:00:05], next run at: 2026-09-17 17:52:13 +07)" (scheduled at 2026-09-17 17:52:08.553049+07:00)
2026-09-17 17:52:08,559 INFO apscheduler.executors.default: Job "main.<locals>.run_trail_sl (trigger: interval[0:00:05], next run at: 2026-09-17 17:52:13 +07)" executed successfully
2026-09-17 17:52:08,559 INFO apscheduler.executors.default: Running job "main.<locals>.run_position_check (trigger: interval[0:00:05], next run at: 2026-09-17 17:52:13 +07)" (scheduled at 2026-09-17 17:52:08.554314+07:00)
2026-09-17 17:52:08,565 INFO apscheduler.executors.default: Job "main.<locals>.run_position_check (trigger: interval[0:00:05], next run at: 2026-09-17 17:52:13 +07)" executed successfully
2026-09-17 17:52:08,568 INFO apscheduler.executors.default: Running job "main.<locals>.save_bot_state_job (trigger: interval[0:00:15], next run at: 2026-09-17 17:52:23 +07)" (scheduled at 2026-09-17 17:52:08.554314+07:00)
2026-09-17 17:52:08,571 INFO apscheduler.executors.default: Job "main.<locals>.save_bot_state_job (trigger: interval[0:00:15], next run at: 2026-09-17 17:52:23 +07)" executed successfully
2026-09-17 17:52:11,009 INFO apscheduler.executors.default: Running job "main.<locals>.run_scan (trigger: cron[second='1,6,11,16,21,26,31,36,41,46,51,56'], next run at: 2026-09-17 17:52:16 +07)" (scheduled at 2026-09-17 17:52:11+07:00)
2026-09-17 17:52:11,010 INFO apscheduler.executors.default: Job "main.<locals>.run_scan (trigger: cron[second='1,6,11,16,21,26,31,36,41,46,51,56'], next run at: 2026-09-17 17:52:16 +07)" executed successfully
2026-09-17 17:52:12,278 INFO httpx: HTTP Request: POST https://api.telegram.org/bot8742189012:AAEXGnFYIvAR33uaXz4-tx-ywZHjdNFhmgY/getUpdates "HTTP/1.1 200 OK"
2026-09-17 17:52:12,576 INFO apscheduler.executors.default: Running job "main.<locals>.write_heartbeat_job (trigger: interval[0:00:15], next run at: 2026-09-17 17:52:27 +07)" (scheduled at 2026-09-17 17:52:12.556562+07:00)
2026-09-17 17:52:12,580 INFO apscheduler.executors.default: Job "main.<locals>.write_heartbeat_job (trigger: interval[0:00:15], next run at: 2026-09-17 17:52:27 +07)" executed successfully
2026-09-17 17:52:13,557 INFO apscheduler.executors.default: Running job "main.<locals>.run_lts_aus_fast_scan (trigger: interval[0:00:05], next run at: 2026-09-17 17:52:18 +07)" (scheduled at 2026-09-17 17:52:13.553049+07:00)
2026-09-17 17:52:13,557 INFO apscheduler.executors.default: Job "main.<locals>.run_lts_aus_fast_scan (trigger: interval[0:00:05], next run at: 2026-09-17 17:52:18 +07)" executed successfully
2026-09-17 17:52:13,558 INFO apscheduler.executors.default: Running job "main.<locals>.run_trail_sl (trigger: interval[0:00:05], next run at: 2026-09-17 17:52:18 +07)" (scheduled at 2026-09-17 17:52:13.553049+07:00)
2026-09-17 17:52:13,558 INFO apscheduler.executors.default: Job "main.<locals>.run_trail_sl (trigger: interval[0:00:05], next run at: 2026-09-17 17:52:18 +07)" executed successfully
2026-09-17 17:52:13,558 INFO apscheduler.executors.default: Running job "main.<locals>.run_position_check (trigger: interval[0:00:05], next run at: 2026-09-17 17:52:18 +07)" (scheduled at 2026-09-17 17:52:13.554314+07:00)
2026-09-17 17:52:13,566 INFO apscheduler.executors.default: Job "main.<locals>.run_position_check (trigger: interval[0:00:05], next run at: 2026-09-17 17:52:18 +07)" executed successfully
2026-09-17 17:52:16,014 INFO apscheduler.executors.default: Running job "main.<locals>.run_scan (trigger: cron[second='1,6,11,16,21,26,31,36,41,46,51,56'], next run at: 2026-09-17 17:52:21 +07)" (scheduled at 2026-09-17 17:52:16+07:00)
2026-09-17 17:52:16,014 INFO apscheduler.executors.default: Job "main.<locals>.run_scan (trigger: cron[second='1,6,11,16,21,26,31,36,41,46,51,56'], next run at: 2026-09-17 17:52:21 +07)" executed successfully
2026-09-17 17:52:18,568 INFO apscheduler.executors.default: Running job "main.<locals>.run_lts_aus_fast_scan (trigger: interval[0:00:05], next run at: 2026-09-17 17:52:23 +07)" (scheduled at 2026-09-17 17:52:18.553049+07:00)
2026-09-17 17:52:18,568 INFO apscheduler.executors.default: Job "main.<locals>.run_lts_aus_fast_scan (trigger: interval[0:00:05], next run at: 2026-09-17 17:52:23 +07)" executed successfully
2026-09-17 17:52:18,569 INFO apscheduler.executors.default: Running job "main.<locals>.run_trail_sl (trigger: interval[0:00:05], next run at: 2026-09-17 17:52:23 +07)" (scheduled at 2026-09-17 17:52:18.553049+07:00)
2026-09-17 17:52:18,569 INFO apscheduler.executors.default: Job "main.<locals>.run_trail_sl (trigger: interval[0:00:05], next run at: 2026-09-17 17:52:23 +07)" executed successfully
2026-09-17 17:52:18,569 INFO apscheduler.executors.default: Running job "main.<locals>.run_position_check (trigger: interval[0:00:05], next run at: 2026-09-17 17:52:23 +07)" (scheduled at 2026-09-17 17:52:18.554314+07:00)
2026-09-17 17:52:18,576 INFO apscheduler.executors.default: Job "main.<locals>.run_position_check (trigger: interval[0:00:05], next run at: 2026-09-17 17:52:23 +07)" executed successfully
2026-09-17 17:52:21,021 INFO apscheduler.executors.default: Running job "main.<locals>.run_scan (trigger: cron[second='1,6,11,16,21,26,31,36,41,46,51,56'], next run at: 2026-09-17 17:52:26 +07)" (scheduled at 2026-09-17 17:52:21+07:00)
2026-09-17 17:52:21,021 INFO apscheduler.executors.default: Job "main.<locals>.run_scan (trigger: cron[second='1,6,11,16,21,26,31,36,41,46,51,56'], next run at: 2026-09-17 17:52:26 +07)" executed successfully
2026-09-17 17:52:22,480 INFO httpx: HTTP Request: POST https://api.telegram.org/bot8742189012:AAEXGnFYIvAR33uaXz4-tx-ywZHjdNFhmgY/getUpdates "HTTP/1.1 200 OK"
2026-09-17 17:52:23,573 INFO apscheduler.executors.default: Running job "main.<locals>.check_symbol_switch (trigger: interval[0:01:00], next run at: 2026-09-17 17:53:23 +07)" (scheduled at 2026-09-17 17:52:23.550053+07:00)
2026-09-17 17:52:23,581 INFO apscheduler.executors.default: Job "main.<locals>.check_symbol_switch (trigger: interval[0:01:00], next run at: 2026-09-17 17:53:23 +07)" executed successfully
2026-09-17 17:52:23,581 INFO apscheduler.executors.default: Running job "main.<locals>.run_lts_aus_fast_scan (trigger: interval[0:00:05], next run at: 2026-09-17 17:52:28 +07)" (scheduled at 2026-09-17 17:52:23.553049+07:00)
2026-09-17 17:52:23,581 INFO apscheduler.executors.default: Job "main.<locals>.run_lts_aus_fast_scan (trigger: interval[0:00:05], next run at: 2026-09-17 17:52:28 +07)" executed successfully
2026-09-17 17:52:23,582 INFO apscheduler.executors.default: Running job "main.<locals>.run_trail_sl (trigger: interval[0:00:05], next run at: 2026-09-17 17:52:28 +07)" (scheduled at 2026-09-17 17:52:23.553049+07:00)
2026-09-17 17:52:23,582 INFO apscheduler.executors.default: Job "main.<locals>.run_trail_sl (trigger: interval[0:00:05], next run at: 2026-09-17 17:52:28 +07)" executed successfully
2026-09-17 17:52:23,582 INFO apscheduler.executors.default: Running job "main.<locals>.run_position_check (trigger: interval[0:00:05], next run at: 2026-09-17 17:52:28 +07)" (scheduled at 2026-09-17 17:52:23.554314+07:00)
2026-09-17 17:52:23,589 INFO apscheduler.executors.default: Job "main.<locals>.run_position_check (trigger: interval[0:00:05], next run at: 2026-09-17 17:52:28 +07)" executed successfully
2026-09-17 17:52:23,590 INFO apscheduler.executors.default: Running job "main.<locals>.save_bot_state_job (trigger: interval[0:00:15], next run at: 2026-09-17 17:52:38 +07)" (scheduled at 2026-09-17 17:52:23.554314+07:00)
2026-09-17 17:52:23,593 INFO apscheduler.executors.default: Job "main.<locals>.save_bot_state_job (trigger: interval[0:00:15], next run at: 2026-09-17 17:52:38 +07)" executed successfully
2026-09-17 17:52:23,593 INFO apscheduler.executors.default: Running job "main.<locals>.run_watchdog (trigger: interval[0:01:00], next run at: 2026-09-17 17:53:23 +07)" (scheduled at 2026-09-17 17:52:23.556562+07:00)
2026-09-17 17:52:23,596 INFO apscheduler.executors.default: Job "main.<locals>.run_watchdog (trigger: interval[0:01:00], next run at: 2026-09-17 17:53:23 +07)" executed successfully
2026-09-17 17:52:26,000 INFO apscheduler.executors.default: Running job "main.<locals>.run_scan (trigger: cron[second='1,6,11,16,21,26,31,36,41,46,51,56'], next run at: 2026-09-17 17:52:31 +07)" (scheduled at 2026-09-17 17:52:26+07:00)
2026-09-17 17:52:26,001 INFO apscheduler.executors.default: Job "main.<locals>.run_scan (trigger: cron[second='1,6,11,16,21,26,31,36,41,46,51,56'], next run at: 2026-09-17 17:52:31 +07)" executed successfully
2026-09-17 17:52:27,572 INFO apscheduler.executors.default: Running job "main.<locals>.write_heartbeat_job (trigger: interval[0:00:15], next run at: 2026-09-17 17:52:42 +07)" (scheduled at 2026-09-17 17:52:27.556562+07:00)
2026-09-17 17:52:27,575 INFO apscheduler.executors.default: Job "main.<locals>.write_heartbeat_job (trigger: interval[0:00:15], next run at: 2026-09-17 17:52:42 +07)" executed successfully
2026-09-17 17:52:28,569 INFO apscheduler.executors.default: Running job "main.<locals>.run_lts_aus_fast_scan (trigger: interval[0:00:05], next run at: 2026-09-17 17:52:33 +07)" (scheduled at 2026-09-17 17:52:28.553049+07:00)
2026-09-17 17:52:28,570 INFO apscheduler.executors.default: Job "main.<locals>.run_lts_aus_fast_scan (trigger: interval[0:00:05], next run at: 2026-09-17 17:52:33 +07)" executed successfully
2026-09-17 17:52:28,570 INFO apscheduler.executors.default: Running job "main.<locals>.run_trail_sl (trigger: interval[0:00:05], next run at: 2026-09-17 17:52:33 +07)" (scheduled at 2026-09-17 17:52:28.553049+07:00)
2026-09-17 17:52:28,571 INFO apscheduler.executors.default: Job "main.<locals>.run_trail_sl (trigger: interval[0:00:05], next run at: 2026-09-17 17:52:33 +07)" executed successfully
2026-09-17 17:52:28,571 INFO apscheduler.executors.default: Running job "main.<locals>.run_position_check (trigger: interval[0:00:05], next run at: 2026-09-17 17:52:33 +07)" (scheduled at 2026-09-17 17:52:28.554314+07:00)
2026-09-17 17:52:28,576 INFO apscheduler.executors.default: Job "main.<locals>.run_position_check (trigger: interval[0:00:05], next run at: 2026-09-17 17:52:33 +07)" executed successfully
2026-09-17 17:52:31,009 INFO apscheduler.executors.default: Running job "main.<locals>.run_scan (trigger: cron[second='1,6,11,16,21,26,31,36,41,46,51,56'], next run at: 2026-09-17 17:52:36 +07)" (scheduled at 2026-09-17 17:52:31+07:00)
2026-09-17 17:52:31,009 INFO apscheduler.executors.default: Job "main.<locals>.run_scan (trigger: cron[second='1,6,11,16,21,26,31,36,41,46,51,56'], next run at: 2026-09-17 17:52:36 +07)" executed successfully
2026-09-17 17:52:32,678 INFO httpx: HTTP Request: POST https://api.telegram.org/bot8742189012:AAEXGnFYIvAR33uaXz4-tx-ywZHjdNFhmgY/getUpdates "HTTP/1.1 200 OK"
2026-09-17 17:52:33,565 INFO apscheduler.executors.default: Running job "main.<locals>.run_lts_aus_fast_scan (trigger: interval[0:00:05], next run at: 2026-09-17 17:52:38 +07)" (scheduled at 2026-09-17 17:52:33.553049+07:00)
2026-09-17 17:52:33,565 INFO apscheduler.executors.default: Job "main.<locals>.run_lts_aus_fast_scan (trigger: interval[0:00:05], next run at: 2026-09-17 17:52:38 +07)" executed successfully
2026-09-17 17:52:33,565 INFO apscheduler.executors.default: Running job "main.<locals>.run_trail_sl (trigger: interval[0:00:05], next run at: 2026-09-17 17:52:38 +07)" (scheduled at 2026-09-17 17:52:33.553049+07:00)
2026-09-17 17:52:33,566 INFO apscheduler.executors.default: Job "main.<locals>.run_trail_sl (trigger: interval[0:00:05], next run at: 2026-09-17 17:52:38 +07)" executed successfully
2026-09-17 17:52:33,566 INFO apscheduler.executors.default: Running job "main.<locals>.run_position_check (trigger: interval[0:00:05], next run at: 2026-09-17 17:52:38 +07)" (scheduled at 2026-09-17 17:52:33.554314+07:00)
2026-09-17 17:52:33,572 INFO apscheduler.executors.default: Job "main.<locals>.run_position_check (trigger: interval[0:00:05], next run at: 2026-09-17 17:52:38 +07)" executed successfully
2026-09-17 17:52:36,022 INFO apscheduler.executors.default: Running job "main.<locals>.run_scan (trigger: cron[second='1,6,11,16,21,26,31,36,41,46,51,56'], next run at: 2026-09-17 17:52:41 +07)" (scheduled at 2026-09-17 17:52:36+07:00)
2026-09-17 17:52:36,022 INFO apscheduler.executors.default: Job "main.<locals>.run_scan (trigger: cron[second='1,6,11,16,21,26,31,36,41,46,51,56'], next run at: 2026-09-17 17:52:41 +07)" executed successfully
2026-09-17 17:52:38,560 INFO apscheduler.executors.default: Running job "main.<locals>.run_lts_aus_fast_scan (trigger: interval[0:00:05], next run at: 2026-09-17 17:52:43 +07)" (scheduled at 2026-09-17 17:52:38.553049+07:00)
2026-09-17 17:52:38,560 INFO apscheduler.executors.default: Job "main.<locals>.run_lts_aus_fast_scan (trigger: interval[0:00:05], next run at: 2026-09-17 17:52:43 +07)" executed successfully
2026-09-17 17:52:38,560 INFO apscheduler.executors.default: Running job "main.<locals>.run_trail_sl (trigger: interval[0:00:05], next run at: 2026-09-17 17:52:43 +07)" (scheduled at 2026-09-17 17:52:38.553049+07:00)
2026-09-17 17:52:38,561 INFO apscheduler.executors.default: Job "main.<locals>.run_trail_sl (trigger: interval[0:00:05], next run at: 2026-09-17 17:52:43 +07)" executed successfully
2026-09-17 17:52:38,561 INFO apscheduler.executors.default: Running job "main.<locals>.run_position_check (trigger: interval[0:00:05], next run at: 2026-09-17 17:52:43 +07)" (scheduled at 2026-09-17 17:52:38.554314+07:00)
2026-09-17 17:52:38,568 INFO apscheduler.executors.default: Job "main.<locals>.run_position_check (trigger: interval[0:00:05], next run at: 2026-09-17 17:52:43 +07)" executed successfully
2026-09-17 17:52:38,569 INFO apscheduler.executors.default: Running job "main.<locals>.save_bot_state_job (trigger: interval[0:00:15], next run at: 2026-09-17 17:52:53 +07)" (scheduled at 2026-09-17 17:52:38.554314+07:00)
2026-09-17 17:52:38,572 INFO apscheduler.executors.default: Job "main.<locals>.save_bot_state_job (trigger: interval[0:00:15], next run at: 2026-09-17 17:52:53 +07)" executed successfully
2026-09-17 17:52:41,002 INFO apscheduler.executors.default: Running job "main.<locals>.run_scan (trigger: cron[second='1,6,11,16,21,26,31,36,41,46,51,56'], next run at: 2026-09-17 17:52:46 +07)" (scheduled at 2026-09-17 17:52:41+07:00)
2026-09-17 17:52:41,002 INFO apscheduler.executors.default: Job "main.<locals>.run_scan (trigger: cron[second='1,6,11,16,21,26,31,36,41,46,51,56'], next run at: 2026-09-17 17:52:46 +07)" executed successfully
2026-09-17 17:52:42,572 INFO apscheduler.executors.default: Running job "main.<locals>.write_heartbeat_job (trigger: interval[0:00:15], next run at: 2026-09-17 17:52:57 +07)" (scheduled at 2026-09-17 17:52:42.556562+07:00)
2026-09-17 17:52:42,575 INFO apscheduler.executors.default: Job "main.<locals>.write_heartbeat_job (trigger: interval[0:00:15], next run at: 2026-09-17 17:52:57 +07)" executed successfully
2026-09-17 17:52:42,875 INFO httpx: HTTP Request: POST https://api.telegram.org/bot8742189012:AAEXGnFYIvAR33uaXz4-tx-ywZHjdNFhmgY/getUpdates "HTTP/1.1 200 OK"
2026-09-17 17:52:43,568 INFO apscheduler.executors.default: Running job "main.<locals>.run_lts_aus_fast_scan (trigger: interval[0:00:05], next run at: 2026-09-17 17:52:48 +07)" (scheduled at 2026-09-17 17:52:43.553049+07:00)
2026-09-17 17:52:43,568 INFO apscheduler.executors.default: Job "main.<locals>.run_lts_aus_fast_scan (trigger: interval[0:00:05], next run at: 2026-09-17 17:52:48 +07)" executed successfully
2026-09-17 17:52:43,568 INFO apscheduler.executors.default: Running job "main.<locals>.run_trail_sl (trigger: interval[0:00:05], next run at: 2026-09-17 17:52:48 +07)" (scheduled at 2026-09-17 17:52:43.553049+07:00)
2026-09-17 17:52:43,568 INFO apscheduler.executors.default: Job "main.<locals>.run_trail_sl (trigger: interval[0:00:05], next run at: 2026-09-17 17:52:48 +07)" executed successfully
2026-09-17 17:52:43,569 INFO apscheduler.executors.default: Running job "main.<locals>.run_position_check (trigger: interval[0:00:05], next run at: 2026-09-17 17:52:48 +07)" (scheduled at 2026-09-17 17:52:43.554314+07:00)
2026-09-17 17:52:43,577 INFO apscheduler.executors.default: Job "main.<locals>.run_position_check (trigger: interval[0:00:05], next run at: 2026-09-17 17:52:48 +07)" executed successfully
