[2026-09-17 17:31:23] SYMBOL_CHECK | XAUUSDm trade_mode=4 xau_open=True | trade_mode=4 | tick_time=1789641083 | bid=4314.065 | ask=4314.325 | tick_ok=True | xau_open=True | current_symbol=XAUUSDm | startup=False
[2026-09-17 17:31:23] DEMO_PORTFOLIO_SCAN | XAUUSDm open active=LTS_AUS2
[2026-09-17 17:31:26] DEMO_PORTFOLIO_PENDING_ARM | LTS_AUS2_644 BUY entry=4313.559 sl=4256.630857142857 tp=4427.415285714286 lot=0.06 expires=5bars
[2026-09-17 17:31:27] DEMO_PORTFOLIO_PENDING_FILL | LTS_AUS2_645 SELL lot=0.07 entry=4310.336 sl=4419.517500000001 tp=4255.74525 success=True ticket=3836446360 err=None
[2026-09-17 17:31:27] DEMO_PORTFOLIO_SCAN | XAUUSDm done active=LTS_AUS2
[2026-09-17 17:31:28] TG_SENT | [AF SIGNAL] *💎✨ Avengers Ultra Safe v2* | Leg: `LTS_AUS2_645 INVERSE_S96_M15` | SELL @ pending-fill market lot `0.07` | Entry `4310.34` SL `4419.52` TP `4255.75` | Ticket: `3836446360`
[2026-09-17 17:32:22] SYMBOL_CHECK | XAUUSDm trade_mode=4 xau_open=True | trade_mode=4 | tick_time=1789641143 | bid=4312.799 | ask=4313.059 | tick_ok=True | xau_open=True | current_symbol=XAUUSDm | startup=False
[2026-09-17 17:33:23] SYMBOL_CHECK | XAUUSDm trade_mode=4 xau_open=True | trade_mode=4 | tick_time=1789641203 | bid=4313.167 | ask=4313.427 | tick_ok=True | xau_open=True | current_symbol=XAUUSDm | startup=False
[2026-09-17 17:34:23] SYMBOL_CHECK | XAUUSDm trade_mode=4 xau_open=True | trade_mode=4 | tick_time=1789641263 | bid=4313.643 | ask=4313.903 | tick_ok=True | xau_open=True | current_symbol=XAUUSDm | startup=False
[2026-09-17 17:35:23] SYMBOL_CHECK | XAUUSDm trade_mode=4 xau_open=True | trade_mode=4 | tick_time=1789641322 | bid=4315.732 | ask=4315.992 | tick_ok=True | xau_open=True | current_symbol=XAUUSDm | startup=False
[2026-09-17 17:35:48] POSITION_CLOSED | 🛑 SL Hit | ticket=3836287517 | side=SELL | symbol=XAUUSDm | tf=M15 | sid=21 | pattern=- | trend_filter=- | open_price=4305.667 | close_price=4316.36 | sl=4316.36 | tp=4303.23 | profit=-534.65 | reason=[sl 4316.36000] | close_time=17:35:45 17/09/2026
[2026-09-17 17:35:48] TG_SENT | 🔴 *🛑 SL Hit* | ━━━━━━━━━━━━━━━━━ | 📊 TF: M15 | 📊 SELL XAUUSDm | 📌 เปิด: `4305.667` | 📌 ปิด: `4316.36` | 🛑 SL: `4316.36` | 🎯 TP: `4303.23` | 💬 เหตุผล: `[sl 4316.36000]` | 💸 P/L: `-534.65` USD | 🔖 Ticket: `3836287517` | 🕐 Close Time: `17:35:45 17/09/2026`
[2026-09-17 17:36:21] SYMBOL_CHECK | XAUUSDm trade_mode=4 xau_open=True | trade_mode=4 | tick_time=1789641383 | bid=4317.355 | ask=4317.615 | tick_ok=True | xau_open=True | current_symbol=XAUUSDm | startup=False
[2026-09-17 17:36:22] DEMO_PORTFOLIO_SCAN | XAUUSDm open active=LTS_AUS2
[2026-09-17 17:36:22] DEMO_PORTFOLIO_SCAN | XAUUSDm done active=LTS_AUS2
[2026-09-17 17:37:22] SYMBOL_CHECK | XAUUSDm trade_mode=4 xau_open=True | trade_mode=4 | tick_time=1789641443 | bid=4317.453 | ask=4317.713 | tick_ok=True | xau_open=True | current_symbol=XAUUSDm | startup=False
[2026-09-17 17:38:22] SYMBOL_CHECK | XAUUSDm trade_mode=4 xau_open=True | trade_mode=4 | tick_time=1789641502 | bid=4316.673 | ask=4316.933 | tick_ok=True | xau_open=True | current_symbol=XAUUSDm | startup=False
[2026-09-17 17:39:22] SYMBOL_CHECK | XAUUSDm trade_mode=4 xau_open=True | trade_mode=4 | tick_time=1789641562 | bid=4316.436 | ask=4316.696 | tick_ok=True | xau_open=True | current_symbol=XAUUSDm | startup=False
[2026-09-17 17:40:23] SYMBOL_CHECK | XAUUSDm trade_mode=4 xau_open=True | trade_mode=4 | tick_time=1789641623 | bid=4316.373 | ask=4316.633 | tick_ok=True | xau_open=True | current_symbol=XAUUSDm | startup=False
[2026-09-17 17:41:22] SYMBOL_CHECK | XAUUSDm trade_mode=4 xau_open=True | trade_mode=4 | tick_time=1789641683 | bid=4315.599 | ask=4315.859 | tick_ok=True | xau_open=True | current_symbol=XAUUSDm | startup=False
[2026-09-17 17:41:23] DEMO_PORTFOLIO_SCAN | XAUUSDm open active=LTS_AUS2
[2026-09-17 17:41:23] DEMO_PORTFOLIO_SCAN | XAUUSDm done active=LTS_AUS2
[2026-09-17 17:42:23] SYMBOL_CHECK | XAUUSDm trade_mode=4 xau_open=True | trade_mode=4 | tick_time=1789641743 | bid=4315.098 | ask=4315.358 | tick_ok=True | xau_open=True | current_symbol=XAUUSDm | startup=False
[2026-09-17 17:43:23] SYMBOL_CHECK | XAUUSDm trade_mode=4 xau_open=True | trade_mode=4 | tick_time=1789641803 | bid=4315.367 | ask=4315.607 | tick_ok=True | xau_open=True | current_symbol=XAUUSDm | startup=False
[2026-09-17 17:44:23] SYMBOL_CHECK | XAUUSDm trade_mode=4 xau_open=True | trade_mode=4 | tick_time=1789641863 | bid=4316.554 | ask=4316.814 | tick_ok=True | xau_open=True | current_symbol=XAUUSDm | startup=False
[2026-09-17 17:45:23] SYMBOL_CHECK | XAUUSDm trade_mode=4 xau_open=True | trade_mode=4 | tick_time=1789641923 | bid=4316.428 | ask=4316.688 | tick_ok=True | xau_open=True | current_symbol=XAUUSDm | startup=False
[2026-09-17 17:46:22] SYMBOL_CHECK | XAUUSDm trade_mode=4 xau_open=True | trade_mode=4 | tick_time=1789641982 | bid=4316.861 | ask=4317.121 | tick_ok=True | xau_open=True | current_symbol=XAUUSDm | startup=False
[2026-09-17 17:46:22] DEMO_PORTFOLIO_SCAN | XAUUSDm open active=LTS_AUS2
[2026-09-17 17:46:22] DEMO_PORTFOLIO_PENDING_ARM | LTS_AUS2_645 SELL entry=4316.444 sl=4425.308142857143 tp=4262.011928571429 lot=0.07 expires=5bars
[2026-09-17 17:46:23] DEMO_PORTFOLIO_PENDING_FILL | LTS_AUS2_645 SELL lot=0.07 entry=4316.444 sl=4425.308142857143 tp=4262.011928571429 success=True ticket=3836508841 err=None
[2026-09-17 17:46:23] DEMO_PORTFOLIO_SCAN | XAUUSDm done active=LTS_AUS2
[2026-09-17 17:46:23] TG_SENT | [AF SIGNAL] *💎✨ Avengers Ultra Safe v2* | Leg: `LTS_AUS2_645 INVERSE_S96_M15` | SELL @ pending-fill market lot `0.07` | Entry `4316.44` SL `4425.31` TP `4262.01` | Ticket: `3836508841`
[2026-09-17 17:47:23] SYMBOL_CHECK | XAUUSDm trade_mode=4 xau_open=True | trade_mode=4 | tick_time=1789642043 | bid=4317.544 | ask=4317.804 | tick_ok=True | xau_open=True | current_symbol=XAUUSDm | startup=False
[2026-09-17 17:48:22] SYMBOL_CHECK | XAUUSDm trade_mode=4 xau_open=True | trade_mode=4 | tick_time=1789642102 | bid=4317.5 | ask=4317.76 | tick_ok=True | xau_open=True | current_symbol=XAUUSDm | startup=False
[2026-09-17 17:49:23] SYMBOL_CHECK | XAUUSDm trade_mode=4 xau_open=True | trade_mode=4 | tick_time=1789642163 | bid=4317.896 | ask=4318.156 | tick_ok=True | xau_open=True | current_symbol=XAUUSDm | startup=False
[2026-09-17 17:50:23] SYMBOL_CHECK | XAUUSDm trade_mode=4 xau_open=True | trade_mode=4 | tick_time=1789642223 | bid=4318.244 | ask=4318.504 | tick_ok=True | xau_open=True | current_symbol=XAUUSDm | startup=False
[2026-09-17 17:51:22] SYMBOL_CHECK | XAUUSDm trade_mode=4 xau_open=True | trade_mode=4 | tick_time=1789642282 | bid=4321.168 | ask=4321.428 | tick_ok=True | xau_open=True | current_symbol=XAUUSDm | startup=False
[2026-09-17 17:51:22] DEMO_PORTFOLIO_SCAN | XAUUSDm open active=LTS_AUS2
[2026-09-17 17:51:22] DEMO_PORTFOLIO_SCAN | XAUUSDm done active=LTS_AUS2
[2026-09-17 17:52:23] SYMBOL_CHECK | XAUUSDm trade_mode=4 xau_open=True | trade_mode=4 | tick_time=1789642343 | bid=4322.243 | ask=4322.503 | tick_ok=True | xau_open=True | current_symbol=XAUUSDm | startup=False
[2026-09-17 17:53:23] SYMBOL_CHECK | XAUUSDm trade_mode=4 xau_open=True | trade_mode=4 | tick_time=1789642403 | bid=4321.087 | ask=4321.347 | tick_ok=True | xau_open=True | current_symbol=XAUUSDm | startup=False
[2026-09-17 17:54:23] SYMBOL_CHECK | XAUUSDm trade_mode=4 xau_open=True | trade_mode=4 | tick_time=1789642463 | bid=4322.246 | ask=4322.506 | tick_ok=True | xau_open=True | current_symbol=XAUUSDm | startup=False
[2026-09-17 17:55:23] SYMBOL_CHECK | XAUUSDm trade_mode=4 xau_open=True | trade_mode=4 | tick_time=1789642523 | bid=4321.333 | ask=4321.593 | tick_ok=True | xau_open=True | current_symbol=XAUUSDm | startup=False
[2026-09-17 17:56:23] SYMBOL_CHECK | XAUUSDm trade_mode=4 xau_open=True | trade_mode=4 | tick_time=1789642583 | bid=4322.745 | ask=4323.005 | tick_ok=True | xau_open=True | current_symbol=XAUUSDm | startup=False
[2026-09-17 17:56:23] DEMO_PORTFOLIO_SCAN | XAUUSDm open active=LTS_AUS2
[2026-09-17 17:56:23] DEMO_PORTFOLIO_SCAN | XAUUSDm done active=LTS_AUS2
[2026-09-17 17:57:23] SYMBOL_CHECK | XAUUSDm trade_mode=4 xau_open=True | trade_mode=4 | tick_time=1789642643 | bid=4323.933 | ask=4324.193 | tick_ok=True | xau_open=True | current_symbol=XAUUSDm | startup=False
[2026-09-17 17:58:22] SYMBOL_CHECK | XAUUSDm trade_mode=4 xau_open=True | trade_mode=4 | tick_time=1789642703 | bid=4324.539 | ask=4324.799 | tick_ok=True | xau_open=True | current_symbol=XAUUSDm | startup=False
[2026-09-17 17:59:22] SYMBOL_CHECK | XAUUSDm trade_mode=4 xau_open=True | trade_mode=4 | tick_time=1789642762 | bid=4324.46 | ask=4324.72 | tick_ok=True | xau_open=True | current_symbol=XAUUSDm | startup=False
[2026-09-17 18:00:23] SYMBOL_CHECK | XAUUSDm trade_mode=4 xau_open=True | trade_mode=4 | tick_time=1789642823 | bid=4326.105 | ask=4326.365 | tick_ok=True | xau_open=True | current_symbol=XAUUSDm | startup=False
[2026-09-17 18:01:22] SYMBOL_CHECK | XAUUSDm trade_mode=4 xau_open=True | trade_mode=4 | tick_time=1789642883 | bid=4326.842 | ask=4327.102 | tick_ok=True | xau_open=True | current_symbol=XAUUSDm | startup=False
[2026-09-17 18:01:23] DEMO_PORTFOLIO_SCAN | XAUUSDm open active=LTS_AUS2
[2026-09-17 18:01:23] DEMO_PORTFOLIO_SKIP | LTS_AUS2_3 skipped - hour 17 != 9
[2026-09-17 18:01:23] DEMO_PORTFOLIO_SKIP | LTS_AUS2_4 skipped - hour 17 != 11
[2026-09-17 18:01:23] DEMO_PORTFOLIO_SKIP | LTS_AUS2_5 skipped - risk_distance 11.34 > 4.00
[2026-09-17 18:01:23] DEMO_PORTFOLIO_SKIP | LTS_AUS2_9 skipped - hour 17 != 20
[2026-09-17 18:01:23] DEMO_PORTFOLIO_SKIP | LTS_AUS2_10 skipped - hour 17 != 8
[2026-09-17 18:01:23] DEMO_PORTFOLIO_SKIP | LTS_AUS2_11 skipped - hour 17 != 11
[2026-09-17 18:01:23] DEMO_PORTFOLIO_SKIP | LTS_AUS2_16 skipped - hour 17 != 9
[2026-09-17 18:01:23] DEMO_PORTFOLIO_SKIP | LTS_AUS2_17 skipped - hour 17 != 19
[2026-09-17 18:01:23] DEMO_PORTFOLIO_SKIP | LTS_AUS2_23 skipped - hour 17 != 12
[2026-09-17 18:01:23] DEMO_PORTFOLIO_SKIP | LTS_AUS2_24 skipped - hour 17 != 14
[2026-09-17 18:01:23] DEMO_PORTFOLIO_SKIP | LTS_AUS2_25 skipped - hour 17 != 19
[2026-09-17 18:01:23] DEMO_PORTFOLIO_SKIP | LTS_AUS2_31 skipped - hour 17 != 15
[2026-09-17 18:01:23] DEMO_PORTFOLIO_SKIP | LTS_AUS2_32 skipped - hour 17 != 11
[2026-09-17 18:01:23] DEMO_PORTFOLIO_SKIP | LTS_AUS2_38 skipped - hour 17 != 15
[2026-09-17 18:01:23] DEMO_PORTFOLIO_SKIP | LTS_AUS2_47 skipped - hour 17 != 15
[2026-09-17 18:01:23] DEMO_PORTFOLIO_SKIP | LTS_AUS2_48 skipped - hour 17 != 20
[2026-09-17 18:01:23] DEMO_PORTFOLIO_SKIP | LTS_AUS2_53 skipped - hour 17 != 16
[2026-09-17 18:01:23] DEMO_PORTFOLIO_SKIP | LTS_AUS2_54 skipped - hour 17 != 19
[2026-09-17 18:01:23] DEMO_PORTFOLIO_SKIP | LTS_AUS2_60 skipped - hour 17 != 18
[2026-09-17 18:01:23] DEMO_PORTFOLIO_SKIP | LTS_AUS2_65 skipped - hour 17 != 20
[2026-09-17 18:01:23] DEMO_PORTFOLIO_SKIP | LTS_AUS2_69 skipped - hour 17 != 21
[2026-09-17 18:01:24] DEMO_PORTFOLIO_SKIP | LTS_AUS2_76 skipped - hour 17 != 10
[2026-09-17 18:01:24] DEMO_PORTFOLIO_SKIP | LTS_AUS2_80 skipped - hour 17 != 12
[2026-09-17 18:01:24] DEMO_PORTFOLIO_SKIP | LTS_AUS2_81 skipped - hour 17 != 12
[2026-09-17 18:01:24] DEMO_PORTFOLIO_SKIP | LTS_AUS2_82 skipped - hour 17 != 11
[2026-09-17 18:01:24] DEMO_PORTFOLIO_SKIP | LTS_AUS2_87 skipped - hour 17 != 15
[2026-09-17 18:01:24] DEMO_PORTFOLIO_SKIP | LTS_AUS2_88 skipped - hour 17 != 20
[2026-09-17 18:01:24] DEMO_PORTFOLIO_SKIP | LTS_AUS2_94 skipped - hour 17 != 16
[2026-09-17 18:01:24] DEMO_PORTFOLIO_SKIP | LTS_AUS2_95 skipped - hour 17 != 22
[2026-09-17 18:01:24] DEMO_PORTFOLIO_SKIP | LTS_AUS2_98 skipped - risk_distance 11.34 > 4.00
[2026-09-17 18:01:24] DEMO_PORTFOLIO_SKIP | LTS_AUS2_102 skipped - hour 17 != 19
[2026-09-17 18:01:24] DEMO_PORTFOLIO_SKIP | LTS_AUS2_107 skipped - hour 17 != 8
[2026-09-17 18:01:24] DEMO_PORTFOLIO_SKIP | LTS_AUS2_108 skipped - hour 17 != 12
[2026-09-17 18:01:24] DEMO_PORTFOLIO_SKIP | LTS_AUS2_112 skipped - hour 17 != 14
[2026-09-17 18:01:24] DEMO_PORTFOLIO_SKIP | LTS_AUS2_114 skipped - hour 17 != 10
[2026-09-17 18:01:24] DEMO_PORTFOLIO_SKIP | LTS_AUS2_117 skipped - hour 17 != 8
[2026-09-17 18:01:24] DEMO_PORTFOLIO_SKIP | LTS_AUS2_118 skipped - hour 17 != 16
[2026-09-17 18:01:24] DEMO_PORTFOLIO_SKIP | LTS_AUS2_121 skipped - hour 17 != 10
[2026-09-17 18:01:24] DEMO_PORTFOLIO_SKIP | LTS_AUS2_125 skipped - hour 17 != 15
[2026-09-17 18:01:24] DEMO_PORTFOLIO_SKIP | LTS_AUS2_128 skipped - hour 17 != 18
[2026-09-17 18:01:24] DEMO_PORTFOLIO_SKIP | LTS_AUS2_132 skipped - hour 17 != 15
[2026-09-17 18:01:24] DEMO_PORTFOLIO_SKIP | LTS_AUS2_135 skipped - hour 17 != 10
[2026-09-17 18:01:25] DEMO_PORTFOLIO_SKIP | LTS_AUS2_136 skipped - hour 17 != 9
[2026-09-17 18:01:25] DEMO_PORTFOLIO_SKIP | LTS_AUS2_141 skipped - hour 17 != 20
[2026-09-17 18:01:25] DEMO_PORTFOLIO_SKIP | LTS_AUS2_145 skipped - hour 17 != 16
[2026-09-17 18:01:25] DEMO_PORTFOLIO_SKIP | LTS_AUS2_146 skipped - risk_distance 11.34 > 4.00
[2026-09-17 18:01:25] DEMO_PORTFOLIO_SKIP | LTS_AUS2_149 skipped - hour 17 != 9
[2026-09-17 18:01:25] DEMO_PORTFOLIO_SKIP | LTS_AUS2_150 skipped - hour 17 != 19
[2026-09-17 18:01:25] DEMO_PORTFOLIO_SKIP | LTS_AUS2_151 skipped - hour 17 != 19
[2026-09-17 18:01:25] DEMO_PORTFOLIO_SKIP | LTS_AUS2_155 skipped - risk_distance 11.34 > 4.00
[2026-09-17 18:01:25] DEMO_PORTFOLIO_SKIP | LTS_AUS2_160 skipped - hour 17 != 8
[2026-09-17 18:01:25] DEMO_PORTFOLIO_SKIP | LTS_AUS2_161 skipped - hour 17 != 16
[2026-09-17 18:01:25] DEMO_PORTFOLIO_SKIP | LTS_AUS2_165 skipped - hour 17 != 14
[2026-09-17 18:01:25] DEMO_PORTFOLIO_SKIP | LTS_AUS2_166 skipped - hour 17 != 14
[2026-09-17 18:01:25] DEMO_PORTFOLIO_SKIP | LTS_AUS2_171 skipped - hour 17 != 15
[2026-09-17 18:01:25] DEMO_PORTFOLIO_SKIP | LTS_AUS2_172 skipped - hour 17 != 21
[2026-09-17 18:01:25] DEMO_PORTFOLIO_SKIP | LTS_AUS2_175 skipped - hour 17 != 16
[2026-09-17 18:01:25] DEMO_PORTFOLIO_SKIP | LTS_AUS2_181 skipped - hour 17 != 19
[2026-09-17 18:01:25] DEMO_PORTFOLIO_SKIP | LTS_AUS2_183 skipped - hour 17 != 14
[2026-09-17 18:01:25] DEMO_PORTFOLIO_SKIP | LTS_AUS2_184 skipped - hour 17 != 22
[2026-09-17 18:01:26] DEMO_PORTFOLIO_SKIP | LTS_AUS2_187 skipped - hour 17 != 16
[2026-09-17 18:01:26] DEMO_PORTFOLIO_SKIP | LTS_AUS2_188 skipped - hour 17 != 19
[2026-09-17 18:01:26] DEMO_PORTFOLIO_SKIP | LTS_AUS2_191 skipped - hour 17 != 16
[2026-09-17 18:01:26] DEMO_PORTFOLIO_SKIP | LTS_AUS2_192 skipped - hour 17 != 14
[2026-09-17 18:01:26] DEMO_PORTFOLIO_SKIP | LTS_AUS2_193 skipped - hour 17 != 19
[2026-09-17 18:01:26] DEMO_PORTFOLIO_SKIP | LTS_AUS2_197 skipped - hour 17 != 14
[2026-09-17 18:01:26] DEMO_PORTFOLIO_SKIP | LTS_AUS2_200 skipped - hour 17 != 19
[2026-09-17 18:01:26] DEMO_PORTFOLIO_SKIP | LTS_AUS2_204 skipped - hour 17 != 15
[2026-09-17 18:01:26] DEMO_PORTFOLIO_SKIP | LTS_AUS2_205 skipped - hour 17 != 14
[2026-09-17 18:01:26] DEMO_PORTFOLIO_SKIP | LTS_AUS2_209 skipped - hour 17 != 18
[2026-09-17 18:01:26] DEMO_PORTFOLIO_SKIP | LTS_AUS2_210 skipped - hour 17 != 19
[2026-09-17 18:01:26] DEMO_PORTFOLIO_SKIP | LTS_AUS2_213 skipped - hour 17 != 16
[2026-09-17 18:01:26] DEMO_PORTFOLIO_SKIP | LTS_AUS2_214 skipped - hour 17 != 14
[2026-09-17 18:01:26] DEMO_PORTFOLIO_SKIP | LTS_AUS2_215 skipped - hour 17 != 19
[2026-09-17 18:01:26] DEMO_PORTFOLIO_SKIP | LTS_AUS2_219 skipped - hour 17 != 14
[2026-09-17 18:01:26] DEMO_PORTFOLIO_SKIP | LTS_AUS2_224 skipped - hour 17 != 20
[2026-09-17 18:01:27] DEMO_PORTFOLIO_SKIP | LTS_AUS2_225 skipped - hour 17 != 19
[2026-09-17 18:01:27] DEMO_PORTFOLIO_SKIP | LTS_AUS2_230 skipped - hour 17 != 21
[2026-09-17 18:01:27] DEMO_PORTFOLIO_SKIP | LTS_AUS2_235 skipped - hour 17 != 19
[2026-09-17 18:01:27] DEMO_PORTFOLIO_SKIP | LTS_AUS2_236 skipped - hour 17 != 20
[2026-09-17 18:01:27] DEMO_PORTFOLIO_SKIP | LTS_AUS2_240 skipped - hour 17 != 14
[2026-09-17 18:01:27] DEMO_PORTFOLIO_SKIP | LTS_AUS2_246 skipped - hour 17 != 20
[2026-09-17 18:01:27] DEMO_PORTFOLIO_SKIP | LTS_AUS2_247 skipped - hour 17 != 20
[2026-09-17 18:01:27] DEMO_PORTFOLIO_SKIP | LTS_AUS2_250 skipped - hour 17 != 15
[2026-09-17 18:01:27] DEMO_PORTFOLIO_SKIP | LTS_AUS2_251 skipped - hour 17 != 20
[2026-09-17 18:01:27] DEMO_PORTFOLIO_SKIP | LTS_AUS2_258 skipped - hour 17 != 19
[2026-09-17 18:01:27] DEMO_PORTFOLIO_SKIP | LTS_AUS2_261 skipped - hour 17 != 16
[2026-09-17 18:01:27] DEMO_PORTFOLIO_SKIP | LTS_AUS2_262 skipped - hour 17 != 14
[2026-09-17 18:01:27] DEMO_PORTFOLIO_SKIP | LTS_AUS2_265 skipped - hour 17 != 14
[2026-09-17 18:01:27] DEMO_PORTFOLIO_SKIP | LTS_AUS2_270 skipped - hour 17 != 21
[2026-09-17 18:01:27] DEMO_PORTFOLIO_SKIP | LTS_AUS2_277 skipped - hour 17 != 14
[2026-09-17 18:01:27] DEMO_PORTFOLIO_SKIP | LTS_AUS2_278 skipped - hour 17 != 10
[2026-09-17 18:01:27] DEMO_PORTFOLIO_SKIP | LTS_AUS2_283 skipped - hour 17 != 18
[2026-09-17 18:01:27] DEMO_PORTFOLIO_SKIP | LTS_AUS2_286 skipped - hour 17 != 8
[2026-09-17 18:01:28] DEMO_PORTFOLIO_SKIP | LTS_AUS2_288 skipped - hour 17 != 20
[2026-09-17 18:01:28] DEMO_PORTFOLIO_SKIP | LTS_AUS2_289 skipped - hour 17 != 22
[2026-09-17 18:01:28] DEMO_PORTFOLIO_SKIP | LTS_AUS2_292 skipped - hour 17 != 14
[2026-09-17 18:01:28] DEMO_PORTFOLIO_SKIP | LTS_AUS2_293 skipped - hour 17 != 10
[2026-09-17 18:01:28] DEMO_PORTFOLIO_SKIP | LTS_AUS2_297 skipped - risk_distance 11.34 > 2.00
[2026-09-17 18:01:28] DEMO_PORTFOLIO_SKIP | LTS_AUS2_302 skipped - hour 17 != 21
[2026-09-17 18:01:28] DEMO_PORTFOLIO_SKIP | LTS_AUS2_303 skipped - hour 17 != 10
[2026-09-17 18:01:28] DEMO_PORTFOLIO_SKIP | LTS_AUS2_308 skipped - hour 17 != 9
[2026-09-17 18:01:28] DEMO_PORTFOLIO_SKIP | LTS_AUS2_309 skipped - hour 17 != 10
[2026-09-17 18:01:28] DEMO_PORTFOLIO_SKIP | LTS_AUS2_318 skipped - hour 17 != 19
[2026-09-17 18:01:28] DEMO_PORTFOLIO_SKIP | LTS_AUS2_324 skipped - hour 17 != 12
[2026-09-17 18:01:28] DEMO_PORTFOLIO_SKIP | LTS_AUS2_325 skipped - hour 17 != 14
[2026-09-17 18:01:28] DEMO_PORTFOLIO_SKIP | LTS_AUS2_327 skipped - hour 17 != 20
[2026-09-17 18:01:28] DEMO_PORTFOLIO_SKIP | LTS_AUS2_328 skipped - hour 17 != 10
[2026-09-17 18:01:28] DEMO_PORTFOLIO_SKIP | LTS_AUS2_329 skipped - hour 17 != 19
[2026-09-17 18:01:28] DEMO_PORTFOLIO_SKIP | LTS_AUS2_332 skipped - hour 17 != 10
[2026-09-17 18:01:28] DEMO_PORTFOLIO_SKIP | LTS_AUS2_333 skipped - hour 17 != 14
[2026-09-17 18:01:28] DEMO_PORTFOLIO_SKIP | LTS_AUS2_334 skipped - hour 17 != 22
[2026-09-17 18:01:28] DEMO_PORTFOLIO_SKIP | LTS_AUS2_336 skipped - hour 17 != 20
[2026-09-17 18:01:28] DEMO_PORTFOLIO_SKIP | LTS_AUS2_337 skipped - hour 17 != 19
[2026-09-17 18:01:28] DEMO_PORTFOLIO_SKIP | LTS_AUS2_341 skipped - hour 17 != 14
[2026-09-17 18:01:29] DEMO_PORTFOLIO_SKIP | LTS_AUS2_346 skipped - hour 17 != 9
[2026-09-17 18:01:29] DEMO_PORTFOLIO_SKIP | LTS_AUS2_347 skipped - hour 17 != 10
[2026-09-17 18:01:29] DEMO_PORTFOLIO_SKIP | LTS_AUS2_352 skipped - hour 17 != 14
[2026-09-17 18:01:29] DEMO_PORTFOLIO_SKIP | LTS_AUS2_358 skipped - hour 17 != 9
[2026-09-17 18:01:29] DEMO_PORTFOLIO_SKIP | LTS_AUS2_361 skipped - hour 17 != 16
[2026-09-17 18:01:29] DEMO_PORTFOLIO_SKIP | LTS_AUS2_362 skipped - hour 17 != 19
[2026-09-17 18:01:29] DEMO_PORTFOLIO_SKIP | LTS_AUS2_368 skipped - hour 17 != 12
[2026-09-17 18:01:29] DEMO_PORTFOLIO_SKIP | LTS_AUS2_369 skipped - hour 17 != 14
[2026-09-17 18:01:29] DEMO_PORTFOLIO_SKIP | LTS_AUS2_370 skipped - hour 17 != 9
[2026-09-17 18:01:29] DEMO_PORTFOLIO_SKIP | LTS_AUS2_371 skipped - hour 17 != 16
[2026-09-17 18:01:29] DEMO_PORTFOLIO_SKIP | LTS_AUS2_372 skipped - hour 17 != 10
[2026-09-17 18:01:29] DEMO_PORTFOLIO_SKIP | LTS_AUS2_374 skipped - hour 17 != 12
[2026-09-17 18:01:29] DEMO_PORTFOLIO_SKIP | LTS_AUS2_378 skipped - hour 17 != 16
[2026-09-17 18:01:29] DEMO_PORTFOLIO_SKIP | LTS_AUS2_379 skipped - hour 17 != 16
[2026-09-17 18:01:29] DEMO_PORTFOLIO_SKIP | LTS_AUS2_381 skipped - hour 17 != 14
[2026-09-17 18:01:29] DEMO_PORTFOLIO_SKIP | LTS_AUS2_383 skipped - hour 17 != 12
[2026-09-17 18:01:29] DEMO_PORTFOLIO_SKIP | LTS_AUS2_384 skipped - hour 17 != 9
[2026-09-17 18:01:29] DEMO_PORTFOLIO_SKIP | LTS_AUS2_385 skipped - hour 17 != 19
[2026-09-17 18:01:29] DEMO_PORTFOLIO_SKIP | LTS_AUS2_387 skipped - hour 17 != 12
[2026-09-17 18:01:29] DEMO_PORTFOLIO_SKIP | LTS_AUS2_388 skipped - hour 17 != 14
[2026-09-17 18:01:30] DEMO_PORTFOLIO_SKIP | LTS_AUS2_389 skipped - hour 17 != 14
[2026-09-17 18:01:30] DEMO_PORTFOLIO_SKIP | LTS_AUS2_391 skipped - hour 17 != 9
[2026-09-17 18:01:30] DEMO_PORTFOLIO_SKIP | LTS_AUS2_392 skipped - hour 17 != 9
[2026-09-17 18:01:30] DEMO_PORTFOLIO_SKIP | LTS_AUS2_393 skipped - hour 17 != 14
[2026-09-17 18:01:30] DEMO_PORTFOLIO_SKIP | LTS_AUS2_395 skipped - hour 17 != 12
[2026-09-17 18:01:30] DEMO_PORTFOLIO_SKIP | LTS_AUS2_396 skipped - hour 17 != 14
[2026-09-17 18:01:30] DEMO_PORTFOLIO_SKIP | LTS_AUS2_398 skipped - hour 17 != 12
[2026-09-17 18:01:30] DEMO_PORTFOLIO_SKIP | LTS_AUS2_399 skipped - hour 17 != 14
[2026-09-17 18:01:30] DEMO_PORTFOLIO_SKIP | LTS_AUS2_401 skipped - hour 17 != 9
[2026-09-17 18:01:30] DEMO_PORTFOLIO_SKIP | LTS_AUS2_402 skipped - hour 17 != 14
[2026-09-17 18:01:30] DEMO_PORTFOLIO_SKIP | LTS_AUS2_404 skipped - hour 17 != 12
[2026-09-17 18:01:30] DEMO_PORTFOLIO_SKIP | LTS_AUS2_405 skipped - hour 17 != 8
[2026-09-17 18:01:30] DEMO_PORTFOLIO_SKIP | LTS_AUS2_406 skipped - hour 17 != 14
[2026-09-17 18:01:30] DEMO_PORTFOLIO_SKIP | LTS_AUS2_408 skipped - hour 17 != 9
[2026-09-17 18:01:30] DEMO_PORTFOLIO_SKIP | LTS_AUS2_409 skipped - hour 17 != 8
[2026-09-17 18:01:30] DEMO_PORTFOLIO_SKIP | LTS_AUS2_410 skipped - hour 17 != 14
[2026-09-17 18:01:31] DEMO_PORTFOLIO_SKIP | LTS_AUS2_412 skipped - hour 17 != 12
[2026-09-17 18:01:31] DEMO_PORTFOLIO_SKIP | LTS_AUS2_413 skipped - hour 17 != 8
[2026-09-17 18:01:31] DEMO_PORTFOLIO_SKIP | LTS_AUS2_414 skipped - hour 17 != 14
[2026-09-17 18:01:31] DEMO_PORTFOLIO_SKIP | LTS_AUS2_416 skipped - hour 17 != 9
[2026-09-17 18:01:31] DEMO_PORTFOLIO_SKIP | LTS_AUS2_417 skipped - hour 17 != 8
[2026-09-17 18:01:31] DEMO_PORTFOLIO_SKIP | LTS_AUS2_418 skipped - hour 17 != 14
[2026-09-17 18:01:31] DEMO_PORTFOLIO_SKIP | LTS_AUS2_420 skipped - hour 17 != 12
[2026-09-17 18:01:31] DEMO_PORTFOLIO_SKIP | LTS_AUS2_421 skipped - hour 17 != 8
[2026-09-17 18:01:31] DEMO_PORTFOLIO_SKIP | LTS_AUS2_422 skipped - hour 17 != 14
[2026-09-17 18:01:31] DEMO_PORTFOLIO_SKIP | LTS_AUS2_424 skipped - hour 17 != 9
[2026-09-17 18:01:31] DEMO_PORTFOLIO_SKIP | LTS_AUS2_425 skipped - hour 17 != 8
[2026-09-17 18:01:31] DEMO_PORTFOLIO_SKIP | LTS_AUS2_426 skipped - hour 17 != 14
[2026-09-17 18:01:31] DEMO_PORTFOLIO_SKIP | LTS_AUS2_428 skipped - hour 17 != 12
[2026-09-17 18:01:32] DEMO_PORTFOLIO_SKIP | LTS_AUS2_429 skipped - hour 17 != 8
[2026-09-17 18:01:32] DEMO_PORTFOLIO_SKIP | LTS_AUS2_430 skipped - hour 17 != 14
[2026-09-17 18:01:32] DEMO_PORTFOLIO_SKIP | LTS_AUS2_432 skipped - hour 17 != 9
[2026-09-17 18:01:32] DEMO_PORTFOLIO_SKIP | LTS_AUS2_433 skipped - hour 17 != 8
[2026-09-17 18:01:32] DEMO_PORTFOLIO_SKIP | LTS_AUS2_434 skipped - hour 17 != 14
[2026-09-17 18:01:32] DEMO_PORTFOLIO_SKIP | LTS_AUS2_436 skipped - hour 17 != 12
[2026-09-17 18:01:32] DEMO_PORTFOLIO_SKIP | LTS_AUS2_437 skipped - hour 17 != 8
[2026-09-17 18:01:32] DEMO_PORTFOLIO_SKIP | LTS_AUS2_438 skipped - hour 17 != 14
[2026-09-17 18:01:32] DEMO_PORTFOLIO_SKIP | LTS_AUS2_440 skipped - hour 17 != 9
[2026-09-17 18:01:32] DEMO_PORTFOLIO_SKIP | LTS_AUS2_441 skipped - hour 17 != 8
[2026-09-17 18:01:32] DEMO_PORTFOLIO_SKIP | LTS_AUS2_442 skipped - hour 17 != 14
[2026-09-17 18:01:32] DEMO_PORTFOLIO_SKIP | LTS_AUS2_444 skipped - hour 17 != 12
[2026-09-17 18:01:32] DEMO_PORTFOLIO_SKIP | LTS_AUS2_445 skipped - hour 17 != 8
[2026-09-17 18:01:32] DEMO_PORTFOLIO_SKIP | LTS_AUS2_446 skipped - hour 17 != 14
[2026-09-17 18:01:32] DEMO_PORTFOLIO_SKIP | LTS_AUS2_449 skipped - hour 17 != 9
[2026-09-17 18:01:32] DEMO_PORTFOLIO_SKIP | LTS_AUS2_450 skipped - hour 17 != 8
[2026-09-17 18:01:32] DEMO_PORTFOLIO_SKIP | LTS_AUS2_451 skipped - hour 17 != 14
[2026-09-17 18:01:32] DEMO_PORTFOLIO_SKIP | LTS_AUS2_453 skipped - hour 17 != 12
[2026-09-17 18:01:32] DEMO_PORTFOLIO_SKIP | LTS_AUS2_454 skipped - hour 17 != 8
[2026-09-17 18:01:32] DEMO_PORTFOLIO_SKIP | LTS_AUS2_455 skipped - hour 17 != 14
[2026-09-17 18:01:33] DEMO_PORTFOLIO_SKIP | LTS_AUS2_457 skipped - hour 17 != 9
[2026-09-17 18:01:33] DEMO_PORTFOLIO_SKIP | LTS_AUS2_458 skipped - hour 17 != 8
[2026-09-17 18:01:33] DEMO_PORTFOLIO_SKIP | LTS_AUS2_459 skipped - hour 17 != 14
[2026-09-17 18:01:33] DEMO_PORTFOLIO_SKIP | LTS_AUS2_461 skipped - hour 17 != 12
[2026-09-17 18:01:33] DEMO_PORTFOLIO_SKIP | LTS_AUS2_462 skipped - hour 17 != 8
[2026-09-17 18:01:33] DEMO_PORTFOLIO_SKIP | LTS_AUS2_463 skipped - hour 17 != 14
[2026-09-17 18:01:33] DEMO_PORTFOLIO_SKIP | LTS_AUS2_465 skipped - hour 17 != 9
[2026-09-17 18:01:33] DEMO_PORTFOLIO_SKIP | LTS_AUS2_466 skipped - hour 17 != 8
[2026-09-17 18:01:33] DEMO_PORTFOLIO_SKIP | LTS_AUS2_467 skipped - hour 17 != 14
[2026-09-17 18:01:33] DEMO_PORTFOLIO_SKIP | LTS_AUS2_469 skipped - hour 17 != 12
[2026-09-17 18:01:33] DEMO_PORTFOLIO_SKIP | LTS_AUS2_470 skipped - hour 17 != 8
[2026-09-17 18:01:33] DEMO_PORTFOLIO_SKIP | LTS_AUS2_471 skipped - hour 17 != 14
[2026-09-17 18:01:33] DEMO_PORTFOLIO_SKIP | LTS_AUS2_473 skipped - hour 17 != 9
[2026-09-17 18:01:33] DEMO_PORTFOLIO_SKIP | LTS_AUS2_474 skipped - hour 17 != 8
[2026-09-17 18:01:33] DEMO_PORTFOLIO_SKIP | LTS_AUS2_475 skipped - hour 17 != 14
[2026-09-17 18:01:33] DEMO_PORTFOLIO_SKIP | LTS_AUS2_477 skipped - hour 17 != 12
[2026-09-17 18:01:33] DEMO_PORTFOLIO_SKIP | LTS_AUS2_478 skipped - hour 17 != 8
[2026-09-17 18:01:33] DEMO_PORTFOLIO_SKIP | LTS_AUS2_479 skipped - hour 17 != 14
[2026-09-17 18:01:33] DEMO_PORTFOLIO_SKIP | LTS_AUS2_481 skipped - hour 17 != 9
[2026-09-17 18:01:34] DEMO_PORTFOLIO_SKIP | LTS_AUS2_482 skipped - hour 17 != 8
[2026-09-17 18:01:34] DEMO_PORTFOLIO_SKIP | LTS_AUS2_483 skipped - hour 17 != 14
[2026-09-17 18:01:34] DEMO_PORTFOLIO_SKIP | LTS_AUS2_485 skipped - hour 17 != 12
[2026-09-17 18:01:34] DEMO_PORTFOLIO_SKIP | LTS_AUS2_486 skipped - hour 17 != 8
[2026-09-17 18:01:34] DEMO_PORTFOLIO_SKIP | LTS_AUS2_487 skipped - hour 17 != 14
[2026-09-17 18:01:34] DEMO_PORTFOLIO_SKIP | LTS_AUS2_489 skipped - hour 17 != 9
[2026-09-17 18:01:34] DEMO_PORTFOLIO_SKIP | LTS_AUS2_490 skipped - hour 17 != 8
[2026-09-17 18:01:34] DEMO_PORTFOLIO_SKIP | LTS_AUS2_491 skipped - hour 17 != 14
[2026-09-17 18:01:34] DEMO_PORTFOLIO_SKIP | LTS_AUS2_493 skipped - hour 17 != 12
[2026-09-17 18:01:34] DEMO_PORTFOLIO_SKIP | LTS_AUS2_494 skipped - hour 17 != 8
[2026-09-17 18:01:34] DEMO_PORTFOLIO_SKIP | LTS_AUS2_495 skipped - hour 17 != 14
[2026-09-17 18:01:34] DEMO_PORTFOLIO_SKIP | LTS_AUS2_497 skipped - hour 17 != 9
[2026-09-17 18:01:34] DEMO_PORTFOLIO_SKIP | LTS_AUS2_498 skipped - hour 17 != 8
[2026-09-17 18:01:34] DEMO_PORTFOLIO_SKIP | LTS_AUS2_499 skipped - hour 17 != 14
[2026-09-17 18:01:34] DEMO_PORTFOLIO_SKIP | LTS_AUS2_501 skipped - hour 17 != 12
[2026-09-17 18:01:34] DEMO_PORTFOLIO_SKIP | LTS_AUS2_502 skipped - hour 17 != 8
[2026-09-17 18:01:34] DEMO_PORTFOLIO_SKIP | LTS_AUS2_503 skipped - hour 17 != 14
[2026-09-17 18:01:35] DEMO_PORTFOLIO_SKIP | LTS_AUS2_505 skipped - hour 17 != 9
[2026-09-17 18:01:35] DEMO_PORTFOLIO_SKIP | LTS_AUS2_506 skipped - hour 17 != 8
[2026-09-17 18:01:35] DEMO_PORTFOLIO_SKIP | LTS_AUS2_507 skipped - hour 17 != 14
[2026-09-17 18:01:35] DEMO_PORTFOLIO_SKIP | LTS_AUS2_509 skipped - hour 17 != 12
[2026-09-17 18:01:35] DEMO_PORTFOLIO_SKIP | LTS_AUS2_510 skipped - hour 17 != 8
[2026-09-17 18:01:35] DEMO_PORTFOLIO_SKIP | LTS_AUS2_511 skipped - hour 17 != 14
[2026-09-17 18:01:35] DEMO_PORTFOLIO_SKIP | LTS_AUS2_513 skipped - hour 17 != 9
[2026-09-17 18:01:35] DEMO_PORTFOLIO_SKIP | LTS_AUS2_514 skipped - hour 17 != 8
[2026-09-17 18:01:35] DEMO_PORTFOLIO_SKIP | LTS_AUS2_515 skipped - hour 17 != 14
[2026-09-17 18:01:35] DEMO_PORTFOLIO_SKIP | LTS_AUS2_517 skipped - hour 17 != 12
[2026-09-17 18:01:35] DEMO_PORTFOLIO_SKIP | LTS_AUS2_518 skipped - hour 17 != 8
[2026-09-17 18:01:35] DEMO_PORTFOLIO_SKIP | LTS_AUS2_519 skipped - hour 17 != 14
[2026-09-17 18:01:35] DEMO_PORTFOLIO_SKIP | LTS_AUS2_521 skipped - hour 17 != 9
[2026-09-17 18:01:35] DEMO_PORTFOLIO_SKIP | LTS_AUS2_522 skipped - hour 17 != 8
[2026-09-17 18:01:35] DEMO_PORTFOLIO_SKIP | LTS_AUS2_523 skipped - hour 17 != 14
[2026-09-17 18:01:35] DEMO_PORTFOLIO_SKIP | LTS_AUS2_525 skipped - hour 17 != 12
[2026-09-17 18:01:35] DEMO_PORTFOLIO_SKIP | LTS_AUS2_526 skipped - hour 17 != 8
[2026-09-17 18:01:35] DEMO_PORTFOLIO_SKIP | LTS_AUS2_527 skipped - hour 17 != 14
[2026-09-17 18:01:35] DEMO_PORTFOLIO_SKIP | LTS_AUS2_529 skipped - hour 17 != 9
[2026-09-17 18:01:35] DEMO_PORTFOLIO_SKIP | LTS_AUS2_530 skipped - hour 17 != 8
[2026-09-17 18:01:36] DEMO_PORTFOLIO_SKIP | LTS_AUS2_531 skipped - hour 17 != 14
[2026-09-17 18:01:36] DEMO_PORTFOLIO_SKIP | LTS_AUS2_533 skipped - hour 17 != 12
[2026-09-17 18:01:36] DEMO_PORTFOLIO_SKIP | LTS_AUS2_534 skipped - hour 17 != 8
[2026-09-17 18:01:36] DEMO_PORTFOLIO_SKIP | LTS_AUS2_535 skipped - hour 17 != 14
[2026-09-17 18:01:36] DEMO_PORTFOLIO_SKIP | LTS_AUS2_537 skipped - hour 17 != 9
[2026-09-17 18:01:36] DEMO_PORTFOLIO_SKIP | LTS_AUS2_538 skipped - hour 17 != 8
[2026-09-17 18:01:36] DEMO_PORTFOLIO_SKIP | LTS_AUS2_539 skipped - hour 17 != 14
[2026-09-17 18:01:36] DEMO_PORTFOLIO_SKIP | LTS_AUS2_541 skipped - hour 17 != 12
[2026-09-17 18:01:36] DEMO_PORTFOLIO_SKIP | LTS_AUS2_542 skipped - hour 17 != 8
[2026-09-17 18:01:36] DEMO_PORTFOLIO_SKIP | LTS_AUS2_543 skipped - hour 17 != 14
[2026-09-17 18:01:36] DEMO_PORTFOLIO_SKIP | LTS_AUS2_545 skipped - hour 17 != 9
[2026-09-17 18:01:36] DEMO_PORTFOLIO_SKIP | LTS_AUS2_546 skipped - hour 17 != 8
[2026-09-17 18:01:36] DEMO_PORTFOLIO_SKIP | LTS_AUS2_547 skipped - hour 17 != 14
[2026-09-17 18:01:36] DEMO_PORTFOLIO_SKIP | LTS_AUS2_549 skipped - hour 17 != 12
[2026-09-17 18:01:36] DEMO_PORTFOLIO_SKIP | LTS_AUS2_550 skipped - hour 17 != 9
[2026-09-17 18:01:36] DEMO_PORTFOLIO_SKIP | LTS_AUS2_551 skipped - hour 17 != 8
[2026-09-17 18:01:36] DEMO_PORTFOLIO_SKIP | LTS_AUS2_552 skipped - hour 17 != 14
[2026-09-17 18:01:37] DEMO_PORTFOLIO_SKIP | LTS_AUS2_554 skipped - hour 17 != 12
[2026-09-17 18:01:37] DEMO_PORTFOLIO_SKIP | LTS_AUS2_555 skipped - hour 17 != 8
[2026-09-17 18:01:37] DEMO_PORTFOLIO_SKIP | LTS_AUS2_556 skipped - hour 17 != 14
[2026-09-17 18:01:37] DEMO_PORTFOLIO_SKIP | LTS_AUS2_558 skipped - hour 17 != 9
[2026-09-17 18:01:37] DEMO_PORTFOLIO_SKIP | LTS_AUS2_559 skipped - hour 17 != 8
[2026-09-17 18:01:37] DEMO_PORTFOLIO_SKIP | LTS_AUS2_560 skipped - hour 17 != 14
[2026-09-17 18:01:37] DEMO_PORTFOLIO_SKIP | LTS_AUS2_562 skipped - hour 17 != 12
[2026-09-17 18:01:37] DEMO_PORTFOLIO_SKIP | LTS_AUS2_563 skipped - hour 17 != 8
[2026-09-17 18:01:37] DEMO_PORTFOLIO_SKIP | LTS_AUS2_564 skipped - hour 17 != 14
[2026-09-17 18:01:37] DEMO_PORTFOLIO_SKIP | LTS_AUS2_566 skipped - hour 17 != 9
[2026-09-17 18:01:37] DEMO_PORTFOLIO_SKIP | LTS_AUS2_567 skipped - hour 17 != 8
[2026-09-17 18:01:37] DEMO_PORTFOLIO_SKIP | LTS_AUS2_568 skipped - hour 17 != 14
[2026-09-17 18:01:37] DEMO_PORTFOLIO_SKIP | LTS_AUS2_570 skipped - hour 17 != 12
[2026-09-17 18:01:37] DEMO_PORTFOLIO_SKIP | LTS_AUS2_571 skipped - hour 17 != 8
[2026-09-17 18:01:37] DEMO_PORTFOLIO_SKIP | LTS_AUS2_572 skipped - hour 17 != 14
[2026-09-17 18:01:37] DEMO_PORTFOLIO_SKIP | LTS_AUS2_574 skipped - hour 17 != 9
[2026-09-17 18:01:37] DEMO_PORTFOLIO_SKIP | LTS_AUS2_575 skipped - hour 17 != 8
[2026-09-17 18:01:37] DEMO_PORTFOLIO_SKIP | LTS_AUS2_576 skipped - hour 17 != 14
[2026-09-17 18:01:37] DEMO_PORTFOLIO_SKIP | LTS_AUS2_578 skipped - hour 17 != 12
[2026-09-17 18:01:37] DEMO_PORTFOLIO_SKIP | LTS_AUS2_579 skipped - hour 17 != 8
[2026-09-17 18:01:38] DEMO_PORTFOLIO_SKIP | LTS_AUS2_580 skipped - hour 17 != 14
[2026-09-17 18:01:38] DEMO_PORTFOLIO_SKIP | LTS_AUS2_582 skipped - hour 17 != 9
[2026-09-17 18:01:38] DEMO_PORTFOLIO_SKIP | LTS_AUS2_583 skipped - hour 17 != 8
[2026-09-17 18:01:38] DEMO_PORTFOLIO_SKIP | LTS_AUS2_584 skipped - hour 17 != 14
[2026-09-17 18:01:38] DEMO_PORTFOLIO_SKIP | LTS_AUS2_586 skipped - hour 17 != 12
[2026-09-17 18:01:38] DEMO_PORTFOLIO_SKIP | LTS_AUS2_587 skipped - hour 17 != 8
[2026-09-17 18:01:38] DEMO_PORTFOLIO_SKIP | LTS_AUS2_588 skipped - hour 17 != 14
[2026-09-17 18:01:38] DEMO_PORTFOLIO_SKIP | LTS_AUS2_589 skipped - hour 17 != 9
[2026-09-17 18:01:38] DEMO_PORTFOLIO_SKIP | LTS_AUS2_590 skipped - hour 17 != 9
[2026-09-17 18:01:38] DEMO_PORTFOLIO_SKIP | LTS_AUS2_591 skipped - hour 17 != 14
[2026-09-17 18:01:38] DEMO_PORTFOLIO_SKIP | LTS_AUS2_593 skipped - hour 17 != 12
[2026-09-17 18:01:38] DEMO_PORTFOLIO_SKIP | LTS_AUS2_594 skipped - hour 17 != 8
[2026-09-17 18:01:38] DEMO_PORTFOLIO_SKIP | LTS_AUS2_595 skipped - hour 17 != 14
[2026-09-17 18:01:38] DEMO_PORTFOLIO_SKIP | LTS_AUS2_597 skipped - hour 17 != 12
[2026-09-17 18:01:38] DEMO_PORTFOLIO_SKIP | LTS_AUS2_598 skipped - hour 17 != 8
[2026-09-17 18:01:38] DEMO_PORTFOLIO_SKIP | LTS_AUS2_599 skipped - hour 17 != 14
[2026-09-17 18:01:38] DEMO_PORTFOLIO_SKIP | LTS_AUS2_601 skipped - hour 17 != 9
[2026-09-17 18:01:38] DEMO_PORTFOLIO_SKIP | LTS_AUS2_602 skipped - hour 17 != 8
[2026-09-17 18:01:38] DEMO_PORTFOLIO_SKIP | LTS_AUS2_603 skipped - hour 17 != 14
[2026-09-17 18:01:38] DEMO_PORTFOLIO_SKIP | LTS_AUS2_605 skipped - hour 17 != 12
[2026-09-17 18:01:38] DEMO_PORTFOLIO_SKIP | LTS_AUS2_606 skipped - hour 17 != 8
[2026-09-17 18:01:39] DEMO_PORTFOLIO_SKIP | LTS_AUS2_607 skipped - hour 17 != 14
[2026-09-17 18:01:39] DEMO_PORTFOLIO_SKIP | LTS_AUS2_609 skipped - hour 17 != 9
[2026-09-17 18:01:39] DEMO_PORTFOLIO_SKIP | LTS_AUS2_610 skipped - hour 17 != 8
[2026-09-17 18:01:39] DEMO_PORTFOLIO_SKIP | LTS_AUS2_611 skipped - hour 17 != 14
[2026-09-17 18:01:39] DEMO_PORTFOLIO_SKIP | LTS_AUS2_613 skipped - hour 17 != 12
[2026-09-17 18:01:39] DEMO_PORTFOLIO_SKIP | LTS_AUS2_614 skipped - hour 17 != 8
[2026-09-17 18:01:39] DEMO_PORTFOLIO_SKIP | LTS_AUS2_615 skipped - hour 17 != 14
[2026-09-17 18:01:39] DEMO_PORTFOLIO_SKIP | LTS_AUS2_617 skipped - hour 17 != 9
[2026-09-17 18:01:39] DEMO_PORTFOLIO_SKIP | LTS_AUS2_618 skipped - hour 17 != 8
[2026-09-17 18:01:39] DEMO_PORTFOLIO_SKIP | LTS_AUS2_619 skipped - hour 17 != 14
[2026-09-17 18:01:39] DEMO_PORTFOLIO_SKIP | LTS_AUS2_621 skipped - hour 17 != 12
[2026-09-17 18:01:39] DEMO_PORTFOLIO_SKIP | LTS_AUS2_622 skipped - hour 17 != 8
[2026-09-17 18:01:39] DEMO_PORTFOLIO_SKIP | LTS_AUS2_623 skipped - hour 17 != 14
[2026-09-17 18:01:39] DEMO_PORTFOLIO_SKIP | LTS_AUS2_625 skipped - hour 17 != 9
[2026-09-17 18:01:39] DEMO_PORTFOLIO_SKIP | LTS_AUS2_626 skipped - hour 17 != 8
[2026-09-17 18:01:39] DEMO_PORTFOLIO_SKIP | LTS_AUS2_627 skipped - hour 17 != 14
[2026-09-17 18:01:39] DEMO_PORTFOLIO_SKIP | LTS_AUS2_629 skipped - hour 17 != 12
[2026-09-17 18:01:39] DEMO_PORTFOLIO_SKIP | LTS_AUS2_630 skipped - hour 17 != 8
[2026-09-17 18:01:39] DEMO_PORTFOLIO_SKIP | LTS_AUS2_631 skipped - hour 17 != 14
[2026-09-17 18:01:40] DEMO_PORTFOLIO_SKIP | LTS_AUS2_633 skipped - hour 17 != 9
[2026-09-17 18:01:40] DEMO_PORTFOLIO_SKIP | LTS_AUS2_634 skipped - hour 17 != 8
[2026-09-17 18:01:40] DEMO_PORTFOLIO_SKIP | LTS_AUS2_635 skipped - hour 17 != 14
[2026-09-17 18:01:40] DEMO_PORTFOLIO_SKIP | LTS_AUS2_636 skipped - hour 17 != 12
[2026-09-17 18:01:40] DEMO_PORTFOLIO_SKIP | LTS_AUS2_637 skipped - hour 17 != 9
[2026-09-17 18:01:40] DEMO_PORTFOLIO_SKIP | LTS_AUS2_638 skipped - hour 17 != 14
[2026-09-17 18:01:40] DEMO_PORTFOLIO_SKIP | LTS_AUS2_640 skipped - hour 17 != 12
[2026-09-17 18:01:40] DEMO_PORTFOLIO_SKIP | LTS_AUS2_641 skipped - hour 17 != 8
[2026-09-17 18:01:40] DEMO_PORTFOLIO_SKIP | LTS_AUS2_642 skipped - hour 17 != 14
[2026-09-17 18:01:40] DEMO_PORTFOLIO_SCAN | XAUUSDm done active=LTS_AUS2
[2026-09-17 18:02:23] SYMBOL_CHECK | XAUUSDm trade_mode=4 xau_open=True | trade_mode=4 | tick_time=1789642943 | bid=4328.555 | ask=4328.815 | tick_ok=True | xau_open=True | current_symbol=XAUUSDm | startup=False
[2026-09-17 18:03:22] SYMBOL_CHECK | XAUUSDm trade_mode=4 xau_open=True | trade_mode=4 | tick_time=1789643003 | bid=4328.251 | ask=4328.511 | tick_ok=True | xau_open=True | current_symbol=XAUUSDm | startup=False
[2026-09-17 18:04:22] SYMBOL_CHECK | XAUUSDm trade_mode=4 xau_open=True | trade_mode=4 | tick_time=1789643062 | bid=4329.934 | ask=4330.194 | tick_ok=True | xau_open=True | current_symbol=XAUUSDm | startup=False
[2026-09-17 18:05:22] SYMBOL_CHECK | XAUUSDm trade_mode=4 xau_open=True | trade_mode=4 | tick_time=1789643123 | bid=4330.502 | ask=4330.762 | tick_ok=True | xau_open=True | current_symbol=XAUUSDm | startup=False
[2026-09-17 18:06:23] SYMBOL_CHECK | XAUUSDm trade_mode=4 xau_open=True | trade_mode=4 | tick_time=1789643183 | bid=4330.236 | ask=4330.496 | tick_ok=True | xau_open=True | current_symbol=XAUUSDm | startup=False
[2026-09-17 18:06:23] DEMO_PORTFOLIO_SCAN | XAUUSDm open active=LTS_AUS2
[2026-09-17 18:06:23] DEMO_PORTFOLIO_SCAN | XAUUSDm done active=LTS_AUS2
[2026-09-17 18:07:22] SYMBOL_CHECK | XAUUSDm trade_mode=4 xau_open=True | trade_mode=4 | tick_time=1789643243 | bid=4331.348 | ask=4331.608 | tick_ok=True | xau_open=True | current_symbol=XAUUSDm | startup=False
[2026-09-17 18:08:22] SYMBOL_CHECK | XAUUSDm trade_mode=4 xau_open=True | trade_mode=4 | tick_time=1789643303 | bid=4331.865 | ask=4332.125 | tick_ok=True | xau_open=True | current_symbol=XAUUSDm | startup=False
[2026-09-17 18:09:23] SYMBOL_CHECK | XAUUSDm trade_mode=4 xau_open=True | trade_mode=4 | tick_time=1789643362 | bid=4331.03 | ask=4331.29 | tick_ok=True | xau_open=True | current_symbol=XAUUSDm | startup=False
[2026-09-17 18:10:23] SYMBOL_CHECK | XAUUSDm trade_mode=4 xau_open=True | trade_mode=4 | tick_time=1789643423 | bid=4336.848 | ask=4337.108 | tick_ok=True | xau_open=True | current_symbol=XAUUSDm | startup=False
[2026-09-17 18:11:23] SYMBOL_CHECK | XAUUSDm trade_mode=4 xau_open=True | trade_mode=4 | tick_time=1789643483 | bid=4334.809 | ask=4335.069 | tick_ok=True | xau_open=True | current_symbol=XAUUSDm | startup=False
[2026-09-17 18:11:23] DEMO_PORTFOLIO_SCAN | XAUUSDm open active=LTS_AUS2
[2026-09-17 18:11:23] DEMO_PORTFOLIO_SCAN | XAUUSDm done active=LTS_AUS2
[2026-09-17 18:12:23] SYMBOL_CHECK | XAUUSDm trade_mode=4 xau_open=True | trade_mode=4 | tick_time=1789643543 | bid=4332.139 | ask=4332.399 | tick_ok=True | xau_open=True | current_symbol=XAUUSDm | startup=False
[2026-09-17 18:13:23] SYMBOL_CHECK | XAUUSDm trade_mode=4 xau_open=True | trade_mode=4 | tick_time=1789643603 | bid=4331.907 | ask=4332.167 | tick_ok=True | xau_open=True | current_symbol=XAUUSDm | startup=False
[2026-09-17 18:14:23] SYMBOL_CHECK | XAUUSDm trade_mode=4 xau_open=True | trade_mode=4 | tick_time=1789643663 | bid=4332.195 | ask=4332.455 | tick_ok=True | xau_open=True | current_symbol=XAUUSDm | startup=False
[2026-09-17 18:15:23] SYMBOL_CHECK | XAUUSDm trade_mode=4 xau_open=True | trade_mode=4 | tick_time=1789643723 | bid=4333.422 | ask=4333.682 | tick_ok=True | xau_open=True | current_symbol=XAUUSDm | startup=False
[2026-09-17 18:16:23] SYMBOL_CHECK | XAUUSDm trade_mode=4 xau_open=True | trade_mode=4 | tick_time=1789643783 | bid=4334.035 | ask=4334.295 | tick_ok=True | xau_open=True | current_symbol=XAUUSDm | startup=False
[2026-09-17 18:16:23] DEMO_PORTFOLIO_SCAN | XAUUSDm open active=LTS_AUS2
[2026-09-17 18:16:23] DEMO_PORTFOLIO_SCAN | XAUUSDm done active=LTS_AUS2
[2026-09-17 18:17:22] SYMBOL_CHECK | XAUUSDm trade_mode=4 xau_open=True | trade_mode=4 | tick_time=1789643843 | bid=4330.844 | ask=4331.104 | tick_ok=True | xau_open=True | current_symbol=XAUUSDm | startup=False
[2026-09-17 18:18:23] SYMBOL_CHECK | XAUUSDm trade_mode=4 xau_open=True | trade_mode=4 | tick_time=1789643903 | bid=4329.928 | ask=4330.188 | tick_ok=True | xau_open=True | current_symbol=XAUUSDm | startup=False
[2026-09-17 18:19:21] SYMBOL_CHECK | XAUUSDm trade_mode=4 xau_open=True | trade_mode=4 | tick_time=1789643963 | bid=4329.173 | ask=4329.433 | tick_ok=True | xau_open=True | current_symbol=XAUUSDm | startup=False
[2026-09-17 18:20:23] SYMBOL_CHECK | XAUUSDm trade_mode=4 xau_open=True | trade_mode=4 | tick_time=1789644023 | bid=4329.602 | ask=4329.862 | tick_ok=True | xau_open=True | current_symbol=XAUUSDm | startup=False
[2026-09-17 18:21:23] SYMBOL_CHECK | XAUUSDm trade_mode=4 xau_open=True | trade_mode=4 | tick_time=1789644083 | bid=4331.775 | ask=4332.035 | tick_ok=True | xau_open=True | current_symbol=XAUUSDm | startup=False
[2026-09-17 18:21:23] DEMO_PORTFOLIO_SCAN | XAUUSDm open active=LTS_AUS2
[2026-09-17 18:21:23] DEMO_PORTFOLIO_SCAN | XAUUSDm done active=LTS_AUS2
[2026-09-17 18:22:22] SYMBOL_CHECK | XAUUSDm trade_mode=4 xau_open=True | trade_mode=4 | tick_time=1789644142 | bid=4331.835 | ask=4332.095 | tick_ok=True | xau_open=True | current_symbol=XAUUSDm | startup=False
[2026-09-17 18:23:21] SYMBOL_CHECK | XAUUSDm trade_mode=4 xau_open=True | trade_mode=4 | tick_time=1789644203 | bid=4330.369 | ask=4330.629 | tick_ok=True | xau_open=True | current_symbol=XAUUSDm | startup=False
[2026-09-17 18:24:22] SYMBOL_CHECK | XAUUSDm trade_mode=4 xau_open=True | trade_mode=4 | tick_time=1789644263 | bid=4330.242 | ask=4330.502 | tick_ok=True | xau_open=True | current_symbol=XAUUSDm | startup=False
[2026-09-17 18:25:23] SYMBOL_CHECK | XAUUSDm trade_mode=4 xau_open=True | trade_mode=4 | tick_time=1789644322 | bid=4328.636 | ask=4328.896 | tick_ok=True | xau_open=True | current_symbol=XAUUSDm | startup=False
[2026-09-17 18:26:22] SYMBOL_CHECK | XAUUSDm trade_mode=4 xau_open=True | trade_mode=4 | tick_time=1789644383 | bid=4327.559 | ask=4327.819 | tick_ok=True | xau_open=True | current_symbol=XAUUSDm | startup=False
[2026-09-17 18:26:22] DEMO_PORTFOLIO_SCAN | XAUUSDm open active=LTS_AUS2
[2026-09-17 18:26:22] DEMO_PORTFOLIO_SCAN | XAUUSDm done active=LTS_AUS2
[2026-09-17 18:27:23] SYMBOL_CHECK | XAUUSDm trade_mode=4 xau_open=True | trade_mode=4 | tick_time=1789644443 | bid=4327.034 | ask=4327.294 | tick_ok=True | xau_open=True | current_symbol=XAUUSDm | startup=False
[2026-09-17 18:28:23] SYMBOL_CHECK | XAUUSDm trade_mode=4 xau_open=True | trade_mode=4 | tick_time=1789644503 | bid=4327.953 | ask=4328.213 | tick_ok=True | xau_open=True | current_symbol=XAUUSDm | startup=False
[2026-09-17 18:29:21] SYMBOL_CHECK | XAUUSDm trade_mode=4 xau_open=True | trade_mode=4 | tick_time=1789644563 | bid=4328.826 | ask=4329.086 | tick_ok=True | xau_open=True | current_symbol=XAUUSDm | startup=False
[2026-09-17 18:30:23] SYMBOL_CHECK | XAUUSDm trade_mode=4 xau_open=True | trade_mode=4 | tick_time=1789644623 | bid=4328.238 | ask=4328.498 | tick_ok=True | xau_open=True | current_symbol=XAUUSDm | startup=False
[2026-09-17 18:31:23] SYMBOL_CHECK | XAUUSDm trade_mode=4 xau_open=True | trade_mode=4 | tick_time=1789644683 | bid=4327.415 | ask=4327.675 | tick_ok=True | xau_open=True | current_symbol=XAUUSDm | startup=False
[2026-09-17 18:31:23] DEMO_PORTFOLIO_SCAN | XAUUSDm open active=LTS_AUS2
[2026-09-17 18:31:23] DEMO_PORTFOLIO_SKIP | LTS_AUS2_2 skipped - hour 18 != 10
[2026-09-17 18:31:23] DEMO_PORTFOLIO_SKIP | LTS_AUS2_7 skipped - hour 18 != 19
[2026-09-17 18:31:23] DEMO_PORTFOLIO_SKIP | LTS_AUS2_8 skipped - hour 18 != 10
[2026-09-17 18:31:23] DEMO_PORTFOLIO_SKIP | LTS_AUS2_15 skipped - hour 18 != 9
[2026-09-17 18:31:23] DEMO_PORTFOLIO_SKIP | LTS_AUS2_29 skipped - hour 18 != 20
[2026-09-17 18:31:23] DEMO_PORTFOLIO_SKIP | LTS_AUS2_30 skipped - hour 18 != 17
[2026-09-17 18:31:23] DEMO_PORTFOLIO_SKIP | LTS_AUS2_36 skipped - hour 18 != 21
[2026-09-17 18:31:23] DEMO_PORTFOLIO_SKIP | LTS_AUS2_37 skipped - hour 18 != 21
[2026-09-17 18:31:23] DEMO_PORTFOLIO_SKIP | LTS_AUS2_45 skipped - hour 18 != 16
[2026-09-17 18:31:23] DEMO_PORTFOLIO_SKIP | LTS_AUS2_46 skipped - hour 18 != 9
[2026-09-17 18:31:23] DEMO_PORTFOLIO_SKIP | LTS_AUS2_52 skipped - hour 18 != 10
[2026-09-17 18:31:23] DEMO_PORTFOLIO_SKIP | LTS_AUS2_59 skipped - hour 18 != 11
[2026-09-17 18:31:23] DEMO_PORTFOLIO_SKIP | LTS_AUS2_63 skipped - hour 18 != 9
[2026-09-17 18:31:23] DEMO_PORTFOLIO_SKIP | LTS_AUS2_64 skipped - hour 18 != 10
[2026-09-17 18:31:23] DEMO_PORTFOLIO_SKIP | LTS_AUS2_71 skipped - hour 18 != 10
[2026-09-17 18:31:23] DEMO_PORTFOLIO_SKIP | LTS_AUS2_75 skipped - hour 18 != 9
[2026-09-17 18:31:23] DEMO_PORTFOLIO_SKIP | LTS_AUS2_86 skipped - hour 18 != 20
[2026-09-17 18:31:23] DEMO_PORTFOLIO_SKIP | LTS_AUS2_93 skipped - hour 18 != 13
[2026-09-17 18:31:23] DEMO_PORTFOLIO_SKIP | LTS_AUS2_97 skipped - hour 18 != 9
[2026-09-17 18:31:23] DEMO_PORTFOLIO_SKIP | LTS_AUS2_106 skipped - hour 18 != 10
[2026-09-17 18:31:24] DEMO_PORTFOLIO_SKIP | LTS_AUS2_116 skipped - hour 18 != 17
[2026-09-17 18:31:24] DEMO_PORTFOLIO_SKIP | LTS_AUS2_120 skipped - hour 18 != 20
[2026-09-17 18:31:24] DEMO_PORTFOLIO_SKIP | LTS_AUS2_124 skipped - hour 18 != 20
[2026-09-17 18:31:24] DEMO_PORTFOLIO_SKIP | LTS_AUS2_127 skipped - hour 18 != 9
[2026-09-17 18:31:24] DEMO_PORTFOLIO_SKIP | LTS_AUS2_131 skipped - hour 18 != 8
[2026-09-17 18:31:24] DEMO_PORTFOLIO_SKIP | LTS_AUS2_139 skipped - hour 18 != 11
[2026-09-17 18:31:24] DEMO_PORTFOLIO_SKIP | LTS_AUS2_140 skipped - hour 18 != 13
[2026-09-17 18:31:24] DEMO_PORTFOLIO_SKIP | LTS_AUS2_143 skipped - hour 18 != 16
[2026-09-17 18:31:24] DEMO_PORTFOLIO_SKIP | LTS_AUS2_144 skipped - hour 18 != 8
[2026-09-17 18:31:24] DEMO_PORTFOLIO_SKIP | LTS_AUS2_158 skipped - hour 18 != 21
[2026-09-17 18:31:24] DEMO_PORTFOLIO_SKIP | LTS_AUS2_159 skipped - hour 18 != 12
[2026-09-17 18:31:24] DEMO_PORTFOLIO_SKIP | LTS_AUS2_169 skipped - hour 18 != 20
[2026-09-17 18:31:24] DEMO_PORTFOLIO_SKIP | LTS_AUS2_170 skipped - hour 18 != 13
[2026-09-17 18:31:24] DEMO_PORTFOLIO_SKIP | LTS_AUS2_174 skipped - hour 18 != 9
[2026-09-17 18:31:24] DEMO_PORTFOLIO_SKIP | LTS_AUS2_180 skipped - hour 18 != 11
[2026-09-17 18:31:24] DEMO_PORTFOLIO_SKIP | LTS_AUS2_196 skipped - hour 18 != 20
[2026-09-17 18:31:24] DEMO_PORTFOLIO_SKIP | LTS_AUS2_199 skipped - hour 18 != 11
[2026-09-17 18:31:24] DEMO_PORTFOLIO_SKIP | LTS_AUS2_203 skipped - hour 18 != 20
[2026-09-17 18:31:24] DEMO_PORTFOLIO_SKIP | LTS_AUS2_208 skipped - hour 18 != 22
[2026-09-17 18:31:25] DEMO_PORTFOLIO_SKIP | LTS_AUS2_211 skipped - hour 18 != 9
[2026-09-17 18:31:25] DEMO_PORTFOLIO_SKIP | LTS_AUS2_212 skipped - hour 18 != 17
[2026-09-17 18:31:25] DEMO_PORTFOLIO_SKIP | LTS_AUS2_218 skipped - hour 18 != 14
[2026-09-17 18:31:25] DEMO_PORTFOLIO_SKIP | LTS_AUS2_223 skipped - hour 18 != 20
[2026-09-17 18:31:25] DEMO_PORTFOLIO_SKIP | LTS_AUS2_229 skipped - hour 18 != 8
[2026-09-17 18:31:25] DEMO_PORTFOLIO_SKIP | LTS_AUS2_238 skipped - hour 18 != 19
[2026-09-17 18:31:25] DEMO_PORTFOLIO_SKIP | LTS_AUS2_239 skipped - hour 18 != 21
[2026-09-17 18:31:25] DEMO_PORTFOLIO_SKIP | LTS_AUS2_244 skipped - hour 18 != 21
[2026-09-17 18:31:25] DEMO_PORTFOLIO_SKIP | LTS_AUS2_245 skipped - hour 18 != 22
[2026-09-17 18:31:25] DEMO_PORTFOLIO_SKIP | LTS_AUS2_249 skipped - hour 18 != 17
[2026-09-17 18:31:25] DEMO_PORTFOLIO_SKIP | LTS_AUS2_254 skipped - hour 18 != 21
[2026-09-17 18:31:25] DEMO_PORTFOLIO_SKIP | LTS_AUS2_255 skipped - hour 18 != 21
[2026-09-17 18:31:25] DEMO_PORTFOLIO_SKIP | LTS_AUS2_257 skipped - hour 18 != 21
[2026-09-17 18:31:25] DEMO_PORTFOLIO_SKIP | LTS_AUS2_260 skipped - hour 18 != 13
[2026-09-17 18:31:25] DEMO_PORTFOLIO_SKIP | LTS_AUS2_267 skipped - hour 18 != 8
[2026-09-17 18:31:25] DEMO_PORTFOLIO_SKIP | LTS_AUS2_273 skipped - hour 18 != 20
[2026-09-17 18:31:25] DEMO_PORTFOLIO_SKIP | LTS_AUS2_276 skipped - hour 18 != 20
[2026-09-17 18:31:25] DEMO_PORTFOLIO_SKIP | LTS_AUS2_282 skipped - hour 18 != 21
[2026-09-17 18:31:25] DEMO_PORTFOLIO_SKIP | LTS_AUS2_285 skipped - hour 18 != 17
[2026-09-17 18:31:25] DEMO_PORTFOLIO_SKIP | LTS_AUS2_296 skipped - hour 18 != 17
[2026-09-17 18:31:26] DEMO_PORTFOLIO_SKIP | LTS_AUS2_301 skipped - hour 18 != 20
[2026-09-17 18:31:26] DEMO_PORTFOLIO_SKIP | LTS_AUS2_307 skipped - hour 18 != 22
[2026-09-17 18:31:26] DEMO_PORTFOLIO_SKIP | LTS_AUS2_313 skipped - hour 18 != 9
[2026-09-17 18:31:26] DEMO_PORTFOLIO_SKIP | LTS_AUS2_317 skipped - hour 18 != 13
[2026-09-17 18:31:26] DEMO_PORTFOLIO_SKIP | LTS_AUS2_322 skipped - hour 18 != 20
[2026-09-17 18:31:26] DEMO_PORTFOLIO_SKIP | LTS_AUS2_323 skipped - hour 18 != 21
[2026-09-17 18:31:26] DEMO_PORTFOLIO_SKIP | LTS_AUS2_331 skipped - hour 18 != 11
[2026-09-17 18:31:26] DEMO_PORTFOLIO_SKIP | LTS_AUS2_340 skipped - risk_distance 9.63 > 1.30
[2026-09-17 18:31:26] DEMO_PORTFOLIO_SKIP | LTS_AUS2_345 skipped - hour 18 != 17
[2026-09-17 18:31:26] DEMO_PORTFOLIO_SKIP | LTS_AUS2_350 skipped - hour 18 != 21
[2026-09-17 18:31:26] DEMO_PORTFOLIO_SKIP | LTS_AUS2_351 skipped - hour 18 != 21
[2026-09-17 18:31:26] DEMO_PORTFOLIO_SKIP | LTS_AUS2_356 skipped - hour 18 != 10
[2026-09-17 18:31:26] DEMO_PORTFOLIO_SKIP | LTS_AUS2_357 skipped - hour 18 != 21
[2026-09-17 18:31:26] DEMO_PORTFOLIO_SKIP | LTS_AUS2_366 skipped - hour 18 != 20
[2026-09-17 18:31:26] DEMO_PORTFOLIO_SKIP | LTS_AUS2_367 skipped - hour 18 != 12
[2026-09-17 18:31:26] DEMO_PORTFOLIO_SKIP | LTS_AUS2_377 skipped - hour 18 != 20
[2026-09-17 18:31:26] DEMO_PORTFOLIO_SKIP | LTS_AUS2_448 skipped - hour 18 != 22
[2026-09-17 18:31:26] DEMO_PORTFOLIO_SCAN | XAUUSDm done active=LTS_AUS2
[2026-09-17 18:32:22] SYMBOL_CHECK | XAUUSDm trade_mode=4 xau_open=True | trade_mode=4 | tick_time=1789644742 | bid=4327.924 | ask=4328.184 | tick_ok=True | xau_open=True | current_symbol=XAUUSDm | startup=False
[2026-09-17 18:33:22] SYMBOL_CHECK | XAUUSDm trade_mode=4 xau_open=True | trade_mode=4 | tick_time=1789644803 | bid=4326.679 | ask=4326.939 | tick_ok=True | xau_open=True | current_symbol=XAUUSDm | startup=False
[2026-09-17 18:34:22] SYMBOL_CHECK | XAUUSDm trade_mode=4 xau_open=True | trade_mode=4 | tick_time=1789644863 | bid=4326.607 | ask=4326.867 | tick_ok=True | xau_open=True | current_symbol=XAUUSDm | startup=False
[2026-09-17 18:35:23] SYMBOL_CHECK | XAUUSDm trade_mode=4 xau_open=True | trade_mode=4 | tick_time=1789644923 | bid=4326.313 | ask=4326.573 | tick_ok=True | xau_open=True | current_symbol=XAUUSDm | startup=False
[2026-09-17 18:36:23] SYMBOL_CHECK | XAUUSDm trade_mode=4 xau_open=True | trade_mode=4 | tick_time=1789644983 | bid=4326.666 | ask=4326.926 | tick_ok=True | xau_open=True | current_symbol=XAUUSDm | startup=False
[2026-09-17 18:36:23] DEMO_PORTFOLIO_SCAN | XAUUSDm open active=LTS_AUS2
[2026-09-17 18:36:23] DEMO_PORTFOLIO_SCAN | XAUUSDm done active=LTS_AUS2
[2026-09-17 18:37:23] SYMBOL_CHECK | XAUUSDm trade_mode=4 xau_open=True | trade_mode=4 | tick_time=1789645043 | bid=4326.019 | ask=4326.279 | tick_ok=True | xau_open=True | current_symbol=XAUUSDm | startup=False
[2026-09-17 18:38:23] SYMBOL_CHECK | XAUUSDm trade_mode=4 xau_open=True | trade_mode=4 | tick_time=1789645103 | bid=4324.787 | ask=4325.047 | tick_ok=True | xau_open=True | current_symbol=XAUUSDm | startup=False
[2026-09-17 18:39:23] SYMBOL_CHECK | XAUUSDm trade_mode=4 xau_open=True | trade_mode=4 | tick_time=1789645163 | bid=4324.837 | ask=4325.097 | tick_ok=True | xau_open=True | current_symbol=XAUUSDm | startup=False
[2026-09-17 18:40:23] SYMBOL_CHECK | XAUUSDm trade_mode=4 xau_open=True | trade_mode=4 | tick_time=1789645223 | bid=4325.263 | ask=4325.523 | tick_ok=True | xau_open=True | current_symbol=XAUUSDm | startup=False
[2026-09-17 18:41:23] SYMBOL_CHECK | XAUUSDm trade_mode=4 xau_open=True | trade_mode=4 | tick_time=1789645282 | bid=4323.969 | ask=4324.229 | tick_ok=True | xau_open=True | current_symbol=XAUUSDm | startup=False
[2026-09-17 18:41:23] DEMO_PORTFOLIO_SCAN | XAUUSDm open active=LTS_AUS2
[2026-09-17 18:41:23] DEMO_PORTFOLIO_SCAN | XAUUSDm done active=LTS_AUS2
[2026-09-17 18:42:22] SYMBOL_CHECK | XAUUSDm trade_mode=4 xau_open=True | trade_mode=4 | tick_time=1789645343 | bid=4323.861 | ask=4324.121 | tick_ok=True | xau_open=True | current_symbol=XAUUSDm | startup=False
[2026-09-17 18:43:23] SYMBOL_CHECK | XAUUSDm trade_mode=4 xau_open=True | trade_mode=4 | tick_time=1789645403 | bid=4325.2 | ask=4325.46 | tick_ok=True | xau_open=True | current_symbol=XAUUSDm | startup=False
[2026-09-17 18:44:22] SYMBOL_CHECK | XAUUSDm trade_mode=4 xau_open=True | trade_mode=4 | tick_time=1789645463 | bid=4327.038 | ask=4327.298 | tick_ok=True | xau_open=True | current_symbol=XAUUSDm | startup=False
[2026-09-17 18:45:22] SYMBOL_CHECK | XAUUSDm trade_mode=4 xau_open=True | trade_mode=4 | tick_time=1789645523 | bid=4324.572 | ask=4324.832 | tick_ok=True | xau_open=True | current_symbol=XAUUSDm | startup=False
[2026-09-17 18:46:22] SYMBOL_CHECK | XAUUSDm trade_mode=4 xau_open=True | trade_mode=4 | tick_time=1789645583 | bid=4327.139 | ask=4327.399 | tick_ok=True | xau_open=True | current_symbol=XAUUSDm | startup=False
[2026-09-17 18:46:22] DEMO_PORTFOLIO_SCAN | XAUUSDm open active=LTS_AUS2
[2026-09-17 18:46:23] DEMO_PORTFOLIO_SKIP | LTS_AUS2_1 skipped - hour 18 != 8
[2026-09-17 18:46:23] DEMO_PORTFOLIO_SKIP | LTS_AUS2_22 skipped - hour 18 != 11
[2026-09-17 18:46:23] DEMO_PORTFOLIO_SKIP | LTS_AUS2_35 skipped - hour 18 != 19
[2026-09-17 18:46:23] DEMO_PORTFOLIO_SKIP | LTS_AUS2_41 skipped - hour 18 != 9
[2026-09-17 18:46:23] DEMO_PORTFOLIO_SIGNAL | LTS_AUS2_44 SELL lot=0.50 sl=4332.36 tp=4324.44 rd=4.17 weight=50.000 scale=1.00 h=18 success=True ticket=3836907069 err=None
[2026-09-17 18:46:23] DEMO_PORTFOLIO_SKIP | LTS_AUS2_51 skipped - hour 18 != 9
[2026-09-17 18:46:23] DEMO_PORTFOLIO_SKIP | LTS_AUS2_58 skipped - hour 18 != 22
[2026-09-17 18:46:23] DEMO_PORTFOLIO_SKIP | LTS_AUS2_68 skipped - hour 18 != 14
[2026-09-17 18:46:23] DEMO_PORTFOLIO_SKIP | LTS_AUS2_74 skipped - hour 18 != 11
[2026-09-17 18:46:23] DEMO_PORTFOLIO_SKIP | LTS_AUS2_85 skipped - hour 18 != 9
[2026-09-17 18:46:23] DEMO_PORTFOLIO_SKIP | LTS_AUS2_111 skipped - hour 18 != 9
[2026-09-17 18:46:23] DEMO_PORTFOLIO_SKIP | LTS_AUS2_123 skipped - hour 18 != 22
[2026-09-17 18:46:23] DEMO_PORTFOLIO_SKIP | LTS_AUS2_130 skipped - hour 18 != 9
[2026-09-17 18:46:23] DEMO_PORTFOLIO_SKIP | LTS_AUS2_134 skipped - hour 18 != 12
[2026-09-17 18:46:23] DEMO_PORTFOLIO_SKIP | LTS_AUS2_138 skipped - hour 18 != 14
[2026-09-17 18:46:23] DEMO_PORTFOLIO_SKIP | LTS_AUS2_148 skipped - hour 18 != 17
[2026-09-17 18:46:23] DEMO_PORTFOLIO_SKIP | LTS_AUS2_157 skipped - hour 18 != 14
[2026-09-17 18:46:23] DEMO_PORTFOLIO_SKIP | LTS_AUS2_164 skipped - hour 18 != 11
[2026-09-17 18:46:24] DEMO_PORTFOLIO_SKIP | LTS_AUS2_168 skipped - hour 18 != 15
[2026-09-17 18:46:24] DEMO_PORTFOLIO_SKIP | LTS_AUS2_179 skipped - hour 18 != 22
[2026-09-17 18:46:24] DEMO_PORTFOLIO_SKIP | LTS_AUS2_186 skipped - hour 18 != 16
[2026-09-17 18:46:24] DEMO_PORTFOLIO_SKIP | LTS_AUS2_195 skipped - hour 18 != 8
[2026-09-17 18:46:24] DEMO_PORTFOLIO_SKIP | LTS_AUS2_217 skipped - hour 18 != 17
[2026-09-17 18:46:24] DEMO_PORTFOLIO_SKIP | LTS_AUS2_222 skipped - hour 18 != 14
[2026-09-17 18:46:24] DEMO_PORTFOLIO_SKIP | LTS_AUS2_234 skipped - hour 18 != 19
[2026-09-17 18:46:24] DEMO_PORTFOLIO_SKIP | LTS_AUS2_241 skipped - hour 18 != 11
[2026-09-17 18:46:24] DEMO_PORTFOLIO_SKIP | LTS_AUS2_243 skipped - hour 18 != 21
[2026-09-17 18:46:24] DEMO_PORTFOLIO_SKIP | LTS_AUS2_253 skipped - hour 18 != 20
[2026-09-17 18:46:24] DEMO_PORTFOLIO_SKIP | LTS_AUS2_264 skipped - hour 18 != 11
[2026-09-17 18:46:24] DEMO_PORTFOLIO_SKIP | LTS_AUS2_266 skipped - hour 18 != 22
[2026-09-17 18:46:24] DEMO_PORTFOLIO_SKIP | LTS_AUS2_269 skipped - hour 18 != 20
[2026-09-17 18:46:24] DEMO_PORTFOLIO_SKIP | LTS_AUS2_281 skipped - hour 18 != 15
[2026-09-17 18:46:24] DEMO_PORTFOLIO_SKIP | LTS_AUS2_291 skipped - hour 18 != 12
[2026-09-17 18:46:24] DEMO_PORTFOLIO_SKIP | LTS_AUS2_300 skipped - hour 18 != 15
[2026-09-17 18:46:24] DEMO_PORTFOLIO_SKIP | LTS_AUS2_306 skipped - hour 18 != 20
[2026-09-17 18:46:24] DEMO_PORTFOLIO_SKIP | LTS_AUS2_316 skipped - hour 18 != 16
[2026-09-17 18:46:24] DEMO_PORTFOLIO_SKIP | LTS_AUS2_321 skipped - hour 18 != 9
[2026-09-17 18:46:25] DEMO_PORTFOLIO_SKIP | LTS_AUS2_339 skipped - hour 18 != 21
[2026-09-17 18:46:25] DEMO_PORTFOLIO_SKIP | LTS_AUS2_343 skipped - hour 18 != 15
[2026-09-17 18:46:25] DEMO_PORTFOLIO_SKIP | LTS_AUS2_360 skipped - hour 18 != 19
[2026-09-17 18:46:25] DEMO_PORTFOLIO_SKIP | LTS_AUS2_365 skipped - hour 18 != 10
[2026-09-17 18:46:25] DEMO_PORTFOLIO_PENDING_CANCEL | LTS_AUS2_644 expired entry=4313.559
[2026-09-17 18:46:25] DEMO_PORTFOLIO_SCAN | XAUUSDm done active=LTS_AUS2
[2026-09-17 18:46:32] TG_DROP | TelegramError: httpx.ConnectError: [Errno 11001] getaddrinfo failed | text=[AF SIGNAL] *💎✨ Avengers Ultra Safe v2* Leg: `LTS_AUS2_44 INVERSE_S84c28_RD4.0-5.0_H18` SELL @ market lot `0.50` SL `433...
[2026-09-17 18:47:22] SYMBOL_CHECK | XAUUSDm trade_mode=4 xau_open=True | trade_mode=4 | tick_time=1789645643 | bid=4327.175 | ask=4327.435 | tick_ok=True | xau_open=True | current_symbol=XAUUSDm | startup=False
[2026-09-17 18:48:23] SYMBOL_CHECK | XAUUSDm trade_mode=4 xau_open=True | trade_mode=4 | tick_time=1789645703 | bid=4332.267 | ask=4332.527 | tick_ok=True | xau_open=True | current_symbol=XAUUSDm | startup=False
[2026-09-17 18:48:23] POSITION_CLOSED | 🛑 SL Hit | ticket=3836907069 | side=SELL | symbol=XAUUSDm | tf=M15 | sid=21 | pattern=- | trend_filter=- | open_price=4327.139 | close_price=4332.36 | sl=4332.36 | tp=4324.44 | profit=-261.05 | reason=[sl 4332.36000] | close_time=18:48:22 17/09/2026
[2026-09-17 18:48:23] TG_DROP | TelegramError: httpx.ConnectError: [Errno 11001] getaddrinfo failed | text=🔴 *🛑 SL Hit* ━━━━━━━━━━━━━━━━━ 📊 TF: M15 📊 SELL XAUUSDm 📌 เปิด: `4327.139` 📌 ปิด: `4332.36` 🛑 SL: `4332.36` | 🎯 TP: `432...
[2026-09-17 18:49:22] SYMBOL_CHECK | XAUUSDm trade_mode=4 xau_open=True | trade_mode=4 | tick_time=1789645763 | bid=4330.972 | ask=4331.232 | tick_ok=True | xau_open=True | current_symbol=XAUUSDm | startup=False
[2026-09-17 18:50:22] SYMBOL_CHECK | XAUUSDm trade_mode=4 xau_open=True | trade_mode=4 | tick_time=1789645823 | bid=4332.127 | ask=4332.387 | tick_ok=True | xau_open=True | current_symbol=XAUUSDm | startup=False
[2026-09-17 18:51:21] SYMBOL_CHECK | XAUUSDm trade_mode=4 xau_open=True | trade_mode=4 | tick_time=1789645882 | bid=4335.886 | ask=4336.146 | tick_ok=True | xau_open=True | current_symbol=XAUUSDm | startup=False
[2026-09-17 18:51:21] DEMO_PORTFOLIO_SCAN | XAUUSDm open active=LTS_AUS2
[2026-09-17 18:51:22] DEMO_PORTFOLIO_SCAN | XAUUSDm done active=LTS_AUS2
[2026-09-17 18:52:22] SYMBOL_CHECK | XAUUSDm trade_mode=4 xau_open=True | trade_mode=4 | tick_time=1789645943 | bid=4337.026 | ask=4337.286 | tick_ok=True | xau_open=True | current_symbol=XAUUSDm | startup=False
[2026-09-17 18:53:23] SYMBOL_CHECK | XAUUSDm trade_mode=4 xau_open=True | trade_mode=4 | tick_time=1789646002 | bid=4337.232 | ask=4337.492 | tick_ok=True | xau_open=True | current_symbol=XAUUSDm | startup=False
[2026-09-17 18:54:23] SYMBOL_CHECK | XAUUSDm trade_mode=4 xau_open=True | trade_mode=4 | tick_time=1789646063 | bid=4339.173 | ask=4339.433 | tick_ok=True | xau_open=True | current_symbol=XAUUSDm | startup=False
[2026-09-17 18:55:23] SYMBOL_CHECK | XAUUSDm trade_mode=4 xau_open=True | trade_mode=4 | tick_time=1789646123 | bid=4342.5 | ask=4342.76 | tick_ok=True | xau_open=True | current_symbol=XAUUSDm | startup=False
[2026-09-17 18:55:43] POSITION_CLOSED | 🛑 SL Hit | ticket=3831722726 | side=SELL | symbol=XAUUSDm | tf=M15 | sid=21 | pattern=- | trend_filter=- | open_price=4274.675 | close_price=4343.59 | sl=4343.592 | tp=4095.93 | profit=-413.5 | reason=[sl 4343.59200] | close_time=18:55:40 17/09/2026
[2026-09-17 18:55:43] TG_DROP | TelegramError: httpx.ConnectError: [Errno 11001] getaddrinfo failed | text=🔴 *🛑 SL Hit* ━━━━━━━━━━━━━━━━━ 📊 TF: M15 📊 SELL XAUUSDm 📌 เปิด: `4274.675` 📌 ปิด: `4343.59` 🛑 SL: `4343.592` | 🎯 TP: `40...
[2026-09-17 18:56:22] SYMBOL_CHECK | XAUUSDm trade_mode=4 xau_open=True | trade_mode=4 | tick_time=1789646183 | bid=4341.05 | ask=4341.31 | tick_ok=True | xau_open=True | current_symbol=XAUUSDm | startup=False
[2026-09-17 18:56:22] DEMO_PORTFOLIO_SCAN | XAUUSDm open active=LTS_AUS2
[2026-09-17 18:56:23] DEMO_PORTFOLIO_SCAN | XAUUSDm done active=LTS_AUS2
[2026-09-17 18:57:23] SYMBOL_CHECK | XAUUSDm trade_mode=4 xau_open=True | trade_mode=4 | tick_time=1789646242 | bid=4343.978 | ask=4344.238 | tick_ok=True | xau_open=True | current_symbol=XAUUSDm | startup=False
[2026-09-17 18:58:23] SYMBOL_CHECK | XAUUSDm trade_mode=4 xau_open=True | trade_mode=4 | tick_time=1789646303 | bid=4346.787 | ask=4347.047 | tick_ok=True | xau_open=True | current_symbol=XAUUSDm | startup=False
[2026-09-17 18:58:28] POSITION_CLOSED | 🛑 SL Hit | ticket=3834044327 | side=SELL | symbol=XAUUSDm | tf=M15 | sid=21 | pattern=- | trend_filter=- | open_price=4278.433 | close_price=4352.84 | sl=4352.844 | tp=4125.636 | profit=-446.46 | reason=[sl 4352.84400] | close_time=18:58:27 17/09/2026
[2026-09-17 18:58:28] TG_DROP | TelegramError: httpx.ConnectError: [Errno 11001] getaddrinfo failed | text=🔴 *🛑 SL Hit* ━━━━━━━━━━━━━━━━━ 📊 TF: M15 📊 SELL XAUUSDm 📌 เปิด: `4278.433` 📌 ปิด: `4352.84` 🛑 SL: `4352.844` | 🎯 TP: `41...
[2026-09-17 18:59:23] SYMBOL_CHECK | XAUUSDm trade_mode=4 xau_open=True | trade_mode=4 | tick_time=1789646363 | bid=4348.002 | ask=4348.262 | tick_ok=True | xau_open=True | current_symbol=XAUUSDm | startup=False
[2026-09-17 19:00:23] SYMBOL_CHECK | XAUUSDm trade_mode=4 xau_open=True | trade_mode=4 | tick_time=1789646423 | bid=4347.943 | ask=4348.203 | tick_ok=True | xau_open=True | current_symbol=XAUUSDm | startup=False
[2026-09-17 19:00:53] POSITION_CLOSED | 🎯 TP Hit | ticket=3836287642 | side=BUY | symbol=XAUUSDm | tf=H1 | sid=21 | pattern=- | trend_filter=- | open_price=4305.829000000001 | close_price=4353.79 | sl=4235.026 | tp=4353.786 | profit=2397.85 | reason=[tp 4353.78600] | close_time=19:00:50 17/09/2026
[2026-09-17 19:00:53] POSITION_CLOSED | 🎯 TP Hit | ticket=3836287636 | side=BUY | symbol=XAUUSDm | tf=H1 | sid=21 | pattern=- | trend_filter=- | open_price=4305.829000000001 | close_price=4353.79 | sl=4235.026 | tp=4353.786 | profit=287.75 | reason=[tp 4353.78600] | close_time=19:00:50 17/09/2026
[2026-09-17 19:00:53] POSITION_CLOSED | 🛑 SL Hit | ticket=3836313406 | side=SELL | symbol=XAUUSDm | tf=H1 | sid=21 | pattern=- | trend_filter=- | open_price=4309.961 | close_price=4353.79 | sl=4353.786 | tp=4235.026 | profit=-43.83 | reason=[sl 4353.78600] | close_time=19:00:51 17/09/2026
[2026-09-17 19:00:53] TG_DROP | TelegramError: httpx.ConnectError: [Errno 11001] getaddrinfo failed | text=🟢 *🎯 TP Hit* ━━━━━━━━━━━━━━━━━ 📊 TF: H1 📊 BUY XAUUSDm 📌 เปิด: `4305.829000000001` 📌 ปิด: `4353.79` 🛑 SL: `4235.026` | 🎯 ...
[2026-09-17 19:00:53] TG_DROP | TelegramError: httpx.ConnectError: [Errno 11001] getaddrinfo failed | text=🟢 *🎯 TP Hit* ━━━━━━━━━━━━━━━━━ 📊 TF: H1 📊 BUY XAUUSDm 📌 เปิด: `4305.829000000001` 📌 ปิด: `4353.79` 🛑 SL: `4235.026` | 🎯 ...
[2026-09-17 19:00:53] TG_DROP | TelegramError: httpx.ConnectError: [Errno 11001] getaddrinfo failed | text=🔴 *🛑 SL Hit* ━━━━━━━━━━━━━━━━━ 📊 TF: H1 📊 SELL XAUUSDm 📌 เปิด: `4309.961` 📌 ปิด: `4353.79` 🛑 SL: `4353.786` | 🎯 TP: `423...
[2026-09-17 19:01:23] SYMBOL_CHECK | XAUUSDm trade_mode=4 xau_open=True | trade_mode=4 | tick_time=1789646483 | bid=4351.362 | ask=4351.622 | tick_ok=True | xau_open=True | current_symbol=XAUUSDm | startup=False
[2026-09-17 19:01:23] DEMO_PORTFOLIO_SCAN | XAUUSDm open active=LTS_AUS2
[2026-09-17 19:01:23] DEMO_PORTFOLIO_SCAN | XAUUSDm done active=LTS_AUS2
[2026-09-17 19:02:22] SYMBOL_CHECK | XAUUSDm trade_mode=4 xau_open=True | trade_mode=4 | tick_time=1789646543 | bid=4348.211 | ask=4348.471 | tick_ok=True | xau_open=True | current_symbol=XAUUSDm | startup=False
[2026-09-17 19:03:23] SYMBOL_CHECK | XAUUSDm trade_mode=4 xau_open=True | trade_mode=4 | tick_time=1789646603 | bid=4345.544 | ask=4345.804 | tick_ok=True | xau_open=True | current_symbol=XAUUSDm | startup=False
[2026-09-17 19:04:23] SYMBOL_CHECK | XAUUSDm trade_mode=4 xau_open=True | trade_mode=4 | tick_time=1789646663 | bid=4350.261 | ask=4350.521 | tick_ok=True | xau_open=True | current_symbol=XAUUSDm | startup=False
[2026-09-17 19:05:23] SYMBOL_CHECK | XAUUSDm trade_mode=4 xau_open=True | trade_mode=4 | tick_time=1789646723 | bid=4347.02 | ask=4347.28 | tick_ok=True | xau_open=True | current_symbol=XAUUSDm | startup=False
[2026-09-17 19:06:22] SYMBOL_CHECK | XAUUSDm trade_mode=4 xau_open=True | trade_mode=4 | tick_time=1789646783 | bid=4347.083 | ask=4347.343 | tick_ok=True | xau_open=True | current_symbol=XAUUSDm | startup=False
[2026-09-17 19:06:22] DEMO_PORTFOLIO_SCAN | XAUUSDm open active=LTS_AUS2
[2026-09-17 19:06:23] DEMO_PORTFOLIO_SCAN | XAUUSDm done active=LTS_AUS2
[2026-09-17 19:07:23] SYMBOL_CHECK | XAUUSDm trade_mode=4 xau_open=True | trade_mode=4 | tick_time=1789646842 | bid=4346.935 | ask=4347.195 | tick_ok=True | xau_open=True | current_symbol=XAUUSDm | startup=False
[2026-09-17 19:08:22] SYMBOL_CHECK | XAUUSDm trade_mode=4 xau_open=True | trade_mode=4 | tick_time=1789646903 | bid=4349.227 | ask=4349.487 | tick_ok=True | xau_open=True | current_symbol=XAUUSDm | startup=False
[2026-09-17 19:09:22] SYMBOL_CHECK | XAUUSDm trade_mode=4 xau_open=True | trade_mode=4 | tick_time=1789646963 | bid=4351.139 | ask=4351.399 | tick_ok=True | xau_open=True | current_symbol=XAUUSDm | startup=False
[2026-09-17 19:10:23] SYMBOL_CHECK | XAUUSDm trade_mode=4 xau_open=True | trade_mode=4 | tick_time=1789647023 | bid=4352.587 | ask=4352.847 | tick_ok=True | xau_open=True | current_symbol=XAUUSDm | startup=False
[2026-09-17 19:11:22] SYMBOL_CHECK | XAUUSDm trade_mode=4 xau_open=True | trade_mode=4 | tick_time=1789647083 | bid=4355.109 | ask=4355.369 | tick_ok=True | xau_open=True | current_symbol=XAUUSDm | startup=False
[2026-09-17 19:11:22] DEMO_PORTFOLIO_SCAN | XAUUSDm open active=LTS_AUS2
[2026-09-17 19:11:23] DEMO_PORTFOLIO_SCAN | XAUUSDm done active=LTS_AUS2
[2026-09-17 19:12:23] SYMBOL_CHECK | XAUUSDm trade_mode=4 xau_open=True | trade_mode=4 | tick_time=1789647143 | bid=4354.143 | ask=4354.403 | tick_ok=True | xau_open=True | current_symbol=XAUUSDm | startup=False
[2026-09-17 19:13:22] SYMBOL_CHECK | XAUUSDm trade_mode=4 xau_open=True | trade_mode=4 | tick_time=1789647203 | bid=4354.501 | ask=4354.761 | tick_ok=True | xau_open=True | current_symbol=XAUUSDm | startup=False
[2026-09-17 19:14:22] SYMBOL_CHECK | XAUUSDm trade_mode=4 xau_open=True | trade_mode=4 | tick_time=1789647263 | bid=4353.432 | ask=4353.692 | tick_ok=True | xau_open=True | current_symbol=XAUUSDm | startup=False
[2026-09-17 19:15:22] SYMBOL_CHECK | XAUUSDm trade_mode=4 xau_open=True | trade_mode=4 | tick_time=1789647323 | bid=4354.391 | ask=4354.651 | tick_ok=True | xau_open=True | current_symbol=XAUUSDm | startup=False
[2026-09-17 19:16:03] POSITION_CLOSED | 🛑 SL Hit | ticket=3831482383 | side=SELL | symbol=XAUUSDm | tf=M15 | sid=21 | pattern=- | trend_filter=- | open_price=4303.626 | close_price=4356.72 | sl=4356.716 | tp=4189.683 | profit=-318.54 | reason=[sl 4356.716] | close_time=19:16:02 17/09/2026
[2026-09-17 19:16:03] TG_DROP | TelegramError: httpx.ConnectError: [Errno 11001] getaddrinfo failed | text=🔴 *🛑 SL Hit* ━━━━━━━━━━━━━━━━━ 📊 TF: M15 📊 SELL XAUUSDm 📌 เปิด: `4303.626` 📌 ปิด: `4356.72` 🛑 SL: `4356.716` | 🎯 TP: `41...
[2026-09-17 19:16:23] SYMBOL_CHECK | XAUUSDm trade_mode=4 xau_open=True | trade_mode=4 | tick_time=1789647383 | bid=4358.038 | ask=4358.298 | tick_ok=True | xau_open=True | current_symbol=XAUUSDm | startup=False
[2026-09-17 19:16:23] DEMO_PORTFOLIO_SCAN | XAUUSDm open active=LTS_AUS2
[2026-09-17 19:16:23] DEMO_PORTFOLIO_SCAN | XAUUSDm done active=LTS_AUS2
[2026-09-17 19:16:38] POSITION_CLOSED | 🛑 SL Hit | ticket=3833264618 | side=SELL | symbol=XAUUSDm | tf=M15 | sid=21 | pattern=- | trend_filter=- | open_price=4289.499 | close_price=4360.11 | sl=4360.112 | tp=4119.675 | profit=-423.68 | reason=[sl 4360.11200] | close_time=19:16:36 17/09/2026
[2026-09-17 19:16:38] TG_DROP | TelegramError: httpx.ConnectError: [Errno 11001] getaddrinfo failed | text=🔴 *🛑 SL Hit* ━━━━━━━━━━━━━━━━━ 📊 TF: M15 📊 SELL XAUUSDm 📌 เปิด: `4289.499` 📌 ปิด: `4360.11` 🛑 SL: `4360.112` | 🎯 TP: `41...
[2026-09-17 19:17:22] SYMBOL_CHECK | XAUUSDm trade_mode=4 xau_open=True | trade_mode=4 | tick_time=1789647443 | bid=4358.551 | ask=4358.811 | tick_ok=True | xau_open=True | current_symbol=XAUUSDm | startup=False
[2026-09-17 19:18:23] SYMBOL_CHECK | XAUUSDm trade_mode=4 xau_open=True | trade_mode=4 | tick_time=1789647503 | bid=4360.259 | ask=4360.519 | tick_ok=True | xau_open=True | current_symbol=XAUUSDm | startup=False
[2026-09-17 19:18:38] POSITION_CLOSED | 🎯 TP Hit | ticket=3833221193 | side=BUY | symbol=XAUUSDm | tf=M15 | sid=21 | pattern=- | trend_filter=- | open_price=4279.295 | close_price=4362.06 | sl=4129.788 | tp=4362.059 | profit=579.34 | reason=[tp 4362.05900] | close_time=19:18:36 17/09/2026
[2026-09-17 19:18:38] POSITION_CLOSED | 🛑 SL Hit | ticket=3833110759 | side=SELL | symbol=XAUUSDm | tf=M15 | sid=21 | pattern=- | trend_filter=- | open_price=4285.025 | close_price=4362.06 | sl=4362.059 | tp=4129.788 | profit=-462.2 | reason=[sl 4362.05900] | close_time=19:18:37 17/09/2026
[2026-09-17 19:18:38] TG_DROP | TelegramError: httpx.ConnectError: [Errno 11001] getaddrinfo failed | text=🟢 *🎯 TP Hit* ━━━━━━━━━━━━━━━━━ 📊 TF: M15 📊 BUY XAUUSDm 📌 เปิด: `4279.295` 📌 ปิด: `4362.06` 🛑 SL: `4129.788` | 🎯 TP: `436...
[2026-09-17 19:18:38] TG_DROP | TelegramError: httpx.ConnectError: [Errno 11001] getaddrinfo failed | text=🔴 *🛑 SL Hit* ━━━━━━━━━━━━━━━━━ 📊 TF: M15 📊 SELL XAUUSDm 📌 เปิด: `4285.025` 📌 ปิด: `4362.06` 🛑 SL: `4362.059` | 🎯 TP: `41...
[2026-09-17 19:19:22] SYMBOL_CHECK | XAUUSDm trade_mode=4 xau_open=True | trade_mode=4 | tick_time=1789647563 | bid=4365.561 | ask=4365.821 | tick_ok=True | xau_open=True | current_symbol=XAUUSDm | startup=False
[2026-09-17 19:20:23] SYMBOL_CHECK | XAUUSDm trade_mode=4 xau_open=True | trade_mode=4 | tick_time=1789647623 | bid=4363.462 | ask=4363.722 | tick_ok=True | xau_open=True | current_symbol=XAUUSDm | startup=False
[2026-09-17 19:21:23] SYMBOL_CHECK | XAUUSDm trade_mode=4 xau_open=True | trade_mode=4 | tick_time=1789647683 | bid=4367.32 | ask=4367.58 | tick_ok=True | xau_open=True | current_symbol=XAUUSDm | startup=False
[2026-09-17 19:21:23] DEMO_PORTFOLIO_SCAN | XAUUSDm open active=LTS_AUS2
[2026-09-17 19:21:23] DEMO_PORTFOLIO_SCAN | XAUUSDm done active=LTS_AUS2
[2026-09-17 19:22:23] SYMBOL_CHECK | XAUUSDm trade_mode=4 xau_open=True | trade_mode=4 | tick_time=1789647743 | bid=4373.126 | ask=4373.386 | tick_ok=True | xau_open=True | current_symbol=XAUUSDm | startup=False
[2026-09-17 19:23:23] SYMBOL_CHECK | XAUUSDm trade_mode=4 xau_open=True | trade_mode=4 | tick_time=1789647803 | bid=4372.425 | ask=4372.685 | tick_ok=True | xau_open=True | current_symbol=XAUUSDm | startup=False
[2026-09-17 19:24:23] SYMBOL_CHECK | XAUUSDm trade_mode=4 xau_open=True | trade_mode=4 | tick_time=1789647863 | bid=4371.088 | ask=4371.348 | tick_ok=True | xau_open=True | current_symbol=XAUUSDm | startup=False
[2026-09-17 19:25:22] SYMBOL_CHECK | XAUUSDm trade_mode=4 xau_open=True | trade_mode=4 | tick_time=1789647923 | bid=4370.787 | ask=4371.047 | tick_ok=True | xau_open=True | current_symbol=XAUUSDm | startup=False
[2026-09-17 19:26:23] SYMBOL_CHECK | XAUUSDm trade_mode=4 xau_open=True | trade_mode=4 | tick_time=1789647983 | bid=4370.746 | ask=4371.006 | tick_ok=True | xau_open=True | current_symbol=XAUUSDm | startup=False
[2026-09-17 19:26:23] DEMO_PORTFOLIO_SCAN | XAUUSDm open active=LTS_AUS2
[2026-09-17 19:26:23] DEMO_PORTFOLIO_SCAN | XAUUSDm done active=LTS_AUS2
[2026-09-17 19:27:23] SYMBOL_CHECK | XAUUSDm trade_mode=4 xau_open=True | trade_mode=4 | tick_time=1789648043 | bid=4374.431 | ask=4374.691 | tick_ok=True | xau_open=True | current_symbol=XAUUSDm | startup=False
[2026-09-17 19:28:23] SYMBOL_CHECK | XAUUSDm trade_mode=4 xau_open=True | trade_mode=4 | tick_time=1789648103 | bid=4379.688 | ask=4379.948 | tick_ok=True | xau_open=True | current_symbol=XAUUSDm | startup=False
[2026-09-17 19:29:22] SYMBOL_CHECK | XAUUSDm trade_mode=4 xau_open=True | trade_mode=4 | tick_time=1789648163 | bid=4379.985 | ask=4380.245 | tick_ok=True | xau_open=True | current_symbol=XAUUSDm | startup=False
[2026-09-17 19:30:22] SYMBOL_CHECK | XAUUSDm trade_mode=4 xau_open=True | trade_mode=4 | tick_time=1789648223 | bid=4378.473 | ask=4378.733 | tick_ok=True | xau_open=True | current_symbol=XAUUSDm | startup=False
[2026-09-17 19:31:23] SYMBOL_CHECK | XAUUSDm trade_mode=4 xau_open=True | trade_mode=4 | tick_time=1789648283 | bid=4370.875 | ask=4371.135 | tick_ok=True | xau_open=True | current_symbol=XAUUSDm | startup=False
[2026-09-17 19:31:23] DEMO_PORTFOLIO_SCAN | XAUUSDm open active=LTS_AUS2
[2026-09-17 19:31:23] DEMO_PORTFOLIO_SCAN | XAUUSDm done active=LTS_AUS2
[2026-09-17 19:32:23] SYMBOL_CHECK | XAUUSDm trade_mode=4 xau_open=True | trade_mode=4 | tick_time=1789648343 | bid=4372.217 | ask=4372.477 | tick_ok=True | xau_open=True | current_symbol=XAUUSDm | startup=False
[2026-09-17 19:33:23] SYMBOL_CHECK | XAUUSDm trade_mode=4 xau_open=True | trade_mode=4 | tick_time=1789648403 | bid=4368.865 | ask=4369.125 | tick_ok=True | xau_open=True | current_symbol=XAUUSDm | startup=False
[2026-09-17 19:34:23] SYMBOL_CHECK | XAUUSDm trade_mode=4 xau_open=True | trade_mode=4 | tick_time=1789648463 | bid=4370.638 | ask=4370.898 | tick_ok=True | xau_open=True | current_symbol=XAUUSDm | startup=False
[2026-09-17 19:35:22] SYMBOL_CHECK | XAUUSDm trade_mode=4 xau_open=True | trade_mode=4 | tick_time=1789648523 | bid=4368.328 | ask=4368.588 | tick_ok=True | xau_open=True | current_symbol=XAUUSDm | startup=False
[2026-09-17 19:36:23] SYMBOL_CHECK | XAUUSDm trade_mode=4 xau_open=True | trade_mode=4 | tick_time=1789648583 | bid=4365.553 | ask=4365.813 | tick_ok=True | xau_open=True | current_symbol=XAUUSDm | startup=False
[2026-09-17 19:36:23] DEMO_PORTFOLIO_SCAN | XAUUSDm open active=LTS_AUS2
[2026-09-17 19:36:23] DEMO_PORTFOLIO_SCAN | XAUUSDm done active=LTS_AUS2
[2026-09-17 19:37:23] SYMBOL_CHECK | XAUUSDm trade_mode=4 xau_open=True | trade_mode=4 | tick_time=1789648643 | bid=4366.421 | ask=4366.681 | tick_ok=True | xau_open=True | current_symbol=XAUUSDm | startup=False
[2026-09-17 19:38:23] SYMBOL_CHECK | XAUUSDm trade_mode=4 xau_open=True | trade_mode=4 | tick_time=1789648703 | bid=4365.902 | ask=4366.162 | tick_ok=True | xau_open=True | current_symbol=XAUUSDm | startup=False
[2026-09-17 19:39:22] SYMBOL_CHECK | XAUUSDm trade_mode=4 xau_open=True | trade_mode=4 | tick_time=1789648763 | bid=4367.831 | ask=4368.091 | tick_ok=True | xau_open=True | current_symbol=XAUUSDm | startup=False
[2026-09-17 19:40:23] SYMBOL_CHECK | XAUUSDm trade_mode=4 xau_open=True | trade_mode=4 | tick_time=1789648823 | bid=4369.423 | ask=4369.683 | tick_ok=True | xau_open=True | current_symbol=XAUUSDm | startup=False
[2026-09-17 19:41:06] TG_NETWORK_ERROR | httpx.ConnectError: [Errno 11001] getaddrinfo failed
[2026-09-17 19:41:08] TG_NETWORK_ERROR | httpx.ConnectError: [Errno 11001] getaddrinfo failed
[2026-09-17 19:41:09] TG_NETWORK_ERROR | httpx.ConnectError: [Errno 11001] getaddrinfo failed
[2026-09-17 19:41:11] TG_NETWORK_ERROR | httpx.ConnectError: [Errno 11001] getaddrinfo failed
[2026-09-17 19:41:15] TG_NETWORK_ERROR | httpx.ConnectError: [Errno 11001] getaddrinfo failed
[2026-09-17 19:41:20] TG_NETWORK_ERROR | httpx.ConnectError: [Errno 11001] getaddrinfo failed
[2026-09-17 19:41:23] SYMBOL_CHECK | XAUUSDm trade_mode=4 xau_open=True | trade_mode=4 | tick_time=1789648883 | bid=4367.975 | ask=4368.235 | tick_ok=True | xau_open=True | current_symbol=XAUUSDm | startup=False
[2026-09-17 19:41:23] DEMO_PORTFOLIO_SCAN | XAUUSDm open active=LTS_AUS2
[2026-09-17 19:41:23] DEMO_PORTFOLIO_SCAN | XAUUSDm done active=LTS_AUS2
[2026-09-17 19:41:28] TG_NETWORK_ERROR | httpx.ConnectError: [Errno 11001] getaddrinfo failed
[2026-09-17 19:41:39] TG_NETWORK_ERROR | httpx.ConnectError: [Errno 11001] getaddrinfo failed
[2026-09-17 19:41:57] TG_NETWORK_ERROR | httpx.ConnectError: [Errno 11001] getaddrinfo failed
[2026-09-17 19:42:22] TG_NETWORK_ERROR | httpx.ConnectError: [Errno 11001] getaddrinfo failed
[2026-09-17 19:42:23] SYMBOL_CHECK | XAUUSDm trade_mode=4 xau_open=True | trade_mode=4 | tick_time=1789648943 | bid=4364.192 | ask=4364.452 | tick_ok=True | xau_open=True | current_symbol=XAUUSDm | startup=False
[2026-09-17 19:42:51] TG_NETWORK_ERROR | httpx.ConnectError: [Errno 11001] getaddrinfo failed
[2026-09-17 19:43:23] TG_NETWORK_ERROR | httpx.ConnectError: [Errno 11001] getaddrinfo failed
[2026-09-17 19:43:23] SYMBOL_CHECK | XAUUSDm trade_mode=4 xau_open=True | trade_mode=4 | tick_time=1789649003 | bid=4364.646 | ask=4364.906 | tick_ok=True | xau_open=True | current_symbol=XAUUSDm | startup=False
[2026-09-17 19:43:52] TG_NETWORK_ERROR | httpx.ConnectError: [Errno 11001] getaddrinfo failed
[2026-09-17 19:44:23] TG_NETWORK_ERROR | httpx.ConnectError: [Errno 11001] getaddrinfo failed
[2026-09-17 19:44:23] SYMBOL_CHECK | XAUUSDm trade_mode=4 xau_open=True | trade_mode=4 | tick_time=1789649063 | bid=4361.573 | ask=4361.833 | tick_ok=True | xau_open=True | current_symbol=XAUUSDm | startup=False
[2026-09-17 19:44:53] TG_NETWORK_ERROR | httpx.ConnectError: [Errno 11001] getaddrinfo failed
[2026-09-17 19:45:22] TG_NETWORK_ERROR | httpx.ConnectError: [Errno 11001] getaddrinfo failed
[2026-09-17 19:45:22] SYMBOL_CHECK | XAUUSDm trade_mode=4 xau_open=True | trade_mode=4 | tick_time=1789649123 | bid=4359.189 | ask=4359.449 | tick_ok=True | xau_open=True | current_symbol=XAUUSDm | startup=False
[2026-09-17 19:45:52] TG_NETWORK_ERROR | httpx.ConnectError: [Errno 11001] getaddrinfo failed
[2026-09-17 19:46:22] TG_NETWORK_ERROR | httpx.ConnectError: [Errno 11001] getaddrinfo failed
[2026-09-17 19:46:22] SYMBOL_CHECK | XAUUSDm trade_mode=4 xau_open=True | trade_mode=4 | tick_time=1789649183 | bid=4362.231 | ask=4362.491 | tick_ok=True | xau_open=True | current_symbol=XAUUSDm | startup=False
[2026-09-17 19:46:22] DEMO_PORTFOLIO_SCAN | XAUUSDm open active=LTS_AUS2
[2026-09-17 19:46:23] DEMO_PORTFOLIO_SCAN | XAUUSDm done active=LTS_AUS2
[2026-09-17 19:46:52] TG_NETWORK_ERROR | httpx.ConnectError: [Errno 11001] getaddrinfo failed
[2026-09-17 19:47:22] TG_NETWORK_ERROR | httpx.ConnectError: [Errno 11001] getaddrinfo failed
[2026-09-17 19:47:22] SYMBOL_CHECK | XAUUSDm trade_mode=4 xau_open=True | trade_mode=4 | tick_time=1789649243 | bid=4361.387 | ask=4361.647 | tick_ok=True | xau_open=True | current_symbol=XAUUSDm | startup=False
[2026-09-17 19:47:52] TG_NETWORK_ERROR | httpx.ConnectError: [Errno 11001] getaddrinfo failed
[2026-09-17 19:48:22] SYMBOL_CHECK | XAUUSDm trade_mode=4 xau_open=True | trade_mode=4 | tick_time=1789649303 | bid=4361.817 | ask=4362.077 | tick_ok=True | xau_open=True | current_symbol=XAUUSDm | startup=False
[2026-09-17 19:48:23] TG_NETWORK_ERROR | httpx.ConnectError: [Errno 11001] getaddrinfo failed
[2026-09-17 19:48:53] TG_NETWORK_ERROR | httpx.ConnectError: [Errno 11001] getaddrinfo failed
[2026-09-17 19:49:22] SYMBOL_CHECK | XAUUSDm trade_mode=4 xau_open=True | trade_mode=4 | tick_time=1789649363 | bid=4366.195 | ask=4366.455 | tick_ok=True | xau_open=True | current_symbol=XAUUSDm | startup=False
[2026-09-17 19:49:23] TG_NETWORK_ERROR | httpx.ConnectError: [Errno 11001] getaddrinfo failed
[2026-09-17 19:49:53] TG_NETWORK_ERROR | httpx.ConnectError: [Errno 11001] getaddrinfo failed
[2026-09-17 19:50:23] SYMBOL_CHECK | XAUUSDm trade_mode=4 xau_open=True | trade_mode=4 | tick_time=1789649423 | bid=4368.652 | ask=4368.912 | tick_ok=True | xau_open=True | current_symbol=XAUUSDm | startup=False
[2026-09-17 19:50:23] TG_NETWORK_ERROR | httpx.ConnectError: [Errno 11001] getaddrinfo failed
[2026-09-17 19:50:53] TG_NETWORK_ERROR | httpx.ConnectError: [Errno 11001] getaddrinfo failed
[2026-09-17 19:51:22] SYMBOL_CHECK | XAUUSDm trade_mode=4 xau_open=True | trade_mode=4 | tick_time=1789649483 | bid=4370.377 | ask=4370.637 | tick_ok=True | xau_open=True | current_symbol=XAUUSDm | startup=False
[2026-09-17 19:51:23] DEMO_PORTFOLIO_SCAN | XAUUSDm open active=LTS_AUS2
[2026-09-17 19:51:23] DEMO_PORTFOLIO_SCAN | XAUUSDm done active=LTS_AUS2
[2026-09-17 19:51:23] TG_NETWORK_ERROR | httpx.ConnectError: [Errno 11001] getaddrinfo failed
[2026-09-17 19:51:53] TG_NETWORK_ERROR | httpx.ConnectError: [Errno 11001] getaddrinfo failed
[2026-09-17 19:52:23] SYMBOL_CHECK | XAUUSDm trade_mode=4 xau_open=True | trade_mode=4 | tick_time=1789649543 | bid=4371.043 | ask=4371.303 | tick_ok=True | xau_open=True | current_symbol=XAUUSDm | startup=False
[2026-09-17 19:52:23] TG_NETWORK_ERROR | httpx.ConnectError: [Errno 11001] getaddrinfo failed
[2026-09-17 19:52:53] TG_NETWORK_ERROR | httpx.ConnectError: [Errno 11001] getaddrinfo failed
[2026-09-17 19:53:23] SYMBOL_CHECK | XAUUSDm trade_mode=4 xau_open=True | trade_mode=4 | tick_time=1789649603 | bid=4372.935 | ask=4373.195 | tick_ok=True | xau_open=True | current_symbol=XAUUSDm | startup=False
[2026-09-17 19:53:23] TG_NETWORK_ERROR | httpx.ConnectError: [Errno 11001] getaddrinfo failed
[2026-09-17 19:53:53] TG_NETWORK_ERROR | httpx.ConnectError: [Errno 11001] getaddrinfo failed
[2026-09-17 19:54:22] SYMBOL_CHECK | XAUUSDm trade_mode=4 xau_open=True | trade_mode=4 | tick_time=1789649663 | bid=4373.912 | ask=4374.172 | tick_ok=True | xau_open=True | current_symbol=XAUUSDm | startup=False
[2026-09-17 19:54:23] TG_NETWORK_ERROR | httpx.ConnectError: [Errno 11001] getaddrinfo failed
[2026-09-17 19:54:56] TG_NETWORK_ERROR | httpx.ConnectError: [Errno 11001] getaddrinfo failed
[2026-09-17 19:55:23] SYMBOL_CHECK | XAUUSDm trade_mode=4 xau_open=True | trade_mode=4 | tick_time=1789649723 | bid=4372.046 | ask=4372.306 | tick_ok=True | xau_open=True | current_symbol=XAUUSDm | startup=False
[2026-09-17 19:55:26] TG_NETWORK_ERROR | httpx.ConnectError: [Errno 11001] getaddrinfo failed
[2026-09-17 19:56:02] TG_NETWORK_ERROR | httpx.ConnectError: [Errno 11001] getaddrinfo failed
[2026-09-17 19:56:03] TG_NETWORK_ERROR | httpx.ConnectError: [Errno 11001] getaddrinfo failed
[2026-09-17 19:56:04] TG_NETWORK_ERROR | httpx.ConnectError: [Errno 11001] getaddrinfo failed
[2026-09-17 19:56:07] TG_NETWORK_ERROR | httpx.ConnectError: [Errno 11001] getaddrinfo failed
[2026-09-17 19:56:10] TG_NETWORK_ERROR | httpx.ConnectError: [Errno 11001] getaddrinfo failed
[2026-09-17 19:56:20] TG_NETWORK_ERROR | httpx.ConnectError: [Errno 11001] getaddrinfo failed
[2026-09-17 19:56:21] TG_NETWORK_ERROR | httpx.ConnectError: [Errno 11001] getaddrinfo failed
[2026-09-17 19:56:22] SYMBOL_CHECK | XAUUSDm trade_mode=4 xau_open=True | trade_mode=4 | tick_time=1789649783 | bid=4371.668 | ask=4371.928 | tick_ok=True | xau_open=True | current_symbol=XAUUSDm | startup=False
[2026-09-17 19:56:22] DEMO_PORTFOLIO_SCAN | XAUUSDm open active=LTS_AUS2
[2026-09-17 19:56:23] DEMO_PORTFOLIO_SCAN | XAUUSDm done active=LTS_AUS2
[2026-09-17 19:56:23] TG_NETWORK_ERROR | httpx.ConnectError: [Errno 11001] getaddrinfo failed
[2026-09-17 19:56:25] TG_NETWORK_ERROR | httpx.ConnectError: [Errno 11001] getaddrinfo failed
[2026-09-17 19:56:29] TG_NETWORK_ERROR | httpx.ConnectError: [Errno 11001] getaddrinfo failed
[2026-09-17 19:56:34] TG_NETWORK_ERROR | httpx.ConnectError: [Errno 11001] getaddrinfo failed
[2026-09-17 19:56:41] TG_NETWORK_ERROR | httpx.ConnectError: [Errno 11001] getaddrinfo failed
[2026-09-17 19:56:53] TG_NETWORK_ERROR | httpx.ConnectError: [Errno 11001] getaddrinfo failed
[2026-09-17 19:57:10] TG_NETWORK_ERROR | httpx.ConnectError: [Errno 11001] getaddrinfo failed
[2026-09-17 19:57:22] SYMBOL_CHECK | XAUUSDm trade_mode=4 xau_open=True | trade_mode=4 | tick_time=1789649843 | bid=4372.94 | ask=4373.2 | tick_ok=True | xau_open=True | current_symbol=XAUUSDm | startup=False
[2026-09-17 19:57:36] TG_NETWORK_ERROR | httpx.ConnectError: [Errno 11001] getaddrinfo failed
[2026-09-17 19:58:06] TG_NETWORK_ERROR | httpx.ConnectError: [Errno 11001] getaddrinfo failed
[2026-09-17 19:58:23] SYMBOL_CHECK | XAUUSDm trade_mode=4 xau_open=True | trade_mode=4 | tick_time=1789649903 | bid=4372.841 | ask=4373.101 | tick_ok=True | xau_open=True | current_symbol=XAUUSDm | startup=False
[2026-09-17 19:58:36] TG_NETWORK_ERROR | httpx.ConnectError: [Errno 11001] getaddrinfo failed
[2026-09-17 19:59:06] TG_NETWORK_ERROR | httpx.ConnectError: [Errno 11001] getaddrinfo failed
[2026-09-17 19:59:23] SYMBOL_CHECK | XAUUSDm trade_mode=4 xau_open=True | trade_mode=4 | tick_time=1789649963 | bid=4372.557 | ask=4372.817 | tick_ok=True | xau_open=True | current_symbol=XAUUSDm | startup=False
[2026-09-17 19:59:36] TG_NETWORK_ERROR | httpx.ConnectError: [Errno 11001] getaddrinfo failed
[2026-09-17 20:00:06] TG_NETWORK_ERROR | httpx.ConnectError: [Errno 11001] getaddrinfo failed
[2026-09-17 20:00:22] SYMBOL_CHECK | XAUUSDm trade_mode=4 xau_open=True | trade_mode=4 | tick_time=1789650023 | bid=4368.636 | ask=4368.896 | tick_ok=True | xau_open=True | current_symbol=XAUUSDm | startup=False
[2026-09-17 20:00:36] TG_NETWORK_ERROR | httpx.ConnectError: [Errno 11001] getaddrinfo failed
[2026-09-17 20:01:06] TG_NETWORK_ERROR | httpx.ConnectError: [Errno 11001] getaddrinfo failed
[2026-09-17 20:01:22] SYMBOL_CHECK | XAUUSDm trade_mode=4 xau_open=True | trade_mode=4 | tick_time=1789650083 | bid=4370.256 | ask=4370.516 | tick_ok=True | xau_open=True | current_symbol=XAUUSDm | startup=False
[2026-09-17 20:01:22] DEMO_PORTFOLIO_SCAN | XAUUSDm open active=LTS_AUS2
[2026-09-17 20:01:23] DEMO_PORTFOLIO_SCAN | XAUUSDm done active=LTS_AUS2
[2026-09-17 20:01:36] TG_NETWORK_ERROR | httpx.ConnectError: [Errno 11001] getaddrinfo failed
[2026-09-17 20:02:06] TG_NETWORK_ERROR | httpx.ConnectError: [Errno 11001] getaddrinfo failed
[2026-09-17 20:02:22] SYMBOL_CHECK | XAUUSDm trade_mode=4 xau_open=True | trade_mode=4 | tick_time=1789650143 | bid=4368.961 | ask=4369.221 | tick_ok=True | xau_open=True | current_symbol=XAUUSDm | startup=False
[2026-09-17 20:02:37] TG_NETWORK_ERROR | httpx.ConnectError: [Errno 11001] getaddrinfo failed
[2026-09-17 20:03:07] TG_NETWORK_ERROR | httpx.ConnectError: [Errno 11001] getaddrinfo failed
[2026-09-17 20:03:23] SYMBOL_CHECK | XAUUSDm trade_mode=4 xau_open=True | trade_mode=4 | tick_time=1789650203 | bid=4367.395 | ask=4367.655 | tick_ok=True | xau_open=True | current_symbol=XAUUSDm | startup=False
[2026-09-17 20:03:37] TG_NETWORK_ERROR | httpx.ConnectError: [Errno 11001] getaddrinfo failed
[2026-09-17 20:04:07] TG_NETWORK_ERROR | httpx.ConnectError: [Errno 11001] getaddrinfo failed
[2026-09-17 20:04:22] SYMBOL_CHECK | XAUUSDm trade_mode=4 xau_open=True | trade_mode=4 | tick_time=1789650263 | bid=4368.591 | ask=4368.851 | tick_ok=True | xau_open=True | current_symbol=XAUUSDm | startup=False
[2026-09-17 20:04:38] TG_NETWORK_ERROR | httpx.ConnectError: [Errno 11001] getaddrinfo failed
[2026-09-17 20:05:07] TG_NETWORK_ERROR | httpx.ConnectError: [Errno 11001] getaddrinfo failed
[2026-09-17 20:05:23] SYMBOL_CHECK | XAUUSDm trade_mode=4 xau_open=True | trade_mode=4 | tick_time=1789650323 | bid=4366.596 | ask=4366.856 | tick_ok=True | xau_open=True | current_symbol=XAUUSDm | startup=False
[2026-09-17 20:05:43] TG_NETWORK_ERROR | httpx.ConnectError: [Errno 11001] getaddrinfo failed
[2026-09-17 20:05:44] TG_NETWORK_ERROR | httpx.ConnectError: [Errno 11001] getaddrinfo failed
[2026-09-17 20:05:45] TG_NETWORK_ERROR | httpx.ConnectError: [Errno 11001] getaddrinfo failed
[2026-09-17 20:05:48] TG_NETWORK_ERROR | httpx.ConnectError: [Errno 11001] getaddrinfo failed
[2026-09-17 20:05:51] TG_NETWORK_ERROR | httpx.ConnectError: [Errno 11001] getaddrinfo failed
[2026-09-17 20:06:01] TG_NETWORK_ERROR | httpx.ConnectError: [Errno 11001] getaddrinfo failed
[2026-09-17 20:06:02] TG_NETWORK_ERROR | httpx.ConnectError: [Errno 11001] getaddrinfo failed
[2026-09-17 20:06:04] TG_NETWORK_ERROR | httpx.ConnectError: [Errno 11001] getaddrinfo failed
[2026-09-17 20:06:06] TG_NETWORK_ERROR | httpx.ConnectError: [Errno 11001] getaddrinfo failed
[2026-09-17 20:06:09] TG_NETWORK_ERROR | httpx.ConnectError: [Errno 11001] getaddrinfo failed
[2026-09-17 20:06:15] TG_NETWORK_ERROR | httpx.ConnectError: [Errno 11001] getaddrinfo failed
[2026-09-17 20:06:23] SYMBOL_CHECK | XAUUSDm trade_mode=4 xau_open=True | trade_mode=4 | tick_time=1789650383 | bid=4366.239 | ask=4366.499 | tick_ok=True | xau_open=True | current_symbol=XAUUSDm | startup=False
[2026-09-17 20:06:23] DEMO_PORTFOLIO_SCAN | XAUUSDm open active=LTS_AUS2
[2026-09-17 20:06:23] DEMO_PORTFOLIO_SCAN | XAUUSDm done active=LTS_AUS2
[2026-09-17 20:06:27] TG_NETWORK_ERROR | httpx.ConnectError: [Errno 11001] getaddrinfo failed
[2026-09-17 20:06:28] TG_NETWORK_ERROR | httpx.ConnectError: [Errno 11001] getaddrinfo failed
[2026-09-17 20:06:29] TG_NETWORK_ERROR | httpx.ConnectError: [Errno 11001] getaddrinfo failed
[2026-09-17 20:06:32] TG_NETWORK_ERROR | httpx.ConnectError: [Errno 11001] getaddrinfo failed
[2026-09-17 20:06:35] TG_NETWORK_ERROR | httpx.ConnectError: [Errno 11001] getaddrinfo failed
[2026-09-17 20:06:40] TG_NETWORK_ERROR | httpx.ConnectError: [Errno 11001] getaddrinfo failed
[2026-09-17 20:06:48] TG_NETWORK_ERROR | httpx.ConnectError: [Errno 11001] getaddrinfo failed
[2026-09-17 20:06:59] TG_NETWORK_ERROR | httpx.ConnectError: [Errno 11001] getaddrinfo failed
[2026-09-17 20:07:21] TG_NETWORK_ERROR | httpx.ConnectError: [Errno 11001] getaddrinfo failed
[2026-09-17 20:07:22] TG_NETWORK_ERROR | httpx.ConnectError: [Errno 11001] getaddrinfo failed
[2026-09-17 20:07:22] SYMBOL_CHECK | XAUUSDm trade_mode=4 xau_open=True | trade_mode=4 | tick_time=1789650443 | bid=4367.022 | ask=4367.282 | tick_ok=True | xau_open=True | current_symbol=XAUUSDm | startup=False
[2026-09-17 20:07:24] TG_NETWORK_ERROR | httpx.ConnectError: [Errno 11001] getaddrinfo failed
[2026-09-17 20:07:26] TG_NETWORK_ERROR | httpx.ConnectError: [Errno 11001] getaddrinfo failed
[2026-09-17 20:07:30] TG_NETWORK_ERROR | httpx.ConnectError: [Errno 11001] getaddrinfo failed
[2026-09-17 20:07:35] TG_NETWORK_ERROR | httpx.ConnectError: [Errno 11001] getaddrinfo failed
[2026-09-17 20:07:42] TG_NETWORK_ERROR | httpx.ConnectError: [Errno 11001] getaddrinfo failed
[2026-09-17 20:07:54] TG_NETWORK_ERROR | httpx.ConnectError: [Errno 11001] getaddrinfo failed
[2026-09-17 20:08:11] TG_NETWORK_ERROR | httpx.ConnectError: [Errno 11001] getaddrinfo failed
[2026-09-17 20:08:23] SYMBOL_CHECK | XAUUSDm trade_mode=4 xau_open=True | trade_mode=4 | tick_time=1789650503 | bid=4371.721 | ask=4371.981 | tick_ok=True | xau_open=True | current_symbol=XAUUSDm | startup=False
[2026-09-17 20:08:37] TG_NETWORK_ERROR | httpx.ConnectError: [Errno 11001] getaddrinfo failed
[2026-09-17 20:09:07] TG_NETWORK_ERROR | httpx.ConnectError: [Errno 11001] getaddrinfo failed
[2026-09-17 20:09:23] SYMBOL_CHECK | XAUUSDm trade_mode=4 xau_open=True | trade_mode=4 | tick_time=1789650563 | bid=4367.543 | ask=4367.803 | tick_ok=True | xau_open=True | current_symbol=XAUUSDm | startup=False
[2026-09-17 20:09:37] TG_NETWORK_ERROR | httpx.ConnectError: [Errno 11001] getaddrinfo failed
[2026-09-17 20:10:07] TG_NETWORK_ERROR | httpx.ConnectError: [Errno 11001] getaddrinfo failed
[2026-09-17 20:10:22] SYMBOL_CHECK | XAUUSDm trade_mode=4 xau_open=True | trade_mode=4 | tick_time=1789650623 | bid=4365.916 | ask=4366.176 | tick_ok=True | xau_open=True | current_symbol=XAUUSDm | startup=False
[2026-09-17 20:10:37] TG_NETWORK_ERROR | httpx.ConnectError: [Errno 11001] getaddrinfo failed
[2026-09-17 20:11:07] TG_NETWORK_ERROR | httpx.ConnectError: [Errno 11001] getaddrinfo failed
[2026-09-17 20:11:22] SYMBOL_CHECK | XAUUSDm trade_mode=4 xau_open=True | trade_mode=4 | tick_time=1789650683 | bid=4364.922 | ask=4365.182 | tick_ok=True | xau_open=True | current_symbol=XAUUSDm | startup=False
[2026-09-17 20:11:22] DEMO_PORTFOLIO_SCAN | XAUUSDm open active=LTS_AUS2
[2026-09-17 20:11:23] DEMO_PORTFOLIO_SCAN | XAUUSDm done active=LTS_AUS2
[2026-09-17 20:11:37] TG_NETWORK_ERROR | httpx.ConnectError: [Errno 11001] getaddrinfo failed
[2026-09-17 20:12:08] TG_NETWORK_ERROR | httpx.ConnectError: [Errno 11001] getaddrinfo failed
[2026-09-17 20:12:22] SYMBOL_CHECK | XAUUSDm trade_mode=4 xau_open=True | trade_mode=4 | tick_time=1789650743 | bid=4363.425 | ask=4363.685 | tick_ok=True | xau_open=True | current_symbol=XAUUSDm | startup=False
[2026-09-17 20:12:38] TG_NETWORK_ERROR | httpx.ConnectError: [Errno 11001] getaddrinfo failed
[2026-09-17 20:13:08] TG_NETWORK_ERROR | httpx.ConnectError: [Errno 11001] getaddrinfo failed
[2026-09-17 20:13:23] SYMBOL_CHECK | XAUUSDm trade_mode=4 xau_open=True | trade_mode=4 | tick_time=1789650803 | bid=4362.107 | ask=4362.367 | tick_ok=True | xau_open=True | current_symbol=XAUUSDm | startup=False
[2026-09-17 20:13:37] TG_NETWORK_ERROR | httpx.ConnectError: [Errno 11001] getaddrinfo failed
[2026-09-17 20:14:08] TG_NETWORK_ERROR | httpx.ConnectError: [Errno 11001] getaddrinfo failed
[2026-09-17 20:14:23] SYMBOL_CHECK | XAUUSDm trade_mode=4 xau_open=True | trade_mode=4 | tick_time=1789650863 | bid=4362.893 | ask=4363.153 | tick_ok=True | xau_open=True | current_symbol=XAUUSDm | startup=False
[2026-09-17 20:14:38] TG_NETWORK_ERROR | httpx.ConnectError: [Errno 11001] getaddrinfo failed
[2026-09-17 20:15:08] TG_NETWORK_ERROR | httpx.ConnectError: [Errno 11001] getaddrinfo failed
[2026-09-17 20:15:23] SYMBOL_CHECK | XAUUSDm trade_mode=4 xau_open=True | trade_mode=4 | tick_time=1789650923 | bid=4366.184 | ask=4366.444 | tick_ok=True | xau_open=True | current_symbol=XAUUSDm | startup=False
[2026-09-17 20:15:38] TG_NETWORK_ERROR | httpx.ConnectError: [Errno 11001] getaddrinfo failed
[2026-09-17 20:16:08] TG_NETWORK_ERROR | httpx.ConnectError: [Errno 11001] getaddrinfo failed
[2026-09-17 20:16:23] SYMBOL_CHECK | XAUUSDm trade_mode=4 xau_open=True | trade_mode=4 | tick_time=1789650983 | bid=4369.937 | ask=4370.197 | tick_ok=True | xau_open=True | current_symbol=XAUUSDm | startup=False
[2026-09-17 20:16:23] DEMO_PORTFOLIO_SCAN | XAUUSDm open active=LTS_AUS2
[2026-09-17 20:16:23] DEMO_PORTFOLIO_SCAN | XAUUSDm done active=LTS_AUS2
[2026-09-17 20:16:38] TG_NETWORK_ERROR | httpx.ConnectError: [Errno 11001] getaddrinfo failed
[2026-09-17 20:17:07] TG_NETWORK_ERROR | httpx.ConnectError: [Errno 11001] getaddrinfo failed
[2026-09-17 20:17:22] SYMBOL_CHECK | XAUUSDm trade_mode=4 xau_open=True | trade_mode=4 | tick_time=1789651043 | bid=4369.466 | ask=4369.726 | tick_ok=True | xau_open=True | current_symbol=XAUUSDm | startup=False
[2026-09-17 20:17:38] TG_NETWORK_ERROR | httpx.ConnectError: [Errno 11001] getaddrinfo failed
[2026-09-17 20:18:08] TG_NETWORK_ERROR | httpx.ConnectError: [Errno 11001] getaddrinfo failed
[2026-09-17 20:18:22] SYMBOL_CHECK | XAUUSDm trade_mode=4 xau_open=True | trade_mode=4 | tick_time=1789651103 | bid=4372.183 | ask=4372.443 | tick_ok=True | xau_open=True | current_symbol=XAUUSDm | startup=False
[2026-09-17 20:18:38] TG_NETWORK_ERROR | httpx.ConnectError: [Errno 11001] getaddrinfo failed
[2026-09-17 20:19:18] TG_NETWORK_ERROR | httpx.ConnectError: [Errno 11001] getaddrinfo failed
[2026-09-17 20:19:19] TG_NETWORK_ERROR | httpx.ConnectError: [Errno 11001] getaddrinfo failed
[2026-09-17 20:19:20] TG_NETWORK_ERROR | httpx.ConnectError: [Errno 11001] getaddrinfo failed
[2026-09-17 20:19:23] SYMBOL_CHECK | XAUUSDm trade_mode=4 xau_open=True | trade_mode=4 | tick_time=1789651163 | bid=4373.196 | ask=4373.456 | tick_ok=True | xau_open=True | current_symbol=XAUUSDm | startup=False
[2026-09-17 20:19:23] TG_NETWORK_ERROR | httpx.ConnectError: [Errno 11001] getaddrinfo failed
[2026-09-17 20:19:26] TG_NETWORK_ERROR | httpx.ConnectError: [Errno 11001] getaddrinfo failed
[2026-09-17 20:19:31] TG_NETWORK_ERROR | httpx.ConnectError: [Errno 11001] getaddrinfo failed
[2026-09-17 20:19:44] TG_NETWORK_ERROR | httpx.ConnectError: [Errno 11001] getaddrinfo failed
[2026-09-17 20:19:45] TG_NETWORK_ERROR | httpx.ConnectError: [Errno 11001] getaddrinfo failed
[2026-09-17 20:19:46] TG_NETWORK_ERROR | httpx.ConnectError: [Errno 11001] getaddrinfo failed
[2026-09-17 20:19:49] TG_NETWORK_ERROR | httpx.ConnectError: [Errno 11001] getaddrinfo failed
[2026-09-17 20:19:52] TG_NETWORK_ERROR | httpx.ConnectError: [Errno 11001] getaddrinfo failed
[2026-09-17 20:19:57] TG_NETWORK_ERROR | httpx.ConnectError: [Errno 11001] getaddrinfo failed
[2026-09-17 20:20:05] TG_NETWORK_ERROR | httpx.ConnectError: [Errno 11001] getaddrinfo failed
[2026-09-17 20:20:23] SYMBOL_CHECK | XAUUSDm trade_mode=4 xau_open=True | trade_mode=4 | tick_time=1789651223 | bid=4374.18 | ask=4374.44 | tick_ok=True | xau_open=True | current_symbol=XAUUSDm | startup=False
[2026-09-17 20:20:26] TG_NETWORK_ERROR | httpx.ConnectError: [Errno 11001] getaddrinfo failed
[2026-09-17 20:20:28] TG_NETWORK_ERROR | httpx.ConnectError: [Errno 11001] getaddrinfo failed
[2026-09-17 20:20:29] TG_NETWORK_ERROR | httpx.ConnectError: [Errno 11001] getaddrinfo failed
[2026-09-17 20:20:31] TG_NETWORK_ERROR | httpx.ConnectError: [Errno 11001] getaddrinfo failed
[2026-09-17 20:20:35] TG_NETWORK_ERROR | httpx.ConnectError: [Errno 11001] getaddrinfo failed
[2026-09-17 20:20:40] TG_NETWORK_ERROR | httpx.ConnectError: [Errno 11001] getaddrinfo failed
[2026-09-17 20:20:52] TG_NETWORK_ERROR | httpx.ConnectError: [Errno 11001] getaddrinfo failed
[2026-09-17 20:20:53] TG_NETWORK_ERROR | httpx.ConnectError: [Errno 11001] getaddrinfo failed
[2026-09-17 20:20:54] TG_NETWORK_ERROR | httpx.ConnectError: [Errno 11001] getaddrinfo failed
[2026-09-17 20:20:57] TG_NETWORK_ERROR | httpx.ConnectError: [Errno 11001] getaddrinfo failed
[2026-09-17 20:21:00] TG_NETWORK_ERROR | httpx.ConnectError: [Errno 11001] getaddrinfo failed
[2026-09-17 20:21:06] TG_NETWORK_ERROR | httpx.ConnectError: [Errno 11001] getaddrinfo failed
[2026-09-17 20:21:14] TG_NETWORK_ERROR | httpx.ConnectError: [Errno 11001] getaddrinfo failed
[2026-09-17 20:21:22] SYMBOL_CHECK | XAUUSDm trade_mode=4 xau_open=True | trade_mode=4 | tick_time=1789651283 | bid=4373.987 | ask=4374.247 | tick_ok=True | xau_open=True | current_symbol=XAUUSDm | startup=False
[2026-09-17 20:21:22] DEMO_PORTFOLIO_SCAN | XAUUSDm open active=LTS_AUS2
[2026-09-17 20:21:23] DEMO_PORTFOLIO_SCAN | XAUUSDm done active=LTS_AUS2
[2026-09-17 20:21:25] TG_NETWORK_ERROR | httpx.ConnectError: [Errno 11001] getaddrinfo failed
[2026-09-17 20:21:42] TG_NETWORK_ERROR | httpx.ConnectError: [Errno 11001] getaddrinfo failed
[2026-09-17 20:22:08] TG_NETWORK_ERROR | httpx.ConnectError: [Errno 11001] getaddrinfo failed
[2026-09-17 20:22:23] SYMBOL_CHECK | XAUUSDm trade_mode=4 xau_open=True | trade_mode=4 | tick_time=1789651343 | bid=4373.87 | ask=4374.13 | tick_ok=True | xau_open=True | current_symbol=XAUUSDm | startup=False
[2026-09-17 20:22:38] TG_NETWORK_ERROR | httpx.ConnectError: [Errno 11001] getaddrinfo failed
[2026-09-17 20:23:08] TG_NETWORK_ERROR | httpx.ConnectError: [Errno 11001] getaddrinfo failed
[2026-09-17 20:23:22] SYMBOL_CHECK | XAUUSDm trade_mode=4 xau_open=True | trade_mode=4 | tick_time=1789651403 | bid=4371.026 | ask=4371.286 | tick_ok=True | xau_open=True | current_symbol=XAUUSDm | startup=False
[2026-09-17 20:23:38] TG_NETWORK_ERROR | httpx.ConnectError: [Errno 11001] getaddrinfo failed
[2026-09-17 20:24:08] TG_NETWORK_ERROR | httpx.ConnectError: [Errno 11001] getaddrinfo failed
[2026-09-17 20:24:22] SYMBOL_CHECK | XAUUSDm trade_mode=4 xau_open=True | trade_mode=4 | tick_time=1789651463 | bid=4367.181 | ask=4367.441 | tick_ok=True | xau_open=True | current_symbol=XAUUSDm | startup=False
[2026-09-17 20:24:38] TG_NETWORK_ERROR | httpx.ConnectError: [Errno 11001] getaddrinfo failed
[2026-09-17 20:25:08] TG_NETWORK_ERROR | httpx.ConnectError: [Errno 11001] getaddrinfo failed
[2026-09-17 20:25:22] SYMBOL_CHECK | XAUUSDm trade_mode=4 xau_open=True | trade_mode=4 | tick_time=1789651523 | bid=4367.076 | ask=4367.336 | tick_ok=True | xau_open=True | current_symbol=XAUUSDm | startup=False
[2026-09-17 20:25:43] TG_NETWORK_ERROR | httpx.ConnectError: [Errno 11001] getaddrinfo failed
[2026-09-17 20:25:44] TG_NETWORK_ERROR | httpx.ConnectError: [Errno 11001] getaddrinfo failed
[2026-09-17 20:25:46] TG_NETWORK_ERROR | httpx.ConnectError: [Errno 11001] getaddrinfo failed
[2026-09-17 20:25:48] TG_NETWORK_ERROR | httpx.ConnectError: [Errno 11001] getaddrinfo failed
[2026-09-17 20:25:52] TG_NETWORK_ERROR | httpx.ConnectError: [Errno 11001] getaddrinfo failed
[2026-09-17 20:26:02] TG_NETWORK_ERROR | httpx.ConnectError: [Errno 11001] getaddrinfo failed
[2026-09-17 20:26:03] TG_NETWORK_ERROR | httpx.ConnectError: [Errno 11001] getaddrinfo failed
[2026-09-17 20:26:04] TG_NETWORK_ERROR | httpx.ConnectError: [Errno 11001] getaddrinfo failed
[2026-09-17 20:26:07] TG_NETWORK_ERROR | httpx.ConnectError: [Errno 11001] getaddrinfo failed
[2026-09-17 20:26:10] TG_NETWORK_ERROR | httpx.ConnectError: [Errno 11001] getaddrinfo failed
[2026-09-17 20:26:15] TG_NETWORK_ERROR | httpx.ConnectError: [Errno 11001] getaddrinfo failed
[2026-09-17 20:26:23] SYMBOL_CHECK | XAUUSDm trade_mode=4 xau_open=True | trade_mode=4 | tick_time=1789651583 | bid=4367.566 | ask=4367.826 | tick_ok=True | xau_open=True | current_symbol=XAUUSDm | startup=False
[2026-09-17 20:26:23] DEMO_PORTFOLIO_SCAN | XAUUSDm open active=LTS_AUS2
[2026-09-17 20:26:23] DEMO_PORTFOLIO_SCAN | XAUUSDm done active=LTS_AUS2
[2026-09-17 20:26:23] TG_NETWORK_ERROR | httpx.ConnectError: [Errno 11001] getaddrinfo failed
[2026-09-17 20:26:34] TG_NETWORK_ERROR | httpx.ConnectError: [Errno 11001] getaddrinfo failed
[2026-09-17 20:26:53] TG_NETWORK_ERROR | httpx.ConnectError: [Errno 11001] getaddrinfo failed
[2026-09-17 20:27:19] TG_NETWORK_ERROR | httpx.ConnectError: [Errno 11001] getaddrinfo failed
[2026-09-17 20:27:22] SYMBOL_CHECK | XAUUSDm trade_mode=4 xau_open=True | trade_mode=4 | tick_time=1789651643 | bid=4367.368 | ask=4367.628 | tick_ok=True | xau_open=True | current_symbol=XAUUSDm | startup=False
[2026-09-17 20:28:23] SYMBOL_CHECK | XAUUSDm trade_mode=4 xau_open=True | trade_mode=4 | tick_time=1789651703 | bid=4365.808 | ask=4366.068 | tick_ok=True | xau_open=True | current_symbol=XAUUSDm | startup=False
[2026-09-17 20:29:22] SYMBOL_CHECK | XAUUSDm trade_mode=4 xau_open=True | trade_mode=4 | tick_time=1789651763 | bid=4366.031 | ask=4366.291 | tick_ok=True | xau_open=True | current_symbol=XAUUSDm | startup=False
[2026-09-17 20:30:23] SYMBOL_CHECK | XAUUSDm trade_mode=4 xau_open=True | trade_mode=4 | tick_time=1789651823 | bid=4367.332 | ask=4367.592 | tick_ok=True | xau_open=True | current_symbol=XAUUSDm | startup=False
[2026-09-17 20:31:23] SYMBOL_CHECK | XAUUSDm trade_mode=4 xau_open=True | trade_mode=4 | tick_time=1789651883 | bid=4368.16 | ask=4368.42 | tick_ok=True | xau_open=True | current_symbol=XAUUSDm | startup=False
[2026-09-17 20:31:23] DEMO_PORTFOLIO_SCAN | XAUUSDm open active=LTS_AUS2
[2026-09-17 20:31:23] DEMO_PORTFOLIO_SCAN | XAUUSDm done active=LTS_AUS2
[2026-09-17 20:32:22] SYMBOL_CHECK | XAUUSDm trade_mode=4 xau_open=True | trade_mode=4 | tick_time=1789651943 | bid=4367.489 | ask=4367.749 | tick_ok=True | xau_open=True | current_symbol=XAUUSDm | startup=False
[2026-09-17 20:33:23] SYMBOL_CHECK | XAUUSDm trade_mode=4 xau_open=True | trade_mode=4 | tick_time=1789652003 | bid=4369.426 | ask=4369.686 | tick_ok=True | xau_open=True | current_symbol=XAUUSDm | startup=False
[2026-09-17 20:34:23] SYMBOL_CHECK | XAUUSDm trade_mode=4 xau_open=True | trade_mode=4 | tick_time=1789652063 | bid=4367.449 | ask=4367.709 | tick_ok=True | xau_open=True | current_symbol=XAUUSDm | startup=False
[2026-09-17 20:35:22] SYMBOL_CHECK | XAUUSDm trade_mode=4 xau_open=True | trade_mode=4 | tick_time=1789652123 | bid=4373.27 | ask=4373.53 | tick_ok=True | xau_open=True | current_symbol=XAUUSDm | startup=False
[2026-09-17 20:36:22] SYMBOL_CHECK | XAUUSDm trade_mode=4 xau_open=True | trade_mode=4 | tick_time=1789652183 | bid=4369.883 | ask=4370.143 | tick_ok=True | xau_open=True | current_symbol=XAUUSDm | startup=False
[2026-09-17 20:36:23] DEMO_PORTFOLIO_SCAN | XAUUSDm open active=LTS_AUS2
[2026-09-17 20:36:23] DEMO_PORTFOLIO_SCAN | XAUUSDm done active=LTS_AUS2
[2026-09-17 20:37:23] SYMBOL_CHECK | XAUUSDm trade_mode=4 xau_open=True | trade_mode=4 | tick_time=1789652243 | bid=4368.143 | ask=4368.403 | tick_ok=True | xau_open=True | current_symbol=XAUUSDm | startup=False
[2026-09-17 20:38:22] SYMBOL_CHECK | XAUUSDm trade_mode=4 xau_open=True | trade_mode=4 | tick_time=1789652303 | bid=4366.27 | ask=4366.53 | tick_ok=True | xau_open=True | current_symbol=XAUUSDm | startup=False
[2026-09-17 20:39:23] SYMBOL_CHECK | XAUUSDm trade_mode=4 xau_open=True | trade_mode=4 | tick_time=1789652363 | bid=4364.812 | ask=4365.072 | tick_ok=True | xau_open=True | current_symbol=XAUUSDm | startup=False
[2026-09-17 20:40:23] SYMBOL_CHECK | XAUUSDm trade_mode=4 xau_open=True | trade_mode=4 | tick_time=1789652423 | bid=4361.373 | ask=4361.633 | tick_ok=True | xau_open=True | current_symbol=XAUUSDm | startup=False
[2026-09-17 20:41:22] SYMBOL_CHECK | XAUUSDm trade_mode=4 xau_open=True | trade_mode=4 | tick_time=1789652483 | bid=4360.592 | ask=4360.852 | tick_ok=True | xau_open=True | current_symbol=XAUUSDm | startup=False
[2026-09-17 20:41:22] DEMO_PORTFOLIO_SCAN | XAUUSDm open active=LTS_AUS2
[2026-09-17 20:41:23] DEMO_PORTFOLIO_SCAN | XAUUSDm done active=LTS_AUS2
[2026-09-17 20:42:23] SYMBOL_CHECK | XAUUSDm trade_mode=4 xau_open=True | trade_mode=4 | tick_time=1789652543 | bid=4359.218 | ask=4359.478 | tick_ok=True | xau_open=True | current_symbol=XAUUSDm | startup=False
[2026-09-17 20:43:22] SYMBOL_CHECK | XAUUSDm trade_mode=4 xau_open=True | trade_mode=4 | tick_time=1789652603 | bid=4356.856 | ask=4357.116 | tick_ok=True | xau_open=True | current_symbol=XAUUSDm | startup=False
[2026-09-17 20:44:23] SYMBOL_CHECK | XAUUSDm trade_mode=4 xau_open=True | trade_mode=4 | tick_time=1789652663 | bid=4357.997 | ask=4358.257 | tick_ok=True | xau_open=True | current_symbol=XAUUSDm | startup=False
[2026-09-17 20:45:23] SYMBOL_CHECK | XAUUSDm trade_mode=4 xau_open=True | trade_mode=4 | tick_time=1789652723 | bid=4357.55 | ask=4357.81 | tick_ok=True | xau_open=True | current_symbol=XAUUSDm | startup=False
[2026-09-17 20:46:23] SYMBOL_CHECK | XAUUSDm trade_mode=4 xau_open=True | trade_mode=4 | tick_time=1789652783 | bid=4360.042 | ask=4360.302 | tick_ok=True | xau_open=True | current_symbol=XAUUSDm | startup=False
[2026-09-17 20:46:23] DEMO_PORTFOLIO_SCAN | XAUUSDm open active=LTS_AUS2
[2026-09-17 20:46:23] DEMO_PORTFOLIO_SCAN | XAUUSDm done active=LTS_AUS2
[2026-09-17 20:47:23] SYMBOL_CHECK | XAUUSDm trade_mode=4 xau_open=True | trade_mode=4 | tick_time=1789652843 | bid=4367.354 | ask=4367.614 | tick_ok=True | xau_open=True | current_symbol=XAUUSDm | startup=False
[2026-09-17 20:48:23] SYMBOL_CHECK | XAUUSDm trade_mode=4 xau_open=True | trade_mode=4 | tick_time=1789652903 | bid=4365.505 | ask=4365.765 | tick_ok=True | xau_open=True | current_symbol=XAUUSDm | startup=False
[2026-09-17 20:49:23] SYMBOL_CHECK | XAUUSDm trade_mode=4 xau_open=True | trade_mode=4 | tick_time=1789652963 | bid=4366.942 | ask=4367.202 | tick_ok=True | xau_open=True | current_symbol=XAUUSDm | startup=False
[2026-09-17 20:50:23] SYMBOL_CHECK | XAUUSDm trade_mode=4 xau_open=True | trade_mode=4 | tick_time=1789653023 | bid=4368.139 | ask=4368.399 | tick_ok=True | xau_open=True | current_symbol=XAUUSDm | startup=False
[2026-09-17 20:51:22] SYMBOL_CHECK | XAUUSDm trade_mode=4 xau_open=True | trade_mode=4 | tick_time=1789653083 | bid=4369.915 | ask=4370.175 | tick_ok=True | xau_open=True | current_symbol=XAUUSDm | startup=False
[2026-09-17 20:51:22] DEMO_PORTFOLIO_SCAN | XAUUSDm open active=LTS_AUS2
[2026-09-17 20:51:22] DEMO_PORTFOLIO_SCAN | XAUUSDm done active=LTS_AUS2
[2026-09-17 20:52:23] SYMBOL_CHECK | XAUUSDm trade_mode=4 xau_open=True | trade_mode=4 | tick_time=1789653143 | bid=4368.882 | ask=4369.142 | tick_ok=True | xau_open=True | current_symbol=XAUUSDm | startup=False
[2026-09-17 20:53:23] SYMBOL_CHECK | XAUUSDm trade_mode=4 xau_open=True | trade_mode=4 | tick_time=1789653203 | bid=4367.289 | ask=4367.549 | tick_ok=True | xau_open=True | current_symbol=XAUUSDm | startup=False
[2026-09-17 20:54:23] SYMBOL_CHECK | XAUUSDm trade_mode=4 xau_open=True | trade_mode=4 | tick_time=1789653263 | bid=4368.041 | ask=4368.381 | tick_ok=True | xau_open=True | current_symbol=XAUUSDm | startup=False
[2026-09-17 20:55:22] SYMBOL_CHECK | XAUUSDm trade_mode=4 xau_open=True | trade_mode=4 | tick_time=1789653323 | bid=4367.594 | ask=4367.854 | tick_ok=True | xau_open=True | current_symbol=XAUUSDm | startup=False
[2026-09-17 20:56:22] SYMBOL_CHECK | XAUUSDm trade_mode=4 xau_open=True | trade_mode=4 | tick_time=1789653383 | bid=4369.502 | ask=4369.762 | tick_ok=True | xau_open=True | current_symbol=XAUUSDm | startup=False
[2026-09-17 20:56:22] DEMO_PORTFOLIO_SCAN | XAUUSDm open active=LTS_AUS2
[2026-09-17 20:56:22] DEMO_PORTFOLIO_SCAN | XAUUSDm done active=LTS_AUS2
[2026-09-17 20:57:23] SYMBOL_CHECK | XAUUSDm trade_mode=4 xau_open=True | trade_mode=4 | tick_time=1789653443 | bid=4368.023 | ask=4368.283 | tick_ok=True | xau_open=True | current_symbol=XAUUSDm | startup=False
[2026-09-17 20:58:23] SYMBOL_CHECK | XAUUSDm trade_mode=4 xau_open=True | trade_mode=4 | tick_time=1789653503 | bid=4365.705 | ask=4365.965 | tick_ok=True | xau_open=True | current_symbol=XAUUSDm | startup=False
[2026-09-17 20:59:22] SYMBOL_CHECK | XAUUSDm trade_mode=4 xau_open=True | trade_mode=4 | tick_time=1789653563 | bid=4366.82 | ask=4367.08 | tick_ok=True | xau_open=True | current_symbol=XAUUSDm | startup=False
[2026-09-17 21:00:23] SYMBOL_CHECK | XAUUSDm trade_mode=4 xau_open=True | trade_mode=4 | tick_time=1789653623 | bid=4365.822 | ask=4366.082 | tick_ok=True | xau_open=True | current_symbol=XAUUSDm | startup=False
[2026-09-17 21:01:23] SYMBOL_CHECK | XAUUSDm trade_mode=4 xau_open=True | trade_mode=4 | tick_time=1789653683 | bid=4365.162 | ask=4365.422 | tick_ok=True | xau_open=True | current_symbol=XAUUSDm | startup=False
[2026-09-17 21:01:23] DEMO_PORTFOLIO_SCAN | XAUUSDm open active=LTS_AUS2
[2026-09-17 21:01:23] DEMO_PORTFOLIO_SCAN | XAUUSDm done active=LTS_AUS2
[2026-09-17 21:02:23] SYMBOL_CHECK | XAUUSDm trade_mode=4 xau_open=True | trade_mode=4 | tick_time=1789653743 | bid=4367.309 | ask=4367.569 | tick_ok=True | xau_open=True | current_symbol=XAUUSDm | startup=False
[2026-09-17 21:03:22] SYMBOL_CHECK | XAUUSDm trade_mode=4 xau_open=True | trade_mode=4 | tick_time=1789653803 | bid=4368.566 | ask=4368.826 | tick_ok=True | xau_open=True | current_symbol=XAUUSDm | startup=False
[2026-09-17 21:04:23] SYMBOL_CHECK | XAUUSDm trade_mode=4 xau_open=True | trade_mode=4 | tick_time=1789653863 | bid=4369.993 | ask=4370.253 | tick_ok=True | xau_open=True | current_symbol=XAUUSDm | startup=False
[2026-09-17 21:05:23] SYMBOL_CHECK | XAUUSDm trade_mode=4 xau_open=True | trade_mode=4 | tick_time=1789653923 | bid=4367.896 | ask=4368.156 | tick_ok=True | xau_open=True | current_symbol=XAUUSDm | startup=False
[2026-09-17 21:06:22] SYMBOL_CHECK | XAUUSDm trade_mode=4 xau_open=True | trade_mode=4 | tick_time=1789653983 | bid=4374.242 | ask=4374.502 | tick_ok=True | xau_open=True | current_symbol=XAUUSDm | startup=False
[2026-09-17 21:06:22] DEMO_PORTFOLIO_SCAN | XAUUSDm open active=LTS_AUS2
[2026-09-17 21:06:23] DEMO_PORTFOLIO_SCAN | XAUUSDm done active=LTS_AUS2
[2026-09-17 21:07:23] SYMBOL_CHECK | XAUUSDm trade_mode=4 xau_open=True | trade_mode=4 | tick_time=1789654043 | bid=4376.215 | ask=4376.475 | tick_ok=True | xau_open=True | current_symbol=XAUUSDm | startup=False
[2026-09-17 21:08:22] SYMBOL_CHECK | XAUUSDm trade_mode=4 xau_open=True | trade_mode=4 | tick_time=1789654103 | bid=4374.596 | ask=4374.856 | tick_ok=True | xau_open=True | current_symbol=XAUUSDm | startup=False
[2026-09-17 21:09:23] SYMBOL_CHECK | XAUUSDm trade_mode=4 xau_open=True | trade_mode=4 | tick_time=1789654163 | bid=4379.04 | ask=4379.3 | tick_ok=True | xau_open=True | current_symbol=XAUUSDm | startup=False
[2026-09-17 21:10:23] SYMBOL_CHECK | XAUUSDm trade_mode=4 xau_open=True | trade_mode=4 | tick_time=1789654223 | bid=4377.364 | ask=4377.624 | tick_ok=True | xau_open=True | current_symbol=XAUUSDm | startup=False
[2026-09-17 21:11:23] SYMBOL_CHECK | XAUUSDm trade_mode=4 xau_open=True | trade_mode=4 | tick_time=1789654283 | bid=4375.189 | ask=4375.449 | tick_ok=True | xau_open=True | current_symbol=XAUUSDm | startup=False
[2026-09-17 21:11:23] DEMO_PORTFOLIO_SCAN | XAUUSDm open active=LTS_AUS2
[2026-09-17 21:11:23] DEMO_PORTFOLIO_SCAN | XAUUSDm done active=LTS_AUS2
[2026-09-17 21:12:22] SYMBOL_CHECK | XAUUSDm trade_mode=4 xau_open=True | trade_mode=4 | tick_time=1789654343 | bid=4368.614 | ask=4368.874 | tick_ok=True | xau_open=True | current_symbol=XAUUSDm | startup=False
[2026-09-17 21:13:23] SYMBOL_CHECK | XAUUSDm trade_mode=4 xau_open=True | trade_mode=4 | tick_time=1789654403 | bid=4371.207 | ask=4371.467 | tick_ok=True | xau_open=True | current_symbol=XAUUSDm | startup=False
[2026-09-17 21:14:23] SYMBOL_CHECK | XAUUSDm trade_mode=4 xau_open=True | trade_mode=4 | tick_time=1789654463 | bid=4372.281 | ask=4372.541 | tick_ok=True | xau_open=True | current_symbol=XAUUSDm | startup=False
[2026-09-17 21:15:23] SYMBOL_CHECK | XAUUSDm trade_mode=4 xau_open=True | trade_mode=4 | tick_time=1789654523 | bid=4371.608 | ask=4371.868 | tick_ok=True | xau_open=True | current_symbol=XAUUSDm | startup=False
[2026-09-17 21:16:22] SYMBOL_CHECK | XAUUSDm trade_mode=4 xau_open=True | trade_mode=4 | tick_time=1789654583 | bid=4371.963 | ask=4372.223 | tick_ok=True | xau_open=True | current_symbol=XAUUSDm | startup=False
[2026-09-17 21:16:22] DEMO_PORTFOLIO_SCAN | XAUUSDm open active=LTS_AUS2
[2026-09-17 21:16:23] DEMO_PORTFOLIO_SKIP | LTS_AUS2_1 skipped - hour 21 != 8
[2026-09-17 21:16:23] DEMO_PORTFOLIO_SKIP | LTS_AUS2_22 skipped - hour 21 != 11
[2026-09-17 21:16:23] DEMO_PORTFOLIO_SKIP | LTS_AUS2_35 skipped - hour 21 != 19
[2026-09-17 21:16:23] DEMO_PORTFOLIO_SKIP | LTS_AUS2_41 skipped - hour 21 != 9
[2026-09-17 21:16:23] DEMO_PORTFOLIO_SKIP | LTS_AUS2_44 skipped - hour 21 != 18
[2026-09-17 21:16:23] DEMO_PORTFOLIO_SKIP | LTS_AUS2_51 skipped - hour 21 != 9
[2026-09-17 21:16:23] DEMO_PORTFOLIO_SKIP | LTS_AUS2_58 skipped - hour 21 != 22
[2026-09-17 21:16:23] DEMO_PORTFOLIO_SKIP | LTS_AUS2_68 skipped - hour 21 != 14
[2026-09-17 21:16:23] DEMO_PORTFOLIO_SKIP | LTS_AUS2_74 skipped - hour 21 != 11
[2026-09-17 21:16:23] DEMO_PORTFOLIO_SKIP | LTS_AUS2_85 skipped - hour 21 != 9
[2026-09-17 21:16:23] DEMO_PORTFOLIO_SKIP | LTS_AUS2_111 skipped - hour 21 != 9
[2026-09-17 21:16:23] DEMO_PORTFOLIO_SKIP | LTS_AUS2_123 skipped - hour 21 != 22
[2026-09-17 21:16:23] DEMO_PORTFOLIO_SKIP | LTS_AUS2_130 skipped - hour 21 != 9
[2026-09-17 21:16:23] DEMO_PORTFOLIO_SKIP | LTS_AUS2_134 skipped - hour 21 != 12
[2026-09-17 21:16:23] DEMO_PORTFOLIO_SKIP | LTS_AUS2_138 skipped - hour 21 != 14
[2026-09-17 21:16:23] DEMO_PORTFOLIO_SKIP | LTS_AUS2_148 skipped - hour 21 != 17
[2026-09-17 21:16:23] DEMO_PORTFOLIO_SKIP | LTS_AUS2_157 skipped - hour 21 != 14
[2026-09-17 21:16:23] DEMO_PORTFOLIO_SKIP | LTS_AUS2_164 skipped - hour 21 != 11
[2026-09-17 21:16:23] DEMO_PORTFOLIO_SKIP | LTS_AUS2_168 skipped - hour 21 != 15
[2026-09-17 21:16:23] DEMO_PORTFOLIO_SKIP | LTS_AUS2_179 skipped - hour 21 != 22
[2026-09-17 21:16:23] DEMO_PORTFOLIO_SKIP | LTS_AUS2_186 skipped - hour 21 != 16
[2026-09-17 21:16:23] DEMO_PORTFOLIO_SKIP | LTS_AUS2_195 skipped - hour 21 != 8
[2026-09-17 21:16:23] DEMO_PORTFOLIO_SKIP | LTS_AUS2_217 skipped - hour 21 != 17
[2026-09-17 21:16:23] DEMO_PORTFOLIO_SKIP | LTS_AUS2_222 skipped - hour 21 != 14
[2026-09-17 21:16:23] DEMO_PORTFOLIO_SKIP | LTS_AUS2_234 skipped - hour 21 != 19
[2026-09-17 21:16:23] DEMO_PORTFOLIO_SKIP | LTS_AUS2_241 skipped - hour 21 != 11
[2026-09-17 21:16:23] DEMO_PORTFOLIO_SKIP | LTS_AUS2_243 skipped - risk_distance 7.73 > 7.00
[2026-09-17 21:16:23] DEMO_PORTFOLIO_SKIP | LTS_AUS2_253 skipped - hour 21 != 20
[2026-09-17 21:16:23] DEMO_PORTFOLIO_SKIP | LTS_AUS2_264 skipped - hour 21 != 11
[2026-09-17 21:16:23] DEMO_PORTFOLIO_SKIP | LTS_AUS2_266 skipped - hour 21 != 22
[2026-09-17 21:16:24] DEMO_PORTFOLIO_SKIP | LTS_AUS2_269 skipped - hour 21 != 20
[2026-09-17 21:16:24] DEMO_PORTFOLIO_SKIP | LTS_AUS2_281 skipped - hour 21 != 15
[2026-09-17 21:16:24] DEMO_PORTFOLIO_SKIP | LTS_AUS2_291 skipped - hour 21 != 12
[2026-09-17 21:16:24] DEMO_PORTFOLIO_SKIP | LTS_AUS2_300 skipped - hour 21 != 15
[2026-09-17 21:16:24] DEMO_PORTFOLIO_SKIP | LTS_AUS2_306 skipped - hour 21 != 20
[2026-09-17 21:16:24] DEMO_PORTFOLIO_SKIP | LTS_AUS2_316 skipped - hour 21 != 16
[2026-09-17 21:16:24] DEMO_PORTFOLIO_SKIP | LTS_AUS2_321 skipped - hour 21 != 9
[2026-09-17 21:16:24] DEMO_PORTFOLIO_SKIP | LTS_AUS2_339 skipped - risk_distance 7.73 > 1.30
[2026-09-17 21:16:24] DEMO_PORTFOLIO_SKIP | LTS_AUS2_343 skipped - hour 21 != 15
[2026-09-17 21:16:24] DEMO_PORTFOLIO_SKIP | LTS_AUS2_360 skipped - hour 21 != 19
[2026-09-17 21:16:24] DEMO_PORTFOLIO_SKIP | LTS_AUS2_365 skipped - hour 21 != 10
[2026-09-17 21:16:24] DEMO_PORTFOLIO_SCAN | XAUUSDm done active=LTS_AUS2
[2026-09-17 21:17:23] SYMBOL_CHECK | XAUUSDm trade_mode=4 xau_open=True | trade_mode=4 | tick_time=1789654643 | bid=4370.165 | ask=4370.425 | tick_ok=True | xau_open=True | current_symbol=XAUUSDm | startup=False
[2026-09-17 21:18:22] SYMBOL_CHECK | XAUUSDm trade_mode=4 xau_open=True | trade_mode=4 | tick_time=1789654703 | bid=4368.182 | ask=4368.442 | tick_ok=True | xau_open=True | current_symbol=XAUUSDm | startup=False
[2026-09-17 21:19:22] SYMBOL_CHECK | XAUUSDm trade_mode=4 xau_open=True | trade_mode=4 | tick_time=1789654763 | bid=4368.526 | ask=4368.786 | tick_ok=True | xau_open=True | current_symbol=XAUUSDm | startup=False
[2026-09-17 21:20:23] SYMBOL_CHECK | XAUUSDm trade_mode=4 xau_open=True | trade_mode=4 | tick_time=1789654823 | bid=4367.405 | ask=4367.665 | tick_ok=True | xau_open=True | current_symbol=XAUUSDm | startup=False
[2026-09-17 21:21:23] SYMBOL_CHECK | XAUUSDm trade_mode=4 xau_open=True | trade_mode=4 | tick_time=1789654883 | bid=4365.648 | ask=4365.908 | tick_ok=True | xau_open=True | current_symbol=XAUUSDm | startup=False
[2026-09-17 21:21:23] DEMO_PORTFOLIO_SCAN | XAUUSDm open active=LTS_AUS2
[2026-09-17 21:21:23] DEMO_PORTFOLIO_SCAN | XAUUSDm done active=LTS_AUS2
[2026-09-17 21:22:23] SYMBOL_CHECK | XAUUSDm trade_mode=4 xau_open=True | trade_mode=4 | tick_time=1789654943 | bid=4368.963 | ask=4369.223 | tick_ok=True | xau_open=True | current_symbol=XAUUSDm | startup=False
[2026-09-17 21:23:23] SYMBOL_CHECK | XAUUSDm trade_mode=4 xau_open=True | trade_mode=4 | tick_time=1789655003 | bid=4369.115 | ask=4369.375 | tick_ok=True | xau_open=True | current_symbol=XAUUSDm | startup=False
[2026-09-17 21:24:22] SYMBOL_CHECK | XAUUSDm trade_mode=4 xau_open=True | trade_mode=4 | tick_time=1789655063 | bid=4369.324 | ask=4369.584 | tick_ok=True | xau_open=True | current_symbol=XAUUSDm | startup=False
[2026-09-17 21:25:23] SYMBOL_CHECK | XAUUSDm trade_mode=4 xau_open=True | trade_mode=4 | tick_time=1789655123 | bid=4368.504 | ask=4368.764 | tick_ok=True | xau_open=True | current_symbol=XAUUSDm | startup=False
[2026-09-17 21:26:23] SYMBOL_CHECK | XAUUSDm trade_mode=4 xau_open=True | trade_mode=4 | tick_time=1789655183 | bid=4371.262 | ask=4371.522 | tick_ok=True | xau_open=True | current_symbol=XAUUSDm | startup=False
[2026-09-17 21:26:23] DEMO_PORTFOLIO_SCAN | XAUUSDm open active=LTS_AUS2
[2026-09-17 21:26:23] DEMO_PORTFOLIO_SCAN | XAUUSDm done active=LTS_AUS2
[2026-09-17 21:27:23] SYMBOL_CHECK | XAUUSDm trade_mode=4 xau_open=True | trade_mode=4 | tick_time=1789655243 | bid=4370.084 | ask=4370.344 | tick_ok=True | xau_open=True | current_symbol=XAUUSDm | startup=False
[2026-09-17 21:28:23] SYMBOL_CHECK | XAUUSDm trade_mode=4 xau_open=True | trade_mode=4 | tick_time=1789655303 | bid=4366.161 | ask=4366.421 | tick_ok=True | xau_open=True | current_symbol=XAUUSDm | startup=False
[2026-09-17 21:29:23] SYMBOL_CHECK | XAUUSDm trade_mode=4 xau_open=True | trade_mode=4 | tick_time=1789655363 | bid=4368.082 | ask=4368.342 | tick_ok=True | xau_open=True | current_symbol=XAUUSDm | startup=False
[2026-09-17 21:30:23] SYMBOL_CHECK | XAUUSDm trade_mode=4 xau_open=True | trade_mode=4 | tick_time=1789655423 | bid=4365.538 | ask=4365.798 | tick_ok=True | xau_open=True | current_symbol=XAUUSDm | startup=False
[2026-09-17 21:31:23] SYMBOL_CHECK | XAUUSDm trade_mode=4 xau_open=True | trade_mode=4 | tick_time=1789655483 | bid=4367.25 | ask=4367.51 | tick_ok=True | xau_open=True | current_symbol=XAUUSDm | startup=False
[2026-09-17 21:31:23] DEMO_PORTFOLIO_SCAN | XAUUSDm open active=LTS_AUS2
[2026-09-17 21:31:23] DEMO_PORTFOLIO_SKIP | LTS_AUS2_2 skipped - hour 21 != 10
[2026-09-17 21:31:23] DEMO_PORTFOLIO_SKIP | LTS_AUS2_7 skipped - hour 21 != 19
[2026-09-17 21:31:23] DEMO_PORTFOLIO_SKIP | LTS_AUS2_8 skipped - hour 21 != 10
[2026-09-17 21:31:23] DEMO_PORTFOLIO_SKIP | LTS_AUS2_15 skipped - hour 21 != 9
[2026-09-17 21:31:23] DEMO_PORTFOLIO_SKIP | LTS_AUS2_29 skipped - hour 21 != 20
[2026-09-17 21:31:23] DEMO_PORTFOLIO_SKIP | LTS_AUS2_30 skipped - hour 21 != 17
[2026-09-17 21:31:23] DEMO_PORTFOLIO_SKIP | LTS_AUS2_36 skipped - risk_distance 11.11 > 2.00
[2026-09-17 21:31:23] DEMO_PORTFOLIO_SKIP | LTS_AUS2_37 skipped - risk_distance 11.11 > 3.40
[2026-09-17 21:31:23] DEMO_PORTFOLIO_SKIP | LTS_AUS2_45 skipped - hour 21 != 16
[2026-09-17 21:31:23] DEMO_PORTFOLIO_SKIP | LTS_AUS2_46 skipped - hour 21 != 9
[2026-09-17 21:31:23] DEMO_PORTFOLIO_SKIP | LTS_AUS2_52 skipped - hour 21 != 10
[2026-09-17 21:31:23] DEMO_PORTFOLIO_SKIP | LTS_AUS2_59 skipped - hour 21 != 11
[2026-09-17 21:31:23] DEMO_PORTFOLIO_SKIP | LTS_AUS2_63 skipped - hour 21 != 9
[2026-09-17 21:31:23] DEMO_PORTFOLIO_SKIP | LTS_AUS2_64 skipped - hour 21 != 10
[2026-09-17 21:31:24] DEMO_PORTFOLIO_SKIP | LTS_AUS2_71 skipped - hour 21 != 10
[2026-09-17 21:31:24] DEMO_PORTFOLIO_SKIP | LTS_AUS2_75 skipped - hour 21 != 9
[2026-09-17 21:31:24] DEMO_PORTFOLIO_SKIP | LTS_AUS2_86 skipped - hour 21 != 20
[2026-09-17 21:31:24] DEMO_PORTFOLIO_SKIP | LTS_AUS2_93 skipped - hour 21 != 13
[2026-09-17 21:31:24] DEMO_PORTFOLIO_SKIP | LTS_AUS2_97 skipped - hour 21 != 9
[2026-09-17 21:31:24] DEMO_PORTFOLIO_SKIP | LTS_AUS2_106 skipped - hour 21 != 10
[2026-09-17 21:31:24] DEMO_PORTFOLIO_SKIP | LTS_AUS2_116 skipped - hour 21 != 17
[2026-09-17 21:31:24] DEMO_PORTFOLIO_SKIP | LTS_AUS2_120 skipped - hour 21 != 20
[2026-09-17 21:31:24] DEMO_PORTFOLIO_SKIP | LTS_AUS2_124 skipped - hour 21 != 20
[2026-09-17 21:31:24] DEMO_PORTFOLIO_SKIP | LTS_AUS2_127 skipped - hour 21 != 9
[2026-09-17 21:31:24] DEMO_PORTFOLIO_SKIP | LTS_AUS2_131 skipped - hour 21 != 8
[2026-09-17 21:31:24] DEMO_PORTFOLIO_SKIP | LTS_AUS2_139 skipped - hour 21 != 11
[2026-09-17 21:31:24] DEMO_PORTFOLIO_SKIP | LTS_AUS2_140 skipped - hour 21 != 13
[2026-09-17 21:31:24] DEMO_PORTFOLIO_SKIP | LTS_AUS2_143 skipped - hour 21 != 16
[2026-09-17 21:31:24] DEMO_PORTFOLIO_SKIP | LTS_AUS2_144 skipped - hour 21 != 8
[2026-09-17 21:31:24] DEMO_PORTFOLIO_SKIP | LTS_AUS2_158 skipped - risk_distance 11.11 > 2.00
[2026-09-17 21:31:24] DEMO_PORTFOLIO_SKIP | LTS_AUS2_159 skipped - hour 21 != 12
[2026-09-17 21:31:24] DEMO_PORTFOLIO_SKIP | LTS_AUS2_169 skipped - hour 21 != 20
[2026-09-17 21:31:24] DEMO_PORTFOLIO_SKIP | LTS_AUS2_170 skipped - hour 21 != 13
[2026-09-17 21:31:24] DEMO_PORTFOLIO_SKIP | LTS_AUS2_174 skipped - hour 21 != 9
[2026-09-17 21:31:24] DEMO_PORTFOLIO_SKIP | LTS_AUS2_180 skipped - hour 21 != 11
[2026-09-17 21:31:24] DEMO_PORTFOLIO_SKIP | LTS_AUS2_196 skipped - hour 21 != 20
[2026-09-17 21:31:24] DEMO_PORTFOLIO_SKIP | LTS_AUS2_199 skipped - hour 21 != 11
[2026-09-17 21:31:24] DEMO_PORTFOLIO_SKIP | LTS_AUS2_203 skipped - hour 21 != 20
[2026-09-17 21:31:24] DEMO_PORTFOLIO_SKIP | LTS_AUS2_208 skipped - hour 21 != 22
[2026-09-17 21:31:24] DEMO_PORTFOLIO_SKIP | LTS_AUS2_211 skipped - hour 21 != 9
[2026-09-17 21:31:24] DEMO_PORTFOLIO_SKIP | LTS_AUS2_212 skipped - hour 21 != 17
[2026-09-17 21:31:24] DEMO_PORTFOLIO_SKIP | LTS_AUS2_218 skipped - hour 21 != 14
[2026-09-17 21:31:24] DEMO_PORTFOLIO_SKIP | LTS_AUS2_223 skipped - hour 21 != 20
[2026-09-17 21:31:24] DEMO_PORTFOLIO_SKIP | LTS_AUS2_229 skipped - hour 21 != 8
[2026-09-17 21:31:24] DEMO_PORTFOLIO_SKIP | LTS_AUS2_238 skipped - hour 21 != 19
[2026-09-17 21:31:24] DEMO_PORTFOLIO_SKIP | LTS_AUS2_239 skipped - risk_distance 11.11 > 5.00
[2026-09-17 21:31:24] DEMO_PORTFOLIO_SKIP | LTS_AUS2_244 skipped - risk_distance 11.11 > 2.00
[2026-09-17 21:31:25] DEMO_PORTFOLIO_SKIP | LTS_AUS2_245 skipped - hour 21 != 22
[2026-09-17 21:31:25] DEMO_PORTFOLIO_SKIP | LTS_AUS2_249 skipped - hour 21 != 17
[2026-09-17 21:31:25] DEMO_PORTFOLIO_SKIP | LTS_AUS2_254 skipped - risk_distance 11.11 > 3.40
[2026-09-17 21:31:25] DEMO_PORTFOLIO_SKIP | LTS_AUS2_255 skipped - risk_distance 11.11 > 2.00
[2026-09-17 21:31:25] DEMO_PORTFOLIO_SKIP | LTS_AUS2_257 skipped - risk_distance 11.11 > 3.40
[2026-09-17 21:31:25] DEMO_PORTFOLIO_SKIP | LTS_AUS2_260 skipped - hour 21 != 13
[2026-09-17 21:31:25] DEMO_PORTFOLIO_SKIP | LTS_AUS2_267 skipped - hour 21 != 8
[2026-09-17 21:31:25] DEMO_PORTFOLIO_SKIP | LTS_AUS2_273 skipped - hour 21 != 20
[2026-09-17 21:31:25] DEMO_PORTFOLIO_SKIP | LTS_AUS2_276 skipped - hour 21 != 20
[2026-09-17 21:31:25] DEMO_PORTFOLIO_SKIP | LTS_AUS2_282 skipped - risk_distance 11.11 > 2.00
[2026-09-17 21:31:25] DEMO_PORTFOLIO_SKIP | LTS_AUS2_285 skipped - hour 21 != 17
[2026-09-17 21:31:25] DEMO_PORTFOLIO_SKIP | LTS_AUS2_296 skipped - hour 21 != 17
[2026-09-17 21:31:25] DEMO_PORTFOLIO_SKIP | LTS_AUS2_301 skipped - hour 21 != 20
[2026-09-17 21:31:25] DEMO_PORTFOLIO_SKIP | LTS_AUS2_307 skipped - hour 21 != 22
[2026-09-17 21:31:25] DEMO_PORTFOLIO_SKIP | LTS_AUS2_313 skipped - hour 21 != 9
[2026-09-17 21:31:25] DEMO_PORTFOLIO_SKIP | LTS_AUS2_317 skipped - hour 21 != 13
[2026-09-17 21:31:25] DEMO_PORTFOLIO_SKIP | LTS_AUS2_322 skipped - hour 21 != 20
[2026-09-17 21:31:25] DEMO_PORTFOLIO_SKIP | LTS_AUS2_323 skipped - risk_distance 11.11 > 3.40
[2026-09-17 21:31:25] DEMO_PORTFOLIO_SKIP | LTS_AUS2_331 skipped - hour 21 != 11
[2026-09-17 21:31:25] DEMO_PORTFOLIO_SKIP | LTS_AUS2_340 skipped - hour 21 != 18
[2026-09-17 21:31:25] DEMO_PORTFOLIO_SKIP | LTS_AUS2_345 skipped - hour 21 != 17
[2026-09-17 21:31:25] DEMO_PORTFOLIO_SKIP | LTS_AUS2_350 skipped - risk_distance 11.11 > 2.00
[2026-09-17 21:31:25] DEMO_PORTFOLIO_SKIP | LTS_AUS2_351 skipped - risk_distance 11.11 > 3.40
[2026-09-17 21:31:25] DEMO_PORTFOLIO_SKIP | LTS_AUS2_356 skipped - hour 21 != 10
[2026-09-17 21:31:25] DEMO_PORTFOLIO_SKIP | LTS_AUS2_357 skipped - risk_distance 11.11 > 3.40
[2026-09-17 21:31:25] DEMO_PORTFOLIO_SKIP | LTS_AUS2_366 skipped - hour 21 != 20
[2026-09-17 21:31:25] DEMO_PORTFOLIO_SKIP | LTS_AUS2_367 skipped - hour 21 != 12
[2026-09-17 21:31:25] DEMO_PORTFOLIO_SKIP | LTS_AUS2_377 skipped - hour 21 != 20
[2026-09-17 21:31:25] DEMO_PORTFOLIO_SKIP | LTS_AUS2_448 skipped - hour 21 != 22
[2026-09-17 21:31:25] DEMO_PORTFOLIO_SCAN | XAUUSDm done active=LTS_AUS2
[2026-09-17 21:32:22] SYMBOL_CHECK | XAUUSDm trade_mode=4 xau_open=True | trade_mode=4 | tick_time=1789655543 | bid=4362.566 | ask=4362.826 | tick_ok=True | xau_open=True | current_symbol=XAUUSDm | startup=False
[2026-09-17 21:33:23] SYMBOL_CHECK | XAUUSDm trade_mode=4 xau_open=True | trade_mode=4 | tick_time=1789655603 | bid=4364.796 | ask=4365.056 | tick_ok=True | xau_open=True | current_symbol=XAUUSDm | startup=False
[2026-09-17 21:34:22] SYMBOL_CHECK | XAUUSDm trade_mode=4 xau_open=True | trade_mode=4 | tick_time=1789655663 | bid=4365.881 | ask=4366.141 | tick_ok=True | xau_open=True | current_symbol=XAUUSDm | startup=False
[2026-09-17 21:35:23] SYMBOL_CHECK | XAUUSDm trade_mode=4 xau_open=True | trade_mode=4 | tick_time=1789655723 | bid=4366.212 | ask=4366.472 | tick_ok=True | xau_open=True | current_symbol=XAUUSDm | startup=False
[2026-09-17 21:36:22] SYMBOL_CHECK | XAUUSDm trade_mode=4 xau_open=True | trade_mode=4 | tick_time=1789655783 | bid=4366.429 | ask=4366.689 | tick_ok=True | xau_open=True | current_symbol=XAUUSDm | startup=False
[2026-09-17 21:36:22] DEMO_PORTFOLIO_SCAN | XAUUSDm open active=LTS_AUS2
[2026-09-17 21:36:23] DEMO_PORTFOLIO_SCAN | XAUUSDm done active=LTS_AUS2
[2026-09-17 21:37:23] SYMBOL_CHECK | XAUUSDm trade_mode=4 xau_open=True | trade_mode=4 | tick_time=1789655843 | bid=4363.819 | ask=4364.079 | tick_ok=True | xau_open=True | current_symbol=XAUUSDm | startup=False
[2026-09-17 21:38:23] SYMBOL_CHECK | XAUUSDm trade_mode=4 xau_open=True | trade_mode=4 | tick_time=1789655903 | bid=4363.762 | ask=4364.022 | tick_ok=True | xau_open=True | current_symbol=XAUUSDm | startup=False
[2026-09-17 21:39:23] SYMBOL_CHECK | XAUUSDm trade_mode=4 xau_open=True | trade_mode=4 | tick_time=1789655963 | bid=4362.725 | ask=4362.985 | tick_ok=True | xau_open=True | current_symbol=XAUUSDm | startup=False
[2026-09-17 21:40:23] SYMBOL_CHECK | XAUUSDm trade_mode=4 xau_open=True | trade_mode=4 | tick_time=1789656023 | bid=4362.464 | ask=4362.724 | tick_ok=True | xau_open=True | current_symbol=XAUUSDm | startup=False
[2026-09-17 21:41:22] SYMBOL_CHECK | XAUUSDm trade_mode=4 xau_open=True | trade_mode=4 | tick_time=1789656083 | bid=4363.913 | ask=4364.173 | tick_ok=True | xau_open=True | current_symbol=XAUUSDm | startup=False
[2026-09-17 21:41:22] DEMO_PORTFOLIO_SCAN | XAUUSDm open active=LTS_AUS2
[2026-09-17 21:41:23] DEMO_PORTFOLIO_SCAN | XAUUSDm done active=LTS_AUS2
[2026-09-17 21:42:23] SYMBOL_CHECK | XAUUSDm trade_mode=4 xau_open=True | trade_mode=4 | tick_time=1789656143 | bid=4361.799 | ask=4362.059 | tick_ok=True | xau_open=True | current_symbol=XAUUSDm | startup=False
[2026-09-17 21:43:23] SYMBOL_CHECK | XAUUSDm trade_mode=4 xau_open=True | trade_mode=4 | tick_time=1789656203 | bid=4360.69 | ask=4360.95 | tick_ok=True | xau_open=True | current_symbol=XAUUSDm | startup=False
[2026-09-17 21:44:22] SYMBOL_CHECK | XAUUSDm trade_mode=4 xau_open=True | trade_mode=4 | tick_time=1789656263 | bid=4360.051 | ask=4360.311 | tick_ok=True | xau_open=True | current_symbol=XAUUSDm | startup=False
[2026-09-17 21:45:23] SYMBOL_CHECK | XAUUSDm trade_mode=4 xau_open=True | trade_mode=4 | tick_time=1789656323 | bid=4362.035 | ask=4362.295 | tick_ok=True | xau_open=True | current_symbol=XAUUSDm | startup=False
[2026-09-17 21:46:22] SYMBOL_CHECK | XAUUSDm trade_mode=4 xau_open=True | trade_mode=4 | tick_time=1789656383 | bid=4364.047 | ask=4364.307 | tick_ok=True | xau_open=True | current_symbol=XAUUSDm | startup=False
[2026-09-17 21:46:22] DEMO_PORTFOLIO_SCAN | XAUUSDm open active=LTS_AUS2
[2026-09-17 21:46:22] DEMO_PORTFOLIO_SCAN | XAUUSDm done active=LTS_AUS2
[2026-09-17 21:47:23] SYMBOL_CHECK | XAUUSDm trade_mode=4 xau_open=True | trade_mode=4 | tick_time=1789656443 | bid=4362.988 | ask=4363.248 | tick_ok=True | xau_open=True | current_symbol=XAUUSDm | startup=False
[2026-09-17 21:48:22] SYMBOL_CHECK | XAUUSDm trade_mode=4 xau_open=True | trade_mode=4 | tick_time=1789656503 | bid=4359.856 | ask=4360.116 | tick_ok=True | xau_open=True | current_symbol=XAUUSDm | startup=False
[2026-09-17 21:49:23] SYMBOL_CHECK | XAUUSDm trade_mode=4 xau_open=True | trade_mode=4 | tick_time=1789656563 | bid=4359.425 | ask=4359.685 | tick_ok=True | xau_open=True | current_symbol=XAUUSDm | startup=False
[2026-09-17 21:50:22] SYMBOL_CHECK | XAUUSDm trade_mode=4 xau_open=True | trade_mode=4 | tick_time=1789656623 | bid=4361.671 | ask=4361.931 | tick_ok=True | xau_open=True | current_symbol=XAUUSDm | startup=False
[2026-09-17 21:51:22] SYMBOL_CHECK | XAUUSDm trade_mode=4 xau_open=True | trade_mode=4 | tick_time=1789656683 | bid=4359.928 | ask=4360.188 | tick_ok=True | xau_open=True | current_symbol=XAUUSDm | startup=False
[2026-09-17 21:51:22] DEMO_PORTFOLIO_SCAN | XAUUSDm open active=LTS_AUS2
[2026-09-17 21:51:23] DEMO_PORTFOLIO_SCAN | XAUUSDm done active=LTS_AUS2
[2026-09-17 21:52:22] SYMBOL_CHECK | XAUUSDm trade_mode=4 xau_open=True | trade_mode=4 | tick_time=1789656743 | bid=4358.973 | ask=4359.233 | tick_ok=True | xau_open=True | current_symbol=XAUUSDm | startup=False
[2026-09-17 21:53:22] SYMBOL_CHECK | XAUUSDm trade_mode=4 xau_open=True | trade_mode=4 | tick_time=1789656803 | bid=4359.413 | ask=4359.673 | tick_ok=True | xau_open=True | current_symbol=XAUUSDm | startup=False
[2026-09-17 21:54:23] SYMBOL_CHECK | XAUUSDm trade_mode=4 xau_open=True | trade_mode=4 | tick_time=1789656863 | bid=4356.585 | ask=4356.845 | tick_ok=True | xau_open=True | current_symbol=XAUUSDm | startup=False
[2026-09-17 21:55:23] SYMBOL_CHECK | XAUUSDm trade_mode=4 xau_open=True | trade_mode=4 | tick_time=1789656923 | bid=4357.148 | ask=4357.408 | tick_ok=True | xau_open=True | current_symbol=XAUUSDm | startup=False
[2026-09-17 21:56:23] SYMBOL_CHECK | XAUUSDm trade_mode=4 xau_open=True | trade_mode=4 | tick_time=1789656983 | bid=4355.815 | ask=4356.075 | tick_ok=True | xau_open=True | current_symbol=XAUUSDm | startup=False
[2026-09-17 21:56:23] DEMO_PORTFOLIO_SCAN | XAUUSDm open active=LTS_AUS2
[2026-09-17 21:56:23] DEMO_PORTFOLIO_SCAN | XAUUSDm done active=LTS_AUS2
[2026-09-17 21:57:23] SYMBOL_CHECK | XAUUSDm trade_mode=4 xau_open=True | trade_mode=4 | tick_time=1789657043 | bid=4353.858 | ask=4354.118 | tick_ok=True | xau_open=True | current_symbol=XAUUSDm | startup=False
[2026-09-17 21:58:23] SYMBOL_CHECK | XAUUSDm trade_mode=4 xau_open=True | trade_mode=4 | tick_time=1789657103 | bid=4354.44 | ask=4354.7 | tick_ok=True | xau_open=True | current_symbol=XAUUSDm | startup=False
[2026-09-17 21:59:23] SYMBOL_CHECK | XAUUSDm trade_mode=4 xau_open=True | trade_mode=4 | tick_time=1789657163 | bid=4353.781 | ask=4354.041 | tick_ok=True | xau_open=True | current_symbol=XAUUSDm | startup=False
[2026-09-17 22:00:23] SYMBOL_CHECK | XAUUSDm trade_mode=4 xau_open=True | trade_mode=4 | tick_time=1789657223 | bid=4353.438 | ask=4353.698 | tick_ok=True | xau_open=True | current_symbol=XAUUSDm | startup=False
[2026-09-17 22:01:22] SYMBOL_CHECK | XAUUSDm trade_mode=4 xau_open=True | trade_mode=4 | tick_time=1789657283 | bid=4353.017 | ask=4353.277 | tick_ok=True | xau_open=True | current_symbol=XAUUSDm | startup=False
[2026-09-17 22:01:23] DEMO_PORTFOLIO_SCAN | XAUUSDm open active=LTS_AUS2
[2026-09-17 22:01:23] DEMO_PORTFOLIO_PENDING_ARM | LTS_AUS2_654 BUY entry=4354.126 sl=4282.258482142857 tp=4402.037678571429 lot=0.50 expires=5bars
[2026-09-17 22:01:23] DEMO_PORTFOLIO_PENDING_FILL | LTS_AUS2_654 BUY lot=0.50 entry=4354.126 sl=4282.258482142857 tp=4402.037678571429 success=True ticket=3838829892 err=None
[2026-09-17 22:01:23] DEMO_PORTFOLIO_SCAN | XAUUSDm done active=LTS_AUS2
[2026-09-17 22:01:24] TG_SENT | [AF SIGNAL] *💎✨ Avengers Ultra Safe v2* | Leg: `LTS_AUS2_654 INVERSE_S97_H1` | BUY @ pending-fill market lot `0.50` | Entry `4354.13` SL `4282.26` TP `4402.04` | Ticket: `3838829892`
[2026-09-17 22:02:23] SYMBOL_CHECK | XAUUSDm trade_mode=4 xau_open=True | trade_mode=4 | tick_time=1789657343 | bid=4352.73 | ask=4352.99 | tick_ok=True | xau_open=True | current_symbol=XAUUSDm | startup=False
[2026-09-17 22:03:23] SYMBOL_CHECK | XAUUSDm trade_mode=4 xau_open=True | trade_mode=4 | tick_time=1789657403 | bid=4356.899 | ask=4357.159 | tick_ok=True | xau_open=True | current_symbol=XAUUSDm | startup=False
[2026-09-17 22:04:22] SYMBOL_CHECK | XAUUSDm trade_mode=4 xau_open=True | trade_mode=4 | tick_time=1789657463 | bid=4356.171 | ask=4356.431 | tick_ok=True | xau_open=True | current_symbol=XAUUSDm | startup=False
[2026-09-17 22:05:22] SYMBOL_CHECK | XAUUSDm trade_mode=4 xau_open=True | trade_mode=4 | tick_time=1789657523 | bid=4357.294 | ask=4357.554 | tick_ok=True | xau_open=True | current_symbol=XAUUSDm | startup=False
[2026-09-17 22:06:22] SYMBOL_CHECK | XAUUSDm trade_mode=4 xau_open=True | trade_mode=4 | tick_time=1789657583 | bid=4357.446 | ask=4357.706 | tick_ok=True | xau_open=True | current_symbol=XAUUSDm | startup=False
[2026-09-17 22:06:22] DEMO_PORTFOLIO_SCAN | XAUUSDm open active=LTS_AUS2
[2026-09-17 22:06:22] DEMO_PORTFOLIO_SCAN | XAUUSDm done active=LTS_AUS2
[2026-09-17 22:07:23] SYMBOL_CHECK | XAUUSDm trade_mode=4 xau_open=True | trade_mode=4 | tick_time=1789657643 | bid=4357.937 | ask=4358.197 | tick_ok=True | xau_open=True | current_symbol=XAUUSDm | startup=False
[2026-09-17 22:08:23] SYMBOL_CHECK | XAUUSDm trade_mode=4 xau_open=True | trade_mode=4 | tick_time=1789657703 | bid=4355.601 | ask=4355.861 | tick_ok=True | xau_open=True | current_symbol=XAUUSDm | startup=False
[2026-09-17 22:09:23] SYMBOL_CHECK | XAUUSDm trade_mode=4 xau_open=True | trade_mode=4 | tick_time=1789657763 | bid=4355.841 | ask=4356.101 | tick_ok=True | xau_open=True | current_symbol=XAUUSDm | startup=False
[2026-09-17 22:10:23] SYMBOL_CHECK | XAUUSDm trade_mode=4 xau_open=True | trade_mode=4 | tick_time=1789657823 | bid=4356.866 | ask=4357.126 | tick_ok=True | xau_open=True | current_symbol=XAUUSDm | startup=False
[2026-09-17 22:11:22] SYMBOL_CHECK | XAUUSDm trade_mode=4 xau_open=True | trade_mode=4 | tick_time=1789657883 | bid=4354.594 | ask=4354.854 | tick_ok=True | xau_open=True | current_symbol=XAUUSDm | startup=False
[2026-09-17 22:11:22] DEMO_PORTFOLIO_SCAN | XAUUSDm open active=LTS_AUS2
[2026-09-17 22:11:23] DEMO_PORTFOLIO_SCAN | XAUUSDm done active=LTS_AUS2
[2026-09-17 22:12:23] SYMBOL_CHECK | XAUUSDm trade_mode=4 xau_open=True | trade_mode=4 | tick_time=1789657943 | bid=4355.759 | ask=4356.019 | tick_ok=True | xau_open=True | current_symbol=XAUUSDm | startup=False
[2026-09-17 22:13:22] SYMBOL_CHECK | XAUUSDm trade_mode=4 xau_open=True | trade_mode=4 | tick_time=1789658003 | bid=4358.273 | ask=4358.533 | tick_ok=True | xau_open=True | current_symbol=XAUUSDm | startup=False
[2026-09-17 22:14:22] SYMBOL_CHECK | XAUUSDm trade_mode=4 xau_open=True | trade_mode=4 | tick_time=1789658063 | bid=4361.263 | ask=4361.523 | tick_ok=True | xau_open=True | current_symbol=XAUUSDm | startup=False
[2026-09-17 22:15:23] SYMBOL_CHECK | XAUUSDm trade_mode=4 xau_open=True | trade_mode=4 | tick_time=1789658123 | bid=4360.654 | ask=4360.914 | tick_ok=True | xau_open=True | current_symbol=XAUUSDm | startup=False
[2026-09-17 22:16:22] SYMBOL_CHECK | XAUUSDm trade_mode=4 xau_open=True | trade_mode=4 | tick_time=1789658183 | bid=4361.347 | ask=4361.607 | tick_ok=True | xau_open=True | current_symbol=XAUUSDm | startup=False
[2026-09-17 22:16:22] DEMO_PORTFOLIO_SCAN | XAUUSDm open active=LTS_AUS2
[2026-09-17 22:16:22] DEMO_PORTFOLIO_PENDING_ARM | LTS_AUS2_644 BUY entry=4361.723 sl=4321.6314999999995 tp=4441.906000000001 lot=0.06 expires=5bars
[2026-09-17 22:16:22] DEMO_PORTFOLIO_PENDING_FILL | LTS_AUS2_644 BUY lot=0.06 entry=4361.723 sl=4321.6314999999995 tp=4441.906000000001 success=True ticket=3838938523 err=None
[2026-09-17 22:16:22] DEMO_PORTFOLIO_PENDING_ARM | LTS_AUS2_645 SELL entry=4361.723 sl=4441.906000000001 tp=4321.6314999999995 lot=0.07 expires=5bars
[2026-09-17 22:16:22] DEMO_PORTFOLIO_SCAN | XAUUSDm done active=LTS_AUS2
[2026-09-17 22:16:23] TG_SENT | [AF SIGNAL] *💎✨ Avengers Ultra Safe v2* | Leg: `LTS_AUS2_644 DIRECT_S96_M15` | BUY @ pending-fill market lot `0.06` | Entry `4361.72` SL `4321.63` TP `4441.91` | Ticket: `3838938523`
[2026-09-17 22:17:23] SYMBOL_CHECK | XAUUSDm trade_mode=4 xau_open=True | trade_mode=4 | tick_time=1789658243 | bid=4363.085 | ask=4363.345 | tick_ok=True | xau_open=True | current_symbol=XAUUSDm | startup=False
[2026-09-17 22:18:23] SYMBOL_CHECK | XAUUSDm trade_mode=4 xau_open=True | trade_mode=4 | tick_time=1789658303 | bid=4363.886 | ask=4364.146 | tick_ok=True | xau_open=True | current_symbol=XAUUSDm | startup=False
[2026-09-17 22:19:23] SYMBOL_CHECK | XAUUSDm trade_mode=4 xau_open=True | trade_mode=4 | tick_time=1789658363 | bid=4363.318 | ask=4363.578 | tick_ok=True | xau_open=True | current_symbol=XAUUSDm | startup=False
[2026-09-17 22:20:23] SYMBOL_CHECK | XAUUSDm trade_mode=4 xau_open=True | trade_mode=4 | tick_time=1789658423 | bid=4362.527 | ask=4362.787 | tick_ok=True | xau_open=True | current_symbol=XAUUSDm | startup=False
[2026-09-17 22:21:22] SYMBOL_CHECK | XAUUSDm trade_mode=4 xau_open=True | trade_mode=4 | tick_time=1789658483 | bid=4361.358 | ask=4361.618 | tick_ok=True | xau_open=True | current_symbol=XAUUSDm | startup=False
[2026-09-17 22:21:23] DEMO_PORTFOLIO_SCAN | XAUUSDm open active=LTS_AUS2
[2026-09-17 22:21:23] DEMO_PORTFOLIO_SCAN | XAUUSDm done active=LTS_AUS2
[2026-09-17 22:22:23] SYMBOL_CHECK | XAUUSDm trade_mode=4 xau_open=True | trade_mode=4 | tick_time=1789658543 | bid=4361.313 | ask=4361.573 | tick_ok=True | xau_open=True | current_symbol=XAUUSDm | startup=False
[2026-09-17 22:23:23] SYMBOL_CHECK | XAUUSDm trade_mode=4 xau_open=True | trade_mode=4 | tick_time=1789658602 | bid=4361.552 | ask=4361.812 | tick_ok=True | xau_open=True | current_symbol=XAUUSDm | startup=False
[2026-09-17 22:24:22] SYMBOL_CHECK | XAUUSDm trade_mode=4 xau_open=True | trade_mode=4 | tick_time=1789658663 | bid=4361.365 | ask=4361.625 | tick_ok=True | xau_open=True | current_symbol=XAUUSDm | startup=False
[2026-09-17 22:25:22] SYMBOL_CHECK | XAUUSDm trade_mode=4 xau_open=True | trade_mode=4 | tick_time=1789658723 | bid=4360.577 | ask=4360.837 | tick_ok=True | xau_open=True | current_symbol=XAUUSDm | startup=False
[2026-09-17 22:26:23] SYMBOL_CHECK | XAUUSDm trade_mode=4 xau_open=True | trade_mode=4 | tick_time=1789658783 | bid=4358.325 | ask=4358.585 | tick_ok=True | xau_open=True | current_symbol=XAUUSDm | startup=False
[2026-09-17 22:26:23] DEMO_PORTFOLIO_SCAN | XAUUSDm open active=LTS_AUS2
[2026-09-17 22:26:24] DEMO_PORTFOLIO_SCAN | XAUUSDm done active=LTS_AUS2
[2026-09-17 22:27:23] SYMBOL_CHECK | XAUUSDm trade_mode=4 xau_open=True | trade_mode=4 | tick_time=1789658843 | bid=4357.502 | ask=4357.762 | tick_ok=True | xau_open=True | current_symbol=XAUUSDm | startup=False
[2026-09-17 22:28:22] SYMBOL_CHECK | XAUUSDm trade_mode=4 xau_open=True | trade_mode=4 | tick_time=1789658903 | bid=4357.448 | ask=4357.708 | tick_ok=True | xau_open=True | current_symbol=XAUUSDm | startup=False
[2026-09-17 22:29:22] SYMBOL_CHECK | XAUUSDm trade_mode=4 xau_open=True | trade_mode=4 | tick_time=1789658963 | bid=4357.912 | ask=4358.172 | tick_ok=True | xau_open=True | current_symbol=XAUUSDm | startup=False
[2026-09-17 22:30:22] SYMBOL_CHECK | XAUUSDm trade_mode=4 xau_open=True | trade_mode=4 | tick_time=1789659023 | bid=4358.007 | ask=4358.267 | tick_ok=True | xau_open=True | current_symbol=XAUUSDm | startup=False
[2026-09-17 22:31:23] SYMBOL_CHECK | XAUUSDm trade_mode=4 xau_open=True | trade_mode=4 | tick_time=1789659083 | bid=4357.743 | ask=4358.003 | tick_ok=True | xau_open=True | current_symbol=XAUUSDm | startup=False
[2026-09-17 22:31:23] DEMO_PORTFOLIO_SCAN | XAUUSDm open active=LTS_AUS2
[2026-09-17 22:31:23] DEMO_PORTFOLIO_SKIP | LTS_AUS2_1 skipped - hour 22 != 8
[2026-09-17 22:31:23] DEMO_PORTFOLIO_SKIP | LTS_AUS2_3 skipped - hour 22 != 9
[2026-09-17 22:31:23] DEMO_PORTFOLIO_SKIP | LTS_AUS2_4 skipped - hour 22 != 11
[2026-09-17 22:31:23] DEMO_PORTFOLIO_SKIP | LTS_AUS2_5 skipped - hour 22 != 17
[2026-09-17 22:31:23] DEMO_PORTFOLIO_SKIP | LTS_AUS2_9 skipped - hour 22 != 20
[2026-09-17 22:31:23] DEMO_PORTFOLIO_SKIP | LTS_AUS2_10 skipped - hour 22 != 8
[2026-09-17 22:31:23] DEMO_PORTFOLIO_SKIP | LTS_AUS2_11 skipped - hour 22 != 11
[2026-09-17 22:31:23] DEMO_PORTFOLIO_SKIP | LTS_AUS2_16 skipped - hour 22 != 9
[2026-09-17 22:31:23] DEMO_PORTFOLIO_SKIP | LTS_AUS2_17 skipped - hour 22 != 19
[2026-09-17 22:31:23] DEMO_PORTFOLIO_SKIP | LTS_AUS2_22 skipped - hour 22 != 11
[2026-09-17 22:31:24] DEMO_PORTFOLIO_SKIP | LTS_AUS2_23 skipped - hour 22 != 12
[2026-09-17 22:31:24] DEMO_PORTFOLIO_SKIP | LTS_AUS2_24 skipped - hour 22 != 14
[2026-09-17 22:31:24] DEMO_PORTFOLIO_SKIP | LTS_AUS2_25 skipped - hour 22 != 19
[2026-09-17 22:31:24] DEMO_PORTFOLIO_SKIP | LTS_AUS2_31 skipped - hour 22 != 15
[2026-09-17 22:31:24] DEMO_PORTFOLIO_SKIP | LTS_AUS2_32 skipped - hour 22 != 11
[2026-09-17 22:31:24] DEMO_PORTFOLIO_SKIP | LTS_AUS2_35 skipped - hour 22 != 19
[2026-09-17 22:31:24] DEMO_PORTFOLIO_SKIP | LTS_AUS2_38 skipped - hour 22 != 15
[2026-09-17 22:31:24] DEMO_PORTFOLIO_SKIP | LTS_AUS2_41 skipped - hour 22 != 9
[2026-09-17 22:31:24] DEMO_PORTFOLIO_SKIP | LTS_AUS2_44 skipped - hour 22 != 18
[2026-09-17 22:31:24] DEMO_PORTFOLIO_SKIP | LTS_AUS2_47 skipped - hour 22 != 15
[2026-09-17 22:31:24] DEMO_PORTFOLIO_SKIP | LTS_AUS2_48 skipped - hour 22 != 20
[2026-09-17 22:31:24] DEMO_PORTFOLIO_SKIP | LTS_AUS2_51 skipped - hour 22 != 9
[2026-09-17 22:31:24] DEMO_PORTFOLIO_SKIP | LTS_AUS2_53 skipped - hour 22 != 16
[2026-09-17 22:31:24] DEMO_PORTFOLIO_SKIP | LTS_AUS2_54 skipped - hour 22 != 19
[2026-09-17 22:31:24] DEMO_PORTFOLIO_SIGNAL | LTS_AUS2_58 BUY lot=0.50 sl=4358.548 tp=4364.55 rd=2.83 weight=50.000 scale=1.00 h=22 success=False ticket=None err=10016 — Invalid stops
[2026-09-17 22:31:24] DEMO_PORTFOLIO_SKIP | LTS_AUS2_60 skipped - hour 22 != 18
[2026-09-17 22:31:24] DEMO_PORTFOLIO_SKIP | LTS_AUS2_65 skipped - hour 22 != 20
[2026-09-17 22:31:24] DEMO_PORTFOLIO_SKIP | LTS_AUS2_68 skipped - hour 22 != 14
[2026-09-17 22:31:24] DEMO_PORTFOLIO_SKIP | LTS_AUS2_69 skipped - hour 22 != 21
[2026-09-17 22:31:24] DEMO_PORTFOLIO_SKIP | LTS_AUS2_74 skipped - hour 22 != 11
[2026-09-17 22:31:24] DEMO_PORTFOLIO_SKIP | LTS_AUS2_76 skipped - hour 22 != 10
[2026-09-17 22:31:24] DEMO_PORTFOLIO_SKIP | LTS_AUS2_80 skipped - hour 22 != 12
[2026-09-17 22:31:24] DEMO_PORTFOLIO_SKIP | LTS_AUS2_81 skipped - hour 22 != 12
[2026-09-17 22:31:24] DEMO_PORTFOLIO_SKIP | LTS_AUS2_82 skipped - hour 22 != 11
[2026-09-17 22:31:24] DEMO_PORTFOLIO_SKIP | LTS_AUS2_85 skipped - hour 22 != 9
[2026-09-17 22:31:24] DEMO_PORTFOLIO_SKIP | LTS_AUS2_87 skipped - hour 22 != 15
[2026-09-17 22:31:25] DEMO_PORTFOLIO_SKIP | LTS_AUS2_88 skipped - hour 22 != 20
[2026-09-17 22:31:25] DEMO_PORTFOLIO_SKIP | LTS_AUS2_94 skipped - hour 22 != 16
[2026-09-17 22:31:25] DEMO_PORTFOLIO_SKIP | LTS_AUS2_95 skipped - risk_distance 17.28 > 3.40
[2026-09-17 22:31:25] DEMO_PORTFOLIO_SKIP | LTS_AUS2_98 skipped - hour 22 != 17
[2026-09-17 22:31:25] DEMO_PORTFOLIO_SKIP | LTS_AUS2_102 skipped - hour 22 != 19
[2026-09-17 22:31:25] DEMO_PORTFOLIO_SKIP | LTS_AUS2_107 skipped - hour 22 != 8
[2026-09-17 22:31:25] DEMO_PORTFOLIO_SKIP | LTS_AUS2_108 skipped - hour 22 != 12
[2026-09-17 22:31:25] DEMO_PORTFOLIO_SKIP | LTS_AUS2_111 skipped - hour 22 != 9
[2026-09-17 22:31:25] DEMO_PORTFOLIO_SKIP | LTS_AUS2_112 skipped - hour 22 != 14
[2026-09-17 22:31:25] DEMO_PORTFOLIO_SKIP | LTS_AUS2_114 skipped - hour 22 != 10
[2026-09-17 22:31:25] DEMO_PORTFOLIO_SKIP | LTS_AUS2_117 skipped - hour 22 != 8
[2026-09-17 22:31:25] DEMO_PORTFOLIO_SKIP | LTS_AUS2_118 skipped - hour 22 != 16
[2026-09-17 22:31:25] DEMO_PORTFOLIO_SKIP | LTS_AUS2_121 skipped - hour 22 != 10
[2026-09-17 22:31:25] DEMO_PORTFOLIO_SIGNAL | LTS_AUS2_123 BUY lot=0.50 sl=4358.663 tp=4364.55 rd=2.83 weight=50.000 scale=1.00 h=22 success=False ticket=None err=10016 — Invalid stops
[2026-09-17 22:31:25] DEMO_PORTFOLIO_SKIP | LTS_AUS2_125 skipped - hour 22 != 15
[2026-09-17 22:31:25] DEMO_PORTFOLIO_SKIP | LTS_AUS2_128 skipped - hour 22 != 18
[2026-09-17 22:31:25] DEMO_PORTFOLIO_SKIP | LTS_AUS2_130 skipped - hour 22 != 9
[2026-09-17 22:31:25] DEMO_PORTFOLIO_SKIP | LTS_AUS2_132 skipped - hour 22 != 15
[2026-09-17 22:31:25] DEMO_PORTFOLIO_SKIP | LTS_AUS2_134 skipped - hour 22 != 12
[2026-09-17 22:31:25] DEMO_PORTFOLIO_SKIP | LTS_AUS2_135 skipped - hour 22 != 10
[2026-09-17 22:31:25] DEMO_PORTFOLIO_SKIP | LTS_AUS2_136 skipped - hour 22 != 9
[2026-09-17 22:31:25] DEMO_PORTFOLIO_SKIP | LTS_AUS2_138 skipped - hour 22 != 14
[2026-09-17 22:31:25] DEMO_PORTFOLIO_SKIP | LTS_AUS2_141 skipped - hour 22 != 20
[2026-09-17 22:31:25] DEMO_PORTFOLIO_SKIP | LTS_AUS2_145 skipped - hour 22 != 16
[2026-09-17 22:31:25] DEMO_PORTFOLIO_SKIP | LTS_AUS2_146 skipped - hour 22 != 17
[2026-09-17 22:31:26] DEMO_PORTFOLIO_SKIP | LTS_AUS2_148 skipped - hour 22 != 17
[2026-09-17 22:31:26] DEMO_PORTFOLIO_SKIP | LTS_AUS2_149 skipped - hour 22 != 9
[2026-09-17 22:31:26] DEMO_PORTFOLIO_SKIP | LTS_AUS2_150 skipped - hour 22 != 19
[2026-09-17 22:31:26] DEMO_PORTFOLIO_SKIP | LTS_AUS2_151 skipped - hour 22 != 19
[2026-09-17 22:31:26] DEMO_PORTFOLIO_SKIP | LTS_AUS2_155 skipped - hour 22 != 17
[2026-09-17 22:31:26] DEMO_PORTFOLIO_SKIP | LTS_AUS2_157 skipped - hour 22 != 14
[2026-09-17 22:31:26] DEMO_PORTFOLIO_SKIP | LTS_AUS2_160 skipped - hour 22 != 8
[2026-09-17 22:31:26] DEMO_PORTFOLIO_SKIP | LTS_AUS2_161 skipped - hour 22 != 16
[2026-09-17 22:31:26] DEMO_PORTFOLIO_SKIP | LTS_AUS2_164 skipped - hour 22 != 11
[2026-09-17 22:31:26] DEMO_PORTFOLIO_SKIP | LTS_AUS2_165 skipped - hour 22 != 14
[2026-09-17 22:31:26] DEMO_PORTFOLIO_SKIP | LTS_AUS2_166 skipped - hour 22 != 14
[2026-09-17 22:31:26] DEMO_PORTFOLIO_SKIP | LTS_AUS2_168 skipped - hour 22 != 15
[2026-09-17 22:31:26] DEMO_PORTFOLIO_SKIP | LTS_AUS2_171 skipped - hour 22 != 15
[2026-09-17 22:31:26] DEMO_PORTFOLIO_SKIP | LTS_AUS2_172 skipped - hour 22 != 21
[2026-09-17 22:31:26] DEMO_PORTFOLIO_SKIP | LTS_AUS2_175 skipped - hour 22 != 16
[2026-09-17 22:31:26] DEMO_PORTFOLIO_SIGNAL | LTS_AUS2_179 BUY lot=0.50 sl=4358.634 tp=4364.55 rd=2.83 weight=50.000 scale=1.00 h=22 success=False ticket=None err=10016 — Invalid stops
[2026-09-17 22:31:26] DEMO_PORTFOLIO_SKIP | LTS_AUS2_181 skipped - hour 22 != 19
[2026-09-17 22:31:26] DEMO_PORTFOLIO_SKIP | LTS_AUS2_183 skipped - hour 22 != 14
[2026-09-17 22:31:26] DEMO_PORTFOLIO_SKIP | LTS_AUS2_184 skipped - risk_distance 17.28 > 5.00
[2026-09-17 22:31:26] DEMO_PORTFOLIO_SKIP | LTS_AUS2_186 skipped - hour 22 != 16
[2026-09-17 22:31:26] DEMO_PORTFOLIO_SKIP | LTS_AUS2_187 skipped - hour 22 != 16
[2026-09-17 22:31:26] DEMO_PORTFOLIO_SKIP | LTS_AUS2_188 skipped - hour 22 != 19
[2026-09-17 22:31:26] DEMO_PORTFOLIO_SKIP | LTS_AUS2_191 skipped - hour 22 != 16
[2026-09-17 22:31:27] DEMO_PORTFOLIO_SKIP | LTS_AUS2_192 skipped - hour 22 != 14
[2026-09-17 22:31:27] DEMO_PORTFOLIO_SKIP | LTS_AUS2_193 skipped - hour 22 != 19
[2026-09-17 22:31:27] DEMO_PORTFOLIO_SKIP | LTS_AUS2_195 skipped - hour 22 != 8
[2026-09-17 22:31:27] DEMO_PORTFOLIO_SKIP | LTS_AUS2_197 skipped - hour 22 != 14
[2026-09-17 22:31:27] DEMO_PORTFOLIO_SKIP | LTS_AUS2_200 skipped - hour 22 != 19
[2026-09-17 22:31:27] DEMO_PORTFOLIO_SKIP | LTS_AUS2_204 skipped - hour 22 != 15
[2026-09-17 22:31:27] DEMO_PORTFOLIO_SKIP | LTS_AUS2_205 skipped - hour 22 != 14
[2026-09-17 22:31:27] DEMO_PORTFOLIO_SKIP | LTS_AUS2_209 skipped - hour 22 != 18
[2026-09-17 22:31:27] DEMO_PORTFOLIO_SKIP | LTS_AUS2_210 skipped - hour 22 != 19
[2026-09-17 22:31:27] DEMO_PORTFOLIO_SKIP | LTS_AUS2_213 skipped - hour 22 != 16
[2026-09-17 22:31:27] DEMO_PORTFOLIO_SKIP | LTS_AUS2_214 skipped - hour 22 != 14
[2026-09-17 22:31:27] DEMO_PORTFOLIO_SKIP | LTS_AUS2_215 skipped - hour 22 != 19
[2026-09-17 22:31:27] DEMO_PORTFOLIO_SKIP | LTS_AUS2_217 skipped - hour 22 != 17
[2026-09-17 22:31:27] DEMO_PORTFOLIO_SKIP | LTS_AUS2_219 skipped - hour 22 != 14
[2026-09-17 22:31:27] DEMO_PORTFOLIO_SKIP | LTS_AUS2_222 skipped - hour 22 != 14
[2026-09-17 22:31:27] DEMO_PORTFOLIO_SKIP | LTS_AUS2_224 skipped - hour 22 != 20
[2026-09-17 22:31:27] DEMO_PORTFOLIO_SKIP | LTS_AUS2_225 skipped - hour 22 != 19
[2026-09-17 22:31:27] DEMO_PORTFOLIO_SKIP | LTS_AUS2_230 skipped - hour 22 != 21
[2026-09-17 22:31:27] DEMO_PORTFOLIO_SKIP | LTS_AUS2_234 skipped - hour 22 != 19
[2026-09-17 22:31:27] DEMO_PORTFOLIO_SKIP | LTS_AUS2_235 skipped - hour 22 != 19
[2026-09-17 22:31:27] DEMO_PORTFOLIO_SKIP | LTS_AUS2_236 skipped - hour 22 != 20
[2026-09-17 22:31:27] DEMO_PORTFOLIO_SKIP | LTS_AUS2_240 skipped - hour 22 != 14
[2026-09-17 22:31:27] DEMO_PORTFOLIO_SKIP | LTS_AUS2_241 skipped - hour 22 != 11
[2026-09-17 22:31:28] DEMO_PORTFOLIO_SKIP | LTS_AUS2_243 skipped - hour 22 != 21
[2026-09-17 22:31:28] DEMO_PORTFOLIO_SKIP | LTS_AUS2_246 skipped - hour 22 != 20
[2026-09-17 22:31:28] DEMO_PORTFOLIO_SKIP | LTS_AUS2_247 skipped - hour 22 != 20
[2026-09-17 22:31:28] DEMO_PORTFOLIO_SKIP | LTS_AUS2_250 skipped - hour 22 != 15
[2026-09-17 22:31:28] DEMO_PORTFOLIO_SKIP | LTS_AUS2_251 skipped - hour 22 != 20
[2026-09-17 22:31:28] DEMO_PORTFOLIO_SKIP | LTS_AUS2_253 skipped - hour 22 != 20
[2026-09-17 22:31:28] DEMO_PORTFOLIO_SKIP | LTS_AUS2_258 skipped - hour 22 != 19
[2026-09-17 22:31:28] DEMO_PORTFOLIO_SKIP | LTS_AUS2_261 skipped - hour 22 != 16
[2026-09-17 22:31:28] DEMO_PORTFOLIO_SKIP | LTS_AUS2_262 skipped - hour 22 != 14
[2026-09-17 22:31:28] DEMO_PORTFOLIO_SKIP | LTS_AUS2_264 skipped - hour 22 != 11
[2026-09-17 22:31:28] DEMO_PORTFOLIO_SKIP | LTS_AUS2_265 skipped - hour 22 != 14
[2026-09-17 22:31:28] DEMO_PORTFOLIO_SIGNAL | LTS_AUS2_266 BUY lot=0.50 sl=4358.499 tp=4364.55 rd=2.83 weight=50.000 scale=1.00 h=22 success=False ticket=None err=10016 — Invalid stops
[2026-09-17 22:31:28] DEMO_PORTFOLIO_SKIP | LTS_AUS2_269 skipped - hour 22 != 20
[2026-09-17 22:31:28] DEMO_PORTFOLIO_SKIP | LTS_AUS2_270 skipped - hour 22 != 21
[2026-09-17 22:31:28] DEMO_PORTFOLIO_SKIP | LTS_AUS2_277 skipped - hour 22 != 14
[2026-09-17 22:31:28] DEMO_PORTFOLIO_SKIP | LTS_AUS2_278 skipped - hour 22 != 10
[2026-09-17 22:31:28] DEMO_PORTFOLIO_SKIP | LTS_AUS2_281 skipped - hour 22 != 15
[2026-09-17 22:31:28] DEMO_PORTFOLIO_SKIP | LTS_AUS2_283 skipped - hour 22 != 18
[2026-09-17 22:31:28] DEMO_PORTFOLIO_SKIP | LTS_AUS2_286 skipped - hour 22 != 8
[2026-09-17 22:31:28] DEMO_PORTFOLIO_SKIP | LTS_AUS2_288 skipped - hour 22 != 20
[2026-09-17 22:31:28] DEMO_PORTFOLIO_SKIP | LTS_AUS2_289 skipped - risk_distance 17.28 > 5.00
[2026-09-17 22:31:28] DEMO_PORTFOLIO_SKIP | LTS_AUS2_291 skipped - hour 22 != 12
[2026-09-17 22:31:28] DEMO_PORTFOLIO_SKIP | LTS_AUS2_292 skipped - hour 22 != 14
[2026-09-17 22:31:28] DEMO_PORTFOLIO_SKIP | LTS_AUS2_293 skipped - hour 22 != 10
[2026-09-17 22:31:28] DEMO_PORTFOLIO_SKIP | LTS_AUS2_297 skipped - hour 22 != 17
[2026-09-17 22:31:29] DEMO_PORTFOLIO_SKIP | LTS_AUS2_300 skipped - hour 22 != 15
[2026-09-17 22:31:29] DEMO_PORTFOLIO_SKIP | LTS_AUS2_302 skipped - hour 22 != 21
[2026-09-17 22:31:29] DEMO_PORTFOLIO_SKIP | LTS_AUS2_303 skipped - hour 22 != 10
[2026-09-17 22:31:29] DEMO_PORTFOLIO_SKIP | LTS_AUS2_306 skipped - hour 22 != 20
[2026-09-17 22:31:29] DEMO_PORTFOLIO_SKIP | LTS_AUS2_308 skipped - hour 22 != 9
[2026-09-17 22:31:29] DEMO_PORTFOLIO_SKIP | LTS_AUS2_309 skipped - hour 22 != 10
[2026-09-17 22:31:29] DEMO_PORTFOLIO_SKIP | LTS_AUS2_316 skipped - hour 22 != 16
[2026-09-17 22:31:29] DEMO_PORTFOLIO_SKIP | LTS_AUS2_318 skipped - hour 22 != 19
[2026-09-17 22:31:29] DEMO_PORTFOLIO_SKIP | LTS_AUS2_321 skipped - hour 22 != 9
[2026-09-17 22:31:29] DEMO_PORTFOLIO_SKIP | LTS_AUS2_324 skipped - hour 22 != 12
[2026-09-17 22:31:29] DEMO_PORTFOLIO_SKIP | LTS_AUS2_325 skipped - hour 22 != 14
[2026-09-17 22:31:29] DEMO_PORTFOLIO_SKIP | LTS_AUS2_327 skipped - hour 22 != 20
[2026-09-17 22:31:29] DEMO_PORTFOLIO_SKIP | LTS_AUS2_328 skipped - hour 22 != 10
[2026-09-17 22:31:29] DEMO_PORTFOLIO_SKIP | LTS_AUS2_329 skipped - hour 22 != 19
[2026-09-17 22:31:29] DEMO_PORTFOLIO_SKIP | LTS_AUS2_332 skipped - hour 22 != 10
[2026-09-17 22:31:29] DEMO_PORTFOLIO_SKIP | LTS_AUS2_333 skipped - hour 22 != 14
[2026-09-17 22:31:29] DEMO_PORTFOLIO_SKIP | LTS_AUS2_334 skipped - risk_distance 17.28 > 5.00
[2026-09-17 22:31:29] DEMO_PORTFOLIO_SKIP | LTS_AUS2_336 skipped - hour 22 != 20
[2026-09-17 22:31:29] DEMO_PORTFOLIO_SKIP | LTS_AUS2_337 skipped - hour 22 != 19
[2026-09-17 22:31:29] DEMO_PORTFOLIO_SKIP | LTS_AUS2_339 skipped - hour 22 != 21
[2026-09-17 22:31:29] DEMO_PORTFOLIO_SKIP | LTS_AUS2_341 skipped - hour 22 != 14
[2026-09-17 22:31:29] DEMO_PORTFOLIO_SKIP | LTS_AUS2_343 skipped - hour 22 != 15
[2026-09-17 22:31:29] DEMO_PORTFOLIO_SKIP | LTS_AUS2_346 skipped - hour 22 != 9
[2026-09-17 22:31:29] DEMO_PORTFOLIO_SKIP | LTS_AUS2_347 skipped - hour 22 != 10
[2026-09-17 22:31:30] DEMO_PORTFOLIO_SKIP | LTS_AUS2_352 skipped - hour 22 != 14
[2026-09-17 22:31:30] DEMO_PORTFOLIO_SKIP | LTS_AUS2_358 skipped - hour 22 != 9
[2026-09-17 22:31:30] DEMO_PORTFOLIO_SKIP | LTS_AUS2_360 skipped - hour 22 != 19
[2026-09-17 22:31:30] DEMO_PORTFOLIO_SKIP | LTS_AUS2_361 skipped - hour 22 != 16
[2026-09-17 22:31:30] DEMO_PORTFOLIO_SKIP | LTS_AUS2_362 skipped - hour 22 != 19
[2026-09-17 22:31:30] DEMO_PORTFOLIO_SKIP | LTS_AUS2_365 skipped - hour 22 != 10
[2026-09-17 22:31:30] DEMO_PORTFOLIO_SKIP | LTS_AUS2_368 skipped - hour 22 != 12
[2026-09-17 22:31:30] DEMO_PORTFOLIO_SKIP | LTS_AUS2_369 skipped - hour 22 != 14
[2026-09-17 22:31:30] DEMO_PORTFOLIO_SKIP | LTS_AUS2_370 skipped - hour 22 != 9
[2026-09-17 22:31:30] DEMO_PORTFOLIO_SKIP | LTS_AUS2_371 skipped - hour 22 != 16
[2026-09-17 22:31:30] DEMO_PORTFOLIO_SKIP | LTS_AUS2_372 skipped - hour 22 != 10
[2026-09-17 22:31:30] DEMO_PORTFOLIO_SKIP | LTS_AUS2_374 skipped - hour 22 != 12
[2026-09-17 22:31:30] DEMO_PORTFOLIO_SKIP | LTS_AUS2_378 skipped - hour 22 != 16
[2026-09-17 22:31:30] DEMO_PORTFOLIO_SKIP | LTS_AUS2_379 skipped - hour 22 != 16
[2026-09-17 22:31:30] DEMO_PORTFOLIO_SKIP | LTS_AUS2_381 skipped - hour 22 != 14
[2026-09-17 22:31:30] DEMO_PORTFOLIO_SKIP | LTS_AUS2_383 skipped - hour 22 != 12
[2026-09-17 22:31:30] DEMO_PORTFOLIO_SKIP | LTS_AUS2_384 skipped - hour 22 != 9
[2026-09-17 22:31:30] DEMO_PORTFOLIO_SKIP | LTS_AUS2_385 skipped - hour 22 != 19
[2026-09-17 22:31:30] DEMO_PORTFOLIO_SKIP | LTS_AUS2_387 skipped - hour 22 != 12
[2026-09-17 22:31:30] DEMO_PORTFOLIO_SKIP | LTS_AUS2_388 skipped - hour 22 != 14
[2026-09-17 22:31:30] DEMO_PORTFOLIO_SKIP | LTS_AUS2_389 skipped - hour 22 != 14
[2026-09-17 22:31:30] DEMO_PORTFOLIO_SKIP | LTS_AUS2_391 skipped - hour 22 != 9
[2026-09-17 22:31:30] DEMO_PORTFOLIO_SKIP | LTS_AUS2_392 skipped - hour 22 != 9
[2026-09-17 22:31:30] DEMO_PORTFOLIO_SKIP | LTS_AUS2_393 skipped - hour 22 != 14
[2026-09-17 22:31:30] DEMO_PORTFOLIO_SKIP | LTS_AUS2_395 skipped - hour 22 != 12
[2026-09-17 22:31:30] DEMO_PORTFOLIO_SKIP | LTS_AUS2_396 skipped - hour 22 != 14
[2026-09-17 22:31:31] DEMO_PORTFOLIO_SKIP | LTS_AUS2_398 skipped - hour 22 != 12
[2026-09-17 22:31:31] DEMO_PORTFOLIO_SKIP | LTS_AUS2_399 skipped - hour 22 != 14
[2026-09-17 22:31:31] DEMO_PORTFOLIO_SKIP | LTS_AUS2_401 skipped - hour 22 != 9
[2026-09-17 22:31:31] DEMO_PORTFOLIO_SKIP | LTS_AUS2_402 skipped - hour 22 != 14
[2026-09-17 22:31:31] DEMO_PORTFOLIO_SKIP | LTS_AUS2_404 skipped - hour 22 != 12
[2026-09-17 22:31:31] DEMO_PORTFOLIO_SKIP | LTS_AUS2_405 skipped - hour 22 != 8
[2026-09-17 22:31:31] DEMO_PORTFOLIO_SKIP | LTS_AUS2_406 skipped - hour 22 != 14
[2026-09-17 22:31:31] DEMO_PORTFOLIO_SKIP | LTS_AUS2_408 skipped - hour 22 != 9
[2026-09-17 22:31:31] DEMO_PORTFOLIO_SKIP | LTS_AUS2_409 skipped - hour 22 != 8
[2026-09-17 22:31:31] DEMO_PORTFOLIO_SKIP | LTS_AUS2_410 skipped - hour 22 != 14
[2026-09-17 22:31:31] DEMO_PORTFOLIO_SKIP | LTS_AUS2_412 skipped - hour 22 != 12
[2026-09-17 22:31:31] DEMO_PORTFOLIO_SKIP | LTS_AUS2_413 skipped - hour 22 != 8
[2026-09-17 22:31:31] DEMO_PORTFOLIO_SKIP | LTS_AUS2_414 skipped - hour 22 != 14
[2026-09-17 22:31:31] DEMO_PORTFOLIO_SKIP | LTS_AUS2_416 skipped - hour 22 != 9
[2026-09-17 22:31:31] DEMO_PORTFOLIO_SKIP | LTS_AUS2_417 skipped - hour 22 != 8
[2026-09-17 22:31:31] DEMO_PORTFOLIO_SKIP | LTS_AUS2_418 skipped - hour 22 != 14
[2026-09-17 22:31:31] DEMO_PORTFOLIO_SKIP | LTS_AUS2_420 skipped - hour 22 != 12
[2026-09-17 22:31:31] DEMO_PORTFOLIO_SKIP | LTS_AUS2_421 skipped - hour 22 != 8
[2026-09-17 22:31:31] DEMO_PORTFOLIO_SKIP | LTS_AUS2_422 skipped - hour 22 != 14
[2026-09-17 22:31:31] DEMO_PORTFOLIO_SKIP | LTS_AUS2_424 skipped - hour 22 != 9
[2026-09-17 22:31:31] DEMO_PORTFOLIO_SKIP | LTS_AUS2_425 skipped - hour 22 != 8
[2026-09-17 22:31:32] DEMO_PORTFOLIO_SKIP | LTS_AUS2_426 skipped - hour 22 != 14
[2026-09-17 22:31:32] DEMO_PORTFOLIO_SKIP | LTS_AUS2_428 skipped - hour 22 != 12
[2026-09-17 22:31:32] DEMO_PORTFOLIO_SKIP | LTS_AUS2_429 skipped - hour 22 != 8
[2026-09-17 22:31:32] DEMO_PORTFOLIO_SKIP | LTS_AUS2_430 skipped - hour 22 != 14
[2026-09-17 22:31:32] DEMO_PORTFOLIO_SKIP | LTS_AUS2_432 skipped - hour 22 != 9
[2026-09-17 22:31:32] DEMO_PORTFOLIO_SKIP | LTS_AUS2_433 skipped - hour 22 != 8
[2026-09-17 22:31:32] DEMO_PORTFOLIO_SKIP | LTS_AUS2_434 skipped - hour 22 != 14
[2026-09-17 22:31:32] DEMO_PORTFOLIO_SKIP | LTS_AUS2_436 skipped - hour 22 != 12
[2026-09-17 22:31:32] DEMO_PORTFOLIO_SKIP | LTS_AUS2_437 skipped - hour 22 != 8
[2026-09-17 22:31:32] DEMO_PORTFOLIO_SKIP | LTS_AUS2_438 skipped - hour 22 != 14
[2026-09-17 22:31:32] DEMO_PORTFOLIO_SKIP | LTS_AUS2_440 skipped - hour 22 != 9
[2026-09-17 22:31:32] DEMO_PORTFOLIO_SKIP | LTS_AUS2_441 skipped - hour 22 != 8
[2026-09-17 22:31:32] DEMO_PORTFOLIO_SKIP | LTS_AUS2_442 skipped - hour 22 != 14
[2026-09-17 22:31:32] DEMO_PORTFOLIO_SKIP | LTS_AUS2_444 skipped - hour 22 != 12
[2026-09-17 22:31:32] DEMO_PORTFOLIO_SKIP | LTS_AUS2_445 skipped - hour 22 != 8
[2026-09-17 22:31:32] DEMO_PORTFOLIO_SKIP | LTS_AUS2_446 skipped - hour 22 != 14
[2026-09-17 22:31:32] DEMO_PORTFOLIO_SKIP | LTS_AUS2_449 skipped - hour 22 != 9
[2026-09-17 22:31:32] DEMO_PORTFOLIO_SKIP | LTS_AUS2_450 skipped - hour 22 != 8
[2026-09-17 22:31:32] DEMO_PORTFOLIO_SKIP | LTS_AUS2_451 skipped - hour 22 != 14
[2026-09-17 22:31:32] DEMO_PORTFOLIO_SKIP | LTS_AUS2_453 skipped - hour 22 != 12
[2026-09-17 22:31:32] DEMO_PORTFOLIO_SKIP | LTS_AUS2_454 skipped - hour 22 != 8
[2026-09-17 22:31:32] DEMO_PORTFOLIO_SKIP | LTS_AUS2_455 skipped - hour 22 != 14
[2026-09-17 22:31:32] DEMO_PORTFOLIO_SKIP | LTS_AUS2_457 skipped - hour 22 != 9
[2026-09-17 22:31:33] DEMO_PORTFOLIO_SKIP | LTS_AUS2_458 skipped - hour 22 != 8
[2026-09-17 22:31:33] DEMO_PORTFOLIO_SKIP | LTS_AUS2_459 skipped - hour 22 != 14
[2026-09-17 22:31:33] DEMO_PORTFOLIO_SKIP | LTS_AUS2_461 skipped - hour 22 != 12
[2026-09-17 22:31:33] DEMO_PORTFOLIO_SKIP | LTS_AUS2_462 skipped - hour 22 != 8
[2026-09-17 22:31:33] DEMO_PORTFOLIO_SKIP | LTS_AUS2_463 skipped - hour 22 != 14
[2026-09-17 22:31:33] DEMO_PORTFOLIO_SKIP | LTS_AUS2_465 skipped - hour 22 != 9
[2026-09-17 22:31:33] DEMO_PORTFOLIO_SKIP | LTS_AUS2_466 skipped - hour 22 != 8
[2026-09-17 22:31:33] DEMO_PORTFOLIO_SKIP | LTS_AUS2_467 skipped - hour 22 != 14
[2026-09-17 22:31:33] DEMO_PORTFOLIO_SKIP | LTS_AUS2_469 skipped - hour 22 != 12
[2026-09-17 22:31:33] DEMO_PORTFOLIO_SKIP | LTS_AUS2_470 skipped - hour 22 != 8
[2026-09-17 22:31:33] DEMO_PORTFOLIO_SKIP | LTS_AUS2_471 skipped - hour 22 != 14
[2026-09-17 22:31:33] DEMO_PORTFOLIO_SKIP | LTS_AUS2_473 skipped - hour 22 != 9
[2026-09-17 22:31:33] DEMO_PORTFOLIO_SKIP | LTS_AUS2_474 skipped - hour 22 != 8
[2026-09-17 22:31:33] DEMO_PORTFOLIO_SKIP | LTS_AUS2_475 skipped - hour 22 != 14
[2026-09-17 22:31:33] DEMO_PORTFOLIO_SKIP | LTS_AUS2_477 skipped - hour 22 != 12
[2026-09-17 22:31:33] DEMO_PORTFOLIO_SKIP | LTS_AUS2_478 skipped - hour 22 != 8
[2026-09-17 22:31:33] DEMO_PORTFOLIO_SKIP | LTS_AUS2_479 skipped - hour 22 != 14
[2026-09-17 22:31:33] DEMO_PORTFOLIO_SKIP | LTS_AUS2_481 skipped - hour 22 != 9
[2026-09-17 22:31:33] DEMO_PORTFOLIO_SKIP | LTS_AUS2_482 skipped - hour 22 != 8
[2026-09-17 22:31:33] DEMO_PORTFOLIO_SKIP | LTS_AUS2_483 skipped - hour 22 != 14
[2026-09-17 22:31:33] DEMO_PORTFOLIO_SKIP | LTS_AUS2_485 skipped - hour 22 != 12
[2026-09-17 22:31:33] DEMO_PORTFOLIO_SKIP | LTS_AUS2_486 skipped - hour 22 != 8
[2026-09-17 22:31:33] DEMO_PORTFOLIO_SKIP | LTS_AUS2_487 skipped - hour 22 != 14
[2026-09-17 22:31:33] DEMO_PORTFOLIO_SKIP | LTS_AUS2_489 skipped - hour 22 != 9
[2026-09-17 22:31:33] DEMO_PORTFOLIO_SKIP | LTS_AUS2_490 skipped - hour 22 != 8
[2026-09-17 22:31:33] DEMO_PORTFOLIO_SKIP | LTS_AUS2_491 skipped - hour 22 != 14
[2026-09-17 22:31:34] DEMO_PORTFOLIO_SKIP | LTS_AUS2_493 skipped - hour 22 != 12
[2026-09-17 22:31:34] DEMO_PORTFOLIO_SKIP | LTS_AUS2_494 skipped - hour 22 != 8
[2026-09-17 22:31:34] DEMO_PORTFOLIO_SKIP | LTS_AUS2_495 skipped - hour 22 != 14
[2026-09-17 22:31:34] DEMO_PORTFOLIO_SKIP | LTS_AUS2_497 skipped - hour 22 != 9
[2026-09-17 22:31:34] DEMO_PORTFOLIO_SKIP | LTS_AUS2_498 skipped - hour 22 != 8
[2026-09-17 22:31:34] DEMO_PORTFOLIO_SKIP | LTS_AUS2_499 skipped - hour 22 != 14
[2026-09-17 22:31:34] DEMO_PORTFOLIO_SKIP | LTS_AUS2_501 skipped - hour 22 != 12
[2026-09-17 22:31:34] DEMO_PORTFOLIO_SKIP | LTS_AUS2_502 skipped - hour 22 != 8
[2026-09-17 22:31:34] DEMO_PORTFOLIO_SKIP | LTS_AUS2_503 skipped - hour 22 != 14
[2026-09-17 22:31:34] DEMO_PORTFOLIO_SKIP | LTS_AUS2_505 skipped - hour 22 != 9
[2026-09-17 22:31:34] DEMO_PORTFOLIO_SKIP | LTS_AUS2_506 skipped - hour 22 != 8
[2026-09-17 22:31:34] DEMO_PORTFOLIO_SKIP | LTS_AUS2_507 skipped - hour 22 != 14
[2026-09-17 22:31:34] DEMO_PORTFOLIO_SKIP | LTS_AUS2_509 skipped - hour 22 != 12
[2026-09-17 22:31:34] DEMO_PORTFOLIO_SKIP | LTS_AUS2_510 skipped - hour 22 != 8
[2026-09-17 22:31:34] DEMO_PORTFOLIO_SKIP | LTS_AUS2_511 skipped - hour 22 != 14
[2026-09-17 22:31:34] DEMO_PORTFOLIO_SKIP | LTS_AUS2_513 skipped - hour 22 != 9
[2026-09-17 22:31:34] DEMO_PORTFOLIO_SKIP | LTS_AUS2_514 skipped - hour 22 != 8
[2026-09-17 22:31:34] DEMO_PORTFOLIO_SKIP | LTS_AUS2_515 skipped - hour 22 != 14
[2026-09-17 22:31:34] DEMO_PORTFOLIO_SKIP | LTS_AUS2_517 skipped - hour 22 != 12
[2026-09-17 22:31:34] DEMO_PORTFOLIO_SKIP | LTS_AUS2_518 skipped - hour 22 != 8
[2026-09-17 22:31:34] DEMO_PORTFOLIO_SKIP | LTS_AUS2_519 skipped - hour 22 != 14
[2026-09-17 22:31:34] DEMO_PORTFOLIO_SKIP | LTS_AUS2_521 skipped - hour 22 != 9
[2026-09-17 22:31:34] DEMO_PORTFOLIO_SKIP | LTS_AUS2_522 skipped - hour 22 != 8
[2026-09-17 22:31:34] DEMO_PORTFOLIO_SKIP | LTS_AUS2_523 skipped - hour 22 != 14
[2026-09-17 22:31:34] DEMO_PORTFOLIO_SKIP | LTS_AUS2_525 skipped - hour 22 != 12
[2026-09-17 22:31:34] DEMO_PORTFOLIO_SKIP | LTS_AUS2_526 skipped - hour 22 != 8
[2026-09-17 22:31:35] DEMO_PORTFOLIO_SKIP | LTS_AUS2_527 skipped - hour 22 != 14
[2026-09-17 22:31:35] DEMO_PORTFOLIO_SKIP | LTS_AUS2_529 skipped - hour 22 != 9
[2026-09-17 22:31:35] DEMO_PORTFOLIO_SKIP | LTS_AUS2_530 skipped - hour 22 != 8
[2026-09-17 22:31:35] DEMO_PORTFOLIO_SKIP | LTS_AUS2_531 skipped - hour 22 != 14
[2026-09-17 22:31:35] DEMO_PORTFOLIO_SKIP | LTS_AUS2_533 skipped - hour 22 != 12
[2026-09-17 22:31:35] DEMO_PORTFOLIO_SKIP | LTS_AUS2_534 skipped - hour 22 != 8
[2026-09-17 22:31:35] DEMO_PORTFOLIO_SKIP | LTS_AUS2_535 skipped - hour 22 != 14
[2026-09-17 22:31:35] DEMO_PORTFOLIO_SKIP | LTS_AUS2_537 skipped - hour 22 != 9
[2026-09-17 22:31:35] DEMO_PORTFOLIO_SKIP | LTS_AUS2_538 skipped - hour 22 != 8
[2026-09-17 22:31:35] DEMO_PORTFOLIO_SKIP | LTS_AUS2_539 skipped - hour 22 != 14
[2026-09-17 22:31:35] DEMO_PORTFOLIO_SKIP | LTS_AUS2_541 skipped - hour 22 != 12
[2026-09-17 22:31:35] DEMO_PORTFOLIO_SKIP | LTS_AUS2_542 skipped - hour 22 != 8
[2026-09-17 22:31:35] DEMO_PORTFOLIO_SKIP | LTS_AUS2_543 skipped - hour 22 != 14
[2026-09-17 22:31:35] DEMO_PORTFOLIO_SKIP | LTS_AUS2_545 skipped - hour 22 != 9
[2026-09-17 22:31:35] DEMO_PORTFOLIO_SKIP | LTS_AUS2_546 skipped - hour 22 != 8
[2026-09-17 22:31:35] DEMO_PORTFOLIO_SKIP | LTS_AUS2_547 skipped - hour 22 != 14
[2026-09-17 22:31:35] DEMO_PORTFOLIO_SKIP | LTS_AUS2_549 skipped - hour 22 != 12
[2026-09-17 22:31:35] DEMO_PORTFOLIO_SKIP | LTS_AUS2_550 skipped - hour 22 != 9
[2026-09-17 22:31:35] DEMO_PORTFOLIO_SKIP | LTS_AUS2_551 skipped - hour 22 != 8
[2026-09-17 22:31:35] DEMO_PORTFOLIO_SKIP | LTS_AUS2_552 skipped - hour 22 != 14
[2026-09-17 22:31:35] DEMO_PORTFOLIO_SKIP | LTS_AUS2_554 skipped - hour 22 != 12
[2026-09-17 22:31:35] DEMO_PORTFOLIO_SKIP | LTS_AUS2_555 skipped - hour 22 != 8
[2026-09-17 22:31:35] DEMO_PORTFOLIO_SKIP | LTS_AUS2_556 skipped - hour 22 != 14
[2026-09-17 22:31:35] DEMO_PORTFOLIO_SKIP | LTS_AUS2_558 skipped - hour 22 != 9
[2026-09-17 22:31:35] DEMO_PORTFOLIO_SKIP | LTS_AUS2_559 skipped - hour 22 != 8
[2026-09-17 22:31:36] DEMO_PORTFOLIO_SKIP | LTS_AUS2_560 skipped - hour 22 != 14
[2026-09-17 22:31:36] TG_SENT | Demo Portfolio LTS_AUS2_58 order failed: 10016 — Invalid stops
[2026-09-17 22:31:36] DEMO_PORTFOLIO_SKIP | LTS_AUS2_562 skipped - hour 22 != 12
[2026-09-17 22:31:36] DEMO_PORTFOLIO_SKIP | LTS_AUS2_563 skipped - hour 22 != 8
[2026-09-17 22:31:36] DEMO_PORTFOLIO_SKIP | LTS_AUS2_564 skipped - hour 22 != 14
[2026-09-17 22:31:36] DEMO_PORTFOLIO_SKIP | LTS_AUS2_566 skipped - hour 22 != 9
[2026-09-17 22:31:36] DEMO_PORTFOLIO_SKIP | LTS_AUS2_567 skipped - hour 22 != 8
[2026-09-17 22:31:36] DEMO_PORTFOLIO_SKIP | LTS_AUS2_568 skipped - hour 22 != 14
[2026-09-17 22:31:36] DEMO_PORTFOLIO_SKIP | LTS_AUS2_570 skipped - hour 22 != 12
[2026-09-17 22:31:36] DEMO_PORTFOLIO_SKIP | LTS_AUS2_571 skipped - hour 22 != 8
[2026-09-17 22:31:36] DEMO_PORTFOLIO_SKIP | LTS_AUS2_572 skipped - hour 22 != 14
[2026-09-17 22:31:36] DEMO_PORTFOLIO_SKIP | LTS_AUS2_574 skipped - hour 22 != 9
[2026-09-17 22:31:36] DEMO_PORTFOLIO_SKIP | LTS_AUS2_575 skipped - hour 22 != 8
[2026-09-17 22:31:36] DEMO_PORTFOLIO_SKIP | LTS_AUS2_576 skipped - hour 22 != 14
[2026-09-17 22:31:36] DEMO_PORTFOLIO_SKIP | LTS_AUS2_578 skipped - hour 22 != 12
[2026-09-17 22:31:36] DEMO_PORTFOLIO_SKIP | LTS_AUS2_579 skipped - hour 22 != 8
[2026-09-17 22:31:36] DEMO_PORTFOLIO_SKIP | LTS_AUS2_580 skipped - hour 22 != 14
[2026-09-17 22:31:36] DEMO_PORTFOLIO_SKIP | LTS_AUS2_582 skipped - hour 22 != 9
[2026-09-17 22:31:36] DEMO_PORTFOLIO_SKIP | LTS_AUS2_583 skipped - hour 22 != 8
[2026-09-17 22:31:36] DEMO_PORTFOLIO_SKIP | LTS_AUS2_584 skipped - hour 22 != 14
[2026-09-17 22:31:36] DEMO_PORTFOLIO_SKIP | LTS_AUS2_586 skipped - hour 22 != 12
[2026-09-17 22:31:36] DEMO_PORTFOLIO_SKIP | LTS_AUS2_587 skipped - hour 22 != 8
[2026-09-17 22:31:36] DEMO_PORTFOLIO_SKIP | LTS_AUS2_588 skipped - hour 22 != 14
[2026-09-17 22:31:37] DEMO_PORTFOLIO_SKIP | LTS_AUS2_589 skipped - hour 22 != 9
[2026-09-17 22:31:37] DEMO_PORTFOLIO_SKIP | LTS_AUS2_590 skipped - hour 22 != 9
[2026-09-17 22:31:37] DEMO_PORTFOLIO_SKIP | LTS_AUS2_591 skipped - hour 22 != 14
[2026-09-17 22:31:37] DEMO_PORTFOLIO_SKIP | LTS_AUS2_593 skipped - hour 22 != 12
[2026-09-17 22:31:37] DEMO_PORTFOLIO_SKIP | LTS_AUS2_594 skipped - hour 22 != 8
[2026-09-17 22:31:37] DEMO_PORTFOLIO_SKIP | LTS_AUS2_595 skipped - hour 22 != 14
[2026-09-17 22:31:37] DEMO_PORTFOLIO_SKIP | LTS_AUS2_597 skipped - hour 22 != 12
[2026-09-17 22:31:37] DEMO_PORTFOLIO_SKIP | LTS_AUS2_598 skipped - hour 22 != 8
[2026-09-17 22:31:37] DEMO_PORTFOLIO_SKIP | LTS_AUS2_599 skipped - hour 22 != 14
[2026-09-17 22:31:37] DEMO_PORTFOLIO_SKIP | LTS_AUS2_601 skipped - hour 22 != 9
[2026-09-17 22:31:37] DEMO_PORTFOLIO_SKIP | LTS_AUS2_602 skipped - hour 22 != 8
[2026-09-17 22:31:37] DEMO_PORTFOLIO_SKIP | LTS_AUS2_603 skipped - hour 22 != 14
[2026-09-17 22:31:37] DEMO_PORTFOLIO_SKIP | LTS_AUS2_605 skipped - hour 22 != 12
[2026-09-17 22:31:37] DEMO_PORTFOLIO_SKIP | LTS_AUS2_606 skipped - hour 22 != 8
[2026-09-17 22:31:37] DEMO_PORTFOLIO_SKIP | LTS_AUS2_607 skipped - hour 22 != 14
[2026-09-17 22:31:37] DEMO_PORTFOLIO_SKIP | LTS_AUS2_609 skipped - hour 22 != 9
[2026-09-17 22:31:37] DEMO_PORTFOLIO_SKIP | LTS_AUS2_610 skipped - hour 22 != 8
[2026-09-17 22:31:37] DEMO_PORTFOLIO_SKIP | LTS_AUS2_611 skipped - hour 22 != 14
[2026-09-17 22:31:37] DEMO_PORTFOLIO_SKIP | LTS_AUS2_613 skipped - hour 22 != 12
[2026-09-17 22:31:37] DEMO_PORTFOLIO_SKIP | LTS_AUS2_614 skipped - hour 22 != 8
[2026-09-17 22:31:37] DEMO_PORTFOLIO_SKIP | LTS_AUS2_615 skipped - hour 22 != 14
[2026-09-17 22:31:37] DEMO_PORTFOLIO_SKIP | LTS_AUS2_617 skipped - hour 22 != 9
[2026-09-17 22:31:37] DEMO_PORTFOLIO_SKIP | LTS_AUS2_618 skipped - hour 22 != 8
[2026-09-17 22:31:37] DEMO_PORTFOLIO_SKIP | LTS_AUS2_619 skipped - hour 22 != 14
[2026-09-17 22:31:38] DEMO_PORTFOLIO_SKIP | LTS_AUS2_621 skipped - hour 22 != 12
[2026-09-17 22:31:38] DEMO_PORTFOLIO_SKIP | LTS_AUS2_622 skipped - hour 22 != 8
[2026-09-17 22:31:38] DEMO_PORTFOLIO_SKIP | LTS_AUS2_623 skipped - hour 22 != 14
[2026-09-17 22:31:38] DEMO_PORTFOLIO_SKIP | LTS_AUS2_625 skipped - hour 22 != 9
[2026-09-17 22:31:38] DEMO_PORTFOLIO_SKIP | LTS_AUS2_626 skipped - hour 22 != 8
[2026-09-17 22:31:38] DEMO_PORTFOLIO_SKIP | LTS_AUS2_627 skipped - hour 22 != 14
[2026-09-17 22:31:38] DEMO_PORTFOLIO_SKIP | LTS_AUS2_629 skipped - hour 22 != 12
[2026-09-17 22:31:38] DEMO_PORTFOLIO_SKIP | LTS_AUS2_630 skipped - hour 22 != 8
[2026-09-17 22:31:38] DEMO_PORTFOLIO_SKIP | LTS_AUS2_631 skipped - hour 22 != 14
[2026-09-17 22:31:38] DEMO_PORTFOLIO_SKIP | LTS_AUS2_633 skipped - hour 22 != 9
[2026-09-17 22:31:38] DEMO_PORTFOLIO_SKIP | LTS_AUS2_634 skipped - hour 22 != 8
[2026-09-17 22:31:38] DEMO_PORTFOLIO_SKIP | LTS_AUS2_635 skipped - hour 22 != 14
[2026-09-17 22:31:38] DEMO_PORTFOLIO_SKIP | LTS_AUS2_636 skipped - hour 22 != 12
[2026-09-17 22:31:38] DEMO_PORTFOLIO_SKIP | LTS_AUS2_637 skipped - hour 22 != 9
[2026-09-17 22:31:38] DEMO_PORTFOLIO_SKIP | LTS_AUS2_638 skipped - hour 22 != 14
[2026-09-17 22:31:38] DEMO_PORTFOLIO_SKIP | LTS_AUS2_640 skipped - hour 22 != 12
[2026-09-17 22:31:38] DEMO_PORTFOLIO_SKIP | LTS_AUS2_641 skipped - hour 22 != 8
[2026-09-17 22:31:38] DEMO_PORTFOLIO_SKIP | LTS_AUS2_642 skipped - hour 22 != 14
[2026-09-17 22:31:38] DEMO_PORTFOLIO_SCAN | XAUUSDm done active=LTS_AUS2
[2026-09-17 22:31:39] TG_SENT | Demo Portfolio LTS_AUS2_123 order failed: 10016 — Invalid stops
[2026-09-17 22:31:43] TG_SENT | Demo Portfolio LTS_AUS2_179 order failed: 10016 — Invalid stops
[2026-09-17 22:31:47] TG_SENT | Demo Portfolio LTS_AUS2_266 order failed: 10016 — Invalid stops
[2026-09-17 22:32:23] SYMBOL_CHECK | XAUUSDm trade_mode=4 xau_open=True | trade_mode=4 | tick_time=1789659143 | bid=4356.207 | ask=4356.467 | tick_ok=True | xau_open=True | current_symbol=XAUUSDm | startup=False
[2026-09-17 22:33:23] SYMBOL_CHECK | XAUUSDm trade_mode=4 xau_open=True | trade_mode=4 | tick_time=1789659203 | bid=4355.772 | ask=4356.032 | tick_ok=True | xau_open=True | current_symbol=XAUUSDm | startup=False
[2026-09-17 22:34:22] SYMBOL_CHECK | XAUUSDm trade_mode=4 xau_open=True | trade_mode=4 | tick_time=1789659263 | bid=4357.32 | ask=4357.58 | tick_ok=True | xau_open=True | current_symbol=XAUUSDm | startup=False
[2026-09-17 22:35:22] SYMBOL_CHECK | XAUUSDm trade_mode=4 xau_open=True | trade_mode=4 | tick_time=1789659324 | bid=4359.996 | ask=4360.256 | tick_ok=True | xau_open=True | current_symbol=XAUUSDm | startup=False
[2026-09-17 22:36:23] SYMBOL_CHECK | XAUUSDm trade_mode=4 xau_open=True | trade_mode=4 | tick_time=1789659383 | bid=4361.68 | ask=4361.94 | tick_ok=True | xau_open=True | current_symbol=XAUUSDm | startup=False
[2026-09-17 22:36:23] DEMO_PORTFOLIO_SCAN | XAUUSDm open active=LTS_AUS2
[2026-09-17 22:36:23] DEMO_PORTFOLIO_SCAN | XAUUSDm done active=LTS_AUS2
[2026-09-17 22:37:23] SYMBOL_CHECK | XAUUSDm trade_mode=4 xau_open=True | trade_mode=4 | tick_time=1789659443 | bid=4362.557 | ask=4362.817 | tick_ok=True | xau_open=True | current_symbol=XAUUSDm | startup=False
[2026-09-17 22:38:23] SYMBOL_CHECK | XAUUSDm trade_mode=4 xau_open=True | trade_mode=4 | tick_time=1789659504 | bid=4363.045 | ask=4363.305 | tick_ok=True | xau_open=True | current_symbol=XAUUSDm | startup=False
[2026-09-17 22:39:23] SYMBOL_CHECK | XAUUSDm trade_mode=4 xau_open=True | trade_mode=4 | tick_time=1789659563 | bid=4361.685 | ask=4361.945 | tick_ok=True | xau_open=True | current_symbol=XAUUSDm | startup=False
[2026-09-17 22:40:26] APP_START | Bot starting | symbol=XAUUSD | scan_interval=1
[2026-09-17 22:40:27] SYMBOL_RESOLVED | XAUUSD -> XAUUSDm | requested=XAUUSD | resolved=XAUUSDm
[2026-09-17 22:40:27] SYMBOL_CHECK | XAUUSDm trade_mode=4 xau_open=True | trade_mode=4 | tick_time=1789659628 | bid=4363.316 | ask=4363.576 | tick_ok=True | xau_open=True | current_symbol=XAUUSDm | startup=True
[2026-09-17 22:40:28] TG_SENT | ✅ *MT5 เชื่อมต่อสำเร็จ!* | ━━━━━━━━━━━━━━━━━ | 🤖 Bot เริ่มทำงาน | 💰 Account: `416010472` | 📊 Balance: `98992.11` | 📈 SYMBOL: `XAUUSDm` | ⏰ Scan ทุก 5 วินาที | 🕒 Time Mode: `MT5->BKK +6` | 🕒 MT5 Server: `UTC+1` | 🕒 Display: `BKK` | 📋 Strategy:  | 🕐 TF: M1, M5, M15, M30, H1, H4, H12, D1 |  | ♻️ *Restore state สำเร็จ* | 🗂 Saved at: `2026-09-17 22:39:23` | 📦 pending map: `0` | 📍 position tf: `0` | 📝 entry state: `0` | 📐 trail state: `0`
[2026-09-17 22:41:22] SYMBOL_CHECK | XAUUSDm trade_mode=4 xau_open=True | trade_mode=4 | tick_time=1789659682 | bid=4363.841 | ask=4364.101 | tick_ok=True | xau_open=True | current_symbol=XAUUSDm | startup=False
[2026-09-17 22:42:22] SYMBOL_CHECK | XAUUSDm trade_mode=4 xau_open=True | trade_mode=4 | tick_time=1789659742 | bid=4365.046 | ask=4365.306 | tick_ok=True | xau_open=True | current_symbol=XAUUSDm | startup=False
[2026-09-17 22:43:22] SYMBOL_CHECK | XAUUSDm trade_mode=4 xau_open=True | trade_mode=4 | tick_time=1789659802 | bid=4364.194 | ask=4364.454 | tick_ok=True | xau_open=True | current_symbol=XAUUSDm | startup=False
[2026-09-17 22:44:22] SYMBOL_CHECK | XAUUSDm trade_mode=4 xau_open=True | trade_mode=4 | tick_time=1789659863 | bid=4365.654 | ask=4365.914 | tick_ok=True | xau_open=True | current_symbol=XAUUSDm | startup=False
[2026-09-17 22:45:22] SYMBOL_CHECK | XAUUSDm trade_mode=4 xau_open=True | trade_mode=4 | tick_time=1789659923 | bid=4364.857 | ask=4365.117 | tick_ok=True | xau_open=True | current_symbol=XAUUSDm | startup=False
[2026-09-17 22:45:23] DEMO_PORTFOLIO_SCAN | XAUUSDm open active=LTS_AUS2
[2026-09-17 22:45:23] DEMO_PORTFOLIO_PENDING_FILL | LTS_AUS2_645 SELL lot=0.07 entry=4361.723 sl=4441.906000000001 tp=4321.6314999999995 success=True ticket=3839118255 err=None
[2026-09-17 22:45:23] DEMO_PORTFOLIO_SCAN | XAUUSDm done active=LTS_AUS2
[2026-09-17 22:45:24] TG_SENT | [AF SIGNAL] *💎✨ Avengers Ultra Safe v2* | Leg: `LTS_AUS2_645 INVERSE_S96_M15` | SELL @ pending-fill market lot `0.07` | Entry `4361.72` SL `4441.91` TP `4321.63` | Ticket: `3839118255`
[2026-09-17 22:46:21] SYMBOL_CHECK | XAUUSDm trade_mode=4 xau_open=True | trade_mode=4 | tick_time=1789659983 | bid=4366.184 | ask=4366.444 | tick_ok=True | xau_open=True | current_symbol=XAUUSDm | startup=False
[2026-09-17 22:47:21] SYMBOL_CHECK | XAUUSDm trade_mode=4 xau_open=True | trade_mode=4 | tick_time=1789660043 | bid=4364.067 | ask=4364.327 | tick_ok=True | xau_open=True | current_symbol=XAUUSDm | startup=False
[2026-09-17 22:48:22] SYMBOL_CHECK | XAUUSDm trade_mode=4 xau_open=True | trade_mode=4 | tick_time=1789660103 | bid=4366.245 | ask=4366.505 | tick_ok=True | xau_open=True | current_symbol=XAUUSDm | startup=False
[2026-09-17 22:49:22] SYMBOL_CHECK | XAUUSDm trade_mode=4 xau_open=True | trade_mode=4 | tick_time=1789660163 | bid=4365.116 | ask=4365.376 | tick_ok=True | xau_open=True | current_symbol=XAUUSDm | startup=False
[2026-09-17 22:50:23] SYMBOL_CHECK | XAUUSDm trade_mode=4 xau_open=True | trade_mode=4 | tick_time=1789660221 | bid=4365.453 | ask=4365.713 | tick_ok=True | xau_open=True | current_symbol=XAUUSDm | startup=False
[2026-09-17 22:50:23] DEMO_PORTFOLIO_SCAN | XAUUSDm open active=LTS_AUS2
[2026-09-17 22:50:25] DEMO_PORTFOLIO_PENDING_ARM | LTS_AUS2_644 BUY entry=4365.464 sl=4330.178178571428 tp=4436.035642857143 lot=0.06 expires=5bars
[2026-09-17 22:50:25] DEMO_PORTFOLIO_PENDING_ARM | LTS_AUS2_645 SELL entry=4365.464 sl=4436.035642857143 tp=4330.178178571428 lot=0.07 expires=5bars
[2026-09-17 22:50:25] DEMO_PORTFOLIO_SCAN | XAUUSDm done active=LTS_AUS2
[2026-09-17 22:51:21] SYMBOL_CHECK | XAUUSDm trade_mode=4 xau_open=True | trade_mode=4 | tick_time=1789660283 | bid=4365.939 | ask=4366.199 | tick_ok=True | xau_open=True | current_symbol=XAUUSDm | startup=False
[2026-09-17 22:52:22] SYMBOL_CHECK | XAUUSDm trade_mode=4 xau_open=True | trade_mode=4 | tick_time=1789660343 | bid=4366.929 | ask=4367.189 | tick_ok=True | xau_open=True | current_symbol=XAUUSDm | startup=False
[2026-09-17 22:53:22] SYMBOL_CHECK | XAUUSDm trade_mode=4 xau_open=True | trade_mode=4 | tick_time=1789660402 | bid=4366.692 | ask=4366.952 | tick_ok=True | xau_open=True | current_symbol=XAUUSDm | startup=False
[2026-09-17 22:54:22] SYMBOL_CHECK | XAUUSDm trade_mode=4 xau_open=True | trade_mode=4 | tick_time=1789660463 | bid=4365.999 | ask=4366.259 | tick_ok=True | xau_open=True | current_symbol=XAUUSDm | startup=False
[2026-09-17 22:55:22] SYMBOL_CHECK | XAUUSDm trade_mode=4 xau_open=True | trade_mode=4 | tick_time=1789660523 | bid=4365.672 | ask=4365.932 | tick_ok=True | xau_open=True | current_symbol=XAUUSDm | startup=False
[2026-09-17 22:55:23] DEMO_PORTFOLIO_SCAN | XAUUSDm open active=LTS_AUS2
[2026-09-17 22:55:23] DEMO_PORTFOLIO_PENDING_FILL | LTS_AUS2_645 SELL lot=0.07 entry=4365.464 sl=4436.035642857143 tp=4330.178178571428 success=True ticket=3839162995 err=None
[2026-09-17 22:55:23] DEMO_PORTFOLIO_SCAN | XAUUSDm done active=LTS_AUS2
[2026-09-17 22:55:24] TG_SENT | [AF SIGNAL] *💎✨ Avengers Ultra Safe v2* | Leg: `LTS_AUS2_645 INVERSE_S96_M15` | SELL @ pending-fill market lot `0.07` | Entry `4365.46` SL `4436.04` TP `4330.18` | Ticket: `3839162995`
[2026-09-17 22:56:22] SYMBOL_CHECK | XAUUSDm trade_mode=4 xau_open=True | trade_mode=4 | tick_time=1789660582 | bid=4367.077 | ask=4367.337 | tick_ok=True | xau_open=True | current_symbol=XAUUSDm | startup=False
[2026-09-17 22:57:22] SYMBOL_CHECK | XAUUSDm trade_mode=4 xau_open=True | trade_mode=4 | tick_time=1789660643 | bid=4366.352 | ask=4366.612 | tick_ok=True | xau_open=True | current_symbol=XAUUSDm | startup=False
[2026-09-17 22:58:23] SYMBOL_CHECK | XAUUSDm trade_mode=4 xau_open=True | trade_mode=4 | tick_time=1789660703 | bid=4367.186 | ask=4367.446 | tick_ok=True | xau_open=True | current_symbol=XAUUSDm | startup=False
[2026-09-17 22:59:23] SYMBOL_CHECK | XAUUSDm trade_mode=4 xau_open=True | trade_mode=4 | tick_time=1789660763 | bid=4368.836 | ask=4369.096 | tick_ok=True | xau_open=True | current_symbol=XAUUSDm | startup=False
[2026-09-17 23:00:00] DAILY_SUMMARY | sent | realized=27084.86 | count=53
[2026-09-17 23:00:00] TG_SENT | 📊 *สรุปผลประจำวัน — 2026-09-17* | ━━━━━━━━━━━━━━━━━ | 💼 Balance: `98992.11` | Equity: `68859.24` | 💰 Realized P/L: `27084.86` USD | 🔢 จำนวนไม้: `53` (✅35 / ❌18) | 🎯 Win Rate: `66.0%` | 📈 รวมกำไร: `42012.17` | 📉 รวมขาดทุน: `-14927.31` | ⚙️ Auto: 🟢ON
[2026-09-17 23:00:23] SYMBOL_CHECK | XAUUSDm trade_mode=4 xau_open=True | trade_mode=4 | tick_time=1789660822 | bid=4371.22 | ask=4371.48 | tick_ok=True | xau_open=True | current_symbol=XAUUSDm | startup=False
[2026-09-17 23:00:23] DEMO_PORTFOLIO_SCAN | XAUUSDm open active=LTS_AUS2
[2026-09-17 23:00:23] DEMO_PORTFOLIO_PENDING_ARM | LTS_AUS2_652 BUY entry=4369.799 sl=4330.258035714285 tp=4448.88092857143 lot=0.06 expires=5bars
[2026-09-17 23:00:23] DEMO_PORTFOLIO_PENDING_ARM | LTS_AUS2_653 SELL entry=4369.799 sl=4448.88092857143 tp=4330.258035714285 lot=0.01 expires=5bars
[2026-09-17 23:00:23] DEMO_PORTFOLIO_PENDING_FILL | LTS_AUS2_653 SELL lot=0.01 entry=4369.799 sl=4448.88092857143 tp=4330.258035714285 success=True ticket=3839197539 err=None
[2026-09-17 23:00:23] DEMO_PORTFOLIO_SCAN | XAUUSDm done active=LTS_AUS2
[2026-09-17 23:00:24] TG_SENT | [AF SIGNAL] *💎✨ Avengers Ultra Safe v2* | Leg: `LTS_AUS2_653 INVERSE_S96_H1` | SELL @ pending-fill market lot `0.01` | Entry `4369.80` SL `4448.88` TP `4330.26` | Ticket: `3839197539`
[2026-09-17 23:01:22] SYMBOL_CHECK | XAUUSDm trade_mode=4 xau_open=True | trade_mode=4 | tick_time=1789660883 | bid=4371.77 | ask=4372.03 | tick_ok=True | xau_open=True | current_symbol=XAUUSDm | startup=False
[2026-09-17 23:02:23] SYMBOL_CHECK | XAUUSDm trade_mode=4 xau_open=True | trade_mode=4 | tick_time=1789660943 | bid=4371.636 | ask=4371.896 | tick_ok=True | xau_open=True | current_symbol=XAUUSDm | startup=False
[2026-09-17 23:03:22] SYMBOL_CHECK | XAUUSDm trade_mode=4 xau_open=True | trade_mode=4 | tick_time=1789661002 | bid=4371.938 | ask=4372.198 | tick_ok=True | xau_open=True | current_symbol=XAUUSDm | startup=False
[2026-09-17 23:04:23] SYMBOL_CHECK | XAUUSDm trade_mode=4 xau_open=True | trade_mode=4 | tick_time=1789661063 | bid=4369.598 | ask=4369.858 | tick_ok=True | xau_open=True | current_symbol=XAUUSDm | startup=False
[2026-09-17 23:05:23] SYMBOL_CHECK | XAUUSDm trade_mode=4 xau_open=True | trade_mode=4 | tick_time=1789661123 | bid=4370.423 | ask=4370.683 | tick_ok=True | xau_open=True | current_symbol=XAUUSDm | startup=False
[2026-09-17 23:05:23] DEMO_PORTFOLIO_SCAN | XAUUSDm open active=LTS_AUS2
[2026-09-17 23:05:23] DEMO_PORTFOLIO_SCAN | XAUUSDm done active=LTS_AUS2
[2026-09-17 23:06:23] SYMBOL_CHECK | XAUUSDm trade_mode=4 xau_open=True | trade_mode=4 | tick_time=1789661183 | bid=4368.542 | ask=4368.802 | tick_ok=True | xau_open=True | current_symbol=XAUUSDm | startup=False
[2026-09-17 23:07:22] SYMBOL_CHECK | XAUUSDm trade_mode=4 xau_open=True | trade_mode=4 | tick_time=1789661242 | bid=4367.904 | ask=4368.164 | tick_ok=True | xau_open=True | current_symbol=XAUUSDm | startup=False
[2026-09-17 23:08:22] SYMBOL_CHECK | XAUUSDm trade_mode=4 xau_open=True | trade_mode=4 | tick_time=1789661303 | bid=4369.031 | ask=4369.291 | tick_ok=True | xau_open=True | current_symbol=XAUUSDm | startup=False
[2026-09-17 23:09:23] SYMBOL_CHECK | XAUUSDm trade_mode=4 xau_open=True | trade_mode=4 | tick_time=1789661362 | bid=4368.572 | ask=4368.832 | tick_ok=True | xau_open=True | current_symbol=XAUUSDm | startup=False
[2026-09-17 23:10:23] SYMBOL_CHECK | XAUUSDm trade_mode=4 xau_open=True | trade_mode=4 | tick_time=1789661423 | bid=4369.526 | ask=4369.786 | tick_ok=True | xau_open=True | current_symbol=XAUUSDm | startup=False
[2026-09-17 23:10:23] DEMO_PORTFOLIO_SCAN | XAUUSDm open active=LTS_AUS2
[2026-09-17 23:10:23] DEMO_PORTFOLIO_PENDING_FILL | LTS_AUS2_652 BUY lot=0.06 entry=4369.799 sl=4330.258035714285 tp=4448.88092857143 success=True ticket=3839255286 err=None
[2026-09-17 23:10:23] DEMO_PORTFOLIO_SCAN | XAUUSDm done active=LTS_AUS2
[2026-09-17 23:10:24] TG_SENT | [AF SIGNAL] *💎✨ Avengers Ultra Safe v2* | Leg: `LTS_AUS2_652 DIRECT_S96_H1` | BUY @ pending-fill market lot `0.06` | Entry `4369.80` SL `4330.26` TP `4448.88` | Ticket: `3839255286`
[2026-09-17 23:11:23] SYMBOL_CHECK | XAUUSDm trade_mode=4 xau_open=True | trade_mode=4 | tick_time=1789661483 | bid=4368.749 | ask=4369.009 | tick_ok=True | xau_open=True | current_symbol=XAUUSDm | startup=False
[2026-09-17 23:12:22] SYMBOL_CHECK | XAUUSDm trade_mode=4 xau_open=True | trade_mode=4 | tick_time=1789661542 | bid=4368.903 | ask=4369.163 | tick_ok=True | xau_open=True | current_symbol=XAUUSDm | startup=False
[2026-09-17 23:13:22] SYMBOL_CHECK | XAUUSDm trade_mode=4 xau_open=True | trade_mode=4 | tick_time=1789661602 | bid=4367.953 | ask=4368.213 | tick_ok=True | xau_open=True | current_symbol=XAUUSDm | startup=False
[2026-09-17 23:14:21] SYMBOL_CHECK | XAUUSDm trade_mode=4 xau_open=True | trade_mode=4 | tick_time=1789661662 | bid=4368.455 | ask=4368.715 | tick_ok=True | xau_open=True | current_symbol=XAUUSDm | startup=False
[2026-09-17 23:15:22] SYMBOL_CHECK | XAUUSDm trade_mode=4 xau_open=True | trade_mode=4 | tick_time=1789661723 | bid=4368.13 | ask=4368.39 | tick_ok=True | xau_open=True | current_symbol=XAUUSDm | startup=False
[2026-09-17 23:15:22] DEMO_PORTFOLIO_SCAN | XAUUSDm open active=LTS_AUS2
[2026-09-17 23:15:23] DEMO_PORTFOLIO_SCAN | XAUUSDm done active=LTS_AUS2
[2026-09-17 23:16:23] SYMBOL_CHECK | XAUUSDm trade_mode=4 xau_open=True | trade_mode=4 | tick_time=1789661782 | bid=4366.399 | ask=4366.659 | tick_ok=True | xau_open=True | current_symbol=XAUUSDm | startup=False
[2026-09-17 23:17:23] SYMBOL_CHECK | XAUUSDm trade_mode=4 xau_open=True | trade_mode=4 | tick_time=1789661843 | bid=4367.07 | ask=4367.33 | tick_ok=True | xau_open=True | current_symbol=XAUUSDm | startup=False
[2026-09-17 23:18:23] SYMBOL_CHECK | XAUUSDm trade_mode=4 xau_open=True | trade_mode=4 | tick_time=1789661903 | bid=4367.126 | ask=4367.386 | tick_ok=True | xau_open=True | current_symbol=XAUUSDm | startup=False
[2026-09-17 23:19:23] SYMBOL_CHECK | XAUUSDm trade_mode=4 xau_open=True | trade_mode=4 | tick_time=1789661963 | bid=4366.343 | ask=4366.603 | tick_ok=True | xau_open=True | current_symbol=XAUUSDm | startup=False
[2026-09-17 23:20:23] SYMBOL_CHECK | XAUUSDm trade_mode=4 xau_open=True | trade_mode=4 | tick_time=1789662023 | bid=4367.067 | ask=4367.327 | tick_ok=True | xau_open=True | current_symbol=XAUUSDm | startup=False
[2026-09-17 23:20:23] DEMO_PORTFOLIO_SCAN | XAUUSDm open active=LTS_AUS2
[2026-09-17 23:20:23] DEMO_PORTFOLIO_SCAN | XAUUSDm done active=LTS_AUS2
[2026-09-17 23:21:23] SYMBOL_CHECK | XAUUSDm trade_mode=4 xau_open=True | trade_mode=4 | tick_time=1789662083 | bid=4366.733 | ask=4366.993 | tick_ok=True | xau_open=True | current_symbol=XAUUSDm | startup=False
[2026-09-17 23:22:21] SYMBOL_CHECK | XAUUSDm trade_mode=4 xau_open=True | trade_mode=4 | tick_time=1789662141 | bid=4366.827 | ask=4367.087 | tick_ok=True | xau_open=True | current_symbol=XAUUSDm | startup=False
[2026-09-17 23:23:22] SYMBOL_CHECK | XAUUSDm trade_mode=4 xau_open=True | trade_mode=4 | tick_time=1789662202 | bid=4367.409 | ask=4367.669 | tick_ok=True | xau_open=True | current_symbol=XAUUSDm | startup=False
[2026-09-17 23:24:22] SYMBOL_CHECK | XAUUSDm trade_mode=4 xau_open=True | trade_mode=4 | tick_time=1789662262 | bid=4367.955 | ask=4368.215 | tick_ok=True | xau_open=True | current_symbol=XAUUSDm | startup=False
[2026-09-17 23:25:23] SYMBOL_CHECK | XAUUSDm trade_mode=4 xau_open=True | trade_mode=4 | tick_time=1789662323 | bid=4367.971 | ask=4368.231 | tick_ok=True | xau_open=True | current_symbol=XAUUSDm | startup=False
[2026-09-17 23:25:23] DEMO_PORTFOLIO_SCAN | XAUUSDm open active=LTS_AUS2
[2026-09-17 23:25:23] DEMO_PORTFOLIO_SCAN | XAUUSDm done active=LTS_AUS2
[2026-09-17 23:26:22] SYMBOL_CHECK | XAUUSDm trade_mode=4 xau_open=True | trade_mode=4 | tick_time=1789662382 | bid=4363.688 | ask=4363.948 | tick_ok=True | xau_open=True | current_symbol=XAUUSDm | startup=False
[2026-09-17 23:27:22] SYMBOL_CHECK | XAUUSDm trade_mode=4 xau_open=True | trade_mode=4 | tick_time=1789662442 | bid=4366.055 | ask=4366.315 | tick_ok=True | xau_open=True | current_symbol=XAUUSDm | startup=False
[2026-09-17 23:28:22] SYMBOL_CHECK | XAUUSDm trade_mode=4 xau_open=True | trade_mode=4 | tick_time=1789662502 | bid=4365.134 | ask=4365.394 | tick_ok=True | xau_open=True | current_symbol=XAUUSDm | startup=False
[2026-09-17 23:29:23] SYMBOL_CHECK | XAUUSDm trade_mode=4 xau_open=True | trade_mode=4 | tick_time=1789662563 | bid=4366.917 | ask=4367.177 | tick_ok=True | xau_open=True | current_symbol=XAUUSDm | startup=False
[2026-09-17 23:30:23] SYMBOL_CHECK | XAUUSDm trade_mode=4 xau_open=True | trade_mode=4 | tick_time=1789662623 | bid=4365.97 | ask=4366.23 | tick_ok=True | xau_open=True | current_symbol=XAUUSDm | startup=False
[2026-09-17 23:30:23] DEMO_PORTFOLIO_SCAN | XAUUSDm open active=LTS_AUS2
[2026-09-17 23:30:23] DEMO_PORTFOLIO_SCAN | XAUUSDm done active=LTS_AUS2
[2026-09-17 23:31:23] SYMBOL_CHECK | XAUUSDm trade_mode=4 xau_open=True | trade_mode=4 | tick_time=1789662683 | bid=4365.069 | ask=4365.329 | tick_ok=True | xau_open=True | current_symbol=XAUUSDm | startup=False
[2026-09-17 23:32:23] SYMBOL_CHECK | XAUUSDm trade_mode=4 xau_open=True | trade_mode=4 | tick_time=1789662743 | bid=4363.515 | ask=4363.775 | tick_ok=True | xau_open=True | current_symbol=XAUUSDm | startup=False
[2026-09-17 23:33:22] SYMBOL_CHECK | XAUUSDm trade_mode=4 xau_open=True | trade_mode=4 | tick_time=1789662802 | bid=4361.615 | ask=4361.875 | tick_ok=True | xau_open=True | current_symbol=XAUUSDm | startup=False
[2026-09-17 23:34:23] SYMBOL_CHECK | XAUUSDm trade_mode=4 xau_open=True | trade_mode=4 | tick_time=1789662863 | bid=4358.47 | ask=4358.73 | tick_ok=True | xau_open=True | current_symbol=XAUUSDm | startup=False
[2026-09-17 23:35:23] SYMBOL_CHECK | XAUUSDm trade_mode=4 xau_open=True | trade_mode=4 | tick_time=1789662923 | bid=4359.032 | ask=4359.292 | tick_ok=True | xau_open=True | current_symbol=XAUUSDm | startup=False
[2026-09-17 23:35:23] DEMO_PORTFOLIO_SCAN | XAUUSDm open active=LTS_AUS2
[2026-09-17 23:35:23] DEMO_PORTFOLIO_PENDING_FILL | LTS_AUS2_644 BUY lot=0.06 entry=4365.464 sl=4330.178178571428 tp=4436.035642857143 success=True ticket=3839376654 err=None
[2026-09-17 23:35:23] DEMO_PORTFOLIO_SCAN | XAUUSDm done active=LTS_AUS2
[2026-09-17 23:35:24] TG_SENT | [AF SIGNAL] *💎✨ Avengers Ultra Safe v2* | Leg: `LTS_AUS2_644 DIRECT_S96_M15` | BUY @ pending-fill market lot `0.06` | Entry `4365.46` SL `4330.18` TP `4436.04` | Ticket: `3839376654`
[2026-09-17 23:36:23] SYMBOL_CHECK | XAUUSDm trade_mode=4 xau_open=True | trade_mode=4 | tick_time=1789662983 | bid=4359.52 | ask=4359.78 | tick_ok=True | xau_open=True | current_symbol=XAUUSDm | startup=False
[2026-09-17 23:37:22] SYMBOL_CHECK | XAUUSDm trade_mode=4 xau_open=True | trade_mode=4 | tick_time=1789663042 | bid=4359.624 | ask=4359.884 | tick_ok=True | xau_open=True | current_symbol=XAUUSDm | startup=False
[2026-09-17 23:38:23] SYMBOL_CHECK | XAUUSDm trade_mode=4 xau_open=True | trade_mode=4 | tick_time=1789663103 | bid=4359.891 | ask=4360.151 | tick_ok=True | xau_open=True | current_symbol=XAUUSDm | startup=False
[2026-09-17 23:39:22] SYMBOL_CHECK | XAUUSDm trade_mode=4 xau_open=True | trade_mode=4 | tick_time=1789663162 | bid=4359.121 | ask=4359.381 | tick_ok=True | xau_open=True | current_symbol=XAUUSDm | startup=False
[2026-09-17 23:40:22] SYMBOL_CHECK | XAUUSDm trade_mode=4 xau_open=True | trade_mode=4 | tick_time=1789663222 | bid=4359.694 | ask=4359.954 | tick_ok=True | xau_open=True | current_symbol=XAUUSDm | startup=False
[2026-09-17 23:40:22] DEMO_PORTFOLIO_SCAN | XAUUSDm open active=LTS_AUS2
[2026-09-17 23:40:22] DEMO_PORTFOLIO_SCAN | XAUUSDm done active=LTS_AUS2
[2026-09-17 23:41:23] SYMBOL_CHECK | XAUUSDm trade_mode=4 xau_open=True | trade_mode=4 | tick_time=1789663283 | bid=4359.468 | ask=4359.728 | tick_ok=True | xau_open=True | current_symbol=XAUUSDm | startup=False
[2026-09-17 23:42:23] SYMBOL_CHECK | XAUUSDm trade_mode=4 xau_open=True | trade_mode=4 | tick_time=1789663343 | bid=4359.09 | ask=4359.35 | tick_ok=True | xau_open=True | current_symbol=XAUUSDm | startup=False
[2026-09-17 23:43:23] SYMBOL_CHECK | XAUUSDm trade_mode=4 xau_open=True | trade_mode=4 | tick_time=1789663403 | bid=4358.067 | ask=4358.327 | tick_ok=True | xau_open=True | current_symbol=XAUUSDm | startup=False
[2026-09-17 23:44:23] SYMBOL_CHECK | XAUUSDm trade_mode=4 xau_open=True | trade_mode=4 | tick_time=1789663463 | bid=4358.731 | ask=4358.991 | tick_ok=True | xau_open=True | current_symbol=XAUUSDm | startup=False
[2026-09-17 23:45:23] SYMBOL_CHECK | XAUUSDm trade_mode=4 xau_open=True | trade_mode=4 | tick_time=1789663523 | bid=4360.851 | ask=4361.111 | tick_ok=True | xau_open=True | current_symbol=XAUUSDm | startup=False
[2026-09-17 23:45:23] DEMO_PORTFOLIO_SCAN | XAUUSDm open active=LTS_AUS2
[2026-09-17 23:45:23] DEMO_PORTFOLIO_SCAN | XAUUSDm done active=LTS_AUS2
[2026-09-17 23:46:23] SYMBOL_CHECK | XAUUSDm trade_mode=4 xau_open=True | trade_mode=4 | tick_time=1789663583 | bid=4360.242 | ask=4360.502 | tick_ok=True | xau_open=True | current_symbol=XAUUSDm | startup=False
[2026-09-17 23:47:23] SYMBOL_CHECK | XAUUSDm trade_mode=4 xau_open=True | trade_mode=4 | tick_time=1789663643 | bid=4361.13 | ask=4361.39 | tick_ok=True | xau_open=True | current_symbol=XAUUSDm | startup=False
[2026-09-17 23:48:22] SYMBOL_CHECK | XAUUSDm trade_mode=4 xau_open=True | trade_mode=4 | tick_time=1789663702 | bid=4360.09 | ask=4360.35 | tick_ok=True | xau_open=True | current_symbol=XAUUSDm | startup=False
[2026-09-17 23:49:22] SYMBOL_CHECK | XAUUSDm trade_mode=4 xau_open=True | trade_mode=4 | tick_time=1789663763 | bid=4358.24 | ask=4358.5 | tick_ok=True | xau_open=True | current_symbol=XAUUSDm | startup=False
[2026-09-17 23:50:23] SYMBOL_CHECK | XAUUSDm trade_mode=4 xau_open=True | trade_mode=4 | tick_time=1789663823 | bid=4356.95 | ask=4357.21 | tick_ok=True | xau_open=True | current_symbol=XAUUSDm | startup=False
[2026-09-17 23:50:23] DEMO_PORTFOLIO_SCAN | XAUUSDm open active=LTS_AUS2
[2026-09-17 23:50:23] DEMO_PORTFOLIO_SCAN | XAUUSDm done active=LTS_AUS2
[2026-09-17 23:51:21] SYMBOL_CHECK | XAUUSDm trade_mode=4 xau_open=True | trade_mode=4 | tick_time=1789663882 | bid=4357.305 | ask=4357.565 | tick_ok=True | xau_open=True | current_symbol=XAUUSDm | startup=False
[2026-09-17 23:52:23] SYMBOL_CHECK | XAUUSDm trade_mode=4 xau_open=True | trade_mode=4 | tick_time=1789663943 | bid=4357.315 | ask=4357.575 | tick_ok=True | xau_open=True | current_symbol=XAUUSDm | startup=False
[2026-09-17 23:53:22] SYMBOL_CHECK | XAUUSDm trade_mode=4 xau_open=True | trade_mode=4 | tick_time=1789664003 | bid=4359.029 | ask=4359.289 | tick_ok=True | xau_open=True | current_symbol=XAUUSDm | startup=False
[2026-09-17 23:54:23] SYMBOL_CHECK | XAUUSDm trade_mode=4 xau_open=True | trade_mode=4 | tick_time=1789664063 | bid=4360.447 | ask=4360.707 | tick_ok=True | xau_open=True | current_symbol=XAUUSDm | startup=False
[2026-09-17 23:55:22] SYMBOL_CHECK | XAUUSDm trade_mode=4 xau_open=True | trade_mode=4 | tick_time=1789664123 | bid=4360.304 | ask=4360.564 | tick_ok=True | xau_open=True | current_symbol=XAUUSDm | startup=False
[2026-09-17 23:55:22] DEMO_PORTFOLIO_SCAN | XAUUSDm open active=LTS_AUS2
[2026-09-17 23:55:22] DEMO_PORTFOLIO_SCAN | XAUUSDm done active=LTS_AUS2
[2026-09-17 23:56:22] SYMBOL_CHECK | XAUUSDm trade_mode=4 xau_open=True | trade_mode=4 | tick_time=1789664183 | bid=4357.378 | ask=4357.638 | tick_ok=True | xau_open=True | current_symbol=XAUUSDm | startup=False
[2026-09-17 23:57:23] SYMBOL_CHECK | XAUUSDm trade_mode=4 xau_open=True | trade_mode=4 | tick_time=1789664243 | bid=4359.241 | ask=4359.501 | tick_ok=True | xau_open=True | current_symbol=XAUUSDm | startup=False
[2026-09-17 23:58:23] SYMBOL_CHECK | XAUUSDm trade_mode=4 xau_open=True | trade_mode=4 | tick_time=1789664303 | bid=4360.365 | ask=4360.625 | tick_ok=True | xau_open=True | current_symbol=XAUUSDm | startup=False
[2026-09-17 23:59:23] SYMBOL_CHECK | XAUUSDm trade_mode=4 xau_open=True | trade_mode=4 | tick_time=1789664362 | bid=4361.305 | ask=4361.565 | tick_ok=True | xau_open=True | current_symbol=XAUUSDm | startup=False
[2026-09-18 00:01:28] LOG_CLEANUP | ลบ log เก่าเกิน 7 วัน | trimmed=1 | deleted=1 | skipped=0
[2026-09-18 00:02:22] SYMBOL_CHECK | XAUUSDm trade_mode=4 xau_open=True | trade_mode=4 | tick_time=1789664543 | bid=4360.38 | ask=4360.64 | tick_ok=True | xau_open=True | current_symbol=XAUUSDm | startup=False
[2026-09-18 00:02:22] WATCHDOG_SCAN_STALL | no scan for 419s
[2026-09-18 00:02:22] TG_SENT | 🚨 *Watchdog: Scan ค้าง* | ไม่มี scan สำเร็จมา `419` วินาที — ตรวจสอบ MT5/บอท
[2026-09-18 00:03:23] SYMBOL_CHECK | XAUUSDm trade_mode=4 xau_open=True | trade_mode=4 | tick_time=1789664603 | bid=4359.303 | ask=4359.563 | tick_ok=True | xau_open=True | current_symbol=XAUUSDm | startup=False
[2026-09-18 00:04:23] SYMBOL_CHECK | XAUUSDm trade_mode=4 xau_open=True | trade_mode=4 | tick_time=1789664663 | bid=4360.122 | ask=4360.382 | tick_ok=True | xau_open=True | current_symbol=XAUUSDm | startup=False
[2026-09-18 00:05:23] SYMBOL_CHECK | XAUUSDm trade_mode=4 xau_open=True | trade_mode=4 | tick_time=1789664722 | bid=4362.797 | ask=4363.057 | tick_ok=True | xau_open=True | current_symbol=XAUUSDm | startup=False
[2026-09-18 00:05:23] DEMO_PORTFOLIO_SCAN | XAUUSDm open active=LTS_AUS2
[2026-09-18 00:05:23] DEMO_PORTFOLIO_SCAN | XAUUSDm done active=LTS_AUS2
[2026-09-18 00:06:23] SYMBOL_CHECK | XAUUSDm trade_mode=4 xau_open=True | trade_mode=4 | tick_time=1789664783 | bid=4363.779 | ask=4364.039 | tick_ok=True | xau_open=True | current_symbol=XAUUSDm | startup=False
[2026-09-18 00:06:23] WATCHDOG_SCAN_OK | scan resumed
[2026-09-18 00:06:23] TG_SENT | ✅ *Watchdog: Scan กลับมาทำงานปกติ*
[2026-09-18 00:07:23] SYMBOL_CHECK | XAUUSDm trade_mode=4 xau_open=True | trade_mode=4 | tick_time=1789664843 | bid=4365.157 | ask=4365.417 | tick_ok=True | xau_open=True | current_symbol=XAUUSDm | startup=False
[2026-09-18 00:08:22] SYMBOL_CHECK | XAUUSDm trade_mode=4 xau_open=True | trade_mode=4 | tick_time=1789664903 | bid=4364.95 | ask=4365.21 | tick_ok=True | xau_open=True | current_symbol=XAUUSDm | startup=False
[2026-09-18 00:09:23] SYMBOL_CHECK | XAUUSDm trade_mode=4 xau_open=True | trade_mode=4 | tick_time=1789664963 | bid=4364.122 | ask=4364.382 | tick_ok=True | xau_open=True | current_symbol=XAUUSDm | startup=False
[2026-09-18 00:10:22] SYMBOL_CHECK | XAUUSDm trade_mode=4 xau_open=True | trade_mode=4 | tick_time=1789665023 | bid=4363.484 | ask=4363.744 | tick_ok=True | xau_open=True | current_symbol=XAUUSDm | startup=False
[2026-09-18 00:10:22] DEMO_PORTFOLIO_SCAN | XAUUSDm open active=LTS_AUS2
[2026-09-18 00:10:22] DEMO_PORTFOLIO_SCAN | XAUUSDm done active=LTS_AUS2
[2026-09-18 00:11:23] SYMBOL_CHECK | XAUUSDm trade_mode=4 xau_open=True | trade_mode=4 | tick_time=1789665082 | bid=4362.961 | ask=4363.221 | tick_ok=True | xau_open=True | current_symbol=XAUUSDm | startup=False
[2026-09-18 00:12:23] SYMBOL_CHECK | XAUUSDm trade_mode=4 xau_open=True | trade_mode=4 | tick_time=1789665143 | bid=4362.507 | ask=4362.767 | tick_ok=True | xau_open=True | current_symbol=XAUUSDm | startup=False
[2026-09-18 00:13:22] SYMBOL_CHECK | XAUUSDm trade_mode=4 xau_open=True | trade_mode=4 | tick_time=1789665203 | bid=4362.498 | ask=4362.758 | tick_ok=True | xau_open=True | current_symbol=XAUUSDm | startup=False
[2026-09-18 00:14:22] SYMBOL_CHECK | XAUUSDm trade_mode=4 xau_open=True | trade_mode=4 | tick_time=1789665262 | bid=4363.27 | ask=4363.53 | tick_ok=True | xau_open=True | current_symbol=XAUUSDm | startup=False
[2026-09-18 00:15:23] SYMBOL_CHECK | XAUUSDm trade_mode=4 xau_open=True | trade_mode=4 | tick_time=1789665323 | bid=4362.98 | ask=4363.24 | tick_ok=True | xau_open=True | current_symbol=XAUUSDm | startup=False
[2026-09-18 00:15:23] DEMO_PORTFOLIO_SCAN | XAUUSDm open active=LTS_AUS2
[2026-09-18 00:15:23] DEMO_PORTFOLIO_SCAN | XAUUSDm done active=LTS_AUS2
[2026-09-18 00:16:22] SYMBOL_CHECK | XAUUSDm trade_mode=4 xau_open=True | trade_mode=4 | tick_time=1789665382 | bid=4361.025 | ask=4361.285 | tick_ok=True | xau_open=True | current_symbol=XAUUSDm | startup=False
[2026-09-18 00:17:21] SYMBOL_CHECK | XAUUSDm trade_mode=4 xau_open=True | trade_mode=4 | tick_time=1789665443 | bid=4359.834 | ask=4360.094 | tick_ok=True | xau_open=True | current_symbol=XAUUSDm | startup=False
[2026-09-18 00:17:38] TG_NETWORK_ERROR | httpx.ReadError:
[2026-09-18 00:18:22] SYMBOL_CHECK | XAUUSDm trade_mode=4 xau_open=True | trade_mode=4 | tick_time=1789665503 | bid=4360.113 | ask=4360.373 | tick_ok=True | xau_open=True | current_symbol=XAUUSDm | startup=False
[2026-09-18 00:19:23] SYMBOL_CHECK | XAUUSDm trade_mode=4 xau_open=True | trade_mode=4 | tick_time=1789665563 | bid=4359.889 | ask=4360.149 | tick_ok=True | xau_open=True | current_symbol=XAUUSDm | startup=False
[2026-09-18 00:20:23] SYMBOL_CHECK | XAUUSDm trade_mode=4 xau_open=True | trade_mode=4 | tick_time=1789665623 | bid=4360.606 | ask=4360.866 | tick_ok=True | xau_open=True | current_symbol=XAUUSDm | startup=False
[2026-09-18 00:20:23] DEMO_PORTFOLIO_SCAN | XAUUSDm open active=LTS_AUS2
[2026-09-18 00:20:23] DEMO_PORTFOLIO_SCAN | XAUUSDm done active=LTS_AUS2
[2026-09-18 00:21:23] SYMBOL_CHECK | XAUUSDm trade_mode=4 xau_open=True | trade_mode=4 | tick_time=1789665683 | bid=4360.993 | ask=4361.253 | tick_ok=True | xau_open=True | current_symbol=XAUUSDm | startup=False
[2026-09-18 00:22:23] SYMBOL_CHECK | XAUUSDm trade_mode=4 xau_open=True | trade_mode=4 | tick_time=1789665743 | bid=4360.976 | ask=4361.236 | tick_ok=True | xau_open=True | current_symbol=XAUUSDm | startup=False
[2026-09-18 00:23:23] SYMBOL_CHECK | XAUUSDm trade_mode=4 xau_open=True | trade_mode=4 | tick_time=1789665803 | bid=4360.175 | ask=4360.435 | tick_ok=True | xau_open=True | current_symbol=XAUUSDm | startup=False
[2026-09-18 00:24:23] SYMBOL_CHECK | XAUUSDm trade_mode=4 xau_open=True | trade_mode=4 | tick_time=1789665863 | bid=4358.843 | ask=4359.103 | tick_ok=True | xau_open=True | current_symbol=XAUUSDm | startup=False
[2026-09-18 00:25:23] SYMBOL_CHECK | XAUUSDm trade_mode=4 xau_open=True | trade_mode=4 | tick_time=1789665923 | bid=4361.858 | ask=4362.118 | tick_ok=True | xau_open=True | current_symbol=XAUUSDm | startup=False
[2026-09-18 00:25:23] DEMO_PORTFOLIO_SCAN | XAUUSDm open active=LTS_AUS2
[2026-09-18 00:25:23] DEMO_PORTFOLIO_SCAN | XAUUSDm done active=LTS_AUS2
[2026-09-18 00:26:23] SYMBOL_CHECK | XAUUSDm trade_mode=4 xau_open=True | trade_mode=4 | tick_time=1789665983 | bid=4361.202 | ask=4361.462 | tick_ok=True | xau_open=True | current_symbol=XAUUSDm | startup=False
[2026-09-18 00:27:23] SYMBOL_CHECK | XAUUSDm trade_mode=4 xau_open=True | trade_mode=4 | tick_time=1789666043 | bid=4361.021 | ask=4361.281 | tick_ok=True | xau_open=True | current_symbol=XAUUSDm | startup=False
[2026-09-18 00:28:22] SYMBOL_CHECK | XAUUSDm trade_mode=4 xau_open=True | trade_mode=4 | tick_time=1789666102 | bid=4360.581 | ask=4360.841 | tick_ok=True | xau_open=True | current_symbol=XAUUSDm | startup=False
[2026-09-18 00:29:23] SYMBOL_CHECK | XAUUSDm trade_mode=4 xau_open=True | trade_mode=4 | tick_time=1789666163 | bid=4359.477 | ask=4359.737 | tick_ok=True | xau_open=True | current_symbol=XAUUSDm | startup=False
[2026-09-18 00:30:23] SYMBOL_CHECK | XAUUSDm trade_mode=4 xau_open=True | trade_mode=4 | tick_time=1789666223 | bid=4360.33 | ask=4360.59 | tick_ok=True | xau_open=True | current_symbol=XAUUSDm | startup=False
[2026-09-18 00:30:23] DEMO_PORTFOLIO_SCAN | XAUUSDm open active=LTS_AUS2
[2026-09-18 00:30:23] DEMO_PORTFOLIO_SCAN | XAUUSDm done active=LTS_AUS2
[2026-09-18 00:31:22] SYMBOL_CHECK | XAUUSDm trade_mode=4 xau_open=True | trade_mode=4 | tick_time=1789666282 | bid=4361.452 | ask=4361.712 | tick_ok=True | xau_open=True | current_symbol=XAUUSDm | startup=False
[2026-09-18 00:32:22] SYMBOL_CHECK | XAUUSDm trade_mode=4 xau_open=True | trade_mode=4 | tick_time=1789666342 | bid=4361.004 | ask=4361.264 | tick_ok=True | xau_open=True | current_symbol=XAUUSDm | startup=False
[2026-09-18 00:33:23] SYMBOL_CHECK | XAUUSDm trade_mode=4 xau_open=True | trade_mode=4 | tick_time=1789666403 | bid=4361.802 | ask=4362.062 | tick_ok=True | xau_open=True | current_symbol=XAUUSDm | startup=False
[2026-09-18 00:34:22] SYMBOL_CHECK | XAUUSDm trade_mode=4 xau_open=True | trade_mode=4 | tick_time=1789666462 | bid=4361.913 | ask=4362.173 | tick_ok=True | xau_open=True | current_symbol=XAUUSDm | startup=False
[2026-09-18 00:35:23] SYMBOL_CHECK | XAUUSDm trade_mode=4 xau_open=True | trade_mode=4 | tick_time=1789666523 | bid=4361.94 | ask=4362.2 | tick_ok=True | xau_open=True | current_symbol=XAUUSDm | startup=False
[2026-09-18 00:35:23] DEMO_PORTFOLIO_SCAN | XAUUSDm open active=LTS_AUS2
[2026-09-18 00:35:23] DEMO_PORTFOLIO_SCAN | XAUUSDm done active=LTS_AUS2
[2026-09-18 00:36:23] SYMBOL_CHECK | XAUUSDm trade_mode=4 xau_open=True | trade_mode=4 | tick_time=1789666583 | bid=4362.73 | ask=4362.99 | tick_ok=True | xau_open=True | current_symbol=XAUUSDm | startup=False
[2026-09-18 00:37:23] SYMBOL_CHECK | XAUUSDm trade_mode=4 xau_open=True | trade_mode=4 | tick_time=1789666643 | bid=4362.257 | ask=4362.517 | tick_ok=True | xau_open=True | current_symbol=XAUUSDm | startup=False
[2026-09-18 00:38:22] SYMBOL_CHECK | XAUUSDm trade_mode=4 xau_open=True | trade_mode=4 | tick_time=1789666702 | bid=4358.674 | ask=4358.934 | tick_ok=True | xau_open=True | current_symbol=XAUUSDm | startup=False
[2026-09-18 00:39:23] SYMBOL_CHECK | XAUUSDm trade_mode=4 xau_open=True | trade_mode=4 | tick_time=1789666763 | bid=4358.293 | ask=4358.553 | tick_ok=True | xau_open=True | current_symbol=XAUUSDm | startup=False
[2026-09-18 00:40:23] SYMBOL_CHECK | XAUUSDm trade_mode=4 xau_open=True | trade_mode=4 | tick_time=1789666823 | bid=4358.781 | ask=4359.041 | tick_ok=True | xau_open=True | current_symbol=XAUUSDm | startup=False
[2026-09-18 00:40:23] DEMO_PORTFOLIO_SCAN | XAUUSDm open active=LTS_AUS2
[2026-09-18 00:40:23] DEMO_PORTFOLIO_SCAN | XAUUSDm done active=LTS_AUS2
[2026-09-18 00:41:23] SYMBOL_CHECK | XAUUSDm trade_mode=4 xau_open=True | trade_mode=4 | tick_time=1789666883 | bid=4360.265 | ask=4360.525 | tick_ok=True | xau_open=True | current_symbol=XAUUSDm | startup=False
[2026-09-18 00:42:22] SYMBOL_CHECK | XAUUSDm trade_mode=4 xau_open=True | trade_mode=4 | tick_time=1789666942 | bid=4359.218 | ask=4359.478 | tick_ok=True | xau_open=True | current_symbol=XAUUSDm | startup=False
[2026-09-18 00:43:23] SYMBOL_CHECK | XAUUSDm trade_mode=4 xau_open=True | trade_mode=4 | tick_time=1789667003 | bid=4359.836 | ask=4360.096 | tick_ok=True | xau_open=True | current_symbol=XAUUSDm | startup=False
[2026-09-18 00:44:22] SYMBOL_CHECK | XAUUSDm trade_mode=4 xau_open=True | trade_mode=4 | tick_time=1789667062 | bid=4360.477 | ask=4360.737 | tick_ok=True | xau_open=True | current_symbol=XAUUSDm | startup=False
[2026-09-18 00:45:22] SYMBOL_CHECK | XAUUSDm trade_mode=4 xau_open=True | trade_mode=4 | tick_time=1789667122 | bid=4360.417 | ask=4360.677 | tick_ok=True | xau_open=True | current_symbol=XAUUSDm | startup=False
[2026-09-18 00:45:22] DEMO_PORTFOLIO_SCAN | XAUUSDm open active=LTS_AUS2
[2026-09-18 00:45:22] DEMO_PORTFOLIO_SCAN | XAUUSDm done active=LTS_AUS2
[2026-09-18 00:46:23] SYMBOL_CHECK | XAUUSDm trade_mode=4 xau_open=True | trade_mode=4 | tick_time=1789667183 | bid=4359.969 | ask=4360.229 | tick_ok=True | xau_open=True | current_symbol=XAUUSDm | startup=False
[2026-09-18 00:47:22] SYMBOL_CHECK | XAUUSDm trade_mode=4 xau_open=True | trade_mode=4 | tick_time=1789667242 | bid=4360.589 | ask=4360.849 | tick_ok=True | xau_open=True | current_symbol=XAUUSDm | startup=False
[2026-09-18 00:48:22] SYMBOL_CHECK | XAUUSDm trade_mode=4 xau_open=True | trade_mode=4 | tick_time=1789667302 | bid=4359.101 | ask=4359.361 | tick_ok=True | xau_open=True | current_symbol=XAUUSDm | startup=False
[2026-09-18 00:49:23] SYMBOL_CHECK | XAUUSDm trade_mode=4 xau_open=True | trade_mode=4 | tick_time=1789667363 | bid=4358.979 | ask=4359.239 | tick_ok=True | xau_open=True | current_symbol=XAUUSDm | startup=False
[2026-09-18 00:50:22] SYMBOL_CHECK | XAUUSDm trade_mode=4 xau_open=True | trade_mode=4 | tick_time=1789667422 | bid=4359.807 | ask=4360.067 | tick_ok=True | xau_open=True | current_symbol=XAUUSDm | startup=False
[2026-09-18 00:50:22] DEMO_PORTFOLIO_SCAN | XAUUSDm open active=LTS_AUS2
[2026-09-18 00:50:22] DEMO_PORTFOLIO_SCAN | XAUUSDm done active=LTS_AUS2
[2026-09-18 00:51:23] SYMBOL_CHECK | XAUUSDm trade_mode=4 xau_open=True | trade_mode=4 | tick_time=1789667483 | bid=4359.764 | ask=4360.024 | tick_ok=True | xau_open=True | current_symbol=XAUUSDm | startup=False
[2026-09-18 00:52:22] SYMBOL_CHECK | XAUUSDm trade_mode=4 xau_open=True | trade_mode=4 | tick_time=1789667542 | bid=4360.432 | ask=4360.692 | tick_ok=True | xau_open=True | current_symbol=XAUUSDm | startup=False
[2026-09-18 00:53:23] SYMBOL_CHECK | XAUUSDm trade_mode=4 xau_open=True | trade_mode=4 | tick_time=1789667603 | bid=4360.258 | ask=4360.518 | tick_ok=True | xau_open=True | current_symbol=XAUUSDm | startup=False
[2026-09-18 00:54:23] SYMBOL_CHECK | XAUUSDm trade_mode=4 xau_open=True | trade_mode=4 | tick_time=1789667663 | bid=4360.943 | ask=4361.203 | tick_ok=True | xau_open=True | current_symbol=XAUUSDm | startup=False
[2026-09-18 00:55:22] SYMBOL_CHECK | XAUUSDm trade_mode=4 xau_open=True | trade_mode=4 | tick_time=1789667722 | bid=4360.774 | ask=4361.034 | tick_ok=True | xau_open=True | current_symbol=XAUUSDm | startup=False
[2026-09-18 00:55:22] DEMO_PORTFOLIO_SCAN | XAUUSDm open active=LTS_AUS2
[2026-09-18 00:55:22] DEMO_PORTFOLIO_SCAN | XAUUSDm done active=LTS_AUS2
[2026-09-18 00:56:23] SYMBOL_CHECK | XAUUSDm trade_mode=4 xau_open=True | trade_mode=4 | tick_time=1789667783 | bid=4360.685 | ask=4360.945 | tick_ok=True | xau_open=True | current_symbol=XAUUSDm | startup=False
[2026-09-18 00:57:22] SYMBOL_CHECK | XAUUSDm trade_mode=4 xau_open=True | trade_mode=4 | tick_time=1789667842 | bid=4360.395 | ask=4360.655 | tick_ok=True | xau_open=True | current_symbol=XAUUSDm | startup=False
[2026-09-18 00:58:21] SYMBOL_CHECK | XAUUSDm trade_mode=4 xau_open=True | trade_mode=4 | tick_time=1789667903 | bid=4360.84 | ask=4361.1 | tick_ok=True | xau_open=True | current_symbol=XAUUSDm | startup=False
[2026-09-18 00:59:21] SYMBOL_CHECK | XAUUSDm trade_mode=4 xau_open=True | trade_mode=4 | tick_time=1789667963 | bid=4360.289 | ask=4360.549 | tick_ok=True | xau_open=True | current_symbol=XAUUSDm | startup=False
[2026-09-18 01:00:23] SYMBOL_CHECK | XAUUSDm trade_mode=4 xau_open=True | trade_mode=4 | tick_time=1789668023 | bid=4360.759 | ask=4361.019 | tick_ok=True | xau_open=True | current_symbol=XAUUSDm | startup=False
[2026-09-18 01:00:23] DEMO_PORTFOLIO_SCAN | XAUUSDm open active=LTS_AUS2
[2026-09-18 01:00:23] DEMO_PORTFOLIO_PENDING_ARM | LTS_AUS2_644 BUY entry=4361.182 sl=4341.883107142857 tp=4399.779785714286 lot=0.06 expires=5bars
[2026-09-18 01:00:23] DEMO_PORTFOLIO_PENDING_FILL | LTS_AUS2_644 BUY lot=0.06 entry=4361.182 sl=4341.883107142857 tp=4399.779785714286 success=True ticket=3839695347 err=None
[2026-09-18 01:00:23] DEMO_PORTFOLIO_PENDING_ARM | LTS_AUS2_645 SELL entry=4361.182 sl=4399.779785714286 tp=4341.883107142857 lot=0.07 expires=5bars
[2026-09-18 01:00:23] DEMO_PORTFOLIO_SCAN | XAUUSDm done active=LTS_AUS2
[2026-09-18 01:00:24] TG_SENT | [AF SIGNAL] *💎✨ Avengers Ultra Safe v2* | Leg: `LTS_AUS2_644 DIRECT_S96_M15` | BUY @ pending-fill market lot `0.06` | Entry `4361.18` SL `4341.88` TP `4399.78` | Ticket: `3839695347`
[2026-09-18 01:01:21] SYMBOL_CHECK | XAUUSDm trade_mode=4 xau_open=True | trade_mode=4 | tick_time=1789668083 | bid=4360.901 | ask=4361.161 | tick_ok=True | xau_open=True | current_symbol=XAUUSDm | startup=False
[2026-09-18 01:02:23] SYMBOL_CHECK | XAUUSDm trade_mode=4 xau_open=True | trade_mode=4 | tick_time=1789668143 | bid=4361.347 | ask=4361.607 | tick_ok=True | xau_open=True | current_symbol=XAUUSDm | startup=False
[2026-09-18 01:03:23] SYMBOL_CHECK | XAUUSDm trade_mode=4 xau_open=True | trade_mode=4 | tick_time=1789668203 | bid=4360.475 | ask=4360.735 | tick_ok=True | xau_open=True | current_symbol=XAUUSDm | startup=False
[2026-09-18 01:04:22] SYMBOL_CHECK | XAUUSDm trade_mode=4 xau_open=True | trade_mode=4 | tick_time=1789668262 | bid=4362.347 | ask=4362.607 | tick_ok=True | xau_open=True | current_symbol=XAUUSDm | startup=False
[2026-09-18 01:05:22] SYMBOL_CHECK | XAUUSDm trade_mode=4 xau_open=True | trade_mode=4 | tick_time=1789668322 | bid=4363.512 | ask=4363.772 | tick_ok=True | xau_open=True | current_symbol=XAUUSDm | startup=False
[2026-09-18 01:05:22] DEMO_PORTFOLIO_SCAN | XAUUSDm open active=LTS_AUS2
[2026-09-18 01:05:22] DEMO_PORTFOLIO_PENDING_FILL | LTS_AUS2_645 SELL lot=0.07 entry=4361.182 sl=4399.779785714286 tp=4341.883107142857 success=True ticket=3839707835 err=None
[2026-09-18 01:05:22] DEMO_PORTFOLIO_SCAN | XAUUSDm done active=LTS_AUS2
[2026-09-18 01:05:23] TG_SENT | [AF SIGNAL] *💎✨ Avengers Ultra Safe v2* | Leg: `LTS_AUS2_645 INVERSE_S96_M15` | SELL @ pending-fill market lot `0.07` | Entry `4361.18` SL `4399.78` TP `4341.88` | Ticket: `3839707835`
[2026-09-18 01:06:22] SYMBOL_CHECK | XAUUSDm trade_mode=4 xau_open=True | trade_mode=4 | tick_time=1789668383 | bid=4363.784 | ask=4364.044 | tick_ok=True | xau_open=True | current_symbol=XAUUSDm | startup=False
[2026-09-18 01:07:22] SYMBOL_CHECK | XAUUSDm trade_mode=4 xau_open=True | trade_mode=4 | tick_time=1789668443 | bid=4361.543 | ask=4361.803 | tick_ok=True | xau_open=True | current_symbol=XAUUSDm | startup=False
[2026-09-18 01:08:23] SYMBOL_CHECK | XAUUSDm trade_mode=4 xau_open=True | trade_mode=4 | tick_time=1789668503 | bid=4362.485 | ask=4362.745 | tick_ok=True | xau_open=True | current_symbol=XAUUSDm | startup=False
[2026-09-18 01:09:22] SYMBOL_CHECK | XAUUSDm trade_mode=4 xau_open=True | trade_mode=4 | tick_time=1789668562 | bid=4362.409 | ask=4362.669 | tick_ok=True | xau_open=True | current_symbol=XAUUSDm | startup=False
[2026-09-18 01:10:22] SYMBOL_CHECK | XAUUSDm trade_mode=4 xau_open=True | trade_mode=4 | tick_time=1789668623 | bid=4361.305 | ask=4361.565 | tick_ok=True | xau_open=True | current_symbol=XAUUSDm | startup=False
[2026-09-18 01:10:22] DEMO_PORTFOLIO_SCAN | XAUUSDm open active=LTS_AUS2
[2026-09-18 01:10:22] DEMO_PORTFOLIO_SCAN | XAUUSDm done active=LTS_AUS2
[2026-09-18 01:11:23] SYMBOL_CHECK | XAUUSDm trade_mode=4 xau_open=True | trade_mode=4 | tick_time=1789668683 | bid=4362.766 | ask=4363.026 | tick_ok=True | xau_open=True | current_symbol=XAUUSDm | startup=False
[2026-09-18 01:12:23] SYMBOL_CHECK | XAUUSDm trade_mode=4 xau_open=True | trade_mode=4 | tick_time=1789668742 | bid=4364.013 | ask=4364.273 | tick_ok=True | xau_open=True | current_symbol=XAUUSDm | startup=False
[2026-09-18 01:13:23] SYMBOL_CHECK | XAUUSDm trade_mode=4 xau_open=True | trade_mode=4 | tick_time=1789668803 | bid=4364.123 | ask=4364.383 | tick_ok=True | xau_open=True | current_symbol=XAUUSDm | startup=False
[2026-09-18 01:14:22] SYMBOL_CHECK | XAUUSDm trade_mode=4 xau_open=True | trade_mode=4 | tick_time=1789668863 | bid=4365.001 | ask=4365.261 | tick_ok=True | xau_open=True | current_symbol=XAUUSDm | startup=False
[2026-09-18 01:15:23] SYMBOL_CHECK | XAUUSDm trade_mode=4 xau_open=True | trade_mode=4 | tick_time=1789668922 | bid=4365.053 | ask=4365.313 | tick_ok=True | xau_open=True | current_symbol=XAUUSDm | startup=False
[2026-09-18 01:15:23] DEMO_PORTFOLIO_SCAN | XAUUSDm open active=LTS_AUS2
[2026-09-18 01:15:23] DEMO_PORTFOLIO_PENDING_ARM | LTS_AUS2_644 BUY entry=4364.756 sl=4344.742535714286 tp=4404.78292857143 lot=0.06 expires=5bars
[2026-09-18 01:15:23] DEMO_PORTFOLIO_PENDING_ARM | LTS_AUS2_645 SELL entry=4364.756 sl=4404.78292857143 tp=4344.742535714286 lot=0.07 expires=5bars
[2026-09-18 01:15:23] DEMO_PORTFOLIO_PENDING_FILL | LTS_AUS2_645 SELL lot=0.07 entry=4364.756 sl=4404.78292857143 tp=4344.742535714286 success=True ticket=3839739198 err=None
[2026-09-18 01:15:23] DEMO_PORTFOLIO_SCAN | XAUUSDm done active=LTS_AUS2
[2026-09-18 01:15:24] TG_SENT | [AF SIGNAL] *💎✨ Avengers Ultra Safe v2* | Leg: `LTS_AUS2_645 INVERSE_S96_M15` | SELL @ pending-fill market lot `0.07` | Entry `4364.76` SL `4404.78` TP `4344.74` | Ticket: `3839739198`
[2026-09-18 01:16:22] SYMBOL_CHECK | XAUUSDm trade_mode=4 xau_open=True | trade_mode=4 | tick_time=1789668983 | bid=4365.564 | ask=4365.824 | tick_ok=True | xau_open=True | current_symbol=XAUUSDm | startup=False
[2026-09-18 01:17:22] SYMBOL_CHECK | XAUUSDm trade_mode=4 xau_open=True | trade_mode=4 | tick_time=1789669042 | bid=4364.122 | ask=4364.382 | tick_ok=True | xau_open=True | current_symbol=XAUUSDm | startup=False
[2026-09-18 01:18:22] SYMBOL_CHECK | XAUUSDm trade_mode=4 xau_open=True | trade_mode=4 | tick_time=1789669102 | bid=4362.179 | ask=4362.439 | tick_ok=True | xau_open=True | current_symbol=XAUUSDm | startup=False
[2026-09-18 01:19:22] SYMBOL_CHECK | XAUUSDm trade_mode=4 xau_open=True | trade_mode=4 | tick_time=1789669162 | bid=4361.454 | ask=4361.714 | tick_ok=True | xau_open=True | current_symbol=XAUUSDm | startup=False
[2026-09-18 01:20:22] SYMBOL_CHECK | XAUUSDm trade_mode=4 xau_open=True | trade_mode=4 | tick_time=1789669223 | bid=4360.606 | ask=4360.866 | tick_ok=True | xau_open=True | current_symbol=XAUUSDm | startup=False
[2026-09-18 01:20:22] DEMO_PORTFOLIO_SCAN | XAUUSDm open active=LTS_AUS2
[2026-09-18 01:20:22] DEMO_PORTFOLIO_PENDING_FILL | LTS_AUS2_644 BUY lot=0.06 entry=4364.756 sl=4344.742535714286 tp=4404.78292857143 success=True ticket=3839755194 err=None
[2026-09-18 01:20:22] DEMO_PORTFOLIO_SCAN | XAUUSDm done active=LTS_AUS2
[2026-09-18 01:20:23] TG_SENT | [AF SIGNAL] *💎✨ Avengers Ultra Safe v2* | Leg: `LTS_AUS2_644 DIRECT_S96_M15` | BUY @ pending-fill market lot `0.06` | Entry `4364.76` SL `4344.74` TP `4404.78` | Ticket: `3839755194`
[2026-09-18 01:21:23] SYMBOL_CHECK | XAUUSDm trade_mode=4 xau_open=True | trade_mode=4 | tick_time=1789669282 | bid=4358.85 | ask=4359.11 | tick_ok=True | xau_open=True | current_symbol=XAUUSDm | startup=False
[2026-09-18 01:22:23] SYMBOL_CHECK | XAUUSDm trade_mode=4 xau_open=True | trade_mode=4 | tick_time=1789669343 | bid=4358.274 | ask=4358.534 | tick_ok=True | xau_open=True | current_symbol=XAUUSDm | startup=False
[2026-09-18 01:23:23] SYMBOL_CHECK | XAUUSDm trade_mode=4 xau_open=True | trade_mode=4 | tick_time=1789669402 | bid=4358.893 | ask=4359.153 | tick_ok=True | xau_open=True | current_symbol=XAUUSDm | startup=False
[2026-09-18 01:24:21] SYMBOL_CHECK | XAUUSDm trade_mode=4 xau_open=True | trade_mode=4 | tick_time=1789669463 | bid=4357.932 | ask=4358.192 | tick_ok=True | xau_open=True | current_symbol=XAUUSDm | startup=False
[2026-09-18 01:25:22] SYMBOL_CHECK | XAUUSDm trade_mode=4 xau_open=True | trade_mode=4 | tick_time=1789669522 | bid=4358.372 | ask=4358.632 | tick_ok=True | xau_open=True | current_symbol=XAUUSDm | startup=False
[2026-09-18 01:25:22] DEMO_PORTFOLIO_SCAN | XAUUSDm open active=LTS_AUS2
[2026-09-18 01:25:22] DEMO_PORTFOLIO_SCAN | XAUUSDm done active=LTS_AUS2
[2026-09-18 01:26:21] SYMBOL_CHECK | XAUUSDm trade_mode=4 xau_open=True | trade_mode=4 | tick_time=1789669582 | bid=4358.011 | ask=4358.271 | tick_ok=True | xau_open=True | current_symbol=XAUUSDm | startup=False
[2026-09-18 01:27:22] SYMBOL_CHECK | XAUUSDm trade_mode=4 xau_open=True | trade_mode=4 | tick_time=1789669643 | bid=4358.13 | ask=4358.39 | tick_ok=True | xau_open=True | current_symbol=XAUUSDm | startup=False
[2026-09-18 01:28:23] SYMBOL_CHECK | XAUUSDm trade_mode=4 xau_open=True | trade_mode=4 | tick_time=1789669702 | bid=4357.681 | ask=4357.941 | tick_ok=True | xau_open=True | current_symbol=XAUUSDm | startup=False
[2026-09-18 01:29:23] SYMBOL_CHECK | XAUUSDm trade_mode=4 xau_open=True | trade_mode=4 | tick_time=1789669763 | bid=4356.261 | ask=4356.521 | tick_ok=True | xau_open=True | current_symbol=XAUUSDm | startup=False
[2026-09-18 01:30:22] SYMBOL_CHECK | XAUUSDm trade_mode=4 xau_open=True | trade_mode=4 | tick_time=1789669823 | bid=4355.506 | ask=4355.766 | tick_ok=True | xau_open=True | current_symbol=XAUUSDm | startup=False
[2026-09-18 01:30:22] DEMO_PORTFOLIO_SCAN | XAUUSDm open active=LTS_AUS2
[2026-09-18 01:30:22] DEMO_PORTFOLIO_SCAN | XAUUSDm done active=LTS_AUS2
[2026-09-18 01:31:23] SYMBOL_CHECK | XAUUSDm trade_mode=4 xau_open=True | trade_mode=4 | tick_time=1789669882 | bid=4353.733 | ask=4353.993 | tick_ok=True | xau_open=True | current_symbol=XAUUSDm | startup=False
[2026-09-18 01:32:22] SYMBOL_CHECK | XAUUSDm trade_mode=4 xau_open=True | trade_mode=4 | tick_time=1789669942 | bid=4353.136 | ask=4353.396 | tick_ok=True | xau_open=True | current_symbol=XAUUSDm | startup=False
[2026-09-18 01:33:23] SYMBOL_CHECK | XAUUSDm trade_mode=4 xau_open=True | trade_mode=4 | tick_time=1789670002 | bid=4352.832 | ask=4353.092 | tick_ok=True | xau_open=True | current_symbol=XAUUSDm | startup=False
[2026-09-18 01:34:23] SYMBOL_CHECK | XAUUSDm trade_mode=4 xau_open=True | trade_mode=4 | tick_time=1789670063 | bid=4351.316 | ask=4351.576 | tick_ok=True | xau_open=True | current_symbol=XAUUSDm | startup=False
[2026-09-18 01:35:23] SYMBOL_CHECK | XAUUSDm trade_mode=4 xau_open=True | trade_mode=4 | tick_time=1789670123 | bid=4349.431 | ask=4349.691 | tick_ok=True | xau_open=True | current_symbol=XAUUSDm | startup=False
[2026-09-18 01:35:23] DEMO_PORTFOLIO_SCAN | XAUUSDm open active=LTS_AUS2
[2026-09-18 01:35:23] DEMO_PORTFOLIO_SCAN | XAUUSDm done active=LTS_AUS2
[2026-09-18 01:36:23] SYMBOL_CHECK | XAUUSDm trade_mode=4 xau_open=True | trade_mode=4 | tick_time=1789670183 | bid=4348.613 | ask=4348.873 | tick_ok=True | xau_open=True | current_symbol=XAUUSDm | startup=False
[2026-09-18 01:37:23] SYMBOL_CHECK | XAUUSDm trade_mode=4 xau_open=True | trade_mode=4 | tick_time=1789670243 | bid=4350.967 | ask=4351.227 | tick_ok=True | xau_open=True | current_symbol=XAUUSDm | startup=False
[2026-09-18 01:38:23] SYMBOL_CHECK | XAUUSDm trade_mode=4 xau_open=True | trade_mode=4 | tick_time=1789670302 | bid=4350.403 | ask=4350.663 | tick_ok=True | xau_open=True | current_symbol=XAUUSDm | startup=False
[2026-09-18 01:39:22] SYMBOL_CHECK | XAUUSDm trade_mode=4 xau_open=True | trade_mode=4 | tick_time=1789670362 | bid=4350.464 | ask=4350.724 | tick_ok=True | xau_open=True | current_symbol=XAUUSDm | startup=False
[2026-09-18 01:40:23] SYMBOL_CHECK | XAUUSDm trade_mode=4 xau_open=True | trade_mode=4 | tick_time=1789670422 | bid=4350.821 | ask=4351.081 | tick_ok=True | xau_open=True | current_symbol=XAUUSDm | startup=False
[2026-09-18 01:40:23] DEMO_PORTFOLIO_SCAN | XAUUSDm open active=LTS_AUS2
[2026-09-18 01:40:23] DEMO_PORTFOLIO_SCAN | XAUUSDm done active=LTS_AUS2
[2026-09-18 01:41:22] SYMBOL_CHECK | XAUUSDm trade_mode=4 xau_open=True | trade_mode=4 | tick_time=1789670483 | bid=4351.762 | ask=4352.022 | tick_ok=True | xau_open=True | current_symbol=XAUUSDm | startup=False
[2026-09-18 01:42:23] SYMBOL_CHECK | XAUUSDm trade_mode=4 xau_open=True | trade_mode=4 | tick_time=1789670543 | bid=4352.493 | ask=4352.753 | tick_ok=True | xau_open=True | current_symbol=XAUUSDm | startup=False
[2026-09-18 01:43:23] SYMBOL_CHECK | XAUUSDm trade_mode=4 xau_open=True | trade_mode=4 | tick_time=1789670602 | bid=4352.054 | ask=4352.314 | tick_ok=True | xau_open=True | current_symbol=XAUUSDm | startup=False
[2026-09-18 01:44:22] SYMBOL_CHECK | XAUUSDm trade_mode=4 xau_open=True | trade_mode=4 | tick_time=1789670662 | bid=4352.479 | ask=4352.739 | tick_ok=True | xau_open=True | current_symbol=XAUUSDm | startup=False
[2026-09-18 01:45:23] SYMBOL_CHECK | XAUUSDm trade_mode=4 xau_open=True | trade_mode=4 | tick_time=1789670722 | bid=4351.845 | ask=4352.105 | tick_ok=True | xau_open=True | current_symbol=XAUUSDm | startup=False
[2026-09-18 01:45:23] DEMO_PORTFOLIO_SCAN | XAUUSDm open active=LTS_AUS2
[2026-09-18 01:45:23] DEMO_PORTFOLIO_SCAN | XAUUSDm done active=LTS_AUS2
[2026-09-18 01:46:23] SYMBOL_CHECK | XAUUSDm trade_mode=4 xau_open=True | trade_mode=4 | tick_time=1789670782 | bid=4350.374 | ask=4350.634 | tick_ok=True | xau_open=True | current_symbol=XAUUSDm | startup=False
[2026-09-18 01:47:23] SYMBOL_CHECK | XAUUSDm trade_mode=4 xau_open=True | trade_mode=4 | tick_time=1789670842 | bid=4350.8 | ask=4351.06 | tick_ok=True | xau_open=True | current_symbol=XAUUSDm | startup=False
[2026-09-18 01:48:23] SYMBOL_CHECK | XAUUSDm trade_mode=4 xau_open=True | trade_mode=4 | tick_time=1789670902 | bid=4351.435 | ask=4351.695 | tick_ok=True | xau_open=True | current_symbol=XAUUSDm | startup=False
[2026-09-18 01:49:23] SYMBOL_CHECK | XAUUSDm trade_mode=4 xau_open=True | trade_mode=4 | tick_time=1789670962 | bid=4352.073 | ask=4352.333 | tick_ok=True | xau_open=True | current_symbol=XAUUSDm | startup=False
[2026-09-18 01:50:22] SYMBOL_CHECK | XAUUSDm trade_mode=4 xau_open=True | trade_mode=4 | tick_time=1789671022 | bid=4351.797 | ask=4352.057 | tick_ok=True | xau_open=True | current_symbol=XAUUSDm | startup=False
[2026-09-18 01:50:22] DEMO_PORTFOLIO_SCAN | XAUUSDm open active=LTS_AUS2
[2026-09-18 01:50:22] DEMO_PORTFOLIO_SCAN | XAUUSDm done active=LTS_AUS2
[2026-09-18 01:51:22] SYMBOL_CHECK | XAUUSDm trade_mode=4 xau_open=True | trade_mode=4 | tick_time=1789671083 | bid=4350.294 | ask=4350.554 | tick_ok=True | xau_open=True | current_symbol=XAUUSDm | startup=False
[2026-09-18 01:52:23] SYMBOL_CHECK | XAUUSDm trade_mode=4 xau_open=True | trade_mode=4 | tick_time=1789671143 | bid=4351.676 | ask=4351.936 | tick_ok=True | xau_open=True | current_symbol=XAUUSDm | startup=False
[2026-09-18 01:53:23] SYMBOL_CHECK | XAUUSDm trade_mode=4 xau_open=True | trade_mode=4 | tick_time=1789671202 | bid=4349.53 | ask=4349.79 | tick_ok=True | xau_open=True | current_symbol=XAUUSDm | startup=False
[2026-09-18 01:54:23] SYMBOL_CHECK | XAUUSDm trade_mode=4 xau_open=True | trade_mode=4 | tick_time=1789671263 | bid=4350.52 | ask=4350.78 | tick_ok=True | xau_open=True | current_symbol=XAUUSDm | startup=False
[2026-09-18 01:55:22] SYMBOL_CHECK | XAUUSDm trade_mode=4 xau_open=True | trade_mode=4 | tick_time=1789671323 | bid=4350.825 | ask=4351.085 | tick_ok=True | xau_open=True | current_symbol=XAUUSDm | startup=False
[2026-09-18 01:55:22] DEMO_PORTFOLIO_SCAN | XAUUSDm open active=LTS_AUS2
[2026-09-18 01:55:22] DEMO_PORTFOLIO_SCAN | XAUUSDm done active=LTS_AUS2
[2026-09-18 01:56:23] SYMBOL_CHECK | XAUUSDm trade_mode=4 xau_open=True | trade_mode=4 | tick_time=1789671382 | bid=4350.49 | ask=4350.75 | tick_ok=True | xau_open=True | current_symbol=XAUUSDm | startup=False
[2026-09-18 01:57:23] SYMBOL_CHECK | XAUUSDm trade_mode=4 xau_open=True | trade_mode=4 | tick_time=1789671443 | bid=4351.377 | ask=4351.637 | tick_ok=True | xau_open=True | current_symbol=XAUUSDm | startup=False
[2026-09-18 01:58:22] SYMBOL_CHECK | XAUUSDm trade_mode=4 xau_open=True | trade_mode=4 | tick_time=1789671502 | bid=4351.338 | ask=4351.598 | tick_ok=True | xau_open=True | current_symbol=XAUUSDm | startup=False
[2026-09-18 01:59:23] SYMBOL_CHECK | XAUUSDm trade_mode=4 xau_open=True | trade_mode=4 | tick_time=1789671563 | bid=4351.094 | ask=4351.354 | tick_ok=True | xau_open=True | current_symbol=XAUUSDm | startup=False
[2026-09-18 02:00:22] SYMBOL_CHECK | XAUUSDm trade_mode=4 xau_open=True | trade_mode=4 | tick_time=1789671623 | bid=4351.702 | ask=4351.962 | tick_ok=True | xau_open=True | current_symbol=XAUUSDm | startup=False
[2026-09-18 02:00:22] DEMO_PORTFOLIO_SCAN | XAUUSDm open active=LTS_AUS2
[2026-09-18 02:00:22] DEMO_PORTFOLIO_SCAN | XAUUSDm done active=LTS_AUS2
[2026-09-18 02:01:23] SYMBOL_CHECK | XAUUSDm trade_mode=4 xau_open=True | trade_mode=4 | tick_time=1789671682 | bid=4353.505 | ask=4353.765 | tick_ok=True | xau_open=True | current_symbol=XAUUSDm | startup=False
[2026-09-18 02:02:23] SYMBOL_CHECK | XAUUSDm trade_mode=4 xau_open=True | trade_mode=4 | tick_time=1789671743 | bid=4354.547 | ask=4354.807 | tick_ok=True | xau_open=True | current_symbol=XAUUSDm | startup=False
[2026-09-18 02:03:21] SYMBOL_CHECK | XAUUSDm trade_mode=4 xau_open=True | trade_mode=4 | tick_time=1789671803 | bid=4354.98 | ask=4355.24 | tick_ok=True | xau_open=True | current_symbol=XAUUSDm | startup=False
[2026-09-18 02:04:23] SYMBOL_CHECK | XAUUSDm trade_mode=4 xau_open=True | trade_mode=4 | tick_time=1789671863 | bid=4354.056 | ask=4354.316 | tick_ok=True | xau_open=True | current_symbol=XAUUSDm | startup=False
[2026-09-18 02:05:22] SYMBOL_CHECK | XAUUSDm trade_mode=4 xau_open=True | trade_mode=4 | tick_time=1789671923 | bid=4354.724 | ask=4354.984 | tick_ok=True | xau_open=True | current_symbol=XAUUSDm | startup=False
[2026-09-18 02:05:23] DEMO_PORTFOLIO_SCAN | XAUUSDm open active=LTS_AUS2
[2026-09-18 02:05:23] DEMO_PORTFOLIO_SCAN | XAUUSDm done active=LTS_AUS2
[2026-09-18 02:06:23] SYMBOL_CHECK | XAUUSDm trade_mode=4 xau_open=True | trade_mode=4 | tick_time=1789671983 | bid=4354.968 | ask=4355.228 | tick_ok=True | xau_open=True | current_symbol=XAUUSDm | startup=False
[2026-09-18 02:07:23] SYMBOL_CHECK | XAUUSDm trade_mode=4 xau_open=True | trade_mode=4 | tick_time=1789672043 | bid=4354.241 | ask=4354.501 | tick_ok=True | xau_open=True | current_symbol=XAUUSDm | startup=False
[2026-09-18 02:08:23] SYMBOL_CHECK | XAUUSDm trade_mode=4 xau_open=True | trade_mode=4 | tick_time=1789672102 | bid=4355.46 | ask=4355.72 | tick_ok=True | xau_open=True | current_symbol=XAUUSDm | startup=False
[2026-09-18 02:09:22] SYMBOL_CHECK | XAUUSDm trade_mode=4 xau_open=True | trade_mode=4 | tick_time=1789672163 | bid=4353.831 | ask=4354.091 | tick_ok=True | xau_open=True | current_symbol=XAUUSDm | startup=False
[2026-09-18 02:10:23] SYMBOL_CHECK | XAUUSDm trade_mode=4 xau_open=True | trade_mode=4 | tick_time=1789672223 | bid=4354.586 | ask=4354.846 | tick_ok=True | xau_open=True | current_symbol=XAUUSDm | startup=False
[2026-09-18 02:10:23] DEMO_PORTFOLIO_SCAN | XAUUSDm open active=LTS_AUS2
[2026-09-18 02:10:23] DEMO_PORTFOLIO_SCAN | XAUUSDm done active=LTS_AUS2
[2026-09-18 02:11:23] SYMBOL_CHECK | XAUUSDm trade_mode=4 xau_open=True | trade_mode=4 | tick_time=1789672283 | bid=4354.563 | ask=4354.823 | tick_ok=True | xau_open=True | current_symbol=XAUUSDm | startup=False
[2026-09-18 02:12:22] SYMBOL_CHECK | XAUUSDm trade_mode=4 xau_open=True | trade_mode=4 | tick_time=1789672342 | bid=4354.199 | ask=4354.459 | tick_ok=True | xau_open=True | current_symbol=XAUUSDm | startup=False
[2026-09-18 02:13:22] SYMBOL_CHECK | XAUUSDm trade_mode=4 xau_open=True | trade_mode=4 | tick_time=1789672403 | bid=4355.372 | ask=4355.632 | tick_ok=True | xau_open=True | current_symbol=XAUUSDm | startup=False
[2026-09-18 02:14:23] SYMBOL_CHECK | XAUUSDm trade_mode=4 xau_open=True | trade_mode=4 | tick_time=1789672463 | bid=4354.258 | ask=4354.518 | tick_ok=True | xau_open=True | current_symbol=XAUUSDm | startup=False
[2026-09-18 02:15:23] SYMBOL_CHECK | XAUUSDm trade_mode=4 xau_open=True | trade_mode=4 | tick_time=1789672523 | bid=4354.073 | ask=4354.333 | tick_ok=True | xau_open=True | current_symbol=XAUUSDm | startup=False
[2026-09-18 02:15:23] DEMO_PORTFOLIO_SCAN | XAUUSDm open active=LTS_AUS2
[2026-09-18 02:15:23] DEMO_PORTFOLIO_SCAN | XAUUSDm done active=LTS_AUS2
[2026-09-18 02:16:23] SYMBOL_CHECK | XAUUSDm trade_mode=4 xau_open=True | trade_mode=4 | tick_time=1789672583 | bid=4352.689 | ask=4352.949 | tick_ok=True | xau_open=True | current_symbol=XAUUSDm | startup=False
[2026-09-18 02:17:21] SYMBOL_CHECK | XAUUSDm trade_mode=4 xau_open=True | trade_mode=4 | tick_time=1789672642 | bid=4349.198 | ask=4349.458 | tick_ok=True | xau_open=True | current_symbol=XAUUSDm | startup=False
[2026-09-18 02:18:23] SYMBOL_CHECK | XAUUSDm trade_mode=4 xau_open=True | trade_mode=4 | tick_time=1789672703 | bid=4349.736 | ask=4349.996 | tick_ok=True | xau_open=True | current_symbol=XAUUSDm | startup=False
[2026-09-18 02:19:22] SYMBOL_CHECK | XAUUSDm trade_mode=4 xau_open=True | trade_mode=4 | tick_time=1789672763 | bid=4351.758 | ask=4352.018 | tick_ok=True | xau_open=True | current_symbol=XAUUSDm | startup=False
[2026-09-18 02:20:23] SYMBOL_CHECK | XAUUSDm trade_mode=4 xau_open=True | trade_mode=4 | tick_time=1789672823 | bid=4351.331 | ask=4351.591 | tick_ok=True | xau_open=True | current_symbol=XAUUSDm | startup=False
[2026-09-18 02:20:23] DEMO_PORTFOLIO_SCAN | XAUUSDm open active=LTS_AUS2
[2026-09-18 02:20:23] DEMO_PORTFOLIO_SCAN | XAUUSDm done active=LTS_AUS2
[2026-09-18 02:21:23] SYMBOL_CHECK | XAUUSDm trade_mode=4 xau_open=True | trade_mode=4 | tick_time=1789672883 | bid=4349.964 | ask=4350.224 | tick_ok=True | xau_open=True | current_symbol=XAUUSDm | startup=False
[2026-09-18 02:22:23] SYMBOL_CHECK | XAUUSDm trade_mode=4 xau_open=True | trade_mode=4 | tick_time=1789672942 | bid=4348.914 | ask=4349.174 | tick_ok=True | xau_open=True | current_symbol=XAUUSDm | startup=False
[2026-09-18 02:23:23] SYMBOL_CHECK | XAUUSDm trade_mode=4 xau_open=True | trade_mode=4 | tick_time=1789673003 | bid=4347.783 | ask=4348.043 | tick_ok=True | xau_open=True | current_symbol=XAUUSDm | startup=False
[2026-09-18 02:24:22] SYMBOL_CHECK | XAUUSDm trade_mode=4 xau_open=True | trade_mode=4 | tick_time=1789673063 | bid=4348.391 | ask=4348.651 | tick_ok=True | xau_open=True | current_symbol=XAUUSDm | startup=False
[2026-09-18 02:25:23] SYMBOL_CHECK | XAUUSDm trade_mode=4 xau_open=True | trade_mode=4 | tick_time=1789673123 | bid=4348.43 | ask=4348.69 | tick_ok=True | xau_open=True | current_symbol=XAUUSDm | startup=False
[2026-09-18 02:25:23] DEMO_PORTFOLIO_SCAN | XAUUSDm open active=LTS_AUS2
[2026-09-18 02:25:23] DEMO_PORTFOLIO_SCAN | XAUUSDm done active=LTS_AUS2
[2026-09-18 02:26:23] SYMBOL_CHECK | XAUUSDm trade_mode=4 xau_open=True | trade_mode=4 | tick_time=1789673183 | bid=4348.823 | ask=4349.083 | tick_ok=True | xau_open=True | current_symbol=XAUUSDm | startup=False
[2026-09-18 02:27:22] SYMBOL_CHECK | XAUUSDm trade_mode=4 xau_open=True | trade_mode=4 | tick_time=1789673242 | bid=4346.554 | ask=4346.814 | tick_ok=True | xau_open=True | current_symbol=XAUUSDm | startup=False
[2026-09-18 02:28:02] POSITION_CLOSED | 🎯 TP Hit | ticket=3839739198 | side=SELL | symbol=XAUUSDm | tf=M15 | sid=21 | pattern=- | trend_filter=- | open_price=4365.053 | close_price=4344.74 | sl=4404.783 | tp=4344.743 | profit=142.17 | reason=[tp 4344.74300] | close_time=02:28:02 18/09/2026
[2026-09-18 02:28:03] TG_SENT | 🔴 *🎯 TP Hit* | ━━━━━━━━━━━━━━━━━ | 📊 TF: M15 | 📊 SELL XAUUSDm | 📌 เปิด: `4365.053` | 📌 ปิด: `4344.74` | 🛑 SL: `4404.783` | 🎯 TP: `4344.743` | 💬 เหตุผล: `[tp 4344.74300]` | 💰 P/L: `142.17` USD | 🔖 Ticket: `3839739198` | 🕐 Close Time: `02:28:02 18/09/2026`
[2026-09-18 02:28:08] POSITION_CLOSED | 🛑 SL Hit | ticket=3839755194 | side=BUY | symbol=XAUUSDm | tf=M15 | sid=21 | pattern=- | trend_filter=- | open_price=4360.866 | close_price=4343.28 | sl=4344.743 | tp=4404.783 | profit=-105.51 | reason=[sl 4344.74300] | close_time=02:28:04 18/09/2026
[2026-09-18 02:28:08] TG_SENT | 🟢 *🛑 SL Hit* | ━━━━━━━━━━━━━━━━━ | 📊 TF: M15 | 📊 BUY XAUUSDm | 📌 เปิด: `4360.866` | 📌 ปิด: `4343.28` | 🛑 SL: `4344.743` | 🎯 TP: `4404.783` | 💬 เหตุผล: `[sl 4344.74300]` | 💸 P/L: `-105.51` USD | 🔖 Ticket: `3839755194` | 🕐 Close Time: `02:28:04 18/09/2026`
[2026-09-18 02:28:22] SYMBOL_CHECK | XAUUSDm trade_mode=4 xau_open=True | trade_mode=4 | tick_time=1789673303 | bid=4344.48 | ask=4344.74 | tick_ok=True | xau_open=True | current_symbol=XAUUSDm | startup=False
[2026-09-18 02:29:22] SYMBOL_CHECK | XAUUSDm trade_mode=4 xau_open=True | trade_mode=4 | tick_time=1789673363 | bid=4344.663 | ask=4344.923 | tick_ok=True | xau_open=True | current_symbol=XAUUSDm | startup=False
[2026-09-18 02:30:23] SYMBOL_CHECK | XAUUSDm trade_mode=4 xau_open=True | trade_mode=4 | tick_time=1789673423 | bid=4345.202 | ask=4345.462 | tick_ok=True | xau_open=True | current_symbol=XAUUSDm | startup=False
[2026-09-18 02:30:23] DEMO_PORTFOLIO_SCAN | XAUUSDm open active=LTS_AUS2
[2026-09-18 02:30:23] DEMO_PORTFOLIO_SCAN | XAUUSDm done active=LTS_AUS2
[2026-09-18 02:31:22] SYMBOL_CHECK | XAUUSDm trade_mode=4 xau_open=True | trade_mode=4 | tick_time=1789673483 | bid=4346.101 | ask=4346.361 | tick_ok=True | xau_open=True | current_symbol=XAUUSDm | startup=False
[2026-09-18 02:32:21] SYMBOL_CHECK | XAUUSDm trade_mode=4 xau_open=True | trade_mode=4 | tick_time=1789673543 | bid=4345.902 | ask=4346.162 | tick_ok=True | xau_open=True | current_symbol=XAUUSDm | startup=False
[2026-09-18 02:33:23] SYMBOL_CHECK | XAUUSDm trade_mode=4 xau_open=True | trade_mode=4 | tick_time=1789673602 | bid=4344.196 | ask=4344.456 | tick_ok=True | xau_open=True | current_symbol=XAUUSDm | startup=False
[2026-09-18 02:34:23] SYMBOL_CHECK | XAUUSDm trade_mode=4 xau_open=True | trade_mode=4 | tick_time=1789673663 | bid=4344.377 | ask=4344.637 | tick_ok=True | xau_open=True | current_symbol=XAUUSDm | startup=False
[2026-09-18 02:35:22] SYMBOL_CHECK | XAUUSDm trade_mode=4 xau_open=True | trade_mode=4 | tick_time=1789673722 | bid=4344.041 | ask=4344.301 | tick_ok=True | xau_open=True | current_symbol=XAUUSDm | startup=False
[2026-09-18 02:35:22] DEMO_PORTFOLIO_SCAN | XAUUSDm open active=LTS_AUS2
[2026-09-18 02:35:22] DEMO_PORTFOLIO_SCAN | XAUUSDm done active=LTS_AUS2
[2026-09-18 02:36:22] SYMBOL_CHECK | XAUUSDm trade_mode=4 xau_open=True | trade_mode=4 | tick_time=1789673783 | bid=4343.823 | ask=4344.083 | tick_ok=True | xau_open=True | current_symbol=XAUUSDm | startup=False
[2026-09-18 02:37:23] SYMBOL_CHECK | XAUUSDm trade_mode=4 xau_open=True | trade_mode=4 | tick_time=1789673843 | bid=4343.873 | ask=4344.133 | tick_ok=True | xau_open=True | current_symbol=XAUUSDm | startup=False
[2026-09-18 02:38:22] SYMBOL_CHECK | XAUUSDm trade_mode=4 xau_open=True | trade_mode=4 | tick_time=1789673903 | bid=4344.419 | ask=4344.679 | tick_ok=True | xau_open=True | current_symbol=XAUUSDm | startup=False
[2026-09-18 02:39:23] SYMBOL_CHECK | XAUUSDm trade_mode=4 xau_open=True | trade_mode=4 | tick_time=1789673963 | bid=4343.124 | ask=4343.384 | tick_ok=True | xau_open=True | current_symbol=XAUUSDm | startup=False
[2026-09-18 02:40:23] SYMBOL_CHECK | XAUUSDm trade_mode=4 xau_open=True | trade_mode=4 | tick_time=1789674022 | bid=4345.059 | ask=4345.319 | tick_ok=True | xau_open=True | current_symbol=XAUUSDm | startup=False
[2026-09-18 02:40:23] DEMO_PORTFOLIO_SCAN | XAUUSDm open active=LTS_AUS2
[2026-09-18 02:40:23] DEMO_PORTFOLIO_SCAN | XAUUSDm done active=LTS_AUS2
[2026-09-18 02:41:23] SYMBOL_CHECK | XAUUSDm trade_mode=4 xau_open=True | trade_mode=4 | tick_time=1789674083 | bid=4345.136 | ask=4345.396 | tick_ok=True | xau_open=True | current_symbol=XAUUSDm | startup=False
[2026-09-18 02:42:22] SYMBOL_CHECK | XAUUSDm trade_mode=4 xau_open=True | trade_mode=4 | tick_time=1789674142 | bid=4344.554 | ask=4344.814 | tick_ok=True | xau_open=True | current_symbol=XAUUSDm | startup=False
[2026-09-18 02:43:22] SYMBOL_CHECK | XAUUSDm trade_mode=4 xau_open=True | trade_mode=4 | tick_time=1789674203 | bid=4345.183 | ask=4345.443 | tick_ok=True | xau_open=True | current_symbol=XAUUSDm | startup=False
[2026-09-18 02:44:23] SYMBOL_CHECK | XAUUSDm trade_mode=4 xau_open=True | trade_mode=4 | tick_time=1789674262 | bid=4345.173 | ask=4345.433 | tick_ok=True | xau_open=True | current_symbol=XAUUSDm | startup=False
[2026-09-18 02:45:23] SYMBOL_CHECK | XAUUSDm trade_mode=4 xau_open=True | trade_mode=4 | tick_time=1789674323 | bid=4345.805 | ask=4346.065 | tick_ok=True | xau_open=True | current_symbol=XAUUSDm | startup=False
[2026-09-18 02:45:23] DEMO_PORTFOLIO_SCAN | XAUUSDm open active=LTS_AUS2
[2026-09-18 02:45:23] DEMO_PORTFOLIO_SCAN | XAUUSDm done active=LTS_AUS2
[2026-09-18 02:46:22] SYMBOL_CHECK | XAUUSDm trade_mode=4 xau_open=True | trade_mode=4 | tick_time=1789674383 | bid=4347.318 | ask=4347.578 | tick_ok=True | xau_open=True | current_symbol=XAUUSDm | startup=False
[2026-09-18 02:47:22] SYMBOL_CHECK | XAUUSDm trade_mode=4 xau_open=True | trade_mode=4 | tick_time=1789674443 | bid=4345.856 | ask=4346.096 | tick_ok=True | xau_open=True | current_symbol=XAUUSDm | startup=False
[2026-09-18 02:48:23] SYMBOL_CHECK | XAUUSDm trade_mode=4 xau_open=True | trade_mode=4 | tick_time=1789674502 | bid=4344.613 | ask=4344.873 | tick_ok=True | xau_open=True | current_symbol=XAUUSDm | startup=False
[2026-09-18 02:49:22] SYMBOL_CHECK | XAUUSDm trade_mode=4 xau_open=True | trade_mode=4 | tick_time=1789674563 | bid=4344.095 | ask=4344.355 | tick_ok=True | xau_open=True | current_symbol=XAUUSDm | startup=False
[2026-09-18 02:50:23] SYMBOL_CHECK | XAUUSDm trade_mode=4 xau_open=True | trade_mode=4 | tick_time=1789674622 | bid=4346.126 | ask=4346.386 | tick_ok=True | xau_open=True | current_symbol=XAUUSDm | startup=False
[2026-09-18 02:50:23] DEMO_PORTFOLIO_SCAN | XAUUSDm open active=LTS_AUS2
[2026-09-18 02:50:23] DEMO_PORTFOLIO_SCAN | XAUUSDm done active=LTS_AUS2
[2026-09-18 02:51:22] SYMBOL_CHECK | XAUUSDm trade_mode=4 xau_open=True | trade_mode=4 | tick_time=1789674683 | bid=4345.743 | ask=4346.003 | tick_ok=True | xau_open=True | current_symbol=XAUUSDm | startup=False
[2026-09-18 02:52:23] SYMBOL_CHECK | XAUUSDm trade_mode=4 xau_open=True | trade_mode=4 | tick_time=1789674743 | bid=4346.915 | ask=4347.175 | tick_ok=True | xau_open=True | current_symbol=XAUUSDm | startup=False
[2026-09-18 02:53:22] SYMBOL_CHECK | XAUUSDm trade_mode=4 xau_open=True | trade_mode=4 | tick_time=1789674803 | bid=4347.215 | ask=4347.475 | tick_ok=True | xau_open=True | current_symbol=XAUUSDm | startup=False
[2026-09-18 02:54:23] SYMBOL_CHECK | XAUUSDm trade_mode=4 xau_open=True | trade_mode=4 | tick_time=1789674863 | bid=4348.523 | ask=4348.783 | tick_ok=True | xau_open=True | current_symbol=XAUUSDm | startup=False
[2026-09-18 02:55:22] SYMBOL_CHECK | XAUUSDm trade_mode=4 xau_open=True | trade_mode=4 | tick_time=1789674922 | bid=4347.517 | ask=4347.777 | tick_ok=True | xau_open=True | current_symbol=XAUUSDm | startup=False
[2026-09-18 02:55:22] DEMO_PORTFOLIO_SCAN | XAUUSDm open active=LTS_AUS2
[2026-09-18 02:55:22] DEMO_PORTFOLIO_SCAN | XAUUSDm done active=LTS_AUS2
[2026-09-18 02:56:23] SYMBOL_CHECK | XAUUSDm trade_mode=4 xau_open=True | trade_mode=4 | tick_time=1789674983 | bid=4347.507 | ask=4347.767 | tick_ok=True | xau_open=True | current_symbol=XAUUSDm | startup=False
[2026-09-18 02:57:23] SYMBOL_CHECK | XAUUSDm trade_mode=4 xau_open=True | trade_mode=4 | tick_time=1789675043 | bid=4347.338 | ask=4347.598 | tick_ok=True | xau_open=True | current_symbol=XAUUSDm | startup=False
[2026-09-18 02:58:23] SYMBOL_CHECK | XAUUSDm trade_mode=4 xau_open=True | trade_mode=4 | tick_time=1789675103 | bid=4348.346 | ask=4348.606 | tick_ok=True | xau_open=True | current_symbol=XAUUSDm | startup=False
[2026-09-18 02:59:23] SYMBOL_CHECK | XAUUSDm trade_mode=4 xau_open=True | trade_mode=4 | tick_time=1789675163 | bid=4346.342 | ask=4346.602 | tick_ok=True | xau_open=True | current_symbol=XAUUSDm | startup=False
[2026-09-18 03:00:23] SYMBOL_CHECK | XAUUSDm trade_mode=4 xau_open=True | trade_mode=4 | tick_time=1789675223 | bid=4345.914 | ask=4346.174 | tick_ok=True | xau_open=True | current_symbol=XAUUSDm | startup=False
[2026-09-18 03:00:23] DEMO_PORTFOLIO_SCAN | XAUUSDm open active=LTS_AUS2
[2026-09-18 03:00:23] DEMO_PORTFOLIO_SCAN | XAUUSDm done active=LTS_AUS2
[2026-09-18 03:01:23] SYMBOL_CHECK | XAUUSDm trade_mode=4 xau_open=True | trade_mode=4 | tick_time=1789675283 | bid=4346.317 | ask=4346.577 | tick_ok=True | xau_open=True | current_symbol=XAUUSDm | startup=False
[2026-09-18 03:02:22] SYMBOL_CHECK | XAUUSDm trade_mode=4 xau_open=True | trade_mode=4 | tick_time=1789675342 | bid=4344.627 | ask=4344.887 | tick_ok=True | xau_open=True | current_symbol=XAUUSDm | startup=False
[2026-09-18 03:03:23] SYMBOL_CHECK | XAUUSDm trade_mode=4 xau_open=True | trade_mode=4 | tick_time=1789675403 | bid=4345.622 | ask=4345.882 | tick_ok=True | xau_open=True | current_symbol=XAUUSDm | startup=False
[2026-09-18 03:04:22] SYMBOL_CHECK | XAUUSDm trade_mode=4 xau_open=True | trade_mode=4 | tick_time=1789675462 | bid=4345.103 | ask=4345.363 | tick_ok=True | xau_open=True | current_symbol=XAUUSDm | startup=False
[2026-09-18 03:05:22] SYMBOL_CHECK | XAUUSDm trade_mode=4 xau_open=True | trade_mode=4 | tick_time=1789675522 | bid=4343.677 | ask=4343.937 | tick_ok=True | xau_open=True | current_symbol=XAUUSDm | startup=False
[2026-09-18 03:05:22] DEMO_PORTFOLIO_SCAN | XAUUSDm open active=LTS_AUS2
[2026-09-18 03:05:22] DEMO_PORTFOLIO_SCAN | XAUUSDm done active=LTS_AUS2
[2026-09-18 03:06:22] SYMBOL_CHECK | XAUUSDm trade_mode=4 xau_open=True | trade_mode=4 | tick_time=1789675582 | bid=4344.763 | ask=4345.023 | tick_ok=True | xau_open=True | current_symbol=XAUUSDm | startup=False
[2026-09-18 03:07:23] SYMBOL_CHECK | XAUUSDm trade_mode=4 xau_open=True | trade_mode=4 | tick_time=1789675643 | bid=4345.208 | ask=4345.468 | tick_ok=True | xau_open=True | current_symbol=XAUUSDm | startup=False
[2026-09-18 03:08:22] SYMBOL_CHECK | XAUUSDm trade_mode=4 xau_open=True | trade_mode=4 | tick_time=1789675703 | bid=4345.97 | ask=4346.23 | tick_ok=True | xau_open=True | current_symbol=XAUUSDm | startup=False
[2026-09-18 03:09:22] SYMBOL_CHECK | XAUUSDm trade_mode=4 xau_open=True | trade_mode=4 | tick_time=1789675762 | bid=4345.095 | ask=4345.355 | tick_ok=True | xau_open=True | current_symbol=XAUUSDm | startup=False
[2026-09-18 03:10:22] SYMBOL_CHECK | XAUUSDm trade_mode=4 xau_open=True | trade_mode=4 | tick_time=1789675823 | bid=4344.651 | ask=4344.911 | tick_ok=True | xau_open=True | current_symbol=XAUUSDm | startup=False
[2026-09-18 03:10:22] DEMO_PORTFOLIO_SCAN | XAUUSDm open active=LTS_AUS2
[2026-09-18 03:10:23] DEMO_PORTFOLIO_SCAN | XAUUSDm done active=LTS_AUS2
[2026-09-18 03:11:21] SYMBOL_CHECK | XAUUSDm trade_mode=4 xau_open=True | trade_mode=4 | tick_time=1789675883 | bid=4343.026 | ask=4343.286 | tick_ok=True | xau_open=True | current_symbol=XAUUSDm | startup=False
[2026-09-18 03:12:23] SYMBOL_CHECK | XAUUSDm trade_mode=4 xau_open=True | trade_mode=4 | tick_time=1789675942 | bid=4343.022 | ask=4343.282 | tick_ok=True | xau_open=True | current_symbol=XAUUSDm | startup=False
[2026-09-18 03:13:22] SYMBOL_CHECK | XAUUSDm trade_mode=4 xau_open=True | trade_mode=4 | tick_time=1789676001 | bid=4342.807 | ask=4343.067 | tick_ok=True | xau_open=True | current_symbol=XAUUSDm | startup=False
[2026-09-18 03:14:23] SYMBOL_CHECK | XAUUSDm trade_mode=4 xau_open=True | trade_mode=4 | tick_time=1789676063 | bid=4342.804 | ask=4343.064 | tick_ok=True | xau_open=True | current_symbol=XAUUSDm | startup=False
[2026-09-18 03:15:23] SYMBOL_CHECK | XAUUSDm trade_mode=4 xau_open=True | trade_mode=4 | tick_time=1789676122 | bid=4343.61 | ask=4343.87 | tick_ok=True | xau_open=True | current_symbol=XAUUSDm | startup=False
[2026-09-18 03:15:23] DEMO_PORTFOLIO_SCAN | XAUUSDm open active=LTS_AUS2
[2026-09-18 03:15:23] DEMO_PORTFOLIO_SCAN | XAUUSDm done active=LTS_AUS2
[2026-09-18 03:16:22] SYMBOL_CHECK | XAUUSDm trade_mode=4 xau_open=True | trade_mode=4 | tick_time=1789676183 | bid=4343.126 | ask=4343.366 | tick_ok=True | xau_open=True | current_symbol=XAUUSDm | startup=False
[2026-09-18 03:17:22] SYMBOL_CHECK | XAUUSDm trade_mode=4 xau_open=True | trade_mode=4 | tick_time=1789676242 | bid=4343.158 | ask=4343.418 | tick_ok=True | xau_open=True | current_symbol=XAUUSDm | startup=False
[2026-09-18 03:18:23] SYMBOL_CHECK | XAUUSDm trade_mode=4 xau_open=True | trade_mode=4 | tick_time=1789676300 | bid=4343.463 | ask=4343.723 | tick_ok=True | xau_open=True | current_symbol=XAUUSDm | startup=False
[2026-09-18 03:19:22] SYMBOL_CHECK | XAUUSDm trade_mode=4 xau_open=True | trade_mode=4 | tick_time=1789676362 | bid=4344.652 | ask=4344.912 | tick_ok=True | xau_open=True | current_symbol=XAUUSDm | startup=False
[2026-09-18 03:20:21] SYMBOL_CHECK | XAUUSDm trade_mode=4 xau_open=True | trade_mode=4 | tick_time=1789676422 | bid=4343.531 | ask=4343.791 | tick_ok=True | xau_open=True | current_symbol=XAUUSDm | startup=False
[2026-09-18 03:20:21] DEMO_PORTFOLIO_SCAN | XAUUSDm open active=LTS_AUS2
[2026-09-18 03:20:21] DEMO_PORTFOLIO_SCAN | XAUUSDm done active=LTS_AUS2
[2026-09-18 03:21:21] SYMBOL_CHECK | XAUUSDm trade_mode=4 xau_open=True | trade_mode=4 | tick_time=1789676482 | bid=4343.0 | ask=4343.26 | tick_ok=True | xau_open=True | current_symbol=XAUUSDm | startup=False
[2026-09-18 03:22:21] SYMBOL_CHECK | XAUUSDm trade_mode=4 xau_open=True | trade_mode=4 | tick_time=1789676543 | bid=4343.842 | ask=4344.102 | tick_ok=True | xau_open=True | current_symbol=XAUUSDm | startup=False
[2026-09-18 03:23:20] SYMBOL_CHECK | XAUUSDm trade_mode=4 xau_open=True | trade_mode=4 | tick_time=1789676603 | bid=4344.257 | ask=4344.517 | tick_ok=True | xau_open=True | current_symbol=XAUUSDm | startup=False
[2026-09-18 03:24:23] SYMBOL_CHECK | XAUUSDm trade_mode=4 xau_open=True | trade_mode=4 | tick_time=1789676662 | bid=4344.04 | ask=4344.3 | tick_ok=True | xau_open=True | current_symbol=XAUUSDm | startup=False
[2026-09-18 03:25:22] SYMBOL_CHECK | XAUUSDm trade_mode=4 xau_open=True | trade_mode=4 | tick_time=1789676721 | bid=4344.236 | ask=4344.496 | tick_ok=True | xau_open=True | current_symbol=XAUUSDm | startup=False
[2026-09-18 03:25:22] DEMO_PORTFOLIO_SCAN | XAUUSDm open active=LTS_AUS2
[2026-09-18 03:25:22] DEMO_PORTFOLIO_SCAN | XAUUSDm done active=LTS_AUS2
[2026-09-18 03:26:23] SYMBOL_CHECK | XAUUSDm trade_mode=4 xau_open=True | trade_mode=4 | tick_time=1789676783 | bid=4345.459 | ask=4345.719 | tick_ok=True | xau_open=True | current_symbol=XAUUSDm | startup=False
[2026-09-18 03:27:23] SYMBOL_CHECK | XAUUSDm trade_mode=4 xau_open=True | trade_mode=4 | tick_time=1789676843 | bid=4343.039 | ask=4343.299 | tick_ok=True | xau_open=True | current_symbol=XAUUSDm | startup=False
[2026-09-18 03:28:21] SYMBOL_CHECK | XAUUSDm trade_mode=4 xau_open=True | trade_mode=4 | tick_time=1789676901 | bid=4343.427 | ask=4343.687 | tick_ok=True | xau_open=True | current_symbol=XAUUSDm | startup=False
[2026-09-18 03:29:23] SYMBOL_CHECK | XAUUSDm trade_mode=4 xau_open=True | trade_mode=4 | tick_time=1789676962 | bid=4343.229 | ask=4343.489 | tick_ok=True | xau_open=True | current_symbol=XAUUSDm | startup=False
[2026-09-18 03:29:53] POSITION_CLOSED | 🛑 SL Hit | ticket=3839695347 | side=BUY | symbol=XAUUSDm | tf=M15 | sid=21 | pattern=- | trend_filter=- | open_price=4360.897 | close_price=4341.88 | sl=4341.883 | tp=4399.78 | profit=-114.08 | reason=[sl 4341.88300] | close_time=03:29:49 18/09/2026
[2026-09-18 03:29:53] TG_SENT | 🟢 *🛑 SL Hit* | ━━━━━━━━━━━━━━━━━ | 📊 TF: M15 | 📊 BUY XAUUSDm | 📌 เปิด: `4360.897` | 📌 ปิด: `4341.88` | 🛑 SL: `4341.883` | 🎯 TP: `4399.78` | 💬 เหตุผล: `[sl 4341.88300]` | 💸 P/L: `-114.08` USD | 🔖 Ticket: `3839695347` | 🕐 Close Time: `03:29:49 18/09/2026`
[2026-09-18 03:30:22] SYMBOL_CHECK | XAUUSDm trade_mode=4 xau_open=True | trade_mode=4 | tick_time=1789677022 | bid=4342.825 | ask=4343.085 | tick_ok=True | xau_open=True | current_symbol=XAUUSDm | startup=False
[2026-09-18 03:30:23] DEMO_PORTFOLIO_SCAN | XAUUSDm open active=LTS_AUS2
[2026-09-18 03:30:23] DEMO_PORTFOLIO_SCAN | XAUUSDm done active=LTS_AUS2
[2026-09-18 03:30:52] POSITION_CLOSED | 🎯 TP Hit | ticket=3839707835 | side=SELL | symbol=XAUUSDm | tf=M15 | sid=21 | pattern=- | trend_filter=- | open_price=4363.512 | close_price=4341.88 | sl=4399.78 | tp=4341.883 | profit=151.4 | reason=[tp 4341.88300] | close_time=03:30:51 18/09/2026
[2026-09-18 03:30:52] TG_SENT | 🔴 *🎯 TP Hit* | ━━━━━━━━━━━━━━━━━ | 📊 TF: M15 | 📊 SELL XAUUSDm | 📌 เปิด: `4363.512` | 📌 ปิด: `4341.88` | 🛑 SL: `4399.78` | 🎯 TP: `4341.883` | 💬 เหตุผล: `[tp 4341.88300]` | 💰 P/L: `151.4` USD | 🔖 Ticket: `3839707835` | 🕐 Close Time: `03:30:51 18/09/2026`
[2026-09-18 03:31:22] SYMBOL_CHECK | XAUUSDm trade_mode=4 xau_open=True | trade_mode=4 | tick_time=1789677083 | bid=4341.474 | ask=4341.734 | tick_ok=True | xau_open=True | current_symbol=XAUUSDm | startup=False
[2026-09-18 03:32:22] SYMBOL_CHECK | XAUUSDm trade_mode=4 xau_open=True | trade_mode=4 | tick_time=1789677143 | bid=4342.228 | ask=4342.488 | tick_ok=True | xau_open=True | current_symbol=XAUUSDm | startup=False
[2026-09-18 03:33:22] SYMBOL_CHECK | XAUUSDm trade_mode=4 xau_open=True | trade_mode=4 | tick_time=1789677203 | bid=4341.821 | ask=4342.081 | tick_ok=True | xau_open=True | current_symbol=XAUUSDm | startup=False
[2026-09-18 03:34:21] SYMBOL_CHECK | XAUUSDm trade_mode=4 xau_open=True | trade_mode=4 | tick_time=1789677262 | bid=4341.565 | ask=4341.825 | tick_ok=True | xau_open=True | current_symbol=XAUUSDm | startup=False
[2026-09-18 03:35:22] SYMBOL_CHECK | XAUUSDm trade_mode=4 xau_open=True | trade_mode=4 | tick_time=1789677323 | bid=4341.177 | ask=4341.437 | tick_ok=True | xau_open=True | current_symbol=XAUUSDm | startup=False
[2026-09-18 03:35:22] DEMO_PORTFOLIO_SCAN | XAUUSDm open active=LTS_AUS2
[2026-09-18 03:35:22] DEMO_PORTFOLIO_SCAN | XAUUSDm done active=LTS_AUS2
[2026-09-18 03:36:22] SYMBOL_CHECK | XAUUSDm trade_mode=4 xau_open=True | trade_mode=4 | tick_time=1789677382 | bid=4342.052 | ask=4342.312 | tick_ok=True | xau_open=True | current_symbol=XAUUSDm | startup=False
[2026-09-18 03:37:22] SYMBOL_CHECK | XAUUSDm trade_mode=4 xau_open=True | trade_mode=4 | tick_time=1789677442 | bid=4341.838 | ask=4342.098 | tick_ok=True | xau_open=True | current_symbol=XAUUSDm | startup=False
[2026-09-18 03:38:23] SYMBOL_CHECK | XAUUSDm trade_mode=4 xau_open=True | trade_mode=4 | tick_time=1789677501 | bid=4341.473 | ask=4341.733 | tick_ok=True | xau_open=True | current_symbol=XAUUSDm | startup=False
[2026-09-18 03:39:23] SYMBOL_CHECK | XAUUSDm trade_mode=4 xau_open=True | trade_mode=4 | tick_time=1789677562 | bid=4342.126 | ask=4342.386 | tick_ok=True | xau_open=True | current_symbol=XAUUSDm | startup=False
[2026-09-18 03:40:19] SYMBOL_CHECK | XAUUSDm trade_mode=4 xau_open=True | trade_mode=4 | tick_time=1789677623 | bid=4342.866 | ask=4343.126 | tick_ok=True | xau_open=True | current_symbol=XAUUSDm | startup=False
[2026-09-18 03:40:20] DEMO_PORTFOLIO_SCAN | XAUUSDm open active=LTS_AUS2
[2026-09-18 03:40:20] DEMO_PORTFOLIO_SCAN | XAUUSDm done active=LTS_AUS2
[2026-09-18 03:41:22] SYMBOL_CHECK | XAUUSDm trade_mode=4 xau_open=True | trade_mode=4 | tick_time=1789677683 | bid=4342.718 | ask=4342.978 | tick_ok=True | xau_open=True | current_symbol=XAUUSDm | startup=False
[2026-09-18 03:42:23] SYMBOL_CHECK | XAUUSDm trade_mode=4 xau_open=True | trade_mode=4 | tick_time=1789677742 | bid=4342.814 | ask=4343.074 | tick_ok=True | xau_open=True | current_symbol=XAUUSDm | startup=False
[2026-09-18 03:43:23] SYMBOL_CHECK | XAUUSDm trade_mode=4 xau_open=True | trade_mode=4 | tick_time=1789677802 | bid=4341.64 | ask=4341.9 | tick_ok=True | xau_open=True | current_symbol=XAUUSDm | startup=False
[2026-09-18 03:44:22] SYMBOL_CHECK | XAUUSDm trade_mode=4 xau_open=True | trade_mode=4 | tick_time=1789677862 | bid=4341.446 | ask=4341.706 | tick_ok=True | xau_open=True | current_symbol=XAUUSDm | startup=False
[2026-09-18 03:45:23] SYMBOL_CHECK | XAUUSDm trade_mode=4 xau_open=True | trade_mode=4 | tick_time=1789677923 | bid=4340.904 | ask=4341.164 | tick_ok=True | xau_open=True | current_symbol=XAUUSDm | startup=False
[2026-09-18 03:45:23] DEMO_PORTFOLIO_SCAN | XAUUSDm open active=LTS_AUS2
[2026-09-18 03:45:23] DEMO_PORTFOLIO_SCAN | XAUUSDm done active=LTS_AUS2
[2026-09-18 03:46:22] SYMBOL_CHECK | XAUUSDm trade_mode=4 xau_open=True | trade_mode=4 | tick_time=1789677983 | bid=4341.722 | ask=4341.982 | tick_ok=True | xau_open=True | current_symbol=XAUUSDm | startup=False
[2026-09-18 03:47:20] SYMBOL_CHECK | XAUUSDm trade_mode=4 xau_open=True | trade_mode=4 | tick_time=1789678042 | bid=4341.391 | ask=4341.651 | tick_ok=True | xau_open=True | current_symbol=XAUUSDm | startup=False
[2026-09-18 03:48:23] SYMBOL_CHECK | XAUUSDm trade_mode=4 xau_open=True | trade_mode=4 | tick_time=1789678101 | bid=4341.359 | ask=4341.619 | tick_ok=True | xau_open=True | current_symbol=XAUUSDm | startup=False
[2026-09-18 03:49:23] SYMBOL_CHECK | XAUUSDm trade_mode=4 xau_open=True | trade_mode=4 | tick_time=1789678162 | bid=4342.142 | ask=4342.402 | tick_ok=True | xau_open=True | current_symbol=XAUUSDm | startup=False
[2026-09-18 03:50:22] SYMBOL_CHECK | XAUUSDm trade_mode=4 xau_open=True | trade_mode=4 | tick_time=1789678223 | bid=4341.274 | ask=4341.534 | tick_ok=True | xau_open=True | current_symbol=XAUUSDm | startup=False
[2026-09-18 03:50:22] DEMO_PORTFOLIO_SCAN | XAUUSDm open active=LTS_AUS2
[2026-09-18 03:50:22] DEMO_PORTFOLIO_SCAN | XAUUSDm done active=LTS_AUS2
[2026-09-18 03:51:23] SYMBOL_CHECK | XAUUSDm trade_mode=4 xau_open=True | trade_mode=4 | tick_time=1789678283 | bid=4341.547 | ask=4341.807 | tick_ok=True | xau_open=True | current_symbol=XAUUSDm | startup=False
[2026-09-18 03:52:20] SYMBOL_CHECK | XAUUSDm trade_mode=4 xau_open=True | trade_mode=4 | tick_time=1789678343 | bid=4342.425 | ask=4342.685 | tick_ok=True | xau_open=True | current_symbol=XAUUSDm | startup=False
[2026-09-18 03:53:21] SYMBOL_CHECK | XAUUSDm trade_mode=4 xau_open=True | trade_mode=4 | tick_time=1789678402 | bid=4341.598 | ask=4341.858 | tick_ok=True | xau_open=True | current_symbol=XAUUSDm | startup=False
[2026-09-18 03:54:23] SYMBOL_CHECK | XAUUSDm trade_mode=4 xau_open=True | trade_mode=4 | tick_time=1789678460 | bid=4341.755 | ask=4342.015 | tick_ok=True | xau_open=True | current_symbol=XAUUSDm | startup=False
[2026-09-18 03:55:23] SYMBOL_CHECK | XAUUSDm trade_mode=4 xau_open=True | trade_mode=4 | tick_time=1789678523 | bid=4341.618 | ask=4341.878 | tick_ok=True | xau_open=True | current_symbol=XAUUSDm | startup=False
[2026-09-18 03:55:23] DEMO_PORTFOLIO_SCAN | XAUUSDm open active=LTS_AUS2
[2026-09-18 03:55:23] DEMO_PORTFOLIO_SCAN | XAUUSDm done active=LTS_AUS2
[2026-09-18 03:56:22] SYMBOL_CHECK | XAUUSDm trade_mode=4 xau_open=True | trade_mode=4 | tick_time=1789678581 | bid=4341.782 | ask=4342.042 | tick_ok=True | xau_open=True | current_symbol=XAUUSDm | startup=False
[2026-09-18 03:57:23] SYMBOL_CHECK | XAUUSDm trade_mode=4 xau_open=True | trade_mode=4 | tick_time=1789678643 | bid=4341.502 | ask=4341.762 | tick_ok=True | xau_open=True | current_symbol=XAUUSDm | startup=False
[2026-09-18 03:58:04] SYMBOL_CHECK | XAUUSDm trade_mode=4 xau_open=True | trade_mode=4 | tick_time=1789678679 | bid=4341.869 | ask=4342.129 | tick_ok=True | xau_open=True | current_symbol=XAUUSDm | startup=False
[2026-09-18 03:59:22] SYMBOL_CHECK | XAUUSDm trade_mode=4 xau_open=True | trade_mode=4 | tick_time=1789678679 | bid=4341.869 | ask=4342.129 | tick_ok=True | xau_open=True | current_symbol=XAUUSDm | startup=False
[2026-09-18 04:00:23] SYMBOL_CHECK | XAUUSDm trade_mode=4 xau_open=True | trade_mode=4 | tick_time=1789678679 | bid=4341.869 | ask=4342.129 | tick_ok=True | xau_open=True | current_symbol=XAUUSDm | startup=False
[2026-09-18 04:00:23] DEMO_PORTFOLIO_SCAN | XAUUSDm open active=LTS_AUS2
[2026-09-18 04:00:23] DEMO_PORTFOLIO_SCAN | XAUUSDm done active=LTS_AUS2
[2026-09-18 04:01:23] SYMBOL_CHECK | XAUUSDm trade_mode=4 xau_open=False | trade_mode=4 | tick_time=1789678679 | bid=4341.869 | ask=4342.129 | tick_ok=False | xau_open=False | current_symbol=XAUUSDm | startup=False
[2026-09-18 04:01:23] SCAN_SKIP | ⏳ [38;5;208mM5[0m: แท่ง[0] ยังวิ่งอยู่ (current=1789597800 == last=1789678500) | tf=M5
[2026-09-18 04:01:24] SWEEP_ACTIVATE | SWEEP_HIGH | tf=M15 | ref_price=76555.39 | sweep_bar=14:00 17-Sep-2026 | confirm_bar=14:15 17-Sep-2026
[2026-09-18 04:01:24] SWEEP_ACTIVATE | SWEEP_HIGH | tf=M30 | ref_price=76034.91 | sweep_bar=18:30 16-Sep-2026 | confirm_bar=18:30 16-Sep-2026
[2026-09-18 04:01:24] SWEEP_ACTIVATE | SWEEP_LOW | tf=M30 | ref_price=75972.96 | sweep_bar=20:30 17-Sep-2026 | confirm_bar=21:00 17-Sep-2026
[2026-09-18 04:01:24] SWEEP_ACTIVATE | SWEEP_HIGH | tf=H1 | ref_price=77314.99 | sweep_bar=01:00 14-Sep-2026 | confirm_bar=02:00 14-Sep-2026
[2026-09-18 04:01:24] SWEEP_ACTIVATE | SWEEP_LOW | tf=H1 | ref_price=75279.87 | sweep_bar=01:00 17-Sep-2026 | confirm_bar=02:00 17-Sep-2026
[2026-09-18 04:01:24] SWEEP_ACTIVATE | SWEEP_LOW | tf=H4 | ref_price=76977.75 | sweep_bar=23:00 01-Sep-2026 | confirm_bar=03:00 02-Sep-2026
[2026-09-18 04:01:24] SWEEP_ACTIVATE | SWEEP_HIGH | tf=H4 | ref_price=79755.40 | sweep_bar=19:00 11-Sep-2026 | confirm_bar=23:00 11-Sep-2026
[2026-09-18 04:01:24] TG_SENT | 🔵 *XAUUSD ปิด* → สลับไป BTCUSDm
[2026-09-18 04:01:25] SWEEP_ACTIVATE | SWEEP_HIGH | tf=H12 | ref_price=81510.24 | sweep_bar=19:00 03-Sep-2026 | confirm_bar=07:00 04-Sep-2026
[2026-09-18 04:01:25] SWEEP_ACTIVATE | SWEEP_LOW | tf=H12 | ref_price=76175.97 | sweep_bar=19:00 11-Sep-2026 | confirm_bar=07:00 12-Sep-2026
[2026-09-18 04:01:25] SWEEP_ACTIVATE | SWEEP_LOW | tf=D1 | ref_price=57997.97 | sweep_bar=07:00 01-Jul-2026 | confirm_bar=07:00 02-Jul-2026
[2026-09-18 04:01:25] SWEEP_ACTIVATE | SWEEP_HIGH | tf=D1 | ref_price=81510.24 | sweep_bar=07:00 03-Sep-2026 | confirm_bar=07:00 04-Sep-2026
[2026-09-18 04:01:28] TG_SENT | ⚡ *สั่งสแกนทันทีหลังสลับ symbol*  | 📈 SYMBOL: `BTCUSDm`
[2026-09-18 04:01:32] TG_SENT | 🚀 *Auto Scan เริ่มต้น!* | ━━━━━━━━━━━━━━━━━ | 📋 Strategy: *ไม่มี* | ⏰ Interval: *1 นาที* | 🕐 Timeframes: *M5,M15,M30,H1,H4,H12,D1*
[2026-09-18 04:02:23] SYMBOL_CHECK | XAUUSDm trade_mode=4 xau_open=False | trade_mode=4 | tick_time=1789678679 | bid=4341.869 | ask=4342.129 | tick_ok=False | xau_open=False | current_symbol=BTCUSDm | startup=False
[2026-09-18 04:03:22] SYMBOL_CHECK | XAUUSDm trade_mode=4 xau_open=False | trade_mode=4 | tick_time=1789678679 | bid=4341.869 | ask=4342.129 | tick_ok=False | xau_open=False | current_symbol=BTCUSDm | startup=False
[2026-09-18 04:04:21] SYMBOL_CHECK | XAUUSDm trade_mode=4 xau_open=False | trade_mode=4 | tick_time=1789678679 | bid=4341.869 | ask=4342.129 | tick_ok=False | xau_open=False | current_symbol=BTCUSDm | startup=False
[2026-09-18 04:05:22] SYMBOL_CHECK | XAUUSDm trade_mode=4 xau_open=False | trade_mode=4 | tick_time=1789678679 | bid=4341.869 | ask=4342.129 | tick_ok=False | xau_open=False | current_symbol=BTCUSDm | startup=False
[2026-09-18 04:05:22] DEMO_PORTFOLIO_SKIP | XAUUSDm market closed - stale tick | active=LTS_AUS2
[2026-09-18 04:06:21] SYMBOL_CHECK | XAUUSDm trade_mode=4 xau_open=False | trade_mode=4 | tick_time=1789678679 | bid=4341.869 | ask=4342.129 | tick_ok=False | xau_open=False | current_symbol=BTCUSDm | startup=False
[2026-09-18 04:07:22] SYMBOL_CHECK | XAUUSDm trade_mode=4 xau_open=False | trade_mode=4 | tick_time=1789678679 | bid=4341.869 | ask=4342.129 | tick_ok=False | xau_open=False | current_symbol=BTCUSDm | startup=False
[2026-09-18 04:08:21] SYMBOL_CHECK | XAUUSDm trade_mode=4 xau_open=False | trade_mode=4 | tick_time=1789678679 | bid=4341.869 | ask=4342.129 | tick_ok=False | xau_open=False | current_symbol=BTCUSDm | startup=False
[2026-09-18 04:09:23] SYMBOL_CHECK | XAUUSDm trade_mode=4 xau_open=False | trade_mode=4 | tick_time=1789678679 | bid=4341.869 | ask=4342.129 | tick_ok=False | xau_open=False | current_symbol=BTCUSDm | startup=False
[2026-09-18 04:10:22] SYMBOL_CHECK | XAUUSDm trade_mode=4 xau_open=False | trade_mode=4 | tick_time=1789678679 | bid=4341.869 | ask=4342.129 | tick_ok=False | xau_open=False | current_symbol=BTCUSDm | startup=False
[2026-09-18 04:10:22] DEMO_PORTFOLIO_SKIP | XAUUSDm market closed - stale tick | active=LTS_AUS2
[2026-09-18 04:11:21] SYMBOL_CHECK | XAUUSDm trade_mode=4 xau_open=False | trade_mode=4 | tick_time=1789678679 | bid=4341.869 | ask=4342.129 | tick_ok=False | xau_open=False | current_symbol=BTCUSDm | startup=False
[2026-09-18 04:12:22] SYMBOL_CHECK | XAUUSDm trade_mode=4 xau_open=False | trade_mode=4 | tick_time=1789678679 | bid=4341.869 | ask=4342.129 | tick_ok=False | xau_open=False | current_symbol=BTCUSDm | startup=False
[2026-09-18 04:13:23] SYMBOL_CHECK | XAUUSDm trade_mode=4 xau_open=False | trade_mode=4 | tick_time=1789678679 | bid=4341.869 | ask=4342.129 | tick_ok=False | xau_open=False | current_symbol=BTCUSDm | startup=False
[2026-09-18 04:14:22] SYMBOL_CHECK | XAUUSDm trade_mode=4 xau_open=False | trade_mode=4 | tick_time=1789678679 | bid=4341.869 | ask=4342.129 | tick_ok=False | xau_open=False | current_symbol=BTCUSDm | startup=False
[2026-09-18 04:15:22] SYMBOL_CHECK | XAUUSDm trade_mode=4 xau_open=False | trade_mode=4 | tick_time=1789678679 | bid=4341.869 | ask=4342.129 | tick_ok=False | xau_open=False | current_symbol=BTCUSDm | startup=False
[2026-09-18 04:15:22] DEMO_PORTFOLIO_SKIP | XAUUSDm market closed - stale tick | active=LTS_AUS2
[2026-09-18 04:16:23] SYMBOL_CHECK | XAUUSDm trade_mode=4 xau_open=False | trade_mode=4 | tick_time=1789678679 | bid=4341.869 | ask=4342.129 | tick_ok=False | xau_open=False | current_symbol=BTCUSDm | startup=False
[2026-09-18 04:17:22] SYMBOL_CHECK | XAUUSDm trade_mode=4 xau_open=False | trade_mode=4 | tick_time=1789678679 | bid=4341.869 | ask=4342.129 | tick_ok=False | xau_open=False | current_symbol=BTCUSDm | startup=False
[2026-09-18 04:18:21] SYMBOL_CHECK | XAUUSDm trade_mode=4 xau_open=False | trade_mode=4 | tick_time=1789678679 | bid=4341.869 | ask=4342.129 | tick_ok=False | xau_open=False | current_symbol=BTCUSDm | startup=False
[2026-09-18 04:19:23] SYMBOL_CHECK | XAUUSDm trade_mode=4 xau_open=False | trade_mode=4 | tick_time=1789678679 | bid=4341.869 | ask=4342.129 | tick_ok=False | xau_open=False | current_symbol=BTCUSDm | startup=False
[2026-09-18 04:20:22] SYMBOL_CHECK | XAUUSDm trade_mode=4 xau_open=False | trade_mode=4 | tick_time=1789678679 | bid=4341.869 | ask=4342.129 | tick_ok=False | xau_open=False | current_symbol=BTCUSDm | startup=False
[2026-09-18 04:20:23] DEMO_PORTFOLIO_SKIP | XAUUSDm market closed - stale tick | active=LTS_AUS2
[2026-09-18 04:21:22] SYMBOL_CHECK | XAUUSDm trade_mode=4 xau_open=False | trade_mode=4 | tick_time=1789678679 | bid=4341.869 | ask=4342.129 | tick_ok=False | xau_open=False | current_symbol=BTCUSDm | startup=False
[2026-09-18 04:22:22] SYMBOL_CHECK | XAUUSDm trade_mode=4 xau_open=False | trade_mode=4 | tick_time=1789678679 | bid=4341.869 | ask=4342.129 | tick_ok=False | xau_open=False | current_symbol=BTCUSDm | startup=False
[2026-09-18 04:23:23] SYMBOL_CHECK | XAUUSDm trade_mode=4 xau_open=False | trade_mode=4 | tick_time=1789678679 | bid=4341.869 | ask=4342.129 | tick_ok=False | xau_open=False | current_symbol=BTCUSDm | startup=False
[2026-09-18 04:24:23] SYMBOL_CHECK | XAUUSDm trade_mode=4 xau_open=False | trade_mode=4 | tick_time=1789678679 | bid=4341.869 | ask=4342.129 | tick_ok=False | xau_open=False | current_symbol=BTCUSDm | startup=False
[2026-09-18 04:25:21] SYMBOL_CHECK | XAUUSDm trade_mode=4 xau_open=False | trade_mode=4 | tick_time=1789678679 | bid=4341.869 | ask=4342.129 | tick_ok=False | xau_open=False | current_symbol=BTCUSDm | startup=False
[2026-09-18 04:25:22] DEMO_PORTFOLIO_SKIP | XAUUSDm market closed - stale tick | active=LTS_AUS2
[2026-09-18 04:26:22] SYMBOL_CHECK | XAUUSDm trade_mode=4 xau_open=False | trade_mode=4 | tick_time=1789678679 | bid=4341.869 | ask=4342.129 | tick_ok=False | xau_open=False | current_symbol=BTCUSDm | startup=False
[2026-09-18 04:27:22] SYMBOL_CHECK | XAUUSDm trade_mode=4 xau_open=False | trade_mode=4 | tick_time=1789678679 | bid=4341.869 | ask=4342.129 | tick_ok=False | xau_open=False | current_symbol=BTCUSDm | startup=False
[2026-09-18 04:28:21] SYMBOL_CHECK | XAUUSDm trade_mode=4 xau_open=False | trade_mode=4 | tick_time=1789678679 | bid=4341.869 | ask=4342.129 | tick_ok=False | xau_open=False | current_symbol=BTCUSDm | startup=False
[2026-09-18 04:29:23] SYMBOL_CHECK | XAUUSDm trade_mode=4 xau_open=False | trade_mode=4 | tick_time=1789678679 | bid=4341.869 | ask=4342.129 | tick_ok=False | xau_open=False | current_symbol=BTCUSDm | startup=False
[2026-09-18 04:30:23] SYMBOL_CHECK | XAUUSDm trade_mode=4 xau_open=False | trade_mode=4 | tick_time=1789678679 | bid=4341.869 | ask=4342.129 | tick_ok=False | xau_open=False | current_symbol=BTCUSDm | startup=False
[2026-09-18 04:30:23] DEMO_PORTFOLIO_SKIP | XAUUSDm market closed - stale tick | active=LTS_AUS2
[2026-09-18 04:31:23] SYMBOL_CHECK | XAUUSDm trade_mode=4 xau_open=False | trade_mode=4 | tick_time=1789678679 | bid=4341.869 | ask=4342.129 | tick_ok=False | xau_open=False | current_symbol=BTCUSDm | startup=False
[2026-09-18 04:32:22] SYMBOL_CHECK | XAUUSDm trade_mode=4 xau_open=False | trade_mode=4 | tick_time=1789678679 | bid=4341.869 | ask=4342.129 | tick_ok=False | xau_open=False | current_symbol=BTCUSDm | startup=False
[2026-09-18 04:33:21] SYMBOL_CHECK | XAUUSDm trade_mode=4 xau_open=False | trade_mode=4 | tick_time=1789678679 | bid=4341.869 | ask=4342.129 | tick_ok=False | xau_open=False | current_symbol=BTCUSDm | startup=False
[2026-09-18 04:34:22] SYMBOL_CHECK | XAUUSDm trade_mode=4 xau_open=False | trade_mode=4 | tick_time=1789678679 | bid=4341.869 | ask=4342.129 | tick_ok=False | xau_open=False | current_symbol=BTCUSDm | startup=False
[2026-09-18 04:35:22] SYMBOL_CHECK | XAUUSDm trade_mode=4 xau_open=False | trade_mode=4 | tick_time=1789678679 | bid=4341.869 | ask=4342.129 | tick_ok=False | xau_open=False | current_symbol=BTCUSDm | startup=False
[2026-09-18 04:35:22] DEMO_PORTFOLIO_SKIP | XAUUSDm market closed - stale tick | active=LTS_AUS2
[2026-09-18 04:36:21] SYMBOL_CHECK | XAUUSDm trade_mode=4 xau_open=False | trade_mode=4 | tick_time=1789678679 | bid=4341.869 | ask=4342.129 | tick_ok=False | xau_open=False | current_symbol=BTCUSDm | startup=False
[2026-09-18 04:37:22] SYMBOL_CHECK | XAUUSDm trade_mode=4 xau_open=False | trade_mode=4 | tick_time=1789678679 | bid=4341.869 | ask=4342.129 | tick_ok=False | xau_open=False | current_symbol=BTCUSDm | startup=False
[2026-09-18 04:38:23] SYMBOL_CHECK | XAUUSDm trade_mode=4 xau_open=False | trade_mode=4 | tick_time=1789678679 | bid=4341.869 | ask=4342.129 | tick_ok=False | xau_open=False | current_symbol=BTCUSDm | startup=False
[2026-09-18 04:39:23] SYMBOL_CHECK | XAUUSDm trade_mode=4 xau_open=False | trade_mode=4 | tick_time=1789678679 | bid=4341.869 | ask=4342.129 | tick_ok=False | xau_open=False | current_symbol=BTCUSDm | startup=False
[2026-09-18 04:40:22] SYMBOL_CHECK | XAUUSDm trade_mode=4 xau_open=False | trade_mode=4 | tick_time=1789678679 | bid=4341.869 | ask=4342.129 | tick_ok=False | xau_open=False | current_symbol=BTCUSDm | startup=False
[2026-09-18 04:40:23] DEMO_PORTFOLIO_SKIP | XAUUSDm market closed - stale tick | active=LTS_AUS2
[2026-09-18 04:41:23] SYMBOL_CHECK | XAUUSDm trade_mode=4 xau_open=False | trade_mode=4 | tick_time=1789678679 | bid=4341.869 | ask=4342.129 | tick_ok=False | xau_open=False | current_symbol=BTCUSDm | startup=False
[2026-09-18 04:42:23] SYMBOL_CHECK | XAUUSDm trade_mode=4 xau_open=False | trade_mode=4 | tick_time=1789678679 | bid=4341.869 | ask=4342.129 | tick_ok=False | xau_open=False | current_symbol=BTCUSDm | startup=False
[2026-09-18 04:43:21] SYMBOL_CHECK | XAUUSDm trade_mode=4 xau_open=False | trade_mode=4 | tick_time=1789678679 | bid=4341.869 | ask=4342.129 | tick_ok=False | xau_open=False | current_symbol=BTCUSDm | startup=False
[2026-09-18 04:44:22] SYMBOL_CHECK | XAUUSDm trade_mode=4 xau_open=False | trade_mode=4 | tick_time=1789678679 | bid=4341.869 | ask=4342.129 | tick_ok=False | xau_open=False | current_symbol=BTCUSDm | startup=False
[2026-09-18 04:45:22] SYMBOL_CHECK | XAUUSDm trade_mode=4 xau_open=False | trade_mode=4 | tick_time=1789678679 | bid=4341.869 | ask=4342.129 | tick_ok=False | xau_open=False | current_symbol=BTCUSDm | startup=False
[2026-09-18 04:45:22] DEMO_PORTFOLIO_SKIP | XAUUSDm market closed - stale tick | active=LTS_AUS2
[2026-09-18 04:46:22] SYMBOL_CHECK | XAUUSDm trade_mode=4 xau_open=False | trade_mode=4 | tick_time=1789678679 | bid=4341.869 | ask=4342.129 | tick_ok=False | xau_open=False | current_symbol=BTCUSDm | startup=False
[2026-09-18 04:47:21] SYMBOL_CHECK | XAUUSDm trade_mode=4 xau_open=False | trade_mode=4 | tick_time=1789678679 | bid=4341.869 | ask=4342.129 | tick_ok=False | xau_open=False | current_symbol=BTCUSDm | startup=False
[2026-09-18 04:48:22] SYMBOL_CHECK | XAUUSDm trade_mode=4 xau_open=False | trade_mode=4 | tick_time=1789678679 | bid=4341.869 | ask=4342.129 | tick_ok=False | xau_open=False | current_symbol=BTCUSDm | startup=False
[2026-09-18 04:49:22] SYMBOL_CHECK | XAUUSDm trade_mode=4 xau_open=False | trade_mode=4 | tick_time=1789678679 | bid=4341.869 | ask=4342.129 | tick_ok=False | xau_open=False | current_symbol=BTCUSDm | startup=False
[2026-09-18 04:50:23] SYMBOL_CHECK | XAUUSDm trade_mode=4 xau_open=False | trade_mode=4 | tick_time=1789678679 | bid=4341.869 | ask=4342.129 | tick_ok=False | xau_open=False | current_symbol=BTCUSDm | startup=False
[2026-09-18 04:50:23] DEMO_PORTFOLIO_SKIP | XAUUSDm market closed - stale tick | active=LTS_AUS2
[2026-09-18 04:51:22] SYMBOL_CHECK | XAUUSDm trade_mode=4 xau_open=False | trade_mode=4 | tick_time=1789678679 | bid=4341.869 | ask=4342.129 | tick_ok=False | xau_open=False | current_symbol=BTCUSDm | startup=False
[2026-09-18 04:52:21] SYMBOL_CHECK | XAUUSDm trade_mode=4 xau_open=False | trade_mode=4 | tick_time=1789678679 | bid=4341.869 | ask=4342.129 | tick_ok=False | xau_open=False | current_symbol=BTCUSDm | startup=False
[2026-09-18 04:53:21] SYMBOL_CHECK | XAUUSDm trade_mode=4 xau_open=False | trade_mode=4 | tick_time=1789678679 | bid=4341.869 | ask=4342.129 | tick_ok=False | xau_open=False | current_symbol=BTCUSDm | startup=False
[2026-09-18 04:54:22] SYMBOL_CHECK | XAUUSDm trade_mode=4 xau_open=False | trade_mode=4 | tick_time=1789678679 | bid=4341.869 | ask=4342.129 | tick_ok=False | xau_open=False | current_symbol=BTCUSDm | startup=False
[2026-09-18 04:55:22] SYMBOL_CHECK | XAUUSDm trade_mode=4 xau_open=False | trade_mode=4 | tick_time=1789678679 | bid=4341.869 | ask=4342.129 | tick_ok=False | xau_open=False | current_symbol=BTCUSDm | startup=False
[2026-09-18 04:55:22] DEMO_PORTFOLIO_SKIP | XAUUSDm market closed - stale tick | active=LTS_AUS2
[2026-09-18 04:56:21] SYMBOL_CHECK | XAUUSDm trade_mode=4 xau_open=False | trade_mode=4 | tick_time=1789678679 | bid=4341.869 | ask=4342.129 | tick_ok=False | xau_open=False | current_symbol=BTCUSDm | startup=False
[2026-09-18 04:57:22] SYMBOL_CHECK | XAUUSDm trade_mode=4 xau_open=False | trade_mode=4 | tick_time=1789678679 | bid=4341.869 | ask=4342.129 | tick_ok=False | xau_open=False | current_symbol=BTCUSDm | startup=False
[2026-09-18 04:58:22] SYMBOL_CHECK | XAUUSDm trade_mode=4 xau_open=False | trade_mode=4 | tick_time=1789678679 | bid=4341.869 | ask=4342.129 | tick_ok=False | xau_open=False | current_symbol=BTCUSDm | startup=False
[2026-09-18 04:59:22] SYMBOL_CHECK | XAUUSDm trade_mode=4 xau_open=False | trade_mode=4 | tick_time=1789678679 | bid=4341.869 | ask=4342.129 | tick_ok=False | xau_open=False | current_symbol=BTCUSDm | startup=False
[2026-09-18 05:00:23] SYMBOL_CHECK | XAUUSDm trade_mode=4 xau_open=False | trade_mode=4 | tick_time=1789678679 | bid=4341.869 | ask=4342.129 | tick_ok=False | xau_open=False | current_symbol=BTCUSDm | startup=False
[2026-09-18 05:00:23] DEMO_PORTFOLIO_SKIP | XAUUSDm market closed - stale tick | active=LTS_AUS2
[2026-09-18 05:01:23] SYMBOL_CHECK | XAUUSDm trade_mode=4 xau_open=True | trade_mode=4 | tick_time=1789682483 | bid=4343.355 | ask=4343.615 | tick_ok=True | xau_open=True | current_symbol=BTCUSDm | startup=False
[2026-09-18 05:01:23] SWEEP_RESET | SWEEP_HIGH | tf=M15 | reason=label_changed:HL→LH
[2026-09-18 05:01:23] SWEEP_RESET | SWEEP_LOW | tf=M30 | reason=trend_changed:SIDEWAY→BULL
[2026-09-18 05:01:23] SWEEP_RESET | SWEEP_LOW | tf=H1 | reason=trend_changed:BULL→SIDEWAY
[2026-09-18 05:01:24] SWEEP_RESET | SWEEP_HIGH | tf=H4 | reason=expired
[2026-09-18 05:01:24] TG_SENT | 🟡 *XAUUSD เปิดแล้ว* → สลับกลับ XAUUSDm
[2026-09-18 05:01:28] TG_SENT | ⚡ *สั่งสแกนทันทีหลังสลับ symbol*  | 📈 SYMBOL: `XAUUSDm`
[2026-09-18 05:02:21] SYMBOL_CHECK | XAUUSDm trade_mode=4 xau_open=True | trade_mode=4 | tick_time=1789682541 | bid=4343.084 | ask=4343.344 | tick_ok=True | xau_open=True | current_symbol=XAUUSDm | startup=False
[2026-09-18 05:03:23] SYMBOL_CHECK | XAUUSDm trade_mode=4 xau_open=True | trade_mode=4 | tick_time=1789682603 | bid=4343.199 | ask=4343.459 | tick_ok=True | xau_open=True | current_symbol=XAUUSDm | startup=False
[2026-09-18 05:04:22] SYMBOL_CHECK | XAUUSDm trade_mode=4 xau_open=True | trade_mode=4 | tick_time=1789682662 | bid=4343.207 | ask=4343.467 | tick_ok=True | xau_open=True | current_symbol=XAUUSDm | startup=False
[2026-09-18 05:05:22] SYMBOL_CHECK | XAUUSDm trade_mode=4 xau_open=True | trade_mode=4 | tick_time=1789682722 | bid=4342.211 | ask=4342.471 | tick_ok=True | xau_open=True | current_symbol=XAUUSDm | startup=False
[2026-09-18 05:05:22] DEMO_PORTFOLIO_SCAN | XAUUSDm open active=LTS_AUS2
[2026-09-18 05:05:22] DEMO_PORTFOLIO_SCAN | XAUUSDm done active=LTS_AUS2
[2026-09-18 05:06:22] SYMBOL_CHECK | XAUUSDm trade_mode=4 xau_open=True | trade_mode=4 | tick_time=1789682782 | bid=4341.992 | ask=4342.252 | tick_ok=True | xau_open=True | current_symbol=XAUUSDm | startup=False
[2026-09-18 05:07:22] SYMBOL_CHECK | XAUUSDm trade_mode=4 xau_open=True | trade_mode=4 | tick_time=1789682842 | bid=4342.24 | ask=4342.5 | tick_ok=True | xau_open=True | current_symbol=XAUUSDm | startup=False
[2026-09-18 05:08:23] SYMBOL_CHECK | XAUUSDm trade_mode=4 xau_open=True | trade_mode=4 | tick_time=1789682903 | bid=4342.529 | ask=4342.789 | tick_ok=True | xau_open=True | current_symbol=XAUUSDm | startup=False
[2026-09-18 05:09:23] SYMBOL_CHECK | XAUUSDm trade_mode=4 xau_open=True | trade_mode=4 | tick_time=1789682963 | bid=4342.214 | ask=4342.474 | tick_ok=True | xau_open=True | current_symbol=XAUUSDm | startup=False
[2026-09-18 05:10:22] SYMBOL_CHECK | XAUUSDm trade_mode=4 xau_open=True | trade_mode=4 | tick_time=1789683022 | bid=4342.624 | ask=4342.884 | tick_ok=True | xau_open=True | current_symbol=XAUUSDm | startup=False
[2026-09-18 05:10:22] DEMO_PORTFOLIO_SCAN | XAUUSDm open active=LTS_AUS2
[2026-09-18 05:10:22] DEMO_PORTFOLIO_SCAN | XAUUSDm done active=LTS_AUS2
[2026-09-18 05:11:20] SYMBOL_CHECK | XAUUSDm trade_mode=4 xau_open=True | trade_mode=4 | tick_time=1789683080 | bid=4342.345 | ask=4342.605 | tick_ok=True | xau_open=True | current_symbol=XAUUSDm | startup=False
[2026-09-18 05:12:23] SYMBOL_CHECK | XAUUSDm trade_mode=4 xau_open=True | trade_mode=4 | tick_time=1789683143 | bid=4342.95 | ask=4343.21 | tick_ok=True | xau_open=True | current_symbol=XAUUSDm | startup=False
[2026-09-18 05:13:23] SYMBOL_CHECK | XAUUSDm trade_mode=4 xau_open=True | trade_mode=4 | tick_time=1789683203 | bid=4344.576 | ask=4344.836 | tick_ok=True | xau_open=True | current_symbol=XAUUSDm | startup=False
[2026-09-18 05:14:23] SYMBOL_CHECK | XAUUSDm trade_mode=4 xau_open=True | trade_mode=4 | tick_time=1789683263 | bid=4344.418 | ask=4344.678 | tick_ok=True | xau_open=True | current_symbol=XAUUSDm | startup=False
[2026-09-18 05:15:20] SYMBOL_CHECK | XAUUSDm trade_mode=4 xau_open=True | trade_mode=4 | tick_time=1789683320 | bid=4344.48 | ask=4344.74 | tick_ok=True | xau_open=True | current_symbol=XAUUSDm | startup=False
[2026-09-18 05:15:20] DEMO_PORTFOLIO_SCAN | XAUUSDm open active=LTS_AUS2
[2026-09-18 05:15:20] DEMO_PORTFOLIO_SCAN | XAUUSDm done active=LTS_AUS2
[2026-09-18 05:16:23] SYMBOL_CHECK | XAUUSDm trade_mode=4 xau_open=True | trade_mode=4 | tick_time=1789683383 | bid=4344.536 | ask=4344.796 | tick_ok=True | xau_open=True | current_symbol=XAUUSDm | startup=False
[2026-09-18 05:17:23] SYMBOL_CHECK | XAUUSDm trade_mode=4 xau_open=True | trade_mode=4 | tick_time=1789683443 | bid=4344.5 | ask=4344.76 | tick_ok=True | xau_open=True | current_symbol=XAUUSDm | startup=False
[2026-09-18 05:18:23] SYMBOL_CHECK | XAUUSDm trade_mode=4 xau_open=True | trade_mode=4 | tick_time=1789683503 | bid=4342.218 | ask=4342.478 | tick_ok=True | xau_open=True | current_symbol=XAUUSDm | startup=False
[2026-09-18 05:19:17] SYMBOL_CHECK | XAUUSDm trade_mode=4 xau_open=True | trade_mode=4 | tick_time=1789683557 | bid=4342.333 | ask=4342.593 | tick_ok=True | xau_open=True | current_symbol=XAUUSDm | startup=False
[2026-09-18 05:20:22] SYMBOL_CHECK | XAUUSDm trade_mode=4 xau_open=True | trade_mode=4 | tick_time=1789683622 | bid=4341.657 | ask=4341.917 | tick_ok=True | xau_open=True | current_symbol=XAUUSDm | startup=False
[2026-09-18 05:20:22] DEMO_PORTFOLIO_SCAN | XAUUSDm open active=LTS_AUS2
[2026-09-18 05:20:22] DEMO_PORTFOLIO_SCAN | XAUUSDm done active=LTS_AUS2
[2026-09-18 05:21:22] SYMBOL_CHECK | XAUUSDm trade_mode=4 xau_open=True | trade_mode=4 | tick_time=1789683682 | bid=4342.97 | ask=4343.23 | tick_ok=True | xau_open=True | current_symbol=XAUUSDm | startup=False
[2026-09-18 05:22:23] SYMBOL_CHECK | XAUUSDm trade_mode=4 xau_open=True | trade_mode=4 | tick_time=1789683743 | bid=4342.754 | ask=4343.014 | tick_ok=True | xau_open=True | current_symbol=XAUUSDm | startup=False
[2026-09-18 05:23:23] SYMBOL_CHECK | XAUUSDm trade_mode=4 xau_open=True | trade_mode=4 | tick_time=1789683803 | bid=4343.344 | ask=4343.604 | tick_ok=True | xau_open=True | current_symbol=XAUUSDm | startup=False
[2026-09-18 05:24:22] SYMBOL_CHECK | XAUUSDm trade_mode=4 xau_open=True | trade_mode=4 | tick_time=1789683862 | bid=4342.757 | ask=4343.017 | tick_ok=True | xau_open=True | current_symbol=XAUUSDm | startup=False
[2026-09-18 05:25:22] SYMBOL_CHECK | XAUUSDm trade_mode=4 xau_open=True | trade_mode=4 | tick_time=1789683922 | bid=4343.043 | ask=4343.303 | tick_ok=True | xau_open=True | current_symbol=XAUUSDm | startup=False
[2026-09-18 05:25:22] DEMO_PORTFOLIO_SCAN | XAUUSDm open active=LTS_AUS2
[2026-09-18 05:25:22] DEMO_PORTFOLIO_SCAN | XAUUSDm done active=LTS_AUS2
[2026-09-18 05:26:23] SYMBOL_CHECK | XAUUSDm trade_mode=4 xau_open=True | trade_mode=4 | tick_time=1789683983 | bid=4342.685 | ask=4342.945 | tick_ok=True | xau_open=True | current_symbol=XAUUSDm | startup=False
[2026-09-18 05:27:22] SYMBOL_CHECK | XAUUSDm trade_mode=4 xau_open=True | trade_mode=4 | tick_time=1789684042 | bid=4342.356 | ask=4342.616 | tick_ok=True | xau_open=True | current_symbol=XAUUSDm | startup=False
[2026-09-18 05:28:23] SYMBOL_CHECK | XAUUSDm trade_mode=4 xau_open=True | trade_mode=4 | tick_time=1789684103 | bid=4342.802 | ask=4343.062 | tick_ok=True | xau_open=True | current_symbol=XAUUSDm | startup=False
[2026-09-18 05:29:23] SYMBOL_CHECK | XAUUSDm trade_mode=4 xau_open=True | trade_mode=4 | tick_time=1789684163 | bid=4344.539 | ask=4344.799 | tick_ok=True | xau_open=True | current_symbol=XAUUSDm | startup=False
[2026-09-18 05:30:23] SYMBOL_CHECK | XAUUSDm trade_mode=4 xau_open=True | trade_mode=4 | tick_time=1789684223 | bid=4344.934 | ask=4345.194 | tick_ok=True | xau_open=True | current_symbol=XAUUSDm | startup=False
[2026-09-18 05:30:23] DEMO_PORTFOLIO_SCAN | XAUUSDm open active=LTS_AUS2
[2026-09-18 05:30:23] DEMO_PORTFOLIO_PENDING_ARM | LTS_AUS2_648 BUY entry=4344.993 sl=4308.712571428571 tp=4399.413642857144 lot=0.22 expires=5bars
[2026-09-18 05:30:23] DEMO_PORTFOLIO_PENDING_ARM | LTS_AUS2_649 SELL entry=4344.993 sl=4399.413642857144 tp=4308.712571428571 lot=0.35 expires=5bars
[2026-09-18 05:30:23] DEMO_PORTFOLIO_SCAN | XAUUSDm done active=LTS_AUS2
[2026-09-18 05:31:23] SYMBOL_CHECK | XAUUSDm trade_mode=4 xau_open=True | trade_mode=4 | tick_time=1789684283 | bid=4346.018 | ask=4346.278 | tick_ok=True | xau_open=True | current_symbol=XAUUSDm | startup=False
[2026-09-18 05:32:23] SYMBOL_CHECK | XAUUSDm trade_mode=4 xau_open=True | trade_mode=4 | tick_time=1789684343 | bid=4347.406 | ask=4347.666 | tick_ok=True | xau_open=True | current_symbol=XAUUSDm | startup=False
[2026-09-18 05:33:23] SYMBOL_CHECK | XAUUSDm trade_mode=4 xau_open=True | trade_mode=4 | tick_time=1789684403 | bid=4347.121 | ask=4347.381 | tick_ok=True | xau_open=True | current_symbol=XAUUSDm | startup=False
[2026-09-18 05:34:23] SYMBOL_CHECK | XAUUSDm trade_mode=4 xau_open=True | trade_mode=4 | tick_time=1789684463 | bid=4346.968 | ask=4347.228 | tick_ok=True | xau_open=True | current_symbol=XAUUSDm | startup=False
[2026-09-18 05:35:23] SYMBOL_CHECK | XAUUSDm trade_mode=4 xau_open=True | trade_mode=4 | tick_time=1789684523 | bid=4348.162 | ask=4348.422 | tick_ok=True | xau_open=True | current_symbol=XAUUSDm | startup=False
[2026-09-18 05:35:23] DEMO_PORTFOLIO_SCAN | XAUUSDm open active=LTS_AUS2
[2026-09-18 05:35:23] DEMO_PORTFOLIO_PENDING_FILL | LTS_AUS2_649 SELL lot=0.35 entry=4344.993 sl=4399.413642857144 tp=4308.712571428571 success=True ticket=3840255322 err=None
[2026-09-18 05:35:23] DEMO_PORTFOLIO_SCAN | XAUUSDm done active=LTS_AUS2
[2026-09-18 05:35:24] TG_SENT | [AF SIGNAL] *💎✨ Avengers Ultra Safe v2* | Leg: `LTS_AUS2_649 INVERSE_S97_M30` | SELL @ pending-fill market lot `0.35` | Entry `4344.99` SL `4399.41` TP `4308.71` | Ticket: `3840255322`
[2026-09-18 05:36:23] SYMBOL_CHECK | XAUUSDm trade_mode=4 xau_open=True | trade_mode=4 | tick_time=1789684583 | bid=4349.004 | ask=4349.264 | tick_ok=True | xau_open=True | current_symbol=XAUUSDm | startup=False
[2026-09-18 05:37:22] SYMBOL_CHECK | XAUUSDm trade_mode=4 xau_open=True | trade_mode=4 | tick_time=1789684642 | bid=4348.894 | ask=4349.154 | tick_ok=True | xau_open=True | current_symbol=XAUUSDm | startup=False
[2026-09-18 05:38:22] SYMBOL_CHECK | XAUUSDm trade_mode=4 xau_open=True | trade_mode=4 | tick_time=1789684702 | bid=4348.134 | ask=4348.394 | tick_ok=True | xau_open=True | current_symbol=XAUUSDm | startup=False
[2026-09-18 05:39:23] SYMBOL_CHECK | XAUUSDm trade_mode=4 xau_open=True | trade_mode=4 | tick_time=1789684763 | bid=4349.033 | ask=4349.293 | tick_ok=True | xau_open=True | current_symbol=XAUUSDm | startup=False
[2026-09-18 05:40:23] SYMBOL_CHECK | XAUUSDm trade_mode=4 xau_open=True | trade_mode=4 | tick_time=1789684823 | bid=4348.798 | ask=4349.058 | tick_ok=True | xau_open=True | current_symbol=XAUUSDm | startup=False
[2026-09-18 05:40:23] DEMO_PORTFOLIO_SCAN | XAUUSDm open active=LTS_AUS2
[2026-09-18 05:40:23] DEMO_PORTFOLIO_SCAN | XAUUSDm done active=LTS_AUS2
[2026-09-18 05:41:23] SYMBOL_CHECK | XAUUSDm trade_mode=4 xau_open=True | trade_mode=4 | tick_time=1789684883 | bid=4347.675 | ask=4347.935 | tick_ok=True | xau_open=True | current_symbol=XAUUSDm | startup=False
[2026-09-18 05:42:22] SYMBOL_CHECK | XAUUSDm trade_mode=4 xau_open=True | trade_mode=4 | tick_time=1789684941 | bid=4347.851 | ask=4348.111 | tick_ok=True | xau_open=True | current_symbol=XAUUSDm | startup=False
[2026-09-18 05:43:22] SYMBOL_CHECK | XAUUSDm trade_mode=4 xau_open=True | trade_mode=4 | tick_time=1789685001 | bid=4346.128 | ask=4346.388 | tick_ok=True | xau_open=True | current_symbol=XAUUSDm | startup=False
[2026-09-18 05:44:21] SYMBOL_CHECK | XAUUSDm trade_mode=4 xau_open=True | trade_mode=4 | tick_time=1789685061 | bid=4345.215 | ask=4345.475 | tick_ok=True | xau_open=True | current_symbol=XAUUSDm | startup=False
[2026-09-18 05:45:23] SYMBOL_CHECK | XAUUSDm trade_mode=4 xau_open=True | trade_mode=4 | tick_time=1789685123 | bid=4344.838 | ask=4345.098 | tick_ok=True | xau_open=True | current_symbol=XAUUSDm | startup=False
[2026-09-18 05:45:23] DEMO_PORTFOLIO_SCAN | XAUUSDm open active=LTS_AUS2
[2026-09-18 05:45:23] DEMO_PORTFOLIO_SCAN | XAUUSDm done active=LTS_AUS2
[2026-09-18 05:46:22] SYMBOL_CHECK | XAUUSDm trade_mode=4 xau_open=True | trade_mode=4 | tick_time=1789685183 | bid=4344.618 | ask=4344.878 | tick_ok=True | xau_open=True | current_symbol=XAUUSDm | startup=False
[2026-09-18 05:47:22] SYMBOL_CHECK | XAUUSDm trade_mode=4 xau_open=True | trade_mode=4 | tick_time=1789685243 | bid=4343.544 | ask=4343.804 | tick_ok=True | xau_open=True | current_symbol=XAUUSDm | startup=False
[2026-09-18 05:48:23] SYMBOL_CHECK | XAUUSDm trade_mode=4 xau_open=True | trade_mode=4 | tick_time=1789685303 | bid=4343.976 | ask=4344.236 | tick_ok=True | xau_open=True | current_symbol=XAUUSDm | startup=False
[2026-09-18 05:49:22] SYMBOL_CHECK | XAUUSDm trade_mode=4 xau_open=True | trade_mode=4 | tick_time=1789685362 | bid=4342.847 | ask=4343.107 | tick_ok=True | xau_open=True | current_symbol=XAUUSDm | startup=False
[2026-09-18 05:50:23] SYMBOL_CHECK | XAUUSDm trade_mode=4 xau_open=True | trade_mode=4 | tick_time=1789685421 | bid=4342.838 | ask=4343.098 | tick_ok=True | xau_open=True | current_symbol=XAUUSDm | startup=False
[2026-09-18 05:50:23] DEMO_PORTFOLIO_SCAN | XAUUSDm open active=LTS_AUS2
[2026-09-18 05:50:23] DEMO_PORTFOLIO_PENDING_FILL | LTS_AUS2_648 BUY lot=0.22 entry=4344.993 sl=4308.712571428571 tp=4399.413642857144 success=True ticket=3840283412 err=None
[2026-09-18 05:50:23] DEMO_PORTFOLIO_SCAN | XAUUSDm done active=LTS_AUS2
[2026-09-18 05:50:24] TG_SENT | [AF SIGNAL] *💎✨ Avengers Ultra Safe v2* | Leg: `LTS_AUS2_648 DIRECT_S97_M30` | BUY @ pending-fill market lot `0.22` | Entry `4344.99` SL `4308.71` TP `4399.41` | Ticket: `3840283412`
[2026-09-18 05:51:23] SYMBOL_CHECK | XAUUSDm trade_mode=4 xau_open=True | trade_mode=4 | tick_time=1789685482 | bid=4342.508 | ask=4342.768 | tick_ok=True | xau_open=True | current_symbol=XAUUSDm | startup=False
[2026-09-18 05:52:23] SYMBOL_CHECK | XAUUSDm trade_mode=4 xau_open=True | trade_mode=4 | tick_time=1789685543 | bid=4341.88 | ask=4342.14 | tick_ok=True | xau_open=True | current_symbol=XAUUSDm | startup=False
[2026-09-18 05:53:22] SYMBOL_CHECK | XAUUSDm trade_mode=4 xau_open=True | trade_mode=4 | tick_time=1789685602 | bid=4342.775 | ask=4343.035 | tick_ok=True | xau_open=True | current_symbol=XAUUSDm | startup=False
[2026-09-18 05:54:22] SYMBOL_CHECK | XAUUSDm trade_mode=4 xau_open=True | trade_mode=4 | tick_time=1789685663 | bid=4343.582 | ask=4343.842 | tick_ok=True | xau_open=True | current_symbol=XAUUSDm | startup=False
[2026-09-18 05:55:22] SYMBOL_CHECK | XAUUSDm trade_mode=4 xau_open=True | trade_mode=4 | tick_time=1789685723 | bid=4343.736 | ask=4343.996 | tick_ok=True | xau_open=True | current_symbol=XAUUSDm | startup=False
[2026-09-18 05:55:22] DEMO_PORTFOLIO_SCAN | XAUUSDm open active=LTS_AUS2
[2026-09-18 05:55:22] DEMO_PORTFOLIO_SCAN | XAUUSDm done active=LTS_AUS2
[2026-09-18 05:56:22] SYMBOL_CHECK | XAUUSDm trade_mode=4 xau_open=True | trade_mode=4 | tick_time=1789685783 | bid=4344.671 | ask=4344.931 | tick_ok=True | xau_open=True | current_symbol=XAUUSDm | startup=False
[2026-09-18 05:57:21] SYMBOL_CHECK | XAUUSDm trade_mode=4 xau_open=True | trade_mode=4 | tick_time=1789685842 | bid=4343.908 | ask=4344.168 | tick_ok=True | xau_open=True | current_symbol=XAUUSDm | startup=False
[2026-09-18 05:58:22] SYMBOL_CHECK | XAUUSDm trade_mode=4 xau_open=True | trade_mode=4 | tick_time=1789685902 | bid=4344.214 | ask=4344.474 | tick_ok=True | xau_open=True | current_symbol=XAUUSDm | startup=False
[2026-09-18 05:59:22] SYMBOL_CHECK | XAUUSDm trade_mode=4 xau_open=True | trade_mode=4 | tick_time=1789685963 | bid=4343.646 | ask=4343.906 | tick_ok=True | xau_open=True | current_symbol=XAUUSDm | startup=False
[2026-09-18 06:00:23] SYMBOL_CHECK | XAUUSDm trade_mode=4 xau_open=True | trade_mode=4 | tick_time=1789686023 | bid=4343.477 | ask=4343.737 | tick_ok=True | xau_open=True | current_symbol=XAUUSDm | startup=False
[2026-09-18 06:00:23] DEMO_PORTFOLIO_SCAN | XAUUSDm open active=LTS_AUS2
[2026-09-18 06:00:23] DEMO_PORTFOLIO_PENDING_ARM | LTS_AUS2_652 BUY entry=4344.421 sl=4304.866642857143 tp=4423.529714285714 lot=0.06 expires=5bars
[2026-09-18 06:00:23] DEMO_PORTFOLIO_PENDING_FILL | LTS_AUS2_652 BUY lot=0.06 entry=4344.421 sl=4304.866642857143 tp=4423.529714285714 success=True ticket=3840303329 err=None
[2026-09-18 06:00:23] DEMO_PORTFOLIO_PENDING_ARM | LTS_AUS2_653 SELL entry=4344.421 sl=4423.529714285714 tp=4304.866642857143 lot=0.01 expires=5bars
[2026-09-18 06:00:23] DEMO_PORTFOLIO_SCAN | XAUUSDm done active=LTS_AUS2
[2026-09-18 06:00:24] TG_SENT | [AF SIGNAL] *💎✨ Avengers Ultra Safe v2* | Leg: `LTS_AUS2_652 DIRECT_S96_H1` | BUY @ pending-fill market lot `0.06` | Entry `4344.42` SL `4304.87` TP `4423.53` | Ticket: `3840303329`
[2026-09-18 06:01:23] SYMBOL_CHECK | XAUUSDm trade_mode=4 xau_open=True | trade_mode=4 | tick_time=1789686082 | bid=4342.448 | ask=4342.708 | tick_ok=True | xau_open=True | current_symbol=XAUUSDm | startup=False
[2026-09-18 06:02:22] SYMBOL_CHECK | XAUUSDm trade_mode=4 xau_open=True | trade_mode=4 | tick_time=1789686142 | bid=4343.075 | ask=4343.335 | tick_ok=True | xau_open=True | current_symbol=XAUUSDm | startup=False
[2026-09-18 06:03:22] SYMBOL_CHECK | XAUUSDm trade_mode=4 xau_open=True | trade_mode=4 | tick_time=1789686203 | bid=4344.071 | ask=4344.331 | tick_ok=True | xau_open=True | current_symbol=XAUUSDm | startup=False
[2026-09-18 06:04:21] SYMBOL_CHECK | XAUUSDm trade_mode=4 xau_open=True | trade_mode=4 | tick_time=1789686263 | bid=4344.088 | ask=4344.348 | tick_ok=True | xau_open=True | current_symbol=XAUUSDm | startup=False
[2026-09-18 06:05:23] SYMBOL_CHECK | XAUUSDm trade_mode=4 xau_open=True | trade_mode=4 | tick_time=1789686322 | bid=4342.832 | ask=4343.092 | tick_ok=True | xau_open=True | current_symbol=XAUUSDm | startup=False
[2026-09-18 06:05:23] DEMO_PORTFOLIO_SCAN | XAUUSDm open active=LTS_AUS2
[2026-09-18 06:05:23] DEMO_PORTFOLIO_SCAN | XAUUSDm done active=LTS_AUS2
[2026-09-18 06:06:22] SYMBOL_CHECK | XAUUSDm trade_mode=4 xau_open=True | trade_mode=4 | tick_time=1789686383 | bid=4340.887 | ask=4341.147 | tick_ok=True | xau_open=True | current_symbol=XAUUSDm | startup=False
[2026-09-18 06:07:23] SYMBOL_CHECK | XAUUSDm trade_mode=4 xau_open=True | trade_mode=4 | tick_time=1789686442 | bid=4343.657 | ask=4343.917 | tick_ok=True | xau_open=True | current_symbol=XAUUSDm | startup=False
[2026-09-18 06:08:23] SYMBOL_CHECK | XAUUSDm trade_mode=4 xau_open=True | trade_mode=4 | tick_time=1789686503 | bid=4344.317 | ask=4344.577 | tick_ok=True | xau_open=True | current_symbol=XAUUSDm | startup=False
[2026-09-18 06:09:22] SYMBOL_CHECK | XAUUSDm trade_mode=4 xau_open=True | trade_mode=4 | tick_time=1789686563 | bid=4343.83 | ask=4344.09 | tick_ok=True | xau_open=True | current_symbol=XAUUSDm | startup=False
[2026-09-18 06:10:22] SYMBOL_CHECK | XAUUSDm trade_mode=4 xau_open=True | trade_mode=4 | tick_time=1789686620 | bid=4344.539 | ask=4344.799 | tick_ok=True | xau_open=True | current_symbol=XAUUSDm | startup=False
[2026-09-18 06:10:22] DEMO_PORTFOLIO_SCAN | XAUUSDm open active=LTS_AUS2
[2026-09-18 06:10:22] DEMO_PORTFOLIO_SCAN | XAUUSDm done active=LTS_AUS2
[2026-09-18 06:11:22] SYMBOL_CHECK | XAUUSDm trade_mode=4 xau_open=True | trade_mode=4 | tick_time=1789686682 | bid=4345.64 | ask=4345.9 | tick_ok=True | xau_open=True | current_symbol=XAUUSDm | startup=False
[2026-09-18 06:12:23] SYMBOL_CHECK | XAUUSDm trade_mode=4 xau_open=True | trade_mode=4 | tick_time=1789686743 | bid=4344.766 | ask=4345.026 | tick_ok=True | xau_open=True | current_symbol=XAUUSDm | startup=False
[2026-09-18 06:13:22] SYMBOL_CHECK | XAUUSDm trade_mode=4 xau_open=True | trade_mode=4 | tick_time=1789686802 | bid=4345.069 | ask=4345.329 | tick_ok=True | xau_open=True | current_symbol=XAUUSDm | startup=False
[2026-09-18 06:14:23] SYMBOL_CHECK | XAUUSDm trade_mode=4 xau_open=True | trade_mode=4 | tick_time=1789686863 | bid=4345.198 | ask=4345.458 | tick_ok=True | xau_open=True | current_symbol=XAUUSDm | startup=False
[2026-09-18 06:15:23] SYMBOL_CHECK | XAUUSDm trade_mode=4 xau_open=True | trade_mode=4 | tick_time=1789686922 | bid=4345.125 | ask=4345.385 | tick_ok=True | xau_open=True | current_symbol=XAUUSDm | startup=False
[2026-09-18 06:15:23] DEMO_PORTFOLIO_SCAN | XAUUSDm open active=LTS_AUS2
[2026-09-18 06:15:23] DEMO_PORTFOLIO_PENDING_FILL | LTS_AUS2_653 SELL lot=0.01 entry=4344.421 sl=4423.529714285714 tp=4304.866642857143 success=True ticket=3840336160 err=None
[2026-09-18 06:15:23] DEMO_PORTFOLIO_SCAN | XAUUSDm done active=LTS_AUS2
[2026-09-18 06:15:24] TG_SENT | [AF SIGNAL] *💎✨ Avengers Ultra Safe v2* | Leg: `LTS_AUS2_653 INVERSE_S96_H1` | SELL @ pending-fill market lot `0.01` | Entry `4344.42` SL `4423.53` TP `4304.87` | Ticket: `3840336160`
[2026-09-18 06:16:22] SYMBOL_CHECK | XAUUSDm trade_mode=4 xau_open=True | trade_mode=4 | tick_time=1789686983 | bid=4343.964 | ask=4344.224 | tick_ok=True | xau_open=True | current_symbol=XAUUSDm | startup=False
[2026-09-18 06:17:21] SYMBOL_CHECK | XAUUSDm trade_mode=4 xau_open=True | trade_mode=4 | tick_time=1789687043 | bid=4342.593 | ask=4342.853 | tick_ok=True | xau_open=True | current_symbol=XAUUSDm | startup=False
[2026-09-18 06:18:22] SYMBOL_CHECK | XAUUSDm trade_mode=4 xau_open=True | trade_mode=4 | tick_time=1789687102 | bid=4344.241 | ask=4344.501 | tick_ok=True | xau_open=True | current_symbol=XAUUSDm | startup=False
[2026-09-18 06:19:21] SYMBOL_CHECK | XAUUSDm trade_mode=4 xau_open=True | trade_mode=4 | tick_time=1789687162 | bid=4344.344 | ask=4344.604 | tick_ok=True | xau_open=True | current_symbol=XAUUSDm | startup=False
[2026-09-18 06:20:22] SYMBOL_CHECK | XAUUSDm trade_mode=4 xau_open=True | trade_mode=4 | tick_time=1789687222 | bid=4344.613 | ask=4344.873 | tick_ok=True | xau_open=True | current_symbol=XAUUSDm | startup=False
[2026-09-18 06:20:22] DEMO_PORTFOLIO_SCAN | XAUUSDm open active=LTS_AUS2
[2026-09-18 06:20:22] DEMO_PORTFOLIO_SCAN | XAUUSDm done active=LTS_AUS2
[2026-09-18 06:21:22] SYMBOL_CHECK | XAUUSDm trade_mode=4 xau_open=True | trade_mode=4 | tick_time=1789687283 | bid=4346.143 | ask=4346.403 | tick_ok=True | xau_open=True | current_symbol=XAUUSDm | startup=False
[2026-09-18 06:22:22] SYMBOL_CHECK | XAUUSDm trade_mode=4 xau_open=True | trade_mode=4 | tick_time=1789687343 | bid=4347.178 | ask=4347.438 | tick_ok=True | xau_open=True | current_symbol=XAUUSDm | startup=False
[2026-09-18 06:23:23] SYMBOL_CHECK | XAUUSDm trade_mode=4 xau_open=True | trade_mode=4 | tick_time=1789687402 | bid=4346.463 | ask=4346.723 | tick_ok=True | xau_open=True | current_symbol=XAUUSDm | startup=False
[2026-09-18 06:24:23] SYMBOL_CHECK | XAUUSDm trade_mode=4 xau_open=True | trade_mode=4 | tick_time=1789687462 | bid=4346.548 | ask=4346.808 | tick_ok=True | xau_open=True | current_symbol=XAUUSDm | startup=False
[2026-09-18 06:25:23] SYMBOL_CHECK | XAUUSDm trade_mode=4 xau_open=True | trade_mode=4 | tick_time=1789687523 | bid=4346.826 | ask=4347.086 | tick_ok=True | xau_open=True | current_symbol=XAUUSDm | startup=False
[2026-09-18 06:25:23] DEMO_PORTFOLIO_SCAN | XAUUSDm open active=LTS_AUS2
[2026-09-18 06:25:23] DEMO_PORTFOLIO_SCAN | XAUUSDm done active=LTS_AUS2
[2026-09-18 06:26:23] SYMBOL_CHECK | XAUUSDm trade_mode=4 xau_open=True | trade_mode=4 | tick_time=1789687583 | bid=4343.804 | ask=4344.064 | tick_ok=True | xau_open=True | current_symbol=XAUUSDm | startup=False
[2026-09-18 06:27:22] SYMBOL_CHECK | XAUUSDm trade_mode=4 xau_open=True | trade_mode=4 | tick_time=1789687643 | bid=4343.752 | ask=4344.012 | tick_ok=True | xau_open=True | current_symbol=XAUUSDm | startup=False
[2026-09-18 06:28:21] SYMBOL_CHECK | XAUUSDm trade_mode=4 xau_open=True | trade_mode=4 | tick_time=1789687700 | bid=4344.639 | ask=4344.899 | tick_ok=True | xau_open=True | current_symbol=XAUUSDm | startup=False
[2026-09-18 06:29:17] SYMBOL_CHECK | XAUUSDm trade_mode=4 xau_open=True | trade_mode=4 | tick_time=1789687763 | bid=4344.562 | ask=4344.822 | tick_ok=True | xau_open=True | current_symbol=XAUUSDm | startup=False
[2026-09-18 06:30:23] SYMBOL_CHECK | XAUUSDm trade_mode=4 xau_open=True | trade_mode=4 | tick_time=1789687823 | bid=4343.64 | ask=4343.9 | tick_ok=True | xau_open=True | current_symbol=XAUUSDm | startup=False
[2026-09-18 06:30:23] DEMO_PORTFOLIO_SCAN | XAUUSDm open active=LTS_AUS2
[2026-09-18 06:30:23] DEMO_PORTFOLIO_SCAN | XAUUSDm done active=LTS_AUS2
[2026-09-18 06:31:22] SYMBOL_CHECK | XAUUSDm trade_mode=4 xau_open=True | trade_mode=4 | tick_time=1789687882 | bid=4344.706 | ask=4344.966 | tick_ok=True | xau_open=True | current_symbol=XAUUSDm | startup=False
[2026-09-18 06:32:22] SYMBOL_CHECK | XAUUSDm trade_mode=4 xau_open=True | trade_mode=4 | tick_time=1789687942 | bid=4343.848 | ask=4344.108 | tick_ok=True | xau_open=True | current_symbol=XAUUSDm | startup=False
[2026-09-18 06:33:23] SYMBOL_CHECK | XAUUSDm trade_mode=4 xau_open=True | trade_mode=4 | tick_time=1789688003 | bid=4343.847 | ask=4344.107 | tick_ok=True | xau_open=True | current_symbol=XAUUSDm | startup=False
[2026-09-18 06:34:23] SYMBOL_CHECK | XAUUSDm trade_mode=4 xau_open=True | trade_mode=4 | tick_time=1789688063 | bid=4344.516 | ask=4344.776 | tick_ok=True | xau_open=True | current_symbol=XAUUSDm | startup=False
[2026-09-18 06:35:22] SYMBOL_CHECK | XAUUSDm trade_mode=4 xau_open=True | trade_mode=4 | tick_time=1789688122 | bid=4344.766 | ask=4345.026 | tick_ok=True | xau_open=True | current_symbol=XAUUSDm | startup=False
[2026-09-18 06:35:22] DEMO_PORTFOLIO_SCAN | XAUUSDm open active=LTS_AUS2
[2026-09-18 06:35:22] DEMO_PORTFOLIO_SCAN | XAUUSDm done active=LTS_AUS2
[2026-09-18 06:36:22] SYMBOL_CHECK | XAUUSDm trade_mode=4 xau_open=True | trade_mode=4 | tick_time=1789688183 | bid=4344.152 | ask=4344.412 | tick_ok=True | xau_open=True | current_symbol=XAUUSDm | startup=False
[2026-09-18 06:37:21] SYMBOL_CHECK | XAUUSDm trade_mode=4 xau_open=True | trade_mode=4 | tick_time=1789688242 | bid=4343.948 | ask=4344.208 | tick_ok=True | xau_open=True | current_symbol=XAUUSDm | startup=False
[2026-09-18 06:38:23] SYMBOL_CHECK | XAUUSDm trade_mode=4 xau_open=True | trade_mode=4 | tick_time=1789688302 | bid=4344.098 | ask=4344.358 | tick_ok=True | xau_open=True | current_symbol=XAUUSDm | startup=False
[2026-09-18 06:39:22] SYMBOL_CHECK | XAUUSDm trade_mode=4 xau_open=True | trade_mode=4 | tick_time=1789688362 | bid=4343.962 | ask=4344.222 | tick_ok=True | xau_open=True | current_symbol=XAUUSDm | startup=False
[2026-09-18 06:40:23] SYMBOL_CHECK | XAUUSDm trade_mode=4 xau_open=True | trade_mode=4 | tick_time=1789688423 | bid=4343.978 | ask=4344.238 | tick_ok=True | xau_open=True | current_symbol=XAUUSDm | startup=False
[2026-09-18 06:40:23] DEMO_PORTFOLIO_SCAN | XAUUSDm open active=LTS_AUS2
[2026-09-18 06:40:23] DEMO_PORTFOLIO_SCAN | XAUUSDm done active=LTS_AUS2
[2026-09-18 06:41:22] SYMBOL_CHECK | XAUUSDm trade_mode=4 xau_open=True | trade_mode=4 | tick_time=1789688483 | bid=4344.446 | ask=4344.706 | tick_ok=True | xau_open=True | current_symbol=XAUUSDm | startup=False
[2026-09-18 06:42:23] SYMBOL_CHECK | XAUUSDm trade_mode=4 xau_open=True | trade_mode=4 | tick_time=1789688542 | bid=4343.936 | ask=4344.196 | tick_ok=True | xau_open=True | current_symbol=XAUUSDm | startup=False
[2026-09-18 06:43:22] SYMBOL_CHECK | XAUUSDm trade_mode=4 xau_open=True | trade_mode=4 | tick_time=1789688601 | bid=4343.915 | ask=4344.175 | tick_ok=True | xau_open=True | current_symbol=XAUUSDm | startup=False
[2026-09-18 06:44:22] SYMBOL_CHECK | XAUUSDm trade_mode=4 xau_open=True | trade_mode=4 | tick_time=1789688663 | bid=4343.958 | ask=4344.218 | tick_ok=True | xau_open=True | current_symbol=XAUUSDm | startup=False
[2026-09-18 06:45:22] SYMBOL_CHECK | XAUUSDm trade_mode=4 xau_open=True | trade_mode=4 | tick_time=1789688723 | bid=4344.109 | ask=4344.369 | tick_ok=True | xau_open=True | current_symbol=XAUUSDm | startup=False
[2026-09-18 06:45:22] DEMO_PORTFOLIO_SCAN | XAUUSDm open active=LTS_AUS2
[2026-09-18 06:45:22] DEMO_PORTFOLIO_SCAN | XAUUSDm done active=LTS_AUS2
[2026-09-18 06:46:22] SYMBOL_CHECK | XAUUSDm trade_mode=4 xau_open=True | trade_mode=4 | tick_time=1789688783 | bid=4344.527 | ask=4344.787 | tick_ok=True | xau_open=True | current_symbol=XAUUSDm | startup=False
[2026-09-18 06:47:21] SYMBOL_CHECK | XAUUSDm trade_mode=4 xau_open=True | trade_mode=4 | tick_time=1789688842 | bid=4345.118 | ask=4345.378 | tick_ok=True | xau_open=True | current_symbol=XAUUSDm | startup=False
[2026-09-18 06:48:23] SYMBOL_CHECK | XAUUSDm trade_mode=4 xau_open=True | trade_mode=4 | tick_time=1789688903 | bid=4344.882 | ask=4345.142 | tick_ok=True | xau_open=True | current_symbol=XAUUSDm | startup=False
[2026-09-18 06:49:22] SYMBOL_CHECK | XAUUSDm trade_mode=4 xau_open=True | trade_mode=4 | tick_time=1789688962 | bid=4344.885 | ask=4345.145 | tick_ok=True | xau_open=True | current_symbol=XAUUSDm | startup=False
[2026-09-18 06:50:22] SYMBOL_CHECK | XAUUSDm trade_mode=4 xau_open=True | trade_mode=4 | tick_time=1789689023 | bid=4344.574 | ask=4344.814 | tick_ok=True | xau_open=True | current_symbol=XAUUSDm | startup=False
[2026-09-18 06:50:22] DEMO_PORTFOLIO_SCAN | XAUUSDm open active=LTS_AUS2
[2026-09-18 06:50:22] DEMO_PORTFOLIO_SCAN | XAUUSDm done active=LTS_AUS2
[2026-09-18 06:51:23] SYMBOL_CHECK | XAUUSDm trade_mode=4 xau_open=True | trade_mode=4 | tick_time=1789689082 | bid=4345.214 | ask=4345.474 | tick_ok=True | xau_open=True | current_symbol=XAUUSDm | startup=False
[2026-09-18 06:52:23] SYMBOL_CHECK | XAUUSDm trade_mode=4 xau_open=True | trade_mode=4 | tick_time=1789689143 | bid=4344.871 | ask=4345.131 | tick_ok=True | xau_open=True | current_symbol=XAUUSDm | startup=False
[2026-09-18 06:53:22] SYMBOL_CHECK | XAUUSDm trade_mode=4 xau_open=True | trade_mode=4 | tick_time=1789689203 | bid=4346.279 | ask=4346.539 | tick_ok=True | xau_open=True | current_symbol=XAUUSDm | startup=False
[2026-09-18 06:54:22] SYMBOL_CHECK | XAUUSDm trade_mode=4 xau_open=True | trade_mode=4 | tick_time=1789689263 | bid=4347.024 | ask=4347.284 | tick_ok=True | xau_open=True | current_symbol=XAUUSDm | startup=False
[2026-09-18 06:55:23] SYMBOL_CHECK | XAUUSDm trade_mode=4 xau_open=True | trade_mode=4 | tick_time=1789689323 | bid=4348.058 | ask=4348.318 | tick_ok=True | xau_open=True | current_symbol=XAUUSDm | startup=False
[2026-09-18 06:55:23] DEMO_PORTFOLIO_SCAN | XAUUSDm open active=LTS_AUS2
[2026-09-18 06:55:23] DEMO_PORTFOLIO_SCAN | XAUUSDm done active=LTS_AUS2
[2026-09-18 06:56:22] SYMBOL_CHECK | XAUUSDm trade_mode=4 xau_open=True | trade_mode=4 | tick_time=1789689382 | bid=4346.933 | ask=4347.193 | tick_ok=True | xau_open=True | current_symbol=XAUUSDm | startup=False
[2026-09-18 06:57:23] SYMBOL_CHECK | XAUUSDm trade_mode=4 xau_open=True | trade_mode=4 | tick_time=1789689442 | bid=4346.198 | ask=4346.458 | tick_ok=True | xau_open=True | current_symbol=XAUUSDm | startup=False
[2026-09-18 06:58:22] SYMBOL_CHECK | XAUUSDm trade_mode=4 xau_open=True | trade_mode=4 | tick_time=1789689503 | bid=4346.233 | ask=4346.493 | tick_ok=True | xau_open=True | current_symbol=XAUUSDm | startup=False
[2026-09-18 06:59:22] SYMBOL_CHECK | XAUUSDm trade_mode=4 xau_open=True | trade_mode=4 | tick_time=1789689563 | bid=4345.923 | ask=4346.183 | tick_ok=True | xau_open=True | current_symbol=XAUUSDm | startup=False
[2026-09-18 07:00:23] SYMBOL_CHECK | XAUUSDm trade_mode=4 xau_open=True | trade_mode=4 | tick_time=1789689623 | bid=4344.441 | ask=4344.701 | tick_ok=True | xau_open=True | current_symbol=XAUUSDm | startup=False
[2026-09-18 07:00:23] DEMO_PORTFOLIO_SCAN | XAUUSDm open active=LTS_AUS2
[2026-09-18 07:00:23] DEMO_PORTFOLIO_PENDING_ARM | LTS_AUS2_652 BUY entry=4346.397 sl=4298.973857142857 tp=4441.243285714286 lot=0.06 expires=5bars
[2026-09-18 07:00:23] DEMO_PORTFOLIO_PENDING_FILL | LTS_AUS2_652 BUY lot=0.06 entry=4346.397 sl=4298.973857142857 tp=4441.243285714286 success=True ticket=3840424760 err=None
[2026-09-18 07:00:23] DEMO_PORTFOLIO_PENDING_ARM | LTS_AUS2_653 SELL entry=4346.397 sl=4441.243285714286 tp=4298.973857142857 lot=0.01 expires=5bars
[2026-09-18 07:00:23] DEMO_PORTFOLIO_SCAN | XAUUSDm done active=LTS_AUS2
[2026-09-18 07:00:24] TG_SENT | [AF SIGNAL] *💎✨ Avengers Ultra Safe v2* | Leg: `LTS_AUS2_652 DIRECT_S96_H1` | BUY @ pending-fill market lot `0.06` | Entry `4346.40` SL `4298.97` TP `4441.24` | Ticket: `3840424760`
[2026-09-18 07:01:23] SYMBOL_CHECK | XAUUSDm trade_mode=4 xau_open=True | trade_mode=4 | tick_time=1789689683 | bid=4344.469 | ask=4344.729 | tick_ok=True | xau_open=True | current_symbol=XAUUSDm | startup=False
[2026-09-18 07:02:21] SYMBOL_CHECK | XAUUSDm trade_mode=4 xau_open=True | trade_mode=4 | tick_time=1789689743 | bid=4343.082 | ask=4343.342 | tick_ok=True | xau_open=True | current_symbol=XAUUSDm | startup=False
[2026-09-18 07:03:23] SYMBOL_CHECK | XAUUSDm trade_mode=4 xau_open=True | trade_mode=4 | tick_time=1789689803 | bid=4343.688 | ask=4343.948 | tick_ok=True | xau_open=True | current_symbol=XAUUSDm | startup=False
[2026-09-18 07:04:23] SYMBOL_CHECK | XAUUSDm trade_mode=4 xau_open=True | trade_mode=4 | tick_time=1789689863 | bid=4344.746 | ask=4345.006 | tick_ok=True | xau_open=True | current_symbol=XAUUSDm | startup=False
[2026-09-18 07:05:22] SYMBOL_CHECK | XAUUSDm trade_mode=4 xau_open=True | trade_mode=4 | tick_time=1789689923 | bid=4345.347 | ask=4345.607 | tick_ok=True | xau_open=True | current_symbol=XAUUSDm | startup=False
[2026-09-18 07:05:22] DEMO_PORTFOLIO_SCAN | XAUUSDm open active=LTS_AUS2
[2026-09-18 07:05:22] DEMO_PORTFOLIO_SCAN | XAUUSDm done active=LTS_AUS2
[2026-09-18 07:06:23] SYMBOL_CHECK | XAUUSDm trade_mode=4 xau_open=True | trade_mode=4 | tick_time=1789689983 | bid=4344.759 | ask=4345.019 | tick_ok=True | xau_open=True | current_symbol=XAUUSDm | startup=False
[2026-09-18 07:07:21] SYMBOL_CHECK | XAUUSDm trade_mode=4 xau_open=True | trade_mode=4 | tick_time=1789690042 | bid=4345.175 | ask=4345.435 | tick_ok=True | xau_open=True | current_symbol=XAUUSDm | startup=False
[2026-09-18 07:08:22] SYMBOL_CHECK | XAUUSDm trade_mode=4 xau_open=True | trade_mode=4 | tick_time=1789690103 | bid=4345.803 | ask=4346.063 | tick_ok=True | xau_open=True | current_symbol=XAUUSDm | startup=False
[2026-09-18 07:09:23] SYMBOL_CHECK | XAUUSDm trade_mode=4 xau_open=True | trade_mode=4 | tick_time=1789690163 | bid=4346.593 | ask=4346.853 | tick_ok=True | xau_open=True | current_symbol=XAUUSDm | startup=False
[2026-09-18 07:10:22] SYMBOL_CHECK | XAUUSDm trade_mode=4 xau_open=True | trade_mode=4 | tick_time=1789690223 | bid=4346.639 | ask=4346.899 | tick_ok=True | xau_open=True | current_symbol=XAUUSDm | startup=False
[2026-09-18 07:10:22] DEMO_PORTFOLIO_SCAN | XAUUSDm open active=LTS_AUS2
[2026-09-18 07:10:22] DEMO_PORTFOLIO_PENDING_FILL | LTS_AUS2_653 SELL lot=0.01 entry=4346.397 sl=4441.243285714286 tp=4298.973857142857 success=True ticket=3840456631 err=None
[2026-09-18 07:10:22] DEMO_PORTFOLIO_SCAN | XAUUSDm done active=LTS_AUS2
[2026-09-18 07:10:23] TG_SENT | [AF SIGNAL] *💎✨ Avengers Ultra Safe v2* | Leg: `LTS_AUS2_653 INVERSE_S96_H1` | SELL @ pending-fill market lot `0.01` | Entry `4346.40` SL `4441.24` TP `4298.97` | Ticket: `3840456631`
[2026-09-18 07:11:23] SYMBOL_CHECK | XAUUSDm trade_mode=4 xau_open=True | trade_mode=4 | tick_time=1789690283 | bid=4350.684 | ask=4350.944 | tick_ok=True | xau_open=True | current_symbol=XAUUSDm | startup=False
[2026-09-18 07:12:23] SYMBOL_CHECK | XAUUSDm trade_mode=4 xau_open=True | trade_mode=4 | tick_time=1789690343 | bid=4351.217 | ask=4351.477 | tick_ok=True | xau_open=True | current_symbol=XAUUSDm | startup=False
[2026-09-18 07:13:23] SYMBOL_CHECK | XAUUSDm trade_mode=4 xau_open=True | trade_mode=4 | tick_time=1789690403 | bid=4354.14 | ask=4354.4 | tick_ok=True | xau_open=True | current_symbol=XAUUSDm | startup=False
[2026-09-18 07:14:23] SYMBOL_CHECK | XAUUSDm trade_mode=4 xau_open=True | trade_mode=4 | tick_time=1789690461 | bid=4353.298 | ask=4353.558 | tick_ok=True | xau_open=True | current_symbol=XAUUSDm | startup=False
[2026-09-18 07:15:23] SYMBOL_CHECK | XAUUSDm trade_mode=4 xau_open=True | trade_mode=4 | tick_time=1789690523 | bid=4353.319 | ask=4353.579 | tick_ok=True | xau_open=True | current_symbol=XAUUSDm | startup=False
[2026-09-18 07:15:23] DEMO_PORTFOLIO_SCAN | XAUUSDm open active=LTS_AUS2
[2026-09-18 07:15:23] DEMO_PORTFOLIO_SCAN | XAUUSDm done active=LTS_AUS2
[2026-09-18 07:16:23] SYMBOL_CHECK | XAUUSDm trade_mode=4 xau_open=True | trade_mode=4 | tick_time=1789690583 | bid=4354.244 | ask=4354.504 | tick_ok=True | xau_open=True | current_symbol=XAUUSDm | startup=False
[2026-09-18 07:17:22] SYMBOL_CHECK | XAUUSDm trade_mode=4 xau_open=True | trade_mode=4 | tick_time=1789690643 | bid=4353.354 | ask=4353.614 | tick_ok=True | xau_open=True | current_symbol=XAUUSDm | startup=False
[2026-09-18 07:18:23] SYMBOL_CHECK | XAUUSDm trade_mode=4 xau_open=True | trade_mode=4 | tick_time=1789690703 | bid=4353.851 | ask=4354.111 | tick_ok=True | xau_open=True | current_symbol=XAUUSDm | startup=False
[2026-09-18 07:19:23] SYMBOL_CHECK | XAUUSDm trade_mode=4 xau_open=True | trade_mode=4 | tick_time=1789690763 | bid=4353.241 | ask=4353.501 | tick_ok=True | xau_open=True | current_symbol=XAUUSDm | startup=False
[2026-09-18 07:20:23] SYMBOL_CHECK | XAUUSDm trade_mode=4 xau_open=True | trade_mode=4 | tick_time=1789690823 | bid=4353.245 | ask=4353.505 | tick_ok=True | xau_open=True | current_symbol=XAUUSDm | startup=False
[2026-09-18 07:20:23] DEMO_PORTFOLIO_SCAN | XAUUSDm open active=LTS_AUS2
[2026-09-18 07:20:23] DEMO_PORTFOLIO_SCAN | XAUUSDm done active=LTS_AUS2
[2026-09-18 07:21:23] SYMBOL_CHECK | XAUUSDm trade_mode=4 xau_open=True | trade_mode=4 | tick_time=1789690883 | bid=4351.933 | ask=4352.193 | tick_ok=True | xau_open=True | current_symbol=XAUUSDm | startup=False
[2026-09-18 07:22:23] SYMBOL_CHECK | XAUUSDm trade_mode=4 xau_open=True | trade_mode=4 | tick_time=1789690943 | bid=4352.027 | ask=4352.287 | tick_ok=True | xau_open=True | current_symbol=XAUUSDm | startup=False
[2026-09-18 07:23:22] SYMBOL_CHECK | XAUUSDm trade_mode=4 xau_open=True | trade_mode=4 | tick_time=1789691002 | bid=4355.348 | ask=4355.608 | tick_ok=True | xau_open=True | current_symbol=XAUUSDm | startup=False
[2026-09-18 07:24:22] SYMBOL_CHECK | XAUUSDm trade_mode=4 xau_open=True | trade_mode=4 | tick_time=1789691062 | bid=4355.847 | ask=4356.107 | tick_ok=True | xau_open=True | current_symbol=XAUUSDm | startup=False
[2026-09-18 07:25:23] SYMBOL_CHECK | XAUUSDm trade_mode=4 xau_open=True | trade_mode=4 | tick_time=1789691123 | bid=4353.707 | ask=4353.967 | tick_ok=True | xau_open=True | current_symbol=XAUUSDm | startup=False
[2026-09-18 07:25:23] DEMO_PORTFOLIO_SCAN | XAUUSDm open active=LTS_AUS2
[2026-09-18 07:25:23] DEMO_PORTFOLIO_SCAN | XAUUSDm done active=LTS_AUS2
[2026-09-18 07:26:23] SYMBOL_CHECK | XAUUSDm trade_mode=4 xau_open=True | trade_mode=4 | tick_time=1789691183 | bid=4353.429 | ask=4353.689 | tick_ok=True | xau_open=True | current_symbol=XAUUSDm | startup=False
[2026-09-18 07:27:23] SYMBOL_CHECK | XAUUSDm trade_mode=4 xau_open=True | trade_mode=4 | tick_time=1789691243 | bid=4354.231 | ask=4354.491 | tick_ok=True | xau_open=True | current_symbol=XAUUSDm | startup=False
[2026-09-18 07:28:21] SYMBOL_CHECK | XAUUSDm trade_mode=4 xau_open=True | trade_mode=4 | tick_time=1789691303 | bid=4353.982 | ask=4354.242 | tick_ok=True | xau_open=True | current_symbol=XAUUSDm | startup=False
[2026-09-18 07:29:22] SYMBOL_CHECK | XAUUSDm trade_mode=4 xau_open=True | trade_mode=4 | tick_time=1789691363 | bid=4351.446 | ask=4351.706 | tick_ok=True | xau_open=True | current_symbol=XAUUSDm | startup=False
[2026-09-18 07:30:23] SYMBOL_CHECK | XAUUSDm trade_mode=4 xau_open=True | trade_mode=4 | tick_time=1789691423 | bid=4354.992 | ask=4355.252 | tick_ok=True | xau_open=True | current_symbol=XAUUSDm | startup=False
[2026-09-18 07:30:23] DEMO_PORTFOLIO_SCAN | XAUUSDm open active=LTS_AUS2
[2026-09-18 07:30:23] DEMO_PORTFOLIO_SCAN | XAUUSDm done active=LTS_AUS2
[2026-09-18 07:31:22] SYMBOL_CHECK | XAUUSDm trade_mode=4 xau_open=True | trade_mode=4 | tick_time=1789691483 | bid=4357.458 | ask=4357.718 | tick_ok=True | xau_open=True | current_symbol=XAUUSDm | startup=False
[2026-09-18 07:32:23] SYMBOL_CHECK | XAUUSDm trade_mode=4 xau_open=True | trade_mode=4 | tick_time=1789691543 | bid=4358.254 | ask=4358.514 | tick_ok=True | xau_open=True | current_symbol=XAUUSDm | startup=False
[2026-09-18 07:33:22] SYMBOL_CHECK | XAUUSDm trade_mode=4 xau_open=True | trade_mode=4 | tick_time=1789691603 | bid=4359.191 | ask=4359.451 | tick_ok=True | xau_open=True | current_symbol=XAUUSDm | startup=False
[2026-09-18 07:34:23] SYMBOL_CHECK | XAUUSDm trade_mode=4 xau_open=True | trade_mode=4 | tick_time=1789691663 | bid=4358.224 | ask=4358.484 | tick_ok=True | xau_open=True | current_symbol=XAUUSDm | startup=False
[2026-09-18 07:35:21] SYMBOL_CHECK | XAUUSDm trade_mode=4 xau_open=True | trade_mode=4 | tick_time=1789691723 | bid=4358.029 | ask=4358.289 | tick_ok=True | xau_open=True | current_symbol=XAUUSDm | startup=False
[2026-09-18 07:35:23] DEMO_PORTFOLIO_SCAN | XAUUSDm open active=LTS_AUS2
[2026-09-18 07:35:23] DEMO_PORTFOLIO_SCAN | XAUUSDm done active=LTS_AUS2
[2026-09-18 07:36:21] SYMBOL_CHECK | XAUUSDm trade_mode=4 xau_open=True | trade_mode=4 | tick_time=1789691782 | bid=4358.818 | ask=4359.078 | tick_ok=True | xau_open=True | current_symbol=XAUUSDm | startup=False
[2026-09-18 07:37:21] SYMBOL_CHECK | XAUUSDm trade_mode=4 xau_open=True | trade_mode=4 | tick_time=1789691843 | bid=4358.899 | ask=4359.159 | tick_ok=True | xau_open=True | current_symbol=XAUUSDm | startup=False
[2026-09-18 07:38:21] SYMBOL_CHECK | XAUUSDm trade_mode=4 xau_open=True | trade_mode=4 | tick_time=1789691903 | bid=4358.652 | ask=4358.912 | tick_ok=True | xau_open=True | current_symbol=XAUUSDm | startup=False
[2026-09-18 07:39:23] SYMBOL_CHECK | XAUUSDm trade_mode=4 xau_open=True | trade_mode=4 | tick_time=1789691963 | bid=4359.042 | ask=4359.302 | tick_ok=True | xau_open=True | current_symbol=XAUUSDm | startup=False
[2026-09-18 07:40:22] SYMBOL_CHECK | XAUUSDm trade_mode=4 xau_open=True | trade_mode=4 | tick_time=1789692021 | bid=4357.798 | ask=4358.058 | tick_ok=True | xau_open=True | current_symbol=XAUUSDm | startup=False
[2026-09-18 07:40:22] DEMO_PORTFOLIO_SCAN | XAUUSDm open active=LTS_AUS2
[2026-09-18 07:40:22] DEMO_PORTFOLIO_SCAN | XAUUSDm done active=LTS_AUS2
[2026-09-18 07:41:22] SYMBOL_CHECK | XAUUSDm trade_mode=4 xau_open=True | trade_mode=4 | tick_time=1789692083 | bid=4358.004 | ask=4358.264 | tick_ok=True | xau_open=True | current_symbol=XAUUSDm | startup=False
[2026-09-18 07:42:22] SYMBOL_CHECK | XAUUSDm trade_mode=4 xau_open=True | trade_mode=4 | tick_time=1789692143 | bid=4358.09 | ask=4358.35 | tick_ok=True | xau_open=True | current_symbol=XAUUSDm | startup=False
[2026-09-18 07:43:23] SYMBOL_CHECK | XAUUSDm trade_mode=4 xau_open=True | trade_mode=4 | tick_time=1789692203 | bid=4357.844 | ask=4358.104 | tick_ok=True | xau_open=True | current_symbol=XAUUSDm | startup=False
[2026-09-18 07:44:22] SYMBOL_CHECK | XAUUSDm trade_mode=4 xau_open=True | trade_mode=4 | tick_time=1789692263 | bid=4358.394 | ask=4358.654 | tick_ok=True | xau_open=True | current_symbol=XAUUSDm | startup=False
[2026-09-18 07:45:23] SYMBOL_CHECK | XAUUSDm trade_mode=4 xau_open=True | trade_mode=4 | tick_time=1789692323 | bid=4358.796 | ask=4359.056 | tick_ok=True | xau_open=True | current_symbol=XAUUSDm | startup=False
[2026-09-18 07:45:23] DEMO_PORTFOLIO_SCAN | XAUUSDm open active=LTS_AUS2
[2026-09-18 07:45:23] DEMO_PORTFOLIO_SCAN | XAUUSDm done active=LTS_AUS2
[2026-09-18 07:46:23] SYMBOL_CHECK | XAUUSDm trade_mode=4 xau_open=True | trade_mode=4 | tick_time=1789692383 | bid=4356.448 | ask=4356.708 | tick_ok=True | xau_open=True | current_symbol=XAUUSDm | startup=False
[2026-09-18 07:47:23] SYMBOL_CHECK | XAUUSDm trade_mode=4 xau_open=True | trade_mode=4 | tick_time=1789692442 | bid=4356.974 | ask=4357.234 | tick_ok=True | xau_open=True | current_symbol=XAUUSDm | startup=False
[2026-09-18 07:48:23] SYMBOL_CHECK | XAUUSDm trade_mode=4 xau_open=True | trade_mode=4 | tick_time=1789692503 | bid=4353.719 | ask=4353.979 | tick_ok=True | xau_open=True | current_symbol=XAUUSDm | startup=False
[2026-09-18 07:49:23] SYMBOL_CHECK | XAUUSDm trade_mode=4 xau_open=True | trade_mode=4 | tick_time=1789692562 | bid=4354.315 | ask=4354.575 | tick_ok=True | xau_open=True | current_symbol=XAUUSDm | startup=False
[2026-09-18 07:50:23] SYMBOL_CHECK | XAUUSDm trade_mode=4 xau_open=True | trade_mode=4 | tick_time=1789692622 | bid=4352.96 | ask=4353.22 | tick_ok=True | xau_open=True | current_symbol=XAUUSDm | startup=False
[2026-09-18 07:50:23] DEMO_PORTFOLIO_SCAN | XAUUSDm open active=LTS_AUS2
[2026-09-18 07:50:23] DEMO_PORTFOLIO_SCAN | XAUUSDm done active=LTS_AUS2
[2026-09-18 07:51:23] SYMBOL_CHECK | XAUUSDm trade_mode=4 xau_open=True | trade_mode=4 | tick_time=1789692683 | bid=4354.883 | ask=4355.143 | tick_ok=True | xau_open=True | current_symbol=XAUUSDm | startup=False
[2026-09-18 07:52:22] SYMBOL_CHECK | XAUUSDm trade_mode=4 xau_open=True | trade_mode=4 | tick_time=1789692743 | bid=4353.642 | ask=4353.902 | tick_ok=True | xau_open=True | current_symbol=XAUUSDm | startup=False
[2026-09-18 07:53:22] SYMBOL_CHECK | XAUUSDm trade_mode=4 xau_open=True | trade_mode=4 | tick_time=1789692803 | bid=4354.08 | ask=4354.34 | tick_ok=True | xau_open=True | current_symbol=XAUUSDm | startup=False
[2026-09-18 07:54:23] SYMBOL_CHECK | XAUUSDm trade_mode=4 xau_open=True | trade_mode=4 | tick_time=1789692863 | bid=4354.06 | ask=4354.32 | tick_ok=True | xau_open=True | current_symbol=XAUUSDm | startup=False
[2026-09-18 07:55:20] SYMBOL_CHECK | XAUUSDm trade_mode=4 xau_open=True | trade_mode=4 | tick_time=1789692923 | bid=4353.437 | ask=4353.697 | tick_ok=True | xau_open=True | current_symbol=XAUUSDm | startup=False
[2026-09-18 07:55:20] DEMO_PORTFOLIO_SCAN | XAUUSDm open active=LTS_AUS2
[2026-09-18 07:55:21] DEMO_PORTFOLIO_SCAN | XAUUSDm done active=LTS_AUS2
[2026-09-18 07:56:22] SYMBOL_CHECK | XAUUSDm trade_mode=4 xau_open=True | trade_mode=4 | tick_time=1789692983 | bid=4354.74 | ask=4355.0 | tick_ok=True | xau_open=True | current_symbol=XAUUSDm | startup=False
[2026-09-18 07:57:20] SYMBOL_CHECK | XAUUSDm trade_mode=4 xau_open=True | trade_mode=4 | tick_time=1789693043 | bid=4356.714 | ask=4356.974 | tick_ok=True | xau_open=True | current_symbol=XAUUSDm | startup=False
[2026-09-18 07:58:23] SYMBOL_CHECK | XAUUSDm trade_mode=4 xau_open=True | trade_mode=4 | tick_time=1789693103 | bid=4355.608 | ask=4355.868 | tick_ok=True | xau_open=True | current_symbol=XAUUSDm | startup=False
[2026-09-18 07:59:23] SYMBOL_CHECK | XAUUSDm trade_mode=4 xau_open=True | trade_mode=4 | tick_time=1789693163 | bid=4355.247 | ask=4355.507 | tick_ok=True | xau_open=True | current_symbol=XAUUSDm | startup=False
[2026-09-18 08:00:23] SYMBOL_CHECK | XAUUSDm trade_mode=4 xau_open=True | trade_mode=4 | tick_time=1789693223 | bid=4358.003 | ask=4358.263 | tick_ok=True | xau_open=True | current_symbol=XAUUSDm | startup=False
[2026-09-18 08:00:23] DEMO_PORTFOLIO_SCAN | XAUUSDm open active=LTS_AUS2
[2026-09-18 08:00:23] DEMO_PORTFOLIO_PENDING_ARM | LTS_AUS2_652 BUY entry=4356.247 sl=4296.4475357142865 tp=4475.845928571428 lot=0.06 expires=5bars
[2026-09-18 08:00:23] DEMO_PORTFOLIO_PENDING_ARM | LTS_AUS2_653 SELL entry=4356.247 sl=4475.845928571428 tp=4296.4475357142865 lot=0.01 expires=5bars
[2026-09-18 08:00:23] DEMO_PORTFOLIO_PENDING_FILL | LTS_AUS2_653 SELL lot=0.01 entry=4356.247 sl=4475.845928571428 tp=4296.4475357142865 success=True ticket=3840658973 err=None
[2026-09-18 08:00:23] DEMO_PORTFOLIO_SCAN | XAUUSDm done active=LTS_AUS2
[2026-09-18 08:00:24] TG_SENT | [AF SIGNAL] *💎✨ Avengers Ultra Safe v2* | Leg: `LTS_AUS2_653 INVERSE_S96_H1` | SELL @ pending-fill market lot `0.01` | Entry `4356.25` SL `4475.85` TP `4296.45` | Ticket: `3840658973`
[2026-09-18 08:01:23] SYMBOL_CHECK | XAUUSDm trade_mode=4 xau_open=True | trade_mode=4 | tick_time=1789693283 | bid=4361.416 | ask=4361.676 | tick_ok=True | xau_open=True | current_symbol=XAUUSDm | startup=False
[2026-09-18 08:02:22] SYMBOL_CHECK | XAUUSDm trade_mode=4 xau_open=True | trade_mode=4 | tick_time=1789693343 | bid=4361.407 | ask=4361.667 | tick_ok=True | xau_open=True | current_symbol=XAUUSDm | startup=False
[2026-09-18 08:03:23] SYMBOL_CHECK | XAUUSDm trade_mode=4 xau_open=True | trade_mode=4 | tick_time=1789693403 | bid=4362.159 | ask=4362.419 | tick_ok=True | xau_open=True | current_symbol=XAUUSDm | startup=False
[2026-09-18 08:04:22] SYMBOL_CHECK | XAUUSDm trade_mode=4 xau_open=True | trade_mode=4 | tick_time=1789693463 | bid=4362.639 | ask=4362.899 | tick_ok=True | xau_open=True | current_symbol=XAUUSDm | startup=False
[2026-09-18 08:05:22] SYMBOL_CHECK | XAUUSDm trade_mode=4 xau_open=True | trade_mode=4 | tick_time=1789693523 | bid=4363.859 | ask=4364.119 | tick_ok=True | xau_open=True | current_symbol=XAUUSDm | startup=False
[2026-09-18 08:05:22] DEMO_PORTFOLIO_SCAN | XAUUSDm open active=LTS_AUS2
[2026-09-18 08:05:23] DEMO_PORTFOLIO_SCAN | XAUUSDm done active=LTS_AUS2
[2026-09-18 08:06:23] SYMBOL_CHECK | XAUUSDm trade_mode=4 xau_open=True | trade_mode=4 | tick_time=1789693583 | bid=4364.016 | ask=4364.276 | tick_ok=True | xau_open=True | current_symbol=XAUUSDm | startup=False
[2026-09-18 08:07:22] SYMBOL_CHECK | XAUUSDm trade_mode=4 xau_open=True | trade_mode=4 | tick_time=1789693643 | bid=4363.894 | ask=4364.154 | tick_ok=True | xau_open=True | current_symbol=XAUUSDm | startup=False
[2026-09-18 08:08:23] SYMBOL_CHECK | XAUUSDm trade_mode=4 xau_open=True | trade_mode=4 | tick_time=1789693703 | bid=4363.212 | ask=4363.472 | tick_ok=True | xau_open=True | current_symbol=XAUUSDm | startup=False
[2026-09-18 08:09:22] SYMBOL_CHECK | XAUUSDm trade_mode=4 xau_open=True | trade_mode=4 | tick_time=1789693763 | bid=4362.418 | ask=4362.678 | tick_ok=True | xau_open=True | current_symbol=XAUUSDm | startup=False
[2026-09-18 08:10:23] SYMBOL_CHECK | XAUUSDm trade_mode=4 xau_open=True | trade_mode=4 | tick_time=1789693823 | bid=4360.166 | ask=4360.426 | tick_ok=True | xau_open=True | current_symbol=XAUUSDm | startup=False
[2026-09-18 08:10:23] DEMO_PORTFOLIO_SCAN | XAUUSDm open active=LTS_AUS2
[2026-09-18 08:10:23] DEMO_PORTFOLIO_SCAN | XAUUSDm done active=LTS_AUS2
[2026-09-18 08:11:23] SYMBOL_CHECK | XAUUSDm trade_mode=4 xau_open=True | trade_mode=4 | tick_time=1789693883 | bid=4360.645 | ask=4360.905 | tick_ok=True | xau_open=True | current_symbol=XAUUSDm | startup=False
[2026-09-18 08:12:23] SYMBOL_CHECK | XAUUSDm trade_mode=4 xau_open=True | trade_mode=4 | tick_time=1789693943 | bid=4360.796 | ask=4361.056 | tick_ok=True | xau_open=True | current_symbol=XAUUSDm | startup=False
[2026-09-18 08:13:22] SYMBOL_CHECK | XAUUSDm trade_mode=4 xau_open=True | trade_mode=4 | tick_time=1789694003 | bid=4359.87 | ask=4360.13 | tick_ok=True | xau_open=True | current_symbol=XAUUSDm | startup=False
[2026-09-18 08:14:22] SYMBOL_CHECK | XAUUSDm trade_mode=4 xau_open=True | trade_mode=4 | tick_time=1789694063 | bid=4358.629 | ask=4358.889 | tick_ok=True | xau_open=True | current_symbol=XAUUSDm | startup=False
[2026-09-18 08:15:23] SYMBOL_CHECK | XAUUSDm trade_mode=4 xau_open=True | trade_mode=4 | tick_time=1789694123 | bid=4357.684 | ask=4357.944 | tick_ok=True | xau_open=True | current_symbol=XAUUSDm | startup=False
[2026-09-18 08:15:23] DEMO_PORTFOLIO_SCAN | XAUUSDm open active=LTS_AUS2
[2026-09-18 08:15:23] DEMO_PORTFOLIO_SIGNAL | LTS_AUS2_1 SELL lot=0.11 sl=4360.8 tp=4351.2 rd=5.05 weight=10.606 scale=1.00 h=8 success=True ticket=3840756455 err=None
[2026-09-18 08:15:23] DEMO_PORTFOLIO_SKIP | LTS_AUS2_2 skipped - hour 8 != 10
[2026-09-18 08:15:23] DEMO_PORTFOLIO_SKIP | LTS_AUS2_7 skipped - hour 8 != 19
[2026-09-18 08:15:23] DEMO_PORTFOLIO_SKIP | LTS_AUS2_8 skipped - hour 8 != 10
[2026-09-18 08:15:23] DEMO_PORTFOLIO_SKIP | LTS_AUS2_15 skipped - hour 8 != 9
[2026-09-18 08:15:23] DEMO_PORTFOLIO_SKIP | LTS_AUS2_22 skipped - hour 8 != 11
[2026-09-18 08:15:23] DEMO_PORTFOLIO_SKIP | LTS_AUS2_29 skipped - hour 8 != 20
[2026-09-18 08:15:23] DEMO_PORTFOLIO_SKIP | LTS_AUS2_30 skipped - hour 8 != 17
[2026-09-18 08:15:23] DEMO_PORTFOLIO_SKIP | LTS_AUS2_35 skipped - hour 8 != 19
[2026-09-18 08:15:24] DEMO_PORTFOLIO_SKIP | LTS_AUS2_36 skipped - hour 8 != 21
[2026-09-18 08:15:24] DEMO_PORTFOLIO_SKIP | LTS_AUS2_37 skipped - hour 8 != 21
[2026-09-18 08:15:24] DEMO_PORTFOLIO_SKIP | LTS_AUS2_41 skipped - hour 8 != 9
[2026-09-18 08:15:24] DEMO_PORTFOLIO_SKIP | LTS_AUS2_44 skipped - hour 8 != 18
[2026-09-18 08:15:24] DEMO_PORTFOLIO_SKIP | LTS_AUS2_45 skipped - hour 8 != 16
[2026-09-18 08:15:24] DEMO_PORTFOLIO_SKIP | LTS_AUS2_46 skipped - hour 8 != 9
[2026-09-18 08:15:24] DEMO_PORTFOLIO_SKIP | LTS_AUS2_51 skipped - hour 8 != 9
[2026-09-18 08:15:24] DEMO_PORTFOLIO_SKIP | LTS_AUS2_52 skipped - hour 8 != 10
[2026-09-18 08:15:24] DEMO_PORTFOLIO_SKIP | LTS_AUS2_58 skipped - hour 8 != 22
[2026-09-18 08:15:24] DEMO_PORTFOLIO_SKIP | LTS_AUS2_59 skipped - hour 8 != 11
[2026-09-18 08:15:25] DEMO_PORTFOLIO_SKIP | LTS_AUS2_63 skipped - hour 8 != 9
[2026-09-18 08:15:25] DEMO_PORTFOLIO_SKIP | LTS_AUS2_64 skipped - hour 8 != 10
[2026-09-18 08:15:25] DEMO_PORTFOLIO_SKIP | LTS_AUS2_68 skipped - hour 8 != 14
[2026-09-18 08:15:25] DEMO_PORTFOLIO_SKIP | LTS_AUS2_71 skipped - hour 8 != 10
[2026-09-18 08:15:25] DEMO_PORTFOLIO_SKIP | LTS_AUS2_74 skipped - hour 8 != 11
[2026-09-18 08:15:25] DEMO_PORTFOLIO_SKIP | LTS_AUS2_75 skipped - hour 8 != 9
[2026-09-18 08:15:25] DEMO_PORTFOLIO_SKIP | LTS_AUS2_85 skipped - hour 8 != 9
[2026-09-18 08:15:25] DEMO_PORTFOLIO_SKIP | LTS_AUS2_86 skipped - hour 8 != 20
[2026-09-18 08:15:26] DEMO_PORTFOLIO_SKIP | LTS_AUS2_93 skipped - hour 8 != 13
[2026-09-18 08:15:26] DEMO_PORTFOLIO_SKIP | LTS_AUS2_97 skipped - hour 8 != 9
[2026-09-18 08:15:26] DEMO_PORTFOLIO_SKIP | LTS_AUS2_106 skipped - hour 8 != 10
[2026-09-18 08:15:26] DEMO_PORTFOLIO_SKIP | LTS_AUS2_111 skipped - hour 8 != 9
[2026-09-18 08:15:26] DEMO_PORTFOLIO_SKIP | LTS_AUS2_116 skipped - hour 8 != 17
[2026-09-18 08:15:27] DEMO_PORTFOLIO_SKIP | LTS_AUS2_120 skipped - hour 8 != 20
[2026-09-18 08:15:27] DEMO_PORTFOLIO_SKIP | LTS_AUS2_123 skipped - hour 8 != 22
[2026-09-18 08:15:27] DEMO_PORTFOLIO_SKIP | LTS_AUS2_124 skipped - hour 8 != 20
[2026-09-18 08:15:27] DEMO_PORTFOLIO_SKIP | LTS_AUS2_127 skipped - hour 8 != 9
[2026-09-18 08:15:27] DEMO_PORTFOLIO_SKIP | LTS_AUS2_130 skipped - hour 8 != 9
[2026-09-18 08:15:28] DEMO_PORTFOLIO_SIGNAL | LTS_AUS2_131 BUY lot=0.44 sl=4350.85 tp=4360.75 rd=4.50 weight=43.617 scale=1.00 h=8 success=True ticket=3840756715 err=None
[2026-09-18 08:15:28] DEMO_PORTFOLIO_SKIP | LTS_AUS2_134 skipped - hour 8 != 12
[2026-09-18 08:15:28] DEMO_PORTFOLIO_SKIP | LTS_AUS2_138 skipped - hour 8 != 14
[2026-09-18 08:15:28] DEMO_PORTFOLIO_SKIP | LTS_AUS2_139 skipped - hour 8 != 11
[2026-09-18 08:15:28] DEMO_PORTFOLIO_SKIP | LTS_AUS2_140 skipped - hour 8 != 13
[2026-09-18 08:15:28] DEMO_PORTFOLIO_SKIP | LTS_AUS2_143 skipped - hour 8 != 16
[2026-09-18 08:15:29] DEMO_PORTFOLIO_SIGNAL | LTS_AUS2_144 BUY lot=0.50 sl=4350.85 tp=4360.75 rd=4.50 weight=50.000 scale=1.00 h=8 success=True ticket=3840756752 err=None
[2026-09-18 08:15:29] DEMO_PORTFOLIO_SKIP | LTS_AUS2_148 skipped - hour 8 != 17
[2026-09-18 08:15:29] DEMO_PORTFOLIO_SKIP | LTS_AUS2_157 skipped - hour 8 != 14
[2026-09-18 08:15:29] DEMO_PORTFOLIO_SKIP | LTS_AUS2_158 skipped - hour 8 != 21
[2026-09-18 08:15:29] DEMO_PORTFOLIO_SKIP | LTS_AUS2_159 skipped - hour 8 != 12
[2026-09-18 08:15:29] DEMO_PORTFOLIO_SKIP | LTS_AUS2_164 skipped - hour 8 != 11
[2026-09-18 08:15:30] DEMO_PORTFOLIO_SKIP | LTS_AUS2_168 skipped - hour 8 != 15
[2026-09-18 08:15:30] DEMO_PORTFOLIO_SKIP | LTS_AUS2_169 skipped - hour 8 != 20
[2026-09-18 08:15:30] DEMO_PORTFOLIO_SKIP | LTS_AUS2_170 skipped - hour 8 != 13
[2026-09-18 08:15:30] DEMO_PORTFOLIO_SKIP | LTS_AUS2_174 skipped - hour 8 != 9
[2026-09-18 08:15:30] DEMO_PORTFOLIO_SKIP | LTS_AUS2_179 skipped - hour 8 != 22
[2026-09-18 08:15:30] DEMO_PORTFOLIO_SKIP | LTS_AUS2_180 skipped - hour 8 != 11
[2026-09-18 08:15:30] DEMO_PORTFOLIO_SKIP | LTS_AUS2_186 skipped - hour 8 != 16
[2026-09-18 08:15:30] DEMO_PORTFOLIO_SKIP | LTS_AUS2_195 skipped - risk_distance 5.05 > 4.00
[2026-09-18 08:15:30] DEMO_PORTFOLIO_SKIP | LTS_AUS2_196 skipped - hour 8 != 20
[2026-09-18 08:15:30] DEMO_PORTFOLIO_SKIP | LTS_AUS2_199 skipped - hour 8 != 11
[2026-09-18 08:15:30] DEMO_PORTFOLIO_SKIP | LTS_AUS2_203 skipped - hour 8 != 20
[2026-09-18 08:15:30] DEMO_PORTFOLIO_SKIP | LTS_AUS2_208 skipped - hour 8 != 22
[2026-09-18 08:15:31] DEMO_PORTFOLIO_SKIP | LTS_AUS2_211 skipped - hour 8 != 9
[2026-09-18 08:15:31] DEMO_PORTFOLIO_SKIP | LTS_AUS2_212 skipped - hour 8 != 17
[2026-09-18 08:15:31] DEMO_PORTFOLIO_SKIP | LTS_AUS2_217 skipped - hour 8 != 17
[2026-09-18 08:15:31] DEMO_PORTFOLIO_SKIP | LTS_AUS2_218 skipped - hour 8 != 14
[2026-09-18 08:15:31] DEMO_PORTFOLIO_SKIP | LTS_AUS2_222 skipped - hour 8 != 14
[2026-09-18 08:15:31] DEMO_PORTFOLIO_SKIP | LTS_AUS2_223 skipped - hour 8 != 20
[2026-09-18 08:15:32] DEMO_PORTFOLIO_SIGNAL | LTS_AUS2_229 BUY lot=0.50 sl=4350.85 tp=4360.75 rd=4.50 weight=50.000 scale=1.00 h=8 success=True ticket=3840756966 err=None
[2026-09-18 08:15:32] DEMO_PORTFOLIO_SKIP | LTS_AUS2_234 skipped - hour 8 != 19
[2026-09-18 08:15:33] DEMO_PORTFOLIO_SKIP | LTS_AUS2_238 skipped - hour 8 != 19
[2026-09-18 08:15:33] DEMO_PORTFOLIO_SKIP | LTS_AUS2_239 skipped - hour 8 != 21
[2026-09-18 08:15:33] DEMO_PORTFOLIO_SKIP | LTS_AUS2_241 skipped - hour 8 != 11
[2026-09-18 08:15:33] DEMO_PORTFOLIO_SKIP | LTS_AUS2_243 skipped - hour 8 != 21
[2026-09-18 08:15:33] DEMO_PORTFOLIO_SKIP | LTS_AUS2_244 skipped - hour 8 != 21
[2026-09-18 08:15:33] DEMO_PORTFOLIO_SKIP | LTS_AUS2_245 skipped - hour 8 != 22
[2026-09-18 08:15:33] DEMO_PORTFOLIO_SKIP | LTS_AUS2_249 skipped - hour 8 != 17
[2026-09-18 08:15:33] DEMO_PORTFOLIO_SKIP | LTS_AUS2_253 skipped - hour 8 != 20
[2026-09-18 08:15:33] DEMO_PORTFOLIO_SKIP | LTS_AUS2_254 skipped - hour 8 != 21
[2026-09-18 08:15:33] DEMO_PORTFOLIO_SKIP | LTS_AUS2_255 skipped - hour 8 != 21
[2026-09-18 08:15:33] DEMO_PORTFOLIO_SKIP | LTS_AUS2_257 skipped - hour 8 != 21
[2026-09-18 08:15:34] DEMO_PORTFOLIO_SKIP | LTS_AUS2_260 skipped - hour 8 != 13
[2026-09-18 08:15:34] DEMO_PORTFOLIO_SKIP | LTS_AUS2_264 skipped - hour 8 != 11
[2026-09-18 08:15:34] DEMO_PORTFOLIO_SKIP | LTS_AUS2_266 skipped - hour 8 != 22
[2026-09-18 08:15:35] DEMO_PORTFOLIO_SIGNAL | LTS_AUS2_267 BUY lot=0.50 sl=4350.85 tp=4360.75 rd=4.50 weight=50.000 scale=1.00 h=8 success=True ticket=3840757185 err=None
[2026-09-18 08:15:35] DEMO_PORTFOLIO_SKIP | LTS_AUS2_269 skipped - hour 8 != 20
[2026-09-18 08:15:35] DEMO_PORTFOLIO_SKIP | LTS_AUS2_273 skipped - hour 8 != 20
[2026-09-18 08:15:35] DEMO_PORTFOLIO_SKIP | LTS_AUS2_276 skipped - hour 8 != 20
[2026-09-18 08:15:35] DEMO_PORTFOLIO_SKIP | LTS_AUS2_281 skipped - hour 8 != 15
[2026-09-18 08:15:35] DEMO_PORTFOLIO_SKIP | LTS_AUS2_282 skipped - hour 8 != 21
[2026-09-18 08:15:35] DEMO_PORTFOLIO_SKIP | LTS_AUS2_285 skipped - hour 8 != 17
[2026-09-18 08:15:35] DEMO_PORTFOLIO_SKIP | LTS_AUS2_291 skipped - hour 8 != 12
[2026-09-18 08:15:36] DEMO_PORTFOLIO_SKIP | LTS_AUS2_296 skipped - hour 8 != 17
[2026-09-18 08:15:36] DEMO_PORTFOLIO_SKIP | LTS_AUS2_300 skipped - hour 8 != 15
[2026-09-18 08:15:36] DEMO_PORTFOLIO_SKIP | LTS_AUS2_301 skipped - hour 8 != 20
[2026-09-18 08:15:36] DEMO_PORTFOLIO_SKIP | LTS_AUS2_306 skipped - hour 8 != 20
[2026-09-18 08:15:36] DEMO_PORTFOLIO_SKIP | LTS_AUS2_307 skipped - hour 8 != 22
[2026-09-18 08:15:36] DEMO_PORTFOLIO_SKIP | LTS_AUS2_313 skipped - hour 8 != 9
[2026-09-18 08:15:36] DEMO_PORTFOLIO_SKIP | LTS_AUS2_316 skipped - hour 8 != 16
[2026-09-18 08:15:37] DEMO_PORTFOLIO_SKIP | LTS_AUS2_317 skipped - hour 8 != 13
[2026-09-18 08:15:37] DEMO_PORTFOLIO_SKIP | LTS_AUS2_321 skipped - hour 8 != 9
[2026-09-18 08:15:37] DEMO_PORTFOLIO_SKIP | LTS_AUS2_322 skipped - hour 8 != 20
[2026-09-18 08:15:37] DEMO_PORTFOLIO_SKIP | LTS_AUS2_323 skipped - hour 8 != 21
[2026-09-18 08:15:37] DEMO_PORTFOLIO_SKIP | LTS_AUS2_331 skipped - hour 8 != 11
[2026-09-18 08:15:37] DEMO_PORTFOLIO_SKIP | LTS_AUS2_339 skipped - hour 8 != 21
[2026-09-18 08:15:37] DEMO_PORTFOLIO_SKIP | LTS_AUS2_340 skipped - hour 8 != 18
[2026-09-18 08:15:38] DEMO_PORTFOLIO_SKIP | LTS_AUS2_343 skipped - hour 8 != 15
[2026-09-18 08:15:38] DEMO_PORTFOLIO_SKIP | LTS_AUS2_345 skipped - hour 8 != 17
[2026-09-18 08:15:38] DEMO_PORTFOLIO_SKIP | LTS_AUS2_350 skipped - hour 8 != 21
[2026-09-18 08:15:38] DEMO_PORTFOLIO_SKIP | LTS_AUS2_351 skipped - hour 8 != 21
[2026-09-18 08:15:38] DEMO_PORTFOLIO_SKIP | LTS_AUS2_356 skipped - hour 8 != 10
[2026-09-18 08:15:38] DEMO_PORTFOLIO_SKIP | LTS_AUS2_357 skipped - hour 8 != 21
[2026-09-18 08:15:38] DEMO_PORTFOLIO_SKIP | LTS_AUS2_360 skipped - hour 8 != 19
[2026-09-18 08:15:38] DEMO_PORTFOLIO_SKIP | LTS_AUS2_365 skipped - hour 8 != 10
[2026-09-18 08:15:38] DEMO_PORTFOLIO_SKIP | LTS_AUS2_366 skipped - hour 8 != 20
[2026-09-18 08:15:38] DEMO_PORTFOLIO_SKIP | LTS_AUS2_367 skipped - hour 8 != 12
[2026-09-18 08:15:39] DEMO_PORTFOLIO_SKIP | LTS_AUS2_377 skipped - hour 8 != 20
[2026-09-18 08:15:39] DEMO_PORTFOLIO_SKIP | LTS_AUS2_448 skipped - hour 8 != 22
[2026-09-18 08:15:39] DEMO_PORTFOLIO_SCAN | XAUUSDm done active=LTS_AUS2
[2026-09-18 08:15:39] TG_SENT | [AF SIGNAL] *💎✨ Avengers Ultra Safe v2* | Leg: `LTS_AUS2_1 INVERSE_S84c28_RDall_H8` | SELL @ market lot `0.11` | SL `4360.80` TP `4351.20` | RD `5.05` H`8` | Weight `x10.606` Scale `1.00` | Ticket: `3840756455`
[2026-09-18 08:15:43] TG_SENT | [AF SIGNAL] *💎✨ Avengers Ultra Safe v2* | Leg: `LTS_AUS2_131 INVERSE_S84c3057_RD4.0-5.0_H8` | BUY @ market lot `0.44` | SL `4350.85` TP `4360.75` | RD `4.50` H`8` | Weight `x43.617` Scale `1.00` | Ticket: `3840756715`
[2026-09-18 08:15:47] TG_SENT | [AF SIGNAL] *💎✨ Avengers Ultra Safe v2* | Leg: `LTS_AUS2_144 INVERSE_S84c3057_RD4.0-5.0_H8` | BUY @ market lot `0.50` | SL `4350.85` TP `4360.75` | RD `4.50` H`8` | Weight `x50.000` Scale `1.00` | Ticket: `3840756752`
[2026-09-18 08:15:50] TG_SENT | [AF SIGNAL] *💎✨ Avengers Ultra Safe v2* | Leg: `LTS_AUS2_229 INVERSE_S84c3057_RD4.0-5.0_H8` | BUY @ market lot `0.50` | SL `4350.85` TP `4360.75` | RD `4.50` H`8` | Weight `x50.000` Scale `1.00` | Ticket: `3840756966`
[2026-09-18 08:15:54] TG_SENT | [AF SIGNAL] *💎✨ Avengers Ultra Safe v2* | Leg: `LTS_AUS2_267 INVERSE_S84c3057_RD4.0-5.0_H8` | BUY @ market lot `0.50` | SL `4350.85` TP `4360.75` | RD `4.50` H`8` | Weight `x50.000` Scale `1.00` | Ticket: `3840757185`
[2026-09-18 08:16:23] SYMBOL_CHECK | XAUUSDm trade_mode=4 xau_open=True | trade_mode=4 | tick_time=1789694183 | bid=4356.816 | ask=4357.076 | tick_ok=True | xau_open=True | current_symbol=XAUUSDm | startup=False
[2026-09-18 08:17:23] SYMBOL_CHECK | XAUUSDm trade_mode=4 xau_open=True | trade_mode=4 | tick_time=1789694243 | bid=4356.276 | ask=4356.536 | tick_ok=True | xau_open=True | current_symbol=XAUUSDm | startup=False
[2026-09-18 08:18:23] SYMBOL_CHECK | XAUUSDm trade_mode=4 xau_open=True | trade_mode=4 | tick_time=1789694303 | bid=4357.651 | ask=4357.911 | tick_ok=True | xau_open=True | current_symbol=XAUUSDm | startup=False
[2026-09-18 08:19:23] SYMBOL_CHECK | XAUUSDm trade_mode=4 xau_open=True | trade_mode=4 | tick_time=1789694363 | bid=4358.285 | ask=4358.545 | tick_ok=True | xau_open=True | current_symbol=XAUUSDm | startup=False
[2026-09-18 08:19:43] POSITION_CLOSED | 🎯 TP Hit | ticket=3840757185 | side=BUY | symbol=XAUUSDm | tf=M15 | sid=21 | pattern=- | trend_filter=- | open_price=4358.493 | close_price=4360.75 | sl=4350.85 | tp=4360.75 | profit=112.85 | reason=[tp 4360.75000] | close_time=08:19:41 18/09/2026
[2026-09-18 08:19:43] POSITION_CLOSED | 🎯 TP Hit | ticket=3840756966 | side=BUY | symbol=XAUUSDm | tf=M15 | sid=21 | pattern=- | trend_filter=- | open_price=4358.129 | close_price=4360.75 | sl=4350.85 | tp=4360.75 | profit=131.05 | reason=[tp 4360.75000] | close_time=08:19:41 18/09/2026
[2026-09-18 08:19:43] POSITION_CLOSED | 🛑 SL Hit | ticket=3840756455 | side=SELL | symbol=XAUUSDm | tf=M15 | sid=21 | pattern=- | trend_filter=- | open_price=4357.687 | close_price=4360.8 | sl=4360.8 | tp=4351.2 | profit=-34.24 | reason=[sl 4360.80000] | close_time=08:19:42 18/09/2026
[2026-09-18 08:19:43] POSITION_CLOSED | 🎯 TP Hit | ticket=3840756715 | side=BUY | symbol=XAUUSDm | tf=M15 | sid=21 | pattern=- | trend_filter=- | open_price=4357.400000000001 | close_price=4360.75 | sl=4350.85 | tp=4360.75 | profit=147.4 | reason=[tp 4360.75000] | close_time=08:19:41 18/09/2026
[2026-09-18 08:19:43] POSITION_CLOSED | 🎯 TP Hit | ticket=3840756752 | side=BUY | symbol=XAUUSDm | tf=M15 | sid=21 | pattern=- | trend_filter=- | open_price=4357.782 | close_price=4360.75 | sl=4350.85 | tp=4360.75 | profit=148.4 | reason=[tp 4360.75000] | close_time=08:19:41 18/09/2026
[2026-09-18 08:19:43] TG_SENT | 🟢 *🎯 TP Hit* | ━━━━━━━━━━━━━━━━━ | 📊 TF: M15 | 📊 BUY XAUUSDm | 📌 เปิด: `4358.493` | 📌 ปิด: `4360.75` | 🛑 SL: `4350.85` | 🎯 TP: `4360.75` | 💬 เหตุผล: `[tp 4360.75000]` | 💰 P/L: `112.85` USD | 🔖 Ticket: `3840757185` | 🕐 Close Time: `08:19:41 18/09/2026`
[2026-09-18 08:19:47] TG_SENT | 🟢 *🎯 TP Hit* | ━━━━━━━━━━━━━━━━━ | 📊 TF: M15 | 📊 BUY XAUUSDm | 📌 เปิด: `4358.129` | 📌 ปิด: `4360.75` | 🛑 SL: `4350.85` | 🎯 TP: `4360.75` | 💬 เหตุผล: `[tp 4360.75000]` | 💰 P/L: `131.05` USD | 🔖 Ticket: `3840756966` | 🕐 Close Time: `08:19:41 18/09/2026`
[2026-09-18 08:19:52] TG_SENT | 🔴 *🛑 SL Hit* | ━━━━━━━━━━━━━━━━━ | 📊 TF: M15 | 📊 SELL XAUUSDm | 📌 เปิด: `4357.687` | 📌 ปิด: `4360.8` | 🛑 SL: `4360.8` | 🎯 TP: `4351.2` | 💬 เหตุผล: `[sl 4360.80000]` | 💸 P/L: `-34.24` USD | 🔖 Ticket: `3840756455` | 🕐 Close Time: `08:19:42 18/09/2026`
[2026-09-18 08:19:56] TG_SENT | 🟢 *🎯 TP Hit* | ━━━━━━━━━━━━━━━━━ | 📊 TF: M15 | 📊 BUY XAUUSDm | 📌 เปิด: `4357.400000000001` | 📌 ปิด: `4360.75` | 🛑 SL: `4350.85` | 🎯 TP: `4360.75` | 💬 เหตุผล: `[tp 4360.75000]` | 💰 P/L: `147.4` USD | 🔖 Ticket: `3840756715` | 🕐 Close Time: `08:19:41 18/09/2026`
[2026-09-18 08:20:00] TG_SENT | 🟢 *🎯 TP Hit* | ━━━━━━━━━━━━━━━━━ | 📊 TF: M15 | 📊 BUY XAUUSDm | 📌 เปิด: `4357.782` | 📌 ปิด: `4360.75` | 🛑 SL: `4350.85` | 🎯 TP: `4360.75` | 💬 เหตุผล: `[tp 4360.75000]` | 💰 P/L: `148.4` USD | 🔖 Ticket: `3840756752` | 🕐 Close Time: `08:19:41 18/09/2026`
[2026-09-18 08:20:23] SYMBOL_CHECK | XAUUSDm trade_mode=4 xau_open=True | trade_mode=4 | tick_time=1789694423 | bid=4361.871 | ask=4362.131 | tick_ok=True | xau_open=True | current_symbol=XAUUSDm | startup=False
[2026-09-18 08:20:23] DEMO_PORTFOLIO_SCAN | XAUUSDm open active=LTS_AUS2
[2026-09-18 08:20:23] DEMO_PORTFOLIO_SCAN | XAUUSDm done active=LTS_AUS2
[2026-09-18 08:21:23] SYMBOL_CHECK | XAUUSDm trade_mode=4 xau_open=True | trade_mode=4 | tick_time=1789694483 | bid=4362.72 | ask=4362.98 | tick_ok=True | xau_open=True | current_symbol=XAUUSDm | startup=False
[2026-09-18 08:22:23] SYMBOL_CHECK | XAUUSDm trade_mode=4 xau_open=True | trade_mode=4 | tick_time=1789694543 | bid=4362.833 | ask=4363.093 | tick_ok=True | xau_open=True | current_symbol=XAUUSDm | startup=False
[2026-09-18 08:23:23] SYMBOL_CHECK | XAUUSDm trade_mode=4 xau_open=True | trade_mode=4 | tick_time=1789694603 | bid=4362.432 | ask=4362.692 | tick_ok=True | xau_open=True | current_symbol=XAUUSDm | startup=False
[2026-09-18 08:24:23] SYMBOL_CHECK | XAUUSDm trade_mode=4 xau_open=True | trade_mode=4 | tick_time=1789694663 | bid=4363.261 | ask=4363.521 | tick_ok=True | xau_open=True | current_symbol=XAUUSDm | startup=False
[2026-09-18 08:25:23] SYMBOL_CHECK | XAUUSDm trade_mode=4 xau_open=True | trade_mode=4 | tick_time=1789694723 | bid=4361.655 | ask=4361.915 | tick_ok=True | xau_open=True | current_symbol=XAUUSDm | startup=False
[2026-09-18 08:25:23] DEMO_PORTFOLIO_SCAN | XAUUSDm open active=LTS_AUS2
[2026-09-18 08:25:23] DEMO_PORTFOLIO_SCAN | XAUUSDm done active=LTS_AUS2
[2026-09-18 08:26:22] SYMBOL_CHECK | XAUUSDm trade_mode=4 xau_open=True | trade_mode=4 | tick_time=1789694782 | bid=4361.304 | ask=4361.564 | tick_ok=True | xau_open=True | current_symbol=XAUUSDm | startup=False
[2026-09-18 08:27:23] SYMBOL_CHECK | XAUUSDm trade_mode=4 xau_open=True | trade_mode=4 | tick_time=1789694843 | bid=4360.454 | ask=4360.714 | tick_ok=True | xau_open=True | current_symbol=XAUUSDm | startup=False
[2026-09-18 08:28:22] SYMBOL_CHECK | XAUUSDm trade_mode=4 xau_open=True | trade_mode=4 | tick_time=1789694903 | bid=4359.72 | ask=4359.98 | tick_ok=True | xau_open=True | current_symbol=XAUUSDm | startup=False
[2026-09-18 08:29:23] SYMBOL_CHECK | XAUUSDm trade_mode=4 xau_open=True | trade_mode=4 | tick_time=1789694963 | bid=4359.217 | ask=4359.477 | tick_ok=True | xau_open=True | current_symbol=XAUUSDm | startup=False
[2026-09-18 08:30:22] SYMBOL_CHECK | XAUUSDm trade_mode=4 xau_open=True | trade_mode=4 | tick_time=1789695023 | bid=4359.295 | ask=4359.555 | tick_ok=True | xau_open=True | current_symbol=XAUUSDm | startup=False
[2026-09-18 08:30:22] DEMO_PORTFOLIO_SCAN | XAUUSDm open active=LTS_AUS2
[2026-09-18 08:30:23] DEMO_PORTFOLIO_SKIP | LTS_AUS2_3 skipped - hour 8 != 9
[2026-09-18 08:30:23] DEMO_PORTFOLIO_SKIP | LTS_AUS2_4 skipped - hour 8 != 11
[2026-09-18 08:30:23] DEMO_PORTFOLIO_SKIP | LTS_AUS2_5 skipped - hour 8 != 17
[2026-09-18 08:30:23] DEMO_PORTFOLIO_SKIP | LTS_AUS2_9 skipped - hour 8 != 20
[2026-09-18 08:30:23] DEMO_PORTFOLIO_SKIP | LTS_AUS2_10 skipped - risk_distance 5.89 > 2.00
[2026-09-18 08:30:23] DEMO_PORTFOLIO_SKIP | LTS_AUS2_11 skipped - hour 8 != 11
[2026-09-18 08:30:23] DEMO_PORTFOLIO_SKIP | LTS_AUS2_16 skipped - hour 8 != 9
[2026-09-18 08:30:23] DEMO_PORTFOLIO_SKIP | LTS_AUS2_17 skipped - hour 8 != 19
[2026-09-18 08:30:23] DEMO_PORTFOLIO_SKIP | LTS_AUS2_23 skipped - hour 8 != 12
[2026-09-18 08:30:23] DEMO_PORTFOLIO_SKIP | LTS_AUS2_24 skipped - hour 8 != 14
[2026-09-18 08:30:24] DEMO_PORTFOLIO_SKIP | LTS_AUS2_25 skipped - hour 8 != 19
[2026-09-18 08:30:24] DEMO_PORTFOLIO_SKIP | LTS_AUS2_31 skipped - hour 8 != 15
[2026-09-18 08:30:24] DEMO_PORTFOLIO_SKIP | LTS_AUS2_32 skipped - hour 8 != 11
[2026-09-18 08:30:24] DEMO_PORTFOLIO_SKIP | LTS_AUS2_38 skipped - hour 8 != 15
[2026-09-18 08:30:24] DEMO_PORTFOLIO_SKIP | LTS_AUS2_47 skipped - hour 8 != 15
[2026-09-18 08:30:24] DEMO_PORTFOLIO_SKIP | LTS_AUS2_48 skipped - hour 8 != 20
[2026-09-18 08:30:24] DEMO_PORTFOLIO_SKIP | LTS_AUS2_53 skipped - hour 8 != 16
[2026-09-18 08:30:24] DEMO_PORTFOLIO_SKIP | LTS_AUS2_54 skipped - hour 8 != 19
[2026-09-18 08:30:25] DEMO_PORTFOLIO_SKIP | LTS_AUS2_60 skipped - hour 8 != 18
[2026-09-18 08:30:25] DEMO_PORTFOLIO_SKIP | LTS_AUS2_65 skipped - hour 8 != 20
[2026-09-18 08:30:25] DEMO_PORTFOLIO_SKIP | LTS_AUS2_69 skipped - hour 8 != 21
[2026-09-18 08:30:25] DEMO_PORTFOLIO_SKIP | LTS_AUS2_76 skipped - hour 8 != 10
[2026-09-18 08:30:25] DEMO_PORTFOLIO_SKIP | LTS_AUS2_80 skipped - hour 8 != 12
[2026-09-18 08:30:25] DEMO_PORTFOLIO_SKIP | LTS_AUS2_81 skipped - hour 8 != 12
[2026-09-18 08:30:25] DEMO_PORTFOLIO_SKIP | LTS_AUS2_82 skipped - hour 8 != 11
[2026-09-18 08:30:25] DEMO_PORTFOLIO_SKIP | LTS_AUS2_87 skipped - hour 8 != 15
[2026-09-18 08:30:25] DEMO_PORTFOLIO_SKIP | LTS_AUS2_88 skipped - hour 8 != 20
[2026-09-18 08:30:26] DEMO_PORTFOLIO_SKIP | LTS_AUS2_94 skipped - hour 8 != 16
[2026-09-18 08:30:26] DEMO_PORTFOLIO_SKIP | LTS_AUS2_95 skipped - hour 8 != 22
[2026-09-18 08:30:26] DEMO_PORTFOLIO_SKIP | LTS_AUS2_98 skipped - hour 8 != 17
[2026-09-18 08:30:26] DEMO_PORTFOLIO_SKIP | LTS_AUS2_102 skipped - hour 8 != 19
[2026-09-18 08:30:26] DEMO_PORTFOLIO_SKIP | LTS_AUS2_107 skipped - risk_distance 5.89 > 2.00
[2026-09-18 08:30:26] DEMO_PORTFOLIO_SKIP | LTS_AUS2_108 skipped - hour 8 != 12
[2026-09-18 08:30:26] DEMO_PORTFOLIO_SKIP | LTS_AUS2_112 skipped - hour 8 != 14
[2026-09-18 08:30:27] DEMO_PORTFOLIO_SKIP | LTS_AUS2_114 skipped - hour 8 != 10
[2026-09-18 08:30:27] DEMO_PORTFOLIO_SKIP | LTS_AUS2_117 skipped - risk_distance 5.89 > 2.00
[2026-09-18 08:30:27] DEMO_PORTFOLIO_SKIP | LTS_AUS2_118 skipped - hour 8 != 16
[2026-09-18 08:30:27] DEMO_PORTFOLIO_SKIP | LTS_AUS2_121 skipped - hour 8 != 10
[2026-09-18 08:30:27] DEMO_PORTFOLIO_SKIP | LTS_AUS2_125 skipped - hour 8 != 15
[2026-09-18 08:30:27] DEMO_PORTFOLIO_SKIP | LTS_AUS2_128 skipped - hour 8 != 18
[2026-09-18 08:30:27] DEMO_PORTFOLIO_SKIP | LTS_AUS2_132 skipped - hour 8 != 15
[2026-09-18 08:30:27] DEMO_PORTFOLIO_SKIP | LTS_AUS2_135 skipped - hour 8 != 10
[2026-09-18 08:30:27] DEMO_PORTFOLIO_SKIP | LTS_AUS2_136 skipped - hour 8 != 9
[2026-09-18 08:30:28] DEMO_PORTFOLIO_SKIP | LTS_AUS2_141 skipped - hour 8 != 20
[2026-09-18 08:30:28] DEMO_PORTFOLIO_SKIP | LTS_AUS2_145 skipped - hour 8 != 16
[2026-09-18 08:30:28] DEMO_PORTFOLIO_SKIP | LTS_AUS2_146 skipped - hour 8 != 17
[2026-09-18 08:30:28] DEMO_PORTFOLIO_SKIP | LTS_AUS2_149 skipped - hour 8 != 9
[2026-09-18 08:30:28] DEMO_PORTFOLIO_SKIP | LTS_AUS2_150 skipped - hour 8 != 19
[2026-09-18 08:30:28] DEMO_PORTFOLIO_SKIP | LTS_AUS2_151 skipped - hour 8 != 19
[2026-09-18 08:30:28] DEMO_PORTFOLIO_SKIP | LTS_AUS2_155 skipped - hour 8 != 17
[2026-09-18 08:30:28] DEMO_PORTFOLIO_SKIP | LTS_AUS2_160 skipped - risk_distance 5.89 > 2.00
[2026-09-18 08:30:28] DEMO_PORTFOLIO_SKIP | LTS_AUS2_161 skipped - hour 8 != 16
[2026-09-18 08:30:28] DEMO_PORTFOLIO_SKIP | LTS_AUS2_165 skipped - hour 8 != 14
[2026-09-18 08:30:28] DEMO_PORTFOLIO_SKIP | LTS_AUS2_166 skipped - hour 8 != 14
[2026-09-18 08:30:28] DEMO_PORTFOLIO_SKIP | LTS_AUS2_171 skipped - hour 8 != 15
[2026-09-18 08:30:29] DEMO_PORTFOLIO_SKIP | LTS_AUS2_172 skipped - hour 8 != 21
[2026-09-18 08:30:29] DEMO_PORTFOLIO_SKIP | LTS_AUS2_175 skipped - hour 8 != 16
[2026-09-18 08:30:29] DEMO_PORTFOLIO_SKIP | LTS_AUS2_181 skipped - hour 8 != 19
[2026-09-18 08:30:29] DEMO_PORTFOLIO_SKIP | LTS_AUS2_183 skipped - hour 8 != 14
[2026-09-18 08:30:29] DEMO_PORTFOLIO_SKIP | LTS_AUS2_184 skipped - hour 8 != 22
[2026-09-18 08:30:29] DEMO_PORTFOLIO_SKIP | LTS_AUS2_187 skipped - hour 8 != 16
[2026-09-18 08:30:29] DEMO_PORTFOLIO_SKIP | LTS_AUS2_188 skipped - hour 8 != 19
[2026-09-18 08:30:30] DEMO_PORTFOLIO_SKIP | LTS_AUS2_191 skipped - hour 8 != 16
[2026-09-18 08:30:30] DEMO_PORTFOLIO_SKIP | LTS_AUS2_192 skipped - hour 8 != 14
[2026-09-18 08:30:30] DEMO_PORTFOLIO_SKIP | LTS_AUS2_193 skipped - hour 8 != 19
[2026-09-18 08:30:30] DEMO_PORTFOLIO_SKIP | LTS_AUS2_197 skipped - hour 8 != 14
[2026-09-18 08:30:30] DEMO_PORTFOLIO_SKIP | LTS_AUS2_200 skipped - hour 8 != 19
[2026-09-18 08:30:30] DEMO_PORTFOLIO_SKIP | LTS_AUS2_204 skipped - hour 8 != 15
[2026-09-18 08:30:30] DEMO_PORTFOLIO_SKIP | LTS_AUS2_205 skipped - hour 8 != 14
[2026-09-18 08:30:30] DEMO_PORTFOLIO_SKIP | LTS_AUS2_209 skipped - hour 8 != 18
[2026-09-18 08:30:30] DEMO_PORTFOLIO_SKIP | LTS_AUS2_210 skipped - hour 8 != 19
[2026-09-18 08:30:30] DEMO_PORTFOLIO_SKIP | LTS_AUS2_213 skipped - hour 8 != 16
[2026-09-18 08:30:31] DEMO_PORTFOLIO_SKIP | LTS_AUS2_214 skipped - hour 8 != 14
[2026-09-18 08:30:31] DEMO_PORTFOLIO_SKIP | LTS_AUS2_215 skipped - hour 8 != 19
[2026-09-18 08:30:31] DEMO_PORTFOLIO_SKIP | LTS_AUS2_219 skipped - hour 8 != 14
[2026-09-18 08:30:31] DEMO_PORTFOLIO_SKIP | LTS_AUS2_224 skipped - hour 8 != 20
[2026-09-18 08:30:31] DEMO_PORTFOLIO_SKIP | LTS_AUS2_225 skipped - hour 8 != 19
[2026-09-18 08:30:32] DEMO_PORTFOLIO_SKIP | LTS_AUS2_230 skipped - hour 8 != 21
[2026-09-18 08:30:32] DEMO_PORTFOLIO_SKIP | LTS_AUS2_235 skipped - hour 8 != 19
[2026-09-18 08:30:32] DEMO_PORTFOLIO_SKIP | LTS_AUS2_236 skipped - hour 8 != 20
[2026-09-18 08:30:32] DEMO_PORTFOLIO_SKIP | LTS_AUS2_240 skipped - hour 8 != 14
[2026-09-18 08:30:32] DEMO_PORTFOLIO_SKIP | LTS_AUS2_246 skipped - hour 8 != 20
[2026-09-18 08:30:32] DEMO_PORTFOLIO_SKIP | LTS_AUS2_247 skipped - hour 8 != 20
[2026-09-18 08:30:32] DEMO_PORTFOLIO_SKIP | LTS_AUS2_250 skipped - hour 8 != 15
[2026-09-18 08:30:33] DEMO_PORTFOLIO_SKIP | LTS_AUS2_251 skipped - hour 8 != 20
[2026-09-18 08:30:33] DEMO_PORTFOLIO_SKIP | LTS_AUS2_258 skipped - hour 8 != 19
[2026-09-18 08:30:33] DEMO_PORTFOLIO_SKIP | LTS_AUS2_261 skipped - hour 8 != 16
[2026-09-18 08:30:33] DEMO_PORTFOLIO_SKIP | LTS_AUS2_262 skipped - hour 8 != 14
[2026-09-18 08:30:33] DEMO_PORTFOLIO_SKIP | LTS_AUS2_265 skipped - hour 8 != 14
[2026-09-18 08:30:33] DEMO_PORTFOLIO_SKIP | LTS_AUS2_270 skipped - hour 8 != 21
[2026-09-18 08:30:33] DEMO_PORTFOLIO_SKIP | LTS_AUS2_277 skipped - hour 8 != 14
[2026-09-18 08:30:33] DEMO_PORTFOLIO_SKIP | LTS_AUS2_278 skipped - hour 8 != 10
[2026-09-18 08:30:33] DEMO_PORTFOLIO_SKIP | LTS_AUS2_283 skipped - hour 8 != 18
[2026-09-18 08:30:33] DEMO_PORTFOLIO_SKIP | LTS_AUS2_286 skipped - risk_distance 5.89 > 2.00
[2026-09-18 08:30:34] DEMO_PORTFOLIO_SKIP | LTS_AUS2_288 skipped - hour 8 != 20
[2026-09-18 08:30:34] DEMO_PORTFOLIO_SKIP | LTS_AUS2_289 skipped - hour 8 != 22
[2026-09-18 08:30:34] DEMO_PORTFOLIO_SKIP | LTS_AUS2_292 skipped - hour 8 != 14
[2026-09-18 08:30:34] DEMO_PORTFOLIO_SKIP | LTS_AUS2_293 skipped - hour 8 != 10
[2026-09-18 08:30:34] DEMO_PORTFOLIO_SKIP | LTS_AUS2_297 skipped - hour 8 != 17
[2026-09-18 08:30:34] DEMO_PORTFOLIO_SKIP | LTS_AUS2_302 skipped - hour 8 != 21
[2026-09-18 08:30:34] DEMO_PORTFOLIO_SKIP | LTS_AUS2_303 skipped - hour 8 != 10
[2026-09-18 08:30:34] DEMO_PORTFOLIO_SKIP | LTS_AUS2_308 skipped - hour 8 != 9
[2026-09-18 08:30:35] DEMO_PORTFOLIO_SKIP | LTS_AUS2_309 skipped - hour 8 != 10
[2026-09-18 08:30:35] DEMO_PORTFOLIO_SKIP | LTS_AUS2_318 skipped - hour 8 != 19
[2026-09-18 08:30:35] DEMO_PORTFOLIO_SKIP | LTS_AUS2_324 skipped - hour 8 != 12
[2026-09-18 08:30:35] DEMO_PORTFOLIO_SKIP | LTS_AUS2_325 skipped - hour 8 != 14
[2026-09-18 08:30:35] DEMO_PORTFOLIO_SKIP | LTS_AUS2_327 skipped - hour 8 != 20
[2026-09-18 08:30:35] DEMO_PORTFOLIO_SKIP | LTS_AUS2_328 skipped - hour 8 != 10
[2026-09-18 08:30:35] DEMO_PORTFOLIO_SKIP | LTS_AUS2_329 skipped - hour 8 != 19
[2026-09-18 08:30:35] DEMO_PORTFOLIO_SKIP | LTS_AUS2_332 skipped - hour 8 != 10
[2026-09-18 08:30:35] DEMO_PORTFOLIO_SKIP | LTS_AUS2_333 skipped - hour 8 != 14
[2026-09-18 08:30:35] DEMO_PORTFOLIO_SKIP | LTS_AUS2_334 skipped - hour 8 != 22
[2026-09-18 08:30:35] DEMO_PORTFOLIO_SKIP | LTS_AUS2_336 skipped - hour 8 != 20
[2026-09-18 08:30:36] DEMO_PORTFOLIO_SKIP | LTS_AUS2_337 skipped - hour 8 != 19
[2026-09-18 08:30:36] DEMO_PORTFOLIO_SKIP | LTS_AUS2_341 skipped - hour 8 != 14
[2026-09-18 08:30:36] DEMO_PORTFOLIO_SKIP | LTS_AUS2_346 skipped - hour 8 != 9
[2026-09-18 08:30:36] DEMO_PORTFOLIO_SKIP | LTS_AUS2_347 skipped - hour 8 != 10
[2026-09-18 08:30:36] DEMO_PORTFOLIO_SKIP | LTS_AUS2_352 skipped - hour 8 != 14
[2026-09-18 08:30:36] DEMO_PORTFOLIO_SKIP | LTS_AUS2_358 skipped - hour 8 != 9
[2026-09-18 08:30:37] DEMO_PORTFOLIO_SKIP | LTS_AUS2_361 skipped - hour 8 != 16
[2026-09-18 08:30:37] DEMO_PORTFOLIO_SKIP | LTS_AUS2_362 skipped - hour 8 != 19
[2026-09-18 08:30:37] DEMO_PORTFOLIO_SKIP | LTS_AUS2_368 skipped - hour 8 != 12
[2026-09-18 08:30:37] DEMO_PORTFOLIO_SKIP | LTS_AUS2_369 skipped - hour 8 != 14
[2026-09-18 08:30:37] DEMO_PORTFOLIO_SKIP | LTS_AUS2_370 skipped - hour 8 != 9
[2026-09-18 08:30:37] DEMO_PORTFOLIO_SKIP | LTS_AUS2_371 skipped - hour 8 != 16
[2026-09-18 08:30:37] DEMO_PORTFOLIO_SKIP | LTS_AUS2_372 skipped - hour 8 != 10
[2026-09-18 08:30:37] DEMO_PORTFOLIO_SKIP | LTS_AUS2_374 skipped - hour 8 != 12
[2026-09-18 08:30:37] DEMO_PORTFOLIO_SKIP | LTS_AUS2_378 skipped - hour 8 != 16
[2026-09-18 08:30:38] DEMO_PORTFOLIO_SKIP | LTS_AUS2_379 skipped - hour 8 != 16
[2026-09-18 08:30:38] DEMO_PORTFOLIO_SKIP | LTS_AUS2_381 skipped - hour 8 != 14
[2026-09-18 08:30:38] DEMO_PORTFOLIO_SKIP | LTS_AUS2_383 skipped - hour 8 != 12
[2026-09-18 08:30:38] DEMO_PORTFOLIO_SKIP | LTS_AUS2_384 skipped - hour 8 != 9
[2026-09-18 08:30:38] DEMO_PORTFOLIO_SKIP | LTS_AUS2_385 skipped - hour 8 != 19
[2026-09-18 08:30:38] DEMO_PORTFOLIO_SKIP | LTS_AUS2_387 skipped - hour 8 != 12
[2026-09-18 08:30:38] DEMO_PORTFOLIO_SKIP | LTS_AUS2_388 skipped - hour 8 != 14
[2026-09-18 08:30:38] DEMO_PORTFOLIO_SKIP | LTS_AUS2_389 skipped - hour 8 != 14
[2026-09-18 08:30:38] DEMO_PORTFOLIO_SKIP | LTS_AUS2_391 skipped - hour 8 != 9
[2026-09-18 08:30:38] DEMO_PORTFOLIO_SKIP | LTS_AUS2_392 skipped - hour 8 != 9
[2026-09-18 08:30:38] DEMO_PORTFOLIO_SKIP | LTS_AUS2_393 skipped - hour 8 != 14
[2026-09-18 08:30:38] DEMO_PORTFOLIO_SKIP | LTS_AUS2_395 skipped - hour 8 != 12
[2026-09-18 08:30:39] DEMO_PORTFOLIO_SKIP | LTS_AUS2_396 skipped - hour 8 != 14
[2026-09-18 08:30:39] DEMO_PORTFOLIO_SKIP | LTS_AUS2_398 skipped - hour 8 != 12
[2026-09-18 08:30:39] DEMO_PORTFOLIO_SKIP | LTS_AUS2_399 skipped - hour 8 != 14
[2026-09-18 08:30:39] DEMO_PORTFOLIO_SKIP | LTS_AUS2_401 skipped - hour 8 != 9
[2026-09-18 08:30:39] DEMO_PORTFOLIO_SKIP | LTS_AUS2_402 skipped - hour 8 != 14
[2026-09-18 08:30:39] DEMO_PORTFOLIO_SKIP | LTS_AUS2_404 skipped - hour 8 != 12
[2026-09-18 08:30:40] DEMO_PORTFOLIO_SKIP | LTS_AUS2_405 skipped - risk_distance 5.89 > 2.00
[2026-09-18 08:30:40] DEMO_PORTFOLIO_SKIP | LTS_AUS2_406 skipped - hour 8 != 14
[2026-09-18 08:30:40] DEMO_PORTFOLIO_SKIP | LTS_AUS2_408 skipped - hour 8 != 9
[2026-09-18 08:30:40] DEMO_PORTFOLIO_SKIP | LTS_AUS2_409 skipped - risk_distance 5.89 > 2.00
[2026-09-18 08:30:40] DEMO_PORTFOLIO_SKIP | LTS_AUS2_410 skipped - hour 8 != 14
[2026-09-18 08:30:40] DEMO_PORTFOLIO_SKIP | LTS_AUS2_412 skipped - hour 8 != 12
[2026-09-18 08:30:40] DEMO_PORTFOLIO_SKIP | LTS_AUS2_413 skipped - risk_distance 5.89 > 2.00
[2026-09-18 08:30:40] DEMO_PORTFOLIO_SKIP | LTS_AUS2_414 skipped - hour 8 != 14
[2026-09-18 08:30:40] DEMO_PORTFOLIO_SKIP | LTS_AUS2_416 skipped - hour 8 != 9
[2026-09-18 08:30:40] DEMO_PORTFOLIO_SKIP | LTS_AUS2_417 skipped - risk_distance 5.89 > 2.00
[2026-09-18 08:30:40] DEMO_PORTFOLIO_SKIP | LTS_AUS2_418 skipped - hour 8 != 14
[2026-09-18 08:30:41] DEMO_PORTFOLIO_SKIP | LTS_AUS2_420 skipped - hour 8 != 12
[2026-09-18 08:30:41] DEMO_PORTFOLIO_SKIP | LTS_AUS2_421 skipped - risk_distance 5.89 > 2.00
[2026-09-18 08:30:41] DEMO_PORTFOLIO_SKIP | LTS_AUS2_422 skipped - hour 8 != 14
[2026-09-18 08:30:41] DEMO_PORTFOLIO_SKIP | LTS_AUS2_424 skipped - hour 8 != 9
[2026-09-18 08:30:41] DEMO_PORTFOLIO_SKIP | LTS_AUS2_425 skipped - risk_distance 5.89 > 2.00
[2026-09-18 08:30:41] DEMO_PORTFOLIO_SKIP | LTS_AUS2_426 skipped - hour 8 != 14
[2026-09-18 08:30:41] DEMO_PORTFOLIO_SKIP | LTS_AUS2_428 skipped - hour 8 != 12
[2026-09-18 08:30:41] DEMO_PORTFOLIO_SKIP | LTS_AUS2_429 skipped - risk_distance 5.89 > 2.00
[2026-09-18 08:30:41] DEMO_PORTFOLIO_SKIP | LTS_AUS2_430 skipped - hour 8 != 14
[2026-09-18 08:30:42] DEMO_PORTFOLIO_SKIP | LTS_AUS2_432 skipped - hour 8 != 9
[2026-09-18 08:30:42] DEMO_PORTFOLIO_SKIP | LTS_AUS2_433 skipped - risk_distance 5.89 > 2.00
[2026-09-18 08:30:42] DEMO_PORTFOLIO_SKIP | LTS_AUS2_434 skipped - hour 8 != 14
[2026-09-18 08:30:42] DEMO_PORTFOLIO_SKIP | LTS_AUS2_436 skipped - hour 8 != 12
[2026-09-18 08:30:42] DEMO_PORTFOLIO_SKIP | LTS_AUS2_437 skipped - risk_distance 5.89 > 2.00
[2026-09-18 08:30:42] DEMO_PORTFOLIO_SKIP | LTS_AUS2_438 skipped - hour 8 != 14
[2026-09-18 08:30:42] DEMO_PORTFOLIO_SKIP | LTS_AUS2_440 skipped - hour 8 != 9
[2026-09-18 08:30:42] DEMO_PORTFOLIO_SKIP | LTS_AUS2_441 skipped - risk_distance 5.89 > 2.00
[2026-09-18 08:30:42] DEMO_PORTFOLIO_SKIP | LTS_AUS2_442 skipped - hour 8 != 14
[2026-09-18 08:30:43] DEMO_PORTFOLIO_SKIP | LTS_AUS2_444 skipped - hour 8 != 12
[2026-09-18 08:30:43] DEMO_PORTFOLIO_SKIP | LTS_AUS2_445 skipped - risk_distance 5.89 > 2.00
[2026-09-18 08:30:43] DEMO_PORTFOLIO_SKIP | LTS_AUS2_446 skipped - hour 8 != 14
[2026-09-18 08:30:43] DEMO_PORTFOLIO_SKIP | LTS_AUS2_449 skipped - hour 8 != 9
[2026-09-18 08:30:43] DEMO_PORTFOLIO_SKIP | LTS_AUS2_450 skipped - risk_distance 5.89 > 2.00
[2026-09-18 08:30:43] DEMO_PORTFOLIO_SKIP | LTS_AUS2_451 skipped - hour 8 != 14
[2026-09-18 08:30:43] DEMO_PORTFOLIO_SKIP | LTS_AUS2_453 skipped - hour 8 != 12
[2026-09-18 08:30:43] DEMO_PORTFOLIO_SKIP | LTS_AUS2_454 skipped - risk_distance 5.89 > 2.00
[2026-09-18 08:30:43] DEMO_PORTFOLIO_SKIP | LTS_AUS2_455 skipped - hour 8 != 14
[2026-09-18 08:30:43] DEMO_PORTFOLIO_SKIP | LTS_AUS2_457 skipped - hour 8 != 9
[2026-09-18 08:30:43] DEMO_PORTFOLIO_SKIP | LTS_AUS2_458 skipped - risk_distance 5.89 > 2.00
[2026-09-18 08:30:44] DEMO_PORTFOLIO_SKIP | LTS_AUS2_459 skipped - hour 8 != 14
[2026-09-18 08:30:44] DEMO_PORTFOLIO_SKIP | LTS_AUS2_461 skipped - hour 8 != 12
[2026-09-18 08:30:44] DEMO_PORTFOLIO_SKIP | LTS_AUS2_462 skipped - risk_distance 5.89 > 2.00
[2026-09-18 08:30:44] DEMO_PORTFOLIO_SKIP | LTS_AUS2_463 skipped - hour 8 != 14
[2026-09-18 08:30:44] DEMO_PORTFOLIO_SKIP | LTS_AUS2_465 skipped - hour 8 != 9
[2026-09-18 08:30:44] DEMO_PORTFOLIO_SKIP | LTS_AUS2_466 skipped - risk_distance 5.89 > 2.00
[2026-09-18 08:30:44] DEMO_PORTFOLIO_SKIP | LTS_AUS2_467 skipped - hour 8 != 14
[2026-09-18 08:30:44] DEMO_PORTFOLIO_SKIP | LTS_AUS2_469 skipped - hour 8 != 12
[2026-09-18 08:30:45] DEMO_PORTFOLIO_SKIP | LTS_AUS2_470 skipped - risk_distance 5.89 > 2.00
[2026-09-18 08:30:45] DEMO_PORTFOLIO_SKIP | LTS_AUS2_471 skipped - hour 8 != 14
[2026-09-18 08:30:45] DEMO_PORTFOLIO_SKIP | LTS_AUS2_473 skipped - hour 8 != 9
[2026-09-18 08:30:45] DEMO_PORTFOLIO_SKIP | LTS_AUS2_474 skipped - risk_distance 5.89 > 2.00
[2026-09-18 08:30:45] DEMO_PORTFOLIO_SKIP | LTS_AUS2_475 skipped - hour 8 != 14
[2026-09-18 08:30:45] DEMO_PORTFOLIO_SKIP | LTS_AUS2_477 skipped - hour 8 != 12
[2026-09-18 08:30:45] DEMO_PORTFOLIO_SKIP | LTS_AUS2_478 skipped - risk_distance 5.89 > 2.00
[2026-09-18 08:30:45] DEMO_PORTFOLIO_SKIP | LTS_AUS2_479 skipped - hour 8 != 14
[2026-09-18 08:30:45] DEMO_PORTFOLIO_SKIP | LTS_AUS2_481 skipped - hour 8 != 9
[2026-09-18 08:30:45] DEMO_PORTFOLIO_SKIP | LTS_AUS2_482 skipped - risk_distance 5.89 > 2.00
[2026-09-18 08:30:45] DEMO_PORTFOLIO_SKIP | LTS_AUS2_483 skipped - hour 8 != 14
[2026-09-18 08:30:46] DEMO_PORTFOLIO_SKIP | LTS_AUS2_485 skipped - hour 8 != 12
[2026-09-18 08:30:46] DEMO_PORTFOLIO_SKIP | LTS_AUS2_486 skipped - risk_distance 5.89 > 2.00
[2026-09-18 08:30:46] DEMO_PORTFOLIO_SKIP | LTS_AUS2_487 skipped - hour 8 != 14
[2026-09-18 08:30:46] DEMO_PORTFOLIO_SKIP | LTS_AUS2_489 skipped - hour 8 != 9
[2026-09-18 08:30:46] DEMO_PORTFOLIO_SKIP | LTS_AUS2_490 skipped - risk_distance 5.89 > 2.00
[2026-09-18 08:30:46] DEMO_PORTFOLIO_SKIP | LTS_AUS2_491 skipped - hour 8 != 14
[2026-09-18 08:30:46] DEMO_PORTFOLIO_SKIP | LTS_AUS2_493 skipped - hour 8 != 12
[2026-09-18 08:30:47] DEMO_PORTFOLIO_SKIP | LTS_AUS2_494 skipped - risk_distance 5.89 > 2.00
[2026-09-18 08:30:47] DEMO_PORTFOLIO_SKIP | LTS_AUS2_495 skipped - hour 8 != 14
[2026-09-18 08:30:47] DEMO_PORTFOLIO_SKIP | LTS_AUS2_497 skipped - hour 8 != 9
[2026-09-18 08:30:47] DEMO_PORTFOLIO_SKIP | LTS_AUS2_498 skipped - risk_distance 5.89 > 2.00
[2026-09-18 08:30:47] DEMO_PORTFOLIO_SKIP | LTS_AUS2_499 skipped - hour 8 != 14
[2026-09-18 08:30:47] DEMO_PORTFOLIO_SKIP | LTS_AUS2_501 skipped - hour 8 != 12
[2026-09-18 08:30:47] DEMO_PORTFOLIO_SKIP | LTS_AUS2_502 skipped - risk_distance 5.89 > 2.00
[2026-09-18 08:30:47] DEMO_PORTFOLIO_SKIP | LTS_AUS2_503 skipped - hour 8 != 14
[2026-09-18 08:30:47] DEMO_PORTFOLIO_SKIP | LTS_AUS2_505 skipped - hour 8 != 9
[2026-09-18 08:30:48] DEMO_PORTFOLIO_SKIP | LTS_AUS2_506 skipped - risk_distance 5.89 > 2.00
[2026-09-18 08:30:48] DEMO_PORTFOLIO_SKIP | LTS_AUS2_507 skipped - hour 8 != 14
[2026-09-18 08:30:48] DEMO_PORTFOLIO_SKIP | LTS_AUS2_509 skipped - hour 8 != 12
[2026-09-18 08:30:48] DEMO_PORTFOLIO_SKIP | LTS_AUS2_510 skipped - risk_distance 5.89 > 2.00
[2026-09-18 08:30:48] DEMO_PORTFOLIO_SKIP | LTS_AUS2_511 skipped - hour 8 != 14
[2026-09-18 08:30:48] DEMO_PORTFOLIO_SKIP | LTS_AUS2_513 skipped - hour 8 != 9
[2026-09-18 08:30:48] DEMO_PORTFOLIO_SKIP | LTS_AUS2_514 skipped - risk_distance 5.89 > 2.00
[2026-09-18 08:30:48] DEMO_PORTFOLIO_SKIP | LTS_AUS2_515 skipped - hour 8 != 14
[2026-09-18 08:30:48] DEMO_PORTFOLIO_SKIP | LTS_AUS2_517 skipped - hour 8 != 12
[2026-09-18 08:30:48] DEMO_PORTFOLIO_SKIP | LTS_AUS2_518 skipped - risk_distance 5.89 > 2.00
[2026-09-18 08:30:48] DEMO_PORTFOLIO_SKIP | LTS_AUS2_519 skipped - hour 8 != 14
[2026-09-18 08:30:49] DEMO_PORTFOLIO_SKIP | LTS_AUS2_521 skipped - hour 8 != 9
[2026-09-18 08:30:49] DEMO_PORTFOLIO_SKIP | LTS_AUS2_522 skipped - risk_distance 5.89 > 2.00
[2026-09-18 08:30:49] DEMO_PORTFOLIO_SKIP | LTS_AUS2_523 skipped - hour 8 != 14
[2026-09-18 08:30:49] DEMO_PORTFOLIO_SKIP | LTS_AUS2_525 skipped - hour 8 != 12
[2026-09-18 08:30:49] DEMO_PORTFOLIO_SKIP | LTS_AUS2_526 skipped - risk_distance 5.89 > 2.00
[2026-09-18 08:30:49] DEMO_PORTFOLIO_SKIP | LTS_AUS2_527 skipped - hour 8 != 14
[2026-09-18 08:30:49] DEMO_PORTFOLIO_SKIP | LTS_AUS2_529 skipped - hour 8 != 9
[2026-09-18 08:30:49] DEMO_PORTFOLIO_SKIP | LTS_AUS2_530 skipped - risk_distance 5.89 > 2.00
[2026-09-18 08:30:49] DEMO_PORTFOLIO_SKIP | LTS_AUS2_531 skipped - hour 8 != 14
[2026-09-18 08:30:50] DEMO_PORTFOLIO_SKIP | LTS_AUS2_533 skipped - hour 8 != 12
[2026-09-18 08:30:50] DEMO_PORTFOLIO_SKIP | LTS_AUS2_534 skipped - risk_distance 5.89 > 2.00
[2026-09-18 08:30:50] DEMO_PORTFOLIO_SKIP | LTS_AUS2_535 skipped - hour 8 != 14
[2026-09-18 08:30:50] DEMO_PORTFOLIO_SKIP | LTS_AUS2_537 skipped - hour 8 != 9
[2026-09-18 08:30:50] DEMO_PORTFOLIO_SKIP | LTS_AUS2_538 skipped - risk_distance 5.89 > 2.00
[2026-09-18 08:30:50] DEMO_PORTFOLIO_SKIP | LTS_AUS2_539 skipped - hour 8 != 14
[2026-09-18 08:30:50] DEMO_PORTFOLIO_SKIP | LTS_AUS2_541 skipped - hour 8 != 12
[2026-09-18 08:30:50] DEMO_PORTFOLIO_SKIP | LTS_AUS2_542 skipped - risk_distance 5.89 > 2.00
[2026-09-18 08:30:50] DEMO_PORTFOLIO_SKIP | LTS_AUS2_543 skipped - hour 8 != 14
[2026-09-18 08:30:51] DEMO_PORTFOLIO_SKIP | LTS_AUS2_545 skipped - hour 8 != 9
[2026-09-18 08:30:51] DEMO_PORTFOLIO_SKIP | LTS_AUS2_546 skipped - risk_distance 5.89 > 2.00
[2026-09-18 08:30:51] DEMO_PORTFOLIO_SKIP | LTS_AUS2_547 skipped - hour 8 != 14
[2026-09-18 08:30:51] DEMO_PORTFOLIO_SKIP | LTS_AUS2_549 skipped - hour 8 != 12
[2026-09-18 08:30:51] DEMO_PORTFOLIO_SKIP | LTS_AUS2_550 skipped - hour 8 != 9
[2026-09-18 08:30:51] DEMO_PORTFOLIO_SKIP | LTS_AUS2_551 skipped - risk_distance 5.89 > 2.00
[2026-09-18 08:30:51] DEMO_PORTFOLIO_SKIP | LTS_AUS2_552 skipped - hour 8 != 14
[2026-09-18 08:30:52] DEMO_PORTFOLIO_SKIP | LTS_AUS2_554 skipped - hour 8 != 12
[2026-09-18 08:30:52] DEMO_PORTFOLIO_SKIP | LTS_AUS2_555 skipped - risk_distance 5.89 > 2.00
[2026-09-18 08:30:52] DEMO_PORTFOLIO_SKIP | LTS_AUS2_556 skipped - hour 8 != 14
[2026-09-18 08:30:52] DEMO_PORTFOLIO_SKIP | LTS_AUS2_558 skipped - hour 8 != 9
[2026-09-18 08:30:52] DEMO_PORTFOLIO_SKIP | LTS_AUS2_559 skipped - risk_distance 5.89 > 2.00
[2026-09-18 08:30:52] DEMO_PORTFOLIO_SKIP | LTS_AUS2_560 skipped - hour 8 != 14
[2026-09-18 08:30:52] DEMO_PORTFOLIO_SKIP | LTS_AUS2_562 skipped - hour 8 != 12
[2026-09-18 08:30:52] DEMO_PORTFOLIO_SKIP | LTS_AUS2_563 skipped - risk_distance 5.89 > 2.00
[2026-09-18 08:30:52] DEMO_PORTFOLIO_SKIP | LTS_AUS2_564 skipped - hour 8 != 14
[2026-09-18 08:30:53] DEMO_PORTFOLIO_SKIP | LTS_AUS2_566 skipped - hour 8 != 9
[2026-09-18 08:30:53] DEMO_PORTFOLIO_SKIP | LTS_AUS2_567 skipped - risk_distance 5.89 > 2.00
[2026-09-18 08:30:53] DEMO_PORTFOLIO_SKIP | LTS_AUS2_568 skipped - hour 8 != 14
[2026-09-18 08:30:53] DEMO_PORTFOLIO_SKIP | LTS_AUS2_570 skipped - hour 8 != 12
[2026-09-18 08:30:53] DEMO_PORTFOLIO_SKIP | LTS_AUS2_571 skipped - risk_distance 5.89 > 2.00
[2026-09-18 08:30:53] DEMO_PORTFOLIO_SKIP | LTS_AUS2_572 skipped - hour 8 != 14
[2026-09-18 08:30:53] DEMO_PORTFOLIO_SKIP | LTS_AUS2_574 skipped - hour 8 != 9
[2026-09-18 08:30:53] DEMO_PORTFOLIO_SKIP | LTS_AUS2_575 skipped - risk_distance 5.89 > 2.00
[2026-09-18 08:30:53] DEMO_PORTFOLIO_SKIP | LTS_AUS2_576 skipped - hour 8 != 14
[2026-09-18 08:30:53] DEMO_PORTFOLIO_SKIP | LTS_AUS2_578 skipped - hour 8 != 12
[2026-09-18 08:30:53] DEMO_PORTFOLIO_SKIP | LTS_AUS2_579 skipped - risk_distance 5.89 > 2.00
[2026-09-18 08:30:54] DEMO_PORTFOLIO_SKIP | LTS_AUS2_580 skipped - hour 8 != 14
[2026-09-18 08:30:54] DEMO_PORTFOLIO_SKIP | LTS_AUS2_582 skipped - hour 8 != 9
[2026-09-18 08:30:54] DEMO_PORTFOLIO_SKIP | LTS_AUS2_583 skipped - risk_distance 5.89 > 2.00
[2026-09-18 08:30:54] DEMO_PORTFOLIO_SKIP | LTS_AUS2_584 skipped - hour 8 != 14
[2026-09-18 08:30:54] DEMO_PORTFOLIO_SKIP | LTS_AUS2_586 skipped - hour 8 != 12
[2026-09-18 08:30:54] DEMO_PORTFOLIO_SKIP | LTS_AUS2_587 skipped - risk_distance 5.89 > 2.00
[2026-09-18 08:30:54] DEMO_PORTFOLIO_SKIP | LTS_AUS2_588 skipped - hour 8 != 14
[2026-09-18 08:30:54] DEMO_PORTFOLIO_SKIP | LTS_AUS2_589 skipped - hour 8 != 9
[2026-09-18 08:30:54] DEMO_PORTFOLIO_SKIP | LTS_AUS2_590 skipped - hour 8 != 9
[2026-09-18 08:30:55] DEMO_PORTFOLIO_SKIP | LTS_AUS2_591 skipped - hour 8 != 14
[2026-09-18 08:30:55] DEMO_PORTFOLIO_SKIP | LTS_AUS2_593 skipped - hour 8 != 12
[2026-09-18 08:30:55] DEMO_PORTFOLIO_SKIP | LTS_AUS2_594 skipped - risk_distance 5.89 > 2.00
[2026-09-18 08:30:55] DEMO_PORTFOLIO_SKIP | LTS_AUS2_595 skipped - hour 8 != 14
[2026-09-18 08:30:55] DEMO_PORTFOLIO_SKIP | LTS_AUS2_597 skipped - hour 8 != 12
[2026-09-18 08:30:55] DEMO_PORTFOLIO_SKIP | LTS_AUS2_598 skipped - risk_distance 5.89 > 2.00
[2026-09-18 08:30:55] DEMO_PORTFOLIO_SKIP | LTS_AUS2_599 skipped - hour 8 != 14
[2026-09-18 08:30:55] DEMO_PORTFOLIO_SKIP | LTS_AUS2_601 skipped - hour 8 != 9
[2026-09-18 08:30:55] DEMO_PORTFOLIO_SKIP | LTS_AUS2_602 skipped - risk_distance 5.89 > 2.00
[2026-09-18 08:30:56] DEMO_PORTFOLIO_SKIP | LTS_AUS2_603 skipped - hour 8 != 14
[2026-09-18 08:30:56] DEMO_PORTFOLIO_SKIP | LTS_AUS2_605 skipped - hour 8 != 12
[2026-09-18 08:30:56] DEMO_PORTFOLIO_SKIP | LTS_AUS2_606 skipped - risk_distance 5.89 > 2.00
[2026-09-18 08:30:56] DEMO_PORTFOLIO_SKIP | LTS_AUS2_607 skipped - hour 8 != 14
[2026-09-18 08:30:56] DEMO_PORTFOLIO_SKIP | LTS_AUS2_609 skipped - hour 8 != 9
[2026-09-18 08:30:56] DEMO_PORTFOLIO_SKIP | LTS_AUS2_610 skipped - risk_distance 5.89 > 2.00
[2026-09-18 08:30:56] DEMO_PORTFOLIO_SKIP | LTS_AUS2_611 skipped - hour 8 != 14
[2026-09-18 08:30:57] DEMO_PORTFOLIO_SKIP | LTS_AUS2_613 skipped - hour 8 != 12
[2026-09-18 08:30:57] DEMO_PORTFOLIO_SKIP | LTS_AUS2_614 skipped - risk_distance 5.89 > 2.00
[2026-09-18 08:30:57] DEMO_PORTFOLIO_SKIP | LTS_AUS2_615 skipped - hour 8 != 14
[2026-09-18 08:30:57] DEMO_PORTFOLIO_SKIP | LTS_AUS2_617 skipped - hour 8 != 9
[2026-09-18 08:30:57] DEMO_PORTFOLIO_SKIP | LTS_AUS2_618 skipped - risk_distance 5.89 > 2.00
[2026-09-18 08:30:57] DEMO_PORTFOLIO_SKIP | LTS_AUS2_619 skipped - hour 8 != 14
[2026-09-18 08:30:57] DEMO_PORTFOLIO_SKIP | LTS_AUS2_621 skipped - hour 8 != 12
[2026-09-18 08:30:57] DEMO_PORTFOLIO_SKIP | LTS_AUS2_622 skipped - risk_distance 5.89 > 2.00
[2026-09-18 08:30:57] DEMO_PORTFOLIO_SKIP | LTS_AUS2_623 skipped - hour 8 != 14
[2026-09-18 08:30:58] DEMO_PORTFOLIO_SKIP | LTS_AUS2_625 skipped - hour 8 != 9
[2026-09-18 08:30:58] DEMO_PORTFOLIO_SKIP | LTS_AUS2_626 skipped - risk_distance 5.89 > 2.00
[2026-09-18 08:30:58] DEMO_PORTFOLIO_SKIP | LTS_AUS2_627 skipped - hour 8 != 14
[2026-09-18 08:30:58] DEMO_PORTFOLIO_SKIP | LTS_AUS2_629 skipped - hour 8 != 12
[2026-09-18 08:30:58] DEMO_PORTFOLIO_SKIP | LTS_AUS2_630 skipped - risk_distance 5.89 > 2.00
[2026-09-18 08:30:58] DEMO_PORTFOLIO_SKIP | LTS_AUS2_631 skipped - hour 8 != 14
[2026-09-18 08:30:58] DEMO_PORTFOLIO_SKIP | LTS_AUS2_633 skipped - hour 8 != 9
[2026-09-18 08:30:58] DEMO_PORTFOLIO_SKIP | LTS_AUS2_634 skipped - risk_distance 5.89 > 2.00
[2026-09-18 08:30:58] DEMO_PORTFOLIO_SKIP | LTS_AUS2_635 skipped - hour 8 != 14
[2026-09-18 08:30:58] DEMO_PORTFOLIO_SKIP | LTS_AUS2_636 skipped - hour 8 != 12
[2026-09-18 08:30:58] DEMO_PORTFOLIO_SKIP | LTS_AUS2_637 skipped - hour 8 != 9
[2026-09-18 08:30:58] DEMO_PORTFOLIO_SKIP | LTS_AUS2_638 skipped - hour 8 != 14
[2026-09-18 08:30:59] DEMO_PORTFOLIO_SKIP | LTS_AUS2_640 skipped - hour 8 != 12
[2026-09-18 08:30:59] DEMO_PORTFOLIO_SKIP | LTS_AUS2_641 skipped - risk_distance 5.89 > 2.00
[2026-09-18 08:30:59] DEMO_PORTFOLIO_SKIP | LTS_AUS2_642 skipped - hour 8 != 14
[2026-09-18 08:30:59] DEMO_PORTFOLIO_SCAN | XAUUSDm done active=LTS_AUS2
[2026-09-18 08:31:22] SYMBOL_CHECK | XAUUSDm trade_mode=4 xau_open=True | trade_mode=4 | tick_time=1789695083 | bid=4358.411 | ask=4358.671 | tick_ok=True | xau_open=True | current_symbol=XAUUSDm | startup=False
[2026-09-18 08:32:23] SYMBOL_CHECK | XAUUSDm trade_mode=4 xau_open=True | trade_mode=4 | tick_time=1789695143 | bid=4355.156 | ask=4355.416 | tick_ok=True | xau_open=True | current_symbol=XAUUSDm | startup=False
[2026-09-18 08:33:23] SYMBOL_CHECK | XAUUSDm trade_mode=4 xau_open=True | trade_mode=4 | tick_time=1789695203 | bid=4352.603 | ask=4352.863 | tick_ok=True | xau_open=True | current_symbol=XAUUSDm | startup=False
[2026-09-18 08:34:23] SYMBOL_CHECK | XAUUSDm trade_mode=4 xau_open=True | trade_mode=4 | tick_time=1789695263 | bid=4354.026 | ask=4354.286 | tick_ok=True | xau_open=True | current_symbol=XAUUSDm | startup=False
[2026-09-18 08:35:23] SYMBOL_CHECK | XAUUSDm trade_mode=4 xau_open=True | trade_mode=4 | tick_time=1789695323 | bid=4352.102 | ask=4352.362 | tick_ok=True | xau_open=True | current_symbol=XAUUSDm | startup=False
[2026-09-18 08:35:23] DEMO_PORTFOLIO_SCAN | XAUUSDm open active=LTS_AUS2
[2026-09-18 08:35:24] DEMO_PORTFOLIO_PENDING_FILL | LTS_AUS2_652 BUY lot=0.06 entry=4356.247 sl=4296.4475357142865 tp=4475.845928571428 success=True ticket=3840864351 err=None
[2026-09-18 08:35:24] DEMO_PORTFOLIO_SCAN | XAUUSDm done active=LTS_AUS2
[2026-09-18 08:35:25] TG_SENT | [AF SIGNAL] *💎✨ Avengers Ultra Safe v2* | Leg: `LTS_AUS2_652 DIRECT_S96_H1` | BUY @ pending-fill market lot `0.06` | Entry `4356.25` SL `4296.45` TP `4475.85` | Ticket: `3840864351`
[2026-09-18 08:36:22] SYMBOL_CHECK | XAUUSDm trade_mode=4 xau_open=True | trade_mode=4 | tick_time=1789695383 | bid=4353.693 | ask=4353.953 | tick_ok=True | xau_open=True | current_symbol=XAUUSDm | startup=False
[2026-09-18 08:37:23] SYMBOL_CHECK | XAUUSDm trade_mode=4 xau_open=True | trade_mode=4 | tick_time=1789695442 | bid=4354.497 | ask=4354.757 | tick_ok=True | xau_open=True | current_symbol=XAUUSDm | startup=False
[2026-09-18 08:38:22] SYMBOL_CHECK | XAUUSDm trade_mode=4 xau_open=True | trade_mode=4 | tick_time=1789695503 | bid=4354.124 | ask=4354.384 | tick_ok=True | xau_open=True | current_symbol=XAUUSDm | startup=False
[2026-09-18 08:39:22] SYMBOL_CHECK | XAUUSDm trade_mode=4 xau_open=True | trade_mode=4 | tick_time=1789695563 | bid=4353.095 | ask=4353.355 | tick_ok=True | xau_open=True | current_symbol=XAUUSDm | startup=False
[2026-09-18 08:40:23] SYMBOL_CHECK | XAUUSDm trade_mode=4 xau_open=True | trade_mode=4 | tick_time=1789695623 | bid=4349.646 | ask=4349.906 | tick_ok=True | xau_open=True | current_symbol=XAUUSDm | startup=False
[2026-09-18 08:40:23] DEMO_PORTFOLIO_SCAN | XAUUSDm open active=LTS_AUS2
[2026-09-18 08:40:23] DEMO_PORTFOLIO_SCAN | XAUUSDm done active=LTS_AUS2
[2026-09-18 08:41:22] SYMBOL_CHECK | XAUUSDm trade_mode=4 xau_open=True | trade_mode=4 | tick_time=1789695682 | bid=4350.329 | ask=4350.589 | tick_ok=True | xau_open=True | current_symbol=XAUUSDm | startup=False
[2026-09-18 08:42:23] SYMBOL_CHECK | XAUUSDm trade_mode=4 xau_open=True | trade_mode=4 | tick_time=1789695743 | bid=4349.914 | ask=4350.174 | tick_ok=True | xau_open=True | current_symbol=XAUUSDm | startup=False
[2026-09-18 08:43:22] SYMBOL_CHECK | XAUUSDm trade_mode=4 xau_open=True | trade_mode=4 | tick_time=1789695803 | bid=4349.039 | ask=4349.299 | tick_ok=True | xau_open=True | current_symbol=XAUUSDm | startup=False
[2026-09-18 08:44:23] SYMBOL_CHECK | XAUUSDm trade_mode=4 xau_open=True | trade_mode=4 | tick_time=1789695863 | bid=4349.323 | ask=4349.583 | tick_ok=True | xau_open=True | current_symbol=XAUUSDm | startup=False
[2026-09-18 08:45:22] SYMBOL_CHECK | XAUUSDm trade_mode=4 xau_open=True | trade_mode=4 | tick_time=1789695923 | bid=4347.605 | ask=4347.865 | tick_ok=True | xau_open=True | current_symbol=XAUUSDm | startup=False
[2026-09-18 08:45:22] DEMO_PORTFOLIO_SCAN | XAUUSDm open active=LTS_AUS2
[2026-09-18 08:45:22] DEMO_PORTFOLIO_SCAN | XAUUSDm done active=LTS_AUS2
[2026-09-18 08:46:23] SYMBOL_CHECK | XAUUSDm trade_mode=4 xau_open=True | trade_mode=4 | tick_time=1789695983 | bid=4346.608 | ask=4346.868 | tick_ok=True | xau_open=True | current_symbol=XAUUSDm | startup=False
[2026-09-18 08:50:54] APP_START | Bot starting | symbol=XAUUSD | scan_interval=1
[2026-09-18 08:50:56] SYMBOL_RESOLVED | XAUUSD -> XAUUSDm | requested=XAUUSD | resolved=XAUUSDm
[2026-09-18 08:50:56] SYMBOL_CHECK | XAUUSDm trade_mode=4 xau_open=True | trade_mode=4 | tick_time=1789696257 | bid=4346.209 | ask=4346.469 | tick_ok=True | xau_open=True | current_symbol=XAUUSDm | startup=True
[2026-09-18 08:50:56] TG_SENT | ✅ *MT5 เชื่อมต่อสำเร็จ!* | ━━━━━━━━━━━━━━━━━ | 🤖 Bot เริ่มทำงาน | 💰 Account: `416010472` | 📊 Balance: `99571.55` | 📈 SYMBOL: `XAUUSDm` | ⏰ Scan ทุก 5 วินาที | 🕒 Time Mode: `MT5->BKK +6` | 🕒 MT5 Server: `UTC+1` | 🕒 Display: `BKK` | 📋 Strategy:  | 🕐 TF: M1, M5, M15, M30, H1, H4, H12, D1 |  | ♻️ *Restore state สำเร็จ* | 🗂 Saved at: `2026-09-18 08:47:08` | 📦 pending map: `0` | 📍 position tf: `0` | 📝 entry state: `0` | 📐 trail state: `0`
[2026-09-18 08:51:51] SYMBOL_CHECK | XAUUSDm trade_mode=4 xau_open=True | trade_mode=4 | tick_time=1789696311 | bid=4345.297 | ask=4345.557 | tick_ok=True | xau_open=True | current_symbol=XAUUSDm | startup=False
[2026-09-18 08:52:51] SYMBOL_CHECK | XAUUSDm trade_mode=4 xau_open=True | trade_mode=4 | tick_time=1789696371 | bid=4348.019 | ask=4348.279 | tick_ok=True | xau_open=True | current_symbol=XAUUSDm | startup=False
[2026-09-18 08:53:51] SYMBOL_CHECK | XAUUSDm trade_mode=4 xau_open=True | trade_mode=4 | tick_time=1789696432 | bid=4349.72 | ask=4349.98 | tick_ok=True | xau_open=True | current_symbol=XAUUSDm | startup=False
[2026-09-18 08:54:51] SYMBOL_CHECK | XAUUSDm trade_mode=4 xau_open=True | trade_mode=4 | tick_time=1789696491 | bid=4349.252 | ask=4349.512 | tick_ok=True | xau_open=True | current_symbol=XAUUSDm | startup=False
[2026-09-18 08:55:51] SYMBOL_CHECK | XAUUSDm trade_mode=4 xau_open=True | trade_mode=4 | tick_time=1789696551 | bid=4348.914 | ask=4349.174 | tick_ok=True | xau_open=True | current_symbol=XAUUSDm | startup=False
[2026-09-18 08:55:51] DEMO_PORTFOLIO_SCAN | XAUUSDm open active=LTS_AUS2
[2026-09-18 08:55:51] DEMO_PORTFOLIO_SCAN | XAUUSDm done active=LTS_AUS2
[2026-09-18 08:56:52] SYMBOL_CHECK | XAUUSDm trade_mode=4 xau_open=True | trade_mode=4 | tick_time=1789696612 | bid=4348.727 | ask=4348.987 | tick_ok=True | xau_open=True | current_symbol=XAUUSDm | startup=False
[2026-09-18 08:57:50] SYMBOL_CHECK | XAUUSDm trade_mode=4 xau_open=True | trade_mode=4 | tick_time=1789696671 | bid=4349.569 | ask=4349.829 | tick_ok=True | xau_open=True | current_symbol=XAUUSDm | startup=False
[2026-09-18 08:58:52] SYMBOL_CHECK | XAUUSDm trade_mode=4 xau_open=True | trade_mode=4 | tick_time=1789696731 | bid=4349.543 | ask=4349.803 | tick_ok=True | xau_open=True | current_symbol=XAUUSDm | startup=False
[2026-09-18 08:59:52] SYMBOL_CHECK | XAUUSDm trade_mode=4 xau_open=True | trade_mode=4 | tick_time=1789696792 | bid=4348.449 | ask=4348.709 | tick_ok=True | xau_open=True | current_symbol=XAUUSDm | startup=False
[2026-09-18 09:00:51] SYMBOL_CHECK | XAUUSDm trade_mode=4 xau_open=True | trade_mode=4 | tick_time=1789696851 | bid=4346.902 | ask=4347.162 | tick_ok=True | xau_open=True | current_symbol=XAUUSDm | startup=False
[2026-09-18 09:00:51] DEMO_PORTFOLIO_SCAN | XAUUSDm open active=LTS_AUS2
[2026-09-18 09:00:52] DEMO_PORTFOLIO_SCAN | XAUUSDm done active=LTS_AUS2
[2026-09-18 09:01:51] SYMBOL_CHECK | XAUUSDm trade_mode=4 xau_open=True | trade_mode=4 | tick_time=1789696912 | bid=4346.576 | ask=4346.836 | tick_ok=True | xau_open=True | current_symbol=XAUUSDm | startup=False
[2026-09-18 09:02:51] SYMBOL_CHECK | XAUUSDm trade_mode=4 xau_open=True | trade_mode=4 | tick_time=1789696971 | bid=4348.329 | ask=4348.589 | tick_ok=True | xau_open=True | current_symbol=XAUUSDm | startup=False
[2026-09-18 09:03:51] SYMBOL_CHECK | XAUUSDm trade_mode=4 xau_open=True | trade_mode=4 | tick_time=1789697031 | bid=4348.591 | ask=4348.851 | tick_ok=True | xau_open=True | current_symbol=XAUUSDm | startup=False
[2026-09-18 09:04:50] SYMBOL_CHECK | XAUUSDm trade_mode=4 xau_open=True | trade_mode=4 | tick_time=1789697092 | bid=4348.218 | ask=4348.478 | tick_ok=True | xau_open=True | current_symbol=XAUUSDm | startup=False
[2026-09-18 09:05:51] SYMBOL_CHECK | XAUUSDm trade_mode=4 xau_open=True | trade_mode=4 | tick_time=1789697152 | bid=4349.308 | ask=4349.568 | tick_ok=True | xau_open=True | current_symbol=XAUUSDm | startup=False
[2026-09-18 09:05:51] DEMO_PORTFOLIO_SCAN | XAUUSDm open active=LTS_AUS2
[2026-09-18 09:05:52] DEMO_PORTFOLIO_SCAN | XAUUSDm done active=LTS_AUS2
[2026-09-18 09:06:51] SYMBOL_CHECK | XAUUSDm trade_mode=4 xau_open=True | trade_mode=4 | tick_time=1789697212 | bid=4349.882 | ask=4350.142 | tick_ok=True | xau_open=True | current_symbol=XAUUSDm | startup=False
[2026-09-18 09:07:51] SYMBOL_CHECK | XAUUSDm trade_mode=4 xau_open=True | trade_mode=4 | tick_time=1789697272 | bid=4349.795 | ask=4350.055 | tick_ok=True | xau_open=True | current_symbol=XAUUSDm | startup=False
[2026-09-18 09:08:51] SYMBOL_CHECK | XAUUSDm trade_mode=4 xau_open=True | trade_mode=4 | tick_time=1789697332 | bid=4351.236 | ask=4351.496 | tick_ok=True | xau_open=True | current_symbol=XAUUSDm | startup=False
[2026-09-18 09:09:51] SYMBOL_CHECK | XAUUSDm trade_mode=4 xau_open=True | trade_mode=4 | tick_time=1789697392 | bid=4350.06 | ask=4350.32 | tick_ok=True | xau_open=True | current_symbol=XAUUSDm | startup=False
[2026-09-18 09:10:51] SYMBOL_CHECK | XAUUSDm trade_mode=4 xau_open=True | trade_mode=4 | tick_time=1789697451 | bid=4347.78 | ask=4348.04 | tick_ok=True | xau_open=True | current_symbol=XAUUSDm | startup=False
[2026-09-18 09:10:51] DEMO_PORTFOLIO_SCAN | XAUUSDm open active=LTS_AUS2
[2026-09-18 09:10:52] DEMO_PORTFOLIO_SCAN | XAUUSDm done active=LTS_AUS2
[2026-09-18 09:11:51] SYMBOL_CHECK | XAUUSDm trade_mode=4 xau_open=True | trade_mode=4 | tick_time=1789697511 | bid=4349.788 | ask=4350.048 | tick_ok=True | xau_open=True | current_symbol=XAUUSDm | startup=False
[2026-09-18 09:12:49] SYMBOL_CHECK | XAUUSDm trade_mode=4 xau_open=True | trade_mode=4 | tick_time=1789697572 | bid=4349.883 | ask=4350.143 | tick_ok=True | xau_open=True | current_symbol=XAUUSDm | startup=False
[2026-09-18 09:13:50] SYMBOL_CHECK | XAUUSDm trade_mode=4 xau_open=True | trade_mode=4 | tick_time=1789697632 | bid=4350.092 | ask=4350.352 | tick_ok=True | xau_open=True | current_symbol=XAUUSDm | startup=False
[2026-09-18 09:14:51] SYMBOL_CHECK | XAUUSDm trade_mode=4 xau_open=True | trade_mode=4 | tick_time=1789697691 | bid=4350.294 | ask=4350.554 | tick_ok=True | xau_open=True | current_symbol=XAUUSDm | startup=False
[2026-09-18 09:15:50] SYMBOL_CHECK | XAUUSDm trade_mode=4 xau_open=True | trade_mode=4 | tick_time=1789697750 | bid=4351.368 | ask=4351.628 | tick_ok=True | xau_open=True | current_symbol=XAUUSDm | startup=False
[2026-09-18 09:15:50] DEMO_PORTFOLIO_SCAN | XAUUSDm open active=LTS_AUS2
[2026-09-18 09:15:50] DEMO_PORTFOLIO_SCAN | XAUUSDm done active=LTS_AUS2
[2026-09-18 09:16:51] SYMBOL_CHECK | XAUUSDm trade_mode=4 xau_open=True | trade_mode=4 | tick_time=1789697812 | bid=4352.447 | ask=4352.707 | tick_ok=True | xau_open=True | current_symbol=XAUUSDm | startup=False
[2026-09-18 09:17:51] SYMBOL_CHECK | XAUUSDm trade_mode=4 xau_open=True | trade_mode=4 | tick_time=1789697871 | bid=4349.841 | ask=4350.101 | tick_ok=True | xau_open=True | current_symbol=XAUUSDm | startup=False
[2026-09-18 09:18:51] SYMBOL_CHECK | XAUUSDm trade_mode=4 xau_open=True | trade_mode=4 | tick_time=1789697931 | bid=4350.545 | ask=4350.805 | tick_ok=True | xau_open=True | current_symbol=XAUUSDm | startup=False
[2026-09-18 09:19:52] SYMBOL_CHECK | XAUUSDm trade_mode=4 xau_open=True | trade_mode=4 | tick_time=1789697991 | bid=4349.476 | ask=4349.736 | tick_ok=True | xau_open=True | current_symbol=XAUUSDm | startup=False
[2026-09-18 09:20:51] SYMBOL_CHECK | XAUUSDm trade_mode=4 xau_open=True | trade_mode=4 | tick_time=1789698051 | bid=4349.615 | ask=4349.875 | tick_ok=True | xau_open=True | current_symbol=XAUUSDm | startup=False
[2026-09-18 09:20:51] DEMO_PORTFOLIO_SCAN | XAUUSDm open active=LTS_AUS2
[2026-09-18 09:20:51] DEMO_PORTFOLIO_SCAN | XAUUSDm done active=LTS_AUS2
[2026-09-18 09:21:51] SYMBOL_CHECK | XAUUSDm trade_mode=4 xau_open=True | trade_mode=4 | tick_time=1789698111 | bid=4350.311 | ask=4350.571 | tick_ok=True | xau_open=True | current_symbol=XAUUSDm | startup=False
[2026-09-18 09:22:51] SYMBOL_CHECK | XAUUSDm trade_mode=4 xau_open=True | trade_mode=4 | tick_time=1789698171 | bid=4349.927 | ask=4350.187 | tick_ok=True | xau_open=True | current_symbol=XAUUSDm | startup=False
[2026-09-18 09:23:49] SYMBOL_CHECK | XAUUSDm trade_mode=4 xau_open=True | trade_mode=4 | tick_time=1789698231 | bid=4350.859 | ask=4351.119 | tick_ok=True | xau_open=True | current_symbol=XAUUSDm | startup=False
[2026-09-18 09:24:51] SYMBOL_CHECK | XAUUSDm trade_mode=4 xau_open=True | trade_mode=4 | tick_time=1789698292 | bid=4351.833 | ask=4352.093 | tick_ok=True | xau_open=True | current_symbol=XAUUSDm | startup=False
[2026-09-18 09:25:50] SYMBOL_CHECK | XAUUSDm trade_mode=4 xau_open=True | trade_mode=4 | tick_time=1789698352 | bid=4352.124 | ask=4352.384 | tick_ok=True | xau_open=True | current_symbol=XAUUSDm | startup=False
[2026-09-18 09:25:51] DEMO_PORTFOLIO_SCAN | XAUUSDm open active=LTS_AUS2
[2026-09-18 09:25:51] DEMO_PORTFOLIO_SCAN | XAUUSDm done active=LTS_AUS2
[2026-09-18 09:26:51] SYMBOL_CHECK | XAUUSDm trade_mode=4 xau_open=True | trade_mode=4 | tick_time=1789698411 | bid=4353.472 | ask=4353.732 | tick_ok=True | xau_open=True | current_symbol=XAUUSDm | startup=False
[2026-09-18 09:27:52] SYMBOL_CHECK | XAUUSDm trade_mode=4 xau_open=True | trade_mode=4 | tick_time=1789698470 | bid=4353.105 | ask=4353.365 | tick_ok=True | xau_open=True | current_symbol=XAUUSDm | startup=False
[2026-09-18 09:28:50] SYMBOL_CHECK | XAUUSDm trade_mode=4 xau_open=True | trade_mode=4 | tick_time=1789698530 | bid=4352.711 | ask=4352.971 | tick_ok=True | xau_open=True | current_symbol=XAUUSDm | startup=False
[2026-09-18 09:29:51] SYMBOL_CHECK | XAUUSDm trade_mode=4 xau_open=True | trade_mode=4 | tick_time=1789698592 | bid=4353.677 | ask=4353.937 | tick_ok=True | xau_open=True | current_symbol=XAUUSDm | startup=False
[2026-09-18 09:30:52] SYMBOL_CHECK | XAUUSDm trade_mode=4 xau_open=True | trade_mode=4 | tick_time=1789698652 | bid=4354.864 | ask=4355.124 | tick_ok=True | xau_open=True | current_symbol=XAUUSDm | startup=False
[2026-09-18 09:30:52] DEMO_PORTFOLIO_SCAN | XAUUSDm open active=LTS_AUS2
[2026-09-18 09:30:52] DEMO_PORTFOLIO_SKIP | LTS_AUS2_1 skipped - hour 9 != 8
[2026-09-18 09:30:52] DEMO_PORTFOLIO_SKIP | LTS_AUS2_2 skipped - hour 9 != 10
[2026-09-18 09:30:52] DEMO_PORTFOLIO_SKIP | LTS_AUS2_7 skipped - hour 9 != 19
[2026-09-18 09:30:52] DEMO_PORTFOLIO_SKIP | LTS_AUS2_8 skipped - hour 9 != 10
[2026-09-18 09:30:52] DEMO_PORTFOLIO_SKIP | LTS_AUS2_15 skipped - risk_distance 6.24 > 1.30
[2026-09-18 09:30:52] DEMO_PORTFOLIO_SKIP | LTS_AUS2_22 skipped - hour 9 != 11
[2026-09-18 09:30:52] DEMO_PORTFOLIO_SKIP | LTS_AUS2_29 skipped - hour 9 != 20
[2026-09-18 09:30:52] DEMO_PORTFOLIO_SKIP | LTS_AUS2_30 skipped - hour 9 != 17
[2026-09-18 09:30:52] DEMO_PORTFOLIO_SKIP | LTS_AUS2_35 skipped - hour 9 != 19
[2026-09-18 09:30:52] DEMO_PORTFOLIO_SKIP | LTS_AUS2_36 skipped - hour 9 != 21
[2026-09-18 09:30:52] DEMO_PORTFOLIO_SKIP | LTS_AUS2_37 skipped - hour 9 != 21
[2026-09-18 09:30:54] DEMO_PORTFOLIO_SIGNAL | LTS_AUS2_41 BUY lot=0.50 sl=4348.28 tp=4354.953 rd=2.49 weight=50.000 scale=1.00 h=9 success=True ticket=3841107797 err=None
[2026-09-18 09:30:54] DEMO_PORTFOLIO_SKIP | LTS_AUS2_44 skipped - hour 9 != 18
[2026-09-18 09:30:54] DEMO_PORTFOLIO_SKIP | LTS_AUS2_45 skipped - hour 9 != 16
[2026-09-18 09:30:54] DEMO_PORTFOLIO_SKIP | LTS_AUS2_46 skipped - risk_distance 6.24 > 5.00
[2026-09-18 09:30:54] DEMO_PORTFOLIO_SKIP | LTS_AUS2_51 skipped - risk_distance 2.49 < 4.00
[2026-09-18 09:30:54] DEMO_PORTFOLIO_SKIP | LTS_AUS2_52 skipped - hour 9 != 10
[2026-09-18 09:30:54] DEMO_PORTFOLIO_SKIP | LTS_AUS2_58 skipped - hour 9 != 22
[2026-09-18 09:30:55] DEMO_PORTFOLIO_SKIP | LTS_AUS2_59 skipped - hour 9 != 11
[2026-09-18 09:30:55] DEMO_PORTFOLIO_SKIP | LTS_AUS2_63 skipped - risk_distance 6.24 > 5.00
[2026-09-18 09:30:55] DEMO_PORTFOLIO_SKIP | LTS_AUS2_64 skipped - hour 9 != 10
[2026-09-18 09:30:55] DEMO_PORTFOLIO_SKIP | LTS_AUS2_68 skipped - hour 9 != 14
[2026-09-18 09:30:55] DEMO_PORTFOLIO_SKIP | LTS_AUS2_71 skipped - hour 9 != 10
[2026-09-18 09:30:55] DEMO_PORTFOLIO_SKIP | LTS_AUS2_74 skipped - hour 9 != 11
[2026-09-18 09:30:55] DEMO_PORTFOLIO_SKIP | LTS_AUS2_75 skipped - risk_distance 6.24 > 5.00
[2026-09-18 09:30:55] DEMO_PORTFOLIO_SKIP | LTS_AUS2_85 skipped - risk_distance 2.49 < 3.40
[2026-09-18 09:30:55] DEMO_PORTFOLIO_SKIP | LTS_AUS2_86 skipped - hour 9 != 20
[2026-09-18 09:30:55] DEMO_PORTFOLIO_SKIP | LTS_AUS2_93 skipped - hour 9 != 13
[2026-09-18 09:30:55] DEMO_PORTFOLIO_SKIP | LTS_AUS2_97 skipped - risk_distance 6.24 > 5.00
[2026-09-18 09:30:55] DEMO_PORTFOLIO_SKIP | LTS_AUS2_106 skipped - hour 9 != 10
[2026-09-18 09:30:55] DEMO_PORTFOLIO_SKIP | LTS_AUS2_111 skipped - risk_distance 2.49 < 4.00
[2026-09-18 09:30:55] DEMO_PORTFOLIO_SKIP | LTS_AUS2_116 skipped - hour 9 != 17
[2026-09-18 09:30:55] DEMO_PORTFOLIO_SKIP | LTS_AUS2_120 skipped - hour 9 != 20
[2026-09-18 09:30:55] DEMO_PORTFOLIO_SKIP | LTS_AUS2_123 skipped - hour 9 != 22
[2026-09-18 09:30:55] DEMO_PORTFOLIO_SKIP | LTS_AUS2_124 skipped - hour 9 != 20
[2026-09-18 09:30:55] DEMO_PORTFOLIO_SKIP | LTS_AUS2_127 skipped - risk_distance 6.24 > 5.00
[2026-09-18 09:30:55] DEMO_PORTFOLIO_SKIP | LTS_AUS2_130 skipped - risk_distance 2.49 < 3.40
[2026-09-18 09:30:55] DEMO_PORTFOLIO_SKIP | LTS_AUS2_131 skipped - hour 9 != 8
[2026-09-18 09:30:56] DEMO_PORTFOLIO_SKIP | LTS_AUS2_134 skipped - hour 9 != 12
[2026-09-18 09:30:56] DEMO_PORTFOLIO_SKIP | LTS_AUS2_138 skipped - hour 9 != 14
[2026-09-18 09:30:56] DEMO_PORTFOLIO_SKIP | LTS_AUS2_139 skipped - hour 9 != 11
[2026-09-18 09:30:56] DEMO_PORTFOLIO_SKIP | LTS_AUS2_140 skipped - hour 9 != 13
[2026-09-18 09:30:56] DEMO_PORTFOLIO_SKIP | LTS_AUS2_143 skipped - hour 9 != 16
[2026-09-18 09:30:56] DEMO_PORTFOLIO_SKIP | LTS_AUS2_144 skipped - hour 9 != 8
[2026-09-18 09:30:56] DEMO_PORTFOLIO_SKIP | LTS_AUS2_148 skipped - hour 9 != 17
[2026-09-18 09:30:56] DEMO_PORTFOLIO_SKIP | LTS_AUS2_157 skipped - hour 9 != 14
[2026-09-18 09:30:56] DEMO_PORTFOLIO_SKIP | LTS_AUS2_158 skipped - hour 9 != 21
[2026-09-18 09:30:56] DEMO_PORTFOLIO_SKIP | LTS_AUS2_159 skipped - hour 9 != 12
[2026-09-18 09:30:56] DEMO_PORTFOLIO_SKIP | LTS_AUS2_164 skipped - hour 9 != 11
[2026-09-18 09:30:56] DEMO_PORTFOLIO_SKIP | LTS_AUS2_168 skipped - hour 9 != 15
[2026-09-18 09:30:56] DEMO_PORTFOLIO_SKIP | LTS_AUS2_169 skipped - hour 9 != 20
[2026-09-18 09:30:56] DEMO_PORTFOLIO_SKIP | LTS_AUS2_170 skipped - hour 9 != 13
[2026-09-18 09:30:56] DEMO_PORTFOLIO_SKIP | LTS_AUS2_174 skipped - risk_distance 6.24 > 5.00
[2026-09-18 09:30:56] DEMO_PORTFOLIO_SKIP | LTS_AUS2_179 skipped - hour 9 != 22
[2026-09-18 09:30:56] DEMO_PORTFOLIO_SKIP | LTS_AUS2_180 skipped - hour 9 != 11
[2026-09-18 09:30:56] DEMO_PORTFOLIO_SKIP | LTS_AUS2_186 skipped - hour 9 != 16
[2026-09-18 09:30:56] DEMO_PORTFOLIO_SKIP | LTS_AUS2_195 skipped - hour 9 != 8
[2026-09-18 09:30:56] DEMO_PORTFOLIO_SKIP | LTS_AUS2_196 skipped - hour 9 != 20
[2026-09-18 09:30:56] DEMO_PORTFOLIO_SKIP | LTS_AUS2_199 skipped - hour 9 != 11
[2026-09-18 09:30:56] DEMO_PORTFOLIO_SKIP | LTS_AUS2_203 skipped - hour 9 != 20
[2026-09-18 09:30:56] DEMO_PORTFOLIO_SKIP | LTS_AUS2_208 skipped - hour 9 != 22
[2026-09-18 09:30:56] DEMO_PORTFOLIO_SKIP | LTS_AUS2_211 skipped - risk_distance 6.24 > 5.00
[2026-09-18 09:30:56] DEMO_PORTFOLIO_SKIP | LTS_AUS2_212 skipped - hour 9 != 17
[2026-09-18 09:30:56] DEMO_PORTFOLIO_SKIP | LTS_AUS2_217 skipped - hour 9 != 17
[2026-09-18 09:30:56] DEMO_PORTFOLIO_SKIP | LTS_AUS2_218 skipped - hour 9 != 14
[2026-09-18 09:30:56] DEMO_PORTFOLIO_SKIP | LTS_AUS2_222 skipped - hour 9 != 14
[2026-09-18 09:30:56] DEMO_PORTFOLIO_SKIP | LTS_AUS2_223 skipped - hour 9 != 20
[2026-09-18 09:30:56] DEMO_PORTFOLIO_SKIP | LTS_AUS2_229 skipped - hour 9 != 8
[2026-09-18 09:30:56] DEMO_PORTFOLIO_SKIP | LTS_AUS2_234 skipped - hour 9 != 19
[2026-09-18 09:30:56] DEMO_PORTFOLIO_SKIP | LTS_AUS2_238 skipped - hour 9 != 19
[2026-09-18 09:30:56] DEMO_PORTFOLIO_SKIP | LTS_AUS2_239 skipped - hour 9 != 21
[2026-09-18 09:30:56] DEMO_PORTFOLIO_SKIP | LTS_AUS2_241 skipped - hour 9 != 11
[2026-09-18 09:30:56] DEMO_PORTFOLIO_SKIP | LTS_AUS2_243 skipped - hour 9 != 21
[2026-09-18 09:30:56] DEMO_PORTFOLIO_SKIP | LTS_AUS2_244 skipped - hour 9 != 21
[2026-09-18 09:30:56] DEMO_PORTFOLIO_SKIP | LTS_AUS2_245 skipped - hour 9 != 22
[2026-09-18 09:30:56] DEMO_PORTFOLIO_SKIP | LTS_AUS2_249 skipped - hour 9 != 17
[2026-09-18 09:30:56] DEMO_PORTFOLIO_SKIP | LTS_AUS2_253 skipped - hour 9 != 20
[2026-09-18 09:30:56] DEMO_PORTFOLIO_SKIP | LTS_AUS2_254 skipped - hour 9 != 21
[2026-09-18 09:30:56] DEMO_PORTFOLIO_SKIP | LTS_AUS2_255 skipped - hour 9 != 21
[2026-09-18 09:30:57] DEMO_PORTFOLIO_SKIP | LTS_AUS2_257 skipped - hour 9 != 21
[2026-09-18 09:30:57] DEMO_PORTFOLIO_SKIP | LTS_AUS2_260 skipped - hour 9 != 13
[2026-09-18 09:30:57] DEMO_PORTFOLIO_SKIP | LTS_AUS2_264 skipped - hour 9 != 11
[2026-09-18 09:30:57] DEMO_PORTFOLIO_SKIP | LTS_AUS2_266 skipped - hour 9 != 22
[2026-09-18 09:30:57] DEMO_PORTFOLIO_SKIP | LTS_AUS2_267 skipped - hour 9 != 8
[2026-09-18 09:30:57] DEMO_PORTFOLIO_SKIP | LTS_AUS2_269 skipped - hour 9 != 20
[2026-09-18 09:30:57] DEMO_PORTFOLIO_SKIP | LTS_AUS2_273 skipped - hour 9 != 20
[2026-09-18 09:30:57] DEMO_PORTFOLIO_SKIP | LTS_AUS2_276 skipped - hour 9 != 20
[2026-09-18 09:30:57] DEMO_PORTFOLIO_SKIP | LTS_AUS2_281 skipped - hour 9 != 15
[2026-09-18 09:30:57] DEMO_PORTFOLIO_SKIP | LTS_AUS2_282 skipped - hour 9 != 21
[2026-09-18 09:30:57] DEMO_PORTFOLIO_SKIP | LTS_AUS2_285 skipped - hour 9 != 17
[2026-09-18 09:30:57] DEMO_PORTFOLIO_SKIP | LTS_AUS2_291 skipped - hour 9 != 12
[2026-09-18 09:30:57] DEMO_PORTFOLIO_SKIP | LTS_AUS2_296 skipped - hour 9 != 17
[2026-09-18 09:30:57] DEMO_PORTFOLIO_SKIP | LTS_AUS2_300 skipped - hour 9 != 15
[2026-09-18 09:30:57] DEMO_PORTFOLIO_SKIP | LTS_AUS2_301 skipped - hour 9 != 20
[2026-09-18 09:30:57] DEMO_PORTFOLIO_SKIP | LTS_AUS2_306 skipped - hour 9 != 20
[2026-09-18 09:30:57] DEMO_PORTFOLIO_SKIP | LTS_AUS2_307 skipped - hour 9 != 22
[2026-09-18 09:30:57] DEMO_PORTFOLIO_SKIP | LTS_AUS2_313 skipped - risk_distance 6.24 > 1.30
[2026-09-18 09:30:57] DEMO_PORTFOLIO_SKIP | LTS_AUS2_316 skipped - hour 9 != 16
[2026-09-18 09:30:57] DEMO_PORTFOLIO_SKIP | LTS_AUS2_317 skipped - hour 9 != 13
[2026-09-18 09:30:58] DEMO_PORTFOLIO_SKIP | LTS_AUS2_321 skipped - risk_distance 2.49 < 3.40
[2026-09-18 09:30:58] DEMO_PORTFOLIO_SKIP | LTS_AUS2_322 skipped - hour 9 != 20
[2026-09-18 09:30:58] DEMO_PORTFOLIO_SKIP | LTS_AUS2_323 skipped - hour 9 != 21
[2026-09-18 09:30:58] DEMO_PORTFOLIO_SKIP | LTS_AUS2_331 skipped - hour 9 != 11
[2026-09-18 09:30:58] DEMO_PORTFOLIO_SKIP | LTS_AUS2_339 skipped - hour 9 != 21
[2026-09-18 09:30:58] DEMO_PORTFOLIO_SKIP | LTS_AUS2_340 skipped - hour 9 != 18
[2026-09-18 09:30:58] DEMO_PORTFOLIO_SKIP | LTS_AUS2_343 skipped - hour 9 != 15
[2026-09-18 09:30:58] DEMO_PORTFOLIO_SKIP | LTS_AUS2_345 skipped - hour 9 != 17
[2026-09-18 09:30:58] DEMO_PORTFOLIO_SKIP | LTS_AUS2_350 skipped - hour 9 != 21
[2026-09-18 09:30:58] DEMO_PORTFOLIO_SKIP | LTS_AUS2_351 skipped - hour 9 != 21
[2026-09-18 09:30:58] DEMO_PORTFOLIO_SKIP | LTS_AUS2_356 skipped - hour 9 != 10
[2026-09-18 09:30:58] DEMO_PORTFOLIO_SKIP | LTS_AUS2_357 skipped - hour 9 != 21
[2026-09-18 09:30:58] DEMO_PORTFOLIO_SKIP | LTS_AUS2_360 skipped - hour 9 != 19
[2026-09-18 09:30:58] DEMO_PORTFOLIO_SKIP | LTS_AUS2_365 skipped - hour 9 != 10
[2026-09-18 09:30:58] DEMO_PORTFOLIO_SKIP | LTS_AUS2_366 skipped - hour 9 != 20
[2026-09-18 09:30:58] DEMO_PORTFOLIO_SKIP | LTS_AUS2_367 skipped - hour 9 != 12
[2026-09-18 09:30:58] DEMO_PORTFOLIO_SKIP | LTS_AUS2_377 skipped - hour 9 != 20
[2026-09-18 09:30:58] DEMO_PORTFOLIO_SKIP | LTS_AUS2_448 skipped - hour 9 != 22
[2026-09-18 09:30:58] DEMO_PORTFOLIO_SCAN | XAUUSDm done active=LTS_AUS2
[2026-09-18 09:30:59] TG_SENT | [AF SIGNAL] *💎✨ Avengers Ultra Safe v2* | Leg: `LTS_AUS2_41 INVERSE_S84c28_RD2.0-2.7_H9` | BUY @ market lot `0.50` | SL `4348.28` TP `4354.95` | RD `2.49` H`9` | Weight `x50.000` Scale `1.00` | Ticket: `3841107797`
[2026-09-18 09:31:51] SYMBOL_CHECK | XAUUSDm trade_mode=4 xau_open=True | trade_mode=4 | tick_time=1789698712 | bid=4355.754 | ask=4356.014 | tick_ok=True | xau_open=True | current_symbol=XAUUSDm | startup=False
[2026-09-18 09:32:51] SYMBOL_CHECK | XAUUSDm trade_mode=4 xau_open=True | trade_mode=4 | tick_time=1789698772 | bid=4355.326 | ask=4355.586 | tick_ok=True | xau_open=True | current_symbol=XAUUSDm | startup=False
[2026-09-18 09:33:52] SYMBOL_CHECK | XAUUSDm trade_mode=4 xau_open=True | trade_mode=4 | tick_time=1789698831 | bid=4356.151 | ask=4356.411 | tick_ok=True | xau_open=True | current_symbol=XAUUSDm | startup=False
[2026-09-18 09:34:51] SYMBOL_CHECK | XAUUSDm trade_mode=4 xau_open=True | trade_mode=4 | tick_time=1789698892 | bid=4355.467 | ask=4355.727 | tick_ok=True | xau_open=True | current_symbol=XAUUSDm | startup=False
[2026-09-18 09:35:50] SYMBOL_CHECK | XAUUSDm trade_mode=4 xau_open=True | trade_mode=4 | tick_time=1789698952 | bid=4355.012 | ask=4355.272 | tick_ok=True | xau_open=True | current_symbol=XAUUSDm | startup=False
[2026-09-18 09:35:50] DEMO_PORTFOLIO_SCAN | XAUUSDm open active=LTS_AUS2
[2026-09-18 09:35:50] DEMO_PORTFOLIO_SCAN | XAUUSDm done active=LTS_AUS2
[2026-09-18 09:36:51] SYMBOL_CHECK | XAUUSDm trade_mode=4 xau_open=True | trade_mode=4 | tick_time=1789699012 | bid=4355.184 | ask=4355.444 | tick_ok=True | xau_open=True | current_symbol=XAUUSDm | startup=False
[2026-09-18 09:37:51] SYMBOL_CHECK | XAUUSDm trade_mode=4 xau_open=True | trade_mode=4 | tick_time=1789699072 | bid=4353.208 | ask=4353.468 | tick_ok=True | xau_open=True | current_symbol=XAUUSDm | startup=False
[2026-09-18 09:38:52] SYMBOL_CHECK | XAUUSDm trade_mode=4 xau_open=True | trade_mode=4 | tick_time=1789699132 | bid=4351.428 | ask=4351.688 | tick_ok=True | xau_open=True | current_symbol=XAUUSDm | startup=False
[2026-09-18 09:39:52] SYMBOL_CHECK | XAUUSDm trade_mode=4 xau_open=True | trade_mode=4 | tick_time=1789699192 | bid=4352.161 | ask=4352.421 | tick_ok=True | xau_open=True | current_symbol=XAUUSDm | startup=False
[2026-09-18 09:40:50] SYMBOL_CHECK | XAUUSDm trade_mode=4 xau_open=True | trade_mode=4 | tick_time=1789699251 | bid=4352.114 | ask=4352.374 | tick_ok=True | xau_open=True | current_symbol=XAUUSDm | startup=False
[2026-09-18 09:40:51] DEMO_PORTFOLIO_SCAN | XAUUSDm open active=LTS_AUS2
[2026-09-18 09:40:51] DEMO_PORTFOLIO_SCAN | XAUUSDm done active=LTS_AUS2
[2026-09-18 09:41:50] SYMBOL_CHECK | XAUUSDm trade_mode=4 xau_open=True | trade_mode=4 | tick_time=1789699312 | bid=4353.062 | ask=4353.322 | tick_ok=True | xau_open=True | current_symbol=XAUUSDm | startup=False
[2026-09-18 09:42:51] SYMBOL_CHECK | XAUUSDm trade_mode=4 xau_open=True | trade_mode=4 | tick_time=1789699372 | bid=4352.777 | ask=4353.037 | tick_ok=True | xau_open=True | current_symbol=XAUUSDm | startup=False
[2026-09-18 09:43:51] SYMBOL_CHECK | XAUUSDm trade_mode=4 xau_open=True | trade_mode=4 | tick_time=1789699431 | bid=4350.803 | ask=4351.063 | tick_ok=True | xau_open=True | current_symbol=XAUUSDm | startup=False
[2026-09-18 09:44:52] SYMBOL_CHECK | XAUUSDm trade_mode=4 xau_open=True | trade_mode=4 | tick_time=1789699491 | bid=4351.008 | ask=4351.268 | tick_ok=True | xau_open=True | current_symbol=XAUUSDm | startup=False
[2026-09-18 09:45:50] SYMBOL_CHECK | XAUUSDm trade_mode=4 xau_open=True | trade_mode=4 | tick_time=1789699552 | bid=4351.523 | ask=4351.783 | tick_ok=True | xau_open=True | current_symbol=XAUUSDm | startup=False
[2026-09-18 09:45:50] DEMO_PORTFOLIO_SCAN | XAUUSDm open active=LTS_AUS2
[2026-09-18 09:45:51] DEMO_PORTFOLIO_SCAN | XAUUSDm done active=LTS_AUS2
[2026-09-18 09:46:52] SYMBOL_CHECK | XAUUSDm trade_mode=4 xau_open=True | trade_mode=4 | tick_time=1789699610 | bid=4354.825 | ask=4355.085 | tick_ok=True | xau_open=True | current_symbol=XAUUSDm | startup=False
[2026-09-18 09:47:51] SYMBOL_CHECK | XAUUSDm trade_mode=4 xau_open=True | trade_mode=4 | tick_time=1789699672 | bid=4354.716 | ask=4354.976 | tick_ok=True | xau_open=True | current_symbol=XAUUSDm | startup=False
[2026-09-18 09:48:50] SYMBOL_CHECK | XAUUSDm trade_mode=4 xau_open=True | trade_mode=4 | tick_time=1789699732 | bid=4355.076 | ask=4355.336 | tick_ok=True | xau_open=True | current_symbol=XAUUSDm | startup=False
[2026-09-18 09:49:51] SYMBOL_CHECK | XAUUSDm trade_mode=4 xau_open=True | trade_mode=4 | tick_time=1789699791 | bid=4354.341 | ask=4354.601 | tick_ok=True | xau_open=True | current_symbol=XAUUSDm | startup=False
[2026-09-18 09:50:51] SYMBOL_CHECK | XAUUSDm trade_mode=4 xau_open=True | trade_mode=4 | tick_time=1789699852 | bid=4355.312 | ask=4355.572 | tick_ok=True | xau_open=True | current_symbol=XAUUSDm | startup=False
[2026-09-18 09:50:51] DEMO_PORTFOLIO_SCAN | XAUUSDm open active=LTS_AUS2
[2026-09-18 09:50:51] DEMO_PORTFOLIO_SCAN | XAUUSDm done active=LTS_AUS2
[2026-09-18 09:51:51] SYMBOL_CHECK | XAUUSDm trade_mode=4 xau_open=True | trade_mode=4 | tick_time=1789699911 | bid=4354.714 | ask=4354.974 | tick_ok=True | xau_open=True | current_symbol=XAUUSDm | startup=False
[2026-09-18 09:52:51] SYMBOL_CHECK | XAUUSDm trade_mode=4 xau_open=True | trade_mode=4 | tick_time=1789699972 | bid=4353.804 | ask=4354.064 | tick_ok=True | xau_open=True | current_symbol=XAUUSDm | startup=False
[2026-09-18 09:53:51] SYMBOL_CHECK | XAUUSDm trade_mode=4 xau_open=True | trade_mode=4 | tick_time=1789700031 | bid=4353.547 | ask=4353.807 | tick_ok=True | xau_open=True | current_symbol=XAUUSDm | startup=False
[2026-09-18 09:54:52] SYMBOL_CHECK | XAUUSDm trade_mode=4 xau_open=True | trade_mode=4 | tick_time=1789700092 | bid=4349.682 | ask=4349.942 | tick_ok=True | xau_open=True | current_symbol=XAUUSDm | startup=False
[2026-09-18 09:55:51] SYMBOL_CHECK | XAUUSDm trade_mode=4 xau_open=True | trade_mode=4 | tick_time=1789700151 | bid=4347.408 | ask=4347.668 | tick_ok=True | xau_open=True | current_symbol=XAUUSDm | startup=False
[2026-09-18 09:55:51] DEMO_PORTFOLIO_SCAN | XAUUSDm open active=LTS_AUS2
[2026-09-18 09:55:51] DEMO_PORTFOLIO_SCAN | XAUUSDm done active=LTS_AUS2
[2026-09-18 09:56:52] SYMBOL_CHECK | XAUUSDm trade_mode=4 xau_open=True | trade_mode=4 | tick_time=1789700212 | bid=4345.776 | ask=4346.036 | tick_ok=True | xau_open=True | current_symbol=XAUUSDm | startup=False
[2026-09-18 09:57:52] SYMBOL_CHECK | XAUUSDm trade_mode=4 xau_open=True | trade_mode=4 | tick_time=1789700272 | bid=4347.738 | ask=4347.998 | tick_ok=True | xau_open=True | current_symbol=XAUUSDm | startup=False
[2026-09-18 09:58:50] SYMBOL_CHECK | XAUUSDm trade_mode=4 xau_open=True | trade_mode=4 | tick_time=1789700332 | bid=4344.204 | ask=4344.464 | tick_ok=True | xau_open=True | current_symbol=XAUUSDm | startup=False
[2026-09-18 09:59:51] SYMBOL_CHECK | XAUUSDm trade_mode=4 xau_open=True | trade_mode=4 | tick_time=1789700391 | bid=4346.312 | ask=4346.572 | tick_ok=True | xau_open=True | current_symbol=XAUUSDm | startup=False
[2026-09-18 10:00:52] SYMBOL_CHECK | XAUUSDm trade_mode=4 xau_open=True | trade_mode=4 | tick_time=1789700452 | bid=4346.777 | ask=4347.037 | tick_ok=True | xau_open=True | current_symbol=XAUUSDm | startup=False
[2026-09-18 10:00:52] DEMO_PORTFOLIO_SCAN | XAUUSDm open active=LTS_AUS2
[2026-09-18 10:00:52] DEMO_PORTFOLIO_SCAN | XAUUSDm done active=LTS_AUS2
[2026-09-18 10:01:51] SYMBOL_CHECK | XAUUSDm trade_mode=4 xau_open=True | trade_mode=4 | tick_time=1789700511 | bid=4347.319 | ask=4347.579 | tick_ok=True | xau_open=True | current_symbol=XAUUSDm | startup=False
[2026-09-18 10:02:51] SYMBOL_CHECK | XAUUSDm trade_mode=4 xau_open=True | trade_mode=4 | tick_time=1789700571 | bid=4347.019 | ask=4347.279 | tick_ok=True | xau_open=True | current_symbol=XAUUSDm | startup=False
[2026-09-18 10:03:51] SYMBOL_CHECK | XAUUSDm trade_mode=4 xau_open=True | trade_mode=4 | tick_time=1789700631 | bid=4347.527 | ask=4347.787 | tick_ok=True | xau_open=True | current_symbol=XAUUSDm | startup=False
[2026-09-18 10:04:52] SYMBOL_CHECK | XAUUSDm trade_mode=4 xau_open=True | trade_mode=4 | tick_time=1789700692 | bid=4349.078 | ask=4349.338 | tick_ok=True | xau_open=True | current_symbol=XAUUSDm | startup=False
[2026-09-18 10:05:50] SYMBOL_CHECK | XAUUSDm trade_mode=4 xau_open=True | trade_mode=4 | tick_time=1789700751 | bid=4349.605 | ask=4349.865 | tick_ok=True | xau_open=True | current_symbol=XAUUSDm | startup=False
[2026-09-18 10:05:51] DEMO_PORTFOLIO_SCAN | XAUUSDm open active=LTS_AUS2
[2026-09-18 10:05:51] DEMO_PORTFOLIO_SCAN | XAUUSDm done active=LTS_AUS2
[2026-09-18 10:06:51] SYMBOL_CHECK | XAUUSDm trade_mode=4 xau_open=True | trade_mode=4 | tick_time=1789700811 | bid=4349.226 | ask=4349.486 | tick_ok=True | xau_open=True | current_symbol=XAUUSDm | startup=False
[2026-09-18 10:07:52] SYMBOL_CHECK | XAUUSDm trade_mode=4 xau_open=True | trade_mode=4 | tick_time=1789700872 | bid=4349.252 | ask=4349.512 | tick_ok=True | xau_open=True | current_symbol=XAUUSDm | startup=False
[2026-09-18 10:08:52] SYMBOL_CHECK | XAUUSDm trade_mode=4 xau_open=True | trade_mode=4 | tick_time=1789700932 | bid=4348.408 | ask=4348.668 | tick_ok=True | xau_open=True | current_symbol=XAUUSDm | startup=False
[2026-09-18 10:09:52] SYMBOL_CHECK | XAUUSDm trade_mode=4 xau_open=True | trade_mode=4 | tick_time=1789700992 | bid=4345.786 | ask=4346.046 | tick_ok=True | xau_open=True | current_symbol=XAUUSDm | startup=False
[2026-09-18 10:10:50] SYMBOL_CHECK | XAUUSDm trade_mode=4 xau_open=True | trade_mode=4 | tick_time=1789701051 | bid=4345.687 | ask=4345.947 | tick_ok=True | xau_open=True | current_symbol=XAUUSDm | startup=False
[2026-09-18 10:10:51] DEMO_PORTFOLIO_SCAN | XAUUSDm open active=LTS_AUS2
[2026-09-18 10:10:51] DEMO_PORTFOLIO_SCAN | XAUUSDm done active=LTS_AUS2
[2026-09-18 10:11:52] SYMBOL_CHECK | XAUUSDm trade_mode=4 xau_open=True | trade_mode=4 | tick_time=1789701112 | bid=4346.349 | ask=4346.609 | tick_ok=True | xau_open=True | current_symbol=XAUUSDm | startup=False
[2026-09-18 10:12:52] SYMBOL_CHECK | XAUUSDm trade_mode=4 xau_open=True | trade_mode=4 | tick_time=1789701172 | bid=4347.906 | ask=4348.166 | tick_ok=True | xau_open=True | current_symbol=XAUUSDm | startup=False
[2026-09-18 10:13:50] SYMBOL_CHECK | XAUUSDm trade_mode=4 xau_open=True | trade_mode=4 | tick_time=1789701231 | bid=4346.328 | ask=4346.588 | tick_ok=True | xau_open=True | current_symbol=XAUUSDm | startup=False
[2026-09-18 10:14:50] SYMBOL_CHECK | XAUUSDm trade_mode=4 xau_open=True | trade_mode=4 | tick_time=1789701291 | bid=4344.451 | ask=4344.711 | tick_ok=True | xau_open=True | current_symbol=XAUUSDm | startup=False
[2026-09-18 10:15:51] SYMBOL_CHECK | XAUUSDm trade_mode=4 xau_open=True | trade_mode=4 | tick_time=1789701351 | bid=4343.807 | ask=4344.067 | tick_ok=True | xau_open=True | current_symbol=XAUUSDm | startup=False
[2026-09-18 10:15:51] DEMO_PORTFOLIO_SCAN | XAUUSDm open active=LTS_AUS2
[2026-09-18 10:15:51] DEMO_PORTFOLIO_SCAN | XAUUSDm done active=LTS_AUS2
[2026-09-18 10:16:49] SYMBOL_CHECK | XAUUSDm trade_mode=4 xau_open=True | trade_mode=4 | tick_time=1789701412 | bid=4342.682 | ask=4342.942 | tick_ok=True | xau_open=True | current_symbol=XAUUSDm | startup=False
[2026-09-18 10:17:51] SYMBOL_CHECK | XAUUSDm trade_mode=4 xau_open=True | trade_mode=4 | tick_time=1789701472 | bid=4338.848 | ask=4339.108 | tick_ok=True | xau_open=True | current_symbol=XAUUSDm | startup=False
[2026-09-18 10:18:51] SYMBOL_CHECK | XAUUSDm trade_mode=4 xau_open=True | trade_mode=4 | tick_time=1789701532 | bid=4339.878 | ask=4340.138 | tick_ok=True | xau_open=True | current_symbol=XAUUSDm | startup=False
[2026-09-18 10:19:51] SYMBOL_CHECK | XAUUSDm trade_mode=4 xau_open=True | trade_mode=4 | tick_time=1789701592 | bid=4337.644 | ask=4337.904 | tick_ok=True | xau_open=True | current_symbol=XAUUSDm | startup=False
[2026-09-18 10:20:52] SYMBOL_CHECK | XAUUSDm trade_mode=4 xau_open=True | trade_mode=4 | tick_time=1789701652 | bid=4340.191 | ask=4340.451 | tick_ok=True | xau_open=True | current_symbol=XAUUSDm | startup=False
[2026-09-18 10:20:52] DEMO_PORTFOLIO_SCAN | XAUUSDm open active=LTS_AUS2
[2026-09-18 10:20:52] DEMO_PORTFOLIO_SCAN | XAUUSDm done active=LTS_AUS2
[2026-09-18 10:21:51] SYMBOL_CHECK | XAUUSDm trade_mode=4 xau_open=True | trade_mode=4 | tick_time=1789701711 | bid=4336.787 | ask=4337.047 | tick_ok=True | xau_open=True | current_symbol=XAUUSDm | startup=False
[2026-09-18 10:22:51] SYMBOL_CHECK | XAUUSDm trade_mode=4 xau_open=True | trade_mode=4 | tick_time=1789701772 | bid=4337.244 | ask=4337.504 | tick_ok=True | xau_open=True | current_symbol=XAUUSDm | startup=False
[2026-09-18 10:23:52] SYMBOL_CHECK | XAUUSDm trade_mode=4 xau_open=True | trade_mode=4 | tick_time=1789701832 | bid=4334.888 | ask=4335.148 | tick_ok=True | xau_open=True | current_symbol=XAUUSDm | startup=False
[2026-09-18 10:24:51] SYMBOL_CHECK | XAUUSDm trade_mode=4 xau_open=True | trade_mode=4 | tick_time=1789701892 | bid=4336.046 | ask=4336.306 | tick_ok=True | xau_open=True | current_symbol=XAUUSDm | startup=False
[2026-09-18 10:25:50] SYMBOL_CHECK | XAUUSDm trade_mode=4 xau_open=True | trade_mode=4 | tick_time=1789701952 | bid=4336.079 | ask=4336.339 | tick_ok=True | xau_open=True | current_symbol=XAUUSDm | startup=False
[2026-09-18 10:25:51] DEMO_PORTFOLIO_SCAN | XAUUSDm open active=LTS_AUS2
[2026-09-18 10:25:51] DEMO_PORTFOLIO_SCAN | XAUUSDm done active=LTS_AUS2
[2026-09-18 10:26:17] APP_START | Bot starting | symbol=XAUUSD | scan_interval=1
[2026-09-18 10:26:18] SYMBOL_RESOLVED | XAUUSD -> XAUUSDm | requested=XAUUSD | resolved=XAUUSDm
[2026-09-18 10:26:18] SYMBOL_CHECK | XAUUSDm trade_mode=4 xau_open=True | trade_mode=4 | tick_time=1789701979 | bid=4336.053 | ask=4336.313 | tick_ok=True | xau_open=True | current_symbol=XAUUSDm | startup=True
[2026-09-18 10:26:19] NEWS_FILTER_TRANSIENT | rate limited 429; keeping cached events=0
[2026-09-18 10:26:19] TG_SENT | ✅ *MT5 เชื่อมต่อสำเร็จ!* | ━━━━━━━━━━━━━━━━━ | 🤖 Bot เริ่มทำงาน | 💰 Account: `416010472` | 📊 Balance: `99571.55` | 📈 SYMBOL: `XAUUSDm` | ⏰ Scan ทุก 5 วินาที | 🕒 Time Mode: `MT5->BKK +6` | 🕒 MT5 Server: `UTC+1` | 🕒 Display: `BKK` | 📋 Strategy:  | 🕐 TF: M1, M5, M15, M30, H1, H4, H12, D1 |  | ♻️ *Restore state สำเร็จ* | 🗂 Saved at: `2026-09-18 10:25:52` | 📦 pending map: `0` | 📍 position tf: `0` | 📝 entry state: `0` | 📐 trail state: `0`
[2026-09-18 10:27:14] SYMBOL_CHECK | XAUUSDm trade_mode=4 xau_open=True | trade_mode=4 | tick_time=1789702034 | bid=4338.039 | ask=4338.299 | tick_ok=True | xau_open=True | current_symbol=XAUUSDm | startup=False
[2026-09-18 10:28:14] SYMBOL_CHECK | XAUUSDm trade_mode=4 xau_open=True | trade_mode=4 | tick_time=1789702094 | bid=4339.742 | ask=4340.002 | tick_ok=True | xau_open=True | current_symbol=XAUUSDm | startup=False
[2026-09-18 10:29:14] SYMBOL_CHECK | XAUUSDm trade_mode=4 xau_open=True | trade_mode=4 | tick_time=1789702154 | bid=4340.57 | ask=4340.83 | tick_ok=True | xau_open=True | current_symbol=XAUUSDm | startup=False
[2026-09-18 10:30:14] SYMBOL_CHECK | XAUUSDm trade_mode=4 xau_open=True | trade_mode=4 | tick_time=1789702214 | bid=4341.96 | ask=4342.22 | tick_ok=True | xau_open=True | current_symbol=XAUUSDm | startup=False
[2026-09-18 10:31:14] SYMBOL_CHECK | XAUUSDm trade_mode=4 xau_open=True | trade_mode=4 | tick_time=1789702273 | bid=4342.098 | ask=4342.358 | tick_ok=True | xau_open=True | current_symbol=XAUUSDm | startup=False
[2026-09-18 10:31:14] DEMO_PORTFOLIO_SCAN | XAUUSDm open active=LTS_AUS2
[2026-09-18 10:31:14] DEMO_PORTFOLIO_SCAN | XAUUSDm done active=LTS_AUS2
[2026-09-18 10:32:14] SYMBOL_CHECK | XAUUSDm trade_mode=4 xau_open=True | trade_mode=4 | tick_time=1789702335 | bid=4343.663 | ask=4343.923 | tick_ok=True | xau_open=True | current_symbol=XAUUSDm | startup=False
[2026-09-18 10:33:14] SYMBOL_CHECK | XAUUSDm trade_mode=4 xau_open=True | trade_mode=4 | tick_time=1789702394 | bid=4345.142 | ask=4345.402 | tick_ok=True | xau_open=True | current_symbol=XAUUSDm | startup=False
[2026-09-18 10:34:14] SYMBOL_CHECK | XAUUSDm trade_mode=4 xau_open=True | trade_mode=4 | tick_time=1789702455 | bid=4346.661 | ask=4346.921 | tick_ok=True | xau_open=True | current_symbol=XAUUSDm | startup=False
[2026-09-18 10:35:14] SYMBOL_CHECK | XAUUSDm trade_mode=4 xau_open=True | trade_mode=4 | tick_time=1789702514 | bid=4350.982 | ask=4351.242 | tick_ok=True | xau_open=True | current_symbol=XAUUSDm | startup=False
