[2026-09-17 17:30:37] SYMBOL_CHECK | XAUUSDm trade_mode=4 xau_open=True | trade_mode=4 | tick_time=1789641037 | bid=4313.808 | ask=4314.068 | tick_ok=True | xau_open=True | current_symbol=XAUUSDm | startup=False
[2026-09-17 17:31:37] SYMBOL_CHECK | XAUUSDm trade_mode=4 xau_open=True | trade_mode=4 | tick_time=1789641098 | bid=4313.558 | ask=4313.818 | tick_ok=True | xau_open=True | current_symbol=XAUUSDm | startup=False
[2026-09-17 17:32:36] SYMBOL_CHECK | XAUUSDm trade_mode=4 xau_open=True | trade_mode=4 | tick_time=1789641157 | bid=4312.603 | ask=4312.863 | tick_ok=True | xau_open=True | current_symbol=XAUUSDm | startup=False
[2026-09-17 17:33:36] SYMBOL_CHECK | XAUUSDm trade_mode=4 xau_open=True | trade_mode=4 | tick_time=1789641217 | bid=4313.375 | ask=4313.635 | tick_ok=True | xau_open=True | current_symbol=XAUUSDm | startup=False
[2026-09-17 17:34:36] SYMBOL_CHECK | XAUUSDm trade_mode=4 xau_open=True | trade_mode=4 | tick_time=1789641277 | bid=4314.722 | ask=4314.982 | tick_ok=True | xau_open=True | current_symbol=XAUUSDm | startup=False
[2026-09-17 17:34:36] DEMO_PORTFOLIO_SCAN | XAUUSDm open active=P18,S101,S102,S105,S106,S111,LTS_EVOLUTION9,LTS_SCREEN13
[2026-09-17 17:34:38] DEMO_PORTFOLIO_SIGNAL | LTS_SCREEN13_9 SELL lot=0.01 sl=4316.052 tp=4304.081999999999 rd=1.33 weight=1.000 scale=1.00 h=17 success=True ticket=4728057924 err=None
[2026-09-17 17:34:38] DEMO_PORTFOLIO_SCAN | XAUUSDm done active=P18,S101,S102,S105,S106,S111,LTS_EVOLUTION9,LTS_SCREEN13
[2026-09-17 17:34:38] TG_SENT | [AF SIGNAL] *📐 LTS_SCREEN13* | Leg: `LTS_SCREEN13_9 DIRECT_S418_M5` | SELL @ market lot `0.01` | SL `4316.05` TP `4304.08` | RD `1.33` H`17` | Weight `x1.000` Scale `1.00` | Ticket: `4728057924`
[2026-09-17 17:35:22] POSITION_CLOSED | 🎯 TP Hit | ticket=4727900629 | side=BUY | symbol=XAUUSDm | tf=M5 | sid=21 | pattern=- | trend_filter=- | open_price=4306.671 | close_price=4315.73 | sl=4300.631 | tp=4315.731 | profit=9.06 | reason=[tp 4315.73100] | close_time=17:35:22 17/09/2026
[2026-09-17 17:35:22] TG_SENT | 🟢 *🎯 TP Hit* | ━━━━━━━━━━━━━━━━━ | 📊 TF: M5 | 📊 BUY XAUUSDm | 📌 เปิด: `4306.671` | 📌 ปิด: `4315.73` | 🛑 SL: `4300.631` | 🎯 TP: `4315.731` | 💬 เหตุผล: `[tp 4315.73100]` | 💰 P/L: `9.06` USD | 🔖 Ticket: `4727900629` | 🕐 Close Time: `17:35:22 17/09/2026`
[2026-09-17 17:35:38] SYMBOL_CHECK | XAUUSDm trade_mode=4 xau_open=True | trade_mode=4 | tick_time=1789641338 | bid=4315.397 | ask=4315.657 | tick_ok=True | xau_open=True | current_symbol=XAUUSDm | startup=False
[2026-09-17 17:35:47] POSITION_CLOSED | 🛑 SL Hit | ticket=4728057924 | side=SELL | symbol=XAUUSDm | tf=M5 | sid=21 | pattern=- | trend_filter=- | open_price=4314.816 | close_price=4316.05 | sl=4316.052 | tp=4304.082 | profit=-1.23 | reason=[sl 4316.05200] | close_time=17:35:44 17/09/2026
[2026-09-17 17:35:47] POSITION_CLOSED | 🎯 TP Hit | ticket=4727989741 | side=BUY | symbol=XAUUSDm | tf=M5 | sid=21 | pattern=- | trend_filter=- | open_price=4307.527 | close_price=4316.14 | sl=4301.787 | tp=4316.137 | profit=8.61 | reason=[tp 4316.13700] | close_time=17:35:43 17/09/2026
[2026-09-17 17:35:47] POSITION_CLOSED | 🛑 SL Hit | ticket=4728039390 | side=SELL | symbol=XAUUSDm | tf=M5 | sid=21 | pattern=- | trend_filter=- | open_price=4314.713 | close_price=4316.03 | sl=4316.028 | tp=4305.768 | profit=-1.32 | reason=[sl 4316.028] | close_time=17:35:44 17/09/2026
[2026-09-17 17:35:48] TG_SENT | 🔴 *🛑 SL Hit* | ━━━━━━━━━━━━━━━━━ | 📊 TF: M5 | 📊 SELL XAUUSDm | 📌 เปิด: `4314.816` | 📌 ปิด: `4316.05` | 🛑 SL: `4316.052` | 🎯 TP: `4304.082` | 💬 เหตุผล: `[sl 4316.05200]` | 💸 P/L: `-1.23` USD | 🔖 Ticket: `4728057924` | 🕐 Close Time: `17:35:44 17/09/2026`
[2026-09-17 17:35:52] TG_SENT | 🟢 *🎯 TP Hit* | ━━━━━━━━━━━━━━━━━ | 📊 TF: M5 | 📊 BUY XAUUSDm | 📌 เปิด: `4307.527` | 📌 ปิด: `4316.14` | 🛑 SL: `4301.787` | 🎯 TP: `4316.137` | 💬 เหตุผล: `[tp 4316.13700]` | 💰 P/L: `8.61` USD | 🔖 Ticket: `4727989741` | 🕐 Close Time: `17:35:43 17/09/2026`
[2026-09-17 17:35:55] TG_SENT | 🔴 *🛑 SL Hit* | ━━━━━━━━━━━━━━━━━ | 📊 TF: M5 | 📊 SELL XAUUSDm | 📌 เปิด: `4314.713` | 📌 ปิด: `4316.03` | 🛑 SL: `4316.028` | 🎯 TP: `4305.768` | 💬 เหตุผล: `[sl 4316.028]` | 💸 P/L: `-1.32` USD | 🔖 Ticket: `4728039390` | 🕐 Close Time: `17:35:44 17/09/2026`
[2026-09-17 17:36:38] SYMBOL_CHECK | XAUUSDm trade_mode=4 xau_open=True | trade_mode=4 | tick_time=1789641398 | bid=4317.543 | ask=4317.803 | tick_ok=True | xau_open=True | current_symbol=XAUUSDm | startup=False
[2026-09-17 17:36:38] POSITION_CLOSED | 🎯 TP Hit | ticket=4727945238 | side=BUY | symbol=XAUUSDm | tf=M5 | sid=21 | pattern=- | trend_filter=- | open_price=4308.762000000001 | close_price=4317.61 | sl=4302.862 | tp=4317.612 | profit=8.85 | reason=[tp 4317.61200] | close_time=17:36:35 17/09/2026
[2026-09-17 17:36:38] TG_SENT | 🟢 *🎯 TP Hit* | ━━━━━━━━━━━━━━━━━ | 📊 TF: M5 | 📊 BUY XAUUSDm | 📌 เปิด: `4308.762000000001` | 📌 ปิด: `4317.61` | 🛑 SL: `4302.862` | 🎯 TP: `4317.612` | 💬 เหตุผล: `[tp 4317.61200]` | 💰 P/L: `8.85` USD | 🔖 Ticket: `4727945238` | 🕐 Close Time: `17:36:35 17/09/2026`
[2026-09-17 17:37:36] SYMBOL_CHECK | XAUUSDm trade_mode=4 xau_open=True | trade_mode=4 | tick_time=1789641458 | bid=4318.37 | ask=4318.63 | tick_ok=True | xau_open=True | current_symbol=XAUUSDm | startup=False
[2026-09-17 17:38:36] SYMBOL_CHECK | XAUUSDm trade_mode=4 xau_open=True | trade_mode=4 | tick_time=1789641517 | bid=4317.032 | ask=4317.292 | tick_ok=True | xau_open=True | current_symbol=XAUUSDm | startup=False
[2026-09-17 17:39:36] SYMBOL_CHECK | XAUUSDm trade_mode=4 xau_open=True | trade_mode=4 | tick_time=1789641577 | bid=4316.53 | ask=4316.79 | tick_ok=True | xau_open=True | current_symbol=XAUUSDm | startup=False
[2026-09-17 17:39:37] DEMO_PORTFOLIO_SCAN | XAUUSDm open active=P18,S101,S102,S105,S106,S111,LTS_EVOLUTION9,LTS_SCREEN13
[2026-09-17 17:39:37] DEMO_PORTFOLIO_SCAN | XAUUSDm done active=P18,S101,S102,S105,S106,S111,LTS_EVOLUTION9,LTS_SCREEN13
[2026-09-17 17:40:38] SYMBOL_CHECK | XAUUSDm trade_mode=4 xau_open=True | trade_mode=4 | tick_time=1789641638 | bid=4316.249 | ask=4316.509 | tick_ok=True | xau_open=True | current_symbol=XAUUSDm | startup=False
[2026-09-17 17:41:38] SYMBOL_CHECK | XAUUSDm trade_mode=4 xau_open=True | trade_mode=4 | tick_time=1789641698 | bid=4315.364 | ask=4315.624 | tick_ok=True | xau_open=True | current_symbol=XAUUSDm | startup=False
[2026-09-17 17:42:38] SYMBOL_CHECK | XAUUSDm trade_mode=4 xau_open=True | trade_mode=4 | tick_time=1789641758 | bid=4314.701 | ask=4314.961 | tick_ok=True | xau_open=True | current_symbol=XAUUSDm | startup=False
[2026-09-17 17:43:37] SYMBOL_CHECK | XAUUSDm trade_mode=4 xau_open=True | trade_mode=4 | tick_time=1789641817 | bid=4315.698 | ask=4315.958 | tick_ok=True | xau_open=True | current_symbol=XAUUSDm | startup=False
[2026-09-17 17:44:37] SYMBOL_CHECK | XAUUSDm trade_mode=4 xau_open=True | trade_mode=4 | tick_time=1789641877 | bid=4316.332 | ask=4316.592 | tick_ok=True | xau_open=True | current_symbol=XAUUSDm | startup=False
[2026-09-17 17:44:37] DEMO_PORTFOLIO_SCAN | XAUUSDm open active=P18,S101,S102,S105,S106,S111,LTS_EVOLUTION9,LTS_SCREEN13
[2026-09-17 17:44:37] DEMO_PORTFOLIO_SIGNAL | P18-N BUY sl=4301.2919999999995 tp=4347.191999999999 success=True ticket=4728102430 err=None
[2026-09-17 17:44:38] DEMO_PORTFOLIO_SCAN | XAUUSDm done active=P18,S101,S102,S105,S106,S111,LTS_EVOLUTION9,LTS_SCREEN13
[2026-09-17 17:44:38] TG_SENT | 📡 *👑 18-Way Hybrid* | Leg: `S47 SuperTrend` (`N`) | 🟢 BUY @ market | SL `4301.29` TP `4347.19` | Ticket: `4728102430`
[2026-09-17 17:45:37] SYMBOL_CHECK | XAUUSDm trade_mode=4 xau_open=True | trade_mode=4 | tick_time=1789641938 | bid=4317.121 | ask=4317.381 | tick_ok=True | xau_open=True | current_symbol=XAUUSDm | startup=False
[2026-09-17 17:46:37] SYMBOL_CHECK | XAUUSDm trade_mode=4 xau_open=True | trade_mode=4 | tick_time=1789641997 | bid=4316.619 | ask=4316.879 | tick_ok=True | xau_open=True | current_symbol=XAUUSDm | startup=False
[2026-09-17 17:47:38] SYMBOL_CHECK | XAUUSDm trade_mode=4 xau_open=True | trade_mode=4 | tick_time=1789642058 | bid=4317.721 | ask=4317.981 | tick_ok=True | xau_open=True | current_symbol=XAUUSDm | startup=False
[2026-09-17 17:48:37] SYMBOL_CHECK | XAUUSDm trade_mode=4 xau_open=True | trade_mode=4 | tick_time=1789642117 | bid=4318.133 | ask=4318.393 | tick_ok=True | xau_open=True | current_symbol=XAUUSDm | startup=False
[2026-09-17 17:49:38] SYMBOL_CHECK | XAUUSDm trade_mode=4 xau_open=True | trade_mode=4 | tick_time=1789642178 | bid=4318.463 | ask=4318.723 | tick_ok=True | xau_open=True | current_symbol=XAUUSDm | startup=False
[2026-09-17 17:49:38] DEMO_PORTFOLIO_SCAN | XAUUSDm open active=P18,S101,S102,S105,S106,S111,LTS_EVOLUTION9,LTS_SCREEN13
[2026-09-17 17:49:38] DEMO_PORTFOLIO_SCAN | XAUUSDm done active=P18,S101,S102,S105,S106,S111,LTS_EVOLUTION9,LTS_SCREEN13
[2026-09-17 17:50:37] SYMBOL_CHECK | XAUUSDm trade_mode=4 xau_open=True | trade_mode=4 | tick_time=1789642237 | bid=4319.496 | ask=4319.756 | tick_ok=True | xau_open=True | current_symbol=XAUUSDm | startup=False
[2026-09-17 17:50:42] POSITION_CLOSED | 🛑 SL Hit | ticket=4727652765 | side=SELL | symbol=XAUUSDm | tf=M5 | sid=21 | pattern=- | trend_filter=- | open_price=4314.798 | close_price=4319.77 | sl=4319.768 | tp=4275.038 | profit=-4.97 | reason=[sl 4319.76800] | close_time=17:50:42 17/09/2026
[2026-09-17 17:50:42] TG_SENT | 🔴 *🛑 SL Hit* | ━━━━━━━━━━━━━━━━━ | 📊 TF: M5 | 📊 SELL XAUUSDm | 📌 เปิด: `4314.798` | 📌 ปิด: `4319.77` | 🛑 SL: `4319.768` | 🎯 TP: `4275.038` | 💬 เหตุผล: `[sl 4319.76800]` | 💸 P/L: `-4.97` USD | 🔖 Ticket: `4727652765` | 🕐 Close Time: `17:50:42 17/09/2026`
[2026-09-17 17:50:46] POSITION_CLOSED | 🛑 SL Hit | ticket=4727670909 | side=SELL | symbol=XAUUSDm | tf=M5 | sid=21 | pattern=- | trend_filter=- | open_price=4316.081 | close_price=4320.06 | sl=4320.061 | tp=4284.241 | profit=-3.98 | reason=[sl 4320.06100] | close_time=17:50:45 17/09/2026
[2026-09-17 17:50:47] TG_SENT | 🔴 *🛑 SL Hit* | ━━━━━━━━━━━━━━━━━ | 📊 TF: M5 | 📊 SELL XAUUSDm | 📌 เปิด: `4316.081` | 📌 ปิด: `4320.06` | 🛑 SL: `4320.061` | 🎯 TP: `4284.241` | 💬 เหตุผล: `[sl 4320.06100]` | 💸 P/L: `-3.98` USD | 🔖 Ticket: `4727670909` | 🕐 Close Time: `17:50:45 17/09/2026`
[2026-09-17 17:51:37] SYMBOL_CHECK | XAUUSDm trade_mode=4 xau_open=True | trade_mode=4 | tick_time=1789642297 | bid=4322.048 | ask=4322.308 | tick_ok=True | xau_open=True | current_symbol=XAUUSDm | startup=False
[2026-09-17 17:52:37] SYMBOL_CHECK | XAUUSDm trade_mode=4 xau_open=True | trade_mode=4 | tick_time=1789642357 | bid=4322.103 | ask=4322.363 | tick_ok=True | xau_open=True | current_symbol=XAUUSDm | startup=False
[2026-09-17 17:53:38] SYMBOL_CHECK | XAUUSDm trade_mode=4 xau_open=True | trade_mode=4 | tick_time=1789642418 | bid=4321.927 | ask=4322.187 | tick_ok=True | xau_open=True | current_symbol=XAUUSDm | startup=False
[2026-09-17 17:54:38] SYMBOL_CHECK | XAUUSDm trade_mode=4 xau_open=True | trade_mode=4 | tick_time=1789642478 | bid=4321.796 | ask=4322.056 | tick_ok=True | xau_open=True | current_symbol=XAUUSDm | startup=False
[2026-09-17 17:54:38] DEMO_PORTFOLIO_SCAN | XAUUSDm open active=P18,S101,S102,S105,S106,S111,LTS_EVOLUTION9,LTS_SCREEN13
[2026-09-17 17:54:38] DEMO_PORTFOLIO_SCAN | XAUUSDm done active=P18,S101,S102,S105,S106,S111,LTS_EVOLUTION9,LTS_SCREEN13
[2026-09-17 17:55:37] SYMBOL_CHECK | XAUUSDm trade_mode=4 xau_open=True | trade_mode=4 | tick_time=1789642537 | bid=4321.559 | ask=4321.819 | tick_ok=True | xau_open=True | current_symbol=XAUUSDm | startup=False
[2026-09-17 17:56:38] SYMBOL_CHECK | XAUUSDm trade_mode=4 xau_open=True | trade_mode=4 | tick_time=1789642598 | bid=4323.521 | ask=4323.781 | tick_ok=True | xau_open=True | current_symbol=XAUUSDm | startup=False
[2026-09-17 17:57:38] SYMBOL_CHECK | XAUUSDm trade_mode=4 xau_open=True | trade_mode=4 | tick_time=1789642658 | bid=4324.401 | ask=4324.661 | tick_ok=True | xau_open=True | current_symbol=XAUUSDm | startup=False
[2026-09-17 17:58:37] SYMBOL_CHECK | XAUUSDm trade_mode=4 xau_open=True | trade_mode=4 | tick_time=1789642717 | bid=4324.76 | ask=4325.0 | tick_ok=True | xau_open=True | current_symbol=XAUUSDm | startup=False
[2026-09-17 17:59:36] SYMBOL_CHECK | XAUUSDm trade_mode=4 xau_open=True | trade_mode=4 | tick_time=1789642778 | bid=4323.956 | ask=4324.216 | tick_ok=True | xau_open=True | current_symbol=XAUUSDm | startup=False
[2026-09-17 17:59:36] DEMO_PORTFOLIO_SCAN | XAUUSDm open active=P18,S101,S102,S105,S106,S111,LTS_EVOLUTION9,LTS_SCREEN13
[2026-09-17 17:59:37] DEMO_PORTFOLIO_SIGNAL | LTS_EVOLUTION9_7 BUY lot=0.01 sl=4258.867 tp=4520.037 rd=65.29 weight=1.000 scale=1.00 h=17 success=True ticket=4728161638 err=None
[2026-09-17 17:59:37] DEMO_PORTFOLIO_SIGNAL | LTS_SCREEN13_9 SELL lot=0.01 sl=4325.347000000001 tp=4312.2970000000005 rd=1.45 weight=1.000 scale=1.00 h=17 success=True ticket=4728161642 err=None
[2026-09-17 17:59:37] DEMO_PORTFOLIO_SCAN | XAUUSDm done active=P18,S101,S102,S105,S106,S111,LTS_EVOLUTION9,LTS_SCREEN13
[2026-09-17 17:59:38] TG_SENT | [AF SIGNAL] *🧬 LTS_EVOLUTION9* | Leg: `LTS_EVOLUTION9_7 DIRECT_S104_H1` | BUY @ market lot `0.01` | SL `4258.87` TP `4520.04` | RD `65.29` H`17` | Weight `x1.000` Scale `1.00` | Ticket: `4728161638`
[2026-09-17 17:59:42] TG_SENT | [AF SIGNAL] *📐 LTS_SCREEN13* | Leg: `LTS_SCREEN13_9 DIRECT_S418_M5` | SELL @ market lot `0.01` | SL `4325.35` TP `4312.30` | RD `1.45` H`17` | Weight `x1.000` Scale `1.00` | Ticket: `4728161642`
[2026-09-17 18:00:05] POSITION_CLOSED | 🛑 SL Hit | ticket=4728161642 | side=SELL | symbol=XAUUSDm | tf=M5 | sid=21 | pattern=- | trend_filter=- | open_price=4323.897 | close_price=4325.35 | sl=4325.347 | tp=4312.297 | profit=-1.45 | reason=[sl 4325.34700] | close_time=18:00:05 17/09/2026
[2026-09-17 18:00:05] TG_SENT | 🔴 *🛑 SL Hit* | ━━━━━━━━━━━━━━━━━ | 📊 TF: M5 | 📊 SELL XAUUSDm | 📌 เปิด: `4323.897` | 📌 ปิด: `4325.35` | 🛑 SL: `4325.347` | 🎯 TP: `4312.297` | 💬 เหตุผล: `[sl 4325.34700]` | 💸 P/L: `-1.45` USD | 🔖 Ticket: `4728161642` | 🕐 Close Time: `18:00:05 17/09/2026`
[2026-09-17 18:00:18] POSITION_CLOSED | 🎯 TP Hit | ticket=4727568223 | side=BUY | symbol=XAUUSDm | tf=M5 | sid=21 | pattern=- | trend_filter=- | open_price=4314.860000000001 | close_price=4326.62 | sl=4303.1 | tp=4326.62 | profit=11.76 | reason=[tp 4326.62000] | close_time=18:00:18 17/09/2026
[2026-09-17 18:00:18] TG_SENT | 🟢 *🎯 TP Hit* | ━━━━━━━━━━━━━━━━━ | 📊 TF: M5 | 📊 BUY XAUUSDm | 📌 เปิด: `4314.860000000001` | 📌 ปิด: `4326.62` | 🛑 SL: `4303.1` | 🎯 TP: `4326.62` | 💬 เหตุผล: `[tp 4326.62000]` | 💰 P/L: `11.76` USD | 🔖 Ticket: `4727568223` | 🕐 Close Time: `18:00:18 17/09/2026`
[2026-09-17 18:00:38] SYMBOL_CHECK | XAUUSDm trade_mode=4 xau_open=True | trade_mode=4 | tick_time=1789642837 | bid=4326.183 | ask=4326.443 | tick_ok=True | xau_open=True | current_symbol=XAUUSDm | startup=False
[2026-09-17 18:01:37] SYMBOL_CHECK | XAUUSDm trade_mode=4 xau_open=True | trade_mode=4 | tick_time=1789642897 | bid=4327.96 | ask=4328.22 | tick_ok=True | xau_open=True | current_symbol=XAUUSDm | startup=False
[2026-09-17 18:02:36] SYMBOL_CHECK | XAUUSDm trade_mode=4 xau_open=True | trade_mode=4 | tick_time=1789642958 | bid=4327.977 | ask=4328.237 | tick_ok=True | xau_open=True | current_symbol=XAUUSDm | startup=False
[2026-09-17 18:03:37] SYMBOL_CHECK | XAUUSDm trade_mode=4 xau_open=True | trade_mode=4 | tick_time=1789643017 | bid=4328.584 | ask=4328.844 | tick_ok=True | xau_open=True | current_symbol=XAUUSDm | startup=False
[2026-09-17 18:04:12] POSITION_CLOSED | 🎯 TP Hit | ticket=4728039312 | side=BUY | symbol=XAUUSDm | tf=M5 | sid=21 | pattern=- | trend_filter=- | open_price=4315.338000000001 | close_price=4329.88 | sl=4305.358 | tp=4329.878 | profit=14.54 | reason=[tp 4329.87800] | close_time=18:04:09 17/09/2026
[2026-09-17 18:04:13] TG_SENT | 🟢 *🎯 TP Hit* | ━━━━━━━━━━━━━━━━━ | 📊 TF: M5 | 📊 BUY XAUUSDm | 📌 เปิด: `4315.338000000001` | 📌 ปิด: `4329.88` | 🛑 SL: `4305.358` | 🎯 TP: `4329.878` | 💬 เหตุผล: `[tp 4329.87800]` | 💰 P/L: `14.54` USD | 🔖 Ticket: `4728039312` | 🕐 Close Time: `18:04:09 17/09/2026`
[2026-09-17 18:04:37] SYMBOL_CHECK | XAUUSDm trade_mode=4 xau_open=True | trade_mode=4 | tick_time=1789643078 | bid=4330.296 | ask=4330.556 | tick_ok=True | xau_open=True | current_symbol=XAUUSDm | startup=False
[2026-09-17 18:04:37] DEMO_PORTFOLIO_SCAN | XAUUSDm open active=P18,S101,S102,S105,S106,S111,LTS_EVOLUTION9,LTS_SCREEN13
[2026-09-17 18:04:38] DEMO_PORTFOLIO_SCAN | XAUUSDm done active=P18,S101,S102,S105,S106,S111,LTS_EVOLUTION9,LTS_SCREEN13
[2026-09-17 18:05:11] POSITION_CLOSED | 🎯 TP Hit | ticket=4728039337 | side=BUY | symbol=XAUUSDm | tf=M5 | sid=21 | pattern=- | trend_filter=- | open_price=4315.338000000001 | close_price=4331.39 | sl=4304.638 | tp=4331.388 | profit=16.05 | reason=[tp 4331.38800] | close_time=18:05:09 17/09/2026
[2026-09-17 18:05:12] TG_SENT | 🟢 *🎯 TP Hit* | ━━━━━━━━━━━━━━━━━ | 📊 TF: M5 | 📊 BUY XAUUSDm | 📌 เปิด: `4315.338000000001` | 📌 ปิด: `4331.39` | 🛑 SL: `4304.638` | 🎯 TP: `4331.388` | 💬 เหตุผล: `[tp 4331.38800]` | 💰 P/L: `16.05` USD | 🔖 Ticket: `4728039337` | 🕐 Close Time: `18:05:09 17/09/2026`
[2026-09-17 18:05:36] SYMBOL_CHECK | XAUUSDm trade_mode=4 xau_open=True | trade_mode=4 | tick_time=1789643137 | bid=4330.075 | ask=4330.335 | tick_ok=True | xau_open=True | current_symbol=XAUUSDm | startup=False
[2026-09-17 18:06:37] SYMBOL_CHECK | XAUUSDm trade_mode=4 xau_open=True | trade_mode=4 | tick_time=1789643197 | bid=4329.197 | ask=4329.457 | tick_ok=True | xau_open=True | current_symbol=XAUUSDm | startup=False
[2026-09-17 18:07:36] SYMBOL_CHECK | XAUUSDm trade_mode=4 xau_open=True | trade_mode=4 | tick_time=1789643257 | bid=4332.607 | ask=4332.867 | tick_ok=True | xau_open=True | current_symbol=XAUUSDm | startup=False
[2026-09-17 18:08:38] SYMBOL_CHECK | XAUUSDm trade_mode=4 xau_open=True | trade_mode=4 | tick_time=1789643318 | bid=4331.715 | ask=4331.975 | tick_ok=True | xau_open=True | current_symbol=XAUUSDm | startup=False
[2026-09-17 18:09:37] SYMBOL_CHECK | XAUUSDm trade_mode=4 xau_open=True | trade_mode=4 | tick_time=1789643377 | bid=4333.88 | ask=4334.14 | tick_ok=True | xau_open=True | current_symbol=XAUUSDm | startup=False
[2026-09-17 18:09:37] DEMO_PORTFOLIO_SCAN | XAUUSDm open active=P18,S101,S102,S105,S106,S111,LTS_EVOLUTION9,LTS_SCREEN13
[2026-09-17 18:09:37] DEMO_PORTFOLIO_SIGNAL | LTS_EVOLUTION9_3 BUY lot=0.01 sl=4328.676 tp=4444.706 rd=5.25 weight=1.000 scale=1.00 h=18 success=True ticket=4728236155 err=None
[2026-09-17 18:09:37] DEMO_PORTFOLIO_SCAN | XAUUSDm done active=P18,S101,S102,S105,S106,S111,LTS_EVOLUTION9,LTS_SCREEN13
[2026-09-17 18:09:38] TG_SENT | [AF SIGNAL] *🧬 LTS_EVOLUTION9* | Leg: `LTS_EVOLUTION9_3 DIRECT_S294_M5` | BUY @ market lot `0.01` | SL `4328.68` TP `4444.71` | RD `5.25` H`18` | Weight `x1.000` Scale `1.00` | Ticket: `4728236155`
[2026-09-17 18:10:36] SYMBOL_CHECK | XAUUSDm trade_mode=4 xau_open=True | trade_mode=4 | tick_time=1789643438 | bid=4337.712 | ask=4337.972 | tick_ok=True | xau_open=True | current_symbol=XAUUSDm | startup=False
[2026-09-17 18:11:38] SYMBOL_CHECK | XAUUSDm trade_mode=4 xau_open=True | trade_mode=4 | tick_time=1789643498 | bid=4333.993 | ask=4334.253 | tick_ok=True | xau_open=True | current_symbol=XAUUSDm | startup=False
[2026-09-17 18:12:36] SYMBOL_CHECK | XAUUSDm trade_mode=4 xau_open=True | trade_mode=4 | tick_time=1789643557 | bid=4332.397 | ask=4332.657 | tick_ok=True | xau_open=True | current_symbol=XAUUSDm | startup=False
[2026-09-17 18:13:36] SYMBOL_CHECK | XAUUSDm trade_mode=4 xau_open=True | trade_mode=4 | tick_time=1789643617 | bid=4330.802 | ask=4331.062 | tick_ok=True | xau_open=True | current_symbol=XAUUSDm | startup=False
[2026-09-17 18:14:37] SYMBOL_CHECK | XAUUSDm trade_mode=4 xau_open=True | trade_mode=4 | tick_time=1789643677 | bid=4332.136 | ask=4332.396 | tick_ok=True | xau_open=True | current_symbol=XAUUSDm | startup=False
[2026-09-17 18:14:38] DEMO_PORTFOLIO_SCAN | XAUUSDm open active=P18,S101,S102,S105,S106,S111,LTS_EVOLUTION9,LTS_SCREEN13
[2026-09-17 18:14:38] DEMO_PORTFOLIO_SCAN | XAUUSDm done active=P18,S101,S102,S105,S106,S111,LTS_EVOLUTION9,LTS_SCREEN13
[2026-09-17 18:15:37] SYMBOL_CHECK | XAUUSDm trade_mode=4 xau_open=True | trade_mode=4 | tick_time=1789643737 | bid=4333.661 | ask=4333.921 | tick_ok=True | xau_open=True | current_symbol=XAUUSDm | startup=False
[2026-09-17 18:16:36] SYMBOL_CHECK | XAUUSDm trade_mode=4 xau_open=True | trade_mode=4 | tick_time=1789643797 | bid=4332.568 | ask=4332.828 | tick_ok=True | xau_open=True | current_symbol=XAUUSDm | startup=False
[2026-09-17 18:17:36] SYMBOL_CHECK | XAUUSDm trade_mode=4 xau_open=True | trade_mode=4 | tick_time=1789643857 | bid=4330.412 | ask=4330.672 | tick_ok=True | xau_open=True | current_symbol=XAUUSDm | startup=False
[2026-09-17 18:18:36] SYMBOL_CHECK | XAUUSDm trade_mode=4 xau_open=True | trade_mode=4 | tick_time=1789643917 | bid=4328.342 | ask=4328.602 | tick_ok=True | xau_open=True | current_symbol=XAUUSDm | startup=False
[2026-09-17 18:18:41] POSITION_CLOSED | 🛑 SL Hit | ticket=4728236155 | side=BUY | symbol=XAUUSDm | tf=M5 | sid=21 | pattern=- | trend_filter=- | open_price=4333.926 | close_price=4328.68 | sl=4328.676 | tp=4444.706 | profit=-5.25 | reason=[sl 4328.676] | close_time=18:18:39 17/09/2026
[2026-09-17 18:18:42] TG_SENT | 🟢 *🛑 SL Hit* | ━━━━━━━━━━━━━━━━━ | 📊 TF: M5 | 📊 BUY XAUUSDm | 📌 เปิด: `4333.926` | 📌 ปิด: `4328.68` | 🛑 SL: `4328.676` | 🎯 TP: `4444.706` | 💬 เหตุผล: `[sl 4328.676]` | 💸 P/L: `-5.25` USD | 🔖 Ticket: `4728236155` | 🕐 Close Time: `18:18:39 17/09/2026`
[2026-09-17 18:19:38] SYMBOL_CHECK | XAUUSDm trade_mode=4 xau_open=True | trade_mode=4 | tick_time=1789643978 | bid=4328.18 | ask=4328.44 | tick_ok=True | xau_open=True | current_symbol=XAUUSDm | startup=False
[2026-09-17 18:19:38] DEMO_PORTFOLIO_SCAN | XAUUSDm open active=P18,S101,S102,S105,S106,S111,LTS_EVOLUTION9,LTS_SCREEN13
[2026-09-17 18:19:38] DEMO_PORTFOLIO_SCAN | XAUUSDm done active=P18,S101,S102,S105,S106,S111,LTS_EVOLUTION9,LTS_SCREEN13
[2026-09-17 18:20:36] SYMBOL_CHECK | XAUUSDm trade_mode=4 xau_open=True | trade_mode=4 | tick_time=1789644037 | bid=4330.933 | ask=4331.193 | tick_ok=True | xau_open=True | current_symbol=XAUUSDm | startup=False
[2026-09-17 18:21:36] SYMBOL_CHECK | XAUUSDm trade_mode=4 xau_open=True | trade_mode=4 | tick_time=1789644097 | bid=4331.2 | ask=4331.46 | tick_ok=True | xau_open=True | current_symbol=XAUUSDm | startup=False
[2026-09-17 18:22:37] SYMBOL_CHECK | XAUUSDm trade_mode=4 xau_open=True | trade_mode=4 | tick_time=1789644157 | bid=4333.312 | ask=4333.572 | tick_ok=True | xau_open=True | current_symbol=XAUUSDm | startup=False
[2026-09-17 18:23:37] SYMBOL_CHECK | XAUUSDm trade_mode=4 xau_open=True | trade_mode=4 | tick_time=1789644217 | bid=4330.736 | ask=4330.996 | tick_ok=True | xau_open=True | current_symbol=XAUUSDm | startup=False
[2026-09-17 18:24:36] SYMBOL_CHECK | XAUUSDm trade_mode=4 xau_open=True | trade_mode=4 | tick_time=1789644277 | bid=4329.739 | ask=4329.999 | tick_ok=True | xau_open=True | current_symbol=XAUUSDm | startup=False
[2026-09-17 18:24:36] DEMO_PORTFOLIO_SCAN | XAUUSDm open active=P18,S101,S102,S105,S106,S111,LTS_EVOLUTION9,LTS_SCREEN13
[2026-09-17 18:24:37] DEMO_PORTFOLIO_SIGNAL | P18-F BUY sl=4316.979 tp=4349.5289999999995 success=True ticket=4728360414 err=None
[2026-09-17 18:24:37] DEMO_PORTFOLIO_SCAN | XAUUSDm done active=P18,S101,S102,S105,S106,S111,LTS_EVOLUTION9,LTS_SCREEN13
[2026-09-17 18:24:38] TG_SENT | 📡 *👑 18-Way Hybrid* | Leg: `S39 Demand/Supply` (`F`) | 🟢 BUY @ market | SL `4316.98` TP `4349.53` | Ticket: `4728360414`
[2026-09-17 18:25:37] SYMBOL_CHECK | XAUUSDm trade_mode=4 xau_open=True | trade_mode=4 | tick_time=1789644338 | bid=4328.616 | ask=4328.876 | tick_ok=True | xau_open=True | current_symbol=XAUUSDm | startup=False
[2026-09-17 18:26:36] SYMBOL_CHECK | XAUUSDm trade_mode=4 xau_open=True | trade_mode=4 | tick_time=1789644397 | bid=4327.137 | ask=4327.397 | tick_ok=True | xau_open=True | current_symbol=XAUUSDm | startup=False
[2026-09-17 18:27:36] SYMBOL_CHECK | XAUUSDm trade_mode=4 xau_open=True | trade_mode=4 | tick_time=1789644457 | bid=4327.186 | ask=4327.446 | tick_ok=True | xau_open=True | current_symbol=XAUUSDm | startup=False
[2026-09-17 18:28:38] SYMBOL_CHECK | XAUUSDm trade_mode=4 xau_open=True | trade_mode=4 | tick_time=1789644518 | bid=4328.217 | ask=4328.477 | tick_ok=True | xau_open=True | current_symbol=XAUUSDm | startup=False
[2026-09-17 18:29:36] SYMBOL_CHECK | XAUUSDm trade_mode=4 xau_open=True | trade_mode=4 | tick_time=1789644577 | bid=4328.522 | ask=4328.782 | tick_ok=True | xau_open=True | current_symbol=XAUUSDm | startup=False
[2026-09-17 18:29:37] DEMO_PORTFOLIO_SCAN | XAUUSDm open active=P18,S101,S102,S105,S106,S111,LTS_EVOLUTION9,LTS_SCREEN13
[2026-09-17 18:29:37] DEMO_PORTFOLIO_SIGNAL | P18-F BUY sl=4313.9220000000005 tp=4351.072 success=True ticket=4728391823 err=None
[2026-09-17 18:29:37] DEMO_PORTFOLIO_SCAN | XAUUSDm done active=P18,S101,S102,S105,S106,S111,LTS_EVOLUTION9,LTS_SCREEN13
[2026-09-17 18:29:38] TG_SENT | 📡 *👑 18-Way Hybrid* | Leg: `S39 Demand/Supply` (`F`) | 🟢 BUY @ market | SL `4313.92` TP `4351.07` | Ticket: `4728391823`
[2026-09-17 18:30:37] SYMBOL_CHECK | XAUUSDm trade_mode=4 xau_open=True | trade_mode=4 | tick_time=1789644637 | bid=4328.31 | ask=4328.57 | tick_ok=True | xau_open=True | current_symbol=XAUUSDm | startup=False
[2026-09-17 18:31:38] SYMBOL_CHECK | XAUUSDm trade_mode=4 xau_open=True | trade_mode=4 | tick_time=1789644697 | bid=4327.18 | ask=4327.44 | tick_ok=True | xau_open=True | current_symbol=XAUUSDm | startup=False
[2026-09-17 18:32:37] SYMBOL_CHECK | XAUUSDm trade_mode=4 xau_open=True | trade_mode=4 | tick_time=1789644757 | bid=4328.26 | ask=4328.52 | tick_ok=True | xau_open=True | current_symbol=XAUUSDm | startup=False
[2026-09-17 18:33:36] SYMBOL_CHECK | XAUUSDm trade_mode=4 xau_open=True | trade_mode=4 | tick_time=1789644818 | bid=4325.867 | ask=4326.127 | tick_ok=True | xau_open=True | current_symbol=XAUUSDm | startup=False
[2026-09-17 18:34:36] SYMBOL_CHECK | XAUUSDm trade_mode=4 xau_open=True | trade_mode=4 | tick_time=1789644878 | bid=4326.849 | ask=4327.109 | tick_ok=True | xau_open=True | current_symbol=XAUUSDm | startup=False
[2026-09-17 18:34:36] DEMO_PORTFOLIO_SCAN | XAUUSDm open active=P18,S101,S102,S105,S106,S111,LTS_EVOLUTION9,LTS_SCREEN13
[2026-09-17 18:34:37] DEMO_PORTFOLIO_SIGNAL | P18-F BUY sl=4312.639000000001 tp=4348.809000000001 success=True ticket=4728416547 err=None
[2026-09-17 18:34:37] DEMO_PORTFOLIO_SIGNAL | LTS_SCREEN13_9 BUY lot=0.01 sl=4317.969 tp=4400.229 rd=9.14 weight=1.000 scale=1.00 h=18 success=True ticket=4728416578 err=None
[2026-09-17 18:34:37] DEMO_PORTFOLIO_SCAN | XAUUSDm done active=P18,S101,S102,S105,S106,S111,LTS_EVOLUTION9,LTS_SCREEN13
[2026-09-17 18:34:38] TG_SENT | 📡 *👑 18-Way Hybrid* | Leg: `S39 Demand/Supply` (`F`) | 🟢 BUY @ market | SL `4312.64` TP `4348.81` | Ticket: `4728416547`
[2026-09-17 18:34:42] TG_SENT | [AF SIGNAL] *📐 LTS_SCREEN13* | Leg: `LTS_SCREEN13_9 DIRECT_S418_M5` | BUY @ market lot `0.01` | SL `4317.97` TP `4400.23` | RD `9.14` H`18` | Weight `x1.000` Scale `1.00` | Ticket: `4728416578`
[2026-09-17 18:35:36] SYMBOL_CHECK | XAUUSDm trade_mode=4 xau_open=True | trade_mode=4 | tick_time=1789644938 | bid=4326.472 | ask=4326.732 | tick_ok=True | xau_open=True | current_symbol=XAUUSDm | startup=False
[2026-09-17 18:36:37] SYMBOL_CHECK | XAUUSDm trade_mode=4 xau_open=True | trade_mode=4 | tick_time=1789644997 | bid=4326.604 | ask=4326.864 | tick_ok=True | xau_open=True | current_symbol=XAUUSDm | startup=False
[2026-09-17 18:37:37] SYMBOL_CHECK | XAUUSDm trade_mode=4 xau_open=True | trade_mode=4 | tick_time=1789645057 | bid=4324.893 | ask=4325.153 | tick_ok=True | xau_open=True | current_symbol=XAUUSDm | startup=False
[2026-09-17 18:38:36] SYMBOL_CHECK | XAUUSDm trade_mode=4 xau_open=True | trade_mode=4 | tick_time=1789645117 | bid=4324.767 | ask=4325.027 | tick_ok=True | xau_open=True | current_symbol=XAUUSDm | startup=False
[2026-09-17 18:39:37] SYMBOL_CHECK | XAUUSDm trade_mode=4 xau_open=True | trade_mode=4 | tick_time=1789645177 | bid=4324.988 | ask=4325.248 | tick_ok=True | xau_open=True | current_symbol=XAUUSDm | startup=False
[2026-09-17 18:39:37] DEMO_PORTFOLIO_SCAN | XAUUSDm open active=P18,S101,S102,S105,S106,S111,LTS_EVOLUTION9,LTS_SCREEN13
[2026-09-17 18:39:37] DEMO_PORTFOLIO_SIGNAL | P18-C BUY sl=4319.6179999999995 tp=4330.458 success=True ticket=4728441454 err=None
[2026-09-17 18:39:37] DEMO_PORTFOLIO_SKIP | P18-F BUY skipped — 3 positions already open (cap=3)
[2026-09-17 18:39:37] DEMO_PORTFOLIO_SIGNAL | LTS_SCREEN13_9 BUY lot=0.01 sl=4320.8279999999995 tp=4364.1179999999995 rd=4.81 weight=1.000 scale=1.00 h=18 success=True ticket=4728441473 err=None
[2026-09-17 18:39:37] DEMO_PORTFOLIO_SCAN | XAUUSDm done active=P18,S101,S102,S105,S106,S111,LTS_EVOLUTION9,LTS_SCREEN13
[2026-09-17 18:39:38] TG_SENT | 📡 *👑 18-Way Hybrid* | Leg: `S36 FVG` (`C`) | 🟢 BUY @ market | SL `4319.62` TP `4330.46` | Ticket: `4728441454`
[2026-09-17 18:39:42] TG_SENT | [AF SIGNAL] *📐 LTS_SCREEN13* | Leg: `LTS_SCREEN13_9 DIRECT_S418_M5` | BUY @ market lot `0.01` | SL `4320.83` TP `4364.12` | RD `4.81` H`18` | Weight `x1.000` Scale `1.00` | Ticket: `4728441473`
[2026-09-17 18:40:37] SYMBOL_CHECK | XAUUSDm trade_mode=4 xau_open=True | trade_mode=4 | tick_time=1789645237 | bid=4324.303 | ask=4324.543 | tick_ok=True | xau_open=True | current_symbol=XAUUSDm | startup=False
[2026-09-17 18:41:36] SYMBOL_CHECK | XAUUSDm trade_mode=4 xau_open=True | trade_mode=4 | tick_time=1789645297 | bid=4323.955 | ask=4324.215 | tick_ok=True | xau_open=True | current_symbol=XAUUSDm | startup=False
[2026-09-17 18:42:37] SYMBOL_CHECK | XAUUSDm trade_mode=4 xau_open=True | trade_mode=4 | tick_time=1789645358 | bid=4324.084 | ask=4324.344 | tick_ok=True | xau_open=True | current_symbol=XAUUSDm | startup=False
[2026-09-17 18:43:37] SYMBOL_CHECK | XAUUSDm trade_mode=4 xau_open=True | trade_mode=4 | tick_time=1789645417 | bid=4325.431 | ask=4325.691 | tick_ok=True | xau_open=True | current_symbol=XAUUSDm | startup=False
[2026-09-17 18:44:36] SYMBOL_CHECK | XAUUSDm trade_mode=4 xau_open=True | trade_mode=4 | tick_time=1789645477 | bid=4326.401 | ask=4326.661 | tick_ok=True | xau_open=True | current_symbol=XAUUSDm | startup=False
[2026-09-17 18:44:36] DEMO_PORTFOLIO_SCAN | XAUUSDm open active=P18,S101,S102,S105,S106,S111,LTS_EVOLUTION9,LTS_SCREEN13
[2026-09-17 18:44:37] DEMO_PORTFOLIO_SKIP | P18-F BUY skipped — 3 positions already open (cap=3)
[2026-09-17 18:44:37] DEMO_PORTFOLIO_SIGNAL | LTS_SCREEN13_9 BUY lot=0.01 sl=4322.968 tp=4360.228 rd=4.14 weight=1.000 scale=1.00 h=18 success=True ticket=4728466421 err=None
[2026-09-17 18:44:37] DEMO_PORTFOLIO_SCAN | XAUUSDm done active=P18,S101,S102,S105,S106,S111,LTS_EVOLUTION9,LTS_SCREEN13
[2026-09-17 18:44:37] TG_DROP | TelegramError: httpx.ConnectError: [Errno 11001] getaddrinfo failed | text=[AF SIGNAL] *📐 LTS_SCREEN13* Leg: `LTS_SCREEN13_9 DIRECT_S418_M5` BUY @ market lot `0.01` SL `4322.97` TP `4360.23` RD `...
[2026-09-17 18:45:36] SYMBOL_CHECK | XAUUSDm trade_mode=4 xau_open=True | trade_mode=4 | tick_time=1789645537 | bid=4324.866 | ask=4325.126 | tick_ok=True | xau_open=True | current_symbol=XAUUSDm | startup=False
[2026-09-17 18:46:37] SYMBOL_CHECK | XAUUSDm trade_mode=4 xau_open=True | trade_mode=4 | tick_time=1789645597 | bid=4327.478 | ask=4327.738 | tick_ok=True | xau_open=True | current_symbol=XAUUSDm | startup=False
[2026-09-17 18:47:36] SYMBOL_CHECK | XAUUSDm trade_mode=4 xau_open=True | trade_mode=4 | tick_time=1789645658 | bid=4327.331 | ask=4327.591 | tick_ok=True | xau_open=True | current_symbol=XAUUSDm | startup=False
[2026-09-17 18:47:56] POSITION_CLOSED | 🎯 TP Hit | ticket=4728441454 | side=BUY | symbol=XAUUSDm | tf=M5 | sid=21 | pattern=- | trend_filter=- | open_price=4325.638 | close_price=4330.46 | sl=4319.618 | tp=4330.458 | profit=4.82 | reason=[tp 4330.45800] | close_time=18:47:53 17/09/2026
[2026-09-17 18:47:56] TG_DROP | TelegramError: httpx.ConnectError: [Errno 11001] getaddrinfo failed | text=🟢 *🎯 TP Hit* ━━━━━━━━━━━━━━━━━ 📊 TF: M5 📊 BUY XAUUSDm 📌 เปิด: `4325.638` 📌 ปิด: `4330.46` 🛑 SL: `4319.618` | 🎯 TP: `4330...
[2026-09-17 18:48:36] SYMBOL_CHECK | XAUUSDm trade_mode=4 xau_open=True | trade_mode=4 | tick_time=1789645718 | bid=4331.423 | ask=4331.683 | tick_ok=True | xau_open=True | current_symbol=XAUUSDm | startup=False
[2026-09-17 18:49:38] SYMBOL_CHECK | XAUUSDm trade_mode=4 xau_open=True | trade_mode=4 | tick_time=1789645778 | bid=4332.044 | ask=4332.304 | tick_ok=True | xau_open=True | current_symbol=XAUUSDm | startup=False
[2026-09-17 18:49:38] DEMO_PORTFOLIO_SCAN | XAUUSDm open active=P18,S101,S102,S105,S106,S111,LTS_EVOLUTION9,LTS_SCREEN13
[2026-09-17 18:49:38] DEMO_PORTFOLIO_SKIP | P18-F BUY skipped — 3 positions already open (cap=3)
[2026-09-17 18:49:38] DEMO_PORTFOLIO_SIGNAL | LTS_EVOLUTION9_3 BUY lot=0.01 sl=4324.214 tp=4503.004 rd=8.09 weight=1.000 scale=1.00 h=18 success=True ticket=4728501573 err=None
[2026-09-17 18:49:38] DEMO_PORTFOLIO_SIGNAL | LTS_SCREEN13_4 BUY lot=0.01 sl=4324.214 tp=4418.874 rd=8.09 weight=1.000 scale=1.00 h=18 success=True ticket=4728501585 err=None
[2026-09-17 18:49:38] DEMO_PORTFOLIO_SCAN | XAUUSDm done active=P18,S101,S102,S105,S106,S111,LTS_EVOLUTION9,LTS_SCREEN13
[2026-09-17 18:49:38] TG_DROP | TelegramError: httpx.ConnectError: [Errno 11001] getaddrinfo failed | text=[AF SIGNAL] *🧬 LTS_EVOLUTION9* Leg: `LTS_EVOLUTION9_3 DIRECT_S294_M5` BUY @ market lot `0.01` SL `4324.21` TP `4503.00` ...
[2026-09-17 18:49:38] TG_DROP | TelegramError: httpx.ConnectError: [Errno 11001] getaddrinfo failed | text=[AF SIGNAL] *📐 LTS_SCREEN13* Leg: `LTS_SCREEN13_4 DIRECT_S322_M5` BUY @ market lot `0.01` SL `4324.21` TP `4418.87` RD `...
[2026-09-17 18:50:38] SYMBOL_CHECK | XAUUSDm trade_mode=4 xau_open=True | trade_mode=4 | tick_time=1789645838 | bid=4332.266 | ask=4332.526 | tick_ok=True | xau_open=True | current_symbol=XAUUSDm | startup=False
[2026-09-17 18:51:38] SYMBOL_CHECK | XAUUSDm trade_mode=4 xau_open=True | trade_mode=4 | tick_time=1789645897 | bid=4336.736 | ask=4336.996 | tick_ok=True | xau_open=True | current_symbol=XAUUSDm | startup=False
[2026-09-17 18:52:36] SYMBOL_CHECK | XAUUSDm trade_mode=4 xau_open=True | trade_mode=4 | tick_time=1789645958 | bid=4337.099 | ask=4337.359 | tick_ok=True | xau_open=True | current_symbol=XAUUSDm | startup=False
[2026-09-17 18:53:37] SYMBOL_CHECK | XAUUSDm trade_mode=4 xau_open=True | trade_mode=4 | tick_time=1789646017 | bid=4338.488 | ask=4338.748 | tick_ok=True | xau_open=True | current_symbol=XAUUSDm | startup=False
[2026-09-17 18:54:36] SYMBOL_CHECK | XAUUSDm trade_mode=4 xau_open=True | trade_mode=4 | tick_time=1789646078 | bid=4340.658 | ask=4340.918 | tick_ok=True | xau_open=True | current_symbol=XAUUSDm | startup=False
[2026-09-17 18:54:36] DEMO_PORTFOLIO_SCAN | XAUUSDm open active=P18,S101,S102,S105,S106,S111,LTS_EVOLUTION9,LTS_SCREEN13
[2026-09-17 18:54:37] DEMO_PORTFOLIO_SIGNAL | LTS_EVOLUTION9_2 SELL lot=0.01 sl=4341.157 tp=4319.617 rd=0.74 weight=1.000 scale=1.00 h=18 success=True ticket=4728541597 err=None
[2026-09-17 18:54:37] DEMO_PORTFOLIO_SIGNAL | LTS_EVOLUTION9_3 BUY lot=0.01 sl=4330.863 tp=4543.693 rd=9.63 weight=1.000 scale=1.00 h=18 success=True ticket=4728541625 err=None
[2026-09-17 18:54:37] DEMO_PORTFOLIO_SIGNAL | LTS_SCREEN13_4 BUY lot=0.01 sl=4331.053000000001 tp=4441.503000000001 rd=9.44 weight=1.000 scale=1.00 h=18 success=True ticket=4728541637 err=None
[2026-09-17 18:54:37] DEMO_PORTFOLIO_SCAN | XAUUSDm done active=P18,S101,S102,S105,S106,S111,LTS_EVOLUTION9,LTS_SCREEN13
[2026-09-17 18:54:37] TG_DROP | TelegramError: httpx.ConnectError: [Errno 11001] getaddrinfo failed | text=[AF SIGNAL] *🧬 LTS_EVOLUTION9* Leg: `LTS_EVOLUTION9_2 DIRECT_S258_M5` SELL @ market lot `0.01` SL `4341.16` TP `4319.62`...
[2026-09-17 18:54:37] TG_DROP | TelegramError: httpx.ConnectError: [Errno 11001] getaddrinfo failed | text=[AF SIGNAL] *🧬 LTS_EVOLUTION9* Leg: `LTS_EVOLUTION9_3 DIRECT_S294_M5` BUY @ market lot `0.01` SL `4330.86` TP `4543.69` ...
[2026-09-17 18:54:37] TG_DROP | TelegramError: httpx.ConnectError: [Errno 11001] getaddrinfo failed | text=[AF SIGNAL] *📐 LTS_SCREEN13* Leg: `LTS_SCREEN13_4 DIRECT_S322_M5` BUY @ market lot `0.01` SL `4331.05` TP `4441.50` RD `...
[2026-09-17 18:54:47] POSITION_CLOSED | 🛑 SL Hit | ticket=4728541597 | side=SELL | symbol=XAUUSDm | tf=M5 | sid=21 | pattern=- | trend_filter=- | open_price=4340.155 | close_price=4341.16 | sl=4341.157 | tp=4319.617 | profit=-1.0 | reason=[sl 4341.157] | close_time=18:54:47 17/09/2026
[2026-09-17 18:54:47] TG_DROP | TelegramError: httpx.ConnectError: [Errno 11001] getaddrinfo failed | text=🔴 *🛑 SL Hit* ━━━━━━━━━━━━━━━━━ 📊 TF: M5 📊 SELL XAUUSDm 📌 เปิด: `4340.155` 📌 ปิด: `4341.16` 🛑 SL: `4341.157` | 🎯 TP: `431...
[2026-09-17 18:55:36] SYMBOL_CHECK | XAUUSDm trade_mode=4 xau_open=True | trade_mode=4 | tick_time=1789646137 | bid=4342.989 | ask=4343.249 | tick_ok=True | xau_open=True | current_symbol=XAUUSDm | startup=False
[2026-09-17 18:56:36] SYMBOL_CHECK | XAUUSDm trade_mode=4 xau_open=True | trade_mode=4 | tick_time=1789646197 | bid=4341.126 | ask=4341.386 | tick_ok=True | xau_open=True | current_symbol=XAUUSDm | startup=False
[2026-09-17 18:57:37] SYMBOL_CHECK | XAUUSDm trade_mode=4 xau_open=True | trade_mode=4 | tick_time=1789646258 | bid=4343.183 | ask=4343.443 | tick_ok=True | xau_open=True | current_symbol=XAUUSDm | startup=False
[2026-09-17 18:58:27] POSITION_CLOSED | 🎯 TP Hit | ticket=4728416547 | side=BUY | symbol=XAUUSDm | tf=M5 | sid=21 | pattern=- | trend_filter=- | open_price=4327.109 | close_price=4348.81 | sl=4312.639 | tp=4348.809 | profit=21.7 | reason=[tp 4348.80900] | close_time=18:58:25 17/09/2026
[2026-09-17 18:58:27] POSITION_CLOSED | 🎯 TP Hit | ticket=4728360414 | side=BUY | symbol=XAUUSDm | tf=M5 | sid=21 | pattern=- | trend_filter=- | open_price=4329.999000000001 | close_price=4349.53 | sl=4316.979 | tp=4349.529 | profit=19.53 | reason=[tp 4349.52900] | close_time=18:58:25 17/09/2026
[2026-09-17 18:58:27] POSITION_CLOSED | 🎯 TP Hit | ticket=4728102430 | side=BUY | symbol=XAUUSDm | tf=M5 | sid=21 | pattern=- | trend_filter=- | open_price=4316.477 | close_price=4347.19 | sl=4301.292 | tp=4347.192 | profit=30.71 | reason=[tp 4347.19200] | close_time=18:58:25 17/09/2026
[2026-09-17 18:58:27] POSITION_CLOSED | 🎯 TP Hit | ticket=4728391823 | side=BUY | symbol=XAUUSDm | tf=M5 | sid=21 | pattern=- | trend_filter=- | open_price=4328.782 | close_price=4351.07 | sl=4313.922 | tp=4351.072 | profit=22.29 | reason=[tp 4351.07200] | close_time=18:58:26 17/09/2026
[2026-09-17 18:58:27] TG_DROP | TelegramError: httpx.ConnectError: [Errno 11001] getaddrinfo failed | text=🟢 *🎯 TP Hit* ━━━━━━━━━━━━━━━━━ 📊 TF: M5 📊 BUY XAUUSDm 📌 เปิด: `4327.109` 📌 ปิด: `4348.81` 🛑 SL: `4312.639` | 🎯 TP: `4348...
[2026-09-17 18:58:27] TG_DROP | TelegramError: httpx.ConnectError: [Errno 11001] getaddrinfo failed | text=🟢 *🎯 TP Hit* ━━━━━━━━━━━━━━━━━ 📊 TF: M5 📊 BUY XAUUSDm 📌 เปิด: `4329.999000000001` 📌 ปิด: `4349.53` 🛑 SL: `4316.979` | 🎯 ...
[2026-09-17 18:58:28] TG_DROP | TelegramError: httpx.ConnectError: [Errno 11001] getaddrinfo failed | text=🟢 *🎯 TP Hit* ━━━━━━━━━━━━━━━━━ 📊 TF: M5 📊 BUY XAUUSDm 📌 เปิด: `4316.477` 📌 ปิด: `4347.19` 🛑 SL: `4301.292` | 🎯 TP: `4347...
[2026-09-17 18:58:28] TG_DROP | TelegramError: httpx.ConnectError: [Errno 11001] getaddrinfo failed | text=🟢 *🎯 TP Hit* ━━━━━━━━━━━━━━━━━ 📊 TF: M5 📊 BUY XAUUSDm 📌 เปิด: `4328.782` 📌 ปิด: `4351.07` 🛑 SL: `4313.922` | 🎯 TP: `4351...
[2026-09-17 18:58:37] SYMBOL_CHECK | XAUUSDm trade_mode=4 xau_open=True | trade_mode=4 | tick_time=1789646318 | bid=4351.292 | ask=4351.552 | tick_ok=True | xau_open=True | current_symbol=XAUUSDm | startup=False
[2026-09-17 18:59:37] SYMBOL_CHECK | XAUUSDm trade_mode=4 xau_open=True | trade_mode=4 | tick_time=1789646378 | bid=4348.074 | ask=4348.334 | tick_ok=True | xau_open=True | current_symbol=XAUUSDm | startup=False
[2026-09-17 18:59:37] DEMO_PORTFOLIO_SCAN | XAUUSDm open active=P18,S101,S102,S105,S106,S111,LTS_EVOLUTION9,LTS_SCREEN13
[2026-09-17 18:59:38] DEMO_PORTFOLIO_SIGNAL | LTS_EVOLUTION9_3 BUY lot=0.01 sl=4339.763 tp=4543.973 rd=9.24 weight=1.000 scale=1.00 h=18 success=True ticket=4728616226 err=None
[2026-09-17 18:59:38] DEMO_PORTFOLIO_SCAN | XAUUSDm done active=P18,S101,S102,S105,S106,S111,LTS_EVOLUTION9,LTS_SCREEN13
[2026-09-17 18:59:38] TG_DROP | TelegramError: httpx.ConnectError: [Errno 11001] getaddrinfo failed | text=[AF SIGNAL] *🧬 LTS_EVOLUTION9* Leg: `LTS_EVOLUTION9_3 DIRECT_S294_M5` BUY @ market lot `0.01` SL `4339.76` TP `4543.97` ...
[2026-09-17 19:00:37] SYMBOL_CHECK | XAUUSDm trade_mode=4 xau_open=True | trade_mode=4 | tick_time=1789646437 | bid=4351.458 | ask=4351.718 | tick_ok=True | xau_open=True | current_symbol=XAUUSDm | startup=False
[2026-09-17 19:01:37] SYMBOL_CHECK | XAUUSDm trade_mode=4 xau_open=True | trade_mode=4 | tick_time=1789646497 | bid=4349.983 | ask=4350.243 | tick_ok=True | xau_open=True | current_symbol=XAUUSDm | startup=False
[2026-09-17 19:02:36] SYMBOL_CHECK | XAUUSDm trade_mode=4 xau_open=True | trade_mode=4 | tick_time=1789646558 | bid=4346.381 | ask=4346.641 | tick_ok=True | xau_open=True | current_symbol=XAUUSDm | startup=False
[2026-09-17 19:03:38] SYMBOL_CHECK | XAUUSDm trade_mode=4 xau_open=True | trade_mode=4 | tick_time=1789646618 | bid=4344.941 | ask=4345.201 | tick_ok=True | xau_open=True | current_symbol=XAUUSDm | startup=False
[2026-09-17 19:04:37] SYMBOL_CHECK | XAUUSDm trade_mode=4 xau_open=True | trade_mode=4 | tick_time=1789646678 | bid=4348.266 | ask=4348.526 | tick_ok=True | xau_open=True | current_symbol=XAUUSDm | startup=False
[2026-09-17 19:04:38] DEMO_PORTFOLIO_SCAN | XAUUSDm open active=P18,S101,S102,S105,S106,S111,LTS_EVOLUTION9,LTS_SCREEN13
[2026-09-17 19:04:38] DEMO_PORTFOLIO_SIGNAL | P18-B BUY sl=4335.716 tp=4361.336 success=True ticket=4728677606 err=None
[2026-09-17 19:04:38] DEMO_PORTFOLIO_SCAN | XAUUSDm done active=P18,S101,S102,S105,S106,S111,LTS_EVOLUTION9,LTS_SCREEN13
[2026-09-17 19:04:43] TG_DROP | TelegramError: httpx.ConnectError: [Errno 11001] getaddrinfo failed | text=📡 *👑 18-Way Hybrid* Leg: `S34 VolBreak` (`B`) 🟢 BUY @ market SL `4335.72` TP `4361.34` Ticket: `4728677606`
[2026-09-17 19:05:37] SYMBOL_CHECK | XAUUSDm trade_mode=4 xau_open=True | trade_mode=4 | tick_time=1789646737 | bid=4346.873 | ask=4347.133 | tick_ok=True | xau_open=True | current_symbol=XAUUSDm | startup=False
[2026-09-17 19:06:38] SYMBOL_CHECK | XAUUSDm trade_mode=4 xau_open=True | trade_mode=4 | tick_time=1789646798 | bid=4348.361 | ask=4348.621 | tick_ok=True | xau_open=True | current_symbol=XAUUSDm | startup=False
[2026-09-17 19:07:37] SYMBOL_CHECK | XAUUSDm trade_mode=4 xau_open=True | trade_mode=4 | tick_time=1789646858 | bid=4346.826 | ask=4347.086 | tick_ok=True | xau_open=True | current_symbol=XAUUSDm | startup=False
[2026-09-17 19:08:36] SYMBOL_CHECK | XAUUSDm trade_mode=4 xau_open=True | trade_mode=4 | tick_time=1789646917 | bid=4349.134 | ask=4349.394 | tick_ok=True | xau_open=True | current_symbol=XAUUSDm | startup=False
[2026-09-17 19:09:37] SYMBOL_CHECK | XAUUSDm trade_mode=4 xau_open=True | trade_mode=4 | tick_time=1789646977 | bid=4353.32 | ask=4353.58 | tick_ok=True | xau_open=True | current_symbol=XAUUSDm | startup=False
[2026-09-17 19:09:37] DEMO_PORTFOLIO_SCAN | XAUUSDm open active=P18,S101,S102,S105,S106,S111,LTS_EVOLUTION9,LTS_SCREEN13
[2026-09-17 19:09:38] DEMO_PORTFOLIO_SIGNAL | LTS_EVOLUTION9_3 BUY lot=0.01 sl=4344.85 tp=4540.4400000000005 rd=8.85 weight=1.000 scale=1.00 h=19 success=True ticket=4728728332 err=None
[2026-09-17 19:09:38] DEMO_PORTFOLIO_SIGNAL | LTS_SCREEN13_4 BUY lot=0.01 sl=4344.85 tp=4448.400000000001 rd=8.85 weight=1.000 scale=1.00 h=19 success=True ticket=4728728342 err=None
[2026-09-17 19:09:38] DEMO_PORTFOLIO_SIGNAL | LTS_SCREEN13_5 BUY lot=0.01 sl=4344.85 tp=4424.5 rd=8.85 weight=1.000 scale=1.00 h=19 success=True ticket=4728728344 err=None
[2026-09-17 19:09:38] DEMO_PORTFOLIO_SIGNAL | LTS_SCREEN13_8 BUY lot=0.01 sl=4344.14 tp=4420.62 rd=9.56 weight=1.000 scale=1.00 h=19 success=True ticket=4728728348 err=None
[2026-09-17 19:09:38] DEMO_PORTFOLIO_SCAN | XAUUSDm done active=P18,S101,S102,S105,S106,S111,LTS_EVOLUTION9,LTS_SCREEN13
[2026-09-17 19:09:38] TG_DROP | TelegramError: httpx.ConnectError: [Errno 11001] getaddrinfo failed | text=[AF SIGNAL] *🧬 LTS_EVOLUTION9* Leg: `LTS_EVOLUTION9_3 DIRECT_S294_M5` BUY @ market lot `0.01` SL `4344.85` TP `4540.44` ...
[2026-09-17 19:09:38] TG_DROP | TelegramError: httpx.ConnectError: [Errno 11001] getaddrinfo failed | text=[AF SIGNAL] *📐 LTS_SCREEN13* Leg: `LTS_SCREEN13_4 DIRECT_S322_M5` BUY @ market lot `0.01` SL `4344.85` TP `4448.40` RD `...
[2026-09-17 19:09:38] TG_DROP | TelegramError: httpx.ConnectError: [Errno 11001] getaddrinfo failed | text=[AF SIGNAL] *📐 LTS_SCREEN13* Leg: `LTS_SCREEN13_5 DIRECT_S327_M5` BUY @ market lot `0.01` SL `4344.85` TP `4424.50` RD `...
[2026-09-17 19:09:38] TG_DROP | TelegramError: httpx.ConnectError: [Errno 11001] getaddrinfo failed | text=[AF SIGNAL] *📐 LTS_SCREEN13* Leg: `LTS_SCREEN13_8 DIRECT_S413_M5` BUY @ market lot `0.01` SL `4344.14` TP `4420.62` RD `...
[2026-09-17 19:10:37] SYMBOL_CHECK | XAUUSDm trade_mode=4 xau_open=True | trade_mode=4 | tick_time=1789647038 | bid=4352.581 | ask=4352.841 | tick_ok=True | xau_open=True | current_symbol=XAUUSDm | startup=False
[2026-09-17 19:11:37] SYMBOL_CHECK | XAUUSDm trade_mode=4 xau_open=True | trade_mode=4 | tick_time=1789647097 | bid=4354.232 | ask=4354.492 | tick_ok=True | xau_open=True | current_symbol=XAUUSDm | startup=False
[2026-09-17 19:12:37] SYMBOL_CHECK | XAUUSDm trade_mode=4 xau_open=True | trade_mode=4 | tick_time=1789647158 | bid=4353.31 | ask=4353.57 | tick_ok=True | xau_open=True | current_symbol=XAUUSDm | startup=False
[2026-09-17 19:13:38] SYMBOL_CHECK | XAUUSDm trade_mode=4 xau_open=True | trade_mode=4 | tick_time=1789647218 | bid=4353.717 | ask=4353.977 | tick_ok=True | xau_open=True | current_symbol=XAUUSDm | startup=False
[2026-09-17 19:14:37] SYMBOL_CHECK | XAUUSDm trade_mode=4 xau_open=True | trade_mode=4 | tick_time=1789647278 | bid=4353.288 | ask=4353.548 | tick_ok=True | xau_open=True | current_symbol=XAUUSDm | startup=False
[2026-09-17 19:14:37] DEMO_PORTFOLIO_SCAN | XAUUSDm open active=P18,S101,S102,S105,S106,S111,LTS_EVOLUTION9,LTS_SCREEN13
[2026-09-17 19:14:38] DEMO_PORTFOLIO_SCAN | XAUUSDm done active=P18,S101,S102,S105,S106,S111,LTS_EVOLUTION9,LTS_SCREEN13
[2026-09-17 19:15:37] SYMBOL_CHECK | XAUUSDm trade_mode=4 xau_open=True | trade_mode=4 | tick_time=1789647338 | bid=4354.743 | ask=4355.003 | tick_ok=True | xau_open=True | current_symbol=XAUUSDm | startup=False
[2026-09-17 19:16:37] SYMBOL_CHECK | XAUUSDm trade_mode=4 xau_open=True | trade_mode=4 | tick_time=1789647398 | bid=4359.836 | ask=4360.096 | tick_ok=True | xau_open=True | current_symbol=XAUUSDm | startup=False
[2026-09-17 19:16:48] POSITION_CLOSED | 🎯 TP Hit | ticket=4728466421 | side=BUY | symbol=XAUUSDm | tf=M5 | sid=21 | pattern=- | trend_filter=- | open_price=4327.108 | close_price=4360.23 | sl=4322.968 | tp=4360.228 | profit=33.12 | reason=[tp 4360.22800] | close_time=19:16:44 17/09/2026
[2026-09-17 19:16:48] TG_DROP | TelegramError: httpx.ConnectError: [Errno 11001] getaddrinfo failed | text=🟢 *🎯 TP Hit* ━━━━━━━━━━━━━━━━━ 📊 TF: M5 📊 BUY XAUUSDm 📌 เปิด: `4327.108` 📌 ปิด: `4360.23` 🛑 SL: `4322.968` | 🎯 TP: `4360...
[2026-09-17 19:16:53] POSITION_CLOSED | 🎯 TP Hit | ticket=4728677606 | side=BUY | symbol=XAUUSDm | tf=M5 | sid=21 | pattern=- | trend_filter=- | open_price=4348.688 | close_price=4361.34 | sl=4335.716 | tp=4361.336 | profit=12.65 | reason=[tp 4361.33600] | close_time=19:16:50 17/09/2026
[2026-09-17 19:16:53] TG_DROP | TelegramError: httpx.ConnectError: [Errno 11001] getaddrinfo failed | text=🟢 *🎯 TP Hit* ━━━━━━━━━━━━━━━━━ 📊 TF: M5 📊 BUY XAUUSDm 📌 เปิด: `4348.688` 📌 ปิด: `4361.34` 🛑 SL: `4335.716` | 🎯 TP: `4361...
[2026-09-17 19:17:36] SYMBOL_CHECK | XAUUSDm trade_mode=4 xau_open=True | trade_mode=4 | tick_time=1789647457 | bid=4358.559 | ask=4358.819 | tick_ok=True | xau_open=True | current_symbol=XAUUSDm | startup=False
[2026-09-17 19:18:37] SYMBOL_CHECK | XAUUSDm trade_mode=4 xau_open=True | trade_mode=4 | tick_time=1789647517 | bid=4361.982 | ask=4362.242 | tick_ok=True | xau_open=True | current_symbol=XAUUSDm | startup=False
[2026-09-17 19:18:58] POSITION_CLOSED | 🎯 TP Hit | ticket=4728441473 | side=BUY | symbol=XAUUSDm | tf=M5 | sid=21 | pattern=- | trend_filter=- | open_price=4325.638 | close_price=4364.12 | sl=4320.828 | tp=4364.118 | profit=38.48 | reason=[tp 4364.11800] | close_time=19:18:58 17/09/2026
[2026-09-17 19:18:58] TG_DROP | TelegramError: httpx.ConnectError: [Errno 11001] getaddrinfo failed | text=🟢 *🎯 TP Hit* ━━━━━━━━━━━━━━━━━ 📊 TF: M5 📊 BUY XAUUSDm 📌 เปิด: `4325.638` 📌 ปิด: `4364.12` 🛑 SL: `4320.828` | 🎯 TP: `4364...
[2026-09-17 19:19:38] SYMBOL_CHECK | XAUUSDm trade_mode=4 xau_open=True | trade_mode=4 | tick_time=1789647578 | bid=4364.239 | ask=4364.499 | tick_ok=True | xau_open=True | current_symbol=XAUUSDm | startup=False
[2026-09-17 19:19:38] DEMO_PORTFOLIO_SCAN | XAUUSDm open active=P18,S101,S102,S105,S106,S111,LTS_EVOLUTION9,LTS_SCREEN13
[2026-09-17 19:19:38] DEMO_PORTFOLIO_SIGNAL | LTS_EVOLUTION9_2 SELL lot=0.01 sl=4366.969 tp=4287.519 rd=2.73 weight=1.000 scale=1.00 h=19 success=True ticket=4728833715 err=None
[2026-09-17 19:19:38] DEMO_PORTFOLIO_SIGNAL | LTS_EVOLUTION9_3 BUY lot=0.01 sl=4352.849 tp=4610.319 rd=11.65 weight=1.000 scale=1.00 h=19 success=True ticket=4728833720 err=None
[2026-09-17 19:19:38] DEMO_PORTFOLIO_SIGNAL | LTS_SCREEN13_5 BUY lot=0.01 sl=4352.849 tp=4457.699 rd=11.65 weight=1.000 scale=1.00 h=19 success=True ticket=4728833725 err=None
[2026-09-17 19:19:38] DEMO_PORTFOLIO_SIGNAL | LTS_SCREEN13_8 BUY lot=0.01 sl=4352.109 tp=4451.229 rd=12.39 weight=1.000 scale=1.00 h=19 success=True ticket=4728833729 err=None
[2026-09-17 19:19:38] DEMO_PORTFOLIO_SCAN | XAUUSDm done active=P18,S101,S102,S105,S106,S111,LTS_EVOLUTION9,LTS_SCREEN13
[2026-09-17 19:19:38] TG_DROP | TelegramError: httpx.ConnectError: [Errno 11001] getaddrinfo failed | text=[AF SIGNAL] *🧬 LTS_EVOLUTION9* Leg: `LTS_EVOLUTION9_2 DIRECT_S258_M5` SELL @ market lot `0.01` SL `4366.97` TP `4287.52`...
[2026-09-17 19:19:38] TG_DROP | TelegramError: httpx.ConnectError: [Errno 11001] getaddrinfo failed | text=[AF SIGNAL] *🧬 LTS_EVOLUTION9* Leg: `LTS_EVOLUTION9_3 DIRECT_S294_M5` BUY @ market lot `0.01` SL `4352.85` TP `4610.32` ...
[2026-09-17 19:19:38] TG_DROP | TelegramError: httpx.ConnectError: [Errno 11001] getaddrinfo failed | text=[AF SIGNAL] *📐 LTS_SCREEN13* Leg: `LTS_SCREEN13_5 DIRECT_S327_M5` BUY @ market lot `0.01` SL `4352.85` TP `4457.70` RD `...
[2026-09-17 19:19:38] TG_DROP | TelegramError: httpx.ConnectError: [Errno 11001] getaddrinfo failed | text=[AF SIGNAL] *📐 LTS_SCREEN13* Leg: `LTS_SCREEN13_8 DIRECT_S413_M5` BUY @ market lot `0.01` SL `4352.11` TP `4451.23` RD `...
[2026-09-17 19:20:08] POSITION_CLOSED | 🛑 SL Hit | ticket=4728833715 | side=SELL | symbol=XAUUSDm | tf=M5 | sid=21 | pattern=- | trend_filter=- | open_price=4364.2390000000005 | close_price=4366.97 | sl=4366.969 | tp=4287.519 | profit=-2.73 | reason=[sl 4366.96900] | close_time=19:20:07 17/09/2026
[2026-09-17 19:20:08] TG_DROP | TelegramError: httpx.ConnectError: [Errno 11001] getaddrinfo failed | text=🔴 *🛑 SL Hit* ━━━━━━━━━━━━━━━━━ 📊 TF: M5 📊 SELL XAUUSDm 📌 เปิด: `4364.2390000000005` 📌 ปิด: `4366.97` 🛑 SL: `4366.969` | ...
[2026-09-17 19:20:37] SYMBOL_CHECK | XAUUSDm trade_mode=4 xau_open=True | trade_mode=4 | tick_time=1789647637 | bid=4363.949 | ask=4364.209 | tick_ok=True | xau_open=True | current_symbol=XAUUSDm | startup=False
[2026-09-17 19:21:37] SYMBOL_CHECK | XAUUSDm trade_mode=4 xau_open=True | trade_mode=4 | tick_time=1789647698 | bid=4371.299 | ask=4371.559 | tick_ok=True | xau_open=True | current_symbol=XAUUSDm | startup=False
[2026-09-17 19:22:36] SYMBOL_CHECK | XAUUSDm trade_mode=4 xau_open=True | trade_mode=4 | tick_time=1789647758 | bid=4371.579 | ask=4371.839 | tick_ok=True | xau_open=True | current_symbol=XAUUSDm | startup=False
[2026-09-17 19:23:37] SYMBOL_CHECK | XAUUSDm trade_mode=4 xau_open=True | trade_mode=4 | tick_time=1789647818 | bid=4371.398 | ask=4371.658 | tick_ok=True | xau_open=True | current_symbol=XAUUSDm | startup=False
[2026-09-17 19:24:37] SYMBOL_CHECK | XAUUSDm trade_mode=4 xau_open=True | trade_mode=4 | tick_time=1789647878 | bid=4370.54 | ask=4370.8 | tick_ok=True | xau_open=True | current_symbol=XAUUSDm | startup=False
[2026-09-17 19:24:37] DEMO_PORTFOLIO_SCAN | XAUUSDm open active=P18,S101,S102,S105,S106,S111,LTS_EVOLUTION9,LTS_SCREEN13
[2026-09-17 19:24:38] DEMO_PORTFOLIO_SIGNAL | LTS_EVOLUTION9_3 BUY lot=0.01 sl=4362.7 tp=4541.72 rd=8.10 weight=1.000 scale=1.00 h=19 success=True ticket=4728900286 err=None
[2026-09-17 19:24:38] DEMO_PORTFOLIO_SCAN | XAUUSDm done active=P18,S101,S102,S105,S106,S111,LTS_EVOLUTION9,LTS_SCREEN13
[2026-09-17 19:24:38] TG_DROP | TelegramError: httpx.ConnectError: [Errno 11001] getaddrinfo failed | text=[AF SIGNAL] *🧬 LTS_EVOLUTION9* Leg: `LTS_EVOLUTION9_3 DIRECT_S294_M5` BUY @ market lot `0.01` SL `4362.70` TP `4541.72` ...
[2026-09-17 19:25:36] SYMBOL_CHECK | XAUUSDm trade_mode=4 xau_open=True | trade_mode=4 | tick_time=1789647938 | bid=4370.318 | ask=4370.578 | tick_ok=True | xau_open=True | current_symbol=XAUUSDm | startup=False
[2026-09-17 19:26:38] SYMBOL_CHECK | XAUUSDm trade_mode=4 xau_open=True | trade_mode=4 | tick_time=1789647998 | bid=4372.636 | ask=4372.896 | tick_ok=True | xau_open=True | current_symbol=XAUUSDm | startup=False
[2026-09-17 19:27:37] SYMBOL_CHECK | XAUUSDm trade_mode=4 xau_open=True | trade_mode=4 | tick_time=1789648057 | bid=4377.073 | ask=4377.333 | tick_ok=True | xau_open=True | current_symbol=XAUUSDm | startup=False
[2026-09-17 19:28:37] SYMBOL_CHECK | XAUUSDm trade_mode=4 xau_open=True | trade_mode=4 | tick_time=1789648118 | bid=4378.953 | ask=4379.213 | tick_ok=True | xau_open=True | current_symbol=XAUUSDm | startup=False
[2026-09-17 19:29:37] SYMBOL_CHECK | XAUUSDm trade_mode=4 xau_open=True | trade_mode=4 | tick_time=1789648178 | bid=4380.408 | ask=4380.668 | tick_ok=True | xau_open=True | current_symbol=XAUUSDm | startup=False
[2026-09-17 19:29:37] DEMO_PORTFOLIO_SCAN | XAUUSDm open active=P18,S101,S102,S105,S106,S111,LTS_EVOLUTION9,LTS_SCREEN13
[2026-09-17 19:29:38] DEMO_PORTFOLIO_SIGNAL | P18-B BUY sl=4372.508 tp=4388.8279999999995 success=True ticket=4728960365 err=None
[2026-09-17 19:29:38] DEMO_PORTFOLIO_SIGNAL | LTS_EVOLUTION9_3 BUY lot=0.01 sl=4367.237999999999 tp=4664.048 rd=13.43 weight=1.000 scale=1.00 h=19 success=True ticket=4728960383 err=None
[2026-09-17 19:29:38] DEMO_PORTFOLIO_SCAN | XAUUSDm done active=P18,S101,S102,S105,S106,S111,LTS_EVOLUTION9,LTS_SCREEN13
[2026-09-17 19:29:38] TG_DROP | TelegramError: httpx.ConnectError: [Errno 11001] getaddrinfo failed | text=📡 *👑 18-Way Hybrid* Leg: `S34 VolBreak` (`B`) 🟢 BUY @ market SL `4372.51` TP `4388.83` Ticket: `4728960365`
[2026-09-17 19:29:38] TG_DROP | TelegramError: httpx.ConnectError: [Errno 11001] getaddrinfo failed | text=[AF SIGNAL] *🧬 LTS_EVOLUTION9* Leg: `LTS_EVOLUTION9_3 DIRECT_S294_M5` BUY @ market lot `0.01` SL `4367.24` TP `4664.05` ...
[2026-09-17 19:30:38] SYMBOL_CHECK | XAUUSDm trade_mode=4 xau_open=True | trade_mode=4 | tick_time=1789648237 | bid=4376.657 | ask=4376.917 | tick_ok=True | xau_open=True | current_symbol=XAUUSDm | startup=False
[2026-09-17 19:31:22] POSITION_CLOSED | 🛑 SL Hit | ticket=4728960365 | side=BUY | symbol=XAUUSDm | tf=M5 | sid=21 | pattern=- | trend_filter=- | open_price=4380.668000000001 | close_price=4372.51 | sl=4372.508 | tp=4388.828 | profit=-8.16 | reason=[sl 4372.50800] | close_time=19:31:18 17/09/2026
[2026-09-17 19:31:22] TG_DROP | TelegramError: httpx.ConnectError: [Errno 11001] getaddrinfo failed | text=🟢 *🛑 SL Hit* ━━━━━━━━━━━━━━━━━ 📊 TF: M5 📊 BUY XAUUSDm 📌 เปิด: `4380.668000000001` 📌 ปิด: `4372.51` 🛑 SL: `4372.508` | 🎯 ...
[2026-09-17 19:31:37] SYMBOL_CHECK | XAUUSDm trade_mode=4 xau_open=True | trade_mode=4 | tick_time=1789648298 | bid=4372.486 | ask=4372.746 | tick_ok=True | xau_open=True | current_symbol=XAUUSDm | startup=False
[2026-09-17 19:32:37] SYMBOL_CHECK | XAUUSDm trade_mode=4 xau_open=True | trade_mode=4 | tick_time=1789648358 | bid=4372.198 | ask=4372.458 | tick_ok=True | xau_open=True | current_symbol=XAUUSDm | startup=False
[2026-09-17 19:33:36] SYMBOL_CHECK | XAUUSDm trade_mode=4 xau_open=True | trade_mode=4 | tick_time=1789648418 | bid=4369.348 | ask=4369.608 | tick_ok=True | xau_open=True | current_symbol=XAUUSDm | startup=False
[2026-09-17 19:34:37] SYMBOL_CHECK | XAUUSDm trade_mode=4 xau_open=True | trade_mode=4 | tick_time=1789648478 | bid=4370.224 | ask=4370.484 | tick_ok=True | xau_open=True | current_symbol=XAUUSDm | startup=False
[2026-09-17 19:34:37] DEMO_PORTFOLIO_SCAN | XAUUSDm open active=P18,S101,S102,S105,S106,S111,LTS_EVOLUTION9,LTS_SCREEN13
[2026-09-17 19:34:38] DEMO_PORTFOLIO_SIGNAL | LTS_EVOLUTION9_6 SELL lot=0.01 sl=4377.191 tp=4252.581 rd=7.33 weight=1.000 scale=1.00 h=19 success=True ticket=4729028787 err=None
[2026-09-17 19:34:38] DEMO_PORTFOLIO_SIGNAL | LTS_SCREEN13_13 BUY lot=0.01 sl=4365.801 tp=4400.041 rd=4.28 weight=1.000 scale=1.00 h=19 success=True ticket=4729028793 err=None
[2026-09-17 19:34:38] DEMO_PORTFOLIO_SCAN | XAUUSDm done active=P18,S101,S102,S105,S106,S111,LTS_EVOLUTION9,LTS_SCREEN13
[2026-09-17 19:34:38] TG_DROP | TelegramError: httpx.ConnectError: [Errno 11001] getaddrinfo failed | text=[AF SIGNAL] *🧬 LTS_EVOLUTION9* Leg: `LTS_EVOLUTION9_6 DIRECT_S166_M5` SELL @ market lot `0.01` SL `4377.19` TP `4252.58`...
[2026-09-17 19:34:38] TG_DROP | TelegramError: httpx.ConnectError: [Errno 11001] getaddrinfo failed | text=[AF SIGNAL] *📐 LTS_SCREEN13* Leg: `LTS_SCREEN13_13 DIRECT_S419_M5` BUY @ market lot `0.01` SL `4365.80` TP `4400.04` RD ...
[2026-09-17 19:35:31] POSITION_CLOSED | 🛑 SL Hit | ticket=4728960383 | side=BUY | symbol=XAUUSDm | tf=M5 | sid=21 | pattern=- | trend_filter=- | open_price=4380.668000000001 | close_price=4367.03 | sl=4367.238 | tp=4664.048 | profit=-13.64 | reason=[sl 4367.23800] | close_time=19:35:32 17/09/2026
[2026-09-17 19:35:31] TG_DROP | TelegramError: httpx.ConnectError: [Errno 11001] getaddrinfo failed | text=🟢 *🛑 SL Hit* ━━━━━━━━━━━━━━━━━ 📊 TF: M5 📊 BUY XAUUSDm 📌 เปิด: `4380.668000000001` 📌 ปิด: `4367.03` 🛑 SL: `4367.238` | 🎯 ...
[2026-09-17 19:35:38] SYMBOL_CHECK | XAUUSDm trade_mode=4 xau_open=True | trade_mode=4 | tick_time=1789648538 | bid=4366.401 | ask=4366.661 | tick_ok=True | xau_open=True | current_symbol=XAUUSDm | startup=False
[2026-09-17 19:35:38] POSITION_CLOSED | 🛑 SL Hit | ticket=4729028793 | side=BUY | symbol=XAUUSDm | tf=M5 | sid=21 | pattern=- | trend_filter=- | open_price=4370.081 | close_price=4365.8 | sl=4365.801 | tp=4400.041 | profit=-4.28 | reason=[sl 4365.80100] | close_time=19:35:36 17/09/2026
[2026-09-17 19:35:38] TG_DROP | TelegramError: httpx.ConnectError: [Errno 11001] getaddrinfo failed | text=🟢 *🛑 SL Hit* ━━━━━━━━━━━━━━━━━ 📊 TF: M5 📊 BUY XAUUSDm 📌 เปิด: `4370.081` 📌 ปิด: `4365.8` 🛑 SL: `4365.801` | 🎯 TP: `4400....
[2026-09-17 19:36:38] SYMBOL_CHECK | XAUUSDm trade_mode=4 xau_open=True | trade_mode=4 | tick_time=1789648598 | bid=4366.618 | ask=4366.878 | tick_ok=True | xau_open=True | current_symbol=XAUUSDm | startup=False
[2026-09-17 19:37:37] SYMBOL_CHECK | XAUUSDm trade_mode=4 xau_open=True | trade_mode=4 | tick_time=1789648658 | bid=4366.116 | ask=4366.376 | tick_ok=True | xau_open=True | current_symbol=XAUUSDm | startup=False
[2026-09-17 19:38:37] SYMBOL_CHECK | XAUUSDm trade_mode=4 xau_open=True | trade_mode=4 | tick_time=1789648717 | bid=4366.626 | ask=4366.886 | tick_ok=True | xau_open=True | current_symbol=XAUUSDm | startup=False
[2026-09-17 19:39:36] SYMBOL_CHECK | XAUUSDm trade_mode=4 xau_open=True | trade_mode=4 | tick_time=1789648778 | bid=4368.899 | ask=4369.159 | tick_ok=True | xau_open=True | current_symbol=XAUUSDm | startup=False
[2026-09-17 19:39:36] DEMO_PORTFOLIO_SCAN | XAUUSDm open active=P18,S101,S102,S105,S106,S111,LTS_EVOLUTION9,LTS_SCREEN13
[2026-09-17 19:39:37] DEMO_PORTFOLIO_SIGNAL | LTS_SCREEN13_13 BUY lot=0.01 sl=4361.747 tp=4422.467000000001 rd=7.59 weight=1.000 scale=1.00 h=19 success=True ticket=4729082740 err=None
[2026-09-17 19:39:37] DEMO_PORTFOLIO_SCAN | XAUUSDm done active=P18,S101,S102,S105,S106,S111,LTS_EVOLUTION9,LTS_SCREEN13
[2026-09-17 19:39:37] TG_DROP | TelegramError: httpx.ConnectError: [Errno 11001] getaddrinfo failed | text=[AF SIGNAL] *📐 LTS_SCREEN13* Leg: `LTS_SCREEN13_13 DIRECT_S419_M5` BUY @ market lot `0.01` SL `4361.75` TP `4422.47` RD ...
[2026-09-17 19:40:37] SYMBOL_CHECK | XAUUSDm trade_mode=4 xau_open=True | trade_mode=4 | tick_time=1789648838 | bid=4368.019 | ask=4368.279 | tick_ok=True | xau_open=True | current_symbol=XAUUSDm | startup=False
[2026-09-17 19:41:11] TG_NETWORK_ERROR | httpx.ConnectError: [Errno 11001] getaddrinfo failed
[2026-09-17 19:41:12] TG_NETWORK_ERROR | httpx.ConnectError: [Errno 11001] getaddrinfo failed
[2026-09-17 19:41:13] TG_NETWORK_ERROR | httpx.ConnectError: [Errno 11001] getaddrinfo failed
[2026-09-17 19:41:17] TG_NETWORK_ERROR | httpx.ConnectError: [Errno 11001] getaddrinfo failed
[2026-09-17 19:41:20] TG_NETWORK_ERROR | httpx.ConnectError: [Errno 11001] getaddrinfo failed
[2026-09-17 19:41:25] TG_NETWORK_ERROR | httpx.ConnectError: [Errno 11001] getaddrinfo failed
[2026-09-17 19:41:32] TG_NETWORK_ERROR | httpx.ConnectError: [Errno 11001] getaddrinfo failed
[2026-09-17 19:41:37] SYMBOL_CHECK | XAUUSDm trade_mode=4 xau_open=True | trade_mode=4 | tick_time=1789648897 | bid=4369.263 | ask=4369.523 | tick_ok=True | xau_open=True | current_symbol=XAUUSDm | startup=False
[2026-09-17 19:41:44] TG_NETWORK_ERROR | httpx.ConnectError: [Errno 11001] getaddrinfo failed
[2026-09-17 19:42:02] TG_NETWORK_ERROR | httpx.ConnectError: [Errno 11001] getaddrinfo failed
[2026-09-17 19:42:27] TG_NETWORK_ERROR | httpx.ConnectError: [Errno 11001] getaddrinfo failed
[2026-09-17 19:42:36] SYMBOL_CHECK | XAUUSDm trade_mode=4 xau_open=True | trade_mode=4 | tick_time=1789648958 | bid=4365.364 | ask=4365.624 | tick_ok=True | xau_open=True | current_symbol=XAUUSDm | startup=False
[2026-09-17 19:42:57] TG_NETWORK_ERROR | httpx.ConnectError: [Errno 11001] getaddrinfo failed
[2026-09-17 19:43:27] TG_NETWORK_ERROR | httpx.ConnectError: [Errno 11001] getaddrinfo failed
[2026-09-17 19:43:37] SYMBOL_CHECK | XAUUSDm trade_mode=4 xau_open=True | trade_mode=4 | tick_time=1789649018 | bid=4363.767 | ask=4364.027 | tick_ok=True | xau_open=True | current_symbol=XAUUSDm | startup=False
[2026-09-17 19:43:57] TG_NETWORK_ERROR | httpx.ConnectError: [Errno 11001] getaddrinfo failed
[2026-09-17 19:44:07] POSITION_CLOSED | 🛑 SL Hit | ticket=4728900286 | side=BUY | symbol=XAUUSDm | tf=M5 | sid=21 | pattern=- | trend_filter=- | open_price=4370.8 | close_price=4362.7 | sl=4362.7 | tp=4541.72 | profit=-8.1 | reason=[sl 4362.700] | close_time=19:44:07 17/09/2026
[2026-09-17 19:44:07] TG_DROP | TelegramError: httpx.ConnectError: [Errno 11001] getaddrinfo failed | text=🟢 *🛑 SL Hit* ━━━━━━━━━━━━━━━━━ 📊 TF: M5 📊 BUY XAUUSDm 📌 เปิด: `4370.8` 📌 ปิด: `4362.7` 🛑 SL: `4362.7` | 🎯 TP: `4541.72` ...
[2026-09-17 19:44:22] POSITION_CLOSED | 🛑 SL Hit | ticket=4729082740 | side=BUY | symbol=XAUUSDm | tf=M5 | sid=21 | pattern=- | trend_filter=- | open_price=4369.148 | close_price=4361.75 | sl=4361.747 | tp=4422.467 | profit=-7.4 | reason=[sl 4361.747] | close_time=19:44:20 17/09/2026
[2026-09-17 19:44:22] TG_DROP | TelegramError: httpx.ConnectError: [Errno 11001] getaddrinfo failed | text=🟢 *🛑 SL Hit* ━━━━━━━━━━━━━━━━━ 📊 TF: M5 📊 BUY XAUUSDm 📌 เปิด: `4369.148` 📌 ปิด: `4361.75` 🛑 SL: `4361.747` | 🎯 TP: `4422...
[2026-09-17 19:44:27] TG_NETWORK_ERROR | httpx.ConnectError: [Errno 11001] getaddrinfo failed
[2026-09-17 19:44:37] SYMBOL_CHECK | XAUUSDm trade_mode=4 xau_open=True | trade_mode=4 | tick_time=1789649078 | bid=4361.556 | ask=4361.816 | tick_ok=True | xau_open=True | current_symbol=XAUUSDm | startup=False
[2026-09-17 19:44:37] DEMO_PORTFOLIO_SCAN | XAUUSDm open active=P18,S101,S102,S105,S106,S111,LTS_EVOLUTION9,LTS_SCREEN13
[2026-09-17 19:44:38] DEMO_PORTFOLIO_SIGNAL | LTS_SCREEN13_13 BUY lot=0.01 sl=4358.959 tp=4381.119 rd=2.77 weight=1.000 scale=1.00 h=19 success=True ticket=4729130849 err=None
[2026-09-17 19:44:38] DEMO_PORTFOLIO_SCAN | XAUUSDm done active=P18,S101,S102,S105,S106,S111,LTS_EVOLUTION9,LTS_SCREEN13
[2026-09-17 19:44:38] TG_DROP | TelegramError: httpx.ConnectError: [Errno 11001] getaddrinfo failed | text=[AF SIGNAL] *📐 LTS_SCREEN13* Leg: `LTS_SCREEN13_13 DIRECT_S419_M5` BUY @ market lot `0.01` SL `4358.96` TP `4381.12` RD ...
[2026-09-17 19:44:58] TG_NETWORK_ERROR | httpx.ConnectError: [Errno 11001] getaddrinfo failed
[2026-09-17 19:45:28] POSITION_CLOSED | 🛑 SL Hit | ticket=4729130849 | side=BUY | symbol=XAUUSDm | tf=M5 | sid=21 | pattern=- | trend_filter=- | open_price=4361.729 | close_price=4358.96 | sl=4358.959 | tp=4381.119 | profit=-2.77 | reason=[sl 4358.95900] | close_time=19:45:27 17/09/2026
[2026-09-17 19:45:28] TG_DROP | TelegramError: httpx.ConnectError: [Errno 11001] getaddrinfo failed | text=🟢 *🛑 SL Hit* ━━━━━━━━━━━━━━━━━ 📊 TF: M5 📊 BUY XAUUSDm 📌 เปิด: `4361.729` 📌 ปิด: `4358.96` 🛑 SL: `4358.959` | 🎯 TP: `4381...
[2026-09-17 19:45:28] TG_NETWORK_ERROR | httpx.ConnectError: [Errno 11001] getaddrinfo failed
[2026-09-17 19:45:38] SYMBOL_CHECK | XAUUSDm trade_mode=4 xau_open=True | trade_mode=4 | tick_time=1789649138 | bid=4360.201 | ask=4360.461 | tick_ok=True | xau_open=True | current_symbol=XAUUSDm | startup=False
[2026-09-17 19:45:57] TG_NETWORK_ERROR | httpx.ConnectError: [Errno 11001] getaddrinfo failed
[2026-09-17 19:46:28] TG_NETWORK_ERROR | httpx.ConnectError: [Errno 11001] getaddrinfo failed
[2026-09-17 19:46:37] SYMBOL_CHECK | XAUUSDm trade_mode=4 xau_open=True | trade_mode=4 | tick_time=1789649198 | bid=4361.5 | ask=4361.76 | tick_ok=True | xau_open=True | current_symbol=XAUUSDm | startup=False
[2026-09-17 19:46:58] TG_NETWORK_ERROR | httpx.ConnectError: [Errno 11001] getaddrinfo failed
[2026-09-17 19:47:28] TG_NETWORK_ERROR | httpx.ConnectError: [Errno 11001] getaddrinfo failed
[2026-09-17 19:47:38] SYMBOL_CHECK | XAUUSDm trade_mode=4 xau_open=True | trade_mode=4 | tick_time=1789649258 | bid=4360.901 | ask=4361.161 | tick_ok=True | xau_open=True | current_symbol=XAUUSDm | startup=False
[2026-09-17 19:47:57] TG_NETWORK_ERROR | httpx.ConnectError: [Errno 11001] getaddrinfo failed
[2026-09-17 19:48:27] TG_NETWORK_ERROR | httpx.ConnectError: [Errno 11001] getaddrinfo failed
[2026-09-17 19:48:37] SYMBOL_CHECK | XAUUSDm trade_mode=4 xau_open=True | trade_mode=4 | tick_time=1789649318 | bid=4363.824 | ask=4364.084 | tick_ok=True | xau_open=True | current_symbol=XAUUSDm | startup=False
[2026-09-17 19:48:57] TG_NETWORK_ERROR | httpx.ConnectError: [Errno 11001] getaddrinfo failed
[2026-09-17 19:49:28] TG_NETWORK_ERROR | httpx.ConnectError: [Errno 11001] getaddrinfo failed
[2026-09-17 19:49:36] SYMBOL_CHECK | XAUUSDm trade_mode=4 xau_open=True | trade_mode=4 | tick_time=1789649378 | bid=4366.717 | ask=4366.977 | tick_ok=True | xau_open=True | current_symbol=XAUUSDm | startup=False
[2026-09-17 19:49:36] DEMO_PORTFOLIO_SCAN | XAUUSDm open active=P18,S101,S102,S105,S106,S111,LTS_EVOLUTION9,LTS_SCREEN13
[2026-09-17 19:49:37] DEMO_PORTFOLIO_SIGNAL | LTS_EVOLUTION9_3 BUY lot=0.01 sl=4358.347 tp=4549.076999999999 rd=8.63 weight=1.000 scale=1.00 h=19 success=True ticket=4729180303 err=None
[2026-09-17 19:49:37] DEMO_PORTFOLIO_SIGNAL | LTS_SCREEN13_13 BUY lot=0.01 sl=4356.717 tp=4438.797 rd=10.26 weight=1.000 scale=1.00 h=19 success=True ticket=4729180331 err=None
[2026-09-17 19:49:37] DEMO_PORTFOLIO_SCAN | XAUUSDm done active=P18,S101,S102,S105,S106,S111,LTS_EVOLUTION9,LTS_SCREEN13
[2026-09-17 19:49:37] TG_DROP | TelegramError: httpx.ConnectError: [Errno 11001] getaddrinfo failed | text=[AF SIGNAL] *🧬 LTS_EVOLUTION9* Leg: `LTS_EVOLUTION9_3 DIRECT_S294_M5` BUY @ market lot `0.01` SL `4358.35` TP `4549.08` ...
[2026-09-17 19:49:37] TG_DROP | TelegramError: httpx.ConnectError: [Errno 11001] getaddrinfo failed | text=[AF SIGNAL] *📐 LTS_SCREEN13* Leg: `LTS_SCREEN13_13 DIRECT_S419_M5` BUY @ market lot `0.01` SL `4356.72` TP `4438.80` RD ...
[2026-09-17 19:49:58] TG_NETWORK_ERROR | httpx.ConnectError: [Errno 11001] getaddrinfo failed
[2026-09-17 19:50:27] TG_NETWORK_ERROR | httpx.ConnectError: [Errno 11001] getaddrinfo failed
[2026-09-17 19:50:36] SYMBOL_CHECK | XAUUSDm trade_mode=4 xau_open=True | trade_mode=4 | tick_time=1789649437 | bid=4368.489 | ask=4368.749 | tick_ok=True | xau_open=True | current_symbol=XAUUSDm | startup=False
[2026-09-17 19:50:58] TG_NETWORK_ERROR | httpx.ConnectError: [Errno 11001] getaddrinfo failed
[2026-09-17 19:51:27] TG_NETWORK_ERROR | httpx.ConnectError: [Errno 11001] getaddrinfo failed
[2026-09-17 19:51:36] SYMBOL_CHECK | XAUUSDm trade_mode=4 xau_open=True | trade_mode=4 | tick_time=1789649498 | bid=4370.915 | ask=4371.175 | tick_ok=True | xau_open=True | current_symbol=XAUUSDm | startup=False
[2026-09-17 19:51:58] TG_NETWORK_ERROR | httpx.ConnectError: [Errno 11001] getaddrinfo failed
[2026-09-17 19:52:28] TG_NETWORK_ERROR | httpx.ConnectError: [Errno 11001] getaddrinfo failed
[2026-09-17 19:52:37] SYMBOL_CHECK | XAUUSDm trade_mode=4 xau_open=True | trade_mode=4 | tick_time=1789649558 | bid=4371.316 | ask=4371.576 | tick_ok=True | xau_open=True | current_symbol=XAUUSDm | startup=False
[2026-09-17 19:52:58] TG_NETWORK_ERROR | httpx.ConnectError: [Errno 11001] getaddrinfo failed
[2026-09-17 19:53:28] TG_NETWORK_ERROR | httpx.ConnectError: [Errno 11001] getaddrinfo failed
[2026-09-17 19:53:36] SYMBOL_CHECK | XAUUSDm trade_mode=4 xau_open=True | trade_mode=4 | tick_time=1789649618 | bid=4374.756 | ask=4375.016 | tick_ok=True | xau_open=True | current_symbol=XAUUSDm | startup=False
[2026-09-17 19:53:58] TG_NETWORK_ERROR | httpx.ConnectError: [Errno 11001] getaddrinfo failed
[2026-09-17 19:54:29] TG_NETWORK_ERROR | httpx.ConnectError: [Errno 11001] getaddrinfo failed
[2026-09-17 19:54:37] SYMBOL_CHECK | XAUUSDm trade_mode=4 xau_open=True | trade_mode=4 | tick_time=1789649677 | bid=4373.575 | ask=4373.835 | tick_ok=True | xau_open=True | current_symbol=XAUUSDm | startup=False
[2026-09-17 19:54:37] DEMO_PORTFOLIO_SCAN | XAUUSDm open active=P18,S101,S102,S105,S106,S111,LTS_EVOLUTION9,LTS_SCREEN13
[2026-09-17 19:54:38] DEMO_PORTFOLIO_SIGNAL | LTS_EVOLUTION9_3 BUY lot=0.01 sl=4365.775000000001 tp=4543.905000000001 rd=8.06 weight=1.000 scale=1.00 h=19 success=True ticket=4729234856 err=None
[2026-09-17 19:54:38] DEMO_PORTFOLIO_SIGNAL | LTS_SCREEN13_13 BUY lot=0.01 sl=4356.645 tp=4494.165 rd=17.19 weight=1.000 scale=1.00 h=19 success=True ticket=4729234871 err=None
[2026-09-17 19:54:38] DEMO_PORTFOLIO_SCAN | XAUUSDm done active=P18,S101,S102,S105,S106,S111,LTS_EVOLUTION9,LTS_SCREEN13
[2026-09-17 19:54:38] TG_DROP | TelegramError: httpx.ConnectError: [Errno 11001] getaddrinfo failed | text=[AF SIGNAL] *🧬 LTS_EVOLUTION9* Leg: `LTS_EVOLUTION9_3 DIRECT_S294_M5` BUY @ market lot `0.01` SL `4365.78` TP `4543.91` ...
[2026-09-17 19:54:38] TG_DROP | TelegramError: httpx.ConnectError: [Errno 11001] getaddrinfo failed | text=[AF SIGNAL] *📐 LTS_SCREEN13* Leg: `LTS_SCREEN13_13 DIRECT_S419_M5` BUY @ market lot `0.01` SL `4356.65` TP `4494.16` RD ...
[2026-09-17 19:54:59] TG_NETWORK_ERROR | httpx.ConnectError: [Errno 11001] getaddrinfo failed
[2026-09-17 19:55:28] TG_NETWORK_ERROR | httpx.ConnectError: [Errno 11001] getaddrinfo failed
[2026-09-17 19:55:37] SYMBOL_CHECK | XAUUSDm trade_mode=4 xau_open=True | trade_mode=4 | tick_time=1789649737 | bid=4372.176 | ask=4372.436 | tick_ok=True | xau_open=True | current_symbol=XAUUSDm | startup=False
[2026-09-17 19:56:02] TG_NETWORK_ERROR | httpx.ConnectError: [Errno 11001] getaddrinfo failed
[2026-09-17 19:56:31] TG_NETWORK_ERROR | httpx.ConnectError: [Errno 11001] getaddrinfo failed
[2026-09-17 19:56:36] SYMBOL_CHECK | XAUUSDm trade_mode=4 xau_open=True | trade_mode=4 | tick_time=1789649798 | bid=4372.288 | ask=4372.548 | tick_ok=True | xau_open=True | current_symbol=XAUUSDm | startup=False
[2026-09-17 19:57:02] TG_NETWORK_ERROR | httpx.ConnectError: [Errno 11001] getaddrinfo failed
[2026-09-17 19:57:32] TG_NETWORK_ERROR | httpx.ConnectError: [Errno 11001] getaddrinfo failed
[2026-09-17 19:57:36] SYMBOL_CHECK | XAUUSDm trade_mode=4 xau_open=True | trade_mode=4 | tick_time=1789649858 | bid=4371.714 | ask=4371.974 | tick_ok=True | xau_open=True | current_symbol=XAUUSDm | startup=False
[2026-09-17 19:58:03] TG_NETWORK_ERROR | httpx.ConnectError: [Errno 11001] getaddrinfo failed
[2026-09-17 19:58:33] TG_NETWORK_ERROR | httpx.ConnectError: [Errno 11001] getaddrinfo failed
[2026-09-17 19:58:37] SYMBOL_CHECK | XAUUSDm trade_mode=4 xau_open=True | trade_mode=4 | tick_time=1789649918 | bid=4372.863 | ask=4373.123 | tick_ok=True | xau_open=True | current_symbol=XAUUSDm | startup=False
[2026-09-17 19:59:03] TG_NETWORK_ERROR | httpx.ConnectError: [Errno 11001] getaddrinfo failed
[2026-09-17 19:59:32] TG_NETWORK_ERROR | httpx.ConnectError: [Errno 11001] getaddrinfo failed
[2026-09-17 19:59:36] SYMBOL_CHECK | XAUUSDm trade_mode=4 xau_open=True | trade_mode=4 | tick_time=1789649978 | bid=4373.04 | ask=4373.3 | tick_ok=True | xau_open=True | current_symbol=XAUUSDm | startup=False
[2026-09-17 19:59:36] DEMO_PORTFOLIO_SCAN | XAUUSDm open active=P18,S101,S102,S105,S106,S111,LTS_EVOLUTION9,LTS_SCREEN13
[2026-09-17 19:59:37] DEMO_PORTFOLIO_SIGNAL | LTS_SCREEN13_13 BUY lot=0.01 sl=4363.955999999999 tp=4438.755999999999 rd=9.35 weight=1.000 scale=1.00 h=19 success=True ticket=4729267780 err=None
[2026-09-17 19:59:37] DEMO_PORTFOLIO_SCAN | XAUUSDm done active=P18,S101,S102,S105,S106,S111,LTS_EVOLUTION9,LTS_SCREEN13
[2026-09-17 19:59:37] TG_DROP | TelegramError: httpx.ConnectError: [Errno 11001] getaddrinfo failed | text=[AF SIGNAL] *📐 LTS_SCREEN13* Leg: `LTS_SCREEN13_13 DIRECT_S419_M5` BUY @ market lot `0.01` SL `4363.96` TP `4438.76` RD ...
[2026-09-17 20:00:03] TG_NETWORK_ERROR | httpx.ConnectError: [Errno 11001] getaddrinfo failed
[2026-09-17 20:00:33] TG_NETWORK_ERROR | httpx.ConnectError: [Errno 11001] getaddrinfo failed
[2026-09-17 20:00:38] SYMBOL_CHECK | XAUUSDm trade_mode=4 xau_open=True | trade_mode=4 | tick_time=1789650038 | bid=4370.602 | ask=4370.862 | tick_ok=True | xau_open=True | current_symbol=XAUUSDm | startup=False
[2026-09-17 20:01:03] TG_NETWORK_ERROR | httpx.ConnectError: [Errno 11001] getaddrinfo failed
[2026-09-17 20:01:33] TG_NETWORK_ERROR | httpx.ConnectError: [Errno 11001] getaddrinfo failed
[2026-09-17 20:01:37] SYMBOL_CHECK | XAUUSDm trade_mode=4 xau_open=True | trade_mode=4 | tick_time=1789650098 | bid=4369.944 | ask=4370.204 | tick_ok=True | xau_open=True | current_symbol=XAUUSDm | startup=False
[2026-09-17 20:02:03] TG_NETWORK_ERROR | httpx.ConnectError: [Errno 11001] getaddrinfo failed
[2026-09-17 20:02:37] SYMBOL_CHECK | XAUUSDm trade_mode=4 xau_open=True | trade_mode=4 | tick_time=1789650158 | bid=4368.963 | ask=4369.223 | tick_ok=True | xau_open=True | current_symbol=XAUUSDm | startup=False
[2026-09-17 20:02:38] TG_NETWORK_ERROR | httpx.ConnectError: [Errno 11001] getaddrinfo failed
[2026-09-17 20:03:07] TG_NETWORK_ERROR | httpx.ConnectError: [Errno 11001] getaddrinfo failed
[2026-09-17 20:03:37] SYMBOL_CHECK | XAUUSDm trade_mode=4 xau_open=True | trade_mode=4 | tick_time=1789650218 | bid=4368.997 | ask=4369.257 | tick_ok=True | xau_open=True | current_symbol=XAUUSDm | startup=False
[2026-09-17 20:03:38] TG_NETWORK_ERROR | httpx.ConnectError: [Errno 11001] getaddrinfo failed
[2026-09-17 20:04:08] TG_NETWORK_ERROR | httpx.ConnectError: [Errno 11001] getaddrinfo failed
[2026-09-17 20:04:36] SYMBOL_CHECK | XAUUSDm trade_mode=4 xau_open=True | trade_mode=4 | tick_time=1789650278 | bid=4367.328 | ask=4367.588 | tick_ok=True | xau_open=True | current_symbol=XAUUSDm | startup=False
[2026-09-17 20:04:36] DEMO_PORTFOLIO_SCAN | XAUUSDm open active=P18,S101,S102,S105,S106,S111,LTS_EVOLUTION9,LTS_SCREEN13
[2026-09-17 20:04:37] DEMO_PORTFOLIO_SIGNAL | LTS_SCREEN13_13 BUY lot=0.01 sl=4363.987999999999 tp=4392.788 rd=3.60 weight=1.000 scale=1.00 h=20 success=True ticket=4729323669 err=None
[2026-09-17 20:04:37] DEMO_PORTFOLIO_SCAN | XAUUSDm done active=P18,S101,S102,S105,S106,S111,LTS_EVOLUTION9,LTS_SCREEN13
[2026-09-17 20:04:37] TG_DROP | TelegramError: httpx.ConnectError: [Errno 11001] getaddrinfo failed | text=[AF SIGNAL] *📐 LTS_SCREEN13* Leg: `LTS_SCREEN13_13 DIRECT_S419_M5` BUY @ market lot `0.01` SL `4363.99` TP `4392.79` RD ...
[2026-09-17 20:04:37] TG_NETWORK_ERROR | httpx.ConnectError: [Errno 11001] getaddrinfo failed
[2026-09-17 20:04:52] POSITION_CLOSED | 🛑 SL Hit | ticket=4729234856 | side=BUY | symbol=XAUUSDm | tf=M5 | sid=21 | pattern=- | trend_filter=- | open_price=4373.835 | close_price=4365.77 | sl=4365.775 | tp=4543.905 | profit=-8.06 | reason=[sl 4365.77500] | close_time=20:04:48 17/09/2026
[2026-09-17 20:04:57] TG_DROP | TelegramError: httpx.ConnectError: [Errno 11001] getaddrinfo failed | text=🟢 *🛑 SL Hit* ━━━━━━━━━━━━━━━━━ 📊 TF: M5 📊 BUY XAUUSDm 📌 เปิด: `4373.835` 📌 ปิด: `4365.77` 🛑 SL: `4365.775` | 🎯 TP: `4543...
[2026-09-17 20:05:08] TG_NETWORK_ERROR | httpx.ConnectError: [Errno 11001] getaddrinfo failed
[2026-09-17 20:05:37] SYMBOL_CHECK | XAUUSDm trade_mode=4 xau_open=True | trade_mode=4 | tick_time=1789650338 | bid=4365.482 | ask=4365.742 | tick_ok=True | xau_open=True | current_symbol=XAUUSDm | startup=False
[2026-09-17 20:05:43] TG_NETWORK_ERROR | httpx.ConnectError: [Errno 11001] getaddrinfo failed
[2026-09-17 20:05:44] TG_NETWORK_ERROR | httpx.ConnectError: [Errno 11001] getaddrinfo failed
[2026-09-17 20:05:46] TG_NETWORK_ERROR | httpx.ConnectError: [Errno 11001] getaddrinfo failed
[2026-09-17 20:05:48] TG_NETWORK_ERROR | httpx.ConnectError: [Errno 11001] getaddrinfo failed
[2026-09-17 20:05:51] TG_NETWORK_ERROR | httpx.ConnectError: [Errno 11001] getaddrinfo failed
[2026-09-17 20:06:01] TG_NETWORK_ERROR | httpx.ConnectError: [Errno 11001] getaddrinfo failed
[2026-09-17 20:06:03] TG_NETWORK_ERROR | httpx.ConnectError: [Errno 11001] getaddrinfo failed
[2026-09-17 20:06:04] TG_NETWORK_ERROR | httpx.ConnectError: [Errno 11001] getaddrinfo failed
[2026-09-17 20:06:06] TG_NETWORK_ERROR | httpx.ConnectError: [Errno 11001] getaddrinfo failed
[2026-09-17 20:06:10] TG_NETWORK_ERROR | httpx.ConnectError: [Errno 11001] getaddrinfo failed
[2026-09-17 20:06:15] TG_NETWORK_ERROR | httpx.ConnectError: [Errno 11001] getaddrinfo failed
[2026-09-17 20:06:28] TG_NETWORK_ERROR | httpx.ConnectError: [Errno 11001] getaddrinfo failed
[2026-09-17 20:06:29] TG_NETWORK_ERROR | httpx.ConnectError: [Errno 11001] getaddrinfo failed
[2026-09-17 20:06:30] TG_NETWORK_ERROR | httpx.ConnectError: [Errno 11001] getaddrinfo failed
[2026-09-17 20:06:32] TG_NETWORK_ERROR | httpx.ConnectError: [Errno 11001] getaddrinfo failed
[2026-09-17 20:06:36] TG_NETWORK_ERROR | httpx.ConnectError: [Errno 11001] getaddrinfo failed
[2026-09-17 20:06:37] SYMBOL_CHECK | XAUUSDm trade_mode=4 xau_open=True | trade_mode=4 | tick_time=1789650397 | bid=4366.65 | ask=4366.91 | tick_ok=True | xau_open=True | current_symbol=XAUUSDm | startup=False
[2026-09-17 20:06:41] TG_NETWORK_ERROR | httpx.ConnectError: [Errno 11001] getaddrinfo failed
[2026-09-17 20:06:49] TG_NETWORK_ERROR | httpx.ConnectError: [Errno 11001] getaddrinfo failed
[2026-09-17 20:07:00] TG_NETWORK_ERROR | httpx.ConnectError: [Errno 11001] getaddrinfo failed
[2026-09-17 20:07:22] TG_NETWORK_ERROR | httpx.ConnectError: [Errno 11001] getaddrinfo failed
[2026-09-17 20:07:23] TG_NETWORK_ERROR | httpx.ConnectError: [Errno 11001] getaddrinfo failed
[2026-09-17 20:07:25] TG_NETWORK_ERROR | httpx.ConnectError: [Errno 11001] getaddrinfo failed
[2026-09-17 20:07:27] TG_NETWORK_ERROR | httpx.ConnectError: [Errno 11001] getaddrinfo failed
[2026-09-17 20:07:31] TG_NETWORK_ERROR | httpx.ConnectError: [Errno 11001] getaddrinfo failed
[2026-09-17 20:07:36] TG_NETWORK_ERROR | httpx.ConnectError: [Errno 11001] getaddrinfo failed
[2026-09-17 20:07:37] SYMBOL_CHECK | XAUUSDm trade_mode=4 xau_open=True | trade_mode=4 | tick_time=1789650458 | bid=4368.221 | ask=4368.481 | tick_ok=True | xau_open=True | current_symbol=XAUUSDm | startup=False
[2026-09-17 20:07:43] TG_NETWORK_ERROR | httpx.ConnectError: [Errno 11001] getaddrinfo failed
[2026-09-17 20:07:54] TG_NETWORK_ERROR | httpx.ConnectError: [Errno 11001] getaddrinfo failed
[2026-09-17 20:08:12] TG_NETWORK_ERROR | httpx.ConnectError: [Errno 11001] getaddrinfo failed
[2026-09-17 20:08:38] SYMBOL_CHECK | XAUUSDm trade_mode=4 xau_open=True | trade_mode=4 | tick_time=1789650518 | bid=4369.521 | ask=4369.781 | tick_ok=True | xau_open=True | current_symbol=XAUUSDm | startup=False
[2026-09-17 20:08:38] TG_NETWORK_ERROR | httpx.ConnectError: [Errno 11001] getaddrinfo failed
[2026-09-17 20:09:08] TG_NETWORK_ERROR | httpx.ConnectError: [Errno 11001] getaddrinfo failed
[2026-09-17 20:09:37] SYMBOL_CHECK | XAUUSDm trade_mode=4 xau_open=True | trade_mode=4 | tick_time=1789650577 | bid=4367.159 | ask=4367.419 | tick_ok=True | xau_open=True | current_symbol=XAUUSDm | startup=False
[2026-09-17 20:09:37] DEMO_PORTFOLIO_SCAN | XAUUSDm open active=P18,S101,S102,S105,S106,S111,LTS_EVOLUTION9,LTS_SCREEN13
[2026-09-17 20:09:37] DEMO_PORTFOLIO_SIGNAL | P18-F BUY sl=4353.516 tp=4388.146 success=True ticket=4729374895 err=None
[2026-09-17 20:09:38] DEMO_PORTFOLIO_SIGNAL | LTS_SCREEN13_13 BUY lot=0.01 sl=4361.831 tp=4406.151000000001 rd=5.54 weight=1.000 scale=1.00 h=20 success=True ticket=4729374917 err=None
[2026-09-17 20:09:38] DEMO_PORTFOLIO_SCAN | XAUUSDm done active=P18,S101,S102,S105,S106,S111,LTS_EVOLUTION9,LTS_SCREEN13
[2026-09-17 20:09:38] TG_DROP | TelegramError: httpx.ConnectError: [Errno 11001] getaddrinfo failed | text=📡 *👑 18-Way Hybrid* Leg: `S39 Demand/Supply` (`F`) 🟢 BUY @ market SL `4353.52` TP `4388.15` Ticket: `4729374895`
[2026-09-17 20:09:38] TG_DROP | TelegramError: httpx.ConnectError: [Errno 11001] getaddrinfo failed | text=[AF SIGNAL] *📐 LTS_SCREEN13* Leg: `LTS_SCREEN13_13 DIRECT_S419_M5` BUY @ market lot `0.01` SL `4361.83` TP `4406.15` RD ...
[2026-09-17 20:09:38] TG_NETWORK_ERROR | httpx.ConnectError: [Errno 11001] getaddrinfo failed
[2026-09-17 20:10:08] TG_NETWORK_ERROR | httpx.ConnectError: [Errno 11001] getaddrinfo failed
[2026-09-17 20:10:37] SYMBOL_CHECK | XAUUSDm trade_mode=4 xau_open=True | trade_mode=4 | tick_time=1789650638 | bid=4363.697 | ask=4363.957 | tick_ok=True | xau_open=True | current_symbol=XAUUSDm | startup=False
[2026-09-17 20:10:38] TG_NETWORK_ERROR | httpx.ConnectError: [Errno 11001] getaddrinfo failed
[2026-09-17 20:10:42] POSITION_CLOSED | 🛑 SL Hit | ticket=4729267780 | side=BUY | symbol=XAUUSDm | tf=M5 | sid=21 | pattern=- | trend_filter=- | open_price=4373.3060000000005 | close_price=4363.96 | sl=4363.956 | tp=4438.756 | profit=-9.35 | reason=[sl 4363.95600] | close_time=20:10:38 17/09/2026
[2026-09-17 20:10:42] POSITION_CLOSED | 🛑 SL Hit | ticket=4729323669 | side=BUY | symbol=XAUUSDm | tf=M5 | sid=21 | pattern=- | trend_filter=- | open_price=4367.588000000001 | close_price=4363.1 | sl=4363.988 | tp=4392.788 | profit=-4.49 | reason=[sl 4363.98800] | close_time=20:10:38 17/09/2026
[2026-09-17 20:10:42] TG_DROP | TelegramError: httpx.ConnectError: [Errno 11001] getaddrinfo failed | text=🟢 *🛑 SL Hit* ━━━━━━━━━━━━━━━━━ 📊 TF: M5 📊 BUY XAUUSDm 📌 เปิด: `4373.3060000000005` 📌 ปิด: `4363.96` 🛑 SL: `4363.956` | 🎯...
[2026-09-17 20:10:43] TG_DROP | TelegramError: httpx.ConnectError: [Errno 11001] getaddrinfo failed | text=🟢 *🛑 SL Hit* ━━━━━━━━━━━━━━━━━ 📊 TF: M5 📊 BUY XAUUSDm 📌 เปิด: `4367.588000000001` 📌 ปิด: `4363.1` 🛑 SL: `4363.988` | 🎯 T...
[2026-09-17 20:11:08] TG_NETWORK_ERROR | httpx.ConnectError: [Errno 11001] getaddrinfo failed
[2026-09-17 20:11:36] SYMBOL_CHECK | XAUUSDm trade_mode=4 xau_open=True | trade_mode=4 | tick_time=1789650698 | bid=4364.106 | ask=4364.366 | tick_ok=True | xau_open=True | current_symbol=XAUUSDm | startup=False
[2026-09-17 20:11:37] TG_NETWORK_ERROR | httpx.ConnectError: [Errno 11001] getaddrinfo failed
[2026-09-17 20:12:07] TG_NETWORK_ERROR | httpx.ConnectError: [Errno 11001] getaddrinfo failed
[2026-09-17 20:12:38] SYMBOL_CHECK | XAUUSDm trade_mode=4 xau_open=True | trade_mode=4 | tick_time=1789650758 | bid=4362.013 | ask=4362.273 | tick_ok=True | xau_open=True | current_symbol=XAUUSDm | startup=False
[2026-09-17 20:12:38] POSITION_CLOSED | 🛑 SL Hit | ticket=4729374917 | side=BUY | symbol=XAUUSDm | tf=M5 | sid=21 | pattern=- | trend_filter=- | open_price=4367.371 | close_price=4361.83 | sl=4361.831 | tp=4406.151 | profit=-5.54 | reason=[sl 4361.83100] | close_time=20:12:35 17/09/2026
[2026-09-17 20:12:38] TG_DROP | TelegramError: httpx.ConnectError: [Errno 11001] getaddrinfo failed | text=🟢 *🛑 SL Hit* ━━━━━━━━━━━━━━━━━ 📊 TF: M5 📊 BUY XAUUSDm 📌 เปิด: `4367.371` 📌 ปิด: `4361.83` 🛑 SL: `4361.831` | 🎯 TP: `4406...
[2026-09-17 20:12:38] TG_NETWORK_ERROR | httpx.ConnectError: [Errno 11001] getaddrinfo failed
[2026-09-17 20:13:08] TG_NETWORK_ERROR | httpx.ConnectError: [Errno 11001] getaddrinfo failed
[2026-09-17 20:13:37] SYMBOL_CHECK | XAUUSDm trade_mode=4 xau_open=True | trade_mode=4 | tick_time=1789650817 | bid=4360.71 | ask=4360.97 | tick_ok=True | xau_open=True | current_symbol=XAUUSDm | startup=False
[2026-09-17 20:13:38] TG_NETWORK_ERROR | httpx.ConnectError: [Errno 11001] getaddrinfo failed
[2026-09-17 20:14:07] TG_NETWORK_ERROR | httpx.ConnectError: [Errno 11001] getaddrinfo failed
[2026-09-17 20:14:38] SYMBOL_CHECK | XAUUSDm trade_mode=4 xau_open=True | trade_mode=4 | tick_time=1789650878 | bid=4364.171 | ask=4364.431 | tick_ok=True | xau_open=True | current_symbol=XAUUSDm | startup=False
[2026-09-17 20:14:38] DEMO_PORTFOLIO_SCAN | XAUUSDm open active=P18,S101,S102,S105,S106,S111,LTS_EVOLUTION9,LTS_SCREEN13
[2026-09-17 20:14:38] DEMO_PORTFOLIO_SIGNAL | P18-F BUY sl=4350.941 tp=4384.661 success=True ticket=4729420035 err=None
[2026-09-17 20:14:38] DEMO_PORTFOLIO_SIGNAL | LTS_SCREEN13_13 BUY lot=0.01 sl=4357.950999999999 tp=4409.790999999999 rd=6.48 weight=1.000 scale=1.00 h=20 success=True ticket=4729420101 err=None
[2026-09-17 20:14:38] DEMO_PORTFOLIO_SCAN | XAUUSDm done active=P18,S101,S102,S105,S106,S111,LTS_EVOLUTION9,LTS_SCREEN13
[2026-09-17 20:14:38] TG_DROP | TelegramError: httpx.ConnectError: [Errno 11001] getaddrinfo failed | text=📡 *👑 18-Way Hybrid* Leg: `S39 Demand/Supply` (`F`) 🟢 BUY @ market SL `4350.94` TP `4384.66` Ticket: `4729420035`
[2026-09-17 20:14:38] TG_DROP | TelegramError: httpx.ConnectError: [Errno 11001] getaddrinfo failed | text=[AF SIGNAL] *📐 LTS_SCREEN13* Leg: `LTS_SCREEN13_13 DIRECT_S419_M5` BUY @ market lot `0.01` SL `4357.95` TP `4409.79` RD ...
[2026-09-17 20:14:38] TG_NETWORK_ERROR | httpx.ConnectError: [Errno 11001] getaddrinfo failed
[2026-09-17 20:15:08] TG_NETWORK_ERROR | httpx.ConnectError: [Errno 11001] getaddrinfo failed
[2026-09-17 20:15:37] SYMBOL_CHECK | XAUUSDm trade_mode=4 xau_open=True | trade_mode=4 | tick_time=1789650938 | bid=4367.818 | ask=4368.078 | tick_ok=True | xau_open=True | current_symbol=XAUUSDm | startup=False
[2026-09-17 20:15:38] TG_NETWORK_ERROR | httpx.ConnectError: [Errno 11001] getaddrinfo failed
[2026-09-17 20:16:09] TG_NETWORK_ERROR | httpx.ConnectError: [Errno 11001] getaddrinfo failed
[2026-09-17 20:16:38] SYMBOL_CHECK | XAUUSDm trade_mode=4 xau_open=True | trade_mode=4 | tick_time=1789650998 | bid=4369.782 | ask=4370.042 | tick_ok=True | xau_open=True | current_symbol=XAUUSDm | startup=False
[2026-09-17 20:16:39] TG_NETWORK_ERROR | httpx.ConnectError: [Errno 11001] getaddrinfo failed
[2026-09-17 20:17:09] TG_NETWORK_ERROR | httpx.ConnectError: [Errno 11001] getaddrinfo failed
[2026-09-17 20:17:37] SYMBOL_CHECK | XAUUSDm trade_mode=4 xau_open=True | trade_mode=4 | tick_time=1789651058 | bid=4369.755 | ask=4370.015 | tick_ok=True | xau_open=True | current_symbol=XAUUSDm | startup=False
[2026-09-17 20:17:39] TG_NETWORK_ERROR | httpx.ConnectError: [Errno 11001] getaddrinfo failed
[2026-09-17 20:18:09] TG_NETWORK_ERROR | httpx.ConnectError: [Errno 11001] getaddrinfo failed
[2026-09-17 20:18:38] SYMBOL_CHECK | XAUUSDm trade_mode=4 xau_open=True | trade_mode=4 | tick_time=1789651118 | bid=4373.134 | ask=4373.394 | tick_ok=True | xau_open=True | current_symbol=XAUUSDm | startup=False
[2026-09-17 20:18:39] TG_NETWORK_ERROR | httpx.ConnectError: [Errno 11001] getaddrinfo failed
[2026-09-17 20:19:18] TG_NETWORK_ERROR | httpx.ConnectError: [Errno 11001] getaddrinfo failed
[2026-09-17 20:19:20] TG_NETWORK_ERROR | httpx.ConnectError: [Errno 11001] getaddrinfo failed
[2026-09-17 20:19:21] TG_NETWORK_ERROR | httpx.ConnectError: [Errno 11001] getaddrinfo failed
[2026-09-17 20:19:23] TG_NETWORK_ERROR | httpx.ConnectError: [Errno 11001] getaddrinfo failed
[2026-09-17 20:19:27] TG_NETWORK_ERROR | httpx.ConnectError: [Errno 11001] getaddrinfo failed
[2026-09-17 20:19:32] TG_NETWORK_ERROR | httpx.ConnectError: [Errno 11001] getaddrinfo failed
[2026-09-17 20:19:38] SYMBOL_CHECK | XAUUSDm trade_mode=4 xau_open=True | trade_mode=4 | tick_time=1789651178 | bid=4372.545 | ask=4372.805 | tick_ok=True | xau_open=True | current_symbol=XAUUSDm | startup=False
[2026-09-17 20:19:38] DEMO_PORTFOLIO_SCAN | XAUUSDm open active=P18,S101,S102,S105,S106,S111,LTS_EVOLUTION9,LTS_SCREEN13
[2026-09-17 20:19:38] DEMO_PORTFOLIO_SIGNAL | P18-F BUY sl=4359.205000000001 tp=4393.205000000001 success=True ticket=4729477253 err=None
[2026-09-17 20:19:38] DEMO_PORTFOLIO_SIGNAL | LTS_EVOLUTION9_3 BUY lot=0.01 sl=4365.0650000000005 tp=4536.125 rd=7.74 weight=1.000 scale=1.00 h=20 success=True ticket=4729477284 err=None
[2026-09-17 20:19:38] DEMO_PORTFOLIO_SIGNAL | LTS_SCREEN13_13 BUY lot=0.01 sl=4358.016 tp=4475.375999999999 rd=14.67 weight=1.000 scale=1.00 h=20 success=True ticket=4729477363 err=None
[2026-09-17 20:19:38] DEMO_PORTFOLIO_SCAN | XAUUSDm done active=P18,S101,S102,S105,S106,S111,LTS_EVOLUTION9,LTS_SCREEN13
[2026-09-17 20:19:45] TG_NETWORK_ERROR | httpx.ConnectError: [Errno 11001] getaddrinfo failed
[2026-09-17 20:19:46] TG_NETWORK_ERROR | httpx.ConnectError: [Errno 11001] getaddrinfo failed
[2026-09-17 20:19:47] TG_NETWORK_ERROR | httpx.ConnectError: [Errno 11001] getaddrinfo failed
[2026-09-17 20:19:49] TG_DROP | TelegramError: httpx.ConnectError: [Errno 11001] getaddrinfo failed | text=📡 *👑 18-Way Hybrid* Leg: `S39 Demand/Supply` (`F`) 🟢 BUY @ market SL `4359.21` TP `4393.21` Ticket: `4729477253`
[2026-09-17 20:19:49] TG_DROP | TelegramError: httpx.ConnectError: [Errno 11001] getaddrinfo failed | text=[AF SIGNAL] *🧬 LTS_EVOLUTION9* Leg: `LTS_EVOLUTION9_3 DIRECT_S294_M5` BUY @ market lot `0.01` SL `4365.07` TP `4536.12` ...
[2026-09-17 20:19:49] TG_DROP | TelegramError: httpx.ConnectError: [Errno 11001] getaddrinfo failed | text=[AF SIGNAL] *📐 LTS_SCREEN13* Leg: `LTS_SCREEN13_13 DIRECT_S419_M5` BUY @ market lot `0.01` SL `4358.02` TP `4475.38` RD ...
[2026-09-17 20:19:49] TG_NETWORK_ERROR | httpx.ConnectError: [Errno 11001] getaddrinfo failed
[2026-09-17 20:19:53] TG_NETWORK_ERROR | httpx.ConnectError: [Errno 11001] getaddrinfo failed
[2026-09-17 20:19:58] TG_NETWORK_ERROR | httpx.ConnectError: [Errno 11001] getaddrinfo failed
[2026-09-17 20:20:06] TG_NETWORK_ERROR | httpx.ConnectError: [Errno 11001] getaddrinfo failed
[2026-09-17 20:20:27] TG_NETWORK_ERROR | httpx.ConnectError: [Errno 11001] getaddrinfo failed
[2026-09-17 20:20:28] TG_NETWORK_ERROR | httpx.ConnectError: [Errno 11001] getaddrinfo failed
[2026-09-17 20:20:30] TG_NETWORK_ERROR | httpx.ConnectError: [Errno 11001] getaddrinfo failed
[2026-09-17 20:20:32] TG_NETWORK_ERROR | httpx.ConnectError: [Errno 11001] getaddrinfo failed
[2026-09-17 20:20:35] TG_NETWORK_ERROR | httpx.ConnectError: [Errno 11001] getaddrinfo failed
[2026-09-17 20:20:38] SYMBOL_CHECK | XAUUSDm trade_mode=4 xau_open=True | trade_mode=4 | tick_time=1789651238 | bid=4373.524 | ask=4373.784 | tick_ok=True | xau_open=True | current_symbol=XAUUSDm | startup=False
[2026-09-17 20:20:41] TG_NETWORK_ERROR | httpx.ConnectError: [Errno 11001] getaddrinfo failed
[2026-09-17 20:20:53] TG_NETWORK_ERROR | httpx.ConnectError: [Errno 11001] getaddrinfo failed
[2026-09-17 20:20:54] TG_NETWORK_ERROR | httpx.ConnectError: [Errno 11001] getaddrinfo failed
[2026-09-17 20:20:56] TG_NETWORK_ERROR | httpx.ConnectError: [Errno 11001] getaddrinfo failed
[2026-09-17 20:20:58] TG_NETWORK_ERROR | httpx.ConnectError: [Errno 11001] getaddrinfo failed
[2026-09-17 20:21:02] TG_NETWORK_ERROR | httpx.ConnectError: [Errno 11001] getaddrinfo failed
[2026-09-17 20:21:07] TG_NETWORK_ERROR | httpx.ConnectError: [Errno 11001] getaddrinfo failed
[2026-09-17 20:21:14] TG_NETWORK_ERROR | httpx.ConnectError: [Errno 11001] getaddrinfo failed
[2026-09-17 20:21:26] TG_NETWORK_ERROR | httpx.ConnectError: [Errno 11001] getaddrinfo failed
[2026-09-17 20:21:37] SYMBOL_CHECK | XAUUSDm trade_mode=4 xau_open=True | trade_mode=4 | tick_time=1789651297 | bid=4373.197 | ask=4373.457 | tick_ok=True | xau_open=True | current_symbol=XAUUSDm | startup=False
[2026-09-17 20:21:42] TG_NETWORK_ERROR | httpx.ConnectError: [Errno 11001] getaddrinfo failed
[2026-09-17 20:22:09] TG_NETWORK_ERROR | httpx.ConnectError: [Errno 11001] getaddrinfo failed
[2026-09-17 20:22:38] SYMBOL_CHECK | XAUUSDm trade_mode=4 xau_open=True | trade_mode=4 | tick_time=1789651358 | bid=4372.992 | ask=4373.252 | tick_ok=True | xau_open=True | current_symbol=XAUUSDm | startup=False
[2026-09-17 20:22:39] TG_NETWORK_ERROR | httpx.ConnectError: [Errno 11001] getaddrinfo failed
[2026-09-17 20:23:09] TG_NETWORK_ERROR | httpx.ConnectError: [Errno 11001] getaddrinfo failed
[2026-09-17 20:23:38] SYMBOL_CHECK | XAUUSDm trade_mode=4 xau_open=True | trade_mode=4 | tick_time=1789651418 | bid=4369.671 | ask=4369.931 | tick_ok=True | xau_open=True | current_symbol=XAUUSDm | startup=False
[2026-09-17 20:23:39] TG_NETWORK_ERROR | httpx.ConnectError: [Errno 11001] getaddrinfo failed
[2026-09-17 20:24:09] TG_NETWORK_ERROR | httpx.ConnectError: [Errno 11001] getaddrinfo failed
[2026-09-17 20:24:38] SYMBOL_CHECK | XAUUSDm trade_mode=4 xau_open=True | trade_mode=4 | tick_time=1789651478 | bid=4366.93 | ask=4367.19 | tick_ok=True | xau_open=True | current_symbol=XAUUSDm | startup=False
[2026-09-17 20:24:38] DEMO_PORTFOLIO_SCAN | XAUUSDm open active=P18,S101,S102,S105,S106,S111,LTS_EVOLUTION9,LTS_SCREEN13
[2026-09-17 20:24:38] DEMO_PORTFOLIO_SIGNAL | LTS_SCREEN13_13 BUY lot=0.01 sl=4363.400000000001 tp=4392.280000000001 rd=3.61 weight=1.000 scale=1.00 h=20 success=True ticket=4729517971 err=None
[2026-09-17 20:24:38] DEMO_PORTFOLIO_SCAN | XAUUSDm done active=P18,S101,S102,S105,S106,S111,LTS_EVOLUTION9,LTS_SCREEN13
[2026-09-17 20:24:38] TG_DROP | TelegramError: httpx.ConnectError: [Errno 11001] getaddrinfo failed | text=[AF SIGNAL] *📐 LTS_SCREEN13* Leg: `LTS_SCREEN13_13 DIRECT_S419_M5` BUY @ market lot `0.01` SL `4363.40` TP `4392.28` RD ...
[2026-09-17 20:24:39] TG_NETWORK_ERROR | httpx.ConnectError: [Errno 11001] getaddrinfo failed
[2026-09-17 20:25:08] TG_NETWORK_ERROR | httpx.ConnectError: [Errno 11001] getaddrinfo failed
[2026-09-17 20:25:37] SYMBOL_CHECK | XAUUSDm trade_mode=4 xau_open=True | trade_mode=4 | tick_time=1789651537 | bid=4366.754 | ask=4367.014 | tick_ok=True | xau_open=True | current_symbol=XAUUSDm | startup=False
[2026-09-17 20:25:43] TG_NETWORK_ERROR | httpx.ConnectError: [Errno 11001] getaddrinfo failed
[2026-09-17 20:25:44] TG_NETWORK_ERROR | httpx.ConnectError: [Errno 11001] getaddrinfo failed
[2026-09-17 20:25:46] TG_NETWORK_ERROR | httpx.ConnectError: [Errno 11001] getaddrinfo failed
[2026-09-17 20:25:48] TG_NETWORK_ERROR | httpx.ConnectError: [Errno 11001] getaddrinfo failed
[2026-09-17 20:25:51] TG_NETWORK_ERROR | httpx.ConnectError: [Errno 11001] getaddrinfo failed
[2026-09-17 20:26:03] TG_NETWORK_ERROR | httpx.ConnectError: [Errno 11001] getaddrinfo failed
[2026-09-17 20:26:04] TG_NETWORK_ERROR | httpx.ConnectError: [Errno 11001] getaddrinfo failed
[2026-09-17 20:26:05] TG_NETWORK_ERROR | httpx.ConnectError: [Errno 11001] getaddrinfo failed
[2026-09-17 20:26:07] TG_NETWORK_ERROR | httpx.ConnectError: [Errno 11001] getaddrinfo failed
[2026-09-17 20:26:11] TG_NETWORK_ERROR | httpx.ConnectError: [Errno 11001] getaddrinfo failed
[2026-09-17 20:26:16] TG_NETWORK_ERROR | httpx.ConnectError: [Errno 11001] getaddrinfo failed
[2026-09-17 20:26:24] TG_NETWORK_ERROR | httpx.ConnectError: [Errno 11001] getaddrinfo failed
[2026-09-17 20:26:35] TG_NETWORK_ERROR | httpx.ConnectError: [Errno 11001] getaddrinfo failed
[2026-09-17 20:26:38] SYMBOL_CHECK | XAUUSDm trade_mode=4 xau_open=True | trade_mode=4 | tick_time=1789651598 | bid=4367.663 | ask=4367.923 | tick_ok=True | xau_open=True | current_symbol=XAUUSDm | startup=False
[2026-09-17 20:26:53] TG_NETWORK_ERROR | httpx.ConnectError: [Errno 11001] getaddrinfo failed
[2026-09-17 20:27:19] TG_NETWORK_ERROR | httpx.ConnectError: [Errno 11001] getaddrinfo failed
[2026-09-17 20:27:38] SYMBOL_CHECK | XAUUSDm trade_mode=4 xau_open=True | trade_mode=4 | tick_time=1789651658 | bid=4366.902 | ask=4367.162 | tick_ok=True | xau_open=True | current_symbol=XAUUSDm | startup=False
[2026-09-17 20:28:18] POSITION_CLOSED | 🛑 SL Hit | ticket=4729477284 | side=BUY | symbol=XAUUSDm | tf=M5 | sid=21 | pattern=- | trend_filter=- | open_price=4372.686000000001 | close_price=4365.06 | sl=4365.065 | tp=4536.125 | profit=-7.62 | reason=[sl 4365.06500] | close_time=20:28:16 17/09/2026
[2026-09-17 20:28:18] TG_SENT | 🟢 *🛑 SL Hit* | ━━━━━━━━━━━━━━━━━ | 📊 TF: M5 | 📊 BUY XAUUSDm | 📌 เปิด: `4372.686000000001` | 📌 ปิด: `4365.06` | 🛑 SL: `4365.065` | 🎯 TP: `4536.125` | 💬 เหตุผล: `[sl 4365.06500]` | 💸 P/L: `-7.62` USD | 🔖 Ticket: `4729477284` | 🕐 Close Time: `20:28:16 17/09/2026`
[2026-09-17 20:28:37] SYMBOL_CHECK | XAUUSDm trade_mode=4 xau_open=True | trade_mode=4 | tick_time=1789651718 | bid=4365.473 | ask=4365.733 | tick_ok=True | xau_open=True | current_symbol=XAUUSDm | startup=False
[2026-09-17 20:29:37] SYMBOL_CHECK | XAUUSDm trade_mode=4 xau_open=True | trade_mode=4 | tick_time=1789651778 | bid=4366.015 | ask=4366.275 | tick_ok=True | xau_open=True | current_symbol=XAUUSDm | startup=False
[2026-09-17 20:29:38] DEMO_PORTFOLIO_SCAN | XAUUSDm open active=P18,S101,S102,S105,S106,S111,LTS_EVOLUTION9,LTS_SCREEN13
[2026-09-17 20:29:38] DEMO_PORTFOLIO_SKIP | P18-F BUY skipped — 3 positions already open (cap=3)
[2026-09-17 20:29:38] DEMO_PORTFOLIO_SIGNAL | LTS_SCREEN13_13 BUY lot=0.01 sl=4362.752 tp=4392.352000000001 rd=3.70 weight=1.000 scale=1.00 h=20 success=True ticket=4729548411 err=None
[2026-09-17 20:29:38] DEMO_PORTFOLIO_SCAN | XAUUSDm done active=P18,S101,S102,S105,S106,S111,LTS_EVOLUTION9,LTS_SCREEN13
[2026-09-17 20:29:39] TG_SENT | [AF SIGNAL] *📐 LTS_SCREEN13* | Leg: `LTS_SCREEN13_13 DIRECT_S419_M5` | BUY @ market lot `0.01` | SL `4362.75` TP `4392.35` | RD `3.70` H`20` | Weight `x1.000` Scale `1.00` | Ticket: `4729548411`
[2026-09-17 20:30:38] SYMBOL_CHECK | XAUUSDm trade_mode=4 xau_open=True | trade_mode=4 | tick_time=1789651838 | bid=4366.022 | ask=4366.282 | tick_ok=True | xau_open=True | current_symbol=XAUUSDm | startup=False
[2026-09-17 20:31:38] SYMBOL_CHECK | XAUUSDm trade_mode=4 xau_open=True | trade_mode=4 | tick_time=1789651898 | bid=4365.387 | ask=4365.647 | tick_ok=True | xau_open=True | current_symbol=XAUUSDm | startup=False
[2026-09-17 20:31:58] POSITION_CLOSED | 🛑 SL Hit | ticket=4729517971 | side=BUY | symbol=XAUUSDm | tf=M5 | sid=21 | pattern=- | trend_filter=- | open_price=4367.01 | close_price=4363.4 | sl=4363.4 | tp=4392.28 | profit=-3.61 | reason=[sl 4363.40000] | close_time=20:31:55 17/09/2026
[2026-09-17 20:31:58] TG_SENT | 🟢 *🛑 SL Hit* | ━━━━━━━━━━━━━━━━━ | 📊 TF: M5 | 📊 BUY XAUUSDm | 📌 เปิด: `4367.01` | 📌 ปิด: `4363.4` | 🛑 SL: `4363.4` | 🎯 TP: `4392.28` | 💬 เหตุผล: `[sl 4363.40000]` | 💸 P/L: `-3.61` USD | 🔖 Ticket: `4729517971` | 🕐 Close Time: `20:31:55 17/09/2026`
[2026-09-17 20:32:37] SYMBOL_CHECK | XAUUSDm trade_mode=4 xau_open=True | trade_mode=4 | tick_time=1789651957 | bid=4367.245 | ask=4367.505 | tick_ok=True | xau_open=True | current_symbol=XAUUSDm | startup=False
[2026-09-17 20:33:37] SYMBOL_CHECK | XAUUSDm trade_mode=4 xau_open=True | trade_mode=4 | tick_time=1789652018 | bid=4367.54 | ask=4367.8 | tick_ok=True | xau_open=True | current_symbol=XAUUSDm | startup=False
[2026-09-17 20:34:37] SYMBOL_CHECK | XAUUSDm trade_mode=4 xau_open=True | trade_mode=4 | tick_time=1789652078 | bid=4368.789 | ask=4369.049 | tick_ok=True | xau_open=True | current_symbol=XAUUSDm | startup=False
[2026-09-17 20:34:37] DEMO_PORTFOLIO_SCAN | XAUUSDm open active=P18,S101,S102,S105,S106,S111,LTS_EVOLUTION9,LTS_SCREEN13
[2026-09-17 20:34:37] DEMO_PORTFOLIO_SKIP | P18-F BUY skipped — 3 positions already open (cap=3)
[2026-09-17 20:34:39] DEMO_PORTFOLIO_SIGNAL | LTS_SCREEN13_13 BUY lot=0.01 sl=4360.928 tp=4426.208 rd=8.16 weight=1.000 scale=1.00 h=20 success=True ticket=4729602985 err=None
[2026-09-17 20:34:39] DEMO_PORTFOLIO_SCAN | XAUUSDm done active=P18,S101,S102,S105,S106,S111,LTS_EVOLUTION9,LTS_SCREEN13
[2026-09-17 20:34:39] TG_SENT | [AF SIGNAL] *📐 LTS_SCREEN13* | Leg: `LTS_SCREEN13_13 DIRECT_S419_M5` | BUY @ market lot `0.01` | SL `4360.93` TP `4426.21` | RD `8.16` H`20` | Weight `x1.000` Scale `1.00` | Ticket: `4729602985`
[2026-09-17 20:35:37] SYMBOL_CHECK | XAUUSDm trade_mode=4 xau_open=True | trade_mode=4 | tick_time=1789652138 | bid=4371.695 | ask=4371.955 | tick_ok=True | xau_open=True | current_symbol=XAUUSDm | startup=False
[2026-09-17 20:36:37] SYMBOL_CHECK | XAUUSDm trade_mode=4 xau_open=True | trade_mode=4 | tick_time=1789652198 | bid=4367.281 | ask=4367.541 | tick_ok=True | xau_open=True | current_symbol=XAUUSDm | startup=False
[2026-09-17 20:37:38] SYMBOL_CHECK | XAUUSDm trade_mode=4 xau_open=True | trade_mode=4 | tick_time=1789652258 | bid=4369.02 | ask=4369.28 | tick_ok=True | xau_open=True | current_symbol=XAUUSDm | startup=False
[2026-09-17 20:38:37] SYMBOL_CHECK | XAUUSDm trade_mode=4 xau_open=True | trade_mode=4 | tick_time=1789652318 | bid=4364.58 | ask=4364.84 | tick_ok=True | xau_open=True | current_symbol=XAUUSDm | startup=False
[2026-09-17 20:39:03] POSITION_CLOSED | 🛑 SL Hit | ticket=4729548411 | side=BUY | symbol=XAUUSDm | tf=M5 | sid=21 | pattern=- | trend_filter=- | open_price=4366.452 | close_price=4362.75 | sl=4362.752 | tp=4392.352 | profit=-3.7 | reason=[sl 4362.75200] | close_time=20:39:02 17/09/2026
[2026-09-17 20:39:03] TG_SENT | 🟢 *🛑 SL Hit* | ━━━━━━━━━━━━━━━━━ | 📊 TF: M5 | 📊 BUY XAUUSDm | 📌 เปิด: `4366.452` | 📌 ปิด: `4362.75` | 🛑 SL: `4362.752` | 🎯 TP: `4392.352` | 💬 เหตุผล: `[sl 4362.75200]` | 💸 P/L: `-3.7` USD | 🔖 Ticket: `4729548411` | 🕐 Close Time: `20:39:02 17/09/2026`
[2026-09-17 20:39:37] SYMBOL_CHECK | XAUUSDm trade_mode=4 xau_open=True | trade_mode=4 | tick_time=1789652378 | bid=4363.819 | ask=4364.079 | tick_ok=True | xau_open=True | current_symbol=XAUUSDm | startup=False
[2026-09-17 20:39:38] DEMO_PORTFOLIO_SCAN | XAUUSDm open active=P18,S101,S102,S105,S106,S111,LTS_EVOLUTION9,LTS_SCREEN13
[2026-09-17 20:39:39] DEMO_PORTFOLIO_SIGNAL | P18-K BUY sl=4347.6269999999995 tp=4389.257 success=True ticket=4729662304 err=None
[2026-09-17 20:39:40] DEMO_PORTFOLIO_SIGNAL | LTS_EVOLUTION9_6 SELL lot=0.01 sl=4369.758 tp=4259.428 rd=6.49 weight=1.000 scale=1.00 h=20 success=True ticket=4729662405 err=None
[2026-09-17 20:39:40] DEMO_PORTFOLIO_SIGNAL | LTS_SCREEN13_3 SELL lot=0.01 sl=4374.727 tp=4250.847000000001 rd=11.16 weight=1.000 scale=1.00 h=20 success=True ticket=4729662463 err=None
[2026-09-17 20:39:41] DEMO_PORTFOLIO_SIGNAL | LTS_SCREEN13_13 BUY lot=0.01 sl=4360.841 tp=4387.001 rd=3.27 weight=1.000 scale=1.00 h=20 success=True ticket=4729662581 err=None
[2026-09-17 20:39:41] DEMO_PORTFOLIO_SCAN | XAUUSDm done active=P18,S101,S102,S105,S106,S111,LTS_EVOLUTION9,LTS_SCREEN13
[2026-09-17 20:39:42] TG_SENT | 📡 *👑 18-Way Hybrid* | Leg: `S44 VolProfile` (`K`) | 🟢 BUY @ market | SL `4347.63` TP `4389.26` | Ticket: `4729662304`
[2026-09-17 20:39:46] TG_SENT | [AF SIGNAL] *🧬 LTS_EVOLUTION9* | Leg: `LTS_EVOLUTION9_6 DIRECT_S166_M5` | SELL @ market lot `0.01` | SL `4369.76` TP `4259.43` | RD `6.49` H`20` | Weight `x1.000` Scale `1.00` | Ticket: `4729662405`
[2026-09-17 20:39:50] TG_SENT | [AF SIGNAL] *📐 LTS_SCREEN13* | Leg: `LTS_SCREEN13_3 DIRECT_S312_M5` | SELL @ market lot `0.01` | SL `4374.73` TP `4250.85` | RD `11.16` H`20` | Weight `x1.000` Scale `1.00` | Ticket: `4729662463`
[2026-09-17 20:39:54] TG_SENT | [AF SIGNAL] *📐 LTS_SCREEN13* | Leg: `LTS_SCREEN13_13 DIRECT_S419_M5` | BUY @ market lot `0.01` | SL `4360.84` TP `4387.00` | RD `3.27` H`20` | Weight `x1.000` Scale `1.00` | Ticket: `4729662581`
[2026-09-17 20:40:07] POSITION_CLOSED | 🛑 SL Hit | ticket=4729602985 | side=BUY | symbol=XAUUSDm | tf=M5 | sid=21 | pattern=- | trend_filter=- | open_price=4369.356000000001 | close_price=4360.93 | sl=4360.928 | tp=4426.208 | profit=-8.43 | reason=[sl 4360.928] | close_time=20:40:05 17/09/2026
[2026-09-17 20:40:07] POSITION_CLOSED | 🛑 SL Hit | ticket=4729662581 | side=BUY | symbol=XAUUSDm | tf=M5 | sid=21 | pattern=- | trend_filter=- | open_price=4363.907 | close_price=4359.99 | sl=4360.841 | tp=4387.001 | profit=-3.92 | reason=[sl 4360.84100] | close_time=20:40:06 17/09/2026
[2026-09-17 20:40:08] TG_SENT | 🟢 *🛑 SL Hit* | ━━━━━━━━━━━━━━━━━ | 📊 TF: M5 | 📊 BUY XAUUSDm | 📌 เปิด: `4369.356000000001` | 📌 ปิด: `4360.93` | 🛑 SL: `4360.928` | 🎯 TP: `4426.208` | 💬 เหตุผล: `[sl 4360.928]` | 💸 P/L: `-8.43` USD | 🔖 Ticket: `4729602985` | 🕐 Close Time: `20:40:05 17/09/2026`
[2026-09-17 20:40:12] TG_SENT | 🟢 *🛑 SL Hit* | ━━━━━━━━━━━━━━━━━ | 📊 TF: M5 | 📊 BUY XAUUSDm | 📌 เปิด: `4363.907` | 📌 ปิด: `4359.99` | 🛑 SL: `4360.841` | 🎯 TP: `4387.001` | 💬 เหตุผล: `[sl 4360.84100]` | 💸 P/L: `-3.92` USD | 🔖 Ticket: `4729662581` | 🕐 Close Time: `20:40:06 17/09/2026`
[2026-09-17 20:40:38] SYMBOL_CHECK | XAUUSDm trade_mode=4 xau_open=True | trade_mode=4 | tick_time=1789652438 | bid=4360.534 | ask=4360.794 | tick_ok=True | xau_open=True | current_symbol=XAUUSDm | startup=False
[2026-09-17 20:41:32] POSITION_CLOSED | 🛑 SL Hit | ticket=4729477253 | side=BUY | symbol=XAUUSDm | tf=M5 | sid=21 | pattern=- | trend_filter=- | open_price=4372.805 | close_price=4359.2 | sl=4359.205 | tp=4393.205 | profit=-13.6 | reason=[sl 4359.205] | close_time=20:41:30 17/09/2026
[2026-09-17 20:41:32] TG_SENT | 🟢 *🛑 SL Hit* | ━━━━━━━━━━━━━━━━━ | 📊 TF: M5 | 📊 BUY XAUUSDm | 📌 เปิด: `4372.805` | 📌 ปิด: `4359.2` | 🛑 SL: `4359.205` | 🎯 TP: `4393.205` | 💬 เหตุผล: `[sl 4359.205]` | 💸 P/L: `-13.6` USD | 🔖 Ticket: `4729477253` | 🕐 Close Time: `20:41:30 17/09/2026`
[2026-09-17 20:41:37] SYMBOL_CHECK | XAUUSDm trade_mode=4 xau_open=True | trade_mode=4 | tick_time=1789652497 | bid=4357.964 | ask=4358.224 | tick_ok=True | xau_open=True | current_symbol=XAUUSDm | startup=False
[2026-09-17 20:41:37] POSITION_CLOSED | 🛑 SL Hit | ticket=4729477363 | side=BUY | symbol=XAUUSDm | tf=M5 | sid=21 | pattern=- | trend_filter=- | open_price=4372.686000000001 | close_price=4358.02 | sl=4358.016 | tp=4475.376 | profit=-14.67 | reason=[sl 4358.016] | close_time=20:41:37 17/09/2026
[2026-09-17 20:41:37] POSITION_CLOSED | 🛑 SL Hit | ticket=4729420101 | side=BUY | symbol=XAUUSDm | tf=M5 | sid=21 | pattern=- | trend_filter=- | open_price=4364.4310000000005 | close_price=4357.95 | sl=4357.951 | tp=4409.791 | profit=-6.48 | reason=[sl 4357.951] | close_time=20:41:37 17/09/2026
[2026-09-17 20:41:37] POSITION_CLOSED | 🛑 SL Hit | ticket=4729180303 | side=BUY | symbol=XAUUSDm | tf=M5 | sid=21 | pattern=- | trend_filter=- | open_price=4366.977 | close_price=4358.35 | sl=4358.347 | tp=4549.077 | profit=-8.63 | reason=[sl 4358.34700] | close_time=20:41:35 17/09/2026
[2026-09-17 20:41:37] TG_SENT | 🟢 *🛑 SL Hit* | ━━━━━━━━━━━━━━━━━ | 📊 TF: M5 | 📊 BUY XAUUSDm | 📌 เปิด: `4372.686000000001` | 📌 ปิด: `4358.02` | 🛑 SL: `4358.016` | 🎯 TP: `4475.376` | 💬 เหตุผล: `[sl 4358.016]` | 💸 P/L: `-14.67` USD | 🔖 Ticket: `4729477363` | 🕐 Close Time: `20:41:37 17/09/2026`
[2026-09-17 20:41:41] TG_SENT | 🟢 *🛑 SL Hit* | ━━━━━━━━━━━━━━━━━ | 📊 TF: M5 | 📊 BUY XAUUSDm | 📌 เปิด: `4364.4310000000005` | 📌 ปิด: `4357.95` | 🛑 SL: `4357.951` | 🎯 TP: `4409.791` | 💬 เหตุผล: `[sl 4357.951]` | 💸 P/L: `-6.48` USD | 🔖 Ticket: `4729420101` | 🕐 Close Time: `20:41:37 17/09/2026`
[2026-09-17 20:41:45] TG_SENT | 🟢 *🛑 SL Hit* | ━━━━━━━━━━━━━━━━━ | 📊 TF: M5 | 📊 BUY XAUUSDm | 📌 เปิด: `4366.977` | 📌 ปิด: `4358.35` | 🛑 SL: `4358.347` | 🎯 TP: `4549.077` | 💬 เหตุผล: `[sl 4358.34700]` | 💸 P/L: `-8.63` USD | 🔖 Ticket: `4729180303` | 🕐 Close Time: `20:41:35 17/09/2026`
[2026-09-17 20:42:37] SYMBOL_CHECK | XAUUSDm trade_mode=4 xau_open=True | trade_mode=4 | tick_time=1789652557 | bid=4359.499 | ask=4359.759 | tick_ok=True | xau_open=True | current_symbol=XAUUSDm | startup=False
[2026-09-17 20:43:17] POSITION_CLOSED | 🛑 SL Hit | ticket=4729180331 | side=BUY | symbol=XAUUSDm | tf=M5 | sid=21 | pattern=- | trend_filter=- | open_price=4366.772 | close_price=4356.72 | sl=4356.717 | tp=4438.797 | profit=-10.05 | reason=[sl 4356.71700] | close_time=20:43:16 17/09/2026
[2026-09-17 20:43:17] POSITION_CLOSED | 🛑 SL Hit | ticket=4729234871 | side=BUY | symbol=XAUUSDm | tf=M5 | sid=21 | pattern=- | trend_filter=- | open_price=4373.835 | close_price=4356.65 | sl=4356.645 | tp=4494.165 | profit=-17.19 | reason=[sl 4356.64500] | close_time=20:43:16 17/09/2026
[2026-09-17 20:43:18] TG_SENT | 🟢 *🛑 SL Hit* | ━━━━━━━━━━━━━━━━━ | 📊 TF: M5 | 📊 BUY XAUUSDm | 📌 เปิด: `4366.772` | 📌 ปิด: `4356.72` | 🛑 SL: `4356.717` | 🎯 TP: `4438.797` | 💬 เหตุผล: `[sl 4356.71700]` | 💸 P/L: `-10.05` USD | 🔖 Ticket: `4729180331` | 🕐 Close Time: `20:43:16 17/09/2026`
[2026-09-17 20:43:22] TG_SENT | 🟢 *🛑 SL Hit* | ━━━━━━━━━━━━━━━━━ | 📊 TF: M5 | 📊 BUY XAUUSDm | 📌 เปิด: `4373.835` | 📌 ปิด: `4356.65` | 🛑 SL: `4356.645` | 🎯 TP: `4494.165` | 💬 เหตุผล: `[sl 4356.64500]` | 💸 P/L: `-17.19` USD | 🔖 Ticket: `4729234871` | 🕐 Close Time: `20:43:16 17/09/2026`
[2026-09-17 20:43:37] SYMBOL_CHECK | XAUUSDm trade_mode=4 xau_open=True | trade_mode=4 | tick_time=1789652618 | bid=4361.61 | ask=4361.87 | tick_ok=True | xau_open=True | current_symbol=XAUUSDm | startup=False
[2026-09-17 20:44:37] SYMBOL_CHECK | XAUUSDm trade_mode=4 xau_open=True | trade_mode=4 | tick_time=1789652678 | bid=4358.108 | ask=4358.368 | tick_ok=True | xau_open=True | current_symbol=XAUUSDm | startup=False
[2026-09-17 20:44:37] DEMO_PORTFOLIO_SCAN | XAUUSDm open active=P18,S101,S102,S105,S106,S111,LTS_EVOLUTION9,LTS_SCREEN13
[2026-09-17 20:44:38] DEMO_PORTFOLIO_SIGNAL | P18-D BUY sl=4349.036 tp=4372.206 success=True ticket=4729721825 err=None
[2026-09-17 20:44:39] DEMO_PORTFOLIO_SIGNAL | LTS_SCREEN13_9 BUY lot=0.01 sl=4355.541 tp=4381.371 rd=2.87 weight=1.000 scale=1.00 h=20 success=True ticket=4729721898 err=None
[2026-09-17 20:44:40] DEMO_PORTFOLIO_SIGNAL | LTS_SCREEN13_13 BUY lot=0.01 sl=4354.071 tp=4387.271 rd=4.15 weight=1.000 scale=1.00 h=20 success=True ticket=4729721973 err=None
[2026-09-17 20:44:40] DEMO_PORTFOLIO_SCAN | XAUUSDm done active=P18,S101,S102,S105,S106,S111,LTS_EVOLUTION9,LTS_SCREEN13
[2026-09-17 20:44:40] TG_SENT | 📡 *👑 18-Way Hybrid* | Leg: `S37 S/R Pivot` (`D`) | 🟢 BUY @ market | SL `4349.04` TP `4372.21` | Ticket: `4729721825`
[2026-09-17 20:44:44] TG_SENT | [AF SIGNAL] *📐 LTS_SCREEN13* | Leg: `LTS_SCREEN13_9 DIRECT_S418_M5` | BUY @ market lot `0.01` | SL `4355.54` TP `4381.37` | RD `2.87` H`20` | Weight `x1.000` Scale `1.00` | Ticket: `4729721898`
[2026-09-17 20:44:48] TG_SENT | [AF SIGNAL] *📐 LTS_SCREEN13* | Leg: `LTS_SCREEN13_13 DIRECT_S419_M5` | BUY @ market lot `0.01` | SL `4354.07` TP `4387.27` | RD `4.15` H`20` | Weight `x1.000` Scale `1.00` | Ticket: `4729721973`
[2026-09-17 20:45:08] POSITION_CLOSED | 🛑 SL Hit | ticket=4729721898 | side=BUY | symbol=XAUUSDm | tf=M5 | sid=21 | pattern=- | trend_filter=- | open_price=4358.41 | close_price=4355.54 | sl=4355.541 | tp=4381.371 | profit=-2.87 | reason=[sl 4355.541] | close_time=20:45:06 17/09/2026
[2026-09-17 20:45:08] TG_SENT | 🟢 *🛑 SL Hit* | ━━━━━━━━━━━━━━━━━ | 📊 TF: M5 | 📊 BUY XAUUSDm | 📌 เปิด: `4358.41` | 📌 ปิด: `4355.54` | 🛑 SL: `4355.541` | 🎯 TP: `4381.371` | 💬 เหตุผล: `[sl 4355.541]` | 💸 P/L: `-2.87` USD | 🔖 Ticket: `4729721898` | 🕐 Close Time: `20:45:06 17/09/2026`
[2026-09-17 20:45:37] SYMBOL_CHECK | XAUUSDm trade_mode=4 xau_open=True | trade_mode=4 | tick_time=1789652737 | bid=4357.622 | ask=4357.882 | tick_ok=True | xau_open=True | current_symbol=XAUUSDm | startup=False
[2026-09-17 20:46:37] SYMBOL_CHECK | XAUUSDm trade_mode=4 xau_open=True | trade_mode=4 | tick_time=1789652798 | bid=4362.091 | ask=4362.351 | tick_ok=True | xau_open=True | current_symbol=XAUUSDm | startup=False
[2026-09-17 20:47:38] SYMBOL_CHECK | XAUUSDm trade_mode=4 xau_open=True | trade_mode=4 | tick_time=1789652858 | bid=4367.106 | ask=4367.366 | tick_ok=True | xau_open=True | current_symbol=XAUUSDm | startup=False
[2026-09-17 20:48:38] SYMBOL_CHECK | XAUUSDm trade_mode=4 xau_open=True | trade_mode=4 | tick_time=1789652918 | bid=4364.518 | ask=4364.778 | tick_ok=True | xau_open=True | current_symbol=XAUUSDm | startup=False
[2026-09-17 20:49:37] SYMBOL_CHECK | XAUUSDm trade_mode=4 xau_open=True | trade_mode=4 | tick_time=1789652978 | bid=4366.224 | ask=4366.484 | tick_ok=True | xau_open=True | current_symbol=XAUUSDm | startup=False
[2026-09-17 20:49:37] DEMO_PORTFOLIO_SCAN | XAUUSDm open active=P18,S101,S102,S105,S106,S111,LTS_EVOLUTION9,LTS_SCREEN13
[2026-09-17 20:49:38] DEMO_PORTFOLIO_SIGNAL | LTS_EVOLUTION9_3 BUY lot=0.01 sl=4354.884 tp=4611.254 rd=11.60 weight=1.000 scale=1.00 h=20 success=True ticket=4729778123 err=None
[2026-09-17 20:49:38] DEMO_PORTFOLIO_SIGNAL | LTS_SCREEN13_13 BUY lot=0.01 sl=4353.504 tp=4457.344 rd=12.98 weight=1.000 scale=1.00 h=20 success=True ticket=4729778129 err=None
[2026-09-17 20:49:38] DEMO_PORTFOLIO_SCAN | XAUUSDm done active=P18,S101,S102,S105,S106,S111,LTS_EVOLUTION9,LTS_SCREEN13
[2026-09-17 20:49:39] TG_SENT | [AF SIGNAL] *🧬 LTS_EVOLUTION9* | Leg: `LTS_EVOLUTION9_3 DIRECT_S294_M5` | BUY @ market lot `0.01` | SL `4354.88` TP `4611.25` | RD `11.60` H`20` | Weight `x1.000` Scale `1.00` | Ticket: `4729778123`
[2026-09-17 20:49:43] TG_SENT | [AF SIGNAL] *📐 LTS_SCREEN13* | Leg: `LTS_SCREEN13_13 DIRECT_S419_M5` | BUY @ market lot `0.01` | SL `4353.50` TP `4457.34` | RD `12.98` H`20` | Weight `x1.000` Scale `1.00` | Ticket: `4729778129`
[2026-09-17 20:50:33] POSITION_CLOSED | 🛑 SL Hit | ticket=4729662405 | side=SELL | symbol=XAUUSDm | tf=M5 | sid=21 | pattern=- | trend_filter=- | open_price=4363.455 | close_price=4369.76 | sl=4369.758 | tp=4259.428 | profit=-6.3 | reason=[sl 4369.758] | close_time=20:50:29 17/09/2026
[2026-09-17 20:50:33] TG_SENT | 🔴 *🛑 SL Hit* | ━━━━━━━━━━━━━━━━━ | 📊 TF: M5 | 📊 SELL XAUUSDm | 📌 เปิด: `4363.455` | 📌 ปิด: `4369.76` | 🛑 SL: `4369.758` | 🎯 TP: `4259.428` | 💬 เหตุผล: `[sl 4369.758]` | 💸 P/L: `-6.3` USD | 🔖 Ticket: `4729662405` | 🕐 Close Time: `20:50:29 17/09/2026`
[2026-09-17 20:50:38] SYMBOL_CHECK | XAUUSDm trade_mode=4 xau_open=True | trade_mode=4 | tick_time=1789653038 | bid=4369.334 | ask=4369.594 | tick_ok=True | xau_open=True | current_symbol=XAUUSDm | startup=False
[2026-09-17 20:51:37] SYMBOL_CHECK | XAUUSDm trade_mode=4 xau_open=True | trade_mode=4 | tick_time=1789653097 | bid=4368.81 | ask=4369.07 | tick_ok=True | xau_open=True | current_symbol=XAUUSDm | startup=False
[2026-09-17 20:52:37] SYMBOL_CHECK | XAUUSDm trade_mode=4 xau_open=True | trade_mode=4 | tick_time=1789653158 | bid=4368.168 | ask=4368.428 | tick_ok=True | xau_open=True | current_symbol=XAUUSDm | startup=False
[2026-09-17 20:53:37] SYMBOL_CHECK | XAUUSDm trade_mode=4 xau_open=True | trade_mode=4 | tick_time=1789653217 | bid=4367.382 | ask=4367.642 | tick_ok=True | xau_open=True | current_symbol=XAUUSDm | startup=False
[2026-09-17 20:54:37] SYMBOL_CHECK | XAUUSDm trade_mode=4 xau_open=True | trade_mode=4 | tick_time=1789653278 | bid=4368.869 | ask=4369.129 | tick_ok=True | xau_open=True | current_symbol=XAUUSDm | startup=False
[2026-09-17 20:54:37] DEMO_PORTFOLIO_SCAN | XAUUSDm open active=P18,S101,S102,S105,S106,S111,LTS_EVOLUTION9,LTS_SCREEN13
[2026-09-17 20:54:38] DEMO_PORTFOLIO_SIGNAL | P18-D BUY sl=4350.313999999999 tp=4397.214 success=True ticket=4729817909 err=None
[2026-09-17 20:54:38] DEMO_PORTFOLIO_SCAN | XAUUSDm done active=P18,S101,S102,S105,S106,S111,LTS_EVOLUTION9,LTS_SCREEN13
[2026-09-17 20:54:39] TG_SENT | 📡 *👑 18-Way Hybrid* | Leg: `S37 S/R Pivot` (`D`) | 🟢 BUY @ market | SL `4350.31` TP `4397.21` | Ticket: `4729817909`
[2026-09-17 20:55:38] SYMBOL_CHECK | XAUUSDm trade_mode=4 xau_open=True | trade_mode=4 | tick_time=1789653338 | bid=4367.945 | ask=4368.205 | tick_ok=True | xau_open=True | current_symbol=XAUUSDm | startup=False
[2026-09-17 20:56:37] SYMBOL_CHECK | XAUUSDm trade_mode=4 xau_open=True | trade_mode=4 | tick_time=1789653398 | bid=4369.061 | ask=4369.321 | tick_ok=True | xau_open=True | current_symbol=XAUUSDm | startup=False
[2026-09-17 20:57:37] SYMBOL_CHECK | XAUUSDm trade_mode=4 xau_open=True | trade_mode=4 | tick_time=1789653457 | bid=4366.744 | ask=4367.004 | tick_ok=True | xau_open=True | current_symbol=XAUUSDm | startup=False
[2026-09-17 20:58:38] SYMBOL_CHECK | XAUUSDm trade_mode=4 xau_open=True | trade_mode=4 | tick_time=1789653518 | bid=4366.45 | ask=4366.71 | tick_ok=True | xau_open=True | current_symbol=XAUUSDm | startup=False
[2026-09-17 20:59:38] SYMBOL_CHECK | XAUUSDm trade_mode=4 xau_open=True | trade_mode=4 | tick_time=1789653578 | bid=4366.828 | ask=4367.088 | tick_ok=True | xau_open=True | current_symbol=XAUUSDm | startup=False
[2026-09-17 20:59:38] DEMO_PORTFOLIO_SCAN | XAUUSDm open active=P18,S101,S102,S105,S106,S111,LTS_EVOLUTION9,LTS_SCREEN13
[2026-09-17 20:59:39] DEMO_PORTFOLIO_SIGNAL | LTS_SCREEN13_13 BUY lot=0.01 sl=4362.905 tp=4395.945 rd=4.13 weight=1.000 scale=1.00 h=20 success=True ticket=4729847814 err=None
[2026-09-17 20:59:39] DEMO_PORTFOLIO_SCAN | XAUUSDm done active=P18,S101,S102,S105,S106,S111,LTS_EVOLUTION9,LTS_SCREEN13
[2026-09-17 20:59:39] TG_SENT | [AF SIGNAL] *📐 LTS_SCREEN13* | Leg: `LTS_SCREEN13_13 DIRECT_S419_M5` | BUY @ market lot `0.01` | SL `4362.90` TP `4395.94` | RD `4.13` H`20` | Weight `x1.000` Scale `1.00` | Ticket: `4729847814`
[2026-09-17 21:00:37] SYMBOL_CHECK | XAUUSDm trade_mode=4 xau_open=True | trade_mode=4 | tick_time=1789653638 | bid=4364.952 | ask=4365.212 | tick_ok=True | xau_open=True | current_symbol=XAUUSDm | startup=False
[2026-09-17 21:01:37] SYMBOL_CHECK | XAUUSDm trade_mode=4 xau_open=True | trade_mode=4 | tick_time=1789653698 | bid=4365.313 | ask=4365.573 | tick_ok=True | xau_open=True | current_symbol=XAUUSDm | startup=False
[2026-09-17 21:02:38] SYMBOL_CHECK | XAUUSDm trade_mode=4 xau_open=True | trade_mode=4 | tick_time=1789653758 | bid=4367.524 | ask=4367.784 | tick_ok=True | xau_open=True | current_symbol=XAUUSDm | startup=False
[2026-09-17 21:03:37] SYMBOL_CHECK | XAUUSDm trade_mode=4 xau_open=True | trade_mode=4 | tick_time=1789653818 | bid=4368.668 | ask=4368.928 | tick_ok=True | xau_open=True | current_symbol=XAUUSDm | startup=False
[2026-09-17 21:04:38] SYMBOL_CHECK | XAUUSDm trade_mode=4 xau_open=True | trade_mode=4 | tick_time=1789653878 | bid=4368.939 | ask=4369.199 | tick_ok=True | xau_open=True | current_symbol=XAUUSDm | startup=False
[2026-09-17 21:04:38] DEMO_PORTFOLIO_SCAN | XAUUSDm open active=P18,S101,S102,S105,S106,S111,LTS_EVOLUTION9,LTS_SCREEN13
[2026-09-17 21:04:38] DEMO_PORTFOLIO_SIGNAL | LTS_SCREEN13_13 BUY lot=0.01 sl=4362.790999999999 tp=4413.590999999999 rd=6.35 weight=1.000 scale=1.00 h=21 success=True ticket=4729884026 err=None
[2026-09-17 21:04:38] DEMO_PORTFOLIO_SCAN | XAUUSDm done active=P18,S101,S102,S105,S106,S111,LTS_EVOLUTION9,LTS_SCREEN13
[2026-09-17 21:04:39] TG_SENT | [AF SIGNAL] *📐 LTS_SCREEN13* | Leg: `LTS_SCREEN13_13 DIRECT_S419_M5` | BUY @ market lot `0.01` | SL `4362.79` TP `4413.59` | RD `6.35` H`21` | Weight `x1.000` Scale `1.00` | Ticket: `4729884026`
[2026-09-17 21:05:38] SYMBOL_CHECK | XAUUSDm trade_mode=4 xau_open=True | trade_mode=4 | tick_time=1789653938 | bid=4367.973 | ask=4368.233 | tick_ok=True | xau_open=True | current_symbol=XAUUSDm | startup=False
[2026-09-17 21:06:07] POSITION_CLOSED | 🎯 TP Hit | ticket=4729721825 | side=BUY | symbol=XAUUSDm | tf=M5 | sid=21 | pattern=- | trend_filter=- | open_price=4358.061000000001 | close_price=4372.21 | sl=4349.036 | tp=4372.206 | profit=14.15 | reason=[tp 4372.20600] | close_time=21:06:05 17/09/2026
[2026-09-17 21:06:08] TG_SENT | 🟢 *🎯 TP Hit* | ━━━━━━━━━━━━━━━━━ | 📊 TF: M5 | 📊 BUY XAUUSDm | 📌 เปิด: `4358.061000000001` | 📌 ปิด: `4372.21` | 🛑 SL: `4349.036` | 🎯 TP: `4372.206` | 💬 เหตุผล: `[tp 4372.20600]` | 💰 P/L: `14.15` USD | 🔖 Ticket: `4729721825` | 🕐 Close Time: `21:06:05 17/09/2026`
[2026-09-17 21:06:22] POSITION_CLOSED | 🛑 SL Hit | ticket=4729662463 | side=SELL | symbol=XAUUSDm | tf=M5 | sid=21 | pattern=- | trend_filter=- | open_price=4363.851 | close_price=4374.73 | sl=4374.727 | tp=4250.847 | profit=-10.88 | reason=[sl 4374.72700] | close_time=21:06:23 17/09/2026
[2026-09-17 21:06:23] TG_SENT | 🔴 *🛑 SL Hit* | ━━━━━━━━━━━━━━━━━ | 📊 TF: M5 | 📊 SELL XAUUSDm | 📌 เปิด: `4363.851` | 📌 ปิด: `4374.73` | 🛑 SL: `4374.727` | 🎯 TP: `4250.847` | 💬 เหตุผล: `[sl 4374.72700]` | 💸 P/L: `-10.88` USD | 🔖 Ticket: `4729662463` | 🕐 Close Time: `21:06:23 17/09/2026`
[2026-09-17 21:06:37] SYMBOL_CHECK | XAUUSDm trade_mode=4 xau_open=True | trade_mode=4 | tick_time=1789653998 | bid=4373.404 | ask=4373.664 | tick_ok=True | xau_open=True | current_symbol=XAUUSDm | startup=False
[2026-09-17 21:07:17] POSITION_CLOSED | 🛑 SL Hit | ticket=4729028787 | side=SELL | symbol=XAUUSDm | tf=M5 | sid=21 | pattern=- | trend_filter=- | open_price=4369.861 | close_price=4377.19 | sl=4377.191 | tp=4252.581 | profit=-7.33 | reason=[sl 4377.19100] | close_time=21:07:18 17/09/2026
[2026-09-17 21:07:18] TG_SENT | 🔴 *🛑 SL Hit* | ━━━━━━━━━━━━━━━━━ | 📊 TF: M5 | 📊 SELL XAUUSDm | 📌 เปิด: `4369.861` | 📌 ปิด: `4377.19` | 🛑 SL: `4377.191` | 🎯 TP: `4252.581` | 💬 เหตุผล: `[sl 4377.19100]` | 💸 P/L: `-7.33` USD | 🔖 Ticket: `4729028787` | 🕐 Close Time: `21:07:18 17/09/2026`
[2026-09-17 21:07:37] SYMBOL_CHECK | XAUUSDm trade_mode=4 xau_open=True | trade_mode=4 | tick_time=1789654058 | bid=4374.631 | ask=4374.891 | tick_ok=True | xau_open=True | current_symbol=XAUUSDm | startup=False
[2026-09-17 21:08:37] SYMBOL_CHECK | XAUUSDm trade_mode=4 xau_open=True | trade_mode=4 | tick_time=1789654118 | bid=4375.536 | ask=4375.796 | tick_ok=True | xau_open=True | current_symbol=XAUUSDm | startup=False
[2026-09-17 21:09:37] SYMBOL_CHECK | XAUUSDm trade_mode=4 xau_open=True | trade_mode=4 | tick_time=1789654178 | bid=4378.587 | ask=4378.847 | tick_ok=True | xau_open=True | current_symbol=XAUUSDm | startup=False
[2026-09-17 21:09:37] DEMO_PORTFOLIO_SCAN | XAUUSDm open active=P18,S101,S102,S105,S106,S111,LTS_EVOLUTION9,LTS_SCREEN13
[2026-09-17 21:09:37] DEMO_PORTFOLIO_SIGNAL | P18-K BUY sl=4366.133999999999 tp=4397.563999999999 success=True ticket=4729945197 err=None
[2026-09-17 21:09:37] DEMO_PORTFOLIO_SCAN | XAUUSDm done active=P18,S101,S102,S105,S106,S111,LTS_EVOLUTION9,LTS_SCREEN13
[2026-09-17 21:09:38] TG_SENT | 📡 *👑 18-Way Hybrid* | Leg: `S44 VolProfile` (`K`) | 🟢 BUY @ market | SL `4366.13` TP `4397.56` | Ticket: `4729945197`
[2026-09-17 21:10:38] SYMBOL_CHECK | XAUUSDm trade_mode=4 xau_open=True | trade_mode=4 | tick_time=1789654238 | bid=4377.308 | ask=4377.568 | tick_ok=True | xau_open=True | current_symbol=XAUUSDm | startup=False
[2026-09-17 21:11:36] SYMBOL_CHECK | XAUUSDm trade_mode=4 xau_open=True | trade_mode=4 | tick_time=1789654298 | bid=4373.247 | ask=4373.507 | tick_ok=True | xau_open=True | current_symbol=XAUUSDm | startup=False
[2026-09-17 21:12:37] SYMBOL_CHECK | XAUUSDm trade_mode=4 xau_open=True | trade_mode=4 | tick_time=1789654358 | bid=4369.157 | ask=4369.417 | tick_ok=True | xau_open=True | current_symbol=XAUUSDm | startup=False
[2026-09-17 21:13:37] SYMBOL_CHECK | XAUUSDm trade_mode=4 xau_open=True | trade_mode=4 | tick_time=1789654418 | bid=4371.135 | ask=4371.395 | tick_ok=True | xau_open=True | current_symbol=XAUUSDm | startup=False
[2026-09-17 21:14:37] SYMBOL_CHECK | XAUUSDm trade_mode=4 xau_open=True | trade_mode=4 | tick_time=1789654478 | bid=4372.179 | ask=4372.439 | tick_ok=True | xau_open=True | current_symbol=XAUUSDm | startup=False
[2026-09-17 21:14:37] DEMO_PORTFOLIO_SCAN | XAUUSDm open active=P18,S101,S102,S105,S106,S111,LTS_EVOLUTION9,LTS_SCREEN13
[2026-09-17 21:14:38] DEMO_PORTFOLIO_SIGNAL | P18-K BUY sl=4352.977000000001 tp=4401.777 success=True ticket=4730000033 err=None
[2026-09-17 21:14:39] DEMO_PORTFOLIO_SIGNAL | P18-N BUY sl=4339.829 tp=4437.058999999999 success=True ticket=4730000113 err=None
[2026-09-17 21:14:40] DEMO_PORTFOLIO_SIGNAL | LTS_EVOLUTION9_6 SELL lot=0.01 sl=4378.605 tp=4270.1449999999995 rd=6.38 weight=1.000 scale=1.00 h=21 success=True ticket=4730000172 err=None
[2026-09-17 21:14:40] DEMO_PORTFOLIO_SIGNAL | LTS_SCREEN13_13 BUY lot=0.01 sl=4364.741 tp=4428.421 rd=7.96 weight=1.000 scale=1.00 h=21 success=True ticket=4730000252 err=None
[2026-09-17 21:14:40] DEMO_PORTFOLIO_SCAN | XAUUSDm done active=P18,S101,S102,S105,S106,S111,LTS_EVOLUTION9,LTS_SCREEN13
[2026-09-17 21:14:42] TG_SENT | 📡 *👑 18-Way Hybrid* | Leg: `S44 VolProfile` (`K`) | 🟢 BUY @ market | SL `4352.98` TP `4401.78` | Ticket: `4730000033`
[2026-09-17 21:14:46] TG_SENT | 📡 *👑 18-Way Hybrid* | Leg: `S47 SuperTrend` (`N`) | 🟢 BUY @ market | SL `4339.83` TP `4437.06` | Ticket: `4730000113`
[2026-09-17 21:14:50] TG_SENT | [AF SIGNAL] *🧬 LTS_EVOLUTION9* | Leg: `LTS_EVOLUTION9_6 DIRECT_S166_M5` | SELL @ market lot `0.01` | SL `4378.60` TP `4270.14` | RD `6.38` H`21` | Weight `x1.000` Scale `1.00` | Ticket: `4730000172`
[2026-09-17 21:14:53] TG_SENT | [AF SIGNAL] *📐 LTS_SCREEN13* | Leg: `LTS_SCREEN13_13 DIRECT_S419_M5` | BUY @ market lot `0.01` | SL `4364.74` TP `4428.42` | RD `7.96` H`21` | Weight `x1.000` Scale `1.00` | Ticket: `4730000252`
[2026-09-17 21:15:37] SYMBOL_CHECK | XAUUSDm trade_mode=4 xau_open=True | trade_mode=4 | tick_time=1789654537 | bid=4370.606 | ask=4370.866 | tick_ok=True | xau_open=True | current_symbol=XAUUSDm | startup=False
[2026-09-17 21:16:37] SYMBOL_CHECK | XAUUSDm trade_mode=4 xau_open=True | trade_mode=4 | tick_time=1789654597 | bid=4370.829 | ask=4371.089 | tick_ok=True | xau_open=True | current_symbol=XAUUSDm | startup=False
[2026-09-17 21:17:38] SYMBOL_CHECK | XAUUSDm trade_mode=4 xau_open=True | trade_mode=4 | tick_time=1789654657 | bid=4367.809 | ask=4368.069 | tick_ok=True | xau_open=True | current_symbol=XAUUSDm | startup=False
[2026-09-17 21:18:07] POSITION_CLOSED | 🛑 SL Hit | ticket=4729945197 | side=BUY | symbol=XAUUSDm | tf=M5 | sid=21 | pattern=- | trend_filter=- | open_price=4378.761 | close_price=4366.13 | sl=4366.134 | tp=4397.564 | profit=-12.63 | reason=[sl 4366.134] | close_time=21:18:05 17/09/2026
[2026-09-17 21:18:07] TG_SENT | 🟢 *🛑 SL Hit* | ━━━━━━━━━━━━━━━━━ | 📊 TF: M5 | 📊 BUY XAUUSDm | 📌 เปิด: `4378.761` | 📌 ปิด: `4366.13` | 🛑 SL: `4366.134` | 🎯 TP: `4397.564` | 💬 เหตุผล: `[sl 4366.134]` | 💸 P/L: `-12.63` USD | 🔖 Ticket: `4729945197` | 🕐 Close Time: `21:18:05 17/09/2026`
[2026-09-17 21:18:38] SYMBOL_CHECK | XAUUSDm trade_mode=4 xau_open=True | trade_mode=4 | tick_time=1789654718 | bid=4367.31 | ask=4367.57 | tick_ok=True | xau_open=True | current_symbol=XAUUSDm | startup=False
[2026-09-17 21:19:37] SYMBOL_CHECK | XAUUSDm trade_mode=4 xau_open=True | trade_mode=4 | tick_time=1789654777 | bid=4367.428 | ask=4367.688 | tick_ok=True | xau_open=True | current_symbol=XAUUSDm | startup=False
[2026-09-17 21:19:37] DEMO_PORTFOLIO_SCAN | XAUUSDm open active=P18,S101,S102,S105,S106,S111,LTS_EVOLUTION9,LTS_SCREEN13
[2026-09-17 21:19:38] DEMO_PORTFOLIO_SIGNAL | P18-F BUY sl=4353.768 tp=4388.568 success=True ticket=4730043229 err=None
[2026-09-17 21:19:39] DEMO_PORTFOLIO_SIGNAL | P18-K BUY sl=4356.182 tp=4386.332 success=True ticket=4730043336 err=None
[2026-09-17 21:19:40] DEMO_PORTFOLIO_SIGNAL | LTS_SCREEN13_13 BUY lot=0.01 sl=4363.888 tp=4400.848 rd=4.62 weight=1.000 scale=1.00 h=21 success=True ticket=4730043510 err=None
[2026-09-17 21:19:40] DEMO_PORTFOLIO_SCAN | XAUUSDm done active=P18,S101,S102,S105,S106,S111,LTS_EVOLUTION9,LTS_SCREEN13
[2026-09-17 21:19:41] TG_SENT | 📡 *👑 18-Way Hybrid* | Leg: `S39 Demand/Supply` (`F`) | 🟢 BUY @ market | SL `4353.77` TP `4388.57` | Ticket: `4730043229`
[2026-09-17 21:19:44] TG_SENT | 📡 *👑 18-Way Hybrid* | Leg: `S44 VolProfile` (`K`) | 🟢 BUY @ market | SL `4356.18` TP `4386.33` | Ticket: `4730043336`
[2026-09-17 21:19:49] TG_SENT | [AF SIGNAL] *📐 LTS_SCREEN13* | Leg: `LTS_SCREEN13_13 DIRECT_S419_M5` | BUY @ market lot `0.01` | SL `4363.89` TP `4400.85` | RD `4.62` H`21` | Weight `x1.000` Scale `1.00` | Ticket: `4730043510`
[2026-09-17 21:20:37] SYMBOL_CHECK | XAUUSDm trade_mode=4 xau_open=True | trade_mode=4 | tick_time=1789654838 | bid=4368.258 | ask=4368.518 | tick_ok=True | xau_open=True | current_symbol=XAUUSDm | startup=False
[2026-09-17 21:21:38] SYMBOL_CHECK | XAUUSDm trade_mode=4 xau_open=True | trade_mode=4 | tick_time=1789654898 | bid=4367.144 | ask=4367.404 | tick_ok=True | xau_open=True | current_symbol=XAUUSDm | startup=False
[2026-09-17 21:22:37] SYMBOL_CHECK | XAUUSDm trade_mode=4 xau_open=True | trade_mode=4 | tick_time=1789654957 | bid=4369.634 | ask=4369.894 | tick_ok=True | xau_open=True | current_symbol=XAUUSDm | startup=False
[2026-09-17 21:23:37] SYMBOL_CHECK | XAUUSDm trade_mode=4 xau_open=True | trade_mode=4 | tick_time=1789655018 | bid=4369.125 | ask=4369.385 | tick_ok=True | xau_open=True | current_symbol=XAUUSDm | startup=False
[2026-09-17 21:24:36] SYMBOL_CHECK | XAUUSDm trade_mode=4 xau_open=True | trade_mode=4 | tick_time=1789655078 | bid=4370.371 | ask=4370.631 | tick_ok=True | xau_open=True | current_symbol=XAUUSDm | startup=False
[2026-09-17 21:24:36] DEMO_PORTFOLIO_SCAN | XAUUSDm open active=P18,S101,S102,S105,S106,S111,LTS_EVOLUTION9,LTS_SCREEN13
[2026-09-17 21:24:38] DEMO_PORTFOLIO_SKIP | P18-F BUY skipped — 3 positions already open (cap=3)
[2026-09-17 21:24:38] DEMO_PORTFOLIO_SKIP | P18-K BUY skipped — 3 positions already open (cap=3)
[2026-09-17 21:24:38] DEMO_PORTFOLIO_SIGNAL | LTS_SCREEN13_13 BUY lot=0.01 sl=4363.491 tp=4420.611000000001 rd=7.14 weight=1.000 scale=1.00 h=21 success=True ticket=4730077018 err=None
[2026-09-17 21:24:38] DEMO_PORTFOLIO_SCAN | XAUUSDm done active=P18,S101,S102,S105,S106,S111,LTS_EVOLUTION9,LTS_SCREEN13
[2026-09-17 21:24:39] TG_SENT | [AF SIGNAL] *📐 LTS_SCREEN13* | Leg: `LTS_SCREEN13_13 DIRECT_S419_M5` | BUY @ market lot `0.01` | SL `4363.49` TP `4420.61` | RD `7.14` H`21` | Weight `x1.000` Scale `1.00` | Ticket: `4730077018`
[2026-09-17 21:25:37] SYMBOL_CHECK | XAUUSDm trade_mode=4 xau_open=True | trade_mode=4 | tick_time=1789655137 | bid=4369.59 | ask=4369.85 | tick_ok=True | xau_open=True | current_symbol=XAUUSDm | startup=False
[2026-09-17 21:26:38] SYMBOL_CHECK | XAUUSDm trade_mode=4 xau_open=True | trade_mode=4 | tick_time=1789655198 | bid=4371.186 | ask=4371.446 | tick_ok=True | xau_open=True | current_symbol=XAUUSDm | startup=False
[2026-09-17 21:27:37] SYMBOL_CHECK | XAUUSDm trade_mode=4 xau_open=True | trade_mode=4 | tick_time=1789655258 | bid=4369.711 | ask=4369.971 | tick_ok=True | xau_open=True | current_symbol=XAUUSDm | startup=False
[2026-09-17 21:28:36] SYMBOL_CHECK | XAUUSDm trade_mode=4 xau_open=True | trade_mode=4 | tick_time=1789655317 | bid=4368.599 | ask=4368.859 | tick_ok=True | xau_open=True | current_symbol=XAUUSDm | startup=False
[2026-09-17 21:29:37] SYMBOL_CHECK | XAUUSDm trade_mode=4 xau_open=True | trade_mode=4 | tick_time=1789655378 | bid=4367.579 | ask=4367.839 | tick_ok=True | xau_open=True | current_symbol=XAUUSDm | startup=False
[2026-09-17 21:29:37] DEMO_PORTFOLIO_SCAN | XAUUSDm open active=P18,S101,S102,S105,S106,S111,LTS_EVOLUTION9,LTS_SCREEN13
[2026-09-17 21:29:37] DEMO_PORTFOLIO_SKIP | P18-F BUY skipped — 3 positions already open (cap=3)
[2026-09-17 21:29:37] DEMO_PORTFOLIO_SKIP | P18-K BUY skipped — 3 positions already open (cap=3)
[2026-09-17 21:29:38] DEMO_PORTFOLIO_SIGNAL | LTS_SCREEN13_13 BUY lot=0.01 sl=4363.519 tp=4398.079 rd=4.32 weight=1.000 scale=1.00 h=21 success=True ticket=4730117763 err=None
[2026-09-17 21:29:38] DEMO_PORTFOLIO_SCAN | XAUUSDm done active=P18,S101,S102,S105,S106,S111,LTS_EVOLUTION9,LTS_SCREEN13
[2026-09-17 21:29:39] TG_SENT | [AF SIGNAL] *📐 LTS_SCREEN13* | Leg: `LTS_SCREEN13_13 DIRECT_S419_M5` | BUY @ market lot `0.01` | SL `4363.52` TP `4398.08` | RD `4.32` H`21` | Weight `x1.000` Scale `1.00` | Ticket: `4730117763`
[2026-09-17 21:30:27] POSITION_CLOSED | 🛑 SL Hit | ticket=4730000252 | side=BUY | symbol=XAUUSDm | tf=M5 | sid=21 | pattern=- | trend_filter=- | open_price=4372.482 | close_price=4364.74 | sl=4364.741 | tp=4428.421 | profit=-7.74 | reason=[sl 4364.741] | close_time=21:30:26 17/09/2026
[2026-09-17 21:30:28] TG_SENT | 🟢 *🛑 SL Hit* | ━━━━━━━━━━━━━━━━━ | 📊 TF: M5 | 📊 BUY XAUUSDm | 📌 เปิด: `4372.482` | 📌 ปิด: `4364.74` | 🛑 SL: `4364.741` | 🎯 TP: `4428.421` | 💬 เหตุผล: `[sl 4364.741]` | 💸 P/L: `-7.74` USD | 🔖 Ticket: `4730000252` | 🕐 Close Time: `21:30:26 17/09/2026`
[2026-09-17 21:30:36] SYMBOL_CHECK | XAUUSDm trade_mode=4 xau_open=True | trade_mode=4 | tick_time=1789655438 | bid=4364.534 | ask=4364.794 | tick_ok=True | xau_open=True | current_symbol=XAUUSDm | startup=False
[2026-09-17 21:31:38] SYMBOL_CHECK | XAUUSDm trade_mode=4 xau_open=True | trade_mode=4 | tick_time=1789655497 | bid=4365.942 | ask=4366.202 | tick_ok=True | xau_open=True | current_symbol=XAUUSDm | startup=False
[2026-09-17 21:32:12] POSITION_CLOSED | 🛑 SL Hit | ticket=4730043510 | side=BUY | symbol=XAUUSDm | tf=M5 | sid=21 | pattern=- | trend_filter=- | open_price=4368.252 | close_price=4363.89 | sl=4363.888 | tp=4400.848 | profit=-4.36 | reason=[sl 4363.88800] | close_time=21:32:13 17/09/2026
[2026-09-17 21:32:13] TG_SENT | 🟢 *🛑 SL Hit* | ━━━━━━━━━━━━━━━━━ | 📊 TF: M5 | 📊 BUY XAUUSDm | 📌 เปิด: `4368.252` | 📌 ปิด: `4363.89` | 🛑 SL: `4363.888` | 🎯 TP: `4400.848` | 💬 เหตุผล: `[sl 4363.88800]` | 💸 P/L: `-4.36` USD | 🔖 Ticket: `4730043510` | 🕐 Close Time: `21:32:13 17/09/2026`
[2026-09-17 21:32:17] POSITION_CLOSED | 🛑 SL Hit | ticket=4730077018 | side=BUY | symbol=XAUUSDm | tf=M5 | sid=21 | pattern=- | trend_filter=- | open_price=4370.631 | close_price=4363.49 | sl=4363.491 | tp=4420.611 | profit=-7.14 | reason=[sl 4363.49100] | close_time=21:32:13 17/09/2026
[2026-09-17 21:32:17] POSITION_CLOSED | 🛑 SL Hit | ticket=4730117763 | side=BUY | symbol=XAUUSDm | tf=M5 | sid=21 | pattern=- | trend_filter=- | open_price=4367.839 | close_price=4363.52 | sl=4363.519 | tp=4398.079 | profit=-4.32 | reason=[sl 4363.51900] | close_time=21:32:13 17/09/2026
[2026-09-17 21:32:18] TG_SENT | 🟢 *🛑 SL Hit* | ━━━━━━━━━━━━━━━━━ | 📊 TF: M5 | 📊 BUY XAUUSDm | 📌 เปิด: `4370.631` | 📌 ปิด: `4363.49` | 🛑 SL: `4363.491` | 🎯 TP: `4420.611` | 💬 เหตุผล: `[sl 4363.49100]` | 💸 P/L: `-7.14` USD | 🔖 Ticket: `4730077018` | 🕐 Close Time: `21:32:13 17/09/2026`
[2026-09-17 21:32:22] TG_SENT | 🟢 *🛑 SL Hit* | ━━━━━━━━━━━━━━━━━ | 📊 TF: M5 | 📊 BUY XAUUSDm | 📌 เปิด: `4367.839` | 📌 ปิด: `4363.52` | 🛑 SL: `4363.519` | 🎯 TP: `4398.079` | 💬 เหตุผล: `[sl 4363.51900]` | 💸 P/L: `-4.32` USD | 🔖 Ticket: `4730117763` | 🕐 Close Time: `21:32:13 17/09/2026`
[2026-09-17 21:32:22] POSITION_CLOSED | 🛑 SL Hit | ticket=4729884026 | side=BUY | symbol=XAUUSDm | tf=M5 | sid=21 | pattern=- | trend_filter=- | open_price=4369.1410000000005 | close_price=4362.79 | sl=4362.791 | tp=4413.591 | profit=-6.35 | reason=[sl 4362.791] | close_time=21:32:22 17/09/2026
[2026-09-17 21:32:22] POSITION_CLOSED | 🛑 SL Hit | ticket=4729847814 | side=BUY | symbol=XAUUSDm | tf=M5 | sid=21 | pattern=- | trend_filter=- | open_price=4367.035 | close_price=4362.9 | sl=4362.905 | tp=4395.945 | profit=-4.13 | reason=[sl 4362.905] | close_time=21:32:21 17/09/2026
[2026-09-17 21:32:26] TG_SENT | 🟢 *🛑 SL Hit* | ━━━━━━━━━━━━━━━━━ | 📊 TF: M5 | 📊 BUY XAUUSDm | 📌 เปิด: `4369.1410000000005` | 📌 ปิด: `4362.79` | 🛑 SL: `4362.791` | 🎯 TP: `4413.591` | 💬 เหตุผล: `[sl 4362.791]` | 💸 P/L: `-6.35` USD | 🔖 Ticket: `4729884026` | 🕐 Close Time: `21:32:22 17/09/2026`
[2026-09-17 21:32:30] TG_SENT | 🟢 *🛑 SL Hit* | ━━━━━━━━━━━━━━━━━ | 📊 TF: M5 | 📊 BUY XAUUSDm | 📌 เปิด: `4367.035` | 📌 ปิด: `4362.9` | 🛑 SL: `4362.905` | 🎯 TP: `4395.945` | 💬 เหตุผล: `[sl 4362.905]` | 💸 P/L: `-4.13` USD | 🔖 Ticket: `4729847814` | 🕐 Close Time: `21:32:21 17/09/2026`
[2026-09-17 21:32:37] SYMBOL_CHECK | XAUUSDm trade_mode=4 xau_open=True | trade_mode=4 | tick_time=1789655558 | bid=4362.327 | ask=4362.587 | tick_ok=True | xau_open=True | current_symbol=XAUUSDm | startup=False
[2026-09-17 21:33:37] SYMBOL_CHECK | XAUUSDm trade_mode=4 xau_open=True | trade_mode=4 | tick_time=1789655618 | bid=4363.64 | ask=4363.9 | tick_ok=True | xau_open=True | current_symbol=XAUUSDm | startup=False
[2026-09-17 21:34:37] SYMBOL_CHECK | XAUUSDm trade_mode=4 xau_open=True | trade_mode=4 | tick_time=1789655677 | bid=4366.733 | ask=4366.993 | tick_ok=True | xau_open=True | current_symbol=XAUUSDm | startup=False
[2026-09-17 21:34:37] DEMO_PORTFOLIO_SCAN | XAUUSDm open active=P18,S101,S102,S105,S106,S111,LTS_EVOLUTION9,LTS_SCREEN13
[2026-09-17 21:34:37] DEMO_PORTFOLIO_SKIP | P18-F BUY skipped — 3 positions already open (cap=3)
[2026-09-17 21:34:38] DEMO_PORTFOLIO_SIGNAL | LTS_SCREEN13_13 BUY lot=0.01 sl=4359.987 tp=4415.027000000001 rd=6.88 weight=1.000 scale=1.00 h=21 success=True ticket=4730164542 err=None
[2026-09-17 21:34:38] DEMO_PORTFOLIO_SCAN | XAUUSDm done active=P18,S101,S102,S105,S106,S111,LTS_EVOLUTION9,LTS_SCREEN13
[2026-09-17 21:34:38] TG_SENT | [AF SIGNAL] *📐 LTS_SCREEN13* | Leg: `LTS_SCREEN13_13 DIRECT_S419_M5` | BUY @ market lot `0.01` | SL `4359.99` TP `4415.03` | RD `6.88` H`21` | Weight `x1.000` Scale `1.00` | Ticket: `4730164542`
[2026-09-17 21:35:37] SYMBOL_CHECK | XAUUSDm trade_mode=4 xau_open=True | trade_mode=4 | tick_time=1789655737 | bid=4367.647 | ask=4367.907 | tick_ok=True | xau_open=True | current_symbol=XAUUSDm | startup=False
[2026-09-17 21:36:38] SYMBOL_CHECK | XAUUSDm trade_mode=4 xau_open=True | trade_mode=4 | tick_time=1789655798 | bid=4365.556 | ask=4365.816 | tick_ok=True | xau_open=True | current_symbol=XAUUSDm | startup=False
[2026-09-17 21:37:37] SYMBOL_CHECK | XAUUSDm trade_mode=4 xau_open=True | trade_mode=4 | tick_time=1789655857 | bid=4363.78 | ask=4364.04 | tick_ok=True | xau_open=True | current_symbol=XAUUSDm | startup=False
[2026-09-17 21:38:37] SYMBOL_CHECK | XAUUSDm trade_mode=4 xau_open=True | trade_mode=4 | tick_time=1789655917 | bid=4364.252 | ask=4364.512 | tick_ok=True | xau_open=True | current_symbol=XAUUSDm | startup=False
[2026-09-17 21:39:37] SYMBOL_CHECK | XAUUSDm trade_mode=4 xau_open=True | trade_mode=4 | tick_time=1789655978 | bid=4362.916 | ask=4363.176 | tick_ok=True | xau_open=True | current_symbol=XAUUSDm | startup=False
[2026-09-17 21:39:37] DEMO_PORTFOLIO_SCAN | XAUUSDm open active=P18,S101,S102,S105,S106,S111,LTS_EVOLUTION9,LTS_SCREEN13
[2026-09-17 21:39:37] DEMO_PORTFOLIO_SIGNAL | P18-D BUY sl=4350.146000000001 tp=4382.716000000001 success=True ticket=4730196341 err=None
[2026-09-17 21:39:37] DEMO_PORTFOLIO_SKIP | P18-F BUY skipped — 3 positions already open (cap=3)
[2026-09-17 21:39:38] DEMO_PORTFOLIO_SIGNAL | LTS_SCREEN13_9 BUY lot=0.01 sl=4361.235999999999 tp=4380.226 rd=2.11 weight=1.000 scale=1.00 h=21 success=True ticket=4730196359 err=None
[2026-09-17 21:39:38] DEMO_PORTFOLIO_SIGNAL | LTS_SCREEN13_13 BUY lot=0.01 sl=4360.035999999999 tp=4386.516 rd=3.31 weight=1.000 scale=1.00 h=21 success=True ticket=4730196363 err=None
[2026-09-17 21:39:38] DEMO_PORTFOLIO_SCAN | XAUUSDm done active=P18,S101,S102,S105,S106,S111,LTS_EVOLUTION9,LTS_SCREEN13
[2026-09-17 21:39:39] TG_SENT | 📡 *👑 18-Way Hybrid* | Leg: `S37 S/R Pivot` (`D`) | 🟢 BUY @ market | SL `4350.15` TP `4382.72` | Ticket: `4730196341`
[2026-09-17 21:39:43] TG_SENT | [AF SIGNAL] *📐 LTS_SCREEN13* | Leg: `LTS_SCREEN13_9 DIRECT_S418_M5` | BUY @ market lot `0.01` | SL `4361.24` TP `4380.23` | RD `2.11` H`21` | Weight `x1.000` Scale `1.00` | Ticket: `4730196359`
[2026-09-17 21:39:47] TG_SENT | [AF SIGNAL] *📐 LTS_SCREEN13* | Leg: `LTS_SCREEN13_13 DIRECT_S419_M5` | BUY @ market lot `0.01` | SL `4360.04` TP `4386.52` | RD `3.31` H`21` | Weight `x1.000` Scale `1.00` | Ticket: `4730196363`
[2026-09-17 21:40:02] POSITION_CLOSED | 🛑 SL Hit | ticket=4730196359 | side=BUY | symbol=XAUUSDm | tf=M5 | sid=21 | pattern=- | trend_filter=- | open_price=4363.3460000000005 | close_price=4361.24 | sl=4361.236 | tp=4380.226 | profit=-2.11 | reason=[sl 4361.236] | close_time=21:39:59 17/09/2026
[2026-09-17 21:40:03] TG_SENT | 🟢 *🛑 SL Hit* | ━━━━━━━━━━━━━━━━━ | 📊 TF: M5 | 📊 BUY XAUUSDm | 📌 เปิด: `4363.3460000000005` | 📌 ปิด: `4361.24` | 🛑 SL: `4361.236` | 🎯 TP: `4380.226` | 💬 เหตุผล: `[sl 4361.236]` | 💸 P/L: `-2.11` USD | 🔖 Ticket: `4730196359` | 🕐 Close Time: `21:39:59 17/09/2026`
[2026-09-17 21:40:36] SYMBOL_CHECK | XAUUSDm trade_mode=4 xau_open=True | trade_mode=4 | tick_time=1789656038 | bid=4362.796 | ask=4363.056 | tick_ok=True | xau_open=True | current_symbol=XAUUSDm | startup=False
[2026-09-17 21:41:37] SYMBOL_CHECK | XAUUSDm trade_mode=4 xau_open=True | trade_mode=4 | tick_time=1789656098 | bid=4364.019 | ask=4364.279 | tick_ok=True | xau_open=True | current_symbol=XAUUSDm | startup=False
[2026-09-17 21:42:37] SYMBOL_CHECK | XAUUSDm trade_mode=4 xau_open=True | trade_mode=4 | tick_time=1789656158 | bid=4362.882 | ask=4363.142 | tick_ok=True | xau_open=True | current_symbol=XAUUSDm | startup=False
[2026-09-17 21:43:12] POSITION_CLOSED | 🛑 SL Hit | ticket=4730196363 | side=BUY | symbol=XAUUSDm | tf=M5 | sid=21 | pattern=- | trend_filter=- | open_price=4363.3460000000005 | close_price=4360.04 | sl=4360.036 | tp=4386.516 | profit=-3.31 | reason=[sl 4360.03600] | close_time=21:43:11 17/09/2026
[2026-09-17 21:43:12] POSITION_CLOSED | 🛑 SL Hit | ticket=4730164542 | side=BUY | symbol=XAUUSDm | tf=M5 | sid=21 | pattern=- | trend_filter=- | open_price=4366.902 | close_price=4359.99 | sl=4359.987 | tp=4415.027 | profit=-6.91 | reason=[sl 4359.98700] | close_time=21:43:11 17/09/2026
[2026-09-17 21:43:13] TG_SENT | 🟢 *🛑 SL Hit* | ━━━━━━━━━━━━━━━━━ | 📊 TF: M5 | 📊 BUY XAUUSDm | 📌 เปิด: `4363.3460000000005` | 📌 ปิด: `4360.04` | 🛑 SL: `4360.036` | 🎯 TP: `4386.516` | 💬 เหตุผล: `[sl 4360.03600]` | 💸 P/L: `-3.31` USD | 🔖 Ticket: `4730196363` | 🕐 Close Time: `21:43:11 17/09/2026`
[2026-09-17 21:43:17] TG_SENT | 🟢 *🛑 SL Hit* | ━━━━━━━━━━━━━━━━━ | 📊 TF: M5 | 📊 BUY XAUUSDm | 📌 เปิด: `4366.902` | 📌 ปิด: `4359.99` | 🛑 SL: `4359.987` | 🎯 TP: `4415.027` | 💬 เหตุผล: `[sl 4359.98700]` | 💸 P/L: `-6.91` USD | 🔖 Ticket: `4730164542` | 🕐 Close Time: `21:43:11 17/09/2026`
[2026-09-17 21:43:36] SYMBOL_CHECK | XAUUSDm trade_mode=4 xau_open=True | trade_mode=4 | tick_time=1789656218 | bid=4360.963 | ask=4361.223 | tick_ok=True | xau_open=True | current_symbol=XAUUSDm | startup=False
[2026-09-17 21:44:36] SYMBOL_CHECK | XAUUSDm trade_mode=4 xau_open=True | trade_mode=4 | tick_time=1789656277 | bid=4361.419 | ask=4361.679 | tick_ok=True | xau_open=True | current_symbol=XAUUSDm | startup=False
[2026-09-17 21:44:37] DEMO_PORTFOLIO_SCAN | XAUUSDm open active=P18,S101,S102,S105,S106,S111,LTS_EVOLUTION9,LTS_SCREEN13
[2026-09-17 21:44:37] DEMO_PORTFOLIO_SIGNAL | P18-D BUY sl=4353.0289999999995 tp=4374.659 success=True ticket=4730231698 err=None
[2026-09-17 21:44:37] DEMO_PORTFOLIO_SIGNAL | LTS_SCREEN13_9 BUY lot=0.01 sl=4358.679 tp=4385.679 rd=3.00 weight=1.000 scale=1.00 h=21 success=True ticket=4730231716 err=None
[2026-09-17 21:44:37] DEMO_PORTFOLIO_SIGNAL | LTS_SCREEN13_13 BUY lot=0.01 sl=4357.439 tp=4391.359 rd=4.24 weight=1.000 scale=1.00 h=21 success=True ticket=4730231721 err=None
[2026-09-17 21:44:37] DEMO_PORTFOLIO_SCAN | XAUUSDm done active=P18,S101,S102,S105,S106,S111,LTS_EVOLUTION9,LTS_SCREEN13
[2026-09-17 21:44:38] TG_SENT | 📡 *👑 18-Way Hybrid* | Leg: `S37 S/R Pivot` (`D`) | 🟢 BUY @ market | SL `4353.03` TP `4374.66` | Ticket: `4730231698`
[2026-09-17 21:44:42] TG_SENT | [AF SIGNAL] *📐 LTS_SCREEN13* | Leg: `LTS_SCREEN13_9 DIRECT_S418_M5` | BUY @ market lot `0.01` | SL `4358.68` TP `4385.68` | RD `3.00` H`21` | Weight `x1.000` Scale `1.00` | Ticket: `4730231716`
[2026-09-17 21:44:46] TG_SENT | [AF SIGNAL] *📐 LTS_SCREEN13* | Leg: `LTS_SCREEN13_13 DIRECT_S419_M5` | BUY @ market lot `0.01` | SL `4357.44` TP `4391.36` | RD `4.24` H`21` | Weight `x1.000` Scale `1.00` | Ticket: `4730231721`
[2026-09-17 21:45:38] SYMBOL_CHECK | XAUUSDm trade_mode=4 xau_open=True | trade_mode=4 | tick_time=1789656338 | bid=4362.168 | ask=4362.428 | tick_ok=True | xau_open=True | current_symbol=XAUUSDm | startup=False
[2026-09-17 21:46:36] SYMBOL_CHECK | XAUUSDm trade_mode=4 xau_open=True | trade_mode=4 | tick_time=1789656398 | bid=4362.251 | ask=4362.511 | tick_ok=True | xau_open=True | current_symbol=XAUUSDm | startup=False
[2026-09-17 21:47:37] SYMBOL_CHECK | XAUUSDm trade_mode=4 xau_open=True | trade_mode=4 | tick_time=1789656457 | bid=4361.571 | ask=4361.831 | tick_ok=True | xau_open=True | current_symbol=XAUUSDm | startup=False
[2026-09-17 21:48:37] SYMBOL_CHECK | XAUUSDm trade_mode=4 xau_open=True | trade_mode=4 | tick_time=1789656518 | bid=4359.868 | ask=4360.128 | tick_ok=True | xau_open=True | current_symbol=XAUUSDm | startup=False
[2026-09-17 21:49:13] POSITION_CLOSED | 🛑 SL Hit | ticket=4730231716 | side=BUY | symbol=XAUUSDm | tf=M5 | sid=21 | pattern=- | trend_filter=- | open_price=4361.679 | close_price=4358.68 | sl=4358.679 | tp=4385.679 | profit=-3.0 | reason=[sl 4358.67900] | close_time=21:49:09 17/09/2026
[2026-09-17 21:49:13] TG_SENT | 🟢 *🛑 SL Hit* | ━━━━━━━━━━━━━━━━━ | 📊 TF: M5 | 📊 BUY XAUUSDm | 📌 เปิด: `4361.679` | 📌 ปิด: `4358.68` | 🛑 SL: `4358.679` | 🎯 TP: `4385.679` | 💬 เหตุผล: `[sl 4358.67900]` | 💸 P/L: `-3.0` USD | 🔖 Ticket: `4730231716` | 🕐 Close Time: `21:49:09 17/09/2026`
[2026-09-17 21:49:36] SYMBOL_CHECK | XAUUSDm trade_mode=4 xau_open=True | trade_mode=4 | tick_time=1789656578 | bid=4359.822 | ask=4360.082 | tick_ok=True | xau_open=True | current_symbol=XAUUSDm | startup=False
[2026-09-17 21:49:36] DEMO_PORTFOLIO_SCAN | XAUUSDm open active=P18,S101,S102,S105,S106,S111,LTS_EVOLUTION9,LTS_SCREEN13
[2026-09-17 21:49:37] DEMO_PORTFOLIO_SKIP | P18-D BUY skipped — 3 positions already open (cap=3)
[2026-09-17 21:49:37] DEMO_PORTFOLIO_SIGNAL | LTS_SCREEN13_9 BUY lot=0.01 sl=4357.356 tp=4381.296 rd=2.66 weight=1.000 scale=1.00 h=21 success=True ticket=4730272374 err=None
[2026-09-17 21:49:37] DEMO_PORTFOLIO_SIGNAL | LTS_SCREEN13_13 BUY lot=0.01 sl=4355.841 tp=4386.7210000000005 rd=3.86 weight=1.000 scale=1.00 h=21 success=True ticket=4730272387 err=None
[2026-09-17 21:49:37] DEMO_PORTFOLIO_SCAN | XAUUSDm done active=P18,S101,S102,S105,S106,S111,LTS_EVOLUTION9,LTS_SCREEN13
[2026-09-17 21:49:38] TG_SENT | [AF SIGNAL] *📐 LTS_SCREEN13* | Leg: `LTS_SCREEN13_9 DIRECT_S418_M5` | BUY @ market lot `0.01` | SL `4357.36` TP `4381.30` | RD `2.66` H`21` | Weight `x1.000` Scale `1.00` | Ticket: `4730272374`
[2026-09-17 21:49:43] TG_SENT | [AF SIGNAL] *📐 LTS_SCREEN13* | Leg: `LTS_SCREEN13_13 DIRECT_S419_M5` | BUY @ market lot `0.01` | SL `4355.84` TP `4386.72` | RD `3.86` H`21` | Weight `x1.000` Scale `1.00` | Ticket: `4730272387`
[2026-09-17 21:50:38] SYMBOL_CHECK | XAUUSDm trade_mode=4 xau_open=True | trade_mode=4 | tick_time=1789656638 | bid=4361.268 | ask=4361.528 | tick_ok=True | xau_open=True | current_symbol=XAUUSDm | startup=False
[2026-09-17 21:51:37] SYMBOL_CHECK | XAUUSDm trade_mode=4 xau_open=True | trade_mode=4 | tick_time=1789656698 | bid=4360.451 | ask=4360.711 | tick_ok=True | xau_open=True | current_symbol=XAUUSDm | startup=False
[2026-09-17 21:52:36] SYMBOL_CHECK | XAUUSDm trade_mode=4 xau_open=True | trade_mode=4 | tick_time=1789656758 | bid=4359.296 | ask=4359.556 | tick_ok=True | xau_open=True | current_symbol=XAUUSDm | startup=False
[2026-09-17 21:53:38] SYMBOL_CHECK | XAUUSDm trade_mode=4 xau_open=True | trade_mode=4 | tick_time=1789656818 | bid=4357.278 | ask=4357.538 | tick_ok=True | xau_open=True | current_symbol=XAUUSDm | startup=False
[2026-09-17 21:53:38] POSITION_CLOSED | 🛑 SL Hit | ticket=4730231721 | side=BUY | symbol=XAUUSDm | tf=M5 | sid=21 | pattern=- | trend_filter=- | open_price=4361.679 | close_price=4357.44 | sl=4357.439 | tp=4391.359 | profit=-4.24 | reason=[sl 4357.43900] | close_time=21:53:36 17/09/2026
[2026-09-17 21:53:38] POSITION_CLOSED | 🛑 SL Hit | ticket=4730272374 | side=BUY | symbol=XAUUSDm | tf=M5 | sid=21 | pattern=- | trend_filter=- | open_price=4359.767000000001 | close_price=4357.36 | sl=4357.356 | tp=4381.296 | profit=-2.41 | reason=[sl 4357.356] | close_time=21:53:37 17/09/2026
[2026-09-17 21:53:38] TG_SENT | 🟢 *🛑 SL Hit* | ━━━━━━━━━━━━━━━━━ | 📊 TF: M5 | 📊 BUY XAUUSDm | 📌 เปิด: `4361.679` | 📌 ปิด: `4357.44` | 🛑 SL: `4357.439` | 🎯 TP: `4391.359` | 💬 เหตุผล: `[sl 4357.43900]` | 💸 P/L: `-4.24` USD | 🔖 Ticket: `4730231721` | 🕐 Close Time: `21:53:36 17/09/2026`
[2026-09-17 21:53:42] TG_SENT | 🟢 *🛑 SL Hit* | ━━━━━━━━━━━━━━━━━ | 📊 TF: M5 | 📊 BUY XAUUSDm | 📌 เปิด: `4359.767000000001` | 📌 ปิด: `4357.36` | 🛑 SL: `4357.356` | 🎯 TP: `4381.296` | 💬 เหตุผล: `[sl 4357.356]` | 💸 P/L: `-2.41` USD | 🔖 Ticket: `4730272374` | 🕐 Close Time: `21:53:37 17/09/2026`
[2026-09-17 21:53:53] POSITION_CLOSED | 🛑 SL Hit | ticket=4730043336 | side=BUY | symbol=XAUUSDm | tf=M5 | sid=21 | pattern=- | trend_filter=- | open_price=4368.501 | close_price=4356.18 | sl=4356.182 | tp=4386.332 | profit=-12.32 | reason=[sl 4356.18200] | close_time=21:53:51 17/09/2026
[2026-09-17 21:53:53] POSITION_CLOSED | 🛑 SL Hit | ticket=4730272387 | side=BUY | symbol=XAUUSDm | tf=M5 | sid=21 | pattern=- | trend_filter=- | open_price=4359.701 | close_price=4355.84 | sl=4355.841 | tp=4386.721 | profit=-3.86 | reason=[sl 4355.84100] | close_time=21:53:51 17/09/2026
[2026-09-17 21:53:53] TG_SENT | 🟢 *🛑 SL Hit* | ━━━━━━━━━━━━━━━━━ | 📊 TF: M5 | 📊 BUY XAUUSDm | 📌 เปิด: `4368.501` | 📌 ปิด: `4356.18` | 🛑 SL: `4356.182` | 🎯 TP: `4386.332` | 💬 เหตุผล: `[sl 4356.18200]` | 💸 P/L: `-12.32` USD | 🔖 Ticket: `4730043336` | 🕐 Close Time: `21:53:51 17/09/2026`
[2026-09-17 21:53:57] TG_SENT | 🟢 *🛑 SL Hit* | ━━━━━━━━━━━━━━━━━ | 📊 TF: M5 | 📊 BUY XAUUSDm | 📌 เปิด: `4359.701` | 📌 ปิด: `4355.84` | 🛑 SL: `4355.841` | 🎯 TP: `4386.721` | 💬 เหตุผล: `[sl 4355.84100]` | 💸 P/L: `-3.86` USD | 🔖 Ticket: `4730272387` | 🕐 Close Time: `21:53:51 17/09/2026`
[2026-09-17 21:54:38] SYMBOL_CHECK | XAUUSDm trade_mode=4 xau_open=True | trade_mode=4 | tick_time=1789656878 | bid=4358.57 | ask=4358.83 | tick_ok=True | xau_open=True | current_symbol=XAUUSDm | startup=False
[2026-09-17 21:54:38] DEMO_PORTFOLIO_SCAN | XAUUSDm open active=P18,S101,S102,S105,S106,S111,LTS_EVOLUTION9,LTS_SCREEN13
[2026-09-17 21:54:38] DEMO_PORTFOLIO_SKIP | P18-D BUY skipped — 3 positions already open (cap=3)
[2026-09-17 21:54:38] DEMO_PORTFOLIO_SIGNAL | LTS_SCREEN13_9 BUY lot=0.01 sl=4354.91 tp=4390.1900000000005 rd=3.92 weight=1.000 scale=1.00 h=21 success=True ticket=4730309795 err=None
[2026-09-17 21:54:38] DEMO_PORTFOLIO_SIGNAL | LTS_SCREEN13_13 BUY lot=0.01 sl=4353.79 tp=4394.110000000001 rd=5.04 weight=1.000 scale=1.00 h=21 success=True ticket=4730309802 err=None
[2026-09-17 21:54:38] DEMO_PORTFOLIO_SCAN | XAUUSDm done active=P18,S101,S102,S105,S106,S111,LTS_EVOLUTION9,LTS_SCREEN13
[2026-09-17 21:54:39] TG_SENT | [AF SIGNAL] *📐 LTS_SCREEN13* | Leg: `LTS_SCREEN13_9 DIRECT_S418_M5` | BUY @ market lot `0.01` | SL `4354.91` TP `4390.19` | RD `3.92` H`21` | Weight `x1.000` Scale `1.00` | Ticket: `4730309795`
[2026-09-17 21:54:43] TG_SENT | [AF SIGNAL] *📐 LTS_SCREEN13* | Leg: `LTS_SCREEN13_13 DIRECT_S419_M5` | BUY @ market lot `0.01` | SL `4353.79` TP `4394.11` | RD `5.04` H`21` | Weight `x1.000` Scale `1.00` | Ticket: `4730309802`
[2026-09-17 21:55:36] SYMBOL_CHECK | XAUUSDm trade_mode=4 xau_open=True | trade_mode=4 | tick_time=1789656938 | bid=4357.052 | ask=4357.312 | tick_ok=True | xau_open=True | current_symbol=XAUUSDm | startup=False
[2026-09-17 21:56:03] POSITION_CLOSED | 🛑 SL Hit | ticket=4730309795 | side=BUY | symbol=XAUUSDm | tf=M5 | sid=21 | pattern=- | trend_filter=- | open_price=4358.83 | close_price=4354.91 | sl=4354.91 | tp=4390.19 | profit=-3.92 | reason=[sl 4354.910] | close_time=21:56:03 17/09/2026
[2026-09-17 21:56:03] POSITION_CLOSED | 🛑 SL Hit | ticket=4729778123 | side=BUY | symbol=XAUUSDm | tf=M5 | sid=21 | pattern=- | trend_filter=- | open_price=4366.484 | close_price=4354.88 | sl=4354.884 | tp=4611.254 | profit=-11.6 | reason=[sl 4354.884] | close_time=21:56:02 17/09/2026
[2026-09-17 21:56:03] TG_SENT | 🟢 *🛑 SL Hit* | ━━━━━━━━━━━━━━━━━ | 📊 TF: M5 | 📊 BUY XAUUSDm | 📌 เปิด: `4358.83` | 📌 ปิด: `4354.91` | 🛑 SL: `4354.91` | 🎯 TP: `4390.19` | 💬 เหตุผล: `[sl 4354.910]` | 💸 P/L: `-3.92` USD | 🔖 Ticket: `4730309795` | 🕐 Close Time: `21:56:03 17/09/2026`
[2026-09-17 21:56:07] TG_SENT | 🟢 *🛑 SL Hit* | ━━━━━━━━━━━━━━━━━ | 📊 TF: M5 | 📊 BUY XAUUSDm | 📌 เปิด: `4366.484` | 📌 ปิด: `4354.88` | 🛑 SL: `4354.884` | 🎯 TP: `4611.254` | 💬 เหตุผล: `[sl 4354.884]` | 💸 P/L: `-11.6` USD | 🔖 Ticket: `4729778123` | 🕐 Close Time: `21:56:02 17/09/2026`
[2026-09-17 21:56:12] POSITION_CLOSED | 🛑 SL Hit | ticket=4729721973 | side=BUY | symbol=XAUUSDm | tf=M5 | sid=21 | pattern=- | trend_filter=- | open_price=4357.733 | close_price=4354.07 | sl=4354.071 | tp=4387.271 | profit=-3.66 | reason=[sl 4354.07100] | close_time=21:56:10 17/09/2026
[2026-09-17 21:56:13] TG_SENT | 🟢 *🛑 SL Hit* | ━━━━━━━━━━━━━━━━━ | 📊 TF: M5 | 📊 BUY XAUUSDm | 📌 เปิด: `4357.733` | 📌 ปิด: `4354.07` | 🛑 SL: `4354.071` | 🎯 TP: `4387.271` | 💬 เหตุผล: `[sl 4354.07100]` | 💸 P/L: `-3.66` USD | 🔖 Ticket: `4729721973` | 🕐 Close Time: `21:56:10 17/09/2026`
[2026-09-17 21:56:18] POSITION_CLOSED | 🛑 SL Hit | ticket=4730309802 | side=BUY | symbol=XAUUSDm | tf=M5 | sid=21 | pattern=- | trend_filter=- | open_price=4358.83 | close_price=4353.79 | sl=4353.79 | tp=4394.11 | profit=-5.04 | reason=[sl 4353.79000] | close_time=21:56:14 17/09/2026
[2026-09-17 21:56:18] POSITION_CLOSED | 🛑 SL Hit | ticket=4730043229 | side=BUY | symbol=XAUUSDm | tf=M5 | sid=21 | pattern=- | trend_filter=- | open_price=4368.242 | close_price=4353.77 | sl=4353.768 | tp=4388.568 | profit=-14.47 | reason=[sl 4353.76800] | close_time=21:56:14 17/09/2026
[2026-09-17 21:56:18] TG_SENT | 🟢 *🛑 SL Hit* | ━━━━━━━━━━━━━━━━━ | 📊 TF: M5 | 📊 BUY XAUUSDm | 📌 เปิด: `4358.83` | 📌 ปิด: `4353.79` | 🛑 SL: `4353.79` | 🎯 TP: `4394.11` | 💬 เหตุผล: `[sl 4353.79000]` | 💸 P/L: `-5.04` USD | 🔖 Ticket: `4730309802` | 🕐 Close Time: `21:56:14 17/09/2026`
[2026-09-17 21:56:22] TG_SENT | 🟢 *🛑 SL Hit* | ━━━━━━━━━━━━━━━━━ | 📊 TF: M5 | 📊 BUY XAUUSDm | 📌 เปิด: `4368.242` | 📌 ปิด: `4353.77` | 🛑 SL: `4353.768` | 🎯 TP: `4388.568` | 💬 เหตุผล: `[sl 4353.76800]` | 💸 P/L: `-14.47` USD | 🔖 Ticket: `4730043229` | 🕐 Close Time: `21:56:14 17/09/2026`
[2026-09-17 21:56:38] SYMBOL_CHECK | XAUUSDm trade_mode=4 xau_open=True | trade_mode=4 | tick_time=1789656998 | bid=4356.32 | ask=4356.58 | tick_ok=True | xau_open=True | current_symbol=XAUUSDm | startup=False
[2026-09-17 21:57:22] POSITION_CLOSED | 🛑 SL Hit | ticket=4729778129 | side=BUY | symbol=XAUUSDm | tf=M5 | sid=21 | pattern=- | trend_filter=- | open_price=4366.484 | close_price=4353.5 | sl=4353.504 | tp=4457.344 | profit=-12.98 | reason=[sl 4353.50400] | close_time=21:57:20 17/09/2026
[2026-09-17 21:57:22] POSITION_CLOSED | 🛑 SL Hit | ticket=4729374895 | side=BUY | symbol=XAUUSDm | tf=M5 | sid=21 | pattern=- | trend_filter=- | open_price=4367.366 | close_price=4353.52 | sl=4353.516 | tp=4388.146 | profit=-13.85 | reason=[sl 4353.51600] | close_time=21:57:20 17/09/2026
[2026-09-17 21:57:23] TG_SENT | 🟢 *🛑 SL Hit* | ━━━━━━━━━━━━━━━━━ | 📊 TF: M5 | 📊 BUY XAUUSDm | 📌 เปิด: `4366.484` | 📌 ปิด: `4353.5` | 🛑 SL: `4353.504` | 🎯 TP: `4457.344` | 💬 เหตุผล: `[sl 4353.50400]` | 💸 P/L: `-12.98` USD | 🔖 Ticket: `4729778129` | 🕐 Close Time: `21:57:20 17/09/2026`
[2026-09-17 21:57:27] TG_SENT | 🟢 *🛑 SL Hit* | ━━━━━━━━━━━━━━━━━ | 📊 TF: M5 | 📊 BUY XAUUSDm | 📌 เปิด: `4367.366` | 📌 ปิด: `4353.52` | 🛑 SL: `4353.516` | 🎯 TP: `4388.146` | 💬 เหตุผล: `[sl 4353.51600]` | 💸 P/L: `-13.85` USD | 🔖 Ticket: `4729374895` | 🕐 Close Time: `21:57:20 17/09/2026`
[2026-09-17 21:57:37] SYMBOL_CHECK | XAUUSDm trade_mode=4 xau_open=True | trade_mode=4 | tick_time=1789657058 | bid=4353.543 | ask=4353.803 | tick_ok=True | xau_open=True | current_symbol=XAUUSDm | startup=False
[2026-09-17 21:58:37] SYMBOL_CHECK | XAUUSDm trade_mode=4 xau_open=True | trade_mode=4 | tick_time=1789657118 | bid=4353.522 | ask=4353.782 | tick_ok=True | xau_open=True | current_symbol=XAUUSDm | startup=False
[2026-09-17 21:58:42] POSITION_CLOSED | 🛑 SL Hit | ticket=4728833720 | side=BUY | symbol=XAUUSDm | tf=M5 | sid=21 | pattern=- | trend_filter=- | open_price=4364.499000000001 | close_price=4352.85 | sl=4352.849 | tp=4610.319 | profit=-11.65 | reason=[sl 4352.849] | close_time=21:58:42 17/09/2026
[2026-09-17 21:58:42] POSITION_CLOSED | 🛑 SL Hit | ticket=4730000033 | side=BUY | symbol=XAUUSDm | tf=M5 | sid=21 | pattern=- | trend_filter=- | open_price=4372.253000000001 | close_price=4352.98 | sl=4352.977 | tp=4401.777 | profit=-19.27 | reason=[sl 4352.977] | close_time=21:58:41 17/09/2026
[2026-09-17 21:58:42] POSITION_CLOSED | 🛑 SL Hit | ticket=4730231698 | side=BUY | symbol=XAUUSDm | tf=M5 | sid=21 | pattern=- | trend_filter=- | open_price=4361.679 | close_price=4353.03 | sl=4353.029 | tp=4374.659 | profit=-8.65 | reason=[sl 4353.02900] | close_time=21:58:42 17/09/2026
[2026-09-17 21:58:42] POSITION_CLOSED | 🛑 SL Hit | ticket=4728833725 | side=BUY | symbol=XAUUSDm | tf=M5 | sid=21 | pattern=- | trend_filter=- | open_price=4364.499000000001 | close_price=4352.85 | sl=4352.849 | tp=4457.699 | profit=-11.65 | reason=[sl 4352.849] | close_time=21:58:42 17/09/2026
[2026-09-17 21:58:43] TG_SENT | 🟢 *🛑 SL Hit* | ━━━━━━━━━━━━━━━━━ | 📊 TF: M5 | 📊 BUY XAUUSDm | 📌 เปิด: `4364.499000000001` | 📌 ปิด: `4352.85` | 🛑 SL: `4352.849` | 🎯 TP: `4610.319` | 💬 เหตุผล: `[sl 4352.849]` | 💸 P/L: `-11.65` USD | 🔖 Ticket: `4728833720` | 🕐 Close Time: `21:58:42 17/09/2026`
[2026-09-17 21:58:47] TG_SENT | 🟢 *🛑 SL Hit* | ━━━━━━━━━━━━━━━━━ | 📊 TF: M5 | 📊 BUY XAUUSDm | 📌 เปิด: `4372.253000000001` | 📌 ปิด: `4352.98` | 🛑 SL: `4352.977` | 🎯 TP: `4401.777` | 💬 เหตุผล: `[sl 4352.977]` | 💸 P/L: `-19.27` USD | 🔖 Ticket: `4730000033` | 🕐 Close Time: `21:58:41 17/09/2026`
[2026-09-17 21:58:51] TG_SENT | 🟢 *🛑 SL Hit* | ━━━━━━━━━━━━━━━━━ | 📊 TF: M5 | 📊 BUY XAUUSDm | 📌 เปิด: `4361.679` | 📌 ปิด: `4353.03` | 🛑 SL: `4353.029` | 🎯 TP: `4374.659` | 💬 เหตุผล: `[sl 4353.02900]` | 💸 P/L: `-8.65` USD | 🔖 Ticket: `4730231698` | 🕐 Close Time: `21:58:42 17/09/2026`
[2026-09-17 21:58:52] POSITION_CLOSED | 🛑 SL Hit | ticket=4728833729 | side=BUY | symbol=XAUUSDm | tf=M5 | sid=21 | pattern=- | trend_filter=- | open_price=4364.499000000001 | close_price=4352.11 | sl=4352.109 | tp=4451.229 | profit=-12.39 | reason=[sl 4352.109] | close_time=21:58:49 17/09/2026
[2026-09-17 21:58:55] TG_SENT | 🟢 *🛑 SL Hit* | ━━━━━━━━━━━━━━━━━ | 📊 TF: M5 | 📊 BUY XAUUSDm | 📌 เปิด: `4364.499000000001` | 📌 ปิด: `4352.85` | 🛑 SL: `4352.849` | 🎯 TP: `4457.699` | 💬 เหตุผล: `[sl 4352.849]` | 💸 P/L: `-11.65` USD | 🔖 Ticket: `4728833725` | 🕐 Close Time: `21:58:42 17/09/2026`
[2026-09-17 21:58:59] TG_SENT | 🟢 *🛑 SL Hit* | ━━━━━━━━━━━━━━━━━ | 📊 TF: M5 | 📊 BUY XAUUSDm | 📌 เปิด: `4364.499000000001` | 📌 ปิด: `4352.11` | 🛑 SL: `4352.109` | 🎯 TP: `4451.229` | 💬 เหตุผล: `[sl 4352.109]` | 💸 P/L: `-12.39` USD | 🔖 Ticket: `4728833729` | 🕐 Close Time: `21:58:49 17/09/2026`
[2026-09-17 21:59:37] SYMBOL_CHECK | XAUUSDm trade_mode=4 xau_open=True | trade_mode=4 | tick_time=1789657177 | bid=4353.654 | ask=4353.914 | tick_ok=True | xau_open=True | current_symbol=XAUUSDm | startup=False
[2026-09-17 21:59:37] DEMO_PORTFOLIO_SCAN | XAUUSDm open active=P18,S101,S102,S105,S106,S111,LTS_EVOLUTION9,LTS_SCREEN13
[2026-09-17 21:59:38] DEMO_PORTFOLIO_SIGNAL | P18-D BUY sl=4346.254 tp=4365.4039999999995 success=True ticket=4730347369 err=None
[2026-09-17 21:59:38] DEMO_PORTFOLIO_SIGNAL | LTS_SCREEN13_13 BUY lot=0.01 sl=4350.4400000000005 tp=4378.2 rd=3.47 weight=1.000 scale=1.00 h=21 success=True ticket=4730347390 err=None
[2026-09-17 21:59:38] DEMO_PORTFOLIO_SCAN | XAUUSDm done active=P18,S101,S102,S105,S106,S111,LTS_EVOLUTION9,LTS_SCREEN13
[2026-09-17 21:59:39] TG_SENT | 📡 *👑 18-Way Hybrid* | Leg: `S37 S/R Pivot` (`D`) | 🟢 BUY @ market | SL `4346.25` TP `4365.40` | Ticket: `4730347369`
[2026-09-17 21:59:43] TG_SENT | [AF SIGNAL] *📐 LTS_SCREEN13* | Leg: `LTS_SCREEN13_13 DIRECT_S419_M5` | BUY @ market lot `0.01` | SL `4350.44` TP `4378.20` | RD `3.47` H`21` | Weight `x1.000` Scale `1.00` | Ticket: `4730347390`
[2026-09-17 22:00:37] SYMBOL_CHECK | XAUUSDm trade_mode=4 xau_open=True | trade_mode=4 | tick_time=1789657238 | bid=4352.372 | ask=4352.632 | tick_ok=True | xau_open=True | current_symbol=XAUUSDm | startup=False
[2026-09-17 22:01:37] SYMBOL_CHECK | XAUUSDm trade_mode=4 xau_open=True | trade_mode=4 | tick_time=1789657298 | bid=4351.928 | ask=4352.188 | tick_ok=True | xau_open=True | current_symbol=XAUUSDm | startup=False
[2026-09-17 22:02:37] SYMBOL_CHECK | XAUUSDm trade_mode=4 xau_open=True | trade_mode=4 | tick_time=1789657357 | bid=4353.896 | ask=4354.156 | tick_ok=True | xau_open=True | current_symbol=XAUUSDm | startup=False
[2026-09-17 22:03:36] SYMBOL_CHECK | XAUUSDm trade_mode=4 xau_open=True | trade_mode=4 | tick_time=1789657418 | bid=4357.034 | ask=4357.294 | tick_ok=True | xau_open=True | current_symbol=XAUUSDm | startup=False
[2026-09-17 22:04:38] SYMBOL_CHECK | XAUUSDm trade_mode=4 xau_open=True | trade_mode=4 | tick_time=1789657478 | bid=4355.751 | ask=4356.011 | tick_ok=True | xau_open=True | current_symbol=XAUUSDm | startup=False
[2026-09-17 22:04:38] DEMO_PORTFOLIO_SCAN | XAUUSDm open active=P18,S101,S102,S105,S106,S111,LTS_EVOLUTION9,LTS_SCREEN13
[2026-09-17 22:04:38] DEMO_PORTFOLIO_SIGNAL | LTS_SCREEN13_13 BUY lot=0.01 sl=4349.524 tp=4402.3240000000005 rd=6.60 weight=1.000 scale=1.00 h=22 success=True ticket=4730385941 err=None
[2026-09-17 22:04:38] DEMO_PORTFOLIO_SCAN | XAUUSDm done active=P18,S101,S102,S105,S106,S111,LTS_EVOLUTION9,LTS_SCREEN13
[2026-09-17 22:04:39] TG_SENT | [AF SIGNAL] *📐 LTS_SCREEN13* | Leg: `LTS_SCREEN13_13 DIRECT_S419_M5` | BUY @ market lot `0.01` | SL `4349.52` TP `4402.32` | RD `6.60` H`22` | Weight `x1.000` Scale `1.00` | Ticket: `4730385941`
[2026-09-17 22:05:36] SYMBOL_CHECK | XAUUSDm trade_mode=4 xau_open=True | trade_mode=4 | tick_time=1789657537 | bid=4358.194 | ask=4358.454 | tick_ok=True | xau_open=True | current_symbol=XAUUSDm | startup=False
[2026-09-17 22:06:37] SYMBOL_CHECK | XAUUSDm trade_mode=4 xau_open=True | trade_mode=4 | tick_time=1789657598 | bid=4357.787 | ask=4358.047 | tick_ok=True | xau_open=True | current_symbol=XAUUSDm | startup=False
[2026-09-17 22:07:37] SYMBOL_CHECK | XAUUSDm trade_mode=4 xau_open=True | trade_mode=4 | tick_time=1789657657 | bid=4357.405 | ask=4357.665 | tick_ok=True | xau_open=True | current_symbol=XAUUSDm | startup=False
[2026-09-17 22:08:37] SYMBOL_CHECK | XAUUSDm trade_mode=4 xau_open=True | trade_mode=4 | tick_time=1789657717 | bid=4356.43 | ask=4356.69 | tick_ok=True | xau_open=True | current_symbol=XAUUSDm | startup=False
[2026-09-17 22:09:37] SYMBOL_CHECK | XAUUSDm trade_mode=4 xau_open=True | trade_mode=4 | tick_time=1789657778 | bid=4356.265 | ask=4356.525 | tick_ok=True | xau_open=True | current_symbol=XAUUSDm | startup=False
[2026-09-17 22:09:37] DEMO_PORTFOLIO_SCAN | XAUUSDm open active=P18,S101,S102,S105,S106,S111,LTS_EVOLUTION9,LTS_SCREEN13
[2026-09-17 22:09:38] DEMO_PORTFOLIO_SIGNAL | LTS_SCREEN13_13 BUY lot=0.01 sl=4349.494999999999 tp=4405.734999999999 rd=7.03 weight=1.000 scale=1.00 h=22 success=True ticket=4730416562 err=None
[2026-09-17 22:09:38] DEMO_PORTFOLIO_SCAN | XAUUSDm done active=P18,S101,S102,S105,S106,S111,LTS_EVOLUTION9,LTS_SCREEN13
[2026-09-17 22:09:39] TG_SENT | [AF SIGNAL] *📐 LTS_SCREEN13* | Leg: `LTS_SCREEN13_13 DIRECT_S419_M5` | BUY @ market lot `0.01` | SL `4349.49` TP `4405.73` | RD `7.03` H`22` | Weight `x1.000` Scale `1.00` | Ticket: `4730416562`
[2026-09-17 22:10:37] SYMBOL_CHECK | XAUUSDm trade_mode=4 xau_open=True | trade_mode=4 | tick_time=1789657838 | bid=4356.715 | ask=4356.975 | tick_ok=True | xau_open=True | current_symbol=XAUUSDm | startup=False
[2026-09-17 22:11:36] SYMBOL_CHECK | XAUUSDm trade_mode=4 xau_open=True | trade_mode=4 | tick_time=1789657898 | bid=4354.334 | ask=4354.594 | tick_ok=True | xau_open=True | current_symbol=XAUUSDm | startup=False
[2026-09-17 22:12:37] SYMBOL_CHECK | XAUUSDm trade_mode=4 xau_open=True | trade_mode=4 | tick_time=1789657957 | bid=4357.041 | ask=4357.301 | tick_ok=True | xau_open=True | current_symbol=XAUUSDm | startup=False
[2026-09-17 22:13:37] SYMBOL_CHECK | XAUUSDm trade_mode=4 xau_open=True | trade_mode=4 | tick_time=1789658018 | bid=4359.404 | ask=4359.664 | tick_ok=True | xau_open=True | current_symbol=XAUUSDm | startup=False
[2026-09-17 22:14:37] SYMBOL_CHECK | XAUUSDm trade_mode=4 xau_open=True | trade_mode=4 | tick_time=1789658077 | bid=4361.438 | ask=4361.698 | tick_ok=True | xau_open=True | current_symbol=XAUUSDm | startup=False
[2026-09-17 22:14:37] DEMO_PORTFOLIO_SCAN | XAUUSDm open active=P18,S101,S102,S105,S106,S111,LTS_EVOLUTION9,LTS_SCREEN13
[2026-09-17 22:14:38] DEMO_PORTFOLIO_SKIP | P18-D BUY skipped — 3 positions already open (cap=3)
[2026-09-17 22:14:38] DEMO_PORTFOLIO_SIGNAL | LTS_SCREEN13_13 BUY lot=0.01 sl=4351.862000000001 tp=4429.622 rd=9.72 weight=1.000 scale=1.00 h=22 success=True ticket=4730458146 err=None
[2026-09-17 22:14:38] DEMO_PORTFOLIO_SCAN | XAUUSDm done active=P18,S101,S102,S105,S106,S111,LTS_EVOLUTION9,LTS_SCREEN13
[2026-09-17 22:14:39] TG_SENT | [AF SIGNAL] *📐 LTS_SCREEN13* | Leg: `LTS_SCREEN13_13 DIRECT_S419_M5` | BUY @ market lot `0.01` | SL `4351.86` TP `4429.62` | RD `9.72` H`22` | Weight `x1.000` Scale `1.00` | Ticket: `4730458146`
[2026-09-17 22:15:38] SYMBOL_CHECK | XAUUSDm trade_mode=4 xau_open=True | trade_mode=4 | tick_time=1789658138 | bid=4360.452 | ask=4360.712 | tick_ok=True | xau_open=True | current_symbol=XAUUSDm | startup=False
[2026-09-17 22:16:37] SYMBOL_CHECK | XAUUSDm trade_mode=4 xau_open=True | trade_mode=4 | tick_time=1789658197 | bid=4362.573 | ask=4362.833 | tick_ok=True | xau_open=True | current_symbol=XAUUSDm | startup=False
[2026-09-17 22:17:36] SYMBOL_CHECK | XAUUSDm trade_mode=4 xau_open=True | trade_mode=4 | tick_time=1789658258 | bid=4362.79 | ask=4363.05 | tick_ok=True | xau_open=True | current_symbol=XAUUSDm | startup=False
[2026-09-17 22:18:36] SYMBOL_CHECK | XAUUSDm trade_mode=4 xau_open=True | trade_mode=4 | tick_time=1789658318 | bid=4363.709 | ask=4363.969 | tick_ok=True | xau_open=True | current_symbol=XAUUSDm | startup=False
[2026-09-17 22:19:36] SYMBOL_CHECK | XAUUSDm trade_mode=4 xau_open=True | trade_mode=4 | tick_time=1789658378 | bid=4363.544 | ask=4363.804 | tick_ok=True | xau_open=True | current_symbol=XAUUSDm | startup=False
[2026-09-17 22:19:36] DEMO_PORTFOLIO_SCAN | XAUUSDm open active=P18,S101,S102,S105,S106,S111,LTS_EVOLUTION9,LTS_SCREEN13
[2026-09-17 22:19:37] DEMO_PORTFOLIO_SKIP | P18-D BUY skipped — 3 positions already open (cap=3)
[2026-09-17 22:19:37] DEMO_PORTFOLIO_SIGNAL | LTS_SCREEN13_13 BUY lot=0.01 sl=4351.814 tp=4447.734 rd=11.99 weight=1.000 scale=1.00 h=22 success=True ticket=4730496851 err=None
[2026-09-17 22:19:37] DEMO_PORTFOLIO_SCAN | XAUUSDm done active=P18,S101,S102,S105,S106,S111,LTS_EVOLUTION9,LTS_SCREEN13
[2026-09-17 22:19:38] TG_SENT | [AF SIGNAL] *📐 LTS_SCREEN13* | Leg: `LTS_SCREEN13_13 DIRECT_S419_M5` | BUY @ market lot `0.01` | SL `4351.81` TP `4447.73` | RD `11.99` H`22` | Weight `x1.000` Scale `1.00` | Ticket: `4730496851`
[2026-09-17 22:20:37] SYMBOL_CHECK | XAUUSDm trade_mode=4 xau_open=True | trade_mode=4 | tick_time=1789658438 | bid=4361.433 | ask=4361.693 | tick_ok=True | xau_open=True | current_symbol=XAUUSDm | startup=False
[2026-09-17 22:21:36] SYMBOL_CHECK | XAUUSDm trade_mode=4 xau_open=True | trade_mode=4 | tick_time=1789658498 | bid=4362.659 | ask=4362.919 | tick_ok=True | xau_open=True | current_symbol=XAUUSDm | startup=False
[2026-09-17 22:22:37] SYMBOL_CHECK | XAUUSDm trade_mode=4 xau_open=True | trade_mode=4 | tick_time=1789658557 | bid=4361.839 | ask=4362.099 | tick_ok=True | xau_open=True | current_symbol=XAUUSDm | startup=False
[2026-09-17 22:23:36] SYMBOL_CHECK | XAUUSDm trade_mode=4 xau_open=True | trade_mode=4 | tick_time=1789658618 | bid=4362.29 | ask=4362.55 | tick_ok=True | xau_open=True | current_symbol=XAUUSDm | startup=False
[2026-09-17 22:24:36] SYMBOL_CHECK | XAUUSDm trade_mode=4 xau_open=True | trade_mode=4 | tick_time=1789658677 | bid=4361.212 | ask=4361.472 | tick_ok=True | xau_open=True | current_symbol=XAUUSDm | startup=False
[2026-09-17 22:24:36] DEMO_PORTFOLIO_SCAN | XAUUSDm open active=P18,S101,S102,S105,S106,S111,LTS_EVOLUTION9,LTS_SCREEN13
[2026-09-17 22:24:36] DEMO_PORTFOLIO_SKIP | P18-D BUY skipped — 3 positions already open (cap=3)
[2026-09-17 22:24:37] DEMO_PORTFOLIO_SIGNAL | LTS_SCREEN13_13 BUY lot=0.01 sl=4358.621999999999 tp=4381.422 rd=2.85 weight=1.000 scale=1.00 h=22 success=True ticket=4730522312 err=None
[2026-09-17 22:24:37] DEMO_PORTFOLIO_SCAN | XAUUSDm done active=P18,S101,S102,S105,S106,S111,LTS_EVOLUTION9,LTS_SCREEN13
[2026-09-17 22:24:38] TG_SENT | [AF SIGNAL] *📐 LTS_SCREEN13* | Leg: `LTS_SCREEN13_13 DIRECT_S419_M5` | BUY @ market lot `0.01` | SL `4358.62` TP `4381.42` | RD `2.85` H`22` | Weight `x1.000` Scale `1.00` | Ticket: `4730522312`
[2026-09-17 22:25:38] SYMBOL_CHECK | XAUUSDm trade_mode=4 xau_open=True | trade_mode=4 | tick_time=1789658738 | bid=4362.248 | ask=4362.508 | tick_ok=True | xau_open=True | current_symbol=XAUUSDm | startup=False
[2026-09-17 22:26:22] POSITION_CLOSED | 🛑 SL Hit | ticket=4730522312 | side=BUY | symbol=XAUUSDm | tf=M5 | sid=21 | pattern=- | trend_filter=- | open_price=4361.472000000001 | close_price=4358.62 | sl=4358.622 | tp=4381.422 | profit=-2.85 | reason=[sl 4358.622] | close_time=22:26:22 17/09/2026
[2026-09-17 22:26:23] TG_SENT | 🟢 *🛑 SL Hit* | ━━━━━━━━━━━━━━━━━ | 📊 TF: M5 | 📊 BUY XAUUSDm | 📌 เปิด: `4361.472000000001` | 📌 ปิด: `4358.62` | 🛑 SL: `4358.622` | 🎯 TP: `4381.422` | 💬 เหตุผล: `[sl 4358.622]` | 💸 P/L: `-2.85` USD | 🔖 Ticket: `4730522312` | 🕐 Close Time: `22:26:22 17/09/2026`
[2026-09-17 22:26:36] SYMBOL_CHECK | XAUUSDm trade_mode=4 xau_open=True | trade_mode=4 | tick_time=1789658798 | bid=4357.205 | ask=4357.465 | tick_ok=True | xau_open=True | current_symbol=XAUUSDm | startup=False
[2026-09-17 22:27:37] SYMBOL_CHECK | XAUUSDm trade_mode=4 xau_open=True | trade_mode=4 | tick_time=1789658857 | bid=4357.325 | ask=4357.585 | tick_ok=True | xau_open=True | current_symbol=XAUUSDm | startup=False
[2026-09-17 22:28:36] SYMBOL_CHECK | XAUUSDm trade_mode=4 xau_open=True | trade_mode=4 | tick_time=1789658917 | bid=4357.683 | ask=4357.943 | tick_ok=True | xau_open=True | current_symbol=XAUUSDm | startup=False
[2026-09-17 22:29:36] SYMBOL_CHECK | XAUUSDm trade_mode=4 xau_open=True | trade_mode=4 | tick_time=1789658978 | bid=4357.953 | ask=4358.213 | tick_ok=True | xau_open=True | current_symbol=XAUUSDm | startup=False
[2026-09-17 22:29:36] DEMO_PORTFOLIO_SCAN | XAUUSDm open active=P18,S101,S102,S105,S106,S111,LTS_EVOLUTION9,LTS_SCREEN13
[2026-09-17 22:29:37] DEMO_PORTFOLIO_SIGNAL | LTS_SCREEN13_13 BUY lot=0.01 sl=4355.013 tp=4380.613 rd=3.20 weight=1.000 scale=1.00 h=22 success=True ticket=4730558762 err=None
[2026-09-17 22:29:37] DEMO_PORTFOLIO_SCAN | XAUUSDm done active=P18,S101,S102,S105,S106,S111,LTS_EVOLUTION9,LTS_SCREEN13
[2026-09-17 22:29:38] TG_SENT | [AF SIGNAL] *📐 LTS_SCREEN13* | Leg: `LTS_SCREEN13_13 DIRECT_S419_M5` | BUY @ market lot `0.01` | SL `4355.01` TP `4380.61` | RD `3.20` H`22` | Weight `x1.000` Scale `1.00` | Ticket: `4730558762`
[2026-09-17 22:30:36] SYMBOL_CHECK | XAUUSDm trade_mode=4 xau_open=True | trade_mode=4 | tick_time=1789659038 | bid=4357.948 | ask=4358.208 | tick_ok=True | xau_open=True | current_symbol=XAUUSDm | startup=False
[2026-09-17 22:31:36] SYMBOL_CHECK | XAUUSDm trade_mode=4 xau_open=True | trade_mode=4 | tick_time=1789659098 | bid=4357.48 | ask=4357.74 | tick_ok=True | xau_open=True | current_symbol=XAUUSDm | startup=False
[2026-09-17 22:32:36] SYMBOL_CHECK | XAUUSDm trade_mode=4 xau_open=True | trade_mode=4 | tick_time=1789659158 | bid=4356.857 | ask=4357.117 | tick_ok=True | xau_open=True | current_symbol=XAUUSDm | startup=False
[2026-09-17 22:33:37] SYMBOL_CHECK | XAUUSDm trade_mode=4 xau_open=True | trade_mode=4 | tick_time=1789659218 | bid=4356.765 | ask=4357.025 | tick_ok=True | xau_open=True | current_symbol=XAUUSDm | startup=False
[2026-09-17 22:34:37] SYMBOL_CHECK | XAUUSDm trade_mode=4 xau_open=True | trade_mode=4 | tick_time=1789659277 | bid=4357.695 | ask=4357.955 | tick_ok=True | xau_open=True | current_symbol=XAUUSDm | startup=False
[2026-09-17 22:34:37] DEMO_PORTFOLIO_SCAN | XAUUSDm open active=P18,S101,S102,S105,S106,S111,LTS_EVOLUTION9,LTS_SCREEN13
[2026-09-17 22:34:37] DEMO_PORTFOLIO_SKIP | P18-D BUY skipped — 3 positions already open (cap=3)
[2026-09-17 22:34:37] DEMO_PORTFOLIO_SIGNAL | P18-F BUY sl=4345.525 tp=4376.605 success=True ticket=4730584521 err=None
[2026-09-17 22:34:37] DEMO_PORTFOLIO_SIGNAL | LTS_SCREEN13_13 BUY lot=0.01 sl=4354.229 tp=4384.309 rd=3.76 weight=1.000 scale=1.00 h=22 success=True ticket=4730584537 err=None
[2026-09-17 22:34:37] DEMO_PORTFOLIO_SCAN | XAUUSDm done active=P18,S101,S102,S105,S106,S111,LTS_EVOLUTION9,LTS_SCREEN13
[2026-09-17 22:34:38] TG_SENT | 📡 *👑 18-Way Hybrid* | Leg: `S39 Demand/Supply` (`F`) | 🟢 BUY @ market | SL `4345.52` TP `4376.60` | Ticket: `4730584521`
[2026-09-17 22:34:42] TG_SENT | [AF SIGNAL] *📐 LTS_SCREEN13* | Leg: `LTS_SCREEN13_13 DIRECT_S419_M5` | BUY @ market lot `0.01` | SL `4354.23` TP `4384.31` | RD `3.76` H`22` | Weight `x1.000` Scale `1.00` | Ticket: `4730584537`
[2026-09-17 22:35:38] SYMBOL_CHECK | XAUUSDm trade_mode=4 xau_open=True | trade_mode=4 | tick_time=1789659338 | bid=4360.749 | ask=4361.009 | tick_ok=True | xau_open=True | current_symbol=XAUUSDm | startup=False
[2026-09-17 22:36:36] SYMBOL_CHECK | XAUUSDm trade_mode=4 xau_open=True | trade_mode=4 | tick_time=1789659398 | bid=4360.809 | ask=4361.069 | tick_ok=True | xau_open=True | current_symbol=XAUUSDm | startup=False
[2026-09-17 22:37:37] SYMBOL_CHECK | XAUUSDm trade_mode=4 xau_open=True | trade_mode=4 | tick_time=1789659457 | bid=4362.149 | ask=4362.409 | tick_ok=True | xau_open=True | current_symbol=XAUUSDm | startup=False
[2026-09-17 22:38:38] SYMBOL_CHECK | XAUUSDm trade_mode=4 xau_open=True | trade_mode=4 | tick_time=1789659517 | bid=4362.997 | ask=4363.257 | tick_ok=True | xau_open=True | current_symbol=XAUUSDm | startup=False
[2026-09-17 22:40:28] APP_START | Bot starting | symbol=XAUUSD | scan_interval=1
[2026-09-17 22:40:29] SYMBOL_RESOLVED | XAUUSD -> XAUUSDm | requested=XAUUSD | resolved=XAUUSDm
[2026-09-17 22:40:29] SYMBOL_CHECK | XAUUSDm trade_mode=4 xau_open=True | trade_mode=4 | tick_time=1789659629 | bid=4363.445 | ask=4363.705 | tick_ok=True | xau_open=True | current_symbol=XAUUSDm | startup=True
[2026-09-17 22:40:30] TG_SENT | ✅ *MT5 เชื่อมต่อสำเร็จ!* | ━━━━━━━━━━━━━━━━━ | 🤖 Bot เริ่มทำงาน | 💰 Account: `433881786` | 📊 Balance: `18932.51` | 📈 SYMBOL: `XAUUSDm` | ⏰ Scan ทุก 5 วินาที | 🕒 Time Mode: `MT5->BKK +6` | 🕒 MT5 Server: `UTC+1` | 🕒 Display: `BKK` | 📋 Strategy:  | 🕐 TF: M1, M5, M15, M30, H1, H4, H12, D1 |  | ♻️ *Restore state สำเร็จ* | 🗂 Saved at: `2026-09-17 22:39:22` | 📦 pending map: `0` | 📍 position tf: `0` | 📝 entry state: `0` | 📐 trail state: `0`
[2026-09-17 22:40:38] SYMBOL_CHECK | XAUUSDm trade_mode=4 xau_open=True | trade_mode=4 | tick_time=1789659638 | bid=4364.331 | ask=4364.591 | tick_ok=True | xau_open=True | current_symbol=XAUUSDm | startup=False
[2026-09-17 22:41:38] SYMBOL_CHECK | XAUUSDm trade_mode=4 xau_open=True | trade_mode=4 | tick_time=1789659697 | bid=4364.488 | ask=4364.748 | tick_ok=True | xau_open=True | current_symbol=XAUUSDm | startup=False
[2026-09-17 22:42:08] POSITION_CLOSED | 🎯 TP Hit | ticket=4730347369 | side=BUY | symbol=XAUUSDm | tf=M5 | sid=21 | pattern=- | trend_filter=- | open_price=4353.914000000001 | close_price=4365.4 | sl=4346.254 | tp=4365.404 | profit=11.49 | reason=[tp 4365.40400] | close_time=21:42:06 17/09/2026
[2026-09-17 22:42:08] TG_SENT | 🟢 *🎯 TP Hit* | ━━━━━━━━━━━━━━━━━ | 📊 TF: M5 | 📊 BUY XAUUSDm | 📌 เปิด: `4353.914000000001` | 📌 ปิด: `4365.4` | 🛑 SL: `4346.254` | 🎯 TP: `4365.404` | 💬 เหตุผล: `[tp 4365.40400]` | 💰 P/L: `11.49` USD | 🔖 Ticket: `4730347369` | 🕐 Close Time: `21:42:06 17/09/2026`
[2026-09-17 22:42:38] SYMBOL_CHECK | XAUUSDm trade_mode=4 xau_open=True | trade_mode=4 | tick_time=1789659757 | bid=4364.051 | ask=4364.311 | tick_ok=True | xau_open=True | current_symbol=XAUUSDm | startup=False
[2026-09-17 22:43:38] SYMBOL_CHECK | XAUUSDm trade_mode=4 xau_open=True | trade_mode=4 | tick_time=1789659818 | bid=4364.246 | ask=4364.506 | tick_ok=True | xau_open=True | current_symbol=XAUUSDm | startup=False
[2026-09-17 22:43:38] DEMO_PORTFOLIO_SCAN | XAUUSDm open active=P18,S101,S102,S105,S106,S111,LTS_EVOLUTION9,LTS_SCREEN13
[2026-09-17 22:43:38] DEMO_PORTFOLIO_SIGNAL | P18-D BUY sl=4354.726 tp=4379.176 success=True ticket=4730647399 err=None
[2026-09-17 22:43:40] DEMO_PORTFOLIO_SIGNAL | LTS_SCREEN13_13 BUY lot=0.01 sl=4356.2570000000005 tp=4421.697 rd=8.18 weight=1.000 scale=1.00 h=21 success=True ticket=4730647500 err=None
[2026-09-17 22:43:40] DEMO_PORTFOLIO_SCAN | XAUUSDm done active=P18,S101,S102,S105,S106,S111,LTS_EVOLUTION9,LTS_SCREEN13
[2026-09-17 22:43:41] TG_SENT | 📡 *👑 18-Way Hybrid* | Leg: `S37 S/R Pivot` (`D`) | 🟢 BUY @ market | SL `4354.73` TP `4379.18` | Ticket: `4730647399`
[2026-09-17 22:43:45] TG_SENT | [AF SIGNAL] *📐 LTS_SCREEN13* | Leg: `LTS_SCREEN13_13 DIRECT_S419_M5` | BUY @ market lot `0.01` | SL `4356.26` TP `4421.70` | RD `8.18` H`21` | Weight `x1.000` Scale `1.00` | Ticket: `4730647500`
[2026-09-17 22:44:38] SYMBOL_CHECK | XAUUSDm trade_mode=4 xau_open=True | trade_mode=4 | tick_time=1789659878 | bid=4366.815 | ask=4367.075 | tick_ok=True | xau_open=True | current_symbol=XAUUSDm | startup=False
[2026-09-17 22:45:38] SYMBOL_CHECK | XAUUSDm trade_mode=4 xau_open=True | trade_mode=4 | tick_time=1789659938 | bid=4365.753 | ask=4366.013 | tick_ok=True | xau_open=True | current_symbol=XAUUSDm | startup=False
[2026-09-17 22:46:37] SYMBOL_CHECK | XAUUSDm trade_mode=4 xau_open=True | trade_mode=4 | tick_time=1789659997 | bid=4366.012 | ask=4366.272 | tick_ok=True | xau_open=True | current_symbol=XAUUSDm | startup=False
[2026-09-17 22:47:37] SYMBOL_CHECK | XAUUSDm trade_mode=4 xau_open=True | trade_mode=4 | tick_time=1789660058 | bid=4363.77 | ask=4364.03 | tick_ok=True | xau_open=True | current_symbol=XAUUSDm | startup=False
[2026-09-17 22:48:38] SYMBOL_CHECK | XAUUSDm trade_mode=4 xau_open=True | trade_mode=4 | tick_time=1789660117 | bid=4365.681 | ask=4365.941 | tick_ok=True | xau_open=True | current_symbol=XAUUSDm | startup=False
[2026-09-17 22:48:38] DEMO_PORTFOLIO_SCAN | XAUUSDm open active=P18,S101,S102,S105,S106,S111,LTS_EVOLUTION9,LTS_SCREEN13
[2026-09-17 22:48:38] DEMO_PORTFOLIO_SKIP | P18-D BUY skipped — 3 positions already open (cap=3)
[2026-09-17 22:48:38] DEMO_PORTFOLIO_SIGNAL | LTS_SCREEN13_13 BUY lot=0.01 sl=4360.794 tp=4399.914 rd=4.89 weight=1.000 scale=1.00 h=22 success=True ticket=4730677711 err=None
[2026-09-17 22:48:38] DEMO_PORTFOLIO_SCAN | XAUUSDm done active=P18,S101,S102,S105,S106,S111,LTS_EVOLUTION9,LTS_SCREEN13
[2026-09-17 22:48:39] TG_SENT | [AF SIGNAL] *📐 LTS_SCREEN13* | Leg: `LTS_SCREEN13_13 DIRECT_S419_M5` | BUY @ market lot `0.01` | SL `4360.79` TP `4399.91` | RD `4.89` H`22` | Weight `x1.000` Scale `1.00` | Ticket: `4730677711`
[2026-09-17 22:49:37] SYMBOL_CHECK | XAUUSDm trade_mode=4 xau_open=True | trade_mode=4 | tick_time=1789660178 | bid=4365.669 | ask=4365.929 | tick_ok=True | xau_open=True | current_symbol=XAUUSDm | startup=False
[2026-09-17 22:50:37] SYMBOL_CHECK | XAUUSDm trade_mode=4 xau_open=True | trade_mode=4 | tick_time=1789660238 | bid=4364.108 | ask=4364.368 | tick_ok=True | xau_open=True | current_symbol=XAUUSDm | startup=False
[2026-09-17 22:51:38] SYMBOL_CHECK | XAUUSDm trade_mode=4 xau_open=True | trade_mode=4 | tick_time=1789660298 | bid=4365.881 | ask=4366.141 | tick_ok=True | xau_open=True | current_symbol=XAUUSDm | startup=False
[2026-09-17 22:52:38] SYMBOL_CHECK | XAUUSDm trade_mode=4 xau_open=True | trade_mode=4 | tick_time=1789660358 | bid=4366.807 | ask=4367.067 | tick_ok=True | xau_open=True | current_symbol=XAUUSDm | startup=False
[2026-09-17 22:53:37] SYMBOL_CHECK | XAUUSDm trade_mode=4 xau_open=True | trade_mode=4 | tick_time=1789660418 | bid=4366.906 | ask=4367.166 | tick_ok=True | xau_open=True | current_symbol=XAUUSDm | startup=False
[2026-09-17 22:53:37] DEMO_PORTFOLIO_SCAN | XAUUSDm open active=P18,S101,S102,S105,S106,S111,LTS_EVOLUTION9,LTS_SCREEN13
[2026-09-17 22:53:37] DEMO_PORTFOLIO_SIGNAL | LTS_SCREEN13_13 BUY lot=0.01 sl=4362.086 tp=4402.726000000001 rd=5.08 weight=1.000 scale=1.00 h=22 success=True ticket=4730703074 err=None
[2026-09-17 22:53:37] DEMO_PORTFOLIO_SCAN | XAUUSDm done active=P18,S101,S102,S105,S106,S111,LTS_EVOLUTION9,LTS_SCREEN13
[2026-09-17 22:53:38] TG_SENT | [AF SIGNAL] *📐 LTS_SCREEN13* | Leg: `LTS_SCREEN13_13 DIRECT_S419_M5` | BUY @ market lot `0.01` | SL `4362.09` TP `4402.73` | RD `5.08` H`22` | Weight `x1.000` Scale `1.00` | Ticket: `4730703074`
[2026-09-17 22:54:36] SYMBOL_CHECK | XAUUSDm trade_mode=4 xau_open=True | trade_mode=4 | tick_time=1789660478 | bid=4365.678 | ask=4365.938 | tick_ok=True | xau_open=True | current_symbol=XAUUSDm | startup=False
[2026-09-17 22:55:38] SYMBOL_CHECK | XAUUSDm trade_mode=4 xau_open=True | trade_mode=4 | tick_time=1789660538 | bid=4366.165 | ask=4366.425 | tick_ok=True | xau_open=True | current_symbol=XAUUSDm | startup=False
[2026-09-17 22:56:36] SYMBOL_CHECK | XAUUSDm trade_mode=4 xau_open=True | trade_mode=4 | tick_time=1789660598 | bid=4365.454 | ask=4365.714 | tick_ok=True | xau_open=True | current_symbol=XAUUSDm | startup=False
[2026-09-17 22:57:37] SYMBOL_CHECK | XAUUSDm trade_mode=4 xau_open=True | trade_mode=4 | tick_time=1789660658 | bid=4366.693 | ask=4366.953 | tick_ok=True | xau_open=True | current_symbol=XAUUSDm | startup=False
[2026-09-17 22:58:38] SYMBOL_CHECK | XAUUSDm trade_mode=4 xau_open=True | trade_mode=4 | tick_time=1789660718 | bid=4368.339 | ask=4368.599 | tick_ok=True | xau_open=True | current_symbol=XAUUSDm | startup=False
[2026-09-17 22:58:38] DEMO_PORTFOLIO_SCAN | XAUUSDm open active=P18,S101,S102,S105,S106,S111,LTS_EVOLUTION9,LTS_SCREEN13
[2026-09-17 22:58:38] DEMO_PORTFOLIO_SIGNAL | LTS_SCREEN13_13 BUY lot=0.01 sl=4362.823 tp=4410.343 rd=5.94 weight=1.000 scale=1.00 h=22 success=True ticket=4730725013 err=None
[2026-09-17 22:58:38] DEMO_PORTFOLIO_SCAN | XAUUSDm done active=P18,S101,S102,S105,S106,S111,LTS_EVOLUTION9,LTS_SCREEN13
[2026-09-17 22:58:39] TG_SENT | [AF SIGNAL] *📐 LTS_SCREEN13* | Leg: `LTS_SCREEN13_13 DIRECT_S419_M5` | BUY @ market lot `0.01` | SL `4362.82` TP `4410.34` | RD `5.94` H`22` | Weight `x1.000` Scale `1.00` | Ticket: `4730725013`
[2026-09-17 22:59:38] SYMBOL_CHECK | XAUUSDm trade_mode=4 xau_open=True | trade_mode=4 | tick_time=1789660777 | bid=4369.493 | ask=4369.753 | tick_ok=True | xau_open=True | current_symbol=XAUUSDm | startup=False
[2026-09-17 22:59:59] DAILY_SUMMARY | sent | realized=-762.99 | count=253
[2026-09-17 23:00:00] TG_SENT | 📊 *สรุปผลประจำวัน — 2026-09-17* | ━━━━━━━━━━━━━━━━━ | 💼 Balance: `18944.00` | Equity: `19408.84` | 💸 Realized P/L: `-762.99` USD | 🔢 จำนวนไม้: `253` (✅37 / ❌216) | 🎯 Win Rate: `14.6%` | 📈 รวมกำไร: `816.36` | 📉 รวมขาดทุน: `-1579.35` | ⚙️ Auto: 🟢ON
[2026-09-17 23:00:37] SYMBOL_CHECK | XAUUSDm trade_mode=4 xau_open=True | trade_mode=4 | tick_time=1789660838 | bid=4369.415 | ask=4369.675 | tick_ok=True | xau_open=True | current_symbol=XAUUSDm | startup=False
[2026-09-17 23:01:37] SYMBOL_CHECK | XAUUSDm trade_mode=4 xau_open=True | trade_mode=4 | tick_time=1789660898 | bid=4372.107 | ask=4372.367 | tick_ok=True | xau_open=True | current_symbol=XAUUSDm | startup=False
[2026-09-17 23:02:37] SYMBOL_CHECK | XAUUSDm trade_mode=4 xau_open=True | trade_mode=4 | tick_time=1789660958 | bid=4370.825 | ask=4371.085 | tick_ok=True | xau_open=True | current_symbol=XAUUSDm | startup=False
[2026-09-17 23:03:38] SYMBOL_CHECK | XAUUSDm trade_mode=4 xau_open=True | trade_mode=4 | tick_time=1789661018 | bid=4370.805 | ask=4371.065 | tick_ok=True | xau_open=True | current_symbol=XAUUSDm | startup=False
[2026-09-17 23:03:38] DEMO_PORTFOLIO_SCAN | XAUUSDm open active=P18,S101,S102,S105,S106,S111,LTS_EVOLUTION9,LTS_SCREEN13
[2026-09-17 23:03:38] DEMO_PORTFOLIO_SIGNAL | P18-N BUY sl=4347.014999999999 tp=4419.164999999999 success=True ticket=4730761914 err=None
[2026-09-17 23:03:38] DEMO_PORTFOLIO_SIGNAL | LTS_SCREEN13_13 BUY lot=0.01 sl=4364.0160000000005 tp=4418.576 rd=6.82 weight=1.000 scale=1.00 h=23 success=True ticket=4730761925 err=None
[2026-09-17 23:03:38] DEMO_PORTFOLIO_SCAN | XAUUSDm done active=P18,S101,S102,S105,S106,S111,LTS_EVOLUTION9,LTS_SCREEN13
[2026-09-17 23:03:39] TG_SENT | 📡 *👑 18-Way Hybrid* | Leg: `S47 SuperTrend` (`N`) | 🟢 BUY @ market | SL `4347.01` TP `4419.16` | Ticket: `4730761914`
[2026-09-17 23:03:43] TG_SENT | [AF SIGNAL] *📐 LTS_SCREEN13* | Leg: `LTS_SCREEN13_13 DIRECT_S419_M5` | BUY @ market lot `0.01` | SL `4364.02` TP `4418.58` | RD `6.82` H`23` | Weight `x1.000` Scale `1.00` | Ticket: `4730761925`
[2026-09-17 23:04:38] SYMBOL_CHECK | XAUUSDm trade_mode=4 xau_open=True | trade_mode=4 | tick_time=1789661077 | bid=4368.961 | ask=4369.221 | tick_ok=True | xau_open=True | current_symbol=XAUUSDm | startup=False
[2026-09-17 23:05:38] SYMBOL_CHECK | XAUUSDm trade_mode=4 xau_open=True | trade_mode=4 | tick_time=1789661138 | bid=4370.755 | ask=4371.015 | tick_ok=True | xau_open=True | current_symbol=XAUUSDm | startup=False
[2026-09-17 23:06:38] SYMBOL_CHECK | XAUUSDm trade_mode=4 xau_open=True | trade_mode=4 | tick_time=1789661198 | bid=4369.358 | ask=4369.618 | tick_ok=True | xau_open=True | current_symbol=XAUUSDm | startup=False
[2026-09-17 23:07:38] SYMBOL_CHECK | XAUUSDm trade_mode=4 xau_open=True | trade_mode=4 | tick_time=1789661258 | bid=4368.697 | ask=4368.957 | tick_ok=True | xau_open=True | current_symbol=XAUUSDm | startup=False
[2026-09-17 23:08:38] SYMBOL_CHECK | XAUUSDm trade_mode=4 xau_open=True | trade_mode=4 | tick_time=1789661318 | bid=4368.486 | ask=4368.746 | tick_ok=True | xau_open=True | current_symbol=XAUUSDm | startup=False
[2026-09-17 23:08:38] DEMO_PORTFOLIO_SCAN | XAUUSDm open active=P18,S101,S102,S105,S106,S111,LTS_EVOLUTION9,LTS_SCREEN13
[2026-09-17 23:08:38] DEMO_PORTFOLIO_SIGNAL | LTS_SCREEN13_13 BUY lot=0.01 sl=4366.6900000000005 tp=4383.17 rd=2.06 weight=1.000 scale=1.00 h=23 success=True ticket=4730788377 err=None
[2026-09-17 23:08:38] DEMO_PORTFOLIO_SCAN | XAUUSDm done active=P18,S101,S102,S105,S106,S111,LTS_EVOLUTION9,LTS_SCREEN13
[2026-09-17 23:08:39] TG_SENT | [AF SIGNAL] *📐 LTS_SCREEN13* | Leg: `LTS_SCREEN13_13 DIRECT_S419_M5` | BUY @ market lot `0.01` | SL `4366.69` TP `4383.17` | RD `2.06` H`23` | Weight `x1.000` Scale `1.00` | Ticket: `4730788377`
[2026-09-17 23:09:38] SYMBOL_CHECK | XAUUSDm trade_mode=4 xau_open=True | trade_mode=4 | tick_time=1789661378 | bid=4369.311 | ask=4369.571 | tick_ok=True | xau_open=True | current_symbol=XAUUSDm | startup=False
[2026-09-17 23:10:36] SYMBOL_CHECK | XAUUSDm trade_mode=4 xau_open=True | trade_mode=4 | tick_time=1789661436 | bid=4368.807 | ask=4369.067 | tick_ok=True | xau_open=True | current_symbol=XAUUSDm | startup=False
[2026-09-17 23:11:38] SYMBOL_CHECK | XAUUSDm trade_mode=4 xau_open=True | trade_mode=4 | tick_time=1789661498 | bid=4369.144 | ask=4369.404 | tick_ok=True | xau_open=True | current_symbol=XAUUSDm | startup=False
[2026-09-17 23:12:38] SYMBOL_CHECK | XAUUSDm trade_mode=4 xau_open=True | trade_mode=4 | tick_time=1789661557 | bid=4368.784 | ask=4369.044 | tick_ok=True | xau_open=True | current_symbol=XAUUSDm | startup=False
[2026-09-17 23:13:37] SYMBOL_CHECK | XAUUSDm trade_mode=4 xau_open=True | trade_mode=4 | tick_time=1789661618 | bid=4367.931 | ask=4368.191 | tick_ok=True | xau_open=True | current_symbol=XAUUSDm | startup=False
[2026-09-17 23:13:37] DEMO_PORTFOLIO_SCAN | XAUUSDm open active=P18,S101,S102,S105,S106,S111,LTS_EVOLUTION9,LTS_SCREEN13
[2026-09-17 23:13:37] DEMO_PORTFOLIO_SIGNAL | LTS_SCREEN13_13 BUY lot=0.01 sl=4365.941 tp=4383.941 rd=2.25 weight=1.000 scale=1.00 h=23 success=True ticket=4730809967 err=None
[2026-09-17 23:13:37] DEMO_PORTFOLIO_SCAN | XAUUSDm done active=P18,S101,S102,S105,S106,S111,LTS_EVOLUTION9,LTS_SCREEN13
[2026-09-17 23:13:38] TG_SENT | [AF SIGNAL] *📐 LTS_SCREEN13* | Leg: `LTS_SCREEN13_13 DIRECT_S419_M5` | BUY @ market lot `0.01` | SL `4365.94` TP `4383.94` | RD `2.25` H`23` | Weight `x1.000` Scale `1.00` | Ticket: `4730809967`
[2026-09-17 23:14:37] SYMBOL_CHECK | XAUUSDm trade_mode=4 xau_open=True | trade_mode=4 | tick_time=1789661678 | bid=4367.452 | ask=4367.712 | tick_ok=True | xau_open=True | current_symbol=XAUUSDm | startup=False
[2026-09-17 23:15:37] SYMBOL_CHECK | XAUUSDm trade_mode=4 xau_open=True | trade_mode=4 | tick_time=1789661737 | bid=4368.308 | ask=4368.568 | tick_ok=True | xau_open=True | current_symbol=XAUUSDm | startup=False
[2026-09-17 23:16:07] POSITION_CLOSED | 🛑 SL Hit | ticket=4730788377 | side=BUY | symbol=XAUUSDm | tf=M5 | sid=21 | pattern=- | trend_filter=- | open_price=4368.75 | close_price=4366.69 | sl=4366.69 | tp=4383.17 | profit=-2.06 | reason=[sl 4366.69000] | close_time=23:16:05 17/09/2026
[2026-09-17 23:16:08] TG_SENT | 🟢 *🛑 SL Hit* | ━━━━━━━━━━━━━━━━━ | 📊 TF: M5 | 📊 BUY XAUUSDm | 📌 เปิด: `4368.75` | 📌 ปิด: `4366.69` | 🛑 SL: `4366.69` | 🎯 TP: `4383.17` | 💬 เหตุผล: `[sl 4366.69000]` | 💸 P/L: `-2.06` USD | 🔖 Ticket: `4730788377` | 🕐 Close Time: `23:16:05 17/09/2026`
[2026-09-17 23:16:38] SYMBOL_CHECK | XAUUSDm trade_mode=4 xau_open=True | trade_mode=4 | tick_time=1789661798 | bid=4367.028 | ask=4367.288 | tick_ok=True | xau_open=True | current_symbol=XAUUSDm | startup=False
[2026-09-17 23:17:38] SYMBOL_CHECK | XAUUSDm trade_mode=4 xau_open=True | trade_mode=4 | tick_time=1789661857 | bid=4367.094 | ask=4367.354 | tick_ok=True | xau_open=True | current_symbol=XAUUSDm | startup=False
[2026-09-17 23:18:37] SYMBOL_CHECK | XAUUSDm trade_mode=4 xau_open=True | trade_mode=4 | tick_time=1789661918 | bid=4366.734 | ask=4366.994 | tick_ok=True | xau_open=True | current_symbol=XAUUSDm | startup=False
[2026-09-17 23:18:38] DEMO_PORTFOLIO_SCAN | XAUUSDm open active=P18,S101,S102,S105,S106,S111,LTS_EVOLUTION9,LTS_SCREEN13
[2026-09-17 23:18:38] DEMO_PORTFOLIO_SIGNAL | LTS_SCREEN13_13 BUY lot=0.01 sl=4365.414 tp=4378.054 rd=1.58 weight=1.000 scale=1.00 h=23 success=True ticket=4730827139 err=None
[2026-09-17 23:18:38] DEMO_PORTFOLIO_SCAN | XAUUSDm done active=P18,S101,S102,S105,S106,S111,LTS_EVOLUTION9,LTS_SCREEN13
[2026-09-17 23:18:39] TG_SENT | [AF SIGNAL] *📐 LTS_SCREEN13* | Leg: `LTS_SCREEN13_13 DIRECT_S419_M5` | BUY @ market lot `0.01` | SL `4365.41` TP `4378.05` | RD `1.58` H`23` | Weight `x1.000` Scale `1.00` | Ticket: `4730827139`
[2026-09-17 23:19:16] POSITION_CLOSED | 🛑 SL Hit | ticket=4730809967 | side=BUY | symbol=XAUUSDm | tf=M5 | sid=21 | pattern=- | trend_filter=- | open_price=4368.191000000001 | close_price=4365.94 | sl=4365.941 | tp=4383.941 | profit=-2.25 | reason=[sl 4365.94100] | close_time=23:19:16 17/09/2026
[2026-09-17 23:19:16] TG_SENT | 🟢 *🛑 SL Hit* | ━━━━━━━━━━━━━━━━━ | 📊 TF: M5 | 📊 BUY XAUUSDm | 📌 เปิด: `4368.191000000001` | 📌 ปิด: `4365.94` | 🛑 SL: `4365.941` | 🎯 TP: `4383.941` | 💬 เหตุผล: `[sl 4365.94100]` | 💸 P/L: `-2.25` USD | 🔖 Ticket: `4730809967` | 🕐 Close Time: `23:19:16 17/09/2026`
[2026-09-17 23:19:37] SYMBOL_CHECK | XAUUSDm trade_mode=4 xau_open=True | trade_mode=4 | tick_time=1789661978 | bid=4367.554 | ask=4367.814 | tick_ok=True | xau_open=True | current_symbol=XAUUSDm | startup=False
[2026-09-17 23:20:37] SYMBOL_CHECK | XAUUSDm trade_mode=4 xau_open=True | trade_mode=4 | tick_time=1789662038 | bid=4366.844 | ask=4367.104 | tick_ok=True | xau_open=True | current_symbol=XAUUSDm | startup=False
[2026-09-17 23:21:38] SYMBOL_CHECK | XAUUSDm trade_mode=4 xau_open=True | trade_mode=4 | tick_time=1789662098 | bid=4366.84 | ask=4367.1 | tick_ok=True | xau_open=True | current_symbol=XAUUSDm | startup=False
[2026-09-17 23:22:38] SYMBOL_CHECK | XAUUSDm trade_mode=4 xau_open=True | trade_mode=4 | tick_time=1789662158 | bid=4366.848 | ask=4367.108 | tick_ok=True | xau_open=True | current_symbol=XAUUSDm | startup=False
[2026-09-17 23:23:37] SYMBOL_CHECK | XAUUSDm trade_mode=4 xau_open=True | trade_mode=4 | tick_time=1789662218 | bid=4367.948 | ask=4368.208 | tick_ok=True | xau_open=True | current_symbol=XAUUSDm | startup=False
[2026-09-17 23:23:37] DEMO_PORTFOLIO_SCAN | XAUUSDm open active=P18,S101,S102,S105,S106,S111,LTS_EVOLUTION9,LTS_SCREEN13
[2026-09-17 23:23:38] DEMO_PORTFOLIO_SIGNAL | LTS_SCREEN13_13 BUY lot=0.01 sl=4364.854 tp=4391.894 rd=3.38 weight=1.000 scale=1.00 h=23 success=True ticket=4730844773 err=None
[2026-09-17 23:23:38] DEMO_PORTFOLIO_SCAN | XAUUSDm done active=P18,S101,S102,S105,S106,S111,LTS_EVOLUTION9,LTS_SCREEN13
[2026-09-17 23:23:39] TG_SENT | [AF SIGNAL] *📐 LTS_SCREEN13* | Leg: `LTS_SCREEN13_13 DIRECT_S419_M5` | BUY @ market lot `0.01` | SL `4364.85` TP `4391.89` | RD `3.38` H`23` | Weight `x1.000` Scale `1.00` | Ticket: `4730844773`
[2026-09-17 23:24:36] SYMBOL_CHECK | XAUUSDm trade_mode=4 xau_open=True | trade_mode=4 | tick_time=1789662278 | bid=4368.5 | ask=4368.76 | tick_ok=True | xau_open=True | current_symbol=XAUUSDm | startup=False
[2026-09-17 23:25:38] SYMBOL_CHECK | XAUUSDm trade_mode=4 xau_open=True | trade_mode=4 | tick_time=1789662338 | bid=4367.475 | ask=4367.735 | tick_ok=True | xau_open=True | current_symbol=XAUUSDm | startup=False
[2026-09-17 23:25:57] POSITION_CLOSED | 🛑 SL Hit | ticket=4730827139 | side=BUY | symbol=XAUUSDm | tf=M5 | sid=21 | pattern=- | trend_filter=- | open_price=4366.994000000001 | close_price=4365.41 | sl=4365.414 | tp=4378.054 | profit=-1.58 | reason=[sl 4365.414] | close_time=23:25:54 17/09/2026
[2026-09-17 23:25:57] TG_SENT | 🟢 *🛑 SL Hit* | ━━━━━━━━━━━━━━━━━ | 📊 TF: M5 | 📊 BUY XAUUSDm | 📌 เปิด: `4366.994000000001` | 📌 ปิด: `4365.41` | 🛑 SL: `4365.414` | 🎯 TP: `4378.054` | 💬 เหตุผล: `[sl 4365.414]` | 💸 P/L: `-1.58` USD | 🔖 Ticket: `4730827139` | 🕐 Close Time: `23:25:54 17/09/2026`
[2026-09-17 23:26:03] POSITION_CLOSED | 🛑 SL Hit | ticket=4730844773 | side=BUY | symbol=XAUUSDm | tf=M5 | sid=21 | pattern=- | trend_filter=- | open_price=4368.134 | close_price=4364.85 | sl=4364.854 | tp=4391.894 | profit=-3.28 | reason=[sl 4364.85400] | close_time=23:26:01 17/09/2026
[2026-09-17 23:26:03] TG_SENT | 🟢 *🛑 SL Hit* | ━━━━━━━━━━━━━━━━━ | 📊 TF: M5 | 📊 BUY XAUUSDm | 📌 เปิด: `4368.134` | 📌 ปิด: `4364.85` | 🛑 SL: `4364.854` | 🎯 TP: `4391.894` | 💬 เหตุผล: `[sl 4364.85400]` | 💸 P/L: `-3.28` USD | 🔖 Ticket: `4730844773` | 🕐 Close Time: `23:26:01 17/09/2026`
[2026-09-17 23:26:13] POSITION_CLOSED | 🛑 SL Hit | ticket=4730761925 | side=BUY | symbol=XAUUSDm | tf=M5 | sid=21 | pattern=- | trend_filter=- | open_price=4370.836 | close_price=4364.02 | sl=4364.016 | tp=4418.576 | profit=-6.82 | reason=[sl 4364.01600] | close_time=23:26:08 17/09/2026
[2026-09-17 23:26:13] TG_SENT | 🟢 *🛑 SL Hit* | ━━━━━━━━━━━━━━━━━ | 📊 TF: M5 | 📊 BUY XAUUSDm | 📌 เปิด: `4370.836` | 📌 ปิด: `4364.02` | 🛑 SL: `4364.016` | 🎯 TP: `4418.576` | 💬 เหตุผล: `[sl 4364.01600]` | 💸 P/L: `-6.82` USD | 🔖 Ticket: `4730761925` | 🕐 Close Time: `23:26:08 17/09/2026`
[2026-09-17 23:26:37] SYMBOL_CHECK | XAUUSDm trade_mode=4 xau_open=True | trade_mode=4 | tick_time=1789662398 | bid=4365.098 | ask=4365.358 | tick_ok=True | xau_open=True | current_symbol=XAUUSDm | startup=False
[2026-09-17 23:27:37] SYMBOL_CHECK | XAUUSDm trade_mode=4 xau_open=True | trade_mode=4 | tick_time=1789662457 | bid=4364.375 | ask=4364.635 | tick_ok=True | xau_open=True | current_symbol=XAUUSDm | startup=False
[2026-09-17 23:28:38] SYMBOL_CHECK | XAUUSDm trade_mode=4 xau_open=True | trade_mode=4 | tick_time=1789662518 | bid=4366.535 | ask=4366.795 | tick_ok=True | xau_open=True | current_symbol=XAUUSDm | startup=False
[2026-09-17 23:28:38] DEMO_PORTFOLIO_SCAN | XAUUSDm open active=P18,S101,S102,S105,S106,S111,LTS_EVOLUTION9,LTS_SCREEN13
[2026-09-17 23:28:38] DEMO_PORTFOLIO_SIGNAL | LTS_SCREEN13_13 BUY lot=0.01 sl=4362.719 tp=4392.719 rd=3.75 weight=1.000 scale=1.00 h=23 success=True ticket=4730873783 err=None
[2026-09-17 23:28:38] DEMO_PORTFOLIO_SCAN | XAUUSDm done active=P18,S101,S102,S105,S106,S111,LTS_EVOLUTION9,LTS_SCREEN13
[2026-09-17 23:28:39] TG_SENT | [AF SIGNAL] *📐 LTS_SCREEN13* | Leg: `LTS_SCREEN13_13 DIRECT_S419_M5` | BUY @ market lot `0.01` | SL `4362.72` TP `4392.72` | RD `3.75` H`23` | Weight `x1.000` Scale `1.00` | Ticket: `4730873783`
[2026-09-17 23:29:37] SYMBOL_CHECK | XAUUSDm trade_mode=4 xau_open=True | trade_mode=4 | tick_time=1789662578 | bid=4367.347 | ask=4367.607 | tick_ok=True | xau_open=True | current_symbol=XAUUSDm | startup=False
[2026-09-17 23:30:38] SYMBOL_CHECK | XAUUSDm trade_mode=4 xau_open=True | trade_mode=4 | tick_time=1789662637 | bid=4366.046 | ask=4366.306 | tick_ok=True | xau_open=True | current_symbol=XAUUSDm | startup=False
[2026-09-17 23:31:37] SYMBOL_CHECK | XAUUSDm trade_mode=4 xau_open=True | trade_mode=4 | tick_time=1789662697 | bid=4365.062 | ask=4365.322 | tick_ok=True | xau_open=True | current_symbol=XAUUSDm | startup=False
[2026-09-17 23:32:08] POSITION_CLOSED | 🛑 SL Hit | ticket=4730725013 | side=BUY | symbol=XAUUSDm | tf=M5 | sid=21 | pattern=- | trend_filter=- | open_price=4368.763 | close_price=4362.82 | sl=4362.823 | tp=4410.343 | profit=-5.94 | reason=[sl 4362.82300] | close_time=23:32:07 17/09/2026
[2026-09-17 23:32:08] POSITION_CLOSED | 🛑 SL Hit | ticket=4730873783 | side=BUY | symbol=XAUUSDm | tf=M5 | sid=21 | pattern=- | trend_filter=- | open_price=4366.469 | close_price=4362.72 | sl=4362.719 | tp=4392.719 | profit=-3.75 | reason=[sl 4362.71900] | close_time=23:32:08 17/09/2026
[2026-09-17 23:32:08] TG_SENT | 🟢 *🛑 SL Hit* | ━━━━━━━━━━━━━━━━━ | 📊 TF: M5 | 📊 BUY XAUUSDm | 📌 เปิด: `4368.763` | 📌 ปิด: `4362.82` | 🛑 SL: `4362.823` | 🎯 TP: `4410.343` | 💬 เหตุผล: `[sl 4362.82300]` | 💸 P/L: `-5.94` USD | 🔖 Ticket: `4730725013` | 🕐 Close Time: `23:32:07 17/09/2026`
[2026-09-17 23:32:12] TG_SENT | 🟢 *🛑 SL Hit* | ━━━━━━━━━━━━━━━━━ | 📊 TF: M5 | 📊 BUY XAUUSDm | 📌 เปิด: `4366.469` | 📌 ปิด: `4362.72` | 🛑 SL: `4362.719` | 🎯 TP: `4392.719` | 💬 เหตุผล: `[sl 4362.71900]` | 💸 P/L: `-3.75` USD | 🔖 Ticket: `4730873783` | 🕐 Close Time: `23:32:08 17/09/2026`
[2026-09-17 23:32:37] SYMBOL_CHECK | XAUUSDm trade_mode=4 xau_open=True | trade_mode=4 | tick_time=1789662758 | bid=4363.143 | ask=4363.403 | tick_ok=True | xau_open=True | current_symbol=XAUUSDm | startup=False
[2026-09-17 23:32:48] POSITION_CLOSED | 🛑 SL Hit | ticket=4730703074 | side=BUY | symbol=XAUUSDm | tf=M5 | sid=21 | pattern=- | trend_filter=- | open_price=4367.166 | close_price=4362.09 | sl=4362.086 | tp=4402.726 | profit=-5.08 | reason=[sl 4362.08600] | close_time=23:32:45 17/09/2026
[2026-09-17 23:32:48] TG_SENT | 🟢 *🛑 SL Hit* | ━━━━━━━━━━━━━━━━━ | 📊 TF: M5 | 📊 BUY XAUUSDm | 📌 เปิด: `4367.166` | 📌 ปิด: `4362.09` | 🛑 SL: `4362.086` | 🎯 TP: `4402.726` | 💬 เหตุผล: `[sl 4362.08600]` | 💸 P/L: `-5.08` USD | 🔖 Ticket: `4730703074` | 🕐 Close Time: `23:32:45 17/09/2026`
[2026-09-17 23:33:37] SYMBOL_CHECK | XAUUSDm trade_mode=4 xau_open=True | trade_mode=4 | tick_time=1789662818 | bid=4360.541 | ask=4360.801 | tick_ok=True | xau_open=True | current_symbol=XAUUSDm | startup=False
[2026-09-17 23:33:37] DEMO_PORTFOLIO_SCAN | XAUUSDm open active=P18,S101,S102,S105,S106,S111,LTS_EVOLUTION9,LTS_SCREEN13
[2026-09-17 23:33:38] DEMO_PORTFOLIO_SIGNAL | LTS_SCREEN13_13 BUY lot=0.01 sl=4359.504 tp=4368.144 rd=1.08 weight=1.000 scale=1.00 h=23 success=True ticket=4730906004 err=None
[2026-09-17 23:33:38] DEMO_PORTFOLIO_SCAN | XAUUSDm done active=P18,S101,S102,S105,S106,S111,LTS_EVOLUTION9,LTS_SCREEN13
[2026-09-17 23:33:39] TG_SENT | [AF SIGNAL] *📐 LTS_SCREEN13* | Leg: `LTS_SCREEN13_13 DIRECT_S419_M5` | BUY @ market lot `0.01` | SL `4359.50` TP `4368.14` | RD `1.08` H`23` | Weight `x1.000` Scale `1.00` | Ticket: `4730906004`
[2026-09-17 23:33:42] POSITION_CLOSED | 🛑 SL Hit | ticket=4730677711 | side=BUY | symbol=XAUUSDm | tf=M5 | sid=21 | pattern=- | trend_filter=- | open_price=4365.684 | close_price=4360.79 | sl=4360.794 | tp=4399.914 | profit=-4.89 | reason=[sl 4360.79400] | close_time=23:33:39 17/09/2026
[2026-09-17 23:33:43] TG_SENT | 🟢 *🛑 SL Hit* | ━━━━━━━━━━━━━━━━━ | 📊 TF: M5 | 📊 BUY XAUUSDm | 📌 เปิด: `4365.684` | 📌 ปิด: `4360.79` | 🛑 SL: `4360.794` | 🎯 TP: `4399.914` | 💬 เหตุผล: `[sl 4360.79400]` | 💸 P/L: `-4.89` USD | 🔖 Ticket: `4730677711` | 🕐 Close Time: `23:33:39 17/09/2026`
[2026-09-17 23:34:07] POSITION_CLOSED | 🛑 SL Hit | ticket=4730906004 | side=BUY | symbol=XAUUSDm | tf=M5 | sid=21 | pattern=- | trend_filter=- | open_price=4360.915 | close_price=4358.87 | sl=4359.504 | tp=4368.144 | profit=-2.05 | reason=[sl 4359.50400] | close_time=23:34:05 17/09/2026
[2026-09-17 23:34:07] TG_SENT | 🟢 *🛑 SL Hit* | ━━━━━━━━━━━━━━━━━ | 📊 TF: M5 | 📊 BUY XAUUSDm | 📌 เปิด: `4360.915` | 📌 ปิด: `4358.87` | 🛑 SL: `4359.504` | 🎯 TP: `4368.144` | 💬 เหตุผล: `[sl 4359.50400]` | 💸 P/L: `-2.05` USD | 🔖 Ticket: `4730906004` | 🕐 Close Time: `23:34:05 17/09/2026`
[2026-09-17 23:34:38] SYMBOL_CHECK | XAUUSDm trade_mode=4 xau_open=True | trade_mode=4 | tick_time=1789662878 | bid=4358.42 | ask=4358.68 | tick_ok=True | xau_open=True | current_symbol=XAUUSDm | startup=False
[2026-09-17 23:35:38] SYMBOL_CHECK | XAUUSDm trade_mode=4 xau_open=True | trade_mode=4 | tick_time=1789662938 | bid=4359.558 | ask=4359.818 | tick_ok=True | xau_open=True | current_symbol=XAUUSDm | startup=False
[2026-09-17 23:36:38] SYMBOL_CHECK | XAUUSDm trade_mode=4 xau_open=True | trade_mode=4 | tick_time=1789662998 | bid=4359.502 | ask=4359.762 | tick_ok=True | xau_open=True | current_symbol=XAUUSDm | startup=False
[2026-09-17 23:37:38] SYMBOL_CHECK | XAUUSDm trade_mode=4 xau_open=True | trade_mode=4 | tick_time=1789663058 | bid=4360.065 | ask=4360.325 | tick_ok=True | xau_open=True | current_symbol=XAUUSDm | startup=False
[2026-09-17 23:38:38] SYMBOL_CHECK | XAUUSDm trade_mode=4 xau_open=True | trade_mode=4 | tick_time=1789663118 | bid=4358.32 | ask=4358.58 | tick_ok=True | xau_open=True | current_symbol=XAUUSDm | startup=False
[2026-09-17 23:38:38] DEMO_PORTFOLIO_SCAN | XAUUSDm open active=P18,S101,S102,S105,S106,S111,LTS_EVOLUTION9,LTS_SCREEN13
[2026-09-17 23:38:38] DEMO_PORTFOLIO_SIGNAL | LTS_SCREEN13_13 BUY lot=0.01 sl=4356.71 tp=4371.67 rd=1.87 weight=1.000 scale=1.00 h=23 success=True ticket=4730935147 err=None
[2026-09-17 23:38:38] DEMO_PORTFOLIO_SCAN | XAUUSDm done active=P18,S101,S102,S105,S106,S111,LTS_EVOLUTION9,LTS_SCREEN13
[2026-09-17 23:38:39] TG_SENT | [AF SIGNAL] *📐 LTS_SCREEN13* | Leg: `LTS_SCREEN13_13 DIRECT_S419_M5` | BUY @ market lot `0.01` | SL `4356.71` TP `4371.67` | RD `1.87` H`23` | Weight `x1.000` Scale `1.00` | Ticket: `4730935147`
[2026-09-17 23:39:38] SYMBOL_CHECK | XAUUSDm trade_mode=4 xau_open=True | trade_mode=4 | tick_time=1789663177 | bid=4360.151 | ask=4360.411 | tick_ok=True | xau_open=True | current_symbol=XAUUSDm | startup=False
[2026-09-17 23:40:37] SYMBOL_CHECK | XAUUSDm trade_mode=4 xau_open=True | trade_mode=4 | tick_time=1789663238 | bid=4359.751 | ask=4360.011 | tick_ok=True | xau_open=True | current_symbol=XAUUSDm | startup=False
[2026-09-17 23:41:37] SYMBOL_CHECK | XAUUSDm trade_mode=4 xau_open=True | trade_mode=4 | tick_time=1789663298 | bid=4359.152 | ask=4359.412 | tick_ok=True | xau_open=True | current_symbol=XAUUSDm | startup=False
[2026-09-17 23:42:37] SYMBOL_CHECK | XAUUSDm trade_mode=4 xau_open=True | trade_mode=4 | tick_time=1789663357 | bid=4359.168 | ask=4359.428 | tick_ok=True | xau_open=True | current_symbol=XAUUSDm | startup=False
[2026-09-17 23:43:37] SYMBOL_CHECK | XAUUSDm trade_mode=4 xau_open=True | trade_mode=4 | tick_time=1789663417 | bid=4357.745 | ask=4358.005 | tick_ok=True | xau_open=True | current_symbol=XAUUSDm | startup=False
[2026-09-17 23:43:37] DEMO_PORTFOLIO_SCAN | XAUUSDm open active=P18,S101,S102,S105,S106,S111,LTS_EVOLUTION9,LTS_SCREEN13
[2026-09-17 23:43:37] DEMO_PORTFOLIO_SIGNAL | LTS_SCREEN13_13 BUY lot=0.01 sl=4356.387000000001 tp=4368.5470000000005 rd=1.52 weight=1.000 scale=1.00 h=23 success=True ticket=4730954112 err=None
[2026-09-17 23:43:37] DEMO_PORTFOLIO_SCAN | XAUUSDm done active=P18,S101,S102,S105,S106,S111,LTS_EVOLUTION9,LTS_SCREEN13
[2026-09-17 23:43:38] TG_SENT | [AF SIGNAL] *📐 LTS_SCREEN13* | Leg: `LTS_SCREEN13_13 DIRECT_S419_M5` | BUY @ market lot `0.01` | SL `4356.39` TP `4368.55` | RD `1.52` H`23` | Weight `x1.000` Scale `1.00` | Ticket: `4730954112`
[2026-09-17 23:44:38] SYMBOL_CHECK | XAUUSDm trade_mode=4 xau_open=True | trade_mode=4 | tick_time=1789663477 | bid=4359.314 | ask=4359.574 | tick_ok=True | xau_open=True | current_symbol=XAUUSDm | startup=False
[2026-09-17 23:45:38] SYMBOL_CHECK | XAUUSDm trade_mode=4 xau_open=True | trade_mode=4 | tick_time=1789663538 | bid=4361.217 | ask=4361.477 | tick_ok=True | xau_open=True | current_symbol=XAUUSDm | startup=False
[2026-09-17 23:46:38] SYMBOL_CHECK | XAUUSDm trade_mode=4 xau_open=True | trade_mode=4 | tick_time=1789663597 | bid=4360.794 | ask=4361.054 | tick_ok=True | xau_open=True | current_symbol=XAUUSDm | startup=False
[2026-09-17 23:47:37] SYMBOL_CHECK | XAUUSDm trade_mode=4 xau_open=True | trade_mode=4 | tick_time=1789663657 | bid=4360.938 | ask=4361.198 | tick_ok=True | xau_open=True | current_symbol=XAUUSDm | startup=False
[2026-09-17 23:48:38] SYMBOL_CHECK | XAUUSDm trade_mode=4 xau_open=True | trade_mode=4 | tick_time=1789663718 | bid=4359.993 | ask=4360.253 | tick_ok=True | xau_open=True | current_symbol=XAUUSDm | startup=False
[2026-09-17 23:48:38] DEMO_PORTFOLIO_SCAN | XAUUSDm open active=P18,S101,S102,S105,S106,S111,LTS_EVOLUTION9,LTS_SCREEN13
[2026-09-17 23:48:38] DEMO_PORTFOLIO_SIGNAL | LTS_SCREEN13_13 BUY lot=0.01 sl=4356.403 tp=4387.2029999999995 rd=3.85 weight=1.000 scale=1.00 h=23 success=True ticket=4730975322 err=None
[2026-09-17 23:48:38] DEMO_PORTFOLIO_SCAN | XAUUSDm done active=P18,S101,S102,S105,S106,S111,LTS_EVOLUTION9,LTS_SCREEN13
[2026-09-17 23:48:39] TG_SENT | [AF SIGNAL] *📐 LTS_SCREEN13* | Leg: `LTS_SCREEN13_13 DIRECT_S419_M5` | BUY @ market lot `0.01` | SL `4356.40` TP `4387.20` | RD `3.85` H`23` | Weight `x1.000` Scale `1.00` | Ticket: `4730975322`
[2026-09-17 23:49:38] SYMBOL_CHECK | XAUUSDm trade_mode=4 xau_open=True | trade_mode=4 | tick_time=1789663778 | bid=4358.706 | ask=4358.966 | tick_ok=True | xau_open=True | current_symbol=XAUUSDm | startup=False
[2026-09-17 23:50:38] SYMBOL_CHECK | XAUUSDm trade_mode=4 xau_open=True | trade_mode=4 | tick_time=1789663838 | bid=4357.593 | ask=4357.853 | tick_ok=True | xau_open=True | current_symbol=XAUUSDm | startup=False
[2026-09-17 23:50:58] POSITION_CLOSED | 🛑 SL Hit | ticket=4730935147 | side=BUY | symbol=XAUUSDm | tf=M5 | sid=21 | pattern=- | trend_filter=- | open_price=4358.58 | close_price=4356.71 | sl=4356.71 | tp=4371.67 | profit=-1.87 | reason=[sl 4356.71000] | close_time=23:50:54 17/09/2026
[2026-09-17 23:50:58] TG_SENT | 🟢 *🛑 SL Hit* | ━━━━━━━━━━━━━━━━━ | 📊 TF: M5 | 📊 BUY XAUUSDm | 📌 เปิด: `4358.58` | 📌 ปิด: `4356.71` | 🛑 SL: `4356.71` | 🎯 TP: `4371.67` | 💬 เหตุผล: `[sl 4356.71000]` | 💸 P/L: `-1.87` USD | 🔖 Ticket: `4730935147` | 🕐 Close Time: `23:50:54 17/09/2026`
[2026-09-17 23:51:08] POSITION_CLOSED | 🛑 SL Hit | ticket=4730954112 | side=BUY | symbol=XAUUSDm | tf=M5 | sid=21 | pattern=- | trend_filter=- | open_price=4357.907 | close_price=4356.39 | sl=4356.387 | tp=4368.547 | profit=-1.52 | reason=[sl 4356.38700] | close_time=23:51:08 17/09/2026
[2026-09-17 23:51:08] POSITION_CLOSED | 🛑 SL Hit | ticket=4730975322 | side=BUY | symbol=XAUUSDm | tf=M5 | sid=21 | pattern=- | trend_filter=- | open_price=4360.253000000001 | close_price=4356.4 | sl=4356.403 | tp=4387.203 | profit=-3.85 | reason=[sl 4356.403] | close_time=23:51:08 17/09/2026
[2026-09-17 23:51:08] POSITION_CLOSED | 🛑 SL Hit | ticket=4730647500 | side=BUY | symbol=XAUUSDm | tf=M5 | sid=21 | pattern=- | trend_filter=- | open_price=4364.437 | close_price=4356.26 | sl=4356.257 | tp=4421.697 | profit=-8.18 | reason=[sl 4356.257] | close_time=23:51:07 17/09/2026
[2026-09-17 23:51:08] TG_SENT | 🟢 *🛑 SL Hit* | ━━━━━━━━━━━━━━━━━ | 📊 TF: M5 | 📊 BUY XAUUSDm | 📌 เปิด: `4357.907` | 📌 ปิด: `4356.39` | 🛑 SL: `4356.387` | 🎯 TP: `4368.547` | 💬 เหตุผล: `[sl 4356.38700]` | 💸 P/L: `-1.52` USD | 🔖 Ticket: `4730954112` | 🕐 Close Time: `23:51:08 17/09/2026`
[2026-09-17 23:51:12] TG_SENT | 🟢 *🛑 SL Hit* | ━━━━━━━━━━━━━━━━━ | 📊 TF: M5 | 📊 BUY XAUUSDm | 📌 เปิด: `4360.253000000001` | 📌 ปิด: `4356.4` | 🛑 SL: `4356.403` | 🎯 TP: `4387.203` | 💬 เหตุผล: `[sl 4356.403]` | 💸 P/L: `-3.85` USD | 🔖 Ticket: `4730975322` | 🕐 Close Time: `23:51:08 17/09/2026`
[2026-09-17 23:51:16] TG_SENT | 🟢 *🛑 SL Hit* | ━━━━━━━━━━━━━━━━━ | 📊 TF: M5 | 📊 BUY XAUUSDm | 📌 เปิด: `4364.437` | 📌 ปิด: `4356.26` | 🛑 SL: `4356.257` | 🎯 TP: `4421.697` | 💬 เหตุผล: `[sl 4356.257]` | 💸 P/L: `-8.18` USD | 🔖 Ticket: `4730647500` | 🕐 Close Time: `23:51:07 17/09/2026`
[2026-09-17 23:51:38] SYMBOL_CHECK | XAUUSDm trade_mode=4 xau_open=True | trade_mode=4 | tick_time=1789663898 | bid=4356.762 | ask=4357.022 | tick_ok=True | xau_open=True | current_symbol=XAUUSDm | startup=False
[2026-09-17 23:52:38] SYMBOL_CHECK | XAUUSDm trade_mode=4 xau_open=True | trade_mode=4 | tick_time=1789663958 | bid=4358.094 | ask=4358.354 | tick_ok=True | xau_open=True | current_symbol=XAUUSDm | startup=False
[2026-09-17 23:53:38] SYMBOL_CHECK | XAUUSDm trade_mode=4 xau_open=True | trade_mode=4 | tick_time=1789664018 | bid=4359.178 | ask=4359.438 | tick_ok=True | xau_open=True | current_symbol=XAUUSDm | startup=False
[2026-09-17 23:53:38] DEMO_PORTFOLIO_SCAN | XAUUSDm open active=P18,S101,S102,S105,S106,S111,LTS_EVOLUTION9,LTS_SCREEN13
[2026-09-17 23:53:38] DEMO_PORTFOLIO_SIGNAL | LTS_SCREEN13_13 BUY lot=0.01 sl=4355.068 tp=4390.028 rd=4.37 weight=1.000 scale=1.00 h=23 success=True ticket=4731003332 err=None
[2026-09-17 23:53:38] DEMO_PORTFOLIO_SCAN | XAUUSDm done active=P18,S101,S102,S105,S106,S111,LTS_EVOLUTION9,LTS_SCREEN13
[2026-09-17 23:53:39] TG_SENT | [AF SIGNAL] *📐 LTS_SCREEN13* | Leg: `LTS_SCREEN13_13 DIRECT_S419_M5` | BUY @ market lot `0.01` | SL `4355.07` TP `4390.03` | RD `4.37` H`23` | Weight `x1.000` Scale `1.00` | Ticket: `4731003332`
[2026-09-17 23:54:37] SYMBOL_CHECK | XAUUSDm trade_mode=4 xau_open=True | trade_mode=4 | tick_time=1789664077 | bid=4359.588 | ask=4359.848 | tick_ok=True | xau_open=True | current_symbol=XAUUSDm | startup=False
[2026-09-17 23:55:38] SYMBOL_CHECK | XAUUSDm trade_mode=4 xau_open=True | trade_mode=4 | tick_time=1789664138 | bid=4359.281 | ask=4359.541 | tick_ok=True | xau_open=True | current_symbol=XAUUSDm | startup=False
[2026-09-17 23:56:38] SYMBOL_CHECK | XAUUSDm trade_mode=4 xau_open=True | trade_mode=4 | tick_time=1789664198 | bid=4358.608 | ask=4358.868 | tick_ok=True | xau_open=True | current_symbol=XAUUSDm | startup=False
[2026-09-17 23:57:38] SYMBOL_CHECK | XAUUSDm trade_mode=4 xau_open=True | trade_mode=4 | tick_time=1789664258 | bid=4359.75 | ask=4360.01 | tick_ok=True | xau_open=True | current_symbol=XAUUSDm | startup=False
[2026-09-17 23:58:38] SYMBOL_CHECK | XAUUSDm trade_mode=4 xau_open=True | trade_mode=4 | tick_time=1789664318 | bid=4360.935 | ask=4361.195 | tick_ok=True | xau_open=True | current_symbol=XAUUSDm | startup=False
[2026-09-17 23:58:38] DEMO_PORTFOLIO_SCAN | XAUUSDm open active=P18,S101,S102,S105,S106,S111,LTS_EVOLUTION9,LTS_SCREEN13
[2026-09-17 23:58:38] DEMO_PORTFOLIO_SIGNAL | LTS_SCREEN13_13 BUY lot=0.01 sl=4354.8 tp=4403.4400000000005 rd=6.08 weight=1.000 scale=1.00 h=23 success=True ticket=4731033422 err=None
[2026-09-17 23:58:38] DEMO_PORTFOLIO_SCAN | XAUUSDm done active=P18,S101,S102,S105,S106,S111,LTS_EVOLUTION9,LTS_SCREEN13
[2026-09-17 23:58:39] TG_SENT | [AF SIGNAL] *📐 LTS_SCREEN13* | Leg: `LTS_SCREEN13_13 DIRECT_S419_M5` | BUY @ market lot `0.01` | SL `4354.80` TP `4403.44` | RD `6.08` H`23` | Weight `x1.000` Scale `1.00` | Ticket: `4731033422`
[2026-09-17 23:59:38] SYMBOL_CHECK | XAUUSDm trade_mode=4 xau_open=True | trade_mode=4 | tick_time=1789664378 | bid=4361.979 | ask=4362.239 | tick_ok=True | xau_open=True | current_symbol=XAUUSDm | startup=False
[2026-09-18 00:01:48] LOG_CLEANUP | ลบ log เก่าเกิน 7 วัน | trimmed=2 | deleted=2 | skipped=0
[2026-09-18 00:02:37] SYMBOL_CHECK | XAUUSDm trade_mode=4 xau_open=True | trade_mode=4 | tick_time=1789664558 | bid=4360.217 | ask=4360.477 | tick_ok=True | xau_open=True | current_symbol=XAUUSDm | startup=False
[2026-09-18 00:03:38] SYMBOL_CHECK | XAUUSDm trade_mode=4 xau_open=True | trade_mode=4 | tick_time=1789664618 | bid=4359.762 | ask=4360.022 | tick_ok=True | xau_open=True | current_symbol=XAUUSDm | startup=False
[2026-09-18 00:03:38] DEMO_PORTFOLIO_SCAN | XAUUSDm open active=P18,S101,S102,S105,S106,S111,LTS_EVOLUTION9,LTS_SCREEN13
[2026-09-18 00:03:38] DEMO_PORTFOLIO_SIGNAL | LTS_SCREEN13_13 BUY lot=0.01 sl=4354.771 tp=4397.731 rd=5.37 weight=1.000 scale=1.00 h=0 success=True ticket=4731068166 err=None
[2026-09-18 00:03:38] DEMO_PORTFOLIO_SCAN | XAUUSDm done active=P18,S101,S102,S105,S106,S111,LTS_EVOLUTION9,LTS_SCREEN13
[2026-09-18 00:03:39] TG_SENT | [AF SIGNAL] *📐 LTS_SCREEN13* | Leg: `LTS_SCREEN13_13 DIRECT_S419_M5` | BUY @ market lot `0.01` | SL `4354.77` TP `4397.73` | RD `5.37` H`0` | Weight `x1.000` Scale `1.00` | Ticket: `4731068166`
[2026-09-18 00:04:37] SYMBOL_CHECK | XAUUSDm trade_mode=4 xau_open=True | trade_mode=4 | tick_time=1789664678 | bid=4361.29 | ask=4361.55 | tick_ok=True | xau_open=True | current_symbol=XAUUSDm | startup=False
[2026-09-18 00:05:38] SYMBOL_CHECK | XAUUSDm trade_mode=4 xau_open=True | trade_mode=4 | tick_time=1789664738 | bid=4362.518 | ask=4362.778 | tick_ok=True | xau_open=True | current_symbol=XAUUSDm | startup=False
[2026-09-18 00:06:38] SYMBOL_CHECK | XAUUSDm trade_mode=4 xau_open=True | trade_mode=4 | tick_time=1789664798 | bid=4363.714 | ask=4363.974 | tick_ok=True | xau_open=True | current_symbol=XAUUSDm | startup=False
[2026-09-18 00:07:38] SYMBOL_CHECK | XAUUSDm trade_mode=4 xau_open=True | trade_mode=4 | tick_time=1789664858 | bid=4364.893 | ask=4365.153 | tick_ok=True | xau_open=True | current_symbol=XAUUSDm | startup=False
[2026-09-18 00:08:38] SYMBOL_CHECK | XAUUSDm trade_mode=4 xau_open=True | trade_mode=4 | tick_time=1789664918 | bid=4364.316 | ask=4364.576 | tick_ok=True | xau_open=True | current_symbol=XAUUSDm | startup=False
[2026-09-18 00:08:38] DEMO_PORTFOLIO_SCAN | XAUUSDm open active=P18,S101,S102,S105,S106,S111,LTS_EVOLUTION9,LTS_SCREEN13
[2026-09-18 00:08:38] DEMO_PORTFOLIO_SIGNAL | LTS_SCREEN13_13 BUY lot=0.01 sl=4357.317999999999 tp=4414.1179999999995 rd=7.10 weight=1.000 scale=1.00 h=0 success=True ticket=4731092339 err=None
[2026-09-18 00:08:38] DEMO_PORTFOLIO_SCAN | XAUUSDm done active=P18,S101,S102,S105,S106,S111,LTS_EVOLUTION9,LTS_SCREEN13
[2026-09-18 00:08:39] TG_SENT | [AF SIGNAL] *📐 LTS_SCREEN13* | Leg: `LTS_SCREEN13_13 DIRECT_S419_M5` | BUY @ market lot `0.01` | SL `4357.32` TP `4414.12` | RD `7.10` H`0` | Weight `x1.000` Scale `1.00` | Ticket: `4731092339`
[2026-09-18 00:09:38] SYMBOL_CHECK | XAUUSDm trade_mode=4 xau_open=True | trade_mode=4 | tick_time=1789664978 | bid=4363.898 | ask=4364.158 | tick_ok=True | xau_open=True | current_symbol=XAUUSDm | startup=False
[2026-09-18 00:10:38] SYMBOL_CHECK | XAUUSDm trade_mode=4 xau_open=True | trade_mode=4 | tick_time=1789665038 | bid=4363.155 | ask=4363.415 | tick_ok=True | xau_open=True | current_symbol=XAUUSDm | startup=False
[2026-09-18 00:11:37] SYMBOL_CHECK | XAUUSDm trade_mode=4 xau_open=True | trade_mode=4 | tick_time=1789665097 | bid=4363.181 | ask=4363.441 | tick_ok=True | xau_open=True | current_symbol=XAUUSDm | startup=False
[2026-09-18 00:12:38] SYMBOL_CHECK | XAUUSDm trade_mode=4 xau_open=True | trade_mode=4 | tick_time=1789665158 | bid=4361.69 | ask=4361.95 | tick_ok=True | xau_open=True | current_symbol=XAUUSDm | startup=False
[2026-09-18 00:13:37] SYMBOL_CHECK | XAUUSDm trade_mode=4 xau_open=True | trade_mode=4 | tick_time=1789665217 | bid=4363.145 | ask=4363.405 | tick_ok=True | xau_open=True | current_symbol=XAUUSDm | startup=False
[2026-09-18 00:13:37] DEMO_PORTFOLIO_SCAN | XAUUSDm open active=P18,S101,S102,S105,S106,S111,LTS_EVOLUTION9,LTS_SCREEN13
[2026-09-18 00:13:37] DEMO_PORTFOLIO_SIGNAL | LTS_SCREEN13_9 SELL lot=0.01 sl=4367.955 tp=4324.485 rd=4.83 weight=1.000 scale=1.00 h=0 success=True ticket=4731116825 err=None
[2026-09-18 00:13:37] DEMO_PORTFOLIO_SIGNAL | LTS_SCREEN13_13 BUY lot=0.01 sl=4359.675 tp=4389.3550000000005 rd=3.71 weight=1.000 scale=1.00 h=0 success=True ticket=4731116830 err=None
[2026-09-18 00:13:37] DEMO_PORTFOLIO_SCAN | XAUUSDm done active=P18,S101,S102,S105,S106,S111,LTS_EVOLUTION9,LTS_SCREEN13
[2026-09-18 00:13:38] TG_SENT | [AF SIGNAL] *📐 LTS_SCREEN13* | Leg: `LTS_SCREEN13_9 DIRECT_S418_M5` | SELL @ market lot `0.01` | SL `4367.95` TP `4324.48` | RD `4.83` H`0` | Weight `x1.000` Scale `1.00` | Ticket: `4731116825`
[2026-09-18 00:13:42] TG_SENT | [AF SIGNAL] *📐 LTS_SCREEN13* | Leg: `LTS_SCREEN13_13 DIRECT_S419_M5` | BUY @ market lot `0.01` | SL `4359.68` TP `4389.36` | RD `3.71` H`0` | Weight `x1.000` Scale `1.00` | Ticket: `4731116830`
[2026-09-18 00:14:37] SYMBOL_CHECK | XAUUSDm trade_mode=4 xau_open=True | trade_mode=4 | tick_time=1789665277 | bid=4362.473 | ask=4362.733 | tick_ok=True | xau_open=True | current_symbol=XAUUSDm | startup=False
[2026-09-18 00:15:37] SYMBOL_CHECK | XAUUSDm trade_mode=4 xau_open=True | trade_mode=4 | tick_time=1789665337 | bid=4362.676 | ask=4362.936 | tick_ok=True | xau_open=True | current_symbol=XAUUSDm | startup=False
[2026-09-18 00:16:38] SYMBOL_CHECK | XAUUSDm trade_mode=4 xau_open=True | trade_mode=4 | tick_time=1789665398 | bid=4360.551 | ask=4360.811 | tick_ok=True | xau_open=True | current_symbol=XAUUSDm | startup=False
[2026-09-18 00:16:58] POSITION_CLOSED | 🛑 SL Hit | ticket=4731116830 | side=BUY | symbol=XAUUSDm | tf=M5 | sid=21 | pattern=- | trend_filter=- | open_price=4363.439 | close_price=4359.68 | sl=4359.675 | tp=4389.355 | profit=-3.76 | reason=[sl 4359.675] | close_time=00:16:53 18/09/2026
[2026-09-18 00:16:58] TG_SENT | 🟢 *🛑 SL Hit* | ━━━━━━━━━━━━━━━━━ | 📊 TF: M5 | 📊 BUY XAUUSDm | 📌 เปิด: `4363.439` | 📌 ปิด: `4359.68` | 🛑 SL: `4359.675` | 🎯 TP: `4389.355` | 💬 เหตุผล: `[sl 4359.675]` | 💸 P/L: `-3.76` USD | 🔖 Ticket: `4731116830` | 🕐 Close Time: `00:16:53 18/09/2026`
[2026-09-18 00:17:36] TG_NETWORK_ERROR | httpx.ReadError:
[2026-09-18 00:17:38] SYMBOL_CHECK | XAUUSDm trade_mode=4 xau_open=True | trade_mode=4 | tick_time=1789665457 | bid=4360.484 | ask=4360.744 | tick_ok=True | xau_open=True | current_symbol=XAUUSDm | startup=False
[2026-09-18 00:18:38] SYMBOL_CHECK | XAUUSDm trade_mode=4 xau_open=True | trade_mode=4 | tick_time=1789665518 | bid=4359.7 | ask=4359.96 | tick_ok=True | xau_open=True | current_symbol=XAUUSDm | startup=False
[2026-09-18 00:18:38] DEMO_PORTFOLIO_SCAN | XAUUSDm open active=P18,S101,S102,S105,S106,S111,LTS_EVOLUTION9,LTS_SCREEN13
[2026-09-18 00:18:38] DEMO_PORTFOLIO_SIGNAL | LTS_SCREEN13_13 BUY lot=0.01 sl=4358.1359999999995 tp=4371.496 rd=1.67 weight=1.000 scale=1.00 h=0 success=True ticket=4731136699 err=None
[2026-09-18 00:18:38] DEMO_PORTFOLIO_SCAN | XAUUSDm done active=P18,S101,S102,S105,S106,S111,LTS_EVOLUTION9,LTS_SCREEN13
[2026-09-18 00:18:39] TG_SENT | [AF SIGNAL] *📐 LTS_SCREEN13* | Leg: `LTS_SCREEN13_13 DIRECT_S419_M5` | BUY @ market lot `0.01` | SL `4358.14` TP `4371.50` | RD `1.67` H`0` | Weight `x1.000` Scale `1.00` | Ticket: `4731136699`
[2026-09-18 00:19:38] SYMBOL_CHECK | XAUUSDm trade_mode=4 xau_open=True | trade_mode=4 | tick_time=1789665578 | bid=4360.353 | ask=4360.613 | tick_ok=True | xau_open=True | current_symbol=XAUUSDm | startup=False
[2026-09-18 00:20:37] SYMBOL_CHECK | XAUUSDm trade_mode=4 xau_open=True | trade_mode=4 | tick_time=1789665638 | bid=4360.781 | ask=4361.041 | tick_ok=True | xau_open=True | current_symbol=XAUUSDm | startup=False
[2026-09-18 00:21:38] SYMBOL_CHECK | XAUUSDm trade_mode=4 xau_open=True | trade_mode=4 | tick_time=1789665698 | bid=4360.418 | ask=4360.678 | tick_ok=True | xau_open=True | current_symbol=XAUUSDm | startup=False
[2026-09-18 00:22:38] SYMBOL_CHECK | XAUUSDm trade_mode=4 xau_open=True | trade_mode=4 | tick_time=1789665758 | bid=4360.618 | ask=4360.878 | tick_ok=True | xau_open=True | current_symbol=XAUUSDm | startup=False
[2026-09-18 00:23:37] SYMBOL_CHECK | XAUUSDm trade_mode=4 xau_open=True | trade_mode=4 | tick_time=1789665817 | bid=4359.841 | ask=4360.101 | tick_ok=True | xau_open=True | current_symbol=XAUUSDm | startup=False
[2026-09-18 00:23:38] DEMO_PORTFOLIO_SCAN | XAUUSDm open active=P18,S101,S102,S105,S106,S111,LTS_EVOLUTION9,LTS_SCREEN13
[2026-09-18 00:23:38] DEMO_PORTFOLIO_SIGNAL | LTS_SCREEN13_13 BUY lot=0.01 sl=4358.289999999999 tp=4372.849999999999 rd=1.82 weight=1.000 scale=1.00 h=0 success=True ticket=4731151979 err=None
[2026-09-18 00:23:38] DEMO_PORTFOLIO_SCAN | XAUUSDm done active=P18,S101,S102,S105,S106,S111,LTS_EVOLUTION9,LTS_SCREEN13
[2026-09-18 00:23:39] TG_SENT | [AF SIGNAL] *📐 LTS_SCREEN13* | Leg: `LTS_SCREEN13_13 DIRECT_S419_M5` | BUY @ market lot `0.01` | SL `4358.29` TP `4372.85` | RD `1.82` H`0` | Weight `x1.000` Scale `1.00` | Ticket: `4731151979`
[2026-09-18 00:24:18] POSITION_CLOSED | 🛑 SL Hit | ticket=4731151979 | side=BUY | symbol=XAUUSDm | tf=M5 | sid=21 | pattern=- | trend_filter=- | open_price=4360.110000000001 | close_price=4358.29 | sl=4358.29 | tp=4372.85 | profit=-1.82 | reason=[sl 4358.290] | close_time=00:24:17 18/09/2026
[2026-09-18 00:24:18] POSITION_CLOSED | 🛑 SL Hit | ticket=4731136699 | side=BUY | symbol=XAUUSDm | tf=M5 | sid=21 | pattern=- | trend_filter=- | open_price=4359.8060000000005 | close_price=4358.14 | sl=4358.136 | tp=4371.496 | profit=-1.67 | reason=[sl 4358.13600] | close_time=00:24:17 18/09/2026
[2026-09-18 00:24:18] TG_SENT | 🟢 *🛑 SL Hit* | ━━━━━━━━━━━━━━━━━ | 📊 TF: M5 | 📊 BUY XAUUSDm | 📌 เปิด: `4360.110000000001` | 📌 ปิด: `4358.29` | 🛑 SL: `4358.29` | 🎯 TP: `4372.85` | 💬 เหตุผล: `[sl 4358.290]` | 💸 P/L: `-1.82` USD | 🔖 Ticket: `4731151979` | 🕐 Close Time: `00:24:17 18/09/2026`
[2026-09-18 00:24:22] TG_SENT | 🟢 *🛑 SL Hit* | ━━━━━━━━━━━━━━━━━ | 📊 TF: M5 | 📊 BUY XAUUSDm | 📌 เปิด: `4359.8060000000005` | 📌 ปิด: `4358.14` | 🛑 SL: `4358.136` | 🎯 TP: `4371.496` | 💬 เหตุผล: `[sl 4358.13600]` | 💸 P/L: `-1.67` USD | 🔖 Ticket: `4731136699` | 🕐 Close Time: `00:24:17 18/09/2026`
[2026-09-18 00:24:38] SYMBOL_CHECK | XAUUSDm trade_mode=4 xau_open=True | trade_mode=4 | tick_time=1789665878 | bid=4359.51 | ask=4359.77 | tick_ok=True | xau_open=True | current_symbol=XAUUSDm | startup=False
[2026-09-18 00:25:37] SYMBOL_CHECK | XAUUSDm trade_mode=4 xau_open=True | trade_mode=4 | tick_time=1789665938 | bid=4361.849 | ask=4362.109 | tick_ok=True | xau_open=True | current_symbol=XAUUSDm | startup=False
[2026-09-18 00:26:38] SYMBOL_CHECK | XAUUSDm trade_mode=4 xau_open=True | trade_mode=4 | tick_time=1789665998 | bid=4361.112 | ask=4361.372 | tick_ok=True | xau_open=True | current_symbol=XAUUSDm | startup=False
[2026-09-18 00:27:37] SYMBOL_CHECK | XAUUSDm trade_mode=4 xau_open=True | trade_mode=4 | tick_time=1789666058 | bid=4361.482 | ask=4361.742 | tick_ok=True | xau_open=True | current_symbol=XAUUSDm | startup=False
[2026-09-18 00:28:37] SYMBOL_CHECK | XAUUSDm trade_mode=4 xau_open=True | trade_mode=4 | tick_time=1789666118 | bid=4360.51 | ask=4360.77 | tick_ok=True | xau_open=True | current_symbol=XAUUSDm | startup=False
[2026-09-18 00:28:37] DEMO_PORTFOLIO_SCAN | XAUUSDm open active=P18,S101,S102,S105,S106,S111,LTS_EVOLUTION9,LTS_SCREEN13
[2026-09-18 00:28:37] DEMO_PORTFOLIO_SIGNAL | LTS_SCREEN13_13 BUY lot=0.01 sl=4356.93 tp=4387.650000000001 rd=3.84 weight=1.000 scale=1.00 h=0 success=True ticket=4731177172 err=None
[2026-09-18 00:28:37] DEMO_PORTFOLIO_SCAN | XAUUSDm done active=P18,S101,S102,S105,S106,S111,LTS_EVOLUTION9,LTS_SCREEN13
[2026-09-18 00:28:38] TG_SENT | [AF SIGNAL] *📐 LTS_SCREEN13* | Leg: `LTS_SCREEN13_13 DIRECT_S419_M5` | BUY @ market lot `0.01` | SL `4356.93` TP `4387.65` | RD `3.84` H`0` | Weight `x1.000` Scale `1.00` | Ticket: `4731177172`
[2026-09-18 00:29:38] SYMBOL_CHECK | XAUUSDm trade_mode=4 xau_open=True | trade_mode=4 | tick_time=1789666178 | bid=4360.088 | ask=4360.348 | tick_ok=True | xau_open=True | current_symbol=XAUUSDm | startup=False
[2026-09-18 00:30:38] SYMBOL_CHECK | XAUUSDm trade_mode=4 xau_open=True | trade_mode=4 | tick_time=1789666238 | bid=4360.515 | ask=4360.775 | tick_ok=True | xau_open=True | current_symbol=XAUUSDm | startup=False
[2026-09-18 00:31:37] SYMBOL_CHECK | XAUUSDm trade_mode=4 xau_open=True | trade_mode=4 | tick_time=1789666298 | bid=4361.151 | ask=4361.411 | tick_ok=True | xau_open=True | current_symbol=XAUUSDm | startup=False
[2026-09-18 00:32:38] SYMBOL_CHECK | XAUUSDm trade_mode=4 xau_open=True | trade_mode=4 | tick_time=1789666358 | bid=4361.355 | ask=4361.615 | tick_ok=True | xau_open=True | current_symbol=XAUUSDm | startup=False
[2026-09-18 00:33:38] SYMBOL_CHECK | XAUUSDm trade_mode=4 xau_open=True | trade_mode=4 | tick_time=1789666418 | bid=4361.778 | ask=4362.038 | tick_ok=True | xau_open=True | current_symbol=XAUUSDm | startup=False
[2026-09-18 00:33:38] DEMO_PORTFOLIO_SCAN | XAUUSDm open active=P18,S101,S102,S105,S106,S111,LTS_EVOLUTION9,LTS_SCREEN13
[2026-09-18 00:33:38] DEMO_PORTFOLIO_SIGNAL | LTS_SCREEN13_9 SELL lot=0.01 sl=4366.427000000001 tp=4324.937 rd=4.61 weight=1.000 scale=1.00 h=0 success=True ticket=4731193164 err=None
[2026-09-18 00:33:38] DEMO_PORTFOLIO_SIGNAL | LTS_SCREEN13_13 BUY lot=0.01 sl=4358.247 tp=4388.887000000001 rd=3.83 weight=1.000 scale=1.00 h=0 success=True ticket=4731193170 err=None
[2026-09-18 00:33:38] DEMO_PORTFOLIO_SCAN | XAUUSDm done active=P18,S101,S102,S105,S106,S111,LTS_EVOLUTION9,LTS_SCREEN13
[2026-09-18 00:33:39] TG_SENT | [AF SIGNAL] *📐 LTS_SCREEN13* | Leg: `LTS_SCREEN13_9 DIRECT_S418_M5` | SELL @ market lot `0.01` | SL `4366.43` TP `4324.94` | RD `4.61` H`0` | Weight `x1.000` Scale `1.00` | Ticket: `4731193164`
[2026-09-18 00:33:43] TG_SENT | [AF SIGNAL] *📐 LTS_SCREEN13* | Leg: `LTS_SCREEN13_13 DIRECT_S419_M5` | BUY @ market lot `0.01` | SL `4358.25` TP `4388.89` | RD `3.83` H`0` | Weight `x1.000` Scale `1.00` | Ticket: `4731193170`
[2026-09-18 00:34:38] SYMBOL_CHECK | XAUUSDm trade_mode=4 xau_open=True | trade_mode=4 | tick_time=1789666476 | bid=4361.748 | ask=4362.008 | tick_ok=True | xau_open=True | current_symbol=XAUUSDm | startup=False
[2026-09-18 00:35:36] SYMBOL_CHECK | XAUUSDm trade_mode=4 xau_open=True | trade_mode=4 | tick_time=1789666538 | bid=4362.096 | ask=4362.356 | tick_ok=True | xau_open=True | current_symbol=XAUUSDm | startup=False
[2026-09-18 00:36:37] SYMBOL_CHECK | XAUUSDm trade_mode=4 xau_open=True | trade_mode=4 | tick_time=1789666598 | bid=4362.448 | ask=4362.708 | tick_ok=True | xau_open=True | current_symbol=XAUUSDm | startup=False
[2026-09-18 00:37:38] SYMBOL_CHECK | XAUUSDm trade_mode=4 xau_open=True | trade_mode=4 | tick_time=1789666658 | bid=4361.061 | ask=4361.321 | tick_ok=True | xau_open=True | current_symbol=XAUUSDm | startup=False
[2026-09-18 00:38:38] SYMBOL_CHECK | XAUUSDm trade_mode=4 xau_open=True | trade_mode=4 | tick_time=1789666718 | bid=4358.74 | ask=4359.0 | tick_ok=True | xau_open=True | current_symbol=XAUUSDm | startup=False
[2026-09-18 00:38:38] DEMO_PORTFOLIO_SCAN | XAUUSDm open active=P18,S101,S102,S105,S106,S111,LTS_EVOLUTION9,LTS_SCREEN13
[2026-09-18 00:38:38] DEMO_PORTFOLIO_SIGNAL | LTS_SCREEN13_13 BUY lot=0.01 sl=4357.451 tp=4368.571000000001 rd=1.39 weight=1.000 scale=1.00 h=0 success=True ticket=4731212162 err=None
[2026-09-18 00:38:38] DEMO_PORTFOLIO_SCAN | XAUUSDm done active=P18,S101,S102,S105,S106,S111,LTS_EVOLUTION9,LTS_SCREEN13
[2026-09-18 00:38:39] TG_SENT | [AF SIGNAL] *📐 LTS_SCREEN13* | Leg: `LTS_SCREEN13_13 DIRECT_S419_M5` | BUY @ market lot `0.01` | SL `4357.45` TP `4368.57` | RD `1.39` H`0` | Weight `x1.000` Scale `1.00` | Ticket: `4731212162`
[2026-09-18 00:39:28] POSITION_CLOSED | 🛑 SL Hit | ticket=4731193170 | side=BUY | symbol=XAUUSDm | tf=M5 | sid=21 | pattern=- | trend_filter=- | open_price=4362.077 | close_price=4358.25 | sl=4358.247 | tp=4388.887 | profit=-3.83 | reason=[sl 4358.24700] | close_time=00:39:25 18/09/2026
[2026-09-18 00:39:29] TG_SENT | 🟢 *🛑 SL Hit* | ━━━━━━━━━━━━━━━━━ | 📊 TF: M5 | 📊 BUY XAUUSDm | 📌 เปิด: `4362.077` | 📌 ปิด: `4358.25` | 🛑 SL: `4358.247` | 🎯 TP: `4388.887` | 💬 เหตุผล: `[sl 4358.24700]` | 💸 P/L: `-3.83` USD | 🔖 Ticket: `4731193170` | 🕐 Close Time: `00:39:25 18/09/2026`
[2026-09-18 00:39:37] SYMBOL_CHECK | XAUUSDm trade_mode=4 xau_open=True | trade_mode=4 | tick_time=1789666777 | bid=4357.984 | ask=4358.244 | tick_ok=True | xau_open=True | current_symbol=XAUUSDm | startup=False
[2026-09-18 00:40:38] SYMBOL_CHECK | XAUUSDm trade_mode=4 xau_open=True | trade_mode=4 | tick_time=1789666838 | bid=4359.279 | ask=4359.539 | tick_ok=True | xau_open=True | current_symbol=XAUUSDm | startup=False
[2026-09-18 00:41:38] SYMBOL_CHECK | XAUUSDm trade_mode=4 xau_open=True | trade_mode=4 | tick_time=1789666898 | bid=4359.908 | ask=4360.168 | tick_ok=True | xau_open=True | current_symbol=XAUUSDm | startup=False
[2026-09-18 00:42:38] SYMBOL_CHECK | XAUUSDm trade_mode=4 xau_open=True | trade_mode=4 | tick_time=1789666958 | bid=4360.617 | ask=4360.877 | tick_ok=True | xau_open=True | current_symbol=XAUUSDm | startup=False
[2026-09-18 00:43:38] SYMBOL_CHECK | XAUUSDm trade_mode=4 xau_open=True | trade_mode=4 | tick_time=1789667018 | bid=4359.965 | ask=4360.225 | tick_ok=True | xau_open=True | current_symbol=XAUUSDm | startup=False
[2026-09-18 00:43:38] DEMO_PORTFOLIO_SCAN | XAUUSDm open active=P18,S101,S102,S105,S106,S111,LTS_EVOLUTION9,LTS_SCREEN13
[2026-09-18 00:43:38] DEMO_PORTFOLIO_SIGNAL | LTS_SCREEN13_13 BUY lot=0.01 sl=4356.965 tp=4383.045 rd=3.26 weight=1.000 scale=1.00 h=0 success=True ticket=4731228855 err=None
[2026-09-18 00:43:38] DEMO_PORTFOLIO_SCAN | XAUUSDm done active=P18,S101,S102,S105,S106,S111,LTS_EVOLUTION9,LTS_SCREEN13
[2026-09-18 00:43:39] TG_SENT | [AF SIGNAL] *📐 LTS_SCREEN13* | Leg: `LTS_SCREEN13_13 DIRECT_S419_M5` | BUY @ market lot `0.01` | SL `4356.97` TP `4383.05` | RD `3.26` H`0` | Weight `x1.000` Scale `1.00` | Ticket: `4731228855`
[2026-09-18 00:44:38] SYMBOL_CHECK | XAUUSDm trade_mode=4 xau_open=True | trade_mode=4 | tick_time=1789667078 | bid=4360.462 | ask=4360.722 | tick_ok=True | xau_open=True | current_symbol=XAUUSDm | startup=False
[2026-09-18 00:45:38] SYMBOL_CHECK | XAUUSDm trade_mode=4 xau_open=True | trade_mode=4 | tick_time=1789667138 | bid=4360.036 | ask=4360.296 | tick_ok=True | xau_open=True | current_symbol=XAUUSDm | startup=False
[2026-09-18 00:46:38] SYMBOL_CHECK | XAUUSDm trade_mode=4 xau_open=True | trade_mode=4 | tick_time=1789667198 | bid=4360.343 | ask=4360.603 | tick_ok=True | xau_open=True | current_symbol=XAUUSDm | startup=False
[2026-09-18 00:47:37] SYMBOL_CHECK | XAUUSDm trade_mode=4 xau_open=True | trade_mode=4 | tick_time=1789667257 | bid=4360.317 | ask=4360.577 | tick_ok=True | xau_open=True | current_symbol=XAUUSDm | startup=False
[2026-09-18 00:48:38] SYMBOL_CHECK | XAUUSDm trade_mode=4 xau_open=True | trade_mode=4 | tick_time=1789667318 | bid=4359.061 | ask=4359.321 | tick_ok=True | xau_open=True | current_symbol=XAUUSDm | startup=False
[2026-09-18 00:48:38] DEMO_PORTFOLIO_SCAN | XAUUSDm open active=P18,S101,S102,S105,S106,S111,LTS_EVOLUTION9,LTS_SCREEN13
[2026-09-18 00:48:38] DEMO_PORTFOLIO_SIGNAL | LTS_SCREEN13_13 BUY lot=0.01 sl=4357.286999999999 tp=4373.1269999999995 rd=1.98 weight=1.000 scale=1.00 h=0 success=True ticket=4731244470 err=None
[2026-09-18 00:48:38] DEMO_PORTFOLIO_SCAN | XAUUSDm done active=P18,S101,S102,S105,S106,S111,LTS_EVOLUTION9,LTS_SCREEN13
[2026-09-18 00:48:39] TG_SENT | [AF SIGNAL] *📐 LTS_SCREEN13* | Leg: `LTS_SCREEN13_13 DIRECT_S419_M5` | BUY @ market lot `0.01` | SL `4357.29` TP `4373.13` | RD `1.98` H`0` | Weight `x1.000` Scale `1.00` | Ticket: `4731244470`
[2026-09-18 00:49:38] SYMBOL_CHECK | XAUUSDm trade_mode=4 xau_open=True | trade_mode=4 | tick_time=1789667377 | bid=4359.174 | ask=4359.434 | tick_ok=True | xau_open=True | current_symbol=XAUUSDm | startup=False
[2026-09-18 00:50:38] SYMBOL_CHECK | XAUUSDm trade_mode=4 xau_open=True | trade_mode=4 | tick_time=1789667437 | bid=4359.989 | ask=4360.249 | tick_ok=True | xau_open=True | current_symbol=XAUUSDm | startup=False
[2026-09-18 00:51:37] SYMBOL_CHECK | XAUUSDm trade_mode=4 xau_open=True | trade_mode=4 | tick_time=1789667496 | bid=4360.613 | ask=4360.873 | tick_ok=True | xau_open=True | current_symbol=XAUUSDm | startup=False
[2026-09-18 00:52:37] SYMBOL_CHECK | XAUUSDm trade_mode=4 xau_open=True | trade_mode=4 | tick_time=1789667558 | bid=4360.492 | ask=4360.752 | tick_ok=True | xau_open=True | current_symbol=XAUUSDm | startup=False
[2026-09-18 00:53:37] SYMBOL_CHECK | XAUUSDm trade_mode=4 xau_open=True | trade_mode=4 | tick_time=1789667618 | bid=4360.051 | ask=4360.311 | tick_ok=True | xau_open=True | current_symbol=XAUUSDm | startup=False
[2026-09-18 00:53:37] DEMO_PORTFOLIO_SCAN | XAUUSDm open active=P18,S101,S102,S105,S106,S111,LTS_EVOLUTION9,LTS_SCREEN13
[2026-09-18 00:53:37] DEMO_PORTFOLIO_SIGNAL | LTS_SCREEN13_13 BUY lot=0.01 sl=4357.700999999999 tp=4378.580999999999 rd=2.61 weight=1.000 scale=1.00 h=0 success=True ticket=4731257580 err=None
[2026-09-18 00:53:37] DEMO_PORTFOLIO_SCAN | XAUUSDm done active=P18,S101,S102,S105,S106,S111,LTS_EVOLUTION9,LTS_SCREEN13
[2026-09-18 00:53:38] TG_SENT | [AF SIGNAL] *📐 LTS_SCREEN13* | Leg: `LTS_SCREEN13_13 DIRECT_S419_M5` | BUY @ market lot `0.01` | SL `4357.70` TP `4378.58` | RD `2.61` H`0` | Weight `x1.000` Scale `1.00` | Ticket: `4731257580`
[2026-09-18 00:54:38] SYMBOL_CHECK | XAUUSDm trade_mode=4 xau_open=True | trade_mode=4 | tick_time=1789667677 | bid=4360.339 | ask=4360.599 | tick_ok=True | xau_open=True | current_symbol=XAUUSDm | startup=False
[2026-09-18 00:55:38] SYMBOL_CHECK | XAUUSDm trade_mode=4 xau_open=True | trade_mode=4 | tick_time=1789667737 | bid=4360.861 | ask=4361.121 | tick_ok=True | xau_open=True | current_symbol=XAUUSDm | startup=False
[2026-09-18 00:56:37] SYMBOL_CHECK | XAUUSDm trade_mode=4 xau_open=True | trade_mode=4 | tick_time=1789667798 | bid=4360.362 | ask=4360.622 | tick_ok=True | xau_open=True | current_symbol=XAUUSDm | startup=False
[2026-09-18 00:57:38] SYMBOL_CHECK | XAUUSDm trade_mode=4 xau_open=True | trade_mode=4 | tick_time=1789667858 | bid=4360.487 | ask=4360.747 | tick_ok=True | xau_open=True | current_symbol=XAUUSDm | startup=False
[2026-09-18 00:58:37] SYMBOL_CHECK | XAUUSDm trade_mode=4 xau_open=True | trade_mode=4 | tick_time=1789667917 | bid=4361.557 | ask=4361.817 | tick_ok=True | xau_open=True | current_symbol=XAUUSDm | startup=False
[2026-09-18 00:58:37] DEMO_PORTFOLIO_SCAN | XAUUSDm open active=P18,S101,S102,S105,S106,S111,LTS_EVOLUTION9,LTS_SCREEN13
[2026-09-18 00:58:37] DEMO_PORTFOLIO_SIGNAL | LTS_SCREEN13_9 SELL lot=0.01 sl=4364.061000000001 tp=4339.851000000001 rd=2.69 weight=1.000 scale=1.00 h=0 success=True ticket=4731266842 err=None
[2026-09-18 00:58:37] DEMO_PORTFOLIO_SIGNAL | LTS_SCREEN13_13 BUY lot=0.01 sl=4358.301 tp=4384.941000000001 rd=3.33 weight=1.000 scale=1.00 h=0 success=True ticket=4731266845 err=None
[2026-09-18 00:58:37] DEMO_PORTFOLIO_SCAN | XAUUSDm done active=P18,S101,S102,S105,S106,S111,LTS_EVOLUTION9,LTS_SCREEN13
[2026-09-18 00:58:38] TG_SENT | [AF SIGNAL] *📐 LTS_SCREEN13* | Leg: `LTS_SCREEN13_9 DIRECT_S418_M5` | SELL @ market lot `0.01` | SL `4364.06` TP `4339.85` | RD `2.69` H`0` | Weight `x1.000` Scale `1.00` | Ticket: `4731266842`
[2026-09-18 00:58:42] TG_SENT | [AF SIGNAL] *📐 LTS_SCREEN13* | Leg: `LTS_SCREEN13_13 DIRECT_S419_M5` | BUY @ market lot `0.01` | SL `4358.30` TP `4384.94` | RD `3.33` H`0` | Weight `x1.000` Scale `1.00` | Ticket: `4731266845`
[2026-09-18 00:59:37] SYMBOL_CHECK | XAUUSDm trade_mode=4 xau_open=True | trade_mode=4 | tick_time=1789667978 | bid=4360.77 | ask=4361.03 | tick_ok=True | xau_open=True | current_symbol=XAUUSDm | startup=False
[2026-09-18 01:00:37] SYMBOL_CHECK | XAUUSDm trade_mode=4 xau_open=True | trade_mode=4 | tick_time=1789668038 | bid=4360.906 | ask=4361.166 | tick_ok=True | xau_open=True | current_symbol=XAUUSDm | startup=False
[2026-09-18 01:01:38] SYMBOL_CHECK | XAUUSDm trade_mode=4 xau_open=True | trade_mode=4 | tick_time=1789668098 | bid=4360.858 | ask=4361.118 | tick_ok=True | xau_open=True | current_symbol=XAUUSDm | startup=False
[2026-09-18 01:02:38] SYMBOL_CHECK | XAUUSDm trade_mode=4 xau_open=True | trade_mode=4 | tick_time=1789668158 | bid=4361.358 | ask=4361.618 | tick_ok=True | xau_open=True | current_symbol=XAUUSDm | startup=False
[2026-09-18 01:03:38] SYMBOL_CHECK | XAUUSDm trade_mode=4 xau_open=True | trade_mode=4 | tick_time=1789668218 | bid=4361.052 | ask=4361.312 | tick_ok=True | xau_open=True | current_symbol=XAUUSDm | startup=False
[2026-09-18 01:03:38] DEMO_PORTFOLIO_SCAN | XAUUSDm open active=P18,S101,S102,S105,S106,S111,LTS_EVOLUTION9,LTS_SCREEN13
[2026-09-18 01:03:38] DEMO_PORTFOLIO_SIGNAL | LTS_SCREEN13_9 SELL lot=0.01 sl=4364.263 tp=4341.043 rd=2.58 weight=1.000 scale=1.00 h=1 success=True ticket=4731278774 err=None
[2026-09-18 01:03:38] DEMO_PORTFOLIO_SIGNAL | LTS_SCREEN13_13 BUY lot=0.01 sl=4359.337 tp=4378.617 rd=2.41 weight=1.000 scale=1.00 h=1 success=True ticket=4731278822 err=None
[2026-09-18 01:03:38] DEMO_PORTFOLIO_SCAN | XAUUSDm done active=P18,S101,S102,S105,S106,S111,LTS_EVOLUTION9,LTS_SCREEN13
[2026-09-18 01:03:39] TG_SENT | [AF SIGNAL] *📐 LTS_SCREEN13* | Leg: `LTS_SCREEN13_9 DIRECT_S418_M5` | SELL @ market lot `0.01` | SL `4364.26` TP `4341.04` | RD `2.58` H`1` | Weight `x1.000` Scale `1.00` | Ticket: `4731278774`
[2026-09-18 01:03:43] TG_SENT | [AF SIGNAL] *📐 LTS_SCREEN13* | Leg: `LTS_SCREEN13_13 DIRECT_S419_M5` | BUY @ market lot `0.01` | SL `4359.34` TP `4378.62` | RD `2.41` H`1` | Weight `x1.000` Scale `1.00` | Ticket: `4731278822`
[2026-09-18 01:04:36] SYMBOL_CHECK | XAUUSDm trade_mode=4 xau_open=True | trade_mode=4 | tick_time=1789668277 | bid=4362.51 | ask=4362.77 | tick_ok=True | xau_open=True | current_symbol=XAUUSDm | startup=False
[2026-09-18 01:05:22] POSITION_CLOSED | 🛑 SL Hit | ticket=4731266842 | side=SELL | symbol=XAUUSDm | tf=M5 | sid=21 | pattern=- | trend_filter=- | open_price=4361.371 | close_price=4364.06 | sl=4364.061 | tp=4339.851 | profit=-2.69 | reason=[sl 4364.061] | close_time=01:05:18 18/09/2026
[2026-09-18 01:05:22] POSITION_CLOSED | 🛑 SL Hit | ticket=4731278774 | side=SELL | symbol=XAUUSDm | tf=M5 | sid=21 | pattern=- | trend_filter=- | open_price=4361.487 | close_price=4364.26 | sl=4364.263 | tp=4341.043 | profit=-2.77 | reason=[sl 4364.263] | close_time=01:05:20 18/09/2026
[2026-09-18 01:05:22] TG_SENT | 🔴 *🛑 SL Hit* | ━━━━━━━━━━━━━━━━━ | 📊 TF: M5 | 📊 SELL XAUUSDm | 📌 เปิด: `4361.371` | 📌 ปิด: `4364.06` | 🛑 SL: `4364.061` | 🎯 TP: `4339.851` | 💬 เหตุผล: `[sl 4364.061]` | 💸 P/L: `-2.69` USD | 🔖 Ticket: `4731266842` | 🕐 Close Time: `01:05:18 18/09/2026`
[2026-09-18 01:05:26] TG_SENT | 🔴 *🛑 SL Hit* | ━━━━━━━━━━━━━━━━━ | 📊 TF: M5 | 📊 SELL XAUUSDm | 📌 เปิด: `4361.487` | 📌 ปิด: `4364.26` | 🛑 SL: `4364.263` | 🎯 TP: `4341.043` | 💬 เหตุผล: `[sl 4364.263]` | 💸 P/L: `-2.77` USD | 🔖 Ticket: `4731278774` | 🕐 Close Time: `01:05:20 18/09/2026`
[2026-09-18 01:05:36] SYMBOL_CHECK | XAUUSDm trade_mode=4 xau_open=True | trade_mode=4 | tick_time=1789668338 | bid=4363.67 | ask=4363.93 | tick_ok=True | xau_open=True | current_symbol=XAUUSDm | startup=False
[2026-09-18 01:06:37] SYMBOL_CHECK | XAUUSDm trade_mode=4 xau_open=True | trade_mode=4 | tick_time=1789668398 | bid=4362.935 | ask=4363.195 | tick_ok=True | xau_open=True | current_symbol=XAUUSDm | startup=False
[2026-09-18 01:07:38] SYMBOL_CHECK | XAUUSDm trade_mode=4 xau_open=True | trade_mode=4 | tick_time=1789668458 | bid=4361.714 | ask=4361.974 | tick_ok=True | xau_open=True | current_symbol=XAUUSDm | startup=False
[2026-09-18 01:08:37] SYMBOL_CHECK | XAUUSDm trade_mode=4 xau_open=True | trade_mode=4 | tick_time=1789668518 | bid=4362.581 | ask=4362.841 | tick_ok=True | xau_open=True | current_symbol=XAUUSDm | startup=False
[2026-09-18 01:08:37] DEMO_PORTFOLIO_SCAN | XAUUSDm open active=P18,S101,S102,S105,S106,S111,LTS_EVOLUTION9,LTS_SCREEN13
[2026-09-18 01:08:37] DEMO_PORTFOLIO_SIGNAL | LTS_SCREEN13_9 SELL lot=0.01 sl=4365.168 tp=4341.317999999999 rd=2.65 weight=1.000 scale=1.00 h=1 success=True ticket=4731301499 err=None
[2026-09-18 01:08:37] DEMO_PORTFOLIO_SIGNAL | LTS_SCREEN13_13 BUY lot=0.01 sl=4359.498 tp=4385.737999999999 rd=3.28 weight=1.000 scale=1.00 h=1 success=True ticket=4731301505 err=None
[2026-09-18 01:08:37] DEMO_PORTFOLIO_SCAN | XAUUSDm done active=P18,S101,S102,S105,S106,S111,LTS_EVOLUTION9,LTS_SCREEN13
[2026-09-18 01:08:38] TG_SENT | [AF SIGNAL] *📐 LTS_SCREEN13* | Leg: `LTS_SCREEN13_9 DIRECT_S418_M5` | SELL @ market lot `0.01` | SL `4365.17` TP `4341.32` | RD `2.65` H`1` | Weight `x1.000` Scale `1.00` | Ticket: `4731301499`
[2026-09-18 01:08:42] TG_SENT | [AF SIGNAL] *📐 LTS_SCREEN13* | Leg: `LTS_SCREEN13_13 DIRECT_S419_M5` | BUY @ market lot `0.01` | SL `4359.50` TP `4385.74` | RD `3.28` H`1` | Weight `x1.000` Scale `1.00` | Ticket: `4731301505`
[2026-09-18 01:09:37] SYMBOL_CHECK | XAUUSDm trade_mode=4 xau_open=True | trade_mode=4 | tick_time=1789668578 | bid=4362.167 | ask=4362.427 | tick_ok=True | xau_open=True | current_symbol=XAUUSDm | startup=False
[2026-09-18 01:10:38] SYMBOL_CHECK | XAUUSDm trade_mode=4 xau_open=True | trade_mode=4 | tick_time=1789668637 | bid=4361.692 | ask=4361.952 | tick_ok=True | xau_open=True | current_symbol=XAUUSDm | startup=False
[2026-09-18 01:11:37] SYMBOL_CHECK | XAUUSDm trade_mode=4 xau_open=True | trade_mode=4 | tick_time=1789668698 | bid=4362.981 | ask=4363.241 | tick_ok=True | xau_open=True | current_symbol=XAUUSDm | startup=False
[2026-09-18 01:12:37] SYMBOL_CHECK | XAUUSDm trade_mode=4 xau_open=True | trade_mode=4 | tick_time=1789668758 | bid=4364.448 | ask=4364.708 | tick_ok=True | xau_open=True | current_symbol=XAUUSDm | startup=False
[2026-09-18 01:12:52] POSITION_CLOSED | 🛑 SL Hit | ticket=4731301499 | side=SELL | symbol=XAUUSDm | tf=M5 | sid=21 | pattern=- | trend_filter=- | open_price=4362.518 | close_price=4365.17 | sl=4365.168 | tp=4341.318 | profit=-2.65 | reason=[sl 4365.168] | close_time=01:12:51 18/09/2026
[2026-09-18 01:12:52] TG_SENT | 🔴 *🛑 SL Hit* | ━━━━━━━━━━━━━━━━━ | 📊 TF: M5 | 📊 SELL XAUUSDm | 📌 เปิด: `4362.518` | 📌 ปิด: `4365.17` | 🛑 SL: `4365.168` | 🎯 TP: `4341.318` | 💬 เหตุผล: `[sl 4365.168]` | 💸 P/L: `-2.65` USD | 🔖 Ticket: `4731301499` | 🕐 Close Time: `01:12:51 18/09/2026`
[2026-09-18 01:13:38] SYMBOL_CHECK | XAUUSDm trade_mode=4 xau_open=True | trade_mode=4 | tick_time=1789668818 | bid=4364.258 | ask=4364.518 | tick_ok=True | xau_open=True | current_symbol=XAUUSDm | startup=False
[2026-09-18 01:13:38] DEMO_PORTFOLIO_SCAN | XAUUSDm open active=P18,S101,S102,S105,S106,S111,LTS_EVOLUTION9,LTS_SCREEN13
[2026-09-18 01:13:38] DEMO_PORTFOLIO_SIGNAL | LTS_SCREEN13_13 BUY lot=0.01 sl=4359.838 tp=4395.438 rd=4.45 weight=1.000 scale=1.00 h=1 success=True ticket=4731320964 err=None
[2026-09-18 01:13:38] DEMO_PORTFOLIO_SCAN | XAUUSDm done active=P18,S101,S102,S105,S106,S111,LTS_EVOLUTION9,LTS_SCREEN13
[2026-09-18 01:13:39] TG_SENT | [AF SIGNAL] *📐 LTS_SCREEN13* | Leg: `LTS_SCREEN13_13 DIRECT_S419_M5` | BUY @ market lot `0.01` | SL `4359.84` TP `4395.44` | RD `4.45` H`1` | Weight `x1.000` Scale `1.00` | Ticket: `4731320964`
[2026-09-18 01:14:38] SYMBOL_CHECK | XAUUSDm trade_mode=4 xau_open=True | trade_mode=4 | tick_time=1789668877 | bid=4365.139 | ask=4365.399 | tick_ok=True | xau_open=True | current_symbol=XAUUSDm | startup=False
[2026-09-18 01:15:37] SYMBOL_CHECK | XAUUSDm trade_mode=4 xau_open=True | trade_mode=4 | tick_time=1789668938 | bid=4364.645 | ask=4364.905 | tick_ok=True | xau_open=True | current_symbol=XAUUSDm | startup=False
[2026-09-18 01:16:38] SYMBOL_CHECK | XAUUSDm trade_mode=4 xau_open=True | trade_mode=4 | tick_time=1789668998 | bid=4364.865 | ask=4365.125 | tick_ok=True | xau_open=True | current_symbol=XAUUSDm | startup=False
[2026-09-18 01:17:38] SYMBOL_CHECK | XAUUSDm trade_mode=4 xau_open=True | trade_mode=4 | tick_time=1789669058 | bid=4364.006 | ask=4364.266 | tick_ok=True | xau_open=True | current_symbol=XAUUSDm | startup=False
[2026-09-18 01:18:38] SYMBOL_CHECK | XAUUSDm trade_mode=4 xau_open=True | trade_mode=4 | tick_time=1789669118 | bid=4362.138 | ask=4362.398 | tick_ok=True | xau_open=True | current_symbol=XAUUSDm | startup=False
[2026-09-18 01:18:38] DEMO_PORTFOLIO_SCAN | XAUUSDm open active=P18,S101,S102,S105,S106,S111,LTS_EVOLUTION9,LTS_SCREEN13
[2026-09-18 01:18:38] DEMO_PORTFOLIO_SIGNAL | LTS_SCREEN13_13 BUY lot=0.01 sl=4360.588 tp=4375.068 rd=1.81 weight=1.000 scale=1.00 h=1 success=True ticket=4731338709 err=None
[2026-09-18 01:18:38] DEMO_PORTFOLIO_SCAN | XAUUSDm done active=P18,S101,S102,S105,S106,S111,LTS_EVOLUTION9,LTS_SCREEN13
[2026-09-18 01:18:39] TG_SENT | [AF SIGNAL] *📐 LTS_SCREEN13* | Leg: `LTS_SCREEN13_13 DIRECT_S419_M5` | BUY @ market lot `0.01` | SL `4360.59` TP `4375.07` | RD `1.81` H`1` | Weight `x1.000` Scale `1.00` | Ticket: `4731338709`
[2026-09-18 01:19:38] SYMBOL_CHECK | XAUUSDm trade_mode=4 xau_open=True | trade_mode=4 | tick_time=1789669178 | bid=4361.029 | ask=4361.289 | tick_ok=True | xau_open=True | current_symbol=XAUUSDm | startup=False
[2026-09-18 01:19:52] POSITION_CLOSED | 🛑 SL Hit | ticket=4731338709 | side=BUY | symbol=XAUUSDm | tf=M5 | sid=21 | pattern=- | trend_filter=- | open_price=4362.398 | close_price=4360.59 | sl=4360.588 | tp=4375.068 | profit=-1.81 | reason=[sl 4360.58800] | close_time=01:19:52 18/09/2026
[2026-09-18 01:19:52] TG_SENT | 🟢 *🛑 SL Hit* | ━━━━━━━━━━━━━━━━━ | 📊 TF: M5 | 📊 BUY XAUUSDm | 📌 เปิด: `4362.398` | 📌 ปิด: `4360.59` | 🛑 SL: `4360.588` | 🎯 TP: `4375.068` | 💬 เหตุผล: `[sl 4360.58800]` | 💸 P/L: `-1.81` USD | 🔖 Ticket: `4731338709` | 🕐 Close Time: `01:19:52 18/09/2026`
[2026-09-18 01:20:37] SYMBOL_CHECK | XAUUSDm trade_mode=4 xau_open=True | trade_mode=4 | tick_time=1789669238 | bid=4360.671 | ask=4360.931 | tick_ok=True | xau_open=True | current_symbol=XAUUSDm | startup=False
[2026-09-18 01:21:17] POSITION_CLOSED | 🛑 SL Hit | ticket=4731320964 | side=BUY | symbol=XAUUSDm | tf=M5 | sid=21 | pattern=- | trend_filter=- | open_price=4364.2880000000005 | close_price=4359.84 | sl=4359.838 | tp=4395.438 | profit=-4.45 | reason=[sl 4359.83800] | close_time=01:21:15 18/09/2026
[2026-09-18 01:21:18] TG_SENT | 🟢 *🛑 SL Hit* | ━━━━━━━━━━━━━━━━━ | 📊 TF: M5 | 📊 BUY XAUUSDm | 📌 เปิด: `4364.2880000000005` | 📌 ปิด: `4359.84` | 🛑 SL: `4359.838` | 🎯 TP: `4395.438` | 💬 เหตุผล: `[sl 4359.83800]` | 💸 P/L: `-4.45` USD | 🔖 Ticket: `4731320964` | 🕐 Close Time: `01:21:15 18/09/2026`
[2026-09-18 01:21:22] POSITION_CLOSED | 🛑 SL Hit | ticket=4731301505 | side=BUY | symbol=XAUUSDm | tf=M5 | sid=21 | pattern=- | trend_filter=- | open_price=4362.778 | close_price=4359.5 | sl=4359.498 | tp=4385.738 | profit=-3.28 | reason=[sl 4359.49800] | close_time=01:21:21 18/09/2026
[2026-09-18 01:21:22] POSITION_CLOSED | 🛑 SL Hit | ticket=4731278822 | side=BUY | symbol=XAUUSDm | tf=M5 | sid=21 | pattern=- | trend_filter=- | open_price=4361.679 | close_price=4359.34 | sl=4359.337 | tp=4378.617 | profit=-2.34 | reason=[sl 4359.33700] | close_time=01:21:21 18/09/2026
[2026-09-18 01:21:22] TG_SENT | 🟢 *🛑 SL Hit* | ━━━━━━━━━━━━━━━━━ | 📊 TF: M5 | 📊 BUY XAUUSDm | 📌 เปิด: `4362.778` | 📌 ปิด: `4359.5` | 🛑 SL: `4359.498` | 🎯 TP: `4385.738` | 💬 เหตุผล: `[sl 4359.49800]` | 💸 P/L: `-3.28` USD | 🔖 Ticket: `4731301505` | 🕐 Close Time: `01:21:21 18/09/2026`
[2026-09-18 01:21:26] TG_SENT | 🟢 *🛑 SL Hit* | ━━━━━━━━━━━━━━━━━ | 📊 TF: M5 | 📊 BUY XAUUSDm | 📌 เปิด: `4361.679` | 📌 ปิด: `4359.34` | 🛑 SL: `4359.337` | 🎯 TP: `4378.617` | 💬 เหตุผล: `[sl 4359.33700]` | 💸 P/L: `-2.34` USD | 🔖 Ticket: `4731278822` | 🕐 Close Time: `01:21:21 18/09/2026`
[2026-09-18 01:21:36] SYMBOL_CHECK | XAUUSDm trade_mode=4 xau_open=True | trade_mode=4 | tick_time=1789669297 | bid=4359.108 | ask=4359.368 | tick_ok=True | xau_open=True | current_symbol=XAUUSDm | startup=False
[2026-09-18 01:21:57] POSITION_CLOSED | 🛑 SL Hit | ticket=4731266845 | side=BUY | symbol=XAUUSDm | tf=M5 | sid=21 | pattern=- | trend_filter=- | open_price=4361.631 | close_price=4358.3 | sl=4358.301 | tp=4384.941 | profit=-3.33 | reason=[sl 4358.301] | close_time=01:21:55 18/09/2026
[2026-09-18 01:21:58] TG_SENT | 🟢 *🛑 SL Hit* | ━━━━━━━━━━━━━━━━━ | 📊 TF: M5 | 📊 BUY XAUUSDm | 📌 เปิด: `4361.631` | 📌 ปิด: `4358.3` | 🛑 SL: `4358.301` | 🎯 TP: `4384.941` | 💬 เหตุผล: `[sl 4358.301]` | 💸 P/L: `-3.33` USD | 🔖 Ticket: `4731266845` | 🕐 Close Time: `01:21:55 18/09/2026`
[2026-09-18 01:22:07] POSITION_CLOSED | 🛑 SL Hit | ticket=4731212162 | side=BUY | symbol=XAUUSDm | tf=M5 | sid=21 | pattern=- | trend_filter=- | open_price=4358.841 | close_price=4357.45 | sl=4357.451 | tp=4368.571 | profit=-1.39 | reason=[sl 4357.45100] | close_time=01:22:08 18/09/2026
[2026-09-18 01:22:07] POSITION_CLOSED | 🛑 SL Hit | ticket=4731092339 | side=BUY | symbol=XAUUSDm | tf=M5 | sid=21 | pattern=- | trend_filter=- | open_price=4364.418000000001 | close_price=4357.32 | sl=4357.318 | tp=4414.118 | profit=-7.1 | reason=[sl 4357.31800] | close_time=01:22:08 18/09/2026
[2026-09-18 01:22:07] POSITION_CLOSED | 🛑 SL Hit | ticket=4731257580 | side=BUY | symbol=XAUUSDm | tf=M5 | sid=21 | pattern=- | trend_filter=- | open_price=4360.311000000001 | close_price=4357.7 | sl=4357.701 | tp=4378.581 | profit=-2.61 | reason=[sl 4357.70100] | close_time=01:22:08 18/09/2026
[2026-09-18 01:22:07] POSITION_CLOSED | 🛑 SL Hit | ticket=4731244470 | side=BUY | symbol=XAUUSDm | tf=M5 | sid=21 | pattern=- | trend_filter=- | open_price=4359.267000000001 | close_price=4357.29 | sl=4357.287 | tp=4373.127 | profit=-1.98 | reason=[sl 4357.287] | close_time=01:22:08 18/09/2026
[2026-09-18 01:22:07] TG_SENT | 🟢 *🛑 SL Hit* | ━━━━━━━━━━━━━━━━━ | 📊 TF: M5 | 📊 BUY XAUUSDm | 📌 เปิด: `4358.841` | 📌 ปิด: `4357.45` | 🛑 SL: `4357.451` | 🎯 TP: `4368.571` | 💬 เหตุผล: `[sl 4357.45100]` | 💸 P/L: `-1.39` USD | 🔖 Ticket: `4731212162` | 🕐 Close Time: `01:22:08 18/09/2026`
[2026-09-18 01:22:11] TG_SENT | 🟢 *🛑 SL Hit* | ━━━━━━━━━━━━━━━━━ | 📊 TF: M5 | 📊 BUY XAUUSDm | 📌 เปิด: `4364.418000000001` | 📌 ปิด: `4357.32` | 🛑 SL: `4357.318` | 🎯 TP: `4414.118` | 💬 เหตุผล: `[sl 4357.31800]` | 💸 P/L: `-7.1` USD | 🔖 Ticket: `4731092339` | 🕐 Close Time: `01:22:08 18/09/2026`
[2026-09-18 01:22:15] TG_SENT | 🟢 *🛑 SL Hit* | ━━━━━━━━━━━━━━━━━ | 📊 TF: M5 | 📊 BUY XAUUSDm | 📌 เปิด: `4360.311000000001` | 📌 ปิด: `4357.7` | 🛑 SL: `4357.701` | 🎯 TP: `4378.581` | 💬 เหตุผล: `[sl 4357.70100]` | 💸 P/L: `-2.61` USD | 🔖 Ticket: `4731257580` | 🕐 Close Time: `01:22:08 18/09/2026`
[2026-09-18 01:22:19] TG_SENT | 🟢 *🛑 SL Hit* | ━━━━━━━━━━━━━━━━━ | 📊 TF: M5 | 📊 BUY XAUUSDm | 📌 เปิด: `4359.267000000001` | 📌 ปิด: `4357.29` | 🛑 SL: `4357.287` | 🎯 TP: `4373.127` | 💬 เหตุผล: `[sl 4357.287]` | 💸 P/L: `-1.98` USD | 🔖 Ticket: `4731244470` | 🕐 Close Time: `01:22:08 18/09/2026`
[2026-09-18 01:22:38] SYMBOL_CHECK | XAUUSDm trade_mode=4 xau_open=True | trade_mode=4 | tick_time=1789669358 | bid=4358.324 | ask=4358.584 | tick_ok=True | xau_open=True | current_symbol=XAUUSDm | startup=False
[2026-09-18 01:23:36] SYMBOL_CHECK | XAUUSDm trade_mode=4 xau_open=True | trade_mode=4 | tick_time=1789669417 | bid=4357.816 | ask=4358.076 | tick_ok=True | xau_open=True | current_symbol=XAUUSDm | startup=False
[2026-09-18 01:23:37] DEMO_PORTFOLIO_SCAN | XAUUSDm open active=P18,S101,S102,S105,S106,S111,LTS_EVOLUTION9,LTS_SCREEN13
[2026-09-18 01:23:37] DEMO_PORTFOLIO_SIGNAL | LTS_SCREEN13_13 BUY lot=0.01 sl=4356.528000000001 tp=4369.568000000001 rd=1.63 weight=1.000 scale=1.00 h=1 success=True ticket=4731359929 err=None
[2026-09-18 01:23:37] DEMO_PORTFOLIO_SCAN | XAUUSDm done active=P18,S101,S102,S105,S106,S111,LTS_EVOLUTION9,LTS_SCREEN13
[2026-09-18 01:23:38] TG_SENT | [AF SIGNAL] *📐 LTS_SCREEN13* | Leg: `LTS_SCREEN13_13 DIRECT_S419_M5` | BUY @ market lot `0.01` | SL `4356.53` TP `4369.57` | RD `1.63` H`1` | Weight `x1.000` Scale `1.00` | Ticket: `4731359929`
[2026-09-18 01:24:38] SYMBOL_CHECK | XAUUSDm trade_mode=4 xau_open=True | trade_mode=4 | tick_time=1789669478 | bid=4357.717 | ask=4357.977 | tick_ok=True | xau_open=True | current_symbol=XAUUSDm | startup=False
[2026-09-18 01:25:37] SYMBOL_CHECK | XAUUSDm trade_mode=4 xau_open=True | trade_mode=4 | tick_time=1789669537 | bid=4359.106 | ask=4359.366 | tick_ok=True | xau_open=True | current_symbol=XAUUSDm | startup=False
[2026-09-18 01:26:37] SYMBOL_CHECK | XAUUSDm trade_mode=4 xau_open=True | trade_mode=4 | tick_time=1789669597 | bid=4358.334 | ask=4358.594 | tick_ok=True | xau_open=True | current_symbol=XAUUSDm | startup=False
[2026-09-18 01:27:37] SYMBOL_CHECK | XAUUSDm trade_mode=4 xau_open=True | trade_mode=4 | tick_time=1789669657 | bid=4358.4 | ask=4358.66 | tick_ok=True | xau_open=True | current_symbol=XAUUSDm | startup=False
[2026-09-18 01:28:38] SYMBOL_CHECK | XAUUSDm trade_mode=4 xau_open=True | trade_mode=4 | tick_time=1789669718 | bid=4357.911 | ask=4358.171 | tick_ok=True | xau_open=True | current_symbol=XAUUSDm | startup=False
[2026-09-18 01:28:38] DEMO_PORTFOLIO_SCAN | XAUUSDm open active=P18,S101,S102,S105,S106,S111,LTS_EVOLUTION9,LTS_SCREEN13
[2026-09-18 01:28:38] DEMO_PORTFOLIO_SIGNAL | LTS_SCREEN13_13 BUY lot=0.01 sl=4356.508 tp=4369.148 rd=1.58 weight=1.000 scale=1.00 h=1 success=True ticket=4731373687 err=None
[2026-09-18 01:28:38] DEMO_PORTFOLIO_SCAN | XAUUSDm done active=P18,S101,S102,S105,S106,S111,LTS_EVOLUTION9,LTS_SCREEN13
[2026-09-18 01:28:39] TG_SENT | [AF SIGNAL] *📐 LTS_SCREEN13* | Leg: `LTS_SCREEN13_13 DIRECT_S419_M5` | BUY @ market lot `0.01` | SL `4356.51` TP `4369.15` | RD `1.58` H`1` | Weight `x1.000` Scale `1.00` | Ticket: `4731373687`
[2026-09-18 01:29:08] POSITION_CLOSED | 🛑 SL Hit | ticket=4731177172 | side=BUY | symbol=XAUUSDm | tf=M5 | sid=21 | pattern=- | trend_filter=- | open_price=4360.77 | close_price=4356.93 | sl=4356.93 | tp=4387.65 | profit=-3.84 | reason=[sl 4356.93000] | close_time=01:29:05 18/09/2026
[2026-09-18 01:29:08] POSITION_CLOSED | 🛑 SL Hit | ticket=4731228855 | side=BUY | symbol=XAUUSDm | tf=M5 | sid=21 | pattern=- | trend_filter=- | open_price=4360.225 | close_price=4356.97 | sl=4356.965 | tp=4383.045 | profit=-3.26 | reason=[sl 4356.96500] | close_time=01:29:05 18/09/2026
[2026-09-18 01:29:08] TG_SENT | 🟢 *🛑 SL Hit* | ━━━━━━━━━━━━━━━━━ | 📊 TF: M5 | 📊 BUY XAUUSDm | 📌 เปิด: `4360.77` | 📌 ปิด: `4356.93` | 🛑 SL: `4356.93` | 🎯 TP: `4387.65` | 💬 เหตุผล: `[sl 4356.93000]` | 💸 P/L: `-3.84` USD | 🔖 Ticket: `4731177172` | 🕐 Close Time: `01:29:05 18/09/2026`
[2026-09-18 01:29:12] TG_SENT | 🟢 *🛑 SL Hit* | ━━━━━━━━━━━━━━━━━ | 📊 TF: M5 | 📊 BUY XAUUSDm | 📌 เปิด: `4360.225` | 📌 ปิด: `4356.97` | 🛑 SL: `4356.965` | 🎯 TP: `4383.045` | 💬 เหตุผล: `[sl 4356.96500]` | 💸 P/L: `-3.26` USD | 🔖 Ticket: `4731228855` | 🕐 Close Time: `01:29:05 18/09/2026`
[2026-09-18 01:29:18] POSITION_CLOSED | 🛑 SL Hit | ticket=4731359929 | side=BUY | symbol=XAUUSDm | tf=M5 | sid=21 | pattern=- | trend_filter=- | open_price=4358.158 | close_price=4356.53 | sl=4356.528 | tp=4369.568 | profit=-1.63 | reason=[sl 4356.52800] | close_time=01:29:15 18/09/2026
[2026-09-18 01:29:18] POSITION_CLOSED | 🛑 SL Hit | ticket=4731373687 | side=BUY | symbol=XAUUSDm | tf=M5 | sid=21 | pattern=- | trend_filter=- | open_price=4358.088000000001 | close_price=4356.51 | sl=4356.508 | tp=4369.148 | profit=-1.58 | reason=[sl 4356.508] | close_time=01:29:16 18/09/2026
[2026-09-18 01:29:18] TG_SENT | 🟢 *🛑 SL Hit* | ━━━━━━━━━━━━━━━━━ | 📊 TF: M5 | 📊 BUY XAUUSDm | 📌 เปิด: `4358.158` | 📌 ปิด: `4356.53` | 🛑 SL: `4356.528` | 🎯 TP: `4369.568` | 💬 เหตุผล: `[sl 4356.52800]` | 💸 P/L: `-1.63` USD | 🔖 Ticket: `4731359929` | 🕐 Close Time: `01:29:15 18/09/2026`
[2026-09-18 01:29:22] TG_SENT | 🟢 *🛑 SL Hit* | ━━━━━━━━━━━━━━━━━ | 📊 TF: M5 | 📊 BUY XAUUSDm | 📌 เปิด: `4358.088000000001` | 📌 ปิด: `4356.51` | 🛑 SL: `4356.508` | 🎯 TP: `4369.148` | 💬 เหตุผล: `[sl 4356.508]` | 💸 P/L: `-1.58` USD | 🔖 Ticket: `4731373687` | 🕐 Close Time: `01:29:16 18/09/2026`
[2026-09-18 01:29:38] SYMBOL_CHECK | XAUUSDm trade_mode=4 xau_open=True | trade_mode=4 | tick_time=1789669778 | bid=4356.452 | ask=4356.712 | tick_ok=True | xau_open=True | current_symbol=XAUUSDm | startup=False
[2026-09-18 01:30:28] POSITION_CLOSED | 🛑 SL Hit | ticket=4731003332 | side=BUY | symbol=XAUUSDm | tf=M5 | sid=21 | pattern=- | trend_filter=- | open_price=4359.438 | close_price=4355.07 | sl=4355.068 | tp=4390.028 | profit=-4.37 | reason=[sl 4355.068] | close_time=01:30:26 18/09/2026
[2026-09-18 01:30:28] TG_SENT | 🟢 *🛑 SL Hit* | ━━━━━━━━━━━━━━━━━ | 📊 TF: M5 | 📊 BUY XAUUSDm | 📌 เปิด: `4359.438` | 📌 ปิด: `4355.07` | 🛑 SL: `4355.068` | 🎯 TP: `4390.028` | 💬 เหตุผล: `[sl 4355.068]` | 💸 P/L: `-4.37` USD | 🔖 Ticket: `4731003332` | 🕐 Close Time: `01:30:26 18/09/2026`
[2026-09-18 01:30:33] POSITION_CLOSED | 🛑 SL Hit | ticket=4730558762 | side=BUY | symbol=XAUUSDm | tf=M5 | sid=21 | pattern=- | trend_filter=- | open_price=4358.213000000001 | close_price=4355.01 | sl=4355.013 | tp=4380.613 | profit=-3.2 | reason=[sl 4355.013] | close_time=01:30:28 18/09/2026
[2026-09-18 01:30:33] TG_SENT | 🟢 *🛑 SL Hit* | ━━━━━━━━━━━━━━━━━ | 📊 TF: M5 | 📊 BUY XAUUSDm | 📌 เปิด: `4358.213000000001` | 📌 ปิด: `4355.01` | 🛑 SL: `4355.013` | 🎯 TP: `4380.613` | 💬 เหตุผล: `[sl 4355.013]` | 💸 P/L: `-3.2` USD | 🔖 Ticket: `4730558762` | 🕐 Close Time: `01:30:28 18/09/2026`
[2026-09-18 01:30:38] SYMBOL_CHECK | XAUUSDm trade_mode=4 xau_open=True | trade_mode=4 | tick_time=1789669838 | bid=4355.163 | ask=4355.423 | tick_ok=True | xau_open=True | current_symbol=XAUUSDm | startup=False
[2026-09-18 01:30:43] POSITION_CLOSED | 🛑 SL Hit | ticket=4731033422 | side=BUY | symbol=XAUUSDm | tf=M5 | sid=21 | pattern=- | trend_filter=- | open_price=4360.88 | close_price=4354.8 | sl=4354.8 | tp=4403.44 | profit=-6.08 | reason=[sl 4354.800] | close_time=01:30:42 18/09/2026
[2026-09-18 01:30:43] POSITION_CLOSED | 🛑 SL Hit | ticket=4731068166 | side=BUY | symbol=XAUUSDm | tf=M5 | sid=21 | pattern=- | trend_filter=- | open_price=4360.1410000000005 | close_price=4354.77 | sl=4354.771 | tp=4397.731 | profit=-5.37 | reason=[sl 4354.77100] | close_time=01:30:42 18/09/2026
[2026-09-18 01:30:43] POSITION_CLOSED | 🛑 SL Hit | ticket=4730647399 | side=BUY | symbol=XAUUSDm | tf=M5 | sid=21 | pattern=- | trend_filter=- | open_price=4364.506 | close_price=4354.73 | sl=4354.726 | tp=4379.176 | profit=-9.78 | reason=[sl 4354.72600] | close_time=01:30:42 18/09/2026
[2026-09-18 01:30:43] TG_SENT | 🟢 *🛑 SL Hit* | ━━━━━━━━━━━━━━━━━ | 📊 TF: M5 | 📊 BUY XAUUSDm | 📌 เปิด: `4360.88` | 📌 ปิด: `4354.8` | 🛑 SL: `4354.8` | 🎯 TP: `4403.44` | 💬 เหตุผล: `[sl 4354.800]` | 💸 P/L: `-6.08` USD | 🔖 Ticket: `4731033422` | 🕐 Close Time: `01:30:42 18/09/2026`
[2026-09-18 01:30:47] POSITION_CLOSED | 🛑 SL Hit | ticket=4730584537 | side=BUY | symbol=XAUUSDm | tf=M5 | sid=21 | pattern=- | trend_filter=- | open_price=4357.9890000000005 | close_price=4354.23 | sl=4354.229 | tp=4384.309 | profit=-3.76 | reason=[sl 4354.229] | close_time=01:30:45 18/09/2026
[2026-09-18 01:30:48] TG_SENT | 🟢 *🛑 SL Hit* | ━━━━━━━━━━━━━━━━━ | 📊 TF: M5 | 📊 BUY XAUUSDm | 📌 เปิด: `4360.1410000000005` | 📌 ปิด: `4354.77` | 🛑 SL: `4354.771` | 🎯 TP: `4397.731` | 💬 เหตุผล: `[sl 4354.77100]` | 💸 P/L: `-5.37` USD | 🔖 Ticket: `4731068166` | 🕐 Close Time: `01:30:42 18/09/2026`
[2026-09-18 01:30:52] TG_SENT | 🟢 *🛑 SL Hit* | ━━━━━━━━━━━━━━━━━ | 📊 TF: M5 | 📊 BUY XAUUSDm | 📌 เปิด: `4364.506` | 📌 ปิด: `4354.73` | 🛑 SL: `4354.726` | 🎯 TP: `4379.176` | 💬 เหตุผล: `[sl 4354.72600]` | 💸 P/L: `-9.78` USD | 🔖 Ticket: `4730647399` | 🕐 Close Time: `01:30:42 18/09/2026`
[2026-09-18 01:30:56] TG_SENT | 🟢 *🛑 SL Hit* | ━━━━━━━━━━━━━━━━━ | 📊 TF: M5 | 📊 BUY XAUUSDm | 📌 เปิด: `4357.9890000000005` | 📌 ปิด: `4354.23` | 🛑 SL: `4354.229` | 🎯 TP: `4384.309` | 💬 เหตุผล: `[sl 4354.229]` | 💸 P/L: `-3.76` USD | 🔖 Ticket: `4730584537` | 🕐 Close Time: `01:30:45 18/09/2026`
[2026-09-18 01:31:36] SYMBOL_CHECK | XAUUSDm trade_mode=4 xau_open=True | trade_mode=4 | tick_time=1789669898 | bid=4353.442 | ask=4353.702 | tick_ok=True | xau_open=True | current_symbol=XAUUSDm | startup=False
[2026-09-18 01:32:37] SYMBOL_CHECK | XAUUSDm trade_mode=4 xau_open=True | trade_mode=4 | tick_time=1789669958 | bid=4353.313 | ask=4353.573 | tick_ok=True | xau_open=True | current_symbol=XAUUSDm | startup=False
[2026-09-18 01:33:37] SYMBOL_CHECK | XAUUSDm trade_mode=4 xau_open=True | trade_mode=4 | tick_time=1789670018 | bid=4352.884 | ask=4353.144 | tick_ok=True | xau_open=True | current_symbol=XAUUSDm | startup=False
[2026-09-18 01:33:37] DEMO_PORTFOLIO_SCAN | XAUUSDm open active=P18,S101,S102,S105,S106,S111,LTS_EVOLUTION9,LTS_SCREEN13
[2026-09-18 01:33:38] DEMO_PORTFOLIO_SIGNAL | LTS_SCREEN13_13 BUY lot=0.01 sl=4351.851000000001 tp=4361.771000000001 rd=1.24 weight=1.000 scale=1.00 h=1 success=True ticket=4731397333 err=None
[2026-09-18 01:33:38] DEMO_PORTFOLIO_SCAN | XAUUSDm done active=P18,S101,S102,S105,S106,S111,LTS_EVOLUTION9,LTS_SCREEN13
[2026-09-18 01:33:39] TG_SENT | [AF SIGNAL] *📐 LTS_SCREEN13* | Leg: `LTS_SCREEN13_13 DIRECT_S419_M5` | BUY @ market lot `0.01` | SL `4351.85` TP `4361.77` | RD `1.24` H`1` | Weight `x1.000` Scale `1.00` | Ticket: `4731397333`
[2026-09-18 01:33:58] POSITION_CLOSED | 🛑 SL Hit | ticket=4730458146 | side=BUY | symbol=XAUUSDm | tf=M5 | sid=21 | pattern=- | trend_filter=- | open_price=4361.582 | close_price=4350.83 | sl=4351.862 | tp=4429.622 | profit=-10.75 | reason=[sl 4351.862] | close_time=01:33:57 18/09/2026
[2026-09-18 01:33:58] POSITION_CLOSED | 🛑 SL Hit | ticket=4730496851 | side=BUY | symbol=XAUUSDm | tf=M5 | sid=21 | pattern=- | trend_filter=- | open_price=4363.804 | close_price=4351.21 | sl=4351.814 | tp=4447.734 | profit=-12.59 | reason=[sl 4351.81400] | close_time=01:33:58 18/09/2026
[2026-09-18 01:33:58] POSITION_CLOSED | 🛑 SL Hit | ticket=4731397333 | side=BUY | symbol=XAUUSDm | tf=M5 | sid=21 | pattern=- | trend_filter=- | open_price=4353.091 | close_price=4351.21 | sl=4351.851 | tp=4361.771 | profit=-1.88 | reason=[sl 4351.851] | close_time=01:33:58 18/09/2026
[2026-09-18 01:33:58] TG_SENT | 🟢 *🛑 SL Hit* | ━━━━━━━━━━━━━━━━━ | 📊 TF: M5 | 📊 BUY XAUUSDm | 📌 เปิด: `4361.582` | 📌 ปิด: `4350.83` | 🛑 SL: `4351.862` | 🎯 TP: `4429.622` | 💬 เหตุผล: `[sl 4351.862]` | 💸 P/L: `-10.75` USD | 🔖 Ticket: `4730458146` | 🕐 Close Time: `01:33:57 18/09/2026`
[2026-09-18 01:34:02] TG_SENT | 🟢 *🛑 SL Hit* | ━━━━━━━━━━━━━━━━━ | 📊 TF: M5 | 📊 BUY XAUUSDm | 📌 เปิด: `4363.804` | 📌 ปิด: `4351.21` | 🛑 SL: `4351.814` | 🎯 TP: `4447.734` | 💬 เหตุผล: `[sl 4351.81400]` | 💸 P/L: `-12.59` USD | 🔖 Ticket: `4730496851` | 🕐 Close Time: `01:33:58 18/09/2026`
[2026-09-18 01:34:02] POSITION_CLOSED | 🛑 SL Hit | ticket=4729420035 | side=BUY | symbol=XAUUSDm | tf=M5 | sid=21 | pattern=- | trend_filter=- | open_price=4364.4310000000005 | close_price=4350.94 | sl=4350.941 | tp=4384.661 | profit=-13.49 | reason=[sl 4350.94100] | close_time=01:33:58 18/09/2026
[2026-09-18 01:34:06] TG_SENT | 🟢 *🛑 SL Hit* | ━━━━━━━━━━━━━━━━━ | 📊 TF: M5 | 📊 BUY XAUUSDm | 📌 เปิด: `4353.091` | 📌 ปิด: `4351.21` | 🛑 SL: `4351.851` | 🎯 TP: `4361.771` | 💬 เหตุผล: `[sl 4351.851]` | 💸 P/L: `-1.88` USD | 🔖 Ticket: `4731397333` | 🕐 Close Time: `01:33:58 18/09/2026`
[2026-09-18 01:34:10] TG_SENT | 🟢 *🛑 SL Hit* | ━━━━━━━━━━━━━━━━━ | 📊 TF: M5 | 📊 BUY XAUUSDm | 📌 เปิด: `4364.4310000000005` | 📌 ปิด: `4350.94` | 🛑 SL: `4350.941` | 🎯 TP: `4384.661` | 💬 เหตุผล: `[sl 4350.94100]` | 💸 P/L: `-13.49` USD | 🔖 Ticket: `4729420035` | 🕐 Close Time: `01:33:58 18/09/2026`
[2026-09-18 01:34:38] SYMBOL_CHECK | XAUUSDm trade_mode=4 xau_open=True | trade_mode=4 | tick_time=1789670077 | bid=4349.855 | ask=4350.115 | tick_ok=True | xau_open=True | current_symbol=XAUUSDm | startup=False
[2026-09-18 01:34:38] POSITION_CLOSED | 🛑 SL Hit | ticket=4730347390 | side=BUY | symbol=XAUUSDm | tf=M5 | sid=21 | pattern=- | trend_filter=- | open_price=4353.91 | close_price=4350.44 | sl=4350.44 | tp=4378.2 | profit=-3.47 | reason=[sl 4350.44000] | close_time=01:34:36 18/09/2026
[2026-09-18 01:34:38] POSITION_CLOSED | 🛑 SL Hit | ticket=4729817909 | side=BUY | symbol=XAUUSDm | tf=M5 | sid=21 | pattern=- | trend_filter=- | open_price=4368.7080000000005 | close_price=4350.31 | sl=4350.314 | tp=4397.214 | profit=-18.4 | reason=[sl 4350.314] | close_time=01:34:36 18/09/2026
[2026-09-18 01:34:38] POSITION_CLOSED | 🛑 SL Hit | ticket=4730196341 | side=BUY | symbol=XAUUSDm | tf=M5 | sid=21 | pattern=- | trend_filter=- | open_price=4363.176 | close_price=4350.15 | sl=4350.146 | tp=4382.716 | profit=-13.03 | reason=[sl 4350.14600] | close_time=01:34:36 18/09/2026
[2026-09-18 01:34:38] TG_SENT | 🟢 *🛑 SL Hit* | ━━━━━━━━━━━━━━━━━ | 📊 TF: M5 | 📊 BUY XAUUSDm | 📌 เปิด: `4353.91` | 📌 ปิด: `4350.44` | 🛑 SL: `4350.44` | 🎯 TP: `4378.2` | 💬 เหตุผล: `[sl 4350.44000]` | 💸 P/L: `-3.47` USD | 🔖 Ticket: `4730347390` | 🕐 Close Time: `01:34:36 18/09/2026`
[2026-09-18 01:34:43] TG_SENT | 🟢 *🛑 SL Hit* | ━━━━━━━━━━━━━━━━━ | 📊 TF: M5 | 📊 BUY XAUUSDm | 📌 เปิด: `4368.7080000000005` | 📌 ปิด: `4350.31` | 🛑 SL: `4350.314` | 🎯 TP: `4397.214` | 💬 เหตุผล: `[sl 4350.314]` | 💸 P/L: `-18.4` USD | 🔖 Ticket: `4729817909` | 🕐 Close Time: `01:34:36 18/09/2026`
[2026-09-18 01:34:45] TG_SENT | 🟢 *🛑 SL Hit* | ━━━━━━━━━━━━━━━━━ | 📊 TF: M5 | 📊 BUY XAUUSDm | 📌 เปิด: `4363.176` | 📌 ปิด: `4350.15` | 🛑 SL: `4350.146` | 🎯 TP: `4382.716` | 💬 เหตุผล: `[sl 4350.14600]` | 💸 P/L: `-13.03` USD | 🔖 Ticket: `4730196341` | 🕐 Close Time: `01:34:36 18/09/2026`
[2026-09-18 01:34:46] POSITION_CLOSED | 🛑 SL Hit | ticket=4730416562 | side=BUY | symbol=XAUUSDm | tf=M5 | sid=21 | pattern=- | trend_filter=- | open_price=4356.525000000001 | close_price=4349.49 | sl=4349.495 | tp=4405.735 | profit=-7.03 | reason=[sl 4349.495] | close_time=01:34:47 18/09/2026
[2026-09-18 01:34:46] POSITION_CLOSED | 🛑 SL Hit | ticket=4730385941 | side=BUY | symbol=XAUUSDm | tf=M5 | sid=21 | pattern=- | trend_filter=- | open_price=4356.124000000001 | close_price=4349.52 | sl=4349.524 | tp=4402.324 | profit=-6.6 | reason=[sl 4349.524] | close_time=01:34:47 18/09/2026
[2026-09-18 01:34:49] TG_SENT | 🟢 *🛑 SL Hit* | ━━━━━━━━━━━━━━━━━ | 📊 TF: M5 | 📊 BUY XAUUSDm | 📌 เปิด: `4356.525000000001` | 📌 ปิด: `4349.49` | 🛑 SL: `4349.495` | 🎯 TP: `4405.735` | 💬 เหตุผล: `[sl 4349.495]` | 💸 P/L: `-7.03` USD | 🔖 Ticket: `4730416562` | 🕐 Close Time: `01:34:47 18/09/2026`
[2026-09-18 01:34:53] TG_SENT | 🟢 *🛑 SL Hit* | ━━━━━━━━━━━━━━━━━ | 📊 TF: M5 | 📊 BUY XAUUSDm | 📌 เปิด: `4356.124000000001` | 📌 ปิด: `4349.52` | 🛑 SL: `4349.524` | 🎯 TP: `4402.324` | 💬 เหตุผล: `[sl 4349.524]` | 💸 P/L: `-6.6` USD | 🔖 Ticket: `4730385941` | 🕐 Close Time: `01:34:47 18/09/2026`
[2026-09-18 01:35:38] SYMBOL_CHECK | XAUUSDm trade_mode=4 xau_open=True | trade_mode=4 | tick_time=1789670137 | bid=4349.339 | ask=4349.599 | tick_ok=True | xau_open=True | current_symbol=XAUUSDm | startup=False
[2026-09-18 01:36:37] SYMBOL_CHECK | XAUUSDm trade_mode=4 xau_open=True | trade_mode=4 | tick_time=1789670197 | bid=4348.551 | ask=4348.811 | tick_ok=True | xau_open=True | current_symbol=XAUUSDm | startup=False
[2026-09-18 01:37:37] SYMBOL_CHECK | XAUUSDm trade_mode=4 xau_open=True | trade_mode=4 | tick_time=1789670257 | bid=4350.981 | ask=4351.241 | tick_ok=True | xau_open=True | current_symbol=XAUUSDm | startup=False
[2026-09-18 01:38:37] SYMBOL_CHECK | XAUUSDm trade_mode=4 xau_open=True | trade_mode=4 | tick_time=1789670317 | bid=4350.71 | ask=4350.97 | tick_ok=True | xau_open=True | current_symbol=XAUUSDm | startup=False
[2026-09-18 01:38:37] DEMO_PORTFOLIO_SCAN | XAUUSDm open active=P18,S101,S102,S105,S106,S111,LTS_EVOLUTION9,LTS_SCREEN13
[2026-09-18 01:38:37] DEMO_PORTFOLIO_SIGNAL | LTS_SCREEN13_13 BUY lot=0.01 sl=4347.611000000001 tp=4373.691000000001 rd=3.26 weight=1.000 scale=1.00 h=1 success=True ticket=4731423869 err=None
[2026-09-18 01:38:37] DEMO_PORTFOLIO_SCAN | XAUUSDm done active=P18,S101,S102,S105,S106,S111,LTS_EVOLUTION9,LTS_SCREEN13
[2026-09-18 01:38:39] TG_SENT | [AF SIGNAL] *📐 LTS_SCREEN13* | Leg: `LTS_SCREEN13_13 DIRECT_S419_M5` | BUY @ market lot `0.01` | SL `4347.61` TP `4373.69` | RD `3.26` H`1` | Weight `x1.000` Scale `1.00` | Ticket: `4731423869`
[2026-09-18 01:39:36] SYMBOL_CHECK | XAUUSDm trade_mode=4 xau_open=True | trade_mode=4 | tick_time=1789670377 | bid=4351.02 | ask=4351.28 | tick_ok=True | xau_open=True | current_symbol=XAUUSDm | startup=False
[2026-09-18 01:40:38] SYMBOL_CHECK | XAUUSDm trade_mode=4 xau_open=True | trade_mode=4 | tick_time=1789670437 | bid=4351.124 | ask=4351.384 | tick_ok=True | xau_open=True | current_symbol=XAUUSDm | startup=False
[2026-09-18 01:41:38] SYMBOL_CHECK | XAUUSDm trade_mode=4 xau_open=True | trade_mode=4 | tick_time=1789670498 | bid=4352.328 | ask=4352.588 | tick_ok=True | xau_open=True | current_symbol=XAUUSDm | startup=False
[2026-09-18 01:42:38] SYMBOL_CHECK | XAUUSDm trade_mode=4 xau_open=True | trade_mode=4 | tick_time=1789670558 | bid=4352.647 | ask=4352.907 | tick_ok=True | xau_open=True | current_symbol=XAUUSDm | startup=False
[2026-09-18 01:43:37] SYMBOL_CHECK | XAUUSDm trade_mode=4 xau_open=True | trade_mode=4 | tick_time=1789670618 | bid=4352.201 | ask=4352.461 | tick_ok=True | xau_open=True | current_symbol=XAUUSDm | startup=False
[2026-09-18 01:43:37] DEMO_PORTFOLIO_SCAN | XAUUSDm open active=P18,S101,S102,S105,S106,S111,LTS_EVOLUTION9,LTS_SCREEN13
[2026-09-18 01:43:37] DEMO_PORTFOLIO_SIGNAL | LTS_SCREEN13_13 BUY lot=0.01 sl=4347.601000000001 tp=4386.481000000001 rd=4.86 weight=1.000 scale=1.00 h=1 success=True ticket=4731438107 err=None
[2026-09-18 01:43:37] DEMO_PORTFOLIO_SCAN | XAUUSDm done active=P18,S101,S102,S105,S106,S111,LTS_EVOLUTION9,LTS_SCREEN13
[2026-09-18 01:43:38] TG_SENT | [AF SIGNAL] *📐 LTS_SCREEN13* | Leg: `LTS_SCREEN13_13 DIRECT_S419_M5` | BUY @ market lot `0.01` | SL `4347.60` TP `4386.48` | RD `4.86` H`1` | Weight `x1.000` Scale `1.00` | Ticket: `4731438107`
[2026-09-18 01:44:38] SYMBOL_CHECK | XAUUSDm trade_mode=4 xau_open=True | trade_mode=4 | tick_time=1789670678 | bid=4352.629 | ask=4352.889 | tick_ok=True | xau_open=True | current_symbol=XAUUSDm | startup=False
[2026-09-18 01:45:38] SYMBOL_CHECK | XAUUSDm trade_mode=4 xau_open=True | trade_mode=4 | tick_time=1789670737 | bid=4351.629 | ask=4351.889 | tick_ok=True | xau_open=True | current_symbol=XAUUSDm | startup=False
[2026-09-18 01:46:38] SYMBOL_CHECK | XAUUSDm trade_mode=4 xau_open=True | trade_mode=4 | tick_time=1789670798 | bid=4350.773 | ask=4351.033 | tick_ok=True | xau_open=True | current_symbol=XAUUSDm | startup=False
[2026-09-18 01:47:33] SYMBOL_CHECK | XAUUSDm trade_mode=4 xau_open=True | trade_mode=4 | tick_time=1789670857 | bid=4350.404 | ask=4350.664 | tick_ok=True | xau_open=True | current_symbol=XAUUSDm | startup=False
[2026-09-18 01:48:38] SYMBOL_CHECK | XAUUSDm trade_mode=4 xau_open=True | trade_mode=4 | tick_time=1789670918 | bid=4351.756 | ask=4352.016 | tick_ok=True | xau_open=True | current_symbol=XAUUSDm | startup=False
[2026-09-18 01:48:38] DEMO_PORTFOLIO_SCAN | XAUUSDm open active=P18,S101,S102,S105,S106,S111,LTS_EVOLUTION9,LTS_SCREEN13
[2026-09-18 01:48:38] DEMO_PORTFOLIO_SIGNAL | LTS_SCREEN13_13 BUY lot=0.01 sl=4349.389 tp=4370.829 rd=2.68 weight=1.000 scale=1.00 h=1 success=True ticket=4731448972 err=None
[2026-09-18 01:48:38] DEMO_PORTFOLIO_SCAN | XAUUSDm done active=P18,S101,S102,S105,S106,S111,LTS_EVOLUTION9,LTS_SCREEN13
[2026-09-18 01:48:39] TG_SENT | [AF SIGNAL] *📐 LTS_SCREEN13* | Leg: `LTS_SCREEN13_13 DIRECT_S419_M5` | BUY @ market lot `0.01` | SL `4349.39` TP `4370.83` | RD `2.68` H`1` | Weight `x1.000` Scale `1.00` | Ticket: `4731448972`
[2026-09-18 01:49:38] SYMBOL_CHECK | XAUUSDm trade_mode=4 xau_open=True | trade_mode=4 | tick_time=1789670978 | bid=4352.14 | ask=4352.4 | tick_ok=True | xau_open=True | current_symbol=XAUUSDm | startup=False
[2026-09-18 01:50:38] SYMBOL_CHECK | XAUUSDm trade_mode=4 xau_open=True | trade_mode=4 | tick_time=1789671038 | bid=4350.919 | ask=4351.179 | tick_ok=True | xau_open=True | current_symbol=XAUUSDm | startup=False
[2026-09-18 01:51:38] SYMBOL_CHECK | XAUUSDm trade_mode=4 xau_open=True | trade_mode=4 | tick_time=1789671098 | bid=4351.441 | ask=4351.701 | tick_ok=True | xau_open=True | current_symbol=XAUUSDm | startup=False
[2026-09-18 01:52:37] SYMBOL_CHECK | XAUUSDm trade_mode=4 xau_open=True | trade_mode=4 | tick_time=1789671157 | bid=4350.315 | ask=4350.575 | tick_ok=True | xau_open=True | current_symbol=XAUUSDm | startup=False
[2026-09-18 01:53:08] POSITION_CLOSED | 🛑 SL Hit | ticket=4731448972 | side=BUY | symbol=XAUUSDm | tf=M5 | sid=21 | pattern=- | trend_filter=- | open_price=4352.069 | close_price=4349.39 | sl=4349.389 | tp=4370.829 | profit=-2.68 | reason=[sl 4349.389] | close_time=01:53:06 18/09/2026
[2026-09-18 01:53:09] TG_SENT | 🟢 *🛑 SL Hit* | ━━━━━━━━━━━━━━━━━ | 📊 TF: M5 | 📊 BUY XAUUSDm | 📌 เปิด: `4352.069` | 📌 ปิด: `4349.39` | 🛑 SL: `4349.389` | 🎯 TP: `4370.829` | 💬 เหตุผล: `[sl 4349.389]` | 💸 P/L: `-2.68` USD | 🔖 Ticket: `4731448972` | 🕐 Close Time: `01:53:06 18/09/2026`
[2026-09-18 01:53:37] SYMBOL_CHECK | XAUUSDm trade_mode=4 xau_open=True | trade_mode=4 | tick_time=1789671218 | bid=4350.459 | ask=4350.719 | tick_ok=True | xau_open=True | current_symbol=XAUUSDm | startup=False
[2026-09-18 01:53:37] DEMO_PORTFOLIO_SCAN | XAUUSDm open active=P18,S101,S102,S105,S106,S111,LTS_EVOLUTION9,LTS_SCREEN13
[2026-09-18 01:53:38] DEMO_PORTFOLIO_SIGNAL | LTS_SCREEN13_13 BUY lot=0.01 sl=4348.439 tp=4366.679 rd=2.28 weight=1.000 scale=1.00 h=1 success=True ticket=4731462093 err=None
[2026-09-18 01:53:38] DEMO_PORTFOLIO_SCAN | XAUUSDm done active=P18,S101,S102,S105,S106,S111,LTS_EVOLUTION9,LTS_SCREEN13
[2026-09-18 01:53:39] TG_SENT | [AF SIGNAL] *📐 LTS_SCREEN13* | Leg: `LTS_SCREEN13_13 DIRECT_S419_M5` | BUY @ market lot `0.01` | SL `4348.44` TP `4366.68` | RD `2.28` H`1` | Weight `x1.000` Scale `1.00` | Ticket: `4731462093`
[2026-09-18 01:54:37] SYMBOL_CHECK | XAUUSDm trade_mode=4 xau_open=True | trade_mode=4 | tick_time=1789671278 | bid=4350.27 | ask=4350.53 | tick_ok=True | xau_open=True | current_symbol=XAUUSDm | startup=False
[2026-09-18 01:55:38] SYMBOL_CHECK | XAUUSDm trade_mode=4 xau_open=True | trade_mode=4 | tick_time=1789671338 | bid=4350.603 | ask=4350.863 | tick_ok=True | xau_open=True | current_symbol=XAUUSDm | startup=False
[2026-09-18 01:56:38] SYMBOL_CHECK | XAUUSDm trade_mode=4 xau_open=True | trade_mode=4 | tick_time=1789671398 | bid=4350.538 | ask=4350.798 | tick_ok=True | xau_open=True | current_symbol=XAUUSDm | startup=False
[2026-09-18 01:57:37] SYMBOL_CHECK | XAUUSDm trade_mode=4 xau_open=True | trade_mode=4 | tick_time=1789671458 | bid=4351.625 | ask=4351.885 | tick_ok=True | xau_open=True | current_symbol=XAUUSDm | startup=False
[2026-09-18 01:58:38] SYMBOL_CHECK | XAUUSDm trade_mode=4 xau_open=True | trade_mode=4 | tick_time=1789671517 | bid=4351.387 | ask=4351.647 | tick_ok=True | xau_open=True | current_symbol=XAUUSDm | startup=False
[2026-09-18 01:58:38] DEMO_PORTFOLIO_SCAN | XAUUSDm open active=P18,S101,S102,S105,S106,S111,LTS_EVOLUTION9,LTS_SCREEN13
[2026-09-18 01:58:38] DEMO_PORTFOLIO_SIGNAL | LTS_SCREEN13_13 BUY lot=0.01 sl=4348.444 tp=4372.204 rd=2.97 weight=1.000 scale=1.00 h=1 success=True ticket=4731470438 err=None
[2026-09-18 01:58:38] DEMO_PORTFOLIO_SCAN | XAUUSDm done active=P18,S101,S102,S105,S106,S111,LTS_EVOLUTION9,LTS_SCREEN13
[2026-09-18 01:58:39] TG_SENT | [AF SIGNAL] *📐 LTS_SCREEN13* | Leg: `LTS_SCREEN13_13 DIRECT_S419_M5` | BUY @ market lot `0.01` | SL `4348.44` TP `4372.20` | RD `2.97` H`1` | Weight `x1.000` Scale `1.00` | Ticket: `4731470438`
[2026-09-18 01:59:37] SYMBOL_CHECK | XAUUSDm trade_mode=4 xau_open=True | trade_mode=4 | tick_time=1789671578 | bid=4351.311 | ask=4351.571 | tick_ok=True | xau_open=True | current_symbol=XAUUSDm | startup=False
[2026-09-18 02:00:38] SYMBOL_CHECK | XAUUSDm trade_mode=4 xau_open=True | trade_mode=4 | tick_time=1789671637 | bid=4353.153 | ask=4353.413 | tick_ok=True | xau_open=True | current_symbol=XAUUSDm | startup=False
[2026-09-18 02:01:38] SYMBOL_CHECK | XAUUSDm trade_mode=4 xau_open=True | trade_mode=4 | tick_time=1789671698 | bid=4354.962 | ask=4355.222 | tick_ok=True | xau_open=True | current_symbol=XAUUSDm | startup=False
[2026-09-18 02:02:37] SYMBOL_CHECK | XAUUSDm trade_mode=4 xau_open=True | trade_mode=4 | tick_time=1789671756 | bid=4354.531 | ask=4354.791 | tick_ok=True | xau_open=True | current_symbol=XAUUSDm | startup=False
[2026-09-18 02:03:38] SYMBOL_CHECK | XAUUSDm trade_mode=4 xau_open=True | trade_mode=4 | tick_time=1789671817 | bid=4354.824 | ask=4355.084 | tick_ok=True | xau_open=True | current_symbol=XAUUSDm | startup=False
[2026-09-18 02:03:38] DEMO_PORTFOLIO_SCAN | XAUUSDm open active=P18,S101,S102,S105,S106,S111,LTS_EVOLUTION9,LTS_SCREEN13
[2026-09-18 02:03:38] DEMO_PORTFOLIO_SIGNAL | LTS_SCREEN13_13 BUY lot=0.01 sl=4349.183999999999 tp=4395.9839999999995 rd=5.85 weight=1.000 scale=1.00 h=2 success=True ticket=4731488149 err=None
[2026-09-18 02:03:38] DEMO_PORTFOLIO_SCAN | XAUUSDm done active=P18,S101,S102,S105,S106,S111,LTS_EVOLUTION9,LTS_SCREEN13
[2026-09-18 02:03:39] TG_SENT | [AF SIGNAL] *📐 LTS_SCREEN13* | Leg: `LTS_SCREEN13_13 DIRECT_S419_M5` | BUY @ market lot `0.01` | SL `4349.18` TP `4395.98` | RD `5.85` H`2` | Weight `x1.000` Scale `1.00` | Ticket: `4731488149`
[2026-09-18 02:04:38] SYMBOL_CHECK | XAUUSDm trade_mode=4 xau_open=True | trade_mode=4 | tick_time=1789671878 | bid=4354.566 | ask=4354.826 | tick_ok=True | xau_open=True | current_symbol=XAUUSDm | startup=False
[2026-09-18 02:05:38] SYMBOL_CHECK | XAUUSDm trade_mode=4 xau_open=True | trade_mode=4 | tick_time=1789671938 | bid=4354.234 | ask=4354.494 | tick_ok=True | xau_open=True | current_symbol=XAUUSDm | startup=False
[2026-09-18 02:06:38] SYMBOL_CHECK | XAUUSDm trade_mode=4 xau_open=True | trade_mode=4 | tick_time=1789671998 | bid=4353.911 | ask=4354.171 | tick_ok=True | xau_open=True | current_symbol=XAUUSDm | startup=False
[2026-09-18 02:07:38] SYMBOL_CHECK | XAUUSDm trade_mode=4 xau_open=True | trade_mode=4 | tick_time=1789672058 | bid=4354.197 | ask=4354.457 | tick_ok=True | xau_open=True | current_symbol=XAUUSDm | startup=False
[2026-09-18 02:08:38] SYMBOL_CHECK | XAUUSDm trade_mode=4 xau_open=True | trade_mode=4 | tick_time=1789672118 | bid=4355.213 | ask=4355.473 | tick_ok=True | xau_open=True | current_symbol=XAUUSDm | startup=False
[2026-09-18 02:08:38] DEMO_PORTFOLIO_SCAN | XAUUSDm open active=P18,S101,S102,S105,S106,S111,LTS_EVOLUTION9,LTS_SCREEN13
[2026-09-18 02:08:38] DEMO_PORTFOLIO_SIGNAL | LTS_SCREEN13_9 SELL lot=0.01 sl=4359.533 tp=4320.563000000001 rd=4.33 weight=1.000 scale=1.00 h=2 success=True ticket=4731496582 err=None
[2026-09-18 02:08:38] DEMO_PORTFOLIO_SIGNAL | LTS_SCREEN13_13 BUY lot=0.01 sl=4350.443 tp=4390.603 rd=5.02 weight=1.000 scale=1.00 h=2 success=True ticket=4731496586 err=None
[2026-09-18 02:08:38] DEMO_PORTFOLIO_SCAN | XAUUSDm done active=P18,S101,S102,S105,S106,S111,LTS_EVOLUTION9,LTS_SCREEN13
[2026-09-18 02:08:39] TG_SENT | [AF SIGNAL] *📐 LTS_SCREEN13* | Leg: `LTS_SCREEN13_9 DIRECT_S418_M5` | SELL @ market lot `0.01` | SL `4359.53` TP `4320.56` | RD `4.33` H`2` | Weight `x1.000` Scale `1.00` | Ticket: `4731496582`
[2026-09-18 02:08:43] TG_SENT | [AF SIGNAL] *📐 LTS_SCREEN13* | Leg: `LTS_SCREEN13_13 DIRECT_S419_M5` | BUY @ market lot `0.01` | SL `4350.44` TP `4390.60` | RD `5.02` H`2` | Weight `x1.000` Scale `1.00` | Ticket: `4731496586`
[2026-09-18 02:09:38] SYMBOL_CHECK | XAUUSDm trade_mode=4 xau_open=True | trade_mode=4 | tick_time=1789672178 | bid=4354.45 | ask=4354.71 | tick_ok=True | xau_open=True | current_symbol=XAUUSDm | startup=False
[2026-09-18 02:10:37] SYMBOL_CHECK | XAUUSDm trade_mode=4 xau_open=True | trade_mode=4 | tick_time=1789672237 | bid=4354.498 | ask=4354.758 | tick_ok=True | xau_open=True | current_symbol=XAUUSDm | startup=False
[2026-09-18 02:11:37] SYMBOL_CHECK | XAUUSDm trade_mode=4 xau_open=True | trade_mode=4 | tick_time=1789672297 | bid=4354.566 | ask=4354.826 | tick_ok=True | xau_open=True | current_symbol=XAUUSDm | startup=False
[2026-09-18 02:12:37] SYMBOL_CHECK | XAUUSDm trade_mode=4 xau_open=True | trade_mode=4 | tick_time=1789672357 | bid=4354.739 | ask=4354.999 | tick_ok=True | xau_open=True | current_symbol=XAUUSDm | startup=False
[2026-09-18 02:13:38] SYMBOL_CHECK | XAUUSDm trade_mode=4 xau_open=True | trade_mode=4 | tick_time=1789672418 | bid=4355.355 | ask=4355.615 | tick_ok=True | xau_open=True | current_symbol=XAUUSDm | startup=False
[2026-09-18 02:13:38] DEMO_PORTFOLIO_SCAN | XAUUSDm open active=P18,S101,S102,S105,S106,S111,LTS_EVOLUTION9,LTS_SCREEN13
[2026-09-18 02:13:38] DEMO_PORTFOLIO_SIGNAL | LTS_SCREEN13_9 SELL lot=0.01 sl=4357.025 tp=4341.994999999999 rd=1.67 weight=1.000 scale=1.00 h=2 success=True ticket=4731508196 err=None
[2026-09-18 02:13:38] DEMO_PORTFOLIO_SIGNAL | LTS_SCREEN13_13 BUY lot=0.01 sl=4352.418 tp=4376.338 rd=2.99 weight=1.000 scale=1.00 h=2 success=True ticket=4731508203 err=None
[2026-09-18 02:13:38] DEMO_PORTFOLIO_SCAN | XAUUSDm done active=P18,S101,S102,S105,S106,S111,LTS_EVOLUTION9,LTS_SCREEN13
[2026-09-18 02:13:39] TG_SENT | [AF SIGNAL] *📐 LTS_SCREEN13* | Leg: `LTS_SCREEN13_9 DIRECT_S418_M5` | SELL @ market lot `0.01` | SL `4357.02` TP `4341.99` | RD `1.67` H`2` | Weight `x1.000` Scale `1.00` | Ticket: `4731508196`
[2026-09-18 02:13:43] TG_SENT | [AF SIGNAL] *📐 LTS_SCREEN13* | Leg: `LTS_SCREEN13_13 DIRECT_S419_M5` | BUY @ market lot `0.01` | SL `4352.42` TP `4376.34` | RD `2.99` H`2` | Weight `x1.000` Scale `1.00` | Ticket: `4731508203`
[2026-09-18 02:14:37] SYMBOL_CHECK | XAUUSDm trade_mode=4 xau_open=True | trade_mode=4 | tick_time=1789672477 | bid=4354.771 | ask=4355.031 | tick_ok=True | xau_open=True | current_symbol=XAUUSDm | startup=False
[2026-09-18 02:15:37] SYMBOL_CHECK | XAUUSDm trade_mode=4 xau_open=True | trade_mode=4 | tick_time=1789672537 | bid=4353.686 | ask=4353.946 | tick_ok=True | xau_open=True | current_symbol=XAUUSDm | startup=False
[2026-09-18 02:16:08] POSITION_CLOSED | 🛑 SL Hit | ticket=4731508203 | side=BUY | symbol=XAUUSDm | tf=M5 | sid=21 | pattern=- | trend_filter=- | open_price=4355.463000000001 | close_price=4352.42 | sl=4352.418 | tp=4376.338 | profit=-3.04 | reason=[sl 4352.41800] | close_time=02:16:04 18/09/2026
[2026-09-18 02:16:08] TG_SENT | 🟢 *🛑 SL Hit* | ━━━━━━━━━━━━━━━━━ | 📊 TF: M5 | 📊 BUY XAUUSDm | 📌 เปิด: `4355.463000000001` | 📌 ปิด: `4352.42` | 🛑 SL: `4352.418` | 🎯 TP: `4376.338` | 💬 เหตุผล: `[sl 4352.41800]` | 💸 P/L: `-3.04` USD | 🔖 Ticket: `4731508203` | 🕐 Close Time: `02:16:04 18/09/2026`
[2026-09-18 02:16:37] SYMBOL_CHECK | XAUUSDm trade_mode=4 xau_open=True | trade_mode=4 | tick_time=1789672597 | bid=4352.235 | ask=4352.495 | tick_ok=True | xau_open=True | current_symbol=XAUUSDm | startup=False
[2026-09-18 02:17:01] POSITION_CLOSED | 🛑 SL Hit | ticket=4731496586 | side=BUY | symbol=XAUUSDm | tf=M5 | sid=21 | pattern=- | trend_filter=- | open_price=4355.463000000001 | close_price=4349.78 | sl=4350.443 | tp=4390.603 | profit=-5.67 | reason=[sl 4350.44300] | close_time=02:17:02 18/09/2026
[2026-09-18 02:17:02] TG_SENT | 🟢 *🛑 SL Hit* | ━━━━━━━━━━━━━━━━━ | 📊 TF: M5 | 📊 BUY XAUUSDm | 📌 เปิด: `4355.463000000001` | 📌 ปิด: `4349.78` | 🛑 SL: `4350.443` | 🎯 TP: `4390.603` | 💬 เหตุผล: `[sl 4350.44300]` | 💸 P/L: `-5.67` USD | 🔖 Ticket: `4731496586` | 🕐 Close Time: `02:17:02 18/09/2026`
[2026-09-18 02:17:07] POSITION_CLOSED | 🛑 SL Hit | ticket=4731488149 | side=BUY | symbol=XAUUSDm | tf=M5 | sid=21 | pattern=- | trend_filter=- | open_price=4355.034000000001 | close_price=4349.18 | sl=4349.184 | tp=4395.984 | profit=-5.85 | reason=[sl 4349.18400] | close_time=02:17:04 18/09/2026
[2026-09-18 02:17:07] TG_SENT | 🟢 *🛑 SL Hit* | ━━━━━━━━━━━━━━━━━ | 📊 TF: M5 | 📊 BUY XAUUSDm | 📌 เปิด: `4355.034000000001` | 📌 ปิด: `4349.18` | 🛑 SL: `4349.184` | 🎯 TP: `4395.984` | 💬 เหตุผล: `[sl 4349.18400]` | 💸 P/L: `-5.85` USD | 🔖 Ticket: `4731488149` | 🕐 Close Time: `02:17:04 18/09/2026`
[2026-09-18 02:17:37] SYMBOL_CHECK | XAUUSDm trade_mode=4 xau_open=True | trade_mode=4 | tick_time=1789672657 | bid=4349.616 | ask=4349.876 | tick_ok=True | xau_open=True | current_symbol=XAUUSDm | startup=False
[2026-09-18 02:18:38] SYMBOL_CHECK | XAUUSDm trade_mode=4 xau_open=True | trade_mode=4 | tick_time=1789672717 | bid=4350.458 | ask=4350.718 | tick_ok=True | xau_open=True | current_symbol=XAUUSDm | startup=False
[2026-09-18 02:18:38] DEMO_PORTFOLIO_SCAN | XAUUSDm open active=P18,S101,S102,S105,S106,S111,LTS_EVOLUTION9,LTS_SCREEN13
[2026-09-18 02:18:38] DEMO_PORTFOLIO_SIGNAL | LTS_SCREEN13_13 BUY lot=0.01 sl=4348.1179999999995 tp=4368.918 rd=2.60 weight=1.000 scale=1.00 h=2 success=True ticket=4731522513 err=None
[2026-09-18 02:18:38] DEMO_PORTFOLIO_SCAN | XAUUSDm done active=P18,S101,S102,S105,S106,S111,LTS_EVOLUTION9,LTS_SCREEN13
[2026-09-18 02:18:39] TG_SENT | [AF SIGNAL] *📐 LTS_SCREEN13* | Leg: `LTS_SCREEN13_13 DIRECT_S419_M5` | BUY @ market lot `0.01` | SL `4348.12` TP `4368.92` | RD `2.60` H`2` | Weight `x1.000` Scale `1.00` | Ticket: `4731522513`
[2026-09-18 02:19:38] SYMBOL_CHECK | XAUUSDm trade_mode=4 xau_open=True | trade_mode=4 | tick_time=1789672778 | bid=4351.868 | ask=4352.128 | tick_ok=True | xau_open=True | current_symbol=XAUUSDm | startup=False
[2026-09-18 02:20:38] SYMBOL_CHECK | XAUUSDm trade_mode=4 xau_open=True | trade_mode=4 | tick_time=1789672837 | bid=4351.18 | ask=4351.44 | tick_ok=True | xau_open=True | current_symbol=XAUUSDm | startup=False
[2026-09-18 02:21:38] SYMBOL_CHECK | XAUUSDm trade_mode=4 xau_open=True | trade_mode=4 | tick_time=1789672898 | bid=4349.559 | ask=4349.819 | tick_ok=True | xau_open=True | current_symbol=XAUUSDm | startup=False
[2026-09-18 02:21:48] POSITION_CLOSED | 🛑 SL Hit | ticket=4729662304 | side=BUY | symbol=XAUUSDm | tf=M5 | sid=21 | pattern=- | trend_filter=- | open_price=4363.726000000001 | close_price=4347.63 | sl=4347.627 | tp=4389.257 | profit=-16.1 | reason=[sl 4347.627] | close_time=02:21:46 18/09/2026
[2026-09-18 02:21:48] POSITION_CLOSED | 🛑 SL Hit | ticket=4731470438 | side=BUY | symbol=XAUUSDm | tf=M5 | sid=21 | pattern=- | trend_filter=- | open_price=4351.414000000001 | close_price=4347.77 | sl=4348.444 | tp=4372.204 | profit=-3.64 | reason=[sl 4348.444] | close_time=02:21:46 18/09/2026
[2026-09-18 02:21:48] POSITION_CLOSED | 🛑 SL Hit | ticket=4731462093 | side=BUY | symbol=XAUUSDm | tf=M5 | sid=21 | pattern=- | trend_filter=- | open_price=4350.719 | close_price=4347.77 | sl=4348.439 | tp=4366.679 | profit=-2.95 | reason=[sl 4348.43900] | close_time=02:21:47 18/09/2026
[2026-09-18 02:21:48] POSITION_CLOSED | 🛑 SL Hit | ticket=4731522513 | side=BUY | symbol=XAUUSDm | tf=M5 | sid=21 | pattern=- | trend_filter=- | open_price=4350.718000000001 | close_price=4348.12 | sl=4348.118 | tp=4368.918 | profit=-2.6 | reason=[sl 4348.11800] | close_time=02:21:47 18/09/2026
[2026-09-18 02:21:48] POSITION_CLOSED | 🛑 SL Hit | ticket=4731438107 | side=BUY | symbol=XAUUSDm | tf=M5 | sid=21 | pattern=- | trend_filter=- | open_price=4352.461 | close_price=4347.6 | sl=4347.601 | tp=4386.481 | profit=-4.86 | reason=[sl 4347.601] | close_time=02:21:46 18/09/2026
[2026-09-18 02:21:48] POSITION_CLOSED | 🛑 SL Hit | ticket=4731423869 | side=BUY | symbol=XAUUSDm | tf=M5 | sid=21 | pattern=- | trend_filter=- | open_price=4350.871 | close_price=4347.61 | sl=4347.611 | tp=4373.691 | profit=-3.26 | reason=[sl 4347.611] | close_time=02:21:46 18/09/2026
[2026-09-18 02:21:52] TG_SENT | 🟢 *🛑 SL Hit* | ━━━━━━━━━━━━━━━━━ | 📊 TF: M5 | 📊 BUY XAUUSDm | 📌 เปิด: `4363.726000000001` | 📌 ปิด: `4347.63` | 🛑 SL: `4347.627` | 🎯 TP: `4389.257` | 💬 เหตุผล: `[sl 4347.627]` | 💸 P/L: `-16.1` USD | 🔖 Ticket: `4729662304` | 🕐 Close Time: `02:21:46 18/09/2026`
[2026-09-18 02:21:56] TG_SENT | 🟢 *🛑 SL Hit* | ━━━━━━━━━━━━━━━━━ | 📊 TF: M5 | 📊 BUY XAUUSDm | 📌 เปิด: `4351.414000000001` | 📌 ปิด: `4347.77` | 🛑 SL: `4348.444` | 🎯 TP: `4372.204` | 💬 เหตุผล: `[sl 4348.444]` | 💸 P/L: `-3.64` USD | 🔖 Ticket: `4731470438` | 🕐 Close Time: `02:21:46 18/09/2026`
[2026-09-18 02:22:00] TG_SENT | 🟢 *🛑 SL Hit* | ━━━━━━━━━━━━━━━━━ | 📊 TF: M5 | 📊 BUY XAUUSDm | 📌 เปิด: `4350.719` | 📌 ปิด: `4347.77` | 🛑 SL: `4348.439` | 🎯 TP: `4366.679` | 💬 เหตุผล: `[sl 4348.43900]` | 💸 P/L: `-2.95` USD | 🔖 Ticket: `4731462093` | 🕐 Close Time: `02:21:47 18/09/2026`
[2026-09-18 02:22:03] TG_SENT | 🟢 *🛑 SL Hit* | ━━━━━━━━━━━━━━━━━ | 📊 TF: M5 | 📊 BUY XAUUSDm | 📌 เปิด: `4350.718000000001` | 📌 ปิด: `4348.12` | 🛑 SL: `4348.118` | 🎯 TP: `4368.918` | 💬 เหตุผล: `[sl 4348.11800]` | 💸 P/L: `-2.6` USD | 🔖 Ticket: `4731522513` | 🕐 Close Time: `02:21:47 18/09/2026`
[2026-09-18 02:22:07] TG_SENT | 🟢 *🛑 SL Hit* | ━━━━━━━━━━━━━━━━━ | 📊 TF: M5 | 📊 BUY XAUUSDm | 📌 เปิด: `4352.461` | 📌 ปิด: `4347.6` | 🛑 SL: `4347.601` | 🎯 TP: `4386.481` | 💬 เหตุผล: `[sl 4347.601]` | 💸 P/L: `-4.86` USD | 🔖 Ticket: `4731438107` | 🕐 Close Time: `02:21:46 18/09/2026`
[2026-09-18 02:22:11] TG_SENT | 🟢 *🛑 SL Hit* | ━━━━━━━━━━━━━━━━━ | 📊 TF: M5 | 📊 BUY XAUUSDm | 📌 เปิด: `4350.871` | 📌 ปิด: `4347.61` | 🛑 SL: `4347.611` | 🎯 TP: `4373.691` | 💬 เหตุผล: `[sl 4347.611]` | 💸 P/L: `-3.26` USD | 🔖 Ticket: `4731423869` | 🕐 Close Time: `02:21:46 18/09/2026`
[2026-09-18 02:22:38] SYMBOL_CHECK | XAUUSDm trade_mode=4 xau_open=True | trade_mode=4 | tick_time=1789672958 | bid=4348.933 | ask=4349.193 | tick_ok=True | xau_open=True | current_symbol=XAUUSDm | startup=False
[2026-09-18 02:23:37] SYMBOL_CHECK | XAUUSDm trade_mode=4 xau_open=True | trade_mode=4 | tick_time=1789673018 | bid=4347.879 | ask=4348.139 | tick_ok=True | xau_open=True | current_symbol=XAUUSDm | startup=False
[2026-09-18 02:23:37] DEMO_PORTFOLIO_SCAN | XAUUSDm open active=P18,S101,S102,S105,S106,S111,LTS_EVOLUTION9,LTS_SCREEN13
[2026-09-18 02:23:37] DEMO_PORTFOLIO_SIGNAL | LTS_SCREEN13_13 BUY lot=0.01 sl=4346.725 tp=4354.485 rd=0.97 weight=1.000 scale=1.00 h=2 success=True ticket=4731534951 err=None
[2026-09-18 02:23:37] DEMO_PORTFOLIO_SCAN | XAUUSDm done active=P18,S101,S102,S105,S106,S111,LTS_EVOLUTION9,LTS_SCREEN13
[2026-09-18 02:23:38] TG_SENT | [AF SIGNAL] *📐 LTS_SCREEN13* | Leg: `LTS_SCREEN13_13 DIRECT_S419_M5` | BUY @ market lot `0.01` | SL `4346.73` TP `4354.48` | RD `0.97` H`2` | Weight `x1.000` Scale `1.00` | Ticket: `4731534951`
[2026-09-18 02:24:38] SYMBOL_CHECK | XAUUSDm trade_mode=4 xau_open=True | trade_mode=4 | tick_time=1789673078 | bid=4348.646 | ask=4348.906 | tick_ok=True | xau_open=True | current_symbol=XAUUSDm | startup=False
[2026-09-18 02:25:37] SYMBOL_CHECK | XAUUSDm trade_mode=4 xau_open=True | trade_mode=4 | tick_time=1789673138 | bid=4349.105 | ask=4349.365 | tick_ok=True | xau_open=True | current_symbol=XAUUSDm | startup=False
[2026-09-18 02:26:38] SYMBOL_CHECK | XAUUSDm trade_mode=4 xau_open=True | trade_mode=4 | tick_time=1789673198 | bid=4348.598 | ask=4348.858 | tick_ok=True | xau_open=True | current_symbol=XAUUSDm | startup=False
[2026-09-18 02:26:58] POSITION_CLOSED | 🛑 SL Hit | ticket=4730761914 | side=BUY | symbol=XAUUSDm | tf=M5 | sid=21 | pattern=- | trend_filter=- | open_price=4371.0650000000005 | close_price=4347.02 | sl=4347.015 | tp=4419.165 | profit=-24.05 | reason=[sl 4347.015] | close_time=02:26:57 18/09/2026
[2026-09-18 02:26:58] TG_SENT | 🟢 *🛑 SL Hit* | ━━━━━━━━━━━━━━━━━ | 📊 TF: M5 | 📊 BUY XAUUSDm | 📌 เปิด: `4371.0650000000005` | 📌 ปิด: `4347.02` | 🛑 SL: `4347.015` | 🎯 TP: `4419.165` | 💬 เหตุผล: `[sl 4347.015]` | 💸 P/L: `-24.05` USD | 🔖 Ticket: `4730761914` | 🕐 Close Time: `02:26:57 18/09/2026`
[2026-09-18 02:27:03] POSITION_CLOSED | 🛑 SL Hit | ticket=4731534951 | side=BUY | symbol=XAUUSDm | tf=M5 | sid=21 | pattern=- | trend_filter=- | open_price=4347.695000000001 | close_price=4346.73 | sl=4346.725 | tp=4354.485 | profit=-0.97 | reason=[sl 4346.72500] | close_time=02:26:59 18/09/2026
[2026-09-18 02:27:03] TG_SENT | 🟢 *🛑 SL Hit* | ━━━━━━━━━━━━━━━━━ | 📊 TF: M5 | 📊 BUY XAUUSDm | 📌 เปิด: `4347.695000000001` | 📌 ปิด: `4346.73` | 🛑 SL: `4346.725` | 🎯 TP: `4354.485` | 💬 เหตุผล: `[sl 4346.72500]` | 💸 P/L: `-0.97` USD | 🔖 Ticket: `4731534951` | 🕐 Close Time: `02:26:59 18/09/2026`
[2026-09-18 02:27:38] SYMBOL_CHECK | XAUUSDm trade_mode=4 xau_open=True | trade_mode=4 | tick_time=1789673258 | bid=4346.449 | ask=4346.709 | tick_ok=True | xau_open=True | current_symbol=XAUUSDm | startup=False
[2026-09-18 02:27:57] POSITION_CLOSED | 🛑 SL Hit | ticket=4730584521 | side=BUY | symbol=XAUUSDm | tf=M5 | sid=21 | pattern=- | trend_filter=- | open_price=4357.955 | close_price=4344.75 | sl=4345.525 | tp=4376.605 | profit=-13.21 | reason=[sl 4345.52500] | close_time=02:27:58 18/09/2026
[2026-09-18 02:27:58] TG_SENT | 🟢 *🛑 SL Hit* | ━━━━━━━━━━━━━━━━━ | 📊 TF: M5 | 📊 BUY XAUUSDm | 📌 เปิด: `4357.955` | 📌 ปิด: `4344.75` | 🛑 SL: `4345.525` | 🎯 TP: `4376.605` | 💬 เหตุผล: `[sl 4345.52500]` | 💸 P/L: `-13.21` USD | 🔖 Ticket: `4730584521` | 🕐 Close Time: `02:27:58 18/09/2026`
[2026-09-18 02:28:03] POSITION_CLOSED | 🛑 SL Hit | ticket=4728728344 | side=BUY | symbol=XAUUSDm | tf=M5 | sid=21 | pattern=- | trend_filter=- | open_price=4353.700000000001 | close_price=4344.85 | sl=4344.85 | tp=4424.5 | profit=-8.85 | reason=[sl 4344.85000] | close_time=02:27:59 18/09/2026
[2026-09-18 02:28:03] POSITION_CLOSED | 🛑 SL Hit | ticket=4728728332 | side=BUY | symbol=XAUUSDm | tf=M5 | sid=21 | pattern=- | trend_filter=- | open_price=4353.700000000001 | close_price=4344.85 | sl=4344.85 | tp=4540.44 | profit=-8.85 | reason=[sl 4344.850] | close_time=02:27:59 18/09/2026
[2026-09-18 02:28:03] POSITION_CLOSED | 🛑 SL Hit | ticket=4728728342 | side=BUY | symbol=XAUUSDm | tf=M5 | sid=21 | pattern=- | trend_filter=- | open_price=4353.700000000001 | close_price=4344.85 | sl=4344.85 | tp=4448.4 | profit=-8.85 | reason=[sl 4344.85000] | close_time=02:27:59 18/09/2026
[2026-09-18 02:28:03] TG_SENT | 🟢 *🛑 SL Hit* | ━━━━━━━━━━━━━━━━━ | 📊 TF: M5 | 📊 BUY XAUUSDm | 📌 เปิด: `4353.700000000001` | 📌 ปิด: `4344.85` | 🛑 SL: `4344.85` | 🎯 TP: `4424.5` | 💬 เหตุผล: `[sl 4344.85000]` | 💸 P/L: `-8.85` USD | 🔖 Ticket: `4728728344` | 🕐 Close Time: `02:27:59 18/09/2026`
[2026-09-18 02:28:07] TG_SENT | 🟢 *🛑 SL Hit* | ━━━━━━━━━━━━━━━━━ | 📊 TF: M5 | 📊 BUY XAUUSDm | 📌 เปิด: `4353.700000000001` | 📌 ปิด: `4344.85` | 🛑 SL: `4344.85` | 🎯 TP: `4540.44` | 💬 เหตุผล: `[sl 4344.850]` | 💸 P/L: `-8.85` USD | 🔖 Ticket: `4728728332` | 🕐 Close Time: `02:27:59 18/09/2026`
[2026-09-18 02:28:07] POSITION_CLOSED | 🛑 SL Hit | ticket=4728728348 | side=BUY | symbol=XAUUSDm | tf=M5 | sid=21 | pattern=- | trend_filter=- | open_price=4353.700000000001 | close_price=4343.28 | sl=4344.14 | tp=4420.62 | profit=-10.42 | reason=[sl 4344.14000] | close_time=02:28:04 18/09/2026
[2026-09-18 02:28:10] TG_SENT | 🟢 *🛑 SL Hit* | ━━━━━━━━━━━━━━━━━ | 📊 TF: M5 | 📊 BUY XAUUSDm | 📌 เปิด: `4353.700000000001` | 📌 ปิด: `4344.85` | 🛑 SL: `4344.85` | 🎯 TP: `4448.4` | 💬 เหตุผล: `[sl 4344.85000]` | 💸 P/L: `-8.85` USD | 🔖 Ticket: `4728728342` | 🕐 Close Time: `02:27:59 18/09/2026`
[2026-09-18 02:28:14] TG_SENT | 🟢 *🛑 SL Hit* | ━━━━━━━━━━━━━━━━━ | 📊 TF: M5 | 📊 BUY XAUUSDm | 📌 เปิด: `4353.700000000001` | 📌 ปิด: `4343.28` | 🛑 SL: `4344.14` | 🎯 TP: `4420.62` | 💬 เหตุผล: `[sl 4344.14000]` | 💸 P/L: `-10.42` USD | 🔖 Ticket: `4728728348` | 🕐 Close Time: `02:28:04 18/09/2026`
[2026-09-18 02:28:38] SYMBOL_CHECK | XAUUSDm trade_mode=4 xau_open=True | trade_mode=4 | tick_time=1789673318 | bid=4344.8 | ask=4345.06 | tick_ok=True | xau_open=True | current_symbol=XAUUSDm | startup=False
[2026-09-18 02:28:38] DEMO_PORTFOLIO_SCAN | XAUUSDm open active=P18,S101,S102,S105,S106,S111,LTS_EVOLUTION9,LTS_SCREEN13
[2026-09-18 02:28:38] DEMO_PORTFOLIO_SIGNAL | LTS_SCREEN13_13 BUY lot=0.01 sl=4342.562 tp=4364.9619999999995 rd=2.80 weight=1.000 scale=1.00 h=2 success=True ticket=4731554991 err=None
[2026-09-18 02:28:38] DEMO_PORTFOLIO_SCAN | XAUUSDm done active=P18,S101,S102,S105,S106,S111,LTS_EVOLUTION9,LTS_SCREEN13
[2026-09-18 02:28:39] TG_SENT | [AF SIGNAL] *📐 LTS_SCREEN13* | Leg: `LTS_SCREEN13_13 DIRECT_S419_M5` | BUY @ market lot `0.01` | SL `4342.56` TP `4364.96` | RD `2.80` H`2` | Weight `x1.000` Scale `1.00` | Ticket: `4731554991`
[2026-09-18 02:29:38] SYMBOL_CHECK | XAUUSDm trade_mode=4 xau_open=True | trade_mode=4 | tick_time=1789673378 | bid=4344.398 | ask=4344.658 | tick_ok=True | xau_open=True | current_symbol=XAUUSDm | startup=False
[2026-09-18 02:30:03] POSITION_CLOSED | 🛑 SL Hit | ticket=4731554991 | side=BUY | symbol=XAUUSDm | tf=M5 | sid=21 | pattern=- | trend_filter=- | open_price=4345.362 | close_price=4342.56 | sl=4342.562 | tp=4364.962 | profit=-2.8 | reason=[sl 4342.56200] | close_time=02:30:03 18/09/2026
[2026-09-18 02:30:03] TG_SENT | 🟢 *🛑 SL Hit* | ━━━━━━━━━━━━━━━━━ | 📊 TF: M5 | 📊 BUY XAUUSDm | 📌 เปิด: `4345.362` | 📌 ปิด: `4342.56` | 🛑 SL: `4342.562` | 🎯 TP: `4364.962` | 💬 เหตุผล: `[sl 4342.56200]` | 💸 P/L: `-2.8` USD | 🔖 Ticket: `4731554991` | 🕐 Close Time: `02:30:03 18/09/2026`
[2026-09-18 02:30:38] SYMBOL_CHECK | XAUUSDm trade_mode=4 xau_open=True | trade_mode=4 | tick_time=1789673438 | bid=4345.681 | ask=4345.941 | tick_ok=True | xau_open=True | current_symbol=XAUUSDm | startup=False
[2026-09-18 02:31:38] SYMBOL_CHECK | XAUUSDm trade_mode=4 xau_open=True | trade_mode=4 | tick_time=1789673498 | bid=4346.031 | ask=4346.291 | tick_ok=True | xau_open=True | current_symbol=XAUUSDm | startup=False
[2026-09-18 02:32:37] SYMBOL_CHECK | XAUUSDm trade_mode=4 xau_open=True | trade_mode=4 | tick_time=1789673558 | bid=4344.962 | ask=4345.222 | tick_ok=True | xau_open=True | current_symbol=XAUUSDm | startup=False
[2026-09-18 02:33:37] SYMBOL_CHECK | XAUUSDm trade_mode=4 xau_open=True | trade_mode=4 | tick_time=1789673618 | bid=4344.243 | ask=4344.503 | tick_ok=True | xau_open=True | current_symbol=XAUUSDm | startup=False
[2026-09-18 02:33:37] DEMO_PORTFOLIO_SCAN | XAUUSDm open active=P18,S101,S102,S105,S106,S111,LTS_EVOLUTION9,LTS_SCREEN13
[2026-09-18 02:33:37] DEMO_PORTFOLIO_SIGNAL | LTS_SCREEN13_13 BUY lot=0.01 sl=4341.773 tp=4363.613 rd=2.73 weight=1.000 scale=1.00 h=2 success=True ticket=4731570933 err=None
[2026-09-18 02:33:37] DEMO_PORTFOLIO_SCAN | XAUUSDm done active=P18,S101,S102,S105,S106,S111,LTS_EVOLUTION9,LTS_SCREEN13
[2026-09-18 02:33:38] TG_SENT | [AF SIGNAL] *📐 LTS_SCREEN13* | Leg: `LTS_SCREEN13_13 DIRECT_S419_M5` | BUY @ market lot `0.01` | SL `4341.77` TP `4363.61` | RD `2.73` H`2` | Weight `x1.000` Scale `1.00` | Ticket: `4731570933`
[2026-09-18 02:34:38] SYMBOL_CHECK | XAUUSDm trade_mode=4 xau_open=True | trade_mode=4 | tick_time=1789673678 | bid=4344.484 | ask=4344.744 | tick_ok=True | xau_open=True | current_symbol=XAUUSDm | startup=False
[2026-09-18 02:35:37] SYMBOL_CHECK | XAUUSDm trade_mode=4 xau_open=True | trade_mode=4 | tick_time=1789673738 | bid=4344.441 | ask=4344.701 | tick_ok=True | xau_open=True | current_symbol=XAUUSDm | startup=False
[2026-09-18 02:36:38] SYMBOL_CHECK | XAUUSDm trade_mode=4 xau_open=True | trade_mode=4 | tick_time=1789673797 | bid=4344.703 | ask=4344.963 | tick_ok=True | xau_open=True | current_symbol=XAUUSDm | startup=False
[2026-09-18 02:37:37] SYMBOL_CHECK | XAUUSDm trade_mode=4 xau_open=True | trade_mode=4 | tick_time=1789673858 | bid=4343.823 | ask=4344.083 | tick_ok=True | xau_open=True | current_symbol=XAUUSDm | startup=False
[2026-09-18 02:38:38] SYMBOL_CHECK | XAUUSDm trade_mode=4 xau_open=True | trade_mode=4 | tick_time=1789673918 | bid=4344.524 | ask=4344.784 | tick_ok=True | xau_open=True | current_symbol=XAUUSDm | startup=False
[2026-09-18 02:38:38] DEMO_PORTFOLIO_SCAN | XAUUSDm open active=P18,S101,S102,S105,S106,S111,LTS_EVOLUTION9,LTS_SCREEN13
[2026-09-18 02:38:38] DEMO_PORTFOLIO_SIGNAL | LTS_SCREEN13_13 BUY lot=0.01 sl=4341.711 tp=4364.431 rd=2.84 weight=1.000 scale=1.00 h=2 success=True ticket=4731581409 err=None
[2026-09-18 02:38:38] DEMO_PORTFOLIO_SCAN | XAUUSDm done active=P18,S101,S102,S105,S106,S111,LTS_EVOLUTION9,LTS_SCREEN13
[2026-09-18 02:38:39] TG_SENT | [AF SIGNAL] *📐 LTS_SCREEN13* | Leg: `LTS_SCREEN13_13 DIRECT_S419_M5` | BUY @ market lot `0.01` | SL `4341.71` TP `4364.43` | RD `2.84` H`2` | Weight `x1.000` Scale `1.00` | Ticket: `4731581409`
[2026-09-18 02:39:38] SYMBOL_CHECK | XAUUSDm trade_mode=4 xau_open=True | trade_mode=4 | tick_time=1789673978 | bid=4343.599 | ask=4343.839 | tick_ok=True | xau_open=True | current_symbol=XAUUSDm | startup=False
[2026-09-18 02:40:38] SYMBOL_CHECK | XAUUSDm trade_mode=4 xau_open=True | trade_mode=4 | tick_time=1789674038 | bid=4345.28 | ask=4345.54 | tick_ok=True | xau_open=True | current_symbol=XAUUSDm | startup=False
[2026-09-18 02:41:38] SYMBOL_CHECK | XAUUSDm trade_mode=4 xau_open=True | trade_mode=4 | tick_time=1789674098 | bid=4344.691 | ask=4344.951 | tick_ok=True | xau_open=True | current_symbol=XAUUSDm | startup=False
[2026-09-18 02:42:37] SYMBOL_CHECK | XAUUSDm trade_mode=4 xau_open=True | trade_mode=4 | tick_time=1789674157 | bid=4344.528 | ask=4344.788 | tick_ok=True | xau_open=True | current_symbol=XAUUSDm | startup=False
[2026-09-18 02:43:37] SYMBOL_CHECK | XAUUSDm trade_mode=4 xau_open=True | trade_mode=4 | tick_time=1789674217 | bid=4344.367 | ask=4344.627 | tick_ok=True | xau_open=True | current_symbol=XAUUSDm | startup=False
[2026-09-18 02:43:37] DEMO_PORTFOLIO_SCAN | XAUUSDm open active=P18,S101,S102,S105,S106,S111,LTS_EVOLUTION9,LTS_SCREEN13
[2026-09-18 02:43:37] DEMO_PORTFOLIO_SIGNAL | LTS_SCREEN13_13 BUY lot=0.01 sl=4342.077 tp=4362.477000000001 rd=2.55 weight=1.000 scale=1.00 h=2 success=True ticket=4731591108 err=None
[2026-09-18 02:43:37] DEMO_PORTFOLIO_SCAN | XAUUSDm done active=P18,S101,S102,S105,S106,S111,LTS_EVOLUTION9,LTS_SCREEN13
[2026-09-18 02:43:38] TG_SENT | [AF SIGNAL] *📐 LTS_SCREEN13* | Leg: `LTS_SCREEN13_13 DIRECT_S419_M5` | BUY @ market lot `0.01` | SL `4342.08` TP `4362.48` | RD `2.55` H`2` | Weight `x1.000` Scale `1.00` | Ticket: `4731591108`
[2026-09-18 02:44:38] SYMBOL_CHECK | XAUUSDm trade_mode=4 xau_open=True | trade_mode=4 | tick_time=1789674278 | bid=4345.371 | ask=4345.631 | tick_ok=True | xau_open=True | current_symbol=XAUUSDm | startup=False
[2026-09-18 02:45:38] SYMBOL_CHECK | XAUUSDm trade_mode=4 xau_open=True | trade_mode=4 | tick_time=1789674338 | bid=4345.836 | ask=4346.096 | tick_ok=True | xau_open=True | current_symbol=XAUUSDm | startup=False
[2026-09-18 02:46:38] SYMBOL_CHECK | XAUUSDm trade_mode=4 xau_open=True | trade_mode=4 | tick_time=1789674398 | bid=4347.181 | ask=4347.421 | tick_ok=True | xau_open=True | current_symbol=XAUUSDm | startup=False
[2026-09-18 02:47:37] SYMBOL_CHECK | XAUUSDm trade_mode=4 xau_open=True | trade_mode=4 | tick_time=1789674457 | bid=4346.077 | ask=4346.337 | tick_ok=True | xau_open=True | current_symbol=XAUUSDm | startup=False
[2026-09-18 02:48:36] SYMBOL_CHECK | XAUUSDm trade_mode=4 xau_open=True | trade_mode=4 | tick_time=1789674518 | bid=4344.897 | ask=4345.157 | tick_ok=True | xau_open=True | current_symbol=XAUUSDm | startup=False
[2026-09-18 02:48:38] DEMO_PORTFOLIO_SCAN | XAUUSDm open active=P18,S101,S102,S105,S106,S111,LTS_EVOLUTION9,LTS_SCREEN13
[2026-09-18 02:48:38] DEMO_PORTFOLIO_SIGNAL | LTS_SCREEN13_13 BUY lot=0.01 sl=4343.487 tp=4356.847000000001 rd=1.67 weight=1.000 scale=1.00 h=2 success=True ticket=4731605016 err=None
[2026-09-18 02:48:38] DEMO_PORTFOLIO_SCAN | XAUUSDm done active=P18,S101,S102,S105,S106,S111,LTS_EVOLUTION9,LTS_SCREEN13
[2026-09-18 02:48:39] TG_SENT | [AF SIGNAL] *📐 LTS_SCREEN13* | Leg: `LTS_SCREEN13_13 DIRECT_S419_M5` | BUY @ market lot `0.01` | SL `4343.49` TP `4356.85` | RD `1.67` H`2` | Weight `x1.000` Scale `1.00` | Ticket: `4731605016`
[2026-09-18 02:49:38] SYMBOL_CHECK | XAUUSDm trade_mode=4 xau_open=True | trade_mode=4 | tick_time=1789674578 | bid=4344.456 | ask=4344.716 | tick_ok=True | xau_open=True | current_symbol=XAUUSDm | startup=False
[2026-09-18 02:50:37] SYMBOL_CHECK | XAUUSDm trade_mode=4 xau_open=True | trade_mode=4 | tick_time=1789674637 | bid=4346.405 | ask=4346.665 | tick_ok=True | xau_open=True | current_symbol=XAUUSDm | startup=False
[2026-09-18 02:51:38] SYMBOL_CHECK | XAUUSDm trade_mode=4 xau_open=True | trade_mode=4 | tick_time=1789674698 | bid=4346.48 | ask=4346.74 | tick_ok=True | xau_open=True | current_symbol=XAUUSDm | startup=False
[2026-09-18 02:52:38] SYMBOL_CHECK | XAUUSDm trade_mode=4 xau_open=True | trade_mode=4 | tick_time=1789674758 | bid=4346.716 | ask=4346.976 | tick_ok=True | xau_open=True | current_symbol=XAUUSDm | startup=False
[2026-09-18 02:53:37] SYMBOL_CHECK | XAUUSDm trade_mode=4 xau_open=True | trade_mode=4 | tick_time=1789674817 | bid=4347.332 | ask=4347.592 | tick_ok=True | xau_open=True | current_symbol=XAUUSDm | startup=False
[2026-09-18 02:53:37] DEMO_PORTFOLIO_SCAN | XAUUSDm open active=P18,S101,S102,S105,S106,S111,LTS_EVOLUTION9,LTS_SCREEN13
[2026-09-18 02:53:37] DEMO_PORTFOLIO_SIGNAL | LTS_SCREEN13_13 BUY lot=0.01 sl=4343.421 tp=4377.021000000001 rd=4.20 weight=1.000 scale=1.00 h=2 success=True ticket=4731618069 err=None
[2026-09-18 02:53:37] DEMO_PORTFOLIO_SCAN | XAUUSDm done active=P18,S101,S102,S105,S106,S111,LTS_EVOLUTION9,LTS_SCREEN13
[2026-09-18 02:53:38] TG_SENT | [AF SIGNAL] *📐 LTS_SCREEN13* | Leg: `LTS_SCREEN13_13 DIRECT_S419_M5` | BUY @ market lot `0.01` | SL `4343.42` TP `4377.02` | RD `4.20` H`2` | Weight `x1.000` Scale `1.00` | Ticket: `4731618069`
[2026-09-18 02:54:37] SYMBOL_CHECK | XAUUSDm trade_mode=4 xau_open=True | trade_mode=4 | tick_time=1789674877 | bid=4347.636 | ask=4347.896 | tick_ok=True | xau_open=True | current_symbol=XAUUSDm | startup=False
[2026-09-18 02:55:38] SYMBOL_CHECK | XAUUSDm trade_mode=4 xau_open=True | trade_mode=4 | tick_time=1789674938 | bid=4347.979 | ask=4348.239 | tick_ok=True | xau_open=True | current_symbol=XAUUSDm | startup=False
[2026-09-18 02:56:37] SYMBOL_CHECK | XAUUSDm trade_mode=4 xau_open=True | trade_mode=4 | tick_time=1789674997 | bid=4347.489 | ask=4347.749 | tick_ok=True | xau_open=True | current_symbol=XAUUSDm | startup=False
[2026-09-18 02:57:38] SYMBOL_CHECK | XAUUSDm trade_mode=4 xau_open=True | trade_mode=4 | tick_time=1789675058 | bid=4347.52 | ask=4347.78 | tick_ok=True | xau_open=True | current_symbol=XAUUSDm | startup=False
[2026-09-18 02:58:37] SYMBOL_CHECK | XAUUSDm trade_mode=4 xau_open=True | trade_mode=4 | tick_time=1789675118 | bid=4347.358 | ask=4347.618 | tick_ok=True | xau_open=True | current_symbol=XAUUSDm | startup=False
[2026-09-18 02:58:38] DEMO_PORTFOLIO_SCAN | XAUUSDm open active=P18,S101,S102,S105,S106,S111,LTS_EVOLUTION9,LTS_SCREEN13
[2026-09-18 02:58:38] DEMO_PORTFOLIO_SIGNAL | LTS_SCREEN13_13 BUY lot=0.01 sl=4343.978 tp=4372.6179999999995 rd=3.58 weight=1.000 scale=1.00 h=2 success=True ticket=4731630909 err=None
[2026-09-18 02:58:38] DEMO_PORTFOLIO_SCAN | XAUUSDm done active=P18,S101,S102,S105,S106,S111,LTS_EVOLUTION9,LTS_SCREEN13
[2026-09-18 02:58:39] TG_SENT | [AF SIGNAL] *📐 LTS_SCREEN13* | Leg: `LTS_SCREEN13_13 DIRECT_S419_M5` | BUY @ market lot `0.01` | SL `4343.98` TP `4372.62` | RD `3.58` H`2` | Weight `x1.000` Scale `1.00` | Ticket: `4731630909`
[2026-09-18 02:59:38] SYMBOL_CHECK | XAUUSDm trade_mode=4 xau_open=True | trade_mode=4 | tick_time=1789675178 | bid=4346.313 | ask=4346.573 | tick_ok=True | xau_open=True | current_symbol=XAUUSDm | startup=False
[2026-09-18 03:00:38] SYMBOL_CHECK | XAUUSDm trade_mode=4 xau_open=True | trade_mode=4 | tick_time=1789675238 | bid=4346.179 | ask=4346.439 | tick_ok=True | xau_open=True | current_symbol=XAUUSDm | startup=False
[2026-09-18 03:01:38] SYMBOL_CHECK | XAUUSDm trade_mode=4 xau_open=True | trade_mode=4 | tick_time=1789675298 | bid=4346.58 | ask=4346.84 | tick_ok=True | xau_open=True | current_symbol=XAUUSDm | startup=False
[2026-09-18 03:02:36] SYMBOL_CHECK | XAUUSDm trade_mode=4 xau_open=True | trade_mode=4 | tick_time=1789675357 | bid=4345.297 | ask=4345.557 | tick_ok=True | xau_open=True | current_symbol=XAUUSDm | startup=False
[2026-09-18 03:03:38] SYMBOL_CHECK | XAUUSDm trade_mode=4 xau_open=True | trade_mode=4 | tick_time=1789675418 | bid=4345.413 | ask=4345.673 | tick_ok=True | xau_open=True | current_symbol=XAUUSDm | startup=False
[2026-09-18 03:03:38] DEMO_PORTFOLIO_SCAN | XAUUSDm open active=P18,S101,S102,S105,S106,S111,LTS_EVOLUTION9,LTS_SCREEN13
[2026-09-18 03:03:38] DEMO_PORTFOLIO_SIGNAL | LTS_SCREEN13_13 BUY lot=0.01 sl=4343.741 tp=4360.541 rd=2.10 weight=1.000 scale=1.00 h=3 success=True ticket=4731642389 err=None
[2026-09-18 03:03:38] DEMO_PORTFOLIO_SCAN | XAUUSDm done active=P18,S101,S102,S105,S106,S111,LTS_EVOLUTION9,LTS_SCREEN13
[2026-09-18 03:03:39] TG_SENT | [AF SIGNAL] *📐 LTS_SCREEN13* | Leg: `LTS_SCREEN13_13 DIRECT_S419_M5` | BUY @ market lot `0.01` | SL `4343.74` TP `4360.54` | RD `2.10` H`3` | Weight `x1.000` Scale `1.00` | Ticket: `4731642389`
[2026-09-18 03:04:38] SYMBOL_CHECK | XAUUSDm trade_mode=4 xau_open=True | trade_mode=4 | tick_time=1789675478 | bid=4345.197 | ask=4345.457 | tick_ok=True | xau_open=True | current_symbol=XAUUSDm | startup=False
[2026-09-18 03:04:58] POSITION_CLOSED | 🛑 SL Hit | ticket=4731630909 | side=BUY | symbol=XAUUSDm | tf=M5 | sid=21 | pattern=- | trend_filter=- | open_price=4347.558 | close_price=4343.98 | sl=4343.978 | tp=4372.618 | profit=-3.58 | reason=[sl 4343.978] | close_time=03:04:57 18/09/2026
[2026-09-18 03:04:58] TG_SENT | 🟢 *🛑 SL Hit* | ━━━━━━━━━━━━━━━━━ | 📊 TF: M5 | 📊 BUY XAUUSDm | 📌 เปิด: `4347.558` | 📌 ปิด: `4343.98` | 🛑 SL: `4343.978` | 🎯 TP: `4372.618` | 💬 เหตุผล: `[sl 4343.978]` | 💸 P/L: `-3.58` USD | 🔖 Ticket: `4731630909` | 🕐 Close Time: `03:04:57 18/09/2026`
[2026-09-18 03:05:12] POSITION_CLOSED | 🛑 SL Hit | ticket=4731642389 | side=BUY | symbol=XAUUSDm | tf=M5 | sid=21 | pattern=- | trend_filter=- | open_price=4345.841 | close_price=4343.74 | sl=4343.741 | tp=4360.541 | profit=-2.1 | reason=[sl 4343.74100] | close_time=03:05:12 18/09/2026
[2026-09-18 03:05:13] TG_SENT | 🟢 *🛑 SL Hit* | ━━━━━━━━━━━━━━━━━ | 📊 TF: M5 | 📊 BUY XAUUSDm | 📌 เปิด: `4345.841` | 📌 ปิด: `4343.74` | 🛑 SL: `4343.741` | 🎯 TP: `4360.541` | 💬 เหตุผล: `[sl 4343.74100]` | 💸 P/L: `-2.1` USD | 🔖 Ticket: `4731642389` | 🕐 Close Time: `03:05:12 18/09/2026`
[2026-09-18 03:05:17] POSITION_CLOSED | 🛑 SL Hit | ticket=4731605016 | side=BUY | symbol=XAUUSDm | tf=M5 | sid=21 | pattern=- | trend_filter=- | open_price=4345.157 | close_price=4343.49 | sl=4343.487 | tp=4356.847 | profit=-1.67 | reason=[sl 4343.48700] | close_time=03:05:14 18/09/2026
[2026-09-18 03:05:17] POSITION_CLOSED | 🛑 SL Hit | ticket=4731618069 | side=BUY | symbol=XAUUSDm | tf=M5 | sid=21 | pattern=- | trend_filter=- | open_price=4347.621 | close_price=4343.42 | sl=4343.421 | tp=4377.021 | profit=-4.2 | reason=[sl 4343.421] | close_time=03:05:14 18/09/2026
[2026-09-18 03:05:18] TG_SENT | 🟢 *🛑 SL Hit* | ━━━━━━━━━━━━━━━━━ | 📊 TF: M5 | 📊 BUY XAUUSDm | 📌 เปิด: `4345.157` | 📌 ปิด: `4343.49` | 🛑 SL: `4343.487` | 🎯 TP: `4356.847` | 💬 เหตุผล: `[sl 4343.48700]` | 💸 P/L: `-1.67` USD | 🔖 Ticket: `4731605016` | 🕐 Close Time: `03:05:14 18/09/2026`
[2026-09-18 03:05:22] TG_SENT | 🟢 *🛑 SL Hit* | ━━━━━━━━━━━━━━━━━ | 📊 TF: M5 | 📊 BUY XAUUSDm | 📌 เปิด: `4347.621` | 📌 ปิด: `4343.42` | 🛑 SL: `4343.421` | 🎯 TP: `4377.021` | 💬 เหตุผล: `[sl 4343.421]` | 💸 P/L: `-4.2` USD | 🔖 Ticket: `4731618069` | 🕐 Close Time: `03:05:14 18/09/2026`
[2026-09-18 03:05:37] SYMBOL_CHECK | XAUUSDm trade_mode=4 xau_open=True | trade_mode=4 | tick_time=1789675538 | bid=4344.004 | ask=4344.264 | tick_ok=True | xau_open=True | current_symbol=XAUUSDm | startup=False
[2026-09-18 03:06:38] SYMBOL_CHECK | XAUUSDm trade_mode=4 xau_open=True | trade_mode=4 | tick_time=1789675597 | bid=4344.913 | ask=4345.173 | tick_ok=True | xau_open=True | current_symbol=XAUUSDm | startup=False
[2026-09-18 03:07:38] SYMBOL_CHECK | XAUUSDm trade_mode=4 xau_open=True | trade_mode=4 | tick_time=1789675658 | bid=4345.679 | ask=4345.939 | tick_ok=True | xau_open=True | current_symbol=XAUUSDm | startup=False
[2026-09-18 03:08:37] SYMBOL_CHECK | XAUUSDm trade_mode=4 xau_open=True | trade_mode=4 | tick_time=1789675717 | bid=4345.341 | ask=4345.601 | tick_ok=True | xau_open=True | current_symbol=XAUUSDm | startup=False
[2026-09-18 03:08:37] DEMO_PORTFOLIO_SCAN | XAUUSDm open active=P18,S101,S102,S105,S106,S111,LTS_EVOLUTION9,LTS_SCREEN13
[2026-09-18 03:08:37] DEMO_PORTFOLIO_SIGNAL | LTS_SCREEN13_13 BUY lot=0.01 sl=4342.526000000001 tp=4366.046 rd=2.94 weight=1.000 scale=1.00 h=3 success=True ticket=4731652009 err=None
[2026-09-18 03:08:37] DEMO_PORTFOLIO_SCAN | XAUUSDm done active=P18,S101,S102,S105,S106,S111,LTS_EVOLUTION9,LTS_SCREEN13
[2026-09-18 03:08:38] TG_SENT | [AF SIGNAL] *📐 LTS_SCREEN13* | Leg: `LTS_SCREEN13_13 DIRECT_S419_M5` | BUY @ market lot `0.01` | SL `4342.53` TP `4366.05` | RD `2.94` H`3` | Weight `x1.000` Scale `1.00` | Ticket: `4731652009`
[2026-09-18 03:09:38] SYMBOL_CHECK | XAUUSDm trade_mode=4 xau_open=True | trade_mode=4 | tick_time=1789675778 | bid=4344.427 | ask=4344.687 | tick_ok=True | xau_open=True | current_symbol=XAUUSDm | startup=False
[2026-09-18 03:10:36] SYMBOL_CHECK | XAUUSDm trade_mode=4 xau_open=True | trade_mode=4 | tick_time=1789675838 | bid=4343.352 | ask=4343.612 | tick_ok=True | xau_open=True | current_symbol=XAUUSDm | startup=False
[2026-09-18 03:11:37] SYMBOL_CHECK | XAUUSDm trade_mode=4 xau_open=True | trade_mode=4 | tick_time=1789675897 | bid=4343.068 | ask=4343.308 | tick_ok=True | xau_open=True | current_symbol=XAUUSDm | startup=False
[2026-09-18 03:12:36] SYMBOL_CHECK | XAUUSDm trade_mode=4 xau_open=True | trade_mode=4 | tick_time=1789675958 | bid=4342.879 | ask=4343.119 | tick_ok=True | xau_open=True | current_symbol=XAUUSDm | startup=False
[2026-09-18 03:12:52] POSITION_CLOSED | 🛑 SL Hit | ticket=4731652009 | side=BUY | symbol=XAUUSDm | tf=M5 | sid=21 | pattern=- | trend_filter=- | open_price=4345.466 | close_price=4342.53 | sl=4342.526 | tp=4366.046 | profit=-2.94 | reason=[sl 4342.526] | close_time=03:12:51 18/09/2026
[2026-09-18 03:12:51] TG_SENT | 🟢 *🛑 SL Hit* | ━━━━━━━━━━━━━━━━━ | 📊 TF: M5 | 📊 BUY XAUUSDm | 📌 เปิด: `4345.466` | 📌 ปิด: `4342.53` | 🛑 SL: `4342.526` | 🎯 TP: `4366.046` | 💬 เหตุผล: `[sl 4342.526]` | 💸 P/L: `-2.94` USD | 🔖 Ticket: `4731652009` | 🕐 Close Time: `03:12:51 18/09/2026`
[2026-09-18 03:13:37] SYMBOL_CHECK | XAUUSDm trade_mode=4 xau_open=True | trade_mode=4 | tick_time=1789676017 | bid=4342.288 | ask=4342.548 | tick_ok=True | xau_open=True | current_symbol=XAUUSDm | startup=False
[2026-09-18 03:13:37] DEMO_PORTFOLIO_SCAN | XAUUSDm open active=P18,S101,S102,S105,S106,S111,LTS_EVOLUTION9,LTS_SCREEN13
[2026-09-18 03:13:37] DEMO_PORTFOLIO_SIGNAL | LTS_SCREEN13_13 BUY lot=0.01 sl=4341.608 tp=4349.128 rd=0.94 weight=1.000 scale=1.00 h=3 success=True ticket=4731662839 err=None
[2026-09-18 03:13:37] DEMO_PORTFOLIO_SCAN | XAUUSDm done active=P18,S101,S102,S105,S106,S111,LTS_EVOLUTION9,LTS_SCREEN13
[2026-09-18 03:13:38] TG_SENT | [AF SIGNAL] *📐 LTS_SCREEN13* | Leg: `LTS_SCREEN13_13 DIRECT_S419_M5` | BUY @ market lot `0.01` | SL `4341.61` TP `4349.13` | RD `0.94` H`3` | Weight `x1.000` Scale `1.00` | Ticket: `4731662839`
[2026-09-18 03:14:34] SYMBOL_CHECK | XAUUSDm trade_mode=4 xau_open=True | trade_mode=4 | tick_time=1789676074 | bid=4343.21 | ask=4343.47 | tick_ok=True | xau_open=True | current_symbol=XAUUSDm | startup=False
[2026-09-18 03:15:38] SYMBOL_CHECK | XAUUSDm trade_mode=4 xau_open=True | trade_mode=4 | tick_time=1789676138 | bid=4343.616 | ask=4343.876 | tick_ok=True | xau_open=True | current_symbol=XAUUSDm | startup=False
[2026-09-18 03:16:37] SYMBOL_CHECK | XAUUSDm trade_mode=4 xau_open=True | trade_mode=4 | tick_time=1789676197 | bid=4343.108 | ask=4343.348 | tick_ok=True | xau_open=True | current_symbol=XAUUSDm | startup=False
[2026-09-18 03:17:38] SYMBOL_CHECK | XAUUSDm trade_mode=4 xau_open=True | trade_mode=4 | tick_time=1789676258 | bid=4342.847 | ask=4343.107 | tick_ok=True | xau_open=True | current_symbol=XAUUSDm | startup=False
[2026-09-18 03:18:38] SYMBOL_CHECK | XAUUSDm trade_mode=4 xau_open=True | trade_mode=4 | tick_time=1789676317 | bid=4344.148 | ask=4344.408 | tick_ok=True | xau_open=True | current_symbol=XAUUSDm | startup=False
[2026-09-18 03:18:38] DEMO_PORTFOLIO_SCAN | XAUUSDm open active=P18,S101,S102,S105,S106,S111,LTS_EVOLUTION9,LTS_SCREEN13
[2026-09-18 03:18:38] DEMO_PORTFOLIO_SIGNAL | LTS_SCREEN13_13 BUY lot=0.01 sl=4341.468000000001 tp=4364.988 rd=2.94 weight=1.000 scale=1.00 h=3 success=True ticket=4731670069 err=None
[2026-09-18 03:18:38] DEMO_PORTFOLIO_SCAN | XAUUSDm done active=P18,S101,S102,S105,S106,S111,LTS_EVOLUTION9,LTS_SCREEN13
[2026-09-18 03:18:39] TG_SENT | [AF SIGNAL] *📐 LTS_SCREEN13* | Leg: `LTS_SCREEN13_13 DIRECT_S419_M5` | BUY @ market lot `0.01` | SL `4341.47` TP `4364.99` | RD `2.94` H`3` | Weight `x1.000` Scale `1.00` | Ticket: `4731670069`
[2026-09-18 03:19:38] SYMBOL_CHECK | XAUUSDm trade_mode=4 xau_open=True | trade_mode=4 | tick_time=1789676378 | bid=4343.456 | ask=4343.716 | tick_ok=True | xau_open=True | current_symbol=XAUUSDm | startup=False
[2026-09-18 03:20:36] SYMBOL_CHECK | XAUUSDm trade_mode=4 xau_open=True | trade_mode=4 | tick_time=1789676438 | bid=4343.002 | ask=4343.262 | tick_ok=True | xau_open=True | current_symbol=XAUUSDm | startup=False
[2026-09-18 03:21:38] SYMBOL_CHECK | XAUUSDm trade_mode=4 xau_open=True | trade_mode=4 | tick_time=1789676494 | bid=4343.488 | ask=4343.748 | tick_ok=True | xau_open=True | current_symbol=XAUUSDm | startup=False
[2026-09-18 03:22:36] SYMBOL_CHECK | XAUUSDm trade_mode=4 xau_open=True | trade_mode=4 | tick_time=1789676555 | bid=4343.615 | ask=4343.875 | tick_ok=True | xau_open=True | current_symbol=XAUUSDm | startup=False
[2026-09-18 03:23:38] SYMBOL_CHECK | XAUUSDm trade_mode=4 xau_open=True | trade_mode=4 | tick_time=1789676617 | bid=4345.039 | ask=4345.299 | tick_ok=True | xau_open=True | current_symbol=XAUUSDm | startup=False
[2026-09-18 03:23:38] DEMO_PORTFOLIO_SCAN | XAUUSDm open active=P18,S101,S102,S105,S106,S111,LTS_EVOLUTION9,LTS_SCREEN13
[2026-09-18 03:23:38] DEMO_PORTFOLIO_SIGNAL | LTS_SCREEN13_13 BUY lot=0.01 sl=4341.469 tp=4369.869 rd=3.55 weight=1.000 scale=1.00 h=3 success=True ticket=4731678081 err=None
[2026-09-18 03:23:38] DEMO_PORTFOLIO_SCAN | XAUUSDm done active=P18,S101,S102,S105,S106,S111,LTS_EVOLUTION9,LTS_SCREEN13
[2026-09-18 03:23:39] TG_SENT | [AF SIGNAL] *📐 LTS_SCREEN13* | Leg: `LTS_SCREEN13_13 DIRECT_S419_M5` | BUY @ market lot `0.01` | SL `4341.47` TP `4369.87` | RD `3.55` H`3` | Weight `x1.000` Scale `1.00` | Ticket: `4731678081`
[2026-09-18 03:24:37] SYMBOL_CHECK | XAUUSDm trade_mode=4 xau_open=True | trade_mode=4 | tick_time=1789676676 | bid=4343.807 | ask=4344.067 | tick_ok=True | xau_open=True | current_symbol=XAUUSDm | startup=False
[2026-09-18 03:25:36] SYMBOL_CHECK | XAUUSDm trade_mode=4 xau_open=True | trade_mode=4 | tick_time=1789676738 | bid=4344.843 | ask=4345.103 | tick_ok=True | xau_open=True | current_symbol=XAUUSDm | startup=False
[2026-09-18 03:26:38] SYMBOL_CHECK | XAUUSDm trade_mode=4 xau_open=True | trade_mode=4 | tick_time=1789676798 | bid=4344.833 | ask=4345.093 | tick_ok=True | xau_open=True | current_symbol=XAUUSDm | startup=False
[2026-09-18 03:27:37] SYMBOL_CHECK | XAUUSDm trade_mode=4 xau_open=True | trade_mode=4 | tick_time=1789676857 | bid=4343.091 | ask=4343.351 | tick_ok=True | xau_open=True | current_symbol=XAUUSDm | startup=False
[2026-09-18 03:28:37] SYMBOL_CHECK | XAUUSDm trade_mode=4 xau_open=True | trade_mode=4 | tick_time=1789676918 | bid=4343.881 | ask=4344.141 | tick_ok=True | xau_open=True | current_symbol=XAUUSDm | startup=False
[2026-09-18 03:28:37] DEMO_PORTFOLIO_SCAN | XAUUSDm open active=P18,S101,S102,S105,S106,S111,LTS_EVOLUTION9,LTS_SCREEN13
[2026-09-18 03:28:37] DEMO_PORTFOLIO_SIGNAL | LTS_SCREEN13_13 BUY lot=0.01 sl=4342.028 tp=4359.468 rd=2.18 weight=1.000 scale=1.00 h=3 success=True ticket=4731686264 err=None
[2026-09-18 03:28:37] DEMO_PORTFOLIO_SCAN | XAUUSDm done active=P18,S101,S102,S105,S106,S111,LTS_EVOLUTION9,LTS_SCREEN13
[2026-09-18 03:28:38] TG_SENT | [AF SIGNAL] *📐 LTS_SCREEN13* | Leg: `LTS_SCREEN13_13 DIRECT_S419_M5` | BUY @ market lot `0.01` | SL `4342.03` TP `4359.47` | RD `2.18` H`3` | Weight `x1.000` Scale `1.00` | Ticket: `4731686264`
[2026-09-18 03:29:38] SYMBOL_CHECK | XAUUSDm trade_mode=4 xau_open=True | trade_mode=4 | tick_time=1789676978 | bid=4343.48 | ask=4343.74 | tick_ok=True | xau_open=True | current_symbol=XAUUSDm | startup=False
[2026-09-18 03:29:52] POSITION_CLOSED | 🛑 SL Hit | ticket=4731686264 | side=BUY | symbol=XAUUSDm | tf=M5 | sid=21 | pattern=- | trend_filter=- | open_price=4344.146000000001 | close_price=4342.03 | sl=4342.028 | tp=4359.468 | profit=-2.12 | reason=[sl 4342.028] | close_time=03:29:50 18/09/2026
[2026-09-18 03:29:52] POSITION_CLOSED | 🛑 SL Hit | ticket=4731591108 | side=BUY | symbol=XAUUSDm | tf=M5 | sid=21 | pattern=- | trend_filter=- | open_price=4344.887000000001 | close_price=4342.08 | sl=4342.077 | tp=4362.477 | profit=-2.81 | reason=[sl 4342.077] | close_time=03:29:49 18/09/2026
[2026-09-18 03:29:52] TG_SENT | 🟢 *🛑 SL Hit* | ━━━━━━━━━━━━━━━━━ | 📊 TF: M5 | 📊 BUY XAUUSDm | 📌 เปิด: `4344.146000000001` | 📌 ปิด: `4342.03` | 🛑 SL: `4342.028` | 🎯 TP: `4359.468` | 💬 เหตุผล: `[sl 4342.028]` | 💸 P/L: `-2.12` USD | 🔖 Ticket: `4731686264` | 🕐 Close Time: `03:29:50 18/09/2026`
[2026-09-18 03:29:56] TG_SENT | 🟢 *🛑 SL Hit* | ━━━━━━━━━━━━━━━━━ | 📊 TF: M5 | 📊 BUY XAUUSDm | 📌 เปิด: `4344.887000000001` | 📌 ปิด: `4342.08` | 🛑 SL: `4342.077` | 🎯 TP: `4362.477` | 💬 เหตุผล: `[sl 4342.077]` | 💸 P/L: `-2.81` USD | 🔖 Ticket: `4731591108` | 🕐 Close Time: `03:29:49 18/09/2026`
[2026-09-18 03:30:38] SYMBOL_CHECK | XAUUSDm trade_mode=4 xau_open=True | trade_mode=4 | tick_time=1789677038 | bid=4342.383 | ask=4342.643 | tick_ok=True | xau_open=True | current_symbol=XAUUSDm | startup=False
[2026-09-18 03:30:53] POSITION_CLOSED | 🛑 SL Hit | ticket=4731678081 | side=BUY | symbol=XAUUSDm | tf=M5 | sid=21 | pattern=- | trend_filter=- | open_price=4345.019 | close_price=4341.47 | sl=4341.469 | tp=4369.869 | profit=-3.55 | reason=[sl 4341.46900] | close_time=03:30:52 18/09/2026
[2026-09-18 03:30:53] POSITION_CLOSED | 🛑 SL Hit | ticket=4731581409 | side=BUY | symbol=XAUUSDm | tf=M5 | sid=21 | pattern=- | trend_filter=- | open_price=4344.551 | close_price=4341.71 | sl=4341.711 | tp=4364.431 | profit=-2.84 | reason=[sl 4341.71100] | close_time=03:30:52 18/09/2026
[2026-09-18 03:30:53] POSITION_CLOSED | 🎯 TP Hit | ticket=4731508196 | side=SELL | symbol=XAUUSDm | tf=M5 | sid=21 | pattern=- | trend_filter=- | open_price=4355.263 | close_price=4341.99 | sl=4357.025 | tp=4341.995 | profit=13.26 | reason=[tp 4341.99500] | close_time=03:30:51 18/09/2026
[2026-09-18 03:30:53] POSITION_CLOSED | 🛑 SL Hit | ticket=4731570933 | side=BUY | symbol=XAUUSDm | tf=M5 | sid=21 | pattern=- | trend_filter=- | open_price=4344.503000000001 | close_price=4341.77 | sl=4341.773 | tp=4363.613 | profit=-2.73 | reason=[sl 4341.77300] | close_time=03:30:52 18/09/2026
[2026-09-18 03:30:53] POSITION_CLOSED | 🛑 SL Hit | ticket=4731670069 | side=BUY | symbol=XAUUSDm | tf=M5 | sid=21 | pattern=- | trend_filter=- | open_price=4344.408 | close_price=4341.47 | sl=4341.468 | tp=4364.988 | profit=-2.94 | reason=[sl 4341.468] | close_time=03:30:52 18/09/2026
[2026-09-18 03:30:53] POSITION_CLOSED | 🛑 SL Hit | ticket=4731662839 | side=BUY | symbol=XAUUSDm | tf=M5 | sid=21 | pattern=- | trend_filter=- | open_price=4342.548000000001 | close_price=4341.61 | sl=4341.608 | tp=4349.128 | profit=-0.94 | reason=[sl 4341.608] | close_time=03:30:52 18/09/2026
[2026-09-18 03:30:53] TG_SENT | 🟢 *🛑 SL Hit* | ━━━━━━━━━━━━━━━━━ | 📊 TF: M5 | 📊 BUY XAUUSDm | 📌 เปิด: `4345.019` | 📌 ปิด: `4341.47` | 🛑 SL: `4341.469` | 🎯 TP: `4369.869` | 💬 เหตุผล: `[sl 4341.46900]` | 💸 P/L: `-3.55` USD | 🔖 Ticket: `4731678081` | 🕐 Close Time: `03:30:52 18/09/2026`
[2026-09-18 03:30:57] TG_SENT | 🟢 *🛑 SL Hit* | ━━━━━━━━━━━━━━━━━ | 📊 TF: M5 | 📊 BUY XAUUSDm | 📌 เปิด: `4344.551` | 📌 ปิด: `4341.71` | 🛑 SL: `4341.711` | 🎯 TP: `4364.431` | 💬 เหตุผล: `[sl 4341.71100]` | 💸 P/L: `-2.84` USD | 🔖 Ticket: `4731581409` | 🕐 Close Time: `03:30:52 18/09/2026`
[2026-09-18 03:31:01] TG_SENT | 🔴 *🎯 TP Hit* | ━━━━━━━━━━━━━━━━━ | 📊 TF: M5 | 📊 SELL XAUUSDm | 📌 เปิด: `4355.263` | 📌 ปิด: `4341.99` | 🛑 SL: `4357.025` | 🎯 TP: `4341.995` | 💬 เหตุผล: `[tp 4341.99500]` | 💰 P/L: `13.26` USD | 🔖 Ticket: `4731508196` | 🕐 Close Time: `03:30:51 18/09/2026`
[2026-09-18 03:31:05] TG_SENT | 🟢 *🛑 SL Hit* | ━━━━━━━━━━━━━━━━━ | 📊 TF: M5 | 📊 BUY XAUUSDm | 📌 เปิด: `4344.503000000001` | 📌 ปิด: `4341.77` | 🛑 SL: `4341.773` | 🎯 TP: `4363.613` | 💬 เหตุผล: `[sl 4341.77300]` | 💸 P/L: `-2.73` USD | 🔖 Ticket: `4731570933` | 🕐 Close Time: `03:30:52 18/09/2026`
[2026-09-18 03:31:09] TG_SENT | 🟢 *🛑 SL Hit* | ━━━━━━━━━━━━━━━━━ | 📊 TF: M5 | 📊 BUY XAUUSDm | 📌 เปิด: `4344.408` | 📌 ปิด: `4341.47` | 🛑 SL: `4341.468` | 🎯 TP: `4364.988` | 💬 เหตุผล: `[sl 4341.468]` | 💸 P/L: `-2.94` USD | 🔖 Ticket: `4731670069` | 🕐 Close Time: `03:30:52 18/09/2026`
[2026-09-18 03:31:13] TG_SENT | 🟢 *🛑 SL Hit* | ━━━━━━━━━━━━━━━━━ | 📊 TF: M5 | 📊 BUY XAUUSDm | 📌 เปิด: `4342.548000000001` | 📌 ปิด: `4341.61` | 🛑 SL: `4341.608` | 🎯 TP: `4349.128` | 💬 เหตุผล: `[sl 4341.608]` | 💸 P/L: `-0.94` USD | 🔖 Ticket: `4731662839` | 🕐 Close Time: `03:30:52 18/09/2026`
[2026-09-18 03:31:37] SYMBOL_CHECK | XAUUSDm trade_mode=4 xau_open=True | trade_mode=4 | tick_time=1789677097 | bid=4341.457 | ask=4341.717 | tick_ok=True | xau_open=True | current_symbol=XAUUSDm | startup=False
[2026-09-18 03:32:37] SYMBOL_CHECK | XAUUSDm trade_mode=4 xau_open=True | trade_mode=4 | tick_time=1789677158 | bid=4342.512 | ask=4342.772 | tick_ok=True | xau_open=True | current_symbol=XAUUSDm | startup=False
[2026-09-18 03:33:38] SYMBOL_CHECK | XAUUSDm trade_mode=4 xau_open=True | trade_mode=4 | tick_time=1789677218 | bid=4341.939 | ask=4342.199 | tick_ok=True | xau_open=True | current_symbol=XAUUSDm | startup=False
[2026-09-18 03:33:38] DEMO_PORTFOLIO_SCAN | XAUUSDm open active=P18,S101,S102,S105,S106,S111,LTS_EVOLUTION9,LTS_SCREEN13
[2026-09-18 03:33:38] DEMO_PORTFOLIO_SIGNAL | LTS_SCREEN13_13 BUY lot=0.01 sl=4340.399 tp=4354.799 rd=1.80 weight=1.000 scale=1.00 h=3 success=True ticket=4731696422 err=None
[2026-09-18 03:33:38] DEMO_PORTFOLIO_SCAN | XAUUSDm done active=P18,S101,S102,S105,S106,S111,LTS_EVOLUTION9,LTS_SCREEN13
[2026-09-18 03:33:39] TG_SENT | [AF SIGNAL] *📐 LTS_SCREEN13* | Leg: `LTS_SCREEN13_13 DIRECT_S419_M5` | BUY @ market lot `0.01` | SL `4340.40` TP `4354.80` | RD `1.80` H`3` | Weight `x1.000` Scale `1.00` | Ticket: `4731696422`
[2026-09-18 03:34:38] SYMBOL_CHECK | XAUUSDm trade_mode=4 xau_open=True | trade_mode=4 | tick_time=1789677278 | bid=4341.395 | ask=4341.655 | tick_ok=True | xau_open=True | current_symbol=XAUUSDm | startup=False
[2026-09-18 03:35:38] SYMBOL_CHECK | XAUUSDm trade_mode=4 xau_open=True | trade_mode=4 | tick_time=1789677338 | bid=4340.988 | ask=4341.248 | tick_ok=True | xau_open=True | current_symbol=XAUUSDm | startup=False
[2026-09-18 03:36:38] SYMBOL_CHECK | XAUUSDm trade_mode=4 xau_open=True | trade_mode=4 | tick_time=1789677398 | bid=4342.218 | ask=4342.478 | tick_ok=True | xau_open=True | current_symbol=XAUUSDm | startup=False
[2026-09-18 03:37:37] SYMBOL_CHECK | XAUUSDm trade_mode=4 xau_open=True | trade_mode=4 | tick_time=1789677458 | bid=4341.725 | ask=4341.985 | tick_ok=True | xau_open=True | current_symbol=XAUUSDm | startup=False
[2026-09-18 03:38:36] SYMBOL_CHECK | XAUUSDm trade_mode=4 xau_open=True | trade_mode=4 | tick_time=1789677517 | bid=4340.678 | ask=4340.938 | tick_ok=True | xau_open=True | current_symbol=XAUUSDm | startup=False
[2026-09-18 03:38:36] DEMO_PORTFOLIO_SCAN | XAUUSDm open active=P18,S101,S102,S105,S106,S111,LTS_EVOLUTION9,LTS_SCREEN13
[2026-09-18 03:38:36] DEMO_PORTFOLIO_SIGNAL | LTS_SCREEN13_13 BUY lot=0.01 sl=4340.053 tp=4346.533 rd=0.81 weight=1.000 scale=1.00 h=3 success=True ticket=4731703421 err=None
[2026-09-18 03:38:36] DEMO_PORTFOLIO_SCAN | XAUUSDm done active=P18,S101,S102,S105,S106,S111,LTS_EVOLUTION9,LTS_SCREEN13
[2026-09-18 03:38:37] TG_SENT | [AF SIGNAL] *📐 LTS_SCREEN13* | Leg: `LTS_SCREEN13_13 DIRECT_S419_M5` | BUY @ market lot `0.01` | SL `4340.05` TP `4346.53` | RD `0.81` H`3` | Weight `x1.000` Scale `1.00` | Ticket: `4731703421`
[2026-09-18 03:39:37] SYMBOL_CHECK | XAUUSDm trade_mode=4 xau_open=True | trade_mode=4 | tick_time=1789677577 | bid=4342.305 | ask=4342.565 | tick_ok=True | xau_open=True | current_symbol=XAUUSDm | startup=False
[2026-09-18 03:40:38] SYMBOL_CHECK | XAUUSDm trade_mode=4 xau_open=True | trade_mode=4 | tick_time=1789677637 | bid=4342.625 | ask=4342.885 | tick_ok=True | xau_open=True | current_symbol=XAUUSDm | startup=False
[2026-09-18 03:41:38] SYMBOL_CHECK | XAUUSDm trade_mode=4 xau_open=True | trade_mode=4 | tick_time=1789677698 | bid=4342.57 | ask=4342.83 | tick_ok=True | xau_open=True | current_symbol=XAUUSDm | startup=False
[2026-09-18 03:42:34] SYMBOL_CHECK | XAUUSDm trade_mode=4 xau_open=True | trade_mode=4 | tick_time=1789677758 | bid=4342.43 | ask=4342.69 | tick_ok=True | xau_open=True | current_symbol=XAUUSDm | startup=False
[2026-09-18 03:43:38] SYMBOL_CHECK | XAUUSDm trade_mode=4 xau_open=True | trade_mode=4 | tick_time=1789677818 | bid=4341.846 | ask=4342.106 | tick_ok=True | xau_open=True | current_symbol=XAUUSDm | startup=False
[2026-09-18 03:43:38] DEMO_PORTFOLIO_SCAN | XAUUSDm open active=P18,S101,S102,S105,S106,S111,LTS_EVOLUTION9,LTS_SCREEN13
[2026-09-18 03:43:38] DEMO_PORTFOLIO_SIGNAL | LTS_SCREEN13_13 BUY lot=0.01 sl=4340.1359999999995 tp=4355.896 rd=1.97 weight=1.000 scale=1.00 h=3 success=True ticket=4731713379 err=None
[2026-09-18 03:43:38] DEMO_PORTFOLIO_SCAN | XAUUSDm done active=P18,S101,S102,S105,S106,S111,LTS_EVOLUTION9,LTS_SCREEN13
[2026-09-18 03:43:39] TG_SENT | [AF SIGNAL] *📐 LTS_SCREEN13* | Leg: `LTS_SCREEN13_13 DIRECT_S419_M5` | BUY @ market lot `0.01` | SL `4340.14` TP `4355.90` | RD `1.97` H`3` | Weight `x1.000` Scale `1.00` | Ticket: `4731713379`
[2026-09-18 03:44:36] SYMBOL_CHECK | XAUUSDm trade_mode=4 xau_open=True | trade_mode=4 | tick_time=1789677878 | bid=4341.617 | ask=4341.877 | tick_ok=True | xau_open=True | current_symbol=XAUUSDm | startup=False
[2026-09-18 03:45:38] SYMBOL_CHECK | XAUUSDm trade_mode=4 xau_open=True | trade_mode=4 | tick_time=1789677938 | bid=4341.149 | ask=4341.409 | tick_ok=True | xau_open=True | current_symbol=XAUUSDm | startup=False
[2026-09-18 03:46:38] SYMBOL_CHECK | XAUUSDm trade_mode=4 xau_open=True | trade_mode=4 | tick_time=1789677997 | bid=4341.655 | ask=4341.915 | tick_ok=True | xau_open=True | current_symbol=XAUUSDm | startup=False
[2026-09-18 03:47:37] SYMBOL_CHECK | XAUUSDm trade_mode=4 xau_open=True | trade_mode=4 | tick_time=1789678058 | bid=4341.033 | ask=4341.293 | tick_ok=True | xau_open=True | current_symbol=XAUUSDm | startup=False
[2026-09-18 03:48:38] SYMBOL_CHECK | XAUUSDm trade_mode=4 xau_open=True | trade_mode=4 | tick_time=1789678117 | bid=4341.658 | ask=4341.918 | tick_ok=True | xau_open=True | current_symbol=XAUUSDm | startup=False
[2026-09-18 03:48:38] DEMO_PORTFOLIO_SCAN | XAUUSDm open active=P18,S101,S102,S105,S106,S111,LTS_EVOLUTION9,LTS_SCREEN13
[2026-09-18 03:48:38] DEMO_PORTFOLIO_SIGNAL | LTS_SCREEN13_13 BUY lot=0.01 sl=4340.128 tp=4354.447999999999 rd=1.79 weight=1.000 scale=1.00 h=3 success=True ticket=4731718726 err=None
[2026-09-18 03:48:38] DEMO_PORTFOLIO_SCAN | XAUUSDm done active=P18,S101,S102,S105,S106,S111,LTS_EVOLUTION9,LTS_SCREEN13
[2026-09-18 03:48:39] TG_SENT | [AF SIGNAL] *📐 LTS_SCREEN13* | Leg: `LTS_SCREEN13_13 DIRECT_S419_M5` | BUY @ market lot `0.01` | SL `4340.13` TP `4354.45` | RD `1.79` H`3` | Weight `x1.000` Scale `1.00` | Ticket: `4731718726`
[2026-09-18 03:49:38] SYMBOL_CHECK | XAUUSDm trade_mode=4 xau_open=True | trade_mode=4 | tick_time=1789678178 | bid=4342.132 | ask=4342.392 | tick_ok=True | xau_open=True | current_symbol=XAUUSDm | startup=False
[2026-09-18 03:50:37] SYMBOL_CHECK | XAUUSDm trade_mode=4 xau_open=True | trade_mode=4 | tick_time=1789678238 | bid=4340.743 | ask=4341.003 | tick_ok=True | xau_open=True | current_symbol=XAUUSDm | startup=False
[2026-09-18 03:51:38] SYMBOL_CHECK | XAUUSDm trade_mode=4 xau_open=True | trade_mode=4 | tick_time=1789678298 | bid=4341.689 | ask=4341.929 | tick_ok=True | xau_open=True | current_symbol=XAUUSDm | startup=False
[2026-09-18 03:52:37] SYMBOL_CHECK | XAUUSDm trade_mode=4 xau_open=True | trade_mode=4 | tick_time=1789678358 | bid=4342.036 | ask=4342.296 | tick_ok=True | xau_open=True | current_symbol=XAUUSDm | startup=False
[2026-09-18 03:53:37] SYMBOL_CHECK | XAUUSDm trade_mode=4 xau_open=True | trade_mode=4 | tick_time=1789678415 | bid=4341.677 | ask=4341.937 | tick_ok=True | xau_open=True | current_symbol=XAUUSDm | startup=False
[2026-09-18 03:53:37] DEMO_PORTFOLIO_SCAN | XAUUSDm open active=P18,S101,S102,S105,S106,S111,LTS_EVOLUTION9,LTS_SCREEN13
[2026-09-18 03:53:37] DEMO_PORTFOLIO_SIGNAL | LTS_SCREEN13_13 BUY lot=0.01 sl=4340.062 tp=4357.342 rd=2.16 weight=1.000 scale=1.00 h=3 success=True ticket=4731724448 err=None
[2026-09-18 03:53:37] DEMO_PORTFOLIO_SCAN | XAUUSDm done active=P18,S101,S102,S105,S106,S111,LTS_EVOLUTION9,LTS_SCREEN13
[2026-09-18 03:53:38] TG_SENT | [AF SIGNAL] *📐 LTS_SCREEN13* | Leg: `LTS_SCREEN13_13 DIRECT_S419_M5` | BUY @ market lot `0.01` | SL `4340.06` TP `4357.34` | RD `2.16` H`3` | Weight `x1.000` Scale `1.00` | Ticket: `4731724448`
[2026-09-18 03:54:38] SYMBOL_CHECK | XAUUSDm trade_mode=4 xau_open=True | trade_mode=4 | tick_time=1789678478 | bid=4341.55 | ask=4341.81 | tick_ok=True | xau_open=True | current_symbol=XAUUSDm | startup=False
[2026-09-18 03:55:38] SYMBOL_CHECK | XAUUSDm trade_mode=4 xau_open=True | trade_mode=4 | tick_time=1789678538 | bid=4342.006 | ask=4342.266 | tick_ok=True | xau_open=True | current_symbol=XAUUSDm | startup=False
[2026-09-18 03:56:37] SYMBOL_CHECK | XAUUSDm trade_mode=4 xau_open=True | trade_mode=4 | tick_time=1789678597 | bid=4341.705 | ask=4341.965 | tick_ok=True | xau_open=True | current_symbol=XAUUSDm | startup=False
[2026-09-18 03:57:34] SYMBOL_CHECK | XAUUSDm trade_mode=4 xau_open=True | trade_mode=4 | tick_time=1789678654 | bid=4341.486 | ask=4341.746 | tick_ok=True | xau_open=True | current_symbol=XAUUSDm | startup=False
[2026-09-18 03:58:38] SYMBOL_CHECK | XAUUSDm trade_mode=4 xau_open=True | trade_mode=4 | tick_time=1789678679 | bid=4341.869 | ask=4342.129 | tick_ok=True | xau_open=True | current_symbol=XAUUSDm | startup=False
[2026-09-18 03:58:38] DEMO_PORTFOLIO_SCAN | XAUUSDm open active=P18,S101,S102,S105,S106,S111,LTS_EVOLUTION9,LTS_SCREEN13
[2026-09-18 03:58:38] DEMO_PORTFOLIO_SIGNAL | LTS_SCREEN13_13 BUY lot=0.01 sl=4340.049 tp=4356.689 rd=2.08 weight=1.000 scale=1.00 h=3 success=False ticket=None err=10018 — Market closed
[2026-09-18 03:58:38] DEMO_PORTFOLIO_SCAN | XAUUSDm done active=P18,S101,S102,S105,S106,S111,LTS_EVOLUTION9,LTS_SCREEN13
[2026-09-18 03:58:39] TG_SENT | Demo Portfolio LTS_SCREEN13_13 order failed: 10018 — Market closed
[2026-09-18 03:59:38] SYMBOL_CHECK | XAUUSDm trade_mode=4 xau_open=True | trade_mode=4 | tick_time=1789678679 | bid=4341.869 | ask=4342.129 | tick_ok=True | xau_open=True | current_symbol=XAUUSDm | startup=False
[2026-09-18 04:00:38] SYMBOL_CHECK | XAUUSDm trade_mode=4 xau_open=True | trade_mode=4 | tick_time=1789678679 | bid=4341.869 | ask=4342.129 | tick_ok=True | xau_open=True | current_symbol=XAUUSDm | startup=False
[2026-09-18 04:01:38] SYMBOL_CHECK | XAUUSDm trade_mode=4 xau_open=False | trade_mode=4 | tick_time=1789678679 | bid=4341.869 | ask=4342.129 | tick_ok=False | xau_open=False | current_symbol=XAUUSDm | startup=False
[2026-09-18 04:01:38] SWEEP_ACTIVATE | SWEEP_HIGH | tf=M15 | ref_price=76555.39 | sweep_bar=14:00 17-Sep-2026 | confirm_bar=14:15 17-Sep-2026
[2026-09-18 04:01:38] SWEEP_ACTIVATE | SWEEP_HIGH | tf=M30 | ref_price=76034.91 | sweep_bar=18:30 16-Sep-2026 | confirm_bar=18:30 16-Sep-2026
[2026-09-18 04:01:38] SWEEP_ACTIVATE | SWEEP_LOW | tf=M30 | ref_price=75972.96 | sweep_bar=20:30 17-Sep-2026 | confirm_bar=21:00 17-Sep-2026
[2026-09-18 04:01:38] SWEEP_ACTIVATE | SWEEP_HIGH | tf=H1 | ref_price=77314.99 | sweep_bar=01:00 14-Sep-2026 | confirm_bar=02:00 14-Sep-2026
[2026-09-18 04:01:38] SWEEP_ACTIVATE | SWEEP_LOW | tf=H1 | ref_price=75279.87 | sweep_bar=01:00 17-Sep-2026 | confirm_bar=02:00 17-Sep-2026
[2026-09-18 04:01:39] SWEEP_ACTIVATE | SWEEP_LOW | tf=H4 | ref_price=76977.75 | sweep_bar=23:00 01-Sep-2026 | confirm_bar=03:00 02-Sep-2026
[2026-09-18 04:01:39] SWEEP_ACTIVATE | SWEEP_HIGH | tf=H4 | ref_price=79755.40 | sweep_bar=19:00 11-Sep-2026 | confirm_bar=23:00 11-Sep-2026
[2026-09-18 04:01:39] TG_SENT | 🔵 *XAUUSD ปิด* → สลับไป BTCUSDm
[2026-09-18 04:01:39] SWEEP_ACTIVATE | SWEEP_HIGH | tf=H12 | ref_price=81510.24 | sweep_bar=19:00 03-Sep-2026 | confirm_bar=07:00 04-Sep-2026
[2026-09-18 04:01:39] SWEEP_ACTIVATE | SWEEP_LOW | tf=H12 | ref_price=76175.97 | sweep_bar=19:00 11-Sep-2026 | confirm_bar=07:00 12-Sep-2026
[2026-09-18 04:01:40] SWEEP_ACTIVATE | SWEEP_LOW | tf=D1 | ref_price=57997.97 | sweep_bar=07:00 01-Jul-2026 | confirm_bar=07:00 02-Jul-2026
[2026-09-18 04:01:40] SWEEP_ACTIVATE | SWEEP_HIGH | tf=D1 | ref_price=81510.24 | sweep_bar=07:00 03-Sep-2026 | confirm_bar=07:00 04-Sep-2026
[2026-09-18 04:01:43] TG_SENT | ⚡ *สั่งสแกนทันทีหลังสลับ symbol*  | 📈 SYMBOL: `BTCUSDm`
[2026-09-18 04:01:47] TG_SENT | 🚀 *Auto Scan เริ่มต้น!* | ━━━━━━━━━━━━━━━━━ | 📋 Strategy: *ไม่มี* | ⏰ Interval: *1 นาที* | 🕐 Timeframes: *M5,M15,M30,H1,H4,H12,D1*
[2026-09-18 04:02:38] SYMBOL_CHECK | XAUUSDm trade_mode=4 xau_open=False | trade_mode=4 | tick_time=1789678679 | bid=4341.869 | ask=4342.129 | tick_ok=False | xau_open=False | current_symbol=BTCUSDm | startup=False
[2026-09-18 04:03:38] SYMBOL_CHECK | XAUUSDm trade_mode=4 xau_open=False | trade_mode=4 | tick_time=1789678679 | bid=4341.869 | ask=4342.129 | tick_ok=False | xau_open=False | current_symbol=BTCUSDm | startup=False
[2026-09-18 04:03:38] DEMO_PORTFOLIO_SKIP | XAUUSDm market closed - stale tick | active=P18,S101,S102,S105,S106,S111,LTS_EVOLUTION9,LTS_SCREEN13
[2026-09-18 04:04:37] SYMBOL_CHECK | XAUUSDm trade_mode=4 xau_open=False | trade_mode=4 | tick_time=1789678679 | bid=4341.869 | ask=4342.129 | tick_ok=False | xau_open=False | current_symbol=BTCUSDm | startup=False
[2026-09-18 04:05:38] SYMBOL_CHECK | XAUUSDm trade_mode=4 xau_open=False | trade_mode=4 | tick_time=1789678679 | bid=4341.869 | ask=4342.129 | tick_ok=False | xau_open=False | current_symbol=BTCUSDm | startup=False
[2026-09-18 04:06:37] SYMBOL_CHECK | XAUUSDm trade_mode=4 xau_open=False | trade_mode=4 | tick_time=1789678679 | bid=4341.869 | ask=4342.129 | tick_ok=False | xau_open=False | current_symbol=BTCUSDm | startup=False
[2026-09-18 04:07:38] SYMBOL_CHECK | XAUUSDm trade_mode=4 xau_open=False | trade_mode=4 | tick_time=1789678679 | bid=4341.869 | ask=4342.129 | tick_ok=False | xau_open=False | current_symbol=BTCUSDm | startup=False
[2026-09-18 04:08:38] SYMBOL_CHECK | XAUUSDm trade_mode=4 xau_open=False | trade_mode=4 | tick_time=1789678679 | bid=4341.869 | ask=4342.129 | tick_ok=False | xau_open=False | current_symbol=BTCUSDm | startup=False
[2026-09-18 04:08:38] DEMO_PORTFOLIO_SKIP | XAUUSDm market closed - stale tick | active=P18,S101,S102,S105,S106,S111,LTS_EVOLUTION9,LTS_SCREEN13
[2026-09-18 04:09:37] SYMBOL_CHECK | XAUUSDm trade_mode=4 xau_open=False | trade_mode=4 | tick_time=1789678679 | bid=4341.869 | ask=4342.129 | tick_ok=False | xau_open=False | current_symbol=BTCUSDm | startup=False
[2026-09-18 04:10:38] SYMBOL_CHECK | XAUUSDm trade_mode=4 xau_open=False | trade_mode=4 | tick_time=1789678679 | bid=4341.869 | ask=4342.129 | tick_ok=False | xau_open=False | current_symbol=BTCUSDm | startup=False
[2026-09-18 04:11:38] SYMBOL_CHECK | XAUUSDm trade_mode=4 xau_open=False | trade_mode=4 | tick_time=1789678679 | bid=4341.869 | ask=4342.129 | tick_ok=False | xau_open=False | current_symbol=BTCUSDm | startup=False
[2026-09-18 04:12:38] SYMBOL_CHECK | XAUUSDm trade_mode=4 xau_open=False | trade_mode=4 | tick_time=1789678679 | bid=4341.869 | ask=4342.129 | tick_ok=False | xau_open=False | current_symbol=BTCUSDm | startup=False
[2026-09-18 04:13:37] SYMBOL_CHECK | XAUUSDm trade_mode=4 xau_open=False | trade_mode=4 | tick_time=1789678679 | bid=4341.869 | ask=4342.129 | tick_ok=False | xau_open=False | current_symbol=BTCUSDm | startup=False
[2026-09-18 04:13:37] DEMO_PORTFOLIO_SKIP | XAUUSDm market closed - stale tick | active=P18,S101,S102,S105,S106,S111,LTS_EVOLUTION9,LTS_SCREEN13
[2026-09-18 04:14:38] SYMBOL_CHECK | XAUUSDm trade_mode=4 xau_open=False | trade_mode=4 | tick_time=1789678679 | bid=4341.869 | ask=4342.129 | tick_ok=False | xau_open=False | current_symbol=BTCUSDm | startup=False
[2026-09-18 04:15:37] SYMBOL_CHECK | XAUUSDm trade_mode=4 xau_open=False | trade_mode=4 | tick_time=1789678679 | bid=4341.869 | ask=4342.129 | tick_ok=False | xau_open=False | current_symbol=BTCUSDm | startup=False
[2026-09-18 04:16:38] SYMBOL_CHECK | XAUUSDm trade_mode=4 xau_open=False | trade_mode=4 | tick_time=1789678679 | bid=4341.869 | ask=4342.129 | tick_ok=False | xau_open=False | current_symbol=BTCUSDm | startup=False
[2026-09-18 04:17:38] SYMBOL_CHECK | XAUUSDm trade_mode=4 xau_open=False | trade_mode=4 | tick_time=1789678679 | bid=4341.869 | ask=4342.129 | tick_ok=False | xau_open=False | current_symbol=BTCUSDm | startup=False
[2026-09-18 04:18:38] SYMBOL_CHECK | XAUUSDm trade_mode=4 xau_open=False | trade_mode=4 | tick_time=1789678679 | bid=4341.869 | ask=4342.129 | tick_ok=False | xau_open=False | current_symbol=BTCUSDm | startup=False
[2026-09-18 04:18:38] DEMO_PORTFOLIO_SKIP | XAUUSDm market closed - stale tick | active=P18,S101,S102,S105,S106,S111,LTS_EVOLUTION9,LTS_SCREEN13
[2026-09-18 04:19:38] SYMBOL_CHECK | XAUUSDm trade_mode=4 xau_open=False | trade_mode=4 | tick_time=1789678679 | bid=4341.869 | ask=4342.129 | tick_ok=False | xau_open=False | current_symbol=BTCUSDm | startup=False
[2026-09-18 04:20:38] SYMBOL_CHECK | XAUUSDm trade_mode=4 xau_open=False | trade_mode=4 | tick_time=1789678679 | bid=4341.869 | ask=4342.129 | tick_ok=False | xau_open=False | current_symbol=BTCUSDm | startup=False
[2026-09-18 04:21:37] SYMBOL_CHECK | XAUUSDm trade_mode=4 xau_open=False | trade_mode=4 | tick_time=1789678679 | bid=4341.869 | ask=4342.129 | tick_ok=False | xau_open=False | current_symbol=BTCUSDm | startup=False
[2026-09-18 04:22:38] SYMBOL_CHECK | XAUUSDm trade_mode=4 xau_open=False | trade_mode=4 | tick_time=1789678679 | bid=4341.869 | ask=4342.129 | tick_ok=False | xau_open=False | current_symbol=BTCUSDm | startup=False
[2026-09-18 04:23:38] SYMBOL_CHECK | XAUUSDm trade_mode=4 xau_open=False | trade_mode=4 | tick_time=1789678679 | bid=4341.869 | ask=4342.129 | tick_ok=False | xau_open=False | current_symbol=BTCUSDm | startup=False
[2026-09-18 04:23:38] DEMO_PORTFOLIO_SKIP | XAUUSDm market closed - stale tick | active=P18,S101,S102,S105,S106,S111,LTS_EVOLUTION9,LTS_SCREEN13
[2026-09-18 04:24:38] SYMBOL_CHECK | XAUUSDm trade_mode=4 xau_open=False | trade_mode=4 | tick_time=1789678679 | bid=4341.869 | ask=4342.129 | tick_ok=False | xau_open=False | current_symbol=BTCUSDm | startup=False
[2026-09-18 04:25:37] SYMBOL_CHECK | XAUUSDm trade_mode=4 xau_open=False | trade_mode=4 | tick_time=1789678679 | bid=4341.869 | ask=4342.129 | tick_ok=False | xau_open=False | current_symbol=BTCUSDm | startup=False
[2026-09-18 04:26:37] SYMBOL_CHECK | XAUUSDm trade_mode=4 xau_open=False | trade_mode=4 | tick_time=1789678679 | bid=4341.869 | ask=4342.129 | tick_ok=False | xau_open=False | current_symbol=BTCUSDm | startup=False
[2026-09-18 04:27:36] SYMBOL_CHECK | XAUUSDm trade_mode=4 xau_open=False | trade_mode=4 | tick_time=1789678679 | bid=4341.869 | ask=4342.129 | tick_ok=False | xau_open=False | current_symbol=BTCUSDm | startup=False
[2026-09-18 04:28:37] SYMBOL_CHECK | XAUUSDm trade_mode=4 xau_open=False | trade_mode=4 | tick_time=1789678679 | bid=4341.869 | ask=4342.129 | tick_ok=False | xau_open=False | current_symbol=BTCUSDm | startup=False
[2026-09-18 04:28:37] DEMO_PORTFOLIO_SKIP | XAUUSDm market closed - stale tick | active=P18,S101,S102,S105,S106,S111,LTS_EVOLUTION9,LTS_SCREEN13
[2026-09-18 04:29:36] SYMBOL_CHECK | XAUUSDm trade_mode=4 xau_open=False | trade_mode=4 | tick_time=1789678679 | bid=4341.869 | ask=4342.129 | tick_ok=False | xau_open=False | current_symbol=BTCUSDm | startup=False
[2026-09-18 04:30:37] SYMBOL_CHECK | XAUUSDm trade_mode=4 xau_open=False | trade_mode=4 | tick_time=1789678679 | bid=4341.869 | ask=4342.129 | tick_ok=False | xau_open=False | current_symbol=BTCUSDm | startup=False
[2026-09-18 04:31:37] SYMBOL_CHECK | XAUUSDm trade_mode=4 xau_open=False | trade_mode=4 | tick_time=1789678679 | bid=4341.869 | ask=4342.129 | tick_ok=False | xau_open=False | current_symbol=BTCUSDm | startup=False
[2026-09-18 04:32:36] SYMBOL_CHECK | XAUUSDm trade_mode=4 xau_open=False | trade_mode=4 | tick_time=1789678679 | bid=4341.869 | ask=4342.129 | tick_ok=False | xau_open=False | current_symbol=BTCUSDm | startup=False
[2026-09-18 04:33:38] SYMBOL_CHECK | XAUUSDm trade_mode=4 xau_open=False | trade_mode=4 | tick_time=1789678679 | bid=4341.869 | ask=4342.129 | tick_ok=False | xau_open=False | current_symbol=BTCUSDm | startup=False
[2026-09-18 04:33:38] DEMO_PORTFOLIO_SKIP | XAUUSDm market closed - stale tick | active=P18,S101,S102,S105,S106,S111,LTS_EVOLUTION9,LTS_SCREEN13
[2026-09-18 04:34:36] SYMBOL_CHECK | XAUUSDm trade_mode=4 xau_open=False | trade_mode=4 | tick_time=1789678679 | bid=4341.869 | ask=4342.129 | tick_ok=False | xau_open=False | current_symbol=BTCUSDm | startup=False
[2026-09-18 04:35:36] SYMBOL_CHECK | XAUUSDm trade_mode=4 xau_open=False | trade_mode=4 | tick_time=1789678679 | bid=4341.869 | ask=4342.129 | tick_ok=False | xau_open=False | current_symbol=BTCUSDm | startup=False
[2026-09-18 04:36:38] SYMBOL_CHECK | XAUUSDm trade_mode=4 xau_open=False | trade_mode=4 | tick_time=1789678679 | bid=4341.869 | ask=4342.129 | tick_ok=False | xau_open=False | current_symbol=BTCUSDm | startup=False
[2026-09-18 04:37:38] SYMBOL_CHECK | XAUUSDm trade_mode=4 xau_open=False | trade_mode=4 | tick_time=1789678679 | bid=4341.869 | ask=4342.129 | tick_ok=False | xau_open=False | current_symbol=BTCUSDm | startup=False
[2026-09-18 04:38:36] SYMBOL_CHECK | XAUUSDm trade_mode=4 xau_open=False | trade_mode=4 | tick_time=1789678679 | bid=4341.869 | ask=4342.129 | tick_ok=False | xau_open=False | current_symbol=BTCUSDm | startup=False
[2026-09-18 04:38:37] DEMO_PORTFOLIO_SKIP | XAUUSDm market closed - stale tick | active=P18,S101,S102,S105,S106,S111,LTS_EVOLUTION9,LTS_SCREEN13
[2026-09-18 04:39:37] SYMBOL_CHECK | XAUUSDm trade_mode=4 xau_open=False | trade_mode=4 | tick_time=1789678679 | bid=4341.869 | ask=4342.129 | tick_ok=False | xau_open=False | current_symbol=BTCUSDm | startup=False
[2026-09-18 04:40:38] SYMBOL_CHECK | XAUUSDm trade_mode=4 xau_open=False | trade_mode=4 | tick_time=1789678679 | bid=4341.869 | ask=4342.129 | tick_ok=False | xau_open=False | current_symbol=BTCUSDm | startup=False
[2026-09-18 04:41:37] SYMBOL_CHECK | XAUUSDm trade_mode=4 xau_open=False | trade_mode=4 | tick_time=1789678679 | bid=4341.869 | ask=4342.129 | tick_ok=False | xau_open=False | current_symbol=BTCUSDm | startup=False
[2026-09-18 04:42:38] SYMBOL_CHECK | XAUUSDm trade_mode=4 xau_open=False | trade_mode=4 | tick_time=1789678679 | bid=4341.869 | ask=4342.129 | tick_ok=False | xau_open=False | current_symbol=BTCUSDm | startup=False
[2026-09-18 04:43:38] SYMBOL_CHECK | XAUUSDm trade_mode=4 xau_open=False | trade_mode=4 | tick_time=1789678679 | bid=4341.869 | ask=4342.129 | tick_ok=False | xau_open=False | current_symbol=BTCUSDm | startup=False
[2026-09-18 04:43:38] DEMO_PORTFOLIO_SKIP | XAUUSDm market closed - stale tick | active=P18,S101,S102,S105,S106,S111,LTS_EVOLUTION9,LTS_SCREEN13
[2026-09-18 04:44:37] SYMBOL_CHECK | XAUUSDm trade_mode=4 xau_open=False | trade_mode=4 | tick_time=1789678679 | bid=4341.869 | ask=4342.129 | tick_ok=False | xau_open=False | current_symbol=BTCUSDm | startup=False
[2026-09-18 04:45:37] SYMBOL_CHECK | XAUUSDm trade_mode=4 xau_open=False | trade_mode=4 | tick_time=1789678679 | bid=4341.869 | ask=4342.129 | tick_ok=False | xau_open=False | current_symbol=BTCUSDm | startup=False
[2026-09-18 04:46:38] SYMBOL_CHECK | XAUUSDm trade_mode=4 xau_open=False | trade_mode=4 | tick_time=1789678679 | bid=4341.869 | ask=4342.129 | tick_ok=False | xau_open=False | current_symbol=BTCUSDm | startup=False
[2026-09-18 04:47:37] SYMBOL_CHECK | XAUUSDm trade_mode=4 xau_open=False | trade_mode=4 | tick_time=1789678679 | bid=4341.869 | ask=4342.129 | tick_ok=False | xau_open=False | current_symbol=BTCUSDm | startup=False
[2026-09-18 04:48:38] SYMBOL_CHECK | XAUUSDm trade_mode=4 xau_open=False | trade_mode=4 | tick_time=1789678679 | bid=4341.869 | ask=4342.129 | tick_ok=False | xau_open=False | current_symbol=BTCUSDm | startup=False
[2026-09-18 04:48:38] DEMO_PORTFOLIO_SKIP | XAUUSDm market closed - stale tick | active=P18,S101,S102,S105,S106,S111,LTS_EVOLUTION9,LTS_SCREEN13
[2026-09-18 04:49:37] SYMBOL_CHECK | XAUUSDm trade_mode=4 xau_open=False | trade_mode=4 | tick_time=1789678679 | bid=4341.869 | ask=4342.129 | tick_ok=False | xau_open=False | current_symbol=BTCUSDm | startup=False
[2026-09-18 04:50:38] SYMBOL_CHECK | XAUUSDm trade_mode=4 xau_open=False | trade_mode=4 | tick_time=1789678679 | bid=4341.869 | ask=4342.129 | tick_ok=False | xau_open=False | current_symbol=BTCUSDm | startup=False
[2026-09-18 04:51:37] SYMBOL_CHECK | XAUUSDm trade_mode=4 xau_open=False | trade_mode=4 | tick_time=1789678679 | bid=4341.869 | ask=4342.129 | tick_ok=False | xau_open=False | current_symbol=BTCUSDm | startup=False
[2026-09-18 04:52:37] SYMBOL_CHECK | XAUUSDm trade_mode=4 xau_open=False | trade_mode=4 | tick_time=1789678679 | bid=4341.869 | ask=4342.129 | tick_ok=False | xau_open=False | current_symbol=BTCUSDm | startup=False
[2026-09-18 04:53:37] SYMBOL_CHECK | XAUUSDm trade_mode=4 xau_open=False | trade_mode=4 | tick_time=1789678679 | bid=4341.869 | ask=4342.129 | tick_ok=False | xau_open=False | current_symbol=BTCUSDm | startup=False
[2026-09-18 04:53:37] DEMO_PORTFOLIO_SKIP | XAUUSDm market closed - stale tick | active=P18,S101,S102,S105,S106,S111,LTS_EVOLUTION9,LTS_SCREEN13
[2026-09-18 04:54:38] SYMBOL_CHECK | XAUUSDm trade_mode=4 xau_open=False | trade_mode=4 | tick_time=1789678679 | bid=4341.869 | ask=4342.129 | tick_ok=False | xau_open=False | current_symbol=BTCUSDm | startup=False
[2026-09-18 04:55:36] SYMBOL_CHECK | XAUUSDm trade_mode=4 xau_open=False | trade_mode=4 | tick_time=1789678679 | bid=4341.869 | ask=4342.129 | tick_ok=False | xau_open=False | current_symbol=BTCUSDm | startup=False
[2026-09-18 04:56:37] SYMBOL_CHECK | XAUUSDm trade_mode=4 xau_open=False | trade_mode=4 | tick_time=1789678679 | bid=4341.869 | ask=4342.129 | tick_ok=False | xau_open=False | current_symbol=BTCUSDm | startup=False
[2026-09-18 04:57:37] SYMBOL_CHECK | XAUUSDm trade_mode=4 xau_open=False | trade_mode=4 | tick_time=1789678679 | bid=4341.869 | ask=4342.129 | tick_ok=False | xau_open=False | current_symbol=BTCUSDm | startup=False
[2026-09-18 04:58:37] SYMBOL_CHECK | XAUUSDm trade_mode=4 xau_open=False | trade_mode=4 | tick_time=1789678679 | bid=4341.869 | ask=4342.129 | tick_ok=False | xau_open=False | current_symbol=BTCUSDm | startup=False
[2026-09-18 04:58:38] DEMO_PORTFOLIO_SKIP | XAUUSDm market closed - stale tick | active=P18,S101,S102,S105,S106,S111,LTS_EVOLUTION9,LTS_SCREEN13
[2026-09-18 04:59:38] SYMBOL_CHECK | XAUUSDm trade_mode=4 xau_open=False | trade_mode=4 | tick_time=1789678679 | bid=4341.869 | ask=4342.129 | tick_ok=False | xau_open=False | current_symbol=BTCUSDm | startup=False
[2026-09-18 05:00:37] SYMBOL_CHECK | XAUUSDm trade_mode=4 xau_open=True | trade_mode=4 | tick_time=1789682438 | bid=4343.242 | ask=4343.502 | tick_ok=True | xau_open=True | current_symbol=BTCUSDm | startup=False
[2026-09-18 05:00:38] SWEEP_RESET | SWEEP_HIGH | tf=M15 | reason=label_changed:HL→LH
[2026-09-18 05:00:38] SWEEP_RESET | SWEEP_LOW | tf=M30 | reason=trend_changed:SIDEWAY→BULL
[2026-09-18 05:00:38] SWEEP_RESET | SWEEP_LOW | tf=H1 | reason=trend_changed:BULL→SIDEWAY
[2026-09-18 05:00:39] SWEEP_RESET | SWEEP_HIGH | tf=H4 | reason=expired
[2026-09-18 05:00:39] TG_SENT | 🟡 *XAUUSD เปิดแล้ว* → สลับกลับ XAUUSDm
[2026-09-18 05:00:43] TG_SENT | ⚡ *สั่งสแกนทันทีหลังสลับ symbol*  | 📈 SYMBOL: `XAUUSDm`
[2026-09-18 05:01:37] SYMBOL_CHECK | XAUUSDm trade_mode=4 xau_open=True | trade_mode=4 | tick_time=1789682498 | bid=4343.311 | ask=4343.571 | tick_ok=True | xau_open=True | current_symbol=XAUUSDm | startup=False
[2026-09-18 05:02:38] SYMBOL_CHECK | XAUUSDm trade_mode=4 xau_open=True | trade_mode=4 | tick_time=1789682558 | bid=4342.709 | ask=4342.969 | tick_ok=True | xau_open=True | current_symbol=XAUUSDm | startup=False
[2026-09-18 05:03:36] SYMBOL_CHECK | XAUUSDm trade_mode=4 xau_open=True | trade_mode=4 | tick_time=1789682618 | bid=4342.879 | ask=4343.139 | tick_ok=True | xau_open=True | current_symbol=XAUUSDm | startup=False
[2026-09-18 05:03:36] DEMO_PORTFOLIO_SCAN | XAUUSDm open active=P18,S101,S102,S105,S106,S111,LTS_EVOLUTION9,LTS_SCREEN13
[2026-09-18 05:03:36] DEMO_PORTFOLIO_SIGNAL | LTS_SCREEN13_13 BUY lot=0.01 sl=4340.689 tp=4360.289 rd=2.45 weight=1.000 scale=1.00 h=5 success=True ticket=4731782148 err=None
[2026-09-18 05:03:36] DEMO_PORTFOLIO_SCAN | XAUUSDm done active=P18,S101,S102,S105,S106,S111,LTS_EVOLUTION9,LTS_SCREEN13
[2026-09-18 05:03:37] TG_SENT | [AF SIGNAL] *📐 LTS_SCREEN13* | Leg: `LTS_SCREEN13_13 DIRECT_S419_M5` | BUY @ market lot `0.01` | SL `4340.69` TP `4360.29` | RD `2.45` H`5` | Weight `x1.000` Scale `1.00` | Ticket: `4731782148`
[2026-09-18 05:04:38] SYMBOL_CHECK | XAUUSDm trade_mode=4 xau_open=True | trade_mode=4 | tick_time=1789682678 | bid=4343.076 | ask=4343.336 | tick_ok=True | xau_open=True | current_symbol=XAUUSDm | startup=False
[2026-09-18 05:05:38] SYMBOL_CHECK | XAUUSDm trade_mode=4 xau_open=True | trade_mode=4 | tick_time=1789682738 | bid=4342.226 | ask=4342.486 | tick_ok=True | xau_open=True | current_symbol=XAUUSDm | startup=False
[2026-09-18 05:06:37] SYMBOL_CHECK | XAUUSDm trade_mode=4 xau_open=True | trade_mode=4 | tick_time=1789682797 | bid=4342.36 | ask=4342.62 | tick_ok=True | xau_open=True | current_symbol=XAUUSDm | startup=False
[2026-09-18 05:07:38] SYMBOL_CHECK | XAUUSDm trade_mode=4 xau_open=True | trade_mode=4 | tick_time=1789682858 | bid=4341.958 | ask=4342.218 | tick_ok=True | xau_open=True | current_symbol=XAUUSDm | startup=False
[2026-09-18 05:08:36] SYMBOL_CHECK | XAUUSDm trade_mode=4 xau_open=True | trade_mode=4 | tick_time=1789682918 | bid=4342.357 | ask=4342.617 | tick_ok=True | xau_open=True | current_symbol=XAUUSDm | startup=False
[2026-09-18 05:08:36] DEMO_PORTFOLIO_SCAN | XAUUSDm open active=P18,S101,S102,S105,S106,S111,LTS_EVOLUTION9,LTS_SCREEN13
[2026-09-18 05:08:36] DEMO_PORTFOLIO_SIGNAL | LTS_SCREEN13_13 BUY lot=0.01 sl=4341.427000000001 tp=4350.947 rd=1.19 weight=1.000 scale=1.00 h=5 success=True ticket=4731787014 err=None
[2026-09-18 05:08:36] DEMO_PORTFOLIO_SCAN | XAUUSDm done active=P18,S101,S102,S105,S106,S111,LTS_EVOLUTION9,LTS_SCREEN13
[2026-09-18 05:08:37] TG_SENT | [AF SIGNAL] *📐 LTS_SCREEN13* | Leg: `LTS_SCREEN13_13 DIRECT_S419_M5` | BUY @ market lot `0.01` | SL `4341.43` TP `4350.95` | RD `1.19` H`5` | Weight `x1.000` Scale `1.00` | Ticket: `4731787014`
[2026-09-18 05:09:36] SYMBOL_CHECK | XAUUSDm trade_mode=4 xau_open=True | trade_mode=4 | tick_time=1789682978 | bid=4342.36 | ask=4342.62 | tick_ok=True | xau_open=True | current_symbol=XAUUSDm | startup=False
[2026-09-18 05:10:37] SYMBOL_CHECK | XAUUSDm trade_mode=4 xau_open=True | trade_mode=4 | tick_time=1789683035 | bid=4342.328 | ask=4342.588 | tick_ok=True | xau_open=True | current_symbol=XAUUSDm | startup=False
[2026-09-18 05:11:37] SYMBOL_CHECK | XAUUSDm trade_mode=4 xau_open=True | trade_mode=4 | tick_time=1789683097 | bid=4342.485 | ask=4342.745 | tick_ok=True | xau_open=True | current_symbol=XAUUSDm | startup=False
[2026-09-18 05:12:37] SYMBOL_CHECK | XAUUSDm trade_mode=4 xau_open=True | trade_mode=4 | tick_time=1789683157 | bid=4343.063 | ask=4343.323 | tick_ok=True | xau_open=True | current_symbol=XAUUSDm | startup=False
[2026-09-18 05:13:38] SYMBOL_CHECK | XAUUSDm trade_mode=4 xau_open=True | trade_mode=4 | tick_time=1789683218 | bid=4344.786 | ask=4345.046 | tick_ok=True | xau_open=True | current_symbol=XAUUSDm | startup=False
[2026-09-18 05:13:38] DEMO_PORTFOLIO_SCAN | XAUUSDm open active=P18,S101,S102,S105,S106,S111,LTS_EVOLUTION9,LTS_SCREEN13
[2026-09-18 05:13:38] DEMO_PORTFOLIO_SIGNAL | LTS_SCREEN13_13 BUY lot=0.01 sl=4341.366 tp=4370.8060000000005 rd=3.68 weight=1.000 scale=1.00 h=5 success=True ticket=4731793696 err=None
[2026-09-18 05:13:38] DEMO_PORTFOLIO_SCAN | XAUUSDm done active=P18,S101,S102,S105,S106,S111,LTS_EVOLUTION9,LTS_SCREEN13
[2026-09-18 05:13:39] TG_SENT | [AF SIGNAL] *📐 LTS_SCREEN13* | Leg: `LTS_SCREEN13_13 DIRECT_S419_M5` | BUY @ market lot `0.01` | SL `4341.37` TP `4370.81` | RD `3.68` H`5` | Weight `x1.000` Scale `1.00` | Ticket: `4731793696`
[2026-09-18 05:14:38] SYMBOL_CHECK | XAUUSDm trade_mode=4 xau_open=True | trade_mode=4 | tick_time=1789683278 | bid=4344.161 | ask=4344.421 | tick_ok=True | xau_open=True | current_symbol=XAUUSDm | startup=False
[2026-09-18 05:15:38] SYMBOL_CHECK | XAUUSDm trade_mode=4 xau_open=True | trade_mode=4 | tick_time=1789683338 | bid=4344.933 | ask=4345.193 | tick_ok=True | xau_open=True | current_symbol=XAUUSDm | startup=False
[2026-09-18 05:16:36] SYMBOL_CHECK | XAUUSDm trade_mode=4 xau_open=True | trade_mode=4 | tick_time=1789683396 | bid=4344.868 | ask=4345.128 | tick_ok=True | xau_open=True | current_symbol=XAUUSDm | startup=False
[2026-09-18 05:17:37] SYMBOL_CHECK | XAUUSDm trade_mode=4 xau_open=True | trade_mode=4 | tick_time=1789683457 | bid=4343.41 | ask=4343.67 | tick_ok=True | xau_open=True | current_symbol=XAUUSDm | startup=False
[2026-09-18 05:18:37] SYMBOL_CHECK | XAUUSDm trade_mode=4 xau_open=True | trade_mode=4 | tick_time=1789683518 | bid=4342.326 | ask=4342.586 | tick_ok=True | xau_open=True | current_symbol=XAUUSDm | startup=False
[2026-09-18 05:18:38] DEMO_PORTFOLIO_SCAN | XAUUSDm open active=P18,S101,S102,S105,S106,S111,LTS_EVOLUTION9,LTS_SCREEN13
[2026-09-18 05:18:38] DEMO_PORTFOLIO_SIGNAL | LTS_SCREEN13_13 BUY lot=0.01 sl=4341.383000000001 tp=4351.223 rd=1.23 weight=1.000 scale=1.00 h=5 success=True ticket=4731800471 err=None
[2026-09-18 05:18:38] DEMO_PORTFOLIO_SCAN | XAUUSDm done active=P18,S101,S102,S105,S106,S111,LTS_EVOLUTION9,LTS_SCREEN13
[2026-09-18 05:18:39] TG_SENT | [AF SIGNAL] *📐 LTS_SCREEN13* | Leg: `LTS_SCREEN13_13 DIRECT_S419_M5` | BUY @ market lot `0.01` | SL `4341.38` TP `4351.22` | RD `1.23` H`5` | Weight `x1.000` Scale `1.00` | Ticket: `4731800471`
[2026-09-18 05:19:36] SYMBOL_CHECK | XAUUSDm trade_mode=4 xau_open=True | trade_mode=4 | tick_time=1789683576 | bid=4342.498 | ask=4342.758 | tick_ok=True | xau_open=True | current_symbol=XAUUSDm | startup=False
[2026-09-18 05:20:38] SYMBOL_CHECK | XAUUSDm trade_mode=4 xau_open=True | trade_mode=4 | tick_time=1789683638 | bid=4341.798 | ask=4342.058 | tick_ok=True | xau_open=True | current_symbol=XAUUSDm | startup=False
[2026-09-18 05:21:37] SYMBOL_CHECK | XAUUSDm trade_mode=4 xau_open=True | trade_mode=4 | tick_time=1789683698 | bid=4343.299 | ask=4343.559 | tick_ok=True | xau_open=True | current_symbol=XAUUSDm | startup=False
[2026-09-18 05:22:37] SYMBOL_CHECK | XAUUSDm trade_mode=4 xau_open=True | trade_mode=4 | tick_time=1789683757 | bid=4342.716 | ask=4342.976 | tick_ok=True | xau_open=True | current_symbol=XAUUSDm | startup=False
[2026-09-18 05:23:37] SYMBOL_CHECK | XAUUSDm trade_mode=4 xau_open=True | trade_mode=4 | tick_time=1789683817 | bid=4343.349 | ask=4343.609 | tick_ok=True | xau_open=True | current_symbol=XAUUSDm | startup=False
[2026-09-18 05:23:37] DEMO_PORTFOLIO_SCAN | XAUUSDm open active=P18,S101,S102,S105,S106,S111,LTS_EVOLUTION9,LTS_SCREEN13
[2026-09-18 05:23:37] DEMO_PORTFOLIO_SIGNAL | LTS_SCREEN13_13 BUY lot=0.01 sl=4341.1140000000005 tp=4361.354 rd=2.53 weight=1.000 scale=1.00 h=5 success=True ticket=4731806304 err=None
[2026-09-18 05:23:37] DEMO_PORTFOLIO_SCAN | XAUUSDm done active=P18,S101,S102,S105,S106,S111,LTS_EVOLUTION9,LTS_SCREEN13
[2026-09-18 05:23:38] TG_SENT | [AF SIGNAL] *📐 LTS_SCREEN13* | Leg: `LTS_SCREEN13_13 DIRECT_S419_M5` | BUY @ market lot `0.01` | SL `4341.11` TP `4361.35` | RD `2.53` H`5` | Weight `x1.000` Scale `1.00` | Ticket: `4731806304`
[2026-09-18 05:24:38] SYMBOL_CHECK | XAUUSDm trade_mode=4 xau_open=True | trade_mode=4 | tick_time=1789683877 | bid=4342.146 | ask=4342.406 | tick_ok=True | xau_open=True | current_symbol=XAUUSDm | startup=False
[2026-09-18 05:25:38] SYMBOL_CHECK | XAUUSDm trade_mode=4 xau_open=True | trade_mode=4 | tick_time=1789683937 | bid=4343.186 | ask=4343.446 | tick_ok=True | xau_open=True | current_symbol=XAUUSDm | startup=False
[2026-09-18 05:26:36] SYMBOL_CHECK | XAUUSDm trade_mode=4 xau_open=True | trade_mode=4 | tick_time=1789683998 | bid=4342.471 | ask=4342.731 | tick_ok=True | xau_open=True | current_symbol=XAUUSDm | startup=False
[2026-09-18 05:27:38] SYMBOL_CHECK | XAUUSDm trade_mode=4 xau_open=True | trade_mode=4 | tick_time=1789684058 | bid=4342.648 | ask=4342.908 | tick_ok=True | xau_open=True | current_symbol=XAUUSDm | startup=False
[2026-09-18 05:28:37] SYMBOL_CHECK | XAUUSDm trade_mode=4 xau_open=True | trade_mode=4 | tick_time=1789684117 | bid=4342.843 | ask=4343.103 | tick_ok=True | xau_open=True | current_symbol=XAUUSDm | startup=False
[2026-09-18 05:28:37] DEMO_PORTFOLIO_SCAN | XAUUSDm open active=P18,S101,S102,S105,S106,S111,LTS_EVOLUTION9,LTS_SCREEN13
[2026-09-18 05:28:37] DEMO_PORTFOLIO_SIGNAL | LTS_SCREEN13_13 BUY lot=0.01 sl=4341.124 tp=4357.284000000001 rd=2.02 weight=1.000 scale=1.00 h=5 success=True ticket=4731811168 err=None
[2026-09-18 05:28:37] DEMO_PORTFOLIO_SCAN | XAUUSDm done active=P18,S101,S102,S105,S106,S111,LTS_EVOLUTION9,LTS_SCREEN13
[2026-09-18 05:28:38] TG_SENT | [AF SIGNAL] *📐 LTS_SCREEN13* | Leg: `LTS_SCREEN13_13 DIRECT_S419_M5` | BUY @ market lot `0.01` | SL `4341.12` TP `4357.28` | RD `2.02` H`5` | Weight `x1.000` Scale `1.00` | Ticket: `4731811168`
[2026-09-18 05:29:38] SYMBOL_CHECK | XAUUSDm trade_mode=4 xau_open=True | trade_mode=4 | tick_time=1789684178 | bid=4344.539 | ask=4344.799 | tick_ok=True | xau_open=True | current_symbol=XAUUSDm | startup=False
[2026-09-18 05:30:38] SYMBOL_CHECK | XAUUSDm trade_mode=4 xau_open=True | trade_mode=4 | tick_time=1789684238 | bid=4345.087 | ask=4345.347 | tick_ok=True | xau_open=True | current_symbol=XAUUSDm | startup=False
[2026-09-18 05:31:38] SYMBOL_CHECK | XAUUSDm trade_mode=4 xau_open=True | trade_mode=4 | tick_time=1789684298 | bid=4345.306 | ask=4345.566 | tick_ok=True | xau_open=True | current_symbol=XAUUSDm | startup=False
[2026-09-18 05:31:57] POSITION_CLOSED | 🎯 TP Hit | ticket=4731703421 | side=BUY | symbol=XAUUSDm | tf=M5 | sid=21 | pattern=- | trend_filter=- | open_price=4340.863 | close_price=4346.53 | sl=4340.053 | tp=4346.533 | profit=5.67 | reason=[tp 4346.53300] | close_time=05:31:57 18/09/2026
[2026-09-18 05:31:58] TG_SENT | 🟢 *🎯 TP Hit* | ━━━━━━━━━━━━━━━━━ | 📊 TF: M5 | 📊 BUY XAUUSDm | 📌 เปิด: `4340.863` | 📌 ปิด: `4346.53` | 🛑 SL: `4340.053` | 🎯 TP: `4346.533` | 💬 เหตุผล: `[tp 4346.53300]` | 💰 P/L: `5.67` USD | 🔖 Ticket: `4731703421` | 🕐 Close Time: `05:31:57 18/09/2026`
[2026-09-18 05:32:38] SYMBOL_CHECK | XAUUSDm trade_mode=4 xau_open=True | trade_mode=4 | tick_time=1789684358 | bid=4346.983 | ask=4347.243 | tick_ok=True | xau_open=True | current_symbol=XAUUSDm | startup=False
[2026-09-18 05:33:37] SYMBOL_CHECK | XAUUSDm trade_mode=4 xau_open=True | trade_mode=4 | tick_time=1789684417 | bid=4346.45 | ask=4346.71 | tick_ok=True | xau_open=True | current_symbol=XAUUSDm | startup=False
[2026-09-18 05:33:37] DEMO_PORTFOLIO_SCAN | XAUUSDm open active=P18,S101,S102,S105,S106,S111,LTS_EVOLUTION9,LTS_SCREEN13
[2026-09-18 05:33:37] DEMO_PORTFOLIO_SCAN | XAUUSDm done active=P18,S101,S102,S105,S106,S111,LTS_EVOLUTION9,LTS_SCREEN13
[2026-09-18 05:34:37] SYMBOL_CHECK | XAUUSDm trade_mode=4 xau_open=True | trade_mode=4 | tick_time=1789684478 | bid=4346.909 | ask=4347.169 | tick_ok=True | xau_open=True | current_symbol=XAUUSDm | startup=False
[2026-09-18 05:35:38] SYMBOL_CHECK | XAUUSDm trade_mode=4 xau_open=True | trade_mode=4 | tick_time=1789684538 | bid=4347.977 | ask=4348.237 | tick_ok=True | xau_open=True | current_symbol=XAUUSDm | startup=False
[2026-09-18 05:36:37] SYMBOL_CHECK | XAUUSDm trade_mode=4 xau_open=True | trade_mode=4 | tick_time=1789684597 | bid=4348.953 | ask=4349.213 | tick_ok=True | xau_open=True | current_symbol=XAUUSDm | startup=False
[2026-09-18 05:37:37] SYMBOL_CHECK | XAUUSDm trade_mode=4 xau_open=True | trade_mode=4 | tick_time=1789684657 | bid=4348.159 | ask=4348.419 | tick_ok=True | xau_open=True | current_symbol=XAUUSDm | startup=False
[2026-09-18 05:38:38] SYMBOL_CHECK | XAUUSDm trade_mode=4 xau_open=True | trade_mode=4 | tick_time=1789684718 | bid=4348.56 | ask=4348.82 | tick_ok=True | xau_open=True | current_symbol=XAUUSDm | startup=False
[2026-09-18 05:38:38] DEMO_PORTFOLIO_SCAN | XAUUSDm open active=P18,S101,S102,S105,S106,S111,LTS_EVOLUTION9,LTS_SCREEN13
[2026-09-18 05:38:38] DEMO_PORTFOLIO_SCAN | XAUUSDm done active=P18,S101,S102,S105,S106,S111,LTS_EVOLUTION9,LTS_SCREEN13
[2026-09-18 05:39:38] SYMBOL_CHECK | XAUUSDm trade_mode=4 xau_open=True | trade_mode=4 | tick_time=1789684775 | bid=4348.98 | ask=4349.24 | tick_ok=True | xau_open=True | current_symbol=XAUUSDm | startup=False
[2026-09-18 05:40:38] SYMBOL_CHECK | XAUUSDm trade_mode=4 xau_open=True | trade_mode=4 | tick_time=1789684838 | bid=4348.707 | ask=4348.967 | tick_ok=True | xau_open=True | current_symbol=XAUUSDm | startup=False
[2026-09-18 05:41:37] SYMBOL_CHECK | XAUUSDm trade_mode=4 xau_open=True | trade_mode=4 | tick_time=1789684898 | bid=4347.524 | ask=4347.784 | tick_ok=True | xau_open=True | current_symbol=XAUUSDm | startup=False
[2026-09-18 05:42:38] SYMBOL_CHECK | XAUUSDm trade_mode=4 xau_open=True | trade_mode=4 | tick_time=1789684958 | bid=4347.787 | ask=4348.047 | tick_ok=True | xau_open=True | current_symbol=XAUUSDm | startup=False
[2026-09-18 05:43:37] SYMBOL_CHECK | XAUUSDm trade_mode=4 xau_open=True | trade_mode=4 | tick_time=1789685018 | bid=4345.542 | ask=4345.802 | tick_ok=True | xau_open=True | current_symbol=XAUUSDm | startup=False
[2026-09-18 05:43:37] DEMO_PORTFOLIO_SCAN | XAUUSDm open active=P18,S101,S102,S105,S106,S111,LTS_EVOLUTION9,LTS_SCREEN13
[2026-09-18 05:43:37] DEMO_PORTFOLIO_SIGNAL | LTS_SCREEN13_9 BUY lot=0.01 sl=4341.482 tp=4380.362 rd=4.32 weight=1.000 scale=1.00 h=5 success=True ticket=4731841750 err=None
[2026-09-18 05:43:37] DEMO_PORTFOLIO_SIGNAL | LTS_SCREEN13_13 BUY lot=0.01 sl=4344.902 tp=4352.102 rd=0.90 weight=1.000 scale=1.00 h=5 success=True ticket=4731841757 err=None
[2026-09-18 05:43:37] DEMO_PORTFOLIO_SCAN | XAUUSDm done active=P18,S101,S102,S105,S106,S111,LTS_EVOLUTION9,LTS_SCREEN13
[2026-09-18 05:43:38] TG_SENT | [AF SIGNAL] *📐 LTS_SCREEN13* | Leg: `LTS_SCREEN13_9 DIRECT_S418_M5` | BUY @ market lot `0.01` | SL `4341.48` TP `4380.36` | RD `4.32` H`5` | Weight `x1.000` Scale `1.00` | Ticket: `4731841750`
[2026-09-18 05:43:43] TG_SENT | [AF SIGNAL] *📐 LTS_SCREEN13* | Leg: `LTS_SCREEN13_13 DIRECT_S419_M5` | BUY @ market lot `0.01` | SL `4344.90` TP `4352.10` | RD `0.90` H`5` | Weight `x1.000` Scale `1.00` | Ticket: `4731841757`
[2026-09-18 05:44:38] SYMBOL_CHECK | XAUUSDm trade_mode=4 xau_open=True | trade_mode=4 | tick_time=1789685070 | bid=4345.0 | ask=4345.26 | tick_ok=True | xau_open=True | current_symbol=XAUUSDm | startup=False
[2026-09-18 05:44:42] POSITION_CLOSED | 🛑 SL Hit | ticket=4731841757 | side=BUY | symbol=XAUUSDm | tf=M5 | sid=21 | pattern=- | trend_filter=- | open_price=4345.802000000001 | close_price=4344.9 | sl=4344.902 | tp=4352.102 | profit=-0.9 | reason=[sl 4344.90200] | close_time=05:44:43 18/09/2026
[2026-09-18 05:44:42] TG_SENT | 🟢 *🛑 SL Hit* | ━━━━━━━━━━━━━━━━━ | 📊 TF: M5 | 📊 BUY XAUUSDm | 📌 เปิด: `4345.802000000001` | 📌 ปิด: `4344.9` | 🛑 SL: `4344.902` | 🎯 TP: `4352.102` | 💬 เหตุผล: `[sl 4344.90200]` | 💸 P/L: `-0.9` USD | 🔖 Ticket: `4731841757` | 🕐 Close Time: `05:44:43 18/09/2026`
[2026-09-18 05:45:38] SYMBOL_CHECK | XAUUSDm trade_mode=4 xau_open=True | trade_mode=4 | tick_time=1789685137 | bid=4345.234 | ask=4345.494 | tick_ok=True | xau_open=True | current_symbol=XAUUSDm | startup=False
[2026-09-18 05:46:36] SYMBOL_CHECK | XAUUSDm trade_mode=4 xau_open=True | trade_mode=4 | tick_time=1789685197 | bid=4343.888 | ask=4344.148 | tick_ok=True | xau_open=True | current_symbol=XAUUSDm | startup=False
[2026-09-18 05:47:38] SYMBOL_CHECK | XAUUSDm trade_mode=4 xau_open=True | trade_mode=4 | tick_time=1789685258 | bid=4343.675 | ask=4343.935 | tick_ok=True | xau_open=True | current_symbol=XAUUSDm | startup=False
[2026-09-18 05:48:38] SYMBOL_CHECK | XAUUSDm trade_mode=4 xau_open=True | trade_mode=4 | tick_time=1789685317 | bid=4343.504 | ask=4343.764 | tick_ok=True | xau_open=True | current_symbol=XAUUSDm | startup=False
[2026-09-18 05:48:38] DEMO_PORTFOLIO_SCAN | XAUUSDm open active=P18,S101,S102,S105,S106,S111,LTS_EVOLUTION9,LTS_SCREEN13
[2026-09-18 05:48:38] DEMO_PORTFOLIO_SIGNAL | LTS_SCREEN13_13 BUY lot=0.01 sl=4342.710999999999 tp=4351.5109999999995 rd=1.10 weight=1.000 scale=1.00 h=5 success=True ticket=4731851898 err=None
[2026-09-18 05:48:38] DEMO_PORTFOLIO_SCAN | XAUUSDm done active=P18,S101,S102,S105,S106,S111,LTS_EVOLUTION9,LTS_SCREEN13
[2026-09-18 05:48:39] TG_SENT | [AF SIGNAL] *📐 LTS_SCREEN13* | Leg: `LTS_SCREEN13_13 DIRECT_S419_M5` | BUY @ market lot `0.01` | SL `4342.71` TP `4351.51` | RD `1.10` H`5` | Weight `x1.000` Scale `1.00` | Ticket: `4731851898`
[2026-09-18 05:48:57] POSITION_CLOSED | 🛑 SL Hit | ticket=4731851898 | side=BUY | symbol=XAUUSDm | tf=M5 | sid=21 | pattern=- | trend_filter=- | open_price=4343.811000000001 | close_price=4342.71 | sl=4342.711 | tp=4351.511 | profit=-1.1 | reason=[sl 4342.71100] | close_time=05:48:56 18/09/2026
[2026-09-18 05:48:57] TG_SENT | 🟢 *🛑 SL Hit* | ━━━━━━━━━━━━━━━━━ | 📊 TF: M5 | 📊 BUY XAUUSDm | 📌 เปิด: `4343.811000000001` | 📌 ปิด: `4342.71` | 🛑 SL: `4342.711` | 🎯 TP: `4351.511` | 💬 เหตุผล: `[sl 4342.71100]` | 💸 P/L: `-1.1` USD | 🔖 Ticket: `4731851898` | 🕐 Close Time: `05:48:56 18/09/2026`
[2026-09-18 05:49:37] SYMBOL_CHECK | XAUUSDm trade_mode=4 xau_open=True | trade_mode=4 | tick_time=1789685378 | bid=4341.664 | ask=4341.924 | tick_ok=True | xau_open=True | current_symbol=XAUUSDm | startup=False
[2026-09-18 05:50:38] SYMBOL_CHECK | XAUUSDm trade_mode=4 xau_open=True | trade_mode=4 | tick_time=1789685438 | bid=4342.336 | ask=4342.596 | tick_ok=True | xau_open=True | current_symbol=XAUUSDm | startup=False
[2026-09-18 05:51:38] SYMBOL_CHECK | XAUUSDm trade_mode=4 xau_open=True | trade_mode=4 | tick_time=1789685497 | bid=4342.112 | ask=4342.372 | tick_ok=True | xau_open=True | current_symbol=XAUUSDm | startup=False
[2026-09-18 05:52:38] SYMBOL_CHECK | XAUUSDm trade_mode=4 xau_open=True | trade_mode=4 | tick_time=1789685555 | bid=4341.679 | ask=4341.939 | tick_ok=True | xau_open=True | current_symbol=XAUUSDm | startup=False
[2026-09-18 05:52:43] POSITION_CLOSED | 🛑 SL Hit | ticket=4731841750 | side=BUY | symbol=XAUUSDm | tf=M5 | sid=21 | pattern=- | trend_filter=- | open_price=4345.802000000001 | close_price=4341.48 | sl=4341.482 | tp=4380.362 | profit=-4.32 | reason=[sl 4341.48200] | close_time=05:52:42 18/09/2026
[2026-09-18 05:52:43] POSITION_CLOSED | 🛑 SL Hit | ticket=4731787014 | side=BUY | symbol=XAUUSDm | tf=M5 | sid=21 | pattern=- | trend_filter=- | open_price=4342.617 | close_price=4341.43 | sl=4341.427 | tp=4350.947 | profit=-1.19 | reason=[sl 4341.427] | close_time=05:52:42 18/09/2026
[2026-09-18 05:52:43] TG_SENT | 🟢 *🛑 SL Hit* | ━━━━━━━━━━━━━━━━━ | 📊 TF: M5 | 📊 BUY XAUUSDm | 📌 เปิด: `4345.802000000001` | 📌 ปิด: `4341.48` | 🛑 SL: `4341.482` | 🎯 TP: `4380.362` | 💬 เหตุผล: `[sl 4341.48200]` | 💸 P/L: `-4.32` USD | 🔖 Ticket: `4731841750` | 🕐 Close Time: `05:52:42 18/09/2026`
[2026-09-18 05:52:47] TG_SENT | 🟢 *🛑 SL Hit* | ━━━━━━━━━━━━━━━━━ | 📊 TF: M5 | 📊 BUY XAUUSDm | 📌 เปิด: `4342.617` | 📌 ปิด: `4341.43` | 🛑 SL: `4341.427` | 🎯 TP: `4350.947` | 💬 เหตุผล: `[sl 4341.427]` | 💸 P/L: `-1.19` USD | 🔖 Ticket: `4731787014` | 🕐 Close Time: `05:52:42 18/09/2026`
[2026-09-18 05:53:38] SYMBOL_CHECK | XAUUSDm trade_mode=4 xau_open=True | trade_mode=4 | tick_time=1789685616 | bid=4344.257 | ask=4344.517 | tick_ok=True | xau_open=True | current_symbol=XAUUSDm | startup=False
[2026-09-18 05:53:38] DEMO_PORTFOLIO_SCAN | XAUUSDm open active=P18,S101,S102,S105,S106,S111,LTS_EVOLUTION9,LTS_SCREEN13
[2026-09-18 05:53:38] DEMO_PORTFOLIO_SIGNAL | LTS_SCREEN13_13 BUY lot=0.01 sl=4340.954 tp=4367.274 rd=3.29 weight=1.000 scale=1.00 h=5 success=True ticket=4731862509 err=None
[2026-09-18 05:53:38] DEMO_PORTFOLIO_SCAN | XAUUSDm done active=P18,S101,S102,S105,S106,S111,LTS_EVOLUTION9,LTS_SCREEN13
[2026-09-18 05:53:39] TG_SENT | [AF SIGNAL] *📐 LTS_SCREEN13* | Leg: `LTS_SCREEN13_13 DIRECT_S419_M5` | BUY @ market lot `0.01` | SL `4340.95` TP `4367.27` | RD `3.29` H`5` | Weight `x1.000` Scale `1.00` | Ticket: `4731862509`
[2026-09-18 05:54:38] SYMBOL_CHECK | XAUUSDm trade_mode=4 xau_open=True | trade_mode=4 | tick_time=1789685678 | bid=4344.544 | ask=4344.804 | tick_ok=True | xau_open=True | current_symbol=XAUUSDm | startup=False
[2026-09-18 05:55:38] SYMBOL_CHECK | XAUUSDm trade_mode=4 xau_open=True | trade_mode=4 | tick_time=1789685738 | bid=4344.049 | ask=4344.309 | tick_ok=True | xau_open=True | current_symbol=XAUUSDm | startup=False
[2026-09-18 05:56:37] SYMBOL_CHECK | XAUUSDm trade_mode=4 xau_open=True | trade_mode=4 | tick_time=1789685798 | bid=4344.952 | ask=4345.212 | tick_ok=True | xau_open=True | current_symbol=XAUUSDm | startup=False
[2026-09-18 05:57:37] SYMBOL_CHECK | XAUUSDm trade_mode=4 xau_open=True | trade_mode=4 | tick_time=1789685858 | bid=4344.083 | ask=4344.343 | tick_ok=True | xau_open=True | current_symbol=XAUUSDm | startup=False
[2026-09-18 05:58:37] SYMBOL_CHECK | XAUUSDm trade_mode=4 xau_open=True | trade_mode=4 | tick_time=1789685917 | bid=4344.231 | ask=4344.491 | tick_ok=True | xau_open=True | current_symbol=XAUUSDm | startup=False
[2026-09-18 05:58:37] DEMO_PORTFOLIO_SCAN | XAUUSDm open active=P18,S101,S102,S105,S106,S111,LTS_EVOLUTION9,LTS_SCREEN13
[2026-09-18 05:58:37] DEMO_PORTFOLIO_SIGNAL | LTS_SCREEN13_13 BUY lot=0.01 sl=4340.9310000000005 tp=4369.411 rd=3.56 weight=1.000 scale=1.00 h=5 success=True ticket=4731875209 err=None
[2026-09-18 05:58:37] DEMO_PORTFOLIO_SCAN | XAUUSDm done active=P18,S101,S102,S105,S106,S111,LTS_EVOLUTION9,LTS_SCREEN13
[2026-09-18 05:58:38] TG_SENT | [AF SIGNAL] *📐 LTS_SCREEN13* | Leg: `LTS_SCREEN13_13 DIRECT_S419_M5` | BUY @ market lot `0.01` | SL `4340.93` TP `4369.41` | RD `3.56` H`5` | Weight `x1.000` Scale `1.00` | Ticket: `4731875209`
[2026-09-18 05:59:38] SYMBOL_CHECK | XAUUSDm trade_mode=4 xau_open=True | trade_mode=4 | tick_time=1789685977 | bid=4344.226 | ask=4344.486 | tick_ok=True | xau_open=True | current_symbol=XAUUSDm | startup=False
[2026-09-18 06:00:38] SYMBOL_CHECK | XAUUSDm trade_mode=4 xau_open=True | trade_mode=4 | tick_time=1789686038 | bid=4343.449 | ask=4343.709 | tick_ok=True | xau_open=True | current_symbol=XAUUSDm | startup=False
[2026-09-18 06:01:38] SYMBOL_CHECK | XAUUSDm trade_mode=4 xau_open=True | trade_mode=4 | tick_time=1789686098 | bid=4342.566 | ask=4342.826 | tick_ok=True | xau_open=True | current_symbol=XAUUSDm | startup=False
[2026-09-18 06:02:38] SYMBOL_CHECK | XAUUSDm trade_mode=4 xau_open=True | trade_mode=4 | tick_time=1789686158 | bid=4343.021 | ask=4343.281 | tick_ok=True | xau_open=True | current_symbol=XAUUSDm | startup=False
[2026-09-18 06:03:38] SYMBOL_CHECK | XAUUSDm trade_mode=4 xau_open=True | trade_mode=4 | tick_time=1789686218 | bid=4344.047 | ask=4344.307 | tick_ok=True | xau_open=True | current_symbol=XAUUSDm | startup=False
[2026-09-18 06:03:38] DEMO_PORTFOLIO_SCAN | XAUUSDm open active=P18,S101,S102,S105,S106,S111,LTS_EVOLUTION9,LTS_SCREEN13
[2026-09-18 06:03:38] DEMO_PORTFOLIO_SIGNAL | LTS_SCREEN13_13 BUY lot=0.01 sl=4341.357 tp=4364.956999999999 rd=2.95 weight=1.000 scale=1.00 h=6 success=True ticket=4731885655 err=None
[2026-09-18 06:03:38] DEMO_PORTFOLIO_SCAN | XAUUSDm done active=P18,S101,S102,S105,S106,S111,LTS_EVOLUTION9,LTS_SCREEN13
[2026-09-18 06:03:40] TG_SENT | [AF SIGNAL] *📐 LTS_SCREEN13* | Leg: `LTS_SCREEN13_13 DIRECT_S419_M5` | BUY @ market lot `0.01` | SL `4341.36` TP `4364.96` | RD `2.95` H`6` | Weight `x1.000` Scale `1.00` | Ticket: `4731885655`
[2026-09-18 06:04:37] SYMBOL_CHECK | XAUUSDm trade_mode=4 xau_open=True | trade_mode=4 | tick_time=1789686276 | bid=4344.492 | ask=4344.752 | tick_ok=True | xau_open=True | current_symbol=XAUUSDm | startup=False
[2026-09-18 06:05:38] SYMBOL_CHECK | XAUUSDm trade_mode=4 xau_open=True | trade_mode=4 | tick_time=1789686338 | bid=4342.32 | ask=4342.58 | tick_ok=True | xau_open=True | current_symbol=XAUUSDm | startup=False
[2026-09-18 06:06:23] POSITION_CLOSED | 🛑 SL Hit | ticket=4731793696 | side=BUY | symbol=XAUUSDm | tf=M5 | sid=21 | pattern=- | trend_filter=- | open_price=4345.046 | close_price=4341.37 | sl=4341.366 | tp=4370.806 | profit=-3.68 | reason=[sl 4341.366] | close_time=06:06:21 18/09/2026
[2026-09-18 06:06:23] POSITION_CLOSED | 🛑 SL Hit | ticket=4731885655 | side=BUY | symbol=XAUUSDm | tf=M5 | sid=21 | pattern=- | trend_filter=- | open_price=4344.307000000001 | close_price=4341.36 | sl=4341.357 | tp=4364.957 | profit=-2.95 | reason=[sl 4341.35700] | close_time=06:06:21 18/09/2026
[2026-09-18 06:06:23] POSITION_CLOSED | 🛑 SL Hit | ticket=4731800471 | side=BUY | symbol=XAUUSDm | tf=M5 | sid=21 | pattern=- | trend_filter=- | open_price=4342.613 | close_price=4341.38 | sl=4341.383 | tp=4351.223 | profit=-1.23 | reason=[sl 4341.38300] | close_time=06:06:21 18/09/2026
[2026-09-18 06:06:24] TG_SENT | 🟢 *🛑 SL Hit* | ━━━━━━━━━━━━━━━━━ | 📊 TF: M5 | 📊 BUY XAUUSDm | 📌 เปิด: `4345.046` | 📌 ปิด: `4341.37` | 🛑 SL: `4341.366` | 🎯 TP: `4370.806` | 💬 เหตุผล: `[sl 4341.366]` | 💸 P/L: `-3.68` USD | 🔖 Ticket: `4731793696` | 🕐 Close Time: `06:06:21 18/09/2026`
[2026-09-18 06:06:28] POSITION_CLOSED | 🛑 SL Hit | ticket=4731806304 | side=BUY | symbol=XAUUSDm | tf=M5 | sid=21 | pattern=- | trend_filter=- | open_price=4343.644 | close_price=4341.11 | sl=4341.114 | tp=4361.354 | profit=-2.53 | reason=[sl 4341.114] | close_time=06:06:24 18/09/2026
[2026-09-18 06:06:28] POSITION_CLOSED | 🛑 SL Hit | ticket=4731811168 | side=BUY | symbol=XAUUSDm | tf=M5 | sid=21 | pattern=- | trend_filter=- | open_price=4343.144 | close_price=4341.12 | sl=4341.124 | tp=4357.284 | profit=-2.02 | reason=[sl 4341.124] | close_time=06:06:24 18/09/2026
[2026-09-18 06:06:28] POSITION_CLOSED | 🛑 SL Hit | ticket=4731782148 | side=BUY | symbol=XAUUSDm | tf=M5 | sid=21 | pattern=- | trend_filter=- | open_price=4343.139 | close_price=4340.69 | sl=4340.689 | tp=4360.289 | profit=-2.45 | reason=[sl 4340.689] | close_time=06:06:24 18/09/2026
[2026-09-18 06:06:28] POSITION_CLOSED | 🛑 SL Hit | ticket=4731696422 | side=BUY | symbol=XAUUSDm | tf=M5 | sid=21 | pattern=- | trend_filter=- | open_price=4342.1990000000005 | close_price=4340.4 | sl=4340.399 | tp=4354.799 | profit=-1.8 | reason=[sl 4340.399] | close_time=06:06:24 18/09/2026
[2026-09-18 06:06:28] POSITION_CLOSED | 🛑 SL Hit | ticket=4731875209 | side=BUY | symbol=XAUUSDm | tf=M5 | sid=21 | pattern=- | trend_filter=- | open_price=4344.491 | close_price=4340.93 | sl=4340.931 | tp=4369.411 | profit=-3.56 | reason=[sl 4340.931] | close_time=06:06:24 18/09/2026
[2026-09-18 06:06:28] POSITION_CLOSED | 🛑 SL Hit | ticket=4731862509 | side=BUY | symbol=XAUUSDm | tf=M5 | sid=21 | pattern=- | trend_filter=- | open_price=4344.244000000001 | close_price=4340.95 | sl=4340.954 | tp=4367.274 | profit=-3.29 | reason=[sl 4340.954] | close_time=06:06:24 18/09/2026
[2026-09-18 06:06:28] TG_SENT | 🟢 *🛑 SL Hit* | ━━━━━━━━━━━━━━━━━ | 📊 TF: M5 | 📊 BUY XAUUSDm | 📌 เปิด: `4344.307000000001` | 📌 ปิด: `4341.36` | 🛑 SL: `4341.357` | 🎯 TP: `4364.957` | 💬 เหตุผล: `[sl 4341.35700]` | 💸 P/L: `-2.95` USD | 🔖 Ticket: `4731885655` | 🕐 Close Time: `06:06:21 18/09/2026`
[2026-09-18 06:06:32] TG_SENT | 🟢 *🛑 SL Hit* | ━━━━━━━━━━━━━━━━━ | 📊 TF: M5 | 📊 BUY XAUUSDm | 📌 เปิด: `4342.613` | 📌 ปิด: `4341.38` | 🛑 SL: `4341.383` | 🎯 TP: `4351.223` | 💬 เหตุผล: `[sl 4341.38300]` | 💸 P/L: `-1.23` USD | 🔖 Ticket: `4731800471` | 🕐 Close Time: `06:06:21 18/09/2026`
[2026-09-18 06:06:32] POSITION_CLOSED | 🛑 SL Hit | ticket=4731724448 | side=BUY | symbol=XAUUSDm | tf=M5 | sid=21 | pattern=- | trend_filter=- | open_price=4342.222000000001 | close_price=4340.06 | sl=4340.062 | tp=4357.342 | profit=-2.16 | reason=[sl 4340.062] | close_time=06:06:33 18/09/2026
[2026-09-18 06:06:32] POSITION_CLOSED | 🛑 SL Hit | ticket=4728616226 | side=BUY | symbol=XAUUSDm | tf=M5 | sid=21 | pattern=- | trend_filter=- | open_price=4349.003000000001 | close_price=4339.76 | sl=4339.763 | tp=4543.973 | profit=-9.24 | reason=[sl 4339.763] | close_time=06:06:33 18/09/2026
[2026-09-18 06:06:33] POSITION_CLOSED | 🛑 SL Hit | ticket=4731713379 | side=BUY | symbol=XAUUSDm | tf=M5 | sid=21 | pattern=- | trend_filter=- | open_price=4342.106000000001 | close_price=4340.14 | sl=4340.136 | tp=4355.896 | profit=-1.97 | reason=[sl 4340.136] | close_time=06:06:29 18/09/2026
[2026-09-18 06:06:33] POSITION_CLOSED | 🛑 SL Hit | ticket=4731718726 | side=BUY | symbol=XAUUSDm | tf=M5 | sid=21 | pattern=- | trend_filter=- | open_price=4341.918000000001 | close_price=4340.13 | sl=4340.128 | tp=4354.448 | profit=-1.79 | reason=[sl 4340.12800] | close_time=06:06:29 18/09/2026
[2026-09-18 06:06:33] POSITION_CLOSED | 🛑 SL Hit | ticket=4730000113 | side=BUY | symbol=XAUUSDm | tf=M5 | sid=21 | pattern=- | trend_filter=- | open_price=4372.485000000001 | close_price=4339.83 | sl=4339.829 | tp=4437.059 | profit=-32.66 | reason=[sl 4339.829] | close_time=06:06:33 18/09/2026
[2026-09-18 06:06:36] TG_SENT | 🟢 *🛑 SL Hit* | ━━━━━━━━━━━━━━━━━ | 📊 TF: M5 | 📊 BUY XAUUSDm | 📌 เปิด: `4343.644` | 📌 ปิด: `4341.11` | 🛑 SL: `4341.114` | 🎯 TP: `4361.354` | 💬 เหตุผล: `[sl 4341.114]` | 💸 P/L: `-2.53` USD | 🔖 Ticket: `4731806304` | 🕐 Close Time: `06:06:24 18/09/2026`
[2026-09-18 06:06:38] SYMBOL_CHECK | XAUUSDm trade_mode=4 xau_open=True | trade_mode=4 | tick_time=1789686398 | bid=4340.466 | ask=4340.726 | tick_ok=True | xau_open=True | current_symbol=XAUUSDm | startup=False
[2026-09-18 06:06:40] TG_SENT | 🟢 *🛑 SL Hit* | ━━━━━━━━━━━━━━━━━ | 📊 TF: M5 | 📊 BUY XAUUSDm | 📌 เปิด: `4343.144` | 📌 ปิด: `4341.12` | 🛑 SL: `4341.124` | 🎯 TP: `4357.284` | 💬 เหตุผล: `[sl 4341.124]` | 💸 P/L: `-2.02` USD | 🔖 Ticket: `4731811168` | 🕐 Close Time: `06:06:24 18/09/2026`
[2026-09-18 06:06:43] TG_SENT | 🟢 *🛑 SL Hit* | ━━━━━━━━━━━━━━━━━ | 📊 TF: M5 | 📊 BUY XAUUSDm | 📌 เปิด: `4343.139` | 📌 ปิด: `4340.69` | 🛑 SL: `4340.689` | 🎯 TP: `4360.289` | 💬 เหตุผล: `[sl 4340.689]` | 💸 P/L: `-2.45` USD | 🔖 Ticket: `4731782148` | 🕐 Close Time: `06:06:24 18/09/2026`
[2026-09-18 06:06:47] TG_SENT | 🟢 *🛑 SL Hit* | ━━━━━━━━━━━━━━━━━ | 📊 TF: M5 | 📊 BUY XAUUSDm | 📌 เปิด: `4342.1990000000005` | 📌 ปิด: `4340.4` | 🛑 SL: `4340.399` | 🎯 TP: `4354.799` | 💬 เหตุผล: `[sl 4340.399]` | 💸 P/L: `-1.8` USD | 🔖 Ticket: `4731696422` | 🕐 Close Time: `06:06:24 18/09/2026`
[2026-09-18 06:06:51] TG_SENT | 🟢 *🛑 SL Hit* | ━━━━━━━━━━━━━━━━━ | 📊 TF: M5 | 📊 BUY XAUUSDm | 📌 เปิด: `4344.491` | 📌 ปิด: `4340.93` | 🛑 SL: `4340.931` | 🎯 TP: `4369.411` | 💬 เหตุผล: `[sl 4340.931]` | 💸 P/L: `-3.56` USD | 🔖 Ticket: `4731875209` | 🕐 Close Time: `06:06:24 18/09/2026`
[2026-09-18 06:06:55] TG_SENT | 🟢 *🛑 SL Hit* | ━━━━━━━━━━━━━━━━━ | 📊 TF: M5 | 📊 BUY XAUUSDm | 📌 เปิด: `4344.244000000001` | 📌 ปิด: `4340.95` | 🛑 SL: `4340.954` | 🎯 TP: `4367.274` | 💬 เหตุผล: `[sl 4340.954]` | 💸 P/L: `-3.29` USD | 🔖 Ticket: `4731862509` | 🕐 Close Time: `06:06:24 18/09/2026`
[2026-09-18 06:07:00] TG_SENT | 🟢 *🛑 SL Hit* | ━━━━━━━━━━━━━━━━━ | 📊 TF: M5 | 📊 BUY XAUUSDm | 📌 เปิด: `4342.222000000001` | 📌 ปิด: `4340.06` | 🛑 SL: `4340.062` | 🎯 TP: `4357.342` | 💬 เหตุผล: `[sl 4340.062]` | 💸 P/L: `-2.16` USD | 🔖 Ticket: `4731724448` | 🕐 Close Time: `06:06:33 18/09/2026`
[2026-09-18 06:07:04] TG_SENT | 🟢 *🛑 SL Hit* | ━━━━━━━━━━━━━━━━━ | 📊 TF: M5 | 📊 BUY XAUUSDm | 📌 เปิด: `4349.003000000001` | 📌 ปิด: `4339.76` | 🛑 SL: `4339.763` | 🎯 TP: `4543.973` | 💬 เหตุผล: `[sl 4339.763]` | 💸 P/L: `-9.24` USD | 🔖 Ticket: `4728616226` | 🕐 Close Time: `06:06:33 18/09/2026`
[2026-09-18 06:07:08] TG_SENT | 🟢 *🛑 SL Hit* | ━━━━━━━━━━━━━━━━━ | 📊 TF: M5 | 📊 BUY XAUUSDm | 📌 เปิด: `4342.106000000001` | 📌 ปิด: `4340.14` | 🛑 SL: `4340.136` | 🎯 TP: `4355.896` | 💬 เหตุผล: `[sl 4340.136]` | 💸 P/L: `-1.97` USD | 🔖 Ticket: `4731713379` | 🕐 Close Time: `06:06:29 18/09/2026`
[2026-09-18 06:07:12] TG_SENT | 🟢 *🛑 SL Hit* | ━━━━━━━━━━━━━━━━━ | 📊 TF: M5 | 📊 BUY XAUUSDm | 📌 เปิด: `4341.918000000001` | 📌 ปิด: `4340.13` | 🛑 SL: `4340.128` | 🎯 TP: `4354.448` | 💬 เหตุผล: `[sl 4340.12800]` | 💸 P/L: `-1.79` USD | 🔖 Ticket: `4731718726` | 🕐 Close Time: `06:06:29 18/09/2026`
[2026-09-18 06:07:15] TG_SENT | 🟢 *🛑 SL Hit* | ━━━━━━━━━━━━━━━━━ | 📊 TF: M5 | 📊 BUY XAUUSDm | 📌 เปิด: `4372.485000000001` | 📌 ปิด: `4339.83` | 🛑 SL: `4339.829` | 🎯 TP: `4437.059` | 💬 เหตุผล: `[sl 4339.829]` | 💸 P/L: `-32.66` USD | 🔖 Ticket: `4730000113` | 🕐 Close Time: `06:06:33 18/09/2026`
[2026-09-18 06:07:37] SYMBOL_CHECK | XAUUSDm trade_mode=4 xau_open=True | trade_mode=4 | tick_time=1789686458 | bid=4343.541 | ask=4343.801 | tick_ok=True | xau_open=True | current_symbol=XAUUSDm | startup=False
[2026-09-18 06:08:38] SYMBOL_CHECK | XAUUSDm trade_mode=4 xau_open=True | trade_mode=4 | tick_time=1789686517 | bid=4344.4 | ask=4344.66 | tick_ok=True | xau_open=True | current_symbol=XAUUSDm | startup=False
[2026-09-18 06:08:38] DEMO_PORTFOLIO_SCAN | XAUUSDm open active=P18,S101,S102,S105,S106,S111,LTS_EVOLUTION9,LTS_SCREEN13
[2026-09-18 06:08:38] DEMO_PORTFOLIO_SCAN | XAUUSDm done active=P18,S101,S102,S105,S106,S111,LTS_EVOLUTION9,LTS_SCREEN13
[2026-09-18 06:09:37] SYMBOL_CHECK | XAUUSDm trade_mode=4 xau_open=True | trade_mode=4 | tick_time=1789686577 | bid=4344.554 | ask=4344.814 | tick_ok=True | xau_open=True | current_symbol=XAUUSDm | startup=False
[2026-09-18 06:10:37] SYMBOL_CHECK | XAUUSDm trade_mode=4 xau_open=True | trade_mode=4 | tick_time=1789686638 | bid=4344.635 | ask=4344.895 | tick_ok=True | xau_open=True | current_symbol=XAUUSDm | startup=False
[2026-09-18 06:11:38] SYMBOL_CHECK | XAUUSDm trade_mode=4 xau_open=True | trade_mode=4 | tick_time=1789686698 | bid=4345.214 | ask=4345.474 | tick_ok=True | xau_open=True | current_symbol=XAUUSDm | startup=False
[2026-09-18 06:12:38] SYMBOL_CHECK | XAUUSDm trade_mode=4 xau_open=True | trade_mode=4 | tick_time=1789686758 | bid=4344.611 | ask=4344.871 | tick_ok=True | xau_open=True | current_symbol=XAUUSDm | startup=False
[2026-09-18 06:13:38] SYMBOL_CHECK | XAUUSDm trade_mode=4 xau_open=True | trade_mode=4 | tick_time=1789686818 | bid=4345.157 | ask=4345.417 | tick_ok=True | xau_open=True | current_symbol=XAUUSDm | startup=False
[2026-09-18 06:13:38] DEMO_PORTFOLIO_SCAN | XAUUSDm open active=P18,S101,S102,S105,S106,S111,LTS_EVOLUTION9,LTS_SCREEN13
[2026-09-18 06:13:38] DEMO_PORTFOLIO_SCAN | XAUUSDm done active=P18,S101,S102,S105,S106,S111,LTS_EVOLUTION9,LTS_SCREEN13
[2026-09-18 06:14:37] SYMBOL_CHECK | XAUUSDm trade_mode=4 xau_open=True | trade_mode=4 | tick_time=1789686877 | bid=4345.049 | ask=4345.309 | tick_ok=True | xau_open=True | current_symbol=XAUUSDm | startup=False
[2026-09-18 06:15:38] SYMBOL_CHECK | XAUUSDm trade_mode=4 xau_open=True | trade_mode=4 | tick_time=1789686938 | bid=4345.154 | ask=4345.414 | tick_ok=True | xau_open=True | current_symbol=XAUUSDm | startup=False
[2026-09-18 06:16:35] SYMBOL_CHECK | XAUUSDm trade_mode=4 xau_open=True | trade_mode=4 | tick_time=1789686998 | bid=4343.561 | ask=4343.821 | tick_ok=True | xau_open=True | current_symbol=XAUUSDm | startup=False
[2026-09-18 06:17:38] SYMBOL_CHECK | XAUUSDm trade_mode=4 xau_open=True | trade_mode=4 | tick_time=1789687058 | bid=4342.883 | ask=4343.143 | tick_ok=True | xau_open=True | current_symbol=XAUUSDm | startup=False
[2026-09-18 06:18:36] SYMBOL_CHECK | XAUUSDm trade_mode=4 xau_open=True | trade_mode=4 | tick_time=1789687118 | bid=4344.701 | ask=4344.961 | tick_ok=True | xau_open=True | current_symbol=XAUUSDm | startup=False
[2026-09-18 06:18:37] DEMO_PORTFOLIO_SCAN | XAUUSDm open active=P18,S101,S102,S105,S106,S111,LTS_EVOLUTION9,LTS_SCREEN13
[2026-09-18 06:18:37] DEMO_PORTFOLIO_SIGNAL | LTS_SCREEN13_13 BUY lot=0.01 sl=4341.053 tp=4372.733 rd=3.96 weight=1.000 scale=1.00 h=6 success=True ticket=4731927822 err=None
[2026-09-18 06:18:37] DEMO_PORTFOLIO_SCAN | XAUUSDm done active=P18,S101,S102,S105,S106,S111,LTS_EVOLUTION9,LTS_SCREEN13
[2026-09-18 06:18:38] TG_SENT | [AF SIGNAL] *📐 LTS_SCREEN13* | Leg: `LTS_SCREEN13_13 DIRECT_S419_M5` | BUY @ market lot `0.01` | SL `4341.05` TP `4372.73` | RD `3.96` H`6` | Weight `x1.000` Scale `1.00` | Ticket: `4731927822`
[2026-09-18 06:19:38] SYMBOL_CHECK | XAUUSDm trade_mode=4 xau_open=True | trade_mode=4 | tick_time=1789687178 | bid=4344.641 | ask=4344.901 | tick_ok=True | xau_open=True | current_symbol=XAUUSDm | startup=False
[2026-09-18 06:20:38] SYMBOL_CHECK | XAUUSDm trade_mode=4 xau_open=True | trade_mode=4 | tick_time=1789687238 | bid=4345.336 | ask=4345.596 | tick_ok=True | xau_open=True | current_symbol=XAUUSDm | startup=False
[2026-09-18 06:21:38] SYMBOL_CHECK | XAUUSDm trade_mode=4 xau_open=True | trade_mode=4 | tick_time=1789687298 | bid=4345.505 | ask=4345.765 | tick_ok=True | xau_open=True | current_symbol=XAUUSDm | startup=False
[2026-09-18 06:22:37] SYMBOL_CHECK | XAUUSDm trade_mode=4 xau_open=True | trade_mode=4 | tick_time=1789687357 | bid=4347.187 | ask=4347.447 | tick_ok=True | xau_open=True | current_symbol=XAUUSDm | startup=False
[2026-09-18 06:23:38] SYMBOL_CHECK | XAUUSDm trade_mode=4 xau_open=True | trade_mode=4 | tick_time=1789687418 | bid=4346.41 | ask=4346.67 | tick_ok=True | xau_open=True | current_symbol=XAUUSDm | startup=False
[2026-09-18 06:23:38] DEMO_PORTFOLIO_SCAN | XAUUSDm open active=P18,S101,S102,S105,S106,S111,LTS_EVOLUTION9,LTS_SCREEN13
[2026-09-18 06:23:38] DEMO_PORTFOLIO_SIGNAL | LTS_SCREEN13_9 SELL lot=0.01 sl=4349.23 tp=4323.85 rd=2.82 weight=1.000 scale=1.00 h=6 success=True ticket=4731940064 err=None
[2026-09-18 06:23:38] DEMO_PORTFOLIO_SIGNAL | LTS_SCREEN13_13 BUY lot=0.01 sl=4341.01 tp=4386.29 rd=5.66 weight=1.000 scale=1.00 h=6 success=True ticket=4731940065 err=None
[2026-09-18 06:23:38] DEMO_PORTFOLIO_SCAN | XAUUSDm done active=P18,S101,S102,S105,S106,S111,LTS_EVOLUTION9,LTS_SCREEN13
[2026-09-18 06:23:39] TG_SENT | [AF SIGNAL] *📐 LTS_SCREEN13* | Leg: `LTS_SCREEN13_9 DIRECT_S418_M5` | SELL @ market lot `0.01` | SL `4349.23` TP `4323.85` | RD `2.82` H`6` | Weight `x1.000` Scale `1.00` | Ticket: `4731940064`
[2026-09-18 06:23:43] TG_SENT | [AF SIGNAL] *📐 LTS_SCREEN13* | Leg: `LTS_SCREEN13_13 DIRECT_S419_M5` | BUY @ market lot `0.01` | SL `4341.01` TP `4386.29` | RD `5.66` H`6` | Weight `x1.000` Scale `1.00` | Ticket: `4731940065`
[2026-09-18 06:24:38] SYMBOL_CHECK | XAUUSDm trade_mode=4 xau_open=True | trade_mode=4 | tick_time=1789687478 | bid=4347.06 | ask=4347.32 | tick_ok=True | xau_open=True | current_symbol=XAUUSDm | startup=False
[2026-09-18 06:25:38] SYMBOL_CHECK | XAUUSDm trade_mode=4 xau_open=True | trade_mode=4 | tick_time=1789687537 | bid=4345.599 | ask=4345.859 | tick_ok=True | xau_open=True | current_symbol=XAUUSDm | startup=False
[2026-09-18 06:26:37] SYMBOL_CHECK | XAUUSDm trade_mode=4 xau_open=True | trade_mode=4 | tick_time=1789687598 | bid=4343.952 | ask=4344.212 | tick_ok=True | xau_open=True | current_symbol=XAUUSDm | startup=False
[2026-09-18 06:27:38] SYMBOL_CHECK | XAUUSDm trade_mode=4 xau_open=True | trade_mode=4 | tick_time=1789687658 | bid=4344.086 | ask=4344.346 | tick_ok=True | xau_open=True | current_symbol=XAUUSDm | startup=False
[2026-09-18 06:28:38] SYMBOL_CHECK | XAUUSDm trade_mode=4 xau_open=True | trade_mode=4 | tick_time=1789687717 | bid=4344.805 | ask=4345.065 | tick_ok=True | xau_open=True | current_symbol=XAUUSDm | startup=False
[2026-09-18 06:28:38] DEMO_PORTFOLIO_SCAN | XAUUSDm open active=P18,S101,S102,S105,S106,S111,LTS_EVOLUTION9,LTS_SCREEN13
[2026-09-18 06:28:38] DEMO_PORTFOLIO_SIGNAL | LTS_SCREEN13_13 BUY lot=0.01 sl=4341.370999999999 tp=4369.531 rd=3.52 weight=1.000 scale=1.00 h=6 success=True ticket=4731952678 err=None
[2026-09-18 06:28:38] DEMO_PORTFOLIO_SCAN | XAUUSDm done active=P18,S101,S102,S105,S106,S111,LTS_EVOLUTION9,LTS_SCREEN13
[2026-09-18 06:28:39] TG_SENT | [AF SIGNAL] *📐 LTS_SCREEN13* | Leg: `LTS_SCREEN13_13 DIRECT_S419_M5` | BUY @ market lot `0.01` | SL `4341.37` TP `4369.53` | RD `3.52` H`6` | Weight `x1.000` Scale `1.00` | Ticket: `4731952678`
[2026-09-18 06:29:35] SYMBOL_CHECK | XAUUSDm trade_mode=4 xau_open=True | trade_mode=4 | tick_time=1789687774 | bid=4344.219 | ask=4344.479 | tick_ok=True | xau_open=True | current_symbol=XAUUSDm | startup=False
[2026-09-18 06:30:38] SYMBOL_CHECK | XAUUSDm trade_mode=4 xau_open=True | trade_mode=4 | tick_time=1789687837 | bid=4343.844 | ask=4344.104 | tick_ok=True | xau_open=True | current_symbol=XAUUSDm | startup=False
[2026-09-18 06:31:35] SYMBOL_CHECK | XAUUSDm trade_mode=4 xau_open=True | trade_mode=4 | tick_time=1789687898 | bid=4344.554 | ask=4344.814 | tick_ok=True | xau_open=True | current_symbol=XAUUSDm | startup=False
[2026-09-18 06:32:37] SYMBOL_CHECK | XAUUSDm trade_mode=4 xau_open=True | trade_mode=4 | tick_time=1789687958 | bid=4344.169 | ask=4344.429 | tick_ok=True | xau_open=True | current_symbol=XAUUSDm | startup=False
[2026-09-18 06:33:38] SYMBOL_CHECK | XAUUSDm trade_mode=4 xau_open=True | trade_mode=4 | tick_time=1789688018 | bid=4343.931 | ask=4344.191 | tick_ok=True | xau_open=True | current_symbol=XAUUSDm | startup=False
[2026-09-18 06:33:38] DEMO_PORTFOLIO_SCAN | XAUUSDm open active=P18,S101,S102,S105,S106,S111,LTS_EVOLUTION9,LTS_SCREEN13
[2026-09-18 06:33:38] DEMO_PORTFOLIO_SIGNAL | LTS_SCREEN13_13 BUY lot=0.01 sl=4341.32 tp=4364.28 rd=2.87 weight=1.000 scale=1.00 h=6 success=True ticket=4731961636 err=None
[2026-09-18 06:33:38] DEMO_PORTFOLIO_SCAN | XAUUSDm done active=P18,S101,S102,S105,S106,S111,LTS_EVOLUTION9,LTS_SCREEN13
[2026-09-18 06:33:39] TG_SENT | [AF SIGNAL] *📐 LTS_SCREEN13* | Leg: `LTS_SCREEN13_13 DIRECT_S419_M5` | BUY @ market lot `0.01` | SL `4341.32` TP `4364.28` | RD `2.87` H`6` | Weight `x1.000` Scale `1.00` | Ticket: `4731961636`
[2026-09-18 06:34:38] SYMBOL_CHECK | XAUUSDm trade_mode=4 xau_open=True | trade_mode=4 | tick_time=1789688078 | bid=4344.523 | ask=4344.783 | tick_ok=True | xau_open=True | current_symbol=XAUUSDm | startup=False
[2026-09-18 06:35:37] SYMBOL_CHECK | XAUUSDm trade_mode=4 xau_open=True | trade_mode=4 | tick_time=1789688137 | bid=4344.42 | ask=4344.68 | tick_ok=True | xau_open=True | current_symbol=XAUUSDm | startup=False
[2026-09-18 06:36:38] SYMBOL_CHECK | XAUUSDm trade_mode=4 xau_open=True | trade_mode=4 | tick_time=1789688198 | bid=4343.598 | ask=4343.858 | tick_ok=True | xau_open=True | current_symbol=XAUUSDm | startup=False
[2026-09-18 06:37:38] SYMBOL_CHECK | XAUUSDm trade_mode=4 xau_open=True | trade_mode=4 | tick_time=1789688258 | bid=4344.039 | ask=4344.299 | tick_ok=True | xau_open=True | current_symbol=XAUUSDm | startup=False
[2026-09-18 06:38:37] SYMBOL_CHECK | XAUUSDm trade_mode=4 xau_open=True | trade_mode=4 | tick_time=1789688317 | bid=4344.48 | ask=4344.74 | tick_ok=True | xau_open=True | current_symbol=XAUUSDm | startup=False
[2026-09-18 06:38:37] DEMO_PORTFOLIO_SCAN | XAUUSDm open active=P18,S101,S102,S105,S106,S111,LTS_EVOLUTION9,LTS_SCREEN13
[2026-09-18 06:38:37] DEMO_PORTFOLIO_SIGNAL | LTS_SCREEN13_13 BUY lot=0.01 sl=4342.8 tp=4358.320000000001 rd=1.94 weight=1.000 scale=1.00 h=6 success=True ticket=4731969110 err=None
[2026-09-18 06:38:37] DEMO_PORTFOLIO_SCAN | XAUUSDm done active=P18,S101,S102,S105,S106,S111,LTS_EVOLUTION9,LTS_SCREEN13
[2026-09-18 06:38:38] TG_SENT | [AF SIGNAL] *📐 LTS_SCREEN13* | Leg: `LTS_SCREEN13_13 DIRECT_S419_M5` | BUY @ market lot `0.01` | SL `4342.80` TP `4358.32` | RD `1.94` H`6` | Weight `x1.000` Scale `1.00` | Ticket: `4731969110`
[2026-09-18 06:39:38] SYMBOL_CHECK | XAUUSDm trade_mode=4 xau_open=True | trade_mode=4 | tick_time=1789688378 | bid=4344.127 | ask=4344.387 | tick_ok=True | xau_open=True | current_symbol=XAUUSDm | startup=False
[2026-09-18 06:40:37] SYMBOL_CHECK | XAUUSDm trade_mode=4 xau_open=True | trade_mode=4 | tick_time=1789688437 | bid=4344.395 | ask=4344.655 | tick_ok=True | xau_open=True | current_symbol=XAUUSDm | startup=False
[2026-09-18 06:41:38] SYMBOL_CHECK | XAUUSDm trade_mode=4 xau_open=True | trade_mode=4 | tick_time=1789688498 | bid=4344.317 | ask=4344.577 | tick_ok=True | xau_open=True | current_symbol=XAUUSDm | startup=False
[2026-09-18 06:42:38] SYMBOL_CHECK | XAUUSDm trade_mode=4 xau_open=True | trade_mode=4 | tick_time=1789688558 | bid=4343.975 | ask=4344.235 | tick_ok=True | xau_open=True | current_symbol=XAUUSDm | startup=False
[2026-09-18 06:43:37] SYMBOL_CHECK | XAUUSDm trade_mode=4 xau_open=True | trade_mode=4 | tick_time=1789688617 | bid=4344.017 | ask=4344.257 | tick_ok=True | xau_open=True | current_symbol=XAUUSDm | startup=False
[2026-09-18 06:43:37] DEMO_PORTFOLIO_SCAN | XAUUSDm open active=P18,S101,S102,S105,S106,S111,LTS_EVOLUTION9,LTS_SCREEN13
[2026-09-18 06:43:37] DEMO_PORTFOLIO_SIGNAL | LTS_SCREEN13_13 BUY lot=0.01 sl=4342.813999999999 tp=4352.7339999999995 rd=1.24 weight=1.000 scale=1.00 h=6 success=True ticket=4731975935 err=None
[2026-09-18 06:43:37] DEMO_PORTFOLIO_SCAN | XAUUSDm done active=P18,S101,S102,S105,S106,S111,LTS_EVOLUTION9,LTS_SCREEN13
[2026-09-18 06:43:38] TG_SENT | [AF SIGNAL] *📐 LTS_SCREEN13* | Leg: `LTS_SCREEN13_13 DIRECT_S419_M5` | BUY @ market lot `0.01` | SL `4342.81` TP `4352.73` | RD `1.24` H`6` | Weight `x1.000` Scale `1.00` | Ticket: `4731975935`
[2026-09-18 06:44:38] SYMBOL_CHECK | XAUUSDm trade_mode=4 xau_open=True | trade_mode=4 | tick_time=1789688678 | bid=4344.174 | ask=4344.434 | tick_ok=True | xau_open=True | current_symbol=XAUUSDm | startup=False
[2026-09-18 06:45:38] SYMBOL_CHECK | XAUUSDm trade_mode=4 xau_open=True | trade_mode=4 | tick_time=1789688738 | bid=4344.208 | ask=4344.468 | tick_ok=True | xau_open=True | current_symbol=XAUUSDm | startup=False
[2026-09-18 06:46:38] SYMBOL_CHECK | XAUUSDm trade_mode=4 xau_open=True | trade_mode=4 | tick_time=1789688798 | bid=4344.251 | ask=4344.511 | tick_ok=True | xau_open=True | current_symbol=XAUUSDm | startup=False
[2026-09-18 06:47:37] SYMBOL_CHECK | XAUUSDm trade_mode=4 xau_open=True | trade_mode=4 | tick_time=1789688857 | bid=4344.984 | ask=4345.244 | tick_ok=True | xau_open=True | current_symbol=XAUUSDm | startup=False
[2026-09-18 06:48:38] SYMBOL_CHECK | XAUUSDm trade_mode=4 xau_open=True | trade_mode=4 | tick_time=1789688918 | bid=4344.909 | ask=4345.169 | tick_ok=True | xau_open=True | current_symbol=XAUUSDm | startup=False
[2026-09-18 06:48:38] DEMO_PORTFOLIO_SCAN | XAUUSDm open active=P18,S101,S102,S105,S106,S111,LTS_EVOLUTION9,LTS_SCREEN13
[2026-09-18 06:48:38] DEMO_PORTFOLIO_SIGNAL | LTS_SCREEN13_13 BUY lot=0.01 sl=4342.584 tp=4363.144 rd=2.57 weight=1.000 scale=1.00 h=6 success=True ticket=4731987061 err=None
[2026-09-18 06:48:38] DEMO_PORTFOLIO_SCAN | XAUUSDm done active=P18,S101,S102,S105,S106,S111,LTS_EVOLUTION9,LTS_SCREEN13
[2026-09-18 06:48:39] TG_SENT | [AF SIGNAL] *📐 LTS_SCREEN13* | Leg: `LTS_SCREEN13_13 DIRECT_S419_M5` | BUY @ market lot `0.01` | SL `4342.58` TP `4363.14` | RD `2.57` H`6` | Weight `x1.000` Scale `1.00` | Ticket: `4731987061`
[2026-09-18 06:49:37] SYMBOL_CHECK | XAUUSDm trade_mode=4 xau_open=True | trade_mode=4 | tick_time=1789688977 | bid=4344.931 | ask=4345.171 | tick_ok=True | xau_open=True | current_symbol=XAUUSDm | startup=False
[2026-09-18 06:50:37] SYMBOL_CHECK | XAUUSDm trade_mode=4 xau_open=True | trade_mode=4 | tick_time=1789689036 | bid=4344.634 | ask=4344.874 | tick_ok=True | xau_open=True | current_symbol=XAUUSDm | startup=False
[2026-09-18 06:51:38] SYMBOL_CHECK | XAUUSDm trade_mode=4 xau_open=True | trade_mode=4 | tick_time=1789689098 | bid=4345.111 | ask=4345.371 | tick_ok=True | xau_open=True | current_symbol=XAUUSDm | startup=False
[2026-09-18 06:52:38] SYMBOL_CHECK | XAUUSDm trade_mode=4 xau_open=True | trade_mode=4 | tick_time=1789689158 | bid=4345.01 | ask=4345.25 | tick_ok=True | xau_open=True | current_symbol=XAUUSDm | startup=False
[2026-09-18 06:53:38] SYMBOL_CHECK | XAUUSDm trade_mode=4 xau_open=True | trade_mode=4 | tick_time=1789689218 | bid=4346.35 | ask=4346.61 | tick_ok=True | xau_open=True | current_symbol=XAUUSDm | startup=False
[2026-09-18 06:53:38] DEMO_PORTFOLIO_SCAN | XAUUSDm open active=P18,S101,S102,S105,S106,S111,LTS_EVOLUTION9,LTS_SCREEN13
[2026-09-18 06:53:38] DEMO_PORTFOLIO_SIGNAL | LTS_SCREEN13_9 SELL lot=0.01 sl=4347.9 tp=4333.95 rd=1.55 weight=1.000 scale=1.00 h=6 success=True ticket=4731993623 err=None
[2026-09-18 06:53:38] DEMO_PORTFOLIO_SIGNAL | LTS_SCREEN13_13 BUY lot=0.01 sl=4342.98 tp=4372.0199999999995 rd=3.63 weight=1.000 scale=1.00 h=6 success=True ticket=4731993625 err=None
[2026-09-18 06:53:38] DEMO_PORTFOLIO_SCAN | XAUUSDm done active=P18,S101,S102,S105,S106,S111,LTS_EVOLUTION9,LTS_SCREEN13
[2026-09-18 06:53:39] TG_SENT | [AF SIGNAL] *📐 LTS_SCREEN13* | Leg: `LTS_SCREEN13_9 DIRECT_S418_M5` | SELL @ market lot `0.01` | SL `4347.90` TP `4333.95` | RD `1.55` H`6` | Weight `x1.000` Scale `1.00` | Ticket: `4731993623`
[2026-09-18 06:53:43] TG_SENT | [AF SIGNAL] *📐 LTS_SCREEN13* | Leg: `LTS_SCREEN13_13 DIRECT_S419_M5` | BUY @ market lot `0.01` | SL `4342.98` TP `4372.02` | RD `3.63` H`6` | Weight `x1.000` Scale `1.00` | Ticket: `4731993625`
[2026-09-18 06:54:37] SYMBOL_CHECK | XAUUSDm trade_mode=4 xau_open=True | trade_mode=4 | tick_time=1789689278 | bid=4347.35 | ask=4347.61 | tick_ok=True | xau_open=True | current_symbol=XAUUSDm | startup=False
[2026-09-18 06:54:38] POSITION_CLOSED | 🛑 SL Hit | ticket=4731993623 | side=SELL | symbol=XAUUSDm | tf=M5 | sid=21 | pattern=- | trend_filter=- | open_price=4346.35 | close_price=4347.9 | sl=4347.9 | tp=4333.95 | profit=-1.55 | reason=[sl 4347.90000] | close_time=06:54:34 18/09/2026
[2026-09-18 06:54:39] TG_SENT | 🔴 *🛑 SL Hit* | ━━━━━━━━━━━━━━━━━ | 📊 TF: M5 | 📊 SELL XAUUSDm | 📌 เปิด: `4346.35` | 📌 ปิด: `4347.9` | 🛑 SL: `4347.9` | 🎯 TP: `4333.95` | 💬 เหตุผล: `[sl 4347.90000]` | 💸 P/L: `-1.55` USD | 🔖 Ticket: `4731993623` | 🕐 Close Time: `06:54:34 18/09/2026`
[2026-09-18 06:55:38] SYMBOL_CHECK | XAUUSDm trade_mode=4 xau_open=True | trade_mode=4 | tick_time=1789689338 | bid=4347.834 | ask=4348.094 | tick_ok=True | xau_open=True | current_symbol=XAUUSDm | startup=False
[2026-09-18 06:56:38] SYMBOL_CHECK | XAUUSDm trade_mode=4 xau_open=True | trade_mode=4 | tick_time=1789689397 | bid=4346.554 | ask=4346.814 | tick_ok=True | xau_open=True | current_symbol=XAUUSDm | startup=False
[2026-09-18 06:57:38] SYMBOL_CHECK | XAUUSDm trade_mode=4 xau_open=True | trade_mode=4 | tick_time=1789689458 | bid=4345.851 | ask=4346.111 | tick_ok=True | xau_open=True | current_symbol=XAUUSDm | startup=False
[2026-09-18 06:58:38] SYMBOL_CHECK | XAUUSDm trade_mode=4 xau_open=True | trade_mode=4 | tick_time=1789689517 | bid=4345.669 | ask=4345.929 | tick_ok=True | xau_open=True | current_symbol=XAUUSDm | startup=False
[2026-09-18 06:58:38] DEMO_PORTFOLIO_SCAN | XAUUSDm open active=P18,S101,S102,S105,S106,S111,LTS_EVOLUTION9,LTS_SCREEN13
[2026-09-18 06:58:38] DEMO_PORTFOLIO_SIGNAL | LTS_SCREEN13_13 BUY lot=0.01 sl=4343.924 tp=4357.204 rd=1.66 weight=1.000 scale=1.00 h=6 success=True ticket=4732006087 err=None
[2026-09-18 06:58:38] DEMO_PORTFOLIO_SCAN | XAUUSDm done active=P18,S101,S102,S105,S106,S111,LTS_EVOLUTION9,LTS_SCREEN13
[2026-09-18 06:58:39] TG_SENT | [AF SIGNAL] *📐 LTS_SCREEN13* | Leg: `LTS_SCREEN13_13 DIRECT_S419_M5` | BUY @ market lot `0.01` | SL `4343.92` TP `4357.20` | RD `1.66` H`6` | Weight `x1.000` Scale `1.00` | Ticket: `4732006087`
[2026-09-18 06:59:38] SYMBOL_CHECK | XAUUSDm trade_mode=4 xau_open=True | trade_mode=4 | tick_time=1789689578 | bid=4346.203 | ask=4346.463 | tick_ok=True | xau_open=True | current_symbol=XAUUSDm | startup=False
[2026-09-18 07:00:23] POSITION_CLOSED | 🛑 SL Hit | ticket=4732006087 | side=BUY | symbol=XAUUSDm | tf=M5 | sid=21 | pattern=- | trend_filter=- | open_price=4345.584000000001 | close_price=4343.92 | sl=4343.924 | tp=4357.204 | profit=-1.66 | reason=[sl 4343.92400] | close_time=07:00:22 18/09/2026
[2026-09-18 07:00:23] TG_SENT | 🟢 *🛑 SL Hit* | ━━━━━━━━━━━━━━━━━ | 📊 TF: M5 | 📊 BUY XAUUSDm | 📌 เปิด: `4345.584000000001` | 📌 ปิด: `4343.92` | 🛑 SL: `4343.924` | 🎯 TP: `4357.204` | 💬 เหตุผล: `[sl 4343.92400]` | 💸 P/L: `-1.66` USD | 🔖 Ticket: `4732006087` | 🕐 Close Time: `07:00:22 18/09/2026`
[2026-09-18 07:00:33] POSITION_CLOSED | 🛑 SL Hit | ticket=4731993625 | side=BUY | symbol=XAUUSDm | tf=M5 | sid=21 | pattern=- | trend_filter=- | open_price=4346.610000000001 | close_price=4342.98 | sl=4342.98 | tp=4372.02 | profit=-3.63 | reason=[sl 4342.98000] | close_time=07:00:33 18/09/2026
[2026-09-18 07:00:34] TG_SENT | 🟢 *🛑 SL Hit* | ━━━━━━━━━━━━━━━━━ | 📊 TF: M5 | 📊 BUY XAUUSDm | 📌 เปิด: `4346.610000000001` | 📌 ปิด: `4342.98` | 🛑 SL: `4342.98` | 🎯 TP: `4372.02` | 💬 เหตุผล: `[sl 4342.98000]` | 💸 P/L: `-3.63` USD | 🔖 Ticket: `4731993625` | 🕐 Close Time: `07:00:33 18/09/2026`
[2026-09-18 07:00:38] SYMBOL_CHECK | XAUUSDm trade_mode=4 xau_open=True | trade_mode=4 | tick_time=1789689638 | bid=4342.732 | ask=4342.992 | tick_ok=True | xau_open=True | current_symbol=XAUUSDm | startup=False
[2026-09-18 07:00:43] POSITION_CLOSED | 🛑 SL Hit | ticket=4731969110 | side=BUY | symbol=XAUUSDm | tf=M5 | sid=21 | pattern=- | trend_filter=- | open_price=4344.740000000001 | close_price=4342.8 | sl=4342.8 | tp=4358.32 | profit=-1.94 | reason=[sl 4342.80000] | close_time=07:00:39 18/09/2026
[2026-09-18 07:00:43] POSITION_CLOSED | 🛑 SL Hit | ticket=4731975935 | side=BUY | symbol=XAUUSDm | tf=M5 | sid=21 | pattern=- | trend_filter=- | open_price=4344.054 | close_price=4342.81 | sl=4342.814 | tp=4352.734 | profit=-1.24 | reason=[sl 4342.81400] | close_time=07:00:39 18/09/2026
[2026-09-18 07:00:43] TG_SENT | 🟢 *🛑 SL Hit* | ━━━━━━━━━━━━━━━━━ | 📊 TF: M5 | 📊 BUY XAUUSDm | 📌 เปิด: `4344.740000000001` | 📌 ปิด: `4342.8` | 🛑 SL: `4342.8` | 🎯 TP: `4358.32` | 💬 เหตุผล: `[sl 4342.80000]` | 💸 P/L: `-1.94` USD | 🔖 Ticket: `4731969110` | 🕐 Close Time: `07:00:39 18/09/2026`
[2026-09-18 07:00:47] TG_SENT | 🟢 *🛑 SL Hit* | ━━━━━━━━━━━━━━━━━ | 📊 TF: M5 | 📊 BUY XAUUSDm | 📌 เปิด: `4344.054` | 📌 ปิด: `4342.81` | 🛑 SL: `4342.814` | 🎯 TP: `4352.734` | 💬 เหตุผล: `[sl 4342.81400]` | 💸 P/L: `-1.24` USD | 🔖 Ticket: `4731975935` | 🕐 Close Time: `07:00:39 18/09/2026`
[2026-09-18 07:00:57] POSITION_CLOSED | 🛑 SL Hit | ticket=4731987061 | side=BUY | symbol=XAUUSDm | tf=M5 | sid=21 | pattern=- | trend_filter=- | open_price=4345.154 | close_price=4342.58 | sl=4342.584 | tp=4363.144 | profit=-2.57 | reason=[sl 4342.584] | close_time=07:00:58 18/09/2026
[2026-09-18 07:00:58] TG_SENT | 🟢 *🛑 SL Hit* | ━━━━━━━━━━━━━━━━━ | 📊 TF: M5 | 📊 BUY XAUUSDm | 📌 เปิด: `4345.154` | 📌 ปิด: `4342.58` | 🛑 SL: `4342.584` | 🎯 TP: `4363.144` | 💬 เหตุผล: `[sl 4342.584]` | 💸 P/L: `-2.57` USD | 🔖 Ticket: `4731987061` | 🕐 Close Time: `07:00:58 18/09/2026`
[2026-09-18 07:01:37] SYMBOL_CHECK | XAUUSDm trade_mode=4 xau_open=True | trade_mode=4 | tick_time=1789689698 | bid=4343.29 | ask=4343.55 | tick_ok=True | xau_open=True | current_symbol=XAUUSDm | startup=False
[2026-09-18 07:02:38] SYMBOL_CHECK | XAUUSDm trade_mode=4 xau_open=True | trade_mode=4 | tick_time=1789689758 | bid=4342.798 | ask=4343.058 | tick_ok=True | xau_open=True | current_symbol=XAUUSDm | startup=False
[2026-09-18 07:03:38] SYMBOL_CHECK | XAUUSDm trade_mode=4 xau_open=True | trade_mode=4 | tick_time=1789689818 | bid=4343.383 | ask=4343.643 | tick_ok=True | xau_open=True | current_symbol=XAUUSDm | startup=False
[2026-09-18 07:03:38] DEMO_PORTFOLIO_SCAN | XAUUSDm open active=P18,S101,S102,S105,S106,S111,LTS_EVOLUTION9,LTS_SCREEN13
[2026-09-18 07:03:38] DEMO_PORTFOLIO_SIGNAL | LTS_SCREEN13_13 BUY lot=0.01 sl=4341.703 tp=4358.343 rd=2.08 weight=1.000 scale=1.00 h=7 success=True ticket=4732024277 err=None
[2026-09-18 07:03:38] DEMO_PORTFOLIO_SCAN | XAUUSDm done active=P18,S101,S102,S105,S106,S111,LTS_EVOLUTION9,LTS_SCREEN13
[2026-09-18 07:03:39] TG_SENT | [AF SIGNAL] *📐 LTS_SCREEN13* | Leg: `LTS_SCREEN13_13 DIRECT_S419_M5` | BUY @ market lot `0.01` | SL `4341.70` TP `4358.34` | RD `2.08` H`7` | Weight `x1.000` Scale `1.00` | Ticket: `4732024277`
[2026-09-18 07:04:37] SYMBOL_CHECK | XAUUSDm trade_mode=4 xau_open=True | trade_mode=4 | tick_time=1789689877 | bid=4344.699 | ask=4344.959 | tick_ok=True | xau_open=True | current_symbol=XAUUSDm | startup=False
[2026-09-18 07:05:38] SYMBOL_CHECK | XAUUSDm trade_mode=4 xau_open=True | trade_mode=4 | tick_time=1789689938 | bid=4344.854 | ask=4345.114 | tick_ok=True | xau_open=True | current_symbol=XAUUSDm | startup=False
[2026-09-18 07:06:37] SYMBOL_CHECK | XAUUSDm trade_mode=4 xau_open=True | trade_mode=4 | tick_time=1789689998 | bid=4346.26 | ask=4346.52 | tick_ok=True | xau_open=True | current_symbol=XAUUSDm | startup=False
[2026-09-18 07:07:37] SYMBOL_CHECK | XAUUSDm trade_mode=4 xau_open=True | trade_mode=4 | tick_time=1789690057 | bid=4344.547 | ask=4344.807 | tick_ok=True | xau_open=True | current_symbol=XAUUSDm | startup=False
[2026-09-18 07:08:38] SYMBOL_CHECK | XAUUSDm trade_mode=4 xau_open=True | trade_mode=4 | tick_time=1789690118 | bid=4345.995 | ask=4346.255 | tick_ok=True | xau_open=True | current_symbol=XAUUSDm | startup=False
[2026-09-18 07:08:38] DEMO_PORTFOLIO_SCAN | XAUUSDm open active=P18,S101,S102,S105,S106,S111,LTS_EVOLUTION9,LTS_SCREEN13
[2026-09-18 07:08:38] DEMO_PORTFOLIO_SIGNAL | LTS_SCREEN13_13 BUY lot=0.01 sl=4341.555 tp=4379.155000000001 rd=4.70 weight=1.000 scale=1.00 h=7 success=True ticket=4732040097 err=None
[2026-09-18 07:08:38] DEMO_PORTFOLIO_SCAN | XAUUSDm done active=P18,S101,S102,S105,S106,S111,LTS_EVOLUTION9,LTS_SCREEN13
[2026-09-18 07:08:39] TG_SENT | [AF SIGNAL] *📐 LTS_SCREEN13* | Leg: `LTS_SCREEN13_13 DIRECT_S419_M5` | BUY @ market lot `0.01` | SL `4341.56` TP `4379.16` | RD `4.70` H`7` | Weight `x1.000` Scale `1.00` | Ticket: `4732040097`
[2026-09-18 07:09:38] SYMBOL_CHECK | XAUUSDm trade_mode=4 xau_open=True | trade_mode=4 | tick_time=1789690178 | bid=4346.581 | ask=4346.841 | tick_ok=True | xau_open=True | current_symbol=XAUUSDm | startup=False
[2026-09-18 07:10:38] SYMBOL_CHECK | XAUUSDm trade_mode=4 xau_open=True | trade_mode=4 | tick_time=1789690238 | bid=4347.776 | ask=4348.036 | tick_ok=True | xau_open=True | current_symbol=XAUUSDm | startup=False
[2026-09-18 07:10:48] POSITION_CLOSED | 🛑 SL Hit | ticket=4731940064 | side=SELL | symbol=XAUUSDm | tf=M5 | sid=21 | pattern=- | trend_filter=- | open_price=4346.41 | close_price=4349.23 | sl=4349.23 | tp=4323.85 | profit=-2.82 | reason=[sl 4349.230] | close_time=07:10:45 18/09/2026
[2026-09-18 07:10:48] TG_SENT | 🔴 *🛑 SL Hit* | ━━━━━━━━━━━━━━━━━ | 📊 TF: M5 | 📊 SELL XAUUSDm | 📌 เปิด: `4346.41` | 📌 ปิด: `4349.23` | 🛑 SL: `4349.23` | 🎯 TP: `4323.85` | 💬 เหตุผล: `[sl 4349.230]` | 💸 P/L: `-2.82` USD | 🔖 Ticket: `4731940064` | 🕐 Close Time: `07:10:45 18/09/2026`
[2026-09-18 07:11:38] SYMBOL_CHECK | XAUUSDm trade_mode=4 xau_open=True | trade_mode=4 | tick_time=1789690297 | bid=4350.749 | ask=4351.009 | tick_ok=True | xau_open=True | current_symbol=XAUUSDm | startup=False
[2026-09-18 07:12:38] SYMBOL_CHECK | XAUUSDm trade_mode=4 xau_open=True | trade_mode=4 | tick_time=1789690358 | bid=4351.355 | ask=4351.615 | tick_ok=True | xau_open=True | current_symbol=XAUUSDm | startup=False
[2026-09-18 07:13:38] SYMBOL_CHECK | XAUUSDm trade_mode=4 xau_open=True | trade_mode=4 | tick_time=1789690418 | bid=4354.124 | ask=4354.384 | tick_ok=True | xau_open=True | current_symbol=XAUUSDm | startup=False
[2026-09-18 07:13:38] DEMO_PORTFOLIO_SCAN | XAUUSDm open active=P18,S101,S102,S105,S106,S111,LTS_EVOLUTION9,LTS_SCREEN13
[2026-09-18 07:13:38] DEMO_PORTFOLIO_SIGNAL | LTS_SCREEN13_9 SELL lot=0.01 sl=4355.264 tp=4345.004 rd=1.14 weight=1.000 scale=1.00 h=7 success=True ticket=4732067894 err=None
[2026-09-18 07:13:38] DEMO_PORTFOLIO_SCAN | XAUUSDm done active=P18,S101,S102,S105,S106,S111,LTS_EVOLUTION9,LTS_SCREEN13
[2026-09-18 07:13:39] TG_SENT | [AF SIGNAL] *📐 LTS_SCREEN13* | Leg: `LTS_SCREEN13_9 DIRECT_S418_M5` | SELL @ market lot `0.01` | SL `4355.26` TP `4345.00` | RD `1.14` H`7` | Weight `x1.000` Scale `1.00` | Ticket: `4732067894`
[2026-09-18 07:14:38] SYMBOL_CHECK | XAUUSDm trade_mode=4 xau_open=True | trade_mode=4 | tick_time=1789690478 | bid=4353.943 | ask=4354.203 | tick_ok=True | xau_open=True | current_symbol=XAUUSDm | startup=False
[2026-09-18 07:15:38] SYMBOL_CHECK | XAUUSDm trade_mode=4 xau_open=True | trade_mode=4 | tick_time=1789690538 | bid=4353.521 | ask=4353.781 | tick_ok=True | xau_open=True | current_symbol=XAUUSDm | startup=False
[2026-09-18 07:15:48] POSITION_CLOSED | 🛑 SL Hit | ticket=4732067894 | side=SELL | symbol=XAUUSDm | tf=M5 | sid=21 | pattern=- | trend_filter=- | open_price=4354.124 | close_price=4355.26 | sl=4355.264 | tp=4345.004 | profit=-1.14 | reason=[sl 4355.264] | close_time=07:15:47 18/09/2026
[2026-09-18 07:15:48] TG_SENT | 🔴 *🛑 SL Hit* | ━━━━━━━━━━━━━━━━━ | 📊 TF: M5 | 📊 SELL XAUUSDm | 📌 เปิด: `4354.124` | 📌 ปิด: `4355.26` | 🛑 SL: `4355.264` | 🎯 TP: `4345.004` | 💬 เหตุผล: `[sl 4355.264]` | 💸 P/L: `-1.14` USD | 🔖 Ticket: `4732067894` | 🕐 Close Time: `07:15:47 18/09/2026`
[2026-09-18 07:16:36] SYMBOL_CHECK | XAUUSDm trade_mode=4 xau_open=True | trade_mode=4 | tick_time=1789690598 | bid=4353.985 | ask=4354.245 | tick_ok=True | xau_open=True | current_symbol=XAUUSDm | startup=False
[2026-09-18 07:17:38] SYMBOL_CHECK | XAUUSDm trade_mode=4 xau_open=True | trade_mode=4 | tick_time=1789690657 | bid=4353.251 | ask=4353.511 | tick_ok=True | xau_open=True | current_symbol=XAUUSDm | startup=False
[2026-09-18 07:18:37] SYMBOL_CHECK | XAUUSDm trade_mode=4 xau_open=True | trade_mode=4 | tick_time=1789690718 | bid=4353.2 | ask=4353.46 | tick_ok=True | xau_open=True | current_symbol=XAUUSDm | startup=False
[2026-09-18 07:18:37] DEMO_PORTFOLIO_SCAN | XAUUSDm open active=P18,S101,S102,S105,S106,S111,LTS_EVOLUTION9,LTS_SCREEN13
[2026-09-18 07:18:37] DEMO_PORTFOLIO_SIGNAL | LTS_SCREEN13_9 SELL lot=0.01 sl=4355.616 tp=4335.0960000000005 rd=2.28 weight=1.000 scale=1.00 h=7 success=True ticket=4732082710 err=None
[2026-09-18 07:18:37] DEMO_PORTFOLIO_SCAN | XAUUSDm done active=P18,S101,S102,S105,S106,S111,LTS_EVOLUTION9,LTS_SCREEN13
[2026-09-18 07:18:38] TG_SENT | [AF SIGNAL] *📐 LTS_SCREEN13* | Leg: `LTS_SCREEN13_9 DIRECT_S418_M5` | SELL @ market lot `0.01` | SL `4355.62` TP `4335.10` | RD `2.28` H`7` | Weight `x1.000` Scale `1.00` | Ticket: `4732082710`
[2026-09-18 07:19:37] SYMBOL_CHECK | XAUUSDm trade_mode=4 xau_open=True | trade_mode=4 | tick_time=1789690778 | bid=4352.841 | ask=4353.101 | tick_ok=True | xau_open=True | current_symbol=XAUUSDm | startup=False
[2026-09-18 07:20:38] SYMBOL_CHECK | XAUUSDm trade_mode=4 xau_open=True | trade_mode=4 | tick_time=1789690837 | bid=4353.497 | ask=4353.757 | tick_ok=True | xau_open=True | current_symbol=XAUUSDm | startup=False
[2026-09-18 07:21:37] SYMBOL_CHECK | XAUUSDm trade_mode=4 xau_open=True | trade_mode=4 | tick_time=1789690897 | bid=4351.183 | ask=4351.443 | tick_ok=True | xau_open=True | current_symbol=XAUUSDm | startup=False
[2026-09-18 07:22:38] SYMBOL_CHECK | XAUUSDm trade_mode=4 xau_open=True | trade_mode=4 | tick_time=1789690958 | bid=4351.999 | ask=4352.259 | tick_ok=True | xau_open=True | current_symbol=XAUUSDm | startup=False
[2026-09-18 07:23:02] POSITION_CLOSED | 🛑 SL Hit | ticket=4732082710 | side=SELL | symbol=XAUUSDm | tf=M5 | sid=21 | pattern=- | trend_filter=- | open_price=4353.336 | close_price=4355.62 | sl=4355.616 | tp=4335.096 | profit=-2.28 | reason=[sl 4355.61600] | close_time=07:23:01 18/09/2026
[2026-09-18 07:23:03] TG_SENT | 🔴 *🛑 SL Hit* | ━━━━━━━━━━━━━━━━━ | 📊 TF: M5 | 📊 SELL XAUUSDm | 📌 เปิด: `4353.336` | 📌 ปิด: `4355.62` | 🛑 SL: `4355.616` | 🎯 TP: `4335.096` | 💬 เหตุผล: `[sl 4355.61600]` | 💸 P/L: `-2.28` USD | 🔖 Ticket: `4732082710` | 🕐 Close Time: `07:23:01 18/09/2026`
[2026-09-18 07:23:38] SYMBOL_CHECK | XAUUSDm trade_mode=4 xau_open=True | trade_mode=4 | tick_time=1789691018 | bid=4357.294 | ask=4357.554 | tick_ok=True | xau_open=True | current_symbol=XAUUSDm | startup=False
[2026-09-18 07:23:38] DEMO_PORTFOLIO_SCAN | XAUUSDm open active=P18,S101,S102,S105,S106,S111,LTS_EVOLUTION9,LTS_SCREEN13
[2026-09-18 07:23:38] DEMO_PORTFOLIO_SIGNAL | LTS_SCREEN13_9 SELL lot=0.01 sl=4357.8679999999995 tp=4350.218 rd=0.85 weight=1.000 scale=1.00 h=7 success=True ticket=4732104739 err=None
[2026-09-18 07:23:38] DEMO_PORTFOLIO_SCAN | XAUUSDm done active=P18,S101,S102,S105,S106,S111,LTS_EVOLUTION9,LTS_SCREEN13
[2026-09-18 07:23:41] TG_SENT | [AF SIGNAL] *📐 LTS_SCREEN13* | Leg: `LTS_SCREEN13_9 DIRECT_S418_M5` | SELL @ market lot `0.01` | SL `4357.87` TP `4350.22` | RD `0.85` H`7` | Weight `x1.000` Scale `1.00` | Ticket: `4732104739`
[2026-09-18 07:24:37] SYMBOL_CHECK | XAUUSDm trade_mode=4 xau_open=True | trade_mode=4 | tick_time=1789691077 | bid=4355.942 | ask=4356.202 | tick_ok=True | xau_open=True | current_symbol=XAUUSDm | startup=False
[2026-09-18 07:25:38] SYMBOL_CHECK | XAUUSDm trade_mode=4 xau_open=True | trade_mode=4 | tick_time=1789691138 | bid=4353.843 | ask=4354.103 | tick_ok=True | xau_open=True | current_symbol=XAUUSDm | startup=False
[2026-09-18 07:26:38] SYMBOL_CHECK | XAUUSDm trade_mode=4 xau_open=True | trade_mode=4 | tick_time=1789691198 | bid=4354.603 | ask=4354.863 | tick_ok=True | xau_open=True | current_symbol=XAUUSDm | startup=False
[2026-09-18 07:27:38] SYMBOL_CHECK | XAUUSDm trade_mode=4 xau_open=True | trade_mode=4 | tick_time=1789691257 | bid=4355.205 | ask=4355.465 | tick_ok=True | xau_open=True | current_symbol=XAUUSDm | startup=False
[2026-09-18 07:28:37] SYMBOL_CHECK | XAUUSDm trade_mode=4 xau_open=True | trade_mode=4 | tick_time=1789691318 | bid=4353.075 | ask=4353.335 | tick_ok=True | xau_open=True | current_symbol=XAUUSDm | startup=False
[2026-09-18 07:28:37] DEMO_PORTFOLIO_SCAN | XAUUSDm open active=P18,S101,S102,S105,S106,S111,LTS_EVOLUTION9,LTS_SCREEN13
[2026-09-18 07:28:37] DEMO_PORTFOLIO_SIGNAL | LTS_SCREEN13_11 SELL lot=0.01 sl=4356.441 tp=4295.221 rd=3.42 weight=1.000 scale=1.00 h=7 success=True ticket=4732119123 err=None
[2026-09-18 07:28:37] DEMO_PORTFOLIO_SIGNAL | LTS_SCREEN13_13 BUY lot=0.01 sl=4350.151 tp=4375.191 rd=3.13 weight=1.000 scale=1.00 h=7 success=True ticket=4732119125 err=None
[2026-09-18 07:28:37] DEMO_PORTFOLIO_SCAN | XAUUSDm done active=P18,S101,S102,S105,S106,S111,LTS_EVOLUTION9,LTS_SCREEN13
[2026-09-18 07:28:38] TG_SENT | [AF SIGNAL] *📐 LTS_SCREEN13* | Leg: `LTS_SCREEN13_11 DIRECT_S199_M5` | SELL @ market lot `0.01` | SL `4356.44` TP `4295.22` | RD `3.42` H`7` | Weight `x1.000` Scale `1.00` | Ticket: `4732119123`
[2026-09-18 07:28:42] TG_SENT | [AF SIGNAL] *📐 LTS_SCREEN13* | Leg: `LTS_SCREEN13_13 DIRECT_S419_M5` | BUY @ market lot `0.01` | SL `4350.15` TP `4375.19` | RD `3.13` H`7` | Weight `x1.000` Scale `1.00` | Ticket: `4732119125`
[2026-09-18 07:29:38] SYMBOL_CHECK | XAUUSDm trade_mode=4 xau_open=True | trade_mode=4 | tick_time=1789691376 | bid=4352.88 | ask=4353.14 | tick_ok=True | xau_open=True | current_symbol=XAUUSDm | startup=False
[2026-09-18 07:30:38] SYMBOL_CHECK | XAUUSDm trade_mode=4 xau_open=True | trade_mode=4 | tick_time=1789691438 | bid=4355.453 | ask=4355.713 | tick_ok=True | xau_open=True | current_symbol=XAUUSDm | startup=False
[2026-09-18 07:30:38] POSITION_CLOSED | 🛑 SL Hit | ticket=4732119123 | side=SELL | symbol=XAUUSDm | tf=M5 | sid=21 | pattern=- | trend_filter=- | open_price=4353.021 | close_price=4356.44 | sl=4356.441 | tp=4295.221 | profit=-3.42 | reason=[sl 4356.441] | close_time=07:30:35 18/09/2026
[2026-09-18 07:30:38] TG_SENT | 🔴 *🛑 SL Hit* | ━━━━━━━━━━━━━━━━━ | 📊 TF: M5 | 📊 SELL XAUUSDm | 📌 เปิด: `4353.021` | 📌 ปิด: `4356.44` | 🛑 SL: `4356.441` | 🎯 TP: `4295.221` | 💬 เหตุผล: `[sl 4356.441]` | 💸 P/L: `-3.42` USD | 🔖 Ticket: `4732119123` | 🕐 Close Time: `07:30:35 18/09/2026`
[2026-09-18 07:31:33] POSITION_CLOSED | 🛑 SL Hit | ticket=4732104739 | side=SELL | symbol=XAUUSDm | tf=M5 | sid=21 | pattern=- | trend_filter=- | open_price=4357.018 | close_price=4357.87 | sl=4357.868 | tp=4350.218 | profit=-0.85 | reason=[sl 4357.868] | close_time=07:31:31 18/09/2026
[2026-09-18 07:31:33] TG_SENT | 🔴 *🛑 SL Hit* | ━━━━━━━━━━━━━━━━━ | 📊 TF: M5 | 📊 SELL XAUUSDm | 📌 เปิด: `4357.018` | 📌 ปิด: `4357.87` | 🛑 SL: `4357.868` | 🎯 TP: `4350.218` | 💬 เหตุผล: `[sl 4357.868]` | 💸 P/L: `-0.85` USD | 🔖 Ticket: `4732104739` | 🕐 Close Time: `07:31:31 18/09/2026`
[2026-09-18 07:31:37] SYMBOL_CHECK | XAUUSDm trade_mode=4 xau_open=True | trade_mode=4 | tick_time=1789691498 | bid=4357.171 | ask=4357.431 | tick_ok=True | xau_open=True | current_symbol=XAUUSDm | startup=False
[2026-09-18 07:32:02] POSITION_CLOSED | 🎯 TP Hit | ticket=4732024277 | side=BUY | symbol=XAUUSDm | tf=M5 | sid=21 | pattern=- | trend_filter=- | open_price=4343.783 | close_price=4358.34 | sl=4341.703 | tp=4358.343 | profit=14.56 | reason=[tp 4358.34300] | close_time=07:32:00 18/09/2026
[2026-09-18 07:32:03] TG_SENT | 🟢 *🎯 TP Hit* | ━━━━━━━━━━━━━━━━━ | 📊 TF: M5 | 📊 BUY XAUUSDm | 📌 เปิด: `4343.783` | 📌 ปิด: `4358.34` | 🛑 SL: `4341.703` | 🎯 TP: `4358.343` | 💬 เหตุผล: `[tp 4358.34300]` | 💰 P/L: `14.56` USD | 🔖 Ticket: `4732024277` | 🕐 Close Time: `07:32:00 18/09/2026`
[2026-09-18 07:32:37] SYMBOL_CHECK | XAUUSDm trade_mode=4 xau_open=True | trade_mode=4 | tick_time=1789691558 | bid=4358.279 | ask=4358.539 | tick_ok=True | xau_open=True | current_symbol=XAUUSDm | startup=False
[2026-09-18 07:33:03] POSITION_CLOSED | 🛑 SL Hit | ticket=4731496582 | side=SELL | symbol=XAUUSDm | tf=M5 | sid=21 | pattern=- | trend_filter=- | open_price=4355.203 | close_price=4359.53 | sl=4359.533 | tp=4320.563 | profit=-4.33 | reason=[sl 4359.533] | close_time=07:33:03 18/09/2026
[2026-09-18 07:33:03] TG_SENT | 🔴 *🛑 SL Hit* | ━━━━━━━━━━━━━━━━━ | 📊 TF: M5 | 📊 SELL XAUUSDm | 📌 เปิด: `4355.203` | 📌 ปิด: `4359.53` | 🛑 SL: `4359.533` | 🎯 TP: `4320.563` | 💬 เหตุผล: `[sl 4359.533]` | 💸 P/L: `-4.33` USD | 🔖 Ticket: `4731496582` | 🕐 Close Time: `07:33:03 18/09/2026`
[2026-09-18 07:33:38] SYMBOL_CHECK | XAUUSDm trade_mode=4 xau_open=True | trade_mode=4 | tick_time=1789691618 | bid=4358.963 | ask=4359.223 | tick_ok=True | xau_open=True | current_symbol=XAUUSDm | startup=False
[2026-09-18 07:33:38] DEMO_PORTFOLIO_SCAN | XAUUSDm open active=P18,S101,S102,S105,S106,S111,LTS_EVOLUTION9,LTS_SCREEN13
[2026-09-18 07:33:38] DEMO_PORTFOLIO_SCAN | XAUUSDm done active=P18,S101,S102,S105,S106,S111,LTS_EVOLUTION9,LTS_SCREEN13
[2026-09-18 07:34:38] SYMBOL_CHECK | XAUUSDm trade_mode=4 xau_open=True | trade_mode=4 | tick_time=1789691678 | bid=4358.145 | ask=4358.405 | tick_ok=True | xau_open=True | current_symbol=XAUUSDm | startup=False
[2026-09-18 07:35:38] SYMBOL_CHECK | XAUUSDm trade_mode=4 xau_open=True | trade_mode=4 | tick_time=1789691738 | bid=4357.736 | ask=4357.996 | tick_ok=True | xau_open=True | current_symbol=XAUUSDm | startup=False
[2026-09-18 07:36:38] SYMBOL_CHECK | XAUUSDm trade_mode=4 xau_open=True | trade_mode=4 | tick_time=1789691797 | bid=4358.796 | ask=4359.056 | tick_ok=True | xau_open=True | current_symbol=XAUUSDm | startup=False
[2026-09-18 07:37:37] SYMBOL_CHECK | XAUUSDm trade_mode=4 xau_open=True | trade_mode=4 | tick_time=1789691857 | bid=4359.242 | ask=4359.502 | tick_ok=True | xau_open=True | current_symbol=XAUUSDm | startup=False
[2026-09-18 07:38:38] SYMBOL_CHECK | XAUUSDm trade_mode=4 xau_open=True | trade_mode=4 | tick_time=1789691918 | bid=4359.861 | ask=4360.121 | tick_ok=True | xau_open=True | current_symbol=XAUUSDm | startup=False
[2026-09-18 07:38:38] DEMO_PORTFOLIO_SCAN | XAUUSDm open active=P18,S101,S102,S105,S106,S111,LTS_EVOLUTION9,LTS_SCREEN13
[2026-09-18 07:38:38] DEMO_PORTFOLIO_SIGNAL | LTS_SCREEN13_9 SELL lot=0.01 sl=4360.651 tp=4353.541 rd=0.79 weight=1.000 scale=1.00 h=7 success=True ticket=4732156614 err=None
[2026-09-18 07:38:38] DEMO_PORTFOLIO_SCAN | XAUUSDm done active=P18,S101,S102,S105,S106,S111,LTS_EVOLUTION9,LTS_SCREEN13
[2026-09-18 07:38:39] TG_SENT | [AF SIGNAL] *📐 LTS_SCREEN13* | Leg: `LTS_SCREEN13_9 DIRECT_S418_M5` | SELL @ market lot `0.01` | SL `4360.65` TP `4353.54` | RD `0.79` H`7` | Weight `x1.000` Scale `1.00` | Ticket: `4732156614`
[2026-09-18 07:39:38] SYMBOL_CHECK | XAUUSDm trade_mode=4 xau_open=True | trade_mode=4 | tick_time=1789691978 | bid=4357.839 | ask=4358.099 | tick_ok=True | xau_open=True | current_symbol=XAUUSDm | startup=False
[2026-09-18 07:40:38] SYMBOL_CHECK | XAUUSDm trade_mode=4 xau_open=True | trade_mode=4 | tick_time=1789692038 | bid=4357.721 | ask=4357.981 | tick_ok=True | xau_open=True | current_symbol=XAUUSDm | startup=False
[2026-09-18 07:41:38] SYMBOL_CHECK | XAUUSDm trade_mode=4 xau_open=True | trade_mode=4 | tick_time=1789692098 | bid=4357.755 | ask=4358.015 | tick_ok=True | xau_open=True | current_symbol=XAUUSDm | startup=False
[2026-09-18 07:42:37] SYMBOL_CHECK | XAUUSDm trade_mode=4 xau_open=True | trade_mode=4 | tick_time=1789692158 | bid=4357.359 | ask=4357.619 | tick_ok=True | xau_open=True | current_symbol=XAUUSDm | startup=False
[2026-09-18 07:43:37] SYMBOL_CHECK | XAUUSDm trade_mode=4 xau_open=True | trade_mode=4 | tick_time=1789692218 | bid=4357.894 | ask=4358.154 | tick_ok=True | xau_open=True | current_symbol=XAUUSDm | startup=False
[2026-09-18 07:43:37] DEMO_PORTFOLIO_SCAN | XAUUSDm open active=P18,S101,S102,S105,S106,S111,LTS_EVOLUTION9,LTS_SCREEN13
[2026-09-18 07:43:38] DEMO_PORTFOLIO_SIGNAL | LTS_SCREEN13_13 BUY lot=0.01 sl=4356.5740000000005 tp=4369.214 rd=1.58 weight=1.000 scale=1.00 h=7 success=True ticket=4732168664 err=None
[2026-09-18 07:43:38] DEMO_PORTFOLIO_SCAN | XAUUSDm done active=P18,S101,S102,S105,S106,S111,LTS_EVOLUTION9,LTS_SCREEN13
[2026-09-18 07:43:40] TG_SENT | [AF SIGNAL] *📐 LTS_SCREEN13* | Leg: `LTS_SCREEN13_13 DIRECT_S419_M5` | BUY @ market lot `0.01` | SL `4356.57` TP `4369.21` | RD `1.58` H`7` | Weight `x1.000` Scale `1.00` | Ticket: `4732168664`
[2026-09-18 07:44:37] SYMBOL_CHECK | XAUUSDm trade_mode=4 xau_open=True | trade_mode=4 | tick_time=1789692277 | bid=4359.112 | ask=4359.372 | tick_ok=True | xau_open=True | current_symbol=XAUUSDm | startup=False
[2026-09-18 07:45:36] SYMBOL_CHECK | XAUUSDm trade_mode=4 xau_open=True | trade_mode=4 | tick_time=1789692336 | bid=4358.517 | ask=4358.777 | tick_ok=True | xau_open=True | current_symbol=XAUUSDm | startup=False
[2026-09-18 07:46:11] POSITION_CLOSED | 🛑 SL Hit | ticket=4732168664 | side=BUY | symbol=XAUUSDm | tf=M5 | sid=21 | pattern=- | trend_filter=- | open_price=4358.154 | close_price=4356.57 | sl=4356.574 | tp=4369.214 | profit=-1.58 | reason=[sl 4356.574] | close_time=07:46:11 18/09/2026
[2026-09-18 07:46:13] TG_SENT | 🟢 *🛑 SL Hit* | ━━━━━━━━━━━━━━━━━ | 📊 TF: M5 | 📊 BUY XAUUSDm | 📌 เปิด: `4358.154` | 📌 ปิด: `4356.57` | 🛑 SL: `4356.574` | 🎯 TP: `4369.214` | 💬 เหตุผล: `[sl 4356.574]` | 💸 P/L: `-1.58` USD | 🔖 Ticket: `4732168664` | 🕐 Close Time: `07:46:11 18/09/2026`
[2026-09-18 07:46:38] SYMBOL_CHECK | XAUUSDm trade_mode=4 xau_open=True | trade_mode=4 | tick_time=1789692398 | bid=4355.53 | ask=4355.79 | tick_ok=True | xau_open=True | current_symbol=XAUUSDm | startup=False
[2026-09-18 07:47:38] SYMBOL_CHECK | XAUUSDm trade_mode=4 xau_open=True | trade_mode=4 | tick_time=1789692458 | bid=4355.891 | ask=4356.151 | tick_ok=True | xau_open=True | current_symbol=XAUUSDm | startup=False
[2026-09-18 07:48:11] POSITION_CLOSED | 🎯 TP Hit | ticket=4732156614 | side=SELL | symbol=XAUUSDm | tf=M5 | sid=21 | pattern=- | trend_filter=- | open_price=4359.861 | close_price=4353.54 | sl=4360.651 | tp=4353.541 | profit=6.32 | reason=[tp 4353.54100] | close_time=07:48:11 18/09/2026
[2026-09-18 07:48:13] TG_SENT | 🔴 *🎯 TP Hit* | ━━━━━━━━━━━━━━━━━ | 📊 TF: M5 | 📊 SELL XAUUSDm | 📌 เปิด: `4359.861` | 📌 ปิด: `4353.54` | 🛑 SL: `4360.651` | 🎯 TP: `4353.541` | 💬 เหตุผล: `[tp 4353.54100]` | 💰 P/L: `6.32` USD | 🔖 Ticket: `4732156614` | 🕐 Close Time: `07:48:11 18/09/2026`
[2026-09-18 07:48:37] SYMBOL_CHECK | XAUUSDm trade_mode=4 xau_open=True | trade_mode=4 | tick_time=1789692518 | bid=4353.997 | ask=4354.257 | tick_ok=True | xau_open=True | current_symbol=XAUUSDm | startup=False
[2026-09-18 07:48:38] DEMO_PORTFOLIO_SCAN | XAUUSDm open active=P18,S101,S102,S105,S106,S111,LTS_EVOLUTION9,LTS_SCREEN13
[2026-09-18 07:48:38] DEMO_PORTFOLIO_SIGNAL | LTS_SCREEN13_13 BUY lot=0.01 sl=4351.784000000001 tp=4371.544 rd=2.47 weight=1.000 scale=1.00 h=7 success=True ticket=4732188227 err=None
[2026-09-18 07:48:38] DEMO_PORTFOLIO_SCAN | XAUUSDm done active=P18,S101,S102,S105,S106,S111,LTS_EVOLUTION9,LTS_SCREEN13
[2026-09-18 07:48:39] TG_SENT | [AF SIGNAL] *📐 LTS_SCREEN13* | Leg: `LTS_SCREEN13_13 DIRECT_S419_M5` | BUY @ market lot `0.01` | SL `4351.78` TP `4371.54` | RD `2.47` H`7` | Weight `x1.000` Scale `1.00` | Ticket: `4732188227`
[2026-09-18 07:49:36] SYMBOL_CHECK | XAUUSDm trade_mode=4 xau_open=True | trade_mode=4 | tick_time=1789692578 | bid=4353.771 | ask=4354.031 | tick_ok=True | xau_open=True | current_symbol=XAUUSDm | startup=False
[2026-09-18 07:50:38] SYMBOL_CHECK | XAUUSDm trade_mode=4 xau_open=True | trade_mode=4 | tick_time=1789692638 | bid=4352.944 | ask=4353.204 | tick_ok=True | xau_open=True | current_symbol=XAUUSDm | startup=False
[2026-09-18 07:51:38] SYMBOL_CHECK | XAUUSDm trade_mode=4 xau_open=True | trade_mode=4 | tick_time=1789692698 | bid=4354.875 | ask=4355.135 | tick_ok=True | xau_open=True | current_symbol=XAUUSDm | startup=False
[2026-09-18 07:52:38] SYMBOL_CHECK | XAUUSDm trade_mode=4 xau_open=True | trade_mode=4 | tick_time=1789692757 | bid=4353.933 | ask=4354.193 | tick_ok=True | xau_open=True | current_symbol=XAUUSDm | startup=False
[2026-09-18 07:53:38] SYMBOL_CHECK | XAUUSDm trade_mode=4 xau_open=True | trade_mode=4 | tick_time=1789692818 | bid=4353.723 | ask=4353.983 | tick_ok=True | xau_open=True | current_symbol=XAUUSDm | startup=False
[2026-09-18 07:53:38] DEMO_PORTFOLIO_SCAN | XAUUSDm open active=P18,S101,S102,S105,S106,S111,LTS_EVOLUTION9,LTS_SCREEN13
[2026-09-18 07:53:38] DEMO_PORTFOLIO_SIGNAL | LTS_SCREEN13_13 BUY lot=0.01 sl=4351.685 tp=4369.205 rd=2.19 weight=1.000 scale=1.00 h=7 success=True ticket=4732202608 err=None
[2026-09-18 07:53:38] DEMO_PORTFOLIO_SCAN | XAUUSDm done active=P18,S101,S102,S105,S106,S111,LTS_EVOLUTION9,LTS_SCREEN13
[2026-09-18 07:53:40] TG_SENT | [AF SIGNAL] *📐 LTS_SCREEN13* | Leg: `LTS_SCREEN13_13 DIRECT_S419_M5` | BUY @ market lot `0.01` | SL `4351.69` TP `4369.20` | RD `2.19` H`7` | Weight `x1.000` Scale `1.00` | Ticket: `4732202608`
[2026-09-18 07:54:38] SYMBOL_CHECK | XAUUSDm trade_mode=4 xau_open=True | trade_mode=4 | tick_time=1789692878 | bid=4354.009 | ask=4354.269 | tick_ok=True | xau_open=True | current_symbol=XAUUSDm | startup=False
[2026-09-18 07:55:37] SYMBOL_CHECK | XAUUSDm trade_mode=4 xau_open=True | trade_mode=4 | tick_time=1789692938 | bid=4353.103 | ask=4353.363 | tick_ok=True | xau_open=True | current_symbol=XAUUSDm | startup=False
[2026-09-18 07:56:37] SYMBOL_CHECK | XAUUSDm trade_mode=4 xau_open=True | trade_mode=4 | tick_time=1789692998 | bid=4354.99 | ask=4355.25 | tick_ok=True | xau_open=True | current_symbol=XAUUSDm | startup=False
[2026-09-18 07:57:38] SYMBOL_CHECK | XAUUSDm trade_mode=4 xau_open=True | trade_mode=4 | tick_time=1789693058 | bid=4356.886 | ask=4357.146 | tick_ok=True | xau_open=True | current_symbol=XAUUSDm | startup=False
[2026-09-18 07:58:37] SYMBOL_CHECK | XAUUSDm trade_mode=4 xau_open=True | trade_mode=4 | tick_time=1789693118 | bid=4355.077 | ask=4355.337 | tick_ok=True | xau_open=True | current_symbol=XAUUSDm | startup=False
[2026-09-18 07:58:38] DEMO_PORTFOLIO_SCAN | XAUUSDm open active=P18,S101,S102,S105,S106,S111,LTS_EVOLUTION9,LTS_SCREEN13
[2026-09-18 07:58:38] DEMO_PORTFOLIO_SIGNAL | LTS_SCREEN13_13 BUY lot=0.01 sl=4351.657 tp=4381.097000000001 rd=3.68 weight=1.000 scale=1.00 h=7 success=True ticket=4732221527 err=None
[2026-09-18 07:58:38] DEMO_PORTFOLIO_SCAN | XAUUSDm done active=P18,S101,S102,S105,S106,S111,LTS_EVOLUTION9,LTS_SCREEN13
[2026-09-18 07:58:40] TG_SENT | [AF SIGNAL] *📐 LTS_SCREEN13* | Leg: `LTS_SCREEN13_13 DIRECT_S419_M5` | BUY @ market lot `0.01` | SL `4351.66` TP `4381.10` | RD `3.68` H`7` | Weight `x1.000` Scale `1.00` | Ticket: `4732221527`
[2026-09-18 07:59:38] SYMBOL_CHECK | XAUUSDm trade_mode=4 xau_open=True | trade_mode=4 | tick_time=1789693177 | bid=4355.03 | ask=4355.29 | tick_ok=True | xau_open=True | current_symbol=XAUUSDm | startup=False
[2026-09-18 08:00:38] SYMBOL_CHECK | XAUUSDm trade_mode=4 xau_open=True | trade_mode=4 | tick_time=1789693238 | bid=4360.323 | ask=4360.583 | tick_ok=True | xau_open=True | current_symbol=XAUUSDm | startup=False
[2026-09-18 08:01:38] SYMBOL_CHECK | XAUUSDm trade_mode=4 xau_open=True | trade_mode=4 | tick_time=1789693298 | bid=4360.429 | ask=4360.689 | tick_ok=True | xau_open=True | current_symbol=XAUUSDm | startup=False
[2026-09-18 08:02:38] SYMBOL_CHECK | XAUUSDm trade_mode=4 xau_open=True | trade_mode=4 | tick_time=1789693358 | bid=4361.128 | ask=4361.388 | tick_ok=True | xau_open=True | current_symbol=XAUUSDm | startup=False
[2026-09-18 08:03:38] SYMBOL_CHECK | XAUUSDm trade_mode=4 xau_open=True | trade_mode=4 | tick_time=1789693418 | bid=4362.499 | ask=4362.759 | tick_ok=True | xau_open=True | current_symbol=XAUUSDm | startup=False
[2026-09-18 08:03:38] DEMO_PORTFOLIO_SCAN | XAUUSDm open active=P18,S101,S102,S105,S106,S111,LTS_EVOLUTION9,LTS_SCREEN13
[2026-09-18 08:03:38] DEMO_PORTFOLIO_SCAN | XAUUSDm done active=P18,S101,S102,S105,S106,S111,LTS_EVOLUTION9,LTS_SCREEN13
[2026-09-18 08:04:37] SYMBOL_CHECK | XAUUSDm trade_mode=4 xau_open=True | trade_mode=4 | tick_time=1789693478 | bid=4362.226 | ask=4362.486 | tick_ok=True | xau_open=True | current_symbol=XAUUSDm | startup=False
[2026-09-18 08:05:28] POSITION_CLOSED | 🎯 TP Hit | ticket=4731961636 | side=BUY | symbol=XAUUSDm | tf=M5 | sid=21 | pattern=- | trend_filter=- | open_price=4344.1900000000005 | close_price=4364.28 | sl=4341.32 | tp=4364.28 | profit=20.09 | reason=[tp 4364.28000] | close_time=08:05:27 18/09/2026
[2026-09-18 08:05:29] TG_SENT | 🟢 *🎯 TP Hit* | ━━━━━━━━━━━━━━━━━ | 📊 TF: M5 | 📊 BUY XAUUSDm | 📌 เปิด: `4344.1900000000005` | 📌 ปิด: `4364.28` | 🛑 SL: `4341.32` | 🎯 TP: `4364.28` | 💬 เหตุผล: `[tp 4364.28000]` | 💰 P/L: `20.09` USD | 🔖 Ticket: `4731961636` | 🕐 Close Time: `08:05:27 18/09/2026`
[2026-09-18 08:05:38] SYMBOL_CHECK | XAUUSDm trade_mode=4 xau_open=True | trade_mode=4 | tick_time=1789693538 | bid=4363.954 | ask=4364.214 | tick_ok=True | xau_open=True | current_symbol=XAUUSDm | startup=False
[2026-09-18 08:06:38] SYMBOL_CHECK | XAUUSDm trade_mode=4 xau_open=True | trade_mode=4 | tick_time=1789693598 | bid=4365.032 | ask=4365.292 | tick_ok=True | xau_open=True | current_symbol=XAUUSDm | startup=False
[2026-09-18 08:07:38] SYMBOL_CHECK | XAUUSDm trade_mode=4 xau_open=True | trade_mode=4 | tick_time=1789693658 | bid=4365.357 | ask=4365.617 | tick_ok=True | xau_open=True | current_symbol=XAUUSDm | startup=False
[2026-09-18 08:08:38] SYMBOL_CHECK | XAUUSDm trade_mode=4 xau_open=True | trade_mode=4 | tick_time=1789693718 | bid=4362.513 | ask=4362.773 | tick_ok=True | xau_open=True | current_symbol=XAUUSDm | startup=False
[2026-09-18 08:08:38] DEMO_PORTFOLIO_SCAN | XAUUSDm open active=P18,S101,S102,S105,S106,S111,LTS_EVOLUTION9,LTS_SCREEN13
[2026-09-18 08:08:38] DEMO_PORTFOLIO_SIGNAL | LTS_SCREEN13_13 BUY lot=0.01 sl=4355.323 tp=4416.843 rd=7.69 weight=1.000 scale=1.00 h=8 success=True ticket=4732290549 err=None
[2026-09-18 08:08:38] DEMO_PORTFOLIO_SCAN | XAUUSDm done active=P18,S101,S102,S105,S106,S111,LTS_EVOLUTION9,LTS_SCREEN13
[2026-09-18 08:08:39] TG_SENT | [AF SIGNAL] *📐 LTS_SCREEN13* | Leg: `LTS_SCREEN13_13 DIRECT_S419_M5` | BUY @ market lot `0.01` | SL `4355.32` TP `4416.84` | RD `7.69` H`8` | Weight `x1.000` Scale `1.00` | Ticket: `4732290549`
[2026-09-18 08:09:38] SYMBOL_CHECK | XAUUSDm trade_mode=4 xau_open=True | trade_mode=4 | tick_time=1789693778 | bid=4361.522 | ask=4361.782 | tick_ok=True | xau_open=True | current_symbol=XAUUSDm | startup=False
[2026-09-18 08:10:38] SYMBOL_CHECK | XAUUSDm trade_mode=4 xau_open=True | trade_mode=4 | tick_time=1789693838 | bid=4360.376 | ask=4360.636 | tick_ok=True | xau_open=True | current_symbol=XAUUSDm | startup=False
[2026-09-18 08:11:38] SYMBOL_CHECK | XAUUSDm trade_mode=4 xau_open=True | trade_mode=4 | tick_time=1789693898 | bid=4360.678 | ask=4360.938 | tick_ok=True | xau_open=True | current_symbol=XAUUSDm | startup=False
[2026-09-18 08:12:38] SYMBOL_CHECK | XAUUSDm trade_mode=4 xau_open=True | trade_mode=4 | tick_time=1789693958 | bid=4360.475 | ask=4360.735 | tick_ok=True | xau_open=True | current_symbol=XAUUSDm | startup=False
[2026-09-18 08:13:38] SYMBOL_CHECK | XAUUSDm trade_mode=4 xau_open=True | trade_mode=4 | tick_time=1789694018 | bid=4358.408 | ask=4358.668 | tick_ok=True | xau_open=True | current_symbol=XAUUSDm | startup=False
[2026-09-18 08:13:38] DEMO_PORTFOLIO_SCAN | XAUUSDm open active=P18,S101,S102,S105,S106,S111,LTS_EVOLUTION9,LTS_SCREEN13
[2026-09-18 08:13:38] DEMO_PORTFOLIO_SIGNAL | LTS_SCREEN13_9 BUY lot=0.01 sl=4352.249 tp=4406.519 rd=6.03 weight=1.000 scale=1.00 h=8 success=True ticket=4732311166 err=None
[2026-09-18 08:13:38] DEMO_PORTFOLIO_SIGNAL | LTS_SCREEN13_13 BUY lot=0.01 sl=4357.029 tp=4367.029 rd=1.25 weight=1.000 scale=1.00 h=8 success=True ticket=4732311187 err=None
[2026-09-18 08:13:38] DEMO_PORTFOLIO_SCAN | XAUUSDm done active=P18,S101,S102,S105,S106,S111,LTS_EVOLUTION9,LTS_SCREEN13
[2026-09-18 08:13:39] TG_SENT | [AF SIGNAL] *📐 LTS_SCREEN13* | Leg: `LTS_SCREEN13_9 DIRECT_S418_M5` | BUY @ market lot `0.01` | SL `4352.25` TP `4406.52` | RD `6.03` H`8` | Weight `x1.000` Scale `1.00` | Ticket: `4732311166`
[2026-09-18 08:13:43] TG_SENT | [AF SIGNAL] *📐 LTS_SCREEN13* | Leg: `LTS_SCREEN13_13 DIRECT_S419_M5` | BUY @ market lot `0.01` | SL `4357.03` TP `4367.03` | RD `1.25` H`8` | Weight `x1.000` Scale `1.00` | Ticket: `4732311187`
[2026-09-18 08:14:38] SYMBOL_CHECK | XAUUSDm trade_mode=4 xau_open=True | trade_mode=4 | tick_time=1789694077 | bid=4358.066 | ask=4358.326 | tick_ok=True | xau_open=True | current_symbol=XAUUSDm | startup=False
[2026-09-18 08:15:23] POSITION_CLOSED | 🛑 SL Hit | ticket=4732311187 | side=BUY | symbol=XAUUSDm | tf=M5 | sid=21 | pattern=- | trend_filter=- | open_price=4358.279 | close_price=4357.03 | sl=4357.029 | tp=4367.029 | profit=-1.25 | reason=[sl 4357.02900] | close_time=08:15:19 18/09/2026
[2026-09-18 08:15:23] TG_SENT | 🟢 *🛑 SL Hit* | ━━━━━━━━━━━━━━━━━ | 📊 TF: M5 | 📊 BUY XAUUSDm | 📌 เปิด: `4358.279` | 📌 ปิด: `4357.03` | 🛑 SL: `4357.029` | 🎯 TP: `4367.029` | 💬 เหตุผล: `[sl 4357.02900]` | 💸 P/L: `-1.25` USD | 🔖 Ticket: `4732311187` | 🕐 Close Time: `08:15:19 18/09/2026`
[2026-09-18 08:15:38] SYMBOL_CHECK | XAUUSDm trade_mode=4 xau_open=True | trade_mode=4 | tick_time=1789694138 | bid=4357.877 | ask=4358.137 | tick_ok=True | xau_open=True | current_symbol=XAUUSDm | startup=False
[2026-09-18 08:16:38] SYMBOL_CHECK | XAUUSDm trade_mode=4 xau_open=True | trade_mode=4 | tick_time=1789694198 | bid=4354.71 | ask=4354.97 | tick_ok=True | xau_open=True | current_symbol=XAUUSDm | startup=False
[2026-09-18 08:16:43] POSITION_CLOSED | 🛑 SL Hit | ticket=4732290549 | side=BUY | symbol=XAUUSDm | tf=M5 | sid=21 | pattern=- | trend_filter=- | open_price=4363.013 | close_price=4354.68 | sl=4355.323 | tp=4416.843 | profit=-8.33 | reason=[sl 4355.323] | close_time=08:16:39 18/09/2026
[2026-09-18 08:16:43] TG_SENT | 🟢 *🛑 SL Hit* | ━━━━━━━━━━━━━━━━━ | 📊 TF: M5 | 📊 BUY XAUUSDm | 📌 เปิด: `4363.013` | 📌 ปิด: `4354.68` | 🛑 SL: `4355.323` | 🎯 TP: `4416.843` | 💬 เหตุผล: `[sl 4355.323]` | 💸 P/L: `-8.33` USD | 🔖 Ticket: `4732290549` | 🕐 Close Time: `08:16:39 18/09/2026`
[2026-09-18 08:17:38] SYMBOL_CHECK | XAUUSDm trade_mode=4 xau_open=True | trade_mode=4 | tick_time=1789694258 | bid=4355.996 | ask=4356.256 | tick_ok=True | xau_open=True | current_symbol=XAUUSDm | startup=False
[2026-09-18 08:18:38] SYMBOL_CHECK | XAUUSDm trade_mode=4 xau_open=True | trade_mode=4 | tick_time=1789694318 | bid=4356.839 | ask=4357.099 | tick_ok=True | xau_open=True | current_symbol=XAUUSDm | startup=False
[2026-09-18 08:18:38] DEMO_PORTFOLIO_SCAN | XAUUSDm open active=P18,S101,S102,S105,S106,S111,LTS_EVOLUTION9,LTS_SCREEN13
[2026-09-18 08:18:39] DEMO_PORTFOLIO_SIGNAL | LTS_SCREEN13_13 BUY lot=0.01 sl=4353.686 tp=4382.326 rd=3.58 weight=1.000 scale=1.00 h=8 success=True ticket=4732334946 err=None
[2026-09-18 08:18:39] DEMO_PORTFOLIO_SCAN | XAUUSDm done active=P18,S101,S102,S105,S106,S111,LTS_EVOLUTION9,LTS_SCREEN13
[2026-09-18 08:18:40] TG_SENT | [AF SIGNAL] *📐 LTS_SCREEN13* | Leg: `LTS_SCREEN13_13 DIRECT_S419_M5` | BUY @ market lot `0.01` | SL `4353.69` TP `4382.33` | RD `3.58` H`8` | Weight `x1.000` Scale `1.00` | Ticket: `4732334946`
[2026-09-18 08:19:37] SYMBOL_CHECK | XAUUSDm trade_mode=4 xau_open=True | trade_mode=4 | tick_time=1789694378 | bid=4360.107 | ask=4360.367 | tick_ok=True | xau_open=True | current_symbol=XAUUSDm | startup=False
[2026-09-18 08:20:38] SYMBOL_CHECK | XAUUSDm trade_mode=4 xau_open=True | trade_mode=4 | tick_time=1789694438 | bid=4362.06 | ask=4362.32 | tick_ok=True | xau_open=True | current_symbol=XAUUSDm | startup=False
[2026-09-18 08:21:38] SYMBOL_CHECK | XAUUSDm trade_mode=4 xau_open=True | trade_mode=4 | tick_time=1789694498 | bid=4364.142 | ask=4364.402 | tick_ok=True | xau_open=True | current_symbol=XAUUSDm | startup=False
[2026-09-18 08:22:38] SYMBOL_CHECK | XAUUSDm trade_mode=4 xau_open=True | trade_mode=4 | tick_time=1789694557 | bid=4362.938 | ask=4363.198 | tick_ok=True | xau_open=True | current_symbol=XAUUSDm | startup=False
[2026-09-18 08:23:38] SYMBOL_CHECK | XAUUSDm trade_mode=4 xau_open=True | trade_mode=4 | tick_time=1789694618 | bid=4363.478 | ask=4363.738 | tick_ok=True | xau_open=True | current_symbol=XAUUSDm | startup=False
[2026-09-18 08:23:38] DEMO_PORTFOLIO_SCAN | XAUUSDm open active=P18,S101,S102,S105,S106,S111,LTS_EVOLUTION9,LTS_SCREEN13
[2026-09-18 08:23:38] DEMO_PORTFOLIO_SCAN | XAUUSDm done active=P18,S101,S102,S105,S106,S111,LTS_EVOLUTION9,LTS_SCREEN13
[2026-09-18 08:24:38] SYMBOL_CHECK | XAUUSDm trade_mode=4 xau_open=True | trade_mode=4 | tick_time=1789694677 | bid=4362.247 | ask=4362.507 | tick_ok=True | xau_open=True | current_symbol=XAUUSDm | startup=False
[2026-09-18 08:25:37] SYMBOL_CHECK | XAUUSDm trade_mode=4 xau_open=True | trade_mode=4 | tick_time=1789694738 | bid=4362.848 | ask=4363.108 | tick_ok=True | xau_open=True | current_symbol=XAUUSDm | startup=False
[2026-09-18 08:26:38] SYMBOL_CHECK | XAUUSDm trade_mode=4 xau_open=True | trade_mode=4 | tick_time=1789694798 | bid=4361.288 | ask=4361.548 | tick_ok=True | xau_open=True | current_symbol=XAUUSDm | startup=False
[2026-09-18 08:27:36] SYMBOL_CHECK | XAUUSDm trade_mode=4 xau_open=True | trade_mode=4 | tick_time=1789694857 | bid=4360.399 | ask=4360.659 | tick_ok=True | xau_open=True | current_symbol=XAUUSDm | startup=False
[2026-09-18 08:28:38] SYMBOL_CHECK | XAUUSDm trade_mode=4 xau_open=True | trade_mode=4 | tick_time=1789694918 | bid=4358.813 | ask=4359.073 | tick_ok=True | xau_open=True | current_symbol=XAUUSDm | startup=False
[2026-09-18 08:28:38] DEMO_PORTFOLIO_SCAN | XAUUSDm open active=P18,S101,S102,S105,S106,S111,LTS_EVOLUTION9,LTS_SCREEN13
[2026-09-18 08:28:39] DEMO_PORTFOLIO_SIGNAL | LTS_SCREEN13_9 BUY lot=0.01 sl=4352.255 tp=4417.415 rd=7.24 weight=1.000 scale=1.00 h=8 success=True ticket=4732377047 err=None
[2026-09-18 08:28:39] DEMO_PORTFOLIO_SIGNAL | LTS_SCREEN13_13 BUY lot=0.01 sl=4357.683000000001 tp=4371.1230000000005 rd=1.68 weight=1.000 scale=1.00 h=8 success=True ticket=4732377082 err=None
[2026-09-18 08:28:39] DEMO_PORTFOLIO_SCAN | XAUUSDm done active=P18,S101,S102,S105,S106,S111,LTS_EVOLUTION9,LTS_SCREEN13
[2026-09-18 08:28:40] TG_SENT | [AF SIGNAL] *📐 LTS_SCREEN13* | Leg: `LTS_SCREEN13_9 DIRECT_S418_M5` | BUY @ market lot `0.01` | SL `4352.26` TP `4417.41` | RD `7.24` H`8` | Weight `x1.000` Scale `1.00` | Ticket: `4732377047`
[2026-09-18 08:28:44] TG_SENT | [AF SIGNAL] *📐 LTS_SCREEN13* | Leg: `LTS_SCREEN13_13 DIRECT_S419_M5` | BUY @ market lot `0.01` | SL `4357.68` TP `4371.12` | RD `1.68` H`8` | Weight `x1.000` Scale `1.00` | Ticket: `4732377082`
[2026-09-18 08:29:38] SYMBOL_CHECK | XAUUSDm trade_mode=4 xau_open=True | trade_mode=4 | tick_time=1789694978 | bid=4359.475 | ask=4359.735 | tick_ok=True | xau_open=True | current_symbol=XAUUSDm | startup=False
[2026-09-18 08:30:38] SYMBOL_CHECK | XAUUSDm trade_mode=4 xau_open=True | trade_mode=4 | tick_time=1789695038 | bid=4360.038 | ask=4360.298 | tick_ok=True | xau_open=True | current_symbol=XAUUSDm | startup=False
[2026-09-18 08:31:38] SYMBOL_CHECK | XAUUSDm trade_mode=4 xau_open=True | trade_mode=4 | tick_time=1789695098 | bid=4358.073 | ask=4358.333 | tick_ok=True | xau_open=True | current_symbol=XAUUSDm | startup=False
[2026-09-18 08:31:58] POSITION_CLOSED | 🛑 SL Hit | ticket=4732377082 | side=BUY | symbol=XAUUSDm | tf=M5 | sid=21 | pattern=- | trend_filter=- | open_price=4359.428 | close_price=4357.68 | sl=4357.683 | tp=4371.123 | profit=-1.75 | reason=[sl 4357.68300] | close_time=08:31:55 18/09/2026
[2026-09-18 08:31:58] TG_SENT | 🟢 *🛑 SL Hit* | ━━━━━━━━━━━━━━━━━ | 📊 TF: M5 | 📊 BUY XAUUSDm | 📌 เปิด: `4359.428` | 📌 ปิด: `4357.68` | 🛑 SL: `4357.683` | 🎯 TP: `4371.123` | 💬 เหตุผล: `[sl 4357.68300]` | 💸 P/L: `-1.75` USD | 🔖 Ticket: `4732377082` | 🕐 Close Time: `08:31:55 18/09/2026`
[2026-09-18 08:32:37] SYMBOL_CHECK | XAUUSDm trade_mode=4 xau_open=True | trade_mode=4 | tick_time=1789695158 | bid=4354.644 | ask=4354.904 | tick_ok=True | xau_open=True | current_symbol=XAUUSDm | startup=False
[2026-09-18 08:33:02] POSITION_CLOSED | 🛑 SL Hit | ticket=4732334946 | side=BUY | symbol=XAUUSDm | tf=M5 | sid=21 | pattern=- | trend_filter=- | open_price=4357.2660000000005 | close_price=4353.69 | sl=4353.686 | tp=4382.326 | profit=-3.58 | reason=[sl 4353.68600] | close_time=08:33:03 18/09/2026
[2026-09-18 08:33:03] TG_SENT | 🟢 *🛑 SL Hit* | ━━━━━━━━━━━━━━━━━ | 📊 TF: M5 | 📊 BUY XAUUSDm | 📌 เปิด: `4357.2660000000005` | 📌 ปิด: `4353.69` | 🛑 SL: `4353.686` | 🎯 TP: `4382.326` | 💬 เหตุผล: `[sl 4353.68600]` | 💸 P/L: `-3.58` USD | 🔖 Ticket: `4732334946` | 🕐 Close Time: `08:33:03 18/09/2026`
[2026-09-18 08:33:18] POSITION_CLOSED | 🛑 SL Hit | ticket=4732202608 | side=BUY | symbol=XAUUSDm | tf=M5 | sid=21 | pattern=- | trend_filter=- | open_price=4353.875 | close_price=4351.69 | sl=4351.685 | tp=4369.205 | profit=-2.19 | reason=[sl 4351.68500] | close_time=08:33:17 18/09/2026
[2026-09-18 08:33:18] POSITION_CLOSED | 🛑 SL Hit | ticket=4732188227 | side=BUY | symbol=XAUUSDm | tf=M5 | sid=21 | pattern=- | trend_filter=- | open_price=4354.254 | close_price=4351.78 | sl=4351.784 | tp=4371.544 | profit=-2.47 | reason=[sl 4351.78400] | close_time=08:33:17 18/09/2026
[2026-09-18 08:33:18] POSITION_CLOSED | 🛑 SL Hit | ticket=4732311166 | side=BUY | symbol=XAUUSDm | tf=M5 | sid=21 | pattern=- | trend_filter=- | open_price=4358.279 | close_price=4352.25 | sl=4352.249 | tp=4406.519 | profit=-6.03 | reason=[sl 4352.24900] | close_time=08:33:17 18/09/2026
[2026-09-18 08:33:18] POSITION_CLOSED | 🛑 SL Hit | ticket=4732377047 | side=BUY | symbol=XAUUSDm | tf=M5 | sid=21 | pattern=- | trend_filter=- | open_price=4359.363 | close_price=4352.26 | sl=4352.255 | tp=4417.415 | profit=-7.1 | reason=[sl 4352.25500] | close_time=08:33:17 18/09/2026
[2026-09-18 08:33:18] TG_SENT | 🟢 *🛑 SL Hit* | ━━━━━━━━━━━━━━━━━ | 📊 TF: M5 | 📊 BUY XAUUSDm | 📌 เปิด: `4353.875` | 📌 ปิด: `4351.69` | 🛑 SL: `4351.685` | 🎯 TP: `4369.205` | 💬 เหตุผล: `[sl 4351.68500]` | 💸 P/L: `-2.19` USD | 🔖 Ticket: `4732202608` | 🕐 Close Time: `08:33:17 18/09/2026`
[2026-09-18 08:33:22] TG_SENT | 🟢 *🛑 SL Hit* | ━━━━━━━━━━━━━━━━━ | 📊 TF: M5 | 📊 BUY XAUUSDm | 📌 เปิด: `4354.254` | 📌 ปิด: `4351.78` | 🛑 SL: `4351.784` | 🎯 TP: `4371.544` | 💬 เหตุผล: `[sl 4351.78400]` | 💸 P/L: `-2.47` USD | 🔖 Ticket: `4732188227` | 🕐 Close Time: `08:33:17 18/09/2026`
[2026-09-18 08:33:23] POSITION_CLOSED | 🛑 SL Hit | ticket=4732221527 | side=BUY | symbol=XAUUSDm | tf=M5 | sid=21 | pattern=- | trend_filter=- | open_price=4355.337 | close_price=4351.66 | sl=4351.657 | tp=4381.097 | profit=-3.68 | reason=[sl 4351.657] | close_time=08:33:20 18/09/2026
[2026-09-18 08:33:26] TG_SENT | 🟢 *🛑 SL Hit* | ━━━━━━━━━━━━━━━━━ | 📊 TF: M5 | 📊 BUY XAUUSDm | 📌 เปิด: `4358.279` | 📌 ปิด: `4352.25` | 🛑 SL: `4352.249` | 🎯 TP: `4406.519` | 💬 เหตุผล: `[sl 4352.24900]` | 💸 P/L: `-6.03` USD | 🔖 Ticket: `4732311166` | 🕐 Close Time: `08:33:17 18/09/2026`
[2026-09-18 08:33:30] TG_SENT | 🟢 *🛑 SL Hit* | ━━━━━━━━━━━━━━━━━ | 📊 TF: M5 | 📊 BUY XAUUSDm | 📌 เปิด: `4359.363` | 📌 ปิด: `4352.26` | 🛑 SL: `4352.255` | 🎯 TP: `4417.415` | 💬 เหตุผล: `[sl 4352.25500]` | 💸 P/L: `-7.1` USD | 🔖 Ticket: `4732377047` | 🕐 Close Time: `08:33:17 18/09/2026`
[2026-09-18 08:33:34] TG_SENT | 🟢 *🛑 SL Hit* | ━━━━━━━━━━━━━━━━━ | 📊 TF: M5 | 📊 BUY XAUUSDm | 📌 เปิด: `4355.337` | 📌 ปิด: `4351.66` | 🛑 SL: `4351.657` | 🎯 TP: `4381.097` | 💬 เหตุผล: `[sl 4351.657]` | 💸 P/L: `-3.68` USD | 🔖 Ticket: `4732221527` | 🕐 Close Time: `08:33:20 18/09/2026`
[2026-09-18 08:33:38] SYMBOL_CHECK | XAUUSDm trade_mode=4 xau_open=True | trade_mode=4 | tick_time=1789695217 | bid=4352.585 | ask=4352.845 | tick_ok=True | xau_open=True | current_symbol=XAUUSDm | startup=False
[2026-09-18 08:33:38] DEMO_PORTFOLIO_SCAN | XAUUSDm open active=P18,S101,S102,S105,S106,S111,LTS_EVOLUTION9,LTS_SCREEN13
[2026-09-18 08:33:38] DEMO_PORTFOLIO_SIGNAL | LTS_SCREEN13_13 BUY lot=0.01 sl=4350.590999999999 tp=4368.031 rd=2.18 weight=1.000 scale=1.00 h=8 success=True ticket=4732400045 err=None
[2026-09-18 08:33:38] DEMO_PORTFOLIO_SCAN | XAUUSDm done active=P18,S101,S102,S105,S106,S111,LTS_EVOLUTION9,LTS_SCREEN13
[2026-09-18 08:33:39] TG_SENT | [AF SIGNAL] *📐 LTS_SCREEN13* | Leg: `LTS_SCREEN13_13 DIRECT_S419_M5` | BUY @ market lot `0.01` | SL `4350.59` TP `4368.03` | RD `2.18` H`8` | Weight `x1.000` Scale `1.00` | Ticket: `4732400045`
[2026-09-18 08:34:38] SYMBOL_CHECK | XAUUSDm trade_mode=4 xau_open=True | trade_mode=4 | tick_time=1789695278 | bid=4354.084 | ask=4354.344 | tick_ok=True | xau_open=True | current_symbol=XAUUSDm | startup=False
[2026-09-18 08:35:38] SYMBOL_CHECK | XAUUSDm trade_mode=4 xau_open=True | trade_mode=4 | tick_time=1789695338 | bid=4351.607 | ask=4351.867 | tick_ok=True | xau_open=True | current_symbol=XAUUSDm | startup=False
[2026-09-18 08:36:38] SYMBOL_CHECK | XAUUSDm trade_mode=4 xau_open=True | trade_mode=4 | tick_time=1789695398 | bid=4353.647 | ask=4353.907 | tick_ok=True | xau_open=True | current_symbol=XAUUSDm | startup=False
[2026-09-18 08:37:36] SYMBOL_CHECK | XAUUSDm trade_mode=4 xau_open=True | trade_mode=4 | tick_time=1789695457 | bid=4353.71 | ask=4353.97 | tick_ok=True | xau_open=True | current_symbol=XAUUSDm | startup=False
[2026-09-18 08:38:37] SYMBOL_CHECK | XAUUSDm trade_mode=4 xau_open=True | trade_mode=4 | tick_time=1789695518 | bid=4354.159 | ask=4354.419 | tick_ok=True | xau_open=True | current_symbol=XAUUSDm | startup=False
[2026-09-18 08:38:38] DEMO_PORTFOLIO_SCAN | XAUUSDm open active=P18,S101,S102,S105,S106,S111,LTS_EVOLUTION9,LTS_SCREEN13
[2026-09-18 08:38:39] DEMO_PORTFOLIO_SIGNAL | LTS_SCREEN13_13 BUY lot=0.01 sl=4349.554 tp=4387.554 rd=4.75 weight=1.000 scale=1.00 h=8 success=True ticket=4732419596 err=None
[2026-09-18 08:38:39] DEMO_PORTFOLIO_SCAN | XAUUSDm done active=P18,S101,S102,S105,S106,S111,LTS_EVOLUTION9,LTS_SCREEN13
[2026-09-18 08:38:40] TG_SENT | [AF SIGNAL] *📐 LTS_SCREEN13* | Leg: `LTS_SCREEN13_13 DIRECT_S419_M5` | BUY @ market lot `0.01` | SL `4349.55` TP `4387.55` | RD `4.75` H`8` | Weight `x1.000` Scale `1.00` | Ticket: `4732419596`
[2026-09-18 08:39:38] SYMBOL_CHECK | XAUUSDm trade_mode=4 xau_open=True | trade_mode=4 | tick_time=1789695578 | bid=4352.766 | ask=4353.026 | tick_ok=True | xau_open=True | current_symbol=XAUUSDm | startup=False
[2026-09-18 08:39:52] POSITION_CLOSED | 🛑 SL Hit | ticket=4732119125 | side=BUY | symbol=XAUUSDm | tf=M5 | sid=21 | pattern=- | trend_filter=- | open_price=4353.281 | close_price=4350.15 | sl=4350.151 | tp=4375.191 | profit=-3.13 | reason=[sl 4350.151] | close_time=08:39:52 18/09/2026
[2026-09-18 08:39:53] POSITION_CLOSED | 🛑 SL Hit | ticket=4732400045 | side=BUY | symbol=XAUUSDm | tf=M5 | sid=21 | pattern=- | trend_filter=- | open_price=4352.771000000001 | close_price=4350.59 | sl=4350.591 | tp=4368.031 | profit=-2.18 | reason=[sl 4350.59100] | close_time=08:39:49 18/09/2026
[2026-09-18 08:39:53] TG_SENT | 🟢 *🛑 SL Hit* | ━━━━━━━━━━━━━━━━━ | 📊 TF: M5 | 📊 BUY XAUUSDm | 📌 เปิด: `4353.281` | 📌 ปิด: `4350.15` | 🛑 SL: `4350.151` | 🎯 TP: `4375.191` | 💬 เหตุผล: `[sl 4350.151]` | 💸 P/L: `-3.13` USD | 🔖 Ticket: `4732119125` | 🕐 Close Time: `08:39:52 18/09/2026`
[2026-09-18 08:39:57] TG_SENT | 🟢 *🛑 SL Hit* | ━━━━━━━━━━━━━━━━━ | 📊 TF: M5 | 📊 BUY XAUUSDm | 📌 เปิด: `4352.771000000001` | 📌 ปิด: `4350.59` | 🛑 SL: `4350.591` | 🎯 TP: `4368.031` | 💬 เหตุผล: `[sl 4350.59100]` | 💸 P/L: `-2.18` USD | 🔖 Ticket: `4732400045` | 🕐 Close Time: `08:39:49 18/09/2026`
[2026-09-18 08:40:08] POSITION_CLOSED | 🛑 SL Hit | ticket=4732419596 | side=BUY | symbol=XAUUSDm | tf=M5 | sid=21 | pattern=- | trend_filter=- | open_price=4353.679 | close_price=4349.55 | sl=4349.554 | tp=4387.554 | profit=-4.13 | reason=[sl 4349.554] | close_time=08:40:04 18/09/2026
[2026-09-18 08:40:08] TG_SENT | 🟢 *🛑 SL Hit* | ━━━━━━━━━━━━━━━━━ | 📊 TF: M5 | 📊 BUY XAUUSDm | 📌 เปิด: `4353.679` | 📌 ปิด: `4349.55` | 🛑 SL: `4349.554` | 🎯 TP: `4387.554` | 💬 เหตุผล: `[sl 4349.554]` | 💸 P/L: `-4.13` USD | 🔖 Ticket: `4732419596` | 🕐 Close Time: `08:40:04 18/09/2026`
[2026-09-18 08:40:38] SYMBOL_CHECK | XAUUSDm trade_mode=4 xau_open=True | trade_mode=4 | tick_time=1789695638 | bid=4349.462 | ask=4349.722 | tick_ok=True | xau_open=True | current_symbol=XAUUSDm | startup=False
[2026-09-18 08:41:38] SYMBOL_CHECK | XAUUSDm trade_mode=4 xau_open=True | trade_mode=4 | tick_time=1789695698 | bid=4349.535 | ask=4349.795 | tick_ok=True | xau_open=True | current_symbol=XAUUSDm | startup=False
[2026-09-18 08:42:37] SYMBOL_CHECK | XAUUSDm trade_mode=4 xau_open=True | trade_mode=4 | tick_time=1789695758 | bid=4350.304 | ask=4350.564 | tick_ok=True | xau_open=True | current_symbol=XAUUSDm | startup=False
[2026-09-18 08:43:38] SYMBOL_CHECK | XAUUSDm trade_mode=4 xau_open=True | trade_mode=4 | tick_time=1789695817 | bid=4348.973 | ask=4349.233 | tick_ok=True | xau_open=True | current_symbol=XAUUSDm | startup=False
[2026-09-18 08:43:38] DEMO_PORTFOLIO_SCAN | XAUUSDm open active=P18,S101,S102,S105,S106,S111,LTS_EVOLUTION9,LTS_SCREEN13
[2026-09-18 08:43:38] DEMO_PORTFOLIO_SIGNAL | LTS_SCREEN13_9 BUY lot=0.01 sl=4348.096 tp=4356.375999999999 rd=0.92 weight=1.000 scale=1.00 h=8 success=True ticket=4732439830 err=None
[2026-09-18 08:43:38] DEMO_PORTFOLIO_SIGNAL | LTS_SCREEN13_13 BUY lot=0.01 sl=4347.306 tp=4360.985999999999 rd=1.71 weight=1.000 scale=1.00 h=8 success=True ticket=4732439833 err=None
[2026-09-18 08:43:38] DEMO_PORTFOLIO_SCAN | XAUUSDm done active=P18,S101,S102,S105,S106,S111,LTS_EVOLUTION9,LTS_SCREEN13
[2026-09-18 08:43:40] TG_SENT | [AF SIGNAL] *📐 LTS_SCREEN13* | Leg: `LTS_SCREEN13_9 DIRECT_S418_M5` | BUY @ market lot `0.01` | SL `4348.10` TP `4356.38` | RD `0.92` H`8` | Weight `x1.000` Scale `1.00` | Ticket: `4732439830`
[2026-09-18 08:43:44] TG_SENT | [AF SIGNAL] *📐 LTS_SCREEN13* | Leg: `LTS_SCREEN13_13 DIRECT_S419_M5` | BUY @ market lot `0.01` | SL `4347.31` TP `4360.99` | RD `1.71` H`8` | Weight `x1.000` Scale `1.00` | Ticket: `4732439833`
[2026-09-18 08:44:33] POSITION_CLOSED | 🛑 SL Hit | ticket=4732439830 | side=BUY | symbol=XAUUSDm | tf=M5 | sid=21 | pattern=- | trend_filter=- | open_price=4349.0160000000005 | close_price=4348.1 | sl=4348.096 | tp=4356.376 | profit=-0.92 | reason=[sl 4348.09600] | close_time=08:44:32 18/09/2026
[2026-09-18 08:44:34] TG_SENT | 🟢 *🛑 SL Hit* | ━━━━━━━━━━━━━━━━━ | 📊 TF: M5 | 📊 BUY XAUUSDm | 📌 เปิด: `4349.0160000000005` | 📌 ปิด: `4348.1` | 🛑 SL: `4348.096` | 🎯 TP: `4356.376` | 💬 เหตุผล: `[sl 4348.09600]` | 💸 P/L: `-0.92` USD | 🔖 Ticket: `4732439830` | 🕐 Close Time: `08:44:32 18/09/2026`
[2026-09-18 08:44:38] SYMBOL_CHECK | XAUUSDm trade_mode=4 xau_open=True | trade_mode=4 | tick_time=1789695878 | bid=4348.411 | ask=4348.671 | tick_ok=True | xau_open=True | current_symbol=XAUUSDm | startup=False
[2026-09-18 08:44:58] POSITION_CLOSED | 🛑 SL Hit | ticket=4732439833 | side=BUY | symbol=XAUUSDm | tf=M5 | sid=21 | pattern=- | trend_filter=- | open_price=4349.0160000000005 | close_price=4347.31 | sl=4347.306 | tp=4360.986 | profit=-1.71 | reason=[sl 4347.306] | close_time=08:44:58 18/09/2026
[2026-09-18 08:44:58] TG_SENT | 🟢 *🛑 SL Hit* | ━━━━━━━━━━━━━━━━━ | 📊 TF: M5 | 📊 BUY XAUUSDm | 📌 เปิด: `4349.0160000000005` | 📌 ปิด: `4347.31` | 🛑 SL: `4347.306` | 🎯 TP: `4360.986` | 💬 เหตุผล: `[sl 4347.306]` | 💸 P/L: `-1.71` USD | 🔖 Ticket: `4732439833` | 🕐 Close Time: `08:44:58 18/09/2026`
[2026-09-18 08:45:38] SYMBOL_CHECK | XAUUSDm trade_mode=4 xau_open=True | trade_mode=4 | tick_time=1789695938 | bid=4347.433 | ask=4347.693 | tick_ok=True | xau_open=True | current_symbol=XAUUSDm | startup=False
[2026-09-18 08:46:38] SYMBOL_CHECK | XAUUSDm trade_mode=4 xau_open=True | trade_mode=4 | tick_time=1789695998 | bid=4346.451 | ask=4346.711 | tick_ok=True | xau_open=True | current_symbol=XAUUSDm | startup=False
[2026-09-18 08:50:55] APP_START | Bot starting | symbol=XAUUSD | scan_interval=1
[2026-09-18 08:50:56] SYMBOL_RESOLVED | XAUUSD -> XAUUSDm | requested=XAUUSD | resolved=XAUUSDm
[2026-09-18 08:50:56] SYMBOL_CHECK | XAUUSDm trade_mode=4 xau_open=True | trade_mode=4 | tick_time=1789696257 | bid=4346.342 | ask=4346.602 | tick_ok=True | xau_open=True | current_symbol=XAUUSDm | startup=True
[2026-09-18 08:50:56] NEWS_FILTER_TRANSIENT | rate limited 429; keeping cached events=0
[2026-09-18 08:50:56] TG_SENT | ✅ *MT5 เชื่อมต่อสำเร็จ!* | ━━━━━━━━━━━━━━━━━ | 🤖 Bot เริ่มทำงาน | 💰 Account: `433881786` | 📊 Balance: `18455.82` | 📈 SYMBOL: `XAUUSDm` | ⏰ Scan ทุก 5 วินาที | 🕒 Time Mode: `MT5->BKK +6` | 🕒 MT5 Server: `UTC+1` | 🕒 Display: `BKK` | 📋 Strategy:  | 🕐 TF: M1, M5, M15, M30, H1, H4, H12, D1 |  | ♻️ *Restore state สำเร็จ* | 🗂 Saved at: `2026-09-18 08:47:08` | 📦 pending map: `0` | 📍 position tf: `0` | 📝 entry state: `0` | 📐 trail state: `0`
[2026-09-18 08:51:04] SYMBOL_CHECK | XAUUSDm trade_mode=4 xau_open=True | trade_mode=4 | tick_time=1789696264 | bid=4345.496 | ask=4345.756 | tick_ok=True | xau_open=True | current_symbol=XAUUSDm | startup=False
[2026-09-18 08:52:04] SYMBOL_CHECK | XAUUSDm trade_mode=4 xau_open=True | trade_mode=4 | tick_time=1789696324 | bid=4345.528 | ask=4345.788 | tick_ok=True | xau_open=True | current_symbol=XAUUSDm | startup=False
[2026-09-18 08:53:04] SYMBOL_CHECK | XAUUSDm trade_mode=4 xau_open=True | trade_mode=4 | tick_time=1789696385 | bid=4348.164 | ask=4348.424 | tick_ok=True | xau_open=True | current_symbol=XAUUSDm | startup=False
[2026-09-18 08:54:04] SYMBOL_CHECK | XAUUSDm trade_mode=4 xau_open=True | trade_mode=4 | tick_time=1789696445 | bid=4349.92 | ask=4350.18 | tick_ok=True | xau_open=True | current_symbol=XAUUSDm | startup=False
[2026-09-18 08:54:04] DEMO_PORTFOLIO_SCAN | XAUUSDm open active=P18,S101,S102,S105,S106,S111,LTS_EVOLUTION9,LTS_SCREEN13
[2026-09-18 08:54:12] DEMO_PORTFOLIO_SIGNAL | LTS_SCREEN13_9 BUY lot=0.01 sl=4343.099999999999 tp=4405.11 rd=6.89 weight=1.000 scale=1.00 h=7 success=True ticket=4732492270 err=None
[2026-09-18 08:54:13] DEMO_PORTFOLIO_SIGNAL | LTS_SCREEN13_13 BUY lot=0.01 sl=4342.32 tp=4403.679999999999 rd=7.67 weight=1.000 scale=1.00 h=7 success=True ticket=4732492277 err=None
[2026-09-18 08:54:13] DEMO_PORTFOLIO_SCAN | XAUUSDm done active=P18,S101,S102,S105,S106,S111,LTS_EVOLUTION9,LTS_SCREEN13
[2026-09-18 08:54:14] TG_SENT | [AF SIGNAL] *📐 LTS_SCREEN13* | Leg: `LTS_SCREEN13_9 DIRECT_S418_M5` | BUY @ market lot `0.01` | SL `4343.10` TP `4405.11` | RD `6.89` H`7` | Weight `x1.000` Scale `1.00` | Ticket: `4732492270`
[2026-09-18 08:54:17] TG_SENT | [AF SIGNAL] *📐 LTS_SCREEN13* | Leg: `LTS_SCREEN13_13 DIRECT_S419_M5` | BUY @ market lot `0.01` | SL `4342.32` TP `4403.68` | RD `7.67` H`7` | Weight `x1.000` Scale `1.00` | Ticket: `4732492277`
[2026-09-18 08:55:04] SYMBOL_CHECK | XAUUSDm trade_mode=4 xau_open=True | trade_mode=4 | tick_time=1789696504 | bid=4349.253 | ask=4349.513 | tick_ok=True | xau_open=True | current_symbol=XAUUSDm | startup=False
[2026-09-18 08:56:04] SYMBOL_CHECK | XAUUSDm trade_mode=4 xau_open=True | trade_mode=4 | tick_time=1789696565 | bid=4349.622 | ask=4349.882 | tick_ok=True | xau_open=True | current_symbol=XAUUSDm | startup=False
[2026-09-18 08:57:05] SYMBOL_CHECK | XAUUSDm trade_mode=4 xau_open=True | trade_mode=4 | tick_time=1789696625 | bid=4348.711 | ask=4348.971 | tick_ok=True | xau_open=True | current_symbol=XAUUSDm | startup=False
[2026-09-18 08:58:05] SYMBOL_CHECK | XAUUSDm trade_mode=4 xau_open=True | trade_mode=4 | tick_time=1789696685 | bid=4349.557 | ask=4349.817 | tick_ok=True | xau_open=True | current_symbol=XAUUSDm | startup=False
[2026-09-18 08:59:05] SYMBOL_CHECK | XAUUSDm trade_mode=4 xau_open=True | trade_mode=4 | tick_time=1789696745 | bid=4349.922 | ask=4350.182 | tick_ok=True | xau_open=True | current_symbol=XAUUSDm | startup=False
[2026-09-18 08:59:05] DEMO_PORTFOLIO_SCAN | XAUUSDm open active=P18,S101,S102,S105,S106,S111,LTS_EVOLUTION9,LTS_SCREEN13
[2026-09-18 08:59:05] DEMO_PORTFOLIO_SIGNAL | LTS_SCREEN13_9 BUY lot=0.01 sl=4343.442 tp=4404.102 rd=6.74 weight=1.000 scale=1.00 h=8 success=True ticket=4732506009 err=None
[2026-09-18 08:59:05] DEMO_PORTFOLIO_SIGNAL | LTS_SCREEN13_13 BUY lot=0.01 sl=4342.612 tp=4403.172 rd=7.57 weight=1.000 scale=1.00 h=8 success=True ticket=4732506013 err=None
[2026-09-18 08:59:05] DEMO_PORTFOLIO_SCAN | XAUUSDm done active=P18,S101,S102,S105,S106,S111,LTS_EVOLUTION9,LTS_SCREEN13
[2026-09-18 08:59:06] TG_SENT | [AF SIGNAL] *📐 LTS_SCREEN13* | Leg: `LTS_SCREEN13_9 DIRECT_S418_M5` | BUY @ market lot `0.01` | SL `4343.44` TP `4404.10` | RD `6.74` H`8` | Weight `x1.000` Scale `1.00` | Ticket: `4732506009`
[2026-09-18 08:59:11] TG_SENT | [AF SIGNAL] *📐 LTS_SCREEN13* | Leg: `LTS_SCREEN13_13 DIRECT_S419_M5` | BUY @ market lot `0.01` | SL `4342.61` TP `4403.17` | RD `7.57` H`8` | Weight `x1.000` Scale `1.00` | Ticket: `4732506013`
[2026-09-18 09:00:04] SYMBOL_CHECK | XAUUSDm trade_mode=4 xau_open=True | trade_mode=4 | tick_time=1789696804 | bid=4348.691 | ask=4348.951 | tick_ok=True | xau_open=True | current_symbol=XAUUSDm | startup=False
[2026-09-18 09:01:04] SYMBOL_CHECK | XAUUSDm trade_mode=4 xau_open=True | trade_mode=4 | tick_time=1789696864 | bid=4346.695 | ask=4346.955 | tick_ok=True | xau_open=True | current_symbol=XAUUSDm | startup=False
[2026-09-18 09:02:04] SYMBOL_CHECK | XAUUSDm trade_mode=4 xau_open=True | trade_mode=4 | tick_time=1789696925 | bid=4346.101 | ask=4346.361 | tick_ok=True | xau_open=True | current_symbol=XAUUSDm | startup=False
[2026-09-18 09:03:04] SYMBOL_CHECK | XAUUSDm trade_mode=4 xau_open=True | trade_mode=4 | tick_time=1789696985 | bid=4348.302 | ask=4348.562 | tick_ok=True | xau_open=True | current_symbol=XAUUSDm | startup=False
[2026-09-18 09:04:04] SYMBOL_CHECK | XAUUSDm trade_mode=4 xau_open=True | trade_mode=4 | tick_time=1789697044 | bid=4348.132 | ask=4348.392 | tick_ok=True | xau_open=True | current_symbol=XAUUSDm | startup=False
[2026-09-18 09:04:04] DEMO_PORTFOLIO_SCAN | XAUUSDm open active=P18,S101,S102,S105,S106,S111,LTS_EVOLUTION9,LTS_SCREEN13
[2026-09-18 09:04:04] DEMO_PORTFOLIO_SIGNAL | LTS_SCREEN13_9 BUY lot=0.01 sl=4343.472 tp=4387.7519999999995 rd=4.92 weight=1.000 scale=1.00 h=9 success=True ticket=4732525187 err=None
[2026-09-18 09:04:04] DEMO_PORTFOLIO_SIGNAL | LTS_SCREEN13_13 BUY lot=0.01 sl=4344.682 tp=4374.362 rd=3.71 weight=1.000 scale=1.00 h=9 success=True ticket=4732525190 err=None
[2026-09-18 09:04:04] DEMO_PORTFOLIO_SCAN | XAUUSDm done active=P18,S101,S102,S105,S106,S111,LTS_EVOLUTION9,LTS_SCREEN13
[2026-09-18 09:04:06] TG_SENT | [AF SIGNAL] *📐 LTS_SCREEN13* | Leg: `LTS_SCREEN13_9 DIRECT_S418_M5` | BUY @ market lot `0.01` | SL `4343.47` TP `4387.75` | RD `4.92` H`9` | Weight `x1.000` Scale `1.00` | Ticket: `4732525187`
[2026-09-18 09:04:11] TG_SENT | [AF SIGNAL] *📐 LTS_SCREEN13* | Leg: `LTS_SCREEN13_13 DIRECT_S419_M5` | BUY @ market lot `0.01` | SL `4344.68` TP `4374.36` | RD `3.71` H`9` | Weight `x1.000` Scale `1.00` | Ticket: `4732525190`
[2026-09-18 09:05:03] SYMBOL_CHECK | XAUUSDm trade_mode=4 xau_open=True | trade_mode=4 | tick_time=1789697105 | bid=4348.853 | ask=4349.113 | tick_ok=True | xau_open=True | current_symbol=XAUUSDm | startup=False
[2026-09-18 09:06:04] SYMBOL_CHECK | XAUUSDm trade_mode=4 xau_open=True | trade_mode=4 | tick_time=1789697165 | bid=4349.291 | ask=4349.551 | tick_ok=True | xau_open=True | current_symbol=XAUUSDm | startup=False
[2026-09-18 09:07:04] SYMBOL_CHECK | XAUUSDm trade_mode=4 xau_open=True | trade_mode=4 | tick_time=1789697224 | bid=4348.653 | ask=4348.913 | tick_ok=True | xau_open=True | current_symbol=XAUUSDm | startup=False
[2026-09-18 09:08:04] SYMBOL_CHECK | XAUUSDm trade_mode=4 xau_open=True | trade_mode=4 | tick_time=1789697284 | bid=4350.27 | ask=4350.53 | tick_ok=True | xau_open=True | current_symbol=XAUUSDm | startup=False
[2026-09-18 09:09:04] SYMBOL_CHECK | XAUUSDm trade_mode=4 xau_open=True | trade_mode=4 | tick_time=1789697344 | bid=4350.666 | ask=4350.926 | tick_ok=True | xau_open=True | current_symbol=XAUUSDm | startup=False
[2026-09-18 09:09:04] DEMO_PORTFOLIO_SCAN | XAUUSDm open active=P18,S101,S102,S105,S106,S111,LTS_EVOLUTION9,LTS_SCREEN13
[2026-09-18 09:09:04] DEMO_PORTFOLIO_SIGNAL | LTS_SCREEN13_13 BUY lot=0.01 sl=4344.671 tp=4396.911 rd=6.53 weight=1.000 scale=1.00 h=9 success=True ticket=4732543984 err=None
[2026-09-18 09:09:04] DEMO_PORTFOLIO_SCAN | XAUUSDm done active=P18,S101,S102,S105,S106,S111,LTS_EVOLUTION9,LTS_SCREEN13
[2026-09-18 09:09:05] TG_SENT | [AF SIGNAL] *📐 LTS_SCREEN13* | Leg: `LTS_SCREEN13_13 DIRECT_S419_M5` | BUY @ market lot `0.01` | SL `4344.67` TP `4396.91` | RD `6.53` H`9` | Weight `x1.000` Scale `1.00` | Ticket: `4732543984`
[2026-09-18 09:10:04] SYMBOL_CHECK | XAUUSDm trade_mode=4 xau_open=True | trade_mode=4 | tick_time=1789697405 | bid=4348.76 | ask=4349.02 | tick_ok=True | xau_open=True | current_symbol=XAUUSDm | startup=False
[2026-09-18 09:11:04] SYMBOL_CHECK | XAUUSDm trade_mode=4 xau_open=True | trade_mode=4 | tick_time=1789697465 | bid=4347.149 | ask=4347.409 | tick_ok=True | xau_open=True | current_symbol=XAUUSDm | startup=False
[2026-09-18 09:12:05] SYMBOL_CHECK | XAUUSDm trade_mode=4 xau_open=True | trade_mode=4 | tick_time=1789697525 | bid=4349.784 | ask=4350.044 | tick_ok=True | xau_open=True | current_symbol=XAUUSDm | startup=False
[2026-09-18 09:13:04] SYMBOL_CHECK | XAUUSDm trade_mode=4 xau_open=True | trade_mode=4 | tick_time=1789697585 | bid=4349.875 | ask=4350.135 | tick_ok=True | xau_open=True | current_symbol=XAUUSDm | startup=False
[2026-09-18 09:14:04] SYMBOL_CHECK | XAUUSDm trade_mode=4 xau_open=True | trade_mode=4 | tick_time=1789697645 | bid=4351.315 | ask=4351.575 | tick_ok=True | xau_open=True | current_symbol=XAUUSDm | startup=False
[2026-09-18 09:14:04] DEMO_PORTFOLIO_SCAN | XAUUSDm open active=P18,S101,S102,S105,S106,S111,LTS_EVOLUTION9,LTS_SCREEN13
[2026-09-18 09:14:04] DEMO_PORTFOLIO_SIGNAL | LTS_SCREEN13_13 BUY lot=0.01 sl=4346.025 tp=4390.424999999999 rd=5.55 weight=1.000 scale=1.00 h=9 success=True ticket=4732569281 err=None
[2026-09-18 09:14:04] DEMO_PORTFOLIO_SCAN | XAUUSDm done active=P18,S101,S102,S105,S106,S111,LTS_EVOLUTION9,LTS_SCREEN13
[2026-09-18 09:14:05] TG_SENT | [AF SIGNAL] *📐 LTS_SCREEN13* | Leg: `LTS_SCREEN13_13 DIRECT_S419_M5` | BUY @ market lot `0.01` | SL `4346.02` TP `4390.42` | RD `5.55` H`9` | Weight `x1.000` Scale `1.00` | Ticket: `4732569281`
[2026-09-18 09:15:04] SYMBOL_CHECK | XAUUSDm trade_mode=4 xau_open=True | trade_mode=4 | tick_time=1789697705 | bid=4350.639 | ask=4350.899 | tick_ok=True | xau_open=True | current_symbol=XAUUSDm | startup=False
[2026-09-18 09:16:04] SYMBOL_CHECK | XAUUSDm trade_mode=4 xau_open=True | trade_mode=4 | tick_time=1789697765 | bid=4352.141 | ask=4352.401 | tick_ok=True | xau_open=True | current_symbol=XAUUSDm | startup=False
[2026-09-18 09:17:04] SYMBOL_CHECK | XAUUSDm trade_mode=4 xau_open=True | trade_mode=4 | tick_time=1789697825 | bid=4352.329 | ask=4352.589 | tick_ok=True | xau_open=True | current_symbol=XAUUSDm | startup=False
[2026-09-18 09:18:04] SYMBOL_CHECK | XAUUSDm trade_mode=4 xau_open=True | trade_mode=4 | tick_time=1789697884 | bid=4350.747 | ask=4351.007 | tick_ok=True | xau_open=True | current_symbol=XAUUSDm | startup=False
[2026-09-18 09:19:04] SYMBOL_CHECK | XAUUSDm trade_mode=4 xau_open=True | trade_mode=4 | tick_time=1789697944 | bid=4349.637 | ask=4349.897 | tick_ok=True | xau_open=True | current_symbol=XAUUSDm | startup=False
[2026-09-18 09:19:04] DEMO_PORTFOLIO_SCAN | XAUUSDm open active=P18,S101,S102,S105,S106,S111,LTS_EVOLUTION9,LTS_SCREEN13
[2026-09-18 09:19:04] DEMO_PORTFOLIO_SIGNAL | LTS_SCREEN13_9 BUY lot=0.01 sl=4343.4980000000005 tp=4403.078 rd=6.62 weight=1.000 scale=1.00 h=9 success=True ticket=4732592756 err=None
[2026-09-18 09:19:04] DEMO_PORTFOLIO_SIGNAL | LTS_SCREEN13_13 BUY lot=0.01 sl=4346.078 tp=4378.398000000001 rd=4.04 weight=1.000 scale=1.00 h=9 success=True ticket=4732592765 err=None
[2026-09-18 09:19:04] DEMO_PORTFOLIO_SCAN | XAUUSDm done active=P18,S101,S102,S105,S106,S111,LTS_EVOLUTION9,LTS_SCREEN13
[2026-09-18 09:19:05] TG_SENT | [AF SIGNAL] *📐 LTS_SCREEN13* | Leg: `LTS_SCREEN13_9 DIRECT_S418_M5` | BUY @ market lot `0.01` | SL `4343.50` TP `4403.08` | RD `6.62` H`9` | Weight `x1.000` Scale `1.00` | Ticket: `4732592756`
[2026-09-18 09:19:09] TG_SENT | [AF SIGNAL] *📐 LTS_SCREEN13* | Leg: `LTS_SCREEN13_13 DIRECT_S419_M5` | BUY @ market lot `0.01` | SL `4346.08` TP `4378.40` | RD `4.04` H`9` | Weight `x1.000` Scale `1.00` | Ticket: `4732592765`
[2026-09-18 09:20:05] SYMBOL_CHECK | XAUUSDm trade_mode=4 xau_open=True | trade_mode=4 | tick_time=1789698005 | bid=4348.819 | ask=4349.079 | tick_ok=True | xau_open=True | current_symbol=XAUUSDm | startup=False
[2026-09-18 09:21:04] SYMBOL_CHECK | XAUUSDm trade_mode=4 xau_open=True | trade_mode=4 | tick_time=1789698065 | bid=4348.323 | ask=4348.583 | tick_ok=True | xau_open=True | current_symbol=XAUUSDm | startup=False
[2026-09-18 09:22:05] SYMBOL_CHECK | XAUUSDm trade_mode=4 xau_open=True | trade_mode=4 | tick_time=1789698125 | bid=4350.416 | ask=4350.676 | tick_ok=True | xau_open=True | current_symbol=XAUUSDm | startup=False
[2026-09-18 09:23:04] SYMBOL_CHECK | XAUUSDm trade_mode=4 xau_open=True | trade_mode=4 | tick_time=1789698185 | bid=4349.81 | ask=4350.07 | tick_ok=True | xau_open=True | current_symbol=XAUUSDm | startup=False
[2026-09-18 09:24:05] SYMBOL_CHECK | XAUUSDm trade_mode=4 xau_open=True | trade_mode=4 | tick_time=1789698245 | bid=4351.246 | ask=4351.506 | tick_ok=True | xau_open=True | current_symbol=XAUUSDm | startup=False
[2026-09-18 09:24:05] DEMO_PORTFOLIO_SCAN | XAUUSDm open active=P18,S101,S102,S105,S106,S111,LTS_EVOLUTION9,LTS_SCREEN13
[2026-09-18 09:24:05] DEMO_PORTFOLIO_SIGNAL | LTS_SCREEN13_13 BUY lot=0.01 sl=4346.986 tp=4383.146000000001 rd=4.52 weight=1.000 scale=1.00 h=9 success=True ticket=4732608620 err=None
[2026-09-18 09:24:05] DEMO_PORTFOLIO_SCAN | XAUUSDm done active=P18,S101,S102,S105,S106,S111,LTS_EVOLUTION9,LTS_SCREEN13
[2026-09-18 09:24:06] TG_SENT | [AF SIGNAL] *📐 LTS_SCREEN13* | Leg: `LTS_SCREEN13_13 DIRECT_S419_M5` | BUY @ market lot `0.01` | SL `4346.99` TP `4383.15` | RD `4.52` H`9` | Weight `x1.000` Scale `1.00` | Ticket: `4732608620`
[2026-09-18 09:25:02] SYMBOL_CHECK | XAUUSDm trade_mode=4 xau_open=True | trade_mode=4 | tick_time=1789698304 | bid=4352.071 | ask=4352.331 | tick_ok=True | xau_open=True | current_symbol=XAUUSDm | startup=False
[2026-09-18 09:26:04] SYMBOL_CHECK | XAUUSDm trade_mode=4 xau_open=True | trade_mode=4 | tick_time=1789698365 | bid=4352.053 | ask=4352.313 | tick_ok=True | xau_open=True | current_symbol=XAUUSDm | startup=False
[2026-09-18 09:27:04] SYMBOL_CHECK | XAUUSDm trade_mode=4 xau_open=True | trade_mode=4 | tick_time=1789698425 | bid=4352.758 | ask=4353.018 | tick_ok=True | xau_open=True | current_symbol=XAUUSDm | startup=False
[2026-09-18 09:28:05] SYMBOL_CHECK | XAUUSDm trade_mode=4 xau_open=True | trade_mode=4 | tick_time=1789698484 | bid=4353.224 | ask=4353.484 | tick_ok=True | xau_open=True | current_symbol=XAUUSDm | startup=False
[2026-09-18 09:29:04] SYMBOL_CHECK | XAUUSDm trade_mode=4 xau_open=True | trade_mode=4 | tick_time=1789698544 | bid=4352.431 | ask=4352.691 | tick_ok=True | xau_open=True | current_symbol=XAUUSDm | startup=False
[2026-09-18 09:29:04] DEMO_PORTFOLIO_SCAN | XAUUSDm open active=P18,S101,S102,S105,S106,S111,LTS_EVOLUTION9,LTS_SCREEN13
[2026-09-18 09:29:04] DEMO_PORTFOLIO_SIGNAL | LTS_SCREEN13_13 BUY lot=0.01 sl=4346.990999999999 tp=4392.590999999999 rd=5.70 weight=1.000 scale=1.00 h=9 success=True ticket=4732625007 err=None
[2026-09-18 09:29:04] DEMO_PORTFOLIO_SCAN | XAUUSDm done active=P18,S101,S102,S105,S106,S111,LTS_EVOLUTION9,LTS_SCREEN13
[2026-09-18 09:29:05] TG_SENT | [AF SIGNAL] *📐 LTS_SCREEN13* | Leg: `LTS_SCREEN13_13 DIRECT_S419_M5` | BUY @ market lot `0.01` | SL `4346.99` TP `4392.59` | RD `5.70` H`9` | Weight `x1.000` Scale `1.00` | Ticket: `4732625007`
[2026-09-18 09:30:05] SYMBOL_CHECK | XAUUSDm trade_mode=4 xau_open=True | trade_mode=4 | tick_time=1789698605 | bid=4352.769 | ask=4353.029 | tick_ok=True | xau_open=True | current_symbol=XAUUSDm | startup=False
[2026-09-18 09:31:04] SYMBOL_CHECK | XAUUSDm trade_mode=4 xau_open=True | trade_mode=4 | tick_time=1789698664 | bid=4354.379 | ask=4354.639 | tick_ok=True | xau_open=True | current_symbol=XAUUSDm | startup=False
[2026-09-18 09:32:04] SYMBOL_CHECK | XAUUSDm trade_mode=4 xau_open=True | trade_mode=4 | tick_time=1789698725 | bid=4355.321 | ask=4355.581 | tick_ok=True | xau_open=True | current_symbol=XAUUSDm | startup=False
[2026-09-18 09:33:05] SYMBOL_CHECK | XAUUSDm trade_mode=4 xau_open=True | trade_mode=4 | tick_time=1789698784 | bid=4355.55 | ask=4355.81 | tick_ok=True | xau_open=True | current_symbol=XAUUSDm | startup=False
[2026-09-18 09:34:04] SYMBOL_CHECK | XAUUSDm trade_mode=4 xau_open=True | trade_mode=4 | tick_time=1789698844 | bid=4356.361 | ask=4356.621 | tick_ok=True | xau_open=True | current_symbol=XAUUSDm | startup=False
[2026-09-18 09:34:04] DEMO_PORTFOLIO_SCAN | XAUUSDm open active=P18,S101,S102,S105,S106,S111,LTS_EVOLUTION9,LTS_SCREEN13
[2026-09-18 09:34:05] DEMO_PORTFOLIO_SIGNAL | LTS_SCREEN13_9 SELL lot=0.01 sl=4357.061000000001 tp=4350.761 rd=0.70 weight=1.000 scale=1.00 h=9 success=True ticket=4732651304 err=None
[2026-09-18 09:34:05] DEMO_PORTFOLIO_SIGNAL | LTS_SCREEN13_13 BUY lot=0.01 sl=4350.481000000001 tp=4399.601000000001 rd=6.14 weight=1.000 scale=1.00 h=9 success=True ticket=4732651308 err=None
[2026-09-18 09:34:05] DEMO_PORTFOLIO_SCAN | XAUUSDm done active=P18,S101,S102,S105,S106,S111,LTS_EVOLUTION9,LTS_SCREEN13
[2026-09-18 09:34:07] TG_SENT | [AF SIGNAL] *📐 LTS_SCREEN13* | Leg: `LTS_SCREEN13_9 DIRECT_S418_M5` | SELL @ market lot `0.01` | SL `4357.06` TP `4350.76` | RD `0.70` H`9` | Weight `x1.000` Scale `1.00` | Ticket: `4732651304`
[2026-09-18 09:34:10] TG_SENT | [AF SIGNAL] *📐 LTS_SCREEN13* | Leg: `LTS_SCREEN13_13 DIRECT_S419_M5` | BUY @ market lot `0.01` | SL `4350.48` TP `4399.60` | RD `6.14` H`9` | Weight `x1.000` Scale `1.00` | Ticket: `4732651308`
[2026-09-18 09:35:04] SYMBOL_CHECK | XAUUSDm trade_mode=4 xau_open=True | trade_mode=4 | tick_time=1789698905 | bid=4356.288 | ask=4356.548 | tick_ok=True | xau_open=True | current_symbol=XAUUSDm | startup=False
[2026-09-18 09:36:04] SYMBOL_CHECK | XAUUSDm trade_mode=4 xau_open=True | trade_mode=4 | tick_time=1789698965 | bid=4355.309 | ask=4355.569 | tick_ok=True | xau_open=True | current_symbol=XAUUSDm | startup=False
[2026-09-18 09:37:04] SYMBOL_CHECK | XAUUSDm trade_mode=4 xau_open=True | trade_mode=4 | tick_time=1789699024 | bid=4354.636 | ask=4354.896 | tick_ok=True | xau_open=True | current_symbol=XAUUSDm | startup=False
[2026-09-18 09:38:04] SYMBOL_CHECK | XAUUSDm trade_mode=4 xau_open=True | trade_mode=4 | tick_time=1789699085 | bid=4352.269 | ask=4352.529 | tick_ok=True | xau_open=True | current_symbol=XAUUSDm | startup=False
[2026-09-18 09:38:20] POSITION_CLOSED | 🎯 TP Hit | ticket=4732651304 | side=SELL | symbol=XAUUSDm | tf=M5 | sid=21 | pattern=- | trend_filter=- | open_price=4356.361 | close_price=4350.76 | sl=4357.061 | tp=4350.761 | profit=5.6 | reason=[tp 4350.76100] | close_time=09:38:17 18/09/2026
[2026-09-18 09:38:20] POSITION_CLOSED | 🛑 SL Hit | ticket=4732651308 | side=BUY | symbol=XAUUSDm | tf=M5 | sid=21 | pattern=- | trend_filter=- | open_price=4356.621 | close_price=4350.48 | sl=4350.481 | tp=4399.601 | profit=-6.14 | reason=[sl 4350.48100] | close_time=09:38:19 18/09/2026
[2026-09-18 09:38:21] TG_SENT | 🔴 *🎯 TP Hit* | ━━━━━━━━━━━━━━━━━ | 📊 TF: M5 | 📊 SELL XAUUSDm | 📌 เปิด: `4356.361` | 📌 ปิด: `4350.76` | 🛑 SL: `4357.061` | 🎯 TP: `4350.761` | 💬 เหตุผล: `[tp 4350.76100]` | 💰 P/L: `5.6` USD | 🔖 Ticket: `4732651304` | 🕐 Close Time: `09:38:17 18/09/2026`
[2026-09-18 09:38:26] TG_SENT | 🟢 *🛑 SL Hit* | ━━━━━━━━━━━━━━━━━ | 📊 TF: M5 | 📊 BUY XAUUSDm | 📌 เปิด: `4356.621` | 📌 ปิด: `4350.48` | 🛑 SL: `4350.481` | 🎯 TP: `4399.601` | 💬 เหตุผล: `[sl 4350.48100]` | 💸 P/L: `-6.14` USD | 🔖 Ticket: `4732651308` | 🕐 Close Time: `09:38:19 18/09/2026`
[2026-09-18 09:39:04] SYMBOL_CHECK | XAUUSDm trade_mode=4 xau_open=True | trade_mode=4 | tick_time=1789699144 | bid=4350.655 | ask=4350.915 | tick_ok=True | xau_open=True | current_symbol=XAUUSDm | startup=False
[2026-09-18 09:39:04] DEMO_PORTFOLIO_SCAN | XAUUSDm open active=P18,S101,S102,S105,S106,S111,LTS_EVOLUTION9,LTS_SCREEN13
[2026-09-18 09:39:04] DEMO_PORTFOLIO_SIGNAL | LTS_SCREEN13_9 BUY lot=0.01 sl=4345.525000000001 tp=4394.035000000001 rd=5.39 weight=1.000 scale=1.00 h=9 success=True ticket=4732675295 err=None
[2026-09-18 09:39:04] DEMO_PORTFOLIO_SIGNAL | LTS_SCREEN13_13 BUY lot=0.01 sl=4349.383000000001 tp=4360.823 rd=1.43 weight=1.000 scale=1.00 h=9 success=True ticket=4732675326 err=None
[2026-09-18 09:39:04] DEMO_PORTFOLIO_SCAN | XAUUSDm done active=P18,S101,S102,S105,S106,S111,LTS_EVOLUTION9,LTS_SCREEN13
[2026-09-18 09:39:05] TG_SENT | [AF SIGNAL] *📐 LTS_SCREEN13* | Leg: `LTS_SCREEN13_9 DIRECT_S418_M5` | BUY @ market lot `0.01` | SL `4345.53` TP `4394.04` | RD `5.39` H`9` | Weight `x1.000` Scale `1.00` | Ticket: `4732675295`
[2026-09-18 09:39:09] TG_SENT | [AF SIGNAL] *📐 LTS_SCREEN13* | Leg: `LTS_SCREEN13_13 DIRECT_S419_M5` | BUY @ market lot `0.01` | SL `4349.38` TP `4360.82` | RD `1.43` H`9` | Weight `x1.000` Scale `1.00` | Ticket: `4732675326`
[2026-09-18 09:40:04] SYMBOL_CHECK | XAUUSDm trade_mode=4 xau_open=True | trade_mode=4 | tick_time=1789699204 | bid=4352.608 | ask=4352.868 | tick_ok=True | xau_open=True | current_symbol=XAUUSDm | startup=False
[2026-09-18 09:41:04] SYMBOL_CHECK | XAUUSDm trade_mode=4 xau_open=True | trade_mode=4 | tick_time=1789699265 | bid=4352.544 | ask=4352.804 | tick_ok=True | xau_open=True | current_symbol=XAUUSDm | startup=False
[2026-09-18 09:42:05] SYMBOL_CHECK | XAUUSDm trade_mode=4 xau_open=True | trade_mode=4 | tick_time=1789699325 | bid=4352.626 | ask=4352.886 | tick_ok=True | xau_open=True | current_symbol=XAUUSDm | startup=False
[2026-09-18 09:43:04] SYMBOL_CHECK | XAUUSDm trade_mode=4 xau_open=True | trade_mode=4 | tick_time=1789699385 | bid=4351.767 | ask=4352.027 | tick_ok=True | xau_open=True | current_symbol=XAUUSDm | startup=False
[2026-09-18 09:44:04] SYMBOL_CHECK | XAUUSDm trade_mode=4 xau_open=True | trade_mode=4 | tick_time=1789699445 | bid=4351.776 | ask=4352.036 | tick_ok=True | xau_open=True | current_symbol=XAUUSDm | startup=False
[2026-09-18 09:44:04] DEMO_PORTFOLIO_SCAN | XAUUSDm open active=P18,S101,S102,S105,S106,S111,LTS_EVOLUTION9,LTS_SCREEN13
[2026-09-18 09:44:04] DEMO_PORTFOLIO_SIGNAL | LTS_SCREEN13_9 BUY lot=0.01 sl=4345.506 tp=4404.276000000001 rd=6.53 weight=1.000 scale=1.00 h=9 success=True ticket=4732691484 err=None
[2026-09-18 09:44:04] DEMO_PORTFOLIO_SIGNAL | LTS_SCREEN13_13 BUY lot=0.01 sl=4349.256 tp=4371.496 rd=2.78 weight=1.000 scale=1.00 h=9 success=True ticket=4732691488 err=None
[2026-09-18 09:44:04] DEMO_PORTFOLIO_SCAN | XAUUSDm done active=P18,S101,S102,S105,S106,S111,LTS_EVOLUTION9,LTS_SCREEN13
[2026-09-18 09:44:05] TG_SENT | [AF SIGNAL] *📐 LTS_SCREEN13* | Leg: `LTS_SCREEN13_9 DIRECT_S418_M5` | BUY @ market lot `0.01` | SL `4345.51` TP `4404.28` | RD `6.53` H`9` | Weight `x1.000` Scale `1.00` | Ticket: `4732691484`
[2026-09-18 09:44:10] TG_SENT | [AF SIGNAL] *📐 LTS_SCREEN13* | Leg: `LTS_SCREEN13_13 DIRECT_S419_M5` | BUY @ market lot `0.01` | SL `4349.26` TP `4371.50` | RD `2.78` H`9` | Weight `x1.000` Scale `1.00` | Ticket: `4732691488`
[2026-09-18 09:45:03] SYMBOL_CHECK | XAUUSDm trade_mode=4 xau_open=True | trade_mode=4 | tick_time=1789699505 | bid=4350.625 | ask=4350.885 | tick_ok=True | xau_open=True | current_symbol=XAUUSDm | startup=False
[2026-09-18 09:46:03] SYMBOL_CHECK | XAUUSDm trade_mode=4 xau_open=True | trade_mode=4 | tick_time=1789699564 | bid=4351.793 | ask=4352.053 | tick_ok=True | xau_open=True | current_symbol=XAUUSDm | startup=False
[2026-09-18 09:47:04] SYMBOL_CHECK | XAUUSDm trade_mode=4 xau_open=True | trade_mode=4 | tick_time=1789699625 | bid=4354.367 | ask=4354.627 | tick_ok=True | xau_open=True | current_symbol=XAUUSDm | startup=False
[2026-09-18 09:48:05] SYMBOL_CHECK | XAUUSDm trade_mode=4 xau_open=True | trade_mode=4 | tick_time=1789699685 | bid=4354.686 | ask=4354.946 | tick_ok=True | xau_open=True | current_symbol=XAUUSDm | startup=False
[2026-09-18 09:49:05] SYMBOL_CHECK | XAUUSDm trade_mode=4 xau_open=True | trade_mode=4 | tick_time=1789699745 | bid=4355.263 | ask=4355.523 | tick_ok=True | xau_open=True | current_symbol=XAUUSDm | startup=False
[2026-09-18 09:49:05] DEMO_PORTFOLIO_SCAN | XAUUSDm open active=P18,S101,S102,S105,S106,S111,LTS_EVOLUTION9,LTS_SCREEN13
[2026-09-18 09:49:05] DEMO_PORTFOLIO_SIGNAL | LTS_SCREEN13_9 SELL lot=0.01 sl=4357.038 tp=4341.378 rd=1.74 weight=1.000 scale=1.00 h=9 success=True ticket=4732713141 err=None
[2026-09-18 09:49:05] DEMO_PORTFOLIO_SIGNAL | LTS_SCREEN13_13 BUY lot=0.01 sl=4349.288 tp=4399.447999999999 rd=6.27 weight=1.000 scale=1.00 h=9 success=True ticket=4732713155 err=None
[2026-09-18 09:49:05] DEMO_PORTFOLIO_SCAN | XAUUSDm done active=P18,S101,S102,S105,S106,S111,LTS_EVOLUTION9,LTS_SCREEN13
[2026-09-18 09:49:07] TG_SENT | [AF SIGNAL] *📐 LTS_SCREEN13* | Leg: `LTS_SCREEN13_9 DIRECT_S418_M5` | SELL @ market lot `0.01` | SL `4357.04` TP `4341.38` | RD `1.74` H`9` | Weight `x1.000` Scale `1.00` | Ticket: `4732713141`
[2026-09-18 09:49:11] TG_SENT | [AF SIGNAL] *📐 LTS_SCREEN13* | Leg: `LTS_SCREEN13_13 DIRECT_S419_M5` | BUY @ market lot `0.01` | SL `4349.29` TP `4399.45` | RD `6.27` H`9` | Weight `x1.000` Scale `1.00` | Ticket: `4732713155`
[2026-09-18 09:50:05] SYMBOL_CHECK | XAUUSDm trade_mode=4 xau_open=True | trade_mode=4 | tick_time=1789699804 | bid=4354.286 | ask=4354.546 | tick_ok=True | xau_open=True | current_symbol=XAUUSDm | startup=False
[2026-09-18 09:51:05] SYMBOL_CHECK | XAUUSDm trade_mode=4 xau_open=True | trade_mode=4 | tick_time=1789699865 | bid=4355.009 | ask=4355.269 | tick_ok=True | xau_open=True | current_symbol=XAUUSDm | startup=False
[2026-09-18 09:52:05] SYMBOL_CHECK | XAUUSDm trade_mode=4 xau_open=True | trade_mode=4 | tick_time=1789699925 | bid=4353.943 | ask=4354.203 | tick_ok=True | xau_open=True | current_symbol=XAUUSDm | startup=False
[2026-09-18 09:53:04] SYMBOL_CHECK | XAUUSDm trade_mode=4 xau_open=True | trade_mode=4 | tick_time=1789699985 | bid=4352.926 | ask=4353.186 | tick_ok=True | xau_open=True | current_symbol=XAUUSDm | startup=False
[2026-09-18 09:54:04] SYMBOL_CHECK | XAUUSDm trade_mode=4 xau_open=True | trade_mode=4 | tick_time=1789700045 | bid=4352.706 | ask=4352.966 | tick_ok=True | xau_open=True | current_symbol=XAUUSDm | startup=False
[2026-09-18 09:54:05] DEMO_PORTFOLIO_SCAN | XAUUSDm open active=P18,S101,S102,S105,S106,S111,LTS_EVOLUTION9,LTS_SCREEN13
[2026-09-18 09:54:05] DEMO_PORTFOLIO_SIGNAL | LTS_SCREEN13_13 BUY lot=0.01 sl=4349.2660000000005 tp=4378.866 rd=3.70 weight=1.000 scale=1.00 h=9 success=True ticket=4732728767 err=None
[2026-09-18 09:54:05] DEMO_PORTFOLIO_SCAN | XAUUSDm done active=P18,S101,S102,S105,S106,S111,LTS_EVOLUTION9,LTS_SCREEN13
[2026-09-18 09:54:06] TG_SENT | [AF SIGNAL] *📐 LTS_SCREEN13* | Leg: `LTS_SCREEN13_13 DIRECT_S419_M5` | BUY @ market lot `0.01` | SL `4349.27` TP `4378.87` | RD `3.70` H`9` | Weight `x1.000` Scale `1.00` | Ticket: `4732728767`
[2026-09-18 09:54:24] POSITION_CLOSED | 🛑 SL Hit | ticket=4732691488 | side=BUY | symbol=XAUUSDm | tf=M5 | sid=21 | pattern=- | trend_filter=- | open_price=4352.036 | close_price=4349.26 | sl=4349.256 | tp=4371.496 | profit=-2.78 | reason=[sl 4349.256] | close_time=09:54:21 18/09/2026
[2026-09-18 09:54:24] POSITION_CLOSED | 🛑 SL Hit | ticket=4732713155 | side=BUY | symbol=XAUUSDm | tf=M5 | sid=21 | pattern=- | trend_filter=- | open_price=4355.558 | close_price=4349.29 | sl=4349.288 | tp=4399.448 | profit=-6.27 | reason=[sl 4349.28800] | close_time=09:54:21 18/09/2026
[2026-09-18 09:54:24] POSITION_CLOSED | 🛑 SL Hit | ticket=4732675326 | side=BUY | symbol=XAUUSDm | tf=M5 | sid=21 | pattern=- | trend_filter=- | open_price=4350.813 | close_price=4349.38 | sl=4349.383 | tp=4360.823 | profit=-1.43 | reason=[sl 4349.38300] | close_time=09:54:21 18/09/2026
[2026-09-18 09:54:24] POSITION_CLOSED | 🛑 SL Hit | ticket=4732728767 | side=BUY | symbol=XAUUSDm | tf=M5 | sid=21 | pattern=- | trend_filter=- | open_price=4353.032 | close_price=4349.27 | sl=4349.266 | tp=4378.866 | profit=-3.76 | reason=[sl 4349.266] | close_time=09:54:21 18/09/2026
[2026-09-18 09:54:25] TG_SENT | 🟢 *🛑 SL Hit* | ━━━━━━━━━━━━━━━━━ | 📊 TF: M5 | 📊 BUY XAUUSDm | 📌 เปิด: `4352.036` | 📌 ปิด: `4349.26` | 🛑 SL: `4349.256` | 🎯 TP: `4371.496` | 💬 เหตุผล: `[sl 4349.256]` | 💸 P/L: `-2.78` USD | 🔖 Ticket: `4732691488` | 🕐 Close Time: `09:54:21 18/09/2026`
[2026-09-18 09:54:29] TG_SENT | 🟢 *🛑 SL Hit* | ━━━━━━━━━━━━━━━━━ | 📊 TF: M5 | 📊 BUY XAUUSDm | 📌 เปิด: `4355.558` | 📌 ปิด: `4349.29` | 🛑 SL: `4349.288` | 🎯 TP: `4399.448` | 💬 เหตุผล: `[sl 4349.28800]` | 💸 P/L: `-6.27` USD | 🔖 Ticket: `4732713155` | 🕐 Close Time: `09:54:21 18/09/2026`
[2026-09-18 09:54:33] TG_SENT | 🟢 *🛑 SL Hit* | ━━━━━━━━━━━━━━━━━ | 📊 TF: M5 | 📊 BUY XAUUSDm | 📌 เปิด: `4350.813` | 📌 ปิด: `4349.38` | 🛑 SL: `4349.383` | 🎯 TP: `4360.823` | 💬 เหตุผล: `[sl 4349.38300]` | 💸 P/L: `-1.43` USD | 🔖 Ticket: `4732675326` | 🕐 Close Time: `09:54:21 18/09/2026`
[2026-09-18 09:54:37] TG_SENT | 🟢 *🛑 SL Hit* | ━━━━━━━━━━━━━━━━━ | 📊 TF: M5 | 📊 BUY XAUUSDm | 📌 เปิด: `4353.032` | 📌 ปิด: `4349.27` | 🛑 SL: `4349.266` | 🎯 TP: `4378.866` | 💬 เหตุผล: `[sl 4349.266]` | 💸 P/L: `-3.76` USD | 🔖 Ticket: `4732728767` | 🕐 Close Time: `09:54:21 18/09/2026`
[2026-09-18 09:55:05] SYMBOL_CHECK | XAUUSDm trade_mode=4 xau_open=True | trade_mode=4 | tick_time=1789700105 | bid=4347.671 | ask=4347.931 | tick_ok=True | xau_open=True | current_symbol=XAUUSDm | startup=False
[2026-09-18 09:55:20] POSITION_CLOSED | 🛑 SL Hit | ticket=4732608620 | side=BUY | symbol=XAUUSDm | tf=M5 | sid=21 | pattern=- | trend_filter=- | open_price=4351.506 | close_price=4346.99 | sl=4346.986 | tp=4383.146 | profit=-4.52 | reason=[sl 4346.98600] | close_time=09:55:17 18/09/2026
[2026-09-18 09:55:20] POSITION_CLOSED | 🛑 SL Hit | ticket=4732625007 | side=BUY | symbol=XAUUSDm | tf=M5 | sid=21 | pattern=- | trend_filter=- | open_price=4352.691000000001 | close_price=4346.99 | sl=4346.991 | tp=4392.591 | profit=-5.7 | reason=[sl 4346.991] | close_time=09:55:15 18/09/2026
[2026-09-18 09:55:21] TG_SENT | 🟢 *🛑 SL Hit* | ━━━━━━━━━━━━━━━━━ | 📊 TF: M5 | 📊 BUY XAUUSDm | 📌 เปิด: `4351.506` | 📌 ปิด: `4346.99` | 🛑 SL: `4346.986` | 🎯 TP: `4383.146` | 💬 เหตุผล: `[sl 4346.98600]` | 💸 P/L: `-4.52` USD | 🔖 Ticket: `4732608620` | 🕐 Close Time: `09:55:17 18/09/2026`
[2026-09-18 09:55:25] TG_SENT | 🟢 *🛑 SL Hit* | ━━━━━━━━━━━━━━━━━ | 📊 TF: M5 | 📊 BUY XAUUSDm | 📌 เปิด: `4352.691000000001` | 📌 ปิด: `4346.99` | 🛑 SL: `4346.991` | 🎯 TP: `4392.591` | 💬 เหตุผล: `[sl 4346.991]` | 💸 P/L: `-5.7` USD | 🔖 Ticket: `4732625007` | 🕐 Close Time: `09:55:15 18/09/2026`
[2026-09-18 09:56:05] SYMBOL_CHECK | XAUUSDm trade_mode=4 xau_open=True | trade_mode=4 | tick_time=1789700165 | bid=4347.526 | ask=4347.786 | tick_ok=True | xau_open=True | current_symbol=XAUUSDm | startup=False
[2026-09-18 09:56:49] POSITION_CLOSED | 🛑 SL Hit | ticket=4732569281 | side=BUY | symbol=XAUUSDm | tf=M5 | sid=21 | pattern=- | trend_filter=- | open_price=4351.575000000001 | close_price=4346.02 | sl=4346.025 | tp=4390.425 | profit=-5.55 | reason=[sl 4346.02500] | close_time=09:56:48 18/09/2026
[2026-09-18 09:56:49] POSITION_CLOSED | 🛑 SL Hit | ticket=4732592765 | side=BUY | symbol=XAUUSDm | tf=M5 | sid=21 | pattern=- | trend_filter=- | open_price=4350.118 | close_price=4346.08 | sl=4346.078 | tp=4378.398 | profit=-4.04 | reason=[sl 4346.07800] | close_time=09:56:48 18/09/2026
[2026-09-18 09:56:49] TG_SENT | 🟢 *🛑 SL Hit* | ━━━━━━━━━━━━━━━━━ | 📊 TF: M5 | 📊 BUY XAUUSDm | 📌 เปิด: `4351.575000000001` | 📌 ปิด: `4346.02` | 🛑 SL: `4346.025` | 🎯 TP: `4390.425` | 💬 เหตุผล: `[sl 4346.02500]` | 💸 P/L: `-5.55` USD | 🔖 Ticket: `4732569281` | 🕐 Close Time: `09:56:48 18/09/2026`
[2026-09-18 09:56:53] TG_SENT | 🟢 *🛑 SL Hit* | ━━━━━━━━━━━━━━━━━ | 📊 TF: M5 | 📊 BUY XAUUSDm | 📌 เปิด: `4350.118` | 📌 ปิด: `4346.08` | 🛑 SL: `4346.078` | 🎯 TP: `4378.398` | 💬 เหตุผล: `[sl 4346.07800]` | 💸 P/L: `-4.04` USD | 🔖 Ticket: `4732592765` | 🕐 Close Time: `09:56:48 18/09/2026`
[2026-09-18 09:56:54] POSITION_CLOSED | 🛑 SL Hit | ticket=4732691484 | side=BUY | symbol=XAUUSDm | tf=M5 | sid=21 | pattern=- | trend_filter=- | open_price=4352.036 | close_price=4345.51 | sl=4345.506 | tp=4404.276 | profit=-6.53 | reason=[sl 4345.50600] | close_time=09:56:52 18/09/2026
[2026-09-18 09:56:54] POSITION_CLOSED | 🛑 SL Hit | ticket=4732675295 | side=BUY | symbol=XAUUSDm | tf=M5 | sid=21 | pattern=- | trend_filter=- | open_price=4350.915 | close_price=4345.52 | sl=4345.525 | tp=4394.035 | profit=-5.39 | reason=[sl 4345.52500] | close_time=09:56:52 18/09/2026
[2026-09-18 09:56:57] TG_SENT | 🟢 *🛑 SL Hit* | ━━━━━━━━━━━━━━━━━ | 📊 TF: M5 | 📊 BUY XAUUSDm | 📌 เปิด: `4352.036` | 📌 ปิด: `4345.51` | 🛑 SL: `4345.506` | 🎯 TP: `4404.276` | 💬 เหตุผล: `[sl 4345.50600]` | 💸 P/L: `-6.53` USD | 🔖 Ticket: `4732691484` | 🕐 Close Time: `09:56:52 18/09/2026`
[2026-09-18 09:57:02] TG_SENT | 🟢 *🛑 SL Hit* | ━━━━━━━━━━━━━━━━━ | 📊 TF: M5 | 📊 BUY XAUUSDm | 📌 เปิด: `4350.915` | 📌 ปิด: `4345.52` | 🛑 SL: `4345.525` | 🎯 TP: `4394.035` | 💬 เหตุผล: `[sl 4345.52500]` | 💸 P/L: `-5.39` USD | 🔖 Ticket: `4732675295` | 🕐 Close Time: `09:56:52 18/09/2026`
[2026-09-18 09:57:05] SYMBOL_CHECK | XAUUSDm trade_mode=4 xau_open=True | trade_mode=4 | tick_time=1789700225 | bid=4346.692 | ask=4346.952 | tick_ok=True | xau_open=True | current_symbol=XAUUSDm | startup=False
[2026-09-18 09:58:04] SYMBOL_CHECK | XAUUSDm trade_mode=4 xau_open=True | trade_mode=4 | tick_time=1789700285 | bid=4347.076 | ask=4347.336 | tick_ok=True | xau_open=True | current_symbol=XAUUSDm | startup=False
[2026-09-18 09:58:34] POSITION_CLOSED | 🛑 SL Hit | ticket=4732543984 | side=BUY | symbol=XAUUSDm | tf=M5 | sid=21 | pattern=- | trend_filter=- | open_price=4351.201 | close_price=4344.67 | sl=4344.671 | tp=4396.911 | profit=-6.53 | reason=[sl 4344.67100] | close_time=09:58:31 18/09/2026
[2026-09-18 09:58:34] POSITION_CLOSED | 🛑 SL Hit | ticket=4732525190 | side=BUY | symbol=XAUUSDm | tf=M5 | sid=21 | pattern=- | trend_filter=- | open_price=4348.392000000001 | close_price=4344.68 | sl=4344.682 | tp=4374.362 | profit=-3.71 | reason=[sl 4344.68200] | close_time=09:58:31 18/09/2026
[2026-09-18 09:58:36] TG_SENT | 🟢 *🛑 SL Hit* | ━━━━━━━━━━━━━━━━━ | 📊 TF: M5 | 📊 BUY XAUUSDm | 📌 เปิด: `4351.201` | 📌 ปิด: `4344.67` | 🛑 SL: `4344.671` | 🎯 TP: `4396.911` | 💬 เหตุผล: `[sl 4344.67100]` | 💸 P/L: `-6.53` USD | 🔖 Ticket: `4732543984` | 🕐 Close Time: `09:58:31 18/09/2026`
[2026-09-18 09:58:40] TG_SENT | 🟢 *🛑 SL Hit* | ━━━━━━━━━━━━━━━━━ | 📊 TF: M5 | 📊 BUY XAUUSDm | 📌 เปิด: `4348.392000000001` | 📌 ปิด: `4344.68` | 🛑 SL: `4344.682` | 🎯 TP: `4374.362` | 💬 เหตุผล: `[sl 4344.68200]` | 💸 P/L: `-3.71` USD | 🔖 Ticket: `4732525190` | 🕐 Close Time: `09:58:31 18/09/2026`
[2026-09-18 09:58:44] POSITION_CLOSED | 🛑 SL Hit | ticket=4732506009 | side=BUY | symbol=XAUUSDm | tf=M5 | sid=21 | pattern=- | trend_filter=- | open_price=4350.182000000001 | close_price=4343.44 | sl=4343.442 | tp=4404.102 | profit=-6.74 | reason=[sl 4343.442] | close_time=09:58:45 18/09/2026
[2026-09-18 09:58:44] POSITION_CLOSED | 🛑 SL Hit | ticket=4732525187 | side=BUY | symbol=XAUUSDm | tf=M5 | sid=21 | pattern=- | trend_filter=- | open_price=4348.392000000001 | close_price=4343.47 | sl=4343.472 | tp=4387.752 | profit=-4.92 | reason=[sl 4343.47200] | close_time=09:58:45 18/09/2026
[2026-09-18 09:58:44] POSITION_CLOSED | 🛑 SL Hit | ticket=4732592756 | side=BUY | symbol=XAUUSDm | tf=M5 | sid=21 | pattern=- | trend_filter=- | open_price=4350.118 | close_price=4343.5 | sl=4343.498 | tp=4403.078 | profit=-6.62 | reason=[sl 4343.498] | close_time=09:58:45 18/09/2026
[2026-09-18 09:58:45] TG_SENT | 🟢 *🛑 SL Hit* | ━━━━━━━━━━━━━━━━━ | 📊 TF: M5 | 📊 BUY XAUUSDm | 📌 เปิด: `4350.182000000001` | 📌 ปิด: `4343.44` | 🛑 SL: `4343.442` | 🎯 TP: `4404.102` | 💬 เหตุผล: `[sl 4343.442]` | 💸 P/L: `-6.74` USD | 🔖 Ticket: `4732506009` | 🕐 Close Time: `09:58:45 18/09/2026`
[2026-09-18 09:58:50] TG_SENT | 🟢 *🛑 SL Hit* | ━━━━━━━━━━━━━━━━━ | 📊 TF: M5 | 📊 BUY XAUUSDm | 📌 เปิด: `4348.392000000001` | 📌 ปิด: `4343.47` | 🛑 SL: `4343.472` | 🎯 TP: `4387.752` | 💬 เหตุผล: `[sl 4343.47200]` | 💸 P/L: `-4.92` USD | 🔖 Ticket: `4732525187` | 🕐 Close Time: `09:58:45 18/09/2026`
[2026-09-18 09:58:55] TG_SENT | 🟢 *🛑 SL Hit* | ━━━━━━━━━━━━━━━━━ | 📊 TF: M5 | 📊 BUY XAUUSDm | 📌 เปิด: `4350.118` | 📌 ปิด: `4343.5` | 🛑 SL: `4343.498` | 🎯 TP: `4403.078` | 💬 เหตุผล: `[sl 4343.498]` | 💸 P/L: `-6.62` USD | 🔖 Ticket: `4732592756` | 🕐 Close Time: `09:58:45 18/09/2026`
[2026-09-18 09:59:05] SYMBOL_CHECK | XAUUSDm trade_mode=4 xau_open=True | trade_mode=4 | tick_time=1789700345 | bid=4345.93 | ask=4346.19 | tick_ok=True | xau_open=True | current_symbol=XAUUSDm | startup=False
[2026-09-18 09:59:05] DEMO_PORTFOLIO_SCAN | XAUUSDm open active=P18,S101,S102,S105,S106,S111,LTS_EVOLUTION9,LTS_SCREEN13
[2026-09-18 09:59:05] DEMO_PORTFOLIO_SIGNAL | LTS_SCREEN13_13 BUY lot=0.01 sl=4342.349999999999 tp=4373.07 rd=3.84 weight=1.000 scale=1.00 h=9 success=True ticket=4732769108 err=None
[2026-09-18 09:59:05] DEMO_PORTFOLIO_SCAN | XAUUSDm done active=P18,S101,S102,S105,S106,S111,LTS_EVOLUTION9,LTS_SCREEN13
[2026-09-18 09:59:07] TG_SENT | [AF SIGNAL] *📐 LTS_SCREEN13* | Leg: `LTS_SCREEN13_13 DIRECT_S419_M5` | BUY @ market lot `0.01` | SL `4342.35` TP `4373.07` | RD `3.84` H`9` | Weight `x1.000` Scale `1.00` | Ticket: `4732769108`
[2026-09-18 10:00:05] SYMBOL_CHECK | XAUUSDm trade_mode=4 xau_open=True | trade_mode=4 | tick_time=1789700405 | bid=4345.838 | ask=4346.098 | tick_ok=True | xau_open=True | current_symbol=XAUUSDm | startup=False
[2026-09-18 10:01:03] SYMBOL_CHECK | XAUUSDm trade_mode=4 xau_open=True | trade_mode=4 | tick_time=1789700465 | bid=4346.96 | ask=4347.22 | tick_ok=True | xau_open=True | current_symbol=XAUUSDm | startup=False
[2026-09-18 10:02:04] SYMBOL_CHECK | XAUUSDm trade_mode=4 xau_open=True | trade_mode=4 | tick_time=1789700525 | bid=4346.993 | ask=4347.253 | tick_ok=True | xau_open=True | current_symbol=XAUUSDm | startup=False
[2026-09-18 10:03:05] SYMBOL_CHECK | XAUUSDm trade_mode=4 xau_open=True | trade_mode=4 | tick_time=1789700585 | bid=4347.001 | ask=4347.261 | tick_ok=True | xau_open=True | current_symbol=XAUUSDm | startup=False
[2026-09-18 10:04:05] SYMBOL_CHECK | XAUUSDm trade_mode=4 xau_open=True | trade_mode=4 | tick_time=1789700645 | bid=4348.402 | ask=4348.662 | tick_ok=True | xau_open=True | current_symbol=XAUUSDm | startup=False
[2026-09-18 10:04:05] DEMO_PORTFOLIO_SCAN | XAUUSDm open active=P18,S101,S102,S105,S106,S111,LTS_EVOLUTION9,LTS_SCREEN13
[2026-09-18 10:04:05] DEMO_PORTFOLIO_SIGNAL | LTS_SCREEN13_13 BUY lot=0.01 sl=4342.335999999999 tp=4392.495999999999 rd=6.27 weight=1.000 scale=1.00 h=10 success=True ticket=4732797293 err=None
[2026-09-18 10:04:05] DEMO_PORTFOLIO_SCAN | XAUUSDm done active=P18,S101,S102,S105,S106,S111,LTS_EVOLUTION9,LTS_SCREEN13
[2026-09-18 10:04:06] TG_SENT | [AF SIGNAL] *📐 LTS_SCREEN13* | Leg: `LTS_SCREEN13_13 DIRECT_S419_M5` | BUY @ market lot `0.01` | SL `4342.34` TP `4392.50` | RD `6.27` H`10` | Weight `x1.000` Scale `1.00` | Ticket: `4732797293`
[2026-09-18 10:05:05] SYMBOL_CHECK | XAUUSDm trade_mode=4 xau_open=True | trade_mode=4 | tick_time=1789700705 | bid=4350.153 | ask=4350.413 | tick_ok=True | xau_open=True | current_symbol=XAUUSDm | startup=False
[2026-09-18 10:06:04] SYMBOL_CHECK | XAUUSDm trade_mode=4 xau_open=True | trade_mode=4 | tick_time=1789700765 | bid=4350.283 | ask=4350.543 | tick_ok=True | xau_open=True | current_symbol=XAUUSDm | startup=False
[2026-09-18 10:07:04] SYMBOL_CHECK | XAUUSDm trade_mode=4 xau_open=True | trade_mode=4 | tick_time=1789700824 | bid=4348.006 | ask=4348.266 | tick_ok=True | xau_open=True | current_symbol=XAUUSDm | startup=False
[2026-09-18 10:08:04] SYMBOL_CHECK | XAUUSDm trade_mode=4 xau_open=True | trade_mode=4 | tick_time=1789700885 | bid=4349.874 | ask=4350.134 | tick_ok=True | xau_open=True | current_symbol=XAUUSDm | startup=False
[2026-09-18 10:09:04] SYMBOL_CHECK | XAUUSDm trade_mode=4 xau_open=True | trade_mode=4 | tick_time=1789700945 | bid=4347.627 | ask=4347.887 | tick_ok=True | xau_open=True | current_symbol=XAUUSDm | startup=False
[2026-09-18 10:09:04] DEMO_PORTFOLIO_SCAN | XAUUSDm open active=P18,S101,S102,S105,S106,S111,LTS_EVOLUTION9,LTS_SCREEN13
[2026-09-18 10:09:04] DEMO_PORTFOLIO_SIGNAL | LTS_SCREEN13_13 BUY lot=0.01 sl=4343.697999999999 tp=4375.6179999999995 rd=3.99 weight=1.000 scale=1.00 h=10 success=True ticket=4732828034 err=None
[2026-09-18 10:09:04] DEMO_PORTFOLIO_SCAN | XAUUSDm done active=P18,S101,S102,S105,S106,S111,LTS_EVOLUTION9,LTS_SCREEN13
[2026-09-18 10:09:05] TG_SENT | [AF SIGNAL] *📐 LTS_SCREEN13* | Leg: `LTS_SCREEN13_13 DIRECT_S419_M5` | BUY @ market lot `0.01` | SL `4343.70` TP `4375.62` | RD `3.99` H`10` | Weight `x1.000` Scale `1.00` | Ticket: `4732828034`
[2026-09-18 10:10:04] SYMBOL_CHECK | XAUUSDm trade_mode=4 xau_open=True | trade_mode=4 | tick_time=1789701005 | bid=4345.979 | ask=4346.239 | tick_ok=True | xau_open=True | current_symbol=XAUUSDm | startup=False
[2026-09-18 10:11:04] SYMBOL_CHECK | XAUUSDm trade_mode=4 xau_open=True | trade_mode=4 | tick_time=1789701065 | bid=4346.134 | ask=4346.394 | tick_ok=True | xau_open=True | current_symbol=XAUUSDm | startup=False
[2026-09-18 10:12:04] SYMBOL_CHECK | XAUUSDm trade_mode=4 xau_open=True | trade_mode=4 | tick_time=1789701124 | bid=4346.361 | ask=4346.621 | tick_ok=True | xau_open=True | current_symbol=XAUUSDm | startup=False
[2026-09-18 10:13:04] SYMBOL_CHECK | XAUUSDm trade_mode=4 xau_open=True | trade_mode=4 | tick_time=1789701185 | bid=4347.537 | ask=4347.797 | tick_ok=True | xau_open=True | current_symbol=XAUUSDm | startup=False
[2026-09-18 10:14:04] SYMBOL_CHECK | XAUUSDm trade_mode=4 xau_open=True | trade_mode=4 | tick_time=1789701244 | bid=4346.863 | ask=4347.123 | tick_ok=True | xau_open=True | current_symbol=XAUUSDm | startup=False
[2026-09-18 10:14:04] DEMO_PORTFOLIO_SCAN | XAUUSDm open active=P18,S101,S102,S105,S106,S111,LTS_EVOLUTION9,LTS_SCREEN13
[2026-09-18 10:14:04] DEMO_PORTFOLIO_SIGNAL | LTS_SCREEN13_13 BUY lot=0.01 sl=4344.413 tp=4366.093 rd=2.71 weight=1.000 scale=1.00 h=10 success=True ticket=4732850360 err=None
[2026-09-18 10:14:04] DEMO_PORTFOLIO_SCAN | XAUUSDm done active=P18,S101,S102,S105,S106,S111,LTS_EVOLUTION9,LTS_SCREEN13
[2026-09-18 10:14:05] TG_SENT | [AF SIGNAL] *📐 LTS_SCREEN13* | Leg: `LTS_SCREEN13_13 DIRECT_S419_M5` | BUY @ market lot `0.01` | SL `4344.41` TP `4366.09` | RD `2.71` H`10` | Weight `x1.000` Scale `1.00` | Ticket: `4732850360`
[2026-09-18 10:14:49] POSITION_CLOSED | 🛑 SL Hit | ticket=4732850360 | side=BUY | symbol=XAUUSDm | tf=M5 | sid=21 | pattern=- | trend_filter=- | open_price=4347.072 | close_price=4344.41 | sl=4344.413 | tp=4366.093 | profit=-2.66 | reason=[sl 4344.413] | close_time=10:14:46 18/09/2026
[2026-09-18 10:14:51] TG_SENT | 🟢 *🛑 SL Hit* | ━━━━━━━━━━━━━━━━━ | 📊 TF: M5 | 📊 BUY XAUUSDm | 📌 เปิด: `4347.072` | 📌 ปิด: `4344.41` | 🛑 SL: `4344.413` | 🎯 TP: `4366.093` | 💬 เหตุผล: `[sl 4344.413]` | 💸 P/L: `-2.66` USD | 🔖 Ticket: `4732850360` | 🕐 Close Time: `10:14:46 18/09/2026`
[2026-09-18 10:15:05] SYMBOL_CHECK | XAUUSDm trade_mode=4 xau_open=True | trade_mode=4 | tick_time=1789701305 | bid=4343.897 | ask=4344.157 | tick_ok=True | xau_open=True | current_symbol=XAUUSDm | startup=False
[2026-09-18 10:15:09] POSITION_CLOSED | 🛑 SL Hit | ticket=4732828034 | side=BUY | symbol=XAUUSDm | tf=M5 | sid=21 | pattern=- | trend_filter=- | open_price=4347.688 | close_price=4343.7 | sl=4343.698 | tp=4375.618 | profit=-3.99 | reason=[sl 4343.69800] | close_time=10:15:09 18/09/2026
[2026-09-18 10:15:10] TG_SENT | 🟢 *🛑 SL Hit* | ━━━━━━━━━━━━━━━━━ | 📊 TF: M5 | 📊 BUY XAUUSDm | 📌 เปิด: `4347.688` | 📌 ปิด: `4343.7` | 🛑 SL: `4343.698` | 🎯 TP: `4375.618` | 💬 เหตุผล: `[sl 4343.69800]` | 💸 P/L: `-3.99` USD | 🔖 Ticket: `4732828034` | 🕐 Close Time: `10:15:09 18/09/2026`
[2026-09-18 10:16:05] SYMBOL_CHECK | XAUUSDm trade_mode=4 xau_open=True | trade_mode=4 | tick_time=1789701364 | bid=4343.82 | ask=4344.08 | tick_ok=True | xau_open=True | current_symbol=XAUUSDm | startup=False
[2026-09-18 10:16:34] POSITION_CLOSED | 🛑 SL Hit | ticket=4732492270 | side=BUY | symbol=XAUUSDm | tf=M5 | sid=21 | pattern=- | trend_filter=- | open_price=4349.990000000001 | close_price=4343.1 | sl=4343.1 | tp=4405.11 | profit=-6.89 | reason=[sl 4343.10000] | close_time=10:16:30 18/09/2026
[2026-09-18 10:16:34] TG_SENT | 🟢 *🛑 SL Hit* | ━━━━━━━━━━━━━━━━━ | 📊 TF: M5 | 📊 BUY XAUUSDm | 📌 เปิด: `4349.990000000001` | 📌 ปิด: `4343.1` | 🛑 SL: `4343.1` | 🎯 TP: `4405.11` | 💬 เหตุผล: `[sl 4343.10000]` | 💸 P/L: `-6.89` USD | 🔖 Ticket: `4732492270` | 🕐 Close Time: `10:16:30 18/09/2026`
[2026-09-18 10:16:43] POSITION_CLOSED | 🛑 SL Hit | ticket=4732506013 | side=BUY | symbol=XAUUSDm | tf=M5 | sid=21 | pattern=- | trend_filter=- | open_price=4350.182000000001 | close_price=4342.61 | sl=4342.612 | tp=4403.172 | profit=-7.57 | reason=[sl 4342.61200] | close_time=10:16:43 18/09/2026
[2026-09-18 10:16:44] TG_SENT | 🟢 *🛑 SL Hit* | ━━━━━━━━━━━━━━━━━ | 📊 TF: M5 | 📊 BUY XAUUSDm | 📌 เปิด: `4350.182000000001` | 📌 ปิด: `4342.61` | 🛑 SL: `4342.612` | 🎯 TP: `4403.172` | 💬 เหตุผล: `[sl 4342.61200]` | 💸 P/L: `-7.57` USD | 🔖 Ticket: `4732506013` | 🕐 Close Time: `10:16:43 18/09/2026`
[2026-09-18 10:16:55] POSITION_CLOSED | 🛑 SL Hit | ticket=4731940065 | side=BUY | symbol=XAUUSDm | tf=M5 | sid=21 | pattern=- | trend_filter=- | open_price=4346.67 | close_price=4341.01 | sl=4341.01 | tp=4386.29 | profit=-5.66 | reason=[sl 4341.010] | close_time=10:16:54 18/09/2026
[2026-09-18 10:16:55] POSITION_CLOSED | 🛑 SL Hit | ticket=4732040097 | side=BUY | symbol=XAUUSDm | tf=M5 | sid=21 | pattern=- | trend_filter=- | open_price=4346.255 | close_price=4340.96 | sl=4341.555 | tp=4379.155 | profit=-5.3 | reason=[sl 4341.55500] | close_time=10:16:53 18/09/2026
[2026-09-18 10:16:55] POSITION_CLOSED | 🛑 SL Hit | ticket=4731952678 | side=BUY | symbol=XAUUSDm | tf=M5 | sid=21 | pattern=- | trend_filter=- | open_price=4344.8910000000005 | close_price=4341.37 | sl=4341.371 | tp=4369.531 | profit=-3.52 | reason=[sl 4341.371] | close_time=10:16:54 18/09/2026
[2026-09-18 10:16:55] POSITION_CLOSED | 🛑 SL Hit | ticket=4732797293 | side=BUY | symbol=XAUUSDm | tf=M5 | sid=21 | pattern=- | trend_filter=- | open_price=4348.342000000001 | close_price=4340.88 | sl=4342.336 | tp=4392.496 | profit=-7.46 | reason=[sl 4342.33600] | close_time=10:16:53 18/09/2026
[2026-09-18 10:16:55] POSITION_CLOSED | 🛑 SL Hit | ticket=4731927822 | side=BUY | symbol=XAUUSDm | tf=M5 | sid=21 | pattern=- | trend_filter=- | open_price=4345.013 | close_price=4341.05 | sl=4341.053 | tp=4372.733 | profit=-3.96 | reason=[sl 4341.053] | close_time=10:16:53 18/09/2026
[2026-09-18 10:16:55] POSITION_CLOSED | 🛑 SL Hit | ticket=4732769108 | side=BUY | symbol=XAUUSDm | tf=M5 | sid=21 | pattern=- | trend_filter=- | open_price=4346.1900000000005 | close_price=4340.96 | sl=4342.35 | tp=4373.07 | profit=-5.23 | reason=[sl 4342.350] | close_time=10:16:53 18/09/2026
[2026-09-18 10:16:55] POSITION_CLOSED | 🛑 SL Hit | ticket=4732492277 | side=BUY | symbol=XAUUSDm | tf=M5 | sid=21 | pattern=- | trend_filter=- | open_price=4349.990000000001 | close_price=4340.88 | sl=4342.32 | tp=4403.68 | profit=-9.11 | reason=[sl 4342.32000] | close_time=10:16:53 18/09/2026
[2026-09-18 10:16:55] POSITION_CLOSED | 🎯 TP Hit | ticket=4732713141 | side=SELL | symbol=XAUUSDm | tf=M5 | sid=21 | pattern=- | trend_filter=- | open_price=4355.298 | close_price=4341.38 | sl=4357.038 | tp=4341.378 | profit=13.92 | reason=[tp 4341.37800] | close_time=10:16:52 18/09/2026
[2026-09-18 10:16:55] TG_SENT | 🟢 *🛑 SL Hit* | ━━━━━━━━━━━━━━━━━ | 📊 TF: M5 | 📊 BUY XAUUSDm | 📌 เปิด: `4346.67` | 📌 ปิด: `4341.01` | 🛑 SL: `4341.01` | 🎯 TP: `4386.29` | 💬 เหตุผล: `[sl 4341.010]` | 💸 P/L: `-5.66` USD | 🔖 Ticket: `4731940065` | 🕐 Close Time: `10:16:54 18/09/2026`
[2026-09-18 10:16:59] TG_SENT | 🟢 *🛑 SL Hit* | ━━━━━━━━━━━━━━━━━ | 📊 TF: M5 | 📊 BUY XAUUSDm | 📌 เปิด: `4346.255` | 📌 ปิด: `4340.96` | 🛑 SL: `4341.555` | 🎯 TP: `4379.155` | 💬 เหตุผล: `[sl 4341.55500]` | 💸 P/L: `-5.3` USD | 🔖 Ticket: `4732040097` | 🕐 Close Time: `10:16:53 18/09/2026`
[2026-09-18 10:17:03] TG_SENT | 🟢 *🛑 SL Hit* | ━━━━━━━━━━━━━━━━━ | 📊 TF: M5 | 📊 BUY XAUUSDm | 📌 เปิด: `4344.8910000000005` | 📌 ปิด: `4341.37` | 🛑 SL: `4341.371` | 🎯 TP: `4369.531` | 💬 เหตุผล: `[sl 4341.371]` | 💸 P/L: `-3.52` USD | 🔖 Ticket: `4731952678` | 🕐 Close Time: `10:16:54 18/09/2026`
[2026-09-18 10:17:04] SYMBOL_CHECK | XAUUSDm trade_mode=4 xau_open=True | trade_mode=4 | tick_time=1789701425 | bid=4341.93 | ask=4342.19 | tick_ok=True | xau_open=True | current_symbol=XAUUSDm | startup=False
[2026-09-18 10:17:07] TG_SENT | 🟢 *🛑 SL Hit* | ━━━━━━━━━━━━━━━━━ | 📊 TF: M5 | 📊 BUY XAUUSDm | 📌 เปิด: `4348.342000000001` | 📌 ปิด: `4340.88` | 🛑 SL: `4342.336` | 🎯 TP: `4392.496` | 💬 เหตุผล: `[sl 4342.33600]` | 💸 P/L: `-7.46` USD | 🔖 Ticket: `4732797293` | 🕐 Close Time: `10:16:53 18/09/2026`
[2026-09-18 10:17:11] TG_SENT | 🟢 *🛑 SL Hit* | ━━━━━━━━━━━━━━━━━ | 📊 TF: M5 | 📊 BUY XAUUSDm | 📌 เปิด: `4345.013` | 📌 ปิด: `4341.05` | 🛑 SL: `4341.053` | 🎯 TP: `4372.733` | 💬 เหตุผล: `[sl 4341.053]` | 💸 P/L: `-3.96` USD | 🔖 Ticket: `4731927822` | 🕐 Close Time: `10:16:53 18/09/2026`
[2026-09-18 10:17:15] TG_SENT | 🟢 *🛑 SL Hit* | ━━━━━━━━━━━━━━━━━ | 📊 TF: M5 | 📊 BUY XAUUSDm | 📌 เปิด: `4346.1900000000005` | 📌 ปิด: `4340.96` | 🛑 SL: `4342.35` | 🎯 TP: `4373.07` | 💬 เหตุผล: `[sl 4342.350]` | 💸 P/L: `-5.23` USD | 🔖 Ticket: `4732769108` | 🕐 Close Time: `10:16:53 18/09/2026`
[2026-09-18 10:17:19] TG_SENT | 🟢 *🛑 SL Hit* | ━━━━━━━━━━━━━━━━━ | 📊 TF: M5 | 📊 BUY XAUUSDm | 📌 เปิด: `4349.990000000001` | 📌 ปิด: `4340.88` | 🛑 SL: `4342.32` | 🎯 TP: `4403.68` | 💬 เหตุผล: `[sl 4342.32000]` | 💸 P/L: `-9.11` USD | 🔖 Ticket: `4732492277` | 🕐 Close Time: `10:16:53 18/09/2026`
[2026-09-18 10:17:23] TG_SENT | 🔴 *🎯 TP Hit* | ━━━━━━━━━━━━━━━━━ | 📊 TF: M5 | 📊 SELL XAUUSDm | 📌 เปิด: `4355.298` | 📌 ปิด: `4341.38` | 🛑 SL: `4357.038` | 🎯 TP: `4341.378` | 💬 เหตุผล: `[tp 4341.37800]` | 💰 P/L: `13.92` USD | 🔖 Ticket: `4732713141` | 🕐 Close Time: `10:16:52 18/09/2026`
[2026-09-18 10:18:04] SYMBOL_CHECK | XAUUSDm trade_mode=4 xau_open=True | trade_mode=4 | tick_time=1789701485 | bid=4338.248 | ask=4338.508 | tick_ok=True | xau_open=True | current_symbol=XAUUSDm | startup=False
[2026-09-18 10:19:05] SYMBOL_CHECK | XAUUSDm trade_mode=4 xau_open=True | trade_mode=4 | tick_time=1789701545 | bid=4340.221 | ask=4340.481 | tick_ok=True | xau_open=True | current_symbol=XAUUSDm | startup=False
[2026-09-18 10:19:05] DEMO_PORTFOLIO_SCAN | XAUUSDm open active=P18,S101,S102,S105,S106,S111,LTS_EVOLUTION9,LTS_SCREEN13
[2026-09-18 10:19:05] DEMO_PORTFOLIO_SIGNAL | LTS_SCREEN13_13 BUY lot=0.01 sl=4335.863 tp=4375.223 rd=4.92 weight=1.000 scale=1.00 h=10 success=True ticket=4732894320 err=None
[2026-09-18 10:19:05] DEMO_PORTFOLIO_SCAN | XAUUSDm done active=P18,S101,S102,S105,S106,S111,LTS_EVOLUTION9,LTS_SCREEN13
[2026-09-18 10:19:06] TG_SENT | [AF SIGNAL] *📐 LTS_SCREEN13* | Leg: `LTS_SCREEN13_13 DIRECT_S419_M5` | BUY @ market lot `0.01` | SL `4335.86` TP `4375.22` | RD `4.92` H`10` | Weight `x1.000` Scale `1.00` | Ticket: `4732894320`
[2026-09-18 10:20:04] SYMBOL_CHECK | XAUUSDm trade_mode=4 xau_open=True | trade_mode=4 | tick_time=1789701604 | bid=4337.6 | ask=4337.86 | tick_ok=True | xau_open=True | current_symbol=XAUUSDm | startup=False
[2026-09-18 10:21:05] SYMBOL_CHECK | XAUUSDm trade_mode=4 xau_open=True | trade_mode=4 | tick_time=1789701664 | bid=4339.895 | ask=4340.155 | tick_ok=True | xau_open=True | current_symbol=XAUUSDm | startup=False
[2026-09-18 10:22:04] SYMBOL_CHECK | XAUUSDm trade_mode=4 xau_open=True | trade_mode=4 | tick_time=1789701725 | bid=4337.586 | ask=4337.846 | tick_ok=True | xau_open=True | current_symbol=XAUUSDm | startup=False
[2026-09-18 10:22:58] POSITION_CLOSED | 🛑 SL Hit | ticket=4732894320 | side=BUY | symbol=XAUUSDm | tf=M5 | sid=21 | pattern=- | trend_filter=- | open_price=4340.783 | close_price=4335.86 | sl=4335.863 | tp=4375.223 | profit=-4.92 | reason=[sl 4335.863] | close_time=10:23:00 18/09/2026
[2026-09-18 10:22:59] TG_SENT | 🟢 *🛑 SL Hit* | ━━━━━━━━━━━━━━━━━ | 📊 TF: M5 | 📊 BUY XAUUSDm | 📌 เปิด: `4340.783` | 📌 ปิด: `4335.86` | 🛑 SL: `4335.863` | 🎯 TP: `4375.223` | 💬 เหตุผล: `[sl 4335.863]` | 💸 P/L: `-4.92` USD | 🔖 Ticket: `4732894320` | 🕐 Close Time: `10:23:00 18/09/2026`
[2026-09-18 10:23:05] SYMBOL_CHECK | XAUUSDm trade_mode=4 xau_open=True | trade_mode=4 | tick_time=1789701785 | bid=4335.906 | ask=4336.166 | tick_ok=True | xau_open=True | current_symbol=XAUUSDm | startup=False
[2026-09-18 10:24:05] SYMBOL_CHECK | XAUUSDm trade_mode=4 xau_open=True | trade_mode=4 | tick_time=1789701844 | bid=4335.906 | ask=4336.166 | tick_ok=True | xau_open=True | current_symbol=XAUUSDm | startup=False
[2026-09-18 10:24:05] DEMO_PORTFOLIO_SCAN | XAUUSDm open active=P18,S101,S102,S105,S106,S111,LTS_EVOLUTION9,LTS_SCREEN13
[2026-09-18 10:24:05] DEMO_PORTFOLIO_SCAN | XAUUSDm done active=P18,S101,S102,S105,S106,S111,LTS_EVOLUTION9,LTS_SCREEN13
[2026-09-18 10:25:04] SYMBOL_CHECK | XAUUSDm trade_mode=4 xau_open=True | trade_mode=4 | tick_time=1789701905 | bid=4336.015 | ask=4336.275 | tick_ok=True | xau_open=True | current_symbol=XAUUSDm | startup=False
[2026-09-18 10:26:20] APP_START | Bot starting | symbol=XAUUSD | scan_interval=1
[2026-09-18 10:26:20] SYMBOL_RESOLVED | XAUUSD -> XAUUSDm | requested=XAUUSD | resolved=XAUUSDm
[2026-09-18 10:26:20] SYMBOL_CHECK | XAUUSDm trade_mode=4 xau_open=True | trade_mode=4 | tick_time=1789701982 | bid=4336.352 | ask=4336.612 | tick_ok=True | xau_open=True | current_symbol=XAUUSDm | startup=True
[2026-09-18 10:26:21] NEWS_FILTER_TRANSIENT | rate limited 429; keeping cached events=0
[2026-09-18 10:26:21] TG_SENT | ✅ *MT5 เชื่อมต่อสำเร็จ!* | ━━━━━━━━━━━━━━━━━ | 🤖 Bot เริ่มทำงาน | 💰 Account: `433881786` | 📊 Balance: `18328.44` | 📈 SYMBOL: `XAUUSDm` | ⏰ Scan ทุก 5 วินาที | 🕒 Time Mode: `MT5->BKK +6` | 🕒 MT5 Server: `UTC+1` | 🕒 Display: `BKK` | 📋 Strategy:  | 🕐 TF: M1, M5, M15, M30, H1, H4, H12, D1 |  | ♻️ *Restore state สำเร็จ* | 🗂 Saved at: `2026-09-18 10:25:50` | 📦 pending map: `0` | 📍 position tf: `0` | 📝 entry state: `0` | 📐 trail state: `0`
[2026-09-18 10:26:29] SYMBOL_CHECK | XAUUSDm trade_mode=4 xau_open=True | trade_mode=4 | tick_time=1789701990 | bid=4336.376 | ask=4336.636 | tick_ok=True | xau_open=True | current_symbol=XAUUSDm | startup=False
[2026-09-18 10:27:29] SYMBOL_CHECK | XAUUSDm trade_mode=4 xau_open=True | trade_mode=4 | tick_time=1789702050 | bid=4338.467 | ask=4338.727 | tick_ok=True | xau_open=True | current_symbol=XAUUSDm | startup=False
[2026-09-18 10:28:29] SYMBOL_CHECK | XAUUSDm trade_mode=4 xau_open=True | trade_mode=4 | tick_time=1789702110 | bid=4340.127 | ask=4340.387 | tick_ok=True | xau_open=True | current_symbol=XAUUSDm | startup=False
[2026-09-18 10:29:29] SYMBOL_CHECK | XAUUSDm trade_mode=4 xau_open=True | trade_mode=4 | tick_time=1789702170 | bid=4340.271 | ask=4340.531 | tick_ok=True | xau_open=True | current_symbol=XAUUSDm | startup=False
[2026-09-18 10:29:29] DEMO_PORTFOLIO_SCAN | XAUUSDm open active=P18,S101,S102,S105,S106,S111,LTS_EVOLUTION9,LTS_SCREEN13
[2026-09-18 10:29:29] DEMO_PORTFOLIO_SCAN | XAUUSDm done active=P18,S101,S102,S105,S106,S111,LTS_EVOLUTION9,LTS_SCREEN13
[2026-09-18 10:30:29] SYMBOL_CHECK | XAUUSDm trade_mode=4 xau_open=True | trade_mode=4 | tick_time=1789702230 | bid=4341.91 | ask=4342.17 | tick_ok=True | xau_open=True | current_symbol=XAUUSDm | startup=False
[2026-09-18 10:31:29] SYMBOL_CHECK | XAUUSDm trade_mode=4 xau_open=True | trade_mode=4 | tick_time=1789702289 | bid=4342.461 | ask=4342.721 | tick_ok=True | xau_open=True | current_symbol=XAUUSDm | startup=False
[2026-09-18 10:32:29] SYMBOL_CHECK | XAUUSDm trade_mode=4 xau_open=True | trade_mode=4 | tick_time=1789702349 | bid=4344.026 | ask=4344.286 | tick_ok=True | xau_open=True | current_symbol=XAUUSDm | startup=False
[2026-09-18 10:33:29] SYMBOL_CHECK | XAUUSDm trade_mode=4 xau_open=True | trade_mode=4 | tick_time=1789702410 | bid=4344.659 | ask=4344.919 | tick_ok=True | xau_open=True | current_symbol=XAUUSDm | startup=False
[2026-09-18 10:34:29] SYMBOL_CHECK | XAUUSDm trade_mode=4 xau_open=True | trade_mode=4 | tick_time=1789702469 | bid=4347.502 | ask=4347.762 | tick_ok=True | xau_open=True | current_symbol=XAUUSDm | startup=False
[2026-09-18 10:34:29] DEMO_PORTFOLIO_SCAN | XAUUSDm open active=P18,S101,S102,S105,S106,S111,LTS_EVOLUTION9,LTS_SCREEN13
[2026-09-18 10:34:29] DEMO_PORTFOLIO_SCAN | XAUUSDm done active=P18,S101,S102,S105,S106,S111,LTS_EVOLUTION9,LTS_SCREEN13
[2026-09-18 10:35:30] SYMBOL_CHECK | XAUUSDm trade_mode=4 xau_open=True | trade_mode=4 | tick_time=1789702530 | bid=4351.156 | ask=4351.416 | tick_ok=True | xau_open=True | current_symbol=XAUUSDm | startup=False
