Time (BKK),CloseTime (BKK),TF,Pattern,Type,RSI,ATR,dist_sma50,dist_sma200,body,range,Entry,SL,TP,Lot,P&L,Balance,Reason
2025-03-17 18:00,2025-03-17 18:00,H1,Naiya_Sweep_Far,BUY,59.14,6.58,0.32,,3.39,4.96,4329.82,4275.51,4360.31,0.01,-54.31,9945.69,SL
2025-03-17 18:00,2025-03-17 21:00,H1,Naiya Doji,SELL,59.14,6.58,0.32,,3.39,4.96,2998.8,3001.16,2972.0,0.01,-2.36,9943.33,SL
2025-03-17 19:00,2025-03-17 19:00,H1,Naiya_Sweep_Far,BUY,64.61,6.45,0.35,,1.44,3.4,4329.82,4275.51,4360.31,0.01,-54.31,9889.02,SL
2025-03-17 19:00,2025-03-18 02:00,H1,Naiya,BUY,64.61,6.45,0.35,,1.44,3.4,2997.18,2993.0,3006.2,0.01,9.02,9898.04,TP
2025-03-17 20:00,2025-03-17 20:00,H1,Naiya_Sweep_Far,BUY,62.99,6.39,0.37,,0.99,3.18,4329.82,4275.51,4360.31,0.01,-54.31,9843.73,SL
2025-03-19 01:00,2025-03-19 04:00,H1,Naiya,SELL,63.89,5.85,0.78,,0.31,3.58,3033.24,3034.53,2988.58,0.01,-1.29,9842.44,SL
2025-03-19 04:00,2025-03-19 04:00,H1,Naiya Doji,SELL,52.96,5.46,0.85,,2.96,6.74,3036.61,3038.03,2986.42,0.01,-1.42,9841.02,SL
2025-03-19 04:00,2025-03-19 04:00,H1,Naiya Doji,SELL,52.96,5.46,0.85,,2.96,6.74,3036.61,3038.03,2986.42,0.01,-1.42,9839.6,SL
2025-03-19 04:00,2025-03-19 04:00,H1,Naiya Doji,SELL,52.96,5.46,0.85,,2.96,6.74,3036.61,3038.03,2986.42,0.01,-1.42,9838.18,SL
2025-03-19 04:00,2025-03-19 04:00,H1,Naiya Doji,SELL,52.96,5.46,0.85,,2.96,6.74,3036.61,3038.03,2986.42,0.01,-1.42,9836.76,SL
2025-03-19 11:00,2025-03-19 12:00,H1,Naiya Doji,SELL,49.27,6.36,0.58,,4.22,9.33,3036.61,3038.03,3016.53,0.01,-1.42,9835.34,SL
2025-03-19 11:00,2025-03-19 12:00,H1,Naiya Doji,SELL,49.27,6.36,0.58,,4.22,9.33,3036.61,3038.03,3016.53,0.01,-1.42,9833.92,SL
2025-03-19 12:00,2025-03-19 12:00,H1,Naiya Doji,SELL,54.63,6.6,0.68,,4.28,6.16,3036.61,3038.03,3016.53,0.01,-1.42,9832.5,SL
2025-03-19 17:00,2025-03-19 17:00,H1,Naiya Doji,SELL,49.75,7.8,0.36,,1.5,6.95,3036.61,3038.03,3013.32,0.01,-1.42,9831.08,SL
2025-03-19 17:00,2025-03-19 17:00,H1,Naiya Doji,SELL,49.75,7.8,0.36,,1.5,6.95,3036.61,3038.03,3013.32,0.01,-1.42,9829.66,SL
2025-03-19 17:00,2025-03-19 17:00,H1,Naiya Doji,SELL,49.75,7.8,0.36,,1.5,6.95,3036.61,3038.03,3013.32,0.01,-1.42,9828.24,SL
2025-03-19 19:00,2025-03-19 19:00,H1,Naiya Doji,SELL,56.71,8.75,0.75,,16.55,18.45,3036.61,3038.03,3013.32,0.01,-1.42,9826.82,SL
2025-03-19 19:00,2025-03-19 19:00,H1,Naiya Doji,SELL,56.71,8.75,0.75,,16.55,18.45,3034.84,3038.31,3013.15,0.01,-3.47,9823.35,SL
2025-03-19 19:00,2025-03-19 19:00,H1,Naiya,SELL,56.71,8.75,0.75,,16.55,18.45,3031.52,3038.31,3013.15,0.01,-6.79,9816.56,SL
2025-03-20 03:00,2025-03-20 05:00,H1,Naiya,SELL,56.57,7.1,0.48,,3.99,7.19,3050.05,3055.56,3002.49,0.01,-5.51,9811.05,SL
2025-03-20 07:00,2025-03-21 14:00,H1,Naiya,SELL,67.39,7.06,0.47,,2.13,5.78,3049.95,3057.4,3006.5,0.01,43.45,9854.5,TP
2025-03-21 01:00,2025-03-21 14:00,H1,Naiya,SELL,51.53,6.49,0.09,,3.67,5.14,3046.91,3051.5,3010.14,0.01,36.77,9891.27,TP
2025-03-24 07:00,2025-03-24 15:00,H1,GapSweep,BUY,67.4,6.09,-0.22,,3.0,8.34,3021.09,3008.9,3075.97,0.01,-12.19,9879.08,SL
2025-03-25 15:00,2025-03-27 05:00,H1,Naiya Doji,SELL,61.07,6.59,0.22,0.46,3.94,11.06,3035.84,3038.13,3011.69,0.01,-2.29,9876.79,SL
2025-03-25 15:00,2025-03-27 05:00,H1,Naiya Doji,SELL,61.07,6.59,0.22,0.46,3.94,11.06,3035.84,3038.13,3011.69,0.01,-2.29,9874.5,SL
2025-03-26 01:00,2025-03-26 09:00,H1,GapSweep,SELL,41.73,5.46,-0.02,0.11,2.8,4.37,3021.09,3032.02,2951.5,0.01,-10.93,9863.57,SL
2025-03-27 07:00,2025-03-27 10:00,H1,Naiya,SELL,73.78,4.99,0.27,0.29,0.39,6.69,3033.51,3038.58,2996.04,0.01,-5.07,9858.5,SL
2025-03-27 08:00,2025-03-27 10:00,H1,Naiya Doji,SELL,78.46,5.16,0.45,0.47,5.74,7.38,3035.15,3038.58,2996.04,0.01,-3.43,9855.07,SL
2025-03-27 11:00,2025-03-27 15:00,H1,Naiya Doji,SELL,86.82,6.38,0.91,0.96,11.35,15.89,3052.74,3057.4,3006.5,0.01,-4.66,9850.41,SL
2025-03-27 11:00,2025-03-27 15:00,H1,Naiya Doji,SELL,86.82,6.38,0.91,0.96,11.35,15.89,3052.74,3057.4,3006.5,0.01,-4.66,9845.75,SL
2025-03-27 11:00,2025-03-27 15:00,H1,Naiya Doji,SELL,86.82,6.38,0.91,0.96,11.35,15.89,3052.74,3057.4,3006.5,0.01,-4.66,9841.09,SL
2025-03-28 16:00,2025-03-28 16:00,H1,Naiya,SELL,57.39,9.8,1.16,1.68,13.49,18.21,3077.34,3084.1,3035.56,0.01,-6.76,9834.33,SL
2025-03-28 21:00,2025-03-31 00:00,H1,Naiya Doji,SELL,49.94,9.5,0.98,1.65,3.96,5.17,3083.56,3086.68,3033.97,0.01,-3.12,9831.210000000001,SL
2025-03-28 21:00,2025-03-31 00:00,H1,Naiya,SELL,49.94,9.5,0.98,1.65,3.96,5.17,3083.72,3086.68,3033.97,0.01,-2.96,9828.25,SL
2025-03-28 21:00,2025-03-31 00:00,H1,Naiya Doji,SELL,49.94,9.5,0.98,1.65,3.96,5.17,3083.56,3086.68,3053.43,0.01,-3.12,9825.130000000001,SL
2025-03-31 03:00,2025-03-31 04:00,H1,Naiya Doji,SELL,62.53,10.22,1.12,1.94,15.77,18.82,3093.09,3097.55,3048.88,0.01,-4.46,9820.67,SL
2025-03-31 03:00,2025-03-31 04:00,H1,Naiya Hidden,SELL,62.53,10.22,1.12,1.94,15.77,18.82,3084.64,3098.72,3048.16,0.01,-14.08,9806.59,SL
2025-03-31 16:00,2025-03-31 17:00,H1,Naiya,SELL,75.83,11.72,1.31,2.68,9.73,12.63,3119.51,3126.56,3045.92,0.01,-7.05,9799.54,SL
2025-04-01 14:00,2025-04-01 18:00,H1,Naiya,SELL,58.87,9.07,0.76,2.7,2.95,6.75,3132.33,3139.02,3108.29,0.01,24.04,9823.58,TP
2025-04-01 15:00,2025-04-01 18:00,H1,Naiya Doji,SELL,61.77,9.24,0.74,2.7,0.68,8.92,3134.89,3139.02,3108.29,0.01,26.6,9850.18,TP
2025-04-02 03:00,2025-04-02 07:00,H1,Naiya Doji,SELL,50.51,9.78,0.45,2.56,10.04,13.99,3134.89,3139.02,3108.29,0.01,26.6,9876.78,TP
2025-04-02 03:00,2025-04-02 07:00,H1,Naiya Doji,SELL,50.51,9.78,0.45,2.56,10.04,13.99,3132.69,3137.15,3109.45,0.01,23.24,9900.02,TP
2025-04-02 03:00,2025-04-02 07:00,H1,Naiya Doji,SELL,50.51,9.78,0.45,2.56,10.04,13.99,3132.69,3137.15,3109.45,0.01,23.24,9923.26,TP
2025-04-02 03:00,2025-04-02 07:00,H1,Naiya Doji,SELL,50.51,9.78,0.45,2.56,10.04,13.99,3132.69,3137.15,3109.45,0.01,23.24,9946.5,TP
2025-04-02 03:00,2025-04-02 07:00,H1,Naiya Doji,SELL,50.51,9.78,0.45,2.56,10.04,13.99,3132.69,3137.15,3109.45,0.01,23.24,9969.74,TP
2025-04-02 10:00,2025-04-03 00:00,H1,Naiya Doji,SELL,66.56,8.98,0.25,2.4,6.07,10.34,3132.69,3137.15,3078.5,0.01,-4.46,9965.28,SL
2025-04-02 10:00,2025-04-03 00:00,H1,Naiya Doji,SELL,66.56,8.98,0.25,2.4,6.07,10.34,3132.69,3137.15,3078.5,0.01,-4.46,9960.82,SL
2025-04-02 10:00,2025-04-03 00:00,H1,Naiya Doji,SELL,66.56,8.98,0.25,2.4,6.07,10.34,3132.69,3137.15,3078.5,0.01,-4.46,9956.36,SL
2025-04-02 18:00,2025-04-03 00:00,H1,Naiya Doji,SELL,52.22,10.44,0.22,2.3,5.65,8.47,3132.69,3137.15,3089.56,0.01,-4.46,9951.9,SL
2025-04-02 18:00,2025-04-03 00:00,H1,Naiya Doji,SELL,52.22,10.44,0.22,2.3,5.65,8.47,3132.69,3137.15,3089.56,0.01,-4.46,9947.44,SL
2025-04-03 05:00,2025-04-03 14:00,H1,Naiya,SELL,65.69,12.92,0.61,2.68,2.83,7.37,3151.48,3163.04,3077.5,0.01,73.98,10021.42,TP
2025-04-03 16:00,2025-04-03 16:00,H1,Naiya Doji,SELL,42.02,19.61,0.14,1.88,43.17,49.81,3129.07,3132.07,3106.89,0.01,-3.0,10018.42,SL
2025-04-03 16:00,2025-04-03 16:00,H1,Naiya Doji,SELL,42.02,19.61,0.14,1.88,43.17,49.81,3129.07,3132.07,3106.89,0.01,-3.0,10015.42,SL
2025-04-03 16:00,2025-04-03 16:00,H1,Naiya Doji,SELL,42.02,19.61,0.14,1.88,43.17,49.81,3129.07,3132.07,3106.89,0.01,-3.0,10012.42,SL
2025-04-03 16:00,2025-04-03 16:00,H1,Naiya Doji,SELL,42.02,19.61,0.14,1.88,43.17,49.81,3129.07,3132.07,3106.89,0.01,-3.0,10009.42,SL
2025-04-04 05:00,2025-04-04 16:00,H1,GapSweep,BUY,52.11,18.3,-0.73,0.73,1.68,11.92,3092.46,3055.86,3257.28,0.01,-36.6,9972.82,SL
2025-04-04 13:00,2025-04-04 13:00,H1,Naiya Doji,SELL,51.84,14.28,-0.24,1.02,0.06,41.07,3129.07,3132.07,3106.89,0.01,-3.0,9969.82,SL
2025-04-04 13:00,2025-04-04 13:00,H1,Naiya Doji,SELL,51.84,14.28,-0.24,1.02,0.06,41.07,3129.07,3132.07,3005.9,0.01,-3.0,9966.82,SL
2025-04-04 13:00,2025-04-04 13:00,H1,Naiya Doji,SELL,51.84,14.28,-0.24,1.02,0.06,41.07,3129.07,3132.07,3005.9,0.01,-3.0,9963.82,SL
2025-04-04 13:00,2025-04-04 13:00,H1,Naiya Doji,SELL,51.84,14.28,-0.24,1.02,0.06,41.07,3129.07,3132.07,3005.9,0.01,-3.0,9960.82,SL
2025-04-04 16:00,2025-04-04 16:00,H1,Naiya Doji,BUY,25.7,19.91,-2.42,-1.34,23.37,34.68,3030.07,4318.87,4379.12,0.01,1288.8,11249.62,SL
2025-04-04 17:00,2025-04-04 17:00,H1,Naiya Doji,BUY,23.22,21.81,-2.89,-1.88,16.56,33.24,3017.4,4319.49,4376.35,0.01,1302.09,12551.71,SL
2025-04-04 17:00,2025-04-04 17:00,H1,Naiya Doji,BUY,23.22,21.81,-2.89,-1.88,16.56,33.24,3017.4,4319.15,4377.89,0.01,1301.75,13853.46,SL
2025-04-04 17:00,2025-04-04 17:00,H1,Naiya Doji,BUY,23.22,21.81,-2.89,-1.88,16.56,33.24,3017.4,4319.17,4377.78,0.01,1301.77,15155.23,SL
2025-04-04 17:00,2025-04-04 17:00,H1,Naiya Doji,BUY,23.22,21.81,-2.89,-1.88,16.56,33.24,3017.4,4319.82,4374.86,0.01,1302.42,16457.65,SL
2025-04-04 17:00,2025-04-04 17:00,H1,Naiya_Sweep_Far,BUY,23.22,21.81,-2.89,-1.88,16.56,33.24,4329.82,4275.51,4360.31,0.01,-54.31,16403.34,SL
2025-04-04 18:00,2025-04-04 18:00,H1,Naiya_Sweep_Far,BUY,29.5,21.61,-2.54,-1.59,9.17,18.98,4329.82,4275.51,4360.31,0.01,-54.31,16349.029999999999,SL
2025-04-04 19:00,2025-04-04 19:00,H1,Naiya_Sweep_Far,BUY,27.86,21.99,-2.64,-1.75,5.07,17.23,4329.82,4275.51,4360.31,0.01,-54.31,16294.719999999998,SL
2025-04-04 20:00,2025-04-04 20:00,H1,Naiya_Sweep_Far,BUY,27.08,22.05,-2.59,-1.77,0.26,9.92,4329.82,4275.51,4360.31,0.01,-54.31,16240.409999999998,SL
2025-04-04 21:00,2025-04-04 21:00,H1,Naiya_Sweep_Far,BUY,28.07,22.67,-2.18,-1.41,10.98,18.68,4329.82,4275.51,4360.31,0.01,-54.31,16186.099999999999,SL
2025-04-07 00:00,2025-04-07 00:00,H1,Naiya Doji,BUY,25.13,24.61,-2.98,-2.29,19.19,28.71,3024.31,4284.47,4534.03,0.01,1260.16,17446.26,SL
2025-04-07 00:00,2025-04-07 00:00,H1,Naiya,BUY,25.13,24.61,-2.98,-2.29,19.19,28.71,3025.84,3017.99,3210.08,0.01,-7.85,17438.409999999996,SL
2025-04-07 00:00,2025-04-07 00:00,H1,Naiya_Sweep_Far,BUY,25.13,24.61,-2.98,-2.29,19.19,28.71,4329.82,4275.51,4360.31,0.01,-54.31,17384.1,SL
2025-04-07 01:00,2025-04-07 01:00,H1,Naiya_Sweep_Far,BUY,24.95,26.67,-3.21,-2.6,9.56,40.23,4329.82,4275.51,4360.31,0.01,-54.31,17329.789999999997,SL
2025-04-07 02:00,2025-04-07 02:00,H1,Naiya_Sweep_Far,BUY,23.39,28.3,-3.8,-3.28,20.92,38.54,4329.82,4275.51,4360.31,0.01,-54.31,17275.479999999996,SL
2025-04-07 03:00,2025-04-07 03:00,H1,Naiya_Sweep_Far,BUY,39.52,33.36,-1.83,-1.35,59.42,82.95,4329.82,4275.51,4360.31,0.01,-54.31,17221.169999999995,SL
2025-04-07 04:00,2025-04-07 04:00,H1,Naiya_Sweep_Far,BUY,32.7,33.76,-2.16,-1.75,12.04,31.1,4329.82,4275.51,4360.31,0.01,-54.31,17166.859999999993,SL
2025-04-07 05:00,2025-04-07 05:00,H1,Naiya Doji,BUY,31.76,32.04,-2.32,-1.98,6.94,16.87,3024.31,4263.1,4630.3,0.01,1238.79,18405.649999999994,SL
2025-04-07 05:00,2025-04-07 05:00,H1,Naiya_Sweep_Far,BUY,31.76,32.04,-2.32,-1.98,6.94,16.87,4329.82,4275.51,4360.31,0.01,-54.31,18351.339999999997,SL
2025-04-07 06:00,2025-04-07 06:00,H1,Naiya_Sweep_Far,BUY,42.15,30.23,-1.72,-1.45,16.5,16.61,4329.82,4275.51,4360.31,0.01,-54.31,18297.029999999995,SL
2025-04-07 07:00,2025-04-07 07:00,H1,Naiya_Sweep_Far,BUY,43.3,29.66,-1.75,-1.56,3.4,19.69,4329.82,4275.51,4360.31,0.01,-54.31,18242.719999999994,SL
2025-04-07 07:00,2025-04-07 08:00,H1,Naiya,BUY,43.3,29.66,-1.75,-1.56,3.4,19.69,3025.96,3017.18,3210.58,0.01,-8.78,18233.939999999995,SL
2025-04-07 08:00,2025-04-07 08:00,H1,Naiya Doji,BUY,47.76,28.39,-1.75,-1.65,2.61,16.87,3024.31,4269.36,4602.09,0.01,1245.05,19478.989999999994,SL
2025-04-07 08:00,2025-04-07 08:00,H1,Naiya_Sweep_Far,BUY,47.76,28.39,-1.75,-1.65,2.61,16.87,4329.82,4275.51,4360.31,0.01,-54.31,19424.679999999993,SL
2025-04-07 09:00,2025-04-07 09:00,H1,Naiya_Sweep_Far,BUY,49.16,27.25,-2.02,-2.0,10.85,17.33,4329.82,4275.51,4360.31,0.01,-54.31,19370.369999999995,SL
2025-04-07 10:00,2025-04-07 10:00,H1,Naiya_Sweep_Far,BUY,50.06,27.15,-1.54,-1.59,12.6,17.52,4329.82,4275.51,4360.31,0.01,-54.31,19316.059999999998,SL
2025-04-07 11:00,2025-04-07 11:00,H1,Naiya_Sweep_Far,BUY,49.8,26.92,-1.66,-1.79,6.31,14.02,4329.82,4275.51,4360.31,0.01,-54.31,19261.749999999996,SL
2025-04-07 11:00,2025-04-07 15:00,H1,Naiya,BUY,49.8,26.92,-1.66,-1.79,6.31,14.02,3029.43,3013.43,3081.69,0.01,-16.0,19245.749999999996,SL
2025-04-07 12:00,2025-04-07 12:00,H1,Naiya_Sweep_Far,BUY,51.41,27.1,-1.38,-1.59,6.23,12.47,4329.82,4275.51,4360.31,0.01,-54.31,19191.439999999995,SL
2025-04-07 13:00,2025-04-07 13:00,H1,Naiya_Sweep_Far,BUY,48.59,26.91,-1.33,-1.6,0.27,15.92,4329.82,4275.51,4360.31,0.01,-54.31,19137.129999999997,SL
2025-04-07 14:00,2025-04-07 14:00,H1,Naiya_Sweep_Far,BUY,56.47,25.57,-1.26,-1.59,0.19,17.89,4329.82,4275.51,4360.31,0.01,-54.31,19082.82,SL
2025-04-07 14:00,2025-04-07 19:00,H1,GapSweep,BUY,56.47,25.57,-1.26,-1.59,0.19,17.89,3028.75,2963.7,3245.16,0.01,-65.05,19017.769999999997,SL
2025-04-07 15:00,2025-04-07 15:00,H1,Naiya_Sweep_Far,BUY,54.44,24.97,-1.7,-2.11,15.83,31.74,4329.82,4275.51,4360.31,0.01,-54.31,18963.46,SL
2025-04-07 16:00,2025-04-07 16:00,H1,Naiya_Sweep_Far,BUY,55.92,25.17,-2.15,-2.64,16.37,41.42,4329.82,4275.51,4360.31,0.01,-54.31,18909.15,SL
2025-04-07 16:00,2025-04-07 18:00,H1,Naiya,BUY,55.92,25.17,-2.15,-2.64,16.37,41.42,2999.93,2971.11,3239.05,0.01,-28.82,18880.33,SL
2025-04-07 16:00,2025-04-09 16:00,H1,GapSweep,SELL,55.92,25.17,-2.15,-2.64,16.37,41.42,3028.75,3079.09,2708.13,0.01,-50.34,18829.989999999998,SL
2025-04-07 17:00,2025-04-07 17:00,H1,Naiya_Sweep_Far,BUY,29.19,21.0,-2.44,-3.0,11.56,24.6,4329.82,4275.51,4360.31,0.01,-54.31,18775.68,SL
2025-04-07 18:00,2025-04-07 18:00,H1,Naiya_Sweep_Far,BUY,28.04,20.06,-2.92,-3.55,17.01,17.86,4329.82,4275.51,4360.31,0.01,-54.31,18721.370000000003,SL
2025-04-07 19:00,2025-04-07 19:00,H1,Naiya_Sweep_Far,BUY,29.64,20.19,-2.85,-3.55,0.36,18.74,4329.82,4275.51,4360.31,0.01,-54.31,18667.06,SL
2025-04-07 20:00,2025-04-07 20:00,H1,Naiya_Sweep_Far,BUY,17.7,19.91,-2.93,-3.69,4.37,12.72,4329.82,4275.51,4360.31,0.01,-54.31,18612.75,SL
2025-04-07 21:00,2025-04-07 21:00,H1,Naiya_Sweep_Far,BUY,26.83,19.7,-2.46,-3.28,12.23,16.67,4329.82,4275.51,4360.31,0.01,-54.31,18558.440000000002,SL
2025-04-08 00:00,2025-04-08 00:00,H1,Naiya_Sweep_Far,BUY,32.56,19.25,-2.09,-3.0,4.56,7.91,4329.82,4275.51,4360.31,0.01,-54.31,18504.130000000005,SL
2025-04-08 01:00,2025-04-08 01:00,H1,Naiya_Sweep_Far,BUY,34.08,18.64,-2.18,-3.17,5.36,8.8,4329.82,4275.51,4360.31,0.01,-54.31,18449.820000000003,SL
2025-04-08 02:00,2025-04-08 02:00,H1,Naiya_Sweep_Far,BUY,28.87,18.28,-1.97,-3.03,4.04,12.37,4329.82,4275.51,4360.31,0.01,-54.31,18395.510000000002,SL
2025-04-09 01:00,2025-04-09 19:00,H1,Naiya,BUY,32.57,12.77,-0.91,-3.19,3.85,20.96,2970.17,2963.94,3096.92,0.01,126.75,18522.260000000002,TP
2025-04-10 04:00,2025-04-10 04:00,H1,Naiya Doji,SELL,63.32,23.82,3.03,1.37,25.54,26.5,3114.51,3116.66,3054.95,0.01,-2.15,18520.110000000004,SL
2025-04-10 04:00,2025-04-10 15:00,H1,Naiya Doji,SELL,63.32,23.82,3.03,1.37,25.54,26.5,3116.18,3136.71,3042.56,0.01,-20.53,18499.58,SL
2025-04-10 04:00,2025-04-10 15:00,H1,Naiya Doji,SELL,63.32,23.82,3.03,1.37,25.54,26.5,3116.18,3136.71,3042.56,0.01,-20.53,18479.050000000003,SL
2025-04-10 04:00,2025-04-10 15:00,H1,Naiya Doji,SELL,63.32,23.82,3.03,1.37,25.54,26.5,3116.18,3136.71,3042.56,0.01,-20.53,18458.520000000004,SL
2025-04-10 12:00,2025-04-10 14:00,H1,Naiya Doji,SELL,62.87,15.48,2.37,1.32,3.11,8.18,3122.62,3132.43,2996.66,0.01,-9.81,18448.710000000003,SL
2025-04-10 16:00,2025-04-10 16:00,H1,Naiya,SELL,74.06,17.09,3.18,2.41,37.56,37.82,3145.19,3152.2,3084.2,0.01,-7.01,18441.700000000004,SL
2025-04-11 07:00,2025-04-11 10:00,H1,Naiya Doji,SELL,73.11,15.46,2.73,3.54,12.51,32.17,3217.02,3219.92,3031.37,0.01,-2.9,18438.800000000003,SL
2025-04-11 07:00,2025-04-11 10:00,H1,Naiya,SELL,73.11,15.46,2.73,3.54,12.51,32.17,3217.42,3219.92,3031.37,0.01,-2.5,18436.300000000003,SL
2025-04-11 10:00,2025-04-11 10:00,H1,Naiya Doji,SELL,76.17,16.17,2.96,4.13,3.52,18.99,3217.02,3219.92,3031.37,0.01,-2.9,18433.4,SL
2025-04-11 10:00,2025-04-11 10:00,H1,Naiya Doji,SELL,76.17,16.17,2.96,4.13,3.52,18.99,3217.02,3219.92,3031.37,0.01,-2.9,18430.500000000004,SL
2025-04-11 10:00,2025-04-11 10:00,H1,Naiya Doji,SELL,76.17,16.17,2.96,4.13,3.52,18.99,3217.02,3219.92,3031.37,0.01,-2.9,18427.600000000006,SL
2025-04-11 13:00,2025-04-11 13:00,H1,Naiya Doji,SELL,67.02,18.0,2.53,4.01,1.04,13.39,3217.02,3219.92,3109.41,0.01,-2.9,18424.700000000004,SL
2025-04-11 14:00,2025-04-11 14:00,H1,Naiya Doji,SELL,68.89,18.62,3.04,4.64,19.91,22.96,3217.02,3219.92,3109.41,0.01,-2.9,18421.800000000003,SL
2025-04-11 19:00,2025-04-14 02:00,H1,Naiya,SELL,55.66,19.42,2.48,4.55,10.74,12.4,3230.09,3241.97,3095.78,0.01,-11.88,18409.920000000006,SL
2025-04-11 22:00,2025-04-11 22:00,H1,Naiya Doji,SELL,65.1,16.72,2.29,4.61,6.38,7.97,3234.77,3238.31,3155.53,0.01,-3.54,18406.380000000005,SL
2025-04-11 22:00,2025-04-11 22:00,H1,Naiya,SELL,65.1,16.72,2.29,4.61,6.38,7.97,3233.85,3238.31,3155.53,0.01,-4.46,18401.920000000006,SL
2025-04-14 02:00,2025-04-14 02:00,H1,Naiya Doji,SELL,54.39,16.72,2.07,4.64,19.06,28.16,3234.77,3238.31,3155.53,0.01,-3.54,18398.380000000005,SL
2025-04-14 02:00,2025-04-14 02:00,H1,Naiya Doji,SELL,54.39,16.72,2.07,4.64,19.06,28.16,3234.77,3238.31,3155.53,0.01,-3.54,18394.840000000004,SL
2025-04-14 02:00,2025-04-21 01:00,H1,GapSweep,BUY,54.39,16.72,2.07,4.64,19.06,28.16,3218.21,3184.77,3368.78,0.01,150.57,18545.410000000003,TP
2025-04-14 06:00,2025-04-14 13:00,H1,Naiya Doji,SELL,54.56,13.81,1.53,4.4,7.07,14.66,3234.77,3238.31,3201.21,0.01,33.56,18578.97,TP
2025-04-15 04:00,2025-04-15 05:00,H1,Naiya Doji,SELL,52.86,11.45,0.3,3.9,4.0,5.67,3226.27,3231.74,3205.27,0.01,-5.47,18573.500000000004,SL
2025-04-15 07:00,2025-04-15 21:00,H1,Naiya,SELL,59.64,8.46,0.14,3.74,0.52,5.58,3228.35,3232.59,3169.59,0.01,-4.24,18569.260000000002,SL
2025-04-15 08:00,2025-04-16 06:00,H1,GapSweep,BUY,73.02,8.06,0.14,3.74,0.56,9.2,3218.21,3202.09,3290.78,0.01,72.57,18641.83,TP
2025-04-15 13:00,2025-04-16 06:00,H1,GapSweep,BUY,63.11,7.95,-0.03,3.52,1.43,11.89,3218.21,3202.31,3289.82,0.01,71.61,18713.440000000002,TP
2025-04-16 00:00,2025-04-16 00:00,H1,Naiya Doji,SELL,71.33,9.47,0.89,4.35,11.67,13.51,3234.77,3238.31,3201.21,0.01,-3.54,18709.9,SL
2025-04-16 00:00,2025-04-16 00:00,H1,Naiya Doji,SELL,71.33,9.47,0.89,4.35,11.67,13.51,3234.77,3238.31,3201.21,0.01,-3.54,18706.36,SL
2025-04-16 00:00,2025-04-16 00:00,H1,Naiya Doji,SELL,71.33,9.47,0.89,4.35,11.67,13.51,3234.77,3238.31,3201.21,0.01,-3.54,18702.82,SL
2025-04-16 00:00,2025-04-16 01:00,H1,Naiya Hidden,SELL,71.33,9.47,0.89,4.35,11.67,13.51,3234.44,3252.84,3192.23,0.01,-18.4,18684.420000000002,SL
2025-04-17 02:00,2025-04-17 02:00,H1,Naiya Doji,SELL,62.54,14.19,1.83,5.9,21.41,35.39,3349.83,3352.61,3124.42,0.01,-2.78,18681.64,SL
2025-04-17 04:00,2025-04-21 01:00,H1,Naiya Hidden,SELL,69.04,14.13,2.3,6.47,4.24,7.37,3342.36,3363.65,3117.6,0.01,-21.29,18660.35,SL
2025-04-17 14:00,2025-04-17 14:00,H1,Naiya Doji,BUY,30.84,14.3,0.75,5.14,13.04,20.13,3318.85,4304.31,4444.72,0.01,985.46,19645.81,SL
2025-04-17 14:00,2025-04-17 14:00,H1,Naiya Doji,BUY,30.84,14.3,0.75,5.14,13.04,20.13,3318.85,4302.63,4452.26,0.01,983.78,20629.590000000004,SL
2025-04-17 15:00,2025-04-17 15:00,H1,Naiya Doji,BUY,25.46,15.87,-0.02,4.34,23.89,31.25,3303.38,4301.22,4458.62,0.01,997.84,21627.43,SL
2025-04-17 15:00,2025-04-17 15:00,H1,Naiya_Sweep_Far,BUY,25.46,15.87,-0.02,4.34,23.89,31.25,4329.82,4275.51,4360.31,0.01,-54.31,21573.120000000003,SL
2025-04-17 16:00,2025-04-17 16:00,H1,Naiya_Sweep_Far,BUY,35.23,14.35,0.09,4.45,4.99,14.14,4329.82,4275.51,4360.31,0.01,-54.31,21518.810000000005,SL
2025-04-17 17:00,2025-04-17 17:00,H1,Naiya_Sweep_Far,BUY,37.61,14.66,0.64,5.04,19.85,23.93,4329.82,4275.51,4360.31,0.01,-54.31,21464.500000000004,SL
2025-04-17 18:00,2025-04-17 18:00,H1,Naiya_Sweep_Far,BUY,36.69,14.73,0.66,5.08,2.86,8.26,4329.82,4275.51,4360.31,0.01,-54.31,21410.190000000002,SL
2025-04-17 19:00,2025-04-17 19:00,H1,Naiya_Sweep_Far,BUY,36.85,14.71,0.53,4.95,2.58,6.57,4329.82,4275.51,4360.31,0.01,-54.31,21355.880000000005,SL
2025-04-21 00:00,2025-04-21 01:00,H1,Naiya Doji,SELL,61.29,15.14,1.28,5.79,0.92,7.87,3349.83,3352.61,3124.42,0.01,-2.78,21353.100000000006,SL
2025-04-21 00:00,2025-04-21 01:00,H1,Naiya Doji,SELL,61.29,15.14,1.28,5.79,0.92,7.87,3349.83,3352.61,3124.42,0.01,-2.78,21350.320000000003,SL
2025-04-21 00:00,2025-04-21 01:00,H1,Naiya Doji,SELL,61.29,15.14,1.28,5.79,0.92,7.87,3349.83,3352.61,3124.42,0.01,-2.78,21347.54,SL
2025-04-21 00:00,2025-04-21 01:00,H1,Naiya Doji,SELL,61.29,15.14,1.28,5.79,0.92,7.87,3349.83,3352.61,3256.24,0.01,-2.78,21344.760000000002,SL
2025-04-21 06:00,2025-04-21 06:00,H1,Naiya Doji,SELL,75.16,14.7,1.86,6.61,9.09,10.2,3381.69,3385.27,3221.33,0.01,-3.58,21341.18,SL
2025-04-22 02:00,2025-04-22 02:00,H1,Naiya Doji,SELL,77.28,17.18,2.61,7.48,27.62,33.4,3436.89,3444.42,3350.45,0.01,-7.53,21333.65,SL
2025-04-22 02:00,2025-04-22 02:00,H1,Naiya,SELL,77.28,17.18,2.61,7.48,27.62,33.4,3431.26,3444.42,3350.45,0.01,-13.16,21320.49,SL
2025-04-22 14:00,2025-04-22 14:00,H1,Naiya Doji,BUY,45.85,24.62,0.69,5.51,12.9,41.02,3424.08,4289.25,4512.5,0.01,865.17,22185.660000000003,SL
2025-04-22 15:00,2025-04-22 15:00,H1,Naiya_Sweep_Far,BUY,51.16,24.46,0.96,5.79,11.28,20.92,4329.82,4275.51,4360.31,0.01,-54.31,22131.350000000002,SL
2025-04-22 16:00,2025-04-22 16:00,H1,Naiya Doji,BUY,39.99,23.71,0.54,5.34,12.34,22.86,3417.06,4280.89,4550.16,0.01,863.83,22995.18,SL
2025-04-22 17:00,2025-04-22 17:00,H1,Naiya_Sweep_Far,BUY,27.99,24.81,-0.23,4.52,24.75,48.96,4329.82,4275.51,4360.31,0.01,-54.31,22940.870000000003,SL
2025-04-22 18:00,2025-04-22 18:00,H1,Naiya_Sweep_Far,BUY,25.58,24.9,-0.01,4.72,8.8,24.12,4329.82,4275.51,4360.31,0.01,-54.31,22886.560000000005,SL
2025-04-22 19:00,2025-04-22 19:00,H1,Naiya_Sweep_Far,BUY,23.33,26.36,-0.64,4.03,20.34,29.24,4329.82,4275.51,4360.31,0.01,-54.31,22832.250000000004,SL
2025-04-22 20:00,2025-04-22 20:00,H1,Naiya_Sweep_Far,BUY,18.47,26.14,-0.87,3.76,6.79,19.07,4329.82,4275.51,4360.31,0.01,-54.31,22777.940000000002,SL
2025-04-22 21:00,2025-04-22 21:00,H1,Naiya_Sweep_Far,BUY,22.92,25.03,-0.73,3.9,6.52,9.38,4329.82,4275.51,4360.31,0.01,-54.31,22723.630000000005,SL
2025-04-23 00:00,2025-04-23 00:00,H1,Naiya_Sweep_Far,BUY,19.34,27.13,-2.06,2.47,1.46,18.1,4329.82,4275.51,4360.31,0.01,-54.31,22669.320000000007,SL
2025-04-23 01:00,2025-04-23 01:00,H1,Naiya_Sweep_Far,BUY,32.86,27.63,-1.18,3.37,31.29,36.55,4329.82,4275.51,4360.31,0.01,-54.31,22615.010000000006,SL
2025-04-23 04:00,2025-04-23 04:00,H1,Naiya Doji,BUY,27.01,30.53,-2.09,2.32,15.11,26.47,3341.13,4274.57,4578.64,0.01,933.44,23548.450000000004,SL
2025-04-23 05:00,2025-04-23 05:00,H1,Naiya_Sweep_Far,BUY,32.25,28.47,-1.87,2.51,7.86,11.5,4329.82,4275.51,4360.31,0.01,-54.31,23494.140000000007,SL
2025-04-23 06:00,2025-04-23 06:00,H1,Naiya Doji,BUY,30.35,27.93,-2.67,1.61,27.8,33.46,3318.85,4297.96,4473.28,0.01,979.11,24473.250000000007,SL
2025-04-23 06:00,2025-04-23 06:00,H1,Naiya_Sweep_Far,BUY,30.35,27.93,-2.67,1.61,27.8,33.46,4329.82,4275.51,4360.31,0.01,-54.31,24418.94000000001,SL
2025-04-23 06:00,2025-05-06 17:00,H1,GapSweep,SELL,30.35,27.93,-2.67,1.61,27.8,33.46,3349.03,3404.88,2993.31,0.01,-55.85,24363.090000000007,SL
2025-04-23 07:00,2025-04-23 07:00,H1,Naiya Doji,BUY,25.22,28.88,-3.17,1.0,18.42,34.31,3303.38,4300.49,4461.88,0.01,997.11,25360.200000000008,SL
2025-04-23 07:00,2025-04-23 07:00,H1,Naiya Doji,BUY,25.22,28.88,-3.17,1.0,18.42,34.31,3306.73,4300.37,4462.46,0.01,993.64,26353.840000000007,SL
2025-04-23 07:00,2025-04-23 07:00,H1,Naiya Doji,BUY,25.22,28.88,-3.17,1.0,18.42,34.31,3303.38,4300.39,4462.35,0.01,997.01,27350.850000000006,SL
2025-04-23 07:00,2025-04-23 07:00,H1,Naiya_Sweep_Far,BUY,25.22,28.88,-3.17,1.0,18.42,34.31,4329.82,4275.51,4360.31,0.01,-54.31,27296.540000000005,SL
2025-04-23 08:00,2025-04-23 08:00,H1,Naiya_Sweep_Far,BUY,31.57,28.68,-2.6,1.53,18.4,19.91,4329.82,4275.51,4360.31,0.01,-54.31,27242.230000000003,SL
2025-04-23 09:00,2025-04-23 09:00,H1,Naiya_Sweep_Far,BUY,35.42,26.32,-2.49,1.56,2.41,15.84,4329.82,4275.51,4360.31,0.01,-54.31,27187.920000000002,SL
2025-04-23 10:00,2025-04-23 10:00,H1,Naiya_Sweep_Far,BUY,32.45,26.26,-2.57,1.39,4.05,23.38,4329.82,4275.51,4360.31,0.01,-54.31,27133.61,SL
2025-04-23 11:00,2025-04-23 11:00,H1,Naiya_Sweep_Far,BUY,38.86,25.57,-2.18,1.72,12.35,19.55,4329.82,4275.51,4360.31,0.01,-54.31,27079.3,SL
2025-04-23 12:00,2025-04-23 12:00,H1,Naiya_Sweep_Far,BUY,39.14,25.45,-2.3,1.52,5.3,17.32,4329.82,4275.51,4360.31,0.01,-54.31,27024.989999999998,SL
2025-04-23 13:00,2025-04-23 13:00,H1,Naiya_Sweep_Far,BUY,35.16,26.41,-2.66,1.06,13.95,22.89,4329.82,4275.51,4360.31,0.01,-54.31,26970.679999999997,SL
2025-04-23 14:00,2025-04-23 14:00,H1,Naiya_Sweep_Far,BUY,36.92,25.92,-3.58,0.01,33.2,42.38,4329.82,4275.51,4360.31,0.01,-54.31,26916.369999999995,SL
2025-04-23 15:00,2025-04-23 15:00,H1,Naiya_Sweep_Far,BUY,30.37,25.9,-3.23,0.28,10.27,36.27,4329.82,4275.51,4360.31,0.01,-54.31,26862.059999999994,SL
2025-04-23 16:00,2025-04-23 16:00,H1,Naiya_Sweep_Far,BUY,25.4,25.71,-3.37,0.04,7.05,25.22,4329.82,4275.51,4360.31,0.01,-54.31,26807.749999999993,SL
2025-04-23 17:00,2025-04-23 17:00,H1,Naiya_Sweep_Far,BUY,34.52,25.36,-2.88,0.46,14.62,26.39,4329.82,4275.51,4360.31,0.01,-54.31,26753.43999999999,SL
2025-04-23 18:00,2025-04-23 18:00,H1,Naiya_Sweep_Far,BUY,34.75,25.17,-3.21,0.0,13.75,23.79,4329.82,4275.51,4360.31,0.01,-54.31,26699.12999999999,SL
2025-04-23 18:00,2025-04-25 14:00,H1,Naiya,BUY,34.75,25.17,-3.21,0.0,13.75,23.79,3287.45,3269.14,3459.22,0.01,-18.31,26680.81999999999,SL
2025-04-23 19:00,2025-04-23 19:00,H1,Naiya_Sweep_Far,BUY,32.53,25.01,-3.09,0.02,1.59,9.26,4329.82,4275.51,4360.31,0.01,-54.31,26626.509999999987,SL
2025-04-23 20:00,2025-04-23 20:00,H1,Naiya_Sweep_Far,BUY,42.43,23.65,-2.7,0.32,10.99,14.44,4329.82,4275.51,4360.31,0.01,-54.31,26572.199999999986,SL
2025-04-23 21:00,2025-04-23 21:00,H1,Naiya_Sweep_Far,BUY,45.99,22.04,-2.78,0.12,5.55,11.83,4329.82,4275.51,4360.31,0.01,-54.31,26517.889999999985,SL
2025-04-24 00:00,2025-04-24 00:00,H1,Naiya_Sweep_Far,BUY,49.14,22.64,-1.89,0.94,5.64,8.63,4329.82,4275.51,4360.31,0.01,-54.31,26463.579999999984,SL
2025-04-24 01:00,2025-04-24 01:00,H1,Naiya_Sweep_Far,BUY,52.88,23.36,-1.39,1.37,15.36,25.84,4329.82,4275.51,4360.31,0.01,-54.31,26409.269999999982,SL
2025-04-24 02:00,2025-04-24 02:00,H1,Naiya_Sweep_Far,BUY,60.09,24.3,-0.6,2.11,25.66,36.62,4329.82,4275.51,4360.31,0.01,-54.31,26354.959999999985,SL
2025-04-25 04:00,2025-05-06 02:00,H1,GapSweep,SELL,43.89,15.1,-0.12,0.39,24.95,31.45,3349.03,3379.23,3156.69,0.01,-30.2,26324.75999999998,SL
2025-04-25 06:00,2025-04-25 14:00,H1,Naiya,BUY,41.19,16.44,-0.94,-0.52,30.21,40.11,3293.94,3283.91,3375.52,0.01,-10.03,26314.72999999998,SL
2025-04-25 14:00,2025-04-25 14:00,H1,Naiya Doji,BUY,24.14,18.29,-1.12,-1.02,11.29,27.66,3278.27,4284.54,4533.75,0.01,1006.27,27320.99999999998,SL
2025-04-25 14:00,2025-04-25 14:00,H1,Naiya Doji,BUY,24.14,18.29,-1.12,-1.02,11.29,27.66,3278.27,4283.11,4540.18,0.01,1004.84,28325.839999999982,SL
2025-04-25 14:00,2025-04-25 14:00,H1,Naiya Doji,BUY,24.14,18.29,-1.12,-1.02,11.29,27.66,3278.27,4281.22,4548.7,0.01,1002.95,29328.789999999983,SL
2025-04-25 15:00,2025-04-25 15:00,H1,Naiya_Sweep_Far,BUY,18.06,18.18,-1.2,-1.13,3.29,12.55,4329.82,4275.51,4360.31,0.01,-54.31,29274.47999999998,SL
2025-04-25 16:00,2025-04-25 16:00,H1,Naiya_Sweep_Far,BUY,23.34,17.84,-1.03,-0.99,4.92,15.38,4329.82,4275.51,4360.31,0.01,-54.31,29220.16999999998,SL
2025-04-25 17:00,2025-04-25 17:00,H1,Naiya_Sweep_Far,BUY,23.06,17.72,-0.93,-0.92,2.4,7.23,4329.82,4275.51,4360.31,0.01,-54.31,29165.85999999998,SL
2025-04-25 18:00,2025-04-25 18:00,H1,Naiya_Sweep_Far,BUY,34.8,16.42,-0.67,-0.7,7.86,13.21,4329.82,4275.51,4360.31,0.01,-54.31,29111.549999999977,SL
2025-04-25 19:00,2025-04-25 19:00,H1,Naiya_Sweep_Far,BUY,32.51,16.22,-0.81,-0.85,4.8,8.6,4329.82,4275.51,4360.31,0.01,-54.31,29057.239999999976,SL
2025-04-25 20:00,2025-04-25 20:00,H1,Naiya_Sweep_Far,BUY,55.7,15.12,-0.33,-0.37,16.46,24.78,4329.82,4275.51,4360.31,0.01,-54.31,29002.929999999975,SL
2025-04-25 21:00,2025-04-25 21:00,H1,Naiya_Sweep_Far,BUY,57.67,14.83,0.08,0.05,14.15,14.61,4329.82,4275.51,4360.31,0.01,-54.31,28948.619999999974,SL
2025-04-28 02:00,2025-04-28 02:00,H1,Naiya,BUY,45.89,16.75,-1.09,-1.13,33.12,36.02,3293.23,3288.4,3409.3,0.01,-4.83,28943.78999999997,SL
2025-04-28 03:00,2025-04-28 03:00,H1,Naiya Doji,BUY,43.5,17.03,-1.09,-1.14,0.03,18.37,3277.84,4296.98,4477.7,0.01,1019.14,29962.92999999997,SL
2025-04-28 03:00,2025-04-28 03:00,H1,Naiya Doji,BUY,43.5,17.03,-1.09,-1.14,0.03,18.37,3277.84,4297.38,4475.9,0.01,1019.54,30982.469999999972,SL
2025-04-28 03:00,2025-04-28 03:00,H1,Naiya Doji,BUY,43.5,17.03,-1.09,-1.14,0.03,18.37,3277.84,4299.57,4466.04,0.01,1021.73,32004.19999999997,SL
2025-04-28 03:00,2025-04-28 03:00,H1,Naiya Doji,BUY,43.5,17.03,-1.09,-1.14,0.03,18.37,3277.84,4300.15,4463.42,0.01,1022.31,33026.50999999997,SL
2025-04-28 03:00,2025-04-28 03:00,H1,Naiya_Sweep_Far,BUY,43.5,17.03,-1.09,-1.14,0.03,18.37,4329.82,4275.51,4360.31,0.01,-54.31,32972.19999999997,SL
2025-04-28 04:00,2025-04-28 04:00,H1,Naiya_Sweep_Far,BUY,49.06,17.16,-0.79,-0.85,10.04,14.87,4329.82,4275.51,4360.31,0.01,-54.31,32917.88999999997,SL
2025-04-28 05:00,2025-04-28 05:00,H1,Naiya_Sweep_Far,BUY,52.2,17.05,-0.55,-0.61,8.2,10.44,4329.82,4275.51,4360.31,0.01,-54.31,32863.57999999997,SL
2025-04-28 06:00,2025-04-28 06:00,H1,Naiya_Sweep_Far,BUY,55.01,16.02,-0.66,-0.74,4.03,13.15,4329.82,4275.51,4360.31,0.01,-54.31,32809.26999999997,SL
2025-04-28 07:00,2025-04-28 07:00,H1,Naiya_Sweep_Far,BUY,51.8,16.16,-0.98,-1.1,11.8,14.54,4329.82,4275.51,4360.31,0.01,-54.31,32754.959999999966,SL
2025-04-28 08:00,2025-04-28 08:00,H1,Naiya_Sweep_Far,BUY,51.55,16.13,-0.81,-0.99,4.12,14.91,4329.82,4275.51,4360.31,0.01,-54.31,32700.649999999965,SL
2025-04-28 09:00,2025-04-28 09:00,H1,Naiya_Sweep_Far,BUY,49.05,16.28,-0.92,-1.14,4.77,9.37,4329.82,4275.51,4360.31,0.01,-54.31,32646.339999999964,SL
2025-04-28 10:00,2025-04-28 10:00,H1,Naiya Doji,BUY,43.62,16.26,-1.14,-1.39,8.18,12.96,3277.24,4295.5,4484.39,0.01,1018.26,33664.59999999996,SL
2025-04-28 10:00,2025-04-28 10:00,H1,Naiya Doji,BUY,43.62,16.26,-1.14,-1.39,8.18,12.96,3277.24,4295.71,4483.42,0.01,1018.47,34683.06999999996,SL
2025-04-28 10:00,2025-04-28 10:00,H1,Naiya Doji,BUY,43.62,16.26,-1.14,-1.39,8.18,12.96,3277.24,4297.79,4474.08,0.01,1020.55,35703.619999999966,SL
2025-04-28 10:00,2025-04-28 10:00,H1,Naiya Doji,BUY,43.62,16.26,-1.14,-1.39,8.18,12.96,3277.24,4297.57,4475.06,0.01,1020.33,36723.94999999997,SL
2025-04-28 10:00,2025-04-28 10:00,H1,Naiya_Sweep_Far,BUY,43.62,16.26,-1.14,-1.39,8.18,12.96,4329.82,4275.51,4360.31,0.01,-54.31,36669.63999999996,SL
2025-04-28 11:00,2025-04-28 11:00,H1,Naiya_Sweep_Far,BUY,50.37,16.99,-0.66,-0.95,15.1,18.79,4329.82,4275.51,4360.31,0.01,-54.31,36615.32999999996,SL
2025-04-28 12:00,2025-04-28 12:00,H1,Naiya_Sweep_Far,BUY,46.32,16.1,-0.51,-0.82,4.59,12.31,4329.82,4275.51,4360.31,0.01,-54.31,36561.01999999996,SL
2025-04-28 13:00,2025-04-28 13:00,H1,Naiya_Sweep_Far,BUY,41.38,15.74,-0.43,-0.78,1.9,9.6,4329.82,4275.51,4360.31,0.01,-54.31,36506.70999999996,SL
2025-04-28 14:00,2025-04-28 14:00,H1,Naiya_Sweep_Far,BUY,46.04,15.3,-0.49,-0.87,2.82,14.32,4329.82,4275.51,4360.31,0.01,-54.31,36452.39999999996,SL
2025-04-30 00:00,2025-04-30 09:00,H1,GapSweep,BUY,46.39,11.58,0.2,-0.62,1.04,6.8,3312.23,3289.08,3416.48,0.01,-23.15,36429.249999999956,SL
2025-04-30 09:00,2025-04-30 09:00,H1,Naiya Doji,BUY,17.76,10.66,-0.83,-1.64,22.62,27.22,3285.09,4297.62,4474.81,0.01,1012.53,37441.779999999955,SL
2025-04-30 09:00,2025-04-30 09:00,H1,Naiya Doji,BUY,17.76,10.66,-0.83,-1.64,22.62,27.22,3285.09,4298.34,4471.58,0.01,1013.25,38455.029999999955,SL
2025-04-30 09:00,2025-04-30 09:00,H1,Naiya Doji,BUY,17.76,10.66,-0.83,-1.64,22.62,27.22,3285.09,4299.21,4467.66,0.01,1014.12,39469.14999999995,SL
2025-04-30 09:00,2025-04-30 11:00,H1,Naiya,BUY,17.76,10.66,-0.83,-1.64,22.62,27.22,3282.67,3274.42,3346.94,0.01,-8.25,39460.89999999995,SL
2025-04-30 10:00,2025-04-30 10:00,H1,Naiya Doji,BUY,19.37,10.42,-1.08,-1.89,8.54,11.98,3277.24,4295.84,4482.83,0.01,1018.6,40479.499999999956,SL
2025-04-30 10:00,2025-04-30 10:00,H1,Naiya_Sweep_Far,BUY,19.37,10.42,-1.08,-1.89,8.54,11.98,4329.82,4275.51,4360.31,0.01,-54.31,40425.18999999995,SL
2025-04-30 11:00,2025-04-30 11:00,H1,Naiya_Sweep_Far,BUY,10.93,10.58,-1.17,-1.99,3.53,9.0,4329.82,4275.51,4360.31,0.01,-54.31,40370.87999999995,SL
2025-04-30 12:00,2025-04-30 12:00,H1,Naiya_Sweep_Far,BUY,10.07,11.04,-1.16,-1.99,0.23,13.38,4329.82,4275.51,4360.31,0.01,-54.31,40316.56999999995,SL
2025-04-30 13:00,2025-04-30 13:00,H1,Naiya_Sweep_Far,BUY,38.83,13.27,-0.38,-1.2,26.26,37.86,4329.82,4275.51,4360.31,0.01,-54.31,40262.25999999995,SL
2025-04-30 14:00,2025-04-30 14:00,H1,Naiya_Sweep_Far,BUY,45.59,14.47,-0.08,-0.9,10.1,23.5,4329.82,4275.51,4360.31,0.01,-54.31,40207.949999999946,SL
2025-04-30 15:00,2025-04-30 15:00,H1,Naiya_Sweep_Far,BUY,48.29,14.78,-0.06,-0.86,1.24,20.87,4329.82,4275.51,4360.31,0.01,-54.31,40153.63999999994,SL
2025-04-30 16:00,2025-04-30 16:00,H1,Naiya_Sweep_Far,BUY,49.94,14.83,-0.14,-0.92,1.79,15.63,4329.82,4275.51,4360.31,0.01,-54.31,40099.32999999994,SL
2025-04-30 16:00,2025-05-06 02:00,H1,GapSweep,SELL,49.94,14.83,-0.14,-0.92,1.79,15.63,3312.23,3341.89,3123.31,0.01,-29.66,40069.66999999994,SL
2025-04-30 17:00,2025-04-30 17:00,H1,Naiya_Sweep_Far,BUY,52.28,14.76,-0.07,-0.84,2.71,7.1,4329.82,4275.51,4360.31,0.01,-54.31,40015.35999999994,SL
2025-04-30 18:00,2025-04-30 18:00,H1,Naiya_Sweep_Far,BUY,50.29,14.83,-0.25,-1.0,5.49,8.55,4329.82,4275.51,4360.31,0.01,-54.31,39961.049999999945,SL
2025-04-30 19:00,2025-04-30 19:00,H1,Naiya_Sweep_Far,BUY,46.63,14.8,-0.35,-1.1,3.46,7.25,4329.82,4275.51,4360.31,0.01,-54.31,39906.73999999994,SL
2025-04-30 20:00,2025-04-30 20:00,H1,Naiya_Sweep_Far,BUY,42.89,15.27,-0.54,-1.28,6.09,13.67,4329.82,4275.51,4360.31,0.01,-54.31,39852.429999999935,SL
2025-04-30 21:00,2025-04-30 21:00,H1,Naiya_Sweep_Far,BUY,41.4,15.88,-0.73,-1.49,7.23,14.81,4329.82,4275.51,4360.31,0.01,-54.31,39798.11999999994,SL
2025-05-01 00:00,2025-05-01 00:00,H1,Naiya_Sweep_Far,BUY,35.14,16.4,-1.17,-1.94,4.52,15.41,4329.82,4275.51,4360.31,0.01,-54.31,39743.80999999994,SL
2025-05-01 00:00,2025-05-01 01:00,H1,Naiya,BUY,35.14,16.4,-1.17,-1.94,4.52,15.41,3272.51,3268.32,3364.88,0.01,-4.19,39739.61999999994,SL
2025-05-01 01:00,2025-05-01 01:00,H1,Naiya_Sweep_Far,BUY,34.03,16.95,-1.91,-2.72,26.43,34.97,4329.82,4275.51,4360.31,0.01,-54.31,39685.30999999994,SL
2025-05-01 02:00,2025-05-01 02:00,H1,Naiya_Sweep_Far,BUY,34.32,17.31,-2.09,-2.93,7.53,16.96,4329.82,4275.51,4360.31,0.01,-54.31,39630.999999999935,SL
2025-05-01 03:00,2025-05-01 03:00,H1,Naiya_Sweep_Far,BUY,36.82,17.85,-1.94,-2.84,2.62,16.59,4329.82,4275.51,4360.31,0.01,-54.31,39576.68999999993,SL
2025-05-01 04:00,2025-05-01 04:00,H1,Naiya_Sweep_Far,BUY,33.37,17.88,-2.24,-3.19,12.28,13.79,4329.82,4275.51,4360.31,0.01,-54.31,39522.37999999993,SL
2025-05-01 05:00,2025-05-01 05:00,H1,Naiya_Sweep_Far,BUY,15.86,15.94,-2.25,-3.26,2.7,10.69,4329.82,4275.51,4360.31,0.01,-54.31,39468.069999999934,SL
2025-05-01 06:00,2025-05-01 06:00,H1,Naiya_Sweep_Far,BUY,15.7,15.36,-1.89,-2.94,9.97,15.4,4329.82,4275.51,4360.31,0.01,-54.31,39413.75999999993,SL
2025-05-01 07:00,2025-05-01 07:00,H1,Naiya_Sweep_Far,BUY,14.6,14.54,-1.86,-2.95,0.93,9.31,4329.82,4275.51,4360.31,0.01,-54.31,39359.449999999924,SL
2025-05-01 08:00,2025-05-01 08:00,H1,Naiya Doji,BUY,14.11,14.19,-1.97,-3.1,5.51,10.78,3226.59,4299.1,4468.18,0.01,1072.51,40431.95999999993,SL
2025-05-01 08:00,2025-05-01 08:00,H1,Naiya Doji,BUY,14.11,14.19,-1.97,-3.1,5.51,10.78,3226.59,4300.75,4460.74,0.01,1074.16,41506.11999999992,SL
2025-05-01 08:00,2025-05-01 08:00,H1,Naiya_Sweep_Far,BUY,14.11,14.19,-1.97,-3.1,5.51,10.78,4329.82,4275.51,4360.31,0.01,-54.31,41451.809999999925,SL
2025-05-01 08:00,2025-05-01 10:00,H1,Naiya,BUY,14.11,14.19,-1.97,-3.1,5.51,10.78,3229.37,3221.24,3380.53,0.01,-8.13,41443.67999999992,SL
2025-05-01 09:00,2025-05-01 09:00,H1,Naiya_Sweep_Far,BUY,15.92,14.17,-1.77,-2.94,5.02,6.76,4329.82,4275.51,4360.31,0.01,-54.31,41389.36999999992,SL
2025-05-01 10:00,2025-05-01 10:00,H1,Naiya Doji,BUY,14.48,15.01,-2.21,-3.42,16.54,20.39,3226.59,4301.49,4457.41,0.01,1074.9,42464.269999999924,SL
2025-05-01 10:00,2025-05-01 10:00,H1,Naiya_Sweep_Far,BUY,14.48,15.01,-2.21,-3.42,16.54,20.39,4329.82,4275.51,4360.31,0.01,-54.31,42409.95999999992,SL
2025-05-01 11:00,2025-05-01 11:00,H1,Naiya_Sweep_Far,BUY,17.82,15.34,-2.04,-3.28,4.21,11.81,4329.82,4275.51,4360.31,0.01,-54.31,42355.64999999992,SL
2025-05-01 12:00,2025-05-01 12:00,H1,Naiya_Sweep_Far,BUY,16.31,16.06,-2.5,-3.78,17.44,23.83,4329.82,4275.51,4360.31,0.01,-54.31,42301.339999999924,SL
2025-05-01 13:00,2025-05-01 13:00,H1,Naiya_Sweep_Far,BUY,29.21,17.21,-1.79,-3.13,21.41,30.83,4329.82,4275.51,4360.31,0.01,-54.31,42247.02999999992,SL
2025-05-01 14:00,2025-05-01 14:00,H1,Naiya_Sweep_Far,BUY,32.03,16.9,-1.81,-3.19,2.58,14.47,4329.82,4275.51,4360.31,0.01,-54.31,42192.719999999914,SL
2025-05-01 15:00,2025-05-01 15:00,H1,Naiya_Sweep_Far,BUY,37.93,15.63,-1.92,-3.33,5.33,17.22,4329.82,4275.51,4360.31,0.01,-54.31,42138.409999999916,SL
2025-05-01 16:00,2025-05-01 16:00,H1,Naiya_Sweep_Far,BUY,39.67,15.61,-1.94,-3.4,2.64,16.74,4329.82,4275.51,4360.31,0.01,-54.31,42084.09999999992,SL
2025-05-01 17:00,2025-05-01 17:00,H1,Naiya_Sweep_Far,BUY,39.88,15.26,-1.8,-3.29,3.01,11.6,4329.82,4275.51,4360.31,0.01,-54.31,42029.78999999991,SL
2025-05-01 18:00,2025-05-01 18:00,H1,Naiya_Sweep_Far,BUY,42.82,15.04,-1.88,-3.43,4.85,10.78,4329.82,4275.51,4360.31,0.01,-54.31,41975.47999999991,SL
2025-05-01 19:00,2025-05-01 19:00,H1,Naiya_Sweep_Far,BUY,48.77,15.28,-1.55,-3.13,9.36,13.94,4329.82,4275.51,4360.31,0.01,-54.31,41921.16999999991,SL
2025-05-01 20:00,2025-05-01 20:00,H1,Naiya_Sweep_Far,BUY,45.91,14.59,-1.37,-2.99,4.22,5.81,4329.82,4275.51,4360.31,0.01,-54.31,41866.85999999991,SL
2025-05-01 21:00,2025-05-01 21:00,H1,Naiya_Sweep_Far,BUY,51.09,14.76,-1.02,-2.69,9.79,11.74,4329.82,4275.51,4360.31,0.01,-54.31,41812.54999999991,SL
2025-05-02 00:00,2025-05-02 00:00,H1,Naiya_Sweep_Far,BUY,53.34,14.46,-1.0,-2.7,3.68,6.46,4329.82,4275.51,4360.31,0.01,-54.31,41758.2399999999,SL
2025-05-02 14:00,2025-05-05 02:00,H1,Naiya,SELL,59.59,11.72,-0.08,-2.03,0.18,20.1,3259.43,3269.3,3201.55,0.01,-9.87,41748.36999999991,SL
2025-05-02 15:00,2025-05-05 02:00,H1,Naiya Doji,SELL,70.8,12.09,0.31,-1.64,12.24,22.22,3263.7,3269.3,3201.55,0.01,-5.6,41742.76999999991,SL
2025-05-05 07:00,2025-05-05 09:00,H1,Naiya Doji,SELL,49.6,13.37,0.66,-1.27,2.2,8.79,3263.7,3269.3,3194.14,0.01,-5.6,41737.16999999991,SL
2025-05-05 07:00,2025-05-05 09:00,H1,Naiya,SELL,49.6,13.37,0.66,-1.27,2.2,8.79,3264.83,3272.33,3192.27,0.01,-7.5,41729.66999999991,SL
2025-05-05 19:00,2025-05-05 20:00,H1,Naiya Doji,SELL,88.3,11.68,1.96,0.83,6.07,9.65,3319.37,3328.84,3157.35,0.01,-9.47,41720.19999999991,SL
2025-05-06 16:00,2025-05-06 16:00,H1,Naiya,SELL,59.74,14.73,2.63,2.94,8.84,14.51,3391.13,3397.57,3277.63,0.01,-6.44,41713.75999999991,SL
2025-05-07 03:00,2025-05-08 02:00,H1,Naiya,SELL,52.57,19.6,1.62,2.65,16.1,21.96,3386.22,3404.65,3316.7,0.01,-18.43,41695.329999999914,SL
2025-05-07 11:00,2025-05-07 14:00,H1,Naiya Doji,SELL,42.55,20.25,1.0,2.61,21.28,24.16,3390.55,3397.35,3337.29,0.01,-6.8,41688.52999999991,SL
2025-05-07 11:00,2025-05-07 14:00,H1,Naiya Doji,SELL,42.55,20.25,1.0,2.61,21.28,24.16,3390.55,3397.35,3337.29,0.01,-6.8,41681.72999999991,SL
2025-05-08 01:00,2025-05-08 02:00,H1,Naiya Doji,SELL,48.75,14.22,0.06,2.19,3.97,13.16,3387.01,3397.93,3351.54,0.01,-10.92,41670.80999999991,SL
2025-05-08 01:00,2025-05-08 02:00,H1,Naiya Doji,SELL,48.75,14.22,0.06,2.19,3.97,13.16,3387.01,3397.93,3351.54,0.01,-10.92,41659.88999999991,SL
2025-05-08 02:00,2025-05-08 02:00,H1,Naiya Doji,SELL,67.39,15.3,0.85,3.03,28.22,30.69,3389.73,3398.05,3351.47,0.01,-8.32,41651.56999999992,SL
2025-05-08 02:00,2025-05-08 02:00,H1,Naiya Doji,SELL,67.39,15.3,0.85,3.03,28.22,30.69,3389.73,3398.05,3342.54,0.01,-8.32,41643.24999999991,SL
2025-05-12 08:00,2025-05-12 08:00,H1,Naiya,BUY,10.75,18.54,-3.01,-2.7,54.89,61.48,3219.56,3209.92,3263.75,0.01,44.19,41687.439999999915,TP
2025-05-12 09:00,2025-05-12 09:00,H1,Naiya_Sweep_Far,BUY,16.37,18.73,-2.64,-2.42,8.8,13.66,4329.82,4275.51,4360.31,0.01,-54.31,41633.12999999992,SL
2025-05-12 10:00,2025-05-12 10:00,H1,Naiya Doji,BUY,12.82,19.59,-3.04,-2.9,16.59,18.53,3213.35,4299.27,4467.4,0.01,1085.92,42719.049999999916,SL
2025-05-12 10:00,2025-05-12 10:00,H1,Naiya Doji,BUY,12.82,19.59,-3.04,-2.9,16.59,18.53,3213.35,4300.64,4461.23,0.01,1087.29,43806.33999999992,SL
2025-05-12 10:00,2025-05-12 10:00,H1,Naiya Doji,BUY,12.82,19.59,-3.04,-2.9,16.59,18.53,3213.35,4300.29,4462.8,0.01,1086.94,44893.27999999992,SL
2025-05-12 10:00,2025-05-12 10:00,H1,Naiya Doji,BUY,12.82,19.59,-3.04,-2.9,16.59,18.53,3213.35,4300.91,4460.02,0.01,1087.56,45980.83999999992,SL
2025-05-12 10:00,2025-05-12 10:00,H1,Naiya_Sweep_Far,BUY,12.82,19.59,-3.04,-2.9,16.59,18.53,4329.82,4275.51,4360.31,0.01,-54.31,45926.52999999992,SL
2025-05-12 11:00,2025-05-12 11:00,H1,Naiya_Sweep_Far,BUY,12.48,19.96,-3.14,-3.09,6.96,11.79,4329.82,4275.51,4360.31,0.01,-54.31,45872.21999999992,SL
2025-05-12 12:00,2025-05-12 12:00,H1,Naiya_Sweep_Far,BUY,21.26,20.47,-2.55,-2.57,16.98,21.52,4329.82,4275.51,4360.31,0.01,-54.31,45817.90999999992,SL
2025-05-12 13:00,2025-05-12 13:00,H1,Naiya_Sweep_Far,BUY,25.24,21.1,-2.23,-2.29,8.85,14.03,4329.82,4275.51,4360.31,0.01,-54.31,45763.599999999926,SL
2025-05-12 14:00,2025-05-12 14:00,H1,Naiya_Sweep_Far,BUY,34.98,17.97,-1.95,-2.07,7.3,16.79,4329.82,4275.51,4360.31,0.01,-54.31,45709.28999999993,SL
2025-05-12 15:00,2025-05-12 15:00,H1,Naiya_Sweep_Far,BUY,36.21,17.71,-1.99,-2.16,3.2,14.31,4329.82,4275.51,4360.31,0.01,-54.31,45654.97999999993,SL
2025-05-12 16:00,2025-05-12 16:00,H1,Naiya_Sweep_Far,BUY,38.73,16.84,-1.89,-2.1,1.67,11.21,4329.82,4275.51,4360.31,0.01,-54.31,45600.66999999993,SL
2025-05-12 17:00,2025-05-12 17:00,H1,Naiya_Sweep_Far,BUY,34.98,17.31,-2.28,-2.54,15.11,16.8,4329.82,4275.51,4360.31,0.01,-54.31,45546.359999999935,SL
2025-05-12 18:00,2025-05-12 18:00,H1,Naiya_Sweep_Far,BUY,29.82,16.75,-2.24,-2.56,1.07,6.44,4329.82,4275.51,4360.31,0.01,-54.31,45492.04999999994,SL
2025-05-12 19:00,2025-05-12 19:00,H1,Naiya_Sweep_Far,BUY,33.72,16.86,-1.96,-2.34,6.5,9.68,4329.82,4275.51,4360.31,0.01,-54.31,45437.73999999994,SL
2025-05-12 20:00,2025-05-12 20:00,H1,Naiya_Sweep_Far,BUY,36.82,16.78,-1.71,-2.16,5.67,9.99,4329.82,4275.51,4360.31,0.01,-54.31,45383.42999999994,SL
2025-05-12 21:00,2025-05-12 21:00,H1,Naiya_Sweep_Far,BUY,36.06,16.58,-1.67,-2.18,0.98,5.88,4329.82,4275.51,4360.31,0.01,-54.31,45329.119999999944,SL
2025-05-13 00:00,2025-05-13 00:00,H1,Naiya_Sweep_Far,BUY,57.04,12.66,-1.54,-2.09,2.49,6.59,4329.82,4275.51,4360.31,0.01,-54.31,45274.80999999995,SL
2025-05-13 01:00,2025-05-13 01:00,H1,Naiya_Sweep_Far,BUY,54.43,12.35,-1.41,-1.98,3.14,9.29,4329.82,4275.51,4360.31,0.01,-54.31,45220.49999999995,SL
2025-05-13 02:00,2025-05-13 02:00,H1,Naiya,BUY,55.46,12.99,-1.8,-2.42,14.69,27.52,3224.19,3221.18,3324.12,0.01,-3.01,45217.48999999995,SL
2025-05-13 02:00,2025-05-13 02:00,H1,Naiya_Sweep_Far,BUY,55.46,12.99,-1.8,-2.42,14.69,27.52,4329.82,4275.51,4360.31,0.01,-54.31,45163.17999999995,SL
2025-05-13 03:00,2025-05-13 03:00,H1,Naiya_Sweep_Far,BUY,61.4,13.43,-1.64,-2.29,3.72,17.98,4329.82,4275.51,4360.31,0.01,-54.31,45108.86999999995,SL
2025-05-13 04:00,2025-05-13 04:00,H1,Naiya_Sweep_Far,BUY,57.09,12.63,-1.37,-2.05,7.62,10.31,4329.82,4275.51,4360.31,0.01,-54.31,45054.559999999954,SL
2025-05-13 05:00,2025-05-13 05:00,H1,Naiya_Sweep_Far,BUY,60.49,12.95,-0.85,-1.56,15.89,18.55,4329.82,4275.51,4360.31,0.01,-54.31,45000.249999999956,SL
2025-05-13 06:00,2025-05-13 06:00,H1,Naiya_Sweep_Far,BUY,59.09,12.44,-0.69,-1.43,4.1,9.56,4329.82,4275.51,4360.31,0.01,-54.31,44945.93999999996,SL
2025-05-13 07:00,2025-05-13 07:00,H1,Naiya_Sweep_Far,BUY,63.84,12.72,-0.49,-1.26,5.46,18.29,4329.82,4275.51,4360.31,0.01,-54.31,44891.62999999996,SL
2025-05-13 08:00,2025-05-13 08:00,H1,Naiya_Sweep_Far,BUY,61.09,12.68,-0.56,-1.34,2.9,10.65,4329.82,4275.51,4360.31,0.01,-54.31,44837.31999999996,SL
2025-05-13 09:00,2025-05-13 09:00,H1,Naiya_Sweep_Far,BUY,70.26,12.25,-0.63,-1.43,3.54,10.78,4329.82,4275.51,4360.31,0.01,-54.31,44783.009999999966,SL
2025-05-13 10:00,2025-05-13 10:00,H1,Naiya_Sweep_Far,BUY,69.14,12.23,-0.67,-1.5,2.22,6.09,4329.82,4275.51,4360.31,0.01,-54.31,44728.69999999997,SL
2025-05-13 11:00,2025-05-13 11:00,H1,Naiya_Sweep_Far,BUY,65.97,11.9,-0.64,-1.5,0.43,5.11,4329.82,4275.51,4360.31,0.01,-54.31,44674.38999999997,SL
2025-05-13 12:00,2025-05-13 12:00,H1,Naiya_Sweep_Far,BUY,59.66,11.88,-0.71,-1.62,3.83,9.73,4329.82,4275.51,4360.31,0.01,-54.31,44620.07999999997,SL
2025-05-13 13:00,2025-05-13 13:00,H1,Naiya_Sweep_Far,BUY,54.84,12.36,-0.88,-1.83,7.18,12.64,4329.82,4275.51,4360.31,0.01,-54.31,44565.769999999975,SL
2025-05-13 14:00,2025-05-13 14:00,H1,Naiya_Sweep_Far,BUY,44.77,13.29,-1.26,-2.26,14.31,19.53,4329.82,4275.51,4360.31,0.01,-54.31,44511.45999999998,SL
2025-05-13 15:00,2025-05-13 15:00,H1,Naiya_Sweep_Far,BUY,51.37,14.28,-0.74,-1.79,15.18,23.17,4329.82,4275.51,4360.31,0.01,-54.31,44457.14999999998,SL
2025-05-13 16:00,2025-05-13 16:00,H1,Naiya_Sweep_Far,BUY,64.51,13.3,-0.37,-1.46,10.59,13.78,4329.82,4275.51,4360.31,0.01,-54.31,44402.83999999998,SL
2025-05-13 17:00,2025-05-13 17:00,H1,Naiya_Sweep_Far,BUY,61.47,12.67,-0.4,-1.52,2.41,9.12,4329.82,4275.51,4360.31,0.01,-54.31,44348.529999999984,SL
2025-05-13 18:00,2025-05-13 18:00,H1,Naiya_Sweep_Far,BUY,55.7,12.7,-0.47,-1.63,3.81,10.79,4329.82,4275.51,4360.31,0.01,-54.31,44294.21999999999,SL
2025-05-13 19:00,2025-05-13 19:00,H1,Naiya_Sweep_Far,BUY,47.63,11.74,-0.36,-1.57,1.73,5.08,4329.82,4275.51,4360.31,0.01,-54.31,44239.90999999999,SL
2025-05-13 20:00,2025-05-13 20:00,H1,Naiya_Sweep_Far,BUY,45.18,11.4,-0.3,-1.55,0.64,4.79,4329.82,4275.51,4360.31,0.01,-54.31,44185.59999999999,SL
2025-05-13 21:00,2025-05-13 21:00,H1,Naiya_Sweep_Far,BUY,41.52,10.57,-0.22,-1.51,0.8,6.66,4329.82,4275.51,4360.31,0.01,-54.31,44131.28999999999,SL
2025-05-14 00:00,2025-05-14 00:00,H1,Naiya_Sweep_Far,BUY,46.73,10.3,-0.03,-1.38,1.12,4.93,4329.82,4275.51,4360.31,0.01,-54.31,44076.979999999996,SL
2025-05-14 01:00,2025-05-14 01:00,H1,Naiya_Sweep_Far,BUY,42.38,10.53,-0.3,-1.7,10.7,14.07,4329.82,4275.51,4360.31,0.01,-54.31,44022.67,SL
2025-05-14 02:00,2025-05-14 02:00,H1,Naiya_Sweep_Far,BUY,41.08,11.14,-0.39,-1.84,4.8,14.53,4329.82,4275.51,4360.31,0.01,-54.31,43968.36,SL
2025-05-14 03:00,2025-05-14 03:00,H1,Naiya_Sweep_Far,BUY,38.39,11.64,-0.51,-2.02,6.01,12.11,4329.82,4275.51,4360.31,0.01,-54.31,43914.05,SL
2025-05-14 04:00,2025-05-14 04:00,H1,Naiya_Sweep_Far,BUY,38.1,11.47,-0.59,-2.15,4.42,7.41,4329.82,4275.51,4360.31,0.01,-54.31,43859.740000000005,SL
2025-05-14 05:00,2025-05-14 05:00,H1,Naiya_Sweep_Far,BUY,39.34,11.12,-0.66,-2.29,4.52,7.79,4329.82,4275.51,4360.31,0.01,-54.31,43805.43000000001,SL
2025-05-14 05:00,2025-05-14 13:00,H1,Naiya Hidden,BUY,39.34,11.12,-0.66,-2.29,4.52,7.79,3225.2,3205.77,3275.07,0.01,-19.43,43786.00000000001,SL
2025-05-14 06:00,2025-05-14 06:00,H1,Naiya_Sweep_Far,BUY,53.91,10.64,-0.32,-1.99,9.94,12.73,4329.82,4275.51,4360.31,0.01,-54.31,43731.69000000001,SL
2025-05-14 07:00,2025-05-14 07:00,H1,Naiya_Sweep_Far,BUY,39.92,9.63,-0.45,-2.14,5.32,9.07,4329.82,4275.51,4360.31,0.01,-54.31,43677.38000000001,SL
2025-05-14 07:00,2025-05-14 12:00,H1,Naiya,BUY,39.92,9.63,-0.45,-2.14,5.32,9.07,3228.41,3222.61,3279.61,0.01,-5.8,43671.58000000001,SL
2025-05-14 08:00,2025-05-14 08:00,H1,Naiya_Sweep_Far,BUY,38.86,9.69,-0.14,-1.86,9.39,14.61,4329.82,4275.51,4360.31,0.01,-54.31,43617.27000000001,SL
2025-05-14 09:00,2025-05-14 09:00,H1,Naiya_Sweep_Far,BUY,37.23,9.99,-0.29,-2.02,5.5,13.25,4329.82,4275.51,4360.31,0.01,-54.31,43562.960000000014,SL
2025-05-14 09:00,2025-05-14 12:00,H1,Naiya,BUY,37.23,9.99,-0.29,-2.02,5.5,13.25,3233.9,3227.66,3276.49,0.01,-6.24,43556.720000000016,SL
2025-05-14 10:00,2025-05-14 10:00,H1,Naiya_Sweep_Far,BUY,39.21,9.75,-0.26,-2.03,0.3,7.49,4329.82,4275.51,4360.31,0.01,-54.31,43502.41000000002,SL
2025-05-14 11:00,2025-05-14 11:00,H1,Naiya_Sweep_Far,BUY,40.57,9.88,-0.13,-1.93,3.29,6.9,4329.82,4275.51,4360.31,0.01,-54.31,43448.10000000002,SL
2025-05-14 12:00,2025-05-14 12:00,H1,Naiya_Sweep_Far,BUY,32.75,10.95,-0.58,-2.4,15.5,19.74,4329.82,4275.51,4360.31,0.01,-54.31,43393.79000000002,SL
2025-05-14 13:00,2025-05-14 13:00,H1,Naiya,BUY,22.57,13.21,-1.61,-3.47,35.36,38.35,3215.11,3207.78,3433.72,0.01,-7.33,43386.46000000002,SL
2025-05-14 13:00,2025-05-14 13:00,H1,Naiya_Sweep_Far,BUY,22.57,13.21,-1.61,-3.47,35.36,38.35,4329.82,4275.51,4360.31,0.01,-54.31,43332.15000000002,SL
2025-05-14 14:00,2025-05-14 14:00,H1,Naiya_Sweep_Far,BUY,24.09,14.38,-1.39,-3.26,6.59,23.31,4329.82,4275.51,4360.31,0.01,-54.31,43277.840000000026,SL
2025-05-14 15:00,2025-05-14 15:00,H1,Naiya_Sweep_Far,BUY,24.32,14.45,-1.65,-3.55,9.52,14.95,4329.82,4275.51,4360.31,0.01,-54.31,43223.53000000003,SL
2025-05-14 16:00,2025-05-14 16:00,H1,Naiya_Sweep_Far,BUY,25.84,13.95,-1.61,-3.52,0.82,7.6,4329.82,4275.51,4360.31,0.01,-54.31,43169.22000000003,SL
2025-05-14 17:00,2025-05-14 17:00,H1,Naiya_Sweep_Far,BUY,30.98,14.31,-1.42,-3.33,5.71,17.11,4329.82,4275.51,4360.31,0.01,-54.31,43114.91000000003,SL
2025-05-14 18:00,2025-05-14 18:00,H1,Naiya_Sweep_Far,BUY,30.4,14.46,-1.59,-3.53,6.61,9.55,4329.82,4275.51,4360.31,0.01,-54.31,43060.600000000035,SL
2025-05-14 19:00,2025-05-14 19:00,H1,Naiya_Sweep_Far,BUY,29.06,14.71,-1.86,-3.82,10.15,11.28,4329.82,4275.51,4360.31,0.01,-54.31,43006.29000000004,SL
2025-05-14 20:00,2025-05-14 20:00,H1,Naiya_Sweep_Far,BUY,28.29,14.77,-1.56,-3.56,8.62,13.62,4329.82,4275.51,4360.31,0.01,-54.31,42951.98000000004,SL
2025-05-14 21:00,2025-05-14 21:00,H1,Naiya_Sweep_Far,BUY,28.97,14.58,-1.6,-3.62,2.36,6.39,4329.82,4275.51,4360.31,0.01,-54.31,42897.67000000004,SL
2025-05-15 00:00,2025-05-15 00:00,H1,Naiya_Sweep_Far,BUY,28.04,14.19,-1.32,-3.38,3.48,5.01,4329.82,4275.51,4360.31,0.01,-54.31,42843.360000000044,SL
2025-05-15 01:00,2025-05-15 01:00,H1,Naiya_Sweep_Far,BUY,30.51,13.79,-1.24,-3.32,1.82,7.61,4329.82,4275.51,4360.31,0.01,-54.31,42789.05000000005,SL
2025-05-15 01:00,2025-05-15 02:00,H1,Naiya,BUY,30.51,13.79,-1.24,-3.32,1.82,7.61,3180.54,3176.87,3285.2,0.01,-3.67,42785.38000000005,SL
2025-05-15 02:00,2025-05-15 02:00,H1,Naiya_Sweep_Far,BUY,26.92,14.8,-1.69,-3.78,15.44,21.57,4329.82,4275.51,4360.31,0.01,-54.31,42731.07000000005,SL
2025-05-15 03:00,2025-05-15 03:00,H1,Naiya_Sweep_Far,BUY,21.87,16.13,-2.21,-4.32,18.34,25.57,4329.82,4275.51,4360.31,0.01,-54.31,42676.760000000046,SL
2025-05-15 04:00,2025-05-15 04:00,H1,Naiya_Sweep_Far,BUY,23.82,15.34,-2.27,-4.42,3.47,8.72,4329.82,4275.51,4360.31,0.01,-54.31,42622.45000000004,SL
2025-05-15 05:00,2025-05-15 05:00,H1,Naiya_Sweep_Far,BUY,28.96,13.82,-2.58,-4.76,11.59,17.1,4329.82,4275.51,4360.31,0.01,-54.31,42568.14000000004,SL
2025-05-15 06:00,2025-05-15 06:00,H1,Naiya_Sweep_Far,BUY,22.27,13.55,-2.82,-5.03,9.74,19.45,4329.82,4275.51,4360.31,0.01,-54.31,42513.830000000045,SL
2025-05-15 07:00,2025-05-15 07:00,H1,Naiya_Sweep_Far,BUY,37.07,14.85,-2.12,-4.39,20.78,33.16,4329.82,4275.51,4360.31,0.01,-54.31,42459.52000000004,SL
2025-05-15 08:00,2025-05-15 08:00,H1,Naiya_Sweep_Far,BUY,34.54,15.83,-2.3,-4.6,7.49,21.38,4329.82,4275.51,4360.31,0.01,-54.31,42405.210000000036,SL
2025-05-15 08:00,2025-05-21 02:00,H1,Naiya,BUY,34.54,15.83,-2.3,-4.6,7.49,21.38,3138.79,3123.55,3310.61,0.01,171.82,42577.03000000004,TP
2025-05-15 09:00,2025-05-15 09:00,H1,Naiya_Sweep_Far,BUY,41.01,16.41,-1.63,-3.97,20.27,25.13,4329.82,4275.51,4360.31,0.01,-54.31,42522.72000000004,SL
2025-05-15 10:00,2025-05-15 10:00,H1,Naiya_Sweep_Far,BUY,44.11,16.6,-1.5,-3.88,2.75,12.34,4329.82,4275.51,4360.31,0.01,-54.31,42468.41000000003,SL
2025-05-15 11:00,2025-05-15 11:00,H1,Naiya_Sweep_Far,BUY,52.21,16.86,-1.05,-3.47,12.98,14.92,4329.82,4275.51,4360.31,0.01,-54.31,42414.100000000035,SL
2025-05-15 12:00,2025-05-15 12:00,H1,Naiya_Sweep_Far,BUY,49.5,16.44,-0.98,-3.43,0.88,7.62,4329.82,4275.51,4360.31,0.01,-54.31,42359.79000000004,SL
2025-05-15 13:00,2025-05-15 13:00,H1,Naiya_Sweep_Far,BUY,53.69,16.86,-0.63,-3.13,9.54,12.34,4329.82,4275.51,4360.31,0.01,-54.31,42305.48000000003,SL
2025-05-15 14:00,2025-05-15 14:00,H1,Naiya_Sweep_Far,BUY,52.25,17.25,-0.48,-3.01,3.62,14.56,4329.82,4275.51,4360.31,0.01,-54.31,42251.17000000003,SL
2025-05-15 15:00,2025-05-15 15:00,H1,Naiya_Sweep_Far,BUY,55.82,17.89,-0.04,-2.61,13.16,16.56,4329.82,4275.51,4360.31,0.01,-54.31,42196.86000000003,SL
2025-05-15 16:00,2025-05-15 16:00,H1,Naiya_Sweep_Far,BUY,65.9,17.46,0.43,-2.16,14.4,15.56,4329.82,4275.51,4360.31,0.01,-54.31,42142.55000000003,SL
2025-05-16 11:00,2025-05-16 11:00,H1,Naiya Doji,BUY,28.89,15.4,-0.69,-3.43,33.72,42.3,3182.3,4295.32,4485.17,0.01,1113.02,43255.57000000003,SL
2025-05-16 11:00,2025-05-16 11:00,H1,Naiya Doji,BUY,28.89,15.4,-0.69,-3.43,33.72,42.3,3182.3,4294.05,4490.92,0.01,1111.75,44367.32000000003,SL
2025-05-16 11:00,2025-05-16 11:00,H1,Naiya Doji,BUY,28.89,15.4,-0.69,-3.43,33.72,42.3,3182.3,4294.9,4487.06,0.01,1112.6,45479.92000000003,SL
2025-05-16 12:00,2025-05-16 12:00,H1,Naiya_Sweep_Far,BUY,20.52,16.44,-1.04,-3.78,12.5,24.96,4329.82,4275.51,4360.31,0.01,-54.31,45425.61000000003,SL
2025-05-16 13:00,2025-05-16 13:00,H1,Naiya_Sweep_Far,BUY,24.23,17.72,-0.56,-3.33,14.18,27.35,4329.82,4275.51,4360.31,0.01,-54.31,45371.30000000003,SL
2025-05-16 14:00,2025-05-16 14:00,H1,Naiya_Sweep_Far,BUY,26.8,18.11,-0.43,-3.22,3.06,17.13,4329.82,4275.51,4360.31,0.01,-54.31,45316.990000000034,SL
2025-05-16 15:00,2025-05-16 15:00,H1,Naiya_Sweep_Far,BUY,21.63,18.85,-0.62,-3.42,7.26,22.29,4329.82,4275.51,4360.31,0.01,-54.31,45262.68000000004,SL
2025-05-16 16:00,2025-05-16 16:00,H1,Naiya_Sweep_Far,BUY,32.73,17.62,-0.27,-3.09,10.18,12.38,4329.82,4275.51,4360.31,0.01,-54.31,45208.37000000004,SL
2025-05-16 17:00,2025-05-16 17:00,H1,Naiya_Sweep_Far,BUY,38.31,17.23,-0.05,-2.89,5.9,9.29,4329.82,4275.51,4360.31,0.01,-54.31,45154.06000000004,SL
2025-05-16 18:00,2025-05-16 18:00,H1,Naiya_Sweep_Far,BUY,39.56,17.08,-0.03,-2.87,0.04,8.7,4329.82,4275.51,4360.31,0.01,-54.31,45099.750000000044,SL
2025-05-16 19:00,2025-05-16 19:00,H1,Naiya_Sweep_Far,BUY,34.29,16.77,-0.1,-2.91,1.97,6.37,4329.82,4275.51,4360.31,0.01,-54.31,45045.440000000046,SL
2025-05-16 20:00,2025-05-16 20:00,H1,Naiya_Sweep_Far,BUY,37.77,16.64,0.06,-2.74,5.1,8.37,4329.82,4275.51,4360.31,0.01,-54.31,44991.13000000005,SL
2025-05-20 09:00,2025-05-20 09:00,H1,Naiya Doji,SELL,52.39,10.66,0.63,-0.66,12.98,17.66,3233.7,3235.85,3188.7,0.01,-2.15,44988.98000000005,SL
2025-05-20 09:00,2025-05-20 09:00,H1,Naiya Doji,SELL,52.39,10.66,0.63,-0.66,12.98,17.66,3233.7,3235.85,3205.69,0.01,-2.15,44986.830000000045,SL
2025-05-20 09:00,2025-05-20 09:00,H1,Naiya Doji,SELL,52.39,10.66,0.63,-0.66,12.98,17.66,3233.7,3235.85,3205.69,0.01,-2.15,44984.680000000044,SL
2025-05-20 09:00,2025-05-20 09:00,H1,Naiya Doji,SELL,52.39,10.66,0.63,-0.66,12.98,17.66,3233.7,3235.85,3205.69,0.01,-2.15,44982.53000000004,SL
2025-05-20 13:00,2025-05-20 13:00,H1,Naiya Doji,SELL,58.02,11.39,0.79,-0.36,1.68,15.99,3243.79,3248.5,3180.88,0.01,-4.71,44977.82000000004,SL
2025-05-20 13:00,2025-05-20 13:00,H1,Naiya Doji,SELL,58.02,11.39,0.79,-0.36,1.68,15.99,3243.79,3248.5,3177.44,0.01,-4.71,44973.110000000044,SL
2025-05-20 13:00,2025-05-20 13:00,H1,Naiya Doji,SELL,58.02,11.39,0.79,-0.36,1.68,15.99,3243.79,3248.5,3177.44,0.01,-4.71,44968.400000000045,SL
2025-05-20 13:00,2025-05-20 13:00,H1,Naiya Doji,SELL,58.02,11.39,0.79,-0.36,1.68,15.99,3243.79,3248.5,3177.44,0.01,-4.71,44963.690000000046,SL
2025-05-20 13:00,2025-05-22 03:00,H1,GapSweep,BUY,58.02,11.39,0.79,-0.36,1.68,15.99,3240.55,3217.76,3343.16,0.01,102.61,45066.30000000005,TP
2025-05-20 14:00,2025-05-23 13:00,H1,GapSweep,BUY,71.8,12.65,1.33,0.22,18.37,28.82,3240.55,3215.25,3354.48,0.01,113.93,45180.23000000005,TP
2025-05-21 11:00,2025-05-21 20:00,H1,Naiya,SELL,63.86,11.78,1.71,2.01,1.61,9.66,3316.32,3320.68,3178.67,0.01,-4.36,45175.870000000046,SL
2025-05-21 16:00,2025-05-21 20:00,H1,Naiya Doji,SELL,61.85,12.21,1.48,2.05,7.57,11.64,3313.44,3318.27,3286.38,0.01,-4.83,45171.040000000045,SL
2025-05-21 16:00,2025-05-21 20:00,H1,Naiya Doji,SELL,61.85,12.21,1.48,2.05,7.57,11.64,3313.44,3318.27,3286.38,0.01,-4.83,45166.21000000004,SL
2025-05-21 16:00,2025-05-21 20:00,H1,Naiya Doji,SELL,61.85,12.21,1.48,2.05,7.57,11.64,3313.44,3318.27,3286.38,0.01,-4.83,45161.38000000004,SL
2025-05-21 16:00,2025-05-22 02:00,H1,Naiya Hidden,SELL,61.85,12.21,1.48,2.05,7.57,11.64,3313.49,3333.03,3277.26,0.01,-19.54,45141.84000000004,SL
2025-05-22 05:00,2025-05-23 12:00,H1,Naiya,SELL,74.16,10.56,1.68,2.85,3.18,6.44,3338.16,3344.76,3257.31,0.01,-6.6,45135.24000000004,SL
2025-05-22 07:00,2025-05-23 12:00,H1,Naiya,SELL,63.03,10.34,1.17,2.47,5.98,10.15,3335.36,3339.19,3260.75,0.01,-3.83,45131.41000000004,SL
2025-05-22 12:00,2025-05-23 06:00,H1,Naiya Doji,SELL,48.34,12.99,0.52,2.12,25.05,31.71,3313.44,3318.27,3273.68,0.01,-4.83,45126.58000000004,SL
2025-05-22 12:00,2025-05-23 06:00,H1,Naiya Doji,SELL,48.34,12.99,0.52,2.12,25.05,31.71,3313.44,3318.27,3273.68,0.01,-4.83,45121.75000000004,SL
2025-05-23 07:00,2025-05-23 07:00,H1,Naiya,SELL,71.95,11.44,0.62,2.66,7.39,8.91,3326.51,3331.19,3265.69,0.01,-4.68,45117.070000000036,SL
2025-05-23 10:00,2025-05-23 12:00,H1,Naiya Doji,SELL,72.7,10.09,0.5,2.56,2.39,9.1,3330.56,3334.38,3257.86,0.01,-3.82,45113.25000000004,SL
2025-05-23 15:00,2025-05-23 16:00,H1,Naiya,SELL,74.6,13.65,1.32,3.4,19.29,22.97,3348.04,3360.46,3241.75,0.01,-12.42,45100.83000000004,SL
2025-05-26 10:00,2025-05-26 10:00,H1,Naiya Doji,BUY,16.72,9.24,0.06,2.16,6.11,12.77,3327.71,4305.53,4439.21,0.01,977.82,46078.65000000004,SL
2025-05-26 11:00,2025-05-26 11:00,H1,Naiya_Sweep_Far,BUY,21.57,9.27,0.16,2.24,2.99,5.15,4329.82,4275.51,4360.31,0.01,-54.31,46024.34000000004,SL
2025-05-26 12:00,2025-05-26 12:00,H1,Naiya_Sweep_Far,BUY,24.47,9.12,0.21,2.28,1.64,5.36,4329.82,4275.51,4360.31,0.01,-54.31,45970.03000000004,SL
2025-05-26 13:00,2025-05-26 13:00,H1,Naiya Doji,BUY,28.42,9.35,0.24,2.3,1.19,8.72,3327.71,4311.58,4411.94,0.01,983.87,46953.900000000045,SL
2025-05-27 01:00,2025-05-29 00:00,H1,GapSweep,SELL,62.48,6.33,0.39,2.51,1.08,7.53,3349.85,3362.51,3269.2,0.01,80.65,47034.55000000005,TP
2025-05-27 05:00,2025-05-27 05:00,H1,Naiya Doji,BUY,49.28,6.96,-0.14,2.02,10.44,10.8,3330.7,4316.7,4388.9,0.01,986.0,48020.55000000005,SL
2025-05-27 06:00,2025-05-27 06:00,H1,Naiya Doji,BUY,40.99,7.77,-0.38,1.78,7.37,16.64,3327.71,4311.12,4414.04,0.01,983.41,49003.96000000005,SL
2025-05-27 06:00,2025-05-27 06:00,H1,Naiya_Sweep_Far,BUY,40.99,7.77,-0.38,1.78,7.37,16.64,4329.82,4275.51,4360.31,0.01,-54.31,48949.65000000005,SL
2025-05-27 07:00,2025-05-27 07:00,H1,Naiya_Sweep_Far,BUY,30.89,8.81,-0.84,1.31,14.86,23.28,4329.82,4275.51,4360.31,0.01,-54.31,48895.340000000055,SL
2025-05-27 08:00,2025-05-27 08:00,H1,Naiya_Sweep_Far,BUY,22.32,9.7,-1.18,0.95,11.68,19.95,4329.82,4275.51,4360.31,0.01,-54.31,48841.03000000006,SL
2025-05-27 09:00,2025-05-27 09:00,H1,Naiya_Sweep_Far,BUY,24.34,10.29,-1.13,0.99,2.22,14.28,4329.82,4275.51,4360.31,0.01,-54.31,48786.72000000006,SL
2025-05-27 10:00,2025-05-27 10:00,H1,Naiya_Sweep_Far,BUY,22.99,11.16,-1.19,0.91,2.12,15.05,4329.82,4275.51,4360.31,0.01,-54.31,48732.41000000006,SL
2025-05-27 11:00,2025-05-27 11:00,H1,Naiya_Sweep_Far,BUY,17.8,11.36,-1.29,0.8,3.0,8.79,4329.82,4275.51,4360.31,0.01,-54.31,48678.100000000064,SL
2025-05-27 12:00,2025-05-27 12:00,H1,Naiya_Sweep_Far,BUY,16.86,11.9,-1.43,0.64,4.94,10.37,4329.82,4275.51,4360.31,0.01,-54.31,48623.790000000066,SL
2025-05-27 13:00,2025-05-27 13:00,H1,Naiya_Sweep_Far,BUY,21.59,12.45,-1.25,0.8,5.41,9.83,4329.82,4275.51,4360.31,0.01,-54.31,48569.48000000007,SL
2025-05-27 14:00,2025-05-27 14:00,H1,Naiya_Sweep_Far,BUY,18.99,12.88,-1.19,0.84,1.58,12.57,4329.82,4275.51,4360.31,0.01,-54.31,48515.17000000007,SL
2025-05-27 15:00,2025-05-27 15:00,H1,Naiya_Sweep_Far,BUY,23.56,13.63,-1.03,0.97,4.61,17.95,4329.82,4275.51,4360.31,0.01,-54.31,48460.86000000007,SL
2025-05-27 16:00,2025-05-27 16:00,H1,Naiya_Sweep_Far,BUY,24.42,13.47,-1.2,0.77,6.11,13.35,4329.82,4275.51,4360.31,0.01,-54.31,48406.550000000076,SL
2025-05-27 17:00,2025-05-27 17:00,H1,Naiya_Sweep_Far,BUY,21.66,13.2,-1.06,0.88,4.15,5.51,4329.82,4275.51,4360.31,0.01,-54.31,48352.24000000008,SL
2025-05-27 18:00,2025-05-27 18:00,H1,Naiya_Sweep_Far,BUY,25.5,13.27,-0.94,0.96,3.45,7.45,4329.82,4275.51,4360.31,0.01,-54.31,48297.93000000008,SL
2025-05-27 19:00,2025-05-27 19:00,H1,Naiya_Sweep_Far,BUY,30.98,12.85,-0.87,1.0,1.83,4.93,4329.82,4275.51,4360.31,0.01,-54.31,48243.62000000008,SL
2025-05-27 20:00,2025-05-27 20:00,H1,Naiya_Sweep_Far,BUY,35.81,12.03,-0.8,1.03,1.44,5.06,4329.82,4275.51,4360.31,0.01,-54.31,48189.310000000085,SL
2025-05-27 21:00,2025-05-27 21:00,H1,Naiya_Sweep_Far,BUY,42.52,10.75,-0.89,0.88,4.19,5.39,4329.82,4275.51,4360.31,0.01,-54.31,48135.00000000009,SL
2025-05-28 00:00,2025-05-28 00:00,H1,Naiya_Sweep_Far,BUY,61.45,10.3,-0.6,1.14,3.91,13.6,4329.82,4275.51,4360.31,0.01,-54.31,48080.69000000009,SL
2025-05-28 04:00,2025-05-28 04:00,H1,Naiya Doji,BUY,58.75,10.06,-0.81,0.71,4.52,12.38,3294.31,4305.77,4438.14,0.01,1011.46,49092.15000000009,SL
2025-05-28 04:00,2025-05-28 04:00,H1,Naiya Doji,BUY,58.75,10.06,-0.81,0.71,4.52,12.38,3294.31,4309.23,4422.54,0.01,1014.92,50107.07000000009,SL
2025-05-28 05:00,2025-05-28 05:00,H1,Naiya_Sweep_Far,BUY,52.76,9.67,-0.81,0.65,1.4,4.48,4329.82,4275.51,4360.31,0.01,-54.31,50052.76000000009,SL
2025-05-28 06:00,2025-05-28 06:00,H1,Naiya_Sweep_Far,BUY,60.0,9.79,-0.45,0.96,10.79,14.17,4329.82,4275.51,4360.31,0.01,-54.31,49998.45000000009,SL
2025-05-28 14:00,2025-05-28 14:00,H1,Naiya Doji,BUY,46.64,10.83,-0.36,0.69,7.06,18.93,3304.13,4309.46,4421.52,0.01,1005.33,51003.78000000009,SL
2025-05-28 14:00,2025-05-28 14:00,H1,Naiya Doji,BUY,46.64,10.83,-0.36,0.69,7.06,18.93,3304.13,4308.92,4423.96,0.01,1004.79,52008.570000000094,SL
2025-05-28 14:00,2025-05-28 16:00,H1,Naiya,BUY,46.64,10.83,-0.36,0.69,7.06,18.93,3297.87,3294.43,3328.91,0.01,-3.44,52005.13000000009,SL
2025-05-28 15:00,2025-05-28 15:00,H1,Naiya_Sweep_Far,BUY,45.37,10.91,-0.41,0.6,2.63,8.64,4329.82,4275.51,4360.31,0.01,-54.31,51950.820000000094,SL
2025-05-28 16:00,2025-05-28 16:00,H1,Naiya Doji,BUY,45.54,10.76,-0.59,0.38,6.5,10.13,3294.31,4310.24,4417.98,0.01,1015.93,52966.750000000095,SL
2025-05-28 16:00,2025-05-28 16:00,H1,Naiya Doji,BUY,45.54,10.76,-0.59,0.38,6.5,10.13,3294.31,4308.15,4427.39,0.01,1013.84,53980.59000000009,SL
2025-05-28 16:00,2025-05-28 16:00,H1,Naiya_Sweep_Far,BUY,45.54,10.76,-0.59,0.38,6.5,10.13,4329.82,4275.51,4360.31,0.01,-54.31,53926.28000000009,SL
2025-05-28 17:00,2025-05-28 17:00,H1,Naiya_Sweep_Far,BUY,43.24,10.59,-0.64,0.28,2.77,10.61,4329.82,4275.51,4360.31,0.01,-54.31,53871.970000000096,SL
2025-05-28 18:00,2025-05-28 18:00,H1,Naiya_Sweep_Far,BUY,48.94,10.26,-0.53,0.36,3.03,7.71,4329.82,4275.51,4360.31,0.01,-54.31,53817.6600000001,SL
2025-05-28 19:00,2025-05-28 19:00,H1,Naiya_Sweep_Far,BUY,54.19,10.41,-0.34,0.52,5.79,6.58,4329.82,4275.51,4360.31,0.01,-54.31,53763.3500000001,SL
2025-05-28 20:00,2025-05-28 20:00,H1,Naiya Doji,BUY,41.95,10.06,-0.48,0.35,5.28,9.25,3293.94,4309.0,4423.56,0.01,1015.06,54778.4100000001,SL
2025-05-28 20:00,2025-05-28 20:00,H1,Naiya_Sweep_Far,BUY,41.95,10.06,-0.48,0.35,5.28,9.25,4329.82,4275.51,4360.31,0.01,-54.31,54724.1000000001,SL
2025-05-28 21:00,2025-05-28 21:00,H1,Naiya_Sweep_Far,BUY,35.21,10.8,-0.76,0.02,10.3,20.6,4329.82,4275.51,4360.31,0.01,-54.31,54669.7900000001,SL
2025-05-29 00:00,2025-05-29 00:00,H1,Naiya_Sweep_Far,BUY,16.63,12.31,-1.52,-0.8,22.47,32.55,4329.82,4275.51,4360.31,0.01,-54.31,54615.480000000105,SL
2025-05-29 01:00,2025-05-29 01:00,H1,Naiya_Sweep_Far,BUY,19.24,12.79,-1.32,-0.65,5.18,15.18,4329.82,4275.51,4360.31,0.01,-54.31,54561.17000000011,SL
2025-05-29 02:00,2025-05-29 02:00,H1,Naiya_Sweep_Far,BUY,16.72,13.86,-1.32,-0.7,1.52,20.4,4329.82,4275.51,4360.31,0.01,-54.31,54506.86000000011,SL
2025-05-29 03:00,2025-05-29 03:00,H1,Naiya_Sweep_Far,BUY,25.02,13.98,-1.08,-0.5,6.4,14.41,4329.82,4275.51,4360.31,0.01,-54.31,54452.55000000011,SL
2025-05-29 04:00,2025-05-29 04:00,H1,Naiya_Sweep_Far,BUY,29.59,14.29,-0.9,-0.37,4.74,12.01,4329.82,4275.51,4360.31,0.01,-54.31,54398.240000000114,SL
2025-05-29 05:00,2025-05-29 05:00,H1,Naiya_Sweep_Far,BUY,26.93,14.08,-1.03,-0.54,5.63,6.34,4329.82,4275.51,4360.31,0.01,-54.31,54343.93000000012,SL
2025-06-02 13:00,2025-06-02 14:00,H1,Naiya Doji,SELL,85.93,11.92,1.39,1.35,0.89,9.53,3363.5,3365.89,3295.91,0.01,-2.39,54341.54000000012,SL
2025-06-02 13:00,2025-06-02 14:00,H1,Naiya Doji,SELL,85.93,11.92,1.39,1.35,0.89,9.53,3363.5,3365.89,3295.91,0.01,-2.39,54339.15000000012,SL
2025-06-02 13:00,2025-06-02 14:00,H1,Naiya Doji,SELL,85.93,11.92,1.39,1.35,0.89,9.53,3363.5,3365.89,3295.91,0.01,-2.39,54336.76000000012,SL
2025-06-02 13:00,2025-06-02 14:00,H1,Naiya Doji,SELL,85.93,11.92,1.39,1.35,0.89,9.53,3363.5,3365.89,3295.91,0.01,-2.39,54334.37000000012,SL
2025-06-02 13:00,2025-06-02 20:00,H1,Naiya Hidden,SELL,85.93,11.92,1.39,1.35,0.89,9.53,3362.69,3380.66,3286.78,0.01,-17.97,54316.40000000012,SL
2025-06-04 02:00,2025-06-04 15:00,H1,Naiya Doji,SELL,59.97,10.15,0.61,1.45,20.43,25.89,3371.23,3378.04,3233.62,0.01,-6.81,54309.59000000012,SL
2025-06-04 02:00,2025-06-04 15:00,H1,Naiya Doji,SELL,59.97,10.15,0.61,1.45,20.43,25.89,3371.23,3378.04,3233.62,0.01,-6.81,54302.78000000012,SL
2025-06-05 08:00,2025-06-05 10:00,H1,Naiya Doji,SELL,49.47,7.55,0.28,1.23,5.15,9.04,3373.37,3377.42,3323.01,0.01,-4.05,54298.73000000012,SL
2025-06-05 08:00,2025-06-05 10:00,H1,Naiya Doji,SELL,49.47,7.55,0.28,1.23,5.15,9.04,3373.37,3377.42,3323.01,0.01,-4.05,54294.68000000012,SL
2025-06-05 10:00,2025-06-05 11:00,H1,Naiya Doji,SELL,59.78,8.35,0.8,1.76,14.41,17.24,3387.68,3392.1,3224.93,0.01,-4.42,54290.26000000012,SL
2025-06-05 10:00,2025-06-05 11:00,H1,Naiya Doji,SELL,59.78,8.35,0.8,1.76,14.41,17.24,3387.68,3392.1,3224.93,0.01,-4.42,54285.84000000012,SL
2025-06-05 10:00,2025-06-05 11:00,H1,Naiya Doji,SELL,59.78,8.35,0.8,1.76,14.41,17.24,3387.68,3392.1,3224.93,0.01,-4.42,54281.42000000012,SL
2025-06-06 05:00,2025-06-06 13:00,H1,Naiya Doji,SELL,44.32,11.64,0.22,1.23,4.01,5.41,3373.37,3377.42,3351.18,0.01,22.19,54303.610000000124,TP
2025-06-06 05:00,2025-06-06 13:00,H1,Naiya Doji,SELL,44.32,11.64,0.22,1.23,4.01,5.41,3373.37,3377.42,3351.18,0.01,22.19,54325.80000000013,TP
2025-06-06 05:00,2025-06-06 13:00,H1,Naiya Doji,SELL,44.32,11.64,0.22,1.23,4.01,5.41,3373.37,3377.42,3351.18,0.01,22.19,54347.99000000013,TP
2025-06-06 05:00,2025-06-06 13:00,H1,Naiya Doji,SELL,44.32,11.64,0.22,1.23,4.01,5.41,3373.37,3377.42,3351.18,0.01,22.19,54370.18000000013,TP
2025-06-06 05:00,2025-06-06 19:00,H1,Naiya Doji,SELL,44.32,11.64,0.22,1.23,4.01,5.41,3373.37,3377.42,3316.13,0.01,57.24,54427.42000000013,TP
2025-06-06 18:00,2025-06-06 21:00,H1,Naiya,SELL,23.8,12.15,-1.2,-0.29,0.79,5.46,3326.01,3336.75,3308.63,0.01,17.38,54444.80000000013,TP
2025-06-09 06:00,2025-06-09 06:00,H1,Naiya Doji,SELL,34.71,11.17,-1.11,-0.51,2.95,6.94,3315.97,3318.52,3311.84,0.01,4.13,54448.930000000124,TP
2025-06-09 06:00,2025-06-09 06:00,H1,Naiya Doji,SELL,34.71,11.17,-1.11,-0.51,2.95,6.94,3315.97,3318.52,3311.84,0.01,4.13,54453.06000000012,TP
2025-06-09 06:00,2025-06-09 06:00,H1,Naiya Doji,SELL,34.71,11.17,-1.11,-0.51,2.95,6.94,3315.97,3318.52,3311.84,0.01,4.13,54457.19000000012,TP
2025-06-09 07:00,2025-06-09 07:00,H1,Naiya,SELL,49.06,10.02,-0.79,-0.22,9.52,12.4,3317.29,3318.52,3315.17,0.01,-1.23,54455.960000000116,SL
2025-06-09 07:00,2025-06-09 08:00,H1,Naiya,SELL,49.06,10.02,-0.79,-0.22,9.52,12.4,3322.8,3326.82,3310.04,0.01,-4.02,54451.94000000012,SL
2025-06-09 13:00,2025-06-13 01:00,H1,GapSweep,BUY,55.9,9.28,-0.74,-0.36,2.53,9.41,3317.29,3298.72,3400.92,0.01,83.63,54535.570000000116,TP
2025-06-09 15:00,2025-06-09 16:00,H1,Naiya Doji,SELL,63.94,8.92,-0.65,-0.35,1.59,10.68,3325.05,3328.51,3272.17,0.01,-3.46,54532.11000000012,SL
2025-06-09 15:00,2025-06-09 16:00,H1,Naiya Doji,SELL,63.94,8.92,-0.65,-0.35,1.59,10.68,3325.05,3328.51,3272.17,0.01,-3.46,54528.65000000012,SL
2025-06-09 15:00,2025-06-09 16:00,H1,Naiya Doji,SELL,63.94,8.92,-0.65,-0.35,1.59,10.68,3325.05,3328.51,3272.17,0.01,-3.46,54525.19000000012,SL
2025-06-09 15:00,2025-06-09 16:00,H1,Naiya Doji,SELL,63.94,8.92,-0.65,-0.35,1.59,10.68,3325.05,3328.51,3272.17,0.01,-3.46,54521.73000000012,SL
2025-06-09 15:00,2025-06-09 16:00,H1,Naiya Doji,SELL,63.94,8.92,-0.65,-0.35,1.59,10.68,3325.05,3328.51,3272.17,0.01,-3.46,54518.27000000012,SL
2025-06-10 01:00,2025-06-10 01:00,H1,Naiya Doji,BUY,46.91,8.15,-0.55,-0.51,10.23,12.29,3316.19,4313.22,4404.56,0.01,997.03,55515.30000000012,SL
2025-06-10 01:00,2025-06-10 01:00,H1,Naiya Doji,BUY,46.91,8.15,-0.55,-0.51,10.23,12.29,3316.19,4313.22,4404.59,0.01,997.03,56512.33000000012,SL
2025-06-10 01:00,2025-06-10 01:00,H1,Naiya Doji,BUY,46.91,8.15,-0.55,-0.51,10.23,12.29,3316.19,4312.85,4406.24,0.01,996.66,57508.99000000012,SL
2025-06-10 01:00,2025-06-10 01:00,H1,Naiya Doji,BUY,46.91,8.15,-0.55,-0.51,10.23,12.29,3316.19,4313.97,4401.21,0.01,997.78,58506.77000000012,SL
2025-06-10 02:00,2025-06-10 02:00,H1,Naiya Doji,BUY,39.93,8.9,-0.83,-0.82,10.52,17.09,3309.98,4313.51,4403.25,0.01,1003.53,59510.30000000012,SL
2025-06-10 02:00,2025-06-10 02:00,H1,Naiya_Sweep_Far,BUY,39.93,8.9,-0.83,-0.82,10.52,17.09,4329.82,4275.51,4360.31,0.01,-54.31,59455.99000000012,SL
2025-06-10 03:00,2025-06-10 03:00,H1,Naiya_Sweep_Far,BUY,45.49,8.96,-0.72,-0.73,3.12,8.21,4329.82,4275.51,4360.31,0.01,-54.31,59401.680000000124,SL
2025-06-10 04:00,2025-06-10 04:00,H1,Naiya_Sweep_Far,BUY,41.78,8.79,-0.74,-0.78,1.67,5.36,4329.82,4275.51,4360.31,0.01,-54.31,59347.370000000126,SL
2025-06-10 05:00,2025-06-10 05:00,H1,Naiya_Sweep_Far,BUY,38.97,8.54,-0.72,-0.79,0.3,5.85,4329.82,4275.51,4360.31,0.01,-54.31,59293.06000000013,SL
2025-06-10 06:00,2025-06-10 06:00,H1,Naiya_Sweep_Far,BUY,48.69,8.64,-0.39,-0.48,10.21,12.34,4329.82,4275.51,4360.31,0.01,-54.31,59238.75000000013,SL
2025-06-10 06:00,2025-06-10 07:00,H1,Naiya Doji,SELL,48.69,8.64,-0.39,-0.48,10.21,12.34,3317.76,3322.47,3303.47,0.01,-4.71,59234.04000000013,SL
2025-06-10 06:00,2025-06-10 07:00,H1,Naiya Doji,SELL,48.69,8.64,-0.39,-0.48,10.21,12.34,3317.76,3322.47,3303.47,0.01,-4.71,59229.33000000013,SL
2025-06-10 07:00,2025-06-10 07:00,H1,Naiya Doji,SELL,53.14,9.0,-0.13,-0.25,7.89,15.7,3325.05,3328.51,3299.74,0.01,-3.46,59225.87000000013,SL
2025-06-10 07:00,2025-06-10 07:00,H1,Naiya,SELL,53.14,9.0,-0.13,-0.25,7.89,15.7,3324.75,3327.91,3300.11,0.01,-3.16,59222.71000000013,SL
2025-06-10 07:00,2025-06-10 07:00,H1,Naiya_Sweep_Far,BUY,53.14,9.0,-0.13,-0.25,7.89,15.7,4329.82,4275.51,4360.31,0.01,-54.31,59168.40000000013,SL
2025-06-10 08:00,2025-06-10 08:00,H1,Naiya_Sweep_Far,BUY,51.0,8.74,0.03,-0.12,4.48,8.08,4329.82,4275.51,4360.31,0.01,-54.31,59114.090000000135,SL
2025-06-10 12:00,2025-06-11 13:00,H1,Naiya Hidden,SELL,55.58,8.9,0.23,-0.01,1.61,10.24,3337.65,3350.38,3286.23,0.01,-12.73,59101.36000000013,SL
2025-06-11 00:00,2025-06-13 01:00,H1,GapSweep,BUY,48.36,9.41,0.19,-0.23,3.87,12.51,3317.29,3298.48,3402.01,0.01,84.72,59186.08000000013,TP
2025-06-11 02:00,2025-06-11 05:00,H1,Naiya Doji,SELL,49.26,9.87,0.21,-0.22,3.7,9.83,3337.45,3342.57,3276.91,0.01,-5.12,59180.96000000013,SL
2025-06-11 02:00,2025-06-11 05:00,H1,Naiya Doji,SELL,49.26,9.87,0.21,-0.22,3.7,9.83,3337.45,3342.57,3276.91,0.01,-5.12,59175.84000000013,SL
2025-06-11 02:00,2025-06-11 05:00,H1,Naiya Doji,SELL,49.26,9.87,0.21,-0.22,3.7,9.83,3337.45,3342.57,3276.91,0.01,-5.12,59170.720000000125,SL
2025-06-11 02:00,2025-06-11 13:00,H1,Naiya,SELL,49.26,9.87,0.21,-0.22,3.7,9.83,3337.23,3349.09,3272.88,0.01,-11.86,59158.860000000124,SL
2025-06-11 13:00,2025-06-11 13:00,H1,Naiya Doji,SELL,61.35,10.92,0.28,-0.08,3.64,33.42,3339.32,3343.15,3298.59,0.01,-3.83,59155.03000000012,SL
2025-06-11 13:00,2025-06-11 13:00,H1,Naiya Doji,SELL,61.35,10.92,0.28,-0.08,3.64,33.42,3339.32,3343.15,3298.59,0.01,-3.83,59151.20000000012,SL
2025-06-11 13:00,2025-06-11 13:00,H1,Naiya Doji,SELL,61.35,10.92,0.28,-0.08,3.64,33.42,3339.32,3343.15,3298.59,0.01,-3.83,59147.37000000012,SL
2025-06-11 15:00,2025-06-11 19:00,H1,Naiya Doji,SELL,53.84,11.39,0.28,-0.07,7.72,12.61,3339.32,3343.15,3298.59,0.01,-3.83,59143.54000000012,SL
2025-06-11 19:00,2025-06-11 19:00,H1,Naiya Doji,SELL,51.23,12.92,0.44,0.11,19.53,23.48,3339.32,3343.15,3315.71,0.01,-3.83,59139.710000000116,SL
2025-06-11 19:00,2025-06-11 19:00,H1,Naiya Doji,SELL,51.23,12.92,0.44,0.11,19.53,23.48,3339.32,3343.15,3315.71,0.01,-3.83,59135.880000000114,SL
2025-06-11 19:00,2025-06-11 19:00,H1,Naiya Doji,SELL,51.23,12.92,0.44,0.11,19.53,23.48,3336.25,3342.86,3315.89,0.01,-6.61,59129.27000000011,SL
2025-06-11 19:00,2025-06-11 21:00,H1,Naiya Hidden,SELL,51.23,12.92,0.44,0.11,19.53,23.48,3337.53,3355.03,3308.37,0.01,-17.5,59111.77000000011,SL
2025-06-12 11:00,2025-06-12 11:00,H1,Naiya,SELL,68.43,12.89,1.22,1.15,17.12,23.35,3374.52,3375.56,3284.77,0.01,-1.04,59110.73000000011,SL
2025-06-13 09:00,2025-06-13 13:00,H1,Naiya,SELL,69.86,13.01,1.57,2.08,9.39,11.66,3425.32,3428.79,3346.43,0.01,-3.47,59107.26000000011,SL
2025-06-13 19:00,2025-06-16 00:00,H1,Naiya,SELL,57.81,12.17,1.39,2.34,6.14,10.72,3436.69,3446.76,3383.98,0.01,-10.07,59097.19000000011,SL
2025-06-16 00:00,2025-06-16 00:00,H1,Naiya Doji,SELL,69.24,11.16,1.43,2.55,4.6,9.77,3440.38,3446.76,3383.98,0.01,-6.38,59090.810000000114,SL
2025-06-16 00:00,2025-06-16 00:00,H1,Naiya Doji,SELL,69.24,11.16,1.43,2.55,4.6,9.77,3440.38,3446.76,3383.98,0.01,-6.38,59084.43000000012,SL
2025-06-16 00:00,2025-06-16 00:00,H1,Naiya Doji,SELL,69.24,11.16,1.43,2.55,4.6,9.77,3440.38,3446.76,3383.98,0.01,-6.38,59078.05000000012,SL
2025-06-16 00:00,2025-06-16 00:00,H1,Naiya Doji,SELL,69.24,11.16,1.43,2.55,4.6,9.77,3440.38,3446.76,3383.98,0.01,-6.38,59071.67000000012,SL
2025-06-16 01:00,2025-06-24 14:00,H1,GapSweep,SELL,58.05,11.54,1.13,2.3,7.84,16.98,3448.79,3471.88,3301.76,0.01,147.03,59218.70000000012,TP
2025-06-17 04:00,2025-06-17 04:00,H1,Naiya Doji,BUY,36.24,11.86,-0.84,0.67,2.48,18.58,3381.56,4304.23,4445.04,0.01,922.67,60141.37000000012,SL
2025-06-17 05:00,2025-06-17 05:00,H1,Naiya_Sweep_Far,BUY,39.89,12.03,-0.65,0.87,6.62,9.07,4329.82,4275.51,4360.31,0.01,-54.31,60087.06000000012,SL
2025-06-17 07:00,2025-06-17 07:00,H1,Naiya Doji,BUY,42.55,9.85,-0.88,0.6,6.92,11.39,3383.36,4305.75,4438.21,0.01,922.39,61009.45000000012,SL
2025-06-17 08:00,2025-06-17 08:00,H1,Naiya_Sweep_Far,BUY,38.43,9.86,-0.79,0.66,2.23,8.75,4329.82,4275.51,4360.31,0.01,-54.31,60955.14000000012,SL
2025-06-17 09:00,2025-06-17 09:00,H1,Naiya_Sweep_Far,BUY,36.46,10.09,-1.01,0.4,8.77,10.69,4329.82,4275.51,4360.31,0.01,-54.31,60900.830000000125,SL
2025-06-17 10:00,2025-06-17 10:00,H1,Naiya_Sweep_Far,BUY,45.35,10.17,-0.79,0.59,6.66,10.26,4329.82,4275.51,4360.31,0.01,-54.31,60846.52000000013,SL
2025-06-17 11:00,2025-06-17 11:00,H1,Naiya_Sweep_Far,BUY,57.93,10.41,-0.41,0.96,12.43,13.34,4329.82,4275.51,4360.31,0.01,-54.31,60792.21000000013,SL
2025-06-17 15:00,2025-06-17 15:00,H1,Naiya Doji,BUY,43.69,11.8,-0.72,0.55,5.67,25.79,3383.36,4309.0,4423.6,0.01,925.64,61717.85000000013,SL
2025-06-17 16:00,2025-06-17 16:00,H1,Naiya_Sweep_Far,BUY,40.76,12.27,-0.86,0.37,5.7,15.78,4329.82,4275.51,4360.31,0.01,-54.31,61663.54000000013,SL
2025-06-17 17:00,2025-06-17 17:00,H1,Naiya_Sweep_Far,BUY,45.36,12.1,-0.74,0.48,3.54,9.28,4329.82,4275.51,4360.31,0.01,-54.31,61609.230000000134,SL
2025-06-17 18:00,2025-06-17 18:00,H1,Naiya_Sweep_Far,BUY,51.63,11.47,-0.5,0.69,7.37,9.81,4329.82,4275.51,4360.31,0.01,-54.31,61554.92000000014,SL
2025-06-17 19:00,2025-06-17 19:00,H1,Naiya Doji,BUY,43.18,11.54,-0.69,0.47,7.56,10.06,3385.69,4306.87,4433.17,0.01,921.18,62476.10000000014,SL
2025-06-17 20:00,2025-06-17 20:00,H1,Naiya_Sweep_Far,BUY,45.99,11.49,-0.58,0.56,2.96,4.03,4329.82,4275.51,4360.31,0.01,-54.31,62421.79000000014,SL
2025-06-17 21:00,2025-06-17 21:00,H1,Naiya_Sweep_Far,BUY,51.97,11.15,-0.46,0.65,3.08,6.7,4329.82,4275.51,4360.31,0.01,-54.31,62367.48000000014,SL
2025-06-18 00:00,2025-06-18 00:00,H1,Naiya Doji,BUY,49.71,10.9,-0.48,0.6,1.78,5.31,3385.69,4307.53,4430.21,0.01,921.84,63289.32000000014,SL
2025-06-18 01:00,2025-06-18 01:00,H1,Naiya_Sweep_Far,BUY,54.61,10.56,-0.5,0.55,1.58,5.86,4329.82,4275.51,4360.31,0.01,-54.31,63235.01000000014,SL
2025-06-18 02:00,2025-06-18 02:00,H1,Naiya_Sweep_Far,BUY,45.47,10.53,-0.67,0.35,6.85,9.93,4329.82,4275.51,4360.31,0.01,-54.31,63180.70000000014,SL
2025-06-18 03:00,2025-06-18 03:00,H1,Naiya_Sweep_Far,BUY,34.62,10.22,-0.63,0.36,0.38,8.95,4329.82,4275.51,4360.31,0.01,-54.31,63126.390000000145,SL
2025-06-18 04:00,2025-06-18 04:00,H1,Naiya_Sweep_Far,BUY,51.87,10.25,-0.26,0.7,11.71,12.23,4329.82,4275.51,4360.31,0.01,-54.31,63072.08000000015,SL
2025-06-18 15:00,2025-06-18 15:00,H1,Naiya Doji,BUY,50.93,9.85,-0.1,0.57,5.28,18.65,3375.15,4309.33,4422.11,0.01,934.18,64006.26000000015,SL
2025-06-18 20:00,2025-06-18 20:00,H1,Naiya Doji,BUY,35.01,10.12,-0.61,-0.04,12.28,16.25,3375.15,4310.12,4418.54,0.01,934.97,64941.23000000015,SL
2025-06-18 21:00,2025-06-18 21:00,H1,Naiya_Sweep_Far,BUY,39.25,10.08,-0.54,0.01,1.83,6.81,4329.82,4275.51,4360.31,0.01,-54.31,64886.92000000015,SL
2025-06-19 00:00,2025-06-19 00:00,H1,Naiya_Sweep_Far,BUY,41.97,10.03,-0.33,0.2,0.48,6.29,4329.82,4275.51,4360.31,0.01,-54.31,64832.61000000015,SL
2025-06-19 06:00,2025-06-19 06:00,H1,Naiya Doji,BUY,30.31,10.29,-0.58,-0.13,10.04,15.05,3365.95,4309.75,4420.2,0.01,943.8,65776.41000000015,SL
2025-06-19 07:00,2025-06-19 07:00,H1,Naiya_Sweep_Far,BUY,29.55,10.18,-0.77,-0.34,7.17,17.21,4329.82,4275.51,4360.31,0.01,-54.31,65722.10000000015,SL
2025-06-19 08:00,2025-06-19 08:00,H1,Naiya_Sweep_Far,BUY,32.21,10.68,-0.5,-0.08,8.52,18.33,4329.82,4275.51,4360.31,0.01,-54.31,65667.79000000015,SL
2025-06-19 09:00,2025-06-20 04:00,H1,Naiya,BUY,35.4,11.0,-0.41,-0.0,2.7,9.3,3364.57,3347.52,3425.57,0.01,-17.05,65650.74000000017,SL
2025-06-20 03:00,2025-06-20 03:00,H1,Naiya_Sweep_Far,BUY,36.8,8.38,-0.74,-0.54,4.09,8.93,4329.82,4275.51,4360.31,0.01,-54.31,65596.43000000017,SL
2025-06-20 04:00,2025-06-20 04:00,H1,Naiya_Sweep_Far,BUY,37.26,8.54,-0.63,-0.45,3.08,11.49,4329.82,4275.51,4360.31,0.01,-54.31,65542.12000000017,SL
2025-06-20 05:00,2025-06-20 05:00,H1,Naiya_Sweep_Far,BUY,34.54,8.2,-0.64,-0.49,1.2,5.13,4329.82,4275.51,4360.31,0.01,-54.31,65487.810000000165,SL
2025-06-20 06:00,2025-06-20 06:00,H1,Naiya_Sweep_Far,BUY,23.14,8.38,-0.9,-0.78,9.55,12.45,4329.82,4275.51,4360.31,0.01,-54.31,65433.50000000017,SL
2025-06-20 07:00,2025-06-20 07:00,H1,Naiya_Sweep_Far,BUY,25.24,8.62,-0.86,-0.77,0.58,8.4,4329.82,4275.51,4360.31,0.01,-54.31,65379.19000000017,SL
2025-06-20 08:00,2025-06-20 08:00,H1,Naiya_Sweep_Far,BUY,30.6,8.85,-0.77,-0.71,2.38,12.04,4329.82,4275.51,4360.31,0.01,-54.31,65324.88000000017,SL
2025-06-20 09:00,2025-06-20 09:00,H1,Naiya_Sweep_Far,BUY,32.81,8.44,-0.65,-0.61,3.25,5.72,4329.82,4275.51,4360.31,0.01,-54.31,65270.570000000174,SL
2025-06-20 10:00,2025-06-20 10:00,H1,Naiya_Sweep_Far,BUY,41.2,8.49,-0.51,-0.5,4.24,9.96,4329.82,4275.51,4360.31,0.01,-54.31,65216.26000000018,SL
2025-06-20 11:00,2025-06-20 11:00,H1,Naiya_Sweep_Far,BUY,35.75,8.01,-0.49,-0.5,0.01,2.96,4329.82,4275.51,4360.31,0.01,-54.31,65161.95000000018,SL
2025-06-20 12:00,2025-06-20 12:00,H1,Naiya_Sweep_Far,BUY,28.16,8.28,-0.72,-0.75,8.33,9.3,4329.82,4275.51,4360.31,0.01,-54.31,65107.64000000018,SL
2025-06-20 13:00,2025-06-20 13:00,H1,Naiya Doji,BUY,24.6,8.67,-0.76,-0.82,2.52,8.73,3344.59,4312.94,4405.84,0.01,968.35,66075.99000000018,SL
2025-06-20 13:00,2025-06-20 13:00,H1,Naiya Doji,BUY,24.6,8.67,-0.76,-0.82,2.52,8.73,3344.59,4312.83,4406.31,0.01,968.24,67044.23000000019,SL
2025-06-20 13:00,2025-06-20 13:00,H1,Naiya Doji,BUY,24.6,8.67,-0.76,-0.82,2.52,8.73,3344.59,4313.8,4401.96,0.01,969.21,68013.44000000018,SL
2025-06-20 13:00,2025-06-20 13:00,H1,Naiya_Sweep_Far,BUY,24.6,8.67,-0.76,-0.82,2.52,8.73,4329.82,4275.51,4360.31,0.01,-54.31,67959.13000000018,SL
2025-06-20 14:00,2025-06-20 14:00,H1,Naiya_Sweep_Far,BUY,51.0,10.26,0.02,-0.07,25.71,30.77,4329.82,4275.51,4360.31,0.01,-54.31,67904.82000000018,SL
2025-06-20 15:00,2025-06-20 15:00,H1,Naiya_Sweep_Far,BUY,50.69,10.52,-0.01,-0.11,1.06,9.3,4329.82,4275.51,4360.31,0.01,-54.31,67850.51000000018,SL
2025-06-20 16:00,2025-06-20 16:00,H1,Naiya_Sweep_Far,BUY,59.98,10.08,0.02,-0.1,0.55,5.91,4329.82,4275.51,4360.31,0.01,-54.31,67796.20000000019,SL
2025-06-20 17:00,2025-06-20 17:00,H1,Naiya_Sweep_Far,BUY,64.8,9.84,0.08,-0.06,1.31,5.54,4329.82,4275.51,4360.31,0.01,-54.31,67741.89000000019,SL
2025-06-23 06:00,2025-06-24 00:00,H1,Naiya,BUY,36.08,8.44,-0.22,-0.55,1.87,13.49,3347.07,3342.0,3394.08,0.01,-5.07,67736.82000000018,SL
2025-06-24 00:00,2025-06-24 00:00,H1,Naiya Doji,BUY,44.32,13.47,-0.6,-1.04,10.25,14.23,3346.36,4309.29,4422.27,0.01,962.93,68699.75000000019,SL
2025-06-24 00:00,2025-06-24 00:00,H1,Naiya Doji,BUY,44.32,13.47,-0.6,-1.04,10.25,14.23,3346.36,4308.77,4424.61,0.01,962.41,69662.16000000019,SL
2025-06-24 00:00,2025-06-24 00:00,H1,Naiya Doji,BUY,44.32,13.47,-0.6,-1.04,10.25,14.23,3346.36,4309.66,4420.59,0.01,963.3,70625.4600000002,SL
2025-06-24 00:00,2025-06-24 00:00,H1,Naiya Doji,BUY,44.32,13.47,-0.6,-1.04,10.25,14.23,3346.36,4310.15,4418.41,0.01,963.79,71589.2500000002,SL
2025-06-24 01:00,2025-06-24 01:00,H1,Naiya_Sweep_Far,BUY,45.53,14.7,-0.39,-0.84,6.92,21.89,4329.82,4275.51,4360.31,0.01,-54.31,71534.9400000002,SL
2025-06-24 02:00,2025-06-24 02:00,H1,Naiya_Sweep_Far,BUY,42.06,15.05,-0.48,-0.94,3.49,12.33,4329.82,4275.51,4360.31,0.01,-54.31,71480.63000000021,SL
2025-06-24 03:00,2025-06-24 03:00,H1,Naiya_Sweep_Far,BUY,43.52,15.24,-0.34,-0.82,4.23,6.87,4329.82,4275.51,4360.31,0.01,-54.31,71426.32000000021,SL
2025-06-24 04:00,2025-06-24 04:00,H1,Naiya_Sweep_Far,BUY,37.19,14.67,-0.32,-0.81,0.53,6.42,4329.82,4275.51,4360.31,0.01,-54.31,71372.01000000021,SL
2025-06-24 05:00,2025-06-24 05:00,H1,Naiya_Sweep_Far,BUY,43.69,13.34,-0.41,-0.92,3.69,6.35,4329.82,4275.51,4360.31,0.01,-54.31,71317.70000000022,SL
2025-06-24 06:00,2025-06-24 06:00,H1,Naiya_Sweep_Far,BUY,22.91,12.92,-0.89,-1.42,16.56,22.06,4329.82,4275.51,4360.31,0.01,-54.31,71263.39000000022,SL
2025-06-24 07:00,2025-06-24 07:00,H1,Naiya_Sweep_Far,BUY,16.04,12.94,-1.14,-1.69,9.3,17.04,4329.82,4275.51,4360.31,0.01,-54.31,71209.08000000022,SL
2025-06-24 08:00,2025-06-24 08:00,H1,Naiya_Sweep_Far,BUY,21.2,13.65,-0.91,-1.48,7.01,15.09,4329.82,4275.51,4360.31,0.01,-54.31,71154.77000000022,SL
2025-06-24 09:00,2025-06-24 09:00,H1,Naiya_Sweep_Far,BUY,18.68,13.26,-0.97,-1.55,2.24,7.64,4329.82,4275.51,4360.31,0.01,-54.31,71100.46000000022,SL
2025-06-24 10:00,2025-06-24 10:00,H1,Naiya_Sweep_Far,BUY,18.38,12.89,-1.22,-1.81,9.03,10.79,4329.82,4275.51,4360.31,0.01,-54.31,71046.15000000023,SL
2025-06-24 11:00,2025-06-24 11:00,H1,Naiya_Sweep_Far,BUY,24.72,12.79,-0.98,-1.6,7.12,9.17,4329.82,4275.51,4360.31,0.01,-54.31,70991.84000000023,SL
2025-06-24 12:00,2025-06-24 12:00,H1,Naiya_Sweep_Far,BUY,24.22,13.12,-1.1,-1.73,4.34,11.01,4329.82,4275.51,4360.31,0.01,-54.31,70937.53000000023,SL
2025-06-24 13:00,2025-06-24 13:00,H1,Naiya_Sweep_Far,BUY,24.53,13.6,-1.28,-1.91,6.41,16.65,4329.82,4275.51,4360.31,0.01,-54.31,70883.22000000023,SL
2025-06-24 14:00,2025-06-24 14:00,H1,Naiya_Sweep_Far,BUY,27.58,13.28,-1.62,-2.28,12.49,22.4,4329.82,4275.51,4360.31,0.01,-54.31,70828.91000000024,SL
2025-06-24 15:00,2025-06-24 15:00,H1,Naiya_Sweep_Far,BUY,24.1,12.55,-1.52,-2.2,2.59,11.57,4329.82,4275.51,4360.31,0.01,-54.31,70774.60000000024,SL
2025-06-24 16:00,2025-06-24 16:00,H1,Naiya_Sweep_Far,BUY,31.84,12.9,-1.24,-1.94,8.55,17.23,4329.82,4275.51,4360.31,0.01,-54.31,70720.29000000024,SL
2025-06-24 17:00,2025-06-24 17:00,H1,Naiya_Sweep_Far,BUY,32.56,13.06,-1.06,-1.79,5.22,9.12,4329.82,4275.51,4360.31,0.01,-54.31,70665.98000000024,SL
2025-06-24 18:00,2025-06-24 18:00,H1,Naiya_Sweep_Far,BUY,32.0,12.84,-1.06,-1.8,0.55,3.39,4329.82,4275.51,4360.31,0.01,-54.31,70611.67000000025,SL
2025-06-24 19:00,2025-06-24 19:00,H1,Naiya_Sweep_Far,BUY,33.01,12.62,-1.07,-1.82,0.76,3.28,4329.82,4275.51,4360.31,0.01,-54.31,70557.36000000025,SL
2025-06-24 20:00,2025-06-24 20:00,H1,Naiya_Sweep_Far,BUY,44.89,11.7,-0.85,-1.63,6.48,9.12,4329.82,4275.51,4360.31,0.01,-54.31,70503.05000000025,SL
2025-06-24 21:00,2025-06-24 21:00,H1,Naiya_Sweep_Far,BUY,50.27,10.68,-0.83,-1.64,0.42,2.83,4329.82,4275.51,4360.31,0.01,-54.31,70448.74000000025,SL
2025-06-25 00:00,2025-06-25 00:00,H1,Naiya_Sweep_Far,BUY,45.86,9.78,-0.78,-1.61,1.69,2.43,4329.82,4275.51,4360.31,0.01,-54.31,70394.43000000025,SL
2025-06-25 01:00,2025-06-25 02:00,H1,Naiya Doji,SELL,49.75,9.69,-0.67,-1.53,2.91,6.41,3328.55,3332.37,3306.01,0.01,-3.82,70390.61000000025,SL
2025-06-25 14:00,2025-06-25 14:00,H1,Naiya Doji,BUY,37.65,6.96,-0.76,-1.83,6.08,9.58,3317.29,4306.43,4435.17,0.01,989.14,71379.75000000025,SL
2025-06-25 14:00,2025-06-25 14:00,H1,Naiya,BUY,37.65,6.96,-0.76,-1.83,6.08,9.58,3317.89,3315.65,3383.98,0.01,-2.24,71377.51000000024,SL
2025-06-25 14:00,2025-06-25 14:00,H1,Naiya Doji,BUY,37.65,6.96,-0.76,-1.83,6.08,9.58,3317.29,4308.46,4426.02,0.01,991.17,72368.68000000025,SL
2025-06-25 14:00,2025-06-25 14:00,H1,Naiya Doji,BUY,37.65,6.96,-0.76,-1.83,6.08,9.58,3317.29,4310.27,4417.88,0.01,992.98,73361.66000000025,SL
2025-06-25 15:00,2025-06-25 15:00,H1,Naiya_Sweep_Far,BUY,46.13,7.51,-0.47,-1.56,8.93,14.11,4329.82,4275.51,4360.31,0.01,-54.31,73307.35000000025,SL
2025-06-25 16:00,2025-06-25 16:00,H1,Naiya_Sweep_Far,BUY,38.58,7.3,-0.38,-1.48,2.19,5.5,4329.82,4275.51,4360.31,0.01,-54.31,73253.04000000026,SL
2025-06-25 17:00,2025-06-25 17:00,H1,Naiya_Sweep_Far,BUY,56.27,7.54,-0.08,-1.2,9.13,11.0,4329.82,4275.51,4360.31,0.01,-54.31,73198.73000000026,SL
2025-06-25 18:00,2025-06-25 18:00,H1,Naiya Doji,BUY,49.52,7.96,-0.26,-1.4,6.88,10.58,3327.6,4314.73,4397.77,0.01,987.13,74185.86000000025,SL
2025-06-26 07:00,2025-06-26 08:00,H1,Naiya Doji,SELL,63.14,7.45,0.35,-0.96,5.67,9.43,3339.77,3343.15,3292.68,0.01,-3.38,74182.48000000026,SL
2025-06-26 07:00,2025-06-26 08:00,H1,Naiya Doji,SELL,63.14,7.45,0.35,-0.96,5.67,9.43,3339.77,3343.15,3292.68,0.01,-3.38,74179.10000000027,SL
2025-06-26 13:00,2025-06-26 13:00,H1,Naiya Doji,SELL,43.32,8.98,-0.17,-1.41,11.26,22.44,3339.77,3343.15,3320.69,0.01,-3.38,74175.72000000026,SL
2025-06-26 13:00,2025-06-26 13:00,H1,Naiya,SELL,43.32,8.98,-0.17,-1.41,11.26,22.44,3340.63,3343.45,3320.51,0.01,-2.82,74172.90000000026,SL
2025-06-26 14:00,2025-06-26 14:00,H1,Naiya Doji,BUY,36.58,9.75,-0.23,-1.45,2.06,18.69,3317.29,4314.81,4397.42,0.01,997.52,75170.42000000026,SL
2025-06-26 14:00,2025-06-26 14:00,H1,Naiya,BUY,36.58,9.75,-0.23,-1.45,2.06,18.69,3320.6,3311.96,3352.59,0.01,-8.64,75161.78000000026,SL
2025-06-26 14:00,2025-06-26 14:00,H1,Naiya Doji,BUY,36.58,9.75,-0.23,-1.45,2.06,18.69,3317.29,4315.23,4395.52,0.01,997.94,76159.72000000026,SL
2025-06-26 14:00,2025-06-26 14:00,H1,Naiya Doji,BUY,36.58,9.75,-0.23,-1.45,2.06,18.69,3317.29,4313.91,4401.47,0.01,996.62,77156.34000000026,SL
2025-06-26 15:00,2025-06-26 15:00,H1,Naiya_Sweep_Far,BUY,38.6,10.08,-0.27,-1.48,1.45,11.87,4329.82,4275.51,4360.31,0.01,-54.31,77102.03000000026,SL
2025-06-26 16:00,2025-06-26 16:00,H1,Naiya_Sweep_Far,BUY,46.22,10.02,-0.08,-1.28,6.45,6.55,4329.82,4275.51,4360.31,0.01,-54.31,77047.72000000026,SL
2025-06-26 17:00,2025-06-26 17:00,H1,Naiya_Sweep_Far,BUY,44.0,9.8,0.11,-1.07,6.53,9.5,4329.82,4275.51,4360.31,0.01,-54.31,76993.41000000027,SL
2025-06-26 18:00,2025-06-26 18:00,H1,Naiya_Sweep_Far,BUY,46.08,9.69,0.15,-1.01,1.38,5.2,4329.82,4275.51,4360.31,0.01,-54.31,76939.10000000027,SL
2025-06-26 19:00,2025-06-26 19:00,H1,Naiya_Sweep_Far,BUY,50.05,9.61,0.17,-0.96,1.33,3.62,4329.82,4275.51,4360.31,0.01,-54.31,76884.79000000027,SL
2025-06-27 00:00,2025-06-27 00:00,H1,Naiya Doji,BUY,29.92,9.58,-0.32,-1.37,3.26,7.18,3319.31,4310.21,4418.12,0.01,990.9,77875.69000000026,SL
2025-06-27 00:00,2025-06-27 00:00,H1,Naiya Doji,BUY,29.92,9.58,-0.32,-1.37,3.26,7.18,3319.31,4310.43,4417.12,0.01,991.12,78866.81000000026,SL
2025-06-27 00:00,2025-06-27 00:00,H1,Naiya Doji,BUY,29.92,9.58,-0.32,-1.37,3.26,7.18,3319.31,4310.6,4416.39,0.01,991.29,79858.10000000025,SL
2025-06-27 00:00,2025-06-27 03:00,H1,Naiya,BUY,29.92,9.58,-0.32,-1.37,3.26,7.18,3319.85,3311.99,3374.02,0.01,-7.86,79850.24000000025,SL
2025-06-27 01:00,2025-06-27 01:00,H1,Naiya_Sweep_Far,BUY,27.81,9.64,-0.32,-1.35,0.13,6.74,4329.82,4275.51,4360.31,0.01,-54.31,79795.93000000025,SL
2025-06-27 02:00,2025-06-27 02:00,H1,Naiya_Sweep_Far,BUY,30.17,9.43,-0.39,-1.4,2.3,7.11,4329.82,4275.51,4360.31,0.01,-54.31,79741.62000000026,SL
2025-06-27 03:00,2025-06-27 03:00,H1,Naiya_Sweep_Far,BUY,23.88,9.88,-0.61,-1.61,7.63,11.82,4329.82,4275.51,4360.31,0.01,-54.31,79687.31000000026,SL
2025-06-27 04:00,2025-06-27 04:00,H1,Naiya_Sweep_Far,BUY,22.46,10.29,-1.03,-2.02,14.48,18.3,4329.82,4275.51,4360.31,0.01,-54.31,79633.00000000026,SL
2025-06-27 04:00,2025-06-27 09:00,H1,Naiya Hidden,BUY,22.46,10.29,-1.03,-2.02,14.48,18.3,3302.07,3282.49,3404.47,0.01,-19.58,79613.42000000026,SL
2025-06-27 05:00,2025-06-27 05:00,H1,Naiya_Sweep_Far,BUY,26.48,9.15,-1.02,-2.01,0.39,6.44,4329.82,4275.51,4360.31,0.01,-54.31,79559.11000000026,SL
2025-06-27 06:00,2025-06-27 06:00,H1,Naiya_Sweep_Far,BUY,31.3,8.65,-0.91,-1.9,3.19,11.66,4329.82,4275.51,4360.31,0.01,-54.31,79504.80000000026,SL
2025-06-27 07:00,2025-06-27 07:00,H1,Naiya_Sweep_Far,BUY,30.85,8.72,-0.96,-1.94,2.4,12.95,4329.82,4275.51,4360.31,0.01,-54.31,79450.49000000027,SL
2025-06-27 08:00,2025-06-27 08:00,H1,Naiya_Sweep_Far,BUY,19.14,9.09,-1.24,-2.23,10.49,11.69,4329.82,4275.51,4360.31,0.01,-54.31,79396.18000000027,SL
2025-06-27 09:00,2025-06-27 09:00,H1,Naiya_Sweep_Far,BUY,17.08,9.07,-1.07,-2.06,4.91,9.19,4329.82,4275.51,4360.31,0.01,-54.31,79341.87000000027,SL
2025-06-27 10:00,2025-06-27 10:00,H1,Naiya_Sweep_Far,BUY,13.85,9.24,-1.25,-2.24,6.64,7.64,4329.82,4275.51,4360.31,0.01,-54.31,79287.56000000027,SL
2025-06-27 11:00,2025-06-27 11:00,H1,Naiya_Sweep_Far,BUY,15.78,9.79,-1.13,-2.13,2.89,11.23,4329.82,4275.51,4360.31,0.01,-54.31,79233.25000000028,SL
2025-06-27 12:00,2025-06-27 12:00,H1,Naiya_Sweep_Far,BUY,15.45,10.21,-1.23,-2.24,4.25,11.93,4329.82,4275.51,4360.31,0.01,-54.31,79178.94000000028,SL
2025-06-27 13:00,2025-06-27 13:00,H1,Naiya_Sweep_Far,BUY,13.87,10.81,-1.54,-2.56,11.33,12.74,4329.82,4275.51,4360.31,0.01,-54.31,79124.63000000028,SL
2025-06-27 14:00,2025-06-27 14:00,H1,Naiya_Sweep_Far,BUY,20.61,11.3,-1.37,-2.41,4.35,18.74,4329.82,4275.51,4360.31,0.01,-54.31,79070.32000000028,SL
2025-06-27 15:00,2025-06-27 15:00,H1,Naiya_Sweep_Far,BUY,19.99,11.85,-1.4,-2.45,1.91,14.42,4329.82,4275.51,4360.31,0.01,-54.31,79016.01000000029,SL
2025-06-27 16:00,2025-06-27 16:00,H1,Naiya_Sweep_Far,BUY,22.81,11.8,-1.3,-2.36,2.13,6.49,4329.82,4275.51,4360.31,0.01,-54.31,78961.70000000029,SL
2025-06-27 17:00,2025-06-27 17:00,H1,Naiya_Sweep_Far,BUY,28.53,11.33,-1.18,-2.25,3.15,5.26,4329.82,4275.51,4360.31,0.01,-54.31,78907.39000000029,SL
2025-06-27 18:00,2025-06-27 18:00,H1,Naiya_Sweep_Far,BUY,35.39,10.74,-1.17,-2.24,0.44,10.04,4329.82,4275.51,4360.31,0.01,-54.31,78853.0800000003,SL
2025-06-27 19:00,2025-06-27 19:00,H1,Naiya_Sweep_Far,BUY,34.73,10.84,-1.19,-2.27,1.51,7.79,4329.82,4275.51,4360.31,0.01,-54.31,78798.7700000003,SL
2025-06-27 20:00,2025-06-27 20:00,H1,Naiya_Sweep_Far,BUY,28.41,10.59,-1.32,-2.4,5.19,8.09,4329.82,4275.51,4360.31,0.01,-54.31,78744.4600000003,SL
2025-06-27 21:00,2025-06-27 21:00,H1,Naiya_Sweep_Far,BUY,33.74,10.02,-1.17,-2.27,3.74,5.08,4329.82,4275.51,4360.31,0.01,-54.31,78690.1500000003,SL
2025-06-30 00:00,2025-06-30 00:00,H1,Naiya Doji,BUY,33.72,10.01,-1.45,-2.57,6.38,7.91,3265.07,4306.21,4436.12,0.01,1041.14,79731.2900000003,SL
2025-06-30 00:00,2025-06-30 00:00,H1,Naiya Doji,BUY,33.72,10.01,-1.45,-2.57,6.38,7.91,3265.07,4307.15,4431.9,0.01,1042.08,80773.3700000003,SL
2025-06-30 00:00,2025-06-30 00:00,H1,Naiya Doji,BUY,33.72,10.01,-1.45,-2.57,6.38,7.91,3265.07,4308.33,4426.59,0.01,1043.26,81816.6300000003,SL
2025-06-30 00:00,2025-06-30 00:00,H1,Naiya Doji,BUY,33.72,10.01,-1.45,-2.57,6.38,7.91,3265.07,4308.14,4427.46,0.01,1043.07,82859.7000000003,SL
2025-06-30 00:00,2025-06-30 00:00,H1,Naiya_Sweep_Far,BUY,33.72,10.01,-1.45,-2.57,6.38,7.91,4329.82,4275.51,4360.31,0.01,-54.31,82805.3900000003,SL
2025-06-30 01:00,2025-06-30 01:00,H1,Naiya_Sweep_Far,BUY,28.95,9.84,-1.39,-2.53,0.8,6.9,4329.82,4275.51,4360.31,0.01,-54.31,82751.08000000031,SL
2025-06-30 02:00,2025-06-30 02:00,H1,Naiya_Sweep_Far,BUY,42.79,10.48,-1.08,-2.23,9.23,16.57,4329.82,4275.51,4360.31,0.01,-54.31,82696.77000000031,SL
2025-06-30 03:00,2025-06-30 03:00,H1,Naiya_Sweep_Far,BUY,45.93,10.37,-0.85,-2.03,6.46,9.7,4329.82,4275.51,4360.31,0.01,-54.31,82642.46000000031,SL
2025-06-30 04:00,2025-06-30 04:00,H1,Naiya_Sweep_Far,BUY,48.03,9.87,-0.86,-2.05,1.32,4.83,4329.82,4275.51,4360.31,0.01,-54.31,82588.15000000031,SL
2025-06-30 05:00,2025-06-30 05:00,H1,Naiya_Sweep_Far,BUY,63.62,9.62,-0.63,-1.84,6.66,9.31,4329.82,4275.51,4360.31,0.01,-54.31,82533.84000000032,SL
2025-06-30 06:00,2025-06-30 06:00,H1,Naiya_Sweep_Far,BUY,62.93,8.76,-0.5,-1.72,3.34,6.74,4329.82,4275.51,4360.31,0.01,-54.31,82479.53000000032,SL
2025-06-30 10:00,2025-06-30 10:00,H1,Naiya,BUY,59.16,8.59,-0.43,-1.69,1.23,11.6,3280.26,3277.96,3372.5,0.01,-2.3,82477.23000000032,SL
2025-07-01 08:00,2025-07-01 10:00,H1,Naiya Doji,SELL,84.91,7.52,1.45,0.09,8.2,9.05,3339.77,3343.15,3320.69,0.01,-3.38,82473.85000000031,SL
2025-07-01 08:00,2025-07-01 10:00,H1,Naiya Doji,SELL,84.91,7.52,1.45,0.09,8.2,9.05,3339.77,3343.15,3320.69,0.01,-3.38,82470.4700000003,SL
2025-07-01 08:00,2025-07-01 10:00,H1,Naiya Doji,SELL,84.91,7.52,1.45,0.09,8.2,9.05,3339.77,3343.15,3320.69,0.01,-3.38,82467.0900000003,SL
2025-07-01 10:00,2025-07-01 12:00,H1,Naiya,SELL,88.73,7.59,1.59,0.3,6.21,9.93,3346.08,3350.33,3316.25,0.01,-4.25,82462.8400000003,SL
2025-07-01 13:00,2025-07-01 13:00,H1,Naiya Doji,SELL,97.1,7.28,1.75,0.57,5.61,9.6,3354.67,3357.88,3256.93,0.01,-3.21,82459.6300000003,SL
2025-07-02 03:00,2025-07-02 11:00,H1,Naiya,SELL,34.18,7.44,0.76,0.12,4.47,9.65,3338.17,3344.9,3206.58,0.01,-6.73,82452.9000000003,SL
2025-07-02 04:00,2025-07-02 11:00,H1,Naiya Doji,SELL,38.92,7.53,0.82,0.22,3.2,7.17,3339.84,3344.9,3206.58,0.01,-5.06,82447.8400000003,SL
2025-07-02 10:00,2025-07-02 10:00,H1,Naiya,SELL,52.81,6.84,0.64,0.31,8.26,9.22,3339.97,3341.97,3232.97,0.01,-2.0,82445.8400000003,SL
2025-07-02 10:00,2025-07-02 11:00,H1,Naiya Doji,SELL,52.81,6.84,0.64,0.31,8.26,9.22,3340.23,3343.89,3231.78,0.01,-3.66,82442.1800000003,SL
2025-07-02 10:00,2025-07-02 11:00,H1,Naiya Doji,SELL,52.81,6.84,0.64,0.31,8.26,9.22,3340.23,3343.89,3231.78,0.01,-3.66,82438.5200000003,SL
2025-07-03 11:00,2025-07-03 13:00,H1,Naiya,SELL,48.68,7.79,0.26,0.69,7.4,10.63,3353.13,3358.35,3318.81,0.01,34.32,82472.8400000003,TP
2025-07-04 07:00,2025-07-07 02:00,H1,Naiya Doji,SELL,69.59,5.87,0.04,0.45,2.78,5.81,3344.12,3351.05,3323.32,0.01,20.8,82493.6400000003,TP
2025-07-04 07:00,2025-07-07 02:00,H1,Naiya Doji,SELL,69.59,5.87,0.04,0.45,2.78,5.81,3344.12,3351.05,3323.32,0.01,20.8,82514.44000000031,TP
2025-07-04 07:00,2025-07-07 02:00,H1,Naiya Doji,SELL,69.59,5.87,0.04,0.45,2.78,5.81,3344.12,3351.05,3323.32,0.01,20.8,82535.24000000031,TP
2025-07-04 07:00,2025-07-08 17:00,H1,Naiya Doji,SELL,69.59,5.87,0.04,0.45,2.78,5.81,3344.12,3351.05,3287.33,0.01,56.79,82592.0300000003,TP
2025-07-07 19:00,2025-07-07 21:00,H1,Naiya Doji,SELL,65.97,9.06,0.15,0.29,4.42,8.36,3335.15,3338.0,3318.96,0.01,-2.85,82589.1800000003,SL
2025-07-07 19:00,2025-07-07 21:00,H1,Naiya Doji,SELL,65.97,9.06,0.15,0.29,4.42,8.36,3335.15,3338.0,3318.96,0.01,-2.85,82586.3300000003,SL
2025-07-07 19:00,2025-07-07 21:00,H1,Naiya Doji,SELL,65.97,9.06,0.15,0.29,4.42,8.36,3335.15,3338.0,3318.96,0.01,-2.85,82583.48000000029,SL
2025-07-08 00:00,2025-07-11 15:00,H1,GapSweep,SELL,83.8,8.41,0.4,0.51,0.84,6.81,3341.16,3357.98,3234.04,0.01,-16.82,82566.66000000028,SL
2025-07-11 02:00,2025-07-11 07:00,H1,Naiya Doji,SELL,54.18,7.65,0.59,0.25,6.93,12.5,3334.97,3339.45,3269.83,0.01,-4.48,82562.18000000028,SL
2025-07-11 08:00,2025-07-11 12:00,H1,Naiya Doji,SELL,68.68,6.41,0.53,0.26,1.59,11.91,3342.39,3345.79,3265.91,0.01,-3.4,82558.78000000029,SL
2025-07-11 08:00,2025-07-11 12:00,H1,Naiya Doji,SELL,68.68,6.41,0.53,0.26,1.59,11.91,3342.39,3345.79,3265.91,0.01,-3.4,82555.3800000003,SL
2025-07-11 08:00,2025-07-11 14:00,H1,GapSweep,SELL,68.68,6.41,0.53,0.26,1.59,11.91,3341.16,3353.98,3259.49,0.01,-12.82,82542.56000000029,SL
2025-07-11 16:00,2025-07-11 16:00,H1,Naiya,SELL,74.01,9.1,1.13,1.05,9.36,13.65,3359.35,3363.66,3315.52,0.01,-4.31,82538.25000000029,SL
2025-07-14 00:00,2025-07-14 00:00,H1,Naiya Doji,SELL,70.31,8.81,1.14,1.23,8.2,11.42,3362.78,3368.76,3273.82,0.01,-5.98,82532.2700000003,SL
2025-07-14 00:00,2025-07-14 00:00,H1,Naiya Doji,SELL,70.31,8.81,1.14,1.23,8.2,11.42,3362.78,3368.76,3273.82,0.01,-5.98,82526.2900000003,SL
2025-07-14 00:00,2025-07-14 00:00,H1,Naiya Doji,SELL,70.31,8.81,1.14,1.23,8.2,11.42,3362.78,3368.76,3273.82,0.01,-5.98,82520.3100000003,SL
2025-07-14 00:00,2025-07-14 00:00,H1,Naiya Doji,SELL,70.31,8.81,1.14,1.23,8.2,11.42,3362.78,3368.76,3273.82,0.01,-5.98,82514.33000000031,SL
2025-07-14 08:00,2025-07-21 14:00,H1,Naiya Hidden,SELL,59.81,7.62,0.91,1.16,11.32,13.06,3369.35,3382.82,3299.23,0.01,-13.47,82500.8600000003,SL
2025-07-14 09:00,2025-07-14 09:00,H1,Naiya Doji,SELL,68.82,7.69,0.97,1.25,3.02,8.23,3370.2,3374.07,3304.64,0.01,-3.87,82496.99000000031,SL
2025-07-14 09:00,2025-07-14 09:00,H1,Naiya Doji,SELL,68.82,7.69,0.97,1.25,3.02,8.23,3370.2,3374.07,3304.64,0.01,-3.87,82493.12000000032,SL
2025-07-14 09:00,2025-07-14 09:00,H1,Naiya Doji,SELL,68.82,7.69,0.97,1.25,3.02,8.23,3370.2,3374.07,3304.64,0.01,-3.87,82489.25000000032,SL
2025-07-14 09:00,2025-07-14 09:00,H1,Naiya Doji,SELL,68.82,7.69,0.97,1.25,3.02,8.23,3370.2,3374.07,3304.64,0.01,-3.87,82485.38000000032,SL
2025-07-14 11:00,2025-07-14 12:00,H1,Naiya Doji,SELL,62.9,7.95,0.86,1.19,4.21,6.36,3370.2,3374.07,3333.9,0.01,-3.87,82481.51000000033,SL
2025-07-14 11:00,2025-07-15 17:00,H1,Naiya,SELL,62.9,7.95,0.86,1.19,4.21,6.36,3368.91,3374.93,3333.36,0.01,35.55,82517.06000000033,TP
2025-07-14 15:00,2025-07-14 16:00,H1,Naiya Doji,SELL,41.06,8.83,0.33,0.74,5.22,11.9,3357.73,3361.66,3341.56,0.01,16.17,82533.23000000033,TP
2025-07-15 05:00,2025-07-15 07:00,H1,Naiya Doji,SELL,57.49,6.42,0.2,0.8,7.04,7.63,3357.73,3361.66,3341.56,0.01,-3.93,82529.30000000034,SL
2025-07-16 17:00,2025-07-16 17:00,H1,Naiya Doji,SELL,60.06,10.52,0.03,0.4,5.91,41.08,3370.2,3374.07,3333.9,0.01,-3.87,82525.43000000034,SL
2025-07-16 17:00,2025-07-16 17:00,H1,Naiya,SELL,60.06,10.52,0.03,0.4,5.91,41.08,3370.26,3374.62,3333.56,0.01,-4.36,82521.07000000034,SL
2025-07-16 17:00,2025-07-16 17:00,H1,Naiya Doji,SELL,60.06,10.52,0.03,0.4,5.91,41.08,3370.2,3374.07,3320.55,0.01,-3.87,82517.20000000035,SL
2025-07-16 17:00,2025-07-16 17:00,H1,Naiya Doji,SELL,60.06,10.52,0.03,0.4,5.91,41.08,3361.14,3365.6,3326.22,0.01,-4.46,82512.74000000034,SL
2025-07-18 09:00,2025-07-18 11:00,H1,Naiya Doji,SELL,63.47,5.41,0.35,0.5,7.71,9.46,3350.25,3352.22,3299.51,0.01,-1.97,82510.77000000034,SL
2025-07-18 09:00,2025-07-18 11:00,H1,Naiya Doji,SELL,63.47,5.41,0.35,0.5,7.71,9.46,3350.25,3352.22,3299.51,0.01,-1.97,82508.80000000034,SL
2025-07-18 09:00,2025-07-18 11:00,H1,Naiya Doji,SELL,63.47,5.41,0.35,0.5,7.71,9.46,3350.25,3352.22,3299.51,0.01,-1.97,82506.83000000034,SL
2025-07-18 09:00,2025-07-18 11:00,H1,Naiya Doji,SELL,63.47,5.41,0.35,0.5,7.71,9.46,3350.25,3352.22,3299.51,0.01,-1.97,82504.86000000034,SL
2025-07-21 02:00,2025-07-21 03:00,H1,Naiya Doji,SELL,49.77,5.5,0.31,0.52,2.99,6.96,3354.34,3357.48,3280.38,0.01,-3.14,82501.72000000034,SL
2025-07-21 02:00,2025-07-21 03:00,H1,Naiya Doji,SELL,49.77,5.5,0.31,0.52,2.99,6.96,3354.34,3357.48,3280.38,0.01,-3.14,82498.58000000034,SL
2025-07-21 02:00,2025-07-21 03:00,H1,Naiya Doji,SELL,49.77,5.5,0.31,0.52,2.99,6.96,3354.34,3357.48,3280.38,0.01,-3.14,82495.44000000034,SL
2025-07-21 07:00,2025-07-21 08:00,H1,Naiya Hidden,SELL,64.55,5.71,0.71,0.93,8.78,12.0,3360.02,3369.9,3272.7,0.01,-9.88,82485.56000000033,SL
2025-07-21 10:00,2025-07-21 13:00,H1,Naiya,SELL,65.33,5.87,0.64,0.88,1.2,3.81,3366.62,3370.76,3329.16,0.01,-4.14,82481.42000000033,SL
2025-07-21 12:00,2025-07-21 13:00,H1,Naiya Doji,SELL,71.88,5.9,0.61,0.87,0.0,5.18,3368.04,3370.76,3329.16,0.01,-2.72,82478.70000000033,SL
2025-07-22 14:00,2025-07-22 14:00,H1,Naiya,SELL,57.36,6.62,1.0,1.76,16.31,16.71,3398.78,3401.05,3339.18,0.01,-2.27,82476.43000000033,SL
2025-07-22 14:00,2025-07-22 14:00,H1,Naiya Doji,SELL,57.36,6.62,1.0,1.76,16.31,16.71,3398.01,3402.71,3338.15,0.01,-4.7,82471.73000000033,SL
2025-07-22 14:00,2025-07-22 14:00,H1,Naiya Doji,SELL,57.36,6.62,1.0,1.76,16.31,16.71,3398.01,3402.71,3338.15,0.01,-4.7,82467.03000000033,SL
2025-07-22 14:00,2025-07-22 14:00,H1,Naiya Doji,SELL,57.36,6.62,1.0,1.76,16.31,16.71,3398.01,3402.71,3338.15,0.01,-4.7,82462.33000000034,SL
2025-07-22 14:00,2025-07-22 14:00,H1,Naiya Doji,SELL,57.36,6.62,1.0,1.76,16.31,16.71,3398.01,3402.71,3374.3,0.01,-4.7,82457.63000000034,SL
2025-07-23 02:00,2025-07-23 02:00,H1,Naiya Doji,SELL,87.69,8.19,1.13,2.21,1.39,11.74,3430.11,3432.64,3352.76,0.01,-2.53,82455.10000000034,SL
2025-07-23 05:00,2025-07-25 10:00,H1,Naiya,SELL,67.1,7.97,0.83,2.0,0.05,5.84,3427.45,3438.94,3348.87,0.01,78.58,82533.68000000034,TP
2025-07-23 11:00,2025-07-25 10:00,H1,Naiya Doji,SELL,51.75,6.51,0.82,2.14,2.65,5.53,3433.07,3438.94,3348.87,0.01,84.2,82617.88000000034,TP
2025-07-23 11:00,2025-07-25 10:00,H1,Naiya Doji,SELL,51.75,6.51,0.82,2.14,2.65,5.53,3433.07,3438.94,3348.87,0.01,84.2,82702.08000000034,TP
2025-07-23 11:00,2025-07-25 10:00,H1,Naiya Doji,SELL,51.75,6.51,0.82,2.14,2.65,5.53,3433.07,3438.94,3348.87,0.01,84.2,82786.28000000033,TP
2025-07-23 11:00,2025-07-25 10:00,H1,Naiya Doji,SELL,51.75,6.51,0.82,2.14,2.65,5.53,3433.07,3438.94,3348.87,0.01,84.2,82870.48000000033,TP
2025-07-25 10:00,2025-07-25 10:00,H1,Naiya Doji,BUY,20.76,5.87,-1.12,-0.61,8.62,10.8,3347.53,4318.98,4378.64,0.01,971.45,83841.93000000033,SL
2025-07-25 10:00,2025-07-25 10:00,H1,Naiya Doji,BUY,20.76,5.87,-1.12,-0.61,8.62,10.8,3347.53,4318.98,4378.62,0.01,971.45,84813.38000000032,SL
2025-07-25 10:00,2025-07-25 10:00,H1,Naiya Doji,BUY,20.76,5.87,-1.12,-0.61,8.62,10.8,3347.53,4318.39,4381.29,0.01,970.86,85784.24000000033,SL
2025-07-25 10:00,2025-07-25 10:00,H1,Naiya Doji,BUY,20.76,5.87,-1.12,-0.61,8.62,10.8,3347.53,4318.19,4382.19,0.01,970.66,86754.90000000033,SL
2025-07-25 10:00,2025-07-25 10:00,H1,Naiya Doji,BUY,20.76,5.87,-1.12,-0.61,8.62,10.8,3347.53,4318.02,4382.94,0.01,970.49,87725.39000000033,SL
2025-07-25 11:00,2025-07-25 11:00,H1,Naiya_Sweep_Far,BUY,17.79,5.86,-1.06,-0.6,0.47,5.74,4329.82,4275.51,4360.31,0.01,-54.31,87671.08000000034,SL
2025-07-25 12:00,2025-07-25 12:00,H1,Naiya_Sweep_Far,BUY,17.12,6.15,-1.1,-0.69,3.11,7.01,4329.82,4275.51,4360.31,0.01,-54.31,87616.77000000034,SL
2025-07-25 13:00,2025-07-25 13:00,H1,Naiya_Sweep_Far,BUY,17.45,6.33,-1.1,-0.74,1.74,6.57,4329.82,4275.51,4360.31,0.01,-54.31,87562.46000000034,SL
2025-07-25 14:00,2025-07-25 14:00,H1,Naiya_Sweep_Far,BUY,15.83,6.6,-1.06,-0.75,0.18,7.64,4329.82,4275.51,4360.31,0.01,-54.31,87508.15000000034,SL
2025-07-25 15:00,2025-07-25 15:00,H1,Naiya,SELL,20.47,7.01,-0.92,-0.65,3.11,10.61,3345.42,3348.89,3339.81,0.01,5.61,87513.76000000034,TP
2025-07-25 15:00,2025-07-25 15:00,H1,Naiya_Sweep_Far,BUY,20.47,7.01,-0.92,-0.65,3.11,10.61,4329.82,4275.51,4360.31,0.01,-54.31,87459.45000000035,SL
2025-07-25 16:00,2025-07-25 16:00,H1,Naiya_Sweep_Far,BUY,11.63,7.67,-1.23,-1.01,12.2,14.21,4329.82,4275.51,4360.31,0.01,-54.31,87405.14000000035,SL
2025-07-25 17:00,2025-07-25 17:00,H1,Naiya_Sweep_Far,BUY,11.04,8.0,-1.28,-1.13,3.94,10.94,4329.82,4275.51,4360.31,0.01,-54.31,87350.83000000035,SL
2025-07-25 18:00,2025-07-25 18:00,H1,Naiya_Sweep_Far,BUY,16.18,7.75,-1.18,-1.07,1.82,5.16,4329.82,4275.51,4360.31,0.01,-54.31,87296.52000000035,SL
2025-07-25 19:00,2025-07-25 19:00,H1,Naiya_Sweep_Far,BUY,27.61,7.92,-0.94,-0.88,6.27,7.22,4329.82,4275.51,4360.31,0.01,-54.31,87242.21000000036,SL
2025-07-25 20:00,2025-07-25 20:00,H1,Naiya_Sweep_Far,BUY,29.03,7.78,-0.82,-0.8,2.81,3.51,4329.82,4275.51,4360.31,0.01,-54.31,87187.90000000036,SL
2025-07-25 21:00,2025-07-25 21:00,H1,Naiya_Sweep_Far,BUY,29.66,7.49,-0.81,-0.83,1.11,3.0,4329.82,4275.51,4360.31,0.01,-54.31,87133.59000000036,SL
2025-07-25 22:00,2025-07-25 22:00,H1,Naiya_Sweep_Far,BUY,27.82,7.36,-0.83,-0.87,1.58,3.31,4329.82,4275.51,4360.31,0.01,-54.31,87079.28000000036,SL
2025-07-28 00:00,2025-07-28 00:00,H1,Naiya_Sweep_Far,BUY,27.24,7.72,-0.98,-1.06,0.77,11.51,4329.82,4275.51,4360.31,0.01,-54.31,87024.97000000036,SL
2025-07-28 01:00,2025-07-28 01:00,H1,Naiya_Sweep_Far,BUY,37.91,7.51,-0.83,-0.94,3.96,7.89,4329.82,4275.51,4360.31,0.01,-54.31,86970.66000000037,SL
2025-07-28 02:00,2025-07-28 02:00,H1,Naiya_Sweep_Far,BUY,37.19,7.69,-0.8,-0.94,0.13,8.24,4329.82,4275.51,4360.31,0.01,-54.31,86916.35000000037,SL
2025-07-28 03:00,2025-07-28 03:00,H1,Naiya_Sweep_Far,BUY,38.43,7.83,-0.81,-0.98,1.5,8.93,4329.82,4275.51,4360.31,0.01,-54.31,86862.04000000037,SL
2025-07-28 04:00,2025-07-28 04:00,H1,Naiya_Sweep_Far,BUY,44.44,7.78,-0.67,-0.86,3.67,5.92,4329.82,4275.51,4360.31,0.01,-54.31,86807.73000000037,SL
2025-07-28 05:00,2025-07-28 05:00,H1,Naiya_Sweep_Far,BUY,52.13,7.86,-0.42,-0.63,7.6,8.79,4329.82,4275.51,4360.31,0.01,-54.31,86753.42000000038,SL
2025-07-28 06:00,2025-07-28 06:00,H1,Naiya_Sweep_Far,BUY,46.22,7.43,-0.5,-0.74,3.59,4.55,4329.82,4275.51,4360.31,0.01,-54.31,86699.11000000038,SL
2025-07-28 07:00,2025-07-28 07:00,H1,Naiya_Sweep_Far,BUY,61.99,6.85,-0.36,-0.63,3.71,6.07,4329.82,4275.51,4360.31,0.01,-54.31,86644.80000000038,SL
2025-07-28 08:00,2025-07-28 08:00,H1,Naiya_Sweep_Far,BUY,62.9,6.75,-0.43,-0.72,3.25,9.53,4329.82,4275.51,4360.31,0.01,-54.31,86590.49000000038,SL
2025-07-28 14:00,2025-07-28 14:00,H1,Naiya Doji,BUY,48.59,7.17,-0.63,-1.07,8.23,12.81,3329.59,4314.26,4399.9,0.01,984.67,87575.16000000038,SL
2025-07-28 14:00,2025-07-28 14:00,H1,Naiya Doji,BUY,48.59,7.17,-0.63,-1.07,8.23,12.81,3331.83,4314.09,4400.64,0.01,982.26,88557.42000000038,SL
2025-07-28 14:00,2025-07-28 14:00,H1,Naiya Doji,BUY,48.59,7.17,-0.63,-1.07,8.23,12.81,3331.83,4314.96,4396.74,0.01,983.13,89540.55000000038,SL
2025-07-28 14:00,2025-07-28 14:00,H1,Naiya Doji,BUY,48.59,7.17,-0.63,-1.07,8.23,12.81,3331.83,4316.12,4391.5,0.01,984.29,90524.84000000037,SL
2025-07-28 14:00,2025-07-28 14:00,H1,Naiya Doji,BUY,48.59,7.17,-0.63,-1.07,8.23,12.81,3331.83,4316.32,4390.6,0.01,984.49,91509.33000000038,SL
2025-07-28 15:00,2025-07-28 15:00,H1,Naiya_Sweep_Far,BUY,26.97,8.66,-1.38,-1.85,26.09,28.72,4329.82,4275.51,4360.31,0.01,-54.31,91455.02000000038,SL
2025-07-28 16:00,2025-07-28 16:00,H1,Naiya_Sweep_Far,BUY,32.63,9.0,-1.17,-1.68,5.65,12.99,4329.82,4275.51,4360.31,0.01,-54.31,91400.71000000038,SL
2025-07-28 17:00,2025-07-28 17:00,H1,Naiya_Sweep_Far,BUY,39.12,9.12,-0.94,-1.47,6.91,10.55,4329.82,4275.51,4360.31,0.01,-54.31,91346.40000000039,SL
2025-07-28 18:00,2025-07-28 18:00,H1,Naiya_Sweep_Far,BUY,34.91,8.94,-0.99,-1.55,2.6,3.49,4329.82,4275.51,4360.31,0.01,-54.31,91292.09000000039,SL
2025-07-28 19:00,2025-07-28 19:00,H1,Naiya_Sweep_Far,BUY,27.32,8.63,-1.0,-1.58,1.41,4.39,4329.82,4275.51,4360.31,0.01,-54.31,91237.78000000039,SL
2025-07-28 20:00,2025-07-28 20:00,H1,Naiya_Sweep_Far,BUY,31.68,8.69,-0.88,-1.5,2.92,5.4,4329.82,4275.51,4360.31,0.01,-54.31,91183.4700000004,SL
2025-07-28 21:00,2025-07-28 21:00,H1,Naiya_Sweep_Far,BUY,31.49,8.67,-0.74,-1.39,3.5,5.77,4329.82,4275.51,4360.31,0.01,-54.31,91129.1600000004,SL
2025-07-28 22:00,2025-07-28 22:00,H1,Naiya_Sweep_Far,BUY,31.75,8.28,-0.79,-1.47,2.67,4.07,4329.82,4275.51,4360.31,0.01,-54.31,91074.8500000004,SL
2025-07-29 00:00,2025-07-29 00:00,H1,Naiya_Sweep_Far,BUY,34.52,7.94,-0.75,-1.45,1.03,3.34,4329.82,4275.51,4360.31,0.01,-54.31,91020.5400000004,SL
2025-07-29 00:00,2025-07-29 02:00,H1,Naiya,BUY,34.52,7.94,-0.75,-1.45,1.03,3.34,3312.18,3308.79,3367.98,0.01,-3.39,91017.1500000004,SL
2025-07-29 01:00,2025-07-29 01:00,H1,Naiya Doji,BUY,32.39,7.8,-0.78,-1.51,2.04,4.47,3310.98,4312.44,4408.08,0.01,1001.46,92018.61000000041,SL
2025-07-29 01:00,2025-07-29 01:00,H1,Naiya Doji,BUY,32.39,7.8,-0.78,-1.51,2.04,4.47,3310.98,4312.49,4407.88,0.01,1001.51,93020.1200000004,SL
2025-07-29 01:00,2025-07-29 01:00,H1,Naiya Doji,BUY,32.39,7.8,-0.78,-1.51,2.04,4.47,3310.98,4313.27,4404.37,0.01,1002.29,94022.4100000004,SL
2025-07-29 01:00,2025-07-29 01:00,H1,Naiya Doji,BUY,32.39,7.8,-0.78,-1.51,2.04,4.47,3310.98,4313.94,4401.34,0.01,1002.96,95025.3700000004,SL
2025-07-29 02:00,2025-07-29 02:00,H1,Naiya_Sweep_Far,BUY,30.08,8.03,-0.78,-1.54,1.11,7.96,4329.82,4275.51,4360.31,0.01,-54.31,94971.0600000004,SL
2025-07-29 03:00,2025-07-29 03:00,H1,Naiya_Sweep_Far,BUY,38.16,8.6,-0.53,-1.32,7.48,12.49,4329.82,4275.51,4360.31,0.01,-54.31,94916.75000000041,SL
2025-07-29 04:00,2025-07-29 04:00,H1,Naiya_Sweep_Far,BUY,37.56,8.52,-0.5,-1.32,0.09,2.79,4329.82,4275.51,4360.31,0.01,-54.31,94862.44000000041,SL
2025-07-29 05:00,2025-07-29 05:00,H1,Naiya Doji,BUY,38.58,8.15,-0.65,-1.5,6.12,7.73,3311.97,4312.63,4407.24,0.01,1000.66,95863.10000000041,SL
2025-07-29 05:00,2025-07-29 05:00,H1,Naiya Doji,BUY,38.58,8.15,-0.65,-1.5,6.12,7.73,3311.97,4312.79,4406.53,0.01,1000.82,96863.92000000042,SL
2025-07-29 05:00,2025-07-29 05:00,H1,Naiya_Sweep_Far,BUY,38.58,8.15,-0.65,-1.5,6.12,7.73,4329.82,4275.51,4360.31,0.01,-54.31,96809.61000000042,SL
2025-07-29 05:00,2025-07-30 15:00,H1,Naiya,BUY,38.58,8.15,-0.65,-1.5,6.12,7.73,3312.64,3307.99,3368.47,0.01,-4.65,96804.96000000043,SL
2025-07-29 06:00,2025-07-29 06:00,H1,Naiya_Sweep_Far,BUY,65.15,6.7,-0.5,-1.38,3.88,8.3,4329.82,4275.51,4360.31,0.01,-54.31,96750.65000000043,SL
2025-07-29 07:00,2025-07-29 07:00,H1,Naiya_Sweep_Far,BUY,63.42,6.18,-0.37,-1.28,3.42,5.77,4329.82,4275.51,4360.31,0.01,-54.31,96696.34000000043,SL
2025-07-29 08:00,2025-07-29 08:00,H1,Naiya_Sweep_Far,BUY,52.71,5.85,-0.43,-1.36,2.9,6.0,4329.82,4275.51,4360.31,0.01,-54.31,96642.03000000044,SL
2025-07-29 09:00,2025-07-29 09:00,H1,Naiya Doji,BUY,56.56,6.13,-0.4,-1.35,0.15,7.4,3311.97,4316.43,4390.13,0.01,1004.46,97646.49000000044,SL
2025-07-29 09:00,2025-07-29 09:00,H1,Naiya Doji,BUY,56.56,6.13,-0.4,-1.35,0.15,7.4,3311.97,4317.46,4385.48,0.01,1005.49,98651.98000000045,SL
2025-07-29 09:00,2025-07-29 09:00,H1,Naiya Doji,BUY,56.56,6.13,-0.4,-1.35,0.15,7.4,3311.97,4318.11,4382.55,0.01,1006.14,99658.12000000045,SL
2025-07-29 09:00,2025-07-29 09:00,H1,Naiya_Sweep_Far,BUY,56.56,6.13,-0.4,-1.35,0.15,7.4,4329.82,4275.51,4360.31,0.01,-54.31,99603.81000000045,SL
2025-07-29 10:00,2025-07-29 10:00,H1,Naiya_Sweep_Far,BUY,66.93,6.76,-0.1,-1.08,9.18,13.15,4329.82,4275.51,4360.31,0.01,-54.31,99549.50000000045,SL
2025-07-29 11:00,2025-07-29 11:00,H1,Naiya_Sweep_Far,BUY,62.03,6.9,-0.14,-1.13,1.86,7.38,4329.82,4275.51,4360.31,0.01,-54.31,99495.19000000045,SL
2025-07-29 12:00,2025-07-29 12:00,H1,Naiya_Sweep_Far,BUY,55.61,6.79,-0.19,-1.2,2.4,4.27,4329.82,4275.51,4360.31,0.01,-54.31,99440.88000000046,SL
2025-07-29 15:00,2025-07-29 15:00,H1,Naiya Doji,BUY,54.45,7.94,-0.26,-1.31,5.4,11.35,3314.94,4316.3,4390.71,0.01,1001.36,100442.24000000046,SL
2025-07-29 15:00,2025-07-29 15:00,H1,Naiya Doji,BUY,54.45,7.94,-0.26,-1.31,5.4,11.35,3314.94,4316.02,4391.98,0.01,1001.08,101443.32000000046,SL
2025-07-29 15:00,2025-07-29 15:00,H1,Naiya Doji,BUY,54.45,7.94,-0.26,-1.31,5.4,11.35,3314.94,4316.23,4391.01,0.01,1001.29,102444.61000000045,SL
2025-07-29 16:00,2025-07-29 16:00,H1,Naiya_Sweep_Far,BUY,62.62,8.62,0.08,-0.98,11.44,17.51,4329.82,4275.51,4360.31,0.01,-54.31,102390.30000000045,SL
2025-07-29 17:00,2025-07-30 14:00,H1,Naiya,BUY,51.2,8.77,-0.16,-1.22,8.32,14.56,3323.34,3312.9,3340.42,0.01,-10.44,102379.86000000045,SL
2025-07-29 20:00,2025-08-01 15:00,H1,GapSweep,SELL,56.67,8.68,0.02,-1.06,2.48,5.57,3328.9,3346.25,3218.39,0.01,-17.35,102362.51000000045,SL
2025-07-30 06:00,2025-08-01 14:00,H1,GapSweep,SELL,59.13,6.97,0.1,-1.01,1.21,4.02,3328.9,3342.83,3240.18,0.01,-13.93,102348.58000000045,SL
2025-07-30 07:00,2025-08-01 14:00,H1,GapSweep,SELL,45.18,6.15,0.03,-1.08,2.23,6.07,3328.9,3341.2,3250.59,0.01,-12.3,102336.28000000045,SL
2025-07-30 14:00,2025-07-30 14:00,H1,Naiya Doji,BUY,35.67,7.09,-0.27,-1.42,17.64,21.23,3311.97,4317.55,4385.07,0.01,1005.58,103341.86000000045,SL
2025-07-30 14:00,2025-07-30 14:00,H1,Naiya Doji,BUY,35.67,7.09,-0.27,-1.42,17.64,21.23,3311.97,4313.95,4401.31,0.01,1001.98,104343.84000000045,SL
2025-07-30 14:00,2025-07-30 14:00,H1,Naiya Doji,BUY,35.67,7.09,-0.27,-1.42,17.64,21.23,3314.94,4312.58,4407.45,0.01,997.64,105341.48000000045,SL
2025-07-30 15:00,2025-07-30 15:00,H1,Naiya_Sweep_Far,BUY,29.82,8.2,-0.55,-1.72,10.07,17.65,4329.82,4275.51,4360.31,0.01,-54.31,105287.17000000045,SL
2025-07-30 16:00,2025-07-30 16:00,H1,Naiya_Sweep_Far,BUY,26.32,8.24,-0.56,-1.74,1.02,7.1,4329.82,4275.51,4360.31,0.01,-54.31,105232.86000000045,SL
2025-07-30 17:00,2025-07-30 17:00,H1,Naiya_Sweep_Far,BUY,24.27,8.47,-0.89,-2.08,11.78,14.66,4329.82,4275.51,4360.31,0.01,-54.31,105178.55000000045,SL
2025-07-30 18:00,2025-07-30 18:00,H1,Naiya_Sweep_Far,BUY,26.21,8.45,-0.64,-1.85,7.62,8.65,4329.82,4275.51,4360.31,0.01,-54.31,105124.24000000046,SL
2025-07-30 19:00,2025-07-30 19:00,H1,Naiya_Sweep_Far,BUY,30.51,8.51,-0.53,-1.74,3.53,4.41,4329.82,4275.51,4360.31,0.01,-54.31,105069.93000000046,SL
2025-07-30 20:00,2025-07-30 20:00,H1,Naiya_Sweep_Far,BUY,23.57,10.02,-1.16,-2.37,21.35,25.21,4329.82,4275.51,4360.31,0.01,-54.31,105015.62000000046,SL
2025-07-30 21:00,2025-07-30 21:00,H1,Naiya_Sweep_Far,BUY,21.46,10.63,-1.46,-2.68,10.99,14.64,4329.82,4275.51,4360.31,0.01,-54.31,104961.31000000046,SL
2025-07-30 22:00,2025-07-30 22:00,H1,Naiya_Sweep_Far,BUY,24.07,10.83,-1.27,-2.5,5.6,7.16,4329.82,4275.51,4360.31,0.01,-54.31,104907.00000000047,SL
2025-07-31 00:00,2025-07-31 00:00,H1,Naiya_Sweep_Far,BUY,26.66,10.72,-1.13,-2.38,1.99,3.66,4329.82,4275.51,4360.31,0.01,-54.31,104852.69000000047,SL
2025-07-31 01:00,2025-07-31 01:00,H1,Naiya_Sweep_Far,BUY,27.83,10.85,-0.92,-2.18,6.24,7.8,4329.82,4275.51,4360.31,0.01,-54.31,104798.38000000047,SL
2025-07-31 02:00,2025-07-31 02:00,H1,Naiya_Sweep_Far,BUY,28.84,10.92,-0.87,-2.14,1.11,5.6,4329.82,4275.51,4360.31,0.01,-54.31,104744.07000000047,SL
2025-07-31 03:00,2025-07-31 03:00,H1,Naiya_Sweep_Far,BUY,34.39,11.12,-0.63,-1.91,7.38,8.94,4329.82,4275.51,4360.31,0.01,-54.31,104689.76000000047,SL
2025-07-31 04:00,2025-07-31 04:00,H1,Naiya_Sweep_Far,BUY,35.0,11.08,-0.52,-1.8,3.37,6.98,4329.82,4275.51,4360.31,0.01,-54.31,104635.45000000048,SL
2025-07-31 05:00,2025-07-31 05:00,H1,Naiya_Sweep_Far,BUY,40.59,9.93,-0.58,-1.86,2.26,5.12,4329.82,4275.51,4360.31,0.01,-54.31,104581.14000000048,SL
2025-07-31 06:00,2025-07-31 06:00,H1,Naiya_Sweep_Far,BUY,47.22,9.0,-0.47,-1.76,3.16,4.63,4329.82,4275.51,4360.31,0.01,-54.31,104526.83000000048,SL
2025-07-31 07:00,2025-07-31 07:00,H1,Naiya_Sweep_Far,BUY,48.67,8.99,-0.41,-1.7,1.59,6.97,4329.82,4275.51,4360.31,0.01,-54.31,104472.52000000048,SL
2025-07-31 08:00,2025-07-31 08:00,H1,Naiya_Sweep_Far,BUY,55.53,8.41,-0.42,-1.71,0.6,6.52,4329.82,4275.51,4360.31,0.01,-54.31,104418.21000000049,SL
2025-07-31 09:00,2025-07-31 09:00,H1,Naiya_Sweep_Far,BUY,54.32,8.61,-0.25,-1.54,5.5,11.47,4329.82,4275.51,4360.31,0.01,-54.31,104363.90000000049,SL
2025-07-31 10:00,2025-07-31 10:00,H1,Naiya_Sweep_Far,BUY,55.27,9.09,-0.09,-1.37,5.23,11.14,4329.82,4275.51,4360.31,0.01,-54.31,104309.59000000049,SL
2025-07-31 11:00,2025-07-31 11:00,H1,Naiya_Sweep_Far,BUY,71.81,7.88,-0.18,-1.47,3.3,8.27,4329.82,4275.51,4360.31,0.01,-54.31,104255.2800000005,SL
2025-07-31 12:00,2025-07-31 12:00,H1,Naiya_Sweep_Far,BUY,72.42,7.85,-0.48,-1.77,10.39,14.29,4329.82,4275.51,4360.31,0.01,-54.31,104200.9700000005,SL
2025-07-31 13:00,2025-07-31 13:00,H1,Naiya_Sweep_Far,BUY,74.25,8.24,-0.17,-1.47,9.74,12.53,4329.82,4275.51,4360.31,0.01,-54.31,104146.6600000005,SL
2025-07-31 14:00,2025-07-31 14:00,H1,Naiya_Sweep_Far,BUY,73.21,8.39,-0.12,-1.41,1.66,7.17,4329.82,4275.51,4360.31,0.01,-54.31,104092.3500000005,SL
2025-07-31 15:00,2025-07-31 15:00,H1,Naiya_Sweep_Far,BUY,63.1,8.53,-0.29,-1.59,6.29,9.79,4329.82,4275.51,4360.31,0.01,-54.31,104038.0400000005,SL
2025-07-31 16:00,2025-07-31 16:00,H1,Naiya_Sweep_Far,BUY,57.62,8.95,-0.43,-1.74,4.93,11.52,4329.82,4275.51,4360.31,0.01,-54.31,103983.7300000005,SL
2025-07-31 17:00,2025-07-31 17:00,H1,Naiya_Sweep_Far,BUY,51.48,8.86,-0.44,-1.75,0.68,7.7,4329.82,4275.51,4360.31,0.01,-54.31,103929.42000000051,SL
2025-07-31 18:00,2025-07-31 18:00,H1,Naiya_Sweep_Far,BUY,48.08,8.91,-0.44,-1.76,0.49,7.59,4329.82,4275.51,4360.31,0.01,-54.31,103875.11000000051,SL
2025-07-31 19:00,2025-07-31 19:00,H1,Naiya_Sweep_Far,BUY,49.94,8.85,-0.43,-1.75,0.13,4.31,4329.82,4275.51,4360.31,0.01,-54.31,103820.80000000051,SL
2025-07-31 20:00,2025-07-31 20:00,H1,Naiya_Sweep_Far,BUY,47.69,8.82,-0.38,-1.72,0.79,4.23,4329.82,4275.51,4360.31,0.01,-54.31,103766.49000000051,SL
2025-07-31 21:00,2025-07-31 21:00,H1,Naiya_Sweep_Far,BUY,42.02,8.74,-0.51,-1.85,4.78,5.82,4329.82,4275.51,4360.31,0.01,-54.31,103712.18000000052,SL
2025-07-31 22:00,2025-07-31 22:00,H1,Naiya_Sweep_Far,BUY,41.75,8.56,-0.52,-1.87,1.0,4.06,4329.82,4275.51,4360.31,0.01,-54.31,103657.87000000052,SL
2025-08-01 00:00,2025-08-01 00:00,H1,Naiya_Sweep_Far,BUY,41.1,8.11,-0.35,-1.71,3.62,5.14,4329.82,4275.51,4360.31,0.01,-54.31,103603.56000000052,SL
2025-08-01 01:00,2025-08-01 01:00,H1,Naiya Doji,BUY,30.81,7.81,-0.52,-1.89,6.4,6.98,3291.64,4313.6,4402.88,0.01,1021.96,104625.52000000053,SL
2025-08-01 01:00,2025-08-01 01:00,H1,Naiya,BUY,30.81,7.81,-0.52,-1.89,6.4,6.98,3290.99,3289.61,3330.4,0.01,-1.38,104624.14000000052,SL
2025-08-01 01:00,2025-08-01 01:00,H1,Naiya_Sweep_Far,BUY,30.81,7.81,-0.52,-1.89,6.4,6.98,4329.82,4275.51,4360.31,0.01,-54.31,104569.83000000053,SL
2025-08-01 02:00,2025-08-01 02:00,H1,Naiya_Sweep_Far,BUY,35.04,7.75,-0.44,-1.83,1.84,7.32,4329.82,4275.51,4360.31,0.01,-54.31,104515.52000000053,SL
2025-08-01 03:00,2025-08-01 03:00,H1,Naiya_Sweep_Far,BUY,37.59,7.59,-0.62,-2.02,6.6,12.05,4329.82,4275.51,4360.31,0.01,-54.31,104461.21000000053,SL
2025-08-01 04:00,2025-08-01 04:00,H1,Naiya_Sweep_Far,BUY,35.34,7.34,-0.35,-1.76,8.16,9.05,4329.82,4275.51,4360.31,0.01,-54.31,104406.90000000053,SL
2025-08-01 05:00,2025-08-01 05:00,H1,Naiya_Sweep_Far,BUY,33.07,7.29,-0.34,-1.76,0.26,6.56,4329.82,4275.51,4360.31,0.01,-54.31,104352.59000000053,SL
2025-08-01 06:00,2025-08-01 06:00,H1,Naiya_Sweep_Far,BUY,39.03,6.97,-0.3,-1.73,0.67,5.29,4329.82,4275.51,4360.31,0.01,-54.31,104298.28000000054,SL
2025-08-01 07:00,2025-08-01 07:00,H1,Naiya_Sweep_Far,BUY,50.48,6.76,-0.14,-1.58,4.55,8.6,4329.82,4275.51,4360.31,0.01,-54.31,104243.97000000054,SL
2025-08-01 08:00,2025-08-01 08:00,H1,Naiya Doji,BUY,46.39,6.72,-0.26,-1.7,4.4,7.13,3292.8,4316.29,4390.74,0.01,1023.49,105267.46000000054,SL
2025-08-01 08:00,2025-08-01 08:00,H1,Naiya_Sweep_Far,BUY,46.39,6.72,-0.26,-1.7,4.4,7.13,4329.82,4275.51,4360.31,0.01,-54.31,105213.15000000055,SL
2025-08-01 09:00,2025-08-01 09:00,H1,Naiya_Sweep_Far,BUY,41.78,6.76,-0.4,-1.84,5.49,8.16,4329.82,4275.51,4360.31,0.01,-54.31,105158.84000000055,SL
2025-08-01 10:00,2025-08-01 10:00,H1,Naiya_Sweep_Far,BUY,49.44,7.1,-0.15,-1.61,7.48,9.07,4329.82,4275.51,4360.31,0.01,-54.31,105104.53000000055,SL
2025-08-01 11:00,2025-08-01 11:00,H1,Naiya_Sweep_Far,BUY,48.86,7.06,-0.13,-1.59,0.17,3.61,4329.82,4275.51,4360.31,0.01,-54.31,105050.22000000055,SL
2025-08-01 12:00,2025-08-01 12:00,H1,Naiya_Sweep_Far,BUY,56.54,7.34,0.01,-1.46,3.77,9.8,4329.82,4275.51,4360.31,0.01,-54.31,104995.91000000056,SL
2025-08-04 13:00,2025-08-04 13:00,H1,Naiya Doji,SELL,56.26,7.43,1.43,0.87,12.37,13.05,3370.4,3373.39,3360.33,0.01,10.07,105005.98000000056,TP
2025-08-04 13:00,2025-08-04 13:00,H1,Naiya Doji,SELL,56.26,7.43,1.43,0.87,12.37,13.05,3370.4,3373.39,3360.33,0.01,10.07,105016.05000000057,TP
2025-08-04 13:00,2025-08-04 13:00,H1,Naiya Doji,SELL,56.26,7.43,1.43,0.87,12.37,13.05,3370.4,3373.39,3360.33,0.01,10.07,105026.12000000058,TP
2025-08-04 13:00,2025-08-04 13:00,H1,Naiya Doji,SELL,56.26,7.43,1.43,0.87,12.37,13.05,3370.4,3373.39,3360.33,0.01,10.07,105036.19000000058,TP
2025-08-04 13:00,2025-08-04 13:00,H1,Naiya Doji,SELL,56.26,7.43,1.43,0.87,12.37,13.05,3370.4,3373.39,3360.33,0.01,10.07,105046.26000000059,TP
2025-08-05 00:00,2025-08-05 01:00,H1,Naiya Doji,SELL,67.3,7.13,1.11,1.08,1.34,2.68,3375.84,3377.13,3338.12,0.01,-1.29,105044.9700000006,SL
2025-08-05 00:00,2025-08-05 01:00,H1,Naiya,SELL,67.3,7.13,1.11,1.08,1.34,2.68,3375.73,3377.13,3338.12,0.01,-1.4,105043.5700000006,SL
2025-08-05 16:00,2025-08-05 16:00,H1,Naiya Doji,SELL,53.3,8.42,0.67,1.49,11.73,15.96,3380.25,3382.48,3334.81,0.01,-2.23,105041.34000000061,SL
2025-08-05 16:00,2025-08-05 16:00,H1,Naiya Doji,SELL,53.3,8.42,0.67,1.49,11.73,15.96,3380.25,3382.48,3334.81,0.01,-2.23,105039.11000000061,SL
2025-08-05 16:00,2025-08-05 16:00,H1,Naiya Doji,SELL,53.3,8.42,0.67,1.49,11.73,15.96,3380.25,3382.48,3334.81,0.01,-2.23,105036.88000000062,SL
2025-08-05 16:00,2025-08-05 16:00,H1,Naiya Doji,SELL,53.3,8.42,0.67,1.49,11.73,15.96,3380.25,3382.48,3334.81,0.01,-2.23,105034.65000000062,SL
2025-08-05 16:00,2025-08-05 16:00,H1,Naiya Doji,SELL,53.3,8.42,0.67,1.49,11.73,15.96,3380.25,3382.48,3334.81,0.01,-2.23,105032.42000000062,SL
2025-08-06 02:00,2025-08-07 09:00,H1,Naiya,SELL,68.82,7.51,0.41,1.43,0.27,4.4,3385.28,3390.1,3325.02,0.01,-4.82,105027.60000000062,SL
2025-08-06 14:00,2025-08-11 13:00,H1,GapSweep,BUY,35.79,6.58,-0.15,0.95,2.34,9.0,3364.13,3350.98,3423.36,0.01,-13.15,105014.45000000062,SL
2025-08-07 04:00,2025-08-07 08:00,H1,Naiya Doji,SELL,66.34,7.22,0.18,1.29,2.69,5.72,3383.14,3385.34,3327.97,0.01,-2.2,105012.25000000063,SL
2025-08-07 04:00,2025-08-07 08:00,H1,Naiya,SELL,66.34,7.22,0.18,1.29,2.69,5.72,3383.2,3385.34,3327.97,0.01,-2.14,105010.11000000063,SL
2025-08-07 04:00,2025-08-07 08:00,H1,Naiya Doji,SELL,66.34,7.22,0.18,1.29,2.69,5.72,3383.14,3385.34,3327.97,0.01,-2.2,105007.91000000063,SL
2025-08-07 04:00,2025-08-07 08:00,H1,Naiya Doji,SELL,66.34,7.22,0.18,1.29,2.69,5.72,3383.14,3385.34,3327.97,0.01,-2.2,105005.71000000063,SL
2025-08-07 13:00,2025-08-07 13:00,H1,Naiya Doji,SELL,56.44,9.23,0.11,1.19,5.3,11.47,3375.93,3378.61,3356.75,0.01,-2.68,105003.03000000064,SL
2025-08-07 14:00,2025-08-07 21:00,H1,Naiya,SELL,56.11,9.85,0.18,1.26,2.41,14.51,3387.82,3397.44,3345.11,0.01,-9.62,104993.41000000064,SL
2025-08-08 06:00,2025-08-11 11:00,H1,Naiya Doji,SELL,56.41,10.69,0.42,1.53,1.69,5.6,3398.73,3408.7,3354.67,0.01,44.06,105037.47000000064,TP
2025-08-08 06:00,2025-08-11 11:00,H1,Naiya Doji,SELL,56.41,10.69,0.42,1.53,1.69,5.6,3398.73,3408.7,3354.67,0.01,44.06,105081.53000000064,TP
2025-08-08 08:00,2025-08-08 09:00,H1,Naiya Doji,SELL,52.5,10.22,0.38,1.49,1.32,8.85,3396.47,3399.27,3370.32,0.01,-2.8,105078.73000000064,SL
2025-08-08 09:00,2025-08-08 09:00,H1,Naiya Doji,SELL,58.55,10.7,0.61,1.72,7.98,12.22,3396.47,3399.27,3370.32,0.01,-2.8,105075.93000000063,SL
2025-08-08 14:00,2025-08-08 14:00,H1,Naiya Doji,SELL,42.16,10.72,0.24,1.35,5.35,16.75,3396.47,3399.27,3370.32,0.01,-2.8,105073.13000000063,SL
2025-08-08 14:00,2025-08-08 14:00,H1,Naiya,SELL,42.16,10.72,0.24,1.35,5.35,16.75,3394.33,3401.35,3369.04,0.01,-7.02,105066.11000000063,SL
2025-08-08 14:00,2025-08-08 14:00,H1,Naiya Doji,SELL,42.16,10.72,0.24,1.35,5.35,16.75,3396.47,3399.27,3370.32,0.01,-2.8,105063.31000000062,SL
2025-08-08 15:00,2025-08-08 15:00,H1,Naiya Doji,SELL,49.91,10.73,0.48,1.6,8.81,14.24,3396.47,3399.27,3370.32,0.01,-2.8,105060.51000000062,SL
2025-08-08 18:00,2025-08-08 18:00,H1,Naiya Doji,SELL,55.55,10.86,0.35,1.48,2.16,7.19,3396.47,3399.27,3368.67,0.01,-2.8,105057.71000000062,SL
2025-08-08 20:00,2025-08-08 20:00,H1,Naiya Doji,SELL,50.59,13.0,0.28,1.4,14.72,27.41,3397.23,3400.82,3367.72,0.01,-3.59,105054.12000000062,SL
2025-08-08 20:00,2025-08-08 20:00,H1,Naiya,SELL,50.59,13.0,0.28,1.4,14.72,27.41,3395.39,3400.82,3367.72,0.01,-5.43,105048.69000000063,SL
2025-08-11 12:00,2025-08-11 13:00,H1,Naiya,SELL,15.45,9.22,-0.83,0.17,5.1,10.75,3360.11,3365.74,3351.0,0.01,9.11,105057.80000000063,TP
2025-08-11 14:00,2025-08-11 14:00,H1,Naiya_Sweep_Far,BUY,17.73,9.52,-0.84,0.11,1.54,13.03,4329.82,4275.51,4360.31,0.01,-54.31,105003.49000000063,SL
2025-08-11 15:00,2025-08-11 15:00,H1,Naiya_Sweep_Far,BUY,21.47,10.07,-0.77,0.16,1.86,14.46,4329.82,4275.51,4360.31,0.01,-54.31,104949.18000000063,SL
2025-08-11 16:00,2025-08-11 16:00,H1,Naiya Doji,BUY,20.56,10.62,-1.12,-0.21,12.28,17.91,3351.03,4309.68,4420.5,0.01,958.65,105907.83000000063,SL
2025-08-11 17:00,2025-08-11 17:00,H1,Naiya_Sweep_Far,BUY,26.1,10.0,-1.01,-0.12,3.06,7.42,4329.82,4275.51,4360.31,0.01,-54.31,105853.52000000063,SL
2025-08-11 18:00,2025-08-11 18:00,H1,Naiya_Sweep_Far,BUY,24.09,9.83,-1.15,-0.28,5.24,7.7,4329.82,4275.51,4360.31,0.01,-54.31,105799.21000000063,SL
2025-08-11 19:00,2025-08-11 19:00,H1,Naiya_Sweep_Far,BUY,36.46,10.64,-0.73,0.12,13.46,17.53,4329.82,4275.51,4360.31,0.01,-54.31,105744.90000000063,SL
2025-08-11 21:00,2025-08-11 21:00,H1,Naiya Doji,BUY,33.85,10.8,-0.87,-0.07,4.67,6.45,3351.03,4308.54,4425.63,0.01,957.51,106702.41000000063,SL
2025-08-11 22:00,2025-08-11 22:00,H1,Naiya_Sweep_Far,BUY,34.98,10.51,-1.1,-0.33,8.78,9.56,4329.82,4275.51,4360.31,0.01,-54.31,106648.10000000063,SL
2025-08-12 00:00,2025-08-12 00:00,H1,Naiya_Sweep_Far,BUY,41.35,10.18,-0.95,-0.21,2.91,4.69,4329.82,4275.51,4360.31,0.01,-54.31,106593.79000000063,SL
2025-08-12 01:00,2025-08-12 01:00,H1,Naiya_Sweep_Far,BUY,41.45,9.93,-0.87,-0.16,1.81,3.37,4329.82,4275.51,4360.31,0.01,-54.31,106539.48000000064,SL
2025-08-12 02:00,2025-08-12 02:00,H1,Naiya_Sweep_Far,BUY,50.77,9.75,-0.68,0.0,5.45,8.29,4329.82,4275.51,4360.31,0.01,-54.31,106485.17000000064,SL
2025-08-12 08:00,2025-08-18 01:00,H1,Naiya Hidden,BUY,47.17,8.0,-0.8,-0.29,9.3,12.63,3342.75,3328.12,3384.33,0.01,-14.63,106470.54000000063,SL
2025-08-12 19:00,2025-08-12 19:00,H1,Naiya_Sweep_Far,BUY,49.7,11.41,-0.39,-0.28,0.41,4.07,4329.82,4275.51,4360.31,0.01,-54.31,106416.23000000064,SL
2025-08-12 20:00,2025-08-12 20:00,H1,Naiya_Sweep_Far,BUY,45.7,11.14,-0.36,-0.29,0.0,3.31,4329.82,4275.51,4360.31,0.01,-54.31,106361.92000000064,SL
2025-08-12 21:00,2025-08-12 21:00,H1,Naiya_Sweep_Far,BUY,44.42,11.04,-0.38,-0.34,1.33,3.86,4329.82,4275.51,4360.31,0.01,-54.31,106307.61000000064,SL
2025-08-12 22:00,2025-08-12 22:00,H1,Naiya_Sweep_Far,BUY,52.43,10.42,-0.34,-0.34,0.35,3.94,4329.82,4275.51,4360.31,0.01,-54.31,106253.30000000064,SL
2025-08-13 00:00,2025-08-13 00:00,H1,Naiya_Sweep_Far,BUY,44.49,9.8,-0.24,-0.27,0.81,4.43,4329.82,4275.51,4360.31,0.01,-54.31,106198.99000000065,SL
2025-08-13 02:00,2025-08-13 02:00,H1,Naiya Doji,BUY,47.67,9.28,-0.39,-0.49,6.97,7.93,3347.47,4310.22,4418.07,0.01,962.75,107161.74000000065,SL
2025-08-13 03:00,2025-08-13 03:00,H1,Naiya_Sweep_Far,BUY,56.32,9.46,-0.15,-0.27,7.35,9.35,4329.82,4275.51,4360.31,0.01,-54.31,107107.43000000065,SL
2025-08-13 04:00,2025-08-13 04:00,H1,Naiya Doji,BUY,54.37,9.13,-0.1,-0.26,0.68,7.58,3347.47,4310.89,4415.06,0.01,963.42,108070.85000000065,SL
2025-08-13 07:00,2025-08-13 07:00,H1,Naiya Doji,BUY,65.07,6.46,-0.11,-0.35,2.44,6.3,3347.47,4311.55,4412.1,0.01,964.08,109034.93000000065,SL
2025-08-14 10:00,2025-08-14 10:00,H1,Naiya Doji,BUY,42.59,7.26,-0.24,-0.66,0.17,8.91,3342.23,4306.56,4434.59,0.01,964.33,109999.26000000065,SL
2025-08-14 10:00,2025-08-14 10:00,H1,Naiya Doji,BUY,42.59,7.26,-0.24,-0.66,0.17,8.91,3342.23,4307.0,4432.6,0.01,964.77,110964.03000000065,SL
2025-08-14 10:00,2025-08-14 10:00,H1,Naiya Doji,BUY,42.59,7.26,-0.24,-0.66,0.17,8.91,3342.23,4307.54,4430.15,0.01,965.31,111929.34000000065,SL
2025-08-14 10:00,2025-08-14 10:00,H1,Naiya Doji,BUY,42.59,7.26,-0.24,-0.66,0.17,8.91,3342.23,4316.89,4388.03,0.01,974.66,112904.00000000065,SL
2025-08-14 11:00,2025-08-14 11:00,H1,Naiya_Sweep_Far,BUY,52.34,7.94,0.07,-0.36,10.32,14.1,4329.82,4275.51,4360.31,0.01,-54.31,112849.69000000066,SL
2025-08-14 12:00,2025-08-14 12:00,H1,Naiya_Sweep_Far,BUY,47.46,7.98,0.02,-0.41,1.63,6.83,4329.82,4275.51,4360.31,0.01,-54.31,112795.38000000066,SL
2025-08-14 13:00,2025-08-14 13:00,H1,Naiya_Sweep_Far,BUY,49.79,8.12,0.03,-0.4,0.36,4.64,4329.82,4275.51,4360.31,0.01,-54.31,112741.07000000066,SL
2025-08-14 14:00,2025-08-14 14:00,H1,Naiya Doji,BUY,44.04,9.09,-0.12,-0.54,4.9,16.32,3345.95,4313.93,4401.36,0.01,967.98,113709.05000000066,SL
2025-08-14 14:00,2025-08-14 14:00,H1,Naiya Doji,BUY,44.04,9.09,-0.12,-0.54,4.9,16.32,3345.95,4313.85,4401.74,0.01,967.9,114676.95000000065,SL
2025-08-14 14:00,2025-08-14 14:00,H1,Naiya Doji,BUY,44.04,9.09,-0.12,-0.54,4.9,16.32,3345.95,4313.58,4402.93,0.01,967.63,115644.58000000066,SL
2025-08-14 14:00,2025-08-14 14:00,H1,Naiya_Sweep_Far,BUY,44.04,9.09,-0.12,-0.54,4.9,16.32,4329.82,4275.51,4360.31,0.01,-54.31,115590.27000000066,SL
2025-08-14 15:00,2025-08-14 15:00,H1,Naiya Doji,BUY,34.55,9.54,-0.3,-0.73,6.41,12.25,3345.95,4311.64,4411.7,0.01,965.69,116555.96000000066,SL
2025-08-14 15:00,2025-08-14 15:00,H1,Naiya_Sweep_Far,BUY,34.55,9.54,-0.3,-0.73,6.41,12.25,4329.82,4275.51,4360.31,0.01,-54.31,116501.65000000066,SL
2025-08-14 16:00,2025-08-14 16:00,H1,Naiya_Sweep_Far,BUY,24.5,9.56,-0.41,-0.83,3.58,12.4,4329.82,4275.51,4360.31,0.01,-54.31,116447.34000000067,SL
2025-08-14 17:00,2025-08-14 17:00,H1,Naiya_Sweep_Far,BUY,27.04,9.7,-0.37,-0.79,1.2,7.4,4329.82,4275.51,4360.31,0.01,-54.31,116393.03000000067,SL
2025-08-14 18:00,2025-08-14 18:00,H1,Naiya_Sweep_Far,BUY,25.76,10.1,-0.58,-1.01,7.36,12.16,4329.82,4275.51,4360.31,0.01,-54.31,116338.72000000067,SL
2025-08-14 19:00,2025-08-14 19:00,H1,Naiya_Sweep_Far,BUY,31.03,9.96,-0.48,-0.9,3.41,6.59,4329.82,4275.51,4360.31,0.01,-54.31,116284.41000000067,SL
2025-08-14 20:00,2025-08-14 20:00,H1,Naiya_Sweep_Far,BUY,31.5,9.97,-0.46,-0.89,0.48,3.34,4329.82,4275.51,4360.31,0.01,-54.31,116230.10000000068,SL
2025-08-14 21:00,2025-08-14 21:00,H1,Naiya_Sweep_Far,BUY,32.17,9.79,-0.46,-0.89,0.27,3.08,4329.82,4275.51,4360.31,0.01,-54.31,116175.79000000068,SL
2025-08-14 22:00,2025-08-14 22:00,H1,Naiya_Sweep_Far,BUY,27.23,9.63,-0.54,-0.97,2.66,4.06,4329.82,4275.51,4360.31,0.01,-54.31,116121.48000000068,SL
2025-08-15 00:00,2025-08-15 00:00,H1,Naiya_Sweep_Far,BUY,35.74,8.32,-0.58,-1.02,3.31,4.41,4329.82,4275.51,4360.31,0.01,-54.31,116067.17000000068,SL
2025-08-15 01:00,2025-08-15 01:00,H1,Naiya_Sweep_Far,BUY,38.55,8.0,-0.51,-0.95,2.13,4.39,4329.82,4275.51,4360.31,0.01,-54.31,116012.86000000068,SL
2025-08-15 02:00,2025-08-15 02:00,H1,Naiya_Sweep_Far,BUY,24.61,7.44,-0.45,-0.9,1.65,6.35,4329.82,4275.51,4360.31,0.01,-54.31,115958.55000000069,SL
2025-08-15 03:00,2025-08-15 03:00,H1,Naiya_Sweep_Far,BUY,30.2,7.45,-0.38,-0.83,2.28,6.87,4329.82,4275.51,4360.31,0.01,-54.31,115904.24000000069,SL
2025-08-15 04:00,2025-08-15 04:00,H1,Naiya_Sweep_Far,BUY,31.0,7.41,-0.35,-0.8,0.9,4.08,4329.82,4275.51,4360.31,0.01,-54.31,115849.93000000069,SL
2025-08-15 05:00,2025-08-15 05:00,H1,Naiya_Sweep_Far,BUY,40.35,6.58,-0.26,-0.71,2.74,4.67,4329.82,4275.51,4360.31,0.01,-54.31,115795.6200000007,SL
2025-08-15 06:00,2025-08-15 06:00,H1,Naiya_Sweep_Far,BUY,51.92,5.94,-0.19,-0.65,2.15,3.4,4329.82,4275.51,4360.31,0.01,-54.31,115741.3100000007,SL
2025-08-15 07:00,2025-08-15 07:00,H1,Naiya_Sweep_Far,BUY,55.22,5.54,-0.24,-0.69,1.59,6.81,4329.82,4275.51,4360.31,0.01,-54.31,115687.0000000007,SL
2025-08-15 08:00,2025-08-15 08:00,H1,Naiya_Sweep_Far,BUY,47.98,5.3,-0.33,-0.79,3.44,3.93,4329.82,4275.51,4360.31,0.01,-54.31,115632.6900000007,SL
2025-08-15 09:00,2025-08-15 09:00,H1,Naiya_Sweep_Far,BUY,68.62,4.89,-0.16,-0.61,5.8,6.41,4329.82,4275.51,4360.31,0.01,-54.31,115578.3800000007,SL
2025-08-15 10:00,2025-08-15 10:00,H1,Naiya,BUY,55.29,5.12,-0.3,-0.75,4.87,9.9,3343.84,3340.18,3382.59,0.01,-3.66,115574.7200000007,SL
2025-08-15 10:00,2025-08-15 10:00,H1,Naiya_Sweep_Far,BUY,55.29,5.12,-0.3,-0.75,4.87,9.9,4329.82,4275.51,4360.31,0.01,-54.31,115520.4100000007,SL
2025-08-15 11:00,2025-08-15 11:00,H1,Naiya_Sweep_Far,BUY,56.45,5.34,-0.25,-0.71,1.41,6.33,4329.82,4275.51,4360.31,0.01,-54.31,115466.1000000007,SL
2025-08-15 12:00,2025-08-15 12:00,H1,Naiya_Sweep_Far,BUY,49.57,5.57,-0.39,-0.85,5.02,6.34,4329.82,4275.51,4360.31,0.01,-54.31,115411.7900000007,SL
2025-08-15 13:00,2025-08-15 13:00,H1,Naiya_Sweep_Far,BUY,58.66,5.78,-0.24,-0.7,4.68,7.07,4329.82,4275.51,4360.31,0.01,-54.31,115357.48000000071,SL
2025-08-15 14:00,2025-08-15 14:00,H1,Naiya_Sweep_Far,BUY,61.78,6.2,-0.23,-0.69,0.26,10.28,4329.82,4275.51,4360.31,0.01,-54.31,115303.17000000071,SL
2025-08-15 15:00,2025-08-15 15:00,H1,Naiya_Sweep_Far,BUY,49.47,6.82,-0.43,-0.91,7.53,12.99,4329.82,4275.51,4360.31,0.01,-54.31,115248.86000000071,SL
2025-08-15 16:00,2025-08-15 16:00,H1,Naiya_Sweep_Far,BUY,54.62,6.97,-0.22,-0.71,6.71,8.53,4329.82,4275.51,4360.31,0.01,-54.31,115194.55000000072,SL
2025-08-15 17:00,2025-08-15 17:00,H1,Naiya_Sweep_Far,BUY,52.84,6.74,-0.19,-0.69,0.53,3.66,4329.82,4275.51,4360.31,0.01,-54.31,115140.24000000072,SL
2025-08-15 18:00,2025-08-15 18:00,H1,Naiya_Sweep_Far,BUY,47.71,6.93,-0.3,-0.8,4.2,6.67,4329.82,4275.51,4360.31,0.01,-54.31,115085.93000000072,SL
2025-08-15 19:00,2025-08-15 19:00,H1,Naiya_Sweep_Far,BUY,42.75,6.87,-0.35,-0.86,2.16,3.81,4329.82,4275.51,4360.31,0.01,-54.31,115031.62000000072,SL
2025-08-15 20:00,2025-08-15 20:00,H1,Naiya_Sweep_Far,BUY,40.15,6.87,-0.34,-0.86,0.16,3.51,4329.82,4275.51,4360.31,0.01,-54.31,114977.31000000073,SL
2025-08-15 21:00,2025-08-15 21:00,H1,Naiya_Sweep_Far,BUY,45.3,6.76,-0.23,-0.76,3.14,5.23,4329.82,4275.51,4360.31,0.01,-54.31,114923.00000000073,SL
2025-08-15 22:00,2025-08-15 22:00,H1,Naiya_Sweep_Far,BUY,45.48,6.75,-0.31,-0.85,3.19,3.76,4329.82,4275.51,4360.31,0.01,-54.31,114868.69000000073,SL
2025-08-15 22:00,2025-08-18 00:00,H1,Naiya,BUY,45.48,6.75,-0.31,-0.85,3.19,3.76,3336.13,3334.75,3356.61,0.01,-1.38,114867.31000000073,SL
2025-08-18 00:00,2025-08-18 00:00,H1,Naiya_Sweep_Far,BUY,36.94,6.5,-0.35,-0.89,0.14,2.31,4329.82,4275.51,4360.31,0.01,-54.31,114813.00000000073,SL
2025-08-18 01:00,2025-08-18 01:00,H1,Naiya_Sweep_Far,BUY,34.99,6.57,-0.55,-1.1,7.37,10.88,4329.82,4275.51,4360.31,0.01,-54.31,114758.69000000073,SL
2025-08-18 02:00,2025-08-18 02:00,H1,Naiya_Sweep_Far,BUY,48.23,7.27,-0.14,-0.69,13.55,16.13,4329.82,4275.51,4360.31,0.01,-54.31,114704.38000000073,SL
2025-08-18 03:00,2025-08-18 03:00,H1,Naiya_Sweep_Far,BUY,57.48,7.37,0.06,-0.5,6.22,7.74,4329.82,4275.51,4360.31,0.01,-54.31,114650.07000000073,SL
2025-08-18 04:00,2025-08-18 04:00,H1,Naiya_Sweep_Far,BUY,50.84,7.23,-0.04,-0.6,3.38,5.09,4329.82,4275.51,4360.31,0.01,-54.31,114595.76000000074,SL
2025-08-18 05:00,2025-08-18 05:00,H1,Naiya_Sweep_Far,BUY,53.51,7.1,0.08,-0.49,3.71,8.47,4329.82,4275.51,4360.31,0.01,-54.31,114541.45000000074,SL
2025-08-18 06:00,2025-08-18 06:00,H1,Naiya_Sweep_Far,BUY,66.97,6.99,0.4,-0.18,10.55,11.38,4329.82,4275.51,4360.31,0.01,-54.31,114487.14000000074,SL
2025-08-18 07:00,2025-08-18 07:00,H1,Naiya_Sweep_Far,BUY,55.72,7.23,0.17,-0.42,8.03,11.9,4329.82,4275.51,4360.31,0.01,-54.31,114432.83000000074,SL
2025-08-18 08:00,2025-08-18 08:00,H1,Naiya_Sweep_Far,BUY,55.38,7.33,0.18,-0.42,0.03,5.1,4329.82,4275.51,4360.31,0.01,-54.31,114378.52000000075,SL
2025-08-18 09:00,2025-08-18 09:00,H1,Naiya_Sweep_Far,BUY,58.55,7.46,0.17,-0.43,0.55,8.48,4329.82,4275.51,4360.31,0.01,-54.31,114324.21000000075,SL
2025-08-18 10:00,2025-08-18 10:00,H1,Naiya_Sweep_Far,BUY,60.25,7.56,0.17,-0.43,0.33,5.25,4329.82,4275.51,4360.31,0.01,-54.31,114269.90000000075,SL
2025-08-18 11:00,2025-08-18 11:00,H1,Naiya_Sweep_Far,BUY,59.78,7.6,0.16,-0.44,0.53,4.05,4329.82,4275.51,4360.31,0.01,-54.31,114215.59000000075,SL
2025-08-18 12:00,2025-08-18 12:00,H1,Naiya_Sweep_Far,BUY,56.18,7.58,0.12,-0.48,1.5,4.89,4329.82,4275.51,4360.31,0.01,-54.31,114161.28000000076,SL
2025-08-18 13:00,2025-08-18 13:00,H1,Naiya_Sweep_Far,BUY,58.08,7.6,0.09,-0.51,1.23,4.13,4329.82,4275.51,4360.31,0.01,-54.31,114106.97000000076,SL
2025-08-18 14:00,2025-08-18 14:00,H1,Naiya_Sweep_Far,BUY,59.06,7.8,0.07,-0.52,0.6,5.64,4329.82,4275.51,4360.31,0.01,-54.31,114052.66000000076,SL
2025-08-18 15:00,2025-08-18 15:00,H1,Naiya_Sweep_Far,BUY,58.4,7.68,-0.16,-0.76,8.01,9.29,4329.82,4275.51,4360.31,0.01,-54.31,113998.35000000076,SL
2025-08-18 16:00,2025-08-18 16:00,H1,Naiya_Sweep_Far,BUY,43.38,6.97,-0.22,-0.82,2.53,6.23,4329.82,4275.51,4360.31,0.01,-54.31,113944.04000000076,SL
2025-08-18 16:00,2025-08-19 16:00,H1,Naiya,BUY,43.38,6.97,-0.22,-0.82,2.53,6.23,3334.36,3323.55,3359.78,0.01,-10.81,113933.23000000077,SL
2025-08-18 17:00,2025-08-18 17:00,H1,Naiya_Sweep_Far,BUY,36.77,6.75,-0.17,-0.78,1.25,4.59,4329.82,4275.51,4360.31,0.01,-54.31,113878.92000000077,SL
2025-08-18 18:00,2025-08-18 18:00,H1,Naiya_Sweep_Far,BUY,38.7,6.68,-0.2,-0.81,1.35,4.15,4329.82,4275.51,4360.31,0.01,-54.31,113824.61000000077,SL
2025-08-18 19:00,2025-08-18 19:00,H1,Naiya_Sweep_Far,BUY,32.16,6.3,-0.2,-0.82,0.43,3.16,4329.82,4275.51,4360.31,0.01,-54.31,113770.30000000077,SL
2025-08-18 20:00,2025-08-18 20:00,H1,Naiya_Sweep_Far,BUY,4.66,5.66,-0.26,-0.87,1.9,2.29,4329.82,4275.51,4360.31,0.01,-54.31,113715.99000000078,SL
2025-08-18 21:00,2025-08-18 21:00,H1,Naiya_Sweep_Far,BUY,13.56,5.09,-0.2,-0.81,1.62,3.98,4329.82,4275.51,4360.31,0.01,-54.31,113661.68000000078,SL
2025-08-18 22:00,2025-08-18 22:00,H1,Naiya_Sweep_Far,BUY,13.05,4.85,-0.23,-0.83,0.88,1.69,4329.82,4275.51,4360.31,0.01,-54.31,113607.37000000078,SL
2025-08-19 00:00,2025-08-19 00:00,H1,Naiya_Sweep_Far,BUY,19.47,4.38,-0.18,-0.78,1.08,1.76,4329.82,4275.51,4360.31,0.01,-54.31,113553.06000000078,SL
2025-08-19 01:00,2025-08-19 01:00,H1,Naiya,BUY,17.22,4.3,-0.27,-0.87,3.44,4.09,3333.58,3332.63,3374.44,0.01,-0.95,113552.11000000079,SL
2025-08-19 01:00,2025-08-19 01:00,H1,Naiya_Sweep_Far,BUY,17.22,4.3,-0.27,-0.87,3.44,4.09,4329.82,4275.51,4360.31,0.01,-54.31,113497.80000000079,SL
2025-08-19 01:00,2025-08-19 12:00,H1,GapSweep,SELL,17.22,4.3,-0.27,-0.87,3.44,4.09,3334.53,3343.13,3279.79,0.01,-8.6,113489.20000000078,SL
2025-08-19 02:00,2025-08-19 02:00,H1,Naiya_Sweep_Far,BUY,28.81,4.95,-0.15,-0.74,4.22,13.19,4329.82,4275.51,4360.31,0.01,-54.31,113434.89000000079,SL
2025-08-19 03:00,2025-08-19 03:00,H1,Naiya,BUY,28.24,4.99,-0.21,-0.8,2.21,5.38,3334.4,3330.56,3375.72,0.01,-3.84,113431.05000000079,SL
2025-08-19 03:00,2025-08-19 03:00,H1,Naiya_Sweep_Far,BUY,28.24,4.99,-0.21,-0.8,2.21,5.38,4329.82,4275.51,4360.31,0.01,-54.31,113376.74000000079,SL
2025-08-19 04:00,2025-08-19 04:00,H1,Naiya_Sweep_Far,BUY,39.51,5.3,-0.06,-0.65,5.07,8.55,4329.82,4275.51,4360.31,0.01,-54.31,113322.4300000008,SL
2025-08-19 05:00,2025-08-19 05:00,H1,Naiya_Sweep_Far,BUY,39.91,5.21,-0.07,-0.65,0.18,4.4,4329.82,4275.51,4360.31,0.01,-54.31,113268.1200000008,SL
2025-08-19 06:00,2025-08-19 06:00,H1,Naiya_Sweep_Far,BUY,51.73,4.81,-0.07,-0.65,0.05,3.66,4329.82,4275.51,4360.31,0.01,-54.31,113213.8100000008,SL
2025-08-19 06:00,2025-08-19 15:00,H1,Naiya,BUY,51.73,4.81,-0.07,-0.65,0.05,3.66,3335.2,3330.28,3375.89,0.01,-4.92,113208.8900000008,SL
2025-08-19 07:00,2025-08-19 07:00,H1,Naiya_Sweep_Far,BUY,53.59,4.71,-0.12,-0.69,1.47,4.82,4329.82,4275.51,4360.31,0.01,-54.31,113154.5800000008,SL
2025-08-19 08:00,2025-08-19 08:00,H1,Naiya_Sweep_Far,BUY,50.87,4.69,-0.12,-0.69,0.13,4.34,4329.82,4275.51,4360.31,0.01,-54.31,113100.2700000008,SL
2025-08-19 09:00,2025-08-19 09:00,H1,Naiya_Sweep_Far,BUY,61.54,4.88,0.02,-0.54,4.7,6.72,4329.82,4275.51,4360.31,0.01,-54.31,113045.9600000008,SL
2025-08-19 10:00,2025-08-19 10:00,H1,Naiya Doji,BUY,56.75,4.97,-0.05,-0.62,2.8,4.42,3336.65,4320.07,4373.73,0.01,983.42,114029.3800000008,SL
2025-08-19 10:00,2025-08-19 10:00,H1,Naiya_Sweep_Far,BUY,56.75,4.97,-0.05,-0.62,2.8,4.42,4329.82,4275.51,4360.31,0.01,-54.31,113975.07000000081,SL
2025-08-19 11:00,2025-08-19 11:00,H1,Naiya_Sweep_Far,BUY,62.42,4.99,-0.01,-0.57,1.33,2.68,4329.82,4275.51,4360.31,0.01,-54.31,113920.76000000081,SL
2025-08-19 12:00,2025-08-19 12:00,H1,Naiya_Sweep_Far,BUY,65.4,5.13,0.11,-0.44,4.21,6.01,4329.82,4275.51,4360.31,0.01,-54.31,113866.45000000081,SL
2025-08-19 14:00,2025-08-19 14:00,H1,Naiya,BUY,50.45,5.72,-0.14,-0.7,5.03,6.28,3336.18,3334.48,3345.95,0.01,-1.7,113864.75000000081,SL
2025-08-19 14:00,2025-08-19 14:00,H1,Naiya Doji,BUY,50.45,5.72,-0.14,-0.7,5.03,6.28,3336.65,4319.84,4374.76,0.01,983.19,114847.94000000082,SL
2025-08-19 14:00,2025-08-19 14:00,H1,Naiya Doji,BUY,50.45,5.72,-0.14,-0.7,5.03,6.28,3336.65,4319.55,4376.06,0.01,982.9,115830.84000000081,SL
2025-08-19 15:00,2025-08-19 15:00,H1,Naiya_Sweep_Far,BUY,54.17,6.4,-0.16,-0.71,0.84,13.62,4329.82,4275.51,4360.31,0.01,-54.31,115776.53000000081,SL
2025-08-19 16:00,2025-08-19 16:00,H1,Naiya_Sweep_Far,BUY,37.84,6.6,-0.41,-0.97,8.6,15.99,4329.82,4275.51,4360.31,0.01,-54.31,115722.22000000082,SL
2025-08-19 17:00,2025-08-19 17:00,H1,Naiya_Sweep_Far,BUY,37.4,6.58,-0.48,-1.04,2.64,5.07,4329.82,4275.51,4360.31,0.01,-54.31,115667.91000000082,SL
2025-08-19 18:00,2025-08-19 18:00,H1,Naiya_Sweep_Far,BUY,25.02,6.49,-0.62,-1.18,5.18,7.38,4329.82,4275.51,4360.31,0.01,-54.31,115613.60000000082,SL
2025-08-19 19:00,2025-08-19 19:00,H1,Naiya_Sweep_Far,BUY,25.24,6.54,-0.61,-1.17,0.08,5.09,4329.82,4275.51,4360.31,0.01,-54.31,115559.29000000082,SL
2025-08-19 20:00,2025-08-19 20:00,H1,Naiya_Sweep_Far,BUY,26.99,6.52,-0.57,-1.13,0.97,3.33,4329.82,4275.51,4360.31,0.01,-54.31,115504.98000000083,SL
2025-08-19 21:00,2025-08-19 21:00,H1,Naiya_Sweep_Far,BUY,26.31,6.42,-0.63,-1.2,2.68,3.39,4329.82,4275.51,4360.31,0.01,-54.31,115450.67000000083,SL
2025-08-19 22:00,2025-08-19 22:00,H1,Naiya_Sweep_Far,BUY,26.1,6.29,-0.63,-1.21,0.41,2.51,4329.82,4275.51,4360.31,0.01,-54.31,115396.36000000083,SL
2025-08-20 00:00,2025-08-20 00:00,H1,Naiya_Sweep_Far,BUY,20.09,5.96,-0.57,-1.15,0.44,1.7,4329.82,4275.51,4360.31,0.01,-54.31,115342.05000000083,SL
2025-08-20 01:00,2025-08-20 01:00,H1,Naiya_Sweep_Far,BUY,20.17,5.92,-0.64,-1.22,2.61,3.96,4329.82,4275.51,4360.31,0.01,-54.31,115287.74000000083,SL
2025-08-20 02:00,2025-08-20 02:00,H1,Naiya_Sweep_Far,BUY,21.12,6.02,-0.57,-1.16,1.85,3.97,4329.82,4275.51,4360.31,0.01,-54.31,115233.43000000084,SL
2025-08-20 03:00,2025-08-20 03:00,H1,Naiya_Sweep_Far,BUY,11.61,6.03,-0.58,-1.17,0.78,6.23,4329.82,4275.51,4360.31,0.01,-54.31,115179.12000000084,SL
2025-08-20 04:00,2025-08-20 04:00,H1,Naiya_Sweep_Far,BUY,12.5,5.97,-0.61,-1.2,1.14,4.63,4329.82,4275.51,4360.31,0.01,-54.31,115124.81000000084,SL
2025-08-20 05:00,2025-08-20 05:00,H1,Naiya_Sweep_Far,BUY,23.82,5.85,-0.5,-1.08,3.54,4.58,4329.82,4275.51,4360.31,0.01,-54.31,115070.50000000084,SL
2025-08-20 06:00,2025-08-20 06:00,H1,Naiya_Sweep_Far,BUY,26.98,5.14,-0.45,-1.04,1.12,3.75,4329.82,4275.51,4360.31,0.01,-54.31,115016.19000000085,SL
2025-08-20 07:00,2025-08-20 07:00,H1,Naiya_Sweep_Far,BUY,46.83,4.41,-0.29,-0.89,4.69,5.74,4329.82,4275.51,4360.31,0.01,-54.31,114961.88000000085,SL
2025-08-20 08:00,2025-08-20 08:00,H1,Naiya_Sweep_Far,BUY,50.71,4.31,-0.29,-0.89,0.4,3.66,4329.82,4275.51,4360.31,0.01,-54.31,114907.57000000085,SL
2025-08-20 14:00,2025-08-20 14:00,H1,Naiya Doji,SELL,86.07,5.35,0.38,-0.25,10.56,12.7,3338.25,3340.66,3293.58,0.01,-2.41,114905.16000000085,SL
2025-08-20 14:00,2025-08-20 14:00,H1,Naiya Doji,SELL,86.07,5.35,0.38,-0.25,10.56,12.7,3338.25,3340.66,3293.58,0.01,-2.41,114902.75000000084,SL
2025-08-20 14:00,2025-08-20 14:00,H1,Naiya Doji,SELL,86.07,5.35,0.38,-0.25,10.56,12.7,3338.25,3340.66,3293.58,0.01,-2.41,114900.34000000084,SL
2025-08-21 14:00,2025-08-21 14:00,H1,Naiya,SELL,41.98,6.04,0.28,-0.1,8.33,11.54,3342.71,3344.93,3306.18,0.01,-2.22,114898.12000000084,SL
2025-08-21 14:00,2025-08-22 16:00,H1,Naiya Doji,SELL,41.98,6.04,0.28,-0.1,8.33,11.54,3345.18,3350.28,3302.87,0.01,-5.1,114893.02000000083,SL
2025-08-21 14:00,2025-08-22 16:00,H1,Naiya Doji,SELL,41.98,6.04,0.28,-0.1,8.33,11.54,3345.18,3350.28,3302.87,0.01,-5.1,114887.92000000083,SL
2025-08-21 14:00,2025-08-22 16:00,H1,Naiya Doji,SELL,41.98,6.04,0.28,-0.1,8.33,11.54,3345.18,3350.28,3302.87,0.01,-5.1,114882.82000000082,SL
2025-08-21 14:00,2025-08-22 16:00,H1,Naiya Doji,SELL,41.98,6.04,0.28,-0.1,8.33,11.54,3345.18,3350.28,3302.87,0.01,-5.1,114877.72000000082,SL
2025-08-21 16:00,2025-08-22 14:00,H1,Naiya Doji,SELL,51.92,6.95,0.35,-0.02,4.86,10.15,3345.18,3350.28,3324.44,0.01,20.74,114898.46000000082,TP
2025-08-22 09:00,2025-08-22 16:00,H1,GapSweep,SELL,23.75,4.17,-0.3,-0.44,2.03,9.19,3334.53,3342.88,3281.38,0.01,-8.35,114890.11000000082,SL
2025-08-25 03:00,2025-08-25 13:00,H1,Naiya,SELL,68.52,9.06,0.56,0.61,2.06,7.09,3367.28,3371.05,3290.78,0.01,-3.77,114886.34000000081,SL
2025-08-25 15:00,2025-08-25 16:00,H1,Naiya,SELL,51.99,5.21,0.62,0.81,6.34,9.16,3365.97,3371.53,3356.03,0.01,-5.56,114880.78000000081,SL
2025-08-26 02:00,2025-08-26 02:00,H1,Naiya Doji,SELL,61.36,7.46,0.8,1.15,28.38,35.16,3374.1,3376.27,3353.1,0.01,-2.17,114878.61000000082,SL
2025-08-26 02:00,2025-08-26 02:00,H1,Naiya Doji,SELL,61.36,7.46,0.8,1.15,28.38,35.16,3374.1,3376.27,3353.1,0.01,-2.17,114876.44000000082,SL
2025-08-26 02:00,2025-08-26 02:00,H1,Naiya Doji,SELL,61.36,7.46,0.8,1.15,28.38,35.16,3374.1,3376.27,3353.1,0.01,-2.17,114874.27000000082,SL
2025-08-26 02:00,2025-08-26 02:00,H1,Naiya Doji,SELL,61.36,7.46,0.8,1.15,28.38,35.16,3374.1,3376.27,3353.1,0.01,-2.17,114872.10000000082,SL
2025-08-26 02:00,2025-08-26 02:00,H1,Naiya Doji,SELL,61.36,7.46,0.8,1.15,28.38,35.16,3374.1,3376.27,3353.1,0.01,-2.17,114869.93000000082,SL
2025-08-26 09:00,2025-08-29 17:00,H1,GapSweep,BUY,52.15,8.68,0.44,0.94,0.51,11.85,3368.74,3351.38,3446.9,0.01,78.16,114948.09000000083,TP
2025-08-26 12:00,2025-08-29 21:00,H1,GapSweep,BUY,55.38,9.25,0.23,0.79,0.02,7.92,3368.74,3350.25,3452.01,0.01,83.27,115031.36000000083,TP
2025-08-26 13:00,2025-08-26 13:00,H1,Naiya Doji,SELL,58.91,9.79,0.36,0.95,5.34,9.56,3377.65,3379.8,3333.62,0.01,-2.15,115029.21000000084,SL
2025-08-26 13:00,2025-08-26 13:00,H1,Naiya,SELL,58.91,9.79,0.36,0.95,5.34,9.56,3376.66,3379.8,3333.62,0.01,-3.14,115026.07000000084,SL
2025-08-26 13:00,2025-08-26 13:00,H1,Naiya Doji,SELL,58.91,9.79,0.36,0.95,5.34,9.56,3377.65,3379.8,3359.48,0.01,-2.15,115023.92000000084,SL
2025-08-26 15:00,2025-08-26 17:00,H1,Naiya Doji,SELL,65.83,9.84,0.25,0.89,3.63,7.62,3377.65,3379.8,3359.48,0.01,-2.15,115021.77000000085,SL
2025-08-27 18:00,2025-08-27 18:00,H1,Naiya Doji,SELL,60.52,6.79,0.5,1.35,7.47,11.33,3391.27,3393.51,3356.02,0.01,-2.24,115019.53000000084,SL
2025-08-27 18:00,2025-08-27 18:00,H1,Naiya Doji,SELL,60.52,6.79,0.5,1.35,7.47,11.33,3391.27,3393.51,3356.02,0.01,-2.24,115017.29000000084,SL
2025-08-27 18:00,2025-08-27 18:00,H1,Naiya Doji,SELL,60.52,6.79,0.5,1.35,7.47,11.33,3391.27,3393.51,3356.02,0.01,-2.24,115015.05000000083,SL
2025-08-27 18:00,2025-08-27 18:00,H1,Naiya Doji,SELL,60.52,6.79,0.5,1.35,7.47,11.33,3391.27,3393.51,3356.02,0.01,-2.24,115012.81000000083,SL
2025-08-27 18:00,2025-08-27 18:00,H1,Naiya Doji,SELL,60.52,6.79,0.5,1.35,7.47,11.33,3391.27,3393.51,3356.02,0.01,-2.24,115010.57000000082,SL
2025-08-28 09:00,2025-08-28 10:00,H1,Naiya Doji,SELL,50.6,4.46,0.33,1.25,0.5,3.94,3397.26,3399.31,3358.0,0.01,-2.05,115008.52000000082,SL
2025-08-28 09:00,2025-08-28 10:00,H1,Naiya,SELL,50.6,4.46,0.33,1.25,0.5,3.94,3395.77,3399.31,3358.0,0.01,-3.54,115004.98000000083,SL
2025-08-28 09:00,2025-08-28 10:00,H1,Naiya Doji,SELL,50.6,4.46,0.33,1.25,0.5,3.94,3397.26,3399.31,3358.0,0.01,-2.05,115002.93000000082,SL
2025-08-28 09:00,2025-08-28 10:00,H1,Naiya Doji,SELL,50.6,4.46,0.33,1.25,0.5,3.94,3397.26,3399.31,3358.0,0.01,-2.05,115000.88000000082,SL
2025-08-28 09:00,2025-08-28 10:00,H1,Naiya Doji,SELL,50.6,4.46,0.33,1.25,0.5,3.94,3397.26,3399.31,3358.0,0.01,-2.05,114998.83000000082,SL
2025-08-29 08:00,2025-08-29 10:00,H1,Naiya Doji,SELL,48.76,4.34,0.38,1.46,0.12,4.76,3411.93,3413.94,3381.45,0.01,-2.01,114996.82000000082,SL
2025-08-29 14:00,2025-08-29 15:00,H1,Naiya Doji,SELL,49.45,4.94,0.45,1.57,5.72,10.14,3415.49,3417.88,3379.02,0.01,-2.39,114994.43000000082,SL
2025-08-29 14:00,2025-08-29 15:00,H1,Naiya Doji,SELL,49.45,4.94,0.45,1.57,5.72,10.14,3415.49,3417.88,3379.02,0.01,-2.39,114992.04000000082,SL
2025-08-29 14:00,2025-08-29 15:00,H1,Naiya Doji,SELL,49.45,4.94,0.45,1.57,5.72,10.14,3415.49,3417.88,3379.02,0.01,-2.39,114989.65000000082,SL
2025-08-29 14:00,2025-08-29 15:00,H1,Naiya Doji,SELL,49.45,4.94,0.45,1.57,5.72,10.14,3415.49,3417.88,3379.02,0.01,-2.39,114987.26000000082,SL
2025-08-29 15:00,2025-08-29 15:00,H1,Naiya,SELL,66.58,5.9,0.79,1.93,12.44,15.47,3420.08,3423.22,3375.72,0.01,-3.14,114984.12000000082,SL
2025-09-01 00:00,2025-09-01 00:00,H1,Naiya Doji,BUY,76.11,8.43,1.12,2.43,4.36,10.18,3443.3,4313.88,4401.62,0.01,870.58,115854.70000000083,SL
2025-09-01 02:00,2025-09-01 02:00,H1,Naiya Doji,BUY,74.46,8.59,0.88,2.21,3.91,5.23,3443.3,4312.97,4405.72,0.01,869.67,116724.37000000082,SL
2025-09-02 02:00,2025-09-02 03:00,H1,Naiya Doji,SELL,52.21,6.08,0.97,2.77,0.05,6.81,3483.38,3489.82,3404.31,0.01,-6.44,116717.93000000082,SL
2025-09-02 02:00,2025-09-02 03:00,H1,Naiya Doji,SELL,52.21,6.08,0.97,2.77,0.05,6.81,3483.38,3489.82,3404.31,0.01,-6.44,116711.49000000082,SL
2025-09-02 02:00,2025-09-02 03:00,H1,Naiya Doji,SELL,52.21,6.08,0.97,2.77,0.05,6.81,3483.38,3489.82,3404.31,0.01,-6.44,116705.05000000082,SL
2025-09-02 02:00,2025-09-02 03:00,H1,Naiya Doji,SELL,52.21,6.08,0.97,2.77,0.05,6.81,3483.38,3489.82,3404.31,0.01,-6.44,116698.61000000082,SL
2025-09-02 02:00,2025-09-02 03:00,H1,Naiya Doji,SELL,52.21,6.08,0.97,2.77,0.05,6.81,3483.38,3489.82,3404.31,0.01,-6.44,116692.17000000081,SL
2025-09-02 08:00,2025-09-02 16:00,H1,Naiya Doji,SELL,61.06,8.02,0.88,2.81,7.63,12.53,3495.82,3498.3,3456.31,0.01,-2.48,116689.69000000082,SL
2025-09-02 08:00,2025-09-02 16:00,H1,Naiya,SELL,61.06,8.02,0.88,2.81,7.63,12.53,3495.15,3498.3,3456.31,0.01,-3.15,116686.54000000082,SL
2025-09-02 16:00,2025-09-02 16:00,H1,Naiya Doji,SELL,66.95,13.12,1.27,3.39,21.8,24.98,3495.82,3498.3,3456.31,0.01,-2.48,116684.06000000083,SL
2025-09-02 16:00,2025-09-02 16:00,H1,Naiya Doji,SELL,66.95,13.12,1.27,3.39,21.8,24.98,3495.82,3498.3,3456.31,0.01,-2.48,116681.58000000083,SL
2025-09-02 16:00,2025-09-02 16:00,H1,Naiya Doji,SELL,66.95,13.12,1.27,3.39,21.8,24.98,3495.82,3498.3,3456.31,0.01,-2.48,116679.10000000084,SL
2025-09-03 06:00,2025-09-03 11:00,H1,Naiya,SELL,79.41,10.34,1.27,3.77,6.1,7.57,3536.05,3541.7,3432.86,0.01,-5.65,116673.45000000084,SL
2025-09-03 08:00,2025-09-03 10:00,H1,Naiya,SELL,62.04,9.12,1.13,3.66,5.45,7.51,3530.83,3538.32,3434.95,0.01,-7.49,116665.96000000084,SL
2025-09-05 14:00,2025-09-05 14:00,H1,Naiya Doji,SELL,78.21,9.64,0.84,3.42,27.02,37.94,3571.93,3578.47,3495.0,0.01,-6.54,116659.42000000084,SL
2025-09-05 14:00,2025-09-05 14:00,H1,Naiya Doji,SELL,78.21,9.64,0.84,3.42,27.02,37.94,3571.93,3578.47,3495.0,0.01,-6.54,116652.88000000085,SL
2025-09-05 14:00,2025-09-05 14:00,H1,Naiya Doji,SELL,78.21,9.64,0.84,3.42,27.02,37.94,3571.93,3578.47,3495.0,0.01,-6.54,116646.34000000086,SL
2025-09-05 14:00,2025-09-05 14:00,H1,Naiya Doji,SELL,78.21,9.64,0.84,3.42,27.02,37.94,3571.93,3578.47,3495.0,0.01,-6.54,116639.80000000086,SL
2025-09-05 14:00,2025-09-05 14:00,H1,Naiya Doji,SELL,78.21,9.64,0.84,3.42,27.02,37.94,3571.93,3578.47,3495.0,0.01,-6.54,116633.26000000087,SL
2025-09-08 07:00,2025-09-08 08:00,H1,Naiya,SELL,50.96,8.25,0.84,3.22,9.64,10.47,3589.57,3594.34,3514.28,0.01,-4.77,116628.49000000086,SL
2025-09-08 08:00,2025-09-08 08:00,H1,Naiya Doji,SELL,55.65,7.94,0.99,3.38,6.76,9.4,3591.99,3596.96,3512.66,0.01,-4.97,116623.52000000086,SL
2025-09-08 08:00,2025-09-08 08:00,H1,Naiya Doji,SELL,55.65,7.94,0.99,3.38,6.76,9.4,3591.99,3596.96,3512.66,0.01,-4.97,116618.55000000086,SL
2025-09-09 01:00,2025-09-09 02:00,H1,Naiya Doji,SELL,71.5,8.53,1.24,3.86,5.5,7.84,3636.23,3637.95,3543.59,0.01,-1.72,116616.83000000086,SL
2025-09-09 02:00,2025-09-09 03:00,H1,Naiya,SELL,71.99,8.61,1.29,3.92,3.58,7.44,3639.31,3641.78,3541.22,0.01,-2.47,116614.36000000086,SL
2025-09-09 11:00,2025-09-09 15:00,H1,Naiya Doji,SELL,65.44,9.09,1.22,3.99,5.48,8.88,3656.01,3659.34,3609.15,0.01,-3.33,116611.03000000086,SL
2025-09-09 11:00,2025-09-09 15:00,H1,Naiya,SELL,65.44,9.09,1.22,3.99,5.48,8.88,3654.92,3659.34,3609.15,0.01,-4.42,116606.61000000086,SL
2025-09-09 11:00,2025-09-09 15:00,H1,Naiya Doji,SELL,65.44,9.09,1.22,3.99,5.48,8.88,3656.01,3659.34,3609.15,0.01,-3.33,116603.28000000086,SL
2025-09-09 11:00,2025-09-09 15:00,H1,Naiya Doji,SELL,65.44,9.09,1.22,3.99,5.48,8.88,3656.01,3659.34,3609.15,0.01,-3.33,116599.95000000086,SL
2025-09-09 15:00,2025-09-09 15:00,H1,Naiya Doji,SELL,72.66,10.78,1.33,4.19,18.63,21.9,3656.01,3659.34,3609.15,0.01,-3.33,116596.62000000085,SL
2025-09-09 18:00,2025-09-15 17:00,H1,Naiya,SELL,48.35,13.25,0.61,3.49,0.6,5.22,3647.49,3668.28,3603.62,0.01,-20.79,116575.83000000086,SL
2025-09-10 02:00,2025-09-10 02:00,H1,Naiya_Sweep_Far,BUY,32.66,12.42,-0.12,2.64,9.59,12.92,4329.82,4275.51,4360.31,0.01,-54.31,116521.52000000086,SL
2025-09-10 03:00,2025-09-10 03:00,H1,Naiya_Sweep_Far,BUY,38.3,12.8,0.04,2.8,6.74,12.41,4329.82,4275.51,4360.31,0.01,-54.31,116467.21000000086,SL
2025-09-10 04:00,2025-09-10 04:00,H1,Naiya_Sweep_Far,BUY,43.64,12.86,0.17,2.92,5.51,8.19,4329.82,4275.51,4360.31,0.01,-54.31,116412.90000000087,SL
2025-09-10 05:00,2025-09-10 05:00,H1,Naiya_Sweep_Far,BUY,44.05,12.31,0.15,2.89,0.27,3.91,4329.82,4275.51,4360.31,0.01,-54.31,116358.59000000087,SL
2025-09-10 06:00,2025-09-10 06:00,H1,Naiya_Sweep_Far,BUY,35.48,11.22,0.3,3.04,6.34,6.67,4329.82,4275.51,4360.31,0.01,-54.31,116304.28000000087,SL
2025-09-10 07:00,2025-09-10 07:00,H1,Naiya_Sweep_Far,BUY,48.29,8.86,0.27,3.0,0.03,5.5,4329.82,4275.51,4360.31,0.01,-54.31,116249.97000000087,SL
2025-09-10 08:00,2025-09-10 08:00,H1,Naiya_Sweep_Far,BUY,48.21,7.96,0.26,2.99,0.65,6.87,4329.82,4275.51,4360.31,0.01,-54.31,116195.66000000088,SL
2025-09-10 08:00,2025-09-10 11:00,H1,Naiya Doji,SELL,48.21,7.96,0.26,2.99,0.65,6.87,3646.84,3649.45,3615.26,0.01,-2.61,116193.05000000088,SL
2025-09-10 09:00,2025-09-10 09:00,H1,Naiya_Sweep_Far,BUY,49.1,8.11,0.24,2.96,0.38,7.29,4329.82,4275.51,4360.31,0.01,-54.31,116138.74000000088,SL
2025-09-10 10:00,2025-09-10 10:00,H1,Naiya_Sweep_Far,BUY,52.66,8.14,0.25,2.98,1.84,5.75,4329.82,4275.51,4360.31,0.01,-54.31,116084.43000000088,SL
2025-09-10 11:00,2025-09-10 11:00,H1,Naiya_Sweep_Far,BUY,61.36,8.56,0.48,3.21,9.36,11.07,4329.82,4275.51,4360.31,0.01,-54.31,116030.12000000088,SL
2025-09-10 11:00,2025-09-15 15:00,H1,Naiya Doji,SELL,61.36,8.56,0.48,3.21,9.36,11.07,3656.01,3659.34,3609.15,0.01,-3.33,116026.79000000088,SL
2025-09-10 11:00,2025-09-15 15:00,H1,Naiya Doji,SELL,61.36,8.56,0.48,3.21,9.36,11.07,3656.01,3659.34,3609.15,0.01,-3.33,116023.46000000088,SL
2025-09-10 11:00,2025-09-15 15:00,H1,Naiya Doji,SELL,61.36,8.56,0.48,3.21,9.36,11.07,3656.01,3659.34,3609.15,0.01,-3.33,116020.13000000088,SL
2025-09-10 12:00,2025-09-10 12:00,H1,Naiya_Sweep_Far,BUY,74.07,8.08,0.44,3.17,0.06,6.05,4329.82,4275.51,4360.31,0.01,-54.31,115965.82000000088,SL
2025-09-10 13:00,2025-09-10 13:00,H1,Naiya_Sweep_Far,BUY,69.5,8.21,0.26,2.97,5.99,7.95,4329.82,4275.51,4360.31,0.01,-54.31,115911.51000000088,SL
2025-09-10 14:00,2025-09-10 14:00,H1,Naiya_Sweep_Far,BUY,57.92,8.5,0.1,2.79,5.22,16.92,4329.82,4275.51,4360.31,0.01,-54.31,115857.20000000088,SL
2025-09-10 14:00,2025-09-15 15:00,H1,Naiya Doji,SELL,57.92,8.5,0.1,2.79,5.22,16.92,3654.55,3657.57,3597.36,0.01,-3.02,115854.18000000088,SL
2025-09-10 15:00,2025-09-10 15:00,H1,Naiya_Sweep_Far,BUY,64.94,8.82,0.27,2.96,7.19,11.95,4329.82,4275.51,4360.31,0.01,-54.31,115799.87000000088,SL
2025-09-10 16:00,2025-09-10 16:00,H1,Naiya_Sweep_Far,BUY,72.33,8.72,0.16,2.83,3.54,11.52,4329.82,4275.51,4360.31,0.01,-54.31,115745.56000000089,SL
2025-09-10 21:00,2025-09-10 21:00,H1,Naiya Doji,BUY,49.05,8.9,-0.03,2.5,3.42,11.07,3636.73,4312.71,4406.89,0.01,675.98,116421.54000000088,SL
2025-09-10 21:00,2025-09-10 21:00,H1,Naiya Doji,BUY,49.05,8.9,-0.03,2.5,3.42,11.07,3636.73,4313.67,4402.55,0.01,676.94,117098.48000000088,SL
2025-09-10 21:00,2025-09-10 21:00,H1,Naiya Doji,BUY,49.05,8.9,-0.03,2.5,3.42,11.07,3636.73,4313.41,4403.72,0.01,676.68,117775.16000000088,SL
2025-09-10 21:00,2025-09-10 21:00,H1,Naiya Doji,BUY,49.05,8.9,-0.03,2.5,3.42,11.07,3636.73,4312.18,4409.24,0.01,675.45,118450.61000000087,SL
2025-09-10 21:00,2025-09-10 21:00,H1,Naiya Doji,BUY,49.05,8.9,-0.03,2.5,3.42,11.07,3636.73,4312.38,4408.34,0.01,675.65,119126.26000000087,SL
2025-09-10 22:00,2025-09-10 22:00,H1,Naiya_Sweep_Far,BUY,46.52,8.75,-0.08,2.41,1.95,4.81,4329.82,4275.51,4360.31,0.01,-54.31,119071.95000000087,SL
2025-09-11 00:00,2025-09-11 00:00,H1,Naiya_Sweep_Far,BUY,45.83,8.68,-0.1,2.37,4.19,6.34,4329.82,4275.51,4360.31,0.01,-54.31,119017.64000000087,SL
2025-09-11 01:00,2025-09-11 01:00,H1,Naiya_Sweep_Far,BUY,49.17,8.77,0.04,2.48,5.1,7.0,4329.82,4275.51,4360.31,0.01,-54.31,118963.33000000087,SL
2025-09-11 02:00,2025-09-11 02:00,H1,Naiya_Sweep_Far,BUY,37.57,8.29,0.01,2.42,0.98,4.39,4329.82,4275.51,4360.31,0.01,-54.31,118909.02000000088,SL
2025-09-11 02:00,2025-09-11 04:00,H1,Naiya,BUY,37.57,8.29,0.01,2.42,0.98,4.39,3643.99,3638.01,3669.66,0.01,-5.98,118903.04000000088,SL
2025-09-11 03:00,2025-09-11 03:00,H1,Naiya_Sweep_Far,BUY,35.16,8.51,-0.08,2.3,3.03,9.16,4329.82,4275.51,4360.31,0.01,-54.31,118848.73000000088,SL
2025-09-11 04:00,2025-09-11 04:00,H1,Naiya_Sweep_Far,BUY,36.84,8.6,-0.18,2.17,3.88,9.11,4329.82,4275.51,4360.31,0.01,-54.31,118794.42000000089,SL
2025-09-11 05:00,2025-09-11 05:00,H1,Naiya_Sweep_Far,BUY,36.85,7.92,-0.33,1.99,5.23,7.41,4329.82,4275.51,4360.31,0.01,-54.31,118740.11000000089,SL
2025-09-11 06:00,2025-09-11 06:00,H1,Naiya_Sweep_Far,BUY,24.37,7.37,-0.36,1.92,1.35,4.21,4329.82,4275.51,4360.31,0.01,-54.31,118685.80000000089,SL
2025-09-11 07:00,2025-09-11 07:00,H1,Naiya_Sweep_Far,BUY,23.28,7.26,-0.49,1.73,5.43,10.07,4329.82,4275.51,4360.31,0.01,-54.31,118631.4900000009,SL
2025-09-11 08:00,2025-09-11 08:00,H1,Naiya_Sweep_Far,BUY,38.13,7.63,-0.27,1.93,8.12,15.3,4329.82,4275.51,4360.31,0.01,-54.31,118577.1800000009,SL
2025-09-11 09:00,2025-09-11 09:00,H1,Naiya_Sweep_Far,BUY,36.68,7.82,-0.35,1.8,3.47,9.56,4329.82,4275.51,4360.31,0.01,-54.31,118522.8700000009,SL
2025-09-11 10:00,2025-09-11 10:00,H1,Naiya_Sweep_Far,BUY,27.71,7.83,-0.44,1.67,3.82,6.18,4329.82,4275.51,4360.31,0.01,-54.31,118468.5600000009,SL
2025-09-11 11:00,2025-09-11 11:00,H1,Naiya_Sweep_Far,BUY,26.48,8.33,-0.54,1.52,4.34,11.97,4329.82,4275.51,4360.31,0.01,-54.31,118414.2500000009,SL
2025-09-11 12:00,2025-09-11 12:00,H1,Naiya_Sweep_Far,BUY,28.34,7.89,-0.52,1.5,0.04,4.91,4329.82,4275.51,4360.31,0.01,-54.31,118359.9400000009,SL
2025-09-11 13:00,2025-09-11 13:00,H1,Naiya_Sweep_Far,BUY,26.59,8.02,-0.65,1.33,5.0,6.72,4329.82,4275.51,4360.31,0.01,-54.31,118305.6300000009,SL
2025-09-11 14:00,2025-09-11 14:00,H1,Naiya_Sweep_Far,BUY,41.18,9.77,-0.3,1.65,12.09,30.84,4329.82,4275.51,4360.31,0.01,-54.31,118251.32000000091,SL
2025-09-11 15:00,2025-09-11 15:00,H1,Naiya_Sweep_Far,BUY,37.22,10.61,-0.25,1.66,1.2,18.71,4329.82,4275.51,4360.31,0.01,-54.31,118197.01000000091,SL
2025-09-11 15:00,2025-09-15 17:00,H1,Naiya,BUY,37.22,10.61,-0.25,1.66,1.2,18.71,3621.81,3615.47,3669.88,0.01,48.07,118245.08000000092,TP
2025-09-11 16:00,2025-09-11 16:00,H1,Naiya_Sweep_Far,BUY,37.42,11.13,-0.26,1.61,0.69,11.62,4329.82,4275.51,4360.31,0.01,-54.31,118190.77000000092,SL
2025-09-11 17:00,2025-09-11 17:00,H1,Naiya_Sweep_Far,BUY,43.23,11.15,-0.15,1.69,3.55,9.48,4329.82,4275.51,4360.31,0.01,-54.31,118136.46000000092,SL
2025-09-11 18:00,2025-09-11 18:00,H1,Naiya_Sweep_Far,BUY,49.17,11.14,-0.06,1.75,3.1,8.92,4329.82,4275.51,4360.31,0.01,-54.31,118082.15000000093,SL
2025-09-11 19:00,2025-09-11 19:00,H1,Naiya_Sweep_Far,BUY,52.99,10.94,-0.08,1.69,1.13,4.68,4329.82,4275.51,4360.31,0.01,-54.31,118027.84000000093,SL
2025-09-11 20:00,2025-09-11 20:00,H1,Naiya_Sweep_Far,BUY,51.5,11.12,-0.15,1.58,2.83,6.65,4329.82,4275.51,4360.31,0.01,-54.31,117973.53000000093,SL
2025-09-11 21:00,2025-09-11 21:00,H1,Naiya_Sweep_Far,BUY,60.93,10.78,-0.01,1.69,4.73,5.31,4329.82,4275.51,4360.31,0.01,-54.31,117919.22000000093,SL
2025-09-11 22:00,2025-09-11 22:00,H1,Naiya_Sweep_Far,BUY,50.23,10.01,-0.1,1.57,3.5,4.54,4329.82,4275.51,4360.31,0.01,-54.31,117864.91000000093,SL
2025-09-12 00:00,2025-09-12 00:00,H1,Naiya_Sweep_Far,BUY,55.35,9.69,-0.06,1.59,1.1,5.08,4329.82,4275.51,4360.31,0.01,-54.31,117810.60000000094,SL
2025-09-12 01:00,2025-09-12 01:00,H1,Naiya_Sweep_Far,BUY,56.06,9.57,-0.14,1.48,3.05,4.58,4329.82,4275.51,4360.31,0.01,-54.31,117756.29000000094,SL
2025-09-12 02:00,2025-09-12 02:00,H1,Naiya_Sweep_Far,BUY,65.54,9.25,-0.01,1.59,4.64,7.45,4329.82,4275.51,4360.31,0.01,-54.31,117701.98000000094,SL
2025-09-12 03:00,2025-09-12 03:00,H1,Naiya_Sweep_Far,BUY,71.53,9.69,0.25,1.84,9.86,11.06,4329.82,4275.51,4360.31,0.01,-54.31,117647.67000000094,SL
2025-09-12 04:00,2025-09-12 04:00,H1,Naiya_Sweep_Far,BUY,79.46,9.63,0.31,1.89,2.65,5.93,4329.82,4275.51,4360.31,0.01,-54.31,117593.36000000095,SL
2025-09-12 05:00,2025-09-12 05:00,H1,Naiya_Sweep_Far,BUY,75.82,7.9,0.41,1.97,3.91,6.63,4329.82,4275.51,4360.31,0.01,-54.31,117539.05000000095,SL
2025-09-12 06:00,2025-09-12 06:00,H1,Naiya_Sweep_Far,BUY,76.24,6.9,0.45,2.0,2.1,4.66,4329.82,4275.51,4360.31,0.01,-54.31,117484.74000000095,SL
2025-09-12 07:00,2025-09-12 07:00,H1,Naiya_Sweep_Far,BUY,74.56,6.4,0.39,1.93,1.73,4.66,4329.82,4275.51,4360.31,0.01,-54.31,117430.43000000095,SL
2025-09-12 08:00,2025-09-12 08:00,H1,Naiya_Sweep_Far,BUY,68.52,6.14,0.31,1.83,2.61,5.8,4329.82,4275.51,4360.31,0.01,-54.31,117376.12000000096,SL
2025-09-12 09:00,2025-09-12 09:00,H1,Naiya_Sweep_Far,BUY,63.08,5.93,0.24,1.74,2.26,5.97,4329.82,4275.51,4360.31,0.01,-54.31,117321.81000000096,SL
2025-09-12 10:00,2025-09-12 10:00,H1,Naiya Doji,BUY,55.59,6.42,0.04,1.51,7.24,11.62,3640.73,4310.44,4417.09,0.01,669.71,117991.52000000096,SL
2025-09-12 10:00,2025-09-12 10:00,H1,Naiya Doji,BUY,55.59,6.42,0.04,1.51,7.24,11.62,3640.73,4310.55,4416.59,0.01,669.82,118661.34000000097,SL
2025-09-12 10:00,2025-09-12 10:00,H1,Naiya_Sweep_Far,BUY,55.59,6.42,0.04,1.51,7.24,11.62,4329.82,4275.51,4360.31,0.01,-54.31,118607.03000000097,SL
2025-09-12 11:00,2025-09-12 11:00,H1,Naiya_Sweep_Far,BUY,62.86,6.62,0.19,1.64,5.5,9.37,4329.82,4275.51,4360.31,0.01,-54.31,118552.72000000098,SL
2025-09-12 12:00,2025-09-12 12:00,H1,Naiya_Sweep_Far,BUY,62.79,6.66,0.31,1.75,4.69,5.85,4329.82,4275.51,4360.31,0.01,-54.31,118498.41000000098,SL
2025-09-12 13:00,2025-09-12 13:00,H1,Naiya_Sweep_Far,BUY,62.16,6.7,0.2,1.61,4.08,5.2,4329.82,4275.51,4360.31,0.01,-54.31,118444.10000000098,SL
2025-09-12 14:00,2025-09-12 14:00,H1,Naiya_Sweep_Far,BUY,59.38,7.1,0.15,1.54,1.72,10.58,4329.82,4275.51,4360.31,0.01,-54.31,118389.79000000098,SL
2025-09-12 15:00,2025-09-12 15:00,H1,Naiya_Sweep_Far,BUY,65.95,7.43,0.29,1.65,4.89,9.22,4329.82,4275.51,4360.31,0.01,-54.31,118335.48000000099,SL
2025-09-12 16:00,2025-09-12 16:00,H1,Naiya_Sweep_Far,BUY,60.31,7.39,0.23,1.56,2.36,6.88,4329.82,4275.51,4360.31,0.01,-54.31,118281.17000000099,SL
2025-09-12 17:00,2025-09-12 17:00,H1,Naiya Doji,BUY,48.14,7.06,0.14,1.44,3.43,6.46,3643.59,4314.96,4396.73,0.01,671.37,118952.54000000098,SL
2025-09-12 17:00,2025-09-12 17:00,H1,Naiya_Sweep_Far,BUY,48.14,7.06,0.14,1.44,3.43,6.46,4329.82,4275.51,4360.31,0.01,-54.31,118898.23000000099,SL
2025-09-12 17:00,2025-09-15 01:00,H1,Naiya,BUY,48.14,7.06,0.14,1.44,3.43,6.46,3647.15,3638.3,3667.97,0.01,-8.85,118889.38000000098,SL
2025-09-12 18:00,2025-09-12 18:00,H1,Naiya_Sweep_Far,BUY,50.18,7.14,0.26,1.55,4.58,7.01,4329.82,4275.51,4360.31,0.01,-54.31,118835.07000000098,SL
2025-09-12 19:00,2025-09-12 22:00,H1,Naiya,BUY,45.59,6.89,0.25,1.51,0.46,3.15,3647.98,3641.83,3665.79,0.01,-6.15,118828.92000000099,SL
2025-09-12 21:00,2025-09-12 21:00,H1,Naiya Doji,BUY,40.57,6.74,0.12,1.34,4.37,4.91,3643.59,4315.55,4394.1,0.01,671.96,119500.880000001,SL
2025-09-12 22:00,2025-09-12 22:00,H1,Naiya_Sweep_Far,BUY,42.22,6.61,0.1,1.3,0.83,4.01,4329.82,4275.51,4360.31,0.01,-54.31,119446.570000001,SL
2025-09-15 00:00,2025-09-15 00:00,H1,Naiya_Sweep_Far,BUY,43.13,6.64,0.07,1.25,2.54,6.3,4329.82,4275.51,4360.31,0.01,-54.31,119392.260000001,SL
2025-09-15 01:00,2025-09-15 01:00,H1,Naiya_Sweep_Far,BUY,46.61,6.19,-0.03,1.11,3.94,5.28,4329.82,4275.51,4360.31,0.01,-54.31,119337.950000001,SL
2025-09-15 02:00,2025-09-15 02:00,H1,Naiya_Sweep_Far,BUY,34.15,6.27,-0.16,0.96,4.72,10.57,4329.82,4275.51,4360.31,0.01,-54.31,119283.640000001,SL
2025-09-15 02:00,2025-09-15 03:00,H1,Naiya,BUY,34.15,6.27,-0.16,0.96,4.72,10.57,3634.92,3631.54,3651.64,0.01,-3.38,119280.260000001,SL
2025-09-15 03:00,2025-09-15 03:00,H1,Naiya_Sweep_Far,BUY,27.91,6.44,-0.13,0.97,1.09,8.25,4329.82,4275.51,4360.31,0.01,-54.31,119225.950000001,SL
2025-09-15 04:00,2025-09-15 04:00,H1,Naiya_Sweep_Far,BUY,42.39,6.86,0.05,1.12,6.49,11.04,4329.82,4275.51,4360.31,0.01,-54.31,119171.640000001,SL
2025-09-15 05:00,2025-09-15 05:00,H1,Naiya_Sweep_Far,BUY,50.66,6.56,0.19,1.24,5.0,6.34,4329.82,4275.51,4360.31,0.01,-54.31,119117.330000001,SL
2025-09-15 06:00,2025-09-15 06:00,H1,Naiya_Sweep_Far,BUY,44.04,6.12,0.18,1.21,0.45,3.14,4329.82,4275.51,4360.31,0.01,-54.31,119063.02000000101,SL
2025-09-15 07:00,2025-09-15 07:00,H1,Naiya_Sweep_Far,BUY,44.44,5.92,0.12,1.13,2.0,3.98,4329.82,4275.51,4360.31,0.01,-54.31,119008.71000000101,SL
2025-09-15 12:00,2025-09-15 15:00,H1,GapSweep,SELL,45.52,7.13,-0.01,0.94,1.38,7.26,3644.65,3658.9,3553.87,0.01,-14.25,118994.46000000101,SL
2025-09-15 21:00,2025-09-15 21:00,H1,Naiya,SELL,74.93,9.71,0.91,1.91,4.16,6.09,3679.27,3682.67,3603.52,0.01,-3.4,118991.06000000102,SL
2025-09-16 15:00,2025-09-16 16:00,H1,Naiya,SELL,61.79,8.78,0.9,1.99,6.45,13.46,3693.23,3699.44,3659.51,0.01,-6.21,118984.85000000101,SL
2025-09-17 03:00,2025-09-17 12:00,H1,Naiya,SELL,37.77,7.89,0.2,1.31,11.82,15.93,3691.92,3695.11,3662.18,0.01,29.74,119014.59000000102,TP
2025-09-17 15:00,2025-09-17 16:00,H1,Naiya Doji,SELL,37.56,8.61,-0.03,1.09,0.15,9.72,3680.84,3685.86,3667.12,0.01,-5.02,119009.57000000101,SL
2025-09-17 20:00,2025-09-17 20:00,H1,Naiya Doji,SELL,32.59,12.4,-0.87,0.21,36.57,61.4,3691.64,3693.8,3662.99,0.01,-2.16,119007.41000000101,SL
2025-09-17 20:00,2025-09-17 20:00,H1,Naiya Doji,SELL,32.59,12.4,-0.87,0.21,36.57,61.4,3691.64,3693.8,3662.99,0.01,-2.16,119005.250000001,SL
2025-09-17 20:00,2025-09-17 20:00,H1,Naiya Doji,SELL,32.59,12.4,-0.87,0.21,36.57,61.4,3691.64,3693.8,3662.99,0.01,-2.16,119003.090000001,SL
2025-09-17 20:00,2025-09-17 20:00,H1,Naiya Doji,SELL,32.59,12.4,-0.87,0.21,36.57,61.4,3691.64,3693.8,3662.99,0.01,-2.16,119000.930000001,SL
2025-09-17 20:00,2025-09-17 20:00,H1,Naiya Doji,SELL,32.59,12.4,-0.87,0.21,36.57,61.4,3691.64,3693.8,3639.16,0.01,-2.16,118998.770000001,SL
2025-09-18 15:00,2025-09-18 15:00,H1,Naiya Doji,BUY,37.83,13.19,-0.87,-0.22,21.15,36.1,3630.72,4316.1,4391.61,0.01,685.38,119684.150000001,SL
2025-09-18 15:00,2025-09-18 15:00,H1,Naiya Doji,BUY,37.83,13.19,-0.87,-0.22,21.15,36.1,3630.72,4316.71,4388.88,0.01,685.99,120370.140000001,SL
2025-09-18 15:00,2025-09-18 15:00,H1,Naiya Doji,BUY,37.83,13.19,-0.87,-0.22,21.15,36.1,3630.72,4317.57,4384.97,0.01,686.85,121056.99000000101,SL
2025-09-18 15:00,2025-09-18 15:00,H1,Naiya Doji,BUY,37.83,13.19,-0.87,-0.22,21.15,36.1,3630.72,4317.99,4383.1,0.01,687.27,121744.26000000101,SL
2025-09-18 15:00,2025-09-18 15:00,H1,Naiya Doji,BUY,37.83,13.19,-0.87,-0.22,21.15,36.1,3630.72,4310.78,4415.56,0.01,680.06,122424.32000000101,SL
2025-09-18 16:00,2025-09-18 16:00,H1,Naiya_Sweep_Far,BUY,37.89,13.22,-0.94,-0.33,3.86,12.09,4329.82,4275.51,4360.31,0.01,-54.31,122370.01000000101,SL
2025-09-18 17:00,2025-09-18 17:00,H1,Naiya_Sweep_Far,BUY,42.51,12.39,-0.83,-0.26,2.88,5.46,4329.82,4275.51,4360.31,0.01,-54.31,122315.70000000102,SL
2025-09-18 18:00,2025-09-18 18:00,H1,Naiya_Sweep_Far,BUY,41.04,12.11,-0.67,-0.13,4.99,6.35,4329.82,4275.51,4360.31,0.01,-54.31,122261.39000000102,SL
2025-09-18 19:00,2025-09-18 19:00,H1,Naiya_Sweep_Far,BUY,42.51,11.77,-0.72,-0.21,2.74,3.42,4329.82,4275.51,4360.31,0.01,-54.31,122207.08000000102,SL
2025-09-18 20:00,2025-09-18 20:00,H1,Naiya_Sweep_Far,BUY,43.68,11.57,-0.75,-0.28,2.16,3.12,4329.82,4275.51,4360.31,0.01,-54.31,122152.77000000102,SL
2025-09-18 21:00,2025-09-18 21:00,H1,Naiya_Sweep_Far,BUY,47.52,11.34,-0.59,-0.15,5.28,6.46,4329.82,4275.51,4360.31,0.01,-54.31,122098.46000000103,SL
2025-09-18 22:00,2025-09-18 22:00,H1,Naiya_Sweep_Far,BUY,53.88,10.29,-0.63,-0.22,2.31,3.19,4329.82,4275.51,4360.31,0.01,-54.31,122044.15000000103,SL
2025-09-19 00:00,2025-09-19 00:00,H1,Naiya,BUY,36.86,8.9,-0.71,-0.33,2.81,3.88,3643.58,3640.52,3693.07,0.01,-3.06,122041.09000000103,SL
2025-09-19 00:00,2025-09-19 00:00,H1,Naiya_Sweep_Far,BUY,36.86,8.9,-0.71,-0.33,2.81,3.88,4329.82,4275.51,4360.31,0.01,-54.31,121986.78000000103,SL
2025-09-19 01:00,2025-09-19 01:00,H1,Naiya_Sweep_Far,BUY,30.33,8.33,-0.69,-0.34,0.07,4.1,4329.82,4275.51,4360.31,0.01,-54.31,121932.47000000103,SL
2025-09-19 02:00,2025-09-19 02:00,H1,Naiya_Sweep_Far,BUY,22.77,8.19,-0.66,-0.35,0.15,6.53,4329.82,4275.51,4360.31,0.01,-54.31,121878.16000000104,SL
2025-09-19 03:00,2025-09-19 03:00,H1,Naiya_Sweep_Far,BUY,24.65,9.05,-0.64,-0.36,0.16,18.93,4329.82,4275.51,4360.31,0.01,-54.31,121823.85000000104,SL
2025-09-19 03:00,2025-09-19 15:00,H1,GapSweep,SELL,24.65,9.05,-0.64,-0.36,0.16,18.93,3644.65,3662.74,3529.44,0.01,-18.09,121805.76000000104,SL
2025-09-19 04:00,2025-09-19 04:00,H1,Naiya_Sweep_Far,BUY,33.79,9.39,-0.41,-0.16,7.5,11.36,4329.82,4275.51,4360.31,0.01,-54.31,121751.45000000104,SL
2025-09-19 05:00,2025-09-19 05:00,H1,Naiya_Sweep_Far,BUY,42.39,9.5,-0.22,0.01,6.27,10.96,4329.82,4275.51,4360.31,0.01,-54.31,121697.14000000105,SL
2025-09-19 06:00,2025-09-19 06:00,H1,Naiya_Sweep_Far,BUY,67.57,7.37,-0.06,0.15,5.26,6.29,4329.82,4275.51,4360.31,0.01,-54.31,121642.83000000105,SL
2025-09-19 07:00,2025-09-19 07:00,H1,Naiya_Sweep_Far,BUY,64.03,7.2,-0.22,-0.03,6.38,9.72,4329.82,4275.51,4360.31,0.01,-54.31,121588.52000000105,SL
2025-09-19 08:00,2025-09-19 08:00,H1,Naiya_Sweep_Far,BUY,55.32,7.57,-0.35,-0.19,5.56,10.73,4329.82,4275.51,4360.31,0.01,-54.31,121534.21000000105,SL
2025-09-19 09:00,2025-09-19 09:00,H1,Naiya_Sweep_Far,BUY,56.99,8.06,-0.14,0.0,7.07,13.2,4329.82,4275.51,4360.31,0.01,-54.31,121479.90000000106,SL
2025-09-19 10:00,2025-09-19 10:00,H1,Naiya_Sweep_Far,BUY,61.24,8.32,-0.08,0.05,1.76,7.02,4329.82,4275.51,4360.31,0.01,-54.31,121425.59000000106,SL
2025-09-19 14:00,2025-09-22 11:00,H1,GapSweep,BUY,58.31,8.86,-0.22,-0.14,0.87,7.3,3644.65,3626.94,3724.42,0.01,79.77,121505.36000000106,TP
2025-09-19 15:00,2025-09-22 17:00,H1,GapSweep,BUY,66.98,10.04,0.17,0.25,14.09,20.71,3644.65,3624.56,3735.11,0.01,90.46,121595.82000000107,TP
2025-09-19 21:00,2025-09-22 00:00,H1,Naiya,SELL,73.4,9.17,0.75,0.8,0.85,3.88,3684.78,3687.81,3642.86,0.01,-3.03,121592.79000000107,SL
2025-09-22 00:00,2025-09-22 00:00,H1,Naiya Doji,SELL,78.81,8.36,0.85,0.89,0.61,8.32,3686.29,3688.5,3642.44,0.01,-2.21,121590.58000000106,SL
2025-09-22 00:00,2025-09-22 00:00,H1,Naiya Doji,SELL,78.81,8.36,0.85,0.89,0.61,8.32,3686.29,3688.5,3642.44,0.01,-2.21,121588.37000000106,SL
2025-09-22 00:00,2025-09-22 00:00,H1,Naiya Doji,SELL,78.81,8.36,0.85,0.89,0.61,8.32,3686.29,3688.5,3642.44,0.01,-2.21,121586.16000000105,SL
2025-09-22 00:00,2025-09-22 00:00,H1,Naiya Doji,SELL,78.81,8.36,0.85,0.89,0.61,8.32,3686.29,3688.5,3619.99,0.01,-2.21,121583.95000000104,SL
2025-09-22 05:00,2025-09-22 05:00,H1,Naiya Doji,SELL,85.93,8.86,0.96,1.06,9.07,11.49,3691.74,3696.77,3610.35,0.01,-5.03,121578.92000000105,SL
2025-09-23 01:00,2025-09-23 01:00,H1,Naiya Doji,SELL,75.22,8.31,1.62,2.25,7.71,10.17,3745.65,3748.89,3646.54,0.01,-3.24,121575.68000000104,SL
2025-09-23 05:00,2025-09-23 07:00,H1,Naiya Doji,SELL,68.66,9.1,1.36,2.17,4.82,8.09,3745.65,3748.89,3689.25,0.01,-3.24,121572.44000000104,SL
2025-09-23 06:00,2025-09-23 10:00,H1,Naiya,SELL,66.46,8.57,1.25,2.1,1.84,4.29,3747.29,3759.23,3682.86,0.01,-11.94,121560.50000000103,SL
2025-09-23 17:00,2025-09-29 03:00,H1,Naiya Doji,SELL,65.66,11.79,1.45,2.85,5.36,9.18,3781.44,3788.75,3704.58,0.01,-7.31,121553.19000000104,SL
2025-09-23 19:00,2025-09-29 03:00,H1,Naiya Doji,SELL,74.1,11.79,1.27,2.76,1.88,9.96,3784.26,3788.86,3704.51,0.01,-4.6,121548.59000000103,SL
2025-09-23 19:00,2025-09-29 03:00,H1,Naiya Doji,SELL,74.1,11.79,1.27,2.76,1.88,9.96,3784.26,3788.86,3704.51,0.01,-4.6,121543.99000000102,SL
2025-09-26 16:00,2025-09-29 02:00,H1,Naiya Doji,SELL,68.62,10.67,0.88,1.83,17.15,21.95,3780.77,3785.75,3706.44,0.01,-4.98,121539.01000000103,SL
2025-09-29 02:00,2025-09-29 03:00,H1,Naiya Doji,SELL,65.94,11.72,0.96,1.94,20.21,23.48,3784.26,3788.86,3704.51,0.01,-4.6,121534.41000000102,SL
2025-09-29 02:00,2025-09-30 08:00,H1,GapSweep,BUY,65.94,11.72,0.96,1.94,20.21,23.48,3764.94,3741.5,3870.49,0.01,105.55,121639.96000000103,TP
2025-09-29 10:00,2025-09-29 13:00,H1,Naiya,SELL,64.35,13.18,1.53,2.67,12.32,12.96,3813.77,3819.89,3695.38,0.01,-6.12,121633.84000000103,SL
2025-09-29 15:00,2025-09-29 17:00,H1,Naiya,SELL,68.57,15.39,1.42,2.65,7.68,18.82,3817.92,3831.36,3688.3,0.01,-13.44,121620.40000000103,SL
2025-09-29 22:00,2025-09-29 22:00,H1,Naiya Doji,SELL,57.92,11.81,1.41,2.85,5.04,6.29,3830.88,3833.54,3716.4,0.01,-2.66,121617.74000000102,SL
2025-09-29 22:00,2025-09-30 03:00,H1,Naiya Hidden,SELL,57.92,11.81,1.41,2.85,5.04,6.29,3830.43,3849.06,3706.81,0.01,-18.63,121599.11000000102,SL
2025-09-30 14:00,2025-09-30 14:00,H1,Naiya_Sweep_Far,BUY,45.64,15.54,0.3,2.12,4.1,12.69,4329.82,4275.51,4360.31,0.01,-54.31,121544.80000000102,SL
2025-09-30 15:00,2025-09-30 15:00,H1,Naiya_Sweep_Far,BUY,46.8,16.48,0.4,2.23,5.0,18.37,4329.82,4275.51,4360.31,0.01,-54.31,121490.49000000102,SL
2025-09-30 16:00,2025-09-30 16:00,H1,Naiya Doji,SELL,54.8,18.23,1.12,3.0,29.91,33.94,3830.88,3833.54,3794.29,0.01,-2.66,121487.83000000102,SL
2025-09-30 16:00,2025-09-30 16:00,H1,Naiya Doji,SELL,54.8,18.23,1.12,3.0,29.91,33.94,3830.88,3833.54,3794.29,0.01,-2.66,121485.17000000102,SL
2025-09-30 16:00,2025-09-30 16:00,H1,Naiya Doji,SELL,54.8,18.23,1.12,3.0,29.91,33.94,3830.88,3833.54,3794.29,0.01,-2.66,121482.51000000101,SL
2025-09-30 16:00,2025-09-30 16:00,H1,Naiya Doji,SELL,54.8,18.23,1.12,3.0,29.91,33.94,3830.88,3833.54,3794.29,0.01,-2.66,121479.85000000101,SL
2025-09-30 16:00,2025-09-30 16:00,H1,Naiya_Sweep_Far,BUY,54.8,18.23,1.12,3.0,29.91,33.94,4329.82,4275.51,4360.31,0.01,-54.31,121425.54000000101,SL
2025-09-30 17:00,2025-09-30 17:00,H1,Naiya_Sweep_Far,BUY,47.27,18.95,0.68,2.57,14.91,22.89,4329.82,4275.51,4360.31,0.01,-54.31,121371.23000000101,SL
2025-09-30 18:00,2025-09-30 18:00,H1,Naiya_Sweep_Far,BUY,49.41,18.99,0.81,2.73,6.86,9.98,4329.82,4275.51,4360.31,0.01,-54.31,121316.92000000102,SL
2025-09-30 19:00,2025-09-30 19:00,H1,Naiya_Sweep_Far,BUY,43.32,17.95,0.71,2.66,1.97,6.6,4329.82,4275.51,4360.31,0.01,-54.31,121262.61000000102,SL
2025-10-01 03:00,2025-10-01 04:00,H1,Naiya,SELL,80.01,12.59,1.05,3.12,7.98,9.76,3866.99,3870.38,3771.52,0.01,-3.39,121259.22000000102,SL
2025-10-01 09:00,2025-10-01 09:00,H1,Naiya Doji,SELL,74.99,10.02,1.05,3.23,20.0,20.68,3865.98,3869.85,3745.86,0.01,-3.87,121255.35000000102,SL
2025-10-01 20:00,2025-10-01 21:00,H1,Naiya Doji,SELL,48.34,14.05,0.27,2.42,1.32,11.28,3865.98,3869.85,3843.28,0.01,-3.87,121251.48000000103,SL
2025-10-02 03:00,2025-10-02 04:00,H1,Naiya Doji,SELL,33.22,12.73,0.24,2.33,8.93,12.21,3862.14,3866.59,3847.89,0.01,-4.45,121247.03000000103,SL
2025-10-02 03:00,2025-10-02 04:00,H1,Naiya,SELL,33.22,12.73,0.24,2.33,8.93,12.21,3862.16,3866.59,3847.89,0.01,-4.43,121242.60000000104,SL
2025-10-02 09:00,2025-10-02 09:00,H1,Naiya,SELL,47.91,9.13,0.26,2.25,4.36,12.95,3864.25,3871.29,3841.53,0.01,-7.04,121235.56000000105,SL
2025-10-02 16:00,2025-10-02 16:00,H1,Naiya Doji,BUY,40.87,13.28,-0.62,1.31,35.34,51.34,3828.9,4293.36,4494.01,0.01,464.46,121700.02000000105,SL
2025-10-02 16:00,2025-10-02 16:00,H1,Naiya Doji,BUY,40.87,13.28,-0.62,1.31,35.34,51.34,3828.9,4291.92,4500.5,0.01,463.02,122163.04000000106,SL
2025-10-02 16:00,2025-10-02 16:00,H1,Naiya Doji,BUY,40.87,13.28,-0.62,1.31,35.34,51.34,3828.9,4291.83,4500.89,0.01,462.93,122625.97000000105,SL
2025-10-02 16:00,2025-10-02 16:00,H1,Naiya Doji,BUY,40.87,13.28,-0.62,1.31,35.34,51.34,3828.9,4293.93,4491.46,0.01,465.03,123091.00000000105,SL
2025-10-02 17:00,2025-10-02 17:00,H1,Naiya_Sweep_Far,BUY,29.92,14.21,-0.92,0.99,11.62,25.26,4329.82,4275.51,4360.31,0.01,-54.31,123036.69000000105,SL
2025-10-02 18:00,2025-10-02 18:00,H1,Naiya_Sweep_Far,BUY,40.0,14.9,-0.51,1.4,16.67,18.02,4329.82,4275.51,4360.31,0.01,-54.31,122982.38000000105,SL
2025-10-02 19:00,2025-10-02 19:00,H1,Naiya_Sweep_Far,BUY,39.64,15.03,-0.53,1.37,0.51,7.19,4329.82,4275.51,4360.31,0.01,-54.31,122928.07000000105,SL
2025-10-02 20:00,2025-10-02 20:00,H1,Naiya_Sweep_Far,BUY,44.05,15.18,-0.36,1.52,6.6,7.86,4329.82,4275.51,4360.31,0.01,-54.31,122873.76000000106,SL
2025-10-02 21:00,2025-10-02 21:00,H1,Naiya_Sweep_Far,BUY,44.5,15.27,-0.25,1.62,4.58,8.46,4329.82,4275.51,4360.31,0.01,-54.31,122819.45000000106,SL
2025-10-02 22:00,2025-10-02 22:00,H1,Naiya_Sweep_Far,BUY,45.93,14.82,-0.26,1.59,0.33,5.87,4329.82,4275.51,4360.31,0.01,-54.31,122765.14000000106,SL
2025-10-03 00:00,2025-10-03 00:00,H1,Naiya_Sweep_Far,BUY,44.61,14.34,-0.22,1.62,0.0,6.31,4329.82,4275.51,4360.31,0.01,-54.31,122710.83000000106,SL
2025-10-03 01:00,2025-10-03 01:00,H1,Naiya_Sweep_Far,BUY,44.28,13.84,-0.09,1.74,5.36,6.84,4329.82,4275.51,4360.31,0.01,-54.31,122656.52000000107,SL
2025-10-03 02:00,2025-10-03 02:00,H1,Naiya_Sweep_Far,BUY,39.59,13.82,-0.23,1.58,5.49,6.18,4329.82,4275.51,4360.31,0.01,-54.31,122602.21000000107,SL
2025-10-03 03:00,2025-10-03 03:00,H1,Naiya Doji,BUY,38.9,14.33,-0.19,1.6,1.69,15.29,3855.34,4302.15,4454.43,0.01,446.81,123049.02000000107,SL
2025-10-03 03:00,2025-10-03 03:00,H1,Naiya_Sweep_Far,BUY,38.9,14.33,-0.19,1.6,1.69,15.29,4329.82,4275.51,4360.31,0.01,-54.31,122994.71000000107,SL
2025-10-03 04:00,2025-10-03 04:00,H1,Naiya Doji,BUY,32.85,14.66,-0.45,1.31,10.33,11.47,3855.34,4301.15,4458.91,0.01,445.81,123440.52000000107,SL
2025-10-03 04:00,2025-10-03 04:00,H1,Naiya_Sweep_Far,BUY,32.85,14.66,-0.45,1.31,10.33,11.47,4329.82,4275.51,4360.31,0.01,-54.31,123386.21000000107,SL
2025-10-03 05:00,2025-10-03 05:00,H1,Naiya,BUY,31.83,14.74,-0.58,1.15,5.37,13.01,3844.85,3840.55,3931.64,0.01,-4.3,123381.91000000107,SL
2025-10-03 05:00,2025-10-03 05:00,H1,Naiya_Sweep_Far,BUY,31.83,14.74,-0.58,1.15,5.37,13.01,4329.82,4275.51,4360.31,0.01,-54.31,123327.60000000107,SL
2025-10-03 05:00,2025-10-06 07:00,H1,Naiya,BUY,31.83,14.74,-0.58,1.15,5.37,13.01,3839.9,3819.48,3944.66,0.01,104.76,123432.36000000106,TP
2025-10-03 06:00,2025-10-03 06:00,H1,Naiya_Sweep_Far,BUY,35.39,13.55,-0.54,1.17,1.3,6.61,4329.82,4275.51,4360.31,0.01,-54.31,123378.05000000107,SL
2025-10-03 07:00,2025-10-03 07:00,H1,Naiya_Sweep_Far,BUY,59.23,10.97,-0.24,1.44,11.11,15.15,4329.82,4275.51,4360.31,0.01,-54.31,123323.74000000107,SL
2025-10-03 08:00,2025-10-03 08:00,H1,Naiya_Sweep_Far,BUY,70.59,9.88,-0.14,1.53,4.09,10.08,4329.82,4275.51,4360.31,0.01,-54.31,123269.43000000107,SL
2025-10-03 09:00,2025-10-03 09:00,H1,Naiya_Sweep_Far,BUY,65.25,9.18,-0.01,1.65,5.0,8.16,4329.82,4275.51,4360.31,0.01,-54.31,123215.12000000107,SL
2025-10-03 10:00,2025-10-03 10:00,H1,Naiya_Sweep_Far,BUY,66.09,9.06,0.01,1.65,0.58,5.51,4329.82,4275.51,4360.31,0.01,-54.31,123160.81000000107,SL
2025-10-03 12:00,2025-10-03 14:00,H1,Naiya Doji,SELL,59.38,8.85,0.03,1.64,1.43,5.55,3865.82,3870.0,3842.33,0.01,-4.18,123156.63000000108,SL
2025-10-03 12:00,2025-10-03 14:00,H1,Naiya Doji,SELL,59.38,8.85,0.03,1.64,1.43,5.55,3865.82,3870.0,3842.33,0.01,-4.18,123152.45000000109,SL
2025-10-03 12:00,2025-10-03 14:00,H1,Naiya Doji,SELL,59.38,8.85,0.03,1.64,1.43,5.55,3865.82,3870.0,3842.33,0.01,-4.18,123148.2700000011,SL
2025-10-03 12:00,2025-10-03 14:00,H1,Naiya Doji,SELL,59.38,8.85,0.03,1.64,1.43,5.55,3865.82,3870.0,3842.33,0.01,-4.18,123144.0900000011,SL
2025-10-03 12:00,2025-10-03 14:00,H1,Naiya Doji,SELL,59.38,8.85,0.03,1.64,1.43,5.55,3865.82,3870.0,3788.26,0.01,-4.18,123139.91000000111,SL
2025-10-03 13:00,2025-10-03 13:00,H1,Naiya Doji,BUY,55.93,9.3,-0.06,1.53,3.6,12.16,3855.34,4310.06,4418.82,0.01,454.72,123594.63000000111,SL
2025-10-03 13:00,2025-10-03 13:00,H1,Naiya Doji,BUY,55.93,9.3,-0.06,1.53,3.6,12.16,3855.05,4311.47,4412.48,0.01,456.42,124051.05000000111,SL
2025-10-03 13:00,2025-10-03 13:00,H1,Naiya Doji,BUY,55.93,9.3,-0.06,1.53,3.6,12.16,3855.05,4311.71,4411.39,0.01,456.66,124507.71000000111,SL
2025-10-03 14:00,2025-10-03 14:00,H1,Naiya_Sweep_Far,BUY,62.36,9.88,0.26,1.82,11.72,14.43,4329.82,4275.51,4360.31,0.01,-54.31,124453.40000000111,SL
2025-10-06 15:00,2025-10-06 16:00,H1,Naiya Doji,SELL,71.26,13.43,1.52,3.18,10.37,20.06,3942.48,3949.55,3796.45,0.01,-7.07,124446.33000000111,SL
2025-10-06 15:00,2025-10-06 17:00,H1,Naiya Hidden,SELL,71.26,13.43,1.52,3.18,10.37,20.06,3942.51,3963.38,3787.91,0.01,-20.87,124425.46000000111,SL
2025-10-07 05:00,2025-10-07 06:00,H1,Naiya Doji,SELL,74.86,12.73,1.56,3.59,8.45,13.92,3967.59,3976.21,3889.24,0.01,-8.62,124416.84000000112,SL
2025-10-07 13:00,2025-10-07 14:00,H1,Naiya Doji,SELL,53.35,12.12,0.96,3.2,6.86,12.82,3967.59,3976.21,3895.65,0.01,-8.62,124408.22000000112,SL
2025-10-07 13:00,2025-10-07 14:00,H1,Naiya Doji,SELL,53.35,12.12,0.96,3.2,6.86,12.82,3967.59,3976.21,3895.65,0.01,-8.62,124399.60000000113,SL
2025-10-07 13:00,2025-10-07 14:00,H1,Naiya Doji,SELL,53.35,12.12,0.96,3.2,6.86,12.82,3967.59,3976.21,3895.65,0.01,-8.62,124390.98000000113,SL
2025-10-07 13:00,2025-10-07 14:00,H1,Naiya Doji,SELL,53.35,12.12,0.96,3.2,6.86,12.82,3967.59,3976.21,3895.65,0.01,-8.62,124382.36000000114,SL
2025-10-07 14:00,2025-10-07 14:00,H1,Naiya,SELL,58.11,12.0,1.22,3.49,12.44,15.6,3973.34,3976.98,3895.17,0.01,-3.64,124378.72000000114,SL
2025-10-07 18:00,2025-10-07 19:00,H1,Naiya,SELL,55.27,14.45,0.93,3.29,10.5,16.48,3979.24,3986.71,3912.61,0.01,-7.47,124371.25000000114,SL
2025-10-09 07:00,2025-10-09 15:00,H1,Naiya Doji,SELL,45.52,17.0,0.83,3.62,0.75,9.44,4043.34,4054.62,3941.17,0.01,-11.28,124359.97000000114,SL
2025-10-09 07:00,2025-10-09 15:00,H1,Naiya Doji,SELL,45.52,17.0,0.83,3.62,0.75,9.44,4043.34,4054.62,3941.17,0.01,-11.28,124348.69000000114,SL
2025-10-09 07:00,2025-10-09 15:00,H1,Naiya Doji,SELL,45.52,17.0,0.83,3.62,0.75,9.44,4043.34,4054.62,3941.17,0.01,-11.28,124337.41000000114,SL
2025-10-09 07:00,2025-10-09 15:00,H1,Naiya Doji,SELL,45.52,17.0,0.83,3.62,0.75,9.44,4043.34,4054.62,3941.17,0.01,-11.28,124326.13000000114,SL
2025-10-09 15:00,2025-10-13 07:00,H1,Naiya Hidden,SELL,53.23,16.0,0.01,2.81,34.59,39.97,4056.56,4078.19,3926.6,0.01,-21.63,124304.50000000114,SL
2025-10-10 00:00,2025-10-10 00:00,H1,Naiya_Sweep_Far,BUY,32.88,21.73,-1.1,1.49,2.24,21.98,4329.82,4275.51,4360.31,0.01,-54.31,124250.19000000114,SL
2025-10-10 01:00,2025-10-10 01:00,H1,Naiya_Sweep_Far,BUY,36.02,22.18,-0.74,1.84,14.61,16.41,4329.82,4275.51,4360.31,0.01,-54.31,124195.88000000114,SL
2025-10-10 05:00,2025-10-10 05:00,H1,Naiya Doji,BUY,26.63,23.48,-1.42,1.04,16.68,18.5,3969.73,4285.46,4529.59,0.01,315.73,124511.61000000114,SL
2025-10-10 06:00,2025-10-10 06:00,H1,Naiya_Sweep_Far,BUY,34.13,22.05,-1.29,1.14,4.45,19.98,4329.82,4275.51,4360.31,0.01,-54.31,124457.30000000114,SL
2025-10-10 07:00,2025-10-10 07:00,H1,Naiya_Sweep_Far,BUY,35.44,21.12,-1.07,1.33,8.42,12.07,4329.82,4275.51,4360.31,0.01,-54.31,124402.99000000114,SL
2025-10-10 09:00,2025-10-10 09:00,H1,Naiya Doji,BUY,51.5,18.04,-1.1,1.22,3.6,23.65,3956.94,4287.59,4520.0,0.01,330.65,124733.64000000113,SL
2025-10-13 00:00,2025-10-13 00:00,H1,Naiya Doji,SELL,77.09,21.51,0.95,2.73,29.39,37.15,4039.04,4043.76,3977.07,0.01,-4.72,124728.92000000113,SL
2025-10-13 00:00,2025-10-13 00:00,H1,Naiya Doji,SELL,77.09,21.51,0.95,2.73,29.39,37.15,4039.04,4043.76,3977.07,0.01,-4.72,124724.20000000113,SL
2025-10-13 00:00,2025-10-13 00:00,H1,Naiya Doji,SELL,77.09,21.51,0.95,2.73,29.39,37.15,4039.04,4043.76,3977.07,0.01,-4.72,124719.48000000113,SL
2025-10-13 00:00,2025-10-13 01:00,H1,Naiya,SELL,77.09,21.51,0.95,2.73,29.39,37.15,4044.41,4053.77,3970.88,0.01,-9.36,124710.12000000113,SL
2025-10-13 20:00,2025-10-14 01:00,H1,Naiya,SELL,83.11,13.39,2.01,3.63,2.22,8.24,4104.93,4116.92,3880.34,0.01,-11.99,124698.13000000113,SL
2025-10-13 21:00,2025-10-14 01:00,H1,Naiya Doji,SELL,83.06,13.18,2.13,3.77,7.03,20.19,4110.41,4116.92,3880.34,0.01,-6.51,124691.62000000113,SL
2025-10-13 21:00,2025-10-14 01:00,H1,Naiya Doji,SELL,83.06,13.18,2.13,3.77,7.03,20.19,4110.41,4116.92,3880.34,0.01,-6.51,124685.11000000114,SL
2025-10-15 00:00,2025-10-15 00:00,H1,Naiya,SELL,62.46,19.17,1.41,4.16,17.55,23.07,4148.13,4152.57,4052.29,0.01,-4.44,124680.67000000113,SL
2025-10-15 00:00,2025-10-15 00:00,H1,Naiya_Sweep_Far,BUY,62.46,19.17,1.41,4.16,17.55,23.07,4329.82,4275.51,4360.31,0.01,-54.31,124626.36000000114,SL
2025-10-15 00:00,2025-10-15 03:00,H1,Naiya,SELL,62.46,19.17,1.41,4.16,17.55,23.07,4163.36,4169.94,3854.8,0.01,-6.58,124619.78000000113,SL
2025-10-15 16:00,2025-10-16 02:00,H1,Naiya,SELL,65.74,18.54,1.32,4.52,8.0,20.82,4207.73,4218.2,4023.65,0.01,-10.47,124609.31000000113,SL
2025-10-15 21:00,2025-10-16 02:00,H1,Naiya Doji,SELL,61.92,17.72,1.3,4.55,9.74,12.99,4212.68,4218.2,4023.65,0.01,-5.52,124603.79000000113,SL
2025-10-15 21:00,2025-10-16 02:00,H1,Naiya Doji,SELL,61.92,17.72,1.3,4.55,9.74,12.99,4212.68,4218.2,4023.65,0.01,-5.52,124598.27000000112,SL
2025-10-15 21:00,2025-10-16 02:00,H1,Naiya Doji,SELL,61.92,17.72,1.3,4.55,9.74,12.99,4212.68,4218.2,4023.65,0.01,-5.52,124592.75000000112,SL
2025-10-15 21:00,2025-10-16 02:00,H1,Naiya Doji,SELL,61.92,17.72,1.3,4.55,9.74,12.99,4212.68,4218.2,4082.82,0.01,-5.52,124587.23000000112,SL
2025-10-16 08:00,2025-10-16 08:00,H1,Naiya Doji,SELL,63.88,15.9,1.1,4.39,17.74,23.66,4212.68,4218.2,4156.07,0.01,-5.52,124581.71000000111,SL
2025-10-16 11:00,2025-10-16 16:00,H1,Naiya Hidden,SELL,66.19,15.82,1.38,4.67,6.75,19.8,4239.54,4263.35,4128.17,0.01,-23.81,124557.90000000111,SL
2025-10-17 05:00,2025-10-20 21:00,H1,Naiya Doji,SELL,77.26,30.94,3.05,6.95,24.24,27.97,4356.06,4379.54,4124.83,0.01,-23.48,124534.42000000112,SL
2025-10-20 20:00,2025-10-20 21:00,H1,Naiya Doji,SELL,71.77,23.95,1.49,5.21,11.72,19.89,4360.41,4378.61,4134.44,0.01,-18.2,124516.22000000112,SL
2025-10-20 20:00,2025-10-20 21:00,H1,Naiya Doji,SELL,71.77,23.95,1.49,5.21,11.72,19.89,4360.41,4378.61,4134.44,0.01,-18.2,124498.02000000112,SL
2025-10-20 20:00,2025-10-20 21:00,H1,Naiya Doji,SELL,71.77,23.95,1.49,5.21,11.72,19.89,4360.41,4378.61,4217.44,0.01,-18.2,124479.82000000113,SL
2025-10-20 20:00,2025-10-20 21:00,H1,Naiya Doji,SELL,71.77,23.95,1.49,5.21,11.72,19.89,4360.41,4378.61,4217.44,0.01,-18.2,124461.62000000113,SL
2025-10-21 00:00,2025-10-21 16:00,H1,Naiya,SELL,75.84,23.82,1.56,5.27,0.99,17.89,4359.46,4381.71,4122.33,0.01,237.13,124698.75000000114,TP
2025-10-21 13:00,2025-10-21 13:00,H1,Naiya Doji,SELL,23.99,25.66,-0.94,2.08,0.54,26.79,4264.34,4268.24,4231.8,0.01,-3.9,124694.85000000114,SL
2025-10-21 13:00,2025-10-28 08:00,H1,GapSweep,SELL,23.99,25.66,-0.94,2.08,0.54,26.79,4259.51,4310.84,3932.63,0.01,326.88,125021.73000000115,TP
2025-10-21 16:00,2025-10-21 16:00,H1,Naiya Doji,BUY,9.73,37.64,-3.36,-0.69,34.39,106.98,4112.27,4285.92,4527.52,0.01,173.65,125195.38000000114,SL
2025-10-21 16:00,2025-10-21 16:00,H1,Naiya Doji,BUY,9.73,37.64,-3.36,-0.69,34.39,106.98,4112.27,4291.14,4504.01,0.01,178.87,125374.25000000114,SL
2025-10-21 16:00,2025-10-21 16:00,H1,Naiya Doji,BUY,9.73,37.64,-3.36,-0.69,34.39,106.98,4112.27,4291.48,4502.49,0.01,179.21,125553.46000000114,SL
2025-10-21 16:00,2025-10-21 16:00,H1,Naiya Doji,BUY,9.73,37.64,-3.36,-0.69,34.39,106.98,4161.82,4293.47,4493.5,0.01,131.65,125685.11000000114,SL
2025-10-21 17:00,2025-10-21 17:00,H1,Naiya_Sweep_Far,BUY,10.33,37.0,-3.32,-0.73,1.14,30.53,4329.82,4275.51,4360.31,0.01,-54.31,125630.80000000114,SL
2025-10-21 18:00,2025-10-21 18:00,H1,Naiya_Sweep_Far,BUY,9.85,38.54,-3.81,-1.35,25.11,41.69,4329.82,4275.51,4360.31,0.01,-54.31,125576.49000000114,SL
2025-10-21 19:00,2025-10-21 19:00,H1,Naiya_Sweep_Far,BUY,7.25,39.48,-3.79,-1.41,2.22,26.12,4329.82,4275.51,4360.31,0.01,-54.31,125522.18000000114,SL
2025-10-21 20:00,2025-10-21 20:00,H1,Naiya_Sweep_Far,BUY,8.59,40.15,-3.65,-1.33,3.64,19.36,4329.82,4275.51,4360.31,0.01,-54.31,125467.87000000114,SL
2025-10-21 21:00,2025-10-21 21:00,H1,Naiya_Sweep_Far,BUY,9.01,39.77,-3.73,-1.49,6.03,21.49,4329.82,4275.51,4360.31,0.01,-54.31,125413.56000000115,SL
2025-10-21 22:00,2025-10-21 22:00,H1,Naiya_Sweep_Far,BUY,8.03,39.61,-3.29,-1.09,17.24,24.67,4329.82,4275.51,4360.31,0.01,-54.31,125359.25000000115,SL
2025-10-22 00:00,2025-10-22 00:00,H1,Naiya_Sweep_Far,BUY,9.57,37.11,-3.32,-1.17,0.57,14.95,4329.82,4275.51,4360.31,0.01,-54.31,125304.94000000115,SL
2025-10-22 00:00,2025-10-22 01:00,H1,Naiya,BUY,9.57,37.11,-3.32,-1.17,0.57,14.95,4114.86,4100.63,4555.42,0.01,-14.23,125290.71000000116,SL
2025-10-22 01:00,2025-10-22 01:00,H1,Naiya Doji,BUY,9.35,35.73,-3.95,-1.89,29.99,37.72,4111.38,4250.61,4686.54,0.01,139.23,125429.94000000115,SL
2025-10-22 01:00,2025-10-22 01:00,H1,Naiya Doji,BUY,9.35,35.73,-3.95,-1.89,29.99,37.72,4111.38,4255.6,4664.06,0.01,144.22,125574.16000000115,SL
2025-10-22 01:00,2025-10-22 01:00,H1,Naiya_Sweep_Far,BUY,9.35,35.73,-3.95,-1.89,29.99,37.72,4329.82,4275.51,4360.31,0.01,-54.31,125519.85000000116,SL
2025-10-22 02:00,2025-10-22 02:00,H1,Naiya_Sweep_Far,BUY,8.97,40.47,-4.31,-2.33,18.5,89.68,4329.82,4275.51,4360.31,0.01,-54.31,125465.54000000116,SL
2025-10-22 03:00,2025-10-22 03:00,H1,Naiya_Sweep_Far,BUY,14.17,43.28,-3.96,-2.05,12.22,56.31,4329.82,4275.51,4360.31,0.01,-54.31,125411.23000000116,SL
2025-10-22 04:00,2025-10-22 04:00,H1,Naiya_Sweep_Far,BUY,23.44,43.55,-3.23,-1.39,27.9,30.53,4329.82,4275.51,4360.31,0.01,-54.31,125356.92000000116,SL
2025-10-22 05:00,2025-10-22 05:00,H1,Naiya_Sweep_Far,BUY,32.19,42.41,-2.86,-1.07,13.76,35.78,4329.82,4275.51,4360.31,0.01,-54.31,125302.61000000116,SL
2025-10-22 06:00,2025-10-22 06:00,H1,Naiya_Sweep_Far,BUY,38.24,40.14,-2.82,-1.09,0.44,26.02,4329.82,4275.51,4360.31,0.01,-54.31,125248.30000000117,SL
2025-10-22 07:00,2025-10-22 07:00,H1,Naiya_Sweep_Far,BUY,48.58,33.96,-2.6,-0.94,6.71,20.56,4329.82,4275.51,4360.31,0.01,-54.31,125193.99000000117,SL
2025-10-22 08:00,2025-10-22 10:00,H1,Naiya,BUY,54.6,34.18,-2.07,-0.46,20.63,33.55,4128.71,4107.39,4536.0,0.01,-21.32,125172.67000000116,SL
2025-10-22 10:00,2025-10-22 10:00,H1,Naiya Doji,BUY,41.68,36.87,-3.93,-2.52,62.49,78.51,4120.4,4261.89,4635.71,0.01,141.49,125314.16000000117,SL
2025-10-22 11:00,2025-10-22 11:00,H1,Naiya_Sweep_Far,BUY,40.66,38.34,-3.87,-2.55,0.79,39.94,4329.82,4275.51,4360.31,0.01,-54.31,125259.85000000117,SL
2025-10-22 12:00,2025-10-22 12:00,H1,Naiya Doji,BUY,36.35,41.58,-4.6,-3.39,34.56,66.97,4049.14,4242.71,4722.1,0.01,193.57,125453.42000000118,SL
2025-10-22 12:00,2025-10-22 12:00,H1,Naiya Doji,BUY,36.35,41.58,-4.6,-3.39,34.56,66.97,4049.14,4244.99,4711.82,0.01,195.85,125649.27000000118,SL
2025-10-22 12:00,2025-10-22 12:00,H1,Naiya Doji,BUY,36.35,41.58,-4.6,-3.39,34.56,66.97,4049.14,4249.55,4691.31,0.01,200.41,125849.68000000119,SL
2025-10-22 12:00,2025-10-22 12:00,H1,Naiya_Sweep_Far,BUY,36.35,41.58,-4.6,-3.39,34.56,66.97,4329.82,4275.51,4360.31,0.01,-54.31,125795.37000000119,SL
2025-10-22 13:00,2025-10-22 13:00,H1,Naiya_Sweep_Far,BUY,31.16,41.95,-4.67,-3.57,7.21,29.85,4329.82,4275.51,4360.31,0.01,-54.31,125741.06000000119,SL
2025-10-22 14:00,2025-10-22 14:00,H1,Naiya_Sweep_Far,BUY,33.09,43.06,-4.42,-3.44,6.1,30.38,4329.82,4275.51,4360.31,0.01,-54.31,125686.7500000012,SL
2025-10-22 15:00,2025-10-22 15:00,H1,Naiya_Sweep_Far,BUY,46.88,44.03,-3.34,-2.44,42.09,51.41,4329.82,4275.51,4360.31,0.01,-54.31,125632.4400000012,SL
2025-10-22 16:00,2025-10-22 16:00,H1,Naiya Doji,BUY,40.65,42.41,-4.67,-3.89,60.56,66.95,4030.07,4241.75,4726.42,0.01,211.68,125844.12000000119,SL
2025-10-22 16:00,2025-10-22 16:00,H1,Naiya_Sweep_Far,BUY,40.65,42.41,-4.67,-3.89,60.56,66.95,4329.82,4275.51,4360.31,0.01,-54.31,125789.81000000119,SL
2025-10-22 17:00,2025-10-22 17:00,H1,Naiya_Sweep_Far,BUY,42.39,40.69,-4.04,-3.38,21.99,32.22,4329.82,4275.51,4360.31,0.01,-54.31,125735.5000000012,SL
2025-10-22 18:00,2025-10-22 18:00,H1,Naiya_Sweep_Far,BUY,41.35,41.41,-3.39,-2.85,22.12,40.75,4329.82,4275.51,4360.31,0.01,-54.31,125681.1900000012,SL
2025-10-22 19:00,2025-10-22 19:00,H1,Naiya_Sweep_Far,BUY,40.81,40.79,-3.03,-2.61,10.79,27.04,4329.82,4275.51,4360.31,0.01,-54.31,125626.8800000012,SL
2025-10-22 20:00,2025-10-22 20:00,H1,Naiya_Sweep_Far,BUY,42.09,39.98,-2.75,-2.46,6.55,14.7,4329.82,4275.51,4360.31,0.01,-54.31,125572.5700000012,SL
2025-10-22 21:00,2025-10-22 21:00,H1,Naiya_Sweep_Far,BUY,45.24,41.15,-2.03,-1.87,25.52,36.88,4329.82,4275.51,4360.31,0.01,-54.31,125518.2600000012,SL
2025-10-22 22:00,2025-10-22 22:00,H1,Naiya_Sweep_Far,BUY,41.23,40.09,-2.01,-1.98,4.12,18.69,4329.82,4275.51,4360.31,0.01,-54.31,125463.9500000012,SL
2025-10-27 07:00,2025-11-11 01:00,H1,GapSweep,SELL,30.2,19.9,-0.63,-2.68,1.45,10.76,4083.73,4123.53,3830.25,0.01,-39.8,125424.1500000012,SL
2025-10-27 09:00,2025-10-27 09:00,H1,Naiya Doji,BUY,27.71,21.1,-1.44,-3.49,25.46,46.85,4030.07,4246.99,4702.82,0.01,216.92,125641.0700000012,SL
2025-10-27 09:00,2025-10-27 09:00,H1,Naiya Doji,BUY,27.71,21.1,-1.44,-3.49,25.46,46.85,4030.07,4248.24,4697.2,0.01,218.17,125859.2400000012,SL
2025-10-27 09:00,2025-10-27 09:00,H1,Naiya Doji,BUY,27.71,21.1,-1.44,-3.49,25.46,46.85,4030.07,4249.86,4689.92,0.01,219.79,126079.03000000119,SL
2025-10-27 09:00,2025-10-27 09:00,H1,Naiya Doji,BUY,27.71,21.1,-1.44,-3.49,25.46,46.85,4030.07,4247.53,4700.42,0.01,217.46,126296.4900000012,SL
2025-10-27 09:00,2025-10-27 09:00,H1,Naiya Doji,BUY,27.71,21.1,-1.44,-3.49,25.46,46.85,4030.07,4249.65,4690.86,0.01,219.58,126516.0700000012,SL
2025-10-27 10:00,2025-10-27 10:00,H1,Naiya_Sweep_Far,BUY,25.7,21.7,-1.49,-3.57,3.52,20.19,4329.82,4275.51,4360.31,0.01,-54.31,126461.7600000012,SL
2025-10-27 11:00,2025-10-27 11:00,H1,Naiya_Sweep_Far,BUY,26.39,21.98,-1.52,-3.61,2.49,19.09,4329.82,4275.51,4360.31,0.01,-54.31,126407.4500000012,SL
2025-10-27 12:00,2025-10-27 12:00,H1,Naiya_Sweep_Far,BUY,19.4,22.58,-1.81,-3.92,13.33,25.91,4329.82,4275.51,4360.31,0.01,-54.31,126353.1400000012,SL
2025-10-27 13:00,2025-10-27 13:00,H1,Naiya_Sweep_Far,BUY,36.71,21.35,-1.25,-3.39,21.68,24.13,4329.82,4275.51,4360.31,0.01,-54.31,126298.83000000121,SL
2025-10-27 14:00,2025-10-27 14:00,H1,Naiya,BUY,35.06,22.1,-1.78,-3.94,23.63,37.09,4037.31,4015.44,4148.33,0.01,-21.87,126276.96000000121,SL
2025-10-27 14:00,2025-10-27 14:00,H1,Naiya_Sweep_Far,BUY,35.06,22.1,-1.78,-3.94,23.63,37.09,4329.82,4275.51,4360.31,0.01,-54.31,126222.65000000122,SL
2025-10-27 15:00,2025-10-27 15:00,H1,Naiya_Sweep_Far,BUY,20.78,23.13,-2.55,-4.74,34.17,40.18,4329.82,4275.51,4360.31,0.01,-54.31,126168.34000000122,SL
2025-10-27 16:00,2025-10-27 16:00,H1,Naiya_Sweep_Far,BUY,21.37,23.11,-2.45,-4.67,1.9,22.11,4329.82,4275.51,4360.31,0.01,-54.31,126114.03000000122,SL
2025-10-27 17:00,2025-10-27 17:00,H1,Naiya_Sweep_Far,BUY,27.42,23.44,-2.15,-4.43,9.48,16.29,4329.82,4275.51,4360.31,0.01,-54.31,126059.72000000122,SL
2025-10-27 18:00,2025-10-27 18:00,H1,Naiya_Sweep_Far,BUY,30.92,23.56,-1.91,-4.23,7.07,18.14,4329.82,4275.51,4360.31,0.01,-54.31,126005.41000000123,SL
2025-10-27 19:00,2025-10-27 19:00,H1,Naiya_Sweep_Far,BUY,29.75,23.17,-2.02,-4.39,7.31,12.23,4329.82,4275.51,4360.31,0.01,-54.31,125951.10000000123,SL
2025-10-27 20:00,2025-10-27 20:00,H1,Naiya_Sweep_Far,BUY,23.71,23.47,-2.17,-4.58,9.04,19.98,4329.82,4275.51,4360.31,0.01,-54.31,125896.79000000123,SL
2025-10-27 21:00,2025-10-27 21:00,H1,Naiya Doji,BUY,22.87,24.2,-2.28,-4.74,7.83,21.02,3982.36,4282.94,4540.94,0.01,300.58,126197.37000000123,SL
2025-10-27 21:00,2025-10-27 21:00,H1,Naiya Doji,BUY,22.87,24.2,-2.28,-4.74,7.83,21.02,3982.36,4282.7,4542.02,0.01,300.34,126497.71000000123,SL
2025-10-27 21:00,2025-10-27 21:00,H1,Naiya Doji,BUY,22.87,24.2,-2.28,-4.74,7.83,21.02,3982.36,4283.49,4538.48,0.01,301.13,126798.84000000123,SL
2025-10-27 21:00,2025-10-27 21:00,H1,Naiya_Sweep_Far,BUY,22.87,24.2,-2.28,-4.74,7.83,21.02,4329.82,4275.51,4360.31,0.01,-54.31,126744.53000000124,SL
2025-10-27 23:00,2025-10-27 23:00,H1,Naiya_Sweep_Far,BUY,27.42,24.09,-2.03,-4.54,1.54,12.86,4329.82,4275.51,4360.31,0.01,-54.31,126690.22000000124,SL
2025-10-28 00:00,2025-10-28 00:00,H1,Naiya_Sweep_Far,BUY,35.8,22.28,-1.75,-4.31,8.66,21.52,4329.82,4275.51,4360.31,0.01,-54.31,126635.91000000124,SL
2025-10-28 01:00,2025-10-28 01:00,H1,Naiya Doji,BUY,39.84,23.46,-1.49,-4.09,8.35,36.64,3982.36,4285.25,4530.53,0.01,302.89,126938.80000000124,SL
2025-10-28 01:00,2025-10-28 01:00,H1,Naiya_Sweep_Far,BUY,39.84,23.46,-1.49,-4.09,8.35,36.64,4329.82,4275.51,4360.31,0.01,-54.31,126884.49000000124,SL
2025-10-28 02:00,2025-10-28 02:00,H1,Naiya_Sweep_Far,BUY,41.98,23.18,-1.34,-3.97,4.15,15.21,4329.82,4275.51,4360.31,0.01,-54.31,126830.18000000124,SL
2025-10-28 03:00,2025-10-28 03:00,H1,Naiya Doji,BUY,38.75,23.7,-1.94,-4.59,27.03,33.15,3982.36,4282.9,4541.12,0.01,300.54,127130.72000000124,SL
2025-10-28 03:00,2025-10-28 03:00,H1,Naiya Doji,BUY,38.75,23.7,-1.94,-4.59,27.03,33.15,3991.23,4283.45,4538.62,0.01,292.22,127422.94000000124,SL
2025-10-28 03:00,2025-10-28 03:00,H1,Naiya_Sweep_Far,BUY,38.75,23.7,-1.94,-4.59,27.03,33.15,4329.82,4275.51,4360.31,0.01,-54.31,127368.63000000124,SL
2025-10-28 04:00,2025-10-28 04:00,H1,Naiya_Sweep_Far,BUY,33.98,22.78,-1.66,-4.36,8.86,11.22,4329.82,4275.51,4360.31,0.01,-54.31,127314.32000000124,SL
2025-10-28 05:00,2025-10-28 05:00,H1,Naiya_Sweep_Far,BUY,34.92,22.29,-2.05,-4.79,19.21,30.26,4329.82,4275.51,4360.31,0.01,-54.31,127260.01000000125,SL
2025-10-28 06:00,2025-10-28 06:00,H1,Naiya_Sweep_Far,BUY,42.04,20.91,-2.15,-4.93,7.22,20.92,4329.82,4275.51,4360.31,0.01,-54.31,127205.70000000125,SL
2025-10-28 07:00,2025-10-28 07:00,H1,Naiya_Sweep_Far,BUY,34.83,21.48,-2.67,-5.48,23.76,30.0,4329.82,4275.51,4360.31,0.01,-54.31,127151.39000000125,SL
2025-10-28 08:00,2025-10-28 08:00,H1,Naiya_Sweep_Far,BUY,28.57,22.2,-2.82,-5.69,10.05,26.44,4329.82,4275.51,4360.31,0.01,-54.31,127097.08000000125,SL
2025-10-28 09:00,2025-10-28 09:00,H1,Naiya_Sweep_Far,BUY,20.38,23.71,-3.58,-6.49,34.72,39.3,4329.82,4275.51,4360.31,0.01,-54.31,127042.77000000126,SL
2025-10-28 10:00,2025-10-28 10:00,H1,Naiya_Sweep_Far,BUY,24.25,24.58,-3.31,-6.29,7.31,24.38,4329.82,4275.51,4360.31,0.01,-54.31,126988.46000000126,SL
2025-10-28 11:00,2025-10-28 11:00,H1,Naiya_Sweep_Far,BUY,33.75,25.36,-2.69,-5.74,21.68,30.85,4329.82,4275.51,4360.31,0.01,-54.31,126934.15000000126,SL
2025-10-28 12:00,2025-10-28 12:00,H1,Naiya_Sweep_Far,BUY,34.53,25.21,-2.7,-5.79,3.36,18.97,4329.82,4275.51,4360.31,0.01,-54.31,126879.84000000126,SL
2025-10-28 13:00,2025-10-28 13:00,H1,Naiya_Sweep_Far,BUY,30.13,25.93,-2.89,-6.0,10.41,24.17,4329.82,4275.51,4360.31,0.01,-54.31,126825.53000000126,SL
2025-10-28 14:00,2025-10-28 14:00,H1,Naiya_Sweep_Far,BUY,35.91,26.4,-2.18,-5.34,26.12,28.04,4329.82,4275.51,4360.31,0.01,-54.31,126771.22000000127,SL
2025-10-28 23:00,2025-11-10 13:00,H1,Naiya,BUY,50.45,22.57,-1.74,-5.22,21.37,37.27,3923.16,3905.62,4090.14,0.01,166.98,126938.20000000126,TP
2025-10-30 20:00,2025-10-30 23:00,H1,Naiya Doji,SELL,67.88,22.38,1.16,-1.48,7.3,10.41,4023.39,4029.62,3844.99,0.01,-6.23,126931.97000000127,SL
2025-10-30 20:00,2025-10-30 23:00,H1,Naiya Doji,SELL,67.88,22.38,1.16,-1.48,7.3,10.41,4023.39,4029.62,3844.99,0.01,-6.23,126925.74000000127,SL
2025-10-31 09:00,2025-11-10 02:00,H1,Naiya Doji,SELL,52.61,18.66,0.48,-1.42,10.61,20.03,4026.12,4039.28,3839.02,0.01,-13.16,126912.58000000127,SL
2025-10-31 09:00,2025-11-10 02:00,H1,Naiya Doji,SELL,52.61,18.66,0.48,-1.42,10.61,20.03,4026.12,4039.28,3839.02,0.01,-13.16,126899.42000000126,SL
2025-10-31 09:00,2025-11-10 02:00,H1,Naiya Doji,SELL,52.61,18.66,0.48,-1.42,10.61,20.03,4026.12,4039.28,3839.02,0.01,-13.16,126886.26000000126,SL
2025-11-03 12:00,2025-11-04 15:00,H1,GapSweep,BUY,52.26,18.26,0.07,-0.63,8.93,14.22,3995.37,3958.85,4159.84,0.01,-36.52,126849.74000000126,SL
2025-11-03 17:00,2025-11-04 15:00,H1,GapSweep,BUY,52.14,16.61,0.0,-0.55,0.12,18.22,3995.37,3962.15,4144.95,0.01,-33.22,126816.52000000126,SL
2025-11-07 00:00,2025-11-07 00:00,H1,Naiya_Sweep_Far,BUY,36.87,12.72,0.29,0.06,10.03,11.47,4329.82,4275.51,4360.31,0.01,-54.31,126762.21000000126,SL
2025-11-10 02:00,2025-11-10 06:00,H1,Naiya Hidden,SELL,70.32,16.53,1.16,1.44,23.93,34.02,4037.92,4069.64,3820.26,0.01,-31.72,126730.49000000126,SL
2025-11-11 14:00,2025-11-11 14:00,H1,Naiya Doji,SELL,65.24,11.03,1.61,3.29,7.91,12.88,4141.78,4144.52,4030.94,0.01,-2.74,126727.75000000125,SL
2025-11-11 14:00,2025-11-11 14:00,H1,Naiya,SELL,65.24,11.03,1.61,3.29,7.91,12.88,4141.98,4144.52,4030.94,0.01,-2.54,126725.21000000126,SL
2025-11-12 00:00,2025-11-12 00:00,H1,Naiya Doji,SELL,53.37,12.52,1.07,3.08,11.89,15.67,4141.78,4144.52,4030.94,0.01,-2.74,126722.47000000125,SL
2025-11-12 00:00,2025-11-12 00:00,H1,Naiya Doji,SELL,53.37,12.52,1.07,3.08,11.89,15.67,4141.78,4144.52,4030.94,0.01,-2.74,126719.73000000125,SL
2025-11-12 00:00,2025-11-12 00:00,H1,Naiya Doji,SELL,53.37,12.52,1.07,3.08,11.89,15.67,4141.78,4144.52,4030.94,0.01,-2.74,126716.99000000124,SL
2025-11-12 00:00,2025-11-12 00:00,H1,Naiya Doji,SELL,53.37,12.52,1.07,3.08,11.89,15.67,4141.78,4144.52,4030.94,0.01,-2.74,126714.25000000124,SL
2025-11-12 00:00,2025-11-12 16:00,H1,Naiya,SELL,53.37,12.52,1.07,3.08,11.89,15.67,4134.66,4146.74,4029.56,0.01,-12.08,126702.17000000124,SL
2025-11-12 16:00,2025-11-12 16:00,H1,Naiya Doji,SELL,69.34,15.92,1.4,3.78,44.91,50.91,4141.78,4144.52,4067.81,0.01,-2.74,126699.43000000123,SL
2025-11-12 16:00,2025-11-12 16:00,H1,Naiya Doji,SELL,69.34,15.92,1.4,3.78,44.91,50.91,4141.78,4144.52,4067.81,0.01,-2.74,126696.69000000122,SL
2025-11-12 16:00,2025-11-12 16:00,H1,Naiya Doji,SELL,69.34,15.92,1.4,3.78,44.91,50.91,4141.78,4144.52,4067.81,0.01,-2.74,126693.95000000122,SL
2025-11-12 16:00,2025-11-12 16:00,H1,Naiya Hidden,SELL,69.34,15.92,1.4,3.78,44.91,50.91,4142.63,4163.19,4056.27,0.01,-20.56,126673.39000000122,SL
2025-11-14 03:00,2025-11-14 04:00,H1,Naiya Doji,SELL,43.21,22.61,0.72,3.59,17.09,21.75,4203.37,4210.94,4168.08,0.01,-7.57,126665.82000000121,SL
2025-11-14 03:00,2025-11-14 04:00,H1,Naiya Doji,SELL,43.21,22.61,0.72,3.59,17.09,21.75,4203.37,4210.94,4168.08,0.01,-7.57,126658.25000000121,SL
2025-11-14 04:00,2025-11-14 06:00,H1,Naiya Doji,SELL,38.31,22.24,0.63,3.5,2.74,9.75,4211.4,4219.44,4193.34,0.01,18.06,126676.3100000012,TP
2025-11-14 04:00,2025-11-14 06:00,H1,Naiya Doji,SELL,38.31,22.24,0.63,3.5,2.74,9.75,4211.4,4219.44,4193.34,0.01,18.06,126694.3700000012,TP
2025-11-14 04:00,2025-11-14 08:00,H1,Naiya Doji,SELL,38.31,22.24,0.63,3.5,2.74,9.75,4211.4,4219.44,4162.83,0.01,48.57,126742.94000000121,TP
2025-11-17 04:00,2025-11-17 20:00,H1,GapSweep,BUY,40.44,25.79,-1.96,0.17,1.11,15.81,4077.81,4026.23,4310.1,0.01,-51.58,126691.36000000121,SL
2025-11-17 14:00,2025-11-19 11:00,H1,GapSweep,SELL,38.51,19.65,-1.73,-0.4,11.89,31.5,4077.81,4117.11,3827.54,0.01,-39.3,126652.0600000012,SL
2025-11-18 06:00,2025-11-18 06:00,H1,Naiya_Sweep_Far,BUY,32.9,21.0,-1.74,-1.69,8.58,17.07,4329.82,4275.51,4360.31,0.01,-54.31,126597.75000000121,SL
2025-11-18 07:00,2025-11-18 07:00,H1,Naiya Doji,BUY,33.24,20.72,-1.89,-1.93,9.92,12.84,4011.44,4287.82,4518.95,0.01,276.38,126874.13000000121,SL
2025-11-18 07:00,2025-11-18 08:00,H1,Naiya,BUY,33.24,20.72,-1.89,-1.93,9.92,12.84,4013.28,4004.83,4127.99,0.01,-8.45,126865.68000000122,SL
2025-11-18 08:00,2025-11-18 08:00,H1,Naiya Doji,BUY,32.91,20.59,-1.68,-1.82,4.67,19.56,4000.71,4304.25,4444.97,0.01,303.54,127169.22000000121,SL
2025-11-18 08:00,2025-11-18 08:00,H1,Naiya_Sweep_Far,BUY,32.91,20.59,-1.68,-1.82,4.67,19.56,4329.82,4275.51,4360.31,0.01,-54.31,127114.91000000121,SL
2025-11-18 09:00,2025-11-18 09:00,H1,Naiya_Sweep_Far,BUY,40.06,22.08,-1.04,-1.27,22.92,32.23,4329.82,4275.51,4360.31,0.01,-54.31,127060.60000000121,SL
2025-11-18 10:00,2025-11-18 10:00,H1,Naiya_Sweep_Far,BUY,43.67,22.3,-0.88,-1.19,3.48,16.93,4329.82,4275.51,4360.31,0.01,-54.31,127006.29000000122,SL
2025-11-18 11:00,2025-11-18 11:00,H1,Naiya_Sweep_Far,BUY,62.77,19.36,-0.72,-1.1,4.11,12.9,4329.82,4275.51,4360.31,0.01,-54.31,126951.98000000122,SL
2025-11-18 12:00,2025-11-18 12:00,H1,Naiya_Sweep_Far,BUY,49.28,17.63,-0.76,-1.22,4.82,13.35,4329.82,4275.51,4360.31,0.01,-54.31,126897.67000000122,SL
2025-11-18 13:00,2025-11-18 13:00,H1,Naiya_Sweep_Far,BUY,43.91,18.27,-0.87,-1.4,7.13,15.82,4329.82,4275.51,4360.31,0.01,-54.31,126843.36000000122,SL
2025-11-19 01:00,2025-11-19 10:00,H1,GapSweep,SELL,61.98,16.97,0.26,-0.61,7.49,10.86,4077.81,4111.76,3861.61,0.01,-33.95,126809.41000000123,SL
2025-11-21 03:00,2025-11-24 19:00,H1,GapSweep,SELL,48.96,21.61,-0.56,-1.3,11.26,23.33,4077.81,4121.03,3802.54,0.01,-43.22,126766.19000000122,SL
2025-11-25 16:00,2025-11-25 17:00,H1,Naiya Doji,SELL,45.65,17.84,0.63,0.6,2.45,15.96,4133.1,4138.74,4091.58,0.01,-5.64,126760.55000000123,SL
2025-11-25 16:00,2025-11-25 18:00,H1,Naiya,SELL,45.65,17.84,0.63,0.6,2.45,15.96,4129.89,4150.77,4084.14,0.01,-20.88,126739.67000000122,SL
2025-11-25 17:00,2025-11-25 17:00,H1,Naiya Doji,SELL,44.61,17.57,0.92,0.94,13.36,19.3,4133.1,4138.74,4091.58,0.01,-5.64,126734.03000000122,SL
2025-11-25 20:00,2025-11-26 03:00,H1,Naiya,SELL,43.56,19.12,0.76,0.9,0.68,11.88,4136.32,4159.32,4078.86,0.01,-23.0,126711.03000000122,SL
2025-11-26 09:00,2025-11-26 12:00,H1,Naiya Doji,SELL,59.62,11.82,0.94,1.67,3.89,13.71,4164.59,4168.72,4075.36,0.01,-4.13,126706.90000000122,SL
2025-11-26 09:00,2025-11-26 12:00,H1,Naiya,SELL,59.62,11.82,0.94,1.67,3.89,13.71,4162.26,4168.72,4075.36,0.01,-6.46,126700.44000000121,SL
2025-11-26 09:00,2025-11-26 12:00,H1,Naiya Doji,SELL,59.62,11.82,0.94,1.67,3.89,13.71,4164.59,4168.72,4075.36,0.01,-4.13,126696.3100000012,SL
2025-11-26 12:00,2025-11-26 12:00,H1,Naiya Doji,SELL,74.2,11.4,1.03,1.93,11.41,15.11,4164.59,4168.72,4102.22,0.01,-4.13,126692.1800000012,SL
2025-11-26 14:00,2025-11-26 18:00,H1,Naiya Doji,SELL,60.45,13.55,0.5,1.49,1.82,17.47,4164.59,4168.72,4102.22,0.01,-4.13,126688.0500000012,SL
2025-11-26 14:00,2025-11-28 01:00,H1,Naiya,SELL,60.45,13.55,0.5,1.49,1.82,17.47,4160.12,4172.92,4099.62,0.01,-12.8,126675.2500000012,SL
2025-11-26 16:00,2025-11-26 17:00,H1,Naiya Doji,SELL,57.49,14.94,0.71,1.79,23.12,28.98,4161.65,4168.5,4102.36,0.01,-6.85,126668.40000000119,SL
2025-11-26 16:00,2025-11-26 17:00,H1,Naiya Doji,SELL,57.49,14.94,0.71,1.79,23.12,28.98,4161.65,4168.5,4102.36,0.01,-6.85,126661.55000000118,SL
2025-11-26 20:00,2025-11-26 20:00,H1,Naiya,SELL,50.5,13.93,0.5,1.75,1.43,7.24,4167.09,4169.84,4116.17,0.01,-2.75,126658.80000000118,SL
2025-11-27 09:00,2025-11-28 01:00,H1,Naiya Doji,SELL,48.63,9.02,0.39,1.8,5.6,7.46,4165.58,4168.62,4116.92,0.01,-3.04,126655.76000000119,SL
2025-11-27 09:00,2025-11-28 01:00,H1,Naiya Doji,SELL,48.63,9.02,0.39,1.8,5.6,7.46,4165.58,4168.62,4116.92,0.01,-3.04,126652.7200000012,SL
2025-11-27 09:00,2025-11-28 01:00,H1,Naiya Doji,SELL,48.63,9.02,0.39,1.8,5.6,7.46,4165.58,4168.62,4116.92,0.01,-3.04,126649.6800000012,SL
2025-11-27 09:00,2025-11-28 01:00,H1,Naiya Doji,SELL,48.63,9.02,0.39,1.8,5.6,7.46,4165.58,4168.62,4116.92,0.01,-3.04,126646.6400000012,SL
2025-11-28 09:00,2025-11-28 09:00,H1,Naiya Doji,BUY,57.78,10.96,0.17,1.68,4.47,34.61,4154.9,4313.38,4403.87,0.01,158.48,126805.1200000012,SL
2025-11-28 09:00,2025-11-28 09:00,H1,Naiya Doji,BUY,57.78,10.96,0.17,1.68,4.47,34.61,4154.9,4315.31,4395.16,0.01,160.41,126965.5300000012,SL
2025-11-28 09:00,2025-11-28 15:00,H1,Naiya,SELL,57.78,10.96,0.17,1.68,4.47,34.61,4182.58,4188.95,4128.31,0.01,-6.37,126959.16000000121,SL
2025-11-28 10:00,2025-11-28 10:00,H1,Naiya_Sweep_Far,BUY,55.88,11.38,0.07,1.56,3.58,9.16,4329.82,4275.51,4360.31,0.01,-54.31,126904.85000000121,SL
2025-12-01 07:00,2025-12-01 09:00,H1,Naiya,SELL,72.79,18.44,1.3,2.89,7.16,14.29,4239.28,4246.95,4088.79,0.01,-7.67,126897.18000000122,SL
2025-12-05 08:00,2025-12-05 16:00,H1,GapSweep,SELL,60.4,8.39,0.43,0.97,0.02,8.31,4230.02,4246.8,4123.17,0.01,-16.78,126880.40000000122,SL
2025-12-05 16:00,2025-12-11 17:00,H1,Naiya Doji,SELL,91.14,10.62,0.8,1.29,1.16,25.11,4255.1,4264.56,4169.2,0.01,-9.46,126870.94000000121,SL
2025-12-05 16:00,2025-12-11 17:00,H1,Naiya,SELL,91.14,10.62,0.8,1.29,1.16,25.11,4246.45,4264.56,4169.2,0.01,-18.11,126852.83000000121,SL
2025-12-05 16:00,2025-12-11 17:00,H1,Naiya Doji,SELL,91.14,10.62,0.8,1.29,1.16,25.11,4255.1,4264.56,4169.2,0.01,-9.46,126843.3700000012,SL
2025-12-05 16:00,2025-12-11 17:00,H1,Naiya Doji,SELL,91.14,10.62,0.8,1.29,1.16,25.11,4255.1,4264.56,4169.2,0.01,-9.46,126833.9100000012,SL
2025-12-05 16:00,2025-12-11 17:00,H1,Naiya Doji,SELL,91.14,10.62,0.8,1.29,1.16,25.11,4255.1,4264.56,4169.2,0.01,-9.46,126824.45000000119,SL
2025-12-09 07:00,2025-12-09 07:00,H1,Naiya_Sweep_Far,BUY,49.47,9.7,-0.59,-0.44,2.33,13.95,4329.82,4275.51,4360.31,0.01,-54.31,126770.14000000119,SL
2025-12-09 08:00,2025-12-09 08:00,H1,Naiya_Sweep_Far,BUY,42.22,8.93,-0.57,-0.43,0.35,10.0,4329.82,4275.51,4360.31,0.01,-54.31,126715.8300000012,SL
2025-12-09 09:00,2025-12-09 09:00,H1,Naiya_Sweep_Far,BUY,47.54,8.89,-0.34,-0.22,9.27,9.5,4329.82,4275.51,4360.31,0.01,-54.31,126661.5200000012,SL
2025-12-09 10:00,2025-12-09 10:00,H1,Naiya_Sweep_Far,BUY,61.41,9.66,-0.06,0.05,11.22,22.06,4329.82,4275.51,4360.31,0.01,-54.31,126607.2100000012,SL
2025-12-10 09:00,2025-12-10 09:00,H1,Naiya Doji,BUY,45.46,8.03,-0.08,-0.2,5.29,9.5,4199.91,4304.33,4444.61,0.01,104.42,126711.6300000012,SL
2025-12-11 13:00,2025-12-12 10:00,H1,GapSweep,BUY,43.9,11.9,0.25,0.22,9.06,11.71,4209.18,4185.38,4316.36,0.01,107.18,126818.81000000119,TP
2025-12-11 14:00,2025-12-12 11:00,H1,GapSweep,BUY,41.13,12.46,0.25,0.23,0.58,18.15,4209.18,4184.25,4321.44,0.01,112.26,126931.07000000119,TP
2025-12-11 20:00,2025-12-11 22:00,H1,Naiya,SELL,82.62,16.25,1.33,1.46,5.29,17.87,4273.63,4281.77,4156.46,0.01,-8.14,126922.93000000119,SL
2025-12-12 06:00,2025-12-12 06:00,H1,Naiya Doji,SELL,74.09,14.3,1.19,1.56,12.55,14.52,4273.15,4276.87,4254.48,0.01,-3.72,126919.21000000119,SL
2025-12-12 06:00,2025-12-12 08:00,H1,Naiya Doji,SELL,74.09,14.3,1.19,1.56,12.55,14.52,4278.01,4283.64,4156.8,0.01,-5.63,126913.58000000118,SL
2025-12-12 06:00,2025-12-12 08:00,H1,Naiya Doji,SELL,74.09,14.3,1.19,1.56,12.55,14.52,4278.01,4283.64,4156.8,0.01,-5.63,126907.95000000118,SL
2025-12-12 06:00,2025-12-12 08:00,H1,Naiya Doji,SELL,74.09,14.3,1.19,1.56,12.55,14.52,4278.01,4283.64,4156.8,0.01,-5.63,126902.32000000117,SL
2025-12-12 06:00,2025-12-12 08:00,H1,Naiya Doji,SELL,74.09,14.3,1.19,1.56,12.55,14.52,4278.01,4283.64,4156.8,0.01,-5.63,126896.69000000117,SL
2025-12-12 14:00,2025-12-12 14:00,H1,Naiya,SELL,79.41,12.43,2.23,2.95,15.13,24.6,4329.91,4339.24,4218.54,0.01,-9.33,126887.36000000116,SL
2025-12-15 06:00,2025-12-18 17:00,H1,Naiya Doji,SELL,48.65,18.7,1.57,2.83,17.47,19.53,4342.22,4353.5,4209.72,0.01,-11.28,126876.08000000117,SL
2025-12-15 06:00,2025-12-18 17:00,H1,Naiya,SELL,48.65,18.7,1.57,2.83,17.47,19.53,4340.98,4353.5,4209.72,0.01,-12.52,126863.56000000116,SL
2025-12-15 06:00,2025-12-18 17:00,H1,Naiya Doji,SELL,48.65,18.7,1.57,2.83,17.47,19.53,4342.22,4353.5,4209.72,0.01,-11.28,126852.28000000116,SL
2025-12-15 06:00,2025-12-18 17:00,H1,Naiya Doji,SELL,48.65,18.7,1.57,2.83,17.47,19.53,4342.22,4353.5,4209.72,0.01,-11.28,126841.00000000116,SL
2025-12-15 06:00,2025-12-18 17:00,H1,Naiya Doji,SELL,48.65,18.7,1.57,2.83,17.47,19.53,4342.22,4353.5,4209.72,0.01,-11.28,126829.72000000117,SL
2025-12-16 19:00,2025-12-22 17:00,H1,GapSweep,BUY,60.71,15.79,0.05,1.63,7.74,15.41,4298.86,4267.28,4441.07,0.01,142.21,126971.93000000117,TP
2025-12-18 18:00,2025-12-22 22:00,H1,Naiya Doji,BUY,50.09,15.55,0.16,1.51,27.09,41.59,4325.05,4303.84,4446.81,0.01,121.76,127093.69000000117,TP
2025-12-18 19:00,2025-12-22 02:00,H1,Naiya,SELL,49.97,16.32,0.12,1.46,1.59,15.6,4338.11,4374.6,4267.91,0.01,-36.49,127057.20000000116,SL
2025-12-18 20:00,2025-12-23 01:00,H1,Naiya Doji,BUY,46.22,16.72,-0.04,1.28,6.73,11.94,4324.74,4298.72,4469.86,0.01,145.12,127202.32000000116,TP
2025-12-18 21:00,2025-12-18 21:00,H1,Naiya Doji,SELL,50.36,17.29,0.17,1.5,9.86,13.54,4333.93,4337.78,4290.66,0.01,-3.85,127198.47000000115,SL
2025-12-19 05:00,2025-12-22 01:00,H1,Naiya_Sweep_Far,BUY,43.99,17.02,-0.16,1.12,4.75,5.97,4329.82,4275.51,4360.31,0.01,30.49,127228.96000000116,TP
2025-12-19 14:00,2025-12-19 15:00,H1,Naiya Doji,SELL,42.18,9.71,-0.05,1.11,1.6,9.37,4335.22,4336.85,4291.24,0.01,-1.63,127227.33000000115,SL
2025-12-19 14:00,2025-12-19 15:00,H1,Naiya,SELL,42.18,9.71,-0.05,1.11,1.6,9.37,4334.56,4336.85,4291.24,0.01,-2.29,127225.04000000116,SL
2025-12-19 14:00,2025-12-19 15:00,H1,Naiya Doji,SELL,42.18,9.71,-0.05,1.11,1.6,9.37,4335.22,4336.85,4291.24,0.01,-1.63,127223.41000000115,SL
2025-12-19 14:00,2025-12-19 15:00,H1,Naiya Doji,SELL,42.18,9.71,-0.05,1.11,1.6,9.37,4335.22,4336.85,4291.24,0.01,-1.63,127221.78000000115,SL
2025-12-19 16:00,2025-12-19 16:00,H1,Naiya Doji,SELL,74.28,10.14,0.38,1.53,15.33,17.09,4335.22,4336.85,4292.27,0.01,-1.63,127220.15000000114,SL
2025-12-23 11:00,2025-12-23 12:00,H1,Naiya,SELL,73.95,12.36,1.78,3.62,3.79,8.01,4486.72,4493.27,4389.17,0.01,-6.55,127213.60000000114,SL
2025-12-23 16:00,2025-12-23 16:00,H1,Naiya Doji,BUY,38.29,15.4,0.86,2.87,12.0,28.67,4432.41,4308.2,4427.16,0.01,-5.25,127208.35000000114,TP
2025-12-23 16:00,2025-12-23 16:00,H1,Naiya Doji,BUY,38.29,15.4,0.86,2.87,12.0,28.67,4432.41,4306.06,4436.83,0.01,4.42,127212.77000000114,TP
2025-12-23 20:00,2025-12-23 21:00,H1,Naiya Doji,SELL,55.89,15.73,1.32,3.5,6.27,12.24,4485.31,4497.29,4452.34,0.01,-11.98,127200.79000000114,SL
2025-12-23 20:00,2025-12-23 21:00,H1,Naiya Doji,SELL,55.89,15.73,1.32,3.5,6.27,12.24,4485.31,4497.29,4452.34,0.01,-11.98,127188.81000000115,SL
2025-12-23 20:00,2025-12-23 21:00,H1,Naiya Doji,SELL,55.89,15.73,1.32,3.5,6.27,12.24,4485.31,4497.29,4452.34,0.01,-11.98,127176.83000000115,SL
2025-12-24 00:00,2025-12-24 00:00,H1,Naiya,SELL,54.37,17.19,1.41,3.69,15.33,23.59,4490.84,4499.86,4387.67,0.01,-9.02,127167.81000000115,SL
2025-12-24 07:00,2025-12-26 01:00,H1,Naiya,SELL,60.46,18.07,0.74,3.23,5.03,12.59,4493.21,4501.51,4386.65,0.01,-8.3,127159.51000000114,SL
2025-12-24 09:00,2025-12-24 11:00,H1,Naiya,SELL,52.97,17.75,0.42,2.91,1.42,14.59,4488.48,4498.05,4454.41,0.01,-9.57,127149.94000000114,SL
2025-12-26 00:00,2025-12-26 00:00,H1,Naiya Doji,SELL,53.13,17.25,0.37,2.93,25.41,41.01,4492.93,4496.03,4455.66,0.01,-3.1,127146.84000000113,SL
2025-12-26 00:00,2025-12-26 00:00,H1,Naiya Doji,SELL,53.13,17.25,0.37,2.93,25.41,41.01,4492.93,4496.03,4455.66,0.01,-3.1,127143.74000000113,SL
2025-12-26 00:00,2025-12-26 00:00,H1,Naiya Doji,SELL,53.13,17.25,0.37,2.93,25.41,41.01,4492.93,4496.03,4455.66,0.01,-3.1,127140.64000000112,SL
2025-12-26 01:00,2025-12-26 02:00,H1,Naiya,SELL,59.81,18.17,0.84,3.42,22.6,25.59,4511.82,4525.9,4371.58,0.01,-14.08,127126.56000000112,SL
2025-12-26 13:00,2025-12-26 14:00,H1,Naiya,SELL,65.07,16.0,0.38,2.94,0.96,8.25,4512.67,4523.68,4401.97,0.01,-11.01,127115.55000000112,SL
2025-12-26 14:00,2025-12-26 14:00,H1,Naiya Doji,SELL,65.7,14.85,0.72,3.28,16.47,24.89,4517.49,4523.68,4401.97,0.01,-6.19,127109.36000000112,SL
2025-12-26 14:00,2025-12-26 14:00,H1,Naiya Doji,SELL,65.7,14.85,0.72,3.28,16.47,24.89,4517.49,4523.68,4401.97,0.01,-6.19,127103.17000000112,SL
2025-12-29 02:00,2025-12-29 07:00,H1,Naiya Doji,SELL,43.85,21.56,-0.13,2.37,0.12,25.06,4517.49,4523.68,4490.32,0.01,27.17,127130.34000000112,TP
2025-12-29 04:00,2025-12-29 07:00,H1,Naiya Doji,SELL,52.49,22.3,0.28,2.77,4.0,10.95,4517.49,4523.68,4490.32,0.01,27.17,127157.51000000112,TP
2025-12-29 14:00,2025-12-29 14:00,H1,Naiya Doji,BUY,23.82,28.34,-1.71,0.45,42.68,60.52,4408.9,4305.44,4439.61,0.01,30.71,127188.22000000112,TP
2025-12-29 14:00,2025-12-31 06:00,H1,Naiya Doji,BUY,23.82,28.34,-1.71,0.45,42.68,60.52,4432.41,4299.02,4468.54,0.01,-133.39,127054.83000000112,SL
2025-12-29 14:00,2025-12-31 06:00,H1,Naiya Doji,BUY,23.82,28.34,-1.71,0.45,42.68,60.52,4432.41,4298.43,4471.16,0.01,-133.98,126920.85000000113,SL
2025-12-29 16:00,2025-12-29 16:00,H1,Naiya Doji,BUY,17.92,31.32,-3.73,-1.74,35.16,57.46,4328.82,4309.68,4420.53,0.01,-19.14,126901.71000000113,SL
2025-12-29 16:00,2025-12-29 16:00,H1,Naiya Doji,BUY,17.92,31.32,-3.73,-1.74,35.16,57.46,4338.48,4308.4,4426.26,0.01,-30.08,126871.63000000113,SL
2025-12-29 17:00,2025-12-30 03:00,H1,Naiya_Sweep_Far,BUY,18.26,31.64,-3.3,-1.37,16.34,24.05,4329.82,4275.51,4360.31,0.01,30.49,126902.12000000113,TP
2025-12-29 18:00,2025-12-30 03:00,H1,Naiya_Sweep_Far,BUY,16.18,32.85,-3.53,-1.68,13.54,27.85,4329.82,4275.51,4360.31,0.01,30.49,126932.61000000114,TP
2025-12-29 19:00,2025-12-30 03:00,H1,Naiya_Sweep_Far,BUY,17.15,32.87,-3.4,-1.62,3.09,11.82,4329.82,4275.51,4360.31,0.01,30.49,126963.10000000114,TP
2025-12-30 22:00,2025-12-31 06:00,H1,Naiya Doji,BUY,37.11,20.92,-1.62,-1.64,3.25,16.13,4335.23,4280.73,4550.9,0.01,-54.5,126908.60000000114,SL
2025-12-30 22:00,2026-01-12 01:00,H1,Naiya Doji,BUY,37.11,20.92,-1.62,-1.64,3.25,16.13,4335.23,4272.96,4585.89,0.01,250.66,127159.26000000114,TP
2025-12-30 22:00,2026-01-12 01:00,H1,Naiya Doji,BUY,37.11,20.92,-1.62,-1.64,3.25,16.13,4335.23,4273.82,4582.01,0.01,246.78,127406.04000000114,TP
2025-12-31 07:00,2025-12-31 07:00,H1,Naiya_Sweep_Far,BUY,40.88,26.81,-1.19,-1.88,42.18,54.45,4329.82,4275.51,4360.31,0.01,-54.31,127351.73000000115,SL
2025-12-31 08:00,2026-01-02 03:00,H1,Naiya_Sweep_Far,BUY,37.93,25.83,-1.03,-1.81,3.08,11.22,4329.82,4275.51,4360.31,0.01,30.49,127382.22000000115,TP
2025-12-31 09:00,2026-01-02 03:00,H1,Naiya_Sweep_Far,BUY,34.99,26.69,-1.49,-2.35,23.71,29.54,4329.82,4275.51,4360.31,0.01,30.49,127412.71000000116,TP
2025-12-31 10:00,2026-01-02 03:00,H1,Naiya_Sweep_Far,BUY,41.25,27.7,-0.98,-1.93,18.28,30.15,4329.82,4275.51,4360.31,0.01,30.49,127443.20000000116,TP
2026-01-02 15:00,2026-01-02 15:00,H1,Naiya,BUY,49.81,14.71,0.06,-1.35,12.45,25.55,4353.95,4344.69,4368.93,0.01,14.98,127458.18000000116,TP
2026-01-02 19:00,2026-01-06 04:00,H1,Naiya Doji,BUY,26.17,16.4,-0.71,-2.22,7.94,13.8,4314.53,4300.4,4462.29,0.01,147.76,127605.94000000115,TP
2026-01-02 19:00,2026-01-09 16:00,H1,Naiya Doji,BUY,26.17,16.4,-0.71,-2.22,7.94,13.8,4314.53,4291.58,4502.03,0.01,187.5,127793.44000000115,TP
2026-01-02 19:00,2026-01-09 16:00,H1,Naiya Doji,BUY,26.17,16.4,-0.71,-2.22,7.94,13.8,4314.53,4291.78,4501.11,0.01,186.58,127980.02000000115,TP
2026-01-02 22:00,2026-01-05 00:00,H1,GapSweep,SELL,27.78,16.56,-0.28,-1.86,0.19,6.44,4332.72,4368.13,4124.02,0.01,-35.41,127944.61000000115,SL
2026-01-07 13:00,2026-01-08 21:00,H1,Naiya Doji,BUY,29.24,16.56,-0.3,0.43,2.21,15.7,4440.65,4297.34,4476.11,0.01,35.46,127980.07000000116,TP
2026-01-08 15:00,2026-01-08 15:00,H1,Naiya Doji,SELL,36.81,15.13,-0.54,0.28,10.35,20.25,4430.75,4435.47,4403.43,0.01,-4.72,127975.35000000116,SL
2026-01-08 21:00,2026-01-08 21:00,H1,Naiya Doji,SELL,70.6,15.98,0.47,1.29,24.03,26.54,4461.5,4465.43,4372.14,0.01,-3.93,127971.42000000116,SL
2026-01-08 21:00,2026-01-08 21:00,H1,Naiya,SELL,70.6,15.98,0.47,1.29,24.03,26.54,4463.27,4465.43,4372.14,0.01,-2.16,127969.26000000116,SL
2026-01-08 21:00,2026-01-08 21:00,H1,Naiya Doji,SELL,70.6,15.98,0.47,1.29,24.03,26.54,4461.5,4465.43,4372.14,0.01,-3.93,127965.33000000117,SL
2026-01-08 21:00,2026-01-09 00:00,H1,Naiya Doji,SELL,70.6,15.98,0.47,1.29,24.03,26.54,4476.1,4480.31,4388.49,0.01,-4.21,127961.12000000116,SL
2026-01-09 06:00,2026-01-09 07:00,H1,Naiya Doji,SELL,66.76,14.0,0.35,1.15,3.58,13.45,4471.11,4476.54,4365.27,0.01,-5.43,127955.69000000117,SL
2026-01-09 06:00,2026-01-09 07:00,H1,Naiya,SELL,66.76,14.0,0.35,1.15,3.58,13.45,4468.96,4476.54,4365.27,0.01,-7.58,127948.11000000116,SL
2026-01-09 06:00,2026-01-09 07:00,H1,Naiya Doji,SELL,66.76,14.0,0.35,1.15,3.58,13.45,4471.11,4476.54,4425.1,0.01,-5.43,127942.68000000117,SL
2026-01-09 14:00,2026-01-09 14:00,H1,Naiya Doji,SELL,54.64,12.91,0.65,1.53,16.54,32.82,4473.03,4477.59,4446.38,0.01,-4.56,127938.12000000117,SL
2026-01-09 14:00,2026-01-09 14:00,H1,Naiya,SELL,54.64,12.91,0.65,1.53,16.54,32.82,4472.62,4476.21,4447.23,0.01,-3.59,127934.53000000118,SL
2026-01-12 13:00,2026-01-12 14:00,H1,Naiya,SELL,73.46,19.89,2.01,3.7,5.48,12.32,4589.15,4595.39,4374.82,0.01,-6.24,127928.29000000117,SL
2026-01-13 14:00,2026-01-13 14:00,H1,Naiya Doji,SELL,56.06,14.59,0.96,3.52,18.31,30.26,4613.81,4618.89,4397.55,0.01,-5.08,127923.21000000117,SL
2026-01-13 14:00,2026-01-13 14:00,H1,Naiya,SELL,56.06,14.59,0.96,3.52,18.31,30.26,4610.87,4618.89,4397.55,0.01,-8.02,127915.19000000117,SL
2026-01-13 14:00,2026-01-13 14:00,H1,Naiya Doji,SELL,56.06,14.59,0.96,3.52,18.31,30.26,4613.81,4618.89,4397.55,0.01,-5.08,127910.11000000116,SL
2026-01-13 14:00,2026-01-13 14:00,H1,Naiya Doji,SELL,56.06,14.59,0.96,3.52,18.31,30.26,4613.81,4618.89,4397.55,0.01,-5.08,127905.03000000116,SL
2026-01-13 14:00,2026-01-13 14:00,H1,Naiya Doji,SELL,56.06,14.59,0.96,3.52,18.31,30.26,4613.81,4618.89,4397.55,0.01,-5.08,127899.95000000116,SL
2026-01-14 02:00,2026-01-14 02:00,H1,Naiya Doji,SELL,62.22,20.07,0.59,3.35,10.18,13.72,4613.81,4618.89,4545.71,0.01,-5.08,127894.87000000116,SL
2026-01-14 02:00,2026-01-14 02:00,H1,Naiya Doji,SELL,62.22,20.07,0.59,3.35,10.18,13.72,4613.81,4618.89,4545.71,0.01,-5.08,127889.79000000116,SL
2026-01-14 02:00,2026-01-14 02:00,H1,Naiya Doji,SELL,62.22,20.07,0.59,3.35,10.18,13.72,4613.81,4618.89,4545.71,0.01,-5.08,127884.71000000116,SL
2026-01-14 02:00,2026-01-14 02:00,H1,Naiya Doji,SELL,62.22,20.07,0.59,3.35,10.18,13.72,4613.81,4618.89,4545.71,0.01,-5.08,127879.63000000115,SL
2026-01-14 04:00,2026-01-19 00:00,H1,Naiya Hidden,SELL,62.81,19.97,0.69,3.48,7.85,16.58,4629.85,4657.23,4522.02,0.01,-27.38,127852.25000000115,SL
2026-01-14 07:00,2026-01-14 07:00,H1,Naiya,SELL,57.72,17.15,0.82,3.57,17.36,18.79,4628.28,4630.44,4531.45,0.01,-2.16,127850.09000000115,SL
2026-01-15 07:00,2026-01-15 11:00,H1,Naiya,SELL,46.12,18.07,-0.01,2.28,15.08,18.35,4600.15,4614.72,4541.17,0.01,-14.57,127835.52000000114,SL
2026-01-15 17:00,2026-01-15 17:00,H1,Naiya Doji,SELL,51.05,16.94,-0.2,1.87,9.88,23.42,4619.28,4622.98,4555.17,0.01,-3.7,127831.82000000114,SL
2026-01-15 17:00,2026-01-15 17:00,H1,Naiya Doji,SELL,51.05,16.94,-0.2,1.87,9.88,23.42,4619.28,4622.98,4555.17,0.01,-3.7,127828.12000000114,SL
2026-01-15 17:00,2026-01-16 16:00,H1,Naiya Hidden,SELL,51.05,16.94,-0.2,1.87,9.88,23.42,4619.83,4644.3,4542.0,0.01,77.83,127905.95000000115,TP
2026-01-15 19:00,2026-01-16 16:00,H1,Naiya Doji,SELL,60.11,15.9,0.06,2.09,1.01,7.57,4619.28,4622.98,4555.17,0.01,64.11,127970.06000000115,TP
2026-01-16 00:00,2026-01-16 16:00,H1,Naiya Doji,SELL,52.4,15.21,-0.11,1.84,8.62,14.1,4617.18,4621.56,4556.05,0.01,61.13,128031.19000000115,TP
2026-01-19 00:00,2026-01-19 00:00,H1,Naiya,SELL,66.71,27.13,1.44,2.8,33.98,53.84,4635.08,4642.86,4523.78,0.01,-7.78,128023.41000000115,SL
2026-01-19 00:00,2026-01-19 00:00,H1,Naiya Doji,SELL,66.71,27.13,1.44,2.8,33.98,53.84,4617.18,4621.56,4572.6,0.01,-4.38,128019.03000000115,SL
2026-01-19 00:00,2026-01-19 00:00,H1,Naiya,SELL,66.71,27.13,1.44,2.8,33.98,53.84,4601.92,4614.75,4576.81,0.01,-12.83,128006.20000000115,SL
2026-01-19 00:00,2026-01-19 00:00,H1,Naiya Doji,SELL,66.71,27.13,1.44,2.8,33.98,53.84,4617.18,4621.56,4572.6,0.01,-4.38,128001.82000000114,SL
2026-01-19 06:00,2026-01-20 05:00,H1,Naiya,SELL,64.33,26.45,1.27,2.6,6.86,11.28,4672.34,4682.0,4447.0,0.01,-9.66,127992.16000000114,SL
2026-01-19 09:00,2026-01-19 19:00,H1,Naiya,SELL,73.85,20.01,1.04,2.4,1.21,11.99,4669.84,4679.01,4448.85,0.01,-9.17,127982.99000000114,SL
2026-01-20 02:00,2026-01-20 04:00,H1,Naiya,SELL,54.44,9.71,0.81,2.23,9.3,16.14,4676.16,4680.29,4636.54,0.01,-4.13,127978.86000000114,SL
2026-01-20 04:00,2026-01-20 04:00,H1,Naiya Doji,SELL,61.31,9.99,0.98,2.42,11.51,15.45,4677.03,4680.29,4636.54,0.01,-3.26,127975.60000000114,SL
2026-01-20 04:00,2026-01-20 04:00,H1,Naiya Doji,SELL,61.31,9.99,0.98,2.42,11.51,15.45,4677.03,4680.29,4636.54,0.01,-3.26,127972.34000000115,SL
2026-01-20 04:00,2026-01-20 04:00,H1,Naiya Doji,SELL,61.31,9.99,0.98,2.42,11.51,15.45,4677.03,4680.29,4636.54,0.01,-3.26,127969.08000000115,SL
2026-01-20 22:00,2026-01-21 00:00,H1,Naiya Doji,SELL,77.53,16.31,1.7,3.65,6.62,7.73,4761.38,4766.27,4593.5,0.01,-4.89,127964.19000000115,SL
2026-01-20 22:00,2026-01-21 00:00,H1,Naiya,SELL,77.53,16.31,1.7,3.65,6.62,7.73,4759.39,4766.27,4593.5,0.01,-6.88,127957.31000000115,SL
2026-01-21 09:00,2026-01-21 14:00,H1,Naiya,SELL,81.96,23.62,2.71,5.18,0.63,18.07,4866.02,4878.23,4614.33,0.01,-12.21,127945.10000000114,SL
2026-01-21 15:00,2026-01-21 15:00,H1,Naiya Doji,BUY,69.73,26.54,2.14,4.84,27.26,41.34,4844.91,4281.33,4548.2,0.01,-296.71,127648.39000000113,TP
2026-01-21 15:00,2026-01-21 15:00,H1,Naiya Doji,BUY,69.73,26.54,2.14,4.84,27.26,41.34,4844.91,4281.05,4549.45,0.01,-295.46,127352.93000000113,TP
2026-01-21 16:00,2026-01-22 16:00,H1,Naiya Doji,SELL,55.03,26.17,1.97,4.71,4.27,55.48,4863.07,4870.88,4670.75,0.01,-7.81,127345.12000000113,SL
2026-01-21 16:00,2026-01-22 17:00,H1,Naiya,SELL,55.03,26.17,1.97,4.71,4.27,55.48,4865.13,4880.25,4664.96,0.01,-15.12,127330.00000000114,SL
2026-01-22 16:00,2026-01-22 16:00,H1,Naiya Doji,SELL,77.67,19.28,1.17,4.34,36.39,46.69,4863.07,4870.88,4670.75,0.01,-7.81,127322.19000000114,SL
2026-01-22 16:00,2026-01-22 16:00,H1,Naiya Doji,SELL,77.67,19.28,1.17,4.34,36.39,46.69,4863.07,4870.88,4670.75,0.01,-7.81,127314.38000000114,SL
2026-01-22 16:00,2026-01-22 16:00,H1,Naiya Doji,SELL,77.67,19.28,1.17,4.34,36.39,46.69,4863.07,4870.88,4670.75,0.01,-7.81,127306.57000000114,SL
2026-01-23 08:00,2026-01-23 17:00,H1,Naiya,SELL,74.14,20.3,1.64,5.29,9.31,16.35,4956.25,4967.2,4714.13,0.01,-10.95,127295.62000000114,SL
2026-01-23 16:00,2026-01-23 17:00,H1,Naiya Doji,SELL,52.85,20.74,1.72,5.34,17.33,24.98,4960.89,4967.2,4714.13,0.01,-6.31,127289.31000000115,SL
2026-01-23 16:00,2026-01-23 17:00,H1,Naiya Doji,SELL,52.85,20.74,1.72,5.34,17.33,24.98,4960.89,4967.2,4714.13,0.01,-6.31,127283.00000000115,SL
2026-01-23 16:00,2026-01-23 17:00,H1,Naiya Doji,SELL,52.85,20.74,1.72,5.34,17.33,24.98,4960.89,4967.2,4714.13,0.01,-6.31,127276.69000000115,SL
2026-01-23 16:00,2026-01-23 17:00,H1,Naiya Doji,SELL,52.85,20.74,1.72,5.34,17.33,24.98,4960.89,4967.2,4714.13,0.01,-6.31,127270.38000000115,SL
2026-01-26 15:00,2026-01-26 17:00,H1,Naiya Doji,SELL,70.49,26.43,2.42,7.09,27.48,38.58,5086.87,5098.33,4871.78,0.01,-11.46,127258.92000000115,SL
2026-01-27 06:00,2026-01-27 21:00,H1,Naiya Doji,SELL,47.63,38.86,1.19,6.12,15.12,28.03,5085.18,5105.01,5020.02,0.01,-19.83,127239.09000000115,SL
2026-01-27 06:00,2026-01-27 21:00,H1,Naiya Doji,SELL,47.63,38.86,1.19,6.12,15.12,28.03,5085.18,5105.01,5020.02,0.01,-19.83,127219.26000000114,SL
2026-01-27 06:00,2026-01-27 21:00,H1,Naiya Doji,SELL,47.63,38.86,1.19,6.12,15.12,28.03,5085.18,5105.01,5020.02,0.01,-19.83,127199.43000000114,SL
2026-01-27 07:00,2026-01-27 08:00,H1,Naiya Doji,SELL,49.05,38.43,1.2,6.12,2.82,17.23,5086.87,5098.33,5024.14,0.01,-11.46,127187.97000000114,SL
2026-01-27 07:00,2026-01-27 21:00,H1,Naiya,SELL,49.05,38.43,1.2,6.12,2.82,17.23,5089.55,5104.97,5020.04,0.01,-15.42,127172.55000000114,SL
2026-01-27 10:00,2026-01-27 17:00,H1,Naiya Doji,SELL,55.81,34.63,1.3,6.24,19.5,21.69,5091.28,5100.84,4921.65,0.01,-9.56,127162.99000000114,SL
2026-01-27 19:00,2026-01-27 21:00,H1,Naiya Doji,SELL,56.38,22.7,0.55,5.56,6.74,19.17,5093.22,5103.14,5011.98,0.01,-9.92,127153.07000000114,SL
2026-01-28 16:00,2026-01-28 19:00,H1,Naiya Doji,SELL,70.45,30.1,2.71,8.1,7.69,62.33,5296.11,5311.49,4930.98,0.01,-15.38,127137.69000000114,SL
2026-01-28 16:00,2026-01-28 19:00,H1,Naiya,SELL,70.45,30.1,2.71,8.1,7.69,62.33,5290.49,5311.49,4930.98,0.01,-21.0,127116.69000000114,SL
2026-01-28 16:00,2026-01-28 19:00,H1,Naiya Doji,SELL,70.45,30.1,2.71,8.1,7.69,62.33,5296.11,5311.49,4930.98,0.01,-15.38,127101.31000000113,SL
2026-01-28 16:00,2026-01-28 19:00,H1,Naiya Doji,SELL,70.45,30.1,2.71,8.1,7.69,62.33,5296.11,5311.49,4930.98,0.01,-15.38,127085.93000000113,SL
2026-01-28 16:00,2026-01-28 19:00,H1,Naiya Doji,SELL,70.45,30.1,2.71,8.1,7.69,62.33,5296.11,5311.49,4930.98,0.01,-15.38,127070.55000000112,SL
2026-01-29 12:00,2026-01-29 13:00,H1,Naiya,SELL,71.99,61.53,4.37,11.22,38.98,57.88,5509.89,5529.71,5054.37,0.01,-19.82,127050.73000000112,SL
2026-01-29 20:00,2026-01-29 20:00,H1,Naiya Doji,BUY,31.07,83.38,-0.61,6.21,33.3,55.11,5297.3,4167.3,5061.7,0.01,-235.6,126815.13000000111,TP
2026-01-30 03:00,2026-01-30 03:00,H1,Naiya Doji,BUY,34.12,107.3,-2.6,4.2,74.05,200.22,5267.1,4163.07,5080.76,0.01,-186.34,126628.79000000111,TP
2026-01-30 16:00,2026-01-30 18:00,H1,GapSweep,BUY,30.46,98.82,-5.3,0.1,17.12,93.19,5023.23,4825.59,5913.27,0.01,-197.64,126431.15000000111,SL
2026-01-30 19:00,2026-01-30 19:00,H1,Naiya Doji,BUY,27.72,112.42,-8.1,-3.34,30.08,213.43,4754.03,4276.74,4568.85,0.01,-185.18,126245.97000000112,TP
2026-01-30 19:00,2026-01-30 19:00,H1,Naiya Doji,BUY,27.72,112.42,-8.1,-3.34,30.08,213.43,4754.03,4277.48,4565.54,0.01,-188.49,126057.48000000112,TP
2026-02-02 00:00,2026-03-02 00:00,H1,Naiya Doji,BUY,29.71,125.12,-10.14,-6.16,87.65,139.55,4787.07,4097.81,5374.66,0.01,587.59,126645.07000000111,TP
2026-02-05 06:00,2026-02-06 01:00,H1,GapSweep,BUY,41.5,68.27,-1.15,-3.26,32.4,79.9,4828.28,4691.74,5443.18,0.01,-136.54,126508.53000000112,SL
2026-02-09 19:00,2026-02-09 21:00,H1,Naiya,SELL,60.13,30.23,2.66,0.9,16.54,19.91,5059.01,5080.43,4921.9,0.01,-21.42,126487.11000000112,SL
2026-02-10 05:00,2026-02-10 10:00,H1,Naiya,SELL,55.67,31.0,1.17,0.48,1.55,16.09,5032.98,5056.36,4936.77,0.01,-23.38,126463.73000000112,SL
2026-02-10 07:00,2026-02-10 10:00,H1,Naiya Doji,SELL,40.79,29.64,0.84,0.38,14.88,26.58,5044.11,5056.36,4936.77,0.01,-12.25,126451.48000000112,SL
2026-02-10 07:00,2026-02-10 10:00,H1,Naiya Doji,SELL,40.79,29.64,0.84,0.38,14.88,26.58,5044.11,5056.36,4936.77,0.01,-12.25,126439.23000000112,SL
2026-02-10 09:00,2026-02-10 10:00,H1,Naiya Doji,SELL,48.66,28.56,1.01,0.78,8.44,25.97,5044.11,5056.36,4936.77,0.01,-12.25,126426.98000000112,SL
2026-02-10 14:00,2026-02-10 14:00,H1,Naiya,SELL,56.88,25.16,0.82,1.1,18.96,32.0,5046.98,5057.56,4943.47,0.01,-10.58,126416.40000000111,SL
2026-02-10 14:00,2026-02-10 15:00,H1,Naiya Doji,SELL,56.88,25.16,0.82,1.1,18.96,32.0,5051.9,5063.22,4939.98,0.01,-11.32,126405.08000000111,SL
2026-02-10 15:00,2026-02-11 11:00,H1,Naiya,SELL,57.57,26.47,0.53,0.91,11.36,57.64,5074.72,5086.49,4918.15,0.01,-11.77,126393.3100000011,SL
2026-02-11 00:00,2026-02-11 06:00,H1,Naiya Doji,SELL,49.95,27.65,0.28,1.37,10.01,26.16,5051.9,5063.22,4939.98,0.01,-11.32,126381.9900000011,SL
2026-02-11 00:00,2026-02-11 06:00,H1,Naiya Doji,SELL,49.95,27.65,0.28,1.37,10.01,26.16,5051.9,5063.22,4979.42,0.01,-11.32,126370.67000000109,SL
2026-02-11 00:00,2026-02-11 06:00,H1,Naiya Doji,SELL,49.95,27.65,0.28,1.37,10.01,26.16,5051.9,5063.22,4979.42,0.01,-11.32,126359.35000000108,SL
2026-02-11 00:00,2026-02-11 11:00,H1,Naiya Doji,SELL,49.95,27.65,0.28,1.37,10.01,26.16,5049.8,5078.62,4969.91,0.01,-28.82,126330.53000000108,SL
2026-02-11 17:00,2026-02-11 17:00,H1,Naiya Doji,BUY,56.4,32.96,0.54,2.67,14.94,35.07,5047.72,4265.32,4620.28,0.01,-427.44,125903.09000000107,TP
2026-02-12 00:00,2026-02-12 00:00,H1,Naiya Doji,BUY,52.06,36.88,0.19,2.47,36.91,47.66,5053.22,4263.9,4626.69,0.01,-426.53,125476.56000000107,TP
2026-02-12 00:00,2026-02-12 00:00,H1,Naiya Doji,BUY,52.06,36.88,0.19,2.47,36.91,47.66,5054.69,4261.82,4636.03,0.01,-418.66,125057.90000000107,TP
2026-02-12 00:00,2026-02-12 00:00,H1,Naiya Doji,BUY,52.06,36.88,0.19,2.47,36.91,47.66,5053.22,4260.15,4643.58,0.01,-409.64,124648.26000000107,TP
2026-02-12 00:00,2026-02-12 00:00,H1,Naiya Doji,BUY,52.06,36.88,0.19,2.47,36.91,47.66,5053.22,4260.64,4641.34,0.01,-411.88,124236.38000000107,TP
2026-02-12 01:00,2026-02-12 01:00,H1,Naiya Doji,BUY,49.95,36.38,0.22,2.51,1.46,17.86,5053.22,4256.05,4662.02,0.01,-391.2,123845.18000000107,TP
2026-02-12 02:00,2026-02-12 02:00,H1,Naiya Doji,BUY,39.83,34.99,0.25,2.54,0.86,19.13,5053.22,4257.06,4657.5,0.01,-395.72,123449.46000000107,TP
2026-02-12 05:00,2026-02-12 05:00,H1,Naiya Doji,BUY,51.69,26.65,0.34,2.67,12.78,18.99,5053.22,4259.83,4645.0,0.01,-408.22,123041.24000000107,TP
2026-02-12 05:00,2026-02-12 05:00,H1,Naiya Doji,BUY,51.69,26.65,0.34,2.67,12.78,18.99,5054.7,4262.18,4634.42,0.01,-420.28,122620.96000000107,TP
2026-02-12 07:00,2026-02-12 07:00,H1,Naiya Doji,BUY,49.91,23.3,0.11,2.46,15.87,29.13,5054.7,4276.52,4569.85,0.01,-484.85,122136.11000000106,TP
2026-02-12 07:00,2026-02-12 07:00,H1,Naiya Doji,BUY,49.91,23.3,0.11,2.46,15.87,29.13,5054.7,4281.28,4548.39,0.01,-506.31,121629.80000000107,TP
2026-02-12 09:00,2026-02-12 09:00,H1,Naiya Doji,BUY,38.1,21.16,0.26,2.63,4.27,20.97,5053.22,4286.16,4526.42,0.01,-526.8,121103.00000000106,TP
2026-02-12 13:00,2026-02-12 13:00,H1,Naiya Doji,BUY,36.15,20.27,-0.1,2.25,11.22,19.75,5054.7,4287.49,4520.44,0.01,-534.26,120568.74000000107,TP
2026-02-12 13:00,2026-02-12 13:00,H1,Naiya Doji,BUY,36.15,20.27,-0.1,2.25,11.22,19.75,5054.7,4289.05,4513.43,0.01,-541.27,120027.47000000106,TP
2026-02-12 13:00,2026-02-12 13:00,H1,Naiya Doji,BUY,36.15,20.27,-0.1,2.25,11.22,19.75,5053.22,4288.48,4515.99,0.01,-537.23,119490.24000000107,TP
2026-02-12 13:00,2026-02-12 13:00,H1,Naiya Doji,BUY,36.15,20.27,-0.1,2.25,11.22,19.75,5053.22,4288.85,4514.34,0.01,-538.88,118951.36000000106,TP
2026-02-12 15:00,2026-02-12 15:00,H1,Naiya Doji,BUY,43.41,20.63,-0.27,2.05,30.76,38.35,5054.7,4291.49,4502.43,0.01,-552.27,118399.09000000106,TP
2026-02-12 15:00,2026-02-12 15:00,H1,Naiya,BUY,43.41,20.63,-0.27,2.05,30.76,38.35,5063.97,5048.86,5100.65,0.01,-15.11,118383.98000000106,SL
2026-02-13 05:00,2026-02-20 20:00,H1,GapSweep,SELL,33.46,45.06,-1.24,0.29,5.16,24.43,4986.54,5076.67,4412.55,0.01,-90.13,118293.85000000105,SL
2026-02-16 11:00,2026-02-20 15:00,H1,GapSweep,SELL,43.45,21.39,0.19,0.35,7.47,16.93,5014.28,5057.06,4741.86,0.01,-42.78,118251.07000000105,SL
2026-02-17 02:00,2026-02-17 02:00,H1,Naiya Doji,BUY,31.26,18.36,-0.55,-0.6,21.87,40.88,4929.39,4239.45,4736.79,0.01,-192.6,118058.47000000105,TP
2026-02-17 02:00,2026-02-17 02:00,H1,Naiya Doji,BUY,31.26,18.36,-0.55,-0.6,21.87,40.88,4929.39,4237.97,4743.45,0.01,-185.94,117872.53000000105,TP
2026-02-17 02:00,2026-02-17 02:00,H1,Naiya Doji,BUY,31.26,18.36,-0.55,-0.6,21.87,40.88,4929.39,4238.58,4740.71,0.01,-188.68,117683.85000000105,TP
2026-02-17 02:00,2026-02-17 02:00,H1,Naiya Doji,BUY,31.26,18.36,-0.55,-0.6,21.87,40.88,4929.39,4239.69,4735.69,0.01,-193.7,117490.15000000106,TP
2026-02-18 00:00,2026-02-18 00:00,H1,Naiya Doji,BUY,35.23,29.92,-2.02,-2.43,6.51,30.38,4860.78,4258.77,4649.79,0.01,-210.99,117279.16000000105,TP
2026-02-18 00:00,2026-02-18 00:00,H1,Naiya Doji,BUY,35.23,29.92,-2.02,-2.43,6.51,30.38,4860.78,4268.99,4603.76,0.01,-257.02,117022.14000000105,TP
2026-02-18 00:00,2026-02-18 00:00,H1,Naiya Doji,BUY,35.23,29.92,-2.02,-2.43,6.51,30.38,4860.78,4271.41,4592.87,0.01,-267.91,116754.23000000104,TP
2026-02-18 00:00,2026-02-20 21:00,H1,Naiya,BUY,35.23,29.92,-2.02,-2.43,6.51,30.38,4869.33,4850.35,5093.65,0.01,224.32,116978.55000000105,TP
2026-02-20 02:00,2026-02-20 15:00,H1,GapSweep,SELL,51.39,20.67,0.61,-0.02,9.43,19.35,5014.28,5055.62,4750.97,0.01,-41.34,116937.21000000105,SL
2026-02-20 13:00,2026-02-23 15:00,H1,GapSweep,BUY,59.9,18.88,0.7,0.56,7.92,19.34,5014.28,4976.53,5184.29,0.01,170.01,117107.22000000105,TP
2026-02-20 21:00,2026-02-20 21:00,H1,Naiya Doji,SELL,72.49,25.28,1.78,1.99,17.78,21.33,5085.88,5094.37,4972.94,0.01,-8.49,117098.73000000104,SL
2026-02-20 21:00,2026-02-20 21:00,H1,Naiya Doji,SELL,72.49,25.28,1.78,1.99,17.78,21.33,5085.88,5094.37,4972.94,0.01,-8.49,117090.24000000104,SL
2026-02-20 21:00,2026-02-20 21:00,H1,Naiya Doji,SELL,72.49,25.28,1.78,1.99,17.78,21.33,5085.88,5094.37,4972.94,0.01,-8.49,117081.75000000103,SL
2026-02-20 21:00,2026-02-20 21:00,H1,Naiya Doji,SELL,72.49,25.28,1.78,1.99,17.78,21.33,5085.88,5094.37,4972.94,0.01,-8.49,117073.26000000103,SL
2026-02-20 21:00,2026-02-20 21:00,H1,Naiya Doji,SELL,72.49,25.28,1.78,1.99,17.78,21.33,5085.88,5094.37,4972.94,0.01,-8.49,117064.77000000102,SL
2026-02-24 14:00,2026-02-24 14:00,H1,Naiya Doji,BUY,17.86,25.81,-0.63,1.85,35.55,50.02,5132.28,4286.17,4526.41,0.01,-605.87,116458.90000000103,TP
2026-02-27 14:00,2026-02-27 17:00,H1,Naiya,SELL,64.49,17.71,0.74,2.79,35.61,53.72,5234.29,5249.74,5043.72,0.01,-15.45,116443.45000000103,SL
2026-02-27 16:00,2026-02-27 17:00,H1,Naiya Doji,SELL,68.8,17.79,1.01,3.06,15.49,31.7,5241.97,5249.74,5043.72,0.01,-7.77,116435.68000000103,SL
2026-02-27 16:00,2026-02-27 17:00,H1,Naiya Doji,SELL,68.8,17.79,1.01,3.06,15.49,31.7,5241.97,5249.74,5043.72,0.01,-7.77,116427.91000000102,SL
2026-02-27 16:00,2026-02-27 17:00,H1,Naiya Doji,SELL,68.8,17.79,1.01,3.06,15.49,31.7,5241.97,5249.74,5043.72,0.01,-7.77,116420.14000000102,SL
2026-02-27 16:00,2026-02-27 17:00,H1,Naiya Doji,SELL,68.8,17.79,1.01,3.06,15.49,31.7,5241.97,5249.74,5043.72,0.01,-7.77,116412.37000000101,SL
2026-03-03 02:00,2026-03-18 12:00,H1,GapSweep,SELL,38.34,33.75,1.06,3.63,11.15,41.73,5359.22,5426.71,4929.37,0.01,429.85,116842.22000000102,TP
2026-03-03 10:00,2026-03-03 10:00,H1,Naiya Doji,BUY,40.89,33.41,-0.58,2.09,20.52,77.71,5228.88,4273.29,4584.41,0.01,-644.47,116197.75000000102,TP
2026-03-03 12:00,2026-03-03 12:00,H1,Naiya Doji,BUY,21.96,47.75,-3.05,-0.47,103.19,189.18,5116.68,4280.55,4551.71,0.01,-564.97,115632.78000000102,TP
2026-03-03 12:00,2026-03-03 12:00,H1,Naiya Doji,BUY,21.96,47.75,-3.05,-0.47,103.19,189.18,5174.86,4298.57,4470.53,0.01,-704.33,114928.45000000102,TP
2026-03-03 12:00,2026-03-03 12:00,H1,Naiya Doji,BUY,21.96,47.75,-3.05,-0.47,103.19,189.18,5174.86,4300.03,4463.97,0.01,-710.89,114217.56000000102,TP
2026-03-03 12:00,2026-03-03 12:00,H1,Naiya Doji,BUY,21.96,47.75,-3.05,-0.47,103.19,189.18,5174.86,4294.41,4489.3,0.01,-685.56,113532.00000000102,TP
2026-03-03 20:00,2026-03-05 16:00,H1,Naiya,BUY,34.18,76.59,-3.41,-1.19,22.76,49.22,5106.79,5065.43,5567.29,0.01,-41.36,113490.64000000102,SL
2026-03-05 14:00,2026-03-05 14:00,H1,Naiya Doji,BUY,34.58,26.48,-0.67,-1.64,44.44,81.82,5096.99,4176.27,5021.31,0.01,-75.68,113414.96000000103,TP
2026-03-05 14:00,2026-03-05 14:00,H1,Naiya,BUY,34.58,26.48,-0.67,-1.64,44.44,81.82,5096.99,5083.45,5491.93,0.01,-13.54,113401.42000000103,SL
2026-03-05 14:00,2026-03-05 14:00,H1,Naiya Doji,BUY,34.58,26.48,-0.67,-1.64,44.44,81.82,5096.99,4182.43,4993.58,0.01,-103.41,113298.01000000103,TP
2026-03-05 14:00,2026-03-05 14:00,H1,Naiya Doji,BUY,34.58,26.48,-0.67,-1.64,44.44,81.82,5096.99,4183.84,4987.22,0.01,-109.77,113188.24000000102,TP
2026-03-06 02:00,2026-03-06 02:00,H1,Naiya Doji,BUY,41.97,36.25,-0.15,-1.25,50.75,77.18,5068.27,4264.02,4626.13,0.01,-442.14,112746.10000000102,TP
2026-03-06 10:00,2026-03-06 12:00,H1,Naiya,BUY,55.78,23.35,-1.01,-2.15,23.48,25.97,5086.1,5074.25,5245.95,0.01,-11.85,112734.25000000102,SL
2026-03-06 12:00,2026-03-06 12:00,H1,Naiya Doji,BUY,50.16,23.05,-1.12,-2.29,13.94,36.81,5068.27,4257.31,4656.34,0.01,-411.93,112322.32000000103,TP
2026-03-06 12:00,2026-03-06 12:00,H1,Naiya Doji,BUY,50.16,23.05,-1.12,-2.29,13.94,36.81,5068.27,4256.54,4659.84,0.01,-408.43,111913.89000000103,TP
2026-03-06 12:00,2026-03-06 12:00,H1,Naiya Doji,BUY,50.16,23.05,-1.12,-2.29,13.94,36.81,5068.27,4255.59,4664.12,0.01,-404.15,111509.74000000104,TP
2026-03-06 12:00,2026-03-06 12:00,H1,Naiya Doji,BUY,50.16,23.05,-1.12,-2.29,13.94,36.81,5068.27,4265.86,4617.86,0.01,-450.41,111059.33000000103,TP
2026-03-09 00:00,2026-03-09 00:00,H1,Naiya Doji,BUY,47.78,37.73,-1.01,-2.25,54.73,90.88,5068.27,4271.5,4592.45,0.01,-475.82,110583.51000000103,TP
2026-03-09 00:00,2026-03-09 00:00,H1,Naiya Doji,BUY,47.78,37.73,-1.01,-2.25,54.73,90.88,5098.23,4276.41,4570.34,0.01,-527.89,110055.62000000103,TP
2026-03-09 00:00,2026-03-09 00:00,H1,Naiya Doji,BUY,47.78,37.73,-1.01,-2.25,54.73,90.88,5098.23,4274.9,4577.16,0.01,-521.07,109534.55000000102,TP
2026-03-09 00:00,2026-03-09 00:00,H1,Naiya Doji,BUY,47.78,37.73,-1.01,-2.25,54.73,90.88,5098.23,4273.98,4581.28,0.01,-516.95,109017.60000000102,TP
2026-03-09 00:00,2026-03-09 01:00,H1,Naiya Hidden,BUY,47.78,37.73,-1.01,-2.25,54.73,90.88,5077.08,5033.34,5212.13,0.01,-43.74,108973.86000000102,SL
2026-03-09 08:00,2026-03-09 11:00,H1,Naiya,BUY,42.57,40.02,-0.32,-1.75,1.05,19.29,5091.42,5085.34,5231.11,0.01,-6.08,108967.78000000102,SL
2026-03-10 08:00,2026-03-12 16:00,H1,GapSweep,BUY,68.62,23.16,1.2,-0.06,5.63,22.77,5164.94,5118.62,5373.52,0.01,-46.32,108921.46000000101,SL
2026-03-10 13:00,2026-03-12 16:00,H1,GapSweep,BUY,61.16,21.51,1.18,0.06,11.77,27.03,5164.94,5121.92,5358.65,0.01,-43.02,108878.440000001,SL
2026-03-11 14:00,2026-03-12 16:00,H1,GapSweep,BUY,39.35,21.24,0.15,-0.18,9.55,33.66,5164.94,5122.46,5356.22,0.01,-42.48,108835.96000000101,SL
2026-03-11 17:00,2026-03-12 16:00,H1,GapSweep,BUY,27.88,20.12,0.02,-0.2,9.36,14.23,5164.94,5124.7,5346.13,0.01,-40.24,108795.720000001,SL
2026-03-12 02:00,2026-03-12 08:00,H1,Naiya Doji,SELL,44.62,23.64,-0.28,-0.32,15.66,21.27,5167.78,5181.02,5129.83,0.01,-13.24,108782.480000001,SL
2026-03-12 02:00,2026-03-12 08:00,H1,Naiya Doji,SELL,44.62,23.64,-0.28,-0.32,15.66,21.27,5167.78,5181.02,5129.83,0.01,-13.24,108769.240000001,SL
2026-03-12 07:00,2026-03-12 08:00,H1,Naiya Doji,SELL,49.96,21.53,-0.32,-0.34,11.75,22.96,5167.78,5181.02,5129.83,0.01,-13.24,108756.00000000099,SL
2026-03-12 08:00,2026-03-12 16:00,H1,Naiya Doji,SELL,51.82,21.99,-0.03,-0.03,15.88,20.69,5185.25,5196.27,5120.4,0.01,64.85,108820.850000001,TP
2026-03-12 13:00,2026-03-12 16:00,H1,GapSweep,BUY,65.66,19.68,-0.05,-0.01,2.48,21.76,5164.94,5125.57,5342.23,0.01,-39.37,108781.480000001,SL
2026-03-13 15:00,2026-03-13 15:00,H1,Naiya Doji,BUY,28.36,22.14,-1.84,-2.13,60.33,71.82,5051.25,4240.99,4729.87,0.01,-321.38,108460.100000001,TP
2026-03-13 15:00,2026-03-13 15:00,H1,Naiya Doji,BUY,28.36,22.14,-1.84,-2.13,60.33,71.82,5051.25,4247.4,4700.98,0.01,-350.27,108109.83000000099,TP
2026-03-13 15:00,2026-03-13 15:00,H1,Naiya Doji,BUY,28.36,22.14,-1.84,-2.13,60.33,71.82,5051.25,4252.95,4676.0,0.01,-375.25,107734.58000000099,TP
2026-03-13 15:00,2026-03-13 15:00,H1,Naiya Doji,BUY,28.36,22.14,-1.84,-2.13,60.33,71.82,5051.25,4250.58,4686.68,0.01,-364.57,107370.01000000098,TP
2026-03-13 15:00,2026-03-13 15:00,H1,Naiya Doji,BUY,28.36,22.14,-1.84,-2.13,60.33,71.82,5051.25,4246.74,4703.96,0.01,-347.29,107022.72000000099,TP
2026-03-16 05:00,2026-03-16 08:00,H1,Naiya,BUY,29.54,32.68,-1.68,-2.34,6.48,13.87,5016.04,4997.81,5198.33,0.01,-18.23,107004.490000001,SL
2026-03-16 12:00,2026-03-19 12:00,H1,GapSweep,SELL,43.53,28.07,-1.56,-2.58,1.74,30.08,5014.83,5070.97,4657.32,0.01,357.51,107362.00000000099,TP
2026-03-16 15:00,2026-03-16 15:00,H1,Naiya Doji,BUY,41.87,26.55,-1.38,-2.57,33.57,49.81,5011.67,4278.98,4558.79,0.01,-452.88,106909.12000000098,TP
2026-03-16 15:00,2026-03-18 11:00,H1,Naiya,BUY,41.87,26.55,-1.38,-2.57,33.57,49.81,4991.05,4972.64,5075.53,0.01,-18.41,106890.71000000098,SL
2026-03-16 21:00,2026-03-19 09:00,H1,GapSweep,SELL,48.15,24.71,-0.83,-2.29,7.06,16.88,5014.83,5064.25,4700.06,0.01,314.77,107205.48000000099,TP
2026-03-17 16:00,2026-03-17 16:00,H1,Naiya Doji,BUY,37.77,19.76,-0.39,-2.2,9.51,43.64,4986.49,4277.75,4564.29,0.01,-422.2,106783.28000000099,TP
2026-03-17 16:00,2026-03-17 16:00,H1,Naiya Doji,BUY,37.77,19.76,-0.39,-2.2,9.51,43.64,4986.49,4278.43,4561.23,0.01,-425.26,106358.020000001,TP
2026-03-17 16:00,2026-03-17 16:00,H1,Naiya Doji,BUY,37.77,19.76,-0.39,-2.2,9.51,43.64,4986.49,4280.4,4552.39,0.01,-434.1,105923.92000000099,TP
2026-03-17 16:00,2026-03-18 12:00,H1,Naiya Hidden,BUY,37.77,19.76,-0.39,-2.2,9.51,43.64,4986.98,4947.93,5093.39,0.01,-39.05,105884.87000000098,SL
2026-03-18 02:00,2026-03-18 23:00,H1,GapSweep,SELL,48.76,16.47,-0.19,-2.03,5.45,24.55,5014.83,5047.77,4805.06,0.01,209.77,106094.64000000099,TP
2026-03-18 04:00,2026-03-18 04:00,H1,Naiya Doji,BUY,31.67,15.67,-0.32,-2.15,0.59,11.33,4986.49,4289.65,4510.73,0.01,-475.76,105618.880000001,TP
2026-03-18 04:00,2026-03-18 04:00,H1,Naiya Doji,BUY,31.67,15.67,-0.32,-2.15,0.59,11.33,4986.49,4289.75,4510.25,0.01,-476.24,105142.64000000099,TP
2026-03-18 04:00,2026-03-18 04:00,H1,Naiya Doji,BUY,31.67,15.67,-0.32,-2.15,0.59,11.33,4986.49,4290.69,4506.02,0.01,-480.47,104662.17000000099,TP
2026-03-18 08:00,2026-03-18 08:00,H1,Naiya Doji,BUY,44.99,13.72,-0.22,-2.03,14.46,24.53,4999.15,4303.85,4446.78,0.01,-552.37,104109.80000000099,TP
2026-03-18 08:00,2026-03-18 09:00,H1,Naiya,BUY,44.99,13.72,-0.22,-2.03,14.46,24.53,4991.28,4981.78,5036.94,0.01,-9.5,104100.30000000099,SL
2026-03-18 19:00,2026-03-18 19:00,H1,Naiya Doji,BUY,22.38,31.09,-2.65,-4.62,36.62,46.41,4859.84,4273.14,4585.06,0.01,-274.78,103825.520000001,TP
2026-03-18 19:00,2026-03-18 19:00,H1,Naiya,BUY,22.38,31.09,-2.65,-4.62,36.62,46.41,4869.54,4861.07,5112.22,0.01,-8.47,103817.05000000099,SL
2026-03-18 19:00,2026-03-18 19:00,H1,Naiya Doji,BUY,22.38,31.09,-2.65,-4.62,36.62,46.41,4859.84,4272.6,4587.49,0.01,-272.35,103544.70000000099,TP
2026-03-19 07:00,2026-03-19 07:00,H1,Naiya Doji,BUY,28.98,29.95,-3.71,-6.11,63.85,94.25,4821.57,4262.34,4633.69,0.01,-187.88,103356.82000000098,TP
2026-03-19 07:00,2026-03-19 07:00,H1,Naiya Doji,BUY,28.98,29.95,-3.71,-6.11,63.85,94.25,4821.57,4262.23,4634.21,0.01,-187.36,103169.46000000098,TP
2026-03-19 07:00,2026-03-19 07:00,H1,Naiya Doji,BUY,28.98,29.95,-3.71,-6.11,63.85,94.25,4821.57,4266.28,4615.96,0.01,-205.61,102963.85000000098,TP
2026-03-19 07:00,2026-03-19 07:00,H1,Naiya Doji,BUY,28.98,29.95,-3.71,-6.11,63.85,94.25,4821.57,4272.95,4585.92,0.01,-235.65,102728.20000000099,TP
2026-03-19 07:00,2026-03-19 07:00,H1,Naiya Doji,BUY,28.98,29.95,-3.71,-6.11,63.85,94.25,4821.57,4279.1,4558.23,0.01,-263.34,102464.86000000099,TP
2026-03-20 15:00,2026-03-23 07:00,H1,Naiya Doji,BUY,38.85,42.81,-3.54,-8.77,52.5,74.49,4602.5,4201.55,4907.46,0.01,-400.95,102063.910000001,SL
2026-03-20 15:00,2026-03-23 07:00,H1,Naiya Doji,BUY,38.85,42.81,-3.54,-8.77,52.5,74.49,4602.5,4212.3,4859.05,0.01,-390.2,101673.710000001,SL
2026-03-20 15:00,2026-03-23 07:00,H1,Naiya Doji,BUY,38.85,42.81,-3.54,-8.77,52.5,74.49,4602.5,4220.32,4822.95,0.01,-382.18,101291.530000001,SL
2026-03-20 15:00,2026-03-23 07:00,H1,Naiya Doji,BUY,38.85,42.81,-3.54,-8.77,52.5,74.49,4602.5,4222.47,4813.25,0.01,-380.03,100911.500000001,SL
2026-03-20 15:00,2026-03-23 07:00,H1,Naiya Doji,BUY,38.85,42.81,-3.54,-8.77,52.5,74.49,4602.5,4221.5,4817.64,0.01,-381.0,100530.500000001,SL
2026-03-23 08:00,2026-03-23 08:00,H1,Naiya_Sweep_Far,BUY,10.46,78.35,-8.43,-14.95,16.88,133.53,4329.82,4275.51,4360.31,0.01,-54.31,100476.190000001,SL
2026-03-23 09:00,2026-03-23 09:00,H1,Naiya_Sweep_Far,BUY,18.91,79.86,-7.14,-13.9,47.26,67.14,4329.82,4275.51,4360.31,0.01,-54.31,100421.88000000101,SL
2026-03-23 10:00,2026-03-23 10:00,H1,Naiya_Sweep_Far,BUY,22.44,78.69,-6.86,-13.77,2.24,84.62,4329.82,4275.51,4360.31,0.01,-54.31,100367.57000000101,SL
2026-03-23 11:00,2026-03-23 11:00,H1,Naiya_Sweep_Far,BUY,24.77,79.35,-6.32,-13.37,15.59,40.5,4329.82,4275.51,4360.31,0.01,-54.31,100313.26000000101,SL
2026-03-23 12:00,2026-03-23 12:00,H1,Naiya_Sweep_Far,BUY,39.53,91.72,-3.76,-11.07,109.92,193.81,4329.82,4275.51,4360.31,0.01,-54.31,100258.95000000102,SL
2026-03-24 21:00,2026-03-25 00:00,H1,Naiya Doji,SELL,63.28,43.58,1.87,-6.75,75.55,86.69,4483.19,4512.69,3843.1,0.01,-29.5,100229.45000000102,SL
2026-03-24 21:00,2026-03-25 00:00,H1,Naiya Doji,SELL,63.28,43.58,1.87,-6.75,75.55,86.69,4483.19,4512.69,3843.1,0.01,-29.5,100199.95000000102,SL
2026-03-24 21:00,2026-03-25 00:00,H1,Naiya Doji,SELL,63.28,43.58,1.87,-6.75,75.55,86.69,4483.19,4512.69,3843.1,0.01,-29.5,100170.45000000102,SL
2026-03-24 21:00,2026-03-25 00:00,H1,Naiya Doji,SELL,63.28,43.58,1.87,-6.75,75.55,86.69,4483.19,4512.69,3843.1,0.01,-29.5,100140.95000000102,SL
2026-03-25 12:00,2026-03-25 12:00,H1,Naiya,SELL,72.6,30.55,3.18,-3.76,20.11,29.66,4570.09,4574.62,4213.79,0.01,-4.53,100136.42000000102,SL
2026-03-25 14:00,2026-03-25 20:00,H1,Naiya,SELL,49.42,29.76,2.14,-4.37,0.7,35.49,4558.85,4585.79,4492.12,0.01,66.73,100203.15000000101,TP
2026-03-27 16:00,2026-03-27 18:00,H1,Naiya Doji,SELL,74.61,30.72,1.35,-1.93,13.91,53.3,4549.94,4568.98,4493.11,0.01,56.83,100259.98000000101,TP
2026-03-27 16:00,2026-03-27 18:00,H1,Naiya Doji,SELL,74.61,30.72,1.35,-1.93,13.91,53.3,4549.94,4568.98,4493.11,0.01,56.83,100316.81000000102,TP
2026-03-27 16:00,2026-03-27 18:00,H1,Naiya Doji,SELL,74.61,30.72,1.35,-1.93,13.91,53.3,4549.94,4568.98,4493.11,0.01,56.83,100373.64000000102,TP
2026-03-27 16:00,2026-03-30 02:00,H1,Naiya Doji,SELL,74.61,30.72,1.35,-1.93,13.91,53.3,4549.94,4568.98,4436.26,0.01,113.68,100487.32000000101,TP
2026-03-27 19:00,2026-03-30 13:00,H1,Naiya Doji,SELL,63.88,33.54,1.26,-1.91,30.05,42.04,4528.53,4555.18,4264.49,0.01,-26.65,100460.67000000102,SL
2026-03-30 07:00,2026-03-30 13:00,H1,Naiya Doji,SELL,52.47,36.39,1.6,-1.22,25.53,31.62,4528.53,4555.18,4311.14,0.01,-26.65,100434.02000000102,SL
2026-03-30 07:00,2026-03-30 13:00,H1,Naiya Doji,SELL,52.47,36.39,1.6,-1.22,25.53,31.62,4528.53,4555.18,4311.14,0.01,-26.65,100407.37000000103,SL
2026-03-30 07:00,2026-03-30 13:00,H1,Naiya Doji,SELL,52.47,36.39,1.6,-1.22,25.53,31.62,4528.53,4555.18,4311.14,0.01,-26.65,100380.72000000103,SL
2026-03-30 16:00,2026-03-30 16:00,H1,Naiya Doji,SELL,74.15,31.53,1.66,-0.41,15.2,28.9,4532.22,4540.61,4344.86,0.01,-8.39,100372.33000000103,SL
2026-03-31 02:00,2026-03-31 03:00,H1,Naiya Doji,SELL,53.6,32.2,1.43,0.25,33.83,65.45,4540.83,4556.85,4334.83,0.01,-16.02,100356.31000000103,SL
2026-03-31 02:00,2026-03-31 03:00,H1,Naiya Doji,SELL,53.6,32.2,1.43,0.25,33.83,65.45,4540.83,4556.85,4334.83,0.01,-16.02,100340.29000000103,SL
2026-03-31 02:00,2026-03-31 03:00,H1,Naiya Doji,SELL,53.6,32.2,1.43,0.25,33.83,65.45,4540.83,4556.85,4334.83,0.01,-16.02,100324.27000000102,SL
2026-03-31 02:00,2026-03-31 03:00,H1,Naiya Doji,SELL,53.6,32.2,1.43,0.25,33.83,65.45,4540.83,4556.85,4334.83,0.01,-16.02,100308.25000000102,SL
2026-03-31 02:00,2026-04-08 00:00,H1,GapSweep,BUY,53.6,32.2,1.43,0.25,33.83,65.45,4511.39,4446.99,4801.4,0.01,290.01,100598.26000000101,TP
2026-03-31 03:00,2026-03-31 03:00,H1,Naiya,SELL,63.47,37.56,2.61,1.56,57.62,87.24,4559.62,4577.88,4321.83,0.01,-18.26,100580.00000000102,SL
2026-03-31 13:00,2026-03-31 13:00,H1,Naiya Doji,SELL,65.34,33.95,1.49,1.44,35.38,52.1,4567.88,4575.19,4425.7,0.01,-7.31,100572.69000000102,SL
2026-03-31 13:00,2026-03-31 13:00,H1,Naiya,SELL,65.34,33.95,1.49,1.44,35.38,52.1,4564.6,4575.19,4425.7,0.01,-10.59,100562.10000000102,SL
2026-03-31 13:00,2026-03-31 13:00,H1,Naiya Doji,SELL,65.34,33.95,1.49,1.44,35.38,52.1,4567.88,4575.19,4425.7,0.01,-7.31,100554.79000000103,SL
2026-04-01 04:00,2026-04-01 08:00,H1,Naiya,SELL,73.59,30.57,2.6,3.96,7.79,22.46,4696.39,4722.53,4410.4,0.01,-26.14,100528.65000000103,SL
2026-04-01 15:00,2026-04-01 16:00,H1,Naiya,SELL,59.88,29.15,2.69,5.02,13.51,33.23,4731.33,4762.85,4599.35,0.01,-31.52,100497.13000000102,SL
2026-04-02 03:00,2026-04-02 03:00,H1,Naiya Doji,BUY,43.92,35.67,0.66,3.99,87.71,134.76,4689.26,4272.0,4590.22,0.01,-99.04,100398.09000000103,TP
2026-04-02 03:00,2026-04-02 03:00,H1,Naiya Doji,BUY,43.92,35.67,0.66,3.99,87.71,134.76,4689.26,4271.35,4593.13,0.01,-96.13,100301.96000000103,TP
2026-04-02 03:00,2026-04-02 03:00,H1,Naiya Doji,BUY,43.92,35.67,0.66,3.99,87.71,134.76,4689.26,4268.76,4604.79,0.01,-84.47,100217.49000000102,TP
2026-04-02 03:00,2026-04-02 03:00,H1,Naiya Doji,BUY,43.92,35.67,0.66,3.99,87.71,134.76,4689.26,4268.99,4603.75,0.01,-85.51,100131.98000000103,TP
2026-04-02 04:00,2026-04-02 04:00,H1,Naiya Doji,BUY,38.03,36.65,0.38,3.78,9.53,48.26,4679.18,4258.48,4651.07,0.01,-28.11,100103.87000000103,TP
2026-04-02 15:00,2026-04-08 00:00,H1,Naiya Doji,BUY,29.0,48.78,-0.81,2.81,44.1,70.3,4581.28,4242.49,4723.1,0.01,141.82,100245.69000000104,TP
2026-04-02 15:00,2026-04-08 00:00,H1,Naiya Doji,BUY,29.0,48.78,-0.81,2.81,44.1,70.3,4581.28,4240.7,4731.18,0.01,149.9,100395.59000000103,TP
2026-04-02 15:00,2026-04-08 00:00,H1,Naiya Doji,BUY,29.0,48.78,-0.81,2.81,44.1,70.3,4581.28,4242.75,4721.91,0.01,140.63,100536.22000000103,TP
2026-04-02 15:00,2026-04-08 00:00,H1,Naiya Doji,BUY,29.0,48.78,-0.81,2.81,44.1,70.3,4581.28,4242.24,4724.2,0.01,142.92,100679.14000000103,TP
2026-04-07 13:00,2026-04-17 15:00,H1,GapSweep,BUY,52.91,27.17,0.11,1.73,7.74,34.93,4636.68,4582.34,4881.4,0.01,244.72,100923.86000000103,TP
2026-04-08 00:00,2026-04-08 00:00,H1,Naiya Doji,SELL,77.39,39.7,3.32,5.03,75.7,105.94,4786.99,4800.33,4664.43,0.01,-13.34,100910.52000000104,SL
2026-04-08 00:00,2026-04-08 00:00,H1,Naiya,SELL,77.39,39.7,3.32,5.03,75.7,105.94,4784.21,4798.76,4665.4,0.01,-14.55,100895.97000000103,SL
2026-04-08 00:00,2026-04-08 00:00,H1,Naiya Doji,SELL,77.39,39.7,3.32,5.03,75.7,105.94,4786.99,4800.33,4664.43,0.01,-13.34,100882.63000000104,SL
2026-04-08 00:00,2026-04-08 00:00,H1,Naiya Doji,SELL,77.39,39.7,3.32,5.03,75.7,105.94,4786.99,4800.33,4664.43,0.01,-13.34,100869.29000000104,SL
2026-04-08 00:00,2026-04-08 00:00,H1,Naiya Doji,SELL,77.39,39.7,3.32,5.03,75.7,105.94,4786.99,4800.33,4559.23,0.01,-13.34,100855.95000000104,SL
2026-04-08 07:00,2026-04-08 07:00,H1,Naiya Doji,SELL,83.12,37.17,3.0,5.02,23.89,43.39,4811.95,4825.25,4472.98,0.01,-13.3,100842.65000000104,SL
2026-04-08 07:00,2026-04-15 03:00,H1,Naiya Doji,SELL,83.12,37.17,3.0,5.02,23.89,43.39,4833.1,4857.51,4453.04,0.01,-24.41,100818.24000000104,SL
2026-04-08 07:00,2026-04-15 03:00,H1,Naiya Doji,SELL,83.12,37.17,3.0,5.02,23.89,43.39,4833.1,4857.51,4453.04,0.01,-24.41,100793.83000000103,SL
2026-04-14 16:00,2026-04-14 19:00,H1,Naiya Doji,SELL,62.16,19.7,1.2,1.78,9.23,24.89,4811.95,4825.25,4765.37,0.01,-13.3,100780.53000000103,SL
2026-04-14 16:00,2026-04-14 19:00,H1,Naiya Doji,SELL,62.16,19.7,1.2,1.78,9.23,24.89,4811.95,4825.25,4765.37,0.01,-13.3,100767.23000000103,SL
2026-04-14 19:00,2026-04-17 15:00,H1,Naiya Hidden,SELL,72.68,21.98,1.79,2.4,24.9,31.6,4827.69,4881.48,4730.62,0.01,-53.79,100713.44000000104,SL
2026-04-16 02:00,2026-04-17 15:00,H1,Naiya,SELL,63.16,16.35,0.65,2.05,9.81,16.82,4835.45,4871.19,4676.97,0.01,-35.74,100677.70000000103,SL
2026-04-17 12:00,2026-04-17 12:00,H1,Naiya Doji,BUY,46.19,13.12,-0.36,0.57,3.03,11.56,4786.78,4304.3,4444.76,0.01,-342.02,100335.68000000103,TP
2026-04-17 12:00,2026-04-17 14:00,H1,Naiya,BUY,46.19,13.12,-0.36,0.57,3.03,11.56,4785.0,4778.73,4823.27,0.01,38.27,100373.95000000103,TP
2026-04-17 15:00,2026-04-17 15:00,H1,Naiya Doji,SELL,77.05,21.03,1.53,2.46,33.73,54.69,4849.72,4871.19,4676.97,0.01,-21.47,100352.48000000103,SL
2026-04-17 15:00,2026-04-17 15:00,H1,Naiya Doji,SELL,77.05,21.03,1.53,2.46,33.73,54.69,4849.72,4871.19,4676.97,0.01,-21.47,100331.01000000103,SL
2026-04-17 15:00,2026-04-17 15:00,H1,Naiya Doji,SELL,77.05,21.03,1.53,2.46,33.73,54.69,4849.72,4871.19,4676.97,0.01,-21.47,100309.54000000103,SL
2026-04-20 00:00,2026-04-20 00:00,H1,Naiya Doji,BUY,48.84,25.38,-0.7,0.17,6.1,24.97,4788.18,4300.64,4461.23,0.01,-326.95,99982.59000000103,TP
2026-04-20 00:00,2026-04-20 00:00,H1,Naiya,BUY,48.84,25.38,-0.7,0.17,6.1,24.97,4790.44,4782.4,4821.01,0.01,-8.04,99974.55000000104,SL
2026-04-20 00:00,2026-04-20 00:00,H1,Naiya Doji,BUY,48.84,25.38,-0.7,0.17,6.1,24.97,4788.18,4294.72,4487.87,0.01,-300.31,99674.24000000104,TP
2026-04-20 00:00,2026-04-20 00:00,H1,Naiya Doji,BUY,48.84,25.38,-0.7,0.17,6.1,24.97,4788.18,4287.77,4519.19,0.01,-268.99,99405.25000000103,TP
2026-04-20 00:00,2026-04-20 00:00,H1,Naiya Doji,BUY,48.84,25.38,-0.7,0.17,6.1,24.97,4788.18,4286.43,4525.23,0.01,-262.95,99142.30000000104,TP
2026-04-20 02:00,2026-04-20 02:00,H1,Naiya,SELL,46.28,28.6,-0.81,0.01,17.54,29.34,4773.28,4794.73,4751.03,0.01,22.25,99164.55000000104,TP
2026-04-20 03:00,2026-04-20 03:00,H1,Naiya Doji,SELL,53.75,30.84,-0.09,0.73,35.1,42.87,4793.56,4801.2,4747.03,0.01,-7.64,99156.91000000104,SL
2026-04-20 03:00,2026-04-20 03:00,H1,Naiya Doji,SELL,53.75,30.84,-0.09,0.73,35.1,42.87,4793.56,4801.2,4747.03,0.01,-7.64,99149.27000000104,SL
2026-04-20 03:00,2026-04-20 03:00,H1,Naiya Doji,SELL,53.75,30.84,-0.09,0.73,35.1,42.87,4793.56,4801.2,4747.03,0.01,-7.64,99141.63000000104,SL
2026-04-20 06:00,2026-04-20 06:00,H1,Naiya Doji,BUY,26.77,23.78,-0.44,0.29,1.95,8.5,4788.18,4268.14,4607.59,0.01,-180.59,98961.04000000104,TP
2026-04-20 06:00,2026-04-20 06:00,H1,Naiya Doji,BUY,26.77,23.78,-0.44,0.29,1.95,8.5,4788.18,4269.89,4599.69,0.01,-188.49,98772.55000000104,TP
2026-04-20 09:00,2026-04-20 09:00,H1,Naiya Doji,BUY,30.24,22.82,-0.39,0.26,6.26,18.82,4788.18,4285.48,4529.5,0.01,-258.68,98513.87000000104,TP
2026-04-20 11:00,2026-04-20 11:00,H1,Naiya Doji,BUY,33.16,22.59,-0.32,0.27,4.45,14.32,4787.92,4284.97,4531.8,0.01,-256.12,98257.75000000105,TP
2026-04-20 13:00,2026-04-20 13:00,H1,Naiya Doji,BUY,44.29,22.67,0.08,0.64,14.59,24.25,4788.18,4284.32,4534.72,0.01,-253.46,98004.29000000104,TP
2026-04-21 06:00,2026-04-21 06:00,H1,Naiya Doji,BUY,33.91,13.82,-0.42,0.17,8.08,9.13,4790.66,4284.49,4533.98,0.01,-256.68,97747.61000000105,TP
2026-04-21 06:00,2026-04-21 06:00,H1,Naiya Doji,BUY,33.91,13.82,-0.42,0.17,8.08,9.13,4790.66,4290.12,4508.58,0.01,-282.08,97465.53000000105,TP
2026-04-21 06:00,2026-04-21 06:00,H1,Naiya Doji,BUY,33.91,13.82,-0.42,0.17,8.08,9.13,4790.66,4292.41,4498.29,0.01,-292.37,97173.16000000105,TP
2026-04-21 06:00,2026-04-21 06:00,H1,Naiya Doji,BUY,33.91,13.82,-0.42,0.17,8.08,9.13,4790.66,4291.6,4501.94,0.01,-288.72,96884.44000000105,TP
2026-04-21 06:00,2026-04-21 06:00,H1,Naiya Doji,BUY,33.91,13.82,-0.42,0.17,8.08,9.13,4790.66,4295.35,4485.04,0.01,-305.62,96578.82000000105,TP
2026-04-21 09:00,2026-04-21 16:00,H1,GapSweep,BUY,38.11,12.73,-0.48,0.1,7.18,19.89,4773.28,4747.82,4887.92,0.01,-25.46,96553.36000000105,SL
2026-04-21 13:00,2026-04-21 13:00,H1,Naiya,BUY,34.41,14.2,-0.3,0.26,4.85,22.52,4786.01,4781.16,4865.6,0.01,-4.85,96548.51000000104,SL
2026-04-21 15:00,2026-04-21 16:00,H1,GapSweep,BUY,24.67,16.98,-0.61,-0.08,0.3,32.77,4773.28,4739.32,4926.19,0.01,-33.96,96514.55000000104,SL
2026-04-22 10:00,2026-04-22 10:00,H1,Naiya,BUY,66.61,18.81,-0.43,-0.55,3.55,10.4,4758.26,4752.12,4826.26,0.01,-6.14,96508.41000000104,SL
2026-04-23 00:00,2026-04-23 00:00,H1,Naiya Doji,BUY,30.31,14.75,-0.76,-1.16,16.76,18.24,4729.43,4300.81,4460.45,0.01,-268.98,96239.43000000104,TP
2026-04-23 00:00,2026-04-23 00:00,H1,Naiya Doji,BUY,30.31,14.75,-0.76,-1.16,16.76,18.24,4729.43,4299.04,4468.45,0.01,-260.98,95978.45000000104,TP
2026-04-23 00:00,2026-04-23 00:00,H1,Naiya Doji,BUY,30.31,14.75,-0.76,-1.16,16.76,18.24,4729.43,4300.66,4461.14,0.01,-268.29,95710.16000000105,TP
2026-04-23 01:00,2026-04-23 02:00,H1,Naiya,BUY,33.04,14.46,-0.68,-1.12,1.82,6.37,4723.57,4715.58,4848.84,0.01,-7.99,95702.17000000105,SL
2026-04-23 02:00,2026-04-23 19:00,H1,Naiya,BUY,46.59,17.99,-0.23,-0.7,20.36,59.37,4709.31,4668.54,4877.91,0.01,-40.77,95661.40000000104,SL
2026-04-23 03:00,2026-04-23 03:00,H1,Naiya Doji,BUY,35.73,18.92,-0.71,-1.21,24.53,27.3,4729.43,4293.84,4491.86,0.01,-237.57,95423.83000000103,TP
2026-04-23 19:00,2026-04-23 19:00,H1,Naiya Doji,BUY,51.72,22.24,-0.46,-1.46,23.73,70.2,4693.06,4289.29,4512.33,0.01,-180.73,95243.10000000104,TP
2026-04-23 19:00,2026-04-23 19:00,H1,Naiya,BUY,51.72,22.24,-0.46,-1.46,23.73,70.2,4697.52,4684.4,4796.46,0.01,-13.12,95229.98000000104,SL
2026-04-23 19:00,2026-04-23 19:00,H1,Naiya Doji,BUY,51.72,22.24,-0.46,-1.46,23.73,70.2,4693.06,4288.57,4515.57,0.01,-177.49,95052.49000000104,TP
2026-04-23 19:00,2026-04-23 19:00,H1,Naiya Doji,BUY,51.72,22.24,-0.46,-1.46,23.73,70.2,4693.06,4287.06,4522.37,0.01,-170.69,94881.80000000104,TP
2026-04-23 21:00,2026-04-23 21:00,H1,Naiya Doji,BUY,44.52,22.75,-0.7,-1.73,5.07,14.9,4693.06,4285.34,4530.12,0.01,-162.94,94718.86000000103,TP
2026-04-24 03:00,2026-04-24 03:00,H1,Naiya Doji,BUY,50.93,22.28,-0.61,-1.64,5.19,20.85,4693.78,4285.77,4528.19,0.01,-165.59,94553.27000000104,TP
2026-04-24 04:00,2026-04-24 04:00,H1,Naiya Doji,BUY,35.39,22.43,-1.08,-2.12,22.81,27.55,4692.39,4285.26,4530.47,0.01,-161.92,94391.35000000104,TP
2026-04-24 08:00,2026-04-24 08:00,H1,Naiya Doji,BUY,30.81,21.25,-1.06,-2.2,14.54,21.32,4667.49,4286.86,4523.29,0.01,-144.2,94247.15000000104,TP
2026-04-24 10:00,2026-04-28 04:00,H1,Naiya,BUY,42.05,17.32,-0.61,-1.8,3.74,12.32,4686.49,4666.84,4790.28,0.01,-19.65,94227.50000000105,SL
2026-04-27 17:00,2026-04-27 17:00,H1,Naiya Doji,BUY,32.64,13.15,-0.71,-1.99,8.05,15.36,4667.49,4286.91,4523.08,0.01,-144.41,94083.09000000104,TP
2026-04-27 17:00,2026-04-27 17:00,H1,Naiya Doji,BUY,32.64,13.15,-0.71,-1.99,8.05,15.36,4667.49,4295.17,4485.84,0.01,-181.65,93901.44000000105,TP
2026-04-27 17:00,2026-04-27 17:00,H1,Naiya Doji,BUY,32.64,13.15,-0.71,-1.99,8.05,15.36,4667.49,4295.98,4482.21,0.01,-185.28,93716.16000000105,TP
2026-04-27 17:00,2026-04-27 17:00,H1,Naiya Doji,BUY,32.64,13.15,-0.71,-1.99,8.05,15.36,4667.49,4296.45,4480.08,0.01,-187.41,93528.75000000105,TP
2026-04-28 02:00,2026-04-29 14:00,H1,GapSweep,SELL,41.1,11.6,-0.15,-1.44,1.27,10.63,4696.64,4719.83,4548.92,0.01,147.72,93676.47000000105,TP
2026-04-28 03:00,2026-04-28 03:00,H1,Naiya Doji,BUY,28.21,12.37,-0.57,-1.85,19.92,22.11,4679.69,4306.66,4434.1,0.01,-245.59,93430.88000000105,TP
2026-04-28 03:00,2026-04-28 03:00,H1,Naiya,BUY,28.21,12.37,-0.57,-1.85,19.92,22.11,4680.73,4677.52,4734.23,0.01,-3.21,93427.67000000105,SL
2026-04-28 03:00,2026-04-28 03:00,H1,Naiya Doji,BUY,28.21,12.37,-0.57,-1.85,19.92,22.11,4679.69,4306.87,4433.15,0.01,-246.54,93181.13000000105,TP
2026-04-28 03:00,2026-04-28 03:00,H1,Naiya Doji,BUY,28.21,12.37,-0.57,-1.85,19.92,22.11,4679.69,4306.63,4434.27,0.01,-245.42,92935.71000000105,TP
2026-04-28 18:00,2026-04-29 10:00,H1,Naiya,BUY,29.38,23.98,-1.78,-3.2,5.69,16.99,4580.39,4557.31,4790.16,0.01,-23.08,92912.63000000105,SL
2026-04-29 09:00,2026-04-29 09:00,H1,Naiya Doji,BUY,35.63,13.42,-1.59,-3.4,16.68,21.58,4568.97,4282.41,4543.32,0.01,-25.65,92886.98000000106,TP
2026-04-29 09:00,2026-04-29 09:00,H1,Naiya Doji,BUY,35.63,13.42,-1.59,-3.4,16.68,21.58,4568.97,4281.87,4545.76,0.01,-23.21,92863.77000000105,TP
2026-04-29 09:00,2026-04-29 09:00,H1,Naiya Doji,BUY,35.63,13.42,-1.59,-3.4,16.68,21.58,4568.97,4280.91,4550.06,0.01,-18.91,92844.86000000105,TP
2026-04-29 09:00,2026-04-29 09:00,H1,Naiya Doji,BUY,35.63,13.42,-1.59,-3.4,16.68,21.58,4568.97,4280.38,4552.46,0.01,-16.51,92828.35000000105,TP
2026-05-01 00:00,2026-05-01 16:00,H1,Naiya,SELL,61.14,17.07,1.0,-1.2,2.42,8.11,4630.23,4640.1,4443.12,0.01,-9.87,92818.48000000106,SL
2026-05-01 15:00,2026-05-01 15:00,H1,Naiya,SELL,49.71,18.82,0.83,-0.98,34.78,42.19,4619.04,4632.05,4588.93,0.01,30.11,92848.59000000106,TP
2026-05-01 15:00,2026-05-01 16:00,H1,Naiya Doji,SELL,49.71,18.82,0.83,-0.98,34.78,42.19,4626.13,4635.91,4586.54,0.01,-9.78,92838.81000000106,SL
2026-05-01 15:00,2026-05-01 16:00,H1,Naiya Doji,SELL,49.71,18.82,0.83,-0.98,34.78,42.19,4626.13,4635.91,4586.54,0.01,-9.78,92829.03000000106,SL
2026-05-01 15:00,2026-05-01 16:00,H1,Naiya Doji,SELL,49.71,18.82,0.83,-0.98,34.78,42.19,4626.13,4635.91,4586.54,0.01,-9.78,92819.25000000106,SL
2026-05-04 12:00,2026-05-04 12:00,H1,Naiya Doji,BUY,21.74,18.01,-1.01,-1.97,12.94,49.79,4535.63,4286.18,4526.35,0.01,-9.28,92809.97000000106,TP
2026-05-04 12:00,2026-05-04 12:00,H1,Naiya Doji,BUY,21.74,18.01,-1.01,-1.97,12.94,49.79,4535.63,4287.81,4519.01,0.01,-16.62,92793.35000000107,TP
2026-05-04 12:00,2026-05-04 12:00,H1,Naiya Doji,BUY,21.74,18.01,-1.01,-1.97,12.94,49.79,4535.63,4288.34,4516.61,0.01,-19.02,92774.33000000106,TP
2026-05-04 12:00,2026-05-04 12:00,H1,Naiya Doji,BUY,21.74,18.01,-1.01,-1.97,12.94,49.79,4535.63,4287.05,4522.41,0.01,-13.22,92761.11000000106,TP
2026-05-04 12:00,2026-05-04 12:00,H1,Naiya Doji,BUY,21.74,18.01,-1.01,-1.97,12.94,49.79,4535.63,4288.98,4513.74,0.01,-21.89,92739.22000000106,TP
2026-05-05 08:00,2026-05-06 02:00,H1,Naiya,BUY,65.61,14.74,-0.63,-1.86,2.44,18.33,4534.57,4528.02,4617.29,0.01,82.72,92821.94000000106,TP
2026-05-06 04:00,2026-05-06 05:00,H1,Naiya Doji,SELL,78.92,17.89,1.67,0.45,14.74,16.68,4642.03,4650.04,4504.81,0.01,-8.01,92813.93000000107,SL
2026-05-06 04:00,2026-05-06 05:00,H1,Naiya Doji,SELL,78.92,17.89,1.67,0.45,14.74,16.68,4642.03,4650.04,4504.81,0.01,-8.01,92805.92000000108,SL
2026-05-06 04:00,2026-05-06 05:00,H1,Naiya Doji,SELL,78.92,17.89,1.67,0.45,14.74,16.68,4642.03,4650.04,4504.81,0.01,-8.01,92797.91000000108,SL
2026-05-06 04:00,2026-05-06 05:00,H1,Naiya Doji,SELL,78.92,17.89,1.67,0.45,14.74,16.68,4642.03,4650.04,4504.81,0.01,-8.01,92789.90000000109,SL
2026-05-06 04:00,2026-05-06 05:00,H1,Naiya Doji,SELL,78.92,17.89,1.67,0.45,14.74,16.68,4642.03,4650.04,4504.81,0.01,-8.01,92781.89000000109,SL
2026-05-06 15:00,2026-05-07 08:00,H1,Naiya,SELL,80.48,23.34,2.6,1.82,18.88,38.84,4701.72,4723.02,4426.8,0.01,-21.3,92760.59000000109,SL
2026-05-07 03:00,2026-05-07 03:00,H1,Naiya Doji,SELL,48.79,19.26,2.12,2.08,26.2,36.08,4707.69,4717.45,4440.5,0.01,-9.76,92750.8300000011,SL
2026-05-07 03:00,2026-05-07 03:00,H1,Naiya,SELL,48.79,19.26,2.12,2.08,26.2,36.08,4702.09,4717.45,4440.5,0.01,-15.36,92735.47000000109,SL
2026-05-07 03:00,2026-05-07 03:00,H1,Naiya Doji,SELL,48.79,19.26,2.12,2.08,26.2,36.08,4707.69,4717.45,4440.5,0.01,-9.76,92725.7100000011,SL
2026-05-07 03:00,2026-05-07 03:00,H1,Naiya Doji,SELL,48.79,19.26,2.12,2.08,26.2,36.08,4707.69,4717.45,4440.5,0.01,-9.76,92715.9500000011,SL
2026-05-07 08:00,2026-05-07 08:00,H1,Naiya Doji,SELL,70.79,16.38,2.25,2.6,37.89,48.93,4707.69,4717.45,4655.29,0.01,-9.76,92706.19000000111,SL
2026-05-07 11:00,2026-05-07 14:00,H1,Naiya,SELL,66.06,18.46,1.77,2.38,1.99,17.65,4739.14,4750.55,4645.07,0.01,-11.41,92694.7800000011,SL
2026-05-08 00:00,2026-05-08 01:00,H1,Naiya Doji,SELL,28.36,22.8,0.01,1.43,3.12,17.47,4694.36,4699.87,4680.34,0.01,-5.51,92689.27000000111,SL
2026-05-08 01:00,2026-05-08 01:00,H1,Naiya Doji,SELL,40.39,22.68,0.34,1.83,18.59,20.93,4694.36,4699.87,4680.34,0.01,-5.51,92683.76000000112,SL
2026-05-08 07:00,2026-05-08 07:00,H1,Naiya,SELL,39.03,23.16,0.5,2.32,16.47,21.65,4713.37,4731.17,4651.58,0.01,-17.8,92665.96000000111,SL
2026-05-08 10:00,2026-05-08 15:00,H1,Naiya Doji,SELL,51.59,21.24,0.16,2.06,7.8,16.9,4723.61,4734.62,4649.45,0.01,-11.01,92654.95000000112,SL
2026-05-08 12:00,2026-05-08 15:00,H1,Naiya Doji,SELL,56.1,20.99,0.21,2.14,8.06,16.66,4723.61,4734.62,4649.45,0.01,-11.01,92643.94000000112,SL
2026-05-08 15:00,2026-05-11 07:00,H1,Naiya,SELL,65.88,21.16,0.76,2.73,23.55,31.24,4746.29,4763.4,4648.44,0.01,97.85,92741.79000000113,TP
2026-05-08 20:00,2026-05-11 02:00,H1,Naiya Doji,SELL,53.8,20.39,0.17,2.15,0.92,9.06,4723.61,4734.62,4673.98,0.01,49.63,92791.42000000113,TP
2026-05-08 20:00,2026-05-11 02:00,H1,Naiya Doji,SELL,53.8,20.39,0.17,2.15,0.92,9.06,4723.61,4734.62,4673.98,0.01,49.63,92841.05000000114,TP
2026-05-08 20:00,2026-05-11 15:00,H1,Naiya,SELL,53.8,20.39,0.17,2.15,0.92,9.06,4724.46,4748.01,4641.17,0.01,-23.55,92817.50000000114,SL
2026-05-11 03:00,2026-05-11 03:00,H1,Naiya Doji,SELL,37.12,19.86,-0.63,1.33,2.26,30.9,4693.74,4698.58,4685.91,0.01,-4.84,92812.66000000114,SL
2026-05-11 03:00,2026-05-11 03:00,H1,Naiya,SELL,37.12,19.86,-0.63,1.33,2.26,30.9,4691.84,4698.58,4680.93,0.01,-6.74,92805.92000000113,SL
2026-05-11 04:00,2026-05-11 04:00,H1,Naiya Doji,SELL,36.64,20.56,-0.71,1.24,3.89,23.6,4693.74,4698.58,4685.91,0.01,-4.84,92801.08000000114,SL
2026-05-11 14:00,2026-05-11 14:00,H1,Naiya Doji,SELL,53.01,20.38,-0.15,1.54,25.24,33.51,4693.74,4698.58,4685.91,0.01,-4.84,92796.24000000114,SL
2026-05-11 14:00,2026-05-11 14:00,H1,Naiya Doji,SELL,53.01,20.38,-0.15,1.54,25.24,33.51,4693.74,4698.58,4653.03,0.01,-4.84,92791.40000000114,SL
2026-05-11 14:00,2026-05-11 15:00,H1,Naiya Doji,SELL,53.01,20.38,-0.15,1.54,25.24,33.51,4690.02,4705.47,4648.78,0.01,-15.45,92775.95000000115,SL
2026-05-11 15:00,2026-05-11 15:00,H1,Naiya Doji,SELL,62.95,23.24,0.62,2.3,36.1,49.74,4724.47,4729.0,4685.43,0.01,-4.53,92771.42000000115,SL
2026-05-11 15:00,2026-05-11 15:00,H1,Naiya Doji,SELL,62.95,23.24,0.62,2.3,36.1,49.74,4724.47,4729.0,4597.93,0.01,-4.53,92766.89000000115,SL
2026-05-11 19:00,2026-05-11 20:00,H1,Naiya Doji,SELL,61.65,21.82,0.39,1.98,7.21,8.65,4724.47,4729.0,4597.93,0.01,-4.53,92762.36000000115,SL
2026-05-11 20:00,2026-05-11 22:00,H1,Naiya,SELL,64.07,21.6,0.43,1.99,1.2,8.28,4725.59,4738.25,4592.21,0.01,-12.66,92749.70000000115,SL
2026-05-12 06:00,2026-05-15 07:00,H1,Naiya,SELL,42.34,18.07,0.08,1.6,6.05,19.18,4727.14,4733.94,4599.06,0.01,128.08,92877.78000000115,TP
2026-05-12 21:00,2026-05-12 21:00,H1,Naiya Doji,SELL,50.5,20.21,0.28,1.4,19.71,19.71,4700.62,4711.55,4668.88,0.01,-10.93,92866.85000000116,SL
2026-05-12 21:00,2026-05-12 21:00,H1,Naiya Doji,SELL,50.5,20.21,0.28,1.4,19.71,19.71,4700.62,4711.55,4668.88,0.01,-10.93,92855.92000000116,SL
2026-05-12 21:00,2026-05-12 21:00,H1,Naiya Doji,SELL,50.5,20.21,0.28,1.4,19.71,19.71,4700.62,4711.55,4668.88,0.01,-10.93,92844.99000000117,SL
2026-05-12 21:00,2026-05-13 00:00,H1,Naiya,SELL,50.5,20.21,0.28,1.4,19.71,19.71,4714.09,4722.08,4606.39,0.01,-7.99,92837.00000000116,SL
2026-05-13 03:00,2026-05-15 07:00,H1,Naiya,SELL,53.39,18.35,0.01,1.05,12.3,15.91,4716.94,4723.92,4585.47,0.01,131.47,92968.47000000117,TP
2026-05-13 11:00,2026-05-14 21:00,H1,GapSweep,BUY,53.68,13.3,-0.09,0.94,0.22,15.78,4686.33,4659.72,4806.14,0.01,-26.61,92941.86000000116,SL
2026-05-14 08:00,2026-05-14 22:00,H1,GapSweep,BUY,51.97,17.07,0.08,0.74,10.56,16.27,4686.33,4652.19,4840.08,0.01,-34.14,92907.72000000117,SL
2026-05-15 01:00,2026-05-15 01:00,H1,Naiya Doji,BUY,31.48,16.9,-0.84,-0.39,10.22,18.43,4650.66,4296.6,4479.43,0.01,-171.23,92736.49000000117,TP
2026-05-15 01:00,2026-05-15 02:00,H1,Naiya,BUY,31.48,16.9,-0.84,-0.39,10.22,18.43,4654.2,4644.38,4764.68,0.01,-9.82,92726.67000000116,SL
2026-05-15 07:00,2026-05-15 07:00,H1,Naiya Doji,BUY,13.66,19.61,-2.56,-2.41,47.0,48.66,4558.05,4293.21,4494.7,0.01,-63.35,92663.32000000116,TP
2026-05-15 13:00,2026-05-15 15:00,H1,Naiya,BUY,24.75,24.69,-2.36,-2.58,14.02,20.36,4554.48,4532.01,4819.95,0.01,-22.47,92640.85000000116,SL
2026-05-15 14:00,2026-05-15 14:00,H1,Naiya Doji,BUY,19.29,24.71,-2.42,-2.71,5.34,15.06,4547.91,4281.56,4547.14,0.01,-0.77,92640.08000000115,TP
2026-05-15 17:00,2026-05-18 02:00,H1,Naiya,BUY,32.0,26.84,-2.36,-2.85,23.07,29.83,4545.9,4511.82,4760.33,0.01,-34.08,92606.00000000115,SL
2026-05-15 17:00,2026-05-18 14:00,H1,Naiya Doji,BUY,32.0,26.84,-2.36,-2.85,23.07,29.83,4534.74,4276.97,4567.81,0.01,33.07,92639.07000000116,TP
2026-05-15 22:00,2026-05-18 14:00,H1,Naiya Doji,BUY,41.04,23.99,-2.09,-2.87,6.83,13.16,4538.74,4275.5,4574.46,0.01,35.72,92674.79000000116,TP
2026-05-15 22:00,2026-05-18 15:00,H1,Naiya Doji,BUY,41.04,23.99,-2.09,-2.87,6.83,13.16,4538.74,4274.57,4578.62,0.01,39.88,92714.67000000116,TP
2026-05-18 06:00,2026-05-29 17:00,H1,GapSweep,SELL,52.32,25.3,-1.58,-2.82,0.43,19.63,4544.56,4595.15,4222.34,0.01,-50.59,92664.08000000117,SL
2026-05-18 07:00,2026-05-29 17:00,H1,GapSweep,SELL,38.28,23.92,-1.73,-3.03,9.83,21.83,4544.56,4592.39,4239.92,0.01,-47.83,92616.25000000116,SL
2026-05-18 16:00,2026-05-18 16:00,H1,Naiya Doji,BUY,61.84,24.23,-0.84,-2.68,28.99,37.84,4548.51,4278.77,4559.7,0.01,11.19,92627.44000000117,TP
2026-05-18 16:00,2026-05-18 16:00,H1,Naiya Doji,BUY,61.84,24.23,-0.84,-2.68,28.99,37.84,4548.51,4277.88,4563.73,0.01,15.22,92642.66000000117,TP
2026-05-18 20:00,2026-05-18 20:00,H1,Naiya Doji,BUY,48.0,20.92,-0.83,-2.89,11.38,13.55,4540.01,4285.65,4528.71,0.01,-11.3,92631.36000000116,TP
2026-05-19 06:00,2026-05-19 06:00,H1,Naiya Doji,BUY,38.17,17.85,-0.28,-2.63,2.63,7.6,4540.01,4286.86,4523.27,0.01,-16.74,92614.62000000116,TP
2026-05-19 07:00,2026-05-25 01:00,H1,GapSweep,SELL,47.45,16.26,-0.28,-2.65,1.57,15.58,4544.56,4577.08,4337.42,0.01,-32.52,92582.10000000116,SL
2026-05-19 10:00,2026-05-19 10:00,H1,Naiya Doji,BUY,48.36,17.09,-0.16,-2.56,16.09,22.72,4538.75,4296.69,4479.0,0.01,-59.75,92522.35000000116,TP
2026-05-19 15:00,2026-05-19 15:00,H1,Naiya Hidden,BUY,20.09,21.39,-0.95,-3.31,33.2,72.42,4516.09,4475.34,4622.84,0.01,-40.75,92481.60000000116,SL
2026-05-19 15:00,2026-05-19 15:00,H1,Naiya Doji,BUY,20.09,21.39,-0.95,-3.31,33.2,72.42,4511.48,4285.65,4528.75,0.01,17.27,92498.87000000116,TP
2026-05-19 15:00,2026-05-20 17:00,H1,Naiya Doji,BUY,20.09,21.39,-0.95,-3.31,33.2,72.42,4511.48,4283.61,4537.91,0.01,26.43,92525.30000000115,TP
2026-05-19 15:00,2026-05-20 17:00,H1,Naiya Doji,BUY,20.09,21.39,-0.95,-3.31,33.2,72.42,4511.48,4281.35,4548.08,0.01,36.6,92561.90000000116,TP
2026-05-20 02:00,2026-05-20 16:00,H1,Naiya Doji,BUY,33.9,21.26,-0.77,-3.15,11.56,29.3,4481.63,4289.95,4509.37,0.01,27.74,92589.64000000116,TP
2026-05-20 03:00,2026-05-20 16:00,H1,Naiya Doji,BUY,27.97,23.46,-1.17,-3.55,19.46,50.04,4481.63,4287.3,4521.31,0.01,39.68,92629.32000000116,TP
2026-05-20 17:00,2026-05-29 17:00,H1,GapSweep,SELL,69.54,21.06,0.2,-2.17,2.07,29.77,4544.56,4586.69,4276.26,0.01,-42.13,92587.19000000115,SL
2026-05-21 15:00,2026-05-27 08:00,H1,Naiya,BUY,37.57,20.48,0.06,-2.11,9.0,32.36,4496.15,4482.07,4588.63,0.01,-14.08,92573.11000000115,SL
2026-05-21 22:00,2026-05-29 17:00,H1,GapSweep,SELL,57.63,19.65,0.66,-1.36,0.87,4.98,4544.56,4583.86,4294.29,0.01,-39.3,92533.81000000115,SL
2026-05-25 08:00,2026-05-26 10:00,H1,GapSweep,BUY,67.77,15.0,0.71,-0.31,9.12,12.77,4550.74,4520.74,4685.84,0.01,-30.0,92503.81000000115,SL
2026-05-27 00:00,2026-05-27 08:00,H1,Naiya Doji,SELL,38.94,18.12,-0.65,-0.83,8.98,30.38,4521.8,4531.35,4481.68,0.01,40.12,92543.93000000114,TP
2026-05-27 08:00,2026-05-28 18:00,H1,Naiya Doji,BUY,40.26,16.66,-1.12,-1.23,12.32,19.15,4481.91,4290.17,4508.39,0.01,26.48,92570.41000000114,TP
2026-05-27 08:00,2026-05-29 03:00,H1,Naiya Doji,BUY,40.26,16.66,-1.12,-1.23,12.32,19.15,4481.91,4287.69,4519.54,0.01,37.63,92608.04000000114,TP
2026-05-27 08:00,2026-05-29 11:00,H1,Naiya Doji,BUY,40.26,16.66,-1.12,-1.23,12.32,19.15,4481.91,4284.8,4532.58,0.01,50.67,92658.71000000114,TP
2026-05-27 12:00,2026-05-27 12:00,H1,Naiya Doji,BUY,28.52,18.93,-1.84,-2.01,44.36,47.87,4482.53,4296.16,4481.4,0.01,-1.13,92657.58000000114,TP
2026-05-27 12:00,2026-05-28 18:00,H1,Naiya Doji,BUY,28.52,18.93,-1.84,-2.01,44.36,47.87,4460.34,4292.37,4498.49,0.01,38.15,92695.73000000113,TP
2026-05-28 03:00,2026-05-29 16:00,H1,Naiya Doji,BUY,37.56,21.03,-1.89,-2.51,47.19,51.98,4420.24,4282.13,4544.59,0.01,124.35,92820.08000000114,TP
2026-05-29 08:00,2026-05-29 11:00,H1,Naiya Doji,SELL,72.64,13.52,1.51,0.28,8.85,14.06,4521.8,4531.35,4452.52,0.01,-9.55,92810.53000000113,SL
2026-06-01 09:00,2026-06-01 09:00,H1,Naiya Doji,BUY,12.22,14.53,0.17,-0.13,1.59,17.57,4498.41,4303.94,4446.36,0.01,-52.05,92758.48000000113,TP
2026-06-01 09:00,2026-06-01 09:00,H1,Naiya Doji,BUY,12.22,14.53,0.17,-0.13,1.59,17.57,4498.41,4290.85,4505.33,0.01,6.92,92765.40000000113,TP
2026-06-01 10:00,2026-06-01 10:00,H1,Naiya Doji,BUY,13.55,14.31,0.0,-0.24,5.09,13.78,4498.41,4300.75,4460.73,0.01,-37.68,92727.72000000114,TP
2026-06-02 07:00,2026-06-05 18:00,H1,GapSweep,SELL,80.46,15.25,0.1,0.18,0.36,12.97,4520.28,4550.78,4326.05,0.01,194.23,92921.95000000113,TP
2026-06-03 01:00,2026-06-03 01:00,H1,Naiya Doji,BUY,15.02,13.34,-0.64,-0.72,10.59,26.69,4477.67,4298.78,4469.62,0.01,-8.05,92913.90000000113,TP
2026-06-03 01:00,2026-06-03 02:00,H1,Naiya Doji,BUY,15.02,13.34,-0.64,-0.72,10.59,26.69,4477.67,4293.84,4491.86,0.01,14.19,92928.09000000113,TP
2026-06-03 14:00,2026-06-04 13:00,H1,Naiya Doji,BUY,39.55,18.39,-0.62,-0.95,2.26,18.99,4448.99,4294.45,4489.1,0.01,40.11,92968.20000000113,TP
2026-06-03 15:00,2026-06-04 13:00,H1,Naiya Doji,BUY,38.19,19.29,-0.92,-1.27,14.55,39.3,4448.99,4293.03,4495.49,0.01,46.5,93014.70000000113,TP
2026-06-04 16:00,2026-06-08 07:00,H1,Naiya Doji,BUY,55.09,21.3,-0.12,-0.66,29.98,42.56,4464.07,4289.44,4511.65,0.01,-174.63,92840.07000000113,SL
2026-06-04 16:00,2026-06-08 07:00,H1,Naiya Doji,BUY,55.09,21.3,-0.12,-0.66,29.98,42.56,4464.07,4290.35,4507.56,0.01,-173.72,92666.35000000113,SL
2026-06-05 15:00,2026-06-08 07:00,H1,Naiya Doji,BUY,21.01,21.38,-2.1,-2.64,40.42,55.46,4374.18,4280.25,4553.06,0.01,-93.93,92572.42000000113,SL
2026-06-05 15:00,2026-06-08 07:00,H1,Naiya Doji,BUY,21.01,21.38,-2.1,-2.64,40.42,55.46,4374.18,4282.54,4542.74,0.01,-91.64,92480.78000000113,SL
2026-06-05 15:00,2026-06-08 07:00,H1,Naiya Doji,BUY,21.01,21.38,-2.1,-2.64,40.42,55.46,4374.18,4288.59,4515.49,0.01,-85.59,92395.19000000114,SL
2026-06-08 06:00,2026-06-11 01:00,H1,GapSweep,SELL,33.76,23.1,-2.57,-3.51,4.43,14.2,4320.21,4366.4,4026.03,0.01,294.18,92689.37000000113,TP
2026-06-08 08:00,2026-06-08 11:00,H1,Naiya_Sweep_Far,BUY,38.49,22.65,-2.71,-3.75,8.06,19.39,4329.82,4275.51,4360.31,0.01,-54.31,92635.06000000113,SL
2026-06-08 09:00,2026-06-08 11:00,H1,Naiya_Sweep_Far,BUY,33.37,22.72,-2.75,-3.84,5.49,22.52,4329.82,4275.51,4360.31,0.01,-54.31,92580.75000000114,SL
2026-06-08 10:00,2026-06-08 11:00,H1,Naiya_Sweep_Far,BUY,32.74,22.74,-2.8,-3.95,5.57,11.81,4329.82,4275.51,4360.31,0.01,-54.31,92526.44000000114,SL
2026-06-08 11:00,2026-06-08 11:00,H1,Naiya_Sweep_Far,BUY,39.97,22.88,-2.6,-3.8,5.53,28.92,4329.82,4275.51,4360.31,0.01,-54.31,92472.13000000114,SL
2026-06-08 12:00,2026-06-09 15:00,H1,Naiya_Sweep_Far,BUY,44.18,23.48,-2.35,-3.61,7.73,19.62,4329.82,4275.51,4360.31,0.01,30.49,92502.62000000114,TP
2026-06-08 13:00,2026-06-09 15:00,H1,Naiya_Sweep_Far,BUY,50.98,24.74,-1.63,-2.94,29.2,36.08,4329.82,4275.51,4360.31,0.01,30.49,92533.11000000115,TP
2026-06-08 14:00,2026-06-09 15:00,H1,Naiya_Sweep_Far,BUY,55.07,24.64,-1.53,-2.88,1.84,19.11,4329.82,4275.51,4360.31,0.01,30.49,92563.60000000116,TP
2026-06-08 16:00,2026-06-09 17:00,H1,GapSweep,BUY,45.82,24.56,-1.45,-2.88,4.23,16.52,4320.21,4271.09,4541.4,0.01,-49.12,92514.48000000116,SL
2026-06-09 16:00,2026-06-09 16:00,H1,Naiya Doji,BUY,40.89,19.02,-0.72,-3.21,28.27,57.25,4287.49,4282.86,4541.28,0.01,-4.63,92509.85000000116,SL
2026-06-09 16:00,2026-06-09 17:00,H1,Naiya Doji,BUY,40.89,19.02,-0.72,-3.21,28.27,57.25,4287.49,4278.51,4449.66,0.01,-8.98,92500.87000000116,SL
2026-06-09 16:00,2026-06-09 18:00,H1,Naiya Doji,BUY,40.89,19.02,-0.72,-3.21,28.27,57.25,4287.49,4247.73,4520.05,0.01,-39.76,92461.11000000116,SL
2026-06-09 17:00,2026-06-09 17:00,H1,Naiya_Sweep_Far,BUY,22.64,20.37,-1.27,-3.82,27.73,38.92,4329.82,4275.51,4360.31,0.01,-54.31,92406.80000000117,SL
2026-06-09 18:00,2026-06-09 18:00,H1,Naiya_Sweep_Far,BUY,19.31,22.63,-1.68,-4.27,20.39,44.5,4329.82,4275.51,4360.31,0.01,-54.31,92352.49000000117,SL
2026-06-09 19:00,2026-06-09 19:00,H1,Naiya_Sweep_Far,BUY,24.99,23.04,-1.38,-4.0,10.92,16.71,4329.82,4275.51,4360.31,0.01,-54.31,92298.18000000117,SL
2026-06-09 20:00,2026-06-09 20:00,H1,Naiya_Sweep_Far,BUY,29.12,23.01,-1.18,-3.84,6.81,14.6,4329.82,4275.51,4360.31,0.01,-54.31,92243.87000000117,SL
2026-06-09 21:00,2026-06-09 21:00,H1,Naiya_Sweep_Far,BUY,21.68,23.11,-1.41,-4.09,11.63,21.78,4329.82,4275.51,4360.31,0.01,-54.31,92189.56000000118,SL
2026-06-09 22:00,2026-06-09 22:00,H1,Naiya_Sweep_Far,BUY,24.54,22.24,-1.34,-4.04,1.18,6.4,4329.82,4275.51,4360.31,0.01,-54.31,92135.25000000118,SL
2026-06-10 00:00,2026-06-10 00:00,H1,Naiya_Sweep_Far,BUY,21.66,23.3,-1.81,-4.53,15.74,24.82,4329.82,4275.51,4360.31,0.01,-54.31,92080.94000000118,SL
2026-06-10 01:00,2026-06-10 01:00,H1,Naiya_Sweep_Far,BUY,19.75,24.83,-2.12,-4.86,15.11,37.02,4329.82,4275.51,4360.31,0.01,-54.31,92026.63000000118,SL
2026-06-10 02:00,2026-06-10 02:00,H1,Naiya_Sweep_Far,BUY,16.64,26.09,-2.16,-4.92,4.26,29.46,4329.82,4275.51,4360.31,0.01,-54.31,91972.32000000119,SL
2026-06-10 03:00,2026-06-10 03:00,H1,Naiya_Sweep_Far,BUY,11.1,27.48,-2.78,-5.57,29.51,34.96,4329.82,4275.51,4360.31,0.01,-54.31,91918.01000000119,SL
2026-06-10 04:00,2026-06-10 04:00,H1,Naiya_Sweep_Far,BUY,10.05,28.27,-3.06,-5.88,14.82,19.24,4329.82,4275.51,4360.31,0.01,-54.31,91863.70000000119,SL
2026-06-10 05:00,2026-06-10 05:00,H1,Naiya_Sweep_Far,BUY,13.9,28.58,-2.74,-5.61,10.85,13.73,4329.82,4275.51,4360.31,0.01,-54.31,91809.39000000119,SL
2026-06-10 06:00,2026-06-10 06:00,H1,Naiya_Sweep_Far,BUY,14.05,26.89,-2.9,-5.82,10.05,14.54,4329.82,4275.51,4360.31,0.01,-54.31,91755.0800000012,SL
2026-06-10 07:00,2026-06-10 07:00,H1,Naiya_Sweep_Far,BUY,27.95,25.34,-2.13,-5.11,30.38,35.63,4329.82,4275.51,4360.31,0.01,-54.31,91700.7700000012,SL
2026-06-10 08:00,2026-06-10 08:00,H1,Naiya_Sweep_Far,BUY,31.88,24.0,-2.11,-5.11,1.2,20.09,4329.82,4275.51,4360.31,0.01,-54.31,91646.4600000012,SL
2026-06-10 09:00,2026-06-10 09:00,H1,Naiya_Sweep_Far,BUY,32.62,22.7,-2.43,-5.45,16.24,26.29,4329.82,4275.51,4360.31,0.01,-54.31,91592.1500000012,SL
2026-06-10 09:00,2026-06-10 10:00,H1,Naiya,BUY,32.62,22.7,-2.43,-5.45,16.24,26.29,4184.86,4172.7,4481.48,0.01,-12.16,91579.9900000012,SL
2026-06-10 10:00,2026-06-10 10:00,H1,Naiya_Sweep_Far,BUY,25.63,23.38,-2.81,-5.84,17.35,25.98,4329.82,4275.51,4360.31,0.01,-54.31,91525.6800000012,SL
2026-06-10 11:00,2026-06-10 11:00,H1,Naiya_Sweep_Far,BUY,22.9,23.51,-2.76,-5.81,0.19,16.39,4329.82,4275.51,4360.31,0.01,-54.31,91471.3700000012,SL
2026-06-10 12:00,2026-06-10 12:00,H1,Naiya_Sweep_Far,BUY,26.93,23.59,-2.56,-5.64,6.03,22.97,4329.82,4275.51,4360.31,0.01,-54.31,91417.0600000012,SL
2026-06-10 13:00,2026-06-10 13:00,H1,Naiya_Sweep_Far,BUY,22.86,25.3,-3.12,-6.21,27.05,30.28,4329.82,4275.51,4360.31,0.01,-54.31,91362.75000000121,SL
2026-06-10 14:00,2026-06-10 14:00,H1,Naiya_Sweep_Far,BUY,25.56,26.42,-3.08,-6.19,0.7,43.06,4329.82,4275.51,4360.31,0.01,-54.31,91308.44000000121,SL
2026-06-10 15:00,2026-06-10 15:00,H1,Naiya_Sweep_Far,BUY,39.51,27.58,-2.26,-5.41,32.44,53.27,4329.82,4275.51,4360.31,0.01,-54.31,91254.13000000121,SL
2026-06-10 16:00,2026-06-10 16:00,H1,Naiya Doji,BUY,31.55,29.98,-3.46,-6.62,54.79,62.98,4152.34,4274.65,4578.27,0.01,122.31,91376.44000000121,SL
2026-06-10 16:00,2026-06-10 16:00,H1,Naiya,BUY,31.55,29.98,-3.46,-6.62,54.79,62.98,4147.66,4130.81,4507.37,0.01,-16.85,91359.5900000012,SL
2026-06-10 16:00,2026-06-10 16:00,H1,Naiya_Sweep_Far,BUY,31.55,29.98,-3.46,-6.62,54.79,62.98,4329.82,4275.51,4360.31,0.01,-54.31,91305.2800000012,SL
2026-06-10 17:00,2026-06-10 17:00,H1,Naiya_Sweep_Far,BUY,36.86,29.63,-3.27,-6.49,4.01,30.03,4329.82,4275.51,4360.31,0.01,-54.31,91250.97000000121,SL
2026-06-10 18:00,2026-06-10 18:00,H1,Naiya_Sweep_Far,BUY,38.15,29.58,-3.34,-6.6,6.92,18.6,4329.82,4275.51,4360.31,0.01,-54.31,91196.66000000121,SL
2026-06-10 19:00,2026-06-10 19:00,H1,Naiya_Sweep_Far,BUY,33.33,31.03,-3.48,-6.79,10.27,34.04,4329.82,4275.51,4360.31,0.01,-54.31,91142.35000000121,SL
2026-06-10 20:00,2026-06-10 20:00,H1,Naiya_Sweep_Far,BUY,33.26,31.67,-3.63,-6.99,10.5,23.41,4329.82,4275.51,4360.31,0.01,-54.31,91088.04000000122,SL
2026-06-10 21:00,2026-06-10 21:00,H1,Naiya_Sweep_Far,BUY,20.55,30.58,-3.94,-7.36,18.71,20.47,4329.82,4275.51,4360.31,0.01,-54.31,91033.73000000122,SL
2026-06-10 22:00,2026-06-10 22:00,H1,Naiya_Sweep_Far,BUY,19.47,30.29,-4.12,-7.6,12.65,15.95,4329.82,4275.51,4360.31,0.01,-54.31,90979.42000000122,SL
2026-06-11 00:00,2026-06-11 00:00,H1,Naiya_Sweep_Far,BUY,18.84,30.83,-4.54,-8.09,18.84,33.03,4329.82,4275.51,4360.31,0.01,-54.31,90925.11000000122,SL
2026-06-11 01:00,2026-06-11 01:00,H1,Naiya_Sweep_Far,BUY,20.86,31.88,-4.4,-8.02,0.63,40.87,4329.82,4275.51,4360.31,0.01,-54.31,90870.80000000123,SL
2026-06-11 02:00,2026-06-11 02:00,H1,Naiya_Sweep_Far,BUY,30.46,33.71,-3.6,-7.32,28.87,42.01,4329.82,4275.51,4360.31,0.01,-54.31,90816.49000000123,SL
2026-06-11 03:00,2026-06-11 03:00,H1,Naiya Doji,SELL,35.86,35.76,-2.88,-6.69,26.17,51.72,4117.93,4134.95,4090.39,0.01,27.54,90844.03000000122,TP
2026-06-11 03:00,2026-06-11 03:00,H1,Naiya_Sweep_Far,BUY,35.86,35.76,-2.88,-6.69,26.17,51.72,4329.82,4275.51,4360.31,0.01,-54.31,90789.72000000122,SL
2026-06-11 04:00,2026-06-11 04:00,H1,Naiya_Sweep_Far,BUY,34.9,37.17,-3.57,-7.42,34.19,50.08,4329.82,4275.51,4360.31,0.01,-54.31,90735.41000000123,SL
2026-06-11 05:00,2026-06-11 05:00,H1,Naiya_Sweep_Far,BUY,36.18,35.64,-3.34,-7.25,4.85,21.6,4329.82,4275.51,4360.31,0.01,-54.31,90681.10000000123,SL
2026-06-11 06:00,2026-06-11 06:00,H1,Naiya_Sweep_Far,BUY,30.25,32.96,-3.0,-6.98,9.8,15.72,4329.82,4275.51,4360.31,0.01,-54.31,90626.79000000123,SL
2026-06-11 21:00,2026-06-12 00:00,H1,Naiya Doji,SELL,76.71,32.14,1.62,-3.38,47.1,58.16,4211.81,4221.85,4142.33,0.01,-10.04,90616.75000000124,SL
2026-06-12 17:00,2026-06-12 17:00,H1,Naiya Doji,SELL,58.76,22.07,1.75,-2.7,8.03,35.23,4222.67,4227.92,4134.55,0.01,-5.25,90611.50000000124,SL
2026-06-12 18:00,2026-06-12 18:00,H1,Naiya Doji,SELL,58.55,22.61,1.81,-2.58,4.17,24.87,4222.67,4227.92,4134.55,0.01,-5.25,90606.25000000124,SL
2026-06-12 19:00,2026-06-12 20:00,H1,Naiya Doji,SELL,58.51,22.4,1.92,-2.43,5.29,12.46,4222.67,4227.92,4134.55,0.01,-5.25,90601.00000000124,SL
2026-06-15 00:00,2026-06-15 00:00,H1,Naiya Doji,SELL,74.93,27.22,3.25,-0.82,14.72,28.5,4222.67,4227.92,4134.55,0.01,-5.25,90595.75000000124,SL
2026-06-15 02:00,2026-06-15 15:00,H1,GapSweep,SELL,71.32,26.22,3.21,-0.6,1.55,16.58,4300.29,4352.74,3966.28,0.01,-52.45,90543.30000000124,SL
2026-06-15 10:00,2026-06-15 15:00,H1,Naiya Doji,SELL,80.15,23.09,3.22,0.55,11.07,23.55,4344.41,4363.54,4158.12,0.01,-19.13,90524.17000000124,SL
2026-06-15 10:00,2026-06-15 15:00,H1,Naiya Doji,SELL,80.15,23.09,3.22,0.55,11.07,23.55,4344.41,4363.54,4158.12,0.01,-19.13,90505.04000000123,SL
2026-06-15 10:00,2026-06-15 15:00,H1,Naiya Doji,SELL,80.15,23.09,3.22,0.55,11.07,23.55,4344.41,4363.54,4158.12,0.01,-19.13,90485.91000000123,SL
2026-06-15 10:00,2026-06-15 15:00,H1,Naiya Doji,SELL,80.15,23.09,3.22,0.55,11.07,23.55,4344.41,4363.54,4158.12,0.01,-19.13,90466.78000000122,SL
2026-06-17 16:00,2026-06-17 19:00,H1,Naiya Doji,SELL,55.43,14.16,0.27,1.61,4.77,33.03,4361.6,4369.3,4258.47,0.01,-7.7,90459.08000000122,SL
2026-06-17 16:00,2026-06-17 19:00,H1,Naiya Doji,SELL,55.43,14.16,0.27,1.61,4.77,33.03,4361.6,4369.3,4258.47,0.01,-7.7,90451.38000000123,SL
2026-06-17 16:00,2026-06-17 19:00,H1,Naiya Doji,SELL,55.43,14.16,0.27,1.61,4.77,33.03,4361.6,4369.3,4258.47,0.01,-7.7,90443.68000000123,SL
2026-06-17 16:00,2026-06-17 19:00,H1,Naiya Doji,SELL,55.43,14.16,0.27,1.61,4.77,33.03,4361.6,4369.3,4258.47,0.01,-7.7,90435.98000000123,SL
2026-06-17 16:00,2026-06-17 19:00,H1,Naiya Doji,SELL,55.43,14.16,0.27,1.61,4.77,33.03,4361.6,4369.3,4258.47,0.01,-7.7,90428.28000000124,SL
2026-06-18 03:00,2026-06-18 07:00,H1,Naiya Doji,SELL,47.72,32.66,-0.2,1.16,9.44,21.62,4328.48,4335.66,4305.66,0.01,22.82,90451.10000000124,TP
2026-06-18 03:00,2026-06-18 07:00,H1,Naiya Doji,SELL,47.72,32.66,-0.2,1.16,9.44,21.62,4328.48,4335.66,4305.66,0.01,22.82,90473.92000000125,TP
2026-06-18 03:00,2026-06-18 07:00,H1,Naiya Doji,SELL,47.72,32.66,-0.2,1.16,9.44,21.62,4328.48,4335.66,4305.66,0.01,22.82,90496.74000000126,TP
2026-06-18 03:00,2026-06-18 07:00,H1,Naiya Doji,SELL,47.72,32.66,-0.2,1.16,9.44,21.62,4328.48,4335.66,4305.66,0.01,22.82,90519.56000000126,TP
2026-06-22 01:00,2026-06-22 02:00,H1,GapSweep,SELL,50.24,16.58,-1.98,-2.38,15.92,28.23,4156.21,4189.36,3945.07,0.01,-33.15,90486.41000000127,SL
2026-06-23 03:00,2026-06-23 03:00,H1,Naiya Doji,BUY,29.25,17.76,-0.44,-1.65,32.16,48.47,4151.06,4290.43,4507.2,0.01,139.37,90625.78000000126,SL
2026-06-23 03:00,2026-06-23 03:00,H1,Naiya Doji,BUY,29.25,17.76,-0.44,-1.65,32.16,48.47,4151.06,4289.38,4511.92,0.01,138.32,90764.10000000127,SL
2026-06-23 03:00,2026-06-23 03:00,H1,Naiya Doji,BUY,29.25,17.76,-0.44,-1.65,32.16,48.47,4151.06,4290.17,4508.39,0.01,139.11,90903.21000000127,SL
2026-06-23 03:00,2026-06-23 03:00,H1,Naiya Doji,BUY,29.25,17.76,-0.44,-1.65,32.16,48.47,4151.06,4295.42,4484.72,0.01,144.36,91047.57000000127,SL
2026-06-23 03:00,2026-06-23 03:00,H1,Naiya Doji,BUY,29.25,17.76,-0.44,-1.65,32.16,48.47,4151.06,4295.37,4484.97,0.01,144.31,91191.88000000127,SL
2026-06-23 04:00,2026-06-23 04:00,H1,Naiya Doji,BUY,24.02,18.0,-0.75,-1.98,14.33,16.93,4151.06,4294.3,4489.77,0.01,143.24,91335.12000000128,SL
2026-06-23 04:00,2026-06-23 04:00,H1,Naiya_Sweep_Far,BUY,24.02,18.0,-0.75,-1.98,14.33,16.93,4329.82,4275.51,4360.31,0.01,-54.31,91280.81000000128,SL
2026-06-23 05:00,2026-06-23 05:00,H1,Naiya_Sweep_Far,BUY,26.6,17.96,-0.78,-2.04,2.8,18.91,4329.82,4275.51,4360.31,0.01,-54.31,91226.50000000128,SL
2026-06-23 06:00,2026-06-23 06:00,H1,Naiya_Sweep_Far,BUY,17.23,18.63,-1.36,-2.65,26.15,32.13,4329.82,4275.51,4360.31,0.01,-54.31,91172.19000000128,SL
2026-06-23 07:00,2026-06-23 07:00,H1,Naiya_Sweep_Far,BUY,19.35,18.49,-1.25,-2.58,2.95,22.18,4329.82,4275.51,4360.31,0.01,-54.31,91117.88000000129,SL
2026-06-23 08:00,2026-06-23 08:00,H1,Naiya_Sweep_Far,BUY,20.8,17.41,-1.37,-2.73,6.68,16.49,4329.82,4275.51,4360.31,0.01,-54.31,91063.57000000129,SL
2026-06-23 09:00,2026-06-23 09:00,H1,Naiya_Sweep_Far,BUY,13.85,18.09,-1.7,-3.09,15.56,28.15,4329.82,4275.51,4360.31,0.01,-54.31,91009.26000000129,SL
2026-06-23 10:00,2026-06-23 10:00,H1,Naiya_Sweep_Far,BUY,19.04,18.48,-1.51,-2.93,6.51,20.03,4329.82,4275.51,4360.31,0.01,-54.31,90954.95000000129,SL
2026-06-23 11:00,2026-06-23 11:00,H1,Naiya_Sweep_Far,BUY,24.27,19.05,-1.08,-2.52,16.99,18.26,4329.82,4275.51,4360.31,0.01,-54.31,90900.6400000013,SL
2026-06-23 12:00,2026-06-23 12:00,H1,Naiya_Sweep_Far,BUY,23.84,19.37,-1.12,-2.58,2.71,13.66,4329.82,4275.51,4360.31,0.01,-54.31,90846.3300000013,SL
2026-06-23 13:00,2026-06-23 13:00,H1,Naiya_Sweep_Far,BUY,25.52,20.05,-1.03,-2.5,3.4,14.43,4329.82,4275.51,4360.31,0.01,-54.31,90792.0200000013,SL
2026-06-23 14:00,2026-06-23 14:00,H1,Naiya_Sweep_Far,BUY,24.09,20.72,-1.26,-2.74,10.03,15.65,4329.82,4275.51,4360.31,0.01,-54.31,90737.7100000013,SL
2026-06-23 15:00,2026-06-23 15:00,H1,Naiya_Sweep_Far,BUY,34.5,22.61,-0.72,-2.21,22.34,35.01,4329.82,4275.51,4360.31,0.01,-54.31,90683.4000000013,SL
2026-06-24 00:00,2026-06-24 00:00,H1,Naiya Doji,BUY,52.49,16.97,-1.33,-2.99,7.75,18.11,4100.95,4291.72,4501.38,0.01,190.77,90874.17000000131,SL
2026-06-24 00:00,2026-06-24 00:00,H1,Naiya Doji,BUY,52.49,16.97,-1.33,-2.99,7.75,18.11,4100.95,4291.08,4504.3,0.01,190.13,91064.30000000131,SL
2026-06-24 00:00,2026-06-24 00:00,H1,Naiya Doji,BUY,52.49,16.97,-1.33,-2.99,7.75,18.11,4100.95,4289.73,4510.38,0.01,188.78,91253.08000000131,SL
2026-06-24 00:00,2026-06-24 00:00,H1,Naiya Doji,BUY,52.49,16.97,-1.33,-2.99,7.75,18.11,4100.95,4288.38,4516.44,0.01,187.43,91440.5100000013,SL
2026-06-24 00:00,2026-06-24 00:00,H1,Naiya Doji,BUY,52.49,16.97,-1.33,-2.99,7.75,18.11,4100.95,4284.6,4533.47,0.01,183.65,91624.1600000013,SL
2026-06-24 01:00,2026-06-24 01:00,H1,Naiya_Sweep_Far,BUY,47.15,17.21,-1.43,-3.12,5.21,23.35,4329.82,4275.51,4360.31,0.01,-54.31,91569.8500000013,SL
2026-06-24 02:00,2026-06-24 02:00,H1,Naiya_Sweep_Far,BUY,36.71,17.21,-1.45,-3.16,1.86,18.26,4329.82,4275.51,4360.31,0.01,-54.31,91515.5400000013,SL
2026-06-24 03:00,2026-06-24 03:00,H1,Naiya_Sweep_Far,BUY,34.58,18.64,-1.61,-3.36,8.23,33.75,4329.82,4275.51,4360.31,0.01,-54.31,91461.2300000013,SL
2026-06-24 04:00,2026-06-24 04:00,H1,Naiya_Sweep_Far,BUY,24.91,20.75,-2.24,-4.01,27.85,43.94,4329.82,4275.51,4360.31,0.01,-54.31,91406.92000000131,SL
2026-06-24 05:00,2026-06-24 05:00,H1,Naiya_Sweep_Far,BUY,28.06,21.08,-2.17,-3.97,1.41,20.31,4329.82,4275.51,4360.31,0.01,-54.31,91352.61000000131,SL
2026-06-24 06:00,2026-06-24 06:00,H1,Naiya_Sweep_Far,BUY,12.44,19.46,-2.06,-3.93,1.77,12.2,4329.82,4275.51,4360.31,0.01,-54.31,91298.30000000131,SL
2026-06-24 07:00,2026-06-24 07:00,H1,Naiya_Sweep_Far,BUY,23.05,19.69,-1.73,-3.66,11.42,25.32,4329.82,4275.51,4360.31,0.01,-54.31,91243.99000000131,SL
2026-06-24 08:00,2026-06-24 08:00,H1,Naiya_Sweep_Far,BUY,25.09,19.95,-1.41,-3.39,11.27,21.8,4329.82,4275.51,4360.31,0.01,-54.31,91189.68000000132,SL
2026-06-24 09:00,2026-06-24 09:00,H1,Naiya_Sweep_Far,BUY,23.28,20.29,-1.66,-3.68,12.06,17.12,4329.82,4275.51,4360.31,0.01,-54.31,91135.37000000132,SL
2026-06-24 10:00,2026-06-24 10:00,H1,Naiya_Sweep_Far,BUY,25.75,20.46,-1.58,-3.65,1.44,14.42,4329.82,4275.51,4360.31,0.01,-54.31,91081.06000000132,SL
2026-06-24 11:00,2026-06-24 11:00,H1,Naiya_Sweep_Far,BUY,25.42,20.24,-1.79,-3.92,11.71,15.01,4329.82,4275.51,4360.31,0.01,-54.31,91026.75000000132,SL
2026-06-24 12:00,2026-06-24 12:00,H1,Naiya Doji,BUY,24.72,20.09,-1.95,-4.13,9.0,12.17,4060.56,4290.44,4507.14,0.01,229.88,91256.63000000133,SL
2026-06-24 12:00,2026-06-24 12:00,H1,Naiya Doji,BUY,24.72,20.09,-1.95,-4.13,9.0,12.17,4060.56,4289.93,4509.48,0.01,229.37,91486.00000000132,SL
2026-06-24 12:00,2026-06-24 12:00,H1,Naiya Doji,BUY,24.72,20.09,-1.95,-4.13,9.0,12.17,4060.56,4289.24,4512.58,0.01,228.68,91714.68000000132,SL
2026-06-24 12:00,2026-06-24 12:00,H1,Naiya Doji,BUY,24.72,20.09,-1.95,-4.13,9.0,12.17,4060.56,4288.89,4514.13,0.01,228.33,91943.01000000132,SL
2026-06-24 12:00,2026-06-24 12:00,H1,Naiya_Sweep_Far,BUY,24.72,20.09,-1.95,-4.13,9.0,12.17,4329.82,4275.51,4360.31,0.01,-54.31,91888.70000000132,SL
2026-06-24 13:00,2026-06-24 13:00,H1,Naiya_Sweep_Far,BUY,23.38,21.19,-2.09,-4.33,8.72,20.88,4329.82,4275.51,4360.31,0.01,-54.31,91834.39000000132,SL
2026-06-24 14:00,2026-06-24 14:00,H1,Naiya_Sweep_Far,BUY,16.01,24.27,-3.42,-5.72,59.08,61.17,4329.82,4275.51,4360.31,0.01,-54.31,91780.08000000133,SL
2026-06-24 15:00,2026-06-24 15:00,H1,Naiya_Sweep_Far,BUY,35.99,28.12,-2.12,-4.51,50.5,77.3,4329.82,4275.51,4360.31,0.01,-54.31,91725.77000000133,SL
2026-06-24 16:00,2026-06-24 16:00,H1,Naiya_Sweep_Far,BUY,31.79,29.53,-2.76,-5.21,30.29,38.04,4329.82,4275.51,4360.31,0.01,-54.31,91671.46000000133,SL
2026-06-24 17:00,2026-06-24 17:00,H1,Naiya_Sweep_Far,BUY,32.17,28.51,-2.8,-5.32,5.88,19.52,4329.82,4275.51,4360.31,0.01,-54.31,91617.15000000133,SL
2026-06-24 18:00,2026-06-24 18:00,H1,Naiya_Sweep_Far,BUY,37.54,27.27,-2.61,-5.2,3.69,26.58,4329.82,4275.51,4360.31,0.01,-54.31,91562.84000000134,SL
2026-06-24 19:00,2026-06-24 19:00,H1,Naiya_Sweep_Far,BUY,32.11,28.57,-3.32,-5.97,33.93,38.47,4329.82,4275.51,4360.31,0.01,-54.31,91508.53000000134,SL
2026-06-24 21:00,2026-06-24 21:00,H1,Naiya_Sweep_Far,BUY,32.69,29.63,-2.76,-5.55,6.52,17.25,4329.82,4275.51,4360.31,0.01,-54.31,91454.22000000134,SL
2026-06-24 22:00,2026-06-24 22:00,H1,Naiya_Sweep_Far,BUY,33.09,29.36,-2.35,-5.23,12.78,18.07,4329.82,4275.51,4360.31,0.01,-54.31,91399.91000000134,SL
2026-06-25 00:00,2026-06-25 00:00,H1,Naiya_Sweep_Far,BUY,34.14,29.27,-2.38,-5.32,11.98,15.74,4329.82,4275.51,4360.31,0.01,-54.31,91345.60000000134,SL
2026-06-25 01:00,2026-06-25 01:00,H1,Naiya_Sweep_Far,BUY,37.8,30.22,-1.9,-4.91,16.03,27.84,4329.82,4275.51,4360.31,0.01,-54.31,91291.29000000135,SL
2026-06-25 02:00,2026-06-25 02:00,H1,Naiya,BUY,36.49,31.87,-2.32,-5.39,21.16,38.03,4008.38,3992.83,4238.9,0.01,-15.55,91275.74000000134,SL
2026-06-25 02:00,2026-06-25 02:00,H1,Naiya_Sweep_Far,BUY,36.49,31.87,-2.32,-5.39,21.16,38.03,4329.82,4275.51,4360.31,0.01,-54.31,91221.43000000135,SL
2026-06-25 03:00,2026-06-25 03:00,H1,Naiya Doji,BUY,35.75,33.39,-2.57,-5.72,14.72,33.46,3976.64,4271.09,4594.3,0.01,294.45,91515.88000000134,SL
2026-06-25 03:00,2026-06-25 03:00,H1,Naiya Doji,BUY,35.75,33.39,-2.57,-5.72,14.72,33.46,3976.64,4271.29,4593.41,0.01,294.65,91810.53000000134,SL
2026-06-25 03:00,2026-06-25 03:00,H1,Naiya Doji,BUY,35.75,33.39,-2.57,-5.72,14.72,33.46,3976.64,4269.37,4602.05,0.01,292.73,92103.26000000133,SL
2026-06-25 03:00,2026-06-25 03:00,H1,Naiya_Sweep_Far,BUY,35.75,33.39,-2.57,-5.72,14.72,33.46,4329.82,4275.51,4360.31,0.01,-54.31,92048.95000000134,SL
2026-06-25 04:00,2026-06-25 04:00,H1,Naiya_Sweep_Far,BUY,38.45,33.86,-2.31,-5.54,6.63,27.48,4329.82,4275.51,4360.31,0.01,-54.31,91994.64000000134,SL
2026-06-25 05:00,2026-06-25 05:00,H1,Naiya_Sweep_Far,BUY,51.72,31.98,-1.92,-5.23,12.35,34.88,4329.82,4275.51,4360.31,0.01,-54.31,91940.33000000134,SL
2026-06-25 06:00,2026-06-25 06:00,H1,Naiya_Sweep_Far,BUY,38.11,27.46,-1.81,-5.19,0.41,14.03,4329.82,4275.51,4360.31,0.01,-54.31,91886.02000000134,SL
2026-06-25 07:00,2026-06-25 07:00,H1,Naiya_Sweep_Far,BUY,43.17,26.14,-1.96,-5.39,9.53,19.57,4329.82,4275.51,4360.31,0.01,-54.31,91831.71000000135,SL
2026-06-25 08:00,2026-06-25 08:00,H1,Naiya Doji,BUY,42.14,25.83,-2.11,-5.58,9.26,15.11,3977.36,4265.85,4617.89,0.01,288.49,92120.20000000135,SL
2026-06-25 08:00,2026-06-25 08:00,H1,Naiya Doji,BUY,42.14,25.83,-2.11,-5.58,9.26,15.11,3977.36,4274.89,4577.18,0.01,297.53,92417.73000000135,SL
2026-06-25 08:00,2026-06-25 08:00,H1,Naiya_Sweep_Far,BUY,42.14,25.83,-2.11,-5.58,9.26,15.11,4329.82,4275.51,4360.31,0.01,-54.31,92363.42000000135,SL
2026-06-25 09:00,2026-06-25 09:00,H1,Naiya_Sweep_Far,BUY,44.41,25.24,-1.77,-5.3,10.58,18.3,4329.82,4275.51,4360.31,0.01,-54.31,92309.11000000135,SL
2026-06-25 10:00,2026-06-25 10:00,H1,Naiya_Sweep_Far,BUY,56.09,23.76,-1.68,-5.25,1.35,17.8,4329.82,4275.51,4360.31,0.01,-54.31,92254.80000000136,SL
2026-06-25 11:00,2026-06-25 11:00,H1,Naiya_Sweep_Far,BUY,52.67,22.08,-1.64,-5.25,1.19,11.6,4329.82,4275.51,4360.31,0.01,-54.31,92200.49000000136,SL
2026-06-25 12:00,2026-06-25 12:00,H1,Naiya_Sweep_Far,BUY,48.48,21.42,-1.67,-5.32,3.9,8.01,4329.82,4275.51,4360.31,0.01,-54.31,92146.18000000136,SL
2026-06-25 13:00,2026-06-25 13:00,H1,Naiya_Sweep_Far,BUY,40.99,21.14,-1.72,-5.39,4.32,14.1,4329.82,4275.51,4360.31,0.01,-54.31,92091.87000000136,SL
2026-06-25 14:00,2026-06-25 14:00,H1,Naiya_Sweep_Far,BUY,55.59,22.89,-0.87,-4.6,32.29,40.31,4329.82,4275.51,4360.31,0.01,-54.31,92037.56000000137,SL
2026-06-25 15:00,2026-06-25 15:00,H1,Naiya_Sweep_Far,BUY,46.28,23.26,-1.07,-4.82,10.12,33.02,4329.82,4275.51,4360.31,0.01,-54.31,91983.25000000137,SL
2026-06-25 16:00,2026-06-25 16:00,H1,Naiya_Sweep_Far,BUY,58.17,22.64,-0.77,-4.56,9.54,29.25,4329.82,4275.51,4360.31,0.01,-54.31,91928.94000000137,SL
2026-06-25 17:00,2026-06-25 17:00,H1,Naiya_Sweep_Far,BUY,72.94,22.93,-0.01,-3.85,29.09,37.62,4329.82,4275.51,4360.31,0.01,-54.31,91874.63000000137,SL
2026-06-26 01:00,2026-06-26 01:00,H1,Naiya Doji,BUY,59.8,20.62,-0.32,-4.27,11.79,17.7,4013.8,4283.95,4536.38,0.01,270.15,92144.78000000137,SL
2026-06-26 04:00,2026-06-26 11:00,H1,Naiya,BUY,53.41,23.11,-0.77,-4.73,30.44,40.14,3984.44,3973.68,4046.52,0.01,62.08,92206.86000000137,TP
2026-06-29 11:00,2026-06-29 11:00,H1,Naiya Doji,BUY,35.72,19.53,-0.14,-2.79,15.45,30.54,4031.82,4292.17,4499.37,0.01,260.35,92467.21000000137,SL
2026-06-29 12:00,2026-06-29 12:00,H1,Naiya_Sweep_Far,BUY,36.27,19.68,-0.04,-2.63,5.24,12.17,4329.82,4275.51,4360.31,0.01,-54.31,92412.90000000138,SL
2026-06-29 13:00,2026-06-29 13:00,H1,Naiya_Sweep_Far,BUY,28.49,18.96,-0.0,-2.54,2.43,14.8,4329.82,4275.51,4360.31,0.01,-54.31,92358.59000000138,SL
2026-06-29 15:00,2026-06-29 15:00,H1,Naiya Doji,BUY,35.18,17.88,-0.23,-2.64,11.41,23.46,4031.82,4291.89,4500.61,0.01,260.07,92618.66000000139,SL
2026-06-29 16:00,2026-06-29 16:00,H1,Naiya_Sweep_Far,BUY,28.71,18.55,-0.41,-2.76,6.61,35.29,4329.82,4275.51,4360.31,0.01,-54.31,92564.35000000139,SL
2026-06-29 17:00,2026-06-29 17:00,H1,Naiya_Sweep_Far,BUY,32.08,18.05,-0.4,-2.7,1.13,13.65,4329.82,4275.51,4360.31,0.01,-54.31,92510.04000000139,SL
2026-06-29 18:00,2026-06-29 18:00,H1,Naiya_Sweep_Far,BUY,27.41,17.8,-0.48,-2.73,3.12,9.85,4329.82,4275.51,4360.31,0.01,-54.31,92455.7300000014,SL
2026-06-29 19:00,2026-06-29 19:00,H1,Naiya_Sweep_Far,BUY,24.62,17.94,-0.56,-2.77,2.91,12.69,4329.82,4275.51,4360.31,0.01,-54.31,92401.4200000014,SL
2026-06-29 20:00,2026-06-29 20:00,H1,Naiya_Sweep_Far,BUY,27.23,17.51,-0.75,-2.91,7.6,13.24,4329.82,4275.51,4360.31,0.01,-54.31,92347.1100000014,SL
2026-06-29 21:00,2026-06-29 21:00,H1,Naiya_Sweep_Far,BUY,27.48,17.22,-0.68,-2.81,2.5,14.11,4329.82,4275.51,4360.31,0.01,-54.31,92292.8000000014,SL
2026-06-29 22:00,2026-06-29 22:00,H1,Naiya_Sweep_Far,BUY,20.52,16.8,-0.66,-2.77,0.36,5.25,4329.82,4275.51,4360.31,0.01,-54.31,92238.4900000014,SL
2026-06-30 00:00,2026-06-30 00:00,H1,Naiya_Sweep_Far,BUY,20.18,16.81,-0.7,-2.78,6.05,12.53,4329.82,4275.51,4360.31,0.01,-54.31,92184.1800000014,SL
2026-06-30 01:00,2026-06-30 01:00,H1,Naiya_Sweep_Far,BUY,25.54,15.8,-0.68,-2.73,0.46,8.93,4329.82,4275.51,4360.31,0.01,-54.31,92129.8700000014,SL
2026-06-30 02:00,2026-06-30 02:00,H1,Naiya Doji,BUY,21.52,16.13,-1.34,-3.36,27.48,35.16,3980.73,4284.03,4536.02,0.01,303.3,92433.17000000141,SL
2026-06-30 02:00,2026-06-30 02:00,H1,Naiya Doji,BUY,21.52,16.13,-1.34,-3.36,27.48,35.16,3980.73,4283.29,4539.35,0.01,302.56,92735.73000000141,SL
2026-06-30 02:00,2026-06-30 02:00,H1,Naiya Doji,BUY,21.52,16.13,-1.34,-3.36,27.48,35.16,3980.73,4284.55,4533.71,0.01,303.82,93039.55000000141,SL
2026-06-30 02:00,2026-06-30 02:00,H1,Naiya Doji,BUY,21.52,16.13,-1.34,-3.36,27.48,35.16,3980.73,4288.57,4515.58,0.01,307.84,93347.39000000141,SL
2026-06-30 02:00,2026-06-30 02:00,H1,Naiya_Sweep_Far,BUY,21.52,16.13,-1.34,-3.36,27.48,35.16,4329.82,4275.51,4360.31,0.01,-54.31,93293.08000000141,SL
2026-06-30 03:00,2026-06-30 03:00,H1,Naiya_Sweep_Far,BUY,12.75,18.45,-1.75,-3.75,17.67,44.58,4329.82,4275.51,4360.31,0.01,-54.31,93238.77000000142,SL
2026-06-30 04:00,2026-06-30 04:00,H1,Naiya_Sweep_Far,BUY,9.65,18.88,-1.88,-3.86,6.33,20.84,4329.82,4275.51,4360.31,0.01,-54.31,93184.46000000142,SL
2026-06-30 05:00,2026-06-30 05:00,H1,Naiya_Sweep_Far,BUY,12.07,18.61,-1.69,-3.65,6.89,10.93,4329.82,4275.51,4360.31,0.01,-54.31,93130.15000000142,SL
2026-06-30 06:00,2026-06-30 06:00,H1,Naiya_Sweep_Far,BUY,27.03,19.07,-1.28,-3.23,15.75,29.87,4329.82,4275.51,4360.31,0.01,-54.31,93075.84000000142,SL
2026-06-30 07:00,2026-06-30 07:00,H1,Naiya_Sweep_Far,BUY,26.74,17.67,-1.45,-3.37,7.6,15.77,4329.82,4275.51,4360.31,0.01,-54.31,93021.53000000142,SL
2026-06-30 08:00,2026-06-30 08:00,H1,Naiya Doji,SELL,50.91,20.7,-0.19,-2.08,51.75,56.06,4025.7,4032.05,3980.45,0.01,-6.35,93015.18000000142,SL
2026-06-30 08:00,2026-06-30 08:00,H1,Naiya Doji,SELL,50.91,20.7,-0.19,-2.08,51.75,56.06,4025.7,4032.05,3980.45,0.01,-6.35,93008.83000000141,SL
2026-06-30 08:00,2026-06-30 08:00,H1,Naiya_Sweep_Far,BUY,50.91,20.7,-0.19,-2.08,51.75,56.06,4329.82,4275.51,4360.31,0.01,-54.31,92954.52000000142,SL
2026-06-30 09:00,2026-06-30 09:00,H1,Naiya_Sweep_Far,BUY,52.74,20.78,-0.14,-1.99,2.56,10.91,4329.82,4275.51,4360.31,0.01,-54.31,92900.21000000142,SL
2026-06-30 10:00,2026-06-30 10:00,H1,Naiya_Sweep_Far,BUY,48.36,21.57,-0.56,-2.35,16.68,23.83,4329.82,4275.51,4360.31,0.01,-54.31,92845.90000000142,SL
2026-06-30 11:00,2026-06-30 11:00,H1,Naiya_Sweep_Far,BUY,53.13,21.44,-0.36,-2.11,8.41,11.39,4329.82,4275.51,4360.31,0.01,-54.31,92791.59000000142,SL
2026-06-30 12:00,2026-06-30 12:00,H1,Naiya_Sweep_Far,BUY,54.09,21.13,-0.21,-1.93,5.75,9.78,4329.82,4275.51,4360.31,0.01,-54.31,92737.28000000142,SL
2026-06-30 14:00,2026-06-30 14:00,H1,Naiya Doji,BUY,48.99,22.55,-0.69,-2.33,23.71,25.74,4012.44,4288.42,4516.28,0.01,275.98,93013.26000000142,SL
2026-06-30 14:00,2026-06-30 14:00,H1,Naiya Doji,BUY,48.99,22.55,-0.69,-2.33,23.71,25.74,4012.44,4288.26,4516.96,0.01,275.82,93289.08000000143,SL
2026-06-30 14:00,2026-06-30 14:00,H1,Naiya Doji,BUY,48.99,22.55,-0.69,-2.33,23.71,25.74,4012.44,4286.94,4522.94,0.01,274.5,93563.58000000143,SL
2026-06-30 14:00,2026-06-30 14:00,H1,Naiya Doji,BUY,48.99,22.55,-0.69,-2.33,23.71,25.74,4012.44,4287.56,4520.15,0.01,275.12,93838.70000000142,SL
2026-06-30 15:00,2026-06-30 15:00,H1,Naiya_Sweep_Far,BUY,53.43,23.62,-0.2,-1.81,19.5,23.89,4329.82,4275.51,4360.31,0.01,-54.31,93784.39000000143,SL
2026-06-30 16:00,2026-06-30 16:00,H1,Naiya Doji,SELL,62.87,23.82,0.0,-1.59,7.36,38.02,4045.03,4052.39,4007.65,0.01,-7.36,93777.03000000142,SL
2026-06-30 16:00,2026-06-30 16:00,H1,Naiya Doji,SELL,62.87,23.82,0.0,-1.59,7.36,38.02,4045.03,4052.39,3967.88,0.01,-7.36,93769.67000000142,SL
2026-06-30 16:00,2026-06-30 16:00,H1,Naiya Doji,SELL,62.87,23.82,0.0,-1.59,7.36,38.02,4045.03,4052.39,3874.88,0.01,-7.36,93762.31000000142,SL
2026-06-30 16:00,2026-06-30 16:00,H1,Naiya Doji,SELL,62.87,23.82,0.0,-1.59,7.36,38.02,4045.03,4052.39,3874.88,0.01,-7.36,93754.95000000142,SL
2026-06-30 16:00,2026-06-30 16:00,H1,Naiya_Sweep_Far,BUY,62.87,23.82,0.0,-1.59,7.36,38.02,4329.82,4275.51,4360.31,0.01,-54.31,93700.64000000143,SL
2026-06-30 17:00,2026-06-30 17:00,H1,Naiya_Sweep_Far,BUY,66.2,21.86,-0.19,-1.76,8.01,17.05,4329.82,4275.51,4360.31,0.01,-54.31,93646.33000000143,SL
2026-06-30 18:00,2026-06-30 18:00,H1,Naiya_Sweep_Far,BUY,67.39,20.94,-0.25,-1.82,3.19,7.97,4329.82,4275.51,4360.31,0.01,-54.31,93592.02000000143,SL
2026-06-30 22:00,2026-06-30 22:00,H1,Naiya Doji,BUY,41.14,16.23,-0.6,-2.15,9.16,14.96,4012.44,4282.58,4542.55,0.01,270.14,93862.16000000143,SL
2026-06-30 22:00,2026-06-30 22:00,H1,Naiya Doji,BUY,41.14,16.23,-0.6,-2.15,9.16,14.96,4012.44,4282.17,4544.39,0.01,269.73,94131.89000000143,SL
2026-06-30 22:00,2026-06-30 22:00,H1,Naiya Doji,BUY,41.14,16.23,-0.6,-2.15,9.16,14.96,4012.44,4286.11,4526.68,0.01,273.67,94405.56000000142,SL
2026-06-30 22:00,2026-06-30 22:00,H1,Naiya Doji,BUY,41.14,16.23,-0.6,-2.15,9.16,14.96,4012.44,4287.94,4518.4,0.01,275.5,94681.06000000142,SL
2026-07-01 00:00,2026-07-01 00:00,H1,Naiya_Sweep_Far,BUY,42.77,16.24,-0.42,-1.97,1.21,6.88,4329.82,4275.51,4360.31,0.01,-54.31,94626.75000000143,SL
2026-07-01 01:00,2026-07-01 01:00,H1,Naiya_Sweep_Far,BUY,46.01,15.47,-0.57,-2.11,7.36,13.07,4329.82,4275.51,4360.31,0.01,-54.31,94572.44000000143,SL
2026-07-01 02:00,2026-07-01 02:00,H1,Naiya_Sweep_Far,BUY,39.0,15.84,-0.76,-2.29,8.99,16.59,4329.82,4275.51,4360.31,0.01,-54.31,94518.13000000143,SL
2026-07-01 03:00,2026-07-01 03:00,H1,Naiya,BUY,30.9,16.98,-1.17,-2.71,18.92,25.83,3985.57,3975.12,4067.23,0.01,-10.45,94507.68000000143,SL
2026-07-01 03:00,2026-07-01 03:00,H1,Naiya_Sweep_Far,BUY,30.9,16.98,-1.17,-2.71,18.92,25.83,4329.82,4275.51,4360.31,0.01,-54.31,94453.37000000144,SL
2026-07-01 04:00,2026-07-01 04:00,H1,Naiya_Sweep_Far,BUY,29.48,17.28,-1.1,-2.64,1.41,16.03,4329.82,4275.51,4360.31,0.01,-54.31,94399.06000000144,SL
2026-07-01 05:00,2026-07-01 05:00,H1,Naiya_Sweep_Far,BUY,36.62,16.17,-1.02,-2.57,1.29,10.27,4329.82,4275.51,4360.31,0.01,-54.31,94344.75000000144,SL
2026-07-01 06:00,2026-07-01 06:00,H1,Naiya_Sweep_Far,BUY,22.24,15.21,-1.07,-2.63,4.04,10.33,4329.82,4275.51,4360.31,0.01,-54.31,94290.44000000144,SL
2026-07-01 07:00,2026-07-01 07:00,H1,Naiya_Sweep_Far,BUY,14.93,13.14,-1.1,-2.66,2.63,9.06,4329.82,4275.51,4360.31,0.01,-54.31,94236.13000000145,SL
2026-07-01 08:00,2026-07-01 08:00,H1,Naiya_Sweep_Far,BUY,15.96,12.94,-1.11,-2.68,2.12,14.3,4329.82,4275.51,4360.31,0.01,-54.31,94181.82000000145,SL
2026-07-01 09:00,2026-07-01 09:00,H1,Naiya_Sweep_Far,BUY,20.7,13.68,-0.95,-2.55,4.19,18.25,4329.82,4275.51,4360.31,0.01,-54.31,94127.51000000145,SL
2026-07-01 10:00,2026-07-01 10:00,H1,Naiya_Sweep_Far,BUY,15.84,13.93,-0.95,-2.55,1.52,14.94,4329.82,4275.51,4360.31,0.01,-54.31,94073.20000000145,SL
2026-07-01 11:00,2026-07-01 11:00,H1,Naiya_Sweep_Far,BUY,25.49,14.47,-0.67,-2.28,9.93,13.14,4329.82,4275.51,4360.31,0.01,-54.31,94018.89000000145,SL
2026-07-01 12:00,2026-07-01 12:00,H1,Naiya_Sweep_Far,BUY,40.3,14.65,-0.29,-1.9,13.8,17.33,4329.82,4275.51,4360.31,0.01,-54.31,93964.58000000146,SL
2026-07-01 13:00,2026-07-01 13:00,H1,Naiya_Sweep_Far,BUY,60.22,16.27,0.52,-1.09,32.04,37.59,4329.82,4275.51,4360.31,0.01,-54.31,93910.27000000146,SL
2026-07-01 14:00,2026-07-01 14:00,H1,Naiya_Sweep_Far,BUY,54.16,16.5,0.34,-1.26,7.81,14.33,4329.82,4275.51,4360.31,0.01,-54.31,93855.96000000146,SL
2026-07-01 15:00,2026-07-01 15:00,H1,Naiya Doji,SELL,73.95,22.36,1.99,0.41,67.07,94.98,4070.38,4075.7,4011.16,0.01,-5.32,93850.64000000145,SL
2026-07-01 15:00,2026-07-01 15:00,H1,Naiya Doji,SELL,73.95,22.36,1.99,0.41,67.07,94.98,4045.03,4052.39,3874.88,0.01,-7.36,93843.28000000145,SL
2026-07-01 15:00,2026-07-01 15:00,H1,Naiya Doji,SELL,73.95,22.36,1.99,0.41,67.07,94.98,4045.03,4052.39,3981.75,0.01,-7.36,93835.92000000145,SL
2026-07-01 15:00,2026-07-01 15:00,H1,Naiya Doji,SELL,73.95,22.36,1.99,0.41,67.07,94.98,4045.03,4052.39,3981.75,0.01,-7.36,93828.56000000145,SL
2026-07-01 15:00,2026-07-01 15:00,H1,Naiya Doji,SELL,73.95,22.36,1.99,0.41,67.07,94.98,4045.03,4052.39,3981.75,0.01,-7.36,93821.20000000145,SL
2026-07-01 15:00,2026-07-01 15:00,H1,Naiya_Sweep_Far,BUY,73.95,22.36,1.99,0.41,67.07,94.98,4329.82,4275.51,4360.31,0.01,-54.31,93766.89000000145,SL
2026-07-02 14:00,2026-07-02 14:00,H1,Naiya Doji,SELL,73.49,20.25,2.09,1.37,52.19,79.03,4099.23,4115.41,3864.22,0.01,-16.18,93750.71000000146,SL
2026-07-02 14:00,2026-07-02 14:00,H1,Naiya,SELL,73.49,20.25,2.09,1.37,52.19,79.03,4091.49,4115.41,3864.22,0.01,-23.92,93726.79000000146,SL
2026-07-02 14:00,2026-07-02 14:00,H1,Naiya Doji,SELL,73.49,20.25,2.09,1.37,52.19,79.03,4099.23,4115.41,3864.22,0.01,-16.18,93710.61000000147,SL
2026-07-02 14:00,2026-07-02 14:00,H1,Naiya Doji,SELL,73.49,20.25,2.09,1.37,52.19,79.03,4099.23,4115.41,3864.22,0.01,-16.18,93694.43000000148,SL
2026-07-02 14:00,2026-07-02 14:00,H1,Naiya Doji,SELL,73.49,20.25,2.09,1.37,52.19,79.03,4099.23,4115.41,3864.22,0.01,-16.18,93678.25000000148,SL
2026-07-03 06:00,2026-07-06 00:00,H1,Naiya,SELL,67.58,18.24,2.7,2.97,2.85,9.62,4182.41,4186.84,3977.5,0.01,-4.43,93673.82000000149,SL
2026-07-03 09:00,2026-07-03 10:00,H1,Naiya,SELL,75.78,15.98,2.36,2.93,3.88,12.4,4176.01,4182.84,3979.98,0.01,-6.83,93666.99000000149,SL
2026-07-03 12:00,2026-07-06 00:00,H1,Naiya,SELL,76.86,14.68,2.06,2.94,5.24,10.45,4177.25,4186.54,4047.12,0.01,-9.29,93657.7000000015,SL
2026-07-07 15:00,2026-07-16 21:00,H1,GapSweep,SELL,50.61,16.42,0.04,2.2,13.74,24.38,4179.75,4212.58,3970.66,0.01,209.09,93866.79000000149,TP
2026-07-13 01:00,2026-07-13 01:00,H1,Naiya_Sweep_Far,BUY,44.34,17.46,-0.47,-0.35,7.62,16.35,4329.82,4275.51,4360.31,0.01,-54.31,93812.4800000015,SL
2026-07-13 02:00,2026-07-13 02:00,H1,Naiya_Sweep_Far,BUY,37.7,18.81,-0.72,-0.61,10.43,29.91,4329.82,4275.51,4360.31,0.01,-54.31,93758.1700000015,SL
2026-07-13 02:00,2026-07-22 04:00,H1,GapSweep,SELL,37.7,18.81,-0.72,-0.61,10.43,29.91,4091.09,4128.72,3851.45,0.01,-37.63,93720.54000000149,SL
2026-07-13 03:00,2026-07-13 03:00,H1,Naiya_Sweep_Far,BUY,37.12,19.93,-0.76,-0.66,1.61,24.14,4329.82,4275.51,4360.31,0.01,-54.31,93666.2300000015,SL
2026-07-13 04:00,2026-07-13 04:00,H1,Naiya_Sweep_Far,BUY,36.67,19.98,-0.85,-0.77,3.57,12.76,4329.82,4275.51,4360.31,0.01,-54.31,93611.9200000015,SL
2026-07-13 05:00,2026-07-13 05:00,H1,Naiya_Sweep_Far,BUY,34.86,19.72,-1.04,-0.97,8.22,16.44,4329.82,4275.51,4360.31,0.01,-54.31,93557.6100000015,SL
2026-07-13 06:00,2026-07-13 06:00,H1,Naiya_Sweep_Far,BUY,34.64,18.94,-1.07,-1.01,1.64,10.17,4329.82,4275.51,4360.31,0.01,-54.31,93503.3000000015,SL
2026-07-13 07:00,2026-07-13 07:00,H1,Naiya_Sweep_Far,BUY,35.18,17.84,-1.19,-1.14,5.08,20.81,4329.82,4275.51,4360.31,0.01,-54.31,93448.9900000015,SL
2026-07-13 08:00,2026-07-13 08:00,H1,Naiya_Sweep_Far,BUY,24.65,17.67,-1.14,-1.1,1.85,19.67,4329.82,4275.51,4360.31,0.01,-54.31,93394.6800000015,SL
2026-07-13 09:00,2026-07-13 09:00,H1,Naiya_Sweep_Far,BUY,32.4,18.03,-0.92,-0.89,8.99,16.09,4329.82,4275.51,4360.31,0.01,-54.31,93340.37000000151,SL
2026-07-13 10:00,2026-07-13 10:00,H1,Naiya_Sweep_Far,BUY,39.05,18.84,-0.68,-0.65,10.07,17.6,4329.82,4275.51,4360.31,0.01,-54.31,93286.06000000151,SL
2026-07-13 11:00,2026-07-13 11:00,H1,Naiya_Sweep_Far,BUY,36.94,18.94,-0.83,-0.81,6.22,8.51,4329.82,4275.51,4360.31,0.01,-54.31,93231.75000000151,SL
2026-07-13 12:00,2026-07-13 12:00,H1,Naiya Doji,BUY,31.02,19.84,-0.99,-1.0,7.68,23.84,4053.74,4293.76,4492.22,0.01,240.02,93471.77000000152,SL
2026-07-13 12:00,2026-07-13 12:00,H1,Naiya Doji,BUY,31.02,19.84,-0.99,-1.0,7.68,23.84,4053.74,4292.15,4499.48,0.01,238.41,93710.18000000152,SL
2026-07-13 12:00,2026-07-13 12:00,H1,Naiya Doji,BUY,31.02,19.84,-0.99,-1.0,7.68,23.84,4053.74,4291.94,4500.4,0.01,238.2,93948.38000000152,SL
2026-07-13 12:00,2026-07-13 12:00,H1,Naiya_Sweep_Far,BUY,31.02,19.84,-0.99,-1.0,7.68,23.84,4329.82,4275.51,4360.31,0.01,-54.31,93894.07000000152,SL
2026-07-13 13:00,2026-07-13 13:00,H1,Naiya Doji,BUY,23.71,19.91,-1.07,-1.1,4.24,13.33,4055.43,4290.14,4508.51,0.01,234.71,94128.78000000153,SL
2026-07-13 13:00,2026-07-13 13:00,H1,Naiya_Sweep_Far,BUY,23.71,19.91,-1.07,-1.1,4.24,13.33,4329.82,4275.51,4360.31,0.01,-54.31,94074.47000000153,SL
2026-07-13 14:00,2026-07-13 14:00,H1,Naiya_Sweep_Far,BUY,44.65,17.39,-0.78,-0.84,10.84,13.79,4329.82,4275.51,4360.31,0.01,-54.31,94020.16000000153,SL
2026-07-13 15:00,2026-07-13 15:00,H1,Naiya Doji,BUY,30.29,18.04,-1.34,-1.43,24.17,25.47,4053.74,4295.05,4486.41,0.01,241.31,94261.47000000153,SL
2026-07-13 15:00,2026-07-13 15:00,H1,Naiya_Sweep_Far,BUY,30.29,18.04,-1.34,-1.43,24.17,25.47,4329.82,4275.51,4360.31,0.01,-54.31,94207.16000000153,SL
2026-07-13 16:00,2026-07-13 16:00,H1,Naiya_Sweep_Far,BUY,25.93,19.24,-1.98,-2.11,28.02,46.78,4329.82,4275.51,4360.31,0.01,-54.31,94152.85000000153,SL
2026-07-13 17:00,2026-07-13 17:00,H1,Naiya_Sweep_Far,BUY,26.77,18.23,-1.92,-2.09,0.69,9.96,4329.82,4275.51,4360.31,0.01,-54.31,94098.54000000154,SL
2026-07-13 18:00,2026-07-13 18:00,H1,Naiya_Sweep_Far,BUY,23.14,19.57,-2.42,-2.64,22.74,31.47,4329.82,4275.51,4360.31,0.01,-54.31,94044.23000000154,SL
2026-07-13 19:00,2026-07-13 19:00,H1,Naiya_Sweep_Far,BUY,24.55,19.09,-2.36,-2.64,0.09,9.8,4329.82,4275.51,4360.31,0.01,-54.31,93989.92000000154,SL
2026-07-13 20:00,2026-07-13 20:00,H1,Naiya_Sweep_Far,BUY,29.37,19.67,-2.1,-2.44,8.3,18.29,4329.82,4275.51,4360.31,0.01,-54.31,93935.61000000154,SL
2026-07-13 21:00,2026-07-13 21:00,H1,Naiya_Sweep_Far,BUY,30.74,18.98,-2.02,-2.43,0.27,11.08,4329.82,4275.51,4360.31,0.01,-54.31,93881.30000000155,SL
2026-07-13 22:00,2026-07-13 22:00,H1,Naiya_Sweep_Far,BUY,29.75,18.23,-1.97,-2.43,0.23,9.24,4329.82,4275.51,4360.31,0.01,-54.31,93826.99000000155,SL
2026-07-14 00:00,2026-07-14 00:00,H1,Naiya_Sweep_Far,BUY,24.56,17.44,-1.92,-2.45,2.56,5.04,4329.82,4275.51,4360.31,0.01,-54.31,93772.68000000155,SL
2026-07-14 01:00,2026-07-14 01:00,H1,Naiya_Sweep_Far,BUY,18.04,16.93,-1.86,-2.45,0.15,10.46,4329.82,4275.51,4360.31,0.01,-54.31,93718.37000000155,SL
2026-07-14 02:00,2026-07-14 02:00,H1,Naiya_Sweep_Far,BUY,21.25,18.01,-1.73,-2.38,3.01,23.61,4329.82,4275.51,4360.31,0.01,-54.31,93664.06000000155,SL
2026-07-14 03:00,2026-07-14 03:00,H1,Naiya_Sweep_Far,BUY,27.25,17.73,-1.52,-2.23,6.29,19.9,4329.82,4275.51,4360.31,0.01,-54.31,93609.75000000156,SL
2026-07-14 04:00,2026-07-14 04:00,H1,Naiya_Sweep_Far,BUY,29.56,17.71,-1.42,-2.19,1.69,13.02,4329.82,4275.51,4360.31,0.01,-54.31,93555.44000000156,SL
2026-07-14 05:00,2026-07-14 05:00,H1,Naiya_Sweep_Far,BUY,24.97,17.29,-1.26,-2.09,4.37,7.92,4329.82,4275.51,4360.31,0.01,-54.31,93501.13000000156,SL
2026-07-14 06:00,2026-07-14 06:00,H1,Naiya_Sweep_Far,BUY,35.79,16.19,-1.12,-2.01,3.36,10.03,4329.82,4275.51,4360.31,0.01,-54.31,93446.82000000156,SL
2026-07-14 07:00,2026-07-14 07:00,H1,Naiya_Sweep_Far,BUY,62.68,13.87,-0.81,-1.74,10.96,14.42,4329.82,4275.51,4360.31,0.01,-54.31,93392.51000000157,SL
2026-07-14 17:00,2026-07-22 04:00,H1,GapSweep,SELL,72.34,18.8,0.38,-0.89,18.9,35.89,4091.09,4128.7,3851.56,0.01,-37.61,93354.90000000157,SL
2026-07-15 19:00,2026-07-15 20:00,H1,Naiya Doji,SELL,62.34,17.29,0.7,-0.88,28.53,33.08,4064.09,4073.96,3982.53,0.01,-9.87,93345.03000000157,SL
2026-07-15 19:00,2026-07-15 20:00,H1,Naiya Doji,SELL,62.34,17.29,0.7,-0.88,28.53,33.08,4064.09,4073.96,3982.53,0.01,-9.87,93335.16000000158,SL
2026-07-16 14:00,2026-07-16 14:00,H1,Naiya Doji,BUY,19.63,14.36,-1.28,-2.3,45.9,52.97,3995.48,4294.36,4489.51,0.01,298.88,93634.04000000158,SL
2026-07-16 14:00,2026-07-16 14:00,H1,Naiya Doji,BUY,19.63,14.36,-1.28,-2.3,45.9,52.97,3995.48,4294.4,4489.31,0.01,298.92,93932.96000000158,SL
2026-07-16 14:00,2026-07-16 14:00,H1,Naiya Doji,BUY,19.63,14.36,-1.28,-2.3,45.9,52.97,3995.48,4295.24,4485.53,0.01,299.76,94232.72000000157,SL
2026-07-16 14:00,2026-07-16 14:00,H1,Naiya Doji,BUY,19.63,14.36,-1.28,-2.3,45.9,52.97,3995.48,4297.45,4475.6,0.01,301.97,94534.69000000157,SL
2026-07-16 14:00,2026-07-16 14:00,H1,Naiya Doji,BUY,19.63,14.36,-1.28,-2.3,45.9,52.97,3995.48,4302.07,4454.78,0.01,306.59,94841.28000000157,SL
2026-07-16 15:00,2026-07-16 15:00,H1,Naiya_Sweep_Far,BUY,19.53,16.38,-1.32,-2.34,2.16,34.64,4329.82,4275.51,4360.31,0.01,-54.31,94786.97000000157,SL
2026-07-16 16:00,2026-07-16 16:00,H1,Naiya_Sweep_Far,BUY,27.83,16.54,-1.12,-2.13,7.74,19.5,4329.82,4275.51,4360.31,0.01,-54.31,94732.66000000158,SL
2026-07-16 17:00,2026-07-16 17:00,H1,Naiya_Sweep_Far,BUY,35.27,17.32,-0.88,-1.88,9.03,27.58,4329.82,4275.51,4360.31,0.01,-54.31,94678.35000000158,SL
2026-07-16 18:00,2026-07-16 18:00,H1,Naiya_Sweep_Far,BUY,33.01,17.97,-1.21,-2.23,14.97,25.12,4329.82,4275.51,4360.31,0.01,-54.31,94624.04000000158,SL
2026-07-16 19:00,2026-07-16 19:00,H1,Naiya_Sweep_Far,BUY,28.28,18.24,-1.35,-2.38,7.42,12.79,4329.82,4275.51,4360.31,0.01,-54.31,94569.73000000158,SL
2026-07-16 20:00,2026-07-16 20:00,H1,Naiya_Sweep_Far,BUY,28.02,18.79,-1.4,-2.46,4.27,13.84,4329.82,4275.51,4360.31,0.01,-54.31,94515.42000000158,SL
2026-07-16 21:00,2026-07-16 21:00,H1,Naiya_Sweep_Far,BUY,29.32,19.37,-1.37,-2.45,0.53,16.84,4329.82,4275.51,4360.31,0.01,-54.31,94461.11000000159,SL
2026-07-16 22:00,2026-07-16 22:00,H1,Naiya_Sweep_Far,BUY,26.32,19.0,-1.42,-2.52,3.7,8.23,4329.82,4275.51,4360.31,0.01,-54.31,94406.80000000159,SL
2026-07-17 00:00,2026-07-17 00:00,H1,Naiya_Sweep_Far,BUY,27.67,18.87,-1.33,-2.45,1.19,7.07,4329.82,4275.51,4360.31,0.01,-54.31,94352.49000000159,SL
2026-07-17 01:00,2026-07-17 01:00,H1,Naiya_Sweep_Far,BUY,29.49,18.88,-1.1,-2.24,7.59,11.38,4329.82,4275.51,4360.31,0.01,-54.31,94298.1800000016,SL
2026-07-17 02:00,2026-07-17 02:00,H1,Naiya_Sweep_Far,BUY,33.66,19.17,-0.93,-2.08,5.78,11.26,4329.82,4275.51,4360.31,0.01,-54.31,94243.8700000016,SL
2026-07-17 03:00,2026-07-17 03:00,H1,Naiya_Sweep_Far,BUY,32.02,19.94,-1.11,-2.27,8.55,16.95,4329.82,4275.51,4360.31,0.01,-54.31,94189.5600000016,SL
2026-07-17 04:00,2026-07-17 04:00,H1,Naiya Doji,BUY,26.07,19.63,-1.17,-2.35,4.29,16.66,3977.72,4291.49,4502.45,0.01,313.77,94503.3300000016,SL
2026-07-17 04:00,2026-07-17 04:00,H1,Naiya_Sweep_Far,BUY,26.07,19.63,-1.17,-2.35,4.29,16.66,4329.82,4275.51,4360.31,0.01,-54.31,94449.0200000016,SL
2026-07-17 05:00,2026-07-17 05:00,H1,Naiya_Sweep_Far,BUY,49.36,17.98,-0.84,-2.03,12.2,29.92,4329.82,4275.51,4360.31,0.01,-54.31,94394.7100000016,SL
2026-07-17 05:00,2026-07-17 17:00,H1,Naiya Doji,SELL,49.36,17.98,-0.84,-2.03,12.2,29.92,4003.15,4016.94,3947.12,0.01,-13.79,94380.92000000161,SL
2026-07-17 06:00,2026-07-17 06:00,H1,Naiya_Sweep_Far,BUY,45.68,16.33,-1.04,-2.24,9.43,11.52,4329.82,4275.51,4360.31,0.01,-54.31,94326.61000000162,SL
2026-07-17 06:00,2026-07-17 14:00,H1,Naiya,BUY,45.68,16.33,-1.04,-2.24,9.43,11.52,3983.46,3970.79,4088.26,0.01,-12.67,94313.94000000162,SL
2026-07-17 07:00,2026-07-17 07:00,H1,Naiya Doji,BUY,43.05,16.09,-0.94,-2.15,3.32,16.12,3979.12,4293.85,4491.8,0.01,314.73,94628.67000000161,SL
2026-07-17 07:00,2026-07-17 07:00,H1,Naiya_Sweep_Far,BUY,43.05,16.09,-0.94,-2.15,3.32,16.12,4329.82,4275.51,4360.31,0.01,-54.31,94574.36000000162,SL
2026-07-17 08:00,2026-07-17 08:00,H1,Naiya_Sweep_Far,BUY,46.15,15.71,-0.56,-1.78,14.4,22.18,4329.82,4275.51,4360.31,0.01,-54.31,94520.05000000162,SL
2026-07-17 09:00,2026-07-17 09:00,H1,Naiya_Sweep_Far,BUY,50.44,14.62,-0.71,-1.92,6.61,9.92,4329.82,4275.51,4360.31,0.01,-54.31,94465.74000000162,SL
2026-07-17 10:00,2026-07-17 10:00,H1,Naiya_Sweep_Far,BUY,55.8,14.57,-0.65,-1.86,1.55,12.05,4329.82,4275.51,4360.31,0.01,-54.31,94411.43000000162,SL
2026-07-17 11:00,2026-07-17 11:00,H1,Naiya_Sweep_Far,BUY,60.6,14.27,-0.54,-1.75,3.8,9.61,4329.82,4275.51,4360.31,0.01,-54.31,94357.12000000163,SL
2026-07-17 14:00,2026-07-17 14:00,H1,Naiya Doji,BUY,44.72,15.46,-1.26,-2.47,27.94,31.41,3983.41,4298.4,4471.31,0.01,314.99,94672.11000000163,SL
2026-07-17 14:00,2026-07-17 14:00,H1,Naiya Doji,BUY,44.72,15.46,-1.26,-2.47,27.94,31.41,3983.41,4300.57,4461.53,0.01,317.16,94989.27000000163,SL
2026-07-17 14:00,2026-07-17 14:00,H1,Naiya Doji,BUY,44.72,15.46,-1.26,-2.47,27.94,31.41,3983.41,4300.68,4461.05,0.01,317.27,95306.54000000164,SL
2026-07-17 14:00,2026-07-17 14:00,H1,Naiya Doji,BUY,44.72,15.46,-1.26,-2.47,27.94,31.41,3983.41,4301.28,4458.33,0.01,317.87,95624.41000000163,SL
2026-07-17 15:00,2026-07-17 15:00,H1,Naiya_Sweep_Far,BUY,53.97,17.78,-0.48,-1.69,30.89,43.91,4329.82,4275.51,4360.31,0.01,-54.31,95570.10000000164,SL
2026-07-17 16:00,2026-07-17 16:00,H1,Naiya_Sweep_Far,BUY,53.41,18.0,-0.36,-1.57,4.03,14.36,4329.82,4275.51,4360.31,0.01,-54.31,95515.79000000164,SL
2026-07-17 16:00,2026-07-20 13:00,H1,Naiya,BUY,53.41,18.0,-0.36,-1.57,4.03,14.36,3994.1,3964.12,4036.22,0.01,42.12,95557.91000000163,TP
2026-07-17 17:00,2026-07-17 17:00,H1,Naiya_Sweep_Far,BUY,62.17,18.46,0.09,-1.12,17.84,23.4,4329.82,4275.51,4360.31,0.01,-54.31,95503.60000000164,SL
2026-07-17 18:00,2026-07-17 18:00,H1,Naiya_Sweep_Far,BUY,62.17,18.18,0.02,-1.2,4.28,12.71,4329.82,4275.51,4360.31,0.01,-54.31,95449.29000000164,SL
2026-07-17 22:00,2026-07-20 04:00,H1,Naiya Doji,SELL,57.37,15.66,0.14,-1.09,1.58,9.85,4017.39,4023.75,3920.15,0.01,-6.36,95442.93000000164,SL
2026-07-20 00:00,2026-07-20 00:00,H1,Naiya Doji,BUY,50.75,16.63,-0.38,-1.62,1.41,8.43,3993.86,4293.82,4491.95,0.01,299.96,95742.89000000164,SL
2026-07-20 00:00,2026-07-20 00:00,H1,Naiya Doji,BUY,50.75,16.63,-0.38,-1.62,1.41,8.43,3993.86,4292.9,4496.1,0.01,299.04,96041.93000000164,SL
2026-07-20 00:00,2026-07-20 00:00,H1,Naiya Doji,BUY,50.75,16.63,-0.38,-1.62,1.41,8.43,3993.86,4293.46,4493.56,0.01,299.6,96341.53000000164,SL
2026-07-20 01:00,2026-07-20 01:00,H1,Naiya_Sweep_Far,BUY,50.48,16.24,-0.33,-1.59,0.77,6.65,4329.82,4275.51,4360.31,0.01,-54.31,96287.22000000165,SL
2026-07-20 02:00,2026-07-20 02:00,H1,Naiya Doji,BUY,53.64,17.52,0.02,-1.25,13.01,27.54,3983.41,4294.26,4489.96,0.01,310.85,96598.07000000165,SL
2026-07-20 02:00,2026-07-20 02:00,H1,Naiya Doji,BUY,53.64,17.52,0.02,-1.25,13.01,27.54,3983.41,4296.56,4479.6,0.01,313.15,96911.22000000165,SL
2026-07-20 02:00,2026-07-20 02:00,H1,Naiya Doji,BUY,53.64,17.52,0.02,-1.25,13.01,27.54,3983.41,4297.33,4476.13,0.01,313.92,97225.14000000164,SL
2026-07-20 02:00,2026-07-20 02:00,H1,Naiya_Sweep_Far,BUY,53.64,17.52,0.02,-1.25,13.01,27.54,4329.82,4275.51,4360.31,0.01,-54.31,97170.83000000165,SL
2026-07-20 03:00,2026-07-20 03:00,H1,Naiya_Sweep_Far,BUY,53.96,18.7,-0.11,-1.4,6.43,25.0,4329.82,4275.51,4360.31,0.01,-54.31,97116.52000000165,SL
2026-07-20 04:00,2026-07-20 04:00,H1,Naiya_Sweep_Far,BUY,58.71,20.03,0.4,-0.89,19.78,27.46,4329.82,4275.51,4360.31,0.01,-54.31,97062.21000000165,SL
2026-07-20 07:00,2026-07-20 07:00,H1,Naiya Doji,BUY,53.29,16.0,0.12,-1.17,10.17,15.69,4009.47,4289.76,4510.24,0.01,280.29,97342.50000000164,SL
2026-07-20 07:00,2026-07-21 04:00,H1,Naiya,BUY,53.29,16.0,0.12,-1.17,10.17,15.69,4008.57,3995.74,4041.06,0.01,32.49,97374.99000000165,TP
2026-07-20 09:00,2026-07-20 10:00,H1,Naiya Doji,SELL,51.02,15.46,0.35,-0.93,13.16,19.64,4017.39,4023.75,3920.15,0.01,-6.36,97368.63000000165,SL
2026-07-20 14:00,2026-07-20 14:00,H1,Naiya Doji,BUY,56.65,15.51,0.16,-1.08,17.03,18.64,4019.14,4298.1,4472.67,0.01,278.96,97647.59000000166,SL
2026-07-21 03:00,2026-07-21 04:00,H1,Naiya Doji,SELL,49.35,13.95,0.47,-0.56,2.0,17.43,4030.26,4040.7,3946.74,0.01,-10.44,97637.15000000165,SL
2026-07-21 08:00,2026-07-21 08:00,H1,Naiya Doji,SELL,83.46,14.5,1.67,0.81,17.04,22.66,4069.64,4081.19,3978.06,0.01,-11.55,97625.60000000165,SL
2026-07-21 08:00,2026-07-21 08:00,H1,Naiya Doji,SELL,83.46,14.5,1.67,0.81,17.04,22.66,4069.64,4081.19,3978.06,0.01,-11.55,97614.05000000165,SL
2026-07-21 14:00,2026-07-21 16:00,H1,Naiya Doji,SELL,73.94,14.82,0.85,0.21,1.93,14.65,4065.58,4070.15,3956.31,0.01,-4.57,97609.48000000164,SL
2026-07-21 16:00,2026-07-21 16:00,H1,Naiya Doji,SELL,70.93,15.23,1.14,0.56,15.28,21.95,4065.58,4070.15,3956.31,0.01,-4.57,97604.91000000163,SL
2026-07-21 16:00,2026-07-21 16:00,H1,Naiya Doji,SELL,70.93,15.23,1.14,0.56,15.28,21.95,4065.58,4070.15,3956.31,0.01,-4.57,97600.34000000163,SL
2026-07-22 00:00,2026-07-22 02:00,H1,Naiya,SELL,55.98,12.17,1.17,0.86,1.79,8.13,4082.29,4085.74,4018.92,0.01,-3.45,97596.89000000163,SL
2026-07-22 07:00,2026-07-22 15:00,H1,Naiya,SELL,82.86,12.44,2.03,2.1,4.08,10.96,4130.62,4141.71,3984.33,0.01,-11.09,97585.80000000163,SL
2026-07-22 14:00,2026-07-22 14:00,H1,Naiya,SELL,65.15,14.06,1.23,1.66,9.71,27.66,4127.01,4134.07,3989.05,0.01,-7.06,97578.74000000164,SL
2026-07-22 15:00,2026-07-22 15:00,H1,Naiya Doji,SELL,74.85,16.87,2.19,2.68,41.47,43.12,4135.51,4141.71,3984.33,0.01,-6.2,97572.54000000164,SL
2026-07-22 15:00,2026-07-22 15:00,H1,Naiya Doji,SELL,74.85,16.87,2.19,2.68,41.47,43.12,4135.51,4141.71,3984.33,0.01,-6.2,97566.34000000164,SL
2026-07-22 15:00,2026-07-22 15:00,H1,Naiya Doji,SELL,74.85,16.87,2.19,2.68,41.47,43.12,4135.51,4141.71,3984.33,0.01,-6.2,97560.14000000164,SL
2026-07-22 15:00,2026-07-22 15:00,H1,Naiya Doji,SELL,74.85,16.87,2.19,2.68,41.47,43.12,4135.51,4141.71,4036.64,0.01,-6.2,97553.94000000165,SL
2026-07-23 01:00,2026-07-23 03:00,H1,Naiya Doji,SELL,55.87,15.51,1.1,2.14,11.56,17.6,4133.07,4137.86,4087.49,0.01,-4.79,97549.15000000165,SL
2026-07-23 05:00,2026-07-23 10:00,H1,Naiya Doji,SELL,54.32,16.07,0.65,1.92,3.38,8.95,4133.07,4137.86,4087.49,0.01,45.58,97594.73000000165,TP
2026-07-23 05:00,2026-07-23 10:00,H1,Naiya Doji,SELL,54.32,16.07,0.65,1.92,3.38,8.95,4133.07,4137.86,4087.49,0.01,45.58,97640.31000000166,TP
2026-07-27 07:00,2026-07-28 02:00,H1,GapSweep,BUY,62.46,14.77,0.59,1.03,2.7,10.28,4089.13,4059.6,4222.11,0.01,-29.53,97610.78000000166,SL
2026-07-27 12:00,2026-07-28 02:00,H1,GapSweep,BUY,72.31,14.6,0.82,1.18,3.42,15.84,4089.13,4059.92,4220.65,0.01,-29.21,97581.57000000165,SL
2026-07-29 14:00,2026-07-29 14:00,H1,Naiya Doji,BUY,52.88,11.91,-0.6,-0.78,10.18,24.06,4020.45,4307.93,4428.39,0.01,287.48,97869.05000000165,SL
2026-07-29 14:00,2026-07-29 14:00,H1,Naiya Doji,BUY,52.88,11.91,-0.6,-0.78,10.18,24.06,4020.45,4308.17,4427.32,0.01,287.72,98156.77000000165,SL
2026-07-29 15:00,2026-07-29 15:00,H1,Naiya Doji,BUY,39.45,12.81,-0.94,-1.17,15.45,23.95,4007.56,4301.61,4456.84,0.01,294.05,98450.82000000165,SL
2026-07-29 15:00,2026-07-29 15:00,H1,Naiya_Sweep_Far,BUY,39.45,12.81,-0.94,-1.17,15.45,23.95,4329.82,4275.51,4360.31,0.01,-54.31,98396.51000000165,SL
2026-07-29 16:00,2026-07-29 16:00,H1,Naiya_Sweep_Far,BUY,39.76,12.94,-0.95,-1.23,2.33,14.22,4329.82,4275.51,4360.31,0.01,-54.31,98342.20000000166,SL
2026-07-29 17:00,2026-07-29 17:00,H1,Naiya_Sweep_Far,BUY,40.41,12.24,-0.79,-1.11,5.0,10.53,4329.82,4275.51,4360.31,0.01,-54.31,98287.89000000166,SL
2026-07-29 18:00,2026-07-29 18:00,H1,Naiya_Sweep_Far,BUY,48.79,12.98,-0.33,-0.69,17.38,25.18,4329.82,4275.51,4360.31,0.01,-54.31,98233.58000000166,SL
2026-07-29 19:00,2026-07-29 19:00,H1,Naiya_Sweep_Far,BUY,59.35,13.97,0.1,-0.28,16.7,23.39,4329.82,4275.51,4360.31,0.01,-54.31,98179.27000000166,SL
2026-07-29 20:00,2026-07-29 20:00,H1,Naiya_Sweep_Far,BUY,73.71,18.34,1.64,1.26,63.41,68.2,4329.82,4275.51,4360.31,0.01,-54.31,98124.96000000167,SL
2026-07-29 21:00,2026-07-29 21:00,H1,Naiya_Sweep_Far,BUY,52.57,22.53,0.12,-0.28,62.06,72.04,4329.82,4275.51,4360.31,0.01,-54.31,98070.65000000167,SL
2026-07-30 01:00,2026-08-05 06:00,H1,GapSweep,SELL,59.19,25.53,1.1,0.67,3.77,15.83,4089.13,4140.19,3763.97,0.01,-51.06,98019.59000000167,SL
2026-07-30 17:00,2026-07-31 14:00,H1,GapSweep,BUY,56.99,22.49,1.54,1.11,8.12,26.94,4089.13,4044.14,4291.72,0.01,-44.99,97974.60000000166,SL
2026-08-03 02:00,2026-08-05 04:00,H1,GapSweep,SELL,50.8,16.0,-0.34,-0.33,17.81,23.35,4075.17,4107.16,3871.41,0.01,-31.99,97942.61000000166,SL
2026-08-04 02:00,2026-08-04 10:00,H1,Naiya Doji,SELL,46.82,13.4,-0.24,-0.42,4.43,20.55,4067.83,4071.84,4024.19,0.01,-4.01,97938.60000000166,SL
2026-08-04 02:00,2026-08-04 10:00,H1,Naiya Doji,SELL,46.82,13.4,-0.24,-0.42,4.43,20.55,4067.83,4071.84,3986.46,0.01,-4.01,97934.59000000167,SL
2026-08-04 02:00,2026-08-04 10:00,H1,Naiya Doji,SELL,46.82,13.4,-0.24,-0.42,4.43,20.55,4067.83,4071.84,3986.46,0.01,-4.01,97930.58000000168,SL
2026-08-04 13:00,2026-08-04 13:00,H1,Naiya Doji,SELL,62.5,13.27,0.53,0.31,21.28,31.85,4062.51,4067.82,4027.18,0.01,-5.31,97925.27000000168,SL
2026-08-04 13:00,2026-08-04 13:00,H1,Naiya,SELL,62.5,13.27,0.53,0.31,21.28,31.85,4063.49,4066.74,4027.84,0.01,-3.25,97922.02000000168,SL
2026-08-04 13:00,2026-08-04 13:00,H1,Naiya Doji,SELL,62.5,13.27,0.53,0.31,21.28,31.85,4062.51,4067.82,4027.18,0.01,-5.31,97916.71000000168,SL
2026-08-05 02:00,2026-08-05 03:00,H1,Naiya Doji,SELL,69.49,16.25,0.52,0.56,9.91,13.14,4080.8,4085.85,4020.73,0.01,-5.05,97911.66000000168,SL
2026-08-06 00:00,2026-08-06 01:00,H1,Naiya,SELL,73.75,20.55,3.17,4.3,2.99,8.08,4250.28,4267.78,3940.46,0.01,-17.5,97894.16000000168,SL
2026-08-07 08:00,2026-08-07 10:00,H1,Naiya Doji,SELL,72.16,15.83,1.38,4.72,18.45,20.33,4289.55,4304.04,4055.26,0.01,-14.49,97879.67000000167,SL
2026-08-07 08:00,2026-08-07 10:00,H1,Naiya Doji,SELL,72.16,15.83,1.38,4.72,18.45,20.33,4289.55,4304.04,4055.26,0.01,-14.49,97865.18000000167,SL
2026-08-07 08:00,2026-08-07 10:00,H1,Naiya Doji,SELL,72.16,15.83,1.38,4.72,18.45,20.33,4289.55,4304.04,4055.26,0.01,-14.49,97850.69000000166,SL
2026-08-07 08:00,2026-08-07 10:00,H1,Naiya Doji,SELL,72.16,15.83,1.38,4.72,18.45,20.33,4289.55,4304.04,4055.26,0.01,-14.49,97836.20000000166,SL
2026-08-07 08:00,2026-08-07 14:00,H1,Naiya Hidden,SELL,72.16,15.83,1.38,4.72,18.45,20.33,4294.83,4330.71,4038.77,0.01,-35.88,97800.32000000165,SL
2026-08-07 21:00,2026-08-10 08:00,H1,Naiya Doji,SELL,71.28,22.07,1.54,5.43,8.45,14.87,4349.14,4358.41,4150.21,0.01,-9.27,97791.05000000165,SL
2026-08-07 21:00,2026-08-10 08:00,H1,Naiya Doji,SELL,71.28,22.07,1.54,5.43,8.45,14.87,4349.14,4358.41,4150.21,0.01,-9.27,97781.78000000164,SL
2026-08-10 02:00,2026-08-10 02:00,H1,Naiya,SELL,57.2,20.14,1.1,5.0,0.47,16.43,4339.93,4346.04,4274.06,0.01,-6.11,97775.67000000164,SL
2026-08-10 06:00,2026-08-10 09:00,H1,Naiya_Sweep_Far,BUY,45.05,16.37,1.15,5.02,12.75,16.28,4329.82,4275.51,4360.31,0.01,30.49,97806.16000000165,TP
2026-08-10 07:00,2026-08-10 08:00,H1,Naiya Doji,SELL,53.25,16.01,1.31,5.17,7.81,20.32,4349.14,4358.41,4266.41,0.01,-9.27,97796.89000000164,SL
2026-08-10 07:00,2026-08-10 08:00,H1,Naiya Doji,SELL,53.25,16.01,1.31,5.17,7.81,20.32,4349.14,4358.41,4266.41,0.01,-9.27,97787.62000000164,SL
2026-08-10 07:00,2026-08-10 08:00,H1,Naiya Doji,SELL,53.25,16.01,1.31,5.17,7.81,20.32,4349.14,4358.41,4266.41,0.01,-9.27,97778.35000000164,SL
2026-08-10 12:00,2026-08-19 16:00,H1,Naiya Doji,BUY,45.17,14.63,0.85,4.69,5.42,8.73,4340.19,4297.9,4473.57,0.01,133.38,97911.73000000164,TP
2026-08-10 12:00,2026-08-19 16:00,H1,Naiya Doji,BUY,45.17,14.63,0.85,4.69,5.42,8.73,4340.19,4299.14,4468.0,0.01,127.81,98039.54000000164,TP
2026-08-10 13:00,2026-08-10 18:00,H1,Naiya_Sweep_Far,BUY,45.94,14.71,0.8,4.63,1.0,10.37,4329.82,4275.51,4360.31,0.01,30.49,98070.03000000164,TP
2026-08-10 17:00,2026-08-10 18:00,H1,Naiya Doji,SELL,64.69,15.73,1.21,5.04,12.9,16.14,4356.07,4362.0,4283.45,0.01,-5.93,98064.10000000165,SL
2026-08-10 17:00,2026-08-10 18:00,H1,Naiya Doji,SELL,64.69,15.73,1.21,5.04,12.9,16.14,4356.07,4362.0,4283.45,0.01,-5.93,98058.17000000166,SL
2026-08-10 17:00,2026-08-10 18:00,H1,Naiya Doji,SELL,64.69,15.73,1.21,5.04,12.9,16.14,4356.07,4362.0,4283.45,0.01,-5.93,98052.24000000166,SL
2026-08-10 17:00,2026-08-10 18:00,H1,Naiya Doji,SELL,64.69,15.73,1.21,5.04,12.9,16.14,4356.07,4362.0,4283.45,0.01,-5.93,98046.31000000167,SL
2026-08-10 17:00,2026-08-10 18:00,H1,Naiya Doji,SELL,64.69,15.73,1.21,5.04,12.9,16.14,4356.07,4362.0,4283.45,0.01,-5.93,98040.38000000168,SL
2026-08-12 03:00,2026-08-12 04:00,H1,Naiya Doji,SELL,59.08,14.83,0.66,4.58,15.72,18.95,4394.34,4404.15,4327.47,0.01,-9.81,98030.57000000168,SL
2026-08-12 03:00,2026-08-12 04:00,H1,Naiya Doji,SELL,59.08,14.83,0.66,4.58,15.72,18.95,4394.34,4404.15,4327.47,0.01,-9.81,98020.76000000168,SL
2026-08-12 03:00,2026-08-12 04:00,H1,Naiya Doji,SELL,59.08,14.83,0.66,4.58,15.72,18.95,4394.34,4404.15,4327.47,0.01,-9.81,98010.95000000169,SL
2026-08-12 03:00,2026-08-12 04:00,H1,Naiya Doji,SELL,59.08,14.83,0.66,4.58,15.72,18.95,4394.34,4404.15,4327.47,0.01,-9.81,98001.14000000169,SL
2026-08-12 04:00,2026-08-12 11:00,H1,Naiya,SELL,63.48,15.38,0.96,4.89,14.88,20.28,4410.85,4421.59,4251.86,0.01,-10.74,97990.40000000168,SL
2026-08-12 11:00,2026-08-12 14:00,H1,Naiya Hidden,SELL,71.92,14.59,0.84,4.73,14.03,22.31,4411.29,4433.39,4315.1,0.01,-22.1,97968.30000000168,SL
2026-08-13 01:00,2026-08-13 02:00,H1,Naiya Doji,SELL,55.35,20.02,0.41,4.17,12.12,12.83,4413.31,4418.43,4359.89,0.01,-5.12,97963.18000000168,SL
2026-08-13 02:00,2026-08-13 02:00,H1,Naiya Doji,SELL,55.19,21.05,0.7,4.45,13.7,36.75,4424.8,4441.1,4345.88,0.01,-16.3,97946.88000000168,SL
2026-08-13 02:00,2026-08-13 02:00,H1,Naiya Doji,SELL,55.19,21.05,0.7,4.45,13.7,36.75,4424.8,4441.1,4345.88,0.01,-16.3,97930.58000000168,SL
2026-08-14 02:00,2026-08-19 16:00,H1,Naiya Doji,BUY,33.03,18.58,-1.15,1.51,15.57,32.57,4340.19,4298.27,4471.91,0.01,131.72,98062.30000000168,TP
2026-08-17 03:00,2026-08-17 14:00,H1,Naiya Doji,SELL,67.64,17.38,0.55,1.9,5.12,24.45,4413.31,4418.43,4382.69,0.01,30.62,98092.92000000167,TP
2026-08-17 03:00,2026-08-17 14:00,H1,Naiya Doji,SELL,67.64,17.38,0.55,1.9,5.12,24.45,4413.31,4418.43,4382.69,0.01,30.62,98123.54000000167,TP
2026-08-17 03:00,2026-08-17 14:00,H1,Naiya Doji,SELL,67.64,17.38,0.55,1.9,5.12,24.45,4413.31,4418.43,4382.69,0.01,30.62,98154.16000000166,TP
2026-08-17 03:00,2026-08-18 17:00,H1,Naiya,SELL,67.64,17.38,0.55,1.9,5.12,24.45,4414.39,4449.69,4363.37,0.01,51.02,98205.18000000167,TP
2026-08-17 15:00,2026-08-17 15:00,H1,Naiya Doji,SELL,66.78,16.39,0.84,1.75,23.82,34.17,4398.85,4405.83,4343.88,0.01,-6.98,98198.20000000167,SL
2026-08-17 16:00,2026-08-18 16:00,H1,Naiya Doji,SELL,58.97,15.67,1.03,1.91,8.56,23.78,4424.8,4441.1,4368.68,0.01,56.12,98254.32000000167,TP
2026-08-18 09:00,2026-08-18 17:00,H1,Naiya Doji,SELL,37.58,14.09,0.14,0.93,3.16,8.24,4403.7,4411.4,4356.24,0.01,47.46,98301.78000000167,TP
2026-08-18 09:00,2026-08-18 17:00,H1,Naiya Doji,SELL,37.58,14.09,0.14,0.93,3.16,8.24,4403.7,4411.4,4356.24,0.01,47.46,98349.24000000168,TP
2026-08-19 13:00,2026-08-19 14:00,H1,GapSweep,SELL,68.75,13.46,-0.41,-0.09,2.68,10.9,4372.76,4399.69,4201.28,0.01,-26.93,98322.31000000169,SL
2026-08-19 14:00,2026-08-19 14:00,H1,Naiya,SELL,84.18,18.44,1.26,1.58,73.99,80.13,4425.82,4435.04,4341.63,0.01,-9.22,98313.09000000168,SL
2026-08-19 14:00,2026-08-19 14:00,H1,Naiya Doji,SELL,84.18,18.44,1.26,1.58,73.99,80.13,4391.75,4406.65,4373.42,0.01,-14.9,98298.19000000169,SL
2026-08-19 14:00,2026-08-19 14:00,H1,Naiya Doji,SELL,84.18,18.44,1.26,1.58,73.99,80.13,4391.75,4406.65,4373.42,0.01,-14.9,98283.2900000017,SL
2026-08-19 14:00,2026-08-19 14:00,H1,Naiya Doji,SELL,84.18,18.44,1.26,1.58,73.99,80.13,4391.75,4406.65,4373.42,0.01,-14.9,98268.3900000017,SL
2026-08-19 14:00,2026-08-19 14:00,H1,Naiya Doji,SELL,84.18,18.44,1.26,1.58,73.99,80.13,4391.75,4406.65,4373.42,0.01,-14.9,98253.49000000171,SL
2026-08-19 20:00,2026-08-19 21:00,H1,Naiya Doji,SELL,88.2,22.55,2.31,2.7,8.47,24.51,4495.0,4499.35,4216.73,0.01,-4.35,98249.1400000017,SL
2026-08-20 04:00,2026-08-20 04:00,H1,Naiya Doji,SELL,80.43,24.36,1.91,2.42,0.99,11.05,4495.0,4499.35,4233.66,0.01,-4.35,98244.7900000017,SL
2026-08-20 08:00,2026-08-20 14:00,H1,Naiya Doji,SELL,49.97,15.56,1.85,2.42,12.44,15.86,4495.0,4499.35,4455.39,0.01,39.61,98284.4000000017,TP
2026-08-20 08:00,2026-08-20 14:00,H1,Naiya Doji,SELL,49.97,15.56,1.85,2.42,12.44,15.86,4495.0,4499.35,4455.39,0.01,39.61,98324.0100000017,TP
2026-08-20 12:00,2026-08-20 14:00,H1,Naiya Doji,SELL,39.57,14.36,1.59,2.26,7.48,14.12,4495.0,4499.35,4464.84,0.01,30.16,98354.1700000017,TP
2026-08-20 12:00,2026-08-20 14:00,H1,Naiya Doji,SELL,39.57,14.36,1.59,2.26,7.48,14.12,4492.96,4498.73,4465.22,0.01,27.74,98381.9100000017,TP
2026-08-20 16:00,2026-08-20 16:00,H1,Naiya Doji,SELL,53.94,17.94,2.01,2.79,34.29,35.36,4492.96,4498.73,4465.22,0.01,-5.77,98376.1400000017,SL
2026-08-20 16:00,2026-08-20 16:00,H1,Naiya Doji,SELL,53.94,17.94,2.01,2.79,34.29,35.36,4492.96,4498.73,4465.22,0.01,-5.77,98370.3700000017,SL
2026-08-20 17:00,2026-08-21 08:00,H1,Naiya Hidden,SELL,61.8,18.31,2.08,2.89,5.76,30.81,4523.02,4557.86,4197.5,0.01,-34.84,98335.5300000017,SL
2026-08-20 19:00,2026-08-21 03:00,H1,Naiya,SELL,57.16,19.07,1.93,2.81,9.82,12.7,4515.91,4540.96,4394.79,0.01,-25.05,98310.4800000017,SL
2026-08-20 21:00,2026-08-21 03:00,H1,Naiya Doji,SELL,67.08,19.2,1.99,2.97,6.81,13.83,4525.56,4540.96,4394.79,0.01,-15.4,98295.0800000017,SL
2026-08-21 03:00,2026-08-21 03:00,H1,Naiya Doji,SELL,62.53,20.58,1.64,2.91,20.25,34.72,4526.93,4532.89,4399.78,0.01,-5.96,98289.1200000017,SL
2026-08-21 03:00,2026-08-21 03:00,H1,Naiya,SELL,62.53,20.58,1.64,2.91,20.25,34.72,4524.15,4532.89,4399.78,0.01,-8.74,98280.38000000169,SL
2026-08-21 15:00,2026-08-21 16:00,H1,Naiya Doji,SELL,71.44,21.28,1.57,3.75,3.12,19.63,4591.18,4601.99,4357.07,0.01,-10.81,98269.5700000017,SL
2026-08-21 15:00,2026-08-21 17:00,H1,Naiya,SELL,71.44,21.28,1.57,3.75,3.12,19.63,4588.55,4604.6,4355.46,0.01,-16.05,98253.52000000169,SL
2026-08-24 00:00,2026-08-24 02:00,H1,Naiya,SELL,64.88,19.8,1.54,4.12,4.05,14.63,4620.64,4627.66,4435.51,0.01,-7.02,98246.50000000169,SL
2026-08-25 00:00,2026-08-25 01:00,H1,Naiya,SELL,62.39,20.44,1.37,4.8,11.51,16.25,4664.65,4678.79,4598.02,0.01,-14.14,98232.36000000169,SL
2026-08-25 01:00,2026-08-25 01:00,H1,Naiya Doji,SELL,68.26,20.34,1.57,5.04,12.18,15.9,4668.58,4680.94,4596.69,0.01,-12.36,98220.00000000169,SL
2026-08-25 01:00,2026-08-25 01:00,H1,Naiya Doji,SELL,68.26,20.34,1.57,5.04,12.18,15.9,4668.58,4680.94,4596.69,0.01,-12.36,98207.64000000169,SL
2026-08-25 01:00,2026-08-25 01:00,H1,Naiya Doji,SELL,68.26,20.34,1.57,5.04,12.18,15.9,4668.58,4680.94,4596.69,0.01,-12.36,98195.28000000169,SL
2026-08-25 01:00,2026-08-25 01:00,H1,Naiya Doji,SELL,68.26,20.34,1.57,5.04,12.18,15.9,4668.58,4680.94,4596.69,0.01,-12.36,98182.92000000169,SL
2026-08-26 15:00,2026-08-27 12:00,H1,GapSweep,BUY,39.21,16.72,-0.28,2.9,17.02,33.88,4610.24,4576.81,4760.81,0.01,-33.43,98149.4900000017,SL
2026-08-28 16:00,2026-09-02 03:00,H1,GapSweep,SELL,45.94,23.28,-0.54,0.52,29.36,101.47,4610.24,4656.81,4313.66,0.01,296.58,98446.0700000017,TP
2026-08-31 10:00,2026-08-31 15:00,H1,Naiya,BUY,32.39,20.45,-2.46,-2.67,7.64,15.7,4443.02,4429.36,4756.1,0.01,-13.66,98432.41000000169,SL
2026-08-31 10:00,2026-09-03 14:00,H1,GapSweep,SELL,32.39,20.45,-2.46,-2.67,7.64,15.7,4445.76,4486.65,4185.32,0.01,-40.89,98391.52000000169,SL
2026-08-31 15:00,2026-09-02 03:00,H1,Naiya Doji,BUY,34.29,19.66,-2.5,-3.1,17.37,32.61,4418.93,4288.93,4513.98,0.01,-130.0,98261.52000000169,SL
2026-08-31 15:00,2026-09-02 04:00,H1,Naiya Doji,BUY,34.29,19.66,-2.5,-3.1,17.37,32.61,4418.93,4287.46,4520.59,0.01,-131.47,98130.05000000169,SL
2026-08-31 15:00,2026-09-14 11:00,H1,Naiya Doji,BUY,34.29,19.66,-2.5,-3.1,17.37,32.61,4418.93,4280.06,4553.9,0.01,-138.87,97991.1800000017,SL
2026-08-31 15:00,2026-09-14 14:00,H1,Naiya Doji,BUY,34.29,19.66,-2.5,-3.1,17.37,32.61,4418.93,4273.62,4582.9,0.01,-145.31,97845.8700000017,SL
2026-09-01 01:00,2026-09-01 09:00,H1,GapSweep,BUY,56.7,15.48,-1.13,-2.45,5.35,10.7,4445.76,4414.81,4585.16,0.01,-30.95,97814.9200000017,SL
2026-09-01 09:00,2026-09-02 03:00,H1,Naiya Doji,BUY,43.73,15.41,-1.3,-3.18,9.45,22.96,4418.93,4290.45,4507.12,0.01,-128.48,97686.4400000017,SL
2026-09-02 04:00,2026-09-02 15:00,H1,Naiya_Sweep_Far,BUY,24.99,20.61,-2.31,-5.47,11.82,27.5,4329.82,4275.51,4360.31,0.01,30.49,97716.93000000171,TP
2026-09-02 05:00,2026-09-02 15:00,H1,Naiya_Sweep_Far,BUY,28.87,20.45,-2.23,-5.44,0.45,21.74,4329.82,4275.51,4360.31,0.01,30.49,97747.42000000172,TP
2026-09-02 06:00,2026-09-02 15:00,H1,Naiya_Sweep_Far,BUY,25.92,17.96,-2.08,-5.34,3.97,6.34,4329.82,4275.51,4360.31,0.01,30.49,97777.91000000172,TP
2026-09-03 12:00,2026-09-03 13:00,H1,Naiya,SELL,68.64,13.89,1.43,-2.16,0.01,10.82,4428.79,4443.55,4342.73,0.01,-14.76,97763.15000000173,SL
2026-09-04 02:00,2026-09-04 15:00,H1,Naiya,SELL,70.28,18.59,2.08,-0.65,6.3,14.52,4486.17,4494.68,4371.71,0.01,114.46,97877.61000000173,TP
2026-09-09 17:00,2026-09-09 17:00,H1,GapSweep,SELL,59.48,19.31,-0.01,-0.64,20.22,57.1,4422.13,4460.75,4176.16,0.01,0.0,97877.61000000173,OPEN
2026-09-10 14:00,2026-09-10 14:00,H1,Naiya,BUY,30.85,19.45,-1.23,-1.56,34.41,53.81,4332.33,4327.49,4340.92,0.01,-4.84,97872.77000000174,SL
2026-09-10 21:00,2026-09-11 08:00,H1,Naiya_Sweep_Far,BUY,19.22,23.23,-1.44,-1.84,8.58,19.23,4329.82,4275.51,4360.31,0.01,30.49,97903.26000000174,TP
2026-09-11 05:00,2026-09-14 11:00,H1,Naiya Doji,BUY,37.12,19.4,-1.76,-2.22,18.91,25.66,4306.97,4285.93,4527.47,0.01,-21.04,97882.22000000175,SL
2026-09-11 05:00,2026-09-14 11:00,H1,Naiya Doji,BUY,37.12,19.4,-1.76,-2.22,18.91,25.66,4306.97,4285.42,4529.77,0.01,-21.55,97860.67000000174,SL
2026-09-14 00:00,2026-09-14 00:00,H1,Naiya,BUY,47.69,22.63,-0.63,-1.27,0.15,14.13,4337.62,4330.14,4379.94,0.01,-7.48,97853.19000000175,SL
2026-09-14 01:00,2026-09-14 01:00,H1,GapSweep,SELL,45.41,22.3,-0.71,-1.37,5.08,10.68,4338.11,4382.71,4054.06,0.01,0.0,97853.19000000175,OPEN
2026-09-14 03:00,2026-09-14 11:00,H1,GapSweep,BUY,54.77,23.75,-0.19,-0.88,14.86,29.08,4338.11,4290.61,4552.0,0.01,-47.5,97805.69000000175,SL
2026-09-14 08:00,2026-09-14 08:00,H1,GapSweep,SELL,28.71,15.73,-0.74,-1.56,15.31,18.05,4338.11,4369.58,4137.71,0.01,0.0,97805.69000000175,OPEN
2026-09-14 12:00,2026-09-14 14:00,H1,Naiya_Sweep_Far,BUY,29.29,17.34,-1.15,-2.16,9.13,18.22,4329.82,4275.51,4360.31,0.01,-54.31,97751.38000000175,SL
2026-09-14 13:00,2026-09-14 14:00,H1,Naiya_Sweep_Far,BUY,27.39,17.82,-1.27,-2.33,7.56,12.63,4329.82,4275.51,4360.31,0.01,-54.31,97697.07000000175,SL
2026-09-14 14:00,2026-09-14 14:00,H1,Naiya_Sweep_Far,BUY,26.41,18.61,-1.58,-2.69,16.02,31.74,4329.82,4275.51,4360.31,0.01,-54.31,97642.76000000176,SL
2026-09-14 15:00,2026-09-14 15:00,H1,Naiya_Sweep_Far,BUY,28.63,19.36,-1.48,-2.62,2.36,21.16,4329.82,4275.51,4360.31,0.01,-54.31,97588.45000000176,SL
2026-09-14 16:00,2026-09-14 16:00,H1,Naiya_Sweep_Far,BUY,28.83,19.46,-1.29,-2.48,10.57,18.9,4329.82,4275.51,4360.31,0.01,-54.31,97534.14000000176,SL
2026-09-14 17:00,2026-09-14 17:00,H1,Naiya_Sweep_Far,BUY,25.56,19.21,-1.05,-2.28,8.66,25.68,4329.82,4275.51,4360.31,0.01,-54.31,97479.83000000176,SL
2026-09-14 18:00,2026-09-15 10:00,H1,Naiya_Sweep_Far,BUY,44.51,19.65,-0.4,-1.65,27.49,31.32,4329.82,4275.51,4360.31,0.01,-54.31,97425.52000000176,SL
2026-09-15 10:00,2026-09-15 10:00,H1,Naiya Doji,BUY,32.26,14.16,-1.36,-2.82,18.2,19.46,4264.18,4290.91,4505.04,0.01,26.73,97452.25000000176,SL
2026-09-15 10:00,2026-09-15 10:00,H1,Naiya Doji,BUY,32.26,14.16,-1.36,-2.82,18.2,19.46,4264.18,4291.4,4502.86,0.01,27.22,97479.47000000176,SL
2026-09-15 10:00,2026-09-15 10:00,H1,Naiya Doji,BUY,32.26,14.16,-1.36,-2.82,18.2,19.46,4264.18,4290.52,4506.81,0.01,26.34,97505.81000000176,SL
2026-09-15 10:00,2026-09-15 10:00,H1,Naiya Hidden,BUY,32.26,14.16,-1.36,-2.82,18.2,19.46,4271.07,4242.25,4398.35,0.01,0.0,97505.81000000176,OPEN
2026-09-15 11:00,2026-09-15 11:00,H1,Naiya_Sweep_Far,BUY,36.01,14.33,-1.19,-2.68,5.91,10.7,4329.82,4275.51,4360.31,0.01,-54.31,97451.50000000176,SL
2026-09-15 12:00,2026-09-15 12:00,H1,Naiya_Sweep_Far,BUY,49.08,13.65,-0.85,-2.37,13.17,15.52,4329.82,4275.51,4360.31,0.01,-54.31,97397.19000000176,SL
2026-09-15 13:00,2026-09-15 14:00,H1,Naiya_Sweep_Far,BUY,44.09,12.98,-0.75,-2.29,3.11,8.04,4329.82,4275.51,4360.31,0.01,-54.31,97342.88000000177,SL
2026-09-15 14:00,2026-09-15 14:00,H1,Naiya_Sweep_Far,BUY,47.94,14.19,-0.59,-2.14,6.08,24.39,4329.82,4275.51,4360.31,0.01,-54.31,97288.57000000177,SL
2026-09-15 15:00,2026-09-15 16:00,H1,Naiya_Sweep_Far,BUY,52.76,14.5,-0.47,-2.04,4.43,14.6,4329.82,4275.51,4360.31,0.01,-54.31,97234.26000000177,SL
2026-09-15 17:00,2026-09-15 18:00,H1,Naiya,SELL,44.19,15.38,-0.54,-2.14,12.38,17.98,4290.3,4298.3,4238.55,0.01,-8.0,97226.26000000177,SL
2026-09-16 09:00,2026-09-16 09:00,H1,GapSweep,SELL,64.65,14.29,0.73,-1.02,3.61,10.58,4338.11,4366.69,4156.11,0.01,0.0,97226.26000000177,OPEN
2026-09-16 14:00,2026-09-16 14:00,H1,GapSweep,BUY,75.98,14.57,1.11,-0.52,5.95,13.38,4338.11,4308.97,4469.34,0.01,0.0,97226.26000000177,OPEN
2026-09-16 16:00,2026-09-16 16:00,H1,GapSweep,BUY,80.53,17.29,1.22,-0.33,16.36,31.95,4338.11,4303.54,4493.8,0.01,0.0,97226.26000000177,OPEN
