2026-09-17 17:30:59,454 INFO apscheduler.executors.default: Running job "main.<locals>.run_lts_aus_fast_scan (trigger: interval[0:00:05], next run at: 2026-09-17 17:31:04 +07)" (scheduled at 2026-09-17 17:30:59.432380+07:00)
2026-09-17 17:30:59,454 INFO apscheduler.executors.default: Job "main.<locals>.run_lts_aus_fast_scan (trigger: interval[0:00:05], next run at: 2026-09-17 17:31:04 +07)" executed successfully
2026-09-17 17:30:59,455 INFO apscheduler.executors.default: Running job "main.<locals>.run_position_check (trigger: interval[0:00:05], next run at: 2026-09-17 17:31:04 +07)" (scheduled at 2026-09-17 17:30:59.433381+07:00)
2026-09-17 17:30:59,457 INFO apscheduler.executors.default: Job "main.<locals>.run_position_check (trigger: interval[0:00:05], next run at: 2026-09-17 17:31:04 +07)" executed successfully
2026-09-17 17:30:59,457 INFO apscheduler.executors.default: Running job "main.<locals>.run_trail_sl (trigger: interval[0:00:05], next run at: 2026-09-17 17:31:04 +07)" (scheduled at 2026-09-17 17:30:59.433381+07:00)
2026-09-17 17:30:59,457 INFO apscheduler.executors.default: Job "main.<locals>.run_trail_sl (trigger: interval[0:00:05], next run at: 2026-09-17 17:31:04 +07)" executed successfully
2026-09-17 17:31:01,013 INFO apscheduler.executors.default: Running job "main.<locals>.run_scan (trigger: cron[second='1,6,11,16,21,26,31,36,41,46,51,56'], next run at: 2026-09-17 17:31:06 +07)" (scheduled at 2026-09-17 17:31:01+07:00)
2026-09-17 17:31:01,015 INFO apscheduler.executors.default: Job "main.<locals>.run_scan (trigger: cron[second='1,6,11,16,21,26,31,36,41,46,51,56'], next run at: 2026-09-17 17:31:06 +07)" executed successfully
2026-09-17 17:31:02,569 INFO httpx: HTTP Request: POST https://api.telegram.org/bot8759704311:AAFifFvXYLNPJZYlq-E4p3RVCUNiR0Ny6Ic/getUpdates "HTTP/1.1 200 OK"
2026-09-17 17:31:04,433 INFO apscheduler.executors.default: Running job "main.<locals>.run_lts_aus_fast_scan (trigger: interval[0:00:05], next run at: 2026-09-17 17:31:09 +07)" (scheduled at 2026-09-17 17:31:04.432380+07:00)
2026-09-17 17:31:04,433 INFO apscheduler.executors.default: Job "main.<locals>.run_lts_aus_fast_scan (trigger: interval[0:00:05], next run at: 2026-09-17 17:31:09 +07)" executed successfully
2026-09-17 17:31:04,435 INFO apscheduler.executors.default: Running job "main.<locals>.run_position_check (trigger: interval[0:00:05], next run at: 2026-09-17 17:31:09 +07)" (scheduled at 2026-09-17 17:31:04.433381+07:00)
2026-09-17 17:31:04,438 INFO apscheduler.executors.default: Job "main.<locals>.run_position_check (trigger: interval[0:00:05], next run at: 2026-09-17 17:31:09 +07)" executed successfully
2026-09-17 17:31:04,439 INFO apscheduler.executors.default: Running job "main.<locals>.run_trail_sl (trigger: interval[0:00:05], next run at: 2026-09-17 17:31:09 +07)" (scheduled at 2026-09-17 17:31:04.433381+07:00)
2026-09-17 17:31:04,439 INFO apscheduler.executors.default: Job "main.<locals>.run_trail_sl (trigger: interval[0:00:05], next run at: 2026-09-17 17:31:09 +07)" executed successfully
2026-09-17 17:31:04,439 INFO apscheduler.executors.default: Running job "main.<locals>.save_bot_state_job (trigger: interval[0:00:15], next run at: 2026-09-17 17:31:19 +07)" (scheduled at 2026-09-17 17:31:04.434380+07:00)
2026-09-17 17:31:04,442 INFO apscheduler.executors.default: Job "main.<locals>.save_bot_state_job (trigger: interval[0:00:15], next run at: 2026-09-17 17:31:19 +07)" executed successfully
2026-09-17 17:31:05,442 INFO apscheduler.executors.default: Running job "main.<locals>.write_heartbeat_job (trigger: interval[0:00:15], next run at: 2026-09-17 17:31:20 +07)" (scheduled at 2026-09-17 17:31:05.436472+07:00)
2026-09-17 17:31:05,446 INFO apscheduler.executors.default: Job "main.<locals>.write_heartbeat_job (trigger: interval[0:00:15], next run at: 2026-09-17 17:31:20 +07)" executed successfully
2026-09-17 17:31:06,017 INFO apscheduler.executors.default: Running job "main.<locals>.run_scan (trigger: cron[second='1,6,11,16,21,26,31,36,41,46,51,56'], next run at: 2026-09-17 17:31:11 +07)" (scheduled at 2026-09-17 17:31:06+07:00)
2026-09-17 17:31:06,018 INFO apscheduler.executors.default: Job "main.<locals>.run_scan (trigger: cron[second='1,6,11,16,21,26,31,36,41,46,51,56'], next run at: 2026-09-17 17:31:11 +07)" executed successfully
2026-09-17 17:31:09,444 INFO apscheduler.executors.default: Running job "main.<locals>.run_lts_aus_fast_scan (trigger: interval[0:00:05], next run at: 2026-09-17 17:31:14 +07)" (scheduled at 2026-09-17 17:31:09.432380+07:00)
2026-09-17 17:31:09,444 INFO apscheduler.executors.default: Job "main.<locals>.run_lts_aus_fast_scan (trigger: interval[0:00:05], next run at: 2026-09-17 17:31:14 +07)" executed successfully
2026-09-17 17:31:09,445 INFO apscheduler.executors.default: Running job "main.<locals>.run_position_check (trigger: interval[0:00:05], next run at: 2026-09-17 17:31:14 +07)" (scheduled at 2026-09-17 17:31:09.433381+07:00)
2026-09-17 17:31:09,447 INFO apscheduler.executors.default: Job "main.<locals>.run_position_check (trigger: interval[0:00:05], next run at: 2026-09-17 17:31:14 +07)" executed successfully
2026-09-17 17:31:09,447 INFO apscheduler.executors.default: Running job "main.<locals>.run_trail_sl (trigger: interval[0:00:05], next run at: 2026-09-17 17:31:14 +07)" (scheduled at 2026-09-17 17:31:09.433381+07:00)
2026-09-17 17:31:09,448 INFO apscheduler.executors.default: Job "main.<locals>.run_trail_sl (trigger: interval[0:00:05], next run at: 2026-09-17 17:31:14 +07)" executed successfully
2026-09-17 17:31:11,015 INFO apscheduler.executors.default: Running job "main.<locals>.run_scan (trigger: cron[second='1,6,11,16,21,26,31,36,41,46,51,56'], next run at: 2026-09-17 17:31:16 +07)" (scheduled at 2026-09-17 17:31:11+07:00)
2026-09-17 17:31:11,015 INFO apscheduler.executors.default: Job "main.<locals>.run_scan (trigger: cron[second='1,6,11,16,21,26,31,36,41,46,51,56'], next run at: 2026-09-17 17:31:16 +07)" executed successfully
2026-09-17 17:31:12,797 INFO httpx: HTTP Request: POST https://api.telegram.org/bot8759704311:AAFifFvXYLNPJZYlq-E4p3RVCUNiR0Ny6Ic/getUpdates "HTTP/1.1 200 OK"
2026-09-17 17:31:14,439 INFO apscheduler.executors.default: Running job "main.<locals>.run_lts_aus_fast_scan (trigger: interval[0:00:05], next run at: 2026-09-17 17:31:19 +07)" (scheduled at 2026-09-17 17:31:14.432380+07:00)
2026-09-17 17:31:14,440 INFO apscheduler.executors.default: Job "main.<locals>.run_lts_aus_fast_scan (trigger: interval[0:00:05], next run at: 2026-09-17 17:31:19 +07)" executed successfully
2026-09-17 17:31:14,440 INFO apscheduler.executors.default: Running job "main.<locals>.run_position_check (trigger: interval[0:00:05], next run at: 2026-09-17 17:31:19 +07)" (scheduled at 2026-09-17 17:31:14.433381+07:00)
2026-09-17 17:31:14,443 INFO apscheduler.executors.default: Job "main.<locals>.run_position_check (trigger: interval[0:00:05], next run at: 2026-09-17 17:31:19 +07)" executed successfully
2026-09-17 17:31:14,443 INFO apscheduler.executors.default: Running job "main.<locals>.run_trail_sl (trigger: interval[0:00:05], next run at: 2026-09-17 17:31:19 +07)" (scheduled at 2026-09-17 17:31:14.433381+07:00)
2026-09-17 17:31:14,444 INFO apscheduler.executors.default: Job "main.<locals>.run_trail_sl (trigger: interval[0:00:05], next run at: 2026-09-17 17:31:19 +07)" executed successfully
2026-09-17 17:31:16,019 INFO apscheduler.executors.default: Running job "main.<locals>.run_scan (trigger: cron[second='1,6,11,16,21,26,31,36,41,46,51,56'], next run at: 2026-09-17 17:31:21 +07)" (scheduled at 2026-09-17 17:31:16+07:00)
2026-09-17 17:31:16,019 INFO apscheduler.executors.default: Job "main.<locals>.run_scan (trigger: cron[second='1,6,11,16,21,26,31,36,41,46,51,56'], next run at: 2026-09-17 17:31:21 +07)" executed successfully
2026-09-17 17:31:19,439 INFO apscheduler.executors.default: Running job "main.<locals>.run_lts_aus_fast_scan (trigger: interval[0:00:05], next run at: 2026-09-17 17:31:24 +07)" (scheduled at 2026-09-17 17:31:19.432380+07:00)
2026-09-17 17:31:19,440 INFO apscheduler.executors.default: Job "main.<locals>.run_lts_aus_fast_scan (trigger: interval[0:00:05], next run at: 2026-09-17 17:31:24 +07)" executed successfully
2026-09-17 17:31:19,440 INFO apscheduler.executors.default: Running job "main.<locals>.run_position_check (trigger: interval[0:00:05], next run at: 2026-09-17 17:31:24 +07)" (scheduled at 2026-09-17 17:31:19.433381+07:00)
2026-09-17 17:31:19,443 INFO apscheduler.executors.default: Job "main.<locals>.run_position_check (trigger: interval[0:00:05], next run at: 2026-09-17 17:31:24 +07)" executed successfully
2026-09-17 17:31:19,443 INFO apscheduler.executors.default: Running job "main.<locals>.run_trail_sl (trigger: interval[0:00:05], next run at: 2026-09-17 17:31:24 +07)" (scheduled at 2026-09-17 17:31:19.433381+07:00)
2026-09-17 17:31:19,443 INFO apscheduler.executors.default: Job "main.<locals>.run_trail_sl (trigger: interval[0:00:05], next run at: 2026-09-17 17:31:24 +07)" executed successfully
2026-09-17 17:31:19,444 INFO apscheduler.executors.default: Running job "main.<locals>.save_bot_state_job (trigger: interval[0:00:15], next run at: 2026-09-17 17:31:34 +07)" (scheduled at 2026-09-17 17:31:19.434380+07:00)
2026-09-17 17:31:19,447 INFO apscheduler.executors.default: Job "main.<locals>.save_bot_state_job (trigger: interval[0:00:15], next run at: 2026-09-17 17:31:34 +07)" executed successfully
2026-09-17 17:31:20,452 INFO apscheduler.executors.default: Running job "main.<locals>.write_heartbeat_job (trigger: interval[0:00:15], next run at: 2026-09-17 17:31:35 +07)" (scheduled at 2026-09-17 17:31:20.436472+07:00)
2026-09-17 17:31:20,455 INFO apscheduler.executors.default: Job "main.<locals>.write_heartbeat_job (trigger: interval[0:00:15], next run at: 2026-09-17 17:31:35 +07)" executed successfully
2026-09-17 17:31:21,012 INFO apscheduler.executors.default: Running job "main.<locals>.run_scan (trigger: cron[second='1,6,11,16,21,26,31,36,41,46,51,56'], next run at: 2026-09-17 17:31:26 +07)" (scheduled at 2026-09-17 17:31:21+07:00)
2026-09-17 17:31:21,012 INFO apscheduler.executors.default: Job "main.<locals>.run_scan (trigger: cron[second='1,6,11,16,21,26,31,36,41,46,51,56'], next run at: 2026-09-17 17:31:26 +07)" executed successfully
2026-09-17 17:31:22,994 INFO httpx: HTTP Request: POST https://api.telegram.org/bot8759704311:AAFifFvXYLNPJZYlq-E4p3RVCUNiR0Ny6Ic/getUpdates "HTTP/1.1 200 OK"
2026-09-17 17:31:24,446 INFO apscheduler.executors.default: Running job "main.<locals>.run_lts_aus_fast_scan (trigger: interval[0:00:05], next run at: 2026-09-17 17:31:29 +07)" (scheduled at 2026-09-17 17:31:24.432380+07:00)
2026-09-17 17:31:24,447 INFO apscheduler.executors.default: Job "main.<locals>.run_lts_aus_fast_scan (trigger: interval[0:00:05], next run at: 2026-09-17 17:31:29 +07)" executed successfully
2026-09-17 17:31:24,447 INFO apscheduler.executors.default: Running job "main.<locals>.run_position_check (trigger: interval[0:00:05], next run at: 2026-09-17 17:31:29 +07)" (scheduled at 2026-09-17 17:31:24.433381+07:00)
2026-09-17 17:31:24,450 INFO apscheduler.executors.default: Job "main.<locals>.run_position_check (trigger: interval[0:00:05], next run at: 2026-09-17 17:31:29 +07)" executed successfully
2026-09-17 17:31:24,450 INFO apscheduler.executors.default: Running job "main.<locals>.run_trail_sl (trigger: interval[0:00:05], next run at: 2026-09-17 17:31:29 +07)" (scheduled at 2026-09-17 17:31:24.433381+07:00)
2026-09-17 17:31:24,451 INFO apscheduler.executors.default: Job "main.<locals>.run_trail_sl (trigger: interval[0:00:05], next run at: 2026-09-17 17:31:29 +07)" executed successfully
2026-09-17 17:31:26,016 INFO apscheduler.executors.default: Running job "main.<locals>.run_scan (trigger: cron[second='1,6,11,16,21,26,31,36,41,46,51,56'], next run at: 2026-09-17 17:31:31 +07)" (scheduled at 2026-09-17 17:31:26+07:00)
2026-09-17 17:31:26,016 INFO apscheduler.executors.default: Job "main.<locals>.run_scan (trigger: cron[second='1,6,11,16,21,26,31,36,41,46,51,56'], next run at: 2026-09-17 17:31:31 +07)" executed successfully
2026-09-17 17:31:29,445 INFO apscheduler.executors.default: Running job "main.<locals>.run_lts_aus_fast_scan (trigger: interval[0:00:05], next run at: 2026-09-17 17:31:34 +07)" (scheduled at 2026-09-17 17:31:29.432380+07:00)
2026-09-17 17:31:29,446 INFO apscheduler.executors.default: Job "main.<locals>.run_lts_aus_fast_scan (trigger: interval[0:00:05], next run at: 2026-09-17 17:31:34 +07)" executed successfully
2026-09-17 17:31:29,446 INFO apscheduler.executors.default: Running job "main.<locals>.run_position_check (trigger: interval[0:00:05], next run at: 2026-09-17 17:31:34 +07)" (scheduled at 2026-09-17 17:31:29.433381+07:00)
2026-09-17 17:31:29,449 INFO apscheduler.executors.default: Job "main.<locals>.run_position_check (trigger: interval[0:00:05], next run at: 2026-09-17 17:31:34 +07)" executed successfully
2026-09-17 17:31:29,449 INFO apscheduler.executors.default: Running job "main.<locals>.run_trail_sl (trigger: interval[0:00:05], next run at: 2026-09-17 17:31:34 +07)" (scheduled at 2026-09-17 17:31:29.433381+07:00)
2026-09-17 17:31:29,449 INFO apscheduler.executors.default: Job "main.<locals>.run_trail_sl (trigger: interval[0:00:05], next run at: 2026-09-17 17:31:34 +07)" executed successfully
2026-09-17 17:31:31,011 INFO apscheduler.executors.default: Running job "main.<locals>.run_scan (trigger: cron[second='1,6,11,16,21,26,31,36,41,46,51,56'], next run at: 2026-09-17 17:31:36 +07)" (scheduled at 2026-09-17 17:31:31+07:00)
2026-09-17 17:31:31,012 INFO apscheduler.executors.default: Job "main.<locals>.run_scan (trigger: cron[second='1,6,11,16,21,26,31,36,41,46,51,56'], next run at: 2026-09-17 17:31:36 +07)" executed successfully
2026-09-17 17:31:33,199 INFO httpx: HTTP Request: POST https://api.telegram.org/bot8759704311:AAFifFvXYLNPJZYlq-E4p3RVCUNiR0Ny6Ic/getUpdates "HTTP/1.1 200 OK"
2026-09-17 17:31:34,436 INFO apscheduler.executors.default: Running job "main.<locals>.run_lts_aus_fast_scan (trigger: interval[0:00:05], next run at: 2026-09-17 17:31:39 +07)" (scheduled at 2026-09-17 17:31:34.432380+07:00)
2026-09-17 17:31:34,436 INFO apscheduler.executors.default: Job "main.<locals>.run_lts_aus_fast_scan (trigger: interval[0:00:05], next run at: 2026-09-17 17:31:39 +07)" executed successfully
2026-09-17 17:31:34,437 INFO apscheduler.executors.default: Running job "main.<locals>.run_position_check (trigger: interval[0:00:05], next run at: 2026-09-17 17:31:39 +07)" (scheduled at 2026-09-17 17:31:34.433381+07:00)
2026-09-17 17:31:34,440 INFO apscheduler.executors.default: Job "main.<locals>.run_position_check (trigger: interval[0:00:05], next run at: 2026-09-17 17:31:39 +07)" executed successfully
2026-09-17 17:31:34,440 INFO apscheduler.executors.default: Running job "main.<locals>.run_trail_sl (trigger: interval[0:00:05], next run at: 2026-09-17 17:31:39 +07)" (scheduled at 2026-09-17 17:31:34.433381+07:00)
2026-09-17 17:31:34,440 INFO apscheduler.executors.default: Job "main.<locals>.run_trail_sl (trigger: interval[0:00:05], next run at: 2026-09-17 17:31:39 +07)" executed successfully
2026-09-17 17:31:34,440 INFO apscheduler.executors.default: Running job "main.<locals>.save_bot_state_job (trigger: interval[0:00:15], next run at: 2026-09-17 17:31:49 +07)" (scheduled at 2026-09-17 17:31:34.434380+07:00)
2026-09-17 17:31:34,443 INFO apscheduler.executors.default: Job "main.<locals>.save_bot_state_job (trigger: interval[0:00:15], next run at: 2026-09-17 17:31:49 +07)" executed successfully
2026-09-17 17:31:35,439 INFO apscheduler.executors.default: Running job "main.<locals>.write_heartbeat_job (trigger: interval[0:00:15], next run at: 2026-09-17 17:31:50 +07)" (scheduled at 2026-09-17 17:31:35.436472+07:00)
2026-09-17 17:31:35,443 INFO apscheduler.executors.default: Job "main.<locals>.write_heartbeat_job (trigger: interval[0:00:15], next run at: 2026-09-17 17:31:50 +07)" executed successfully
2026-09-17 17:31:36,013 INFO apscheduler.executors.default: Running job "main.<locals>.run_scan (trigger: cron[second='1,6,11,16,21,26,31,36,41,46,51,56'], next run at: 2026-09-17 17:31:41 +07)" (scheduled at 2026-09-17 17:31:36+07:00)
2026-09-17 17:31:36,013 INFO apscheduler.executors.default: Job "main.<locals>.run_scan (trigger: cron[second='1,6,11,16,21,26,31,36,41,46,51,56'], next run at: 2026-09-17 17:31:41 +07)" executed successfully
2026-09-17 17:31:39,445 INFO apscheduler.executors.default: Running job "main.<locals>.run_lts_aus_fast_scan (trigger: interval[0:00:05], next run at: 2026-09-17 17:31:44 +07)" (scheduled at 2026-09-17 17:31:39.432380+07:00)
2026-09-17 17:31:39,445 INFO apscheduler.executors.default: Job "main.<locals>.run_lts_aus_fast_scan (trigger: interval[0:00:05], next run at: 2026-09-17 17:31:44 +07)" executed successfully
2026-09-17 17:31:39,445 INFO apscheduler.executors.default: Running job "main.<locals>.run_position_check (trigger: interval[0:00:05], next run at: 2026-09-17 17:31:44 +07)" (scheduled at 2026-09-17 17:31:39.433381+07:00)
2026-09-17 17:31:39,448 INFO apscheduler.executors.default: Job "main.<locals>.run_position_check (trigger: interval[0:00:05], next run at: 2026-09-17 17:31:44 +07)" executed successfully
2026-09-17 17:31:39,448 INFO apscheduler.executors.default: Running job "main.<locals>.run_trail_sl (trigger: interval[0:00:05], next run at: 2026-09-17 17:31:44 +07)" (scheduled at 2026-09-17 17:31:39.433381+07:00)
2026-09-17 17:31:39,448 INFO apscheduler.executors.default: Job "main.<locals>.run_trail_sl (trigger: interval[0:00:05], next run at: 2026-09-17 17:31:44 +07)" executed successfully
2026-09-17 17:31:41,012 INFO apscheduler.executors.default: Running job "main.<locals>.run_scan (trigger: cron[second='1,6,11,16,21,26,31,36,41,46,51,56'], next run at: 2026-09-17 17:31:46 +07)" (scheduled at 2026-09-17 17:31:41+07:00)
2026-09-17 17:31:41,013 INFO apscheduler.executors.default: Job "main.<locals>.run_scan (trigger: cron[second='1,6,11,16,21,26,31,36,41,46,51,56'], next run at: 2026-09-17 17:31:46 +07)" executed successfully
2026-09-17 17:31:43,435 INFO httpx: HTTP Request: POST https://api.telegram.org/bot8759704311:AAFifFvXYLNPJZYlq-E4p3RVCUNiR0Ny6Ic/getUpdates "HTTP/1.1 200 OK"
2026-09-17 17:31:44,437 INFO apscheduler.executors.default: Running job "main.<locals>.run_lts_aus_fast_scan (trigger: interval[0:00:05], next run at: 2026-09-17 17:31:49 +07)" (scheduled at 2026-09-17 17:31:44.432380+07:00)
2026-09-17 17:31:44,437 INFO apscheduler.executors.default: Job "main.<locals>.run_lts_aus_fast_scan (trigger: interval[0:00:05], next run at: 2026-09-17 17:31:49 +07)" executed successfully
2026-09-17 17:31:44,438 INFO apscheduler.executors.default: Running job "main.<locals>.run_position_check (trigger: interval[0:00:05], next run at: 2026-09-17 17:31:49 +07)" (scheduled at 2026-09-17 17:31:44.433381+07:00)
2026-09-17 17:31:44,440 INFO apscheduler.executors.default: Job "main.<locals>.run_position_check (trigger: interval[0:00:05], next run at: 2026-09-17 17:31:49 +07)" executed successfully
2026-09-17 17:31:44,441 INFO apscheduler.executors.default: Running job "main.<locals>.run_trail_sl (trigger: interval[0:00:05], next run at: 2026-09-17 17:31:49 +07)" (scheduled at 2026-09-17 17:31:44.433381+07:00)
2026-09-17 17:31:44,441 INFO apscheduler.executors.default: Job "main.<locals>.run_trail_sl (trigger: interval[0:00:05], next run at: 2026-09-17 17:31:49 +07)" executed successfully
2026-09-17 17:31:46,008 INFO apscheduler.executors.default: Running job "main.<locals>.run_scan (trigger: cron[second='1,6,11,16,21,26,31,36,41,46,51,56'], next run at: 2026-09-17 17:31:51 +07)" (scheduled at 2026-09-17 17:31:46+07:00)
2026-09-17 17:31:46,009 INFO apscheduler.executors.default: Job "main.<locals>.run_scan (trigger: cron[second='1,6,11,16,21,26,31,36,41,46,51,56'], next run at: 2026-09-17 17:31:51 +07)" executed successfully
2026-09-17 17:31:49,446 INFO apscheduler.executors.default: Running job "main.<locals>.check_symbol_switch (trigger: interval[0:01:00], next run at: 2026-09-17 17:32:49 +07)" (scheduled at 2026-09-17 17:31:49.430373+07:00)
2026-09-17 17:31:49,451 INFO apscheduler.executors.default: Job "main.<locals>.check_symbol_switch (trigger: interval[0:01:00], next run at: 2026-09-17 17:32:49 +07)" executed successfully
2026-09-17 17:31:49,451 INFO apscheduler.executors.default: Running job "main.<locals>.run_lts_aus_fast_scan (trigger: interval[0:00:05], next run at: 2026-09-17 17:31:54 +07)" (scheduled at 2026-09-17 17:31:49.432380+07:00)
2026-09-17 17:31:49,452 INFO apscheduler.executors.default: Job "main.<locals>.run_lts_aus_fast_scan (trigger: interval[0:00:05], next run at: 2026-09-17 17:31:54 +07)" executed successfully
2026-09-17 17:31:49,453 INFO apscheduler.executors.default: Running job "main.<locals>.run_position_check (trigger: interval[0:00:05], next run at: 2026-09-17 17:31:54 +07)" (scheduled at 2026-09-17 17:31:49.433381+07:00)
2026-09-17 17:31:49,454 INFO apscheduler.executors.default: Job "main.<locals>.run_position_check (trigger: interval[0:00:05], next run at: 2026-09-17 17:31:54 +07)" executed successfully
2026-09-17 17:31:49,454 INFO apscheduler.executors.default: Running job "main.<locals>.run_trail_sl (trigger: interval[0:00:05], next run at: 2026-09-17 17:31:54 +07)" (scheduled at 2026-09-17 17:31:49.433381+07:00)
2026-09-17 17:31:49,456 INFO apscheduler.executors.default: Job "main.<locals>.run_trail_sl (trigger: interval[0:00:05], next run at: 2026-09-17 17:31:54 +07)" executed successfully
2026-09-17 17:31:49,456 INFO apscheduler.executors.default: Running job "main.<locals>.save_bot_state_job (trigger: interval[0:00:15], next run at: 2026-09-17 17:32:04 +07)" (scheduled at 2026-09-17 17:31:49.434380+07:00)
2026-09-17 17:31:49,458 INFO apscheduler.executors.default: Job "main.<locals>.save_bot_state_job (trigger: interval[0:00:15], next run at: 2026-09-17 17:32:04 +07)" executed successfully
2026-09-17 17:31:49,458 INFO apscheduler.executors.default: Running job "main.<locals>.run_watchdog (trigger: interval[0:01:00], next run at: 2026-09-17 17:32:49 +07)" (scheduled at 2026-09-17 17:31:49.435380+07:00)
2026-09-17 17:31:49,462 INFO apscheduler.executors.default: Job "main.<locals>.run_watchdog (trigger: interval[0:01:00], next run at: 2026-09-17 17:32:49 +07)" executed successfully
2026-09-17 17:31:50,452 INFO apscheduler.executors.default: Running job "main.<locals>.write_heartbeat_job (trigger: interval[0:00:15], next run at: 2026-09-17 17:32:05 +07)" (scheduled at 2026-09-17 17:31:50.436472+07:00)
2026-09-17 17:31:50,456 INFO apscheduler.executors.default: Job "main.<locals>.write_heartbeat_job (trigger: interval[0:00:15], next run at: 2026-09-17 17:32:05 +07)" executed successfully
2026-09-17 17:31:51,012 INFO apscheduler.executors.default: Running job "main.<locals>.run_scan (trigger: cron[second='1,6,11,16,21,26,31,36,41,46,51,56'], next run at: 2026-09-17 17:31:56 +07)" (scheduled at 2026-09-17 17:31:51+07:00)
2026-09-17 17:31:51,012 INFO apscheduler.executors.default: Job "main.<locals>.run_scan (trigger: cron[second='1,6,11,16,21,26,31,36,41,46,51,56'], next run at: 2026-09-17 17:31:56 +07)" executed successfully
2026-09-17 17:31:53,633 INFO httpx: HTTP Request: POST https://api.telegram.org/bot8759704311:AAFifFvXYLNPJZYlq-E4p3RVCUNiR0Ny6Ic/getUpdates "HTTP/1.1 200 OK"
2026-09-17 17:31:54,445 INFO apscheduler.executors.default: Running job "main.<locals>.run_lts_aus_fast_scan (trigger: interval[0:00:05], next run at: 2026-09-17 17:31:59 +07)" (scheduled at 2026-09-17 17:31:54.432380+07:00)
2026-09-17 17:31:54,445 INFO apscheduler.executors.default: Job "main.<locals>.run_lts_aus_fast_scan (trigger: interval[0:00:05], next run at: 2026-09-17 17:31:59 +07)" executed successfully
2026-09-17 17:31:54,446 INFO apscheduler.executors.default: Running job "main.<locals>.run_position_check (trigger: interval[0:00:05], next run at: 2026-09-17 17:31:59 +07)" (scheduled at 2026-09-17 17:31:54.433381+07:00)
2026-09-17 17:31:54,449 INFO apscheduler.executors.default: Job "main.<locals>.run_position_check (trigger: interval[0:00:05], next run at: 2026-09-17 17:31:59 +07)" executed successfully
2026-09-17 17:31:54,450 INFO apscheduler.executors.default: Running job "main.<locals>.run_trail_sl (trigger: interval[0:00:05], next run at: 2026-09-17 17:31:59 +07)" (scheduled at 2026-09-17 17:31:54.433381+07:00)
2026-09-17 17:31:54,450 INFO apscheduler.executors.default: Job "main.<locals>.run_trail_sl (trigger: interval[0:00:05], next run at: 2026-09-17 17:31:59 +07)" executed successfully
2026-09-17 17:31:56,013 INFO apscheduler.executors.default: Running job "main.<locals>.run_scan (trigger: cron[second='1,6,11,16,21,26,31,36,41,46,51,56'], next run at: 2026-09-17 17:32:01 +07)" (scheduled at 2026-09-17 17:31:56+07:00)
2026-09-17 17:31:56,013 INFO apscheduler.executors.default: Job "main.<locals>.run_scan (trigger: cron[second='1,6,11,16,21,26,31,36,41,46,51,56'], next run at: 2026-09-17 17:32:01 +07)" executed successfully
2026-09-17 17:31:59,448 INFO apscheduler.executors.default: Running job "main.<locals>.run_lts_aus_fast_scan (trigger: interval[0:00:05], next run at: 2026-09-17 17:32:04 +07)" (scheduled at 2026-09-17 17:31:59.432380+07:00)
2026-09-17 17:31:59,448 INFO apscheduler.executors.default: Job "main.<locals>.run_lts_aus_fast_scan (trigger: interval[0:00:05], next run at: 2026-09-17 17:32:04 +07)" executed successfully
2026-09-17 17:31:59,449 INFO apscheduler.executors.default: Running job "main.<locals>.run_position_check (trigger: interval[0:00:05], next run at: 2026-09-17 17:32:04 +07)" (scheduled at 2026-09-17 17:31:59.433381+07:00)
2026-09-17 17:31:59,452 INFO apscheduler.executors.default: Job "main.<locals>.run_position_check (trigger: interval[0:00:05], next run at: 2026-09-17 17:32:04 +07)" executed successfully
2026-09-17 17:31:59,453 INFO apscheduler.executors.default: Running job "main.<locals>.run_trail_sl (trigger: interval[0:00:05], next run at: 2026-09-17 17:32:04 +07)" (scheduled at 2026-09-17 17:31:59.433381+07:00)
2026-09-17 17:31:59,453 INFO apscheduler.executors.default: Job "main.<locals>.run_trail_sl (trigger: interval[0:00:05], next run at: 2026-09-17 17:32:04 +07)" executed successfully
2026-09-17 17:32:01,019 INFO apscheduler.executors.default: Running job "main.<locals>.run_scan (trigger: cron[second='1,6,11,16,21,26,31,36,41,46,51,56'], next run at: 2026-09-17 17:32:06 +07)" (scheduled at 2026-09-17 17:32:01+07:00)
2026-09-17 17:32:01,019 INFO apscheduler.executors.default: Job "main.<locals>.run_scan (trigger: cron[second='1,6,11,16,21,26,31,36,41,46,51,56'], next run at: 2026-09-17 17:32:06 +07)" executed successfully
2026-09-17 17:32:03,832 INFO httpx: HTTP Request: POST https://api.telegram.org/bot8759704311:AAFifFvXYLNPJZYlq-E4p3RVCUNiR0Ny6Ic/getUpdates "HTTP/1.1 200 OK"
2026-09-17 17:32:04,447 INFO apscheduler.executors.default: Running job "main.<locals>.run_lts_aus_fast_scan (trigger: interval[0:00:05], next run at: 2026-09-17 17:32:09 +07)" (scheduled at 2026-09-17 17:32:04.432380+07:00)
2026-09-17 17:32:04,448 INFO apscheduler.executors.default: Job "main.<locals>.run_lts_aus_fast_scan (trigger: interval[0:00:05], next run at: 2026-09-17 17:32:09 +07)" executed successfully
2026-09-17 17:32:04,448 INFO apscheduler.executors.default: Running job "main.<locals>.run_position_check (trigger: interval[0:00:05], next run at: 2026-09-17 17:32:09 +07)" (scheduled at 2026-09-17 17:32:04.433381+07:00)
2026-09-17 17:32:04,451 INFO apscheduler.executors.default: Job "main.<locals>.run_position_check (trigger: interval[0:00:05], next run at: 2026-09-17 17:32:09 +07)" executed successfully
2026-09-17 17:32:04,452 INFO apscheduler.executors.default: Running job "main.<locals>.run_trail_sl (trigger: interval[0:00:05], next run at: 2026-09-17 17:32:09 +07)" (scheduled at 2026-09-17 17:32:04.433381+07:00)
2026-09-17 17:32:04,452 INFO apscheduler.executors.default: Job "main.<locals>.run_trail_sl (trigger: interval[0:00:05], next run at: 2026-09-17 17:32:09 +07)" executed successfully
2026-09-17 17:32:04,452 INFO apscheduler.executors.default: Running job "main.<locals>.save_bot_state_job (trigger: interval[0:00:15], next run at: 2026-09-17 17:32:19 +07)" (scheduled at 2026-09-17 17:32:04.434380+07:00)
2026-09-17 17:32:04,454 INFO apscheduler.executors.default: Job "main.<locals>.save_bot_state_job (trigger: interval[0:00:15], next run at: 2026-09-17 17:32:19 +07)" executed successfully
2026-09-17 17:32:05,445 INFO apscheduler.executors.default: Running job "main.<locals>.write_heartbeat_job (trigger: interval[0:00:15], next run at: 2026-09-17 17:32:20 +07)" (scheduled at 2026-09-17 17:32:05.436472+07:00)
2026-09-17 17:32:05,449 INFO apscheduler.executors.default: Job "main.<locals>.write_heartbeat_job (trigger: interval[0:00:15], next run at: 2026-09-17 17:32:20 +07)" executed successfully
2026-09-17 17:32:06,007 INFO apscheduler.executors.default: Running job "main.<locals>.run_scan (trigger: cron[second='1,6,11,16,21,26,31,36,41,46,51,56'], next run at: 2026-09-17 17:32:11 +07)" (scheduled at 2026-09-17 17:32:06+07:00)
2026-09-17 17:32:06,009 INFO apscheduler.executors.default: Job "main.<locals>.run_scan (trigger: cron[second='1,6,11,16,21,26,31,36,41,46,51,56'], next run at: 2026-09-17 17:32:11 +07)" executed successfully
2026-09-17 17:32:09,440 INFO apscheduler.executors.default: Running job "main.<locals>.run_lts_aus_fast_scan (trigger: interval[0:00:05], next run at: 2026-09-17 17:32:14 +07)" (scheduled at 2026-09-17 17:32:09.432380+07:00)
2026-09-17 17:32:09,441 INFO apscheduler.executors.default: Job "main.<locals>.run_lts_aus_fast_scan (trigger: interval[0:00:05], next run at: 2026-09-17 17:32:14 +07)" executed successfully
2026-09-17 17:32:09,441 INFO apscheduler.executors.default: Running job "main.<locals>.run_position_check (trigger: interval[0:00:05], next run at: 2026-09-17 17:32:14 +07)" (scheduled at 2026-09-17 17:32:09.433381+07:00)
2026-09-17 17:32:09,445 INFO apscheduler.executors.default: Job "main.<locals>.run_position_check (trigger: interval[0:00:05], next run at: 2026-09-17 17:32:14 +07)" executed successfully
2026-09-17 17:32:09,445 INFO apscheduler.executors.default: Running job "main.<locals>.run_trail_sl (trigger: interval[0:00:05], next run at: 2026-09-17 17:32:14 +07)" (scheduled at 2026-09-17 17:32:09.433381+07:00)
2026-09-17 17:32:09,446 INFO apscheduler.executors.default: Job "main.<locals>.run_trail_sl (trigger: interval[0:00:05], next run at: 2026-09-17 17:32:14 +07)" executed successfully
2026-09-17 17:32:11,009 INFO apscheduler.executors.default: Running job "main.<locals>.run_scan (trigger: cron[second='1,6,11,16,21,26,31,36,41,46,51,56'], next run at: 2026-09-17 17:32:16 +07)" (scheduled at 2026-09-17 17:32:11+07:00)
2026-09-17 17:32:11,009 INFO apscheduler.executors.default: Job "main.<locals>.run_scan (trigger: cron[second='1,6,11,16,21,26,31,36,41,46,51,56'], next run at: 2026-09-17 17:32:16 +07)" executed successfully
2026-09-17 17:32:14,034 INFO httpx: HTTP Request: POST https://api.telegram.org/bot8759704311:AAFifFvXYLNPJZYlq-E4p3RVCUNiR0Ny6Ic/getUpdates "HTTP/1.1 200 OK"
2026-09-17 17:32:14,436 INFO apscheduler.executors.default: Running job "main.<locals>.run_lts_aus_fast_scan (trigger: interval[0:00:05], next run at: 2026-09-17 17:32:19 +07)" (scheduled at 2026-09-17 17:32:14.432380+07:00)
2026-09-17 17:32:14,436 INFO apscheduler.executors.default: Job "main.<locals>.run_lts_aus_fast_scan (trigger: interval[0:00:05], next run at: 2026-09-17 17:32:19 +07)" executed successfully
2026-09-17 17:32:14,436 INFO apscheduler.executors.default: Running job "main.<locals>.run_position_check (trigger: interval[0:00:05], next run at: 2026-09-17 17:32:19 +07)" (scheduled at 2026-09-17 17:32:14.433381+07:00)
2026-09-17 17:32:14,439 INFO apscheduler.executors.default: Job "main.<locals>.run_position_check (trigger: interval[0:00:05], next run at: 2026-09-17 17:32:19 +07)" executed successfully
2026-09-17 17:32:14,439 INFO apscheduler.executors.default: Running job "main.<locals>.run_trail_sl (trigger: interval[0:00:05], next run at: 2026-09-17 17:32:19 +07)" (scheduled at 2026-09-17 17:32:14.433381+07:00)
2026-09-17 17:32:14,439 INFO apscheduler.executors.default: Job "main.<locals>.run_trail_sl (trigger: interval[0:00:05], next run at: 2026-09-17 17:32:19 +07)" executed successfully
2026-09-17 17:32:16,007 INFO apscheduler.executors.default: Running job "main.<locals>.run_scan (trigger: cron[second='1,6,11,16,21,26,31,36,41,46,51,56'], next run at: 2026-09-17 17:32:21 +07)" (scheduled at 2026-09-17 17:32:16+07:00)
2026-09-17 17:32:16,007 INFO apscheduler.executors.default: Job "main.<locals>.run_scan (trigger: cron[second='1,6,11,16,21,26,31,36,41,46,51,56'], next run at: 2026-09-17 17:32:21 +07)" executed successfully
2026-09-17 17:32:19,440 INFO apscheduler.executors.default: Running job "main.<locals>.run_lts_aus_fast_scan (trigger: interval[0:00:05], next run at: 2026-09-17 17:32:24 +07)" (scheduled at 2026-09-17 17:32:19.432380+07:00)
2026-09-17 17:32:19,441 INFO apscheduler.executors.default: Job "main.<locals>.run_lts_aus_fast_scan (trigger: interval[0:00:05], next run at: 2026-09-17 17:32:24 +07)" executed successfully
2026-09-17 17:32:19,441 INFO apscheduler.executors.default: Running job "main.<locals>.run_position_check (trigger: interval[0:00:05], next run at: 2026-09-17 17:32:24 +07)" (scheduled at 2026-09-17 17:32:19.433381+07:00)
2026-09-17 17:32:19,443 INFO apscheduler.executors.default: Job "main.<locals>.run_position_check (trigger: interval[0:00:05], next run at: 2026-09-17 17:32:24 +07)" executed successfully
2026-09-17 17:32:19,445 INFO apscheduler.executors.default: Running job "main.<locals>.run_trail_sl (trigger: interval[0:00:05], next run at: 2026-09-17 17:32:24 +07)" (scheduled at 2026-09-17 17:32:19.433381+07:00)
2026-09-17 17:32:19,445 INFO apscheduler.executors.default: Job "main.<locals>.run_trail_sl (trigger: interval[0:00:05], next run at: 2026-09-17 17:32:24 +07)" executed successfully
2026-09-17 17:32:19,445 INFO apscheduler.executors.default: Running job "main.<locals>.save_bot_state_job (trigger: interval[0:00:15], next run at: 2026-09-17 17:32:34 +07)" (scheduled at 2026-09-17 17:32:19.434380+07:00)
2026-09-17 17:32:19,447 INFO apscheduler.executors.default: Job "main.<locals>.save_bot_state_job (trigger: interval[0:00:15], next run at: 2026-09-17 17:32:34 +07)" executed successfully
2026-09-17 17:32:20,446 INFO apscheduler.executors.default: Running job "main.<locals>.write_heartbeat_job (trigger: interval[0:00:15], next run at: 2026-09-17 17:32:35 +07)" (scheduled at 2026-09-17 17:32:20.436472+07:00)
2026-09-17 17:32:20,450 INFO apscheduler.executors.default: Job "main.<locals>.write_heartbeat_job (trigger: interval[0:00:15], next run at: 2026-09-17 17:32:35 +07)" executed successfully
2026-09-17 17:32:21,007 INFO apscheduler.executors.default: Running job "main.<locals>.run_scan (trigger: cron[second='1,6,11,16,21,26,31,36,41,46,51,56'], next run at: 2026-09-17 17:32:26 +07)" (scheduled at 2026-09-17 17:32:21+07:00)
2026-09-17 17:32:21,008 INFO apscheduler.executors.default: Job "main.<locals>.run_scan (trigger: cron[second='1,6,11,16,21,26,31,36,41,46,51,56'], next run at: 2026-09-17 17:32:26 +07)" executed successfully
2026-09-17 17:32:24,229 INFO httpx: HTTP Request: POST https://api.telegram.org/bot8759704311:AAFifFvXYLNPJZYlq-E4p3RVCUNiR0Ny6Ic/getUpdates "HTTP/1.1 200 OK"
2026-09-17 17:32:24,452 INFO apscheduler.executors.default: Running job "main.<locals>.run_lts_aus_fast_scan (trigger: interval[0:00:05], next run at: 2026-09-17 17:32:29 +07)" (scheduled at 2026-09-17 17:32:24.432380+07:00)
2026-09-17 17:32:24,453 INFO apscheduler.executors.default: Job "main.<locals>.run_lts_aus_fast_scan (trigger: interval[0:00:05], next run at: 2026-09-17 17:32:29 +07)" executed successfully
2026-09-17 17:32:24,453 INFO apscheduler.executors.default: Running job "main.<locals>.run_position_check (trigger: interval[0:00:05], next run at: 2026-09-17 17:32:29 +07)" (scheduled at 2026-09-17 17:32:24.433381+07:00)
2026-09-17 17:32:24,457 INFO apscheduler.executors.default: Job "main.<locals>.run_position_check (trigger: interval[0:00:05], next run at: 2026-09-17 17:32:29 +07)" executed successfully
2026-09-17 17:32:24,458 INFO apscheduler.executors.default: Running job "main.<locals>.run_trail_sl (trigger: interval[0:00:05], next run at: 2026-09-17 17:32:29 +07)" (scheduled at 2026-09-17 17:32:24.433381+07:00)
2026-09-17 17:32:24,458 INFO apscheduler.executors.default: Job "main.<locals>.run_trail_sl (trigger: interval[0:00:05], next run at: 2026-09-17 17:32:29 +07)" executed successfully
2026-09-17 17:32:26,012 INFO apscheduler.executors.default: Running job "main.<locals>.run_scan (trigger: cron[second='1,6,11,16,21,26,31,36,41,46,51,56'], next run at: 2026-09-17 17:32:31 +07)" (scheduled at 2026-09-17 17:32:26+07:00)
2026-09-17 17:32:26,012 INFO apscheduler.executors.default: Job "main.<locals>.run_scan (trigger: cron[second='1,6,11,16,21,26,31,36,41,46,51,56'], next run at: 2026-09-17 17:32:31 +07)" executed successfully
2026-09-17 17:32:29,441 INFO apscheduler.executors.default: Running job "main.<locals>.run_lts_aus_fast_scan (trigger: interval[0:00:05], next run at: 2026-09-17 17:32:34 +07)" (scheduled at 2026-09-17 17:32:29.432380+07:00)
2026-09-17 17:32:29,442 INFO apscheduler.executors.default: Job "main.<locals>.run_lts_aus_fast_scan (trigger: interval[0:00:05], next run at: 2026-09-17 17:32:34 +07)" executed successfully
2026-09-17 17:32:29,442 INFO apscheduler.executors.default: Running job "main.<locals>.run_position_check (trigger: interval[0:00:05], next run at: 2026-09-17 17:32:34 +07)" (scheduled at 2026-09-17 17:32:29.433381+07:00)
2026-09-17 17:32:29,445 INFO apscheduler.executors.default: Job "main.<locals>.run_position_check (trigger: interval[0:00:05], next run at: 2026-09-17 17:32:34 +07)" executed successfully
2026-09-17 17:32:29,445 INFO apscheduler.executors.default: Running job "main.<locals>.run_trail_sl (trigger: interval[0:00:05], next run at: 2026-09-17 17:32:34 +07)" (scheduled at 2026-09-17 17:32:29.433381+07:00)
2026-09-17 17:32:29,445 INFO apscheduler.executors.default: Job "main.<locals>.run_trail_sl (trigger: interval[0:00:05], next run at: 2026-09-17 17:32:34 +07)" executed successfully
2026-09-17 17:32:31,011 INFO apscheduler.executors.default: Running job "main.<locals>.run_scan (trigger: cron[second='1,6,11,16,21,26,31,36,41,46,51,56'], next run at: 2026-09-17 17:32:36 +07)" (scheduled at 2026-09-17 17:32:31+07:00)
2026-09-17 17:32:31,011 INFO apscheduler.executors.default: Job "main.<locals>.run_scan (trigger: cron[second='1,6,11,16,21,26,31,36,41,46,51,56'], next run at: 2026-09-17 17:32:36 +07)" executed successfully
2026-09-17 17:32:34,438 INFO apscheduler.executors.default: Running job "main.<locals>.run_lts_aus_fast_scan (trigger: interval[0:00:05], next run at: 2026-09-17 17:32:39 +07)" (scheduled at 2026-09-17 17:32:34.432380+07:00)
2026-09-17 17:32:34,439 INFO apscheduler.executors.default: Job "main.<locals>.run_lts_aus_fast_scan (trigger: interval[0:00:05], next run at: 2026-09-17 17:32:39 +07)" executed successfully
2026-09-17 17:32:34,439 INFO apscheduler.executors.default: Running job "main.<locals>.run_position_check (trigger: interval[0:00:05], next run at: 2026-09-17 17:32:39 +07)" (scheduled at 2026-09-17 17:32:34.433381+07:00)
2026-09-17 17:32:34,443 INFO apscheduler.executors.default: Job "main.<locals>.run_position_check (trigger: interval[0:00:05], next run at: 2026-09-17 17:32:39 +07)" executed successfully
2026-09-17 17:32:34,443 INFO apscheduler.executors.default: Running job "main.<locals>.run_trail_sl (trigger: interval[0:00:05], next run at: 2026-09-17 17:32:39 +07)" (scheduled at 2026-09-17 17:32:34.433381+07:00)
2026-09-17 17:32:34,443 INFO apscheduler.executors.default: Job "main.<locals>.run_trail_sl (trigger: interval[0:00:05], next run at: 2026-09-17 17:32:39 +07)" executed successfully
2026-09-17 17:32:34,443 INFO apscheduler.executors.default: Running job "main.<locals>.save_bot_state_job (trigger: interval[0:00:15], next run at: 2026-09-17 17:32:49 +07)" (scheduled at 2026-09-17 17:32:34.434380+07:00)
2026-09-17 17:32:34,445 INFO apscheduler.executors.default: Job "main.<locals>.save_bot_state_job (trigger: interval[0:00:15], next run at: 2026-09-17 17:32:49 +07)" executed successfully
2026-09-17 17:32:34,446 INFO httpx: HTTP Request: POST https://api.telegram.org/bot8759704311:AAFifFvXYLNPJZYlq-E4p3RVCUNiR0Ny6Ic/getUpdates "HTTP/1.1 200 OK"
2026-09-17 17:32:35,443 INFO apscheduler.executors.default: Running job "main.<locals>.write_heartbeat_job (trigger: interval[0:00:15], next run at: 2026-09-17 17:32:50 +07)" (scheduled at 2026-09-17 17:32:35.436472+07:00)
2026-09-17 17:32:35,446 INFO apscheduler.executors.default: Job "main.<locals>.write_heartbeat_job (trigger: interval[0:00:15], next run at: 2026-09-17 17:32:50 +07)" executed successfully
2026-09-17 17:32:36,017 INFO apscheduler.executors.default: Running job "main.<locals>.run_scan (trigger: cron[second='1,6,11,16,21,26,31,36,41,46,51,56'], next run at: 2026-09-17 17:32:41 +07)" (scheduled at 2026-09-17 17:32:36+07:00)
2026-09-17 17:32:36,018 INFO apscheduler.executors.default: Job "main.<locals>.run_scan (trigger: cron[second='1,6,11,16,21,26,31,36,41,46,51,56'], next run at: 2026-09-17 17:32:41 +07)" executed successfully
2026-09-17 17:32:39,441 INFO apscheduler.executors.default: Running job "main.<locals>.run_lts_aus_fast_scan (trigger: interval[0:00:05], next run at: 2026-09-17 17:32:44 +07)" (scheduled at 2026-09-17 17:32:39.432380+07:00)
2026-09-17 17:32:39,442 INFO apscheduler.executors.default: Job "main.<locals>.run_lts_aus_fast_scan (trigger: interval[0:00:05], next run at: 2026-09-17 17:32:44 +07)" executed successfully
2026-09-17 17:32:39,442 INFO apscheduler.executors.default: Running job "main.<locals>.run_position_check (trigger: interval[0:00:05], next run at: 2026-09-17 17:32:44 +07)" (scheduled at 2026-09-17 17:32:39.433381+07:00)
2026-09-17 17:32:39,446 INFO apscheduler.executors.default: Job "main.<locals>.run_position_check (trigger: interval[0:00:05], next run at: 2026-09-17 17:32:44 +07)" executed successfully
2026-09-17 17:32:39,446 INFO apscheduler.executors.default: Running job "main.<locals>.run_trail_sl (trigger: interval[0:00:05], next run at: 2026-09-17 17:32:44 +07)" (scheduled at 2026-09-17 17:32:39.433381+07:00)
2026-09-17 17:32:39,446 INFO apscheduler.executors.default: Job "main.<locals>.run_trail_sl (trigger: interval[0:00:05], next run at: 2026-09-17 17:32:44 +07)" executed successfully
2026-09-17 17:32:41,009 INFO apscheduler.executors.default: Running job "main.<locals>.run_scan (trigger: cron[second='1,6,11,16,21,26,31,36,41,46,51,56'], next run at: 2026-09-17 17:32:46 +07)" (scheduled at 2026-09-17 17:32:41+07:00)
2026-09-17 17:32:41,009 INFO apscheduler.executors.default: Job "main.<locals>.run_scan (trigger: cron[second='1,6,11,16,21,26,31,36,41,46,51,56'], next run at: 2026-09-17 17:32:46 +07)" executed successfully
2026-09-17 17:32:44,441 INFO apscheduler.executors.default: Running job "main.<locals>.run_lts_aus_fast_scan (trigger: interval[0:00:05], next run at: 2026-09-17 17:32:49 +07)" (scheduled at 2026-09-17 17:32:44.432380+07:00)
2026-09-17 17:32:44,442 INFO apscheduler.executors.default: Job "main.<locals>.run_lts_aus_fast_scan (trigger: interval[0:00:05], next run at: 2026-09-17 17:32:49 +07)" executed successfully
2026-09-17 17:32:44,442 INFO apscheduler.executors.default: Running job "main.<locals>.run_position_check (trigger: interval[0:00:05], next run at: 2026-09-17 17:32:49 +07)" (scheduled at 2026-09-17 17:32:44.433381+07:00)
2026-09-17 17:32:44,445 INFO apscheduler.executors.default: Job "main.<locals>.run_position_check (trigger: interval[0:00:05], next run at: 2026-09-17 17:32:49 +07)" executed successfully
2026-09-17 17:32:44,446 INFO apscheduler.executors.default: Running job "main.<locals>.run_trail_sl (trigger: interval[0:00:05], next run at: 2026-09-17 17:32:49 +07)" (scheduled at 2026-09-17 17:32:44.433381+07:00)
2026-09-17 17:32:44,446 INFO apscheduler.executors.default: Job "main.<locals>.run_trail_sl (trigger: interval[0:00:05], next run at: 2026-09-17 17:32:49 +07)" executed successfully
2026-09-17 17:32:44,652 INFO httpx: HTTP Request: POST https://api.telegram.org/bot8759704311:AAFifFvXYLNPJZYlq-E4p3RVCUNiR0Ny6Ic/getUpdates "HTTP/1.1 200 OK"
2026-09-17 17:32:46,023 INFO apscheduler.executors.default: Running job "main.<locals>.run_scan (trigger: cron[second='1,6,11,16,21,26,31,36,41,46,51,56'], next run at: 2026-09-17 17:32:51 +07)" (scheduled at 2026-09-17 17:32:46+07:00)
2026-09-17 17:32:46,023 INFO apscheduler.executors.default: Job "main.<locals>.run_scan (trigger: cron[second='1,6,11,16,21,26,31,36,41,46,51,56'], next run at: 2026-09-17 17:32:51 +07)" executed successfully
2026-09-17 17:32:49,433 INFO apscheduler.executors.default: Running job "main.<locals>.check_symbol_switch (trigger: interval[0:01:00], next run at: 2026-09-17 17:33:49 +07)" (scheduled at 2026-09-17 17:32:49.430373+07:00)
2026-09-17 17:32:49,439 INFO apscheduler.executors.default: Job "main.<locals>.check_symbol_switch (trigger: interval[0:01:00], next run at: 2026-09-17 17:33:49 +07)" executed successfully
2026-09-17 17:32:49,439 INFO apscheduler.executors.default: Running job "main.<locals>.run_lts_aus_fast_scan (trigger: interval[0:00:05], next run at: 2026-09-17 17:32:54 +07)" (scheduled at 2026-09-17 17:32:49.432380+07:00)
2026-09-17 17:32:49,439 INFO apscheduler.executors.default: Job "main.<locals>.run_lts_aus_fast_scan (trigger: interval[0:00:05], next run at: 2026-09-17 17:32:54 +07)" executed successfully
2026-09-17 17:32:49,439 INFO apscheduler.executors.default: Running job "main.<locals>.run_position_check (trigger: interval[0:00:05], next run at: 2026-09-17 17:32:54 +07)" (scheduled at 2026-09-17 17:32:49.433381+07:00)
2026-09-17 17:32:49,442 INFO apscheduler.executors.default: Job "main.<locals>.run_position_check (trigger: interval[0:00:05], next run at: 2026-09-17 17:32:54 +07)" executed successfully
2026-09-17 17:32:49,442 INFO apscheduler.executors.default: Running job "main.<locals>.run_trail_sl (trigger: interval[0:00:05], next run at: 2026-09-17 17:32:54 +07)" (scheduled at 2026-09-17 17:32:49.433381+07:00)
2026-09-17 17:32:49,442 INFO apscheduler.executors.default: Job "main.<locals>.run_trail_sl (trigger: interval[0:00:05], next run at: 2026-09-17 17:32:54 +07)" executed successfully
2026-09-17 17:32:49,444 INFO apscheduler.executors.default: Running job "main.<locals>.save_bot_state_job (trigger: interval[0:00:15], next run at: 2026-09-17 17:33:04 +07)" (scheduled at 2026-09-17 17:32:49.434380+07:00)
2026-09-17 17:32:49,446 INFO apscheduler.executors.default: Job "main.<locals>.save_bot_state_job (trigger: interval[0:00:15], next run at: 2026-09-17 17:33:04 +07)" executed successfully
2026-09-17 17:32:49,446 INFO apscheduler.executors.default: Running job "main.<locals>.run_watchdog (trigger: interval[0:01:00], next run at: 2026-09-17 17:33:49 +07)" (scheduled at 2026-09-17 17:32:49.435380+07:00)
2026-09-17 17:32:49,449 INFO apscheduler.executors.default: Job "main.<locals>.run_watchdog (trigger: interval[0:01:00], next run at: 2026-09-17 17:33:49 +07)" executed successfully
2026-09-17 17:32:50,459 INFO apscheduler.executors.default: Running job "main.<locals>.write_heartbeat_job (trigger: interval[0:00:15], next run at: 2026-09-17 17:33:05 +07)" (scheduled at 2026-09-17 17:32:50.436472+07:00)
2026-09-17 17:32:50,463 INFO apscheduler.executors.default: Job "main.<locals>.write_heartbeat_job (trigger: interval[0:00:15], next run at: 2026-09-17 17:33:05 +07)" executed successfully
2026-09-17 17:32:51,005 INFO apscheduler.executors.default: Running job "main.<locals>.run_scan (trigger: cron[second='1,6,11,16,21,26,31,36,41,46,51,56'], next run at: 2026-09-17 17:32:56 +07)" (scheduled at 2026-09-17 17:32:51+07:00)
2026-09-17 17:32:51,006 INFO apscheduler.executors.default: Job "main.<locals>.run_scan (trigger: cron[second='1,6,11,16,21,26,31,36,41,46,51,56'], next run at: 2026-09-17 17:32:56 +07)" executed successfully
2026-09-17 17:32:54,439 INFO apscheduler.executors.default: Running job "main.<locals>.run_lts_aus_fast_scan (trigger: interval[0:00:05], next run at: 2026-09-17 17:32:59 +07)" (scheduled at 2026-09-17 17:32:54.432380+07:00)
2026-09-17 17:32:54,439 INFO apscheduler.executors.default: Job "main.<locals>.run_lts_aus_fast_scan (trigger: interval[0:00:05], next run at: 2026-09-17 17:32:59 +07)" executed successfully
2026-09-17 17:32:54,439 INFO apscheduler.executors.default: Running job "main.<locals>.run_position_check (trigger: interval[0:00:05], next run at: 2026-09-17 17:32:59 +07)" (scheduled at 2026-09-17 17:32:54.433381+07:00)
2026-09-17 17:32:54,442 INFO apscheduler.executors.default: Job "main.<locals>.run_position_check (trigger: interval[0:00:05], next run at: 2026-09-17 17:32:59 +07)" executed successfully
2026-09-17 17:32:54,442 INFO apscheduler.executors.default: Running job "main.<locals>.run_trail_sl (trigger: interval[0:00:05], next run at: 2026-09-17 17:32:59 +07)" (scheduled at 2026-09-17 17:32:54.433381+07:00)
2026-09-17 17:32:54,443 INFO apscheduler.executors.default: Job "main.<locals>.run_trail_sl (trigger: interval[0:00:05], next run at: 2026-09-17 17:32:59 +07)" executed successfully
2026-09-17 17:32:54,847 INFO httpx: HTTP Request: POST https://api.telegram.org/bot8759704311:AAFifFvXYLNPJZYlq-E4p3RVCUNiR0Ny6Ic/getUpdates "HTTP/1.1 200 OK"
2026-09-17 17:32:56,004 INFO apscheduler.executors.default: Running job "main.<locals>.run_scan (trigger: cron[second='1,6,11,16,21,26,31,36,41,46,51,56'], next run at: 2026-09-17 17:33:01 +07)" (scheduled at 2026-09-17 17:32:56+07:00)
2026-09-17 17:32:56,005 INFO apscheduler.executors.default: Job "main.<locals>.run_scan (trigger: cron[second='1,6,11,16,21,26,31,36,41,46,51,56'], next run at: 2026-09-17 17:33:01 +07)" executed successfully
2026-09-17 17:32:59,449 INFO apscheduler.executors.default: Running job "main.<locals>.run_lts_aus_fast_scan (trigger: interval[0:00:05], next run at: 2026-09-17 17:33:04 +07)" (scheduled at 2026-09-17 17:32:59.432380+07:00)
2026-09-17 17:32:59,449 INFO apscheduler.executors.default: Job "main.<locals>.run_lts_aus_fast_scan (trigger: interval[0:00:05], next run at: 2026-09-17 17:33:04 +07)" executed successfully
2026-09-17 17:32:59,449 INFO apscheduler.executors.default: Running job "main.<locals>.run_position_check (trigger: interval[0:00:05], next run at: 2026-09-17 17:33:04 +07)" (scheduled at 2026-09-17 17:32:59.433381+07:00)
2026-09-17 17:32:59,452 INFO apscheduler.executors.default: Job "main.<locals>.run_position_check (trigger: interval[0:00:05], next run at: 2026-09-17 17:33:04 +07)" executed successfully
2026-09-17 17:32:59,453 INFO apscheduler.executors.default: Running job "main.<locals>.run_trail_sl (trigger: interval[0:00:05], next run at: 2026-09-17 17:33:04 +07)" (scheduled at 2026-09-17 17:32:59.433381+07:00)
2026-09-17 17:32:59,453 INFO apscheduler.executors.default: Job "main.<locals>.run_trail_sl (trigger: interval[0:00:05], next run at: 2026-09-17 17:33:04 +07)" executed successfully
2026-09-17 17:33:01,013 INFO apscheduler.executors.default: Running job "main.<locals>.run_scan (trigger: cron[second='1,6,11,16,21,26,31,36,41,46,51,56'], next run at: 2026-09-17 17:33:06 +07)" (scheduled at 2026-09-17 17:33:01+07:00)
2026-09-17 17:33:01,018 INFO apscheduler.executors.default: Job "main.<locals>.run_scan (trigger: cron[second='1,6,11,16,21,26,31,36,41,46,51,56'], next run at: 2026-09-17 17:33:06 +07)" executed successfully
2026-09-17 17:33:04,441 INFO apscheduler.executors.default: Running job "main.<locals>.run_lts_aus_fast_scan (trigger: interval[0:00:05], next run at: 2026-09-17 17:33:09 +07)" (scheduled at 2026-09-17 17:33:04.432380+07:00)
2026-09-17 17:33:04,442 INFO apscheduler.executors.default: Job "main.<locals>.run_lts_aus_fast_scan (trigger: interval[0:00:05], next run at: 2026-09-17 17:33:09 +07)" executed successfully
2026-09-17 17:33:04,442 INFO apscheduler.executors.default: Running job "main.<locals>.run_position_check (trigger: interval[0:00:05], next run at: 2026-09-17 17:33:09 +07)" (scheduled at 2026-09-17 17:33:04.433381+07:00)
2026-09-17 17:33:04,445 INFO apscheduler.executors.default: Job "main.<locals>.run_position_check (trigger: interval[0:00:05], next run at: 2026-09-17 17:33:09 +07)" executed successfully
2026-09-17 17:33:04,445 INFO apscheduler.executors.default: Running job "main.<locals>.run_trail_sl (trigger: interval[0:00:05], next run at: 2026-09-17 17:33:09 +07)" (scheduled at 2026-09-17 17:33:04.433381+07:00)
2026-09-17 17:33:04,445 INFO apscheduler.executors.default: Job "main.<locals>.run_trail_sl (trigger: interval[0:00:05], next run at: 2026-09-17 17:33:09 +07)" executed successfully
2026-09-17 17:33:04,445 INFO apscheduler.executors.default: Running job "main.<locals>.save_bot_state_job (trigger: interval[0:00:15], next run at: 2026-09-17 17:33:19 +07)" (scheduled at 2026-09-17 17:33:04.434380+07:00)
2026-09-17 17:33:04,447 INFO apscheduler.executors.default: Job "main.<locals>.save_bot_state_job (trigger: interval[0:00:15], next run at: 2026-09-17 17:33:19 +07)" executed successfully
2026-09-17 17:33:05,046 INFO httpx: HTTP Request: POST https://api.telegram.org/bot8759704311:AAFifFvXYLNPJZYlq-E4p3RVCUNiR0Ny6Ic/getUpdates "HTTP/1.1 200 OK"
2026-09-17 17:33:05,449 INFO apscheduler.executors.default: Running job "main.<locals>.write_heartbeat_job (trigger: interval[0:00:15], next run at: 2026-09-17 17:33:20 +07)" (scheduled at 2026-09-17 17:33:05.436472+07:00)
2026-09-17 17:33:05,451 INFO apscheduler.executors.default: Job "main.<locals>.write_heartbeat_job (trigger: interval[0:00:15], next run at: 2026-09-17 17:33:20 +07)" executed successfully
2026-09-17 17:33:06,005 INFO apscheduler.executors.default: Running job "main.<locals>.run_scan (trigger: cron[second='1,6,11,16,21,26,31,36,41,46,51,56'], next run at: 2026-09-17 17:33:11 +07)" (scheduled at 2026-09-17 17:33:06+07:00)
2026-09-17 17:33:06,007 INFO apscheduler.executors.default: Job "main.<locals>.run_scan (trigger: cron[second='1,6,11,16,21,26,31,36,41,46,51,56'], next run at: 2026-09-17 17:33:11 +07)" executed successfully
2026-09-17 17:33:09,440 INFO apscheduler.executors.default: Running job "main.<locals>.run_lts_aus_fast_scan (trigger: interval[0:00:05], next run at: 2026-09-17 17:33:14 +07)" (scheduled at 2026-09-17 17:33:09.432380+07:00)
2026-09-17 17:33:09,441 INFO apscheduler.executors.default: Job "main.<locals>.run_lts_aus_fast_scan (trigger: interval[0:00:05], next run at: 2026-09-17 17:33:14 +07)" executed successfully
2026-09-17 17:33:09,441 INFO apscheduler.executors.default: Running job "main.<locals>.run_position_check (trigger: interval[0:00:05], next run at: 2026-09-17 17:33:14 +07)" (scheduled at 2026-09-17 17:33:09.433381+07:00)
2026-09-17 17:33:09,445 INFO apscheduler.executors.default: Job "main.<locals>.run_position_check (trigger: interval[0:00:05], next run at: 2026-09-17 17:33:14 +07)" executed successfully
2026-09-17 17:33:09,445 INFO apscheduler.executors.default: Running job "main.<locals>.run_trail_sl (trigger: interval[0:00:05], next run at: 2026-09-17 17:33:14 +07)" (scheduled at 2026-09-17 17:33:09.433381+07:00)
2026-09-17 17:33:09,446 INFO apscheduler.executors.default: Job "main.<locals>.run_trail_sl (trigger: interval[0:00:05], next run at: 2026-09-17 17:33:14 +07)" executed successfully
2026-09-17 17:33:11,007 INFO apscheduler.executors.default: Running job "main.<locals>.run_scan (trigger: cron[second='1,6,11,16,21,26,31,36,41,46,51,56'], next run at: 2026-09-17 17:33:16 +07)" (scheduled at 2026-09-17 17:33:11+07:00)
2026-09-17 17:33:11,007 INFO apscheduler.executors.default: Job "main.<locals>.run_scan (trigger: cron[second='1,6,11,16,21,26,31,36,41,46,51,56'], next run at: 2026-09-17 17:33:16 +07)" executed successfully
2026-09-17 17:33:14,438 INFO apscheduler.executors.default: Running job "main.<locals>.run_lts_aus_fast_scan (trigger: interval[0:00:05], next run at: 2026-09-17 17:33:19 +07)" (scheduled at 2026-09-17 17:33:14.432380+07:00)
2026-09-17 17:33:14,438 INFO apscheduler.executors.default: Job "main.<locals>.run_lts_aus_fast_scan (trigger: interval[0:00:05], next run at: 2026-09-17 17:33:19 +07)" executed successfully
2026-09-17 17:33:14,440 INFO apscheduler.executors.default: Running job "main.<locals>.run_position_check (trigger: interval[0:00:05], next run at: 2026-09-17 17:33:19 +07)" (scheduled at 2026-09-17 17:33:14.433381+07:00)
2026-09-17 17:33:14,443 INFO apscheduler.executors.default: Job "main.<locals>.run_position_check (trigger: interval[0:00:05], next run at: 2026-09-17 17:33:19 +07)" executed successfully
2026-09-17 17:33:14,443 INFO apscheduler.executors.default: Running job "main.<locals>.run_trail_sl (trigger: interval[0:00:05], next run at: 2026-09-17 17:33:19 +07)" (scheduled at 2026-09-17 17:33:14.433381+07:00)
2026-09-17 17:33:14,443 INFO apscheduler.executors.default: Job "main.<locals>.run_trail_sl (trigger: interval[0:00:05], next run at: 2026-09-17 17:33:19 +07)" executed successfully
2026-09-17 17:33:15,243 INFO httpx: HTTP Request: POST https://api.telegram.org/bot8759704311:AAFifFvXYLNPJZYlq-E4p3RVCUNiR0Ny6Ic/getUpdates "HTTP/1.1 200 OK"
2026-09-17 17:33:16,007 INFO apscheduler.executors.default: Running job "main.<locals>.run_scan (trigger: cron[second='1,6,11,16,21,26,31,36,41,46,51,56'], next run at: 2026-09-17 17:33:21 +07)" (scheduled at 2026-09-17 17:33:16+07:00)
2026-09-17 17:33:16,008 INFO apscheduler.executors.default: Job "main.<locals>.run_scan (trigger: cron[second='1,6,11,16,21,26,31,36,41,46,51,56'], next run at: 2026-09-17 17:33:21 +07)" executed successfully
2026-09-17 17:33:19,439 INFO apscheduler.executors.default: Running job "main.<locals>.run_lts_aus_fast_scan (trigger: interval[0:00:05], next run at: 2026-09-17 17:33:24 +07)" (scheduled at 2026-09-17 17:33:19.432380+07:00)
2026-09-17 17:33:19,439 INFO apscheduler.executors.default: Job "main.<locals>.run_lts_aus_fast_scan (trigger: interval[0:00:05], next run at: 2026-09-17 17:33:24 +07)" executed successfully
2026-09-17 17:33:19,440 INFO apscheduler.executors.default: Running job "main.<locals>.run_position_check (trigger: interval[0:00:05], next run at: 2026-09-17 17:33:24 +07)" (scheduled at 2026-09-17 17:33:19.433381+07:00)
2026-09-17 17:33:19,443 INFO apscheduler.executors.default: Job "main.<locals>.run_position_check (trigger: interval[0:00:05], next run at: 2026-09-17 17:33:24 +07)" executed successfully
2026-09-17 17:33:19,443 INFO apscheduler.executors.default: Running job "main.<locals>.run_trail_sl (trigger: interval[0:00:05], next run at: 2026-09-17 17:33:24 +07)" (scheduled at 2026-09-17 17:33:19.433381+07:00)
2026-09-17 17:33:19,443 INFO apscheduler.executors.default: Job "main.<locals>.run_trail_sl (trigger: interval[0:00:05], next run at: 2026-09-17 17:33:24 +07)" executed successfully
2026-09-17 17:33:19,443 INFO apscheduler.executors.default: Running job "main.<locals>.save_bot_state_job (trigger: interval[0:00:15], next run at: 2026-09-17 17:33:34 +07)" (scheduled at 2026-09-17 17:33:19.434380+07:00)
2026-09-17 17:33:19,446 INFO apscheduler.executors.default: Job "main.<locals>.save_bot_state_job (trigger: interval[0:00:15], next run at: 2026-09-17 17:33:34 +07)" executed successfully
2026-09-17 17:33:20,458 INFO apscheduler.executors.default: Running job "main.<locals>.write_heartbeat_job (trigger: interval[0:00:15], next run at: 2026-09-17 17:33:35 +07)" (scheduled at 2026-09-17 17:33:20.436472+07:00)
2026-09-17 17:33:20,460 INFO apscheduler.executors.default: Job "main.<locals>.write_heartbeat_job (trigger: interval[0:00:15], next run at: 2026-09-17 17:33:35 +07)" executed successfully
2026-09-17 17:33:21,017 INFO apscheduler.executors.default: Running job "main.<locals>.run_scan (trigger: cron[second='1,6,11,16,21,26,31,36,41,46,51,56'], next run at: 2026-09-17 17:33:26 +07)" (scheduled at 2026-09-17 17:33:21+07:00)
2026-09-17 17:33:21,019 INFO apscheduler.executors.default: Job "main.<locals>.run_scan (trigger: cron[second='1,6,11,16,21,26,31,36,41,46,51,56'], next run at: 2026-09-17 17:33:26 +07)" executed successfully
2026-09-17 17:33:24,440 INFO apscheduler.executors.default: Running job "main.<locals>.run_lts_aus_fast_scan (trigger: interval[0:00:05], next run at: 2026-09-17 17:33:29 +07)" (scheduled at 2026-09-17 17:33:24.432380+07:00)
2026-09-17 17:33:24,441 INFO apscheduler.executors.default: Job "main.<locals>.run_lts_aus_fast_scan (trigger: interval[0:00:05], next run at: 2026-09-17 17:33:29 +07)" executed successfully
2026-09-17 17:33:24,441 INFO apscheduler.executors.default: Running job "main.<locals>.run_position_check (trigger: interval[0:00:05], next run at: 2026-09-17 17:33:29 +07)" (scheduled at 2026-09-17 17:33:24.433381+07:00)
2026-09-17 17:33:24,445 INFO apscheduler.executors.default: Job "main.<locals>.run_position_check (trigger: interval[0:00:05], next run at: 2026-09-17 17:33:29 +07)" executed successfully
2026-09-17 17:33:24,446 INFO apscheduler.executors.default: Running job "main.<locals>.run_trail_sl (trigger: interval[0:00:05], next run at: 2026-09-17 17:33:29 +07)" (scheduled at 2026-09-17 17:33:24.433381+07:00)
2026-09-17 17:33:24,447 INFO apscheduler.executors.default: Job "main.<locals>.run_trail_sl (trigger: interval[0:00:05], next run at: 2026-09-17 17:33:29 +07)" executed successfully
2026-09-17 17:33:25,450 INFO httpx: HTTP Request: POST https://api.telegram.org/bot8759704311:AAFifFvXYLNPJZYlq-E4p3RVCUNiR0Ny6Ic/getUpdates "HTTP/1.1 200 OK"
2026-09-17 17:33:26,023 INFO apscheduler.executors.default: Running job "main.<locals>.run_scan (trigger: cron[second='1,6,11,16,21,26,31,36,41,46,51,56'], next run at: 2026-09-17 17:33:31 +07)" (scheduled at 2026-09-17 17:33:26+07:00)
2026-09-17 17:33:26,024 INFO apscheduler.executors.default: Job "main.<locals>.run_scan (trigger: cron[second='1,6,11,16,21,26,31,36,41,46,51,56'], next run at: 2026-09-17 17:33:31 +07)" executed successfully
2026-09-17 17:33:29,440 INFO apscheduler.executors.default: Running job "main.<locals>.run_lts_aus_fast_scan (trigger: interval[0:00:05], next run at: 2026-09-17 17:33:34 +07)" (scheduled at 2026-09-17 17:33:29.432380+07:00)
2026-09-17 17:33:29,441 INFO apscheduler.executors.default: Job "main.<locals>.run_lts_aus_fast_scan (trigger: interval[0:00:05], next run at: 2026-09-17 17:33:34 +07)" executed successfully
2026-09-17 17:33:29,441 INFO apscheduler.executors.default: Running job "main.<locals>.run_position_check (trigger: interval[0:00:05], next run at: 2026-09-17 17:33:34 +07)" (scheduled at 2026-09-17 17:33:29.433381+07:00)
2026-09-17 17:33:29,445 INFO apscheduler.executors.default: Job "main.<locals>.run_position_check (trigger: interval[0:00:05], next run at: 2026-09-17 17:33:34 +07)" executed successfully
2026-09-17 17:33:29,445 INFO apscheduler.executors.default: Running job "main.<locals>.run_trail_sl (trigger: interval[0:00:05], next run at: 2026-09-17 17:33:34 +07)" (scheduled at 2026-09-17 17:33:29.433381+07:00)
2026-09-17 17:33:29,445 INFO apscheduler.executors.default: Job "main.<locals>.run_trail_sl (trigger: interval[0:00:05], next run at: 2026-09-17 17:33:34 +07)" executed successfully
2026-09-17 17:33:31,010 INFO apscheduler.executors.default: Running job "main.<locals>.run_scan (trigger: cron[second='1,6,11,16,21,26,31,36,41,46,51,56'], next run at: 2026-09-17 17:33:36 +07)" (scheduled at 2026-09-17 17:33:31+07:00)
2026-09-17 17:33:31,011 INFO apscheduler.executors.default: Job "main.<locals>.run_scan (trigger: cron[second='1,6,11,16,21,26,31,36,41,46,51,56'], next run at: 2026-09-17 17:33:36 +07)" executed successfully
2026-09-17 17:33:34,439 INFO apscheduler.executors.default: Running job "main.<locals>.run_lts_aus_fast_scan (trigger: interval[0:00:05], next run at: 2026-09-17 17:33:39 +07)" (scheduled at 2026-09-17 17:33:34.432380+07:00)
2026-09-17 17:33:34,439 INFO apscheduler.executors.default: Job "main.<locals>.run_lts_aus_fast_scan (trigger: interval[0:00:05], next run at: 2026-09-17 17:33:39 +07)" executed successfully
2026-09-17 17:33:34,441 INFO apscheduler.executors.default: Running job "main.<locals>.run_position_check (trigger: interval[0:00:05], next run at: 2026-09-17 17:33:39 +07)" (scheduled at 2026-09-17 17:33:34.433381+07:00)
2026-09-17 17:33:34,444 INFO apscheduler.executors.default: Job "main.<locals>.run_position_check (trigger: interval[0:00:05], next run at: 2026-09-17 17:33:39 +07)" executed successfully
2026-09-17 17:33:34,444 INFO apscheduler.executors.default: Running job "main.<locals>.run_trail_sl (trigger: interval[0:00:05], next run at: 2026-09-17 17:33:39 +07)" (scheduled at 2026-09-17 17:33:34.433381+07:00)
2026-09-17 17:33:34,445 INFO apscheduler.executors.default: Job "main.<locals>.run_trail_sl (trigger: interval[0:00:05], next run at: 2026-09-17 17:33:39 +07)" executed successfully
2026-09-17 17:33:34,445 INFO apscheduler.executors.default: Running job "main.<locals>.save_bot_state_job (trigger: interval[0:00:15], next run at: 2026-09-17 17:33:49 +07)" (scheduled at 2026-09-17 17:33:34.434380+07:00)
2026-09-17 17:33:34,447 INFO apscheduler.executors.default: Job "main.<locals>.save_bot_state_job (trigger: interval[0:00:15], next run at: 2026-09-17 17:33:49 +07)" executed successfully
2026-09-17 17:33:35,457 INFO apscheduler.executors.default: Running job "main.<locals>.write_heartbeat_job (trigger: interval[0:00:15], next run at: 2026-09-17 17:33:50 +07)" (scheduled at 2026-09-17 17:33:35.436472+07:00)
2026-09-17 17:33:35,460 INFO apscheduler.executors.default: Job "main.<locals>.write_heartbeat_job (trigger: interval[0:00:15], next run at: 2026-09-17 17:33:50 +07)" executed successfully
2026-09-17 17:33:35,645 INFO httpx: HTTP Request: POST https://api.telegram.org/bot8759704311:AAFifFvXYLNPJZYlq-E4p3RVCUNiR0Ny6Ic/getUpdates "HTTP/1.1 200 OK"
2026-09-17 17:33:36,016 INFO apscheduler.executors.default: Running job "main.<locals>.run_scan (trigger: cron[second='1,6,11,16,21,26,31,36,41,46,51,56'], next run at: 2026-09-17 17:33:41 +07)" (scheduled at 2026-09-17 17:33:36+07:00)
2026-09-17 17:33:36,019 INFO apscheduler.executors.default: Job "main.<locals>.run_scan (trigger: cron[second='1,6,11,16,21,26,31,36,41,46,51,56'], next run at: 2026-09-17 17:33:41 +07)" executed successfully
2026-09-17 17:33:39,436 INFO apscheduler.executors.default: Running job "main.<locals>.run_lts_aus_fast_scan (trigger: interval[0:00:05], next run at: 2026-09-17 17:33:44 +07)" (scheduled at 2026-09-17 17:33:39.432380+07:00)
2026-09-17 17:33:39,436 INFO apscheduler.executors.default: Job "main.<locals>.run_lts_aus_fast_scan (trigger: interval[0:00:05], next run at: 2026-09-17 17:33:44 +07)" executed successfully
2026-09-17 17:33:39,437 INFO apscheduler.executors.default: Running job "main.<locals>.run_position_check (trigger: interval[0:00:05], next run at: 2026-09-17 17:33:44 +07)" (scheduled at 2026-09-17 17:33:39.433381+07:00)
2026-09-17 17:33:39,439 INFO apscheduler.executors.default: Job "main.<locals>.run_position_check (trigger: interval[0:00:05], next run at: 2026-09-17 17:33:44 +07)" executed successfully
2026-09-17 17:33:39,439 INFO apscheduler.executors.default: Running job "main.<locals>.run_trail_sl (trigger: interval[0:00:05], next run at: 2026-09-17 17:33:44 +07)" (scheduled at 2026-09-17 17:33:39.433381+07:00)
2026-09-17 17:33:39,440 INFO apscheduler.executors.default: Job "main.<locals>.run_trail_sl (trigger: interval[0:00:05], next run at: 2026-09-17 17:33:44 +07)" executed successfully
2026-09-17 17:33:41,016 INFO apscheduler.executors.default: Running job "main.<locals>.run_scan (trigger: cron[second='1,6,11,16,21,26,31,36,41,46,51,56'], next run at: 2026-09-17 17:33:46 +07)" (scheduled at 2026-09-17 17:33:41+07:00)
2026-09-17 17:33:41,017 INFO apscheduler.executors.default: Job "main.<locals>.run_scan (trigger: cron[second='1,6,11,16,21,26,31,36,41,46,51,56'], next run at: 2026-09-17 17:33:46 +07)" executed successfully
2026-09-17 17:33:44,447 INFO apscheduler.executors.default: Running job "main.<locals>.run_lts_aus_fast_scan (trigger: interval[0:00:05], next run at: 2026-09-17 17:33:49 +07)" (scheduled at 2026-09-17 17:33:44.432380+07:00)
2026-09-17 17:33:44,447 INFO apscheduler.executors.default: Job "main.<locals>.run_lts_aus_fast_scan (trigger: interval[0:00:05], next run at: 2026-09-17 17:33:49 +07)" executed successfully
2026-09-17 17:33:44,447 INFO apscheduler.executors.default: Running job "main.<locals>.run_position_check (trigger: interval[0:00:05], next run at: 2026-09-17 17:33:49 +07)" (scheduled at 2026-09-17 17:33:44.433381+07:00)
2026-09-17 17:33:44,450 INFO apscheduler.executors.default: Job "main.<locals>.run_position_check (trigger: interval[0:00:05], next run at: 2026-09-17 17:33:49 +07)" executed successfully
2026-09-17 17:33:44,450 INFO apscheduler.executors.default: Running job "main.<locals>.run_trail_sl (trigger: interval[0:00:05], next run at: 2026-09-17 17:33:49 +07)" (scheduled at 2026-09-17 17:33:44.433381+07:00)
2026-09-17 17:33:44,451 INFO apscheduler.executors.default: Job "main.<locals>.run_trail_sl (trigger: interval[0:00:05], next run at: 2026-09-17 17:33:49 +07)" executed successfully
2026-09-17 17:33:45,846 INFO httpx: HTTP Request: POST https://api.telegram.org/bot8759704311:AAFifFvXYLNPJZYlq-E4p3RVCUNiR0Ny6Ic/getUpdates "HTTP/1.1 200 OK"
2026-09-17 17:33:46,009 INFO apscheduler.executors.default: Running job "main.<locals>.run_scan (trigger: cron[second='1,6,11,16,21,26,31,36,41,46,51,56'], next run at: 2026-09-17 17:33:51 +07)" (scheduled at 2026-09-17 17:33:46+07:00)
2026-09-17 17:33:46,011 INFO apscheduler.executors.default: Job "main.<locals>.run_scan (trigger: cron[second='1,6,11,16,21,26,31,36,41,46,51,56'], next run at: 2026-09-17 17:33:51 +07)" executed successfully
2026-09-17 17:33:49,442 INFO apscheduler.executors.default: Running job "main.<locals>.check_symbol_switch (trigger: interval[0:01:00], next run at: 2026-09-17 17:34:49 +07)" (scheduled at 2026-09-17 17:33:49.430373+07:00)
2026-09-17 17:33:49,446 INFO apscheduler.executors.default: Job "main.<locals>.check_symbol_switch (trigger: interval[0:01:00], next run at: 2026-09-17 17:34:49 +07)" executed successfully
2026-09-17 17:33:49,446 INFO apscheduler.executors.default: Running job "main.<locals>.run_lts_aus_fast_scan (trigger: interval[0:00:05], next run at: 2026-09-17 17:33:54 +07)" (scheduled at 2026-09-17 17:33:49.432380+07:00)
2026-09-17 17:33:49,446 INFO apscheduler.executors.default: Job "main.<locals>.run_lts_aus_fast_scan (trigger: interval[0:00:05], next run at: 2026-09-17 17:33:54 +07)" executed successfully
2026-09-17 17:33:49,446 INFO apscheduler.executors.default: Running job "main.<locals>.run_position_check (trigger: interval[0:00:05], next run at: 2026-09-17 17:33:54 +07)" (scheduled at 2026-09-17 17:33:49.433381+07:00)
2026-09-17 17:33:49,450 INFO apscheduler.executors.default: Job "main.<locals>.run_position_check (trigger: interval[0:00:05], next run at: 2026-09-17 17:33:54 +07)" executed successfully
2026-09-17 17:33:49,450 INFO apscheduler.executors.default: Running job "main.<locals>.run_trail_sl (trigger: interval[0:00:05], next run at: 2026-09-17 17:33:54 +07)" (scheduled at 2026-09-17 17:33:49.433381+07:00)
2026-09-17 17:33:49,451 INFO apscheduler.executors.default: Job "main.<locals>.run_trail_sl (trigger: interval[0:00:05], next run at: 2026-09-17 17:33:54 +07)" executed successfully
2026-09-17 17:33:49,451 INFO apscheduler.executors.default: Running job "main.<locals>.save_bot_state_job (trigger: interval[0:00:15], next run at: 2026-09-17 17:34:04 +07)" (scheduled at 2026-09-17 17:33:49.434380+07:00)
2026-09-17 17:33:49,453 INFO apscheduler.executors.default: Job "main.<locals>.save_bot_state_job (trigger: interval[0:00:15], next run at: 2026-09-17 17:34:04 +07)" executed successfully
2026-09-17 17:33:49,454 INFO apscheduler.executors.default: Running job "main.<locals>.run_watchdog (trigger: interval[0:01:00], next run at: 2026-09-17 17:34:49 +07)" (scheduled at 2026-09-17 17:33:49.435380+07:00)
2026-09-17 17:33:49,456 INFO apscheduler.executors.default: Job "main.<locals>.run_watchdog (trigger: interval[0:01:00], next run at: 2026-09-17 17:34:49 +07)" executed successfully
2026-09-17 17:33:50,446 INFO apscheduler.executors.default: Running job "main.<locals>.write_heartbeat_job (trigger: interval[0:00:15], next run at: 2026-09-17 17:34:05 +07)" (scheduled at 2026-09-17 17:33:50.436472+07:00)
2026-09-17 17:33:50,448 INFO apscheduler.executors.default: Job "main.<locals>.write_heartbeat_job (trigger: interval[0:00:15], next run at: 2026-09-17 17:34:05 +07)" executed successfully
2026-09-17 17:33:51,009 INFO apscheduler.executors.default: Running job "main.<locals>.run_scan (trigger: cron[second='1,6,11,16,21,26,31,36,41,46,51,56'], next run at: 2026-09-17 17:33:56 +07)" (scheduled at 2026-09-17 17:33:51+07:00)
2026-09-17 17:33:51,011 INFO apscheduler.executors.default: Job "main.<locals>.run_scan (trigger: cron[second='1,6,11,16,21,26,31,36,41,46,51,56'], next run at: 2026-09-17 17:33:56 +07)" executed successfully
2026-09-17 17:33:54,436 INFO apscheduler.executors.default: Running job "main.<locals>.run_lts_aus_fast_scan (trigger: interval[0:00:05], next run at: 2026-09-17 17:33:59 +07)" (scheduled at 2026-09-17 17:33:54.432380+07:00)
2026-09-17 17:33:54,437 INFO apscheduler.executors.default: Job "main.<locals>.run_lts_aus_fast_scan (trigger: interval[0:00:05], next run at: 2026-09-17 17:33:59 +07)" executed successfully
2026-09-17 17:33:54,437 INFO apscheduler.executors.default: Running job "main.<locals>.run_position_check (trigger: interval[0:00:05], next run at: 2026-09-17 17:33:59 +07)" (scheduled at 2026-09-17 17:33:54.433381+07:00)
2026-09-17 17:33:54,439 INFO apscheduler.executors.default: Job "main.<locals>.run_position_check (trigger: interval[0:00:05], next run at: 2026-09-17 17:33:59 +07)" executed successfully
2026-09-17 17:33:54,440 INFO apscheduler.executors.default: Running job "main.<locals>.run_trail_sl (trigger: interval[0:00:05], next run at: 2026-09-17 17:33:59 +07)" (scheduled at 2026-09-17 17:33:54.433381+07:00)
2026-09-17 17:33:54,440 INFO apscheduler.executors.default: Job "main.<locals>.run_trail_sl (trigger: interval[0:00:05], next run at: 2026-09-17 17:33:59 +07)" executed successfully
2026-09-17 17:33:56,006 INFO apscheduler.executors.default: Running job "main.<locals>.run_scan (trigger: cron[second='1,6,11,16,21,26,31,36,41,46,51,56'], next run at: 2026-09-17 17:34:01 +07)" (scheduled at 2026-09-17 17:33:56+07:00)
2026-09-17 17:33:56,006 INFO apscheduler.executors.default: Job "main.<locals>.run_scan (trigger: cron[second='1,6,11,16,21,26,31,36,41,46,51,56'], next run at: 2026-09-17 17:34:01 +07)" executed successfully
2026-09-17 17:33:56,043 INFO httpx: HTTP Request: POST https://api.telegram.org/bot8759704311:AAFifFvXYLNPJZYlq-E4p3RVCUNiR0Ny6Ic/getUpdates "HTTP/1.1 200 OK"
2026-09-17 17:33:59,454 INFO apscheduler.executors.default: Running job "main.<locals>.run_lts_aus_fast_scan (trigger: interval[0:00:05], next run at: 2026-09-17 17:34:04 +07)" (scheduled at 2026-09-17 17:33:59.432380+07:00)
2026-09-17 17:33:59,455 INFO apscheduler.executors.default: Job "main.<locals>.run_lts_aus_fast_scan (trigger: interval[0:00:05], next run at: 2026-09-17 17:34:04 +07)" executed successfully
2026-09-17 17:33:59,455 INFO apscheduler.executors.default: Running job "main.<locals>.run_position_check (trigger: interval[0:00:05], next run at: 2026-09-17 17:34:04 +07)" (scheduled at 2026-09-17 17:33:59.433381+07:00)
2026-09-17 17:33:59,457 INFO apscheduler.executors.default: Job "main.<locals>.run_position_check (trigger: interval[0:00:05], next run at: 2026-09-17 17:34:04 +07)" executed successfully
2026-09-17 17:33:59,457 INFO apscheduler.executors.default: Running job "main.<locals>.run_trail_sl (trigger: interval[0:00:05], next run at: 2026-09-17 17:34:04 +07)" (scheduled at 2026-09-17 17:33:59.433381+07:00)
2026-09-17 17:33:59,459 INFO apscheduler.executors.default: Job "main.<locals>.run_trail_sl (trigger: interval[0:00:05], next run at: 2026-09-17 17:34:04 +07)" executed successfully
2026-09-17 17:34:01,008 INFO apscheduler.executors.default: Running job "main.<locals>.run_scan (trigger: cron[second='1,6,11,16,21,26,31,36,41,46,51,56'], next run at: 2026-09-17 17:34:06 +07)" (scheduled at 2026-09-17 17:34:01+07:00)
2026-09-17 17:34:01,008 INFO apscheduler.executors.default: Job "main.<locals>.run_scan (trigger: cron[second='1,6,11,16,21,26,31,36,41,46,51,56'], next run at: 2026-09-17 17:34:06 +07)" executed successfully
2026-09-17 17:34:04,435 INFO apscheduler.executors.default: Running job "main.<locals>.run_lts_aus_fast_scan (trigger: interval[0:00:05], next run at: 2026-09-17 17:34:09 +07)" (scheduled at 2026-09-17 17:34:04.432380+07:00)
2026-09-17 17:34:04,436 INFO apscheduler.executors.default: Job "main.<locals>.run_lts_aus_fast_scan (trigger: interval[0:00:05], next run at: 2026-09-17 17:34:09 +07)" executed successfully
2026-09-17 17:34:04,436 INFO apscheduler.executors.default: Running job "main.<locals>.run_position_check (trigger: interval[0:00:05], next run at: 2026-09-17 17:34:09 +07)" (scheduled at 2026-09-17 17:34:04.433381+07:00)
2026-09-17 17:34:04,439 INFO apscheduler.executors.default: Job "main.<locals>.run_position_check (trigger: interval[0:00:05], next run at: 2026-09-17 17:34:09 +07)" executed successfully
2026-09-17 17:34:04,439 INFO apscheduler.executors.default: Running job "main.<locals>.run_trail_sl (trigger: interval[0:00:05], next run at: 2026-09-17 17:34:09 +07)" (scheduled at 2026-09-17 17:34:04.433381+07:00)
2026-09-17 17:34:04,439 INFO apscheduler.executors.default: Job "main.<locals>.run_trail_sl (trigger: interval[0:00:05], next run at: 2026-09-17 17:34:09 +07)" executed successfully
2026-09-17 17:34:04,439 INFO apscheduler.executors.default: Running job "main.<locals>.save_bot_state_job (trigger: interval[0:00:15], next run at: 2026-09-17 17:34:19 +07)" (scheduled at 2026-09-17 17:34:04.434380+07:00)
2026-09-17 17:34:04,441 INFO apscheduler.executors.default: Job "main.<locals>.save_bot_state_job (trigger: interval[0:00:15], next run at: 2026-09-17 17:34:19 +07)" executed successfully
2026-09-17 17:34:05,442 INFO apscheduler.executors.default: Running job "main.<locals>.write_heartbeat_job (trigger: interval[0:00:15], next run at: 2026-09-17 17:34:20 +07)" (scheduled at 2026-09-17 17:34:05.436472+07:00)
2026-09-17 17:34:05,445 INFO apscheduler.executors.default: Job "main.<locals>.write_heartbeat_job (trigger: interval[0:00:15], next run at: 2026-09-17 17:34:20 +07)" executed successfully
2026-09-17 17:34:06,015 INFO apscheduler.executors.default: Running job "main.<locals>.run_scan (trigger: cron[second='1,6,11,16,21,26,31,36,41,46,51,56'], next run at: 2026-09-17 17:34:11 +07)" (scheduled at 2026-09-17 17:34:06+07:00)
2026-09-17 17:34:06,017 INFO apscheduler.executors.default: Job "main.<locals>.run_scan (trigger: cron[second='1,6,11,16,21,26,31,36,41,46,51,56'], next run at: 2026-09-17 17:34:11 +07)" executed successfully
2026-09-17 17:34:06,247 INFO httpx: HTTP Request: POST https://api.telegram.org/bot8759704311:AAFifFvXYLNPJZYlq-E4p3RVCUNiR0Ny6Ic/getUpdates "HTTP/1.1 200 OK"
2026-09-17 17:34:09,443 INFO apscheduler.executors.default: Running job "main.<locals>.run_lts_aus_fast_scan (trigger: interval[0:00:05], next run at: 2026-09-17 17:34:14 +07)" (scheduled at 2026-09-17 17:34:09.432380+07:00)
2026-09-17 17:34:09,444 INFO apscheduler.executors.default: Job "main.<locals>.run_lts_aus_fast_scan (trigger: interval[0:00:05], next run at: 2026-09-17 17:34:14 +07)" executed successfully
2026-09-17 17:34:09,445 INFO apscheduler.executors.default: Running job "main.<locals>.run_position_check (trigger: interval[0:00:05], next run at: 2026-09-17 17:34:14 +07)" (scheduled at 2026-09-17 17:34:09.433381+07:00)
2026-09-17 17:34:09,448 INFO apscheduler.executors.default: Job "main.<locals>.run_position_check (trigger: interval[0:00:05], next run at: 2026-09-17 17:34:14 +07)" executed successfully
2026-09-17 17:34:09,448 INFO apscheduler.executors.default: Running job "main.<locals>.run_trail_sl (trigger: interval[0:00:05], next run at: 2026-09-17 17:34:14 +07)" (scheduled at 2026-09-17 17:34:09.433381+07:00)
2026-09-17 17:34:09,449 INFO apscheduler.executors.default: Job "main.<locals>.run_trail_sl (trigger: interval[0:00:05], next run at: 2026-09-17 17:34:14 +07)" executed successfully
2026-09-17 17:34:11,009 INFO apscheduler.executors.default: Running job "main.<locals>.run_scan (trigger: cron[second='1,6,11,16,21,26,31,36,41,46,51,56'], next run at: 2026-09-17 17:34:16 +07)" (scheduled at 2026-09-17 17:34:11+07:00)
2026-09-17 17:34:11,009 INFO apscheduler.executors.default: Job "main.<locals>.run_scan (trigger: cron[second='1,6,11,16,21,26,31,36,41,46,51,56'], next run at: 2026-09-17 17:34:16 +07)" executed successfully
2026-09-17 17:34:14,441 INFO apscheduler.executors.default: Running job "main.<locals>.run_lts_aus_fast_scan (trigger: interval[0:00:05], next run at: 2026-09-17 17:34:19 +07)" (scheduled at 2026-09-17 17:34:14.432380+07:00)
2026-09-17 17:34:14,441 INFO apscheduler.executors.default: Job "main.<locals>.run_lts_aus_fast_scan (trigger: interval[0:00:05], next run at: 2026-09-17 17:34:19 +07)" executed successfully
2026-09-17 17:34:14,441 INFO apscheduler.executors.default: Running job "main.<locals>.run_position_check (trigger: interval[0:00:05], next run at: 2026-09-17 17:34:19 +07)" (scheduled at 2026-09-17 17:34:14.433381+07:00)
2026-09-17 17:34:14,443 INFO apscheduler.executors.default: Job "main.<locals>.run_position_check (trigger: interval[0:00:05], next run at: 2026-09-17 17:34:19 +07)" executed successfully
2026-09-17 17:34:14,444 INFO apscheduler.executors.default: Running job "main.<locals>.run_trail_sl (trigger: interval[0:00:05], next run at: 2026-09-17 17:34:19 +07)" (scheduled at 2026-09-17 17:34:14.433381+07:00)
2026-09-17 17:34:14,444 INFO apscheduler.executors.default: Job "main.<locals>.run_trail_sl (trigger: interval[0:00:05], next run at: 2026-09-17 17:34:19 +07)" executed successfully
2026-09-17 17:34:16,008 INFO apscheduler.executors.default: Running job "main.<locals>.run_scan (trigger: cron[second='1,6,11,16,21,26,31,36,41,46,51,56'], next run at: 2026-09-17 17:34:21 +07)" (scheduled at 2026-09-17 17:34:16+07:00)
2026-09-17 17:34:16,009 INFO apscheduler.executors.default: Job "main.<locals>.run_scan (trigger: cron[second='1,6,11,16,21,26,31,36,41,46,51,56'], next run at: 2026-09-17 17:34:21 +07)" executed successfully
2026-09-17 17:34:16,443 INFO httpx: HTTP Request: POST https://api.telegram.org/bot8759704311:AAFifFvXYLNPJZYlq-E4p3RVCUNiR0Ny6Ic/getUpdates "HTTP/1.1 200 OK"
2026-09-17 17:34:19,436 INFO apscheduler.executors.default: Running job "main.<locals>.run_lts_aus_fast_scan (trigger: interval[0:00:05], next run at: 2026-09-17 17:34:24 +07)" (scheduled at 2026-09-17 17:34:19.432380+07:00)
2026-09-17 17:34:19,437 INFO apscheduler.executors.default: Job "main.<locals>.run_lts_aus_fast_scan (trigger: interval[0:00:05], next run at: 2026-09-17 17:34:24 +07)" executed successfully
2026-09-17 17:34:19,437 INFO apscheduler.executors.default: Running job "main.<locals>.run_position_check (trigger: interval[0:00:05], next run at: 2026-09-17 17:34:24 +07)" (scheduled at 2026-09-17 17:34:19.433381+07:00)
2026-09-17 17:34:19,440 INFO apscheduler.executors.default: Job "main.<locals>.run_position_check (trigger: interval[0:00:05], next run at: 2026-09-17 17:34:24 +07)" executed successfully
2026-09-17 17:34:19,440 INFO apscheduler.executors.default: Running job "main.<locals>.run_trail_sl (trigger: interval[0:00:05], next run at: 2026-09-17 17:34:24 +07)" (scheduled at 2026-09-17 17:34:19.433381+07:00)
2026-09-17 17:34:19,441 INFO apscheduler.executors.default: Job "main.<locals>.run_trail_sl (trigger: interval[0:00:05], next run at: 2026-09-17 17:34:24 +07)" executed successfully
2026-09-17 17:34:19,441 INFO apscheduler.executors.default: Running job "main.<locals>.save_bot_state_job (trigger: interval[0:00:15], next run at: 2026-09-17 17:34:34 +07)" (scheduled at 2026-09-17 17:34:19.434380+07:00)
2026-09-17 17:34:19,442 INFO apscheduler.executors.default: Job "main.<locals>.save_bot_state_job (trigger: interval[0:00:15], next run at: 2026-09-17 17:34:34 +07)" executed successfully
2026-09-17 17:34:20,445 INFO apscheduler.executors.default: Running job "main.<locals>.write_heartbeat_job (trigger: interval[0:00:15], next run at: 2026-09-17 17:34:35 +07)" (scheduled at 2026-09-17 17:34:20.436472+07:00)
2026-09-17 17:34:20,447 INFO apscheduler.executors.default: Job "main.<locals>.write_heartbeat_job (trigger: interval[0:00:15], next run at: 2026-09-17 17:34:35 +07)" executed successfully
2026-09-17 17:34:21,009 INFO apscheduler.executors.default: Running job "main.<locals>.run_scan (trigger: cron[second='1,6,11,16,21,26,31,36,41,46,51,56'], next run at: 2026-09-17 17:34:26 +07)" (scheduled at 2026-09-17 17:34:21+07:00)
2026-09-17 17:34:21,011 INFO apscheduler.executors.default: Job "main.<locals>.run_scan (trigger: cron[second='1,6,11,16,21,26,31,36,41,46,51,56'], next run at: 2026-09-17 17:34:26 +07)" executed successfully
2026-09-17 17:34:24,438 INFO apscheduler.executors.default: Running job "main.<locals>.run_lts_aus_fast_scan (trigger: interval[0:00:05], next run at: 2026-09-17 17:34:29 +07)" (scheduled at 2026-09-17 17:34:24.432380+07:00)
2026-09-17 17:34:24,438 INFO apscheduler.executors.default: Job "main.<locals>.run_lts_aus_fast_scan (trigger: interval[0:00:05], next run at: 2026-09-17 17:34:29 +07)" executed successfully
2026-09-17 17:34:24,438 INFO apscheduler.executors.default: Running job "main.<locals>.run_position_check (trigger: interval[0:00:05], next run at: 2026-09-17 17:34:29 +07)" (scheduled at 2026-09-17 17:34:24.433381+07:00)
2026-09-17 17:34:24,441 INFO apscheduler.executors.default: Job "main.<locals>.run_position_check (trigger: interval[0:00:05], next run at: 2026-09-17 17:34:29 +07)" executed successfully
2026-09-17 17:34:24,441 INFO apscheduler.executors.default: Running job "main.<locals>.run_trail_sl (trigger: interval[0:00:05], next run at: 2026-09-17 17:34:29 +07)" (scheduled at 2026-09-17 17:34:24.433381+07:00)
2026-09-17 17:34:24,441 INFO apscheduler.executors.default: Job "main.<locals>.run_trail_sl (trigger: interval[0:00:05], next run at: 2026-09-17 17:34:29 +07)" executed successfully
2026-09-17 17:34:26,006 INFO apscheduler.executors.default: Running job "main.<locals>.run_scan (trigger: cron[second='1,6,11,16,21,26,31,36,41,46,51,56'], next run at: 2026-09-17 17:34:31 +07)" (scheduled at 2026-09-17 17:34:26+07:00)
2026-09-17 17:34:26,007 INFO apscheduler.executors.default: Job "main.<locals>.run_scan (trigger: cron[second='1,6,11,16,21,26,31,36,41,46,51,56'], next run at: 2026-09-17 17:34:31 +07)" executed successfully
2026-09-17 17:34:26,638 INFO httpx: HTTP Request: POST https://api.telegram.org/bot8759704311:AAFifFvXYLNPJZYlq-E4p3RVCUNiR0Ny6Ic/getUpdates "HTTP/1.1 200 OK"
2026-09-17 17:34:29,449 INFO apscheduler.executors.default: Running job "main.<locals>.run_lts_aus_fast_scan (trigger: interval[0:00:05], next run at: 2026-09-17 17:34:34 +07)" (scheduled at 2026-09-17 17:34:29.432380+07:00)
2026-09-17 17:34:29,449 INFO apscheduler.executors.default: Job "main.<locals>.run_lts_aus_fast_scan (trigger: interval[0:00:05], next run at: 2026-09-17 17:34:34 +07)" executed successfully
2026-09-17 17:34:29,450 INFO apscheduler.executors.default: Running job "main.<locals>.run_position_check (trigger: interval[0:00:05], next run at: 2026-09-17 17:34:34 +07)" (scheduled at 2026-09-17 17:34:29.433381+07:00)
2026-09-17 17:34:29,452 INFO apscheduler.executors.default: Job "main.<locals>.run_position_check (trigger: interval[0:00:05], next run at: 2026-09-17 17:34:34 +07)" executed successfully
2026-09-17 17:34:29,453 INFO apscheduler.executors.default: Running job "main.<locals>.run_trail_sl (trigger: interval[0:00:05], next run at: 2026-09-17 17:34:34 +07)" (scheduled at 2026-09-17 17:34:29.433381+07:00)
2026-09-17 17:34:29,453 INFO apscheduler.executors.default: Job "main.<locals>.run_trail_sl (trigger: interval[0:00:05], next run at: 2026-09-17 17:34:34 +07)" executed successfully
2026-09-17 17:34:31,015 INFO apscheduler.executors.default: Running job "main.<locals>.run_scan (trigger: cron[second='1,6,11,16,21,26,31,36,41,46,51,56'], next run at: 2026-09-17 17:34:36 +07)" (scheduled at 2026-09-17 17:34:31+07:00)
2026-09-17 17:34:31,015 INFO apscheduler.executors.default: Job "main.<locals>.run_scan (trigger: cron[second='1,6,11,16,21,26,31,36,41,46,51,56'], next run at: 2026-09-17 17:34:36 +07)" executed successfully
2026-09-17 17:34:34,433 INFO apscheduler.executors.default: Running job "main.<locals>.run_lts_aus_fast_scan (trigger: interval[0:00:05], next run at: 2026-09-17 17:34:39 +07)" (scheduled at 2026-09-17 17:34:34.432380+07:00)
2026-09-17 17:34:34,434 INFO apscheduler.executors.default: Job "main.<locals>.run_lts_aus_fast_scan (trigger: interval[0:00:05], next run at: 2026-09-17 17:34:39 +07)" executed successfully
2026-09-17 17:34:34,434 INFO apscheduler.executors.default: Running job "main.<locals>.run_position_check (trigger: interval[0:00:05], next run at: 2026-09-17 17:34:39 +07)" (scheduled at 2026-09-17 17:34:34.433381+07:00)
2026-09-17 17:34:34,437 INFO apscheduler.executors.default: Job "main.<locals>.run_position_check (trigger: interval[0:00:05], next run at: 2026-09-17 17:34:39 +07)" executed successfully
2026-09-17 17:34:34,437 INFO apscheduler.executors.default: Running job "main.<locals>.run_trail_sl (trigger: interval[0:00:05], next run at: 2026-09-17 17:34:39 +07)" (scheduled at 2026-09-17 17:34:34.433381+07:00)
2026-09-17 17:34:34,437 INFO apscheduler.executors.default: Job "main.<locals>.run_trail_sl (trigger: interval[0:00:05], next run at: 2026-09-17 17:34:39 +07)" executed successfully
2026-09-17 17:34:34,438 INFO apscheduler.executors.default: Running job "main.<locals>.save_bot_state_job (trigger: interval[0:00:15], next run at: 2026-09-17 17:34:49 +07)" (scheduled at 2026-09-17 17:34:34.434380+07:00)
2026-09-17 17:34:34,441 INFO apscheduler.executors.default: Job "main.<locals>.save_bot_state_job (trigger: interval[0:00:15], next run at: 2026-09-17 17:34:49 +07)" executed successfully
2026-09-17 17:34:35,439 INFO apscheduler.executors.default: Running job "main.<locals>.write_heartbeat_job (trigger: interval[0:00:15], next run at: 2026-09-17 17:34:50 +07)" (scheduled at 2026-09-17 17:34:35.436472+07:00)
2026-09-17 17:34:35,442 INFO apscheduler.executors.default: Job "main.<locals>.write_heartbeat_job (trigger: interval[0:00:15], next run at: 2026-09-17 17:34:50 +07)" executed successfully
2026-09-17 17:34:36,015 INFO apscheduler.executors.default: Running job "main.<locals>.run_scan (trigger: cron[second='1,6,11,16,21,26,31,36,41,46,51,56'], next run at: 2026-09-17 17:34:41 +07)" (scheduled at 2026-09-17 17:34:36+07:00)
2026-09-17 17:34:36,017 INFO apscheduler.executors.default: Job "main.<locals>.run_scan (trigger: cron[second='1,6,11,16,21,26,31,36,41,46,51,56'], next run at: 2026-09-17 17:34:41 +07)" executed successfully
2026-09-17 17:34:36,833 INFO httpx: HTTP Request: POST https://api.telegram.org/bot8759704311:AAFifFvXYLNPJZYlq-E4p3RVCUNiR0Ny6Ic/getUpdates "HTTP/1.1 200 OK"
2026-09-17 17:34:39,436 INFO apscheduler.executors.default: Running job "main.<locals>.run_lts_aus_fast_scan (trigger: interval[0:00:05], next run at: 2026-09-17 17:34:44 +07)" (scheduled at 2026-09-17 17:34:39.432380+07:00)
2026-09-17 17:34:39,437 INFO apscheduler.executors.default: Job "main.<locals>.run_lts_aus_fast_scan (trigger: interval[0:00:05], next run at: 2026-09-17 17:34:44 +07)" executed successfully
2026-09-17 17:34:39,437 INFO apscheduler.executors.default: Running job "main.<locals>.run_position_check (trigger: interval[0:00:05], next run at: 2026-09-17 17:34:44 +07)" (scheduled at 2026-09-17 17:34:39.433381+07:00)
2026-09-17 17:34:39,439 INFO apscheduler.executors.default: Job "main.<locals>.run_position_check (trigger: interval[0:00:05], next run at: 2026-09-17 17:34:44 +07)" executed successfully
2026-09-17 17:34:39,439 INFO apscheduler.executors.default: Running job "main.<locals>.run_trail_sl (trigger: interval[0:00:05], next run at: 2026-09-17 17:34:44 +07)" (scheduled at 2026-09-17 17:34:39.433381+07:00)
2026-09-17 17:34:39,439 INFO apscheduler.executors.default: Job "main.<locals>.run_trail_sl (trigger: interval[0:00:05], next run at: 2026-09-17 17:34:44 +07)" executed successfully
2026-09-17 17:34:41,004 INFO apscheduler.executors.default: Running job "main.<locals>.run_scan (trigger: cron[second='1,6,11,16,21,26,31,36,41,46,51,56'], next run at: 2026-09-17 17:34:46 +07)" (scheduled at 2026-09-17 17:34:41+07:00)
2026-09-17 17:34:41,004 INFO apscheduler.executors.default: Job "main.<locals>.run_scan (trigger: cron[second='1,6,11,16,21,26,31,36,41,46,51,56'], next run at: 2026-09-17 17:34:46 +07)" executed successfully
2026-09-17 17:34:44,443 INFO apscheduler.executors.default: Running job "main.<locals>.run_lts_aus_fast_scan (trigger: interval[0:00:05], next run at: 2026-09-17 17:34:49 +07)" (scheduled at 2026-09-17 17:34:44.432380+07:00)
2026-09-17 17:34:44,444 INFO apscheduler.executors.default: Job "main.<locals>.run_lts_aus_fast_scan (trigger: interval[0:00:05], next run at: 2026-09-17 17:34:49 +07)" executed successfully
2026-09-17 17:34:44,444 INFO apscheduler.executors.default: Running job "main.<locals>.run_position_check (trigger: interval[0:00:05], next run at: 2026-09-17 17:34:49 +07)" (scheduled at 2026-09-17 17:34:44.433381+07:00)
2026-09-17 17:34:44,447 INFO apscheduler.executors.default: Job "main.<locals>.run_position_check (trigger: interval[0:00:05], next run at: 2026-09-17 17:34:49 +07)" executed successfully
2026-09-17 17:34:44,447 INFO apscheduler.executors.default: Running job "main.<locals>.run_trail_sl (trigger: interval[0:00:05], next run at: 2026-09-17 17:34:49 +07)" (scheduled at 2026-09-17 17:34:44.433381+07:00)
2026-09-17 17:34:44,447 INFO apscheduler.executors.default: Job "main.<locals>.run_trail_sl (trigger: interval[0:00:05], next run at: 2026-09-17 17:34:49 +07)" executed successfully
2026-09-17 17:34:46,010 INFO apscheduler.executors.default: Running job "main.<locals>.run_scan (trigger: cron[second='1,6,11,16,21,26,31,36,41,46,51,56'], next run at: 2026-09-17 17:34:51 +07)" (scheduled at 2026-09-17 17:34:46+07:00)
2026-09-17 17:34:46,011 INFO apscheduler.executors.default: Job "main.<locals>.run_scan (trigger: cron[second='1,6,11,16,21,26,31,36,41,46,51,56'], next run at: 2026-09-17 17:34:51 +07)" executed successfully
2026-09-17 17:34:47,030 INFO httpx: HTTP Request: POST https://api.telegram.org/bot8759704311:AAFifFvXYLNPJZYlq-E4p3RVCUNiR0Ny6Ic/getUpdates "HTTP/1.1 200 OK"
2026-09-17 17:34:49,440 INFO apscheduler.executors.default: Running job "main.<locals>.check_symbol_switch (trigger: interval[0:01:00], next run at: 2026-09-17 17:35:49 +07)" (scheduled at 2026-09-17 17:34:49.430373+07:00)
2026-09-17 17:34:49,449 INFO apscheduler.executors.default: Job "main.<locals>.check_symbol_switch (trigger: interval[0:01:00], next run at: 2026-09-17 17:35:49 +07)" executed successfully
2026-09-17 17:34:49,449 INFO apscheduler.executors.default: Running job "main.<locals>.run_demo_portfolio_scan (trigger: interval[0:05:00], next run at: 2026-09-17 17:39:49 +07)" (scheduled at 2026-09-17 17:34:49.432380+07:00)
2026-09-17 17:34:49,455 INFO apscheduler.executors.default: Running job "main.<locals>.run_lts_aus_fast_scan (trigger: interval[0:00:05], next run at: 2026-09-17 17:34:54 +07)" (scheduled at 2026-09-17 17:34:49.432380+07:00)
2026-09-17 17:34:49,455 INFO apscheduler.executors.default: Job "main.<locals>.run_lts_aus_fast_scan (trigger: interval[0:00:05], next run at: 2026-09-17 17:34:54 +07)" executed successfully
2026-09-17 17:34:49,455 INFO apscheduler.executors.default: Running job "main.<locals>.run_position_check (trigger: interval[0:00:05], next run at: 2026-09-17 17:34:54 +07)" (scheduled at 2026-09-17 17:34:49.433381+07:00)
2026-09-17 17:34:49,458 INFO apscheduler.executors.default: Job "main.<locals>.run_position_check (trigger: interval[0:00:05], next run at: 2026-09-17 17:34:54 +07)" executed successfully
2026-09-17 17:34:49,458 INFO apscheduler.executors.default: Running job "main.<locals>.run_trail_sl (trigger: interval[0:00:05], next run at: 2026-09-17 17:34:54 +07)" (scheduled at 2026-09-17 17:34:49.433381+07:00)
2026-09-17 17:34:49,458 INFO apscheduler.executors.default: Job "main.<locals>.run_trail_sl (trigger: interval[0:00:05], next run at: 2026-09-17 17:34:54 +07)" executed successfully
2026-09-17 17:34:49,459 INFO apscheduler.executors.default: Running job "main.<locals>.save_bot_state_job (trigger: interval[0:00:15], next run at: 2026-09-17 17:35:04 +07)" (scheduled at 2026-09-17 17:34:49.434380+07:00)
2026-09-17 17:34:49,461 INFO apscheduler.executors.default: Job "main.<locals>.save_bot_state_job (trigger: interval[0:00:15], next run at: 2026-09-17 17:35:04 +07)" executed successfully
2026-09-17 17:34:49,462 INFO apscheduler.executors.default: Running job "main.<locals>.run_watchdog (trigger: interval[0:01:00], next run at: 2026-09-17 17:35:49 +07)" (scheduled at 2026-09-17 17:34:49.435380+07:00)
2026-09-17 17:34:49,466 INFO apscheduler.executors.default: Job "main.<locals>.run_watchdog (trigger: interval[0:01:00], next run at: 2026-09-17 17:35:49 +07)" executed successfully
2026-09-17 17:34:49,793 INFO apscheduler.executors.default: Job "main.<locals>.run_demo_portfolio_scan (trigger: interval[0:05:00], next run at: 2026-09-17 17:39:49 +07)" executed successfully
2026-09-17 17:34:50,460 INFO apscheduler.executors.default: Running job "main.<locals>.write_heartbeat_job (trigger: interval[0:00:15], next run at: 2026-09-17 17:35:05 +07)" (scheduled at 2026-09-17 17:34:50.436472+07:00)
2026-09-17 17:34:50,463 INFO apscheduler.executors.default: Job "main.<locals>.write_heartbeat_job (trigger: interval[0:00:15], next run at: 2026-09-17 17:35:05 +07)" executed successfully
2026-09-17 17:34:51,003 INFO apscheduler.executors.default: Running job "main.<locals>.run_scan (trigger: cron[second='1,6,11,16,21,26,31,36,41,46,51,56'], next run at: 2026-09-17 17:34:56 +07)" (scheduled at 2026-09-17 17:34:51+07:00)
2026-09-17 17:34:51,005 INFO apscheduler.executors.default: Job "main.<locals>.run_scan (trigger: cron[second='1,6,11,16,21,26,31,36,41,46,51,56'], next run at: 2026-09-17 17:34:56 +07)" executed successfully
2026-09-17 17:34:54,446 INFO apscheduler.executors.default: Running job "main.<locals>.run_lts_aus_fast_scan (trigger: interval[0:00:05], next run at: 2026-09-17 17:34:59 +07)" (scheduled at 2026-09-17 17:34:54.432380+07:00)
2026-09-17 17:34:54,446 INFO apscheduler.executors.default: Job "main.<locals>.run_lts_aus_fast_scan (trigger: interval[0:00:05], next run at: 2026-09-17 17:34:59 +07)" executed successfully
2026-09-17 17:34:54,447 INFO apscheduler.executors.default: Running job "main.<locals>.run_position_check (trigger: interval[0:00:05], next run at: 2026-09-17 17:34:59 +07)" (scheduled at 2026-09-17 17:34:54.433381+07:00)
2026-09-17 17:34:54,449 INFO apscheduler.executors.default: Job "main.<locals>.run_position_check (trigger: interval[0:00:05], next run at: 2026-09-17 17:34:59 +07)" executed successfully
2026-09-17 17:34:54,449 INFO apscheduler.executors.default: Running job "main.<locals>.run_trail_sl (trigger: interval[0:00:05], next run at: 2026-09-17 17:34:59 +07)" (scheduled at 2026-09-17 17:34:54.433381+07:00)
2026-09-17 17:34:54,449 INFO apscheduler.executors.default: Job "main.<locals>.run_trail_sl (trigger: interval[0:00:05], next run at: 2026-09-17 17:34:59 +07)" executed successfully
2026-09-17 17:34:56,008 INFO apscheduler.executors.default: Running job "main.<locals>.run_scan (trigger: cron[second='1,6,11,16,21,26,31,36,41,46,51,56'], next run at: 2026-09-17 17:35:01 +07)" (scheduled at 2026-09-17 17:34:56+07:00)
2026-09-17 17:34:56,009 INFO apscheduler.executors.default: Job "main.<locals>.run_scan (trigger: cron[second='1,6,11,16,21,26,31,36,41,46,51,56'], next run at: 2026-09-17 17:35:01 +07)" executed successfully
2026-09-17 17:34:57,239 INFO httpx: HTTP Request: POST https://api.telegram.org/bot8759704311:AAFifFvXYLNPJZYlq-E4p3RVCUNiR0Ny6Ic/getUpdates "HTTP/1.1 200 OK"
2026-09-17 17:34:59,436 INFO apscheduler.executors.default: Running job "main.<locals>.run_lts_aus_fast_scan (trigger: interval[0:00:05], next run at: 2026-09-17 17:35:04 +07)" (scheduled at 2026-09-17 17:34:59.432380+07:00)
2026-09-17 17:34:59,437 INFO apscheduler.executors.default: Job "main.<locals>.run_lts_aus_fast_scan (trigger: interval[0:00:05], next run at: 2026-09-17 17:35:04 +07)" executed successfully
2026-09-17 17:34:59,437 INFO apscheduler.executors.default: Running job "main.<locals>.run_position_check (trigger: interval[0:00:05], next run at: 2026-09-17 17:35:04 +07)" (scheduled at 2026-09-17 17:34:59.433381+07:00)
2026-09-17 17:34:59,439 INFO apscheduler.executors.default: Job "main.<locals>.run_position_check (trigger: interval[0:00:05], next run at: 2026-09-17 17:35:04 +07)" executed successfully
2026-09-17 17:34:59,439 INFO apscheduler.executors.default: Running job "main.<locals>.run_trail_sl (trigger: interval[0:00:05], next run at: 2026-09-17 17:35:04 +07)" (scheduled at 2026-09-17 17:34:59.433381+07:00)
2026-09-17 17:34:59,439 INFO apscheduler.executors.default: Job "main.<locals>.run_trail_sl (trigger: interval[0:00:05], next run at: 2026-09-17 17:35:04 +07)" executed successfully
2026-09-17 17:35:01,015 INFO apscheduler.executors.default: Running job "main.<locals>.run_scan (trigger: cron[second='1,6,11,16,21,26,31,36,41,46,51,56'], next run at: 2026-09-17 17:35:06 +07)" (scheduled at 2026-09-17 17:35:01+07:00)
2026-09-17 17:35:01,015 INFO apscheduler.executors.default: Job "main.<locals>.run_scan (trigger: cron[second='1,6,11,16,21,26,31,36,41,46,51,56'], next run at: 2026-09-17 17:35:06 +07)" executed successfully
2026-09-17 17:35:04,442 INFO apscheduler.executors.default: Running job "main.<locals>.run_lts_aus_fast_scan (trigger: interval[0:00:05], next run at: 2026-09-17 17:35:09 +07)" (scheduled at 2026-09-17 17:35:04.432380+07:00)
2026-09-17 17:35:04,442 INFO apscheduler.executors.default: Job "main.<locals>.run_lts_aus_fast_scan (trigger: interval[0:00:05], next run at: 2026-09-17 17:35:09 +07)" executed successfully
2026-09-17 17:35:04,443 INFO apscheduler.executors.default: Running job "main.<locals>.run_position_check (trigger: interval[0:00:05], next run at: 2026-09-17 17:35:09 +07)" (scheduled at 2026-09-17 17:35:04.433381+07:00)
2026-09-17 17:35:04,447 INFO apscheduler.executors.default: Job "main.<locals>.run_position_check (trigger: interval[0:00:05], next run at: 2026-09-17 17:35:09 +07)" executed successfully
2026-09-17 17:35:04,448 INFO apscheduler.executors.default: Running job "main.<locals>.run_trail_sl (trigger: interval[0:00:05], next run at: 2026-09-17 17:35:09 +07)" (scheduled at 2026-09-17 17:35:04.433381+07:00)
2026-09-17 17:35:04,448 INFO apscheduler.executors.default: Job "main.<locals>.run_trail_sl (trigger: interval[0:00:05], next run at: 2026-09-17 17:35:09 +07)" executed successfully
2026-09-17 17:35:04,448 INFO apscheduler.executors.default: Running job "main.<locals>.save_bot_state_job (trigger: interval[0:00:15], next run at: 2026-09-17 17:35:19 +07)" (scheduled at 2026-09-17 17:35:04.434380+07:00)
2026-09-17 17:35:04,452 INFO apscheduler.executors.default: Job "main.<locals>.save_bot_state_job (trigger: interval[0:00:15], next run at: 2026-09-17 17:35:19 +07)" executed successfully
2026-09-17 17:35:05,446 INFO apscheduler.executors.default: Running job "main.<locals>.write_heartbeat_job (trigger: interval[0:00:15], next run at: 2026-09-17 17:35:20 +07)" (scheduled at 2026-09-17 17:35:05.436472+07:00)
2026-09-17 17:35:05,450 INFO apscheduler.executors.default: Job "main.<locals>.write_heartbeat_job (trigger: interval[0:00:15], next run at: 2026-09-17 17:35:20 +07)" executed successfully
2026-09-17 17:35:06,013 INFO apscheduler.executors.default: Running job "main.<locals>.run_scan (trigger: cron[second='1,6,11,16,21,26,31,36,41,46,51,56'], next run at: 2026-09-17 17:35:11 +07)" (scheduled at 2026-09-17 17:35:06+07:00)
2026-09-17 17:35:06,014 INFO apscheduler.executors.default: Job "main.<locals>.run_scan (trigger: cron[second='1,6,11,16,21,26,31,36,41,46,51,56'], next run at: 2026-09-17 17:35:11 +07)" executed successfully
2026-09-17 17:35:07,433 INFO httpx: HTTP Request: POST https://api.telegram.org/bot8759704311:AAFifFvXYLNPJZYlq-E4p3RVCUNiR0Ny6Ic/getUpdates "HTTP/1.1 200 OK"
2026-09-17 17:35:09,442 INFO apscheduler.executors.default: Running job "main.<locals>.run_lts_aus_fast_scan (trigger: interval[0:00:05], next run at: 2026-09-17 17:35:14 +07)" (scheduled at 2026-09-17 17:35:09.432380+07:00)
2026-09-17 17:35:09,443 INFO apscheduler.executors.default: Job "main.<locals>.run_lts_aus_fast_scan (trigger: interval[0:00:05], next run at: 2026-09-17 17:35:14 +07)" executed successfully
2026-09-17 17:35:09,443 INFO apscheduler.executors.default: Running job "main.<locals>.run_position_check (trigger: interval[0:00:05], next run at: 2026-09-17 17:35:14 +07)" (scheduled at 2026-09-17 17:35:09.433381+07:00)
2026-09-17 17:35:09,448 INFO apscheduler.executors.default: Job "main.<locals>.run_position_check (trigger: interval[0:00:05], next run at: 2026-09-17 17:35:14 +07)" executed successfully
2026-09-17 17:35:09,449 INFO apscheduler.executors.default: Running job "main.<locals>.run_trail_sl (trigger: interval[0:00:05], next run at: 2026-09-17 17:35:14 +07)" (scheduled at 2026-09-17 17:35:09.433381+07:00)
2026-09-17 17:35:09,449 INFO apscheduler.executors.default: Job "main.<locals>.run_trail_sl (trigger: interval[0:00:05], next run at: 2026-09-17 17:35:14 +07)" executed successfully
2026-09-17 17:35:11,021 INFO apscheduler.executors.default: Running job "main.<locals>.run_scan (trigger: cron[second='1,6,11,16,21,26,31,36,41,46,51,56'], next run at: 2026-09-17 17:35:16 +07)" (scheduled at 2026-09-17 17:35:11+07:00)
2026-09-17 17:35:11,022 INFO apscheduler.executors.default: Job "main.<locals>.run_scan (trigger: cron[second='1,6,11,16,21,26,31,36,41,46,51,56'], next run at: 2026-09-17 17:35:16 +07)" executed successfully
2026-09-17 17:35:14,449 INFO apscheduler.executors.default: Running job "main.<locals>.run_lts_aus_fast_scan (trigger: interval[0:00:05], next run at: 2026-09-17 17:35:19 +07)" (scheduled at 2026-09-17 17:35:14.432380+07:00)
2026-09-17 17:35:14,449 INFO apscheduler.executors.default: Job "main.<locals>.run_lts_aus_fast_scan (trigger: interval[0:00:05], next run at: 2026-09-17 17:35:19 +07)" executed successfully
2026-09-17 17:35:14,449 INFO apscheduler.executors.default: Running job "main.<locals>.run_position_check (trigger: interval[0:00:05], next run at: 2026-09-17 17:35:19 +07)" (scheduled at 2026-09-17 17:35:14.433381+07:00)
2026-09-17 17:35:14,452 INFO apscheduler.executors.default: Job "main.<locals>.run_position_check (trigger: interval[0:00:05], next run at: 2026-09-17 17:35:19 +07)" executed successfully
2026-09-17 17:35:14,453 INFO apscheduler.executors.default: Running job "main.<locals>.run_trail_sl (trigger: interval[0:00:05], next run at: 2026-09-17 17:35:19 +07)" (scheduled at 2026-09-17 17:35:14.433381+07:00)
2026-09-17 17:35:14,453 INFO apscheduler.executors.default: Job "main.<locals>.run_trail_sl (trigger: interval[0:00:05], next run at: 2026-09-17 17:35:19 +07)" executed successfully
2026-09-17 17:35:16,002 INFO apscheduler.executors.default: Running job "main.<locals>.run_scan (trigger: cron[second='1,6,11,16,21,26,31,36,41,46,51,56'], next run at: 2026-09-17 17:35:21 +07)" (scheduled at 2026-09-17 17:35:16+07:00)
2026-09-17 17:35:16,002 INFO apscheduler.executors.default: Job "main.<locals>.run_scan (trigger: cron[second='1,6,11,16,21,26,31,36,41,46,51,56'], next run at: 2026-09-17 17:35:21 +07)" executed successfully
2026-09-17 17:35:17,648 INFO httpx: HTTP Request: POST https://api.telegram.org/bot8759704311:AAFifFvXYLNPJZYlq-E4p3RVCUNiR0Ny6Ic/getUpdates "HTTP/1.1 200 OK"
2026-09-17 17:35:19,439 INFO apscheduler.executors.default: Running job "main.<locals>.run_lts_aus_fast_scan (trigger: interval[0:00:05], next run at: 2026-09-17 17:35:24 +07)" (scheduled at 2026-09-17 17:35:19.432380+07:00)
2026-09-17 17:35:19,440 INFO apscheduler.executors.default: Job "main.<locals>.run_lts_aus_fast_scan (trigger: interval[0:00:05], next run at: 2026-09-17 17:35:24 +07)" executed successfully
2026-09-17 17:35:19,441 INFO apscheduler.executors.default: Running job "main.<locals>.run_position_check (trigger: interval[0:00:05], next run at: 2026-09-17 17:35:24 +07)" (scheduled at 2026-09-17 17:35:19.433381+07:00)
2026-09-17 17:35:19,445 INFO apscheduler.executors.default: Job "main.<locals>.run_position_check (trigger: interval[0:00:05], next run at: 2026-09-17 17:35:24 +07)" executed successfully
2026-09-17 17:35:19,446 INFO apscheduler.executors.default: Running job "main.<locals>.run_trail_sl (trigger: interval[0:00:05], next run at: 2026-09-17 17:35:24 +07)" (scheduled at 2026-09-17 17:35:19.433381+07:00)
2026-09-17 17:35:19,446 INFO apscheduler.executors.default: Job "main.<locals>.run_trail_sl (trigger: interval[0:00:05], next run at: 2026-09-17 17:35:24 +07)" executed successfully
2026-09-17 17:35:19,446 INFO apscheduler.executors.default: Running job "main.<locals>.save_bot_state_job (trigger: interval[0:00:15], next run at: 2026-09-17 17:35:34 +07)" (scheduled at 2026-09-17 17:35:19.434380+07:00)
2026-09-17 17:35:19,468 INFO apscheduler.executors.default: Job "main.<locals>.save_bot_state_job (trigger: interval[0:00:15], next run at: 2026-09-17 17:35:34 +07)" executed successfully
2026-09-17 17:35:20,460 INFO apscheduler.executors.default: Running job "main.<locals>.write_heartbeat_job (trigger: interval[0:00:15], next run at: 2026-09-17 17:35:35 +07)" (scheduled at 2026-09-17 17:35:20.436472+07:00)
2026-09-17 17:35:20,464 INFO apscheduler.executors.default: Job "main.<locals>.write_heartbeat_job (trigger: interval[0:00:15], next run at: 2026-09-17 17:35:35 +07)" executed successfully
2026-09-17 17:35:21,019 INFO apscheduler.executors.default: Running job "main.<locals>.run_scan (trigger: cron[second='1,6,11,16,21,26,31,36,41,46,51,56'], next run at: 2026-09-17 17:35:26 +07)" (scheduled at 2026-09-17 17:35:21+07:00)
2026-09-17 17:35:21,020 INFO apscheduler.executors.default: Job "main.<locals>.run_scan (trigger: cron[second='1,6,11,16,21,26,31,36,41,46,51,56'], next run at: 2026-09-17 17:35:26 +07)" executed successfully
2026-09-17 17:35:24,437 INFO apscheduler.executors.default: Running job "main.<locals>.run_lts_aus_fast_scan (trigger: interval[0:00:05], next run at: 2026-09-17 17:35:29 +07)" (scheduled at 2026-09-17 17:35:24.432380+07:00)
2026-09-17 17:35:24,438 INFO apscheduler.executors.default: Job "main.<locals>.run_lts_aus_fast_scan (trigger: interval[0:00:05], next run at: 2026-09-17 17:35:29 +07)" executed successfully
2026-09-17 17:35:24,438 INFO apscheduler.executors.default: Running job "main.<locals>.run_position_check (trigger: interval[0:00:05], next run at: 2026-09-17 17:35:29 +07)" (scheduled at 2026-09-17 17:35:24.433381+07:00)
2026-09-17 17:35:24,441 INFO apscheduler.executors.default: Job "main.<locals>.run_position_check (trigger: interval[0:00:05], next run at: 2026-09-17 17:35:29 +07)" executed successfully
2026-09-17 17:35:24,441 INFO apscheduler.executors.default: Running job "main.<locals>.run_trail_sl (trigger: interval[0:00:05], next run at: 2026-09-17 17:35:29 +07)" (scheduled at 2026-09-17 17:35:24.433381+07:00)
2026-09-17 17:35:24,441 INFO apscheduler.executors.default: Job "main.<locals>.run_trail_sl (trigger: interval[0:00:05], next run at: 2026-09-17 17:35:29 +07)" executed successfully
2026-09-17 17:35:26,008 INFO apscheduler.executors.default: Running job "main.<locals>.run_scan (trigger: cron[second='1,6,11,16,21,26,31,36,41,46,51,56'], next run at: 2026-09-17 17:35:31 +07)" (scheduled at 2026-09-17 17:35:26+07:00)
2026-09-17 17:35:26,008 INFO apscheduler.executors.default: Job "main.<locals>.run_scan (trigger: cron[second='1,6,11,16,21,26,31,36,41,46,51,56'], next run at: 2026-09-17 17:35:31 +07)" executed successfully
2026-09-17 17:35:27,846 INFO httpx: HTTP Request: POST https://api.telegram.org/bot8759704311:AAFifFvXYLNPJZYlq-E4p3RVCUNiR0Ny6Ic/getUpdates "HTTP/1.1 200 OK"
2026-09-17 17:35:29,436 INFO apscheduler.executors.default: Running job "main.<locals>.run_lts_aus_fast_scan (trigger: interval[0:00:05], next run at: 2026-09-17 17:35:34 +07)" (scheduled at 2026-09-17 17:35:29.432380+07:00)
2026-09-17 17:35:29,437 INFO apscheduler.executors.default: Job "main.<locals>.run_lts_aus_fast_scan (trigger: interval[0:00:05], next run at: 2026-09-17 17:35:34 +07)" executed successfully
2026-09-17 17:35:29,437 INFO apscheduler.executors.default: Running job "main.<locals>.run_position_check (trigger: interval[0:00:05], next run at: 2026-09-17 17:35:34 +07)" (scheduled at 2026-09-17 17:35:29.433381+07:00)
2026-09-17 17:35:29,440 INFO apscheduler.executors.default: Job "main.<locals>.run_position_check (trigger: interval[0:00:05], next run at: 2026-09-17 17:35:34 +07)" executed successfully
2026-09-17 17:35:29,440 INFO apscheduler.executors.default: Running job "main.<locals>.run_trail_sl (trigger: interval[0:00:05], next run at: 2026-09-17 17:35:34 +07)" (scheduled at 2026-09-17 17:35:29.433381+07:00)
2026-09-17 17:35:29,440 INFO apscheduler.executors.default: Job "main.<locals>.run_trail_sl (trigger: interval[0:00:05], next run at: 2026-09-17 17:35:34 +07)" executed successfully
2026-09-17 17:35:31,008 INFO apscheduler.executors.default: Running job "main.<locals>.run_scan (trigger: cron[second='1,6,11,16,21,26,31,36,41,46,51,56'], next run at: 2026-09-17 17:35:36 +07)" (scheduled at 2026-09-17 17:35:31+07:00)
2026-09-17 17:35:31,008 INFO apscheduler.executors.default: Job "main.<locals>.run_scan (trigger: cron[second='1,6,11,16,21,26,31,36,41,46,51,56'], next run at: 2026-09-17 17:35:36 +07)" executed successfully
2026-09-17 17:35:34,447 INFO apscheduler.executors.default: Running job "main.<locals>.run_lts_aus_fast_scan (trigger: interval[0:00:05], next run at: 2026-09-17 17:35:39 +07)" (scheduled at 2026-09-17 17:35:34.432380+07:00)
2026-09-17 17:35:34,447 INFO apscheduler.executors.default: Job "main.<locals>.run_lts_aus_fast_scan (trigger: interval[0:00:05], next run at: 2026-09-17 17:35:39 +07)" executed successfully
2026-09-17 17:35:34,447 INFO apscheduler.executors.default: Running job "main.<locals>.run_position_check (trigger: interval[0:00:05], next run at: 2026-09-17 17:35:39 +07)" (scheduled at 2026-09-17 17:35:34.433381+07:00)
2026-09-17 17:35:34,452 INFO apscheduler.executors.default: Job "main.<locals>.run_position_check (trigger: interval[0:00:05], next run at: 2026-09-17 17:35:39 +07)" executed successfully
2026-09-17 17:35:34,453 INFO apscheduler.executors.default: Running job "main.<locals>.run_trail_sl (trigger: interval[0:00:05], next run at: 2026-09-17 17:35:39 +07)" (scheduled at 2026-09-17 17:35:34.433381+07:00)
2026-09-17 17:35:34,453 INFO apscheduler.executors.default: Job "main.<locals>.run_trail_sl (trigger: interval[0:00:05], next run at: 2026-09-17 17:35:39 +07)" executed successfully
2026-09-17 17:35:34,453 INFO apscheduler.executors.default: Running job "main.<locals>.save_bot_state_job (trigger: interval[0:00:15], next run at: 2026-09-17 17:35:49 +07)" (scheduled at 2026-09-17 17:35:34.434380+07:00)
2026-09-17 17:35:34,456 INFO apscheduler.executors.default: Job "main.<locals>.save_bot_state_job (trigger: interval[0:00:15], next run at: 2026-09-17 17:35:49 +07)" executed successfully
2026-09-17 17:35:35,440 INFO apscheduler.executors.default: Running job "main.<locals>.write_heartbeat_job (trigger: interval[0:00:15], next run at: 2026-09-17 17:35:50 +07)" (scheduled at 2026-09-17 17:35:35.436472+07:00)
2026-09-17 17:35:35,442 INFO apscheduler.executors.default: Job "main.<locals>.write_heartbeat_job (trigger: interval[0:00:15], next run at: 2026-09-17 17:35:50 +07)" executed successfully
2026-09-17 17:35:36,013 INFO apscheduler.executors.default: Running job "main.<locals>.run_scan (trigger: cron[second='1,6,11,16,21,26,31,36,41,46,51,56'], next run at: 2026-09-17 17:35:41 +07)" (scheduled at 2026-09-17 17:35:36+07:00)
2026-09-17 17:35:36,013 INFO apscheduler.executors.default: Job "main.<locals>.run_scan (trigger: cron[second='1,6,11,16,21,26,31,36,41,46,51,56'], next run at: 2026-09-17 17:35:41 +07)" executed successfully
2026-09-17 17:35:38,042 INFO httpx: HTTP Request: POST https://api.telegram.org/bot8759704311:AAFifFvXYLNPJZYlq-E4p3RVCUNiR0Ny6Ic/getUpdates "HTTP/1.1 200 OK"
2026-09-17 17:35:39,449 INFO apscheduler.executors.default: Running job "main.<locals>.run_lts_aus_fast_scan (trigger: interval[0:00:05], next run at: 2026-09-17 17:35:44 +07)" (scheduled at 2026-09-17 17:35:39.432380+07:00)
2026-09-17 17:35:39,450 INFO apscheduler.executors.default: Job "main.<locals>.run_lts_aus_fast_scan (trigger: interval[0:00:05], next run at: 2026-09-17 17:35:44 +07)" executed successfully
2026-09-17 17:35:39,453 INFO apscheduler.executors.default: Running job "main.<locals>.run_position_check (trigger: interval[0:00:05], next run at: 2026-09-17 17:35:44 +07)" (scheduled at 2026-09-17 17:35:39.433381+07:00)
2026-09-17 17:35:39,456 INFO apscheduler.executors.default: Job "main.<locals>.run_position_check (trigger: interval[0:00:05], next run at: 2026-09-17 17:35:44 +07)" executed successfully
2026-09-17 17:35:39,457 INFO apscheduler.executors.default: Running job "main.<locals>.run_trail_sl (trigger: interval[0:00:05], next run at: 2026-09-17 17:35:44 +07)" (scheduled at 2026-09-17 17:35:39.433381+07:00)
2026-09-17 17:35:39,457 INFO apscheduler.executors.default: Job "main.<locals>.run_trail_sl (trigger: interval[0:00:05], next run at: 2026-09-17 17:35:44 +07)" executed successfully
2026-09-17 17:35:41,000 INFO apscheduler.executors.default: Running job "main.<locals>.run_scan (trigger: cron[second='1,6,11,16,21,26,31,36,41,46,51,56'], next run at: 2026-09-17 17:35:46 +07)" (scheduled at 2026-09-17 17:35:41+07:00)
2026-09-17 17:35:41,000 INFO apscheduler.executors.default: Job "main.<locals>.run_scan (trigger: cron[second='1,6,11,16,21,26,31,36,41,46,51,56'], next run at: 2026-09-17 17:35:46 +07)" executed successfully
2026-09-17 17:35:44,446 INFO apscheduler.executors.default: Running job "main.<locals>.run_lts_aus_fast_scan (trigger: interval[0:00:05], next run at: 2026-09-17 17:35:49 +07)" (scheduled at 2026-09-17 17:35:44.432380+07:00)
2026-09-17 17:35:44,447 INFO apscheduler.executors.default: Job "main.<locals>.run_lts_aus_fast_scan (trigger: interval[0:00:05], next run at: 2026-09-17 17:35:49 +07)" executed successfully
2026-09-17 17:35:44,448 INFO apscheduler.executors.default: Running job "main.<locals>.run_position_check (trigger: interval[0:00:05], next run at: 2026-09-17 17:35:49 +07)" (scheduled at 2026-09-17 17:35:44.433381+07:00)
2026-09-17 17:35:44,450 INFO apscheduler.executors.default: Job "main.<locals>.run_position_check (trigger: interval[0:00:05], next run at: 2026-09-17 17:35:49 +07)" executed successfully
2026-09-17 17:35:44,451 INFO apscheduler.executors.default: Running job "main.<locals>.run_trail_sl (trigger: interval[0:00:05], next run at: 2026-09-17 17:35:49 +07)" (scheduled at 2026-09-17 17:35:44.433381+07:00)
2026-09-17 17:35:44,451 INFO apscheduler.executors.default: Job "main.<locals>.run_trail_sl (trigger: interval[0:00:05], next run at: 2026-09-17 17:35:49 +07)" executed successfully
2026-09-17 17:35:46,016 INFO apscheduler.executors.default: Running job "main.<locals>.run_scan (trigger: cron[second='1,6,11,16,21,26,31,36,41,46,51,56'], next run at: 2026-09-17 17:35:51 +07)" (scheduled at 2026-09-17 17:35:46+07:00)
2026-09-17 17:35:46,016 INFO apscheduler.executors.default: Job "main.<locals>.run_scan (trigger: cron[second='1,6,11,16,21,26,31,36,41,46,51,56'], next run at: 2026-09-17 17:35:51 +07)" executed successfully
2026-09-17 17:35:48,251 INFO httpx: HTTP Request: POST https://api.telegram.org/bot8759704311:AAFifFvXYLNPJZYlq-E4p3RVCUNiR0Ny6Ic/getUpdates "HTTP/1.1 200 OK"
2026-09-17 17:35:49,442 INFO apscheduler.executors.default: Running job "main.<locals>.check_symbol_switch (trigger: interval[0:01:00], next run at: 2026-09-17 17:36:49 +07)" (scheduled at 2026-09-17 17:35:49.430373+07:00)
2026-09-17 17:35:49,450 INFO apscheduler.executors.default: Job "main.<locals>.check_symbol_switch (trigger: interval[0:01:00], next run at: 2026-09-17 17:36:49 +07)" executed successfully
2026-09-17 17:35:49,450 INFO apscheduler.executors.default: Running job "main.<locals>.run_lts_aus_fast_scan (trigger: interval[0:00:05], next run at: 2026-09-17 17:35:54 +07)" (scheduled at 2026-09-17 17:35:49.432380+07:00)
2026-09-17 17:35:49,451 INFO apscheduler.executors.default: Job "main.<locals>.run_lts_aus_fast_scan (trigger: interval[0:00:05], next run at: 2026-09-17 17:35:54 +07)" executed successfully
2026-09-17 17:35:49,452 INFO apscheduler.executors.default: Running job "main.<locals>.run_position_check (trigger: interval[0:00:05], next run at: 2026-09-17 17:35:54 +07)" (scheduled at 2026-09-17 17:35:49.433381+07:00)
2026-09-17 17:35:49,455 INFO apscheduler.executors.default: Job "main.<locals>.run_position_check (trigger: interval[0:00:05], next run at: 2026-09-17 17:35:54 +07)" executed successfully
2026-09-17 17:35:49,456 INFO apscheduler.executors.default: Running job "main.<locals>.run_trail_sl (trigger: interval[0:00:05], next run at: 2026-09-17 17:35:54 +07)" (scheduled at 2026-09-17 17:35:49.433381+07:00)
2026-09-17 17:35:49,457 INFO apscheduler.executors.default: Job "main.<locals>.run_trail_sl (trigger: interval[0:00:05], next run at: 2026-09-17 17:35:54 +07)" executed successfully
2026-09-17 17:35:49,458 INFO apscheduler.executors.default: Running job "main.<locals>.save_bot_state_job (trigger: interval[0:00:15], next run at: 2026-09-17 17:36:04 +07)" (scheduled at 2026-09-17 17:35:49.434380+07:00)
2026-09-17 17:35:49,462 INFO apscheduler.executors.default: Job "main.<locals>.save_bot_state_job (trigger: interval[0:00:15], next run at: 2026-09-17 17:36:04 +07)" executed successfully
2026-09-17 17:35:49,464 INFO apscheduler.executors.default: Running job "main.<locals>.run_watchdog (trigger: interval[0:01:00], next run at: 2026-09-17 17:36:49 +07)" (scheduled at 2026-09-17 17:35:49.435380+07:00)
2026-09-17 17:35:49,469 INFO apscheduler.executors.default: Job "main.<locals>.run_watchdog (trigger: interval[0:01:00], next run at: 2026-09-17 17:36:49 +07)" executed successfully
2026-09-17 17:35:50,463 INFO apscheduler.executors.default: Running job "main.<locals>.write_heartbeat_job (trigger: interval[0:00:15], next run at: 2026-09-17 17:36:05 +07)" (scheduled at 2026-09-17 17:35:50.436472+07:00)
2026-09-17 17:35:50,466 INFO apscheduler.executors.default: Job "main.<locals>.write_heartbeat_job (trigger: interval[0:00:15], next run at: 2026-09-17 17:36:05 +07)" executed successfully
2026-09-17 17:35:51,007 INFO apscheduler.executors.default: Running job "main.<locals>.run_scan (trigger: cron[second='1,6,11,16,21,26,31,36,41,46,51,56'], next run at: 2026-09-17 17:35:56 +07)" (scheduled at 2026-09-17 17:35:51+07:00)
2026-09-17 17:35:51,008 INFO apscheduler.executors.default: Job "main.<locals>.run_scan (trigger: cron[second='1,6,11,16,21,26,31,36,41,46,51,56'], next run at: 2026-09-17 17:35:56 +07)" executed successfully
2026-09-17 17:35:54,446 INFO apscheduler.executors.default: Running job "main.<locals>.run_lts_aus_fast_scan (trigger: interval[0:00:05], next run at: 2026-09-17 17:35:59 +07)" (scheduled at 2026-09-17 17:35:54.432380+07:00)
2026-09-17 17:35:54,448 INFO apscheduler.executors.default: Job "main.<locals>.run_lts_aus_fast_scan (trigger: interval[0:00:05], next run at: 2026-09-17 17:35:59 +07)" executed successfully
2026-09-17 17:35:54,449 INFO apscheduler.executors.default: Running job "main.<locals>.run_position_check (trigger: interval[0:00:05], next run at: 2026-09-17 17:35:59 +07)" (scheduled at 2026-09-17 17:35:54.433381+07:00)
2026-09-17 17:35:54,451 INFO apscheduler.executors.default: Job "main.<locals>.run_position_check (trigger: interval[0:00:05], next run at: 2026-09-17 17:35:59 +07)" executed successfully
2026-09-17 17:35:54,451 INFO apscheduler.executors.default: Running job "main.<locals>.run_trail_sl (trigger: interval[0:00:05], next run at: 2026-09-17 17:35:59 +07)" (scheduled at 2026-09-17 17:35:54.433381+07:00)
2026-09-17 17:35:54,452 INFO apscheduler.executors.default: Job "main.<locals>.run_trail_sl (trigger: interval[0:00:05], next run at: 2026-09-17 17:35:59 +07)" executed successfully
2026-09-17 17:35:56,009 INFO apscheduler.executors.default: Running job "main.<locals>.run_scan (trigger: cron[second='1,6,11,16,21,26,31,36,41,46,51,56'], next run at: 2026-09-17 17:36:01 +07)" (scheduled at 2026-09-17 17:35:56+07:00)
2026-09-17 17:35:56,010 INFO apscheduler.executors.default: Job "main.<locals>.run_scan (trigger: cron[second='1,6,11,16,21,26,31,36,41,46,51,56'], next run at: 2026-09-17 17:36:01 +07)" executed successfully
2026-09-17 17:35:58,452 INFO httpx: HTTP Request: POST https://api.telegram.org/bot8759704311:AAFifFvXYLNPJZYlq-E4p3RVCUNiR0Ny6Ic/getUpdates "HTTP/1.1 200 OK"
2026-09-17 17:35:59,452 INFO apscheduler.executors.default: Running job "main.<locals>.run_lts_aus_fast_scan (trigger: interval[0:00:05], next run at: 2026-09-17 17:36:04 +07)" (scheduled at 2026-09-17 17:35:59.432380+07:00)
2026-09-17 17:35:59,452 INFO apscheduler.executors.default: Job "main.<locals>.run_lts_aus_fast_scan (trigger: interval[0:00:05], next run at: 2026-09-17 17:36:04 +07)" executed successfully
2026-09-17 17:35:59,452 INFO apscheduler.executors.default: Running job "main.<locals>.run_position_check (trigger: interval[0:00:05], next run at: 2026-09-17 17:36:04 +07)" (scheduled at 2026-09-17 17:35:59.433381+07:00)
2026-09-17 17:35:59,455 INFO apscheduler.executors.default: Job "main.<locals>.run_position_check (trigger: interval[0:00:05], next run at: 2026-09-17 17:36:04 +07)" executed successfully
2026-09-17 17:35:59,455 INFO apscheduler.executors.default: Running job "main.<locals>.run_trail_sl (trigger: interval[0:00:05], next run at: 2026-09-17 17:36:04 +07)" (scheduled at 2026-09-17 17:35:59.433381+07:00)
2026-09-17 17:35:59,455 INFO apscheduler.executors.default: Job "main.<locals>.run_trail_sl (trigger: interval[0:00:05], next run at: 2026-09-17 17:36:04 +07)" executed successfully
2026-09-17 17:36:01,003 INFO apscheduler.executors.default: Running job "main.<locals>.run_scan (trigger: cron[second='1,6,11,16,21,26,31,36,41,46,51,56'], next run at: 2026-09-17 17:36:06 +07)" (scheduled at 2026-09-17 17:36:01+07:00)
2026-09-17 17:36:01,004 INFO apscheduler.executors.default: Job "main.<locals>.run_scan (trigger: cron[second='1,6,11,16,21,26,31,36,41,46,51,56'], next run at: 2026-09-17 17:36:06 +07)" executed successfully
2026-09-17 17:36:04,437 INFO apscheduler.executors.default: Running job "main.<locals>.run_lts_aus_fast_scan (trigger: interval[0:00:05], next run at: 2026-09-17 17:36:09 +07)" (scheduled at 2026-09-17 17:36:04.432380+07:00)
2026-09-17 17:36:04,437 INFO apscheduler.executors.default: Job "main.<locals>.run_lts_aus_fast_scan (trigger: interval[0:00:05], next run at: 2026-09-17 17:36:09 +07)" executed successfully
2026-09-17 17:36:04,437 INFO apscheduler.executors.default: Running job "main.<locals>.run_position_check (trigger: interval[0:00:05], next run at: 2026-09-17 17:36:09 +07)" (scheduled at 2026-09-17 17:36:04.433381+07:00)
2026-09-17 17:36:04,440 INFO apscheduler.executors.default: Job "main.<locals>.run_position_check (trigger: interval[0:00:05], next run at: 2026-09-17 17:36:09 +07)" executed successfully
2026-09-17 17:36:04,440 INFO apscheduler.executors.default: Running job "main.<locals>.run_trail_sl (trigger: interval[0:00:05], next run at: 2026-09-17 17:36:09 +07)" (scheduled at 2026-09-17 17:36:04.433381+07:00)
2026-09-17 17:36:04,441 INFO apscheduler.executors.default: Job "main.<locals>.run_trail_sl (trigger: interval[0:00:05], next run at: 2026-09-17 17:36:09 +07)" executed successfully
2026-09-17 17:36:04,441 INFO apscheduler.executors.default: Running job "main.<locals>.save_bot_state_job (trigger: interval[0:00:15], next run at: 2026-09-17 17:36:19 +07)" (scheduled at 2026-09-17 17:36:04.434380+07:00)
2026-09-17 17:36:04,445 INFO apscheduler.executors.default: Job "main.<locals>.save_bot_state_job (trigger: interval[0:00:15], next run at: 2026-09-17 17:36:19 +07)" executed successfully
2026-09-17 17:36:05,448 INFO apscheduler.executors.default: Running job "main.<locals>.write_heartbeat_job (trigger: interval[0:00:15], next run at: 2026-09-17 17:36:20 +07)" (scheduled at 2026-09-17 17:36:05.436472+07:00)
2026-09-17 17:36:05,451 INFO apscheduler.executors.default: Job "main.<locals>.write_heartbeat_job (trigger: interval[0:00:15], next run at: 2026-09-17 17:36:20 +07)" executed successfully
2026-09-17 17:36:06,009 INFO apscheduler.executors.default: Running job "main.<locals>.run_scan (trigger: cron[second='1,6,11,16,21,26,31,36,41,46,51,56'], next run at: 2026-09-17 17:36:11 +07)" (scheduled at 2026-09-17 17:36:06+07:00)
2026-09-17 17:36:06,010 INFO apscheduler.executors.default: Job "main.<locals>.run_scan (trigger: cron[second='1,6,11,16,21,26,31,36,41,46,51,56'], next run at: 2026-09-17 17:36:11 +07)" executed successfully
2026-09-17 17:36:08,653 INFO httpx: HTTP Request: POST https://api.telegram.org/bot8759704311:AAFifFvXYLNPJZYlq-E4p3RVCUNiR0Ny6Ic/getUpdates "HTTP/1.1 200 OK"
2026-09-17 17:36:09,441 INFO apscheduler.executors.default: Running job "main.<locals>.run_lts_aus_fast_scan (trigger: interval[0:00:05], next run at: 2026-09-17 17:36:14 +07)" (scheduled at 2026-09-17 17:36:09.432380+07:00)
2026-09-17 17:36:09,443 INFO apscheduler.executors.default: Job "main.<locals>.run_lts_aus_fast_scan (trigger: interval[0:00:05], next run at: 2026-09-17 17:36:14 +07)" executed successfully
2026-09-17 17:36:09,443 INFO apscheduler.executors.default: Running job "main.<locals>.run_position_check (trigger: interval[0:00:05], next run at: 2026-09-17 17:36:14 +07)" (scheduled at 2026-09-17 17:36:09.433381+07:00)
2026-09-17 17:36:09,447 INFO apscheduler.executors.default: Job "main.<locals>.run_position_check (trigger: interval[0:00:05], next run at: 2026-09-17 17:36:14 +07)" executed successfully
2026-09-17 17:36:09,448 INFO apscheduler.executors.default: Running job "main.<locals>.run_trail_sl (trigger: interval[0:00:05], next run at: 2026-09-17 17:36:14 +07)" (scheduled at 2026-09-17 17:36:09.433381+07:00)
2026-09-17 17:36:09,448 INFO apscheduler.executors.default: Job "main.<locals>.run_trail_sl (trigger: interval[0:00:05], next run at: 2026-09-17 17:36:14 +07)" executed successfully
2026-09-17 17:36:11,022 INFO apscheduler.executors.default: Running job "main.<locals>.run_scan (trigger: cron[second='1,6,11,16,21,26,31,36,41,46,51,56'], next run at: 2026-09-17 17:36:16 +07)" (scheduled at 2026-09-17 17:36:11+07:00)
2026-09-17 17:36:11,022 INFO apscheduler.executors.default: Job "main.<locals>.run_scan (trigger: cron[second='1,6,11,16,21,26,31,36,41,46,51,56'], next run at: 2026-09-17 17:36:16 +07)" executed successfully
2026-09-17 17:36:14,448 INFO apscheduler.executors.default: Running job "main.<locals>.run_lts_aus_fast_scan (trigger: interval[0:00:05], next run at: 2026-09-17 17:36:19 +07)" (scheduled at 2026-09-17 17:36:14.432380+07:00)
2026-09-17 17:36:14,448 INFO apscheduler.executors.default: Job "main.<locals>.run_lts_aus_fast_scan (trigger: interval[0:00:05], next run at: 2026-09-17 17:36:19 +07)" executed successfully
2026-09-17 17:36:14,449 INFO apscheduler.executors.default: Running job "main.<locals>.run_position_check (trigger: interval[0:00:05], next run at: 2026-09-17 17:36:19 +07)" (scheduled at 2026-09-17 17:36:14.433381+07:00)
2026-09-17 17:36:14,451 INFO apscheduler.executors.default: Job "main.<locals>.run_position_check (trigger: interval[0:00:05], next run at: 2026-09-17 17:36:19 +07)" executed successfully
2026-09-17 17:36:14,452 INFO apscheduler.executors.default: Running job "main.<locals>.run_trail_sl (trigger: interval[0:00:05], next run at: 2026-09-17 17:36:19 +07)" (scheduled at 2026-09-17 17:36:14.433381+07:00)
2026-09-17 17:36:14,452 INFO apscheduler.executors.default: Job "main.<locals>.run_trail_sl (trigger: interval[0:00:05], next run at: 2026-09-17 17:36:19 +07)" executed successfully
2026-09-17 17:36:16,013 INFO apscheduler.executors.default: Running job "main.<locals>.run_scan (trigger: cron[second='1,6,11,16,21,26,31,36,41,46,51,56'], next run at: 2026-09-17 17:36:21 +07)" (scheduled at 2026-09-17 17:36:16+07:00)
2026-09-17 17:36:16,014 INFO apscheduler.executors.default: Job "main.<locals>.run_scan (trigger: cron[second='1,6,11,16,21,26,31,36,41,46,51,56'], next run at: 2026-09-17 17:36:21 +07)" executed successfully
2026-09-17 17:36:18,863 INFO httpx: HTTP Request: POST https://api.telegram.org/bot8759704311:AAFifFvXYLNPJZYlq-E4p3RVCUNiR0Ny6Ic/getUpdates "HTTP/1.1 200 OK"
2026-09-17 17:36:19,440 INFO apscheduler.executors.default: Running job "main.<locals>.run_lts_aus_fast_scan (trigger: interval[0:00:05], next run at: 2026-09-17 17:36:24 +07)" (scheduled at 2026-09-17 17:36:19.432380+07:00)
2026-09-17 17:36:19,440 INFO apscheduler.executors.default: Job "main.<locals>.run_lts_aus_fast_scan (trigger: interval[0:00:05], next run at: 2026-09-17 17:36:24 +07)" executed successfully
2026-09-17 17:36:19,440 INFO apscheduler.executors.default: Running job "main.<locals>.run_position_check (trigger: interval[0:00:05], next run at: 2026-09-17 17:36:24 +07)" (scheduled at 2026-09-17 17:36:19.433381+07:00)
2026-09-17 17:36:19,443 INFO apscheduler.executors.default: Job "main.<locals>.run_position_check (trigger: interval[0:00:05], next run at: 2026-09-17 17:36:24 +07)" executed successfully
2026-09-17 17:36:19,443 INFO apscheduler.executors.default: Running job "main.<locals>.run_trail_sl (trigger: interval[0:00:05], next run at: 2026-09-17 17:36:24 +07)" (scheduled at 2026-09-17 17:36:19.433381+07:00)
2026-09-17 17:36:19,444 INFO apscheduler.executors.default: Job "main.<locals>.run_trail_sl (trigger: interval[0:00:05], next run at: 2026-09-17 17:36:24 +07)" executed successfully
2026-09-17 17:36:19,445 INFO apscheduler.executors.default: Running job "main.<locals>.save_bot_state_job (trigger: interval[0:00:15], next run at: 2026-09-17 17:36:34 +07)" (scheduled at 2026-09-17 17:36:19.434380+07:00)
2026-09-17 17:36:19,447 INFO apscheduler.executors.default: Job "main.<locals>.save_bot_state_job (trigger: interval[0:00:15], next run at: 2026-09-17 17:36:34 +07)" executed successfully
2026-09-17 17:36:20,452 INFO apscheduler.executors.default: Running job "main.<locals>.write_heartbeat_job (trigger: interval[0:00:15], next run at: 2026-09-17 17:36:35 +07)" (scheduled at 2026-09-17 17:36:20.436472+07:00)
2026-09-17 17:36:20,455 INFO apscheduler.executors.default: Job "main.<locals>.write_heartbeat_job (trigger: interval[0:00:15], next run at: 2026-09-17 17:36:35 +07)" executed successfully
2026-09-17 17:36:21,010 INFO apscheduler.executors.default: Running job "main.<locals>.run_scan (trigger: cron[second='1,6,11,16,21,26,31,36,41,46,51,56'], next run at: 2026-09-17 17:36:26 +07)" (scheduled at 2026-09-17 17:36:21+07:00)
2026-09-17 17:36:21,010 INFO apscheduler.executors.default: Job "main.<locals>.run_scan (trigger: cron[second='1,6,11,16,21,26,31,36,41,46,51,56'], next run at: 2026-09-17 17:36:26 +07)" executed successfully
2026-09-17 17:36:24,446 INFO apscheduler.executors.default: Running job "main.<locals>.run_lts_aus_fast_scan (trigger: interval[0:00:05], next run at: 2026-09-17 17:36:29 +07)" (scheduled at 2026-09-17 17:36:24.432380+07:00)
2026-09-17 17:36:24,447 INFO apscheduler.executors.default: Job "main.<locals>.run_lts_aus_fast_scan (trigger: interval[0:00:05], next run at: 2026-09-17 17:36:29 +07)" executed successfully
2026-09-17 17:36:24,447 INFO apscheduler.executors.default: Running job "main.<locals>.run_position_check (trigger: interval[0:00:05], next run at: 2026-09-17 17:36:29 +07)" (scheduled at 2026-09-17 17:36:24.433381+07:00)
2026-09-17 17:36:24,449 INFO apscheduler.executors.default: Job "main.<locals>.run_position_check (trigger: interval[0:00:05], next run at: 2026-09-17 17:36:29 +07)" executed successfully
2026-09-17 17:36:24,450 INFO apscheduler.executors.default: Running job "main.<locals>.run_trail_sl (trigger: interval[0:00:05], next run at: 2026-09-17 17:36:29 +07)" (scheduled at 2026-09-17 17:36:24.433381+07:00)
2026-09-17 17:36:24,450 INFO apscheduler.executors.default: Job "main.<locals>.run_trail_sl (trigger: interval[0:00:05], next run at: 2026-09-17 17:36:29 +07)" executed successfully
2026-09-17 17:36:26,013 INFO apscheduler.executors.default: Running job "main.<locals>.run_scan (trigger: cron[second='1,6,11,16,21,26,31,36,41,46,51,56'], next run at: 2026-09-17 17:36:31 +07)" (scheduled at 2026-09-17 17:36:26+07:00)
2026-09-17 17:36:26,013 INFO apscheduler.executors.default: Job "main.<locals>.run_scan (trigger: cron[second='1,6,11,16,21,26,31,36,41,46,51,56'], next run at: 2026-09-17 17:36:31 +07)" executed successfully
2026-09-17 17:36:29,067 INFO httpx: HTTP Request: POST https://api.telegram.org/bot8759704311:AAFifFvXYLNPJZYlq-E4p3RVCUNiR0Ny6Ic/getUpdates "HTTP/1.1 200 OK"
2026-09-17 17:36:29,433 INFO apscheduler.executors.default: Running job "main.<locals>.run_lts_aus_fast_scan (trigger: interval[0:00:05], next run at: 2026-09-17 17:36:34 +07)" (scheduled at 2026-09-17 17:36:29.432380+07:00)
2026-09-17 17:36:29,434 INFO apscheduler.executors.default: Job "main.<locals>.run_lts_aus_fast_scan (trigger: interval[0:00:05], next run at: 2026-09-17 17:36:34 +07)" executed successfully
2026-09-17 17:36:29,435 INFO apscheduler.executors.default: Running job "main.<locals>.run_position_check (trigger: interval[0:00:05], next run at: 2026-09-17 17:36:34 +07)" (scheduled at 2026-09-17 17:36:29.433381+07:00)
2026-09-17 17:36:29,437 INFO apscheduler.executors.default: Job "main.<locals>.run_position_check (trigger: interval[0:00:05], next run at: 2026-09-17 17:36:34 +07)" executed successfully
2026-09-17 17:36:29,437 INFO apscheduler.executors.default: Running job "main.<locals>.run_trail_sl (trigger: interval[0:00:05], next run at: 2026-09-17 17:36:34 +07)" (scheduled at 2026-09-17 17:36:29.433381+07:00)
2026-09-17 17:36:29,438 INFO apscheduler.executors.default: Job "main.<locals>.run_trail_sl (trigger: interval[0:00:05], next run at: 2026-09-17 17:36:34 +07)" executed successfully
2026-09-17 17:36:31,012 INFO apscheduler.executors.default: Running job "main.<locals>.run_scan (trigger: cron[second='1,6,11,16,21,26,31,36,41,46,51,56'], next run at: 2026-09-17 17:36:36 +07)" (scheduled at 2026-09-17 17:36:31+07:00)
2026-09-17 17:36:31,013 INFO apscheduler.executors.default: Job "main.<locals>.run_scan (trigger: cron[second='1,6,11,16,21,26,31,36,41,46,51,56'], next run at: 2026-09-17 17:36:36 +07)" executed successfully
2026-09-17 17:36:34,437 INFO apscheduler.executors.default: Running job "main.<locals>.run_lts_aus_fast_scan (trigger: interval[0:00:05], next run at: 2026-09-17 17:36:39 +07)" (scheduled at 2026-09-17 17:36:34.432380+07:00)
2026-09-17 17:36:34,437 INFO apscheduler.executors.default: Job "main.<locals>.run_lts_aus_fast_scan (trigger: interval[0:00:05], next run at: 2026-09-17 17:36:39 +07)" executed successfully
2026-09-17 17:36:34,437 INFO apscheduler.executors.default: Running job "main.<locals>.run_position_check (trigger: interval[0:00:05], next run at: 2026-09-17 17:36:39 +07)" (scheduled at 2026-09-17 17:36:34.433381+07:00)
2026-09-17 17:36:34,441 INFO apscheduler.executors.default: Job "main.<locals>.run_position_check (trigger: interval[0:00:05], next run at: 2026-09-17 17:36:39 +07)" executed successfully
2026-09-17 17:36:34,443 INFO apscheduler.executors.default: Running job "main.<locals>.run_trail_sl (trigger: interval[0:00:05], next run at: 2026-09-17 17:36:39 +07)" (scheduled at 2026-09-17 17:36:34.433381+07:00)
2026-09-17 17:36:34,443 INFO apscheduler.executors.default: Job "main.<locals>.run_trail_sl (trigger: interval[0:00:05], next run at: 2026-09-17 17:36:39 +07)" executed successfully
2026-09-17 17:36:34,443 INFO apscheduler.executors.default: Running job "main.<locals>.save_bot_state_job (trigger: interval[0:00:15], next run at: 2026-09-17 17:36:49 +07)" (scheduled at 2026-09-17 17:36:34.434380+07:00)
2026-09-17 17:36:34,451 INFO apscheduler.executors.default: Job "main.<locals>.save_bot_state_job (trigger: interval[0:00:15], next run at: 2026-09-17 17:36:49 +07)" executed successfully
2026-09-17 17:36:35,443 INFO apscheduler.executors.default: Running job "main.<locals>.write_heartbeat_job (trigger: interval[0:00:15], next run at: 2026-09-17 17:36:50 +07)" (scheduled at 2026-09-17 17:36:35.436472+07:00)
2026-09-17 17:36:35,447 INFO apscheduler.executors.default: Job "main.<locals>.write_heartbeat_job (trigger: interval[0:00:15], next run at: 2026-09-17 17:36:50 +07)" executed successfully
2026-09-17 17:36:36,018 INFO apscheduler.executors.default: Running job "main.<locals>.run_scan (trigger: cron[second='1,6,11,16,21,26,31,36,41,46,51,56'], next run at: 2026-09-17 17:36:41 +07)" (scheduled at 2026-09-17 17:36:36+07:00)
2026-09-17 17:36:36,019 INFO apscheduler.executors.default: Job "main.<locals>.run_scan (trigger: cron[second='1,6,11,16,21,26,31,36,41,46,51,56'], next run at: 2026-09-17 17:36:41 +07)" executed successfully
2026-09-17 17:36:39,263 INFO httpx: HTTP Request: POST https://api.telegram.org/bot8759704311:AAFifFvXYLNPJZYlq-E4p3RVCUNiR0Ny6Ic/getUpdates "HTTP/1.1 200 OK"
2026-09-17 17:36:39,451 INFO apscheduler.executors.default: Running job "main.<locals>.run_lts_aus_fast_scan (trigger: interval[0:00:05], next run at: 2026-09-17 17:36:44 +07)" (scheduled at 2026-09-17 17:36:39.432380+07:00)
2026-09-17 17:36:39,453 INFO apscheduler.executors.default: Job "main.<locals>.run_lts_aus_fast_scan (trigger: interval[0:00:05], next run at: 2026-09-17 17:36:44 +07)" executed successfully
2026-09-17 17:36:39,454 INFO apscheduler.executors.default: Running job "main.<locals>.run_position_check (trigger: interval[0:00:05], next run at: 2026-09-17 17:36:44 +07)" (scheduled at 2026-09-17 17:36:39.433381+07:00)
2026-09-17 17:36:39,457 INFO apscheduler.executors.default: Job "main.<locals>.run_position_check (trigger: interval[0:00:05], next run at: 2026-09-17 17:36:44 +07)" executed successfully
2026-09-17 17:36:39,458 INFO apscheduler.executors.default: Running job "main.<locals>.run_trail_sl (trigger: interval[0:00:05], next run at: 2026-09-17 17:36:44 +07)" (scheduled at 2026-09-17 17:36:39.433381+07:00)
2026-09-17 17:36:39,458 INFO apscheduler.executors.default: Job "main.<locals>.run_trail_sl (trigger: interval[0:00:05], next run at: 2026-09-17 17:36:44 +07)" executed successfully
2026-09-17 17:36:41,009 INFO apscheduler.executors.default: Running job "main.<locals>.run_scan (trigger: cron[second='1,6,11,16,21,26,31,36,41,46,51,56'], next run at: 2026-09-17 17:36:46 +07)" (scheduled at 2026-09-17 17:36:41+07:00)
2026-09-17 17:36:41,010 INFO apscheduler.executors.default: Job "main.<locals>.run_scan (trigger: cron[second='1,6,11,16,21,26,31,36,41,46,51,56'], next run at: 2026-09-17 17:36:46 +07)" executed successfully
2026-09-17 17:36:44,441 INFO apscheduler.executors.default: Running job "main.<locals>.run_lts_aus_fast_scan (trigger: interval[0:00:05], next run at: 2026-09-17 17:36:49 +07)" (scheduled at 2026-09-17 17:36:44.432380+07:00)
2026-09-17 17:36:44,441 INFO apscheduler.executors.default: Job "main.<locals>.run_lts_aus_fast_scan (trigger: interval[0:00:05], next run at: 2026-09-17 17:36:49 +07)" executed successfully
2026-09-17 17:36:44,442 INFO apscheduler.executors.default: Running job "main.<locals>.run_position_check (trigger: interval[0:00:05], next run at: 2026-09-17 17:36:49 +07)" (scheduled at 2026-09-17 17:36:44.433381+07:00)
2026-09-17 17:36:44,446 INFO apscheduler.executors.default: Job "main.<locals>.run_position_check (trigger: interval[0:00:05], next run at: 2026-09-17 17:36:49 +07)" executed successfully
2026-09-17 17:36:44,447 INFO apscheduler.executors.default: Running job "main.<locals>.run_trail_sl (trigger: interval[0:00:05], next run at: 2026-09-17 17:36:49 +07)" (scheduled at 2026-09-17 17:36:44.433381+07:00)
2026-09-17 17:36:44,447 INFO apscheduler.executors.default: Job "main.<locals>.run_trail_sl (trigger: interval[0:00:05], next run at: 2026-09-17 17:36:49 +07)" executed successfully
2026-09-17 17:36:46,010 INFO apscheduler.executors.default: Running job "main.<locals>.run_scan (trigger: cron[second='1,6,11,16,21,26,31,36,41,46,51,56'], next run at: 2026-09-17 17:36:51 +07)" (scheduled at 2026-09-17 17:36:46+07:00)
2026-09-17 17:36:46,010 INFO apscheduler.executors.default: Job "main.<locals>.run_scan (trigger: cron[second='1,6,11,16,21,26,31,36,41,46,51,56'], next run at: 2026-09-17 17:36:51 +07)" executed successfully
2026-09-17 17:36:49,444 INFO apscheduler.executors.default: Running job "main.<locals>.check_symbol_switch (trigger: interval[0:01:00], next run at: 2026-09-17 17:37:49 +07)" (scheduled at 2026-09-17 17:36:49.430373+07:00)
2026-09-17 17:36:49,448 INFO apscheduler.executors.default: Job "main.<locals>.check_symbol_switch (trigger: interval[0:01:00], next run at: 2026-09-17 17:37:49 +07)" executed successfully
2026-09-17 17:36:49,448 INFO apscheduler.executors.default: Running job "main.<locals>.run_lts_aus_fast_scan (trigger: interval[0:00:05], next run at: 2026-09-17 17:36:54 +07)" (scheduled at 2026-09-17 17:36:49.432380+07:00)
2026-09-17 17:36:49,448 INFO apscheduler.executors.default: Job "main.<locals>.run_lts_aus_fast_scan (trigger: interval[0:00:05], next run at: 2026-09-17 17:36:54 +07)" executed successfully
2026-09-17 17:36:49,449 INFO apscheduler.executors.default: Running job "main.<locals>.run_position_check (trigger: interval[0:00:05], next run at: 2026-09-17 17:36:54 +07)" (scheduled at 2026-09-17 17:36:49.433381+07:00)
2026-09-17 17:36:49,451 INFO apscheduler.executors.default: Job "main.<locals>.run_position_check (trigger: interval[0:00:05], next run at: 2026-09-17 17:36:54 +07)" executed successfully
2026-09-17 17:36:49,451 INFO apscheduler.executors.default: Running job "main.<locals>.run_trail_sl (trigger: interval[0:00:05], next run at: 2026-09-17 17:36:54 +07)" (scheduled at 2026-09-17 17:36:49.433381+07:00)
2026-09-17 17:36:49,451 INFO apscheduler.executors.default: Job "main.<locals>.run_trail_sl (trigger: interval[0:00:05], next run at: 2026-09-17 17:36:54 +07)" executed successfully
2026-09-17 17:36:49,452 INFO apscheduler.executors.default: Running job "main.<locals>.save_bot_state_job (trigger: interval[0:00:15], next run at: 2026-09-17 17:37:04 +07)" (scheduled at 2026-09-17 17:36:49.434380+07:00)
2026-09-17 17:36:49,454 INFO apscheduler.executors.default: Job "main.<locals>.save_bot_state_job (trigger: interval[0:00:15], next run at: 2026-09-17 17:37:04 +07)" executed successfully
2026-09-17 17:36:49,455 INFO apscheduler.executors.default: Running job "main.<locals>.run_watchdog (trigger: interval[0:01:00], next run at: 2026-09-17 17:37:49 +07)" (scheduled at 2026-09-17 17:36:49.435380+07:00)
2026-09-17 17:36:49,459 INFO apscheduler.executors.default: Job "main.<locals>.run_watchdog (trigger: interval[0:01:00], next run at: 2026-09-17 17:37:49 +07)" executed successfully
2026-09-17 17:36:49,461 INFO httpx: HTTP Request: POST https://api.telegram.org/bot8759704311:AAFifFvXYLNPJZYlq-E4p3RVCUNiR0Ny6Ic/getUpdates "HTTP/1.1 200 OK"
2026-09-17 17:36:50,453 INFO apscheduler.executors.default: Running job "main.<locals>.write_heartbeat_job (trigger: interval[0:00:15], next run at: 2026-09-17 17:37:05 +07)" (scheduled at 2026-09-17 17:36:50.436472+07:00)
2026-09-17 17:36:50,454 INFO apscheduler.executors.default: Job "main.<locals>.write_heartbeat_job (trigger: interval[0:00:15], next run at: 2026-09-17 17:37:05 +07)" executed successfully
2026-09-17 17:36:51,008 INFO apscheduler.executors.default: Running job "main.<locals>.run_scan (trigger: cron[second='1,6,11,16,21,26,31,36,41,46,51,56'], next run at: 2026-09-17 17:36:56 +07)" (scheduled at 2026-09-17 17:36:51+07:00)
2026-09-17 17:36:51,009 INFO apscheduler.executors.default: Job "main.<locals>.run_scan (trigger: cron[second='1,6,11,16,21,26,31,36,41,46,51,56'], next run at: 2026-09-17 17:36:56 +07)" executed successfully
2026-09-17 17:36:54,443 INFO apscheduler.executors.default: Running job "main.<locals>.run_lts_aus_fast_scan (trigger: interval[0:00:05], next run at: 2026-09-17 17:36:59 +07)" (scheduled at 2026-09-17 17:36:54.432380+07:00)
2026-09-17 17:36:54,445 INFO apscheduler.executors.default: Job "main.<locals>.run_lts_aus_fast_scan (trigger: interval[0:00:05], next run at: 2026-09-17 17:36:59 +07)" executed successfully
2026-09-17 17:36:54,445 INFO apscheduler.executors.default: Running job "main.<locals>.run_position_check (trigger: interval[0:00:05], next run at: 2026-09-17 17:36:59 +07)" (scheduled at 2026-09-17 17:36:54.433381+07:00)
2026-09-17 17:36:54,447 INFO apscheduler.executors.default: Job "main.<locals>.run_position_check (trigger: interval[0:00:05], next run at: 2026-09-17 17:36:59 +07)" executed successfully
2026-09-17 17:36:54,447 INFO apscheduler.executors.default: Running job "main.<locals>.run_trail_sl (trigger: interval[0:00:05], next run at: 2026-09-17 17:36:59 +07)" (scheduled at 2026-09-17 17:36:54.433381+07:00)
2026-09-17 17:36:54,448 INFO apscheduler.executors.default: Job "main.<locals>.run_trail_sl (trigger: interval[0:00:05], next run at: 2026-09-17 17:36:59 +07)" executed successfully
2026-09-17 17:36:56,017 INFO apscheduler.executors.default: Running job "main.<locals>.run_scan (trigger: cron[second='1,6,11,16,21,26,31,36,41,46,51,56'], next run at: 2026-09-17 17:37:01 +07)" (scheduled at 2026-09-17 17:36:56+07:00)
2026-09-17 17:36:56,018 INFO apscheduler.executors.default: Job "main.<locals>.run_scan (trigger: cron[second='1,6,11,16,21,26,31,36,41,46,51,56'], next run at: 2026-09-17 17:37:01 +07)" executed successfully
2026-09-17 17:36:59,441 INFO apscheduler.executors.default: Running job "main.<locals>.run_lts_aus_fast_scan (trigger: interval[0:00:05], next run at: 2026-09-17 17:37:04 +07)" (scheduled at 2026-09-17 17:36:59.432380+07:00)
2026-09-17 17:36:59,441 INFO apscheduler.executors.default: Job "main.<locals>.run_lts_aus_fast_scan (trigger: interval[0:00:05], next run at: 2026-09-17 17:37:04 +07)" executed successfully
2026-09-17 17:36:59,442 INFO apscheduler.executors.default: Running job "main.<locals>.run_position_check (trigger: interval[0:00:05], next run at: 2026-09-17 17:37:04 +07)" (scheduled at 2026-09-17 17:36:59.433381+07:00)
2026-09-17 17:36:59,445 INFO apscheduler.executors.default: Job "main.<locals>.run_position_check (trigger: interval[0:00:05], next run at: 2026-09-17 17:37:04 +07)" executed successfully
2026-09-17 17:36:59,445 INFO apscheduler.executors.default: Running job "main.<locals>.run_trail_sl (trigger: interval[0:00:05], next run at: 2026-09-17 17:37:04 +07)" (scheduled at 2026-09-17 17:36:59.433381+07:00)
2026-09-17 17:36:59,446 INFO apscheduler.executors.default: Job "main.<locals>.run_trail_sl (trigger: interval[0:00:05], next run at: 2026-09-17 17:37:04 +07)" executed successfully
2026-09-17 17:36:59,653 INFO httpx: HTTP Request: POST https://api.telegram.org/bot8759704311:AAFifFvXYLNPJZYlq-E4p3RVCUNiR0Ny6Ic/getUpdates "HTTP/1.1 200 OK"
2026-09-17 17:37:01,025 INFO apscheduler.executors.default: Running job "main.<locals>.run_scan (trigger: cron[second='1,6,11,16,21,26,31,36,41,46,51,56'], next run at: 2026-09-17 17:37:06 +07)" (scheduled at 2026-09-17 17:37:01+07:00)
2026-09-17 17:37:01,025 INFO apscheduler.executors.default: Job "main.<locals>.run_scan (trigger: cron[second='1,6,11,16,21,26,31,36,41,46,51,56'], next run at: 2026-09-17 17:37:06 +07)" executed successfully
2026-09-17 17:37:04,434 INFO apscheduler.executors.default: Running job "main.<locals>.run_lts_aus_fast_scan (trigger: interval[0:00:05], next run at: 2026-09-17 17:37:09 +07)" (scheduled at 2026-09-17 17:37:04.432380+07:00)
2026-09-17 17:37:04,434 INFO apscheduler.executors.default: Job "main.<locals>.run_lts_aus_fast_scan (trigger: interval[0:00:05], next run at: 2026-09-17 17:37:09 +07)" executed successfully
2026-09-17 17:37:04,435 INFO apscheduler.executors.default: Running job "main.<locals>.run_position_check (trigger: interval[0:00:05], next run at: 2026-09-17 17:37:09 +07)" (scheduled at 2026-09-17 17:37:04.433381+07:00)
2026-09-17 17:37:04,436 INFO apscheduler.executors.default: Job "main.<locals>.run_position_check (trigger: interval[0:00:05], next run at: 2026-09-17 17:37:09 +07)" executed successfully
2026-09-17 17:37:04,437 INFO apscheduler.executors.default: Running job "main.<locals>.run_trail_sl (trigger: interval[0:00:05], next run at: 2026-09-17 17:37:09 +07)" (scheduled at 2026-09-17 17:37:04.433381+07:00)
2026-09-17 17:37:04,437 INFO apscheduler.executors.default: Job "main.<locals>.run_trail_sl (trigger: interval[0:00:05], next run at: 2026-09-17 17:37:09 +07)" executed successfully
2026-09-17 17:37:04,437 INFO apscheduler.executors.default: Running job "main.<locals>.save_bot_state_job (trigger: interval[0:00:15], next run at: 2026-09-17 17:37:19 +07)" (scheduled at 2026-09-17 17:37:04.434380+07:00)
2026-09-17 17:37:04,440 INFO apscheduler.executors.default: Job "main.<locals>.save_bot_state_job (trigger: interval[0:00:15], next run at: 2026-09-17 17:37:19 +07)" executed successfully
2026-09-17 17:37:05,445 INFO apscheduler.executors.default: Running job "main.<locals>.write_heartbeat_job (trigger: interval[0:00:15], next run at: 2026-09-17 17:37:20 +07)" (scheduled at 2026-09-17 17:37:05.436472+07:00)
2026-09-17 17:37:05,448 INFO apscheduler.executors.default: Job "main.<locals>.write_heartbeat_job (trigger: interval[0:00:15], next run at: 2026-09-17 17:37:20 +07)" executed successfully
2026-09-17 17:37:06,003 INFO apscheduler.executors.default: Running job "main.<locals>.run_scan (trigger: cron[second='1,6,11,16,21,26,31,36,41,46,51,56'], next run at: 2026-09-17 17:37:11 +07)" (scheduled at 2026-09-17 17:37:06+07:00)
2026-09-17 17:37:06,004 INFO apscheduler.executors.default: Job "main.<locals>.run_scan (trigger: cron[second='1,6,11,16,21,26,31,36,41,46,51,56'], next run at: 2026-09-17 17:37:11 +07)" executed successfully
2026-09-17 17:37:09,439 INFO apscheduler.executors.default: Running job "main.<locals>.run_lts_aus_fast_scan (trigger: interval[0:00:05], next run at: 2026-09-17 17:37:14 +07)" (scheduled at 2026-09-17 17:37:09.432380+07:00)
2026-09-17 17:37:09,441 INFO apscheduler.executors.default: Job "main.<locals>.run_lts_aus_fast_scan (trigger: interval[0:00:05], next run at: 2026-09-17 17:37:14 +07)" executed successfully
2026-09-17 17:37:09,442 INFO apscheduler.executors.default: Running job "main.<locals>.run_position_check (trigger: interval[0:00:05], next run at: 2026-09-17 17:37:14 +07)" (scheduled at 2026-09-17 17:37:09.433381+07:00)
2026-09-17 17:37:09,445 INFO apscheduler.executors.default: Job "main.<locals>.run_position_check (trigger: interval[0:00:05], next run at: 2026-09-17 17:37:14 +07)" executed successfully
2026-09-17 17:37:09,446 INFO apscheduler.executors.default: Running job "main.<locals>.run_trail_sl (trigger: interval[0:00:05], next run at: 2026-09-17 17:37:14 +07)" (scheduled at 2026-09-17 17:37:09.433381+07:00)
2026-09-17 17:37:09,446 INFO apscheduler.executors.default: Job "main.<locals>.run_trail_sl (trigger: interval[0:00:05], next run at: 2026-09-17 17:37:14 +07)" executed successfully
2026-09-17 17:37:09,847 INFO httpx: HTTP Request: POST https://api.telegram.org/bot8759704311:AAFifFvXYLNPJZYlq-E4p3RVCUNiR0Ny6Ic/getUpdates "HTTP/1.1 200 OK"
2026-09-17 17:37:11,016 INFO apscheduler.executors.default: Running job "main.<locals>.run_scan (trigger: cron[second='1,6,11,16,21,26,31,36,41,46,51,56'], next run at: 2026-09-17 17:37:16 +07)" (scheduled at 2026-09-17 17:37:11+07:00)
2026-09-17 17:37:11,017 INFO apscheduler.executors.default: Job "main.<locals>.run_scan (trigger: cron[second='1,6,11,16,21,26,31,36,41,46,51,56'], next run at: 2026-09-17 17:37:16 +07)" executed successfully
2026-09-17 17:37:14,448 INFO apscheduler.executors.default: Running job "main.<locals>.run_lts_aus_fast_scan (trigger: interval[0:00:05], next run at: 2026-09-17 17:37:19 +07)" (scheduled at 2026-09-17 17:37:14.432380+07:00)
2026-09-17 17:37:14,449 INFO apscheduler.executors.default: Job "main.<locals>.run_lts_aus_fast_scan (trigger: interval[0:00:05], next run at: 2026-09-17 17:37:19 +07)" executed successfully
2026-09-17 17:37:14,450 INFO apscheduler.executors.default: Running job "main.<locals>.run_position_check (trigger: interval[0:00:05], next run at: 2026-09-17 17:37:19 +07)" (scheduled at 2026-09-17 17:37:14.433381+07:00)
2026-09-17 17:37:14,454 INFO apscheduler.executors.default: Job "main.<locals>.run_position_check (trigger: interval[0:00:05], next run at: 2026-09-17 17:37:19 +07)" executed successfully
2026-09-17 17:37:14,455 INFO apscheduler.executors.default: Running job "main.<locals>.run_trail_sl (trigger: interval[0:00:05], next run at: 2026-09-17 17:37:19 +07)" (scheduled at 2026-09-17 17:37:14.433381+07:00)
2026-09-17 17:37:14,455 INFO apscheduler.executors.default: Job "main.<locals>.run_trail_sl (trigger: interval[0:00:05], next run at: 2026-09-17 17:37:19 +07)" executed successfully
2026-09-17 17:37:16,014 INFO apscheduler.executors.default: Running job "main.<locals>.run_scan (trigger: cron[second='1,6,11,16,21,26,31,36,41,46,51,56'], next run at: 2026-09-17 17:37:21 +07)" (scheduled at 2026-09-17 17:37:16+07:00)
2026-09-17 17:37:16,015 INFO apscheduler.executors.default: Job "main.<locals>.run_scan (trigger: cron[second='1,6,11,16,21,26,31,36,41,46,51,56'], next run at: 2026-09-17 17:37:21 +07)" executed successfully
2026-09-17 17:37:19,440 INFO apscheduler.executors.default: Running job "main.<locals>.run_lts_aus_fast_scan (trigger: interval[0:00:05], next run at: 2026-09-17 17:37:24 +07)" (scheduled at 2026-09-17 17:37:19.432380+07:00)
2026-09-17 17:37:19,441 INFO apscheduler.executors.default: Job "main.<locals>.run_lts_aus_fast_scan (trigger: interval[0:00:05], next run at: 2026-09-17 17:37:24 +07)" executed successfully
2026-09-17 17:37:19,441 INFO apscheduler.executors.default: Running job "main.<locals>.run_position_check (trigger: interval[0:00:05], next run at: 2026-09-17 17:37:24 +07)" (scheduled at 2026-09-17 17:37:19.433381+07:00)
2026-09-17 17:37:19,443 INFO apscheduler.executors.default: Job "main.<locals>.run_position_check (trigger: interval[0:00:05], next run at: 2026-09-17 17:37:24 +07)" executed successfully
2026-09-17 17:37:19,443 INFO apscheduler.executors.default: Running job "main.<locals>.run_trail_sl (trigger: interval[0:00:05], next run at: 2026-09-17 17:37:24 +07)" (scheduled at 2026-09-17 17:37:19.433381+07:00)
2026-09-17 17:37:19,443 INFO apscheduler.executors.default: Job "main.<locals>.run_trail_sl (trigger: interval[0:00:05], next run at: 2026-09-17 17:37:24 +07)" executed successfully
2026-09-17 17:37:19,443 INFO apscheduler.executors.default: Running job "main.<locals>.save_bot_state_job (trigger: interval[0:00:15], next run at: 2026-09-17 17:37:34 +07)" (scheduled at 2026-09-17 17:37:19.434380+07:00)
2026-09-17 17:37:19,444 INFO apscheduler.executors.default: Job "main.<locals>.save_bot_state_job (trigger: interval[0:00:15], next run at: 2026-09-17 17:37:34 +07)" executed successfully
2026-09-17 17:37:20,043 INFO httpx: HTTP Request: POST https://api.telegram.org/bot8759704311:AAFifFvXYLNPJZYlq-E4p3RVCUNiR0Ny6Ic/getUpdates "HTTP/1.1 200 OK"
2026-09-17 17:37:20,461 INFO apscheduler.executors.default: Running job "main.<locals>.write_heartbeat_job (trigger: interval[0:00:15], next run at: 2026-09-17 17:37:35 +07)" (scheduled at 2026-09-17 17:37:20.436472+07:00)
2026-09-17 17:37:20,463 INFO apscheduler.executors.default: Job "main.<locals>.write_heartbeat_job (trigger: interval[0:00:15], next run at: 2026-09-17 17:37:35 +07)" executed successfully
2026-09-17 17:37:21,016 INFO apscheduler.executors.default: Running job "main.<locals>.run_scan (trigger: cron[second='1,6,11,16,21,26,31,36,41,46,51,56'], next run at: 2026-09-17 17:37:26 +07)" (scheduled at 2026-09-17 17:37:21+07:00)
2026-09-17 17:37:21,017 INFO apscheduler.executors.default: Job "main.<locals>.run_scan (trigger: cron[second='1,6,11,16,21,26,31,36,41,46,51,56'], next run at: 2026-09-17 17:37:26 +07)" executed successfully
2026-09-17 17:37:24,443 INFO apscheduler.executors.default: Running job "main.<locals>.run_lts_aus_fast_scan (trigger: interval[0:00:05], next run at: 2026-09-17 17:37:29 +07)" (scheduled at 2026-09-17 17:37:24.432380+07:00)
2026-09-17 17:37:24,445 INFO apscheduler.executors.default: Job "main.<locals>.run_lts_aus_fast_scan (trigger: interval[0:00:05], next run at: 2026-09-17 17:37:29 +07)" executed successfully
2026-09-17 17:37:24,445 INFO apscheduler.executors.default: Running job "main.<locals>.run_position_check (trigger: interval[0:00:05], next run at: 2026-09-17 17:37:29 +07)" (scheduled at 2026-09-17 17:37:24.433381+07:00)
2026-09-17 17:37:24,447 INFO apscheduler.executors.default: Job "main.<locals>.run_position_check (trigger: interval[0:00:05], next run at: 2026-09-17 17:37:29 +07)" executed successfully
2026-09-17 17:37:24,447 INFO apscheduler.executors.default: Running job "main.<locals>.run_trail_sl (trigger: interval[0:00:05], next run at: 2026-09-17 17:37:29 +07)" (scheduled at 2026-09-17 17:37:24.433381+07:00)
2026-09-17 17:37:24,447 INFO apscheduler.executors.default: Job "main.<locals>.run_trail_sl (trigger: interval[0:00:05], next run at: 2026-09-17 17:37:29 +07)" executed successfully
2026-09-17 17:37:26,010 INFO apscheduler.executors.default: Running job "main.<locals>.run_scan (trigger: cron[second='1,6,11,16,21,26,31,36,41,46,51,56'], next run at: 2026-09-17 17:37:31 +07)" (scheduled at 2026-09-17 17:37:26+07:00)
2026-09-17 17:37:26,011 INFO apscheduler.executors.default: Job "main.<locals>.run_scan (trigger: cron[second='1,6,11,16,21,26,31,36,41,46,51,56'], next run at: 2026-09-17 17:37:31 +07)" executed successfully
2026-09-17 17:37:29,444 INFO apscheduler.executors.default: Running job "main.<locals>.run_lts_aus_fast_scan (trigger: interval[0:00:05], next run at: 2026-09-17 17:37:34 +07)" (scheduled at 2026-09-17 17:37:29.432380+07:00)
2026-09-17 17:37:29,444 INFO apscheduler.executors.default: Job "main.<locals>.run_lts_aus_fast_scan (trigger: interval[0:00:05], next run at: 2026-09-17 17:37:34 +07)" executed successfully
2026-09-17 17:37:29,444 INFO apscheduler.executors.default: Running job "main.<locals>.run_position_check (trigger: interval[0:00:05], next run at: 2026-09-17 17:37:34 +07)" (scheduled at 2026-09-17 17:37:29.433381+07:00)
2026-09-17 17:37:29,447 INFO apscheduler.executors.default: Job "main.<locals>.run_position_check (trigger: interval[0:00:05], next run at: 2026-09-17 17:37:34 +07)" executed successfully
2026-09-17 17:37:29,447 INFO apscheduler.executors.default: Running job "main.<locals>.run_trail_sl (trigger: interval[0:00:05], next run at: 2026-09-17 17:37:34 +07)" (scheduled at 2026-09-17 17:37:29.433381+07:00)
2026-09-17 17:37:29,447 INFO apscheduler.executors.default: Job "main.<locals>.run_trail_sl (trigger: interval[0:00:05], next run at: 2026-09-17 17:37:34 +07)" executed successfully
2026-09-17 17:37:30,248 INFO httpx: HTTP Request: POST https://api.telegram.org/bot8759704311:AAFifFvXYLNPJZYlq-E4p3RVCUNiR0Ny6Ic/getUpdates "HTTP/1.1 200 OK"
2026-09-17 17:37:31,023 INFO apscheduler.executors.default: Running job "main.<locals>.run_scan (trigger: cron[second='1,6,11,16,21,26,31,36,41,46,51,56'], next run at: 2026-09-17 17:37:36 +07)" (scheduled at 2026-09-17 17:37:31+07:00)
2026-09-17 17:37:31,023 INFO apscheduler.executors.default: Job "main.<locals>.run_scan (trigger: cron[second='1,6,11,16,21,26,31,36,41,46,51,56'], next run at: 2026-09-17 17:37:36 +07)" executed successfully
2026-09-17 17:37:34,438 INFO apscheduler.executors.default: Running job "main.<locals>.run_lts_aus_fast_scan (trigger: interval[0:00:05], next run at: 2026-09-17 17:37:39 +07)" (scheduled at 2026-09-17 17:37:34.432380+07:00)
2026-09-17 17:37:34,438 INFO apscheduler.executors.default: Job "main.<locals>.run_lts_aus_fast_scan (trigger: interval[0:00:05], next run at: 2026-09-17 17:37:39 +07)" executed successfully
2026-09-17 17:37:34,439 INFO apscheduler.executors.default: Running job "main.<locals>.run_position_check (trigger: interval[0:00:05], next run at: 2026-09-17 17:37:39 +07)" (scheduled at 2026-09-17 17:37:34.433381+07:00)
2026-09-17 17:37:34,442 INFO apscheduler.executors.default: Job "main.<locals>.run_position_check (trigger: interval[0:00:05], next run at: 2026-09-17 17:37:39 +07)" executed successfully
2026-09-17 17:37:34,442 INFO apscheduler.executors.default: Running job "main.<locals>.run_trail_sl (trigger: interval[0:00:05], next run at: 2026-09-17 17:37:39 +07)" (scheduled at 2026-09-17 17:37:34.433381+07:00)
2026-09-17 17:37:34,442 INFO apscheduler.executors.default: Job "main.<locals>.run_trail_sl (trigger: interval[0:00:05], next run at: 2026-09-17 17:37:39 +07)" executed successfully
2026-09-17 17:37:34,443 INFO apscheduler.executors.default: Running job "main.<locals>.save_bot_state_job (trigger: interval[0:00:15], next run at: 2026-09-17 17:37:49 +07)" (scheduled at 2026-09-17 17:37:34.434380+07:00)
2026-09-17 17:37:34,445 INFO apscheduler.executors.default: Job "main.<locals>.save_bot_state_job (trigger: interval[0:00:15], next run at: 2026-09-17 17:37:49 +07)" executed successfully
2026-09-17 17:37:35,450 INFO apscheduler.executors.default: Running job "main.<locals>.write_heartbeat_job (trigger: interval[0:00:15], next run at: 2026-09-17 17:37:50 +07)" (scheduled at 2026-09-17 17:37:35.436472+07:00)
2026-09-17 17:37:35,453 INFO apscheduler.executors.default: Job "main.<locals>.write_heartbeat_job (trigger: interval[0:00:15], next run at: 2026-09-17 17:37:50 +07)" executed successfully
2026-09-17 17:37:36,007 INFO apscheduler.executors.default: Running job "main.<locals>.run_scan (trigger: cron[second='1,6,11,16,21,26,31,36,41,46,51,56'], next run at: 2026-09-17 17:37:41 +07)" (scheduled at 2026-09-17 17:37:36+07:00)
2026-09-17 17:37:36,007 INFO apscheduler.executors.default: Job "main.<locals>.run_scan (trigger: cron[second='1,6,11,16,21,26,31,36,41,46,51,56'], next run at: 2026-09-17 17:37:41 +07)" executed successfully
2026-09-17 17:37:39,447 INFO apscheduler.executors.default: Running job "main.<locals>.run_lts_aus_fast_scan (trigger: interval[0:00:05], next run at: 2026-09-17 17:37:44 +07)" (scheduled at 2026-09-17 17:37:39.432380+07:00)
2026-09-17 17:37:39,449 INFO apscheduler.executors.default: Job "main.<locals>.run_lts_aus_fast_scan (trigger: interval[0:00:05], next run at: 2026-09-17 17:37:44 +07)" executed successfully
2026-09-17 17:37:39,449 INFO apscheduler.executors.default: Running job "main.<locals>.run_position_check (trigger: interval[0:00:05], next run at: 2026-09-17 17:37:44 +07)" (scheduled at 2026-09-17 17:37:39.433381+07:00)
2026-09-17 17:37:39,451 INFO apscheduler.executors.default: Job "main.<locals>.run_position_check (trigger: interval[0:00:05], next run at: 2026-09-17 17:37:44 +07)" executed successfully
2026-09-17 17:37:39,451 INFO apscheduler.executors.default: Running job "main.<locals>.run_trail_sl (trigger: interval[0:00:05], next run at: 2026-09-17 17:37:44 +07)" (scheduled at 2026-09-17 17:37:39.433381+07:00)
2026-09-17 17:37:39,451 INFO apscheduler.executors.default: Job "main.<locals>.run_trail_sl (trigger: interval[0:00:05], next run at: 2026-09-17 17:37:44 +07)" executed successfully
2026-09-17 17:37:40,443 INFO httpx: HTTP Request: POST https://api.telegram.org/bot8759704311:AAFifFvXYLNPJZYlq-E4p3RVCUNiR0Ny6Ic/getUpdates "HTTP/1.1 200 OK"
2026-09-17 17:37:41,015 INFO apscheduler.executors.default: Running job "main.<locals>.run_scan (trigger: cron[second='1,6,11,16,21,26,31,36,41,46,51,56'], next run at: 2026-09-17 17:37:46 +07)" (scheduled at 2026-09-17 17:37:41+07:00)
2026-09-17 17:37:41,016 INFO apscheduler.executors.default: Job "main.<locals>.run_scan (trigger: cron[second='1,6,11,16,21,26,31,36,41,46,51,56'], next run at: 2026-09-17 17:37:46 +07)" executed successfully
2026-09-17 17:37:44,442 INFO apscheduler.executors.default: Running job "main.<locals>.run_lts_aus_fast_scan (trigger: interval[0:00:05], next run at: 2026-09-17 17:37:49 +07)" (scheduled at 2026-09-17 17:37:44.432380+07:00)
2026-09-17 17:37:44,442 INFO apscheduler.executors.default: Job "main.<locals>.run_lts_aus_fast_scan (trigger: interval[0:00:05], next run at: 2026-09-17 17:37:49 +07)" executed successfully
2026-09-17 17:37:44,442 INFO apscheduler.executors.default: Running job "main.<locals>.run_position_check (trigger: interval[0:00:05], next run at: 2026-09-17 17:37:49 +07)" (scheduled at 2026-09-17 17:37:44.433381+07:00)
2026-09-17 17:37:44,444 INFO apscheduler.executors.default: Job "main.<locals>.run_position_check (trigger: interval[0:00:05], next run at: 2026-09-17 17:37:49 +07)" executed successfully
2026-09-17 17:37:44,445 INFO apscheduler.executors.default: Running job "main.<locals>.run_trail_sl (trigger: interval[0:00:05], next run at: 2026-09-17 17:37:49 +07)" (scheduled at 2026-09-17 17:37:44.433381+07:00)
2026-09-17 17:37:44,445 INFO apscheduler.executors.default: Job "main.<locals>.run_trail_sl (trigger: interval[0:00:05], next run at: 2026-09-17 17:37:49 +07)" executed successfully
2026-09-17 17:37:46,008 INFO apscheduler.executors.default: Running job "main.<locals>.run_scan (trigger: cron[second='1,6,11,16,21,26,31,36,41,46,51,56'], next run at: 2026-09-17 17:37:51 +07)" (scheduled at 2026-09-17 17:37:46+07:00)
2026-09-17 17:37:46,009 INFO apscheduler.executors.default: Job "main.<locals>.run_scan (trigger: cron[second='1,6,11,16,21,26,31,36,41,46,51,56'], next run at: 2026-09-17 17:37:51 +07)" executed successfully
2026-09-17 17:37:49,443 INFO apscheduler.executors.default: Running job "main.<locals>.check_symbol_switch (trigger: interval[0:01:00], next run at: 2026-09-17 17:38:49 +07)" (scheduled at 2026-09-17 17:37:49.430373+07:00)
2026-09-17 17:37:49,447 INFO apscheduler.executors.default: Job "main.<locals>.check_symbol_switch (trigger: interval[0:01:00], next run at: 2026-09-17 17:38:49 +07)" executed successfully
2026-09-17 17:37:49,447 INFO apscheduler.executors.default: Running job "main.<locals>.run_lts_aus_fast_scan (trigger: interval[0:00:05], next run at: 2026-09-17 17:37:54 +07)" (scheduled at 2026-09-17 17:37:49.432380+07:00)
2026-09-17 17:37:49,447 INFO apscheduler.executors.default: Job "main.<locals>.run_lts_aus_fast_scan (trigger: interval[0:00:05], next run at: 2026-09-17 17:37:54 +07)" executed successfully
2026-09-17 17:37:49,447 INFO apscheduler.executors.default: Running job "main.<locals>.run_position_check (trigger: interval[0:00:05], next run at: 2026-09-17 17:37:54 +07)" (scheduled at 2026-09-17 17:37:49.433381+07:00)
2026-09-17 17:37:49,449 INFO apscheduler.executors.default: Job "main.<locals>.run_position_check (trigger: interval[0:00:05], next run at: 2026-09-17 17:37:54 +07)" executed successfully
2026-09-17 17:37:49,450 INFO apscheduler.executors.default: Running job "main.<locals>.run_trail_sl (trigger: interval[0:00:05], next run at: 2026-09-17 17:37:54 +07)" (scheduled at 2026-09-17 17:37:49.433381+07:00)
2026-09-17 17:37:49,450 INFO apscheduler.executors.default: Job "main.<locals>.run_trail_sl (trigger: interval[0:00:05], next run at: 2026-09-17 17:37:54 +07)" executed successfully
2026-09-17 17:37:49,450 INFO apscheduler.executors.default: Running job "main.<locals>.save_bot_state_job (trigger: interval[0:00:15], next run at: 2026-09-17 17:38:04 +07)" (scheduled at 2026-09-17 17:37:49.434380+07:00)
2026-09-17 17:37:49,452 INFO apscheduler.executors.default: Job "main.<locals>.save_bot_state_job (trigger: interval[0:00:15], next run at: 2026-09-17 17:38:04 +07)" executed successfully
2026-09-17 17:37:49,453 INFO apscheduler.executors.default: Running job "main.<locals>.run_watchdog (trigger: interval[0:01:00], next run at: 2026-09-17 17:38:49 +07)" (scheduled at 2026-09-17 17:37:49.435380+07:00)
2026-09-17 17:37:49,456 INFO apscheduler.executors.default: Job "main.<locals>.run_watchdog (trigger: interval[0:01:00], next run at: 2026-09-17 17:38:49 +07)" executed successfully
2026-09-17 17:37:50,437 INFO apscheduler.executors.default: Running job "main.<locals>.write_heartbeat_job (trigger: interval[0:00:15], next run at: 2026-09-17 17:38:05 +07)" (scheduled at 2026-09-17 17:37:50.436472+07:00)
2026-09-17 17:37:50,440 INFO apscheduler.executors.default: Job "main.<locals>.write_heartbeat_job (trigger: interval[0:00:15], next run at: 2026-09-17 17:38:05 +07)" executed successfully
2026-09-17 17:37:50,642 INFO httpx: HTTP Request: POST https://api.telegram.org/bot8759704311:AAFifFvXYLNPJZYlq-E4p3RVCUNiR0Ny6Ic/getUpdates "HTTP/1.1 200 OK"
2026-09-17 17:37:51,011 INFO apscheduler.executors.default: Running job "main.<locals>.run_scan (trigger: cron[second='1,6,11,16,21,26,31,36,41,46,51,56'], next run at: 2026-09-17 17:37:56 +07)" (scheduled at 2026-09-17 17:37:51+07:00)
2026-09-17 17:37:51,013 INFO apscheduler.executors.default: Job "main.<locals>.run_scan (trigger: cron[second='1,6,11,16,21,26,31,36,41,46,51,56'], next run at: 2026-09-17 17:37:56 +07)" executed successfully
2026-09-17 17:37:54,442 INFO apscheduler.executors.default: Running job "main.<locals>.run_lts_aus_fast_scan (trigger: interval[0:00:05], next run at: 2026-09-17 17:37:59 +07)" (scheduled at 2026-09-17 17:37:54.432380+07:00)
2026-09-17 17:37:54,443 INFO apscheduler.executors.default: Job "main.<locals>.run_lts_aus_fast_scan (trigger: interval[0:00:05], next run at: 2026-09-17 17:37:59 +07)" executed successfully
2026-09-17 17:37:54,444 INFO apscheduler.executors.default: Running job "main.<locals>.run_position_check (trigger: interval[0:00:05], next run at: 2026-09-17 17:37:59 +07)" (scheduled at 2026-09-17 17:37:54.433381+07:00)
2026-09-17 17:37:54,446 INFO apscheduler.executors.default: Job "main.<locals>.run_position_check (trigger: interval[0:00:05], next run at: 2026-09-17 17:37:59 +07)" executed successfully
2026-09-17 17:37:54,446 INFO apscheduler.executors.default: Running job "main.<locals>.run_trail_sl (trigger: interval[0:00:05], next run at: 2026-09-17 17:37:59 +07)" (scheduled at 2026-09-17 17:37:54.433381+07:00)
2026-09-17 17:37:54,447 INFO apscheduler.executors.default: Job "main.<locals>.run_trail_sl (trigger: interval[0:00:05], next run at: 2026-09-17 17:37:59 +07)" executed successfully
2026-09-17 17:37:56,013 INFO apscheduler.executors.default: Running job "main.<locals>.run_scan (trigger: cron[second='1,6,11,16,21,26,31,36,41,46,51,56'], next run at: 2026-09-17 17:38:01 +07)" (scheduled at 2026-09-17 17:37:56+07:00)
2026-09-17 17:37:56,013 INFO apscheduler.executors.default: Job "main.<locals>.run_scan (trigger: cron[second='1,6,11,16,21,26,31,36,41,46,51,56'], next run at: 2026-09-17 17:38:01 +07)" executed successfully
2026-09-17 17:37:59,438 INFO apscheduler.executors.default: Running job "main.<locals>.run_lts_aus_fast_scan (trigger: interval[0:00:05], next run at: 2026-09-17 17:38:04 +07)" (scheduled at 2026-09-17 17:37:59.432380+07:00)
2026-09-17 17:37:59,439 INFO apscheduler.executors.default: Job "main.<locals>.run_lts_aus_fast_scan (trigger: interval[0:00:05], next run at: 2026-09-17 17:38:04 +07)" executed successfully
2026-09-17 17:37:59,439 INFO apscheduler.executors.default: Running job "main.<locals>.run_position_check (trigger: interval[0:00:05], next run at: 2026-09-17 17:38:04 +07)" (scheduled at 2026-09-17 17:37:59.433381+07:00)
2026-09-17 17:37:59,442 INFO apscheduler.executors.default: Job "main.<locals>.run_position_check (trigger: interval[0:00:05], next run at: 2026-09-17 17:38:04 +07)" executed successfully
2026-09-17 17:37:59,443 INFO apscheduler.executors.default: Running job "main.<locals>.run_trail_sl (trigger: interval[0:00:05], next run at: 2026-09-17 17:38:04 +07)" (scheduled at 2026-09-17 17:37:59.433381+07:00)
2026-09-17 17:37:59,443 INFO apscheduler.executors.default: Job "main.<locals>.run_trail_sl (trigger: interval[0:00:05], next run at: 2026-09-17 17:38:04 +07)" executed successfully
2026-09-17 17:38:00,845 INFO httpx: HTTP Request: POST https://api.telegram.org/bot8759704311:AAFifFvXYLNPJZYlq-E4p3RVCUNiR0Ny6Ic/getUpdates "HTTP/1.1 200 OK"
2026-09-17 17:38:01,007 INFO apscheduler.executors.default: Running job "main.<locals>.run_scan (trigger: cron[second='1,6,11,16,21,26,31,36,41,46,51,56'], next run at: 2026-09-17 17:38:06 +07)" (scheduled at 2026-09-17 17:38:01+07:00)
2026-09-17 17:38:01,008 INFO apscheduler.executors.default: Job "main.<locals>.run_scan (trigger: cron[second='1,6,11,16,21,26,31,36,41,46,51,56'], next run at: 2026-09-17 17:38:06 +07)" executed successfully
2026-09-17 17:38:04,438 INFO apscheduler.executors.default: Running job "main.<locals>.run_lts_aus_fast_scan (trigger: interval[0:00:05], next run at: 2026-09-17 17:38:09 +07)" (scheduled at 2026-09-17 17:38:04.432380+07:00)
2026-09-17 17:38:04,439 INFO apscheduler.executors.default: Job "main.<locals>.run_lts_aus_fast_scan (trigger: interval[0:00:05], next run at: 2026-09-17 17:38:09 +07)" executed successfully
2026-09-17 17:38:04,439 INFO apscheduler.executors.default: Running job "main.<locals>.run_position_check (trigger: interval[0:00:05], next run at: 2026-09-17 17:38:09 +07)" (scheduled at 2026-09-17 17:38:04.433381+07:00)
2026-09-17 17:38:04,442 INFO apscheduler.executors.default: Job "main.<locals>.run_position_check (trigger: interval[0:00:05], next run at: 2026-09-17 17:38:09 +07)" executed successfully
2026-09-17 17:38:04,442 INFO apscheduler.executors.default: Running job "main.<locals>.run_trail_sl (trigger: interval[0:00:05], next run at: 2026-09-17 17:38:09 +07)" (scheduled at 2026-09-17 17:38:04.433381+07:00)
2026-09-17 17:38:04,442 INFO apscheduler.executors.default: Job "main.<locals>.run_trail_sl (trigger: interval[0:00:05], next run at: 2026-09-17 17:38:09 +07)" executed successfully
2026-09-17 17:38:04,443 INFO apscheduler.executors.default: Running job "main.<locals>.save_bot_state_job (trigger: interval[0:00:15], next run at: 2026-09-17 17:38:19 +07)" (scheduled at 2026-09-17 17:38:04.434380+07:00)
2026-09-17 17:38:04,444 INFO apscheduler.executors.default: Job "main.<locals>.save_bot_state_job (trigger: interval[0:00:15], next run at: 2026-09-17 17:38:19 +07)" executed successfully
2026-09-17 17:38:05,447 INFO apscheduler.executors.default: Running job "main.<locals>.write_heartbeat_job (trigger: interval[0:00:15], next run at: 2026-09-17 17:38:20 +07)" (scheduled at 2026-09-17 17:38:05.436472+07:00)
2026-09-17 17:38:05,449 INFO apscheduler.executors.default: Job "main.<locals>.write_heartbeat_job (trigger: interval[0:00:15], next run at: 2026-09-17 17:38:20 +07)" executed successfully
2026-09-17 17:38:06,007 INFO apscheduler.executors.default: Running job "main.<locals>.run_scan (trigger: cron[second='1,6,11,16,21,26,31,36,41,46,51,56'], next run at: 2026-09-17 17:38:11 +07)" (scheduled at 2026-09-17 17:38:06+07:00)
2026-09-17 17:38:06,007 INFO apscheduler.executors.default: Job "main.<locals>.run_scan (trigger: cron[second='1,6,11,16,21,26,31,36,41,46,51,56'], next run at: 2026-09-17 17:38:11 +07)" executed successfully
2026-09-17 17:38:09,439 INFO apscheduler.executors.default: Running job "main.<locals>.run_lts_aus_fast_scan (trigger: interval[0:00:05], next run at: 2026-09-17 17:38:14 +07)" (scheduled at 2026-09-17 17:38:09.432380+07:00)
2026-09-17 17:38:09,439 INFO apscheduler.executors.default: Job "main.<locals>.run_lts_aus_fast_scan (trigger: interval[0:00:05], next run at: 2026-09-17 17:38:14 +07)" executed successfully
2026-09-17 17:38:09,440 INFO apscheduler.executors.default: Running job "main.<locals>.run_position_check (trigger: interval[0:00:05], next run at: 2026-09-17 17:38:14 +07)" (scheduled at 2026-09-17 17:38:09.433381+07:00)
2026-09-17 17:38:09,445 INFO apscheduler.executors.default: Job "main.<locals>.run_position_check (trigger: interval[0:00:05], next run at: 2026-09-17 17:38:14 +07)" executed successfully
2026-09-17 17:38:09,446 INFO apscheduler.executors.default: Running job "main.<locals>.run_trail_sl (trigger: interval[0:00:05], next run at: 2026-09-17 17:38:14 +07)" (scheduled at 2026-09-17 17:38:09.433381+07:00)
2026-09-17 17:38:09,446 INFO apscheduler.executors.default: Job "main.<locals>.run_trail_sl (trigger: interval[0:00:05], next run at: 2026-09-17 17:38:14 +07)" executed successfully
2026-09-17 17:38:11,014 INFO apscheduler.executors.default: Running job "main.<locals>.run_scan (trigger: cron[second='1,6,11,16,21,26,31,36,41,46,51,56'], next run at: 2026-09-17 17:38:16 +07)" (scheduled at 2026-09-17 17:38:11+07:00)
2026-09-17 17:38:11,014 INFO apscheduler.executors.default: Job "main.<locals>.run_scan (trigger: cron[second='1,6,11,16,21,26,31,36,41,46,51,56'], next run at: 2026-09-17 17:38:16 +07)" executed successfully
2026-09-17 17:38:11,095 INFO httpx: HTTP Request: POST https://api.telegram.org/bot8759704311:AAFifFvXYLNPJZYlq-E4p3RVCUNiR0Ny6Ic/getUpdates "HTTP/1.1 200 OK"
2026-09-17 17:38:14,445 INFO apscheduler.executors.default: Running job "main.<locals>.run_lts_aus_fast_scan (trigger: interval[0:00:05], next run at: 2026-09-17 17:38:19 +07)" (scheduled at 2026-09-17 17:38:14.432380+07:00)
2026-09-17 17:38:14,446 INFO apscheduler.executors.default: Job "main.<locals>.run_lts_aus_fast_scan (trigger: interval[0:00:05], next run at: 2026-09-17 17:38:19 +07)" executed successfully
2026-09-17 17:38:14,446 INFO apscheduler.executors.default: Running job "main.<locals>.run_position_check (trigger: interval[0:00:05], next run at: 2026-09-17 17:38:19 +07)" (scheduled at 2026-09-17 17:38:14.433381+07:00)
2026-09-17 17:38:14,449 INFO apscheduler.executors.default: Job "main.<locals>.run_position_check (trigger: interval[0:00:05], next run at: 2026-09-17 17:38:19 +07)" executed successfully
2026-09-17 17:38:14,449 INFO apscheduler.executors.default: Running job "main.<locals>.run_trail_sl (trigger: interval[0:00:05], next run at: 2026-09-17 17:38:19 +07)" (scheduled at 2026-09-17 17:38:14.433381+07:00)
2026-09-17 17:38:14,449 INFO apscheduler.executors.default: Job "main.<locals>.run_trail_sl (trigger: interval[0:00:05], next run at: 2026-09-17 17:38:19 +07)" executed successfully
2026-09-17 17:38:16,007 INFO apscheduler.executors.default: Running job "main.<locals>.run_scan (trigger: cron[second='1,6,11,16,21,26,31,36,41,46,51,56'], next run at: 2026-09-17 17:38:21 +07)" (scheduled at 2026-09-17 17:38:16+07:00)
2026-09-17 17:38:16,008 INFO apscheduler.executors.default: Job "main.<locals>.run_scan (trigger: cron[second='1,6,11,16,21,26,31,36,41,46,51,56'], next run at: 2026-09-17 17:38:21 +07)" executed successfully
2026-09-17 17:38:19,450 INFO apscheduler.executors.default: Running job "main.<locals>.run_lts_aus_fast_scan (trigger: interval[0:00:05], next run at: 2026-09-17 17:38:24 +07)" (scheduled at 2026-09-17 17:38:19.432380+07:00)
2026-09-17 17:38:19,450 INFO apscheduler.executors.default: Job "main.<locals>.run_lts_aus_fast_scan (trigger: interval[0:00:05], next run at: 2026-09-17 17:38:24 +07)" executed successfully
2026-09-17 17:38:19,450 INFO apscheduler.executors.default: Running job "main.<locals>.run_position_check (trigger: interval[0:00:05], next run at: 2026-09-17 17:38:24 +07)" (scheduled at 2026-09-17 17:38:19.433381+07:00)
2026-09-17 17:38:19,453 INFO apscheduler.executors.default: Job "main.<locals>.run_position_check (trigger: interval[0:00:05], next run at: 2026-09-17 17:38:24 +07)" executed successfully
2026-09-17 17:38:19,453 INFO apscheduler.executors.default: Running job "main.<locals>.run_trail_sl (trigger: interval[0:00:05], next run at: 2026-09-17 17:38:24 +07)" (scheduled at 2026-09-17 17:38:19.433381+07:00)
2026-09-17 17:38:19,453 INFO apscheduler.executors.default: Job "main.<locals>.run_trail_sl (trigger: interval[0:00:05], next run at: 2026-09-17 17:38:24 +07)" executed successfully
2026-09-17 17:38:19,453 INFO apscheduler.executors.default: Running job "main.<locals>.save_bot_state_job (trigger: interval[0:00:15], next run at: 2026-09-17 17:38:34 +07)" (scheduled at 2026-09-17 17:38:19.434380+07:00)
2026-09-17 17:38:19,455 INFO apscheduler.executors.default: Job "main.<locals>.save_bot_state_job (trigger: interval[0:00:15], next run at: 2026-09-17 17:38:34 +07)" executed successfully
2026-09-17 17:38:20,447 INFO apscheduler.executors.default: Running job "main.<locals>.write_heartbeat_job (trigger: interval[0:00:15], next run at: 2026-09-17 17:38:35 +07)" (scheduled at 2026-09-17 17:38:20.436472+07:00)
2026-09-17 17:38:20,449 INFO apscheduler.executors.default: Job "main.<locals>.write_heartbeat_job (trigger: interval[0:00:15], next run at: 2026-09-17 17:38:35 +07)" executed successfully
2026-09-17 17:38:21,006 INFO apscheduler.executors.default: Running job "main.<locals>.run_scan (trigger: cron[second='1,6,11,16,21,26,31,36,41,46,51,56'], next run at: 2026-09-17 17:38:26 +07)" (scheduled at 2026-09-17 17:38:21+07:00)
2026-09-17 17:38:21,006 INFO apscheduler.executors.default: Job "main.<locals>.run_scan (trigger: cron[second='1,6,11,16,21,26,31,36,41,46,51,56'], next run at: 2026-09-17 17:38:26 +07)" executed successfully
2026-09-17 17:38:21,290 INFO httpx: HTTP Request: POST https://api.telegram.org/bot8759704311:AAFifFvXYLNPJZYlq-E4p3RVCUNiR0Ny6Ic/getUpdates "HTTP/1.1 200 OK"
2026-09-17 17:38:24,439 INFO apscheduler.executors.default: Running job "main.<locals>.run_lts_aus_fast_scan (trigger: interval[0:00:05], next run at: 2026-09-17 17:38:29 +07)" (scheduled at 2026-09-17 17:38:24.432380+07:00)
2026-09-17 17:38:24,441 INFO apscheduler.executors.default: Job "main.<locals>.run_lts_aus_fast_scan (trigger: interval[0:00:05], next run at: 2026-09-17 17:38:29 +07)" executed successfully
2026-09-17 17:38:24,441 INFO apscheduler.executors.default: Running job "main.<locals>.run_position_check (trigger: interval[0:00:05], next run at: 2026-09-17 17:38:29 +07)" (scheduled at 2026-09-17 17:38:24.433381+07:00)
2026-09-17 17:38:24,443 INFO apscheduler.executors.default: Job "main.<locals>.run_position_check (trigger: interval[0:00:05], next run at: 2026-09-17 17:38:29 +07)" executed successfully
2026-09-17 17:38:24,443 INFO apscheduler.executors.default: Running job "main.<locals>.run_trail_sl (trigger: interval[0:00:05], next run at: 2026-09-17 17:38:29 +07)" (scheduled at 2026-09-17 17:38:24.433381+07:00)
2026-09-17 17:38:24,444 INFO apscheduler.executors.default: Job "main.<locals>.run_trail_sl (trigger: interval[0:00:05], next run at: 2026-09-17 17:38:29 +07)" executed successfully
2026-09-17 17:38:26,021 INFO apscheduler.executors.default: Running job "main.<locals>.run_scan (trigger: cron[second='1,6,11,16,21,26,31,36,41,46,51,56'], next run at: 2026-09-17 17:38:31 +07)" (scheduled at 2026-09-17 17:38:26+07:00)
2026-09-17 17:38:26,021 INFO apscheduler.executors.default: Job "main.<locals>.run_scan (trigger: cron[second='1,6,11,16,21,26,31,36,41,46,51,56'], next run at: 2026-09-17 17:38:31 +07)" executed successfully
2026-09-17 17:38:29,436 INFO apscheduler.executors.default: Running job "main.<locals>.run_lts_aus_fast_scan (trigger: interval[0:00:05], next run at: 2026-09-17 17:38:34 +07)" (scheduled at 2026-09-17 17:38:29.432380+07:00)
2026-09-17 17:38:29,436 INFO apscheduler.executors.default: Job "main.<locals>.run_lts_aus_fast_scan (trigger: interval[0:00:05], next run at: 2026-09-17 17:38:34 +07)" executed successfully
2026-09-17 17:38:29,437 INFO apscheduler.executors.default: Running job "main.<locals>.run_position_check (trigger: interval[0:00:05], next run at: 2026-09-17 17:38:34 +07)" (scheduled at 2026-09-17 17:38:29.433381+07:00)
2026-09-17 17:38:29,440 INFO apscheduler.executors.default: Job "main.<locals>.run_position_check (trigger: interval[0:00:05], next run at: 2026-09-17 17:38:34 +07)" executed successfully
2026-09-17 17:38:29,440 INFO apscheduler.executors.default: Running job "main.<locals>.run_trail_sl (trigger: interval[0:00:05], next run at: 2026-09-17 17:38:34 +07)" (scheduled at 2026-09-17 17:38:29.433381+07:00)
2026-09-17 17:38:29,440 INFO apscheduler.executors.default: Job "main.<locals>.run_trail_sl (trigger: interval[0:00:05], next run at: 2026-09-17 17:38:34 +07)" executed successfully
2026-09-17 17:38:31,015 INFO apscheduler.executors.default: Running job "main.<locals>.run_scan (trigger: cron[second='1,6,11,16,21,26,31,36,41,46,51,56'], next run at: 2026-09-17 17:38:36 +07)" (scheduled at 2026-09-17 17:38:31+07:00)
2026-09-17 17:38:31,016 INFO apscheduler.executors.default: Job "main.<locals>.run_scan (trigger: cron[second='1,6,11,16,21,26,31,36,41,46,51,56'], next run at: 2026-09-17 17:38:36 +07)" executed successfully
2026-09-17 17:38:31,487 INFO httpx: HTTP Request: POST https://api.telegram.org/bot8759704311:AAFifFvXYLNPJZYlq-E4p3RVCUNiR0Ny6Ic/getUpdates "HTTP/1.1 200 OK"
2026-09-17 17:38:34,433 INFO apscheduler.executors.default: Running job "main.<locals>.run_lts_aus_fast_scan (trigger: interval[0:00:05], next run at: 2026-09-17 17:38:39 +07)" (scheduled at 2026-09-17 17:38:34.432380+07:00)
2026-09-17 17:38:34,434 INFO apscheduler.executors.default: Job "main.<locals>.run_lts_aus_fast_scan (trigger: interval[0:00:05], next run at: 2026-09-17 17:38:39 +07)" executed successfully
2026-09-17 17:38:34,434 INFO apscheduler.executors.default: Running job "main.<locals>.run_position_check (trigger: interval[0:00:05], next run at: 2026-09-17 17:38:39 +07)" (scheduled at 2026-09-17 17:38:34.433381+07:00)
2026-09-17 17:38:34,439 INFO apscheduler.executors.default: Job "main.<locals>.run_position_check (trigger: interval[0:00:05], next run at: 2026-09-17 17:38:39 +07)" executed successfully
2026-09-17 17:38:34,439 INFO apscheduler.executors.default: Running job "main.<locals>.run_trail_sl (trigger: interval[0:00:05], next run at: 2026-09-17 17:38:39 +07)" (scheduled at 2026-09-17 17:38:34.433381+07:00)
2026-09-17 17:38:34,440 INFO apscheduler.executors.default: Job "main.<locals>.run_trail_sl (trigger: interval[0:00:05], next run at: 2026-09-17 17:38:39 +07)" executed successfully
2026-09-17 17:38:34,440 INFO apscheduler.executors.default: Running job "main.<locals>.save_bot_state_job (trigger: interval[0:00:15], next run at: 2026-09-17 17:38:49 +07)" (scheduled at 2026-09-17 17:38:34.434380+07:00)
2026-09-17 17:38:34,444 INFO apscheduler.executors.default: Job "main.<locals>.save_bot_state_job (trigger: interval[0:00:15], next run at: 2026-09-17 17:38:49 +07)" executed successfully
2026-09-17 17:38:35,450 INFO apscheduler.executors.default: Running job "main.<locals>.write_heartbeat_job (trigger: interval[0:00:15], next run at: 2026-09-17 17:38:50 +07)" (scheduled at 2026-09-17 17:38:35.436472+07:00)
2026-09-17 17:38:35,452 INFO apscheduler.executors.default: Job "main.<locals>.write_heartbeat_job (trigger: interval[0:00:15], next run at: 2026-09-17 17:38:50 +07)" executed successfully
2026-09-17 17:38:36,015 INFO apscheduler.executors.default: Running job "main.<locals>.run_scan (trigger: cron[second='1,6,11,16,21,26,31,36,41,46,51,56'], next run at: 2026-09-17 17:38:41 +07)" (scheduled at 2026-09-17 17:38:36+07:00)
2026-09-17 17:38:36,016 INFO apscheduler.executors.default: Job "main.<locals>.run_scan (trigger: cron[second='1,6,11,16,21,26,31,36,41,46,51,56'], next run at: 2026-09-17 17:38:41 +07)" executed successfully
2026-09-17 17:38:39,446 INFO apscheduler.executors.default: Running job "main.<locals>.run_lts_aus_fast_scan (trigger: interval[0:00:05], next run at: 2026-09-17 17:38:44 +07)" (scheduled at 2026-09-17 17:38:39.432380+07:00)
2026-09-17 17:38:39,447 INFO apscheduler.executors.default: Job "main.<locals>.run_lts_aus_fast_scan (trigger: interval[0:00:05], next run at: 2026-09-17 17:38:44 +07)" executed successfully
2026-09-17 17:38:39,448 INFO apscheduler.executors.default: Running job "main.<locals>.run_position_check (trigger: interval[0:00:05], next run at: 2026-09-17 17:38:44 +07)" (scheduled at 2026-09-17 17:38:39.433381+07:00)
2026-09-17 17:38:39,450 INFO apscheduler.executors.default: Job "main.<locals>.run_position_check (trigger: interval[0:00:05], next run at: 2026-09-17 17:38:44 +07)" executed successfully
2026-09-17 17:38:39,451 INFO apscheduler.executors.default: Running job "main.<locals>.run_trail_sl (trigger: interval[0:00:05], next run at: 2026-09-17 17:38:44 +07)" (scheduled at 2026-09-17 17:38:39.433381+07:00)
2026-09-17 17:38:39,452 INFO apscheduler.executors.default: Job "main.<locals>.run_trail_sl (trigger: interval[0:00:05], next run at: 2026-09-17 17:38:44 +07)" executed successfully
2026-09-17 17:38:41,011 INFO apscheduler.executors.default: Running job "main.<locals>.run_scan (trigger: cron[second='1,6,11,16,21,26,31,36,41,46,51,56'], next run at: 2026-09-17 17:38:46 +07)" (scheduled at 2026-09-17 17:38:41+07:00)
2026-09-17 17:38:41,012 INFO apscheduler.executors.default: Job "main.<locals>.run_scan (trigger: cron[second='1,6,11,16,21,26,31,36,41,46,51,56'], next run at: 2026-09-17 17:38:46 +07)" executed successfully
2026-09-17 17:38:41,686 INFO httpx: HTTP Request: POST https://api.telegram.org/bot8759704311:AAFifFvXYLNPJZYlq-E4p3RVCUNiR0Ny6Ic/getUpdates "HTTP/1.1 200 OK"
2026-09-17 17:38:44,443 INFO apscheduler.executors.default: Running job "main.<locals>.run_lts_aus_fast_scan (trigger: interval[0:00:05], next run at: 2026-09-17 17:38:49 +07)" (scheduled at 2026-09-17 17:38:44.432380+07:00)
2026-09-17 17:38:44,443 INFO apscheduler.executors.default: Job "main.<locals>.run_lts_aus_fast_scan (trigger: interval[0:00:05], next run at: 2026-09-17 17:38:49 +07)" executed successfully
2026-09-17 17:38:44,444 INFO apscheduler.executors.default: Running job "main.<locals>.run_position_check (trigger: interval[0:00:05], next run at: 2026-09-17 17:38:49 +07)" (scheduled at 2026-09-17 17:38:44.433381+07:00)
2026-09-17 17:38:44,447 INFO apscheduler.executors.default: Job "main.<locals>.run_position_check (trigger: interval[0:00:05], next run at: 2026-09-17 17:38:49 +07)" executed successfully
2026-09-17 17:38:44,447 INFO apscheduler.executors.default: Running job "main.<locals>.run_trail_sl (trigger: interval[0:00:05], next run at: 2026-09-17 17:38:49 +07)" (scheduled at 2026-09-17 17:38:44.433381+07:00)
2026-09-17 17:38:44,447 INFO apscheduler.executors.default: Job "main.<locals>.run_trail_sl (trigger: interval[0:00:05], next run at: 2026-09-17 17:38:49 +07)" executed successfully
2026-09-17 17:38:46,008 INFO apscheduler.executors.default: Running job "main.<locals>.run_scan (trigger: cron[second='1,6,11,16,21,26,31,36,41,46,51,56'], next run at: 2026-09-17 17:38:51 +07)" (scheduled at 2026-09-17 17:38:46+07:00)
2026-09-17 17:38:46,009 INFO apscheduler.executors.default: Job "main.<locals>.run_scan (trigger: cron[second='1,6,11,16,21,26,31,36,41,46,51,56'], next run at: 2026-09-17 17:38:51 +07)" executed successfully
2026-09-17 17:38:49,443 INFO apscheduler.executors.default: Running job "main.<locals>.check_symbol_switch (trigger: interval[0:01:00], next run at: 2026-09-17 17:39:49 +07)" (scheduled at 2026-09-17 17:38:49.430373+07:00)
2026-09-17 17:38:49,448 INFO apscheduler.executors.default: Job "main.<locals>.check_symbol_switch (trigger: interval[0:01:00], next run at: 2026-09-17 17:39:49 +07)" executed successfully
2026-09-17 17:38:49,448 INFO apscheduler.executors.default: Running job "main.<locals>.run_lts_aus_fast_scan (trigger: interval[0:00:05], next run at: 2026-09-17 17:38:54 +07)" (scheduled at 2026-09-17 17:38:49.432380+07:00)
2026-09-17 17:38:49,449 INFO apscheduler.executors.default: Job "main.<locals>.run_lts_aus_fast_scan (trigger: interval[0:00:05], next run at: 2026-09-17 17:38:54 +07)" executed successfully
2026-09-17 17:38:49,449 INFO apscheduler.executors.default: Running job "main.<locals>.run_position_check (trigger: interval[0:00:05], next run at: 2026-09-17 17:38:54 +07)" (scheduled at 2026-09-17 17:38:49.433381+07:00)
2026-09-17 17:38:49,450 INFO apscheduler.executors.default: Job "main.<locals>.run_position_check (trigger: interval[0:00:05], next run at: 2026-09-17 17:38:54 +07)" executed successfully
2026-09-17 17:38:49,450 INFO apscheduler.executors.default: Running job "main.<locals>.run_trail_sl (trigger: interval[0:00:05], next run at: 2026-09-17 17:38:54 +07)" (scheduled at 2026-09-17 17:38:49.433381+07:00)
2026-09-17 17:38:49,450 INFO apscheduler.executors.default: Job "main.<locals>.run_trail_sl (trigger: interval[0:00:05], next run at: 2026-09-17 17:38:54 +07)" executed successfully
2026-09-17 17:38:49,452 INFO apscheduler.executors.default: Running job "main.<locals>.save_bot_state_job (trigger: interval[0:00:15], next run at: 2026-09-17 17:39:04 +07)" (scheduled at 2026-09-17 17:38:49.434380+07:00)
2026-09-17 17:38:49,453 INFO apscheduler.executors.default: Job "main.<locals>.save_bot_state_job (trigger: interval[0:00:15], next run at: 2026-09-17 17:39:04 +07)" executed successfully
2026-09-17 17:38:49,453 INFO apscheduler.executors.default: Running job "main.<locals>.run_watchdog (trigger: interval[0:01:00], next run at: 2026-09-17 17:39:49 +07)" (scheduled at 2026-09-17 17:38:49.435380+07:00)
2026-09-17 17:38:49,457 INFO apscheduler.executors.default: Job "main.<locals>.run_watchdog (trigger: interval[0:01:00], next run at: 2026-09-17 17:39:49 +07)" executed successfully
2026-09-17 17:38:50,446 INFO apscheduler.executors.default: Running job "main.<locals>.write_heartbeat_job (trigger: interval[0:00:15], next run at: 2026-09-17 17:39:05 +07)" (scheduled at 2026-09-17 17:38:50.436472+07:00)
2026-09-17 17:38:50,449 INFO apscheduler.executors.default: Job "main.<locals>.write_heartbeat_job (trigger: interval[0:00:15], next run at: 2026-09-17 17:39:05 +07)" executed successfully
2026-09-17 17:38:51,017 INFO apscheduler.executors.default: Running job "main.<locals>.run_scan (trigger: cron[second='1,6,11,16,21,26,31,36,41,46,51,56'], next run at: 2026-09-17 17:38:56 +07)" (scheduled at 2026-09-17 17:38:51+07:00)
2026-09-17 17:38:51,017 INFO apscheduler.executors.default: Job "main.<locals>.run_scan (trigger: cron[second='1,6,11,16,21,26,31,36,41,46,51,56'], next run at: 2026-09-17 17:38:56 +07)" executed successfully
2026-09-17 17:38:51,882 INFO httpx: HTTP Request: POST https://api.telegram.org/bot8759704311:AAFifFvXYLNPJZYlq-E4p3RVCUNiR0Ny6Ic/getUpdates "HTTP/1.1 200 OK"
2026-09-17 17:38:54,452 INFO apscheduler.executors.default: Running job "main.<locals>.run_lts_aus_fast_scan (trigger: interval[0:00:05], next run at: 2026-09-17 17:38:59 +07)" (scheduled at 2026-09-17 17:38:54.432380+07:00)
2026-09-17 17:38:54,455 INFO apscheduler.executors.default: Job "main.<locals>.run_lts_aus_fast_scan (trigger: interval[0:00:05], next run at: 2026-09-17 17:38:59 +07)" executed successfully
2026-09-17 17:38:54,456 INFO apscheduler.executors.default: Running job "main.<locals>.run_position_check (trigger: interval[0:00:05], next run at: 2026-09-17 17:38:59 +07)" (scheduled at 2026-09-17 17:38:54.433381+07:00)
2026-09-17 17:38:54,459 INFO apscheduler.executors.default: Job "main.<locals>.run_position_check (trigger: interval[0:00:05], next run at: 2026-09-17 17:38:59 +07)" executed successfully
2026-09-17 17:38:54,459 INFO apscheduler.executors.default: Running job "main.<locals>.run_trail_sl (trigger: interval[0:00:05], next run at: 2026-09-17 17:38:59 +07)" (scheduled at 2026-09-17 17:38:54.433381+07:00)
2026-09-17 17:38:54,460 INFO apscheduler.executors.default: Job "main.<locals>.run_trail_sl (trigger: interval[0:00:05], next run at: 2026-09-17 17:38:59 +07)" executed successfully
2026-09-17 17:38:56,011 INFO apscheduler.executors.default: Running job "main.<locals>.run_scan (trigger: cron[second='1,6,11,16,21,26,31,36,41,46,51,56'], next run at: 2026-09-17 17:39:01 +07)" (scheduled at 2026-09-17 17:38:56+07:00)
2026-09-17 17:38:56,011 INFO apscheduler.executors.default: Job "main.<locals>.run_scan (trigger: cron[second='1,6,11,16,21,26,31,36,41,46,51,56'], next run at: 2026-09-17 17:39:01 +07)" executed successfully
2026-09-17 17:38:59,448 INFO apscheduler.executors.default: Running job "main.<locals>.run_lts_aus_fast_scan (trigger: interval[0:00:05], next run at: 2026-09-17 17:39:04 +07)" (scheduled at 2026-09-17 17:38:59.432380+07:00)
2026-09-17 17:38:59,448 INFO apscheduler.executors.default: Job "main.<locals>.run_lts_aus_fast_scan (trigger: interval[0:00:05], next run at: 2026-09-17 17:39:04 +07)" executed successfully
2026-09-17 17:38:59,449 INFO apscheduler.executors.default: Running job "main.<locals>.run_position_check (trigger: interval[0:00:05], next run at: 2026-09-17 17:39:04 +07)" (scheduled at 2026-09-17 17:38:59.433381+07:00)
2026-09-17 17:38:59,451 INFO apscheduler.executors.default: Job "main.<locals>.run_position_check (trigger: interval[0:00:05], next run at: 2026-09-17 17:39:04 +07)" executed successfully
2026-09-17 17:38:59,453 INFO apscheduler.executors.default: Running job "main.<locals>.run_trail_sl (trigger: interval[0:00:05], next run at: 2026-09-17 17:39:04 +07)" (scheduled at 2026-09-17 17:38:59.433381+07:00)
2026-09-17 17:38:59,453 INFO apscheduler.executors.default: Job "main.<locals>.run_trail_sl (trigger: interval[0:00:05], next run at: 2026-09-17 17:39:04 +07)" executed successfully
2026-09-17 17:39:01,016 INFO apscheduler.executors.default: Running job "main.<locals>.run_scan (trigger: cron[second='1,6,11,16,21,26,31,36,41,46,51,56'], next run at: 2026-09-17 17:39:06 +07)" (scheduled at 2026-09-17 17:39:01+07:00)
2026-09-17 17:39:01,017 INFO apscheduler.executors.default: Job "main.<locals>.run_scan (trigger: cron[second='1,6,11,16,21,26,31,36,41,46,51,56'], next run at: 2026-09-17 17:39:06 +07)" executed successfully
2026-09-17 17:39:02,077 INFO httpx: HTTP Request: POST https://api.telegram.org/bot8759704311:AAFifFvXYLNPJZYlq-E4p3RVCUNiR0Ny6Ic/getUpdates "HTTP/1.1 200 OK"
2026-09-17 17:39:04,433 INFO apscheduler.executors.default: Running job "main.<locals>.run_lts_aus_fast_scan (trigger: interval[0:00:05], next run at: 2026-09-17 17:39:09 +07)" (scheduled at 2026-09-17 17:39:04.432380+07:00)
2026-09-17 17:39:04,434 INFO apscheduler.executors.default: Job "main.<locals>.run_lts_aus_fast_scan (trigger: interval[0:00:05], next run at: 2026-09-17 17:39:09 +07)" executed successfully
2026-09-17 17:39:04,434 INFO apscheduler.executors.default: Running job "main.<locals>.run_position_check (trigger: interval[0:00:05], next run at: 2026-09-17 17:39:09 +07)" (scheduled at 2026-09-17 17:39:04.433381+07:00)
2026-09-17 17:39:04,437 INFO apscheduler.executors.default: Job "main.<locals>.run_position_check (trigger: interval[0:00:05], next run at: 2026-09-17 17:39:09 +07)" executed successfully
2026-09-17 17:39:04,437 INFO apscheduler.executors.default: Running job "main.<locals>.run_trail_sl (trigger: interval[0:00:05], next run at: 2026-09-17 17:39:09 +07)" (scheduled at 2026-09-17 17:39:04.433381+07:00)
2026-09-17 17:39:04,438 INFO apscheduler.executors.default: Job "main.<locals>.run_trail_sl (trigger: interval[0:00:05], next run at: 2026-09-17 17:39:09 +07)" executed successfully
2026-09-17 17:39:04,438 INFO apscheduler.executors.default: Running job "main.<locals>.save_bot_state_job (trigger: interval[0:00:15], next run at: 2026-09-17 17:39:19 +07)" (scheduled at 2026-09-17 17:39:04.434380+07:00)
2026-09-17 17:39:04,440 INFO apscheduler.executors.default: Job "main.<locals>.save_bot_state_job (trigger: interval[0:00:15], next run at: 2026-09-17 17:39:19 +07)" executed successfully
2026-09-17 17:39:05,438 INFO apscheduler.executors.default: Running job "main.<locals>.write_heartbeat_job (trigger: interval[0:00:15], next run at: 2026-09-17 17:39:20 +07)" (scheduled at 2026-09-17 17:39:05.436472+07:00)
2026-09-17 17:39:05,443 INFO apscheduler.executors.default: Job "main.<locals>.write_heartbeat_job (trigger: interval[0:00:15], next run at: 2026-09-17 17:39:20 +07)" executed successfully
2026-09-17 17:39:06,009 INFO apscheduler.executors.default: Running job "main.<locals>.run_scan (trigger: cron[second='1,6,11,16,21,26,31,36,41,46,51,56'], next run at: 2026-09-17 17:39:11 +07)" (scheduled at 2026-09-17 17:39:06+07:00)
2026-09-17 17:39:06,010 INFO apscheduler.executors.default: Job "main.<locals>.run_scan (trigger: cron[second='1,6,11,16,21,26,31,36,41,46,51,56'], next run at: 2026-09-17 17:39:11 +07)" executed successfully
2026-09-17 17:39:09,436 INFO apscheduler.executors.default: Running job "main.<locals>.run_lts_aus_fast_scan (trigger: interval[0:00:05], next run at: 2026-09-17 17:39:14 +07)" (scheduled at 2026-09-17 17:39:09.432380+07:00)
2026-09-17 17:39:09,436 INFO apscheduler.executors.default: Job "main.<locals>.run_lts_aus_fast_scan (trigger: interval[0:00:05], next run at: 2026-09-17 17:39:14 +07)" executed successfully
2026-09-17 17:39:09,436 INFO apscheduler.executors.default: Running job "main.<locals>.run_position_check (trigger: interval[0:00:05], next run at: 2026-09-17 17:39:14 +07)" (scheduled at 2026-09-17 17:39:09.433381+07:00)
2026-09-17 17:39:09,440 INFO apscheduler.executors.default: Job "main.<locals>.run_position_check (trigger: interval[0:00:05], next run at: 2026-09-17 17:39:14 +07)" executed successfully
2026-09-17 17:39:09,442 INFO apscheduler.executors.default: Running job "main.<locals>.run_trail_sl (trigger: interval[0:00:05], next run at: 2026-09-17 17:39:14 +07)" (scheduled at 2026-09-17 17:39:09.433381+07:00)
2026-09-17 17:39:09,442 INFO apscheduler.executors.default: Job "main.<locals>.run_trail_sl (trigger: interval[0:00:05], next run at: 2026-09-17 17:39:14 +07)" executed successfully
2026-09-17 17:39:11,000 INFO apscheduler.executors.default: Running job "main.<locals>.run_scan (trigger: cron[second='1,6,11,16,21,26,31,36,41,46,51,56'], next run at: 2026-09-17 17:39:16 +07)" (scheduled at 2026-09-17 17:39:11+07:00)
2026-09-17 17:39:11,001 INFO apscheduler.executors.default: Job "main.<locals>.run_scan (trigger: cron[second='1,6,11,16,21,26,31,36,41,46,51,56'], next run at: 2026-09-17 17:39:16 +07)" executed successfully
2026-09-17 17:39:12,300 INFO httpx: HTTP Request: POST https://api.telegram.org/bot8759704311:AAFifFvXYLNPJZYlq-E4p3RVCUNiR0Ny6Ic/getUpdates "HTTP/1.1 200 OK"
2026-09-17 17:39:14,433 INFO apscheduler.executors.default: Running job "main.<locals>.run_lts_aus_fast_scan (trigger: interval[0:00:05], next run at: 2026-09-17 17:39:19 +07)" (scheduled at 2026-09-17 17:39:14.432380+07:00)
2026-09-17 17:39:14,434 INFO apscheduler.executors.default: Job "main.<locals>.run_lts_aus_fast_scan (trigger: interval[0:00:05], next run at: 2026-09-17 17:39:19 +07)" executed successfully
2026-09-17 17:39:14,435 INFO apscheduler.executors.default: Running job "main.<locals>.run_position_check (trigger: interval[0:00:05], next run at: 2026-09-17 17:39:19 +07)" (scheduled at 2026-09-17 17:39:14.433381+07:00)
2026-09-17 17:39:14,437 INFO apscheduler.executors.default: Job "main.<locals>.run_position_check (trigger: interval[0:00:05], next run at: 2026-09-17 17:39:19 +07)" executed successfully
2026-09-17 17:39:14,438 INFO apscheduler.executors.default: Running job "main.<locals>.run_trail_sl (trigger: interval[0:00:05], next run at: 2026-09-17 17:39:19 +07)" (scheduled at 2026-09-17 17:39:14.433381+07:00)
2026-09-17 17:39:14,438 INFO apscheduler.executors.default: Job "main.<locals>.run_trail_sl (trigger: interval[0:00:05], next run at: 2026-09-17 17:39:19 +07)" executed successfully
2026-09-17 17:39:16,017 INFO apscheduler.executors.default: Running job "main.<locals>.run_scan (trigger: cron[second='1,6,11,16,21,26,31,36,41,46,51,56'], next run at: 2026-09-17 17:39:21 +07)" (scheduled at 2026-09-17 17:39:16+07:00)
2026-09-17 17:39:16,017 INFO apscheduler.executors.default: Job "main.<locals>.run_scan (trigger: cron[second='1,6,11,16,21,26,31,36,41,46,51,56'], next run at: 2026-09-17 17:39:21 +07)" executed successfully
2026-09-17 17:39:19,438 INFO apscheduler.executors.default: Running job "main.<locals>.run_lts_aus_fast_scan (trigger: interval[0:00:05], next run at: 2026-09-17 17:39:24 +07)" (scheduled at 2026-09-17 17:39:19.432380+07:00)
2026-09-17 17:39:19,438 INFO apscheduler.executors.default: Job "main.<locals>.run_lts_aus_fast_scan (trigger: interval[0:00:05], next run at: 2026-09-17 17:39:24 +07)" executed successfully
2026-09-17 17:39:19,439 INFO apscheduler.executors.default: Running job "main.<locals>.run_position_check (trigger: interval[0:00:05], next run at: 2026-09-17 17:39:24 +07)" (scheduled at 2026-09-17 17:39:19.433381+07:00)
2026-09-17 17:39:19,444 INFO apscheduler.executors.default: Job "main.<locals>.run_position_check (trigger: interval[0:00:05], next run at: 2026-09-17 17:39:24 +07)" executed successfully
2026-09-17 17:39:19,445 INFO apscheduler.executors.default: Running job "main.<locals>.run_trail_sl (trigger: interval[0:00:05], next run at: 2026-09-17 17:39:24 +07)" (scheduled at 2026-09-17 17:39:19.433381+07:00)
2026-09-17 17:39:19,445 INFO apscheduler.executors.default: Job "main.<locals>.run_trail_sl (trigger: interval[0:00:05], next run at: 2026-09-17 17:39:24 +07)" executed successfully
2026-09-17 17:39:19,445 INFO apscheduler.executors.default: Running job "main.<locals>.save_bot_state_job (trigger: interval[0:00:15], next run at: 2026-09-17 17:39:34 +07)" (scheduled at 2026-09-17 17:39:19.434380+07:00)
2026-09-17 17:39:19,450 INFO apscheduler.executors.default: Job "main.<locals>.save_bot_state_job (trigger: interval[0:00:15], next run at: 2026-09-17 17:39:34 +07)" executed successfully
2026-09-17 17:39:20,437 INFO apscheduler.executors.default: Running job "main.<locals>.write_heartbeat_job (trigger: interval[0:00:15], next run at: 2026-09-17 17:39:35 +07)" (scheduled at 2026-09-17 17:39:20.436472+07:00)
2026-09-17 17:39:20,441 INFO apscheduler.executors.default: Job "main.<locals>.write_heartbeat_job (trigger: interval[0:00:15], next run at: 2026-09-17 17:39:35 +07)" executed successfully
2026-09-17 17:39:21,012 INFO apscheduler.executors.default: Running job "main.<locals>.run_scan (trigger: cron[second='1,6,11,16,21,26,31,36,41,46,51,56'], next run at: 2026-09-17 17:39:26 +07)" (scheduled at 2026-09-17 17:39:21+07:00)
2026-09-17 17:39:21,013 INFO apscheduler.executors.default: Job "main.<locals>.run_scan (trigger: cron[second='1,6,11,16,21,26,31,36,41,46,51,56'], next run at: 2026-09-17 17:39:26 +07)" executed successfully
2026-09-17 17:39:22,502 INFO httpx: HTTP Request: POST https://api.telegram.org/bot8759704311:AAFifFvXYLNPJZYlq-E4p3RVCUNiR0Ny6Ic/getUpdates "HTTP/1.1 200 OK"
2026-09-17 17:39:24,442 INFO apscheduler.executors.default: Running job "main.<locals>.run_lts_aus_fast_scan (trigger: interval[0:00:05], next run at: 2026-09-17 17:39:29 +07)" (scheduled at 2026-09-17 17:39:24.432380+07:00)
2026-09-17 17:39:24,444 INFO apscheduler.executors.default: Job "main.<locals>.run_lts_aus_fast_scan (trigger: interval[0:00:05], next run at: 2026-09-17 17:39:29 +07)" executed successfully
2026-09-17 17:39:24,445 INFO apscheduler.executors.default: Running job "main.<locals>.run_position_check (trigger: interval[0:00:05], next run at: 2026-09-17 17:39:29 +07)" (scheduled at 2026-09-17 17:39:24.433381+07:00)
2026-09-17 17:39:24,447 INFO apscheduler.executors.default: Job "main.<locals>.run_position_check (trigger: interval[0:00:05], next run at: 2026-09-17 17:39:29 +07)" executed successfully
2026-09-17 17:39:24,447 INFO apscheduler.executors.default: Running job "main.<locals>.run_trail_sl (trigger: interval[0:00:05], next run at: 2026-09-17 17:39:29 +07)" (scheduled at 2026-09-17 17:39:24.433381+07:00)
2026-09-17 17:39:24,447 INFO apscheduler.executors.default: Job "main.<locals>.run_trail_sl (trigger: interval[0:00:05], next run at: 2026-09-17 17:39:29 +07)" executed successfully
2026-09-17 17:39:26,019 INFO apscheduler.executors.default: Running job "main.<locals>.run_scan (trigger: cron[second='1,6,11,16,21,26,31,36,41,46,51,56'], next run at: 2026-09-17 17:39:31 +07)" (scheduled at 2026-09-17 17:39:26+07:00)
2026-09-17 17:39:26,019 INFO apscheduler.executors.default: Job "main.<locals>.run_scan (trigger: cron[second='1,6,11,16,21,26,31,36,41,46,51,56'], next run at: 2026-09-17 17:39:31 +07)" executed successfully
2026-09-17 17:39:29,446 INFO apscheduler.executors.default: Running job "main.<locals>.run_lts_aus_fast_scan (trigger: interval[0:00:05], next run at: 2026-09-17 17:39:34 +07)" (scheduled at 2026-09-17 17:39:29.432380+07:00)
2026-09-17 17:39:29,446 INFO apscheduler.executors.default: Job "main.<locals>.run_lts_aus_fast_scan (trigger: interval[0:00:05], next run at: 2026-09-17 17:39:34 +07)" executed successfully
2026-09-17 17:39:29,447 INFO apscheduler.executors.default: Running job "main.<locals>.run_position_check (trigger: interval[0:00:05], next run at: 2026-09-17 17:39:34 +07)" (scheduled at 2026-09-17 17:39:29.433381+07:00)
2026-09-17 17:39:29,449 INFO apscheduler.executors.default: Job "main.<locals>.run_position_check (trigger: interval[0:00:05], next run at: 2026-09-17 17:39:34 +07)" executed successfully
2026-09-17 17:39:29,449 INFO apscheduler.executors.default: Running job "main.<locals>.run_trail_sl (trigger: interval[0:00:05], next run at: 2026-09-17 17:39:34 +07)" (scheduled at 2026-09-17 17:39:29.433381+07:00)
2026-09-17 17:39:29,450 INFO apscheduler.executors.default: Job "main.<locals>.run_trail_sl (trigger: interval[0:00:05], next run at: 2026-09-17 17:39:34 +07)" executed successfully
2026-09-17 17:39:31,005 INFO apscheduler.executors.default: Running job "main.<locals>.run_scan (trigger: cron[second='1,6,11,16,21,26,31,36,41,46,51,56'], next run at: 2026-09-17 17:39:36 +07)" (scheduled at 2026-09-17 17:39:31+07:00)
2026-09-17 17:39:31,005 INFO apscheduler.executors.default: Job "main.<locals>.run_scan (trigger: cron[second='1,6,11,16,21,26,31,36,41,46,51,56'], next run at: 2026-09-17 17:39:36 +07)" executed successfully
2026-09-17 17:39:32,706 INFO httpx: HTTP Request: POST https://api.telegram.org/bot8759704311:AAFifFvXYLNPJZYlq-E4p3RVCUNiR0Ny6Ic/getUpdates "HTTP/1.1 200 OK"
2026-09-17 17:39:34,435 INFO apscheduler.executors.default: Running job "main.<locals>.run_lts_aus_fast_scan (trigger: interval[0:00:05], next run at: 2026-09-17 17:39:39 +07)" (scheduled at 2026-09-17 17:39:34.432380+07:00)
2026-09-17 17:39:34,436 INFO apscheduler.executors.default: Job "main.<locals>.run_lts_aus_fast_scan (trigger: interval[0:00:05], next run at: 2026-09-17 17:39:39 +07)" executed successfully
2026-09-17 17:39:34,436 INFO apscheduler.executors.default: Running job "main.<locals>.run_position_check (trigger: interval[0:00:05], next run at: 2026-09-17 17:39:39 +07)" (scheduled at 2026-09-17 17:39:34.433381+07:00)
2026-09-17 17:39:34,438 INFO apscheduler.executors.default: Job "main.<locals>.run_position_check (trigger: interval[0:00:05], next run at: 2026-09-17 17:39:39 +07)" executed successfully
2026-09-17 17:39:34,438 INFO apscheduler.executors.default: Running job "main.<locals>.run_trail_sl (trigger: interval[0:00:05], next run at: 2026-09-17 17:39:39 +07)" (scheduled at 2026-09-17 17:39:34.433381+07:00)
2026-09-17 17:39:34,438 INFO apscheduler.executors.default: Job "main.<locals>.run_trail_sl (trigger: interval[0:00:05], next run at: 2026-09-17 17:39:39 +07)" executed successfully
2026-09-17 17:39:34,439 INFO apscheduler.executors.default: Running job "main.<locals>.save_bot_state_job (trigger: interval[0:00:15], next run at: 2026-09-17 17:39:49 +07)" (scheduled at 2026-09-17 17:39:34.434380+07:00)
2026-09-17 17:39:34,440 INFO apscheduler.executors.default: Job "main.<locals>.save_bot_state_job (trigger: interval[0:00:15], next run at: 2026-09-17 17:39:49 +07)" executed successfully
2026-09-17 17:39:35,440 INFO apscheduler.executors.default: Running job "main.<locals>.write_heartbeat_job (trigger: interval[0:00:15], next run at: 2026-09-17 17:39:50 +07)" (scheduled at 2026-09-17 17:39:35.436472+07:00)
2026-09-17 17:39:35,443 INFO apscheduler.executors.default: Job "main.<locals>.write_heartbeat_job (trigger: interval[0:00:15], next run at: 2026-09-17 17:39:50 +07)" executed successfully
2026-09-17 17:39:36,012 INFO apscheduler.executors.default: Running job "main.<locals>.run_scan (trigger: cron[second='1,6,11,16,21,26,31,36,41,46,51,56'], next run at: 2026-09-17 17:39:41 +07)" (scheduled at 2026-09-17 17:39:36+07:00)
2026-09-17 17:39:36,012 INFO apscheduler.executors.default: Job "main.<locals>.run_scan (trigger: cron[second='1,6,11,16,21,26,31,36,41,46,51,56'], next run at: 2026-09-17 17:39:41 +07)" executed successfully
2026-09-17 17:39:39,442 INFO apscheduler.executors.default: Running job "main.<locals>.run_lts_aus_fast_scan (trigger: interval[0:00:05], next run at: 2026-09-17 17:39:44 +07)" (scheduled at 2026-09-17 17:39:39.432380+07:00)
2026-09-17 17:39:39,444 INFO apscheduler.executors.default: Job "main.<locals>.run_lts_aus_fast_scan (trigger: interval[0:00:05], next run at: 2026-09-17 17:39:44 +07)" executed successfully
2026-09-17 17:39:39,445 INFO apscheduler.executors.default: Running job "main.<locals>.run_position_check (trigger: interval[0:00:05], next run at: 2026-09-17 17:39:44 +07)" (scheduled at 2026-09-17 17:39:39.433381+07:00)
2026-09-17 17:39:39,447 INFO apscheduler.executors.default: Job "main.<locals>.run_position_check (trigger: interval[0:00:05], next run at: 2026-09-17 17:39:44 +07)" executed successfully
2026-09-17 17:39:39,447 INFO apscheduler.executors.default: Running job "main.<locals>.run_trail_sl (trigger: interval[0:00:05], next run at: 2026-09-17 17:39:44 +07)" (scheduled at 2026-09-17 17:39:39.433381+07:00)
2026-09-17 17:39:39,447 INFO apscheduler.executors.default: Job "main.<locals>.run_trail_sl (trigger: interval[0:00:05], next run at: 2026-09-17 17:39:44 +07)" executed successfully
2026-09-17 17:39:41,012 INFO apscheduler.executors.default: Running job "main.<locals>.run_scan (trigger: cron[second='1,6,11,16,21,26,31,36,41,46,51,56'], next run at: 2026-09-17 17:39:46 +07)" (scheduled at 2026-09-17 17:39:41+07:00)
2026-09-17 17:39:41,014 INFO apscheduler.executors.default: Job "main.<locals>.run_scan (trigger: cron[second='1,6,11,16,21,26,31,36,41,46,51,56'], next run at: 2026-09-17 17:39:46 +07)" executed successfully
2026-09-17 17:39:42,900 INFO httpx: HTTP Request: POST https://api.telegram.org/bot8759704311:AAFifFvXYLNPJZYlq-E4p3RVCUNiR0Ny6Ic/getUpdates "HTTP/1.1 200 OK"
2026-09-17 17:39:44,442 INFO apscheduler.executors.default: Running job "main.<locals>.run_lts_aus_fast_scan (trigger: interval[0:00:05], next run at: 2026-09-17 17:39:49 +07)" (scheduled at 2026-09-17 17:39:44.432380+07:00)
2026-09-17 17:39:44,443 INFO apscheduler.executors.default: Job "main.<locals>.run_lts_aus_fast_scan (trigger: interval[0:00:05], next run at: 2026-09-17 17:39:49 +07)" executed successfully
2026-09-17 17:39:44,443 INFO apscheduler.executors.default: Running job "main.<locals>.run_position_check (trigger: interval[0:00:05], next run at: 2026-09-17 17:39:49 +07)" (scheduled at 2026-09-17 17:39:44.433381+07:00)
2026-09-17 17:39:44,445 INFO apscheduler.executors.default: Job "main.<locals>.run_position_check (trigger: interval[0:00:05], next run at: 2026-09-17 17:39:49 +07)" executed successfully
2026-09-17 17:39:44,446 INFO apscheduler.executors.default: Running job "main.<locals>.run_trail_sl (trigger: interval[0:00:05], next run at: 2026-09-17 17:39:49 +07)" (scheduled at 2026-09-17 17:39:44.433381+07:00)
2026-09-17 17:39:44,446 INFO apscheduler.executors.default: Job "main.<locals>.run_trail_sl (trigger: interval[0:00:05], next run at: 2026-09-17 17:39:49 +07)" executed successfully
2026-09-17 17:39:46,011 INFO apscheduler.executors.default: Running job "main.<locals>.run_scan (trigger: cron[second='1,6,11,16,21,26,31,36,41,46,51,56'], next run at: 2026-09-17 17:39:51 +07)" (scheduled at 2026-09-17 17:39:46+07:00)
2026-09-17 17:39:46,012 INFO apscheduler.executors.default: Job "main.<locals>.run_scan (trigger: cron[second='1,6,11,16,21,26,31,36,41,46,51,56'], next run at: 2026-09-17 17:39:51 +07)" executed successfully
2026-09-17 17:39:49,436 INFO apscheduler.executors.default: Running job "main.<locals>.check_symbol_switch (trigger: interval[0:01:00], next run at: 2026-09-17 17:40:49 +07)" (scheduled at 2026-09-17 17:39:49.430373+07:00)
2026-09-17 17:39:49,443 INFO apscheduler.executors.default: Job "main.<locals>.check_symbol_switch (trigger: interval[0:01:00], next run at: 2026-09-17 17:40:49 +07)" executed successfully
2026-09-17 17:39:49,443 INFO apscheduler.executors.default: Running job "main.<locals>.run_demo_portfolio_scan (trigger: interval[0:05:00], next run at: 2026-09-17 17:44:49 +07)" (scheduled at 2026-09-17 17:39:49.432380+07:00)
2026-09-17 17:39:49,455 INFO apscheduler.executors.default: Running job "main.<locals>.run_lts_aus_fast_scan (trigger: interval[0:00:05], next run at: 2026-09-17 17:39:54 +07)" (scheduled at 2026-09-17 17:39:49.432380+07:00)
2026-09-17 17:39:49,456 INFO apscheduler.executors.default: Job "main.<locals>.run_lts_aus_fast_scan (trigger: interval[0:00:05], next run at: 2026-09-17 17:39:54 +07)" executed successfully
2026-09-17 17:39:49,456 INFO apscheduler.executors.default: Running job "main.<locals>.run_position_check (trigger: interval[0:00:05], next run at: 2026-09-17 17:39:54 +07)" (scheduled at 2026-09-17 17:39:49.433381+07:00)
2026-09-17 17:39:49,459 INFO apscheduler.executors.default: Job "main.<locals>.run_position_check (trigger: interval[0:00:05], next run at: 2026-09-17 17:39:54 +07)" executed successfully
2026-09-17 17:39:49,459 INFO apscheduler.executors.default: Running job "main.<locals>.run_trail_sl (trigger: interval[0:00:05], next run at: 2026-09-17 17:39:54 +07)" (scheduled at 2026-09-17 17:39:49.433381+07:00)
2026-09-17 17:39:49,459 INFO apscheduler.executors.default: Job "main.<locals>.run_trail_sl (trigger: interval[0:00:05], next run at: 2026-09-17 17:39:54 +07)" executed successfully
2026-09-17 17:39:49,460 INFO apscheduler.executors.default: Running job "main.<locals>.save_bot_state_job (trigger: interval[0:00:15], next run at: 2026-09-17 17:40:04 +07)" (scheduled at 2026-09-17 17:39:49.434380+07:00)
2026-09-17 17:39:49,461 INFO apscheduler.executors.default: Job "main.<locals>.save_bot_state_job (trigger: interval[0:00:15], next run at: 2026-09-17 17:40:04 +07)" executed successfully
2026-09-17 17:39:49,462 INFO apscheduler.executors.default: Running job "main.<locals>.run_watchdog (trigger: interval[0:01:00], next run at: 2026-09-17 17:40:49 +07)" (scheduled at 2026-09-17 17:39:49.435380+07:00)
2026-09-17 17:39:49,466 INFO apscheduler.executors.default: Job "main.<locals>.run_watchdog (trigger: interval[0:01:00], next run at: 2026-09-17 17:40:49 +07)" executed successfully
2026-09-17 17:39:49,483 INFO apscheduler.executors.default: Job "main.<locals>.run_demo_portfolio_scan (trigger: interval[0:05:00], next run at: 2026-09-17 17:44:49 +07)" executed successfully
2026-09-17 17:39:50,448 INFO apscheduler.executors.default: Running job "main.<locals>.write_heartbeat_job (trigger: interval[0:00:15], next run at: 2026-09-17 17:40:05 +07)" (scheduled at 2026-09-17 17:39:50.436472+07:00)
2026-09-17 17:39:50,451 INFO apscheduler.executors.default: Job "main.<locals>.write_heartbeat_job (trigger: interval[0:00:15], next run at: 2026-09-17 17:40:05 +07)" executed successfully
2026-09-17 17:39:51,007 INFO apscheduler.executors.default: Running job "main.<locals>.run_scan (trigger: cron[second='1,6,11,16,21,26,31,36,41,46,51,56'], next run at: 2026-09-17 17:39:56 +07)" (scheduled at 2026-09-17 17:39:51+07:00)
2026-09-17 17:39:51,008 INFO apscheduler.executors.default: Job "main.<locals>.run_scan (trigger: cron[second='1,6,11,16,21,26,31,36,41,46,51,56'], next run at: 2026-09-17 17:39:56 +07)" executed successfully
2026-09-17 17:39:53,112 INFO httpx: HTTP Request: POST https://api.telegram.org/bot8759704311:AAFifFvXYLNPJZYlq-E4p3RVCUNiR0Ny6Ic/getUpdates "HTTP/1.1 200 OK"
2026-09-17 17:39:54,442 INFO apscheduler.executors.default: Running job "main.<locals>.run_lts_aus_fast_scan (trigger: interval[0:00:05], next run at: 2026-09-17 17:39:59 +07)" (scheduled at 2026-09-17 17:39:54.432380+07:00)
2026-09-17 17:39:54,443 INFO apscheduler.executors.default: Job "main.<locals>.run_lts_aus_fast_scan (trigger: interval[0:00:05], next run at: 2026-09-17 17:39:59 +07)" executed successfully
2026-09-17 17:39:54,444 INFO apscheduler.executors.default: Running job "main.<locals>.run_position_check (trigger: interval[0:00:05], next run at: 2026-09-17 17:39:59 +07)" (scheduled at 2026-09-17 17:39:54.433381+07:00)
2026-09-17 17:39:54,446 INFO apscheduler.executors.default: Job "main.<locals>.run_position_check (trigger: interval[0:00:05], next run at: 2026-09-17 17:39:59 +07)" executed successfully
2026-09-17 17:39:54,446 INFO apscheduler.executors.default: Running job "main.<locals>.run_trail_sl (trigger: interval[0:00:05], next run at: 2026-09-17 17:39:59 +07)" (scheduled at 2026-09-17 17:39:54.433381+07:00)
2026-09-17 17:39:54,446 INFO apscheduler.executors.default: Job "main.<locals>.run_trail_sl (trigger: interval[0:00:05], next run at: 2026-09-17 17:39:59 +07)" executed successfully
2026-09-17 17:39:56,012 INFO apscheduler.executors.default: Running job "main.<locals>.run_scan (trigger: cron[second='1,6,11,16,21,26,31,36,41,46,51,56'], next run at: 2026-09-17 17:40:01 +07)" (scheduled at 2026-09-17 17:39:56+07:00)
2026-09-17 17:39:56,012 INFO apscheduler.executors.default: Job "main.<locals>.run_scan (trigger: cron[second='1,6,11,16,21,26,31,36,41,46,51,56'], next run at: 2026-09-17 17:40:01 +07)" executed successfully
2026-09-17 17:39:59,436 INFO apscheduler.executors.default: Running job "main.<locals>.run_lts_aus_fast_scan (trigger: interval[0:00:05], next run at: 2026-09-17 17:40:04 +07)" (scheduled at 2026-09-17 17:39:59.432380+07:00)
2026-09-17 17:39:59,437 INFO apscheduler.executors.default: Job "main.<locals>.run_lts_aus_fast_scan (trigger: interval[0:00:05], next run at: 2026-09-17 17:40:04 +07)" executed successfully
2026-09-17 17:39:59,437 INFO apscheduler.executors.default: Running job "main.<locals>.run_position_check (trigger: interval[0:00:05], next run at: 2026-09-17 17:40:04 +07)" (scheduled at 2026-09-17 17:39:59.433381+07:00)
2026-09-17 17:39:59,440 INFO apscheduler.executors.default: Job "main.<locals>.run_position_check (trigger: interval[0:00:05], next run at: 2026-09-17 17:40:04 +07)" executed successfully
2026-09-17 17:39:59,440 INFO apscheduler.executors.default: Running job "main.<locals>.run_trail_sl (trigger: interval[0:00:05], next run at: 2026-09-17 17:40:04 +07)" (scheduled at 2026-09-17 17:39:59.433381+07:00)
2026-09-17 17:39:59,440 INFO apscheduler.executors.default: Job "main.<locals>.run_trail_sl (trigger: interval[0:00:05], next run at: 2026-09-17 17:40:04 +07)" executed successfully
2026-09-17 17:40:01,000 INFO apscheduler.executors.default: Running job "main.<locals>.run_scan (trigger: cron[second='1,6,11,16,21,26,31,36,41,46,51,56'], next run at: 2026-09-17 17:40:06 +07)" (scheduled at 2026-09-17 17:40:01+07:00)
2026-09-17 17:40:01,001 INFO apscheduler.executors.default: Job "main.<locals>.run_scan (trigger: cron[second='1,6,11,16,21,26,31,36,41,46,51,56'], next run at: 2026-09-17 17:40:06 +07)" executed successfully
2026-09-17 17:40:03,319 INFO httpx: HTTP Request: POST https://api.telegram.org/bot8759704311:AAFifFvXYLNPJZYlq-E4p3RVCUNiR0Ny6Ic/getUpdates "HTTP/1.1 200 OK"
2026-09-17 17:40:04,437 INFO apscheduler.executors.default: Running job "main.<locals>.run_lts_aus_fast_scan (trigger: interval[0:00:05], next run at: 2026-09-17 17:40:09 +07)" (scheduled at 2026-09-17 17:40:04.432380+07:00)
2026-09-17 17:40:04,438 INFO apscheduler.executors.default: Job "main.<locals>.run_lts_aus_fast_scan (trigger: interval[0:00:05], next run at: 2026-09-17 17:40:09 +07)" executed successfully
2026-09-17 17:40:04,438 INFO apscheduler.executors.default: Running job "main.<locals>.run_position_check (trigger: interval[0:00:05], next run at: 2026-09-17 17:40:09 +07)" (scheduled at 2026-09-17 17:40:04.433381+07:00)
2026-09-17 17:40:04,441 INFO apscheduler.executors.default: Job "main.<locals>.run_position_check (trigger: interval[0:00:05], next run at: 2026-09-17 17:40:09 +07)" executed successfully
2026-09-17 17:40:04,443 INFO apscheduler.executors.default: Running job "main.<locals>.run_trail_sl (trigger: interval[0:00:05], next run at: 2026-09-17 17:40:09 +07)" (scheduled at 2026-09-17 17:40:04.433381+07:00)
2026-09-17 17:40:04,443 INFO apscheduler.executors.default: Job "main.<locals>.run_trail_sl (trigger: interval[0:00:05], next run at: 2026-09-17 17:40:09 +07)" executed successfully
2026-09-17 17:40:04,443 INFO apscheduler.executors.default: Running job "main.<locals>.save_bot_state_job (trigger: interval[0:00:15], next run at: 2026-09-17 17:40:19 +07)" (scheduled at 2026-09-17 17:40:04.434380+07:00)
2026-09-17 17:40:04,445 INFO apscheduler.executors.default: Job "main.<locals>.save_bot_state_job (trigger: interval[0:00:15], next run at: 2026-09-17 17:40:19 +07)" executed successfully
2026-09-17 17:40:05,449 INFO apscheduler.executors.default: Running job "main.<locals>.write_heartbeat_job (trigger: interval[0:00:15], next run at: 2026-09-17 17:40:20 +07)" (scheduled at 2026-09-17 17:40:05.436472+07:00)
2026-09-17 17:40:05,452 INFO apscheduler.executors.default: Job "main.<locals>.write_heartbeat_job (trigger: interval[0:00:15], next run at: 2026-09-17 17:40:20 +07)" executed successfully
2026-09-17 17:40:06,010 INFO apscheduler.executors.default: Running job "main.<locals>.run_scan (trigger: cron[second='1,6,11,16,21,26,31,36,41,46,51,56'], next run at: 2026-09-17 17:40:11 +07)" (scheduled at 2026-09-17 17:40:06+07:00)
2026-09-17 17:40:06,010 INFO apscheduler.executors.default: Job "main.<locals>.run_scan (trigger: cron[second='1,6,11,16,21,26,31,36,41,46,51,56'], next run at: 2026-09-17 17:40:11 +07)" executed successfully
2026-09-17 17:40:09,438 INFO apscheduler.executors.default: Running job "main.<locals>.run_lts_aus_fast_scan (trigger: interval[0:00:05], next run at: 2026-09-17 17:40:14 +07)" (scheduled at 2026-09-17 17:40:09.432380+07:00)
2026-09-17 17:40:09,438 INFO apscheduler.executors.default: Job "main.<locals>.run_lts_aus_fast_scan (trigger: interval[0:00:05], next run at: 2026-09-17 17:40:14 +07)" executed successfully
2026-09-17 17:40:09,438 INFO apscheduler.executors.default: Running job "main.<locals>.run_position_check (trigger: interval[0:00:05], next run at: 2026-09-17 17:40:14 +07)" (scheduled at 2026-09-17 17:40:09.433381+07:00)
2026-09-17 17:40:09,442 INFO apscheduler.executors.default: Job "main.<locals>.run_position_check (trigger: interval[0:00:05], next run at: 2026-09-17 17:40:14 +07)" executed successfully
2026-09-17 17:40:09,443 INFO apscheduler.executors.default: Running job "main.<locals>.run_trail_sl (trigger: interval[0:00:05], next run at: 2026-09-17 17:40:14 +07)" (scheduled at 2026-09-17 17:40:09.433381+07:00)
2026-09-17 17:40:09,443 INFO apscheduler.executors.default: Job "main.<locals>.run_trail_sl (trigger: interval[0:00:05], next run at: 2026-09-17 17:40:14 +07)" executed successfully
2026-09-17 17:40:11,006 INFO apscheduler.executors.default: Running job "main.<locals>.run_scan (trigger: cron[second='1,6,11,16,21,26,31,36,41,46,51,56'], next run at: 2026-09-17 17:40:16 +07)" (scheduled at 2026-09-17 17:40:11+07:00)
2026-09-17 17:40:11,006 INFO apscheduler.executors.default: Job "main.<locals>.run_scan (trigger: cron[second='1,6,11,16,21,26,31,36,41,46,51,56'], next run at: 2026-09-17 17:40:16 +07)" executed successfully
2026-09-17 17:40:13,515 INFO httpx: HTTP Request: POST https://api.telegram.org/bot8759704311:AAFifFvXYLNPJZYlq-E4p3RVCUNiR0Ny6Ic/getUpdates "HTTP/1.1 200 OK"
2026-09-17 17:40:14,437 INFO apscheduler.executors.default: Running job "main.<locals>.run_lts_aus_fast_scan (trigger: interval[0:00:05], next run at: 2026-09-17 17:40:19 +07)" (scheduled at 2026-09-17 17:40:14.432380+07:00)
2026-09-17 17:40:14,437 INFO apscheduler.executors.default: Job "main.<locals>.run_lts_aus_fast_scan (trigger: interval[0:00:05], next run at: 2026-09-17 17:40:19 +07)" executed successfully
2026-09-17 17:40:14,438 INFO apscheduler.executors.default: Running job "main.<locals>.run_position_check (trigger: interval[0:00:05], next run at: 2026-09-17 17:40:19 +07)" (scheduled at 2026-09-17 17:40:14.433381+07:00)
2026-09-17 17:40:14,440 INFO apscheduler.executors.default: Job "main.<locals>.run_position_check (trigger: interval[0:00:05], next run at: 2026-09-17 17:40:19 +07)" executed successfully
2026-09-17 17:40:14,442 INFO apscheduler.executors.default: Running job "main.<locals>.run_trail_sl (trigger: interval[0:00:05], next run at: 2026-09-17 17:40:19 +07)" (scheduled at 2026-09-17 17:40:14.433381+07:00)
2026-09-17 17:40:14,442 INFO apscheduler.executors.default: Job "main.<locals>.run_trail_sl (trigger: interval[0:00:05], next run at: 2026-09-17 17:40:19 +07)" executed successfully
2026-09-17 17:40:16,008 INFO apscheduler.executors.default: Running job "main.<locals>.run_scan (trigger: cron[second='1,6,11,16,21,26,31,36,41,46,51,56'], next run at: 2026-09-17 17:40:21 +07)" (scheduled at 2026-09-17 17:40:16+07:00)
2026-09-17 17:40:16,010 INFO apscheduler.executors.default: Job "main.<locals>.run_scan (trigger: cron[second='1,6,11,16,21,26,31,36,41,46,51,56'], next run at: 2026-09-17 17:40:21 +07)" executed successfully
2026-09-17 17:40:19,445 INFO apscheduler.executors.default: Running job "main.<locals>.run_lts_aus_fast_scan (trigger: interval[0:00:05], next run at: 2026-09-17 17:40:24 +07)" (scheduled at 2026-09-17 17:40:19.432380+07:00)
2026-09-17 17:40:19,446 INFO apscheduler.executors.default: Job "main.<locals>.run_lts_aus_fast_scan (trigger: interval[0:00:05], next run at: 2026-09-17 17:40:24 +07)" executed successfully
2026-09-17 17:40:19,446 INFO apscheduler.executors.default: Running job "main.<locals>.run_position_check (trigger: interval[0:00:05], next run at: 2026-09-17 17:40:24 +07)" (scheduled at 2026-09-17 17:40:19.433381+07:00)
2026-09-17 17:40:19,450 INFO apscheduler.executors.default: Job "main.<locals>.run_position_check (trigger: interval[0:00:05], next run at: 2026-09-17 17:40:24 +07)" executed successfully
2026-09-17 17:40:19,450 INFO apscheduler.executors.default: Running job "main.<locals>.run_trail_sl (trigger: interval[0:00:05], next run at: 2026-09-17 17:40:24 +07)" (scheduled at 2026-09-17 17:40:19.433381+07:00)
2026-09-17 17:40:19,450 INFO apscheduler.executors.default: Job "main.<locals>.run_trail_sl (trigger: interval[0:00:05], next run at: 2026-09-17 17:40:24 +07)" executed successfully
2026-09-17 17:40:19,450 INFO apscheduler.executors.default: Running job "main.<locals>.save_bot_state_job (trigger: interval[0:00:15], next run at: 2026-09-17 17:40:34 +07)" (scheduled at 2026-09-17 17:40:19.434380+07:00)
2026-09-17 17:40:19,452 INFO apscheduler.executors.default: Job "main.<locals>.save_bot_state_job (trigger: interval[0:00:15], next run at: 2026-09-17 17:40:34 +07)" executed successfully
2026-09-17 17:40:20,452 INFO apscheduler.executors.default: Running job "main.<locals>.write_heartbeat_job (trigger: interval[0:00:15], next run at: 2026-09-17 17:40:35 +07)" (scheduled at 2026-09-17 17:40:20.436472+07:00)
2026-09-17 17:40:20,455 INFO apscheduler.executors.default: Job "main.<locals>.write_heartbeat_job (trigger: interval[0:00:15], next run at: 2026-09-17 17:40:35 +07)" executed successfully
2026-09-17 17:40:21,013 INFO apscheduler.executors.default: Running job "main.<locals>.run_scan (trigger: cron[second='1,6,11,16,21,26,31,36,41,46,51,56'], next run at: 2026-09-17 17:40:26 +07)" (scheduled at 2026-09-17 17:40:21+07:00)
2026-09-17 17:40:21,014 INFO apscheduler.executors.default: Job "main.<locals>.run_scan (trigger: cron[second='1,6,11,16,21,26,31,36,41,46,51,56'], next run at: 2026-09-17 17:40:26 +07)" executed successfully
2026-09-17 17:40:23,721 INFO httpx: HTTP Request: POST https://api.telegram.org/bot8759704311:AAFifFvXYLNPJZYlq-E4p3RVCUNiR0Ny6Ic/getUpdates "HTTP/1.1 200 OK"
2026-09-17 17:40:24,446 INFO apscheduler.executors.default: Running job "main.<locals>.run_lts_aus_fast_scan (trigger: interval[0:00:05], next run at: 2026-09-17 17:40:29 +07)" (scheduled at 2026-09-17 17:40:24.432380+07:00)
2026-09-17 17:40:24,447 INFO apscheduler.executors.default: Job "main.<locals>.run_lts_aus_fast_scan (trigger: interval[0:00:05], next run at: 2026-09-17 17:40:29 +07)" executed successfully
2026-09-17 17:40:24,448 INFO apscheduler.executors.default: Running job "main.<locals>.run_position_check (trigger: interval[0:00:05], next run at: 2026-09-17 17:40:29 +07)" (scheduled at 2026-09-17 17:40:24.433381+07:00)
2026-09-17 17:40:24,451 INFO apscheduler.executors.default: Job "main.<locals>.run_position_check (trigger: interval[0:00:05], next run at: 2026-09-17 17:40:29 +07)" executed successfully
2026-09-17 17:40:24,451 INFO apscheduler.executors.default: Running job "main.<locals>.run_trail_sl (trigger: interval[0:00:05], next run at: 2026-09-17 17:40:29 +07)" (scheduled at 2026-09-17 17:40:24.433381+07:00)
2026-09-17 17:40:24,451 INFO apscheduler.executors.default: Job "main.<locals>.run_trail_sl (trigger: interval[0:00:05], next run at: 2026-09-17 17:40:29 +07)" executed successfully
2026-09-17 17:40:26,015 INFO apscheduler.executors.default: Running job "main.<locals>.run_scan (trigger: cron[second='1,6,11,16,21,26,31,36,41,46,51,56'], next run at: 2026-09-17 17:40:31 +07)" (scheduled at 2026-09-17 17:40:26+07:00)
2026-09-17 17:40:26,016 INFO apscheduler.executors.default: Job "main.<locals>.run_scan (trigger: cron[second='1,6,11,16,21,26,31,36,41,46,51,56'], next run at: 2026-09-17 17:40:31 +07)" executed successfully
2026-09-17 17:40:29,445 INFO apscheduler.executors.default: Running job "main.<locals>.run_lts_aus_fast_scan (trigger: interval[0:00:05], next run at: 2026-09-17 17:40:34 +07)" (scheduled at 2026-09-17 17:40:29.432380+07:00)
2026-09-17 17:40:29,445 INFO apscheduler.executors.default: Job "main.<locals>.run_lts_aus_fast_scan (trigger: interval[0:00:05], next run at: 2026-09-17 17:40:34 +07)" executed successfully
2026-09-17 17:40:29,446 INFO apscheduler.executors.default: Running job "main.<locals>.run_position_check (trigger: interval[0:00:05], next run at: 2026-09-17 17:40:34 +07)" (scheduled at 2026-09-17 17:40:29.433381+07:00)
2026-09-17 17:40:29,448 INFO apscheduler.executors.default: Job "main.<locals>.run_position_check (trigger: interval[0:00:05], next run at: 2026-09-17 17:40:34 +07)" executed successfully
2026-09-17 17:40:29,448 INFO apscheduler.executors.default: Running job "main.<locals>.run_trail_sl (trigger: interval[0:00:05], next run at: 2026-09-17 17:40:34 +07)" (scheduled at 2026-09-17 17:40:29.433381+07:00)
2026-09-17 17:40:29,450 INFO apscheduler.executors.default: Job "main.<locals>.run_trail_sl (trigger: interval[0:00:05], next run at: 2026-09-17 17:40:34 +07)" executed successfully
2026-09-17 17:40:31,010 INFO apscheduler.executors.default: Running job "main.<locals>.run_scan (trigger: cron[second='1,6,11,16,21,26,31,36,41,46,51,56'], next run at: 2026-09-17 17:40:36 +07)" (scheduled at 2026-09-17 17:40:31+07:00)
2026-09-17 17:40:31,010 INFO apscheduler.executors.default: Job "main.<locals>.run_scan (trigger: cron[second='1,6,11,16,21,26,31,36,41,46,51,56'], next run at: 2026-09-17 17:40:36 +07)" executed successfully
2026-09-17 17:40:33,915 INFO httpx: HTTP Request: POST https://api.telegram.org/bot8759704311:AAFifFvXYLNPJZYlq-E4p3RVCUNiR0Ny6Ic/getUpdates "HTTP/1.1 200 OK"
2026-09-17 17:40:34,443 INFO apscheduler.executors.default: Running job "main.<locals>.run_lts_aus_fast_scan (trigger: interval[0:00:05], next run at: 2026-09-17 17:40:39 +07)" (scheduled at 2026-09-17 17:40:34.432380+07:00)
2026-09-17 17:40:34,444 INFO apscheduler.executors.default: Job "main.<locals>.run_lts_aus_fast_scan (trigger: interval[0:00:05], next run at: 2026-09-17 17:40:39 +07)" executed successfully
2026-09-17 17:40:34,445 INFO apscheduler.executors.default: Running job "main.<locals>.run_position_check (trigger: interval[0:00:05], next run at: 2026-09-17 17:40:39 +07)" (scheduled at 2026-09-17 17:40:34.433381+07:00)
2026-09-17 17:40:34,447 INFO apscheduler.executors.default: Job "main.<locals>.run_position_check (trigger: interval[0:00:05], next run at: 2026-09-17 17:40:39 +07)" executed successfully
2026-09-17 17:40:34,448 INFO apscheduler.executors.default: Running job "main.<locals>.run_trail_sl (trigger: interval[0:00:05], next run at: 2026-09-17 17:40:39 +07)" (scheduled at 2026-09-17 17:40:34.433381+07:00)
2026-09-17 17:40:34,449 INFO apscheduler.executors.default: Job "main.<locals>.run_trail_sl (trigger: interval[0:00:05], next run at: 2026-09-17 17:40:39 +07)" executed successfully
2026-09-17 17:40:34,449 INFO apscheduler.executors.default: Running job "main.<locals>.save_bot_state_job (trigger: interval[0:00:15], next run at: 2026-09-17 17:40:49 +07)" (scheduled at 2026-09-17 17:40:34.434380+07:00)
2026-09-17 17:40:34,451 INFO apscheduler.executors.default: Job "main.<locals>.save_bot_state_job (trigger: interval[0:00:15], next run at: 2026-09-17 17:40:49 +07)" executed successfully
2026-09-17 17:40:35,453 INFO apscheduler.executors.default: Running job "main.<locals>.write_heartbeat_job (trigger: interval[0:00:15], next run at: 2026-09-17 17:40:50 +07)" (scheduled at 2026-09-17 17:40:35.436472+07:00)
2026-09-17 17:40:35,456 INFO apscheduler.executors.default: Job "main.<locals>.write_heartbeat_job (trigger: interval[0:00:15], next run at: 2026-09-17 17:40:50 +07)" executed successfully
2026-09-17 17:40:36,013 INFO apscheduler.executors.default: Running job "main.<locals>.run_scan (trigger: cron[second='1,6,11,16,21,26,31,36,41,46,51,56'], next run at: 2026-09-17 17:40:41 +07)" (scheduled at 2026-09-17 17:40:36+07:00)
2026-09-17 17:40:36,016 INFO apscheduler.executors.default: Job "main.<locals>.run_scan (trigger: cron[second='1,6,11,16,21,26,31,36,41,46,51,56'], next run at: 2026-09-17 17:40:41 +07)" executed successfully
2026-09-17 17:40:39,442 INFO apscheduler.executors.default: Running job "main.<locals>.run_lts_aus_fast_scan (trigger: interval[0:00:05], next run at: 2026-09-17 17:40:44 +07)" (scheduled at 2026-09-17 17:40:39.432380+07:00)
2026-09-17 17:40:39,444 INFO apscheduler.executors.default: Job "main.<locals>.run_lts_aus_fast_scan (trigger: interval[0:00:05], next run at: 2026-09-17 17:40:44 +07)" executed successfully
2026-09-17 17:40:39,445 INFO apscheduler.executors.default: Running job "main.<locals>.run_position_check (trigger: interval[0:00:05], next run at: 2026-09-17 17:40:44 +07)" (scheduled at 2026-09-17 17:40:39.433381+07:00)
2026-09-17 17:40:39,447 INFO apscheduler.executors.default: Job "main.<locals>.run_position_check (trigger: interval[0:00:05], next run at: 2026-09-17 17:40:44 +07)" executed successfully
2026-09-17 17:40:39,448 INFO apscheduler.executors.default: Running job "main.<locals>.run_trail_sl (trigger: interval[0:00:05], next run at: 2026-09-17 17:40:44 +07)" (scheduled at 2026-09-17 17:40:39.433381+07:00)
2026-09-17 17:40:39,448 INFO apscheduler.executors.default: Job "main.<locals>.run_trail_sl (trigger: interval[0:00:05], next run at: 2026-09-17 17:40:44 +07)" executed successfully
2026-09-17 17:40:41,010 INFO apscheduler.executors.default: Running job "main.<locals>.run_scan (trigger: cron[second='1,6,11,16,21,26,31,36,41,46,51,56'], next run at: 2026-09-17 17:40:46 +07)" (scheduled at 2026-09-17 17:40:41+07:00)
2026-09-17 17:40:41,010 INFO apscheduler.executors.default: Job "main.<locals>.run_scan (trigger: cron[second='1,6,11,16,21,26,31,36,41,46,51,56'], next run at: 2026-09-17 17:40:46 +07)" executed successfully
2026-09-17 17:40:44,110 INFO httpx: HTTP Request: POST https://api.telegram.org/bot8759704311:AAFifFvXYLNPJZYlq-E4p3RVCUNiR0Ny6Ic/getUpdates "HTTP/1.1 200 OK"
2026-09-17 17:40:44,438 INFO apscheduler.executors.default: Running job "main.<locals>.run_lts_aus_fast_scan (trigger: interval[0:00:05], next run at: 2026-09-17 17:40:49 +07)" (scheduled at 2026-09-17 17:40:44.432380+07:00)
2026-09-17 17:40:44,439 INFO apscheduler.executors.default: Job "main.<locals>.run_lts_aus_fast_scan (trigger: interval[0:00:05], next run at: 2026-09-17 17:40:49 +07)" executed successfully
2026-09-17 17:40:44,440 INFO apscheduler.executors.default: Running job "main.<locals>.run_position_check (trigger: interval[0:00:05], next run at: 2026-09-17 17:40:49 +07)" (scheduled at 2026-09-17 17:40:44.433381+07:00)
2026-09-17 17:40:44,442 INFO apscheduler.executors.default: Job "main.<locals>.run_position_check (trigger: interval[0:00:05], next run at: 2026-09-17 17:40:49 +07)" executed successfully
2026-09-17 17:40:44,443 INFO apscheduler.executors.default: Running job "main.<locals>.run_trail_sl (trigger: interval[0:00:05], next run at: 2026-09-17 17:40:49 +07)" (scheduled at 2026-09-17 17:40:44.433381+07:00)
2026-09-17 17:40:44,443 INFO apscheduler.executors.default: Job "main.<locals>.run_trail_sl (trigger: interval[0:00:05], next run at: 2026-09-17 17:40:49 +07)" executed successfully
2026-09-17 17:40:46,009 INFO apscheduler.executors.default: Running job "main.<locals>.run_scan (trigger: cron[second='1,6,11,16,21,26,31,36,41,46,51,56'], next run at: 2026-09-17 17:40:51 +07)" (scheduled at 2026-09-17 17:40:46+07:00)
2026-09-17 17:40:46,009 INFO apscheduler.executors.default: Job "main.<locals>.run_scan (trigger: cron[second='1,6,11,16,21,26,31,36,41,46,51,56'], next run at: 2026-09-17 17:40:51 +07)" executed successfully
2026-09-17 17:40:49,445 INFO apscheduler.executors.default: Running job "main.<locals>.check_symbol_switch (trigger: interval[0:01:00], next run at: 2026-09-17 17:41:49 +07)" (scheduled at 2026-09-17 17:40:49.430373+07:00)
2026-09-17 17:40:49,451 INFO apscheduler.executors.default: Job "main.<locals>.check_symbol_switch (trigger: interval[0:01:00], next run at: 2026-09-17 17:41:49 +07)" executed successfully
2026-09-17 17:40:49,451 INFO apscheduler.executors.default: Running job "main.<locals>.run_lts_aus_fast_scan (trigger: interval[0:00:05], next run at: 2026-09-17 17:40:54 +07)" (scheduled at 2026-09-17 17:40:49.432380+07:00)
2026-09-17 17:40:49,451 INFO apscheduler.executors.default: Job "main.<locals>.run_lts_aus_fast_scan (trigger: interval[0:00:05], next run at: 2026-09-17 17:40:54 +07)" executed successfully
2026-09-17 17:40:49,452 INFO apscheduler.executors.default: Running job "main.<locals>.run_position_check (trigger: interval[0:00:05], next run at: 2026-09-17 17:40:54 +07)" (scheduled at 2026-09-17 17:40:49.433381+07:00)
2026-09-17 17:40:49,455 INFO apscheduler.executors.default: Job "main.<locals>.run_position_check (trigger: interval[0:00:05], next run at: 2026-09-17 17:40:54 +07)" executed successfully
2026-09-17 17:40:49,455 INFO apscheduler.executors.default: Running job "main.<locals>.run_trail_sl (trigger: interval[0:00:05], next run at: 2026-09-17 17:40:54 +07)" (scheduled at 2026-09-17 17:40:49.433381+07:00)
2026-09-17 17:40:49,457 INFO apscheduler.executors.default: Job "main.<locals>.run_trail_sl (trigger: interval[0:00:05], next run at: 2026-09-17 17:40:54 +07)" executed successfully
2026-09-17 17:40:49,457 INFO apscheduler.executors.default: Running job "main.<locals>.save_bot_state_job (trigger: interval[0:00:15], next run at: 2026-09-17 17:41:04 +07)" (scheduled at 2026-09-17 17:40:49.434380+07:00)
2026-09-17 17:40:49,460 INFO apscheduler.executors.default: Job "main.<locals>.save_bot_state_job (trigger: interval[0:00:15], next run at: 2026-09-17 17:41:04 +07)" executed successfully
2026-09-17 17:40:49,461 INFO apscheduler.executors.default: Running job "main.<locals>.run_watchdog (trigger: interval[0:01:00], next run at: 2026-09-17 17:41:49 +07)" (scheduled at 2026-09-17 17:40:49.435380+07:00)
2026-09-17 17:40:49,465 INFO apscheduler.executors.default: Job "main.<locals>.run_watchdog (trigger: interval[0:01:00], next run at: 2026-09-17 17:41:49 +07)" executed successfully
2026-09-17 17:40:50,449 INFO apscheduler.executors.default: Running job "main.<locals>.write_heartbeat_job (trigger: interval[0:00:15], next run at: 2026-09-17 17:41:05 +07)" (scheduled at 2026-09-17 17:40:50.436472+07:00)
2026-09-17 17:40:50,452 INFO apscheduler.executors.default: Job "main.<locals>.write_heartbeat_job (trigger: interval[0:00:15], next run at: 2026-09-17 17:41:05 +07)" executed successfully
2026-09-17 17:40:51,006 INFO apscheduler.executors.default: Running job "main.<locals>.run_scan (trigger: cron[second='1,6,11,16,21,26,31,36,41,46,51,56'], next run at: 2026-09-17 17:40:56 +07)" (scheduled at 2026-09-17 17:40:51+07:00)
2026-09-17 17:40:51,007 INFO apscheduler.executors.default: Job "main.<locals>.run_scan (trigger: cron[second='1,6,11,16,21,26,31,36,41,46,51,56'], next run at: 2026-09-17 17:40:56 +07)" executed successfully
2026-09-17 17:40:54,308 INFO httpx: HTTP Request: POST https://api.telegram.org/bot8759704311:AAFifFvXYLNPJZYlq-E4p3RVCUNiR0Ny6Ic/getUpdates "HTTP/1.1 200 OK"
2026-09-17 17:40:54,442 INFO apscheduler.executors.default: Running job "main.<locals>.run_lts_aus_fast_scan (trigger: interval[0:00:05], next run at: 2026-09-17 17:40:59 +07)" (scheduled at 2026-09-17 17:40:54.432380+07:00)
2026-09-17 17:40:54,445 INFO apscheduler.executors.default: Job "main.<locals>.run_lts_aus_fast_scan (trigger: interval[0:00:05], next run at: 2026-09-17 17:40:59 +07)" executed successfully
2026-09-17 17:40:54,445 INFO apscheduler.executors.default: Running job "main.<locals>.run_position_check (trigger: interval[0:00:05], next run at: 2026-09-17 17:40:59 +07)" (scheduled at 2026-09-17 17:40:54.433381+07:00)
2026-09-17 17:40:54,448 INFO apscheduler.executors.default: Job "main.<locals>.run_position_check (trigger: interval[0:00:05], next run at: 2026-09-17 17:40:59 +07)" executed successfully
2026-09-17 17:40:54,448 INFO apscheduler.executors.default: Running job "main.<locals>.run_trail_sl (trigger: interval[0:00:05], next run at: 2026-09-17 17:40:59 +07)" (scheduled at 2026-09-17 17:40:54.433381+07:00)
2026-09-17 17:40:54,449 INFO apscheduler.executors.default: Job "main.<locals>.run_trail_sl (trigger: interval[0:00:05], next run at: 2026-09-17 17:40:59 +07)" executed successfully
2026-09-17 17:40:56,013 INFO apscheduler.executors.default: Running job "main.<locals>.run_scan (trigger: cron[second='1,6,11,16,21,26,31,36,41,46,51,56'], next run at: 2026-09-17 17:41:01 +07)" (scheduled at 2026-09-17 17:40:56+07:00)
2026-09-17 17:40:56,013 INFO apscheduler.executors.default: Job "main.<locals>.run_scan (trigger: cron[second='1,6,11,16,21,26,31,36,41,46,51,56'], next run at: 2026-09-17 17:41:01 +07)" executed successfully
2026-09-17 17:40:59,437 INFO apscheduler.executors.default: Running job "main.<locals>.run_lts_aus_fast_scan (trigger: interval[0:00:05], next run at: 2026-09-17 17:41:04 +07)" (scheduled at 2026-09-17 17:40:59.432380+07:00)
2026-09-17 17:40:59,437 INFO apscheduler.executors.default: Job "main.<locals>.run_lts_aus_fast_scan (trigger: interval[0:00:05], next run at: 2026-09-17 17:41:04 +07)" executed successfully
2026-09-17 17:40:59,438 INFO apscheduler.executors.default: Running job "main.<locals>.run_position_check (trigger: interval[0:00:05], next run at: 2026-09-17 17:41:04 +07)" (scheduled at 2026-09-17 17:40:59.433381+07:00)
2026-09-17 17:40:59,441 INFO apscheduler.executors.default: Job "main.<locals>.run_position_check (trigger: interval[0:00:05], next run at: 2026-09-17 17:41:04 +07)" executed successfully
2026-09-17 17:40:59,441 INFO apscheduler.executors.default: Running job "main.<locals>.run_trail_sl (trigger: interval[0:00:05], next run at: 2026-09-17 17:41:04 +07)" (scheduled at 2026-09-17 17:40:59.433381+07:00)
2026-09-17 17:40:59,441 INFO apscheduler.executors.default: Job "main.<locals>.run_trail_sl (trigger: interval[0:00:05], next run at: 2026-09-17 17:41:04 +07)" executed successfully
2026-09-17 17:41:01,011 INFO apscheduler.executors.default: Running job "main.<locals>.run_scan (trigger: cron[second='1,6,11,16,21,26,31,36,41,46,51,56'], next run at: 2026-09-17 17:41:06 +07)" (scheduled at 2026-09-17 17:41:01+07:00)
2026-09-17 17:41:01,011 INFO apscheduler.executors.default: Job "main.<locals>.run_scan (trigger: cron[second='1,6,11,16,21,26,31,36,41,46,51,56'], next run at: 2026-09-17 17:41:06 +07)" executed successfully
2026-09-17 17:41:04,440 INFO apscheduler.executors.default: Running job "main.<locals>.run_lts_aus_fast_scan (trigger: interval[0:00:05], next run at: 2026-09-17 17:41:09 +07)" (scheduled at 2026-09-17 17:41:04.432380+07:00)
2026-09-17 17:41:04,440 INFO apscheduler.executors.default: Job "main.<locals>.run_lts_aus_fast_scan (trigger: interval[0:00:05], next run at: 2026-09-17 17:41:09 +07)" executed successfully
2026-09-17 17:41:04,440 INFO apscheduler.executors.default: Running job "main.<locals>.run_position_check (trigger: interval[0:00:05], next run at: 2026-09-17 17:41:09 +07)" (scheduled at 2026-09-17 17:41:04.433381+07:00)
2026-09-17 17:41:04,445 INFO apscheduler.executors.default: Job "main.<locals>.run_position_check (trigger: interval[0:00:05], next run at: 2026-09-17 17:41:09 +07)" executed successfully
2026-09-17 17:41:04,445 INFO apscheduler.executors.default: Running job "main.<locals>.run_trail_sl (trigger: interval[0:00:05], next run at: 2026-09-17 17:41:09 +07)" (scheduled at 2026-09-17 17:41:04.433381+07:00)
2026-09-17 17:41:04,445 INFO apscheduler.executors.default: Job "main.<locals>.run_trail_sl (trigger: interval[0:00:05], next run at: 2026-09-17 17:41:09 +07)" executed successfully
2026-09-17 17:41:04,446 INFO apscheduler.executors.default: Running job "main.<locals>.save_bot_state_job (trigger: interval[0:00:15], next run at: 2026-09-17 17:41:19 +07)" (scheduled at 2026-09-17 17:41:04.434380+07:00)
2026-09-17 17:41:04,447 INFO apscheduler.executors.default: Job "main.<locals>.save_bot_state_job (trigger: interval[0:00:15], next run at: 2026-09-17 17:41:19 +07)" executed successfully
2026-09-17 17:41:04,522 INFO httpx: HTTP Request: POST https://api.telegram.org/bot8759704311:AAFifFvXYLNPJZYlq-E4p3RVCUNiR0Ny6Ic/getUpdates "HTTP/1.1 200 OK"
2026-09-17 17:41:05,452 INFO apscheduler.executors.default: Running job "main.<locals>.write_heartbeat_job (trigger: interval[0:00:15], next run at: 2026-09-17 17:41:20 +07)" (scheduled at 2026-09-17 17:41:05.436472+07:00)
2026-09-17 17:41:05,454 INFO apscheduler.executors.default: Job "main.<locals>.write_heartbeat_job (trigger: interval[0:00:15], next run at: 2026-09-17 17:41:20 +07)" executed successfully
2026-09-17 17:41:06,009 INFO apscheduler.executors.default: Running job "main.<locals>.run_scan (trigger: cron[second='1,6,11,16,21,26,31,36,41,46,51,56'], next run at: 2026-09-17 17:41:11 +07)" (scheduled at 2026-09-17 17:41:06+07:00)
2026-09-17 17:41:06,009 INFO apscheduler.executors.default: Job "main.<locals>.run_scan (trigger: cron[second='1,6,11,16,21,26,31,36,41,46,51,56'], next run at: 2026-09-17 17:41:11 +07)" executed successfully
2026-09-17 17:41:09,446 INFO apscheduler.executors.default: Running job "main.<locals>.run_lts_aus_fast_scan (trigger: interval[0:00:05], next run at: 2026-09-17 17:41:14 +07)" (scheduled at 2026-09-17 17:41:09.432380+07:00)
2026-09-17 17:41:09,448 INFO apscheduler.executors.default: Job "main.<locals>.run_lts_aus_fast_scan (trigger: interval[0:00:05], next run at: 2026-09-17 17:41:14 +07)" executed successfully
2026-09-17 17:41:09,448 INFO apscheduler.executors.default: Running job "main.<locals>.run_position_check (trigger: interval[0:00:05], next run at: 2026-09-17 17:41:14 +07)" (scheduled at 2026-09-17 17:41:09.433381+07:00)
2026-09-17 17:41:09,451 INFO apscheduler.executors.default: Job "main.<locals>.run_position_check (trigger: interval[0:00:05], next run at: 2026-09-17 17:41:14 +07)" executed successfully
2026-09-17 17:41:09,451 INFO apscheduler.executors.default: Running job "main.<locals>.run_trail_sl (trigger: interval[0:00:05], next run at: 2026-09-17 17:41:14 +07)" (scheduled at 2026-09-17 17:41:09.433381+07:00)
2026-09-17 17:41:09,452 INFO apscheduler.executors.default: Job "main.<locals>.run_trail_sl (trigger: interval[0:00:05], next run at: 2026-09-17 17:41:14 +07)" executed successfully
2026-09-17 17:41:11,013 INFO apscheduler.executors.default: Running job "main.<locals>.run_scan (trigger: cron[second='1,6,11,16,21,26,31,36,41,46,51,56'], next run at: 2026-09-17 17:41:16 +07)" (scheduled at 2026-09-17 17:41:11+07:00)
2026-09-17 17:41:11,013 INFO apscheduler.executors.default: Job "main.<locals>.run_scan (trigger: cron[second='1,6,11,16,21,26,31,36,41,46,51,56'], next run at: 2026-09-17 17:41:16 +07)" executed successfully
2026-09-17 17:41:14,448 INFO apscheduler.executors.default: Running job "main.<locals>.run_lts_aus_fast_scan (trigger: interval[0:00:05], next run at: 2026-09-17 17:41:19 +07)" (scheduled at 2026-09-17 17:41:14.432380+07:00)
2026-09-17 17:41:14,448 INFO apscheduler.executors.default: Job "main.<locals>.run_lts_aus_fast_scan (trigger: interval[0:00:05], next run at: 2026-09-17 17:41:19 +07)" executed successfully
2026-09-17 17:41:14,448 INFO apscheduler.executors.default: Running job "main.<locals>.run_position_check (trigger: interval[0:00:05], next run at: 2026-09-17 17:41:19 +07)" (scheduled at 2026-09-17 17:41:14.433381+07:00)
2026-09-17 17:41:14,451 INFO apscheduler.executors.default: Job "main.<locals>.run_position_check (trigger: interval[0:00:05], next run at: 2026-09-17 17:41:19 +07)" executed successfully
2026-09-17 17:41:14,451 INFO apscheduler.executors.default: Running job "main.<locals>.run_trail_sl (trigger: interval[0:00:05], next run at: 2026-09-17 17:41:19 +07)" (scheduled at 2026-09-17 17:41:14.433381+07:00)
2026-09-17 17:41:14,452 INFO apscheduler.executors.default: Job "main.<locals>.run_trail_sl (trigger: interval[0:00:05], next run at: 2026-09-17 17:41:19 +07)" executed successfully
2026-09-17 17:41:14,713 INFO httpx: HTTP Request: POST https://api.telegram.org/bot8759704311:AAFifFvXYLNPJZYlq-E4p3RVCUNiR0Ny6Ic/getUpdates "HTTP/1.1 200 OK"
2026-09-17 17:41:16,018 INFO apscheduler.executors.default: Running job "main.<locals>.run_scan (trigger: cron[second='1,6,11,16,21,26,31,36,41,46,51,56'], next run at: 2026-09-17 17:41:21 +07)" (scheduled at 2026-09-17 17:41:16+07:00)
2026-09-17 17:41:16,019 INFO apscheduler.executors.default: Job "main.<locals>.run_scan (trigger: cron[second='1,6,11,16,21,26,31,36,41,46,51,56'], next run at: 2026-09-17 17:41:21 +07)" executed successfully
2026-09-17 17:41:19,438 INFO apscheduler.executors.default: Running job "main.<locals>.run_lts_aus_fast_scan (trigger: interval[0:00:05], next run at: 2026-09-17 17:41:24 +07)" (scheduled at 2026-09-17 17:41:19.432380+07:00)
2026-09-17 17:41:19,439 INFO apscheduler.executors.default: Job "main.<locals>.run_lts_aus_fast_scan (trigger: interval[0:00:05], next run at: 2026-09-17 17:41:24 +07)" executed successfully
2026-09-17 17:41:19,439 INFO apscheduler.executors.default: Running job "main.<locals>.run_position_check (trigger: interval[0:00:05], next run at: 2026-09-17 17:41:24 +07)" (scheduled at 2026-09-17 17:41:19.433381+07:00)
2026-09-17 17:41:19,443 INFO apscheduler.executors.default: Job "main.<locals>.run_position_check (trigger: interval[0:00:05], next run at: 2026-09-17 17:41:24 +07)" executed successfully
2026-09-17 17:41:19,444 INFO apscheduler.executors.default: Running job "main.<locals>.run_trail_sl (trigger: interval[0:00:05], next run at: 2026-09-17 17:41:24 +07)" (scheduled at 2026-09-17 17:41:19.433381+07:00)
2026-09-17 17:41:19,444 INFO apscheduler.executors.default: Job "main.<locals>.run_trail_sl (trigger: interval[0:00:05], next run at: 2026-09-17 17:41:24 +07)" executed successfully
2026-09-17 17:41:19,444 INFO apscheduler.executors.default: Running job "main.<locals>.save_bot_state_job (trigger: interval[0:00:15], next run at: 2026-09-17 17:41:34 +07)" (scheduled at 2026-09-17 17:41:19.434380+07:00)
2026-09-17 17:41:19,447 INFO apscheduler.executors.default: Job "main.<locals>.save_bot_state_job (trigger: interval[0:00:15], next run at: 2026-09-17 17:41:34 +07)" executed successfully
2026-09-17 17:41:20,447 INFO apscheduler.executors.default: Running job "main.<locals>.write_heartbeat_job (trigger: interval[0:00:15], next run at: 2026-09-17 17:41:35 +07)" (scheduled at 2026-09-17 17:41:20.436472+07:00)
2026-09-17 17:41:20,450 INFO apscheduler.executors.default: Job "main.<locals>.write_heartbeat_job (trigger: interval[0:00:15], next run at: 2026-09-17 17:41:35 +07)" executed successfully
2026-09-17 17:41:21,005 INFO apscheduler.executors.default: Running job "main.<locals>.run_scan (trigger: cron[second='1,6,11,16,21,26,31,36,41,46,51,56'], next run at: 2026-09-17 17:41:26 +07)" (scheduled at 2026-09-17 17:41:21+07:00)
2026-09-17 17:41:21,005 INFO apscheduler.executors.default: Job "main.<locals>.run_scan (trigger: cron[second='1,6,11,16,21,26,31,36,41,46,51,56'], next run at: 2026-09-17 17:41:26 +07)" executed successfully
2026-09-17 17:41:24,439 INFO apscheduler.executors.default: Running job "main.<locals>.run_lts_aus_fast_scan (trigger: interval[0:00:05], next run at: 2026-09-17 17:41:29 +07)" (scheduled at 2026-09-17 17:41:24.432380+07:00)
2026-09-17 17:41:24,441 INFO apscheduler.executors.default: Job "main.<locals>.run_lts_aus_fast_scan (trigger: interval[0:00:05], next run at: 2026-09-17 17:41:29 +07)" executed successfully
2026-09-17 17:41:24,441 INFO apscheduler.executors.default: Running job "main.<locals>.run_position_check (trigger: interval[0:00:05], next run at: 2026-09-17 17:41:29 +07)" (scheduled at 2026-09-17 17:41:24.433381+07:00)
2026-09-17 17:41:24,445 INFO apscheduler.executors.default: Job "main.<locals>.run_position_check (trigger: interval[0:00:05], next run at: 2026-09-17 17:41:29 +07)" executed successfully
2026-09-17 17:41:24,445 INFO apscheduler.executors.default: Running job "main.<locals>.run_trail_sl (trigger: interval[0:00:05], next run at: 2026-09-17 17:41:29 +07)" (scheduled at 2026-09-17 17:41:24.433381+07:00)
2026-09-17 17:41:24,445 INFO apscheduler.executors.default: Job "main.<locals>.run_trail_sl (trigger: interval[0:00:05], next run at: 2026-09-17 17:41:29 +07)" executed successfully
2026-09-17 17:41:24,913 INFO httpx: HTTP Request: POST https://api.telegram.org/bot8759704311:AAFifFvXYLNPJZYlq-E4p3RVCUNiR0Ny6Ic/getUpdates "HTTP/1.1 200 OK"
2026-09-17 17:41:26,014 INFO apscheduler.executors.default: Running job "main.<locals>.run_scan (trigger: cron[second='1,6,11,16,21,26,31,36,41,46,51,56'], next run at: 2026-09-17 17:41:31 +07)" (scheduled at 2026-09-17 17:41:26+07:00)
2026-09-17 17:41:26,015 INFO apscheduler.executors.default: Job "main.<locals>.run_scan (trigger: cron[second='1,6,11,16,21,26,31,36,41,46,51,56'], next run at: 2026-09-17 17:41:31 +07)" executed successfully
2026-09-17 17:41:29,435 INFO apscheduler.executors.default: Running job "main.<locals>.run_lts_aus_fast_scan (trigger: interval[0:00:05], next run at: 2026-09-17 17:41:34 +07)" (scheduled at 2026-09-17 17:41:29.432380+07:00)
2026-09-17 17:41:29,435 INFO apscheduler.executors.default: Job "main.<locals>.run_lts_aus_fast_scan (trigger: interval[0:00:05], next run at: 2026-09-17 17:41:34 +07)" executed successfully
2026-09-17 17:41:29,436 INFO apscheduler.executors.default: Running job "main.<locals>.run_position_check (trigger: interval[0:00:05], next run at: 2026-09-17 17:41:34 +07)" (scheduled at 2026-09-17 17:41:29.433381+07:00)
2026-09-17 17:41:29,439 INFO apscheduler.executors.default: Job "main.<locals>.run_position_check (trigger: interval[0:00:05], next run at: 2026-09-17 17:41:34 +07)" executed successfully
2026-09-17 17:41:29,440 INFO apscheduler.executors.default: Running job "main.<locals>.run_trail_sl (trigger: interval[0:00:05], next run at: 2026-09-17 17:41:34 +07)" (scheduled at 2026-09-17 17:41:29.433381+07:00)
2026-09-17 17:41:29,440 INFO apscheduler.executors.default: Job "main.<locals>.run_trail_sl (trigger: interval[0:00:05], next run at: 2026-09-17 17:41:34 +07)" executed successfully
2026-09-17 17:41:31,005 INFO apscheduler.executors.default: Running job "main.<locals>.run_scan (trigger: cron[second='1,6,11,16,21,26,31,36,41,46,51,56'], next run at: 2026-09-17 17:41:36 +07)" (scheduled at 2026-09-17 17:41:31+07:00)
2026-09-17 17:41:31,006 INFO apscheduler.executors.default: Job "main.<locals>.run_scan (trigger: cron[second='1,6,11,16,21,26,31,36,41,46,51,56'], next run at: 2026-09-17 17:41:36 +07)" executed successfully
2026-09-17 17:41:34,450 INFO apscheduler.executors.default: Running job "main.<locals>.run_lts_aus_fast_scan (trigger: interval[0:00:05], next run at: 2026-09-17 17:41:39 +07)" (scheduled at 2026-09-17 17:41:34.432380+07:00)
2026-09-17 17:41:34,450 INFO apscheduler.executors.default: Job "main.<locals>.run_lts_aus_fast_scan (trigger: interval[0:00:05], next run at: 2026-09-17 17:41:39 +07)" executed successfully
2026-09-17 17:41:34,451 INFO apscheduler.executors.default: Running job "main.<locals>.run_position_check (trigger: interval[0:00:05], next run at: 2026-09-17 17:41:39 +07)" (scheduled at 2026-09-17 17:41:34.433381+07:00)
2026-09-17 17:41:34,453 INFO apscheduler.executors.default: Job "main.<locals>.run_position_check (trigger: interval[0:00:05], next run at: 2026-09-17 17:41:39 +07)" executed successfully
2026-09-17 17:41:34,454 INFO apscheduler.executors.default: Running job "main.<locals>.run_trail_sl (trigger: interval[0:00:05], next run at: 2026-09-17 17:41:39 +07)" (scheduled at 2026-09-17 17:41:34.433381+07:00)
2026-09-17 17:41:34,454 INFO apscheduler.executors.default: Job "main.<locals>.run_trail_sl (trigger: interval[0:00:05], next run at: 2026-09-17 17:41:39 +07)" executed successfully
2026-09-17 17:41:34,454 INFO apscheduler.executors.default: Running job "main.<locals>.save_bot_state_job (trigger: interval[0:00:15], next run at: 2026-09-17 17:41:49 +07)" (scheduled at 2026-09-17 17:41:34.434380+07:00)
2026-09-17 17:41:34,456 INFO apscheduler.executors.default: Job "main.<locals>.save_bot_state_job (trigger: interval[0:00:15], next run at: 2026-09-17 17:41:49 +07)" executed successfully
2026-09-17 17:41:35,113 INFO httpx: HTTP Request: POST https://api.telegram.org/bot8759704311:AAFifFvXYLNPJZYlq-E4p3RVCUNiR0Ny6Ic/getUpdates "HTTP/1.1 200 OK"
2026-09-17 17:41:35,441 INFO apscheduler.executors.default: Running job "main.<locals>.write_heartbeat_job (trigger: interval[0:00:15], next run at: 2026-09-17 17:41:50 +07)" (scheduled at 2026-09-17 17:41:35.436472+07:00)
2026-09-17 17:41:35,445 INFO apscheduler.executors.default: Job "main.<locals>.write_heartbeat_job (trigger: interval[0:00:15], next run at: 2026-09-17 17:41:50 +07)" executed successfully
2026-09-17 17:41:36,018 INFO apscheduler.executors.default: Running job "main.<locals>.run_scan (trigger: cron[second='1,6,11,16,21,26,31,36,41,46,51,56'], next run at: 2026-09-17 17:41:41 +07)" (scheduled at 2026-09-17 17:41:36+07:00)
2026-09-17 17:41:36,018 INFO apscheduler.executors.default: Job "main.<locals>.run_scan (trigger: cron[second='1,6,11,16,21,26,31,36,41,46,51,56'], next run at: 2026-09-17 17:41:41 +07)" executed successfully
2026-09-17 17:41:39,444 INFO apscheduler.executors.default: Running job "main.<locals>.run_lts_aus_fast_scan (trigger: interval[0:00:05], next run at: 2026-09-17 17:41:44 +07)" (scheduled at 2026-09-17 17:41:39.432380+07:00)
2026-09-17 17:41:39,446 INFO apscheduler.executors.default: Job "main.<locals>.run_lts_aus_fast_scan (trigger: interval[0:00:05], next run at: 2026-09-17 17:41:44 +07)" executed successfully
2026-09-17 17:41:39,447 INFO apscheduler.executors.default: Running job "main.<locals>.run_position_check (trigger: interval[0:00:05], next run at: 2026-09-17 17:41:44 +07)" (scheduled at 2026-09-17 17:41:39.433381+07:00)
2026-09-17 17:41:39,449 INFO apscheduler.executors.default: Job "main.<locals>.run_position_check (trigger: interval[0:00:05], next run at: 2026-09-17 17:41:44 +07)" executed successfully
2026-09-17 17:41:39,450 INFO apscheduler.executors.default: Running job "main.<locals>.run_trail_sl (trigger: interval[0:00:05], next run at: 2026-09-17 17:41:44 +07)" (scheduled at 2026-09-17 17:41:39.433381+07:00)
2026-09-17 17:41:39,450 INFO apscheduler.executors.default: Job "main.<locals>.run_trail_sl (trigger: interval[0:00:05], next run at: 2026-09-17 17:41:44 +07)" executed successfully
2026-09-17 17:41:41,012 INFO apscheduler.executors.default: Running job "main.<locals>.run_scan (trigger: cron[second='1,6,11,16,21,26,31,36,41,46,51,56'], next run at: 2026-09-17 17:41:46 +07)" (scheduled at 2026-09-17 17:41:41+07:00)
2026-09-17 17:41:41,013 INFO apscheduler.executors.default: Job "main.<locals>.run_scan (trigger: cron[second='1,6,11,16,21,26,31,36,41,46,51,56'], next run at: 2026-09-17 17:41:46 +07)" executed successfully
2026-09-17 17:41:44,445 INFO apscheduler.executors.default: Running job "main.<locals>.run_lts_aus_fast_scan (trigger: interval[0:00:05], next run at: 2026-09-17 17:41:49 +07)" (scheduled at 2026-09-17 17:41:44.432380+07:00)
2026-09-17 17:41:44,445 INFO apscheduler.executors.default: Job "main.<locals>.run_lts_aus_fast_scan (trigger: interval[0:00:05], next run at: 2026-09-17 17:41:49 +07)" executed successfully
2026-09-17 17:41:44,445 INFO apscheduler.executors.default: Running job "main.<locals>.run_position_check (trigger: interval[0:00:05], next run at: 2026-09-17 17:41:49 +07)" (scheduled at 2026-09-17 17:41:44.433381+07:00)
2026-09-17 17:41:44,449 INFO apscheduler.executors.default: Job "main.<locals>.run_position_check (trigger: interval[0:00:05], next run at: 2026-09-17 17:41:49 +07)" executed successfully
2026-09-17 17:41:44,449 INFO apscheduler.executors.default: Running job "main.<locals>.run_trail_sl (trigger: interval[0:00:05], next run at: 2026-09-17 17:41:49 +07)" (scheduled at 2026-09-17 17:41:44.433381+07:00)
2026-09-17 17:41:44,450 INFO apscheduler.executors.default: Job "main.<locals>.run_trail_sl (trigger: interval[0:00:05], next run at: 2026-09-17 17:41:49 +07)" executed successfully
2026-09-17 17:41:45,315 INFO httpx: HTTP Request: POST https://api.telegram.org/bot8759704311:AAFifFvXYLNPJZYlq-E4p3RVCUNiR0Ny6Ic/getUpdates "HTTP/1.1 200 OK"
2026-09-17 17:41:46,006 INFO apscheduler.executors.default: Running job "main.<locals>.run_scan (trigger: cron[second='1,6,11,16,21,26,31,36,41,46,51,56'], next run at: 2026-09-17 17:41:51 +07)" (scheduled at 2026-09-17 17:41:46+07:00)
2026-09-17 17:41:46,007 INFO apscheduler.executors.default: Job "main.<locals>.run_scan (trigger: cron[second='1,6,11,16,21,26,31,36,41,46,51,56'], next run at: 2026-09-17 17:41:51 +07)" executed successfully
2026-09-17 17:41:49,434 INFO apscheduler.executors.default: Running job "main.<locals>.check_symbol_switch (trigger: interval[0:01:00], next run at: 2026-09-17 17:42:49 +07)" (scheduled at 2026-09-17 17:41:49.430373+07:00)
2026-09-17 17:41:49,439 INFO apscheduler.executors.default: Job "main.<locals>.check_symbol_switch (trigger: interval[0:01:00], next run at: 2026-09-17 17:42:49 +07)" executed successfully
2026-09-17 17:41:49,439 INFO apscheduler.executors.default: Running job "main.<locals>.run_lts_aus_fast_scan (trigger: interval[0:00:05], next run at: 2026-09-17 17:41:54 +07)" (scheduled at 2026-09-17 17:41:49.432380+07:00)
2026-09-17 17:41:49,439 INFO apscheduler.executors.default: Job "main.<locals>.run_lts_aus_fast_scan (trigger: interval[0:00:05], next run at: 2026-09-17 17:41:54 +07)" executed successfully
2026-09-17 17:41:49,441 INFO apscheduler.executors.default: Running job "main.<locals>.run_position_check (trigger: interval[0:00:05], next run at: 2026-09-17 17:41:54 +07)" (scheduled at 2026-09-17 17:41:49.433381+07:00)
2026-09-17 17:41:49,444 INFO apscheduler.executors.default: Job "main.<locals>.run_position_check (trigger: interval[0:00:05], next run at: 2026-09-17 17:41:54 +07)" executed successfully
2026-09-17 17:41:49,444 INFO apscheduler.executors.default: Running job "main.<locals>.run_trail_sl (trigger: interval[0:00:05], next run at: 2026-09-17 17:41:54 +07)" (scheduled at 2026-09-17 17:41:49.433381+07:00)
2026-09-17 17:41:49,444 INFO apscheduler.executors.default: Job "main.<locals>.run_trail_sl (trigger: interval[0:00:05], next run at: 2026-09-17 17:41:54 +07)" executed successfully
2026-09-17 17:41:49,446 INFO apscheduler.executors.default: Running job "main.<locals>.save_bot_state_job (trigger: interval[0:00:15], next run at: 2026-09-17 17:42:04 +07)" (scheduled at 2026-09-17 17:41:49.434380+07:00)
2026-09-17 17:41:49,448 INFO apscheduler.executors.default: Job "main.<locals>.save_bot_state_job (trigger: interval[0:00:15], next run at: 2026-09-17 17:42:04 +07)" executed successfully
2026-09-17 17:41:49,449 INFO apscheduler.executors.default: Running job "main.<locals>.run_watchdog (trigger: interval[0:01:00], next run at: 2026-09-17 17:42:49 +07)" (scheduled at 2026-09-17 17:41:49.435380+07:00)
2026-09-17 17:41:49,455 INFO apscheduler.executors.default: Job "main.<locals>.run_watchdog (trigger: interval[0:01:00], next run at: 2026-09-17 17:42:49 +07)" executed successfully
2026-09-17 17:41:50,445 INFO apscheduler.executors.default: Running job "main.<locals>.write_heartbeat_job (trigger: interval[0:00:15], next run at: 2026-09-17 17:42:05 +07)" (scheduled at 2026-09-17 17:41:50.436472+07:00)
2026-09-17 17:41:50,449 INFO apscheduler.executors.default: Job "main.<locals>.write_heartbeat_job (trigger: interval[0:00:15], next run at: 2026-09-17 17:42:05 +07)" executed successfully
2026-09-17 17:41:51,017 INFO apscheduler.executors.default: Running job "main.<locals>.run_scan (trigger: cron[second='1,6,11,16,21,26,31,36,41,46,51,56'], next run at: 2026-09-17 17:41:56 +07)" (scheduled at 2026-09-17 17:41:51+07:00)
2026-09-17 17:41:51,018 INFO apscheduler.executors.default: Job "main.<locals>.run_scan (trigger: cron[second='1,6,11,16,21,26,31,36,41,46,51,56'], next run at: 2026-09-17 17:41:56 +07)" executed successfully
2026-09-17 17:41:54,445 INFO apscheduler.executors.default: Running job "main.<locals>.run_lts_aus_fast_scan (trigger: interval[0:00:05], next run at: 2026-09-17 17:41:59 +07)" (scheduled at 2026-09-17 17:41:54.432380+07:00)
2026-09-17 17:41:54,447 INFO apscheduler.executors.default: Job "main.<locals>.run_lts_aus_fast_scan (trigger: interval[0:00:05], next run at: 2026-09-17 17:41:59 +07)" executed successfully
2026-09-17 17:41:54,447 INFO apscheduler.executors.default: Running job "main.<locals>.run_position_check (trigger: interval[0:00:05], next run at: 2026-09-17 17:41:59 +07)" (scheduled at 2026-09-17 17:41:54.433381+07:00)
2026-09-17 17:41:54,451 INFO apscheduler.executors.default: Job "main.<locals>.run_position_check (trigger: interval[0:00:05], next run at: 2026-09-17 17:41:59 +07)" executed successfully
2026-09-17 17:41:54,451 INFO apscheduler.executors.default: Running job "main.<locals>.run_trail_sl (trigger: interval[0:00:05], next run at: 2026-09-17 17:41:59 +07)" (scheduled at 2026-09-17 17:41:54.433381+07:00)
2026-09-17 17:41:54,452 INFO apscheduler.executors.default: Job "main.<locals>.run_trail_sl (trigger: interval[0:00:05], next run at: 2026-09-17 17:41:59 +07)" executed successfully
2026-09-17 17:41:55,516 INFO httpx: HTTP Request: POST https://api.telegram.org/bot8759704311:AAFifFvXYLNPJZYlq-E4p3RVCUNiR0Ny6Ic/getUpdates "HTTP/1.1 200 OK"
2026-09-17 17:41:56,015 INFO apscheduler.executors.default: Running job "main.<locals>.run_scan (trigger: cron[second='1,6,11,16,21,26,31,36,41,46,51,56'], next run at: 2026-09-17 17:42:01 +07)" (scheduled at 2026-09-17 17:41:56+07:00)
2026-09-17 17:41:56,016 INFO apscheduler.executors.default: Job "main.<locals>.run_scan (trigger: cron[second='1,6,11,16,21,26,31,36,41,46,51,56'], next run at: 2026-09-17 17:42:01 +07)" executed successfully
2026-09-17 17:41:59,445 INFO apscheduler.executors.default: Running job "main.<locals>.run_lts_aus_fast_scan (trigger: interval[0:00:05], next run at: 2026-09-17 17:42:04 +07)" (scheduled at 2026-09-17 17:41:59.432380+07:00)
2026-09-17 17:41:59,446 INFO apscheduler.executors.default: Job "main.<locals>.run_lts_aus_fast_scan (trigger: interval[0:00:05], next run at: 2026-09-17 17:42:04 +07)" executed successfully
2026-09-17 17:41:59,447 INFO apscheduler.executors.default: Running job "main.<locals>.run_position_check (trigger: interval[0:00:05], next run at: 2026-09-17 17:42:04 +07)" (scheduled at 2026-09-17 17:41:59.433381+07:00)
2026-09-17 17:41:59,450 INFO apscheduler.executors.default: Job "main.<locals>.run_position_check (trigger: interval[0:00:05], next run at: 2026-09-17 17:42:04 +07)" executed successfully
2026-09-17 17:41:59,451 INFO apscheduler.executors.default: Running job "main.<locals>.run_trail_sl (trigger: interval[0:00:05], next run at: 2026-09-17 17:42:04 +07)" (scheduled at 2026-09-17 17:41:59.433381+07:00)
2026-09-17 17:41:59,451 INFO apscheduler.executors.default: Job "main.<locals>.run_trail_sl (trigger: interval[0:00:05], next run at: 2026-09-17 17:42:04 +07)" executed successfully
2026-09-17 17:42:01,006 INFO apscheduler.executors.default: Running job "main.<locals>.run_scan (trigger: cron[second='1,6,11,16,21,26,31,36,41,46,51,56'], next run at: 2026-09-17 17:42:06 +07)" (scheduled at 2026-09-17 17:42:01+07:00)
2026-09-17 17:42:01,008 INFO apscheduler.executors.default: Job "main.<locals>.run_scan (trigger: cron[second='1,6,11,16,21,26,31,36,41,46,51,56'], next run at: 2026-09-17 17:42:06 +07)" executed successfully
2026-09-17 17:42:04,448 INFO apscheduler.executors.default: Running job "main.<locals>.run_lts_aus_fast_scan (trigger: interval[0:00:05], next run at: 2026-09-17 17:42:09 +07)" (scheduled at 2026-09-17 17:42:04.432380+07:00)
2026-09-17 17:42:04,448 INFO apscheduler.executors.default: Job "main.<locals>.run_lts_aus_fast_scan (trigger: interval[0:00:05], next run at: 2026-09-17 17:42:09 +07)" executed successfully
2026-09-17 17:42:04,449 INFO apscheduler.executors.default: Running job "main.<locals>.run_position_check (trigger: interval[0:00:05], next run at: 2026-09-17 17:42:09 +07)" (scheduled at 2026-09-17 17:42:04.433381+07:00)
2026-09-17 17:42:04,452 INFO apscheduler.executors.default: Job "main.<locals>.run_position_check (trigger: interval[0:00:05], next run at: 2026-09-17 17:42:09 +07)" executed successfully
2026-09-17 17:42:04,452 INFO apscheduler.executors.default: Running job "main.<locals>.run_trail_sl (trigger: interval[0:00:05], next run at: 2026-09-17 17:42:09 +07)" (scheduled at 2026-09-17 17:42:04.433381+07:00)
2026-09-17 17:42:04,453 INFO apscheduler.executors.default: Job "main.<locals>.run_trail_sl (trigger: interval[0:00:05], next run at: 2026-09-17 17:42:09 +07)" executed successfully
2026-09-17 17:42:04,453 INFO apscheduler.executors.default: Running job "main.<locals>.save_bot_state_job (trigger: interval[0:00:15], next run at: 2026-09-17 17:42:19 +07)" (scheduled at 2026-09-17 17:42:04.434380+07:00)
2026-09-17 17:42:04,456 INFO apscheduler.executors.default: Job "main.<locals>.save_bot_state_job (trigger: interval[0:00:15], next run at: 2026-09-17 17:42:19 +07)" executed successfully
2026-09-17 17:42:05,440 INFO apscheduler.executors.default: Running job "main.<locals>.write_heartbeat_job (trigger: interval[0:00:15], next run at: 2026-09-17 17:42:20 +07)" (scheduled at 2026-09-17 17:42:05.436472+07:00)
2026-09-17 17:42:05,443 INFO apscheduler.executors.default: Job "main.<locals>.write_heartbeat_job (trigger: interval[0:00:15], next run at: 2026-09-17 17:42:20 +07)" executed successfully
2026-09-17 17:42:05,710 INFO httpx: HTTP Request: POST https://api.telegram.org/bot8759704311:AAFifFvXYLNPJZYlq-E4p3RVCUNiR0Ny6Ic/getUpdates "HTTP/1.1 200 OK"
2026-09-17 17:42:06,013 INFO apscheduler.executors.default: Running job "main.<locals>.run_scan (trigger: cron[second='1,6,11,16,21,26,31,36,41,46,51,56'], next run at: 2026-09-17 17:42:11 +07)" (scheduled at 2026-09-17 17:42:06+07:00)
2026-09-17 17:42:06,013 INFO apscheduler.executors.default: Job "main.<locals>.run_scan (trigger: cron[second='1,6,11,16,21,26,31,36,41,46,51,56'], next run at: 2026-09-17 17:42:11 +07)" executed successfully
2026-09-17 17:42:09,434 INFO apscheduler.executors.default: Running job "main.<locals>.run_lts_aus_fast_scan (trigger: interval[0:00:05], next run at: 2026-09-17 17:42:14 +07)" (scheduled at 2026-09-17 17:42:09.432380+07:00)
2026-09-17 17:42:09,435 INFO apscheduler.executors.default: Job "main.<locals>.run_lts_aus_fast_scan (trigger: interval[0:00:05], next run at: 2026-09-17 17:42:14 +07)" executed successfully
2026-09-17 17:42:09,435 INFO apscheduler.executors.default: Running job "main.<locals>.run_position_check (trigger: interval[0:00:05], next run at: 2026-09-17 17:42:14 +07)" (scheduled at 2026-09-17 17:42:09.433381+07:00)
2026-09-17 17:42:09,439 INFO apscheduler.executors.default: Job "main.<locals>.run_position_check (trigger: interval[0:00:05], next run at: 2026-09-17 17:42:14 +07)" executed successfully
2026-09-17 17:42:09,441 INFO apscheduler.executors.default: Running job "main.<locals>.run_trail_sl (trigger: interval[0:00:05], next run at: 2026-09-17 17:42:14 +07)" (scheduled at 2026-09-17 17:42:09.433381+07:00)
2026-09-17 17:42:09,441 INFO apscheduler.executors.default: Job "main.<locals>.run_trail_sl (trigger: interval[0:00:05], next run at: 2026-09-17 17:42:14 +07)" executed successfully
2026-09-17 17:42:11,015 INFO apscheduler.executors.default: Running job "main.<locals>.run_scan (trigger: cron[second='1,6,11,16,21,26,31,36,41,46,51,56'], next run at: 2026-09-17 17:42:16 +07)" (scheduled at 2026-09-17 17:42:11+07:00)
2026-09-17 17:42:11,015 INFO apscheduler.executors.default: Job "main.<locals>.run_scan (trigger: cron[second='1,6,11,16,21,26,31,36,41,46,51,56'], next run at: 2026-09-17 17:42:16 +07)" executed successfully
2026-09-17 17:42:14,449 INFO apscheduler.executors.default: Running job "main.<locals>.run_lts_aus_fast_scan (trigger: interval[0:00:05], next run at: 2026-09-17 17:42:19 +07)" (scheduled at 2026-09-17 17:42:14.432380+07:00)
2026-09-17 17:42:14,449 INFO apscheduler.executors.default: Job "main.<locals>.run_lts_aus_fast_scan (trigger: interval[0:00:05], next run at: 2026-09-17 17:42:19 +07)" executed successfully
2026-09-17 17:42:14,450 INFO apscheduler.executors.default: Running job "main.<locals>.run_position_check (trigger: interval[0:00:05], next run at: 2026-09-17 17:42:19 +07)" (scheduled at 2026-09-17 17:42:14.433381+07:00)
2026-09-17 17:42:14,453 INFO apscheduler.executors.default: Job "main.<locals>.run_position_check (trigger: interval[0:00:05], next run at: 2026-09-17 17:42:19 +07)" executed successfully
2026-09-17 17:42:14,453 INFO apscheduler.executors.default: Running job "main.<locals>.run_trail_sl (trigger: interval[0:00:05], next run at: 2026-09-17 17:42:19 +07)" (scheduled at 2026-09-17 17:42:14.433381+07:00)
2026-09-17 17:42:14,454 INFO apscheduler.executors.default: Job "main.<locals>.run_trail_sl (trigger: interval[0:00:05], next run at: 2026-09-17 17:42:19 +07)" executed successfully
2026-09-17 17:42:15,914 INFO httpx: HTTP Request: POST https://api.telegram.org/bot8759704311:AAFifFvXYLNPJZYlq-E4p3RVCUNiR0Ny6Ic/getUpdates "HTTP/1.1 200 OK"
2026-09-17 17:42:16,005 INFO apscheduler.executors.default: Running job "main.<locals>.run_scan (trigger: cron[second='1,6,11,16,21,26,31,36,41,46,51,56'], next run at: 2026-09-17 17:42:21 +07)" (scheduled at 2026-09-17 17:42:16+07:00)
2026-09-17 17:42:16,006 INFO apscheduler.executors.default: Job "main.<locals>.run_scan (trigger: cron[second='1,6,11,16,21,26,31,36,41,46,51,56'], next run at: 2026-09-17 17:42:21 +07)" executed successfully
2026-09-17 17:42:19,443 INFO apscheduler.executors.default: Running job "main.<locals>.run_lts_aus_fast_scan (trigger: interval[0:00:05], next run at: 2026-09-17 17:42:24 +07)" (scheduled at 2026-09-17 17:42:19.432380+07:00)
2026-09-17 17:42:19,444 INFO apscheduler.executors.default: Job "main.<locals>.run_lts_aus_fast_scan (trigger: interval[0:00:05], next run at: 2026-09-17 17:42:24 +07)" executed successfully
2026-09-17 17:42:19,445 INFO apscheduler.executors.default: Running job "main.<locals>.run_position_check (trigger: interval[0:00:05], next run at: 2026-09-17 17:42:24 +07)" (scheduled at 2026-09-17 17:42:19.433381+07:00)
2026-09-17 17:42:19,448 INFO apscheduler.executors.default: Job "main.<locals>.run_position_check (trigger: interval[0:00:05], next run at: 2026-09-17 17:42:24 +07)" executed successfully
2026-09-17 17:42:19,448 INFO apscheduler.executors.default: Running job "main.<locals>.run_trail_sl (trigger: interval[0:00:05], next run at: 2026-09-17 17:42:24 +07)" (scheduled at 2026-09-17 17:42:19.433381+07:00)
2026-09-17 17:42:19,449 INFO apscheduler.executors.default: Job "main.<locals>.run_trail_sl (trigger: interval[0:00:05], next run at: 2026-09-17 17:42:24 +07)" executed successfully
2026-09-17 17:42:19,449 INFO apscheduler.executors.default: Running job "main.<locals>.save_bot_state_job (trigger: interval[0:00:15], next run at: 2026-09-17 17:42:34 +07)" (scheduled at 2026-09-17 17:42:19.434380+07:00)
2026-09-17 17:42:19,451 INFO apscheduler.executors.default: Job "main.<locals>.save_bot_state_job (trigger: interval[0:00:15], next run at: 2026-09-17 17:42:34 +07)" executed successfully
2026-09-17 17:42:20,451 INFO apscheduler.executors.default: Running job "main.<locals>.write_heartbeat_job (trigger: interval[0:00:15], next run at: 2026-09-17 17:42:35 +07)" (scheduled at 2026-09-17 17:42:20.436472+07:00)
2026-09-17 17:42:20,454 INFO apscheduler.executors.default: Job "main.<locals>.write_heartbeat_job (trigger: interval[0:00:15], next run at: 2026-09-17 17:42:35 +07)" executed successfully
2026-09-17 17:42:21,011 INFO apscheduler.executors.default: Running job "main.<locals>.run_scan (trigger: cron[second='1,6,11,16,21,26,31,36,41,46,51,56'], next run at: 2026-09-17 17:42:26 +07)" (scheduled at 2026-09-17 17:42:21+07:00)
2026-09-17 17:42:21,011 INFO apscheduler.executors.default: Job "main.<locals>.run_scan (trigger: cron[second='1,6,11,16,21,26,31,36,41,46,51,56'], next run at: 2026-09-17 17:42:26 +07)" executed successfully
2026-09-17 17:42:24,445 INFO apscheduler.executors.default: Running job "main.<locals>.run_lts_aus_fast_scan (trigger: interval[0:00:05], next run at: 2026-09-17 17:42:29 +07)" (scheduled at 2026-09-17 17:42:24.432380+07:00)
2026-09-17 17:42:24,447 INFO apscheduler.executors.default: Job "main.<locals>.run_lts_aus_fast_scan (trigger: interval[0:00:05], next run at: 2026-09-17 17:42:29 +07)" executed successfully
2026-09-17 17:42:24,447 INFO apscheduler.executors.default: Running job "main.<locals>.run_position_check (trigger: interval[0:00:05], next run at: 2026-09-17 17:42:29 +07)" (scheduled at 2026-09-17 17:42:24.433381+07:00)
2026-09-17 17:42:24,451 INFO apscheduler.executors.default: Job "main.<locals>.run_position_check (trigger: interval[0:00:05], next run at: 2026-09-17 17:42:29 +07)" executed successfully
2026-09-17 17:42:24,451 INFO apscheduler.executors.default: Running job "main.<locals>.run_trail_sl (trigger: interval[0:00:05], next run at: 2026-09-17 17:42:29 +07)" (scheduled at 2026-09-17 17:42:24.433381+07:00)
2026-09-17 17:42:24,452 INFO apscheduler.executors.default: Job "main.<locals>.run_trail_sl (trigger: interval[0:00:05], next run at: 2026-09-17 17:42:29 +07)" executed successfully
2026-09-17 17:42:26,023 INFO apscheduler.executors.default: Running job "main.<locals>.run_scan (trigger: cron[second='1,6,11,16,21,26,31,36,41,46,51,56'], next run at: 2026-09-17 17:42:31 +07)" (scheduled at 2026-09-17 17:42:26+07:00)
2026-09-17 17:42:26,024 INFO apscheduler.executors.default: Job "main.<locals>.run_scan (trigger: cron[second='1,6,11,16,21,26,31,36,41,46,51,56'], next run at: 2026-09-17 17:42:31 +07)" executed successfully
2026-09-17 17:42:26,118 INFO httpx: HTTP Request: POST https://api.telegram.org/bot8759704311:AAFifFvXYLNPJZYlq-E4p3RVCUNiR0Ny6Ic/getUpdates "HTTP/1.1 200 OK"
2026-09-17 17:42:29,450 INFO apscheduler.executors.default: Running job "main.<locals>.run_lts_aus_fast_scan (trigger: interval[0:00:05], next run at: 2026-09-17 17:42:34 +07)" (scheduled at 2026-09-17 17:42:29.432380+07:00)
2026-09-17 17:42:29,450 INFO apscheduler.executors.default: Job "main.<locals>.run_lts_aus_fast_scan (trigger: interval[0:00:05], next run at: 2026-09-17 17:42:34 +07)" executed successfully
2026-09-17 17:42:29,451 INFO apscheduler.executors.default: Running job "main.<locals>.run_position_check (trigger: interval[0:00:05], next run at: 2026-09-17 17:42:34 +07)" (scheduled at 2026-09-17 17:42:29.433381+07:00)
2026-09-17 17:42:29,455 INFO apscheduler.executors.default: Job "main.<locals>.run_position_check (trigger: interval[0:00:05], next run at: 2026-09-17 17:42:34 +07)" executed successfully
2026-09-17 17:42:29,455 INFO apscheduler.executors.default: Running job "main.<locals>.run_trail_sl (trigger: interval[0:00:05], next run at: 2026-09-17 17:42:34 +07)" (scheduled at 2026-09-17 17:42:29.433381+07:00)
2026-09-17 17:42:29,456 INFO apscheduler.executors.default: Job "main.<locals>.run_trail_sl (trigger: interval[0:00:05], next run at: 2026-09-17 17:42:34 +07)" executed successfully
2026-09-17 17:42:31,016 INFO apscheduler.executors.default: Running job "main.<locals>.run_scan (trigger: cron[second='1,6,11,16,21,26,31,36,41,46,51,56'], next run at: 2026-09-17 17:42:36 +07)" (scheduled at 2026-09-17 17:42:31+07:00)
2026-09-17 17:42:31,017 INFO apscheduler.executors.default: Job "main.<locals>.run_scan (trigger: cron[second='1,6,11,16,21,26,31,36,41,46,51,56'], next run at: 2026-09-17 17:42:36 +07)" executed successfully
2026-09-17 17:42:34,439 INFO apscheduler.executors.default: Running job "main.<locals>.run_lts_aus_fast_scan (trigger: interval[0:00:05], next run at: 2026-09-17 17:42:39 +07)" (scheduled at 2026-09-17 17:42:34.432380+07:00)
2026-09-17 17:42:34,439 INFO apscheduler.executors.default: Job "main.<locals>.run_lts_aus_fast_scan (trigger: interval[0:00:05], next run at: 2026-09-17 17:42:39 +07)" executed successfully
2026-09-17 17:42:34,439 INFO apscheduler.executors.default: Running job "main.<locals>.run_position_check (trigger: interval[0:00:05], next run at: 2026-09-17 17:42:39 +07)" (scheduled at 2026-09-17 17:42:34.433381+07:00)
2026-09-17 17:42:34,443 INFO apscheduler.executors.default: Job "main.<locals>.run_position_check (trigger: interval[0:00:05], next run at: 2026-09-17 17:42:39 +07)" executed successfully
2026-09-17 17:42:34,443 INFO apscheduler.executors.default: Running job "main.<locals>.run_trail_sl (trigger: interval[0:00:05], next run at: 2026-09-17 17:42:39 +07)" (scheduled at 2026-09-17 17:42:34.433381+07:00)
2026-09-17 17:42:34,444 INFO apscheduler.executors.default: Job "main.<locals>.run_trail_sl (trigger: interval[0:00:05], next run at: 2026-09-17 17:42:39 +07)" executed successfully
2026-09-17 17:42:34,445 INFO apscheduler.executors.default: Running job "main.<locals>.save_bot_state_job (trigger: interval[0:00:15], next run at: 2026-09-17 17:42:49 +07)" (scheduled at 2026-09-17 17:42:34.434380+07:00)
2026-09-17 17:42:34,447 INFO apscheduler.executors.default: Job "main.<locals>.save_bot_state_job (trigger: interval[0:00:15], next run at: 2026-09-17 17:42:49 +07)" executed successfully
2026-09-17 17:42:35,448 INFO apscheduler.executors.default: Running job "main.<locals>.write_heartbeat_job (trigger: interval[0:00:15], next run at: 2026-09-17 17:42:50 +07)" (scheduled at 2026-09-17 17:42:35.436472+07:00)
2026-09-17 17:42:35,450 INFO apscheduler.executors.default: Job "main.<locals>.write_heartbeat_job (trigger: interval[0:00:15], next run at: 2026-09-17 17:42:50 +07)" executed successfully
2026-09-17 17:42:36,008 INFO apscheduler.executors.default: Running job "main.<locals>.run_scan (trigger: cron[second='1,6,11,16,21,26,31,36,41,46,51,56'], next run at: 2026-09-17 17:42:41 +07)" (scheduled at 2026-09-17 17:42:36+07:00)
2026-09-17 17:42:36,009 INFO apscheduler.executors.default: Job "main.<locals>.run_scan (trigger: cron[second='1,6,11,16,21,26,31,36,41,46,51,56'], next run at: 2026-09-17 17:42:41 +07)" executed successfully
2026-09-17 17:42:36,313 INFO httpx: HTTP Request: POST https://api.telegram.org/bot8759704311:AAFifFvXYLNPJZYlq-E4p3RVCUNiR0Ny6Ic/getUpdates "HTTP/1.1 200 OK"
2026-09-17 17:42:39,437 INFO apscheduler.executors.default: Running job "main.<locals>.run_lts_aus_fast_scan (trigger: interval[0:00:05], next run at: 2026-09-17 17:42:44 +07)" (scheduled at 2026-09-17 17:42:39.432380+07:00)
2026-09-17 17:42:39,438 INFO apscheduler.executors.default: Job "main.<locals>.run_lts_aus_fast_scan (trigger: interval[0:00:05], next run at: 2026-09-17 17:42:44 +07)" executed successfully
2026-09-17 17:42:39,438 INFO apscheduler.executors.default: Running job "main.<locals>.run_position_check (trigger: interval[0:00:05], next run at: 2026-09-17 17:42:44 +07)" (scheduled at 2026-09-17 17:42:39.433381+07:00)
2026-09-17 17:42:39,441 INFO apscheduler.executors.default: Job "main.<locals>.run_position_check (trigger: interval[0:00:05], next run at: 2026-09-17 17:42:44 +07)" executed successfully
2026-09-17 17:42:39,442 INFO apscheduler.executors.default: Running job "main.<locals>.run_trail_sl (trigger: interval[0:00:05], next run at: 2026-09-17 17:42:44 +07)" (scheduled at 2026-09-17 17:42:39.433381+07:00)
2026-09-17 17:42:39,443 INFO apscheduler.executors.default: Job "main.<locals>.run_trail_sl (trigger: interval[0:00:05], next run at: 2026-09-17 17:42:44 +07)" executed successfully
2026-09-17 17:42:41,011 INFO apscheduler.executors.default: Running job "main.<locals>.run_scan (trigger: cron[second='1,6,11,16,21,26,31,36,41,46,51,56'], next run at: 2026-09-17 17:42:46 +07)" (scheduled at 2026-09-17 17:42:41+07:00)
2026-09-17 17:42:41,011 INFO apscheduler.executors.default: Job "main.<locals>.run_scan (trigger: cron[second='1,6,11,16,21,26,31,36,41,46,51,56'], next run at: 2026-09-17 17:42:46 +07)" executed successfully
2026-09-17 17:42:44,449 INFO apscheduler.executors.default: Running job "main.<locals>.run_lts_aus_fast_scan (trigger: interval[0:00:05], next run at: 2026-09-17 17:42:49 +07)" (scheduled at 2026-09-17 17:42:44.432380+07:00)
2026-09-17 17:42:44,449 INFO apscheduler.executors.default: Job "main.<locals>.run_lts_aus_fast_scan (trigger: interval[0:00:05], next run at: 2026-09-17 17:42:49 +07)" executed successfully
2026-09-17 17:42:44,450 INFO apscheduler.executors.default: Running job "main.<locals>.run_position_check (trigger: interval[0:00:05], next run at: 2026-09-17 17:42:49 +07)" (scheduled at 2026-09-17 17:42:44.433381+07:00)
2026-09-17 17:42:44,452 INFO apscheduler.executors.default: Job "main.<locals>.run_position_check (trigger: interval[0:00:05], next run at: 2026-09-17 17:42:49 +07)" executed successfully
2026-09-17 17:42:44,452 INFO apscheduler.executors.default: Running job "main.<locals>.run_trail_sl (trigger: interval[0:00:05], next run at: 2026-09-17 17:42:49 +07)" (scheduled at 2026-09-17 17:42:44.433381+07:00)
2026-09-17 17:42:44,453 INFO apscheduler.executors.default: Job "main.<locals>.run_trail_sl (trigger: interval[0:00:05], next run at: 2026-09-17 17:42:49 +07)" executed successfully
2026-09-17 17:42:46,007 INFO apscheduler.executors.default: Running job "main.<locals>.run_scan (trigger: cron[second='1,6,11,16,21,26,31,36,41,46,51,56'], next run at: 2026-09-17 17:42:51 +07)" (scheduled at 2026-09-17 17:42:46+07:00)
2026-09-17 17:42:46,007 INFO apscheduler.executors.default: Job "main.<locals>.run_scan (trigger: cron[second='1,6,11,16,21,26,31,36,41,46,51,56'], next run at: 2026-09-17 17:42:51 +07)" executed successfully
2026-09-17 17:42:46,520 INFO httpx: HTTP Request: POST https://api.telegram.org/bot8759704311:AAFifFvXYLNPJZYlq-E4p3RVCUNiR0Ny6Ic/getUpdates "HTTP/1.1 200 OK"
2026-09-17 17:42:49,447 INFO apscheduler.executors.default: Running job "main.<locals>.check_symbol_switch (trigger: interval[0:01:00], next run at: 2026-09-17 17:43:49 +07)" (scheduled at 2026-09-17 17:42:49.430373+07:00)
2026-09-17 17:42:49,455 INFO apscheduler.executors.default: Job "main.<locals>.check_symbol_switch (trigger: interval[0:01:00], next run at: 2026-09-17 17:43:49 +07)" executed successfully
2026-09-17 17:42:49,455 INFO apscheduler.executors.default: Running job "main.<locals>.run_lts_aus_fast_scan (trigger: interval[0:00:05], next run at: 2026-09-17 17:42:54 +07)" (scheduled at 2026-09-17 17:42:49.432380+07:00)
2026-09-17 17:42:49,455 INFO apscheduler.executors.default: Job "main.<locals>.run_lts_aus_fast_scan (trigger: interval[0:00:05], next run at: 2026-09-17 17:42:54 +07)" executed successfully
2026-09-17 17:42:49,456 INFO apscheduler.executors.default: Running job "main.<locals>.run_position_check (trigger: interval[0:00:05], next run at: 2026-09-17 17:42:54 +07)" (scheduled at 2026-09-17 17:42:49.433381+07:00)
2026-09-17 17:42:49,459 INFO apscheduler.executors.default: Job "main.<locals>.run_position_check (trigger: interval[0:00:05], next run at: 2026-09-17 17:42:54 +07)" executed successfully
2026-09-17 17:42:49,459 INFO apscheduler.executors.default: Running job "main.<locals>.run_trail_sl (trigger: interval[0:00:05], next run at: 2026-09-17 17:42:54 +07)" (scheduled at 2026-09-17 17:42:49.433381+07:00)
2026-09-17 17:42:49,459 INFO apscheduler.executors.default: Job "main.<locals>.run_trail_sl (trigger: interval[0:00:05], next run at: 2026-09-17 17:42:54 +07)" executed successfully
2026-09-17 17:42:49,460 INFO apscheduler.executors.default: Running job "main.<locals>.save_bot_state_job (trigger: interval[0:00:15], next run at: 2026-09-17 17:43:04 +07)" (scheduled at 2026-09-17 17:42:49.434380+07:00)
2026-09-17 17:42:49,462 INFO apscheduler.executors.default: Job "main.<locals>.save_bot_state_job (trigger: interval[0:00:15], next run at: 2026-09-17 17:43:04 +07)" executed successfully
2026-09-17 17:42:49,463 INFO apscheduler.executors.default: Running job "main.<locals>.run_watchdog (trigger: interval[0:01:00], next run at: 2026-09-17 17:43:49 +07)" (scheduled at 2026-09-17 17:42:49.435380+07:00)
2026-09-17 17:42:49,468 INFO apscheduler.executors.default: Job "main.<locals>.run_watchdog (trigger: interval[0:01:00], next run at: 2026-09-17 17:43:49 +07)" executed successfully
2026-09-17 17:42:50,452 INFO apscheduler.executors.default: Running job "main.<locals>.write_heartbeat_job (trigger: interval[0:00:15], next run at: 2026-09-17 17:43:05 +07)" (scheduled at 2026-09-17 17:42:50.436472+07:00)
2026-09-17 17:42:50,456 INFO apscheduler.executors.default: Job "main.<locals>.write_heartbeat_job (trigger: interval[0:00:15], next run at: 2026-09-17 17:43:05 +07)" executed successfully
2026-09-17 17:42:51,010 INFO apscheduler.executors.default: Running job "main.<locals>.run_scan (trigger: cron[second='1,6,11,16,21,26,31,36,41,46,51,56'], next run at: 2026-09-17 17:42:56 +07)" (scheduled at 2026-09-17 17:42:51+07:00)
2026-09-17 17:42:51,012 INFO apscheduler.executors.default: Job "main.<locals>.run_scan (trigger: cron[second='1,6,11,16,21,26,31,36,41,46,51,56'], next run at: 2026-09-17 17:42:56 +07)" executed successfully
2026-09-17 17:42:54,445 INFO apscheduler.executors.default: Running job "main.<locals>.run_lts_aus_fast_scan (trigger: interval[0:00:05], next run at: 2026-09-17 17:42:59 +07)" (scheduled at 2026-09-17 17:42:54.432380+07:00)
2026-09-17 17:42:54,446 INFO apscheduler.executors.default: Job "main.<locals>.run_lts_aus_fast_scan (trigger: interval[0:00:05], next run at: 2026-09-17 17:42:59 +07)" executed successfully
2026-09-17 17:42:54,448 INFO apscheduler.executors.default: Running job "main.<locals>.run_position_check (trigger: interval[0:00:05], next run at: 2026-09-17 17:42:59 +07)" (scheduled at 2026-09-17 17:42:54.433381+07:00)
2026-09-17 17:42:54,451 INFO apscheduler.executors.default: Job "main.<locals>.run_position_check (trigger: interval[0:00:05], next run at: 2026-09-17 17:42:59 +07)" executed successfully
2026-09-17 17:42:54,452 INFO apscheduler.executors.default: Running job "main.<locals>.run_trail_sl (trigger: interval[0:00:05], next run at: 2026-09-17 17:42:59 +07)" (scheduled at 2026-09-17 17:42:54.433381+07:00)
2026-09-17 17:42:54,452 INFO apscheduler.executors.default: Job "main.<locals>.run_trail_sl (trigger: interval[0:00:05], next run at: 2026-09-17 17:42:59 +07)" executed successfully
2026-09-17 17:42:56,019 INFO apscheduler.executors.default: Running job "main.<locals>.run_scan (trigger: cron[second='1,6,11,16,21,26,31,36,41,46,51,56'], next run at: 2026-09-17 17:43:01 +07)" (scheduled at 2026-09-17 17:42:56+07:00)
2026-09-17 17:42:56,021 INFO apscheduler.executors.default: Job "main.<locals>.run_scan (trigger: cron[second='1,6,11,16,21,26,31,36,41,46,51,56'], next run at: 2026-09-17 17:43:01 +07)" executed successfully
2026-09-17 17:42:56,725 INFO httpx: HTTP Request: POST https://api.telegram.org/bot8759704311:AAFifFvXYLNPJZYlq-E4p3RVCUNiR0Ny6Ic/getUpdates "HTTP/1.1 200 OK"
2026-09-17 17:42:59,452 INFO apscheduler.executors.default: Running job "main.<locals>.run_lts_aus_fast_scan (trigger: interval[0:00:05], next run at: 2026-09-17 17:43:04 +07)" (scheduled at 2026-09-17 17:42:59.432380+07:00)
2026-09-17 17:42:59,453 INFO apscheduler.executors.default: Job "main.<locals>.run_lts_aus_fast_scan (trigger: interval[0:00:05], next run at: 2026-09-17 17:43:04 +07)" executed successfully
2026-09-17 17:42:59,454 INFO apscheduler.executors.default: Running job "main.<locals>.run_position_check (trigger: interval[0:00:05], next run at: 2026-09-17 17:43:04 +07)" (scheduled at 2026-09-17 17:42:59.433381+07:00)
2026-09-17 17:42:59,457 INFO apscheduler.executors.default: Job "main.<locals>.run_position_check (trigger: interval[0:00:05], next run at: 2026-09-17 17:43:04 +07)" executed successfully
2026-09-17 17:42:59,457 INFO apscheduler.executors.default: Running job "main.<locals>.run_trail_sl (trigger: interval[0:00:05], next run at: 2026-09-17 17:43:04 +07)" (scheduled at 2026-09-17 17:42:59.433381+07:00)
2026-09-17 17:42:59,457 INFO apscheduler.executors.default: Job "main.<locals>.run_trail_sl (trigger: interval[0:00:05], next run at: 2026-09-17 17:43:04 +07)" executed successfully
2026-09-17 17:43:01,011 INFO apscheduler.executors.default: Running job "main.<locals>.run_scan (trigger: cron[second='1,6,11,16,21,26,31,36,41,46,51,56'], next run at: 2026-09-17 17:43:06 +07)" (scheduled at 2026-09-17 17:43:01+07:00)
2026-09-17 17:43:01,012 INFO apscheduler.executors.default: Job "main.<locals>.run_scan (trigger: cron[second='1,6,11,16,21,26,31,36,41,46,51,56'], next run at: 2026-09-17 17:43:06 +07)" executed successfully
2026-09-17 17:43:04,437 INFO apscheduler.executors.default: Running job "main.<locals>.run_lts_aus_fast_scan (trigger: interval[0:00:05], next run at: 2026-09-17 17:43:09 +07)" (scheduled at 2026-09-17 17:43:04.432380+07:00)
2026-09-17 17:43:04,438 INFO apscheduler.executors.default: Job "main.<locals>.run_lts_aus_fast_scan (trigger: interval[0:00:05], next run at: 2026-09-17 17:43:09 +07)" executed successfully
2026-09-17 17:43:04,443 INFO apscheduler.executors.default: Running job "main.<locals>.run_position_check (trigger: interval[0:00:05], next run at: 2026-09-17 17:43:09 +07)" (scheduled at 2026-09-17 17:43:04.433381+07:00)
2026-09-17 17:43:04,447 INFO apscheduler.executors.default: Job "main.<locals>.run_position_check (trigger: interval[0:00:05], next run at: 2026-09-17 17:43:09 +07)" executed successfully
2026-09-17 17:43:04,447 INFO apscheduler.executors.default: Running job "main.<locals>.run_trail_sl (trigger: interval[0:00:05], next run at: 2026-09-17 17:43:09 +07)" (scheduled at 2026-09-17 17:43:04.433381+07:00)
2026-09-17 17:43:04,447 INFO apscheduler.executors.default: Job "main.<locals>.run_trail_sl (trigger: interval[0:00:05], next run at: 2026-09-17 17:43:09 +07)" executed successfully
2026-09-17 17:43:04,448 INFO apscheduler.executors.default: Running job "main.<locals>.save_bot_state_job (trigger: interval[0:00:15], next run at: 2026-09-17 17:43:19 +07)" (scheduled at 2026-09-17 17:43:04.434380+07:00)
2026-09-17 17:43:04,450 INFO apscheduler.executors.default: Job "main.<locals>.save_bot_state_job (trigger: interval[0:00:15], next run at: 2026-09-17 17:43:19 +07)" executed successfully
2026-09-17 17:43:05,436 INFO apscheduler.executors.default: Running job "main.<locals>.write_heartbeat_job (trigger: interval[0:00:15], next run at: 2026-09-17 17:43:20 +07)" (scheduled at 2026-09-17 17:43:05.436472+07:00)
2026-09-17 17:43:05,440 INFO apscheduler.executors.default: Job "main.<locals>.write_heartbeat_job (trigger: interval[0:00:15], next run at: 2026-09-17 17:43:20 +07)" executed successfully
2026-09-17 17:43:06,010 INFO apscheduler.executors.default: Running job "main.<locals>.run_scan (trigger: cron[second='1,6,11,16,21,26,31,36,41,46,51,56'], next run at: 2026-09-17 17:43:11 +07)" (scheduled at 2026-09-17 17:43:06+07:00)
2026-09-17 17:43:06,011 INFO apscheduler.executors.default: Job "main.<locals>.run_scan (trigger: cron[second='1,6,11,16,21,26,31,36,41,46,51,56'], next run at: 2026-09-17 17:43:11 +07)" executed successfully
2026-09-17 17:43:06,919 INFO httpx: HTTP Request: POST https://api.telegram.org/bot8759704311:AAFifFvXYLNPJZYlq-E4p3RVCUNiR0Ny6Ic/getUpdates "HTTP/1.1 200 OK"
2026-09-17 17:43:09,443 INFO apscheduler.executors.default: Running job "main.<locals>.run_lts_aus_fast_scan (trigger: interval[0:00:05], next run at: 2026-09-17 17:43:14 +07)" (scheduled at 2026-09-17 17:43:09.432380+07:00)
2026-09-17 17:43:09,445 INFO apscheduler.executors.default: Job "main.<locals>.run_lts_aus_fast_scan (trigger: interval[0:00:05], next run at: 2026-09-17 17:43:14 +07)" executed successfully
2026-09-17 17:43:09,445 INFO apscheduler.executors.default: Running job "main.<locals>.run_position_check (trigger: interval[0:00:05], next run at: 2026-09-17 17:43:14 +07)" (scheduled at 2026-09-17 17:43:09.433381+07:00)
2026-09-17 17:43:09,448 INFO apscheduler.executors.default: Job "main.<locals>.run_position_check (trigger: interval[0:00:05], next run at: 2026-09-17 17:43:14 +07)" executed successfully
2026-09-17 17:43:09,448 INFO apscheduler.executors.default: Running job "main.<locals>.run_trail_sl (trigger: interval[0:00:05], next run at: 2026-09-17 17:43:14 +07)" (scheduled at 2026-09-17 17:43:09.433381+07:00)
2026-09-17 17:43:09,449 INFO apscheduler.executors.default: Job "main.<locals>.run_trail_sl (trigger: interval[0:00:05], next run at: 2026-09-17 17:43:14 +07)" executed successfully
2026-09-17 17:43:11,013 INFO apscheduler.executors.default: Running job "main.<locals>.run_scan (trigger: cron[second='1,6,11,16,21,26,31,36,41,46,51,56'], next run at: 2026-09-17 17:43:16 +07)" (scheduled at 2026-09-17 17:43:11+07:00)
2026-09-17 17:43:11,013 INFO apscheduler.executors.default: Job "main.<locals>.run_scan (trigger: cron[second='1,6,11,16,21,26,31,36,41,46,51,56'], next run at: 2026-09-17 17:43:16 +07)" executed successfully
2026-09-17 17:43:14,444 INFO apscheduler.executors.default: Running job "main.<locals>.run_lts_aus_fast_scan (trigger: interval[0:00:05], next run at: 2026-09-17 17:43:19 +07)" (scheduled at 2026-09-17 17:43:14.432380+07:00)
2026-09-17 17:43:14,445 INFO apscheduler.executors.default: Job "main.<locals>.run_lts_aus_fast_scan (trigger: interval[0:00:05], next run at: 2026-09-17 17:43:19 +07)" executed successfully
2026-09-17 17:43:14,445 INFO apscheduler.executors.default: Running job "main.<locals>.run_position_check (trigger: interval[0:00:05], next run at: 2026-09-17 17:43:19 +07)" (scheduled at 2026-09-17 17:43:14.433381+07:00)
2026-09-17 17:43:14,448 INFO apscheduler.executors.default: Job "main.<locals>.run_position_check (trigger: interval[0:00:05], next run at: 2026-09-17 17:43:19 +07)" executed successfully
2026-09-17 17:43:14,448 INFO apscheduler.executors.default: Running job "main.<locals>.run_trail_sl (trigger: interval[0:00:05], next run at: 2026-09-17 17:43:19 +07)" (scheduled at 2026-09-17 17:43:14.433381+07:00)
2026-09-17 17:43:14,449 INFO apscheduler.executors.default: Job "main.<locals>.run_trail_sl (trigger: interval[0:00:05], next run at: 2026-09-17 17:43:19 +07)" executed successfully
2026-09-17 17:43:16,014 INFO apscheduler.executors.default: Running job "main.<locals>.run_scan (trigger: cron[second='1,6,11,16,21,26,31,36,41,46,51,56'], next run at: 2026-09-17 17:43:21 +07)" (scheduled at 2026-09-17 17:43:16+07:00)
2026-09-17 17:43:16,014 INFO apscheduler.executors.default: Job "main.<locals>.run_scan (trigger: cron[second='1,6,11,16,21,26,31,36,41,46,51,56'], next run at: 2026-09-17 17:43:21 +07)" executed successfully
2026-09-17 17:43:17,117 INFO httpx: HTTP Request: POST https://api.telegram.org/bot8759704311:AAFifFvXYLNPJZYlq-E4p3RVCUNiR0Ny6Ic/getUpdates "HTTP/1.1 200 OK"
2026-09-17 17:43:19,445 INFO apscheduler.executors.default: Running job "main.<locals>.run_lts_aus_fast_scan (trigger: interval[0:00:05], next run at: 2026-09-17 17:43:24 +07)" (scheduled at 2026-09-17 17:43:19.432380+07:00)
2026-09-17 17:43:19,445 INFO apscheduler.executors.default: Job "main.<locals>.run_lts_aus_fast_scan (trigger: interval[0:00:05], next run at: 2026-09-17 17:43:24 +07)" executed successfully
2026-09-17 17:43:19,445 INFO apscheduler.executors.default: Running job "main.<locals>.run_position_check (trigger: interval[0:00:05], next run at: 2026-09-17 17:43:24 +07)" (scheduled at 2026-09-17 17:43:19.433381+07:00)
2026-09-17 17:43:19,448 INFO apscheduler.executors.default: Job "main.<locals>.run_position_check (trigger: interval[0:00:05], next run at: 2026-09-17 17:43:24 +07)" executed successfully
2026-09-17 17:43:19,448 INFO apscheduler.executors.default: Running job "main.<locals>.run_trail_sl (trigger: interval[0:00:05], next run at: 2026-09-17 17:43:24 +07)" (scheduled at 2026-09-17 17:43:19.433381+07:00)
2026-09-17 17:43:19,448 INFO apscheduler.executors.default: Job "main.<locals>.run_trail_sl (trigger: interval[0:00:05], next run at: 2026-09-17 17:43:24 +07)" executed successfully
2026-09-17 17:43:19,448 INFO apscheduler.executors.default: Running job "main.<locals>.save_bot_state_job (trigger: interval[0:00:15], next run at: 2026-09-17 17:43:34 +07)" (scheduled at 2026-09-17 17:43:19.434380+07:00)
2026-09-17 17:43:19,452 INFO apscheduler.executors.default: Job "main.<locals>.save_bot_state_job (trigger: interval[0:00:15], next run at: 2026-09-17 17:43:34 +07)" executed successfully
2026-09-17 17:43:20,453 INFO apscheduler.executors.default: Running job "main.<locals>.write_heartbeat_job (trigger: interval[0:00:15], next run at: 2026-09-17 17:43:35 +07)" (scheduled at 2026-09-17 17:43:20.436472+07:00)
2026-09-17 17:43:20,457 INFO apscheduler.executors.default: Job "main.<locals>.write_heartbeat_job (trigger: interval[0:00:15], next run at: 2026-09-17 17:43:35 +07)" executed successfully
2026-09-17 17:43:21,001 INFO apscheduler.executors.default: Running job "main.<locals>.run_scan (trigger: cron[second='1,6,11,16,21,26,31,36,41,46,51,56'], next run at: 2026-09-17 17:43:26 +07)" (scheduled at 2026-09-17 17:43:21+07:00)
2026-09-17 17:43:21,002 INFO apscheduler.executors.default: Job "main.<locals>.run_scan (trigger: cron[second='1,6,11,16,21,26,31,36,41,46,51,56'], next run at: 2026-09-17 17:43:26 +07)" executed successfully
2026-09-17 17:43:24,443 INFO apscheduler.executors.default: Running job "main.<locals>.run_lts_aus_fast_scan (trigger: interval[0:00:05], next run at: 2026-09-17 17:43:29 +07)" (scheduled at 2026-09-17 17:43:24.432380+07:00)
2026-09-17 17:43:24,446 INFO apscheduler.executors.default: Job "main.<locals>.run_lts_aus_fast_scan (trigger: interval[0:00:05], next run at: 2026-09-17 17:43:29 +07)" executed successfully
2026-09-17 17:43:24,446 INFO apscheduler.executors.default: Running job "main.<locals>.run_position_check (trigger: interval[0:00:05], next run at: 2026-09-17 17:43:29 +07)" (scheduled at 2026-09-17 17:43:24.433381+07:00)
2026-09-17 17:43:24,448 INFO apscheduler.executors.default: Job "main.<locals>.run_position_check (trigger: interval[0:00:05], next run at: 2026-09-17 17:43:29 +07)" executed successfully
2026-09-17 17:43:24,450 INFO apscheduler.executors.default: Running job "main.<locals>.run_trail_sl (trigger: interval[0:00:05], next run at: 2026-09-17 17:43:29 +07)" (scheduled at 2026-09-17 17:43:24.433381+07:00)
2026-09-17 17:43:24,450 INFO apscheduler.executors.default: Job "main.<locals>.run_trail_sl (trigger: interval[0:00:05], next run at: 2026-09-17 17:43:29 +07)" executed successfully
2026-09-17 17:43:26,020 INFO apscheduler.executors.default: Running job "main.<locals>.run_scan (trigger: cron[second='1,6,11,16,21,26,31,36,41,46,51,56'], next run at: 2026-09-17 17:43:31 +07)" (scheduled at 2026-09-17 17:43:26+07:00)
2026-09-17 17:43:26,020 INFO apscheduler.executors.default: Job "main.<locals>.run_scan (trigger: cron[second='1,6,11,16,21,26,31,36,41,46,51,56'], next run at: 2026-09-17 17:43:31 +07)" executed successfully
2026-09-17 17:43:27,318 INFO httpx: HTTP Request: POST https://api.telegram.org/bot8759704311:AAFifFvXYLNPJZYlq-E4p3RVCUNiR0Ny6Ic/getUpdates "HTTP/1.1 200 OK"
2026-09-17 17:43:29,442 INFO apscheduler.executors.default: Running job "main.<locals>.run_lts_aus_fast_scan (trigger: interval[0:00:05], next run at: 2026-09-17 17:43:34 +07)" (scheduled at 2026-09-17 17:43:29.432380+07:00)
2026-09-17 17:43:29,443 INFO apscheduler.executors.default: Job "main.<locals>.run_lts_aus_fast_scan (trigger: interval[0:00:05], next run at: 2026-09-17 17:43:34 +07)" executed successfully
2026-09-17 17:43:29,443 INFO apscheduler.executors.default: Running job "main.<locals>.run_position_check (trigger: interval[0:00:05], next run at: 2026-09-17 17:43:34 +07)" (scheduled at 2026-09-17 17:43:29.433381+07:00)
2026-09-17 17:43:29,446 INFO apscheduler.executors.default: Job "main.<locals>.run_position_check (trigger: interval[0:00:05], next run at: 2026-09-17 17:43:34 +07)" executed successfully
2026-09-17 17:43:29,447 INFO apscheduler.executors.default: Running job "main.<locals>.run_trail_sl (trigger: interval[0:00:05], next run at: 2026-09-17 17:43:34 +07)" (scheduled at 2026-09-17 17:43:29.433381+07:00)
2026-09-17 17:43:29,447 INFO apscheduler.executors.default: Job "main.<locals>.run_trail_sl (trigger: interval[0:00:05], next run at: 2026-09-17 17:43:34 +07)" executed successfully
2026-09-17 17:43:31,010 INFO apscheduler.executors.default: Running job "main.<locals>.run_scan (trigger: cron[second='1,6,11,16,21,26,31,36,41,46,51,56'], next run at: 2026-09-17 17:43:36 +07)" (scheduled at 2026-09-17 17:43:31+07:00)
2026-09-17 17:43:31,010 INFO apscheduler.executors.default: Job "main.<locals>.run_scan (trigger: cron[second='1,6,11,16,21,26,31,36,41,46,51,56'], next run at: 2026-09-17 17:43:36 +07)" executed successfully
2026-09-17 17:43:34,447 INFO apscheduler.executors.default: Running job "main.<locals>.run_lts_aus_fast_scan (trigger: interval[0:00:05], next run at: 2026-09-17 17:43:39 +07)" (scheduled at 2026-09-17 17:43:34.432380+07:00)
2026-09-17 17:43:34,447 INFO apscheduler.executors.default: Job "main.<locals>.run_lts_aus_fast_scan (trigger: interval[0:00:05], next run at: 2026-09-17 17:43:39 +07)" executed successfully
2026-09-17 17:43:34,449 INFO apscheduler.executors.default: Running job "main.<locals>.run_position_check (trigger: interval[0:00:05], next run at: 2026-09-17 17:43:39 +07)" (scheduled at 2026-09-17 17:43:34.433381+07:00)
2026-09-17 17:43:34,453 INFO apscheduler.executors.default: Job "main.<locals>.run_position_check (trigger: interval[0:00:05], next run at: 2026-09-17 17:43:39 +07)" executed successfully
2026-09-17 17:43:34,454 INFO apscheduler.executors.default: Running job "main.<locals>.run_trail_sl (trigger: interval[0:00:05], next run at: 2026-09-17 17:43:39 +07)" (scheduled at 2026-09-17 17:43:34.433381+07:00)
2026-09-17 17:43:34,454 INFO apscheduler.executors.default: Job "main.<locals>.run_trail_sl (trigger: interval[0:00:05], next run at: 2026-09-17 17:43:39 +07)" executed successfully
2026-09-17 17:43:34,454 INFO apscheduler.executors.default: Running job "main.<locals>.save_bot_state_job (trigger: interval[0:00:15], next run at: 2026-09-17 17:43:49 +07)" (scheduled at 2026-09-17 17:43:34.434380+07:00)
2026-09-17 17:43:34,457 INFO apscheduler.executors.default: Job "main.<locals>.save_bot_state_job (trigger: interval[0:00:15], next run at: 2026-09-17 17:43:49 +07)" executed successfully
2026-09-17 17:43:35,441 INFO apscheduler.executors.default: Running job "main.<locals>.write_heartbeat_job (trigger: interval[0:00:15], next run at: 2026-09-17 17:43:50 +07)" (scheduled at 2026-09-17 17:43:35.436472+07:00)
2026-09-17 17:43:35,445 INFO apscheduler.executors.default: Job "main.<locals>.write_heartbeat_job (trigger: interval[0:00:15], next run at: 2026-09-17 17:43:50 +07)" executed successfully
2026-09-17 17:43:36,021 INFO apscheduler.executors.default: Running job "main.<locals>.run_scan (trigger: cron[second='1,6,11,16,21,26,31,36,41,46,51,56'], next run at: 2026-09-17 17:43:41 +07)" (scheduled at 2026-09-17 17:43:36+07:00)
2026-09-17 17:43:36,022 INFO apscheduler.executors.default: Job "main.<locals>.run_scan (trigger: cron[second='1,6,11,16,21,26,31,36,41,46,51,56'], next run at: 2026-09-17 17:43:41 +07)" executed successfully
2026-09-17 17:43:37,519 INFO httpx: HTTP Request: POST https://api.telegram.org/bot8759704311:AAFifFvXYLNPJZYlq-E4p3RVCUNiR0Ny6Ic/getUpdates "HTTP/1.1 200 OK"
2026-09-17 17:43:39,440 INFO apscheduler.executors.default: Running job "main.<locals>.run_lts_aus_fast_scan (trigger: interval[0:00:05], next run at: 2026-09-17 17:43:44 +07)" (scheduled at 2026-09-17 17:43:39.432380+07:00)
2026-09-17 17:43:39,442 INFO apscheduler.executors.default: Job "main.<locals>.run_lts_aus_fast_scan (trigger: interval[0:00:05], next run at: 2026-09-17 17:43:44 +07)" executed successfully
2026-09-17 17:43:39,444 INFO apscheduler.executors.default: Running job "main.<locals>.run_position_check (trigger: interval[0:00:05], next run at: 2026-09-17 17:43:44 +07)" (scheduled at 2026-09-17 17:43:39.433381+07:00)
2026-09-17 17:43:39,447 INFO apscheduler.executors.default: Job "main.<locals>.run_position_check (trigger: interval[0:00:05], next run at: 2026-09-17 17:43:44 +07)" executed successfully
2026-09-17 17:43:39,447 INFO apscheduler.executors.default: Running job "main.<locals>.run_trail_sl (trigger: interval[0:00:05], next run at: 2026-09-17 17:43:44 +07)" (scheduled at 2026-09-17 17:43:39.433381+07:00)
2026-09-17 17:43:39,447 INFO apscheduler.executors.default: Job "main.<locals>.run_trail_sl (trigger: interval[0:00:05], next run at: 2026-09-17 17:43:44 +07)" executed successfully
2026-09-17 17:43:41,013 INFO apscheduler.executors.default: Running job "main.<locals>.run_scan (trigger: cron[second='1,6,11,16,21,26,31,36,41,46,51,56'], next run at: 2026-09-17 17:43:46 +07)" (scheduled at 2026-09-17 17:43:41+07:00)
2026-09-17 17:43:41,013 INFO apscheduler.executors.default: Job "main.<locals>.run_scan (trigger: cron[second='1,6,11,16,21,26,31,36,41,46,51,56'], next run at: 2026-09-17 17:43:46 +07)" executed successfully
2026-09-17 17:43:44,439 INFO apscheduler.executors.default: Running job "main.<locals>.run_lts_aus_fast_scan (trigger: interval[0:00:05], next run at: 2026-09-17 17:43:49 +07)" (scheduled at 2026-09-17 17:43:44.432380+07:00)
2026-09-17 17:43:44,439 INFO apscheduler.executors.default: Job "main.<locals>.run_lts_aus_fast_scan (trigger: interval[0:00:05], next run at: 2026-09-17 17:43:49 +07)" executed successfully
2026-09-17 17:43:44,440 INFO apscheduler.executors.default: Running job "main.<locals>.run_position_check (trigger: interval[0:00:05], next run at: 2026-09-17 17:43:49 +07)" (scheduled at 2026-09-17 17:43:44.433381+07:00)
2026-09-17 17:43:44,444 INFO apscheduler.executors.default: Job "main.<locals>.run_position_check (trigger: interval[0:00:05], next run at: 2026-09-17 17:43:49 +07)" executed successfully
2026-09-17 17:43:44,444 INFO apscheduler.executors.default: Running job "main.<locals>.run_trail_sl (trigger: interval[0:00:05], next run at: 2026-09-17 17:43:49 +07)" (scheduled at 2026-09-17 17:43:44.433381+07:00)
2026-09-17 17:43:44,445 INFO apscheduler.executors.default: Job "main.<locals>.run_trail_sl (trigger: interval[0:00:05], next run at: 2026-09-17 17:43:49 +07)" executed successfully
2026-09-17 17:43:46,010 INFO apscheduler.executors.default: Running job "main.<locals>.run_scan (trigger: cron[second='1,6,11,16,21,26,31,36,41,46,51,56'], next run at: 2026-09-17 17:43:51 +07)" (scheduled at 2026-09-17 17:43:46+07:00)
2026-09-17 17:43:46,010 INFO apscheduler.executors.default: Job "main.<locals>.run_scan (trigger: cron[second='1,6,11,16,21,26,31,36,41,46,51,56'], next run at: 2026-09-17 17:43:51 +07)" executed successfully
2026-09-17 17:43:47,719 INFO httpx: HTTP Request: POST https://api.telegram.org/bot8759704311:AAFifFvXYLNPJZYlq-E4p3RVCUNiR0Ny6Ic/getUpdates "HTTP/1.1 200 OK"
2026-09-17 17:43:49,433 INFO apscheduler.executors.default: Running job "main.<locals>.check_symbol_switch (trigger: interval[0:01:00], next run at: 2026-09-17 17:44:49 +07)" (scheduled at 2026-09-17 17:43:49.430373+07:00)
2026-09-17 17:43:49,439 INFO apscheduler.executors.default: Job "main.<locals>.check_symbol_switch (trigger: interval[0:01:00], next run at: 2026-09-17 17:44:49 +07)" executed successfully
2026-09-17 17:43:49,439 INFO apscheduler.executors.default: Running job "main.<locals>.run_lts_aus_fast_scan (trigger: interval[0:00:05], next run at: 2026-09-17 17:43:54 +07)" (scheduled at 2026-09-17 17:43:49.432380+07:00)
2026-09-17 17:43:49,439 INFO apscheduler.executors.default: Job "main.<locals>.run_lts_aus_fast_scan (trigger: interval[0:00:05], next run at: 2026-09-17 17:43:54 +07)" executed successfully
2026-09-17 17:43:49,440 INFO apscheduler.executors.default: Running job "main.<locals>.run_position_check (trigger: interval[0:00:05], next run at: 2026-09-17 17:43:54 +07)" (scheduled at 2026-09-17 17:43:49.433381+07:00)
2026-09-17 17:43:49,442 INFO apscheduler.executors.default: Job "main.<locals>.run_position_check (trigger: interval[0:00:05], next run at: 2026-09-17 17:43:54 +07)" executed successfully
2026-09-17 17:43:49,443 INFO apscheduler.executors.default: Running job "main.<locals>.run_trail_sl (trigger: interval[0:00:05], next run at: 2026-09-17 17:43:54 +07)" (scheduled at 2026-09-17 17:43:49.433381+07:00)
2026-09-17 17:43:49,443 INFO apscheduler.executors.default: Job "main.<locals>.run_trail_sl (trigger: interval[0:00:05], next run at: 2026-09-17 17:43:54 +07)" executed successfully
2026-09-17 17:43:49,443 INFO apscheduler.executors.default: Running job "main.<locals>.save_bot_state_job (trigger: interval[0:00:15], next run at: 2026-09-17 17:44:04 +07)" (scheduled at 2026-09-17 17:43:49.434380+07:00)
2026-09-17 17:43:49,445 INFO apscheduler.executors.default: Job "main.<locals>.save_bot_state_job (trigger: interval[0:00:15], next run at: 2026-09-17 17:44:04 +07)" executed successfully
2026-09-17 17:43:49,445 INFO apscheduler.executors.default: Running job "main.<locals>.run_watchdog (trigger: interval[0:01:00], next run at: 2026-09-17 17:44:49 +07)" (scheduled at 2026-09-17 17:43:49.435380+07:00)
2026-09-17 17:43:49,451 INFO apscheduler.executors.default: Job "main.<locals>.run_watchdog (trigger: interval[0:01:00], next run at: 2026-09-17 17:44:49 +07)" executed successfully
2026-09-17 17:43:50,462 INFO apscheduler.executors.default: Running job "main.<locals>.write_heartbeat_job (trigger: interval[0:00:15], next run at: 2026-09-17 17:44:05 +07)" (scheduled at 2026-09-17 17:43:50.436472+07:00)
2026-09-17 17:43:50,465 INFO apscheduler.executors.default: Job "main.<locals>.write_heartbeat_job (trigger: interval[0:00:15], next run at: 2026-09-17 17:44:05 +07)" executed successfully
2026-09-17 17:43:51,003 INFO apscheduler.executors.default: Running job "main.<locals>.run_scan (trigger: cron[second='1,6,11,16,21,26,31,36,41,46,51,56'], next run at: 2026-09-17 17:43:56 +07)" (scheduled at 2026-09-17 17:43:51+07:00)
2026-09-17 17:43:51,004 INFO apscheduler.executors.default: Job "main.<locals>.run_scan (trigger: cron[second='1,6,11,16,21,26,31,36,41,46,51,56'], next run at: 2026-09-17 17:43:56 +07)" executed successfully
2026-09-17 17:43:54,444 INFO apscheduler.executors.default: Running job "main.<locals>.run_lts_aus_fast_scan (trigger: interval[0:00:05], next run at: 2026-09-17 17:43:59 +07)" (scheduled at 2026-09-17 17:43:54.432380+07:00)
2026-09-17 17:43:54,446 INFO apscheduler.executors.default: Job "main.<locals>.run_lts_aus_fast_scan (trigger: interval[0:00:05], next run at: 2026-09-17 17:43:59 +07)" executed successfully
2026-09-17 17:43:54,446 INFO apscheduler.executors.default: Running job "main.<locals>.run_position_check (trigger: interval[0:00:05], next run at: 2026-09-17 17:43:59 +07)" (scheduled at 2026-09-17 17:43:54.433381+07:00)
2026-09-17 17:43:54,448 INFO apscheduler.executors.default: Job "main.<locals>.run_position_check (trigger: interval[0:00:05], next run at: 2026-09-17 17:43:59 +07)" executed successfully
2026-09-17 17:43:54,448 INFO apscheduler.executors.default: Running job "main.<locals>.run_trail_sl (trigger: interval[0:00:05], next run at: 2026-09-17 17:43:59 +07)" (scheduled at 2026-09-17 17:43:54.433381+07:00)
2026-09-17 17:43:54,450 INFO apscheduler.executors.default: Job "main.<locals>.run_trail_sl (trigger: interval[0:00:05], next run at: 2026-09-17 17:43:59 +07)" executed successfully
2026-09-17 17:43:56,012 INFO apscheduler.executors.default: Running job "main.<locals>.run_scan (trigger: cron[second='1,6,11,16,21,26,31,36,41,46,51,56'], next run at: 2026-09-17 17:44:01 +07)" (scheduled at 2026-09-17 17:43:56+07:00)
2026-09-17 17:43:56,012 INFO apscheduler.executors.default: Job "main.<locals>.run_scan (trigger: cron[second='1,6,11,16,21,26,31,36,41,46,51,56'], next run at: 2026-09-17 17:44:01 +07)" executed successfully
2026-09-17 17:43:57,918 INFO httpx: HTTP Request: POST https://api.telegram.org/bot8759704311:AAFifFvXYLNPJZYlq-E4p3RVCUNiR0Ny6Ic/getUpdates "HTTP/1.1 200 OK"
2026-09-17 17:43:59,436 INFO apscheduler.executors.default: Running job "main.<locals>.run_lts_aus_fast_scan (trigger: interval[0:00:05], next run at: 2026-09-17 17:44:04 +07)" (scheduled at 2026-09-17 17:43:59.432380+07:00)
2026-09-17 17:43:59,436 INFO apscheduler.executors.default: Job "main.<locals>.run_lts_aus_fast_scan (trigger: interval[0:00:05], next run at: 2026-09-17 17:44:04 +07)" executed successfully
2026-09-17 17:43:59,436 INFO apscheduler.executors.default: Running job "main.<locals>.run_position_check (trigger: interval[0:00:05], next run at: 2026-09-17 17:44:04 +07)" (scheduled at 2026-09-17 17:43:59.433381+07:00)
2026-09-17 17:43:59,440 INFO apscheduler.executors.default: Job "main.<locals>.run_position_check (trigger: interval[0:00:05], next run at: 2026-09-17 17:44:04 +07)" executed successfully
2026-09-17 17:43:59,440 INFO apscheduler.executors.default: Running job "main.<locals>.run_trail_sl (trigger: interval[0:00:05], next run at: 2026-09-17 17:44:04 +07)" (scheduled at 2026-09-17 17:43:59.433381+07:00)
2026-09-17 17:43:59,440 INFO apscheduler.executors.default: Job "main.<locals>.run_trail_sl (trigger: interval[0:00:05], next run at: 2026-09-17 17:44:04 +07)" executed successfully
2026-09-17 17:44:01,007 INFO apscheduler.executors.default: Running job "main.<locals>.run_scan (trigger: cron[second='1,6,11,16,21,26,31,36,41,46,51,56'], next run at: 2026-09-17 17:44:06 +07)" (scheduled at 2026-09-17 17:44:01+07:00)
2026-09-17 17:44:01,008 INFO apscheduler.executors.default: Job "main.<locals>.run_scan (trigger: cron[second='1,6,11,16,21,26,31,36,41,46,51,56'], next run at: 2026-09-17 17:44:06 +07)" executed successfully
2026-09-17 17:44:04,445 INFO apscheduler.executors.default: Running job "main.<locals>.run_lts_aus_fast_scan (trigger: interval[0:00:05], next run at: 2026-09-17 17:44:09 +07)" (scheduled at 2026-09-17 17:44:04.432380+07:00)
2026-09-17 17:44:04,445 INFO apscheduler.executors.default: Job "main.<locals>.run_lts_aus_fast_scan (trigger: interval[0:00:05], next run at: 2026-09-17 17:44:09 +07)" executed successfully
2026-09-17 17:44:04,446 INFO apscheduler.executors.default: Running job "main.<locals>.run_position_check (trigger: interval[0:00:05], next run at: 2026-09-17 17:44:09 +07)" (scheduled at 2026-09-17 17:44:04.433381+07:00)
2026-09-17 17:44:04,448 INFO apscheduler.executors.default: Job "main.<locals>.run_position_check (trigger: interval[0:00:05], next run at: 2026-09-17 17:44:09 +07)" executed successfully
2026-09-17 17:44:04,448 INFO apscheduler.executors.default: Running job "main.<locals>.run_trail_sl (trigger: interval[0:00:05], next run at: 2026-09-17 17:44:09 +07)" (scheduled at 2026-09-17 17:44:04.433381+07:00)
2026-09-17 17:44:04,448 INFO apscheduler.executors.default: Job "main.<locals>.run_trail_sl (trigger: interval[0:00:05], next run at: 2026-09-17 17:44:09 +07)" executed successfully
2026-09-17 17:44:04,450 INFO apscheduler.executors.default: Running job "main.<locals>.save_bot_state_job (trigger: interval[0:00:15], next run at: 2026-09-17 17:44:19 +07)" (scheduled at 2026-09-17 17:44:04.434380+07:00)
2026-09-17 17:44:04,451 INFO apscheduler.executors.default: Job "main.<locals>.save_bot_state_job (trigger: interval[0:00:15], next run at: 2026-09-17 17:44:19 +07)" executed successfully
2026-09-17 17:44:05,452 INFO apscheduler.executors.default: Running job "main.<locals>.write_heartbeat_job (trigger: interval[0:00:15], next run at: 2026-09-17 17:44:20 +07)" (scheduled at 2026-09-17 17:44:05.436472+07:00)
2026-09-17 17:44:05,456 INFO apscheduler.executors.default: Job "main.<locals>.write_heartbeat_job (trigger: interval[0:00:15], next run at: 2026-09-17 17:44:20 +07)" executed successfully
2026-09-17 17:44:06,012 INFO apscheduler.executors.default: Running job "main.<locals>.run_scan (trigger: cron[second='1,6,11,16,21,26,31,36,41,46,51,56'], next run at: 2026-09-17 17:44:11 +07)" (scheduled at 2026-09-17 17:44:06+07:00)
2026-09-17 17:44:06,014 INFO apscheduler.executors.default: Job "main.<locals>.run_scan (trigger: cron[second='1,6,11,16,21,26,31,36,41,46,51,56'], next run at: 2026-09-17 17:44:11 +07)" executed successfully
2026-09-17 17:44:08,134 INFO httpx: HTTP Request: POST https://api.telegram.org/bot8759704311:AAFifFvXYLNPJZYlq-E4p3RVCUNiR0Ny6Ic/getUpdates "HTTP/1.1 200 OK"
2026-09-17 17:44:09,439 INFO apscheduler.executors.default: Running job "main.<locals>.run_lts_aus_fast_scan (trigger: interval[0:00:05], next run at: 2026-09-17 17:44:14 +07)" (scheduled at 2026-09-17 17:44:09.432380+07:00)
2026-09-17 17:44:09,442 INFO apscheduler.executors.default: Job "main.<locals>.run_lts_aus_fast_scan (trigger: interval[0:00:05], next run at: 2026-09-17 17:44:14 +07)" executed successfully
2026-09-17 17:44:09,442 INFO apscheduler.executors.default: Running job "main.<locals>.run_position_check (trigger: interval[0:00:05], next run at: 2026-09-17 17:44:14 +07)" (scheduled at 2026-09-17 17:44:09.433381+07:00)
2026-09-17 17:44:09,445 INFO apscheduler.executors.default: Job "main.<locals>.run_position_check (trigger: interval[0:00:05], next run at: 2026-09-17 17:44:14 +07)" executed successfully
2026-09-17 17:44:09,445 INFO apscheduler.executors.default: Running job "main.<locals>.run_trail_sl (trigger: interval[0:00:05], next run at: 2026-09-17 17:44:14 +07)" (scheduled at 2026-09-17 17:44:09.433381+07:00)
2026-09-17 17:44:09,445 INFO apscheduler.executors.default: Job "main.<locals>.run_trail_sl (trigger: interval[0:00:05], next run at: 2026-09-17 17:44:14 +07)" executed successfully
2026-09-17 17:44:11,012 INFO apscheduler.executors.default: Running job "main.<locals>.run_scan (trigger: cron[second='1,6,11,16,21,26,31,36,41,46,51,56'], next run at: 2026-09-17 17:44:16 +07)" (scheduled at 2026-09-17 17:44:11+07:00)
2026-09-17 17:44:11,013 INFO apscheduler.executors.default: Job "main.<locals>.run_scan (trigger: cron[second='1,6,11,16,21,26,31,36,41,46,51,56'], next run at: 2026-09-17 17:44:16 +07)" executed successfully
2026-09-17 17:44:14,442 INFO apscheduler.executors.default: Running job "main.<locals>.run_lts_aus_fast_scan (trigger: interval[0:00:05], next run at: 2026-09-17 17:44:19 +07)" (scheduled at 2026-09-17 17:44:14.432380+07:00)
2026-09-17 17:44:14,442 INFO apscheduler.executors.default: Job "main.<locals>.run_lts_aus_fast_scan (trigger: interval[0:00:05], next run at: 2026-09-17 17:44:19 +07)" executed successfully
2026-09-17 17:44:14,443 INFO apscheduler.executors.default: Running job "main.<locals>.run_position_check (trigger: interval[0:00:05], next run at: 2026-09-17 17:44:19 +07)" (scheduled at 2026-09-17 17:44:14.433381+07:00)
2026-09-17 17:44:14,446 INFO apscheduler.executors.default: Job "main.<locals>.run_position_check (trigger: interval[0:00:05], next run at: 2026-09-17 17:44:19 +07)" executed successfully
2026-09-17 17:44:14,446 INFO apscheduler.executors.default: Running job "main.<locals>.run_trail_sl (trigger: interval[0:00:05], next run at: 2026-09-17 17:44:19 +07)" (scheduled at 2026-09-17 17:44:14.433381+07:00)
2026-09-17 17:44:14,447 INFO apscheduler.executors.default: Job "main.<locals>.run_trail_sl (trigger: interval[0:00:05], next run at: 2026-09-17 17:44:19 +07)" executed successfully
2026-09-17 17:44:16,013 INFO apscheduler.executors.default: Running job "main.<locals>.run_scan (trigger: cron[second='1,6,11,16,21,26,31,36,41,46,51,56'], next run at: 2026-09-17 17:44:21 +07)" (scheduled at 2026-09-17 17:44:16+07:00)
2026-09-17 17:44:16,013 INFO apscheduler.executors.default: Job "main.<locals>.run_scan (trigger: cron[second='1,6,11,16,21,26,31,36,41,46,51,56'], next run at: 2026-09-17 17:44:21 +07)" executed successfully
2026-09-17 17:44:18,362 INFO httpx: HTTP Request: POST https://api.telegram.org/bot8759704311:AAFifFvXYLNPJZYlq-E4p3RVCUNiR0Ny6Ic/getUpdates "HTTP/1.1 200 OK"
2026-09-17 17:44:19,435 INFO apscheduler.executors.default: Running job "main.<locals>.run_lts_aus_fast_scan (trigger: interval[0:00:05], next run at: 2026-09-17 17:44:24 +07)" (scheduled at 2026-09-17 17:44:19.432380+07:00)
2026-09-17 17:44:19,437 INFO apscheduler.executors.default: Job "main.<locals>.run_lts_aus_fast_scan (trigger: interval[0:00:05], next run at: 2026-09-17 17:44:24 +07)" executed successfully
2026-09-17 17:44:19,437 INFO apscheduler.executors.default: Running job "main.<locals>.run_position_check (trigger: interval[0:00:05], next run at: 2026-09-17 17:44:24 +07)" (scheduled at 2026-09-17 17:44:19.433381+07:00)
2026-09-17 17:44:19,440 INFO apscheduler.executors.default: Job "main.<locals>.run_position_check (trigger: interval[0:00:05], next run at: 2026-09-17 17:44:24 +07)" executed successfully
2026-09-17 17:44:19,440 INFO apscheduler.executors.default: Running job "main.<locals>.run_trail_sl (trigger: interval[0:00:05], next run at: 2026-09-17 17:44:24 +07)" (scheduled at 2026-09-17 17:44:19.433381+07:00)
2026-09-17 17:44:19,441 INFO apscheduler.executors.default: Job "main.<locals>.run_trail_sl (trigger: interval[0:00:05], next run at: 2026-09-17 17:44:24 +07)" executed successfully
2026-09-17 17:44:19,442 INFO apscheduler.executors.default: Running job "main.<locals>.save_bot_state_job (trigger: interval[0:00:15], next run at: 2026-09-17 17:44:34 +07)" (scheduled at 2026-09-17 17:44:19.434380+07:00)
2026-09-17 17:44:19,444 INFO apscheduler.executors.default: Job "main.<locals>.save_bot_state_job (trigger: interval[0:00:15], next run at: 2026-09-17 17:44:34 +07)" executed successfully
2026-09-17 17:44:20,450 INFO apscheduler.executors.default: Running job "main.<locals>.write_heartbeat_job (trigger: interval[0:00:15], next run at: 2026-09-17 17:44:35 +07)" (scheduled at 2026-09-17 17:44:20.436472+07:00)
2026-09-17 17:44:20,457 INFO apscheduler.executors.default: Job "main.<locals>.write_heartbeat_job (trigger: interval[0:00:15], next run at: 2026-09-17 17:44:35 +07)" executed successfully
2026-09-17 17:44:21,000 INFO apscheduler.executors.default: Running job "main.<locals>.run_scan (trigger: cron[second='1,6,11,16,21,26,31,36,41,46,51,56'], next run at: 2026-09-17 17:44:26 +07)" (scheduled at 2026-09-17 17:44:21+07:00)
2026-09-17 17:44:21,000 INFO apscheduler.executors.default: Job "main.<locals>.run_scan (trigger: cron[second='1,6,11,16,21,26,31,36,41,46,51,56'], next run at: 2026-09-17 17:44:26 +07)" executed successfully
2026-09-17 17:44:24,443 INFO apscheduler.executors.default: Running job "main.<locals>.run_lts_aus_fast_scan (trigger: interval[0:00:05], next run at: 2026-09-17 17:44:29 +07)" (scheduled at 2026-09-17 17:44:24.432380+07:00)
2026-09-17 17:44:24,444 INFO apscheduler.executors.default: Job "main.<locals>.run_lts_aus_fast_scan (trigger: interval[0:00:05], next run at: 2026-09-17 17:44:29 +07)" executed successfully
2026-09-17 17:44:24,445 INFO apscheduler.executors.default: Running job "main.<locals>.run_position_check (trigger: interval[0:00:05], next run at: 2026-09-17 17:44:29 +07)" (scheduled at 2026-09-17 17:44:24.433381+07:00)
2026-09-17 17:44:24,448 INFO apscheduler.executors.default: Job "main.<locals>.run_position_check (trigger: interval[0:00:05], next run at: 2026-09-17 17:44:29 +07)" executed successfully
2026-09-17 17:44:24,449 INFO apscheduler.executors.default: Running job "main.<locals>.run_trail_sl (trigger: interval[0:00:05], next run at: 2026-09-17 17:44:29 +07)" (scheduled at 2026-09-17 17:44:24.433381+07:00)
2026-09-17 17:44:24,450 INFO apscheduler.executors.default: Job "main.<locals>.run_trail_sl (trigger: interval[0:00:05], next run at: 2026-09-17 17:44:29 +07)" executed successfully
2026-09-17 17:44:26,013 INFO apscheduler.executors.default: Running job "main.<locals>.run_scan (trigger: cron[second='1,6,11,16,21,26,31,36,41,46,51,56'], next run at: 2026-09-17 17:44:31 +07)" (scheduled at 2026-09-17 17:44:26+07:00)
2026-09-17 17:44:26,014 INFO apscheduler.executors.default: Job "main.<locals>.run_scan (trigger: cron[second='1,6,11,16,21,26,31,36,41,46,51,56'], next run at: 2026-09-17 17:44:31 +07)" executed successfully
2026-09-17 17:44:28,556 INFO httpx: HTTP Request: POST https://api.telegram.org/bot8759704311:AAFifFvXYLNPJZYlq-E4p3RVCUNiR0Ny6Ic/getUpdates "HTTP/1.1 200 OK"
2026-09-17 17:44:29,446 INFO apscheduler.executors.default: Running job "main.<locals>.run_lts_aus_fast_scan (trigger: interval[0:00:05], next run at: 2026-09-17 17:44:34 +07)" (scheduled at 2026-09-17 17:44:29.432380+07:00)
2026-09-17 17:44:29,446 INFO apscheduler.executors.default: Job "main.<locals>.run_lts_aus_fast_scan (trigger: interval[0:00:05], next run at: 2026-09-17 17:44:34 +07)" executed successfully
2026-09-17 17:44:29,446 INFO apscheduler.executors.default: Running job "main.<locals>.run_position_check (trigger: interval[0:00:05], next run at: 2026-09-17 17:44:34 +07)" (scheduled at 2026-09-17 17:44:29.433381+07:00)
2026-09-17 17:44:29,450 INFO apscheduler.executors.default: Job "main.<locals>.run_position_check (trigger: interval[0:00:05], next run at: 2026-09-17 17:44:34 +07)" executed successfully
2026-09-17 17:44:29,451 INFO apscheduler.executors.default: Running job "main.<locals>.run_trail_sl (trigger: interval[0:00:05], next run at: 2026-09-17 17:44:34 +07)" (scheduled at 2026-09-17 17:44:29.433381+07:00)
2026-09-17 17:44:29,452 INFO apscheduler.executors.default: Job "main.<locals>.run_trail_sl (trigger: interval[0:00:05], next run at: 2026-09-17 17:44:34 +07)" executed successfully
2026-09-17 17:44:31,018 INFO apscheduler.executors.default: Running job "main.<locals>.run_scan (trigger: cron[second='1,6,11,16,21,26,31,36,41,46,51,56'], next run at: 2026-09-17 17:44:36 +07)" (scheduled at 2026-09-17 17:44:31+07:00)
2026-09-17 17:44:31,018 INFO apscheduler.executors.default: Job "main.<locals>.run_scan (trigger: cron[second='1,6,11,16,21,26,31,36,41,46,51,56'], next run at: 2026-09-17 17:44:36 +07)" executed successfully
2026-09-17 17:44:34,449 INFO apscheduler.executors.default: Running job "main.<locals>.run_lts_aus_fast_scan (trigger: interval[0:00:05], next run at: 2026-09-17 17:44:39 +07)" (scheduled at 2026-09-17 17:44:34.432380+07:00)
2026-09-17 17:44:34,449 INFO apscheduler.executors.default: Job "main.<locals>.run_lts_aus_fast_scan (trigger: interval[0:00:05], next run at: 2026-09-17 17:44:39 +07)" executed successfully
2026-09-17 17:44:34,449 INFO apscheduler.executors.default: Running job "main.<locals>.run_position_check (trigger: interval[0:00:05], next run at: 2026-09-17 17:44:39 +07)" (scheduled at 2026-09-17 17:44:34.433381+07:00)
2026-09-17 17:44:34,453 INFO apscheduler.executors.default: Job "main.<locals>.run_position_check (trigger: interval[0:00:05], next run at: 2026-09-17 17:44:39 +07)" executed successfully
2026-09-17 17:44:34,453 INFO apscheduler.executors.default: Running job "main.<locals>.run_trail_sl (trigger: interval[0:00:05], next run at: 2026-09-17 17:44:39 +07)" (scheduled at 2026-09-17 17:44:34.433381+07:00)
2026-09-17 17:44:34,453 INFO apscheduler.executors.default: Job "main.<locals>.run_trail_sl (trigger: interval[0:00:05], next run at: 2026-09-17 17:44:39 +07)" executed successfully
2026-09-17 17:44:34,455 INFO apscheduler.executors.default: Running job "main.<locals>.save_bot_state_job (trigger: interval[0:00:15], next run at: 2026-09-17 17:44:49 +07)" (scheduled at 2026-09-17 17:44:34.434380+07:00)
2026-09-17 17:44:34,457 INFO apscheduler.executors.default: Job "main.<locals>.save_bot_state_job (trigger: interval[0:00:15], next run at: 2026-09-17 17:44:49 +07)" executed successfully
2026-09-17 17:44:35,441 INFO apscheduler.executors.default: Running job "main.<locals>.write_heartbeat_job (trigger: interval[0:00:15], next run at: 2026-09-17 17:44:50 +07)" (scheduled at 2026-09-17 17:44:35.436472+07:00)
2026-09-17 17:44:35,444 INFO apscheduler.executors.default: Job "main.<locals>.write_heartbeat_job (trigger: interval[0:00:15], next run at: 2026-09-17 17:44:50 +07)" executed successfully
2026-09-17 17:44:36,015 INFO apscheduler.executors.default: Running job "main.<locals>.run_scan (trigger: cron[second='1,6,11,16,21,26,31,36,41,46,51,56'], next run at: 2026-09-17 17:44:41 +07)" (scheduled at 2026-09-17 17:44:36+07:00)
2026-09-17 17:44:36,016 INFO apscheduler.executors.default: Job "main.<locals>.run_scan (trigger: cron[second='1,6,11,16,21,26,31,36,41,46,51,56'], next run at: 2026-09-17 17:44:41 +07)" executed successfully
2026-09-17 17:44:38,764 INFO httpx: HTTP Request: POST https://api.telegram.org/bot8759704311:AAFifFvXYLNPJZYlq-E4p3RVCUNiR0Ny6Ic/getUpdates "HTTP/1.1 200 OK"
2026-09-17 17:44:39,434 INFO apscheduler.executors.default: Running job "main.<locals>.run_lts_aus_fast_scan (trigger: interval[0:00:05], next run at: 2026-09-17 17:44:44 +07)" (scheduled at 2026-09-17 17:44:39.432380+07:00)
2026-09-17 17:44:39,435 INFO apscheduler.executors.default: Job "main.<locals>.run_lts_aus_fast_scan (trigger: interval[0:00:05], next run at: 2026-09-17 17:44:44 +07)" executed successfully
2026-09-17 17:44:39,437 INFO apscheduler.executors.default: Running job "main.<locals>.run_position_check (trigger: interval[0:00:05], next run at: 2026-09-17 17:44:44 +07)" (scheduled at 2026-09-17 17:44:39.433381+07:00)
2026-09-17 17:44:39,441 INFO apscheduler.executors.default: Job "main.<locals>.run_position_check (trigger: interval[0:00:05], next run at: 2026-09-17 17:44:44 +07)" executed successfully
2026-09-17 17:44:39,442 INFO apscheduler.executors.default: Running job "main.<locals>.run_trail_sl (trigger: interval[0:00:05], next run at: 2026-09-17 17:44:44 +07)" (scheduled at 2026-09-17 17:44:39.433381+07:00)
2026-09-17 17:44:39,442 INFO apscheduler.executors.default: Job "main.<locals>.run_trail_sl (trigger: interval[0:00:05], next run at: 2026-09-17 17:44:44 +07)" executed successfully
2026-09-17 17:44:41,015 INFO apscheduler.executors.default: Running job "main.<locals>.run_scan (trigger: cron[second='1,6,11,16,21,26,31,36,41,46,51,56'], next run at: 2026-09-17 17:44:46 +07)" (scheduled at 2026-09-17 17:44:41+07:00)
2026-09-17 17:44:41,016 INFO apscheduler.executors.default: Job "main.<locals>.run_scan (trigger: cron[second='1,6,11,16,21,26,31,36,41,46,51,56'], next run at: 2026-09-17 17:44:46 +07)" executed successfully
2026-09-17 17:44:44,442 INFO apscheduler.executors.default: Running job "main.<locals>.run_lts_aus_fast_scan (trigger: interval[0:00:05], next run at: 2026-09-17 17:44:49 +07)" (scheduled at 2026-09-17 17:44:44.432380+07:00)
2026-09-17 17:44:44,442 INFO apscheduler.executors.default: Job "main.<locals>.run_lts_aus_fast_scan (trigger: interval[0:00:05], next run at: 2026-09-17 17:44:49 +07)" executed successfully
2026-09-17 17:44:44,442 INFO apscheduler.executors.default: Running job "main.<locals>.run_position_check (trigger: interval[0:00:05], next run at: 2026-09-17 17:44:49 +07)" (scheduled at 2026-09-17 17:44:44.433381+07:00)
2026-09-17 17:44:44,447 INFO apscheduler.executors.default: Job "main.<locals>.run_position_check (trigger: interval[0:00:05], next run at: 2026-09-17 17:44:49 +07)" executed successfully
2026-09-17 17:44:44,447 INFO apscheduler.executors.default: Running job "main.<locals>.run_trail_sl (trigger: interval[0:00:05], next run at: 2026-09-17 17:44:49 +07)" (scheduled at 2026-09-17 17:44:44.433381+07:00)
2026-09-17 17:44:44,447 INFO apscheduler.executors.default: Job "main.<locals>.run_trail_sl (trigger: interval[0:00:05], next run at: 2026-09-17 17:44:49 +07)" executed successfully
2026-09-17 17:44:46,017 INFO apscheduler.executors.default: Running job "main.<locals>.run_scan (trigger: cron[second='1,6,11,16,21,26,31,36,41,46,51,56'], next run at: 2026-09-17 17:44:51 +07)" (scheduled at 2026-09-17 17:44:46+07:00)
2026-09-17 17:44:46,018 INFO apscheduler.executors.default: Job "main.<locals>.run_scan (trigger: cron[second='1,6,11,16,21,26,31,36,41,46,51,56'], next run at: 2026-09-17 17:44:51 +07)" executed successfully
2026-09-17 17:44:48,960 INFO httpx: HTTP Request: POST https://api.telegram.org/bot8759704311:AAFifFvXYLNPJZYlq-E4p3RVCUNiR0Ny6Ic/getUpdates "HTTP/1.1 200 OK"
2026-09-17 17:44:49,446 INFO apscheduler.executors.default: Running job "main.<locals>.check_symbol_switch (trigger: interval[0:01:00], next run at: 2026-09-17 17:45:49 +07)" (scheduled at 2026-09-17 17:44:49.430373+07:00)
2026-09-17 17:44:49,453 INFO apscheduler.executors.default: Job "main.<locals>.check_symbol_switch (trigger: interval[0:01:00], next run at: 2026-09-17 17:45:49 +07)" executed successfully
2026-09-17 17:44:49,453 INFO apscheduler.executors.default: Running job "main.<locals>.run_demo_portfolio_scan (trigger: interval[0:05:00], next run at: 2026-09-17 17:49:49 +07)" (scheduled at 2026-09-17 17:44:49.432380+07:00)
2026-09-17 17:44:49,460 INFO apscheduler.executors.default: Running job "main.<locals>.run_lts_aus_fast_scan (trigger: interval[0:00:05], next run at: 2026-09-17 17:44:54 +07)" (scheduled at 2026-09-17 17:44:49.432380+07:00)
2026-09-17 17:44:49,461 INFO apscheduler.executors.default: Job "main.<locals>.run_lts_aus_fast_scan (trigger: interval[0:00:05], next run at: 2026-09-17 17:44:54 +07)" executed successfully
2026-09-17 17:44:49,461 INFO apscheduler.executors.default: Running job "main.<locals>.run_position_check (trigger: interval[0:00:05], next run at: 2026-09-17 17:44:54 +07)" (scheduled at 2026-09-17 17:44:49.433381+07:00)
2026-09-17 17:44:49,465 INFO apscheduler.executors.default: Job "main.<locals>.run_position_check (trigger: interval[0:00:05], next run at: 2026-09-17 17:44:54 +07)" executed successfully
2026-09-17 17:44:49,465 INFO apscheduler.executors.default: Running job "main.<locals>.run_trail_sl (trigger: interval[0:00:05], next run at: 2026-09-17 17:44:54 +07)" (scheduled at 2026-09-17 17:44:49.433381+07:00)
2026-09-17 17:44:49,465 INFO apscheduler.executors.default: Job "main.<locals>.run_trail_sl (trigger: interval[0:00:05], next run at: 2026-09-17 17:44:54 +07)" executed successfully
2026-09-17 17:44:49,466 INFO apscheduler.executors.default: Running job "main.<locals>.save_bot_state_job (trigger: interval[0:00:15], next run at: 2026-09-17 17:45:04 +07)" (scheduled at 2026-09-17 17:44:49.434380+07:00)
2026-09-17 17:44:49,468 INFO apscheduler.executors.default: Job "main.<locals>.save_bot_state_job (trigger: interval[0:00:15], next run at: 2026-09-17 17:45:04 +07)" executed successfully
2026-09-17 17:44:49,470 INFO apscheduler.executors.default: Running job "main.<locals>.run_watchdog (trigger: interval[0:01:00], next run at: 2026-09-17 17:45:49 +07)" (scheduled at 2026-09-17 17:44:49.435380+07:00)
2026-09-17 17:44:49,474 INFO apscheduler.executors.default: Job "main.<locals>.run_watchdog (trigger: interval[0:01:00], next run at: 2026-09-17 17:45:49 +07)" executed successfully
2026-09-17 17:44:49,494 INFO apscheduler.executors.default: Job "main.<locals>.run_demo_portfolio_scan (trigger: interval[0:05:00], next run at: 2026-09-17 17:49:49 +07)" executed successfully
2026-09-17 17:44:50,443 INFO apscheduler.executors.default: Running job "main.<locals>.write_heartbeat_job (trigger: interval[0:00:15], next run at: 2026-09-17 17:45:05 +07)" (scheduled at 2026-09-17 17:44:50.436472+07:00)
2026-09-17 17:44:50,446 INFO apscheduler.executors.default: Job "main.<locals>.write_heartbeat_job (trigger: interval[0:00:15], next run at: 2026-09-17 17:45:05 +07)" executed successfully
2026-09-17 17:44:51,004 INFO apscheduler.executors.default: Running job "main.<locals>.run_scan (trigger: cron[second='1,6,11,16,21,26,31,36,41,46,51,56'], next run at: 2026-09-17 17:44:56 +07)" (scheduled at 2026-09-17 17:44:51+07:00)
2026-09-17 17:44:51,005 INFO apscheduler.executors.default: Job "main.<locals>.run_scan (trigger: cron[second='1,6,11,16,21,26,31,36,41,46,51,56'], next run at: 2026-09-17 17:44:56 +07)" executed successfully
2026-09-17 17:44:54,437 INFO apscheduler.executors.default: Running job "main.<locals>.run_lts_aus_fast_scan (trigger: interval[0:00:05], next run at: 2026-09-17 17:44:59 +07)" (scheduled at 2026-09-17 17:44:54.432380+07:00)
2026-09-17 17:44:54,437 INFO apscheduler.executors.default: Job "main.<locals>.run_lts_aus_fast_scan (trigger: interval[0:00:05], next run at: 2026-09-17 17:44:59 +07)" executed successfully
2026-09-17 17:44:54,437 INFO apscheduler.executors.default: Running job "main.<locals>.run_position_check (trigger: interval[0:00:05], next run at: 2026-09-17 17:44:59 +07)" (scheduled at 2026-09-17 17:44:54.433381+07:00)
2026-09-17 17:44:54,440 INFO apscheduler.executors.default: Job "main.<locals>.run_position_check (trigger: interval[0:00:05], next run at: 2026-09-17 17:44:59 +07)" executed successfully
2026-09-17 17:44:54,441 INFO apscheduler.executors.default: Running job "main.<locals>.run_trail_sl (trigger: interval[0:00:05], next run at: 2026-09-17 17:44:59 +07)" (scheduled at 2026-09-17 17:44:54.433381+07:00)
2026-09-17 17:44:54,441 INFO apscheduler.executors.default: Job "main.<locals>.run_trail_sl (trigger: interval[0:00:05], next run at: 2026-09-17 17:44:59 +07)" executed successfully
2026-09-17 17:44:56,008 INFO apscheduler.executors.default: Running job "main.<locals>.run_scan (trigger: cron[second='1,6,11,16,21,26,31,36,41,46,51,56'], next run at: 2026-09-17 17:45:01 +07)" (scheduled at 2026-09-17 17:44:56+07:00)
2026-09-17 17:44:56,008 INFO apscheduler.executors.default: Job "main.<locals>.run_scan (trigger: cron[second='1,6,11,16,21,26,31,36,41,46,51,56'], next run at: 2026-09-17 17:45:01 +07)" executed successfully
2026-09-17 17:44:59,165 INFO httpx: HTTP Request: POST https://api.telegram.org/bot8759704311:AAFifFvXYLNPJZYlq-E4p3RVCUNiR0Ny6Ic/getUpdates "HTTP/1.1 200 OK"
2026-09-17 17:44:59,448 INFO apscheduler.executors.default: Running job "main.<locals>.run_lts_aus_fast_scan (trigger: interval[0:00:05], next run at: 2026-09-17 17:45:04 +07)" (scheduled at 2026-09-17 17:44:59.432380+07:00)
2026-09-17 17:44:59,448 INFO apscheduler.executors.default: Job "main.<locals>.run_lts_aus_fast_scan (trigger: interval[0:00:05], next run at: 2026-09-17 17:45:04 +07)" executed successfully
2026-09-17 17:44:59,449 INFO apscheduler.executors.default: Running job "main.<locals>.run_position_check (trigger: interval[0:00:05], next run at: 2026-09-17 17:45:04 +07)" (scheduled at 2026-09-17 17:44:59.433381+07:00)
2026-09-17 17:44:59,452 INFO apscheduler.executors.default: Job "main.<locals>.run_position_check (trigger: interval[0:00:05], next run at: 2026-09-17 17:45:04 +07)" executed successfully
2026-09-17 17:44:59,452 INFO apscheduler.executors.default: Running job "main.<locals>.run_trail_sl (trigger: interval[0:00:05], next run at: 2026-09-17 17:45:04 +07)" (scheduled at 2026-09-17 17:44:59.433381+07:00)
2026-09-17 17:44:59,452 INFO apscheduler.executors.default: Job "main.<locals>.run_trail_sl (trigger: interval[0:00:05], next run at: 2026-09-17 17:45:04 +07)" executed successfully
2026-09-17 17:45:01,005 INFO apscheduler.executors.default: Running job "main.<locals>.run_scan (trigger: cron[second='1,6,11,16,21,26,31,36,41,46,51,56'], next run at: 2026-09-17 17:45:06 +07)" (scheduled at 2026-09-17 17:45:01+07:00)
2026-09-17 17:45:01,005 INFO apscheduler.executors.default: Job "main.<locals>.run_scan (trigger: cron[second='1,6,11,16,21,26,31,36,41,46,51,56'], next run at: 2026-09-17 17:45:06 +07)" executed successfully
2026-09-17 17:45:04,453 INFO apscheduler.executors.default: Running job "main.<locals>.run_lts_aus_fast_scan (trigger: interval[0:00:05], next run at: 2026-09-17 17:45:09 +07)" (scheduled at 2026-09-17 17:45:04.432380+07:00)
2026-09-17 17:45:04,453 INFO apscheduler.executors.default: Job "main.<locals>.run_lts_aus_fast_scan (trigger: interval[0:00:05], next run at: 2026-09-17 17:45:09 +07)" executed successfully
2026-09-17 17:45:04,454 INFO apscheduler.executors.default: Running job "main.<locals>.run_position_check (trigger: interval[0:00:05], next run at: 2026-09-17 17:45:09 +07)" (scheduled at 2026-09-17 17:45:04.433381+07:00)
2026-09-17 17:45:04,458 INFO apscheduler.executors.default: Job "main.<locals>.run_position_check (trigger: interval[0:00:05], next run at: 2026-09-17 17:45:09 +07)" executed successfully
2026-09-17 17:45:04,459 INFO apscheduler.executors.default: Running job "main.<locals>.run_trail_sl (trigger: interval[0:00:05], next run at: 2026-09-17 17:45:09 +07)" (scheduled at 2026-09-17 17:45:04.433381+07:00)
2026-09-17 17:45:04,459 INFO apscheduler.executors.default: Job "main.<locals>.run_trail_sl (trigger: interval[0:00:05], next run at: 2026-09-17 17:45:09 +07)" executed successfully
2026-09-17 17:45:04,460 INFO apscheduler.executors.default: Running job "main.<locals>.save_bot_state_job (trigger: interval[0:00:15], next run at: 2026-09-17 17:45:19 +07)" (scheduled at 2026-09-17 17:45:04.434380+07:00)
2026-09-17 17:45:04,463 INFO apscheduler.executors.default: Job "main.<locals>.save_bot_state_job (trigger: interval[0:00:15], next run at: 2026-09-17 17:45:19 +07)" executed successfully
2026-09-17 17:45:05,452 INFO apscheduler.executors.default: Running job "main.<locals>.write_heartbeat_job (trigger: interval[0:00:15], next run at: 2026-09-17 17:45:20 +07)" (scheduled at 2026-09-17 17:45:05.436472+07:00)
2026-09-17 17:45:05,455 INFO apscheduler.executors.default: Job "main.<locals>.write_heartbeat_job (trigger: interval[0:00:15], next run at: 2026-09-17 17:45:20 +07)" executed successfully
2026-09-17 17:45:06,014 INFO apscheduler.executors.default: Running job "main.<locals>.run_scan (trigger: cron[second='1,6,11,16,21,26,31,36,41,46,51,56'], next run at: 2026-09-17 17:45:11 +07)" (scheduled at 2026-09-17 17:45:06+07:00)
2026-09-17 17:45:06,015 INFO apscheduler.executors.default: Job "main.<locals>.run_scan (trigger: cron[second='1,6,11,16,21,26,31,36,41,46,51,56'], next run at: 2026-09-17 17:45:11 +07)" executed successfully
2026-09-17 17:45:09,392 INFO httpx: HTTP Request: POST https://api.telegram.org/bot8759704311:AAFifFvXYLNPJZYlq-E4p3RVCUNiR0Ny6Ic/getUpdates "HTTP/1.1 200 OK"
2026-09-17 17:45:09,442 INFO apscheduler.executors.default: Running job "main.<locals>.run_lts_aus_fast_scan (trigger: interval[0:00:05], next run at: 2026-09-17 17:45:14 +07)" (scheduled at 2026-09-17 17:45:09.432380+07:00)
2026-09-17 17:45:09,444 INFO apscheduler.executors.default: Job "main.<locals>.run_lts_aus_fast_scan (trigger: interval[0:00:05], next run at: 2026-09-17 17:45:14 +07)" executed successfully
2026-09-17 17:45:09,445 INFO apscheduler.executors.default: Running job "main.<locals>.run_position_check (trigger: interval[0:00:05], next run at: 2026-09-17 17:45:14 +07)" (scheduled at 2026-09-17 17:45:09.433381+07:00)
2026-09-17 17:45:09,448 INFO apscheduler.executors.default: Job "main.<locals>.run_position_check (trigger: interval[0:00:05], next run at: 2026-09-17 17:45:14 +07)" executed successfully
2026-09-17 17:45:09,449 INFO apscheduler.executors.default: Running job "main.<locals>.run_trail_sl (trigger: interval[0:00:05], next run at: 2026-09-17 17:45:14 +07)" (scheduled at 2026-09-17 17:45:09.433381+07:00)
2026-09-17 17:45:09,449 INFO apscheduler.executors.default: Job "main.<locals>.run_trail_sl (trigger: interval[0:00:05], next run at: 2026-09-17 17:45:14 +07)" executed successfully
2026-09-17 17:45:11,010 INFO apscheduler.executors.default: Running job "main.<locals>.run_scan (trigger: cron[second='1,6,11,16,21,26,31,36,41,46,51,56'], next run at: 2026-09-17 17:45:16 +07)" (scheduled at 2026-09-17 17:45:11+07:00)
2026-09-17 17:45:11,010 INFO apscheduler.executors.default: Job "main.<locals>.run_scan (trigger: cron[second='1,6,11,16,21,26,31,36,41,46,51,56'], next run at: 2026-09-17 17:45:16 +07)" executed successfully
2026-09-17 17:45:14,442 INFO apscheduler.executors.default: Running job "main.<locals>.run_lts_aus_fast_scan (trigger: interval[0:00:05], next run at: 2026-09-17 17:45:19 +07)" (scheduled at 2026-09-17 17:45:14.432380+07:00)
2026-09-17 17:45:14,442 INFO apscheduler.executors.default: Job "main.<locals>.run_lts_aus_fast_scan (trigger: interval[0:00:05], next run at: 2026-09-17 17:45:19 +07)" executed successfully
2026-09-17 17:45:14,442 INFO apscheduler.executors.default: Running job "main.<locals>.run_position_check (trigger: interval[0:00:05], next run at: 2026-09-17 17:45:19 +07)" (scheduled at 2026-09-17 17:45:14.433381+07:00)
2026-09-17 17:45:14,445 INFO apscheduler.executors.default: Job "main.<locals>.run_position_check (trigger: interval[0:00:05], next run at: 2026-09-17 17:45:19 +07)" executed successfully
2026-09-17 17:45:14,445 INFO apscheduler.executors.default: Running job "main.<locals>.run_trail_sl (trigger: interval[0:00:05], next run at: 2026-09-17 17:45:19 +07)" (scheduled at 2026-09-17 17:45:14.433381+07:00)
2026-09-17 17:45:14,445 INFO apscheduler.executors.default: Job "main.<locals>.run_trail_sl (trigger: interval[0:00:05], next run at: 2026-09-17 17:45:19 +07)" executed successfully
2026-09-17 17:45:16,009 INFO apscheduler.executors.default: Running job "main.<locals>.run_scan (trigger: cron[second='1,6,11,16,21,26,31,36,41,46,51,56'], next run at: 2026-09-17 17:45:21 +07)" (scheduled at 2026-09-17 17:45:16+07:00)
2026-09-17 17:45:16,009 INFO apscheduler.executors.default: Job "main.<locals>.run_scan (trigger: cron[second='1,6,11,16,21,26,31,36,41,46,51,56'], next run at: 2026-09-17 17:45:21 +07)" executed successfully
2026-09-17 17:45:19,439 INFO apscheduler.executors.default: Running job "main.<locals>.run_lts_aus_fast_scan (trigger: interval[0:00:05], next run at: 2026-09-17 17:45:24 +07)" (scheduled at 2026-09-17 17:45:19.432380+07:00)
2026-09-17 17:45:19,439 INFO apscheduler.executors.default: Job "main.<locals>.run_lts_aus_fast_scan (trigger: interval[0:00:05], next run at: 2026-09-17 17:45:24 +07)" executed successfully
2026-09-17 17:45:19,440 INFO apscheduler.executors.default: Running job "main.<locals>.run_position_check (trigger: interval[0:00:05], next run at: 2026-09-17 17:45:24 +07)" (scheduled at 2026-09-17 17:45:19.433381+07:00)
2026-09-17 17:45:19,442 INFO apscheduler.executors.default: Job "main.<locals>.run_position_check (trigger: interval[0:00:05], next run at: 2026-09-17 17:45:24 +07)" executed successfully
2026-09-17 17:45:19,443 INFO apscheduler.executors.default: Running job "main.<locals>.run_trail_sl (trigger: interval[0:00:05], next run at: 2026-09-17 17:45:24 +07)" (scheduled at 2026-09-17 17:45:19.433381+07:00)
2026-09-17 17:45:19,443 INFO apscheduler.executors.default: Job "main.<locals>.run_trail_sl (trigger: interval[0:00:05], next run at: 2026-09-17 17:45:24 +07)" executed successfully
2026-09-17 17:45:19,443 INFO apscheduler.executors.default: Running job "main.<locals>.save_bot_state_job (trigger: interval[0:00:15], next run at: 2026-09-17 17:45:34 +07)" (scheduled at 2026-09-17 17:45:19.434380+07:00)
2026-09-17 17:45:19,445 INFO apscheduler.executors.default: Job "main.<locals>.save_bot_state_job (trigger: interval[0:00:15], next run at: 2026-09-17 17:45:34 +07)" executed successfully
2026-09-17 17:45:19,592 INFO httpx: HTTP Request: POST https://api.telegram.org/bot8759704311:AAFifFvXYLNPJZYlq-E4p3RVCUNiR0Ny6Ic/getUpdates "HTTP/1.1 200 OK"
2026-09-17 17:45:20,445 INFO apscheduler.executors.default: Running job "main.<locals>.write_heartbeat_job (trigger: interval[0:00:15], next run at: 2026-09-17 17:45:35 +07)" (scheduled at 2026-09-17 17:45:20.436472+07:00)
2026-09-17 17:45:20,449 INFO apscheduler.executors.default: Job "main.<locals>.write_heartbeat_job (trigger: interval[0:00:15], next run at: 2026-09-17 17:45:35 +07)" executed successfully
2026-09-17 17:45:21,006 INFO apscheduler.executors.default: Running job "main.<locals>.run_scan (trigger: cron[second='1,6,11,16,21,26,31,36,41,46,51,56'], next run at: 2026-09-17 17:45:26 +07)" (scheduled at 2026-09-17 17:45:21+07:00)
2026-09-17 17:45:21,007 INFO apscheduler.executors.default: Job "main.<locals>.run_scan (trigger: cron[second='1,6,11,16,21,26,31,36,41,46,51,56'], next run at: 2026-09-17 17:45:26 +07)" executed successfully
2026-09-17 17:45:24,444 INFO apscheduler.executors.default: Running job "main.<locals>.run_lts_aus_fast_scan (trigger: interval[0:00:05], next run at: 2026-09-17 17:45:29 +07)" (scheduled at 2026-09-17 17:45:24.432380+07:00)
2026-09-17 17:45:24,446 INFO apscheduler.executors.default: Job "main.<locals>.run_lts_aus_fast_scan (trigger: interval[0:00:05], next run at: 2026-09-17 17:45:29 +07)" executed successfully
2026-09-17 17:45:24,447 INFO apscheduler.executors.default: Running job "main.<locals>.run_position_check (trigger: interval[0:00:05], next run at: 2026-09-17 17:45:29 +07)" (scheduled at 2026-09-17 17:45:24.433381+07:00)
2026-09-17 17:45:24,449 INFO apscheduler.executors.default: Job "main.<locals>.run_position_check (trigger: interval[0:00:05], next run at: 2026-09-17 17:45:29 +07)" executed successfully
2026-09-17 17:45:24,449 INFO apscheduler.executors.default: Running job "main.<locals>.run_trail_sl (trigger: interval[0:00:05], next run at: 2026-09-17 17:45:29 +07)" (scheduled at 2026-09-17 17:45:24.433381+07:00)
2026-09-17 17:45:24,450 INFO apscheduler.executors.default: Job "main.<locals>.run_trail_sl (trigger: interval[0:00:05], next run at: 2026-09-17 17:45:29 +07)" executed successfully
2026-09-17 17:45:26,017 INFO apscheduler.executors.default: Running job "main.<locals>.run_scan (trigger: cron[second='1,6,11,16,21,26,31,36,41,46,51,56'], next run at: 2026-09-17 17:45:31 +07)" (scheduled at 2026-09-17 17:45:26+07:00)
2026-09-17 17:45:26,018 INFO apscheduler.executors.default: Job "main.<locals>.run_scan (trigger: cron[second='1,6,11,16,21,26,31,36,41,46,51,56'], next run at: 2026-09-17 17:45:31 +07)" executed successfully
2026-09-17 17:45:29,435 INFO apscheduler.executors.default: Running job "main.<locals>.run_lts_aus_fast_scan (trigger: interval[0:00:05], next run at: 2026-09-17 17:45:34 +07)" (scheduled at 2026-09-17 17:45:29.432380+07:00)
2026-09-17 17:45:29,436 INFO apscheduler.executors.default: Job "main.<locals>.run_lts_aus_fast_scan (trigger: interval[0:00:05], next run at: 2026-09-17 17:45:34 +07)" executed successfully
2026-09-17 17:45:29,436 INFO apscheduler.executors.default: Running job "main.<locals>.run_position_check (trigger: interval[0:00:05], next run at: 2026-09-17 17:45:34 +07)" (scheduled at 2026-09-17 17:45:29.433381+07:00)
2026-09-17 17:45:29,439 INFO apscheduler.executors.default: Job "main.<locals>.run_position_check (trigger: interval[0:00:05], next run at: 2026-09-17 17:45:34 +07)" executed successfully
2026-09-17 17:45:29,439 INFO apscheduler.executors.default: Running job "main.<locals>.run_trail_sl (trigger: interval[0:00:05], next run at: 2026-09-17 17:45:34 +07)" (scheduled at 2026-09-17 17:45:29.433381+07:00)
2026-09-17 17:45:29,439 INFO apscheduler.executors.default: Job "main.<locals>.run_trail_sl (trigger: interval[0:00:05], next run at: 2026-09-17 17:45:34 +07)" executed successfully
2026-09-17 17:45:29,798 INFO httpx: HTTP Request: POST https://api.telegram.org/bot8759704311:AAFifFvXYLNPJZYlq-E4p3RVCUNiR0Ny6Ic/getUpdates "HTTP/1.1 200 OK"
2026-09-17 17:45:31,014 INFO apscheduler.executors.default: Running job "main.<locals>.run_scan (trigger: cron[second='1,6,11,16,21,26,31,36,41,46,51,56'], next run at: 2026-09-17 17:45:36 +07)" (scheduled at 2026-09-17 17:45:31+07:00)
2026-09-17 17:45:31,015 INFO apscheduler.executors.default: Job "main.<locals>.run_scan (trigger: cron[second='1,6,11,16,21,26,31,36,41,46,51,56'], next run at: 2026-09-17 17:45:36 +07)" executed successfully
2026-09-17 17:45:34,440 INFO apscheduler.executors.default: Running job "main.<locals>.run_lts_aus_fast_scan (trigger: interval[0:00:05], next run at: 2026-09-17 17:45:39 +07)" (scheduled at 2026-09-17 17:45:34.432380+07:00)
2026-09-17 17:45:34,440 INFO apscheduler.executors.default: Job "main.<locals>.run_lts_aus_fast_scan (trigger: interval[0:00:05], next run at: 2026-09-17 17:45:39 +07)" executed successfully
2026-09-17 17:45:34,440 INFO apscheduler.executors.default: Running job "main.<locals>.run_position_check (trigger: interval[0:00:05], next run at: 2026-09-17 17:45:39 +07)" (scheduled at 2026-09-17 17:45:34.433381+07:00)
2026-09-17 17:45:34,443 INFO apscheduler.executors.default: Job "main.<locals>.run_position_check (trigger: interval[0:00:05], next run at: 2026-09-17 17:45:39 +07)" executed successfully
2026-09-17 17:45:34,444 INFO apscheduler.executors.default: Running job "main.<locals>.run_trail_sl (trigger: interval[0:00:05], next run at: 2026-09-17 17:45:39 +07)" (scheduled at 2026-09-17 17:45:34.433381+07:00)
2026-09-17 17:45:34,444 INFO apscheduler.executors.default: Job "main.<locals>.run_trail_sl (trigger: interval[0:00:05], next run at: 2026-09-17 17:45:39 +07)" executed successfully
2026-09-17 17:45:34,445 INFO apscheduler.executors.default: Running job "main.<locals>.save_bot_state_job (trigger: interval[0:00:15], next run at: 2026-09-17 17:45:49 +07)" (scheduled at 2026-09-17 17:45:34.434380+07:00)
2026-09-17 17:45:34,446 INFO apscheduler.executors.default: Job "main.<locals>.save_bot_state_job (trigger: interval[0:00:15], next run at: 2026-09-17 17:45:49 +07)" executed successfully
2026-09-17 17:45:35,448 INFO apscheduler.executors.default: Running job "main.<locals>.write_heartbeat_job (trigger: interval[0:00:15], next run at: 2026-09-17 17:45:50 +07)" (scheduled at 2026-09-17 17:45:35.436472+07:00)
2026-09-17 17:45:35,450 INFO apscheduler.executors.default: Job "main.<locals>.write_heartbeat_job (trigger: interval[0:00:15], next run at: 2026-09-17 17:45:50 +07)" executed successfully
2026-09-17 17:45:36,011 INFO apscheduler.executors.default: Running job "main.<locals>.run_scan (trigger: cron[second='1,6,11,16,21,26,31,36,41,46,51,56'], next run at: 2026-09-17 17:45:41 +07)" (scheduled at 2026-09-17 17:45:36+07:00)
2026-09-17 17:45:36,011 INFO apscheduler.executors.default: Job "main.<locals>.run_scan (trigger: cron[second='1,6,11,16,21,26,31,36,41,46,51,56'], next run at: 2026-09-17 17:45:41 +07)" executed successfully
2026-09-17 17:45:39,436 INFO apscheduler.executors.default: Running job "main.<locals>.run_lts_aus_fast_scan (trigger: interval[0:00:05], next run at: 2026-09-17 17:45:44 +07)" (scheduled at 2026-09-17 17:45:39.432380+07:00)
2026-09-17 17:45:39,438 INFO apscheduler.executors.default: Job "main.<locals>.run_lts_aus_fast_scan (trigger: interval[0:00:05], next run at: 2026-09-17 17:45:44 +07)" executed successfully
2026-09-17 17:45:39,438 INFO apscheduler.executors.default: Running job "main.<locals>.run_position_check (trigger: interval[0:00:05], next run at: 2026-09-17 17:45:44 +07)" (scheduled at 2026-09-17 17:45:39.433381+07:00)
2026-09-17 17:45:39,441 INFO apscheduler.executors.default: Job "main.<locals>.run_position_check (trigger: interval[0:00:05], next run at: 2026-09-17 17:45:44 +07)" executed successfully
2026-09-17 17:45:39,442 INFO apscheduler.executors.default: Running job "main.<locals>.run_trail_sl (trigger: interval[0:00:05], next run at: 2026-09-17 17:45:44 +07)" (scheduled at 2026-09-17 17:45:39.433381+07:00)
2026-09-17 17:45:39,442 INFO apscheduler.executors.default: Job "main.<locals>.run_trail_sl (trigger: interval[0:00:05], next run at: 2026-09-17 17:45:44 +07)" executed successfully
2026-09-17 17:45:40,000 INFO httpx: HTTP Request: POST https://api.telegram.org/bot8759704311:AAFifFvXYLNPJZYlq-E4p3RVCUNiR0Ny6Ic/getUpdates "HTTP/1.1 200 OK"
2026-09-17 17:45:41,010 INFO apscheduler.executors.default: Running job "main.<locals>.run_scan (trigger: cron[second='1,6,11,16,21,26,31,36,41,46,51,56'], next run at: 2026-09-17 17:45:46 +07)" (scheduled at 2026-09-17 17:45:41+07:00)
2026-09-17 17:45:41,011 INFO apscheduler.executors.default: Job "main.<locals>.run_scan (trigger: cron[second='1,6,11,16,21,26,31,36,41,46,51,56'], next run at: 2026-09-17 17:45:46 +07)" executed successfully
2026-09-17 17:45:44,444 INFO apscheduler.executors.default: Running job "main.<locals>.run_lts_aus_fast_scan (trigger: interval[0:00:05], next run at: 2026-09-17 17:45:49 +07)" (scheduled at 2026-09-17 17:45:44.432380+07:00)
2026-09-17 17:45:44,445 INFO apscheduler.executors.default: Job "main.<locals>.run_lts_aus_fast_scan (trigger: interval[0:00:05], next run at: 2026-09-17 17:45:49 +07)" executed successfully
2026-09-17 17:45:44,445 INFO apscheduler.executors.default: Running job "main.<locals>.run_position_check (trigger: interval[0:00:05], next run at: 2026-09-17 17:45:49 +07)" (scheduled at 2026-09-17 17:45:44.433381+07:00)
2026-09-17 17:45:44,449 INFO apscheduler.executors.default: Job "main.<locals>.run_position_check (trigger: interval[0:00:05], next run at: 2026-09-17 17:45:49 +07)" executed successfully
2026-09-17 17:45:44,449 INFO apscheduler.executors.default: Running job "main.<locals>.run_trail_sl (trigger: interval[0:00:05], next run at: 2026-09-17 17:45:49 +07)" (scheduled at 2026-09-17 17:45:44.433381+07:00)
2026-09-17 17:45:44,449 INFO apscheduler.executors.default: Job "main.<locals>.run_trail_sl (trigger: interval[0:00:05], next run at: 2026-09-17 17:45:49 +07)" executed successfully
2026-09-17 17:45:46,018 INFO apscheduler.executors.default: Running job "main.<locals>.run_scan (trigger: cron[second='1,6,11,16,21,26,31,36,41,46,51,56'], next run at: 2026-09-17 17:45:51 +07)" (scheduled at 2026-09-17 17:45:46+07:00)
2026-09-17 17:45:46,018 INFO apscheduler.executors.default: Job "main.<locals>.run_scan (trigger: cron[second='1,6,11,16,21,26,31,36,41,46,51,56'], next run at: 2026-09-17 17:45:51 +07)" executed successfully
2026-09-17 17:45:49,446 INFO apscheduler.executors.default: Running job "main.<locals>.check_symbol_switch (trigger: interval[0:01:00], next run at: 2026-09-17 17:46:49 +07)" (scheduled at 2026-09-17 17:45:49.430373+07:00)
2026-09-17 17:45:49,451 INFO apscheduler.executors.default: Job "main.<locals>.check_symbol_switch (trigger: interval[0:01:00], next run at: 2026-09-17 17:46:49 +07)" executed successfully
2026-09-17 17:45:49,451 INFO apscheduler.executors.default: Running job "main.<locals>.run_lts_aus_fast_scan (trigger: interval[0:00:05], next run at: 2026-09-17 17:45:54 +07)" (scheduled at 2026-09-17 17:45:49.432380+07:00)
2026-09-17 17:45:49,452 INFO apscheduler.executors.default: Job "main.<locals>.run_lts_aus_fast_scan (trigger: interval[0:00:05], next run at: 2026-09-17 17:45:54 +07)" executed successfully
2026-09-17 17:45:49,452 INFO apscheduler.executors.default: Running job "main.<locals>.run_position_check (trigger: interval[0:00:05], next run at: 2026-09-17 17:45:54 +07)" (scheduled at 2026-09-17 17:45:49.433381+07:00)
2026-09-17 17:45:49,455 INFO apscheduler.executors.default: Job "main.<locals>.run_position_check (trigger: interval[0:00:05], next run at: 2026-09-17 17:45:54 +07)" executed successfully
2026-09-17 17:45:49,455 INFO apscheduler.executors.default: Running job "main.<locals>.run_trail_sl (trigger: interval[0:00:05], next run at: 2026-09-17 17:45:54 +07)" (scheduled at 2026-09-17 17:45:49.433381+07:00)
2026-09-17 17:45:49,455 INFO apscheduler.executors.default: Job "main.<locals>.run_trail_sl (trigger: interval[0:00:05], next run at: 2026-09-17 17:45:54 +07)" executed successfully
2026-09-17 17:45:49,455 INFO apscheduler.executors.default: Running job "main.<locals>.save_bot_state_job (trigger: interval[0:00:15], next run at: 2026-09-17 17:46:04 +07)" (scheduled at 2026-09-17 17:45:49.434380+07:00)
2026-09-17 17:45:49,456 INFO apscheduler.executors.default: Job "main.<locals>.save_bot_state_job (trigger: interval[0:00:15], next run at: 2026-09-17 17:46:04 +07)" executed successfully
2026-09-17 17:45:49,458 INFO apscheduler.executors.default: Running job "main.<locals>.run_watchdog (trigger: interval[0:01:00], next run at: 2026-09-17 17:46:49 +07)" (scheduled at 2026-09-17 17:45:49.435380+07:00)
2026-09-17 17:45:49,461 INFO apscheduler.executors.default: Job "main.<locals>.run_watchdog (trigger: interval[0:01:00], next run at: 2026-09-17 17:46:49 +07)" executed successfully
2026-09-17 17:45:50,203 INFO httpx: HTTP Request: POST https://api.telegram.org/bot8759704311:AAFifFvXYLNPJZYlq-E4p3RVCUNiR0Ny6Ic/getUpdates "HTTP/1.1 200 OK"
2026-09-17 17:45:50,437 INFO apscheduler.executors.default: Running job "main.<locals>.write_heartbeat_job (trigger: interval[0:00:15], next run at: 2026-09-17 17:46:05 +07)" (scheduled at 2026-09-17 17:45:50.436472+07:00)
2026-09-17 17:45:50,438 INFO apscheduler.executors.default: Job "main.<locals>.write_heartbeat_job (trigger: interval[0:00:15], next run at: 2026-09-17 17:46:05 +07)" executed successfully
2026-09-17 17:45:51,015 INFO apscheduler.executors.default: Running job "main.<locals>.run_scan (trigger: cron[second='1,6,11,16,21,26,31,36,41,46,51,56'], next run at: 2026-09-17 17:45:56 +07)" (scheduled at 2026-09-17 17:45:51+07:00)
2026-09-17 17:45:51,015 INFO apscheduler.executors.default: Job "main.<locals>.run_scan (trigger: cron[second='1,6,11,16,21,26,31,36,41,46,51,56'], next run at: 2026-09-17 17:45:56 +07)" executed successfully
2026-09-17 17:45:54,435 INFO apscheduler.executors.default: Running job "main.<locals>.run_lts_aus_fast_scan (trigger: interval[0:00:05], next run at: 2026-09-17 17:45:59 +07)" (scheduled at 2026-09-17 17:45:54.432380+07:00)
2026-09-17 17:45:54,436 INFO apscheduler.executors.default: Job "main.<locals>.run_lts_aus_fast_scan (trigger: interval[0:00:05], next run at: 2026-09-17 17:45:59 +07)" executed successfully
2026-09-17 17:45:54,436 INFO apscheduler.executors.default: Running job "main.<locals>.run_position_check (trigger: interval[0:00:05], next run at: 2026-09-17 17:45:59 +07)" (scheduled at 2026-09-17 17:45:54.433381+07:00)
2026-09-17 17:45:54,438 INFO apscheduler.executors.default: Job "main.<locals>.run_position_check (trigger: interval[0:00:05], next run at: 2026-09-17 17:45:59 +07)" executed successfully
2026-09-17 17:45:54,438 INFO apscheduler.executors.default: Running job "main.<locals>.run_trail_sl (trigger: interval[0:00:05], next run at: 2026-09-17 17:45:59 +07)" (scheduled at 2026-09-17 17:45:54.433381+07:00)
2026-09-17 17:45:54,438 INFO apscheduler.executors.default: Job "main.<locals>.run_trail_sl (trigger: interval[0:00:05], next run at: 2026-09-17 17:45:59 +07)" executed successfully
2026-09-17 17:45:56,009 INFO apscheduler.executors.default: Running job "main.<locals>.run_scan (trigger: cron[second='1,6,11,16,21,26,31,36,41,46,51,56'], next run at: 2026-09-17 17:46:01 +07)" (scheduled at 2026-09-17 17:45:56+07:00)
2026-09-17 17:45:56,012 INFO apscheduler.executors.default: Job "main.<locals>.run_scan (trigger: cron[second='1,6,11,16,21,26,31,36,41,46,51,56'], next run at: 2026-09-17 17:46:01 +07)" executed successfully
2026-09-17 17:45:59,437 INFO apscheduler.executors.default: Running job "main.<locals>.run_lts_aus_fast_scan (trigger: interval[0:00:05], next run at: 2026-09-17 17:46:04 +07)" (scheduled at 2026-09-17 17:45:59.432380+07:00)
2026-09-17 17:45:59,437 INFO apscheduler.executors.default: Job "main.<locals>.run_lts_aus_fast_scan (trigger: interval[0:00:05], next run at: 2026-09-17 17:46:04 +07)" executed successfully
2026-09-17 17:45:59,438 INFO apscheduler.executors.default: Running job "main.<locals>.run_position_check (trigger: interval[0:00:05], next run at: 2026-09-17 17:46:04 +07)" (scheduled at 2026-09-17 17:45:59.433381+07:00)
2026-09-17 17:45:59,441 INFO apscheduler.executors.default: Job "main.<locals>.run_position_check (trigger: interval[0:00:05], next run at: 2026-09-17 17:46:04 +07)" executed successfully
2026-09-17 17:45:59,441 INFO apscheduler.executors.default: Running job "main.<locals>.run_trail_sl (trigger: interval[0:00:05], next run at: 2026-09-17 17:46:04 +07)" (scheduled at 2026-09-17 17:45:59.433381+07:00)
2026-09-17 17:45:59,442 INFO apscheduler.executors.default: Job "main.<locals>.run_trail_sl (trigger: interval[0:00:05], next run at: 2026-09-17 17:46:04 +07)" executed successfully
2026-09-17 17:46:00,402 INFO httpx: HTTP Request: POST https://api.telegram.org/bot8759704311:AAFifFvXYLNPJZYlq-E4p3RVCUNiR0Ny6Ic/getUpdates "HTTP/1.1 200 OK"
2026-09-17 17:46:01,015 INFO apscheduler.executors.default: Running job "main.<locals>.run_scan (trigger: cron[second='1,6,11,16,21,26,31,36,41,46,51,56'], next run at: 2026-09-17 17:46:06 +07)" (scheduled at 2026-09-17 17:46:01+07:00)
2026-09-17 17:46:01,015 INFO apscheduler.executors.default: Job "main.<locals>.run_scan (trigger: cron[second='1,6,11,16,21,26,31,36,41,46,51,56'], next run at: 2026-09-17 17:46:06 +07)" executed successfully
2026-09-17 17:46:04,433 INFO apscheduler.executors.default: Running job "main.<locals>.run_lts_aus_fast_scan (trigger: interval[0:00:05], next run at: 2026-09-17 17:46:09 +07)" (scheduled at 2026-09-17 17:46:04.432380+07:00)
2026-09-17 17:46:04,433 INFO apscheduler.executors.default: Job "main.<locals>.run_lts_aus_fast_scan (trigger: interval[0:00:05], next run at: 2026-09-17 17:46:09 +07)" executed successfully
2026-09-17 17:46:04,434 INFO apscheduler.executors.default: Running job "main.<locals>.run_position_check (trigger: interval[0:00:05], next run at: 2026-09-17 17:46:09 +07)" (scheduled at 2026-09-17 17:46:04.433381+07:00)
2026-09-17 17:46:04,435 INFO apscheduler.executors.default: Job "main.<locals>.run_position_check (trigger: interval[0:00:05], next run at: 2026-09-17 17:46:09 +07)" executed successfully
2026-09-17 17:46:04,435 INFO apscheduler.executors.default: Running job "main.<locals>.run_trail_sl (trigger: interval[0:00:05], next run at: 2026-09-17 17:46:09 +07)" (scheduled at 2026-09-17 17:46:04.433381+07:00)
2026-09-17 17:46:04,437 INFO apscheduler.executors.default: Job "main.<locals>.run_trail_sl (trigger: interval[0:00:05], next run at: 2026-09-17 17:46:09 +07)" executed successfully
2026-09-17 17:46:04,437 INFO apscheduler.executors.default: Running job "main.<locals>.save_bot_state_job (trigger: interval[0:00:15], next run at: 2026-09-17 17:46:19 +07)" (scheduled at 2026-09-17 17:46:04.434380+07:00)
2026-09-17 17:46:04,438 INFO apscheduler.executors.default: Job "main.<locals>.save_bot_state_job (trigger: interval[0:00:15], next run at: 2026-09-17 17:46:19 +07)" executed successfully
2026-09-17 17:46:05,442 INFO apscheduler.executors.default: Running job "main.<locals>.write_heartbeat_job (trigger: interval[0:00:15], next run at: 2026-09-17 17:46:20 +07)" (scheduled at 2026-09-17 17:46:05.436472+07:00)
2026-09-17 17:46:05,445 INFO apscheduler.executors.default: Job "main.<locals>.write_heartbeat_job (trigger: interval[0:00:15], next run at: 2026-09-17 17:46:20 +07)" executed successfully
2026-09-17 17:46:06,015 INFO apscheduler.executors.default: Running job "main.<locals>.run_scan (trigger: cron[second='1,6,11,16,21,26,31,36,41,46,51,56'], next run at: 2026-09-17 17:46:11 +07)" (scheduled at 2026-09-17 17:46:06+07:00)
2026-09-17 17:46:06,016 INFO apscheduler.executors.default: Job "main.<locals>.run_scan (trigger: cron[second='1,6,11,16,21,26,31,36,41,46,51,56'], next run at: 2026-09-17 17:46:11 +07)" executed successfully
2026-09-17 17:46:09,442 INFO apscheduler.executors.default: Running job "main.<locals>.run_lts_aus_fast_scan (trigger: interval[0:00:05], next run at: 2026-09-17 17:46:14 +07)" (scheduled at 2026-09-17 17:46:09.432380+07:00)
2026-09-17 17:46:09,442 INFO apscheduler.executors.default: Job "main.<locals>.run_lts_aus_fast_scan (trigger: interval[0:00:05], next run at: 2026-09-17 17:46:14 +07)" executed successfully
2026-09-17 17:46:09,443 INFO apscheduler.executors.default: Running job "main.<locals>.run_position_check (trigger: interval[0:00:05], next run at: 2026-09-17 17:46:14 +07)" (scheduled at 2026-09-17 17:46:09.433381+07:00)
2026-09-17 17:46:09,446 INFO apscheduler.executors.default: Job "main.<locals>.run_position_check (trigger: interval[0:00:05], next run at: 2026-09-17 17:46:14 +07)" executed successfully
2026-09-17 17:46:09,446 INFO apscheduler.executors.default: Running job "main.<locals>.run_trail_sl (trigger: interval[0:00:05], next run at: 2026-09-17 17:46:14 +07)" (scheduled at 2026-09-17 17:46:09.433381+07:00)
2026-09-17 17:46:09,447 INFO apscheduler.executors.default: Job "main.<locals>.run_trail_sl (trigger: interval[0:00:05], next run at: 2026-09-17 17:46:14 +07)" executed successfully
2026-09-17 17:46:10,607 INFO httpx: HTTP Request: POST https://api.telegram.org/bot8759704311:AAFifFvXYLNPJZYlq-E4p3RVCUNiR0Ny6Ic/getUpdates "HTTP/1.1 200 OK"
2026-09-17 17:46:11,012 INFO apscheduler.executors.default: Running job "main.<locals>.run_scan (trigger: cron[second='1,6,11,16,21,26,31,36,41,46,51,56'], next run at: 2026-09-17 17:46:16 +07)" (scheduled at 2026-09-17 17:46:11+07:00)
2026-09-17 17:46:11,020 INFO apscheduler.executors.default: Job "main.<locals>.run_scan (trigger: cron[second='1,6,11,16,21,26,31,36,41,46,51,56'], next run at: 2026-09-17 17:46:16 +07)" executed successfully
2026-09-17 17:46:14,437 INFO apscheduler.executors.default: Running job "main.<locals>.run_lts_aus_fast_scan (trigger: interval[0:00:05], next run at: 2026-09-17 17:46:19 +07)" (scheduled at 2026-09-17 17:46:14.432380+07:00)
2026-09-17 17:46:14,437 INFO apscheduler.executors.default: Job "main.<locals>.run_lts_aus_fast_scan (trigger: interval[0:00:05], next run at: 2026-09-17 17:46:19 +07)" executed successfully
2026-09-17 17:46:14,437 INFO apscheduler.executors.default: Running job "main.<locals>.run_position_check (trigger: interval[0:00:05], next run at: 2026-09-17 17:46:19 +07)" (scheduled at 2026-09-17 17:46:14.433381+07:00)
2026-09-17 17:46:14,440 INFO apscheduler.executors.default: Job "main.<locals>.run_position_check (trigger: interval[0:00:05], next run at: 2026-09-17 17:46:19 +07)" executed successfully
2026-09-17 17:46:14,440 INFO apscheduler.executors.default: Running job "main.<locals>.run_trail_sl (trigger: interval[0:00:05], next run at: 2026-09-17 17:46:19 +07)" (scheduled at 2026-09-17 17:46:14.433381+07:00)
2026-09-17 17:46:14,440 INFO apscheduler.executors.default: Job "main.<locals>.run_trail_sl (trigger: interval[0:00:05], next run at: 2026-09-17 17:46:19 +07)" executed successfully
2026-09-17 17:46:16,014 INFO apscheduler.executors.default: Running job "main.<locals>.run_scan (trigger: cron[second='1,6,11,16,21,26,31,36,41,46,51,56'], next run at: 2026-09-17 17:46:21 +07)" (scheduled at 2026-09-17 17:46:16+07:00)
2026-09-17 17:46:16,014 INFO apscheduler.executors.default: Job "main.<locals>.run_scan (trigger: cron[second='1,6,11,16,21,26,31,36,41,46,51,56'], next run at: 2026-09-17 17:46:21 +07)" executed successfully
2026-09-17 17:46:19,442 INFO apscheduler.executors.default: Running job "main.<locals>.run_lts_aus_fast_scan (trigger: interval[0:00:05], next run at: 2026-09-17 17:46:24 +07)" (scheduled at 2026-09-17 17:46:19.432380+07:00)
2026-09-17 17:46:19,442 INFO apscheduler.executors.default: Job "main.<locals>.run_lts_aus_fast_scan (trigger: interval[0:00:05], next run at: 2026-09-17 17:46:24 +07)" executed successfully
2026-09-17 17:46:19,442 INFO apscheduler.executors.default: Running job "main.<locals>.run_position_check (trigger: interval[0:00:05], next run at: 2026-09-17 17:46:24 +07)" (scheduled at 2026-09-17 17:46:19.433381+07:00)
2026-09-17 17:46:19,445 INFO apscheduler.executors.default: Job "main.<locals>.run_position_check (trigger: interval[0:00:05], next run at: 2026-09-17 17:46:24 +07)" executed successfully
2026-09-17 17:46:19,445 INFO apscheduler.executors.default: Running job "main.<locals>.run_trail_sl (trigger: interval[0:00:05], next run at: 2026-09-17 17:46:24 +07)" (scheduled at 2026-09-17 17:46:19.433381+07:00)
2026-09-17 17:46:19,445 INFO apscheduler.executors.default: Job "main.<locals>.run_trail_sl (trigger: interval[0:00:05], next run at: 2026-09-17 17:46:24 +07)" executed successfully
2026-09-17 17:46:19,445 INFO apscheduler.executors.default: Running job "main.<locals>.save_bot_state_job (trigger: interval[0:00:15], next run at: 2026-09-17 17:46:34 +07)" (scheduled at 2026-09-17 17:46:19.434380+07:00)
2026-09-17 17:46:19,447 INFO apscheduler.executors.default: Job "main.<locals>.save_bot_state_job (trigger: interval[0:00:15], next run at: 2026-09-17 17:46:34 +07)" executed successfully
2026-09-17 17:46:20,453 INFO apscheduler.executors.default: Running job "main.<locals>.write_heartbeat_job (trigger: interval[0:00:15], next run at: 2026-09-17 17:46:35 +07)" (scheduled at 2026-09-17 17:46:20.436472+07:00)
2026-09-17 17:46:20,455 INFO apscheduler.executors.default: Job "main.<locals>.write_heartbeat_job (trigger: interval[0:00:15], next run at: 2026-09-17 17:46:35 +07)" executed successfully
2026-09-17 17:46:20,808 INFO httpx: HTTP Request: POST https://api.telegram.org/bot8759704311:AAFifFvXYLNPJZYlq-E4p3RVCUNiR0Ny6Ic/getUpdates "HTTP/1.1 200 OK"
2026-09-17 17:46:21,014 INFO apscheduler.executors.default: Running job "main.<locals>.run_scan (trigger: cron[second='1,6,11,16,21,26,31,36,41,46,51,56'], next run at: 2026-09-17 17:46:26 +07)" (scheduled at 2026-09-17 17:46:21+07:00)
2026-09-17 17:46:21,015 INFO apscheduler.executors.default: Job "main.<locals>.run_scan (trigger: cron[second='1,6,11,16,21,26,31,36,41,46,51,56'], next run at: 2026-09-17 17:46:26 +07)" executed successfully
2026-09-17 17:46:24,436 INFO apscheduler.executors.default: Running job "main.<locals>.run_lts_aus_fast_scan (trigger: interval[0:00:05], next run at: 2026-09-17 17:46:29 +07)" (scheduled at 2026-09-17 17:46:24.432380+07:00)
2026-09-17 17:46:24,437 INFO apscheduler.executors.default: Job "main.<locals>.run_lts_aus_fast_scan (trigger: interval[0:00:05], next run at: 2026-09-17 17:46:29 +07)" executed successfully
2026-09-17 17:46:24,437 INFO apscheduler.executors.default: Running job "main.<locals>.run_position_check (trigger: interval[0:00:05], next run at: 2026-09-17 17:46:29 +07)" (scheduled at 2026-09-17 17:46:24.433381+07:00)
2026-09-17 17:46:24,440 INFO apscheduler.executors.default: Job "main.<locals>.run_position_check (trigger: interval[0:00:05], next run at: 2026-09-17 17:46:29 +07)" executed successfully
2026-09-17 17:46:24,440 INFO apscheduler.executors.default: Running job "main.<locals>.run_trail_sl (trigger: interval[0:00:05], next run at: 2026-09-17 17:46:29 +07)" (scheduled at 2026-09-17 17:46:24.433381+07:00)
2026-09-17 17:46:24,440 INFO apscheduler.executors.default: Job "main.<locals>.run_trail_sl (trigger: interval[0:00:05], next run at: 2026-09-17 17:46:29 +07)" executed successfully
2026-09-17 17:46:26,004 INFO apscheduler.executors.default: Running job "main.<locals>.run_scan (trigger: cron[second='1,6,11,16,21,26,31,36,41,46,51,56'], next run at: 2026-09-17 17:46:31 +07)" (scheduled at 2026-09-17 17:46:26+07:00)
2026-09-17 17:46:26,005 INFO apscheduler.executors.default: Job "main.<locals>.run_scan (trigger: cron[second='1,6,11,16,21,26,31,36,41,46,51,56'], next run at: 2026-09-17 17:46:31 +07)" executed successfully
2026-09-17 17:46:29,445 INFO apscheduler.executors.default: Running job "main.<locals>.run_lts_aus_fast_scan (trigger: interval[0:00:05], next run at: 2026-09-17 17:46:34 +07)" (scheduled at 2026-09-17 17:46:29.432380+07:00)
2026-09-17 17:46:29,445 INFO apscheduler.executors.default: Job "main.<locals>.run_lts_aus_fast_scan (trigger: interval[0:00:05], next run at: 2026-09-17 17:46:34 +07)" executed successfully
2026-09-17 17:46:29,446 INFO apscheduler.executors.default: Running job "main.<locals>.run_position_check (trigger: interval[0:00:05], next run at: 2026-09-17 17:46:34 +07)" (scheduled at 2026-09-17 17:46:29.433381+07:00)
2026-09-17 17:46:29,448 INFO apscheduler.executors.default: Job "main.<locals>.run_position_check (trigger: interval[0:00:05], next run at: 2026-09-17 17:46:34 +07)" executed successfully
2026-09-17 17:46:29,448 INFO apscheduler.executors.default: Running job "main.<locals>.run_trail_sl (trigger: interval[0:00:05], next run at: 2026-09-17 17:46:34 +07)" (scheduled at 2026-09-17 17:46:29.433381+07:00)
2026-09-17 17:46:29,448 INFO apscheduler.executors.default: Job "main.<locals>.run_trail_sl (trigger: interval[0:00:05], next run at: 2026-09-17 17:46:34 +07)" executed successfully
2026-09-17 17:46:31,012 INFO apscheduler.executors.default: Running job "main.<locals>.run_scan (trigger: cron[second='1,6,11,16,21,26,31,36,41,46,51,56'], next run at: 2026-09-17 17:46:36 +07)" (scheduled at 2026-09-17 17:46:31+07:00)
2026-09-17 17:46:31,013 INFO apscheduler.executors.default: Job "main.<locals>.run_scan (trigger: cron[second='1,6,11,16,21,26,31,36,41,46,51,56'], next run at: 2026-09-17 17:46:36 +07)" executed successfully
2026-09-17 17:46:31,017 INFO httpx: HTTP Request: POST https://api.telegram.org/bot8759704311:AAFifFvXYLNPJZYlq-E4p3RVCUNiR0Ny6Ic/getUpdates "HTTP/1.1 200 OK"
2026-09-17 17:46:34,447 INFO apscheduler.executors.default: Running job "main.<locals>.run_lts_aus_fast_scan (trigger: interval[0:00:05], next run at: 2026-09-17 17:46:39 +07)" (scheduled at 2026-09-17 17:46:34.432380+07:00)
2026-09-17 17:46:34,447 INFO apscheduler.executors.default: Job "main.<locals>.run_lts_aus_fast_scan (trigger: interval[0:00:05], next run at: 2026-09-17 17:46:39 +07)" executed successfully
2026-09-17 17:46:34,447 INFO apscheduler.executors.default: Running job "main.<locals>.run_position_check (trigger: interval[0:00:05], next run at: 2026-09-17 17:46:39 +07)" (scheduled at 2026-09-17 17:46:34.433381+07:00)
2026-09-17 17:46:34,449 INFO apscheduler.executors.default: Job "main.<locals>.run_position_check (trigger: interval[0:00:05], next run at: 2026-09-17 17:46:39 +07)" executed successfully
2026-09-17 17:46:34,450 INFO apscheduler.executors.default: Running job "main.<locals>.run_trail_sl (trigger: interval[0:00:05], next run at: 2026-09-17 17:46:39 +07)" (scheduled at 2026-09-17 17:46:34.433381+07:00)
2026-09-17 17:46:34,450 INFO apscheduler.executors.default: Job "main.<locals>.run_trail_sl (trigger: interval[0:00:05], next run at: 2026-09-17 17:46:39 +07)" executed successfully
2026-09-17 17:46:34,450 INFO apscheduler.executors.default: Running job "main.<locals>.save_bot_state_job (trigger: interval[0:00:15], next run at: 2026-09-17 17:46:49 +07)" (scheduled at 2026-09-17 17:46:34.434380+07:00)
2026-09-17 17:46:34,451 INFO apscheduler.executors.default: Job "main.<locals>.save_bot_state_job (trigger: interval[0:00:15], next run at: 2026-09-17 17:46:49 +07)" executed successfully
2026-09-17 17:46:35,443 INFO apscheduler.executors.default: Running job "main.<locals>.write_heartbeat_job (trigger: interval[0:00:15], next run at: 2026-09-17 17:46:50 +07)" (scheduled at 2026-09-17 17:46:35.436472+07:00)
2026-09-17 17:46:35,445 INFO apscheduler.executors.default: Job "main.<locals>.write_heartbeat_job (trigger: interval[0:00:15], next run at: 2026-09-17 17:46:50 +07)" executed successfully
2026-09-17 17:46:36,018 INFO apscheduler.executors.default: Running job "main.<locals>.run_scan (trigger: cron[second='1,6,11,16,21,26,31,36,41,46,51,56'], next run at: 2026-09-17 17:46:41 +07)" (scheduled at 2026-09-17 17:46:36+07:00)
2026-09-17 17:46:36,020 INFO apscheduler.executors.default: Job "main.<locals>.run_scan (trigger: cron[second='1,6,11,16,21,26,31,36,41,46,51,56'], next run at: 2026-09-17 17:46:41 +07)" executed successfully
2026-09-17 17:46:39,441 INFO apscheduler.executors.default: Running job "main.<locals>.run_lts_aus_fast_scan (trigger: interval[0:00:05], next run at: 2026-09-17 17:46:44 +07)" (scheduled at 2026-09-17 17:46:39.432380+07:00)
2026-09-17 17:46:39,441 INFO apscheduler.executors.default: Job "main.<locals>.run_lts_aus_fast_scan (trigger: interval[0:00:05], next run at: 2026-09-17 17:46:44 +07)" executed successfully
2026-09-17 17:46:39,442 INFO apscheduler.executors.default: Running job "main.<locals>.run_position_check (trigger: interval[0:00:05], next run at: 2026-09-17 17:46:44 +07)" (scheduled at 2026-09-17 17:46:39.433381+07:00)
2026-09-17 17:46:39,445 INFO apscheduler.executors.default: Job "main.<locals>.run_position_check (trigger: interval[0:00:05], next run at: 2026-09-17 17:46:44 +07)" executed successfully
2026-09-17 17:46:39,445 INFO apscheduler.executors.default: Running job "main.<locals>.run_trail_sl (trigger: interval[0:00:05], next run at: 2026-09-17 17:46:44 +07)" (scheduled at 2026-09-17 17:46:39.433381+07:00)
2026-09-17 17:46:39,445 INFO apscheduler.executors.default: Job "main.<locals>.run_trail_sl (trigger: interval[0:00:05], next run at: 2026-09-17 17:46:44 +07)" executed successfully
2026-09-17 17:46:41,013 INFO apscheduler.executors.default: Running job "main.<locals>.run_scan (trigger: cron[second='1,6,11,16,21,26,31,36,41,46,51,56'], next run at: 2026-09-17 17:46:46 +07)" (scheduled at 2026-09-17 17:46:41+07:00)
2026-09-17 17:46:41,015 INFO apscheduler.executors.default: Job "main.<locals>.run_scan (trigger: cron[second='1,6,11,16,21,26,31,36,41,46,51,56'], next run at: 2026-09-17 17:46:46 +07)" executed successfully
2026-09-17 17:46:41,228 INFO httpx: HTTP Request: POST https://api.telegram.org/bot8759704311:AAFifFvXYLNPJZYlq-E4p3RVCUNiR0Ny6Ic/getUpdates "HTTP/1.1 200 OK"
2026-09-17 17:46:44,434 INFO apscheduler.executors.default: Running job "main.<locals>.run_lts_aus_fast_scan (trigger: interval[0:00:05], next run at: 2026-09-17 17:46:49 +07)" (scheduled at 2026-09-17 17:46:44.432380+07:00)
2026-09-17 17:46:44,435 INFO apscheduler.executors.default: Job "main.<locals>.run_lts_aus_fast_scan (trigger: interval[0:00:05], next run at: 2026-09-17 17:46:49 +07)" executed successfully
2026-09-17 17:46:44,435 INFO apscheduler.executors.default: Running job "main.<locals>.run_position_check (trigger: interval[0:00:05], next run at: 2026-09-17 17:46:49 +07)" (scheduled at 2026-09-17 17:46:44.433381+07:00)
2026-09-17 17:46:44,438 INFO apscheduler.executors.default: Job "main.<locals>.run_position_check (trigger: interval[0:00:05], next run at: 2026-09-17 17:46:49 +07)" executed successfully
2026-09-17 17:46:44,438 INFO apscheduler.executors.default: Running job "main.<locals>.run_trail_sl (trigger: interval[0:00:05], next run at: 2026-09-17 17:46:49 +07)" (scheduled at 2026-09-17 17:46:44.433381+07:00)
2026-09-17 17:46:44,438 INFO apscheduler.executors.default: Job "main.<locals>.run_trail_sl (trigger: interval[0:00:05], next run at: 2026-09-17 17:46:49 +07)" executed successfully
2026-09-17 17:46:46,016 INFO apscheduler.executors.default: Running job "main.<locals>.run_scan (trigger: cron[second='1,6,11,16,21,26,31,36,41,46,51,56'], next run at: 2026-09-17 17:46:51 +07)" (scheduled at 2026-09-17 17:46:46+07:00)
2026-09-17 17:46:46,016 INFO apscheduler.executors.default: Job "main.<locals>.run_scan (trigger: cron[second='1,6,11,16,21,26,31,36,41,46,51,56'], next run at: 2026-09-17 17:46:51 +07)" executed successfully
2026-09-17 17:46:49,441 INFO apscheduler.executors.default: Running job "main.<locals>.check_symbol_switch (trigger: interval[0:01:00], next run at: 2026-09-17 17:47:49 +07)" (scheduled at 2026-09-17 17:46:49.430373+07:00)
2026-09-17 17:46:49,448 INFO apscheduler.executors.default: Job "main.<locals>.check_symbol_switch (trigger: interval[0:01:00], next run at: 2026-09-17 17:47:49 +07)" executed successfully
2026-09-17 17:46:49,448 INFO apscheduler.executors.default: Running job "main.<locals>.run_lts_aus_fast_scan (trigger: interval[0:00:05], next run at: 2026-09-17 17:46:54 +07)" (scheduled at 2026-09-17 17:46:49.432380+07:00)
2026-09-17 17:46:49,449 INFO apscheduler.executors.default: Job "main.<locals>.run_lts_aus_fast_scan (trigger: interval[0:00:05], next run at: 2026-09-17 17:46:54 +07)" executed successfully
2026-09-17 17:46:49,449 INFO apscheduler.executors.default: Running job "main.<locals>.run_position_check (trigger: interval[0:00:05], next run at: 2026-09-17 17:46:54 +07)" (scheduled at 2026-09-17 17:46:49.433381+07:00)
2026-09-17 17:46:49,453 INFO apscheduler.executors.default: Job "main.<locals>.run_position_check (trigger: interval[0:00:05], next run at: 2026-09-17 17:46:54 +07)" executed successfully
2026-09-17 17:46:49,454 INFO apscheduler.executors.default: Running job "main.<locals>.run_trail_sl (trigger: interval[0:00:05], next run at: 2026-09-17 17:46:54 +07)" (scheduled at 2026-09-17 17:46:49.433381+07:00)
2026-09-17 17:46:49,454 INFO apscheduler.executors.default: Job "main.<locals>.run_trail_sl (trigger: interval[0:00:05], next run at: 2026-09-17 17:46:54 +07)" executed successfully
2026-09-17 17:46:49,454 INFO apscheduler.executors.default: Running job "main.<locals>.save_bot_state_job (trigger: interval[0:00:15], next run at: 2026-09-17 17:47:04 +07)" (scheduled at 2026-09-17 17:46:49.434380+07:00)
2026-09-17 17:46:49,457 INFO apscheduler.executors.default: Job "main.<locals>.save_bot_state_job (trigger: interval[0:00:15], next run at: 2026-09-17 17:47:04 +07)" executed successfully
2026-09-17 17:46:49,458 INFO apscheduler.executors.default: Running job "main.<locals>.run_watchdog (trigger: interval[0:01:00], next run at: 2026-09-17 17:47:49 +07)" (scheduled at 2026-09-17 17:46:49.435380+07:00)
2026-09-17 17:46:49,464 INFO apscheduler.executors.default: Job "main.<locals>.run_watchdog (trigger: interval[0:01:00], next run at: 2026-09-17 17:47:49 +07)" executed successfully
2026-09-17 17:46:50,462 INFO apscheduler.executors.default: Running job "main.<locals>.write_heartbeat_job (trigger: interval[0:00:15], next run at: 2026-09-17 17:47:05 +07)" (scheduled at 2026-09-17 17:46:50.436472+07:00)
2026-09-17 17:46:50,465 INFO apscheduler.executors.default: Job "main.<locals>.write_heartbeat_job (trigger: interval[0:00:15], next run at: 2026-09-17 17:47:05 +07)" executed successfully
2026-09-17 17:46:51,006 INFO apscheduler.executors.default: Running job "main.<locals>.run_scan (trigger: cron[second='1,6,11,16,21,26,31,36,41,46,51,56'], next run at: 2026-09-17 17:46:56 +07)" (scheduled at 2026-09-17 17:46:51+07:00)
2026-09-17 17:46:51,008 INFO apscheduler.executors.default: Job "main.<locals>.run_scan (trigger: cron[second='1,6,11,16,21,26,31,36,41,46,51,56'], next run at: 2026-09-17 17:46:56 +07)" executed successfully
2026-09-17 17:46:51,428 INFO httpx: HTTP Request: POST https://api.telegram.org/bot8759704311:AAFifFvXYLNPJZYlq-E4p3RVCUNiR0Ny6Ic/getUpdates "HTTP/1.1 200 OK"
2026-09-17 17:46:54,444 INFO apscheduler.executors.default: Running job "main.<locals>.run_lts_aus_fast_scan (trigger: interval[0:00:05], next run at: 2026-09-17 17:46:59 +07)" (scheduled at 2026-09-17 17:46:54.432380+07:00)
2026-09-17 17:46:54,444 INFO apscheduler.executors.default: Job "main.<locals>.run_lts_aus_fast_scan (trigger: interval[0:00:05], next run at: 2026-09-17 17:46:59 +07)" executed successfully
2026-09-17 17:46:54,445 INFO apscheduler.executors.default: Running job "main.<locals>.run_position_check (trigger: interval[0:00:05], next run at: 2026-09-17 17:46:59 +07)" (scheduled at 2026-09-17 17:46:54.433381+07:00)
2026-09-17 17:46:54,448 INFO apscheduler.executors.default: Job "main.<locals>.run_position_check (trigger: interval[0:00:05], next run at: 2026-09-17 17:46:59 +07)" executed successfully
2026-09-17 17:46:54,448 INFO apscheduler.executors.default: Running job "main.<locals>.run_trail_sl (trigger: interval[0:00:05], next run at: 2026-09-17 17:46:59 +07)" (scheduled at 2026-09-17 17:46:54.433381+07:00)
2026-09-17 17:46:54,449 INFO apscheduler.executors.default: Job "main.<locals>.run_trail_sl (trigger: interval[0:00:05], next run at: 2026-09-17 17:46:59 +07)" executed successfully
2026-09-17 17:46:56,012 INFO apscheduler.executors.default: Running job "main.<locals>.run_scan (trigger: cron[second='1,6,11,16,21,26,31,36,41,46,51,56'], next run at: 2026-09-17 17:47:01 +07)" (scheduled at 2026-09-17 17:46:56+07:00)
2026-09-17 17:46:56,014 INFO apscheduler.executors.default: Job "main.<locals>.run_scan (trigger: cron[second='1,6,11,16,21,26,31,36,41,46,51,56'], next run at: 2026-09-17 17:47:01 +07)" executed successfully
2026-09-17 17:46:59,438 INFO apscheduler.executors.default: Running job "main.<locals>.run_lts_aus_fast_scan (trigger: interval[0:00:05], next run at: 2026-09-17 17:47:04 +07)" (scheduled at 2026-09-17 17:46:59.432380+07:00)
2026-09-17 17:46:59,439 INFO apscheduler.executors.default: Job "main.<locals>.run_lts_aus_fast_scan (trigger: interval[0:00:05], next run at: 2026-09-17 17:47:04 +07)" executed successfully
2026-09-17 17:46:59,439 INFO apscheduler.executors.default: Running job "main.<locals>.run_position_check (trigger: interval[0:00:05], next run at: 2026-09-17 17:47:04 +07)" (scheduled at 2026-09-17 17:46:59.433381+07:00)
2026-09-17 17:46:59,442 INFO apscheduler.executors.default: Job "main.<locals>.run_position_check (trigger: interval[0:00:05], next run at: 2026-09-17 17:47:04 +07)" executed successfully
2026-09-17 17:46:59,442 INFO apscheduler.executors.default: Running job "main.<locals>.run_trail_sl (trigger: interval[0:00:05], next run at: 2026-09-17 17:47:04 +07)" (scheduled at 2026-09-17 17:46:59.433381+07:00)
2026-09-17 17:46:59,442 INFO apscheduler.executors.default: Job "main.<locals>.run_trail_sl (trigger: interval[0:00:05], next run at: 2026-09-17 17:47:04 +07)" executed successfully
2026-09-17 17:47:01,014 INFO apscheduler.executors.default: Running job "main.<locals>.run_scan (trigger: cron[second='1,6,11,16,21,26,31,36,41,46,51,56'], next run at: 2026-09-17 17:47:06 +07)" (scheduled at 2026-09-17 17:47:01+07:00)
2026-09-17 17:47:01,014 INFO apscheduler.executors.default: Job "main.<locals>.run_scan (trigger: cron[second='1,6,11,16,21,26,31,36,41,46,51,56'], next run at: 2026-09-17 17:47:06 +07)" executed successfully
2026-09-17 17:47:01,628 INFO httpx: HTTP Request: POST https://api.telegram.org/bot8759704311:AAFifFvXYLNPJZYlq-E4p3RVCUNiR0Ny6Ic/getUpdates "HTTP/1.1 200 OK"
2026-09-17 17:47:04,446 INFO apscheduler.executors.default: Running job "main.<locals>.run_lts_aus_fast_scan (trigger: interval[0:00:05], next run at: 2026-09-17 17:47:09 +07)" (scheduled at 2026-09-17 17:47:04.432380+07:00)
2026-09-17 17:47:04,447 INFO apscheduler.executors.default: Job "main.<locals>.run_lts_aus_fast_scan (trigger: interval[0:00:05], next run at: 2026-09-17 17:47:09 +07)" executed successfully
2026-09-17 17:47:04,447 INFO apscheduler.executors.default: Running job "main.<locals>.run_position_check (trigger: interval[0:00:05], next run at: 2026-09-17 17:47:09 +07)" (scheduled at 2026-09-17 17:47:04.433381+07:00)
2026-09-17 17:47:04,451 INFO apscheduler.executors.default: Job "main.<locals>.run_position_check (trigger: interval[0:00:05], next run at: 2026-09-17 17:47:09 +07)" executed successfully
2026-09-17 17:47:04,451 INFO apscheduler.executors.default: Running job "main.<locals>.run_trail_sl (trigger: interval[0:00:05], next run at: 2026-09-17 17:47:09 +07)" (scheduled at 2026-09-17 17:47:04.433381+07:00)
2026-09-17 17:47:04,452 INFO apscheduler.executors.default: Job "main.<locals>.run_trail_sl (trigger: interval[0:00:05], next run at: 2026-09-17 17:47:09 +07)" executed successfully
2026-09-17 17:47:04,452 INFO apscheduler.executors.default: Running job "main.<locals>.save_bot_state_job (trigger: interval[0:00:15], next run at: 2026-09-17 17:47:19 +07)" (scheduled at 2026-09-17 17:47:04.434380+07:00)
2026-09-17 17:47:04,455 INFO apscheduler.executors.default: Job "main.<locals>.save_bot_state_job (trigger: interval[0:00:15], next run at: 2026-09-17 17:47:19 +07)" executed successfully
2026-09-17 17:47:05,443 INFO apscheduler.executors.default: Running job "main.<locals>.write_heartbeat_job (trigger: interval[0:00:15], next run at: 2026-09-17 17:47:20 +07)" (scheduled at 2026-09-17 17:47:05.436472+07:00)
2026-09-17 17:47:05,445 INFO apscheduler.executors.default: Job "main.<locals>.write_heartbeat_job (trigger: interval[0:00:15], next run at: 2026-09-17 17:47:20 +07)" executed successfully
2026-09-17 17:47:06,005 INFO apscheduler.executors.default: Running job "main.<locals>.run_scan (trigger: cron[second='1,6,11,16,21,26,31,36,41,46,51,56'], next run at: 2026-09-17 17:47:11 +07)" (scheduled at 2026-09-17 17:47:06+07:00)
2026-09-17 17:47:06,005 INFO apscheduler.executors.default: Job "main.<locals>.run_scan (trigger: cron[second='1,6,11,16,21,26,31,36,41,46,51,56'], next run at: 2026-09-17 17:47:11 +07)" executed successfully
2026-09-17 17:47:09,432 INFO apscheduler.executors.default: Running job "main.<locals>.run_lts_aus_fast_scan (trigger: interval[0:00:05], next run at: 2026-09-17 17:47:14 +07)" (scheduled at 2026-09-17 17:47:09.432380+07:00)
2026-09-17 17:47:09,433 INFO apscheduler.executors.default: Job "main.<locals>.run_lts_aus_fast_scan (trigger: interval[0:00:05], next run at: 2026-09-17 17:47:14 +07)" executed successfully
2026-09-17 17:47:09,433 INFO apscheduler.executors.default: Running job "main.<locals>.run_position_check (trigger: interval[0:00:05], next run at: 2026-09-17 17:47:14 +07)" (scheduled at 2026-09-17 17:47:09.433381+07:00)
2026-09-17 17:47:09,437 INFO apscheduler.executors.default: Job "main.<locals>.run_position_check (trigger: interval[0:00:05], next run at: 2026-09-17 17:47:14 +07)" executed successfully
2026-09-17 17:47:09,437 INFO apscheduler.executors.default: Running job "main.<locals>.run_trail_sl (trigger: interval[0:00:05], next run at: 2026-09-17 17:47:14 +07)" (scheduled at 2026-09-17 17:47:09.433381+07:00)
2026-09-17 17:47:09,437 INFO apscheduler.executors.default: Job "main.<locals>.run_trail_sl (trigger: interval[0:00:05], next run at: 2026-09-17 17:47:14 +07)" executed successfully
2026-09-17 17:47:11,006 INFO apscheduler.executors.default: Running job "main.<locals>.run_scan (trigger: cron[second='1,6,11,16,21,26,31,36,41,46,51,56'], next run at: 2026-09-17 17:47:16 +07)" (scheduled at 2026-09-17 17:47:11+07:00)
2026-09-17 17:47:11,009 INFO apscheduler.executors.default: Job "main.<locals>.run_scan (trigger: cron[second='1,6,11,16,21,26,31,36,41,46,51,56'], next run at: 2026-09-17 17:47:16 +07)" executed successfully
2026-09-17 17:47:11,827 INFO httpx: HTTP Request: POST https://api.telegram.org/bot8759704311:AAFifFvXYLNPJZYlq-E4p3RVCUNiR0Ny6Ic/getUpdates "HTTP/1.1 200 OK"
2026-09-17 17:47:14,448 INFO apscheduler.executors.default: Running job "main.<locals>.run_lts_aus_fast_scan (trigger: interval[0:00:05], next run at: 2026-09-17 17:47:19 +07)" (scheduled at 2026-09-17 17:47:14.432380+07:00)
2026-09-17 17:47:14,448 INFO apscheduler.executors.default: Job "main.<locals>.run_lts_aus_fast_scan (trigger: interval[0:00:05], next run at: 2026-09-17 17:47:19 +07)" executed successfully
2026-09-17 17:47:14,449 INFO apscheduler.executors.default: Running job "main.<locals>.run_position_check (trigger: interval[0:00:05], next run at: 2026-09-17 17:47:19 +07)" (scheduled at 2026-09-17 17:47:14.433381+07:00)
2026-09-17 17:47:14,453 INFO apscheduler.executors.default: Job "main.<locals>.run_position_check (trigger: interval[0:00:05], next run at: 2026-09-17 17:47:19 +07)" executed successfully
2026-09-17 17:47:14,453 INFO apscheduler.executors.default: Running job "main.<locals>.run_trail_sl (trigger: interval[0:00:05], next run at: 2026-09-17 17:47:19 +07)" (scheduled at 2026-09-17 17:47:14.433381+07:00)
2026-09-17 17:47:14,453 INFO apscheduler.executors.default: Job "main.<locals>.run_trail_sl (trigger: interval[0:00:05], next run at: 2026-09-17 17:47:19 +07)" executed successfully
2026-09-17 17:47:16,005 INFO apscheduler.executors.default: Running job "main.<locals>.run_scan (trigger: cron[second='1,6,11,16,21,26,31,36,41,46,51,56'], next run at: 2026-09-17 17:47:21 +07)" (scheduled at 2026-09-17 17:47:16+07:00)
2026-09-17 17:47:16,006 INFO apscheduler.executors.default: Job "main.<locals>.run_scan (trigger: cron[second='1,6,11,16,21,26,31,36,41,46,51,56'], next run at: 2026-09-17 17:47:21 +07)" executed successfully
2026-09-17 17:47:19,445 INFO apscheduler.executors.default: Running job "main.<locals>.run_lts_aus_fast_scan (trigger: interval[0:00:05], next run at: 2026-09-17 17:47:24 +07)" (scheduled at 2026-09-17 17:47:19.432380+07:00)
2026-09-17 17:47:19,445 INFO apscheduler.executors.default: Job "main.<locals>.run_lts_aus_fast_scan (trigger: interval[0:00:05], next run at: 2026-09-17 17:47:24 +07)" executed successfully
2026-09-17 17:47:19,452 INFO apscheduler.executors.default: Running job "main.<locals>.run_position_check (trigger: interval[0:00:05], next run at: 2026-09-17 17:47:24 +07)" (scheduled at 2026-09-17 17:47:19.433381+07:00)
2026-09-17 17:47:19,455 INFO apscheduler.executors.default: Job "main.<locals>.run_position_check (trigger: interval[0:00:05], next run at: 2026-09-17 17:47:24 +07)" executed successfully
2026-09-17 17:47:19,456 INFO apscheduler.executors.default: Running job "main.<locals>.run_trail_sl (trigger: interval[0:00:05], next run at: 2026-09-17 17:47:24 +07)" (scheduled at 2026-09-17 17:47:19.433381+07:00)
2026-09-17 17:47:19,456 INFO apscheduler.executors.default: Job "main.<locals>.run_trail_sl (trigger: interval[0:00:05], next run at: 2026-09-17 17:47:24 +07)" executed successfully
2026-09-17 17:47:19,456 INFO apscheduler.executors.default: Running job "main.<locals>.save_bot_state_job (trigger: interval[0:00:15], next run at: 2026-09-17 17:47:34 +07)" (scheduled at 2026-09-17 17:47:19.434380+07:00)
2026-09-17 17:47:19,461 INFO apscheduler.executors.default: Job "main.<locals>.save_bot_state_job (trigger: interval[0:00:15], next run at: 2026-09-17 17:47:34 +07)" executed successfully
2026-09-17 17:47:20,451 INFO apscheduler.executors.default: Running job "main.<locals>.write_heartbeat_job (trigger: interval[0:00:15], next run at: 2026-09-17 17:47:35 +07)" (scheduled at 2026-09-17 17:47:20.436472+07:00)
2026-09-17 17:47:20,454 INFO apscheduler.executors.default: Job "main.<locals>.write_heartbeat_job (trigger: interval[0:00:15], next run at: 2026-09-17 17:47:35 +07)" executed successfully
2026-09-17 17:47:21,014 INFO apscheduler.executors.default: Running job "main.<locals>.run_scan (trigger: cron[second='1,6,11,16,21,26,31,36,41,46,51,56'], next run at: 2026-09-17 17:47:26 +07)" (scheduled at 2026-09-17 17:47:21+07:00)
2026-09-17 17:47:21,015 INFO apscheduler.executors.default: Job "main.<locals>.run_scan (trigger: cron[second='1,6,11,16,21,26,31,36,41,46,51,56'], next run at: 2026-09-17 17:47:26 +07)" executed successfully
2026-09-17 17:47:22,022 INFO httpx: HTTP Request: POST https://api.telegram.org/bot8759704311:AAFifFvXYLNPJZYlq-E4p3RVCUNiR0Ny6Ic/getUpdates "HTTP/1.1 200 OK"
2026-09-17 17:47:24,445 INFO apscheduler.executors.default: Running job "main.<locals>.run_lts_aus_fast_scan (trigger: interval[0:00:05], next run at: 2026-09-17 17:47:29 +07)" (scheduled at 2026-09-17 17:47:24.432380+07:00)
2026-09-17 17:47:24,446 INFO apscheduler.executors.default: Job "main.<locals>.run_lts_aus_fast_scan (trigger: interval[0:00:05], next run at: 2026-09-17 17:47:29 +07)" executed successfully
2026-09-17 17:47:24,446 INFO apscheduler.executors.default: Running job "main.<locals>.run_position_check (trigger: interval[0:00:05], next run at: 2026-09-17 17:47:29 +07)" (scheduled at 2026-09-17 17:47:24.433381+07:00)
2026-09-17 17:47:24,449 INFO apscheduler.executors.default: Job "main.<locals>.run_position_check (trigger: interval[0:00:05], next run at: 2026-09-17 17:47:29 +07)" executed successfully
2026-09-17 17:47:24,449 INFO apscheduler.executors.default: Running job "main.<locals>.run_trail_sl (trigger: interval[0:00:05], next run at: 2026-09-17 17:47:29 +07)" (scheduled at 2026-09-17 17:47:24.433381+07:00)
2026-09-17 17:47:24,449 INFO apscheduler.executors.default: Job "main.<locals>.run_trail_sl (trigger: interval[0:00:05], next run at: 2026-09-17 17:47:29 +07)" executed successfully
2026-09-17 17:47:26,018 INFO apscheduler.executors.default: Running job "main.<locals>.run_scan (trigger: cron[second='1,6,11,16,21,26,31,36,41,46,51,56'], next run at: 2026-09-17 17:47:31 +07)" (scheduled at 2026-09-17 17:47:26+07:00)
2026-09-17 17:47:26,020 INFO apscheduler.executors.default: Job "main.<locals>.run_scan (trigger: cron[second='1,6,11,16,21,26,31,36,41,46,51,56'], next run at: 2026-09-17 17:47:31 +07)" executed successfully
2026-09-17 17:47:29,440 INFO apscheduler.executors.default: Running job "main.<locals>.run_lts_aus_fast_scan (trigger: interval[0:00:05], next run at: 2026-09-17 17:47:34 +07)" (scheduled at 2026-09-17 17:47:29.432380+07:00)
2026-09-17 17:47:29,441 INFO apscheduler.executors.default: Job "main.<locals>.run_lts_aus_fast_scan (trigger: interval[0:00:05], next run at: 2026-09-17 17:47:34 +07)" executed successfully
2026-09-17 17:47:29,441 INFO apscheduler.executors.default: Running job "main.<locals>.run_position_check (trigger: interval[0:00:05], next run at: 2026-09-17 17:47:34 +07)" (scheduled at 2026-09-17 17:47:29.433381+07:00)
2026-09-17 17:47:29,444 INFO apscheduler.executors.default: Job "main.<locals>.run_position_check (trigger: interval[0:00:05], next run at: 2026-09-17 17:47:34 +07)" executed successfully
2026-09-17 17:47:29,444 INFO apscheduler.executors.default: Running job "main.<locals>.run_trail_sl (trigger: interval[0:00:05], next run at: 2026-09-17 17:47:34 +07)" (scheduled at 2026-09-17 17:47:29.433381+07:00)
2026-09-17 17:47:29,445 INFO apscheduler.executors.default: Job "main.<locals>.run_trail_sl (trigger: interval[0:00:05], next run at: 2026-09-17 17:47:34 +07)" executed successfully
2026-09-17 17:47:31,015 INFO apscheduler.executors.default: Running job "main.<locals>.run_scan (trigger: cron[second='1,6,11,16,21,26,31,36,41,46,51,56'], next run at: 2026-09-17 17:47:36 +07)" (scheduled at 2026-09-17 17:47:31+07:00)
2026-09-17 17:47:31,016 INFO apscheduler.executors.default: Job "main.<locals>.run_scan (trigger: cron[second='1,6,11,16,21,26,31,36,41,46,51,56'], next run at: 2026-09-17 17:47:36 +07)" executed successfully
2026-09-17 17:47:32,223 INFO httpx: HTTP Request: POST https://api.telegram.org/bot8759704311:AAFifFvXYLNPJZYlq-E4p3RVCUNiR0Ny6Ic/getUpdates "HTTP/1.1 200 OK"
2026-09-17 17:47:34,441 INFO apscheduler.executors.default: Running job "main.<locals>.run_lts_aus_fast_scan (trigger: interval[0:00:05], next run at: 2026-09-17 17:47:39 +07)" (scheduled at 2026-09-17 17:47:34.432380+07:00)
2026-09-17 17:47:34,442 INFO apscheduler.executors.default: Job "main.<locals>.run_lts_aus_fast_scan (trigger: interval[0:00:05], next run at: 2026-09-17 17:47:39 +07)" executed successfully
2026-09-17 17:47:34,443 INFO apscheduler.executors.default: Running job "main.<locals>.run_position_check (trigger: interval[0:00:05], next run at: 2026-09-17 17:47:39 +07)" (scheduled at 2026-09-17 17:47:34.433381+07:00)
2026-09-17 17:47:34,448 INFO apscheduler.executors.default: Job "main.<locals>.run_position_check (trigger: interval[0:00:05], next run at: 2026-09-17 17:47:39 +07)" executed successfully
2026-09-17 17:47:34,449 INFO apscheduler.executors.default: Running job "main.<locals>.run_trail_sl (trigger: interval[0:00:05], next run at: 2026-09-17 17:47:39 +07)" (scheduled at 2026-09-17 17:47:34.433381+07:00)
2026-09-17 17:47:34,449 INFO apscheduler.executors.default: Job "main.<locals>.run_trail_sl (trigger: interval[0:00:05], next run at: 2026-09-17 17:47:39 +07)" executed successfully
2026-09-17 17:47:34,450 INFO apscheduler.executors.default: Running job "main.<locals>.save_bot_state_job (trigger: interval[0:00:15], next run at: 2026-09-17 17:47:49 +07)" (scheduled at 2026-09-17 17:47:34.434380+07:00)
2026-09-17 17:47:34,452 INFO apscheduler.executors.default: Job "main.<locals>.save_bot_state_job (trigger: interval[0:00:15], next run at: 2026-09-17 17:47:49 +07)" executed successfully
2026-09-17 17:47:35,465 INFO apscheduler.executors.default: Running job "main.<locals>.write_heartbeat_job (trigger: interval[0:00:15], next run at: 2026-09-17 17:47:50 +07)" (scheduled at 2026-09-17 17:47:35.436472+07:00)
2026-09-17 17:47:35,468 INFO apscheduler.executors.default: Job "main.<locals>.write_heartbeat_job (trigger: interval[0:00:15], next run at: 2026-09-17 17:47:50 +07)" executed successfully
2026-09-17 17:47:36,009 INFO apscheduler.executors.default: Running job "main.<locals>.run_scan (trigger: cron[second='1,6,11,16,21,26,31,36,41,46,51,56'], next run at: 2026-09-17 17:47:41 +07)" (scheduled at 2026-09-17 17:47:36+07:00)
2026-09-17 17:47:36,009 INFO apscheduler.executors.default: Job "main.<locals>.run_scan (trigger: cron[second='1,6,11,16,21,26,31,36,41,46,51,56'], next run at: 2026-09-17 17:47:41 +07)" executed successfully
2026-09-17 17:47:39,444 INFO apscheduler.executors.default: Running job "main.<locals>.run_lts_aus_fast_scan (trigger: interval[0:00:05], next run at: 2026-09-17 17:47:44 +07)" (scheduled at 2026-09-17 17:47:39.432380+07:00)
2026-09-17 17:47:39,444 INFO apscheduler.executors.default: Job "main.<locals>.run_lts_aus_fast_scan (trigger: interval[0:00:05], next run at: 2026-09-17 17:47:44 +07)" executed successfully
2026-09-17 17:47:39,444 INFO apscheduler.executors.default: Running job "main.<locals>.run_position_check (trigger: interval[0:00:05], next run at: 2026-09-17 17:47:44 +07)" (scheduled at 2026-09-17 17:47:39.433381+07:00)
2026-09-17 17:47:39,447 INFO apscheduler.executors.default: Job "main.<locals>.run_position_check (trigger: interval[0:00:05], next run at: 2026-09-17 17:47:44 +07)" executed successfully
2026-09-17 17:47:39,448 INFO apscheduler.executors.default: Running job "main.<locals>.run_trail_sl (trigger: interval[0:00:05], next run at: 2026-09-17 17:47:44 +07)" (scheduled at 2026-09-17 17:47:39.433381+07:00)
2026-09-17 17:47:39,448 INFO apscheduler.executors.default: Job "main.<locals>.run_trail_sl (trigger: interval[0:00:05], next run at: 2026-09-17 17:47:44 +07)" executed successfully
2026-09-17 17:47:41,018 INFO apscheduler.executors.default: Running job "main.<locals>.run_scan (trigger: cron[second='1,6,11,16,21,26,31,36,41,46,51,56'], next run at: 2026-09-17 17:47:46 +07)" (scheduled at 2026-09-17 17:47:41+07:00)
2026-09-17 17:47:41,020 INFO apscheduler.executors.default: Job "main.<locals>.run_scan (trigger: cron[second='1,6,11,16,21,26,31,36,41,46,51,56'], next run at: 2026-09-17 17:47:46 +07)" executed successfully
2026-09-17 17:47:42,421 INFO httpx: HTTP Request: POST https://api.telegram.org/bot8759704311:AAFifFvXYLNPJZYlq-E4p3RVCUNiR0Ny6Ic/getUpdates "HTTP/1.1 200 OK"
2026-09-17 17:47:44,449 INFO apscheduler.executors.default: Running job "main.<locals>.run_lts_aus_fast_scan (trigger: interval[0:00:05], next run at: 2026-09-17 17:47:49 +07)" (scheduled at 2026-09-17 17:47:44.432380+07:00)
2026-09-17 17:47:44,450 INFO apscheduler.executors.default: Job "main.<locals>.run_lts_aus_fast_scan (trigger: interval[0:00:05], next run at: 2026-09-17 17:47:49 +07)" executed successfully
2026-09-17 17:47:44,450 INFO apscheduler.executors.default: Running job "main.<locals>.run_position_check (trigger: interval[0:00:05], next run at: 2026-09-17 17:47:49 +07)" (scheduled at 2026-09-17 17:47:44.433381+07:00)
2026-09-17 17:47:44,454 INFO apscheduler.executors.default: Job "main.<locals>.run_position_check (trigger: interval[0:00:05], next run at: 2026-09-17 17:47:49 +07)" executed successfully
2026-09-17 17:47:44,454 INFO apscheduler.executors.default: Running job "main.<locals>.run_trail_sl (trigger: interval[0:00:05], next run at: 2026-09-17 17:47:49 +07)" (scheduled at 2026-09-17 17:47:44.433381+07:00)
2026-09-17 17:47:44,454 INFO apscheduler.executors.default: Job "main.<locals>.run_trail_sl (trigger: interval[0:00:05], next run at: 2026-09-17 17:47:49 +07)" executed successfully
2026-09-17 17:47:46,007 INFO apscheduler.executors.default: Running job "main.<locals>.run_scan (trigger: cron[second='1,6,11,16,21,26,31,36,41,46,51,56'], next run at: 2026-09-17 17:47:51 +07)" (scheduled at 2026-09-17 17:47:46+07:00)
2026-09-17 17:47:46,007 INFO apscheduler.executors.default: Job "main.<locals>.run_scan (trigger: cron[second='1,6,11,16,21,26,31,36,41,46,51,56'], next run at: 2026-09-17 17:47:51 +07)" executed successfully
2026-09-17 17:47:49,434 INFO apscheduler.executors.default: Running job "main.<locals>.check_symbol_switch (trigger: interval[0:01:00], next run at: 2026-09-17 17:48:49 +07)" (scheduled at 2026-09-17 17:47:49.430373+07:00)
2026-09-17 17:47:49,440 INFO apscheduler.executors.default: Job "main.<locals>.check_symbol_switch (trigger: interval[0:01:00], next run at: 2026-09-17 17:48:49 +07)" executed successfully
2026-09-17 17:47:49,441 INFO apscheduler.executors.default: Running job "main.<locals>.run_lts_aus_fast_scan (trigger: interval[0:00:05], next run at: 2026-09-17 17:47:54 +07)" (scheduled at 2026-09-17 17:47:49.432380+07:00)
2026-09-17 17:47:49,441 INFO apscheduler.executors.default: Job "main.<locals>.run_lts_aus_fast_scan (trigger: interval[0:00:05], next run at: 2026-09-17 17:47:54 +07)" executed successfully
2026-09-17 17:47:49,441 INFO apscheduler.executors.default: Running job "main.<locals>.run_position_check (trigger: interval[0:00:05], next run at: 2026-09-17 17:47:54 +07)" (scheduled at 2026-09-17 17:47:49.433381+07:00)
2026-09-17 17:47:49,444 INFO apscheduler.executors.default: Job "main.<locals>.run_position_check (trigger: interval[0:00:05], next run at: 2026-09-17 17:47:54 +07)" executed successfully
2026-09-17 17:47:49,445 INFO apscheduler.executors.default: Running job "main.<locals>.run_trail_sl (trigger: interval[0:00:05], next run at: 2026-09-17 17:47:54 +07)" (scheduled at 2026-09-17 17:47:49.433381+07:00)
2026-09-17 17:47:49,445 INFO apscheduler.executors.default: Job "main.<locals>.run_trail_sl (trigger: interval[0:00:05], next run at: 2026-09-17 17:47:54 +07)" executed successfully
2026-09-17 17:47:49,445 INFO apscheduler.executors.default: Running job "main.<locals>.save_bot_state_job (trigger: interval[0:00:15], next run at: 2026-09-17 17:48:04 +07)" (scheduled at 2026-09-17 17:47:49.434380+07:00)
2026-09-17 17:47:49,446 INFO apscheduler.executors.default: Job "main.<locals>.save_bot_state_job (trigger: interval[0:00:15], next run at: 2026-09-17 17:48:04 +07)" executed successfully
2026-09-17 17:47:49,450 INFO apscheduler.executors.default: Running job "main.<locals>.run_watchdog (trigger: interval[0:01:00], next run at: 2026-09-17 17:48:49 +07)" (scheduled at 2026-09-17 17:47:49.435380+07:00)
2026-09-17 17:47:49,454 INFO apscheduler.executors.default: Job "main.<locals>.run_watchdog (trigger: interval[0:01:00], next run at: 2026-09-17 17:48:49 +07)" executed successfully
2026-09-17 17:47:50,446 INFO apscheduler.executors.default: Running job "main.<locals>.write_heartbeat_job (trigger: interval[0:00:15], next run at: 2026-09-17 17:48:05 +07)" (scheduled at 2026-09-17 17:47:50.436472+07:00)
2026-09-17 17:47:50,448 INFO apscheduler.executors.default: Job "main.<locals>.write_heartbeat_job (trigger: interval[0:00:15], next run at: 2026-09-17 17:48:05 +07)" executed successfully
2026-09-17 17:47:51,008 INFO apscheduler.executors.default: Running job "main.<locals>.run_scan (trigger: cron[second='1,6,11,16,21,26,31,36,41,46,51,56'], next run at: 2026-09-17 17:47:56 +07)" (scheduled at 2026-09-17 17:47:51+07:00)
2026-09-17 17:47:51,009 INFO apscheduler.executors.default: Job "main.<locals>.run_scan (trigger: cron[second='1,6,11,16,21,26,31,36,41,46,51,56'], next run at: 2026-09-17 17:47:56 +07)" executed successfully
2026-09-17 17:47:52,624 INFO httpx: HTTP Request: POST https://api.telegram.org/bot8759704311:AAFifFvXYLNPJZYlq-E4p3RVCUNiR0Ny6Ic/getUpdates "HTTP/1.1 200 OK"
2026-09-17 17:47:54,446 INFO apscheduler.executors.default: Running job "main.<locals>.run_lts_aus_fast_scan (trigger: interval[0:00:05], next run at: 2026-09-17 17:47:59 +07)" (scheduled at 2026-09-17 17:47:54.432380+07:00)
2026-09-17 17:47:54,446 INFO apscheduler.executors.default: Job "main.<locals>.run_lts_aus_fast_scan (trigger: interval[0:00:05], next run at: 2026-09-17 17:47:59 +07)" executed successfully
2026-09-17 17:47:54,446 INFO apscheduler.executors.default: Running job "main.<locals>.run_position_check (trigger: interval[0:00:05], next run at: 2026-09-17 17:47:59 +07)" (scheduled at 2026-09-17 17:47:54.433381+07:00)
2026-09-17 17:47:54,450 INFO apscheduler.executors.default: Job "main.<locals>.run_position_check (trigger: interval[0:00:05], next run at: 2026-09-17 17:47:59 +07)" executed successfully
2026-09-17 17:47:54,451 INFO apscheduler.executors.default: Running job "main.<locals>.run_trail_sl (trigger: interval[0:00:05], next run at: 2026-09-17 17:47:59 +07)" (scheduled at 2026-09-17 17:47:54.433381+07:00)
2026-09-17 17:47:54,451 INFO apscheduler.executors.default: Job "main.<locals>.run_trail_sl (trigger: interval[0:00:05], next run at: 2026-09-17 17:47:59 +07)" executed successfully
2026-09-17 17:47:56,021 INFO apscheduler.executors.default: Running job "main.<locals>.run_scan (trigger: cron[second='1,6,11,16,21,26,31,36,41,46,51,56'], next run at: 2026-09-17 17:48:01 +07)" (scheduled at 2026-09-17 17:47:56+07:00)
2026-09-17 17:47:56,023 INFO apscheduler.executors.default: Job "main.<locals>.run_scan (trigger: cron[second='1,6,11,16,21,26,31,36,41,46,51,56'], next run at: 2026-09-17 17:48:01 +07)" executed successfully
2026-09-17 17:47:59,436 INFO apscheduler.executors.default: Running job "main.<locals>.run_lts_aus_fast_scan (trigger: interval[0:00:05], next run at: 2026-09-17 17:48:04 +07)" (scheduled at 2026-09-17 17:47:59.432380+07:00)
2026-09-17 17:47:59,436 INFO apscheduler.executors.default: Job "main.<locals>.run_lts_aus_fast_scan (trigger: interval[0:00:05], next run at: 2026-09-17 17:48:04 +07)" executed successfully
2026-09-17 17:47:59,438 INFO apscheduler.executors.default: Running job "main.<locals>.run_position_check (trigger: interval[0:00:05], next run at: 2026-09-17 17:48:04 +07)" (scheduled at 2026-09-17 17:47:59.433381+07:00)
2026-09-17 17:47:59,440 INFO apscheduler.executors.default: Job "main.<locals>.run_position_check (trigger: interval[0:00:05], next run at: 2026-09-17 17:48:04 +07)" executed successfully
2026-09-17 17:47:59,440 INFO apscheduler.executors.default: Running job "main.<locals>.run_trail_sl (trigger: interval[0:00:05], next run at: 2026-09-17 17:48:04 +07)" (scheduled at 2026-09-17 17:47:59.433381+07:00)
2026-09-17 17:47:59,441 INFO apscheduler.executors.default: Job "main.<locals>.run_trail_sl (trigger: interval[0:00:05], next run at: 2026-09-17 17:48:04 +07)" executed successfully
2026-09-17 17:48:01,001 INFO apscheduler.executors.default: Running job "main.<locals>.run_scan (trigger: cron[second='1,6,11,16,21,26,31,36,41,46,51,56'], next run at: 2026-09-17 17:48:06 +07)" (scheduled at 2026-09-17 17:48:01+07:00)
2026-09-17 17:48:01,001 INFO apscheduler.executors.default: Job "main.<locals>.run_scan (trigger: cron[second='1,6,11,16,21,26,31,36,41,46,51,56'], next run at: 2026-09-17 17:48:06 +07)" executed successfully
2026-09-17 17:48:02,844 INFO httpx: HTTP Request: POST https://api.telegram.org/bot8759704311:AAFifFvXYLNPJZYlq-E4p3RVCUNiR0Ny6Ic/getUpdates "HTTP/1.1 200 OK"
2026-09-17 17:48:04,447 INFO apscheduler.executors.default: Running job "main.<locals>.run_lts_aus_fast_scan (trigger: interval[0:00:05], next run at: 2026-09-17 17:48:09 +07)" (scheduled at 2026-09-17 17:48:04.432380+07:00)
2026-09-17 17:48:04,448 INFO apscheduler.executors.default: Job "main.<locals>.run_lts_aus_fast_scan (trigger: interval[0:00:05], next run at: 2026-09-17 17:48:09 +07)" executed successfully
2026-09-17 17:48:04,448 INFO apscheduler.executors.default: Running job "main.<locals>.run_position_check (trigger: interval[0:00:05], next run at: 2026-09-17 17:48:09 +07)" (scheduled at 2026-09-17 17:48:04.433381+07:00)
2026-09-17 17:48:04,451 INFO apscheduler.executors.default: Job "main.<locals>.run_position_check (trigger: interval[0:00:05], next run at: 2026-09-17 17:48:09 +07)" executed successfully
2026-09-17 17:48:04,451 INFO apscheduler.executors.default: Running job "main.<locals>.run_trail_sl (trigger: interval[0:00:05], next run at: 2026-09-17 17:48:09 +07)" (scheduled at 2026-09-17 17:48:04.433381+07:00)
2026-09-17 17:48:04,452 INFO apscheduler.executors.default: Job "main.<locals>.run_trail_sl (trigger: interval[0:00:05], next run at: 2026-09-17 17:48:09 +07)" executed successfully
2026-09-17 17:48:04,452 INFO apscheduler.executors.default: Running job "main.<locals>.save_bot_state_job (trigger: interval[0:00:15], next run at: 2026-09-17 17:48:19 +07)" (scheduled at 2026-09-17 17:48:04.434380+07:00)
2026-09-17 17:48:04,454 INFO apscheduler.executors.default: Job "main.<locals>.save_bot_state_job (trigger: interval[0:00:15], next run at: 2026-09-17 17:48:19 +07)" executed successfully
2026-09-17 17:48:05,443 INFO apscheduler.executors.default: Running job "main.<locals>.write_heartbeat_job (trigger: interval[0:00:15], next run at: 2026-09-17 17:48:20 +07)" (scheduled at 2026-09-17 17:48:05.436472+07:00)
2026-09-17 17:48:05,446 INFO apscheduler.executors.default: Job "main.<locals>.write_heartbeat_job (trigger: interval[0:00:15], next run at: 2026-09-17 17:48:20 +07)" executed successfully
2026-09-17 17:48:06,021 INFO apscheduler.executors.default: Running job "main.<locals>.run_scan (trigger: cron[second='1,6,11,16,21,26,31,36,41,46,51,56'], next run at: 2026-09-17 17:48:11 +07)" (scheduled at 2026-09-17 17:48:06+07:00)
2026-09-17 17:48:06,022 INFO apscheduler.executors.default: Job "main.<locals>.run_scan (trigger: cron[second='1,6,11,16,21,26,31,36,41,46,51,56'], next run at: 2026-09-17 17:48:11 +07)" executed successfully
2026-09-17 17:48:09,450 INFO apscheduler.executors.default: Running job "main.<locals>.run_lts_aus_fast_scan (trigger: interval[0:00:05], next run at: 2026-09-17 17:48:14 +07)" (scheduled at 2026-09-17 17:48:09.432380+07:00)
2026-09-17 17:48:09,450 INFO apscheduler.executors.default: Job "main.<locals>.run_lts_aus_fast_scan (trigger: interval[0:00:05], next run at: 2026-09-17 17:48:14 +07)" executed successfully
2026-09-17 17:48:09,450 INFO apscheduler.executors.default: Running job "main.<locals>.run_position_check (trigger: interval[0:00:05], next run at: 2026-09-17 17:48:14 +07)" (scheduled at 2026-09-17 17:48:09.433381+07:00)
2026-09-17 17:48:09,453 INFO apscheduler.executors.default: Job "main.<locals>.run_position_check (trigger: interval[0:00:05], next run at: 2026-09-17 17:48:14 +07)" executed successfully
2026-09-17 17:48:09,454 INFO apscheduler.executors.default: Running job "main.<locals>.run_trail_sl (trigger: interval[0:00:05], next run at: 2026-09-17 17:48:14 +07)" (scheduled at 2026-09-17 17:48:09.433381+07:00)
2026-09-17 17:48:09,454 INFO apscheduler.executors.default: Job "main.<locals>.run_trail_sl (trigger: interval[0:00:05], next run at: 2026-09-17 17:48:14 +07)" executed successfully
2026-09-17 17:48:11,006 INFO apscheduler.executors.default: Running job "main.<locals>.run_scan (trigger: cron[second='1,6,11,16,21,26,31,36,41,46,51,56'], next run at: 2026-09-17 17:48:16 +07)" (scheduled at 2026-09-17 17:48:11+07:00)
2026-09-17 17:48:11,006 INFO apscheduler.executors.default: Job "main.<locals>.run_scan (trigger: cron[second='1,6,11,16,21,26,31,36,41,46,51,56'], next run at: 2026-09-17 17:48:16 +07)" executed successfully
2026-09-17 17:48:13,049 INFO httpx: HTTP Request: POST https://api.telegram.org/bot8759704311:AAFifFvXYLNPJZYlq-E4p3RVCUNiR0Ny6Ic/getUpdates "HTTP/1.1 200 OK"
2026-09-17 17:48:14,441 INFO apscheduler.executors.default: Running job "main.<locals>.run_lts_aus_fast_scan (trigger: interval[0:00:05], next run at: 2026-09-17 17:48:19 +07)" (scheduled at 2026-09-17 17:48:14.432380+07:00)
2026-09-17 17:48:14,441 INFO apscheduler.executors.default: Job "main.<locals>.run_lts_aus_fast_scan (trigger: interval[0:00:05], next run at: 2026-09-17 17:48:19 +07)" executed successfully
2026-09-17 17:48:14,441 INFO apscheduler.executors.default: Running job "main.<locals>.run_position_check (trigger: interval[0:00:05], next run at: 2026-09-17 17:48:19 +07)" (scheduled at 2026-09-17 17:48:14.433381+07:00)
2026-09-17 17:48:14,445 INFO apscheduler.executors.default: Job "main.<locals>.run_position_check (trigger: interval[0:00:05], next run at: 2026-09-17 17:48:19 +07)" executed successfully
2026-09-17 17:48:14,445 INFO apscheduler.executors.default: Running job "main.<locals>.run_trail_sl (trigger: interval[0:00:05], next run at: 2026-09-17 17:48:19 +07)" (scheduled at 2026-09-17 17:48:14.433381+07:00)
2026-09-17 17:48:14,445 INFO apscheduler.executors.default: Job "main.<locals>.run_trail_sl (trigger: interval[0:00:05], next run at: 2026-09-17 17:48:19 +07)" executed successfully
2026-09-17 17:48:16,009 INFO apscheduler.executors.default: Running job "main.<locals>.run_scan (trigger: cron[second='1,6,11,16,21,26,31,36,41,46,51,56'], next run at: 2026-09-17 17:48:21 +07)" (scheduled at 2026-09-17 17:48:16+07:00)
2026-09-17 17:48:16,010 INFO apscheduler.executors.default: Job "main.<locals>.run_scan (trigger: cron[second='1,6,11,16,21,26,31,36,41,46,51,56'], next run at: 2026-09-17 17:48:21 +07)" executed successfully
2026-09-17 17:48:19,446 INFO apscheduler.executors.default: Running job "main.<locals>.run_lts_aus_fast_scan (trigger: interval[0:00:05], next run at: 2026-09-17 17:48:24 +07)" (scheduled at 2026-09-17 17:48:19.432380+07:00)
2026-09-17 17:48:19,446 INFO apscheduler.executors.default: Job "main.<locals>.run_lts_aus_fast_scan (trigger: interval[0:00:05], next run at: 2026-09-17 17:48:24 +07)" executed successfully
2026-09-17 17:48:19,446 INFO apscheduler.executors.default: Running job "main.<locals>.run_position_check (trigger: interval[0:00:05], next run at: 2026-09-17 17:48:24 +07)" (scheduled at 2026-09-17 17:48:19.433381+07:00)
2026-09-17 17:48:19,450 INFO apscheduler.executors.default: Job "main.<locals>.run_position_check (trigger: interval[0:00:05], next run at: 2026-09-17 17:48:24 +07)" executed successfully
2026-09-17 17:48:19,450 INFO apscheduler.executors.default: Running job "main.<locals>.run_trail_sl (trigger: interval[0:00:05], next run at: 2026-09-17 17:48:24 +07)" (scheduled at 2026-09-17 17:48:19.433381+07:00)
2026-09-17 17:48:19,450 INFO apscheduler.executors.default: Job "main.<locals>.run_trail_sl (trigger: interval[0:00:05], next run at: 2026-09-17 17:48:24 +07)" executed successfully
2026-09-17 17:48:19,450 INFO apscheduler.executors.default: Running job "main.<locals>.save_bot_state_job (trigger: interval[0:00:15], next run at: 2026-09-17 17:48:34 +07)" (scheduled at 2026-09-17 17:48:19.434380+07:00)
2026-09-17 17:48:19,453 INFO apscheduler.executors.default: Job "main.<locals>.save_bot_state_job (trigger: interval[0:00:15], next run at: 2026-09-17 17:48:34 +07)" executed successfully
2026-09-17 17:48:20,444 INFO apscheduler.executors.default: Running job "main.<locals>.write_heartbeat_job (trigger: interval[0:00:15], next run at: 2026-09-17 17:48:35 +07)" (scheduled at 2026-09-17 17:48:20.436472+07:00)
2026-09-17 17:48:20,447 INFO apscheduler.executors.default: Job "main.<locals>.write_heartbeat_job (trigger: interval[0:00:15], next run at: 2026-09-17 17:48:35 +07)" executed successfully
2026-09-17 17:48:21,009 INFO apscheduler.executors.default: Running job "main.<locals>.run_scan (trigger: cron[second='1,6,11,16,21,26,31,36,41,46,51,56'], next run at: 2026-09-17 17:48:26 +07)" (scheduled at 2026-09-17 17:48:21+07:00)
2026-09-17 17:48:21,009 INFO apscheduler.executors.default: Job "main.<locals>.run_scan (trigger: cron[second='1,6,11,16,21,26,31,36,41,46,51,56'], next run at: 2026-09-17 17:48:26 +07)" executed successfully
2026-09-17 17:48:23,259 INFO httpx: HTTP Request: POST https://api.telegram.org/bot8759704311:AAFifFvXYLNPJZYlq-E4p3RVCUNiR0Ny6Ic/getUpdates "HTTP/1.1 200 OK"
2026-09-17 17:48:24,438 INFO apscheduler.executors.default: Running job "main.<locals>.run_lts_aus_fast_scan (trigger: interval[0:00:05], next run at: 2026-09-17 17:48:29 +07)" (scheduled at 2026-09-17 17:48:24.432380+07:00)
2026-09-17 17:48:24,438 INFO apscheduler.executors.default: Job "main.<locals>.run_lts_aus_fast_scan (trigger: interval[0:00:05], next run at: 2026-09-17 17:48:29 +07)" executed successfully
2026-09-17 17:48:24,438 INFO apscheduler.executors.default: Running job "main.<locals>.run_position_check (trigger: interval[0:00:05], next run at: 2026-09-17 17:48:29 +07)" (scheduled at 2026-09-17 17:48:24.433381+07:00)
2026-09-17 17:48:24,442 INFO apscheduler.executors.default: Job "main.<locals>.run_position_check (trigger: interval[0:00:05], next run at: 2026-09-17 17:48:29 +07)" executed successfully
2026-09-17 17:48:24,442 INFO apscheduler.executors.default: Running job "main.<locals>.run_trail_sl (trigger: interval[0:00:05], next run at: 2026-09-17 17:48:29 +07)" (scheduled at 2026-09-17 17:48:24.433381+07:00)
2026-09-17 17:48:24,443 INFO apscheduler.executors.default: Job "main.<locals>.run_trail_sl (trigger: interval[0:00:05], next run at: 2026-09-17 17:48:29 +07)" executed successfully
2026-09-17 17:48:26,006 INFO apscheduler.executors.default: Running job "main.<locals>.run_scan (trigger: cron[second='1,6,11,16,21,26,31,36,41,46,51,56'], next run at: 2026-09-17 17:48:31 +07)" (scheduled at 2026-09-17 17:48:26+07:00)
2026-09-17 17:48:26,007 INFO apscheduler.executors.default: Job "main.<locals>.run_scan (trigger: cron[second='1,6,11,16,21,26,31,36,41,46,51,56'], next run at: 2026-09-17 17:48:31 +07)" executed successfully
2026-09-17 17:48:29,436 INFO apscheduler.executors.default: Running job "main.<locals>.run_lts_aus_fast_scan (trigger: interval[0:00:05], next run at: 2026-09-17 17:48:34 +07)" (scheduled at 2026-09-17 17:48:29.432380+07:00)
2026-09-17 17:48:29,439 INFO apscheduler.executors.default: Job "main.<locals>.run_lts_aus_fast_scan (trigger: interval[0:00:05], next run at: 2026-09-17 17:48:34 +07)" executed successfully
2026-09-17 17:48:29,439 INFO apscheduler.executors.default: Running job "main.<locals>.run_position_check (trigger: interval[0:00:05], next run at: 2026-09-17 17:48:34 +07)" (scheduled at 2026-09-17 17:48:29.433381+07:00)
2026-09-17 17:48:29,441 INFO apscheduler.executors.default: Job "main.<locals>.run_position_check (trigger: interval[0:00:05], next run at: 2026-09-17 17:48:34 +07)" executed successfully
2026-09-17 17:48:29,441 INFO apscheduler.executors.default: Running job "main.<locals>.run_trail_sl (trigger: interval[0:00:05], next run at: 2026-09-17 17:48:34 +07)" (scheduled at 2026-09-17 17:48:29.433381+07:00)
2026-09-17 17:48:29,441 INFO apscheduler.executors.default: Job "main.<locals>.run_trail_sl (trigger: interval[0:00:05], next run at: 2026-09-17 17:48:34 +07)" executed successfully
2026-09-17 17:48:31,008 INFO apscheduler.executors.default: Running job "main.<locals>.run_scan (trigger: cron[second='1,6,11,16,21,26,31,36,41,46,51,56'], next run at: 2026-09-17 17:48:36 +07)" (scheduled at 2026-09-17 17:48:31+07:00)
2026-09-17 17:48:31,008 INFO apscheduler.executors.default: Job "main.<locals>.run_scan (trigger: cron[second='1,6,11,16,21,26,31,36,41,46,51,56'], next run at: 2026-09-17 17:48:36 +07)" executed successfully
2026-09-17 17:48:33,459 INFO httpx: HTTP Request: POST https://api.telegram.org/bot8759704311:AAFifFvXYLNPJZYlq-E4p3RVCUNiR0Ny6Ic/getUpdates "HTTP/1.1 200 OK"
2026-09-17 17:48:34,450 INFO apscheduler.executors.default: Running job "main.<locals>.run_lts_aus_fast_scan (trigger: interval[0:00:05], next run at: 2026-09-17 17:48:39 +07)" (scheduled at 2026-09-17 17:48:34.432380+07:00)
2026-09-17 17:48:34,450 INFO apscheduler.executors.default: Job "main.<locals>.run_lts_aus_fast_scan (trigger: interval[0:00:05], next run at: 2026-09-17 17:48:39 +07)" executed successfully
2026-09-17 17:48:34,450 INFO apscheduler.executors.default: Running job "main.<locals>.run_position_check (trigger: interval[0:00:05], next run at: 2026-09-17 17:48:39 +07)" (scheduled at 2026-09-17 17:48:34.433381+07:00)
2026-09-17 17:48:34,454 INFO apscheduler.executors.default: Job "main.<locals>.run_position_check (trigger: interval[0:00:05], next run at: 2026-09-17 17:48:39 +07)" executed successfully
2026-09-17 17:48:34,454 INFO apscheduler.executors.default: Running job "main.<locals>.run_trail_sl (trigger: interval[0:00:05], next run at: 2026-09-17 17:48:39 +07)" (scheduled at 2026-09-17 17:48:34.433381+07:00)
2026-09-17 17:48:34,454 INFO apscheduler.executors.default: Job "main.<locals>.run_trail_sl (trigger: interval[0:00:05], next run at: 2026-09-17 17:48:39 +07)" executed successfully
2026-09-17 17:48:34,454 INFO apscheduler.executors.default: Running job "main.<locals>.save_bot_state_job (trigger: interval[0:00:15], next run at: 2026-09-17 17:48:49 +07)" (scheduled at 2026-09-17 17:48:34.434380+07:00)
2026-09-17 17:48:34,457 INFO apscheduler.executors.default: Job "main.<locals>.save_bot_state_job (trigger: interval[0:00:15], next run at: 2026-09-17 17:48:49 +07)" executed successfully
2026-09-17 17:48:35,448 INFO apscheduler.executors.default: Running job "main.<locals>.write_heartbeat_job (trigger: interval[0:00:15], next run at: 2026-09-17 17:48:50 +07)" (scheduled at 2026-09-17 17:48:35.436472+07:00)
2026-09-17 17:48:35,451 INFO apscheduler.executors.default: Job "main.<locals>.write_heartbeat_job (trigger: interval[0:00:15], next run at: 2026-09-17 17:48:50 +07)" executed successfully
2026-09-17 17:48:36,009 INFO apscheduler.executors.default: Running job "main.<locals>.run_scan (trigger: cron[second='1,6,11,16,21,26,31,36,41,46,51,56'], next run at: 2026-09-17 17:48:41 +07)" (scheduled at 2026-09-17 17:48:36+07:00)
2026-09-17 17:48:36,010 INFO apscheduler.executors.default: Job "main.<locals>.run_scan (trigger: cron[second='1,6,11,16,21,26,31,36,41,46,51,56'], next run at: 2026-09-17 17:48:41 +07)" executed successfully
2026-09-17 17:48:39,440 INFO apscheduler.executors.default: Running job "main.<locals>.run_lts_aus_fast_scan (trigger: interval[0:00:05], next run at: 2026-09-17 17:48:44 +07)" (scheduled at 2026-09-17 17:48:39.432380+07:00)
2026-09-17 17:48:39,440 INFO apscheduler.executors.default: Job "main.<locals>.run_lts_aus_fast_scan (trigger: interval[0:00:05], next run at: 2026-09-17 17:48:44 +07)" executed successfully
2026-09-17 17:48:39,440 INFO apscheduler.executors.default: Running job "main.<locals>.run_position_check (trigger: interval[0:00:05], next run at: 2026-09-17 17:48:44 +07)" (scheduled at 2026-09-17 17:48:39.433381+07:00)
2026-09-17 17:48:39,442 INFO apscheduler.executors.default: Job "main.<locals>.run_position_check (trigger: interval[0:00:05], next run at: 2026-09-17 17:48:44 +07)" executed successfully
2026-09-17 17:48:39,444 INFO apscheduler.executors.default: Running job "main.<locals>.run_trail_sl (trigger: interval[0:00:05], next run at: 2026-09-17 17:48:44 +07)" (scheduled at 2026-09-17 17:48:39.433381+07:00)
2026-09-17 17:48:39,444 INFO apscheduler.executors.default: Job "main.<locals>.run_trail_sl (trigger: interval[0:00:05], next run at: 2026-09-17 17:48:44 +07)" executed successfully
2026-09-17 17:48:41,012 INFO apscheduler.executors.default: Running job "main.<locals>.run_scan (trigger: cron[second='1,6,11,16,21,26,31,36,41,46,51,56'], next run at: 2026-09-17 17:48:46 +07)" (scheduled at 2026-09-17 17:48:41+07:00)
2026-09-17 17:48:41,014 INFO apscheduler.executors.default: Job "main.<locals>.run_scan (trigger: cron[second='1,6,11,16,21,26,31,36,41,46,51,56'], next run at: 2026-09-17 17:48:46 +07)" executed successfully
2026-09-17 17:48:43,661 INFO httpx: HTTP Request: POST https://api.telegram.org/bot8759704311:AAFifFvXYLNPJZYlq-E4p3RVCUNiR0Ny6Ic/getUpdates "HTTP/1.1 200 OK"
2026-09-17 17:48:44,445 INFO apscheduler.executors.default: Running job "main.<locals>.run_lts_aus_fast_scan (trigger: interval[0:00:05], next run at: 2026-09-17 17:48:49 +07)" (scheduled at 2026-09-17 17:48:44.432380+07:00)
2026-09-17 17:48:44,447 INFO apscheduler.executors.default: Job "main.<locals>.run_lts_aus_fast_scan (trigger: interval[0:00:05], next run at: 2026-09-17 17:48:49 +07)" executed successfully
2026-09-17 17:48:44,447 INFO apscheduler.executors.default: Running job "main.<locals>.run_position_check (trigger: interval[0:00:05], next run at: 2026-09-17 17:48:49 +07)" (scheduled at 2026-09-17 17:48:44.433381+07:00)
2026-09-17 17:48:44,450 INFO apscheduler.executors.default: Job "main.<locals>.run_position_check (trigger: interval[0:00:05], next run at: 2026-09-17 17:48:49 +07)" executed successfully
2026-09-17 17:48:44,451 INFO apscheduler.executors.default: Running job "main.<locals>.run_trail_sl (trigger: interval[0:00:05], next run at: 2026-09-17 17:48:49 +07)" (scheduled at 2026-09-17 17:48:44.433381+07:00)
2026-09-17 17:48:44,451 INFO apscheduler.executors.default: Job "main.<locals>.run_trail_sl (trigger: interval[0:00:05], next run at: 2026-09-17 17:48:49 +07)" executed successfully
2026-09-17 17:48:46,017 INFO apscheduler.executors.default: Running job "main.<locals>.run_scan (trigger: cron[second='1,6,11,16,21,26,31,36,41,46,51,56'], next run at: 2026-09-17 17:48:51 +07)" (scheduled at 2026-09-17 17:48:46+07:00)
2026-09-17 17:48:46,019 INFO apscheduler.executors.default: Job "main.<locals>.run_scan (trigger: cron[second='1,6,11,16,21,26,31,36,41,46,51,56'], next run at: 2026-09-17 17:48:51 +07)" executed successfully
2026-09-17 17:48:49,446 INFO apscheduler.executors.default: Running job "main.<locals>.check_symbol_switch (trigger: interval[0:01:00], next run at: 2026-09-17 17:49:49 +07)" (scheduled at 2026-09-17 17:48:49.430373+07:00)
2026-09-17 17:48:49,452 INFO apscheduler.executors.default: Job "main.<locals>.check_symbol_switch (trigger: interval[0:01:00], next run at: 2026-09-17 17:49:49 +07)" executed successfully
2026-09-17 17:48:49,453 INFO apscheduler.executors.default: Running job "main.<locals>.run_lts_aus_fast_scan (trigger: interval[0:00:05], next run at: 2026-09-17 17:48:54 +07)" (scheduled at 2026-09-17 17:48:49.432380+07:00)
2026-09-17 17:48:49,453 INFO apscheduler.executors.default: Job "main.<locals>.run_lts_aus_fast_scan (trigger: interval[0:00:05], next run at: 2026-09-17 17:48:54 +07)" executed successfully
2026-09-17 17:48:49,453 INFO apscheduler.executors.default: Running job "main.<locals>.run_position_check (trigger: interval[0:00:05], next run at: 2026-09-17 17:48:54 +07)" (scheduled at 2026-09-17 17:48:49.433381+07:00)
2026-09-17 17:48:49,456 INFO apscheduler.executors.default: Job "main.<locals>.run_position_check (trigger: interval[0:00:05], next run at: 2026-09-17 17:48:54 +07)" executed successfully
2026-09-17 17:48:49,456 INFO apscheduler.executors.default: Running job "main.<locals>.run_trail_sl (trigger: interval[0:00:05], next run at: 2026-09-17 17:48:54 +07)" (scheduled at 2026-09-17 17:48:49.433381+07:00)
2026-09-17 17:48:49,456 INFO apscheduler.executors.default: Job "main.<locals>.run_trail_sl (trigger: interval[0:00:05], next run at: 2026-09-17 17:48:54 +07)" executed successfully
2026-09-17 17:48:49,457 INFO apscheduler.executors.default: Running job "main.<locals>.save_bot_state_job (trigger: interval[0:00:15], next run at: 2026-09-17 17:49:04 +07)" (scheduled at 2026-09-17 17:48:49.434380+07:00)
2026-09-17 17:48:49,459 INFO apscheduler.executors.default: Job "main.<locals>.save_bot_state_job (trigger: interval[0:00:15], next run at: 2026-09-17 17:49:04 +07)" executed successfully
2026-09-17 17:48:49,459 INFO apscheduler.executors.default: Running job "main.<locals>.run_watchdog (trigger: interval[0:01:00], next run at: 2026-09-17 17:49:49 +07)" (scheduled at 2026-09-17 17:48:49.435380+07:00)
2026-09-17 17:48:49,462 INFO apscheduler.executors.default: Job "main.<locals>.run_watchdog (trigger: interval[0:01:00], next run at: 2026-09-17 17:49:49 +07)" executed successfully
2026-09-17 17:48:50,444 INFO apscheduler.executors.default: Running job "main.<locals>.write_heartbeat_job (trigger: interval[0:00:15], next run at: 2026-09-17 17:49:05 +07)" (scheduled at 2026-09-17 17:48:50.436472+07:00)
2026-09-17 17:48:50,447 INFO apscheduler.executors.default: Job "main.<locals>.write_heartbeat_job (trigger: interval[0:00:15], next run at: 2026-09-17 17:49:05 +07)" executed successfully
2026-09-17 17:48:51,008 INFO apscheduler.executors.default: Running job "main.<locals>.run_scan (trigger: cron[second='1,6,11,16,21,26,31,36,41,46,51,56'], next run at: 2026-09-17 17:48:56 +07)" (scheduled at 2026-09-17 17:48:51+07:00)
2026-09-17 17:48:51,008 INFO apscheduler.executors.default: Job "main.<locals>.run_scan (trigger: cron[second='1,6,11,16,21,26,31,36,41,46,51,56'], next run at: 2026-09-17 17:48:56 +07)" executed successfully
2026-09-17 17:48:53,870 INFO httpx: HTTP Request: POST https://api.telegram.org/bot8759704311:AAFifFvXYLNPJZYlq-E4p3RVCUNiR0Ny6Ic/getUpdates "HTTP/1.1 200 OK"
2026-09-17 17:48:54,439 INFO apscheduler.executors.default: Running job "main.<locals>.run_lts_aus_fast_scan (trigger: interval[0:00:05], next run at: 2026-09-17 17:48:59 +07)" (scheduled at 2026-09-17 17:48:54.432380+07:00)
2026-09-17 17:48:54,440 INFO apscheduler.executors.default: Job "main.<locals>.run_lts_aus_fast_scan (trigger: interval[0:00:05], next run at: 2026-09-17 17:48:59 +07)" executed successfully
2026-09-17 17:48:54,440 INFO apscheduler.executors.default: Running job "main.<locals>.run_position_check (trigger: interval[0:00:05], next run at: 2026-09-17 17:48:59 +07)" (scheduled at 2026-09-17 17:48:54.433381+07:00)
2026-09-17 17:48:54,443 INFO apscheduler.executors.default: Job "main.<locals>.run_position_check (trigger: interval[0:00:05], next run at: 2026-09-17 17:48:59 +07)" executed successfully
2026-09-17 17:48:54,444 INFO apscheduler.executors.default: Running job "main.<locals>.run_trail_sl (trigger: interval[0:00:05], next run at: 2026-09-17 17:48:59 +07)" (scheduled at 2026-09-17 17:48:54.433381+07:00)
2026-09-17 17:48:54,444 INFO apscheduler.executors.default: Job "main.<locals>.run_trail_sl (trigger: interval[0:00:05], next run at: 2026-09-17 17:48:59 +07)" executed successfully
2026-09-17 17:48:56,010 INFO apscheduler.executors.default: Running job "main.<locals>.run_scan (trigger: cron[second='1,6,11,16,21,26,31,36,41,46,51,56'], next run at: 2026-09-17 17:49:01 +07)" (scheduled at 2026-09-17 17:48:56+07:00)
2026-09-17 17:48:56,010 INFO apscheduler.executors.default: Job "main.<locals>.run_scan (trigger: cron[second='1,6,11,16,21,26,31,36,41,46,51,56'], next run at: 2026-09-17 17:49:01 +07)" executed successfully
2026-09-17 17:48:59,444 INFO apscheduler.executors.default: Running job "main.<locals>.run_lts_aus_fast_scan (trigger: interval[0:00:05], next run at: 2026-09-17 17:49:04 +07)" (scheduled at 2026-09-17 17:48:59.432380+07:00)
2026-09-17 17:48:59,446 INFO apscheduler.executors.default: Job "main.<locals>.run_lts_aus_fast_scan (trigger: interval[0:00:05], next run at: 2026-09-17 17:49:04 +07)" executed successfully
2026-09-17 17:48:59,447 INFO apscheduler.executors.default: Running job "main.<locals>.run_position_check (trigger: interval[0:00:05], next run at: 2026-09-17 17:49:04 +07)" (scheduled at 2026-09-17 17:48:59.433381+07:00)
2026-09-17 17:48:59,450 INFO apscheduler.executors.default: Job "main.<locals>.run_position_check (trigger: interval[0:00:05], next run at: 2026-09-17 17:49:04 +07)" executed successfully
2026-09-17 17:48:59,450 INFO apscheduler.executors.default: Running job "main.<locals>.run_trail_sl (trigger: interval[0:00:05], next run at: 2026-09-17 17:49:04 +07)" (scheduled at 2026-09-17 17:48:59.433381+07:00)
2026-09-17 17:48:59,451 INFO apscheduler.executors.default: Job "main.<locals>.run_trail_sl (trigger: interval[0:00:05], next run at: 2026-09-17 17:49:04 +07)" executed successfully
2026-09-17 17:49:01,018 INFO apscheduler.executors.default: Running job "main.<locals>.run_scan (trigger: cron[second='1,6,11,16,21,26,31,36,41,46,51,56'], next run at: 2026-09-17 17:49:06 +07)" (scheduled at 2026-09-17 17:49:01+07:00)
2026-09-17 17:49:01,019 INFO apscheduler.executors.default: Job "main.<locals>.run_scan (trigger: cron[second='1,6,11,16,21,26,31,36,41,46,51,56'], next run at: 2026-09-17 17:49:06 +07)" executed successfully
2026-09-17 17:49:04,071 INFO httpx: HTTP Request: POST https://api.telegram.org/bot8759704311:AAFifFvXYLNPJZYlq-E4p3RVCUNiR0Ny6Ic/getUpdates "HTTP/1.1 200 OK"
2026-09-17 17:49:04,460 INFO apscheduler.executors.default: Running job "main.<locals>.run_lts_aus_fast_scan (trigger: interval[0:00:05], next run at: 2026-09-17 17:49:09 +07)" (scheduled at 2026-09-17 17:49:04.432380+07:00)
2026-09-17 17:49:04,461 INFO apscheduler.executors.default: Job "main.<locals>.run_lts_aus_fast_scan (trigger: interval[0:00:05], next run at: 2026-09-17 17:49:09 +07)" executed successfully
2026-09-17 17:49:04,461 INFO apscheduler.executors.default: Running job "main.<locals>.run_position_check (trigger: interval[0:00:05], next run at: 2026-09-17 17:49:09 +07)" (scheduled at 2026-09-17 17:49:04.433381+07:00)
2026-09-17 17:49:04,481 INFO apscheduler.executors.default: Job "main.<locals>.run_position_check (trigger: interval[0:00:05], next run at: 2026-09-17 17:49:09 +07)" executed successfully
2026-09-17 17:49:04,481 INFO apscheduler.executors.default: Running job "main.<locals>.run_trail_sl (trigger: interval[0:00:05], next run at: 2026-09-17 17:49:09 +07)" (scheduled at 2026-09-17 17:49:04.433381+07:00)
2026-09-17 17:49:04,481 INFO apscheduler.executors.default: Job "main.<locals>.run_trail_sl (trigger: interval[0:00:05], next run at: 2026-09-17 17:49:09 +07)" executed successfully
2026-09-17 17:49:04,483 INFO apscheduler.executors.default: Running job "main.<locals>.save_bot_state_job (trigger: interval[0:00:15], next run at: 2026-09-17 17:49:19 +07)" (scheduled at 2026-09-17 17:49:04.434380+07:00)
2026-09-17 17:49:04,524 INFO apscheduler.executors.default: Job "main.<locals>.save_bot_state_job (trigger: interval[0:00:15], next run at: 2026-09-17 17:49:19 +07)" executed successfully
2026-09-17 17:49:05,442 INFO apscheduler.executors.default: Running job "main.<locals>.write_heartbeat_job (trigger: interval[0:00:15], next run at: 2026-09-17 17:49:20 +07)" (scheduled at 2026-09-17 17:49:05.436472+07:00)
2026-09-17 17:49:05,446 INFO apscheduler.executors.default: Job "main.<locals>.write_heartbeat_job (trigger: interval[0:00:15], next run at: 2026-09-17 17:49:20 +07)" executed successfully
2026-09-17 17:49:06,017 INFO apscheduler.executors.default: Running job "main.<locals>.run_scan (trigger: cron[second='1,6,11,16,21,26,31,36,41,46,51,56'], next run at: 2026-09-17 17:49:11 +07)" (scheduled at 2026-09-17 17:49:06+07:00)
2026-09-17 17:49:06,017 INFO apscheduler.executors.default: Job "main.<locals>.run_scan (trigger: cron[second='1,6,11,16,21,26,31,36,41,46,51,56'], next run at: 2026-09-17 17:49:11 +07)" executed successfully
2026-09-17 17:49:09,447 INFO apscheduler.executors.default: Running job "main.<locals>.run_lts_aus_fast_scan (trigger: interval[0:00:05], next run at: 2026-09-17 17:49:14 +07)" (scheduled at 2026-09-17 17:49:09.432380+07:00)
2026-09-17 17:49:09,447 INFO apscheduler.executors.default: Job "main.<locals>.run_lts_aus_fast_scan (trigger: interval[0:00:05], next run at: 2026-09-17 17:49:14 +07)" executed successfully
2026-09-17 17:49:09,447 INFO apscheduler.executors.default: Running job "main.<locals>.run_position_check (trigger: interval[0:00:05], next run at: 2026-09-17 17:49:14 +07)" (scheduled at 2026-09-17 17:49:09.433381+07:00)
2026-09-17 17:49:09,450 INFO apscheduler.executors.default: Job "main.<locals>.run_position_check (trigger: interval[0:00:05], next run at: 2026-09-17 17:49:14 +07)" executed successfully
2026-09-17 17:49:09,450 INFO apscheduler.executors.default: Running job "main.<locals>.run_trail_sl (trigger: interval[0:00:05], next run at: 2026-09-17 17:49:14 +07)" (scheduled at 2026-09-17 17:49:09.433381+07:00)
2026-09-17 17:49:09,450 INFO apscheduler.executors.default: Job "main.<locals>.run_trail_sl (trigger: interval[0:00:05], next run at: 2026-09-17 17:49:14 +07)" executed successfully
2026-09-17 17:49:11,005 INFO apscheduler.executors.default: Running job "main.<locals>.run_scan (trigger: cron[second='1,6,11,16,21,26,31,36,41,46,51,56'], next run at: 2026-09-17 17:49:16 +07)" (scheduled at 2026-09-17 17:49:11+07:00)
2026-09-17 17:49:11,005 INFO apscheduler.executors.default: Job "main.<locals>.run_scan (trigger: cron[second='1,6,11,16,21,26,31,36,41,46,51,56'], next run at: 2026-09-17 17:49:16 +07)" executed successfully
2026-09-17 17:49:14,273 INFO httpx: HTTP Request: POST https://api.telegram.org/bot8759704311:AAFifFvXYLNPJZYlq-E4p3RVCUNiR0Ny6Ic/getUpdates "HTTP/1.1 200 OK"
2026-09-17 17:49:14,435 INFO apscheduler.executors.default: Running job "main.<locals>.run_lts_aus_fast_scan (trigger: interval[0:00:05], next run at: 2026-09-17 17:49:19 +07)" (scheduled at 2026-09-17 17:49:14.432380+07:00)
2026-09-17 17:49:14,435 INFO apscheduler.executors.default: Job "main.<locals>.run_lts_aus_fast_scan (trigger: interval[0:00:05], next run at: 2026-09-17 17:49:19 +07)" executed successfully
2026-09-17 17:49:14,435 INFO apscheduler.executors.default: Running job "main.<locals>.run_position_check (trigger: interval[0:00:05], next run at: 2026-09-17 17:49:19 +07)" (scheduled at 2026-09-17 17:49:14.433381+07:00)
2026-09-17 17:49:14,440 INFO apscheduler.executors.default: Job "main.<locals>.run_position_check (trigger: interval[0:00:05], next run at: 2026-09-17 17:49:19 +07)" executed successfully
2026-09-17 17:49:14,442 INFO apscheduler.executors.default: Running job "main.<locals>.run_trail_sl (trigger: interval[0:00:05], next run at: 2026-09-17 17:49:19 +07)" (scheduled at 2026-09-17 17:49:14.433381+07:00)
2026-09-17 17:49:14,442 INFO apscheduler.executors.default: Job "main.<locals>.run_trail_sl (trigger: interval[0:00:05], next run at: 2026-09-17 17:49:19 +07)" executed successfully
2026-09-17 17:49:16,011 INFO apscheduler.executors.default: Running job "main.<locals>.run_scan (trigger: cron[second='1,6,11,16,21,26,31,36,41,46,51,56'], next run at: 2026-09-17 17:49:21 +07)" (scheduled at 2026-09-17 17:49:16+07:00)
2026-09-17 17:49:16,012 INFO apscheduler.executors.default: Job "main.<locals>.run_scan (trigger: cron[second='1,6,11,16,21,26,31,36,41,46,51,56'], next run at: 2026-09-17 17:49:21 +07)" executed successfully
2026-09-17 17:49:19,438 INFO apscheduler.executors.default: Running job "main.<locals>.run_lts_aus_fast_scan (trigger: interval[0:00:05], next run at: 2026-09-17 17:49:24 +07)" (scheduled at 2026-09-17 17:49:19.432380+07:00)
2026-09-17 17:49:19,440 INFO apscheduler.executors.default: Job "main.<locals>.run_lts_aus_fast_scan (trigger: interval[0:00:05], next run at: 2026-09-17 17:49:24 +07)" executed successfully
2026-09-17 17:49:19,442 INFO apscheduler.executors.default: Running job "main.<locals>.run_position_check (trigger: interval[0:00:05], next run at: 2026-09-17 17:49:24 +07)" (scheduled at 2026-09-17 17:49:19.433381+07:00)
2026-09-17 17:49:19,445 INFO apscheduler.executors.default: Job "main.<locals>.run_position_check (trigger: interval[0:00:05], next run at: 2026-09-17 17:49:24 +07)" executed successfully
2026-09-17 17:49:19,446 INFO apscheduler.executors.default: Running job "main.<locals>.run_trail_sl (trigger: interval[0:00:05], next run at: 2026-09-17 17:49:24 +07)" (scheduled at 2026-09-17 17:49:19.433381+07:00)
2026-09-17 17:49:19,446 INFO apscheduler.executors.default: Job "main.<locals>.run_trail_sl (trigger: interval[0:00:05], next run at: 2026-09-17 17:49:24 +07)" executed successfully
2026-09-17 17:49:19,446 INFO apscheduler.executors.default: Running job "main.<locals>.save_bot_state_job (trigger: interval[0:00:15], next run at: 2026-09-17 17:49:34 +07)" (scheduled at 2026-09-17 17:49:19.434380+07:00)
2026-09-17 17:49:19,453 INFO apscheduler.executors.default: Job "main.<locals>.save_bot_state_job (trigger: interval[0:00:15], next run at: 2026-09-17 17:49:34 +07)" executed successfully
2026-09-17 17:49:20,448 INFO apscheduler.executors.default: Running job "main.<locals>.write_heartbeat_job (trigger: interval[0:00:15], next run at: 2026-09-17 17:49:35 +07)" (scheduled at 2026-09-17 17:49:20.436472+07:00)
2026-09-17 17:49:20,450 INFO apscheduler.executors.default: Job "main.<locals>.write_heartbeat_job (trigger: interval[0:00:15], next run at: 2026-09-17 17:49:35 +07)" executed successfully
2026-09-17 17:49:21,006 INFO apscheduler.executors.default: Running job "main.<locals>.run_scan (trigger: cron[second='1,6,11,16,21,26,31,36,41,46,51,56'], next run at: 2026-09-17 17:49:26 +07)" (scheduled at 2026-09-17 17:49:21+07:00)
2026-09-17 17:49:21,007 INFO apscheduler.executors.default: Job "main.<locals>.run_scan (trigger: cron[second='1,6,11,16,21,26,31,36,41,46,51,56'], next run at: 2026-09-17 17:49:26 +07)" executed successfully
2026-09-17 17:49:24,445 INFO apscheduler.executors.default: Running job "main.<locals>.run_lts_aus_fast_scan (trigger: interval[0:00:05], next run at: 2026-09-17 17:49:29 +07)" (scheduled at 2026-09-17 17:49:24.432380+07:00)
2026-09-17 17:49:24,445 INFO apscheduler.executors.default: Job "main.<locals>.run_lts_aus_fast_scan (trigger: interval[0:00:05], next run at: 2026-09-17 17:49:29 +07)" executed successfully
2026-09-17 17:49:24,445 INFO apscheduler.executors.default: Running job "main.<locals>.run_position_check (trigger: interval[0:00:05], next run at: 2026-09-17 17:49:29 +07)" (scheduled at 2026-09-17 17:49:24.433381+07:00)
2026-09-17 17:49:24,449 INFO apscheduler.executors.default: Job "main.<locals>.run_position_check (trigger: interval[0:00:05], next run at: 2026-09-17 17:49:29 +07)" executed successfully
2026-09-17 17:49:24,450 INFO apscheduler.executors.default: Running job "main.<locals>.run_trail_sl (trigger: interval[0:00:05], next run at: 2026-09-17 17:49:29 +07)" (scheduled at 2026-09-17 17:49:24.433381+07:00)
2026-09-17 17:49:24,450 INFO apscheduler.executors.default: Job "main.<locals>.run_trail_sl (trigger: interval[0:00:05], next run at: 2026-09-17 17:49:29 +07)" executed successfully
2026-09-17 17:49:24,469 INFO httpx: HTTP Request: POST https://api.telegram.org/bot8759704311:AAFifFvXYLNPJZYlq-E4p3RVCUNiR0Ny6Ic/getUpdates "HTTP/1.1 200 OK"
2026-09-17 17:49:26,006 INFO apscheduler.executors.default: Running job "main.<locals>.run_scan (trigger: cron[second='1,6,11,16,21,26,31,36,41,46,51,56'], next run at: 2026-09-17 17:49:31 +07)" (scheduled at 2026-09-17 17:49:26+07:00)
2026-09-17 17:49:26,007 INFO apscheduler.executors.default: Job "main.<locals>.run_scan (trigger: cron[second='1,6,11,16,21,26,31,36,41,46,51,56'], next run at: 2026-09-17 17:49:31 +07)" executed successfully
2026-09-17 17:49:29,446 INFO apscheduler.executors.default: Running job "main.<locals>.run_lts_aus_fast_scan (trigger: interval[0:00:05], next run at: 2026-09-17 17:49:34 +07)" (scheduled at 2026-09-17 17:49:29.432380+07:00)
2026-09-17 17:49:29,448 INFO apscheduler.executors.default: Job "main.<locals>.run_lts_aus_fast_scan (trigger: interval[0:00:05], next run at: 2026-09-17 17:49:34 +07)" executed successfully
2026-09-17 17:49:29,448 INFO apscheduler.executors.default: Running job "main.<locals>.run_position_check (trigger: interval[0:00:05], next run at: 2026-09-17 17:49:34 +07)" (scheduled at 2026-09-17 17:49:29.433381+07:00)
2026-09-17 17:49:29,450 INFO apscheduler.executors.default: Job "main.<locals>.run_position_check (trigger: interval[0:00:05], next run at: 2026-09-17 17:49:34 +07)" executed successfully
2026-09-17 17:49:29,451 INFO apscheduler.executors.default: Running job "main.<locals>.run_trail_sl (trigger: interval[0:00:05], next run at: 2026-09-17 17:49:34 +07)" (scheduled at 2026-09-17 17:49:29.433381+07:00)
2026-09-17 17:49:29,451 INFO apscheduler.executors.default: Job "main.<locals>.run_trail_sl (trigger: interval[0:00:05], next run at: 2026-09-17 17:49:34 +07)" executed successfully
2026-09-17 17:49:31,016 INFO apscheduler.executors.default: Running job "main.<locals>.run_scan (trigger: cron[second='1,6,11,16,21,26,31,36,41,46,51,56'], next run at: 2026-09-17 17:49:36 +07)" (scheduled at 2026-09-17 17:49:31+07:00)
2026-09-17 17:49:31,017 INFO apscheduler.executors.default: Job "main.<locals>.run_scan (trigger: cron[second='1,6,11,16,21,26,31,36,41,46,51,56'], next run at: 2026-09-17 17:49:36 +07)" executed successfully
2026-09-17 17:49:34,435 INFO apscheduler.executors.default: Running job "main.<locals>.run_lts_aus_fast_scan (trigger: interval[0:00:05], next run at: 2026-09-17 17:49:39 +07)" (scheduled at 2026-09-17 17:49:34.432380+07:00)
2026-09-17 17:49:34,435 INFO apscheduler.executors.default: Job "main.<locals>.run_lts_aus_fast_scan (trigger: interval[0:00:05], next run at: 2026-09-17 17:49:39 +07)" executed successfully
2026-09-17 17:49:34,436 INFO apscheduler.executors.default: Running job "main.<locals>.run_position_check (trigger: interval[0:00:05], next run at: 2026-09-17 17:49:39 +07)" (scheduled at 2026-09-17 17:49:34.433381+07:00)
2026-09-17 17:49:34,439 INFO apscheduler.executors.default: Job "main.<locals>.run_position_check (trigger: interval[0:00:05], next run at: 2026-09-17 17:49:39 +07)" executed successfully
2026-09-17 17:49:34,439 INFO apscheduler.executors.default: Running job "main.<locals>.run_trail_sl (trigger: interval[0:00:05], next run at: 2026-09-17 17:49:39 +07)" (scheduled at 2026-09-17 17:49:34.433381+07:00)
2026-09-17 17:49:34,439 INFO apscheduler.executors.default: Job "main.<locals>.run_trail_sl (trigger: interval[0:00:05], next run at: 2026-09-17 17:49:39 +07)" executed successfully
2026-09-17 17:49:34,440 INFO apscheduler.executors.default: Running job "main.<locals>.save_bot_state_job (trigger: interval[0:00:15], next run at: 2026-09-17 17:49:49 +07)" (scheduled at 2026-09-17 17:49:34.434380+07:00)
2026-09-17 17:49:34,443 INFO apscheduler.executors.default: Job "main.<locals>.save_bot_state_job (trigger: interval[0:00:15], next run at: 2026-09-17 17:49:49 +07)" executed successfully
2026-09-17 17:49:34,669 INFO httpx: HTTP Request: POST https://api.telegram.org/bot8759704311:AAFifFvXYLNPJZYlq-E4p3RVCUNiR0Ny6Ic/getUpdates "HTTP/1.1 200 OK"
2026-09-17 17:49:35,458 INFO apscheduler.executors.default: Running job "main.<locals>.write_heartbeat_job (trigger: interval[0:00:15], next run at: 2026-09-17 17:49:50 +07)" (scheduled at 2026-09-17 17:49:35.436472+07:00)
2026-09-17 17:49:35,462 INFO apscheduler.executors.default: Job "main.<locals>.write_heartbeat_job (trigger: interval[0:00:15], next run at: 2026-09-17 17:49:50 +07)" executed successfully
2026-09-17 17:49:36,006 INFO apscheduler.executors.default: Running job "main.<locals>.run_scan (trigger: cron[second='1,6,11,16,21,26,31,36,41,46,51,56'], next run at: 2026-09-17 17:49:41 +07)" (scheduled at 2026-09-17 17:49:36+07:00)
2026-09-17 17:49:36,007 INFO apscheduler.executors.default: Job "main.<locals>.run_scan (trigger: cron[second='1,6,11,16,21,26,31,36,41,46,51,56'], next run at: 2026-09-17 17:49:41 +07)" executed successfully
2026-09-17 17:49:39,446 INFO apscheduler.executors.default: Running job "main.<locals>.run_lts_aus_fast_scan (trigger: interval[0:00:05], next run at: 2026-09-17 17:49:44 +07)" (scheduled at 2026-09-17 17:49:39.432380+07:00)
2026-09-17 17:49:39,446 INFO apscheduler.executors.default: Job "main.<locals>.run_lts_aus_fast_scan (trigger: interval[0:00:05], next run at: 2026-09-17 17:49:44 +07)" executed successfully
2026-09-17 17:49:39,447 INFO apscheduler.executors.default: Running job "main.<locals>.run_position_check (trigger: interval[0:00:05], next run at: 2026-09-17 17:49:44 +07)" (scheduled at 2026-09-17 17:49:39.433381+07:00)
2026-09-17 17:49:39,451 INFO apscheduler.executors.default: Job "main.<locals>.run_position_check (trigger: interval[0:00:05], next run at: 2026-09-17 17:49:44 +07)" executed successfully
2026-09-17 17:49:39,452 INFO apscheduler.executors.default: Running job "main.<locals>.run_trail_sl (trigger: interval[0:00:05], next run at: 2026-09-17 17:49:44 +07)" (scheduled at 2026-09-17 17:49:39.433381+07:00)
2026-09-17 17:49:39,452 INFO apscheduler.executors.default: Job "main.<locals>.run_trail_sl (trigger: interval[0:00:05], next run at: 2026-09-17 17:49:44 +07)" executed successfully
2026-09-17 17:49:41,021 INFO apscheduler.executors.default: Running job "main.<locals>.run_scan (trigger: cron[second='1,6,11,16,21,26,31,36,41,46,51,56'], next run at: 2026-09-17 17:49:46 +07)" (scheduled at 2026-09-17 17:49:41+07:00)
2026-09-17 17:49:41,022 INFO apscheduler.executors.default: Job "main.<locals>.run_scan (trigger: cron[second='1,6,11,16,21,26,31,36,41,46,51,56'], next run at: 2026-09-17 17:49:46 +07)" executed successfully
2026-09-17 17:49:44,446 INFO apscheduler.executors.default: Running job "main.<locals>.run_lts_aus_fast_scan (trigger: interval[0:00:05], next run at: 2026-09-17 17:49:49 +07)" (scheduled at 2026-09-17 17:49:44.432380+07:00)
2026-09-17 17:49:44,448 INFO apscheduler.executors.default: Job "main.<locals>.run_lts_aus_fast_scan (trigger: interval[0:00:05], next run at: 2026-09-17 17:49:49 +07)" executed successfully
2026-09-17 17:49:44,448 INFO apscheduler.executors.default: Running job "main.<locals>.run_position_check (trigger: interval[0:00:05], next run at: 2026-09-17 17:49:49 +07)" (scheduled at 2026-09-17 17:49:44.433381+07:00)
2026-09-17 17:49:44,451 INFO apscheduler.executors.default: Job "main.<locals>.run_position_check (trigger: interval[0:00:05], next run at: 2026-09-17 17:49:49 +07)" executed successfully
2026-09-17 17:49:44,451 INFO apscheduler.executors.default: Running job "main.<locals>.run_trail_sl (trigger: interval[0:00:05], next run at: 2026-09-17 17:49:49 +07)" (scheduled at 2026-09-17 17:49:44.433381+07:00)
2026-09-17 17:49:44,452 INFO apscheduler.executors.default: Job "main.<locals>.run_trail_sl (trigger: interval[0:00:05], next run at: 2026-09-17 17:49:49 +07)" executed successfully
2026-09-17 17:49:44,867 INFO httpx: HTTP Request: POST https://api.telegram.org/bot8759704311:AAFifFvXYLNPJZYlq-E4p3RVCUNiR0Ny6Ic/getUpdates "HTTP/1.1 200 OK"
2026-09-17 17:49:46,005 INFO apscheduler.executors.default: Running job "main.<locals>.run_scan (trigger: cron[second='1,6,11,16,21,26,31,36,41,46,51,56'], next run at: 2026-09-17 17:49:51 +07)" (scheduled at 2026-09-17 17:49:46+07:00)
2026-09-17 17:49:46,005 INFO apscheduler.executors.default: Job "main.<locals>.run_scan (trigger: cron[second='1,6,11,16,21,26,31,36,41,46,51,56'], next run at: 2026-09-17 17:49:51 +07)" executed successfully
2026-09-17 17:49:49,434 INFO apscheduler.executors.default: Running job "main.<locals>.check_symbol_switch (trigger: interval[0:01:00], next run at: 2026-09-17 17:50:49 +07)" (scheduled at 2026-09-17 17:49:49.430373+07:00)
2026-09-17 17:49:49,441 INFO apscheduler.executors.default: Job "main.<locals>.check_symbol_switch (trigger: interval[0:01:00], next run at: 2026-09-17 17:50:49 +07)" executed successfully
2026-09-17 17:49:49,442 INFO apscheduler.executors.default: Running job "main.<locals>.run_demo_portfolio_scan (trigger: interval[0:05:00], next run at: 2026-09-17 17:54:49 +07)" (scheduled at 2026-09-17 17:49:49.432380+07:00)
2026-09-17 17:49:49,446 INFO apscheduler.executors.default: Running job "main.<locals>.run_lts_aus_fast_scan (trigger: interval[0:00:05], next run at: 2026-09-17 17:49:54 +07)" (scheduled at 2026-09-17 17:49:49.432380+07:00)
2026-09-17 17:49:49,448 INFO apscheduler.executors.default: Job "main.<locals>.run_lts_aus_fast_scan (trigger: interval[0:00:05], next run at: 2026-09-17 17:49:54 +07)" executed successfully
2026-09-17 17:49:49,448 INFO apscheduler.executors.default: Running job "main.<locals>.run_position_check (trigger: interval[0:00:05], next run at: 2026-09-17 17:49:54 +07)" (scheduled at 2026-09-17 17:49:49.433381+07:00)
2026-09-17 17:49:49,451 INFO apscheduler.executors.default: Job "main.<locals>.run_position_check (trigger: interval[0:00:05], next run at: 2026-09-17 17:49:54 +07)" executed successfully
2026-09-17 17:49:49,451 INFO apscheduler.executors.default: Running job "main.<locals>.run_trail_sl (trigger: interval[0:00:05], next run at: 2026-09-17 17:49:54 +07)" (scheduled at 2026-09-17 17:49:49.433381+07:00)
2026-09-17 17:49:49,452 INFO apscheduler.executors.default: Job "main.<locals>.run_trail_sl (trigger: interval[0:00:05], next run at: 2026-09-17 17:49:54 +07)" executed successfully
2026-09-17 17:49:49,453 INFO apscheduler.executors.default: Running job "main.<locals>.save_bot_state_job (trigger: interval[0:00:15], next run at: 2026-09-17 17:50:04 +07)" (scheduled at 2026-09-17 17:49:49.434380+07:00)
2026-09-17 17:49:49,454 INFO apscheduler.executors.default: Job "main.<locals>.save_bot_state_job (trigger: interval[0:00:15], next run at: 2026-09-17 17:50:04 +07)" executed successfully
2026-09-17 17:49:49,462 INFO apscheduler.executors.default: Running job "main.<locals>.run_watchdog (trigger: interval[0:01:00], next run at: 2026-09-17 17:50:49 +07)" (scheduled at 2026-09-17 17:49:49.435380+07:00)
2026-09-17 17:49:49,465 INFO apscheduler.executors.default: Job "main.<locals>.run_watchdog (trigger: interval[0:01:00], next run at: 2026-09-17 17:50:49 +07)" executed successfully
2026-09-17 17:49:49,480 INFO apscheduler.executors.default: Job "main.<locals>.run_demo_portfolio_scan (trigger: interval[0:05:00], next run at: 2026-09-17 17:54:49 +07)" executed successfully
2026-09-17 17:49:50,447 INFO apscheduler.executors.default: Running job "main.<locals>.write_heartbeat_job (trigger: interval[0:00:15], next run at: 2026-09-17 17:50:05 +07)" (scheduled at 2026-09-17 17:49:50.436472+07:00)
2026-09-17 17:49:50,450 INFO apscheduler.executors.default: Job "main.<locals>.write_heartbeat_job (trigger: interval[0:00:15], next run at: 2026-09-17 17:50:05 +07)" executed successfully
2026-09-17 17:49:51,008 INFO apscheduler.executors.default: Running job "main.<locals>.run_scan (trigger: cron[second='1,6,11,16,21,26,31,36,41,46,51,56'], next run at: 2026-09-17 17:49:56 +07)" (scheduled at 2026-09-17 17:49:51+07:00)
2026-09-17 17:49:51,009 INFO apscheduler.executors.default: Job "main.<locals>.run_scan (trigger: cron[second='1,6,11,16,21,26,31,36,41,46,51,56'], next run at: 2026-09-17 17:49:56 +07)" executed successfully
2026-09-17 17:49:54,442 INFO apscheduler.executors.default: Running job "main.<locals>.run_lts_aus_fast_scan (trigger: interval[0:00:05], next run at: 2026-09-17 17:49:59 +07)" (scheduled at 2026-09-17 17:49:54.432380+07:00)
2026-09-17 17:49:54,442 INFO apscheduler.executors.default: Job "main.<locals>.run_lts_aus_fast_scan (trigger: interval[0:00:05], next run at: 2026-09-17 17:49:59 +07)" executed successfully
2026-09-17 17:49:54,442 INFO apscheduler.executors.default: Running job "main.<locals>.run_position_check (trigger: interval[0:00:05], next run at: 2026-09-17 17:49:59 +07)" (scheduled at 2026-09-17 17:49:54.433381+07:00)
2026-09-17 17:49:54,445 INFO apscheduler.executors.default: Job "main.<locals>.run_position_check (trigger: interval[0:00:05], next run at: 2026-09-17 17:49:59 +07)" executed successfully
2026-09-17 17:49:54,445 INFO apscheduler.executors.default: Running job "main.<locals>.run_trail_sl (trigger: interval[0:00:05], next run at: 2026-09-17 17:49:59 +07)" (scheduled at 2026-09-17 17:49:54.433381+07:00)
2026-09-17 17:49:54,445 INFO apscheduler.executors.default: Job "main.<locals>.run_trail_sl (trigger: interval[0:00:05], next run at: 2026-09-17 17:49:59 +07)" executed successfully
2026-09-17 17:49:55,078 INFO httpx: HTTP Request: POST https://api.telegram.org/bot8759704311:AAFifFvXYLNPJZYlq-E4p3RVCUNiR0Ny6Ic/getUpdates "HTTP/1.1 200 OK"
2026-09-17 17:49:56,002 INFO apscheduler.executors.default: Running job "main.<locals>.run_scan (trigger: cron[second='1,6,11,16,21,26,31,36,41,46,51,56'], next run at: 2026-09-17 17:50:01 +07)" (scheduled at 2026-09-17 17:49:56+07:00)
2026-09-17 17:49:56,002 INFO apscheduler.executors.default: Job "main.<locals>.run_scan (trigger: cron[second='1,6,11,16,21,26,31,36,41,46,51,56'], next run at: 2026-09-17 17:50:01 +07)" executed successfully
2026-09-17 17:49:59,446 INFO apscheduler.executors.default: Running job "main.<locals>.run_lts_aus_fast_scan (trigger: interval[0:00:05], next run at: 2026-09-17 17:50:04 +07)" (scheduled at 2026-09-17 17:49:59.432380+07:00)
2026-09-17 17:49:59,447 INFO apscheduler.executors.default: Job "main.<locals>.run_lts_aus_fast_scan (trigger: interval[0:00:05], next run at: 2026-09-17 17:50:04 +07)" executed successfully
2026-09-17 17:49:59,448 INFO apscheduler.executors.default: Running job "main.<locals>.run_position_check (trigger: interval[0:00:05], next run at: 2026-09-17 17:50:04 +07)" (scheduled at 2026-09-17 17:49:59.433381+07:00)
2026-09-17 17:49:59,451 INFO apscheduler.executors.default: Job "main.<locals>.run_position_check (trigger: interval[0:00:05], next run at: 2026-09-17 17:50:04 +07)" executed successfully
2026-09-17 17:49:59,452 INFO apscheduler.executors.default: Running job "main.<locals>.run_trail_sl (trigger: interval[0:00:05], next run at: 2026-09-17 17:50:04 +07)" (scheduled at 2026-09-17 17:49:59.433381+07:00)
2026-09-17 17:49:59,452 INFO apscheduler.executors.default: Job "main.<locals>.run_trail_sl (trigger: interval[0:00:05], next run at: 2026-09-17 17:50:04 +07)" executed successfully
2026-09-17 17:50:01,020 INFO apscheduler.executors.default: Running job "main.<locals>.run_scan (trigger: cron[second='1,6,11,16,21,26,31,36,41,46,51,56'], next run at: 2026-09-17 17:50:06 +07)" (scheduled at 2026-09-17 17:50:01+07:00)
2026-09-17 17:50:01,021 INFO apscheduler.executors.default: Job "main.<locals>.run_scan (trigger: cron[second='1,6,11,16,21,26,31,36,41,46,51,56'], next run at: 2026-09-17 17:50:06 +07)" executed successfully
2026-09-17 17:50:04,440 INFO apscheduler.executors.default: Running job "main.<locals>.run_lts_aus_fast_scan (trigger: interval[0:00:05], next run at: 2026-09-17 17:50:09 +07)" (scheduled at 2026-09-17 17:50:04.432380+07:00)
2026-09-17 17:50:04,440 INFO apscheduler.executors.default: Job "main.<locals>.run_lts_aus_fast_scan (trigger: interval[0:00:05], next run at: 2026-09-17 17:50:09 +07)" executed successfully
2026-09-17 17:50:04,440 INFO apscheduler.executors.default: Running job "main.<locals>.run_position_check (trigger: interval[0:00:05], next run at: 2026-09-17 17:50:09 +07)" (scheduled at 2026-09-17 17:50:04.433381+07:00)
2026-09-17 17:50:04,444 INFO apscheduler.executors.default: Job "main.<locals>.run_position_check (trigger: interval[0:00:05], next run at: 2026-09-17 17:50:09 +07)" executed successfully
2026-09-17 17:50:04,445 INFO apscheduler.executors.default: Running job "main.<locals>.run_trail_sl (trigger: interval[0:00:05], next run at: 2026-09-17 17:50:09 +07)" (scheduled at 2026-09-17 17:50:04.433381+07:00)
2026-09-17 17:50:04,445 INFO apscheduler.executors.default: Job "main.<locals>.run_trail_sl (trigger: interval[0:00:05], next run at: 2026-09-17 17:50:09 +07)" executed successfully
2026-09-17 17:50:04,445 INFO apscheduler.executors.default: Running job "main.<locals>.save_bot_state_job (trigger: interval[0:00:15], next run at: 2026-09-17 17:50:19 +07)" (scheduled at 2026-09-17 17:50:04.434380+07:00)
2026-09-17 17:50:04,448 INFO apscheduler.executors.default: Job "main.<locals>.save_bot_state_job (trigger: interval[0:00:15], next run at: 2026-09-17 17:50:19 +07)" executed successfully
2026-09-17 17:50:05,275 INFO httpx: HTTP Request: POST https://api.telegram.org/bot8759704311:AAFifFvXYLNPJZYlq-E4p3RVCUNiR0Ny6Ic/getUpdates "HTTP/1.1 200 OK"
2026-09-17 17:50:05,438 INFO apscheduler.executors.default: Running job "main.<locals>.write_heartbeat_job (trigger: interval[0:00:15], next run at: 2026-09-17 17:50:20 +07)" (scheduled at 2026-09-17 17:50:05.436472+07:00)
2026-09-17 17:50:05,450 INFO apscheduler.executors.default: Job "main.<locals>.write_heartbeat_job (trigger: interval[0:00:15], next run at: 2026-09-17 17:50:20 +07)" executed successfully
2026-09-17 17:50:06,011 INFO apscheduler.executors.default: Running job "main.<locals>.run_scan (trigger: cron[second='1,6,11,16,21,26,31,36,41,46,51,56'], next run at: 2026-09-17 17:50:11 +07)" (scheduled at 2026-09-17 17:50:06+07:00)
2026-09-17 17:50:06,012 INFO apscheduler.executors.default: Job "main.<locals>.run_scan (trigger: cron[second='1,6,11,16,21,26,31,36,41,46,51,56'], next run at: 2026-09-17 17:50:11 +07)" executed successfully
2026-09-17 17:50:09,440 INFO apscheduler.executors.default: Running job "main.<locals>.run_lts_aus_fast_scan (trigger: interval[0:00:05], next run at: 2026-09-17 17:50:14 +07)" (scheduled at 2026-09-17 17:50:09.432380+07:00)
2026-09-17 17:50:09,440 INFO apscheduler.executors.default: Job "main.<locals>.run_lts_aus_fast_scan (trigger: interval[0:00:05], next run at: 2026-09-17 17:50:14 +07)" executed successfully
2026-09-17 17:50:09,441 INFO apscheduler.executors.default: Running job "main.<locals>.run_position_check (trigger: interval[0:00:05], next run at: 2026-09-17 17:50:14 +07)" (scheduled at 2026-09-17 17:50:09.433381+07:00)
2026-09-17 17:50:09,444 INFO apscheduler.executors.default: Job "main.<locals>.run_position_check (trigger: interval[0:00:05], next run at: 2026-09-17 17:50:14 +07)" executed successfully
2026-09-17 17:50:09,446 INFO apscheduler.executors.default: Running job "main.<locals>.run_trail_sl (trigger: interval[0:00:05], next run at: 2026-09-17 17:50:14 +07)" (scheduled at 2026-09-17 17:50:09.433381+07:00)
2026-09-17 17:50:09,446 INFO apscheduler.executors.default: Job "main.<locals>.run_trail_sl (trigger: interval[0:00:05], next run at: 2026-09-17 17:50:14 +07)" executed successfully
2026-09-17 17:50:11,008 INFO apscheduler.executors.default: Running job "main.<locals>.run_scan (trigger: cron[second='1,6,11,16,21,26,31,36,41,46,51,56'], next run at: 2026-09-17 17:50:16 +07)" (scheduled at 2026-09-17 17:50:11+07:00)
2026-09-17 17:50:11,008 INFO apscheduler.executors.default: Job "main.<locals>.run_scan (trigger: cron[second='1,6,11,16,21,26,31,36,41,46,51,56'], next run at: 2026-09-17 17:50:16 +07)" executed successfully
2026-09-17 17:50:14,446 INFO apscheduler.executors.default: Running job "main.<locals>.run_lts_aus_fast_scan (trigger: interval[0:00:05], next run at: 2026-09-17 17:50:19 +07)" (scheduled at 2026-09-17 17:50:14.432380+07:00)
2026-09-17 17:50:14,448 INFO apscheduler.executors.default: Job "main.<locals>.run_lts_aus_fast_scan (trigger: interval[0:00:05], next run at: 2026-09-17 17:50:19 +07)" executed successfully
2026-09-17 17:50:14,448 INFO apscheduler.executors.default: Running job "main.<locals>.run_position_check (trigger: interval[0:00:05], next run at: 2026-09-17 17:50:19 +07)" (scheduled at 2026-09-17 17:50:14.433381+07:00)
2026-09-17 17:50:14,451 INFO apscheduler.executors.default: Job "main.<locals>.run_position_check (trigger: interval[0:00:05], next run at: 2026-09-17 17:50:19 +07)" executed successfully
2026-09-17 17:50:14,451 INFO apscheduler.executors.default: Running job "main.<locals>.run_trail_sl (trigger: interval[0:00:05], next run at: 2026-09-17 17:50:19 +07)" (scheduled at 2026-09-17 17:50:14.433381+07:00)
2026-09-17 17:50:14,452 INFO apscheduler.executors.default: Job "main.<locals>.run_trail_sl (trigger: interval[0:00:05], next run at: 2026-09-17 17:50:19 +07)" executed successfully
2026-09-17 17:50:15,533 INFO httpx: HTTP Request: POST https://api.telegram.org/bot8759704311:AAFifFvXYLNPJZYlq-E4p3RVCUNiR0Ny6Ic/getUpdates "HTTP/1.1 200 OK"
2026-09-17 17:50:16,006 INFO apscheduler.executors.default: Running job "main.<locals>.run_scan (trigger: cron[second='1,6,11,16,21,26,31,36,41,46,51,56'], next run at: 2026-09-17 17:50:21 +07)" (scheduled at 2026-09-17 17:50:16+07:00)
2026-09-17 17:50:16,007 INFO apscheduler.executors.default: Job "main.<locals>.run_scan (trigger: cron[second='1,6,11,16,21,26,31,36,41,46,51,56'], next run at: 2026-09-17 17:50:21 +07)" executed successfully
2026-09-17 17:50:19,440 INFO apscheduler.executors.default: Running job "main.<locals>.run_lts_aus_fast_scan (trigger: interval[0:00:05], next run at: 2026-09-17 17:50:24 +07)" (scheduled at 2026-09-17 17:50:19.432380+07:00)
2026-09-17 17:50:19,441 INFO apscheduler.executors.default: Job "main.<locals>.run_lts_aus_fast_scan (trigger: interval[0:00:05], next run at: 2026-09-17 17:50:24 +07)" executed successfully
2026-09-17 17:50:19,442 INFO apscheduler.executors.default: Running job "main.<locals>.run_position_check (trigger: interval[0:00:05], next run at: 2026-09-17 17:50:24 +07)" (scheduled at 2026-09-17 17:50:19.433381+07:00)
2026-09-17 17:50:19,445 INFO apscheduler.executors.default: Job "main.<locals>.run_position_check (trigger: interval[0:00:05], next run at: 2026-09-17 17:50:24 +07)" executed successfully
2026-09-17 17:50:19,445 INFO apscheduler.executors.default: Running job "main.<locals>.run_trail_sl (trigger: interval[0:00:05], next run at: 2026-09-17 17:50:24 +07)" (scheduled at 2026-09-17 17:50:19.433381+07:00)
2026-09-17 17:50:19,446 INFO apscheduler.executors.default: Job "main.<locals>.run_trail_sl (trigger: interval[0:00:05], next run at: 2026-09-17 17:50:24 +07)" executed successfully
2026-09-17 17:50:19,446 INFO apscheduler.executors.default: Running job "main.<locals>.save_bot_state_job (trigger: interval[0:00:15], next run at: 2026-09-17 17:50:34 +07)" (scheduled at 2026-09-17 17:50:19.434380+07:00)
2026-09-17 17:50:19,449 INFO apscheduler.executors.default: Job "main.<locals>.save_bot_state_job (trigger: interval[0:00:15], next run at: 2026-09-17 17:50:34 +07)" executed successfully
2026-09-17 17:50:20,454 INFO apscheduler.executors.default: Running job "main.<locals>.write_heartbeat_job (trigger: interval[0:00:15], next run at: 2026-09-17 17:50:35 +07)" (scheduled at 2026-09-17 17:50:20.436472+07:00)
2026-09-17 17:50:20,458 INFO apscheduler.executors.default: Job "main.<locals>.write_heartbeat_job (trigger: interval[0:00:15], next run at: 2026-09-17 17:50:35 +07)" executed successfully
2026-09-17 17:50:21,012 INFO apscheduler.executors.default: Running job "main.<locals>.run_scan (trigger: cron[second='1,6,11,16,21,26,31,36,41,46,51,56'], next run at: 2026-09-17 17:50:26 +07)" (scheduled at 2026-09-17 17:50:21+07:00)
2026-09-17 17:50:21,012 INFO apscheduler.executors.default: Job "main.<locals>.run_scan (trigger: cron[second='1,6,11,16,21,26,31,36,41,46,51,56'], next run at: 2026-09-17 17:50:26 +07)" executed successfully
2026-09-17 17:50:24,440 INFO apscheduler.executors.default: Running job "main.<locals>.run_lts_aus_fast_scan (trigger: interval[0:00:05], next run at: 2026-09-17 17:50:29 +07)" (scheduled at 2026-09-17 17:50:24.432380+07:00)
2026-09-17 17:50:24,441 INFO apscheduler.executors.default: Job "main.<locals>.run_lts_aus_fast_scan (trigger: interval[0:00:05], next run at: 2026-09-17 17:50:29 +07)" executed successfully
2026-09-17 17:50:24,441 INFO apscheduler.executors.default: Running job "main.<locals>.run_position_check (trigger: interval[0:00:05], next run at: 2026-09-17 17:50:29 +07)" (scheduled at 2026-09-17 17:50:24.433381+07:00)
2026-09-17 17:50:24,444 INFO apscheduler.executors.default: Job "main.<locals>.run_position_check (trigger: interval[0:00:05], next run at: 2026-09-17 17:50:29 +07)" executed successfully
2026-09-17 17:50:24,445 INFO apscheduler.executors.default: Running job "main.<locals>.run_trail_sl (trigger: interval[0:00:05], next run at: 2026-09-17 17:50:29 +07)" (scheduled at 2026-09-17 17:50:24.433381+07:00)
2026-09-17 17:50:24,445 INFO apscheduler.executors.default: Job "main.<locals>.run_trail_sl (trigger: interval[0:00:05], next run at: 2026-09-17 17:50:29 +07)" executed successfully
2026-09-17 17:50:25,736 INFO httpx: HTTP Request: POST https://api.telegram.org/bot8759704311:AAFifFvXYLNPJZYlq-E4p3RVCUNiR0Ny6Ic/getUpdates "HTTP/1.1 200 OK"
2026-09-17 17:50:26,018 INFO apscheduler.executors.default: Running job "main.<locals>.run_scan (trigger: cron[second='1,6,11,16,21,26,31,36,41,46,51,56'], next run at: 2026-09-17 17:50:31 +07)" (scheduled at 2026-09-17 17:50:26+07:00)
2026-09-17 17:50:26,019 INFO apscheduler.executors.default: Job "main.<locals>.run_scan (trigger: cron[second='1,6,11,16,21,26,31,36,41,46,51,56'], next run at: 2026-09-17 17:50:31 +07)" executed successfully
2026-09-17 17:50:29,442 INFO apscheduler.executors.default: Running job "main.<locals>.run_lts_aus_fast_scan (trigger: interval[0:00:05], next run at: 2026-09-17 17:50:34 +07)" (scheduled at 2026-09-17 17:50:29.432380+07:00)
2026-09-17 17:50:29,443 INFO apscheduler.executors.default: Job "main.<locals>.run_lts_aus_fast_scan (trigger: interval[0:00:05], next run at: 2026-09-17 17:50:34 +07)" executed successfully
2026-09-17 17:50:29,444 INFO apscheduler.executors.default: Running job "main.<locals>.run_position_check (trigger: interval[0:00:05], next run at: 2026-09-17 17:50:34 +07)" (scheduled at 2026-09-17 17:50:29.433381+07:00)
2026-09-17 17:50:29,446 INFO apscheduler.executors.default: Job "main.<locals>.run_position_check (trigger: interval[0:00:05], next run at: 2026-09-17 17:50:34 +07)" executed successfully
2026-09-17 17:50:29,448 INFO apscheduler.executors.default: Running job "main.<locals>.run_trail_sl (trigger: interval[0:00:05], next run at: 2026-09-17 17:50:34 +07)" (scheduled at 2026-09-17 17:50:29.433381+07:00)
2026-09-17 17:50:29,448 INFO apscheduler.executors.default: Job "main.<locals>.run_trail_sl (trigger: interval[0:00:05], next run at: 2026-09-17 17:50:34 +07)" executed successfully
2026-09-17 17:50:31,014 INFO apscheduler.executors.default: Running job "main.<locals>.run_scan (trigger: cron[second='1,6,11,16,21,26,31,36,41,46,51,56'], next run at: 2026-09-17 17:50:36 +07)" (scheduled at 2026-09-17 17:50:31+07:00)
2026-09-17 17:50:31,014 INFO apscheduler.executors.default: Job "main.<locals>.run_scan (trigger: cron[second='1,6,11,16,21,26,31,36,41,46,51,56'], next run at: 2026-09-17 17:50:36 +07)" executed successfully
2026-09-17 17:50:34,434 INFO apscheduler.executors.default: Running job "main.<locals>.run_lts_aus_fast_scan (trigger: interval[0:00:05], next run at: 2026-09-17 17:50:39 +07)" (scheduled at 2026-09-17 17:50:34.432380+07:00)
2026-09-17 17:50:34,434 INFO apscheduler.executors.default: Job "main.<locals>.run_lts_aus_fast_scan (trigger: interval[0:00:05], next run at: 2026-09-17 17:50:39 +07)" executed successfully
2026-09-17 17:50:34,435 INFO apscheduler.executors.default: Running job "main.<locals>.run_position_check (trigger: interval[0:00:05], next run at: 2026-09-17 17:50:39 +07)" (scheduled at 2026-09-17 17:50:34.433381+07:00)
2026-09-17 17:50:34,439 INFO apscheduler.executors.default: Job "main.<locals>.run_position_check (trigger: interval[0:00:05], next run at: 2026-09-17 17:50:39 +07)" executed successfully
2026-09-17 17:50:34,439 INFO apscheduler.executors.default: Running job "main.<locals>.run_trail_sl (trigger: interval[0:00:05], next run at: 2026-09-17 17:50:39 +07)" (scheduled at 2026-09-17 17:50:34.433381+07:00)
2026-09-17 17:50:34,439 INFO apscheduler.executors.default: Job "main.<locals>.run_trail_sl (trigger: interval[0:00:05], next run at: 2026-09-17 17:50:39 +07)" executed successfully
2026-09-17 17:50:34,440 INFO apscheduler.executors.default: Running job "main.<locals>.save_bot_state_job (trigger: interval[0:00:15], next run at: 2026-09-17 17:50:49 +07)" (scheduled at 2026-09-17 17:50:34.434380+07:00)
2026-09-17 17:50:34,441 INFO apscheduler.executors.default: Job "main.<locals>.save_bot_state_job (trigger: interval[0:00:15], next run at: 2026-09-17 17:50:49 +07)" executed successfully
2026-09-17 17:50:35,444 INFO apscheduler.executors.default: Running job "main.<locals>.write_heartbeat_job (trigger: interval[0:00:15], next run at: 2026-09-17 17:50:50 +07)" (scheduled at 2026-09-17 17:50:35.436472+07:00)
2026-09-17 17:50:35,447 INFO apscheduler.executors.default: Job "main.<locals>.write_heartbeat_job (trigger: interval[0:00:15], next run at: 2026-09-17 17:50:50 +07)" executed successfully
2026-09-17 17:50:35,953 INFO httpx: HTTP Request: POST https://api.telegram.org/bot8759704311:AAFifFvXYLNPJZYlq-E4p3RVCUNiR0Ny6Ic/getUpdates "HTTP/1.1 200 OK"
2026-09-17 17:50:36,007 INFO apscheduler.executors.default: Running job "main.<locals>.run_scan (trigger: cron[second='1,6,11,16,21,26,31,36,41,46,51,56'], next run at: 2026-09-17 17:50:41 +07)" (scheduled at 2026-09-17 17:50:36+07:00)
2026-09-17 17:50:36,007 INFO apscheduler.executors.default: Job "main.<locals>.run_scan (trigger: cron[second='1,6,11,16,21,26,31,36,41,46,51,56'], next run at: 2026-09-17 17:50:41 +07)" executed successfully
2026-09-17 17:50:39,439 INFO apscheduler.executors.default: Running job "main.<locals>.run_lts_aus_fast_scan (trigger: interval[0:00:05], next run at: 2026-09-17 17:50:44 +07)" (scheduled at 2026-09-17 17:50:39.432380+07:00)
2026-09-17 17:50:39,439 INFO apscheduler.executors.default: Job "main.<locals>.run_lts_aus_fast_scan (trigger: interval[0:00:05], next run at: 2026-09-17 17:50:44 +07)" executed successfully
2026-09-17 17:50:39,439 INFO apscheduler.executors.default: Running job "main.<locals>.run_position_check (trigger: interval[0:00:05], next run at: 2026-09-17 17:50:44 +07)" (scheduled at 2026-09-17 17:50:39.433381+07:00)
2026-09-17 17:50:39,444 INFO apscheduler.executors.default: Job "main.<locals>.run_position_check (trigger: interval[0:00:05], next run at: 2026-09-17 17:50:44 +07)" executed successfully
2026-09-17 17:50:39,444 INFO apscheduler.executors.default: Running job "main.<locals>.run_trail_sl (trigger: interval[0:00:05], next run at: 2026-09-17 17:50:44 +07)" (scheduled at 2026-09-17 17:50:39.433381+07:00)
2026-09-17 17:50:39,444 INFO apscheduler.executors.default: Job "main.<locals>.run_trail_sl (trigger: interval[0:00:05], next run at: 2026-09-17 17:50:44 +07)" executed successfully
2026-09-17 17:50:41,012 INFO apscheduler.executors.default: Running job "main.<locals>.run_scan (trigger: cron[second='1,6,11,16,21,26,31,36,41,46,51,56'], next run at: 2026-09-17 17:50:46 +07)" (scheduled at 2026-09-17 17:50:41+07:00)
2026-09-17 17:50:41,014 INFO apscheduler.executors.default: Job "main.<locals>.run_scan (trigger: cron[second='1,6,11,16,21,26,31,36,41,46,51,56'], next run at: 2026-09-17 17:50:46 +07)" executed successfully
2026-09-17 17:50:44,449 INFO apscheduler.executors.default: Running job "main.<locals>.run_lts_aus_fast_scan (trigger: interval[0:00:05], next run at: 2026-09-17 17:50:49 +07)" (scheduled at 2026-09-17 17:50:44.432380+07:00)
2026-09-17 17:50:44,451 INFO apscheduler.executors.default: Job "main.<locals>.run_lts_aus_fast_scan (trigger: interval[0:00:05], next run at: 2026-09-17 17:50:49 +07)" executed successfully
2026-09-17 17:50:44,452 INFO apscheduler.executors.default: Running job "main.<locals>.run_position_check (trigger: interval[0:00:05], next run at: 2026-09-17 17:50:49 +07)" (scheduled at 2026-09-17 17:50:44.433381+07:00)
2026-09-17 17:50:44,455 INFO apscheduler.executors.default: Job "main.<locals>.run_position_check (trigger: interval[0:00:05], next run at: 2026-09-17 17:50:49 +07)" executed successfully
2026-09-17 17:50:44,456 INFO apscheduler.executors.default: Running job "main.<locals>.run_trail_sl (trigger: interval[0:00:05], next run at: 2026-09-17 17:50:49 +07)" (scheduled at 2026-09-17 17:50:44.433381+07:00)
2026-09-17 17:50:44,456 INFO apscheduler.executors.default: Job "main.<locals>.run_trail_sl (trigger: interval[0:00:05], next run at: 2026-09-17 17:50:49 +07)" executed successfully
2026-09-17 17:50:46,002 INFO apscheduler.executors.default: Running job "main.<locals>.run_scan (trigger: cron[second='1,6,11,16,21,26,31,36,41,46,51,56'], next run at: 2026-09-17 17:50:51 +07)" (scheduled at 2026-09-17 17:50:46+07:00)
2026-09-17 17:50:46,004 INFO apscheduler.executors.default: Job "main.<locals>.run_scan (trigger: cron[second='1,6,11,16,21,26,31,36,41,46,51,56'], next run at: 2026-09-17 17:50:51 +07)" executed successfully
2026-09-17 17:50:46,152 INFO httpx: HTTP Request: POST https://api.telegram.org/bot8759704311:AAFifFvXYLNPJZYlq-E4p3RVCUNiR0Ny6Ic/getUpdates "HTTP/1.1 200 OK"
2026-09-17 17:50:49,448 INFO apscheduler.executors.default: Running job "main.<locals>.check_symbol_switch (trigger: interval[0:01:00], next run at: 2026-09-17 17:51:49 +07)" (scheduled at 2026-09-17 17:50:49.430373+07:00)
2026-09-17 17:50:49,454 INFO apscheduler.executors.default: Job "main.<locals>.check_symbol_switch (trigger: interval[0:01:00], next run at: 2026-09-17 17:51:49 +07)" executed successfully
2026-09-17 17:50:49,454 INFO apscheduler.executors.default: Running job "main.<locals>.run_lts_aus_fast_scan (trigger: interval[0:00:05], next run at: 2026-09-17 17:50:54 +07)" (scheduled at 2026-09-17 17:50:49.432380+07:00)
2026-09-17 17:50:49,454 INFO apscheduler.executors.default: Job "main.<locals>.run_lts_aus_fast_scan (trigger: interval[0:00:05], next run at: 2026-09-17 17:50:54 +07)" executed successfully
2026-09-17 17:50:49,454 INFO apscheduler.executors.default: Running job "main.<locals>.run_position_check (trigger: interval[0:00:05], next run at: 2026-09-17 17:50:54 +07)" (scheduled at 2026-09-17 17:50:49.433381+07:00)
2026-09-17 17:50:49,457 INFO apscheduler.executors.default: Job "main.<locals>.run_position_check (trigger: interval[0:00:05], next run at: 2026-09-17 17:50:54 +07)" executed successfully
2026-09-17 17:50:49,457 INFO apscheduler.executors.default: Running job "main.<locals>.run_trail_sl (trigger: interval[0:00:05], next run at: 2026-09-17 17:50:54 +07)" (scheduled at 2026-09-17 17:50:49.433381+07:00)
2026-09-17 17:50:49,457 INFO apscheduler.executors.default: Job "main.<locals>.run_trail_sl (trigger: interval[0:00:05], next run at: 2026-09-17 17:50:54 +07)" executed successfully
2026-09-17 17:50:49,457 INFO apscheduler.executors.default: Running job "main.<locals>.save_bot_state_job (trigger: interval[0:00:15], next run at: 2026-09-17 17:51:04 +07)" (scheduled at 2026-09-17 17:50:49.434380+07:00)
2026-09-17 17:50:49,459 INFO apscheduler.executors.default: Job "main.<locals>.save_bot_state_job (trigger: interval[0:00:15], next run at: 2026-09-17 17:51:04 +07)" executed successfully
2026-09-17 17:50:49,460 INFO apscheduler.executors.default: Running job "main.<locals>.run_watchdog (trigger: interval[0:01:00], next run at: 2026-09-17 17:51:49 +07)" (scheduled at 2026-09-17 17:50:49.435380+07:00)
2026-09-17 17:50:49,465 INFO apscheduler.executors.default: Job "main.<locals>.run_watchdog (trigger: interval[0:01:00], next run at: 2026-09-17 17:51:49 +07)" executed successfully
2026-09-17 17:50:50,448 INFO apscheduler.executors.default: Running job "main.<locals>.write_heartbeat_job (trigger: interval[0:00:15], next run at: 2026-09-17 17:51:05 +07)" (scheduled at 2026-09-17 17:50:50.436472+07:00)
2026-09-17 17:50:50,452 INFO apscheduler.executors.default: Job "main.<locals>.write_heartbeat_job (trigger: interval[0:00:15], next run at: 2026-09-17 17:51:05 +07)" executed successfully
2026-09-17 17:50:51,011 INFO apscheduler.executors.default: Running job "main.<locals>.run_scan (trigger: cron[second='1,6,11,16,21,26,31,36,41,46,51,56'], next run at: 2026-09-17 17:50:56 +07)" (scheduled at 2026-09-17 17:50:51+07:00)
2026-09-17 17:50:51,011 INFO apscheduler.executors.default: Job "main.<locals>.run_scan (trigger: cron[second='1,6,11,16,21,26,31,36,41,46,51,56'], next run at: 2026-09-17 17:50:56 +07)" executed successfully
2026-09-17 17:50:54,451 INFO apscheduler.executors.default: Running job "main.<locals>.run_lts_aus_fast_scan (trigger: interval[0:00:05], next run at: 2026-09-17 17:50:59 +07)" (scheduled at 2026-09-17 17:50:54.432380+07:00)
2026-09-17 17:50:54,452 INFO apscheduler.executors.default: Job "main.<locals>.run_lts_aus_fast_scan (trigger: interval[0:00:05], next run at: 2026-09-17 17:50:59 +07)" executed successfully
2026-09-17 17:50:54,452 INFO apscheduler.executors.default: Running job "main.<locals>.run_position_check (trigger: interval[0:00:05], next run at: 2026-09-17 17:50:59 +07)" (scheduled at 2026-09-17 17:50:54.433381+07:00)
2026-09-17 17:50:54,455 INFO apscheduler.executors.default: Job "main.<locals>.run_position_check (trigger: interval[0:00:05], next run at: 2026-09-17 17:50:59 +07)" executed successfully
2026-09-17 17:50:54,456 INFO apscheduler.executors.default: Running job "main.<locals>.run_trail_sl (trigger: interval[0:00:05], next run at: 2026-09-17 17:50:59 +07)" (scheduled at 2026-09-17 17:50:54.433381+07:00)
2026-09-17 17:50:54,456 INFO apscheduler.executors.default: Job "main.<locals>.run_trail_sl (trigger: interval[0:00:05], next run at: 2026-09-17 17:50:59 +07)" executed successfully
2026-09-17 17:50:56,009 INFO apscheduler.executors.default: Running job "main.<locals>.run_scan (trigger: cron[second='1,6,11,16,21,26,31,36,41,46,51,56'], next run at: 2026-09-17 17:51:01 +07)" (scheduled at 2026-09-17 17:50:56+07:00)
2026-09-17 17:50:56,009 INFO apscheduler.executors.default: Job "main.<locals>.run_scan (trigger: cron[second='1,6,11,16,21,26,31,36,41,46,51,56'], next run at: 2026-09-17 17:51:01 +07)" executed successfully
2026-09-17 17:50:56,361 INFO httpx: HTTP Request: POST https://api.telegram.org/bot8759704311:AAFifFvXYLNPJZYlq-E4p3RVCUNiR0Ny6Ic/getUpdates "HTTP/1.1 200 OK"
2026-09-17 17:50:59,435 INFO apscheduler.executors.default: Running job "main.<locals>.run_lts_aus_fast_scan (trigger: interval[0:00:05], next run at: 2026-09-17 17:51:04 +07)" (scheduled at 2026-09-17 17:50:59.432380+07:00)
2026-09-17 17:50:59,436 INFO apscheduler.executors.default: Job "main.<locals>.run_lts_aus_fast_scan (trigger: interval[0:00:05], next run at: 2026-09-17 17:51:04 +07)" executed successfully
2026-09-17 17:50:59,436 INFO apscheduler.executors.default: Running job "main.<locals>.run_position_check (trigger: interval[0:00:05], next run at: 2026-09-17 17:51:04 +07)" (scheduled at 2026-09-17 17:50:59.433381+07:00)
2026-09-17 17:50:59,440 INFO apscheduler.executors.default: Job "main.<locals>.run_position_check (trigger: interval[0:00:05], next run at: 2026-09-17 17:51:04 +07)" executed successfully
2026-09-17 17:50:59,441 INFO apscheduler.executors.default: Running job "main.<locals>.run_trail_sl (trigger: interval[0:00:05], next run at: 2026-09-17 17:51:04 +07)" (scheduled at 2026-09-17 17:50:59.433381+07:00)
2026-09-17 17:50:59,441 INFO apscheduler.executors.default: Job "main.<locals>.run_trail_sl (trigger: interval[0:00:05], next run at: 2026-09-17 17:51:04 +07)" executed successfully
2026-09-17 17:51:01,013 INFO apscheduler.executors.default: Running job "main.<locals>.run_scan (trigger: cron[second='1,6,11,16,21,26,31,36,41,46,51,56'], next run at: 2026-09-17 17:51:06 +07)" (scheduled at 2026-09-17 17:51:01+07:00)
2026-09-17 17:51:01,013 INFO apscheduler.executors.default: Job "main.<locals>.run_scan (trigger: cron[second='1,6,11,16,21,26,31,36,41,46,51,56'], next run at: 2026-09-17 17:51:06 +07)" executed successfully
2026-09-17 17:51:04,446 INFO apscheduler.executors.default: Running job "main.<locals>.run_lts_aus_fast_scan (trigger: interval[0:00:05], next run at: 2026-09-17 17:51:09 +07)" (scheduled at 2026-09-17 17:51:04.432380+07:00)
2026-09-17 17:51:04,446 INFO apscheduler.executors.default: Job "main.<locals>.run_lts_aus_fast_scan (trigger: interval[0:00:05], next run at: 2026-09-17 17:51:09 +07)" executed successfully
2026-09-17 17:51:04,447 INFO apscheduler.executors.default: Running job "main.<locals>.run_position_check (trigger: interval[0:00:05], next run at: 2026-09-17 17:51:09 +07)" (scheduled at 2026-09-17 17:51:04.433381+07:00)
2026-09-17 17:51:04,450 INFO apscheduler.executors.default: Job "main.<locals>.run_position_check (trigger: interval[0:00:05], next run at: 2026-09-17 17:51:09 +07)" executed successfully
2026-09-17 17:51:04,450 INFO apscheduler.executors.default: Running job "main.<locals>.run_trail_sl (trigger: interval[0:00:05], next run at: 2026-09-17 17:51:09 +07)" (scheduled at 2026-09-17 17:51:04.433381+07:00)
2026-09-17 17:51:04,451 INFO apscheduler.executors.default: Job "main.<locals>.run_trail_sl (trigger: interval[0:00:05], next run at: 2026-09-17 17:51:09 +07)" executed successfully
2026-09-17 17:51:04,451 INFO apscheduler.executors.default: Running job "main.<locals>.save_bot_state_job (trigger: interval[0:00:15], next run at: 2026-09-17 17:51:19 +07)" (scheduled at 2026-09-17 17:51:04.434380+07:00)
2026-09-17 17:51:04,454 INFO apscheduler.executors.default: Job "main.<locals>.save_bot_state_job (trigger: interval[0:00:15], next run at: 2026-09-17 17:51:19 +07)" executed successfully
2026-09-17 17:51:05,446 INFO apscheduler.executors.default: Running job "main.<locals>.write_heartbeat_job (trigger: interval[0:00:15], next run at: 2026-09-17 17:51:20 +07)" (scheduled at 2026-09-17 17:51:05.436472+07:00)
2026-09-17 17:51:05,449 INFO apscheduler.executors.default: Job "main.<locals>.write_heartbeat_job (trigger: interval[0:00:15], next run at: 2026-09-17 17:51:20 +07)" executed successfully
2026-09-17 17:51:06,011 INFO apscheduler.executors.default: Running job "main.<locals>.run_scan (trigger: cron[second='1,6,11,16,21,26,31,36,41,46,51,56'], next run at: 2026-09-17 17:51:11 +07)" (scheduled at 2026-09-17 17:51:06+07:00)
2026-09-17 17:51:06,011 INFO apscheduler.executors.default: Job "main.<locals>.run_scan (trigger: cron[second='1,6,11,16,21,26,31,36,41,46,51,56'], next run at: 2026-09-17 17:51:11 +07)" executed successfully
2026-09-17 17:51:06,597 INFO httpx: HTTP Request: POST https://api.telegram.org/bot8759704311:AAFifFvXYLNPJZYlq-E4p3RVCUNiR0Ny6Ic/getUpdates "HTTP/1.1 200 OK"
2026-09-17 17:51:09,447 INFO apscheduler.executors.default: Running job "main.<locals>.run_lts_aus_fast_scan (trigger: interval[0:00:05], next run at: 2026-09-17 17:51:14 +07)" (scheduled at 2026-09-17 17:51:09.432380+07:00)
2026-09-17 17:51:09,447 INFO apscheduler.executors.default: Job "main.<locals>.run_lts_aus_fast_scan (trigger: interval[0:00:05], next run at: 2026-09-17 17:51:14 +07)" executed successfully
2026-09-17 17:51:09,447 INFO apscheduler.executors.default: Running job "main.<locals>.run_position_check (trigger: interval[0:00:05], next run at: 2026-09-17 17:51:14 +07)" (scheduled at 2026-09-17 17:51:09.433381+07:00)
2026-09-17 17:51:09,450 INFO apscheduler.executors.default: Job "main.<locals>.run_position_check (trigger: interval[0:00:05], next run at: 2026-09-17 17:51:14 +07)" executed successfully
2026-09-17 17:51:09,450 INFO apscheduler.executors.default: Running job "main.<locals>.run_trail_sl (trigger: interval[0:00:05], next run at: 2026-09-17 17:51:14 +07)" (scheduled at 2026-09-17 17:51:09.433381+07:00)
2026-09-17 17:51:09,450 INFO apscheduler.executors.default: Job "main.<locals>.run_trail_sl (trigger: interval[0:00:05], next run at: 2026-09-17 17:51:14 +07)" executed successfully
2026-09-17 17:51:11,009 INFO apscheduler.executors.default: Running job "main.<locals>.run_scan (trigger: cron[second='1,6,11,16,21,26,31,36,41,46,51,56'], next run at: 2026-09-17 17:51:16 +07)" (scheduled at 2026-09-17 17:51:11+07:00)
2026-09-17 17:51:11,009 INFO apscheduler.executors.default: Job "main.<locals>.run_scan (trigger: cron[second='1,6,11,16,21,26,31,36,41,46,51,56'], next run at: 2026-09-17 17:51:16 +07)" executed successfully
2026-09-17 17:51:14,447 INFO apscheduler.executors.default: Running job "main.<locals>.run_lts_aus_fast_scan (trigger: interval[0:00:05], next run at: 2026-09-17 17:51:19 +07)" (scheduled at 2026-09-17 17:51:14.432380+07:00)
2026-09-17 17:51:14,448 INFO apscheduler.executors.default: Job "main.<locals>.run_lts_aus_fast_scan (trigger: interval[0:00:05], next run at: 2026-09-17 17:51:19 +07)" executed successfully
2026-09-17 17:51:14,449 INFO apscheduler.executors.default: Running job "main.<locals>.run_position_check (trigger: interval[0:00:05], next run at: 2026-09-17 17:51:19 +07)" (scheduled at 2026-09-17 17:51:14.433381+07:00)
2026-09-17 17:51:14,452 INFO apscheduler.executors.default: Job "main.<locals>.run_position_check (trigger: interval[0:00:05], next run at: 2026-09-17 17:51:19 +07)" executed successfully
2026-09-17 17:51:14,452 INFO apscheduler.executors.default: Running job "main.<locals>.run_trail_sl (trigger: interval[0:00:05], next run at: 2026-09-17 17:51:19 +07)" (scheduled at 2026-09-17 17:51:14.433381+07:00)
2026-09-17 17:51:14,452 INFO apscheduler.executors.default: Job "main.<locals>.run_trail_sl (trigger: interval[0:00:05], next run at: 2026-09-17 17:51:19 +07)" executed successfully
2026-09-17 17:51:16,022 INFO apscheduler.executors.default: Running job "main.<locals>.run_scan (trigger: cron[second='1,6,11,16,21,26,31,36,41,46,51,56'], next run at: 2026-09-17 17:51:21 +07)" (scheduled at 2026-09-17 17:51:16+07:00)
2026-09-17 17:51:16,022 INFO apscheduler.executors.default: Job "main.<locals>.run_scan (trigger: cron[second='1,6,11,16,21,26,31,36,41,46,51,56'], next run at: 2026-09-17 17:51:21 +07)" executed successfully
2026-09-17 17:51:16,804 INFO httpx: HTTP Request: POST https://api.telegram.org/bot8759704311:AAFifFvXYLNPJZYlq-E4p3RVCUNiR0Ny6Ic/getUpdates "HTTP/1.1 200 OK"
2026-09-17 17:51:19,448 INFO apscheduler.executors.default: Running job "main.<locals>.run_lts_aus_fast_scan (trigger: interval[0:00:05], next run at: 2026-09-17 17:51:24 +07)" (scheduled at 2026-09-17 17:51:19.432380+07:00)
2026-09-17 17:51:19,448 INFO apscheduler.executors.default: Job "main.<locals>.run_lts_aus_fast_scan (trigger: interval[0:00:05], next run at: 2026-09-17 17:51:24 +07)" executed successfully
2026-09-17 17:51:19,448 INFO apscheduler.executors.default: Running job "main.<locals>.run_position_check (trigger: interval[0:00:05], next run at: 2026-09-17 17:51:24 +07)" (scheduled at 2026-09-17 17:51:19.433381+07:00)
2026-09-17 17:51:19,452 INFO apscheduler.executors.default: Job "main.<locals>.run_position_check (trigger: interval[0:00:05], next run at: 2026-09-17 17:51:24 +07)" executed successfully
2026-09-17 17:51:19,452 INFO apscheduler.executors.default: Running job "main.<locals>.run_trail_sl (trigger: interval[0:00:05], next run at: 2026-09-17 17:51:24 +07)" (scheduled at 2026-09-17 17:51:19.433381+07:00)
2026-09-17 17:51:19,452 INFO apscheduler.executors.default: Job "main.<locals>.run_trail_sl (trigger: interval[0:00:05], next run at: 2026-09-17 17:51:24 +07)" executed successfully
2026-09-17 17:51:19,452 INFO apscheduler.executors.default: Running job "main.<locals>.save_bot_state_job (trigger: interval[0:00:15], next run at: 2026-09-17 17:51:34 +07)" (scheduled at 2026-09-17 17:51:19.434380+07:00)
2026-09-17 17:51:19,454 INFO apscheduler.executors.default: Job "main.<locals>.save_bot_state_job (trigger: interval[0:00:15], next run at: 2026-09-17 17:51:34 +07)" executed successfully
2026-09-17 17:51:20,450 INFO apscheduler.executors.default: Running job "main.<locals>.write_heartbeat_job (trigger: interval[0:00:15], next run at: 2026-09-17 17:51:35 +07)" (scheduled at 2026-09-17 17:51:20.436472+07:00)
2026-09-17 17:51:20,452 INFO apscheduler.executors.default: Job "main.<locals>.write_heartbeat_job (trigger: interval[0:00:15], next run at: 2026-09-17 17:51:35 +07)" executed successfully
2026-09-17 17:51:21,015 INFO apscheduler.executors.default: Running job "main.<locals>.run_scan (trigger: cron[second='1,6,11,16,21,26,31,36,41,46,51,56'], next run at: 2026-09-17 17:51:26 +07)" (scheduled at 2026-09-17 17:51:21+07:00)
2026-09-17 17:51:21,016 INFO apscheduler.executors.default: Job "main.<locals>.run_scan (trigger: cron[second='1,6,11,16,21,26,31,36,41,46,51,56'], next run at: 2026-09-17 17:51:26 +07)" executed successfully
2026-09-17 17:51:24,442 INFO apscheduler.executors.default: Running job "main.<locals>.run_lts_aus_fast_scan (trigger: interval[0:00:05], next run at: 2026-09-17 17:51:29 +07)" (scheduled at 2026-09-17 17:51:24.432380+07:00)
2026-09-17 17:51:24,443 INFO apscheduler.executors.default: Job "main.<locals>.run_lts_aus_fast_scan (trigger: interval[0:00:05], next run at: 2026-09-17 17:51:29 +07)" executed successfully
2026-09-17 17:51:24,443 INFO apscheduler.executors.default: Running job "main.<locals>.run_position_check (trigger: interval[0:00:05], next run at: 2026-09-17 17:51:29 +07)" (scheduled at 2026-09-17 17:51:24.433381+07:00)
2026-09-17 17:51:24,446 INFO apscheduler.executors.default: Job "main.<locals>.run_position_check (trigger: interval[0:00:05], next run at: 2026-09-17 17:51:29 +07)" executed successfully
2026-09-17 17:51:24,447 INFO apscheduler.executors.default: Running job "main.<locals>.run_trail_sl (trigger: interval[0:00:05], next run at: 2026-09-17 17:51:29 +07)" (scheduled at 2026-09-17 17:51:24.433381+07:00)
2026-09-17 17:51:24,447 INFO apscheduler.executors.default: Job "main.<locals>.run_trail_sl (trigger: interval[0:00:05], next run at: 2026-09-17 17:51:29 +07)" executed successfully
2026-09-17 17:51:26,021 INFO apscheduler.executors.default: Running job "main.<locals>.run_scan (trigger: cron[second='1,6,11,16,21,26,31,36,41,46,51,56'], next run at: 2026-09-17 17:51:31 +07)" (scheduled at 2026-09-17 17:51:26+07:00)
2026-09-17 17:51:26,021 INFO apscheduler.executors.default: Job "main.<locals>.run_scan (trigger: cron[second='1,6,11,16,21,26,31,36,41,46,51,56'], next run at: 2026-09-17 17:51:31 +07)" executed successfully
2026-09-17 17:51:27,008 INFO httpx: HTTP Request: POST https://api.telegram.org/bot8759704311:AAFifFvXYLNPJZYlq-E4p3RVCUNiR0Ny6Ic/getUpdates "HTTP/1.1 200 OK"
2026-09-17 17:51:29,452 INFO apscheduler.executors.default: Running job "main.<locals>.run_lts_aus_fast_scan (trigger: interval[0:00:05], next run at: 2026-09-17 17:51:34 +07)" (scheduled at 2026-09-17 17:51:29.432380+07:00)
2026-09-17 17:51:29,454 INFO apscheduler.executors.default: Job "main.<locals>.run_lts_aus_fast_scan (trigger: interval[0:00:05], next run at: 2026-09-17 17:51:34 +07)" executed successfully
2026-09-17 17:51:29,454 INFO apscheduler.executors.default: Running job "main.<locals>.run_position_check (trigger: interval[0:00:05], next run at: 2026-09-17 17:51:34 +07)" (scheduled at 2026-09-17 17:51:29.433381+07:00)
2026-09-17 17:51:29,456 INFO apscheduler.executors.default: Job "main.<locals>.run_position_check (trigger: interval[0:00:05], next run at: 2026-09-17 17:51:34 +07)" executed successfully
2026-09-17 17:51:29,456 INFO apscheduler.executors.default: Running job "main.<locals>.run_trail_sl (trigger: interval[0:00:05], next run at: 2026-09-17 17:51:34 +07)" (scheduled at 2026-09-17 17:51:29.433381+07:00)
2026-09-17 17:51:29,458 INFO apscheduler.executors.default: Job "main.<locals>.run_trail_sl (trigger: interval[0:00:05], next run at: 2026-09-17 17:51:34 +07)" executed successfully
2026-09-17 17:51:31,006 INFO apscheduler.executors.default: Running job "main.<locals>.run_scan (trigger: cron[second='1,6,11,16,21,26,31,36,41,46,51,56'], next run at: 2026-09-17 17:51:36 +07)" (scheduled at 2026-09-17 17:51:31+07:00)
2026-09-17 17:51:31,008 INFO apscheduler.executors.default: Job "main.<locals>.run_scan (trigger: cron[second='1,6,11,16,21,26,31,36,41,46,51,56'], next run at: 2026-09-17 17:51:36 +07)" executed successfully
2026-09-17 17:51:34,447 INFO apscheduler.executors.default: Running job "main.<locals>.run_lts_aus_fast_scan (trigger: interval[0:00:05], next run at: 2026-09-17 17:51:39 +07)" (scheduled at 2026-09-17 17:51:34.432380+07:00)
2026-09-17 17:51:34,447 INFO apscheduler.executors.default: Job "main.<locals>.run_lts_aus_fast_scan (trigger: interval[0:00:05], next run at: 2026-09-17 17:51:39 +07)" executed successfully
2026-09-17 17:51:34,448 INFO apscheduler.executors.default: Running job "main.<locals>.run_position_check (trigger: interval[0:00:05], next run at: 2026-09-17 17:51:39 +07)" (scheduled at 2026-09-17 17:51:34.433381+07:00)
2026-09-17 17:51:34,451 INFO apscheduler.executors.default: Job "main.<locals>.run_position_check (trigger: interval[0:00:05], next run at: 2026-09-17 17:51:39 +07)" executed successfully
2026-09-17 17:51:34,452 INFO apscheduler.executors.default: Running job "main.<locals>.run_trail_sl (trigger: interval[0:00:05], next run at: 2026-09-17 17:51:39 +07)" (scheduled at 2026-09-17 17:51:34.433381+07:00)
2026-09-17 17:51:34,452 INFO apscheduler.executors.default: Job "main.<locals>.run_trail_sl (trigger: interval[0:00:05], next run at: 2026-09-17 17:51:39 +07)" executed successfully
2026-09-17 17:51:34,452 INFO apscheduler.executors.default: Running job "main.<locals>.save_bot_state_job (trigger: interval[0:00:15], next run at: 2026-09-17 17:51:49 +07)" (scheduled at 2026-09-17 17:51:34.434380+07:00)
2026-09-17 17:51:34,455 INFO apscheduler.executors.default: Job "main.<locals>.save_bot_state_job (trigger: interval[0:00:15], next run at: 2026-09-17 17:51:49 +07)" executed successfully
2026-09-17 17:51:35,451 INFO apscheduler.executors.default: Running job "main.<locals>.write_heartbeat_job (trigger: interval[0:00:15], next run at: 2026-09-17 17:51:50 +07)" (scheduled at 2026-09-17 17:51:35.436472+07:00)
2026-09-17 17:51:35,455 INFO apscheduler.executors.default: Job "main.<locals>.write_heartbeat_job (trigger: interval[0:00:15], next run at: 2026-09-17 17:51:50 +07)" executed successfully
2026-09-17 17:51:36,001 INFO apscheduler.executors.default: Running job "main.<locals>.run_scan (trigger: cron[second='1,6,11,16,21,26,31,36,41,46,51,56'], next run at: 2026-09-17 17:51:41 +07)" (scheduled at 2026-09-17 17:51:36+07:00)
2026-09-17 17:51:36,002 INFO apscheduler.executors.default: Job "main.<locals>.run_scan (trigger: cron[second='1,6,11,16,21,26,31,36,41,46,51,56'], next run at: 2026-09-17 17:51:41 +07)" executed successfully
2026-09-17 17:51:37,208 INFO httpx: HTTP Request: POST https://api.telegram.org/bot8759704311:AAFifFvXYLNPJZYlq-E4p3RVCUNiR0Ny6Ic/getUpdates "HTTP/1.1 200 OK"
2026-09-17 17:51:39,445 INFO apscheduler.executors.default: Running job "main.<locals>.run_lts_aus_fast_scan (trigger: interval[0:00:05], next run at: 2026-09-17 17:51:44 +07)" (scheduled at 2026-09-17 17:51:39.432380+07:00)
2026-09-17 17:51:39,446 INFO apscheduler.executors.default: Job "main.<locals>.run_lts_aus_fast_scan (trigger: interval[0:00:05], next run at: 2026-09-17 17:51:44 +07)" executed successfully
2026-09-17 17:51:39,446 INFO apscheduler.executors.default: Running job "main.<locals>.run_position_check (trigger: interval[0:00:05], next run at: 2026-09-17 17:51:44 +07)" (scheduled at 2026-09-17 17:51:39.433381+07:00)
2026-09-17 17:51:39,449 INFO apscheduler.executors.default: Job "main.<locals>.run_position_check (trigger: interval[0:00:05], next run at: 2026-09-17 17:51:44 +07)" executed successfully
2026-09-17 17:51:39,449 INFO apscheduler.executors.default: Running job "main.<locals>.run_trail_sl (trigger: interval[0:00:05], next run at: 2026-09-17 17:51:44 +07)" (scheduled at 2026-09-17 17:51:39.433381+07:00)
2026-09-17 17:51:39,450 INFO apscheduler.executors.default: Job "main.<locals>.run_trail_sl (trigger: interval[0:00:05], next run at: 2026-09-17 17:51:44 +07)" executed successfully
2026-09-17 17:51:41,014 INFO apscheduler.executors.default: Running job "main.<locals>.run_scan (trigger: cron[second='1,6,11,16,21,26,31,36,41,46,51,56'], next run at: 2026-09-17 17:51:46 +07)" (scheduled at 2026-09-17 17:51:41+07:00)
2026-09-17 17:51:41,015 INFO apscheduler.executors.default: Job "main.<locals>.run_scan (trigger: cron[second='1,6,11,16,21,26,31,36,41,46,51,56'], next run at: 2026-09-17 17:51:46 +07)" executed successfully
2026-09-17 17:51:44,443 INFO apscheduler.executors.default: Running job "main.<locals>.run_lts_aus_fast_scan (trigger: interval[0:00:05], next run at: 2026-09-17 17:51:49 +07)" (scheduled at 2026-09-17 17:51:44.432380+07:00)
2026-09-17 17:51:44,444 INFO apscheduler.executors.default: Job "main.<locals>.run_lts_aus_fast_scan (trigger: interval[0:00:05], next run at: 2026-09-17 17:51:49 +07)" executed successfully
2026-09-17 17:51:44,445 INFO apscheduler.executors.default: Running job "main.<locals>.run_position_check (trigger: interval[0:00:05], next run at: 2026-09-17 17:51:49 +07)" (scheduled at 2026-09-17 17:51:44.433381+07:00)
2026-09-17 17:51:44,446 INFO apscheduler.executors.default: Job "main.<locals>.run_position_check (trigger: interval[0:00:05], next run at: 2026-09-17 17:51:49 +07)" executed successfully
2026-09-17 17:51:44,446 INFO apscheduler.executors.default: Running job "main.<locals>.run_trail_sl (trigger: interval[0:00:05], next run at: 2026-09-17 17:51:49 +07)" (scheduled at 2026-09-17 17:51:44.433381+07:00)
2026-09-17 17:51:44,448 INFO apscheduler.executors.default: Job "main.<locals>.run_trail_sl (trigger: interval[0:00:05], next run at: 2026-09-17 17:51:49 +07)" executed successfully
2026-09-17 17:51:46,020 INFO apscheduler.executors.default: Running job "main.<locals>.run_scan (trigger: cron[second='1,6,11,16,21,26,31,36,41,46,51,56'], next run at: 2026-09-17 17:51:51 +07)" (scheduled at 2026-09-17 17:51:46+07:00)
2026-09-17 17:51:46,020 INFO apscheduler.executors.default: Job "main.<locals>.run_scan (trigger: cron[second='1,6,11,16,21,26,31,36,41,46,51,56'], next run at: 2026-09-17 17:51:51 +07)" executed successfully
2026-09-17 17:51:47,417 INFO httpx: HTTP Request: POST https://api.telegram.org/bot8759704311:AAFifFvXYLNPJZYlq-E4p3RVCUNiR0Ny6Ic/getUpdates "HTTP/1.1 200 OK"
2026-09-17 17:51:49,450 INFO apscheduler.executors.default: Running job "main.<locals>.check_symbol_switch (trigger: interval[0:01:00], next run at: 2026-09-17 17:52:49 +07)" (scheduled at 2026-09-17 17:51:49.430373+07:00)
2026-09-17 17:51:49,456 INFO apscheduler.executors.default: Job "main.<locals>.check_symbol_switch (trigger: interval[0:01:00], next run at: 2026-09-17 17:52:49 +07)" executed successfully
2026-09-17 17:51:49,456 INFO apscheduler.executors.default: Running job "main.<locals>.run_lts_aus_fast_scan (trigger: interval[0:00:05], next run at: 2026-09-17 17:51:54 +07)" (scheduled at 2026-09-17 17:51:49.432380+07:00)
2026-09-17 17:51:49,457 INFO apscheduler.executors.default: Job "main.<locals>.run_lts_aus_fast_scan (trigger: interval[0:00:05], next run at: 2026-09-17 17:51:54 +07)" executed successfully
2026-09-17 17:51:49,457 INFO apscheduler.executors.default: Running job "main.<locals>.run_position_check (trigger: interval[0:00:05], next run at: 2026-09-17 17:51:54 +07)" (scheduled at 2026-09-17 17:51:49.433381+07:00)
2026-09-17 17:51:49,460 INFO apscheduler.executors.default: Job "main.<locals>.run_position_check (trigger: interval[0:00:05], next run at: 2026-09-17 17:51:54 +07)" executed successfully
2026-09-17 17:51:49,460 INFO apscheduler.executors.default: Running job "main.<locals>.run_trail_sl (trigger: interval[0:00:05], next run at: 2026-09-17 17:51:54 +07)" (scheduled at 2026-09-17 17:51:49.433381+07:00)
2026-09-17 17:51:49,460 INFO apscheduler.executors.default: Job "main.<locals>.run_trail_sl (trigger: interval[0:00:05], next run at: 2026-09-17 17:51:54 +07)" executed successfully
2026-09-17 17:51:49,462 INFO apscheduler.executors.default: Running job "main.<locals>.save_bot_state_job (trigger: interval[0:00:15], next run at: 2026-09-17 17:52:04 +07)" (scheduled at 2026-09-17 17:51:49.434380+07:00)
2026-09-17 17:51:49,464 INFO apscheduler.executors.default: Job "main.<locals>.save_bot_state_job (trigger: interval[0:00:15], next run at: 2026-09-17 17:52:04 +07)" executed successfully
2026-09-17 17:51:49,464 INFO apscheduler.executors.default: Running job "main.<locals>.run_watchdog (trigger: interval[0:01:00], next run at: 2026-09-17 17:52:49 +07)" (scheduled at 2026-09-17 17:51:49.435380+07:00)
2026-09-17 17:51:49,468 INFO apscheduler.executors.default: Job "main.<locals>.run_watchdog (trigger: interval[0:01:00], next run at: 2026-09-17 17:52:49 +07)" executed successfully
2026-09-17 17:51:50,446 INFO apscheduler.executors.default: Running job "main.<locals>.write_heartbeat_job (trigger: interval[0:00:15], next run at: 2026-09-17 17:52:05 +07)" (scheduled at 2026-09-17 17:51:50.436472+07:00)
2026-09-17 17:51:50,448 INFO apscheduler.executors.default: Job "main.<locals>.write_heartbeat_job (trigger: interval[0:00:15], next run at: 2026-09-17 17:52:05 +07)" executed successfully
2026-09-17 17:51:51,010 INFO apscheduler.executors.default: Running job "main.<locals>.run_scan (trigger: cron[second='1,6,11,16,21,26,31,36,41,46,51,56'], next run at: 2026-09-17 17:51:56 +07)" (scheduled at 2026-09-17 17:51:51+07:00)
2026-09-17 17:51:51,010 INFO apscheduler.executors.default: Job "main.<locals>.run_scan (trigger: cron[second='1,6,11,16,21,26,31,36,41,46,51,56'], next run at: 2026-09-17 17:51:56 +07)" executed successfully
2026-09-17 17:51:54,444 INFO apscheduler.executors.default: Running job "main.<locals>.run_lts_aus_fast_scan (trigger: interval[0:00:05], next run at: 2026-09-17 17:51:59 +07)" (scheduled at 2026-09-17 17:51:54.432380+07:00)
2026-09-17 17:51:54,444 INFO apscheduler.executors.default: Job "main.<locals>.run_lts_aus_fast_scan (trigger: interval[0:00:05], next run at: 2026-09-17 17:51:59 +07)" executed successfully
2026-09-17 17:51:54,445 INFO apscheduler.executors.default: Running job "main.<locals>.run_position_check (trigger: interval[0:00:05], next run at: 2026-09-17 17:51:59 +07)" (scheduled at 2026-09-17 17:51:54.433381+07:00)
2026-09-17 17:51:54,446 INFO apscheduler.executors.default: Job "main.<locals>.run_position_check (trigger: interval[0:00:05], next run at: 2026-09-17 17:51:59 +07)" executed successfully
2026-09-17 17:51:54,448 INFO apscheduler.executors.default: Running job "main.<locals>.run_trail_sl (trigger: interval[0:00:05], next run at: 2026-09-17 17:51:59 +07)" (scheduled at 2026-09-17 17:51:54.433381+07:00)
2026-09-17 17:51:54,448 INFO apscheduler.executors.default: Job "main.<locals>.run_trail_sl (trigger: interval[0:00:05], next run at: 2026-09-17 17:51:59 +07)" executed successfully
2026-09-17 17:51:56,014 INFO apscheduler.executors.default: Running job "main.<locals>.run_scan (trigger: cron[second='1,6,11,16,21,26,31,36,41,46,51,56'], next run at: 2026-09-17 17:52:01 +07)" (scheduled at 2026-09-17 17:51:56+07:00)
2026-09-17 17:51:56,015 INFO apscheduler.executors.default: Job "main.<locals>.run_scan (trigger: cron[second='1,6,11,16,21,26,31,36,41,46,51,56'], next run at: 2026-09-17 17:52:01 +07)" executed successfully
2026-09-17 17:51:57,622 INFO httpx: HTTP Request: POST https://api.telegram.org/bot8759704311:AAFifFvXYLNPJZYlq-E4p3RVCUNiR0Ny6Ic/getUpdates "HTTP/1.1 200 OK"
2026-09-17 17:51:59,434 INFO apscheduler.executors.default: Running job "main.<locals>.run_lts_aus_fast_scan (trigger: interval[0:00:05], next run at: 2026-09-17 17:52:04 +07)" (scheduled at 2026-09-17 17:51:59.432380+07:00)
2026-09-17 17:51:59,434 INFO apscheduler.executors.default: Job "main.<locals>.run_lts_aus_fast_scan (trigger: interval[0:00:05], next run at: 2026-09-17 17:52:04 +07)" executed successfully
2026-09-17 17:51:59,434 INFO apscheduler.executors.default: Running job "main.<locals>.run_position_check (trigger: interval[0:00:05], next run at: 2026-09-17 17:52:04 +07)" (scheduled at 2026-09-17 17:51:59.433381+07:00)
2026-09-17 17:51:59,439 INFO apscheduler.executors.default: Job "main.<locals>.run_position_check (trigger: interval[0:00:05], next run at: 2026-09-17 17:52:04 +07)" executed successfully
2026-09-17 17:51:59,440 INFO apscheduler.executors.default: Running job "main.<locals>.run_trail_sl (trigger: interval[0:00:05], next run at: 2026-09-17 17:52:04 +07)" (scheduled at 2026-09-17 17:51:59.433381+07:00)
2026-09-17 17:51:59,440 INFO apscheduler.executors.default: Job "main.<locals>.run_trail_sl (trigger: interval[0:00:05], next run at: 2026-09-17 17:52:04 +07)" executed successfully
2026-09-17 17:52:01,012 INFO apscheduler.executors.default: Running job "main.<locals>.run_scan (trigger: cron[second='1,6,11,16,21,26,31,36,41,46,51,56'], next run at: 2026-09-17 17:52:06 +07)" (scheduled at 2026-09-17 17:52:01+07:00)
2026-09-17 17:52:01,013 INFO apscheduler.executors.default: Job "main.<locals>.run_scan (trigger: cron[second='1,6,11,16,21,26,31,36,41,46,51,56'], next run at: 2026-09-17 17:52:06 +07)" executed successfully
2026-09-17 17:52:04,444 INFO apscheduler.executors.default: Running job "main.<locals>.run_lts_aus_fast_scan (trigger: interval[0:00:05], next run at: 2026-09-17 17:52:09 +07)" (scheduled at 2026-09-17 17:52:04.432380+07:00)
2026-09-17 17:52:04,444 INFO apscheduler.executors.default: Job "main.<locals>.run_lts_aus_fast_scan (trigger: interval[0:00:05], next run at: 2026-09-17 17:52:09 +07)" executed successfully
2026-09-17 17:52:04,445 INFO apscheduler.executors.default: Running job "main.<locals>.run_position_check (trigger: interval[0:00:05], next run at: 2026-09-17 17:52:09 +07)" (scheduled at 2026-09-17 17:52:04.433381+07:00)
2026-09-17 17:52:04,448 INFO apscheduler.executors.default: Job "main.<locals>.run_position_check (trigger: interval[0:00:05], next run at: 2026-09-17 17:52:09 +07)" executed successfully
2026-09-17 17:52:04,448 INFO apscheduler.executors.default: Running job "main.<locals>.run_trail_sl (trigger: interval[0:00:05], next run at: 2026-09-17 17:52:09 +07)" (scheduled at 2026-09-17 17:52:04.433381+07:00)
2026-09-17 17:52:04,449 INFO apscheduler.executors.default: Job "main.<locals>.run_trail_sl (trigger: interval[0:00:05], next run at: 2026-09-17 17:52:09 +07)" executed successfully
2026-09-17 17:52:04,449 INFO apscheduler.executors.default: Running job "main.<locals>.save_bot_state_job (trigger: interval[0:00:15], next run at: 2026-09-17 17:52:19 +07)" (scheduled at 2026-09-17 17:52:04.434380+07:00)
2026-09-17 17:52:04,450 INFO apscheduler.executors.default: Job "main.<locals>.save_bot_state_job (trigger: interval[0:00:15], next run at: 2026-09-17 17:52:19 +07)" executed successfully
2026-09-17 17:52:05,455 INFO apscheduler.executors.default: Running job "main.<locals>.write_heartbeat_job (trigger: interval[0:00:15], next run at: 2026-09-17 17:52:20 +07)" (scheduled at 2026-09-17 17:52:05.436472+07:00)
2026-09-17 17:52:05,458 INFO apscheduler.executors.default: Job "main.<locals>.write_heartbeat_job (trigger: interval[0:00:15], next run at: 2026-09-17 17:52:20 +07)" executed successfully
2026-09-17 17:52:06,012 INFO apscheduler.executors.default: Running job "main.<locals>.run_scan (trigger: cron[second='1,6,11,16,21,26,31,36,41,46,51,56'], next run at: 2026-09-17 17:52:11 +07)" (scheduled at 2026-09-17 17:52:06+07:00)
2026-09-17 17:52:06,012 INFO apscheduler.executors.default: Job "main.<locals>.run_scan (trigger: cron[second='1,6,11,16,21,26,31,36,41,46,51,56'], next run at: 2026-09-17 17:52:11 +07)" executed successfully
2026-09-17 17:52:07,835 INFO httpx: HTTP Request: POST https://api.telegram.org/bot8759704311:AAFifFvXYLNPJZYlq-E4p3RVCUNiR0Ny6Ic/getUpdates "HTTP/1.1 200 OK"
2026-09-17 17:52:09,437 INFO apscheduler.executors.default: Running job "main.<locals>.run_lts_aus_fast_scan (trigger: interval[0:00:05], next run at: 2026-09-17 17:52:14 +07)" (scheduled at 2026-09-17 17:52:09.432380+07:00)
2026-09-17 17:52:09,438 INFO apscheduler.executors.default: Job "main.<locals>.run_lts_aus_fast_scan (trigger: interval[0:00:05], next run at: 2026-09-17 17:52:14 +07)" executed successfully
2026-09-17 17:52:09,438 INFO apscheduler.executors.default: Running job "main.<locals>.run_position_check (trigger: interval[0:00:05], next run at: 2026-09-17 17:52:14 +07)" (scheduled at 2026-09-17 17:52:09.433381+07:00)
2026-09-17 17:52:09,442 INFO apscheduler.executors.default: Job "main.<locals>.run_position_check (trigger: interval[0:00:05], next run at: 2026-09-17 17:52:14 +07)" executed successfully
2026-09-17 17:52:09,442 INFO apscheduler.executors.default: Running job "main.<locals>.run_trail_sl (trigger: interval[0:00:05], next run at: 2026-09-17 17:52:14 +07)" (scheduled at 2026-09-17 17:52:09.433381+07:00)
2026-09-17 17:52:09,443 INFO apscheduler.executors.default: Job "main.<locals>.run_trail_sl (trigger: interval[0:00:05], next run at: 2026-09-17 17:52:14 +07)" executed successfully
2026-09-17 17:52:11,009 INFO apscheduler.executors.default: Running job "main.<locals>.run_scan (trigger: cron[second='1,6,11,16,21,26,31,36,41,46,51,56'], next run at: 2026-09-17 17:52:16 +07)" (scheduled at 2026-09-17 17:52:11+07:00)
2026-09-17 17:52:11,010 INFO apscheduler.executors.default: Job "main.<locals>.run_scan (trigger: cron[second='1,6,11,16,21,26,31,36,41,46,51,56'], next run at: 2026-09-17 17:52:16 +07)" executed successfully
2026-09-17 17:52:14,442 INFO apscheduler.executors.default: Running job "main.<locals>.run_lts_aus_fast_scan (trigger: interval[0:00:05], next run at: 2026-09-17 17:52:19 +07)" (scheduled at 2026-09-17 17:52:14.432380+07:00)
2026-09-17 17:52:14,445 INFO apscheduler.executors.default: Job "main.<locals>.run_lts_aus_fast_scan (trigger: interval[0:00:05], next run at: 2026-09-17 17:52:19 +07)" executed successfully
2026-09-17 17:52:14,445 INFO apscheduler.executors.default: Running job "main.<locals>.run_position_check (trigger: interval[0:00:05], next run at: 2026-09-17 17:52:19 +07)" (scheduled at 2026-09-17 17:52:14.433381+07:00)
2026-09-17 17:52:14,448 INFO apscheduler.executors.default: Job "main.<locals>.run_position_check (trigger: interval[0:00:05], next run at: 2026-09-17 17:52:19 +07)" executed successfully
2026-09-17 17:52:14,448 INFO apscheduler.executors.default: Running job "main.<locals>.run_trail_sl (trigger: interval[0:00:05], next run at: 2026-09-17 17:52:19 +07)" (scheduled at 2026-09-17 17:52:14.433381+07:00)
2026-09-17 17:52:14,449 INFO apscheduler.executors.default: Job "main.<locals>.run_trail_sl (trigger: interval[0:00:05], next run at: 2026-09-17 17:52:19 +07)" executed successfully
2026-09-17 17:52:16,012 INFO apscheduler.executors.default: Running job "main.<locals>.run_scan (trigger: cron[second='1,6,11,16,21,26,31,36,41,46,51,56'], next run at: 2026-09-17 17:52:21 +07)" (scheduled at 2026-09-17 17:52:16+07:00)
2026-09-17 17:52:16,012 INFO apscheduler.executors.default: Job "main.<locals>.run_scan (trigger: cron[second='1,6,11,16,21,26,31,36,41,46,51,56'], next run at: 2026-09-17 17:52:21 +07)" executed successfully
2026-09-17 17:52:18,038 INFO httpx: HTTP Request: POST https://api.telegram.org/bot8759704311:AAFifFvXYLNPJZYlq-E4p3RVCUNiR0Ny6Ic/getUpdates "HTTP/1.1 200 OK"
2026-09-17 17:52:19,438 INFO apscheduler.executors.default: Running job "main.<locals>.run_lts_aus_fast_scan (trigger: interval[0:00:05], next run at: 2026-09-17 17:52:24 +07)" (scheduled at 2026-09-17 17:52:19.432380+07:00)
2026-09-17 17:52:19,439 INFO apscheduler.executors.default: Job "main.<locals>.run_lts_aus_fast_scan (trigger: interval[0:00:05], next run at: 2026-09-17 17:52:24 +07)" executed successfully
2026-09-17 17:52:19,439 INFO apscheduler.executors.default: Running job "main.<locals>.run_position_check (trigger: interval[0:00:05], next run at: 2026-09-17 17:52:24 +07)" (scheduled at 2026-09-17 17:52:19.433381+07:00)
2026-09-17 17:52:19,442 INFO apscheduler.executors.default: Job "main.<locals>.run_position_check (trigger: interval[0:00:05], next run at: 2026-09-17 17:52:24 +07)" executed successfully
2026-09-17 17:52:19,443 INFO apscheduler.executors.default: Running job "main.<locals>.run_trail_sl (trigger: interval[0:00:05], next run at: 2026-09-17 17:52:24 +07)" (scheduled at 2026-09-17 17:52:19.433381+07:00)
2026-09-17 17:52:19,443 INFO apscheduler.executors.default: Job "main.<locals>.run_trail_sl (trigger: interval[0:00:05], next run at: 2026-09-17 17:52:24 +07)" executed successfully
2026-09-17 17:52:19,443 INFO apscheduler.executors.default: Running job "main.<locals>.save_bot_state_job (trigger: interval[0:00:15], next run at: 2026-09-17 17:52:34 +07)" (scheduled at 2026-09-17 17:52:19.434380+07:00)
2026-09-17 17:52:19,445 INFO apscheduler.executors.default: Job "main.<locals>.save_bot_state_job (trigger: interval[0:00:15], next run at: 2026-09-17 17:52:34 +07)" executed successfully
2026-09-17 17:52:20,445 INFO apscheduler.executors.default: Running job "main.<locals>.write_heartbeat_job (trigger: interval[0:00:15], next run at: 2026-09-17 17:52:35 +07)" (scheduled at 2026-09-17 17:52:20.436472+07:00)
2026-09-17 17:52:20,448 INFO apscheduler.executors.default: Job "main.<locals>.write_heartbeat_job (trigger: interval[0:00:15], next run at: 2026-09-17 17:52:35 +07)" executed successfully
2026-09-17 17:52:21,005 INFO apscheduler.executors.default: Running job "main.<locals>.run_scan (trigger: cron[second='1,6,11,16,21,26,31,36,41,46,51,56'], next run at: 2026-09-17 17:52:26 +07)" (scheduled at 2026-09-17 17:52:21+07:00)
2026-09-17 17:52:21,006 INFO apscheduler.executors.default: Job "main.<locals>.run_scan (trigger: cron[second='1,6,11,16,21,26,31,36,41,46,51,56'], next run at: 2026-09-17 17:52:26 +07)" executed successfully
2026-09-17 17:52:24,441 INFO apscheduler.executors.default: Running job "main.<locals>.run_lts_aus_fast_scan (trigger: interval[0:00:05], next run at: 2026-09-17 17:52:29 +07)" (scheduled at 2026-09-17 17:52:24.432380+07:00)
2026-09-17 17:52:24,442 INFO apscheduler.executors.default: Job "main.<locals>.run_lts_aus_fast_scan (trigger: interval[0:00:05], next run at: 2026-09-17 17:52:29 +07)" executed successfully
2026-09-17 17:52:24,442 INFO apscheduler.executors.default: Running job "main.<locals>.run_position_check (trigger: interval[0:00:05], next run at: 2026-09-17 17:52:29 +07)" (scheduled at 2026-09-17 17:52:24.433381+07:00)
2026-09-17 17:52:24,446 INFO apscheduler.executors.default: Job "main.<locals>.run_position_check (trigger: interval[0:00:05], next run at: 2026-09-17 17:52:29 +07)" executed successfully
2026-09-17 17:52:24,446 INFO apscheduler.executors.default: Running job "main.<locals>.run_trail_sl (trigger: interval[0:00:05], next run at: 2026-09-17 17:52:29 +07)" (scheduled at 2026-09-17 17:52:24.433381+07:00)
2026-09-17 17:52:24,446 INFO apscheduler.executors.default: Job "main.<locals>.run_trail_sl (trigger: interval[0:00:05], next run at: 2026-09-17 17:52:29 +07)" executed successfully
2026-09-17 17:52:26,016 INFO apscheduler.executors.default: Running job "main.<locals>.run_scan (trigger: cron[second='1,6,11,16,21,26,31,36,41,46,51,56'], next run at: 2026-09-17 17:52:31 +07)" (scheduled at 2026-09-17 17:52:26+07:00)
2026-09-17 17:52:26,017 INFO apscheduler.executors.default: Job "main.<locals>.run_scan (trigger: cron[second='1,6,11,16,21,26,31,36,41,46,51,56'], next run at: 2026-09-17 17:52:31 +07)" executed successfully
2026-09-17 17:52:28,237 INFO httpx: HTTP Request: POST https://api.telegram.org/bot8759704311:AAFifFvXYLNPJZYlq-E4p3RVCUNiR0Ny6Ic/getUpdates "HTTP/1.1 200 OK"
2026-09-17 17:52:29,441 INFO apscheduler.executors.default: Running job "main.<locals>.run_lts_aus_fast_scan (trigger: interval[0:00:05], next run at: 2026-09-17 17:52:34 +07)" (scheduled at 2026-09-17 17:52:29.432380+07:00)
2026-09-17 17:52:29,443 INFO apscheduler.executors.default: Job "main.<locals>.run_lts_aus_fast_scan (trigger: interval[0:00:05], next run at: 2026-09-17 17:52:34 +07)" executed successfully
2026-09-17 17:52:29,444 INFO apscheduler.executors.default: Running job "main.<locals>.run_position_check (trigger: interval[0:00:05], next run at: 2026-09-17 17:52:34 +07)" (scheduled at 2026-09-17 17:52:29.433381+07:00)
2026-09-17 17:52:29,446 INFO apscheduler.executors.default: Job "main.<locals>.run_position_check (trigger: interval[0:00:05], next run at: 2026-09-17 17:52:34 +07)" executed successfully
2026-09-17 17:52:29,446 INFO apscheduler.executors.default: Running job "main.<locals>.run_trail_sl (trigger: interval[0:00:05], next run at: 2026-09-17 17:52:34 +07)" (scheduled at 2026-09-17 17:52:29.433381+07:00)
2026-09-17 17:52:29,448 INFO apscheduler.executors.default: Job "main.<locals>.run_trail_sl (trigger: interval[0:00:05], next run at: 2026-09-17 17:52:34 +07)" executed successfully
2026-09-17 17:52:31,009 INFO apscheduler.executors.default: Running job "main.<locals>.run_scan (trigger: cron[second='1,6,11,16,21,26,31,36,41,46,51,56'], next run at: 2026-09-17 17:52:36 +07)" (scheduled at 2026-09-17 17:52:31+07:00)
2026-09-17 17:52:31,011 INFO apscheduler.executors.default: Job "main.<locals>.run_scan (trigger: cron[second='1,6,11,16,21,26,31,36,41,46,51,56'], next run at: 2026-09-17 17:52:36 +07)" executed successfully
2026-09-17 17:52:34,448 INFO apscheduler.executors.default: Running job "main.<locals>.run_lts_aus_fast_scan (trigger: interval[0:00:05], next run at: 2026-09-17 17:52:39 +07)" (scheduled at 2026-09-17 17:52:34.432380+07:00)
2026-09-17 17:52:34,448 INFO apscheduler.executors.default: Job "main.<locals>.run_lts_aus_fast_scan (trigger: interval[0:00:05], next run at: 2026-09-17 17:52:39 +07)" executed successfully
2026-09-17 17:52:34,448 INFO apscheduler.executors.default: Running job "main.<locals>.run_position_check (trigger: interval[0:00:05], next run at: 2026-09-17 17:52:39 +07)" (scheduled at 2026-09-17 17:52:34.433381+07:00)
2026-09-17 17:52:34,452 INFO apscheduler.executors.default: Job "main.<locals>.run_position_check (trigger: interval[0:00:05], next run at: 2026-09-17 17:52:39 +07)" executed successfully
2026-09-17 17:52:34,452 INFO apscheduler.executors.default: Running job "main.<locals>.run_trail_sl (trigger: interval[0:00:05], next run at: 2026-09-17 17:52:39 +07)" (scheduled at 2026-09-17 17:52:34.433381+07:00)
2026-09-17 17:52:34,452 INFO apscheduler.executors.default: Job "main.<locals>.run_trail_sl (trigger: interval[0:00:05], next run at: 2026-09-17 17:52:39 +07)" executed successfully
2026-09-17 17:52:34,452 INFO apscheduler.executors.default: Running job "main.<locals>.save_bot_state_job (trigger: interval[0:00:15], next run at: 2026-09-17 17:52:49 +07)" (scheduled at 2026-09-17 17:52:34.434380+07:00)
2026-09-17 17:52:34,454 INFO apscheduler.executors.default: Job "main.<locals>.save_bot_state_job (trigger: interval[0:00:15], next run at: 2026-09-17 17:52:49 +07)" executed successfully
2026-09-17 17:52:35,446 INFO apscheduler.executors.default: Running job "main.<locals>.write_heartbeat_job (trigger: interval[0:00:15], next run at: 2026-09-17 17:52:50 +07)" (scheduled at 2026-09-17 17:52:35.436472+07:00)
2026-09-17 17:52:35,448 INFO apscheduler.executors.default: Job "main.<locals>.write_heartbeat_job (trigger: interval[0:00:15], next run at: 2026-09-17 17:52:50 +07)" executed successfully
2026-09-17 17:52:36,006 INFO apscheduler.executors.default: Running job "main.<locals>.run_scan (trigger: cron[second='1,6,11,16,21,26,31,36,41,46,51,56'], next run at: 2026-09-17 17:52:41 +07)" (scheduled at 2026-09-17 17:52:36+07:00)
2026-09-17 17:52:36,006 INFO apscheduler.executors.default: Job "main.<locals>.run_scan (trigger: cron[second='1,6,11,16,21,26,31,36,41,46,51,56'], next run at: 2026-09-17 17:52:41 +07)" executed successfully
2026-09-17 17:52:38,436 INFO httpx: HTTP Request: POST https://api.telegram.org/bot8759704311:AAFifFvXYLNPJZYlq-E4p3RVCUNiR0Ny6Ic/getUpdates "HTTP/1.1 200 OK"
2026-09-17 17:52:39,446 INFO apscheduler.executors.default: Running job "main.<locals>.run_lts_aus_fast_scan (trigger: interval[0:00:05], next run at: 2026-09-17 17:52:44 +07)" (scheduled at 2026-09-17 17:52:39.432380+07:00)
2026-09-17 17:52:39,446 INFO apscheduler.executors.default: Job "main.<locals>.run_lts_aus_fast_scan (trigger: interval[0:00:05], next run at: 2026-09-17 17:52:44 +07)" executed successfully
2026-09-17 17:52:39,446 INFO apscheduler.executors.default: Running job "main.<locals>.run_position_check (trigger: interval[0:00:05], next run at: 2026-09-17 17:52:44 +07)" (scheduled at 2026-09-17 17:52:39.433381+07:00)
2026-09-17 17:52:39,449 INFO apscheduler.executors.default: Job "main.<locals>.run_position_check (trigger: interval[0:00:05], next run at: 2026-09-17 17:52:44 +07)" executed successfully
2026-09-17 17:52:39,449 INFO apscheduler.executors.default: Running job "main.<locals>.run_trail_sl (trigger: interval[0:00:05], next run at: 2026-09-17 17:52:44 +07)" (scheduled at 2026-09-17 17:52:39.433381+07:00)
2026-09-17 17:52:39,450 INFO apscheduler.executors.default: Job "main.<locals>.run_trail_sl (trigger: interval[0:00:05], next run at: 2026-09-17 17:52:44 +07)" executed successfully
2026-09-17 17:52:41,016 INFO apscheduler.executors.default: Running job "main.<locals>.run_scan (trigger: cron[second='1,6,11,16,21,26,31,36,41,46,51,56'], next run at: 2026-09-17 17:52:46 +07)" (scheduled at 2026-09-17 17:52:41+07:00)
2026-09-17 17:52:41,016 INFO apscheduler.executors.default: Job "main.<locals>.run_scan (trigger: cron[second='1,6,11,16,21,26,31,36,41,46,51,56'], next run at: 2026-09-17 17:52:46 +07)" executed successfully
