entry_time,exit_time,direction,entry,sl,tp,exit_price,outcome,profit,pattern,reason
2025-09-02 18:10:00,2025-09-02 18:50:00,SELL,3483.63,3487.28,3472.67,3486.87,FLIP,-3.44,S433 AI Gold Star 123 (Coppock),
2025-09-02 18:50:00,2025-09-02 19:15:00,BUY,3486.87,3483.48,3497.05,3484.99,FLIP,-2.08,S433 AI Gold Star 123 (Coppock),
2025-09-02 19:15:00,2025-09-02 20:40:00,SELL,3484.99,3489.71,3470.84,3489.71,SL,-4.92,S433 AI Gold Star 123 (Coppock),
2025-09-02 22:10:00,2025-09-02 22:55:00,SELL,3511.73,3519.49,3488.46,3519.49,SL,-7.96,S433 AI Gold Star 123 (Coppock),
2025-09-02 23:05:00,2025-09-02 23:15:00,BUY,3523.37,3518.21,3538.86,3522.75,FLIP,-0.82,S433 AI Gold Star 123 (Coppock),
2025-09-02 23:15:00,2025-09-02 23:20:00,SELL,3522.75,3528.06,3506.83,3523.89,FLIP,-1.34,S433 AI Gold Star 123 (Coppock),
2025-09-02 23:20:00,2025-09-02 23:40:00,BUY,3523.89,3518.73,3539.36,3526.23,FLIP,2.14,S433 AI Gold Star 123 (Coppock),
2025-09-02 23:40:00,2025-09-02 23:45:00,SELL,3526.23,3531.44,3510.59,3526.36,FLIP,-0.33,S433 AI Gold Star 123 (Coppock),
2025-09-02 23:45:00,2025-09-02 23:50:00,BUY,3526.36,3521.28,3541.6,3528.24,FLIP,1.68,S433 AI Gold Star 123 (Coppock),
2025-09-02 23:50:00,2025-09-03 00:55:00,SELL,3528.24,3533.21,3513.32,3529.33,FLIP,-1.29,S433 AI Gold Star 123 (Coppock),
2025-09-03 00:55:00,2025-09-03 01:40:00,BUY,3529.33,3525.59,3540.54,3529.22,FLIP,-0.31,S433 AI Gold Star 123 (Coppock),
2025-09-03 01:40:00,2025-09-03 02:00:00,SELL,3529.22,3531.88,3521.23,3531.74,FLIP,-2.72,S433 AI Gold Star 123 (Coppock),
2025-09-03 02:00:00,2025-09-03 02:50:00,BUY,3531.74,3528.65,3541.01,3533.72,FLIP,1.78,S433 AI Gold Star 123 (Coppock),
2025-09-03 02:50:00,2025-09-03 03:00:00,SELL,3533.72,3537.46,3522.51,3537.46,SL,-3.94,S433 AI Gold Star 123 (Coppock),
2025-09-03 06:05:00,2025-09-03 06:10:00,BUY,3529.82,3527.79,3535.91,3528.71,FLIP,-1.31,S433 AI Gold Star 123 (Coppock),
2025-09-03 06:10:00,2025-09-03 06:15:00,SELL,3528.71,3530.78,3522.49,3529.94,FLIP,-1.43,S433 AI Gold Star 123 (Coppock),
2025-09-03 06:15:00,2025-09-03 06:25:00,BUY,3529.94,3527.93,3535.98,3527.93,SL,-2.21,S433 AI Gold Star 123 (Coppock),
2025-09-03 07:55:00,2025-09-03 09:00:00,SELL,3536.06,3542.71,3516.12,3541.88,FLIP,-6.02,S433 AI Gold Star 123 (Coppock),
2025-09-03 09:00:00,2025-09-03 09:35:00,BUY,3541.88,3536.13,3559.14,3537.71,FLIP,-4.37,S433 AI Gold Star 123 (Coppock),
2025-09-03 09:35:00,2025-09-03 10:40:00,SELL,3537.71,3542.34,3523.83,3530.43,FLIP,7.08,S433 AI Gold Star 123 (Coppock),
2025-09-03 10:40:00,2025-09-03 16:10:00,BUY,3530.43,3526.4,3542.52,3540.09,FLIP,9.46,S433 AI Gold Star 123 (Coppock),
2025-09-03 16:10:00,2025-09-03 18:10:00,SELL,3540.09,3543.95,3528.5,3543.95,SL,-4.06,S433 AI Gold Star 123 (Coppock),
2025-09-03 18:45:00,2025-09-03 19:55:00,SELL,3547.35,3551.49,3534.92,3550.58,FLIP,-3.43,S433 AI Gold Star 123 (Coppock),
2025-09-03 19:55:00,2025-09-03 20:35:00,BUY,3550.58,3545.38,3566.19,3553.46,FLIP,2.68,S433 AI Gold Star 123 (Coppock),
2025-09-03 20:35:00,2025-09-03 21:15:00,SELL,3553.46,3559.98,3533.89,3559.98,SL,-6.72,S433 AI Gold Star 123 (Coppock),
2025-09-03 21:20:00,2025-09-03 21:50:00,BUY,3564.8,3557.03,3588.1,3554.73,FLIP,-10.27,S433 AI Gold Star 123 (Coppock),
2025-09-03 21:50:00,2025-09-03 22:00:00,SELL,3554.73,3561.79,3533.56,3559.26,FLIP,-4.73,S433 AI Gold Star 123 (Coppock),
2025-09-03 22:00:00,2025-09-03 22:15:00,BUY,3559.26,3552.37,3579.94,3563.6,FLIP,4.14,S433 AI Gold Star 123 (Coppock),
2025-09-03 22:15:00,2025-09-03 22:20:00,SELL,3563.6,3569.9,3544.71,3564.28,FLIP,-0.88,S433 AI Gold Star 123 (Coppock),
2025-09-03 22:20:00,2025-09-03 22:25:00,BUY,3564.28,3558.08,3582.89,3564.62,FLIP,0.14,S433 AI Gold Star 123 (Coppock),
2025-09-03 22:25:00,2025-09-03 22:45:00,SELL,3564.62,3570.2,3547.88,3563.29,FLIP,1.13,S433 AI Gold Star 123 (Coppock),
2025-09-03 22:45:00,2025-09-03 22:50:00,BUY,3563.29,3558.41,3577.93,3564.3,FLIP,0.81,S433 AI Gold Star 123 (Coppock),
2025-09-03 22:50:00,2025-09-03 23:00:00,SELL,3564.3,3569.11,3549.86,3563.59,FLIP,0.51,S433 AI Gold Star 123 (Coppock),
2025-09-03 23:00:00,2025-09-03 23:05:00,BUY,3563.59,3559.55,3575.71,3564.33,FLIP,0.54,S433 AI Gold Star 123 (Coppock),
2025-09-03 23:05:00,2025-09-03 23:10:00,SELL,3564.33,3568.1,3553.02,3565.46,FLIP,-1.33,S433 AI Gold Star 123 (Coppock),
2025-09-03 23:10:00,2025-09-03 23:15:00,BUY,3565.46,3561.79,3576.47,3565.07,FLIP,-0.59,S433 AI Gold Star 123 (Coppock),
2025-09-03 23:15:00,2025-09-03 23:30:00,SELL,3565.07,3568.6,3554.47,3567.38,FLIP,-2.51,S433 AI Gold Star 123 (Coppock),
2025-09-03 23:30:00,2025-09-03 23:35:00,BUY,3567.38,3564.15,3577.08,3567.77,FLIP,0.19,S433 AI Gold Star 123 (Coppock),
2025-09-03 23:35:00,2025-09-03 23:40:00,SELL,3567.77,3570.95,3558.23,3569.07,FLIP,-1.5,S433 AI Gold Star 123 (Coppock),
2025-09-03 23:40:00,2025-09-04 00:20:00,BUY,3569.07,3566.01,3578.26,3571.11,FLIP,1.84,S433 AI Gold Star 123 (Coppock),
2025-09-04 00:20:00,2025-09-04 00:30:00,SELL,3571.11,3573.6,3563.65,3573.71,FLIP,-2.8,S433 AI Gold Star 123 (Coppock),
2025-09-04 00:30:00,2025-09-04 00:35:00,BUY,3573.71,3571.03,3581.75,3573.68,FLIP,-0.23,S433 AI Gold Star 123 (Coppock),
2025-09-04 00:35:00,2025-09-04 00:45:00,SELL,3573.68,3576.32,3565.75,3575.26,FLIP,-1.78,S433 AI Gold Star 123 (Coppock),
2025-09-04 00:45:00,2025-09-04 00:50:00,BUY,3575.26,3572.62,3583.17,3575.49,FLIP,0.03,S433 AI Gold Star 123 (Coppock),
2025-09-04 00:50:00,2025-09-04 01:10:00,SELL,3575.49,3578.07,3567.74,3578.32,FLIP,-3.03,S433 AI Gold Star 123 (Coppock),
2025-09-04 01:10:00,2025-09-04 01:20:00,BUY,3578.32,3575.72,3586.11,3576.68,FLIP,-1.84,S433 AI Gold Star 123 (Coppock),
2025-09-04 01:20:00,2025-09-04 01:30:00,SELL,3576.68,3579.09,3569.43,3569.43,TP,7.04,S433 AI Gold Star 123 (Coppock),
2025-09-04 02:40:00,2025-09-04 03:00:00,BUY,3563.51,3558.75,3577.78,3562.4,FLIP,-1.31,S433 AI Gold Star 123 (Coppock),
2025-09-04 03:00:00,2025-09-04 03:05:00,SELL,3562.4,3566.56,3549.91,3563.49,FLIP,-1.29,S433 AI Gold Star 123 (Coppock),
2025-09-04 03:05:00,2025-09-04 03:50:00,BUY,3563.49,3559.36,3575.89,3560.6,FLIP,-3.09,S433 AI Gold Star 123 (Coppock),
2025-09-04 03:50:00,2025-09-04 05:25:00,SELL,3560.6,3563.48,3551.96,3563.55,FLIP,-3.15,S433 AI Gold Star 123 (Coppock),
2025-09-04 05:25:00,2025-09-04 06:00:00,BUY,3563.55,3560.99,3571.22,3560.99,SL,-2.76,S433 AI Gold Star 123 (Coppock),
2025-09-04 06:05:00,2025-09-04 06:50:00,SELL,3558.69,3561.24,3551.03,3558.67,FLIP,-0.18,S433 AI Gold Star 123 (Coppock),
2025-09-04 06:50:00,2025-09-04 07:05:00,BUY,3558.67,3554.8,3570.29,3554.67,FLIP,-4.2,S433 AI Gold Star 123 (Coppock),
2025-09-04 07:05:00,2025-09-04 07:10:00,SELL,3554.67,3559.37,3540.58,3556.74,FLIP,-2.27,S433 AI Gold Star 123 (Coppock),
2025-09-04 07:10:00,2025-09-04 08:15:00,BUY,3556.74,3551.86,3571.37,3556.1,FLIP,-0.84,S433 AI Gold Star 123 (Coppock),
2025-09-04 08:15:00,2025-09-04 09:05:00,SELL,3556.1,3560.57,3542.7,3542.7,TP,13.2,S433 AI Gold Star 123 (Coppock),
2025-09-04 09:20:00,2025-09-04 09:40:00,BUY,3545.17,3539.06,3563.51,3539.06,SL,-6.31,S433 AI Gold Star 123 (Coppock),
2025-09-04 09:45:00,2025-09-04 10:10:00,SELL,3531.03,3537.25,3512.38,3512.38,TP,18.45,S433 AI Gold Star 123 (Coppock),
2025-09-04 10:20:00,2025-09-04 11:35:00,BUY,3529.2,3519.97,3556.87,3530.96,FLIP,1.56,S433 AI Gold Star 123 (Coppock),
2025-09-04 11:35:00,2025-09-04 12:30:00,SELL,3530.96,3534.84,3519.32,3531.49,FLIP,-0.73,S433 AI Gold Star 123 (Coppock),
2025-09-04 12:30:00,2025-09-04 12:45:00,BUY,3531.49,3528.65,3539.99,3529.71,FLIP,-1.98,S433 AI Gold Star 123 (Coppock),
2025-09-04 12:45:00,2025-09-04 13:10:00,SELL,3529.71,3533.17,3519.34,3532.01,FLIP,-2.5,S433 AI Gold Star 123 (Coppock),
2025-09-04 13:10:00,2025-09-04 14:00:00,BUY,3532.01,3527.58,3545.3,3535.1,FLIP,2.89,S433 AI Gold Star 123 (Coppock),
2025-09-04 14:00:00,2025-09-04 14:05:00,SELL,3535.1,3540.42,3519.15,3536.48,FLIP,-1.58,S433 AI Gold Star 123 (Coppock),
2025-09-04 14:05:00,2025-09-04 14:15:00,BUY,3536.48,3531.02,3552.87,3536.74,FLIP,0.06,S433 AI Gold Star 123 (Coppock),
2025-09-04 14:15:00,2025-09-04 14:55:00,SELL,3536.74,3542.15,3520.5,3541.06,FLIP,-4.52,S433 AI Gold Star 123 (Coppock),
2025-09-04 14:55:00,2025-09-04 15:20:00,BUY,3541.06,3537.18,3552.69,3539.98,FLIP,-1.28,S433 AI Gold Star 123 (Coppock),
2025-09-04 15:20:00,2025-09-04 15:25:00,SELL,3539.98,3543.49,3529.46,3543.45,FLIP,-3.67,S433 AI Gold Star 123 (Coppock),
2025-09-04 15:25:00,2025-09-04 15:30:00,BUY,3543.45,3539.84,3554.28,3541.35,FLIP,-2.3,S433 AI Gold Star 123 (Coppock),
2025-09-04 15:30:00,2025-09-04 17:05:00,SELL,3541.35,3545.2,3529.79,3545.2,SL,-4.05,S433 AI Gold Star 123 (Coppock),
2025-09-04 19:25:00,2025-09-04 20:20:00,SELL,3545.73,3550.35,3531.86,3550.35,SL,-4.82,S433 AI Gold Star 123 (Coppock),
2025-09-05 01:20:00,2025-09-05 05:10:00,BUY,3544.43,3541.43,3553.42,3541.43,SL,-3.2,S433 AI Gold Star 123 (Coppock),
2025-09-05 05:35:00,2025-09-05 05:40:00,BUY,3542.84,3540.24,3550.65,3540.55,FLIP,-2.49,S433 AI Gold Star 123 (Coppock),
2025-09-05 05:40:00,2025-09-05 05:45:00,SELL,3540.55,3543.27,3532.4,3540.53,FLIP,-0.18,S433 AI Gold Star 123 (Coppock),
2025-09-05 05:45:00,2025-09-05 06:35:00,BUY,3540.53,3537.83,3548.64,3548.64,TP,7.91,S433 AI Gold Star 123 (Coppock),
2025-09-05 07:10:00,2025-09-05 07:15:00,SELL,3551.01,3555.38,3537.91,3551.0,FLIP,-0.19,S433 AI Gold Star 123 (Coppock),
2025-09-05 07:15:00,2025-09-05 07:25:00,BUY,3551.0,3546.55,3564.36,3551.5,FLIP,0.3,S433 AI Gold Star 123 (Coppock),
2025-09-05 07:25:00,2025-09-05 08:05:00,SELL,3551.5,3556.14,3537.59,3556.14,SL,-4.84,S433 AI Gold Star 123 (Coppock),
2025-09-05 08:20:00,2025-09-05 08:40:00,BUY,3554.73,3550.81,3566.48,3553.2,FLIP,-1.73,S433 AI Gold Star 123 (Coppock),
2025-09-05 08:40:00,2025-09-05 09:05:00,SELL,3553.2,3556.84,3542.29,3553.54,FLIP,-0.54,S433 AI Gold Star 123 (Coppock),
2025-09-05 09:05:00,2025-09-05 09:10:00,BUY,3553.54,3549.92,3564.4,3551.54,FLIP,-2.2,S433 AI Gold Star 123 (Coppock),
2025-09-05 09:10:00,2025-09-05 09:45:00,SELL,3551.54,3555.07,3540.94,3549.77,FLIP,1.57,S433 AI Gold Star 123 (Coppock),
2025-09-05 09:45:00,2025-09-05 11:00:00,BUY,3549.77,3545.98,3561.14,3556.71,FLIP,6.74,S433 AI Gold Star 123 (Coppock),
2025-09-05 11:00:00,2025-09-05 12:00:00,SELL,3556.71,3559.77,3547.53,3559.77,SL,-3.26,S433 AI Gold Star 123 (Coppock),
2025-09-05 13:35:00,2025-09-05 13:40:00,BUY,3552.89,3548.97,3564.66,3552.66,FLIP,-0.43,S433 AI Gold Star 123 (Coppock),
2025-09-05 13:40:00,2025-09-05 13:50:00,SELL,3552.66,3556.44,3541.33,3552.48,FLIP,-0.02,S433 AI Gold Star 123 (Coppock),
2025-09-05 13:50:00,2025-09-05 14:15:00,BUY,3552.48,3548.98,3562.99,3548.98,SL,-3.7,S433 AI Gold Star 123 (Coppock),
2025-09-05 14:35:00,2025-09-05 14:40:00,SELL,3547.84,3551.18,3537.81,3549.81,FLIP,-2.17,S433 AI Gold Star 123 (Coppock),
2025-09-05 14:40:00,2025-09-05 14:45:00,BUY,3549.81,3546.46,3559.85,3549.09,FLIP,-0.92,S433 AI Gold Star 123 (Coppock),
2025-09-05 14:45:00,2025-09-05 15:20:00,SELL,3549.09,3552.5,3538.87,3547.86,FLIP,1.03,S433 AI Gold Star 123 (Coppock),
2025-09-05 15:20:00,2025-09-05 15:50:00,BUY,3547.86,3544.49,3557.96,3545.85,FLIP,-2.21,S433 AI Gold Star 123 (Coppock),
2025-09-05 15:50:00,2025-09-05 16:00:00,SELL,3545.85,3548.9,3536.7,3549.02,FLIP,-3.37,S433 AI Gold Star 123 (Coppock),
2025-09-05 16:00:00,2025-09-05 17:10:00,BUY,3549.02,3545.76,3558.8,3550.63,FLIP,1.41,S433 AI Gold Star 123 (Coppock),
2025-09-05 17:10:00,2025-09-05 18:00:00,SELL,3550.63,3553.23,3542.83,3553.23,SL,-2.8,S433 AI Gold Star 123 (Coppock),
2025-09-05 18:15:00,2025-09-05 19:00:00,SELL,3551.26,3553.93,3543.24,3553.93,SL,-2.87,S433 AI Gold Star 123 (Coppock),
2025-09-05 20:20:00,2025-09-05 20:50:00,SELL,3581.86,3594.5,3543.93,3594.5,SL,-12.84,S433 AI Gold Star 123 (Coppock),
2025-09-05 21:00:00,2025-09-05 21:05:00,BUY,3597.02,3587.99,3624.12,3593.23,FLIP,-3.99,S433 AI Gold Star 123 (Coppock),
2025-09-05 21:05:00,2025-09-08 05:05:00,SELL,3593.23,3602.36,3565.84,3594.48,FLIP,-1.45,S433 AI Gold Star 123 (Coppock),
2025-09-08 05:05:00,2025-09-08 05:10:00,BUY,3594.48,3590.34,3606.91,3590.34,SL,-4.34,S433 AI Gold Star 123 (Coppock),
2025-09-08 11:20:00,2025-09-08 12:55:00,BUY,3582.61,3579.63,3591.55,3591.55,TP,8.74,S433 AI Gold Star 123 (Coppock),
2025-09-08 13:30:00,2025-09-08 13:35:00,SELL,3593.76,3597.61,3582.22,3595.09,FLIP,-1.53,S433 AI Gold Star 123 (Coppock),
2025-09-08 13:35:00,2025-09-08 13:45:00,BUY,3595.09,3591.15,3606.91,3596.53,FLIP,1.24,S433 AI Gold Star 123 (Coppock),
2025-09-08 13:45:00,2025-09-08 14:00:00,SELL,3596.53,3600.46,3584.74,3600.17,FLIP,-3.84,S433 AI Gold Star 123 (Coppock),
2025-09-08 14:00:00,2025-09-08 14:05:00,BUY,3600.17,3596.12,3612.31,3600.34,FLIP,-0.03,S433 AI Gold Star 123 (Coppock),
2025-09-08 14:05:00,2025-09-08 14:10:00,SELL,3600.34,3604.5,3587.85,3604.62,FLIP,-4.48,S433 AI Gold Star 123 (Coppock),
2025-09-08 14:10:00,2025-09-08 14:45:00,BUY,3604.62,3600.2,3617.87,3608.1,FLIP,3.28,S433 AI Gold Star 123 (Coppock),
2025-09-08 14:45:00,2025-09-08 15:20:00,SELL,3608.1,3613.11,3593.06,3613.11,SL,-5.21,S433 AI Gold Star 123 (Coppock),
2025-09-08 16:20:00,2025-09-08 16:25:00,BUY,3613.4,3609.09,3626.32,3611.33,FLIP,-2.27,S433 AI Gold Star 123 (Coppock),
2025-09-08 16:25:00,2025-09-08 16:40:00,SELL,3611.33,3615.35,3599.27,3614.43,FLIP,-3.3,S433 AI Gold Star 123 (Coppock),
2025-09-08 16:40:00,2025-09-08 17:40:00,BUY,3614.43,3611.12,3624.37,3617.66,FLIP,3.03,S433 AI Gold Star 123 (Coppock),
2025-09-08 17:40:00,2025-09-08 18:45:00,SELL,3617.66,3621.35,3606.59,3615.49,FLIP,1.97,S433 AI Gold Star 123 (Coppock),
2025-09-08 18:45:00,2025-09-08 19:15:00,BUY,3615.49,3612.1,3625.65,3616.18,FLIP,0.49,S433 AI Gold Star 123 (Coppock),
2025-09-08 19:15:00,2025-09-08 19:25:00,SELL,3616.18,3619.95,3604.87,3617.94,FLIP,-1.96,S433 AI Gold Star 123 (Coppock),
2025-09-08 19:25:00,2025-09-08 20:10:00,BUY,3617.94,3613.71,3630.62,3630.62,TP,12.48,S433 AI Gold Star 123 (Coppock),
2025-09-08 20:25:00,2025-09-08 20:30:00,SELL,3624.21,3629.39,3608.67,3625.61,FLIP,-1.6,S433 AI Gold Star 123 (Coppock),
2025-09-08 20:30:00,2025-09-08 20:35:00,BUY,3625.61,3620.1,3642.13,3624.24,FLIP,-1.57,S433 AI Gold Star 123 (Coppock),
2025-09-08 20:35:00,2025-09-08 20:40:00,SELL,3624.24,3629.82,3607.49,3631.6,FLIP,-7.56,S433 AI Gold Star 123 (Coppock),
2025-09-08 20:40:00,2025-09-08 21:00:00,BUY,3631.6,3625.49,3649.94,3634.9,FLIP,3.1,S433 AI Gold Star 123 (Coppock),
2025-09-08 21:00:00,2025-09-08 21:05:00,SELL,3634.9,3642.05,3613.44,3637.32,FLIP,-2.62,S433 AI Gold Star 123 (Coppock),
2025-09-08 21:05:00,2025-09-08 21:10:00,BUY,3637.32,3630.01,3659.24,3635.04,FLIP,-2.48,S433 AI Gold Star 123 (Coppock),
2025-09-08 21:10:00,2025-09-08 21:45:00,SELL,3635.04,3642.19,3613.58,3637.21,FLIP,-2.37,S433 AI Gold Star 123 (Coppock),
2025-09-08 21:45:00,2025-09-08 21:50:00,BUY,3637.21,3630.86,3656.25,3638.95,FLIP,1.54,S433 AI Gold Star 123 (Coppock),
2025-09-08 21:50:00,2025-09-08 22:00:00,SELL,3638.95,3644.78,3621.45,3644.23,FLIP,-5.48,S433 AI Gold Star 123 (Coppock),
2025-09-08 22:00:00,2025-09-08 22:25:00,BUY,3644.23,3638.56,3661.23,3636.5,FLIP,-7.93,S433 AI Gold Star 123 (Coppock),
2025-09-08 22:25:00,2025-09-08 23:25:00,SELL,3636.5,3641.73,3620.8,3641.73,SL,-5.43,S433 AI Gold Star 123 (Coppock),
2025-09-09 01:05:00,2025-09-09 05:25:00,BUY,3634.53,3631.37,3644.02,3631.37,SL,-3.36,S433 AI Gold Star 123 (Coppock),
2025-09-09 06:05:00,2025-09-09 06:15:00,BUY,3631.27,3628.55,3639.42,3629.05,FLIP,-2.42,S433 AI Gold Star 123 (Coppock),
2025-09-09 06:15:00,2025-09-09 06:20:00,SELL,3629.05,3631.88,3620.56,3630.81,FLIP,-1.96,S433 AI Gold Star 123 (Coppock),
2025-09-09 06:20:00,2025-09-09 07:15:00,BUY,3630.81,3628.03,3639.15,3639.15,TP,8.14,S433 AI Gold Star 123 (Coppock),
2025-09-09 07:40:00,2025-09-09 07:45:00,SELL,3637.71,3641.0,3627.83,3639.3,FLIP,-1.79,S433 AI Gold Star 123 (Coppock),
2025-09-09 07:45:00,2025-09-09 07:55:00,BUY,3639.3,3635.97,3649.29,3638.51,FLIP,-0.99,S433 AI Gold Star 123 (Coppock),
2025-09-09 07:55:00,2025-09-09 08:15:00,SELL,3638.51,3642.03,3627.96,3643.04,FLIP,-4.73,S433 AI Gold Star 123 (Coppock),
2025-09-09 08:15:00,2025-09-09 08:20:00,BUY,3643.04,3638.61,3656.32,3642.04,FLIP,-1.2,S433 AI Gold Star 123 (Coppock),
2025-09-09 08:20:00,2025-09-09 08:25:00,SELL,3642.04,3646.55,3628.51,3644.48,FLIP,-2.64,S433 AI Gold Star 123 (Coppock),
2025-09-09 08:25:00,2025-09-09 08:30:00,BUY,3644.48,3639.88,3658.28,3643.58,FLIP,-1.1,S433 AI Gold Star 123 (Coppock),
2025-09-09 08:30:00,2025-09-09 08:35:00,SELL,3643.58,3648.1,3630.01,3645.0,FLIP,-1.62,S433 AI Gold Star 123 (Coppock),
2025-09-09 08:35:00,2025-09-09 09:30:00,BUY,3645.0,3640.36,3658.92,3652.19,FLIP,6.99,S433 AI Gold Star 123 (Coppock),
2025-09-09 09:30:00,2025-09-09 11:00:00,SELL,3652.19,3656.95,3637.92,3647.07,FLIP,4.92,S433 AI Gold Star 123 (Coppock),
2025-09-09 11:00:00,2025-09-09 12:10:00,BUY,3647.07,3642.52,3660.71,3654.9,FLIP,7.63,S433 AI Gold Star 123 (Coppock),
2025-09-09 12:10:00,2025-09-09 12:35:00,SELL,3654.9,3657.49,3647.13,3657.49,SL,-2.79,S433 AI Gold Star 123 (Coppock),
2025-09-09 13:40:00,2025-09-09 13:45:00,BUY,3649.76,3642.65,3671.1,3646.3,FLIP,-3.66,S433 AI Gold Star 123 (Coppock),
2025-09-09 13:45:00,2025-09-09 13:50:00,SELL,3646.3,3653.73,3624.01,3646.48,FLIP,-0.38,S433 AI Gold Star 123 (Coppock),
2025-09-09 13:50:00,2025-09-09 16:35:00,BUY,3646.48,3639.07,3668.7,3654.05,FLIP,7.37,S433 AI Gold Star 123 (Coppock),
2025-09-09 16:35:00,2025-09-09 20:25:00,SELL,3654.05,3658.43,3640.9,3658.43,SL,-4.58,S433 AI Gold Star 123 (Coppock),
2025-09-09 21:00:00,2025-09-09 22:10:00,SELL,3659.89,3668.13,3635.18,3635.18,TP,24.51,S433 AI Gold Star 123 (Coppock),
2025-09-09 22:20:00,2025-09-09 23:35:00,BUY,3639.24,3629.51,3668.42,3646.49,FLIP,7.05,S433 AI Gold Star 123 (Coppock),
2025-09-09 23:35:00,2025-09-10 00:50:00,SELL,3646.49,3651.07,3632.74,3643.56,FLIP,2.73,S433 AI Gold Star 123 (Coppock),
2025-09-10 00:50:00,2025-09-10 00:55:00,BUY,3643.56,3640.5,3652.74,3642.77,FLIP,-0.99,S433 AI Gold Star 123 (Coppock),
2025-09-10 00:55:00,2025-09-10 01:00:00,SELL,3642.77,3645.69,3634.0,3643.16,FLIP,-0.59,S433 AI Gold Star 123 (Coppock),
2025-09-10 01:00:00,2025-09-10 01:45:00,BUY,3643.16,3640.26,3651.86,3640.26,SL,-3.1,S433 AI Gold Star 123 (Coppock),
2025-09-10 03:05:00,2025-09-10 03:45:00,BUY,3631.75,3628.2,3642.41,3628.2,SL,-3.75,S433 AI Gold Star 123 (Coppock),
2025-09-10 05:15:00,2025-09-10 05:35:00,SELL,3625.64,3628.74,3616.35,3627.73,FLIP,-2.29,S433 AI Gold Star 123 (Coppock),
2025-09-10 05:35:00,2025-09-10 06:10:00,BUY,3627.73,3624.15,3638.46,3638.46,TP,10.53,S433 AI Gold Star 123 (Coppock),
2025-09-10 06:35:00,2025-09-10 07:45:00,SELL,3636.34,3640.32,3624.4,3624.4,TP,11.74,S433 AI Gold Star 123 (Coppock),
2025-09-10 08:00:00,2025-09-10 09:45:00,BUY,3624.83,3619.93,3639.52,3636.54,FLIP,11.51,S433 AI Gold Star 123 (Coppock),
2025-09-10 09:45:00,2025-09-10 11:05:00,SELL,3636.54,3640.52,3624.59,3640.52,SL,-4.18,S433 AI Gold Star 123 (Coppock),
2025-09-10 11:55:00,2025-09-10 12:30:00,SELL,3642.96,3645.12,3636.49,3645.12,SL,-2.36,S433 AI Gold Star 123 (Coppock),
2025-09-10 13:05:00,2025-09-10 13:30:00,BUY,3644.12,3641.15,3653.03,3641.99,FLIP,-2.33,S433 AI Gold Star 123 (Coppock),
2025-09-10 13:30:00,2025-09-10 13:40:00,SELL,3641.99,3645.46,3631.59,3644.82,FLIP,-3.03,S433 AI Gold Star 123 (Coppock),
2025-09-10 13:40:00,2025-09-10 13:55:00,BUY,3644.82,3640.97,3656.38,3643.6,FLIP,-1.42,S433 AI Gold Star 123 (Coppock),
2025-09-10 13:55:00,2025-09-10 14:05:00,SELL,3643.6,3647.66,3631.42,3647.66,SL,-4.26,S433 AI Gold Star 123 (Coppock),
2025-09-10 17:15:00,2025-09-10 17:20:00,SELL,3652.65,3655.43,3644.3,3655.48,FLIP,-3.03,S433 AI Gold Star 123 (Coppock),
2025-09-10 17:20:00,2025-09-10 17:25:00,BUY,3655.48,3652.4,3664.73,3654.49,FLIP,-1.19,S433 AI Gold Star 123 (Coppock),
2025-09-10 17:25:00,2025-09-10 17:35:00,SELL,3654.49,3657.65,3645.0,3656.96,FLIP,-2.67,S433 AI Gold Star 123 (Coppock),
2025-09-10 17:35:00,2025-09-10 17:40:00,BUY,3656.96,3653.62,3666.97,3654.53,FLIP,-2.63,S433 AI Gold Star 123 (Coppock),
2025-09-10 17:40:00,2025-09-10 19:30:00,SELL,3654.53,3657.93,3644.32,3651.94,FLIP,2.39,S433 AI Gold Star 123 (Coppock),
2025-09-10 19:30:00,2025-09-10 19:35:00,BUY,3651.94,3648.2,3663.15,3648.2,SL,-3.94,S433 AI Gold Star 123 (Coppock),
2025-09-10 19:45:00,2025-09-10 20:00:00,SELL,3644.73,3650.3,3628.02,3646.47,FLIP,-1.94,S433 AI Gold Star 123 (Coppock),
2025-09-10 20:00:00,2025-09-10 20:25:00,BUY,3646.47,3640.45,3664.54,3647.05,FLIP,0.38,S433 AI Gold Star 123 (Coppock),
2025-09-10 20:25:00,2025-09-10 20:30:00,SELL,3647.05,3654.03,3626.12,3651.67,FLIP,-4.82,S433 AI Gold Star 123 (Coppock),
2025-09-10 20:30:00,2025-09-10 21:25:00,BUY,3651.67,3644.34,3673.66,3652.48,FLIP,0.61,S433 AI Gold Star 123 (Coppock),
2025-09-10 21:25:00,2025-09-10 22:25:00,SELL,3652.48,3656.97,3639.01,3639.01,TP,13.27,S433 AI Gold Star 123 (Coppock),
2025-09-10 22:35:00,2025-09-10 23:05:00,BUY,3647.24,3641.65,3664.02,3642.53,FLIP,-4.91,S433 AI Gold Star 123 (Coppock),
2025-09-10 23:05:00,2025-09-10 23:10:00,SELL,3642.53,3647.23,3628.44,3643.33,FLIP,-1.0,S433 AI Gold Star 123 (Coppock),
2025-09-10 23:10:00,2025-09-10 23:20:00,BUY,3643.33,3638.8,3656.92,3643.44,FLIP,-0.09,S433 AI Gold Star 123 (Coppock),
2025-09-10 23:20:00,2025-09-10 23:50:00,SELL,3643.44,3647.91,3630.02,3643.38,FLIP,-0.14,S433 AI Gold Star 123 (Coppock),
2025-09-10 23:50:00,2025-09-11 01:25:00,BUY,3643.38,3640.1,3653.21,3648.68,FLIP,5.1,S433 AI Gold Star 123 (Coppock),
2025-09-11 01:25:00,2025-09-11 02:15:00,SELL,3648.68,3650.7,3642.61,3642.61,TP,5.87,S433 AI Gold Star 123 (Coppock),
2025-09-11 02:45:00,2025-09-11 07:20:00,BUY,3640.46,3637.87,3648.24,3644.9,FLIP,4.24,S433 AI Gold Star 123 (Coppock),
2025-09-11 07:20:00,2025-09-11 08:10:00,SELL,3644.9,3647.38,3637.46,3647.38,SL,-2.68,S433 AI Gold Star 123 (Coppock),
2025-09-11 08:15:00,2025-09-11 08:35:00,BUY,3645.61,3642.61,3654.61,3643.99,FLIP,-1.82,S433 AI Gold Star 123 (Coppock),
2025-09-11 08:35:00,2025-09-11 09:45:00,SELL,3643.99,3647.48,3633.53,3638.11,FLIP,5.68,S433 AI Gold Star 123 (Coppock),
2025-09-11 09:45:00,2025-09-11 10:00:00,BUY,3638.11,3634.66,3648.46,3636.21,FLIP,-2.1,S433 AI Gold Star 123 (Coppock),
2025-09-11 10:00:00,2025-09-11 10:10:00,SELL,3636.21,3639.55,3626.18,3634.3,FLIP,1.71,S433 AI Gold Star 123 (Coppock),
2025-09-11 10:10:00,2025-09-11 10:15:00,BUY,3634.3,3630.63,3645.31,3634.19,FLIP,-0.31,S433 AI Gold Star 123 (Coppock),
2025-09-11 10:15:00,2025-09-11 10:20:00,SELL,3634.19,3637.98,3622.83,3634.6,FLIP,-0.61,S433 AI Gold Star 123 (Coppock),
2025-09-11 10:20:00,2025-09-11 10:30:00,BUY,3634.6,3630.84,3645.89,3632.48,FLIP,-2.32,S433 AI Gold Star 123 (Coppock),
2025-09-11 10:30:00,2025-09-11 10:35:00,SELL,3632.48,3636.23,3621.24,3633.43,FLIP,-1.15,S433 AI Gold Star 123 (Coppock),
2025-09-11 10:35:00,2025-09-11 10:40:00,BUY,3633.43,3629.65,3644.76,3630.97,FLIP,-2.66,S433 AI Gold Star 123 (Coppock),
2025-09-11 10:40:00,2025-09-11 10:50:00,SELL,3630.97,3634.82,3619.43,3632.42,FLIP,-1.65,S433 AI Gold Star 123 (Coppock),
2025-09-11 10:50:00,2025-09-11 11:45:00,BUY,3632.42,3628.65,3643.72,3630.49,FLIP,-2.13,S433 AI Gold Star 123 (Coppock),
2025-09-11 11:45:00,2025-09-11 11:50:00,SELL,3630.49,3632.83,3623.48,3631.84,FLIP,-1.55,S433 AI Gold Star 123 (Coppock),
2025-09-11 11:50:00,2025-09-11 11:55:00,BUY,3631.84,3629.67,3638.35,3630.63,FLIP,-1.41,S433 AI Gold Star 123 (Coppock),
2025-09-11 11:55:00,2025-09-11 12:30:00,SELL,3630.63,3632.73,3624.33,3630.42,FLIP,0.01,S433 AI Gold Star 123 (Coppock),
2025-09-11 12:30:00,2025-09-11 12:40:00,BUY,3630.42,3627.84,3638.15,3629.64,FLIP,-0.98,S433 AI Gold Star 123 (Coppock),
2025-09-11 12:40:00,2025-09-11 13:05:00,SELL,3629.64,3632.74,3620.34,3632.21,FLIP,-2.77,S433 AI Gold Star 123 (Coppock),
2025-09-11 13:05:00,2025-09-11 14:00:00,BUY,3632.21,3627.69,3645.76,3629.76,FLIP,-2.65,S433 AI Gold Star 123 (Coppock),
2025-09-11 14:00:00,2025-09-11 14:55:00,SELL,3629.76,3634.71,3614.91,3629.85,FLIP,-0.29,S433 AI Gold Star 123 (Coppock),
2025-09-11 14:55:00,2025-09-11 15:40:00,BUY,3629.85,3625.1,3644.11,3626.7,FLIP,-3.35,S433 AI Gold Star 123 (Coppock),
2025-09-11 15:40:00,2025-09-11 15:50:00,SELL,3626.7,3629.59,3618.03,3629.59,SL,-3.09,S433 AI Gold Star 123 (Coppock),
2025-09-11 16:45:00,2025-09-11 18:35:00,BUY,3622.42,3618.07,3635.46,3618.07,SL,-4.55,S433 AI Gold Star 123 (Coppock),
2025-09-11 19:00:00,2025-09-11 19:30:00,BUY,3618.6,3615.79,3627.03,3615.79,SL,-3.01,S433 AI Gold Star 123 (Coppock),
2025-09-11 20:15:00,2025-09-11 21:15:00,SELL,3624.74,3635.93,3591.17,3635.93,SL,-11.39,S433 AI Gold Star 123 (Coppock),
2025-09-12 08:55:00,2025-09-12 10:15:00,SELL,3646.37,3651.0,3632.49,3651.0,SL,-4.83,S433 AI Gold Star 123 (Coppock),
2025-09-12 10:40:00,2025-09-12 11:30:00,BUY,3651.43,3648.37,3660.62,3654.4,FLIP,2.77,S433 AI Gold Star 123 (Coppock),
2025-09-12 11:30:00,2025-09-12 11:45:00,SELL,3654.4,3656.42,3648.34,3655.59,FLIP,-1.39,S433 AI Gold Star 123 (Coppock),
2025-09-12 11:45:00,2025-09-12 11:50:00,BUY,3655.59,3653.59,3661.6,3655.03,FLIP,-0.76,S433 AI Gold Star 123 (Coppock),
2025-09-12 11:50:00,2025-09-12 13:30:00,SELL,3655.03,3657.08,3648.88,3652.29,FLIP,2.54,S433 AI Gold Star 123 (Coppock),
2025-09-12 13:30:00,2025-09-12 13:35:00,BUY,3652.29,3648.8,3662.75,3650.82,FLIP,-1.67,S433 AI Gold Star 123 (Coppock),
2025-09-12 13:35:00,2025-09-12 13:55:00,SELL,3650.82,3654.25,3640.52,3650.6,FLIP,0.02,S433 AI Gold Star 123 (Coppock),
2025-09-12 13:55:00,2025-09-12 15:10:00,BUY,3650.6,3647.47,3659.98,3647.47,SL,-3.33,S433 AI Gold Star 123 (Coppock),
2025-09-12 15:40:00,2025-09-12 15:45:00,BUY,3645.04,3641.55,3655.51,3641.76,FLIP,-3.48,S433 AI Gold Star 123 (Coppock),
2025-09-12 15:45:00,2025-09-12 16:00:00,SELL,3641.76,3645.52,3630.48,3642.44,FLIP,-0.88,S433 AI Gold Star 123 (Coppock),
2025-09-12 16:00:00,2025-09-12 16:05:00,BUY,3642.44,3638.14,3655.35,3638.14,SL,-4.5,S433 AI Gold Star 123 (Coppock),
2025-09-12 16:10:00,2025-09-12 16:15:00,SELL,3639.65,3644.21,3625.96,3643.88,FLIP,-4.43,S433 AI Gold Star 123 (Coppock),
2025-09-12 16:15:00,2025-09-12 17:35:00,BUY,3643.88,3639.03,3658.42,3650.16,FLIP,6.08,S433 AI Gold Star 123 (Coppock),
2025-09-12 17:35:00,2025-09-12 19:25:00,SELL,3650.16,3652.91,3641.91,3641.91,TP,8.05,S433 AI Gold Star 123 (Coppock),
2025-09-12 19:45:00,2025-09-13 02:50:00,BUY,3642.57,3638.32,3655.33,3645.68,FLIP,2.91,S433 AI Gold Star 123 (Coppock),
2025-09-13 02:50:00,2025-09-13 03:25:00,SELL,3645.68,3647.15,3641.28,3642.89,FLIP,2.59,S433 AI Gold Star 123 (Coppock),
2025-09-13 03:25:00,2025-09-13 03:35:00,BUY,3642.89,3640.98,3648.63,3641.6,FLIP,-1.49,S433 AI Gold Star 123 (Coppock),
2025-09-13 03:35:00,2025-09-13 03:40:00,SELL,3641.6,3643.54,3635.77,3642.37,FLIP,-0.97,S433 AI Gold Star 123 (Coppock),
2025-09-13 03:40:00,2025-09-15 05:20:00,BUY,3642.37,3640.44,3648.17,3640.44,SL,-2.13,S433 AI Gold Star 123 (Coppock),
2025-09-15 05:45:00,2025-09-15 05:55:00,SELL,3641.34,3643.36,3635.28,3642.11,FLIP,-0.97,S433 AI Gold Star 123 (Coppock),
2025-09-15 05:55:00,2025-09-15 06:00:00,BUY,3642.11,3640.06,3648.26,3639.91,FLIP,-2.4,S433 AI Gold Star 123 (Coppock),
2025-09-15 06:00:00,2025-09-15 06:55:00,SELL,3639.91,3642.11,3633.32,3638.16,FLIP,1.55,S433 AI Gold Star 123 (Coppock),
2025-09-15 06:55:00,2025-09-15 07:00:00,BUY,3638.16,3636.25,3643.89,3636.09,FLIP,-2.27,S433 AI Gold Star 123 (Coppock),
2025-09-15 07:00:00,2025-09-15 07:05:00,SELL,3636.09,3638.26,3629.58,3638.51,FLIP,-2.62,S433 AI Gold Star 123 (Coppock),
2025-09-15 07:05:00,2025-09-15 07:30:00,BUY,3638.51,3636.14,3645.61,3635.98,FLIP,-2.73,S433 AI Gold Star 123 (Coppock),
2025-09-15 07:30:00,2025-09-15 08:10:00,SELL,3635.98,3639.04,3626.81,3626.81,TP,8.97,S433 AI Gold Star 123 (Coppock),
2025-09-15 08:30:00,2025-09-15 09:40:00,BUY,3630.79,3625.98,3645.22,3645.22,TP,14.23,S433 AI Gold Star 123 (Coppock),
2025-09-15 09:45:00,2025-09-15 10:45:00,SELL,3642.74,3646.18,3632.43,3645.52,FLIP,-2.98,S433 AI Gold Star 123 (Coppock),
2025-09-15 10:45:00,2025-09-15 11:20:00,BUY,3645.52,3642.73,3653.9,3645.27,FLIP,-0.45,S433 AI Gold Star 123 (Coppock),
2025-09-15 11:20:00,2025-09-15 13:45:00,SELL,3645.27,3647.43,3638.78,3638.78,TP,6.29,S433 AI Gold Star 123 (Coppock),
2025-09-15 14:25:00,2025-09-15 18:40:00,BUY,3636.35,3633.01,3646.36,3646.36,TP,9.81,S433 AI Gold Star 123 (Coppock),
2025-09-15 20:55:00,2025-09-15 21:45:00,SELL,3657.17,3662.45,3641.33,3662.45,SL,-5.48,S433 AI Gold Star 123 (Coppock),
2025-09-15 22:00:00,2025-09-15 22:50:00,BUY,3665.04,3660.68,3678.11,3678.11,TP,12.87,S433 AI Gold Star 123 (Coppock),
2025-09-15 23:35:00,2025-09-16 00:30:00,SELL,3677.58,3682.35,3663.27,3681.92,FLIP,-4.54,S433 AI Gold Star 123 (Coppock),
2025-09-16 00:30:00,2025-09-16 00:35:00,BUY,3681.92,3677.61,3694.84,3681.64,FLIP,-0.48,S433 AI Gold Star 123 (Coppock),
2025-09-16 00:35:00,2025-09-16 00:45:00,SELL,3681.64,3685.74,3669.33,3681.34,FLIP,0.1,S433 AI Gold Star 123 (Coppock),
2025-09-16 00:45:00,2025-09-16 01:10:00,BUY,3681.34,3677.91,3691.64,3678.53,FLIP,-3.01,S433 AI Gold Star 123 (Coppock),
2025-09-16 01:10:00,2025-09-16 02:00:00,SELL,3678.53,3681.16,3670.65,3678.47,FLIP,-0.14,S433 AI Gold Star 123 (Coppock),
2025-09-16 02:00:00,2025-09-16 05:45:00,BUY,3678.47,3675.84,3686.35,3677.87,FLIP,-0.8,S433 AI Gold Star 123 (Coppock),
2025-09-16 05:45:00,2025-09-16 05:50:00,SELL,3677.87,3679.77,3672.16,3678.64,FLIP,-0.97,S433 AI Gold Star 123 (Coppock),
2025-09-16 05:50:00,2025-09-16 06:45:00,BUY,3678.64,3676.69,3684.49,3676.69,SL,-2.15,S433 AI Gold Star 123 (Coppock),
2025-09-16 08:00:00,2025-09-16 11:50:00,SELL,3680.75,3684.8,3668.59,3684.8,SL,-4.25,S433 AI Gold Star 123 (Coppock),
2025-09-16 14:20:00,2025-09-16 15:10:00,SELL,3691.31,3695.11,3679.91,3695.93,FLIP,-4.82,S433 AI Gold Star 123 (Coppock),
2025-09-16 15:10:00,2025-09-16 15:30:00,BUY,3695.93,3692.23,3707.04,3692.23,SL,-3.9,S433 AI Gold Star 123 (Coppock),
2025-09-16 16:05:00,2025-09-16 16:50:00,SELL,3694.44,3697.98,3683.83,3698.04,FLIP,-3.8,S433 AI Gold Star 123 (Coppock),
2025-09-16 16:50:00,2025-09-16 17:00:00,BUY,3698.04,3695.13,3706.76,3696.7,FLIP,-1.54,S433 AI Gold Star 123 (Coppock),
2025-09-16 17:00:00,2025-09-16 17:05:00,SELL,3696.7,3699.58,3688.05,3697.31,FLIP,-0.81,S433 AI Gold Star 123 (Coppock),
2025-09-16 17:05:00,2025-09-16 17:10:00,BUY,3697.31,3694.46,3705.86,3696.56,FLIP,-0.95,S433 AI Gold Star 123 (Coppock),
2025-09-16 17:10:00,2025-09-16 18:50:00,SELL,3696.56,3699.39,3688.07,3699.39,SL,-3.03,S433 AI Gold Star 123 (Coppock),
2025-09-16 20:20:00,2025-09-16 21:50:00,BUY,3691.41,3686.45,3706.28,3686.45,SL,-5.16,S433 AI Gold Star 123 (Coppock),
2025-09-16 22:35:00,2025-09-17 09:35:00,BUY,3681.93,3675.76,3700.44,3675.76,SL,-6.37,S433 AI Gold Star 123 (Coppock),
2025-09-17 10:35:00,2025-09-17 11:45:00,SELL,3681.92,3685.01,3672.64,3681.62,FLIP,0.1,S433 AI Gold Star 123 (Coppock),
2025-09-17 11:45:00,2025-09-17 11:50:00,BUY,3681.62,3680.25,3685.74,3681.16,FLIP,-0.66,S433 AI Gold Star 123 (Coppock),
2025-09-17 11:50:00,2025-09-17 12:00:00,SELL,3681.16,3682.54,3677.02,3684.94,FLIP,-3.98,S433 AI Gold Star 123 (Coppock),
2025-09-17 12:00:00,2025-09-17 12:10:00,BUY,3684.94,3683.22,3690.09,3683.22,SL,-1.92,S433 AI Gold Star 123 (Coppock),
2025-09-17 12:20:00,2025-09-17 12:30:00,SELL,3679.44,3681.75,3672.52,3681.75,SL,-2.51,S433 AI Gold Star 123 (Coppock),
2025-09-17 13:30:00,2025-09-17 13:35:00,BUY,3675.57,3672.26,3685.49,3673.76,FLIP,-2.01,S433 AI Gold Star 123 (Coppock),
2025-09-17 13:35:00,2025-09-17 13:50:00,SELL,3673.76,3677.16,3663.56,3676.48,FLIP,-2.92,S433 AI Gold Star 123 (Coppock),
2025-09-17 13:50:00,2025-09-17 14:00:00,BUY,3676.48,3672.7,3687.82,3672.7,SL,-3.98,S433 AI Gold Star 123 (Coppock),
2025-09-17 14:10:00,2025-09-17 14:20:00,SELL,3671.18,3675.99,3656.75,3671.0,FLIP,-0.02,S433 AI Gold Star 123 (Coppock),
2025-09-17 14:20:00,2025-09-17 14:25:00,BUY,3671.0,3666.23,3685.3,3667.63,FLIP,-3.57,S433 AI Gold Star 123 (Coppock),
2025-09-17 14:25:00,2025-09-17 14:35:00,SELL,3667.63,3672.58,3652.79,3670.25,FLIP,-2.82,S433 AI Gold Star 123 (Coppock),
2025-09-17 14:35:00,2025-09-17 14:45:00,BUY,3670.25,3665.22,3685.35,3669.09,FLIP,-1.36,S433 AI Gold Star 123 (Coppock),
2025-09-17 14:45:00,2025-09-17 14:50:00,SELL,3669.09,3674.05,3654.22,3668.16,FLIP,0.73,S433 AI Gold Star 123 (Coppock),
2025-09-17 14:50:00,2025-09-17 15:00:00,BUY,3668.16,3663.45,3682.28,3665.88,FLIP,-2.48,S433 AI Gold Star 123 (Coppock),
2025-09-17 15:00:00,2025-09-17 15:20:00,SELL,3665.88,3670.21,3652.9,3664.29,FLIP,1.39,S433 AI Gold Star 123 (Coppock),
2025-09-17 15:20:00,2025-09-17 16:55:00,BUY,3664.29,3660.81,3674.74,3667.87,FLIP,3.38,S433 AI Gold Star 123 (Coppock),
2025-09-17 16:55:00,2025-09-17 18:15:00,SELL,3667.87,3670.75,3659.24,3663.79,FLIP,3.88,S433 AI Gold Star 123 (Coppock),
2025-09-17 18:15:00,2025-09-17 19:30:00,BUY,3663.79,3659.86,3675.58,3671.16,FLIP,7.17,S433 AI Gold Star 123 (Coppock),
2025-09-17 19:30:00,2025-09-17 19:35:00,SELL,3671.16,3674.7,3660.54,3673.91,FLIP,-2.95,S433 AI Gold Star 123 (Coppock),
2025-09-17 19:35:00,2025-09-17 20:15:00,BUY,3673.91,3670.27,3684.84,3676.52,FLIP,2.41,S433 AI Gold Star 123 (Coppock),
2025-09-17 20:15:00,2025-09-17 20:35:00,SELL,3676.52,3680.55,3664.43,3680.55,SL,-4.23,S433 AI Gold Star 123 (Coppock),
2025-09-17 21:10:00,2025-09-17 21:50:00,BUY,3684.06,3679.15,3698.78,3682.64,FLIP,-1.62,S433 AI Gold Star 123 (Coppock),
2025-09-17 21:50:00,2025-09-17 22:10:00,SELL,3682.64,3686.57,3670.84,3686.57,SL,-4.13,S433 AI Gold Star 123 (Coppock),
2025-09-17 23:00:00,2025-09-17 23:15:00,BUY,3685.79,3683.04,3694.03,3685.93,FLIP,-0.06,S433 AI Gold Star 123 (Coppock),
2025-09-17 23:15:00,2025-09-17 23:20:00,SELL,3685.93,3688.46,3678.35,3687.99,FLIP,-2.26,S433 AI Gold Star 123 (Coppock),
2025-09-17 23:20:00,2025-09-17 23:45:00,BUY,3687.99,3685.48,3695.52,3685.94,FLIP,-2.25,S433 AI Gold Star 123 (Coppock),
2025-09-17 23:45:00,2025-09-18 00:20:00,SELL,3685.94,3688.12,3679.39,3679.39,TP,6.35,S433 AI Gold Star 123 (Coppock),
2025-09-18 00:40:00,2025-09-18 01:00:00,BUY,3684.5,3681.87,3692.39,3681.87,SL,-2.83,S433 AI Gold Star 123 (Coppock),
2025-09-18 01:20:00,2025-09-18 01:50:00,SELL,3685.34,3698.03,3647.27,3647.27,TP,37.87,S433 AI Gold Star 123 (Coppock),
2025-09-18 02:20:00,2025-09-18 03:25:00,BUY,3661.38,3645.21,3709.89,3659.21,FLIP,-2.37,S433 AI Gold Star 123 (Coppock),
2025-09-18 03:25:00,2025-09-18 03:55:00,SELL,3659.21,3666.05,3638.68,3659.56,FLIP,-0.55,S433 AI Gold Star 123 (Coppock),
2025-09-18 03:55:00,2025-09-18 05:05:00,BUY,3659.56,3656.04,3670.11,3656.04,SL,-3.72,S433 AI Gold Star 123 (Coppock),
2025-09-18 06:35:00,2025-09-18 06:40:00,SELL,3668.27,3671.38,3658.93,3669.52,FLIP,-1.45,S433 AI Gold Star 123 (Coppock),
2025-09-18 06:40:00,2025-09-18 06:50:00,BUY,3669.52,3666.34,3679.05,3669.79,FLIP,0.07,S433 AI Gold Star 123 (Coppock),
2025-09-18 06:50:00,2025-09-18 07:35:00,SELL,3669.79,3672.68,3661.12,3661.12,TP,8.47,S433 AI Gold Star 123 (Coppock),
2025-09-18 07:55:00,2025-09-18 08:00:00,BUY,3665.23,3660.96,3678.04,3660.96,SL,-4.47,S433 AI Gold Star 123 (Coppock),
2025-09-18 11:30:00,2025-09-18 11:40:00,SELL,3656.27,3658.24,3650.37,3656.33,FLIP,-0.26,S433 AI Gold Star 123 (Coppock),
2025-09-18 11:40:00,2025-09-18 11:55:00,BUY,3656.33,3654.26,3662.55,3653.65,FLIP,-2.88,S433 AI Gold Star 123 (Coppock),
2025-09-18 11:55:00,2025-09-18 12:10:00,SELL,3653.65,3655.91,3646.88,3654.64,FLIP,-1.19,S433 AI Gold Star 123 (Coppock),
2025-09-18 12:10:00,2025-09-18 12:35:00,BUY,3654.64,3652.02,3662.49,3653.12,FLIP,-1.72,S433 AI Gold Star 123 (Coppock),
2025-09-18 12:35:00,2025-09-18 12:40:00,SELL,3653.12,3656.46,3643.1,3654.14,FLIP,-1.22,S433 AI Gold Star 123 (Coppock),
2025-09-18 12:40:00,2025-09-18 12:50:00,BUY,3654.14,3650.79,3664.2,3650.4,FLIP,-3.94,S433 AI Gold Star 123 (Coppock),
2025-09-18 12:50:00,2025-09-18 13:10:00,SELL,3650.4,3654.15,3639.14,3639.14,TP,11.06,S433 AI Gold Star 123 (Coppock),
2025-09-18 13:45:00,2025-09-18 14:40:00,BUY,3637.22,3631.03,3655.79,3655.79,TP,18.37,S433 AI Gold Star 123 (Coppock),
2025-09-18 15:05:00,2025-09-18 15:35:00,SELL,3655.01,3660.4,3638.85,3660.4,SL,-5.59,S433 AI Gold Star 123 (Coppock),
2025-09-18 16:00:00,2025-09-18 16:45:00,BUY,3665.86,3662.35,3676.4,3670.42,FLIP,4.36,S433 AI Gold Star 123 (Coppock),
2025-09-18 16:45:00,2025-09-18 18:00:00,SELL,3670.42,3674.1,3659.38,3667.89,FLIP,2.33,S433 AI Gold Star 123 (Coppock),
2025-09-18 18:00:00,2025-09-18 18:30:00,BUY,3667.89,3664.42,3678.31,3665.45,FLIP,-2.64,S433 AI Gold Star 123 (Coppock),
2025-09-18 18:30:00,2025-09-18 18:35:00,SELL,3665.45,3668.96,3654.91,3667.77,FLIP,-2.52,S433 AI Gold Star 123 (Coppock),
2025-09-18 18:35:00,2025-09-18 19:55:00,BUY,3667.77,3664.04,3678.97,3664.04,SL,-3.93,S433 AI Gold Star 123 (Coppock),
2025-09-18 21:00:00,2025-09-18 21:15:00,BUY,3645.65,3636.05,3674.46,3636.05,SL,-9.8,S433 AI Gold Star 123 (Coppock),
2025-09-18 22:30:00,2025-09-18 22:35:00,SELL,3639.78,3645.3,3623.23,3640.46,FLIP,-0.88,S433 AI Gold Star 123 (Coppock),
2025-09-18 22:35:00,2025-09-18 22:40:00,BUY,3640.46,3635.05,3656.68,3640.18,FLIP,-0.48,S433 AI Gold Star 123 (Coppock),
2025-09-18 22:40:00,2025-09-18 23:00:00,SELL,3640.18,3645.27,3624.9,3641.57,FLIP,-1.59,S433 AI Gold Star 123 (Coppock),
2025-09-18 23:00:00,2025-09-19 03:25:00,BUY,3641.57,3637.82,3652.83,3645.86,FLIP,4.09,S433 AI Gold Star 123 (Coppock),
2025-09-19 03:25:00,2025-09-19 05:55:00,SELL,3645.86,3647.65,3640.49,3640.49,TP,5.17,S433 AI Gold Star 123 (Coppock),
2025-09-19 06:00:00,2025-09-19 06:15:00,BUY,3641.4,3640.0,3645.61,3640.0,SL,-1.6,S433 AI Gold Star 123 (Coppock),
2025-09-19 06:25:00,2025-09-19 06:50:00,SELL,3639.17,3640.58,3634.94,3639.75,FLIP,-0.78,S433 AI Gold Star 123 (Coppock),
2025-09-19 06:50:00,2025-09-19 07:15:00,BUY,3639.75,3637.85,3645.46,3638.09,FLIP,-1.86,S433 AI Gold Star 123 (Coppock),
2025-09-19 07:15:00,2025-09-19 07:20:00,SELL,3638.09,3640.49,3630.89,3638.35,FLIP,-0.46,S433 AI Gold Star 123 (Coppock),
2025-09-19 07:20:00,2025-09-19 07:30:00,BUY,3638.35,3635.9,3645.69,3637.02,FLIP,-1.53,S433 AI Gold Star 123 (Coppock),
2025-09-19 07:30:00,2025-09-19 07:35:00,SELL,3637.02,3639.64,3629.15,3637.32,FLIP,-0.5,S433 AI Gold Star 123 (Coppock),
2025-09-19 07:35:00,2025-09-19 07:45:00,BUY,3637.32,3634.7,3645.19,3638.16,FLIP,0.64,S433 AI Gold Star 123 (Coppock),
2025-09-19 07:45:00,2025-09-19 07:50:00,SELL,3638.16,3640.89,3629.96,3640.23,FLIP,-2.27,S433 AI Gold Star 123 (Coppock),
2025-09-19 07:50:00,2025-09-19 08:05:00,BUY,3640.23,3637.34,3648.9,3648.9,TP,8.47,S433 AI Gold Star 123 (Coppock),
2025-09-19 08:45:00,2025-09-19 09:10:00,SELL,3641.55,3646.13,3627.8,3646.13,SL,-4.78,S433 AI Gold Star 123 (Coppock),
2025-09-19 09:35:00,2025-09-19 10:50:00,BUY,3646.4,3641.45,3661.25,3653.51,FLIP,6.91,S433 AI Gold Star 123 (Coppock),
2025-09-19 10:50:00,2025-09-19 10:55:00,SELL,3653.51,3657.32,3642.07,3653.63,FLIP,-0.32,S433 AI Gold Star 123 (Coppock),
2025-09-19 10:55:00,2025-09-19 11:20:00,BUY,3653.63,3650.12,3664.17,3659.12,FLIP,5.29,S433 AI Gold Star 123 (Coppock),
2025-09-19 11:20:00,2025-09-19 13:20:00,SELL,3659.12,3662.79,3648.1,3648.1,TP,10.82,S433 AI Gold Star 123 (Coppock),
2025-09-19 13:40:00,2025-09-19 15:05:00,BUY,3647.89,3643.44,3661.25,3653.28,FLIP,5.19,S433 AI Gold Star 123 (Coppock),
2025-09-19 15:05:00,2025-09-19 16:00:00,SELL,3653.28,3657.05,3641.98,3657.05,SL,-3.97,S433 AI Gold Star 123 (Coppock),
2025-09-19 19:00:00,2025-09-19 19:05:00,BUY,3649.83,3646.66,3659.35,3646.66,SL,-3.37,S433 AI Gold Star 123 (Coppock),
2025-09-19 20:05:00,2025-09-19 20:10:00,SELL,3646.06,3650.47,3632.83,3653.46,FLIP,-7.6,S433 AI Gold Star 123 (Coppock),
2025-09-19 20:10:00,2025-09-19 21:05:00,BUY,3653.46,3648.63,3667.95,3660.56,FLIP,6.9,S433 AI Gold Star 123 (Coppock),
2025-09-19 21:05:00,2025-09-19 21:10:00,SELL,3660.56,3666.11,3643.9,3660.49,FLIP,-0.13,S433 AI Gold Star 123 (Coppock),
2025-09-19 21:10:00,2025-09-19 21:15:00,BUY,3660.49,3655.25,3676.2,3657.63,FLIP,-3.06,S433 AI Gold Star 123 (Coppock),
2025-09-19 21:15:00,2025-09-19 21:25:00,SELL,3657.63,3663.08,3641.27,3663.08,SL,-5.65,S433 AI Gold Star 123 (Coppock),
2025-09-19 22:00:00,2025-09-19 22:05:00,BUY,3668.98,3663.67,3684.91,3667.07,FLIP,-2.11,S433 AI Gold Star 123 (Coppock),
2025-09-19 22:05:00,2025-09-19 22:10:00,SELL,3667.07,3672.16,3651.8,3672.38,FLIP,-5.51,S433 AI Gold Star 123 (Coppock),
2025-09-19 22:10:00,2025-09-19 22:30:00,BUY,3672.38,3666.87,3688.91,3669.84,FLIP,-2.74,S433 AI Gold Star 123 (Coppock),
2025-09-19 22:30:00,2025-09-19 23:40:00,SELL,3669.84,3675.12,3654.01,3670.45,FLIP,-0.81,S433 AI Gold Star 123 (Coppock),
2025-09-19 23:40:00,2025-09-19 23:45:00,BUY,3670.45,3667.29,3679.94,3669.17,FLIP,-1.48,S433 AI Gold Star 123 (Coppock),
2025-09-19 23:45:00,2025-09-20 00:20:00,SELL,3669.17,3672.25,3659.92,3672.25,SL,-3.28,S433 AI Gold Star 123 (Coppock),
2025-09-20 01:40:00,2025-09-20 02:50:00,SELL,3682.25,3684.86,3674.41,3684.86,SL,-2.81,S433 AI Gold Star 123 (Coppock),
2025-09-20 03:25:00,2025-09-22 05:20:00,BUY,3683.18,3681.22,3689.05,3689.05,TP,5.67,S433 AI Gold Star 123 (Coppock),
2025-09-22 05:45:00,2025-09-22 07:00:00,SELL,3688.69,3691.61,3679.92,3687.2,FLIP,1.29,S433 AI Gold Star 123 (Coppock),
2025-09-22 07:00:00,2025-09-22 08:10:00,BUY,3687.2,3684.69,3694.73,3694.73,TP,7.33,S433 AI Gold Star 123 (Coppock),
2025-09-22 08:25:00,2025-09-22 10:40:00,SELL,3690.14,3694.38,3677.43,3694.38,SL,-4.44,S433 AI Gold Star 123 (Coppock),
2025-09-22 11:10:00,2025-09-22 12:15:00,SELL,3692.35,3695.05,3684.24,3695.05,SL,-2.9,S433 AI Gold Star 123 (Coppock),
2025-09-22 12:55:00,2025-09-22 13:05:00,SELL,3697.09,3699.89,3688.69,3699.78,FLIP,-2.89,S433 AI Gold Star 123 (Coppock),
2025-09-22 13:05:00,2025-09-22 13:10:00,BUY,3699.78,3696.38,3710.0,3700.59,FLIP,0.61,S433 AI Gold Star 123 (Coppock),
2025-09-22 13:10:00,2025-09-22 13:20:00,SELL,3700.59,3704.01,3690.32,3702.11,FLIP,-1.72,S433 AI Gold Star 123 (Coppock),
2025-09-22 13:20:00,2025-09-22 13:35:00,BUY,3702.11,3698.69,3712.37,3712.37,TP,10.06,S433 AI Gold Star 123 (Coppock),
2025-09-22 14:05:00,2025-09-22 15:05:00,SELL,3712.38,3717.8,3696.11,3718.43,FLIP,-6.25,S433 AI Gold Star 123 (Coppock),
2025-09-22 15:05:00,2025-09-22 15:55:00,BUY,3718.43,3714.09,3731.46,3720.38,FLIP,1.75,S433 AI Gold Star 123 (Coppock),
2025-09-22 15:55:00,2025-09-22 16:05:00,SELL,3720.38,3724.04,3709.41,3721.51,FLIP,-1.33,S433 AI Gold Star 123 (Coppock),
2025-09-22 16:05:00,2025-09-22 16:10:00,BUY,3721.51,3717.78,3732.69,3720.44,FLIP,-1.27,S433 AI Gold Star 123 (Coppock),
2025-09-22 16:10:00,2025-09-22 16:15:00,SELL,3720.44,3723.82,3710.3,3724.31,FLIP,-4.07,S433 AI Gold Star 123 (Coppock),
2025-09-22 16:15:00,2025-09-22 16:30:00,BUY,3724.31,3720.92,3734.49,3722.34,FLIP,-2.17,S433 AI Gold Star 123 (Coppock),
2025-09-22 16:30:00,2025-09-22 17:20:00,SELL,3722.34,3726.03,3711.27,3726.76,FLIP,-4.62,S433 AI Gold Star 123 (Coppock),
2025-09-22 17:20:00,2025-09-22 17:25:00,BUY,3726.76,3723.19,3737.46,3725.19,FLIP,-1.77,S433 AI Gold Star 123 (Coppock),
2025-09-22 17:25:00,2025-09-22 17:40:00,SELL,3725.19,3728.52,3715.19,3726.06,FLIP,-1.07,S433 AI Gold Star 123 (Coppock),
2025-09-22 17:40:00,2025-09-22 18:00:00,BUY,3726.06,3723.02,3735.17,3726.67,FLIP,0.41,S433 AI Gold Star 123 (Coppock),
2025-09-22 18:00:00,2025-09-22 18:05:00,SELL,3726.67,3729.72,3717.51,3726.72,FLIP,-0.25,S433 AI Gold Star 123 (Coppock),
2025-09-22 18:05:00,2025-09-22 18:15:00,BUY,3726.72,3723.74,3735.67,3727.66,FLIP,0.74,S433 AI Gold Star 123 (Coppock),
2025-09-22 18:15:00,2025-09-22 19:15:00,SELL,3727.66,3730.52,3719.08,3719.08,TP,8.38,S433 AI Gold Star 123 (Coppock),
2025-09-22 19:45:00,2025-09-22 20:40:00,BUY,3719.77,3714.38,3735.94,3717.57,FLIP,-2.4,S433 AI Gold Star 123 (Coppock),
2025-09-22 20:40:00,2025-09-22 21:50:00,SELL,3717.57,3723.83,3698.79,3723.83,SL,-6.46,S433 AI Gold Star 123 (Coppock),
2025-09-22 23:10:00,2025-09-22 23:40:00,SELL,3735.59,3739.38,3724.23,3739.38,SL,-3.99,S433 AI Gold Star 123 (Coppock),
2025-09-23 00:20:00,2025-09-23 00:25:00,BUY,3740.1,3737.42,3748.14,3740.21,FLIP,-0.09,S433 AI Gold Star 123 (Coppock),
2025-09-23 00:25:00,2025-09-23 00:30:00,SELL,3740.21,3742.81,3732.42,3743.03,FLIP,-3.02,S433 AI Gold Star 123 (Coppock),
2025-09-23 00:30:00,2025-09-23 01:15:00,BUY,3743.03,3740.22,3751.46,3745.51,FLIP,2.28,S433 AI Gold Star 123 (Coppock),
2025-09-23 01:15:00,2025-09-23 01:20:00,SELL,3745.51,3747.93,3738.25,3747.51,FLIP,-2.2,S433 AI Gold Star 123 (Coppock),
2025-09-23 01:20:00,2025-09-23 01:25:00,BUY,3747.51,3744.97,3755.12,3745.96,FLIP,-1.75,S433 AI Gold Star 123 (Coppock),
2025-09-23 01:25:00,2025-09-23 02:00:00,SELL,3745.96,3748.57,3738.14,3748.57,SL,-2.81,S433 AI Gold Star 123 (Coppock),
2025-09-23 02:35:00,2025-09-23 02:40:00,BUY,3746.87,3744.44,3754.16,3745.68,FLIP,-1.39,S433 AI Gold Star 123 (Coppock),
2025-09-23 02:40:00,2025-09-23 02:45:00,SELL,3745.68,3748.04,3738.59,3747.17,FLIP,-1.69,S433 AI Gold Star 123 (Coppock),
2025-09-23 02:45:00,2025-09-23 03:00:00,BUY,3747.17,3744.72,3754.52,3747.16,FLIP,-0.21,S433 AI Gold Star 123 (Coppock),
2025-09-23 03:00:00,2025-09-23 03:20:00,SELL,3747.16,3749.68,3739.61,3746.67,FLIP,0.29,S433 AI Gold Star 123 (Coppock),
2025-09-23 03:20:00,2025-09-23 05:20:00,BUY,3746.67,3744.2,3754.08,3744.2,SL,-2.67,S433 AI Gold Star 123 (Coppock),
2025-09-23 06:05:00,2025-09-23 07:15:00,BUY,3741.66,3738.72,3750.47,3745.93,FLIP,4.07,S433 AI Gold Star 123 (Coppock),
2025-09-23 07:15:00,2025-09-23 07:30:00,SELL,3745.93,3748.99,3736.74,3748.99,SL,-3.26,S433 AI Gold Star 123 (Coppock),
2025-09-23 08:00:00,2025-09-23 08:25:00,BUY,3749.94,3746.94,3758.94,3749.92,FLIP,-0.22,S433 AI Gold Star 123 (Coppock),
2025-09-23 08:25:00,2025-09-23 08:30:00,SELL,3749.92,3754.56,3735.99,3751.85,FLIP,-2.13,S433 AI Gold Star 123 (Coppock),
2025-09-23 08:30:00,2025-09-23 08:55:00,BUY,3751.85,3746.87,3766.78,3754.5,FLIP,2.45,S433 AI Gold Star 123 (Coppock),
2025-09-23 08:55:00,2025-09-23 09:55:00,SELL,3754.5,3760.06,3737.81,3737.81,TP,16.49,S433 AI Gold Star 123 (Coppock),
2025-09-23 10:00:00,2025-09-23 11:15:00,BUY,3740.14,3734.53,3756.98,3744.47,FLIP,4.13,S433 AI Gold Star 123 (Coppock),
2025-09-23 11:15:00,2025-09-23 11:20:00,SELL,3744.47,3747.56,3735.2,3745.18,FLIP,-0.91,S433 AI Gold Star 123 (Coppock),
2025-09-23 11:20:00,2025-09-23 12:30:00,BUY,3745.18,3742.28,3753.87,3753.87,TP,8.49,S433 AI Gold Star 123 (Coppock),
2025-09-23 13:10:00,2025-09-23 15:15:00,SELL,3754.55,3758.58,3742.46,3758.58,SL,-4.23,S433 AI Gold Star 123 (Coppock),
2025-09-23 16:30:00,2025-09-23 17:55:00,SELL,3785.25,3792.03,3764.92,3782.98,FLIP,2.07,S433 AI Gold Star 123 (Coppock),
2025-09-23 17:55:00,2025-09-23 18:00:00,BUY,3782.98,3778.93,3795.13,3783.18,FLIP,-0.0,S433 AI Gold Star 123 (Coppock),
2025-09-23 18:00:00,2025-09-23 18:20:00,SELL,3783.18,3787.04,3771.61,3785.87,FLIP,-2.89,S433 AI Gold Star 123 (Coppock),
2025-09-23 18:20:00,2025-09-23 18:30:00,BUY,3785.87,3781.71,3798.35,3784.36,FLIP,-1.71,S433 AI Gold Star 123 (Coppock),
2025-09-23 18:30:00,2025-09-23 18:35:00,SELL,3784.36,3789.0,3770.45,3783.36,FLIP,0.8,S433 AI Gold Star 123 (Coppock),
2025-09-23 18:35:00,2025-09-23 19:05:00,BUY,3783.36,3779.0,3796.45,3780.69,FLIP,-2.87,S433 AI Gold Star 123 (Coppock),
2025-09-23 19:05:00,2025-09-23 19:45:00,SELL,3780.69,3785.32,3766.79,3785.32,SL,-4.83,S433 AI Gold Star 123 (Coppock),
2025-09-24 02:35:00,2025-09-24 08:30:00,BUY,3765.24,3757.29,3789.09,3757.29,SL,-8.15,S433 AI Gold Star 123 (Coppock),
2025-09-24 09:35:00,2025-09-24 10:55:00,BUY,3753.61,3749.39,3766.28,3766.28,TP,12.47,S433 AI Gold Star 123 (Coppock),
2025-09-24 11:10:00,2025-09-24 12:00:00,SELL,3766.83,3769.92,3757.57,3769.92,SL,-3.29,S433 AI Gold Star 123 (Coppock),
2025-09-24 12:10:00,2025-09-24 12:45:00,BUY,3770.67,3768.29,3777.81,3772.94,FLIP,2.07,S433 AI Gold Star 123 (Coppock),
2025-09-24 12:45:00,2025-09-24 12:50:00,SELL,3772.94,3775.88,3764.12,3776.04,FLIP,-3.3,S433 AI Gold Star 123 (Coppock),
2025-09-24 12:50:00,2025-09-24 13:00:00,BUY,3776.04,3772.85,3785.61,3774.87,FLIP,-1.37,S433 AI Gold Star 123 (Coppock),
2025-09-24 13:00:00,2025-09-24 14:05:00,SELL,3774.87,3778.35,3764.44,3775.22,FLIP,-0.55,S433 AI Gold Star 123 (Coppock),
2025-09-24 14:05:00,2025-09-24 14:10:00,BUY,3775.22,3771.24,3787.17,3773.29,FLIP,-2.13,S433 AI Gold Star 123 (Coppock),
2025-09-24 14:10:00,2025-09-24 14:15:00,SELL,3773.29,3777.18,3761.62,3775.39,FLIP,-2.3,S433 AI Gold Star 123 (Coppock),
2025-09-24 14:15:00,2025-09-24 15:25:00,BUY,3775.39,3771.47,3787.15,3771.47,SL,-4.12,S433 AI Gold Star 123 (Coppock),
2025-09-24 16:00:00,2025-09-24 16:25:00,BUY,3770.52,3767.31,3780.15,3767.31,SL,-3.41,S433 AI Gold Star 123 (Coppock),
2025-09-24 17:00:00,2025-09-24 17:30:00,SELL,3766.82,3769.9,3757.59,3764.69,FLIP,1.93,S433 AI Gold Star 123 (Coppock),
2025-09-24 17:30:00,2025-09-24 17:40:00,BUY,3764.69,3761.03,3775.67,3762.83,FLIP,-2.06,S433 AI Gold Star 123 (Coppock),
2025-09-24 17:40:00,2025-09-24 17:55:00,SELL,3762.83,3766.4,3752.12,3762.09,FLIP,0.54,S433 AI Gold Star 123 (Coppock),
2025-09-24 17:55:00,2025-09-24 18:05:00,BUY,3762.09,3758.75,3772.1,3760.36,FLIP,-1.93,S433 AI Gold Star 123 (Coppock),
2025-09-24 18:05:00,2025-09-24 18:10:00,SELL,3760.36,3763.9,3749.75,3763.08,FLIP,-2.92,S433 AI Gold Star 123 (Coppock),
2025-09-24 18:10:00,2025-09-24 19:10:00,BUY,3763.08,3759.39,3774.16,3766.37,FLIP,3.09,S433 AI Gold Star 123 (Coppock),
2025-09-24 19:10:00,2025-09-24 19:15:00,SELL,3766.37,3769.68,3756.43,3770.58,FLIP,-4.41,S433 AI Gold Star 123 (Coppock),
2025-09-24 19:15:00,2025-09-24 19:20:00,BUY,3770.58,3767.15,3780.88,3766.15,FLIP,-4.63,S433 AI Gold Star 123 (Coppock),
2025-09-24 19:20:00,2025-09-24 19:55:00,SELL,3766.15,3769.91,3754.86,3769.91,SL,-3.96,S433 AI Gold Star 123 (Coppock),
2025-09-24 21:40:00,2025-09-24 21:45:00,BUY,3755.41,3747.99,3777.66,3754.69,FLIP,-0.92,S433 AI Gold Star 123 (Coppock),
2025-09-24 21:45:00,2025-09-24 21:50:00,SELL,3754.69,3762.09,3732.48,3752.92,FLIP,1.57,S433 AI Gold Star 123 (Coppock),
2025-09-24 21:50:00,2025-09-24 22:30:00,BUY,3752.92,3745.45,3775.34,3745.96,FLIP,-7.16,S433 AI Gold Star 123 (Coppock),
2025-09-24 22:30:00,2025-09-24 23:25:00,SELL,3745.96,3751.87,3728.22,3742.05,FLIP,3.71,S433 AI Gold Star 123 (Coppock),
2025-09-24 23:25:00,2025-09-24 23:30:00,BUY,3742.05,3735.53,3761.62,3739.09,FLIP,-3.16,S433 AI Gold Star 123 (Coppock),
2025-09-24 23:30:00,2025-09-24 23:35:00,SELL,3739.09,3745.78,3719.02,3739.82,FLIP,-0.93,S433 AI Gold Star 123 (Coppock),
2025-09-24 23:35:00,2025-09-24 23:45:00,BUY,3739.82,3733.47,3758.88,3734.87,FLIP,-5.15,S433 AI Gold Star 123 (Coppock),
2025-09-24 23:45:00,2025-09-24 23:50:00,SELL,3734.87,3741.25,3715.73,3736.62,FLIP,-1.95,S433 AI Gold Star 123 (Coppock),
2025-09-24 23:50:00,2025-09-25 01:00:00,BUY,3736.62,3730.35,3755.44,3731.03,FLIP,-5.79,S433 AI Gold Star 123 (Coppock),
2025-09-25 01:00:00,2025-09-25 01:30:00,SELL,3731.03,3734.27,3721.3,3729.46,FLIP,1.37,S433 AI Gold Star 123 (Coppock),
2025-09-25 01:30:00,2025-09-25 01:40:00,BUY,3729.46,3725.89,3740.17,3728.32,FLIP,-1.34,S433 AI Gold Star 123 (Coppock),
2025-09-25 01:40:00,2025-09-25 02:30:00,SELL,3728.32,3731.96,3717.39,3722.32,FLIP,5.8,S433 AI Gold Star 123 (Coppock),
2025-09-25 02:30:00,2025-09-25 03:35:00,BUY,3722.32,3718.1,3734.97,3734.97,TP,12.45,S433 AI Gold Star 123 (Coppock),
2025-09-25 03:40:00,2025-09-25 05:05:00,SELL,3736.47,3739.49,3727.41,3739.49,SL,-3.22,S433 AI Gold Star 123 (Coppock),
2025-09-25 05:20:00,2025-09-25 05:30:00,BUY,3743.49,3741.06,3750.77,3741.11,FLIP,-2.58,S433 AI Gold Star 123 (Coppock),
2025-09-25 05:30:00,2025-09-25 06:45:00,SELL,3741.11,3743.9,3732.75,3743.13,FLIP,-2.22,S433 AI Gold Star 123 (Coppock),
2025-09-25 06:45:00,2025-09-25 07:15:00,BUY,3743.13,3740.63,3750.62,3750.62,TP,7.29,S433 AI Gold Star 123 (Coppock),
2025-09-25 07:35:00,2025-09-25 08:50:00,SELL,3746.86,3750.54,3735.83,3735.83,TP,10.83,S433 AI Gold Star 123 (Coppock),
2025-09-25 09:20:00,2025-09-25 10:25:00,BUY,3733.52,3728.46,3748.69,3735.69,FLIP,1.97,S433 AI Gold Star 123 (Coppock),
2025-09-25 10:25:00,2025-09-25 11:35:00,SELL,3735.69,3739.8,3723.37,3739.8,SL,-4.31,S433 AI Gold Star 123 (Coppock),
2025-09-25 13:40:00,2025-09-25 14:30:00,SELL,3742.09,3746.27,3729.55,3746.27,SL,-4.38,S433 AI Gold Star 123 (Coppock),
2025-09-25 15:25:00,2025-09-25 16:40:00,SELL,3757.43,3762.98,3740.79,3756.09,FLIP,1.14,S433 AI Gold Star 123 (Coppock),
2025-09-25 16:40:00,2025-09-25 18:00:00,BUY,3756.09,3752.03,3768.28,3752.03,SL,-4.26,S433 AI Gold Star 123 (Coppock),
2025-09-25 18:40:00,2025-09-25 19:30:00,BUY,3750.99,3745.27,3768.16,3745.27,SL,-5.92,S433 AI Gold Star 123 (Coppock),
2025-09-25 20:20:00,2025-09-25 20:35:00,BUY,3743.33,3734.02,3771.26,3731.62,FLIP,-11.91,S433 AI Gold Star 123 (Coppock),
2025-09-25 20:35:00,2025-09-25 20:45:00,SELL,3731.62,3741.85,3700.92,3725.13,FLIP,6.29,S433 AI Gold Star 123 (Coppock),
2025-09-25 20:45:00,2025-09-25 20:50:00,BUY,3725.13,3715.8,3753.12,3727.0,FLIP,1.67,S433 AI Gold Star 123 (Coppock),
2025-09-25 20:50:00,2025-09-25 20:55:00,SELL,3727.0,3736.29,3699.12,3733.7,FLIP,-6.9,S433 AI Gold Star 123 (Coppock),
2025-09-25 20:55:00,2025-09-25 21:10:00,BUY,3733.7,3724.2,3762.19,3729.68,FLIP,-4.22,S433 AI Gold Star 123 (Coppock),
2025-09-25 21:10:00,2025-09-25 21:15:00,SELL,3729.68,3738.97,3701.82,3732.22,FLIP,-2.74,S433 AI Gold Star 123 (Coppock),
2025-09-25 21:15:00,2025-09-25 21:35:00,BUY,3732.22,3722.93,3760.1,3726.15,FLIP,-6.27,S433 AI Gold Star 123 (Coppock),
2025-09-25 21:35:00,2025-09-25 21:40:00,SELL,3726.15,3735.72,3697.43,3727.65,FLIP,-1.7,S433 AI Gold Star 123 (Coppock),
2025-09-25 21:40:00,2025-09-26 01:35:00,BUY,3727.65,3718.38,3755.45,3755.45,TP,27.6,S433 AI Gold Star 123 (Coppock),
2025-09-26 02:15:00,2025-09-26 06:15:00,SELL,3754.61,3759.68,3739.4,3739.4,TP,15.01,S433 AI Gold Star 123 (Coppock),
2025-09-26 20:35:00,2025-09-26 20:45:00,SELL,3755.44,3763.43,3731.46,3758.93,FLIP,-3.69,S433 AI Gold Star 123 (Coppock),
2025-09-26 20:45:00,2025-09-26 21:25:00,BUY,3758.93,3751.56,3781.03,3781.03,TP,21.9,S433 AI Gold Star 123 (Coppock),
2025-09-26 21:50:00,2025-09-26 22:50:00,SELL,3777.03,3784.57,3754.4,3779.9,FLIP,-3.07,S433 AI Gold Star 123 (Coppock),
2025-09-26 22:50:00,2025-09-26 23:10:00,BUY,3779.9,3774.72,3795.43,3775.15,FLIP,-4.95,S433 AI Gold Star 123 (Coppock),
2025-09-26 23:10:00,2025-09-27 00:15:00,SELL,3775.15,3780.04,3760.48,3780.04,SL,-5.09,S433 AI Gold Star 123 (Coppock),
2025-09-27 03:15:00,2025-09-27 03:45:00,BUY,3766.12,3761.9,3778.77,3761.9,SL,-4.42,S433 AI Gold Star 123 (Coppock),
2025-09-29 08:05:00,2025-09-29 09:05:00,SELL,3777.44,3783.33,3759.78,3783.33,SL,-6.09,S433 AI Gold Star 123 (Coppock),
2025-09-29 09:55:00,2025-09-29 10:00:00,SELL,3792.88,3799.42,3773.26,3796.88,FLIP,-4.2,S433 AI Gold Star 123 (Coppock),
2025-09-29 10:00:00,2025-09-29 10:05:00,BUY,3796.88,3790.43,3816.23,3797.27,FLIP,0.19,S433 AI Gold Star 123 (Coppock),
2025-09-29 10:05:00,2025-09-29 11:20:00,SELL,3797.27,3803.58,3778.35,3798.72,FLIP,-1.65,S433 AI Gold Star 123 (Coppock),
2025-09-29 11:20:00,2025-09-29 12:05:00,BUY,3798.72,3794.95,3810.03,3810.03,TP,11.11,S433 AI Gold Star 123 (Coppock),
2025-09-29 12:15:00,2025-09-29 12:50:00,SELL,3804.6,3810.11,3788.08,3810.11,SL,-5.71,S433 AI Gold Star 123 (Coppock),
2025-09-29 12:55:00,2025-09-29 13:45:00,BUY,3813.56,3806.97,3833.33,3814.76,FLIP,1.0,S433 AI Gold Star 123 (Coppock),
2025-09-29 13:45:00,2025-09-29 15:05:00,SELL,3814.76,3821.74,3793.81,3813.4,FLIP,1.16,S433 AI Gold Star 123 (Coppock),
2025-09-29 15:05:00,2025-09-29 16:15:00,BUY,3813.4,3807.98,3829.65,3817.1,FLIP,3.5,S433 AI Gold Star 123 (Coppock),
2025-09-29 16:15:00,2025-09-29 17:20:00,SELL,3817.1,3820.81,3805.98,3815.72,FLIP,1.18,S433 AI Gold Star 123 (Coppock),
2025-09-29 17:20:00,2025-09-29 18:30:00,BUY,3815.72,3811.26,3829.09,3824.74,FLIP,8.82,S433 AI Gold Star 123 (Coppock),
2025-09-29 18:30:00,2025-09-29 18:40:00,SELL,3824.74,3828.35,3813.92,3827.24,FLIP,-2.7,S433 AI Gold Star 123 (Coppock),
2025-09-29 18:40:00,2025-09-29 19:00:00,BUY,3827.24,3823.29,3839.09,3825.77,FLIP,-1.67,S433 AI Gold Star 123 (Coppock),
2025-09-29 19:00:00,2025-09-29 19:55:00,SELL,3825.77,3830.34,3812.07,3812.07,TP,13.5,S433 AI Gold Star 123 (Coppock),
2025-09-29 20:10:00,2025-09-29 21:15:00,BUY,3817.07,3810.28,3837.45,3819.29,FLIP,2.02,S433 AI Gold Star 123 (Coppock),
2025-09-29 21:15:00,2025-09-29 21:25:00,SELL,3819.29,3826.79,3796.78,3826.79,SL,-7.7,S433 AI Gold Star 123 (Coppock),
2025-09-30 07:45:00,2025-09-30 08:00:00,SELL,3836.5,3841.38,3821.87,3841.38,SL,-5.08,S433 AI Gold Star 123 (Coppock),
2025-09-30 08:20:00,2025-09-30 08:25:00,BUY,3847.43,3842.28,3862.88,3844.25,FLIP,-3.38,S433 AI Gold Star 123 (Coppock),
2025-09-30 08:25:00,2025-09-30 08:30:00,SELL,3844.25,3849.47,3828.59,3847.79,FLIP,-3.74,S433 AI Gold Star 123 (Coppock),
2025-09-30 08:30:00,2025-09-30 09:05:00,BUY,3847.79,3842.13,3864.76,3846.67,FLIP,-1.32,S433 AI Gold Star 123 (Coppock),
2025-09-30 09:05:00,2025-09-30 10:05:00,SELL,3846.67,3852.54,3829.07,3849.46,FLIP,-2.99,S433 AI Gold Star 123 (Coppock),
2025-09-30 10:05:00,2025-09-30 10:40:00,BUY,3849.46,3845.17,3862.34,3862.34,TP,12.68,S433 AI Gold Star 123 (Coppock),
2025-09-30 11:10:00,2025-09-30 12:00:00,SELL,3862.83,3867.2,3849.72,3867.2,SL,-4.57,S433 AI Gold Star 123 (Coppock),
2025-09-30 12:15:00,2025-09-30 12:30:00,BUY,3869.29,3865.26,3881.38,3865.26,SL,-4.23,S433 AI Gold Star 123 (Coppock),
2025-09-30 12:50:00,2025-09-30 13:00:00,SELL,3869.0,3873.76,3854.72,3868.37,FLIP,0.43,S433 AI Gold Star 123 (Coppock),
2025-09-30 13:00:00,2025-09-30 13:05:00,BUY,3868.37,3863.45,3883.13,3869.67,FLIP,1.1,S433 AI Gold Star 123 (Coppock),
2025-09-30 13:05:00,2025-09-30 13:30:00,SELL,3869.67,3874.51,3855.15,3870.14,FLIP,-0.67,S433 AI Gold Star 123 (Coppock),
2025-09-30 13:30:00,2025-09-30 13:45:00,BUY,3870.14,3865.07,3885.35,3864.5,FLIP,-5.84,S433 AI Gold Star 123 (Coppock),
2025-09-30 13:45:00,2025-09-30 14:25:00,SELL,3864.5,3869.71,3848.88,3848.88,TP,15.42,S433 AI Gold Star 123 (Coppock),
2025-09-30 15:00:00,2025-09-30 15:05:00,BUY,3844.3,3837.67,3864.18,3836.14,FLIP,-8.36,S433 AI Gold Star 123 (Coppock),
2025-09-30 15:05:00,2025-09-30 15:30:00,SELL,3836.14,3843.51,3814.04,3814.04,TP,21.9,S433 AI Gold Star 123 (Coppock),
2025-09-30 16:00:00,2025-09-30 16:05:00,BUY,3818.47,3806.7,3853.78,3811.47,FLIP,-7.2,S433 AI Gold Star 123 (Coppock),
2025-09-30 16:05:00,2025-09-30 16:15:00,SELL,3811.47,3823.61,3775.06,3801.7,FLIP,9.57,S433 AI Gold Star 123 (Coppock),
2025-09-30 16:15:00,2025-09-30 16:20:00,BUY,3801.7,3789.01,3839.76,3798.3,FLIP,-3.6,S433 AI Gold Star 123 (Coppock),
2025-09-30 16:20:00,2025-09-30 16:25:00,SELL,3798.3,3811.15,3759.74,3801.69,FLIP,-3.59,S433 AI Gold Star 123 (Coppock),
2025-09-30 16:25:00,2025-09-30 18:10:00,BUY,3801.69,3788.96,3839.88,3806.72,FLIP,4.83,S433 AI Gold Star 123 (Coppock),
2025-09-30 18:10:00,2025-09-30 18:30:00,SELL,3806.72,3811.92,3791.11,3816.09,FLIP,-9.57,S433 AI Gold Star 123 (Coppock),
2025-09-30 18:30:00,2025-09-30 18:40:00,BUY,3816.09,3810.47,3832.94,3814.89,FLIP,-1.4,S433 AI Gold Star 123 (Coppock),
2025-09-30 18:40:00,2025-09-30 19:05:00,SELL,3814.89,3820.08,3799.31,3814.89,FLIP,-0.2,S433 AI Gold Star 123 (Coppock),
2025-09-30 19:05:00,2025-09-30 19:40:00,BUY,3814.89,3809.36,3831.48,3809.36,SL,-5.73,S433 AI Gold Star 123 (Coppock),
2025-09-30 21:55:00,2025-10-01 02:50:00,SELL,3854.09,3863.47,3825.95,3859.73,FLIP,-5.84,S433 AI Gold Star 123 (Coppock),
2025-10-01 02:50:00,2025-10-01 03:00:00,BUY,3859.73,3856.7,3868.81,3854.82,FLIP,-5.11,S433 AI Gold Star 123 (Coppock),
2025-10-01 03:00:00,2025-10-01 03:35:00,SELL,3854.82,3858.35,3844.24,3858.35,SL,-3.73,S433 AI Gold Star 123 (Coppock),
2025-10-01 03:55:00,2025-10-01 05:25:00,BUY,3858.92,3854.55,3872.03,3854.77,FLIP,-4.35,S433 AI Gold Star 123 (Coppock),
2025-10-01 05:25:00,2025-10-01 05:30:00,SELL,3854.77,3858.15,3844.63,3858.83,FLIP,-4.26,S433 AI Gold Star 123 (Coppock),
2025-10-01 05:30:00,2025-10-01 05:35:00,BUY,3858.83,3855.32,3869.36,3858.28,FLIP,-0.75,S433 AI Gold Star 123 (Coppock),
2025-10-01 05:35:00,2025-10-01 06:05:00,SELL,3858.28,3861.89,3847.45,3861.89,SL,-3.81,S433 AI Gold Star 123 (Coppock),
2025-10-01 06:15:00,2025-10-01 06:25:00,BUY,3861.83,3859.07,3870.1,3861.67,FLIP,-0.36,S433 AI Gold Star 123 (Coppock),
2025-10-01 06:25:00,2025-10-01 06:30:00,SELL,3861.67,3864.37,3853.57,3861.47,FLIP,0.0,S433 AI Gold Star 123 (Coppock),
2025-10-01 06:30:00,2025-10-01 07:30:00,BUY,3861.47,3858.8,3869.49,3858.8,SL,-2.87,S433 AI Gold Star 123 (Coppock),
2025-10-01 09:20:00,2025-10-01 12:00:00,SELL,3864.9,3869.4,3851.41,3869.4,SL,-4.7,S433 AI Gold Star 123 (Coppock),
2025-10-01 15:30:00,2025-10-01 16:10:00,SELL,3888.56,3895.15,3868.8,3895.15,SL,-6.79,S433 AI Gold Star 123 (Coppock),
2025-10-01 17:10:00,2025-10-01 18:10:00,BUY,3888.93,3884.04,3903.59,3884.04,SL,-5.09,S433 AI Gold Star 123 (Coppock),
2025-10-01 18:55:00,2025-10-01 19:25:00,BUY,3883.59,3879.44,3896.05,3877.81,FLIP,-5.98,S433 AI Gold Star 123 (Coppock),
2025-10-01 19:25:00,2025-10-01 20:30:00,SELL,3877.81,3883.52,3860.67,3874.21,FLIP,3.4,S433 AI Gold Star 123 (Coppock),
2025-10-01 20:30:00,2025-10-01 21:45:00,BUY,3874.21,3866.0,3898.83,3866.53,FLIP,-7.88,S433 AI Gold Star 123 (Coppock),
2025-10-01 21:45:00,2025-10-01 22:00:00,SELL,3866.53,3874.74,3841.91,3874.74,SL,-8.41,S433 AI Gold Star 123 (Coppock),
2025-10-01 22:05:00,2025-10-01 22:10:00,BUY,3874.78,3865.92,3901.35,3869.27,FLIP,-5.71,S433 AI Gold Star 123 (Coppock),
2025-10-01 22:10:00,2025-10-01 22:50:00,SELL,3869.27,3878.4,3841.89,3868.21,FLIP,0.86,S433 AI Gold Star 123 (Coppock),
2025-10-01 22:50:00,2025-10-02 00:00:00,BUY,3868.21,3858.2,3898.23,3870.9,FLIP,2.49,S433 AI Gold Star 123 (Coppock),
2025-10-02 00:00:00,2025-10-02 01:00:00,SELL,3870.9,3874.58,3859.85,3859.85,TP,10.85,S433 AI Gold Star 123 (Coppock),
2025-10-02 01:15:00,2025-10-02 01:40:00,BUY,3864.71,3859.73,3879.64,3859.73,SL,-5.18,S433 AI Gold Star 123 (Coppock),
2025-10-02 02:25:00,2025-10-02 02:35:00,SELL,3864.73,3868.96,3852.03,3865.45,FLIP,-0.92,S433 AI Gold Star 123 (Coppock),
2025-10-02 02:35:00,2025-10-02 02:55:00,BUY,3865.45,3861.42,3877.53,3867.9,FLIP,2.25,S433 AI Gold Star 123 (Coppock),
2025-10-02 02:55:00,2025-10-02 07:20:00,SELL,3867.9,3871.59,3856.82,3856.82,TP,10.88,S433 AI Gold Star 123 (Coppock),
2025-10-02 07:45:00,2025-10-02 07:50:00,BUY,3860.58,3856.3,3873.42,3857.38,FLIP,-3.4,S433 AI Gold Star 123 (Coppock),
2025-10-02 07:50:00,2025-10-02 08:05:00,SELL,3857.38,3861.75,3844.28,3858.16,FLIP,-0.98,S433 AI Gold Star 123 (Coppock),
2025-10-02 08:05:00,2025-10-02 09:15:00,BUY,3858.16,3853.69,3871.58,3866.1,FLIP,7.74,S433 AI Gold Star 123 (Coppock),
2025-10-02 09:15:00,2025-10-02 10:10:00,SELL,3866.1,3870.85,3851.84,3869.02,FLIP,-3.12,S433 AI Gold Star 123 (Coppock),
2025-10-02 10:10:00,2025-10-02 10:25:00,BUY,3869.02,3864.94,3881.25,3867.25,FLIP,-1.97,S433 AI Gold Star 123 (Coppock),
2025-10-02 10:25:00,2025-10-02 12:25:00,SELL,3867.25,3870.04,3858.87,3870.04,SL,-2.99,S433 AI Gold Star 123 (Coppock),
2025-10-02 13:40:00,2025-10-02 14:10:00,SELL,3870.63,3873.55,3861.88,3873.17,FLIP,-2.74,S433 AI Gold Star 123 (Coppock),
2025-10-02 14:10:00,2025-10-02 14:20:00,BUY,3873.17,3868.77,3886.36,3870.19,FLIP,-3.18,S433 AI Gold Star 123 (Coppock),
2025-10-02 14:20:00,2025-10-02 14:45:00,SELL,3870.19,3874.84,3856.25,3868.14,FLIP,1.85,S433 AI Gold Star 123 (Coppock),
2025-10-02 14:45:00,2025-10-02 16:20:00,BUY,3868.14,3862.31,3885.64,3875.45,FLIP,7.11,S433 AI Gold Star 123 (Coppock),
2025-10-02 16:20:00,2025-10-02 17:05:00,SELL,3875.45,3880.08,3861.55,3880.08,SL,-4.83,S433 AI Gold Star 123 (Coppock),
2025-10-02 17:15:00,2025-10-02 17:35:00,BUY,3879.47,3875.67,3890.86,3880.06,FLIP,0.39,S433 AI Gold Star 123 (Coppock),
2025-10-02 17:35:00,2025-10-02 17:40:00,SELL,3880.06,3883.87,3868.64,3881.03,FLIP,-1.17,S433 AI Gold Star 123 (Coppock),
2025-10-02 17:40:00,2025-10-02 17:45:00,BUY,3881.03,3877.0,3893.12,3880.35,FLIP,-0.88,S433 AI Gold Star 123 (Coppock),
2025-10-02 17:45:00,2025-10-02 18:10:00,SELL,3880.35,3884.41,3868.16,3883.3,FLIP,-3.15,S433 AI Gold Star 123 (Coppock),
2025-10-02 18:10:00,2025-10-02 18:25:00,BUY,3883.3,3879.36,3895.11,3883.52,FLIP,0.02,S433 AI Gold Star 123 (Coppock),
2025-10-02 18:25:00,2025-10-02 18:35:00,SELL,3883.52,3887.11,3872.74,3885.35,FLIP,-2.03,S433 AI Gold Star 123 (Coppock),
2025-10-02 18:35:00,2025-10-02 18:45:00,BUY,3885.35,3881.9,3895.69,3884.31,FLIP,-1.24,S433 AI Gold Star 123 (Coppock),
2025-10-02 18:45:00,2025-10-02 18:55:00,SELL,3884.31,3887.79,3873.86,3886.31,FLIP,-2.2,S433 AI Gold Star 123 (Coppock),
2025-10-02 18:55:00,2025-10-02 19:10:00,BUY,3886.31,3883.07,3896.04,3886.44,FLIP,-0.07,S433 AI Gold Star 123 (Coppock),
2025-10-02 19:10:00,2025-10-02 20:00:00,SELL,3886.44,3890.33,3874.77,3890.33,SL,-4.09,S433 AI Gold Star 123 (Coppock),
2025-10-02 20:35:00,2025-10-02 21:20:00,SELL,3883.14,3889.55,3863.91,3863.91,TP,19.03,S433 AI Gold Star 123 (Coppock),
2025-10-02 22:05:00,2025-10-02 22:35:00,BUY,3835.87,3822.71,3875.34,3822.71,SL,-13.36,S433 AI Gold Star 123 (Coppock),
2025-10-03 00:10:00,2025-10-03 00:15:00,SELL,3845.63,3851.9,3826.83,3846.69,FLIP,-1.26,S433 AI Gold Star 123 (Coppock),
2025-10-03 00:15:00,2025-10-03 00:20:00,BUY,3846.69,3840.42,3865.49,3847.61,FLIP,0.72,S433 AI Gold Star 123 (Coppock),
2025-10-03 00:20:00,2025-10-03 02:00:00,SELL,3847.61,3853.42,3830.18,3853.42,SL,-6.01,S433 AI Gold Star 123 (Coppock),
2025-10-03 02:35:00,2025-10-03 05:05:00,SELL,3856.43,3859.9,3846.03,3857.22,FLIP,-0.99,S433 AI Gold Star 123 (Coppock),
2025-10-03 05:05:00,2025-10-03 05:10:00,BUY,3857.22,3854.52,3865.33,3853.29,FLIP,-4.13,S433 AI Gold Star 123 (Coppock),
2025-10-03 05:10:00,2025-10-03 05:35:00,SELL,3853.29,3856.05,3845.01,3856.05,SL,-2.96,S433 AI Gold Star 123 (Coppock),
2025-10-03 07:00:00,2025-10-03 08:05:00,SELL,3860.23,3862.3,3854.02,3862.3,SL,-2.27,S433 AI Gold Star 123 (Coppock),
2025-10-03 10:40:00,2025-10-03 12:30:00,BUY,3840.81,3835.59,3856.48,3856.48,TP,15.47,S433 AI Gold Star 123 (Coppock),
2025-10-03 13:00:00,2025-10-03 13:05:00,SELL,3852.44,3857.09,3838.49,3858.24,FLIP,-6.0,S433 AI Gold Star 123 (Coppock),
2025-10-03 13:05:00,2025-10-03 13:10:00,BUY,3858.24,3853.04,3873.85,3859.25,FLIP,0.81,S433 AI Gold Star 123 (Coppock),
2025-10-03 13:10:00,2025-10-03 13:15:00,SELL,3859.25,3864.38,3843.87,3860.12,FLIP,-1.07,S433 AI Gold Star 123 (Coppock),
2025-10-03 13:15:00,2025-10-03 13:20:00,BUY,3860.12,3855.16,3875.0,3859.39,FLIP,-0.93,S433 AI Gold Star 123 (Coppock),
2025-10-03 13:20:00,2025-10-03 14:20:00,SELL,3859.39,3863.91,3845.84,3862.57,FLIP,-3.38,S433 AI Gold Star 123 (Coppock),
2025-10-03 14:20:00,2025-10-03 14:30:00,BUY,3862.57,3858.6,3874.48,3862.13,FLIP,-0.64,S433 AI Gold Star 123 (Coppock),
2025-10-03 14:30:00,2025-10-03 14:35:00,SELL,3862.13,3866.05,3850.38,3863.34,FLIP,-1.41,S433 AI Gold Star 123 (Coppock),
2025-10-03 14:35:00,2025-10-03 15:10:00,BUY,3863.34,3859.44,3875.03,3861.63,FLIP,-1.91,S433 AI Gold Star 123 (Coppock),
2025-10-03 15:10:00,2025-10-03 15:55:00,SELL,3861.63,3864.78,3852.17,3864.78,SL,-3.35,S433 AI Gold Star 123 (Coppock),
2025-10-03 20:45:00,2025-10-03 22:55:00,SELL,3883.44,3890.69,3861.69,3890.69,SL,-7.45,S433 AI Gold Star 123 (Coppock),
2025-10-06 06:35:00,2025-10-06 08:00:00,SELL,3911.09,3919.56,3885.68,3901.37,FLIP,9.52,S433 AI Gold Star 123 (Coppock),
2025-10-06 08:00:00,2025-10-06 09:00:00,BUY,3901.37,3895.27,3919.67,3919.67,TP,18.1,S433 AI Gold Star 123 (Coppock),
2025-10-06 09:30:00,2025-10-06 10:10:00,SELL,3920.0,3925.47,3903.59,3925.47,SL,-5.67,S433 AI Gold Star 123 (Coppock),
2025-10-06 10:40:00,2025-10-06 11:45:00,BUY,3928.43,3923.97,3941.82,3935.54,FLIP,6.91,S433 AI Gold Star 123 (Coppock),
2025-10-06 11:45:00,2025-10-06 12:00:00,SELL,3935.54,3940.5,3920.65,3939.68,FLIP,-4.34,S433 AI Gold Star 123 (Coppock),
2025-10-06 12:00:00,2025-10-06 12:10:00,BUY,3939.68,3934.74,3954.5,3940.08,FLIP,0.2,S433 AI Gold Star 123 (Coppock),
2025-10-06 12:10:00,2025-10-06 13:05:00,SELL,3940.08,3945.58,3923.57,3923.57,TP,16.31,S433 AI Gold Star 123 (Coppock),
2025-10-06 13:25:00,2025-10-06 14:40:00,BUY,3928.36,3921.68,3948.41,3932.9,FLIP,4.34,S433 AI Gold Star 123 (Coppock),
2025-10-06 14:40:00,2025-10-06 14:45:00,SELL,3932.9,3938.31,3916.67,3940.0,FLIP,-7.3,S433 AI Gold Star 123 (Coppock),
2025-10-06 14:45:00,2025-10-06 15:25:00,BUY,3940.0,3934.01,3957.96,3943.8,FLIP,3.6,S433 AI Gold Star 123 (Coppock),
2025-10-06 15:25:00,2025-10-06 17:30:00,SELL,3943.8,3950.38,3924.06,3941.54,FLIP,2.06,S433 AI Gold Star 123 (Coppock),
2025-10-06 17:30:00,2025-10-06 18:10:00,BUY,3941.54,3936.22,3957.49,3936.22,SL,-5.52,S433 AI Gold Star 123 (Coppock),
2025-10-06 18:55:00,2025-10-06 19:00:00,BUY,3938.34,3932.91,3954.63,3935.59,FLIP,-2.95,S433 AI Gold Star 123 (Coppock),
2025-10-06 19:00:00,2025-10-06 19:05:00,SELL,3935.59,3941.35,3918.31,3938.93,FLIP,-3.54,S433 AI Gold Star 123 (Coppock),
2025-10-06 19:05:00,2025-10-06 19:20:00,BUY,3938.93,3932.79,3957.36,3933.55,FLIP,-5.58,S433 AI Gold Star 123 (Coppock),
2025-10-06 19:20:00,2025-10-06 19:45:00,SELL,3933.55,3940.12,3913.85,3934.28,FLIP,-0.93,S433 AI Gold Star 123 (Coppock),
2025-10-06 19:45:00,2025-10-06 20:05:00,BUY,3934.28,3927.37,3955.0,3935.33,FLIP,0.85,S433 AI Gold Star 123 (Coppock),
2025-10-06 20:05:00,2025-10-06 20:10:00,SELL,3935.33,3942.36,3914.24,3934.36,FLIP,0.77,S433 AI Gold Star 123 (Coppock),
2025-10-06 20:10:00,2025-10-06 20:30:00,BUY,3934.36,3927.47,3955.03,3928.51,FLIP,-6.05,S433 AI Gold Star 123 (Coppock),
2025-10-06 20:30:00,2025-10-06 20:35:00,SELL,3928.51,3935.17,3908.53,3938.17,FLIP,-9.86,S433 AI Gold Star 123 (Coppock),
2025-10-06 20:35:00,2025-10-06 21:45:00,BUY,3938.17,3930.85,3960.14,3955.21,FLIP,16.84,S433 AI Gold Star 123 (Coppock),
2025-10-06 21:45:00,2025-10-06 22:55:00,SELL,3955.21,3963.3,3930.93,3962.55,FLIP,-7.54,S433 AI Gold Star 123 (Coppock),
2025-10-06 22:55:00,2025-10-06 23:10:00,BUY,3962.55,3955.92,3982.45,3947.63,FLIP,-15.12,S433 AI Gold Star 123 (Coppock),
2025-10-06 23:10:00,2025-10-07 00:00:00,SELL,3947.63,3955.97,3922.6,3955.97,SL,-8.54,S433 AI Gold Star 123 (Coppock),
2025-10-07 02:15:00,2025-10-07 02:20:00,SELL,3961.01,3964.08,3951.79,3961.35,FLIP,-0.54,S433 AI Gold Star 123 (Coppock),
2025-10-07 02:20:00,2025-10-07 02:40:00,BUY,3961.35,3958.34,3970.37,3962.37,FLIP,0.82,S433 AI Gold Star 123 (Coppock),
2025-10-07 02:40:00,2025-10-07 02:45:00,SELL,3962.37,3965.8,3952.09,3962.48,FLIP,-0.31,S433 AI Gold Star 123 (Coppock),
2025-10-07 02:45:00,2025-10-07 02:50:00,BUY,3962.48,3959.02,3972.85,3962.36,FLIP,-0.32,S433 AI Gold Star 123 (Coppock),
2025-10-07 02:50:00,2025-10-07 05:05:00,SELL,3962.36,3965.84,3951.91,3965.84,SL,-3.68,S433 AI Gold Star 123 (Coppock),
2025-10-07 05:40:00,2025-10-07 05:50:00,SELL,3963.83,3969.21,3947.68,3969.21,SL,-5.58,S433 AI Gold Star 123 (Coppock),
2025-10-07 06:35:00,2025-10-07 07:35:00,BUY,3969.87,3963.45,3989.13,3970.92,FLIP,0.85,S433 AI Gold Star 123 (Coppock),
2025-10-07 07:35:00,2025-10-07 08:40:00,SELL,3970.92,3976.02,3955.63,3959.81,FLIP,10.91,S433 AI Gold Star 123 (Coppock),
2025-10-07 08:40:00,2025-10-07 13:00:00,BUY,3959.81,3953.73,3978.06,3961.48,FLIP,1.47,S433 AI Gold Star 123 (Coppock),
2025-10-07 13:00:00,2025-10-07 13:05:00,SELL,3961.48,3967.78,3942.59,3963.61,FLIP,-2.33,S433 AI Gold Star 123 (Coppock),
2025-10-07 13:05:00,2025-10-07 13:40:00,BUY,3963.61,3956.96,3983.55,3958.51,FLIP,-5.3,S433 AI Gold Star 123 (Coppock),
2025-10-07 13:40:00,2025-10-07 13:45:00,SELL,3958.51,3963.81,3942.62,3959.56,FLIP,-1.25,S433 AI Gold Star 123 (Coppock),
2025-10-07 13:45:00,2025-10-07 13:50:00,BUY,3959.56,3954.29,3975.36,3956.15,FLIP,-3.61,S433 AI Gold Star 123 (Coppock),
2025-10-07 13:50:00,2025-10-07 14:30:00,SELL,3956.15,3961.55,3939.95,3954.54,FLIP,1.41,S433 AI Gold Star 123 (Coppock),
2025-10-07 14:30:00,2025-10-07 14:40:00,BUY,3954.54,3948.59,3972.4,3948.59,SL,-6.15,S433 AI Gold Star 123 (Coppock),
2025-10-07 16:45:00,2025-10-07 18:40:00,SELL,3959.82,3964.55,3945.65,3964.55,SL,-4.92,S433 AI Gold Star 123 (Coppock),
2025-10-07 19:25:00,2025-10-07 19:35:00,SELL,3965.82,3971.46,3948.91,3970.74,FLIP,-5.12,S433 AI Gold Star 123 (Coppock),
2025-10-07 19:35:00,2025-10-07 20:20:00,BUY,3970.74,3964.73,3988.76,3979.72,FLIP,8.78,S433 AI Gold Star 123 (Coppock),
2025-10-07 20:20:00,2025-10-07 20:25:00,SELL,3979.72,3986.18,3960.34,3982.89,FLIP,-3.37,S433 AI Gold Star 123 (Coppock),
2025-10-07 20:25:00,2025-10-07 20:30:00,BUY,3982.89,3976.24,4002.83,3974.22,FLIP,-8.87,S433 AI Gold Star 123 (Coppock),
2025-10-07 20:30:00,2025-10-07 20:45:00,SELL,3974.22,3981.08,3953.64,3981.08,SL,-7.06,S433 AI Gold Star 123 (Coppock),
2025-10-07 23:30:00,2025-10-08 05:45:00,BUY,3973.88,3963.72,4004.37,3987.37,FLIP,13.29,S433 AI Gold Star 123 (Coppock),
2025-10-08 05:45:00,2025-10-08 06:00:00,SELL,3987.37,3990.25,3978.73,3990.25,SL,-3.08,S433 AI Gold Star 123 (Coppock),
2025-10-08 06:45:00,2025-10-08 07:30:00,BUY,3995.57,3992.3,4005.38,3993.68,FLIP,-2.09,S433 AI Gold Star 123 (Coppock),
2025-10-08 07:30:00,2025-10-08 07:50:00,SELL,3993.68,3997.65,3981.76,3997.65,SL,-4.17,S433 AI Gold Star 123 (Coppock),
2025-10-08 08:25:00,2025-10-08 09:40:00,BUY,3994.14,3987.94,4012.74,4006.52,FLIP,12.18,S433 AI Gold Star 123 (Coppock),
2025-10-08 09:40:00,2025-10-08 09:50:00,SELL,4006.52,4011.03,3992.98,4010.3,FLIP,-3.98,S433 AI Gold Star 123 (Coppock),
2025-10-08 09:50:00,2025-10-08 10:00:00,BUY,4010.3,4005.9,4023.51,4012.5,FLIP,2.0,S433 AI Gold Star 123 (Coppock),
2025-10-08 10:00:00,2025-10-08 11:00:00,SELL,4012.5,4016.8,3999.59,4016.8,SL,-4.5,S433 AI Gold Star 123 (Coppock),
2025-10-08 11:05:00,2025-10-08 11:35:00,BUY,4019.14,4014.63,4032.66,4018.59,FLIP,-0.75,S433 AI Gold Star 123 (Coppock),
2025-10-08 11:35:00,2025-10-08 11:45:00,SELL,4018.59,4022.34,4007.33,4021.93,FLIP,-3.54,S433 AI Gold Star 123 (Coppock),
2025-10-08 11:45:00,2025-10-08 12:20:00,BUY,4021.93,4017.84,4034.19,4034.19,TP,12.06,S433 AI Gold Star 123 (Coppock),
2025-10-08 12:40:00,2025-10-08 13:45:00,SELL,4030.3,4035.36,4015.11,4032.49,FLIP,-2.39,S433 AI Gold Star 123 (Coppock),
2025-10-08 13:45:00,2025-10-08 14:40:00,BUY,4032.49,4025.88,4052.32,4036.09,FLIP,3.4,S433 AI Gold Star 123 (Coppock),
2025-10-08 14:40:00,2025-10-08 16:45:00,SELL,4036.09,4041.16,4020.88,4041.16,SL,-5.27,S433 AI Gold Star 123 (Coppock),
2025-10-08 18:25:00,2025-10-08 19:20:00,BUY,4034.66,4029.87,4049.03,4037.71,FLIP,2.85,S433 AI Gold Star 123 (Coppock),
2025-10-08 19:20:00,2025-10-08 19:25:00,SELL,4037.71,4043.21,4021.2,4040.27,FLIP,-2.76,S433 AI Gold Star 123 (Coppock),
2025-10-08 19:25:00,2025-10-08 19:35:00,BUY,4040.27,4034.64,4057.15,4034.64,SL,-5.83,S433 AI Gold Star 123 (Coppock),
2025-10-08 23:45:00,2025-10-08 23:55:00,SELL,4055.11,4060.12,4040.09,4056.56,FLIP,-1.65,S433 AI Gold Star 123 (Coppock),
2025-10-08 23:55:00,2025-10-09 00:00:00,BUY,4056.56,4051.22,4072.58,4056.19,FLIP,-0.57,S433 AI Gold Star 123 (Coppock),
2025-10-09 00:00:00,2025-10-09 01:15:00,SELL,4056.19,4061.5,4040.26,4040.26,TP,15.73,S433 AI Gold Star 123 (Coppock),
2025-10-09 01:20:00,2025-10-09 02:05:00,BUY,4047.18,4040.11,4068.4,4033.95,FLIP,-13.43,S433 AI Gold Star 123 (Coppock),
2025-10-09 02:05:00,2025-10-09 02:20:00,SELL,4033.95,4042.1,4009.49,4045.4,FLIP,-11.65,S433 AI Gold Star 123 (Coppock),
2025-10-09 02:20:00,2025-10-09 02:30:00,BUY,4045.4,4037.31,4069.67,4040.73,FLIP,-4.87,S433 AI Gold Star 123 (Coppock),
2025-10-09 02:30:00,2025-10-09 02:50:00,SELL,4040.73,4048.67,4016.91,4044.69,FLIP,-4.16,S433 AI Gold Star 123 (Coppock),
2025-10-09 02:50:00,2025-10-09 02:55:00,BUY,4044.69,4036.08,4070.53,4045.3,FLIP,0.41,S433 AI Gold Star 123 (Coppock),
2025-10-09 02:55:00,2025-10-09 03:00:00,SELL,4045.3,4054.16,4018.73,4044.6,FLIP,0.5,S433 AI Gold Star 123 (Coppock),
2025-10-09 03:00:00,2025-10-09 03:05:00,BUY,4044.6,4035.71,4071.28,4040.24,FLIP,-4.56,S433 AI Gold Star 123 (Coppock),
2025-10-09 03:05:00,2025-10-09 03:15:00,SELL,4040.24,4049.68,4011.91,4044.88,FLIP,-4.84,S433 AI Gold Star 123 (Coppock),
2025-10-09 03:15:00,2025-10-09 05:05:00,BUY,4044.88,4037.67,4066.5,4037.67,SL,-7.41,S433 AI Gold Star 123 (Coppock),
2025-10-09 06:00:00,2025-10-09 06:40:00,BUY,4014.19,4005.91,4039.04,4010.19,FLIP,-4.2,S433 AI Gold Star 123 (Coppock),
2025-10-09 06:40:00,2025-10-09 06:50:00,SELL,4010.19,4017.22,3989.1,4012.05,FLIP,-2.06,S433 AI Gold Star 123 (Coppock),
2025-10-09 06:50:00,2025-10-09 08:00:00,BUY,4012.05,4003.95,4036.34,4009.38,FLIP,-2.87,S433 AI Gold Star 123 (Coppock),
2025-10-09 08:00:00,2025-10-09 08:10:00,SELL,4009.38,4017.37,3985.42,4017.37,SL,-8.19,S433 AI Gold Star 123 (Coppock),
2025-10-09 08:25:00,2025-10-09 08:45:00,BUY,4031.35,4022.08,4059.15,4024.75,FLIP,-6.8,S433 AI Gold Star 123 (Coppock),
2025-10-09 08:45:00,2025-10-09 08:55:00,SELL,4024.75,4034.8,3994.61,4019.71,FLIP,4.84,S433 AI Gold Star 123 (Coppock),
2025-10-09 08:55:00,2025-10-09 09:00:00,BUY,4019.71,4009.41,4050.61,4011.92,FLIP,-7.99,S433 AI Gold Star 123 (Coppock),
2025-10-09 09:00:00,2025-10-09 09:45:00,SELL,4011.92,4022.7,3979.59,4018.02,FLIP,-6.3,S433 AI Gold Star 123 (Coppock),
2025-10-09 09:45:00,2025-10-09 11:55:00,BUY,4018.02,4008.36,4047.0,4039.01,FLIP,20.79,S433 AI Gold Star 123 (Coppock),
2025-10-09 11:55:00,2025-10-09 12:30:00,SELL,4039.01,4043.03,4026.94,4043.03,SL,-4.22,S433 AI Gold Star 123 (Coppock),
2025-10-09 14:05:00,2025-10-09 14:10:00,BUY,4032.02,4025.67,4051.08,4027.22,FLIP,-5.0,S433 AI Gold Star 123 (Coppock),
2025-10-09 14:10:00,2025-10-09 14:20:00,SELL,4027.22,4033.81,4007.46,4030.65,FLIP,-3.63,S433 AI Gold Star 123 (Coppock),
2025-10-09 14:20:00,2025-10-09 15:55:00,BUY,4030.65,4023.89,4050.94,4038.11,FLIP,7.26,S433 AI Gold Star 123 (Coppock),
2025-10-09 15:55:00,2025-10-09 16:00:00,SELL,4038.11,4041.83,4026.95,4041.7,FLIP,-3.79,S433 AI Gold Star 123 (Coppock),
2025-10-09 16:00:00,2025-10-09 16:05:00,BUY,4041.7,4037.79,4053.43,4036.68,FLIP,-5.22,S433 AI Gold Star 123 (Coppock),
2025-10-09 16:05:00,2025-10-09 17:50:00,SELL,4036.68,4040.92,4023.97,4040.92,SL,-4.44,S433 AI Gold Star 123 (Coppock),
2025-10-09 18:05:00,2025-10-09 18:40:00,SELL,4039.5,4042.9,4029.29,4042.9,SL,-3.6,S433 AI Gold Star 123 (Coppock),
2025-10-09 19:20:00,2025-10-09 19:35:00,SELL,4038.51,4043.29,4024.16,4043.29,SL,-4.98,S433 AI Gold Star 123 (Coppock),
2025-10-09 19:50:00,2025-10-09 20:30:00,BUY,4050.08,4044.57,4066.61,4048.07,FLIP,-2.21,S433 AI Gold Star 123 (Coppock),
2025-10-09 20:30:00,2025-10-09 20:45:00,SELL,4048.07,4055.91,4024.56,4024.56,TP,23.31,S433 AI Gold Star 123 (Coppock),
2025-10-09 21:35:00,2025-10-09 22:35:00,BUY,4014.01,3998.39,4060.86,4009.4,FLIP,-4.81,S433 AI Gold Star 123 (Coppock),
2025-10-09 22:35:00,2025-10-09 23:00:00,SELL,4009.4,4020.41,3976.37,4020.41,SL,-11.21,S433 AI Gold Star 123 (Coppock),
2025-10-10 00:30:00,2025-10-10 02:55:00,BUY,3959.27,3942.26,4010.29,3972.98,FLIP,13.51,S433 AI Gold Star 123 (Coppock),
2025-10-10 02:55:00,2025-10-10 05:20:00,SELL,3972.98,3979.94,3952.1,3980.25,FLIP,-7.47,S433 AI Gold Star 123 (Coppock),
2025-10-10 05:20:00,2025-10-10 05:25:00,BUY,3980.25,3973.8,3999.6,3972.49,FLIP,-7.96,S433 AI Gold Star 123 (Coppock),
2025-10-10 05:25:00,2025-10-10 05:35:00,SELL,3972.49,3979.79,3950.59,3974.25,FLIP,-1.96,S433 AI Gold Star 123 (Coppock),
2025-10-10 05:35:00,2025-10-10 07:20:00,BUY,3974.25,3967.11,3995.68,3991.18,FLIP,16.73,S433 AI Gold Star 123 (Coppock),
2025-10-10 07:20:00,2025-10-10 08:35:00,SELL,3991.18,3997.04,3973.61,3973.61,TP,17.37,S433 AI Gold Star 123 (Coppock),
2025-10-10 09:00:00,2025-10-10 10:10:00,BUY,3980.01,3971.29,4006.18,3971.29,SL,-8.92,S433 AI Gold Star 123 (Coppock),
2025-10-10 11:15:00,2025-10-10 12:35:00,BUY,3955.95,3947.17,3982.28,3967.53,FLIP,11.38,S433 AI Gold Star 123 (Coppock),
2025-10-10 12:35:00,2025-10-10 12:40:00,SELL,3967.53,3972.92,3951.36,3972.92,SL,-5.59,S433 AI Gold Star 123 (Coppock),
2025-10-10 14:25:00,2025-10-10 14:30:00,BUY,3964.92,3956.53,3990.09,3962.68,FLIP,-2.44,S433 AI Gold Star 123 (Coppock),
2025-10-10 14:30:00,2025-10-10 14:35:00,SELL,3962.68,3971.25,3936.97,3965.2,FLIP,-2.72,S433 AI Gold Star 123 (Coppock),
2025-10-10 14:35:00,2025-10-10 15:45:00,BUY,3965.2,3956.51,3991.28,3991.28,TP,25.88,S433 AI Gold Star 123 (Coppock),
2025-10-10 15:50:00,2025-10-10 16:10:00,SELL,3991.04,3997.28,3972.32,3997.28,SL,-6.44,S433 AI Gold Star 123 (Coppock),
2025-10-10 16:45:00,2025-10-10 16:50:00,BUY,4002.99,3995.73,4024.77,3998.5,FLIP,-4.69,S433 AI Gold Star 123 (Coppock),
2025-10-10 16:50:00,2025-10-10 17:45:00,SELL,3998.5,4005.87,3976.39,3998.97,FLIP,-0.67,S433 AI Gold Star 123 (Coppock),
2025-10-10 17:45:00,2025-10-10 17:50:00,BUY,3998.97,3993.01,4016.85,3994.18,FLIP,-4.99,S433 AI Gold Star 123 (Coppock),
2025-10-10 17:50:00,2025-10-10 18:00:00,SELL,3994.18,4000.2,3976.12,3996.9,FLIP,-2.92,S433 AI Gold Star 123 (Coppock),
2025-10-10 18:00:00,2025-10-10 18:30:00,BUY,3996.9,3991.2,4014.01,3992.55,FLIP,-4.55,S433 AI Gold Star 123 (Coppock),
2025-10-10 18:30:00,2025-10-10 19:15:00,SELL,3992.55,3998.02,3976.15,3992.76,FLIP,-0.41,S433 AI Gold Star 123 (Coppock),
2025-10-10 19:15:00,2025-10-10 19:20:00,BUY,3992.76,3985.32,4015.09,3989.02,FLIP,-3.94,S433 AI Gold Star 123 (Coppock),
2025-10-10 19:20:00,2025-10-10 19:25:00,SELL,3989.02,3996.86,3965.49,3991.56,FLIP,-2.74,S433 AI Gold Star 123 (Coppock),
2025-10-10 19:25:00,2025-10-10 19:30:00,BUY,3991.56,3983.47,4015.84,3986.61,FLIP,-5.15,S433 AI Gold Star 123 (Coppock),
2025-10-10 19:30:00,2025-10-10 19:50:00,SELL,3986.61,3994.99,3961.48,3987.89,FLIP,-1.48,S433 AI Gold Star 123 (Coppock),
2025-10-10 19:50:00,2025-10-10 20:00:00,BUY,3987.89,3979.28,4013.72,3980.8,FLIP,-7.29,S433 AI Gold Star 123 (Coppock),
2025-10-10 20:00:00,2025-10-10 20:05:00,SELL,3980.8,3988.94,3956.39,3987.84,FLIP,-7.24,S433 AI Gold Star 123 (Coppock),
2025-10-10 20:05:00,2025-10-10 20:45:00,BUY,3987.84,3979.49,4012.9,3982.53,FLIP,-5.51,S433 AI Gold Star 123 (Coppock),
2025-10-10 20:45:00,2025-10-10 21:35:00,SELL,3982.53,3992.14,3953.71,3987.63,FLIP,-5.3,S433 AI Gold Star 123 (Coppock),
2025-10-10 21:35:00,2025-10-10 21:40:00,BUY,3987.63,3976.61,4020.7,3982.37,FLIP,-5.46,S433 AI Gold Star 123 (Coppock),
2025-10-10 21:40:00,2025-10-10 21:45:00,SELL,3982.37,3993.21,3949.86,3987.53,FLIP,-5.36,S433 AI Gold Star 123 (Coppock),
2025-10-10 21:45:00,2025-10-10 22:25:00,BUY,3987.53,3976.9,4019.41,4019.41,TP,31.68,S433 AI Gold Star 123 (Coppock),
2025-10-10 22:40:00,2025-10-10 23:50:00,SELL,4007.56,4021.22,3966.59,3985.53,FLIP,21.83,S433 AI Gold Star 123 (Coppock),
2025-10-10 23:50:00,2025-10-11 01:30:00,BUY,3985.53,3972.54,4024.49,3996.17,FLIP,10.44,S433 AI Gold Star 123 (Coppock),
2025-10-11 01:30:00,2025-10-11 02:10:00,SELL,3996.17,4004.79,3970.3,4004.79,SL,-8.82,S433 AI Gold Star 123 (Coppock),
2025-10-11 03:05:00,2025-10-11 03:50:00,SELL,4006.31,4014.67,3981.24,4019.01,FLIP,-12.9,S433 AI Gold Star 123 (Coppock),
2025-10-11 03:50:00,2025-10-13 05:05:00,BUY,4019.01,4011.01,4043.01,4015.36,FLIP,-3.85,S433 AI Gold Star 123 (Coppock),
2025-10-13 05:05:00,2025-10-13 05:10:00,SELL,4015.36,4024.07,3989.24,4022.16,FLIP,-7.0,S433 AI Gold Star 123 (Coppock),
2025-10-13 05:10:00,2025-10-13 06:00:00,BUY,4022.16,4012.62,4050.77,4050.77,TP,28.41,S433 AI Gold Star 123 (Coppock),
2025-10-13 06:10:00,2025-10-13 07:25:00,SELL,4048.22,4062.14,4006.47,4040.3,FLIP,7.72,S433 AI Gold Star 123 (Coppock),
2025-10-13 07:25:00,2025-10-13 12:25:00,BUY,4040.3,4029.39,4073.02,4073.02,TP,32.52,S433 AI Gold Star 123 (Coppock),
2025-10-13 12:55:00,2025-10-13 13:20:00,SELL,4063.57,4071.26,4040.51,4071.26,SL,-7.89,S433 AI Gold Star 123 (Coppock),
2025-10-13 13:50:00,2025-10-13 14:30:00,BUY,4069.41,4062.87,4089.02,4069.33,FLIP,-0.28,S433 AI Gold Star 123 (Coppock),
2025-10-13 14:30:00,2025-10-13 14:35:00,SELL,4069.33,4074.87,4052.7,4072.16,FLIP,-3.03,S433 AI Gold Star 123 (Coppock),
2025-10-13 14:35:00,2025-10-13 14:50:00,BUY,4072.16,4066.56,4088.96,4073.35,FLIP,0.99,S433 AI Gold Star 123 (Coppock),
2025-10-13 14:50:00,2025-10-13 15:50:00,SELL,4073.35,4079.08,4056.17,4079.08,SL,-5.93,S433 AI Gold Star 123 (Coppock),
2025-10-13 21:50:00,2025-10-13 21:55:00,BUY,4102.08,4096.16,4119.84,4097.55,FLIP,-4.73,S433 AI Gold Star 123 (Coppock),
2025-10-13 21:55:00,2025-10-13 22:55:00,SELL,4097.55,4103.25,4080.44,4103.25,SL,-5.9,S433 AI Gold Star 123 (Coppock),
2025-10-13 23:35:00,2025-10-14 00:25:00,SELL,4107.24,4113.43,4088.67,4113.43,SL,-6.39,S433 AI Gold Star 123 (Coppock),
2025-10-14 07:00:00,2025-10-14 07:30:00,SELL,4121.42,4127.81,4102.26,4127.81,SL,-6.59,S433 AI Gold Star 123 (Coppock),
2025-10-14 08:00:00,2025-10-14 08:40:00,BUY,4131.17,4124.48,4151.24,4139.77,FLIP,8.4,S433 AI Gold Star 123 (Coppock),
2025-10-14 08:40:00,2025-10-14 09:35:00,SELL,4139.77,4148.36,4113.99,4148.36,SL,-8.79,S433 AI Gold Star 123 (Coppock),
2025-10-14 09:40:00,2025-10-14 11:00:00,BUY,4147.4,4140.67,4167.58,4164.41,FLIP,16.81,S433 AI Gold Star 123 (Coppock),
2025-10-14 11:00:00,2025-10-14 11:55:00,SELL,4164.41,4169.53,4149.05,4169.53,SL,-5.32,S433 AI Gold Star 123 (Coppock),
2025-10-14 12:05:00,2025-10-14 12:35:00,BUY,4176.01,4168.53,4198.44,4140.92,FLIP,-35.29,S433 AI Gold Star 123 (Coppock),
2025-10-14 12:35:00,2025-10-14 12:40:00,SELL,4140.92,4151.4,4109.47,4151.4,SL,-10.68,S433 AI Gold Star 123 (Coppock),
2025-10-14 13:30:00,2025-10-14 15:30:00,BUY,4112.08,4085.69,4191.25,4139.53,FLIP,27.25,S433 AI Gold Star 123 (Coppock),
2025-10-14 15:30:00,2025-10-14 19:30:00,SELL,4139.53,4148.48,4112.67,4112.67,TP,26.66,S433 AI Gold Star 123 (Coppock),
2025-10-14 20:10:00,2025-10-14 21:35:00,BUY,4112.52,4102.34,4143.06,4131.85,FLIP,19.13,S433 AI Gold Star 123 (Coppock),
2025-10-14 21:35:00,2025-10-14 22:30:00,SELL,4131.85,4144.33,4094.4,4140.82,FLIP,-9.17,S433 AI Gold Star 123 (Coppock),
2025-10-14 22:30:00,2025-10-14 22:40:00,BUY,4140.82,4132.63,4165.38,4139.09,FLIP,-1.93,S433 AI Gold Star 123 (Coppock),
2025-10-14 22:40:00,2025-10-14 23:45:00,SELL,4139.09,4146.68,4116.33,4146.68,SL,-7.79,S433 AI Gold Star 123 (Coppock),
2025-10-15 06:00:00,2025-10-15 06:50:00,SELL,4158.81,4166.08,4136.99,4166.08,SL,-7.47,S433 AI Gold Star 123 (Coppock),
2025-10-15 07:05:00,2025-10-15 07:15:00,BUY,4166.38,4161.84,4179.99,4167.34,FLIP,0.76,S433 AI Gold Star 123 (Coppock),
2025-10-15 07:15:00,2025-10-15 07:40:00,SELL,4167.34,4171.98,4153.43,4167.06,FLIP,0.08,S433 AI Gold Star 123 (Coppock),
2025-10-15 07:40:00,2025-10-15 07:45:00,BUY,4167.06,4160.15,4187.79,4164.92,FLIP,-2.34,S433 AI Gold Star 123 (Coppock),
2025-10-15 07:45:00,2025-10-15 08:00:00,SELL,4164.92,4172.1,4143.37,4172.68,FLIP,-7.96,S433 AI Gold Star 123 (Coppock),
2025-10-15 08:00:00,2025-10-15 08:50:00,BUY,4172.68,4164.0,4198.71,4180.08,FLIP,7.2,S433 AI Gold Star 123 (Coppock),
2025-10-15 08:50:00,2025-10-15 10:00:00,SELL,4180.08,4189.59,4151.54,4178.3,FLIP,1.58,S433 AI Gold Star 123 (Coppock),
2025-10-15 10:00:00,2025-10-15 11:00:00,BUY,4178.3,4170.45,4201.86,4185.5,FLIP,7.0,S433 AI Gold Star 123 (Coppock),
2025-10-15 11:00:00,2025-10-15 12:20:00,SELL,4185.5,4191.06,4168.83,4191.06,SL,-5.76,S433 AI Gold Star 123 (Coppock),
2025-10-15 14:50:00,2025-10-15 15:05:00,SELL,4206.79,4211.4,4192.95,4214.89,FLIP,-8.3,S433 AI Gold Star 123 (Coppock),
2025-10-15 15:05:00,2025-10-15 15:25:00,BUY,4214.89,4209.84,4230.03,4210.81,FLIP,-4.28,S433 AI Gold Star 123 (Coppock),
2025-10-15 15:25:00,2025-10-15 15:30:00,SELL,4210.81,4216.72,4193.08,4216.72,SL,-6.11,S433 AI Gold Star 123 (Coppock),
2025-10-15 15:35:00,2025-10-15 15:40:00,BUY,4216.51,4210.05,4235.89,4215.42,FLIP,-1.29,S433 AI Gold Star 123 (Coppock),
2025-10-15 15:40:00,2025-10-15 16:15:00,SELL,4215.42,4221.84,4196.15,4196.15,TP,19.07,S433 AI Gold Star 123 (Coppock),
2025-10-15 16:55:00,2025-10-15 18:00:00,BUY,4192.53,4181.55,4225.46,4198.97,FLIP,6.24,S433 AI Gold Star 123 (Coppock),
2025-10-15 18:00:00,2025-10-15 18:35:00,SELL,4198.97,4207.22,4174.21,4202.63,FLIP,-3.86,S433 AI Gold Star 123 (Coppock),
2025-10-15 18:35:00,2025-10-15 18:40:00,BUY,4202.63,4195.99,4222.56,4198.03,FLIP,-4.8,S433 AI Gold Star 123 (Coppock),
2025-10-15 18:40:00,2025-10-15 19:30:00,SELL,4198.03,4205.1,4176.81,4176.81,TP,21.02,S433 AI Gold Star 123 (Coppock),
2025-10-15 19:50:00,2025-10-15 21:30:00,BUY,4188.7,4179.89,4215.12,4201.54,FLIP,12.64,S433 AI Gold Star 123 (Coppock),
2025-10-15 21:30:00,2025-10-15 23:00:00,SELL,4201.54,4212.3,4169.27,4191.99,FLIP,9.35,S433 AI Gold Star 123 (Coppock),
2025-10-15 23:00:00,2025-10-15 23:05:00,BUY,4191.99,4181.09,4224.69,4191.76,FLIP,-0.43,S433 AI Gold Star 123 (Coppock),
2025-10-15 23:05:00,2025-10-15 23:10:00,SELL,4191.76,4202.5,4159.55,4191.05,FLIP,0.51,S433 AI Gold Star 123 (Coppock),
2025-10-15 23:10:00,2025-10-16 07:25:00,BUY,4191.05,4180.57,4222.5,4222.5,TP,31.25,S433 AI Gold Star 123 (Coppock),
2025-10-16 08:50:00,2025-10-16 09:20:00,BUY,4228.22,4219.35,4254.82,4233.22,FLIP,4.8,S433 AI Gold Star 123 (Coppock),
2025-10-16 09:20:00,2025-10-16 09:55:00,SELL,4233.22,4239.41,4214.64,4239.41,SL,-6.39,S433 AI Gold Star 123 (Coppock),
2025-10-16 10:00:00,2025-10-16 10:05:00,SELL,4240.62,4244.98,4227.53,4241.33,FLIP,-0.91,S433 AI Gold Star 123 (Coppock),
2025-10-16 10:05:00,2025-10-16 10:10:00,BUY,4241.33,4236.98,4254.39,4238.25,FLIP,-3.28,S433 AI Gold Star 123 (Coppock),
2025-10-16 10:10:00,2025-10-16 12:20:00,SELL,4238.25,4242.96,4224.11,4224.11,TP,13.94,S433 AI Gold Star 123 (Coppock),
2025-10-16 13:00:00,2025-10-16 14:20:00,BUY,4216.53,4205.83,4248.62,4230.07,FLIP,13.34,S433 AI Gold Star 123 (Coppock),
2025-10-16 14:20:00,2025-10-16 16:55:00,SELL,4230.07,4236.91,4209.56,4236.91,SL,-7.04,S433 AI Gold Star 123 (Coppock),
2025-10-16 18:30:00,2025-10-16 18:35:00,BUY,4245.05,4240.02,4260.13,4243.71,FLIP,-1.54,S433 AI Gold Star 123 (Coppock),
2025-10-16 18:35:00,2025-10-16 18:40:00,SELL,4243.71,4248.64,4228.91,4246.65,FLIP,-3.14,S433 AI Gold Star 123 (Coppock),
2025-10-16 18:40:00,2025-10-16 18:45:00,BUY,4246.65,4241.77,4261.3,4242.41,FLIP,-4.44,S433 AI Gold Star 123 (Coppock),
2025-10-16 18:45:00,2025-10-16 19:30:00,SELL,4242.41,4247.59,4226.88,4246.45,FLIP,-4.24,S433 AI Gold Star 123 (Coppock),
2025-10-16 19:30:00,2025-10-16 19:35:00,BUY,4246.45,4240.56,4264.12,4240.56,SL,-6.09,S433 AI Gold Star 123 (Coppock),
2025-10-16 20:55:00,2025-10-16 21:00:00,SELL,4246.65,4257.25,4214.86,4256.26,FLIP,-9.81,S433 AI Gold Star 123 (Coppock),
2025-10-16 21:00:00,2025-10-16 21:20:00,BUY,4256.26,4244.87,4290.43,4259.18,FLIP,2.72,S433 AI Gold Star 123 (Coppock),
2025-10-16 21:20:00,2025-10-16 22:05:00,SELL,4259.18,4270.13,4226.33,4270.13,SL,-11.15,S433 AI Gold Star 123 (Coppock),
2025-10-16 22:20:00,2025-10-16 22:30:00,SELL,4271.8,4279.94,4247.39,4270.16,FLIP,1.44,S433 AI Gold Star 123 (Coppock),
2025-10-16 22:30:00,2025-10-16 22:40:00,BUY,4270.16,4262.26,4293.85,4270.5,FLIP,0.14,S433 AI Gold Star 123 (Coppock),
2025-10-16 22:40:00,2025-10-16 22:50:00,SELL,4270.5,4278.03,4247.91,4275.64,FLIP,-5.34,S433 AI Gold Star 123 (Coppock),
2025-10-16 22:50:00,2025-10-16 23:00:00,BUY,4275.64,4268.61,4296.74,4273.08,FLIP,-2.76,S433 AI Gold Star 123 (Coppock),
2025-10-16 23:00:00,2025-10-16 23:05:00,SELL,4273.08,4279.79,4252.94,4277.69,FLIP,-4.81,S433 AI Gold Star 123 (Coppock),
2025-10-16 23:05:00,2025-10-16 23:30:00,BUY,4277.69,4270.65,4298.81,4277.98,FLIP,0.09,S433 AI Gold Star 123 (Coppock),
2025-10-16 23:30:00,2025-10-16 23:55:00,SELL,4277.98,4287.6,4249.13,4282.66,FLIP,-4.88,S433 AI Gold Star 123 (Coppock),
2025-10-16 23:55:00,2025-10-17 00:05:00,BUY,4282.66,4268.81,4324.22,4283.53,FLIP,0.67,S433 AI Gold Star 123 (Coppock),
2025-10-17 00:05:00,2025-10-17 00:10:00,SELL,4283.53,4297.7,4241.02,4289.64,FLIP,-6.31,S433 AI Gold Star 123 (Coppock),
2025-10-17 00:10:00,2025-10-17 00:55:00,BUY,4289.64,4275.15,4333.12,4293.86,FLIP,4.02,S433 AI Gold Star 123 (Coppock),
2025-10-17 00:55:00,2025-10-17 02:50:00,SELL,4293.86,4303.45,4265.1,4303.45,SL,-9.79,S433 AI Gold Star 123 (Coppock),
2025-10-17 03:35:00,2025-10-17 03:40:00,SELL,4312.94,4320.81,4289.34,4318.14,FLIP,-5.4,S433 AI Gold Star 123 (Coppock),
2025-10-17 03:40:00,2025-10-17 05:05:00,BUY,4318.14,4309.98,4342.61,4342.61,TP,24.27,S433 AI Gold Star 123 (Coppock),
2025-10-17 05:45:00,2025-10-17 06:40:00,SELL,4357.79,4374.65,4307.21,4368.47,FLIP,-10.88,S433 AI Gold Star 123 (Coppock),
2025-10-17 06:40:00,2025-10-17 07:10:00,BUY,4368.47,4354.2,4411.28,4356.72,FLIP,-11.95,S433 AI Gold Star 123 (Coppock),
2025-10-17 07:10:00,2025-10-17 07:45:00,SELL,4356.72,4370.6,4315.09,4366.31,FLIP,-9.79,S433 AI Gold Star 123 (Coppock),
2025-10-17 07:45:00,2025-10-17 08:00:00,BUY,4366.31,4355.18,4399.7,4355.18,SL,-11.33,S433 AI Gold Star 123 (Coppock),
2025-10-17 09:00:00,2025-10-17 11:10:00,BUY,4324.34,4296.69,4407.29,4370.82,FLIP,46.28,S433 AI Gold Star 123 (Coppock),
2025-10-17 11:10:00,2025-10-17 12:30:00,SELL,4370.82,4378.82,4346.81,4346.81,TP,23.81,S433 AI Gold Star 123 (Coppock),
2025-10-17 13:30:00,2025-10-17 13:35:00,SELL,4350.82,4363.39,4313.12,4357.91,FLIP,-7.29,S433 AI Gold Star 123 (Coppock),
2025-10-17 13:35:00,2025-10-17 13:55:00,BUY,4357.91,4344.82,4397.19,4360.48,FLIP,2.37,S433 AI Gold Star 123 (Coppock),
2025-10-17 13:55:00,2025-10-17 14:20:00,SELL,4360.48,4372.0,4325.93,4325.93,TP,34.35,S433 AI Gold Star 123 (Coppock),
2025-10-17 15:10:00,2025-10-17 16:20:00,BUY,4334.05,4314.52,4392.63,4335.74,FLIP,1.49,S433 AI Gold Star 123 (Coppock),
2025-10-17 16:20:00,2025-10-17 17:15:00,SELL,4335.74,4346.81,4302.52,4340.11,FLIP,-4.57,S433 AI Gold Star 123 (Coppock),
2025-10-17 17:15:00,2025-10-17 17:30:00,BUY,4340.11,4332.93,4361.65,4330.06,FLIP,-10.25,S433 AI Gold Star 123 (Coppock),
2025-10-17 17:30:00,2025-10-17 17:45:00,SELL,4330.06,4337.69,4307.16,4336.76,FLIP,-6.9,S433 AI Gold Star 123 (Coppock),
2025-10-17 17:45:00,2025-10-17 17:50:00,BUY,4336.76,4327.67,4364.03,4332.02,FLIP,-4.94,S433 AI Gold Star 123 (Coppock),
2025-10-17 17:50:00,2025-10-17 18:00:00,SELL,4332.02,4341.04,4304.97,4334.85,FLIP,-3.03,S433 AI Gold Star 123 (Coppock),
2025-10-17 18:00:00,2025-10-17 18:05:00,BUY,4334.85,4324.92,4364.63,4331.3,FLIP,-3.75,S433 AI Gold Star 123 (Coppock),
2025-10-17 18:05:00,2025-10-17 18:50:00,SELL,4331.3,4341.55,4300.55,4300.55,TP,30.55,S433 AI Gold Star 123 (Coppock),
2025-10-17 19:05:00,2025-10-17 19:20:00,BUY,4303.36,4284.83,4358.96,4293.47,FLIP,-10.09,S433 AI Gold Star 123 (Coppock),
2025-10-17 19:20:00,2025-10-17 19:25:00,SELL,4293.47,4312.61,4236.04,4293.58,FLIP,-0.31,S433 AI Gold Star 123 (Coppock),
2025-10-17 19:25:00,2025-10-17 20:20:00,BUY,4293.58,4274.83,4349.83,4310.46,FLIP,16.68,S433 AI Gold Star 123 (Coppock),
2025-10-17 20:20:00,2025-10-17 20:35:00,SELL,4310.46,4325.19,4266.28,4266.28,TP,43.98,S433 AI Gold Star 123 (Coppock),
2025-10-17 21:35:00,2025-10-17 22:45:00,BUY,4258.74,4224.04,4362.83,4245.99,FLIP,-12.95,S433 AI Gold Star 123 (Coppock),
2025-10-17 22:45:00,2025-10-18 00:00:00,SELL,4245.99,4262.88,4195.31,4195.31,TP,50.48,S433 AI Gold Star 123 (Coppock),
2025-10-18 00:10:00,2025-10-18 01:40:00,BUY,4206.72,4186.31,4267.97,4234.71,FLIP,27.79,S433 AI Gold Star 123 (Coppock),
2025-10-18 01:40:00,2025-10-18 03:35:00,SELL,4234.71,4248.32,4193.87,4248.32,SL,-13.81,S433 AI Gold Star 123 (Coppock),
2025-10-20 05:30:00,2025-10-20 07:05:00,SELL,4250.76,4262.36,4215.97,4237.75,FLIP,12.81,S433 AI Gold Star 123 (Coppock),
2025-10-20 07:05:00,2025-10-20 07:10:00,BUY,4237.75,4228.51,4265.48,4225.28,FLIP,-12.67,S433 AI Gold Star 123 (Coppock),
2025-10-20 07:10:00,2025-10-20 07:20:00,SELL,4225.28,4235.45,4194.78,4235.45,SL,-10.37,S433 AI Gold Star 123 (Coppock),
2025-10-20 07:35:00,2025-10-20 13:25:00,BUY,4238.37,4226.52,4273.92,4226.52,SL,-12.05,S433 AI Gold Star 123 (Coppock),
2025-10-20 13:30:00,2025-10-20 15:00:00,BUY,4234.53,4222.2,4271.53,4258.58,FLIP,23.85,S433 AI Gold Star 123 (Coppock),
2025-10-20 15:00:00,2025-10-20 18:45:00,SELL,4258.58,4266.76,4234.04,4266.76,SL,-8.38,S433 AI Gold Star 123 (Coppock),
2025-10-20 20:05:00,2025-10-20 21:15:00,SELL,4322.95,4336.88,4281.16,4324.42,FLIP,-1.67,S433 AI Gold Star 123 (Coppock),
2025-10-20 21:15:00,2025-10-20 22:25:00,BUY,4324.42,4310.55,4366.02,4345.49,FLIP,20.87,S433 AI Gold Star 123 (Coppock),
2025-10-20 22:25:00,2025-10-20 23:55:00,SELL,4345.49,4357.2,4310.36,4347.83,FLIP,-2.54,S433 AI Gold Star 123 (Coppock),
2025-10-20 23:55:00,2025-10-21 00:15:00,BUY,4347.83,4341.0,4368.33,4342.29,FLIP,-5.74,S433 AI Gold Star 123 (Coppock),
2025-10-21 00:15:00,2025-10-21 00:20:00,SELL,4342.29,4348.63,4323.27,4348.06,FLIP,-5.97,S433 AI Gold Star 123 (Coppock),
2025-10-21 00:20:00,2025-10-21 00:25:00,BUY,4348.06,4341.14,4368.81,4342.01,FLIP,-6.25,S433 AI Gold Star 123 (Coppock),
2025-10-21 00:25:00,2025-10-21 00:35:00,SELL,4342.01,4349.0,4321.05,4344.13,FLIP,-2.32,S433 AI Gold Star 123 (Coppock),
2025-10-21 00:35:00,2025-10-21 01:15:00,BUY,4344.13,4336.73,4366.34,4347.38,FLIP,3.05,S433 AI Gold Star 123 (Coppock),
2025-10-21 01:15:00,2025-10-21 01:20:00,SELL,4347.38,4353.76,4328.25,4349.35,FLIP,-2.17,S433 AI Gold Star 123 (Coppock),
2025-10-21 01:20:00,2025-10-21 02:20:00,BUY,4349.35,4343.21,4367.76,4364.7,FLIP,15.15,S433 AI Gold Star 123 (Coppock),
2025-10-21 02:20:00,2025-10-21 02:45:00,SELL,4364.7,4370.91,4346.08,4370.91,SL,-6.41,S433 AI Gold Star 123 (Coppock),
2025-10-21 02:55:00,2025-10-21 03:00:00,BUY,4378.1,4372.81,4393.97,4363.64,FLIP,-14.66,S433 AI Gold Star 123 (Coppock),
2025-10-21 03:00:00,2025-10-21 05:05:00,SELL,4363.64,4370.85,4342.02,4365.89,FLIP,-2.45,S433 AI Gold Star 123 (Coppock),
2025-10-21 05:05:00,2025-10-21 08:20:00,BUY,4365.89,4352.35,4406.51,4352.35,SL,-13.74,S433 AI Gold Star 123 (Coppock),
2025-10-21 08:55:00,2025-10-21 09:00:00,BUY,4350.9,4338.62,4387.73,4346.57,FLIP,-4.53,S433 AI Gold Star 123 (Coppock),
2025-10-21 09:00:00,2025-10-21 09:10:00,SELL,4346.57,4359.16,4308.8,4345.65,FLIP,0.72,S433 AI Gold Star 123 (Coppock),
2025-10-21 09:10:00,2025-10-21 10:10:00,BUY,4345.65,4333.23,4382.9,4342.09,FLIP,-3.76,S433 AI Gold Star 123 (Coppock),
2025-10-21 10:10:00,2025-10-21 10:20:00,SELL,4342.09,4351.02,4315.29,4348.01,FLIP,-6.12,S433 AI Gold Star 123 (Coppock),
2025-10-21 10:20:00,2025-10-21 11:45:00,BUY,4348.01,4339.06,4374.85,4339.06,SL,-9.15,S433 AI Gold Star 123 (Coppock),
2025-10-21 11:55:00,2025-10-21 12:00:00,BUY,4341.97,4337.5,4355.37,4340.35,FLIP,-1.82,S433 AI Gold Star 123 (Coppock),
2025-10-21 12:00:00,2025-10-21 12:30:00,SELL,4340.35,4344.75,4327.15,4327.15,TP,13.0,S433 AI Gold Star 123 (Coppock),
2025-10-21 13:05:00,2025-10-21 14:05:00,BUY,4325.88,4316.2,4354.93,4333.02,FLIP,6.94,S433 AI Gold Star 123 (Coppock),
2025-10-21 14:05:00,2025-10-21 14:30:00,SELL,4333.02,4342.13,4305.69,4305.69,TP,27.13,S433 AI Gold Star 123 (Coppock),
2025-10-21 15:25:00,2025-10-21 16:50:00,BUY,4267.45,4245.45,4333.45,4268.29,FLIP,0.64,S433 AI Gold Star 123 (Coppock),
2025-10-21 16:50:00,2025-10-21 17:20:00,SELL,4268.29,4278.77,4236.84,4260.87,FLIP,7.22,S433 AI Gold Star 123 (Coppock),
2025-10-21 17:20:00,2025-10-21 17:25:00,BUY,4260.87,4249.93,4293.7,4264.34,FLIP,3.27,S433 AI Gold Star 123 (Coppock),
2025-10-21 17:25:00,2025-10-21 18:00:00,SELL,4264.34,4275.01,4232.33,4260.56,FLIP,3.58,S433 AI Gold Star 123 (Coppock),
2025-10-21 18:00:00,2025-10-21 18:40:00,BUY,4260.56,4249.57,4293.54,4255.82,FLIP,-4.94,S433 AI Gold Star 123 (Coppock),
2025-10-21 18:40:00,2025-10-21 18:45:00,SELL,4255.82,4265.95,4225.44,4260.23,FLIP,-4.61,S433 AI Gold Star 123 (Coppock),
2025-10-21 18:45:00,2025-10-21 18:50:00,BUY,4260.23,4250.23,4290.23,4253.34,FLIP,-7.09,S433 AI Gold Star 123 (Coppock),
2025-10-21 18:50:00,2025-10-21 19:10:00,SELL,4253.34,4263.82,4221.89,4221.89,TP,31.25,S433 AI Gold Star 123 (Coppock),
2025-10-21 20:05:00,2025-10-21 20:10:00,BUY,4201.1,4181.94,4258.57,4197.32,FLIP,-3.98,S433 AI Gold Star 123 (Coppock),
2025-10-21 20:10:00,2025-10-21 20:15:00,SELL,4197.32,4217.18,4137.74,4204.12,FLIP,-7.0,S433 AI Gold Star 123 (Coppock),
2025-10-21 20:15:00,2025-10-21 20:45:00,BUY,4204.12,4184.04,4264.35,4184.06,FLIP,-20.26,S433 AI Gold Star 123 (Coppock),
2025-10-21 20:45:00,2025-10-21 21:10:00,SELL,4184.06,4207.48,4113.8,4181.87,FLIP,1.99,S433 AI Gold Star 123 (Coppock),
2025-10-21 21:10:00,2025-10-21 21:15:00,BUY,4181.87,4157.7,4254.38,4166.41,FLIP,-15.66,S433 AI Gold Star 123 (Coppock),
2025-10-21 21:15:00,2025-10-21 21:45:00,SELL,4166.41,4191.33,4091.65,4091.65,TP,74.56,S433 AI Gold Star 123 (Coppock),
2025-10-21 21:55:00,2025-10-21 23:05:00,BUY,4139.8,4111.18,4225.66,4134.64,FLIP,-5.36,S433 AI Gold Star 123 (Coppock),
2025-10-21 23:05:00,2025-10-22 00:10:00,SELL,4134.64,4152.82,4080.09,4114.18,FLIP,20.26,S433 AI Gold Star 123 (Coppock),
2025-10-22 00:10:00,2025-10-22 00:25:00,BUY,4114.18,4097.7,4163.62,4097.79,FLIP,-16.59,S433 AI Gold Star 123 (Coppock),
2025-10-22 00:25:00,2025-10-22 00:30:00,SELL,4097.79,4114.51,4047.62,4113.83,FLIP,-16.24,S433 AI Gold Star 123 (Coppock),
2025-10-22 00:30:00,2025-10-22 01:40:00,BUY,4113.83,4096.52,4165.75,4113.82,FLIP,-0.21,S433 AI Gold Star 123 (Coppock),
2025-10-22 01:40:00,2025-10-22 03:20:00,SELL,4113.82,4124.79,4080.92,4124.79,SL,-11.17,S433 AI Gold Star 123 (Coppock),
2025-10-22 07:35:00,2025-10-22 15:35:00,BUY,4079.06,4050.77,4163.94,4102.56,FLIP,23.3,S433 AI Gold Star 123 (Coppock),
2025-10-22 15:35:00,2025-10-22 16:00:00,SELL,4102.56,4124.09,4037.96,4087.47,FLIP,14.89,S433 AI Gold Star 123 (Coppock),
2025-10-22 16:00:00,2025-10-22 16:40:00,BUY,4087.47,4060.19,4169.31,4063.07,FLIP,-24.6,S433 AI Gold Star 123 (Coppock),
2025-10-22 16:40:00,2025-10-22 16:50:00,SELL,4063.07,4085.16,3996.79,4067.9,FLIP,-5.03,S433 AI Gold Star 123 (Coppock),
2025-10-22 16:50:00,2025-10-22 17:40:00,BUY,4067.9,4047.22,4129.93,4053.97,FLIP,-14.13,S433 AI Gold Star 123 (Coppock),
2025-10-22 17:40:00,2025-10-22 18:45:00,SELL,4053.97,4071.05,4002.72,4031.03,FLIP,22.74,S433 AI Gold Star 123 (Coppock),
2025-10-22 18:45:00,2025-10-22 19:50:00,BUY,4031.03,4008.65,4098.18,4030.3,FLIP,-0.93,S433 AI Gold Star 123 (Coppock),
2025-10-22 19:50:00,2025-10-22 20:00:00,SELL,4030.3,4047.32,3979.24,4066.29,FLIP,-36.19,S433 AI Gold Star 123 (Coppock),
2025-10-22 20:00:00,2025-10-22 21:30:00,BUY,4066.29,4046.93,4124.37,4046.93,SL,-19.56,S433 AI Gold Star 123 (Coppock),
2025-10-23 01:40:00,2025-10-23 02:00:00,SELL,4076.21,4086.32,4045.88,4086.32,SL,-10.31,S433 AI Gold Star 123 (Coppock),
2025-10-23 02:10:00,2025-10-23 02:15:00,BUY,4092.94,4084.61,4117.94,4091.62,FLIP,-1.52,S433 AI Gold Star 123 (Coppock),
2025-10-23 02:15:00,2025-10-23 02:20:00,SELL,4091.62,4099.91,4066.74,4098.26,FLIP,-6.84,S433 AI Gold Star 123 (Coppock),
2025-10-23 02:20:00,2025-10-23 02:55:00,BUY,4098.26,4089.68,4123.99,4102.25,FLIP,3.79,S433 AI Gold Star 123 (Coppock),
2025-10-23 02:55:00,2025-10-23 05:05:00,SELL,4102.25,4112.36,4071.92,4100.88,FLIP,1.17,S433 AI Gold Star 123 (Coppock),
2025-10-23 05:05:00,2025-10-23 05:10:00,BUY,4100.88,4091.63,4128.62,4098.73,FLIP,-2.35,S433 AI Gold Star 123 (Coppock),
2025-10-23 05:10:00,2025-10-23 05:15:00,SELL,4098.73,4108.08,4070.68,4106.88,FLIP,-8.35,S433 AI Gold Star 123 (Coppock),
2025-10-23 05:15:00,2025-10-23 05:30:00,BUY,4106.88,4097.17,4136.01,4094.43,FLIP,-12.65,S433 AI Gold Star 123 (Coppock),
2025-10-23 05:30:00,2025-10-23 05:35:00,SELL,4094.43,4105.97,4059.82,4097.31,FLIP,-3.08,S433 AI Gold Star 123 (Coppock),
2025-10-23 05:35:00,2025-10-23 05:45:00,BUY,4097.31,4086.49,4129.77,4095.53,FLIP,-1.98,S433 AI Gold Star 123 (Coppock),
2025-10-23 05:45:00,2025-10-23 05:55:00,SELL,4095.53,4105.78,4064.79,4102.11,FLIP,-6.78,S433 AI Gold Star 123 (Coppock),
2025-10-23 05:55:00,2025-10-23 06:00:00,BUY,4102.11,4091.74,4133.21,4101.74,FLIP,-0.57,S433 AI Gold Star 123 (Coppock),
2025-10-23 06:00:00,2025-10-23 06:40:00,SELL,4101.74,4112.15,4070.51,4088.96,FLIP,12.58,S433 AI Gold Star 123 (Coppock),
2025-10-23 06:40:00,2025-10-23 06:45:00,BUY,4088.96,4079.37,4117.73,4087.01,FLIP,-2.15,S433 AI Gold Star 123 (Coppock),
2025-10-23 06:45:00,2025-10-23 07:00:00,SELL,4087.01,4096.59,4058.26,4094.96,FLIP,-8.15,S433 AI Gold Star 123 (Coppock),
2025-10-23 07:00:00,2025-10-23 07:15:00,BUY,4094.96,4084.29,4126.96,4081.95,FLIP,-13.21,S433 AI Gold Star 123 (Coppock),
2025-10-23 07:15:00,2025-10-23 07:30:00,SELL,4081.95,4093.12,4048.44,4082.74,FLIP,-0.99,S433 AI Gold Star 123 (Coppock),
2025-10-23 07:30:00,2025-10-23 07:55:00,BUY,4082.74,4070.42,4119.69,4081.77,FLIP,-1.17,S433 AI Gold Star 123 (Coppock),
2025-10-23 07:55:00,2025-10-23 08:15:00,SELL,4081.77,4093.6,4046.27,4076.44,FLIP,5.13,S433 AI Gold Star 123 (Coppock),
2025-10-23 08:15:00,2025-10-23 08:50:00,BUY,4076.44,4064.57,4112.06,4078.59,FLIP,1.95,S433 AI Gold Star 123 (Coppock),
2025-10-23 08:50:00,2025-10-23 09:25:00,SELL,4078.59,4089.63,4045.46,4081.13,FLIP,-2.74,S433 AI Gold Star 123 (Coppock),
2025-10-23 09:25:00,2025-10-23 09:30:00,BUY,4081.13,4071.32,4110.55,4081.56,FLIP,0.23,S433 AI Gold Star 123 (Coppock),
2025-10-23 09:30:00,2025-10-23 09:45:00,SELL,4081.56,4090.35,4055.18,4083.55,FLIP,-2.19,S433 AI Gold Star 123 (Coppock),
2025-10-23 09:45:00,2025-10-23 12:55:00,BUY,4083.55,4074.86,4109.62,4109.62,TP,25.87,S433 AI Gold Star 123 (Coppock),
2025-10-23 13:35:00,2025-10-23 15:00:00,SELL,4113.73,4125.14,4079.5,4108.76,FLIP,4.77,S433 AI Gold Star 123 (Coppock),
2025-10-23 15:00:00,2025-10-23 20:20:00,BUY,4108.76,4097.04,4143.93,4143.93,TP,34.97,S433 AI Gold Star 123 (Coppock),
2025-10-23 20:45:00,2025-10-23 21:05:00,SELL,4139.69,4151.44,4104.45,4151.44,SL,-11.95,S433 AI Gold Star 123 (Coppock),
2025-10-24 00:00:00,2025-10-24 00:05:00,BUY,4137.84,4129.46,4162.98,4135.02,FLIP,-3.02,S433 AI Gold Star 123 (Coppock),
2025-10-24 00:05:00,2025-10-24 00:10:00,SELL,4135.02,4144.02,4108.03,4137.72,FLIP,-2.9,S433 AI Gold Star 123 (Coppock),
2025-10-24 00:10:00,2025-10-24 00:15:00,BUY,4137.72,4128.93,4164.09,4135.23,FLIP,-2.69,S433 AI Gold Star 123 (Coppock),
2025-10-24 00:15:00,2025-10-24 00:30:00,SELL,4135.23,4143.92,4109.16,4132.37,FLIP,2.66,S433 AI Gold Star 123 (Coppock),
2025-10-24 00:30:00,2025-10-24 02:35:00,BUY,4132.37,4123.3,4159.58,4123.3,SL,-9.27,S433 AI Gold Star 123 (Coppock),
2025-10-24 03:30:00,2025-10-24 05:35:00,BUY,4113.12,4105.66,4135.51,4118.11,FLIP,4.79,S433 AI Gold Star 123 (Coppock),
2025-10-24 05:35:00,2025-10-24 06:35:00,SELL,4118.11,4124.86,4097.87,4112.12,FLIP,5.79,S433 AI Gold Star 123 (Coppock),
2025-10-24 06:35:00,2025-10-24 07:10:00,BUY,4112.12,4105.94,4130.66,4130.66,TP,18.34,S433 AI Gold Star 123 (Coppock),
2025-10-24 07:45:00,2025-10-24 08:00:00,SELL,4127.88,4135.29,4105.65,4135.29,SL,-7.61,S433 AI Gold Star 123 (Coppock),
2025-10-24 08:05:00,2025-10-24 08:15:00,BUY,4140.41,4132.54,4164.02,4138.98,FLIP,-1.63,S433 AI Gold Star 123 (Coppock),
2025-10-24 08:15:00,2025-10-24 08:50:00,SELL,4138.98,4146.58,4116.18,4116.18,TP,22.6,S433 AI Gold Star 123 (Coppock),
2025-10-24 09:30:00,2025-10-24 09:35:00,BUY,4115.57,4106.53,4142.7,4112.26,FLIP,-3.51,S433 AI Gold Star 123 (Coppock),
2025-10-24 09:35:00,2025-10-24 09:40:00,SELL,4112.26,4121.5,4084.55,4114.49,FLIP,-2.43,S433 AI Gold Star 123 (Coppock),
2025-10-24 09:40:00,2025-10-24 11:05:00,BUY,4114.49,4105.46,4141.57,4117.02,FLIP,2.33,S433 AI Gold Star 123 (Coppock),
2025-10-24 11:05:00,2025-10-24 13:00:00,SELL,4117.02,4123.46,4097.7,4097.7,TP,19.12,S433 AI Gold Star 123 (Coppock),
2025-10-24 13:35:00,2025-10-24 14:35:00,BUY,4094.85,4083.9,4127.69,4083.9,SL,-11.15,S433 AI Gold Star 123 (Coppock),
2025-10-24 14:40:00,2025-10-24 15:05:00,SELL,4087.13,4094.65,4064.57,4064.57,TP,22.36,S433 AI Gold Star 123 (Coppock),
2025-10-24 15:35:00,2025-10-24 16:50:00,BUY,4058.85,4046.42,4096.13,4057.74,FLIP,-1.31,S433 AI Gold Star 123 (Coppock),
2025-10-24 16:50:00,2025-10-24 17:00:00,SELL,4057.74,4066.44,4031.65,4066.44,SL,-8.9,S433 AI Gold Star 123 (Coppock),
2025-10-24 17:45:00,2025-10-24 17:50:00,BUY,4058.81,4050.26,4084.46,4057.42,FLIP,-1.59,S433 AI Gold Star 123 (Coppock),
2025-10-24 17:50:00,2025-10-24 18:05:00,SELL,4057.42,4065.75,4032.44,4060.1,FLIP,-2.88,S433 AI Gold Star 123 (Coppock),
2025-10-24 18:05:00,2025-10-24 19:35:00,BUY,4060.1,4050.84,4087.87,4087.87,TP,27.57,S433 AI Gold Star 123 (Coppock),
2025-10-24 20:40:00,2025-10-24 21:10:00,SELL,4105.73,4122.05,4056.77,4122.05,SL,-16.52,S433 AI Gold Star 123 (Coppock),
2025-10-24 21:40:00,2025-10-24 21:45:00,BUY,4129.55,4115.18,4172.66,4122.81,FLIP,-6.94,S433 AI Gold Star 123 (Coppock),
2025-10-24 21:45:00,2025-10-24 22:45:00,SELL,4122.81,4137.42,4078.97,4125.62,FLIP,-3.01,S433 AI Gold Star 123 (Coppock),
2025-10-24 22:45:00,2025-10-24 23:30:00,BUY,4125.62,4115.56,4155.79,4133.16,FLIP,7.34,S433 AI Gold Star 123 (Coppock),
2025-10-24 23:30:00,2025-10-25 00:50:00,SELL,4133.16,4141.19,4109.08,4109.08,TP,23.88,S433 AI Gold Star 123 (Coppock),
2025-10-25 01:15:00,2025-10-25 02:30:00,BUY,4109.74,4101.45,4134.6,4111.96,FLIP,2.02,S433 AI Gold Star 123 (Coppock),
2025-10-25 02:30:00,2025-10-25 02:35:00,SELL,4111.96,4119.03,4090.76,4111.69,FLIP,0.07,S433 AI Gold Star 123 (Coppock),
2025-10-25 02:35:00,2025-10-25 02:40:00,BUY,4111.69,4105.06,4131.59,4109.49,FLIP,-2.4,S433 AI Gold Star 123 (Coppock),
2025-10-25 02:40:00,2025-10-25 03:35:00,SELL,4109.49,4115.67,4090.96,4106.82,FLIP,2.47,S433 AI Gold Star 123 (Coppock),
2025-10-25 03:35:00,2025-10-27 04:05:00,BUY,4106.82,4101.1,4123.98,4089.17,FLIP,-17.85,S433 AI Gold Star 123 (Coppock),
2025-10-27 04:05:00,2025-10-27 04:10:00,SELL,4089.17,4098.42,4061.43,4105.07,FLIP,-16.1,S433 AI Gold Star 123 (Coppock),
2025-10-27 04:10:00,2025-10-27 04:25:00,BUY,4105.07,4094.22,4137.61,4091.83,FLIP,-13.44,S433 AI Gold Star 123 (Coppock),
2025-10-27 04:25:00,2025-10-27 04:30:00,SELL,4091.83,4104.15,4054.88,4098.52,FLIP,-6.89,S433 AI Gold Star 123 (Coppock),
2025-10-27 04:30:00,2025-10-27 04:35:00,BUY,4098.52,4085.84,4136.56,4094.43,FLIP,-4.29,S433 AI Gold Star 123 (Coppock),
2025-10-27 04:35:00,2025-10-27 05:15:00,SELL,4094.43,4107.62,4054.87,4083.24,FLIP,10.99,S433 AI Gold Star 123 (Coppock),
2025-10-27 05:15:00,2025-10-27 05:25:00,BUY,4083.24,4069.29,4125.08,4074.83,FLIP,-8.61,S433 AI Gold Star 123 (Coppock),
2025-10-27 05:25:00,2025-10-27 05:30:00,SELL,4074.83,4087.45,4036.97,4079.69,FLIP,-5.06,S433 AI Gold Star 123 (Coppock),
2025-10-27 05:30:00,2025-10-27 05:40:00,BUY,4079.69,4066.91,4118.04,4066.91,SL,-12.98,S433 AI Gold Star 123 (Coppock),
2025-10-27 06:15:00,2025-10-27 06:20:00,SELL,4064.18,4075.4,4030.53,4065.43,FLIP,-1.45,S433 AI Gold Star 123 (Coppock),
2025-10-27 06:20:00,2025-10-27 07:35:00,BUY,4065.43,4054.0,4099.72,4087.35,FLIP,21.72,S433 AI Gold Star 123 (Coppock),
2025-10-27 07:35:00,2025-10-27 10:05:00,SELL,4087.35,4097.5,4056.89,4056.89,TP,30.26,S433 AI Gold Star 123 (Coppock),
2025-10-27 10:45:00,2025-10-27 11:55:00,BUY,4064.95,4057.93,4086.0,4079.6,FLIP,14.45,S433 AI Gold Star 123 (Coppock),
2025-10-27 11:55:00,2025-10-27 13:55:00,SELL,4079.6,4086.16,4059.91,4068.84,FLIP,10.56,S433 AI Gold Star 123 (Coppock),
2025-10-27 13:55:00,2025-10-27 14:20:00,BUY,4068.84,4063.04,4086.25,4058.41,FLIP,-10.63,S433 AI Gold Star 123 (Coppock),
2025-10-27 14:20:00,2025-10-27 14:30:00,SELL,4058.41,4064.66,4039.67,4060.56,FLIP,-2.35,S433 AI Gold Star 123 (Coppock),
2025-10-27 14:30:00,2025-10-27 14:40:00,BUY,4060.56,4054.55,4078.59,4058.9,FLIP,-1.86,S433 AI Gold Star 123 (Coppock),
2025-10-27 14:40:00,2025-10-27 14:50:00,SELL,4058.9,4065.08,4040.36,4040.36,TP,18.34,S433 AI Gold Star 123 (Coppock),
2025-10-27 15:30:00,2025-10-27 16:30:00,BUY,4039.4,4026.53,4078.01,4035.17,FLIP,-4.43,S433 AI Gold Star 123 (Coppock),
2025-10-27 16:30:00,2025-10-27 16:35:00,SELL,4035.17,4045.22,4005.03,4042.92,FLIP,-7.95,S433 AI Gold Star 123 (Coppock),
2025-10-27 16:35:00,2025-10-27 16:40:00,BUY,4042.92,4032.48,4074.24,4041.41,FLIP,-1.71,S433 AI Gold Star 123 (Coppock),
2025-10-27 16:40:00,2025-10-27 18:00:00,SELL,4041.41,4051.9,4009.95,4032.55,FLIP,8.66,S433 AI Gold Star 123 (Coppock),
2025-10-27 18:00:00,2025-10-27 19:10:00,BUY,4032.55,4021.31,4066.26,4039.67,FLIP,6.92,S433 AI Gold Star 123 (Coppock),
2025-10-27 19:10:00,2025-10-27 19:45:00,SELL,4039.67,4048.46,4013.3,4013.3,TP,26.17,S433 AI Gold Star 123 (Coppock),
2025-10-27 20:40:00,2025-10-27 21:05:00,BUY,3994.52,3976.06,4049.89,3974.65,FLIP,-20.07,S433 AI Gold Star 123 (Coppock),
2025-10-27 21:05:00,2025-10-27 21:10:00,SELL,3974.65,3992.52,3921.05,3978.81,FLIP,-4.36,S433 AI Gold Star 123 (Coppock),
2025-10-27 21:10:00,2025-10-27 22:25:00,BUY,3978.81,3961.71,4030.1,3987.1,FLIP,8.09,S433 AI Gold Star 123 (Coppock),
2025-10-27 22:25:00,2025-10-27 22:30:00,SELL,3987.1,3996.47,3958.98,3989.38,FLIP,-2.48,S433 AI Gold Star 123 (Coppock),
2025-10-27 22:30:00,2025-10-27 22:45:00,BUY,3989.38,3979.95,4017.67,3993.82,FLIP,4.24,S433 AI Gold Star 123 (Coppock),
2025-10-27 22:45:00,2025-10-27 22:55:00,SELL,3993.82,4002.22,3968.61,3999.28,FLIP,-5.66,S433 AI Gold Star 123 (Coppock),
2025-10-27 22:55:00,2025-10-27 23:05:00,BUY,3999.28,3991.23,4023.42,3998.47,FLIP,-1.01,S433 AI Gold Star 123 (Coppock),
2025-10-27 23:05:00,2025-10-27 23:30:00,SELL,3998.47,4006.48,3974.45,4006.48,SL,-8.21,S433 AI Gold Star 123 (Coppock),
2025-10-28 02:05:00,2025-10-28 02:50:00,BUY,3990.24,3982.77,4012.65,3979.92,FLIP,-10.52,S433 AI Gold Star 123 (Coppock),
2025-10-28 02:50:00,2025-10-28 04:05:00,SELL,3979.92,3986.43,3960.4,3987.37,FLIP,-7.65,S433 AI Gold Star 123 (Coppock),
2025-10-28 04:05:00,2025-10-28 04:10:00,BUY,3987.37,3979.83,4009.99,3985.4,FLIP,-2.17,S433 AI Gold Star 123 (Coppock),
2025-10-28 04:10:00,2025-10-28 04:20:00,SELL,3985.4,3993.05,3962.45,3993.05,SL,-7.85,S433 AI Gold Star 123 (Coppock),
2025-10-28 04:35:00,2025-10-28 05:05:00,BUY,3993.81,3985.67,4018.23,3985.67,SL,-8.34,S433 AI Gold Star 123 (Coppock),
2025-10-28 07:35:00,2025-10-28 09:10:00,SELL,4008.13,4018.76,3976.23,3989.35,FLIP,18.58,S433 AI Gold Star 123 (Coppock),
2025-10-28 09:10:00,2025-10-28 10:15:00,BUY,3989.35,3979.86,4017.83,3984.58,FLIP,-4.97,S433 AI Gold Star 123 (Coppock),
2025-10-28 10:15:00,2025-10-28 10:25:00,SELL,3984.58,3990.79,3965.94,3965.94,TP,18.44,S433 AI Gold Star 123 (Coppock),
2025-10-28 11:10:00,2025-10-28 11:30:00,BUY,3976.84,3966.67,4007.35,3966.67,SL,-10.37,S433 AI Gold Star 123 (Coppock),
2025-10-28 11:35:00,2025-10-28 11:45:00,SELL,3960.19,3970.18,3930.21,3965.45,FLIP,-5.46,S433 AI Gold Star 123 (Coppock),
2025-10-28 11:45:00,2025-10-28 11:50:00,BUY,3965.45,3955.59,3995.03,3963.37,FLIP,-2.28,S433 AI Gold Star 123 (Coppock),
2025-10-28 11:50:00,2025-10-28 11:55:00,SELL,3963.37,3972.61,3935.65,3966.59,FLIP,-3.42,S433 AI Gold Star 123 (Coppock),
2025-10-28 11:55:00,2025-10-28 12:00:00,BUY,3966.59,3957.26,3994.57,3962.52,FLIP,-4.27,S433 AI Gold Star 123 (Coppock),
2025-10-28 12:00:00,2025-10-28 12:30:00,SELL,3962.52,3972.17,3933.58,3955.5,FLIP,6.82,S433 AI Gold Star 123 (Coppock),
2025-10-28 12:30:00,2025-10-28 12:35:00,BUY,3955.5,3946.08,3983.75,3948.2,FLIP,-7.5,S433 AI Gold Star 123 (Coppock),
2025-10-28 12:35:00,2025-10-28 12:45:00,SELL,3948.2,3958.13,3918.4,3946.62,FLIP,1.38,S433 AI Gold Star 123 (Coppock),
2025-10-28 12:45:00,2025-10-28 12:50:00,BUY,3946.62,3937.51,3973.94,3942.54,FLIP,-4.28,S433 AI Gold Star 123 (Coppock),
2025-10-28 12:50:00,2025-10-28 13:05:00,SELL,3942.54,3951.95,3914.3,3944.04,FLIP,-1.7,S433 AI Gold Star 123 (Coppock),
2025-10-28 13:05:00,2025-10-28 13:15:00,BUY,3944.04,3934.67,3972.16,3937.93,FLIP,-6.31,S433 AI Gold Star 123 (Coppock),
2025-10-28 13:15:00,2025-10-28 13:45:00,SELL,3937.93,3947.59,3908.96,3935.53,FLIP,2.2,S433 AI Gold Star 123 (Coppock),
2025-10-28 13:45:00,2025-10-28 14:05:00,BUY,3935.53,3925.01,3967.1,3926.04,FLIP,-9.69,S433 AI Gold Star 123 (Coppock),
2025-10-28 14:05:00,2025-10-28 14:30:00,SELL,3926.04,3936.73,3893.97,3915.42,FLIP,10.42,S433 AI Gold Star 123 (Coppock),
2025-10-28 14:30:00,2025-10-28 14:35:00,BUY,3915.42,3905.13,3946.29,3908.0,FLIP,-7.62,S433 AI Gold Star 123 (Coppock),
2025-10-28 14:35:00,2025-10-28 15:10:00,SELL,3908.0,3918.47,3876.58,3897.3,FLIP,10.5,S433 AI Gold Star 123 (Coppock),
2025-10-28 15:10:00,2025-10-28 16:25:00,BUY,3897.3,3885.01,3934.18,3905.26,FLIP,7.76,S433 AI Gold Star 123 (Coppock),
2025-10-28 16:25:00,2025-10-28 16:30:00,SELL,3905.26,3915.04,3875.93,3913.22,FLIP,-8.16,S433 AI Gold Star 123 (Coppock),
2025-10-28 16:30:00,2025-10-28 17:10:00,BUY,3913.22,3903.42,3942.62,3916.09,FLIP,2.67,S433 AI Gold Star 123 (Coppock),
2025-10-28 17:10:00,2025-10-28 17:15:00,SELL,3916.09,3927.11,3883.04,3917.85,FLIP,-1.96,S433 AI Gold Star 123 (Coppock),
2025-10-28 17:15:00,2025-10-28 17:25:00,BUY,3917.85,3906.56,3951.72,3918.07,FLIP,0.02,S433 AI Gold Star 123 (Coppock),
2025-10-28 17:25:00,2025-10-28 17:45:00,SELL,3918.07,3928.87,3885.67,3928.87,SL,-11.0,S433 AI Gold Star 123 (Coppock),
2025-10-28 18:10:00,2025-10-28 18:30:00,BUY,3926.42,3918.98,3948.74,3918.98,SL,-7.64,S433 AI Gold Star 123 (Coppock),
2025-10-28 20:55:00,2025-10-28 21:10:00,SELL,3949.83,3959.1,3922.02,3959.2,FLIP,-9.57,S433 AI Gold Star 123 (Coppock),
2025-10-28 21:10:00,2025-10-28 21:15:00,BUY,3959.2,3949.99,3986.82,3958.44,FLIP,-0.96,S433 AI Gold Star 123 (Coppock),
2025-10-28 21:15:00,2025-10-28 21:30:00,SELL,3958.44,3967.49,3931.3,3963.01,FLIP,-4.77,S433 AI Gold Star 123 (Coppock),
2025-10-28 21:30:00,2025-10-28 21:35:00,BUY,3963.01,3954.29,3989.17,3963.51,FLIP,0.3,S433 AI Gold Star 123 (Coppock),
2025-10-28 21:35:00,2025-10-28 21:45:00,SELL,3963.51,3971.66,3939.06,3966.07,FLIP,-2.76,S433 AI Gold Star 123 (Coppock),
2025-10-28 21:45:00,2025-10-28 21:55:00,BUY,3966.07,3958.49,3988.81,3964.86,FLIP,-1.41,S433 AI Gold Star 123 (Coppock),
2025-10-28 21:55:00,2025-10-29 00:50:00,SELL,3964.86,3971.61,3944.62,3956.66,FLIP,8.0,S433 AI Gold Star 123 (Coppock),
2025-10-29 00:50:00,2025-10-29 04:05:00,BUY,3956.66,3948.97,3979.74,3948.97,SL,-7.89,S433 AI Gold Star 123 (Coppock),
2025-10-29 04:25:00,2025-10-29 04:30:00,BUY,3946.29,3933.8,3983.76,3941.83,FLIP,-4.66,S433 AI Gold Star 123 (Coppock),
2025-10-29 04:30:00,2025-10-29 04:35:00,SELL,3941.83,3954.42,3904.06,3943.65,FLIP,-2.02,S433 AI Gold Star 123 (Coppock),
2025-10-29 04:35:00,2025-10-29 04:45:00,BUY,3943.65,3930.96,3981.73,3939.3,FLIP,-4.55,S433 AI Gold Star 123 (Coppock),
2025-10-29 04:45:00,2025-10-29 05:00:00,SELL,3939.3,3952.91,3898.47,3942.57,FLIP,-3.47,S433 AI Gold Star 123 (Coppock),
2025-10-29 05:00:00,2025-10-29 06:10:00,BUY,3942.57,3927.95,3986.43,3962.0,FLIP,19.23,S433 AI Gold Star 123 (Coppock),
2025-10-29 06:10:00,2025-10-29 06:15:00,SELL,3962.0,3970.47,3936.58,3966.82,FLIP,-5.02,S433 AI Gold Star 123 (Coppock),
2025-10-29 06:15:00,2025-10-29 06:25:00,BUY,3966.82,3958.01,3993.24,3970.88,FLIP,3.86,S433 AI Gold Star 123 (Coppock),
2025-10-29 06:25:00,2025-10-29 06:40:00,SELL,3970.88,3979.94,3943.71,3981.58,FLIP,-10.9,S433 AI Gold Star 123 (Coppock),
2025-10-29 06:40:00,2025-10-29 06:50:00,BUY,3981.58,3971.7,4011.23,3974.99,FLIP,-6.79,S433 AI Gold Star 123 (Coppock),
2025-10-29 06:50:00,2025-10-29 08:35:00,SELL,3974.99,3984.45,3946.6,3946.6,TP,28.19,S433 AI Gold Star 123 (Coppock),
2025-10-29 08:55:00,2025-10-29 10:25:00,BUY,3961.08,3951.72,3989.16,3951.72,SL,-9.56,S433 AI Gold Star 123 (Coppock),
2025-10-29 11:00:00,2025-10-29 11:10:00,BUY,3962.82,3954.99,3986.3,3954.99,SL,-8.03,S433 AI Gold Star 123 (Coppock),
2025-10-29 13:30:00,2025-10-29 14:00:00,SELL,3993.33,4001.76,3968.05,4006.29,FLIP,-13.16,S433 AI Gold Star 123 (Coppock),
2025-10-29 14:00:00,2025-10-29 14:10:00,BUY,4006.29,3997.86,4031.57,4007.3,FLIP,0.81,S433 AI Gold Star 123 (Coppock),
2025-10-29 14:10:00,2025-10-29 14:45:00,SELL,4007.3,4015.1,3983.91,4015.1,SL,-8.0,S433 AI Gold Star 123 (Coppock),
2025-10-29 14:50:00,2025-10-29 14:55:00,BUY,4015.44,4008.5,4036.26,4016.88,FLIP,1.24,S433 AI Gold Star 123 (Coppock),
2025-10-29 14:55:00,2025-10-29 15:05:00,SELL,4016.88,4023.66,3996.55,4019.93,FLIP,-3.25,S433 AI Gold Star 123 (Coppock),
2025-10-29 15:05:00,2025-10-29 15:10:00,BUY,4019.93,4012.92,4040.96,4016.37,FLIP,-3.76,S433 AI Gold Star 123 (Coppock),
2025-10-29 15:10:00,2025-10-29 15:45:00,SELL,4016.37,4023.15,3996.02,4027.57,FLIP,-11.4,S433 AI Gold Star 123 (Coppock),
2025-10-29 15:45:00,2025-10-29 15:55:00,BUY,4027.57,4020.42,4049.02,4023.94,FLIP,-3.83,S433 AI Gold Star 123 (Coppock),
2025-10-29 15:55:00,2025-10-29 16:20:00,SELL,4023.94,4031.08,4002.52,4027.8,FLIP,-4.06,S433 AI Gold Star 123 (Coppock),
2025-10-29 16:20:00,2025-10-29 16:25:00,BUY,4027.8,4020.27,4050.4,4024.58,FLIP,-3.42,S433 AI Gold Star 123 (Coppock),
2025-10-29 16:25:00,2025-10-29 16:35:00,SELL,4024.58,4031.79,4002.94,4028.01,FLIP,-3.63,S433 AI Gold Star 123 (Coppock),
2025-10-29 16:35:00,2025-10-29 16:40:00,BUY,4028.01,4020.23,4051.36,4026.11,FLIP,-2.1,S433 AI Gold Star 123 (Coppock),
2025-10-29 16:40:00,2025-10-29 18:05:00,SELL,4026.11,4033.96,4002.57,4017.87,FLIP,8.04,S433 AI Gold Star 123 (Coppock),
2025-10-29 18:05:00,2025-10-29 19:10:00,BUY,4017.87,4010.84,4038.96,4010.84,SL,-7.23,S433 AI Gold Star 123 (Coppock),
2025-10-29 19:55:00,2025-10-29 20:55:00,BUY,4012.38,4002.8,4041.11,4008.37,FLIP,-4.21,S433 AI Gold Star 123 (Coppock),
2025-10-29 20:55:00,2025-10-29 22:05:00,SELL,4008.37,4016.72,3983.33,3998.1,FLIP,10.07,S433 AI Gold Star 123 (Coppock),
2025-10-29 22:05:00,2025-10-29 23:05:00,BUY,3998.1,3990.13,4022.0,3990.13,SL,-8.17,S433 AI Gold Star 123 (Coppock),
2025-10-29 23:15:00,2025-10-29 23:30:00,SELL,3993.87,3999.48,3977.03,3993.41,FLIP,0.26,S433 AI Gold Star 123 (Coppock),
2025-10-29 23:30:00,2025-10-29 23:40:00,BUY,3993.41,3986.78,4013.3,3991.99,FLIP,-1.62,S433 AI Gold Star 123 (Coppock),
2025-10-29 23:40:00,2025-10-29 23:45:00,SELL,3991.99,3998.75,3971.7,3994.78,FLIP,-2.99,S433 AI Gold Star 123 (Coppock),
2025-10-29 23:45:00,2025-10-30 00:00:00,BUY,3994.78,3988.19,4014.55,3988.19,SL,-6.79,S433 AI Gold Star 123 (Coppock),
2025-10-30 00:10:00,2025-10-30 00:40:00,SELL,3983.08,3993.74,3951.11,3951.11,TP,31.77,S433 AI Gold Star 123 (Coppock),
2025-10-30 01:05:00,2025-10-30 01:25:00,BUY,3964.0,3941.12,4032.63,3953.26,FLIP,-10.94,S433 AI Gold Star 123 (Coppock),
2025-10-30 01:25:00,2025-10-30 01:30:00,SELL,3953.26,3975.51,3886.52,3946.72,FLIP,6.34,S433 AI Gold Star 123 (Coppock),
2025-10-30 01:30:00,2025-10-30 01:40:00,BUY,3946.72,3923.76,4015.61,3929.19,FLIP,-17.73,S433 AI Gold Star 123 (Coppock),
2025-10-30 01:40:00,2025-10-30 01:45:00,SELL,3929.19,3952.52,3859.21,3941.94,FLIP,-12.95,S433 AI Gold Star 123 (Coppock),
2025-10-30 01:45:00,2025-10-30 02:05:00,BUY,3941.94,3920.71,4005.64,3938.72,FLIP,-3.42,S433 AI Gold Star 123 (Coppock),
2025-10-30 02:05:00,2025-10-30 02:10:00,SELL,3938.72,3957.81,3881.46,3941.21,FLIP,-2.69,S433 AI Gold Star 123 (Coppock),
2025-10-30 02:10:00,2025-10-30 02:15:00,BUY,3941.21,3924.08,3992.61,3938.86,FLIP,-2.55,S433 AI Gold Star 123 (Coppock),
2025-10-30 02:15:00,2025-10-30 02:20:00,SELL,3938.86,3955.1,3890.13,3951.87,FLIP,-13.21,S433 AI Gold Star 123 (Coppock),
2025-10-30 02:20:00,2025-10-30 02:45:00,BUY,3951.87,3935.06,4002.29,3935.06,SL,-17.01,S433 AI Gold Star 123 (Coppock),
2025-10-30 02:55:00,2025-10-30 04:10:00,SELL,3928.73,3940.54,3893.3,3937.97,FLIP,-9.44,S433 AI Gold Star 123 (Coppock),
2025-10-30 04:10:00,2025-10-30 04:15:00,BUY,3937.97,3924.51,3978.34,3931.14,FLIP,-7.03,S433 AI Gold Star 123 (Coppock),
2025-10-30 04:15:00,2025-10-30 04:25:00,SELL,3931.14,3944.77,3890.24,3937.4,FLIP,-6.46,S433 AI Gold Star 123 (Coppock),
2025-10-30 04:25:00,2025-10-30 08:55:00,BUY,3937.4,3923.97,3977.68,3923.97,SL,-13.63,S433 AI Gold Star 123 (Coppock),
2025-10-30 09:05:00,2025-10-30 10:25:00,BUY,3924.41,3912.99,3958.67,3958.67,TP,34.06,S433 AI Gold Star 123 (Coppock),
2025-10-30 11:05:00,2025-10-30 12:05:00,SELL,3972.71,3984.23,3938.14,3964.99,FLIP,7.52,S433 AI Gold Star 123 (Coppock),
2025-10-30 12:05:00,2025-10-30 13:10:00,BUY,3964.99,3953.66,3998.98,3970.22,FLIP,5.03,S433 AI Gold Star 123 (Coppock),
2025-10-30 13:10:00,2025-10-30 15:00:00,SELL,3970.22,3981.45,3936.52,3981.45,SL,-11.43,S433 AI Gold Star 123 (Coppock),
2025-10-30 15:45:00,2025-10-30 16:55:00,SELL,3995.63,4006.06,3964.33,3984.15,FLIP,11.28,S433 AI Gold Star 123 (Coppock),
2025-10-30 16:55:00,2025-10-30 17:05:00,BUY,3984.15,3976.44,4007.29,3978.73,FLIP,-5.62,S433 AI Gold Star 123 (Coppock),
2025-10-30 17:05:00,2025-10-30 17:30:00,SELL,3978.73,3986.92,3954.17,3972.46,FLIP,6.07,S433 AI Gold Star 123 (Coppock),
2025-10-30 17:30:00,2025-10-30 18:45:00,BUY,3972.46,3963.66,3998.85,3967.34,FLIP,-5.32,S433 AI Gold Star 123 (Coppock),
2025-10-30 18:45:00,2025-10-30 19:10:00,SELL,3967.34,3977.03,3938.26,3977.03,SL,-9.89,S433 AI Gold Star 123 (Coppock),
2025-10-30 19:20:00,2025-10-30 19:25:00,BUY,3975.35,3963.49,4010.92,3969.68,FLIP,-5.87,S433 AI Gold Star 123 (Coppock),
2025-10-30 19:25:00,2025-10-30 19:35:00,SELL,3969.68,3981.62,3933.86,3968.89,FLIP,0.59,S433 AI Gold Star 123 (Coppock),
2025-10-30 19:35:00,2025-10-30 20:05:00,BUY,3968.89,3956.36,4006.49,4006.49,TP,37.4,S433 AI Gold Star 123 (Coppock),
2025-10-30 20:30:00,2025-10-30 23:45:00,SELL,3995.92,4011.29,3949.82,4011.29,SL,-15.57,S433 AI Gold Star 123 (Coppock),
2025-10-31 01:25:00,2025-10-31 01:30:00,SELL,4020.18,4026.6,4000.92,4024.04,FLIP,-4.06,S433 AI Gold Star 123 (Coppock),
2025-10-31 01:30:00,2025-10-31 01:35:00,BUY,4024.04,4017.25,4044.41,4024.31,FLIP,0.07,S433 AI Gold Star 123 (Coppock),
2025-10-31 01:35:00,2025-10-31 04:50:00,SELL,4024.31,4030.88,4004.61,4030.88,SL,-6.77,S433 AI Gold Star 123 (Coppock),
2025-10-31 08:45:00,2025-10-31 09:10:00,BUY,4011.04,4001.01,4041.14,3994.18,FLIP,-17.06,S433 AI Gold Star 123 (Coppock),
2025-10-31 09:10:00,2025-10-31 09:20:00,SELL,3994.18,4005.4,3960.51,3998.85,FLIP,-4.87,S433 AI Gold Star 123 (Coppock),
2025-10-31 09:20:00,2025-10-31 09:40:00,BUY,3998.85,3988.05,4031.24,3998.0,FLIP,-1.05,S433 AI Gold Star 123 (Coppock),
2025-10-31 09:40:00,2025-10-31 09:50:00,SELL,3998.0,4008.11,3967.68,3996.54,FLIP,1.26,S433 AI Gold Star 123 (Coppock),
2025-10-31 09:50:00,2025-10-31 10:00:00,BUY,3996.54,3987.27,4024.34,3995.5,FLIP,-1.24,S433 AI Gold Star 123 (Coppock),
2025-10-31 10:00:00,2025-10-31 10:05:00,SELL,3995.5,4003.73,3970.8,3991.24,FLIP,4.06,S433 AI Gold Star 123 (Coppock),
2025-10-31 10:05:00,2025-10-31 11:10:00,BUY,3991.24,3982.68,4016.91,3997.07,FLIP,5.63,S433 AI Gold Star 123 (Coppock),
2025-10-31 11:10:00,2025-10-31 11:30:00,SELL,3997.07,4003.96,3976.41,4003.96,SL,-7.09,S433 AI Gold Star 123 (Coppock),
2025-10-31 12:35:00,2025-10-31 13:15:00,SELL,4009.31,4016.97,3986.34,4017.76,FLIP,-8.65,S433 AI Gold Star 123 (Coppock),
2025-10-31 13:15:00,2025-10-31 13:40:00,BUY,4017.76,4009.4,4042.83,4012.4,FLIP,-5.56,S433 AI Gold Star 123 (Coppock),
2025-10-31 13:40:00,2025-10-31 13:45:00,SELL,4012.4,4020.91,3986.87,4018.22,FLIP,-6.02,S433 AI Gold Star 123 (Coppock),
2025-10-31 13:45:00,2025-10-31 13:50:00,BUY,4018.22,4009.4,4044.67,4017.53,FLIP,-0.89,S433 AI Gold Star 123 (Coppock),
2025-10-31 13:50:00,2025-10-31 13:55:00,SELL,4017.53,4026.29,3991.25,4021.0,FLIP,-3.67,S433 AI Gold Star 123 (Coppock),
2025-10-31 13:55:00,2025-10-31 14:10:00,BUY,4021.0,4012.0,4048.01,4023.13,FLIP,1.93,S433 AI Gold Star 123 (Coppock),
2025-10-31 14:10:00,2025-10-31 15:45:00,SELL,4023.13,4031.34,3998.51,4000.86,FLIP,22.07,S433 AI Gold Star 123 (Coppock),
2025-10-31 15:45:00,2025-10-31 18:20:00,BUY,4000.86,3993.0,4024.45,4024.45,TP,23.39,S433 AI Gold Star 123 (Coppock),
2025-10-31 18:55:00,2025-10-31 19:00:00,SELL,4023.02,4031.2,3998.47,4026.97,FLIP,-4.15,S433 AI Gold Star 123 (Coppock),
2025-10-31 19:00:00,2025-10-31 19:15:00,BUY,4026.97,4018.55,4052.23,4029.23,FLIP,2.06,S433 AI Gold Star 123 (Coppock),
2025-10-31 19:15:00,2025-10-31 22:05:00,SELL,4029.23,4038.62,4001.05,4001.05,TP,27.98,S433 AI Gold Star 123 (Coppock),
2025-10-31 22:55:00,2025-11-01 00:35:00,BUY,3980.67,3968.27,4017.88,4004.95,FLIP,24.08,S433 AI Gold Star 123 (Coppock),
2025-11-01 00:35:00,2025-11-03 05:40:00,SELL,4004.95,4012.5,3982.31,3982.31,TP,22.44,S433 AI Gold Star 123 (Coppock),
2025-11-03 06:25:00,2025-11-03 06:30:00,BUY,3970.72,3960.71,4000.76,3966.69,FLIP,-4.23,S433 AI Gold Star 123 (Coppock),
2025-11-03 06:30:00,2025-11-03 06:35:00,SELL,3966.69,3976.83,3936.26,3973.62,FLIP,-7.13,S433 AI Gold Star 123 (Coppock),
2025-11-03 06:35:00,2025-11-03 08:20:00,BUY,3973.62,3962.93,4005.7,4005.7,TP,31.88,S433 AI Gold Star 123 (Coppock),
2025-11-03 08:55:00,2025-11-03 09:25:00,BUY,4004.0,3996.35,4026.95,4006.12,FLIP,1.92,S433 AI Gold Star 123 (Coppock),
2025-11-03 09:25:00,2025-11-03 09:30:00,SELL,4006.12,4013.86,3982.91,4010.13,FLIP,-4.21,S433 AI Gold Star 123 (Coppock),
2025-11-03 09:30:00,2025-11-03 09:50:00,BUY,4010.13,4002.77,4032.2,4013.55,FLIP,3.22,S433 AI Gold Star 123 (Coppock),
2025-11-03 09:50:00,2025-11-03 13:00:00,SELL,4013.55,4020.13,3993.81,4020.13,SL,-6.78,S433 AI Gold Star 123 (Coppock),
2025-11-03 14:10:00,2025-11-03 15:30:00,SELL,4021.63,4027.5,4004.03,4004.03,TP,17.4,S433 AI Gold Star 123 (Coppock),
2025-11-03 16:20:00,2025-11-03 19:25:00,BUY,3996.85,3988.74,4021.18,4014.42,FLIP,17.37,S433 AI Gold Star 123 (Coppock),
2025-11-03 19:25:00,2025-11-03 19:30:00,SELL,4014.42,4020.34,3996.67,4015.74,FLIP,-1.52,S433 AI Gold Star 123 (Coppock),
2025-11-03 19:30:00,2025-11-03 19:40:00,BUY,4015.74,4009.77,4033.64,4017.32,FLIP,1.38,S433 AI Gold Star 123 (Coppock),
2025-11-03 19:40:00,2025-11-03 20:45:00,SELL,4017.32,4023.1,3999.97,4020.52,FLIP,-3.4,S433 AI Gold Star 123 (Coppock),
2025-11-03 20:45:00,2025-11-03 21:25:00,BUY,4020.52,4012.32,4045.11,4011.5,FLIP,-9.22,S433 AI Gold Star 123 (Coppock),
2025-11-03 21:25:00,2025-11-03 21:40:00,SELL,4011.5,4022.18,3979.45,4021.64,FLIP,-10.34,S433 AI Gold Star 123 (Coppock),
2025-11-03 21:40:00,2025-11-03 21:45:00,BUY,4021.64,4010.7,4054.47,4019.38,FLIP,-2.46,S433 AI Gold Star 123 (Coppock),
2025-11-03 21:45:00,2025-11-03 22:35:00,SELL,4019.38,4030.28,3986.69,4002.45,FLIP,16.73,S433 AI Gold Star 123 (Coppock),
2025-11-03 22:35:00,2025-11-03 23:45:00,BUY,4002.45,3991.04,4036.67,4006.55,FLIP,3.9,S433 AI Gold Star 123 (Coppock),
2025-11-03 23:45:00,2025-11-04 00:30:00,SELL,4006.55,4011.68,3991.16,4009.28,FLIP,-2.93,S433 AI Gold Star 123 (Coppock),
2025-11-04 00:30:00,2025-11-04 00:45:00,BUY,4009.28,4004.77,4022.8,4004.77,SL,-4.71,S433 AI Gold Star 123 (Coppock),
2025-11-04 01:00:00,2025-11-04 01:10:00,SELL,3997.75,4003.5,3980.5,4003.47,FLIP,-5.92,S433 AI Gold Star 123 (Coppock),
2025-11-04 01:10:00,2025-11-04 01:25:00,BUY,4003.47,3996.97,4022.98,4004.21,FLIP,0.54,S433 AI Gold Star 123 (Coppock),
2025-11-04 01:25:00,2025-11-04 01:50:00,SELL,4004.21,4010.77,3984.52,4007.57,FLIP,-3.56,S433 AI Gold Star 123 (Coppock),
2025-11-04 01:50:00,2025-11-04 03:25:00,BUY,4007.57,4001.35,4026.24,4001.35,SL,-6.42,S433 AI Gold Star 123 (Coppock),
2025-11-04 05:20:00,2025-11-04 06:00:00,BUY,3995.18,3989.24,4012.99,3991.69,FLIP,-3.69,S433 AI Gold Star 123 (Coppock),
2025-11-04 06:00:00,2025-11-04 06:05:00,SELL,3991.69,3999.72,3967.61,3996.94,FLIP,-5.45,S433 AI Gold Star 123 (Coppock),
2025-11-04 06:05:00,2025-11-04 06:30:00,BUY,3996.94,3988.18,4023.21,3991.76,FLIP,-5.38,S433 AI Gold Star 123 (Coppock),
2025-11-04 06:30:00,2025-11-04 07:10:00,SELL,3991.76,3998.3,3972.15,3990.16,FLIP,1.4,S433 AI Gold Star 123 (Coppock),
2025-11-04 07:10:00,2025-11-04 07:25:00,BUY,3990.16,3982.08,4014.4,3982.08,SL,-8.28,S433 AI Gold Star 123 (Coppock),
2025-11-04 08:00:00,2025-11-04 08:25:00,SELL,3978.6,3986.76,3954.13,3984.01,FLIP,-5.61,S433 AI Gold Star 123 (Coppock),
2025-11-04 08:25:00,2025-11-04 08:30:00,BUY,3984.01,3976.48,4006.59,3980.55,FLIP,-3.66,S433 AI Gold Star 123 (Coppock),
2025-11-04 08:30:00,2025-11-04 08:35:00,SELL,3980.55,3988.3,3957.3,3982.67,FLIP,-2.32,S433 AI Gold Star 123 (Coppock),
2025-11-04 08:35:00,2025-11-04 08:45:00,BUY,3982.67,3975.02,4005.61,3976.41,FLIP,-6.46,S433 AI Gold Star 123 (Coppock),
2025-11-04 08:45:00,2025-11-04 08:50:00,SELL,3976.41,3983.96,3953.76,3981.86,FLIP,-5.65,S433 AI Gold Star 123 (Coppock),
2025-11-04 08:50:00,2025-11-04 11:45:00,BUY,3981.86,3973.87,4005.83,3973.87,SL,-8.19,S433 AI Gold Star 123 (Coppock),
2025-11-04 11:55:00,2025-11-04 12:10:00,SELL,3973.25,3980.63,3951.11,3974.57,FLIP,-1.52,S433 AI Gold Star 123 (Coppock),
2025-11-04 12:10:00,2025-11-04 12:20:00,BUY,3974.57,3966.81,3997.85,3969.63,FLIP,-5.14,S433 AI Gold Star 123 (Coppock),
2025-11-04 12:20:00,2025-11-04 12:25:00,SELL,3969.63,3977.71,3945.38,3975.58,FLIP,-6.15,S433 AI Gold Star 123 (Coppock),
2025-11-04 12:25:00,2025-11-04 13:40:00,BUY,3975.58,3967.05,4001.18,3991.65,FLIP,15.87,S433 AI Gold Star 123 (Coppock),
2025-11-04 13:40:00,2025-11-04 14:05:00,SELL,3991.65,3998.25,3971.84,3998.25,SL,-6.8,S433 AI Gold Star 123 (Coppock),
2025-11-04 15:35:00,2025-11-04 19:30:00,SELL,3998.11,4003.67,3981.43,3981.43,TP,16.48,S433 AI Gold Star 123 (Coppock),
2025-11-04 19:40:00,2025-11-04 19:45:00,BUY,3980.31,3972.28,4004.41,3976.88,FLIP,-3.63,S433 AI Gold Star 123 (Coppock),
2025-11-04 19:45:00,2025-11-04 20:25:00,SELL,3976.88,3984.99,3952.55,3952.55,TP,24.13,S433 AI Gold Star 123 (Coppock),
2025-11-04 20:50:00,2025-11-04 22:30:00,BUY,3947.54,3933.56,3989.47,3969.77,FLIP,22.03,S433 AI Gold Star 123 (Coppock),
2025-11-04 22:30:00,2025-11-05 00:30:00,SELL,3969.77,3978.32,3944.11,3944.11,TP,25.46,S433 AI Gold Star 123 (Coppock),
2025-11-05 01:05:00,2025-11-05 02:00:00,BUY,3937.81,3929.88,3961.61,3931.58,FLIP,-6.43,S433 AI Gold Star 123 (Coppock),
2025-11-05 02:00:00,2025-11-05 02:30:00,SELL,3931.58,3937.94,3912.51,3937.94,SL,-6.56,S433 AI Gold Star 123 (Coppock),
2025-11-05 02:35:00,2025-11-05 03:20:00,BUY,3938.79,3932.65,3957.21,3933.95,FLIP,-5.04,S433 AI Gold Star 123 (Coppock),
2025-11-05 03:20:00,2025-11-05 05:05:00,SELL,3933.95,3938.97,3918.89,3937.45,FLIP,-3.7,S433 AI Gold Star 123 (Coppock),
2025-11-05 05:05:00,2025-11-05 05:45:00,BUY,3937.45,3933.14,3950.38,3931.87,FLIP,-5.78,S433 AI Gold Star 123 (Coppock),
2025-11-05 05:45:00,2025-11-05 05:50:00,SELL,3931.87,3936.78,3917.14,3936.78,SL,-5.11,S433 AI Gold Star 123 (Coppock),
2025-11-05 09:55:00,2025-11-05 10:30:00,SELL,3960.87,3966.37,3944.36,3967.53,FLIP,-6.86,S433 AI Gold Star 123 (Coppock),
2025-11-05 10:30:00,2025-11-05 10:55:00,BUY,3967.53,3962.6,3982.31,3970.3,FLIP,2.57,S433 AI Gold Star 123 (Coppock),
2025-11-05 10:55:00,2025-11-05 11:10:00,SELL,3970.3,3974.67,3957.19,3970.97,FLIP,-0.87,S433 AI Gold Star 123 (Coppock),
2025-11-05 11:10:00,2025-11-05 11:30:00,BUY,3970.97,3966.52,3984.32,3974.97,FLIP,3.8,S433 AI Gold Star 123 (Coppock),
2025-11-05 11:30:00,2025-11-05 12:30:00,SELL,3974.97,3979.81,3960.44,3971.58,FLIP,3.19,S433 AI Gold Star 123 (Coppock),
2025-11-05 12:30:00,2025-11-05 13:00:00,BUY,3971.58,3965.08,3991.08,3965.08,SL,-6.7,S433 AI Gold Star 123 (Coppock),
2025-11-05 13:15:00,2025-11-05 13:45:00,SELL,3965.84,3971.82,3947.89,3971.82,SL,-6.18,S433 AI Gold Star 123 (Coppock),
2025-11-05 14:40:00,2025-11-05 15:50:00,SELL,3981.8,3988.34,3962.18,3971.78,FLIP,9.82,S433 AI Gold Star 123 (Coppock),
2025-11-05 15:50:00,2025-11-05 16:00:00,BUY,3971.78,3966.27,3988.31,3961.64,FLIP,-10.34,S433 AI Gold Star 123 (Coppock),
2025-11-05 16:00:00,2025-11-05 16:05:00,SELL,3961.64,3967.8,3943.16,3965.69,FLIP,-4.25,S433 AI Gold Star 123 (Coppock),
2025-11-05 16:05:00,2025-11-05 16:50:00,BUY,3965.69,3958.9,3986.05,3962.22,FLIP,-3.67,S433 AI Gold Star 123 (Coppock),
2025-11-05 16:50:00,2025-11-05 16:55:00,SELL,3962.22,3968.37,3943.77,3964.49,FLIP,-2.47,S433 AI Gold Star 123 (Coppock),
2025-11-05 16:55:00,2025-11-05 17:05:00,BUY,3964.49,3958.22,3983.31,3962.73,FLIP,-1.96,S433 AI Gold Star 123 (Coppock),
2025-11-05 17:05:00,2025-11-05 17:10:00,SELL,3962.73,3969.74,3941.71,3960.95,FLIP,1.58,S433 AI Gold Star 123 (Coppock),
2025-11-05 17:10:00,2025-11-05 17:15:00,BUY,3960.95,3954.7,3979.7,3961.04,FLIP,-0.11,S433 AI Gold Star 123 (Coppock),
2025-11-05 17:15:00,2025-11-05 17:40:00,SELL,3961.04,3966.42,3944.91,3963.18,FLIP,-2.34,S433 AI Gold Star 123 (Coppock),
2025-11-05 17:40:00,2025-11-05 19:50:00,BUY,3963.18,3957.89,3979.06,3979.06,TP,15.68,S433 AI Gold Star 123 (Coppock),
2025-11-05 20:25:00,2025-11-05 20:35:00,BUY,3983.81,3976.94,4004.42,3982.04,FLIP,-1.97,S433 AI Gold Star 123 (Coppock),
2025-11-05 20:35:00,2025-11-05 22:45:00,SELL,3982.04,3988.81,3961.72,3988.81,SL,-6.97,S433 AI Gold Star 123 (Coppock),
2025-11-06 05:35:00,2025-11-06 06:00:00,BUY,3974.98,3970.8,3987.53,3970.8,SL,-4.38,S433 AI Gold Star 123 (Coppock),
2025-11-06 06:40:00,2025-11-06 06:55:00,SELL,3972.42,3976.61,3959.84,3975.89,FLIP,-3.67,S433 AI Gold Star 123 (Coppock),
2025-11-06 06:55:00,2025-11-06 07:05:00,BUY,3975.89,3971.79,3988.19,3971.79,SL,-4.3,S433 AI Gold Star 123 (Coppock),
2025-11-06 07:20:00,2025-11-06 07:30:00,BUY,3973.4,3967.85,3990.06,3967.85,SL,-5.75,S433 AI Gold Star 123 (Coppock),
2025-11-06 09:00:00,2025-11-06 09:20:00,SELL,3981.09,3985.91,3966.62,3986.38,FLIP,-5.49,S433 AI Gold Star 123 (Coppock),
2025-11-06 09:20:00,2025-11-06 09:25:00,BUY,3986.38,3981.63,4000.64,3986.21,FLIP,-0.37,S433 AI Gold Star 123 (Coppock),
2025-11-06 09:25:00,2025-11-06 09:30:00,SELL,3986.21,3991.08,3971.59,3988.47,FLIP,-2.46,S433 AI Gold Star 123 (Coppock),
2025-11-06 09:30:00,2025-11-06 09:40:00,BUY,3988.47,3983.48,4003.45,3987.54,FLIP,-1.13,S433 AI Gold Star 123 (Coppock),
2025-11-06 09:40:00,2025-11-06 10:55:00,SELL,3987.54,3992.2,3973.55,3988.81,FLIP,-1.47,S433 AI Gold Star 123 (Coppock),
2025-11-06 10:55:00,2025-11-06 11:30:00,BUY,3988.81,3985.74,3998.03,3987.68,FLIP,-1.33,S433 AI Gold Star 123 (Coppock),
2025-11-06 11:30:00,2025-11-06 11:45:00,SELL,3987.68,3991.09,3977.46,3989.17,FLIP,-1.69,S433 AI Gold Star 123 (Coppock),
2025-11-06 11:45:00,2025-11-06 11:50:00,BUY,3989.17,3985.29,4000.81,3988.73,FLIP,-0.64,S433 AI Gold Star 123 (Coppock),
2025-11-06 11:50:00,2025-11-06 12:55:00,SELL,3988.73,3992.53,3977.32,3992.53,SL,-4.0,S433 AI Gold Star 123 (Coppock),
2025-11-06 13:55:00,2025-11-06 14:15:00,SELL,4005.79,4011.72,3988.0,4011.72,SL,-6.13,S433 AI Gold Star 123 (Coppock),
2025-11-06 16:40:00,2025-11-06 17:50:00,BUY,4007.9,4004.44,4018.29,4018.29,TP,10.19,S433 AI Gold Star 123 (Coppock),
2025-11-06 18:05:00,2025-11-06 19:10:00,SELL,4013.3,4017.85,3999.64,4011.88,FLIP,1.22,S433 AI Gold Star 123 (Coppock),
2025-11-06 19:10:00,2025-11-06 20:10:00,BUY,4011.88,4006.75,4027.28,4006.75,SL,-5.33,S433 AI Gold Star 123 (Coppock),
2025-11-06 21:15:00,2025-11-06 21:35:00,BUY,3988.26,3977.72,4019.88,3977.72,SL,-10.74,S433 AI Gold Star 123 (Coppock),
2025-11-06 21:40:00,2025-11-06 21:45:00,SELL,3978.35,3988.07,3949.18,3980.5,FLIP,-2.35,S433 AI Gold Star 123 (Coppock),
2025-11-06 21:45:00,2025-11-06 23:10:00,BUY,3980.5,3970.69,4009.93,3978.13,FLIP,-2.57,S433 AI Gold Star 123 (Coppock),
2025-11-06 23:10:00,2025-11-06 23:40:00,SELL,3978.13,3985.39,3956.35,3981.8,FLIP,-3.87,S433 AI Gold Star 123 (Coppock),
2025-11-06 23:40:00,2025-11-07 03:40:00,BUY,3981.8,3973.8,4005.8,3978.86,FLIP,-3.14,S433 AI Gold Star 123 (Coppock),
2025-11-07 03:40:00,2025-11-07 03:55:00,SELL,3978.86,3982.29,3968.58,3977.25,FLIP,1.41,S433 AI Gold Star 123 (Coppock),
2025-11-07 03:55:00,2025-11-07 05:35:00,BUY,3977.25,3974.3,3986.1,3986.1,TP,8.65,S433 AI Gold Star 123 (Coppock),
2025-11-07 06:05:00,2025-11-07 06:15:00,SELL,3985.99,3989.76,3974.67,3990.79,FLIP,-5.0,S433 AI Gold Star 123 (Coppock),
2025-11-07 06:15:00,2025-11-07 06:25:00,BUY,3990.79,3986.79,4002.79,3991.6,FLIP,0.61,S433 AI Gold Star 123 (Coppock),
2025-11-07 06:25:00,2025-11-07 07:00:00,SELL,3991.6,3995.36,3980.33,3993.5,FLIP,-2.1,S433 AI Gold Star 123 (Coppock),
2025-11-07 07:00:00,2025-11-07 07:25:00,BUY,3993.5,3989.33,4006.01,3997.44,FLIP,3.74,S433 AI Gold Star 123 (Coppock),
2025-11-07 07:25:00,2025-11-07 07:35:00,SELL,3997.44,4001.66,3984.79,3997.64,FLIP,-0.4,S433 AI Gold Star 123 (Coppock),
2025-11-07 07:35:00,2025-11-07 08:05:00,BUY,3997.64,3993.09,4011.28,4001.77,FLIP,3.93,S433 AI Gold Star 123 (Coppock),
2025-11-07 08:05:00,2025-11-07 09:20:00,SELL,4001.77,4006.65,3987.12,3991.59,FLIP,9.98,S433 AI Gold Star 123 (Coppock),
2025-11-07 09:20:00,2025-11-07 10:00:00,BUY,3991.59,3985.94,4008.54,3985.94,SL,-5.85,S433 AI Gold Star 123 (Coppock),
2025-11-07 13:20:00,2025-11-07 14:30:00,SELL,4006.41,4011.24,3991.93,4007.89,FLIP,-1.68,S433 AI Gold Star 123 (Coppock),
2025-11-07 14:30:00,2025-11-07 15:25:00,BUY,4007.89,4003.4,4021.35,4010.19,FLIP,2.1,S433 AI Gold Star 123 (Coppock),
2025-11-07 15:25:00,2025-11-07 17:30:00,SELL,4010.19,4014.47,3997.35,3997.35,TP,12.64,S433 AI Gold Star 123 (Coppock),
2025-11-07 19:20:00,2025-11-07 19:30:00,BUY,3998.46,3992.11,4017.52,3992.11,SL,-6.55,S433 AI Gold Star 123 (Coppock),
2025-11-07 21:25:00,2025-11-07 21:45:00,BUY,3993.27,3984.14,4020.66,3984.14,SL,-9.33,S433 AI Gold Star 123 (Coppock),
2025-11-07 22:55:00,2025-11-10 06:05:00,SELL,4007.75,4017.14,3979.57,4017.14,SL,-9.59,S433 AI Gold Star 123 (Coppock),
2025-11-10 06:25:00,2025-11-10 06:30:00,BUY,4016.46,4011.67,4030.82,4015.83,FLIP,-0.83,S433 AI Gold Star 123 (Coppock),
2025-11-10 06:30:00,2025-11-10 06:40:00,SELL,4015.83,4020.4,4002.13,4016.42,FLIP,-0.79,S433 AI Gold Star 123 (Coppock),
2025-11-10 06:40:00,2025-11-10 06:55:00,BUY,4016.42,4011.59,4030.92,4020.38,FLIP,3.76,S433 AI Gold Star 123 (Coppock),
2025-11-10 06:55:00,2025-11-10 07:00:00,SELL,4020.38,4026.01,4003.5,4021.1,FLIP,-0.92,S433 AI Gold Star 123 (Coppock),
2025-11-10 07:00:00,2025-11-10 07:20:00,BUY,4021.1,4015.27,4038.6,4038.6,TP,17.3,S433 AI Gold Star 123 (Coppock),
2025-11-10 07:50:00,2025-11-10 09:00:00,SELL,4041.89,4051.22,4013.91,4047.08,FLIP,-5.39,S433 AI Gold Star 123 (Coppock),
2025-11-10 09:00:00,2025-11-10 09:50:00,BUY,4047.08,4040.87,4065.7,4047.6,FLIP,0.32,S433 AI Gold Star 123 (Coppock),
2025-11-10 09:50:00,2025-11-10 10:00:00,SELL,4047.6,4051.23,4036.72,4052.67,FLIP,-5.27,S433 AI Gold Star 123 (Coppock),
2025-11-10 10:00:00,2025-11-10 10:25:00,BUY,4052.67,4048.5,4065.17,4053.6,FLIP,0.73,S433 AI Gold Star 123 (Coppock),
2025-11-10 10:25:00,2025-11-10 11:25:00,SELL,4053.6,4057.92,4040.65,4055.25,FLIP,-1.85,S433 AI Gold Star 123 (Coppock),
2025-11-10 11:25:00,2025-11-10 11:50:00,BUY,4055.25,4051.44,4066.67,4066.67,TP,11.22,S433 AI Gold Star 123 (Coppock),
2025-11-10 12:40:00,2025-11-10 13:15:00,SELL,4073.28,4078.85,4056.58,4078.85,SL,-5.77,S433 AI Gold Star 123 (Coppock),
2025-11-10 14:05:00,2025-11-10 14:15:00,BUY,4081.3,4076.02,4097.14,4076.65,FLIP,-4.85,S433 AI Gold Star 123 (Coppock),
2025-11-10 14:15:00,2025-11-10 14:25:00,SELL,4076.65,4082.17,4060.1,4080.34,FLIP,-3.89,S433 AI Gold Star 123 (Coppock),
2025-11-10 14:25:00,2025-11-10 14:40:00,BUY,4080.34,4075.02,4096.31,4078.91,FLIP,-1.63,S433 AI Gold Star 123 (Coppock),
2025-11-10 14:40:00,2025-11-10 14:45:00,SELL,4078.91,4084.51,4062.12,4080.71,FLIP,-2.0,S433 AI Gold Star 123 (Coppock),
2025-11-10 14:45:00,2025-11-10 15:00:00,BUY,4080.71,4075.04,4097.71,4078.19,FLIP,-2.72,S433 AI Gold Star 123 (Coppock),
2025-11-10 15:00:00,2025-11-10 15:35:00,SELL,4078.19,4084.13,4060.37,4085.82,FLIP,-7.83,S433 AI Gold Star 123 (Coppock),
2025-11-10 15:35:00,2025-11-10 15:40:00,BUY,4085.82,4079.26,4105.49,4081.03,FLIP,-4.99,S433 AI Gold Star 123 (Coppock),
2025-11-10 15:40:00,2025-11-10 18:00:00,SELL,4081.03,4087.91,4060.38,4087.91,SL,-7.08,S433 AI Gold Star 123 (Coppock),
2025-11-10 19:10:00,2025-11-10 20:10:00,SELL,4103.02,4108.8,4085.69,4085.69,TP,17.13,S433 AI Gold Star 123 (Coppock),
2025-11-10 20:45:00,2025-11-10 21:45:00,BUY,4080.63,4072.08,4106.28,4079.67,FLIP,-1.16,S433 AI Gold Star 123 (Coppock),
2025-11-10 21:45:00,2025-11-10 22:00:00,SELL,4079.67,4087.14,4057.27,4087.14,SL,-7.67,S433 AI Gold Star 123 (Coppock),
2025-11-10 22:05:00,2025-11-10 22:10:00,BUY,4089.64,4082.06,4112.39,4091.27,FLIP,1.43,S433 AI Gold Star 123 (Coppock),
2025-11-10 22:10:00,2025-11-10 23:25:00,SELL,4091.27,4098.37,4069.96,4098.37,SL,-7.3,S433 AI Gold Star 123 (Coppock),
2025-11-11 00:45:00,2025-11-11 01:10:00,SELL,4106.55,4111.49,4091.72,4111.49,SL,-5.14,S433 AI Gold Star 123 (Coppock),
2025-11-11 01:55:00,2025-11-11 02:05:00,BUY,4113.2,4109.02,4125.74,4113.9,FLIP,0.5,S433 AI Gold Star 123 (Coppock),
2025-11-11 02:05:00,2025-11-11 02:40:00,SELL,4113.9,4117.87,4101.99,4113.05,FLIP,0.65,S433 AI Gold Star 123 (Coppock),
2025-11-11 02:40:00,2025-11-11 02:55:00,BUY,4113.05,4108.93,4125.4,4108.93,SL,-4.32,S433 AI Gold Star 123 (Coppock),
2025-11-11 07:20:00,2025-11-11 07:25:00,SELL,4132.73,4138.43,4115.64,4137.44,FLIP,-4.91,S433 AI Gold Star 123 (Coppock),
2025-11-11 07:25:00,2025-11-11 07:40:00,BUY,4137.44,4131.37,4155.66,4135.76,FLIP,-1.88,S433 AI Gold Star 123 (Coppock),
2025-11-11 07:40:00,2025-11-11 08:45:00,SELL,4135.76,4142.09,4116.78,4136.65,FLIP,-1.09,S433 AI Gold Star 123 (Coppock),
2025-11-11 08:45:00,2025-11-11 08:50:00,BUY,4136.65,4129.85,4157.05,4134.62,FLIP,-2.23,S433 AI Gold Star 123 (Coppock),
2025-11-11 08:50:00,2025-11-11 08:55:00,SELL,4134.62,4141.14,4115.07,4138.07,FLIP,-3.65,S433 AI Gold Star 123 (Coppock),
2025-11-11 08:55:00,2025-11-11 09:50:00,BUY,4138.07,4131.51,4157.74,4145.12,FLIP,6.85,S433 AI Gold Star 123 (Coppock),
2025-11-11 09:50:00,2025-11-11 11:30:00,SELL,4145.12,4149.51,4131.95,4131.95,TP,12.97,S433 AI Gold Star 123 (Coppock),
2025-11-11 12:05:00,2025-11-11 13:00:00,BUY,4131.85,4125.12,4152.04,4126.7,FLIP,-5.35,S433 AI Gold Star 123 (Coppock),
2025-11-11 13:00:00,2025-11-11 13:10:00,SELL,4126.7,4132.79,4108.43,4129.54,FLIP,-3.04,S433 AI Gold Star 123 (Coppock),
2025-11-11 13:10:00,2025-11-11 13:15:00,BUY,4129.54,4123.63,4147.28,4131.12,FLIP,1.38,S433 AI Gold Star 123 (Coppock),
2025-11-11 13:15:00,2025-11-11 13:25:00,SELL,4131.12,4136.82,4114.01,4131.28,FLIP,-0.36,S433 AI Gold Star 123 (Coppock),
2025-11-11 13:25:00,2025-11-11 13:30:00,BUY,4131.28,4125.44,4148.79,4129.18,FLIP,-2.3,S433 AI Gold Star 123 (Coppock),
2025-11-11 13:30:00,2025-11-11 13:40:00,SELL,4129.18,4134.98,4111.78,4130.81,FLIP,-1.83,S433 AI Gold Star 123 (Coppock),
2025-11-11 13:40:00,2025-11-11 13:50:00,BUY,4130.81,4125.18,4147.7,4125.18,SL,-5.83,S433 AI Gold Star 123 (Coppock),
2025-11-11 15:55:00,2025-11-11 19:35:00,SELL,4141.95,4145.97,4129.89,4145.97,SL,-4.22,S433 AI Gold Star 123 (Coppock),
2025-11-11 21:40:00,2025-11-11 21:50:00,BUY,4107.85,4096.46,4142.02,4106.14,FLIP,-1.91,S433 AI Gold Star 123 (Coppock),
2025-11-11 21:50:00,2025-11-11 21:55:00,SELL,4106.14,4117.28,4072.72,4106.51,FLIP,-0.57,S433 AI Gold Star 123 (Coppock),
2025-11-11 21:55:00,2025-11-11 23:10:00,BUY,4106.51,4096.51,4136.51,4115.64,FLIP,8.93,S433 AI Gold Star 123 (Coppock),
2025-11-11 23:10:00,2025-11-11 23:15:00,SELL,4115.64,4120.47,4101.14,4115.86,FLIP,-0.42,S433 AI Gold Star 123 (Coppock),
2025-11-11 23:15:00,2025-11-11 23:20:00,BUY,4115.86,4110.87,4130.82,4114.37,FLIP,-1.69,S433 AI Gold Star 123 (Coppock),
2025-11-11 23:20:00,2025-11-12 00:45:00,SELL,4114.37,4119.34,4099.47,4113.03,FLIP,1.14,S433 AI Gold Star 123 (Coppock),
2025-11-12 00:45:00,2025-11-12 02:15:00,BUY,4113.03,4107.95,4128.27,4128.27,TP,15.04,S433 AI Gold Star 123 (Coppock),
2025-11-12 02:20:00,2025-11-12 02:50:00,SELL,4126.75,4130.63,4115.12,4131.68,FLIP,-5.13,S433 AI Gold Star 123 (Coppock),
2025-11-12 02:50:00,2025-11-12 02:55:00,BUY,4131.68,4127.21,4145.09,4129.51,FLIP,-2.37,S433 AI Gold Star 123 (Coppock),
2025-11-12 02:55:00,2025-11-12 05:10:00,SELL,4129.51,4133.86,4116.47,4133.05,FLIP,-3.74,S433 AI Gold Star 123 (Coppock),
2025-11-12 05:10:00,2025-11-12 05:40:00,BUY,4133.05,4129.63,4143.3,4143.3,TP,10.05,S433 AI Gold Star 123 (Coppock),
2025-11-12 06:15:00,2025-11-12 07:00:00,SELL,4142.73,4147.38,4128.77,4128.77,TP,13.76,S433 AI Gold Star 123 (Coppock),
2025-11-12 07:40:00,2025-11-12 08:35:00,BUY,4133.82,4127.03,4154.19,4127.69,FLIP,-6.33,S433 AI Gold Star 123 (Coppock),
2025-11-12 08:35:00,2025-11-12 09:30:00,SELL,4127.69,4133.06,4111.59,4120.04,FLIP,7.45,S433 AI Gold Star 123 (Coppock),
2025-11-12 09:30:00,2025-11-12 09:50:00,BUY,4120.04,4114.33,4137.17,4113.49,FLIP,-6.75,S433 AI Gold Star 123 (Coppock),
2025-11-12 09:50:00,2025-11-12 09:55:00,SELL,4113.49,4118.65,4098.0,4111.94,FLIP,1.35,S433 AI Gold Star 123 (Coppock),
2025-11-12 09:55:00,2025-11-12 10:00:00,BUY,4111.94,4106.95,4126.91,4108.03,FLIP,-4.11,S433 AI Gold Star 123 (Coppock),
2025-11-12 10:00:00,2025-11-12 10:25:00,SELL,4108.03,4113.13,4092.74,4111.56,FLIP,-3.73,S433 AI Gold Star 123 (Coppock),
2025-11-12 10:25:00,2025-11-12 10:30:00,BUY,4111.56,4106.25,4127.5,4108.38,FLIP,-3.38,S433 AI Gold Star 123 (Coppock),
2025-11-12 10:30:00,2025-11-12 10:40:00,SELL,4108.38,4113.9,4091.83,4107.55,FLIP,0.63,S433 AI Gold Star 123 (Coppock),
2025-11-12 10:40:00,2025-11-12 11:30:00,BUY,4107.55,4102.03,4124.12,4101.91,FLIP,-5.84,S433 AI Gold Star 123 (Coppock),
2025-11-12 11:30:00,2025-11-12 11:35:00,SELL,4101.91,4107.16,4086.16,4107.65,FLIP,-5.94,S433 AI Gold Star 123 (Coppock),
2025-11-12 11:35:00,2025-11-12 11:40:00,BUY,4107.65,4102.07,4124.38,4105.07,FLIP,-2.78,S433 AI Gold Star 123 (Coppock),
2025-11-12 11:40:00,2025-11-12 11:50:00,SELL,4105.07,4110.63,4088.38,4106.84,FLIP,-1.97,S433 AI Gold Star 123 (Coppock),
2025-11-12 11:50:00,2025-11-12 11:55:00,BUY,4106.84,4101.01,4124.34,4104.79,FLIP,-2.25,S433 AI Gold Star 123 (Coppock),
2025-11-12 11:55:00,2025-11-12 12:05:00,SELL,4104.79,4110.66,4087.17,4106.85,FLIP,-2.26,S433 AI Gold Star 123 (Coppock),
2025-11-12 12:05:00,2025-11-12 13:20:00,BUY,4106.85,4100.61,4125.58,4122.3,FLIP,15.25,S433 AI Gold Star 123 (Coppock),
2025-11-12 13:20:00,2025-11-12 14:20:00,SELL,4122.3,4127.54,4106.59,4127.54,SL,-5.44,S433 AI Gold Star 123 (Coppock),
2025-11-12 15:10:00,2025-11-12 18:25:00,SELL,4128.54,4134.45,4110.81,4134.45,SL,-6.11,S433 AI Gold Star 123 (Coppock),
2025-11-12 22:05:00,2025-11-12 23:00:00,SELL,4186.86,4199.71,4148.32,4202.22,FLIP,-15.56,S433 AI Gold Star 123 (Coppock),
2025-11-12 23:00:00,2025-11-12 23:05:00,BUY,4202.22,4192.62,4231.02,4199.54,FLIP,-2.88,S433 AI Gold Star 123 (Coppock),
2025-11-12 23:05:00,2025-11-12 23:30:00,SELL,4199.54,4208.9,4171.47,4201.22,FLIP,-1.88,S433 AI Gold Star 123 (Coppock),
2025-11-12 23:30:00,2025-11-12 23:40:00,BUY,4201.22,4192.17,4228.37,4202.51,FLIP,1.09,S433 AI Gold Star 123 (Coppock),
2025-11-12 23:40:00,2025-11-13 00:20:00,SELL,4202.51,4211.14,4176.63,4204.1,FLIP,-1.79,S433 AI Gold Star 123 (Coppock),
2025-11-13 00:20:00,2025-11-13 01:05:00,BUY,4204.1,4196.13,4228.02,4206.7,FLIP,2.4,S433 AI Gold Star 123 (Coppock),
2025-11-13 01:05:00,2025-11-13 02:05:00,SELL,4206.7,4213.75,4185.55,4195.37,FLIP,11.13,S433 AI Gold Star 123 (Coppock),
2025-11-13 02:05:00,2025-11-13 05:40:00,BUY,4195.37,4187.61,4218.64,4187.61,SL,-7.96,S433 AI Gold Star 123 (Coppock),
2025-11-13 07:55:00,2025-11-13 08:55:00,BUY,4192.33,4181.92,4223.56,4190.14,FLIP,-2.39,S433 AI Gold Star 123 (Coppock),
2025-11-13 08:55:00,2025-11-13 09:00:00,SELL,4190.14,4197.99,4166.58,4195.59,FLIP,-5.65,S433 AI Gold Star 123 (Coppock),
2025-11-13 09:00:00,2025-11-13 10:15:00,BUY,4195.59,4187.6,4219.57,4212.98,FLIP,17.19,S433 AI Gold Star 123 (Coppock),
2025-11-13 10:15:00,2025-11-13 12:50:00,SELL,4212.98,4219.67,4192.9,4211.73,FLIP,1.05,S433 AI Gold Star 123 (Coppock),
2025-11-13 12:50:00,2025-11-13 14:15:00,BUY,4211.73,4205.24,4231.19,4231.19,TP,19.26,S433 AI Gold Star 123 (Coppock),
2025-11-13 14:50:00,2025-11-13 15:55:00,SELL,4235.12,4242.13,4214.1,4233.17,FLIP,1.75,S433 AI Gold Star 123 (Coppock),
2025-11-13 15:55:00,2025-11-13 16:55:00,BUY,4233.17,4225.84,4255.16,4225.84,SL,-7.53,S433 AI Gold Star 123 (Coppock),
2025-11-13 17:40:00,2025-11-13 19:30:00,BUY,4231.95,4224.66,4253.82,4224.66,SL,-7.49,S433 AI Gold Star 123 (Coppock),
2025-11-13 21:05:00,2025-11-13 21:30:00,BUY,4202.94,4187.47,4249.36,4187.47,SL,-15.67,S433 AI Gold Star 123 (Coppock),
2025-11-13 22:35:00,2025-11-13 23:30:00,SELL,4200.31,4209.94,4171.41,4206.15,FLIP,-6.04,S433 AI Gold Star 123 (Coppock),
2025-11-13 23:30:00,2025-11-13 23:40:00,BUY,4206.15,4197.47,4232.2,4200.62,FLIP,-5.73,S433 AI Gold Star 123 (Coppock),
2025-11-13 23:40:00,2025-11-13 23:45:00,SELL,4200.62,4209.46,4174.09,4203.88,FLIP,-3.46,S433 AI Gold Star 123 (Coppock),
2025-11-13 23:45:00,2025-11-14 00:15:00,BUY,4203.88,4195.24,4229.79,4200.91,FLIP,-3.17,S433 AI Gold Star 123 (Coppock),
2025-11-14 00:15:00,2025-11-14 00:30:00,SELL,4200.91,4207.8,4180.24,4180.24,TP,20.47,S433 AI Gold Star 123 (Coppock),
2025-11-14 01:15:00,2025-11-14 02:30:00,BUY,4158.38,4143.24,4203.79,4167.36,FLIP,8.78,S433 AI Gold Star 123 (Coppock),
2025-11-14 02:30:00,2025-11-14 03:05:00,SELL,4167.36,4174.74,4145.21,4180.36,FLIP,-13.2,S433 AI Gold Star 123 (Coppock),
2025-11-14 03:05:00,2025-11-14 03:35:00,BUY,4180.36,4172.43,4204.14,4169.64,FLIP,-10.92,S433 AI Gold Star 123 (Coppock),
2025-11-14 03:35:00,2025-11-14 03:40:00,SELL,4169.64,4176.95,4147.71,4173.09,FLIP,-3.65,S433 AI Gold Star 123 (Coppock),
2025-11-14 03:40:00,2025-11-14 03:45:00,BUY,4173.09,4165.9,4194.66,4171.44,FLIP,-1.85,S433 AI Gold Star 123 (Coppock),
2025-11-14 03:45:00,2025-11-14 05:05:00,SELL,4171.44,4178.61,4149.94,4178.61,SL,-7.37,S433 AI Gold Star 123 (Coppock),
2025-11-14 05:15:00,2025-11-14 05:20:00,BUY,4180.5,4173.39,4201.82,4179.07,FLIP,-1.63,S433 AI Gold Star 123 (Coppock),
2025-11-14 05:20:00,2025-11-14 05:35:00,SELL,4179.07,4184.99,4161.3,4181.57,FLIP,-2.7,S433 AI Gold Star 123 (Coppock),
2025-11-14 05:35:00,2025-11-14 05:40:00,BUY,4181.57,4175.2,4200.68,4179.32,FLIP,-2.45,S433 AI Gold Star 123 (Coppock),
2025-11-14 05:40:00,2025-11-14 05:45:00,SELL,4179.32,4185.61,4160.44,4185.42,FLIP,-6.3,S433 AI Gold Star 123 (Coppock),
2025-11-14 05:45:00,2025-11-14 06:20:00,BUY,4185.42,4178.72,4205.53,4186.42,FLIP,0.8,S433 AI Gold Star 123 (Coppock),
2025-11-14 06:20:00,2025-11-14 06:35:00,SELL,4186.42,4193.27,4165.86,4189.73,FLIP,-3.51,S433 AI Gold Star 123 (Coppock),
2025-11-14 06:35:00,2025-11-14 06:40:00,BUY,4189.73,4183.37,4208.8,4186.76,FLIP,-3.17,S433 AI Gold Star 123 (Coppock),
2025-11-14 06:40:00,2025-11-14 07:45:00,SELL,4186.76,4193.04,4167.91,4187.25,FLIP,-0.69,S433 AI Gold Star 123 (Coppock),
2025-11-14 07:45:00,2025-11-14 08:55:00,BUY,4187.25,4177.35,4216.96,4207.06,FLIP,19.61,S433 AI Gold Star 123 (Coppock),
2025-11-14 08:55:00,2025-11-14 10:40:00,SELL,4207.06,4213.74,4187.01,4202.36,FLIP,4.5,S433 AI Gold Star 123 (Coppock),
2025-11-14 10:40:00,2025-11-14 11:05:00,BUY,4202.36,4197.61,4216.62,4193.86,FLIP,-8.7,S433 AI Gold Star 123 (Coppock),
2025-11-14 11:05:00,2025-11-14 11:35:00,SELL,4193.86,4199.14,4178.02,4194.64,FLIP,-0.98,S433 AI Gold Star 123 (Coppock),
2025-11-14 11:35:00,2025-11-14 11:40:00,BUY,4194.64,4187.34,4216.55,4193.81,FLIP,-1.03,S433 AI Gold Star 123 (Coppock),
2025-11-14 11:40:00,2025-11-14 11:45:00,SELL,4193.81,4200.79,4172.86,4194.26,FLIP,-0.65,S433 AI Gold Star 123 (Coppock),
2025-11-14 11:45:00,2025-11-14 11:50:00,BUY,4194.26,4187.13,4215.64,4192.23,FLIP,-2.23,S433 AI Gold Star 123 (Coppock),
2025-11-14 11:50:00,2025-11-14 12:00:00,SELL,4192.23,4199.53,4170.34,4191.12,FLIP,0.91,S433 AI Gold Star 123 (Coppock),
2025-11-14 12:00:00,2025-11-14 12:15:00,BUY,4191.12,4183.25,4214.73,4183.25,SL,-8.07,S433 AI Gold Star 123 (Coppock),
2025-11-14 12:25:00,2025-11-14 13:15:00,SELL,4178.26,4186.02,4154.97,4171.06,FLIP,7.0,S433 AI Gold Star 123 (Coppock),
2025-11-14 13:15:00,2025-11-14 13:20:00,BUY,4171.06,4162.8,4195.85,4162.97,FLIP,-8.29,S433 AI Gold Star 123 (Coppock),
2025-11-14 13:20:00,2025-11-14 13:35:00,SELL,4162.97,4172.15,4135.42,4168.77,FLIP,-6.0,S433 AI Gold Star 123 (Coppock),
2025-11-14 13:35:00,2025-11-14 14:45:00,BUY,4168.77,4160.24,4194.36,4177.99,FLIP,9.02,S433 AI Gold Star 123 (Coppock),
2025-11-14 14:45:00,2025-11-14 15:55:00,SELL,4177.99,4187.1,4150.67,4169.37,FLIP,8.42,S433 AI Gold Star 123 (Coppock),
2025-11-14 15:55:00,2025-11-14 16:30:00,BUY,4169.37,4161.94,4191.65,4161.68,FLIP,-7.89,S433 AI Gold Star 123 (Coppock),
2025-11-14 16:30:00,2025-11-14 16:35:00,SELL,4161.68,4167.46,4144.34,4168.27,FLIP,-6.79,S433 AI Gold Star 123 (Coppock),
2025-11-14 16:35:00,2025-11-14 17:05:00,BUY,4168.27,4162.24,4186.37,4159.97,FLIP,-8.5,S433 AI Gold Star 123 (Coppock),
2025-11-14 17:05:00,2025-11-14 17:50:00,SELL,4159.97,4167.14,4138.46,4138.46,TP,21.31,S433 AI Gold Star 123 (Coppock),
2025-11-14 18:45:00,2025-11-14 19:10:00,BUY,4116.01,4102.7,4155.95,4086.05,FLIP,-30.16,S433 AI Gold Star 123 (Coppock),
2025-11-14 19:10:00,2025-11-14 19:50:00,SELL,4086.05,4100.47,4042.79,4042.79,TP,43.06,S433 AI Gold Star 123 (Coppock),
2025-11-14 20:05:00,2025-11-14 21:30:00,BUY,4046.56,4026.97,4105.33,4077.94,FLIP,31.18,S433 AI Gold Star 123 (Coppock),
2025-11-14 21:30:00,2025-11-14 21:50:00,SELL,4077.94,4096.36,4022.69,4096.36,SL,-18.62,S433 AI Gold Star 123 (Coppock),
2025-11-14 21:55:00,2025-11-14 22:00:00,BUY,4093.58,4077.33,4142.33,4085.63,FLIP,-8.15,S433 AI Gold Star 123 (Coppock),
2025-11-14 22:00:00,2025-11-14 22:15:00,SELL,4085.63,4101.27,4038.71,4096.88,FLIP,-11.45,S433 AI Gold Star 123 (Coppock),
2025-11-14 22:15:00,2025-11-14 22:55:00,BUY,4096.88,4082.02,4141.46,4105.17,FLIP,8.09,S433 AI Gold Star 123 (Coppock),
2025-11-14 22:55:00,2025-11-14 23:00:00,SELL,4105.17,4116.55,4071.03,4109.71,FLIP,-4.74,S433 AI Gold Star 123 (Coppock),
2025-11-14 23:00:00,2025-11-14 23:05:00,BUY,4109.71,4098.48,4143.39,4104.15,FLIP,-5.76,S433 AI Gold Star 123 (Coppock),
2025-11-14 23:05:00,2025-11-17 09:00:00,SELL,4104.15,4115.49,4070.12,4070.12,TP,33.83,S433 AI Gold Star 123 (Coppock),
2025-11-17 09:10:00,2025-11-17 09:20:00,BUY,4080.35,4072.2,4104.8,4077.36,FLIP,-3.19,S433 AI Gold Star 123 (Coppock),
2025-11-17 09:20:00,2025-11-17 09:25:00,SELL,4077.36,4085.92,4051.68,4080.2,FLIP,-3.04,S433 AI Gold Star 123 (Coppock),
2025-11-17 09:25:00,2025-11-17 11:15:00,BUY,4080.2,4071.46,4106.42,4071.46,SL,-8.94,S433 AI Gold Star 123 (Coppock),
2025-11-17 11:55:00,2025-11-17 13:40:00,BUY,4058.34,4050.09,4083.09,4083.09,TP,24.55,S433 AI Gold Star 123 (Coppock),
2025-11-17 14:10:00,2025-11-17 14:45:00,SELL,4090.11,4095.88,4072.8,4072.8,TP,17.11,S433 AI Gold Star 123 (Coppock),
2025-11-17 15:15:00,2025-11-17 16:50:00,BUY,4081.93,4074.64,4103.79,4074.64,SL,-7.49,S433 AI Gold Star 123 (Coppock),
2025-11-17 17:30:00,2025-11-17 19:50:00,BUY,4072.58,4063.72,4099.15,4063.72,SL,-9.06,S433 AI Gold Star 123 (Coppock),
2025-11-18 02:15:00,2025-11-18 03:35:00,BUY,4019.08,4004.62,4062.47,4042.8,FLIP,23.52,S433 AI Gold Star 123 (Coppock),
2025-11-18 03:35:00,2025-11-18 05:05:00,SELL,4042.8,4048.48,4025.77,4048.48,SL,-5.88,S433 AI Gold Star 123 (Coppock),
2025-11-18 06:35:00,2025-11-18 07:50:00,BUY,4039.17,4028.99,4069.71,4028.99,SL,-10.38,S433 AI Gold Star 123 (Coppock),
2025-11-18 09:35:00,2025-11-18 09:50:00,BUY,4022.89,4014.17,4049.06,4014.17,SL,-8.92,S433 AI Gold Star 123 (Coppock),
2025-11-18 12:00:00,2025-11-18 13:35:00,SELL,4015.99,4023.46,3993.58,4005.77,FLIP,10.02,S433 AI Gold Star 123 (Coppock),
2025-11-18 13:35:00,2025-11-18 14:30:00,BUY,4005.77,3998.71,4026.94,4026.94,TP,20.97,S433 AI Gold Star 123 (Coppock),
2025-11-18 14:55:00,2025-11-18 15:55:00,SELL,4036.72,4045.85,4009.32,4045.85,SL,-9.33,S433 AI Gold Star 123 (Coppock),
2025-11-18 16:05:00,2025-11-18 16:25:00,BUY,4043.9,4036.11,4067.28,4038.44,FLIP,-5.66,S433 AI Gold Star 123 (Coppock),
2025-11-18 16:25:00,2025-11-18 16:35:00,SELL,4038.44,4045.84,4016.23,4040.9,FLIP,-2.66,S433 AI Gold Star 123 (Coppock),
2025-11-18 16:35:00,2025-11-18 16:55:00,BUY,4040.9,4033.49,4063.12,4044.19,FLIP,3.09,S433 AI Gold Star 123 (Coppock),
2025-11-18 16:55:00,2025-11-18 17:20:00,SELL,4044.19,4051.76,4021.47,4048.62,FLIP,-4.63,S433 AI Gold Star 123 (Coppock),
2025-11-18 17:20:00,2025-11-18 17:40:00,BUY,4048.62,4042.77,4066.16,4044.82,FLIP,-4.0,S433 AI Gold Star 123 (Coppock),
2025-11-18 17:40:00,2025-11-18 19:00:00,SELL,4044.82,4050.32,4028.31,4044.38,FLIP,0.24,S433 AI Gold Star 123 (Coppock),
2025-11-18 19:00:00,2025-11-18 20:00:00,BUY,4044.38,4035.67,4070.52,4070.52,TP,25.94,S433 AI Gold Star 123 (Coppock),
2025-11-18 20:25:00,2025-11-18 21:45:00,SELL,4074.67,4084.66,4044.69,4058.22,FLIP,16.25,S433 AI Gold Star 123 (Coppock),
2025-11-18 21:45:00,2025-11-18 21:50:00,BUY,4058.22,4044.05,4100.74,4054.12,FLIP,-4.3,S433 AI Gold Star 123 (Coppock),
2025-11-18 21:50:00,2025-11-18 22:10:00,SELL,4054.12,4068.27,4011.68,4053.6,FLIP,0.32,S433 AI Gold Star 123 (Coppock),
2025-11-18 22:10:00,2025-11-19 02:00:00,BUY,4053.6,4041.23,4090.7,4078.4,FLIP,24.6,S433 AI Gold Star 123 (Coppock),
2025-11-19 02:00:00,2025-11-19 03:20:00,SELL,4078.4,4084.61,4059.77,4066.6,FLIP,11.6,S433 AI Gold Star 123 (Coppock),
2025-11-19 03:20:00,2025-11-19 06:00:00,BUY,4066.6,4062.12,4080.05,4073.63,FLIP,6.83,S433 AI Gold Star 123 (Coppock),
2025-11-19 06:00:00,2025-11-19 06:05:00,SELL,4073.63,4078.81,4058.08,4074.3,FLIP,-0.87,S433 AI Gold Star 123 (Coppock),
2025-11-19 06:05:00,2025-11-19 06:10:00,BUY,4074.3,4068.91,4090.48,4073.09,FLIP,-1.41,S433 AI Gold Star 123 (Coppock),
2025-11-19 06:10:00,2025-11-19 06:20:00,SELL,4073.09,4078.64,4056.43,4077.02,FLIP,-4.13,S433 AI Gold Star 123 (Coppock),
2025-11-19 06:20:00,2025-11-19 06:25:00,BUY,4077.02,4071.41,4093.85,4074.71,FLIP,-2.51,S433 AI Gold Star 123 (Coppock),
2025-11-19 06:25:00,2025-11-19 06:30:00,SELL,4074.71,4080.34,4057.82,4075.96,FLIP,-1.45,S433 AI Gold Star 123 (Coppock),
2025-11-19 06:30:00,2025-11-19 06:35:00,BUY,4075.96,4070.19,4093.28,4076.55,FLIP,0.39,S433 AI Gold Star 123 (Coppock),
2025-11-19 06:35:00,2025-11-19 06:40:00,SELL,4076.55,4082.29,4059.32,4075.58,FLIP,0.77,S433 AI Gold Star 123 (Coppock),
2025-11-19 06:40:00,2025-11-19 06:45:00,BUY,4075.58,4069.96,4092.44,4071.86,FLIP,-3.92,S433 AI Gold Star 123 (Coppock),
2025-11-19 06:45:00,2025-11-19 08:00:00,SELL,4071.86,4077.72,4054.27,4059.61,FLIP,12.05,S433 AI Gold Star 123 (Coppock),
2025-11-19 08:00:00,2025-11-19 09:25:00,BUY,4059.61,4052.09,4082.18,4071.87,FLIP,12.06,S433 AI Gold Star 123 (Coppock),
2025-11-19 09:25:00,2025-11-19 11:05:00,SELL,4071.87,4078.27,4052.67,4078.27,SL,-6.6,S433 AI Gold Star 123 (Coppock),
2025-11-19 12:00:00,2025-11-19 12:05:00,SELL,4094.1,4101.32,4072.45,4096.13,FLIP,-2.23,S433 AI Gold Star 123 (Coppock),
2025-11-19 12:05:00,2025-11-19 12:10:00,BUY,4096.13,4088.68,4118.49,4096.93,FLIP,0.6,S433 AI Gold Star 123 (Coppock),
2025-11-19 12:10:00,2025-11-19 13:30:00,SELL,4096.93,4104.55,4074.08,4090.93,FLIP,5.8,S433 AI Gold Star 123 (Coppock),
2025-11-19 13:30:00,2025-11-19 13:55:00,BUY,4090.93,4085.79,4106.34,4086.84,FLIP,-4.29,S433 AI Gold Star 123 (Coppock),
2025-11-19 13:55:00,2025-11-19 14:20:00,SELL,4086.84,4091.99,4071.39,4086.03,FLIP,0.61,S433 AI Gold Star 123 (Coppock),
2025-11-19 14:20:00,2025-11-19 14:30:00,BUY,4086.03,4080.88,4101.49,4084.28,FLIP,-1.95,S433 AI Gold Star 123 (Coppock),
2025-11-19 14:30:00,2025-11-19 14:50:00,SELL,4084.28,4089.89,4067.44,4084.74,FLIP,-0.66,S433 AI Gold Star 123 (Coppock),
2025-11-19 14:50:00,2025-11-19 15:45:00,BUY,4084.74,4078.81,4102.52,4102.52,TP,17.58,S433 AI Gold Star 123 (Coppock),
2025-11-19 16:30:00,2025-11-19 17:45:00,SELL,4112.53,4120.5,4088.62,4114.84,FLIP,-2.51,S433 AI Gold Star 123 (Coppock),
2025-11-19 17:45:00,2025-11-19 18:15:00,BUY,4114.84,4109.2,4131.76,4113.24,FLIP,-1.8,S433 AI Gold Star 123 (Coppock),
2025-11-19 18:15:00,2025-11-19 18:20:00,SELL,4113.24,4118.69,4096.89,4116.66,FLIP,-3.62,S433 AI Gold Star 123 (Coppock),
2025-11-19 18:20:00,2025-11-19 18:25:00,BUY,4116.66,4111.12,4133.29,4117.25,FLIP,0.39,S433 AI Gold Star 123 (Coppock),
2025-11-19 18:25:00,2025-11-19 18:35:00,SELL,4117.25,4122.23,4102.32,4118.59,FLIP,-1.54,S433 AI Gold Star 123 (Coppock),
2025-11-19 18:35:00,2025-11-19 18:40:00,BUY,4118.59,4113.65,4133.42,4117.4,FLIP,-1.39,S433 AI Gold Star 123 (Coppock),
2025-11-19 18:40:00,2025-11-19 18:45:00,SELL,4117.4,4122.55,4101.96,4118.26,FLIP,-1.06,S433 AI Gold Star 123 (Coppock),
2025-11-19 18:45:00,2025-11-19 18:50:00,BUY,4118.26,4113.04,4133.92,4115.53,FLIP,-2.93,S433 AI Gold Star 123 (Coppock),
2025-11-19 18:50:00,2025-11-19 19:35:00,SELL,4115.53,4121.1,4098.83,4111.64,FLIP,3.69,S433 AI Gold Star 123 (Coppock),
2025-11-19 19:35:00,2025-11-19 19:50:00,BUY,4111.64,4103.47,4136.15,4106.44,FLIP,-5.4,S433 AI Gold Star 123 (Coppock),
2025-11-19 19:50:00,2025-11-19 19:55:00,SELL,4106.44,4115.04,4080.64,4110.55,FLIP,-4.31,S433 AI Gold Star 123 (Coppock),
2025-11-19 19:55:00,2025-11-19 21:50:00,BUY,4110.55,4101.79,4136.82,4101.79,SL,-8.96,S433 AI Gold Star 123 (Coppock),
2025-11-19 22:45:00,2025-11-19 23:00:00,BUY,4073.1,4058.87,4115.8,4058.87,SL,-14.43,S433 AI Gold Star 123 (Coppock),
2025-11-19 23:05:00,2025-11-19 23:10:00,SELL,4060.31,4074.82,4016.78,4065.56,FLIP,-5.45,S433 AI Gold Star 123 (Coppock),
2025-11-19 23:10:00,2025-11-20 00:30:00,BUY,4065.56,4051.43,4107.96,4077.56,FLIP,11.8,S433 AI Gold Star 123 (Coppock),
2025-11-20 00:30:00,2025-11-20 00:50:00,SELL,4077.56,4085.94,4052.41,4090.15,FLIP,-12.79,S433 AI Gold Star 123 (Coppock),
2025-11-20 00:50:00,2025-11-20 00:55:00,BUY,4090.15,4081.98,4114.67,4087.14,FLIP,-3.21,S433 AI Gold Star 123 (Coppock),
2025-11-20 00:55:00,2025-11-20 05:35:00,SELL,4087.14,4095.01,4063.53,4095.01,SL,-8.07,S433 AI Gold Star 123 (Coppock),
2025-11-20 06:20:00,2025-11-20 07:45:00,SELL,4108.55,4115.49,4087.72,4095.17,FLIP,13.18,S433 AI Gold Star 123 (Coppock),
2025-11-20 07:45:00,2025-11-20 07:50:00,BUY,4095.17,4087.86,4117.11,4089.4,FLIP,-5.97,S433 AI Gold Star 123 (Coppock),
2025-11-20 07:50:00,2025-11-20 08:05:00,SELL,4089.4,4097.05,4066.46,4066.46,TP,22.74,S433 AI Gold Star 123 (Coppock),
2025-11-20 08:40:00,2025-11-20 09:40:00,BUY,4061.44,4048.86,4099.19,4065.96,FLIP,4.32,S433 AI Gold Star 123 (Coppock),
2025-11-20 09:40:00,2025-11-20 10:10:00,SELL,4065.96,4075.04,4038.73,4075.04,SL,-9.28,S433 AI Gold Star 123 (Coppock),
2025-11-20 14:30:00,2025-11-20 15:40:00,BUY,4053.37,4043.0,4084.49,4063.56,FLIP,9.99,S433 AI Gold Star 123 (Coppock),
2025-11-20 15:40:00,2025-11-20 18:10:00,SELL,4063.56,4073.45,4033.89,4073.45,SL,-10.09,S433 AI Gold Star 123 (Coppock),
2025-11-20 18:50:00,2025-11-20 18:55:00,SELL,4079.29,4087.22,4055.49,4081.77,FLIP,-2.68,S433 AI Gold Star 123 (Coppock),
2025-11-20 18:55:00,2025-11-20 19:15:00,BUY,4081.77,4074.23,4104.4,4089.42,FLIP,7.45,S433 AI Gold Star 123 (Coppock),
2025-11-20 19:15:00,2025-11-20 19:35:00,SELL,4089.42,4097.76,4064.39,4092.92,FLIP,-3.7,S433 AI Gold Star 123 (Coppock),
2025-11-20 19:35:00,2025-11-20 19:40:00,BUY,4092.92,4081.17,4128.16,4080.61,FLIP,-12.51,S433 AI Gold Star 123 (Coppock),
2025-11-20 19:40:00,2025-11-20 20:45:00,SELL,4080.61,4093.26,4042.67,4093.26,SL,-12.85,S433 AI Gold Star 123 (Coppock),
2025-11-20 23:05:00,2025-11-21 02:05:00,BUY,4051.5,4038.41,4090.78,4079.12,FLIP,27.42,S433 AI Gold Star 123 (Coppock),
2025-11-21 02:05:00,2025-11-21 03:00:00,SELL,4079.12,4087.15,4055.04,4079.21,FLIP,-0.29,S433 AI Gold Star 123 (Coppock),
2025-11-21 03:00:00,2025-11-21 06:20:00,BUY,4079.21,4072.57,4099.14,4072.57,SL,-6.84,S433 AI Gold Star 123 (Coppock),
2025-11-21 07:40:00,2025-11-21 08:55:00,BUY,4064.06,4057.28,4084.41,4057.28,SL,-6.98,S433 AI Gold Star 123 (Coppock),
2025-11-21 09:45:00,2025-11-21 10:40:00,BUY,4057.33,4049.46,4080.94,4049.46,SL,-8.07,S433 AI Gold Star 123 (Coppock),
2025-11-21 13:20:00,2025-11-21 14:00:00,BUY,4035.07,4025.1,4064.98,4025.1,SL,-10.17,S433 AI Gold Star 123 (Coppock),
2025-11-21 15:35:00,2025-11-21 16:45:00,SELL,4053.3,4062.73,4025.02,4039.85,FLIP,13.25,S433 AI Gold Star 123 (Coppock),
2025-11-21 16:45:00,2025-11-21 18:45:00,BUY,4039.85,4030.54,4067.79,4067.79,TP,27.74,S433 AI Gold Star 123 (Coppock),
2025-11-21 19:15:00,2025-11-21 19:45:00,SELL,4064.3,4075.51,4030.67,4075.51,SL,-11.41,S433 AI Gold Star 123 (Coppock),
2025-11-21 21:10:00,2025-11-21 21:35:00,BUY,4072.09,4062.33,4101.38,4061.56,FLIP,-10.73,S433 AI Gold Star 123 (Coppock),
2025-11-21 21:35:00,2025-11-21 21:50:00,SELL,4061.56,4071.8,4030.83,4067.43,FLIP,-6.07,S433 AI Gold Star 123 (Coppock),
2025-11-21 21:50:00,2025-11-21 22:00:00,BUY,4067.43,4057.44,4097.41,4067.73,FLIP,0.1,S433 AI Gold Star 123 (Coppock),
2025-11-21 22:00:00,2025-11-21 22:40:00,SELL,4067.73,4077.29,4039.06,4077.29,SL,-9.76,S433 AI Gold Star 123 (Coppock),
2025-11-21 23:15:00,2025-11-22 03:15:00,SELL,4084.01,4094.0,4054.04,4061.14,FLIP,22.67,S433 AI Gold Star 123 (Coppock),
2025-11-22 03:15:00,2025-11-24 05:30:00,BUY,4061.14,4050.56,4092.89,4067.28,FLIP,5.94,S433 AI Gold Star 123 (Coppock),
2025-11-24 05:30:00,2025-11-24 05:45:00,SELL,4067.28,4073.46,4048.74,4073.46,SL,-6.38,S433 AI Gold Star 123 (Coppock),
2025-11-24 07:05:00,2025-11-24 07:20:00,SELL,4056.44,4064.22,4033.1,4055.47,FLIP,0.77,S433 AI Gold Star 123 (Coppock),
2025-11-24 07:20:00,2025-11-24 07:25:00,BUY,4055.47,4048.25,4077.14,4055.36,FLIP,-0.31,S433 AI Gold Star 123 (Coppock),
2025-11-24 07:25:00,2025-11-24 08:10:00,SELL,4055.36,4062.5,4033.94,4046.34,FLIP,8.82,S433 AI Gold Star 123 (Coppock),
2025-11-24 08:10:00,2025-11-24 10:15:00,BUY,4046.34,4039.13,4067.98,4054.12,FLIP,7.58,S433 AI Gold Star 123 (Coppock),
2025-11-24 10:15:00,2025-11-24 11:25:00,SELL,4054.12,4060.71,4034.35,4047.09,FLIP,6.83,S433 AI Gold Star 123 (Coppock),
2025-11-24 11:25:00,2025-11-24 11:45:00,BUY,4047.09,4041.43,4064.08,4041.43,SL,-5.86,S433 AI Gold Star 123 (Coppock),
2025-11-24 13:40:00,2025-11-24 13:55:00,BUY,4064.0,4057.77,4082.68,4060.07,FLIP,-4.13,S433 AI Gold Star 123 (Coppock),
2025-11-24 13:55:00,2025-11-24 14:00:00,SELL,4060.07,4066.78,4039.94,4062.08,FLIP,-2.21,S433 AI Gold Star 123 (Coppock),
2025-11-24 14:00:00,2025-11-24 14:25:00,BUY,4062.08,4055.34,4082.29,4062.93,FLIP,0.65,S433 AI Gold Star 123 (Coppock),
2025-11-24 14:25:00,2025-11-24 15:05:00,SELL,4062.93,4069.9,4042.02,4068.17,FLIP,-5.44,S433 AI Gold Star 123 (Coppock),
2025-11-24 15:05:00,2025-11-24 15:45:00,BUY,4068.17,4062.52,4085.12,4069.61,FLIP,1.24,S433 AI Gold Star 123 (Coppock),
2025-11-24 15:45:00,2025-11-24 15:50:00,SELL,4069.61,4075.34,4052.42,4071.2,FLIP,-1.79,S433 AI Gold Star 123 (Coppock),
2025-11-24 15:50:00,2025-11-24 15:55:00,BUY,4071.2,4065.13,4089.42,4071.82,FLIP,0.42,S433 AI Gold Star 123 (Coppock),
2025-11-24 15:55:00,2025-11-24 18:40:00,SELL,4071.82,4077.79,4053.91,4077.79,SL,-6.17,S433 AI Gold Star 123 (Coppock),
2025-11-24 19:10:00,2025-11-24 19:15:00,SELL,4078.2,4084.36,4059.73,4081.4,FLIP,-3.4,S433 AI Gold Star 123 (Coppock),
2025-11-24 19:15:00,2025-11-24 19:25:00,BUY,4081.4,4075.36,4099.53,4080.55,FLIP,-1.05,S433 AI Gold Star 123 (Coppock),
2025-11-24 19:25:00,2025-11-24 19:30:00,SELL,4080.55,4086.9,4061.51,4083.61,FLIP,-3.26,S433 AI Gold Star 123 (Coppock),
2025-11-24 19:30:00,2025-11-24 19:35:00,BUY,4083.61,4076.95,4103.58,4080.87,FLIP,-2.94,S433 AI Gold Star 123 (Coppock),
2025-11-24 19:35:00,2025-11-24 20:45:00,SELL,4080.87,4087.71,4060.35,4077.74,FLIP,2.93,S433 AI Gold Star 123 (Coppock),
2025-11-24 20:45:00,2025-11-24 21:50:00,BUY,4077.74,4070.09,4100.68,4090.59,FLIP,12.65,S433 AI Gold Star 123 (Coppock),
2025-11-24 21:50:00,2025-11-24 22:35:00,SELL,4090.59,4097.68,4069.31,4097.68,SL,-7.29,S433 AI Gold Star 123 (Coppock),
2025-11-24 22:45:00,2025-11-24 22:50:00,BUY,4096.6,4091.74,4111.17,4095.25,FLIP,-1.55,S433 AI Gold Star 123 (Coppock),
2025-11-24 22:50:00,2025-11-24 23:00:00,SELL,4095.25,4100.03,4080.9,4097.32,FLIP,-2.27,S433 AI Gold Star 123 (Coppock),
2025-11-24 23:00:00,2025-11-24 23:05:00,BUY,4097.32,4092.41,4112.04,4094.91,FLIP,-2.61,S433 AI Gold Star 123 (Coppock),
2025-11-24 23:05:00,2025-11-24 23:50:00,SELL,4094.91,4099.86,4080.07,4099.86,SL,-5.15,S433 AI Gold Star 123 (Coppock),
2025-11-25 01:30:00,2025-11-25 02:20:00,SELL,4117.28,4125.51,4092.58,4124.22,FLIP,-7.14,S433 AI Gold Star 123 (Coppock),
2025-11-25 02:20:00,2025-11-25 03:10:00,BUY,4124.22,4119.04,4139.77,4131.85,FLIP,7.43,S433 AI Gold Star 123 (Coppock),
2025-11-25 03:10:00,2025-11-25 03:40:00,SELL,4131.85,4136.79,4117.02,4139.19,FLIP,-7.54,S433 AI Gold Star 123 (Coppock),
2025-11-25 03:40:00,2025-11-25 03:45:00,BUY,4139.19,4134.98,4151.81,4139.56,FLIP,0.17,S433 AI Gold Star 123 (Coppock),
2025-11-25 03:45:00,2025-11-25 05:10:00,SELL,4139.56,4143.49,4127.77,4127.77,TP,11.59,S433 AI Gold Star 123 (Coppock),
2025-11-25 05:45:00,2025-11-25 06:30:00,BUY,4139.35,4133.07,4158.19,4134.28,FLIP,-5.27,S433 AI Gold Star 123 (Coppock),
2025-11-25 06:30:00,2025-11-25 07:30:00,SELL,4134.28,4140.65,4115.18,4130.64,FLIP,3.44,S433 AI Gold Star 123 (Coppock),
2025-11-25 07:30:00,2025-11-25 08:40:00,BUY,4130.64,4123.79,4151.2,4151.2,TP,20.36,S433 AI Gold Star 123 (Coppock),
2025-11-25 08:55:00,2025-11-25 14:15:00,SELL,4150.66,4158.21,4128.0,4137.85,FLIP,12.61,S433 AI Gold Star 123 (Coppock),
2025-11-25 14:15:00,2025-11-25 14:30:00,BUY,4137.85,4131.34,4157.39,4129.52,FLIP,-8.53,S433 AI Gold Star 123 (Coppock),
2025-11-25 14:30:00,2025-11-25 15:05:00,SELL,4129.52,4136.19,4109.51,4123.34,FLIP,5.98,S433 AI Gold Star 123 (Coppock),
2025-11-25 15:05:00,2025-11-25 16:20:00,BUY,4123.34,4114.86,4148.77,4131.3,FLIP,7.76,S433 AI Gold Star 123 (Coppock),
2025-11-25 16:20:00,2025-11-25 18:15:00,SELL,4131.3,4137.77,4111.9,4137.77,SL,-6.67,S433 AI Gold Star 123 (Coppock),
2025-11-25 21:05:00,2025-11-25 23:25:00,BUY,4130.41,4118.41,4166.41,4149.73,FLIP,19.12,S433 AI Gold Star 123 (Coppock),
2025-11-25 23:25:00,2025-11-25 23:30:00,SELL,4149.73,4157.63,4126.02,4157.48,FLIP,-7.95,S433 AI Gold Star 123 (Coppock),
2025-11-25 23:30:00,2025-11-25 23:35:00,BUY,4157.48,4149.12,4182.57,4152.4,FLIP,-5.28,S433 AI Gold Star 123 (Coppock),
2025-11-25 23:35:00,2025-11-25 23:40:00,SELL,4152.4,4160.98,4126.67,4152.7,FLIP,-0.5,S433 AI Gold Star 123 (Coppock),
2025-11-25 23:40:00,2025-11-25 23:45:00,BUY,4152.7,4144.16,4178.33,4151.53,FLIP,-1.37,S433 AI Gold Star 123 (Coppock),
2025-11-25 23:45:00,2025-11-26 01:05:00,SELL,4151.53,4160.26,4125.34,4138.85,FLIP,12.48,S433 AI Gold Star 123 (Coppock),
2025-11-26 01:05:00,2025-11-26 01:15:00,BUY,4138.85,4131.39,4161.23,4134.72,FLIP,-4.33,S433 AI Gold Star 123 (Coppock),
2025-11-26 01:15:00,2025-11-26 01:30:00,SELL,4134.72,4142.2,4112.27,4130.65,FLIP,3.87,S433 AI Gold Star 123 (Coppock),
2025-11-26 01:30:00,2025-11-26 02:50:00,BUY,4130.65,4123.6,4151.8,4131.18,FLIP,0.33,S433 AI Gold Star 123 (Coppock),
2025-11-26 02:50:00,2025-11-26 03:35:00,SELL,4131.18,4136.17,4116.22,4131.57,FLIP,-0.59,S433 AI Gold Star 123 (Coppock),
2025-11-26 03:35:00,2025-11-26 06:55:00,BUY,4131.57,4127.41,4144.06,4144.06,TP,12.29,S433 AI Gold Star 123 (Coppock),
2025-11-26 07:05:00,2025-11-26 07:10:00,BUY,4143.34,4137.58,4160.61,4140.34,FLIP,-3.2,S433 AI Gold Star 123 (Coppock),
2025-11-26 07:10:00,2025-11-26 07:20:00,SELL,4140.34,4146.3,4122.45,4146.3,SL,-6.16,S433 AI Gold Star 123 (Coppock),
2025-11-26 07:25:00,2025-11-26 08:10:00,BUY,4145.02,4139.1,4162.79,4150.62,FLIP,5.4,S433 AI Gold Star 123 (Coppock),
2025-11-26 08:10:00,2025-11-26 08:15:00,SELL,4150.62,4155.98,4134.55,4155.73,FLIP,-5.31,S433 AI Gold Star 123 (Coppock),
2025-11-26 08:15:00,2025-11-26 08:35:00,BUY,4155.73,4150.37,4171.82,4159.03,FLIP,3.1,S433 AI Gold Star 123 (Coppock),
2025-11-26 08:35:00,2025-11-26 08:40:00,SELL,4159.03,4165.52,4139.55,4161.75,FLIP,-2.92,S433 AI Gold Star 123 (Coppock),
2025-11-26 08:40:00,2025-11-26 08:55:00,BUY,4161.75,4155.33,4181.01,4161.66,FLIP,-0.29,S433 AI Gold Star 123 (Coppock),
2025-11-26 08:55:00,2025-11-26 09:05:00,SELL,4161.66,4168.39,4141.46,4166.96,FLIP,-5.5,S433 AI Gold Star 123 (Coppock),
2025-11-26 09:05:00,2025-11-26 09:10:00,BUY,4166.96,4159.79,4188.47,4165.38,FLIP,-1.78,S433 AI Gold Star 123 (Coppock),
2025-11-26 09:10:00,2025-11-26 13:00:00,SELL,4165.38,4172.61,4143.68,4152.79,FLIP,12.39,S433 AI Gold Star 123 (Coppock),
2025-11-26 13:00:00,2025-11-26 14:30:00,BUY,4152.79,4147.03,4170.08,4160.78,FLIP,7.79,S433 AI Gold Star 123 (Coppock),
2025-11-26 14:30:00,2025-11-26 17:30:00,SELL,4160.78,4166.09,4144.86,4166.09,SL,-5.51,S433 AI Gold Star 123 (Coppock),
2025-11-26 19:15:00,2025-11-26 19:35:00,BUY,4162.32,4155.04,4184.17,4155.04,SL,-7.48,S433 AI Gold Star 123 (Coppock),
2025-11-26 20:05:00,2025-11-26 20:30:00,SELL,4146.98,4155.67,4120.92,4152.87,FLIP,-6.09,S433 AI Gold Star 123 (Coppock),
2025-11-26 20:30:00,2025-11-26 20:55:00,BUY,4152.87,4142.94,4182.67,4142.45,FLIP,-10.62,S433 AI Gold Star 123 (Coppock),
2025-11-26 20:55:00,2025-11-26 21:00:00,SELL,4142.45,4152.23,4113.11,4142.51,FLIP,-0.26,S433 AI Gold Star 123 (Coppock),
2025-11-26 21:00:00,2025-11-26 23:25:00,BUY,4142.51,4132.17,4173.54,4167.87,FLIP,25.16,S433 AI Gold Star 123 (Coppock),
2025-11-26 23:25:00,2025-11-26 23:30:00,SELL,4167.87,4171.84,4155.95,4168.81,FLIP,-1.14,S433 AI Gold Star 123 (Coppock),
2025-11-26 23:30:00,2025-11-26 23:35:00,BUY,4168.81,4164.96,4180.37,4168.73,FLIP,-0.28,S433 AI Gold Star 123 (Coppock),
2025-11-26 23:35:00,2025-11-27 00:10:00,SELL,4168.73,4172.72,4156.77,4171.1,FLIP,-2.57,S433 AI Gold Star 123 (Coppock),
2025-11-27 00:10:00,2025-11-27 00:15:00,BUY,4171.1,4167.43,4182.12,4170.01,FLIP,-1.29,S433 AI Gold Star 123 (Coppock),
2025-11-27 00:15:00,2025-11-27 00:35:00,SELL,4170.01,4173.64,4159.11,4159.11,TP,10.7,S433 AI Gold Star 123 (Coppock),
2025-11-27 01:00:00,2025-11-27 01:05:00,BUY,4166.93,4161.69,4182.64,4164.43,FLIP,-2.7,S433 AI Gold Star 123 (Coppock),
2025-11-27 01:05:00,2025-11-27 01:10:00,SELL,4164.43,4169.68,4148.68,4166.81,FLIP,-2.58,S433 AI Gold Star 123 (Coppock),
2025-11-27 01:10:00,2025-11-27 02:00:00,BUY,4166.81,4161.5,4182.73,4161.5,SL,-5.51,S433 AI Gold Star 123 (Coppock),
2025-11-27 07:55:00,2025-11-27 08:50:00,BUY,4154.3,4148.31,4172.27,4147.25,FLIP,-7.25,S433 AI Gold Star 123 (Coppock),
2025-11-27 08:50:00,2025-11-27 09:20:00,SELL,4147.25,4152.41,4131.77,4149.75,FLIP,-2.7,S433 AI Gold Star 123 (Coppock),
2025-11-27 09:20:00,2025-11-27 09:25:00,BUY,4149.75,4145.32,4163.03,4148.25,FLIP,-1.7,S433 AI Gold Star 123 (Coppock),
2025-11-27 09:25:00,2025-11-27 09:40:00,SELL,4148.25,4152.76,4134.73,4148.03,FLIP,0.02,S433 AI Gold Star 123 (Coppock),
2025-11-27 09:40:00,2025-11-27 10:05:00,BUY,4148.03,4143.63,4161.23,4143.63,SL,-4.6,S433 AI Gold Star 123 (Coppock),
2025-11-27 14:10:00,2025-11-27 14:20:00,BUY,4163.3,4159.37,4175.09,4162.26,FLIP,-1.24,S433 AI Gold Star 123 (Coppock),
2025-11-27 14:20:00,2025-11-27 14:25:00,SELL,4162.26,4165.87,4151.44,4164.97,FLIP,-2.91,S433 AI Gold Star 123 (Coppock),
2025-11-27 14:25:00,2025-11-27 15:00:00,BUY,4164.97,4161.35,4175.82,4159.52,FLIP,-5.65,S433 AI Gold Star 123 (Coppock),
2025-11-27 15:00:00,2025-11-27 15:50:00,SELL,4159.52,4163.9,4146.39,4159.09,FLIP,0.23,S433 AI Gold Star 123 (Coppock),
2025-11-27 15:50:00,2025-11-27 16:25:00,BUY,4159.09,4153.09,4177.1,4153.09,SL,-6.2,S433 AI Gold Star 123 (Coppock),
2025-11-27 16:35:00,2025-11-27 17:05:00,SELL,4153.83,4157.89,4141.66,4157.89,SL,-4.26,S433 AI Gold Star 123 (Coppock),
2025-11-27 19:30:00,2025-11-27 22:25:00,BUY,4156.5,4152.14,4169.57,4152.14,SL,-4.56,S433 AI Gold Star 123 (Coppock),
2025-11-27 22:45:00,2025-11-28 05:35:00,BUY,4156.7,4153.83,4165.3,4162.99,FLIP,6.09,S433 AI Gold Star 123 (Coppock),
2025-11-28 05:35:00,2025-11-28 05:45:00,SELL,4162.99,4164.97,4157.04,4163.31,FLIP,-0.52,S433 AI Gold Star 123 (Coppock),
2025-11-28 05:45:00,2025-11-28 06:15:00,BUY,4163.31,4161.22,4169.59,4169.59,TP,6.08,S433 AI Gold Star 123 (Coppock),
2025-11-28 07:15:00,2025-11-28 07:20:00,SELL,4184.69,4191.56,4164.09,4188.08,FLIP,-3.59,S433 AI Gold Star 123 (Coppock),
2025-11-28 07:20:00,2025-11-28 07:25:00,BUY,4188.08,4180.99,4209.35,4187.27,FLIP,-1.01,S433 AI Gold Star 123 (Coppock),
2025-11-28 07:25:00,2025-11-28 09:00:00,SELL,4187.27,4194.38,4165.95,4191.36,FLIP,-4.29,S433 AI Gold Star 123 (Coppock),
2025-11-28 09:00:00,2025-11-28 09:05:00,BUY,4191.36,4187.89,4201.76,4186.48,FLIP,-5.08,S433 AI Gold Star 123 (Coppock),
2025-11-28 09:05:00,2025-11-28 09:10:00,SELL,4186.48,4190.62,4174.07,4190.62,SL,-4.34,S433 AI Gold Star 123 (Coppock),
2025-11-28 09:25:00,2025-11-28 09:35:00,BUY,4188.02,4183.96,4200.21,4186.32,FLIP,-1.9,S433 AI Gold Star 123 (Coppock),
2025-11-28 09:35:00,2025-11-28 10:30:00,SELL,4186.32,4190.41,4174.05,4182.82,FLIP,3.3,S433 AI Gold Star 123 (Coppock),
2025-11-28 10:30:00,2025-11-28 11:05:00,BUY,4182.82,4178.18,4196.73,4181.19,FLIP,-1.83,S433 AI Gold Star 123 (Coppock),
2025-11-28 11:05:00,2025-11-28 11:20:00,SELL,4181.19,4186.43,4165.46,4184.36,FLIP,-3.37,S433 AI Gold Star 123 (Coppock),
2025-11-28 11:20:00,2025-11-28 11:30:00,BUY,4184.36,4178.34,4202.41,4184.56,FLIP,0.0,S433 AI Gold Star 123 (Coppock),
2025-11-28 11:30:00,2025-11-28 11:35:00,SELL,4184.56,4190.62,4166.39,4185.14,FLIP,-0.78,S433 AI Gold Star 123 (Coppock),
2025-11-28 11:35:00,2025-11-28 11:40:00,BUY,4185.14,4180.46,4199.19,4184.98,FLIP,-0.36,S433 AI Gold Star 123 (Coppock),
2025-11-28 11:40:00,2025-11-28 12:15:00,SELL,4184.98,4189.41,4171.68,4183.22,FLIP,1.56,S433 AI Gold Star 123 (Coppock),
2025-11-28 12:15:00,2025-11-28 13:10:00,BUY,4183.22,4179.8,4193.48,4185.27,FLIP,1.85,S433 AI Gold Star 123 (Coppock),
2025-11-28 13:10:00,2025-11-28 13:45:00,SELL,4185.27,4187.53,4178.48,4178.48,TP,6.59,S433 AI Gold Star 123 (Coppock),
2025-11-28 15:30:00,2025-11-28 16:45:00,BUY,4164.55,4147.8,4214.8,4165.42,FLIP,0.67,S433 AI Gold Star 123 (Coppock),
2025-11-28 16:45:00,2025-11-28 17:00:00,SELL,4165.42,4171.03,4148.59,4171.03,SL,-5.81,S433 AI Gold Star 123 (Coppock),
2025-11-28 17:05:00,2025-11-28 17:10:00,BUY,4172.98,4166.18,4193.37,4171.42,FLIP,-1.76,S433 AI Gold Star 123 (Coppock),
2025-11-28 17:10:00,2025-11-28 17:15:00,SELL,4171.42,4178.05,4151.54,4174.18,FLIP,-2.96,S433 AI Gold Star 123 (Coppock),
2025-11-28 17:15:00,2025-11-28 17:55:00,BUY,4174.18,4167.32,4194.75,4171.64,FLIP,-2.74,S433 AI Gold Star 123 (Coppock),
2025-11-28 17:55:00,2025-11-28 18:50:00,SELL,4171.64,4177.71,4153.42,4176.77,FLIP,-5.33,S433 AI Gold Star 123 (Coppock),
2025-11-28 18:50:00,2025-11-28 19:10:00,BUY,4176.77,4173.1,4187.77,4173.42,FLIP,-3.55,S433 AI Gold Star 123 (Coppock),
2025-11-28 19:10:00,2025-11-28 19:30:00,SELL,4173.42,4176.79,4163.31,4176.35,FLIP,-3.13,S433 AI Gold Star 123 (Coppock),
2025-11-28 19:30:00,2025-11-28 19:35:00,BUY,4176.35,4172.85,4186.85,4175.68,FLIP,-0.87,S433 AI Gold Star 123 (Coppock),
2025-11-28 19:35:00,2025-11-28 19:50:00,SELL,4175.68,4179.51,4164.2,4176.52,FLIP,-1.04,S433 AI Gold Star 123 (Coppock),
2025-11-28 19:50:00,2025-11-28 20:10:00,BUY,4176.52,4171.69,4191.01,4191.01,TP,14.29,S433 AI Gold Star 123 (Coppock),
2025-11-28 20:50:00,2025-11-28 21:50:00,SELL,4197.79,4207.29,4169.29,4199.69,FLIP,-2.1,S433 AI Gold Star 123 (Coppock),
2025-11-28 21:50:00,2025-11-28 22:35:00,BUY,4199.69,4191.82,4223.29,4205.89,FLIP,6.0,S433 AI Gold Star 123 (Coppock),
2025-11-28 22:35:00,2025-11-28 23:45:00,SELL,4205.89,4212.84,4185.03,4213.21,FLIP,-7.52,S433 AI Gold Star 123 (Coppock),
2025-11-28 23:45:00,2025-11-29 00:50:00,BUY,4213.21,4207.78,4229.51,4220.62,FLIP,7.21,S433 AI Gold Star 123 (Coppock),
2025-11-29 00:50:00,2025-12-01 05:00:00,SELL,4220.62,4226.16,4204.01,4225.98,FLIP,-5.56,S433 AI Gold Star 123 (Coppock),
2025-12-01 05:00:00,2025-12-01 05:05:00,BUY,4225.98,4221.71,4238.78,4209.36,FLIP,-16.82,S433 AI Gold Star 123 (Coppock),
2025-12-01 05:05:00,2025-12-01 05:10:00,SELL,4209.36,4215.6,4190.63,4215.6,SL,-6.44,S433 AI Gold Star 123 (Coppock),
2025-12-01 05:20:00,2025-12-01 07:50:00,BUY,4221.9,4214.37,4244.48,4244.48,TP,22.38,S433 AI Gold Star 123 (Coppock),
2025-12-01 08:20:00,2025-12-01 11:25:00,SELL,4244.73,4254.32,4215.95,4215.95,TP,28.58,S433 AI Gold Star 123 (Coppock),
2025-12-01 12:00:00,2025-12-01 16:05:00,BUY,4232.31,4223.02,4260.19,4260.19,TP,27.68,S433 AI Gold Star 123 (Coppock),
2025-12-01 20:55:00,2025-12-01 21:15:00,BUY,4240.01,4228.02,4275.99,4225.54,FLIP,-14.67,S433 AI Gold Star 123 (Coppock),
2025-12-01 21:15:00,2025-12-01 21:25:00,SELL,4225.54,4237.46,4189.78,4228.16,FLIP,-2.82,S433 AI Gold Star 123 (Coppock),
2025-12-01 21:25:00,2025-12-01 22:45:00,BUY,4228.16,4215.18,4267.1,4234.72,FLIP,6.36,S433 AI Gold Star 123 (Coppock),
2025-12-01 22:45:00,2025-12-02 05:20:00,SELL,4234.72,4245.05,4203.72,4233.34,FLIP,1.18,S433 AI Gold Star 123 (Coppock),
2025-12-02 05:20:00,2025-12-02 05:40:00,BUY,4233.34,4229.91,4243.62,4229.91,SL,-3.63,S433 AI Gold Star 123 (Coppock),
2025-12-02 05:45:00,2025-12-02 05:50:00,SELL,4225.9,4230.02,4213.54,4229.98,FLIP,-4.28,S433 AI Gold Star 123 (Coppock),
2025-12-02 05:50:00,2025-12-02 05:55:00,BUY,4229.98,4225.44,4243.61,4227.52,FLIP,-2.66,S433 AI Gold Star 123 (Coppock),
2025-12-02 05:55:00,2025-12-02 06:30:00,SELL,4227.52,4232.25,4213.34,4226.1,FLIP,1.22,S433 AI Gold Star 123 (Coppock),
2025-12-02 06:30:00,2025-12-02 06:35:00,BUY,4226.1,4220.77,4242.08,4225.16,FLIP,-1.14,S433 AI Gold Star 123 (Coppock),
2025-12-02 06:35:00,2025-12-02 06:40:00,SELL,4225.16,4230.35,4209.58,4228.42,FLIP,-3.46,S433 AI Gold Star 123 (Coppock),
2025-12-02 06:40:00,2025-12-02 07:00:00,BUY,4228.42,4223.14,4244.27,4215.73,FLIP,-12.89,S433 AI Gold Star 123 (Coppock),
2025-12-02 07:00:00,2025-12-02 07:30:00,SELL,4215.73,4221.69,4197.84,4214.89,FLIP,0.64,S433 AI Gold Star 123 (Coppock),
2025-12-02 07:30:00,2025-12-02 07:35:00,BUY,4214.89,4205.36,4243.48,4214.49,FLIP,-0.6,S433 AI Gold Star 123 (Coppock),
2025-12-02 07:35:00,2025-12-02 07:45:00,SELL,4214.49,4224.31,4185.02,4214.52,FLIP,-0.23,S433 AI Gold Star 123 (Coppock),
2025-12-02 07:45:00,2025-12-02 12:30:00,BUY,4214.52,4203.96,4246.19,4203.96,SL,-10.76,S433 AI Gold Star 123 (Coppock),
2025-12-02 13:10:00,2025-12-02 14:00:00,BUY,4213.76,4207.09,4233.76,4213.21,FLIP,-0.75,S433 AI Gold Star 123 (Coppock),
2025-12-02 14:00:00,2025-12-02 14:35:00,SELL,4213.21,4217.6,4200.05,4216.38,FLIP,-3.37,S433 AI Gold Star 123 (Coppock),
2025-12-02 14:35:00,2025-12-02 14:40:00,BUY,4216.38,4211.21,4231.9,4212.34,FLIP,-4.24,S433 AI Gold Star 123 (Coppock),
2025-12-02 14:40:00,2025-12-02 14:45:00,SELL,4212.34,4217.79,4195.98,4213.59,FLIP,-1.45,S433 AI Gold Star 123 (Coppock),
2025-12-02 14:45:00,2025-12-02 14:55:00,BUY,4213.59,4208.18,4229.82,4210.23,FLIP,-3.56,S433 AI Gold Star 123 (Coppock),
2025-12-02 14:55:00,2025-12-02 15:00:00,SELL,4210.23,4215.55,4194.27,4211.16,FLIP,-1.13,S433 AI Gold Star 123 (Coppock),
2025-12-02 15:00:00,2025-12-02 15:05:00,BUY,4211.16,4205.71,4227.52,4207.67,FLIP,-3.69,S433 AI Gold Star 123 (Coppock),
2025-12-02 15:05:00,2025-12-02 15:35:00,SELL,4207.67,4213.36,4190.59,4190.59,TP,16.88,S433 AI Gold Star 123 (Coppock),
2025-12-02 16:00:00,2025-12-02 16:20:00,BUY,4191.38,4183.81,4214.08,4183.81,SL,-7.77,S433 AI Gold Star 123 (Coppock),
2025-12-02 18:15:00,2025-12-02 18:50:00,SELL,4201.68,4207.04,4185.6,4207.04,SL,-5.56,S433 AI Gold Star 123 (Coppock),
2025-12-02 19:50:00,2025-12-02 20:25:00,BUY,4208.55,4201.51,4229.68,4229.68,TP,20.93,S433 AI Gold Star 123 (Coppock),
2025-12-02 20:40:00,2025-12-02 20:45:00,SELL,4218.01,4225.73,4194.86,4223.0,FLIP,-5.19,S433 AI Gold Star 123 (Coppock),
2025-12-02 20:45:00,2025-12-02 20:50:00,BUY,4223.0,4214.44,4248.69,4221.68,FLIP,-1.52,S433 AI Gold Star 123 (Coppock),
2025-12-02 20:50:00,2025-12-02 21:20:00,SELL,4221.68,4230.44,4195.39,4195.39,TP,26.09,S433 AI Gold Star 123 (Coppock),
2025-12-02 22:05:00,2025-12-02 23:35:00,BUY,4175.23,4162.74,4212.69,4193.83,FLIP,18.4,S433 AI Gold Star 123 (Coppock),
2025-12-02 23:35:00,2025-12-03 02:30:00,SELL,4193.83,4200.75,4173.06,4200.75,SL,-7.12,S433 AI Gold Star 123 (Coppock),
2025-12-03 03:20:00,2025-12-03 05:20:00,SELL,4210.2,4214.89,4196.12,4210.05,FLIP,-0.05,S433 AI Gold Star 123 (Coppock),
2025-12-03 05:20:00,2025-12-03 05:25:00,BUY,4210.05,4205.53,4223.62,4208.89,FLIP,-1.36,S433 AI Gold Star 123 (Coppock),
2025-12-03 05:25:00,2025-12-03 05:45:00,SELL,4208.89,4213.42,4195.31,4213.42,SL,-4.73,S433 AI Gold Star 123 (Coppock),
2025-12-03 06:00:00,2025-12-03 07:00:00,SELL,4209.8,4215.62,4192.33,4215.62,SL,-6.02,S433 AI Gold Star 123 (Coppock),
2025-12-03 07:55:00,2025-12-03 08:00:00,SELL,4214.42,4220.32,4196.73,4221.14,FLIP,-6.92,S433 AI Gold Star 123 (Coppock),
2025-12-03 08:00:00,2025-12-03 08:10:00,BUY,4221.14,4214.93,4239.78,4224.02,FLIP,2.68,S433 AI Gold Star 123 (Coppock),
2025-12-03 08:10:00,2025-12-03 08:30:00,SELL,4224.02,4229.67,4207.06,4227.2,FLIP,-3.38,S433 AI Gold Star 123 (Coppock),
2025-12-03 08:30:00,2025-12-03 08:55:00,BUY,4227.2,4221.61,4243.97,4226.65,FLIP,-0.75,S433 AI Gold Star 123 (Coppock),
2025-12-03 08:55:00,2025-12-03 11:40:00,SELL,4226.65,4232.07,4210.38,4210.38,TP,16.07,S433 AI Gold Star 123 (Coppock),
2025-12-03 12:20:00,2025-12-03 12:30:00,BUY,4211.56,4205.56,4229.56,4205.56,SL,-6.2,S433 AI Gold Star 123 (Coppock),
2025-12-03 13:15:00,2025-12-03 13:50:00,SELL,4207.29,4212.05,4193.0,4205.44,FLIP,1.65,S433 AI Gold Star 123 (Coppock),
2025-12-03 13:50:00,2025-12-03 14:00:00,BUY,4205.44,4200.68,4219.71,4205.91,FLIP,0.27,S433 AI Gold Star 123 (Coppock),
2025-12-03 14:00:00,2025-12-03 14:05:00,SELL,4205.91,4210.59,4191.86,4207.53,FLIP,-1.82,S433 AI Gold Star 123 (Coppock),
2025-12-03 14:05:00,2025-12-03 14:55:00,BUY,4207.53,4202.87,4221.51,4206.45,FLIP,-1.28,S433 AI Gold Star 123 (Coppock),
2025-12-03 14:55:00,2025-12-03 15:45:00,SELL,4206.45,4210.57,4194.08,4201.59,FLIP,4.66,S433 AI Gold Star 123 (Coppock),
2025-12-03 15:45:00,2025-12-03 15:50:00,BUY,4201.59,4196.59,4216.58,4201.18,FLIP,-0.61,S433 AI Gold Star 123 (Coppock),
2025-12-03 15:50:00,2025-12-03 15:55:00,SELL,4201.18,4205.7,4187.61,4202.1,FLIP,-1.12,S433 AI Gold Star 123 (Coppock),
2025-12-03 15:55:00,2025-12-03 16:10:00,BUY,4202.1,4197.57,4215.68,4195.23,FLIP,-7.07,S433 AI Gold Star 123 (Coppock),
2025-12-03 16:10:00,2025-12-03 16:15:00,SELL,4195.23,4199.8,4181.51,4197.94,FLIP,-2.91,S433 AI Gold Star 123 (Coppock),
2025-12-03 16:15:00,2025-12-03 16:45:00,BUY,4197.94,4193.75,4210.5,4199.17,FLIP,1.03,S433 AI Gold Star 123 (Coppock),
2025-12-03 16:45:00,2025-12-03 16:50:00,SELL,4199.17,4203.83,4185.19,4200.69,FLIP,-1.72,S433 AI Gold Star 123 (Coppock),
2025-12-03 16:50:00,2025-12-03 17:00:00,BUY,4200.69,4195.88,4215.11,4198.6,FLIP,-2.29,S433 AI Gold Star 123 (Coppock),
2025-12-03 17:00:00,2025-12-03 17:05:00,SELL,4198.6,4203.59,4183.63,4198.96,FLIP,-0.56,S433 AI Gold Star 123 (Coppock),
2025-12-03 17:05:00,2025-12-03 18:15:00,BUY,4198.96,4193.92,4214.07,4206.31,FLIP,7.15,S433 AI Gold Star 123 (Coppock),
2025-12-03 18:15:00,2025-12-03 18:20:00,SELL,4206.31,4210.2,4194.65,4208.8,FLIP,-2.69,S433 AI Gold Star 123 (Coppock),
2025-12-03 18:20:00,2025-12-03 18:25:00,BUY,4208.8,4204.6,4221.39,4208.28,FLIP,-0.72,S433 AI Gold Star 123 (Coppock),
2025-12-03 18:25:00,2025-12-03 18:35:00,SELL,4208.28,4212.34,4196.09,4212.42,FLIP,-4.34,S433 AI Gold Star 123 (Coppock),
2025-12-03 18:35:00,2025-12-03 18:45:00,BUY,4212.42,4208.23,4225.0,4212.04,FLIP,-0.58,S433 AI Gold Star 123 (Coppock),
2025-12-03 18:45:00,2025-12-03 18:55:00,SELL,4212.04,4216.44,4198.84,4213.48,FLIP,-1.64,S433 AI Gold Star 123 (Coppock),
2025-12-03 18:55:00,2025-12-03 19:00:00,BUY,4213.48,4209.06,4226.75,4213.61,FLIP,-0.07,S433 AI Gold Star 123 (Coppock),
2025-12-03 19:00:00,2025-12-03 19:05:00,SELL,4213.61,4217.97,4200.54,4214.89,FLIP,-1.48,S433 AI Gold Star 123 (Coppock),
2025-12-03 19:05:00,2025-12-03 19:10:00,BUY,4214.89,4210.48,4228.13,4211.43,FLIP,-3.66,S433 AI Gold Star 123 (Coppock),
2025-12-03 19:10:00,2025-12-03 19:15:00,SELL,4211.43,4215.79,4198.34,4220.75,FLIP,-9.52,S433 AI Gold Star 123 (Coppock),
2025-12-03 19:15:00,2025-12-03 19:50:00,BUY,4220.75,4215.76,4235.73,4235.73,TP,14.78,S433 AI Gold Star 123 (Coppock),
2025-12-03 20:05:00,2025-12-03 20:30:00,SELL,4223.88,4232.95,4196.66,4239.28,FLIP,-15.6,S433 AI Gold Star 123 (Coppock),
2025-12-03 20:30:00,2025-12-03 20:35:00,BUY,4239.28,4228.28,4272.27,4234.32,FLIP,-5.16,S433 AI Gold Star 123 (Coppock),
2025-12-03 20:35:00,2025-12-03 21:15:00,SELL,4234.32,4246.24,4198.56,4222.34,FLIP,11.78,S433 AI Gold Star 123 (Coppock),
2025-12-03 21:15:00,2025-12-03 21:25:00,BUY,4222.34,4208.92,4262.6,4221.82,FLIP,-0.72,S433 AI Gold Star 123 (Coppock),
2025-12-03 21:25:00,2025-12-03 21:30:00,SELL,4221.82,4234.5,4183.78,4228.9,FLIP,-7.28,S433 AI Gold Star 123 (Coppock),
2025-12-03 21:30:00,2025-12-03 21:55:00,BUY,4228.9,4216.0,4267.6,4216.0,SL,-13.1,S433 AI Gold Star 123 (Coppock),
2025-12-03 23:10:00,2025-12-03 23:25:00,BUY,4211.11,4202.27,4237.64,4208.95,FLIP,-2.36,S433 AI Gold Star 123 (Coppock),
2025-12-03 23:25:00,2025-12-03 23:30:00,SELL,4208.95,4217.18,4184.25,4209.33,FLIP,-0.58,S433 AI Gold Star 123 (Coppock),
2025-12-03 23:30:00,2025-12-04 00:10:00,BUY,4209.33,4201.37,4233.21,4204.59,FLIP,-4.94,S433 AI Gold Star 123 (Coppock),
2025-12-04 00:10:00,2025-12-04 01:00:00,SELL,4204.59,4210.81,4185.92,4201.2,FLIP,3.19,S433 AI Gold Star 123 (Coppock),
2025-12-04 01:00:00,2025-12-04 09:00:00,BUY,4201.2,4194.43,4221.52,4194.23,FLIP,-7.17,S433 AI Gold Star 123 (Coppock),
2025-12-04 09:00:00,2025-12-04 09:10:00,SELL,4194.23,4200.58,4175.17,4193.17,FLIP,0.86,S433 AI Gold Star 123 (Coppock),
2025-12-04 09:10:00,2025-12-04 09:15:00,BUY,4193.17,4187.19,4211.12,4193.83,FLIP,0.46,S433 AI Gold Star 123 (Coppock),
2025-12-04 09:15:00,2025-12-04 09:20:00,SELL,4193.83,4199.5,4176.82,4195.56,FLIP,-1.93,S433 AI Gold Star 123 (Coppock),
2025-12-04 09:20:00,2025-12-04 09:30:00,BUY,4195.56,4189.82,4212.77,4191.92,FLIP,-3.84,S433 AI Gold Star 123 (Coppock),
2025-12-04 09:30:00,2025-12-04 09:35:00,SELL,4191.92,4197.87,4174.06,4194.41,FLIP,-2.69,S433 AI Gold Star 123 (Coppock),
2025-12-04 09:35:00,2025-12-04 10:50:00,BUY,4194.41,4188.28,4212.81,4196.08,FLIP,1.47,S433 AI Gold Star 123 (Coppock),
2025-12-04 10:50:00,2025-12-04 11:00:00,SELL,4196.08,4199.46,4185.93,4196.71,FLIP,-0.83,S433 AI Gold Star 123 (Coppock),
2025-12-04 11:00:00,2025-12-04 11:05:00,BUY,4196.71,4193.48,4206.41,4197.27,FLIP,0.36,S433 AI Gold Star 123 (Coppock),
2025-12-04 11:05:00,2025-12-04 11:35:00,SELL,4197.27,4200.5,4187.58,4187.58,TP,9.49,S433 AI Gold Star 123 (Coppock),
2025-12-04 12:15:00,2025-12-04 13:25:00,BUY,4184.65,4176.39,4209.44,4189.22,FLIP,4.37,S433 AI Gold Star 123 (Coppock),
2025-12-04 13:25:00,2025-12-04 14:00:00,SELL,4189.22,4194.02,4174.83,4194.02,SL,-5.0,S433 AI Gold Star 123 (Coppock),
2025-12-04 16:25:00,2025-12-04 17:05:00,SELL,4199.0,4203.08,4186.75,4205.32,FLIP,-6.52,S433 AI Gold Star 123 (Coppock),
2025-12-04 17:05:00,2025-12-04 17:10:00,BUY,4205.32,4201.02,4218.23,4202.27,FLIP,-3.25,S433 AI Gold Star 123 (Coppock),
2025-12-04 17:10:00,2025-12-04 19:00:00,SELL,4202.27,4206.95,4188.24,4192.12,FLIP,9.95,S433 AI Gold Star 123 (Coppock),
2025-12-04 19:00:00,2025-12-04 19:05:00,BUY,4192.12,4186.92,4207.73,4190.52,FLIP,-1.8,S433 AI Gold Star 123 (Coppock),
2025-12-04 19:05:00,2025-12-04 19:15:00,SELL,4190.52,4196.09,4173.82,4189.49,FLIP,0.83,S433 AI Gold Star 123 (Coppock),
2025-12-04 19:15:00,2025-12-04 20:15:00,BUY,4189.49,4183.81,4206.54,4206.54,TP,16.85,S433 AI Gold Star 123 (Coppock),
2025-12-04 20:35:00,2025-12-04 22:00:00,SELL,4202.51,4210.92,4177.27,4210.92,SL,-8.61,S433 AI Gold Star 123 (Coppock),
2025-12-05 01:30:00,2025-12-05 06:30:00,BUY,4208.11,4202.98,4223.51,4202.98,SL,-5.33,S433 AI Gold Star 123 (Coppock),
2025-12-05 07:30:00,2025-12-05 08:35:00,BUY,4201.44,4196.78,4215.41,4196.78,SL,-4.86,S433 AI Gold Star 123 (Coppock),
2025-12-05 09:05:00,2025-12-05 09:40:00,SELL,4203.95,4208.56,4190.11,4208.56,SL,-4.81,S433 AI Gold Star 123 (Coppock),
2025-12-05 09:50:00,2025-12-05 10:05:00,SELL,4210.27,4214.22,4198.43,4212.46,FLIP,-2.39,S433 AI Gold Star 123 (Coppock),
2025-12-05 10:05:00,2025-12-05 10:40:00,BUY,4212.46,4208.53,4224.25,4214.02,FLIP,1.36,S433 AI Gold Star 123 (Coppock),
2025-12-05 10:40:00,2025-12-05 11:00:00,SELL,4214.02,4217.73,4202.9,4217.73,SL,-3.91,S433 AI Gold Star 123 (Coppock),
2025-12-05 11:30:00,2025-12-05 11:40:00,BUY,4219.52,4216.36,4228.99,4220.15,FLIP,0.43,S433 AI Gold Star 123 (Coppock),
2025-12-05 11:40:00,2025-12-05 11:55:00,SELL,4220.15,4223.25,4210.85,4220.49,FLIP,-0.54,S433 AI Gold Star 123 (Coppock),
2025-12-05 11:55:00,2025-12-05 12:00:00,BUY,4220.49,4217.41,4229.74,4220.27,FLIP,-0.42,S433 AI Gold Star 123 (Coppock),
2025-12-05 12:00:00,2025-12-05 12:05:00,SELL,4220.27,4223.46,4210.69,4226.8,FLIP,-6.73,S433 AI Gold Star 123 (Coppock),
2025-12-05 12:05:00,2025-12-05 12:35:00,BUY,4226.8,4222.99,4238.22,4226.34,FLIP,-0.66,S433 AI Gold Star 123 (Coppock),
2025-12-05 12:35:00,2025-12-05 14:40:00,SELL,4226.34,4230.91,4212.63,4223.4,FLIP,2.74,S433 AI Gold Star 123 (Coppock),
2025-12-05 14:40:00,2025-12-05 14:50:00,BUY,4223.4,4219.28,4235.75,4221.02,FLIP,-2.58,S433 AI Gold Star 123 (Coppock),
2025-12-05 14:50:00,2025-12-05 15:00:00,SELL,4221.02,4225.28,4208.23,4220.83,FLIP,-0.01,S433 AI Gold Star 123 (Coppock),
2025-12-05 15:00:00,2025-12-05 15:05:00,BUY,4220.83,4216.72,4233.16,4218.59,FLIP,-2.44,S433 AI Gold Star 123 (Coppock),
2025-12-05 15:05:00,2025-12-05 15:25:00,SELL,4218.59,4222.75,4206.12,4221.19,FLIP,-2.8,S433 AI Gold Star 123 (Coppock),
2025-12-05 15:25:00,2025-12-05 19:25:00,BUY,4221.19,4217.01,4233.73,4233.73,TP,12.34,S433 AI Gold Star 123 (Coppock),
2025-12-05 20:15:00,2025-12-05 20:45:00,SELL,4233.93,4240.58,4213.98,4242.74,FLIP,-9.01,S433 AI Gold Star 123 (Coppock),
2025-12-05 20:45:00,2025-12-05 21:00:00,BUY,4242.74,4235.97,4263.05,4239.82,FLIP,-3.12,S433 AI Gold Star 123 (Coppock),
2025-12-05 21:00:00,2025-12-05 21:10:00,SELL,4239.82,4246.6,4219.49,4239.72,FLIP,-0.1,S433 AI Gold Star 123 (Coppock),
2025-12-05 21:10:00,2025-12-05 21:45:00,BUY,4239.72,4232.72,4260.73,4249.26,FLIP,9.34,S433 AI Gold Star 123 (Coppock),
2025-12-05 21:45:00,2025-12-05 22:10:00,SELL,4249.26,4258.05,4222.88,4222.88,TP,26.18,S433 AI Gold Star 123 (Coppock),
2025-12-05 22:55:00,2025-12-06 00:00:00,BUY,4214.26,4201.05,4253.89,4216.53,FLIP,2.07,S433 AI Gold Star 123 (Coppock),
2025-12-06 00:00:00,2025-12-06 00:05:00,SELL,4216.53,4222.83,4197.62,4218.42,FLIP,-2.09,S433 AI Gold Star 123 (Coppock),
2025-12-06 00:05:00,2025-12-06 00:10:00,BUY,4218.42,4212.12,4237.32,4217.87,FLIP,-0.75,S433 AI Gold Star 123 (Coppock),
2025-12-06 00:10:00,2025-12-06 01:25:00,SELL,4217.87,4223.67,4200.47,4209.48,FLIP,8.19,S433 AI Gold Star 123 (Coppock),
2025-12-06 01:25:00,2025-12-06 01:40:00,BUY,4209.48,4203.62,4227.07,4205.82,FLIP,-3.86,S433 AI Gold Star 123 (Coppock),
2025-12-06 01:40:00,2025-12-06 01:45:00,SELL,4205.82,4211.34,4189.25,4205.62,FLIP,-0.0,S433 AI Gold Star 123 (Coppock),
2025-12-06 01:45:00,2025-12-06 02:25:00,BUY,4205.62,4200.07,4222.26,4202.96,FLIP,-2.86,S433 AI Gold Star 123 (Coppock),
2025-12-06 02:25:00,2025-12-06 02:30:00,SELL,4202.96,4207.34,4189.81,4204.29,FLIP,-1.53,S433 AI Gold Star 123 (Coppock),
2025-12-06 02:30:00,2025-12-06 02:35:00,BUY,4204.29,4199.87,4217.56,4202.41,FLIP,-2.08,S433 AI Gold Star 123 (Coppock),
2025-12-06 02:35:00,2025-12-06 02:55:00,SELL,4202.41,4206.65,4189.7,4202.1,FLIP,0.11,S433 AI Gold Star 123 (Coppock),
2025-12-06 02:55:00,2025-12-06 03:00:00,BUY,4202.1,4198.07,4214.18,4200.47,FLIP,-1.83,S433 AI Gold Star 123 (Coppock),
2025-12-06 03:00:00,2025-12-06 03:10:00,SELL,4200.47,4204.56,4188.21,4200.34,FLIP,-0.07,S433 AI Gold Star 123 (Coppock),
2025-12-06 03:10:00,2025-12-06 03:15:00,BUY,4200.34,4196.6,4211.56,4193.54,FLIP,-7.0,S433 AI Gold Star 123 (Coppock),
2025-12-06 03:15:00,2025-12-06 03:25:00,SELL,4193.54,4197.84,4180.63,4197.84,SL,-4.5,S433 AI Gold Star 123 (Coppock),
2025-12-06 03:45:00,2025-12-08 05:55:00,BUY,4197.13,4192.71,4210.38,4201.25,FLIP,3.92,S433 AI Gold Star 123 (Coppock),
2025-12-08 05:55:00,2025-12-08 06:05:00,SELL,4201.25,4209.25,4177.26,4205.7,FLIP,-4.65,S433 AI Gold Star 123 (Coppock),
2025-12-08 06:05:00,2025-12-08 06:10:00,BUY,4205.7,4197.21,4231.18,4206.07,FLIP,0.17,S433 AI Gold Star 123 (Coppock),
2025-12-08 06:10:00,2025-12-08 06:20:00,SELL,4206.07,4213.65,4183.33,4207.33,FLIP,-1.46,S433 AI Gold Star 123 (Coppock),
2025-12-08 06:20:00,2025-12-08 07:00:00,BUY,4207.33,4200.66,4227.34,4205.06,FLIP,-2.47,S433 AI Gold Star 123 (Coppock),
2025-12-08 07:00:00,2025-12-08 07:20:00,SELL,4205.06,4210.18,4189.71,4210.18,SL,-5.32,S433 AI Gold Star 123 (Coppock),
2025-12-08 08:25:00,2025-12-08 08:30:00,BUY,4203.31,4198.01,4219.2,4201.95,FLIP,-1.56,S433 AI Gold Star 123 (Coppock),
2025-12-08 08:30:00,2025-12-08 08:35:00,SELL,4201.95,4207.35,4185.76,4206.46,FLIP,-4.71,S433 AI Gold Star 123 (Coppock),
2025-12-08 08:35:00,2025-12-08 14:25:00,BUY,4206.46,4200.66,4223.87,4209.52,FLIP,2.86,S433 AI Gold Star 123 (Coppock),
2025-12-08 14:25:00,2025-12-08 14:35:00,SELL,4209.52,4214.74,4193.86,4208.36,FLIP,0.96,S433 AI Gold Star 123 (Coppock),
2025-12-08 14:35:00,2025-12-08 15:15:00,BUY,4208.36,4202.74,4225.23,4210.07,FLIP,1.51,S433 AI Gold Star 123 (Coppock),
2025-12-08 15:15:00,2025-12-08 15:20:00,SELL,4210.07,4215.07,4195.08,4209.54,FLIP,0.33,S433 AI Gold Star 123 (Coppock),
2025-12-08 15:20:00,2025-12-08 15:30:00,BUY,4209.54,4204.4,4224.97,4209.34,FLIP,-0.4,S433 AI Gold Star 123 (Coppock),
2025-12-08 15:30:00,2025-12-08 15:40:00,SELL,4209.34,4214.25,4194.61,4208.14,FLIP,1.0,S433 AI Gold Star 123 (Coppock),
2025-12-08 15:40:00,2025-12-08 15:55:00,BUY,4208.14,4203.54,4221.94,4207.93,FLIP,-0.41,S433 AI Gold Star 123 (Coppock),
2025-12-08 15:55:00,2025-12-08 16:00:00,SELL,4207.93,4212.67,4193.71,4209.36,FLIP,-1.63,S433 AI Gold Star 123 (Coppock),
2025-12-08 16:00:00,2025-12-08 16:15:00,BUY,4209.36,4204.62,4223.58,4208.21,FLIP,-1.35,S433 AI Gold Star 123 (Coppock),
2025-12-08 16:15:00,2025-12-08 17:20:00,SELL,4208.21,4212.28,4196.0,4205.8,FLIP,2.21,S433 AI Gold Star 123 (Coppock),
2025-12-08 17:20:00,2025-12-08 19:30:00,BUY,4205.8,4201.11,4219.88,4201.11,SL,-4.89,S433 AI Gold Star 123 (Coppock),
2025-12-08 20:05:00,2025-12-08 20:40:00,BUY,4206.53,4199.04,4229.0,4198.22,FLIP,-8.51,S433 AI Gold Star 123 (Coppock),
2025-12-08 20:40:00,2025-12-08 20:55:00,SELL,4198.22,4205.31,4176.94,4205.31,SL,-7.29,S433 AI Gold Star 123 (Coppock),
2025-12-08 21:35:00,2025-12-08 21:40:00,BUY,4189.77,4178.24,4224.35,4186.87,FLIP,-3.1,S433 AI Gold Star 123 (Coppock),
2025-12-08 21:40:00,2025-12-08 21:45:00,SELL,4186.87,4198.24,4152.75,4187.83,FLIP,-1.16,S433 AI Gold Star 123 (Coppock),
2025-12-08 21:45:00,2025-12-08 23:10:00,BUY,4187.83,4176.67,4221.32,4187.13,FLIP,-0.9,S433 AI Gold Star 123 (Coppock),
2025-12-08 23:10:00,2025-12-08 23:30:00,SELL,4187.13,4193.53,4167.93,4193.53,SL,-6.6,S433 AI Gold Star 123 (Coppock),
2025-12-09 07:55:00,2025-12-09 08:00:00,SELL,4196.14,4199.94,4184.74,4196.36,FLIP,-0.42,S433 AI Gold Star 123 (Coppock),
2025-12-09 08:00:00,2025-12-09 08:05:00,BUY,4196.36,4192.49,4207.96,4194.93,FLIP,-1.63,S433 AI Gold Star 123 (Coppock),
2025-12-09 08:05:00,2025-12-09 09:00:00,SELL,4194.93,4198.78,4183.37,4191.35,FLIP,3.38,S433 AI Gold Star 123 (Coppock),
2025-12-09 09:00:00,2025-12-09 10:50:00,BUY,4191.35,4187.41,4203.16,4187.41,SL,-4.14,S433 AI Gold Star 123 (Coppock),
2025-12-09 11:35:00,2025-12-09 11:40:00,BUY,4182.94,4178.92,4195.0,4182.08,FLIP,-1.06,S433 AI Gold Star 123 (Coppock),
2025-12-09 11:40:00,2025-12-09 11:45:00,SELL,4182.08,4186.15,4169.86,4182.17,FLIP,-0.29,S433 AI Gold Star 123 (Coppock),
2025-12-09 11:45:00,2025-12-09 11:55:00,BUY,4182.17,4178.23,4193.99,4178.23,SL,-4.14,S433 AI Gold Star 123 (Coppock),
2025-12-09 12:05:00,2025-12-09 12:25:00,SELL,4174.49,4178.68,4161.92,4178.58,FLIP,-4.29,S433 AI Gold Star 123 (Coppock),
2025-12-09 12:25:00,2025-12-09 13:20:00,BUY,4178.58,4173.73,4193.13,4177.29,FLIP,-1.49,S433 AI Gold Star 123 (Coppock),
2025-12-09 13:20:00,2025-12-09 13:50:00,SELL,4177.29,4181.84,4163.64,4181.84,SL,-4.75,S433 AI Gold Star 123 (Coppock),
2025-12-09 14:00:00,2025-12-09 15:05:00,BUY,4186.54,4182.2,4199.55,4199.55,TP,12.81,S433 AI Gold Star 123 (Coppock),
2025-12-09 15:35:00,2025-12-09 16:50:00,SELL,4203.74,4209.75,4185.72,4204.8,FLIP,-1.26,S433 AI Gold Star 123 (Coppock),
2025-12-09 16:50:00,2025-12-09 16:55:00,BUY,4204.8,4200.51,4217.66,4203.94,FLIP,-1.06,S433 AI Gold Star 123 (Coppock),
2025-12-09 16:55:00,2025-12-09 17:20:00,SELL,4203.94,4208.14,4191.33,4205.03,FLIP,-1.29,S433 AI Gold Star 123 (Coppock),
2025-12-09 17:20:00,2025-12-09 17:25:00,BUY,4205.03,4201.38,4215.98,4203.83,FLIP,-1.4,S433 AI Gold Star 123 (Coppock),
2025-12-09 17:25:00,2025-12-09 17:30:00,SELL,4203.83,4207.37,4193.21,4205.41,FLIP,-1.78,S433 AI Gold Star 123 (Coppock),
2025-12-09 17:30:00,2025-12-09 18:10:00,BUY,4205.41,4201.89,4215.96,4201.89,SL,-3.72,S433 AI Gold Star 123 (Coppock),
2025-12-09 20:30:00,2025-12-09 21:05:00,BUY,4200.73,4193.22,4223.26,4193.99,FLIP,-6.94,S433 AI Gold Star 123 (Coppock),
2025-12-09 21:05:00,2025-12-09 21:10:00,SELL,4193.99,4203.57,4165.24,4195.38,FLIP,-1.59,S433 AI Gold Star 123 (Coppock),
2025-12-09 21:10:00,2025-12-09 22:50:00,BUY,4195.38,4185.43,4225.22,4214.66,FLIP,19.08,S433 AI Gold Star 123 (Coppock),
2025-12-09 22:50:00,2025-12-10 08:00:00,SELL,4214.66,4223.27,4188.82,4215.88,FLIP,-1.42,S433 AI Gold Star 123 (Coppock),
2025-12-10 08:00:00,2025-12-10 08:05:00,BUY,4215.88,4211.09,4230.24,4216.31,FLIP,0.23,S433 AI Gold Star 123 (Coppock),
2025-12-10 08:05:00,2025-12-10 08:40:00,SELL,4216.31,4221.1,4201.95,4217.65,FLIP,-1.54,S433 AI Gold Star 123 (Coppock),
2025-12-10 08:40:00,2025-12-10 08:45:00,BUY,4217.65,4213.73,4229.4,4216.37,FLIP,-1.48,S433 AI Gold Star 123 (Coppock),
2025-12-10 08:45:00,2025-12-10 08:50:00,SELL,4216.37,4220.24,4204.77,4215.94,FLIP,0.23,S433 AI Gold Star 123 (Coppock),
2025-12-10 08:50:00,2025-12-10 09:00:00,BUY,4215.94,4212.26,4226.97,4216.06,FLIP,-0.08,S433 AI Gold Star 123 (Coppock),
2025-12-10 09:00:00,2025-12-10 09:05:00,SELL,4216.06,4219.61,4205.42,4215.62,FLIP,0.24,S433 AI Gold Star 123 (Coppock),
2025-12-10 09:05:00,2025-12-10 09:10:00,BUY,4215.62,4212.19,4225.9,4210.07,FLIP,-5.75,S433 AI Gold Star 123 (Coppock),
2025-12-10 09:10:00,2025-12-10 10:05:00,SELL,4210.07,4213.75,4199.04,4208.14,FLIP,1.73,S433 AI Gold Star 123 (Coppock),
2025-12-10 10:05:00,2025-12-10 11:05:00,BUY,4208.14,4204.48,4219.13,4205.39,FLIP,-2.95,S433 AI Gold Star 123 (Coppock),
2025-12-10 11:05:00,2025-12-10 11:25:00,SELL,4205.39,4207.82,4198.1,4205.67,FLIP,-0.48,S433 AI Gold Star 123 (Coppock),
2025-12-10 11:25:00,2025-12-10 11:45:00,BUY,4205.67,4202.9,4213.99,4213.99,TP,8.12,S433 AI Gold Star 123 (Coppock),
2025-12-10 12:15:00,2025-12-10 13:05:00,SELL,4205.23,4209.31,4192.98,4209.31,SL,-4.28,S433 AI Gold Star 123 (Coppock),
2025-12-10 15:05:00,2025-12-10 15:10:00,BUY,4199.33,4194.75,4213.06,4197.91,FLIP,-1.62,S433 AI Gold Star 123 (Coppock),
2025-12-10 15:10:00,2025-12-10 15:25:00,SELL,4197.91,4202.31,4184.71,4197.89,FLIP,-0.18,S433 AI Gold Star 123 (Coppock),
2025-12-10 15:25:00,2025-12-10 15:30:00,BUY,4197.89,4193.81,4210.13,4196.49,FLIP,-1.6,S433 AI Gold Star 123 (Coppock),
2025-12-10 15:30:00,2025-12-10 15:35:00,SELL,4196.49,4200.49,4184.48,4195.94,FLIP,0.35,S433 AI Gold Star 123 (Coppock),
2025-12-10 15:35:00,2025-12-10 15:40:00,BUY,4195.94,4191.89,4208.08,4194.98,FLIP,-1.16,S433 AI Gold Star 123 (Coppock),
2025-12-10 15:40:00,2025-12-10 15:45:00,SELL,4194.98,4199.03,4182.84,4194.61,FLIP,0.17,S433 AI Gold Star 123 (Coppock),
2025-12-10 15:45:00,2025-12-10 16:00:00,BUY,4194.61,4190.65,4206.49,4192.72,FLIP,-2.09,S433 AI Gold Star 123 (Coppock),
2025-12-10 16:00:00,2025-12-10 16:05:00,SELL,4192.72,4196.28,4182.05,4193.55,FLIP,-1.03,S433 AI Gold Star 123 (Coppock),
2025-12-10 16:05:00,2025-12-10 16:20:00,BUY,4193.55,4189.98,4204.27,4192.55,FLIP,-1.2,S433 AI Gold Star 123 (Coppock),
2025-12-10 16:20:00,2025-12-10 16:25:00,SELL,4192.55,4196.02,4182.14,4191.8,FLIP,0.55,S433 AI Gold Star 123 (Coppock),
2025-12-10 16:25:00,2025-12-10 16:30:00,BUY,4191.8,4188.38,4202.07,4188.38,SL,-3.62,S433 AI Gold Star 123 (Coppock),
2025-12-10 21:25:00,2025-12-10 21:55:00,BUY,4196.55,4188.35,4221.14,4193.8,FLIP,-2.95,S433 AI Gold Star 123 (Coppock),
2025-12-10 21:55:00,2025-12-10 22:05:00,SELL,4193.8,4200.61,4173.38,4194.53,FLIP,-0.93,S433 AI Gold Star 123 (Coppock),
2025-12-10 22:05:00,2025-12-11 01:05:00,BUY,4194.53,4188.42,4212.85,4212.85,TP,18.12,S433 AI Gold Star 123 (Coppock),
2025-12-11 01:25:00,2025-12-11 01:30:00,SELL,4198.76,4209.14,4167.62,4209.55,FLIP,-10.99,S433 AI Gold Star 123 (Coppock),
2025-12-11 01:30:00,2025-12-11 01:35:00,BUY,4209.55,4197.39,4246.04,4197.39,SL,-12.36,S433 AI Gold Star 123 (Coppock),
2025-12-11 01:40:00,2025-12-11 01:50:00,SELL,4187.68,4204.08,4138.48,4204.5,FLIP,-17.02,S433 AI Gold Star 123 (Coppock),
2025-12-11 01:50:00,2025-12-11 02:55:00,BUY,4204.5,4185.85,4260.46,4230.02,FLIP,25.32,S433 AI Gold Star 123 (Coppock),
2025-12-11 02:55:00,2025-12-11 06:10:00,SELL,4230.02,4243.03,4190.98,4243.03,SL,-13.21,S433 AI Gold Star 123 (Coppock),
2025-12-11 06:45:00,2025-12-11 07:00:00,SELL,4239.56,4244.44,4224.93,4244.44,SL,-5.08,S433 AI Gold Star 123 (Coppock),
2025-12-11 07:50:00,2025-12-11 07:55:00,BUY,4239.16,4233.28,4256.79,4238.36,FLIP,-1.0,S433 AI Gold Star 123 (Coppock),
2025-12-11 07:55:00,2025-12-11 08:00:00,SELL,4238.36,4244.06,4221.27,4239.63,FLIP,-1.47,S433 AI Gold Star 123 (Coppock),
2025-12-11 08:00:00,2025-12-11 08:10:00,BUY,4239.63,4233.92,4256.75,4233.84,FLIP,-5.99,S433 AI Gold Star 123 (Coppock),
2025-12-11 08:10:00,2025-12-11 09:05:00,SELL,4233.84,4239.03,4218.28,4218.28,TP,15.36,S433 AI Gold Star 123 (Coppock),
2025-12-11 09:30:00,2025-12-11 10:40:00,BUY,4216.24,4209.26,4237.18,4211.71,FLIP,-4.73,S433 AI Gold Star 123 (Coppock),
2025-12-11 10:40:00,2025-12-11 11:00:00,SELL,4211.71,4215.84,4199.32,4215.92,FLIP,-4.41,S433 AI Gold Star 123 (Coppock),
2025-12-11 11:00:00,2025-12-11 11:05:00,BUY,4215.92,4211.79,4228.31,4214.73,FLIP,-1.39,S433 AI Gold Star 123 (Coppock),
2025-12-11 11:05:00,2025-12-11 11:30:00,SELL,4214.73,4218.81,4202.48,4211.21,FLIP,3.32,S433 AI Gold Star 123 (Coppock),
2025-12-11 11:30:00,2025-12-11 11:35:00,BUY,4211.21,4206.9,4224.13,4208.49,FLIP,-2.92,S433 AI Gold Star 123 (Coppock),
2025-12-11 11:35:00,2025-12-11 11:50:00,SELL,4208.49,4212.93,4195.18,4210.24,FLIP,-1.95,S433 AI Gold Star 123 (Coppock),
2025-12-11 11:50:00,2025-12-11 11:55:00,BUY,4210.24,4205.73,4223.76,4207.46,FLIP,-2.98,S433 AI Gold Star 123 (Coppock),
2025-12-11 11:55:00,2025-12-11 12:05:00,SELL,4207.46,4211.89,4194.18,4209.75,FLIP,-2.49,S433 AI Gold Star 123 (Coppock),
2025-12-11 12:05:00,2025-12-11 12:15:00,BUY,4209.75,4204.84,4224.49,4208.48,FLIP,-1.47,S433 AI Gold Star 123 (Coppock),
2025-12-11 12:15:00,2025-12-11 12:20:00,SELL,4208.48,4213.57,4193.22,4210.0,FLIP,-1.72,S433 AI Gold Star 123 (Coppock),
2025-12-11 12:20:00,2025-12-11 13:05:00,BUY,4210.0,4204.82,4225.53,4211.24,FLIP,1.04,S433 AI Gold Star 123 (Coppock),
2025-12-11 13:05:00,2025-12-11 13:10:00,SELL,4211.24,4215.86,4197.39,4212.52,FLIP,-1.48,S433 AI Gold Star 123 (Coppock),
2025-12-11 13:10:00,2025-12-11 13:15:00,BUY,4212.52,4208.0,4226.08,4213.04,FLIP,0.32,S433 AI Gold Star 123 (Coppock),
2025-12-11 13:15:00,2025-12-11 13:40:00,SELL,4213.04,4217.22,4200.51,4217.75,FLIP,-4.91,S433 AI Gold Star 123 (Coppock),
2025-12-11 13:40:00,2025-12-11 13:50:00,BUY,4217.75,4213.79,4229.64,4215.01,FLIP,-2.94,S433 AI Gold Star 123 (Coppock),
2025-12-11 13:50:00,2025-12-11 13:55:00,SELL,4215.01,4219.02,4202.98,4216.03,FLIP,-1.22,S433 AI Gold Star 123 (Coppock),
2025-12-11 13:55:00,2025-12-11 15:00:00,BUY,4216.03,4212.01,4228.08,4212.01,SL,-4.22,S433 AI Gold Star 123 (Coppock),
2025-12-11 16:20:00,2025-12-11 19:00:00,SELL,4216.65,4221.41,4202.38,4221.41,SL,-4.96,S433 AI Gold Star 123 (Coppock),
2025-12-11 20:45:00,2025-12-11 21:20:00,SELL,4232.5,4241.49,4205.52,4241.49,SL,-9.19,S433 AI Gold Star 123 (Coppock),
2025-12-11 21:40:00,2025-12-11 22:25:00,BUY,4254.72,4244.68,4284.84,4257.29,FLIP,2.37,S433 AI Gold Star 123 (Coppock),
2025-12-11 22:25:00,2025-12-11 22:45:00,SELL,4257.29,4265.88,4231.53,4274.19,FLIP,-17.1,S433 AI Gold Star 123 (Coppock),
2025-12-11 22:45:00,2025-12-11 22:50:00,BUY,4274.19,4264.6,4302.96,4273.23,FLIP,-1.16,S433 AI Gold Star 123 (Coppock),
2025-12-11 22:50:00,2025-12-11 23:00:00,SELL,4273.23,4282.3,4246.02,4274.94,FLIP,-1.91,S433 AI Gold Star 123 (Coppock),
2025-12-11 23:00:00,2025-12-11 23:25:00,BUY,4274.94,4266.08,4301.52,4276.08,FLIP,0.94,S433 AI Gold Star 123 (Coppock),
2025-12-11 23:25:00,2025-12-12 00:10:00,SELL,4276.08,4284.82,4249.85,4284.82,SL,-8.94,S433 AI Gold Star 123 (Coppock),
2025-12-12 00:40:00,2025-12-12 00:45:00,BUY,4282.65,4277.03,4299.5,4280.09,FLIP,-2.76,S433 AI Gold Star 123 (Coppock),
2025-12-12 00:45:00,2025-12-12 01:00:00,SELL,4280.09,4285.64,4263.45,4263.45,TP,16.44,S433 AI Gold Star 123 (Coppock),
2025-12-12 01:35:00,2025-12-12 02:05:00,BUY,4276.81,4268.88,4300.6,4268.88,SL,-8.13,S433 AI Gold Star 123 (Coppock),
2025-12-12 02:20:00,2025-12-12 02:30:00,SELL,4266.84,4272.67,4249.34,4272.52,FLIP,-5.88,S433 AI Gold Star 123 (Coppock),
2025-12-12 02:30:00,2025-12-12 07:00:00,BUY,4272.52,4266.7,4289.98,4266.7,SL,-6.02,S433 AI Gold Star 123 (Coppock),
2025-12-12 07:10:00,2025-12-12 07:20:00,BUY,4274.26,4268.84,4290.53,4268.84,SL,-5.62,S433 AI Gold Star 123 (Coppock),
2025-12-12 07:40:00,2025-12-12 12:10:00,BUY,4268.97,4262.9,4287.19,4277.89,FLIP,8.72,S433 AI Gold Star 123 (Coppock),
2025-12-12 12:10:00,2025-12-12 12:35:00,SELL,4277.89,4281.72,4266.39,4281.72,SL,-4.03,S433 AI Gold Star 123 (Coppock),
2025-12-12 13:05:00,2025-12-12 13:35:00,BUY,4287.16,4283.5,4298.15,4285.94,FLIP,-1.42,S433 AI Gold Star 123 (Coppock),
2025-12-12 13:35:00,2025-12-12 13:40:00,SELL,4285.94,4289.92,4274.0,4287.58,FLIP,-1.84,S433 AI Gold Star 123 (Coppock),
2025-12-12 13:40:00,2025-12-12 13:45:00,BUY,4287.58,4283.39,4300.16,4287.67,FLIP,-0.11,S433 AI Gold Star 123 (Coppock),
2025-12-12 13:45:00,2025-12-12 14:00:00,SELL,4287.67,4291.87,4275.06,4291.1,FLIP,-3.63,S433 AI Gold Star 123 (Coppock),
2025-12-12 14:00:00,2025-12-12 14:15:00,BUY,4291.1,4286.65,4304.45,4291.55,FLIP,0.25,S433 AI Gold Star 123 (Coppock),
2025-12-12 14:15:00,2025-12-12 14:20:00,SELL,4291.55,4296.29,4277.32,4293.29,FLIP,-1.94,S433 AI Gold Star 123 (Coppock),
2025-12-12 14:20:00,2025-12-12 14:50:00,BUY,4293.29,4288.61,4307.32,4307.32,TP,13.83,S433 AI Gold Star 123 (Coppock),
2025-12-12 15:25:00,2025-12-12 15:55:00,SELL,4313.51,4319.45,4295.7,4319.45,SL,-6.14,S433 AI Gold Star 123 (Coppock),
2025-12-12 16:30:00,2025-12-12 17:25:00,BUY,4323.14,4316.78,4342.22,4334.36,FLIP,11.02,S433 AI Gold Star 123 (Coppock),
2025-12-12 17:25:00,2025-12-12 19:00:00,SELL,4334.36,4340.76,4315.16,4332.31,FLIP,1.85,S433 AI Gold Star 123 (Coppock),
2025-12-12 19:00:00,2025-12-12 20:10:00,BUY,4332.31,4325.88,4351.6,4342.18,FLIP,9.67,S433 AI Gold Star 123 (Coppock),
2025-12-12 20:10:00,2025-12-12 20:50:00,SELL,4342.18,4349.7,4319.63,4349.7,SL,-7.72,S433 AI Gold Star 123 (Coppock),
2025-12-12 22:20:00,2025-12-12 22:40:00,BUY,4282.67,4259.76,4351.41,4259.76,SL,-23.11,S433 AI Gold Star 123 (Coppock),
2025-12-13 00:25:00,2025-12-13 03:35:00,SELL,4295.35,4304.16,4268.92,4304.16,SL,-9.01,S433 AI Gold Star 123 (Coppock),
2025-12-15 08:10:00,2025-12-15 08:30:00,SELL,4321.53,4327.95,4302.27,4327.95,SL,-6.62,S433 AI Gold Star 123 (Coppock),
2025-12-15 10:00:00,2025-12-15 10:30:00,BUY,4326.78,4322.43,4339.84,4324.65,FLIP,-2.33,S433 AI Gold Star 123 (Coppock),
2025-12-15 10:30:00,2025-12-15 11:20:00,SELL,4324.65,4328.12,4314.23,4328.12,SL,-3.67,S433 AI Gold Star 123 (Coppock),
2025-12-15 12:25:00,2025-12-15 14:00:00,SELL,4343.91,4349.3,4327.74,4340.79,FLIP,2.92,S433 AI Gold Star 123 (Coppock),
2025-12-15 14:00:00,2025-12-15 15:05:00,BUY,4340.79,4336.18,4354.61,4344.81,FLIP,3.82,S433 AI Gold Star 123 (Coppock),
2025-12-15 15:05:00,2025-12-15 15:10:00,SELL,4344.81,4348.72,4333.09,4349.08,FLIP,-4.47,S433 AI Gold Star 123 (Coppock),
2025-12-15 15:10:00,2025-12-15 15:15:00,BUY,4349.08,4344.92,4361.56,4346.85,FLIP,-2.43,S433 AI Gold Star 123 (Coppock),
2025-12-15 15:15:00,2025-12-15 16:45:00,SELL,4346.85,4350.99,4334.44,4340.45,FLIP,6.2,S433 AI Gold Star 123 (Coppock),
2025-12-15 16:45:00,2025-12-15 16:55:00,BUY,4340.45,4336.04,4353.69,4339.66,FLIP,-0.99,S433 AI Gold Star 123 (Coppock),
2025-12-15 16:55:00,2025-12-15 17:20:00,SELL,4339.66,4344.05,4326.49,4340.29,FLIP,-0.83,S433 AI Gold Star 123 (Coppock),
2025-12-15 17:20:00,2025-12-15 18:35:00,BUY,4340.29,4335.74,4353.93,4345.46,FLIP,4.97,S433 AI Gold Star 123 (Coppock),
2025-12-15 18:35:00,2025-12-15 19:05:00,SELL,4345.46,4348.6,4336.03,4336.03,TP,9.23,S433 AI Gold Star 123 (Coppock),
2025-12-15 20:35:00,2025-12-15 20:40:00,BUY,4332.26,4323.67,4358.02,4328.23,FLIP,-4.23,S433 AI Gold Star 123 (Coppock),
2025-12-15 20:40:00,2025-12-15 21:05:00,SELL,4328.23,4337.24,4301.2,4322.99,FLIP,5.04,S433 AI Gold Star 123 (Coppock),
2025-12-15 21:05:00,2025-12-15 21:15:00,BUY,4322.99,4311.97,4356.06,4314.99,FLIP,-8.2,S433 AI Gold Star 123 (Coppock),
2025-12-15 21:15:00,2025-12-15 21:20:00,SELL,4314.99,4326.47,4280.55,4319.1,FLIP,-4.31,S433 AI Gold Star 123 (Coppock),
2025-12-15 21:20:00,2025-12-15 21:25:00,BUY,4319.1,4306.4,4357.2,4314.33,FLIP,-4.97,S433 AI Gold Star 123 (Coppock),
2025-12-15 21:25:00,2025-12-15 21:30:00,SELL,4314.33,4327.57,4274.6,4322.4,FLIP,-8.27,S433 AI Gold Star 123 (Coppock),
2025-12-15 21:30:00,2025-12-15 22:00:00,BUY,4322.4,4308.5,4364.1,4307.71,FLIP,-14.89,S433 AI Gold Star 123 (Coppock),
2025-12-15 22:00:00,2025-12-15 22:55:00,SELL,4307.71,4320.45,4269.48,4297.63,FLIP,9.88,S433 AI Gold Star 123 (Coppock),
2025-12-15 22:55:00,2025-12-16 00:20:00,BUY,4297.63,4286.77,4330.21,4300.94,FLIP,3.11,S433 AI Gold Star 123 (Coppock),
2025-12-16 00:20:00,2025-12-16 00:25:00,SELL,4300.94,4306.22,4285.09,4306.49,FLIP,-5.75,S433 AI Gold Star 123 (Coppock),
2025-12-16 00:25:00,2025-12-16 00:35:00,BUY,4306.49,4300.88,4323.31,4308.37,FLIP,1.68,S433 AI Gold Star 123 (Coppock),
2025-12-16 00:35:00,2025-12-16 01:00:00,SELL,4308.37,4313.87,4291.87,4313.87,SL,-5.7,S433 AI Gold Star 123 (Coppock),
2025-12-16 01:20:00,2025-12-16 03:10:00,SELL,4311.55,4316.98,4295.27,4304.4,FLIP,6.95,S433 AI Gold Star 123 (Coppock),
2025-12-16 03:10:00,2025-12-16 08:50:00,BUY,4304.4,4298.91,4320.86,4298.91,SL,-5.69,S433 AI Gold Star 123 (Coppock),
2025-12-16 09:40:00,2025-12-16 10:50:00,BUY,4285.2,4276.46,4311.42,4288.09,FLIP,2.69,S433 AI Gold Star 123 (Coppock),
2025-12-16 10:50:00,2025-12-16 11:05:00,SELL,4288.09,4291.86,4276.79,4291.38,FLIP,-3.49,S433 AI Gold Star 123 (Coppock),
2025-12-16 11:05:00,2025-12-16 11:10:00,BUY,4291.38,4287.92,4301.76,4286.17,FLIP,-5.41,S433 AI Gold Star 123 (Coppock),
2025-12-16 11:10:00,2025-12-16 11:30:00,SELL,4286.17,4289.69,4275.62,4275.62,TP,10.35,S433 AI Gold Star 123 (Coppock),
2025-12-16 11:50:00,2025-12-16 13:25:00,BUY,4286.02,4280.23,4303.39,4280.23,SL,-5.99,S433 AI Gold Star 123 (Coppock),
2025-12-16 16:20:00,2025-12-16 16:25:00,BUY,4281.75,4277.19,4295.43,4277.79,FLIP,-4.16,S433 AI Gold Star 123 (Coppock),
2025-12-16 16:25:00,2025-12-16 16:40:00,SELL,4277.79,4282.62,4263.31,4279.07,FLIP,-1.48,S433 AI Gold Star 123 (Coppock),
2025-12-16 16:40:00,2025-12-16 17:25:00,BUY,4279.07,4273.91,4294.56,4273.91,SL,-5.36,S433 AI Gold Star 123 (Coppock),
2025-12-16 19:00:00,2025-12-16 19:05:00,SELL,4291.62,4296.63,4276.59,4296.63,SL,-5.21,S433 AI Gold Star 123 (Coppock),
2025-12-16 19:30:00,2025-12-16 19:40:00,BUY,4307.31,4301.56,4324.55,4304.18,FLIP,-3.33,S433 AI Gold Star 123 (Coppock),
2025-12-16 19:40:00,2025-12-16 19:45:00,SELL,4304.18,4311.05,4283.56,4303.64,FLIP,0.34,S433 AI Gold Star 123 (Coppock),
2025-12-16 19:45:00,2025-12-16 20:15:00,BUY,4303.64,4296.45,4325.2,4325.2,TP,21.36,S433 AI Gold Star 123 (Coppock),
2025-12-16 20:40:00,2025-12-16 22:35:00,SELL,4326.51,4336.47,4296.62,4296.62,TP,29.69,S433 AI Gold Star 123 (Coppock),
2025-12-16 23:00:00,2025-12-17 00:00:00,BUY,4305.94,4296.42,4334.51,4303.5,FLIP,-2.64,S433 AI Gold Star 123 (Coppock),
2025-12-17 00:00:00,2025-12-17 00:05:00,SELL,4303.5,4309.76,4284.73,4304.78,FLIP,-1.48,S433 AI Gold Star 123 (Coppock),
2025-12-17 00:05:00,2025-12-17 00:10:00,BUY,4304.78,4298.52,4323.57,4303.12,FLIP,-1.86,S433 AI Gold Star 123 (Coppock),
2025-12-17 00:10:00,2025-12-17 00:30:00,SELL,4303.12,4309.24,4284.76,4307.75,FLIP,-4.83,S433 AI Gold Star 123 (Coppock),
2025-12-17 00:30:00,2025-12-17 01:25:00,BUY,4307.75,4300.98,4328.05,4300.98,SL,-6.97,S433 AI Gold Star 123 (Coppock),
2025-12-17 03:35:00,2025-12-17 06:30:00,BUY,4304.47,4300.17,4317.36,4312.14,FLIP,7.47,S433 AI Gold Star 123 (Coppock),
2025-12-17 06:30:00,2025-12-17 07:00:00,SELL,4312.14,4314.97,4303.66,4314.97,SL,-3.03,S433 AI Gold Star 123 (Coppock),
2025-12-17 07:30:00,2025-12-17 08:05:00,BUY,4322.08,4317.58,4335.59,4319.45,FLIP,-2.83,S433 AI Gold Star 123 (Coppock),
2025-12-17 08:05:00,2025-12-17 09:15:00,SELL,4319.45,4325.6,4300.99,4317.35,FLIP,1.9,S433 AI Gold Star 123 (Coppock),
2025-12-17 09:15:00,2025-12-17 10:25:00,BUY,4317.35,4311.14,4335.98,4322.68,FLIP,5.13,S433 AI Gold Star 123 (Coppock),
2025-12-17 10:25:00,2025-12-17 10:35:00,SELL,4322.68,4326.33,4311.72,4326.87,FLIP,-4.39,S433 AI Gold Star 123 (Coppock),
2025-12-17 10:35:00,2025-12-17 11:00:00,BUY,4326.87,4322.66,4339.51,4329.11,FLIP,2.04,S433 AI Gold Star 123 (Coppock),
2025-12-17 11:00:00,2025-12-17 11:05:00,SELL,4329.11,4333.33,4316.46,4331.58,FLIP,-2.67,S433 AI Gold Star 123 (Coppock),
2025-12-17 11:05:00,2025-12-17 11:30:00,BUY,4331.58,4327.08,4345.08,4333.4,FLIP,1.62,S433 AI Gold Star 123 (Coppock),
2025-12-17 11:30:00,2025-12-17 11:35:00,SELL,4333.4,4338.76,4317.32,4338.17,FLIP,-4.97,S433 AI Gold Star 123 (Coppock),
2025-12-17 11:35:00,2025-12-17 11:50:00,BUY,4338.17,4332.44,4355.37,4336.64,FLIP,-1.73,S433 AI Gold Star 123 (Coppock),
2025-12-17 11:50:00,2025-12-17 13:20:00,SELL,4336.64,4342.12,4320.19,4320.19,TP,16.25,S433 AI Gold Star 123 (Coppock),
2025-12-17 13:25:00,2025-12-17 13:40:00,BUY,4323.07,4317.72,4339.11,4316.14,FLIP,-7.13,S433 AI Gold Star 123 (Coppock),
2025-12-17 13:40:00,2025-12-17 13:45:00,SELL,4316.14,4321.36,4300.48,4317.7,FLIP,-1.76,S433 AI Gold Star 123 (Coppock),
2025-12-17 13:45:00,2025-12-17 13:50:00,BUY,4317.7,4312.56,4333.12,4318.2,FLIP,0.3,S433 AI Gold Star 123 (Coppock),
2025-12-17 13:50:00,2025-12-17 13:55:00,SELL,4318.2,4323.33,4302.8,4317.92,FLIP,0.08,S433 AI Gold Star 123 (Coppock),
2025-12-17 13:55:00,2025-12-17 14:05:00,BUY,4317.92,4312.73,4333.5,4311.58,FLIP,-6.54,S433 AI Gold Star 123 (Coppock),
2025-12-17 14:05:00,2025-12-17 14:10:00,SELL,4311.58,4317.49,4293.85,4313.71,FLIP,-2.33,S433 AI Gold Star 123 (Coppock),
2025-12-17 14:10:00,2025-12-17 16:35:00,BUY,4313.71,4307.8,4331.45,4307.8,SL,-6.11,S433 AI Gold Star 123 (Coppock),
2025-12-17 20:10:00,2025-12-17 20:30:00,SELL,4327.31,4336.51,4299.72,4336.51,SL,-9.4,S433 AI Gold Star 123 (Coppock),
2025-12-17 21:00:00,2025-12-17 21:35:00,BUY,4341.77,4330.7,4374.99,4330.7,SL,-11.27,S433 AI Gold Star 123 (Coppock),
2025-12-17 22:30:00,2025-12-18 15:30:00,BUY,4326.62,4314.43,4363.18,4324.86,FLIP,-1.96,S433 AI Gold Star 123 (Coppock),
2025-12-18 15:30:00,2025-12-18 16:00:00,SELL,4324.86,4328.83,4312.94,4324.46,FLIP,0.2,S433 AI Gold Star 123 (Coppock),
2025-12-18 16:00:00,2025-12-18 17:20:00,BUY,4324.46,4320.22,4337.18,4326.15,FLIP,1.49,S433 AI Gold Star 123 (Coppock),
2025-12-18 17:20:00,2025-12-18 18:35:00,SELL,4326.15,4329.2,4316.99,4323.16,FLIP,2.79,S433 AI Gold Star 123 (Coppock),
2025-12-18 18:35:00,2025-12-18 18:45:00,BUY,4323.16,4319.86,4333.07,4321.73,FLIP,-1.63,S433 AI Gold Star 123 (Coppock),
2025-12-18 18:45:00,2025-12-18 18:55:00,SELL,4321.73,4325.02,4311.87,4320.85,FLIP,0.68,S433 AI Gold Star 123 (Coppock),
2025-12-18 18:55:00,2025-12-18 19:00:00,BUY,4320.85,4317.37,4331.29,4320.71,FLIP,-0.34,S433 AI Gold Star 123 (Coppock),
2025-12-18 19:00:00,2025-12-18 19:15:00,SELL,4320.71,4324.56,4309.16,4322.65,FLIP,-2.14,S433 AI Gold Star 123 (Coppock),
2025-12-18 19:15:00,2025-12-18 19:40:00,BUY,4322.65,4317.92,4336.84,4336.84,TP,13.99,S433 AI Gold Star 123 (Coppock),
2025-12-18 20:25:00,2025-12-18 21:35:00,SELL,4332.73,4341.47,4306.52,4341.47,SL,-8.94,S433 AI Gold Star 123 (Coppock),
2025-12-18 22:45:00,2025-12-18 23:05:00,SELL,4365.43,4376.4,4332.52,4332.52,TP,32.71,S433 AI Gold Star 123 (Coppock),
2025-12-18 23:55:00,2025-12-19 00:45:00,BUY,4333.28,4319.85,4373.58,4328.29,FLIP,-5.19,S433 AI Gold Star 123 (Coppock),
2025-12-19 00:45:00,2025-12-19 01:55:00,SELL,4328.29,4336.86,4302.58,4325.01,FLIP,3.08,S433 AI Gold Star 123 (Coppock),
2025-12-19 01:55:00,2025-12-19 07:20:00,BUY,4325.01,4318.41,4344.81,4317.77,FLIP,-7.44,S433 AI Gold Star 123 (Coppock),
2025-12-19 07:20:00,2025-12-19 07:45:00,SELL,4317.77,4323.33,4301.1,4319.44,FLIP,-1.87,S433 AI Gold Star 123 (Coppock),
2025-12-19 07:45:00,2025-12-19 08:40:00,BUY,4319.44,4311.8,4342.37,4315.99,FLIP,-3.65,S433 AI Gold Star 123 (Coppock),
2025-12-19 08:40:00,2025-12-19 09:25:00,SELL,4315.99,4321.86,4298.37,4319.31,FLIP,-3.52,S433 AI Gold Star 123 (Coppock),
2025-12-19 09:25:00,2025-12-19 10:20:00,BUY,4319.31,4313.81,4335.8,4318.45,FLIP,-1.06,S433 AI Gold Star 123 (Coppock),
2025-12-19 10:20:00,2025-12-19 10:55:00,SELL,4318.45,4322.51,4306.27,4322.51,SL,-4.26,S433 AI Gold Star 123 (Coppock),
2025-12-19 12:25:00,2025-12-19 14:40:00,SELL,4327.13,4330.93,4315.73,4330.93,SL,-4.0,S433 AI Gold Star 123 (Coppock),
2025-12-19 16:05:00,2025-12-19 16:25:00,BUY,4330.46,4327.0,4340.83,4327.34,FLIP,-3.32,S433 AI Gold Star 123 (Coppock),
2025-12-19 16:25:00,2025-12-19 19:05:00,SELL,4327.34,4331.19,4315.78,4331.19,SL,-4.05,S433 AI Gold Star 123 (Coppock),
2025-12-20 00:00:00,2025-12-20 00:20:00,SELL,4352.1,4357.92,4334.65,4354.85,FLIP,-2.95,S433 AI Gold Star 123 (Coppock),
2025-12-20 00:20:00,2025-12-20 00:25:00,BUY,4354.85,4350.05,4369.24,4354.44,FLIP,-0.61,S433 AI Gold Star 123 (Coppock),
2025-12-20 00:25:00,2025-12-20 02:40:00,SELL,4354.44,4359.05,4340.6,4340.6,TP,13.64,S433 AI Gold Star 123 (Coppock),
2025-12-20 02:55:00,2025-12-20 03:00:00,BUY,4339.75,4335.47,4352.6,4337.61,FLIP,-2.34,S433 AI Gold Star 123 (Coppock),
2025-12-20 03:00:00,2025-12-20 03:05:00,SELL,4337.61,4341.85,4324.88,4338.7,FLIP,-1.29,S433 AI Gold Star 123 (Coppock),
2025-12-20 03:05:00,2025-12-22 05:45:00,BUY,4338.7,4334.6,4351.01,4351.01,TP,12.11,S433 AI Gold Star 123 (Coppock),
2025-12-22 06:35:00,2025-12-22 07:00:00,SELL,4365.22,4371.21,4347.24,4371.21,SL,-6.19,S433 AI Gold Star 123 (Coppock),
2025-12-22 07:35:00,2025-12-22 08:15:00,BUY,4377.69,4370.64,4398.84,4380.09,FLIP,2.2,S433 AI Gold Star 123 (Coppock),
2025-12-22 08:15:00,2025-12-22 08:50:00,SELL,4380.09,4386.98,4359.41,4386.98,SL,-7.09,S433 AI Gold Star 123 (Coppock),
2025-12-22 09:15:00,2025-12-22 09:55:00,BUY,4389.86,4384.41,4406.22,4392.58,FLIP,2.52,S433 AI Gold Star 123 (Coppock),
2025-12-22 09:55:00,2025-12-22 10:05:00,SELL,4392.58,4397.3,4378.41,4394.75,FLIP,-2.37,S433 AI Gold Star 123 (Coppock),
2025-12-22 10:05:00,2025-12-22 10:10:00,BUY,4394.75,4390.28,4408.17,4396.66,FLIP,1.71,S433 AI Gold Star 123 (Coppock),
2025-12-22 10:10:00,2025-12-22 10:50:00,SELL,4396.66,4400.74,4384.43,4400.74,SL,-4.28,S433 AI Gold Star 123 (Coppock),
2025-12-22 11:10:00,2025-12-22 11:40:00,BUY,4401.23,4397.42,4412.67,4401.4,FLIP,-0.03,S433 AI Gold Star 123 (Coppock),
2025-12-22 11:40:00,2025-12-22 11:45:00,SELL,4401.4,4407.01,4384.57,4404.88,FLIP,-3.68,S433 AI Gold Star 123 (Coppock),
2025-12-22 11:45:00,2025-12-22 11:50:00,BUY,4404.88,4398.85,4422.96,4402.11,FLIP,-2.97,S433 AI Gold Star 123 (Coppock),
2025-12-22 11:50:00,2025-12-22 12:40:00,SELL,4402.11,4408.46,4383.07,4408.45,FLIP,-6.54,S433 AI Gold Star 123 (Coppock),
2025-12-22 12:40:00,2025-12-22 13:35:00,BUY,4408.45,4401.5,4429.3,4415.04,FLIP,6.39,S433 AI Gold Star 123 (Coppock),
2025-12-22 13:35:00,2025-12-22 15:00:00,SELL,4415.04,4421.51,4395.63,4409.45,FLIP,5.39,S433 AI Gold Star 123 (Coppock),
2025-12-22 15:00:00,2025-12-22 18:05:00,BUY,4409.45,4404.44,4424.48,4407.97,FLIP,-1.68,S433 AI Gold Star 123 (Coppock),
2025-12-22 18:05:00,2025-12-22 18:15:00,SELL,4407.97,4411.39,4397.71,4409.89,FLIP,-2.12,S433 AI Gold Star 123 (Coppock),
2025-12-22 18:15:00,2025-12-22 18:25:00,BUY,4409.89,4406.08,4421.33,4409.19,FLIP,-0.9,S433 AI Gold Star 123 (Coppock),
2025-12-22 18:25:00,2025-12-22 18:50:00,SELL,4409.19,4413.03,4397.67,4413.03,SL,-4.04,S433 AI Gold Star 123 (Coppock),
2025-12-22 19:20:00,2025-12-22 19:25:00,SELL,4414.0,4419.88,4396.36,4418.64,FLIP,-4.84,S433 AI Gold Star 123 (Coppock),
2025-12-22 19:25:00,2025-12-22 19:50:00,BUY,4418.64,4412.64,4436.64,4420.54,FLIP,1.7,S433 AI Gold Star 123 (Coppock),
2025-12-22 19:50:00,2025-12-22 20:15:00,SELL,4420.54,4427.61,4399.34,4427.6,FLIP,-7.26,S433 AI Gold Star 123 (Coppock),
2025-12-22 20:15:00,2025-12-22 20:20:00,BUY,4427.6,4420.47,4448.99,4428.47,FLIP,0.67,S433 AI Gold Star 123 (Coppock),
2025-12-22 20:20:00,2025-12-22 20:45:00,SELL,4428.47,4435.36,4407.81,4426.56,FLIP,1.71,S433 AI Gold Star 123 (Coppock),
2025-12-22 20:45:00,2025-12-22 20:50:00,BUY,4426.56,4418.41,4451.0,4426.5,FLIP,-0.26,S433 AI Gold Star 123 (Coppock),
2025-12-22 20:50:00,2025-12-22 21:30:00,SELL,4426.5,4434.82,4401.55,4424.97,FLIP,1.33,S433 AI Gold Star 123 (Coppock),
2025-12-22 21:30:00,2025-12-22 22:30:00,BUY,4424.97,4414.15,4457.43,4433.81,FLIP,8.64,S433 AI Gold Star 123 (Coppock),
2025-12-22 22:30:00,2025-12-22 23:10:00,SELL,4433.81,4441.19,4411.66,4441.19,SL,-7.58,S433 AI Gold Star 123 (Coppock),
2025-12-23 01:25:00,2025-12-23 03:25:00,BUY,4432.82,4428.35,4446.24,4446.24,TP,13.22,S433 AI Gold Star 123 (Coppock),
2025-12-23 03:50:00,2025-12-23 05:00:00,SELL,4444.97,4448.47,4434.48,4448.47,SL,-3.7,S433 AI Gold Star 123 (Coppock),
2025-12-23 05:05:00,2025-12-23 05:35:00,BUY,4452.21,4448.07,4464.64,4454.22,FLIP,1.81,S433 AI Gold Star 123 (Coppock),
2025-12-23 05:35:00,2025-12-23 05:40:00,SELL,4454.22,4458.86,4440.3,4458.27,FLIP,-4.25,S433 AI Gold Star 123 (Coppock),
2025-12-23 05:40:00,2025-12-23 06:20:00,BUY,4458.27,4453.3,4473.18,4465.07,FLIP,6.6,S433 AI Gold Star 123 (Coppock),
2025-12-23 06:20:00,2025-12-23 07:00:00,SELL,4465.07,4470.62,4448.42,4478.22,FLIP,-13.35,S433 AI Gold Star 123 (Coppock),
2025-12-23 07:00:00,2025-12-23 07:20:00,BUY,4478.22,4473.1,4493.59,4472.2,FLIP,-6.22,S433 AI Gold Star 123 (Coppock),
2025-12-23 07:20:00,2025-12-23 07:25:00,SELL,4472.2,4479.02,4451.73,4479.02,SL,-7.02,S433 AI Gold Star 123 (Coppock),
2025-12-23 07:30:00,2025-12-23 07:55:00,BUY,4482.68,4474.67,4506.71,4486.71,FLIP,3.83,S433 AI Gold Star 123 (Coppock),
2025-12-23 07:55:00,2025-12-23 08:30:00,SELL,4486.71,4495.61,4460.01,4492.71,FLIP,-6.2,S433 AI Gold Star 123 (Coppock),
2025-12-23 08:30:00,2025-12-23 08:45:00,BUY,4492.71,4485.07,4515.62,4489.95,FLIP,-2.96,S433 AI Gold Star 123 (Coppock),
2025-12-23 08:45:00,2025-12-23 08:55:00,SELL,4489.95,4497.04,4468.69,4493.41,FLIP,-3.66,S433 AI Gold Star 123 (Coppock),
2025-12-23 08:55:00,2025-12-23 09:00:00,BUY,4493.41,4486.41,4514.4,4492.73,FLIP,-0.88,S433 AI Gold Star 123 (Coppock),
2025-12-23 09:00:00,2025-12-23 11:30:00,SELL,4492.73,4499.62,4472.07,4482.7,FLIP,9.83,S433 AI Gold Star 123 (Coppock),
2025-12-23 11:30:00,2025-12-23 11:50:00,BUY,4482.7,4477.87,4497.2,4477.87,SL,-5.03,S433 AI Gold Star 123 (Coppock),
2025-12-23 11:55:00,2025-12-23 12:00:00,SELL,4475.27,4480.9,4458.37,4477.68,FLIP,-2.61,S433 AI Gold Star 123 (Coppock),
2025-12-23 12:00:00,2025-12-23 12:05:00,BUY,4477.68,4472.07,4494.51,4475.0,FLIP,-2.88,S433 AI Gold Star 123 (Coppock),
2025-12-23 12:05:00,2025-12-23 12:25:00,SELL,4475.0,4480.79,4457.63,4476.11,FLIP,-1.31,S433 AI Gold Star 123 (Coppock),
2025-12-23 12:25:00,2025-12-23 13:40:00,BUY,4476.11,4469.45,4496.1,4484.1,FLIP,7.79,S433 AI Gold Star 123 (Coppock),
2025-12-23 13:40:00,2025-12-23 13:45:00,SELL,4484.1,4487.83,4472.9,4488.04,FLIP,-4.14,S433 AI Gold Star 123 (Coppock),
2025-12-23 13:45:00,2025-12-23 13:55:00,BUY,4488.04,4484.07,4499.95,4486.76,FLIP,-1.48,S433 AI Gold Star 123 (Coppock),
2025-12-23 13:55:00,2025-12-23 14:35:00,SELL,4486.76,4490.79,4474.67,4490.63,FLIP,-4.07,S433 AI Gold Star 123 (Coppock),
2025-12-23 14:35:00,2025-12-23 14:40:00,BUY,4490.63,4486.4,4503.32,4491.93,FLIP,1.1,S433 AI Gold Star 123 (Coppock),
2025-12-23 14:40:00,2025-12-23 15:15:00,SELL,4491.93,4496.14,4479.31,4479.31,TP,12.42,S433 AI Gold Star 123 (Coppock),
2025-12-23 16:00:00,2025-12-23 18:05:00,BUY,4483.87,4478.85,4498.92,4487.47,FLIP,3.4,S433 AI Gold Star 123 (Coppock),
2025-12-23 18:05:00,2025-12-23 19:00:00,SELL,4487.47,4491.16,4476.39,4491.16,SL,-3.89,S433 AI Gold Star 123 (Coppock),
2025-12-23 21:10:00,2025-12-23 22:30:00,BUY,4448.57,4432.52,4496.73,4460.54,FLIP,11.77,S433 AI Gold Star 123 (Coppock),
2025-12-23 22:30:00,2025-12-23 22:35:00,SELL,4460.54,4468.64,4436.24,4462.08,FLIP,-1.74,S433 AI Gold Star 123 (Coppock),
2025-12-23 22:35:00,2025-12-23 23:15:00,BUY,4462.08,4454.88,4483.68,4474.33,FLIP,12.05,S433 AI Gold Star 123 (Coppock),
2025-12-23 23:15:00,2025-12-23 23:25:00,SELL,4474.33,4481.16,4453.83,4477.72,FLIP,-3.59,S433 AI Gold Star 123 (Coppock),
2025-12-23 23:25:00,2025-12-23 23:30:00,BUY,4477.72,4470.68,4498.84,4475.43,FLIP,-2.49,S433 AI Gold Star 123 (Coppock),
2025-12-23 23:30:00,2025-12-24 00:55:00,SELL,4475.43,4482.48,4454.27,4482.48,SL,-7.25,S433 AI Gold Star 123 (Coppock),
2025-12-24 01:45:00,2025-12-24 02:55:00,SELL,4490.69,4496.58,4473.01,4497.51,FLIP,-7.02,S433 AI Gold Star 123 (Coppock),
2025-12-24 02:55:00,2025-12-24 03:00:00,BUY,4497.51,4493.25,4510.28,4492.39,FLIP,-5.32,S433 AI Gold Star 123 (Coppock),
2025-12-24 03:00:00,2025-12-24 05:05:00,SELL,4492.39,4497.19,4477.98,4492.47,FLIP,-0.28,S433 AI Gold Star 123 (Coppock),
2025-12-24 05:05:00,2025-12-24 05:35:00,BUY,4492.47,4488.46,4504.49,4504.49,TP,11.82,S433 AI Gold Star 123 (Coppock),
2025-12-24 06:25:00,2025-12-24 07:20:00,SELL,4513.88,4522.13,4489.12,4524.46,FLIP,-10.78,S433 AI Gold Star 123 (Coppock),
2025-12-24 07:20:00,2025-12-24 07:25:00,BUY,4524.46,4515.77,4550.54,4521.64,FLIP,-3.02,S433 AI Gold Star 123 (Coppock),
2025-12-24 07:25:00,2025-12-24 07:45:00,SELL,4521.64,4530.53,4494.96,4521.9,FLIP,-0.46,S433 AI Gold Star 123 (Coppock),
2025-12-24 07:45:00,2025-12-24 07:50:00,BUY,4521.9,4512.84,4549.07,4521.55,FLIP,-0.55,S433 AI Gold Star 123 (Coppock),
2025-12-24 07:50:00,2025-12-24 08:55:00,SELL,4521.55,4530.45,4494.85,4494.85,TP,26.5,S433 AI Gold Star 123 (Coppock),
2025-12-24 09:15:00,2025-12-24 12:25:00,BUY,4495.47,4483.91,4530.15,4487.54,FLIP,-8.13,S433 AI Gold Star 123 (Coppock),
2025-12-24 12:25:00,2025-12-24 12:30:00,SELL,4487.54,4493.72,4469.01,4492.82,FLIP,-5.48,S433 AI Gold Star 123 (Coppock),
2025-12-24 12:30:00,2025-12-24 13:45:00,BUY,4492.82,4486.22,4512.62,4486.22,SL,-6.8,S433 AI Gold Star 123 (Coppock),
2025-12-24 14:20:00,2025-12-24 14:25:00,BUY,4488.95,4483.55,4505.16,4484.96,FLIP,-4.19,S433 AI Gold Star 123 (Coppock),
2025-12-24 14:25:00,2025-12-24 14:30:00,SELL,4484.96,4490.75,4467.58,4486.65,FLIP,-1.89,S433 AI Gold Star 123 (Coppock),
2025-12-24 14:30:00,2025-12-24 19:15:00,BUY,4486.65,4480.61,4504.76,4480.61,SL,-6.24,S433 AI Gold Star 123 (Coppock),
2025-12-24 19:40:00,2025-12-24 20:35:00,BUY,4485.14,4478.03,4506.47,4472.59,FLIP,-12.75,S433 AI Gold Star 123 (Coppock),
2025-12-24 20:35:00,2025-12-24 20:40:00,SELL,4472.59,4480.42,4449.1,4480.42,SL,-8.03,S433 AI Gold Star 123 (Coppock),
2025-12-24 21:30:00,2025-12-24 21:35:00,BUY,4466.25,4451.92,4509.23,4461.4,FLIP,-5.05,S433 AI Gold Star 123 (Coppock),
2025-12-24 21:35:00,2025-12-24 21:45:00,SELL,4461.4,4476.38,4416.45,4456.16,FLIP,5.04,S433 AI Gold Star 123 (Coppock),
2025-12-24 21:45:00,2025-12-24 23:20:00,BUY,4456.16,4442.06,4498.45,4478.59,FLIP,22.23,S433 AI Gold Star 123 (Coppock),
2025-12-24 23:20:00,2025-12-25 00:30:00,SELL,4478.59,4485.13,4458.98,4480.44,FLIP,-2.05,S433 AI Gold Star 123 (Coppock),
2025-12-25 00:30:00,2025-12-26 05:00:00,BUY,4480.44,4475.75,4494.52,4475.75,SL,-4.89,S433 AI Gold Star 123 (Coppock),
2025-12-26 05:55:00,2025-12-26 06:05:00,SELL,4495.14,4505.79,4463.2,4503.39,FLIP,-8.45,S433 AI Gold Star 123 (Coppock),
2025-12-26 06:05:00,2025-12-26 07:10:00,BUY,4503.39,4491.81,4538.12,4510.25,FLIP,6.66,S433 AI Gold Star 123 (Coppock),
2025-12-26 07:10:00,2025-12-26 12:40:00,SELL,4510.25,4519.07,4483.78,4519.07,SL,-9.02,S433 AI Gold Star 123 (Coppock),
2025-12-26 12:45:00,2025-12-26 15:00:00,SELL,4515.43,4520.16,4501.24,4520.16,SL,-4.93,S433 AI Gold Star 123 (Coppock),
2025-12-26 17:50:00,2025-12-26 18:55:00,BUY,4505.33,4498.81,4524.9,4508.84,FLIP,3.31,S433 AI Gold Star 123 (Coppock),
2025-12-26 18:55:00,2025-12-26 19:00:00,SELL,4508.84,4513.31,4495.44,4514.51,FLIP,-5.87,S433 AI Gold Star 123 (Coppock),
2025-12-26 19:00:00,2025-12-26 19:05:00,BUY,4514.51,4509.15,4530.59,4513.52,FLIP,-1.19,S433 AI Gold Star 123 (Coppock),
2025-12-26 19:05:00,2025-12-26 19:10:00,SELL,4513.52,4518.94,4497.26,4514.59,FLIP,-1.27,S433 AI Gold Star 123 (Coppock),
2025-12-26 19:10:00,2025-12-26 19:45:00,BUY,4514.59,4509.17,4530.84,4517.91,FLIP,3.12,S433 AI Gold Star 123 (Coppock),
2025-12-26 19:45:00,2025-12-26 19:55:00,SELL,4517.91,4525.05,4496.49,4525.05,SL,-7.34,S433 AI Gold Star 123 (Coppock),
2025-12-26 20:15:00,2025-12-26 20:25:00,SELL,4525.01,4531.92,4504.29,4529.45,FLIP,-4.64,S433 AI Gold Star 123 (Coppock),
2025-12-26 20:25:00,2025-12-26 20:30:00,BUY,4529.45,4522.09,4551.52,4531.13,FLIP,1.48,S433 AI Gold Star 123 (Coppock),
2025-12-26 20:30:00,2025-12-26 21:30:00,SELL,4531.13,4538.86,4507.93,4538.86,SL,-7.93,S433 AI Gold Star 123 (Coppock),
2025-12-26 22:10:00,2025-12-26 23:30:00,SELL,4539.0,4547.97,4512.08,4512.08,TP,26.72,S433 AI Gold Star 123 (Coppock),
2025-12-26 23:45:00,2025-12-26 23:50:00,BUY,4522.61,4512.0,4554.44,4514.28,FLIP,-8.53,S433 AI Gold Star 123 (Coppock),
2025-12-26 23:50:00,2025-12-26 23:55:00,SELL,4514.28,4525.65,4480.18,4519.21,FLIP,-5.13,S433 AI Gold Star 123 (Coppock),
2025-12-26 23:55:00,2025-12-29 06:20:00,BUY,4519.21,4507.8,4553.44,4507.8,SL,-11.61,S433 AI Gold Star 123 (Coppock),
2025-12-29 06:45:00,2025-12-29 07:55:00,BUY,4503.89,4486.39,4556.41,4497.21,FLIP,-6.88,S433 AI Gold Star 123 (Coppock),
2025-12-29 07:55:00,2025-12-29 08:00:00,SELL,4497.21,4510.32,4457.87,4508.67,FLIP,-11.66,S433 AI Gold Star 123 (Coppock),
2025-12-29 08:00:00,2025-12-29 08:05:00,BUY,4508.67,4495.18,4549.14,4508.02,FLIP,-0.85,S433 AI Gold Star 123 (Coppock),
2025-12-29 08:05:00,2025-12-29 08:20:00,SELL,4508.02,4521.27,4468.27,4510.53,FLIP,-2.71,S433 AI Gold Star 123 (Coppock),
2025-12-29 08:20:00,2025-12-29 12:25:00,BUY,4510.53,4499.1,4544.81,4499.1,SL,-11.63,S433 AI Gold Star 123 (Coppock),
2025-12-29 13:15:00,2025-12-29 14:25:00,BUY,4480.23,4463.73,4529.74,4479.98,FLIP,-0.45,S433 AI Gold Star 123 (Coppock),
2025-12-29 14:25:00,2025-12-29 15:35:00,SELL,4479.98,4490.6,4448.11,4464.6,FLIP,15.18,S433 AI Gold Star 123 (Coppock),
2025-12-29 15:35:00,2025-12-29 16:20:00,BUY,4464.6,4454.48,4494.97,4467.3,FLIP,2.5,S433 AI Gold Star 123 (Coppock),
2025-12-29 16:20:00,2025-12-29 17:15:00,SELL,4467.3,4474.35,4446.16,4464.77,FLIP,2.33,S433 AI Gold Star 123 (Coppock),
2025-12-29 17:15:00,2025-12-29 17:35:00,BUY,4464.77,4457.96,4485.19,4447.96,FLIP,-17.01,S433 AI Gold Star 123 (Coppock),
2025-12-29 17:35:00,2025-12-29 18:05:00,SELL,4447.96,4455.51,4425.32,4455.9,FLIP,-8.14,S433 AI Gold Star 123 (Coppock),
2025-12-29 18:05:00,2025-12-29 18:10:00,BUY,4455.9,4445.7,4486.5,4452.7,FLIP,-3.4,S433 AI Gold Star 123 (Coppock),
2025-12-29 18:10:00,2025-12-29 18:15:00,SELL,4452.7,4462.9,4422.1,4454.93,FLIP,-2.43,S433 AI Gold Star 123 (Coppock),
2025-12-29 18:15:00,2025-12-29 19:10:00,BUY,4454.93,4444.8,4485.33,4457.71,FLIP,2.58,S433 AI Gold Star 123 (Coppock),
2025-12-29 19:10:00,2025-12-29 19:40:00,SELL,4457.71,4465.18,4435.31,4435.31,TP,22.2,S433 AI Gold Star 123 (Coppock),
2025-12-29 20:40:00,2025-12-29 21:00:00,BUY,4373.69,4350.6,4442.97,4350.6,SL,-23.29,S433 AI Gold Star 123 (Coppock),
2025-12-29 21:05:00,2025-12-29 21:10:00,SELL,4343.83,4367.32,4273.36,4343.4,FLIP,0.23,S433 AI Gold Star 123 (Coppock),
2025-12-29 21:10:00,2025-12-29 21:20:00,BUY,4343.4,4321.05,4410.45,4315.81,FLIP,-27.79,S433 AI Gold Star 123 (Coppock),
2025-12-29 21:20:00,2025-12-29 21:30:00,SELL,4315.81,4339.88,4243.6,4328.04,FLIP,-12.43,S433 AI Gold Star 123 (Coppock),
2025-12-29 21:30:00,2025-12-29 23:05:00,BUY,4328.04,4303.57,4401.44,4330.51,FLIP,2.27,S433 AI Gold Star 123 (Coppock),
2025-12-29 23:05:00,2025-12-30 00:00:00,SELL,4330.51,4343.65,4291.08,4331.29,FLIP,-0.98,S433 AI Gold Star 123 (Coppock),
2025-12-30 00:00:00,2025-12-30 01:05:00,BUY,4331.29,4321.0,4362.17,4329.32,FLIP,-2.17,S433 AI Gold Star 123 (Coppock),
2025-12-30 01:05:00,2025-12-30 01:10:00,SELL,4329.32,4337.09,4306.01,4335.15,FLIP,-6.03,S433 AI Gold Star 123 (Coppock),
2025-12-30 01:10:00,2025-12-30 01:15:00,BUY,4335.15,4327.08,4359.36,4333.67,FLIP,-1.68,S433 AI Gold Star 123 (Coppock),
2025-12-30 01:15:00,2025-12-30 01:35:00,SELL,4333.67,4341.44,4310.37,4333.29,FLIP,0.18,S433 AI Gold Star 123 (Coppock),
2025-12-30 01:35:00,2025-12-30 01:45:00,BUY,4333.29,4326.72,4353.0,4331.68,FLIP,-1.81,S433 AI Gold Star 123 (Coppock),
2025-12-30 01:45:00,2025-12-30 01:55:00,SELL,4331.68,4337.69,4313.64,4336.79,FLIP,-5.31,S433 AI Gold Star 123 (Coppock),
2025-12-30 01:55:00,2025-12-30 02:20:00,BUY,4336.79,4330.82,4354.71,4337.49,FLIP,0.5,S433 AI Gold Star 123 (Coppock),
2025-12-30 02:20:00,2025-12-30 03:30:00,SELL,4337.49,4343.98,4318.01,4332.12,FLIP,5.17,S433 AI Gold Star 123 (Coppock),
2025-12-30 03:30:00,2025-12-30 03:35:00,BUY,4332.12,4324.61,4354.65,4328.64,FLIP,-3.68,S433 AI Gold Star 123 (Coppock),
2025-12-30 03:35:00,2025-12-30 03:45:00,SELL,4328.64,4336.12,4306.2,4332.12,FLIP,-3.68,S433 AI Gold Star 123 (Coppock),
2025-12-30 03:45:00,2025-12-30 05:15:00,BUY,4332.12,4325.77,4351.17,4329.95,FLIP,-2.37,S433 AI Gold Star 123 (Coppock),
2025-12-30 05:15:00,2025-12-30 05:25:00,SELL,4329.95,4337.86,4306.23,4334.1,FLIP,-4.35,S433 AI Gold Star 123 (Coppock),
2025-12-30 05:25:00,2025-12-30 05:35:00,BUY,4334.1,4325.76,4359.12,4331.46,FLIP,-2.84,S433 AI Gold Star 123 (Coppock),
2025-12-30 05:35:00,2025-12-30 05:45:00,SELL,4331.46,4339.76,4306.55,4339.76,SL,-8.5,S433 AI Gold Star 123 (Coppock),
2025-12-30 12:05:00,2025-12-30 13:45:00,SELL,4374.03,4381.08,4352.88,4381.08,SL,-7.25,S433 AI Gold Star 123 (Coppock),
2025-12-30 15:00:00,2025-12-30 17:10:00,BUY,4367.15,4358.51,4393.06,4386.93,FLIP,19.58,S433 AI Gold Star 123 (Coppock),
2025-12-30 17:10:00,2025-12-30 18:10:00,SELL,4386.93,4393.86,4366.14,4396.29,FLIP,-9.56,S433 AI Gold Star 123 (Coppock),
2025-12-30 18:10:00,2025-12-30 19:05:00,BUY,4396.29,4390.68,4413.11,4399.28,FLIP,2.79,S433 AI Gold Star 123 (Coppock),
2025-12-30 19:05:00,2025-12-30 19:30:00,SELL,4399.28,4406.54,4377.49,4377.49,TP,21.59,S433 AI Gold Star 123 (Coppock),
2025-12-30 20:10:00,2025-12-30 20:35:00,BUY,4386.19,4375.87,4417.16,4375.87,SL,-10.52,S433 AI Gold Star 123 (Coppock),
2025-12-30 20:40:00,2025-12-30 21:15:00,SELL,4371.71,4382.78,4338.49,4374.8,FLIP,-3.29,S433 AI Gold Star 123 (Coppock),
2025-12-30 21:15:00,2025-12-30 21:20:00,BUY,4374.8,4360.82,4416.75,4369.47,FLIP,-5.53,S433 AI Gold Star 123 (Coppock),
2025-12-30 21:20:00,2025-12-30 21:30:00,SELL,4369.47,4383.91,4326.14,4366.28,FLIP,2.99,S433 AI Gold Star 123 (Coppock),
2025-12-30 21:30:00,2025-12-30 22:05:00,BUY,4366.28,4351.29,4411.25,4356.04,FLIP,-10.44,S433 AI Gold Star 123 (Coppock),
2025-12-30 22:05:00,2025-12-30 22:15:00,SELL,4356.04,4368.04,4320.04,4366.85,FLIP,-11.01,S433 AI Gold Star 123 (Coppock),
2025-12-30 22:15:00,2025-12-31 01:45:00,BUY,4366.85,4355.09,4402.12,4355.09,SL,-11.96,S433 AI Gold Star 123 (Coppock),
2025-12-31 02:25:00,2025-12-31 02:55:00,BUY,4350.48,4340.87,4379.31,4340.87,SL,-9.81,S433 AI Gold Star 123 (Coppock),
2025-12-31 03:25:00,2025-12-31 03:40:00,SELL,4346.53,4353.22,4326.46,4348.85,FLIP,-2.52,S433 AI Gold Star 123 (Coppock),
2025-12-31 03:40:00,2025-12-31 03:45:00,BUY,4348.85,4343.08,4366.16,4346.49,FLIP,-2.56,S433 AI Gold Star 123 (Coppock),
2025-12-31 03:45:00,2025-12-31 05:05:00,SELL,4346.49,4352.37,4328.84,4343.52,FLIP,2.77,S433 AI Gold Star 123 (Coppock),
2025-12-31 05:05:00,2025-12-31 05:15:00,BUY,4343.52,4337.74,4360.87,4340.22,FLIP,-3.5,S433 AI Gold Star 123 (Coppock),
2025-12-31 05:15:00,2025-12-31 05:40:00,SELL,4340.22,4346.1,4322.58,4339.54,FLIP,0.48,S433 AI Gold Star 123 (Coppock),
2025-12-31 05:40:00,2025-12-31 05:45:00,BUY,4339.54,4330.61,4366.34,4334.93,FLIP,-4.81,S433 AI Gold Star 123 (Coppock),
2025-12-31 05:45:00,2025-12-31 05:50:00,SELL,4334.93,4344.31,4306.78,4337.3,FLIP,-2.57,S433 AI Gold Star 123 (Coppock),
2025-12-31 05:50:00,2025-12-31 06:30:00,BUY,4337.3,4327.76,4365.93,4335.05,FLIP,-2.45,S433 AI Gold Star 123 (Coppock),
2025-12-31 06:30:00,2025-12-31 06:35:00,SELL,4335.05,4343.45,4309.85,4343.35,FLIP,-8.5,S433 AI Gold Star 123 (Coppock),
2025-12-31 06:35:00,2025-12-31 06:45:00,BUY,4343.35,4334.83,4368.92,4337.09,FLIP,-6.46,S433 AI Gold Star 123 (Coppock),
2025-12-31 06:45:00,2025-12-31 06:50:00,SELL,4337.09,4344.42,4315.09,4340.84,FLIP,-3.95,S433 AI Gold Star 123 (Coppock),
2025-12-31 06:50:00,2025-12-31 07:30:00,BUY,4340.84,4333.32,4363.41,4363.41,TP,22.37,S433 AI Gold Star 123 (Coppock),
2025-12-31 08:05:00,2025-12-31 09:30:00,SELL,4366.93,4376.6,4337.92,4353.67,FLIP,13.06,S433 AI Gold Star 123 (Coppock),
2025-12-31 09:30:00,2025-12-31 09:35:00,BUY,4353.67,4341.71,4389.55,4350.67,FLIP,-3.2,S433 AI Gold Star 123 (Coppock),
2025-12-31 09:35:00,2025-12-31 09:40:00,SELL,4350.67,4362.63,4314.78,4352.0,FLIP,-1.53,S433 AI Gold Star 123 (Coppock),
2025-12-31 09:40:00,2025-12-31 09:50:00,BUY,4352.0,4340.25,4387.26,4348.27,FLIP,-3.93,S433 AI Gold Star 123 (Coppock),
2025-12-31 09:50:00,2025-12-31 09:55:00,SELL,4348.27,4359.53,4314.5,4348.6,FLIP,-0.53,S433 AI Gold Star 123 (Coppock),
2025-12-31 09:55:00,2025-12-31 10:40:00,BUY,4348.6,4338.76,4378.12,4343.29,FLIP,-5.51,S433 AI Gold Star 123 (Coppock),
2025-12-31 10:40:00,2025-12-31 10:45:00,SELL,4343.29,4349.1,4325.87,4344.26,FLIP,-1.17,S433 AI Gold Star 123 (Coppock),
2025-12-31 10:45:00,2025-12-31 10:50:00,BUY,4344.26,4338.51,4361.5,4340.03,FLIP,-4.43,S433 AI Gold Star 123 (Coppock),
2025-12-31 10:50:00,2025-12-31 11:20:00,SELL,4340.03,4346.02,4322.06,4337.45,FLIP,2.38,S433 AI Gold Star 123 (Coppock),
2025-12-31 11:20:00,2025-12-31 11:30:00,BUY,4337.45,4330.79,4357.44,4333.33,FLIP,-4.32,S433 AI Gold Star 123 (Coppock),
2025-12-31 11:30:00,2025-12-31 11:45:00,SELL,4333.33,4340.66,4311.35,4311.35,TP,21.78,S433 AI Gold Star 123 (Coppock),
2025-12-31 12:25:00,2025-12-31 13:35:00,BUY,4307.45,4288.96,4362.92,4332.8,FLIP,25.15,S433 AI Gold Star 123 (Coppock),
2025-12-31 13:35:00,2025-12-31 14:55:00,SELL,4332.8,4341.78,4305.87,4305.87,TP,26.73,S433 AI Gold Star 123 (Coppock),
2025-12-31 15:05:00,2025-12-31 16:30:00,BUY,4316.03,4307.68,4341.07,4307.68,SL,-8.55,S433 AI Gold Star 123 (Coppock),
2025-12-31 17:05:00,2025-12-31 18:15:00,BUY,4312.69,4303.84,4339.25,4307.65,FLIP,-5.24,S433 AI Gold Star 123 (Coppock),
2025-12-31 18:15:00,2025-12-31 18:35:00,SELL,4307.65,4313.9,4288.91,4314.86,FLIP,-7.41,S433 AI Gold Star 123 (Coppock),
2025-12-31 18:35:00,2025-12-31 19:05:00,BUY,4314.86,4308.16,4334.96,4308.16,SL,-6.9,S433 AI Gold Star 123 (Coppock),
2025-12-31 20:20:00,2025-12-31 20:45:00,SELL,4337.64,4347.54,4307.94,4347.54,SL,-10.1,S433 AI Gold Star 123 (Coppock),
2025-12-31 22:55:00,2026-01-01 01:30:00,BUY,4323.05,4314.27,4349.4,4314.27,SL,-8.98,S433 AI Gold Star 123 (Coppock),
2026-01-01 01:40:00,2026-01-01 01:45:00,BUY,4310.97,4304.41,4330.64,4310.45,FLIP,-0.72,S433 AI Gold Star 123 (Coppock),
2026-01-01 01:45:00,2026-01-01 01:55:00,SELL,4310.45,4316.83,4291.31,4311.52,FLIP,-1.27,S433 AI Gold Star 123 (Coppock),
2026-01-01 01:55:00,2026-01-01 02:00:00,BUY,4311.52,4305.71,4328.94,4305.82,FLIP,-5.9,S433 AI Gold Star 123 (Coppock),
2026-01-01 02:00:00,2026-01-01 02:10:00,SELL,4305.82,4311.92,4287.51,4315.13,FLIP,-9.51,S433 AI Gold Star 123 (Coppock),
2026-01-01 02:10:00,2026-01-01 02:50:00,BUY,4315.13,4308.4,4335.33,4310.45,FLIP,-4.88,S433 AI Gold Star 123 (Coppock),
2026-01-01 02:50:00,2026-01-01 02:55:00,SELL,4310.45,4318.98,4284.85,4313.24,FLIP,-2.99,S433 AI Gold Star 123 (Coppock),
2026-01-01 02:55:00,2026-01-01 03:05:00,BUY,4313.24,4304.58,4339.23,4312.9,FLIP,-0.54,S433 AI Gold Star 123 (Coppock),
2026-01-01 03:05:00,2026-01-02 05:10:00,SELL,4312.9,4321.59,4286.82,4321.59,SL,-8.89,S433 AI Gold Star 123 (Coppock),
2026-01-02 06:05:00,2026-01-02 07:30:00,SELL,4350.3,4358.47,4325.8,4349.68,FLIP,0.42,S433 AI Gold Star 123 (Coppock),
2026-01-02 07:30:00,2026-01-02 07:35:00,BUY,4349.68,4343.19,4369.14,4348.89,FLIP,-0.99,S433 AI Gold Star 123 (Coppock),
2026-01-02 07:35:00,2026-01-02 07:45:00,SELL,4348.89,4355.08,4330.32,4352.26,FLIP,-3.57,S433 AI Gold Star 123 (Coppock),
2026-01-02 07:45:00,2026-01-02 07:50:00,BUY,4352.26,4345.55,4372.39,4350.34,FLIP,-2.12,S433 AI Gold Star 123 (Coppock),
2026-01-02 07:50:00,2026-01-02 08:00:00,SELL,4350.34,4357.07,4330.14,4350.22,FLIP,-0.08,S433 AI Gold Star 123 (Coppock),
2026-01-02 08:00:00,2026-01-02 08:05:00,BUY,4350.22,4343.35,4370.84,4347.87,FLIP,-2.55,S433 AI Gold Star 123 (Coppock),
2026-01-02 08:05:00,2026-01-02 08:15:00,SELL,4347.87,4354.58,4327.73,4347.63,FLIP,0.04,S433 AI Gold Star 123 (Coppock),
2026-01-02 08:15:00,2026-01-02 09:05:00,BUY,4347.63,4341.85,4364.98,4364.98,TP,17.15,S433 AI Gold Star 123 (Coppock),
2026-01-02 09:45:00,2026-01-02 11:05:00,SELL,4373.54,4379.29,4356.3,4377.53,FLIP,-4.19,S433 AI Gold Star 123 (Coppock),
2026-01-02 11:05:00,2026-01-02 12:00:00,BUY,4377.53,4373.0,4391.12,4377.42,FLIP,-0.31,S433 AI Gold Star 123 (Coppock),
2026-01-02 12:00:00,2026-01-02 13:10:00,SELL,4377.42,4381.55,4365.04,4377.62,FLIP,-0.4,S433 AI Gold Star 123 (Coppock),
2026-01-02 13:10:00,2026-01-02 13:20:00,BUY,4377.62,4372.96,4391.61,4372.61,FLIP,-5.21,S433 AI Gold Star 123 (Coppock),
2026-01-02 13:20:00,2026-01-02 13:30:00,SELL,4372.61,4377.3,4358.55,4377.3,SL,-4.89,S433 AI Gold Star 123 (Coppock),
2026-01-02 14:55:00,2026-01-02 16:35:00,SELL,4386.98,4392.7,4369.82,4392.7,SL,-5.92,S433 AI Gold Star 123 (Coppock),
2026-01-02 17:25:00,2026-01-02 19:10:00,SELL,4394.4,4399.33,4379.62,4399.33,SL,-5.13,S433 AI Gold Star 123 (Coppock),
2026-01-02 20:15:00,2026-01-02 20:30:00,BUY,4371.98,4361.08,4404.67,4361.08,SL,-11.1,S433 AI Gold Star 123 (Coppock),
2026-01-02 20:35:00,2026-01-02 20:40:00,SELL,4351.28,4361.72,4319.97,4356.38,FLIP,-5.3,S433 AI Gold Star 123 (Coppock),
2026-01-02 20:40:00,2026-01-02 21:00:00,BUY,4356.38,4345.96,4387.64,4342.13,FLIP,-14.45,S433 AI Gold Star 123 (Coppock),
2026-01-02 21:00:00,2026-01-02 21:30:00,SELL,4342.13,4353.93,4306.72,4339.18,FLIP,2.75,S433 AI Gold Star 123 (Coppock),
2026-01-02 21:30:00,2026-01-02 22:00:00,BUY,4339.18,4324.49,4383.25,4327.56,FLIP,-11.82,S433 AI Gold Star 123 (Coppock),
2026-01-02 22:00:00,2026-01-02 22:05:00,SELL,4327.56,4340.99,4287.28,4326.8,FLIP,0.56,S433 AI Gold Star 123 (Coppock),
2026-01-02 22:05:00,2026-01-02 22:15:00,BUY,4326.8,4313.37,4367.1,4317.38,FLIP,-9.62,S433 AI Gold Star 123 (Coppock),
2026-01-02 22:15:00,2026-01-02 22:25:00,SELL,4317.38,4329.69,4280.44,4321.73,FLIP,-4.55,S433 AI Gold Star 123 (Coppock),
2026-01-02 22:25:00,2026-01-02 22:30:00,BUY,4321.73,4310.65,4354.97,4316.25,FLIP,-5.68,S433 AI Gold Star 123 (Coppock),
2026-01-02 22:30:00,2026-01-02 22:40:00,SELL,4316.25,4326.83,4284.5,4325.81,FLIP,-9.76,S433 AI Gold Star 123 (Coppock),
2026-01-02 22:40:00,2026-01-02 23:45:00,BUY,4325.81,4314.96,4358.36,4326.18,FLIP,0.17,S433 AI Gold Star 123 (Coppock),
2026-01-02 23:45:00,2026-01-03 00:50:00,SELL,4326.18,4333.71,4303.59,4315.15,FLIP,10.83,S433 AI Gold Star 123 (Coppock),
2026-01-03 00:50:00,2026-01-03 01:55:00,BUY,4315.15,4308.32,4335.63,4318.12,FLIP,2.77,S433 AI Gold Star 123 (Coppock),
2026-01-03 01:55:00,2026-01-03 02:20:00,SELL,4318.12,4323.56,4301.8,4323.56,SL,-5.64,S433 AI Gold Star 123 (Coppock),
2026-01-03 03:15:00,2026-01-03 03:50:00,SELL,4328.46,4333.13,4314.45,4333.13,SL,-4.87,S433 AI Gold Star 123 (Coppock),
2026-01-05 05:00:00,2026-01-05 05:55:00,BUY,4356.0,4348.73,4377.8,4372.62,FLIP,16.42,S433 AI Gold Star 123 (Coppock),
2026-01-05 05:55:00,2026-01-05 06:25:00,SELL,4372.62,4386.89,4329.82,4386.89,SL,-14.47,S433 AI Gold Star 123 (Coppock),
2026-01-05 06:35:00,2026-01-05 06:40:00,BUY,4395.24,4386.02,4422.9,4387.86,FLIP,-7.58,S433 AI Gold Star 123 (Coppock),
2026-01-05 06:40:00,2026-01-05 06:45:00,SELL,4387.86,4396.86,4360.86,4391.89,FLIP,-4.23,S433 AI Gold Star 123 (Coppock),
2026-01-05 06:45:00,2026-01-05 07:05:00,BUY,4391.89,4382.97,4418.64,4418.64,TP,26.55,S433 AI Gold Star 123 (Coppock),
2026-01-05 07:10:00,2026-01-05 08:25:00,SELL,4403.06,4416.42,4362.99,4402.33,FLIP,0.53,S433 AI Gold Star 123 (Coppock),
2026-01-05 08:25:00,2026-01-05 09:30:00,BUY,4402.33,4391.08,4436.07,4404.17,FLIP,1.64,S433 AI Gold Star 123 (Coppock),
2026-01-05 09:30:00,2026-01-05 10:25:00,SELL,4404.17,4411.52,4382.13,4404.87,FLIP,-0.9,S433 AI Gold Star 123 (Coppock),
2026-01-05 10:25:00,2026-01-05 10:30:00,BUY,4404.87,4399.18,4421.94,4405.06,FLIP,-0.01,S433 AI Gold Star 123 (Coppock),
2026-01-05 10:30:00,2026-01-05 10:35:00,SELL,4405.06,4410.69,4388.17,4405.64,FLIP,-0.78,S433 AI Gold Star 123 (Coppock),
2026-01-05 10:35:00,2026-01-05 12:25:00,BUY,4405.64,4400.19,4421.99,4421.99,TP,16.15,S433 AI Gold Star 123 (Coppock),
2026-01-05 12:55:00,2026-01-05 14:00:00,SELL,4420.4,4427.41,4399.37,4421.18,FLIP,-0.98,S433 AI Gold Star 123 (Coppock),
2026-01-05 14:00:00,2026-01-05 14:05:00,BUY,4421.18,4416.08,4436.47,4420.53,FLIP,-0.85,S433 AI Gold Star 123 (Coppock),
2026-01-05 14:05:00,2026-01-05 14:10:00,SELL,4420.53,4425.76,4404.85,4424.35,FLIP,-4.02,S433 AI Gold Star 123 (Coppock),
2026-01-05 14:10:00,2026-01-05 15:05:00,BUY,4424.35,4418.92,4440.63,4426.72,FLIP,2.17,S433 AI Gold Star 123 (Coppock),
2026-01-05 15:05:00,2026-01-05 15:15:00,SELL,4426.72,4432.24,4410.16,4431.65,FLIP,-5.13,S433 AI Gold Star 123 (Coppock),
2026-01-05 15:15:00,2026-01-05 15:25:00,BUY,4431.65,4426.1,4448.29,4432.47,FLIP,0.62,S433 AI Gold Star 123 (Coppock),
2026-01-05 15:25:00,2026-01-05 15:40:00,SELL,4432.47,4437.37,4417.78,4437.55,FLIP,-5.28,S433 AI Gold Star 123 (Coppock),
2026-01-05 15:40:00,2026-01-05 15:45:00,BUY,4437.55,4432.64,4452.27,4434.77,FLIP,-2.98,S433 AI Gold Star 123 (Coppock),
2026-01-05 15:45:00,2026-01-05 16:45:00,SELL,4434.77,4439.9,4419.39,4436.67,FLIP,-2.1,S433 AI Gold Star 123 (Coppock),
2026-01-05 16:45:00,2026-01-05 17:00:00,BUY,4436.67,4431.81,4451.24,4432.12,FLIP,-4.75,S433 AI Gold Star 123 (Coppock),
2026-01-05 17:00:00,2026-01-05 17:25:00,SELL,4432.12,4436.99,4417.52,4417.52,TP,14.4,S433 AI Gold Star 123 (Coppock),
2026-01-05 18:10:00,2026-01-05 18:40:00,BUY,4417.86,4410.32,4440.49,4409.84,FLIP,-8.22,S433 AI Gold Star 123 (Coppock),
2026-01-05 18:40:00,2026-01-05 18:50:00,SELL,4409.84,4415.64,4392.43,4410.52,FLIP,-0.88,S433 AI Gold Star 123 (Coppock),
2026-01-05 18:50:00,2026-01-05 18:55:00,BUY,4410.52,4404.23,4429.4,4409.77,FLIP,-0.95,S433 AI Gold Star 123 (Coppock),
2026-01-05 18:55:00,2026-01-05 19:00:00,SELL,4409.77,4415.99,4391.1,4415.38,FLIP,-5.81,S433 AI Gold Star 123 (Coppock),
2026-01-05 19:00:00,2026-01-05 19:05:00,BUY,4415.38,4408.84,4434.99,4408.84,SL,-6.74,S433 AI Gold Star 123 (Coppock),
2026-01-05 19:20:00,2026-01-05 19:30:00,SELL,4406.04,4414.62,4380.31,4408.51,FLIP,-2.67,S433 AI Gold Star 123 (Coppock),
2026-01-05 19:30:00,2026-01-05 20:55:00,BUY,4408.51,4398.14,4439.61,4436.46,FLIP,27.75,S433 AI Gold Star 123 (Coppock),
2026-01-05 20:55:00,2026-01-05 21:00:00,SELL,4436.46,4446.34,4406.83,4451.92,FLIP,-15.66,S433 AI Gold Star 123 (Coppock),
2026-01-05 21:00:00,2026-01-05 21:25:00,BUY,4451.92,4440.51,4486.16,4444.41,FLIP,-7.71,S433 AI Gold Star 123 (Coppock),
2026-01-05 21:25:00,2026-01-05 22:40:00,SELL,4444.41,4456.52,4408.08,4445.11,FLIP,-0.9,S433 AI Gold Star 123 (Coppock),
2026-01-05 22:40:00,2026-01-05 23:00:00,BUY,4445.11,4436.3,4471.55,4436.3,SL,-9.01,S433 AI Gold Star 123 (Coppock),
2026-01-06 05:15:00,2026-01-06 05:55:00,SELL,4451.96,4456.72,4437.67,4437.67,TP,14.09,S433 AI Gold Star 123 (Coppock),
2026-01-06 06:25:00,2026-01-06 06:30:00,BUY,4440.89,4434.9,4458.87,4436.42,FLIP,-4.67,S433 AI Gold Star 123 (Coppock),
2026-01-06 06:30:00,2026-01-06 06:40:00,SELL,4436.42,4443.03,4416.59,4436.58,FLIP,-0.36,S433 AI Gold Star 123 (Coppock),
2026-01-06 06:40:00,2026-01-06 07:00:00,BUY,4436.58,4430.37,4455.22,4430.37,SL,-6.41,S433 AI Gold Star 123 (Coppock),
2026-01-06 08:35:00,2026-01-06 09:10:00,SELL,4452.49,4459.86,4430.39,4459.86,SL,-7.57,S433 AI Gold Star 123 (Coppock),
2026-01-06 09:30:00,2026-01-06 10:05:00,BUY,4464.9,4458.27,4484.79,4465.45,FLIP,0.35,S433 AI Gold Star 123 (Coppock),
2026-01-06 10:05:00,2026-01-06 10:55:00,SELL,4465.45,4470.51,4450.26,4467.48,FLIP,-2.23,S433 AI Gold Star 123 (Coppock),
2026-01-06 10:55:00,2026-01-06 11:35:00,BUY,4467.48,4463.87,4478.32,4463.75,FLIP,-3.93,S433 AI Gold Star 123 (Coppock),
2026-01-06 11:35:00,2026-01-06 11:55:00,SELL,4463.75,4468.16,4450.51,4450.51,TP,13.04,S433 AI Gold Star 123 (Coppock),
2026-01-06 12:25:00,2026-01-06 15:10:00,BUY,4461.23,4454.46,4481.54,4454.46,SL,-6.97,S433 AI Gold Star 123 (Coppock),
2026-01-06 16:05:00,2026-01-06 18:15:00,BUY,4449.82,4442.37,4472.18,4461.78,FLIP,11.76,S433 AI Gold Star 123 (Coppock),
2026-01-06 18:15:00,2026-01-06 18:20:00,SELL,4461.78,4466.32,4448.17,4465.12,FLIP,-3.54,S433 AI Gold Star 123 (Coppock),
2026-01-06 18:20:00,2026-01-06 18:25:00,BUY,4465.12,4460.32,4479.51,4464.41,FLIP,-0.91,S433 AI Gold Star 123 (Coppock),
2026-01-06 18:25:00,2026-01-06 19:15:00,SELL,4464.41,4469.21,4450.02,4469.21,SL,-5.0,S433 AI Gold Star 123 (Coppock),
2026-01-06 21:10:00,2026-01-06 23:05:00,SELL,4480.21,4489.91,4451.1,4489.91,SL,-9.9,S433 AI Gold Star 123 (Coppock),
2026-01-07 03:30:00,2026-01-07 03:40:00,BUY,4495.47,4491.64,4506.97,4496.2,FLIP,0.53,S433 AI Gold Star 123 (Coppock),
2026-01-07 03:40:00,2026-01-07 05:20:00,SELL,4496.2,4499.77,4485.5,4499.71,FLIP,-3.71,S433 AI Gold Star 123 (Coppock),
2026-01-07 05:20:00,2026-01-07 05:25:00,BUY,4499.71,4496.64,4508.93,4498.42,FLIP,-1.49,S433 AI Gold Star 123 (Coppock),
2026-01-07 05:25:00,2026-01-07 06:35:00,SELL,4498.42,4501.56,4489.01,4489.01,TP,9.21,S433 AI Gold Star 123 (Coppock),
2026-01-07 06:55:00,2026-01-07 07:00:00,BUY,4492.2,4486.18,4510.25,4483.37,FLIP,-9.03,S433 AI Gold Star 123 (Coppock),
2026-01-07 07:00:00,2026-01-07 07:55:00,SELL,4483.37,4490.58,4461.73,4461.73,TP,21.44,S433 AI Gold Star 123 (Coppock),
2026-01-07 08:00:00,2026-01-07 09:10:00,BUY,4467.34,4455.5,4502.85,4474.71,FLIP,7.17,S433 AI Gold Star 123 (Coppock),
2026-01-07 09:10:00,2026-01-07 09:15:00,SELL,4474.71,4480.87,4456.24,4479.93,FLIP,-5.42,S433 AI Gold Star 123 (Coppock),
2026-01-07 09:15:00,2026-01-07 09:20:00,BUY,4479.93,4473.47,4499.3,4479.28,FLIP,-0.85,S433 AI Gold Star 123 (Coppock),
2026-01-07 09:20:00,2026-01-07 11:00:00,SELL,4479.28,4485.56,4460.44,4463.95,FLIP,15.13,S433 AI Gold Star 123 (Coppock),
2026-01-07 11:00:00,2026-01-07 11:30:00,BUY,4463.95,4458.57,4480.08,4453.81,FLIP,-10.34,S433 AI Gold Star 123 (Coppock),
2026-01-07 11:30:00,2026-01-07 12:00:00,SELL,4453.81,4460.31,4434.32,4456.89,FLIP,-3.28,S433 AI Gold Star 123 (Coppock),
2026-01-07 12:00:00,2026-01-07 12:10:00,BUY,4456.89,4449.16,4480.07,4456.14,FLIP,-0.95,S433 AI Gold Star 123 (Coppock),
2026-01-07 12:10:00,2026-01-07 12:15:00,SELL,4456.14,4464.2,4431.96,4459.08,FLIP,-3.14,S433 AI Gold Star 123 (Coppock),
2026-01-07 12:15:00,2026-01-07 12:20:00,BUY,4459.08,4451.12,4482.95,4455.15,FLIP,-4.13,S433 AI Gold Star 123 (Coppock),
2026-01-07 12:20:00,2026-01-07 12:25:00,SELL,4455.15,4463.54,4429.99,4455.16,FLIP,-0.21,S433 AI Gold Star 123 (Coppock),
2026-01-07 12:25:00,2026-01-07 12:35:00,BUY,4455.16,4446.75,4480.38,4446.75,SL,-8.61,S433 AI Gold Star 123 (Coppock),
2026-01-07 12:55:00,2026-01-07 13:00:00,SELL,4444.2,4452.02,4420.73,4447.85,FLIP,-3.85,S433 AI Gold Star 123 (Coppock),
2026-01-07 13:00:00,2026-01-07 13:10:00,BUY,4447.85,4439.74,4472.17,4450.38,FLIP,2.33,S433 AI Gold Star 123 (Coppock),
2026-01-07 13:10:00,2026-01-07 13:15:00,SELL,4450.38,4457.76,4428.24,4451.15,FLIP,-0.97,S433 AI Gold Star 123 (Coppock),
2026-01-07 13:15:00,2026-01-07 14:25:00,BUY,4451.15,4443.73,4473.42,4465.21,FLIP,13.86,S433 AI Gold Star 123 (Coppock),
2026-01-07 14:25:00,2026-01-07 14:35:00,SELL,4465.21,4470.78,4448.5,4470.78,SL,-5.77,S433 AI Gold Star 123 (Coppock),
2026-01-07 18:20:00,2026-01-07 19:05:00,BUY,4447.49,4440.11,4469.63,4429.87,FLIP,-17.82,S433 AI Gold Star 123 (Coppock),
2026-01-07 19:05:00,2026-01-07 19:15:00,SELL,4429.87,4438.91,4402.74,4438.91,SL,-9.24,S433 AI Gold Star 123 (Coppock),
2026-01-07 19:20:00,2026-01-07 19:40:00,BUY,4442.25,4431.38,4474.87,4445.51,FLIP,3.06,S433 AI Gold Star 123 (Coppock),
2026-01-07 19:40:00,2026-01-07 19:45:00,SELL,4445.51,4456.42,4412.79,4447.13,FLIP,-1.82,S433 AI Gold Star 123 (Coppock),
2026-01-07 19:45:00,2026-01-07 20:35:00,BUY,4447.13,4436.06,4480.33,4436.06,SL,-11.27,S433 AI Gold Star 123 (Coppock),
2026-01-07 22:55:00,2026-01-08 07:05:00,SELL,4464.1,4472.57,4438.7,4459.39,FLIP,4.51,S433 AI Gold Star 123 (Coppock),
2026-01-08 07:05:00,2026-01-08 07:30:00,BUY,4459.39,4452.61,4479.74,4452.61,SL,-6.98,S433 AI Gold Star 123 (Coppock),
2026-01-08 07:50:00,2026-01-08 07:55:00,SELL,4444.57,4452.78,4419.95,4448.45,FLIP,-4.08,S433 AI Gold Star 123 (Coppock),
2026-01-08 07:55:00,2026-01-08 08:00:00,BUY,4448.45,4440.01,4473.78,4443.13,FLIP,-5.52,S433 AI Gold Star 123 (Coppock),
2026-01-08 08:00:00,2026-01-08 08:40:00,SELL,4443.13,4451.87,4416.9,4442.01,FLIP,0.92,S433 AI Gold Star 123 (Coppock),
2026-01-08 08:40:00,2026-01-08 08:45:00,BUY,4442.01,4433.93,4466.25,4437.77,FLIP,-4.44,S433 AI Gold Star 123 (Coppock),
2026-01-08 08:45:00,2026-01-08 08:50:00,SELL,4437.77,4446.03,4413.0,4441.51,FLIP,-3.94,S433 AI Gold Star 123 (Coppock),
2026-01-08 08:50:00,2026-01-08 09:50:00,BUY,4441.51,4433.74,4464.82,4440.12,FLIP,-1.59,S433 AI Gold Star 123 (Coppock),
2026-01-08 09:50:00,2026-01-08 09:55:00,SELL,4440.12,4446.15,4422.02,4440.26,FLIP,-0.34,S433 AI Gold Star 123 (Coppock),
2026-01-08 09:55:00,2026-01-08 10:00:00,BUY,4440.26,4434.64,4457.13,4438.14,FLIP,-2.32,S433 AI Gold Star 123 (Coppock),
2026-01-08 10:00:00,2026-01-08 11:20:00,SELL,4438.14,4443.46,4422.18,4429.04,FLIP,8.9,S433 AI Gold Star 123 (Coppock),
2026-01-08 11:20:00,2026-01-08 11:25:00,BUY,4429.04,4424.44,4442.84,4426.12,FLIP,-3.12,S433 AI Gold Star 123 (Coppock),
2026-01-08 11:25:00,2026-01-08 11:35:00,SELL,4426.12,4431.14,4411.06,4424.56,FLIP,1.36,S433 AI Gold Star 123 (Coppock),
2026-01-08 11:35:00,2026-01-08 11:40:00,BUY,4424.56,4418.8,4441.85,4418.63,FLIP,-6.13,S433 AI Gold Star 123 (Coppock),
2026-01-08 11:40:00,2026-01-08 11:55:00,SELL,4418.63,4425.21,4398.9,4425.63,FLIP,-7.2,S433 AI Gold Star 123 (Coppock),
2026-01-08 11:55:00,2026-01-08 12:00:00,BUY,4425.63,4417.87,4448.91,4418.66,FLIP,-7.17,S433 AI Gold Star 123 (Coppock),
2026-01-08 12:00:00,2026-01-08 12:05:00,SELL,4418.66,4427.29,4392.76,4419.6,FLIP,-1.14,S433 AI Gold Star 123 (Coppock),
2026-01-08 12:05:00,2026-01-08 13:20:00,BUY,4419.6,4410.6,4446.61,4433.76,FLIP,13.96,S433 AI Gold Star 123 (Coppock),
2026-01-08 13:20:00,2026-01-08 14:50:00,SELL,4433.76,4440.97,4412.14,4427.68,FLIP,5.88,S433 AI Gold Star 123 (Coppock),
2026-01-08 14:50:00,2026-01-08 18:00:00,BUY,4427.68,4420.48,4449.28,4420.48,SL,-7.4,S433 AI Gold Star 123 (Coppock),
2026-01-08 18:25:00,2026-01-08 21:05:00,BUY,4420.56,4413.6,4441.45,4441.45,TP,20.69,S433 AI Gold Star 123 (Coppock),
2026-01-08 22:35:00,2026-01-08 22:40:00,BUY,4463.19,4454.48,4489.31,4460.84,FLIP,-2.55,S433 AI Gold Star 123 (Coppock),
2026-01-08 22:40:00,2026-01-08 22:55:00,SELL,4460.84,4469.36,4435.27,4463.34,FLIP,-2.7,S433 AI Gold Star 123 (Coppock),
2026-01-08 22:55:00,2026-01-08 23:05:00,BUY,4463.34,4455.43,4487.08,4458.83,FLIP,-4.71,S433 AI Gold Star 123 (Coppock),
2026-01-08 23:05:00,2026-01-08 23:20:00,SELL,4458.83,4465.97,4437.4,4461.43,FLIP,-2.8,S433 AI Gold Star 123 (Coppock),
2026-01-08 23:20:00,2026-01-08 23:25:00,BUY,4461.43,4454.83,4481.22,4461.61,FLIP,-0.02,S433 AI Gold Star 123 (Coppock),
2026-01-08 23:25:00,2026-01-09 01:10:00,SELL,4461.61,4467.97,4442.53,4447.33,FLIP,14.08,S433 AI Gold Star 123 (Coppock),
2026-01-09 01:10:00,2026-01-09 02:20:00,BUY,4447.33,4442.3,4462.42,4462.42,TP,14.89,S433 AI Gold Star 123 (Coppock),
2026-01-09 03:10:00,2026-01-09 05:25:00,SELL,4477.91,4484.23,4458.96,4477.14,FLIP,0.57,S433 AI Gold Star 123 (Coppock),
2026-01-09 05:25:00,2026-01-09 05:40:00,BUY,4477.14,4472.51,4491.04,4475.84,FLIP,-1.5,S433 AI Gold Star 123 (Coppock),
2026-01-09 05:40:00,2026-01-09 06:50:00,SELL,4475.84,4480.13,4462.98,4462.98,TP,12.66,S433 AI Gold Star 123 (Coppock),
2026-01-09 07:20:00,2026-01-09 08:35:00,BUY,4456.3,4449.47,4476.78,4468.78,FLIP,12.28,S433 AI Gold Star 123 (Coppock),
2026-01-09 08:35:00,2026-01-09 12:35:00,SELL,4468.78,4475.43,4448.84,4475.43,SL,-6.85,S433 AI Gold Star 123 (Coppock),
2026-01-09 12:55:00,2026-01-09 13:00:00,SELL,4474.08,4478.66,4460.35,4474.54,FLIP,-0.66,S433 AI Gold Star 123 (Coppock),
2026-01-09 13:00:00,2026-01-09 13:10:00,BUY,4474.54,4469.81,4488.72,4471.35,FLIP,-3.39,S433 AI Gold Star 123 (Coppock),
2026-01-09 13:10:00,2026-01-09 14:05:00,SELL,4471.35,4476.01,4457.37,4476.01,SL,-4.86,S433 AI Gold Star 123 (Coppock),
2026-01-09 20:15:00,2026-01-09 20:20:00,SELL,4487.04,4500.52,4446.6,4493.84,FLIP,-7.0,S433 AI Gold Star 123 (Coppock),
2026-01-09 20:20:00,2026-01-09 20:25:00,BUY,4493.84,4479.94,4535.54,4494.45,FLIP,0.41,S433 AI Gold Star 123 (Coppock),
2026-01-09 20:25:00,2026-01-09 21:20:00,SELL,4494.45,4508.15,4453.34,4508.15,SL,-13.9,S433 AI Gold Star 123 (Coppock),
2026-01-09 22:00:00,2026-01-10 00:30:00,SELL,4511.76,4521.94,4481.22,4501.08,FLIP,10.48,S433 AI Gold Star 123 (Coppock),
2026-01-10 00:30:00,2026-01-12 05:05:00,BUY,4501.08,4492.15,4527.86,4527.86,TP,26.58,S433 AI Gold Star 123 (Coppock),
2026-01-12 05:55:00,2026-01-12 06:05:00,SELL,4540.16,4548.48,4515.21,4550.16,FLIP,-10.2,S433 AI Gold Star 123 (Coppock),
2026-01-12 06:05:00,2026-01-12 06:10:00,BUY,4550.16,4540.61,4578.8,4553.69,FLIP,3.33,S433 AI Gold Star 123 (Coppock),
2026-01-12 06:10:00,2026-01-12 06:15:00,SELL,4553.69,4562.45,4527.42,4563.69,FLIP,-10.2,S433 AI Gold Star 123 (Coppock),
2026-01-12 06:15:00,2026-01-12 06:20:00,BUY,4563.69,4554.46,4591.37,4558.74,FLIP,-5.15,S433 AI Gold Star 123 (Coppock),
2026-01-12 06:20:00,2026-01-12 06:25:00,SELL,4558.74,4567.96,4531.09,4564.71,FLIP,-6.17,S433 AI Gold Star 123 (Coppock),
2026-01-12 06:25:00,2026-01-12 06:40:00,BUY,4564.71,4555.17,4593.33,4593.33,TP,28.42,S433 AI Gold Star 123 (Coppock),
2026-01-12 07:05:00,2026-01-12 08:25:00,SELL,4586.31,4601.63,4540.34,4566.28,FLIP,19.83,S433 AI Gold Star 123 (Coppock),
2026-01-12 08:25:00,2026-01-12 09:30:00,BUY,4566.28,4556.76,4594.85,4576.34,FLIP,9.86,S433 AI Gold Star 123 (Coppock),
2026-01-12 09:30:00,2026-01-12 10:40:00,SELL,4576.34,4583.21,4555.73,4568.02,FLIP,8.12,S433 AI Gold Star 123 (Coppock),
2026-01-12 10:40:00,2026-01-12 12:00:00,BUY,4568.02,4562.12,4585.72,4577.29,FLIP,9.07,S433 AI Gold Star 123 (Coppock),
2026-01-12 12:00:00,2026-01-12 13:10:00,SELL,4577.29,4583.25,4559.42,4583.25,SL,-6.16,S433 AI Gold Star 123 (Coppock),
2026-01-12 15:35:00,2026-01-12 18:20:00,SELL,4593.6,4599.52,4575.83,4582.32,FLIP,11.08,S433 AI Gold Star 123 (Coppock),
2026-01-12 18:20:00,2026-01-12 19:05:00,BUY,4582.32,4576.53,4599.69,4599.69,TP,17.17,S433 AI Gold Star 123 (Coppock),
2026-01-12 19:55:00,2026-01-12 20:25:00,SELL,4615.78,4624.22,4590.46,4590.46,TP,25.12,S433 AI Gold Star 123 (Coppock),
2026-01-12 20:35:00,2026-01-12 20:40:00,BUY,4610.72,4597.1,4651.59,4604.24,FLIP,-6.68,S433 AI Gold Star 123 (Coppock),
2026-01-12 20:40:00,2026-01-12 20:55:00,SELL,4604.24,4618.38,4561.82,4602.15,FLIP,1.89,S433 AI Gold Star 123 (Coppock),
2026-01-12 20:55:00,2026-01-12 21:45:00,BUY,4602.15,4587.6,4645.8,4622.15,FLIP,19.8,S433 AI Gold Star 123 (Coppock),
2026-01-12 21:45:00,2026-01-13 00:55:00,SELL,4622.15,4633.02,4589.54,4610.84,FLIP,11.11,S433 AI Gold Star 123 (Coppock),
2026-01-13 00:55:00,2026-01-13 02:05:00,BUY,4610.84,4603.49,4632.88,4603.49,SL,-7.55,S433 AI Gold Star 123 (Coppock),
2026-01-13 03:00:00,2026-01-13 05:10:00,BUY,4592.31,4584.91,4614.51,4578.72,FLIP,-13.79,S433 AI Gold Star 123 (Coppock),
2026-01-13 05:10:00,2026-01-13 05:15:00,SELL,4578.72,4585.36,4558.8,4585.36,SL,-6.84,S433 AI Gold Star 123 (Coppock),
2026-01-13 05:30:00,2026-01-13 05:35:00,BUY,4590.03,4582.21,4613.5,4587.32,FLIP,-2.91,S433 AI Gold Star 123 (Coppock),
2026-01-13 05:35:00,2026-01-13 05:45:00,SELL,4587.32,4595.5,4562.78,4589.72,FLIP,-2.6,S433 AI Gold Star 123 (Coppock),
2026-01-13 05:45:00,2026-01-13 07:30:00,BUY,4589.72,4581.04,4615.77,4581.04,SL,-8.88,S433 AI Gold Star 123 (Coppock),
2026-01-13 09:25:00,2026-01-13 09:35:00,SELL,4595.77,4600.93,4580.29,4597.53,FLIP,-1.96,S433 AI Gold Star 123 (Coppock),
2026-01-13 09:35:00,2026-01-13 09:40:00,BUY,4597.53,4592.62,4612.25,4593.98,FLIP,-3.75,S433 AI Gold Star 123 (Coppock),
2026-01-13 09:40:00,2026-01-13 10:15:00,SELL,4593.98,4598.52,4580.36,4598.52,SL,-4.74,S433 AI Gold Star 123 (Coppock),
2026-01-13 10:40:00,2026-01-13 11:05:00,BUY,4598.87,4595.27,4609.67,4594.22,FLIP,-4.85,S433 AI Gold Star 123 (Coppock),
2026-01-13 11:05:00,2026-01-13 11:20:00,SELL,4594.22,4597.87,4583.27,4597.87,SL,-3.85,S433 AI Gold Star 123 (Coppock),
2026-01-13 11:25:00,2026-01-13 11:30:00,BUY,4601.39,4597.34,4613.54,4590.97,FLIP,-10.62,S433 AI Gold Star 123 (Coppock),
2026-01-13 11:30:00,2026-01-13 12:40:00,SELL,4590.97,4596.57,4574.18,4574.18,TP,16.59,S433 AI Gold Star 123 (Coppock),
2026-01-13 12:55:00,2026-01-13 15:00:00,BUY,4581.47,4574.95,4601.03,4591.07,FLIP,9.4,S433 AI Gold Star 123 (Coppock),
2026-01-13 15:00:00,2026-01-13 15:05:00,SELL,4591.07,4596.51,4574.75,4594.85,FLIP,-3.98,S433 AI Gold Star 123 (Coppock),
2026-01-13 15:05:00,2026-01-13 15:10:00,BUY,4594.85,4589.41,4611.18,4594.07,FLIP,-0.98,S433 AI Gold Star 123 (Coppock),
2026-01-13 15:10:00,2026-01-13 16:25:00,SELL,4594.07,4599.04,4579.15,4584.63,FLIP,9.24,S433 AI Gold Star 123 (Coppock),
2026-01-13 16:25:00,2026-01-13 18:20:00,BUY,4584.63,4580.32,4597.57,4580.32,SL,-4.51,S433 AI Gold Star 123 (Coppock),
2026-01-13 19:55:00,2026-01-13 20:20:00,SELL,4611.5,4621.41,4581.77,4621.41,SL,-10.11,S433 AI Gold Star 123 (Coppock),
2026-01-13 20:45:00,2026-01-13 20:50:00,BUY,4633.75,4623.26,4665.23,4624.18,FLIP,-9.77,S433 AI Gold Star 123 (Coppock),
2026-01-13 20:50:00,2026-01-13 20:55:00,SELL,4624.18,4635.08,4591.47,4629.85,FLIP,-5.87,S433 AI Gold Star 123 (Coppock),
2026-01-13 20:55:00,2026-01-13 21:00:00,BUY,4629.85,4618.51,4663.87,4619.2,FLIP,-10.85,S433 AI Gold Star 123 (Coppock),
2026-01-13 21:00:00,2026-01-13 22:10:00,SELL,4619.2,4631.55,4582.14,4612.46,FLIP,6.54,S433 AI Gold Star 123 (Coppock),
2026-01-13 22:10:00,2026-01-13 22:20:00,BUY,4612.46,4600.1,4649.54,4606.07,FLIP,-6.59,S433 AI Gold Star 123 (Coppock),
2026-01-13 22:20:00,2026-01-13 22:30:00,SELL,4606.07,4618.46,4568.9,4605.86,FLIP,0.01,S433 AI Gold Star 123 (Coppock),
2026-01-13 22:30:00,2026-01-13 23:05:00,BUY,4605.86,4594.18,4640.89,4611.39,FLIP,5.33,S433 AI Gold Star 123 (Coppock),
2026-01-13 23:05:00,2026-01-13 23:10:00,SELL,4611.39,4620.5,4584.07,4608.49,FLIP,2.7,S433 AI Gold Star 123 (Coppock),
2026-01-13 23:10:00,2026-01-13 23:40:00,BUY,4608.49,4599.67,4634.96,4604.58,FLIP,-4.11,S433 AI Gold Star 123 (Coppock),
2026-01-13 23:40:00,2026-01-14 00:15:00,SELL,4604.58,4611.43,4584.02,4584.02,TP,20.36,S433 AI Gold Star 123 (Coppock),
2026-01-14 00:35:00,2026-01-14 01:00:00,BUY,4599.29,4588.97,4630.25,4588.97,SL,-10.52,S433 AI Gold Star 123 (Coppock),
2026-01-14 01:40:00,2026-01-14 01:55:00,SELL,4596.0,4603.97,4572.09,4597.54,FLIP,-1.74,S433 AI Gold Star 123 (Coppock),
2026-01-14 01:55:00,2026-01-14 02:00:00,BUY,4597.54,4589.46,4621.77,4592.33,FLIP,-5.41,S433 AI Gold Star 123 (Coppock),
2026-01-14 02:00:00,2026-01-14 02:10:00,SELL,4592.33,4600.93,4566.53,4592.97,FLIP,-0.84,S433 AI Gold Star 123 (Coppock),
2026-01-14 02:10:00,2026-01-14 02:20:00,BUY,4592.97,4585.29,4616.0,4592.84,FLIP,-0.33,S433 AI Gold Star 123 (Coppock),
2026-01-14 02:20:00,2026-01-14 02:30:00,SELL,4592.84,4599.95,4571.5,4571.5,TP,21.14,S433 AI Gold Star 123 (Coppock),
2026-01-14 02:55:00,2026-01-14 03:05:00,BUY,4586.1,4576.2,4615.8,4586.37,FLIP,0.07,S433 AI Gold Star 123 (Coppock),
2026-01-14 03:05:00,2026-01-14 03:15:00,SELL,4586.37,4596.25,4556.72,4586.08,FLIP,0.09,S433 AI Gold Star 123 (Coppock),
2026-01-14 03:15:00,2026-01-14 03:55:00,BUY,4586.08,4576.56,4614.65,4586.1,FLIP,-0.18,S433 AI Gold Star 123 (Coppock),
2026-01-14 03:55:00,2026-01-14 05:00:00,SELL,4586.1,4590.87,4571.8,4592.06,FLIP,-6.16,S433 AI Gold Star 123 (Coppock),
2026-01-14 05:00:00,2026-01-14 06:05:00,BUY,4592.06,4587.2,4606.65,4606.65,TP,14.39,S433 AI Gold Star 123 (Coppock),
2026-01-14 06:20:00,2026-01-14 06:25:00,SELL,4603.63,4608.2,4589.91,4609.68,FLIP,-6.25,S433 AI Gold Star 123 (Coppock),
2026-01-14 06:25:00,2026-01-14 06:45:00,BUY,4609.68,4604.74,4624.51,4605.25,FLIP,-4.63,S433 AI Gold Star 123 (Coppock),
2026-01-14 06:45:00,2026-01-14 07:00:00,SELL,4605.25,4610.57,4589.29,4615.48,FLIP,-10.43,S433 AI Gold Star 123 (Coppock),
2026-01-14 07:00:00,2026-01-14 07:05:00,BUY,4615.48,4609.29,4634.06,4611.59,FLIP,-4.09,S433 AI Gold Star 123 (Coppock),
2026-01-14 07:05:00,2026-01-14 07:15:00,SELL,4611.59,4618.07,4592.14,4617.31,FLIP,-5.92,S433 AI Gold Star 123 (Coppock),
2026-01-14 07:15:00,2026-01-14 07:20:00,BUY,4617.31,4610.88,4636.61,4612.34,FLIP,-5.17,S433 AI Gold Star 123 (Coppock),
2026-01-14 07:20:00,2026-01-14 07:50:00,SELL,4612.34,4619.21,4591.72,4619.51,FLIP,-7.37,S433 AI Gold Star 123 (Coppock),
2026-01-14 07:50:00,2026-01-14 07:55:00,BUY,4619.51,4611.9,4642.35,4619.27,FLIP,-0.44,S433 AI Gold Star 123 (Coppock),
2026-01-14 07:55:00,2026-01-14 08:00:00,SELL,4619.27,4626.58,4597.33,4618.24,FLIP,0.83,S433 AI Gold Star 123 (Coppock),
2026-01-14 08:00:00,2026-01-14 08:05:00,BUY,4618.24,4610.79,4640.59,4614.7,FLIP,-3.74,S433 AI Gold Star 123 (Coppock),
2026-01-14 08:05:00,2026-01-14 08:30:00,SELL,4614.7,4622.3,4591.89,4622.3,SL,-7.8,S433 AI Gold Star 123 (Coppock),
2026-01-14 08:35:00,2026-01-14 08:45:00,BUY,4621.16,4615.31,4638.72,4621.96,FLIP,0.6,S433 AI Gold Star 123 (Coppock),
2026-01-14 08:45:00,2026-01-14 08:55:00,SELL,4621.96,4627.75,4604.59,4620.58,FLIP,1.18,S433 AI Gold Star 123 (Coppock),
2026-01-14 08:55:00,2026-01-14 09:05:00,BUY,4620.58,4615.21,4636.7,4619.16,FLIP,-1.62,S433 AI Gold Star 123 (Coppock),
2026-01-14 09:05:00,2026-01-14 09:35:00,SELL,4619.16,4624.38,4603.49,4624.38,SL,-5.42,S433 AI Gold Star 123 (Coppock),
2026-01-14 11:00:00,2026-01-14 11:10:00,BUY,4638.65,4634.17,4652.09,4634.0,FLIP,-4.85,S433 AI Gold Star 123 (Coppock),
2026-01-14 11:10:00,2026-01-14 11:20:00,SELL,4634.0,4638.54,4620.38,4633.73,FLIP,0.07,S433 AI Gold Star 123 (Coppock),
2026-01-14 11:20:00,2026-01-14 11:25:00,BUY,4633.73,4628.9,4648.23,4634.16,FLIP,0.23,S433 AI Gold Star 123 (Coppock),
2026-01-14 11:25:00,2026-01-14 11:30:00,SELL,4634.16,4639.02,4619.59,4638.38,FLIP,-4.42,S433 AI Gold Star 123 (Coppock),
2026-01-14 11:30:00,2026-01-14 11:50:00,BUY,4638.38,4632.95,4654.68,4634.04,FLIP,-4.54,S433 AI Gold Star 123 (Coppock),
2026-01-14 11:50:00,2026-01-14 18:55:00,SELL,4634.04,4640.4,4614.95,4640.4,SL,-6.56,S433 AI Gold Star 123 (Coppock),
2026-01-14 21:15:00,2026-01-14 23:20:00,BUY,4621.84,4608.53,4661.76,4608.53,SL,-13.51,S433 AI Gold Star 123 (Coppock),
2026-01-14 23:45:00,2026-01-15 01:00:00,BUY,4611.29,4602.22,4638.49,4638.49,TP,27.0,S433 AI Gold Star 123 (Coppock),
2026-01-15 01:05:00,2026-01-15 02:55:00,SELL,4634.85,4641.65,4614.44,4632.52,FLIP,2.13,S433 AI Gold Star 123 (Coppock),
2026-01-15 02:55:00,2026-01-15 03:00:00,BUY,4632.52,4622.97,4661.16,4631.23,FLIP,-1.49,S433 AI Gold Star 123 (Coppock),
2026-01-15 03:00:00,2026-01-15 03:50:00,SELL,4631.23,4640.83,4602.44,4627.01,FLIP,4.02,S433 AI Gold Star 123 (Coppock),
2026-01-15 03:50:00,2026-01-15 05:00:00,BUY,4627.01,4621.44,4643.71,4621.44,SL,-5.77,S433 AI Gold Star 123 (Coppock),
2026-01-15 05:05:00,2026-01-15 05:45:00,SELL,4612.52,4619.36,4592.0,4613.77,FLIP,-1.45,S433 AI Gold Star 123 (Coppock),
2026-01-15 05:45:00,2026-01-15 06:45:00,BUY,4613.77,4605.03,4639.99,4610.62,FLIP,-3.35,S433 AI Gold Star 123 (Coppock),
2026-01-15 06:45:00,2026-01-15 06:55:00,SELL,4610.62,4616.52,4592.93,4616.52,SL,-6.1,S433 AI Gold Star 123 (Coppock),
2026-01-15 07:50:00,2026-01-15 08:45:00,BUY,4606.35,4594.36,4642.33,4604.09,FLIP,-2.46,S433 AI Gold Star 123 (Coppock),
2026-01-15 08:45:00,2026-01-15 09:40:00,SELL,4604.09,4613.21,4576.74,4596.56,FLIP,7.33,S433 AI Gold Star 123 (Coppock),
2026-01-15 09:40:00,2026-01-15 10:45:00,BUY,4596.56,4586.05,4628.1,4592.76,FLIP,-4.0,S433 AI Gold Star 123 (Coppock),
2026-01-15 10:45:00,2026-01-15 10:50:00,SELL,4592.76,4599.39,4572.88,4594.79,FLIP,-2.23,S433 AI Gold Star 123 (Coppock),
2026-01-15 10:50:00,2026-01-15 10:55:00,BUY,4594.79,4588.2,4614.57,4592.13,FLIP,-2.86,S433 AI Gold Star 123 (Coppock),
2026-01-15 10:55:00,2026-01-15 11:25:00,SELL,4592.13,4598.36,4573.45,4592.95,FLIP,-1.02,S433 AI Gold Star 123 (Coppock),
2026-01-15 11:25:00,2026-01-15 11:30:00,BUY,4592.95,4586.51,4612.26,4585.33,FLIP,-7.82,S433 AI Gold Star 123 (Coppock),
2026-01-15 11:30:00,2026-01-15 11:45:00,SELL,4585.33,4592.24,4564.6,4591.89,FLIP,-6.76,S433 AI Gold Star 123 (Coppock),
2026-01-15 11:45:00,2026-01-15 12:55:00,BUY,4591.89,4583.95,4615.71,4610.21,FLIP,18.12,S433 AI Gold Star 123 (Coppock),
2026-01-15 12:55:00,2026-01-15 16:35:00,SELL,4610.21,4617.92,4587.09,4617.98,FLIP,-7.97,S433 AI Gold Star 123 (Coppock),
2026-01-15 16:35:00,2026-01-15 16:45:00,BUY,4617.98,4612.72,4633.76,4619.07,FLIP,0.89,S433 AI Gold Star 123 (Coppock),
2026-01-15 16:45:00,2026-01-15 18:35:00,SELL,4619.07,4623.98,4604.33,4617.25,FLIP,1.62,S433 AI Gold Star 123 (Coppock),
2026-01-15 18:35:00,2026-01-15 18:50:00,BUY,4617.25,4613.13,4629.6,4613.13,SL,-4.32,S433 AI Gold Star 123 (Coppock),
2026-01-15 20:05:00,2026-01-16 06:45:00,BUY,4595.96,4584.85,4629.3,4600.95,FLIP,4.79,S433 AI Gold Star 123 (Coppock),
2026-01-16 06:45:00,2026-01-16 06:55:00,SELL,4600.95,4605.85,4586.25,4600.19,FLIP,0.56,S433 AI Gold Star 123 (Coppock),
2026-01-16 06:55:00,2026-01-16 07:00:00,BUY,4600.19,4595.34,4614.74,4599.11,FLIP,-1.28,S433 AI Gold Star 123 (Coppock),
2026-01-16 07:00:00,2026-01-16 07:05:00,SELL,4599.11,4604.45,4583.1,4604.2,FLIP,-5.29,S433 AI Gold Star 123 (Coppock),
2026-01-16 07:05:00,2026-01-16 08:00:00,BUY,4604.2,4598.39,4621.64,4600.7,FLIP,-3.7,S433 AI Gold Star 123 (Coppock),
2026-01-16 08:00:00,2026-01-16 08:05:00,SELL,4600.7,4607.51,4580.27,4603.38,FLIP,-2.88,S433 AI Gold Star 123 (Coppock),
2026-01-16 08:05:00,2026-01-16 08:10:00,BUY,4603.38,4596.4,4624.31,4598.18,FLIP,-5.4,S433 AI Gold Star 123 (Coppock),
2026-01-16 08:10:00,2026-01-16 09:00:00,SELL,4598.18,4605.11,4577.39,4597.09,FLIP,0.89,S433 AI Gold Star 123 (Coppock),
2026-01-16 09:00:00,2026-01-16 09:30:00,BUY,4597.09,4590.52,4616.81,4593.13,FLIP,-4.16,S433 AI Gold Star 123 (Coppock),
2026-01-16 09:30:00,2026-01-16 09:35:00,SELL,4593.13,4598.42,4577.27,4596.87,FLIP,-3.94,S433 AI Gold Star 123 (Coppock),
2026-01-16 09:35:00,2026-01-16 11:45:00,BUY,4596.87,4591.65,4612.53,4612.53,TP,15.46,S433 AI Gold Star 123 (Coppock),
2026-01-16 18:10:00,2026-01-16 18:50:00,SELL,4610.93,4615.31,4597.79,4597.79,TP,12.94,S433 AI Gold Star 123 (Coppock),
2026-01-16 19:30:00,2026-01-16 21:25:00,BUY,4594.87,4585.07,4624.28,4585.07,SL,-10.0,S433 AI Gold Star 123 (Coppock),
2026-01-16 22:05:00,2026-01-19 05:05:00,BUY,4586.54,4564.25,4653.41,4653.41,TP,66.67,S433 AI Gold Star 123 (Coppock),
2026-01-19 06:00:00,2026-01-19 08:05:00,SELL,4668.7,4687.32,4612.84,4662.38,FLIP,6.12,S433 AI Gold Star 123 (Coppock),
2026-01-19 08:05:00,2026-01-19 11:35:00,BUY,4662.38,4650.86,4696.93,4667.34,FLIP,4.76,S433 AI Gold Star 123 (Coppock),
2026-01-19 11:35:00,2026-01-19 12:20:00,SELL,4667.34,4672.39,4652.2,4672.39,SL,-5.25,S433 AI Gold Star 123 (Coppock),
2026-01-19 12:30:00,2026-01-19 13:10:00,BUY,4674.48,4669.02,4690.87,4669.72,FLIP,-4.96,S433 AI Gold Star 123 (Coppock),
2026-01-19 13:10:00,2026-01-19 21:50:00,SELL,4669.72,4674.78,4654.53,4674.78,SL,-5.26,S433 AI Gold Star 123 (Coppock),
2026-01-20 05:40:00,2026-01-20 06:25:00,BUY,4666.16,4661.8,4679.25,4659.6,FLIP,-6.76,S433 AI Gold Star 123 (Coppock),
2026-01-20 06:25:00,2026-01-20 06:30:00,SELL,4659.6,4663.68,4647.36,4664.88,FLIP,-5.48,S433 AI Gold Star 123 (Coppock),
2026-01-20 06:30:00,2026-01-20 06:55:00,BUY,4664.88,4660.58,4677.77,4660.38,FLIP,-4.7,S433 AI Gold Star 123 (Coppock),
2026-01-20 06:55:00,2026-01-20 07:00:00,SELL,4660.38,4664.75,4647.26,4668.45,FLIP,-8.27,S433 AI Gold Star 123 (Coppock),
2026-01-20 07:00:00,2026-01-20 07:55:00,BUY,4668.45,4663.26,4684.03,4669.73,FLIP,1.08,S433 AI Gold Star 123 (Coppock),
2026-01-20 07:55:00,2026-01-20 09:35:00,SELL,4669.73,4675.69,4651.85,4675.69,SL,-6.16,S433 AI Gold Star 123 (Coppock),
2026-01-20 11:20:00,2026-01-20 11:30:00,SELL,4695.28,4701.11,4677.8,4704.96,FLIP,-9.88,S433 AI Gold Star 123 (Coppock),
2026-01-20 11:30:00,2026-01-20 11:40:00,BUY,4704.96,4698.02,4725.79,4705.03,FLIP,-0.13,S433 AI Gold Star 123 (Coppock),
2026-01-20 11:40:00,2026-01-20 11:45:00,SELL,4705.03,4712.2,4683.51,4707.53,FLIP,-2.7,S433 AI Gold Star 123 (Coppock),
2026-01-20 11:45:00,2026-01-20 12:05:00,BUY,4707.53,4700.51,4728.58,4713.1,FLIP,5.37,S433 AI Gold Star 123 (Coppock),
2026-01-20 12:05:00,2026-01-20 12:10:00,SELL,4713.1,4720.84,4689.89,4713.14,FLIP,-0.24,S433 AI Gold Star 123 (Coppock),
2026-01-20 12:10:00,2026-01-20 12:20:00,BUY,4713.14,4705.19,4736.99,4710.74,FLIP,-2.6,S433 AI Gold Star 123 (Coppock),
2026-01-20 12:20:00,2026-01-20 13:20:00,SELL,4710.74,4718.61,4687.12,4719.31,FLIP,-8.77,S433 AI Gold Star 123 (Coppock),
2026-01-20 13:20:00,2026-01-20 13:50:00,BUY,4719.31,4712.89,4738.58,4716.93,FLIP,-2.58,S433 AI Gold Star 123 (Coppock),
2026-01-20 13:50:00,2026-01-20 14:05:00,SELL,4716.93,4722.45,4700.38,4724.6,FLIP,-7.87,S433 AI Gold Star 123 (Coppock),
2026-01-20 14:05:00,2026-01-20 14:15:00,BUY,4724.6,4718.57,4742.69,4721.69,FLIP,-3.11,S433 AI Gold Star 123 (Coppock),
2026-01-20 14:15:00,2026-01-20 14:45:00,SELL,4721.69,4727.6,4703.95,4724.09,FLIP,-2.6,S433 AI Gold Star 123 (Coppock),
2026-01-20 14:45:00,2026-01-20 15:10:00,BUY,4724.09,4717.91,4742.64,4725.27,FLIP,0.98,S433 AI Gold Star 123 (Coppock),
2026-01-20 15:10:00,2026-01-20 15:20:00,SELL,4725.27,4731.54,4706.46,4728.59,FLIP,-3.52,S433 AI Gold Star 123 (Coppock),
2026-01-20 15:20:00,2026-01-20 15:50:00,BUY,4728.59,4721.89,4748.68,4733.77,FLIP,4.98,S433 AI Gold Star 123 (Coppock),
2026-01-20 15:50:00,2026-01-20 17:15:00,SELL,4733.77,4739.96,4715.2,4727.78,FLIP,5.79,S433 AI Gold Star 123 (Coppock),
2026-01-20 17:15:00,2026-01-20 19:00:00,BUY,4727.78,4722.78,4742.78,4722.78,SL,-5.2,S433 AI Gold Star 123 (Coppock),
2026-01-20 20:30:00,2026-01-20 20:35:00,SELL,4730.93,4743.98,4691.77,4739.38,FLIP,-8.65,S433 AI Gold Star 123 (Coppock),
2026-01-20 20:35:00,2026-01-20 20:40:00,BUY,4739.38,4725.53,4780.94,4738.36,FLIP,-1.22,S433 AI Gold Star 123 (Coppock),
2026-01-20 20:40:00,2026-01-20 22:55:00,SELL,4738.36,4751.69,4698.38,4751.69,SL,-13.53,S433 AI Gold Star 123 (Coppock),
2026-01-21 00:10:00,2026-01-21 00:20:00,BUY,4763.26,4757.1,4781.73,4763.24,FLIP,-0.22,S433 AI Gold Star 123 (Coppock),
2026-01-21 00:20:00,2026-01-21 01:15:00,SELL,4763.24,4768.98,4746.02,4765.77,FLIP,-2.73,S433 AI Gold Star 123 (Coppock),
2026-01-21 01:15:00,2026-01-21 01:25:00,BUY,4765.77,4760.06,4782.89,4759.14,FLIP,-6.83,S433 AI Gold Star 123 (Coppock),
2026-01-21 01:25:00,2026-01-21 02:50:00,SELL,4759.14,4765.22,4740.91,4755.0,FLIP,3.94,S433 AI Gold Star 123 (Coppock),
2026-01-21 02:50:00,2026-01-21 05:45:00,BUY,4755.0,4748.13,4775.61,4775.61,TP,20.41,S433 AI Gold Star 123 (Coppock),
2026-01-21 06:40:00,2026-01-21 07:00:00,SELL,4785.1,4792.24,4763.67,4792.49,FLIP,-7.59,S433 AI Gold Star 123 (Coppock),
2026-01-21 07:00:00,2026-01-21 07:15:00,BUY,4792.49,4785.95,4812.11,4812.11,TP,19.42,S433 AI Gold Star 123 (Coppock),
2026-01-21 08:05:00,2026-01-21 09:00:00,SELL,4829.86,4846.68,4779.41,4846.68,SL,-17.02,S433 AI Gold Star 123 (Coppock),
2026-01-21 09:05:00,2026-01-21 09:10:00,BUY,4844.52,4833.01,4879.05,4833.86,FLIP,-10.86,S433 AI Gold Star 123 (Coppock),
2026-01-21 09:10:00,2026-01-21 09:15:00,SELL,4833.86,4846.23,4796.76,4832.78,FLIP,0.88,S433 AI Gold Star 123 (Coppock),
2026-01-21 09:15:00,2026-01-21 09:20:00,BUY,4832.78,4820.37,4870.02,4828.96,FLIP,-4.02,S433 AI Gold Star 123 (Coppock),
2026-01-21 09:20:00,2026-01-21 09:30:00,SELL,4828.96,4841.21,4792.21,4837.49,FLIP,-8.73,S433 AI Gold Star 123 (Coppock),
2026-01-21 09:30:00,2026-01-21 09:55:00,BUY,4837.49,4825.35,4873.9,4844.98,FLIP,7.29,S433 AI Gold Star 123 (Coppock),
2026-01-21 09:55:00,2026-01-21 10:15:00,SELL,4844.98,4855.44,4813.59,4850.16,FLIP,-5.38,S433 AI Gold Star 123 (Coppock),
2026-01-21 10:15:00,2026-01-21 11:00:00,BUY,4850.16,4840.4,4879.44,4859.97,FLIP,9.61,S433 AI Gold Star 123 (Coppock),
2026-01-21 11:00:00,2026-01-21 11:10:00,SELL,4859.97,4868.21,4835.25,4867.02,FLIP,-7.25,S433 AI Gold Star 123 (Coppock),
2026-01-21 11:10:00,2026-01-21 11:25:00,BUY,4867.02,4858.82,4891.62,4868.86,FLIP,1.64,S433 AI Gold Star 123 (Coppock),
2026-01-21 11:25:00,2026-01-21 11:30:00,SELL,4868.86,4877.34,4843.42,4877.34,SL,-8.68,S433 AI Gold Star 123 (Coppock),
2026-01-21 12:20:00,2026-01-21 12:35:00,BUY,4879.56,4869.67,4909.24,4868.28,FLIP,-11.48,S433 AI Gold Star 123 (Coppock),
2026-01-21 12:35:00,2026-01-21 13:05:00,SELL,4868.28,4879.24,4835.41,4835.41,TP,32.67,S433 AI Gold Star 123 (Coppock),
2026-01-21 13:40:00,2026-01-21 21:15:00,BUY,4849.2,4834.93,4892.02,4834.93,SL,-14.47,S433 AI Gold Star 123 (Coppock),
2026-01-21 21:50:00,2026-01-21 22:20:00,BUY,4851.1,4830.55,4912.74,4832.73,FLIP,-18.57,S433 AI Gold Star 123 (Coppock),
2026-01-21 22:20:00,2026-01-21 22:25:00,SELL,4832.73,4852.5,4773.41,4840.02,FLIP,-7.49,S433 AI Gold Star 123 (Coppock),
2026-01-21 22:25:00,2026-01-21 22:40:00,BUY,4840.02,4822.52,4892.53,4834.81,FLIP,-5.41,S433 AI Gold Star 123 (Coppock),
2026-01-21 22:40:00,2026-01-21 23:50:00,SELL,4834.81,4850.29,4788.36,4821.04,FLIP,13.57,S433 AI Gold Star 123 (Coppock),
2026-01-21 23:50:00,2026-01-22 01:15:00,BUY,4821.04,4805.22,4868.5,4848.99,FLIP,27.75,S433 AI Gold Star 123 (Coppock),
2026-01-22 01:15:00,2026-01-22 01:25:00,SELL,4848.99,4858.37,4820.86,4820.86,TP,27.93,S433 AI Gold Star 123 (Coppock),
2026-01-22 02:15:00,2026-01-22 03:25:00,BUY,4794.15,4769.25,4868.84,4832.62,FLIP,38.27,S433 AI Gold Star 123 (Coppock),
2026-01-22 03:25:00,2026-01-22 05:25:00,SELL,4832.62,4845.97,4792.57,4792.57,TP,39.85,S433 AI Gold Star 123 (Coppock),
2026-01-22 06:05:00,2026-01-22 07:00:00,BUY,4790.54,4773.71,4841.02,4776.59,FLIP,-14.15,S433 AI Gold Star 123 (Coppock),
2026-01-22 07:00:00,2026-01-22 07:05:00,SELL,4776.59,4790.45,4735.0,4785.84,FLIP,-9.45,S433 AI Gold Star 123 (Coppock),
2026-01-22 07:05:00,2026-01-22 12:20:00,BUY,4785.84,4772.34,4826.33,4826.33,TP,40.29,S433 AI Gold Star 123 (Coppock),
2026-01-22 12:40:00,2026-01-22 13:05:00,SELL,4823.91,4831.89,4799.97,4831.89,SL,-8.18,S433 AI Gold Star 123 (Coppock),
2026-01-22 14:50:00,2026-01-22 15:30:00,BUY,4830.04,4823.91,4848.42,4824.32,FLIP,-5.92,S433 AI Gold Star 123 (Coppock),
2026-01-22 15:30:00,2026-01-22 16:15:00,SELL,4824.32,4831.02,4804.21,4824.54,FLIP,-0.42,S433 AI Gold Star 123 (Coppock),
2026-01-22 16:15:00,2026-01-22 16:20:00,BUY,4824.54,4817.28,4846.33,4822.82,FLIP,-1.92,S433 AI Gold Star 123 (Coppock),
2026-01-22 16:20:00,2026-01-22 16:25:00,SELL,4822.82,4830.01,4801.25,4826.81,FLIP,-4.19,S433 AI Gold Star 123 (Coppock),
2026-01-22 16:25:00,2026-01-22 18:55:00,BUY,4826.81,4819.28,4849.41,4819.28,SL,-7.73,S433 AI Gold Star 123 (Coppock),
2026-01-22 22:25:00,2026-01-22 23:20:00,SELL,4876.1,4886.02,4846.34,4886.02,SL,-10.12,S433 AI Gold Star 123 (Coppock),
2026-01-22 23:30:00,2026-01-23 00:20:00,BUY,4895.77,4884.73,4928.88,4908.79,FLIP,12.82,S433 AI Gold Star 123 (Coppock),
2026-01-23 00:20:00,2026-01-23 00:55:00,SELL,4908.79,4919.13,4877.76,4919.13,SL,-10.54,S433 AI Gold Star 123 (Coppock),
2026-01-23 02:00:00,2026-01-23 02:55:00,BUY,4921.83,4914.24,4944.6,4917.02,FLIP,-5.01,S433 AI Gold Star 123 (Coppock),
2026-01-23 02:55:00,2026-01-23 03:15:00,SELL,4917.02,4924.25,4895.32,4924.25,SL,-7.43,S433 AI Gold Star 123 (Coppock),
2026-01-23 03:30:00,2026-01-23 05:10:00,BUY,4936.07,4928.5,4958.77,4958.77,TP,22.5,S433 AI Gold Star 123 (Coppock),
2026-01-23 05:20:00,2026-01-23 05:45:00,SELL,4943.79,4953.94,4913.34,4953.94,SL,-10.35,S433 AI Gold Star 123 (Coppock),
2026-01-23 05:50:00,2026-01-23 05:55:00,BUY,4955.88,4943.49,4993.04,4959.04,FLIP,2.96,S433 AI Gold Star 123 (Coppock),
2026-01-23 05:55:00,2026-01-23 06:00:00,SELL,4959.04,4971.71,4921.02,4962.01,FLIP,-3.17,S433 AI Gold Star 123 (Coppock),
2026-01-23 06:00:00,2026-01-23 06:10:00,BUY,4962.01,4949.01,5001.01,4951.74,FLIP,-10.47,S433 AI Gold Star 123 (Coppock),
2026-01-23 06:10:00,2026-01-23 06:25:00,SELL,4951.74,4963.87,4915.34,4952.02,FLIP,-0.48,S433 AI Gold Star 123 (Coppock),
2026-01-23 06:25:00,2026-01-23 06:30:00,BUY,4952.02,4941.31,4984.16,4950.07,FLIP,-2.15,S433 AI Gold Star 123 (Coppock),
2026-01-23 06:30:00,2026-01-23 06:35:00,SELL,4950.07,4960.94,4917.46,4952.68,FLIP,-2.81,S433 AI Gold Star 123 (Coppock),
2026-01-23 06:35:00,2026-01-23 06:40:00,BUY,4952.68,4941.59,4985.96,4949.29,FLIP,-3.59,S433 AI Gold Star 123 (Coppock),
2026-01-23 06:40:00,2026-01-23 06:55:00,SELL,4949.29,4959.93,4917.38,4959.93,SL,-10.84,S433 AI Gold Star 123 (Coppock),
2026-01-23 07:30:00,2026-01-23 08:05:00,BUY,4956.02,4942.72,4995.93,4950.27,FLIP,-5.95,S433 AI Gold Star 123 (Coppock),
2026-01-23 08:05:00,2026-01-23 08:10:00,SELL,4950.27,4964.01,4909.06,4949.44,FLIP,0.63,S433 AI Gold Star 123 (Coppock),
2026-01-23 08:10:00,2026-01-23 09:25:00,BUY,4949.44,4938.59,4982.0,4938.59,SL,-11.05,S433 AI Gold Star 123 (Coppock),
2026-01-23 13:00:00,2026-01-23 13:40:00,BUY,4955.31,4947.82,4977.78,4946.14,FLIP,-9.37,S433 AI Gold Star 123 (Coppock),
2026-01-23 13:40:00,2026-01-23 14:20:00,SELL,4946.14,4952.72,4926.41,4926.41,TP,19.53,S433 AI Gold Star 123 (Coppock),
2026-01-23 15:05:00,2026-01-23 15:25:00,BUY,4914.43,4901.48,4953.28,4901.48,SL,-13.15,S433 AI Gold Star 123 (Coppock),
2026-01-23 16:45:00,2026-01-23 17:45:00,SELL,4926.98,4933.59,4907.16,4926.02,FLIP,0.76,S433 AI Gold Star 123 (Coppock),
2026-01-23 17:45:00,2026-01-23 18:00:00,BUY,4926.02,4919.13,4946.69,4919.13,SL,-7.09,S433 AI Gold Star 123 (Coppock),
2026-01-23 18:55:00,2026-01-23 19:00:00,SELL,4939.67,4946.92,4917.93,4943.6,FLIP,-4.13,S433 AI Gold Star 123 (Coppock),
2026-01-23 19:00:00,2026-01-23 19:15:00,BUY,4943.6,4935.5,4967.91,4935.5,SL,-8.3,S433 AI Gold Star 123 (Coppock),
2026-01-23 22:45:00,2026-01-24 00:50:00,SELL,4978.4,4989.39,4945.43,4968.61,FLIP,9.59,S433 AI Gold Star 123 (Coppock),
2026-01-24 00:50:00,2026-01-24 00:55:00,BUY,4968.61,4957.0,5003.45,4966.68,FLIP,-2.13,S433 AI Gold Star 123 (Coppock),
2026-01-24 00:55:00,2026-01-24 01:05:00,SELL,4966.68,4978.29,4931.86,4978.29,SL,-11.81,S433 AI Gold Star 123 (Coppock),
2026-01-26 06:05:00,2026-01-26 07:10:00,SELL,5042.7,5057.81,4997.37,5057.59,FLIP,-15.09,S433 AI Gold Star 123 (Coppock),
2026-01-26 07:10:00,2026-01-26 07:55:00,BUY,5057.59,5046.82,5089.91,5070.88,FLIP,13.09,S433 AI Gold Star 123 (Coppock),
2026-01-26 07:55:00,2026-01-26 08:00:00,SELL,5070.88,5086.95,5022.67,5076.76,FLIP,-6.08,S433 AI Gold Star 123 (Coppock),
2026-01-26 08:00:00,2026-01-26 08:05:00,BUY,5076.76,5060.24,5126.32,5069.12,FLIP,-7.84,S433 AI Gold Star 123 (Coppock),
2026-01-26 08:05:00,2026-01-26 08:20:00,SELL,5069.12,5085.71,5019.36,5085.71,SL,-16.79,S433 AI Gold Star 123 (Coppock),
2026-01-26 10:10:00,2026-01-26 10:30:00,BUY,5075.91,5066.98,5102.71,5066.98,SL,-9.13,S433 AI Gold Star 123 (Coppock),
2026-01-26 10:55:00,2026-01-26 11:05:00,BUY,5070.38,5062.37,5094.4,5064.84,FLIP,-5.74,S433 AI Gold Star 123 (Coppock),
2026-01-26 11:05:00,2026-01-26 11:20:00,SELL,5064.84,5073.03,5040.27,5063.06,FLIP,1.58,S433 AI Gold Star 123 (Coppock),
2026-01-26 11:20:00,2026-01-26 11:40:00,BUY,5063.06,5053.18,5092.69,5053.18,SL,-10.08,S433 AI Gold Star 123 (Coppock),
2026-01-26 12:55:00,2026-01-26 13:10:00,SELL,5077.97,5091.69,5036.81,5091.69,SL,-13.92,S433 AI Gold Star 123 (Coppock),
2026-01-26 19:40:00,2026-01-26 20:00:00,BUY,5071.21,5059.19,5107.28,5059.19,SL,-12.22,S433 AI Gold Star 123 (Coppock),
2026-01-26 21:15:00,2026-01-26 22:00:00,SELL,5089.19,5101.86,5051.19,5101.86,SL,-12.87,S433 AI Gold Star 123 (Coppock),
2026-01-27 01:30:00,2026-01-27 01:40:00,BUY,5041.77,5018.1,5112.79,5034.3,FLIP,-7.67,S433 AI Gold Star 123 (Coppock),
2026-01-27 01:40:00,2026-01-27 01:55:00,SELL,5034.3,5058.3,4962.3,5028.77,FLIP,5.33,S433 AI Gold Star 123 (Coppock),
2026-01-27 01:55:00,2026-01-27 03:05:00,BUY,5028.77,5002.45,5107.74,5045.89,FLIP,16.92,S433 AI Gold Star 123 (Coppock),
2026-01-27 03:05:00,2026-01-27 03:35:00,SELL,5045.89,5063.13,4994.17,4994.17,TP,51.52,S433 AI Gold Star 123 (Coppock),
2026-01-27 05:00:00,2026-01-27 11:25:00,BUY,5034.41,5013.58,5096.9,5064.45,FLIP,29.84,S433 AI Gold Star 123 (Coppock),
2026-01-27 11:25:00,2026-01-27 11:30:00,SELL,5064.45,5072.35,5040.75,5072.32,FLIP,-8.07,S433 AI Gold Star 123 (Coppock),
2026-01-27 11:30:00,2026-01-27 13:35:00,BUY,5072.32,5063.28,5099.45,5099.45,TP,26.93,S433 AI Gold Star 123 (Coppock),
2026-01-27 13:45:00,2026-01-27 18:10:00,SELL,5091.82,5102.51,5059.75,5081.04,FLIP,10.58,S433 AI Gold Star 123 (Coppock),
2026-01-27 18:10:00,2026-01-27 18:15:00,BUY,5081.04,5073.3,5104.26,5077.31,FLIP,-3.93,S433 AI Gold Star 123 (Coppock),
2026-01-27 18:15:00,2026-01-27 18:25:00,SELL,5077.31,5085.09,5053.98,5079.06,FLIP,-1.95,S433 AI Gold Star 123 (Coppock),
2026-01-27 18:25:00,2026-01-27 19:40:00,BUY,5079.06,5071.22,5102.59,5071.22,SL,-8.04,S433 AI Gold Star 123 (Coppock),
2026-01-27 20:30:00,2026-01-27 20:55:00,BUY,5067.26,5051.91,5113.3,5051.91,SL,-15.55,S433 AI Gold Star 123 (Coppock),
2026-01-27 22:30:00,2026-01-28 02:00:00,SELL,5092.6,5104.21,5057.76,5104.21,SL,-11.81,S433 AI Gold Star 123 (Coppock),
2026-01-28 03:10:00,2026-01-28 06:05:00,SELL,5176.55,5199.11,5108.88,5167.26,FLIP,9.09,S433 AI Gold Star 123 (Coppock),
2026-01-28 06:05:00,2026-01-28 07:40:00,BUY,5167.26,5154.66,5205.05,5205.05,TP,37.59,S433 AI Gold Star 123 (Coppock),
2026-01-28 07:55:00,2026-01-28 08:25:00,SELL,5205.13,5224.89,5145.85,5218.25,FLIP,-13.32,S433 AI Gold Star 123 (Coppock),
2026-01-28 08:25:00,2026-01-28 08:30:00,BUY,5218.25,5201.87,5267.38,5224.28,FLIP,5.83,S433 AI Gold Star 123 (Coppock),
2026-01-28 08:30:00,2026-01-28 08:50:00,SELL,5224.28,5240.97,5174.21,5234.48,FLIP,-10.4,S433 AI Gold Star 123 (Coppock),
2026-01-28 08:50:00,2026-01-28 08:55:00,BUY,5234.48,5220.26,5277.13,5231.93,FLIP,-2.75,S433 AI Gold Star 123 (Coppock),
2026-01-28 08:55:00,2026-01-28 09:05:00,SELL,5231.93,5246.0,5189.73,5245.13,FLIP,-13.4,S433 AI Gold Star 123 (Coppock),
2026-01-28 09:05:00,2026-01-28 09:25:00,BUY,5245.13,5231.8,5285.11,5237.5,FLIP,-7.83,S433 AI Gold Star 123 (Coppock),
2026-01-28 09:25:00,2026-01-28 10:30:00,SELL,5237.5,5249.16,5202.53,5237.72,FLIP,-0.42,S433 AI Gold Star 123 (Coppock),
2026-01-28 10:30:00,2026-01-28 11:40:00,BUY,5237.72,5228.65,5264.92,5264.92,TP,27.0,S433 AI Gold Star 123 (Coppock),
2026-01-28 11:50:00,2026-01-28 12:50:00,SELL,5258.76,5269.07,5227.83,5269.07,SL,-10.51,S433 AI Gold Star 123 (Coppock),
2026-01-28 12:55:00,2026-01-28 14:10:00,BUY,5269.87,5259.82,5300.02,5293.3,FLIP,23.23,S433 AI Gold Star 123 (Coppock),
2026-01-28 14:10:00,2026-01-28 14:30:00,SELL,5293.3,5304.53,5259.62,5305.41,FLIP,-12.31,S433 AI Gold Star 123 (Coppock),
2026-01-28 14:30:00,2026-01-28 14:35:00,BUY,5305.41,5294.27,5338.83,5297.15,FLIP,-8.46,S433 AI Gold Star 123 (Coppock),
2026-01-28 14:35:00,2026-01-28 15:55:00,SELL,5297.15,5308.88,5261.95,5278.24,FLIP,18.71,S433 AI Gold Star 123 (Coppock),
2026-01-28 15:55:00,2026-01-28 16:55:00,BUY,5278.24,5265.07,5317.76,5270.02,FLIP,-8.42,S433 AI Gold Star 123 (Coppock),
2026-01-28 16:55:00,2026-01-28 17:00:00,SELL,5270.02,5278.52,5244.52,5244.52,TP,25.3,S433 AI Gold Star 123 (Coppock),
2026-01-28 17:40:00,2026-01-28 21:05:00,BUY,5261.37,5247.17,5303.98,5247.17,SL,-14.4,S433 AI Gold Star 123 (Coppock),
2026-01-29 02:50:00,2026-01-29 03:00:00,SELL,5369.23,5391.12,5303.57,5387.59,FLIP,-18.56,S433 AI Gold Star 123 (Coppock),
2026-01-29 03:00:00,2026-01-29 03:10:00,BUY,5387.59,5365.11,5455.04,5386.8,FLIP,-0.99,S433 AI Gold Star 123 (Coppock),
2026-01-29 03:10:00,2026-01-29 03:50:00,SELL,5386.8,5409.05,5320.06,5409.05,SL,-22.45,S433 AI Gold Star 123 (Coppock),
2026-01-29 05:00:00,2026-01-29 05:30:00,BUY,5440.17,5421.1,5497.37,5497.37,TP,57.0,S433 AI Gold Star 123 (Coppock),
2026-01-29 05:45:00,2026-01-29 06:55:00,SELL,5496.36,5540.96,5362.55,5520.36,FLIP,-24.2,S433 AI Gold Star 123 (Coppock),
2026-01-29 06:55:00,2026-01-29 07:00:00,BUY,5520.36,5479.42,5643.19,5468.2,FLIP,-52.36,S433 AI Gold Star 123 (Coppock),
2026-01-29 07:00:00,2026-01-29 07:10:00,SELL,5468.2,5513.14,5333.38,5480.05,FLIP,-12.05,S433 AI Gold Star 123 (Coppock),
2026-01-29 07:10:00,2026-01-29 08:05:00,BUY,5480.05,5439.35,5602.16,5516.06,FLIP,35.81,S433 AI Gold Star 123 (Coppock),
2026-01-29 08:05:00,2026-01-29 08:10:00,SELL,5516.06,5554.55,5400.58,5521.31,FLIP,-5.45,S433 AI Gold Star 123 (Coppock),
2026-01-29 08:10:00,2026-01-29 14:00:00,BUY,5521.31,5486.95,5624.4,5534.88,FLIP,13.37,S433 AI Gold Star 123 (Coppock),
2026-01-29 14:00:00,2026-01-29 14:10:00,SELL,5534.88,5553.46,5479.13,5537.91,FLIP,-3.23,S433 AI Gold Star 123 (Coppock),
2026-01-29 14:10:00,2026-01-29 14:15:00,BUY,5537.91,5519.34,5593.63,5528.9,FLIP,-9.21,S433 AI Gold Star 123 (Coppock),
2026-01-29 14:15:00,2026-01-29 14:20:00,SELL,5528.9,5548.63,5469.72,5530.18,FLIP,-1.48,S433 AI Gold Star 123 (Coppock),
2026-01-29 14:20:00,2026-01-29 14:35:00,BUY,5530.18,5510.25,5589.97,5513.61,FLIP,-16.77,S433 AI Gold Star 123 (Coppock),
2026-01-29 14:35:00,2026-01-29 14:55:00,SELL,5513.61,5532.35,5457.38,5509.88,FLIP,3.53,S433 AI Gold Star 123 (Coppock),
2026-01-29 14:55:00,2026-01-29 15:00:00,BUY,5509.88,5485.52,5582.95,5502.03,FLIP,-8.05,S433 AI Gold Star 123 (Coppock),
2026-01-29 15:00:00,2026-01-29 15:05:00,SELL,5502.03,5527.35,5426.06,5510.64,FLIP,-8.81,S433 AI Gold Star 123 (Coppock),
2026-01-29 15:05:00,2026-01-29 16:00:00,BUY,5510.64,5484.42,5589.29,5509.66,FLIP,-1.18,S433 AI Gold Star 123 (Coppock),
2026-01-29 16:00:00,2026-01-29 16:05:00,SELL,5509.66,5523.73,5467.46,5511.32,FLIP,-1.86,S433 AI Gold Star 123 (Coppock),
2026-01-29 16:05:00,2026-01-29 16:15:00,BUY,5511.32,5497.16,5553.81,5513.89,FLIP,2.37,S433 AI Gold Star 123 (Coppock),
2026-01-29 16:15:00,2026-01-29 17:00:00,SELL,5513.89,5527.5,5473.06,5473.06,TP,40.63,S433 AI Gold Star 123 (Coppock),
2026-01-29 17:10:00,2026-01-29 18:35:00,BUY,5506.7,5489.23,5559.12,5531.79,FLIP,24.89,S433 AI Gold Star 123 (Coppock),
2026-01-29 18:35:00,2026-01-29 20:05:00,SELL,5531.79,5545.0,5492.17,5537.61,FLIP,-6.02,S433 AI Gold Star 123 (Coppock),
2026-01-29 20:05:00,2026-01-29 20:35:00,BUY,5537.61,5516.85,5599.89,5516.85,SL,-20.96,S433 AI Gold Star 123 (Coppock),
2026-01-29 22:00:00,2026-01-29 23:10:00,BUY,5230.9,5108.43,5598.32,5295.43,FLIP,64.33,S433 AI Gold Star 123 (Coppock),
2026-01-29 23:10:00,2026-01-29 23:15:00,SELL,5295.43,5341.1,5158.43,5337.66,FLIP,-42.43,S433 AI Gold Star 123 (Coppock),
2026-01-29 23:15:00,2026-01-29 23:20:00,BUY,5337.66,5290.84,5478.13,5330.58,FLIP,-7.28,S433 AI Gold Star 123 (Coppock),
2026-01-29 23:20:00,2026-01-29 23:25:00,SELL,5330.58,5375.34,5196.29,5363.0,FLIP,-32.62,S433 AI Gold Star 123 (Coppock),
2026-01-29 23:25:00,2026-01-29 23:50:00,BUY,5363.0,5317.44,5499.69,5342.19,FLIP,-21.01,S433 AI Gold Star 123 (Coppock),
2026-01-29 23:50:00,2026-01-30 02:05:00,SELL,5342.19,5383.49,5218.29,5298.78,FLIP,43.21,S433 AI Gold Star 123 (Coppock),
2026-01-30 02:05:00,2026-01-30 02:50:00,BUY,5298.78,5267.33,5393.13,5393.13,TP,94.15,S433 AI Gold Star 123 (Coppock),
2026-01-30 03:30:00,2026-01-30 05:00:00,SELL,5406.25,5431.72,5329.85,5431.72,SL,-25.67,S433 AI Gold Star 123 (Coppock),
2026-01-30 05:30:00,2026-01-30 06:00:00,BUY,5428.25,5394.52,5529.45,5435.4,FLIP,6.95,S433 AI Gold Star 123 (Coppock),
2026-01-30 06:00:00,2026-01-30 06:05:00,SELL,5435.4,5465.67,5344.58,5447.1,FLIP,-11.9,S433 AI Gold Star 123 (Coppock),
2026-01-30 06:05:00,2026-01-30 06:15:00,BUY,5447.1,5416.06,5540.22,5449.38,FLIP,2.08,S433 AI Gold Star 123 (Coppock),
2026-01-30 06:15:00,2026-01-30 07:00:00,SELL,5449.38,5473.3,5377.62,5377.62,TP,71.56,S433 AI Gold Star 123 (Coppock),
2026-01-30 07:30:00,2026-01-30 07:45:00,BUY,5371.96,5332.72,5489.69,5329.47,FLIP,-42.69,S433 AI Gold Star 123 (Coppock),
2026-01-30 07:45:00,2026-01-30 07:50:00,SELL,5329.47,5370.95,5205.02,5338.17,FLIP,-8.9,S433 AI Gold Star 123 (Coppock),
2026-01-30 07:50:00,2026-01-30 07:55:00,BUY,5338.17,5297.09,5461.41,5300.96,FLIP,-37.41,S433 AI Gold Star 123 (Coppock),
2026-01-30 07:55:00,2026-01-30 08:15:00,SELL,5300.96,5344.4,5170.65,5170.65,TP,130.11,S433 AI Gold Star 123 (Coppock),
2026-01-30 08:40:00,2026-01-30 09:40:00,BUY,5215.71,5150.15,5412.4,5154.82,FLIP,-61.09,S433 AI Gold Star 123 (Coppock),
2026-01-30 09:40:00,2026-01-30 10:00:00,SELL,5154.82,5200.42,5018.02,5208.53,FLIP,-53.91,S433 AI Gold Star 123 (Coppock),
2026-01-30 10:00:00,2026-01-30 12:15:00,BUY,5208.53,5168.59,5328.35,5168.59,SL,-40.14,S433 AI Gold Star 123 (Coppock),
2026-01-30 13:05:00,2026-01-30 13:30:00,BUY,5166.07,5127.91,5280.54,5151.39,FLIP,-14.88,S433 AI Gold Star 123 (Coppock),
2026-01-30 13:30:00,2026-01-30 13:35:00,SELL,5151.39,5185.23,5049.87,5149.22,FLIP,1.97,S433 AI Gold Star 123 (Coppock),
2026-01-30 13:35:00,2026-01-30 14:05:00,BUY,5149.22,5116.14,5248.46,5146.95,FLIP,-2.47,S433 AI Gold Star 123 (Coppock),
2026-01-30 14:05:00,2026-01-30 14:20:00,SELL,5146.95,5182.36,5040.71,5165.99,FLIP,-19.24,S433 AI Gold Star 123 (Coppock),
2026-01-30 14:20:00,2026-01-30 14:25:00,BUY,5165.99,5133.04,5264.83,5153.43,FLIP,-12.76,S433 AI Gold Star 123 (Coppock),
2026-01-30 14:25:00,2026-01-30 15:10:00,SELL,5153.43,5186.42,5054.45,5054.45,TP,98.78,S433 AI Gold Star 123 (Coppock),
2026-01-30 15:30:00,2026-01-30 15:35:00,BUY,5058.08,5000.45,5230.96,5031.21,FLIP,-27.07,S433 AI Gold Star 123 (Coppock),
2026-01-30 15:35:00,2026-01-30 16:00:00,SELL,5031.21,5090.66,4852.85,5037.36,FLIP,-6.35,S433 AI Gold Star 123 (Coppock),
2026-01-30 16:00:00,2026-01-30 17:20:00,BUY,5037.36,4974.55,5225.8,5125.23,FLIP,87.67,S433 AI Gold Star 123 (Coppock),
2026-01-30 17:20:00,2026-01-30 19:20:00,SELL,5125.23,5158.16,5026.44,5026.44,TP,98.59,S433 AI Gold Star 123 (Coppock),
2026-01-30 19:40:00,2026-01-30 19:45:00,BUY,5038.4,4993.62,5172.75,4994.65,FLIP,-43.95,S433 AI Gold Star 123 (Coppock),
2026-01-30 19:45:00,2026-01-30 19:55:00,SELL,4994.65,5042.21,4851.97,5019.17,FLIP,-24.72,S433 AI Gold Star 123 (Coppock),
2026-01-30 19:55:00,2026-01-30 20:50:00,BUY,5019.17,4974.59,5152.92,5048.38,FLIP,29.01,S433 AI Gold Star 123 (Coppock),
2026-01-30 20:50:00,2026-01-30 23:10:00,SELL,5048.38,5096.0,4905.52,4905.52,TP,142.66,S433 AI Gold Star 123 (Coppock),
2026-01-30 23:25:00,2026-01-30 23:35:00,BUY,4925.62,4875.68,5075.43,4889.64,FLIP,-36.18,S433 AI Gold Star 123 (Coppock),
2026-01-30 23:35:00,2026-01-31 00:00:00,SELL,4889.64,4940.54,4736.93,4881.06,FLIP,8.38,S433 AI Gold Star 123 (Coppock),
2026-01-31 00:00:00,2026-01-31 00:05:00,BUY,4881.06,4825.42,5047.98,4813.11,FLIP,-68.15,S433 AI Gold Star 123 (Coppock),
2026-01-31 00:05:00,2026-01-31 00:40:00,SELL,4813.11,4875.77,4625.14,4780.97,FLIP,31.94,S433 AI Gold Star 123 (Coppock),
2026-01-31 00:40:00,2026-01-31 01:50:00,BUY,4780.97,4695.18,5038.33,4932.14,FLIP,150.97,S433 AI Gold Star 123 (Coppock),
2026-01-31 01:50:00,2026-01-31 03:15:00,SELL,4932.14,4988.12,4764.21,4859.19,FLIP,72.75,S433 AI Gold Star 123 (Coppock),
2026-01-31 03:15:00,2026-02-02 05:05:00,BUY,4859.19,4816.66,4986.77,4816.66,SL,-42.73,S433 AI Gold Star 123 (Coppock),
2026-02-02 06:00:00,2026-02-02 07:05:00,BUY,4785.07,4720.25,4979.54,4720.25,SL,-65.02,S433 AI Gold Star 123 (Coppock),
2026-02-02 07:40:00,2026-02-02 09:40:00,BUY,4714.68,4641.13,4935.34,4641.13,SL,-73.75,S433 AI Gold Star 123 (Coppock),
2026-02-02 10:05:00,2026-02-02 11:10:00,BUY,4655.42,4605.26,4805.89,4662.4,FLIP,6.78,S433 AI Gold Star 123 (Coppock),
2026-02-02 11:10:00,2026-02-02 11:45:00,SELL,4662.4,4706.15,4531.15,4531.15,TP,131.05,S433 AI Gold Star 123 (Coppock),
2026-02-02 12:40:00,2026-02-02 14:00:00,BUY,4453.08,4377.65,4679.38,4574.64,FLIP,121.36,S433 AI Gold Star 123 (Coppock),
2026-02-02 14:00:00,2026-02-02 14:05:00,SELL,4574.64,4626.46,4419.19,4617.74,FLIP,-43.3,S433 AI Gold Star 123 (Coppock),
2026-02-02 14:05:00,2026-02-02 14:10:00,BUY,4617.74,4564.39,4777.79,4607.65,FLIP,-10.29,S433 AI Gold Star 123 (Coppock),
2026-02-02 14:10:00,2026-02-02 14:25:00,SELL,4607.65,4658.18,4456.05,4646.72,FLIP,-39.27,S433 AI Gold Star 123 (Coppock),
2026-02-02 14:25:00,2026-02-02 14:30:00,BUY,4646.72,4598.17,4792.38,4628.41,FLIP,-18.51,S433 AI Gold Star 123 (Coppock),
2026-02-02 14:30:00,2026-02-02 15:25:00,SELL,4628.41,4676.27,4484.83,4676.27,SL,-48.06,S433 AI Gold Star 123 (Coppock),
2026-02-02 16:20:00,2026-02-02 17:10:00,SELL,4691.58,4730.63,4574.44,4730.63,SL,-39.25,S433 AI Gold Star 123 (Coppock),
2026-02-02 18:00:00,2026-02-02 18:20:00,SELL,4756.08,4782.74,4676.11,4782.74,SL,-26.86,S433 AI Gold Star 123 (Coppock),
2026-02-02 18:55:00,2026-02-02 19:00:00,BUY,4794.2,4765.58,4880.05,4747.98,FLIP,-46.42,S433 AI Gold Star 123 (Coppock),
2026-02-02 19:00:00,2026-02-02 19:05:00,SELL,4747.98,4782.35,4644.87,4785.86,FLIP,-38.08,S433 AI Gold Star 123 (Coppock),
2026-02-02 19:05:00,2026-02-02 19:10:00,BUY,4785.86,4747.4,4901.25,4782.74,FLIP,-3.32,S433 AI Gold Star 123 (Coppock),
2026-02-02 19:10:00,2026-02-02 20:10:00,SELL,4782.74,4821.3,4667.05,4726.2,FLIP,56.34,S433 AI Gold Star 123 (Coppock),
2026-02-02 20:10:00,2026-02-02 20:20:00,BUY,4726.2,4680.11,4864.47,4680.11,SL,-46.29,S433 AI Gold Star 123 (Coppock),
2026-02-02 22:05:00,2026-02-03 00:15:00,BUY,4675.96,4623.12,4834.49,4623.12,SL,-53.04,S433 AI Gold Star 123 (Coppock),
2026-02-03 06:10:00,2026-02-03 06:20:00,SELL,4787.28,4821.35,4685.07,4815.04,FLIP,-27.96,S433 AI Gold Star 123 (Coppock),
2026-02-03 06:20:00,2026-02-03 06:25:00,BUY,4815.04,4780.92,4917.41,4820.9,FLIP,5.66,S433 AI Gold Star 123 (Coppock),
2026-02-03 06:25:00,2026-02-03 06:35:00,SELL,4820.9,4853.85,4722.06,4821.06,FLIP,-0.36,S433 AI Gold Star 123 (Coppock),
2026-02-03 06:35:00,2026-02-03 06:40:00,BUY,4821.06,4790.83,4911.74,4821.7,FLIP,0.44,S433 AI Gold Star 123 (Coppock),
2026-02-03 06:40:00,2026-02-03 07:20:00,SELL,4821.7,4850.78,4734.45,4850.78,SL,-29.28,S433 AI Gold Star 123 (Coppock),
2026-02-03 07:55:00,2026-02-03 08:00:00,BUY,4841.73,4808.5,4941.41,4813.34,FLIP,-28.59,S433 AI Gold Star 123 (Coppock),
2026-02-03 08:00:00,2026-02-03 08:55:00,SELL,4813.34,4848.73,4707.18,4783.66,FLIP,29.48,S433 AI Gold Star 123 (Coppock),
2026-02-03 08:55:00,2026-02-03 12:40:00,BUY,4783.66,4749.58,4885.91,4885.91,TP,102.05,S433 AI Gold Star 123 (Coppock),
2026-02-03 13:15:00,2026-02-03 13:30:00,SELL,4882.7,4904.15,4818.36,4917.96,FLIP,-35.46,S433 AI Gold Star 123 (Coppock),
2026-02-03 13:30:00,2026-02-03 13:35:00,BUY,4917.96,4897.28,4980.0,4929.08,FLIP,10.92,S433 AI Gold Star 123 (Coppock),
2026-02-03 13:35:00,2026-02-03 14:10:00,SELL,4929.08,4949.67,4867.32,4928.31,FLIP,0.57,S433 AI Gold Star 123 (Coppock),
2026-02-03 14:10:00,2026-02-03 14:20:00,BUY,4928.31,4906.81,4992.8,4933.62,FLIP,5.11,S433 AI Gold Star 123 (Coppock),
2026-02-03 14:20:00,2026-02-03 15:40:00,SELL,4933.62,4955.66,4867.5,4921.47,FLIP,11.95,S433 AI Gold Star 123 (Coppock),
2026-02-03 15:40:00,2026-02-03 17:00:00,BUY,4921.47,4901.28,4982.05,4901.28,SL,-20.39,S433 AI Gold Star 123 (Coppock),
2026-02-03 22:50:00,2026-02-04 00:30:00,SELL,4953.67,4974.9,4889.97,4889.97,TP,63.5,S433 AI Gold Star 123 (Coppock),
2026-02-04 00:50:00,2026-02-04 01:00:00,BUY,4908.73,4880.42,4993.67,4889.13,FLIP,-19.8,S433 AI Gold Star 123 (Coppock),
2026-02-04 01:00:00,2026-02-04 01:10:00,SELL,4889.13,4916.83,4806.03,4916.44,FLIP,-27.51,S433 AI Gold Star 123 (Coppock),
2026-02-04 01:10:00,2026-02-04 06:55:00,BUY,4916.44,4886.43,5006.46,5006.46,TP,89.82,S433 AI Gold Star 123 (Coppock),
2026-02-04 07:25:00,2026-02-04 08:00:00,SELL,5037.81,5062.75,4963.0,5062.75,SL,-25.14,S433 AI Gold Star 123 (Coppock),
2026-02-04 11:00:00,2026-02-04 11:05:00,SELL,5078.4,5088.45,5048.24,5083.05,FLIP,-4.85,S433 AI Gold Star 123 (Coppock),
2026-02-04 11:05:00,2026-02-04 11:30:00,BUY,5083.05,5072.98,5113.26,5075.69,FLIP,-7.56,S433 AI Gold Star 123 (Coppock),
2026-02-04 11:30:00,2026-02-04 11:40:00,SELL,5075.69,5083.77,5051.44,5083.77,SL,-8.28,S433 AI Gold Star 123 (Coppock),
2026-02-04 11:45:00,2026-02-04 11:50:00,BUY,5088.73,5080.07,5114.7,5086.87,FLIP,-2.06,S433 AI Gold Star 123 (Coppock),
2026-02-04 11:50:00,2026-02-04 12:05:00,SELL,5086.87,5095.73,5060.29,5060.29,TP,26.38,S433 AI Gold Star 123 (Coppock),
2026-02-04 12:40:00,2026-02-04 15:20:00,BUY,5070.78,5055.31,5117.18,5055.31,SL,-15.67,S433 AI Gold Star 123 (Coppock),
2026-02-04 16:10:00,2026-02-04 17:00:00,BUY,5053.88,5039.98,5095.59,5048.15,FLIP,-5.93,S433 AI Gold Star 123 (Coppock),
2026-02-04 17:00:00,2026-02-04 17:50:00,SELL,5048.15,5060.92,5009.84,5045.3,FLIP,2.65,S433 AI Gold Star 123 (Coppock),
2026-02-04 17:50:00,2026-02-04 18:50:00,BUY,5045.3,5030.87,5088.6,5046.93,FLIP,1.43,S433 AI Gold Star 123 (Coppock),
2026-02-04 18:50:00,2026-02-04 19:50:00,SELL,5046.93,5060.27,5006.91,5060.27,SL,-13.54,S433 AI Gold Star 123 (Coppock),
2026-02-04 21:40:00,2026-02-04 21:55:00,BUY,4944.21,4896.76,5086.57,4919.92,FLIP,-24.49,S433 AI Gold Star 123 (Coppock),
2026-02-04 21:55:00,2026-02-04 22:05:00,SELL,4919.92,4963.1,4790.38,4920.76,FLIP,-1.04,S433 AI Gold Star 123 (Coppock),
2026-02-04 22:05:00,2026-02-04 22:20:00,BUY,4920.76,4879.03,5045.95,4900.96,FLIP,-20.0,S433 AI Gold Star 123 (Coppock),
2026-02-04 22:20:00,2026-02-04 22:25:00,SELL,4900.96,4943.81,4772.41,4923.94,FLIP,-23.18,S433 AI Gold Star 123 (Coppock),
2026-02-04 22:25:00,2026-02-04 22:45:00,BUY,4923.94,4879.97,5055.86,4879.97,SL,-44.17,S433 AI Gold Star 123 (Coppock),
2026-02-04 23:45:00,2026-02-04 23:50:00,SELL,4899.86,4934.83,4794.95,4897.84,FLIP,1.82,S433 AI Gold Star 123 (Coppock),
2026-02-04 23:50:00,2026-02-05 00:00:00,BUY,4897.84,4863.28,5001.51,4896.94,FLIP,-1.1,S433 AI Gold Star 123 (Coppock),
2026-02-05 00:00:00,2026-02-05 00:10:00,SELL,4896.94,4926.42,4808.49,4910.37,FLIP,-13.63,S433 AI Gold Star 123 (Coppock),
2026-02-05 00:10:00,2026-02-05 00:15:00,BUY,4910.37,4881.36,4997.41,4901.68,FLIP,-8.89,S433 AI Gold Star 123 (Coppock),
2026-02-05 00:15:00,2026-02-05 00:25:00,SELL,4901.68,4930.37,4815.62,4926.37,FLIP,-24.89,S433 AI Gold Star 123 (Coppock),
2026-02-05 00:25:00,2026-02-05 00:35:00,BUY,4926.37,4897.39,5013.3,4904.82,FLIP,-21.75,S433 AI Gold Star 123 (Coppock),
2026-02-05 00:35:00,2026-02-05 00:40:00,SELL,4904.82,4931.73,4824.08,4920.72,FLIP,-16.1,S433 AI Gold Star 123 (Coppock),
2026-02-05 00:40:00,2026-02-05 05:10:00,BUY,4920.72,4894.27,5000.06,5000.06,TP,79.14,S433 AI Gold Star 123 (Coppock),
2026-02-05 05:50:00,2026-02-05 07:15:00,SELL,5017.51,5034.89,4965.37,4965.37,TP,51.94,S433 AI Gold Star 123 (Coppock),
2026-02-05 07:40:00,2026-02-05 07:55:00,BUY,4980.08,4955.72,5053.17,4958.6,FLIP,-21.68,S433 AI Gold Star 123 (Coppock),
2026-02-05 07:55:00,2026-02-05 08:20:00,SELL,4958.6,4986.09,4876.14,4933.47,FLIP,24.93,S433 AI Gold Star 123 (Coppock),
2026-02-05 08:20:00,2026-02-05 08:35:00,BUY,4933.47,4901.3,5029.97,4916.39,FLIP,-17.28,S433 AI Gold Star 123 (Coppock),
2026-02-05 08:35:00,2026-02-05 08:50:00,SELL,4916.39,4948.27,4820.74,4820.74,TP,95.45,S433 AI Gold Star 123 (Coppock),
2026-02-05 09:10:00,2026-02-05 10:35:00,BUY,4847.58,4798.38,4995.19,4871.21,FLIP,23.43,S433 AI Gold Star 123 (Coppock),
2026-02-05 10:35:00,2026-02-05 11:40:00,SELL,4871.21,4897.07,4793.64,4886.07,FLIP,-15.06,S433 AI Gold Star 123 (Coppock),
2026-02-05 11:40:00,2026-02-05 15:20:00,BUY,4886.07,4856.87,4973.67,4856.87,SL,-29.4,S433 AI Gold Star 123 (Coppock),
2026-02-05 15:35:00,2026-02-05 15:50:00,BUY,4886.73,4863.24,4957.2,4869.66,FLIP,-17.27,S433 AI Gold Star 123 (Coppock),
2026-02-05 15:50:00,2026-02-05 15:55:00,SELL,4869.66,4894.5,4795.14,4855.29,FLIP,14.17,S433 AI Gold Star 123 (Coppock),
2026-02-05 15:55:00,2026-02-05 18:15:00,BUY,4855.29,4829.81,4931.74,4829.81,SL,-25.68,S433 AI Gold Star 123 (Coppock),
2026-02-05 18:30:00,2026-02-05 19:00:00,BUY,4859.37,4836.22,4928.81,4824.39,FLIP,-35.18,S433 AI Gold Star 123 (Coppock),
2026-02-05 19:00:00,2026-02-05 19:05:00,SELL,4824.39,4855.39,4731.4,4825.48,FLIP,-1.29,S433 AI Gold Star 123 (Coppock),
2026-02-05 19:05:00,2026-02-05 23:10:00,BUY,4825.48,4792.67,4923.9,4875.3,FLIP,49.62,S433 AI Gold Star 123 (Coppock),
2026-02-05 23:10:00,2026-02-06 01:45:00,SELL,4875.3,4902.7,4793.11,4842.08,FLIP,33.02,S433 AI Gold Star 123 (Coppock),
2026-02-06 01:45:00,2026-02-06 01:50:00,BUY,4842.08,4823.35,4898.27,4829.65,FLIP,-12.63,S433 AI Gold Star 123 (Coppock),
2026-02-06 01:50:00,2026-02-06 02:05:00,SELL,4829.65,4848.41,4773.38,4833.49,FLIP,-4.04,S433 AI Gold Star 123 (Coppock),
2026-02-06 02:05:00,2026-02-06 02:15:00,BUY,4833.49,4813.32,4894.01,4823.14,FLIP,-10.55,S433 AI Gold Star 123 (Coppock),
2026-02-06 02:15:00,2026-02-06 02:25:00,SELL,4823.14,4842.98,4763.61,4825.5,FLIP,-2.56,S433 AI Gold Star 123 (Coppock),
2026-02-06 02:25:00,2026-02-06 02:35:00,BUY,4825.5,4805.03,4886.9,4809.31,FLIP,-16.39,S433 AI Gold Star 123 (Coppock),
2026-02-06 02:35:00,2026-02-06 02:40:00,SELL,4809.31,4831.23,4743.54,4812.84,FLIP,-3.73,S433 AI Gold Star 123 (Coppock),
2026-02-06 02:40:00,2026-02-06 02:45:00,BUY,4812.84,4792.52,4873.79,4803.76,FLIP,-9.28,S433 AI Gold Star 123 (Coppock),
2026-02-06 02:45:00,2026-02-06 02:55:00,SELL,4803.76,4824.47,4741.62,4811.36,FLIP,-7.8,S433 AI Gold Star 123 (Coppock),
2026-02-06 02:55:00,2026-02-06 03:15:00,BUY,4811.36,4789.81,4876.01,4804.16,FLIP,-7.4,S433 AI Gold Star 123 (Coppock),
2026-02-06 03:15:00,2026-02-06 03:25:00,SELL,4804.16,4824.97,4741.74,4802.47,FLIP,1.49,S433 AI Gold Star 123 (Coppock),
2026-02-06 03:25:00,2026-02-06 03:30:00,BUY,4802.47,4782.49,4862.41,4768.45,FLIP,-34.22,S433 AI Gold Star 123 (Coppock),
2026-02-06 03:30:00,2026-02-06 05:00:00,SELL,4768.45,4791.46,4699.43,4776.33,FLIP,-8.08,S433 AI Gold Star 123 (Coppock),
2026-02-06 05:00:00,2026-02-06 05:10:00,BUY,4776.33,4750.75,4853.07,4767.06,FLIP,-9.47,S433 AI Gold Star 123 (Coppock),
2026-02-06 05:10:00,2026-02-06 05:25:00,SELL,4767.06,4791.86,4692.65,4752.35,FLIP,14.51,S433 AI Gold Star 123 (Coppock),
2026-02-06 05:25:00,2026-02-06 05:35:00,BUY,4752.35,4728.25,4824.64,4739.14,FLIP,-13.41,S433 AI Gold Star 123 (Coppock),
2026-02-06 05:35:00,2026-02-06 05:40:00,SELL,4739.14,4764.0,4664.57,4742.14,FLIP,-3.2,S433 AI Gold Star 123 (Coppock),
2026-02-06 05:40:00,2026-02-06 05:45:00,BUY,4742.14,4720.01,4808.54,4715.46,FLIP,-26.88,S433 AI Gold Star 123 (Coppock),
2026-02-06 05:45:00,2026-02-06 06:20:00,SELL,4715.46,4738.31,4646.91,4701.12,FLIP,14.14,S433 AI Gold Star 123 (Coppock),
2026-02-06 06:20:00,2026-02-06 07:15:00,BUY,4701.12,4671.92,4788.71,4718.8,FLIP,17.48,S433 AI Gold Star 123 (Coppock),
2026-02-06 07:15:00,2026-02-06 07:50:00,SELL,4718.8,4764.47,4581.8,4764.47,SL,-45.87,S433 AI Gold Star 123 (Coppock),
2026-02-06 07:55:00,2026-02-06 08:50:00,BUY,4773.64,4731.86,4898.98,4817.03,FLIP,43.19,S433 AI Gold Star 123 (Coppock),
2026-02-06 08:50:00,2026-02-06 11:25:00,SELL,4817.03,4846.35,4729.06,4846.35,SL,-29.52,S433 AI Gold Star 123 (Coppock),
2026-02-06 12:10:00,2026-02-06 17:00:00,SELL,4867.38,4887.81,4806.08,4887.81,SL,-20.63,S433 AI Gold Star 123 (Coppock),
2026-02-06 18:05:00,2026-02-06 18:10:00,BUY,4898.43,4882.7,4945.63,4895.83,FLIP,-2.8,S433 AI Gold Star 123 (Coppock),
2026-02-06 18:10:00,2026-02-06 19:00:00,SELL,4895.83,4911.08,4850.09,4911.08,SL,-15.45,S433 AI Gold Star 123 (Coppock),
2026-02-06 19:50:00,2026-02-06 20:35:00,SELL,4923.47,4943.24,4864.17,4937.47,FLIP,-14.2,S433 AI Gold Star 123 (Coppock),
2026-02-06 20:35:00,2026-02-06 20:40:00,BUY,4937.47,4915.58,5003.14,4932.24,FLIP,-5.43,S433 AI Gold Star 123 (Coppock),
2026-02-06 20:40:00,2026-02-06 20:45:00,SELL,4932.24,4953.65,4868.01,4938.93,FLIP,-6.89,S433 AI Gold Star 123 (Coppock),
2026-02-06 20:45:00,2026-02-06 21:40:00,BUY,4938.93,4918.03,5001.62,4942.18,FLIP,3.05,S433 AI Gold Star 123 (Coppock),
2026-02-06 21:40:00,2026-02-06 23:30:00,SELL,4942.18,4964.49,4875.25,4964.49,SL,-22.51,S433 AI Gold Star 123 (Coppock),
2026-02-09 06:00:00,2026-02-09 07:15:00,SELL,5027.94,5049.98,4961.82,5029.51,FLIP,-1.77,S433 AI Gold Star 123 (Coppock),
2026-02-09 07:15:00,2026-02-09 07:25:00,BUY,5029.51,5009.21,5090.42,5016.81,FLIP,-12.9,S433 AI Gold Star 123 (Coppock),
2026-02-09 07:25:00,2026-02-09 07:40:00,SELL,5016.81,5036.56,4957.57,5009.49,FLIP,7.12,S433 AI Gold Star 123 (Coppock),
2026-02-09 07:40:00,2026-02-09 07:45:00,BUY,5009.49,4984.31,5085.02,4996.79,FLIP,-12.9,S433 AI Gold Star 123 (Coppock),
2026-02-09 07:45:00,2026-02-09 08:15:00,SELL,4996.79,5023.26,4917.39,4992.48,FLIP,4.11,S433 AI Gold Star 123 (Coppock),
2026-02-09 08:15:00,2026-02-09 15:05:00,BUY,4992.48,4967.96,5066.05,5027.57,FLIP,34.89,S433 AI Gold Star 123 (Coppock),
2026-02-09 15:05:00,2026-02-09 16:25:00,SELL,5027.57,5039.82,4990.81,4990.81,TP,36.56,S433 AI Gold Star 123 (Coppock),
2026-02-09 16:45:00,2026-02-09 20:45:00,BUY,4992.74,4977.65,5038.02,5038.02,TP,45.08,S433 AI Gold Star 123 (Coppock),
2026-02-09 21:10:00,2026-02-09 21:30:00,SELL,5030.27,5044.18,4988.55,5044.18,SL,-14.11,S433 AI Gold Star 123 (Coppock),
2026-02-09 21:35:00,2026-02-09 21:45:00,SELL,5051.98,5066.86,5007.35,5060.14,FLIP,-8.36,S433 AI Gold Star 123 (Coppock),
2026-02-09 21:45:00,2026-02-09 22:30:00,BUY,5060.14,5046.74,5100.34,5067.08,FLIP,6.74,S433 AI Gold Star 123 (Coppock),
2026-02-09 22:30:00,2026-02-09 22:35:00,SELL,5067.08,5079.17,5030.81,5075.8,FLIP,-8.92,S433 AI Gold Star 123 (Coppock),
2026-02-09 22:35:00,2026-02-09 22:40:00,BUY,5075.8,5063.21,5113.56,5078.22,FLIP,2.22,S433 AI Gold Star 123 (Coppock),
2026-02-09 22:40:00,2026-02-09 23:55:00,SELL,5078.22,5089.03,5045.8,5045.8,TP,32.22,S433 AI Gold Star 123 (Coppock),
2026-02-10 00:10:00,2026-02-10 00:15:00,BUY,5058.39,5047.93,5089.76,5052.03,FLIP,-6.56,S433 AI Gold Star 123 (Coppock),
2026-02-10 00:15:00,2026-02-10 00:30:00,SELL,5052.03,5062.2,5021.51,5055.08,FLIP,-3.25,S433 AI Gold Star 123 (Coppock),
2026-02-10 00:30:00,2026-02-10 01:50:00,BUY,5055.08,5043.59,5089.55,5075.8,FLIP,20.52,S433 AI Gold Star 123 (Coppock),
2026-02-10 01:50:00,2026-02-10 02:30:00,SELL,5075.8,5082.76,5054.91,5082.76,SL,-7.16,S433 AI Gold Star 123 (Coppock),
2026-02-10 05:40:00,2026-02-10 06:35:00,BUY,5039.81,5013.18,5119.69,5018.37,FLIP,-21.64,S433 AI Gold Star 123 (Coppock),
2026-02-10 06:35:00,2026-02-10 07:15:00,SELL,5018.37,5034.98,4968.53,5034.98,SL,-16.81,S433 AI Gold Star 123 (Coppock),
2026-02-10 07:30:00,2026-02-10 15:10:00,BUY,5024.39,5006.29,5078.7,5051.72,FLIP,27.13,S433 AI Gold Star 123 (Coppock),
2026-02-10 15:10:00,2026-02-10 15:20:00,SELL,5051.72,5063.29,5017.01,5053.78,FLIP,-2.26,S433 AI Gold Star 123 (Coppock),
2026-02-10 15:20:00,2026-02-10 15:25:00,BUY,5053.78,5041.94,5089.29,5052.16,FLIP,-1.82,S433 AI Gold Star 123 (Coppock),
2026-02-10 15:25:00,2026-02-10 20:15:00,SELL,5052.16,5063.46,5018.26,5063.46,SL,-11.5,S433 AI Gold Star 123 (Coppock),
2026-02-10 20:35:00,2026-02-10 21:35:00,SELL,5062.32,5076.7,5019.18,5019.18,TP,42.94,S433 AI Gold Star 123 (Coppock),
2026-02-10 21:45:00,2026-02-11 00:20:00,BUY,5025.88,5005.34,5087.51,5005.34,SL,-20.74,S433 AI Gold Star 123 (Coppock),
2026-02-11 00:55:00,2026-02-11 02:05:00,BUY,5013.24,5003.33,5042.96,5024.91,FLIP,11.47,S433 AI Gold Star 123 (Coppock),
2026-02-11 02:05:00,2026-02-11 02:15:00,SELL,5024.91,5031.72,5004.47,5033.67,FLIP,-8.96,S433 AI Gold Star 123 (Coppock),
2026-02-11 02:15:00,2026-02-11 02:20:00,BUY,5033.67,5026.33,5055.69,5028.17,FLIP,-5.7,S433 AI Gold Star 123 (Coppock),
2026-02-11 02:20:00,2026-02-11 02:40:00,SELL,5028.17,5035.82,5005.21,5035.82,SL,-7.85,S433 AI Gold Star 123 (Coppock),
2026-02-11 05:55:00,2026-02-11 07:55:00,SELL,5041.83,5051.36,5013.23,5051.36,SL,-9.73,S433 AI Gold Star 123 (Coppock),
2026-02-11 09:35:00,2026-02-11 10:25:00,SELL,5055.38,5062.98,5032.57,5058.28,FLIP,-3.1,S433 AI Gold Star 123 (Coppock),
2026-02-11 10:25:00,2026-02-11 10:30:00,BUY,5058.28,5052.33,5076.12,5056.65,FLIP,-1.83,S433 AI Gold Star 123 (Coppock),
2026-02-11 10:30:00,2026-02-11 11:15:00,SELL,5056.65,5061.96,5040.72,5051.46,FLIP,4.99,S433 AI Gold Star 123 (Coppock),
2026-02-11 11:15:00,2026-02-11 13:10:00,BUY,5051.46,5045.76,5068.56,5068.56,TP,16.9,S433 AI Gold Star 123 (Coppock),
2026-02-11 16:30:00,2026-02-11 16:40:00,SELL,5069.19,5076.67,5046.76,5100.1,FLIP,-31.11,S433 AI Gold Star 123 (Coppock),
2026-02-11 16:40:00,2026-02-11 17:00:00,BUY,5100.1,5090.03,5130.32,5086.15,FLIP,-14.15,S433 AI Gold Star 123 (Coppock),
2026-02-11 17:00:00,2026-02-11 17:05:00,SELL,5086.15,5097.34,5052.59,5094.17,FLIP,-8.22,S433 AI Gold Star 123 (Coppock),
2026-02-11 17:05:00,2026-02-11 17:10:00,BUY,5094.17,5082.04,5130.55,5089.68,FLIP,-4.69,S433 AI Gold Star 123 (Coppock),
2026-02-11 17:10:00,2026-02-11 17:15:00,SELL,5089.68,5102.01,5052.7,5096.22,FLIP,-6.74,S433 AI Gold Star 123 (Coppock),
2026-02-11 17:15:00,2026-02-11 17:30:00,BUY,5096.22,5083.29,5135.0,5103.54,FLIP,7.12,S433 AI Gold Star 123 (Coppock),
2026-02-11 17:30:00,2026-02-11 17:45:00,SELL,5103.54,5117.69,5061.1,5113.9,FLIP,-10.56,S433 AI Gold Star 123 (Coppock),
2026-02-11 17:45:00,2026-02-11 17:50:00,BUY,5113.9,5099.36,5157.53,5113.22,FLIP,-0.88,S433 AI Gold Star 123 (Coppock),
2026-02-11 17:50:00,2026-02-11 18:40:00,SELL,5113.22,5125.38,5076.74,5076.74,TP,36.28,S433 AI Gold Star 123 (Coppock),
2026-02-11 19:10:00,2026-02-11 19:15:00,BUY,5082.3,5065.52,5132.65,5072.47,FLIP,-10.03,S433 AI Gold Star 123 (Coppock),
2026-02-11 19:15:00,2026-02-11 19:20:00,SELL,5072.47,5090.38,5018.73,5084.28,FLIP,-12.01,S433 AI Gold Star 123 (Coppock),
2026-02-11 19:20:00,2026-02-11 19:30:00,BUY,5084.28,5065.82,5139.66,5050.07,FLIP,-34.41,S433 AI Gold Star 123 (Coppock),
2026-02-11 19:30:00,2026-02-11 19:35:00,SELL,5050.07,5073.86,4978.69,5065.51,FLIP,-15.64,S433 AI Gold Star 123 (Coppock),
2026-02-11 19:35:00,2026-02-11 20:35:00,BUY,5065.51,5039.77,5142.74,5045.86,FLIP,-19.85,S433 AI Gold Star 123 (Coppock),
2026-02-11 20:35:00,2026-02-11 20:50:00,SELL,5045.86,5070.82,4970.97,5059.15,FLIP,-13.49,S433 AI Gold Star 123 (Coppock),
2026-02-11 20:50:00,2026-02-11 20:55:00,BUY,5059.15,5041.33,5112.62,5059.54,FLIP,0.19,S433 AI Gold Star 123 (Coppock),
2026-02-11 20:55:00,2026-02-11 21:00:00,SELL,5059.54,5076.7,5008.06,5064.5,FLIP,-5.16,S433 AI Gold Star 123 (Coppock),
2026-02-11 21:00:00,2026-02-11 21:10:00,BUY,5064.5,5047.12,5116.64,5066.66,FLIP,1.96,S433 AI Gold Star 123 (Coppock),
2026-02-11 21:10:00,2026-02-11 21:15:00,SELL,5066.66,5085.41,5010.4,5065.6,FLIP,0.86,S433 AI Gold Star 123 (Coppock),
2026-02-11 21:15:00,2026-02-11 21:20:00,BUY,5065.6,5045.88,5124.77,5049.78,FLIP,-16.02,S433 AI Gold Star 123 (Coppock),
2026-02-11 21:20:00,2026-02-11 21:30:00,SELL,5049.78,5071.37,4985.01,5054.04,FLIP,-4.46,S433 AI Gold Star 123 (Coppock),
2026-02-11 21:30:00,2026-02-11 21:35:00,BUY,5054.04,5032.75,5117.92,5046.39,FLIP,-7.85,S433 AI Gold Star 123 (Coppock),
2026-02-11 21:35:00,2026-02-11 21:45:00,SELL,5046.39,5069.05,4978.41,5048.04,FLIP,-1.85,S433 AI Gold Star 123 (Coppock),
2026-02-11 21:45:00,2026-02-11 22:00:00,BUY,5048.04,5027.79,5108.8,5056.56,FLIP,8.32,S433 AI Gold Star 123 (Coppock),
2026-02-11 22:00:00,2026-02-11 22:10:00,SELL,5056.56,5075.86,4998.66,5056.48,FLIP,-0.12,S433 AI Gold Star 123 (Coppock),
2026-02-11 22:10:00,2026-02-11 22:15:00,BUY,5056.48,5037.63,5113.02,5055.76,FLIP,-0.92,S433 AI Gold Star 123 (Coppock),
2026-02-11 22:15:00,2026-02-11 22:20:00,SELL,5055.76,5074.35,4999.98,5057.67,FLIP,-2.11,S433 AI Gold Star 123 (Coppock),
2026-02-11 22:20:00,2026-02-12 05:50:00,BUY,5057.67,5039.77,5111.38,5066.65,FLIP,8.78,S433 AI Gold Star 123 (Coppock),
2026-02-12 05:50:00,2026-02-12 06:05:00,SELL,5066.65,5080.77,5024.28,5057.64,FLIP,8.81,S433 AI Gold Star 123 (Coppock),
2026-02-12 06:05:00,2026-02-12 06:10:00,BUY,5057.64,5041.82,5105.09,5056.85,FLIP,-0.99,S433 AI Gold Star 123 (Coppock),
2026-02-12 06:10:00,2026-02-12 06:20:00,SELL,5056.85,5071.9,5011.69,5059.0,FLIP,-2.35,S433 AI Gold Star 123 (Coppock),
2026-02-12 06:20:00,2026-02-12 07:00:00,BUY,5059.0,5047.33,5094.02,5051.6,FLIP,-7.6,S433 AI Gold Star 123 (Coppock),
2026-02-12 07:00:00,2026-02-12 07:05:00,SELL,5051.6,5063.44,5016.09,5053.98,FLIP,-2.58,S433 AI Gold Star 123 (Coppock),
2026-02-12 07:05:00,2026-02-12 07:10:00,BUY,5053.98,5042.13,5089.54,5049.79,FLIP,-4.39,S433 AI Gold Star 123 (Coppock),
2026-02-12 07:10:00,2026-02-12 07:15:00,SELL,5049.79,5061.46,5014.78,5058.2,FLIP,-8.61,S433 AI Gold Star 123 (Coppock),
2026-02-12 07:15:00,2026-02-12 07:20:00,BUY,5058.2,5046.06,5094.62,5053.67,FLIP,-4.73,S433 AI Gold Star 123 (Coppock),
2026-02-12 07:20:00,2026-02-12 07:25:00,SELL,5053.67,5065.59,5017.9,5058.79,FLIP,-5.32,S433 AI Gold Star 123 (Coppock),
2026-02-12 07:25:00,2026-02-12 07:45:00,BUY,5058.79,5047.31,5093.22,5057.16,FLIP,-1.83,S433 AI Gold Star 123 (Coppock),
2026-02-12 07:45:00,2026-02-12 07:50:00,SELL,5057.16,5068.93,5021.85,5058.69,FLIP,-1.73,S433 AI Gold Star 123 (Coppock),
2026-02-12 07:50:00,2026-02-12 11:30:00,BUY,5058.69,5046.57,5095.04,5065.2,FLIP,6.31,S433 AI Gold Star 123 (Coppock),
2026-02-12 11:30:00,2026-02-12 11:45:00,SELL,5065.2,5072.74,5042.58,5072.74,SL,-7.74,S433 AI Gold Star 123 (Coppock),
2026-02-12 12:55:00,2026-02-12 18:50:00,BUY,5059.79,5050.19,5088.59,5050.19,SL,-9.8,S433 AI Gold Star 123 (Coppock),
2026-02-12 21:05:00,2026-02-12 22:10:00,BUY,5057.6,5041.37,5106.3,5041.37,SL,-16.43,S433 AI Gold Star 123 (Coppock),
2026-02-12 22:55:00,2026-02-12 23:50:00,BUY,4955.87,4908.83,5096.98,4947.34,FLIP,-8.73,S433 AI Gold Star 123 (Coppock),
2026-02-12 23:50:00,2026-02-13 00:40:00,SELL,4947.34,4973.72,4868.21,4941.02,FLIP,6.12,S433 AI Gold Star 123 (Coppock),
2026-02-13 00:40:00,2026-02-13 02:30:00,BUY,4941.02,4916.78,5013.73,4916.78,SL,-24.44,S433 AI Gold Star 123 (Coppock),
2026-02-13 03:10:00,2026-02-13 05:00:00,BUY,4916.83,4902.96,4958.43,4893.9,FLIP,-23.13,S433 AI Gold Star 123 (Coppock),
2026-02-13 05:00:00,2026-02-13 05:05:00,SELL,4893.9,4906.97,4854.68,4906.97,SL,-13.27,S433 AI Gold Star 123 (Coppock),
2026-02-13 05:15:00,2026-02-13 05:35:00,BUY,4920.76,4905.67,4966.02,4910.43,FLIP,-10.53,S433 AI Gold Star 123 (Coppock),
2026-02-13 05:35:00,2026-02-13 05:50:00,SELL,4910.43,4927.66,4858.75,4915.75,FLIP,-5.52,S433 AI Gold Star 123 (Coppock),
2026-02-13 05:50:00,2026-02-13 06:50:00,BUY,4915.75,4897.34,4970.97,4933.57,FLIP,17.62,S433 AI Gold Star 123 (Coppock),
2026-02-13 06:50:00,2026-02-13 07:00:00,SELL,4933.57,4948.64,4888.36,4948.64,SL,-15.27,S433 AI Gold Star 123 (Coppock),
2026-02-13 07:55:00,2026-02-13 09:55:00,SELL,4980.94,4997.35,4931.7,4981.42,FLIP,-0.68,S433 AI Gold Star 123 (Coppock),
2026-02-13 09:55:00,2026-02-13 10:00:00,BUY,4981.42,4973.03,5006.6,4978.54,FLIP,-3.08,S433 AI Gold Star 123 (Coppock),
2026-02-13 10:00:00,2026-02-13 10:10:00,SELL,4978.54,4986.4,4954.96,4986.12,FLIP,-7.78,S433 AI Gold Star 123 (Coppock),
2026-02-13 10:10:00,2026-02-13 10:40:00,BUY,4986.12,4977.41,5012.24,4977.0,FLIP,-9.32,S433 AI Gold Star 123 (Coppock),
2026-02-13 10:40:00,2026-02-13 11:25:00,SELL,4977.0,4985.68,4950.97,4985.68,SL,-8.88,S433 AI Gold Star 123 (Coppock),
2026-02-13 12:25:00,2026-02-13 13:40:00,BUY,4953.23,4938.7,4996.83,4970.65,FLIP,17.22,S433 AI Gold Star 123 (Coppock),
2026-02-13 13:40:00,2026-02-13 13:45:00,SELL,4970.65,4985.12,4927.25,4975.37,FLIP,-4.92,S433 AI Gold Star 123 (Coppock),
2026-02-13 13:45:00,2026-02-13 14:10:00,BUY,4975.37,4960.81,5019.06,4979.78,FLIP,4.21,S433 AI Gold Star 123 (Coppock),
2026-02-13 14:10:00,2026-02-13 16:00:00,SELL,4979.78,4994.61,4935.3,4971.79,FLIP,7.79,S433 AI Gold Star 123 (Coppock),
2026-02-13 16:00:00,2026-02-13 16:45:00,BUY,4971.79,4961.77,5001.84,4961.77,SL,-10.22,S433 AI Gold Star 123 (Coppock),
2026-02-13 17:40:00,2026-02-13 19:30:00,BUY,4944.14,4930.06,4986.37,4986.37,TP,42.03,S433 AI Gold Star 123 (Coppock),
2026-02-13 20:35:00,2026-02-13 21:05:00,SELL,4988.1,5008.34,4927.39,5008.34,SL,-20.44,S433 AI Gold Star 123 (Coppock),
2026-02-14 00:05:00,2026-02-14 00:25:00,BUY,5021.46,5011.05,5052.68,5022.47,FLIP,0.81,S433 AI Gold Star 123 (Coppock),
2026-02-14 00:25:00,2026-02-14 00:30:00,SELL,5022.47,5032.95,4991.04,5029.29,FLIP,-7.02,S433 AI Gold Star 123 (Coppock),
2026-02-14 00:30:00,2026-02-14 00:40:00,BUY,5029.29,5018.45,5061.81,5029.97,FLIP,0.48,S433 AI Gold Star 123 (Coppock),
2026-02-14 00:40:00,2026-02-14 00:50:00,SELL,5029.97,5039.58,5001.15,5033.69,FLIP,-3.92,S433 AI Gold Star 123 (Coppock),
2026-02-14 00:50:00,2026-02-14 00:55:00,BUY,5033.69,5024.54,5061.14,5031.19,FLIP,-2.7,S433 AI Gold Star 123 (Coppock),
2026-02-14 00:55:00,2026-02-14 01:00:00,SELL,5031.19,5040.37,5003.66,5033.47,FLIP,-2.48,S433 AI Gold Star 123 (Coppock),
2026-02-14 01:00:00,2026-02-14 01:30:00,BUY,5033.47,5024.18,5061.34,5040.46,FLIP,6.79,S433 AI Gold Star 123 (Coppock),
2026-02-14 01:30:00,2026-02-14 02:40:00,SELL,5040.46,5049.16,5014.36,5030.4,FLIP,9.86,S433 AI Gold Star 123 (Coppock),
2026-02-14 02:40:00,2026-02-14 02:50:00,BUY,5030.4,5022.27,5054.8,5022.27,SL,-8.33,S433 AI Gold Star 123 (Coppock),
2026-02-16 06:15:00,2026-02-16 08:35:00,BUY,5018.16,5005.17,5057.12,5005.17,SL,-13.19,S433 AI Gold Star 123 (Coppock),
2026-02-16 09:20:00,2026-02-16 09:45:00,BUY,4996.88,4987.1,5026.23,4987.1,SL,-9.98,S433 AI Gold Star 123 (Coppock),
2026-02-16 10:05:00,2026-02-16 10:40:00,SELL,4976.93,4987.92,4943.95,4976.15,FLIP,0.58,S433 AI Gold Star 123 (Coppock),
2026-02-16 10:40:00,2026-02-16 11:00:00,BUY,4976.15,4966.31,5005.67,4966.31,SL,-10.04,S433 AI Gold Star 123 (Coppock),
2026-02-16 12:00:00,2026-02-16 12:35:00,SELL,4988.58,4995.8,4966.91,4997.44,FLIP,-9.06,S433 AI Gold Star 123 (Coppock),
2026-02-16 12:35:00,2026-02-16 12:50:00,BUY,4997.44,4991.73,5014.56,4996.18,FLIP,-1.46,S433 AI Gold Star 123 (Coppock),
2026-02-16 12:50:00,2026-02-16 13:10:00,SELL,4996.18,5002.24,4978.0,4996.33,FLIP,-0.35,S433 AI Gold Star 123 (Coppock),
2026-02-16 13:10:00,2026-02-16 13:15:00,BUY,4996.33,4989.92,5015.56,4995.71,FLIP,-0.82,S433 AI Gold Star 123 (Coppock),
2026-02-16 13:15:00,2026-02-16 13:25:00,SELL,4995.71,5002.12,4976.47,4998.09,FLIP,-2.58,S433 AI Gold Star 123 (Coppock),
2026-02-16 13:25:00,2026-02-16 13:30:00,BUY,4998.09,4991.94,5016.55,4999.54,FLIP,1.25,S433 AI Gold Star 123 (Coppock),
2026-02-16 13:30:00,2026-02-16 13:40:00,SELL,4999.54,5005.6,4981.37,5001.41,FLIP,-2.07,S433 AI Gold Star 123 (Coppock),
2026-02-16 13:40:00,2026-02-16 14:10:00,BUY,5001.41,4995.26,5019.87,4998.23,FLIP,-3.38,S433 AI Gold Star 123 (Coppock),
2026-02-16 14:10:00,2026-02-16 14:20:00,SELL,4998.23,5005.82,4975.46,5005.82,SL,-7.79,S433 AI Gold Star 123 (Coppock),
2026-02-16 14:25:00,2026-02-16 14:30:00,BUY,5006.21,4998.39,5029.66,5006.43,FLIP,0.02,S433 AI Gold Star 123 (Coppock),
2026-02-16 14:30:00,2026-02-16 15:00:00,SELL,5006.43,5014.34,4982.69,5012.83,FLIP,-6.6,S433 AI Gold Star 123 (Coppock),
2026-02-16 15:00:00,2026-02-16 15:40:00,BUY,5012.83,5005.16,5035.85,5010.53,FLIP,-2.5,S433 AI Gold Star 123 (Coppock),
2026-02-16 15:40:00,2026-02-16 15:45:00,SELL,5010.53,5016.36,4993.03,5014.57,FLIP,-4.24,S433 AI Gold Star 123 (Coppock),
2026-02-16 15:45:00,2026-02-16 15:55:00,BUY,5014.57,5008.32,5033.33,5013.51,FLIP,-1.26,S433 AI Gold Star 123 (Coppock),
2026-02-16 15:55:00,2026-02-16 17:20:00,SELL,5013.51,5019.77,4994.74,5002.79,FLIP,10.52,S433 AI Gold Star 123 (Coppock),
2026-02-16 17:20:00,2026-02-16 18:15:00,BUY,5002.79,4996.58,5021.42,4996.58,SL,-6.41,S433 AI Gold Star 123 (Coppock),
2026-02-16 18:30:00,2026-02-16 18:50:00,BUY,5005.58,4999.54,5023.71,4999.54,SL,-6.24,S433 AI Gold Star 123 (Coppock),
2026-02-16 20:05:00,2026-02-16 20:25:00,BUY,4996.82,4990.29,5016.41,4990.29,SL,-6.73,S433 AI Gold Star 123 (Coppock),
2026-02-16 20:40:00,2026-02-16 21:35:00,SELL,4988.96,4995.85,4968.3,4977.36,FLIP,11.4,S433 AI Gold Star 123 (Coppock),
2026-02-16 21:35:00,2026-02-16 23:20:00,BUY,4977.36,4968.73,5003.26,4993.26,FLIP,15.7,S433 AI Gold Star 123 (Coppock),
2026-02-16 23:20:00,2026-02-16 23:25:00,SELL,4993.26,4998.77,4976.73,4994.67,FLIP,-1.61,S433 AI Gold Star 123 (Coppock),
2026-02-16 23:25:00,2026-02-16 23:30:00,BUY,4994.67,4989.51,5010.14,4993.59,FLIP,-1.28,S433 AI Gold Star 123 (Coppock),
2026-02-16 23:30:00,2026-02-17 05:05:00,SELL,4993.59,4998.57,4978.64,4998.57,SL,-5.18,S433 AI Gold Star 123 (Coppock),
2026-02-17 07:20:00,2026-02-17 08:30:00,BUY,4952.77,4938.71,4994.94,4963.54,FLIP,10.57,S433 AI Gold Star 123 (Coppock),
2026-02-17 08:30:00,2026-02-17 09:55:00,SELL,4963.54,4970.85,4941.61,4956.84,FLIP,6.5,S433 AI Gold Star 123 (Coppock),
2026-02-17 09:55:00,2026-02-17 10:00:00,BUY,4956.84,4949.33,4979.37,4950.83,FLIP,-6.21,S433 AI Gold Star 123 (Coppock),
2026-02-17 10:00:00,2026-02-17 10:10:00,SELL,4950.83,4958.72,4927.17,4952.24,FLIP,-1.61,S433 AI Gold Star 123 (Coppock),
2026-02-17 10:10:00,2026-02-17 11:00:00,BUY,4952.24,4944.74,4974.75,4949.51,FLIP,-2.93,S433 AI Gold Star 123 (Coppock),
2026-02-17 11:00:00,2026-02-17 11:10:00,SELL,4949.51,4956.39,4928.88,4928.88,TP,20.43,S433 AI Gold Star 123 (Coppock),
2026-02-17 12:00:00,2026-02-17 13:10:00,BUY,4891.5,4869.04,4958.87,4906.76,FLIP,15.06,S433 AI Gold Star 123 (Coppock),
2026-02-17 13:10:00,2026-02-17 13:35:00,SELL,4906.76,4917.51,4874.5,4919.58,FLIP,-13.02,S433 AI Gold Star 123 (Coppock),
2026-02-17 13:35:00,2026-02-17 13:40:00,BUY,4919.58,4908.79,4951.94,4917.51,FLIP,-2.27,S433 AI Gold Star 123 (Coppock),
2026-02-17 13:40:00,2026-02-17 14:00:00,SELL,4917.51,4927.24,4888.31,4925.94,FLIP,-8.63,S433 AI Gold Star 123 (Coppock),
2026-02-17 14:00:00,2026-02-17 14:25:00,BUY,4925.94,4916.6,4953.97,4920.15,FLIP,-5.99,S433 AI Gold Star 123 (Coppock),
2026-02-17 14:25:00,2026-02-17 15:50:00,SELL,4920.15,4930.74,4888.39,4930.74,SL,-10.79,S433 AI Gold Star 123 (Coppock),
2026-02-17 16:30:00,2026-02-17 18:05:00,SELL,4925.32,4934.16,4898.8,4934.16,SL,-9.04,S433 AI Gold Star 123 (Coppock),
2026-02-17 20:10:00,2026-02-17 20:35:00,BUY,4896.36,4873.17,4965.94,4882.16,FLIP,-14.4,S433 AI Gold Star 123 (Coppock),
2026-02-17 20:35:00,2026-02-17 20:50:00,SELL,4882.16,4909.39,4800.48,4874.61,FLIP,7.35,S433 AI Gold Star 123 (Coppock),
2026-02-17 20:50:00,2026-02-17 20:55:00,BUY,4874.61,4844.34,4965.42,4863.15,FLIP,-11.66,S433 AI Gold Star 123 (Coppock),
2026-02-17 20:55:00,2026-02-17 21:05:00,SELL,4863.15,4894.76,4768.33,4857.74,FLIP,5.21,S433 AI Gold Star 123 (Coppock),
2026-02-17 21:05:00,2026-02-17 21:25:00,BUY,4857.74,4828.55,4945.31,4861.56,FLIP,3.62,S433 AI Gold Star 123 (Coppock),
2026-02-17 21:25:00,2026-02-17 21:35:00,SELL,4861.56,4887.02,4785.18,4864.79,FLIP,-3.43,S433 AI Gold Star 123 (Coppock),
2026-02-17 21:35:00,2026-02-18 01:10:00,BUY,4864.79,4839.06,4941.97,4893.78,FLIP,28.79,S433 AI Gold Star 123 (Coppock),
2026-02-18 01:10:00,2026-02-18 05:50:00,SELL,4893.78,4905.76,4857.85,4857.85,TP,35.73,S433 AI Gold Star 123 (Coppock),
2026-02-18 08:05:00,2026-02-18 08:15:00,BUY,4899.97,4889.39,4931.72,4896.7,FLIP,-3.47,S433 AI Gold Star 123 (Coppock),
2026-02-18 08:15:00,2026-02-18 08:20:00,SELL,4896.7,4905.81,4869.37,4900.53,FLIP,-4.03,S433 AI Gold Star 123 (Coppock),
2026-02-18 08:20:00,2026-02-18 08:55:00,BUY,4900.53,4891.69,4927.04,4905.4,FLIP,4.67,S433 AI Gold Star 123 (Coppock),
2026-02-18 08:55:00,2026-02-18 09:00:00,SELL,4905.4,4912.31,4884.66,4913.4,FLIP,-8.2,S433 AI Gold Star 123 (Coppock),
2026-02-18 09:00:00,2026-02-18 09:10:00,BUY,4913.4,4905.87,4935.98,4912.75,FLIP,-0.85,S433 AI Gold Star 123 (Coppock),
2026-02-18 09:10:00,2026-02-18 09:20:00,SELL,4912.75,4919.12,4893.63,4918.98,FLIP,-6.43,S433 AI Gold Star 123 (Coppock),
2026-02-18 09:20:00,2026-02-18 09:30:00,BUY,4918.98,4912.82,4937.47,4916.62,FLIP,-2.56,S433 AI Gold Star 123 (Coppock),
2026-02-18 09:30:00,2026-02-18 10:05:00,SELL,4916.62,4922.43,4899.18,4925.35,FLIP,-8.93,S433 AI Gold Star 123 (Coppock),
2026-02-18 10:05:00,2026-02-18 10:10:00,BUY,4925.35,4919.77,4942.1,4928.64,FLIP,3.09,S433 AI Gold Star 123 (Coppock),
2026-02-18 10:10:00,2026-02-18 10:25:00,SELL,4928.64,4933.8,4913.16,4933.13,FLIP,-4.69,S433 AI Gold Star 123 (Coppock),
2026-02-18 10:25:00,2026-02-18 10:55:00,BUY,4933.13,4927.82,4949.07,4934.12,FLIP,0.79,S433 AI Gold Star 123 (Coppock),
2026-02-18 10:55:00,2026-02-18 12:45:00,SELL,4934.12,4940.23,4915.78,4935.7,FLIP,-1.78,S433 AI Gold Star 123 (Coppock),
2026-02-18 12:45:00,2026-02-18 13:40:00,BUY,4935.7,4929.62,4953.95,4934.15,FLIP,-1.75,S433 AI Gold Star 123 (Coppock),
2026-02-18 13:40:00,2026-02-18 15:05:00,SELL,4934.15,4941.02,4913.54,4918.79,FLIP,15.16,S433 AI Gold Star 123 (Coppock),
2026-02-18 15:05:00,2026-02-18 15:15:00,BUY,4918.79,4911.88,4939.53,4915.91,FLIP,-3.08,S433 AI Gold Star 123 (Coppock),
2026-02-18 15:15:00,2026-02-18 15:20:00,SELL,4915.91,4922.93,4894.84,4923.1,FLIP,-7.39,S433 AI Gold Star 123 (Coppock),
2026-02-18 15:20:00,2026-02-18 16:15:00,BUY,4923.1,4915.56,4945.71,4919.57,FLIP,-3.73,S433 AI Gold Star 123 (Coppock),
2026-02-18 16:15:00,2026-02-18 16:20:00,SELL,4919.57,4926.12,4899.92,4922.73,FLIP,-3.36,S433 AI Gold Star 123 (Coppock),
2026-02-18 16:20:00,2026-02-18 16:30:00,BUY,4922.73,4915.87,4943.3,4917.09,FLIP,-5.84,S433 AI Gold Star 123 (Coppock),
2026-02-18 16:30:00,2026-02-18 17:20:00,SELL,4917.09,4923.66,4897.39,4916.45,FLIP,0.44,S433 AI Gold Star 123 (Coppock),
2026-02-18 17:20:00,2026-02-18 17:45:00,BUY,4916.45,4910.64,4933.87,4910.64,SL,-6.01,S433 AI Gold Star 123 (Coppock),
2026-02-18 19:40:00,2026-02-18 20:30:00,SELL,4956.12,4967.28,4922.65,4970.94,FLIP,-15.02,S433 AI Gold Star 123 (Coppock),
2026-02-18 20:30:00,2026-02-18 21:00:00,BUY,4970.94,4959.39,5005.59,5005.59,TP,34.45,S433 AI Gold Star 123 (Coppock),
2026-02-18 21:30:00,2026-02-18 22:40:00,SELL,5001.79,5016.49,4957.69,5005.53,FLIP,-3.94,S433 AI Gold Star 123 (Coppock),
2026-02-18 22:40:00,2026-02-18 23:00:00,BUY,5005.53,4997.98,5028.19,4997.98,SL,-7.75,S433 AI Gold Star 123 (Coppock),
2026-02-18 23:10:00,2026-02-18 23:15:00,SELL,4999.08,5006.37,4977.21,4998.54,FLIP,0.34,S433 AI Gold Star 123 (Coppock),
2026-02-18 23:15:00,2026-02-18 23:20:00,BUY,4998.54,4991.45,5019.8,4999.54,FLIP,0.8,S433 AI Gold Star 123 (Coppock),
2026-02-18 23:20:00,2026-02-19 00:00:00,SELL,4999.54,5006.44,4978.84,5001.99,FLIP,-2.65,S433 AI Gold Star 123 (Coppock),
2026-02-19 00:00:00,2026-02-19 00:15:00,BUY,5001.99,4996.49,5018.49,4994.47,FLIP,-7.72,S433 AI Gold Star 123 (Coppock),
2026-02-19 00:15:00,2026-02-19 01:00:00,SELL,4994.47,4999.99,4977.91,4991.63,FLIP,2.64,S433 AI Gold Star 123 (Coppock),
2026-02-19 01:00:00,2026-02-19 01:25:00,BUY,4991.63,4983.24,5016.8,4978.84,FLIP,-12.99,S433 AI Gold Star 123 (Coppock),
2026-02-19 01:25:00,2026-02-19 01:30:00,SELL,4978.84,4989.31,4947.42,4982.93,FLIP,-4.29,S433 AI Gold Star 123 (Coppock),
2026-02-19 01:30:00,2026-02-19 01:55:00,BUY,4982.93,4971.63,5016.82,4980.44,FLIP,-2.69,S433 AI Gold Star 123 (Coppock),
2026-02-19 01:55:00,2026-02-19 02:00:00,SELL,4980.44,4989.84,4952.23,4984.09,FLIP,-3.85,S433 AI Gold Star 123 (Coppock),
2026-02-19 02:00:00,2026-02-19 02:05:00,BUY,4984.09,4974.43,5013.08,4980.18,FLIP,-4.11,S433 AI Gold Star 123 (Coppock),
2026-02-19 02:05:00,2026-02-19 02:20:00,SELL,4980.18,4989.98,4950.77,4978.5,FLIP,1.48,S433 AI Gold Star 123 (Coppock),
2026-02-19 02:20:00,2026-02-19 02:25:00,BUY,4978.5,4969.26,5006.23,4977.64,FLIP,-1.06,S433 AI Gold Star 123 (Coppock),
2026-02-19 02:25:00,2026-02-19 02:30:00,SELL,4977.64,4986.69,4950.48,4981.83,FLIP,-4.39,S433 AI Gold Star 123 (Coppock),
2026-02-19 02:30:00,2026-02-19 05:00:00,BUY,4981.83,4972.43,5010.02,4972.43,SL,-9.6,S433 AI Gold Star 123 (Coppock),
2026-02-19 05:20:00,2026-02-19 05:50:00,BUY,4981.84,4975.06,5002.19,4975.06,SL,-6.98,S433 AI Gold Star 123 (Coppock),
2026-02-19 06:00:00,2026-02-19 06:55:00,SELL,4962.85,4973.38,4931.27,4961.32,FLIP,1.33,S433 AI Gold Star 123 (Coppock),
2026-02-19 06:55:00,2026-02-19 10:25:00,BUY,4961.32,4952.42,4988.03,4979.95,FLIP,18.43,S433 AI Gold Star 123 (Coppock),
2026-02-19 10:25:00,2026-02-19 10:30:00,SELL,4979.95,4985.54,4963.17,4984.39,FLIP,-4.64,S433 AI Gold Star 123 (Coppock),
2026-02-19 10:30:00,2026-02-19 10:35:00,BUY,4984.39,4978.71,5001.42,4981.37,FLIP,-3.22,S433 AI Gold Star 123 (Coppock),
2026-02-19 10:35:00,2026-02-19 11:00:00,SELL,4981.37,4987.14,4964.06,4987.14,SL,-5.97,S433 AI Gold Star 123 (Coppock),
2026-02-19 11:05:00,2026-02-19 12:05:00,BUY,4990.42,4985.03,5006.58,4998.52,FLIP,7.9,S433 AI Gold Star 123 (Coppock),
2026-02-19 12:05:00,2026-02-19 12:30:00,SELL,4998.52,5003.02,4985.01,5007.74,FLIP,-9.42,S433 AI Gold Star 123 (Coppock),
2026-02-19 12:30:00,2026-02-19 13:15:00,BUY,5007.74,5002.93,5022.16,5016.75,FLIP,8.81,S433 AI Gold Star 123 (Coppock),
2026-02-19 13:15:00,2026-02-19 14:35:00,SELL,5016.75,5022.46,4999.62,5015.63,FLIP,0.92,S433 AI Gold Star 123 (Coppock),
2026-02-19 14:35:00,2026-02-19 15:15:00,BUY,5015.63,5010.09,5032.25,5013.9,FLIP,-1.93,S433 AI Gold Star 123 (Coppock),
2026-02-19 15:15:00,2026-02-19 15:35:00,SELL,5013.9,5019.95,4995.75,4995.75,TP,17.95,S433 AI Gold Star 123 (Coppock),
2026-02-19 16:20:00,2026-02-19 16:25:00,BUY,4990.9,4981.93,5017.8,4986.89,FLIP,-4.21,S433 AI Gold Star 123 (Coppock),
2026-02-19 16:25:00,2026-02-19 16:30:00,SELL,4986.89,4995.77,4960.25,4992.47,FLIP,-5.78,S433 AI Gold Star 123 (Coppock),
2026-02-19 16:30:00,2026-02-19 17:15:00,BUY,4992.47,4982.9,5021.19,4982.9,SL,-9.77,S433 AI Gold Star 123 (Coppock),
2026-02-19 17:25:00,2026-02-19 17:35:00,SELL,4984.68,4993.18,4959.19,4984.52,FLIP,-0.04,S433 AI Gold Star 123 (Coppock),
2026-02-19 17:35:00,2026-02-19 17:40:00,BUY,4984.52,4976.21,5009.44,4982.72,FLIP,-2.0,S433 AI Gold Star 123 (Coppock),
2026-02-19 17:40:00,2026-02-19 18:05:00,SELL,4982.72,4990.26,4960.09,4990.26,SL,-7.74,S433 AI Gold Star 123 (Coppock),
2026-02-19 18:10:00,2026-02-19 18:55:00,BUY,4988.41,4979.8,5014.25,4984.96,FLIP,-3.65,S433 AI Gold Star 123 (Coppock),
2026-02-19 18:55:00,2026-02-19 19:00:00,SELL,4984.96,4992.88,4961.2,4983.43,FLIP,1.33,S433 AI Gold Star 123 (Coppock),
2026-02-19 19:00:00,2026-02-19 19:05:00,BUY,4983.43,4975.17,5008.22,4983.19,FLIP,-0.44,S433 AI Gold Star 123 (Coppock),
2026-02-19 19:05:00,2026-02-19 19:30:00,SELL,4983.19,4991.58,4958.01,4988.34,FLIP,-5.35,S433 AI Gold Star 123 (Coppock),
2026-02-19 19:30:00,2026-02-19 20:00:00,BUY,4988.34,4978.8,5016.95,4985.55,FLIP,-2.99,S433 AI Gold Star 123 (Coppock),
2026-02-19 20:00:00,2026-02-19 20:40:00,SELL,4985.55,4995.85,4954.64,4992.56,FLIP,-7.21,S433 AI Gold Star 123 (Coppock),
2026-02-19 20:40:00,2026-02-19 21:45:00,BUY,4992.56,4980.36,5029.15,5015.46,FLIP,22.7,S433 AI Gold Star 123 (Coppock),
2026-02-19 21:45:00,2026-02-19 23:10:00,SELL,5015.46,5028.79,4975.46,4996.69,FLIP,18.57,S433 AI Gold Star 123 (Coppock),
2026-02-19 23:10:00,2026-02-19 23:40:00,BUY,4996.69,4985.64,5029.84,4993.43,FLIP,-3.46,S433 AI Gold Star 123 (Coppock),
2026-02-19 23:40:00,2026-02-20 00:10:00,SELL,4993.43,5003.39,4963.54,4988.16,FLIP,5.07,S433 AI Gold Star 123 (Coppock),
2026-02-20 00:10:00,2026-02-20 00:15:00,BUY,4988.16,4978.82,5016.19,4983.77,FLIP,-4.59,S433 AI Gold Star 123 (Coppock),
2026-02-20 00:15:00,2026-02-20 00:35:00,SELL,4983.77,4993.09,4955.8,4979.99,FLIP,3.58,S433 AI Gold Star 123 (Coppock),
2026-02-20 00:35:00,2026-02-20 00:40:00,BUY,4979.99,4970.97,5007.05,4975.73,FLIP,-4.46,S433 AI Gold Star 123 (Coppock),
2026-02-20 00:40:00,2026-02-20 00:45:00,SELL,4975.73,4984.69,4948.86,4981.65,FLIP,-6.12,S433 AI Gold Star 123 (Coppock),
2026-02-20 00:45:00,2026-02-20 01:55:00,BUY,4981.65,4972.96,5007.72,4987.95,FLIP,6.1,S433 AI Gold Star 123 (Coppock),
2026-02-20 01:55:00,2026-02-20 02:05:00,SELL,4987.95,4993.92,4970.04,4990.81,FLIP,-3.06,S433 AI Gold Star 123 (Coppock),
2026-02-20 02:05:00,2026-02-20 02:10:00,BUY,4990.81,4984.99,5008.27,4991.01,FLIP,-0.0,S433 AI Gold Star 123 (Coppock),
2026-02-20 02:10:00,2026-02-20 02:15:00,SELL,4991.01,4996.62,4974.17,4994.43,FLIP,-3.62,S433 AI Gold Star 123 (Coppock),
2026-02-20 02:15:00,2026-02-20 03:05:00,BUY,4994.43,4988.8,5011.32,4998.8,FLIP,4.17,S433 AI Gold Star 123 (Coppock),
2026-02-20 03:05:00,2026-02-20 05:05:00,SELL,4998.8,5003.66,4984.22,5003.66,SL,-5.06,S433 AI Gold Star 123 (Coppock),
2026-02-20 10:00:00,2026-02-20 10:10:00,BUY,4991.59,4983.33,5016.38,4992.46,FLIP,0.67,S433 AI Gold Star 123 (Coppock),
2026-02-20 10:10:00,2026-02-20 10:15:00,SELL,4992.46,5000.43,4968.56,4991.48,FLIP,0.78,S433 AI Gold Star 123 (Coppock),
2026-02-20 10:15:00,2026-02-20 11:35:00,BUY,4991.48,4983.85,5014.36,5003.12,FLIP,11.44,S433 AI Gold Star 123 (Coppock),
2026-02-20 11:35:00,2026-02-20 11:50:00,SELL,5003.12,5008.0,4988.47,5008.0,SL,-5.08,S433 AI Gold Star 123 (Coppock),
2026-02-20 12:55:00,2026-02-20 13:10:00,SELL,5020.72,5027.66,4999.9,5027.66,SL,-7.14,S433 AI Gold Star 123 (Coppock),
2026-02-20 14:10:00,2026-02-20 15:10:00,BUY,5012.67,5003.83,5039.19,5039.19,TP,26.32,S433 AI Gold Star 123 (Coppock),
2026-02-20 15:25:00,2026-02-20 16:30:00,SELL,5034.04,5041.62,5011.3,5033.5,FLIP,0.34,S433 AI Gold Star 123 (Coppock),
2026-02-20 16:30:00,2026-02-20 16:45:00,BUY,5033.5,5026.63,5054.1,5026.63,SL,-7.07,S433 AI Gold Star 123 (Coppock),
2026-02-20 18:30:00,2026-02-20 20:35:00,BUY,5021.13,5010.84,5052.01,5052.01,TP,30.68,S433 AI Gold Star 123 (Coppock),
2026-02-20 20:55:00,2026-02-20 21:00:00,SELL,5054.6,5066.02,5020.33,5020.33,TP,34.07,S433 AI Gold Star 123 (Coppock),
2026-02-20 21:40:00,2026-02-21 02:45:00,BUY,5045.54,5017.55,5129.51,5084.3,FLIP,38.56,S433 AI Gold Star 123 (Coppock),
2026-02-21 02:45:00,2026-02-21 02:50:00,SELL,5084.3,5089.77,5067.89,5087.79,FLIP,-3.69,S433 AI Gold Star 123 (Coppock),
2026-02-21 02:50:00,2026-02-21 03:10:00,BUY,5087.79,5082.04,5105.05,5093.21,FLIP,5.22,S433 AI Gold Star 123 (Coppock),
2026-02-21 03:10:00,2026-02-21 03:25:00,SELL,5093.21,5100.08,5072.59,5097.96,FLIP,-4.95,S433 AI Gold Star 123 (Coppock),
2026-02-21 03:25:00,2026-02-21 03:30:00,BUY,5097.96,5091.43,5117.56,5098.24,FLIP,0.08,S433 AI Gold Star 123 (Coppock),
2026-02-21 03:30:00,2026-02-21 03:35:00,SELL,5098.24,5104.63,5079.06,5099.82,FLIP,-1.78,S433 AI Gold Star 123 (Coppock),
2026-02-21 03:35:00,2026-02-21 03:50:00,BUY,5099.82,5093.42,5119.01,5103.93,FLIP,3.91,S433 AI Gold Star 123 (Coppock),
2026-02-21 03:50:00,2026-02-21 03:55:00,SELL,5103.93,5110.62,5083.86,5104.9,FLIP,-1.17,S433 AI Gold Star 123 (Coppock),
2026-02-21 03:55:00,2026-02-23 05:05:00,BUY,5104.9,5098.06,5125.42,5125.42,TP,20.32,S433 AI Gold Star 123 (Coppock),
2026-02-23 06:00:00,2026-02-23 07:05:00,SELL,5148.29,5165.22,5097.49,5155.19,FLIP,-7.1,S433 AI Gold Star 123 (Coppock),
2026-02-23 07:05:00,2026-02-23 08:10:00,BUY,5155.19,5136.76,5210.49,5160.55,FLIP,5.16,S433 AI Gold Star 123 (Coppock),
2026-02-23 08:10:00,2026-02-23 08:40:00,SELL,5160.55,5171.55,5127.56,5174.39,FLIP,-14.04,S433 AI Gold Star 123 (Coppock),
2026-02-23 08:40:00,2026-02-23 08:50:00,BUY,5174.39,5164.58,5203.83,5164.58,SL,-10.01,S433 AI Gold Star 123 (Coppock),
2026-02-23 09:05:00,2026-02-23 10:10:00,SELL,5164.84,5174.32,5136.39,5162.33,FLIP,2.31,S433 AI Gold Star 123 (Coppock),
2026-02-23 10:10:00,2026-02-23 10:30:00,BUY,5162.33,5153.08,5190.08,5159.05,FLIP,-3.48,S433 AI Gold Star 123 (Coppock),
2026-02-23 10:30:00,2026-02-23 11:10:00,SELL,5159.05,5166.07,5137.98,5158.4,FLIP,0.45,S433 AI Gold Star 123 (Coppock),
2026-02-23 11:10:00,2026-02-23 12:40:00,BUY,5158.4,5151.33,5179.62,5151.33,SL,-7.27,S433 AI Gold Star 123 (Coppock),
2026-02-23 13:45:00,2026-02-23 14:20:00,BUY,5136.8,5125.36,5171.11,5128.06,FLIP,-8.94,S433 AI Gold Star 123 (Coppock),
2026-02-23 14:20:00,2026-02-23 14:30:00,SELL,5128.06,5137.93,5098.45,5130.91,FLIP,-3.05,S433 AI Gold Star 123 (Coppock),
2026-02-23 14:30:00,2026-02-23 15:50:00,BUY,5130.91,5120.59,5161.88,5147.2,FLIP,16.09,S433 AI Gold Star 123 (Coppock),
2026-02-23 15:50:00,2026-02-23 16:20:00,SELL,5147.2,5153.42,5128.54,5153.42,SL,-6.42,S433 AI Gold Star 123 (Coppock),
2026-02-23 20:10:00,2026-02-23 20:35:00,BUY,5156.71,5148.2,5182.23,5182.23,TP,25.32,S433 AI Gold Star 123 (Coppock),
2026-02-23 21:20:00,2026-02-23 22:15:00,SELL,5194.17,5207.9,5152.97,5215.19,FLIP,-21.22,S433 AI Gold Star 123 (Coppock),
2026-02-23 22:15:00,2026-02-23 23:35:00,BUY,5215.19,5198.23,5266.07,5198.23,SL,-17.16,S433 AI Gold Star 123 (Coppock),
2026-02-24 03:10:00,2026-02-24 05:00:00,SELL,5231.16,5236.93,5213.85,5242.48,FLIP,-11.52,S433 AI Gold Star 123 (Coppock),
2026-02-24 05:00:00,2026-02-24 05:25:00,BUY,5242.48,5235.22,5264.25,5235.22,SL,-7.46,S433 AI Gold Star 123 (Coppock),
2026-02-24 05:50:00,2026-02-24 06:45:00,SELL,5234.69,5246.6,5198.97,5229.89,FLIP,4.6,S433 AI Gold Star 123 (Coppock),
2026-02-24 06:45:00,2026-02-24 06:50:00,BUY,5229.89,5219.06,5262.39,5227.19,FLIP,-2.9,S433 AI Gold Star 123 (Coppock),
2026-02-24 06:50:00,2026-02-24 07:10:00,SELL,5227.19,5238.0,5194.75,5194.75,TP,32.24,S433 AI Gold Star 123 (Coppock),
2026-02-24 07:45:00,2026-02-24 07:50:00,BUY,5178.52,5155.62,5247.21,5167.51,FLIP,-11.21,S433 AI Gold Star 123 (Coppock),
2026-02-24 07:50:00,2026-02-24 07:55:00,SELL,5167.51,5191.33,5096.05,5177.4,FLIP,-10.09,S433 AI Gold Star 123 (Coppock),
2026-02-24 07:55:00,2026-02-24 09:20:00,BUY,5177.4,5152.51,5252.06,5187.09,FLIP,9.49,S433 AI Gold Star 123 (Coppock),
2026-02-24 09:20:00,2026-02-24 10:35:00,SELL,5187.09,5196.49,5158.88,5169.03,FLIP,17.86,S433 AI Gold Star 123 (Coppock),
2026-02-24 10:35:00,2026-02-24 10:40:00,BUY,5169.03,5160.82,5193.65,5164.71,FLIP,-4.52,S433 AI Gold Star 123 (Coppock),
2026-02-24 10:40:00,2026-02-24 10:45:00,SELL,5164.71,5173.25,5139.1,5170.55,FLIP,-6.04,S433 AI Gold Star 123 (Coppock),
2026-02-24 10:45:00,2026-02-24 12:20:00,BUY,5170.55,5161.66,5197.22,5177.84,FLIP,7.09,S433 AI Gold Star 123 (Coppock),
2026-02-24 12:20:00,2026-02-24 13:15:00,SELL,5177.84,5186.0,5153.35,5178.84,FLIP,-1.2,S433 AI Gold Star 123 (Coppock),
2026-02-24 13:15:00,2026-02-24 14:05:00,BUY,5178.84,5168.47,5209.95,5175.35,FLIP,-3.69,S433 AI Gold Star 123 (Coppock),
2026-02-24 14:05:00,2026-02-24 14:30:00,SELL,5175.35,5185.59,5144.62,5180.58,FLIP,-5.43,S433 AI Gold Star 123 (Coppock),
2026-02-24 14:30:00,2026-02-24 14:45:00,BUY,5180.58,5170.1,5212.02,5170.1,SL,-10.68,S433 AI Gold Star 123 (Coppock),
2026-02-24 19:05:00,2026-02-24 19:35:00,BUY,5158.47,5146.83,5193.39,5138.53,FLIP,-20.14,S433 AI Gold Star 123 (Coppock),
2026-02-24 19:35:00,2026-02-24 19:40:00,SELL,5138.53,5149.92,5104.37,5145.9,FLIP,-7.57,S433 AI Gold Star 123 (Coppock),
2026-02-24 19:40:00,2026-02-24 19:45:00,BUY,5145.9,5134.05,5181.46,5126.58,FLIP,-19.52,S433 AI Gold Star 123 (Coppock),
2026-02-24 19:45:00,2026-02-24 20:30:00,SELL,5126.58,5140.08,5086.07,5117.65,FLIP,8.73,S433 AI Gold Star 123 (Coppock),
2026-02-24 20:30:00,2026-02-24 21:50:00,BUY,5117.65,5095.83,5183.11,5145.92,FLIP,28.07,S433 AI Gold Star 123 (Coppock),
2026-02-24 21:50:00,2026-02-24 23:10:00,SELL,5145.92,5157.88,5110.05,5157.88,SL,-12.16,S433 AI Gold Star 123 (Coppock),
2026-02-25 05:30:00,2026-02-25 07:05:00,BUY,5131.85,5121.4,5163.19,5163.19,TP,31.14,S433 AI Gold Star 123 (Coppock),
2026-02-25 07:50:00,2026-02-25 09:30:00,SELL,5183.22,5196.93,5142.09,5187.35,FLIP,-4.33,S433 AI Gold Star 123 (Coppock),
2026-02-25 09:30:00,2026-02-25 09:35:00,BUY,5187.35,5177.42,5217.15,5183.66,FLIP,-3.89,S433 AI Gold Star 123 (Coppock),
2026-02-25 09:35:00,2026-02-25 10:15:00,SELL,5183.66,5193.65,5153.69,5183.09,FLIP,0.37,S433 AI Gold Star 123 (Coppock),
2026-02-25 10:15:00,2026-02-25 10:20:00,BUY,5183.09,5174.03,5210.28,5182.13,FLIP,-1.16,S433 AI Gold Star 123 (Coppock),
2026-02-25 10:20:00,2026-02-25 10:30:00,SELL,5182.13,5191.21,5154.89,5181.55,FLIP,0.38,S433 AI Gold Star 123 (Coppock),
2026-02-25 10:30:00,2026-02-25 10:35:00,BUY,5181.55,5173.18,5206.66,5182.66,FLIP,0.91,S433 AI Gold Star 123 (Coppock),
2026-02-25 10:35:00,2026-02-25 10:40:00,SELL,5182.66,5190.54,5159.02,5184.12,FLIP,-1.66,S433 AI Gold Star 123 (Coppock),
2026-02-25 10:40:00,2026-02-25 11:45:00,BUY,5184.12,5176.87,5205.88,5205.88,TP,21.56,S433 AI Gold Star 123 (Coppock),
2026-02-25 12:00:00,2026-02-25 14:00:00,SELL,5193.84,5202.83,5166.86,5187.99,FLIP,5.65,S433 AI Gold Star 123 (Coppock),
2026-02-25 14:00:00,2026-02-25 15:00:00,BUY,5187.99,5180.4,5210.77,5180.4,SL,-7.79,S433 AI Gold Star 123 (Coppock),
2026-02-25 17:20:00,2026-02-25 20:55:00,BUY,5165.26,5156.36,5191.96,5191.96,TP,26.5,S433 AI Gold Star 123 (Coppock),
2026-02-26 01:25:00,2026-02-26 02:10:00,BUY,5202.4,5195.84,5222.07,5195.84,SL,-6.76,S433 AI Gold Star 123 (Coppock),
2026-02-26 03:20:00,2026-02-26 05:30:00,BUY,5169.19,5153.37,5216.65,5168.96,FLIP,-0.43,S433 AI Gold Star 123 (Coppock),
2026-02-26 05:30:00,2026-02-26 05:45:00,SELL,5168.96,5179.11,5138.51,5179.11,SL,-10.35,S433 AI Gold Star 123 (Coppock),
2026-02-26 06:20:00,2026-02-26 07:15:00,BUY,5180.86,5167.93,5219.64,5189.4,FLIP,8.34,S433 AI Gold Star 123 (Coppock),
2026-02-26 07:15:00,2026-02-26 11:15:00,SELL,5189.4,5200.65,5155.64,5200.65,SL,-11.45,S433 AI Gold Star 123 (Coppock),
2026-02-26 13:35:00,2026-02-26 13:40:00,BUY,5188.33,5180.55,5211.67,5186.48,FLIP,-2.05,S433 AI Gold Star 123 (Coppock),
2026-02-26 13:40:00,2026-02-26 13:55:00,SELL,5186.48,5194.21,5163.28,5186.01,FLIP,0.27,S433 AI Gold Star 123 (Coppock),
2026-02-26 13:55:00,2026-02-26 14:25:00,BUY,5186.01,5178.07,5209.82,5177.05,FLIP,-9.16,S433 AI Gold Star 123 (Coppock),
2026-02-26 14:25:00,2026-02-26 14:55:00,SELL,5177.05,5185.4,5152.0,5179.44,FLIP,-2.59,S433 AI Gold Star 123 (Coppock),
2026-02-26 14:55:00,2026-02-26 15:00:00,BUY,5179.44,5169.55,5209.11,5174.42,FLIP,-5.22,S433 AI Gold Star 123 (Coppock),
2026-02-26 15:00:00,2026-02-26 15:10:00,SELL,5174.42,5184.5,5144.19,5181.64,FLIP,-7.42,S433 AI Gold Star 123 (Coppock),
2026-02-26 15:10:00,2026-02-26 15:15:00,BUY,5181.64,5171.83,5211.07,5176.92,FLIP,-4.92,S433 AI Gold Star 123 (Coppock),
2026-02-26 15:15:00,2026-02-26 15:20:00,SELL,5176.92,5186.8,5147.29,5176.56,FLIP,0.16,S433 AI Gold Star 123 (Coppock),
2026-02-26 15:20:00,2026-02-26 16:15:00,BUY,5176.56,5167.15,5204.78,5182.75,FLIP,5.99,S433 AI Gold Star 123 (Coppock),
2026-02-26 16:15:00,2026-02-26 17:25:00,SELL,5182.75,5188.71,5164.87,5171.96,FLIP,10.59,S433 AI Gold Star 123 (Coppock),
2026-02-26 17:25:00,2026-02-26 17:50:00,BUY,5171.96,5164.39,5194.66,5163.55,FLIP,-8.61,S433 AI Gold Star 123 (Coppock),
2026-02-26 17:50:00,2026-02-26 18:05:00,SELL,5163.55,5170.65,5142.26,5169.11,FLIP,-5.76,S433 AI Gold Star 123 (Coppock),
2026-02-26 18:05:00,2026-02-26 18:10:00,BUY,5169.11,5161.63,5191.56,5168.43,FLIP,-0.88,S433 AI Gold Star 123 (Coppock),
2026-02-26 18:10:00,2026-02-26 18:15:00,SELL,5168.43,5175.62,5146.86,5172.08,FLIP,-3.85,S433 AI Gold Star 123 (Coppock),
2026-02-26 18:15:00,2026-02-26 19:05:00,BUY,5172.08,5164.67,5194.3,5172.47,FLIP,0.19,S433 AI Gold Star 123 (Coppock),
2026-02-26 19:05:00,2026-02-26 20:10:00,SELL,5172.47,5181.83,5144.38,5166.28,FLIP,5.99,S433 AI Gold Star 123 (Coppock),
2026-02-26 20:10:00,2026-02-26 20:30:00,BUY,5166.28,5156.4,5195.93,5156.4,SL,-10.08,S433 AI Gold Star 123 (Coppock),
2026-02-26 21:10:00,2026-02-26 21:35:00,SELL,5162.36,5177.38,5117.31,5169.33,FLIP,-7.17,S433 AI Gold Star 123 (Coppock),
2026-02-26 21:35:00,2026-02-26 22:40:00,BUY,5169.33,5148.07,5233.1,5183.31,FLIP,13.78,S433 AI Gold Star 123 (Coppock),
2026-02-26 22:40:00,2026-02-27 02:05:00,SELL,5183.31,5196.14,5144.81,5196.14,SL,-13.03,S433 AI Gold Star 123 (Coppock),
2026-02-27 02:20:00,2026-02-27 02:25:00,BUY,5197.83,5191.04,5218.19,5193.68,FLIP,-4.35,S433 AI Gold Star 123 (Coppock),
2026-02-27 02:25:00,2026-02-27 02:30:00,SELL,5193.68,5200.67,5172.72,5194.64,FLIP,-1.16,S433 AI Gold Star 123 (Coppock),
2026-02-27 02:30:00,2026-02-27 02:40:00,BUY,5194.64,5187.63,5215.68,5198.35,FLIP,3.51,S433 AI Gold Star 123 (Coppock),
2026-02-27 02:40:00,2026-02-27 02:45:00,SELL,5198.35,5205.39,5177.24,5200.02,FLIP,-1.87,S433 AI Gold Star 123 (Coppock),
2026-02-27 02:45:00,2026-02-27 02:50:00,BUY,5200.02,5193.48,5219.63,5192.84,FLIP,-7.38,S433 AI Gold Star 123 (Coppock),
2026-02-27 02:50:00,2026-02-27 03:00:00,SELL,5192.84,5199.99,5171.4,5199.99,SL,-7.35,S433 AI Gold Star 123 (Coppock),
2026-02-27 05:20:00,2026-02-27 06:35:00,BUY,5183.69,5176.52,5205.2,5176.52,SL,-7.37,S433 AI Gold Star 123 (Coppock),
2026-02-27 07:30:00,2026-02-27 08:20:00,BUY,5182.08,5172.41,5211.08,5186.8,FLIP,4.52,S433 AI Gold Star 123 (Coppock),
2026-02-27 08:20:00,2026-02-27 11:30:00,SELL,5186.8,5194.93,5162.41,5194.93,SL,-8.33,S433 AI Gold Star 123 (Coppock),
2026-02-27 13:35:00,2026-02-27 13:40:00,BUY,5182.67,5175.53,5204.09,5180.44,FLIP,-2.43,S433 AI Gold Star 123 (Coppock),
2026-02-27 13:40:00,2026-02-27 13:45:00,SELL,5180.44,5187.45,5159.41,5181.24,FLIP,-1.0,S433 AI Gold Star 123 (Coppock),
2026-02-27 13:45:00,2026-02-27 14:55:00,BUY,5181.24,5174.34,5201.94,5178.74,FLIP,-2.7,S433 AI Gold Star 123 (Coppock),
2026-02-27 14:55:00,2026-02-27 15:00:00,SELL,5178.74,5184.65,5161.0,5178.4,FLIP,0.14,S433 AI Gold Star 123 (Coppock),
2026-02-27 15:00:00,2026-02-27 15:10:00,BUY,5178.4,5172.45,5196.25,5178.47,FLIP,-0.13,S433 AI Gold Star 123 (Coppock),
2026-02-27 15:10:00,2026-02-27 15:15:00,SELL,5178.47,5183.74,5162.65,5177.92,FLIP,0.35,S433 AI Gold Star 123 (Coppock),
2026-02-27 15:15:00,2026-02-27 15:25:00,BUY,5177.92,5172.66,5193.7,5178.99,FLIP,0.87,S433 AI Gold Star 123 (Coppock),
2026-02-27 15:25:00,2026-02-27 15:30:00,SELL,5178.99,5184.26,5163.18,5179.58,FLIP,-0.79,S433 AI Gold Star 123 (Coppock),
2026-02-27 15:30:00,2026-02-27 15:45:00,BUY,5179.58,5174.57,5194.61,5177.0,FLIP,-2.78,S433 AI Gold Star 123 (Coppock),
2026-02-27 15:45:00,2026-02-27 16:15:00,SELL,5177.0,5182.18,5161.47,5178.61,FLIP,-1.81,S433 AI Gold Star 123 (Coppock),
2026-02-27 16:15:00,2026-02-27 16:25:00,BUY,5178.61,5171.9,5198.73,5173.43,FLIP,-5.38,S433 AI Gold Star 123 (Coppock),
2026-02-27 16:25:00,2026-02-27 16:40:00,SELL,5173.43,5180.68,5151.69,5176.11,FLIP,-2.88,S433 AI Gold Star 123 (Coppock),
2026-02-27 16:40:00,2026-02-27 17:15:00,BUY,5176.11,5168.26,5199.65,5174.11,FLIP,-2.2,S433 AI Gold Star 123 (Coppock),
2026-02-27 17:15:00,2026-02-27 17:20:00,SELL,5174.11,5180.64,5154.53,5176.84,FLIP,-2.93,S433 AI Gold Star 123 (Coppock),
2026-02-27 17:20:00,2026-02-27 18:30:00,BUY,5176.84,5170.6,5195.56,5185.73,FLIP,8.69,S433 AI Gold Star 123 (Coppock),
2026-02-27 18:30:00,2026-02-27 19:00:00,SELL,5185.73,5190.19,5172.34,5195.17,FLIP,-9.64,S433 AI Gold Star 123 (Coppock),
2026-02-27 19:00:00,2026-02-27 19:05:00,BUY,5195.17,5189.86,5211.09,5211.09,TP,15.72,S433 AI Gold Star 123 (Coppock),
2026-02-27 19:45:00,2026-02-27 20:00:00,SELL,5213.37,5227.33,5171.5,5227.33,SL,-14.16,S433 AI Gold Star 123 (Coppock),
2026-02-27 21:05:00,2026-02-27 21:15:00,BUY,5230.39,5215.98,5273.62,5223.25,FLIP,-7.34,S433 AI Gold Star 123 (Coppock),
2026-02-27 21:15:00,2026-02-27 21:25:00,SELL,5223.25,5238.96,5176.12,5231.57,FLIP,-8.52,S433 AI Gold Star 123 (Coppock),
2026-02-27 21:25:00,2026-02-27 22:20:00,BUY,5231.57,5214.48,5282.83,5230.05,FLIP,-1.72,S433 AI Gold Star 123 (Coppock),
2026-02-27 22:20:00,2026-02-28 01:00:00,SELL,5230.05,5247.37,5178.09,5247.37,SL,-17.52,S433 AI Gold Star 123 (Coppock),
2026-02-28 03:00:00,2026-02-28 03:35:00,SELL,5259.81,5266.49,5239.77,5270.58,FLIP,-10.97,S433 AI Gold Star 123 (Coppock),
2026-02-28 03:35:00,2026-03-02 05:05:00,BUY,5270.58,5263.69,5291.24,5291.24,TP,20.46,S433 AI Gold Star 123 (Coppock),
2026-03-02 06:00:00,2026-03-02 07:35:00,SELL,5375.42,5404.5,5288.17,5334.53,FLIP,40.69,S433 AI Gold Star 123 (Coppock),
2026-03-02 07:35:00,2026-03-02 09:40:00,BUY,5334.53,5309.57,5409.42,5362.19,FLIP,27.46,S433 AI Gold Star 123 (Coppock),
2026-03-02 09:40:00,2026-03-02 11:30:00,SELL,5362.19,5373.5,5328.26,5354.95,FLIP,7.04,S433 AI Gold Star 123 (Coppock),
2026-03-02 11:30:00,2026-03-02 12:40:00,BUY,5354.95,5345.26,5384.03,5375.62,FLIP,20.47,S433 AI Gold Star 123 (Coppock),
2026-03-02 12:40:00,2026-03-02 12:45:00,SELL,5375.62,5384.41,5349.24,5384.44,FLIP,-9.02,S433 AI Gold Star 123 (Coppock),
2026-03-02 12:45:00,2026-03-02 12:50:00,BUY,5384.44,5375.04,5412.65,5386.07,FLIP,1.43,S433 AI Gold Star 123 (Coppock),
2026-03-02 12:50:00,2026-03-02 13:05:00,SELL,5386.07,5395.34,5358.26,5400.7,FLIP,-14.83,S433 AI Gold Star 123 (Coppock),
2026-03-02 13:05:00,2026-03-02 13:35:00,BUY,5400.7,5390.47,5431.4,5405.64,FLIP,4.74,S433 AI Gold Star 123 (Coppock),
2026-03-02 13:35:00,2026-03-02 13:45:00,SELL,5405.64,5417.45,5370.21,5411.38,FLIP,-5.94,S433 AI Gold Star 123 (Coppock),
2026-03-02 13:45:00,2026-03-02 13:50:00,BUY,5411.38,5399.42,5447.25,5407.55,FLIP,-4.03,S433 AI Gold Star 123 (Coppock),
2026-03-02 13:50:00,2026-03-02 15:30:00,SELL,5407.55,5419.72,5371.05,5397.09,FLIP,10.26,S433 AI Gold Star 123 (Coppock),
2026-03-02 15:30:00,2026-03-02 15:35:00,BUY,5397.09,5384.08,5436.13,5395.23,FLIP,-2.06,S433 AI Gold Star 123 (Coppock),
2026-03-02 15:35:00,2026-03-02 15:50:00,SELL,5395.23,5407.61,5358.09,5392.89,FLIP,2.14,S433 AI Gold Star 123 (Coppock),
2026-03-02 15:50:00,2026-03-02 16:00:00,BUY,5392.89,5381.08,5428.31,5385.9,FLIP,-7.19,S433 AI Gold Star 123 (Coppock),
2026-03-02 16:00:00,2026-03-02 16:05:00,SELL,5385.9,5396.79,5353.23,5391.02,FLIP,-5.32,S433 AI Gold Star 123 (Coppock),
2026-03-02 16:05:00,2026-03-02 16:50:00,BUY,5391.02,5379.77,5424.78,5386.26,FLIP,-4.96,S433 AI Gold Star 123 (Coppock),
2026-03-02 16:50:00,2026-03-02 16:55:00,SELL,5386.26,5397.67,5352.02,5389.38,FLIP,-3.32,S433 AI Gold Star 123 (Coppock),
2026-03-02 16:55:00,2026-03-02 17:00:00,BUY,5389.38,5378.06,5423.35,5389.12,FLIP,-0.46,S433 AI Gold Star 123 (Coppock),
2026-03-02 17:00:00,2026-03-02 17:10:00,SELL,5389.12,5400.26,5355.69,5388.59,FLIP,0.33,S433 AI Gold Star 123 (Coppock),
2026-03-02 17:10:00,2026-03-02 17:20:00,BUY,5388.59,5377.48,5421.93,5388.6,FLIP,-0.19,S433 AI Gold Star 123 (Coppock),
2026-03-02 17:20:00,2026-03-02 17:35:00,SELL,5388.6,5399.25,5356.66,5399.25,SL,-10.85,S433 AI Gold Star 123 (Coppock),
2026-03-02 21:05:00,2026-03-02 21:55:00,BUY,5336.04,5301.62,5439.3,5315.93,FLIP,-20.31,S433 AI Gold Star 123 (Coppock),
2026-03-02 21:55:00,2026-03-02 22:35:00,SELL,5315.93,5341.89,5238.04,5306.34,FLIP,9.39,S433 AI Gold Star 123 (Coppock),
2026-03-02 22:35:00,2026-03-02 22:40:00,BUY,5306.34,5275.67,5398.34,5301.4,FLIP,-5.14,S433 AI Gold Star 123 (Coppock),
2026-03-02 22:40:00,2026-03-02 22:50:00,SELL,5301.4,5331.66,5210.62,5296.22,FLIP,4.98,S433 AI Gold Star 123 (Coppock),
2026-03-02 22:50:00,2026-03-03 00:00:00,BUY,5296.22,5265.79,5387.5,5299.72,FLIP,3.3,S433 AI Gold Star 123 (Coppock),
2026-03-03 00:00:00,2026-03-03 00:45:00,SELL,5299.72,5314.75,5254.62,5311.28,FLIP,-11.76,S433 AI Gold Star 123 (Coppock),
2026-03-03 00:45:00,2026-03-03 01:40:00,BUY,5311.28,5298.25,5350.37,5325.15,FLIP,13.67,S433 AI Gold Star 123 (Coppock),
2026-03-03 01:40:00,2026-03-03 02:05:00,SELL,5325.15,5337.09,5289.34,5337.09,SL,-12.14,S433 AI Gold Star 123 (Coppock),
2026-03-03 02:35:00,2026-03-03 02:45:00,BUY,5342.13,5328.56,5382.84,5338.2,FLIP,-4.13,S433 AI Gold Star 123 (Coppock),
2026-03-03 02:45:00,2026-03-03 02:50:00,SELL,5338.2,5351.77,5297.49,5339.39,FLIP,-1.39,S433 AI Gold Star 123 (Coppock),
2026-03-03 02:50:00,2026-03-03 03:45:00,BUY,5339.39,5325.63,5380.66,5325.63,SL,-13.96,S433 AI Gold Star 123 (Coppock),
2026-03-03 07:35:00,2026-03-03 08:00:00,SELL,5373.36,5386.16,5334.97,5334.97,TP,38.19,S433 AI Gold Star 123 (Coppock),
2026-03-03 08:35:00,2026-03-03 11:35:00,BUY,5358.64,5341.6,5409.77,5341.6,SL,-17.24,S433 AI Gold Star 123 (Coppock),
2026-03-03 12:25:00,2026-03-03 12:50:00,BUY,5316.66,5293.41,5386.4,5293.41,SL,-23.45,S433 AI Gold Star 123 (Coppock),
2026-03-03 14:05:00,2026-03-03 14:55:00,SELL,5326.25,5337.82,5291.53,5291.53,TP,34.52,S433 AI Gold Star 123 (Coppock),
2026-03-03 15:45:00,2026-03-03 16:45:00,BUY,5264.0,5239.84,5336.49,5249.44,FLIP,-14.76,S433 AI Gold Star 123 (Coppock),
2026-03-03 16:45:00,2026-03-03 17:05:00,SELL,5249.44,5269.45,5189.42,5189.42,TP,59.82,S433 AI Gold Star 123 (Coppock),
2026-03-03 17:50:00,2026-03-03 19:00:00,BUY,5152.33,5098.44,5313.99,5174.95,FLIP,22.42,S433 AI Gold Star 123 (Coppock),
2026-03-03 19:00:00,2026-03-03 19:55:00,SELL,5174.95,5202.33,5092.82,5156.86,FLIP,17.89,S433 AI Gold Star 123 (Coppock),
2026-03-03 19:55:00,2026-03-03 20:20:00,BUY,5156.86,5122.38,5260.31,5126.2,FLIP,-30.86,S433 AI Gold Star 123 (Coppock),
2026-03-03 20:20:00,2026-03-03 20:25:00,SELL,5126.2,5154.37,5041.7,5146.21,FLIP,-20.21,S433 AI Gold Star 123 (Coppock),
2026-03-03 20:25:00,2026-03-03 20:30:00,BUY,5146.21,5117.48,5232.4,5120.92,FLIP,-25.49,S433 AI Gold Star 123 (Coppock),
2026-03-03 20:30:00,2026-03-03 20:50:00,SELL,5120.92,5150.4,5032.49,5032.49,TP,88.23,S433 AI Gold Star 123 (Coppock),
2026-03-03 21:25:00,2026-03-03 22:40:00,BUY,5044.24,4995.29,5191.09,5111.42,FLIP,66.98,S433 AI Gold Star 123 (Coppock),
2026-03-03 22:40:00,2026-03-04 00:50:00,SELL,5111.42,5138.0,5031.68,5138.0,SL,-26.78,S433 AI Gold Star 123 (Coppock),
2026-03-04 03:40:00,2026-03-04 06:45:00,BUY,5091.88,5076.0,5139.53,5139.53,TP,47.45,S433 AI Gold Star 123 (Coppock),
2026-03-04 07:25:00,2026-03-04 07:40:00,SELL,5146.94,5163.6,5096.97,5163.03,FLIP,-16.29,S433 AI Gold Star 123 (Coppock),
2026-03-04 07:40:00,2026-03-04 07:55:00,BUY,5163.03,5145.85,5214.58,5175.06,FLIP,11.83,S433 AI Gold Star 123 (Coppock),
2026-03-04 07:55:00,2026-03-04 08:05:00,SELL,5175.06,5193.05,5121.1,5184.42,FLIP,-9.56,S433 AI Gold Star 123 (Coppock),
2026-03-04 08:05:00,2026-03-04 08:10:00,BUY,5184.42,5166.25,5238.93,5190.03,FLIP,5.41,S433 AI Gold Star 123 (Coppock),
2026-03-04 08:10:00,2026-03-04 12:05:00,SELL,5190.03,5206.99,5139.14,5139.14,TP,50.69,S433 AI Gold Star 123 (Coppock),
2026-03-04 12:30:00,2026-03-04 12:40:00,BUY,5151.87,5133.49,5207.01,5148.22,FLIP,-3.85,S433 AI Gold Star 123 (Coppock),
2026-03-04 12:40:00,2026-03-04 12:45:00,SELL,5148.22,5166.66,5092.91,5149.44,FLIP,-1.42,S433 AI Gold Star 123 (Coppock),
2026-03-04 12:45:00,2026-03-04 17:45:00,BUY,5149.44,5131.13,5204.38,5191.97,FLIP,42.33,S433 AI Gold Star 123 (Coppock),
2026-03-04 17:45:00,2026-03-04 18:00:00,SELL,5191.97,5199.84,5168.37,5201.44,FLIP,-9.67,S433 AI Gold Star 123 (Coppock),
2026-03-04 18:00:00,2026-03-04 18:10:00,BUY,5201.44,5192.89,5227.09,5197.55,FLIP,-4.09,S433 AI Gold Star 123 (Coppock),
2026-03-04 18:10:00,2026-03-04 18:30:00,SELL,5197.55,5205.58,5173.45,5173.45,TP,23.9,S433 AI Gold Star 123 (Coppock),
2026-03-04 19:05:00,2026-03-04 19:55:00,BUY,5188.37,5173.91,5231.76,5173.91,SL,-14.66,S433 AI Gold Star 123 (Coppock),
2026-03-04 21:00:00,2026-03-04 21:10:00,BUY,5159.53,5136.44,5228.81,5134.21,FLIP,-25.52,S433 AI Gold Star 123 (Coppock),
2026-03-04 21:10:00,2026-03-04 21:20:00,SELL,5134.21,5158.94,5060.03,5149.07,FLIP,-15.06,S433 AI Gold Star 123 (Coppock),
2026-03-04 21:20:00,2026-03-04 21:40:00,BUY,5149.07,5123.67,5225.26,5143.91,FLIP,-5.36,S433 AI Gold Star 123 (Coppock),
2026-03-04 21:40:00,2026-03-04 21:50:00,SELL,5143.91,5168.63,5069.75,5148.92,FLIP,-5.21,S433 AI Gold Star 123 (Coppock),
2026-03-04 21:50:00,2026-03-04 23:20:00,BUY,5148.92,5124.75,5221.43,5124.75,SL,-24.37,S433 AI Gold Star 123 (Coppock),
2026-03-05 00:30:00,2026-03-05 00:35:00,BUY,5126.16,5112.39,5167.47,5118.25,FLIP,-8.11,S433 AI Gold Star 123 (Coppock),
2026-03-05 00:35:00,2026-03-05 00:40:00,SELL,5118.25,5132.13,5076.6,5125.44,FLIP,-7.39,S433 AI Gold Star 123 (Coppock),
2026-03-05 00:40:00,2026-03-05 02:00:00,BUY,5125.44,5110.74,5169.53,5134.36,FLIP,8.72,S433 AI Gold Star 123 (Coppock),
2026-03-05 02:00:00,2026-03-05 02:20:00,SELL,5134.36,5142.13,5111.05,5131.5,FLIP,2.66,S433 AI Gold Star 123 (Coppock),
2026-03-05 02:20:00,2026-03-05 05:00:00,BUY,5131.5,5123.98,5154.07,5154.07,TP,22.37,S433 AI Gold Star 123 (Coppock),
2026-03-05 06:10:00,2026-03-05 06:15:00,SELL,5171.17,5180.27,5143.86,5177.76,FLIP,-6.79,S433 AI Gold Star 123 (Coppock),
2026-03-05 06:15:00,2026-03-05 06:25:00,BUY,5177.76,5168.74,5204.82,5173.56,FLIP,-4.4,S433 AI Gold Star 123 (Coppock),
2026-03-05 06:25:00,2026-03-05 06:45:00,SELL,5173.56,5181.52,5149.67,5176.59,FLIP,-3.23,S433 AI Gold Star 123 (Coppock),
2026-03-05 06:45:00,2026-03-05 06:50:00,BUY,5176.59,5167.85,5202.8,5170.27,FLIP,-6.52,S433 AI Gold Star 123 (Coppock),
2026-03-05 06:50:00,2026-03-05 07:05:00,SELL,5170.27,5179.28,5143.25,5179.28,SL,-9.21,S433 AI Gold Star 123 (Coppock),
2026-03-05 08:10:00,2026-03-05 08:40:00,BUY,5178.71,5168.16,5210.35,5175.15,FLIP,-3.76,S433 AI Gold Star 123 (Coppock),
2026-03-05 08:40:00,2026-03-05 08:45:00,SELL,5175.15,5185.7,5143.5,5180.76,FLIP,-5.81,S433 AI Gold Star 123 (Coppock),
2026-03-05 08:45:00,2026-03-05 09:10:00,BUY,5180.76,5170.07,5212.83,5185.85,FLIP,4.89,S433 AI Gold Star 123 (Coppock),
2026-03-05 09:10:00,2026-03-05 09:15:00,SELL,5185.85,5196.2,5154.81,5188.21,FLIP,-2.56,S433 AI Gold Star 123 (Coppock),
2026-03-05 09:15:00,2026-03-05 09:20:00,BUY,5188.21,5178.15,5218.4,5187.08,FLIP,-1.33,S433 AI Gold Star 123 (Coppock),
2026-03-05 09:20:00,2026-03-05 11:05:00,SELL,5187.08,5196.8,5157.91,5175.58,FLIP,11.3,S433 AI Gold Star 123 (Coppock),
2026-03-05 11:05:00,2026-03-05 11:15:00,BUY,5175.58,5168.56,5196.63,5171.01,FLIP,-4.77,S433 AI Gold Star 123 (Coppock),
2026-03-05 11:15:00,2026-03-05 11:20:00,SELL,5171.01,5177.91,5150.3,5172.63,FLIP,-1.82,S433 AI Gold Star 123 (Coppock),
2026-03-05 11:20:00,2026-03-05 11:30:00,BUY,5172.63,5165.81,5193.1,5167.58,FLIP,-5.25,S433 AI Gold Star 123 (Coppock),
2026-03-05 11:30:00,2026-03-05 11:40:00,SELL,5167.58,5174.69,5146.24,5166.44,FLIP,0.94,S433 AI Gold Star 123 (Coppock),
2026-03-05 11:40:00,2026-03-05 11:50:00,BUY,5166.44,5159.21,5188.13,5158.04,FLIP,-8.6,S433 AI Gold Star 123 (Coppock),
2026-03-05 11:50:00,2026-03-05 12:10:00,SELL,5158.04,5166.51,5132.63,5132.63,TP,25.21,S433 AI Gold Star 123 (Coppock),
2026-03-05 12:30:00,2026-03-05 13:35:00,BUY,5147.35,5132.66,5191.42,5160.98,FLIP,13.43,S433 AI Gold Star 123 (Coppock),
2026-03-05 13:35:00,2026-03-05 14:35:00,SELL,5160.98,5172.34,5126.91,5160.25,FLIP,0.53,S433 AI Gold Star 123 (Coppock),
2026-03-05 14:35:00,2026-03-05 15:30:00,BUY,5160.25,5149.52,5192.43,5165.88,FLIP,5.43,S433 AI Gold Star 123 (Coppock),
2026-03-05 15:30:00,2026-03-05 16:30:00,SELL,5165.88,5177.43,5131.24,5153.62,FLIP,12.06,S433 AI Gold Star 123 (Coppock),
2026-03-05 16:30:00,2026-03-05 19:15:00,BUY,5153.62,5143.47,5184.07,5143.47,SL,-10.35,S433 AI Gold Star 123 (Coppock),
2026-03-05 20:00:00,2026-03-05 20:15:00,BUY,5128.98,5103.07,5206.72,5103.07,SL,-26.11,S433 AI Gold Star 123 (Coppock),
2026-03-05 20:35:00,2026-03-05 20:50:00,SELL,5095.77,5117.54,5030.45,5102.31,FLIP,-6.74,S433 AI Gold Star 123 (Coppock),
2026-03-05 20:50:00,2026-03-05 20:55:00,BUY,5102.31,5079.56,5170.55,5101.73,FLIP,-0.78,S433 AI Gold Star 123 (Coppock),
2026-03-05 20:55:00,2026-03-05 21:25:00,SELL,5101.73,5124.08,5034.67,5086.67,FLIP,14.86,S433 AI Gold Star 123 (Coppock),
2026-03-05 21:25:00,2026-03-05 21:40:00,BUY,5086.67,5058.61,5170.86,5080.39,FLIP,-6.48,S433 AI Gold Star 123 (Coppock),
2026-03-05 21:40:00,2026-03-05 21:45:00,SELL,5080.39,5108.13,4997.17,5087.96,FLIP,-7.77,S433 AI Gold Star 123 (Coppock),
2026-03-05 21:45:00,2026-03-05 22:05:00,BUY,5087.96,5062.44,5164.51,5076.98,FLIP,-11.18,S433 AI Gold Star 123 (Coppock),
2026-03-05 22:05:00,2026-03-05 22:10:00,SELL,5076.98,5101.64,5002.99,5083.17,FLIP,-6.39,S433 AI Gold Star 123 (Coppock),
2026-03-05 22:10:00,2026-03-05 22:20:00,BUY,5083.17,5060.08,5152.45,5064.46,FLIP,-18.91,S433 AI Gold Star 123 (Coppock),
2026-03-05 22:20:00,2026-03-05 22:55:00,SELL,5064.46,5083.32,5007.89,5077.65,FLIP,-13.39,S433 AI Gold Star 123 (Coppock),
2026-03-05 22:55:00,2026-03-05 23:35:00,BUY,5077.65,5059.86,5131.01,5059.86,SL,-17.99,S433 AI Gold Star 123 (Coppock),
2026-03-05 23:40:00,2026-03-06 00:25:00,SELL,5063.49,5078.07,5019.76,5071.18,FLIP,-7.89,S433 AI Gold Star 123 (Coppock),
2026-03-06 00:25:00,2026-03-06 01:10:00,BUY,5071.18,5056.25,5115.97,5073.55,FLIP,2.17,S433 AI Gold Star 123 (Coppock),
2026-03-06 01:10:00,2026-03-06 02:00:00,SELL,5073.55,5085.5,5037.71,5067.72,FLIP,5.63,S433 AI Gold Star 123 (Coppock),
2026-03-06 02:00:00,2026-03-06 05:40:00,BUY,5067.72,5056.73,5100.7,5100.7,TP,32.78,S433 AI Gold Star 123 (Coppock),
2026-03-06 05:50:00,2026-03-06 06:50:00,SELL,5089.39,5100.28,5056.73,5089.51,FLIP,-0.32,S433 AI Gold Star 123 (Coppock),
2026-03-06 06:50:00,2026-03-06 06:55:00,BUY,5089.51,5077.05,5126.89,5084.49,FLIP,-5.22,S433 AI Gold Star 123 (Coppock),
2026-03-06 06:55:00,2026-03-06 07:05:00,SELL,5084.49,5097.24,5046.24,5079.15,FLIP,5.14,S433 AI Gold Star 123 (Coppock),
2026-03-06 07:05:00,2026-03-06 07:10:00,BUY,5079.15,5065.94,5118.78,5077.16,FLIP,-2.19,S433 AI Gold Star 123 (Coppock),
2026-03-06 07:10:00,2026-03-06 07:15:00,SELL,5077.16,5090.46,5037.27,5084.85,FLIP,-7.89,S433 AI Gold Star 123 (Coppock),
2026-03-06 07:15:00,2026-03-06 07:50:00,BUY,5084.85,5071.42,5125.15,5125.15,TP,40.1,S433 AI Gold Star 123 (Coppock),
2026-03-06 08:25:00,2026-03-06 09:20:00,SELL,5128.64,5142.58,5086.82,5140.76,FLIP,-12.32,S433 AI Gold Star 123 (Coppock),
2026-03-06 09:20:00,2026-03-06 09:35:00,BUY,5140.76,5132.03,5166.94,5132.03,SL,-8.93,S433 AI Gold Star 123 (Coppock),
2026-03-06 09:55:00,2026-03-06 10:00:00,SELL,5131.13,5139.11,5107.18,5134.24,FLIP,-3.31,S433 AI Gold Star 123 (Coppock),
2026-03-06 10:00:00,2026-03-06 10:05:00,BUY,5134.24,5126.42,5157.69,5134.39,FLIP,-0.05,S433 AI Gold Star 123 (Coppock),
2026-03-06 10:05:00,2026-03-06 10:45:00,SELL,5134.39,5142.22,5110.91,5133.46,FLIP,0.73,S433 AI Gold Star 123 (Coppock),
2026-03-06 10:45:00,2026-03-06 10:55:00,BUY,5133.46,5128.51,5148.31,5127.6,FLIP,-6.06,S433 AI Gold Star 123 (Coppock),
2026-03-06 10:55:00,2026-03-06 11:15:00,SELL,5127.6,5132.74,5112.19,5128.6,FLIP,-1.2,S433 AI Gold Star 123 (Coppock),
2026-03-06 11:15:00,2026-03-06 11:30:00,BUY,5128.6,5122.61,5146.57,5122.61,SL,-6.19,S433 AI Gold Star 123 (Coppock),
2026-03-06 12:15:00,2026-03-06 13:00:00,BUY,5118.74,5109.47,5146.55,5112.21,FLIP,-6.73,S433 AI Gold Star 123 (Coppock),
2026-03-06 13:00:00,2026-03-06 13:20:00,SELL,5112.21,5120.22,5088.17,5114.95,FLIP,-2.94,S433 AI Gold Star 123 (Coppock),
2026-03-06 13:20:00,2026-03-06 13:25:00,BUY,5114.95,5107.58,5137.05,5114.64,FLIP,-0.51,S433 AI Gold Star 123 (Coppock),
2026-03-06 13:25:00,2026-03-06 13:45:00,SELL,5114.64,5122.25,5091.82,5116.49,FLIP,-2.05,S433 AI Gold Star 123 (Coppock),
2026-03-06 13:45:00,2026-03-06 14:20:00,BUY,5116.49,5108.73,5139.78,5108.73,SL,-7.96,S433 AI Gold Star 123 (Coppock),
2026-03-06 15:30:00,2026-03-06 15:35:00,BUY,5100.84,5090.71,5131.23,5091.43,FLIP,-9.61,S433 AI Gold Star 123 (Coppock),
2026-03-06 15:35:00,2026-03-06 15:40:00,SELL,5091.43,5101.87,5060.1,5096.28,FLIP,-5.05,S433 AI Gold Star 123 (Coppock),
2026-03-06 15:40:00,2026-03-06 15:45:00,BUY,5096.28,5086.2,5126.52,5091.3,FLIP,-5.18,S433 AI Gold Star 123 (Coppock),
2026-03-06 15:45:00,2026-03-06 16:15:00,SELL,5091.3,5101.88,5059.57,5082.3,FLIP,8.8,S433 AI Gold Star 123 (Coppock),
2026-03-06 16:15:00,2026-03-06 17:40:00,BUY,5082.3,5069.89,5119.54,5081.21,FLIP,-1.29,S433 AI Gold Star 123 (Coppock),
2026-03-06 17:40:00,2026-03-06 18:10:00,SELL,5081.21,5091.37,5050.74,5089.97,FLIP,-8.96,S433 AI Gold Star 123 (Coppock),
2026-03-06 18:10:00,2026-03-06 18:25:00,BUY,5089.97,5078.26,5125.1,5088.52,FLIP,-1.65,S433 AI Gold Star 123 (Coppock),
2026-03-06 18:25:00,2026-03-06 18:30:00,SELL,5088.52,5100.31,5053.16,5091.03,FLIP,-2.71,S433 AI Gold Star 123 (Coppock),
2026-03-06 18:30:00,2026-03-06 18:55:00,BUY,5091.03,5079.52,5125.57,5083.24,FLIP,-7.99,S433 AI Gold Star 123 (Coppock),
2026-03-06 18:55:00,2026-03-06 19:30:00,SELL,5083.24,5095.34,5046.94,5123.93,FLIP,-40.89,S433 AI Gold Star 123 (Coppock),
2026-03-06 19:30:00,2026-03-06 19:50:00,BUY,5123.93,5108.11,5171.39,5108.11,SL,-16.02,S433 AI Gold Star 123 (Coppock),
2026-03-06 19:55:00,2026-03-06 20:00:00,SELL,5085.08,5106.25,5021.57,5089.13,FLIP,-4.25,S433 AI Gold Star 123 (Coppock),
2026-03-06 20:00:00,2026-03-06 20:05:00,BUY,5089.13,5066.38,5157.38,5088.32,FLIP,-1.01,S433 AI Gold Star 123 (Coppock),
2026-03-06 20:05:00,2026-03-06 20:10:00,SELL,5088.32,5110.71,5021.16,5097.0,FLIP,-8.88,S433 AI Gold Star 123 (Coppock),
2026-03-06 20:10:00,2026-03-06 20:25:00,BUY,5097.0,5074.31,5165.08,5104.47,FLIP,7.27,S433 AI Gold Star 123 (Coppock),
2026-03-06 20:25:00,2026-03-06 20:55:00,SELL,5104.47,5127.96,5033.99,5127.96,SL,-23.69,S433 AI Gold Star 123 (Coppock),
2026-03-06 21:45:00,2026-03-07 01:10:00,SELL,5146.43,5169.87,5076.12,5169.87,SL,-23.64,S433 AI Gold Star 123 (Coppock),
2026-03-07 01:20:00,2026-03-09 04:05:00,SELL,5167.97,5177.29,5140.01,5140.01,TP,27.76,S433 AI Gold Star 123 (Coppock),
2026-03-09 05:25:00,2026-03-09 05:35:00,BUY,5104.62,5077.71,5185.36,5070.07,FLIP,-34.75,S433 AI Gold Star 123 (Coppock),
2026-03-09 05:35:00,2026-03-09 05:55:00,SELL,5070.07,5096.65,4990.34,5075.44,FLIP,-5.57,S433 AI Gold Star 123 (Coppock),
2026-03-09 05:55:00,2026-03-09 06:05:00,BUY,5075.44,5049.46,5153.39,5053.04,FLIP,-22.6,S433 AI Gold Star 123 (Coppock),
2026-03-09 06:05:00,2026-03-09 06:20:00,SELL,5053.04,5079.82,4972.7,5047.68,FLIP,5.16,S433 AI Gold Star 123 (Coppock),
2026-03-09 06:20:00,2026-03-09 07:00:00,BUY,5047.68,5021.31,5126.78,5021.31,SL,-26.57,S433 AI Gold Star 123 (Coppock),
2026-03-09 08:00:00,2026-03-09 08:10:00,SELL,5064.16,5088.64,4990.73,5094.47,FLIP,-30.51,S433 AI Gold Star 123 (Coppock),
2026-03-09 08:10:00,2026-03-09 08:15:00,BUY,5094.47,5071.41,5163.66,5078.78,FLIP,-15.89,S433 AI Gold Star 123 (Coppock),
2026-03-09 08:15:00,2026-03-09 08:45:00,SELL,5078.78,5100.65,5013.16,5092.47,FLIP,-13.89,S433 AI Gold Star 123 (Coppock),
2026-03-09 08:45:00,2026-03-09 12:20:00,BUY,5092.47,5075.19,5144.31,5126.14,FLIP,33.47,S433 AI Gold Star 123 (Coppock),
2026-03-09 12:20:00,2026-03-09 13:25:00,SELL,5126.14,5142.84,5076.03,5106.68,FLIP,19.26,S433 AI Gold Star 123 (Coppock),
2026-03-09 13:25:00,2026-03-09 13:45:00,BUY,5106.68,5094.34,5143.7,5094.34,SL,-12.54,S433 AI Gold Star 123 (Coppock),
2026-03-09 15:40:00,2026-03-09 17:25:00,SELL,5102.89,5117.37,5059.44,5085.77,FLIP,16.92,S433 AI Gold Star 123 (Coppock),
2026-03-09 17:25:00,2026-03-09 19:40:00,BUY,5085.77,5074.53,5119.49,5074.53,SL,-11.44,S433 AI Gold Star 123 (Coppock),
2026-03-09 20:00:00,2026-03-09 20:05:00,BUY,5086.04,5068.12,5139.79,5074.61,FLIP,-11.63,S433 AI Gold Star 123 (Coppock),
2026-03-09 20:05:00,2026-03-09 20:15:00,SELL,5074.61,5094.08,5016.19,5076.05,FLIP,-1.64,S433 AI Gold Star 123 (Coppock),
2026-03-09 20:15:00,2026-03-09 20:25:00,BUY,5076.05,5055.61,5137.38,5081.53,FLIP,5.28,S433 AI Gold Star 123 (Coppock),
2026-03-09 20:25:00,2026-03-09 20:30:00,SELL,5081.53,5102.41,5018.89,5088.68,FLIP,-7.35,S433 AI Gold Star 123 (Coppock),
2026-03-09 20:30:00,2026-03-10 01:30:00,BUY,5088.68,5067.55,5152.07,5131.31,FLIP,42.43,S433 AI Gold Star 123 (Coppock),
2026-03-10 01:30:00,2026-03-10 01:55:00,SELL,5131.31,5141.88,5099.61,5141.88,SL,-10.77,S433 AI Gold Star 123 (Coppock),
2026-03-10 04:40:00,2026-03-10 05:35:00,BUY,5136.49,5124.04,5173.83,5148.18,FLIP,11.49,S433 AI Gold Star 123 (Coppock),
2026-03-10 05:35:00,2026-03-10 07:20:00,SELL,5148.18,5160.39,5111.55,5160.39,SL,-12.41,S433 AI Gold Star 123 (Coppock),
2026-03-10 08:10:00,2026-03-10 10:05:00,SELL,5175.39,5189.49,5133.1,5157.77,FLIP,17.42,S433 AI Gold Star 123 (Coppock),
2026-03-10 10:05:00,2026-03-10 11:30:00,BUY,5157.77,5149.72,5181.93,5168.44,FLIP,10.47,S433 AI Gold Star 123 (Coppock),
2026-03-10 11:30:00,2026-03-10 11:45:00,SELL,5168.44,5173.67,5152.76,5173.21,FLIP,-4.97,S433 AI Gold Star 123 (Coppock),
2026-03-10 11:45:00,2026-03-10 12:05:00,BUY,5173.21,5167.38,5190.71,5175.69,FLIP,2.28,S433 AI Gold Star 123 (Coppock),
2026-03-10 12:05:00,2026-03-10 12:10:00,SELL,5175.69,5182.34,5155.73,5179.55,FLIP,-4.06,S433 AI Gold Star 123 (Coppock),
2026-03-10 12:10:00,2026-03-10 12:15:00,BUY,5179.55,5172.96,5199.31,5177.07,FLIP,-2.68,S433 AI Gold Star 123 (Coppock),
2026-03-10 12:15:00,2026-03-10 13:35:00,SELL,5177.07,5183.65,5157.34,5172.98,FLIP,3.89,S433 AI Gold Star 123 (Coppock),
2026-03-10 13:35:00,2026-03-10 14:50:00,BUY,5172.98,5164.27,5199.12,5188.77,FLIP,15.59,S433 AI Gold Star 123 (Coppock),
2026-03-10 14:50:00,2026-03-10 16:35:00,SELL,5188.77,5197.0,5164.08,5164.08,TP,24.49,S433 AI Gold Star 123 (Coppock),
2026-03-10 16:55:00,2026-03-10 18:05:00,BUY,5177.2,5167.04,5207.67,5167.04,SL,-10.36,S433 AI Gold Star 123 (Coppock),
2026-03-10 19:40:00,2026-03-10 21:10:00,SELL,5209.38,5221.74,5172.31,5221.74,SL,-12.56,S433 AI Gold Star 123 (Coppock),
2026-03-10 21:55:00,2026-03-10 23:00:00,SELL,5228.64,5239.29,5196.69,5229.29,FLIP,-0.85,S433 AI Gold Star 123 (Coppock),
2026-03-10 23:00:00,2026-03-10 23:15:00,BUY,5229.29,5222.37,5250.05,5226.28,FLIP,-3.21,S433 AI Gold Star 123 (Coppock),
2026-03-10 23:15:00,2026-03-10 23:20:00,SELL,5226.28,5233.8,5203.73,5228.56,FLIP,-2.48,S433 AI Gold Star 123 (Coppock),
2026-03-10 23:20:00,2026-03-11 00:00:00,BUY,5228.56,5221.13,5250.85,5221.13,SL,-7.63,S433 AI Gold Star 123 (Coppock),
2026-03-11 00:50:00,2026-03-11 00:55:00,BUY,5201.35,5181.35,5261.36,5191.61,FLIP,-9.94,S433 AI Gold Star 123 (Coppock),
2026-03-11 00:55:00,2026-03-11 01:00:00,SELL,5191.61,5212.4,5129.24,5195.45,FLIP,-4.04,S433 AI Gold Star 123 (Coppock),
2026-03-11 01:00:00,2026-03-11 01:40:00,BUY,5195.45,5173.73,5260.6,5187.41,FLIP,-8.24,S433 AI Gold Star 123 (Coppock),
2026-03-11 01:40:00,2026-03-11 01:45:00,SELL,5187.41,5202.04,5143.52,5189.36,FLIP,-2.15,S433 AI Gold Star 123 (Coppock),
2026-03-11 01:45:00,2026-03-11 02:00:00,BUY,5189.36,5175.59,5230.67,5196.74,FLIP,7.18,S433 AI Gold Star 123 (Coppock),
2026-03-11 02:00:00,2026-03-11 02:05:00,SELL,5196.74,5209.82,5157.5,5196.66,FLIP,-0.12,S433 AI Gold Star 123 (Coppock),
2026-03-11 02:05:00,2026-03-11 02:10:00,BUY,5196.66,5184.52,5233.08,5197.77,FLIP,0.91,S433 AI Gold Star 123 (Coppock),
2026-03-11 02:10:00,2026-03-11 02:20:00,SELL,5197.77,5208.86,5164.5,5197.64,FLIP,-0.07,S433 AI Gold Star 123 (Coppock),
2026-03-11 02:20:00,2026-03-11 02:30:00,BUY,5197.64,5186.66,5230.59,5194.3,FLIP,-3.54,S433 AI Gold Star 123 (Coppock),
2026-03-11 02:30:00,2026-03-11 02:35:00,SELL,5194.3,5204.62,5163.34,5195.76,FLIP,-1.66,S433 AI Gold Star 123 (Coppock),
2026-03-11 02:35:00,2026-03-11 02:55:00,BUY,5195.76,5185.71,5225.92,5192.19,FLIP,-3.77,S433 AI Gold Star 123 (Coppock),
2026-03-11 02:55:00,2026-03-11 04:15:00,SELL,5192.19,5198.5,5173.26,5196.68,FLIP,-4.69,S433 AI Gold Star 123 (Coppock),
2026-03-11 04:15:00,2026-03-11 04:25:00,BUY,5196.68,5188.85,5220.16,5190.75,FLIP,-6.13,S433 AI Gold Star 123 (Coppock),
2026-03-11 04:25:00,2026-03-11 04:40:00,SELL,5190.75,5199.08,5165.77,5193.51,FLIP,-2.96,S433 AI Gold Star 123 (Coppock),
2026-03-11 04:40:00,2026-03-11 04:45:00,BUY,5193.51,5184.78,5219.69,5190.22,FLIP,-3.49,S433 AI Gold Star 123 (Coppock),
2026-03-11 04:45:00,2026-03-11 04:50:00,SELL,5190.22,5199.24,5163.15,5193.42,FLIP,-3.4,S433 AI Gold Star 123 (Coppock),
2026-03-11 04:50:00,2026-03-11 04:55:00,BUY,5193.42,5183.91,5221.95,5189.26,FLIP,-4.36,S433 AI Gold Star 123 (Coppock),
2026-03-11 04:55:00,2026-03-11 05:00:00,SELL,5189.26,5198.83,5160.54,5190.64,FLIP,-1.58,S433 AI Gold Star 123 (Coppock),
2026-03-11 05:00:00,2026-03-11 05:10:00,BUY,5190.64,5180.96,5219.67,5191.77,FLIP,0.93,S433 AI Gold Star 123 (Coppock),
2026-03-11 05:10:00,2026-03-11 05:15:00,SELL,5191.77,5201.27,5163.26,5192.49,FLIP,-0.92,S433 AI Gold Star 123 (Coppock),
2026-03-11 05:15:00,2026-03-11 05:45:00,BUY,5192.49,5183.29,5220.08,5190.59,FLIP,-2.1,S433 AI Gold Star 123 (Coppock),
2026-03-11 05:45:00,2026-03-11 05:50:00,SELL,5190.59,5197.56,5169.68,5193.71,FLIP,-3.32,S433 AI Gold Star 123 (Coppock),
2026-03-11 05:50:00,2026-03-11 06:05:00,BUY,5193.71,5186.9,5214.13,5186.9,SL,-7.01,S433 AI Gold Star 123 (Coppock),
2026-03-11 07:05:00,2026-03-11 07:15:00,SELL,5213.51,5223.62,5183.19,5219.96,FLIP,-6.65,S433 AI Gold Star 123 (Coppock),
2026-03-11 07:15:00,2026-03-11 07:20:00,BUY,5219.96,5209.91,5250.12,5214.77,FLIP,-5.39,S433 AI Gold Star 123 (Coppock),
2026-03-11 07:20:00,2026-03-11 08:35:00,SELL,5214.77,5225.31,5183.15,5205.23,FLIP,9.34,S433 AI Gold Star 123 (Coppock),
2026-03-11 08:35:00,2026-03-11 11:30:00,BUY,5205.23,5197.41,5228.68,5197.41,SL,-8.02,S433 AI Gold Star 123 (Coppock),
2026-03-11 12:05:00,2026-03-11 12:40:00,BUY,5203.5,5196.52,5224.45,5196.52,SL,-7.18,S433 AI Gold Star 123 (Coppock),
2026-03-11 13:45:00,2026-03-11 14:15:00,BUY,5194.62,5186.59,5218.71,5192.37,FLIP,-2.45,S433 AI Gold Star 123 (Coppock),
2026-03-11 14:15:00,2026-03-11 14:45:00,SELL,5192.37,5200.31,5168.55,5185.1,FLIP,7.07,S433 AI Gold Star 123 (Coppock),
2026-03-11 14:45:00,2026-03-11 14:50:00,BUY,5185.1,5175.78,5213.05,5185.8,FLIP,0.5,S433 AI Gold Star 123 (Coppock),
2026-03-11 14:50:00,2026-03-11 14:55:00,SELL,5185.8,5194.84,5158.68,5187.68,FLIP,-2.08,S433 AI Gold Star 123 (Coppock),
2026-03-11 14:55:00,2026-03-11 15:00:00,BUY,5187.68,5178.69,5214.64,5183.59,FLIP,-4.29,S433 AI Gold Star 123 (Coppock),
2026-03-11 15:00:00,2026-03-11 15:10:00,SELL,5183.59,5192.64,5156.43,5184.08,FLIP,-0.69,S433 AI Gold Star 123 (Coppock),
2026-03-11 15:10:00,2026-03-11 18:35:00,BUY,5184.08,5175.3,5210.41,5175.3,SL,-8.98,S433 AI Gold Star 123 (Coppock),
2026-03-11 19:25:00,2026-03-11 19:35:00,BUY,5181.39,5168.97,5218.65,5172.12,FLIP,-9.47,S433 AI Gold Star 123 (Coppock),
2026-03-11 19:35:00,2026-03-11 19:50:00,SELL,5172.12,5185.82,5131.02,5168.37,FLIP,3.55,S433 AI Gold Star 123 (Coppock),
2026-03-11 19:50:00,2026-03-11 21:55:00,BUY,5168.37,5153.96,5211.6,5166.39,FLIP,-2.18,S433 AI Gold Star 123 (Coppock),
2026-03-11 21:55:00,2026-03-11 22:05:00,SELL,5166.39,5177.19,5133.99,5166.04,FLIP,0.15,S433 AI Gold Star 123 (Coppock),
2026-03-11 22:05:00,2026-03-11 23:40:00,BUY,5166.04,5155.75,5196.91,5155.75,SL,-10.49,S433 AI Gold Star 123 (Coppock),
2026-03-12 05:15:00,2026-03-12 05:45:00,BUY,5153.5,5140.26,5193.23,5140.26,SL,-13.44,S433 AI Gold Star 123 (Coppock),
2026-03-12 05:55:00,2026-03-12 06:05:00,SELL,5134.3,5148.0,5093.2,5137.21,FLIP,-3.11,S433 AI Gold Star 123 (Coppock),
2026-03-12 06:05:00,2026-03-12 07:25:00,BUY,5137.21,5125.6,5172.04,5157.45,FLIP,20.04,S433 AI Gold Star 123 (Coppock),
2026-03-12 07:25:00,2026-03-12 07:40:00,SELL,5157.45,5167.61,5126.98,5169.86,FLIP,-12.61,S433 AI Gold Star 123 (Coppock),
2026-03-12 07:40:00,2026-03-12 07:50:00,BUY,5169.86,5159.68,5200.4,5167.39,FLIP,-2.67,S433 AI Gold Star 123 (Coppock),
2026-03-12 07:50:00,2026-03-12 08:00:00,SELL,5167.39,5177.15,5138.12,5171.94,FLIP,-4.75,S433 AI Gold Star 123 (Coppock),
2026-03-12 08:00:00,2026-03-12 08:20:00,BUY,5171.94,5162.0,5201.75,5169.39,FLIP,-2.75,S433 AI Gold Star 123 (Coppock),
2026-03-12 08:20:00,2026-03-12 09:30:00,SELL,5169.39,5177.97,5143.66,5149.58,FLIP,19.61,S433 AI Gold Star 123 (Coppock),
2026-03-12 09:30:00,2026-03-12 10:30:00,BUY,5149.58,5140.88,5175.69,5148.38,FLIP,-1.4,S433 AI Gold Star 123 (Coppock),
2026-03-12 10:30:00,2026-03-12 11:15:00,SELL,5148.38,5153.07,5134.32,5147.14,FLIP,1.04,S433 AI Gold Star 123 (Coppock),
2026-03-12 11:15:00,2026-03-12 11:20:00,BUY,5147.14,5141.88,5162.91,5141.46,FLIP,-5.88,S433 AI Gold Star 123 (Coppock),
2026-03-12 11:20:00,2026-03-12 11:30:00,SELL,5141.46,5147.19,5124.26,5147.31,FLIP,-6.05,S433 AI Gold Star 123 (Coppock),
2026-03-12 11:30:00,2026-03-12 12:40:00,BUY,5147.31,5140.59,5167.48,5167.48,TP,19.97,S433 AI Gold Star 123 (Coppock),
2026-03-12 12:55:00,2026-03-12 13:00:00,SELL,5166.27,5173.04,5145.96,5166.48,FLIP,-0.41,S433 AI Gold Star 123 (Coppock),
2026-03-12 13:00:00,2026-03-12 13:05:00,BUY,5166.48,5159.91,5186.18,5166.39,FLIP,-0.29,S433 AI Gold Star 123 (Coppock),
2026-03-12 13:05:00,2026-03-12 13:10:00,SELL,5166.39,5172.61,5147.74,5170.16,FLIP,-3.97,S433 AI Gold Star 123 (Coppock),
2026-03-12 13:10:00,2026-03-12 13:15:00,BUY,5170.16,5163.83,5189.15,5167.5,FLIP,-2.86,S433 AI Gold Star 123 (Coppock),
2026-03-12 13:15:00,2026-03-12 13:40:00,SELL,5167.5,5173.93,5148.22,5178.8,FLIP,-11.5,S433 AI Gold Star 123 (Coppock),
2026-03-12 13:40:00,2026-03-12 13:50:00,BUY,5178.8,5172.31,5198.28,5178.83,FLIP,-0.17,S433 AI Gold Star 123 (Coppock),
2026-03-12 13:50:00,2026-03-12 13:55:00,SELL,5178.83,5185.29,5159.44,5182.01,FLIP,-3.38,S433 AI Gold Star 123 (Coppock),
2026-03-12 13:55:00,2026-03-12 14:20:00,BUY,5182.01,5175.27,5202.24,5178.36,FLIP,-3.85,S433 AI Gold Star 123 (Coppock),
2026-03-12 14:20:00,2026-03-12 15:30:00,SELL,5178.36,5186.19,5154.87,5184.18,FLIP,-6.02,S433 AI Gold Star 123 (Coppock),
2026-03-12 15:30:00,2026-03-12 16:20:00,BUY,5184.18,5178.09,5202.46,5184.92,FLIP,0.54,S433 AI Gold Star 123 (Coppock),
2026-03-12 16:20:00,2026-03-12 17:30:00,SELL,5184.92,5191.25,5165.93,5177.12,FLIP,7.6,S433 AI Gold Star 123 (Coppock),
2026-03-12 17:30:00,2026-03-12 17:50:00,BUY,5177.12,5171.21,5194.84,5176.92,FLIP,-0.4,S433 AI Gold Star 123 (Coppock),
2026-03-12 17:50:00,2026-03-12 17:55:00,SELL,5176.92,5182.39,5160.51,5179.03,FLIP,-2.31,S433 AI Gold Star 123 (Coppock),
2026-03-12 17:55:00,2026-03-12 18:00:00,BUY,5179.03,5173.36,5196.05,5174.55,FLIP,-4.68,S433 AI Gold Star 123 (Coppock),
2026-03-12 18:00:00,2026-03-12 18:25:00,SELL,5174.55,5180.39,5157.02,5172.32,FLIP,2.03,S433 AI Gold Star 123 (Coppock),
2026-03-12 18:25:00,2026-03-12 18:30:00,BUY,5172.32,5165.15,5193.82,5172.81,FLIP,0.29,S433 AI Gold Star 123 (Coppock),
2026-03-12 18:30:00,2026-03-12 18:40:00,SELL,5172.81,5179.96,5151.35,5174.02,FLIP,-1.41,S433 AI Gold Star 123 (Coppock),
2026-03-12 18:40:00,2026-03-12 19:20:00,BUY,5174.02,5166.36,5197.01,5172.0,FLIP,-2.22,S433 AI Gold Star 123 (Coppock),
2026-03-12 19:20:00,2026-03-12 20:10:00,SELL,5172.0,5182.31,5141.07,5161.02,FLIP,10.78,S433 AI Gold Star 123 (Coppock),
2026-03-12 20:10:00,2026-03-12 20:15:00,BUY,5161.02,5147.69,5201.01,5154.63,FLIP,-6.59,S433 AI Gold Star 123 (Coppock),
2026-03-12 20:15:00,2026-03-12 20:25:00,SELL,5154.63,5168.36,5113.44,5152.19,FLIP,2.24,S433 AI Gold Star 123 (Coppock),
2026-03-12 20:25:00,2026-03-12 20:45:00,BUY,5152.19,5138.73,5192.56,5138.73,SL,-13.66,S433 AI Gold Star 123 (Coppock),
2026-03-12 21:00:00,2026-03-12 21:35:00,SELL,5131.98,5145.62,5091.05,5132.04,FLIP,-0.26,S433 AI Gold Star 123 (Coppock),
2026-03-12 21:35:00,2026-03-12 22:50:00,BUY,5132.04,5117.09,5176.88,5124.82,FLIP,-7.42,S433 AI Gold Star 123 (Coppock),
2026-03-12 22:50:00,2026-03-13 00:00:00,SELL,5124.82,5134.9,5094.57,5108.35,FLIP,16.27,S433 AI Gold Star 123 (Coppock),
2026-03-13 00:00:00,2026-03-13 00:35:00,BUY,5108.35,5099.29,5135.52,5099.29,SL,-9.26,S433 AI Gold Star 123 (Coppock),
2026-03-13 00:45:00,2026-03-13 00:50:00,SELL,5092.28,5100.27,5068.31,5098.55,FLIP,-6.47,S433 AI Gold Star 123 (Coppock),
2026-03-13 00:50:00,2026-03-13 01:00:00,BUY,5098.55,5090.51,5122.68,5087.39,FLIP,-11.36,S433 AI Gold Star 123 (Coppock),
2026-03-13 01:00:00,2026-03-13 01:05:00,SELL,5087.39,5096.65,5059.62,5092.69,FLIP,-5.5,S433 AI Gold Star 123 (Coppock),
2026-03-13 01:05:00,2026-03-13 01:10:00,BUY,5092.69,5083.38,5120.63,5084.85,FLIP,-8.04,S433 AI Gold Star 123 (Coppock),
2026-03-13 01:10:00,2026-03-13 01:20:00,SELL,5084.85,5094.4,5056.2,5092.82,FLIP,-8.17,S433 AI Gold Star 123 (Coppock),
2026-03-13 01:20:00,2026-03-13 01:55:00,BUY,5092.82,5082.71,5123.15,5082.71,SL,-10.31,S433 AI Gold Star 123 (Coppock),
2026-03-13 02:15:00,2026-03-13 02:30:00,SELL,5085.29,5094.79,5056.78,5056.78,TP,28.31,S433 AI Gold Star 123 (Coppock),
2026-03-13 02:50:00,2026-03-13 02:55:00,BUY,5078.54,5067.31,5112.24,5079.2,FLIP,0.46,S433 AI Gold Star 123 (Coppock),
2026-03-13 02:55:00,2026-03-13 04:00:00,SELL,5079.2,5090.15,5046.34,5083.2,FLIP,-4.2,S433 AI Gold Star 123 (Coppock),
2026-03-13 04:00:00,2026-03-13 05:10:00,BUY,5083.2,5071.7,5117.71,5090.84,FLIP,7.44,S433 AI Gold Star 123 (Coppock),
2026-03-13 05:10:00,2026-03-13 05:25:00,SELL,5090.84,5099.14,5065.93,5099.14,SL,-8.5,S433 AI Gold Star 123 (Coppock),
2026-03-13 05:45:00,2026-03-13 05:50:00,BUY,5098.72,5091.17,5121.37,5099.51,FLIP,0.59,S433 AI Gold Star 123 (Coppock),
2026-03-13 05:50:00,2026-03-13 05:55:00,SELL,5099.51,5106.92,5077.28,5098.13,FLIP,1.18,S433 AI Gold Star 123 (Coppock),
2026-03-13 05:55:00,2026-03-13 06:00:00,BUY,5098.13,5090.85,5119.98,5099.1,FLIP,0.77,S433 AI Gold Star 123 (Coppock),
2026-03-13 06:00:00,2026-03-13 06:05:00,SELL,5099.1,5106.45,5077.06,5103.87,FLIP,-4.97,S433 AI Gold Star 123 (Coppock),
2026-03-13 06:05:00,2026-03-13 06:45:00,BUY,5103.87,5096.31,5126.56,5107.89,FLIP,3.82,S433 AI Gold Star 123 (Coppock),
2026-03-13 06:45:00,2026-03-13 06:50:00,SELL,5107.89,5113.68,5090.53,5111.53,FLIP,-3.84,S433 AI Gold Star 123 (Coppock),
2026-03-13 06:50:00,2026-03-13 07:15:00,BUY,5111.53,5105.59,5129.35,5116.02,FLIP,4.29,S433 AI Gold Star 123 (Coppock),
2026-03-13 07:15:00,2026-03-13 07:30:00,SELL,5116.02,5122.26,5097.31,5120.99,FLIP,-5.17,S433 AI Gold Star 123 (Coppock),
2026-03-13 07:30:00,2026-03-13 07:35:00,BUY,5120.99,5114.74,5139.75,5118.59,FLIP,-2.6,S433 AI Gold Star 123 (Coppock),
2026-03-13 07:35:00,2026-03-13 07:55:00,SELL,5118.59,5125.28,5098.52,5124.41,FLIP,-6.02,S433 AI Gold Star 123 (Coppock),
2026-03-13 07:55:00,2026-03-13 08:05:00,BUY,5124.41,5115.76,5150.37,5124.95,FLIP,0.34,S433 AI Gold Star 123 (Coppock),
2026-03-13 08:05:00,2026-03-13 09:40:00,SELL,5124.95,5133.57,5099.08,5110.72,FLIP,14.03,S433 AI Gold Star 123 (Coppock),
2026-03-13 09:40:00,2026-03-13 10:20:00,BUY,5110.72,5104.02,5130.82,5104.02,SL,-6.9,S433 AI Gold Star 123 (Coppock),
2026-03-13 11:10:00,2026-03-13 11:40:00,BUY,5109.07,5103.83,5124.79,5100.57,FLIP,-8.7,S433 AI Gold Star 123 (Coppock),
2026-03-13 11:40:00,2026-03-13 11:45:00,SELL,5100.57,5106.33,5083.3,5103.38,FLIP,-3.01,S433 AI Gold Star 123 (Coppock),
2026-03-13 11:45:00,2026-03-13 11:50:00,BUY,5103.38,5097.42,5121.26,5099.34,FLIP,-4.24,S433 AI Gold Star 123 (Coppock),
2026-03-13 11:50:00,2026-03-13 11:55:00,SELL,5099.34,5105.76,5080.07,5102.76,FLIP,-3.62,S433 AI Gold Star 123 (Coppock),
2026-03-13 11:55:00,2026-03-13 12:05:00,BUY,5102.76,5095.88,5123.41,5105.33,FLIP,2.37,S433 AI Gold Star 123 (Coppock),
2026-03-13 12:05:00,2026-03-13 13:05:00,SELL,5105.33,5112.7,5083.21,5090.85,FLIP,14.28,S433 AI Gold Star 123 (Coppock),
2026-03-13 13:05:00,2026-03-13 13:15:00,BUY,5090.85,5082.12,5117.04,5078.08,FLIP,-12.97,S433 AI Gold Star 123 (Coppock),
2026-03-13 13:15:00,2026-03-13 13:25:00,SELL,5078.08,5087.93,5048.54,5084.82,FLIP,-6.94,S433 AI Gold Star 123 (Coppock),
2026-03-13 13:25:00,2026-03-13 14:00:00,BUY,5084.82,5074.25,5116.52,5068.41,FLIP,-16.61,S433 AI Gold Star 123 (Coppock),
2026-03-13 14:00:00,2026-03-13 14:10:00,SELL,5068.41,5079.03,5036.56,5078.52,FLIP,-10.31,S433 AI Gold Star 123 (Coppock),
2026-03-13 14:10:00,2026-03-13 14:15:00,BUY,5078.52,5067.34,5112.05,5073.42,FLIP,-5.3,S433 AI Gold Star 123 (Coppock),
2026-03-13 14:15:00,2026-03-13 14:30:00,SELL,5073.42,5084.81,5039.24,5077.71,FLIP,-4.49,S433 AI Gold Star 123 (Coppock),
2026-03-13 14:30:00,2026-03-13 14:40:00,BUY,5077.71,5066.34,5111.83,5076.18,FLIP,-1.73,S433 AI Gold Star 123 (Coppock),
2026-03-13 14:40:00,2026-03-13 14:45:00,SELL,5076.18,5087.37,5042.6,5083.78,FLIP,-7.8,S433 AI Gold Star 123 (Coppock),
2026-03-13 14:45:00,2026-03-13 18:00:00,BUY,5083.78,5072.25,5118.37,5118.37,TP,34.39,S433 AI Gold Star 123 (Coppock),
2026-03-13 18:50:00,2026-03-13 20:15:00,SELL,5117.69,5127.85,5087.21,5087.21,TP,30.28,S433 AI Gold Star 123 (Coppock),
2026-03-13 21:05:00,2026-03-13 21:40:00,BUY,5064.67,5047.51,5116.14,5046.8,FLIP,-18.07,S433 AI Gold Star 123 (Coppock),
2026-03-13 21:40:00,2026-03-13 21:45:00,SELL,5046.8,5065.68,4990.16,5049.25,FLIP,-2.65,S433 AI Gold Star 123 (Coppock),
2026-03-13 21:45:00,2026-03-13 21:55:00,BUY,5049.25,5029.65,5108.05,5034.62,FLIP,-14.83,S433 AI Gold Star 123 (Coppock),
2026-03-13 21:55:00,2026-03-13 22:05:00,SELL,5034.62,5055.93,4970.7,5036.96,FLIP,-2.54,S433 AI Gold Star 123 (Coppock),
2026-03-13 22:05:00,2026-03-13 22:15:00,BUY,5036.96,5017.56,5095.17,5031.6,FLIP,-5.56,S433 AI Gold Star 123 (Coppock),
2026-03-13 22:15:00,2026-03-13 22:20:00,SELL,5031.6,5050.47,4974.99,5039.44,FLIP,-8.04,S433 AI Gold Star 123 (Coppock),
2026-03-13 22:20:00,2026-03-13 23:40:00,BUY,5039.44,5020.86,5095.19,5053.58,FLIP,13.94,S433 AI Gold Star 123 (Coppock),
2026-03-13 23:40:00,2026-03-14 01:45:00,SELL,5053.58,5064.03,5022.22,5022.22,TP,31.16,S433 AI Gold Star 123 (Coppock),
2026-03-14 02:25:00,2026-03-16 04:15:00,BUY,5014.03,5004.49,5042.64,5008.14,FLIP,-6.09,S433 AI Gold Star 123 (Coppock),
2026-03-16 04:15:00,2026-03-16 04:25:00,SELL,5008.14,5018.83,4976.06,5012.68,FLIP,-4.74,S433 AI Gold Star 123 (Coppock),
2026-03-16 04:25:00,2026-03-16 04:35:00,BUY,5012.68,5001.04,5047.61,5013.15,FLIP,0.27,S433 AI Gold Star 123 (Coppock),
2026-03-16 04:35:00,2026-03-16 04:45:00,SELL,5013.15,5025.21,4976.96,5020.54,FLIP,-7.59,S433 AI Gold Star 123 (Coppock),
2026-03-16 04:45:00,2026-03-16 05:00:00,BUY,5020.54,5007.5,5059.67,5005.89,FLIP,-14.85,S433 AI Gold Star 123 (Coppock),
2026-03-16 05:00:00,2026-03-16 05:55:00,SELL,5005.89,5019.95,4963.71,4997.67,FLIP,8.02,S433 AI Gold Star 123 (Coppock),
2026-03-16 05:55:00,2026-03-16 10:25:00,BUY,4997.67,4980.56,5049.0,5021.44,FLIP,23.57,S433 AI Gold Star 123 (Coppock),
2026-03-16 10:25:00,2026-03-16 12:15:00,SELL,5021.44,5028.11,5001.42,5028.11,SL,-6.87,S433 AI Gold Star 123 (Coppock),
2026-03-16 13:55:00,2026-03-16 14:10:00,BUY,4995.41,4984.92,5026.88,4988.59,FLIP,-7.02,S433 AI Gold Star 123 (Coppock),
2026-03-16 14:10:00,2026-03-16 14:15:00,SELL,4988.59,4999.54,4955.74,4990.47,FLIP,-2.08,S433 AI Gold Star 123 (Coppock),
2026-03-16 14:15:00,2026-03-16 15:00:00,BUY,4990.47,4979.64,5022.95,4985.96,FLIP,-4.71,S433 AI Gold Star 123 (Coppock),
2026-03-16 15:00:00,2026-03-16 15:05:00,SELL,4985.96,4997.45,4951.48,4984.62,FLIP,1.14,S433 AI Gold Star 123 (Coppock),
2026-03-16 15:05:00,2026-03-16 15:10:00,BUY,4984.62,4972.93,5019.7,4985.32,FLIP,0.5,S433 AI Gold Star 123 (Coppock),
2026-03-16 15:10:00,2026-03-16 15:20:00,SELL,4985.32,4996.63,4951.39,4986.64,FLIP,-1.52,S433 AI Gold Star 123 (Coppock),
2026-03-16 15:20:00,2026-03-16 15:30:00,BUY,4986.64,4976.48,5017.13,4988.54,FLIP,1.7,S433 AI Gold Star 123 (Coppock),
2026-03-16 15:30:00,2026-03-16 16:05:00,SELL,4988.54,4998.13,4959.78,4979.76,FLIP,8.58,S433 AI Gold Star 123 (Coppock),
2026-03-16 16:05:00,2026-03-16 16:10:00,BUY,4979.76,4970.11,5008.72,4976.85,FLIP,-3.11,S433 AI Gold Star 123 (Coppock),
2026-03-16 16:10:00,2026-03-16 16:15:00,SELL,4976.85,4986.16,4948.92,4979.43,FLIP,-2.78,S433 AI Gold Star 123 (Coppock),
2026-03-16 16:15:00,2026-03-16 17:15:00,BUY,4979.43,4970.31,5006.79,5006.79,TP,27.16,S433 AI Gold Star 123 (Coppock),
2026-03-16 17:40:00,2026-03-16 18:30:00,SELL,5015.54,5025.05,4987.02,5025.05,SL,-9.71,S433 AI Gold Star 123 (Coppock),
2026-03-16 18:35:00,2026-03-16 19:20:00,BUY,5023.46,5012.18,5057.29,5026.5,FLIP,2.84,S433 AI Gold Star 123 (Coppock),
2026-03-16 19:20:00,2026-03-16 19:55:00,SELL,5026.5,5036.44,4996.68,5029.74,FLIP,-3.44,S433 AI Gold Star 123 (Coppock),
2026-03-16 19:55:00,2026-03-16 20:10:00,BUY,5029.74,5018.64,5063.05,5028.14,FLIP,-1.8,S433 AI Gold Star 123 (Coppock),
2026-03-16 20:10:00,2026-03-16 20:45:00,SELL,5028.14,5039.74,4993.34,4993.34,TP,34.6,S433 AI Gold Star 123 (Coppock),
2026-03-16 21:15:00,2026-03-16 21:25:00,BUY,5004.66,4991.85,5043.09,4991.85,SL,-13.01,S433 AI Gold Star 123 (Coppock),
2026-03-16 22:25:00,2026-03-16 22:40:00,SELL,4979.96,4991.11,4946.5,4987.12,FLIP,-7.36,S433 AI Gold Star 123 (Coppock),
2026-03-16 22:40:00,2026-03-16 23:35:00,BUY,4987.12,4976.27,5019.67,4986.37,FLIP,-0.95,S433 AI Gold Star 123 (Coppock),
2026-03-16 23:35:00,2026-03-17 00:00:00,SELL,4986.37,4995.15,4960.02,4995.15,SL,-8.98,S433 AI Gold Star 123 (Coppock),
2026-03-17 01:10:00,2026-03-17 02:05:00,SELL,5011.81,5020.26,4986.45,5018.61,FLIP,-7.0,S433 AI Gold Star 123 (Coppock),
2026-03-17 02:05:00,2026-03-17 02:15:00,BUY,5018.61,5010.32,5043.48,5014.98,FLIP,-3.83,S433 AI Gold Star 123 (Coppock),
2026-03-17 02:15:00,2026-03-17 02:20:00,SELL,5014.98,5022.56,4992.25,5016.02,FLIP,-1.24,S433 AI Gold Star 123 (Coppock),
2026-03-17 02:20:00,2026-03-17 02:30:00,BUY,5016.02,5009.29,5036.22,5010.64,FLIP,-5.58,S433 AI Gold Star 123 (Coppock),
2026-03-17 02:30:00,2026-03-17 07:35:00,SELL,5010.64,5017.37,4990.44,5017.37,SL,-6.93,S433 AI Gold Star 123 (Coppock),
2026-03-17 09:35:00,2026-03-17 09:40:00,SELL,5027.72,5033.7,5009.77,5028.72,FLIP,-1.2,S433 AI Gold Star 123 (Coppock),
2026-03-17 09:40:00,2026-03-17 09:45:00,BUY,5028.72,5022.98,5045.93,5026.73,FLIP,-2.19,S433 AI Gold Star 123 (Coppock),
2026-03-17 09:45:00,2026-03-17 10:05:00,SELL,5026.73,5032.4,5009.71,5029.73,FLIP,-3.2,S433 AI Gold Star 123 (Coppock),
2026-03-17 10:05:00,2026-03-17 10:10:00,BUY,5029.73,5024.93,5044.14,5029.14,FLIP,-0.79,S433 AI Gold Star 123 (Coppock),
2026-03-17 10:10:00,2026-03-17 10:25:00,SELL,5029.14,5033.69,5015.49,5032.6,FLIP,-3.66,S433 AI Gold Star 123 (Coppock),
2026-03-17 10:25:00,2026-03-17 10:35:00,BUY,5032.6,5027.68,5047.37,5033.75,FLIP,0.95,S433 AI Gold Star 123 (Coppock),
2026-03-17 10:35:00,2026-03-17 10:40:00,SELL,5033.75,5038.72,5018.84,5039.75,FLIP,-6.2,S433 AI Gold Star 123 (Coppock),
2026-03-17 10:40:00,2026-03-17 11:05:00,BUY,5039.75,5034.32,5056.03,5034.4,FLIP,-5.55,S433 AI Gold Star 123 (Coppock),
2026-03-17 11:05:00,2026-03-17 11:10:00,SELL,5034.4,5040.28,5016.75,5040.46,FLIP,-6.26,S433 AI Gold Star 123 (Coppock),
2026-03-17 11:10:00,2026-03-17 11:15:00,BUY,5040.46,5033.98,5059.9,5037.37,FLIP,-3.29,S433 AI Gold Star 123 (Coppock),
2026-03-17 11:15:00,2026-03-17 12:00:00,SELL,5037.37,5044.38,5016.34,5016.34,TP,20.83,S433 AI Gold Star 123 (Coppock),
2026-03-17 12:35:00,2026-03-17 16:05:00,BUY,5014.21,5004.03,5044.76,5004.03,SL,-10.38,S433 AI Gold Star 123 (Coppock),
2026-03-17 16:20:00,2026-03-17 16:25:00,BUY,5007.9,5001.03,5028.51,5003.72,FLIP,-4.38,S433 AI Gold Star 123 (Coppock),
2026-03-17 16:25:00,2026-03-17 16:30:00,SELL,5003.72,5010.89,4982.21,5004.27,FLIP,-0.75,S433 AI Gold Star 123 (Coppock),
2026-03-17 16:30:00,2026-03-17 16:35:00,BUY,5004.27,4996.8,5026.69,4999.39,FLIP,-5.08,S433 AI Gold Star 123 (Coppock),
2026-03-17 16:35:00,2026-03-17 16:50:00,SELL,4999.39,5007.05,4976.41,5003.43,FLIP,-4.24,S433 AI Gold Star 123 (Coppock),
2026-03-17 16:50:00,2026-03-17 17:55:00,BUY,5003.43,4995.13,5028.34,5003.24,FLIP,-0.39,S433 AI Gold Star 123 (Coppock),
2026-03-17 17:55:00,2026-03-17 18:05:00,SELL,5003.24,5009.5,4984.45,5007.37,FLIP,-4.33,S433 AI Gold Star 123 (Coppock),
2026-03-17 18:05:00,2026-03-17 18:10:00,BUY,5007.37,5001.11,5026.14,5008.74,FLIP,1.17,S433 AI Gold Star 123 (Coppock),
2026-03-17 18:10:00,2026-03-17 18:15:00,SELL,5008.74,5014.77,4990.65,5013.0,FLIP,-4.46,S433 AI Gold Star 123 (Coppock),
2026-03-17 18:15:00,2026-03-17 19:40:00,BUY,5013.0,5006.95,5031.15,5031.15,TP,17.95,S433 AI Gold Star 123 (Coppock),
2026-03-18 09:20:00,2026-03-18 09:25:00,BUY,4996.29,4989.83,5015.68,4996.23,FLIP,-0.26,S433 AI Gold Star 123 (Coppock),
2026-03-18 09:25:00,2026-03-18 09:45:00,SELL,4996.23,5002.33,4977.93,4994.07,FLIP,1.96,S433 AI Gold Star 123 (Coppock),
2026-03-18 09:45:00,2026-03-18 10:25:00,BUY,4994.07,4988.44,5010.96,4990.68,FLIP,-3.59,S433 AI Gold Star 123 (Coppock),
2026-03-18 10:25:00,2026-03-18 10:55:00,SELL,4990.68,4994.29,4979.84,4987.17,FLIP,3.31,S433 AI Gold Star 123 (Coppock),
2026-03-18 10:55:00,2026-03-18 11:00:00,BUY,4987.17,4982.43,5001.39,4985.04,FLIP,-2.33,S433 AI Gold Star 123 (Coppock),
2026-03-18 11:00:00,2026-03-18 11:05:00,SELL,4985.04,4989.88,4970.53,4990.51,FLIP,-5.67,S433 AI Gold Star 123 (Coppock),
2026-03-18 11:05:00,2026-03-18 12:10:00,BUY,4990.51,4985.35,5006.0,5006.0,TP,15.29,S433 AI Gold Star 123 (Coppock),
2026-03-18 12:40:00,2026-03-18 14:05:00,SELL,5011.28,5018.41,4989.9,4989.9,TP,21.18,S433 AI Gold Star 123 (Coppock),
2026-03-18 14:30:00,2026-03-18 14:40:00,BUY,4991.6,4984.2,5013.79,4984.2,SL,-7.6,S433 AI Gold Star 123 (Coppock),
2026-03-18 16:00:00,2026-03-18 16:05:00,SELL,4989.16,4994.02,4974.58,4990.15,FLIP,-1.19,S433 AI Gold Star 123 (Coppock),
2026-03-18 16:05:00,2026-03-18 16:10:00,BUY,4990.15,4985.11,5005.27,4988.91,FLIP,-1.44,S433 AI Gold Star 123 (Coppock),
2026-03-18 16:10:00,2026-03-18 16:35:00,SELL,4988.91,4993.82,4974.18,4974.18,TP,14.53,S433 AI Gold Star 123 (Coppock),
2026-03-18 17:15:00,2026-03-18 17:25:00,BUY,4971.98,4959.47,5009.52,4948.76,FLIP,-23.42,S433 AI Gold Star 123 (Coppock),
2026-03-18 17:25:00,2026-03-18 18:15:00,SELL,4948.76,4963.62,4904.17,4904.17,TP,44.39,S433 AI Gold Star 123 (Coppock),
2026-03-18 18:50:00,2026-03-18 19:00:00,BUY,4887.05,4867.7,4945.09,4860.86,FLIP,-26.39,S433 AI Gold Star 123 (Coppock),
2026-03-18 19:00:00,2026-03-18 19:05:00,SELL,4860.86,4881.83,4797.95,4861.83,FLIP,-1.17,S433 AI Gold Star 123 (Coppock),
2026-03-18 19:05:00,2026-03-18 19:15:00,BUY,4861.83,4840.65,4925.37,4840.65,SL,-21.38,S433 AI Gold Star 123 (Coppock),
2026-03-18 20:30:00,2026-03-18 21:05:00,SELL,4861.88,4879.73,4808.33,4877.75,FLIP,-16.07,S433 AI Gold Star 123 (Coppock),
2026-03-18 21:05:00,2026-03-18 21:45:00,BUY,4877.75,4863.18,4921.46,4863.18,SL,-14.77,S433 AI Gold Star 123 (Coppock),
2026-03-18 21:50:00,2026-03-18 22:10:00,SELL,4864.87,4875.93,4831.7,4877.98,FLIP,-13.31,S433 AI Gold Star 123 (Coppock),
2026-03-18 22:10:00,2026-03-18 23:25:00,BUY,4877.98,4867.84,4908.4,4891.22,FLIP,13.04,S433 AI Gold Star 123 (Coppock),
2026-03-18 23:25:00,2026-03-19 00:50:00,SELL,4891.22,4900.05,4864.73,4864.73,TP,26.29,S433 AI Gold Star 123 (Coppock),
2026-03-19 01:15:00,2026-03-19 01:20:00,BUY,4861.76,4846.42,4907.78,4847.08,FLIP,-14.88,S433 AI Gold Star 123 (Coppock),
2026-03-19 01:20:00,2026-03-19 01:30:00,SELL,4847.08,4863.43,4798.02,4856.93,FLIP,-10.05,S433 AI Gold Star 123 (Coppock),
2026-03-19 01:30:00,2026-03-19 01:50:00,BUY,4856.93,4840.86,4905.13,4840.86,SL,-16.27,S433 AI Gold Star 123 (Coppock),
2026-03-19 02:10:00,2026-03-19 02:45:00,SELL,4825.7,4840.03,4782.7,4825.62,FLIP,-0.12,S433 AI Gold Star 123 (Coppock),
2026-03-19 02:45:00,2026-03-19 04:15:00,BUY,4825.62,4811.56,4867.8,4811.56,SL,-14.26,S433 AI Gold Star 123 (Coppock),
2026-03-19 13:05:00,2026-03-19 13:20:00,BUY,4781.29,4759.26,4847.39,4765.83,FLIP,-15.66,S433 AI Gold Star 123 (Coppock),
2026-03-19 13:20:00,2026-03-19 13:25:00,SELL,4765.83,4788.07,4699.11,4770.37,FLIP,-4.74,S433 AI Gold Star 123 (Coppock),
2026-03-19 13:25:00,2026-03-19 13:40:00,BUY,4770.37,4747.93,4837.68,4747.93,SL,-22.64,S433 AI Gold Star 123 (Coppock),
2026-03-19 14:05:00,2026-03-19 14:45:00,SELL,4715.12,4738.17,4645.97,4711.05,FLIP,3.87,S433 AI Gold Star 123 (Coppock),
2026-03-19 14:45:00,2026-03-19 15:55:00,BUY,4711.05,4680.37,4803.1,4698.96,FLIP,-12.29,S433 AI Gold Star 123 (Coppock),
2026-03-19 15:55:00,2026-03-19 16:00:00,SELL,4698.96,4721.42,4631.58,4711.31,FLIP,-12.55,S433 AI Gold Star 123 (Coppock),
2026-03-19 16:00:00,2026-03-19 16:10:00,BUY,4711.31,4688.73,4779.05,4704.5,FLIP,-7.01,S433 AI Gold Star 123 (Coppock),
2026-03-19 16:10:00,2026-03-19 17:00:00,SELL,4704.5,4727.68,4634.97,4688.36,FLIP,15.94,S433 AI Gold Star 123 (Coppock),
2026-03-19 17:00:00,2026-03-19 17:40:00,BUY,4688.36,4665.34,4757.43,4664.13,FLIP,-24.43,S433 AI Gold Star 123 (Coppock),
2026-03-19 17:40:00,2026-03-19 18:20:00,SELL,4664.13,4683.47,4606.1,4606.1,TP,57.83,S433 AI Gold Star 123 (Coppock),
2026-03-19 18:55:00,2026-03-19 19:00:00,BUY,4574.36,4545.18,4661.9,4550.04,FLIP,-24.52,S433 AI Gold Star 123 (Coppock),
2026-03-19 19:00:00,2026-03-19 19:10:00,SELL,4550.04,4585.8,4442.77,4540.56,FLIP,9.28,S433 AI Gold Star 123 (Coppock),
2026-03-19 19:10:00,2026-03-19 20:25:00,BUY,4540.56,4502.28,4655.39,4585.62,FLIP,44.86,S433 AI Gold Star 123 (Coppock),
2026-03-19 20:25:00,2026-03-19 20:30:00,SELL,4585.62,4624.57,4468.77,4606.12,FLIP,-20.7,S433 AI Gold Star 123 (Coppock),
2026-03-19 20:30:00,2026-03-19 20:40:00,BUY,4606.12,4566.28,4725.65,4613.02,FLIP,6.7,S433 AI Gold Star 123 (Coppock),
2026-03-19 20:40:00,2026-03-20 01:05:00,SELL,4613.02,4650.35,4501.02,4650.35,SL,-37.53,S433 AI Gold Star 123 (Coppock),
2026-03-20 01:45:00,2026-03-20 02:05:00,SELL,4635.55,4655.88,4574.56,4655.88,SL,-20.53,S433 AI Gold Star 123 (Coppock),
2026-03-20 02:35:00,2026-03-20 02:40:00,BUY,4657.44,4645.19,4694.18,4654.69,FLIP,-2.95,S433 AI Gold Star 123 (Coppock),
2026-03-20 02:40:00,2026-03-20 02:45:00,SELL,4654.69,4666.19,4620.19,4657.85,FLIP,-3.36,S433 AI Gold Star 123 (Coppock),
2026-03-20 02:45:00,2026-03-20 04:00:00,BUY,4657.85,4647.25,4689.66,4658.79,FLIP,0.74,S433 AI Gold Star 123 (Coppock),
2026-03-20 04:00:00,2026-03-20 04:05:00,SELL,4658.79,4669.55,4626.5,4665.84,FLIP,-7.25,S433 AI Gold Star 123 (Coppock),
2026-03-20 04:05:00,2026-03-20 04:15:00,BUY,4665.84,4655.13,4697.97,4671.45,FLIP,5.41,S433 AI Gold Star 123 (Coppock),
2026-03-20 04:15:00,2026-03-20 04:55:00,SELL,4671.45,4681.92,4640.05,4640.05,TP,31.2,S433 AI Gold Star 123 (Coppock),
2026-03-20 05:35:00,2026-03-20 07:05:00,BUY,4639.86,4627.58,4676.7,4676.7,TP,36.64,S433 AI Gold Star 123 (Coppock),
2026-03-20 07:55:00,2026-03-20 08:05:00,SELL,4677.43,4696.31,4620.79,4684.79,FLIP,-7.56,S433 AI Gold Star 123 (Coppock),
2026-03-20 08:05:00,2026-03-20 08:25:00,BUY,4684.79,4664.96,4744.27,4683.79,FLIP,-1.2,S433 AI Gold Star 123 (Coppock),
2026-03-20 08:25:00,2026-03-20 08:30:00,SELL,4683.79,4698.3,4640.27,4689.96,FLIP,-6.37,S433 AI Gold Star 123 (Coppock),
2026-03-20 08:30:00,2026-03-20 08:35:00,BUY,4689.96,4675.15,4734.4,4684.35,FLIP,-5.81,S433 AI Gold Star 123 (Coppock),
2026-03-20 08:35:00,2026-03-20 08:45:00,SELL,4684.35,4699.24,4639.67,4700.08,FLIP,-15.93,S433 AI Gold Star 123 (Coppock),
2026-03-20 08:45:00,2026-03-20 08:50:00,BUY,4700.08,4685.1,4745.01,4698.21,FLIP,-2.07,S433 AI Gold Star 123 (Coppock),
2026-03-20 08:50:00,2026-03-20 09:00:00,SELL,4698.21,4712.67,4654.82,4707.22,FLIP,-9.21,S433 AI Gold Star 123 (Coppock),
2026-03-20 09:00:00,2026-03-20 09:40:00,BUY,4707.22,4693.24,4749.17,4730.36,FLIP,22.94,S433 AI Gold Star 123 (Coppock),
2026-03-20 09:40:00,2026-03-20 10:55:00,SELL,4730.36,4745.03,4686.35,4721.74,FLIP,8.42,S433 AI Gold Star 123 (Coppock),
2026-03-20 10:55:00,2026-03-20 11:00:00,BUY,4721.74,4714.94,4742.13,4712.38,FLIP,-9.56,S433 AI Gold Star 123 (Coppock),
2026-03-20 11:00:00,2026-03-20 11:10:00,SELL,4712.38,4719.75,4690.27,4718.51,FLIP,-6.33,S433 AI Gold Star 123 (Coppock),
2026-03-20 11:10:00,2026-03-20 11:30:00,BUY,4718.51,4710.93,4741.25,4702.73,FLIP,-15.98,S433 AI Gold Star 123 (Coppock),
2026-03-20 11:30:00,2026-03-20 11:35:00,SELL,4702.73,4711.65,4675.96,4711.65,SL,-9.12,S433 AI Gold Star 123 (Coppock),
2026-03-20 12:50:00,2026-03-20 14:15:00,BUY,4668.11,4651.46,4718.07,4718.07,TP,49.76,S433 AI Gold Star 123 (Coppock),
2026-03-20 14:30:00,2026-03-20 15:45:00,SELL,4708.16,4720.75,4670.4,4670.4,TP,37.56,S433 AI Gold Star 123 (Coppock),
2026-03-20 15:55:00,2026-03-20 16:00:00,BUY,4667.58,4652.86,4711.74,4653.24,FLIP,-14.54,S433 AI Gold Star 123 (Coppock),
2026-03-20 16:00:00,2026-03-20 16:10:00,SELL,4653.24,4668.63,4607.08,4662.89,FLIP,-9.85,S433 AI Gold Star 123 (Coppock),
2026-03-20 16:10:00,2026-03-20 16:15:00,BUY,4662.89,4646.81,4711.14,4655.99,FLIP,-7.1,S433 AI Gold Star 123 (Coppock),
2026-03-20 16:15:00,2026-03-20 16:25:00,SELL,4655.99,4672.06,4607.78,4658.14,FLIP,-2.35,S433 AI Gold Star 123 (Coppock),
2026-03-20 16:25:00,2026-03-20 16:30:00,BUY,4658.14,4642.06,4706.37,4650.69,FLIP,-7.65,S433 AI Gold Star 123 (Coppock),
2026-03-20 16:30:00,2026-03-20 16:35:00,SELL,4650.69,4667.51,4600.24,4668.84,FLIP,-18.35,S433 AI Gold Star 123 (Coppock),
2026-03-20 16:35:00,2026-03-20 16:50:00,BUY,4668.84,4650.58,4723.61,4650.58,SL,-18.46,S433 AI Gold Star 123 (Coppock),
2026-03-20 18:20:00,2026-03-20 19:35:00,SELL,4681.31,4695.0,4640.24,4640.24,TP,40.87,S433 AI Gold Star 123 (Coppock),
2026-03-20 19:45:00,2026-03-20 20:10:00,SELL,4651.93,4670.67,4595.7,4595.7,TP,56.03,S433 AI Gold Star 123 (Coppock),
2026-03-20 20:40:00,2026-03-20 20:50:00,BUY,4576.18,4546.49,4665.24,4554.62,FLIP,-21.76,S433 AI Gold Star 123 (Coppock),
2026-03-20 20:50:00,2026-03-20 20:55:00,SELL,4554.62,4583.88,4466.83,4564.0,FLIP,-9.58,S433 AI Gold Star 123 (Coppock),
2026-03-20 20:55:00,2026-03-20 22:45:00,BUY,4564.0,4533.88,4654.37,4576.82,FLIP,12.62,S433 AI Gold Star 123 (Coppock),
2026-03-20 22:45:00,2026-03-20 22:50:00,SELL,4576.82,4599.03,4510.2,4581.21,FLIP,-4.59,S433 AI Gold Star 123 (Coppock),
2026-03-20 22:50:00,2026-03-20 22:55:00,BUY,4581.21,4558.97,4647.93,4583.28,FLIP,1.87,S433 AI Gold Star 123 (Coppock),
2026-03-20 22:55:00,2026-03-20 23:00:00,SELL,4583.28,4604.38,4519.98,4589.61,FLIP,-6.53,S433 AI Gold Star 123 (Coppock),
2026-03-20 23:00:00,2026-03-20 23:05:00,BUY,4589.61,4568.91,4651.7,4591.01,FLIP,1.2,S433 AI Gold Star 123 (Coppock),
2026-03-20 23:05:00,2026-03-21 00:45:00,SELL,4591.01,4613.94,4522.22,4522.22,TP,68.59,S433 AI Gold Star 123 (Coppock),
2026-03-21 01:25:00,2026-03-21 02:35:00,BUY,4498.22,4471.96,4577.0,4503.07,FLIP,4.65,S433 AI Gold Star 123 (Coppock),
2026-03-21 02:35:00,2026-03-23 04:05:00,SELL,4503.07,4518.57,4456.57,4510.49,FLIP,-7.62,S433 AI Gold Star 123 (Coppock),
2026-03-23 04:05:00,2026-03-23 04:10:00,BUY,4510.49,4493.61,4561.14,4493.61,SL,-17.08,S433 AI Gold Star 123 (Coppock),
2026-03-23 04:50:00,2026-03-23 06:00:00,SELL,4505.55,4527.84,4438.69,4438.69,TP,66.66,S433 AI Gold Star 123 (Coppock),
2026-03-23 07:00:00,2026-03-23 08:05:00,BUY,4376.93,4328.74,4521.5,4406.48,FLIP,29.35,S433 AI Gold Star 123 (Coppock),
2026-03-23 08:05:00,2026-03-23 09:05:00,SELL,4406.48,4446.45,4286.57,4356.15,FLIP,50.13,S433 AI Gold Star 123 (Coppock),
2026-03-23 09:05:00,2026-03-23 09:10:00,BUY,4356.15,4326.94,4443.77,4349.32,FLIP,-7.03,S433 AI Gold Star 123 (Coppock),
2026-03-23 09:10:00,2026-03-23 09:20:00,SELL,4349.32,4375.56,4270.6,4355.08,FLIP,-5.96,S433 AI Gold Star 123 (Coppock),
2026-03-23 09:20:00,2026-03-23 09:35:00,BUY,4355.08,4330.19,4429.74,4345.85,FLIP,-9.43,S433 AI Gold Star 123 (Coppock),
2026-03-23 09:35:00,2026-03-23 09:40:00,SELL,4345.85,4369.49,4274.93,4342.16,FLIP,3.49,S433 AI Gold Star 123 (Coppock),
2026-03-23 09:40:00,2026-03-23 11:50:00,BUY,4342.16,4319.15,4411.18,4319.15,SL,-23.21,S433 AI Gold Star 123 (Coppock),
2026-03-23 12:55:00,2026-03-23 13:00:00,BUY,4220.29,4177.13,4349.76,4180.48,FLIP,-40.01,S433 AI Gold Star 123 (Coppock),
2026-03-23 13:00:00,2026-03-23 13:30:00,SELL,4180.48,4225.86,4044.34,4157.63,FLIP,22.65,S433 AI Gold Star 123 (Coppock),
2026-03-23 13:30:00,2026-03-23 14:45:00,BUY,4157.63,4099.77,4331.21,4241.67,FLIP,83.84,S433 AI Gold Star 123 (Coppock),
2026-03-23 14:45:00,2026-03-23 15:15:00,SELL,4241.67,4286.4,4107.48,4289.06,FLIP,-47.59,S433 AI Gold Star 123 (Coppock),
2026-03-23 15:15:00,2026-03-23 15:20:00,BUY,4289.06,4251.48,4401.8,4288.77,FLIP,-0.49,S433 AI Gold Star 123 (Coppock),
2026-03-23 15:20:00,2026-03-23 15:25:00,SELL,4288.77,4324.85,4180.52,4303.99,FLIP,-15.42,S433 AI Gold Star 123 (Coppock),
2026-03-23 15:25:00,2026-03-23 15:35:00,BUY,4303.99,4270.88,4403.33,4240.75,FLIP,-63.44,S433 AI Gold Star 123 (Coppock),
2026-03-23 15:35:00,2026-03-23 16:50:00,SELL,4240.75,4277.52,4130.43,4277.52,SL,-36.97,S433 AI Gold Star 123 (Coppock),
2026-03-23 17:55:00,2026-03-23 18:40:00,SELL,4378.9,4449.44,4167.28,4441.63,FLIP,-62.93,S433 AI Gold Star 123 (Coppock),
2026-03-23 18:40:00,2026-03-23 19:15:00,BUY,4441.63,4394.12,4584.17,4423.3,FLIP,-18.53,S433 AI Gold Star 123 (Coppock),
2026-03-23 19:15:00,2026-03-23 19:50:00,SELL,4423.3,4465.23,4297.5,4465.23,SL,-42.13,S433 AI Gold Star 123 (Coppock),
2026-03-23 20:10:00,2026-03-23 20:45:00,BUY,4464.42,4430.34,4566.67,4479.21,FLIP,14.59,S433 AI Gold Star 123 (Coppock),
2026-03-23 20:45:00,2026-03-23 21:55:00,SELL,4479.21,4514.81,4372.42,4372.42,TP,106.59,S433 AI Gold Star 123 (Coppock),
2026-03-23 22:10:00,2026-03-23 22:15:00,BUY,4384.15,4347.31,4494.66,4370.52,FLIP,-13.83,S433 AI Gold Star 123 (Coppock),
2026-03-23 22:15:00,2026-03-23 22:25:00,SELL,4370.52,4408.06,4257.91,4354.95,FLIP,15.37,S433 AI Gold Star 123 (Coppock),
2026-03-23 22:25:00,2026-03-23 23:45:00,BUY,4354.95,4320.04,4459.69,4408.74,FLIP,53.59,S433 AI Gold Star 123 (Coppock),
2026-03-23 23:45:00,2026-03-23 23:50:00,SELL,4408.74,4433.18,4335.41,4424.41,FLIP,-15.87,S433 AI Gold Star 123 (Coppock),
2026-03-23 23:50:00,2026-03-24 01:15:00,BUY,4424.41,4399.66,4498.65,4399.66,SL,-24.95,S433 AI Gold Star 123 (Coppock),
2026-03-24 02:05:00,2026-03-24 04:00:00,BUY,4399.61,4377.99,4464.48,4382.12,FLIP,-17.69,S433 AI Gold Star 123 (Coppock),
2026-03-24 04:00:00,2026-03-24 04:10:00,SELL,4382.12,4397.74,4335.25,4398.28,FLIP,-16.36,S433 AI Gold Star 123 (Coppock),
2026-03-24 04:10:00,2026-03-24 04:20:00,BUY,4398.28,4380.27,4452.31,4399.03,FLIP,0.55,S433 AI Gold Star 123 (Coppock),
2026-03-24 04:20:00,2026-03-24 04:25:00,SELL,4399.03,4417.78,4342.77,4414.54,FLIP,-15.71,S433 AI Gold Star 123 (Coppock),
2026-03-24 04:25:00,2026-03-24 06:25:00,BUY,4414.54,4394.99,4473.19,4394.99,SL,-19.75,S433 AI Gold Star 123 (Coppock),
2026-03-24 07:15:00,2026-03-24 07:45:00,BUY,4346.75,4309.65,4458.05,4309.65,SL,-37.3,S433 AI Gold Star 123 (Coppock),
2026-03-24 08:10:00,2026-03-24 08:20:00,SELL,4312.34,4341.31,4225.44,4336.18,FLIP,-24.04,S433 AI Gold Star 123 (Coppock),
2026-03-24 08:20:00,2026-03-24 12:40:00,BUY,4336.18,4308.08,4420.48,4376.53,FLIP,40.15,S433 AI Gold Star 123 (Coppock),
2026-03-24 12:40:00,2026-03-24 12:55:00,SELL,4376.53,4402.91,4297.38,4402.1,FLIP,-25.77,S433 AI Gold Star 123 (Coppock),
2026-03-24 12:55:00,2026-03-24 13:20:00,BUY,4402.1,4378.42,4473.15,4412.17,FLIP,9.87,S433 AI Gold Star 123 (Coppock),
2026-03-24 13:20:00,2026-03-24 14:45:00,SELL,4412.17,4433.63,4347.79,4409.55,FLIP,2.42,S433 AI Gold Star 123 (Coppock),
2026-03-24 14:45:00,2026-03-24 16:10:00,BUY,4409.55,4390.97,4465.29,4426.11,FLIP,16.36,S433 AI Gold Star 123 (Coppock),
2026-03-24 16:10:00,2026-03-24 16:15:00,SELL,4426.11,4440.34,4383.41,4429.71,FLIP,-3.8,S433 AI Gold Star 123 (Coppock),
2026-03-24 16:15:00,2026-03-24 16:25:00,BUY,4429.71,4415.99,4470.88,4422.24,FLIP,-7.67,S433 AI Gold Star 123 (Coppock),
2026-03-24 16:25:00,2026-03-24 16:55:00,SELL,4422.24,4434.08,4386.73,4438.59,FLIP,-16.55,S433 AI Gold Star 123 (Coppock),
2026-03-24 16:55:00,2026-03-24 17:00:00,BUY,4438.59,4424.11,4482.04,4409.31,FLIP,-29.48,S433 AI Gold Star 123 (Coppock),
2026-03-24 17:00:00,2026-03-24 17:30:00,SELL,4409.31,4430.3,4346.33,4427.95,FLIP,-18.84,S433 AI Gold Star 123 (Coppock),
2026-03-24 17:30:00,2026-03-24 17:50:00,BUY,4427.95,4404.37,4498.7,4400.66,FLIP,-27.49,S433 AI Gold Star 123 (Coppock),
2026-03-24 17:50:00,2026-03-24 17:55:00,SELL,4400.66,4427.2,4321.03,4407.97,FLIP,-7.51,S433 AI Gold Star 123 (Coppock),
2026-03-24 17:55:00,2026-03-24 18:00:00,BUY,4407.97,4381.29,4488.01,4406.54,FLIP,-1.63,S433 AI Gold Star 123 (Coppock),
2026-03-24 18:00:00,2026-03-24 18:10:00,SELL,4406.54,4433.18,4326.61,4420.48,FLIP,-14.14,S433 AI Gold Star 123 (Coppock),
2026-03-24 18:10:00,2026-03-24 18:20:00,BUY,4420.48,4400.37,4480.82,4401.06,FLIP,-19.62,S433 AI Gold Star 123 (Coppock),
2026-03-24 18:20:00,2026-03-24 19:00:00,SELL,4401.06,4421.39,4340.07,4382.35,FLIP,18.51,S433 AI Gold Star 123 (Coppock),
2026-03-24 19:00:00,2026-03-24 19:05:00,BUY,4382.35,4357.62,4456.54,4369.16,FLIP,-13.39,S433 AI Gold Star 123 (Coppock),
2026-03-24 19:05:00,2026-03-24 19:15:00,SELL,4369.16,4394.8,4292.24,4373.08,FLIP,-4.12,S433 AI Gold Star 123 (Coppock),
2026-03-24 19:15:00,2026-03-24 19:20:00,BUY,4373.08,4346.23,4453.63,4372.71,FLIP,-0.57,S433 AI Gold Star 123 (Coppock),
2026-03-24 19:20:00,2026-03-24 19:30:00,SELL,4372.71,4399.02,4293.78,4359.89,FLIP,12.62,S433 AI Gold Star 123 (Coppock),
2026-03-24 19:30:00,2026-03-24 20:55:00,BUY,4359.89,4333.32,4439.6,4415.75,FLIP,55.66,S433 AI Gold Star 123 (Coppock),
2026-03-24 20:55:00,2026-03-24 22:15:00,SELL,4415.75,4441.46,4338.62,4424.51,FLIP,-8.96,S433 AI Gold Star 123 (Coppock),
2026-03-24 22:15:00,2026-03-24 22:30:00,BUY,4424.51,4408.83,4471.56,4419.48,FLIP,-5.23,S433 AI Gold Star 123 (Coppock),
2026-03-24 22:30:00,2026-03-24 23:35:00,SELL,4419.48,4433.3,4378.01,4378.01,TP,41.27,S433 AI Gold Star 123 (Coppock),
2026-03-24 23:55:00,2026-03-25 00:55:00,BUY,4388.58,4371.71,4439.18,4389.51,FLIP,0.73,S433 AI Gold Star 123 (Coppock),
2026-03-25 00:55:00,2026-03-25 01:00:00,SELL,4389.51,4405.97,4340.13,4399.3,FLIP,-9.99,S433 AI Gold Star 123 (Coppock),
2026-03-25 01:00:00,2026-03-25 01:10:00,BUY,4399.3,4382.44,4449.89,4404.52,FLIP,5.02,S433 AI Gold Star 123 (Coppock),
2026-03-25 01:10:00,2026-03-25 01:50:00,SELL,4404.52,4420.47,4356.66,4402.1,FLIP,2.22,S433 AI Gold Star 123 (Coppock),
2026-03-25 01:50:00,2026-03-25 01:55:00,BUY,4402.1,4390.81,4435.97,4400.28,FLIP,-2.02,S433 AI Gold Star 123 (Coppock),
2026-03-25 01:55:00,2026-03-25 02:05:00,SELL,4400.28,4411.14,4367.69,4399.08,FLIP,1.0,S433 AI Gold Star 123 (Coppock),
2026-03-25 02:05:00,2026-03-25 02:10:00,BUY,4399.08,4389.55,4427.67,4400.81,FLIP,1.53,S433 AI Gold Star 123 (Coppock),
2026-03-25 02:10:00,2026-03-25 02:15:00,SELL,4400.81,4409.58,4374.51,4409.58,SL,-8.97,S433 AI Gold Star 123 (Coppock),
2026-03-25 04:15:00,2026-03-25 05:15:00,SELL,4483.68,4509.68,4405.69,4498.27,FLIP,-14.79,S433 AI Gold Star 123 (Coppock),
2026-03-25 05:15:00,2026-03-25 05:35:00,BUY,4498.27,4483.51,4542.56,4542.56,TP,44.09,S433 AI Gold Star 123 (Coppock),
2026-03-25 06:15:00,2026-03-25 06:35:00,SELL,4546.56,4567.13,4484.84,4567.13,SL,-20.77,S433 AI Gold Star 123 (Coppock),
2026-03-25 07:15:00,2026-03-25 07:20:00,BUY,4575.53,4560.5,4620.61,4574.15,FLIP,-1.58,S433 AI Gold Star 123 (Coppock),
2026-03-25 07:20:00,2026-03-25 07:30:00,SELL,4574.15,4589.21,4528.96,4584.59,FLIP,-10.64,S433 AI Gold Star 123 (Coppock),
2026-03-25 07:30:00,2026-03-25 07:40:00,BUY,4584.59,4569.89,4628.68,4585.12,FLIP,0.33,S433 AI Gold Star 123 (Coppock),
2026-03-25 07:40:00,2026-03-25 07:45:00,SELL,4585.12,4598.11,4546.16,4596.48,FLIP,-11.56,S433 AI Gold Star 123 (Coppock),
2026-03-25 07:45:00,2026-03-25 08:00:00,BUY,4596.48,4582.9,4637.22,4589.2,FLIP,-7.48,S433 AI Gold Star 123 (Coppock),
2026-03-25 08:00:00,2026-03-25 11:05:00,SELL,4589.2,4603.09,4547.54,4571.84,FLIP,17.16,S433 AI Gold Star 123 (Coppock),
2026-03-25 11:05:00,2026-03-25 11:10:00,BUY,4571.84,4565.13,4591.96,4571.55,FLIP,-0.49,S433 AI Gold Star 123 (Coppock),
2026-03-25 11:10:00,2026-03-25 11:30:00,SELL,4571.55,4577.73,4553.01,4553.01,TP,18.34,S433 AI Gold Star 123 (Coppock),
2026-03-25 11:40:00,2026-03-25 11:45:00,BUY,4566.72,4557.5,4594.39,4559.28,FLIP,-7.64,S433 AI Gold Star 123 (Coppock),
2026-03-25 11:45:00,2026-03-25 12:20:00,SELL,4559.28,4568.44,4531.79,4551.32,FLIP,7.76,S433 AI Gold Star 123 (Coppock),
2026-03-25 12:20:00,2026-03-25 13:35:00,BUY,4551.32,4537.49,4592.81,4547.05,FLIP,-4.47,S433 AI Gold Star 123 (Coppock),
2026-03-25 13:35:00,2026-03-25 14:10:00,SELL,4547.05,4557.15,4516.76,4558.17,FLIP,-11.32,S433 AI Gold Star 123 (Coppock),
2026-03-25 14:10:00,2026-03-25 15:45:00,BUY,4558.17,4545.75,4595.42,4545.75,SL,-12.62,S433 AI Gold Star 123 (Coppock),
2026-03-25 16:00:00,2026-03-25 17:45:00,BUY,4559.04,4545.34,4600.14,4576.84,FLIP,17.6,S433 AI Gold Star 123 (Coppock),
2026-03-25 17:45:00,2026-03-25 17:50:00,SELL,4576.84,4586.55,4547.71,4577.58,FLIP,-0.94,S433 AI Gold Star 123 (Coppock),
2026-03-25 17:50:00,2026-03-25 17:55:00,BUY,4577.58,4567.94,4606.49,4578.96,FLIP,1.18,S433 AI Gold Star 123 (Coppock),
2026-03-25 17:55:00,2026-03-25 18:25:00,SELL,4578.96,4588.37,4550.72,4550.72,TP,28.04,S433 AI Gold Star 123 (Coppock),
2026-03-25 19:00:00,2026-03-25 19:50:00,BUY,4567.67,4547.82,4627.21,4546.66,FLIP,-21.21,S433 AI Gold Star 123 (Coppock),
2026-03-25 19:50:00,2026-03-25 20:30:00,SELL,4546.66,4564.86,4492.07,4565.69,FLIP,-19.23,S433 AI Gold Star 123 (Coppock),
2026-03-25 20:30:00,2026-03-25 21:15:00,BUY,4565.69,4547.32,4620.8,4547.32,SL,-18.57,S433 AI Gold Star 123 (Coppock),
2026-03-25 22:20:00,2026-03-25 22:30:00,BUY,4555.96,4542.15,4597.38,4552.86,FLIP,-3.3,S433 AI Gold Star 123 (Coppock),
2026-03-25 22:30:00,2026-03-25 22:35:00,SELL,4552.86,4563.49,4520.97,4559.43,FLIP,-6.77,S433 AI Gold Star 123 (Coppock),
2026-03-25 22:35:00,2026-03-25 23:05:00,BUY,4559.43,4548.67,4591.7,4548.67,SL,-10.96,S433 AI Gold Star 123 (Coppock),
2026-03-25 23:10:00,2026-03-25 23:15:00,BUY,4551.16,4539.51,4586.12,4546.09,FLIP,-5.27,S433 AI Gold Star 123 (Coppock),
2026-03-25 23:15:00,2026-03-25 23:20:00,SELL,4546.09,4557.8,4510.96,4551.77,FLIP,-5.88,S433 AI Gold Star 123 (Coppock),
2026-03-25 23:20:00,2026-03-26 00:50:00,BUY,4551.77,4539.89,4587.4,4539.89,SL,-12.08,S433 AI Gold Star 123 (Coppock),
2026-03-26 01:40:00,2026-03-26 02:35:00,BUY,4522.43,4504.67,4575.71,4503.87,FLIP,-18.76,S433 AI Gold Star 123 (Coppock),
2026-03-26 02:35:00,2026-03-26 04:00:00,SELL,4503.87,4518.38,4460.33,4518.38,SL,-14.71,S433 AI Gold Star 123 (Coppock),
2026-03-26 05:55:00,2026-03-26 07:00:00,BUY,4498.31,4484.38,4540.11,4540.11,TP,41.6,S433 AI Gold Star 123 (Coppock),
2026-03-26 07:05:00,2026-03-26 08:25:00,SELL,4537.85,4552.52,4493.85,4528.31,FLIP,9.34,S433 AI Gold Star 123 (Coppock),
2026-03-26 08:25:00,2026-03-26 08:30:00,BUY,4528.31,4517.03,4562.15,4523.57,FLIP,-4.94,S433 AI Gold Star 123 (Coppock),
2026-03-26 08:30:00,2026-03-26 09:25:00,SELL,4523.57,4535.07,4489.06,4506.66,FLIP,16.71,S433 AI Gold Star 123 (Coppock),
2026-03-26 09:25:00,2026-03-26 11:25:00,BUY,4506.66,4495.44,4540.32,4495.44,SL,-11.42,S433 AI Gold Star 123 (Coppock),
2026-03-26 12:25:00,2026-03-26 13:45:00,BUY,4440.21,4416.17,4512.34,4458.67,FLIP,18.26,S433 AI Gold Star 123 (Coppock),
2026-03-26 13:45:00,2026-03-26 14:40:00,SELL,4458.67,4472.89,4416.02,4416.02,TP,42.45,S433 AI Gold Star 123 (Coppock),
2026-03-26 15:05:00,2026-03-26 15:45:00,BUY,4427.96,4407.06,4490.67,4419.24,FLIP,-8.92,S433 AI Gold Star 123 (Coppock),
2026-03-26 15:45:00,2026-03-26 15:50:00,SELL,4419.24,4436.98,4366.02,4425.4,FLIP,-6.36,S433 AI Gold Star 123 (Coppock),
2026-03-26 15:50:00,2026-03-26 16:00:00,BUY,4425.4,4409.2,4474.01,4421.13,FLIP,-4.47,S433 AI Gold Star 123 (Coppock),
2026-03-26 16:00:00,2026-03-26 16:05:00,SELL,4421.13,4436.09,4376.25,4422.57,FLIP,-1.64,S433 AI Gold Star 123 (Coppock),
2026-03-26 16:05:00,2026-03-26 17:10:00,BUY,4422.57,4407.85,4466.72,4441.88,FLIP,19.11,S433 AI Gold Star 123 (Coppock),
2026-03-26 17:10:00,2026-03-26 17:15:00,SELL,4441.88,4456.25,4398.76,4447.48,FLIP,-5.8,S433 AI Gold Star 123 (Coppock),
2026-03-26 17:15:00,2026-03-26 17:25:00,BUY,4447.48,4433.23,4490.23,4443.4,FLIP,-4.28,S433 AI Gold Star 123 (Coppock),
2026-03-26 17:25:00,2026-03-26 19:45:00,SELL,4443.4,4457.91,4399.86,4457.91,SL,-14.71,S433 AI Gold Star 123 (Coppock),
2026-03-26 23:05:00,2026-03-27 00:15:00,BUY,4398.43,4375.92,4465.96,4381.89,FLIP,-16.74,S433 AI Gold Star 123 (Coppock),
2026-03-27 00:15:00,2026-03-27 00:30:00,SELL,4381.89,4395.47,4341.15,4381.87,FLIP,-0.18,S433 AI Gold Star 123 (Coppock),
2026-03-27 00:30:00,2026-03-27 01:25:00,BUY,4381.87,4368.51,4421.96,4380.61,FLIP,-1.46,S433 AI Gold Star 123 (Coppock),
2026-03-27 01:25:00,2026-03-27 02:10:00,SELL,4380.61,4392.41,4345.2,4397.14,FLIP,-16.73,S433 AI Gold Star 123 (Coppock),
2026-03-27 02:10:00,2026-03-27 02:50:00,BUY,4397.14,4379.37,4450.44,4375.83,FLIP,-21.51,S433 AI Gold Star 123 (Coppock),
2026-03-27 02:50:00,2026-03-27 02:55:00,SELL,4375.83,4402.94,4294.5,4380.33,FLIP,-4.7,S433 AI Gold Star 123 (Coppock),
2026-03-27 02:55:00,2026-03-27 04:05:00,BUY,4380.33,4353.09,4462.06,4394.98,FLIP,14.45,S433 AI Gold Star 123 (Coppock),
2026-03-27 04:05:00,2026-03-27 04:10:00,SELL,4394.98,4422.41,4312.69,4400.89,FLIP,-6.11,S433 AI Gold Star 123 (Coppock),
2026-03-27 04:10:00,2026-03-27 04:20:00,BUY,4400.89,4373.4,4483.36,4400.66,FLIP,-0.43,S433 AI Gold Star 123 (Coppock),
2026-03-27 04:20:00,2026-03-27 04:50:00,SELL,4400.66,4422.86,4334.07,4406.84,FLIP,-6.38,S433 AI Gold Star 123 (Coppock),
2026-03-27 04:50:00,2026-03-27 05:05:00,BUY,4406.84,4390.78,4455.01,4391.94,FLIP,-15.1,S433 AI Gold Star 123 (Coppock),
2026-03-27 05:05:00,2026-03-27 05:35:00,SELL,4391.94,4406.09,4349.49,4406.09,SL,-14.35,S433 AI Gold Star 123 (Coppock),
2026-03-27 08:20:00,2026-03-27 09:35:00,SELL,4428.88,4441.73,4390.34,4444.34,FLIP,-15.66,S433 AI Gold Star 123 (Coppock),
2026-03-27 09:35:00,2026-03-27 09:50:00,BUY,4444.34,4433.02,4478.29,4433.02,SL,-11.52,S433 AI Gold Star 123 (Coppock),
2026-03-27 10:05:00,2026-03-27 10:40:00,SELL,4434.24,4444.13,4404.58,4441.51,FLIP,-7.47,S433 AI Gold Star 123 (Coppock),
2026-03-27 10:40:00,2026-03-27 10:45:00,BUY,4441.51,4434.29,4463.18,4442.93,FLIP,1.22,S433 AI Gold Star 123 (Coppock),
2026-03-27 10:45:00,2026-03-27 10:50:00,SELL,4442.93,4449.29,4423.86,4445.66,FLIP,-2.93,S433 AI Gold Star 123 (Coppock),
2026-03-27 10:50:00,2026-03-27 11:25:00,BUY,4445.66,4440.01,4462.61,4443.39,FLIP,-2.47,S433 AI Gold Star 123 (Coppock),
2026-03-27 11:25:00,2026-03-27 11:30:00,SELL,4443.39,4449.53,4424.96,4459.48,FLIP,-16.29,S433 AI Gold Star 123 (Coppock),
2026-03-27 11:30:00,2026-03-27 11:55:00,BUY,4459.48,4451.94,4482.11,4454.64,FLIP,-5.04,S433 AI Gold Star 123 (Coppock),
2026-03-27 11:55:00,2026-03-27 12:10:00,SELL,4454.64,4464.9,4423.85,4471.4,FLIP,-16.96,S433 AI Gold Star 123 (Coppock),
2026-03-27 12:10:00,2026-03-27 12:20:00,BUY,4471.4,4459.05,4508.44,4462.46,FLIP,-9.14,S433 AI Gold Star 123 (Coppock),
2026-03-27 12:20:00,2026-03-27 13:55:00,SELL,4462.46,4475.49,4423.36,4447.77,FLIP,14.49,S433 AI Gold Star 123 (Coppock),
2026-03-27 13:55:00,2026-03-27 14:00:00,BUY,4447.77,4437.76,4477.79,4444.06,FLIP,-3.91,S433 AI Gold Star 123 (Coppock),
2026-03-27 14:00:00,2026-03-27 14:05:00,SELL,4444.06,4453.89,4414.58,4446.26,FLIP,-2.4,S433 AI Gold Star 123 (Coppock),
2026-03-27 14:05:00,2026-03-27 14:15:00,BUY,4446.26,4436.56,4475.36,4440.55,FLIP,-5.91,S433 AI Gold Star 123 (Coppock),
2026-03-27 14:15:00,2026-03-27 14:45:00,SELL,4440.55,4449.32,4414.24,4434.54,FLIP,5.81,S433 AI Gold Star 123 (Coppock),
2026-03-27 14:45:00,2026-03-27 14:50:00,BUY,4434.54,4424.52,4464.61,4432.16,FLIP,-2.58,S433 AI Gold Star 123 (Coppock),
2026-03-27 14:50:00,2026-03-27 15:10:00,SELL,4432.16,4442.65,4400.68,4429.59,FLIP,2.37,S433 AI Gold Star 123 (Coppock),
2026-03-27 15:10:00,2026-03-27 16:10:00,BUY,4429.59,4418.38,4463.22,4426.02,FLIP,-3.77,S433 AI Gold Star 123 (Coppock),
2026-03-27 16:10:00,2026-03-27 16:15:00,SELL,4426.02,4434.3,4401.19,4426.94,FLIP,-1.12,S433 AI Gold Star 123 (Coppock),
2026-03-27 16:15:00,2026-03-27 16:20:00,BUY,4426.94,4418.91,4451.02,4428.54,FLIP,1.4,S433 AI Gold Star 123 (Coppock),
2026-03-27 16:20:00,2026-03-27 17:05:00,SELL,4428.54,4436.06,4405.99,4405.99,TP,22.35,S433 AI Gold Star 123 (Coppock),
2026-03-27 17:25:00,2026-03-27 19:00:00,BUY,4415.33,4405.31,4445.39,4433.53,FLIP,18.0,S433 AI Gold Star 123 (Coppock),
2026-03-27 19:00:00,2026-03-27 20:00:00,SELL,4433.53,4445.53,4397.54,4445.53,SL,-12.2,S433 AI Gold Star 123 (Coppock),
2026-03-27 21:40:00,2026-03-27 23:05:00,SELL,4531.89,4554.71,4463.44,4513.72,FLIP,17.97,S433 AI Gold Star 123 (Coppock),
2026-03-27 23:05:00,2026-03-27 23:10:00,BUY,4513.72,4499.58,4556.14,4511.07,FLIP,-2.85,S433 AI Gold Star 123 (Coppock),
2026-03-27 23:10:00,2026-03-27 23:45:00,SELL,4511.07,4524.35,4471.22,4495.04,FLIP,15.83,S433 AI Gold Star 123 (Coppock),
2026-03-27 23:45:00,2026-03-27 23:55:00,BUY,4495.04,4480.84,4537.64,4486.73,FLIP,-8.51,S433 AI Gold Star 123 (Coppock),
2026-03-27 23:55:00,2026-03-28 00:00:00,SELL,4486.73,4500.38,4445.78,4493.82,FLIP,-7.29,S433 AI Gold Star 123 (Coppock),
2026-03-28 00:00:00,2026-03-28 01:00:00,BUY,4493.82,4480.08,4535.05,4509.15,FLIP,15.13,S433 AI Gold Star 123 (Coppock),
2026-03-28 01:00:00,2026-03-28 01:15:00,SELL,4509.15,4522.42,4469.35,4521.23,FLIP,-12.28,S433 AI Gold Star 123 (Coppock),
2026-03-28 01:15:00,2026-03-28 01:20:00,BUY,4521.23,4508.38,4559.77,4521.51,FLIP,0.08,S433 AI Gold Star 123 (Coppock),
2026-03-28 01:20:00,2026-03-30 05:05:00,SELL,4521.51,4533.98,4484.09,4484.09,TP,37.22,S433 AI Gold Star 123 (Coppock),
2026-03-30 07:15:00,2026-03-30 08:25:00,BUY,4444.59,4426.3,4499.47,4448.69,FLIP,3.9,S433 AI Gold Star 123 (Coppock),
2026-03-30 08:25:00,2026-03-30 08:30:00,SELL,4448.69,4468.16,4390.29,4467.78,FLIP,-19.29,S433 AI Gold Star 123 (Coppock),
2026-03-30 08:30:00,2026-03-30 10:35:00,BUY,4467.78,4447.95,4527.28,4503.36,FLIP,35.38,S433 AI Gold Star 123 (Coppock),
2026-03-30 10:35:00,2026-03-30 12:45:00,SELL,4503.36,4518.93,4456.64,4518.93,SL,-15.77,S433 AI Gold Star 123 (Coppock),
2026-03-30 13:10:00,2026-03-30 13:20:00,SELL,4530.39,4542.56,4493.89,4532.7,FLIP,-2.51,S433 AI Gold Star 123 (Coppock),
2026-03-30 13:20:00,2026-03-30 13:25:00,BUY,4532.7,4520.15,4570.36,4528.54,FLIP,-4.36,S433 AI Gold Star 123 (Coppock),
2026-03-30 13:25:00,2026-03-30 13:35:00,SELL,4528.54,4540.77,4491.86,4536.62,FLIP,-8.28,S433 AI Gold Star 123 (Coppock),
2026-03-30 13:35:00,2026-03-30 13:40:00,BUY,4536.62,4523.91,4574.74,4540.14,FLIP,3.32,S433 AI Gold Star 123 (Coppock),
2026-03-30 13:40:00,2026-03-30 13:45:00,SELL,4540.14,4552.52,4502.99,4546.25,FLIP,-6.31,S433 AI Gold Star 123 (Coppock),
2026-03-30 13:45:00,2026-03-30 13:50:00,BUY,4546.25,4533.64,4584.08,4536.57,FLIP,-9.88,S433 AI Gold Star 123 (Coppock),
2026-03-30 13:50:00,2026-03-30 15:00:00,SELL,4536.57,4549.65,4497.32,4527.85,FLIP,8.52,S433 AI Gold Star 123 (Coppock),
2026-03-30 15:00:00,2026-03-30 16:05:00,BUY,4527.85,4517.35,4559.34,4533.42,FLIP,5.37,S433 AI Gold Star 123 (Coppock),
2026-03-30 16:05:00,2026-03-30 18:15:00,SELL,4533.42,4543.13,4504.3,4543.13,SL,-9.91,S433 AI Gold Star 123 (Coppock),
2026-03-30 19:10:00,2026-03-30 19:15:00,SELL,4556.54,4571.56,4511.47,4567.28,FLIP,-10.94,S433 AI Gold Star 123 (Coppock),
2026-03-30 19:15:00,2026-03-30 19:20:00,BUY,4567.28,4552.04,4612.99,4563.99,FLIP,-3.49,S433 AI Gold Star 123 (Coppock),
2026-03-30 19:20:00,2026-03-30 19:30:00,SELL,4563.99,4579.12,4518.59,4571.0,FLIP,-7.21,S433 AI Gold Star 123 (Coppock),
2026-03-30 19:30:00,2026-03-30 19:35:00,BUY,4571.0,4556.0,4616.01,4571.88,FLIP,0.68,S433 AI Gold Star 123 (Coppock),
2026-03-30 19:35:00,2026-03-30 20:55:00,SELL,4571.88,4586.33,4528.54,4528.54,TP,43.14,S433 AI Gold Star 123 (Coppock),
2026-03-30 21:30:00,2026-03-30 22:55:00,BUY,4525.48,4506.36,4582.85,4548.38,FLIP,22.7,S433 AI Gold Star 123 (Coppock),
2026-03-30 22:55:00,2026-03-31 01:05:00,SELL,4548.38,4560.87,4510.9,4518.0,FLIP,30.18,S433 AI Gold Star 123 (Coppock),
2026-03-31 01:05:00,2026-03-31 01:55:00,BUY,4518.0,4505.96,4554.13,4505.96,SL,-12.24,S433 AI Gold Star 123 (Coppock),
2026-03-31 02:30:00,2026-03-31 06:05:00,BUY,4508.98,4498.25,4541.16,4498.25,SL,-10.93,S433 AI Gold Star 123 (Coppock),
2026-03-31 09:00:00,2026-03-31 10:25:00,SELL,4593.82,4617.48,4522.85,4561.62,FLIP,32.0,S433 AI Gold Star 123 (Coppock),
2026-03-31 10:25:00,2026-03-31 12:10:00,BUY,4561.62,4548.13,4602.08,4548.13,SL,-13.69,S433 AI Gold Star 123 (Coppock),
2026-03-31 17:00:00,2026-03-31 17:10:00,BUY,4560.34,4551.53,4586.76,4556.9,FLIP,-3.64,S433 AI Gold Star 123 (Coppock),
2026-03-31 17:10:00,2026-03-31 17:15:00,SELL,4556.9,4565.07,4532.39,4558.45,FLIP,-1.75,S433 AI Gold Star 123 (Coppock),
2026-03-31 17:15:00,2026-03-31 17:35:00,BUY,4558.45,4550.47,4582.4,4534.15,FLIP,-24.5,S433 AI Gold Star 123 (Coppock),
2026-03-31 17:35:00,2026-03-31 17:40:00,SELL,4534.15,4543.97,4504.69,4543.97,SL,-10.02,S433 AI Gold Star 123 (Coppock),
2026-03-31 17:50:00,2026-03-31 17:55:00,BUY,4548.5,4538.32,4579.04,4547.0,FLIP,-1.7,S433 AI Gold Star 123 (Coppock),
2026-03-31 17:55:00,2026-03-31 18:10:00,SELL,4547.0,4557.67,4515.0,4551.54,FLIP,-4.74,S433 AI Gold Star 123 (Coppock),
2026-03-31 18:10:00,2026-03-31 18:35:00,BUY,4551.54,4538.97,4589.24,4589.24,TP,37.5,S433 AI Gold Star 123 (Coppock),
2026-03-31 19:10:00,2026-03-31 20:50:00,SELL,4575.71,4593.71,4521.72,4593.71,SL,-18.2,S433 AI Gold Star 123 (Coppock),
2026-03-31 21:35:00,2026-03-31 22:35:00,SELL,4608.9,4628.39,4550.44,4619.56,FLIP,-10.86,S433 AI Gold Star 123 (Coppock),
2026-03-31 22:35:00,2026-03-31 22:55:00,BUY,4619.56,4604.85,4663.7,4609.46,FLIP,-10.3,S433 AI Gold Star 123 (Coppock),
2026-03-31 22:55:00,2026-03-31 23:05:00,SELL,4609.46,4622.36,4570.77,4619.54,FLIP,-10.28,S433 AI Gold Star 123 (Coppock),
2026-03-31 23:05:00,2026-04-01 00:30:00,BUY,4619.54,4606.65,4658.22,4658.22,TP,38.48,S433 AI Gold Star 123 (Coppock),
2026-04-01 00:35:00,2026-04-01 00:40:00,SELL,4651.05,4669.85,4594.66,4660.29,FLIP,-9.44,S433 AI Gold Star 123 (Coppock),
2026-04-01 00:40:00,2026-04-01 00:45:00,BUY,4660.29,4640.48,4719.71,4662.61,FLIP,2.12,S433 AI Gold Star 123 (Coppock),
2026-04-01 00:45:00,2026-04-01 02:10:00,SELL,4662.61,4681.29,4606.57,4671.24,FLIP,-8.83,S433 AI Gold Star 123 (Coppock),
2026-04-01 02:10:00,2026-04-01 02:15:00,BUY,4671.24,4659.78,4705.61,4673.03,FLIP,1.59,S433 AI Gold Star 123 (Coppock),
2026-04-01 02:15:00,2026-04-01 02:20:00,SELL,4673.03,4683.63,4641.22,4675.07,FLIP,-2.24,S433 AI Gold Star 123 (Coppock),
2026-04-01 02:20:00,2026-04-01 03:05:00,BUY,4675.07,4664.49,4706.8,4677.44,FLIP,2.17,S433 AI Gold Star 123 (Coppock),
2026-04-01 03:05:00,2026-04-01 05:15:00,SELL,4677.44,4688.07,4645.54,4666.94,FLIP,10.3,S433 AI Gold Star 123 (Coppock),
2026-04-01 05:15:00,2026-04-01 06:05:00,BUY,4666.94,4656.94,4696.93,4674.71,FLIP,7.57,S433 AI Gold Star 123 (Coppock),
2026-04-01 06:05:00,2026-04-01 06:35:00,SELL,4674.71,4694.36,4615.77,4692.1,FLIP,-17.59,S433 AI Gold Star 123 (Coppock),
2026-04-01 06:35:00,2026-04-01 06:45:00,BUY,4692.1,4676.54,4738.79,4689.21,FLIP,-3.09,S433 AI Gold Star 123 (Coppock),
2026-04-01 06:45:00,2026-04-01 06:50:00,SELL,4689.21,4702.83,4648.34,4691.75,FLIP,-2.74,S433 AI Gold Star 123 (Coppock),
2026-04-01 06:50:00,2026-04-01 07:30:00,BUY,4691.75,4679.15,4729.55,4705.38,FLIP,13.43,S433 AI Gold Star 123 (Coppock),
2026-04-01 07:30:00,2026-04-01 07:50:00,SELL,4705.38,4717.29,4669.65,4717.29,SL,-12.11,S433 AI Gold Star 123 (Coppock),
2026-04-01 11:40:00,2026-04-01 12:35:00,BUY,4676.78,4670.0,4697.12,4697.12,TP,20.14,S433 AI Gold Star 123 (Coppock),
2026-04-01 12:55:00,2026-04-01 13:10:00,SELL,4684.36,4693.79,4656.06,4693.79,SL,-9.63,S433 AI Gold Star 123 (Coppock),
2026-04-01 13:35:00,2026-04-01 13:45:00,SELL,4702.51,4713.9,4668.34,4723.93,FLIP,-21.62,S433 AI Gold Star 123 (Coppock),
2026-04-01 13:45:00,2026-04-01 14:15:00,BUY,4723.93,4711.65,4760.76,4716.45,FLIP,-7.68,S433 AI Gold Star 123 (Coppock),
2026-04-01 14:15:00,2026-04-01 14:30:00,SELL,4716.45,4729.53,4677.2,4731.48,FLIP,-15.23,S433 AI Gold Star 123 (Coppock),
2026-04-01 14:30:00,2026-04-01 14:40:00,BUY,4731.48,4718.57,4770.21,4730.63,FLIP,-1.05,S433 AI Gold Star 123 (Coppock),
2026-04-01 14:40:00,2026-04-01 15:20:00,SELL,4730.63,4745.35,4686.46,4728.54,FLIP,1.89,S433 AI Gold Star 123 (Coppock),
2026-04-01 15:20:00,2026-04-01 15:30:00,BUY,4728.54,4713.41,4773.93,4732.7,FLIP,3.96,S433 AI Gold Star 123 (Coppock),
2026-04-01 15:30:00,2026-04-01 15:35:00,SELL,4732.7,4748.06,4686.62,4737.9,FLIP,-5.4,S433 AI Gold Star 123 (Coppock),
2026-04-01 15:35:00,2026-04-01 16:05:00,BUY,4737.9,4722.12,4785.23,4720.43,FLIP,-17.67,S433 AI Gold Star 123 (Coppock),
2026-04-01 16:05:00,2026-04-01 17:30:00,SELL,4720.43,4731.49,4687.24,4731.49,SL,-11.26,S433 AI Gold Star 123 (Coppock),
2026-04-01 18:55:00,2026-04-01 20:00:00,SELL,4752.52,4763.28,4720.25,4720.25,TP,32.07,S433 AI Gold Star 123 (Coppock),
2026-04-01 22:45:00,2026-04-02 00:05:00,SELL,4784.73,4797.75,4745.67,4790.97,FLIP,-6.44,S433 AI Gold Star 123 (Coppock),
2026-04-02 00:05:00,2026-04-02 00:15:00,BUY,4790.97,4782.65,4815.92,4782.65,SL,-8.52,S433 AI Gold Star 123 (Coppock),
2026-04-02 00:25:00,2026-04-02 01:00:00,SELL,4785.0,4791.94,4764.17,4764.17,TP,20.63,S433 AI Gold Star 123 (Coppock),
2026-04-02 01:50:00,2026-04-02 06:15:00,BUY,4755.07,4741.46,4795.9,4795.9,TP,40.63,S433 AI Gold Star 123 (Coppock),
2026-04-02 06:30:00,2026-04-02 08:05:00,SELL,4793.27,4803.47,4762.66,4762.66,TP,30.41,S433 AI Gold Star 123 (Coppock),
2026-04-02 08:55:00,2026-04-02 09:35:00,BUY,4696.66,4661.85,4801.08,4661.85,SL,-35.01,S433 AI Gold Star 123 (Coppock),
2026-04-02 10:50:00,2026-04-02 11:45:00,SELL,4677.85,4690.29,4640.52,4665.39,FLIP,12.26,S433 AI Gold Star 123 (Coppock),
2026-04-02 11:45:00,2026-04-02 12:30:00,BUY,4665.39,4655.24,4695.83,4651.81,FLIP,-13.78,S433 AI Gold Star 123 (Coppock),
2026-04-02 12:30:00,2026-04-02 12:45:00,SELL,4651.81,4664.61,4613.42,4613.42,TP,38.19,S433 AI Gold Star 123 (Coppock),
2026-04-02 13:30:00,2026-04-02 15:00:00,BUY,4591.9,4561.0,4684.61,4641.75,FLIP,49.65,S433 AI Gold Star 123 (Coppock),
2026-04-02 15:00:00,2026-04-02 18:40:00,SELL,4641.75,4656.53,4597.42,4597.42,TP,44.13,S433 AI Gold Star 123 (Coppock),
2026-04-02 19:15:00,2026-04-02 20:00:00,BUY,4613.84,4599.57,4656.65,4599.57,SL,-14.47,S433 AI Gold Star 123 (Coppock),
2026-04-02 20:45:00,2026-04-02 21:50:00,BUY,4634.36,4610.13,4707.05,4683.98,FLIP,49.42,S433 AI Gold Star 123 (Coppock),
2026-04-02 21:50:00,2026-04-03 03:30:00,SELL,4683.98,4710.92,4603.17,4672.18,FLIP,11.6,S433 AI Gold Star 123 (Coppock),
2026-04-03 03:30:00,2026-04-03 03:45:00,BUY,4672.18,4664.68,4694.69,4670.9,FLIP,-1.48,S433 AI Gold Star 123 (Coppock),
2026-04-03 03:45:00,2026-04-03 03:50:00,SELL,4670.9,4677.54,4650.97,4672.13,FLIP,-1.43,S433 AI Gold Star 123 (Coppock),
2026-04-03 03:50:00,2026-04-06 05:05:00,BUY,4672.13,4665.3,4692.63,4633.35,FLIP,-38.98,S433 AI Gold Star 123 (Coppock),
2026-04-06 05:05:00,2026-04-06 05:40:00,SELL,4633.35,4644.43,4600.12,4644.43,SL,-11.28,S433 AI Gold Star 123 (Coppock),
2026-04-06 05:55:00,2026-04-06 06:20:00,BUY,4645.62,4620.38,4721.35,4620.38,SL,-25.44,S433 AI Gold Star 123 (Coppock),
2026-04-06 06:25:00,2026-04-06 07:00:00,SELL,4609.72,4631.39,4544.7,4623.13,FLIP,-13.61,S433 AI Gold Star 123 (Coppock),
2026-04-06 07:00:00,2026-04-06 07:25:00,BUY,4623.13,4607.12,4671.15,4607.12,SL,-16.21,S433 AI Gold Star 123 (Coppock),
2026-04-06 08:15:00,2026-04-06 08:20:00,SELL,4624.96,4639.53,4581.25,4633.02,FLIP,-8.26,S433 AI Gold Star 123 (Coppock),
2026-04-06 08:20:00,2026-04-06 08:40:00,BUY,4633.02,4617.58,4679.35,4627.94,FLIP,-5.28,S433 AI Gold Star 123 (Coppock),
2026-04-06 08:40:00,2026-04-06 09:15:00,SELL,4627.94,4642.96,4582.87,4663.26,FLIP,-35.52,S433 AI Gold Star 123 (Coppock),
2026-04-06 09:15:00,2026-04-06 09:35:00,BUY,4663.26,4647.13,4711.66,4647.13,SL,-16.33,S433 AI Gold Star 123 (Coppock),
2026-04-06 12:25:00,2026-04-06 14:50:00,SELL,4667.32,4675.55,4642.63,4675.55,SL,-8.43,S433 AI Gold Star 123 (Coppock),
2026-04-06 15:40:00,2026-04-06 16:40:00,SELL,4693.05,4705.01,4657.17,4705.01,SL,-12.16,S433 AI Gold Star 123 (Coppock),
2026-04-06 17:40:00,2026-04-06 17:45:00,BUY,4695.48,4687.68,4718.87,4687.68,SL,-8.0,S433 AI Gold Star 123 (Coppock),
2026-04-06 19:35:00,2026-04-06 20:05:00,BUY,4676.53,4665.61,4709.28,4665.61,SL,-11.12,S433 AI Gold Star 123 (Coppock),
2026-04-06 20:40:00,2026-04-06 20:50:00,SELL,4665.51,4677.53,4629.45,4678.95,FLIP,-13.64,S433 AI Gold Star 123 (Coppock),
2026-04-06 20:50:00,2026-04-06 21:00:00,BUY,4678.95,4664.86,4721.22,4669.58,FLIP,-9.57,S433 AI Gold Star 123 (Coppock),
2026-04-06 21:00:00,2026-04-06 21:05:00,SELL,4669.58,4685.68,4621.28,4670.91,FLIP,-1.53,S433 AI Gold Star 123 (Coppock),
2026-04-06 21:05:00,2026-04-06 21:45:00,BUY,4670.91,4654.43,4720.35,4678.65,FLIP,7.54,S433 AI Gold Star 123 (Coppock),
2026-04-06 21:45:00,2026-04-06 21:50:00,SELL,4678.65,4696.21,4625.96,4684.92,FLIP,-6.47,S433 AI Gold Star 123 (Coppock),
2026-04-06 21:50:00,2026-04-06 22:00:00,BUY,4684.92,4667.66,4736.71,4672.19,FLIP,-12.93,S433 AI Gold Star 123 (Coppock),
2026-04-06 22:00:00,2026-04-06 22:55:00,SELL,4672.19,4688.5,4623.25,4668.17,FLIP,3.82,S433 AI Gold Star 123 (Coppock),
2026-04-06 22:55:00,2026-04-07 00:00:00,BUY,4668.17,4655.21,4707.06,4655.21,SL,-13.16,S433 AI Gold Star 123 (Coppock),
2026-04-07 00:35:00,2026-04-07 00:40:00,BUY,4659.64,4651.44,4684.25,4656.33,FLIP,-3.51,S433 AI Gold Star 123 (Coppock),
2026-04-07 00:40:00,2026-04-07 00:50:00,SELL,4656.33,4664.77,4631.0,4655.83,FLIP,0.3,S433 AI Gold Star 123 (Coppock),
2026-04-07 00:50:00,2026-04-07 01:35:00,BUY,4655.83,4647.34,4681.29,4649.7,FLIP,-6.33,S433 AI Gold Star 123 (Coppock),
2026-04-07 01:35:00,2026-04-07 01:55:00,SELL,4649.7,4657.85,4625.26,4658.39,FLIP,-8.89,S433 AI Gold Star 123 (Coppock),
2026-04-07 01:55:00,2026-04-07 02:05:00,BUY,4658.39,4650.28,4682.72,4651.48,FLIP,-7.11,S433 AI Gold Star 123 (Coppock),
2026-04-07 02:05:00,2026-04-07 02:30:00,SELL,4651.48,4660.14,4625.51,4651.37,FLIP,-0.09,S433 AI Gold Star 123 (Coppock),
2026-04-07 02:30:00,2026-04-07 08:00:00,BUY,4651.37,4643.51,4674.94,4643.51,SL,-8.06,S433 AI Gold Star 123 (Coppock),
2026-04-07 08:05:00,2026-04-07 08:20:00,SELL,4644.4,4656.07,4609.38,4656.07,SL,-11.87,S433 AI Gold Star 123 (Coppock),
2026-04-07 08:30:00,2026-04-07 08:35:00,BUY,4657.71,4642.89,4702.16,4639.3,FLIP,-18.61,S433 AI Gold Star 123 (Coppock),
2026-04-07 08:35:00,2026-04-07 09:05:00,SELL,4639.3,4657.08,4585.96,4631.46,FLIP,7.64,S433 AI Gold Star 123 (Coppock),
2026-04-07 09:05:00,2026-04-07 09:10:00,BUY,4631.46,4607.54,4703.21,4626.68,FLIP,-4.98,S433 AI Gold Star 123 (Coppock),
2026-04-07 09:10:00,2026-04-07 09:15:00,SELL,4626.68,4648.13,4562.32,4630.86,FLIP,-4.38,S433 AI Gold Star 123 (Coppock),
2026-04-07 09:15:00,2026-04-07 10:25:00,BUY,4630.86,4611.26,4689.65,4642.53,FLIP,11.47,S433 AI Gold Star 123 (Coppock),
2026-04-07 10:25:00,2026-04-07 11:00:00,SELL,4642.53,4651.23,4616.43,4651.23,SL,-8.9,S433 AI Gold Star 123 (Coppock),
2026-04-07 13:00:00,2026-04-07 15:20:00,BUY,4645.84,4633.79,4681.98,4681.98,TP,35.94,S433 AI Gold Star 123 (Coppock),
2026-04-07 16:05:00,2026-04-07 17:40:00,SELL,4686.13,4700.62,4642.65,4662.42,FLIP,23.51,S433 AI Gold Star 123 (Coppock),
2026-04-07 17:40:00,2026-04-07 17:45:00,BUY,4662.42,4648.14,4705.27,4650.47,FLIP,-12.15,S433 AI Gold Star 123 (Coppock),
2026-04-07 17:45:00,2026-04-07 17:50:00,SELL,4650.47,4665.14,4606.47,4656.0,FLIP,-5.73,S433 AI Gold Star 123 (Coppock),
2026-04-07 17:50:00,2026-04-07 17:55:00,BUY,4656.0,4641.6,4699.2,4652.07,FLIP,-4.13,S433 AI Gold Star 123 (Coppock),
2026-04-07 17:55:00,2026-04-07 18:30:00,SELL,4652.07,4666.45,4608.94,4649.66,FLIP,2.21,S433 AI Gold Star 123 (Coppock),
2026-04-07 18:30:00,2026-04-07 19:35:00,BUY,4649.66,4634.26,4695.85,4663.33,FLIP,13.47,S433 AI Gold Star 123 (Coppock),
2026-04-07 19:35:00,2026-04-07 20:50:00,SELL,4663.33,4675.02,4628.26,4652.44,FLIP,10.69,S433 AI Gold Star 123 (Coppock),
2026-04-07 20:50:00,2026-04-07 20:55:00,BUY,4652.44,4638.23,4695.08,4644.08,FLIP,-8.56,S433 AI Gold Star 123 (Coppock),
2026-04-07 20:55:00,2026-04-07 21:20:00,SELL,4644.08,4658.45,4600.97,4642.13,FLIP,1.75,S433 AI Gold Star 123 (Coppock),
2026-04-07 21:20:00,2026-04-07 23:35:00,BUY,4642.13,4621.55,4703.87,4657.74,FLIP,15.41,S433 AI Gold Star 123 (Coppock),
2026-04-07 23:35:00,2026-04-08 00:00:00,SELL,4657.74,4670.54,4619.34,4665.79,FLIP,-8.25,S433 AI Gold Star 123 (Coppock),
2026-04-08 00:00:00,2026-04-08 00:05:00,BUY,4665.79,4654.44,4699.83,4667.42,FLIP,1.43,S433 AI Gold Star 123 (Coppock),
2026-04-08 00:05:00,2026-04-08 00:30:00,SELL,4667.42,4678.81,4633.25,4672.17,FLIP,-4.95,S433 AI Gold Star 123 (Coppock),
2026-04-08 00:30:00,2026-04-08 01:20:00,BUY,4672.17,4661.98,4702.74,4678.2,FLIP,5.83,S433 AI Gold Star 123 (Coppock),
2026-04-08 01:20:00,2026-04-08 02:15:00,SELL,4678.2,4689.46,4644.41,4690.61,FLIP,-12.61,S433 AI Gold Star 123 (Coppock),
2026-04-08 02:15:00,2026-04-08 03:25:00,BUY,4690.61,4678.79,4726.07,4710.3,FLIP,19.49,S433 AI Gold Star 123 (Coppock),
2026-04-08 03:25:00,2026-04-08 05:00:00,SELL,4710.3,4726.38,4662.05,4743.33,FLIP,-33.23,S433 AI Gold Star 123 (Coppock),
2026-04-08 05:00:00,2026-04-08 05:15:00,BUY,4743.33,4728.27,4788.5,4728.27,SL,-15.26,S433 AI Gold Star 123 (Coppock),
2026-04-08 05:20:00,2026-04-08 05:25:00,SELL,4727.95,4743.31,4681.87,4735.54,FLIP,-7.79,S433 AI Gold Star 123 (Coppock),
2026-04-08 05:25:00,2026-04-08 05:30:00,BUY,4735.54,4719.96,4782.28,4719.96,SL,-15.78,S433 AI Gold Star 123 (Coppock),
2026-04-08 06:25:00,2026-04-08 07:00:00,SELL,4814.68,4842.32,4731.75,4842.32,SL,-27.84,S433 AI Gold Star 123 (Coppock),
2026-04-08 08:40:00,2026-04-08 13:05:00,BUY,4800.2,4782.54,4853.19,4824.47,FLIP,24.07,S433 AI Gold Star 123 (Coppock),
2026-04-08 13:05:00,2026-04-08 13:20:00,SELL,4824.47,4835.5,4791.37,4835.5,SL,-11.23,S433 AI Gold Star 123 (Coppock),
2026-04-08 14:45:00,2026-04-08 15:25:00,BUY,4814.55,4804.11,4845.88,4804.11,SL,-10.64,S433 AI Gold Star 123 (Coppock),
2026-04-08 15:30:00,2026-04-08 16:15:00,SELL,4802.87,4813.69,4770.41,4797.26,FLIP,5.41,S433 AI Gold Star 123 (Coppock),
2026-04-08 16:15:00,2026-04-08 16:40:00,BUY,4797.26,4786.3,4830.13,4782.36,FLIP,-15.1,S433 AI Gold Star 123 (Coppock),
2026-04-08 16:40:00,2026-04-08 16:45:00,SELL,4782.36,4794.79,4745.08,4785.45,FLIP,-3.29,S433 AI Gold Star 123 (Coppock),
2026-04-08 16:45:00,2026-04-08 17:10:00,BUY,4785.45,4772.55,4824.15,4782.78,FLIP,-2.87,S433 AI Gold Star 123 (Coppock),
2026-04-08 17:10:00,2026-04-08 17:35:00,SELL,4782.78,4794.26,4748.34,4787.71,FLIP,-5.13,S433 AI Gold Star 123 (Coppock),
2026-04-08 17:35:00,2026-04-08 18:35:00,BUY,4787.71,4775.75,4823.58,4783.26,FLIP,-4.65,S433 AI Gold Star 123 (Coppock),
2026-04-08 18:35:00,2026-04-08 18:45:00,SELL,4783.26,4793.74,4751.83,4793.74,SL,-10.68,S433 AI Gold Star 123 (Coppock),
2026-04-08 21:45:00,2026-04-08 21:50:00,BUY,4755.34,4735.67,4814.36,4753.07,FLIP,-2.47,S433 AI Gold Star 123 (Coppock),
2026-04-08 21:50:00,2026-04-08 22:15:00,SELL,4753.07,4773.23,4692.6,4754.26,FLIP,-1.39,S433 AI Gold Star 123 (Coppock),
2026-04-08 22:15:00,2026-04-08 23:15:00,BUY,4754.26,4734.98,4812.09,4748.13,FLIP,-6.33,S433 AI Gold Star 123 (Coppock),
2026-04-08 23:15:00,2026-04-08 23:20:00,SELL,4748.13,4758.53,4716.92,4752.6,FLIP,-4.67,S433 AI Gold Star 123 (Coppock),
2026-04-08 23:20:00,2026-04-08 23:25:00,BUY,4752.6,4743.0,4781.4,4750.02,FLIP,-2.78,S433 AI Gold Star 123 (Coppock),
2026-04-08 23:25:00,2026-04-08 23:35:00,SELL,4750.02,4758.95,4723.23,4759.12,FLIP,-9.3,S433 AI Gold Star 123 (Coppock),
2026-04-08 23:35:00,2026-04-08 23:40:00,BUY,4759.12,4749.87,4786.88,4758.59,FLIP,-0.73,S433 AI Gold Star 123 (Coppock),
2026-04-08 23:40:00,2026-04-08 23:50:00,SELL,4758.59,4767.46,4731.98,4760.9,FLIP,-2.51,S433 AI Gold Star 123 (Coppock),
2026-04-08 23:50:00,2026-04-08 23:55:00,BUY,4760.9,4752.15,4787.16,4760.58,FLIP,-0.52,S433 AI Gold Star 123 (Coppock),
2026-04-08 23:55:00,2026-04-09 00:55:00,SELL,4760.58,4769.12,4734.96,4734.96,TP,25.42,S433 AI Gold Star 123 (Coppock),
2026-04-09 01:10:00,2026-04-09 01:15:00,BUY,4743.63,4733.12,4775.15,4729.36,FLIP,-14.47,S433 AI Gold Star 123 (Coppock),
2026-04-09 01:15:00,2026-04-09 01:30:00,SELL,4729.36,4742.35,4690.39,4723.04,FLIP,6.12,S433 AI Gold Star 123 (Coppock),
2026-04-09 01:30:00,2026-04-09 01:35:00,BUY,4723.04,4709.99,4762.19,4714.94,FLIP,-8.3,S433 AI Gold Star 123 (Coppock),
2026-04-09 01:35:00,2026-04-09 02:10:00,SELL,4714.94,4728.19,4675.18,4715.58,FLIP,-0.84,S433 AI Gold Star 123 (Coppock),
2026-04-09 02:10:00,2026-04-09 03:20:00,BUY,4715.58,4702.32,4755.35,4724.98,FLIP,9.2,S433 AI Gold Star 123 (Coppock),
2026-04-09 03:20:00,2026-04-09 05:30:00,SELL,4724.98,4732.98,4700.97,4716.46,FLIP,8.32,S433 AI Gold Star 123 (Coppock),
2026-04-09 05:30:00,2026-04-09 06:10:00,BUY,4716.46,4706.64,4745.91,4706.64,SL,-10.02,S433 AI Gold Star 123 (Coppock),
2026-04-09 10:55:00,2026-04-09 13:50:00,BUY,4711.52,4704.2,4733.49,4704.2,SL,-7.52,S433 AI Gold Star 123 (Coppock),
2026-04-09 18:45:00,2026-04-09 19:00:00,BUY,4756.22,4749.26,4777.11,4750.96,FLIP,-5.46,S433 AI Gold Star 123 (Coppock),
2026-04-09 19:00:00,2026-04-09 20:15:00,SELL,4750.96,4758.15,4729.39,4758.15,SL,-7.39,S433 AI Gold Star 123 (Coppock),
2026-04-09 21:05:00,2026-04-09 21:10:00,SELL,4767.23,4779.78,4729.59,4770.96,FLIP,-3.93,S433 AI Gold Star 123 (Coppock),
2026-04-09 21:10:00,2026-04-09 21:15:00,BUY,4770.96,4758.19,4809.26,4761.53,FLIP,-9.63,S433 AI Gold Star 123 (Coppock),
2026-04-09 21:15:00,2026-04-09 22:15:00,SELL,4761.53,4774.92,4721.35,4774.92,SL,-13.59,S433 AI Gold Star 123 (Coppock),
2026-04-09 23:05:00,2026-04-10 00:15:00,SELL,4792.37,4805.22,4753.81,4797.59,FLIP,-5.42,S433 AI Gold Star 123 (Coppock),
2026-04-10 00:15:00,2026-04-10 00:25:00,BUY,4797.59,4789.39,4822.2,4792.85,FLIP,-4.94,S433 AI Gold Star 123 (Coppock),
2026-04-10 00:25:00,2026-04-10 00:30:00,SELL,4792.85,4800.54,4769.78,4793.29,FLIP,-0.64,S433 AI Gold Star 123 (Coppock),
2026-04-10 00:30:00,2026-04-10 01:00:00,BUY,4793.29,4785.47,4816.76,4785.64,FLIP,-7.85,S433 AI Gold Star 123 (Coppock),
2026-04-10 01:00:00,2026-04-10 02:00:00,SELL,4785.64,4794.53,4758.96,4776.32,FLIP,9.12,S433 AI Gold Star 123 (Coppock),
2026-04-10 02:00:00,2026-04-10 02:55:00,BUY,4776.32,4765.55,4808.63,4768.88,FLIP,-7.64,S433 AI Gold Star 123 (Coppock),
2026-04-10 02:55:00,2026-04-10 03:00:00,SELL,4768.88,4776.83,4745.03,4770.62,FLIP,-1.94,S433 AI Gold Star 123 (Coppock),
2026-04-10 03:00:00,2026-04-10 03:05:00,BUY,4770.62,4762.58,4794.75,4770.66,FLIP,-0.16,S433 AI Gold Star 123 (Coppock),
2026-04-10 03:05:00,2026-04-10 03:20:00,SELL,4770.66,4778.38,4747.49,4772.51,FLIP,-2.05,S433 AI Gold Star 123 (Coppock),
2026-04-10 03:20:00,2026-04-10 03:30:00,BUY,4772.51,4765.77,4792.73,4769.27,FLIP,-3.44,S433 AI Gold Star 123 (Coppock),
2026-04-10 03:30:00,2026-04-10 03:50:00,SELL,4769.27,4775.4,4750.87,4767.89,FLIP,1.18,S433 AI Gold Star 123 (Coppock),
2026-04-10 03:50:00,2026-04-10 03:55:00,BUY,4767.89,4762.26,4784.79,4764.37,FLIP,-3.72,S433 AI Gold Star 123 (Coppock),
2026-04-10 03:55:00,2026-04-10 05:00:00,SELL,4764.37,4769.97,4747.56,4771.54,FLIP,-7.37,S433 AI Gold Star 123 (Coppock),
2026-04-10 05:00:00,2026-04-10 05:15:00,BUY,4771.54,4765.42,4789.89,4766.23,FLIP,-5.51,S433 AI Gold Star 123 (Coppock),
2026-04-10 05:15:00,2026-04-10 05:20:00,SELL,4766.23,4772.73,4746.73,4767.31,FLIP,-1.28,S433 AI Gold Star 123 (Coppock),
2026-04-10 05:20:00,2026-04-10 05:25:00,BUY,4767.31,4760.45,4787.88,4764.5,FLIP,-3.01,S433 AI Gold Star 123 (Coppock),
2026-04-10 05:25:00,2026-04-10 05:30:00,SELL,4764.5,4771.4,4743.79,4765.66,FLIP,-1.36,S433 AI Gold Star 123 (Coppock),
2026-04-10 05:30:00,2026-04-10 05:35:00,BUY,4765.66,4758.53,4787.05,4759.68,FLIP,-6.18,S433 AI Gold Star 123 (Coppock),
2026-04-10 05:35:00,2026-04-10 05:50:00,SELL,4759.68,4767.14,4737.31,4761.9,FLIP,-2.42,S433 AI Gold Star 123 (Coppock),
2026-04-10 05:50:00,2026-04-10 05:55:00,BUY,4761.9,4754.64,4783.68,4764.23,FLIP,2.13,S433 AI Gold Star 123 (Coppock),
2026-04-10 05:55:00,2026-04-10 06:30:00,SELL,4764.23,4771.59,4742.15,4761.5,FLIP,2.53,S433 AI Gold Star 123 (Coppock),
2026-04-10 06:30:00,2026-04-10 07:00:00,BUY,4761.5,4755.41,4779.78,4755.41,SL,-6.29,S433 AI Gold Star 123 (Coppock),
2026-04-10 07:30:00,2026-04-10 08:50:00,BUY,4759.04,4752.24,4779.44,4765.6,FLIP,6.36,S433 AI Gold Star 123 (Coppock),
2026-04-10 08:50:00,2026-04-10 09:30:00,SELL,4765.6,4774.77,4738.09,4738.09,TP,27.31,S433 AI Gold Star 123 (Coppock),
2026-04-10 09:55:00,2026-04-10 11:05:00,BUY,4753.12,4743.43,4782.19,4765.93,FLIP,12.61,S433 AI Gold Star 123 (Coppock),
2026-04-10 11:05:00,2026-04-10 13:45:00,SELL,4765.93,4771.75,4748.47,4748.47,TP,17.26,S433 AI Gold Star 123 (Coppock),
2026-04-10 14:05:00,2026-04-10 15:00:00,BUY,4751.76,4743.56,4776.35,4747.6,FLIP,-4.36,S433 AI Gold Star 123 (Coppock),
2026-04-10 15:00:00,2026-04-10 15:05:00,SELL,4747.6,4754.71,4726.28,4749.96,FLIP,-2.56,S433 AI Gold Star 123 (Coppock),
2026-04-10 15:05:00,2026-04-10 15:10:00,BUY,4749.96,4742.86,4771.25,4749.9,FLIP,-0.26,S433 AI Gold Star 123 (Coppock),
2026-04-10 15:10:00,2026-04-10 16:00:00,SELL,4749.9,4756.34,4730.59,4744.58,FLIP,5.12,S433 AI Gold Star 123 (Coppock),
2026-04-10 16:00:00,2026-04-10 19:00:00,BUY,4744.58,4736.24,4769.6,4769.6,TP,24.82,S433 AI Gold Star 123 (Coppock),
2026-04-10 19:20:00,2026-04-10 19:30:00,SELL,4760.24,4767.61,4738.13,4780.67,FLIP,-20.63,S433 AI Gold Star 123 (Coppock),
2026-04-10 19:30:00,2026-04-10 19:35:00,BUY,4780.67,4771.66,4807.7,4771.66,SL,-9.21,S433 AI Gold Star 123 (Coppock),
2026-04-10 19:45:00,2026-04-10 20:15:00,SELL,4767.52,4778.55,4734.42,4772.52,FLIP,-5.2,S433 AI Gold Star 123 (Coppock),
2026-04-10 20:15:00,2026-04-10 20:25:00,BUY,4772.52,4760.5,4808.59,4775.88,FLIP,3.16,S433 AI Gold Star 123 (Coppock),
2026-04-10 20:25:00,2026-04-10 20:35:00,SELL,4775.88,4788.6,4737.73,4775.77,FLIP,-0.09,S433 AI Gold Star 123 (Coppock),
2026-04-10 20:35:00,2026-04-10 20:40:00,BUY,4775.77,4761.91,4817.34,4769.22,FLIP,-6.75,S433 AI Gold Star 123 (Coppock),
2026-04-10 20:40:00,2026-04-10 20:50:00,SELL,4769.22,4781.75,4731.62,4777.32,FLIP,-8.3,S433 AI Gold Star 123 (Coppock),
2026-04-10 20:50:00,2026-04-10 21:05:00,BUY,4777.32,4765.26,4813.51,4775.73,FLIP,-1.79,S433 AI Gold Star 123 (Coppock),
2026-04-10 21:05:00,2026-04-10 21:10:00,SELL,4775.73,4787.22,4741.27,4780.14,FLIP,-4.61,S433 AI Gold Star 123 (Coppock),
2026-04-10 21:10:00,2026-04-10 22:35:00,BUY,4780.14,4767.89,4816.89,4767.89,SL,-12.45,S433 AI Gold Star 123 (Coppock),
2026-04-10 23:30:00,2026-04-11 00:30:00,BUY,4761.1,4749.06,4797.22,4760.82,FLIP,-0.48,S433 AI Gold Star 123 (Coppock),
2026-04-11 00:30:00,2026-04-11 00:35:00,SELL,4760.82,4769.44,4734.95,4761.65,FLIP,-1.03,S433 AI Gold Star 123 (Coppock),
2026-04-11 00:35:00,2026-04-11 00:40:00,BUY,4761.65,4753.1,4787.29,4759.11,FLIP,-2.74,S433 AI Gold Star 123 (Coppock),
2026-04-11 00:40:00,2026-04-11 01:10:00,SELL,4759.11,4767.32,4734.49,4763.56,FLIP,-4.65,S433 AI Gold Star 123 (Coppock),
2026-04-11 01:10:00,2026-04-11 03:00:00,BUY,4763.56,4754.92,4789.49,4754.92,SL,-8.84,S433 AI Gold Star 123 (Coppock),
2026-04-11 03:40:00,2026-04-13 05:05:00,BUY,4751.29,4745.37,4769.05,4665.93,FLIP,-85.56,S433 AI Gold Star 123 (Coppock),
2026-04-13 05:05:00,2026-04-13 05:10:00,SELL,4665.93,4680.05,4623.58,4680.05,SL,-14.32,S433 AI Gold Star 123 (Coppock),
2026-04-13 05:55:00,2026-04-13 08:40:00,BUY,4659.05,4637.67,4723.19,4714.48,FLIP,55.23,S433 AI Gold Star 123 (Coppock),
2026-04-13 08:40:00,2026-04-13 08:55:00,SELL,4714.48,4727.63,4675.04,4727.63,SL,-13.35,S433 AI Gold Star 123 (Coppock),
2026-04-13 10:30:00,2026-04-13 11:00:00,BUY,4721.23,4713.26,4745.15,4714.91,FLIP,-6.52,S433 AI Gold Star 123 (Coppock),
2026-04-13 11:00:00,2026-04-13 11:50:00,SELL,4714.91,4721.02,4696.58,4721.02,SL,-6.31,S433 AI Gold Star 123 (Coppock),
2026-04-13 12:55:00,2026-04-13 13:00:00,BUY,4729.46,4722.4,4750.65,4726.25,FLIP,-3.41,S433 AI Gold Star 123 (Coppock),
2026-04-13 13:00:00,2026-04-13 13:05:00,SELL,4726.25,4733.35,4704.95,4728.05,FLIP,-2.0,S433 AI Gold Star 123 (Coppock),
2026-04-13 13:05:00,2026-04-13 13:35:00,BUY,4728.05,4720.78,4749.87,4726.93,FLIP,-1.32,S433 AI Gold Star 123 (Coppock),
2026-04-13 13:35:00,2026-04-13 14:00:00,SELL,4726.93,4734.72,4703.55,4737.3,FLIP,-10.57,S433 AI Gold Star 123 (Coppock),
2026-04-13 14:00:00,2026-04-13 14:05:00,BUY,4737.3,4728.79,4762.83,4726.63,FLIP,-10.87,S433 AI Gold Star 123 (Coppock),
2026-04-13 14:05:00,2026-04-13 14:30:00,SELL,4726.63,4735.23,4700.84,4731.67,FLIP,-5.24,S433 AI Gold Star 123 (Coppock),
2026-04-13 14:30:00,2026-04-13 14:35:00,BUY,4731.67,4723.33,4756.68,4729.86,FLIP,-2.01,S433 AI Gold Star 123 (Coppock),
2026-04-13 14:35:00,2026-04-13 14:40:00,SELL,4729.86,4738.06,4705.27,4732.35,FLIP,-2.69,S433 AI Gold Star 123 (Coppock),
2026-04-13 14:40:00,2026-04-13 15:10:00,BUY,4732.35,4724.14,4756.99,4732.86,FLIP,0.31,S433 AI Gold Star 123 (Coppock),
2026-04-13 15:10:00,2026-04-13 16:35:00,SELL,4732.86,4741.11,4708.11,4715.96,FLIP,16.7,S433 AI Gold Star 123 (Coppock),
2026-04-13 16:35:00,2026-04-13 16:40:00,BUY,4715.96,4706.76,4743.57,4714.38,FLIP,-1.78,S433 AI Gold Star 123 (Coppock),
2026-04-13 16:40:00,2026-04-13 16:50:00,SELL,4714.38,4723.57,4686.82,4715.28,FLIP,-1.1,S433 AI Gold Star 123 (Coppock),
2026-04-13 16:50:00,2026-04-13 18:20:00,BUY,4715.28,4706.62,4741.25,4720.11,FLIP,4.63,S433 AI Gold Star 123 (Coppock),
2026-04-13 18:20:00,2026-04-13 18:25:00,SELL,4720.11,4726.31,4701.5,4721.13,FLIP,-1.22,S433 AI Gold Star 123 (Coppock),
2026-04-13 18:25:00,2026-04-13 18:30:00,BUY,4721.13,4715.23,4738.82,4720.01,FLIP,-1.32,S433 AI Gold Star 123 (Coppock),
2026-04-13 18:30:00,2026-04-13 19:10:00,SELL,4720.01,4725.83,4702.54,4717.27,FLIP,2.54,S433 AI Gold Star 123 (Coppock),
2026-04-13 19:10:00,2026-04-13 19:15:00,BUY,4717.27,4708.46,4743.71,4713.98,FLIP,-3.49,S433 AI Gold Star 123 (Coppock),
2026-04-13 19:15:00,2026-04-13 19:25:00,SELL,4713.98,4722.61,4688.09,4710.54,FLIP,3.24,S433 AI Gold Star 123 (Coppock),
2026-04-13 19:25:00,2026-04-13 20:35:00,BUY,4710.54,4700.91,4739.42,4727.36,FLIP,16.62,S433 AI Gold Star 123 (Coppock),
2026-04-13 20:35:00,2026-04-13 20:45:00,SELL,4727.36,4736.71,4699.3,4738.59,FLIP,-11.43,S433 AI Gold Star 123 (Coppock),
2026-04-13 20:45:00,2026-04-13 20:50:00,BUY,4738.59,4728.14,4769.94,4726.54,FLIP,-12.25,S433 AI Gold Star 123 (Coppock),
2026-04-13 20:50:00,2026-04-13 22:10:00,SELL,4726.54,4738.84,4689.63,4707.68,FLIP,18.66,S433 AI Gold Star 123 (Coppock),
2026-04-13 22:10:00,2026-04-13 22:20:00,BUY,4707.68,4695.63,4743.84,4704.78,FLIP,-3.1,S433 AI Gold Star 123 (Coppock),
2026-04-13 22:20:00,2026-04-13 22:30:00,SELL,4704.78,4716.79,4668.76,4709.08,FLIP,-4.5,S433 AI Gold Star 123 (Coppock),
2026-04-13 22:30:00,2026-04-13 23:45:00,BUY,4709.08,4698.41,4741.08,4741.08,TP,31.8,S433 AI Gold Star 123 (Coppock),
2026-04-13 23:55:00,2026-04-14 00:00:00,SELL,4733.02,4743.83,4700.6,4738.59,FLIP,-5.77,S433 AI Gold Star 123 (Coppock),
2026-04-14 00:00:00,2026-04-14 00:05:00,BUY,4738.59,4727.56,4771.69,4728.92,FLIP,-9.87,S433 AI Gold Star 123 (Coppock),
2026-04-14 00:05:00,2026-04-14 00:15:00,SELL,4728.92,4741.04,4692.56,4744.42,FLIP,-15.7,S433 AI Gold Star 123 (Coppock),
2026-04-14 00:15:00,2026-04-14 00:20:00,BUY,4744.42,4732.05,4781.53,4744.66,FLIP,0.04,S433 AI Gold Star 123 (Coppock),
2026-04-14 00:20:00,2026-04-14 05:55:00,SELL,4744.66,4757.13,4707.25,4757.13,SL,-12.67,S433 AI Gold Star 123 (Coppock),
2026-04-14 06:15:00,2026-04-14 07:20:00,SELL,4760.53,4766.11,4743.8,4762.97,FLIP,-2.64,S433 AI Gold Star 123 (Coppock),
2026-04-14 07:20:00,2026-04-14 08:20:00,BUY,4762.97,4757.06,4780.69,4770.54,FLIP,7.37,S433 AI Gold Star 123 (Coppock),
2026-04-14 08:20:00,2026-04-14 13:50:00,SELL,4770.54,4778.86,4745.58,4778.86,SL,-8.52,S433 AI Gold Star 123 (Coppock),
2026-04-14 14:20:00,2026-04-14 15:05:00,SELL,4772.84,4782.23,4744.66,4782.23,SL,-9.59,S433 AI Gold Star 123 (Coppock),
2026-04-14 15:25:00,2026-04-14 16:30:00,BUY,4786.06,4777.35,4812.2,4777.35,SL,-8.91,S433 AI Gold Star 123 (Coppock),
2026-04-14 18:05:00,2026-04-14 18:10:00,BUY,4776.21,4765.75,4807.59,4776.64,FLIP,0.23,S433 AI Gold Star 123 (Coppock),
2026-04-14 18:10:00,2026-04-14 18:20:00,SELL,4776.64,4786.84,4746.04,4778.63,FLIP,-2.19,S433 AI Gold Star 123 (Coppock),
2026-04-14 18:20:00,2026-04-14 19:10:00,BUY,4778.63,4768.87,4807.91,4769.87,FLIP,-8.96,S433 AI Gold Star 123 (Coppock),
2026-04-14 19:10:00,2026-04-14 19:45:00,SELL,4769.87,4776.76,4749.19,4772.82,FLIP,-3.15,S433 AI Gold Star 123 (Coppock),
2026-04-14 19:45:00,2026-04-14 19:50:00,BUY,4772.82,4763.61,4800.46,4764.72,FLIP,-8.3,S433 AI Gold Star 123 (Coppock),
2026-04-14 19:50:00,2026-04-14 19:55:00,SELL,4764.72,4774.79,4734.52,4771.34,FLIP,-6.82,S433 AI Gold Star 123 (Coppock),
2026-04-14 19:55:00,2026-04-14 20:35:00,BUY,4771.34,4760.86,4802.78,4802.78,TP,31.24,S433 AI Gold Star 123 (Coppock),
2026-04-14 21:10:00,2026-04-14 21:15:00,SELL,4794.95,4806.76,4759.53,4804.67,FLIP,-9.92,S433 AI Gold Star 123 (Coppock),
2026-04-14 21:15:00,2026-04-14 21:20:00,BUY,4804.67,4792.08,4842.44,4801.14,FLIP,-3.73,S433 AI Gold Star 123 (Coppock),
2026-04-14 21:20:00,2026-04-14 21:30:00,SELL,4801.14,4813.85,4763.0,4813.49,FLIP,-12.55,S433 AI Gold Star 123 (Coppock),
2026-04-14 21:30:00,2026-04-14 21:35:00,BUY,4813.49,4799.9,4854.25,4804.16,FLIP,-9.53,S433 AI Gold Star 123 (Coppock),
2026-04-14 21:35:00,2026-04-14 22:30:00,SELL,4804.16,4818.44,4761.31,4807.22,FLIP,-3.26,S433 AI Gold Star 123 (Coppock),
2026-04-14 22:30:00,2026-04-14 23:30:00,BUY,4807.22,4795.87,4841.27,4815.78,FLIP,8.36,S433 AI Gold Star 123 (Coppock),
2026-04-14 23:30:00,2026-04-15 00:05:00,SELL,4815.78,4824.74,4788.91,4829.36,FLIP,-13.78,S433 AI Gold Star 123 (Coppock),
2026-04-15 00:05:00,2026-04-15 01:00:00,BUY,4829.36,4819.59,4858.68,4837.1,FLIP,7.54,S433 AI Gold Star 123 (Coppock),
2026-04-15 01:00:00,2026-04-15 01:05:00,SELL,4837.1,4846.42,4809.15,4842.78,FLIP,-5.88,S433 AI Gold Star 123 (Coppock),
2026-04-15 01:05:00,2026-04-15 01:10:00,BUY,4842.78,4833.25,4871.38,4838.89,FLIP,-4.09,S433 AI Gold Star 123 (Coppock),
2026-04-15 01:10:00,2026-04-15 02:05:00,SELL,4838.89,4848.37,4810.45,4841.43,FLIP,-2.74,S433 AI Gold Star 123 (Coppock),
2026-04-15 02:05:00,2026-04-15 02:15:00,BUY,4841.43,4835.36,4859.65,4839.38,FLIP,-2.25,S433 AI Gold Star 123 (Coppock),
2026-04-15 02:15:00,2026-04-15 02:20:00,SELL,4839.38,4845.0,4822.52,4839.93,FLIP,-0.75,S433 AI Gold Star 123 (Coppock),
2026-04-15 02:20:00,2026-04-15 03:10:00,BUY,4839.93,4834.84,4855.21,4842.84,FLIP,2.71,S433 AI Gold Star 123 (Coppock),
2026-04-15 03:10:00,2026-04-15 05:00:00,SELL,4842.84,4847.36,4829.29,4848.44,FLIP,-5.8,S433 AI Gold Star 123 (Coppock),
2026-04-15 05:00:00,2026-04-15 05:10:00,BUY,4848.44,4843.71,4862.63,4843.71,SL,-4.93,S433 AI Gold Star 123 (Coppock),
2026-04-15 05:15:00,2026-04-15 05:20:00,SELL,4837.64,4843.18,4821.02,4842.39,FLIP,-4.95,S433 AI Gold Star 123 (Coppock),
2026-04-15 05:20:00,2026-04-15 05:25:00,BUY,4842.39,4836.39,4860.4,4840.0,FLIP,-2.59,S433 AI Gold Star 123 (Coppock),
2026-04-15 05:25:00,2026-04-15 06:05:00,SELL,4840.0,4845.91,4822.26,4839.5,FLIP,0.3,S433 AI Gold Star 123 (Coppock),
2026-04-15 06:05:00,2026-04-15 06:10:00,BUY,4839.5,4831.77,4862.7,4837.19,FLIP,-2.51,S433 AI Gold Star 123 (Coppock),
2026-04-15 06:10:00,2026-04-15 08:10:00,SELL,4837.19,4844.06,4816.57,4844.06,SL,-7.07,S433 AI Gold Star 123 (Coppock),
2026-04-15 08:50:00,2026-04-15 08:55:00,SELL,4844.74,4858.85,4802.4,4847.1,FLIP,-2.56,S433 AI Gold Star 123 (Coppock),
2026-04-15 08:55:00,2026-04-15 09:00:00,BUY,4847.1,4832.65,4890.45,4848.24,FLIP,0.94,S433 AI Gold Star 123 (Coppock),
2026-04-15 09:00:00,2026-04-15 10:15:00,SELL,4848.24,4862.84,4804.45,4825.91,FLIP,22.13,S433 AI Gold Star 123 (Coppock),
2026-04-15 10:15:00,2026-04-15 12:35:00,BUY,4825.91,4816.46,4854.26,4816.46,SL,-9.65,S433 AI Gold Star 123 (Coppock),
2026-04-15 13:35:00,2026-04-15 14:00:00,BUY,4815.97,4807.33,4841.88,4808.86,FLIP,-7.31,S433 AI Gold Star 123 (Coppock),
2026-04-15 14:00:00,2026-04-15 14:10:00,SELL,4808.86,4816.4,4786.25,4815.97,FLIP,-7.31,S433 AI Gold Star 123 (Coppock),
2026-04-15 14:10:00,2026-04-15 14:20:00,BUY,4815.97,4807.92,4840.13,4810.03,FLIP,-6.14,S433 AI Gold Star 123 (Coppock),
2026-04-15 14:20:00,2026-04-15 14:25:00,SELL,4810.03,4818.27,4785.32,4812.9,FLIP,-3.07,S433 AI Gold Star 123 (Coppock),
2026-04-15 14:25:00,2026-04-15 14:40:00,BUY,4812.9,4804.26,4838.82,4810.33,FLIP,-2.77,S433 AI Gold Star 123 (Coppock),
2026-04-15 14:40:00,2026-04-15 14:50:00,SELL,4810.33,4819.14,4783.91,4810.07,FLIP,0.06,S433 AI Gold Star 123 (Coppock),
2026-04-15 14:50:00,2026-04-15 15:05:00,BUY,4810.07,4801.32,4836.31,4808.66,FLIP,-1.61,S433 AI Gold Star 123 (Coppock),
2026-04-15 15:05:00,2026-04-15 15:10:00,SELL,4808.66,4817.01,4783.61,4811.55,FLIP,-3.09,S433 AI Gold Star 123 (Coppock),
2026-04-15 15:10:00,2026-04-15 15:20:00,BUY,4811.55,4803.49,4835.73,4810.21,FLIP,-1.54,S433 AI Gold Star 123 (Coppock),
2026-04-15 15:20:00,2026-04-15 15:25:00,SELL,4810.21,4817.43,4788.54,4809.91,FLIP,0.1,S433 AI Gold Star 123 (Coppock),
2026-04-15 15:25:00,2026-04-15 16:05:00,BUY,4809.91,4802.46,4832.25,4806.19,FLIP,-3.92,S433 AI Gold Star 123 (Coppock),
2026-04-15 16:05:00,2026-04-15 17:05:00,SELL,4806.19,4814.45,4781.4,4801.69,FLIP,4.3,S433 AI Gold Star 123 (Coppock),
2026-04-15 17:05:00,2026-04-15 17:25:00,BUY,4801.69,4791.28,4832.92,4791.28,SL,-10.61,S433 AI Gold Star 123 (Coppock),
2026-04-15 21:15:00,2026-04-15 22:25:00,SELL,4824.72,4833.65,4797.93,4797.93,TP,26.59,S433 AI Gold Star 123 (Coppock),
2026-04-15 22:40:00,2026-04-15 23:50:00,BUY,4803.48,4792.86,4835.33,4801.78,FLIP,-1.9,S433 AI Gold Star 123 (Coppock),
2026-04-15 23:50:00,2026-04-16 01:00:00,SELL,4801.78,4809.64,4778.19,4796.24,FLIP,5.34,S433 AI Gold Star 123 (Coppock),
2026-04-16 01:00:00,2026-04-16 01:15:00,BUY,4796.24,4788.38,4819.83,4795.44,FLIP,-1.0,S433 AI Gold Star 123 (Coppock),
2026-04-16 01:15:00,2026-04-16 01:20:00,SELL,4795.44,4803.67,4770.76,4794.59,FLIP,0.65,S433 AI Gold Star 123 (Coppock),
2026-04-16 01:20:00,2026-04-16 06:30:00,BUY,4794.59,4786.63,4818.48,4818.48,TP,23.69,S433 AI Gold Star 123 (Coppock),
2026-04-16 06:55:00,2026-04-16 07:00:00,SELL,4823.39,4828.61,4807.73,4828.9,FLIP,-5.71,S433 AI Gold Star 123 (Coppock),
2026-04-16 07:00:00,2026-04-16 07:10:00,BUY,4828.9,4823.62,4844.75,4829.8,FLIP,0.7,S433 AI Gold Star 123 (Coppock),
2026-04-16 07:10:00,2026-04-16 07:40:00,SELL,4829.8,4834.75,4814.94,4834.75,SL,-5.15,S433 AI Gold Star 123 (Coppock),
2026-04-16 09:05:00,2026-04-16 09:30:00,BUY,4822.56,4815.52,4843.69,4815.52,SL,-7.24,S433 AI Gold Star 123 (Coppock),
2026-04-16 12:20:00,2026-04-16 13:15:00,SELL,4832.67,4836.55,4821.03,4821.03,TP,11.44,S433 AI Gold Star 123 (Coppock),
2026-04-16 15:50:00,2026-04-16 16:50:00,BUY,4811.36,4804.5,4831.93,4812.14,FLIP,0.58,S433 AI Gold Star 123 (Coppock),
2026-04-16 16:50:00,2026-04-16 17:35:00,SELL,4812.14,4817.73,4795.37,4810.07,FLIP,1.87,S433 AI Gold Star 123 (Coppock),
2026-04-16 17:35:00,2026-04-16 18:45:00,BUY,4810.07,4804.51,4826.74,4816.46,FLIP,6.19,S433 AI Gold Star 123 (Coppock),
2026-04-16 18:45:00,2026-04-16 18:55:00,SELL,4816.46,4821.39,4801.66,4821.39,SL,-5.13,S433 AI Gold Star 123 (Coppock),
2026-04-16 21:45:00,2026-04-17 00:25:00,BUY,4790.97,4774.94,4839.07,4785.05,FLIP,-6.12,S433 AI Gold Star 123 (Coppock),
2026-04-17 00:25:00,2026-04-17 00:35:00,SELL,4785.05,4794.1,4757.91,4782.47,FLIP,2.38,S433 AI Gold Star 123 (Coppock),
2026-04-17 00:35:00,2026-04-17 01:55:00,BUY,4782.47,4773.38,4809.75,4789.52,FLIP,6.85,S433 AI Gold Star 123 (Coppock),
2026-04-17 01:55:00,2026-04-17 02:00:00,SELL,4789.52,4795.41,4771.86,4792.52,FLIP,-3.2,S433 AI Gold Star 123 (Coppock),
2026-04-17 02:00:00,2026-04-17 02:10:00,BUY,4792.52,4786.31,4811.16,4790.09,FLIP,-2.63,S433 AI Gold Star 123 (Coppock),
2026-04-17 02:10:00,2026-04-17 02:15:00,SELL,4790.09,4795.24,4774.64,4793.18,FLIP,-3.29,S433 AI Gold Star 123 (Coppock),
2026-04-17 02:15:00,2026-04-17 03:30:00,BUY,4793.18,4788.12,4808.36,4788.12,SL,-5.26,S433 AI Gold Star 123 (Coppock),
2026-04-17 08:50:00,2026-04-17 12:25:00,BUY,4786.54,4775.72,4819.0,4803.49,FLIP,16.75,S433 AI Gold Star 123 (Coppock),
2026-04-17 12:25:00,2026-04-17 13:10:00,SELL,4803.49,4808.11,4789.62,4789.62,TP,13.67,S433 AI Gold Star 123 (Coppock),
2026-04-17 13:40:00,2026-04-17 14:45:00,BUY,4785.56,4778.63,4806.34,4780.12,FLIP,-5.64,S433 AI Gold Star 123 (Coppock),
2026-04-17 14:45:00,2026-04-17 15:00:00,SELL,4780.12,4786.64,4760.55,4790.4,FLIP,-10.48,S433 AI Gold Star 123 (Coppock),
2026-04-17 15:00:00,2026-04-17 15:05:00,BUY,4790.4,4783.13,4812.22,4784.23,FLIP,-6.37,S433 AI Gold Star 123 (Coppock),
2026-04-17 15:05:00,2026-04-17 15:30:00,SELL,4784.23,4792.02,4760.85,4786.38,FLIP,-2.35,S433 AI Gold Star 123 (Coppock),
2026-04-17 15:30:00,2026-04-17 16:35:00,BUY,4786.38,4778.95,4808.66,4795.4,FLIP,8.82,S433 AI Gold Star 123 (Coppock),
2026-04-17 16:35:00,2026-04-17 18:45:00,SELL,4795.4,4802.04,4775.47,4802.04,SL,-6.84,S433 AI Gold Star 123 (Coppock),
2026-04-17 20:25:00,2026-04-17 20:40:00,SELL,4851.56,4871.19,4792.67,4871.19,SL,-19.83,S433 AI Gold Star 123 (Coppock),
2026-04-17 22:50:00,2026-04-18 00:20:00,BUY,4869.35,4856.02,4909.33,4856.02,SL,-13.53,S433 AI Gold Star 123 (Coppock),
2026-04-18 00:50:00,2026-04-18 02:10:00,BUY,4861.71,4853.94,4885.02,4853.94,SL,-7.97,S433 AI Gold Star 123 (Coppock),
2026-04-18 02:35:00,2026-04-18 03:00:00,BUY,4860.1,4854.56,4876.73,4850.14,FLIP,-10.16,S433 AI Gold Star 123 (Coppock),
2026-04-18 03:00:00,2026-04-18 03:15:00,SELL,4850.14,4855.34,4834.55,4851.62,FLIP,-1.68,S433 AI Gold Star 123 (Coppock),
2026-04-18 03:15:00,2026-04-18 03:20:00,BUY,4851.62,4845.98,4868.54,4848.46,FLIP,-3.36,S433 AI Gold Star 123 (Coppock),
2026-04-18 03:20:00,2026-04-18 03:50:00,SELL,4848.46,4854.07,4831.62,4831.62,TP,16.64,S433 AI Gold Star 123 (Coppock),
2026-04-20 05:50:00,2026-04-20 06:35:00,BUY,4782.13,4766.81,4828.1,4766.81,SL,-15.52,S433 AI Gold Star 123 (Coppock),
2026-04-20 06:40:00,2026-04-20 06:55:00,SELL,4751.72,4761.94,4721.05,4755.1,FLIP,-3.58,S433 AI Gold Star 123 (Coppock),
2026-04-20 06:55:00,2026-04-20 07:00:00,BUY,4755.1,4743.32,4790.45,4749.68,FLIP,-5.62,S433 AI Gold Star 123 (Coppock),
2026-04-20 07:00:00,2026-04-20 07:05:00,SELL,4749.68,4762.08,4712.47,4752.32,FLIP,-2.84,S433 AI Gold Star 123 (Coppock),
2026-04-20 07:05:00,2026-04-20 08:10:00,BUY,4752.32,4739.72,4790.11,4790.11,TP,37.59,S433 AI Gold Star 123 (Coppock),
2026-04-20 08:55:00,2026-04-20 10:20:00,SELL,4807.73,4819.89,4771.24,4795.03,FLIP,12.5,S433 AI Gold Star 123 (Coppock),
2026-04-20 10:20:00,2026-04-20 11:30:00,BUY,4795.03,4788.93,4813.32,4788.93,SL,-6.3,S433 AI Gold Star 123 (Coppock),
2026-04-20 19:35:00,2026-04-20 20:05:00,SELL,4803.88,4813.58,4774.79,4813.58,SL,-9.9,S433 AI Gold Star 123 (Coppock),
2026-04-20 21:00:00,2026-04-20 22:25:00,SELL,4817.79,4828.4,4785.96,4808.33,FLIP,9.26,S433 AI Gold Star 123 (Coppock),
2026-04-20 22:25:00,2026-04-20 22:30:00,BUY,4808.33,4795.66,4846.33,4804.49,FLIP,-4.04,S433 AI Gold Star 123 (Coppock),
2026-04-20 22:30:00,2026-04-20 22:40:00,SELL,4804.49,4816.72,4767.8,4800.31,FLIP,3.98,S433 AI Gold Star 123 (Coppock),
2026-04-20 22:40:00,2026-04-21 01:15:00,BUY,4800.31,4788.77,4834.92,4813.6,FLIP,13.09,S433 AI Gold Star 123 (Coppock),
2026-04-21 01:15:00,2026-04-21 01:25:00,SELL,4813.6,4819.48,4795.95,4813.49,FLIP,-0.09,S433 AI Gold Star 123 (Coppock),
2026-04-21 01:25:00,2026-04-21 01:35:00,BUY,4813.49,4807.54,4831.33,4812.22,FLIP,-1.47,S433 AI Gold Star 123 (Coppock),
2026-04-21 01:35:00,2026-04-21 01:40:00,SELL,4812.22,4818.13,4794.49,4814.54,FLIP,-2.52,S433 AI Gold Star 123 (Coppock),
2026-04-21 01:40:00,2026-04-21 01:55:00,BUY,4814.54,4809.03,4831.07,4814.11,FLIP,-0.63,S433 AI Gold Star 123 (Coppock),
2026-04-21 01:55:00,2026-04-21 02:00:00,SELL,4814.11,4819.12,4799.07,4817.66,FLIP,-3.75,S433 AI Gold Star 123 (Coppock),
2026-04-21 02:00:00,2026-04-21 02:15:00,BUY,4817.66,4812.37,4833.52,4818.66,FLIP,0.8,S433 AI Gold Star 123 (Coppock),
2026-04-21 02:15:00,2026-04-21 05:00:00,SELL,4818.66,4823.39,4804.47,4823.39,SL,-4.93,S433 AI Gold Star 123 (Coppock),
2026-04-21 05:45:00,2026-04-21 08:40:00,SELL,4829.71,4835.45,4812.48,4812.48,TP,17.03,S433 AI Gold Star 123 (Coppock),
2026-04-21 09:25:00,2026-04-21 09:30:00,BUY,4807.61,4801.93,4824.64,4803.36,FLIP,-4.45,S433 AI Gold Star 123 (Coppock),
2026-04-21 09:30:00,2026-04-21 09:35:00,SELL,4803.36,4809.26,4785.65,4806.27,FLIP,-3.11,S433 AI Gold Star 123 (Coppock),
2026-04-21 09:35:00,2026-04-21 10:15:00,BUY,4806.27,4800.4,4823.88,4797.59,FLIP,-8.88,S433 AI Gold Star 123 (Coppock),
2026-04-21 10:15:00,2026-04-21 10:25:00,SELL,4797.59,4803.02,4781.3,4798.73,FLIP,-1.34,S433 AI Gold Star 123 (Coppock),
2026-04-21 10:25:00,2026-04-21 10:30:00,BUY,4798.73,4792.79,4816.55,4798.6,FLIP,-0.33,S433 AI Gold Star 123 (Coppock),
2026-04-21 10:30:00,2026-04-21 10:55:00,SELL,4798.6,4804.38,4781.27,4797.22,FLIP,1.18,S433 AI Gold Star 123 (Coppock),
2026-04-21 10:55:00,2026-04-21 11:20:00,BUY,4797.22,4791.83,4813.38,4791.83,SL,-5.59,S433 AI Gold Star 123 (Coppock),
2026-04-21 11:50:00,2026-04-21 12:00:00,SELL,4789.87,4794.09,4777.2,4790.99,FLIP,-1.32,S433 AI Gold Star 123 (Coppock),
2026-04-21 12:00:00,2026-04-21 12:05:00,BUY,4790.99,4786.36,4804.88,4790.01,FLIP,-1.18,S433 AI Gold Star 123 (Coppock),
2026-04-21 12:05:00,2026-04-21 12:15:00,SELL,4790.01,4794.68,4775.99,4789.1,FLIP,0.71,S433 AI Gold Star 123 (Coppock),
2026-04-21 12:15:00,2026-04-21 12:50:00,BUY,4789.1,4784.4,4803.21,4787.81,FLIP,-1.49,S433 AI Gold Star 123 (Coppock),
2026-04-21 12:50:00,2026-04-21 13:05:00,SELL,4787.81,4794.0,4769.25,4787.53,FLIP,0.08,S433 AI Gold Star 123 (Coppock),
2026-04-21 13:05:00,2026-04-21 13:10:00,BUY,4787.53,4779.87,4810.52,4785.04,FLIP,-2.69,S433 AI Gold Star 123 (Coppock),
2026-04-21 13:10:00,2026-04-21 13:55:00,SELL,4785.04,4792.86,4761.57,4778.8,FLIP,6.04,S433 AI Gold Star 123 (Coppock),
2026-04-21 13:55:00,2026-04-21 14:00:00,BUY,4778.8,4769.85,4805.65,4774.74,FLIP,-4.26,S433 AI Gold Star 123 (Coppock),
2026-04-21 14:00:00,2026-04-21 14:05:00,SELL,4774.74,4783.63,4748.08,4781.3,FLIP,-6.76,S433 AI Gold Star 123 (Coppock),
2026-04-21 14:05:00,2026-04-21 15:05:00,BUY,4781.3,4772.17,4808.68,4780.38,FLIP,-1.12,S433 AI Gold Star 123 (Coppock),
2026-04-21 15:05:00,2026-04-21 15:20:00,SELL,4780.38,4787.81,4758.1,4787.81,SL,-7.63,S433 AI Gold Star 123 (Coppock),
2026-04-21 20:25:00,2026-04-21 21:20:00,BUY,4774.93,4762.99,4810.74,4772.64,FLIP,-2.49,S433 AI Gold Star 123 (Coppock),
2026-04-21 21:20:00,2026-04-21 21:45:00,SELL,4772.64,4784.01,4738.52,4738.52,TP,33.92,S433 AI Gold Star 123 (Coppock),
2026-04-21 22:15:00,2026-04-21 22:35:00,BUY,4756.18,4739.94,4804.89,4739.94,SL,-16.44,S433 AI Gold Star 123 (Coppock),
2026-04-21 23:10:00,2026-04-22 00:20:00,SELL,4730.25,4742.16,4694.53,4703.44,FLIP,26.61,S433 AI Gold Star 123 (Coppock),
2026-04-22 00:20:00,2026-04-22 00:25:00,BUY,4703.44,4692.9,4735.05,4700.22,FLIP,-3.42,S433 AI Gold Star 123 (Coppock),
2026-04-22 00:25:00,2026-04-22 00:30:00,SELL,4700.22,4711.0,4667.89,4705.43,FLIP,-5.41,S433 AI Gold Star 123 (Coppock),
2026-04-22 00:30:00,2026-04-22 01:15:00,BUY,4705.43,4694.15,4739.26,4696.16,FLIP,-9.47,S433 AI Gold Star 123 (Coppock),
2026-04-22 01:15:00,2026-04-22 01:30:00,SELL,4696.16,4707.63,4661.75,4702.08,FLIP,-6.12,S433 AI Gold Star 123 (Coppock),
2026-04-22 01:30:00,2026-04-22 01:35:00,BUY,4702.08,4691.59,4733.54,4701.38,FLIP,-0.9,S433 AI Gold Star 123 (Coppock),
2026-04-22 01:35:00,2026-04-22 01:50:00,SELL,4701.38,4711.4,4671.33,4709.36,FLIP,-8.18,S433 AI Gold Star 123 (Coppock),
2026-04-22 01:50:00,2026-04-22 02:35:00,BUY,4709.36,4700.67,4735.42,4700.67,SL,-8.89,S433 AI Gold Star 123 (Coppock),
2026-04-22 03:10:00,2026-04-22 07:00:00,BUY,4696.91,4680.75,4745.4,4745.4,TP,48.29,S433 AI Gold Star 123 (Coppock),
2026-04-22 07:10:00,2026-04-22 08:30:00,SELL,4742.92,4749.85,4722.13,4748.37,FLIP,-5.65,S433 AI Gold Star 123 (Coppock),
2026-04-22 08:30:00,2026-04-22 09:25:00,BUY,4748.37,4741.07,4770.27,4755.63,FLIP,7.06,S433 AI Gold Star 123 (Coppock),
2026-04-22 09:25:00,2026-04-22 10:20:00,SELL,4755.63,4761.67,4737.5,4759.6,FLIP,-4.17,S433 AI Gold Star 123 (Coppock),
2026-04-22 10:20:00,2026-04-22 10:45:00,BUY,4759.6,4754.55,4774.76,4758.83,FLIP,-0.97,S433 AI Gold Star 123 (Coppock),
2026-04-22 10:45:00,2026-04-22 11:45:00,SELL,4758.83,4764.15,4742.88,4757.8,FLIP,0.83,S433 AI Gold Star 123 (Coppock),
2026-04-22 11:45:00,2026-04-22 11:50:00,BUY,4757.8,4754.24,4768.47,4754.83,FLIP,-3.17,S433 AI Gold Star 123 (Coppock),
2026-04-22 11:50:00,2026-04-22 12:15:00,SELL,4754.83,4758.57,4743.62,4758.57,SL,-3.94,S433 AI Gold Star 123 (Coppock),
2026-04-22 13:00:00,2026-04-22 13:25:00,SELL,4759.36,4766.66,4737.45,4766.66,SL,-7.5,S433 AI Gold Star 123 (Coppock),
2026-04-22 15:40:00,2026-04-22 17:00:00,BUY,4756.12,4751.17,4770.96,4751.17,SL,-5.15,S433 AI Gold Star 123 (Coppock),
2026-04-22 22:10:00,2026-04-22 22:35:00,BUY,4737.72,4728.53,4765.3,4728.53,SL,-9.39,S433 AI Gold Star 123 (Coppock),
2026-04-22 23:15:00,2026-04-22 23:25:00,SELL,4724.86,4732.05,4703.3,4727.09,FLIP,-2.43,S433 AI Gold Star 123 (Coppock),
2026-04-22 23:25:00,2026-04-23 01:45:00,BUY,4727.09,4720.38,4747.21,4747.21,TP,19.92,S433 AI Gold Star 123 (Coppock),
2026-04-23 02:35:00,2026-04-23 06:15:00,SELL,4739.47,4746.04,4719.77,4728.95,FLIP,10.32,S433 AI Gold Star 123 (Coppock),
2026-04-23 06:15:00,2026-04-23 06:40:00,BUY,4728.95,4724.48,4742.36,4724.48,SL,-4.67,S433 AI Gold Star 123 (Coppock),
2026-04-23 07:00:00,2026-04-23 07:10:00,SELL,4721.64,4726.63,4706.66,4706.66,TP,14.78,S433 AI Gold Star 123 (Coppock),
2026-04-23 07:15:00,2026-04-23 07:30:00,BUY,4722.62,4712.91,4751.74,4751.74,TP,28.92,S433 AI Gold Star 123 (Coppock),
2026-04-23 08:10:00,2026-04-23 09:20:00,SELL,4736.99,4751.74,4692.73,4715.62,FLIP,21.17,S433 AI Gold Star 123 (Coppock),
2026-04-23 09:20:00,2026-04-23 09:40:00,BUY,4715.62,4705.62,4745.62,4701.28,FLIP,-14.54,S433 AI Gold Star 123 (Coppock),
2026-04-23 09:40:00,2026-04-23 09:45:00,SELL,4701.28,4711.8,4669.72,4706.48,FLIP,-5.4,S433 AI Gold Star 123 (Coppock),
2026-04-23 09:45:00,2026-04-23 09:50:00,BUY,4706.48,4695.6,4739.11,4703.39,FLIP,-3.29,S433 AI Gold Star 123 (Coppock),
2026-04-23 09:50:00,2026-04-23 10:00:00,SELL,4703.39,4714.36,4670.48,4708.53,FLIP,-5.34,S433 AI Gold Star 123 (Coppock),
2026-04-23 10:00:00,2026-04-23 11:35:00,BUY,4708.53,4697.59,4741.34,4703.29,FLIP,-5.44,S433 AI Gold Star 123 (Coppock),
2026-04-23 11:35:00,2026-04-23 12:00:00,SELL,4703.29,4708.55,4687.5,4707.2,FLIP,-4.11,S433 AI Gold Star 123 (Coppock),
2026-04-23 12:00:00,2026-04-23 12:20:00,BUY,4707.2,4702.16,4722.33,4706.58,FLIP,-0.82,S433 AI Gold Star 123 (Coppock),
2026-04-23 12:20:00,2026-04-23 12:30:00,SELL,4706.58,4711.37,4692.22,4706.12,FLIP,0.26,S433 AI Gold Star 123 (Coppock),
2026-04-23 12:30:00,2026-04-23 12:35:00,BUY,4706.12,4700.18,4723.93,4702.92,FLIP,-3.4,S433 AI Gold Star 123 (Coppock),
2026-04-23 12:35:00,2026-04-23 12:45:00,SELL,4702.92,4708.97,4684.77,4710.56,FLIP,-7.84,S433 AI Gold Star 123 (Coppock),
2026-04-23 12:45:00,2026-04-23 14:20:00,BUY,4710.56,4703.97,4730.32,4703.97,SL,-6.79,S433 AI Gold Star 123 (Coppock),
2026-04-23 16:25:00,2026-04-23 17:05:00,BUY,4700.97,4692.91,4725.15,4692.91,SL,-8.26,S433 AI Gold Star 123 (Coppock),
2026-04-23 17:10:00,2026-04-23 17:35:00,SELL,4689.17,4696.83,4666.2,4693.89,FLIP,-4.92,S433 AI Gold Star 123 (Coppock),
2026-04-23 17:35:00,2026-04-23 17:40:00,BUY,4693.89,4685.79,4718.19,4690.78,FLIP,-3.31,S433 AI Gold Star 123 (Coppock),
2026-04-23 17:40:00,2026-04-23 17:50:00,SELL,4690.78,4699.37,4665.0,4691.44,FLIP,-0.86,S433 AI Gold Star 123 (Coppock),
2026-04-23 17:50:00,2026-04-23 18:55:00,BUY,4691.44,4682.85,4717.22,4717.22,TP,25.58,S433 AI Gold Star 123 (Coppock),
2026-04-23 19:45:00,2026-04-23 20:45:00,SELL,4735.29,4746.46,4701.78,4737.62,FLIP,-2.53,S433 AI Gold Star 123 (Coppock),
2026-04-23 20:45:00,2026-04-23 20:50:00,BUY,4737.62,4727.8,4767.07,4735.48,FLIP,-2.34,S433 AI Gold Star 123 (Coppock),
2026-04-23 20:50:00,2026-04-23 21:10:00,SELL,4735.48,4745.36,4705.83,4724.26,FLIP,11.02,S433 AI Gold Star 123 (Coppock),
2026-04-23 21:10:00,2026-04-24 00:05:00,BUY,4724.26,4714.16,4754.56,4714.16,SL,-10.3,S433 AI Gold Star 123 (Coppock),
2026-04-24 00:55:00,2026-04-24 03:15:00,BUY,4709.32,4687.76,4773.99,4687.76,SL,-21.76,S433 AI Gold Star 123 (Coppock),
2026-04-24 07:40:00,2026-04-24 07:50:00,SELL,4701.65,4708.5,4681.11,4703.2,FLIP,-1.75,S433 AI Gold Star 123 (Coppock),
2026-04-24 07:50:00,2026-04-24 08:00:00,BUY,4703.2,4695.75,4725.55,4698.88,FLIP,-4.52,S433 AI Gold Star 123 (Coppock),
2026-04-24 08:00:00,2026-04-24 08:10:00,SELL,4698.88,4707.42,4673.25,4707.42,SL,-8.74,S433 AI Gold Star 123 (Coppock),
2026-04-24 10:15:00,2026-04-24 11:20:00,BUY,4673.7,4665.36,4698.73,4661.63,FLIP,-12.27,S433 AI Gold Star 123 (Coppock),
2026-04-24 11:20:00,2026-04-24 11:40:00,SELL,4661.63,4667.58,4643.77,4667.58,SL,-6.15,S433 AI Gold Star 123 (Coppock),
2026-04-24 11:45:00,2026-04-24 13:00:00,BUY,4676.13,4669.57,4695.82,4683.44,FLIP,7.11,S433 AI Gold Star 123 (Coppock),
2026-04-24 13:00:00,2026-04-24 14:45:00,SELL,4683.44,4689.58,4665.01,4689.58,SL,-6.34,S433 AI Gold Star 123 (Coppock),
2026-04-24 15:05:00,2026-04-24 15:15:00,SELL,4688.18,4694.56,4669.05,4693.26,FLIP,-5.28,S433 AI Gold Star 123 (Coppock),
2026-04-24 15:15:00,2026-04-24 15:20:00,BUY,4693.26,4686.89,4712.38,4692.28,FLIP,-1.18,S433 AI Gold Star 123 (Coppock),
2026-04-24 15:20:00,2026-04-24 16:10:00,SELL,4692.28,4698.76,4672.85,4695.33,FLIP,-3.25,S433 AI Gold Star 123 (Coppock),
2026-04-24 16:10:00,2026-04-24 16:20:00,BUY,4695.33,4689.33,4713.34,4686.49,FLIP,-9.04,S433 AI Gold Star 123 (Coppock),
2026-04-24 16:20:00,2026-04-24 17:35:00,SELL,4686.49,4693.1,4666.67,4677.39,FLIP,8.9,S433 AI Gold Star 123 (Coppock),
2026-04-24 17:35:00,2026-04-24 18:05:00,BUY,4677.39,4671.15,4696.11,4696.11,TP,18.52,S433 AI Gold Star 123 (Coppock),
2026-04-24 18:55:00,2026-04-24 20:10:00,SELL,4706.84,4718.53,4671.77,4702.98,FLIP,3.66,S433 AI Gold Star 123 (Coppock),
2026-04-24 20:10:00,2026-04-24 20:30:00,BUY,4702.98,4693.35,4731.87,4693.35,SL,-9.83,S433 AI Gold Star 123 (Coppock),
2026-04-24 21:45:00,2026-04-24 22:40:00,SELL,4727.74,4740.74,4688.74,4728.02,FLIP,-0.48,S433 AI Gold Star 123 (Coppock),
2026-04-24 22:40:00,2026-04-24 22:45:00,BUY,4728.02,4719.7,4752.99,4724.03,FLIP,-4.19,S433 AI Gold Star 123 (Coppock),
2026-04-24 22:45:00,2026-04-24 22:50:00,SELL,4724.03,4732.72,4697.95,4729.22,FLIP,-5.39,S433 AI Gold Star 123 (Coppock),
2026-04-24 22:50:00,2026-04-24 23:10:00,BUY,4729.22,4720.37,4755.77,4720.37,SL,-9.05,S433 AI Gold Star 123 (Coppock),
2026-04-24 23:35:00,2026-04-24 23:40:00,SELL,4724.14,4732.15,4700.12,4722.61,FLIP,1.33,S433 AI Gold Star 123 (Coppock),
2026-04-24 23:40:00,2026-04-24 23:45:00,BUY,4722.61,4714.77,4746.14,4721.82,FLIP,-0.99,S433 AI Gold Star 123 (Coppock),
2026-04-24 23:45:00,2026-04-24 23:55:00,SELL,4721.82,4729.82,4697.82,4726.83,FLIP,-5.21,S433 AI Gold Star 123 (Coppock),
2026-04-24 23:55:00,2026-04-25 00:25:00,BUY,4726.83,4720.64,4745.4,4722.9,FLIP,-4.13,S433 AI Gold Star 123 (Coppock),
2026-04-25 00:25:00,2026-04-25 03:10:00,SELL,4722.9,4728.56,4705.92,4705.92,TP,16.78,S433 AI Gold Star 123 (Coppock),
2026-04-25 03:40:00,2026-04-27 05:05:00,BUY,4707.51,4702.75,4721.79,4681.35,FLIP,-26.36,S433 AI Gold Star 123 (Coppock),
2026-04-27 05:05:00,2026-04-27 05:55:00,SELL,4681.35,4688.72,4659.23,4684.6,FLIP,-3.45,S433 AI Gold Star 123 (Coppock),
2026-04-27 05:55:00,2026-04-27 06:30:00,BUY,4684.6,4676.99,4707.43,4676.99,SL,-7.81,S433 AI Gold Star 123 (Coppock),
2026-04-27 07:05:00,2026-04-27 07:10:00,SELL,4675.69,4681.61,4657.92,4679.77,FLIP,-4.28,S433 AI Gold Star 123 (Coppock),
2026-04-27 07:10:00,2026-04-27 07:55:00,BUY,4679.77,4674.12,4696.73,4696.73,TP,16.76,S433 AI Gold Star 123 (Coppock),
2026-04-27 08:40:00,2026-04-27 09:15:00,SELL,4697.95,4707.44,4669.47,4707.44,SL,-9.69,S433 AI Gold Star 123 (Coppock),
2026-04-27 09:35:00,2026-04-27 10:10:00,BUY,4712.17,4704.92,4733.91,4717.87,FLIP,5.5,S433 AI Gold Star 123 (Coppock),
2026-04-27 10:10:00,2026-04-27 10:35:00,SELL,4717.87,4725.21,4695.86,4725.21,SL,-7.54,S433 AI Gold Star 123 (Coppock),
2026-04-27 10:40:00,2026-04-27 10:45:00,BUY,4728.39,4721.42,4749.29,4724.33,FLIP,-4.26,S433 AI Gold Star 123 (Coppock),
2026-04-27 10:45:00,2026-04-27 11:20:00,SELL,4724.33,4730.94,4704.51,4726.52,FLIP,-2.39,S433 AI Gold Star 123 (Coppock),
2026-04-27 11:20:00,2026-04-27 11:25:00,BUY,4726.52,4721.58,4741.33,4726.98,FLIP,0.26,S433 AI Gold Star 123 (Coppock),
2026-04-27 11:25:00,2026-04-27 12:30:00,SELL,4726.98,4731.93,4712.14,4712.14,TP,14.64,S433 AI Gold Star 123 (Coppock),
2026-04-27 13:00:00,2026-04-27 15:50:00,BUY,4711.09,4706.27,4725.54,4706.96,FLIP,-4.33,S433 AI Gold Star 123 (Coppock),
2026-04-27 15:50:00,2026-04-27 16:00:00,SELL,4706.96,4712.62,4689.98,4706.43,FLIP,0.33,S433 AI Gold Star 123 (Coppock),
2026-04-27 16:00:00,2026-04-27 16:05:00,BUY,4706.43,4701.07,4722.51,4704.53,FLIP,-2.1,S433 AI Gold Star 123 (Coppock),
2026-04-27 16:05:00,2026-04-27 16:20:00,SELL,4704.53,4710.02,4688.06,4705.83,FLIP,-1.5,S433 AI Gold Star 123 (Coppock),
2026-04-27 16:20:00,2026-04-27 16:25:00,BUY,4705.83,4700.72,4721.17,4702.3,FLIP,-3.73,S433 AI Gold Star 123 (Coppock),
2026-04-27 16:25:00,2026-04-27 16:40:00,SELL,4702.3,4707.56,4686.52,4704.63,FLIP,-2.53,S433 AI Gold Star 123 (Coppock),
2026-04-27 16:40:00,2026-04-27 16:45:00,BUY,4704.63,4699.24,4720.79,4700.4,FLIP,-4.43,S433 AI Gold Star 123 (Coppock),
2026-04-27 16:45:00,2026-04-27 16:55:00,SELL,4700.4,4705.96,4683.72,4703.65,FLIP,-3.45,S433 AI Gold Star 123 (Coppock),
2026-04-27 16:55:00,2026-04-27 18:10:00,BUY,4703.65,4698.38,4719.47,4704.1,FLIP,0.25,S433 AI Gold Star 123 (Coppock),
2026-04-27 18:10:00,2026-04-27 19:05:00,SELL,4704.1,4708.71,4690.27,4706.19,FLIP,-2.29,S433 AI Gold Star 123 (Coppock),
2026-04-27 19:05:00,2026-04-27 19:40:00,BUY,4706.19,4700.68,4722.73,4700.68,SL,-5.71,S433 AI Gold Star 123 (Coppock),
2026-04-27 20:50:00,2026-04-27 21:05:00,BUY,4694.61,4686.41,4719.21,4688.62,FLIP,-6.19,S433 AI Gold Star 123 (Coppock),
2026-04-27 21:05:00,2026-04-27 21:10:00,SELL,4688.62,4697.01,4663.44,4692.58,FLIP,-4.16,S433 AI Gold Star 123 (Coppock),
2026-04-27 21:10:00,2026-04-27 21:25:00,BUY,4692.58,4684.41,4717.1,4688.98,FLIP,-3.8,S433 AI Gold Star 123 (Coppock),
2026-04-27 21:25:00,2026-04-27 21:35:00,SELL,4688.98,4697.29,4664.06,4693.32,FLIP,-4.54,S433 AI Gold Star 123 (Coppock),
2026-04-27 21:35:00,2026-04-27 21:50:00,BUY,4693.32,4683.92,4721.51,4680.62,FLIP,-12.9,S433 AI Gold Star 123 (Coppock),
2026-04-27 21:50:00,2026-04-27 22:25:00,SELL,4680.62,4690.2,4651.89,4681.18,FLIP,-0.76,S433 AI Gold Star 123 (Coppock),
2026-04-27 22:25:00,2026-04-27 22:30:00,BUY,4681.18,4670.57,4713.01,4678.64,FLIP,-2.74,S433 AI Gold Star 123 (Coppock),
2026-04-27 22:30:00,2026-04-27 22:35:00,SELL,4678.64,4689.38,4646.43,4679.02,FLIP,-0.58,S433 AI Gold Star 123 (Coppock),
2026-04-27 22:35:00,2026-04-27 22:55:00,BUY,4679.02,4668.9,4709.37,4668.9,SL,-10.32,S433 AI Gold Star 123 (Coppock),
2026-04-28 00:10:00,2026-04-28 00:25:00,SELL,4673.71,4678.15,4660.39,4679.73,FLIP,-6.22,S433 AI Gold Star 123 (Coppock),
2026-04-28 00:25:00,2026-04-28 05:50:00,BUY,4679.73,4674.34,4695.91,4687.48,FLIP,7.55,S433 AI Gold Star 123 (Coppock),
2026-04-28 05:50:00,2026-04-28 06:15:00,SELL,4687.48,4691.05,4676.78,4691.05,SL,-3.77,S433 AI Gold Star 123 (Coppock),
2026-04-28 06:35:00,2026-04-28 06:55:00,BUY,4693.59,4690.99,4701.39,4691.96,FLIP,-1.83,S433 AI Gold Star 123 (Coppock),
2026-04-28 06:55:00,2026-04-28 07:00:00,SELL,4691.96,4694.68,4683.81,4697.18,FLIP,-5.42,S433 AI Gold Star 123 (Coppock),
2026-04-28 07:00:00,2026-04-28 07:20:00,BUY,4697.18,4694.0,4706.73,4696.91,FLIP,-0.47,S433 AI Gold Star 123 (Coppock),
2026-04-28 07:20:00,2026-04-28 08:00:00,SELL,4696.91,4700.69,4685.58,4685.58,TP,11.13,S433 AI Gold Star 123 (Coppock),
2026-04-28 08:35:00,2026-04-28 08:45:00,BUY,4690.39,4685.07,4706.35,4685.11,FLIP,-5.48,S433 AI Gold Star 123 (Coppock),
2026-04-28 08:45:00,2026-04-28 09:00:00,SELL,4685.11,4690.64,4668.53,4668.53,TP,16.38,S433 AI Gold Star 123 (Coppock),
2026-04-28 09:25:00,2026-04-28 09:30:00,BUY,4675.62,4668.63,4696.58,4673.77,FLIP,-2.05,S433 AI Gold Star 123 (Coppock),
2026-04-28 09:30:00,2026-04-28 09:40:00,SELL,4673.77,4680.75,4652.83,4671.14,FLIP,2.43,S433 AI Gold Star 123 (Coppock),
2026-04-28 09:40:00,2026-04-28 09:45:00,BUY,4671.14,4664.27,4691.74,4670.28,FLIP,-1.06,S433 AI Gold Star 123 (Coppock),
2026-04-28 09:45:00,2026-04-28 09:50:00,SELL,4670.28,4676.78,4650.78,4670.7,FLIP,-0.62,S433 AI Gold Star 123 (Coppock),
2026-04-28 09:50:00,2026-04-28 11:00:00,BUY,4670.7,4664.43,4689.51,4668.12,FLIP,-2.78,S433 AI Gold Star 123 (Coppock),
2026-04-28 11:00:00,2026-04-28 11:40:00,SELL,4668.12,4672.38,4655.34,4669.86,FLIP,-1.94,S433 AI Gold Star 123 (Coppock),
2026-04-28 11:40:00,2026-04-28 11:45:00,BUY,4669.86,4666.75,4679.19,4667.63,FLIP,-2.43,S433 AI Gold Star 123 (Coppock),
2026-04-28 11:45:00,2026-04-28 11:50:00,SELL,4667.63,4670.77,4658.21,4667.98,FLIP,-0.55,S433 AI Gold Star 123 (Coppock),
2026-04-28 11:50:00,2026-04-28 12:00:00,BUY,4667.98,4664.82,4677.45,4663.4,FLIP,-4.78,S433 AI Gold Star 123 (Coppock),
2026-04-28 12:00:00,2026-04-28 12:05:00,SELL,4663.4,4666.98,4652.65,4652.65,TP,10.55,S433 AI Gold Star 123 (Coppock),
2026-04-28 13:05:00,2026-04-28 13:20:00,BUY,4640.14,4628.84,4674.03,4628.84,SL,-11.5,S433 AI Gold Star 123 (Coppock),
2026-04-28 14:20:00,2026-04-28 14:25:00,SELL,4629.76,4640.51,4597.51,4629.66,FLIP,-0.1,S433 AI Gold Star 123 (Coppock),
2026-04-28 14:25:00,2026-04-28 14:35:00,BUY,4629.66,4619.38,4660.49,4627.85,FLIP,-2.01,S433 AI Gold Star 123 (Coppock),
2026-04-28 14:35:00,2026-04-28 14:40:00,SELL,4627.85,4637.53,4598.81,4629.39,FLIP,-1.74,S433 AI Gold Star 123 (Coppock),
2026-04-28 14:40:00,2026-04-28 14:50:00,BUY,4629.39,4619.6,4658.76,4626.59,FLIP,-3.0,S433 AI Gold Star 123 (Coppock),
2026-04-28 14:50:00,2026-04-28 14:55:00,SELL,4626.59,4635.89,4598.69,4633.23,FLIP,-6.84,S433 AI Gold Star 123 (Coppock),
2026-04-28 14:55:00,2026-04-28 15:00:00,BUY,4633.23,4623.37,4662.8,4620.32,FLIP,-13.11,S433 AI Gold Star 123 (Coppock),
2026-04-28 15:00:00,2026-04-28 15:25:00,SELL,4620.32,4631.02,4588.23,4626.82,FLIP,-6.7,S433 AI Gold Star 123 (Coppock),
2026-04-28 15:25:00,2026-04-28 16:20:00,BUY,4626.82,4616.25,4658.52,4616.25,SL,-10.77,S433 AI Gold Star 123 (Coppock),
2026-04-28 17:10:00,2026-04-28 17:55:00,BUY,4612.72,4603.96,4638.99,4603.31,FLIP,-9.61,S433 AI Gold Star 123 (Coppock),
2026-04-28 17:55:00,2026-04-28 18:35:00,SELL,4603.31,4610.57,4581.54,4581.54,TP,21.57,S433 AI Gold Star 123 (Coppock),
2026-04-28 19:05:00,2026-04-28 20:05:00,BUY,4570.25,4556.58,4611.25,4573.01,FLIP,2.56,S433 AI Gold Star 123 (Coppock),
2026-04-28 20:05:00,2026-04-28 20:40:00,SELL,4573.01,4589.03,4524.94,4589.03,SL,-16.22,S433 AI Gold Star 123 (Coppock),
2026-04-29 00:00:00,2026-04-29 00:10:00,SELL,4589.87,4596.63,4569.58,4593.73,FLIP,-4.06,S433 AI Gold Star 123 (Coppock),
2026-04-29 00:10:00,2026-04-29 00:15:00,BUY,4593.73,4587.09,4613.65,4588.34,FLIP,-5.59,S433 AI Gold Star 123 (Coppock),
2026-04-29 00:15:00,2026-04-29 00:20:00,SELL,4588.34,4595.33,4567.36,4595.17,FLIP,-7.03,S433 AI Gold Star 123 (Coppock),
2026-04-29 00:20:00,2026-04-29 00:45:00,BUY,4595.17,4587.63,4617.8,4598.13,FLIP,2.76,S433 AI Gold Star 123 (Coppock),
2026-04-29 00:45:00,2026-04-29 07:00:00,SELL,4598.13,4605.0,4577.53,4605.0,SL,-7.07,S433 AI Gold Star 123 (Coppock),
2026-04-29 07:45:00,2026-04-29 08:05:00,SELL,4600.13,4606.75,4580.28,4580.28,TP,19.65,S433 AI Gold Star 123 (Coppock),
2026-04-29 08:40:00,2026-04-29 08:45:00,BUY,4590.76,4580.94,4620.22,4583.8,FLIP,-7.16,S433 AI Gold Star 123 (Coppock),
2026-04-29 08:45:00,2026-04-29 08:55:00,SELL,4583.8,4594.25,4552.44,4584.86,FLIP,-1.26,S433 AI Gold Star 123 (Coppock),
2026-04-29 08:55:00,2026-04-29 09:50:00,BUY,4584.86,4574.24,4616.71,4593.1,FLIP,8.04,S433 AI Gold Star 123 (Coppock),
2026-04-29 09:50:00,2026-04-29 10:10:00,SELL,4593.1,4601.24,4568.68,4601.24,SL,-8.34,S433 AI Gold Star 123 (Coppock),
2026-04-29 12:05:00,2026-04-29 13:10:00,SELL,4602.3,4606.85,4588.66,4588.66,TP,13.44,S433 AI Gold Star 123 (Coppock),
2026-04-29 13:45:00,2026-04-29 13:55:00,BUY,4585.07,4577.7,4607.18,4584.54,FLIP,-0.73,S433 AI Gold Star 123 (Coppock),
2026-04-29 13:55:00,2026-04-29 14:00:00,SELL,4584.54,4591.81,4562.72,4588.25,FLIP,-3.91,S433 AI Gold Star 123 (Coppock),
2026-04-29 14:00:00,2026-04-29 14:05:00,BUY,4588.25,4580.99,4610.02,4580.99,SL,-7.46,S433 AI Gold Star 123 (Coppock),
2026-04-29 14:10:00,2026-04-29 14:15:00,SELL,4578.67,4585.78,4557.35,4576.66,FLIP,1.81,S433 AI Gold Star 123 (Coppock),
2026-04-29 14:15:00,2026-04-29 14:25:00,BUY,4576.66,4569.69,4597.56,4569.69,SL,-7.17,S433 AI Gold Star 123 (Coppock),
2026-04-29 14:35:00,2026-04-29 15:00:00,SELL,4571.68,4579.17,4549.2,4568.95,FLIP,2.53,S433 AI Gold Star 123 (Coppock),
2026-04-29 15:00:00,2026-04-29 15:05:00,BUY,4568.95,4560.87,4593.2,4567.62,FLIP,-1.53,S433 AI Gold Star 123 (Coppock),
2026-04-29 15:05:00,2026-04-29 15:15:00,SELL,4567.62,4576.07,4542.27,4569.74,FLIP,-2.32,S433 AI Gold Star 123 (Coppock),
2026-04-29 15:15:00,2026-04-29 15:35:00,BUY,4569.74,4561.86,4593.39,4561.86,SL,-8.08,S433 AI Gold Star 123 (Coppock),
2026-04-29 16:25:00,2026-04-29 17:15:00,SELL,4565.76,4574.04,4540.93,4571.26,FLIP,-5.7,S433 AI Gold Star 123 (Coppock),
2026-04-29 17:15:00,2026-04-29 18:45:00,BUY,4571.26,4562.46,4597.65,4562.46,SL,-9.0,S433 AI Gold Star 123 (Coppock),
2026-04-29 21:00:00,2026-04-29 23:00:00,BUY,4525.38,4513.51,4560.98,4560.98,TP,35.4,S433 AI Gold Star 123 (Coppock),
2026-04-30 06:45:00,2026-04-30 07:10:00,BUY,4558.01,4554.15,4569.59,4558.02,FLIP,-0.19,S433 AI Gold Star 123 (Coppock),
2026-04-30 07:10:00,2026-04-30 07:15:00,SELL,4558.02,4563.72,4540.91,4561.79,FLIP,-3.97,S433 AI Gold Star 123 (Coppock),
2026-04-30 07:15:00,2026-04-30 07:55:00,BUY,4561.79,4555.51,4580.62,4569.83,FLIP,7.84,S433 AI Gold Star 123 (Coppock),
2026-04-30 07:55:00,2026-04-30 08:25:00,SELL,4569.83,4577.41,4547.08,4579.79,FLIP,-10.16,S433 AI Gold Star 123 (Coppock),
2026-04-30 08:25:00,2026-04-30 08:35:00,BUY,4579.79,4572.88,4600.51,4575.76,FLIP,-4.23,S433 AI Gold Star 123 (Coppock),
2026-04-30 08:35:00,2026-04-30 08:50:00,SELL,4575.76,4583.0,4554.04,4582.06,FLIP,-6.5,S433 AI Gold Star 123 (Coppock),
2026-04-30 08:50:00,2026-04-30 08:55:00,BUY,4582.06,4574.39,4605.07,4579.15,FLIP,-3.11,S433 AI Gold Star 123 (Coppock),
2026-04-30 08:55:00,2026-04-30 10:15:00,SELL,4579.15,4586.41,4557.37,4565.69,FLIP,13.26,S433 AI Gold Star 123 (Coppock),
2026-04-30 10:15:00,2026-04-30 10:35:00,BUY,4565.69,4558.54,4587.13,4558.54,SL,-7.35,S433 AI Gold Star 123 (Coppock),
2026-04-30 11:00:00,2026-04-30 11:45:00,SELL,4553.48,4559.02,4536.86,4546.93,FLIP,6.35,S433 AI Gold Star 123 (Coppock),
2026-04-30 11:45:00,2026-04-30 12:35:00,BUY,4546.93,4540.9,4565.01,4565.01,TP,17.88,S433 AI Gold Star 123 (Coppock),
2026-04-30 13:00:00,2026-04-30 13:05:00,SELL,4562.06,4569.79,4538.88,4565.14,FLIP,-3.28,S433 AI Gold Star 123 (Coppock),
2026-04-30 13:05:00,2026-04-30 13:10:00,BUY,4565.14,4557.61,4587.74,4566.08,FLIP,0.74,S433 AI Gold Star 123 (Coppock),
2026-04-30 13:10:00,2026-04-30 13:30:00,SELL,4566.08,4573.36,4544.23,4573.36,SL,-7.48,S433 AI Gold Star 123 (Coppock),
2026-04-30 13:50:00,2026-04-30 14:25:00,BUY,4583.84,4576.52,4605.81,4591.59,FLIP,7.55,S433 AI Gold Star 123 (Coppock),
2026-04-30 14:25:00,2026-04-30 14:45:00,SELL,4591.59,4599.78,4567.02,4599.78,SL,-8.39,S433 AI Gold Star 123 (Coppock),
2026-04-30 15:00:00,2026-04-30 15:15:00,BUY,4626.07,4614.35,4661.23,4614.35,SL,-11.92,S433 AI Gold Star 123 (Coppock),
2026-04-30 15:35:00,2026-04-30 16:30:00,SELL,4616.21,4628.66,4578.85,4628.66,SL,-12.65,S433 AI Gold Star 123 (Coppock),
2026-04-30 16:45:00,2026-04-30 17:30:00,BUY,4623.71,4616.12,4646.48,4646.48,TP,22.57,S433 AI Gold Star 123 (Coppock),
2026-04-30 17:45:00,2026-04-30 17:50:00,SELL,4636.46,4645.38,4609.71,4637.03,FLIP,-0.77,S433 AI Gold Star 123 (Coppock),
2026-04-30 17:50:00,2026-04-30 18:10:00,BUY,4637.03,4628.5,4662.61,4636.02,FLIP,-1.21,S433 AI Gold Star 123 (Coppock),
2026-04-30 18:10:00,2026-04-30 19:10:00,SELL,4636.02,4645.23,4608.38,4635.86,FLIP,-0.04,S433 AI Gold Star 123 (Coppock),
2026-04-30 19:10:00,2026-04-30 19:15:00,BUY,4635.86,4626.12,4665.09,4631.43,FLIP,-4.63,S433 AI Gold Star 123 (Coppock),
2026-04-30 19:15:00,2026-04-30 19:20:00,SELL,4631.43,4641.38,4601.59,4633.1,FLIP,-1.87,S433 AI Gold Star 123 (Coppock),
2026-04-30 19:20:00,2026-04-30 19:40:00,BUY,4633.1,4623.44,4662.09,4625.85,FLIP,-7.45,S433 AI Gold Star 123 (Coppock),
2026-04-30 19:40:00,2026-04-30 19:45:00,SELL,4625.85,4635.42,4597.15,4626.97,FLIP,-1.32,S433 AI Gold Star 123 (Coppock),
2026-04-30 19:45:00,2026-04-30 20:30:00,BUY,4626.97,4617.06,4656.71,4628.77,FLIP,1.6,S433 AI Gold Star 123 (Coppock),
2026-04-30 20:30:00,2026-04-30 23:30:00,SELL,4628.77,4639.32,4597.11,4612.93,FLIP,15.64,S433 AI Gold Star 123 (Coppock),
2026-04-30 23:30:00,2026-04-30 23:35:00,BUY,4612.93,4605.59,4634.96,4610.76,FLIP,-2.37,S433 AI Gold Star 123 (Coppock),
2026-04-30 23:35:00,2026-04-30 23:45:00,SELL,4610.76,4617.93,4589.24,4613.37,FLIP,-2.81,S433 AI Gold Star 123 (Coppock),
2026-04-30 23:45:00,2026-04-30 23:55:00,BUY,4613.37,4606.77,4633.17,4606.77,SL,-6.8,S433 AI Gold Star 123 (Coppock),
2026-05-01 05:50:00,2026-05-01 07:50:00,SELL,4629.68,4634.54,4615.1,4624.27,FLIP,5.21,S433 AI Gold Star 123 (Coppock),
2026-05-01 07:50:00,2026-05-01 07:55:00,BUY,4624.27,4617.85,4643.52,4619.8,FLIP,-4.67,S433 AI Gold Star 123 (Coppock),
2026-05-01 07:55:00,2026-05-01 08:05:00,SELL,4619.8,4626.5,4599.69,4618.04,FLIP,1.56,S433 AI Gold Star 123 (Coppock),
2026-05-01 08:05:00,2026-05-01 08:15:00,BUY,4618.04,4611.43,4637.88,4614.72,FLIP,-3.52,S433 AI Gold Star 123 (Coppock),
2026-05-01 08:15:00,2026-05-01 08:20:00,SELL,4614.72,4621.01,4595.85,4615.02,FLIP,-0.5,S433 AI Gold Star 123 (Coppock),
2026-05-01 08:20:00,2026-05-01 09:10:00,BUY,4615.02,4609.2,4632.47,4632.47,TP,17.25,S433 AI Gold Star 123 (Coppock),
2026-05-01 09:40:00,2026-05-01 10:30:00,SELL,4624.39,4630.03,4607.47,4630.36,FLIP,-6.17,S433 AI Gold Star 123 (Coppock),
2026-05-01 10:30:00,2026-05-01 10:40:00,BUY,4630.36,4625.63,4644.55,4625.63,SL,-4.93,S433 AI Gold Star 123 (Coppock),
2026-05-01 12:10:00,2026-05-01 12:45:00,BUY,4614.33,4609.07,4630.12,4609.07,SL,-5.46,S433 AI Gold Star 123 (Coppock),
2026-05-01 13:00:00,2026-05-01 13:50:00,SELL,4605.16,4610.48,4589.21,4592.52,FLIP,12.44,S433 AI Gold Star 123 (Coppock),
2026-05-01 13:50:00,2026-05-01 14:20:00,BUY,4592.52,4585.75,4612.84,4585.75,SL,-6.97,S433 AI Gold Star 123 (Coppock),
2026-05-01 14:45:00,2026-05-01 15:30:00,SELL,4583.57,4590.91,4561.55,4571.92,FLIP,11.45,S433 AI Gold Star 123 (Coppock),
2026-05-01 15:30:00,2026-05-01 15:35:00,BUY,4571.92,4564.34,4594.65,4570.48,FLIP,-1.64,S433 AI Gold Star 123 (Coppock),
2026-05-01 15:35:00,2026-05-01 15:40:00,SELL,4570.48,4578.11,4547.6,4571.21,FLIP,-0.93,S433 AI Gold Star 123 (Coppock),
2026-05-01 15:40:00,2026-05-01 16:50:00,BUY,4571.21,4564.26,4592.06,4561.03,FLIP,-10.38,S433 AI Gold Star 123 (Coppock),
2026-05-01 16:50:00,2026-05-01 17:05:00,SELL,4561.03,4567.06,4542.93,4566.69,FLIP,-5.86,S433 AI Gold Star 123 (Coppock),
2026-05-01 17:05:00,2026-05-01 17:35:00,BUY,4566.69,4560.81,4584.32,4568.31,FLIP,1.42,S433 AI Gold Star 123 (Coppock),
2026-05-01 17:35:00,2026-05-01 17:40:00,SELL,4568.31,4573.98,4551.29,4570.4,FLIP,-2.29,S433 AI Gold Star 123 (Coppock),
2026-05-01 17:40:00,2026-05-01 17:55:00,BUY,4570.4,4564.84,4587.07,4566.94,FLIP,-3.66,S433 AI Gold Star 123 (Coppock),
2026-05-01 17:55:00,2026-05-01 18:00:00,SELL,4566.94,4572.53,4550.18,4567.4,FLIP,-0.66,S433 AI Gold Star 123 (Coppock),
2026-05-01 18:00:00,2026-05-01 18:10:00,BUY,4567.4,4562.37,4582.49,4565.89,FLIP,-1.71,S433 AI Gold Star 123 (Coppock),
2026-05-01 18:10:00,2026-05-01 18:15:00,SELL,4565.89,4571.1,4550.26,4571.77,FLIP,-6.08,S433 AI Gold Star 123 (Coppock),
2026-05-01 18:15:00,2026-05-01 19:10:00,BUY,4571.77,4566.29,4588.21,4588.21,TP,16.24,S433 AI Gold Star 123 (Coppock),
2026-05-01 19:40:00,2026-05-01 20:35:00,SELL,4591.89,4601.66,4562.59,4601.66,SL,-9.97,S433 AI Gold Star 123 (Coppock),
2026-05-01 20:40:00,2026-05-01 20:45:00,BUY,4607.9,4598.41,4636.38,4601.32,FLIP,-6.78,S433 AI Gold Star 123 (Coppock),
2026-05-01 20:45:00,2026-05-01 20:50:00,SELL,4601.32,4611.32,4571.33,4616.89,FLIP,-15.77,S433 AI Gold Star 123 (Coppock),
2026-05-01 20:50:00,2026-05-01 21:10:00,BUY,4616.89,4605.77,4650.24,4650.24,TP,33.15,S433 AI Gold Star 123 (Coppock),
2026-05-01 21:35:00,2026-05-01 22:35:00,SELL,4638.63,4656.11,4586.2,4641.14,FLIP,-2.71,S433 AI Gold Star 123 (Coppock),
2026-05-01 22:35:00,2026-05-02 00:30:00,BUY,4641.14,4630.68,4672.52,4630.68,SL,-10.66,S433 AI Gold Star 123 (Coppock),
2026-05-02 01:25:00,2026-05-02 01:30:00,BUY,4623.28,4616.14,4644.7,4617.75,FLIP,-5.73,S433 AI Gold Star 123 (Coppock),
2026-05-02 01:30:00,2026-05-02 01:35:00,SELL,4617.75,4625.12,4595.64,4617.69,FLIP,-0.14,S433 AI Gold Star 123 (Coppock),
2026-05-02 01:35:00,2026-05-02 02:50:00,BUY,4617.69,4610.66,4638.78,4610.66,SL,-7.23,S433 AI Gold Star 123 (Coppock),
2026-05-02 03:25:00,2026-05-04 07:00:00,BUY,4613.31,4607.29,4631.37,4607.29,SL,-6.22,S433 AI Gold Star 123 (Coppock),
2026-05-04 07:05:00,2026-05-04 07:15:00,BUY,4615.29,4608.21,4636.54,4607.89,FLIP,-7.6,S433 AI Gold Star 123 (Coppock),
2026-05-04 07:15:00,2026-05-04 07:30:00,SELL,4607.89,4615.3,4585.67,4608.38,FLIP,-0.69,S433 AI Gold Star 123 (Coppock),
2026-05-04 07:30:00,2026-05-04 07:35:00,BUY,4608.38,4600.28,4632.69,4606.42,FLIP,-2.16,S433 AI Gold Star 123 (Coppock),
2026-05-04 07:35:00,2026-05-04 07:45:00,SELL,4606.42,4614.71,4581.55,4609.51,FLIP,-3.29,S433 AI Gold Star 123 (Coppock),
2026-05-04 07:45:00,2026-05-04 08:00:00,BUY,4609.51,4601.04,4634.92,4601.27,FLIP,-8.44,S433 AI Gold Star 123 (Coppock),
2026-05-04 08:00:00,2026-05-04 08:10:00,SELL,4601.27,4610.82,4572.62,4600.58,FLIP,0.49,S433 AI Gold Star 123 (Coppock),
2026-05-04 08:10:00,2026-05-04 08:15:00,BUY,4600.58,4591.32,4628.36,4599.13,FLIP,-1.65,S433 AI Gold Star 123 (Coppock),
2026-05-04 08:15:00,2026-05-04 08:30:00,SELL,4599.13,4608.02,4572.47,4599.27,FLIP,-0.34,S433 AI Gold Star 123 (Coppock),
2026-05-04 08:30:00,2026-05-04 09:25:00,BUY,4599.27,4591.34,4623.05,4593.09,FLIP,-6.38,S433 AI Gold Star 123 (Coppock),
2026-05-04 09:25:00,2026-05-04 09:35:00,SELL,4593.09,4601.05,4569.2,4600.71,FLIP,-7.82,S433 AI Gold Star 123 (Coppock),
2026-05-04 09:35:00,2026-05-04 13:00:00,BUY,4600.71,4592.29,4625.97,4592.29,SL,-8.62,S433 AI Gold Star 123 (Coppock),
2026-05-04 13:30:00,2026-05-04 13:45:00,SELL,4590.07,4599.79,4560.92,4590.04,FLIP,-0.17,S433 AI Gold Star 123 (Coppock),
2026-05-04 13:45:00,2026-05-04 13:50:00,BUY,4590.04,4580.63,4618.28,4588.86,FLIP,-1.38,S433 AI Gold Star 123 (Coppock),
2026-05-04 13:50:00,2026-05-04 13:55:00,SELL,4588.86,4598.07,4561.24,4588.59,FLIP,0.07,S433 AI Gold Star 123 (Coppock),
2026-05-04 13:55:00,2026-05-04 14:00:00,BUY,4588.59,4579.48,4615.91,4588.06,FLIP,-0.73,S433 AI Gold Star 123 (Coppock),
2026-05-04 14:00:00,2026-05-04 14:05:00,SELL,4588.06,4597.32,4560.29,4590.97,FLIP,-3.11,S433 AI Gold Star 123 (Coppock),
2026-05-04 14:05:00,2026-05-04 14:50:00,BUY,4590.97,4581.73,4618.68,4581.73,SL,-9.44,S433 AI Gold Star 123 (Coppock),
2026-05-04 14:55:00,2026-05-04 15:35:00,SELL,4579.04,4586.36,4557.08,4579.12,FLIP,-0.28,S433 AI Gold Star 123 (Coppock),
2026-05-04 15:35:00,2026-05-04 16:50:00,BUY,4579.12,4572.02,4600.43,4579.21,FLIP,-0.11,S433 AI Gold Star 123 (Coppock),
2026-05-04 16:50:00,2026-05-04 17:00:00,SELL,4579.21,4583.81,4565.41,4565.41,TP,13.6,S433 AI Gold Star 123 (Coppock),
2026-05-04 17:35:00,2026-05-04 18:35:00,BUY,4561.4,4547.67,4602.59,4553.73,FLIP,-7.87,S433 AI Gold Star 123 (Coppock),
2026-05-04 18:35:00,2026-05-04 19:00:00,SELL,4553.73,4563.64,4523.99,4563.64,SL,-10.11,S433 AI Gold Star 123 (Coppock),
2026-05-04 21:10:00,2026-05-04 22:10:00,BUY,4560.2,4548.65,4594.86,4548.65,SL,-11.75,S433 AI Gold Star 123 (Coppock),
2026-05-04 23:10:00,2026-05-05 00:55:00,BUY,4509.73,4488.76,4572.63,4522.35,FLIP,12.42,S433 AI Gold Star 123 (Coppock),
2026-05-05 00:55:00,2026-05-05 01:55:00,SELL,4522.35,4529.98,4499.45,4516.32,FLIP,5.83,S433 AI Gold Star 123 (Coppock),
2026-05-05 01:55:00,2026-05-05 02:00:00,BUY,4516.32,4510.37,4534.16,4511.55,FLIP,-4.97,S433 AI Gold Star 123 (Coppock),
2026-05-05 02:00:00,2026-05-05 02:05:00,SELL,4511.55,4517.7,4493.09,4517.94,FLIP,-6.59,S433 AI Gold Star 123 (Coppock),
2026-05-05 02:05:00,2026-05-05 02:55:00,BUY,4517.94,4510.76,4539.47,4517.5,FLIP,-0.64,S433 AI Gold Star 123 (Coppock),
2026-05-05 02:55:00,2026-05-05 07:05:00,SELL,4517.5,4524.79,4495.62,4524.79,SL,-7.49,S433 AI Gold Star 123 (Coppock),
2026-05-05 08:50:00,2026-05-05 09:40:00,SELL,4538.13,4544.68,4518.47,4544.5,FLIP,-6.57,S433 AI Gold Star 123 (Coppock),
2026-05-05 09:40:00,2026-05-05 09:50:00,BUY,4544.5,4538.97,4561.1,4541.92,FLIP,-2.78,S433 AI Gold Star 123 (Coppock),
2026-05-05 09:50:00,2026-05-05 10:10:00,SELL,4541.92,4546.95,4526.83,4542.13,FLIP,-0.41,S433 AI Gold Star 123 (Coppock),
2026-05-05 10:10:00,2026-05-05 10:15:00,BUY,4542.13,4537.43,4556.24,4540.62,FLIP,-1.71,S433 AI Gold Star 123 (Coppock),
2026-05-05 10:15:00,2026-05-05 11:30:00,SELL,4540.62,4545.37,4526.38,4533.05,FLIP,7.37,S433 AI Gold Star 123 (Coppock),
2026-05-05 11:30:00,2026-05-05 12:05:00,BUY,4533.05,4529.29,4544.34,4544.34,TP,11.09,S433 AI Gold Star 123 (Coppock),
2026-05-05 12:55:00,2026-05-05 13:35:00,SELL,4545.72,4552.55,4525.22,4548.07,FLIP,-2.55,S433 AI Gold Star 123 (Coppock),
2026-05-05 13:35:00,2026-05-05 13:40:00,BUY,4548.07,4540.15,4571.82,4546.25,FLIP,-2.02,S433 AI Gold Star 123 (Coppock),
2026-05-05 13:40:00,2026-05-05 13:50:00,SELL,4546.25,4553.78,4523.67,4550.21,FLIP,-4.16,S433 AI Gold Star 123 (Coppock),
2026-05-05 13:50:00,2026-05-05 14:40:00,BUY,4550.21,4543.1,4571.55,4551.29,FLIP,0.88,S433 AI Gold Star 123 (Coppock),
2026-05-05 14:40:00,2026-05-05 15:35:00,SELL,4551.29,4557.78,4531.83,4550.07,FLIP,1.02,S433 AI Gold Star 123 (Coppock),
2026-05-05 15:35:00,2026-05-05 16:15:00,BUY,4550.07,4543.33,4570.28,4554.2,FLIP,3.93,S433 AI Gold Star 123 (Coppock),
2026-05-05 16:15:00,2026-05-05 18:05:00,SELL,4554.2,4560.78,4534.46,4550.15,FLIP,3.85,S433 AI Gold Star 123 (Coppock),
2026-05-05 18:05:00,2026-05-05 19:15:00,BUY,4550.15,4543.57,4569.88,4561.97,FLIP,11.62,S433 AI Gold Star 123 (Coppock),
2026-05-05 19:15:00,2026-05-05 19:20:00,SELL,4561.97,4570.44,4536.56,4572.04,FLIP,-10.27,S433 AI Gold Star 123 (Coppock),
2026-05-05 19:20:00,2026-05-05 19:30:00,BUY,4572.04,4562.86,4599.59,4569.24,FLIP,-3.0,S433 AI Gold Star 123 (Coppock),
2026-05-05 19:30:00,2026-05-05 20:05:00,SELL,4569.24,4578.22,4542.29,4578.22,SL,-9.18,S433 AI Gold Star 123 (Coppock),
2026-05-05 20:20:00,2026-05-05 20:25:00,SELL,4576.5,4585.26,4550.22,4576.82,FLIP,-0.52,S433 AI Gold Star 123 (Coppock),
2026-05-05 20:25:00,2026-05-05 20:30:00,BUY,4576.82,4568.1,4602.98,4580.41,FLIP,3.39,S433 AI Gold Star 123 (Coppock),
2026-05-05 20:30:00,2026-05-05 20:50:00,SELL,4580.41,4588.6,4555.84,4580.71,FLIP,-0.5,S433 AI Gold Star 123 (Coppock),
2026-05-05 20:50:00,2026-05-05 20:55:00,BUY,4580.71,4571.7,4607.75,4579.39,FLIP,-1.52,S433 AI Gold Star 123 (Coppock),
2026-05-05 20:55:00,2026-05-05 21:05:00,SELL,4579.39,4588.2,4552.95,4583.71,FLIP,-4.52,S433 AI Gold Star 123 (Coppock),
2026-05-05 21:05:00,2026-05-05 21:10:00,BUY,4583.71,4573.91,4613.12,4573.47,FLIP,-10.44,S433 AI Gold Star 123 (Coppock),
2026-05-05 21:10:00,2026-05-05 21:25:00,SELL,4573.47,4583.49,4543.42,4583.49,SL,-10.22,S433 AI Gold Star 123 (Coppock),
2026-05-05 21:30:00,2026-05-05 21:40:00,BUY,4581.94,4571.18,4614.21,4582.98,FLIP,0.84,S433 AI Gold Star 123 (Coppock),
2026-05-05 21:40:00,2026-05-05 21:55:00,SELL,4582.98,4593.7,4550.83,4582.39,FLIP,0.39,S433 AI Gold Star 123 (Coppock),
2026-05-05 21:55:00,2026-05-05 22:00:00,BUY,4582.39,4572.06,4613.37,4583.66,FLIP,1.07,S433 AI Gold Star 123 (Coppock),
2026-05-05 22:00:00,2026-05-05 22:05:00,SELL,4583.66,4593.82,4553.18,4580.34,FLIP,3.12,S433 AI Gold Star 123 (Coppock),
2026-05-05 22:05:00,2026-05-05 22:15:00,BUY,4580.34,4570.2,4610.75,4578.45,FLIP,-2.09,S433 AI Gold Star 123 (Coppock),
2026-05-05 22:15:00,2026-05-05 23:45:00,SELL,4578.45,4587.55,4551.16,4557.43,FLIP,20.82,S433 AI Gold Star 123 (Coppock),
2026-05-05 23:45:00,2026-05-06 05:00:00,BUY,4557.43,4551.4,4575.52,4551.4,SL,-6.23,S433 AI Gold Star 123 (Coppock),
2026-05-06 05:50:00,2026-05-06 05:55:00,BUY,4558.48,4553.55,4573.27,4573.27,TP,14.59,S433 AI Gold Star 123 (Coppock),
2026-05-06 06:50:00,2026-05-06 07:20:00,SELL,4592.09,4602.73,4560.18,4602.73,SL,-10.84,S433 AI Gold Star 123 (Coppock),
2026-05-06 07:35:00,2026-05-06 08:05:00,BUY,4608.39,4600.37,4632.44,4612.52,FLIP,3.93,S433 AI Gold Star 123 (Coppock),
2026-05-06 08:05:00,2026-05-06 08:20:00,SELL,4612.52,4620.39,4588.9,4623.63,FLIP,-11.31,S433 AI Gold Star 123 (Coppock),
2026-05-06 08:20:00,2026-05-06 08:30:00,BUY,4623.63,4615.22,4648.86,4622.63,FLIP,-1.2,S433 AI Gold Star 123 (Coppock),
2026-05-06 08:30:00,2026-05-06 09:05:00,SELL,4622.63,4630.39,4599.36,4633.03,FLIP,-10.6,S433 AI Gold Star 123 (Coppock),
2026-05-06 09:05:00,2026-05-06 09:10:00,BUY,4633.03,4625.11,4656.78,4633.48,FLIP,0.25,S433 AI Gold Star 123 (Coppock),
2026-05-06 09:10:00,2026-05-06 09:50:00,SELL,4633.48,4640.85,4611.37,4638.72,FLIP,-5.44,S433 AI Gold Star 123 (Coppock),
2026-05-06 09:50:00,2026-05-06 10:30:00,BUY,4638.72,4631.94,4659.05,4643.96,FLIP,5.04,S433 AI Gold Star 123 (Coppock),
2026-05-06 10:30:00,2026-05-06 10:35:00,SELL,4643.96,4650.81,4623.42,4651.32,FLIP,-7.56,S433 AI Gold Star 123 (Coppock),
2026-05-06 10:35:00,2026-05-06 10:40:00,BUY,4651.32,4644.1,4672.99,4647.76,FLIP,-3.76,S433 AI Gold Star 123 (Coppock),
2026-05-06 10:40:00,2026-05-06 11:25:00,SELL,4647.76,4655.06,4625.85,4653.37,FLIP,-5.81,S433 AI Gold Star 123 (Coppock),
2026-05-06 11:25:00,2026-05-06 11:30:00,BUY,4653.37,4647.31,4671.54,4649.61,FLIP,-3.96,S433 AI Gold Star 123 (Coppock),
2026-05-06 11:30:00,2026-05-06 11:40:00,SELL,4649.61,4655.43,4632.16,4647.77,FLIP,1.64,S433 AI Gold Star 123 (Coppock),
2026-05-06 11:40:00,2026-05-06 12:20:00,BUY,4647.77,4641.74,4665.86,4653.94,FLIP,5.97,S433 AI Gold Star 123 (Coppock),
2026-05-06 12:20:00,2026-05-06 12:50:00,SELL,4653.94,4660.22,4635.1,4653.0,FLIP,0.74,S433 AI Gold Star 123 (Coppock),
2026-05-06 12:50:00,2026-05-06 13:15:00,BUY,4653.0,4646.37,4672.88,4658.37,FLIP,5.17,S433 AI Gold Star 123 (Coppock),
2026-05-06 13:15:00,2026-05-06 13:20:00,SELL,4658.37,4666.32,4634.51,4662.89,FLIP,-4.72,S433 AI Gold Star 123 (Coppock),
2026-05-06 13:20:00,2026-05-06 13:50:00,BUY,4662.89,4654.55,4687.92,4664.81,FLIP,1.72,S433 AI Gold Star 123 (Coppock),
2026-05-06 13:50:00,2026-05-06 13:55:00,SELL,4664.81,4673.1,4639.94,4669.33,FLIP,-4.72,S433 AI Gold Star 123 (Coppock),
2026-05-06 13:55:00,2026-05-06 14:00:00,BUY,4669.33,4660.74,4695.1,4667.75,FLIP,-1.78,S433 AI Gold Star 123 (Coppock),
2026-05-06 14:00:00,2026-05-06 14:40:00,SELL,4667.75,4676.43,4641.7,4670.03,FLIP,-2.48,S433 AI Gold Star 123 (Coppock),
2026-05-06 14:40:00,2026-05-06 15:30:00,BUY,4670.03,4662.35,4693.07,4675.87,FLIP,5.64,S433 AI Gold Star 123 (Coppock),
2026-05-06 15:30:00,2026-05-06 15:50:00,SELL,4675.87,4683.28,4653.64,4697.39,FLIP,-21.72,S433 AI Gold Star 123 (Coppock),
2026-05-06 15:50:00,2026-05-06 16:40:00,BUY,4697.39,4688.23,4724.86,4696.01,FLIP,-1.58,S433 AI Gold Star 123 (Coppock),
2026-05-06 16:40:00,2026-05-06 17:30:00,SELL,4696.01,4709.16,4656.55,4709.44,FLIP,-13.63,S433 AI Gold Star 123 (Coppock),
2026-05-06 17:30:00,2026-05-06 18:10:00,BUY,4709.44,4700.46,4736.39,4712.03,FLIP,2.39,S433 AI Gold Star 123 (Coppock),
2026-05-06 18:10:00,2026-05-06 19:05:00,SELL,4712.03,4722.27,4681.3,4681.3,TP,30.53,S433 AI Gold Star 123 (Coppock),
2026-05-06 19:30:00,2026-05-06 20:05:00,BUY,4683.56,4669.72,4725.09,4669.72,SL,-14.04,S433 AI Gold Star 123 (Coppock),
2026-05-06 21:25:00,2026-05-06 23:15:00,SELL,4705.68,4718.0,4668.72,4684.44,FLIP,21.04,S433 AI Gold Star 123 (Coppock),
2026-05-06 23:15:00,2026-05-07 00:20:00,BUY,4684.44,4677.29,4705.88,4681.44,FLIP,-3.2,S433 AI Gold Star 123 (Coppock),
2026-05-07 00:20:00,2026-05-07 00:25:00,SELL,4681.44,4687.61,4662.92,4683.19,FLIP,-1.95,S433 AI Gold Star 123 (Coppock),
2026-05-07 00:25:00,2026-05-07 00:30:00,BUY,4683.19,4676.87,4702.14,4682.79,FLIP,-0.6,S433 AI Gold Star 123 (Coppock),
2026-05-07 00:30:00,2026-05-07 00:55:00,SELL,4682.79,4689.17,4663.64,4684.09,FLIP,-1.5,S433 AI Gold Star 123 (Coppock),
2026-05-07 00:55:00,2026-05-07 02:40:00,BUY,4684.09,4678.68,4700.33,4695.51,FLIP,11.22,S433 AI Gold Star 123 (Coppock),
2026-05-07 02:40:00,2026-05-07 02:50:00,SELL,4695.51,4700.17,4681.52,4697.43,FLIP,-2.12,S433 AI Gold Star 123 (Coppock),
2026-05-07 02:50:00,2026-05-07 02:55:00,BUY,4697.43,4692.75,4711.48,4692.62,FLIP,-5.01,S433 AI Gold Star 123 (Coppock),
2026-05-07 02:55:00,2026-05-07 03:10:00,SELL,4692.62,4697.59,4677.72,4697.59,SL,-5.17,S433 AI Gold Star 123 (Coppock),
2026-05-07 09:05:00,2026-05-07 11:40:00,SELL,4713.26,4723.25,4683.28,4697.93,FLIP,15.13,S433 AI Gold Star 123 (Coppock),
2026-05-07 11:40:00,2026-05-07 13:20:00,BUY,4697.93,4693.24,4711.99,4711.99,TP,13.86,S433 AI Gold Star 123 (Coppock),
2026-05-07 14:15:00,2026-05-07 16:20:00,SELL,4743.51,4755.45,4707.7,4736.79,FLIP,6.52,S433 AI Gold Star 123 (Coppock),
2026-05-07 16:20:00,2026-05-07 16:55:00,BUY,4736.79,4728.85,4760.62,4728.85,SL,-8.14,S433 AI Gold Star 123 (Coppock),
2026-05-07 23:25:00,2026-05-08 00:15:00,BUY,4719.93,4708.15,4755.27,4708.15,SL,-11.98,S433 AI Gold Star 123 (Coppock),
2026-05-08 00:30:00,2026-05-08 00:50:00,SELL,4699.4,4712.34,4660.57,4704.23,FLIP,-5.03,S433 AI Gold Star 123 (Coppock),
2026-05-08 00:50:00,2026-05-08 01:45:00,BUY,4704.23,4690.88,4744.29,4700.73,FLIP,-3.7,S433 AI Gold Star 123 (Coppock),
2026-05-08 01:45:00,2026-05-08 01:55:00,SELL,4700.73,4710.68,4670.87,4709.66,FLIP,-9.13,S433 AI Gold Star 123 (Coppock),
2026-05-08 01:55:00,2026-05-08 02:00:00,BUY,4709.66,4699.1,4741.33,4705.65,FLIP,-4.21,S433 AI Gold Star 123 (Coppock),
2026-05-08 02:00:00,2026-05-08 02:35:00,SELL,4705.65,4716.37,4673.48,4710.98,FLIP,-5.53,S433 AI Gold Star 123 (Coppock),
2026-05-08 02:35:00,2026-05-08 03:35:00,BUY,4710.98,4699.8,4744.51,4699.8,SL,-11.38,S433 AI Gold Star 123 (Coppock),
2026-05-08 05:45:00,2026-05-08 07:10:00,BUY,4684.09,4673.55,4715.7,4702.79,FLIP,18.5,S433 AI Gold Star 123 (Coppock),
2026-05-08 07:10:00,2026-05-08 08:00:00,SELL,4702.79,4708.73,4684.97,4708.73,SL,-6.14,S433 AI Gold Star 123 (Coppock),
2026-05-08 09:10:00,2026-05-08 13:25:00,SELL,4724.11,4733.22,4696.79,4733.22,SL,-9.31,S433 AI Gold Star 123 (Coppock),
2026-05-08 15:00:00,2026-05-08 20:30:00,BUY,4710.07,4701.05,4737.12,4737.12,TP,26.85,S433 AI Gold Star 123 (Coppock),
2026-05-08 20:45:00,2026-05-08 20:50:00,SELL,4740.6,4752.67,4704.39,4740.7,FLIP,-0.3,S433 AI Gold Star 123 (Coppock),
2026-05-08 20:50:00,2026-05-08 21:00:00,BUY,4740.7,4728.71,4776.68,4740.16,FLIP,-0.74,S433 AI Gold Star 123 (Coppock),
2026-05-08 21:00:00,2026-05-08 22:20:00,SELL,4740.16,4752.07,4704.44,4707.77,FLIP,32.19,S433 AI Gold Star 123 (Coppock),
2026-05-08 22:20:00,2026-05-09 01:25:00,BUY,4707.77,4697.08,4739.83,4725.74,FLIP,17.77,S433 AI Gold Star 123 (Coppock),
2026-05-09 01:25:00,2026-05-11 05:05:00,SELL,4725.74,4730.16,4712.47,4712.47,TP,13.07,S433 AI Gold Star 123 (Coppock),
2026-05-11 05:45:00,2026-05-11 06:55:00,BUY,4694.0,4684.12,4723.64,4691.85,FLIP,-2.35,S433 AI Gold Star 123 (Coppock),
2026-05-11 06:55:00,2026-05-11 07:30:00,SELL,4691.85,4697.65,4674.46,4692.92,FLIP,-1.27,S433 AI Gold Star 123 (Coppock),
2026-05-11 07:30:00,2026-05-11 07:35:00,BUY,4692.92,4684.75,4717.44,4687.5,FLIP,-5.62,S433 AI Gold Star 123 (Coppock),
2026-05-11 07:35:00,2026-05-11 07:45:00,SELL,4687.5,4696.16,4661.51,4690.38,FLIP,-3.08,S433 AI Gold Star 123 (Coppock),
2026-05-11 07:45:00,2026-05-11 07:50:00,BUY,4690.38,4681.31,4717.58,4682.5,FLIP,-8.08,S433 AI Gold Star 123 (Coppock),
2026-05-11 07:50:00,2026-05-11 07:55:00,SELL,4682.5,4693.63,4649.1,4683.52,FLIP,-1.22,S433 AI Gold Star 123 (Coppock),
2026-05-11 07:55:00,2026-05-11 08:40:00,BUY,4683.52,4671.7,4718.97,4694.42,FLIP,10.7,S433 AI Gold Star 123 (Coppock),
2026-05-11 08:40:00,2026-05-11 08:45:00,SELL,4694.42,4708.85,4651.14,4694.91,FLIP,-0.69,S433 AI Gold Star 123 (Coppock),
2026-05-11 08:45:00,2026-05-11 08:50:00,BUY,4694.91,4680.94,4736.82,4686.7,FLIP,-8.41,S433 AI Gold Star 123 (Coppock),
2026-05-11 08:50:00,2026-05-11 09:35:00,SELL,4686.7,4701.24,4643.09,4699.11,FLIP,-12.61,S433 AI Gold Star 123 (Coppock),
2026-05-11 09:35:00,2026-05-11 09:40:00,BUY,4699.11,4689.28,4728.6,4688.63,FLIP,-10.68,S433 AI Gold Star 123 (Coppock),
2026-05-11 09:40:00,2026-05-11 09:45:00,SELL,4688.63,4698.74,4658.29,4685.47,FLIP,2.96,S433 AI Gold Star 123 (Coppock),
2026-05-11 09:45:00,2026-05-11 11:00:00,BUY,4685.47,4674.84,4717.35,4674.84,SL,-10.83,S433 AI Gold Star 123 (Coppock),
2026-05-11 11:45:00,2026-05-11 12:40:00,BUY,4675.17,4668.96,4693.81,4663.74,FLIP,-11.63,S433 AI Gold Star 123 (Coppock),
2026-05-11 12:40:00,2026-05-11 13:15:00,SELL,4663.74,4670.66,4642.99,4670.45,FLIP,-6.91,S433 AI Gold Star 123 (Coppock),
2026-05-11 13:15:00,2026-05-11 16:20:00,BUY,4670.45,4660.86,4699.21,4660.86,SL,-9.79,S433 AI Gold Star 123 (Coppock),
2026-05-11 16:45:00,2026-05-11 16:55:00,BUY,4661.9,4655.63,4680.71,4656.83,FLIP,-5.27,S433 AI Gold Star 123 (Coppock),
2026-05-11 16:55:00,2026-05-11 17:05:00,SELL,4656.83,4663.77,4636.02,4661.01,FLIP,-4.38,S433 AI Gold Star 123 (Coppock),
2026-05-11 17:05:00,2026-05-11 18:55:00,BUY,4661.01,4653.73,4682.85,4674.51,FLIP,13.3,S433 AI Gold Star 123 (Coppock),
2026-05-11 18:55:00,2026-05-11 19:20:00,SELL,4674.51,4680.07,4657.83,4692.34,FLIP,-18.03,S433 AI Gold Star 123 (Coppock),
2026-05-11 19:20:00,2026-05-11 20:05:00,BUY,4692.34,4684.74,4715.13,4715.13,TP,22.59,S433 AI Gold Star 123 (Coppock),
2026-05-11 20:45:00,2026-05-11 22:05:00,SELL,4737.74,4750.93,4698.18,4728.68,FLIP,8.86,S433 AI Gold Star 123 (Coppock),
2026-05-11 22:05:00,2026-05-11 23:40:00,BUY,4728.68,4717.0,4763.71,4717.0,SL,-11.88,S433 AI Gold Star 123 (Coppock),
2026-05-12 00:10:00,2026-05-12 03:30:00,BUY,4718.4,4711.86,4738.01,4738.01,TP,19.41,S433 AI Gold Star 123 (Coppock),
2026-05-12 03:40:00,2026-05-12 05:00:00,SELL,4737.52,4741.89,4724.42,4741.89,SL,-4.57,S433 AI Gold Star 123 (Coppock),
2026-05-12 05:30:00,2026-05-12 05:45:00,BUY,4741.62,4737.32,4754.51,4754.51,TP,12.69,S433 AI Gold Star 123 (Coppock),
2026-05-12 06:35:00,2026-05-12 06:45:00,SELL,4755.09,4761.83,4734.86,4760.26,FLIP,-5.37,S433 AI Gold Star 123 (Coppock),
2026-05-12 06:45:00,2026-05-12 07:00:00,BUY,4760.26,4753.24,4781.32,4764.8,FLIP,4.34,S433 AI Gold Star 123 (Coppock),
2026-05-12 07:00:00,2026-05-12 07:05:00,SELL,4764.8,4772.3,4742.3,4768.31,FLIP,-3.71,S433 AI Gold Star 123 (Coppock),
2026-05-12 07:05:00,2026-05-12 07:20:00,BUY,4768.31,4760.25,4792.48,4759.84,FLIP,-8.67,S433 AI Gold Star 123 (Coppock),
2026-05-12 07:20:00,2026-05-12 08:35:00,SELL,4759.84,4769.66,4730.39,4730.39,TP,29.25,S433 AI Gold Star 123 (Coppock),
2026-05-12 09:00:00,2026-05-12 10:15:00,BUY,4728.9,4717.15,4764.14,4726.07,FLIP,-3.03,S433 AI Gold Star 123 (Coppock),
2026-05-12 10:15:00,2026-05-12 11:10:00,SELL,4726.07,4733.94,4702.46,4721.92,FLIP,3.95,S433 AI Gold Star 123 (Coppock),
2026-05-12 11:10:00,2026-05-12 11:50:00,BUY,4721.92,4716.89,4737.01,4713.53,FLIP,-8.59,S433 AI Gold Star 123 (Coppock),
2026-05-12 11:50:00,2026-05-12 12:00:00,SELL,4713.53,4719.7,4695.01,4718.5,FLIP,-5.17,S433 AI Gold Star 123 (Coppock),
2026-05-12 12:00:00,2026-05-12 12:05:00,BUY,4718.5,4711.84,4738.48,4711.05,FLIP,-7.65,S433 AI Gold Star 123 (Coppock),
2026-05-12 12:05:00,2026-05-12 12:30:00,SELL,4711.05,4718.44,4688.89,4718.44,SL,-7.59,S433 AI Gold Star 123 (Coppock),
2026-05-12 12:35:00,2026-05-12 13:00:00,BUY,4716.38,4708.74,4739.31,4708.74,SL,-7.84,S433 AI Gold Star 123 (Coppock),
2026-05-12 18:15:00,2026-05-12 18:20:00,BUY,4697.93,4689.51,4723.19,4693.79,FLIP,-4.34,S433 AI Gold Star 123 (Coppock),
2026-05-12 18:20:00,2026-05-12 18:35:00,SELL,4693.79,4702.3,4668.26,4702.3,SL,-8.71,S433 AI Gold Star 123 (Coppock),
2026-05-12 20:35:00,2026-05-12 20:45:00,BUY,4698.12,4684.53,4738.88,4692.61,FLIP,-5.71,S433 AI Gold Star 123 (Coppock),
2026-05-12 20:45:00,2026-05-12 21:05:00,SELL,4692.61,4705.68,4653.41,4691.41,FLIP,1.0,S433 AI Gold Star 123 (Coppock),
2026-05-12 21:05:00,2026-05-12 21:30:00,BUY,4691.41,4677.07,4734.44,4684.71,FLIP,-6.9,S433 AI Gold Star 123 (Coppock),
2026-05-12 21:30:00,2026-05-12 21:35:00,SELL,4684.71,4698.46,4643.47,4687.11,FLIP,-2.6,S433 AI Gold Star 123 (Coppock),
2026-05-12 21:35:00,2026-05-12 21:45:00,BUY,4687.11,4673.01,4729.42,4678.58,FLIP,-8.73,S433 AI Gold Star 123 (Coppock),
2026-05-12 21:45:00,2026-05-12 22:20:00,SELL,4678.58,4691.42,4640.07,4640.07,TP,38.31,S433 AI Gold Star 123 (Coppock),
2026-05-12 22:35:00,2026-05-12 23:45:00,BUY,4667.07,4651.84,4712.76,4669.91,FLIP,2.64,S433 AI Gold Star 123 (Coppock),
2026-05-12 23:45:00,2026-05-13 00:00:00,SELL,4669.91,4676.35,4650.6,4676.32,FLIP,-6.61,S433 AI Gold Star 123 (Coppock),
2026-05-13 00:00:00,2026-05-13 00:10:00,BUY,4676.32,4669.69,4696.22,4677.2,FLIP,0.68,S433 AI Gold Star 123 (Coppock),
2026-05-13 00:10:00,2026-05-13 00:15:00,SELL,4677.2,4683.38,4658.67,4680.17,FLIP,-3.17,S433 AI Gold Star 123 (Coppock),
2026-05-13 00:15:00,2026-05-13 02:00:00,BUY,4680.17,4673.9,4698.97,4698.97,TP,18.6,S433 AI Gold Star 123 (Coppock),
2026-05-13 02:25:00,2026-05-13 02:30:00,SELL,4703.5,4709.71,4684.88,4708.99,FLIP,-5.69,S433 AI Gold Star 123 (Coppock),
2026-05-13 02:30:00,2026-05-13 02:35:00,BUY,4708.99,4702.43,4728.67,4708.4,FLIP,-0.79,S433 AI Gold Star 123 (Coppock),
2026-05-13 02:35:00,2026-05-13 02:55:00,SELL,4708.4,4714.64,4689.67,4715.69,FLIP,-7.49,S433 AI Gold Star 123 (Coppock),
2026-05-13 02:55:00,2026-05-13 03:00:00,BUY,4715.69,4710.44,4731.45,4713.76,FLIP,-2.13,S433 AI Gold Star 123 (Coppock),
2026-05-13 03:00:00,2026-05-13 05:00:00,SELL,4713.76,4718.94,4698.22,4718.94,SL,-5.38,S433 AI Gold Star 123 (Coppock),
2026-05-13 05:30:00,2026-05-13 05:40:00,BUY,4718.57,4713.6,4733.47,4716.44,FLIP,-2.33,S433 AI Gold Star 123 (Coppock),
2026-05-13 05:40:00,2026-05-13 05:45:00,SELL,4716.44,4721.78,4700.43,4717.01,FLIP,-0.77,S433 AI Gold Star 123 (Coppock),
2026-05-13 05:45:00,2026-05-13 05:55:00,BUY,4717.01,4711.74,4732.83,4716.99,FLIP,-0.22,S433 AI Gold Star 123 (Coppock),
2026-05-13 05:55:00,2026-05-13 06:00:00,SELL,4716.99,4722.71,4699.82,4720.44,FLIP,-3.65,S433 AI Gold Star 123 (Coppock),
2026-05-13 06:00:00,2026-05-13 06:10:00,BUY,4720.44,4714.43,4738.47,4717.68,FLIP,-2.96,S433 AI Gold Star 123 (Coppock),
2026-05-13 06:10:00,2026-05-13 06:20:00,SELL,4717.68,4723.86,4699.13,4722.63,FLIP,-5.15,S433 AI Gold Star 123 (Coppock),
2026-05-13 06:20:00,2026-05-13 06:25:00,BUY,4722.63,4716.62,4740.66,4720.27,FLIP,-2.56,S433 AI Gold Star 123 (Coppock),
2026-05-13 06:25:00,2026-05-13 06:35:00,SELL,4720.27,4726.41,4701.86,4720.5,FLIP,-0.43,S433 AI Gold Star 123 (Coppock),
2026-05-13 06:35:00,2026-05-13 06:40:00,BUY,4720.5,4714.19,4739.43,4721.24,FLIP,0.54,S433 AI Gold Star 123 (Coppock),
2026-05-13 06:40:00,2026-05-13 07:00:00,SELL,4721.24,4727.48,4702.53,4724.78,FLIP,-3.74,S433 AI Gold Star 123 (Coppock),
2026-05-13 07:00:00,2026-05-13 07:10:00,BUY,4724.78,4717.33,4747.14,4720.4,FLIP,-4.58,S433 AI Gold Star 123 (Coppock),
2026-05-13 07:10:00,2026-05-13 07:15:00,SELL,4720.4,4727.9,4697.91,4724.55,FLIP,-4.35,S433 AI Gold Star 123 (Coppock),
2026-05-13 07:15:00,2026-05-13 07:30:00,BUY,4724.55,4717.06,4747.01,4720.52,FLIP,-4.23,S433 AI Gold Star 123 (Coppock),
2026-05-13 07:30:00,2026-05-13 07:40:00,SELL,4720.52,4727.92,4698.33,4720.42,FLIP,-0.1,S433 AI Gold Star 123 (Coppock),
2026-05-13 07:40:00,2026-05-13 07:45:00,BUY,4720.42,4712.68,4743.64,4716.9,FLIP,-3.72,S433 AI Gold Star 123 (Coppock),
2026-05-13 07:45:00,2026-05-13 08:40:00,SELL,4716.9,4724.47,4694.19,4708.93,FLIP,7.77,S433 AI Gold Star 123 (Coppock),
2026-05-13 08:40:00,2026-05-13 09:05:00,BUY,4708.93,4700.89,4733.04,4700.89,SL,-8.24,S433 AI Gold Star 123 (Coppock),
2026-05-13 09:30:00,2026-05-13 10:00:00,SELL,4696.16,4703.46,4674.25,4692.87,FLIP,3.09,S433 AI Gold Star 123 (Coppock),
2026-05-13 10:00:00,2026-05-13 10:05:00,BUY,4692.87,4685.26,4715.7,4689.51,FLIP,-3.56,S433 AI Gold Star 123 (Coppock),
2026-05-13 10:05:00,2026-05-13 10:15:00,SELL,4689.51,4697.0,4667.04,4694.11,FLIP,-4.8,S433 AI Gold Star 123 (Coppock),
2026-05-13 10:15:00,2026-05-13 11:20:00,BUY,4694.11,4687.18,4714.91,4701.39,FLIP,7.08,S433 AI Gold Star 123 (Coppock),
2026-05-13 11:20:00,2026-05-13 12:00:00,SELL,4701.39,4706.41,4686.33,4706.41,SL,-5.22,S433 AI Gold Star 123 (Coppock),
2026-05-13 15:50:00,2026-05-13 16:10:00,BUY,4700.76,4695.94,4715.23,4694.57,FLIP,-6.39,S433 AI Gold Star 123 (Coppock),
2026-05-13 16:10:00,2026-05-13 16:35:00,SELL,4694.57,4699.78,4678.95,4690.97,FLIP,3.4,S433 AI Gold Star 123 (Coppock),
2026-05-13 16:35:00,2026-05-13 17:05:00,BUY,4690.97,4684.55,4710.24,4710.24,TP,19.07,S433 AI Gold Star 123 (Coppock),
2026-05-13 17:35:00,2026-05-13 18:30:00,SELL,4695.98,4702.92,4675.17,4702.92,SL,-7.14,S433 AI Gold Star 123 (Coppock),
2026-05-13 20:00:00,2026-05-13 20:35:00,BUY,4687.93,4678.47,4716.32,4674.31,FLIP,-13.82,S433 AI Gold Star 123 (Coppock),
2026-05-13 20:35:00,2026-05-13 20:40:00,SELL,4674.31,4684.74,4643.03,4678.79,FLIP,-4.68,S433 AI Gold Star 123 (Coppock),
2026-05-13 20:40:00,2026-05-13 20:45:00,BUY,4678.79,4668.5,4709.65,4672.84,FLIP,-6.15,S433 AI Gold Star 123 (Coppock),
2026-05-13 20:45:00,2026-05-13 20:50:00,SELL,4672.84,4683.23,4641.68,4682.79,FLIP,-10.15,S433 AI Gold Star 123 (Coppock),
2026-05-13 20:50:00,2026-05-13 20:55:00,BUY,4682.79,4671.7,4716.06,4679.28,FLIP,-3.71,S433 AI Gold Star 123 (Coppock),
2026-05-13 20:55:00,2026-05-13 21:25:00,SELL,4679.28,4690.29,4646.24,4684.15,FLIP,-5.07,S433 AI Gold Star 123 (Coppock),
2026-05-13 21:25:00,2026-05-13 23:15:00,BUY,4684.15,4672.32,4719.63,4699.59,FLIP,15.24,S433 AI Gold Star 123 (Coppock),
2026-05-13 23:15:00,2026-05-13 23:20:00,SELL,4699.59,4706.14,4679.94,4705.75,FLIP,-6.36,S433 AI Gold Star 123 (Coppock),
2026-05-13 23:20:00,2026-05-13 23:30:00,BUY,4705.75,4698.54,4727.37,4704.07,FLIP,-1.88,S433 AI Gold Star 123 (Coppock),
2026-05-13 23:30:00,2026-05-14 01:45:00,SELL,4704.07,4711.71,4681.16,4681.16,TP,22.71,S433 AI Gold Star 123 (Coppock),
2026-05-14 02:00:00,2026-05-14 02:05:00,SELL,4684.27,4690.56,4665.4,4686.58,FLIP,-2.51,S433 AI Gold Star 123 (Coppock),
2026-05-14 02:05:00,2026-05-14 02:20:00,BUY,4686.58,4680.49,4704.84,4688.06,FLIP,1.28,S433 AI Gold Star 123 (Coppock),
2026-05-14 02:20:00,2026-05-14 02:25:00,SELL,4688.06,4694.01,4670.21,4687.21,FLIP,0.65,S433 AI Gold Star 123 (Coppock),
2026-05-14 02:25:00,2026-05-14 02:30:00,BUY,4687.21,4681.44,4704.51,4685.53,FLIP,-1.88,S433 AI Gold Star 123 (Coppock),
2026-05-14 02:30:00,2026-05-14 02:35:00,SELL,4685.53,4691.48,4667.67,4688.94,FLIP,-3.61,S433 AI Gold Star 123 (Coppock),
2026-05-14 02:35:00,2026-05-14 03:30:00,BUY,4688.94,4682.73,4707.58,4689.81,FLIP,0.67,S433 AI Gold Star 123 (Coppock),
2026-05-14 03:30:00,2026-05-14 03:35:00,SELL,4689.81,4694.0,4677.24,4691.43,FLIP,-1.82,S433 AI Gold Star 123 (Coppock),
2026-05-14 03:35:00,2026-05-14 06:10:00,BUY,4691.43,4687.24,4703.99,4701.21,FLIP,9.58,S433 AI Gold Star 123 (Coppock),
2026-05-14 06:10:00,2026-05-14 07:00:00,SELL,4701.21,4705.05,4689.7,4689.7,TP,11.31,S433 AI Gold Star 123 (Coppock),
2026-05-14 07:15:00,2026-05-14 07:35:00,BUY,4701.01,4695.71,4716.92,4695.71,SL,-5.5,S433 AI Gold Star 123 (Coppock),
2026-05-14 11:05:00,2026-05-14 11:25:00,BUY,4678.86,4670.78,4703.11,4703.11,TP,24.05,S433 AI Gold Star 123 (Coppock),
2026-05-14 12:10:00,2026-05-14 14:30:00,SELL,4699.99,4708.69,4673.89,4708.69,SL,-8.9,S433 AI Gold Star 123 (Coppock),
2026-05-14 14:45:00,2026-05-14 20:40:00,SELL,4704.38,4713.53,4676.92,4676.92,TP,27.26,S433 AI Gold Star 123 (Coppock),
2026-05-14 21:10:00,2026-05-14 23:10:00,BUY,4687.65,4674.45,4727.25,4674.45,SL,-13.4,S433 AI Gold Star 123 (Coppock),
2026-05-14 23:50:00,2026-05-15 01:00:00,BUY,4677.61,4671.48,4695.99,4671.48,SL,-6.33,S433 AI Gold Star 123 (Coppock),
2026-05-15 01:55:00,2026-05-15 02:05:00,BUY,4671.63,4666.51,4687.0,4668.8,FLIP,-3.03,S433 AI Gold Star 123 (Coppock),
2026-05-15 02:05:00,2026-05-15 02:10:00,SELL,4668.8,4674.01,4653.18,4667.48,FLIP,1.12,S433 AI Gold Star 123 (Coppock),
2026-05-15 02:10:00,2026-05-15 02:25:00,BUY,4667.48,4663.05,4680.76,4663.26,FLIP,-4.42,S433 AI Gold Star 123 (Coppock),
2026-05-15 02:25:00,2026-05-15 03:00:00,SELL,4663.26,4667.55,4650.39,4650.39,TP,12.67,S433 AI Gold Star 123 (Coppock),
2026-05-15 03:30:00,2026-05-15 06:00:00,BUY,4647.74,4642.1,4664.65,4662.93,FLIP,14.99,S433 AI Gold Star 123 (Coppock),
2026-05-15 06:00:00,2026-05-15 06:35:00,SELL,4662.93,4667.21,4650.08,4650.08,TP,12.65,S433 AI Gold Star 123 (Coppock),
2026-05-15 07:15:00,2026-05-15 07:20:00,BUY,4654.14,4644.45,4683.22,4644.82,FLIP,-9.52,S433 AI Gold Star 123 (Coppock),
2026-05-15 07:20:00,2026-05-15 07:40:00,SELL,4644.82,4655.11,4613.95,4613.95,TP,30.67,S433 AI Gold Star 123 (Coppock),
2026-05-15 07:55:00,2026-05-15 08:00:00,BUY,4630.19,4617.33,4668.78,4622.63,FLIP,-7.76,S433 AI Gold Star 123 (Coppock),
2026-05-15 08:00:00,2026-05-15 08:15:00,SELL,4622.63,4636.39,4581.34,4619.8,FLIP,2.63,S433 AI Gold Star 123 (Coppock),
2026-05-15 08:15:00,2026-05-15 09:30:00,BUY,4619.8,4604.55,4665.57,4612.67,FLIP,-7.33,S433 AI Gold Star 123 (Coppock),
2026-05-15 09:30:00,2026-05-15 09:35:00,SELL,4612.67,4623.41,4580.46,4613.0,FLIP,-0.53,S433 AI Gold Star 123 (Coppock),
2026-05-15 09:35:00,2026-05-15 10:15:00,BUY,4613.0,4603.2,4642.41,4614.79,FLIP,1.59,S433 AI Gold Star 123 (Coppock),
2026-05-15 10:15:00,2026-05-15 10:20:00,SELL,4614.79,4623.25,4589.41,4614.32,FLIP,0.27,S433 AI Gold Star 123 (Coppock),
2026-05-15 10:20:00,2026-05-15 10:25:00,BUY,4614.32,4605.97,4639.37,4612.8,FLIP,-1.72,S433 AI Gold Star 123 (Coppock),
2026-05-15 10:25:00,2026-05-15 11:05:00,SELL,4612.8,4620.72,4589.03,4621.52,FLIP,-8.92,S433 AI Gold Star 123 (Coppock),
2026-05-15 11:05:00,2026-05-15 11:15:00,BUY,4621.52,4614.13,4643.7,4614.27,FLIP,-7.45,S433 AI Gold Star 123 (Coppock),
2026-05-15 11:15:00,2026-05-15 11:25:00,SELL,4614.27,4621.48,4592.65,4610.89,FLIP,3.18,S433 AI Gold Star 123 (Coppock),
2026-05-15 11:25:00,2026-05-15 11:35:00,BUY,4610.89,4603.41,4633.32,4611.34,FLIP,0.25,S433 AI Gold Star 123 (Coppock),
2026-05-15 11:35:00,2026-05-15 12:10:00,SELL,4611.34,4618.87,4588.75,4588.75,TP,22.39,S433 AI Gold Star 123 (Coppock),
2026-05-15 13:05:00,2026-05-15 14:30:00,BUY,4566.59,4551.78,4611.02,4578.99,FLIP,12.2,S433 AI Gold Star 123 (Coppock),
2026-05-15 14:30:00,2026-05-15 15:30:00,SELL,4578.99,4588.51,4550.43,4550.43,TP,28.36,S433 AI Gold Star 123 (Coppock),
2026-05-15 15:40:00,2026-05-15 16:00:00,BUY,4562.41,4552.06,4593.46,4552.06,SL,-10.55,S433 AI Gold Star 123 (Coppock),
2026-05-15 16:15:00,2026-05-15 16:20:00,SELL,4546.71,4557.58,4514.09,4551.87,FLIP,-5.36,S433 AI Gold Star 123 (Coppock),
2026-05-15 16:20:00,2026-05-15 16:35:00,BUY,4551.87,4540.56,4585.79,4546.74,FLIP,-5.33,S433 AI Gold Star 123 (Coppock),
2026-05-15 16:35:00,2026-05-15 17:00:00,SELL,4546.74,4557.21,4515.32,4546.62,FLIP,-0.08,S433 AI Gold Star 123 (Coppock),
2026-05-15 17:00:00,2026-05-15 18:15:00,BUY,4546.62,4535.39,4580.32,4564.27,FLIP,17.45,S433 AI Gold Star 123 (Coppock),
2026-05-15 18:15:00,2026-05-15 20:35:00,SELL,4564.27,4574.28,4534.24,4534.24,TP,29.83,S433 AI Gold Star 123 (Coppock),
2026-05-15 21:10:00,2026-05-16 00:40:00,BUY,4543.36,4526.14,4595.03,4560.83,FLIP,17.27,S433 AI Gold Star 123 (Coppock),
2026-05-16 00:40:00,2026-05-16 03:05:00,SELL,4560.83,4568.07,4539.11,4539.11,TP,21.52,S433 AI Gold Star 123 (Coppock),
2026-05-16 03:30:00,2026-05-16 03:45:00,BUY,4541.21,4535.23,4559.14,4538.03,FLIP,-3.38,S433 AI Gold Star 123 (Coppock),
2026-05-16 03:45:00,2026-05-16 03:50:00,SELL,4538.03,4543.66,4521.14,4538.32,FLIP,-0.49,S433 AI Gold Star 123 (Coppock),
2026-05-16 03:50:00,2026-05-18 06:40:00,BUY,4538.32,4532.73,4555.1,4532.73,SL,-5.79,S433 AI Gold Star 123 (Coppock),
2026-05-18 07:55:00,2026-05-18 08:00:00,BUY,4516.09,4496.79,4573.99,4497.77,FLIP,-18.52,S433 AI Gold Star 123 (Coppock),
2026-05-18 08:00:00,2026-05-18 08:05:00,SELL,4497.77,4519.2,4433.47,4501.6,FLIP,-4.03,S433 AI Gold Star 123 (Coppock),
2026-05-18 08:05:00,2026-05-18 09:30:00,BUY,4501.6,4479.59,4567.64,4532.2,FLIP,30.4,S433 AI Gold Star 123 (Coppock),
2026-05-18 09:30:00,2026-05-18 10:40:00,SELL,4532.2,4546.76,4488.51,4545.71,FLIP,-13.71,S433 AI Gold Star 123 (Coppock),
2026-05-18 10:40:00,2026-05-18 11:20:00,BUY,4545.71,4533.19,4583.27,4537.3,FLIP,-8.61,S433 AI Gold Star 123 (Coppock),
2026-05-18 11:20:00,2026-05-18 12:15:00,SELL,4537.3,4549.08,4501.95,4549.08,SL,-11.98,S433 AI Gold Star 123 (Coppock),
2026-05-18 17:30:00,2026-05-18 17:35:00,SELL,4532.83,4539.09,4514.04,4538.29,FLIP,-5.66,S433 AI Gold Star 123 (Coppock),
2026-05-18 17:35:00,2026-05-18 18:05:00,BUY,4538.29,4531.64,4558.25,4532.66,FLIP,-5.83,S433 AI Gold Star 123 (Coppock),
2026-05-18 18:05:00,2026-05-18 18:10:00,SELL,4532.66,4540.48,4509.2,4539.57,FLIP,-7.11,S433 AI Gold Star 123 (Coppock),
2026-05-18 18:10:00,2026-05-18 18:40:00,BUY,4539.57,4531.23,4564.58,4564.58,TP,24.81,S433 AI Gold Star 123 (Coppock),
2026-05-18 19:20:00,2026-05-18 19:35:00,SELL,4551.49,4562.74,4517.74,4562.74,SL,-11.45,S433 AI Gold Star 123 (Coppock),
2026-05-18 19:40:00,2026-05-18 19:50:00,BUY,4569.69,4557.52,4606.19,4563.08,FLIP,-6.81,S433 AI Gold Star 123 (Coppock),
2026-05-18 19:50:00,2026-05-18 19:55:00,SELL,4563.08,4574.02,4530.26,4571.36,FLIP,-8.48,S433 AI Gold Star 123 (Coppock),
2026-05-18 19:55:00,2026-05-18 20:00:00,BUY,4571.36,4560.38,4604.29,4565.35,FLIP,-6.21,S433 AI Gold Star 123 (Coppock),
2026-05-18 20:00:00,2026-05-18 20:10:00,SELL,4565.35,4577.19,4529.83,4567.81,FLIP,-2.66,S433 AI Gold Star 123 (Coppock),
2026-05-18 20:10:00,2026-05-18 20:15:00,BUY,4567.81,4555.65,4604.28,4566.06,FLIP,-1.95,S433 AI Gold Star 123 (Coppock),
2026-05-18 20:15:00,2026-05-18 20:20:00,SELL,4566.06,4578.08,4530.0,4572.88,FLIP,-7.02,S433 AI Gold Star 123 (Coppock),
2026-05-18 20:20:00,2026-05-18 20:35:00,BUY,4572.88,4560.53,4609.92,4573.64,FLIP,0.56,S433 AI Gold Star 123 (Coppock),
2026-05-18 20:35:00,2026-05-18 22:00:00,SELL,4573.64,4586.46,4535.17,4535.17,TP,38.27,S433 AI Gold Star 123 (Coppock),
2026-05-18 22:10:00,2026-05-18 23:25:00,BUY,4540.63,4526.46,4583.13,4537.13,FLIP,-3.7,S433 AI Gold Star 123 (Coppock),
2026-05-18 23:25:00,2026-05-18 23:35:00,SELL,4537.13,4545.59,4511.75,4544.11,FLIP,-7.18,S433 AI Gold Star 123 (Coppock),
2026-05-18 23:35:00,2026-05-18 23:40:00,BUY,4544.11,4535.38,4570.31,4543.36,FLIP,-0.95,S433 AI Gold Star 123 (Coppock),
2026-05-18 23:40:00,2026-05-18 23:45:00,SELL,4543.36,4551.62,4518.58,4548.33,FLIP,-5.17,S433 AI Gold Star 123 (Coppock),
2026-05-18 23:45:00,2026-05-19 01:25:00,BUY,4548.33,4539.88,4573.69,4539.88,SL,-8.65,S433 AI Gold Star 123 (Coppock),
2026-05-19 01:40:00,2026-05-19 01:55:00,BUY,4541.58,4536.68,4556.29,4535.62,FLIP,-6.16,S433 AI Gold Star 123 (Coppock),
2026-05-19 01:55:00,2026-05-19 02:00:00,SELL,4535.62,4540.86,4519.91,4553.6,FLIP,-18.18,S433 AI Gold Star 123 (Coppock),
2026-05-19 02:00:00,2026-05-19 02:55:00,BUY,4553.6,4545.47,4578.0,4558.48,FLIP,4.68,S433 AI Gold Star 123 (Coppock),
2026-05-19 02:55:00,2026-05-19 05:00:00,SELL,4558.48,4568.67,4527.9,4569.83,FLIP,-11.55,S433 AI Gold Star 123 (Coppock),
2026-05-19 05:00:00,2026-05-19 05:50:00,BUY,4569.83,4564.83,4584.83,4573.72,FLIP,3.69,S433 AI Gold Star 123 (Coppock),
2026-05-19 05:50:00,2026-05-19 06:00:00,SELL,4573.72,4577.98,4560.93,4581.04,FLIP,-7.52,S433 AI Gold Star 123 (Coppock),
2026-05-19 06:00:00,2026-05-19 06:05:00,BUY,4581.04,4576.21,4595.52,4580.04,FLIP,-1.2,S433 AI Gold Star 123 (Coppock),
2026-05-19 06:05:00,2026-05-19 06:10:00,SELL,4580.04,4584.7,4566.07,4585.69,FLIP,-5.85,S433 AI Gold Star 123 (Coppock),
2026-05-19 06:10:00,2026-05-19 06:35:00,BUY,4585.69,4580.84,4600.23,4585.02,FLIP,-0.87,S433 AI Gold Star 123 (Coppock),
2026-05-19 06:35:00,2026-05-19 07:25:00,SELL,4585.02,4590.4,4568.89,4568.89,TP,15.93,S433 AI Gold Star 123 (Coppock),
2026-05-19 08:10:00,2026-05-19 08:15:00,BUY,4565.87,4555.78,4596.13,4559.57,FLIP,-6.5,S433 AI Gold Star 123 (Coppock),
2026-05-19 08:15:00,2026-05-19 08:30:00,SELL,4559.57,4569.87,4528.68,4561.68,FLIP,-2.31,S433 AI Gold Star 123 (Coppock),
2026-05-19 08:30:00,2026-05-19 09:05:00,BUY,4561.68,4552.2,4590.12,4555.23,FLIP,-6.65,S433 AI Gold Star 123 (Coppock),
2026-05-19 09:05:00,2026-05-19 09:15:00,SELL,4555.23,4565.31,4524.98,4557.15,FLIP,-2.12,S433 AI Gold Star 123 (Coppock),
2026-05-19 09:15:00,2026-05-19 09:30:00,BUY,4557.15,4547.91,4584.87,4555.05,FLIP,-2.3,S433 AI Gold Star 123 (Coppock),
2026-05-19 09:30:00,2026-05-19 10:10:00,SELL,4555.05,4563.4,4530.0,4551.89,FLIP,2.96,S433 AI Gold Star 123 (Coppock),
2026-05-19 10:10:00,2026-05-19 11:00:00,BUY,4551.89,4543.31,4577.64,4544.22,FLIP,-7.87,S433 AI Gold Star 123 (Coppock),
2026-05-19 11:00:00,2026-05-19 11:50:00,SELL,4544.22,4551.34,4522.86,4542.56,FLIP,1.46,S433 AI Gold Star 123 (Coppock),
2026-05-19 11:50:00,2026-05-19 12:20:00,BUY,4542.56,4537.02,4559.18,4535.45,FLIP,-7.31,S433 AI Gold Star 123 (Coppock),
2026-05-19 12:20:00,2026-05-19 12:25:00,SELL,4535.45,4541.36,4517.73,4538.49,FLIP,-3.24,S433 AI Gold Star 123 (Coppock),
2026-05-19 12:25:00,2026-05-19 12:30:00,BUY,4538.49,4532.25,4557.21,4537.05,FLIP,-1.64,S433 AI Gold Star 123 (Coppock),
2026-05-19 12:30:00,2026-05-19 12:35:00,SELL,4537.05,4543.75,4516.96,4539.85,FLIP,-3.0,S433 AI Gold Star 123 (Coppock),
2026-05-19 12:35:00,2026-05-19 12:45:00,BUY,4539.85,4532.91,4560.66,4533.99,FLIP,-6.06,S433 AI Gold Star 123 (Coppock),
2026-05-19 12:45:00,2026-05-19 12:50:00,SELL,4533.99,4541.87,4510.36,4539.96,FLIP,-6.17,S433 AI Gold Star 123 (Coppock),
2026-05-19 12:50:00,2026-05-19 13:00:00,BUY,4539.96,4531.51,4565.3,4539.28,FLIP,-0.88,S433 AI Gold Star 123 (Coppock),
2026-05-19 13:00:00,2026-05-19 13:10:00,SELL,4539.28,4548.48,4511.69,4542.05,FLIP,-2.97,S433 AI Gold Star 123 (Coppock),
2026-05-19 13:10:00,2026-05-19 13:45:00,BUY,4542.05,4532.03,4572.1,4543.18,FLIP,0.93,S433 AI Gold Star 123 (Coppock),
2026-05-19 13:45:00,2026-05-19 13:50:00,SELL,4543.18,4553.46,4512.35,4546.91,FLIP,-3.93,S433 AI Gold Star 123 (Coppock),
2026-05-19 13:50:00,2026-05-19 15:25:00,BUY,4546.91,4536.82,4577.17,4536.82,SL,-10.29,S433 AI Gold Star 123 (Coppock),
2026-05-19 20:50:00,2026-05-19 21:20:00,BUY,4504.52,4485.4,4561.89,4485.4,SL,-19.32,S433 AI Gold Star 123 (Coppock),
2026-05-19 22:00:00,2026-05-19 22:05:00,SELL,4496.76,4513.08,4447.79,4498.37,FLIP,-1.81,S433 AI Gold Star 123 (Coppock),
2026-05-19 22:05:00,2026-05-19 22:10:00,BUY,4498.37,4482.39,4546.31,4499.23,FLIP,0.66,S433 AI Gold Star 123 (Coppock),
2026-05-19 22:10:00,2026-05-19 22:15:00,SELL,4499.23,4513.87,4455.3,4500.53,FLIP,-1.5,S433 AI Gold Star 123 (Coppock),
2026-05-19 22:15:00,2026-05-20 02:15:00,BUY,4500.53,4487.25,4540.38,4492.87,FLIP,-7.86,S433 AI Gold Star 123 (Coppock),
2026-05-20 02:15:00,2026-05-20 03:05:00,SELL,4492.87,4498.33,4476.49,4485.51,FLIP,7.16,S433 AI Gold Star 123 (Coppock),
2026-05-20 03:05:00,2026-05-20 05:15:00,BUY,4485.51,4480.31,4501.11,4480.23,FLIP,-5.48,S433 AI Gold Star 123 (Coppock),
2026-05-20 05:15:00,2026-05-20 05:30:00,SELL,4480.23,4484.15,4468.48,4484.02,FLIP,-3.99,S433 AI Gold Star 123 (Coppock),
2026-05-20 05:30:00,2026-05-20 05:35:00,BUY,4484.02,4479.78,4496.74,4480.77,FLIP,-3.45,S433 AI Gold Star 123 (Coppock),
2026-05-20 05:35:00,2026-05-20 05:40:00,SELL,4480.77,4485.43,4466.8,4482.15,FLIP,-1.58,S433 AI Gold Star 123 (Coppock),
2026-05-20 05:40:00,2026-05-20 06:55:00,BUY,4482.15,4477.31,4496.66,4489.41,FLIP,7.06,S433 AI Gold Star 123 (Coppock),
2026-05-20 06:55:00,2026-05-20 07:25:00,SELL,4489.41,4495.85,4470.08,4501.98,FLIP,-12.77,S433 AI Gold Star 123 (Coppock),
2026-05-20 07:25:00,2026-05-20 08:00:00,BUY,4501.98,4492.29,4531.04,4493.83,FLIP,-8.35,S433 AI Gold Star 123 (Coppock),
2026-05-20 08:00:00,2026-05-20 08:35:00,SELL,4493.83,4505.55,4458.66,4458.66,TP,34.97,S433 AI Gold Star 123 (Coppock),
2026-05-20 09:00:00,2026-05-20 09:30:00,BUY,4485.24,4470.36,4529.88,4470.36,SL,-15.08,S433 AI Gold Star 123 (Coppock),
2026-05-20 10:25:00,2026-05-20 10:30:00,BUY,4461.02,4449.84,4494.56,4458.78,FLIP,-2.44,S433 AI Gold Star 123 (Coppock),
2026-05-20 10:30:00,2026-05-20 10:35:00,SELL,4458.78,4469.29,4427.24,4464.44,FLIP,-5.86,S433 AI Gold Star 123 (Coppock),
2026-05-20 10:35:00,2026-05-20 14:45:00,BUY,4464.44,4453.73,4496.57,4477.96,FLIP,13.32,S433 AI Gold Star 123 (Coppock),
2026-05-20 14:45:00,2026-05-20 15:25:00,SELL,4477.96,4486.81,4451.41,4485.89,FLIP,-8.13,S433 AI Gold Star 123 (Coppock),
2026-05-20 15:25:00,2026-05-20 15:30:00,BUY,4485.89,4477.73,4510.38,4483.2,FLIP,-2.89,S433 AI Gold Star 123 (Coppock),
2026-05-20 15:30:00,2026-05-20 15:50:00,SELL,4483.2,4491.2,4459.19,4489.17,FLIP,-6.17,S433 AI Gold Star 123 (Coppock),
2026-05-20 15:50:00,2026-05-20 16:05:00,BUY,4489.17,4480.9,4513.98,4482.05,FLIP,-7.32,S433 AI Gold Star 123 (Coppock),
2026-05-20 16:05:00,2026-05-20 16:40:00,SELL,4482.05,4490.41,4456.96,4483.2,FLIP,-1.35,S433 AI Gold Star 123 (Coppock),
2026-05-20 16:40:00,2026-05-20 17:45:00,BUY,4483.2,4475.6,4506.0,4492.52,FLIP,9.12,S433 AI Gold Star 123 (Coppock),
2026-05-20 17:45:00,2026-05-20 17:50:00,SELL,4492.52,4498.77,4473.78,4494.68,FLIP,-2.36,S433 AI Gold Star 123 (Coppock),
2026-05-20 17:50:00,2026-05-20 18:00:00,BUY,4494.68,4488.1,4514.42,4494.33,FLIP,-0.55,S433 AI Gold Star 123 (Coppock),
2026-05-20 18:00:00,2026-05-20 18:25:00,SELL,4494.33,4500.5,4475.81,4500.06,FLIP,-5.93,S433 AI Gold Star 123 (Coppock),
2026-05-20 18:25:00,2026-05-20 18:30:00,BUY,4500.06,4494.18,4517.69,4498.68,FLIP,-1.58,S433 AI Gold Star 123 (Coppock),
2026-05-20 18:30:00,2026-05-20 18:55:00,SELL,4498.68,4504.51,4481.2,4499.14,FLIP,-0.66,S433 AI Gold Star 123 (Coppock),
2026-05-20 18:55:00,2026-05-20 19:00:00,BUY,4499.14,4492.8,4518.16,4496.58,FLIP,-2.76,S433 AI Gold Star 123 (Coppock),
2026-05-20 19:00:00,2026-05-20 19:25:00,SELL,4496.58,4502.95,4477.48,4499.43,FLIP,-3.05,S433 AI Gold Star 123 (Coppock),
2026-05-20 19:25:00,2026-05-20 19:50:00,BUY,4499.43,4493.04,4518.61,4498.66,FLIP,-0.97,S433 AI Gold Star 123 (Coppock),
2026-05-20 19:50:00,2026-05-20 20:10:00,SELL,4498.66,4504.73,4480.46,4505.22,FLIP,-6.76,S433 AI Gold Star 123 (Coppock),
2026-05-20 20:10:00,2026-05-20 20:15:00,BUY,4505.22,4498.54,4525.26,4499.31,FLIP,-6.11,S433 AI Gold Star 123 (Coppock),
2026-05-20 20:15:00,2026-05-20 21:05:00,SELL,4499.31,4506.2,4478.63,4478.63,TP,20.48,S433 AI Gold Star 123 (Coppock),
2026-05-20 21:15:00,2026-05-20 21:55:00,BUY,4498.14,4486.08,4534.32,4534.32,TP,35.98,S433 AI Gold Star 123 (Coppock),
2026-05-20 22:25:00,2026-05-20 23:50:00,SELL,4529.48,4545.83,4480.44,4532.71,FLIP,-3.43,S433 AI Gold Star 123 (Coppock),
2026-05-20 23:50:00,2026-05-21 00:50:00,BUY,4532.71,4526.12,4552.49,4532.0,FLIP,-0.91,S433 AI Gold Star 123 (Coppock),
2026-05-21 00:50:00,2026-05-21 01:25:00,SELL,4532.0,4537.89,4514.34,4535.01,FLIP,-3.21,S433 AI Gold Star 123 (Coppock),
2026-05-21 01:25:00,2026-05-21 02:25:00,BUY,4535.01,4529.63,4551.14,4545.14,FLIP,9.93,S433 AI Gold Star 123 (Coppock),
2026-05-21 02:25:00,2026-05-21 02:35:00,SELL,4545.14,4550.14,4530.15,4548.24,FLIP,-3.3,S433 AI Gold Star 123 (Coppock),
2026-05-21 02:35:00,2026-05-21 02:40:00,BUY,4548.24,4543.2,4563.35,4546.44,FLIP,-2.0,S433 AI Gold Star 123 (Coppock),
2026-05-21 02:40:00,2026-05-21 05:30:00,SELL,4546.44,4551.38,4531.63,4541.36,FLIP,4.88,S433 AI Gold Star 123 (Coppock),
2026-05-21 05:30:00,2026-05-21 06:20:00,BUY,4541.36,4537.18,4553.91,4537.18,SL,-4.38,S433 AI Gold Star 123 (Coppock),
2026-05-21 06:25:00,2026-05-21 08:10:00,BUY,4538.53,4533.56,4553.45,4553.45,TP,14.72,S433 AI Gold Star 123 (Coppock),
2026-05-21 08:50:00,2026-05-21 10:05:00,SELL,4559.97,4569.51,4531.35,4537.2,FLIP,22.57,S433 AI Gold Star 123 (Coppock),
2026-05-21 10:05:00,2026-05-21 10:50:00,BUY,4537.2,4529.32,4560.83,4529.32,SL,-8.08,S433 AI Gold Star 123 (Coppock),
2026-05-21 12:55:00,2026-05-21 13:45:00,BUY,4528.01,4520.43,4550.74,4523.92,FLIP,-4.29,S433 AI Gold Star 123 (Coppock),
2026-05-21 13:45:00,2026-05-21 14:40:00,SELL,4523.92,4532.4,4498.47,4516.42,FLIP,7.3,S433 AI Gold Star 123 (Coppock),
2026-05-21 14:40:00,2026-05-21 15:15:00,BUY,4516.42,4509.8,4536.29,4536.29,TP,19.67,S433 AI Gold Star 123 (Coppock),
2026-05-21 15:55:00,2026-05-21 16:15:00,SELL,4532.6,4540.58,4508.66,4540.58,SL,-8.18,S433 AI Gold Star 123 (Coppock),
2026-05-21 18:05:00,2026-05-21 18:10:00,BUY,4516.76,4505.43,4550.75,4516.34,FLIP,-0.62,S433 AI Gold Star 123 (Coppock),
2026-05-21 18:10:00,2026-05-21 18:15:00,SELL,4516.34,4527.59,4482.58,4519.22,FLIP,-3.08,S433 AI Gold Star 123 (Coppock),
2026-05-21 18:15:00,2026-05-21 19:15:00,BUY,4519.22,4508.02,4552.82,4512.56,FLIP,-6.86,S433 AI Gold Star 123 (Coppock),
2026-05-21 19:15:00,2026-05-21 19:30:00,SELL,4512.56,4518.86,4493.66,4514.64,FLIP,-2.28,S433 AI Gold Star 123 (Coppock),
2026-05-21 19:30:00,2026-05-21 19:45:00,BUY,4514.64,4507.39,4536.4,4510.28,FLIP,-4.56,S433 AI Gold Star 123 (Coppock),
2026-05-21 19:45:00,2026-05-21 20:45:00,SELL,4510.28,4518.45,4485.76,4500.15,FLIP,9.93,S433 AI Gold Star 123 (Coppock),
2026-05-21 20:45:00,2026-05-22 00:15:00,BUY,4500.15,4488.51,4535.06,4535.06,TP,34.71,S433 AI Gold Star 123 (Coppock),
2026-05-22 01:05:00,2026-05-22 02:20:00,SELL,4548.81,4561.45,4510.89,4539.51,FLIP,9.1,S433 AI Gold Star 123 (Coppock),
2026-05-22 02:20:00,2026-05-22 07:00:00,BUY,4539.51,4531.38,4563.89,4531.38,SL,-8.33,S433 AI Gold Star 123 (Coppock),
2026-05-22 07:25:00,2026-05-22 07:50:00,BUY,4536.31,4530.87,4552.64,4529.19,FLIP,-7.32,S433 AI Gold Star 123 (Coppock),
2026-05-22 07:50:00,2026-05-22 08:00:00,SELL,4529.19,4535.5,4510.27,4529.97,FLIP,-0.98,S433 AI Gold Star 123 (Coppock),
2026-05-22 08:00:00,2026-05-22 08:05:00,BUY,4529.97,4522.84,4551.37,4525.4,FLIP,-4.77,S433 AI Gold Star 123 (Coppock),
2026-05-22 08:05:00,2026-05-22 08:10:00,SELL,4525.4,4533.02,4502.53,4529.68,FLIP,-4.48,S433 AI Gold Star 123 (Coppock),
2026-05-22 08:10:00,2026-05-22 08:20:00,BUY,4529.68,4522.13,4552.33,4528.23,FLIP,-1.65,S433 AI Gold Star 123 (Coppock),
2026-05-22 08:20:00,2026-05-22 13:25:00,SELL,4528.23,4536.29,4504.05,4525.26,FLIP,2.77,S433 AI Gold Star 123 (Coppock),
2026-05-22 13:25:00,2026-05-22 13:30:00,BUY,4525.26,4515.95,4553.19,4525.82,FLIP,0.36,S433 AI Gold Star 123 (Coppock),
2026-05-22 13:30:00,2026-05-22 13:40:00,SELL,4525.82,4535.25,4497.52,4526.6,FLIP,-0.98,S433 AI Gold Star 123 (Coppock),
2026-05-22 13:40:00,2026-05-22 14:30:00,BUY,4526.6,4517.15,4554.94,4522.66,FLIP,-4.14,S433 AI Gold Star 123 (Coppock),
2026-05-22 14:30:00,2026-05-22 15:00:00,SELL,4522.66,4528.5,4505.15,4524.97,FLIP,-2.51,S433 AI Gold Star 123 (Coppock),
2026-05-22 15:00:00,2026-05-22 15:30:00,BUY,4524.97,4519.25,4542.13,4520.14,FLIP,-5.03,S433 AI Gold Star 123 (Coppock),
2026-05-22 15:30:00,2026-05-22 15:40:00,SELL,4520.14,4527.09,4499.3,4522.46,FLIP,-2.52,S433 AI Gold Star 123 (Coppock),
2026-05-22 15:40:00,2026-05-22 15:55:00,BUY,4522.46,4515.36,4543.77,4521.91,FLIP,-0.75,S433 AI Gold Star 123 (Coppock),
2026-05-22 15:55:00,2026-05-22 16:35:00,SELL,4521.91,4528.35,4502.59,4524.47,FLIP,-2.76,S433 AI Gold Star 123 (Coppock),
2026-05-22 16:35:00,2026-05-22 17:35:00,BUY,4524.47,4517.98,4543.95,4517.98,SL,-6.69,S433 AI Gold Star 123 (Coppock),
2026-05-22 18:25:00,2026-05-22 19:10:00,BUY,4512.09,4506.25,4529.6,4529.6,TP,17.31,S433 AI Gold Star 123 (Coppock),
2026-05-22 19:25:00,2026-05-22 20:00:00,SELL,4521.73,4529.68,4497.88,4529.68,SL,-8.15,S433 AI Gold Star 123 (Coppock),
2026-05-22 20:15:00,2026-05-22 20:20:00,BUY,4527.3,4517.03,4558.1,4523.47,FLIP,-4.03,S433 AI Gold Star 123 (Coppock),
2026-05-22 20:20:00,2026-05-22 21:10:00,SELL,4523.47,4533.17,4494.36,4494.36,TP,28.91,S433 AI Gold Star 123 (Coppock),
2026-05-22 21:40:00,2026-05-22 23:00:00,BUY,4504.52,4492.75,4539.84,4519.01,FLIP,14.29,S433 AI Gold Star 123 (Coppock),
2026-05-22 23:00:00,2026-05-22 23:30:00,SELL,4519.01,4525.28,4500.2,4525.28,SL,-6.47,S433 AI Gold Star 123 (Coppock),
2026-05-23 02:45:00,2026-05-23 02:50:00,SELL,4507.55,4512.07,4494.0,4507.69,FLIP,-0.34,S433 AI Gold Star 123 (Coppock),
2026-05-23 02:50:00,2026-05-23 03:40:00,BUY,4507.69,4503.42,4520.51,4504.86,FLIP,-3.03,S433 AI Gold Star 123 (Coppock),
2026-05-23 03:40:00,2026-05-23 03:45:00,SELL,4504.86,4508.44,4494.12,4507.0,FLIP,-2.34,S433 AI Gold Star 123 (Coppock),
2026-05-23 03:45:00,2026-05-23 03:50:00,BUY,4507.0,4503.24,4518.27,4507.11,FLIP,-0.09,S433 AI Gold Star 123 (Coppock),
2026-05-23 03:50:00,2026-05-23 03:55:00,SELL,4507.11,4510.9,4495.74,4507.12,FLIP,-0.21,S433 AI Gold Star 123 (Coppock),
2026-05-23 03:55:00,2026-05-25 05:05:00,BUY,4507.12,4503.46,4518.1,4518.1,TP,10.78,S433 AI Gold Star 123 (Coppock),
2026-05-25 06:00:00,2026-05-25 06:40:00,SELL,4568.32,4579.8,4533.89,4579.8,SL,-11.68,S433 AI Gold Star 123 (Coppock),
2026-05-25 07:45:00,2026-05-25 07:55:00,BUY,4576.7,4569.55,4598.16,4569.53,FLIP,-7.37,S433 AI Gold Star 123 (Coppock),
2026-05-25 07:55:00,2026-05-25 08:20:00,SELL,4569.53,4577.58,4545.37,4571.53,FLIP,-2.2,S433 AI Gold Star 123 (Coppock),
2026-05-25 08:20:00,2026-05-25 08:30:00,BUY,4571.53,4562.83,4597.64,4568.97,FLIP,-2.76,S433 AI Gold Star 123 (Coppock),
2026-05-25 08:30:00,2026-05-25 08:35:00,SELL,4568.97,4578.17,4541.37,4570.56,FLIP,-1.79,S433 AI Gold Star 123 (Coppock),
2026-05-25 08:35:00,2026-05-25 08:40:00,BUY,4570.56,4561.62,4597.38,4563.48,FLIP,-7.28,S433 AI Gold Star 123 (Coppock),
2026-05-25 08:40:00,2026-05-25 08:50:00,SELL,4563.48,4572.95,4535.07,4566.53,FLIP,-3.25,S433 AI Gold Star 123 (Coppock),
2026-05-25 08:50:00,2026-05-25 08:55:00,BUY,4566.53,4556.71,4596.0,4562.9,FLIP,-3.83,S433 AI Gold Star 123 (Coppock),
2026-05-25 08:55:00,2026-05-25 09:00:00,SELL,4562.9,4572.47,4534.18,4562.63,FLIP,0.07,S433 AI Gold Star 123 (Coppock),
2026-05-25 09:00:00,2026-05-25 12:30:00,BUY,4562.63,4553.27,4590.71,4553.27,SL,-9.56,S433 AI Gold Star 123 (Coppock),
2026-05-25 13:15:00,2026-05-25 17:05:00,BUY,4554.54,4549.18,4570.63,4570.63,TP,15.89,S433 AI Gold Star 123 (Coppock),
2026-05-25 17:25:00,2026-05-25 18:15:00,SELL,4570.94,4574.77,4559.45,4574.77,SL,-4.03,S433 AI Gold Star 123 (Coppock),
2026-05-25 18:30:00,2026-05-25 18:45:00,BUY,4573.34,4569.77,4584.06,4571.24,FLIP,-2.3,S433 AI Gold Star 123 (Coppock),
2026-05-25 18:45:00,2026-05-25 18:50:00,SELL,4571.24,4575.22,4559.29,4570.68,FLIP,0.36,S433 AI Gold Star 123 (Coppock),
2026-05-25 18:50:00,2026-05-25 18:55:00,BUY,4570.68,4566.79,4582.34,4569.44,FLIP,-1.44,S433 AI Gold Star 123 (Coppock),
2026-05-25 18:55:00,2026-05-25 19:05:00,SELL,4569.44,4573.28,4557.92,4557.92,TP,11.32,S433 AI Gold Star 123 (Coppock),
2026-05-25 19:35:00,2026-05-25 20:00:00,BUY,4568.78,4562.48,4587.69,4562.48,SL,-6.5,S433 AI Gold Star 123 (Coppock),
2026-05-26 00:20:00,2026-05-26 05:15:00,SELL,4571.43,4574.84,4561.21,4574.84,SL,-3.61,S433 AI Gold Star 123 (Coppock),
2026-05-26 06:15:00,2026-05-26 06:30:00,SELL,4577.51,4581.54,4565.42,4565.42,TP,11.89,S433 AI Gold Star 123 (Coppock),
2026-05-26 07:25:00,2026-05-26 08:30:00,BUY,4549.22,4539.45,4578.54,4539.45,SL,-9.97,S433 AI Gold Star 123 (Coppock),
2026-05-26 08:35:00,2026-05-26 08:55:00,SELL,4530.0,4539.21,4502.38,4537.02,FLIP,-7.22,S433 AI Gold Star 123 (Coppock),
2026-05-26 08:55:00,2026-05-26 09:05:00,BUY,4537.02,4528.56,4562.4,4538.7,FLIP,1.48,S433 AI Gold Star 123 (Coppock),
2026-05-26 09:05:00,2026-05-26 09:10:00,SELL,4538.7,4546.25,4516.05,4538.57,FLIP,-0.07,S433 AI Gold Star 123 (Coppock),
2026-05-26 09:10:00,2026-05-26 09:45:00,BUY,4538.57,4531.6,4559.47,4531.6,SL,-7.17,S433 AI Gold Star 123 (Coppock),
2026-05-26 11:05:00,2026-05-26 11:35:00,SELL,4539.26,4543.36,4526.95,4526.95,TP,12.11,S433 AI Gold Star 123 (Coppock),
2026-05-26 12:05:00,2026-05-26 12:50:00,BUY,4530.5,4525.05,4546.86,4525.05,SL,-5.65,S433 AI Gold Star 123 (Coppock),
2026-05-26 13:15:00,2026-05-26 13:20:00,SELL,4530.95,4535.83,4516.31,4534.03,FLIP,-3.28,S433 AI Gold Star 123 (Coppock),
2026-05-26 13:20:00,2026-05-26 13:25:00,BUY,4534.03,4528.89,4549.46,4530.46,FLIP,-3.77,S433 AI Gold Star 123 (Coppock),
2026-05-26 13:25:00,2026-05-26 14:45:00,SELL,4530.46,4536.18,4513.29,4533.37,FLIP,-3.11,S433 AI Gold Star 123 (Coppock),
2026-05-26 14:45:00,2026-05-26 15:25:00,BUY,4533.37,4526.04,4555.36,4526.04,SL,-7.53,S433 AI Gold Star 123 (Coppock),
2026-05-26 16:15:00,2026-05-26 16:30:00,BUY,4524.87,4518.39,4544.32,4518.06,FLIP,-7.01,S433 AI Gold Star 123 (Coppock),
2026-05-26 16:30:00,2026-05-26 16:45:00,SELL,4518.06,4525.1,4496.95,4519.01,FLIP,-1.15,S433 AI Gold Star 123 (Coppock),
2026-05-26 16:45:00,2026-05-26 17:50:00,BUY,4519.01,4511.96,4540.16,4540.16,TP,20.95,S433 AI Gold Star 123 (Coppock),
2026-05-26 18:05:00,2026-05-26 18:35:00,SELL,4534.99,4541.58,4515.21,4515.21,TP,19.58,S433 AI Gold Star 123 (Coppock),
2026-05-26 19:15:00,2026-05-26 19:30:00,BUY,4512.36,4503.32,4539.47,4503.32,SL,-9.24,S433 AI Gold Star 123 (Coppock),
2026-05-26 20:40:00,2026-05-26 20:45:00,SELL,4527.32,4537.41,4497.06,4525.97,FLIP,1.15,S433 AI Gold Star 123 (Coppock),
2026-05-26 20:45:00,2026-05-26 20:50:00,BUY,4525.97,4516.41,4554.64,4515.93,FLIP,-10.24,S433 AI Gold Star 123 (Coppock),
2026-05-26 20:50:00,2026-05-26 22:55:00,SELL,4515.93,4525.87,4486.11,4506.48,FLIP,9.25,S433 AI Gold Star 123 (Coppock),
2026-05-26 22:55:00,2026-05-26 23:45:00,BUY,4506.48,4500.04,4525.79,4503.36,FLIP,-3.32,S433 AI Gold Star 123 (Coppock),
2026-05-26 23:45:00,2026-05-26 23:50:00,SELL,4503.36,4508.61,4487.61,4505.15,FLIP,-1.99,S433 AI Gold Star 123 (Coppock),
2026-05-26 23:50:00,2026-05-27 00:30:00,BUY,4505.15,4499.86,4521.02,4499.86,SL,-5.49,S433 AI Gold Star 123 (Coppock),
2026-05-27 01:20:00,2026-05-27 02:40:00,BUY,4492.38,4485.75,4512.28,4504.92,FLIP,12.34,S433 AI Gold Star 123 (Coppock),
2026-05-27 02:40:00,2026-05-27 02:45:00,SELL,4504.92,4508.45,4494.34,4507.38,FLIP,-2.66,S433 AI Gold Star 123 (Coppock),
2026-05-27 02:45:00,2026-05-27 02:50:00,BUY,4507.38,4503.67,4518.5,4506.25,FLIP,-1.33,S433 AI Gold Star 123 (Coppock),
2026-05-27 02:50:00,2026-05-27 02:55:00,SELL,4506.25,4510.02,4494.94,4508.96,FLIP,-2.91,S433 AI Gold Star 123 (Coppock),
2026-05-27 02:55:00,2026-05-27 03:00:00,BUY,4508.96,4504.98,4520.89,4507.52,FLIP,-1.64,S433 AI Gold Star 123 (Coppock),
2026-05-27 03:00:00,2026-05-27 05:00:00,SELL,4507.52,4511.61,4495.25,4511.61,SL,-4.29,S433 AI Gold Star 123 (Coppock),
2026-05-27 05:50:00,2026-05-27 07:10:00,BUY,4507.02,4497.32,4536.13,4522.11,FLIP,14.89,S433 AI Gold Star 123 (Coppock),
2026-05-27 07:10:00,2026-05-27 08:20:00,SELL,4522.11,4529.34,4500.42,4519.11,FLIP,2.8,S433 AI Gold Star 123 (Coppock),
2026-05-27 08:20:00,2026-05-27 08:25:00,BUY,4519.11,4513.12,4537.08,4515.86,FLIP,-3.45,S433 AI Gold Star 123 (Coppock),
2026-05-27 08:25:00,2026-05-27 08:30:00,SELL,4515.86,4522.13,4497.05,4515.13,FLIP,0.53,S433 AI Gold Star 123 (Coppock),
2026-05-27 08:30:00,2026-05-27 08:35:00,BUY,4515.13,4509.1,4533.22,4511.99,FLIP,-3.34,S433 AI Gold Star 123 (Coppock),
2026-05-27 08:35:00,2026-05-27 09:25:00,SELL,4511.99,4518.05,4493.8,4505.52,FLIP,6.27,S433 AI Gold Star 123 (Coppock),
2026-05-27 09:25:00,2026-05-27 09:35:00,BUY,4505.52,4499.35,4524.04,4500.32,FLIP,-5.4,S433 AI Gold Star 123 (Coppock),
2026-05-27 09:35:00,2026-05-27 09:45:00,SELL,4500.32,4506.24,4482.55,4501.7,FLIP,-1.58,S433 AI Gold Star 123 (Coppock),
2026-05-27 09:45:00,2026-05-27 10:35:00,BUY,4501.7,4495.9,4519.11,4502.97,FLIP,1.07,S433 AI Gold Star 123 (Coppock),
2026-05-27 10:35:00,2026-05-27 11:30:00,SELL,4502.97,4508.07,4487.68,4501.34,FLIP,1.43,S433 AI Gold Star 123 (Coppock),
2026-05-27 11:30:00,2026-05-27 11:45:00,BUY,4501.34,4496.66,4515.39,4515.39,TP,13.85,S433 AI Gold Star 123 (Coppock),
2026-05-27 12:15:00,2026-05-27 13:15:00,SELL,4505.59,4511.56,4487.69,4487.69,TP,17.7,S433 AI Gold Star 123 (Coppock),
2026-05-27 13:40:00,2026-05-27 14:45:00,BUY,4487.7,4478.7,4514.69,4478.7,SL,-9.2,S433 AI Gold Star 123 (Coppock),
2026-05-27 14:50:00,2026-05-27 15:00:00,SELL,4479.32,4485.72,4460.12,4486.37,FLIP,-7.25,S433 AI Gold Star 123 (Coppock),
2026-05-27 15:00:00,2026-05-27 16:05:00,BUY,4486.37,4479.37,4507.37,4489.44,FLIP,2.87,S433 AI Gold Star 123 (Coppock),
2026-05-27 16:05:00,2026-05-27 17:35:00,SELL,4489.44,4495.87,4470.14,4470.14,TP,19.1,S433 AI Gold Star 123 (Coppock),
2026-05-27 18:30:00,2026-05-27 19:55:00,BUY,4436.93,4424.2,4475.12,4438.92,FLIP,1.79,S433 AI Gold Star 123 (Coppock),
2026-05-27 19:55:00,2026-05-27 20:50:00,SELL,4438.92,4454.23,4392.99,4425.33,FLIP,13.39,S433 AI Gold Star 123 (Coppock),
2026-05-27 20:50:00,2026-05-27 21:45:00,BUY,4425.33,4407.68,4478.28,4438.59,FLIP,13.06,S433 AI Gold Star 123 (Coppock),
2026-05-27 21:45:00,2026-05-27 23:40:00,SELL,4438.59,4452.1,4398.07,4452.1,SL,-13.71,S433 AI Gold Star 123 (Coppock),
2026-05-28 00:05:00,2026-05-28 00:25:00,SELL,4443.15,4449.17,4425.09,4449.17,SL,-6.22,S433 AI Gold Star 123 (Coppock),
2026-05-28 01:15:00,2026-05-28 01:35:00,BUY,4452.52,4447.82,4466.63,4453.13,FLIP,0.41,S433 AI Gold Star 123 (Coppock),
2026-05-28 01:35:00,2026-05-28 01:55:00,SELL,4453.13,4457.53,4439.92,4454.42,FLIP,-1.49,S433 AI Gold Star 123 (Coppock),
2026-05-28 01:55:00,2026-05-28 02:00:00,BUY,4454.42,4450.46,4466.29,4452.18,FLIP,-2.44,S433 AI Gold Star 123 (Coppock),
2026-05-28 02:00:00,2026-05-28 03:15:00,SELL,4452.18,4456.11,4440.39,4456.11,SL,-4.13,S433 AI Gold Star 123 (Coppock),
2026-05-28 05:10:00,2026-05-28 05:15:00,SELL,4457.92,4462.62,4443.81,4459.55,FLIP,-1.83,S433 AI Gold Star 123 (Coppock),
2026-05-28 05:15:00,2026-05-28 05:30:00,BUY,4459.55,4454.61,4474.37,4457.28,FLIP,-2.47,S433 AI Gold Star 123 (Coppock),
2026-05-28 05:30:00,2026-05-28 05:35:00,SELL,4457.28,4462.47,4441.71,4461.39,FLIP,-4.31,S433 AI Gold Star 123 (Coppock),
2026-05-28 05:35:00,2026-05-28 05:40:00,BUY,4461.39,4455.94,4477.75,4458.55,FLIP,-3.04,S433 AI Gold Star 123 (Coppock),
2026-05-28 05:40:00,2026-05-28 08:10:00,SELL,4458.55,4464.34,4441.19,4441.19,TP,17.16,S433 AI Gold Star 123 (Coppock),
2026-05-28 09:15:00,2026-05-28 10:00:00,BUY,4404.25,4392.28,4440.15,4392.28,SL,-12.17,S433 AI Gold Star 123 (Coppock),
2026-05-28 10:15:00,2026-05-28 10:55:00,SELL,4384.58,4394.01,4356.28,4374.83,FLIP,9.55,S433 AI Gold Star 123 (Coppock),
2026-05-28 10:55:00,2026-05-28 11:15:00,BUY,4374.83,4365.07,4404.1,4369.3,FLIP,-5.73,S433 AI Gold Star 123 (Coppock),
2026-05-28 11:15:00,2026-05-28 11:20:00,SELL,4369.3,4379.96,4337.31,4371.48,FLIP,-2.38,S433 AI Gold Star 123 (Coppock),
2026-05-28 11:20:00,2026-05-28 13:05:00,BUY,4371.48,4360.72,4403.74,4379.71,FLIP,8.03,S433 AI Gold Star 123 (Coppock),
2026-05-28 13:05:00,2026-05-28 14:00:00,SELL,4379.71,4388.68,4352.79,4387.51,FLIP,-8.0,S433 AI Gold Star 123 (Coppock),
2026-05-28 14:00:00,2026-05-28 17:50:00,BUY,4387.51,4379.35,4411.98,4379.35,SL,-8.36,S433 AI Gold Star 123 (Coppock),
2026-05-28 18:30:00,2026-05-28 19:50:00,BUY,4386.67,4378.07,4412.46,4412.46,TP,25.59,S433 AI Gold Star 123 (Coppock),
2026-05-28 20:30:00,2026-05-28 20:50:00,SELL,4418.71,4432.09,4378.57,4432.09,SL,-13.58,S433 AI Gold Star 123 (Coppock),
2026-05-28 21:10:00,2026-05-28 22:05:00,BUY,4464.23,4447.79,4513.55,4473.45,FLIP,9.02,S433 AI Gold Star 123 (Coppock),
2026-05-28 22:05:00,2026-05-28 23:15:00,SELL,4473.45,4493.5,4413.3,4497.15,FLIP,-23.9,S433 AI Gold Star 123 (Coppock),
2026-05-28 23:15:00,2026-05-29 00:10:00,BUY,4497.15,4489.1,4521.3,4503.92,FLIP,6.57,S433 AI Gold Star 123 (Coppock),
2026-05-29 00:10:00,2026-05-29 01:00:00,SELL,4503.92,4512.43,4478.39,4512.43,SL,-8.71,S433 AI Gold Star 123 (Coppock),
2026-05-29 01:20:00,2026-05-29 01:25:00,BUY,4508.2,4502.24,4526.08,4506.37,FLIP,-2.03,S433 AI Gold Star 123 (Coppock),
2026-05-29 01:25:00,2026-05-29 02:20:00,SELL,4506.37,4512.27,4488.66,4502.5,FLIP,3.67,S433 AI Gold Star 123 (Coppock),
2026-05-29 02:20:00,2026-05-29 02:55:00,BUY,4502.5,4497.32,4518.03,4497.32,SL,-5.38,S433 AI Gold Star 123 (Coppock),
2026-05-29 03:05:00,2026-05-29 05:05:00,BUY,4496.23,4492.42,4507.65,4492.42,SL,-4.01,S433 AI Gold Star 123 (Coppock),
2026-05-29 08:25:00,2026-05-29 08:40:00,SELL,4505.47,4514.31,4478.95,4506.43,FLIP,-1.16,S433 AI Gold Star 123 (Coppock),
2026-05-29 08:40:00,2026-05-29 08:45:00,BUY,4506.43,4497.8,4532.32,4502.05,FLIP,-4.58,S433 AI Gold Star 123 (Coppock),
2026-05-29 08:45:00,2026-05-29 09:00:00,SELL,4502.05,4510.9,4475.5,4510.9,SL,-9.05,S433 AI Gold Star 123 (Coppock),
2026-05-29 10:40:00,2026-05-29 11:55:00,BUY,4498.29,4493.42,4512.89,4512.89,TP,14.4,S433 AI Gold Star 123 (Coppock),
2026-05-29 12:00:00,2026-05-29 12:50:00,SELL,4509.73,4514.67,4494.92,4514.99,FLIP,-5.46,S433 AI Gold Star 123 (Coppock),
2026-05-29 12:50:00,2026-05-29 13:05:00,BUY,4514.99,4508.77,4533.64,4514.38,FLIP,-0.81,S433 AI Gold Star 123 (Coppock),
2026-05-29 13:05:00,2026-05-29 13:10:00,SELL,4514.38,4521.46,4493.14,4515.8,FLIP,-1.62,S433 AI Gold Star 123 (Coppock),
2026-05-29 13:10:00,2026-05-29 14:00:00,BUY,4515.8,4508.8,4536.8,4519.47,FLIP,3.47,S433 AI Gold Star 123 (Coppock),
2026-05-29 14:00:00,2026-05-29 14:35:00,SELL,4519.47,4527.62,4495.02,4522.55,FLIP,-3.28,S433 AI Gold Star 123 (Coppock),
2026-05-29 14:35:00,2026-05-29 15:00:00,BUY,4522.55,4515.7,4543.1,4519.19,FLIP,-3.56,S433 AI Gold Star 123 (Coppock),
2026-05-29 15:00:00,2026-05-29 16:10:00,SELL,4519.19,4525.35,4500.7,4525.35,SL,-6.36,S433 AI Gold Star 123 (Coppock),
2026-05-29 17:00:00,2026-05-29 17:30:00,SELL,4525.99,4534.3,4501.07,4538.83,FLIP,-13.04,S433 AI Gold Star 123 (Coppock),
2026-05-29 17:30:00,2026-05-29 17:40:00,BUY,4538.83,4531.23,4561.64,4537.96,FLIP,-1.07,S433 AI Gold Star 123 (Coppock),
2026-05-29 17:40:00,2026-05-29 17:55:00,SELL,4537.96,4545.03,4516.74,4538.52,FLIP,-0.76,S433 AI Gold Star 123 (Coppock),
2026-05-29 17:55:00,2026-05-29 18:05:00,BUY,4538.52,4531.8,4558.69,4532.53,FLIP,-6.19,S433 AI Gold Star 123 (Coppock),
2026-05-29 18:05:00,2026-05-29 18:10:00,SELL,4532.53,4539.02,4513.07,4532.37,FLIP,-0.04,S433 AI Gold Star 123 (Coppock),
2026-05-29 18:10:00,2026-05-29 18:15:00,BUY,4532.37,4526.23,4550.78,4531.66,FLIP,-0.91,S433 AI Gold Star 123 (Coppock),
2026-05-29 18:15:00,2026-05-29 18:55:00,SELL,4531.66,4537.85,4513.08,4538.43,FLIP,-6.97,S433 AI Gold Star 123 (Coppock),
2026-05-29 18:55:00,2026-05-29 19:00:00,BUY,4538.43,4532.45,4556.37,4529.43,FLIP,-9.2,S433 AI Gold Star 123 (Coppock),
2026-05-29 19:00:00,2026-05-29 19:55:00,SELL,4529.43,4536.27,4508.92,4522.98,FLIP,6.25,S433 AI Gold Star 123 (Coppock),
2026-05-29 19:55:00,2026-05-29 21:05:00,BUY,4522.98,4513.94,4550.09,4550.09,TP,26.91,S433 AI Gold Star 123 (Coppock),
2026-05-29 21:15:00,2026-05-29 21:50:00,SELL,4537.74,4548.06,4506.78,4556.93,FLIP,-19.39,S433 AI Gold Star 123 (Coppock),
2026-05-29 21:50:00,2026-05-29 22:40:00,BUY,4556.93,4542.69,4599.65,4566.62,FLIP,9.49,S433 AI Gold Star 123 (Coppock),
2026-05-29 22:40:00,2026-05-30 03:40:00,SELL,4566.62,4582.74,4518.26,4543.8,FLIP,22.62,S433 AI Gold Star 123 (Coppock),
2026-05-30 03:40:00,2026-05-30 03:55:00,BUY,4543.8,4539.32,4557.24,4539.32,SL,-4.68,S433 AI Gold Star 123 (Coppock),
2026-06-01 05:05:00,2026-06-01 05:10:00,SELL,4525.36,4531.54,4506.83,4531.54,SL,-6.38,S433 AI Gold Star 123 (Coppock),
2026-06-01 05:15:00,2026-06-01 05:20:00,BUY,4535.91,4529.03,4556.56,4532.72,FLIP,-3.39,S433 AI Gold Star 123 (Coppock),
2026-06-01 05:20:00,2026-06-01 05:30:00,SELL,4532.72,4539.88,4511.25,4535.61,FLIP,-3.09,S433 AI Gold Star 123 (Coppock),
2026-06-01 05:30:00,2026-06-01 05:35:00,BUY,4535.61,4528.5,4556.94,4532.0,FLIP,-3.81,S433 AI Gold Star 123 (Coppock),
2026-06-01 05:35:00,2026-06-01 05:40:00,SELL,4532.0,4539.39,4509.82,4535.56,FLIP,-3.76,S433 AI Gold Star 123 (Coppock),
2026-06-01 05:40:00,2026-06-01 08:05:00,BUY,4535.56,4527.97,4558.34,4527.97,SL,-7.79,S433 AI Gold Star 123 (Coppock),
2026-06-01 08:30:00,2026-06-01 08:35:00,BUY,4532.84,4524.06,4559.19,4529.76,FLIP,-3.28,S433 AI Gold Star 123 (Coppock),
2026-06-01 08:35:00,2026-06-01 08:40:00,SELL,4529.76,4538.61,4503.22,4533.23,FLIP,-3.67,S433 AI Gold Star 123 (Coppock),
2026-06-01 08:40:00,2026-06-01 08:45:00,BUY,4533.23,4524.79,4558.56,4528.61,FLIP,-4.82,S433 AI Gold Star 123 (Coppock),
2026-06-01 08:45:00,2026-06-01 08:50:00,SELL,4528.61,4537.35,4502.4,4530.09,FLIP,-1.68,S433 AI Gold Star 123 (Coppock),
2026-06-01 08:50:00,2026-06-01 08:55:00,BUY,4530.09,4521.2,4556.75,4525.52,FLIP,-4.77,S433 AI Gold Star 123 (Coppock),
2026-06-01 08:55:00,2026-06-01 09:00:00,SELL,4525.52,4534.46,4498.71,4525.18,FLIP,0.14,S433 AI Gold Star 123 (Coppock),
2026-06-01 09:00:00,2026-06-01 09:40:00,BUY,4525.18,4516.36,4551.63,4522.84,FLIP,-2.54,S433 AI Gold Star 123 (Coppock),
2026-06-01 09:40:00,2026-06-01 10:30:00,SELL,4522.84,4530.01,4501.33,4521.45,FLIP,1.19,S433 AI Gold Star 123 (Coppock),
2026-06-01 10:30:00,2026-06-01 10:35:00,BUY,4521.45,4515.22,4540.15,4515.68,FLIP,-5.97,S433 AI Gold Star 123 (Coppock),
2026-06-01 10:35:00,2026-06-01 10:50:00,SELL,4515.68,4522.45,4495.37,4513.17,FLIP,2.31,S433 AI Gold Star 123 (Coppock),
2026-06-01 10:50:00,2026-06-01 11:45:00,BUY,4513.17,4506.94,4531.85,4510.57,FLIP,-2.8,S433 AI Gold Star 123 (Coppock),
2026-06-01 11:45:00,2026-06-01 11:50:00,SELL,4510.57,4515.57,4495.56,4514.18,FLIP,-3.81,S433 AI Gold Star 123 (Coppock),
2026-06-01 11:50:00,2026-06-01 12:30:00,BUY,4514.18,4509.29,4528.85,4513.85,FLIP,-0.53,S433 AI Gold Star 123 (Coppock),
2026-06-01 12:30:00,2026-06-01 12:35:00,SELL,4513.85,4519.38,4497.25,4520.2,FLIP,-6.55,S433 AI Gold Star 123 (Coppock),
2026-06-01 12:35:00,2026-06-01 13:10:00,BUY,4520.2,4514.02,4538.74,4514.02,SL,-6.38,S433 AI Gold Star 123 (Coppock),
2026-06-01 14:05:00,2026-06-01 14:40:00,BUY,4506.47,4498.69,4529.81,4498.22,FLIP,-8.45,S433 AI Gold Star 123 (Coppock),
2026-06-01 14:40:00,2026-06-01 14:55:00,SELL,4498.22,4504.9,4478.19,4503.11,FLIP,-5.09,S433 AI Gold Star 123 (Coppock),
2026-06-01 14:55:00,2026-06-01 15:00:00,BUY,4503.11,4496.01,4524.42,4495.73,FLIP,-7.58,S433 AI Gold Star 123 (Coppock),
2026-06-01 15:00:00,2026-06-01 15:30:00,SELL,4495.73,4503.32,4472.95,4495.75,FLIP,-0.22,S433 AI Gold Star 123 (Coppock),
2026-06-01 15:30:00,2026-06-01 20:10:00,BUY,4495.75,4487.84,4519.48,4487.84,SL,-8.11,S433 AI Gold Star 123 (Coppock),
2026-06-01 21:05:00,2026-06-01 23:05:00,BUY,4460.39,4443.39,4511.4,4468.74,FLIP,8.15,S433 AI Gold Star 123 (Coppock),
2026-06-01 23:05:00,2026-06-01 23:50:00,SELL,4468.74,4477.19,4443.39,4477.19,SL,-8.65,S433 AI Gold Star 123 (Coppock),
2026-06-02 01:00:00,2026-06-02 01:15:00,SELL,4486.84,4493.73,4466.17,4489.18,FLIP,-2.54,S433 AI Gold Star 123 (Coppock),
2026-06-02 01:15:00,2026-06-02 01:20:00,BUY,4489.18,4483.05,4507.58,4489.09,FLIP,-0.29,S433 AI Gold Star 123 (Coppock),
2026-06-02 01:20:00,2026-06-02 07:30:00,SELL,4489.09,4495.08,4471.11,4495.08,SL,-6.19,S433 AI Gold Star 123 (Coppock),
2026-06-02 09:10:00,2026-06-02 11:05:00,BUY,4480.57,4468.83,4515.8,4502.19,FLIP,21.42,S433 AI Gold Star 123 (Coppock),
2026-06-02 11:05:00,2026-06-02 11:15:00,SELL,4502.19,4508.32,4483.81,4507.72,FLIP,-5.73,S433 AI Gold Star 123 (Coppock),
2026-06-02 11:15:00,2026-06-02 11:20:00,BUY,4507.72,4501.73,4525.69,4505.64,FLIP,-2.28,S433 AI Gold Star 123 (Coppock),
2026-06-02 11:20:00,2026-06-02 11:45:00,SELL,4505.64,4511.65,4487.62,4512.66,FLIP,-7.22,S433 AI Gold Star 123 (Coppock),
2026-06-02 11:45:00,2026-06-02 11:50:00,BUY,4512.66,4507.69,4527.56,4512.98,FLIP,0.12,S433 AI Gold Star 123 (Coppock),
2026-06-02 11:50:00,2026-06-02 11:55:00,SELL,4512.98,4517.89,4498.26,4517.48,FLIP,-4.7,S433 AI Gold Star 123 (Coppock),
2026-06-02 11:55:00,2026-06-02 12:05:00,BUY,4517.48,4512.41,4532.69,4516.01,FLIP,-1.67,S433 AI Gold Star 123 (Coppock),
2026-06-02 12:05:00,2026-06-02 12:25:00,SELL,4516.01,4521.21,4500.41,4521.21,SL,-5.4,S433 AI Gold Star 123 (Coppock),
2026-06-02 12:30:00,2026-06-02 12:40:00,BUY,4524.97,4519.57,4541.16,4524.51,FLIP,-0.66,S433 AI Gold Star 123 (Coppock),
2026-06-02 12:40:00,2026-06-02 13:20:00,SELL,4524.51,4530.22,4507.39,4529.48,FLIP,-5.17,S433 AI Gold Star 123 (Coppock),
2026-06-02 13:20:00,2026-06-02 14:20:00,BUY,4529.48,4522.09,4551.64,4536.88,FLIP,7.2,S433 AI Gold Star 123 (Coppock),
2026-06-02 14:20:00,2026-06-02 15:35:00,SELL,4536.88,4543.67,4516.52,4530.18,FLIP,6.5,S433 AI Gold Star 123 (Coppock),
2026-06-02 15:35:00,2026-06-02 15:40:00,BUY,4530.18,4524.91,4545.98,4528.84,FLIP,-1.54,S433 AI Gold Star 123 (Coppock),
2026-06-02 15:40:00,2026-06-02 15:45:00,SELL,4528.84,4534.01,4513.32,4529.56,FLIP,-0.92,S433 AI Gold Star 123 (Coppock),
2026-06-02 15:45:00,2026-06-02 15:50:00,BUY,4529.56,4524.38,4545.1,4527.89,FLIP,-1.87,S433 AI Gold Star 123 (Coppock),
2026-06-02 15:50:00,2026-06-02 16:10:00,SELL,4527.89,4532.89,4512.9,4533.92,FLIP,-6.23,S433 AI Gold Star 123 (Coppock),
2026-06-02 16:10:00,2026-06-02 16:20:00,BUY,4533.92,4529.05,4548.52,4529.29,FLIP,-4.83,S433 AI Gold Star 123 (Coppock),
2026-06-02 16:20:00,2026-06-02 16:45:00,SELL,4529.29,4534.41,4513.92,4526.32,FLIP,2.77,S433 AI Gold Star 123 (Coppock),
2026-06-02 16:45:00,2026-06-02 19:45:00,BUY,4526.32,4521.15,4541.83,4521.15,SL,-5.37,S433 AI Gold Star 123 (Coppock),
2026-06-02 21:30:00,2026-06-02 23:30:00,BUY,4499.4,4490.16,4527.13,4490.16,SL,-9.44,S433 AI Gold Star 123 (Coppock),
2026-06-02 23:55:00,2026-06-03 00:00:00,BUY,4491.96,4486.85,4507.28,4490.33,FLIP,-1.83,S433 AI Gold Star 123 (Coppock),
2026-06-03 00:00:00,2026-06-03 00:05:00,SELL,4490.33,4495.42,4475.06,4487.05,FLIP,3.08,S433 AI Gold Star 123 (Coppock),
2026-06-03 00:05:00,2026-06-03 01:40:00,BUY,4487.05,4481.71,4503.07,4480.53,FLIP,-6.72,S433 AI Gold Star 123 (Coppock),
2026-06-03 01:40:00,2026-06-03 01:45:00,SELL,4480.53,4485.6,4465.32,4486.65,FLIP,-6.32,S433 AI Gold Star 123 (Coppock),
2026-06-03 01:45:00,2026-06-03 06:05:00,BUY,4486.65,4481.61,4501.77,4481.61,SL,-5.24,S433 AI Gold Star 123 (Coppock),
2026-06-03 06:40:00,2026-06-03 06:45:00,BUY,4474.97,4465.91,4502.16,4472.05,FLIP,-3.12,S433 AI Gold Star 123 (Coppock),
2026-06-03 06:45:00,2026-06-03 06:50:00,SELL,4472.05,4481.58,4443.46,4473.94,FLIP,-2.09,S433 AI Gold Star 123 (Coppock),
2026-06-03 06:50:00,2026-06-03 07:55:00,BUY,4473.94,4464.23,4503.06,4486.12,FLIP,11.98,S433 AI Gold Star 123 (Coppock),
2026-06-03 07:55:00,2026-06-03 08:25:00,SELL,4486.12,4493.0,4465.49,4465.49,TP,20.43,S433 AI Gold Star 123 (Coppock),
2026-06-03 08:55:00,2026-06-03 12:20:00,BUY,4475.84,4466.72,4503.2,4468.7,FLIP,-7.34,S433 AI Gold Star 123 (Coppock),
2026-06-03 12:20:00,2026-06-03 12:25:00,SELL,4468.7,4473.97,4452.9,4468.45,FLIP,0.05,S433 AI Gold Star 123 (Coppock),
2026-06-03 12:25:00,2026-06-03 12:30:00,BUY,4468.45,4463.54,4483.18,4463.54,SL,-5.11,S433 AI Gold Star 123 (Coppock),
2026-06-03 12:55:00,2026-06-03 13:00:00,SELL,4457.02,4464.2,4435.48,4466.98,FLIP,-10.16,S433 AI Gold Star 123 (Coppock),
2026-06-03 13:00:00,2026-06-03 13:20:00,BUY,4466.98,4458.83,4491.42,4460.25,FLIP,-6.93,S433 AI Gold Star 123 (Coppock),
2026-06-03 13:20:00,2026-06-03 13:25:00,SELL,4460.25,4469.54,4432.39,4462.61,FLIP,-2.56,S433 AI Gold Star 123 (Coppock),
2026-06-03 13:25:00,2026-06-03 13:30:00,BUY,4462.61,4453.09,4491.16,4459.5,FLIP,-3.31,S433 AI Gold Star 123 (Coppock),
2026-06-03 13:30:00,2026-06-03 13:35:00,SELL,4459.5,4469.38,4429.86,4462.95,FLIP,-3.65,S433 AI Gold Star 123 (Coppock),
2026-06-03 13:35:00,2026-06-03 14:25:00,BUY,4462.95,4452.93,4493.01,4456.18,FLIP,-6.97,S433 AI Gold Star 123 (Coppock),
2026-06-03 14:25:00,2026-06-03 14:30:00,SELL,4456.18,4464.66,4430.74,4461.51,FLIP,-5.53,S433 AI Gold Star 123 (Coppock),
2026-06-03 14:30:00,2026-06-03 14:35:00,BUY,4461.51,4453.41,4485.81,4458.42,FLIP,-3.29,S433 AI Gold Star 123 (Coppock),
2026-06-03 14:35:00,2026-06-03 14:40:00,SELL,4458.42,4466.61,4433.84,4458.86,FLIP,-0.64,S433 AI Gold Star 123 (Coppock),
2026-06-03 14:40:00,2026-06-03 14:45:00,BUY,4458.86,4450.86,4482.87,4458.94,FLIP,-0.12,S433 AI Gold Star 123 (Coppock),
2026-06-03 14:45:00,2026-06-03 15:25:00,SELL,4458.94,4466.89,4435.08,4457.28,FLIP,1.46,S433 AI Gold Star 123 (Coppock),
2026-06-03 15:25:00,2026-06-03 15:50:00,BUY,4457.28,4449.02,4482.07,4444.88,FLIP,-12.6,S433 AI Gold Star 123 (Coppock),
2026-06-03 15:50:00,2026-06-03 16:00:00,SELL,4444.88,4452.7,4421.42,4451.11,FLIP,-6.43,S433 AI Gold Star 123 (Coppock),
2026-06-03 16:00:00,2026-06-03 16:20:00,BUY,4451.11,4442.68,4476.39,4447.85,FLIP,-3.46,S433 AI Gold Star 123 (Coppock),
2026-06-03 16:20:00,2026-06-03 16:45:00,SELL,4447.85,4456.49,4421.93,4447.07,FLIP,0.58,S433 AI Gold Star 123 (Coppock),
2026-06-03 16:45:00,2026-06-03 16:55:00,BUY,4447.07,4437.65,4475.32,4443.19,FLIP,-4.08,S433 AI Gold Star 123 (Coppock),
2026-06-03 16:55:00,2026-06-03 17:00:00,SELL,4443.19,4452.68,4414.72,4448.0,FLIP,-5.01,S433 AI Gold Star 123 (Coppock),
2026-06-03 17:00:00,2026-06-03 20:40:00,BUY,4448.0,4439.06,4474.83,4439.06,SL,-9.14,S433 AI Gold Star 123 (Coppock),
2026-06-03 23:10:00,2026-06-04 02:35:00,BUY,4439.21,4432.0,4460.84,4447.9,FLIP,8.49,S433 AI Gold Star 123 (Coppock),
2026-06-04 02:35:00,2026-06-04 03:30:00,SELL,4447.9,4452.43,4434.31,4434.31,TP,13.39,S433 AI Gold Star 123 (Coppock),
2026-06-04 03:55:00,2026-06-04 05:15:00,BUY,4433.46,4429.18,4446.31,4427.59,FLIP,-6.07,S433 AI Gold Star 123 (Coppock),
2026-06-04 05:15:00,2026-06-04 05:20:00,SELL,4427.59,4433.72,4409.2,4430.24,FLIP,-2.85,S433 AI Gold Star 123 (Coppock),
2026-06-04 05:20:00,2026-06-04 05:55:00,BUY,4430.24,4423.76,4449.68,4449.68,TP,19.24,S433 AI Gold Star 123 (Coppock),
2026-06-04 06:40:00,2026-06-04 06:45:00,SELL,4453.66,4460.62,4432.79,4459.32,FLIP,-5.86,S433 AI Gold Star 123 (Coppock),
2026-06-04 06:45:00,2026-06-04 06:55:00,BUY,4459.32,4451.67,4482.26,4457.42,FLIP,-2.1,S433 AI Gold Star 123 (Coppock),
2026-06-04 06:55:00,2026-06-04 07:00:00,SELL,4457.42,4465.28,4433.85,4465.28,SL,-8.06,S433 AI Gold Star 123 (Coppock),
2026-06-04 08:05:00,2026-06-04 09:00:00,BUY,4459.55,4450.09,4487.92,4462.4,FLIP,2.65,S433 AI Gold Star 123 (Coppock),
2026-06-04 09:00:00,2026-06-04 09:45:00,SELL,4462.4,4473.37,4429.49,4470.35,FLIP,-8.15,S433 AI Gold Star 123 (Coppock),
2026-06-04 09:45:00,2026-06-04 10:35:00,BUY,4470.35,4460.93,4498.62,4465.15,FLIP,-5.4,S433 AI Gold Star 123 (Coppock),
2026-06-04 10:35:00,2026-06-04 11:15:00,SELL,4465.15,4472.15,4444.13,4472.15,SL,-7.21,S433 AI Gold Star 123 (Coppock),
2026-06-04 12:05:00,2026-06-04 18:20:00,SELL,4473.66,4480.02,4454.59,4480.02,SL,-6.56,S433 AI Gold Star 123 (Coppock),
2026-06-04 19:10:00,2026-06-04 19:50:00,SELL,4493.82,4506.01,4457.24,4506.01,SL,-12.39,S433 AI Gold Star 123 (Coppock),
2026-06-04 20:15:00,2026-06-04 20:45:00,BUY,4507.83,4499.09,4534.05,4510.09,FLIP,2.06,S433 AI Gold Star 123 (Coppock),
2026-06-04 20:45:00,2026-06-04 21:30:00,SELL,4510.09,4519.59,4481.6,4481.6,TP,28.29,S433 AI Gold Star 123 (Coppock),
2026-06-04 22:00:00,2026-06-05 03:00:00,BUY,4470.39,4459.19,4503.99,4479.73,FLIP,9.14,S433 AI Gold Star 123 (Coppock),
2026-06-05 03:00:00,2026-06-05 06:00:00,SELL,4479.73,4483.67,4467.92,4467.92,TP,11.61,S433 AI Gold Star 123 (Coppock),
2026-06-05 06:50:00,2026-06-05 06:55:00,BUY,4464.37,4457.91,4483.76,4461.81,FLIP,-2.76,S433 AI Gold Star 123 (Coppock),
2026-06-05 06:55:00,2026-06-05 07:00:00,SELL,4461.81,4468.25,4442.5,4462.24,FLIP,-0.63,S433 AI Gold Star 123 (Coppock),
2026-06-05 07:00:00,2026-06-05 07:10:00,BUY,4462.24,4455.78,4481.62,4455.27,FLIP,-7.17,S433 AI Gold Star 123 (Coppock),
2026-06-05 07:10:00,2026-06-05 07:25:00,SELL,4455.27,4462.07,4434.86,4457.48,FLIP,-2.41,S433 AI Gold Star 123 (Coppock),
2026-06-05 07:25:00,2026-06-05 08:20:00,BUY,4457.48,4450.37,4478.8,4455.34,FLIP,-2.34,S433 AI Gold Star 123 (Coppock),
2026-06-05 08:20:00,2026-06-05 08:25:00,SELL,4455.34,4464.89,4426.68,4458.62,FLIP,-3.48,S433 AI Gold Star 123 (Coppock),
2026-06-05 08:25:00,2026-06-05 08:30:00,BUY,4458.62,4448.56,4488.8,4454.03,FLIP,-4.79,S433 AI Gold Star 123 (Coppock),
2026-06-05 08:30:00,2026-06-05 09:20:00,SELL,4454.03,4464.18,4423.57,4453.09,FLIP,0.74,S433 AI Gold Star 123 (Coppock),
2026-06-05 09:20:00,2026-06-05 09:30:00,BUY,4453.09,4443.16,4482.88,4443.16,SL,-10.13,S433 AI Gold Star 123 (Coppock),
2026-06-05 10:00:00,2026-06-05 10:35:00,SELL,4438.5,4447.16,4412.51,4440.69,FLIP,-2.39,S433 AI Gold Star 123 (Coppock),
2026-06-05 10:35:00,2026-06-05 11:40:00,BUY,4440.69,4433.12,4463.39,4440.82,FLIP,-0.07,S433 AI Gold Star 123 (Coppock),
2026-06-05 11:40:00,2026-06-05 11:50:00,SELL,4440.82,4445.85,4425.72,4444.37,FLIP,-3.75,S433 AI Gold Star 123 (Coppock),
2026-06-05 11:50:00,2026-06-05 12:30:00,BUY,4444.37,4439.42,4459.22,4442.77,FLIP,-1.8,S433 AI Gold Star 123 (Coppock),
2026-06-05 12:30:00,2026-06-05 13:35:00,SELL,4442.77,4448.45,4425.74,4448.45,SL,-5.88,S433 AI Gold Star 123 (Coppock),
2026-06-05 14:35:00,2026-06-05 15:50:00,SELL,4462.04,4469.72,4439.0,4463.8,FLIP,-1.96,S433 AI Gold Star 123 (Coppock),
2026-06-05 15:50:00,2026-06-05 15:55:00,BUY,4463.8,4459.18,4477.67,4462.73,FLIP,-1.27,S433 AI Gold Star 123 (Coppock),
2026-06-05 15:55:00,2026-06-05 16:10:00,SELL,4462.73,4467.25,4449.16,4465.98,FLIP,-3.45,S433 AI Gold Star 123 (Coppock),
2026-06-05 16:10:00,2026-06-05 16:25:00,BUY,4465.98,4460.86,4481.35,4462.92,FLIP,-3.26,S433 AI Gold Star 123 (Coppock),
2026-06-05 16:25:00,2026-06-05 16:45:00,SELL,4462.92,4468.52,4446.11,4468.52,SL,-5.8,S433 AI Gold Star 123 (Coppock),
2026-06-05 20:45:00,2026-06-05 20:55:00,BUY,4383.72,4366.23,4436.18,4365.73,FLIP,-18.19,S433 AI Gold Star 123 (Coppock),
2026-06-05 20:55:00,2026-06-05 21:00:00,SELL,4365.73,4384.53,4309.33,4372.17,FLIP,-6.64,S433 AI Gold Star 123 (Coppock),
2026-06-05 21:00:00,2026-06-05 21:20:00,BUY,4372.17,4354.28,4425.84,4357.55,FLIP,-14.82,S433 AI Gold Star 123 (Coppock),
2026-06-05 21:20:00,2026-06-05 21:30:00,SELL,4357.55,4374.94,4305.38,4353.18,FLIP,4.17,S433 AI Gold Star 123 (Coppock),
2026-06-05 21:30:00,2026-06-05 21:35:00,BUY,4353.18,4335.0,4407.73,4348.55,FLIP,-4.83,S433 AI Gold Star 123 (Coppock),
2026-06-05 21:35:00,2026-06-05 21:40:00,SELL,4348.55,4366.29,4295.34,4349.24,FLIP,-0.89,S433 AI Gold Star 123 (Coppock),
2026-06-05 21:40:00,2026-06-05 22:35:00,BUY,4349.24,4332.06,4400.78,4340.24,FLIP,-9.2,S433 AI Gold Star 123 (Coppock),
2026-06-05 22:35:00,2026-06-05 23:25:00,SELL,4340.24,4354.19,4298.4,4329.69,FLIP,10.35,S433 AI Gold Star 123 (Coppock),
2026-06-05 23:25:00,2026-06-06 00:45:00,BUY,4329.69,4318.88,4362.13,4340.07,FLIP,10.18,S433 AI Gold Star 123 (Coppock),
2026-06-06 00:45:00,2026-06-06 01:55:00,SELL,4340.07,4349.36,4312.21,4322.34,FLIP,17.53,S433 AI Gold Star 123 (Coppock),
2026-06-06 01:55:00,2026-06-06 03:00:00,BUY,4322.34,4313.61,4348.52,4313.75,FLIP,-8.79,S433 AI Gold Star 123 (Coppock),
2026-06-06 03:00:00,2026-06-06 03:20:00,SELL,4313.75,4322.02,4288.95,4319.84,FLIP,-6.29,S433 AI Gold Star 123 (Coppock),
2026-06-06 03:20:00,2026-06-08 05:05:00,BUY,4319.84,4312.38,4342.21,4317.96,FLIP,-2.08,S433 AI Gold Star 123 (Coppock),
2026-06-08 05:05:00,2026-06-08 05:10:00,SELL,4317.96,4325.99,4293.88,4329.45,FLIP,-11.69,S433 AI Gold Star 123 (Coppock),
2026-06-08 05:10:00,2026-06-08 05:25:00,BUY,4329.45,4319.97,4357.89,4319.97,SL,-9.68,S433 AI Gold Star 123 (Coppock),
2026-06-08 07:30:00,2026-06-08 08:15:00,SELL,4349.11,4356.79,4326.08,4326.08,TP,22.83,S433 AI Gold Star 123 (Coppock),
2026-06-08 08:50:00,2026-06-08 09:30:00,BUY,4324.31,4310.0,4367.23,4310.0,SL,-14.51,S433 AI Gold Star 123 (Coppock),
2026-06-08 09:50:00,2026-06-08 10:20:00,SELL,4311.95,4322.45,4280.46,4310.6,FLIP,1.15,S433 AI Gold Star 123 (Coppock),
2026-06-08 10:20:00,2026-06-08 11:30:00,BUY,4310.6,4301.52,4337.85,4313.5,FLIP,2.7,S433 AI Gold Star 123 (Coppock),
2026-06-08 11:30:00,2026-06-08 12:30:00,SELL,4313.5,4320.23,4293.31,4293.31,TP,19.99,S433 AI Gold Star 123 (Coppock),
2026-06-08 13:00:00,2026-06-08 14:05:00,BUY,4303.62,4288.75,4348.23,4300.54,FLIP,-3.28,S433 AI Gold Star 123 (Coppock),
2026-06-08 14:05:00,2026-06-08 14:20:00,SELL,4300.54,4311.16,4268.69,4311.16,SL,-10.82,S433 AI Gold Star 123 (Coppock),
2026-06-08 16:25:00,2026-06-08 16:35:00,SELL,4279.85,4287.5,4256.9,4293.72,FLIP,-14.07,S433 AI Gold Star 123 (Coppock),
2026-06-08 16:35:00,2026-06-08 18:15:00,BUY,4293.72,4283.92,4323.13,4323.13,TP,29.21,S433 AI Gold Star 123 (Coppock),
2026-06-08 18:50:00,2026-06-08 18:55:00,SELL,4326.72,4337.57,4294.18,4331.27,FLIP,-4.75,S433 AI Gold Star 123 (Coppock),
2026-06-08 18:55:00,2026-06-08 19:05:00,BUY,4331.27,4320.24,4364.35,4330.59,FLIP,-0.88,S433 AI Gold Star 123 (Coppock),
2026-06-08 19:05:00,2026-06-08 20:20:00,SELL,4330.59,4342.07,4296.14,4331.8,FLIP,-1.41,S433 AI Gold Star 123 (Coppock),
2026-06-08 20:20:00,2026-06-08 20:45:00,BUY,4331.8,4321.9,4361.51,4332.53,FLIP,0.53,S433 AI Gold Star 123 (Coppock),
2026-06-08 20:45:00,2026-06-08 22:55:00,SELL,4332.53,4343.85,4298.57,4343.85,SL,-11.52,S433 AI Gold Star 123 (Coppock),
2026-06-08 23:05:00,2026-06-09 00:45:00,SELL,4339.79,4348.72,4313.0,4337.11,FLIP,2.48,S433 AI Gold Star 123 (Coppock),
2026-06-09 00:45:00,2026-06-09 01:35:00,BUY,4337.11,4330.56,4356.77,4337.21,FLIP,-0.1,S433 AI Gold Star 123 (Coppock),
2026-06-09 01:35:00,2026-06-09 02:45:00,SELL,4337.21,4342.68,4320.8,4327.2,FLIP,9.81,S433 AI Gold Star 123 (Coppock),
2026-06-09 02:45:00,2026-06-09 05:00:00,BUY,4327.2,4322.49,4341.32,4326.23,FLIP,-1.17,S433 AI Gold Star 123 (Coppock),
2026-06-09 05:00:00,2026-06-09 05:35:00,SELL,4326.23,4330.12,4314.56,4325.82,FLIP,0.21,S433 AI Gold Star 123 (Coppock),
2026-06-09 05:35:00,2026-06-09 06:25:00,BUY,4325.82,4322.29,4336.42,4322.29,SL,-3.73,S433 AI Gold Star 123 (Coppock),
2026-06-09 07:10:00,2026-06-09 07:30:00,BUY,4322.67,4316.39,4341.5,4316.39,SL,-6.48,S433 AI Gold Star 123 (Coppock),
2026-06-09 09:00:00,2026-06-09 10:05:00,SELL,4332.75,4341.86,4305.43,4338.35,FLIP,-5.8,S433 AI Gold Star 123 (Coppock),
2026-06-09 10:05:00,2026-06-09 10:20:00,BUY,4338.35,4330.69,4361.33,4334.89,FLIP,-3.66,S433 AI Gold Star 123 (Coppock),
2026-06-09 10:20:00,2026-06-09 10:25:00,SELL,4334.89,4342.46,4312.17,4336.8,FLIP,-2.11,S433 AI Gold Star 123 (Coppock),
2026-06-09 10:25:00,2026-06-09 10:30:00,BUY,4336.8,4329.37,4359.09,4333.79,FLIP,-3.21,S433 AI Gold Star 123 (Coppock),
2026-06-09 10:30:00,2026-06-09 10:45:00,SELL,4333.79,4341.28,4311.32,4341.28,SL,-7.69,S433 AI Gold Star 123 (Coppock),
2026-06-09 10:50:00,2026-06-09 10:55:00,BUY,4339.56,4332.68,4360.21,4336.68,FLIP,-3.08,S433 AI Gold Star 123 (Coppock),
2026-06-09 10:55:00,2026-06-09 12:30:00,SELL,4336.68,4343.82,4315.27,4343.82,SL,-7.34,S433 AI Gold Star 123 (Coppock),
2026-06-09 13:10:00,2026-06-09 14:20:00,SELL,4341.35,4348.89,4318.73,4330.1,FLIP,11.05,S433 AI Gold Star 123 (Coppock),
2026-06-09 14:20:00,2026-06-09 14:30:00,BUY,4330.1,4322.07,4354.2,4326.7,FLIP,-3.6,S433 AI Gold Star 123 (Coppock),
2026-06-09 14:30:00,2026-06-09 14:40:00,SELL,4326.7,4334.87,4302.2,4328.47,FLIP,-1.97,S433 AI Gold Star 123 (Coppock),
2026-06-09 14:40:00,2026-06-09 19:05:00,BUY,4328.47,4320.99,4350.92,4343.73,FLIP,15.06,S433 AI Gold Star 123 (Coppock),
2026-06-09 19:05:00,2026-06-09 19:15:00,SELL,4343.73,4348.3,4330.01,4342.93,FLIP,0.6,S433 AI Gold Star 123 (Coppock),
2026-06-09 19:15:00,2026-06-09 19:20:00,BUY,4342.93,4338.46,4356.35,4338.56,FLIP,-4.57,S433 AI Gold Star 123 (Coppock),
2026-06-09 19:20:00,2026-06-09 19:45:00,SELL,4338.56,4343.43,4323.95,4343.43,SL,-5.07,S433 AI Gold Star 123 (Coppock),
2026-06-09 20:45:00,2026-06-09 20:50:00,BUY,4352.08,4341.0,4385.32,4334.22,FLIP,-18.06,S433 AI Gold Star 123 (Coppock),
2026-06-09 20:50:00,2026-06-09 21:40:00,SELL,4334.22,4347.02,4295.82,4295.82,TP,38.2,S433 AI Gold Star 123 (Coppock),
2026-06-09 22:05:00,2026-06-09 22:20:00,BUY,4295.56,4278.42,4346.98,4285.52,FLIP,-10.24,S433 AI Gold Star 123 (Coppock),
2026-06-09 22:20:00,2026-06-09 22:25:00,SELL,4285.52,4302.55,4234.44,4278.82,FLIP,6.5,S433 AI Gold Star 123 (Coppock),
2026-06-09 22:25:00,2026-06-09 22:30:00,BUY,4278.82,4262.37,4328.17,4274.69,FLIP,-4.33,S433 AI Gold Star 123 (Coppock),
2026-06-09 22:30:00,2026-06-09 22:35:00,SELL,4274.69,4291.94,4222.93,4270.05,FLIP,4.44,S433 AI Gold Star 123 (Coppock),
2026-06-09 22:35:00,2026-06-09 23:05:00,BUY,4270.05,4252.39,4323.04,4263.7,FLIP,-6.55,S433 AI Gold Star 123 (Coppock),
2026-06-09 23:05:00,2026-06-09 23:20:00,SELL,4263.7,4279.31,4216.86,4262.06,FLIP,1.44,S433 AI Gold Star 123 (Coppock),
2026-06-09 23:20:00,2026-06-09 23:35:00,BUY,4262.06,4246.25,4309.5,4241.32,FLIP,-20.94,S433 AI Gold Star 123 (Coppock),
2026-06-09 23:35:00,2026-06-09 23:45:00,SELL,4241.32,4258.58,4189.53,4249.91,FLIP,-8.79,S433 AI Gold Star 123 (Coppock),
2026-06-09 23:45:00,2026-06-09 23:50:00,BUY,4249.91,4233.56,4298.97,4240.07,FLIP,-10.04,S433 AI Gold Star 123 (Coppock),
2026-06-09 23:50:00,2026-06-09 23:55:00,SELL,4240.07,4256.61,4190.46,4252.19,FLIP,-12.32,S433 AI Gold Star 123 (Coppock),
2026-06-09 23:55:00,2026-06-10 01:10:00,BUY,4252.19,4235.09,4303.5,4265.36,FLIP,12.97,S433 AI Gold Star 123 (Coppock),
2026-06-10 01:10:00,2026-06-10 01:20:00,SELL,4265.36,4274.22,4238.79,4273.52,FLIP,-8.36,S433 AI Gold Star 123 (Coppock),
2026-06-10 01:20:00,2026-06-10 01:25:00,BUY,4273.52,4264.43,4300.79,4270.96,FLIP,-2.76,S433 AI Gold Star 123 (Coppock),
2026-06-10 01:25:00,2026-06-10 05:45:00,SELL,4270.96,4279.89,4244.16,4244.16,TP,26.6,S433 AI Gold Star 123 (Coppock),
2026-06-10 06:00:00,2026-06-10 06:05:00,BUY,4246.36,4237.62,4272.59,4241.69,FLIP,-4.87,S433 AI Gold Star 123 (Coppock),
2026-06-10 06:05:00,2026-06-10 06:45:00,SELL,4241.69,4250.97,4213.86,4213.86,TP,27.63,S433 AI Gold Star 123 (Coppock),
2026-06-10 06:50:00,2026-06-10 07:30:00,BUY,4220.76,4208.98,4256.09,4206.51,FLIP,-14.45,S433 AI Gold Star 123 (Coppock),
2026-06-10 07:30:00,2026-06-10 07:35:00,SELL,4206.51,4218.04,4171.92,4207.83,FLIP,-1.52,S433 AI Gold Star 123 (Coppock),
2026-06-10 07:35:00,2026-06-10 07:40:00,BUY,4207.83,4195.99,4243.36,4204.36,FLIP,-3.67,S433 AI Gold Star 123 (Coppock),
2026-06-10 07:40:00,2026-06-10 07:50:00,SELL,4204.36,4216.35,4168.38,4207.48,FLIP,-3.32,S433 AI Gold Star 123 (Coppock),
2026-06-10 07:50:00,2026-06-10 08:00:00,BUY,4207.48,4195.3,4244.02,4194.69,FLIP,-12.99,S433 AI Gold Star 123 (Coppock),
2026-06-10 08:00:00,2026-06-10 08:15:00,SELL,4194.69,4208.95,4151.9,4213.29,FLIP,-18.8,S433 AI Gold Star 123 (Coppock),
2026-06-10 08:15:00,2026-06-10 08:20:00,BUY,4213.29,4196.74,4262.94,4200.99,FLIP,-12.5,S433 AI Gold Star 123 (Coppock),
2026-06-10 08:20:00,2026-06-10 08:25:00,SELL,4200.99,4218.1,4149.67,4201.8,FLIP,-1.01,S433 AI Gold Star 123 (Coppock),
2026-06-10 08:25:00,2026-06-10 08:40:00,BUY,4201.8,4184.98,4252.25,4187.32,FLIP,-14.68,S433 AI Gold Star 123 (Coppock),
2026-06-10 08:40:00,2026-06-10 08:45:00,SELL,4187.32,4205.18,4133.73,4192.91,FLIP,-5.79,S433 AI Gold Star 123 (Coppock),
2026-06-10 08:45:00,2026-06-10 08:50:00,BUY,4192.91,4174.94,4246.82,4192.05,FLIP,-1.06,S433 AI Gold Star 123 (Coppock),
2026-06-10 08:50:00,2026-06-10 08:55:00,SELL,4192.05,4210.27,4137.38,4188.75,FLIP,3.1,S433 AI Gold Star 123 (Coppock),
2026-06-10 08:55:00,2026-06-10 09:05:00,BUY,4188.75,4170.61,4243.16,4181.19,FLIP,-7.76,S433 AI Gold Star 123 (Coppock),
2026-06-10 09:05:00,2026-06-10 09:35:00,SELL,4181.19,4198.67,4128.75,4184.61,FLIP,-3.62,S433 AI Gold Star 123 (Coppock),
2026-06-10 09:35:00,2026-06-10 13:20:00,BUY,4184.61,4170.0,4228.45,4209.06,FLIP,24.25,S433 AI Gold Star 123 (Coppock),
2026-06-10 13:20:00,2026-06-10 15:00:00,SELL,4209.06,4220.05,4176.1,4176.1,TP,32.76,S433 AI Gold Star 123 (Coppock),
2026-06-10 15:25:00,2026-06-10 15:30:00,BUY,4172.23,4159.81,4209.48,4168.11,FLIP,-4.32,S433 AI Gold Star 123 (Coppock),
2026-06-10 15:30:00,2026-06-10 15:35:00,SELL,4168.11,4180.55,4130.78,4172.91,FLIP,-5.0,S433 AI Gold Star 123 (Coppock),
2026-06-10 15:35:00,2026-06-10 16:45:00,BUY,4172.91,4160.24,4210.93,4168.43,FLIP,-4.68,S433 AI Gold Star 123 (Coppock),
2026-06-10 16:45:00,2026-06-10 19:10:00,SELL,4168.43,4179.56,4135.03,4135.03,TP,33.2,S433 AI Gold Star 123 (Coppock),
2026-06-10 19:30:00,2026-06-10 19:55:00,BUY,4162.48,4148.11,4205.6,4148.11,SL,-14.57,S433 AI Gold Star 123 (Coppock),
2026-06-10 21:20:00,2026-06-10 22:15:00,SELL,4170.65,4188.23,4117.91,4117.91,TP,52.54,S433 AI Gold Star 123 (Coppock),
2026-06-10 22:25:00,2026-06-10 22:45:00,BUY,4127.73,4110.79,4178.56,4110.79,SL,-17.14,S433 AI Gold Star 123 (Coppock),
2026-06-10 23:40:00,2026-06-11 00:00:00,SELL,4122.32,4136.79,4078.91,4132.15,FLIP,-10.03,S433 AI Gold Star 123 (Coppock),
2026-06-11 00:00:00,2026-06-11 00:05:00,BUY,4132.15,4120.57,4166.9,4120.22,FLIP,-12.13,S433 AI Gold Star 123 (Coppock),
2026-06-11 00:05:00,2026-06-11 00:50:00,SELL,4120.22,4131.78,4085.53,4109.73,FLIP,10.29,S433 AI Gold Star 123 (Coppock),
2026-06-11 00:50:00,2026-06-11 01:40:00,BUY,4109.73,4098.36,4143.84,4104.96,FLIP,-4.97,S433 AI Gold Star 123 (Coppock),
2026-06-11 01:40:00,2026-06-11 01:45:00,SELL,4104.96,4113.77,4078.54,4104.4,FLIP,0.36,S433 AI Gold Star 123 (Coppock),
2026-06-11 01:45:00,2026-06-11 01:50:00,BUY,4104.4,4095.95,4129.75,4101.43,FLIP,-3.17,S433 AI Gold Star 123 (Coppock),
2026-06-11 01:50:00,2026-06-11 02:40:00,SELL,4101.43,4110.2,4075.12,4091.61,FLIP,9.62,S433 AI Gold Star 123 (Coppock),
2026-06-11 02:40:00,2026-06-11 02:55:00,BUY,4091.61,4083.68,4115.4,4083.68,SL,-8.13,S433 AI Gold Star 123 (Coppock),
2026-06-11 03:05:00,2026-06-11 03:10:00,SELL,4071.19,4080.29,4043.88,4072.13,FLIP,-1.14,S433 AI Gold Star 123 (Coppock),
2026-06-11 03:10:00,2026-06-11 03:45:00,BUY,4072.13,4063.25,4098.78,4067.93,FLIP,-4.4,S433 AI Gold Star 123 (Coppock),
2026-06-11 03:45:00,2026-06-11 03:55:00,SELL,4067.93,4075.88,4044.09,4070.07,FLIP,-2.34,S433 AI Gold Star 123 (Coppock),
2026-06-11 03:55:00,2026-06-11 05:00:00,BUY,4070.07,4063.09,4091.02,4062.82,FLIP,-7.45,S433 AI Gold Star 123 (Coppock),
2026-06-11 05:00:00,2026-06-11 05:20:00,SELL,4062.82,4070.44,4039.96,4039.96,TP,22.66,S433 AI Gold Star 123 (Coppock),
2026-06-11 05:35:00,2026-06-11 05:50:00,BUY,4065.44,4053.28,4101.91,4053.28,SL,-12.36,S433 AI Gold Star 123 (Coppock),
2026-06-11 06:05:00,2026-06-11 06:15:00,SELL,4040.56,4056.67,3992.24,4039.15,FLIP,1.21,S433 AI Gold Star 123 (Coppock),
2026-06-11 06:15:00,2026-06-11 06:45:00,BUY,4039.15,4021.83,4091.11,4050.17,FLIP,10.82,S433 AI Gold Star 123 (Coppock),
2026-06-11 06:45:00,2026-06-11 06:50:00,SELL,4050.17,4067.26,3998.9,4051.03,FLIP,-1.06,S433 AI Gold Star 123 (Coppock),
2026-06-11 06:50:00,2026-06-11 06:55:00,BUY,4051.03,4034.53,4100.54,4047.29,FLIP,-3.94,S433 AI Gold Star 123 (Coppock),
2026-06-11 06:55:00,2026-06-11 07:00:00,SELL,4047.29,4063.68,3998.12,4043.9,FLIP,3.19,S433 AI Gold Star 123 (Coppock),
2026-06-11 07:00:00,2026-06-11 07:35:00,BUY,4043.9,4026.82,4095.13,4063.42,FLIP,19.32,S433 AI Gold Star 123 (Coppock),
2026-06-11 07:35:00,2026-06-11 07:40:00,SELL,4063.42,4080.72,4011.52,4063.35,FLIP,-0.13,S433 AI Gold Star 123 (Coppock),
2026-06-11 07:40:00,2026-06-11 08:40:00,BUY,4063.35,4045.52,4116.84,4116.84,TP,53.29,S433 AI Gold Star 123 (Coppock),
2026-06-11 08:50:00,2026-06-11 09:40:00,SELL,4104.15,4119.12,4059.23,4059.23,TP,44.72,S433 AI Gold Star 123 (Coppock),
2026-06-11 10:00:00,2026-06-11 10:20:00,BUY,4075.08,4061.51,4115.79,4061.51,SL,-13.77,S433 AI Gold Star 123 (Coppock),
2026-06-11 14:45:00,2026-06-11 15:00:00,SELL,4103.25,4111.7,4077.91,4111.7,SL,-8.65,S433 AI Gold Star 123 (Coppock),
2026-06-11 15:05:00,2026-06-11 15:10:00,BUY,4111.76,4103.05,4137.88,4106.24,FLIP,-5.72,S433 AI Gold Star 123 (Coppock),
2026-06-11 15:10:00,2026-06-11 16:20:00,SELL,4106.24,4115.22,4079.31,4085.09,FLIP,20.95,S433 AI Gold Star 123 (Coppock),
2026-06-11 16:20:00,2026-06-11 16:25:00,BUY,4085.09,4077.87,4106.74,4079.48,FLIP,-5.81,S433 AI Gold Star 123 (Coppock),
2026-06-11 16:25:00,2026-06-11 16:30:00,SELL,4079.48,4086.77,4057.6,4080.74,FLIP,-1.46,S433 AI Gold Star 123 (Coppock),
2026-06-11 16:30:00,2026-06-11 19:10:00,BUY,4080.74,4073.45,4102.62,4073.45,SL,-7.49,S433 AI Gold Star 123 (Coppock),
2026-06-11 19:40:00,2026-06-11 21:05:00,BUY,4073.42,4060.54,4112.05,4060.54,SL,-13.08,S433 AI Gold Star 123 (Coppock),
2026-06-12 01:20:00,2026-06-12 02:10:00,SELL,4155.76,4180.21,4082.4,4188.29,FLIP,-32.73,S433 AI Gold Star 123 (Coppock),
2026-06-12 02:10:00,2026-06-12 02:55:00,BUY,4188.29,4173.85,4231.61,4208.95,FLIP,20.46,S433 AI Gold Star 123 (Coppock),
2026-06-12 02:55:00,2026-06-12 05:25:00,SELL,4208.95,4223.37,4165.68,4214.84,FLIP,-6.09,S433 AI Gold Star 123 (Coppock),
2026-06-12 05:25:00,2026-06-12 05:45:00,BUY,4214.84,4207.91,4235.63,4235.63,TP,20.59,S433 AI Gold Star 123 (Coppock),
2026-06-12 06:15:00,2026-06-12 07:15:00,SELL,4222.42,4235.22,4184.01,4216.44,FLIP,5.78,S433 AI Gold Star 123 (Coppock),
2026-06-12 07:15:00,2026-06-12 07:40:00,BUY,4216.44,4205.94,4247.95,4203.68,FLIP,-12.96,S433 AI Gold Star 123 (Coppock),
2026-06-12 07:40:00,2026-06-12 08:45:00,SELL,4203.68,4216.16,4166.25,4191.42,FLIP,12.06,S433 AI Gold Star 123 (Coppock),
2026-06-12 08:45:00,2026-06-12 09:55:00,BUY,4191.42,4176.53,4236.1,4191.63,FLIP,0.01,S433 AI Gold Star 123 (Coppock),
2026-06-12 09:55:00,2026-06-12 10:15:00,SELL,4191.63,4201.16,4163.03,4201.16,SL,-9.73,S433 AI Gold Star 123 (Coppock),
2026-06-12 12:30:00,2026-06-12 13:00:00,SELL,4180.21,4187.38,4158.69,4181.27,FLIP,-1.26,S433 AI Gold Star 123 (Coppock),
2026-06-12 13:00:00,2026-06-12 14:10:00,BUY,4181.27,4172.06,4208.9,4178.22,FLIP,-3.25,S433 AI Gold Star 123 (Coppock),
2026-06-12 14:10:00,2026-06-12 14:35:00,SELL,4178.22,4185.96,4155.01,4178.62,FLIP,-0.6,S433 AI Gold Star 123 (Coppock),
2026-06-12 14:35:00,2026-06-12 14:45:00,BUY,4178.62,4170.27,4203.66,4175.17,FLIP,-3.65,S433 AI Gold Star 123 (Coppock),
2026-06-12 14:45:00,2026-06-12 14:55:00,SELL,4175.17,4183.83,4149.18,4194.16,FLIP,-19.19,S433 AI Gold Star 123 (Coppock),
2026-06-12 14:55:00,2026-06-12 15:50:00,BUY,4194.16,4184.06,4224.46,4221.7,FLIP,27.34,S433 AI Gold Star 123 (Coppock),
2026-06-12 15:50:00,2026-06-12 18:20:00,SELL,4221.7,4235.25,4181.05,4209.77,FLIP,11.73,S433 AI Gold Star 123 (Coppock),
2026-06-12 18:20:00,2026-06-12 18:25:00,BUY,4209.77,4201.36,4235.01,4202.49,FLIP,-7.48,S433 AI Gold Star 123 (Coppock),
2026-06-12 18:25:00,2026-06-12 18:35:00,SELL,4202.49,4211.02,4176.89,4202.41,FLIP,-0.12,S433 AI Gold Star 123 (Coppock),
2026-06-12 18:35:00,2026-06-12 19:35:00,BUY,4202.41,4194.97,4224.74,4194.97,SL,-7.64,S433 AI Gold Star 123 (Coppock),
2026-06-12 20:15:00,2026-06-12 20:40:00,BUY,4202.42,4192.3,4232.78,4192.3,SL,-10.32,S433 AI Gold Star 123 (Coppock),
2026-06-12 21:00:00,2026-06-12 21:40:00,BUY,4194.36,4180.5,4235.94,4184.54,FLIP,-10.02,S433 AI Gold Star 123 (Coppock),
2026-06-12 21:40:00,2026-06-12 21:50:00,SELL,4184.54,4200.61,4136.34,4207.61,FLIP,-23.27,S433 AI Gold Star 123 (Coppock),
2026-06-12 21:50:00,2026-06-12 22:45:00,BUY,4207.61,4191.57,4255.74,4207.76,FLIP,-0.05,S433 AI Gold Star 123 (Coppock),
2026-06-12 22:45:00,2026-06-12 23:10:00,SELL,4207.76,4224.11,4158.71,4224.11,SL,-16.55,S433 AI Gold Star 123 (Coppock),
2026-06-13 00:25:00,2026-06-13 00:30:00,SELL,4218.81,4226.84,4194.73,4220.08,FLIP,-1.47,S433 AI Gold Star 123 (Coppock),
2026-06-13 00:30:00,2026-06-13 01:00:00,BUY,4220.08,4212.13,4243.93,4219.76,FLIP,-0.52,S433 AI Gold Star 123 (Coppock),
2026-06-13 01:00:00,2026-06-13 01:10:00,SELL,4219.76,4226.89,4198.37,4227.08,FLIP,-7.52,S433 AI Gold Star 123 (Coppock),
2026-06-13 01:10:00,2026-06-13 01:35:00,BUY,4227.08,4219.77,4249.01,4226.42,FLIP,-0.86,S433 AI Gold Star 123 (Coppock),
2026-06-13 01:35:00,2026-06-13 01:40:00,SELL,4226.42,4232.96,4206.81,4229.33,FLIP,-3.11,S433 AI Gold Star 123 (Coppock),
2026-06-13 01:40:00,2026-06-13 01:45:00,BUY,4229.33,4223.05,4248.18,4222.88,FLIP,-6.65,S433 AI Gold Star 123 (Coppock),
2026-06-13 01:45:00,2026-06-13 02:35:00,SELL,4222.88,4229.48,4203.08,4203.08,TP,19.6,S433 AI Gold Star 123 (Coppock),
2026-06-13 02:55:00,2026-06-15 05:05:00,BUY,4210.78,4204.16,4230.65,4230.65,TP,19.67,S433 AI Gold Star 123 (Coppock),
2026-06-15 05:55:00,2026-06-15 06:50:00,SELL,4285.57,4304.28,4229.43,4293.15,FLIP,-7.78,S433 AI Gold Star 123 (Coppock),
2026-06-15 06:50:00,2026-06-15 07:40:00,BUY,4293.15,4286.86,4312.03,4297.68,FLIP,4.33,S433 AI Gold Star 123 (Coppock),
2026-06-15 07:40:00,2026-06-15 08:20:00,SELL,4297.68,4305.33,4274.73,4305.33,SL,-7.85,S433 AI Gold Star 123 (Coppock),
2026-06-15 08:30:00,2026-06-15 09:30:00,BUY,4312.52,4300.15,4349.64,4329.7,FLIP,16.98,S433 AI Gold Star 123 (Coppock),
2026-06-15 09:30:00,2026-06-15 11:05:00,SELL,4329.7,4338.71,4302.66,4324.17,FLIP,5.33,S433 AI Gold Star 123 (Coppock),
2026-06-15 11:05:00,2026-06-15 12:40:00,BUY,4324.17,4318.53,4341.08,4318.53,SL,-5.84,S433 AI Gold Star 123 (Coppock),
2026-06-15 13:30:00,2026-06-15 15:30:00,BUY,4306.34,4297.27,4333.54,4333.54,TP,27.0,S433 AI Gold Star 123 (Coppock),
2026-06-15 15:45:00,2026-06-15 18:30:00,SELL,4337.92,4346.56,4312.0,4346.56,SL,-8.84,S433 AI Gold Star 123 (Coppock),
2026-06-15 20:50:00,2026-06-15 21:05:00,SELL,4357.6,4366.5,4330.9,4366.5,SL,-9.1,S433 AI Gold Star 123 (Coppock),
2026-06-16 00:15:00,2026-06-16 00:35:00,BUY,4330.99,4323.88,4352.33,4323.88,SL,-7.31,S433 AI Gold Star 123 (Coppock),
2026-06-16 01:05:00,2026-06-16 01:10:00,SELL,4320.75,4327.26,4301.22,4324.25,FLIP,-3.7,S433 AI Gold Star 123 (Coppock),
2026-06-16 01:10:00,2026-06-16 02:05:00,BUY,4324.25,4317.93,4343.22,4322.12,FLIP,-2.33,S433 AI Gold Star 123 (Coppock),
2026-06-16 02:05:00,2026-06-16 02:10:00,SELL,4322.12,4327.01,4307.46,4322.57,FLIP,-0.65,S433 AI Gold Star 123 (Coppock),
2026-06-16 02:10:00,2026-06-16 02:20:00,BUY,4322.57,4318.17,4335.76,4323.4,FLIP,0.63,S433 AI Gold Star 123 (Coppock),
2026-06-16 02:20:00,2026-06-16 02:55:00,SELL,4323.4,4327.63,4310.7,4320.84,FLIP,2.36,S433 AI Gold Star 123 (Coppock),
2026-06-16 02:55:00,2026-06-16 03:00:00,BUY,4320.84,4316.71,4333.23,4319.59,FLIP,-1.45,S433 AI Gold Star 123 (Coppock),
2026-06-16 03:00:00,2026-06-16 03:50:00,SELL,4319.59,4323.77,4307.04,4307.04,TP,12.35,S433 AI Gold Star 123 (Coppock),
2026-06-16 05:00:00,2026-06-16 05:15:00,BUY,4312.82,4307.97,4327.36,4307.97,SL,-5.05,S433 AI Gold Star 123 (Coppock),
2026-06-16 08:40:00,2026-06-16 10:25:00,SELL,4315.05,4322.54,4292.58,4322.54,SL,-7.69,S433 AI Gold Star 123 (Coppock),
2026-06-16 11:05:00,2026-06-16 13:30:00,SELL,4328.35,4333.64,4312.49,4318.45,FLIP,9.7,S433 AI Gold Star 123 (Coppock),
2026-06-16 13:30:00,2026-06-16 14:45:00,BUY,4318.45,4311.52,4339.25,4327.95,FLIP,9.3,S433 AI Gold Star 123 (Coppock),
2026-06-16 14:45:00,2026-06-16 14:50:00,SELL,4327.95,4333.49,4311.33,4331.77,FLIP,-4.02,S433 AI Gold Star 123 (Coppock),
2026-06-16 14:50:00,2026-06-16 15:10:00,BUY,4331.77,4325.93,4349.3,4337.87,FLIP,5.9,S433 AI Gold Star 123 (Coppock),
2026-06-16 15:10:00,2026-06-16 15:15:00,SELL,4337.87,4343.63,4320.58,4339.05,FLIP,-1.38,S433 AI Gold Star 123 (Coppock),
2026-06-16 15:15:00,2026-06-16 15:20:00,BUY,4339.05,4333.13,4356.81,4338.07,FLIP,-1.18,S433 AI Gold Star 123 (Coppock),
2026-06-16 15:20:00,2026-06-16 15:25:00,SELL,4338.07,4343.96,4320.41,4341.19,FLIP,-3.32,S433 AI Gold Star 123 (Coppock),
2026-06-16 15:25:00,2026-06-16 15:45:00,BUY,4341.19,4334.96,4359.87,4342.68,FLIP,1.29,S433 AI Gold Star 123 (Coppock),
2026-06-16 15:45:00,2026-06-16 15:50:00,SELL,4342.68,4348.62,4324.86,4344.34,FLIP,-1.86,S433 AI Gold Star 123 (Coppock),
2026-06-16 15:50:00,2026-06-16 16:00:00,BUY,4344.34,4338.38,4362.23,4344.93,FLIP,0.39,S433 AI Gold Star 123 (Coppock),
2026-06-16 16:00:00,2026-06-16 17:10:00,SELL,4344.93,4350.76,4327.43,4346.03,FLIP,-1.3,S433 AI Gold Star 123 (Coppock),
2026-06-16 17:10:00,2026-06-16 17:15:00,BUY,4346.03,4341.06,4360.93,4344.45,FLIP,-1.78,S433 AI Gold Star 123 (Coppock),
2026-06-16 17:15:00,2026-06-16 17:20:00,SELL,4344.45,4349.2,4330.19,4346.02,FLIP,-1.77,S433 AI Gold Star 123 (Coppock),
2026-06-16 17:20:00,2026-06-16 17:25:00,BUY,4346.02,4341.25,4360.33,4344.29,FLIP,-1.93,S433 AI Gold Star 123 (Coppock),
2026-06-16 17:25:00,2026-06-16 17:35:00,SELL,4344.29,4348.94,4330.33,4345.15,FLIP,-1.06,S433 AI Gold Star 123 (Coppock),
2026-06-16 17:35:00,2026-06-16 17:45:00,BUY,4345.15,4340.5,4359.1,4346.73,FLIP,1.38,S433 AI Gold Star 123 (Coppock),
2026-06-16 17:45:00,2026-06-16 17:50:00,SELL,4346.73,4350.91,4334.18,4347.49,FLIP,-0.96,S433 AI Gold Star 123 (Coppock),
2026-06-16 17:50:00,2026-06-16 18:00:00,BUY,4347.49,4343.55,4359.32,4344.32,FLIP,-3.37,S433 AI Gold Star 123 (Coppock),
2026-06-16 18:00:00,2026-06-16 18:55:00,SELL,4344.32,4348.2,4332.67,4340.89,FLIP,3.23,S433 AI Gold Star 123 (Coppock),
2026-06-16 18:55:00,2026-06-16 20:20:00,BUY,4340.89,4335.4,4357.36,4335.4,SL,-5.69,S433 AI Gold Star 123 (Coppock),
2026-06-16 21:10:00,2026-06-16 21:15:00,BUY,4335.45,4327.32,4359.84,4323.13,FLIP,-12.52,S433 AI Gold Star 123 (Coppock),
2026-06-16 21:15:00,2026-06-16 21:35:00,SELL,4323.13,4332.08,4296.29,4324.84,FLIP,-1.91,S433 AI Gold Star 123 (Coppock),
2026-06-16 21:35:00,2026-06-16 23:45:00,BUY,4324.84,4315.16,4353.88,4343.67,FLIP,18.63,S433 AI Gold Star 123 (Coppock),
2026-06-16 23:45:00,2026-06-17 00:40:00,SELL,4343.67,4351.28,4320.85,4338.48,FLIP,4.99,S433 AI Gold Star 123 (Coppock),
2026-06-17 00:40:00,2026-06-17 00:45:00,BUY,4338.48,4332.49,4356.45,4337.31,FLIP,-1.37,S433 AI Gold Star 123 (Coppock),
2026-06-17 00:45:00,2026-06-17 03:35:00,SELL,4337.31,4343.09,4319.96,4334.43,FLIP,2.68,S433 AI Gold Star 123 (Coppock),
2026-06-17 03:35:00,2026-06-17 03:45:00,BUY,4334.43,4330.78,4345.37,4330.78,SL,-3.85,S433 AI Gold Star 123 (Coppock),
2026-06-17 08:20:00,2026-06-17 10:30:00,SELL,4340.92,4347.28,4321.85,4332.69,FLIP,8.03,S433 AI Gold Star 123 (Coppock),
2026-06-17 10:30:00,2026-06-17 10:35:00,BUY,4332.69,4327.43,4348.48,4330.71,FLIP,-2.18,S433 AI Gold Star 123 (Coppock),
2026-06-17 10:35:00,2026-06-17 10:40:00,SELL,4330.71,4336.11,4314.51,4333.28,FLIP,-2.77,S433 AI Gold Star 123 (Coppock),
2026-06-17 10:40:00,2026-06-17 11:20:00,BUY,4333.28,4327.99,4349.16,4327.99,SL,-5.49,S433 AI Gold Star 123 (Coppock),
2026-06-17 11:25:00,2026-06-17 11:55:00,SELL,4324.61,4328.98,4311.51,4326.82,FLIP,-2.41,S433 AI Gold Star 123 (Coppock),
2026-06-17 11:55:00,2026-06-17 12:00:00,BUY,4326.82,4321.27,4343.46,4325.64,FLIP,-1.38,S433 AI Gold Star 123 (Coppock),
2026-06-17 12:00:00,2026-06-17 12:15:00,SELL,4325.64,4331.21,4308.92,4326.13,FLIP,-0.69,S433 AI Gold Star 123 (Coppock),
2026-06-17 12:15:00,2026-06-17 13:05:00,BUY,4326.13,4320.07,4344.32,4327.64,FLIP,1.31,S433 AI Gold Star 123 (Coppock),
2026-06-17 13:05:00,2026-06-17 15:50:00,SELL,4327.64,4333.3,4310.65,4324.55,FLIP,2.89,S433 AI Gold Star 123 (Coppock),
2026-06-17 15:50:00,2026-06-17 17:00:00,BUY,4324.55,4319.06,4341.01,4328.64,FLIP,3.89,S433 AI Gold Star 123 (Coppock),
2026-06-17 17:00:00,2026-06-17 17:45:00,SELL,4328.64,4333.56,4313.89,4332.53,FLIP,-4.09,S433 AI Gold Star 123 (Coppock),
2026-06-17 17:45:00,2026-06-17 17:50:00,BUY,4332.53,4328.43,4344.82,4331.19,FLIP,-1.54,S433 AI Gold Star 123 (Coppock),
2026-06-17 17:50:00,2026-06-17 17:55:00,SELL,4331.19,4335.45,4318.42,4331.42,FLIP,-0.43,S433 AI Gold Star 123 (Coppock),
2026-06-17 17:55:00,2026-06-17 18:00:00,BUY,4331.42,4327.17,4344.16,4328.35,FLIP,-3.27,S433 AI Gold Star 123 (Coppock),
2026-06-17 18:00:00,2026-06-17 18:15:00,SELL,4328.35,4332.73,4315.22,4330.28,FLIP,-2.13,S433 AI Gold Star 123 (Coppock),
2026-06-17 18:15:00,2026-06-17 18:20:00,BUY,4330.28,4325.83,4343.63,4329.0,FLIP,-1.48,S433 AI Gold Star 123 (Coppock),
2026-06-17 18:20:00,2026-06-17 19:20:00,SELL,4329.0,4333.26,4316.22,4326.92,FLIP,1.88,S433 AI Gold Star 123 (Coppock),
2026-06-17 19:20:00,2026-06-17 20:40:00,BUY,4326.92,4321.98,4341.74,4341.74,TP,14.62,S433 AI Gold Star 123 (Coppock),
2026-06-17 20:50:00,2026-06-17 21:00:00,SELL,4340.37,4347.69,4318.42,4340.59,FLIP,-0.42,S433 AI Gold Star 123 (Coppock),
2026-06-17 21:00:00,2026-06-17 21:30:00,BUY,4340.59,4333.04,4363.24,4363.24,TP,22.45,S433 AI Gold Star 123 (Coppock),
2026-06-17 21:35:00,2026-06-17 22:40:00,SELL,4352.15,4361.92,4322.85,4358.16,FLIP,-6.21,S433 AI Gold Star 123 (Coppock),
2026-06-17 22:40:00,2026-06-17 23:25:00,BUY,4358.16,4347.41,4390.4,4365.03,FLIP,6.67,S433 AI Gold Star 123 (Coppock),
2026-06-17 23:25:00,2026-06-18 00:30:00,SELL,4365.03,4370.89,4347.44,4370.89,SL,-6.06,S433 AI Gold Star 123 (Coppock),
2026-06-18 01:00:00,2026-06-18 01:30:00,SELL,4316.77,4331.85,4271.53,4271.53,TP,45.04,S433 AI Gold Star 123 (Coppock),
2026-06-18 01:45:00,2026-06-18 01:50:00,BUY,4319.06,4284.37,4423.12,4311.17,FLIP,-8.09,S433 AI Gold Star 123 (Coppock),
2026-06-18 01:50:00,2026-06-18 01:55:00,SELL,4311.17,4346.58,4204.95,4286.11,FLIP,24.86,S433 AI Gold Star 123 (Coppock),
2026-06-18 01:55:00,2026-06-18 02:15:00,BUY,4286.11,4247.68,4401.4,4247.68,SL,-38.63,S433 AI Gold Star 123 (Coppock),
2026-06-18 02:25:00,2026-06-18 02:55:00,SELL,4227.45,4260.88,4127.15,4235.78,FLIP,-8.53,S433 AI Gold Star 123 (Coppock),
2026-06-18 02:55:00,2026-06-18 03:55:00,BUY,4235.78,4210.97,4310.2,4256.67,FLIP,20.69,S433 AI Gold Star 123 (Coppock),
2026-06-18 03:55:00,2026-06-18 05:15:00,SELL,4256.67,4268.41,4221.45,4268.41,SL,-11.94,S433 AI Gold Star 123 (Coppock),
2026-06-18 07:55:00,2026-06-18 08:00:00,SELL,4308.55,4318.63,4278.3,4321.5,FLIP,-13.15,S433 AI Gold Star 123 (Coppock),
2026-06-18 08:00:00,2026-06-18 08:10:00,BUY,4321.5,4309.65,4357.06,4322.91,FLIP,1.21,S433 AI Gold Star 123 (Coppock),
2026-06-18 08:10:00,2026-06-18 10:30:00,SELL,4322.91,4334.02,4289.58,4319.45,FLIP,3.26,S433 AI Gold Star 123 (Coppock),
2026-06-18 10:30:00,2026-06-18 11:15:00,BUY,4319.45,4312.36,4340.71,4315.37,FLIP,-4.28,S433 AI Gold Star 123 (Coppock),
2026-06-18 11:15:00,2026-06-18 12:15:00,SELL,4315.37,4321.37,4297.37,4321.37,SL,-6.2,S433 AI Gold Star 123 (Coppock),
2026-06-18 13:40:00,2026-06-18 14:30:00,BUY,4301.45,4292.45,4328.46,4298.23,FLIP,-3.42,S433 AI Gold Star 123 (Coppock),
2026-06-18 14:30:00,2026-06-18 15:30:00,SELL,4298.23,4305.27,4277.1,4285.51,FLIP,12.52,S433 AI Gold Star 123 (Coppock),
2026-06-18 15:30:00,2026-06-18 15:35:00,BUY,4285.51,4277.2,4310.45,4285.41,FLIP,-0.3,S433 AI Gold Star 123 (Coppock),
2026-06-18 15:35:00,2026-06-18 15:40:00,SELL,4285.41,4294.06,4259.46,4281.7,FLIP,3.51,S433 AI Gold Star 123 (Coppock),
2026-06-18 15:40:00,2026-06-18 15:55:00,BUY,4281.7,4273.79,4305.42,4266.77,FLIP,-15.13,S433 AI Gold Star 123 (Coppock),
2026-06-18 15:55:00,2026-06-18 16:15:00,SELL,4266.77,4275.47,4240.67,4272.33,FLIP,-5.76,S433 AI Gold Star 123 (Coppock),
2026-06-18 16:15:00,2026-06-18 16:25:00,BUY,4272.33,4263.17,4299.82,4266.27,FLIP,-6.26,S433 AI Gold Star 123 (Coppock),
2026-06-18 16:25:00,2026-06-18 16:35:00,SELL,4266.27,4275.27,4239.27,4267.37,FLIP,-1.3,S433 AI Gold Star 123 (Coppock),
2026-06-18 16:35:00,2026-06-18 17:40:00,BUY,4267.37,4258.2,4294.87,4264.28,FLIP,-3.29,S433 AI Gold Star 123 (Coppock),
2026-06-18 17:40:00,2026-06-18 18:10:00,SELL,4264.28,4271.67,4242.12,4242.12,TP,21.96,S433 AI Gold Star 123 (Coppock),
2026-06-18 18:50:00,2026-06-18 19:20:00,BUY,4242.26,4234.32,4266.08,4266.08,TP,23.62,S433 AI Gold Star 123 (Coppock),
2026-06-18 19:35:00,2026-06-18 19:45:00,SELL,4242.59,4252.84,4211.85,4244.66,FLIP,-2.27,S433 AI Gold Star 123 (Coppock),
2026-06-18 19:45:00,2026-06-18 19:50:00,BUY,4244.66,4233.85,4277.1,4244.1,FLIP,-0.76,S433 AI Gold Star 123 (Coppock),
2026-06-18 19:50:00,2026-06-18 19:55:00,SELL,4244.1,4255.02,4211.33,4246.65,FLIP,-2.75,S433 AI Gold Star 123 (Coppock),
2026-06-18 19:55:00,2026-06-18 20:05:00,BUY,4246.65,4235.5,4280.11,4251.87,FLIP,5.02,S433 AI Gold Star 123 (Coppock),
2026-06-18 20:05:00,2026-06-18 20:10:00,SELL,4251.87,4262.91,4218.75,4259.27,FLIP,-7.6,S433 AI Gold Star 123 (Coppock),
2026-06-18 20:10:00,2026-06-18 20:20:00,BUY,4259.27,4247.81,4293.64,4257.48,FLIP,-1.99,S433 AI Gold Star 123 (Coppock),
2026-06-18 20:20:00,2026-06-18 20:25:00,SELL,4257.48,4267.91,4226.19,4263.16,FLIP,-5.88,S433 AI Gold Star 123 (Coppock),
2026-06-18 20:25:00,2026-06-18 20:55:00,BUY,4263.16,4252.67,4294.63,4256.59,FLIP,-6.77,S433 AI Gold Star 123 (Coppock),
2026-06-18 20:55:00,2026-06-18 22:35:00,SELL,4256.59,4267.32,4224.41,4224.41,TP,31.98,S433 AI Gold Star 123 (Coppock),
2026-06-18 23:20:00,2026-06-19 02:05:00,BUY,4222.12,4211.68,4253.44,4211.68,SL,-10.64,S433 AI Gold Star 123 (Coppock),
2026-06-19 02:35:00,2026-06-19 05:00:00,BUY,4209.98,4202.88,4231.27,4202.88,SL,-7.3,S433 AI Gold Star 123 (Coppock),
2026-06-19 05:40:00,2026-06-19 06:00:00,BUY,4205.05,4200.37,4219.09,4200.37,SL,-4.88,S433 AI Gold Star 123 (Coppock),
2026-06-19 06:10:00,2026-06-19 07:20:00,SELL,4195.79,4201.45,4178.8,4187.91,FLIP,7.68,S433 AI Gold Star 123 (Coppock),
2026-06-19 07:20:00,2026-06-19 09:05:00,BUY,4187.91,4180.61,4209.8,4180.61,SL,-7.5,S433 AI Gold Star 123 (Coppock),
2026-06-19 10:25:00,2026-06-19 10:30:00,BUY,4167.34,4161.47,4184.95,4164.72,FLIP,-2.82,S433 AI Gold Star 123 (Coppock),
2026-06-19 10:30:00,2026-06-19 11:00:00,SELL,4164.72,4170.83,4146.38,4146.38,TP,18.14,S433 AI Gold Star 123 (Coppock),
2026-06-19 11:20:00,2026-06-19 11:30:00,BUY,4149.02,4140.97,4173.18,4143.23,FLIP,-5.99,S433 AI Gold Star 123 (Coppock),
2026-06-19 11:30:00,2026-06-19 12:10:00,SELL,4143.23,4151.57,4118.21,4130.38,FLIP,12.65,S433 AI Gold Star 123 (Coppock),
2026-06-19 12:10:00,2026-06-19 13:30:00,BUY,4130.38,4122.48,4154.07,4138.69,FLIP,8.11,S433 AI Gold Star 123 (Coppock),
2026-06-19 13:30:00,2026-06-19 13:55:00,SELL,4138.69,4147.83,4111.27,4147.83,SL,-9.34,S433 AI Gold Star 123 (Coppock),
2026-06-19 14:00:00,2026-06-19 14:40:00,BUY,4156.14,4146.31,4185.64,4153.97,FLIP,-2.37,S433 AI Gold Star 123 (Coppock),
2026-06-19 14:40:00,2026-06-19 14:55:00,SELL,4153.97,4162.09,4129.62,4162.09,SL,-8.32,S433 AI Gold Star 123 (Coppock),
2026-06-19 15:15:00,2026-06-19 15:45:00,BUY,4170.24,4162.84,4192.45,4167.92,FLIP,-2.52,S433 AI Gold Star 123 (Coppock),
2026-06-19 15:45:00,2026-06-19 16:55:00,SELL,4167.92,4175.87,4144.07,4162.93,FLIP,4.79,S433 AI Gold Star 123 (Coppock),
2026-06-19 16:55:00,2026-06-19 17:00:00,BUY,4162.93,4157.15,4180.28,4157.88,FLIP,-5.25,S433 AI Gold Star 123 (Coppock),
2026-06-19 17:00:00,2026-06-19 17:55:00,SELL,4157.88,4163.92,4139.75,4149.75,FLIP,7.93,S433 AI Gold Star 123 (Coppock),
2026-06-19 17:55:00,2026-06-19 18:00:00,BUY,4149.75,4143.71,4167.86,4148.37,FLIP,-1.58,S433 AI Gold Star 123 (Coppock),
2026-06-19 18:00:00,2026-06-19 18:10:00,SELL,4148.37,4154.69,4129.4,4146.78,FLIP,1.39,S433 AI Gold Star 123 (Coppock),
2026-06-19 18:10:00,2026-06-19 18:25:00,BUY,4146.78,4140.52,4165.57,4144.14,FLIP,-2.84,S433 AI Gold Star 123 (Coppock),
2026-06-19 18:25:00,2026-06-19 18:30:00,SELL,4144.14,4150.08,4126.33,4144.34,FLIP,-0.4,S433 AI Gold Star 123 (Coppock),
2026-06-19 18:30:00,2026-06-19 19:30:00,BUY,4144.34,4138.35,4162.31,4152.36,FLIP,7.82,S433 AI Gold Star 123 (Coppock),
2026-06-19 19:30:00,2026-06-19 19:50:00,SELL,4152.36,4159.02,4132.37,4173.04,FLIP,-20.88,S433 AI Gold Star 123 (Coppock),
2026-06-19 19:50:00,2026-06-19 20:15:00,BUY,4173.04,4163.82,4200.71,4164.46,FLIP,-8.78,S433 AI Gold Star 123 (Coppock),
2026-06-19 20:15:00,2026-06-19 20:20:00,SELL,4164.46,4177.68,4124.81,4166.14,FLIP,-1.88,S433 AI Gold Star 123 (Coppock),
2026-06-19 20:20:00,2026-06-19 20:25:00,BUY,4166.14,4152.93,4205.77,4163.99,FLIP,-2.35,S433 AI Gold Star 123 (Coppock),
2026-06-19 20:25:00,2026-06-19 21:35:00,SELL,4163.99,4177.27,4124.14,4148.08,FLIP,15.71,S433 AI Gold Star 123 (Coppock),
2026-06-19 21:35:00,2026-06-22 06:45:00,BUY,4148.08,4140.13,4171.94,4140.13,SL,-8.15,S433 AI Gold Star 123 (Coppock),
2026-06-22 07:10:00,2026-06-22 07:55:00,BUY,4161.12,4150.87,4191.88,4191.88,TP,30.56,S433 AI Gold Star 123 (Coppock),
2026-06-22 08:25:00,2026-06-22 09:35:00,SELL,4207.37,4219.74,4170.26,4196.31,FLIP,10.86,S433 AI Gold Star 123 (Coppock),
2026-06-22 09:35:00,2026-06-22 10:05:00,BUY,4196.31,4185.97,4227.32,4185.97,SL,-10.54,S433 AI Gold Star 123 (Coppock),
2026-06-22 10:10:00,2026-06-22 11:00:00,SELL,4178.39,4187.03,4152.46,4174.13,FLIP,4.06,S433 AI Gold Star 123 (Coppock),
2026-06-22 11:00:00,2026-06-22 12:30:00,BUY,4174.13,4167.29,4194.65,4194.65,TP,20.32,S433 AI Gold Star 123 (Coppock),
2026-06-22 12:55:00,2026-06-22 13:25:00,SELL,4193.82,4200.6,4173.48,4200.6,SL,-6.98,S433 AI Gold Star 123 (Coppock),
2026-06-22 13:50:00,2026-06-22 13:55:00,BUY,4204.18,4197.34,4224.71,4197.45,FLIP,-6.93,S433 AI Gold Star 123 (Coppock),
2026-06-22 13:55:00,2026-06-22 15:20:00,SELL,4197.45,4204.82,4175.34,4191.98,FLIP,5.27,S433 AI Gold Star 123 (Coppock),
2026-06-22 15:20:00,2026-06-22 15:25:00,BUY,4191.98,4186.36,4208.85,4191.64,FLIP,-0.54,S433 AI Gold Star 123 (Coppock),
2026-06-22 15:25:00,2026-06-22 15:30:00,SELL,4191.64,4197.32,4174.6,4191.22,FLIP,0.22,S433 AI Gold Star 123 (Coppock),
2026-06-22 15:30:00,2026-06-22 16:05:00,BUY,4191.22,4185.67,4207.88,4207.88,TP,16.46,S433 AI Gold Star 123 (Coppock),
2026-06-22 16:50:00,2026-06-22 18:40:00,SELL,4208.7,4215.8,4187.39,4206.62,FLIP,1.88,S433 AI Gold Star 123 (Coppock),
2026-06-22 18:40:00,2026-06-22 18:45:00,BUY,4206.62,4200.63,4224.59,4205.09,FLIP,-1.73,S433 AI Gold Star 123 (Coppock),
2026-06-22 18:45:00,2026-06-22 18:50:00,SELL,4205.09,4211.08,4187.12,4205.48,FLIP,-0.59,S433 AI Gold Star 123 (Coppock),
2026-06-22 18:50:00,2026-06-22 19:50:00,BUY,4205.48,4199.3,4224.03,4199.3,SL,-6.38,S433 AI Gold Star 123 (Coppock),
2026-06-22 20:35:00,2026-06-22 22:35:00,BUY,4192.23,4184.43,4215.64,4184.43,SL,-8.0,S433 AI Gold Star 123 (Coppock),
2026-06-22 23:15:00,2026-06-23 02:15:00,BUY,4179.25,4170.51,4205.47,4190.9,FLIP,11.45,S433 AI Gold Star 123 (Coppock),
2026-06-23 02:15:00,2026-06-23 05:30:00,SELL,4190.9,4194.67,4179.59,4194.67,SL,-3.97,S433 AI Gold Star 123 (Coppock),
2026-06-23 09:15:00,2026-06-23 10:00:00,BUY,4158.35,4146.54,4193.77,4146.54,SL,-12.01,S433 AI Gold Star 123 (Coppock),
2026-06-23 10:05:00,2026-06-23 10:45:00,SELL,4140.4,4148.93,4114.8,4139.21,FLIP,0.99,S433 AI Gold Star 123 (Coppock),
2026-06-23 10:45:00,2026-06-23 11:45:00,BUY,4139.21,4130.39,4165.67,4138.88,FLIP,-0.53,S433 AI Gold Star 123 (Coppock),
2026-06-23 11:45:00,2026-06-23 11:55:00,SELL,4138.88,4144.0,4123.53,4123.53,TP,15.15,S433 AI Gold Star 123 (Coppock),
2026-06-23 12:30:00,2026-06-23 12:35:00,BUY,4131.45,4120.34,4164.77,4125.12,FLIP,-6.53,S433 AI Gold Star 123 (Coppock),
2026-06-23 12:35:00,2026-06-23 12:40:00,SELL,4125.12,4136.8,4090.09,4127.7,FLIP,-2.78,S433 AI Gold Star 123 (Coppock),
2026-06-23 12:40:00,2026-06-23 12:45:00,BUY,4127.7,4115.68,4163.75,4119.18,FLIP,-8.72,S433 AI Gold Star 123 (Coppock),
2026-06-23 12:45:00,2026-06-23 12:50:00,SELL,4119.18,4131.81,4081.3,4120.64,FLIP,-1.66,S433 AI Gold Star 123 (Coppock),
2026-06-23 12:50:00,2026-06-23 12:55:00,BUY,4120.64,4107.83,4159.06,4121.11,FLIP,0.27,S433 AI Gold Star 123 (Coppock),
2026-06-23 12:55:00,2026-06-23 13:00:00,SELL,4121.11,4134.23,4081.74,4123.02,FLIP,-2.11,S433 AI Gold Star 123 (Coppock),
2026-06-23 13:00:00,2026-06-23 13:25:00,BUY,4123.02,4109.68,4163.05,4116.47,FLIP,-6.75,S433 AI Gold Star 123 (Coppock),
2026-06-23 13:25:00,2026-06-23 13:30:00,SELL,4116.47,4128.5,4080.38,4119.82,FLIP,-3.55,S433 AI Gold Star 123 (Coppock),
2026-06-23 13:30:00,2026-06-23 13:35:00,BUY,4119.82,4107.57,4156.57,4115.97,FLIP,-4.05,S433 AI Gold Star 123 (Coppock),
2026-06-23 13:35:00,2026-06-23 13:45:00,SELL,4115.97,4128.38,4078.74,4115.49,FLIP,0.28,S433 AI Gold Star 123 (Coppock),
2026-06-23 13:45:00,2026-06-23 14:10:00,BUY,4115.49,4104.03,4149.86,4115.77,FLIP,0.08,S433 AI Gold Star 123 (Coppock),
2026-06-23 14:10:00,2026-06-23 14:15:00,SELL,4115.77,4127.15,4081.63,4117.75,FLIP,-2.18,S433 AI Gold Star 123 (Coppock),
2026-06-23 14:15:00,2026-06-23 14:35:00,BUY,4117.75,4107.01,4149.98,4111.48,FLIP,-6.47,S433 AI Gold Star 123 (Coppock),
2026-06-23 14:35:00,2026-06-23 15:30:00,SELL,4111.48,4120.64,4083.99,4101.78,FLIP,9.5,S433 AI Gold Star 123 (Coppock),
2026-06-23 15:30:00,2026-06-23 16:45:00,BUY,4101.78,4093.28,4127.28,4117.52,FLIP,15.54,S433 AI Gold Star 123 (Coppock),
2026-06-23 16:45:00,2026-06-23 16:55:00,SELL,4117.52,4125.15,4094.63,4122.3,FLIP,-4.98,S433 AI Gold Star 123 (Coppock),
2026-06-23 16:55:00,2026-06-23 17:20:00,BUY,4122.3,4115.39,4143.02,4127.87,FLIP,5.37,S433 AI Gold Star 123 (Coppock),
2026-06-23 17:20:00,2026-06-23 17:25:00,SELL,4127.87,4135.08,4106.23,4130.32,FLIP,-2.65,S433 AI Gold Star 123 (Coppock),
2026-06-23 17:25:00,2026-06-23 17:30:00,BUY,4130.32,4122.99,4152.32,4130.53,FLIP,0.01,S433 AI Gold Star 123 (Coppock),
2026-06-23 17:30:00,2026-06-23 18:50:00,SELL,4130.53,4137.55,4109.47,4121.92,FLIP,8.41,S433 AI Gold Star 123 (Coppock),
2026-06-23 18:50:00,2026-06-23 19:05:00,BUY,4121.92,4114.4,4144.47,4119.76,FLIP,-2.36,S433 AI Gold Star 123 (Coppock),
2026-06-23 19:05:00,2026-06-23 20:40:00,SELL,4119.76,4127.92,4095.29,4127.92,SL,-8.36,S433 AI Gold Star 123 (Coppock),
2026-06-24 01:55:00,2026-06-24 02:55:00,BUY,4117.79,4113.07,4131.95,4113.07,SL,-4.92,S433 AI Gold Star 123 (Coppock),
2026-06-24 03:45:00,2026-06-24 05:20:00,BUY,4110.46,4106.07,4123.62,4106.07,SL,-4.59,S433 AI Gold Star 123 (Coppock),
2026-06-24 05:30:00,2026-06-24 05:40:00,SELL,4098.7,4103.96,4082.93,4103.96,SL,-5.46,S433 AI Gold Star 123 (Coppock),
2026-06-24 06:25:00,2026-06-24 06:30:00,BUY,4097.61,4090.28,4119.59,4095.13,FLIP,-2.68,S433 AI Gold Star 123 (Coppock),
2026-06-24 06:30:00,2026-06-24 06:45:00,SELL,4095.13,4102.2,4073.93,4095.89,FLIP,-0.96,S433 AI Gold Star 123 (Coppock),
2026-06-24 06:45:00,2026-06-24 07:40:00,BUY,4095.89,4087.68,4120.53,4095.31,FLIP,-0.78,S433 AI Gold Star 123 (Coppock),
2026-06-24 07:40:00,2026-06-24 07:45:00,SELL,4095.31,4106.45,4061.88,4098.71,FLIP,-3.6,S433 AI Gold Star 123 (Coppock),
2026-06-24 07:45:00,2026-06-24 07:50:00,BUY,4098.71,4088.56,4129.16,4096.13,FLIP,-2.78,S433 AI Gold Star 123 (Coppock),
2026-06-24 07:50:00,2026-06-24 08:25:00,SELL,4096.13,4106.16,4066.03,4098.48,FLIP,-2.55,S433 AI Gold Star 123 (Coppock),
2026-06-24 08:25:00,2026-06-24 08:50:00,BUY,4098.48,4085.09,4138.65,4085.09,SL,-13.59,S433 AI Gold Star 123 (Coppock),
2026-06-24 10:10:00,2026-06-24 12:50:00,BUY,4057.79,4046.34,4092.14,4073.49,FLIP,15.5,S433 AI Gold Star 123 (Coppock),
2026-06-24 12:50:00,2026-06-24 12:55:00,SELL,4073.49,4081.77,4048.66,4075.87,FLIP,-2.58,S433 AI Gold Star 123 (Coppock),
2026-06-24 12:55:00,2026-06-24 13:00:00,BUY,4075.87,4067.49,4101.01,4077.88,FLIP,1.81,S433 AI Gold Star 123 (Coppock),
2026-06-24 13:00:00,2026-06-24 13:05:00,SELL,4077.88,4086.57,4051.81,4090.66,FLIP,-12.98,S433 AI Gold Star 123 (Coppock),
2026-06-24 13:05:00,2026-06-24 13:25:00,BUY,4090.66,4080.9,4119.93,4087.63,FLIP,-3.23,S433 AI Gold Star 123 (Coppock),
2026-06-24 13:25:00,2026-06-24 15:20:00,SELL,4087.63,4098.65,4054.57,4077.0,FLIP,10.43,S433 AI Gold Star 123 (Coppock),
2026-06-24 15:20:00,2026-06-24 16:05:00,BUY,4077.0,4070.04,4097.88,4070.04,SL,-7.16,S433 AI Gold Star 123 (Coppock),
2026-06-24 17:30:00,2026-06-24 17:55:00,BUY,4061.89,4055.54,4080.93,4055.54,SL,-6.55,S433 AI Gold Star 123 (Coppock),
2026-06-24 18:00:00,2026-06-24 18:45:00,SELL,4052.09,4059.6,4029.55,4044.98,FLIP,6.91,S433 AI Gold Star 123 (Coppock),
2026-06-24 18:45:00,2026-06-24 19:20:00,BUY,4044.98,4034.82,4075.45,4032.97,FLIP,-12.21,S433 AI Gold Star 123 (Coppock),
2026-06-24 19:20:00,2026-06-24 19:55:00,SELL,4032.97,4044.64,3997.96,3997.96,TP,34.81,S433 AI Gold Star 123 (Coppock),
2026-06-24 20:30:00,2026-06-24 21:35:00,BUY,3986.72,3965.31,4050.95,4019.55,FLIP,32.63,S433 AI Gold Star 123 (Coppock),
2026-06-24 21:35:00,2026-06-25 01:05:00,SELL,4019.55,4040.41,3956.97,3984.12,FLIP,35.23,S433 AI Gold Star 123 (Coppock),
2026-06-25 01:05:00,2026-06-25 02:05:00,BUY,3984.12,3972.47,4019.08,3976.82,FLIP,-7.5,S433 AI Gold Star 123 (Coppock),
2026-06-25 02:05:00,2026-06-25 02:10:00,SELL,3976.82,3988.89,3940.62,3976.4,FLIP,0.22,S433 AI Gold Star 123 (Coppock),
2026-06-25 02:10:00,2026-06-25 02:15:00,BUY,3976.4,3965.69,4008.54,3977.46,FLIP,0.86,S433 AI Gold Star 123 (Coppock),
2026-06-25 02:15:00,2026-06-25 02:30:00,SELL,3977.46,3986.68,3949.8,3985.64,FLIP,-8.38,S433 AI Gold Star 123 (Coppock),
2026-06-25 02:30:00,2026-06-25 02:35:00,BUY,3985.64,3977.71,4009.44,3982.63,FLIP,-3.21,S433 AI Gold Star 123 (Coppock),
2026-06-25 02:35:00,2026-06-25 02:40:00,SELL,3982.63,3990.51,3959.0,3982.72,FLIP,-0.29,S433 AI Gold Star 123 (Coppock),
2026-06-25 02:40:00,2026-06-25 03:35:00,BUY,3982.72,3975.18,4005.33,3996.03,FLIP,13.11,S433 AI Gold Star 123 (Coppock),
2026-06-25 03:35:00,2026-06-25 03:40:00,SELL,3996.03,4004.84,3969.6,3998.86,FLIP,-3.03,S433 AI Gold Star 123 (Coppock),
2026-06-25 03:40:00,2026-06-25 03:45:00,BUY,3998.86,3990.21,4024.8,3997.24,FLIP,-1.82,S433 AI Gold Star 123 (Coppock),
2026-06-25 03:45:00,2026-06-25 05:00:00,SELL,3997.24,4005.71,3971.84,4005.71,SL,-8.67,S433 AI Gold Star 123 (Coppock),
2026-06-25 07:10:00,2026-06-25 07:45:00,SELL,4005.41,4014.31,3978.71,3978.71,TP,26.5,S433 AI Gold Star 123 (Coppock),
2026-06-25 09:20:00,2026-06-25 10:10:00,BUY,3984.81,3969.74,4030.03,3969.74,SL,-15.27,S433 AI Gold Star 123 (Coppock),
2026-06-25 18:35:00,2026-06-25 18:55:00,BUY,3982.46,3976.18,4001.29,3980.12,FLIP,-2.54,S433 AI Gold Star 123 (Coppock),
2026-06-25 18:55:00,2026-06-25 19:00:00,SELL,3980.12,3986.53,3960.88,3982.79,FLIP,-2.87,S433 AI Gold Star 123 (Coppock),
2026-06-25 19:00:00,2026-06-25 19:30:00,BUY,3982.79,3976.28,4002.33,4002.33,TP,19.34,S433 AI Gold Star 123 (Coppock),
2026-06-25 20:25:00,2026-06-25 21:25:00,SELL,4022.07,4040.05,3968.13,4026.59,FLIP,-4.72,S433 AI Gold Star 123 (Coppock),
2026-06-25 21:25:00,2026-06-25 21:55:00,BUY,4026.59,4009.96,4076.49,4012.04,FLIP,-14.75,S433 AI Gold Star 123 (Coppock),
2026-06-25 21:55:00,2026-06-25 22:00:00,SELL,4012.04,4026.08,3969.91,4015.23,FLIP,-3.39,S433 AI Gold Star 123 (Coppock),
2026-06-25 22:00:00,2026-06-25 22:10:00,BUY,4015.23,4001.86,4055.35,4008.1,FLIP,-7.33,S433 AI Gold Star 123 (Coppock),
2026-06-25 22:10:00,2026-06-25 22:20:00,SELL,4008.1,4020.4,3971.21,4037.88,FLIP,-29.98,S433 AI Gold Star 123 (Coppock),
2026-06-25 22:20:00,2026-06-25 22:30:00,BUY,4037.88,4023.46,4081.13,4023.46,SL,-14.62,S433 AI Gold Star 123 (Coppock),
2026-06-25 23:15:00,2026-06-25 23:20:00,SELL,4040.56,4055.15,3996.8,4041.64,FLIP,-1.28,S433 AI Gold Star 123 (Coppock),
2026-06-25 23:20:00,2026-06-25 23:30:00,BUY,4041.64,4028.0,4082.57,4034.95,FLIP,-6.89,S433 AI Gold Star 123 (Coppock),
2026-06-25 23:30:00,2026-06-26 09:30:00,SELL,4034.95,4045.69,4002.74,4002.74,TP,32.01,S433 AI Gold Star 123 (Coppock),
2026-06-26 10:10:00,2026-06-26 12:00:00,BUY,3997.68,3987.43,4028.43,4010.17,FLIP,12.29,S433 AI Gold Star 123 (Coppock),
2026-06-26 12:00:00,2026-06-26 12:10:00,SELL,4010.17,4016.94,3989.87,4015.21,FLIP,-5.24,S433 AI Gold Star 123 (Coppock),
2026-06-26 12:10:00,2026-06-26 12:20:00,BUY,4015.21,4008.49,4035.38,4013.28,FLIP,-2.13,S433 AI Gold Star 123 (Coppock),
2026-06-26 12:20:00,2026-06-26 12:25:00,SELL,4013.28,4019.54,3994.51,4016.66,FLIP,-3.58,S433 AI Gold Star 123 (Coppock),
2026-06-26 12:25:00,2026-06-26 12:35:00,BUY,4016.66,4010.41,4035.42,4013.75,FLIP,-3.11,S433 AI Gold Star 123 (Coppock),
2026-06-26 12:35:00,2026-06-26 13:20:00,SELL,4013.75,4020.89,3992.33,4020.89,SL,-7.34,S433 AI Gold Star 123 (Coppock),
2026-06-26 14:20:00,2026-06-26 14:25:00,SELL,4029.11,4037.61,4003.61,4037.94,FLIP,-9.03,S433 AI Gold Star 123 (Coppock),
2026-06-26 14:25:00,2026-06-26 14:30:00,BUY,4037.94,4028.59,4065.98,4037.66,FLIP,-0.48,S433 AI Gold Star 123 (Coppock),
2026-06-26 14:30:00,2026-06-26 15:40:00,SELL,4037.66,4045.45,4014.28,4035.7,FLIP,1.76,S433 AI Gold Star 123 (Coppock),
2026-06-26 15:40:00,2026-06-26 15:45:00,BUY,4035.7,4029.62,4053.93,4033.66,FLIP,-2.24,S433 AI Gold Star 123 (Coppock),
2026-06-26 15:45:00,2026-06-26 15:50:00,SELL,4033.66,4039.85,4015.09,4032.83,FLIP,0.63,S433 AI Gold Star 123 (Coppock),
2026-06-26 15:50:00,2026-06-26 16:25:00,BUY,4032.83,4027.0,4050.33,4050.33,TP,17.3,S433 AI Gold Star 123 (Coppock),
2026-06-26 16:55:00,2026-06-26 17:50:00,SELL,4047.18,4055.03,4023.62,4052.93,FLIP,-5.95,S433 AI Gold Star 123 (Coppock),
2026-06-26 17:50:00,2026-06-26 18:00:00,BUY,4052.93,4045.87,4074.12,4052.96,FLIP,-0.17,S433 AI Gold Star 123 (Coppock),
2026-06-26 18:00:00,2026-06-26 18:05:00,SELL,4052.96,4059.66,4032.87,4053.49,FLIP,-0.73,S433 AI Gold Star 123 (Coppock),
2026-06-26 18:05:00,2026-06-26 18:10:00,BUY,4053.49,4046.88,4073.33,4047.28,FLIP,-6.41,S433 AI Gold Star 123 (Coppock),
2026-06-26 18:10:00,2026-06-26 18:15:00,SELL,4047.28,4054.09,4026.86,4053.12,FLIP,-6.04,S433 AI Gold Star 123 (Coppock),
2026-06-26 18:15:00,2026-06-26 18:20:00,BUY,4053.12,4045.92,4074.73,4052.05,FLIP,-1.27,S433 AI Gold Star 123 (Coppock),
2026-06-26 18:20:00,2026-06-26 18:25:00,SELL,4052.05,4059.24,4030.47,4052.72,FLIP,-0.87,S433 AI Gold Star 123 (Coppock),
2026-06-26 18:25:00,2026-06-26 18:35:00,BUY,4052.72,4045.95,4073.04,4048.54,FLIP,-4.38,S433 AI Gold Star 123 (Coppock),
2026-06-26 18:35:00,2026-06-26 19:55:00,SELL,4048.54,4055.23,4028.47,4055.23,SL,-6.89,S433 AI Gold Star 123 (Coppock),
2026-06-26 21:35:00,2026-06-26 21:45:00,SELL,4079.27,4092.28,4040.25,4088.3,FLIP,-9.23,S433 AI Gold Star 123 (Coppock),
2026-06-26 21:45:00,2026-06-26 21:50:00,BUY,4088.3,4075.22,4127.54,4087.85,FLIP,-0.65,S433 AI Gold Star 123 (Coppock),
2026-06-26 21:50:00,2026-06-26 22:35:00,SELL,4087.85,4099.9,4051.71,4091.79,FLIP,-4.14,S433 AI Gold Star 123 (Coppock),
2026-06-26 22:35:00,2026-06-26 23:20:00,BUY,4091.79,4082.15,4120.71,4085.55,FLIP,-6.44,S433 AI Gold Star 123 (Coppock),
2026-06-26 23:20:00,2026-06-27 01:25:00,SELL,4085.55,4094.23,4059.5,4073.57,FLIP,11.78,S433 AI Gold Star 123 (Coppock),
2026-06-27 01:25:00,2026-06-27 01:45:00,BUY,4073.57,4068.12,4089.92,4068.12,SL,-5.65,S433 AI Gold Star 123 (Coppock),
2026-06-27 01:55:00,2026-06-27 02:10:00,SELL,4067.34,4071.7,4054.27,4069.5,FLIP,-2.36,S433 AI Gold Star 123 (Coppock),
2026-06-27 02:10:00,2026-06-27 02:20:00,BUY,4069.5,4065.04,4082.88,4065.61,FLIP,-4.09,S433 AI Gold Star 123 (Coppock),
2026-06-27 02:20:00,2026-06-27 02:30:00,SELL,4065.61,4070.06,4052.26,4070.2,FLIP,-4.79,S433 AI Gold Star 123 (Coppock),
2026-06-27 02:30:00,2026-06-27 03:10:00,BUY,4070.2,4065.68,4083.77,4065.68,SL,-4.72,S433 AI Gold Star 123 (Coppock),
2026-06-27 03:35:00,2026-06-27 03:45:00,SELL,4069.38,4074.38,4054.37,4075.99,FLIP,-6.81,S433 AI Gold Star 123 (Coppock),
2026-06-27 03:45:00,2026-06-29 05:10:00,BUY,4075.99,4070.9,4091.25,4069.51,FLIP,-6.68,S433 AI Gold Star 123 (Coppock),
2026-06-29 05:10:00,2026-06-29 07:30:00,SELL,4069.51,4077.66,4045.05,4054.25,FLIP,15.06,S433 AI Gold Star 123 (Coppock),
2026-06-29 07:30:00,2026-06-29 12:20:00,BUY,4054.25,4046.33,4078.01,4050.68,FLIP,-3.77,S433 AI Gold Star 123 (Coppock),
2026-06-29 12:20:00,2026-06-29 12:40:00,SELL,4050.68,4057.59,4029.95,4050.51,FLIP,-0.03,S433 AI Gold Star 123 (Coppock),
2026-06-29 12:40:00,2026-06-29 13:55:00,BUY,4050.51,4041.91,4076.31,4062.36,FLIP,11.65,S433 AI Gold Star 123 (Coppock),
2026-06-29 13:55:00,2026-06-29 16:45:00,SELL,4062.36,4069.57,4040.72,4040.72,TP,21.44,S433 AI Gold Star 123 (Coppock),
2026-06-29 17:05:00,2026-06-29 18:20:00,BUY,4031.95,4023.3,4057.89,4029.12,FLIP,-3.03,S433 AI Gold Star 123 (Coppock),
2026-06-29 18:20:00,2026-06-29 18:30:00,SELL,4029.12,4035.32,4010.53,4035.32,SL,-6.4,S433 AI Gold Star 123 (Coppock),
2026-06-29 18:40:00,2026-06-29 18:45:00,BUY,4035.39,4028.72,4055.41,4035.15,FLIP,-0.44,S433 AI Gold Star 123 (Coppock),
2026-06-29 18:45:00,2026-06-29 18:50:00,SELL,4035.15,4041.44,4016.29,4037.82,FLIP,-2.87,S433 AI Gold Star 123 (Coppock),
2026-06-29 18:50:00,2026-06-29 19:25:00,BUY,4037.82,4031.72,4056.12,4038.44,FLIP,0.42,S433 AI Gold Star 123 (Coppock),
2026-06-29 19:25:00,2026-06-29 19:30:00,SELL,4038.44,4046.71,4013.64,4043.34,FLIP,-5.1,S433 AI Gold Star 123 (Coppock),
2026-06-29 19:30:00,2026-06-29 19:45:00,BUY,4043.34,4034.98,4068.41,4043.3,FLIP,-0.24,S433 AI Gold Star 123 (Coppock),
2026-06-29 19:45:00,2026-06-29 20:00:00,SELL,4043.3,4051.23,4019.52,4051.23,SL,-8.13,S433 AI Gold Star 123 (Coppock),
2026-06-29 21:30:00,2026-06-29 23:00:00,BUY,4026.47,4013.68,4064.84,4026.31,FLIP,-0.36,S433 AI Gold Star 123 (Coppock),
2026-06-29 23:00:00,2026-06-29 23:05:00,SELL,4026.31,4033.68,4004.21,4027.41,FLIP,-1.3,S433 AI Gold Star 123 (Coppock),
2026-06-29 23:05:00,2026-06-29 23:10:00,BUY,4027.41,4020.37,4048.53,4023.72,FLIP,-3.89,S433 AI Gold Star 123 (Coppock),
2026-06-29 23:10:00,2026-06-29 23:15:00,SELL,4023.72,4030.67,4002.88,4025.5,FLIP,-1.98,S433 AI Gold Star 123 (Coppock),
2026-06-29 23:15:00,2026-06-29 23:20:00,BUY,4025.5,4018.56,4046.31,4025.72,FLIP,0.02,S433 AI Gold Star 123 (Coppock),
2026-06-29 23:20:00,2026-06-29 23:50:00,SELL,4025.72,4032.27,4006.06,4026.01,FLIP,-0.49,S433 AI Gold Star 123 (Coppock),
2026-06-29 23:50:00,2026-06-29 23:55:00,BUY,4026.01,4020.56,4042.35,4023.87,FLIP,-2.34,S433 AI Gold Star 123 (Coppock),
2026-06-29 23:55:00,2026-06-30 00:05:00,SELL,4023.87,4029.04,4008.36,4030.48,FLIP,-6.81,S433 AI Gold Star 123 (Coppock),
2026-06-30 00:05:00,2026-06-30 00:25:00,BUY,4030.48,4025.17,4046.4,4025.17,SL,-5.51,S433 AI Gold Star 123 (Coppock),
2026-06-30 01:50:00,2026-06-30 01:55:00,BUY,4017.61,4013.79,4029.06,4013.42,FLIP,-4.39,S433 AI Gold Star 123 (Coppock),
2026-06-30 01:55:00,2026-06-30 02:25:00,SELL,4013.42,4017.64,4000.77,4017.18,FLIP,-3.96,S433 AI Gold Star 123 (Coppock),
2026-06-30 02:25:00,2026-06-30 05:40:00,BUY,4017.18,4012.04,4032.59,4012.04,SL,-5.34,S433 AI Gold Star 123 (Coppock),
2026-06-30 08:25:00,2026-06-30 08:45:00,BUY,3978.95,3962.57,4028.09,3962.57,SL,-16.58,S433 AI Gold Star 123 (Coppock),
2026-06-30 10:30:00,2026-06-30 10:35:00,SELL,3961.2,3970.17,3934.28,3964.69,FLIP,-3.69,S433 AI Gold Star 123 (Coppock),
2026-06-30 10:35:00,2026-06-30 10:40:00,BUY,3964.69,3955.74,3991.54,3963.38,FLIP,-1.51,S433 AI Gold Star 123 (Coppock),
2026-06-30 10:40:00,2026-06-30 10:45:00,SELL,3963.38,3971.94,3937.71,3968.08,FLIP,-4.9,S433 AI Gold Star 123 (Coppock),
2026-06-30 10:45:00,2026-06-30 10:55:00,BUY,3968.08,3959.89,3992.66,3969.85,FLIP,1.57,S433 AI Gold Star 123 (Coppock),
2026-06-30 10:55:00,2026-06-30 11:00:00,SELL,3969.85,3977.56,3946.73,3971.76,FLIP,-2.11,S433 AI Gold Star 123 (Coppock),
2026-06-30 11:00:00,2026-06-30 11:10:00,BUY,3971.76,3964.19,3994.48,3972.54,FLIP,0.58,S433 AI Gold Star 123 (Coppock),
2026-06-30 11:10:00,2026-06-30 11:15:00,SELL,3972.54,3979.45,3951.8,3974.35,FLIP,-2.01,S433 AI Gold Star 123 (Coppock),
2026-06-30 11:15:00,2026-06-30 11:30:00,BUY,3974.35,3967.51,3994.87,3994.87,TP,20.32,S433 AI Gold Star 123 (Coppock),
2026-06-30 11:55:00,2026-06-30 12:00:00,SELL,3985.56,3993.41,3962.02,3988.14,FLIP,-2.78,S433 AI Gold Star 123 (Coppock),
2026-06-30 12:00:00,2026-06-30 12:05:00,BUY,3988.14,3980.11,4012.22,3987.46,FLIP,-0.88,S433 AI Gold Star 123 (Coppock),
2026-06-30 12:05:00,2026-06-30 13:20:00,SELL,3987.46,3995.49,3963.37,3995.49,SL,-8.23,S433 AI Gold Star 123 (Coppock),
2026-06-30 14:10:00,2026-06-30 16:05:00,SELL,4025.75,4038.56,3987.32,4018.8,FLIP,6.75,S433 AI Gold Star 123 (Coppock),
2026-06-30 16:05:00,2026-06-30 16:10:00,BUY,4018.8,4011.4,4040.99,4018.4,FLIP,-0.6,S433 AI Gold Star 123 (Coppock),
2026-06-30 16:10:00,2026-06-30 16:15:00,SELL,4018.4,4025.61,3996.78,4018.24,FLIP,-0.04,S433 AI Gold Star 123 (Coppock),
2026-06-30 16:15:00,2026-06-30 17:50:00,BUY,4018.24,4012.04,4036.83,4028.91,FLIP,10.47,S433 AI Gold Star 123 (Coppock),
2026-06-30 17:50:00,2026-06-30 18:10:00,SELL,4028.91,4033.75,4014.38,4033.45,FLIP,-4.74,S433 AI Gold Star 123 (Coppock),
2026-06-30 18:10:00,2026-06-30 18:15:00,BUY,4033.45,4028.58,4048.06,4030.65,FLIP,-3.0,S433 AI Gold Star 123 (Coppock),
2026-06-30 18:15:00,2026-06-30 18:40:00,SELL,4030.65,4035.43,4016.3,4034.54,FLIP,-4.09,S433 AI Gold Star 123 (Coppock),
2026-06-30 18:40:00,2026-06-30 18:45:00,BUY,4034.54,4029.45,4049.82,4032.76,FLIP,-1.98,S433 AI Gold Star 123 (Coppock),
2026-06-30 18:45:00,2026-06-30 18:55:00,SELL,4032.76,4038.17,4016.52,4033.99,FLIP,-1.43,S433 AI Gold Star 123 (Coppock),
2026-06-30 18:55:00,2026-06-30 19:00:00,BUY,4033.99,4028.56,4050.27,4031.87,FLIP,-2.32,S433 AI Gold Star 123 (Coppock),
2026-06-30 19:00:00,2026-06-30 19:35:00,SELL,4031.87,4037.56,4014.79,4014.79,TP,16.88,S433 AI Gold Star 123 (Coppock),
2026-06-30 20:00:00,2026-06-30 21:05:00,BUY,4016.41,4008.89,4038.98,4038.98,TP,22.37,S433 AI Gold Star 123 (Coppock),
2026-06-30 21:45:00,2026-07-01 03:05:00,SELL,4044.1,4057.99,4002.43,4019.53,FLIP,24.37,S433 AI Gold Star 123 (Coppock),
2026-07-01 03:05:00,2026-07-01 03:25:00,BUY,4019.53,4015.55,4031.47,4012.96,FLIP,-6.77,S433 AI Gold Star 123 (Coppock),
2026-07-01 03:25:00,2026-07-01 03:45:00,SELL,4012.96,4016.92,4001.08,4010.9,FLIP,1.86,S433 AI Gold Star 123 (Coppock),
2026-07-01 03:45:00,2026-07-01 03:55:00,BUY,4010.9,4007.07,4022.39,4007.02,FLIP,-4.08,S433 AI Gold Star 123 (Coppock),
2026-07-01 03:55:00,2026-07-01 05:00:00,SELL,4007.02,4011.11,3994.74,4013.83,FLIP,-7.01,S433 AI Gold Star 123 (Coppock),
2026-07-01 05:00:00,2026-07-01 06:00:00,BUY,4013.83,4009.43,4027.02,4012.82,FLIP,-1.21,S433 AI Gold Star 123 (Coppock),
2026-07-01 06:00:00,2026-07-01 06:05:00,SELL,4012.82,4017.75,3998.03,4017.48,FLIP,-4.86,S433 AI Gold Star 123 (Coppock),
2026-07-01 06:05:00,2026-07-01 06:10:00,BUY,4017.48,4012.42,4032.66,4014.1,FLIP,-3.58,S433 AI Gold Star 123 (Coppock),
2026-07-01 06:10:00,2026-07-01 07:10:00,SELL,4014.1,4018.72,4000.24,4008.43,FLIP,5.47,S433 AI Gold Star 123 (Coppock),
2026-07-01 07:10:00,2026-07-01 07:15:00,BUY,4008.43,4003.91,4021.98,4002.31,FLIP,-6.32,S433 AI Gold Star 123 (Coppock),
2026-07-01 07:15:00,2026-07-01 07:30:00,SELL,4002.31,4007.0,3988.23,4003.22,FLIP,-1.11,S433 AI Gold Star 123 (Coppock),
2026-07-01 07:30:00,2026-07-01 07:35:00,BUY,4003.22,3998.06,4018.71,4001.07,FLIP,-2.35,S433 AI Gold Star 123 (Coppock),
2026-07-01 07:35:00,2026-07-01 08:05:00,SELL,4001.07,4006.27,3985.46,3985.46,TP,15.41,S433 AI Gold Star 123 (Coppock),
2026-07-01 08:45:00,2026-07-01 10:20:00,BUY,3978.98,3969.41,4007.68,3982.68,FLIP,3.5,S433 AI Gold Star 123 (Coppock),
2026-07-01 10:20:00,2026-07-01 11:25:00,SELL,3982.68,3988.27,3965.9,3977.69,FLIP,4.79,S433 AI Gold Star 123 (Coppock),
2026-07-01 11:25:00,2026-07-01 11:35:00,BUY,3977.69,3972.98,3991.82,3974.42,FLIP,-3.47,S433 AI Gold Star 123 (Coppock),
2026-07-01 11:35:00,2026-07-01 11:40:00,SELL,3974.42,3979.33,3959.7,3974.64,FLIP,-0.42,S433 AI Gold Star 123 (Coppock),
2026-07-01 11:40:00,2026-07-01 12:10:00,BUY,3974.64,3969.98,3988.61,3969.98,SL,-4.86,S433 AI Gold Star 123 (Coppock),
2026-07-01 17:15:00,2026-07-01 17:25:00,SELL,3982.26,3987.3,3967.14,3987.3,SL,-5.24,S433 AI Gold Star 123 (Coppock),
2026-07-01 17:30:00,2026-07-01 17:35:00,BUY,3991.32,3986.11,4006.95,3989.73,FLIP,-1.79,S433 AI Gold Star 123 (Coppock),
2026-07-01 17:35:00,2026-07-01 17:50:00,SELL,3989.73,3995.26,3973.14,3993.7,FLIP,-4.17,S433 AI Gold Star 123 (Coppock),
2026-07-01 17:50:00,2026-07-01 18:05:00,BUY,3993.7,3988.01,4010.76,4010.76,TP,16.86,S433 AI Gold Star 123 (Coppock),
2026-07-01 18:55:00,2026-07-01 20:15:00,SELL,4030.42,4039.72,4002.51,4024.52,FLIP,5.7,S433 AI Gold Star 123 (Coppock),
2026-07-01 20:15:00,2026-07-01 20:35:00,BUY,4024.52,4014.9,4053.37,4053.37,TP,28.65,S433 AI Gold Star 123 (Coppock),
2026-07-01 21:25:00,2026-07-01 22:50:00,SELL,4100.64,4123.11,4033.23,4084.32,FLIP,16.12,S433 AI Gold Star 123 (Coppock),
2026-07-01 22:50:00,2026-07-01 23:35:00,BUY,4084.32,4075.04,4112.17,4077.15,FLIP,-7.37,S433 AI Gold Star 123 (Coppock),
2026-07-01 23:35:00,2026-07-02 00:30:00,SELL,4077.15,4083.96,4056.72,4070.7,FLIP,6.25,S433 AI Gold Star 123 (Coppock),
2026-07-02 00:30:00,2026-07-02 01:20:00,BUY,4070.7,4064.87,4088.19,4065.07,FLIP,-5.83,S433 AI Gold Star 123 (Coppock),
2026-07-02 01:20:00,2026-07-02 02:00:00,SELL,4065.07,4069.71,4051.14,4066.16,FLIP,-1.29,S433 AI Gold Star 123 (Coppock),
2026-07-02 02:00:00,2026-07-02 02:20:00,BUY,4066.16,4060.95,4081.8,4056.74,FLIP,-9.62,S433 AI Gold Star 123 (Coppock),
2026-07-02 02:20:00,2026-07-02 02:35:00,SELL,4056.74,4062.67,4038.94,4055.73,FLIP,0.81,S433 AI Gold Star 123 (Coppock),
2026-07-02 02:35:00,2026-07-02 02:40:00,BUY,4055.73,4050.36,4071.84,4053.88,FLIP,-2.05,S433 AI Gold Star 123 (Coppock),
2026-07-02 02:40:00,2026-07-02 02:55:00,SELL,4053.88,4059.03,4038.42,4038.42,TP,15.26,S433 AI Gold Star 123 (Coppock),
2026-07-02 03:25:00,2026-07-02 03:55:00,BUY,4038.52,4031.29,4060.21,4031.29,SL,-7.43,S433 AI Gold Star 123 (Coppock),
2026-07-02 06:10:00,2026-07-02 07:05:00,SELL,4037.7,4042.0,4024.81,4039.02,FLIP,-1.52,S433 AI Gold Star 123 (Coppock),
2026-07-02 07:05:00,2026-07-02 08:00:00,BUY,4039.02,4033.51,4055.55,4055.55,TP,16.33,S433 AI Gold Star 123 (Coppock),
2026-07-02 08:20:00,2026-07-02 10:20:00,SELL,4052.39,4062.09,4023.28,4062.09,SL,-9.9,S433 AI Gold Star 123 (Coppock),
2026-07-02 11:10:00,2026-07-02 13:20:00,SELL,4070.16,4076.09,4052.37,4076.09,SL,-6.13,S433 AI Gold Star 123 (Coppock),
2026-07-02 13:40:00,2026-07-02 15:20:00,SELL,4068.13,4076.81,4042.1,4076.81,SL,-8.88,S433 AI Gold Star 123 (Coppock),
2026-07-02 20:15:00,2026-07-02 20:45:00,SELL,4119.16,4139.84,4057.12,4139.84,SL,-20.88,S433 AI Gold Star 123 (Coppock),
2026-07-02 21:15:00,2026-07-02 21:20:00,BUY,4130.79,4116.08,4174.93,4123.47,FLIP,-7.52,S433 AI Gold Star 123 (Coppock),
2026-07-02 21:20:00,2026-07-02 22:00:00,SELL,4123.47,4138.2,4079.27,4127.06,FLIP,-3.79,S433 AI Gold Star 123 (Coppock),
2026-07-02 22:00:00,2026-07-02 22:05:00,BUY,4127.06,4115.66,4161.25,4121.18,FLIP,-6.08,S433 AI Gold Star 123 (Coppock),
2026-07-02 22:05:00,2026-07-02 22:10:00,SELL,4121.18,4133.07,4085.51,4126.52,FLIP,-5.54,S433 AI Gold Star 123 (Coppock),
2026-07-02 22:10:00,2026-07-02 23:30:00,BUY,4126.52,4114.64,4162.15,4114.64,SL,-12.08,S433 AI Gold Star 123 (Coppock),
2026-07-02 23:55:00,2026-07-03 00:35:00,BUY,4118.13,4109.29,4144.64,4109.29,SL,-9.04,S433 AI Gold Star 123 (Coppock),
2026-07-03 00:50:00,2026-07-03 01:00:00,SELL,4109.37,4116.07,4089.26,4114.46,FLIP,-5.29,S433 AI Gold Star 123 (Coppock),
2026-07-03 01:00:00,2026-07-03 06:35:00,BUY,4114.46,4107.4,4135.65,4123.3,FLIP,8.64,S433 AI Gold Star 123 (Coppock),
2026-07-03 06:35:00,2026-07-03 06:45:00,SELL,4123.3,4127.74,4109.97,4130.59,FLIP,-7.49,S433 AI Gold Star 123 (Coppock),
2026-07-03 06:45:00,2026-07-03 06:50:00,BUY,4130.59,4125.41,4146.12,4125.41,SL,-5.38,S433 AI Gold Star 123 (Coppock),
2026-07-03 06:55:00,2026-07-03 07:00:00,SELL,4126.13,4132.35,4107.48,4131.6,FLIP,-5.67,S433 AI Gold Star 123 (Coppock),
2026-07-03 07:00:00,2026-07-03 08:00:00,BUY,4131.6,4124.46,4153.02,4153.02,TP,21.22,S433 AI Gold Star 123 (Coppock),
2026-07-03 08:45:00,2026-07-03 09:50:00,SELL,4180.8,4194.79,4138.82,4183.69,FLIP,-3.09,S433 AI Gold Star 123 (Coppock),
2026-07-03 09:50:00,2026-07-03 10:30:00,BUY,4183.69,4175.86,4207.19,4181.86,FLIP,-2.03,S433 AI Gold Star 123 (Coppock),
2026-07-03 10:30:00,2026-07-03 11:15:00,SELL,4181.86,4188.21,4162.81,4181.41,FLIP,0.25,S433 AI Gold Star 123 (Coppock),
2026-07-03 11:15:00,2026-07-03 11:30:00,BUY,4181.41,4176.81,4195.21,4176.81,SL,-4.8,S433 AI Gold Star 123 (Coppock),
2026-07-03 13:30:00,2026-07-03 15:35:00,BUY,4169.55,4161.73,4193.0,4182.1,FLIP,12.35,S433 AI Gold Star 123 (Coppock),
2026-07-03 15:35:00,2026-07-03 20:45:00,SELL,4182.1,4188.08,4164.15,4164.15,TP,17.75,S433 AI Gold Star 123 (Coppock),
2026-07-03 21:00:00,2026-07-03 21:05:00,BUY,4166.54,4159.8,4186.77,4158.97,FLIP,-7.77,S433 AI Gold Star 123 (Coppock),
2026-07-03 21:05:00,2026-07-03 21:15:00,SELL,4158.97,4166.4,4136.68,4162.24,FLIP,-3.47,S433 AI Gold Star 123 (Coppock),
2026-07-03 21:15:00,2026-07-06 05:05:00,BUY,4162.24,4155.49,4182.49,4182.49,TP,20.05,S433 AI Gold Star 123 (Coppock),
2026-07-06 05:45:00,2026-07-06 06:00:00,SELL,4184.23,4191.14,4163.51,4191.14,SL,-7.11,S433 AI Gold Star 123 (Coppock),
2026-07-06 06:25:00,2026-07-06 06:30:00,BUY,4200.43,4193.11,4222.39,4194.92,FLIP,-5.71,S433 AI Gold Star 123 (Coppock),
2026-07-06 06:30:00,2026-07-06 07:00:00,SELL,4194.92,4202.54,4172.06,4172.06,TP,22.66,S433 AI Gold Star 123 (Coppock),
2026-07-06 07:40:00,2026-07-06 07:55:00,BUY,4186.02,4175.61,4217.25,4175.61,SL,-10.61,S433 AI Gold Star 123 (Coppock),
2026-07-06 10:15:00,2026-07-06 12:00:00,BUY,4165.66,4157.35,4190.59,4154.18,FLIP,-11.68,S433 AI Gold Star 123 (Coppock),
2026-07-06 12:00:00,2026-07-06 12:30:00,SELL,4154.18,4159.26,4138.94,4156.51,FLIP,-2.53,S433 AI Gold Star 123 (Coppock),
2026-07-06 12:30:00,2026-07-06 12:55:00,BUY,4156.51,4150.87,4173.43,4148.08,FLIP,-8.63,S433 AI Gold Star 123 (Coppock),
2026-07-06 12:55:00,2026-07-06 13:05:00,SELL,4148.08,4155.16,4126.83,4151.35,FLIP,-3.47,S433 AI Gold Star 123 (Coppock),
2026-07-06 13:05:00,2026-07-06 13:55:00,BUY,4151.35,4143.67,4174.38,4150.35,FLIP,-1.2,S433 AI Gold Star 123 (Coppock),
2026-07-06 13:55:00,2026-07-06 14:10:00,SELL,4150.35,4157.39,4129.23,4150.98,FLIP,-0.83,S433 AI Gold Star 123 (Coppock),
2026-07-06 14:10:00,2026-07-06 14:20:00,BUY,4150.98,4144.63,4170.04,4154.45,FLIP,3.27,S433 AI Gold Star 123 (Coppock),
2026-07-06 14:20:00,2026-07-06 14:30:00,SELL,4154.45,4160.75,4135.56,4157.11,FLIP,-2.86,S433 AI Gold Star 123 (Coppock),
2026-07-06 14:30:00,2026-07-06 15:10:00,BUY,4157.11,4150.65,4176.48,4158.07,FLIP,0.76,S433 AI Gold Star 123 (Coppock),
2026-07-06 15:10:00,2026-07-06 16:20:00,SELL,4158.07,4164.2,4139.69,4147.17,FLIP,10.7,S433 AI Gold Star 123 (Coppock),
2026-07-06 16:20:00,2026-07-06 16:25:00,BUY,4147.17,4142.22,4162.03,4143.62,FLIP,-3.75,S433 AI Gold Star 123 (Coppock),
2026-07-06 16:25:00,2026-07-06 16:35:00,SELL,4143.62,4148.65,4128.53,4141.5,FLIP,1.92,S433 AI Gold Star 123 (Coppock),
2026-07-06 16:35:00,2026-07-06 16:40:00,BUY,4141.5,4135.68,4158.96,4139.47,FLIP,-2.23,S433 AI Gold Star 123 (Coppock),
2026-07-06 16:40:00,2026-07-06 16:45:00,SELL,4139.47,4145.29,4122.02,4140.29,FLIP,-1.02,S433 AI Gold Star 123 (Coppock),
2026-07-06 16:45:00,2026-07-06 18:05:00,BUY,4140.29,4134.85,4156.61,4152.53,FLIP,12.04,S433 AI Gold Star 123 (Coppock),
2026-07-06 18:05:00,2026-07-06 18:15:00,SELL,4152.53,4157.1,4138.82,4157.1,SL,-4.77,S433 AI Gold Star 123 (Coppock),
2026-07-06 20:00:00,2026-07-06 20:10:00,BUY,4144.77,4136.93,4168.28,4141.3,FLIP,-3.67,S433 AI Gold Star 123 (Coppock),
2026-07-06 20:10:00,2026-07-06 20:15:00,SELL,4141.3,4149.85,4115.64,4139.95,FLIP,1.15,S433 AI Gold Star 123 (Coppock),
2026-07-06 20:15:00,2026-07-06 21:00:00,BUY,4139.95,4131.23,4166.1,4140.73,FLIP,0.58,S433 AI Gold Star 123 (Coppock),
2026-07-06 21:00:00,2026-07-06 21:55:00,SELL,4140.73,4151.09,4109.64,4138.12,FLIP,2.41,S433 AI Gold Star 123 (Coppock),
2026-07-06 21:55:00,2026-07-07 00:40:00,BUY,4138.12,4127.61,4169.66,4156.71,FLIP,18.39,S433 AI Gold Star 123 (Coppock),
2026-07-07 00:40:00,2026-07-07 00:55:00,SELL,4156.71,4162.13,4140.46,4161.4,FLIP,-4.89,S433 AI Gold Star 123 (Coppock),
2026-07-07 00:55:00,2026-07-07 01:00:00,BUY,4161.4,4155.75,4178.35,4157.45,FLIP,-4.15,S433 AI Gold Star 123 (Coppock),
2026-07-07 01:00:00,2026-07-07 01:20:00,SELL,4157.45,4163.04,4140.67,4161.79,FLIP,-4.54,S433 AI Gold Star 123 (Coppock),
2026-07-07 01:20:00,2026-07-07 01:25:00,BUY,4161.79,4156.44,4177.83,4161.74,FLIP,-0.25,S433 AI Gold Star 123 (Coppock),
2026-07-07 01:25:00,2026-07-07 01:35:00,SELL,4161.74,4166.91,4146.24,4165.2,FLIP,-3.66,S433 AI Gold Star 123 (Coppock),
2026-07-07 01:35:00,2026-07-07 01:40:00,BUY,4165.2,4160.62,4178.95,4164.11,FLIP,-1.29,S433 AI Gold Star 123 (Coppock),
2026-07-07 01:40:00,2026-07-07 02:55:00,SELL,4164.11,4168.61,4150.6,4163.77,FLIP,0.14,S433 AI Gold Star 123 (Coppock),
2026-07-07 02:55:00,2026-07-07 03:10:00,BUY,4163.77,4160.44,4173.75,4161.04,FLIP,-2.93,S433 AI Gold Star 123 (Coppock),
2026-07-07 03:10:00,2026-07-07 03:15:00,SELL,4161.04,4164.0,4152.15,4161.53,FLIP,-0.69,S433 AI Gold Star 123 (Coppock),
2026-07-07 03:15:00,2026-07-07 03:40:00,BUY,4161.53,4158.72,4169.95,4163.08,FLIP,1.35,S433 AI Gold Star 123 (Coppock),
2026-07-07 03:40:00,2026-07-07 03:45:00,SELL,4163.08,4165.59,4155.55,4163.39,FLIP,-0.51,S433 AI Gold Star 123 (Coppock),
2026-07-07 03:45:00,2026-07-07 03:55:00,BUY,4163.39,4161.05,4170.42,4164.0,FLIP,0.41,S433 AI Gold Star 123 (Coppock),
2026-07-07 03:55:00,2026-07-07 05:00:00,SELL,4164.0,4166.17,4157.5,4164.43,FLIP,-0.63,S433 AI Gold Star 123 (Coppock),
2026-07-07 05:00:00,2026-07-07 05:40:00,BUY,4164.43,4162.08,4171.47,4167.25,FLIP,2.62,S433 AI Gold Star 123 (Coppock),
2026-07-07 05:40:00,2026-07-07 06:55:00,SELL,4167.25,4169.64,4160.09,4160.09,TP,6.96,S433 AI Gold Star 123 (Coppock),
2026-07-07 07:20:00,2026-07-07 07:30:00,BUY,4158.81,4154.41,4172.02,4156.84,FLIP,-2.17,S433 AI Gold Star 123 (Coppock),
2026-07-07 07:30:00,2026-07-07 07:50:00,SELL,4156.84,4161.88,4141.71,4153.01,FLIP,3.63,S433 AI Gold Star 123 (Coppock),
2026-07-07 07:50:00,2026-07-07 07:55:00,BUY,4153.01,4147.01,4171.01,4146.05,FLIP,-7.16,S433 AI Gold Star 123 (Coppock),
2026-07-07 07:55:00,2026-07-07 08:25:00,SELL,4146.05,4152.7,4126.1,4126.1,TP,19.75,S433 AI Gold Star 123 (Coppock),
2026-07-07 08:30:00,2026-07-07 09:40:00,BUY,4139.11,4129.93,4166.65,4139.47,FLIP,0.16,S433 AI Gold Star 123 (Coppock),
2026-07-07 09:40:00,2026-07-07 10:55:00,SELL,4139.47,4145.94,4120.07,4131.13,FLIP,8.14,S433 AI Gold Star 123 (Coppock),
2026-07-07 10:55:00,2026-07-07 11:50:00,BUY,4131.13,4124.86,4149.95,4127.92,FLIP,-3.41,S433 AI Gold Star 123 (Coppock),
2026-07-07 11:50:00,2026-07-07 12:25:00,SELL,4127.92,4133.69,4110.62,4128.33,FLIP,-0.61,S433 AI Gold Star 123 (Coppock),
2026-07-07 12:25:00,2026-07-07 12:30:00,BUY,4128.33,4122.78,4144.99,4123.03,FLIP,-5.5,S433 AI Gold Star 123 (Coppock),
2026-07-07 12:30:00,2026-07-07 12:45:00,SELL,4123.03,4129.09,4104.84,4121.89,FLIP,0.94,S433 AI Gold Star 123 (Coppock),
2026-07-07 12:45:00,2026-07-07 15:40:00,BUY,4121.89,4114.83,4143.06,4131.19,FLIP,9.1,S433 AI Gold Star 123 (Coppock),
2026-07-07 15:40:00,2026-07-07 17:25:00,SELL,4131.19,4137.82,4111.29,4137.82,SL,-6.83,S433 AI Gold Star 123 (Coppock),
2026-07-07 19:30:00,2026-07-07 20:00:00,SELL,4164.02,4173.03,4136.98,4173.03,SL,-9.21,S433 AI Gold Star 123 (Coppock),
2026-07-07 20:40:00,2026-07-07 20:50:00,BUY,4177.55,4166.63,4210.3,4165.97,FLIP,-11.78,S433 AI Gold Star 123 (Coppock),
2026-07-07 20:50:00,2026-07-07 21:45:00,SELL,4165.97,4177.78,4130.53,4156.55,FLIP,9.22,S433 AI Gold Star 123 (Coppock),
2026-07-07 21:45:00,2026-07-07 22:15:00,BUY,4156.55,4144.29,4193.34,4144.29,SL,-12.46,S433 AI Gold Star 123 (Coppock),
2026-07-07 22:25:00,2026-07-07 22:30:00,SELL,4143.09,4151.75,4117.12,4143.74,FLIP,-0.85,S433 AI Gold Star 123 (Coppock),
2026-07-07 22:30:00,2026-07-07 22:35:00,BUY,4143.74,4135.48,4168.52,4145.68,FLIP,1.74,S433 AI Gold Star 123 (Coppock),
2026-07-07 22:35:00,2026-07-07 22:40:00,SELL,4145.68,4153.6,4121.93,4146.63,FLIP,-1.15,S433 AI Gold Star 123 (Coppock),
2026-07-07 22:40:00,2026-07-07 22:45:00,BUY,4146.63,4139.12,4169.16,4142.22,FLIP,-4.61,S433 AI Gold Star 123 (Coppock),
2026-07-07 22:45:00,2026-07-07 23:10:00,SELL,4142.22,4149.89,4119.22,4141.18,FLIP,0.84,S433 AI Gold Star 123 (Coppock),
2026-07-07 23:10:00,2026-07-08 01:45:00,BUY,4141.18,4134.14,4162.3,4134.14,SL,-7.24,S433 AI Gold Star 123 (Coppock),
2026-07-08 02:40:00,2026-07-08 03:40:00,BUY,4109.24,4097.08,4145.72,4105.99,FLIP,-3.45,S433 AI Gold Star 123 (Coppock),
2026-07-08 03:40:00,2026-07-08 05:30:00,SELL,4105.99,4111.58,4089.21,4099.91,FLIP,5.88,S433 AI Gold Star 123 (Coppock),
2026-07-08 05:30:00,2026-07-08 05:50:00,BUY,4099.91,4095.08,4114.41,4097.9,FLIP,-2.21,S433 AI Gold Star 123 (Coppock),
2026-07-08 05:50:00,2026-07-08 05:55:00,SELL,4097.9,4102.9,4082.91,4098.41,FLIP,-0.71,S433 AI Gold Star 123 (Coppock),
2026-07-08 05:55:00,2026-07-08 06:45:00,BUY,4098.41,4093.22,4113.99,4098.01,FLIP,-0.6,S433 AI Gold Star 123 (Coppock),
2026-07-08 06:45:00,2026-07-08 07:00:00,SELL,4098.01,4104.21,4079.42,4102.53,FLIP,-4.72,S433 AI Gold Star 123 (Coppock),
2026-07-08 07:00:00,2026-07-08 07:05:00,BUY,4102.53,4096.25,4121.36,4100.01,FLIP,-2.72,S433 AI Gold Star 123 (Coppock),
2026-07-08 07:05:00,2026-07-08 07:20:00,SELL,4100.01,4106.48,4080.6,4105.97,FLIP,-6.16,S433 AI Gold Star 123 (Coppock),
2026-07-08 07:20:00,2026-07-08 07:40:00,BUY,4105.97,4099.51,4125.36,4125.36,TP,19.19,S433 AI Gold Star 123 (Coppock),
2026-07-08 08:00:00,2026-07-08 09:20:00,SELL,4108.57,4118.09,4080.01,4118.09,SL,-9.72,S433 AI Gold Star 123 (Coppock),
2026-07-08 09:50:00,2026-07-08 10:00:00,SELL,4116.44,4125.2,4090.16,4125.77,FLIP,-9.53,S433 AI Gold Star 123 (Coppock),
2026-07-08 10:00:00,2026-07-08 10:15:00,BUY,4125.77,4117.11,4151.74,4126.91,FLIP,0.94,S433 AI Gold Star 123 (Coppock),
2026-07-08 10:15:00,2026-07-08 10:25:00,SELL,4126.91,4135.24,4101.92,4129.95,FLIP,-3.24,S433 AI Gold Star 123 (Coppock),
2026-07-08 10:25:00,2026-07-08 10:30:00,BUY,4129.95,4122.01,4153.77,4128.41,FLIP,-1.74,S433 AI Gold Star 123 (Coppock),
2026-07-08 10:30:00,2026-07-08 11:50:00,SELL,4128.41,4135.93,4105.85,4124.16,FLIP,4.05,S433 AI Gold Star 123 (Coppock),
2026-07-08 11:50:00,2026-07-08 12:20:00,BUY,4124.16,4118.7,4140.53,4124.54,FLIP,0.18,S433 AI Gold Star 123 (Coppock),
2026-07-08 12:20:00,2026-07-08 12:35:00,SELL,4124.54,4130.04,4108.05,4130.04,SL,-5.7,S433 AI Gold Star 123 (Coppock),
2026-07-08 12:45:00,2026-07-08 13:10:00,SELL,4125.31,4131.56,4106.57,4131.56,SL,-6.45,S433 AI Gold Star 123 (Coppock),
2026-07-08 13:30:00,2026-07-08 15:15:00,SELL,4126.26,4133.18,4105.49,4105.49,TP,20.57,S433 AI Gold Star 123 (Coppock),
2026-07-08 16:10:00,2026-07-08 18:10:00,BUY,4055.83,4038.5,4107.83,4050.73,FLIP,-5.3,S433 AI Gold Star 123 (Coppock),
2026-07-08 18:10:00,2026-07-08 18:15:00,SELL,4050.73,4058.65,4026.97,4052.38,FLIP,-1.85,S433 AI Gold Star 123 (Coppock),
2026-07-08 18:15:00,2026-07-08 18:20:00,BUY,4052.38,4044.83,4075.03,4050.63,FLIP,-1.95,S433 AI Gold Star 123 (Coppock),
2026-07-08 18:20:00,2026-07-08 18:40:00,SELL,4050.63,4058.48,4027.07,4064.52,FLIP,-14.09,S433 AI Gold Star 123 (Coppock),
2026-07-08 18:40:00,2026-07-08 19:35:00,BUY,4064.52,4055.21,4092.45,4073.08,FLIP,8.36,S433 AI Gold Star 123 (Coppock),
2026-07-08 19:35:00,2026-07-08 19:40:00,SELL,4073.08,4084.92,4037.57,4078.15,FLIP,-5.27,S433 AI Gold Star 123 (Coppock),
2026-07-08 19:40:00,2026-07-08 19:50:00,BUY,4078.15,4066.11,4114.27,4083.78,FLIP,5.43,S433 AI Gold Star 123 (Coppock),
2026-07-08 19:50:00,2026-07-08 21:15:00,SELL,4083.78,4093.85,4053.57,4053.57,TP,30.01,S433 AI Gold Star 123 (Coppock),
2026-07-08 22:05:00,2026-07-08 22:10:00,BUY,4039.94,4026.96,4078.87,4033.75,FLIP,-6.39,S433 AI Gold Star 123 (Coppock),
2026-07-08 22:10:00,2026-07-08 22:25:00,SELL,4033.75,4046.89,3994.34,4030.94,FLIP,2.61,S433 AI Gold Star 123 (Coppock),
2026-07-08 22:25:00,2026-07-09 00:10:00,BUY,4030.94,4018.13,4069.36,4069.36,TP,38.22,S433 AI Gold Star 123 (Coppock),
2026-07-09 00:35:00,2026-07-09 01:40:00,SELL,4070.76,4079.6,4044.23,4079.51,FLIP,-8.95,S433 AI Gold Star 123 (Coppock),
2026-07-09 01:40:00,2026-07-09 02:30:00,BUY,4079.51,4072.07,4101.84,4086.94,FLIP,7.23,S433 AI Gold Star 123 (Coppock),
2026-07-09 02:30:00,2026-07-09 03:40:00,SELL,4086.94,4094.6,4063.95,4074.98,FLIP,11.76,S433 AI Gold Star 123 (Coppock),
2026-07-09 03:40:00,2026-07-09 03:45:00,BUY,4074.98,4069.34,4091.89,4075.32,FLIP,0.14,S433 AI Gold Star 123 (Coppock),
2026-07-09 03:45:00,2026-07-09 03:50:00,SELL,4075.32,4080.82,4058.81,4079.47,FLIP,-4.35,S433 AI Gold Star 123 (Coppock),
2026-07-09 03:50:00,2026-07-09 05:00:00,BUY,4079.47,4073.94,4096.06,4073.94,SL,-5.73,S433 AI Gold Star 123 (Coppock),
2026-07-09 08:35:00,2026-07-09 09:40:00,BUY,4072.36,4063.03,4100.35,4070.84,FLIP,-1.72,S433 AI Gold Star 123 (Coppock),
2026-07-09 09:40:00,2026-07-09 10:40:00,SELL,4070.84,4077.31,4051.44,4061.98,FLIP,8.66,S433 AI Gold Star 123 (Coppock),
2026-07-09 10:40:00,2026-07-09 11:40:00,BUY,4061.98,4055.14,4082.51,4057.8,FLIP,-4.38,S433 AI Gold Star 123 (Coppock),
2026-07-09 11:40:00,2026-07-09 11:45:00,SELL,4057.8,4063.01,4042.17,4061.48,FLIP,-3.88,S433 AI Gold Star 123 (Coppock),
2026-07-09 11:45:00,2026-07-09 11:50:00,BUY,4061.48,4056.11,4077.58,4062.71,FLIP,1.03,S433 AI Gold Star 123 (Coppock),
2026-07-09 11:50:00,2026-07-09 11:55:00,SELL,4062.71,4068.15,4046.38,4064.38,FLIP,-1.87,S433 AI Gold Star 123 (Coppock),
2026-07-09 11:55:00,2026-07-09 12:50:00,BUY,4064.38,4058.88,4080.89,4080.89,TP,16.31,S433 AI Gold Star 123 (Coppock),
2026-07-09 13:45:00,2026-07-09 15:15:00,SELL,4103.48,4112.96,4075.05,4112.96,SL,-9.68,S433 AI Gold Star 123 (Coppock),
2026-07-09 15:20:00,2026-07-09 15:30:00,BUY,4115.77,4109.2,4135.47,4110.49,FLIP,-5.48,S433 AI Gold Star 123 (Coppock),
2026-07-09 15:30:00,2026-07-09 15:35:00,SELL,4110.49,4117.26,4090.17,4114.71,FLIP,-4.42,S433 AI Gold Star 123 (Coppock),
2026-07-09 15:35:00,2026-07-09 15:40:00,BUY,4114.71,4107.98,4134.91,4113.47,FLIP,-1.44,S433 AI Gold Star 123 (Coppock),
2026-07-09 15:40:00,2026-07-09 17:55:00,SELL,4113.47,4119.85,4094.33,4094.33,TP,18.94,S433 AI Gold Star 123 (Coppock),
2026-07-09 19:45:00,2026-07-09 20:10:00,SELL,4112.35,4120.69,4087.32,4120.51,FLIP,-8.36,S433 AI Gold Star 123 (Coppock),
2026-07-09 20:10:00,2026-07-09 20:45:00,BUY,4120.51,4111.03,4148.96,4123.58,FLIP,2.87,S433 AI Gold Star 123 (Coppock),
2026-07-09 20:45:00,2026-07-09 21:00:00,SELL,4123.58,4132.9,4095.61,4131.26,FLIP,-7.88,S433 AI Gold Star 123 (Coppock),
2026-07-09 21:00:00,2026-07-09 21:10:00,BUY,4131.26,4120.84,4162.53,4122.34,FLIP,-9.12,S433 AI Gold Star 123 (Coppock),
2026-07-09 21:10:00,2026-07-09 23:20:00,SELL,4122.34,4133.19,4089.8,4130.67,FLIP,-8.53,S433 AI Gold Star 123 (Coppock),
2026-07-09 23:20:00,2026-07-09 23:45:00,BUY,4130.67,4125.42,4146.43,4131.19,FLIP,0.32,S433 AI Gold Star 123 (Coppock),
2026-07-09 23:45:00,2026-07-09 23:50:00,SELL,4131.19,4136.56,4115.07,4133.16,FLIP,-2.17,S433 AI Gold Star 123 (Coppock),
2026-07-09 23:50:00,2026-07-09 23:55:00,BUY,4133.16,4127.79,4149.26,4128.04,FLIP,-5.32,S433 AI Gold Star 123 (Coppock),
2026-07-09 23:55:00,2026-07-10 00:30:00,SELL,4128.04,4133.53,4111.58,4133.53,SL,-5.69,S433 AI Gold Star 123 (Coppock),
2026-07-10 00:35:00,2026-07-10 00:40:00,BUY,4133.21,4127.63,4149.96,4132.18,FLIP,-1.23,S433 AI Gold Star 123 (Coppock),
2026-07-10 00:40:00,2026-07-10 00:45:00,SELL,4132.18,4137.34,4116.71,4136.17,FLIP,-4.19,S433 AI Gold Star 123 (Coppock),
2026-07-10 00:45:00,2026-07-10 01:00:00,BUY,4136.17,4130.81,4152.24,4130.81,SL,-5.56,S433 AI Gold Star 123 (Coppock),
2026-07-10 01:10:00,2026-07-10 02:10:00,SELL,4128.72,4134.12,4112.53,4124.39,FLIP,4.13,S433 AI Gold Star 123 (Coppock),
2026-07-10 02:10:00,2026-07-10 02:30:00,BUY,4124.39,4120.67,4135.56,4120.67,SL,-3.92,S433 AI Gold Star 123 (Coppock),
2026-07-10 10:10:00,2026-07-10 12:10:00,SELL,4126.59,4133.26,4106.58,4114.06,FLIP,12.33,S433 AI Gold Star 123 (Coppock),
2026-07-10 12:10:00,2026-07-10 12:20:00,BUY,4114.06,4109.59,4127.47,4114.31,FLIP,0.05,S433 AI Gold Star 123 (Coppock),
2026-07-10 12:20:00,2026-07-10 12:30:00,SELL,4114.31,4118.78,4100.89,4113.17,FLIP,0.94,S433 AI Gold Star 123 (Coppock),
2026-07-10 12:30:00,2026-07-10 12:35:00,BUY,4113.17,4108.97,4125.76,4109.26,FLIP,-4.11,S433 AI Gold Star 123 (Coppock),
2026-07-10 12:35:00,2026-07-10 12:40:00,SELL,4109.26,4113.44,4096.71,4114.09,FLIP,-5.03,S433 AI Gold Star 123 (Coppock),
2026-07-10 12:40:00,2026-07-10 12:45:00,BUY,4114.09,4109.53,4127.77,4111.89,FLIP,-2.4,S433 AI Gold Star 123 (Coppock),
2026-07-10 12:45:00,2026-07-10 12:50:00,SELL,4111.89,4116.9,4096.87,4114.35,FLIP,-2.66,S433 AI Gold Star 123 (Coppock),
2026-07-10 12:50:00,2026-07-10 13:40:00,BUY,4114.35,4109.17,4129.9,4111.59,FLIP,-2.96,S433 AI Gold Star 123 (Coppock),
2026-07-10 13:40:00,2026-07-10 14:20:00,SELL,4111.59,4117.79,4092.99,4114.01,FLIP,-2.62,S433 AI Gold Star 123 (Coppock),
2026-07-10 14:20:00,2026-07-10 14:25:00,BUY,4114.01,4108.52,4130.48,4112.53,FLIP,-1.68,S433 AI Gold Star 123 (Coppock),
2026-07-10 14:25:00,2026-07-10 14:35:00,SELL,4112.53,4117.58,4097.38,4111.76,FLIP,0.57,S433 AI Gold Star 123 (Coppock),
2026-07-10 14:35:00,2026-07-10 14:40:00,BUY,4111.76,4106.85,4126.5,4106.48,FLIP,-5.48,S433 AI Gold Star 123 (Coppock),
2026-07-10 14:40:00,2026-07-10 14:50:00,SELL,4106.48,4111.67,4090.91,4108.11,FLIP,-1.83,S433 AI Gold Star 123 (Coppock),
2026-07-10 14:50:00,2026-07-10 15:00:00,BUY,4108.11,4102.94,4123.61,4105.38,FLIP,-2.93,S433 AI Gold Star 123 (Coppock),
2026-07-10 15:00:00,2026-07-10 15:15:00,SELL,4105.38,4111.02,4088.46,4107.74,FLIP,-2.56,S433 AI Gold Star 123 (Coppock),
2026-07-10 15:15:00,2026-07-10 15:20:00,BUY,4107.74,4102.33,4123.98,4105.2,FLIP,-2.74,S433 AI Gold Star 123 (Coppock),
2026-07-10 15:20:00,2026-07-10 15:55:00,SELL,4105.2,4110.62,4088.93,4097.96,FLIP,7.04,S433 AI Gold Star 123 (Coppock),
2026-07-10 15:55:00,2026-07-10 16:00:00,BUY,4097.96,4092.67,4113.83,4098.43,FLIP,0.27,S433 AI Gold Star 123 (Coppock),
2026-07-10 16:00:00,2026-07-10 16:10:00,SELL,4098.43,4103.98,4081.77,4100.76,FLIP,-2.53,S433 AI Gold Star 123 (Coppock),
2026-07-10 16:10:00,2026-07-10 17:30:00,BUY,4100.76,4095.65,4116.09,4106.84,FLIP,5.88,S433 AI Gold Star 123 (Coppock),
2026-07-10 17:30:00,2026-07-10 18:40:00,SELL,4106.84,4111.47,4092.94,4106.8,FLIP,-0.16,S433 AI Gold Star 123 (Coppock),
2026-07-10 18:40:00,2026-07-10 19:05:00,BUY,4106.8,4101.28,4123.36,4101.28,SL,-5.72,S433 AI Gold Star 123 (Coppock),
2026-07-10 21:55:00,2026-07-10 22:20:00,SELL,4092.88,4105.88,4053.87,4105.82,FLIP,-13.14,S433 AI Gold Star 123 (Coppock),
2026-07-10 22:20:00,2026-07-11 02:00:00,BUY,4105.82,4092.1,4146.97,4098.02,FLIP,-8.0,S433 AI Gold Star 123 (Coppock),
2026-07-11 02:00:00,2026-07-11 02:05:00,SELL,4098.02,4101.71,4086.95,4101.42,FLIP,-3.6,S433 AI Gold Star 123 (Coppock),
2026-07-11 02:05:00,2026-07-11 03:00:00,BUY,4101.42,4097.59,4112.91,4112.91,TP,11.29,S433 AI Gold Star 123 (Coppock),
2026-07-11 03:40:00,2026-07-11 03:50:00,SELL,4111.93,4115.36,4101.64,4119.37,FLIP,-7.64,S433 AI Gold Star 123 (Coppock),
2026-07-11 03:50:00,2026-07-11 03:55:00,BUY,4119.37,4115.34,4131.46,4119.36,FLIP,-0.21,S433 AI Gold Star 123 (Coppock),
2026-07-11 03:55:00,2026-07-13 05:05:00,SELL,4119.36,4123.34,4107.43,4107.43,TP,11.73,S433 AI Gold Star 123 (Coppock),
2026-07-13 06:00:00,2026-07-13 06:10:00,BUY,4070.47,4058.52,4106.31,4070.32,FLIP,-0.35,S433 AI Gold Star 123 (Coppock),
2026-07-13 06:10:00,2026-07-13 06:15:00,SELL,4070.32,4081.92,4035.52,4069.75,FLIP,0.37,S433 AI Gold Star 123 (Coppock),
2026-07-13 06:15:00,2026-07-13 07:25:00,BUY,4069.75,4061.6,4094.19,4074.63,FLIP,4.68,S433 AI Gold Star 123 (Coppock),
2026-07-13 07:25:00,2026-07-13 08:10:00,SELL,4074.63,4081.97,4052.61,4079.56,FLIP,-5.13,S433 AI Gold Star 123 (Coppock),
2026-07-13 08:10:00,2026-07-13 08:15:00,BUY,4079.56,4068.59,4112.46,4073.57,FLIP,-6.19,S433 AI Gold Star 123 (Coppock),
2026-07-13 08:15:00,2026-07-13 08:20:00,SELL,4073.57,4084.83,4039.8,4074.33,FLIP,-0.96,S433 AI Gold Star 123 (Coppock),
2026-07-13 08:20:00,2026-07-13 08:50:00,BUY,4074.33,4063.06,4108.14,4074.3,FLIP,-0.23,S433 AI Gold Star 123 (Coppock),
2026-07-13 08:50:00,2026-07-13 10:20:00,SELL,4074.3,4085.55,4040.54,4061.45,FLIP,12.65,S433 AI Gold Star 123 (Coppock),
2026-07-13 10:20:00,2026-07-13 10:25:00,BUY,4061.45,4054.2,4083.2,4061.92,FLIP,0.27,S433 AI Gold Star 123 (Coppock),
2026-07-13 10:25:00,2026-07-13 10:35:00,SELL,4061.92,4069.23,4040.0,4059.78,FLIP,1.94,S433 AI Gold Star 123 (Coppock),
2026-07-13 10:35:00,2026-07-13 10:40:00,BUY,4059.78,4052.6,4081.33,4057.83,FLIP,-2.15,S433 AI Gold Star 123 (Coppock),
2026-07-13 10:40:00,2026-07-13 10:50:00,SELL,4057.83,4064.33,4038.34,4059.57,FLIP,-1.94,S433 AI Gold Star 123 (Coppock),
2026-07-13 10:50:00,2026-07-13 11:10:00,BUY,4059.57,4053.32,4078.32,4053.32,SL,-6.45,S433 AI Gold Star 123 (Coppock),
2026-07-13 11:45:00,2026-07-13 11:50:00,SELL,4053.28,4058.28,4038.28,4054.58,FLIP,-1.5,S433 AI Gold Star 123 (Coppock),
2026-07-13 11:50:00,2026-07-13 12:05:00,BUY,4054.58,4049.59,4069.54,4069.54,TP,14.76,S433 AI Gold Star 123 (Coppock),
2026-07-13 12:25:00,2026-07-13 12:30:00,SELL,4058.16,4065.02,4037.57,4062.16,FLIP,-4.2,S433 AI Gold Star 123 (Coppock),
2026-07-13 12:30:00,2026-07-13 12:50:00,BUY,4062.16,4054.31,4085.7,4058.09,FLIP,-4.27,S433 AI Gold Star 123 (Coppock),
2026-07-13 12:50:00,2026-07-13 13:25:00,SELL,4058.09,4066.73,4032.17,4061.11,FLIP,-3.22,S433 AI Gold Star 123 (Coppock),
2026-07-13 13:25:00,2026-07-13 13:55:00,BUY,4061.11,4052.15,4088.0,4052.15,SL,-9.16,S433 AI Gold Star 123 (Coppock),
2026-07-13 14:35:00,2026-07-13 15:00:00,SELL,4060.23,4067.07,4039.71,4067.07,SL,-7.04,S433 AI Gold Star 123 (Coppock),
2026-07-13 15:45:00,2026-07-13 15:50:00,SELL,4076.25,4083.07,4055.79,4077.78,FLIP,-1.73,S433 AI Gold Star 123 (Coppock),
2026-07-13 15:50:00,2026-07-13 15:55:00,BUY,4077.78,4071.15,4097.67,4074.57,FLIP,-3.41,S433 AI Gold Star 123 (Coppock),
2026-07-13 15:55:00,2026-07-13 17:40:00,SELL,4074.57,4081.37,4054.18,4054.18,TP,20.19,S433 AI Gold Star 123 (Coppock),
2026-07-13 18:00:00,2026-07-13 18:50:00,BUY,4063.65,4056.46,4085.22,4056.46,SL,-7.39,S433 AI Gold Star 123 (Coppock),
2026-07-13 21:55:00,2026-07-13 23:05:00,BUY,4015.22,3998.55,4065.23,4015.22,FLIP,-0.2,S433 AI Gold Star 123 (Coppock),
2026-07-13 23:05:00,2026-07-13 23:30:00,SELL,4015.22,4021.48,3996.45,3996.45,TP,18.57,S433 AI Gold Star 123 (Coppock),
2026-07-14 00:10:00,2026-07-14 01:10:00,BUY,3997.71,3989.01,4023.8,3993.92,FLIP,-3.99,S433 AI Gold Star 123 (Coppock),
2026-07-14 01:10:00,2026-07-14 01:30:00,SELL,3993.92,3999.57,3976.97,3997.02,FLIP,-3.3,S433 AI Gold Star 123 (Coppock),
2026-07-14 01:30:00,2026-07-14 02:20:00,BUY,3997.02,3990.74,4015.86,4000.02,FLIP,2.8,S433 AI Gold Star 123 (Coppock),
2026-07-14 02:20:00,2026-07-14 03:00:00,SELL,4000.02,4006.72,3979.91,4004.65,FLIP,-4.83,S433 AI Gold Star 123 (Coppock),
2026-07-14 03:00:00,2026-07-14 03:10:00,BUY,4004.65,3998.78,4022.27,3998.78,SL,-6.07,S433 AI Gold Star 123 (Coppock),
2026-07-14 06:50:00,2026-07-14 07:00:00,BUY,3999.01,3994.68,4012.01,3994.69,FLIP,-4.52,S433 AI Gold Star 123 (Coppock),
2026-07-14 07:00:00,2026-07-14 07:05:00,SELL,3994.69,4000.29,3977.9,3994.87,FLIP,-0.38,S433 AI Gold Star 123 (Coppock),
2026-07-14 07:05:00,2026-07-14 07:15:00,BUY,3994.87,3988.27,4014.66,3987.81,FLIP,-7.26,S433 AI Gold Star 123 (Coppock),
2026-07-14 07:15:00,2026-07-14 07:25:00,SELL,3987.81,3995.61,3964.41,3995.41,FLIP,-7.8,S433 AI Gold Star 123 (Coppock),
2026-07-14 07:25:00,2026-07-14 08:05:00,BUY,3995.41,3986.7,4021.55,3995.11,FLIP,-0.5,S433 AI Gold Star 123 (Coppock),
2026-07-14 08:05:00,2026-07-14 08:10:00,SELL,3995.11,4006.85,3959.89,3995.3,FLIP,-0.39,S433 AI Gold Star 123 (Coppock),
2026-07-14 08:10:00,2026-07-14 09:40:00,BUY,3995.3,3984.18,4028.66,4010.82,FLIP,15.32,S433 AI Gold Star 123 (Coppock),
2026-07-14 09:40:00,2026-07-14 10:30:00,SELL,4010.82,4018.94,3986.46,4018.94,SL,-8.32,S433 AI Gold Star 123 (Coppock),
2026-07-14 10:40:00,2026-07-14 11:05:00,BUY,4015.28,4009.86,4031.54,4015.14,FLIP,-0.34,S433 AI Gold Star 123 (Coppock),
2026-07-14 11:05:00,2026-07-14 11:30:00,SELL,4015.14,4020.11,4000.24,4021.84,FLIP,-6.9,S433 AI Gold Star 123 (Coppock),
2026-07-14 11:30:00,2026-07-14 11:45:00,BUY,4021.84,4017.29,4035.49,4017.94,FLIP,-4.1,S433 AI Gold Star 123 (Coppock),
2026-07-14 11:45:00,2026-07-14 11:50:00,SELL,4017.94,4022.1,4005.47,4019.82,FLIP,-2.08,S433 AI Gold Star 123 (Coppock),
2026-07-14 11:50:00,2026-07-14 12:25:00,BUY,4019.82,4015.48,4032.83,4022.78,FLIP,2.76,S433 AI Gold Star 123 (Coppock),
2026-07-14 12:25:00,2026-07-14 12:30:00,SELL,4022.78,4027.39,4008.96,4028.91,FLIP,-6.33,S433 AI Gold Star 123 (Coppock),
2026-07-14 12:30:00,2026-07-14 13:00:00,BUY,4028.91,4023.74,4044.43,4029.96,FLIP,0.85,S433 AI Gold Star 123 (Coppock),
2026-07-14 13:00:00,2026-07-14 13:05:00,SELL,4029.96,4035.16,4014.37,4031.93,FLIP,-2.17,S433 AI Gold Star 123 (Coppock),
2026-07-14 13:05:00,2026-07-14 13:15:00,BUY,4031.93,4026.77,4047.42,4028.32,FLIP,-3.81,S433 AI Gold Star 123 (Coppock),
2026-07-14 13:15:00,2026-07-14 19:00:00,SELL,4028.32,4033.39,4013.11,4033.39,SL,-5.27,S433 AI Gold Star 123 (Coppock),
2026-07-14 19:30:00,2026-07-14 19:35:00,BUY,4095.74,4082.14,4136.55,4082.14,SL,-13.8,S433 AI Gold Star 123 (Coppock),
2026-07-14 20:25:00,2026-07-14 21:40:00,SELL,4081.58,4102.96,4017.45,4080.12,FLIP,1.26,S433 AI Gold Star 123 (Coppock),
2026-07-14 21:40:00,2026-07-14 21:45:00,BUY,4080.12,4067.48,4118.04,4079.02,FLIP,-1.3,S433 AI Gold Star 123 (Coppock),
2026-07-14 21:45:00,2026-07-14 21:50:00,SELL,4079.02,4090.99,4043.12,4082.52,FLIP,-3.7,S433 AI Gold Star 123 (Coppock),
2026-07-14 21:50:00,2026-07-14 22:30:00,BUY,4082.52,4070.53,4118.5,4081.46,FLIP,-1.26,S433 AI Gold Star 123 (Coppock),
2026-07-14 22:30:00,2026-07-14 23:35:00,SELL,4081.46,4092.88,4047.19,4060.06,FLIP,21.2,S433 AI Gold Star 123 (Coppock),
2026-07-14 23:35:00,2026-07-15 01:40:00,BUY,4060.06,4052.06,4084.05,4052.06,SL,-8.2,S433 AI Gold Star 123 (Coppock),
2026-07-15 02:10:00,2026-07-15 02:30:00,BUY,4056.61,4050.44,4075.11,4050.44,SL,-6.37,S433 AI Gold Star 123 (Coppock),
2026-07-15 03:15:00,2026-07-15 03:55:00,SELL,4052.76,4056.79,4040.68,4052.59,FLIP,-0.03,S433 AI Gold Star 123 (Coppock),
2026-07-15 03:55:00,2026-07-15 05:00:00,BUY,4052.59,4049.41,4062.12,4052.75,FLIP,-0.04,S433 AI Gold Star 123 (Coppock),
2026-07-15 05:00:00,2026-07-15 05:25:00,SELL,4052.75,4055.59,4044.22,4051.65,FLIP,0.9,S433 AI Gold Star 123 (Coppock),
2026-07-15 05:25:00,2026-07-15 05:45:00,BUY,4051.65,4048.65,4060.66,4049.22,FLIP,-2.63,S433 AI Gold Star 123 (Coppock),
2026-07-15 05:45:00,2026-07-15 06:20:00,SELL,4049.22,4052.46,4039.51,4049.73,FLIP,-0.71,S433 AI Gold Star 123 (Coppock),
2026-07-15 06:20:00,2026-07-15 07:10:00,BUY,4049.73,4046.7,4058.81,4051.33,FLIP,1.4,S433 AI Gold Star 123 (Coppock),
2026-07-15 07:10:00,2026-07-15 07:15:00,SELL,4051.33,4055.69,4038.25,4055.69,SL,-4.56,S433 AI Gold Star 123 (Coppock),
2026-07-15 07:20:00,2026-07-15 07:30:00,BUY,4055.56,4050.52,4070.68,4055.77,FLIP,0.01,S433 AI Gold Star 123 (Coppock),
2026-07-15 07:30:00,2026-07-15 07:50:00,SELL,4055.77,4061.07,4039.87,4057.82,FLIP,-2.25,S433 AI Gold Star 123 (Coppock),
2026-07-15 07:50:00,2026-07-15 08:10:00,BUY,4057.82,4052.63,4073.39,4055.77,FLIP,-2.25,S433 AI Gold Star 123 (Coppock),
2026-07-15 08:10:00,2026-07-15 08:40:00,SELL,4055.77,4061.88,4037.44,4037.44,TP,18.13,S433 AI Gold Star 123 (Coppock),
2026-07-15 09:30:00,2026-07-15 10:35:00,BUY,4035.84,4028.02,4059.3,4032.62,FLIP,-3.42,S433 AI Gold Star 123 (Coppock),
2026-07-15 10:35:00,2026-07-15 11:05:00,SELL,4032.62,4038.48,4015.05,4032.0,FLIP,0.42,S433 AI Gold Star 123 (Coppock),
2026-07-15 11:05:00,2026-07-15 11:40:00,BUY,4032.0,4026.94,4047.18,4030.23,FLIP,-1.97,S433 AI Gold Star 123 (Coppock),
2026-07-15 11:40:00,2026-07-15 11:45:00,SELL,4030.23,4034.24,4018.21,4031.59,FLIP,-1.56,S433 AI Gold Star 123 (Coppock),
2026-07-15 11:45:00,2026-07-15 12:05:00,BUY,4031.59,4027.5,4043.87,4031.14,FLIP,-0.65,S433 AI Gold Star 123 (Coppock),
2026-07-15 12:05:00,2026-07-15 12:35:00,SELL,4031.14,4035.42,4018.3,4031.51,FLIP,-0.57,S433 AI Gold Star 123 (Coppock),
2026-07-15 12:35:00,2026-07-15 13:15:00,BUY,4031.51,4025.87,4048.43,4025.87,SL,-5.84,S433 AI Gold Star 123 (Coppock),
2026-07-15 20:10:00,2026-07-15 20:15:00,SELL,4061.78,4071.26,4033.34,4065.89,FLIP,-4.31,S433 AI Gold Star 123 (Coppock),
2026-07-15 20:15:00,2026-07-15 20:20:00,BUY,4065.89,4056.26,4094.79,4061.82,FLIP,-4.27,S433 AI Gold Star 123 (Coppock),
2026-07-15 20:20:00,2026-07-15 21:20:00,SELL,4061.82,4071.63,4032.39,4057.69,FLIP,3.93,S433 AI Gold Star 123 (Coppock),
2026-07-15 21:20:00,2026-07-15 21:25:00,BUY,4057.69,4049.18,4083.23,4058.26,FLIP,0.37,S433 AI Gold Star 123 (Coppock),
2026-07-15 21:25:00,2026-07-15 21:30:00,SELL,4058.26,4066.64,4033.12,4062.13,FLIP,-4.07,S433 AI Gold Star 123 (Coppock),
2026-07-15 21:30:00,2026-07-15 21:45:00,BUY,4062.13,4053.66,4087.54,4053.66,SL,-8.67,S433 AI Gold Star 123 (Coppock),
2026-07-15 21:50:00,2026-07-15 21:55:00,SELL,4056.05,4064.31,4031.26,4060.31,FLIP,-4.46,S433 AI Gold Star 123 (Coppock),
2026-07-15 21:55:00,2026-07-15 22:00:00,BUY,4060.31,4052.23,4084.54,4059.16,FLIP,-1.35,S433 AI Gold Star 123 (Coppock),
2026-07-15 22:00:00,2026-07-15 22:45:00,SELL,4059.16,4067.17,4035.12,4049.67,FLIP,9.29,S433 AI Gold Star 123 (Coppock),
2026-07-15 22:45:00,2026-07-15 22:55:00,BUY,4049.67,4041.84,4073.16,4047.07,FLIP,-2.8,S433 AI Gold Star 123 (Coppock),
2026-07-15 22:55:00,2026-07-15 23:00:00,SELL,4047.07,4054.36,4025.21,4043.35,FLIP,3.52,S433 AI Gold Star 123 (Coppock),
2026-07-15 23:00:00,2026-07-15 23:10:00,BUY,4043.35,4036.1,4065.1,4038.34,FLIP,-5.21,S433 AI Gold Star 123 (Coppock),
2026-07-15 23:10:00,2026-07-15 23:20:00,SELL,4038.34,4045.37,4017.24,4035.75,FLIP,2.39,S433 AI Gold Star 123 (Coppock),
2026-07-15 23:20:00,2026-07-15 23:25:00,BUY,4035.75,4029.16,4055.52,4034.84,FLIP,-1.11,S433 AI Gold Star 123 (Coppock),
2026-07-15 23:25:00,2026-07-15 23:45:00,SELL,4034.84,4041.55,4014.7,4035.72,FLIP,-1.08,S433 AI Gold Star 123 (Coppock),
2026-07-15 23:45:00,2026-07-16 00:35:00,BUY,4035.72,4028.46,4057.5,4057.5,TP,21.58,S433 AI Gold Star 123 (Coppock),
2026-07-16 01:20:00,2026-07-16 01:30:00,SELL,4070.84,4078.49,4047.9,4078.49,SL,-7.85,S433 AI Gold Star 123 (Coppock),
2026-07-16 02:50:00,2026-07-16 07:55:00,BUY,4053.43,4047.26,4071.94,4047.26,SL,-6.37,S433 AI Gold Star 123 (Coppock),
2026-07-16 08:35:00,2026-07-16 08:40:00,BUY,4044.51,4035.75,4070.78,4042.15,FLIP,-2.56,S433 AI Gold Star 123 (Coppock),
2026-07-16 08:40:00,2026-07-16 08:45:00,SELL,4042.15,4051.14,4015.17,4041.37,FLIP,0.58,S433 AI Gold Star 123 (Coppock),
2026-07-16 08:45:00,2026-07-16 09:10:00,BUY,4041.37,4032.28,4068.63,4032.28,SL,-9.29,S433 AI Gold Star 123 (Coppock),
2026-07-16 09:35:00,2026-07-16 09:55:00,SELL,4027.28,4033.66,4008.15,4031.56,FLIP,-4.48,S433 AI Gold Star 123 (Coppock),
2026-07-16 09:55:00,2026-07-16 11:05:00,BUY,4031.56,4025.42,4049.98,4032.08,FLIP,0.32,S433 AI Gold Star 123 (Coppock),
2026-07-16 11:05:00,2026-07-16 11:10:00,SELL,4032.08,4035.97,4020.41,4036.96,FLIP,-5.08,S433 AI Gold Star 123 (Coppock),
2026-07-16 11:10:00,2026-07-16 11:15:00,BUY,4036.96,4032.63,4049.94,4033.35,FLIP,-3.81,S433 AI Gold Star 123 (Coppock),
2026-07-16 11:15:00,2026-07-16 18:45:00,SELL,4033.35,4037.83,4019.9,4037.83,SL,-4.68,S433 AI Gold Star 123 (Coppock),
2026-07-16 19:15:00,2026-07-16 19:50:00,SELL,4028.88,4039.75,3996.28,3996.28,TP,32.4,S433 AI Gold Star 123 (Coppock),
2026-07-16 20:15:00,2026-07-16 21:55:00,BUY,3995.23,3979.28,4043.09,3997.86,FLIP,2.43,S433 AI Gold Star 123 (Coppock),
2026-07-16 21:55:00,2026-07-16 22:05:00,SELL,3997.86,4008.09,3967.17,3995.25,FLIP,2.41,S433 AI Gold Star 123 (Coppock),
2026-07-16 22:05:00,2026-07-16 22:10:00,BUY,3995.25,3984.98,4026.07,3992.81,FLIP,-2.64,S433 AI Gold Star 123 (Coppock),
2026-07-16 22:10:00,2026-07-16 22:20:00,SELL,3992.81,4002.86,3962.67,4002.86,SL,-10.25,S433 AI Gold Star 123 (Coppock),
2026-07-16 22:50:00,2026-07-16 22:55:00,SELL,4009.08,4018.7,3980.23,4006.95,FLIP,1.93,S433 AI Gold Star 123 (Coppock),
2026-07-16 22:55:00,2026-07-16 23:00:00,BUY,4006.95,3997.71,4034.67,3999.44,FLIP,-7.71,S433 AI Gold Star 123 (Coppock),
2026-07-16 23:00:00,2026-07-17 00:50:00,SELL,3999.44,4009.03,3970.66,3986.55,FLIP,12.69,S433 AI Gold Star 123 (Coppock),
2026-07-17 00:50:00,2026-07-17 00:55:00,BUY,3986.55,3980.45,4004.85,3984.56,FLIP,-2.19,S433 AI Gold Star 123 (Coppock),
2026-07-17 00:55:00,2026-07-17 01:00:00,SELL,3984.56,3990.61,3966.41,3985.59,FLIP,-1.23,S433 AI Gold Star 123 (Coppock),
2026-07-17 01:00:00,2026-07-17 01:30:00,BUY,3985.59,3979.69,4003.3,3979.69,SL,-6.1,S433 AI Gold Star 123 (Coppock),
2026-07-17 02:45:00,2026-07-17 08:00:00,BUY,3975.02,3968.97,3993.16,3988.55,FLIP,13.33,S433 AI Gold Star 123 (Coppock),
2026-07-17 08:00:00,2026-07-17 08:05:00,SELL,3988.55,3995.12,3968.83,3990.67,FLIP,-2.32,S433 AI Gold Star 123 (Coppock),
2026-07-17 08:05:00,2026-07-17 08:45:00,BUY,3990.67,3984.06,4010.51,3983.96,FLIP,-6.91,S433 AI Gold Star 123 (Coppock),
2026-07-17 08:45:00,2026-07-17 10:05:00,SELL,3983.96,3991.48,3961.39,3991.48,SL,-7.72,S433 AI Gold Star 123 (Coppock),
2026-07-17 10:50:00,2026-07-17 13:15:00,SELL,3993.37,4001.52,3968.93,4001.52,SL,-8.35,S433 AI Gold Star 123 (Coppock),
2026-07-17 13:40:00,2026-07-17 19:40:00,SELL,3996.26,4004.73,3970.85,3970.85,TP,25.21,S433 AI Gold Star 123 (Coppock),
2026-07-17 20:15:00,2026-07-17 20:35:00,BUY,3970.91,3960.32,4002.67,4002.67,TP,31.56,S433 AI Gold Star 123 (Coppock),
2026-07-17 21:30:00,2026-07-17 22:00:00,SELL,3994.55,4009.59,3949.42,4012.39,FLIP,-18.04,S433 AI Gold Star 123 (Coppock),
2026-07-17 22:00:00,2026-07-17 22:05:00,BUY,4012.39,4001.1,4046.25,4008.37,FLIP,-4.22,S433 AI Gold Star 123 (Coppock),
2026-07-17 22:05:00,2026-07-17 22:20:00,SELL,4008.37,4019.82,3974.02,4008.46,FLIP,-0.29,S433 AI Gold Star 123 (Coppock),
2026-07-17 22:20:00,2026-07-17 22:30:00,BUY,4008.46,3997.18,4042.3,4010.97,FLIP,2.31,S433 AI Gold Star 123 (Coppock),
2026-07-17 22:30:00,2026-07-17 22:35:00,SELL,4010.97,4022.08,3977.65,4014.26,FLIP,-3.49,S433 AI Gold Star 123 (Coppock),
2026-07-17 22:35:00,2026-07-17 23:05:00,BUY,4014.26,4003.15,4047.58,4017.8,FLIP,3.34,S433 AI Gold Star 123 (Coppock),
2026-07-17 23:05:00,2026-07-18 00:45:00,SELL,4017.8,4028.3,3986.29,4012.95,FLIP,4.65,S433 AI Gold Star 123 (Coppock),
2026-07-18 00:45:00,2026-07-18 00:50:00,BUY,4012.95,4008.01,4027.78,4009.43,FLIP,-3.72,S433 AI Gold Star 123 (Coppock),
2026-07-18 00:50:00,2026-07-18 01:05:00,SELL,4009.43,4014.37,3994.61,4012.12,FLIP,-2.89,S433 AI Gold Star 123 (Coppock),
2026-07-18 01:05:00,2026-07-18 01:40:00,BUY,4012.12,4007.37,4026.37,4007.37,SL,-4.95,S433 AI Gold Star 123 (Coppock),
2026-07-20 06:00:00,2026-07-20 06:10:00,BUY,3994.92,3988.06,4015.51,3991.09,FLIP,-4.03,S433 AI Gold Star 123 (Coppock),
2026-07-20 06:10:00,2026-07-20 06:15:00,SELL,3991.09,3997.92,3970.61,3991.39,FLIP,-0.5,S433 AI Gold Star 123 (Coppock),
2026-07-20 06:15:00,2026-07-20 07:00:00,BUY,3991.39,3986.67,4005.54,3987.21,FLIP,-4.38,S433 AI Gold Star 123 (Coppock),
2026-07-20 07:00:00,2026-07-20 07:10:00,SELL,3987.21,3993.13,3969.46,3996.03,FLIP,-9.02,S433 AI Gold Star 123 (Coppock),
2026-07-20 07:10:00,2026-07-20 08:05:00,BUY,3996.03,3989.14,4016.69,4016.69,TP,20.46,S433 AI Gold Star 123 (Coppock),
2026-07-20 08:15:00,2026-07-20 09:40:00,SELL,4004.49,4015.12,3972.61,4015.12,SL,-10.83,S433 AI Gold Star 123 (Coppock),
2026-07-20 10:25:00,2026-07-20 12:55:00,SELL,4022.17,4029.25,4000.92,4008.7,FLIP,13.27,S433 AI Gold Star 123 (Coppock),
2026-07-20 12:55:00,2026-07-20 13:30:00,BUY,4008.7,4003.47,4024.38,4003.47,SL,-5.43,S433 AI Gold Star 123 (Coppock),
2026-07-20 14:10:00,2026-07-20 14:20:00,SELL,4004.29,4008.98,3990.21,4008.62,FLIP,-4.53,S433 AI Gold Star 123 (Coppock),
2026-07-20 14:20:00,2026-07-20 14:25:00,BUY,4008.62,4003.94,4022.67,4003.94,SL,-4.88,S433 AI Gold Star 123 (Coppock),
2026-07-20 15:25:00,2026-07-20 16:35:00,SELL,4021.96,4030.18,3997.29,4020.05,FLIP,1.71,S433 AI Gold Star 123 (Coppock),
2026-07-20 16:35:00,2026-07-20 18:05:00,BUY,4020.05,4015.2,4034.59,4022.73,FLIP,2.48,S433 AI Gold Star 123 (Coppock),
2026-07-20 18:05:00,2026-07-20 18:30:00,SELL,4022.73,4026.73,4010.73,4036.81,FLIP,-14.28,S433 AI Gold Star 123 (Coppock),
2026-07-20 18:30:00,2026-07-20 18:35:00,BUY,4036.81,4030.97,4054.34,4030.97,SL,-6.04,S433 AI Gold Star 123 (Coppock),
2026-07-20 18:45:00,2026-07-20 19:55:00,SELL,4027.68,4034.76,4006.44,4008.21,FLIP,19.27,S433 AI Gold Star 123 (Coppock),
2026-07-20 19:55:00,2026-07-20 21:10:00,BUY,4008.21,4000.63,4030.94,4000.63,SL,-7.78,S433 AI Gold Star 123 (Coppock),
2026-07-21 01:05:00,2026-07-21 01:20:00,BUY,4009.57,4005.81,4020.85,4005.81,SL,-3.96,S433 AI Gold Star 123 (Coppock),
2026-07-21 08:20:00,2026-07-21 09:30:00,SELL,4028.14,4036.24,4003.83,4030.57,FLIP,-2.63,S433 AI Gold Star 123 (Coppock),
2026-07-21 09:30:00,2026-07-21 10:25:00,BUY,4030.57,4023.97,4050.37,4050.37,TP,19.6,S433 AI Gold Star 123 (Coppock),
2026-07-21 10:30:00,2026-07-21 12:05:00,SELL,4044.78,4052.74,4020.91,4050.32,FLIP,-5.74,S433 AI Gold Star 123 (Coppock),
2026-07-21 12:05:00,2026-07-21 12:40:00,BUY,4050.32,4046.42,4062.03,4062.03,TP,11.51,S433 AI Gold Star 123 (Coppock),
2026-07-21 13:25:00,2026-07-21 13:40:00,SELL,4072.39,4079.08,4052.31,4079.08,SL,-6.89,S433 AI Gold Star 123 (Coppock),
2026-07-21 13:45:00,2026-07-21 13:50:00,BUY,4083.05,4076.11,4103.88,4080.24,FLIP,-3.01,S433 AI Gold Star 123 (Coppock),
2026-07-21 13:50:00,2026-07-21 15:15:00,SELL,4080.24,4086.95,4060.12,4066.89,FLIP,13.15,S433 AI Gold Star 123 (Coppock),
2026-07-21 15:15:00,2026-07-21 15:20:00,BUY,4066.89,4062.09,4081.28,4063.99,FLIP,-3.1,S433 AI Gold Star 123 (Coppock),
2026-07-21 15:20:00,2026-07-21 15:35:00,SELL,4063.99,4068.81,4049.53,4062.4,FLIP,1.39,S433 AI Gold Star 123 (Coppock),
2026-07-21 15:35:00,2026-07-21 15:40:00,BUY,4062.4,4057.62,4076.73,4062.25,FLIP,-0.35,S433 AI Gold Star 123 (Coppock),
2026-07-21 15:40:00,2026-07-21 15:55:00,SELL,4062.25,4066.59,4049.24,4062.8,FLIP,-0.75,S433 AI Gold Star 123 (Coppock),
2026-07-21 15:55:00,2026-07-21 18:00:00,BUY,4062.8,4058.13,4076.82,4058.13,SL,-4.87,S433 AI Gold Star 123 (Coppock),
2026-07-21 18:55:00,2026-07-21 19:35:00,BUY,4055.95,4051.21,4070.18,4055.17,FLIP,-0.98,S433 AI Gold Star 123 (Coppock),
2026-07-21 19:35:00,2026-07-21 19:45:00,SELL,4055.17,4060.88,4038.03,4060.1,FLIP,-5.13,S433 AI Gold Star 123 (Coppock),
2026-07-21 19:45:00,2026-07-21 19:55:00,BUY,4060.1,4053.41,4080.18,4053.41,SL,-6.89,S433 AI Gold Star 123 (Coppock),
2026-07-21 22:05:00,2026-07-21 22:15:00,SELL,4069.29,4077.14,4045.74,4077.09,FLIP,-8.0,S433 AI Gold Star 123 (Coppock),
2026-07-21 22:15:00,2026-07-21 22:20:00,BUY,4077.09,4069.21,4100.73,4078.28,FLIP,0.99,S433 AI Gold Star 123 (Coppock),
2026-07-21 22:20:00,2026-07-21 22:30:00,SELL,4078.28,4085.37,4057.02,4081.2,FLIP,-3.12,S433 AI Gold Star 123 (Coppock),
2026-07-21 22:30:00,2026-07-21 22:35:00,BUY,4081.2,4074.24,4102.09,4080.23,FLIP,-1.17,S433 AI Gold Star 123 (Coppock),
2026-07-21 22:35:00,2026-07-22 03:05:00,SELL,4080.23,4087.12,4059.57,4085.12,FLIP,-5.09,S433 AI Gold Star 123 (Coppock),
2026-07-22 03:05:00,2026-07-22 03:10:00,BUY,4085.12,4081.59,4095.72,4084.37,FLIP,-0.95,S433 AI Gold Star 123 (Coppock),
2026-07-22 03:10:00,2026-07-22 05:15:00,SELL,4084.37,4087.74,4074.26,4080.23,FLIP,3.94,S433 AI Gold Star 123 (Coppock),
2026-07-22 05:15:00,2026-07-22 07:00:00,BUY,4080.23,4077.33,4088.92,4077.33,SL,-3.1,S433 AI Gold Star 123 (Coppock),
2026-07-22 08:20:00,2026-07-22 08:25:00,SELL,4112.41,4122.84,4081.12,4115.53,FLIP,-3.32,S433 AI Gold Star 123 (Coppock),
2026-07-22 08:25:00,2026-07-22 08:50:00,BUY,4115.53,4105.24,4146.4,4119.52,FLIP,3.79,S433 AI Gold Star 123 (Coppock),
2026-07-22 08:50:00,2026-07-22 09:30:00,SELL,4119.52,4129.12,4090.71,4129.12,SL,-9.8,S433 AI Gold Star 123 (Coppock),
2026-07-22 09:55:00,2026-07-22 10:30:00,BUY,4130.59,4124.28,4149.51,4135.24,FLIP,4.45,S433 AI Gold Star 123 (Coppock),
2026-07-22 10:30:00,2026-07-22 11:45:00,SELL,4135.24,4141.59,4116.18,4126.25,FLIP,8.79,S433 AI Gold Star 123 (Coppock),
2026-07-22 11:45:00,2026-07-22 13:20:00,BUY,4126.25,4122.73,4136.81,4125.22,FLIP,-1.23,S433 AI Gold Star 123 (Coppock),
2026-07-22 13:20:00,2026-07-22 14:15:00,SELL,4125.22,4131.16,4107.41,4118.88,FLIP,6.14,S433 AI Gold Star 123 (Coppock),
2026-07-22 14:15:00,2026-07-22 14:40:00,BUY,4118.88,4112.36,4138.45,4112.36,SL,-6.72,S433 AI Gold Star 123 (Coppock),
2026-07-22 21:15:00,2026-07-22 22:20:00,SELL,4149.03,4159.42,4117.85,4159.85,FLIP,-11.02,S433 AI Gold Star 123 (Coppock),
2026-07-22 22:20:00,2026-07-22 23:00:00,BUY,4159.85,4151.99,4183.42,4156.87,FLIP,-3.18,S433 AI Gold Star 123 (Coppock),
2026-07-22 23:00:00,2026-07-23 00:10:00,SELL,4156.87,4163.51,4136.96,4145.33,FLIP,11.34,S433 AI Gold Star 123 (Coppock),
2026-07-23 00:10:00,2026-07-23 00:35:00,BUY,4145.33,4139.85,4161.78,4139.85,SL,-5.68,S433 AI Gold Star 123 (Coppock),
2026-07-23 01:00:00,2026-07-23 01:15:00,SELL,4137.73,4142.98,4121.98,4138.85,FLIP,-1.32,S433 AI Gold Star 123 (Coppock),
2026-07-23 01:15:00,2026-07-23 01:20:00,BUY,4138.85,4133.72,4154.25,4136.7,FLIP,-2.35,S433 AI Gold Star 123 (Coppock),
2026-07-23 01:20:00,2026-07-23 01:45:00,SELL,4136.7,4142.03,4120.7,4137.58,FLIP,-1.08,S433 AI Gold Star 123 (Coppock),
2026-07-23 01:45:00,2026-07-23 02:20:00,BUY,4137.58,4132.83,4151.83,4132.83,SL,-4.95,S433 AI Gold Star 123 (Coppock),
2026-07-23 02:50:00,2026-07-23 03:00:00,SELL,4130.69,4134.75,4118.52,4134.75,SL,-4.26,S433 AI Gold Star 123 (Coppock),
2026-07-23 03:05:00,2026-07-23 03:40:00,BUY,4133.45,4128.88,4147.15,4130.91,FLIP,-2.74,S433 AI Gold Star 123 (Coppock),
2026-07-23 03:40:00,2026-07-23 05:00:00,SELL,4130.91,4135.4,4117.45,4117.45,TP,13.26,S433 AI Gold Star 123 (Coppock),
2026-07-23 05:25:00,2026-07-23 05:30:00,BUY,4128.81,4123.07,4146.02,4125.76,FLIP,-3.25,S433 AI Gold Star 123 (Coppock),
2026-07-23 05:30:00,2026-07-23 05:45:00,SELL,4125.76,4131.77,4107.74,4124.56,FLIP,1.0,S433 AI Gold Star 123 (Coppock),
2026-07-23 05:45:00,2026-07-23 06:00:00,BUY,4124.56,4117.54,4145.63,4117.54,SL,-7.22,S433 AI Gold Star 123 (Coppock),
2026-07-23 06:05:00,2026-07-23 06:10:00,SELL,4118.26,4126.25,4094.29,4123.96,FLIP,-5.9,S433 AI Gold Star 123 (Coppock),
2026-07-23 06:10:00,2026-07-23 07:35:00,BUY,4123.96,4116.46,4146.46,4128.38,FLIP,4.22,S433 AI Gold Star 123 (Coppock),
2026-07-23 07:35:00,2026-07-23 08:00:00,SELL,4128.38,4134.74,4109.31,4134.74,SL,-6.56,S433 AI Gold Star 123 (Coppock),
2026-07-23 08:10:00,2026-07-23 08:30:00,BUY,4134.47,4127.84,4154.35,4133.27,FLIP,-1.4,S433 AI Gold Star 123 (Coppock),
2026-07-23 08:30:00,2026-07-23 09:30:00,SELL,4133.27,4140.89,4110.42,4116.64,FLIP,16.43,S433 AI Gold Star 123 (Coppock),
2026-07-23 09:30:00,2026-07-23 10:35:00,BUY,4116.64,4108.39,4141.4,4129.43,FLIP,12.59,S433 AI Gold Star 123 (Coppock),
2026-07-23 10:35:00,2026-07-23 14:05:00,SELL,4129.43,4135.05,4112.58,4112.58,TP,16.65,S433 AI Gold Star 123 (Coppock),
2026-07-23 15:05:00,2026-07-23 16:35:00,BUY,4095.95,4086.84,4123.28,4091.95,FLIP,-4.2,S433 AI Gold Star 123 (Coppock),
2026-07-23 16:35:00,2026-07-23 17:35:00,SELL,4091.95,4097.66,4074.82,4090.0,FLIP,1.75,S433 AI Gold Star 123 (Coppock),
2026-07-23 17:35:00,2026-07-23 18:10:00,BUY,4090.0,4084.71,4105.86,4087.73,FLIP,-2.47,S433 AI Gold Star 123 (Coppock),
2026-07-23 18:10:00,2026-07-23 19:05:00,SELL,4087.73,4093.12,4071.55,4083.18,FLIP,4.35,S433 AI Gold Star 123 (Coppock),
2026-07-23 19:05:00,2026-07-23 19:15:00,BUY,4083.18,4076.66,4102.75,4077.94,FLIP,-5.44,S433 AI Gold Star 123 (Coppock),
2026-07-23 19:15:00,2026-07-23 19:25:00,SELL,4077.94,4085.27,4055.94,4075.17,FLIP,2.57,S433 AI Gold Star 123 (Coppock),
2026-07-23 19:25:00,2026-07-23 19:35:00,BUY,4075.17,4067.12,4099.32,4067.12,SL,-8.25,S433 AI Gold Star 123 (Coppock),
2026-07-23 19:40:00,2026-07-23 20:10:00,SELL,4068.82,4078.02,4041.23,4041.23,TP,27.39,S433 AI Gold Star 123 (Coppock),
2026-07-23 20:25:00,2026-07-23 20:55:00,BUY,4058.96,4047.52,4093.28,4047.52,SL,-11.64,S433 AI Gold Star 123 (Coppock),
2026-07-24 01:15:00,2026-07-24 03:15:00,BUY,4043.1,4038.66,4056.42,4048.63,FLIP,5.33,S433 AI Gold Star 123 (Coppock),
2026-07-24 03:15:00,2026-07-24 03:20:00,SELL,4048.63,4052.26,4037.73,4049.04,FLIP,-0.61,S433 AI Gold Star 123 (Coppock),
2026-07-24 03:20:00,2026-07-24 03:30:00,BUY,4049.04,4045.39,4059.99,4049.96,FLIP,0.72,S433 AI Gold Star 123 (Coppock),
2026-07-24 03:30:00,2026-07-24 09:45:00,SELL,4049.96,4053.29,4039.97,4039.97,TP,9.79,S433 AI Gold Star 123 (Coppock),
2026-07-24 10:25:00,2026-07-24 11:30:00,BUY,4030.39,4023.41,4051.33,4028.96,FLIP,-1.63,S433 AI Gold Star 123 (Coppock),
2026-07-24 11:30:00,2026-07-24 12:00:00,SELL,4028.96,4031.91,4020.11,4028.73,FLIP,0.03,S433 AI Gold Star 123 (Coppock),
2026-07-24 12:00:00,2026-07-24 12:15:00,BUY,4028.73,4025.85,4037.37,4024.34,FLIP,-4.59,S433 AI Gold Star 123 (Coppock),
2026-07-24 12:15:00,2026-07-24 12:20:00,SELL,4024.34,4027.96,4013.49,4027.43,FLIP,-3.29,S433 AI Gold Star 123 (Coppock),
2026-07-24 12:20:00,2026-07-24 12:35:00,BUY,4027.43,4023.44,4039.41,4026.15,FLIP,-1.48,S433 AI Gold Star 123 (Coppock),
2026-07-24 12:35:00,2026-07-24 12:45:00,SELL,4026.15,4031.25,4010.86,4028.11,FLIP,-2.16,S433 AI Gold Star 123 (Coppock),
2026-07-24 12:45:00,2026-07-24 12:50:00,BUY,4028.11,4022.54,4044.81,4023.65,FLIP,-4.66,S433 AI Gold Star 123 (Coppock),
2026-07-24 12:50:00,2026-07-24 13:10:00,SELL,4023.65,4029.74,4005.37,4029.74,SL,-6.29,S433 AI Gold Star 123 (Coppock),
2026-07-24 14:35:00,2026-07-24 15:40:00,SELL,4046.9,4053.11,4028.27,4053.11,SL,-6.41,S433 AI Gold Star 123 (Coppock),
2026-07-24 15:45:00,2026-07-24 16:20:00,BUY,4054.74,4050.51,4067.44,4054.68,FLIP,-0.26,S433 AI Gold Star 123 (Coppock),
2026-07-24 16:20:00,2026-07-24 16:55:00,SELL,4054.68,4059.6,4039.92,4059.6,SL,-5.12,S433 AI Gold Star 123 (Coppock),
2026-07-24 17:05:00,2026-07-24 17:10:00,BUY,4060.39,4056.26,4072.77,4058.15,FLIP,-2.44,S433 AI Gold Star 123 (Coppock),
2026-07-24 17:10:00,2026-07-24 17:15:00,SELL,4058.15,4062.05,4046.44,4059.62,FLIP,-1.67,S433 AI Gold Star 123 (Coppock),
2026-07-24 17:15:00,2026-07-24 17:40:00,BUY,4059.62,4055.5,4071.98,4058.37,FLIP,-1.45,S433 AI Gold Star 123 (Coppock),
2026-07-24 17:40:00,2026-07-24 18:00:00,SELL,4058.37,4062.01,4047.45,4062.01,SL,-3.84,S433 AI Gold Star 123 (Coppock),
2026-07-24 19:20:00,2026-07-24 19:40:00,BUY,4058.39,4053.16,4074.09,4053.16,SL,-5.43,S433 AI Gold Star 123 (Coppock),
2026-07-24 20:35:00,2026-07-24 20:45:00,BUY,4056.18,4049.31,4076.79,4049.31,SL,-7.07,S433 AI Gold Star 123 (Coppock),
2026-07-24 21:40:00,2026-07-24 22:10:00,SELL,4060.31,4070.17,4030.74,4074.72,FLIP,-14.61,S433 AI Gold Star 123 (Coppock),
2026-07-24 22:10:00,2026-07-24 22:40:00,BUY,4074.72,4066.34,4099.85,4072.03,FLIP,-2.89,S433 AI Gold Star 123 (Coppock),
2026-07-24 22:40:00,2026-07-24 22:45:00,SELL,4072.03,4081.08,4044.87,4072.99,FLIP,-1.16,S433 AI Gold Star 123 (Coppock),
2026-07-24 22:45:00,2026-07-24 23:05:00,BUY,4072.99,4064.4,4098.76,4076.13,FLIP,2.94,S433 AI Gold Star 123 (Coppock),
2026-07-24 23:05:00,2026-07-25 00:20:00,SELL,4076.13,4084.07,4052.32,4068.77,FLIP,7.16,S433 AI Gold Star 123 (Coppock),
2026-07-25 00:20:00,2026-07-25 00:50:00,BUY,4068.77,4064.05,4082.92,4064.05,SL,-4.92,S433 AI Gold Star 123 (Coppock),
2026-07-25 02:00:00,2026-07-25 02:15:00,BUY,4054.73,4050.18,4068.38,4050.18,SL,-4.75,S433 AI Gold Star 123 (Coppock),
2026-07-25 03:30:00,2026-07-25 03:40:00,SELL,4052.33,4055.5,4042.83,4055.45,FLIP,-3.32,S433 AI Gold Star 123 (Coppock),
2026-07-25 03:40:00,2026-07-25 03:45:00,BUY,4055.45,4052.44,4064.48,4054.5,FLIP,-1.15,S433 AI Gold Star 123 (Coppock),
2026-07-25 03:45:00,2026-07-27 05:05:00,SELL,4054.5,4057.44,4045.68,4088.21,FLIP,-33.91,S433 AI Gold Star 123 (Coppock),
2026-07-27 05:05:00,2026-07-27 06:00:00,BUY,4088.21,4081.52,4108.29,4087.49,FLIP,-0.92,S433 AI Gold Star 123 (Coppock),
2026-07-27 06:00:00,2026-07-27 06:50:00,SELL,4087.49,4096.21,4061.34,4096.21,SL,-8.92,S433 AI Gold Star 123 (Coppock),
2026-07-27 06:55:00,2026-07-27 07:05:00,BUY,4094.2,4089.93,4107.01,4107.01,TP,12.61,S433 AI Gold Star 123 (Coppock),
2026-07-27 07:25:00,2026-07-27 07:30:00,SELL,4094.55,4103.06,4069.03,4099.75,FLIP,-5.4,S433 AI Gold Star 123 (Coppock),
2026-07-27 07:30:00,2026-07-27 07:35:00,BUY,4099.75,4090.86,4126.42,4099.56,FLIP,-0.39,S433 AI Gold Star 123 (Coppock),
2026-07-27 07:35:00,2026-07-27 07:50:00,SELL,4099.56,4108.6,4072.43,4108.6,SL,-9.24,S433 AI Gold Star 123 (Coppock),
2026-07-27 08:35:00,2026-07-27 08:40:00,BUY,4103.68,4095.24,4129.0,4102.76,FLIP,-1.12,S433 AI Gold Star 123 (Coppock),
2026-07-27 08:40:00,2026-07-27 08:45:00,SELL,4102.76,4110.79,4078.67,4105.76,FLIP,-3.2,S433 AI Gold Star 123 (Coppock),
2026-07-27 08:45:00,2026-07-27 09:00:00,BUY,4105.76,4097.59,4130.26,4105.45,FLIP,-0.51,S433 AI Gold Star 123 (Coppock),
2026-07-27 09:00:00,2026-07-27 10:30:00,SELL,4105.45,4113.68,4080.75,4090.25,FLIP,15.0,S433 AI Gold Star 123 (Coppock),
2026-07-27 10:30:00,2026-07-27 12:45:00,BUY,4090.25,4085.29,4105.13,4085.29,SL,-5.16,S433 AI Gold Star 123 (Coppock),
2026-07-27 14:10:00,2026-07-27 14:30:00,BUY,4102.06,4097.36,4116.15,4102.76,FLIP,0.5,S433 AI Gold Star 123 (Coppock),
2026-07-27 14:30:00,2026-07-27 14:55:00,SELL,4102.76,4107.35,4089.0,4089.0,TP,13.56,S433 AI Gold Star 123 (Coppock),
2026-07-27 15:40:00,2026-07-27 19:15:00,BUY,4091.31,4085.9,4107.55,4085.9,SL,-5.61,S433 AI Gold Star 123 (Coppock),
2026-07-27 19:35:00,2026-07-27 19:45:00,BUY,4087.2,4081.18,4105.26,4082.72,FLIP,-4.68,S433 AI Gold Star 123 (Coppock),
2026-07-27 19:45:00,2026-07-27 20:00:00,SELL,4082.72,4089.08,4063.63,4084.02,FLIP,-1.5,S433 AI Gold Star 123 (Coppock),
2026-07-27 20:00:00,2026-07-27 20:25:00,BUY,4084.02,4077.2,4104.49,4076.12,FLIP,-8.1,S433 AI Gold Star 123 (Coppock),
2026-07-27 20:25:00,2026-07-27 20:30:00,SELL,4076.12,4083.66,4053.49,4079.84,FLIP,-3.92,S433 AI Gold Star 123 (Coppock),
2026-07-27 20:30:00,2026-07-27 20:55:00,BUY,4079.84,4071.97,4103.44,4074.25,FLIP,-5.79,S433 AI Gold Star 123 (Coppock),
2026-07-27 20:55:00,2026-07-27 21:50:00,SELL,4074.25,4083.55,4046.36,4073.2,FLIP,0.85,S433 AI Gold Star 123 (Coppock),
2026-07-27 21:50:00,2026-07-27 23:20:00,BUY,4073.2,4064.92,4098.03,4080.82,FLIP,7.42,S433 AI Gold Star 123 (Coppock),
2026-07-27 23:20:00,2026-07-27 23:25:00,SELL,4080.82,4085.7,4066.18,4085.13,FLIP,-4.51,S433 AI Gold Star 123 (Coppock),
2026-07-27 23:25:00,2026-07-27 23:45:00,BUY,4085.13,4079.76,4101.25,4083.95,FLIP,-1.38,S433 AI Gold Star 123 (Coppock),
2026-07-27 23:45:00,2026-07-28 00:50:00,SELL,4083.95,4089.97,4065.88,4075.98,FLIP,7.77,S433 AI Gold Star 123 (Coppock),
2026-07-28 00:50:00,2026-07-28 02:55:00,BUY,4075.98,4071.0,4090.92,4083.3,FLIP,7.12,S433 AI Gold Star 123 (Coppock),
2026-07-28 02:55:00,2026-07-28 05:25:00,SELL,4083.3,4087.96,4069.33,4072.21,FLIP,10.89,S433 AI Gold Star 123 (Coppock),
2026-07-28 05:25:00,2026-07-28 05:55:00,BUY,4072.21,4068.82,4082.38,4074.27,FLIP,1.86,S433 AI Gold Star 123 (Coppock),
2026-07-28 05:55:00,2026-07-28 06:05:00,SELL,4074.27,4077.23,4065.39,4073.94,FLIP,0.13,S433 AI Gold Star 123 (Coppock),
2026-07-28 06:05:00,2026-07-28 06:10:00,BUY,4073.94,4070.84,4083.25,4074.19,FLIP,0.05,S433 AI Gold Star 123 (Coppock),
2026-07-28 06:10:00,2026-07-28 06:15:00,SELL,4074.19,4077.01,4065.72,4073.19,FLIP,0.8,S433 AI Gold Star 123 (Coppock),
2026-07-28 06:15:00,2026-07-28 06:45:00,BUY,4073.19,4070.45,4081.42,4070.18,FLIP,-3.21,S433 AI Gold Star 123 (Coppock),
2026-07-28 06:45:00,2026-07-28 06:50:00,SELL,4070.18,4072.43,4063.43,4072.43,SL,-2.45,S433 AI Gold Star 123 (Coppock),
2026-07-28 06:55:00,2026-07-28 07:00:00,BUY,4073.33,4070.82,4080.87,4065.71,FLIP,-7.82,S433 AI Gold Star 123 (Coppock),
2026-07-28 07:00:00,2026-07-28 07:40:00,SELL,4065.71,4069.02,4055.79,4065.45,FLIP,0.06,S433 AI Gold Star 123 (Coppock),
2026-07-28 07:40:00,2026-07-28 07:45:00,BUY,4065.45,4059.93,4082.02,4059.61,FLIP,-6.04,S433 AI Gold Star 123 (Coppock),
2026-07-28 07:45:00,2026-07-28 08:10:00,SELL,4059.61,4065.69,4041.36,4058.02,FLIP,1.39,S433 AI Gold Star 123 (Coppock),
2026-07-28 08:10:00,2026-07-28 08:20:00,BUY,4058.02,4051.56,4077.4,4050.12,FLIP,-8.1,S433 AI Gold Star 123 (Coppock),
2026-07-28 08:20:00,2026-07-28 09:05:00,SELL,4050.12,4056.96,4029.6,4046.28,FLIP,3.64,S433 AI Gold Star 123 (Coppock),
2026-07-28 09:05:00,2026-07-28 11:00:00,BUY,4046.28,4039.72,4065.95,4047.83,FLIP,1.35,S433 AI Gold Star 123 (Coppock),
2026-07-28 11:00:00,2026-07-28 12:15:00,SELL,4047.83,4051.78,4035.99,4042.58,FLIP,5.05,S433 AI Gold Star 123 (Coppock),
2026-07-28 12:15:00,2026-07-28 12:30:00,BUY,4042.58,4038.86,4053.75,4037.58,FLIP,-5.2,S433 AI Gold Star 123 (Coppock),
2026-07-28 12:30:00,2026-07-28 12:40:00,SELL,4037.58,4041.7,4025.23,4041.56,FLIP,-4.18,S433 AI Gold Star 123 (Coppock),
2026-07-28 12:40:00,2026-07-28 13:55:00,BUY,4041.56,4036.95,4055.38,4048.37,FLIP,6.61,S433 AI Gold Star 123 (Coppock),
2026-07-28 13:55:00,2026-07-28 15:00:00,SELL,4048.37,4052.75,4035.22,4052.75,SL,-4.58,S433 AI Gold Star 123 (Coppock),
2026-07-28 17:30:00,2026-07-28 18:40:00,BUY,4022.85,4015.42,4045.14,4027.25,FLIP,4.2,S433 AI Gold Star 123 (Coppock),
2026-07-28 18:40:00,2026-07-28 19:20:00,SELL,4027.25,4032.87,4010.4,4032.87,SL,-5.82,S433 AI Gold Star 123 (Coppock),
2026-07-28 23:00:00,2026-07-29 05:20:00,SELL,4042.63,4049.99,4020.56,4020.56,TP,21.87,S433 AI Gold Star 123 (Coppock),
2026-07-29 06:05:00,2026-07-29 08:00:00,BUY,4018.25,4013.1,4033.7,4013.1,SL,-5.35,S433 AI Gold Star 123 (Coppock),
2026-07-29 09:45:00,2026-07-29 12:40:00,SELL,4032.71,4039.27,4013.02,4039.27,SL,-6.76,S433 AI Gold Star 123 (Coppock),
2026-07-29 12:50:00,2026-07-29 13:00:00,SELL,4033.94,4039.43,4017.46,4037.51,FLIP,-3.77,S433 AI Gold Star 123 (Coppock),
2026-07-29 13:00:00,2026-07-29 13:05:00,BUY,4037.51,4031.91,4054.32,4035.01,FLIP,-2.7,S433 AI Gold Star 123 (Coppock),
2026-07-29 13:05:00,2026-07-29 13:10:00,SELL,4035.01,4040.75,4017.8,4037.45,FLIP,-2.64,S433 AI Gold Star 123 (Coppock),
2026-07-29 13:10:00,2026-07-29 13:35:00,BUY,4037.45,4031.6,4055.0,4043.18,FLIP,5.53,S433 AI Gold Star 123 (Coppock),
2026-07-29 13:35:00,2026-07-29 13:40:00,SELL,4043.18,4049.24,4024.99,4042.69,FLIP,0.29,S433 AI Gold Star 123 (Coppock),
2026-07-29 13:40:00,2026-07-29 13:45:00,BUY,4042.69,4036.84,4060.23,4040.13,FLIP,-2.76,S433 AI Gold Star 123 (Coppock),
2026-07-29 13:45:00,2026-07-29 14:05:00,SELL,4040.13,4045.99,4022.55,4044.68,FLIP,-4.75,S433 AI Gold Star 123 (Coppock),
2026-07-29 14:05:00,2026-07-29 14:10:00,BUY,4044.68,4039.91,4059.0,4045.37,FLIP,0.49,S433 AI Gold Star 123 (Coppock),
2026-07-29 14:10:00,2026-07-29 15:50:00,SELL,4045.37,4049.87,4031.87,4039.17,FLIP,6.0,S433 AI Gold Star 123 (Coppock),
2026-07-29 15:50:00,2026-07-29 16:20:00,BUY,4039.17,4035.34,4050.66,4035.34,SL,-4.03,S433 AI Gold Star 123 (Coppock),
2026-07-29 16:35:00,2026-07-29 16:40:00,SELL,4032.92,4036.45,4022.32,4034.34,FLIP,-1.62,S433 AI Gold Star 123 (Coppock),
2026-07-29 16:40:00,2026-07-29 16:55:00,BUY,4034.34,4030.77,4045.04,4032.63,FLIP,-1.91,S433 AI Gold Star 123 (Coppock),
2026-07-29 16:55:00,2026-07-29 17:15:00,SELL,4032.63,4036.17,4022.02,4032.18,FLIP,0.25,S433 AI Gold Star 123 (Coppock),
2026-07-29 17:15:00,2026-07-29 17:35:00,BUY,4032.18,4028.67,4042.72,4029.13,FLIP,-3.25,S433 AI Gold Star 123 (Coppock),
2026-07-29 17:35:00,2026-07-29 18:10:00,SELL,4029.13,4032.85,4017.96,4029.65,FLIP,-0.72,S433 AI Gold Star 123 (Coppock),
2026-07-29 18:10:00,2026-07-29 19:05:00,BUY,4029.65,4025.76,4041.31,4030.05,FLIP,0.2,S433 AI Gold Star 123 (Coppock),
2026-07-29 19:05:00,2026-07-29 19:20:00,SELL,4030.05,4034.06,4018.03,4018.03,TP,11.82,S433 AI Gold Star 123 (Coppock),
2026-07-29 19:55:00,2026-07-29 20:00:00,BUY,4022.64,4015.84,4043.03,4018.83,FLIP,-4.01,S433 AI Gold Star 123 (Coppock),
2026-07-29 20:00:00,2026-07-29 20:10:00,SELL,4018.83,4026.14,3996.89,4015.71,FLIP,2.92,S433 AI Gold Star 123 (Coppock),
2026-07-29 20:10:00,2026-07-29 20:45:00,BUY,4015.71,4008.07,4038.64,4015.2,FLIP,-0.71,S433 AI Gold Star 123 (Coppock),
2026-07-29 20:45:00,2026-07-29 21:20:00,SELL,4015.2,4022.72,3992.65,4009.64,FLIP,5.36,S433 AI Gold Star 123 (Coppock),
2026-07-29 21:20:00,2026-07-29 21:25:00,BUY,4009.64,3999.95,4038.71,4005.45,FLIP,-4.39,S433 AI Gold Star 123 (Coppock),
2026-07-29 21:25:00,2026-07-29 21:30:00,SELL,4005.45,4015.35,3975.75,4007.91,FLIP,-2.66,S433 AI Gold Star 123 (Coppock),
2026-07-29 21:30:00,2026-07-29 21:40:00,BUY,4007.91,3998.25,4036.88,4001.22,FLIP,-6.89,S433 AI Gold Star 123 (Coppock),
2026-07-29 21:40:00,2026-07-29 21:45:00,SELL,4001.22,4010.44,3973.56,4001.65,FLIP,-0.63,S433 AI Gold Star 123 (Coppock),
2026-07-29 21:45:00,2026-07-29 23:55:00,BUY,4001.65,3992.38,4029.47,4029.47,TP,27.62,S433 AI Gold Star 123 (Coppock),
2026-07-30 00:45:00,2026-07-30 01:00:00,SELL,4047.41,4057.36,4017.55,4066.96,FLIP,-19.75,S433 AI Gold Star 123 (Coppock),
2026-07-30 01:00:00,2026-07-30 01:20:00,BUY,4066.96,4052.96,4108.97,4066.73,FLIP,-0.43,S433 AI Gold Star 123 (Coppock),
2026-07-30 01:20:00,2026-07-30 01:35:00,SELL,4066.73,4082.11,4020.6,4071.07,FLIP,-4.54,S433 AI Gold Star 123 (Coppock),
2026-07-30 01:35:00,2026-07-30 02:05:00,BUY,4071.07,4053.6,4123.49,4096.77,FLIP,25.5,S433 AI Gold Star 123 (Coppock),
2026-07-30 02:05:00,2026-07-30 03:25:00,SELL,4096.77,4120.81,4024.65,4055.68,FLIP,40.89,S433 AI Gold Star 123 (Coppock),
2026-07-30 03:25:00,2026-07-30 06:05:00,BUY,4055.68,4041.21,4099.1,4099.1,TP,43.22,S433 AI Gold Star 123 (Coppock),
2026-07-30 06:10:00,2026-07-30 06:15:00,SELL,4091.56,4099.38,4068.09,4093.61,FLIP,-2.25,S433 AI Gold Star 123 (Coppock),
2026-07-30 06:15:00,2026-07-30 06:20:00,BUY,4093.61,4086.42,4115.17,4092.28,FLIP,-1.53,S433 AI Gold Star 123 (Coppock),
2026-07-30 06:20:00,2026-07-30 07:30:00,SELL,4092.28,4098.9,4072.43,4072.43,TP,19.65,S433 AI Gold Star 123 (Coppock),
2026-07-30 07:55:00,2026-07-30 09:55:00,BUY,4072.19,4064.32,4095.8,4064.32,SL,-8.07,S433 AI Gold Star 123 (Coppock),
2026-07-30 10:40:00,2026-07-30 11:45:00,BUY,4052.49,4044.92,4075.21,4046.75,FLIP,-5.94,S433 AI Gold Star 123 (Coppock),
2026-07-30 11:45:00,2026-07-30 12:25:00,SELL,4046.75,4051.8,4031.59,4046.94,FLIP,-0.39,S433 AI Gold Star 123 (Coppock),
2026-07-30 12:25:00,2026-07-30 12:35:00,BUY,4046.94,4041.33,4063.76,4031.61,FLIP,-15.53,S433 AI Gold Star 123 (Coppock),
2026-07-30 12:35:00,2026-07-30 13:00:00,SELL,4031.61,4039.37,4008.34,4038.11,FLIP,-6.7,S433 AI Gold Star 123 (Coppock),
2026-07-30 13:00:00,2026-07-30 14:30:00,BUY,4038.11,4028.86,4065.87,4041.19,FLIP,2.88,S433 AI Gold Star 123 (Coppock),
2026-07-30 14:30:00,2026-07-30 14:40:00,SELL,4041.19,4049.04,4017.65,4045.9,FLIP,-4.91,S433 AI Gold Star 123 (Coppock),
2026-07-30 14:40:00,2026-07-30 14:45:00,BUY,4045.9,4038.15,4069.15,4041.82,FLIP,-4.28,S433 AI Gold Star 123 (Coppock),
2026-07-30 14:45:00,2026-07-30 15:05:00,SELL,4041.82,4049.77,4017.96,4050.37,FLIP,-8.75,S433 AI Gold Star 123 (Coppock),
2026-07-30 15:05:00,2026-07-30 15:10:00,BUY,4050.37,4041.31,4077.54,4053.16,FLIP,2.59,S433 AI Gold Star 123 (Coppock),
2026-07-30 15:10:00,2026-07-30 15:15:00,SELL,4053.16,4061.61,4027.81,4056.78,FLIP,-3.82,S433 AI Gold Star 123 (Coppock),
2026-07-30 15:15:00,2026-07-30 16:10:00,BUY,4056.78,4048.14,4082.7,4065.97,FLIP,8.99,S433 AI Gold Star 123 (Coppock),
2026-07-30 16:10:00,2026-07-30 17:05:00,SELL,4065.97,4075.2,4038.29,4071.36,FLIP,-5.59,S433 AI Gold Star 123 (Coppock),
2026-07-30 17:05:00,2026-07-30 17:10:00,BUY,4071.36,4063.82,4093.98,4068.35,FLIP,-3.21,S433 AI Gold Star 123 (Coppock),
2026-07-30 17:10:00,2026-07-30 17:15:00,SELL,4068.35,4076.25,4044.66,4075.55,FLIP,-7.4,S433 AI Gold Star 123 (Coppock),
2026-07-30 17:15:00,2026-07-30 18:00:00,BUY,4075.55,4066.95,4101.35,4078.93,FLIP,3.18,S433 AI Gold Star 123 (Coppock),
2026-07-30 18:00:00,2026-07-30 18:05:00,SELL,4078.93,4086.44,4056.4,4081.89,FLIP,-3.16,S433 AI Gold Star 123 (Coppock),
2026-07-30 18:05:00,2026-07-30 18:10:00,BUY,4081.89,4074.48,4104.11,4079.88,FLIP,-2.21,S433 AI Gold Star 123 (Coppock),
2026-07-30 18:10:00,2026-07-30 19:05:00,SELL,4079.88,4087.19,4057.96,4081.69,FLIP,-2.01,S433 AI Gold Star 123 (Coppock),
2026-07-30 19:05:00,2026-07-30 19:10:00,BUY,4081.69,4076.14,4098.34,4078.78,FLIP,-3.11,S433 AI Gold Star 123 (Coppock),
2026-07-30 19:10:00,2026-07-30 19:25:00,SELL,4078.78,4084.7,4061.02,4076.75,FLIP,1.83,S433 AI Gold Star 123 (Coppock),
2026-07-30 19:25:00,2026-07-30 19:30:00,BUY,4076.75,4070.43,4095.71,4073.6,FLIP,-3.35,S433 AI Gold Star 123 (Coppock),
2026-07-30 19:30:00,2026-07-30 19:35:00,SELL,4073.6,4080.99,4051.42,4077.96,FLIP,-4.56,S433 AI Gold Star 123 (Coppock),
2026-07-30 19:35:00,2026-07-30 19:45:00,BUY,4077.96,4070.43,4100.54,4075.39,FLIP,-2.77,S433 AI Gold Star 123 (Coppock),
2026-07-30 19:45:00,2026-07-30 20:05:00,SELL,4075.39,4083.88,4049.93,4073.51,FLIP,1.68,S433 AI Gold Star 123 (Coppock),
2026-07-30 20:05:00,2026-07-30 20:15:00,BUY,4073.51,4062.75,4105.8,4073.23,FLIP,-0.48,S433 AI Gold Star 123 (Coppock),
2026-07-30 20:15:00,2026-07-30 20:20:00,SELL,4073.23,4084.21,4040.3,4082.18,FLIP,-9.15,S433 AI Gold Star 123 (Coppock),
2026-07-30 20:20:00,2026-07-30 21:00:00,BUY,4082.18,4070.67,4116.72,4116.72,TP,34.34,S433 AI Gold Star 123 (Coppock),
2026-07-30 21:15:00,2026-07-30 21:40:00,SELL,4090.8,4107.46,4040.83,4110.7,FLIP,-20.1,S433 AI Gold Star 123 (Coppock),
2026-07-30 21:40:00,2026-07-30 21:45:00,BUY,4110.7,4093.68,4161.77,4104.57,FLIP,-6.33,S433 AI Gold Star 123 (Coppock),
2026-07-30 21:45:00,2026-07-30 22:30:00,SELL,4104.57,4120.22,4057.61,4099.37,FLIP,5.0,S433 AI Gold Star 123 (Coppock),
2026-07-30 22:30:00,2026-07-30 22:35:00,BUY,4099.37,4088.56,4131.8,4099.03,FLIP,-0.54,S433 AI Gold Star 123 (Coppock),
2026-07-30 22:35:00,2026-07-30 22:40:00,SELL,4099.03,4109.19,4068.56,4105.39,FLIP,-6.56,S433 AI Gold Star 123 (Coppock),
2026-07-30 22:40:00,2026-07-30 23:35:00,BUY,4105.39,4095.23,4135.88,4110.89,FLIP,5.3,S433 AI Gold Star 123 (Coppock),
2026-07-30 23:35:00,2026-07-31 08:00:00,SELL,4110.89,4117.99,4089.59,4097.96,FLIP,12.73,S433 AI Gold Star 123 (Coppock),
2026-07-31 08:00:00,2026-07-31 08:10:00,BUY,4097.96,4092.21,4115.22,4088.78,FLIP,-9.38,S433 AI Gold Star 123 (Coppock),
2026-07-31 08:10:00,2026-07-31 08:15:00,SELL,4088.78,4095.4,4068.92,4093.91,FLIP,-5.33,S433 AI Gold Star 123 (Coppock),
2026-07-31 08:15:00,2026-07-31 08:35:00,BUY,4093.91,4086.84,4115.13,4084.89,FLIP,-9.22,S433 AI Gold Star 123 (Coppock),
2026-07-31 08:35:00,2026-07-31 08:40:00,SELL,4084.89,4091.98,4063.62,4085.73,FLIP,-1.04,S433 AI Gold Star 123 (Coppock),
2026-07-31 08:40:00,2026-07-31 08:45:00,BUY,4085.73,4078.76,4106.65,4083.99,FLIP,-1.94,S433 AI Gold Star 123 (Coppock),
2026-07-31 08:45:00,2026-07-31 09:05:00,SELL,4083.99,4091.39,4061.8,4088.95,FLIP,-5.16,S433 AI Gold Star 123 (Coppock),
2026-07-31 09:05:00,2026-07-31 09:10:00,BUY,4088.95,4081.25,4112.04,4085.55,FLIP,-3.6,S433 AI Gold Star 123 (Coppock),
2026-07-31 09:10:00,2026-07-31 09:20:00,SELL,4085.55,4093.06,4063.02,4082.59,FLIP,2.76,S433 AI Gold Star 123 (Coppock),
2026-07-31 09:20:00,2026-07-31 09:40:00,BUY,4082.59,4076.11,4102.03,4075.49,FLIP,-7.3,S433 AI Gold Star 123 (Coppock),
2026-07-31 09:40:00,2026-07-31 09:45:00,SELL,4075.49,4081.17,4058.46,4077.37,FLIP,-2.08,S433 AI Gold Star 123 (Coppock),
2026-07-31 09:45:00,2026-07-31 09:50:00,BUY,4077.37,4071.83,4093.99,4076.61,FLIP,-0.96,S433 AI Gold Star 123 (Coppock),
2026-07-31 09:50:00,2026-07-31 10:25:00,SELL,4076.61,4082.19,4059.87,4075.23,FLIP,1.18,S433 AI Gold Star 123 (Coppock),
2026-07-31 10:25:00,2026-07-31 14:30:00,BUY,4075.23,4070.96,4088.03,4070.96,SL,-4.47,S433 AI Gold Star 123 (Coppock),
2026-07-31 15:15:00,2026-07-31 15:20:00,BUY,4066.18,4060.67,4082.7,4060.29,FLIP,-6.09,S433 AI Gold Star 123 (Coppock),
2026-07-31 15:20:00,2026-07-31 15:40:00,SELL,4060.29,4066.28,4042.31,4059.21,FLIP,0.88,S433 AI Gold Star 123 (Coppock),
2026-07-31 15:40:00,2026-07-31 16:20:00,BUY,4059.21,4053.2,4077.25,4053.2,SL,-6.21,S433 AI Gold Star 123 (Coppock),
2026-07-31 16:25:00,2026-07-31 16:35:00,SELL,4052.32,4058.56,4033.61,4051.52,FLIP,0.6,S433 AI Gold Star 123 (Coppock),
2026-07-31 16:35:00,2026-07-31 17:55:00,BUY,4051.52,4045.89,4068.4,4054.51,FLIP,2.79,S433 AI Gold Star 123 (Coppock),
2026-07-31 17:55:00,2026-07-31 18:05:00,SELL,4054.51,4058.35,4042.99,4057.29,FLIP,-2.98,S433 AI Gold Star 123 (Coppock),
2026-07-31 18:05:00,2026-07-31 18:35:00,BUY,4057.29,4053.05,4070.02,4053.05,SL,-4.44,S433 AI Gold Star 123 (Coppock),
2026-07-31 20:20:00,2026-07-31 20:30:00,BUY,4045.31,4037.1,4069.93,4037.1,SL,-8.41,S433 AI Gold Star 123 (Coppock),
2026-07-31 20:35:00,2026-07-31 20:50:00,SELL,4027.76,4036.69,4000.96,4028.97,FLIP,-1.41,S433 AI Gold Star 123 (Coppock),
2026-07-31 20:50:00,2026-07-31 22:20:00,BUY,4028.97,4019.62,4057.03,4042.8,FLIP,13.63,S433 AI Gold Star 123 (Coppock),
2026-07-31 22:20:00,2026-08-01 00:25:00,SELL,4042.8,4050.52,4019.64,4050.52,SL,-7.92,S433 AI Gold Star 123 (Coppock),
2026-08-01 01:10:00,2026-08-01 02:40:00,SELL,4048.02,4053.56,4031.4,4053.56,SL,-5.74,S433 AI Gold Star 123 (Coppock),
2026-08-03 05:45:00,2026-08-03 06:50:00,SELL,4064.7,4074.23,4036.12,4072.58,FLIP,-8.08,S433 AI Gold Star 123 (Coppock),
2026-08-03 06:50:00,2026-08-03 07:10:00,BUY,4072.58,4067.89,4086.66,4071.97,FLIP,-0.81,S433 AI Gold Star 123 (Coppock),
2026-08-03 07:10:00,2026-08-03 08:00:00,SELL,4071.97,4077.38,4055.73,4055.73,TP,16.04,S433 AI Gold Star 123 (Coppock),
2026-08-03 08:25:00,2026-08-03 10:10:00,BUY,4052.85,4044.35,4078.34,4064.28,FLIP,11.23,S433 AI Gold Star 123 (Coppock),
2026-08-03 10:10:00,2026-08-03 10:15:00,SELL,4064.28,4071.35,4043.07,4067.59,FLIP,-3.51,S433 AI Gold Star 123 (Coppock),
2026-08-03 10:15:00,2026-08-03 10:20:00,BUY,4067.59,4060.53,4088.77,4062.83,FLIP,-4.96,S433 AI Gold Star 123 (Coppock),
2026-08-03 10:20:00,2026-08-03 11:15:00,SELL,4062.83,4070.19,4040.76,4069.67,FLIP,-7.04,S433 AI Gold Star 123 (Coppock),
2026-08-03 11:15:00,2026-08-03 11:25:00,BUY,4069.67,4064.76,4084.4,4068.26,FLIP,-1.61,S433 AI Gold Star 123 (Coppock),
2026-08-03 11:25:00,2026-08-03 11:30:00,SELL,4068.26,4072.9,4054.34,4070.63,FLIP,-2.57,S433 AI Gold Star 123 (Coppock),
2026-08-03 11:30:00,2026-08-03 11:50:00,BUY,4070.63,4066.36,4083.45,4067.85,FLIP,-2.98,S433 AI Gold Star 123 (Coppock),
2026-08-03 11:50:00,2026-08-03 12:15:00,SELL,4067.85,4072.0,4055.4,4055.4,TP,12.25,S433 AI Gold Star 123 (Coppock),
2026-08-03 13:30:00,2026-08-03 16:50:00,SELL,4060.64,4068.03,4038.46,4056.92,FLIP,3.52,S433 AI Gold Star 123 (Coppock),
2026-08-03 16:50:00,2026-08-03 17:00:00,BUY,4056.92,4051.51,4073.15,4054.76,FLIP,-2.36,S433 AI Gold Star 123 (Coppock),
2026-08-03 17:00:00,2026-08-03 17:10:00,SELL,4054.76,4060.4,4037.83,4056.28,FLIP,-1.72,S433 AI Gold Star 123 (Coppock),
2026-08-03 17:10:00,2026-08-03 17:30:00,BUY,4056.28,4050.67,4073.1,4050.67,SL,-5.81,S433 AI Gold Star 123 (Coppock),
2026-08-03 17:45:00,2026-08-03 18:30:00,SELL,4048.64,4053.07,4035.36,4050.86,FLIP,-2.42,S433 AI Gold Star 123 (Coppock),
2026-08-03 18:30:00,2026-08-03 19:15:00,BUY,4050.86,4046.28,4064.6,4051.12,FLIP,0.06,S433 AI Gold Star 123 (Coppock),
2026-08-03 19:15:00,2026-08-03 20:20:00,SELL,4051.12,4057.01,4033.44,4033.44,TP,17.48,S433 AI Gold Star 123 (Coppock),
2026-08-03 20:40:00,2026-08-04 02:50:00,BUY,4032.12,4023.01,4059.44,4054.3,FLIP,21.98,S433 AI Gold Star 123 (Coppock),
2026-08-04 02:50:00,2026-08-04 05:55:00,SELL,4054.3,4058.65,4041.26,4052.88,FLIP,1.22,S433 AI Gold Star 123 (Coppock),
2026-08-04 05:55:00,2026-08-04 07:00:00,BUY,4052.88,4050.01,4061.49,4061.49,TP,8.41,S433 AI Gold Star 123 (Coppock),
2026-08-04 07:35:00,2026-08-04 08:35:00,SELL,4058.06,4063.51,4041.72,4052.69,FLIP,5.17,S433 AI Gold Star 123 (Coppock),
2026-08-04 08:35:00,2026-08-04 09:45:00,BUY,4052.69,4046.51,4071.23,4060.69,FLIP,7.8,S433 AI Gold Star 123 (Coppock),
2026-08-04 09:45:00,2026-08-04 12:30:00,SELL,4060.69,4066.41,4043.53,4066.41,SL,-5.92,S433 AI Gold Star 123 (Coppock),
2026-08-04 13:00:00,2026-08-04 13:25:00,BUY,4064.33,4059.1,4080.03,4059.85,FLIP,-4.68,S433 AI Gold Star 123 (Coppock),
2026-08-04 13:25:00,2026-08-04 14:00:00,SELL,4059.85,4064.98,4044.47,4064.98,SL,-5.33,S433 AI Gold Star 123 (Coppock),
2026-08-04 16:30:00,2026-08-04 16:35:00,BUY,4049.61,4045.31,4062.51,4047.63,FLIP,-2.18,S433 AI Gold Star 123 (Coppock),
2026-08-04 16:35:00,2026-08-04 16:40:00,SELL,4047.63,4051.96,4034.63,4050.39,FLIP,-2.96,S433 AI Gold Star 123 (Coppock),
2026-08-04 16:40:00,2026-08-04 17:15:00,BUY,4050.39,4046.11,4063.22,4046.11,SL,-4.48,S433 AI Gold Star 123 (Coppock),
2026-08-04 19:00:00,2026-08-04 19:30:00,SELL,4068.4,4077.03,4042.5,4076.3,FLIP,-8.1,S433 AI Gold Star 123 (Coppock),
2026-08-04 19:30:00,2026-08-04 19:40:00,BUY,4076.3,4066.4,4105.99,4077.94,FLIP,1.44,S433 AI Gold Star 123 (Coppock),
2026-08-04 19:40:00,2026-08-04 20:20:00,SELL,4077.94,4088.55,4046.12,4081.48,FLIP,-3.74,S433 AI Gold Star 123 (Coppock),
2026-08-04 20:20:00,2026-08-04 21:15:00,BUY,4081.48,4071.01,4112.9,4083.42,FLIP,1.74,S433 AI Gold Star 123 (Coppock),
2026-08-04 21:15:00,2026-08-04 22:10:00,SELL,4083.42,4095.24,4047.96,4084.13,FLIP,-0.91,S433 AI Gold Star 123 (Coppock),
2026-08-04 22:10:00,2026-08-04 22:15:00,BUY,4084.13,4076.41,4107.3,4076.69,FLIP,-7.64,S433 AI Gold Star 123 (Coppock),
2026-08-04 22:15:00,2026-08-04 22:25:00,SELL,4076.69,4084.75,4052.5,4078.33,FLIP,-1.84,S433 AI Gold Star 123 (Coppock),
2026-08-04 22:25:00,2026-08-04 23:50:00,BUY,4078.33,4070.92,4100.57,4090.94,FLIP,12.41,S433 AI Gold Star 123 (Coppock),
2026-08-04 23:50:00,2026-08-04 23:55:00,SELL,4090.94,4095.86,4076.17,4093.37,FLIP,-2.63,S433 AI Gold Star 123 (Coppock),
2026-08-04 23:55:00,2026-08-05 00:25:00,BUY,4093.37,4088.41,4108.26,4094.75,FLIP,1.18,S433 AI Gold Star 123 (Coppock),
2026-08-05 00:25:00,2026-08-05 01:50:00,SELL,4094.75,4101.37,4074.89,4079.71,FLIP,14.84,S433 AI Gold Star 123 (Coppock),
2026-08-05 01:50:00,2026-08-05 03:00:00,BUY,4079.71,4074.54,4095.23,4078.58,FLIP,-1.33,S433 AI Gold Star 123 (Coppock),
2026-08-05 03:00:00,2026-08-05 03:05:00,SELL,4078.58,4082.49,4066.84,4079.71,FLIP,-1.33,S433 AI Gold Star 123 (Coppock),
2026-08-05 03:05:00,2026-08-05 03:10:00,BUY,4079.71,4075.83,4091.35,4079.03,FLIP,-0.88,S433 AI Gold Star 123 (Coppock),
2026-08-05 03:10:00,2026-08-05 03:40:00,SELL,4079.03,4082.76,4067.83,4077.58,FLIP,1.25,S433 AI Gold Star 123 (Coppock),
2026-08-05 03:40:00,2026-08-05 05:55:00,BUY,4077.58,4074.53,4086.74,4075.81,FLIP,-1.97,S433 AI Gold Star 123 (Coppock),
2026-08-05 05:55:00,2026-08-05 06:50:00,SELL,4075.81,4079.62,4064.39,4071.54,FLIP,4.07,S433 AI Gold Star 123 (Coppock),
2026-08-05 06:50:00,2026-08-05 08:15:00,BUY,4071.54,4066.26,4087.39,4087.39,TP,15.65,S433 AI Gold Star 123 (Coppock),
2026-08-05 08:20:00,2026-08-05 08:40:00,SELL,4085.1,4090.63,4068.5,4090.63,SL,-5.73,S433 AI Gold Star 123 (Coppock),
2026-08-05 10:15:00,2026-08-05 11:10:00,SELL,4131.3,4140.95,4102.36,4140.95,SL,-9.85,S433 AI Gold Star 123 (Coppock),
2026-08-05 11:15:00,2026-08-05 11:20:00,BUY,4140.72,4135.6,4156.09,4139.02,FLIP,-1.9,S433 AI Gold Star 123 (Coppock),
2026-08-05 11:20:00,2026-08-05 11:25:00,SELL,4139.02,4144.01,4124.05,4138.67,FLIP,0.15,S433 AI Gold Star 123 (Coppock),
2026-08-05 11:25:00,2026-08-05 11:35:00,BUY,4138.67,4134.1,4152.37,4134.1,SL,-4.77,S433 AI Gold Star 123 (Coppock),
2026-08-05 11:45:00,2026-08-05 12:05:00,SELL,4132.75,4137.47,4118.59,4137.47,SL,-4.92,S433 AI Gold Star 123 (Coppock),
2026-08-05 12:30:00,2026-08-05 12:40:00,BUY,4143.57,4138.93,4157.5,4157.5,TP,13.73,S433 AI Gold Star 123 (Coppock),
2026-08-05 13:30:00,2026-08-05 14:55:00,SELL,4173.06,4184.96,4137.35,4170.82,FLIP,2.04,S433 AI Gold Star 123 (Coppock),
2026-08-05 14:55:00,2026-08-05 15:20:00,BUY,4170.82,4164.44,4189.95,4164.44,SL,-6.58,S433 AI Gold Star 123 (Coppock),
2026-08-05 17:00:00,2026-08-05 17:15:00,SELL,4152.42,4158.14,4135.27,4155.97,FLIP,-3.75,S433 AI Gold Star 123 (Coppock),
2026-08-05 17:15:00,2026-08-05 18:15:00,BUY,4155.97,4150.22,4173.23,4173.23,TP,17.06,S433 AI Gold Star 123 (Coppock),
2026-08-05 19:25:00,2026-08-05 20:35:00,SELL,4205.37,4214.74,4177.25,4201.38,FLIP,3.79,S433 AI Gold Star 123 (Coppock),
2026-08-05 20:35:00,2026-08-05 20:50:00,BUY,4201.38,4189.99,4235.56,4189.99,SL,-11.59,S433 AI Gold Star 123 (Coppock),
2026-08-05 21:50:00,2026-08-05 21:55:00,SELL,4237.6,4252.77,4192.09,4244.13,FLIP,-6.73,S433 AI Gold Star 123 (Coppock),
2026-08-05 21:55:00,2026-08-05 22:05:00,BUY,4244.13,4228.83,4290.03,4256.44,FLIP,12.11,S433 AI Gold Star 123 (Coppock),
2026-08-05 22:05:00,2026-08-05 23:35:00,SELL,4256.44,4272.41,4208.53,4243.85,FLIP,12.39,S433 AI Gold Star 123 (Coppock),
2026-08-05 23:35:00,2026-08-06 01:30:00,BUY,4243.85,4234.23,4272.71,4255.23,FLIP,11.18,S433 AI Gold Star 123 (Coppock),
2026-08-06 01:30:00,2026-08-06 01:55:00,SELL,4255.23,4263.06,4231.73,4263.06,SL,-8.03,S433 AI Gold Star 123 (Coppock),
2026-08-06 07:00:00,2026-08-06 07:05:00,SELL,4268.3,4277.4,4241.01,4277.4,SL,-9.3,S433 AI Gold Star 123 (Coppock),
2026-08-06 07:50:00,2026-08-06 08:10:00,BUY,4296.55,4282.97,4337.29,4284.63,FLIP,-12.12,S433 AI Gold Star 123 (Coppock),
2026-08-06 08:10:00,2026-08-06 08:35:00,SELL,4284.63,4299.9,4238.82,4292.33,FLIP,-7.9,S433 AI Gold Star 123 (Coppock),
2026-08-06 08:35:00,2026-08-06 08:40:00,BUY,4292.33,4276.37,4340.2,4287.44,FLIP,-5.09,S433 AI Gold Star 123 (Coppock),
2026-08-06 08:40:00,2026-08-06 09:05:00,SELL,4287.44,4302.56,4242.08,4301.07,FLIP,-13.83,S433 AI Gold Star 123 (Coppock),
2026-08-06 09:05:00,2026-08-06 09:30:00,BUY,4301.07,4285.16,4348.79,4286.08,FLIP,-15.19,S433 AI Gold Star 123 (Coppock),
2026-08-06 09:30:00,2026-08-06 09:35:00,SELL,4286.08,4299.31,4246.39,4285.41,FLIP,0.47,S433 AI Gold Star 123 (Coppock),
2026-08-06 09:35:00,2026-08-06 09:40:00,BUY,4285.41,4273.02,4322.57,4285.75,FLIP,0.14,S433 AI Gold Star 123 (Coppock),
2026-08-06 09:40:00,2026-08-06 10:40:00,SELL,4285.75,4297.5,4250.5,4262.99,FLIP,22.56,S433 AI Gold Star 123 (Coppock),
2026-08-06 10:40:00,2026-08-06 11:25:00,BUY,4262.99,4255.27,4286.14,4255.27,SL,-7.92,S433 AI Gold Star 123 (Coppock),
2026-08-06 12:15:00,2026-08-06 12:20:00,SELL,4256.8,4262.53,4239.6,4255.25,FLIP,1.35,S433 AI Gold Star 123 (Coppock),
2026-08-06 12:20:00,2026-08-06 12:25:00,BUY,4255.25,4249.6,4272.21,4253.89,FLIP,-1.56,S433 AI Gold Star 123 (Coppock),
2026-08-06 12:25:00,2026-08-06 12:30:00,SELL,4253.89,4259.55,4236.9,4257.61,FLIP,-3.92,S433 AI Gold Star 123 (Coppock),
2026-08-06 12:30:00,2026-08-06 13:10:00,BUY,4257.61,4251.11,4277.11,4260.48,FLIP,2.67,S433 AI Gold Star 123 (Coppock),
2026-08-06 13:10:00,2026-08-06 14:05:00,SELL,4260.48,4267.53,4239.34,4259.49,FLIP,0.79,S433 AI Gold Star 123 (Coppock),
2026-08-06 14:05:00,2026-08-06 16:00:00,BUY,4259.49,4252.63,4280.06,4280.06,TP,20.37,S433 AI Gold Star 123 (Coppock),
2026-08-06 16:05:00,2026-08-06 16:10:00,SELL,4276.71,4284.04,4254.72,4279.87,FLIP,-3.36,S433 AI Gold Star 123 (Coppock),
2026-08-06 16:10:00,2026-08-06 16:20:00,BUY,4279.87,4272.78,4301.14,4283.53,FLIP,3.46,S433 AI Gold Star 123 (Coppock),
2026-08-06 16:20:00,2026-08-06 18:20:00,SELL,4283.53,4290.43,4262.84,4262.84,TP,20.49,S433 AI Gold Star 123 (Coppock),
2026-08-06 18:55:00,2026-08-06 19:05:00,BUY,4263.3,4256.57,4283.49,4257.72,FLIP,-5.78,S433 AI Gold Star 123 (Coppock),
2026-08-06 19:05:00,2026-08-06 19:15:00,SELL,4257.72,4265.24,4235.17,4257.1,FLIP,0.42,S433 AI Gold Star 123 (Coppock),
2026-08-06 19:15:00,2026-08-06 19:55:00,BUY,4257.1,4249.65,4279.46,4249.65,SL,-7.65,S433 AI Gold Star 123 (Coppock),
2026-08-06 20:35:00,2026-08-06 21:35:00,BUY,4258.95,4245.62,4298.95,4270.15,FLIP,11.0,S433 AI Gold Star 123 (Coppock),
2026-08-06 21:35:00,2026-08-06 22:55:00,SELL,4270.15,4282.5,4233.11,4233.11,TP,36.84,S433 AI Gold Star 123 (Coppock),
2026-08-06 23:25:00,2026-08-07 09:25:00,BUY,4230.17,4219.12,4263.33,4260.6,FLIP,30.23,S433 AI Gold Star 123 (Coppock),
2026-08-07 09:25:00,2026-08-07 11:00:00,SELL,4260.6,4268.38,4237.25,4268.38,SL,-7.98,S433 AI Gold Star 123 (Coppock),
2026-08-07 11:15:00,2026-08-07 11:20:00,SELL,4262.4,4267.99,4245.62,4265.74,FLIP,-3.54,S433 AI Gold Star 123 (Coppock),
2026-08-07 11:20:00,2026-08-07 11:25:00,BUY,4265.74,4259.95,4283.1,4264.86,FLIP,-1.08,S433 AI Gold Star 123 (Coppock),
2026-08-07 11:25:00,2026-08-07 11:30:00,SELL,4264.86,4270.68,4247.39,4267.91,FLIP,-3.25,S433 AI Gold Star 123 (Coppock),
2026-08-07 11:30:00,2026-08-07 11:35:00,BUY,4267.91,4262.05,4285.48,4264.65,FLIP,-3.46,S433 AI Gold Star 123 (Coppock),
2026-08-07 11:35:00,2026-08-07 12:10:00,SELL,4264.65,4270.49,4247.12,4270.49,SL,-6.04,S433 AI Gold Star 123 (Coppock),
2026-08-07 13:25:00,2026-08-07 13:30:00,SELL,4283.28,4291.36,4259.03,4286.24,FLIP,-3.16,S433 AI Gold Star 123 (Coppock),
2026-08-07 13:30:00,2026-08-07 13:40:00,BUY,4286.24,4277.88,4311.31,4292.12,FLIP,5.68,S433 AI Gold Star 123 (Coppock),
2026-08-07 13:40:00,2026-08-07 13:50:00,SELL,4292.12,4300.2,4267.88,4293.48,FLIP,-1.56,S433 AI Gold Star 123 (Coppock),
2026-08-07 13:50:00,2026-08-07 14:00:00,BUY,4293.48,4285.0,4318.91,4294.82,FLIP,1.14,S433 AI Gold Star 123 (Coppock),
2026-08-07 14:00:00,2026-08-07 15:00:00,SELL,4294.82,4303.2,4269.68,4292.27,FLIP,2.35,S433 AI Gold Star 123 (Coppock),
2026-08-07 15:00:00,2026-08-07 15:30:00,BUY,4292.27,4286.26,4310.3,4310.3,TP,17.83,S433 AI Gold Star 123 (Coppock),
2026-08-07 16:00:00,2026-08-07 16:40:00,SELL,4305.5,4314.97,4277.08,4314.97,SL,-9.67,S433 AI Gold Star 123 (Coppock),
2026-08-07 16:45:00,2026-08-07 17:05:00,BUY,4316.75,4309.54,4338.39,4312.08,FLIP,-4.87,S433 AI Gold Star 123 (Coppock),
2026-08-07 17:05:00,2026-08-07 17:25:00,SELL,4312.08,4319.27,4290.51,4313.79,FLIP,-1.91,S433 AI Gold Star 123 (Coppock),
2026-08-07 17:25:00,2026-08-07 17:30:00,BUY,4313.79,4306.0,4337.15,4315.75,FLIP,1.76,S433 AI Gold Star 123 (Coppock),
2026-08-07 17:30:00,2026-08-07 18:00:00,SELL,4315.75,4323.42,4292.75,4323.49,FLIP,-7.94,S433 AI Gold Star 123 (Coppock),
2026-08-07 18:00:00,2026-08-07 18:10:00,BUY,4323.49,4317.3,4342.07,4320.34,FLIP,-3.35,S433 AI Gold Star 123 (Coppock),
2026-08-07 18:10:00,2026-08-07 18:15:00,SELL,4320.34,4326.65,4301.42,4320.51,FLIP,-0.37,S433 AI Gold Star 123 (Coppock),
2026-08-07 18:15:00,2026-08-07 18:40:00,BUY,4320.51,4314.43,4338.75,4322.88,FLIP,2.17,S433 AI Gold Star 123 (Coppock),
2026-08-07 18:40:00,2026-08-07 18:50:00,SELL,4322.88,4328.84,4305.0,4325.81,FLIP,-3.13,S433 AI Gold Star 123 (Coppock),
2026-08-07 18:50:00,2026-08-07 18:55:00,BUY,4325.81,4319.59,4344.47,4321.23,FLIP,-4.78,S433 AI Gold Star 123 (Coppock),
2026-08-07 18:55:00,2026-08-07 19:25:00,SELL,4321.23,4327.76,4301.64,4301.64,TP,19.39,S433 AI Gold Star 123 (Coppock),
2026-08-07 19:30:00,2026-08-07 20:05:00,BUY,4360.39,4346.63,4401.67,4346.63,SL,-13.96,S433 AI Gold Star 123 (Coppock),
2026-08-07 20:25:00,2026-08-10 11:50:00,SELL,4356.4,4375.11,4300.26,4336.03,FLIP,20.17,S433 AI Gold Star 123 (Coppock),
2026-08-10 11:50:00,2026-08-10 12:00:00,BUY,4336.03,4330.79,4351.76,4337.15,FLIP,0.92,S433 AI Gold Star 123 (Coppock),
2026-08-10 12:00:00,2026-08-10 12:35:00,SELL,4337.15,4342.79,4320.24,4341.34,FLIP,-4.39,S433 AI Gold Star 123 (Coppock),
2026-08-10 12:35:00,2026-08-10 13:00:00,BUY,4341.34,4335.72,4358.2,4342.5,FLIP,0.96,S433 AI Gold Star 123 (Coppock),
2026-08-10 13:00:00,2026-08-10 13:05:00,SELL,4342.5,4349.36,4321.93,4346.11,FLIP,-3.81,S433 AI Gold Star 123 (Coppock),
2026-08-10 13:05:00,2026-08-10 13:15:00,BUY,4346.11,4339.19,4366.86,4342.91,FLIP,-3.4,S433 AI Gold Star 123 (Coppock),
2026-08-10 13:15:00,2026-08-10 13:20:00,SELL,4342.91,4350.24,4320.93,4345.23,FLIP,-2.52,S433 AI Gold Star 123 (Coppock),
2026-08-10 13:20:00,2026-08-10 13:30:00,BUY,4345.23,4337.94,4367.09,4347.73,FLIP,2.3,S433 AI Gold Star 123 (Coppock),
2026-08-10 13:30:00,2026-08-10 13:40:00,SELL,4347.73,4355.07,4325.7,4355.11,FLIP,-7.58,S433 AI Gold Star 123 (Coppock),
2026-08-10 13:40:00,2026-08-10 14:00:00,BUY,4355.11,4347.64,4377.53,4354.66,FLIP,-0.65,S433 AI Gold Star 123 (Coppock),
2026-08-10 14:00:00,2026-08-10 14:20:00,SELL,4354.66,4361.21,4335.01,4358.2,FLIP,-3.74,S433 AI Gold Star 123 (Coppock),
2026-08-10 14:20:00,2026-08-10 14:25:00,BUY,4358.2,4351.42,4378.55,4355.07,FLIP,-3.33,S433 AI Gold Star 123 (Coppock),
2026-08-10 14:25:00,2026-08-10 14:45:00,SELL,4355.07,4361.8,4334.89,4361.8,SL,-6.93,S433 AI Gold Star 123 (Coppock),
2026-08-10 15:25:00,2026-08-10 15:30:00,BUY,4355.69,4350.0,4372.75,4350.44,FLIP,-5.45,S433 AI Gold Star 123 (Coppock),
2026-08-10 15:30:00,2026-08-10 16:00:00,SELL,4350.44,4356.22,4333.11,4348.28,FLIP,1.96,S433 AI Gold Star 123 (Coppock),
2026-08-10 16:00:00,2026-08-10 16:05:00,BUY,4348.28,4343.13,4363.72,4347.87,FLIP,-0.61,S433 AI Gold Star 123 (Coppock),
2026-08-10 16:05:00,2026-08-10 16:10:00,SELL,4347.87,4353.21,4331.85,4349.63,FLIP,-1.96,S433 AI Gold Star 123 (Coppock),
2026-08-10 16:10:00,2026-08-10 16:30:00,BUY,4349.63,4344.21,4365.88,4344.21,SL,-5.62,S433 AI Gold Star 123 (Coppock),
2026-08-10 16:35:00,2026-08-10 16:40:00,SELL,4341.95,4347.63,4324.9,4344.16,FLIP,-2.41,S433 AI Gold Star 123 (Coppock),
2026-08-10 16:40:00,2026-08-10 16:55:00,BUY,4344.16,4339.02,4359.59,4341.2,FLIP,-3.16,S433 AI Gold Star 123 (Coppock),
2026-08-10 16:55:00,2026-08-10 17:20:00,SELL,4341.2,4345.99,4326.82,4343.17,FLIP,-2.17,S433 AI Gold Star 123 (Coppock),
2026-08-10 17:20:00,2026-08-10 17:35:00,BUY,4343.17,4339.05,4355.52,4339.64,FLIP,-3.73,S433 AI Gold Star 123 (Coppock),
2026-08-10 17:35:00,2026-08-10 17:40:00,SELL,4339.64,4343.78,4327.22,4337.86,FLIP,1.58,S433 AI Gold Star 123 (Coppock),
2026-08-10 17:40:00,2026-08-10 17:55:00,BUY,4337.86,4334.02,4349.39,4335.79,FLIP,-2.27,S433 AI Gold Star 123 (Coppock),
2026-08-10 17:55:00,2026-08-10 18:25:00,SELL,4335.79,4339.53,4324.57,4335.02,FLIP,0.57,S433 AI Gold Star 123 (Coppock),
2026-08-10 18:25:00,2026-08-10 19:15:00,BUY,4335.02,4330.38,4348.94,4328.74,FLIP,-6.48,S433 AI Gold Star 123 (Coppock),
2026-08-10 19:15:00,2026-08-10 19:55:00,SELL,4328.74,4334.64,4311.04,4332.47,FLIP,-3.93,S433 AI Gold Star 123 (Coppock),
2026-08-10 19:55:00,2026-08-10 20:00:00,BUY,4332.47,4326.24,4351.16,4326.24,SL,-6.43,S433 AI Gold Star 123 (Coppock),
2026-08-10 21:15:00,2026-08-10 22:20:00,BUY,4334.24,4324.92,4362.2,4349.36,FLIP,14.92,S433 AI Gold Star 123 (Coppock),
2026-08-10 22:20:00,2026-08-10 22:55:00,SELL,4349.36,4357.93,4323.66,4358.45,FLIP,-9.29,S433 AI Gold Star 123 (Coppock),
2026-08-10 22:55:00,2026-08-10 23:30:00,BUY,4358.45,4351.83,4378.31,4356.0,FLIP,-2.65,S433 AI Gold Star 123 (Coppock),
2026-08-10 23:30:00,2026-08-11 00:30:00,SELL,4356.0,4362.78,4335.67,4362.78,SL,-6.98,S433 AI Gold Star 123 (Coppock),
2026-08-11 02:30:00,2026-08-11 02:45:00,SELL,4387.25,4394.44,4365.69,4394.44,SL,-7.39,S433 AI Gold Star 123 (Coppock),
2026-08-11 05:05:00,2026-08-11 06:00:00,BUY,4391.25,4387.84,4401.48,4401.48,TP,10.03,S433 AI Gold Star 123 (Coppock),
2026-08-11 06:15:00,2026-08-11 06:35:00,SELL,4395.2,4398.91,4384.07,4398.91,SL,-3.91,S433 AI Gold Star 123 (Coppock),
2026-08-11 06:55:00,2026-08-11 07:00:00,BUY,4402.34,4398.5,4413.86,4398.5,SL,-4.04,S433 AI Gold Star 123 (Coppock),
2026-08-11 07:50:00,2026-08-11 08:15:00,SELL,4409.71,4416.79,4388.47,4416.79,SL,-7.28,S433 AI Gold Star 123 (Coppock),
2026-08-11 08:25:00,2026-08-11 08:30:00,BUY,4419.38,4409.43,4449.24,4419.44,FLIP,-0.14,S433 AI Gold Star 123 (Coppock),
2026-08-11 08:30:00,2026-08-11 08:45:00,SELL,4419.44,4429.04,4390.65,4426.47,FLIP,-7.23,S433 AI Gold Star 123 (Coppock),
2026-08-11 08:45:00,2026-08-11 09:20:00,BUY,4426.47,4415.59,4459.12,4426.16,FLIP,-0.51,S433 AI Gold Star 123 (Coppock),
2026-08-11 09:20:00,2026-08-11 10:25:00,SELL,4426.16,4436.04,4396.51,4420.4,FLIP,5.56,S433 AI Gold Star 123 (Coppock),
2026-08-11 10:25:00,2026-08-11 11:10:00,BUY,4420.4,4412.42,4444.33,4412.42,SL,-8.18,S433 AI Gold Star 123 (Coppock),
2026-08-11 13:00:00,2026-08-11 13:15:00,BUY,4379.54,4368.93,4411.36,4369.81,FLIP,-9.93,S433 AI Gold Star 123 (Coppock),
2026-08-11 13:15:00,2026-08-11 13:20:00,SELL,4369.81,4381.13,4335.85,4373.65,FLIP,-4.04,S433 AI Gold Star 123 (Coppock),
2026-08-11 13:20:00,2026-08-11 13:25:00,BUY,4373.65,4362.34,4407.57,4362.34,SL,-11.51,S433 AI Gold Star 123 (Coppock),
2026-08-11 14:15:00,2026-08-11 14:20:00,SELL,4359.87,4369.78,4330.13,4359.86,FLIP,-0.19,S433 AI Gold Star 123 (Coppock),
2026-08-11 14:20:00,2026-08-11 15:55:00,BUY,4359.86,4350.52,4387.87,4369.15,FLIP,9.09,S433 AI Gold Star 123 (Coppock),
2026-08-11 15:55:00,2026-08-11 16:20:00,SELL,4369.15,4375.51,4350.08,4375.51,SL,-6.56,S433 AI Gold Star 123 (Coppock),
2026-08-11 18:20:00,2026-08-11 19:05:00,SELL,4386.2,4392.54,4367.19,4392.54,SL,-6.54,S433 AI Gold Star 123 (Coppock),
2026-08-11 19:15:00,2026-08-11 19:20:00,BUY,4395.95,4389.12,4416.45,4389.16,FLIP,-6.99,S433 AI Gold Star 123 (Coppock),
2026-08-11 19:20:00,2026-08-11 19:30:00,SELL,4389.16,4396.75,4366.39,4390.18,FLIP,-1.22,S433 AI Gold Star 123 (Coppock),
2026-08-11 19:30:00,2026-08-11 19:35:00,BUY,4390.18,4382.35,4413.67,4389.91,FLIP,-0.47,S433 AI Gold Star 123 (Coppock),
2026-08-11 19:35:00,2026-08-11 19:40:00,SELL,4389.91,4397.72,4366.48,4398.49,FLIP,-8.78,S433 AI Gold Star 123 (Coppock),
2026-08-11 19:40:00,2026-08-11 19:55:00,BUY,4398.49,4390.04,4423.85,4392.5,FLIP,-6.19,S433 AI Gold Star 123 (Coppock),
2026-08-11 19:55:00,2026-08-11 20:05:00,SELL,4392.5,4401.15,4366.54,4399.02,FLIP,-6.72,S433 AI Gold Star 123 (Coppock),
2026-08-11 20:05:00,2026-08-11 20:10:00,BUY,4399.02,4389.76,4426.81,4393.82,FLIP,-5.4,S433 AI Gold Star 123 (Coppock),
2026-08-11 20:10:00,2026-08-11 20:40:00,SELL,4393.82,4403.42,4365.01,4399.78,FLIP,-6.16,S433 AI Gold Star 123 (Coppock),
2026-08-11 20:40:00,2026-08-11 20:45:00,BUY,4399.78,4390.64,4427.21,4394.88,FLIP,-5.1,S433 AI Gold Star 123 (Coppock),
2026-08-11 20:45:00,2026-08-11 21:35:00,SELL,4394.88,4404.92,4364.76,4391.65,FLIP,3.03,S433 AI Gold Star 123 (Coppock),
2026-08-11 21:35:00,2026-08-11 22:30:00,BUY,4391.65,4380.44,4425.29,4380.44,SL,-11.41,S433 AI Gold Star 123 (Coppock),
2026-08-11 23:15:00,2026-08-12 00:55:00,BUY,4378.85,4370.49,4403.94,4370.49,SL,-8.56,S433 AI Gold Star 123 (Coppock),
2026-08-12 01:30:00,2026-08-12 02:40:00,BUY,4367.69,4361.11,4387.44,4367.54,FLIP,-0.35,S433 AI Gold Star 123 (Coppock),
2026-08-12 02:40:00,2026-08-12 02:55:00,SELL,4367.54,4372.87,4351.54,4370.86,FLIP,-3.52,S433 AI Gold Star 123 (Coppock),
2026-08-12 02:55:00,2026-08-12 06:00:00,BUY,4370.86,4365.13,4388.05,4365.13,SL,-5.93,S433 AI Gold Star 123 (Coppock),
2026-08-12 07:50:00,2026-08-12 07:55:00,SELL,4378.3,4383.62,4362.33,4380.58,FLIP,-2.48,S433 AI Gold Star 123 (Coppock),
2026-08-12 07:55:00,2026-08-12 08:20:00,BUY,4380.58,4375.1,4397.03,4390.82,FLIP,10.04,S433 AI Gold Star 123 (Coppock),
2026-08-12 08:20:00,2026-08-12 08:40:00,SELL,4390.82,4396.83,4372.8,4393.05,FLIP,-2.43,S433 AI Gold Star 123 (Coppock),
2026-08-12 08:40:00,2026-08-12 09:05:00,BUY,4393.05,4386.62,4412.35,4397.27,FLIP,4.02,S433 AI Gold Star 123 (Coppock),
2026-08-12 09:05:00,2026-08-12 09:10:00,SELL,4397.27,4403.9,4377.39,4401.9,FLIP,-4.83,S433 AI Gold Star 123 (Coppock),
2026-08-12 09:10:00,2026-08-12 09:30:00,BUY,4401.9,4395.2,4422.0,4398.5,FLIP,-3.6,S433 AI Gold Star 123 (Coppock),
2026-08-12 09:30:00,2026-08-12 09:40:00,SELL,4398.5,4404.64,4380.09,4405.65,FLIP,-7.35,S433 AI Gold Star 123 (Coppock),
2026-08-12 09:40:00,2026-08-12 10:00:00,BUY,4405.65,4399.13,4425.2,4409.43,FLIP,3.58,S433 AI Gold Star 123 (Coppock),
2026-08-12 10:00:00,2026-08-12 10:05:00,SELL,4409.43,4415.88,4390.08,4413.42,FLIP,-4.19,S433 AI Gold Star 123 (Coppock),
2026-08-12 10:05:00,2026-08-12 10:10:00,BUY,4413.42,4406.61,4433.85,4410.76,FLIP,-2.86,S433 AI Gold Star 123 (Coppock),
2026-08-12 10:10:00,2026-08-12 11:25:00,SELL,4410.76,4417.7,4389.93,4399.02,FLIP,11.54,S433 AI Gold Star 123 (Coppock),
2026-08-12 11:25:00,2026-08-12 12:20:00,BUY,4399.02,4395.2,4410.48,4395.2,SL,-4.02,S433 AI Gold Star 123 (Coppock),
2026-08-12 13:15:00,2026-08-12 14:40:00,BUY,4389.19,4381.98,4410.83,4407.85,FLIP,18.46,S433 AI Gold Star 123 (Coppock),
2026-08-12 14:40:00,2026-08-12 16:05:00,SELL,4407.85,4413.83,4389.92,4408.72,FLIP,-1.07,S433 AI Gold Star 123 (Coppock),
2026-08-12 16:05:00,2026-08-12 16:20:00,BUY,4408.72,4404.67,4420.87,4420.87,TP,11.95,S433 AI Gold Star 123 (Coppock),
2026-08-12 17:10:00,2026-08-12 18:25:00,SELL,4417.96,4425.0,4396.85,4415.15,FLIP,2.61,S433 AI Gold Star 123 (Coppock),
2026-08-12 18:25:00,2026-08-12 18:35:00,BUY,4415.15,4410.04,4430.48,4411.67,FLIP,-3.68,S433 AI Gold Star 123 (Coppock),
2026-08-12 18:35:00,2026-08-12 18:40:00,SELL,4411.67,4416.98,4395.74,4413.34,FLIP,-1.87,S433 AI Gold Star 123 (Coppock),
2026-08-12 18:40:00,2026-08-12 19:00:00,BUY,4413.34,4408.09,4429.1,4408.09,SL,-5.45,S433 AI Gold Star 123 (Coppock),
2026-08-12 19:25:00,2026-08-12 19:30:00,BUY,4425.43,4418.85,4445.16,4418.85,SL,-6.78,S433 AI Gold Star 123 (Coppock),
2026-08-13 00:25:00,2026-08-13 01:00:00,BUY,4406.49,4398.22,4431.31,4398.22,SL,-8.47,S433 AI Gold Star 123 (Coppock),
2026-08-13 02:15:00,2026-08-13 05:05:00,SELL,4417.48,4422.29,4403.04,4403.04,TP,14.24,S433 AI Gold Star 123 (Coppock),
2026-08-13 05:50:00,2026-08-13 06:55:00,BUY,4402.03,4398.67,4412.11,4412.11,TP,9.88,S433 AI Gold Star 123 (Coppock),
2026-08-13 07:45:00,2026-08-13 09:15:00,SELL,4429.55,4440.26,4397.42,4411.71,FLIP,17.64,S433 AI Gold Star 123 (Coppock),
2026-08-13 09:15:00,2026-08-13 09:20:00,BUY,4411.71,4401.71,4441.7,4406.58,FLIP,-5.33,S433 AI Gold Star 123 (Coppock),
2026-08-13 09:20:00,2026-08-13 09:35:00,SELL,4406.58,4416.62,4376.46,4408.73,FLIP,-2.35,S433 AI Gold Star 123 (Coppock),
2026-08-13 09:35:00,2026-08-13 10:45:00,BUY,4408.73,4399.01,4437.9,4405.44,FLIP,-3.49,S433 AI Gold Star 123 (Coppock),
2026-08-13 10:45:00,2026-08-13 11:35:00,SELL,4405.44,4410.62,4389.89,4397.63,FLIP,7.61,S433 AI Gold Star 123 (Coppock),
2026-08-13 11:35:00,2026-08-13 11:40:00,BUY,4397.63,4392.94,4411.69,4395.82,FLIP,-2.01,S433 AI Gold Star 123 (Coppock),
2026-08-13 11:40:00,2026-08-13 11:45:00,SELL,4395.82,4400.79,4380.9,4395.76,FLIP,-0.14,S433 AI Gold Star 123 (Coppock),
2026-08-13 11:45:00,2026-08-13 12:40:00,BUY,4395.76,4390.63,4411.14,4387.62,FLIP,-8.34,S433 AI Gold Star 123 (Coppock),
2026-08-13 12:40:00,2026-08-13 13:40:00,SELL,4387.62,4395.53,4363.88,4374.2,FLIP,13.22,S433 AI Gold Star 123 (Coppock),
2026-08-13 13:40:00,2026-08-13 14:45:00,BUY,4374.2,4365.58,4400.07,4371.82,FLIP,-2.58,S433 AI Gold Star 123 (Coppock),
2026-08-13 14:45:00,2026-08-13 15:25:00,SELL,4371.82,4377.6,4354.49,4372.65,FLIP,-1.03,S433 AI Gold Star 123 (Coppock),
2026-08-13 15:25:00,2026-08-13 16:40:00,BUY,4372.65,4366.29,4391.72,4379.98,FLIP,7.13,S433 AI Gold Star 123 (Coppock),
2026-08-13 16:40:00,2026-08-13 16:55:00,SELL,4379.98,4384.8,4365.52,4384.8,SL,-5.02,S433 AI Gold Star 123 (Coppock),
2026-08-13 17:15:00,2026-08-13 17:20:00,BUY,4385.08,4380.79,4397.96,4384.77,FLIP,-0.51,S433 AI Gold Star 123 (Coppock),
2026-08-13 17:20:00,2026-08-13 17:25:00,SELL,4384.77,4389.16,4371.61,4387.14,FLIP,-2.57,S433 AI Gold Star 123 (Coppock),
2026-08-13 17:25:00,2026-08-13 17:30:00,BUY,4387.14,4382.94,4399.75,4385.29,FLIP,-2.05,S433 AI Gold Star 123 (Coppock),
2026-08-13 17:30:00,2026-08-13 17:35:00,SELL,4385.29,4389.41,4372.92,4388.68,FLIP,-3.59,S433 AI Gold Star 123 (Coppock),
2026-08-13 17:35:00,2026-08-13 18:00:00,BUY,4388.68,4384.55,4401.07,4389.29,FLIP,0.41,S433 AI Gold Star 123 (Coppock),
2026-08-13 18:00:00,2026-08-13 18:10:00,SELL,4389.29,4393.94,4375.33,4394.25,FLIP,-5.16,S433 AI Gold Star 123 (Coppock),
2026-08-13 18:10:00,2026-08-13 18:20:00,BUY,4394.25,4389.61,4408.18,4392.5,FLIP,-1.95,S433 AI Gold Star 123 (Coppock),
2026-08-13 18:20:00,2026-08-13 19:30:00,SELL,4392.5,4397.36,4377.92,4397.36,SL,-5.06,S433 AI Gold Star 123 (Coppock),
2026-08-13 20:15:00,2026-08-13 21:15:00,SELL,4392.21,4402.91,4360.1,4375.73,FLIP,16.28,S433 AI Gold Star 123 (Coppock),
2026-08-13 21:15:00,2026-08-13 21:30:00,BUY,4375.73,4364.66,4408.94,4364.66,SL,-11.27,S433 AI Gold Star 123 (Coppock),
2026-08-13 22:10:00,2026-08-13 22:20:00,SELL,4369.73,4380.96,4336.04,4371.16,FLIP,-1.63,S433 AI Gold Star 123 (Coppock),
2026-08-13 22:20:00,2026-08-13 22:25:00,BUY,4371.16,4360.24,4403.92,4365.15,FLIP,-6.21,S433 AI Gold Star 123 (Coppock),
2026-08-13 22:25:00,2026-08-13 23:20:00,SELL,4365.15,4376.19,4332.04,4358.25,FLIP,6.7,S433 AI Gold Star 123 (Coppock),
2026-08-13 23:20:00,2026-08-14 00:25:00,BUY,4358.25,4349.19,4385.42,4362.98,FLIP,4.53,S433 AI Gold Star 123 (Coppock),
2026-08-14 00:25:00,2026-08-14 01:25:00,SELL,4362.98,4369.4,4343.72,4357.58,FLIP,5.2,S433 AI Gold Star 123 (Coppock),
2026-08-14 01:25:00,2026-08-14 02:05:00,BUY,4357.58,4351.71,4375.18,4353.72,FLIP,-4.06,S433 AI Gold Star 123 (Coppock),
2026-08-14 02:05:00,2026-08-14 02:35:00,SELL,4353.72,4358.75,4338.62,4353.23,FLIP,0.29,S433 AI Gold Star 123 (Coppock),
2026-08-14 02:35:00,2026-08-14 02:40:00,BUY,4353.23,4348.24,4368.2,4351.38,FLIP,-2.05,S433 AI Gold Star 123 (Coppock),
2026-08-14 02:40:00,2026-08-14 02:50:00,SELL,4351.38,4356.3,4336.61,4350.35,FLIP,0.83,S433 AI Gold Star 123 (Coppock),
2026-08-14 02:50:00,2026-08-14 03:50:00,BUY,4350.35,4345.36,4365.31,4348.94,FLIP,-1.61,S433 AI Gold Star 123 (Coppock),
2026-08-14 03:50:00,2026-08-14 03:55:00,SELL,4348.94,4352.29,4338.9,4350.15,FLIP,-1.41,S433 AI Gold Star 123 (Coppock),
2026-08-14 03:55:00,2026-08-14 05:35:00,BUY,4350.15,4347.01,4359.56,4359.56,TP,9.21,S433 AI Gold Star 123 (Coppock),
2026-08-14 05:55:00,2026-08-14 06:05:00,SELL,4354.83,4359.58,4340.59,4359.41,FLIP,-4.78,S433 AI Gold Star 123 (Coppock),
2026-08-14 06:05:00,2026-08-14 06:15:00,BUY,4359.41,4353.29,4377.78,4358.41,FLIP,-1.2,S433 AI Gold Star 123 (Coppock),
2026-08-14 06:15:00,2026-08-14 06:25:00,SELL,4358.41,4364.74,4339.43,4362.99,FLIP,-4.78,S433 AI Gold Star 123 (Coppock),
2026-08-14 06:25:00,2026-08-14 06:30:00,BUY,4362.99,4356.42,4382.71,4361.54,FLIP,-1.65,S433 AI Gold Star 123 (Coppock),
2026-08-14 06:30:00,2026-08-14 07:25:00,SELL,4361.54,4368.04,4342.05,4342.05,TP,19.29,S433 AI Gold Star 123 (Coppock),
2026-08-14 08:35:00,2026-08-14 10:50:00,BUY,4319.36,4307.22,4355.79,4324.29,FLIP,4.73,S433 AI Gold Star 123 (Coppock),
2026-08-14 10:50:00,2026-08-14 12:35:00,SELL,4324.29,4329.51,4308.64,4322.29,FLIP,1.8,S433 AI Gold Star 123 (Coppock),
2026-08-14 12:35:00,2026-08-14 12:40:00,BUY,4322.29,4317.51,4336.62,4317.69,FLIP,-4.8,S433 AI Gold Star 123 (Coppock),
2026-08-14 12:40:00,2026-08-14 12:45:00,SELL,4317.69,4322.92,4301.99,4322.92,SL,-5.43,S433 AI Gold Star 123 (Coppock),
2026-08-14 14:35:00,2026-08-14 15:30:00,BUY,4336.48,4331.62,4351.05,4344.37,FLIP,7.69,S433 AI Gold Star 123 (Coppock),
2026-08-14 15:30:00,2026-08-14 15:35:00,SELL,4344.37,4349.55,4328.83,4348.17,FLIP,-4.0,S433 AI Gold Star 123 (Coppock),
2026-08-14 15:35:00,2026-08-14 15:40:00,BUY,4348.17,4342.97,4363.76,4343.76,FLIP,-4.61,S433 AI Gold Star 123 (Coppock),
2026-08-14 15:40:00,2026-08-14 15:55:00,SELL,4343.76,4349.31,4327.12,4349.31,SL,-5.75,S433 AI Gold Star 123 (Coppock),
2026-08-14 16:25:00,2026-08-14 17:05:00,BUY,4351.81,4346.99,4366.27,4356.13,FLIP,4.12,S433 AI Gold Star 123 (Coppock),
2026-08-14 17:05:00,2026-08-14 18:15:00,SELL,4356.13,4360.2,4343.92,4355.49,FLIP,0.44,S433 AI Gold Star 123 (Coppock),
2026-08-14 18:15:00,2026-08-14 18:50:00,BUY,4355.49,4351.4,4367.77,4367.77,TP,12.08,S433 AI Gold Star 123 (Coppock),
2026-08-14 19:35:00,2026-08-14 20:20:00,SELL,4377.75,4385.17,4355.48,4385.17,SL,-7.62,S433 AI Gold Star 123 (Coppock),
2026-08-14 20:30:00,2026-08-14 20:55:00,BUY,4391.14,4382.69,4416.48,4384.48,FLIP,-6.86,S433 AI Gold Star 123 (Coppock),
2026-08-14 20:55:00,2026-08-14 21:00:00,SELL,4384.48,4392.73,4359.73,4391.4,FLIP,-7.12,S433 AI Gold Star 123 (Coppock),
2026-08-14 21:00:00,2026-08-14 21:10:00,BUY,4391.4,4382.77,4417.29,4390.55,FLIP,-1.05,S433 AI Gold Star 123 (Coppock),
2026-08-14 21:10:00,2026-08-14 21:20:00,SELL,4390.55,4398.86,4365.61,4392.22,FLIP,-1.87,S433 AI Gold Star 123 (Coppock),
2026-08-14 21:20:00,2026-08-14 21:25:00,BUY,4392.22,4383.53,4418.28,4390.71,FLIP,-1.71,S433 AI Gold Star 123 (Coppock),
2026-08-14 21:25:00,2026-08-14 22:00:00,SELL,4390.71,4399.21,4365.22,4386.87,FLIP,3.64,S433 AI Gold Star 123 (Coppock),
2026-08-14 22:00:00,2026-08-14 22:15:00,BUY,4386.87,4378.77,4411.18,4386.25,FLIP,-0.82,S433 AI Gold Star 123 (Coppock),
2026-08-14 22:15:00,2026-08-14 22:25:00,SELL,4386.25,4394.91,4360.28,4384.73,FLIP,1.32,S433 AI Gold Star 123 (Coppock),
2026-08-14 22:25:00,2026-08-14 23:20:00,BUY,4384.73,4376.35,4409.88,4389.85,FLIP,4.92,S433 AI Gold Star 123 (Coppock),
2026-08-14 23:20:00,2026-08-15 01:45:00,SELL,4389.85,4396.02,4371.35,4371.35,TP,18.3,S433 AI Gold Star 123 (Coppock),
2026-08-17 08:25:00,2026-08-17 09:40:00,SELL,4407.14,4416.08,4380.33,4392.83,FLIP,14.11,S433 AI Gold Star 123 (Coppock),
2026-08-17 09:40:00,2026-08-17 14:50:00,BUY,4392.83,4385.53,4414.74,4404.31,FLIP,11.28,S433 AI Gold Star 123 (Coppock),
2026-08-17 14:50:00,2026-08-17 18:25:00,SELL,4404.31,4410.15,4386.79,4403.54,FLIP,0.57,S433 AI Gold Star 123 (Coppock),
2026-08-17 18:25:00,2026-08-17 18:35:00,BUY,4403.54,4397.11,4422.83,4402.83,FLIP,-0.91,S433 AI Gold Star 123 (Coppock),
2026-08-17 18:35:00,2026-08-17 19:25:00,SELL,4402.83,4408.06,4387.14,4387.14,TP,15.49,S433 AI Gold Star 123 (Coppock),
2026-08-17 19:55:00,2026-08-17 20:50:00,BUY,4384.9,4377.67,4406.59,4406.59,TP,21.49,S433 AI Gold Star 123 (Coppock),
2026-08-17 21:40:00,2026-08-17 22:50:00,SELL,4417.37,4429.6,4380.67,4426.39,FLIP,-9.22,S433 AI Gold Star 123 (Coppock),
2026-08-17 22:50:00,2026-08-17 23:10:00,BUY,4426.39,4419.65,4446.62,4425.94,FLIP,-0.65,S433 AI Gold Star 123 (Coppock),
2026-08-17 23:10:00,2026-08-18 00:45:00,SELL,4425.94,4432.14,4407.33,4419.15,FLIP,6.59,S433 AI Gold Star 123 (Coppock),
2026-08-18 00:45:00,2026-08-18 00:50:00,BUY,4419.15,4413.78,4435.26,4417.15,FLIP,-2.2,S433 AI Gold Star 123 (Coppock),
2026-08-18 00:50:00,2026-08-18 01:10:00,SELL,4417.15,4422.66,4400.62,4413.76,FLIP,3.19,S433 AI Gold Star 123 (Coppock),
2026-08-18 01:10:00,2026-08-18 01:20:00,BUY,4413.76,4407.7,4431.93,4409.2,FLIP,-4.76,S433 AI Gold Star 123 (Coppock),
2026-08-18 01:20:00,2026-08-18 01:45:00,SELL,4409.2,4415.66,4389.83,4405.8,FLIP,3.2,S433 AI Gold Star 123 (Coppock),
2026-08-18 01:45:00,2026-08-18 02:00:00,BUY,4405.8,4399.01,4426.18,4403.2,FLIP,-2.8,S433 AI Gold Star 123 (Coppock),
2026-08-18 02:00:00,2026-08-18 02:05:00,SELL,4403.2,4409.5,4384.3,4403.61,FLIP,-0.61,S433 AI Gold Star 123 (Coppock),
2026-08-18 02:05:00,2026-08-18 03:05:00,BUY,4403.61,4397.45,4422.08,4417.23,FLIP,13.42,S433 AI Gold Star 123 (Coppock),
2026-08-18 03:05:00,2026-08-18 06:40:00,SELL,4417.23,4422.66,4400.93,4422.66,SL,-5.63,S433 AI Gold Star 123 (Coppock),
2026-08-18 07:05:00,2026-08-18 07:15:00,SELL,4420.26,4425.25,4405.29,4426.93,FLIP,-6.87,S433 AI Gold Star 123 (Coppock),
2026-08-18 07:15:00,2026-08-18 07:40:00,BUY,4426.93,4421.37,4443.6,4429.57,FLIP,2.44,S433 AI Gold Star 123 (Coppock),
2026-08-18 07:40:00,2026-08-18 07:55:00,SELL,4429.57,4436.49,4408.82,4434.72,FLIP,-5.35,S433 AI Gold Star 123 (Coppock),
2026-08-18 07:55:00,2026-08-18 08:05:00,BUY,4434.72,4427.45,4456.52,4430.46,FLIP,-4.46,S433 AI Gold Star 123 (Coppock),
2026-08-18 08:05:00,2026-08-18 08:45:00,SELL,4430.46,4438.74,4405.63,4405.63,TP,24.63,S433 AI Gold Star 123 (Coppock),
2026-08-18 09:25:00,2026-08-18 09:30:00,BUY,4402.22,4394.78,4424.53,4396.37,FLIP,-6.05,S433 AI Gold Star 123 (Coppock),
2026-08-18 09:30:00,2026-08-18 09:35:00,SELL,4396.37,4404.01,4373.45,4396.54,FLIP,-0.37,S433 AI Gold Star 123 (Coppock),
2026-08-18 09:35:00,2026-08-18 10:50:00,BUY,4396.54,4389.03,4419.08,4392.15,FLIP,-4.59,S433 AI Gold Star 123 (Coppock),
2026-08-18 10:50:00,2026-08-18 11:25:00,SELL,4392.15,4396.64,4378.69,4392.41,FLIP,-0.46,S433 AI Gold Star 123 (Coppock),
2026-08-18 11:25:00,2026-08-18 11:35:00,BUY,4392.41,4389.38,4401.49,4389.38,SL,-3.23,S433 AI Gold Star 123 (Coppock),
2026-08-18 12:25:00,2026-08-18 12:45:00,SELL,4391.4,4395.52,4379.03,4395.92,FLIP,-4.72,S433 AI Gold Star 123 (Coppock),
2026-08-18 12:45:00,2026-08-18 13:00:00,BUY,4395.92,4390.91,4410.95,4390.67,FLIP,-5.45,S433 AI Gold Star 123 (Coppock),
2026-08-18 13:00:00,2026-08-18 13:05:00,SELL,4390.67,4396.03,4374.59,4392.88,FLIP,-2.41,S433 AI Gold Star 123 (Coppock),
2026-08-18 13:05:00,2026-08-18 15:20:00,BUY,4392.88,4387.11,4410.2,4387.11,SL,-5.97,S433 AI Gold Star 123 (Coppock),
2026-08-18 15:35:00,2026-08-18 15:45:00,BUY,4398.26,4392.04,4416.93,4393.18,FLIP,-5.28,S433 AI Gold Star 123 (Coppock),
2026-08-18 15:45:00,2026-08-18 15:50:00,SELL,4393.18,4398.75,4376.47,4393.49,FLIP,-0.51,S433 AI Gold Star 123 (Coppock),
2026-08-18 15:50:00,2026-08-18 16:25:00,BUY,4393.49,4388.08,4409.72,4389.31,FLIP,-4.38,S433 AI Gold Star 123 (Coppock),
2026-08-18 16:25:00,2026-08-18 16:30:00,SELL,4389.31,4393.83,4375.74,4393.7,FLIP,-4.59,S433 AI Gold Star 123 (Coppock),
2026-08-18 16:30:00,2026-08-18 16:40:00,BUY,4393.7,4389.28,4406.97,4388.48,FLIP,-5.42,S433 AI Gold Star 123 (Coppock),
2026-08-18 16:40:00,2026-08-18 16:50:00,SELL,4388.48,4393.09,4374.64,4393.89,FLIP,-5.61,S433 AI Gold Star 123 (Coppock),
2026-08-18 16:50:00,2026-08-18 18:35:00,BUY,4393.89,4389.21,4407.92,4389.21,SL,-4.88,S433 AI Gold Star 123 (Coppock),
2026-08-18 22:35:00,2026-08-18 23:45:00,BUY,4361.19,4346.15,4406.31,4363.44,FLIP,2.05,S433 AI Gold Star 123 (Coppock),
2026-08-18 23:45:00,2026-08-19 01:25:00,SELL,4363.44,4369.96,4343.87,4360.21,FLIP,3.03,S433 AI Gold Star 123 (Coppock),
2026-08-19 01:25:00,2026-08-19 01:40:00,BUY,4360.21,4354.35,4377.8,4354.35,SL,-6.06,S433 AI Gold Star 123 (Coppock),
2026-08-19 02:20:00,2026-08-19 02:35:00,SELL,4353.1,4357.98,4338.45,4355.01,FLIP,-2.11,S433 AI Gold Star 123 (Coppock),
2026-08-19 02:35:00,2026-08-19 02:40:00,BUY,4355.01,4350.35,4369.0,4349.77,FLIP,-5.44,S433 AI Gold Star 123 (Coppock),
2026-08-19 02:40:00,2026-08-19 03:20:00,SELL,4349.77,4355.03,4334.0,4334.0,TP,15.57,S433 AI Gold Star 123 (Coppock),
2026-08-19 03:50:00,2026-08-19 05:55:00,BUY,4334.22,4327.46,4354.51,4333.81,FLIP,-0.61,S433 AI Gold Star 123 (Coppock),
2026-08-19 05:55:00,2026-08-19 06:45:00,SELL,4333.81,4338.82,4318.77,4330.96,FLIP,2.65,S433 AI Gold Star 123 (Coppock),
2026-08-19 06:45:00,2026-08-19 07:15:00,BUY,4330.96,4326.22,4345.19,4345.19,TP,14.03,S433 AI Gold Star 123 (Coppock),
2026-08-19 07:55:00,2026-08-19 08:15:00,SELL,4338.05,4345.29,4316.32,4345.29,SL,-7.44,S433 AI Gold Star 123 (Coppock),
2026-08-19 08:30:00,2026-08-19 12:10:00,BUY,4350.79,4340.14,4382.75,4340.14,SL,-10.85,S433 AI Gold Star 123 (Coppock),
2026-08-19 12:25:00,2026-08-19 12:30:00,BUY,4345.37,4340.33,4360.49,4338.41,FLIP,-7.16,S433 AI Gold Star 123 (Coppock),
2026-08-19 12:30:00,2026-08-19 12:35:00,SELL,4338.41,4344.16,4321.17,4342.93,FLIP,-4.72,S433 AI Gold Star 123 (Coppock),
2026-08-19 12:35:00,2026-08-19 12:45:00,BUY,4342.93,4336.68,4361.69,4336.68,SL,-6.45,S433 AI Gold Star 123 (Coppock),
2026-08-19 12:50:00,2026-08-19 13:00:00,SELL,4335.47,4342.22,4315.21,4337.46,FLIP,-2.19,S433 AI Gold Star 123 (Coppock),
2026-08-19 13:00:00,2026-08-19 14:30:00,BUY,4337.46,4330.12,4359.49,4359.49,TP,21.83,S433 AI Gold Star 123 (Coppock),
2026-08-19 14:45:00,2026-08-19 15:10:00,SELL,4356.49,4362.58,4338.23,4361.64,FLIP,-5.35,S433 AI Gold Star 123 (Coppock),
2026-08-19 15:10:00,2026-08-19 15:15:00,BUY,4361.64,4355.28,4380.73,4359.87,FLIP,-1.97,S433 AI Gold Star 123 (Coppock),
2026-08-19 15:15:00,2026-08-19 17:15:00,SELL,4359.87,4365.91,4341.76,4365.91,SL,-6.24,S433 AI Gold Star 123 (Coppock),
2026-08-19 17:50:00,2026-08-19 18:00:00,SELL,4367.43,4371.53,4355.12,4370.9,FLIP,-3.67,S433 AI Gold Star 123 (Coppock),
2026-08-19 18:00:00,2026-08-19 18:05:00,BUY,4370.9,4366.81,4383.17,4371.17,FLIP,0.07,S433 AI Gold Star 123 (Coppock),
2026-08-19 18:05:00,2026-08-19 19:20:00,SELL,4371.17,4375.29,4358.82,4370.29,FLIP,0.68,S433 AI Gold Star 123 (Coppock),
2026-08-19 19:20:00,2026-08-19 19:35:00,BUY,4370.29,4364.65,4387.21,4387.21,TP,16.72,S433 AI Gold Star 123 (Coppock),
2026-08-19 20:30:00,2026-08-19 21:25:00,SELL,4461.82,4482.58,4399.54,4482.58,SL,-20.96,S433 AI Gold Star 123 (Coppock),
2026-08-19 21:35:00,2026-08-19 21:45:00,BUY,4489.21,4473.73,4535.65,4479.13,FLIP,-10.28,S433 AI Gold Star 123 (Coppock),
2026-08-19 21:45:00,2026-08-19 21:55:00,SELL,4479.13,4493.79,4435.16,4488.22,FLIP,-9.29,S433 AI Gold Star 123 (Coppock),
2026-08-19 21:55:00,2026-08-19 22:00:00,BUY,4488.22,4475.02,4527.82,4484.84,FLIP,-3.58,S433 AI Gold Star 123 (Coppock),
2026-08-19 22:00:00,2026-08-19 22:55:00,SELL,4484.84,4497.62,4446.5,4493.84,FLIP,-9.2,S433 AI Gold Star 123 (Coppock),
2026-08-19 22:55:00,2026-08-19 23:25:00,BUY,4493.84,4485.41,4519.13,4491.16,FLIP,-2.88,S433 AI Gold Star 123 (Coppock),
2026-08-19 23:25:00,2026-08-19 23:30:00,SELL,4491.16,4498.37,4469.54,4495.58,FLIP,-4.62,S433 AI Gold Star 123 (Coppock),
2026-08-19 23:30:00,2026-08-19 23:35:00,BUY,4495.58,4488.55,4516.67,4495.41,FLIP,-0.37,S433 AI Gold Star 123 (Coppock),
2026-08-19 23:35:00,2026-08-20 01:25:00,SELL,4495.41,4502.21,4475.02,4475.02,TP,20.19,S433 AI Gold Star 123 (Coppock),
2026-08-20 02:50:00,2026-08-20 03:25:00,SELL,4511.49,4518.29,4491.1,4518.29,SL,-7.0,S433 AI Gold Star 123 (Coppock),
2026-08-20 03:30:00,2026-08-20 03:35:00,BUY,4521.44,4514.14,4543.35,4519.64,FLIP,-2.0,S433 AI Gold Star 123 (Coppock),
2026-08-20 03:35:00,2026-08-20 03:45:00,SELL,4519.64,4526.77,4498.25,4520.98,FLIP,-1.54,S433 AI Gold Star 123 (Coppock),
2026-08-20 03:45:00,2026-08-20 05:00:00,BUY,4520.98,4514.58,4540.17,4521.04,FLIP,-0.14,S433 AI Gold Star 123 (Coppock),
2026-08-20 05:00:00,2026-08-20 05:05:00,SELL,4521.04,4527.12,4502.81,4521.0,FLIP,-0.16,S433 AI Gold Star 123 (Coppock),
2026-08-20 05:05:00,2026-08-20 05:10:00,BUY,4521.0,4514.96,4539.12,4520.25,FLIP,-0.95,S433 AI Gold Star 123 (Coppock),
2026-08-20 05:10:00,2026-08-20 08:00:00,SELL,4520.25,4526.28,4502.15,4502.15,TP,17.9,S433 AI Gold Star 123 (Coppock),
2026-08-20 08:20:00,2026-08-20 08:25:00,BUY,4502.21,4492.73,4530.65,4500.63,FLIP,-1.78,S433 AI Gold Star 123 (Coppock),
2026-08-20 08:25:00,2026-08-20 08:30:00,SELL,4500.63,4509.98,4472.58,4498.62,FLIP,1.81,S433 AI Gold Star 123 (Coppock),
2026-08-20 08:30:00,2026-08-20 08:40:00,BUY,4498.62,4489.53,4525.88,4493.82,FLIP,-5.0,S433 AI Gold Star 123 (Coppock),
2026-08-20 08:40:00,2026-08-20 08:55:00,SELL,4493.82,4503.36,4465.19,4489.71,FLIP,3.91,S433 AI Gold Star 123 (Coppock),
2026-08-20 08:55:00,2026-08-20 12:25:00,BUY,4489.71,4479.43,4520.55,4483.21,FLIP,-6.7,S433 AI Gold Star 123 (Coppock),
2026-08-20 12:25:00,2026-08-20 12:35:00,SELL,4483.21,4488.46,4467.47,4480.45,FLIP,2.56,S433 AI Gold Star 123 (Coppock),
2026-08-20 12:35:00,2026-08-20 12:50:00,BUY,4480.45,4475.03,4496.7,4478.66,FLIP,-1.99,S433 AI Gold Star 123 (Coppock),
2026-08-20 12:50:00,2026-08-20 13:00:00,SELL,4478.66,4484.1,4462.33,4488.55,FLIP,-10.09,S433 AI Gold Star 123 (Coppock),
2026-08-20 13:00:00,2026-08-20 13:55:00,BUY,4488.55,4482.25,4507.45,4493.78,FLIP,5.03,S433 AI Gold Star 123 (Coppock),
2026-08-20 13:55:00,2026-08-20 18:40:00,SELL,4493.78,4498.94,4478.29,4478.29,TP,15.29,S433 AI Gold Star 123 (Coppock),
2026-08-20 19:35:00,2026-08-20 20:55:00,BUY,4463.18,4451.53,4498.12,4481.58,FLIP,18.2,S433 AI Gold Star 123 (Coppock),
2026-08-20 20:55:00,2026-08-20 21:20:00,SELL,4481.58,4492.19,4449.74,4490.88,FLIP,-9.5,S433 AI Gold Star 123 (Coppock),
2026-08-20 21:20:00,2026-08-20 22:00:00,BUY,4490.88,4479.4,4525.31,4525.31,TP,34.23,S433 AI Gold Star 123 (Coppock),
2026-08-20 22:30:00,2026-08-20 23:45:00,SELL,4523.91,4539.73,4476.46,4511.93,FLIP,11.78,S433 AI Gold Star 123 (Coppock),
2026-08-20 23:45:00,2026-08-21 08:35:00,BUY,4511.93,4502.66,4539.73,4539.73,TP,27.6,S433 AI Gold Star 123 (Coppock),
2026-08-21 09:00:00,2026-08-21 09:40:00,SELL,4522.51,4533.51,4489.5,4533.51,SL,-11.2,S433 AI Gold Star 123 (Coppock),
2026-08-21 09:45:00,2026-08-21 10:25:00,BUY,4539.02,4530.8,4563.69,4529.64,FLIP,-9.58,S433 AI Gold Star 123 (Coppock),
2026-08-21 10:25:00,2026-08-21 11:00:00,SELL,4529.64,4537.15,4507.1,4537.15,SL,-7.71,S433 AI Gold Star 123 (Coppock),
2026-08-21 11:05:00,2026-08-21 11:55:00,BUY,4538.21,4532.15,4556.4,4540.54,FLIP,2.13,S433 AI Gold Star 123 (Coppock),
2026-08-21 11:55:00,2026-08-21 12:40:00,SELL,4540.54,4545.61,4525.34,4543.26,FLIP,-2.92,S433 AI Gold Star 123 (Coppock),
2026-08-21 12:40:00,2026-08-21 13:30:00,BUY,4543.26,4536.91,4562.3,4562.3,TP,18.84,S433 AI Gold Star 123 (Coppock),
2026-08-21 13:50:00,2026-08-21 15:15:00,SELL,4564.71,4573.78,4537.5,4572.68,FLIP,-8.17,S433 AI Gold Star 123 (Coppock),
2026-08-21 15:15:00,2026-08-21 16:05:00,BUY,4572.68,4564.99,4595.76,4595.76,TP,22.88,S433 AI Gold Star 123 (Coppock),
2026-08-21 16:20:00,2026-08-21 17:25:00,SELL,4587.0,4596.0,4560.01,4588.57,FLIP,-1.77,S433 AI Gold Star 123 (Coppock),
2026-08-21 17:25:00,2026-08-21 18:10:00,BUY,4588.57,4580.9,4611.59,4590.56,FLIP,1.79,S433 AI Gold Star 123 (Coppock),
2026-08-21 18:10:00,2026-08-21 18:15:00,SELL,4590.56,4597.66,4569.27,4596.24,FLIP,-5.88,S433 AI Gold Star 123 (Coppock),
2026-08-21 18:15:00,2026-08-21 18:30:00,BUY,4596.24,4588.77,4618.64,4594.94,FLIP,-1.5,S433 AI Gold Star 123 (Coppock),
2026-08-21 18:30:00,2026-08-21 18:35:00,SELL,4594.94,4601.95,4573.92,4601.95,SL,-7.21,S433 AI Gold Star 123 (Coppock),
2026-08-21 20:00:00,2026-08-21 22:50:00,BUY,4581.13,4570.22,4613.86,4613.86,TP,32.53,S433 AI Gold Star 123 (Coppock),
2026-08-21 23:05:00,2026-08-21 23:10:00,SELL,4610.27,4618.74,4584.85,4614.55,FLIP,-4.48,S433 AI Gold Star 123 (Coppock),
2026-08-21 23:10:00,2026-08-21 23:15:00,BUY,4614.55,4606.22,4639.53,4614.04,FLIP,-0.71,S433 AI Gold Star 123 (Coppock),
2026-08-21 23:15:00,2026-08-21 23:40:00,SELL,4614.04,4621.95,4590.31,4621.95,SL,-8.11,S433 AI Gold Star 123 (Coppock),
2026-08-21 23:55:00,2026-08-22 00:10:00,BUY,4628.85,4621.22,4651.75,4623.24,FLIP,-5.81,S433 AI Gold Star 123 (Coppock),
2026-08-22 00:10:00,2026-08-22 01:15:00,SELL,4623.24,4631.23,4599.28,4626.75,FLIP,-3.71,S433 AI Gold Star 123 (Coppock),
2026-08-22 01:15:00,2026-08-22 01:35:00,BUY,4626.75,4619.3,4649.1,4619.78,FLIP,-7.17,S433 AI Gold Star 123 (Coppock),
2026-08-22 01:35:00,2026-08-22 01:40:00,SELL,4619.78,4625.33,4603.12,4620.89,FLIP,-1.31,S433 AI Gold Star 123 (Coppock),
2026-08-22 01:40:00,2026-08-22 02:00:00,BUY,4620.89,4615.44,4637.23,4622.02,FLIP,0.93,S433 AI Gold Star 123 (Coppock),
2026-08-22 02:00:00,2026-08-22 03:45:00,SELL,4622.02,4627.03,4607.0,4607.0,TP,14.82,S433 AI Gold Star 123 (Coppock),
2026-08-24 05:05:00,2026-08-24 05:40:00,BUY,4617.01,4610.9,4635.35,4610.9,SL,-6.31,S433 AI Gold Star 123 (Coppock),
2026-08-24 07:20:00,2026-08-24 08:00:00,SELL,4612.53,4623.51,4579.6,4623.51,SL,-11.18,S433 AI Gold Star 123 (Coppock),
2026-08-24 09:40:00,2026-08-24 10:35:00,SELL,4637.61,4649.9,4600.75,4649.9,SL,-12.49,S433 AI Gold Star 123 (Coppock),
2026-08-24 20:20:00,2026-08-24 20:25:00,SELL,4670.65,4682.51,4635.06,4672.24,FLIP,-1.79,S433 AI Gold Star 123 (Coppock),
2026-08-24 20:25:00,2026-08-24 20:35:00,BUY,4672.24,4660.3,4708.05,4669.74,FLIP,-2.7,S433 AI Gold Star 123 (Coppock),
2026-08-24 20:35:00,2026-08-25 00:20:00,SELL,4669.74,4682.54,4631.35,4631.35,TP,38.19,S433 AI Gold Star 123 (Coppock),
2026-08-25 00:55:00,2026-08-25 01:05:00,BUY,4636.66,4625.24,4670.92,4625.24,SL,-11.62,S433 AI Gold Star 123 (Coppock),
2026-08-25 03:10:00,2026-08-25 05:05:00,SELL,4650.48,4656.75,4631.68,4656.75,SL,-6.47,S433 AI Gold Star 123 (Coppock),
2026-08-25 06:25:00,2026-08-25 06:35:00,SELL,4669.3,4673.26,4657.43,4675.34,FLIP,-6.24,S433 AI Gold Star 123 (Coppock),
2026-08-25 06:35:00,2026-08-25 06:55:00,BUY,4675.34,4670.56,4689.69,4679.88,FLIP,4.34,S433 AI Gold Star 123 (Coppock),
2026-08-25 06:55:00,2026-08-25 07:00:00,SELL,4679.88,4685.29,4663.64,4685.29,SL,-5.61,S433 AI Gold Star 123 (Coppock),
2026-08-25 07:10:00,2026-08-25 07:15:00,BUY,4690.52,4682.21,4715.46,4681.27,FLIP,-9.45,S433 AI Gold Star 123 (Coppock),
2026-08-25 07:15:00,2026-08-25 07:30:00,SELL,4681.27,4690.41,4653.86,4688.46,FLIP,-7.39,S433 AI Gold Star 123 (Coppock),
2026-08-25 07:30:00,2026-08-25 07:50:00,BUY,4688.46,4678.07,4719.63,4688.54,FLIP,-0.12,S433 AI Gold Star 123 (Coppock),
2026-08-25 07:50:00,2026-08-25 09:00:00,SELL,4688.54,4699.73,4654.96,4654.96,TP,33.38,S433 AI Gold Star 123 (Coppock),
2026-08-25 09:15:00,2026-08-25 09:35:00,BUY,4649.69,4636.41,4689.54,4643.32,FLIP,-6.57,S433 AI Gold Star 123 (Coppock),
2026-08-25 09:35:00,2026-08-25 10:05:00,SELL,4643.32,4656.55,4603.63,4635.56,FLIP,7.56,S433 AI Gold Star 123 (Coppock),
2026-08-25 10:05:00,2026-08-25 11:20:00,BUY,4635.56,4619.92,4682.47,4632.89,FLIP,-2.87,S433 AI Gold Star 123 (Coppock),
2026-08-25 11:20:00,2026-08-25 12:05:00,SELL,4632.89,4638.86,4614.98,4635.61,FLIP,-2.92,S433 AI Gold Star 123 (Coppock),
2026-08-25 12:05:00,2026-08-25 13:10:00,BUY,4635.61,4629.11,4655.12,4649.68,FLIP,13.87,S433 AI Gold Star 123 (Coppock),
2026-08-25 13:10:00,2026-08-25 15:00:00,SELL,4649.68,4657.73,4625.54,4625.54,TP,23.94,S433 AI Gold Star 123 (Coppock),
2026-08-25 15:15:00,2026-08-25 18:40:00,BUY,4628.18,4620.74,4650.51,4640.68,FLIP,12.3,S433 AI Gold Star 123 (Coppock),
2026-08-25 18:40:00,2026-08-25 18:50:00,SELL,4640.68,4646.58,4622.99,4646.58,SL,-6.1,S433 AI Gold Star 123 (Coppock),
2026-08-25 21:00:00,2026-08-26 02:10:00,BUY,4618.84,4604.29,4662.5,4662.5,TP,43.46,S433 AI Gold Star 123 (Coppock),
2026-08-26 02:30:00,2026-08-26 02:40:00,SELL,4659.1,4664.61,4642.59,4662.19,FLIP,-3.29,S433 AI Gold Star 123 (Coppock),
2026-08-26 02:40:00,2026-08-26 03:00:00,BUY,4662.19,4656.42,4679.51,4665.31,FLIP,2.92,S433 AI Gold Star 123 (Coppock),
2026-08-26 03:00:00,2026-08-26 05:10:00,SELL,4665.31,4672.15,4644.78,4664.67,FLIP,0.44,S433 AI Gold Star 123 (Coppock),
2026-08-26 05:10:00,2026-08-26 06:10:00,BUY,4664.67,4660.69,4676.6,4668.08,FLIP,3.21,S433 AI Gold Star 123 (Coppock),
2026-08-26 06:10:00,2026-08-26 06:40:00,SELL,4668.08,4671.7,4657.23,4657.23,TP,10.65,S433 AI Gold Star 123 (Coppock),
2026-08-26 07:15:00,2026-08-26 07:20:00,BUY,4651.32,4646.39,4666.12,4645.29,FLIP,-6.23,S433 AI Gold Star 123 (Coppock),
2026-08-26 07:20:00,2026-08-26 07:30:00,SELL,4645.29,4650.65,4629.2,4645.04,FLIP,0.05,S433 AI Gold Star 123 (Coppock),
2026-08-26 07:30:00,2026-08-26 07:35:00,BUY,4645.04,4639.33,4662.17,4639.75,FLIP,-5.49,S433 AI Gold Star 123 (Coppock),
2026-08-26 07:35:00,2026-08-26 07:55:00,SELL,4639.75,4646.0,4621.0,4637.37,FLIP,2.18,S433 AI Gold Star 123 (Coppock),
2026-08-26 07:55:00,2026-08-26 08:00:00,BUY,4637.37,4630.97,4656.58,4630.97,SL,-6.6,S433 AI Gold Star 123 (Coppock),
2026-08-26 09:45:00,2026-08-26 11:00:00,SELL,4665.68,4673.58,4641.99,4642.87,FLIP,22.61,S433 AI Gold Star 123 (Coppock),
2026-08-26 11:00:00,2026-08-26 12:40:00,BUY,4642.87,4637.82,4658.02,4638.01,FLIP,-5.06,S433 AI Gold Star 123 (Coppock),
2026-08-26 12:40:00,2026-08-26 13:45:00,SELL,4638.01,4643.86,4620.45,4635.08,FLIP,2.73,S433 AI Gold Star 123 (Coppock),
2026-08-26 13:45:00,2026-08-26 14:50:00,BUY,4635.08,4628.04,4656.2,4628.04,SL,-7.24,S433 AI Gold Star 123 (Coppock),
2026-08-26 17:25:00,2026-08-26 17:30:00,SELL,4614.9,4619.91,4599.86,4619.26,FLIP,-4.56,S433 AI Gold Star 123 (Coppock),
2026-08-26 17:30:00,2026-08-26 19:30:00,BUY,4619.26,4614.02,4634.99,4614.02,SL,-5.44,S433 AI Gold Star 123 (Coppock),
2026-08-26 19:35:00,2026-08-26 20:15:00,SELL,4622.11,4630.12,4598.08,4598.08,TP,23.83,S433 AI Gold Star 123 (Coppock),
2026-08-26 20:30:00,2026-08-26 20:35:00,BUY,4615.84,4600.97,4660.46,4613.34,FLIP,-2.7,S433 AI Gold Star 123 (Coppock),
2026-08-26 20:35:00,2026-08-26 20:40:00,SELL,4613.34,4628.16,4568.87,4619.68,FLIP,-6.54,S433 AI Gold Star 123 (Coppock),
2026-08-26 20:40:00,2026-08-26 21:25:00,BUY,4619.68,4605.88,4661.08,4616.65,FLIP,-3.23,S433 AI Gold Star 123 (Coppock),
2026-08-26 21:25:00,2026-08-26 22:15:00,SELL,4616.65,4627.77,4583.3,4583.3,TP,33.15,S433 AI Gold Star 123 (Coppock),
2026-08-26 22:30:00,2026-08-26 23:35:00,BUY,4598.15,4586.23,4633.91,4587.02,FLIP,-11.33,S433 AI Gold Star 123 (Coppock),
2026-08-26 23:35:00,2026-08-26 23:50:00,SELL,4587.02,4595.16,4562.6,4595.16,SL,-8.34,S433 AI Gold Star 123 (Coppock),
2026-08-27 00:05:00,2026-08-27 03:20:00,BUY,4594.31,4586.54,4617.62,4586.54,SL,-7.97,S433 AI Gold Star 123 (Coppock),
2026-08-27 05:50:00,2026-08-27 06:10:00,SELL,4607.39,4613.81,4588.13,4613.81,SL,-6.62,S433 AI Gold Star 123 (Coppock),
2026-08-27 06:15:00,2026-08-27 06:25:00,BUY,4620.76,4613.94,4641.21,4620.16,FLIP,-0.8,S433 AI Gold Star 123 (Coppock),
2026-08-27 06:25:00,2026-08-27 06:35:00,SELL,4620.16,4626.02,4602.57,4624.92,FLIP,-4.96,S433 AI Gold Star 123 (Coppock),
2026-08-27 06:35:00,2026-08-27 06:50:00,BUY,4624.92,4619.51,4641.16,4621.13,FLIP,-3.99,S433 AI Gold Star 123 (Coppock),
2026-08-27 06:50:00,2026-08-27 06:55:00,SELL,4621.13,4626.85,4603.96,4623.47,FLIP,-2.54,S433 AI Gold Star 123 (Coppock),
2026-08-27 06:55:00,2026-08-27 07:05:00,BUY,4623.47,4617.88,4640.24,4618.96,FLIP,-4.71,S433 AI Gold Star 123 (Coppock),
2026-08-27 07:05:00,2026-08-27 08:00:00,SELL,4618.96,4625.12,4600.47,4614.26,FLIP,4.5,S433 AI Gold Star 123 (Coppock),
2026-08-27 08:00:00,2026-08-27 08:55:00,BUY,4614.26,4605.72,4639.87,4639.87,TP,25.41,S433 AI Gold Star 123 (Coppock),
2026-08-27 09:15:00,2026-08-27 10:20:00,SELL,4638.81,4648.39,4610.06,4638.0,FLIP,0.61,S433 AI Gold Star 123 (Coppock),
2026-08-27 10:20:00,2026-08-27 10:40:00,BUY,4638.0,4631.1,4658.69,4631.1,SL,-7.1,S433 AI Gold Star 123 (Coppock),
2026-08-27 11:45:00,2026-08-27 12:30:00,BUY,4620.15,4616.13,4632.22,4611.15,FLIP,-9.2,S433 AI Gold Star 123 (Coppock),
2026-08-27 12:30:00,2026-08-27 13:20:00,SELL,4611.15,4616.27,4595.78,4609.53,FLIP,1.42,S433 AI Gold Star 123 (Coppock),
2026-08-27 13:20:00,2026-08-27 13:55:00,BUY,4609.53,4601.27,4634.32,4601.27,SL,-8.46,S433 AI Gold Star 123 (Coppock),
2026-08-27 14:15:00,2026-08-27 14:50:00,SELL,4597.54,4604.41,4576.94,4598.14,FLIP,-0.8,S433 AI Gold Star 123 (Coppock),
2026-08-27 14:50:00,2026-08-27 15:35:00,BUY,4598.14,4591.46,4618.18,4598.32,FLIP,-0.02,S433 AI Gold Star 123 (Coppock),
2026-08-27 15:35:00,2026-08-27 16:35:00,SELL,4598.32,4603.84,4581.76,4581.76,TP,16.36,S433 AI Gold Star 123 (Coppock),
2026-08-27 17:10:00,2026-08-27 17:15:00,BUY,4581.63,4573.28,4606.68,4580.87,FLIP,-0.96,S433 AI Gold Star 123 (Coppock),
2026-08-27 17:15:00,2026-08-27 17:20:00,SELL,4580.87,4589.53,4554.9,4582.28,FLIP,-1.61,S433 AI Gold Star 123 (Coppock),
2026-08-27 17:20:00,2026-08-27 18:45:00,BUY,4582.28,4573.75,4607.87,4595.21,FLIP,12.73,S433 AI Gold Star 123 (Coppock),
2026-08-27 18:45:00,2026-08-27 19:00:00,SELL,4595.21,4600.64,4578.91,4600.64,SL,-5.63,S433 AI Gold Star 123 (Coppock),
2026-08-27 20:20:00,2026-08-27 20:30:00,BUY,4587.63,4579.76,4611.23,4575.69,FLIP,-12.14,S433 AI Gold Star 123 (Coppock),
2026-08-27 20:30:00,2026-08-27 20:40:00,SELL,4575.69,4584.96,4547.87,4578.65,FLIP,-3.16,S433 AI Gold Star 123 (Coppock),
2026-08-27 20:40:00,2026-08-27 20:45:00,BUY,4578.65,4568.23,4609.92,4568.23,SL,-10.62,S433 AI Gold Star 123 (Coppock),
2026-08-27 20:50:00,2026-08-27 21:00:00,SELL,4572.22,4584.27,4536.06,4575.59,FLIP,-3.57,S433 AI Gold Star 123 (Coppock),
2026-08-27 21:00:00,2026-08-27 21:10:00,BUY,4575.59,4563.22,4612.7,4573.73,FLIP,-2.06,S433 AI Gold Star 123 (Coppock),
2026-08-27 21:10:00,2026-08-27 21:15:00,SELL,4573.73,4585.94,4537.09,4579.42,FLIP,-5.89,S433 AI Gold Star 123 (Coppock),
2026-08-27 21:15:00,2026-08-27 22:20:00,BUY,4579.42,4566.8,4617.29,4590.37,FLIP,10.75,S433 AI Gold Star 123 (Coppock),
2026-08-27 22:20:00,2026-08-27 22:40:00,SELL,4590.37,4599.49,4563.01,4599.49,SL,-9.32,S433 AI Gold Star 123 (Coppock),
2026-08-27 22:50:00,2026-08-27 23:10:00,BUY,4609.34,4601.51,4632.83,4604.58,FLIP,-4.96,S433 AI Gold Star 123 (Coppock),
2026-08-27 23:10:00,2026-08-27 23:30:00,SELL,4604.58,4612.16,4581.85,4608.76,FLIP,-4.38,S433 AI Gold Star 123 (Coppock),
2026-08-27 23:30:00,2026-08-27 23:40:00,BUY,4608.76,4601.93,4629.24,4611.51,FLIP,2.55,S433 AI Gold Star 123 (Coppock),
2026-08-27 23:40:00,2026-08-28 02:05:00,SELL,4611.51,4617.64,4593.11,4617.64,SL,-6.33,S433 AI Gold Star 123 (Coppock),
2026-08-28 02:25:00,2026-08-28 02:45:00,SELL,4605.8,4611.63,4588.3,4611.63,SL,-6.03,S433 AI Gold Star 123 (Coppock),
2026-08-28 07:05:00,2026-08-28 07:15:00,BUY,4599.9,4595.25,4613.86,4593.47,FLIP,-6.63,S433 AI Gold Star 123 (Coppock),
2026-08-28 07:15:00,2026-08-28 07:20:00,SELL,4593.47,4598.5,4578.37,4593.72,FLIP,-0.45,S433 AI Gold Star 123 (Coppock),
2026-08-28 07:20:00,2026-08-28 07:30:00,BUY,4593.72,4588.65,4608.94,4589.59,FLIP,-4.33,S433 AI Gold Star 123 (Coppock),
2026-08-28 07:30:00,2026-08-28 07:40:00,SELL,4589.59,4595.23,4572.66,4591.08,FLIP,-1.69,S433 AI Gold Star 123 (Coppock),
2026-08-28 07:40:00,2026-08-28 07:45:00,BUY,4591.08,4585.48,4607.87,4587.4,FLIP,-3.88,S433 AI Gold Star 123 (Coppock),
2026-08-28 07:45:00,2026-08-28 07:55:00,SELL,4587.4,4593.13,4570.22,4588.81,FLIP,-1.61,S433 AI Gold Star 123 (Coppock),
2026-08-28 07:55:00,2026-08-28 08:20:00,BUY,4588.81,4583.12,4605.87,4590.75,FLIP,1.74,S433 AI Gold Star 123 (Coppock),
2026-08-28 08:20:00,2026-08-28 08:30:00,SELL,4590.75,4599.07,4565.78,4587.41,FLIP,3.14,S433 AI Gold Star 123 (Coppock),
2026-08-28 08:30:00,2026-08-28 08:35:00,BUY,4587.41,4578.74,4613.43,4580.88,FLIP,-6.73,S433 AI Gold Star 123 (Coppock),
2026-08-28 08:35:00,2026-08-28 09:20:00,SELL,4580.88,4590.1,4553.22,4584.31,FLIP,-3.63,S433 AI Gold Star 123 (Coppock),
2026-08-28 09:20:00,2026-08-28 12:35:00,BUY,4584.31,4576.28,4608.39,4576.28,SL,-8.23,S433 AI Gold Star 123 (Coppock),
2026-08-28 14:35:00,2026-08-28 20:55:00,SELL,4610.4,4620.05,4581.46,4620.05,SL,-9.85,S433 AI Gold Star 123 (Coppock),
2026-08-28 21:00:00,2026-08-28 21:50:00,SELL,4577.2,4593.3,4528.91,4570.71,FLIP,6.29,S433 AI Gold Star 123 (Coppock),
2026-08-28 21:50:00,2026-08-28 22:40:00,BUY,4570.71,4538.68,4666.79,4539.1,FLIP,-31.81,S433 AI Gold Star 123 (Coppock),
2026-08-28 22:40:00,2026-08-28 23:20:00,SELL,4539.1,4558.35,4481.37,4481.37,TP,57.53,S433 AI Gold Star 123 (Coppock),
2026-08-28 23:45:00,2026-08-29 00:55:00,BUY,4481.61,4458.59,4550.68,4469.31,FLIP,-12.5,S433 AI Gold Star 123 (Coppock),
2026-08-29 00:55:00,2026-08-29 01:45:00,SELL,4469.31,4481.48,4432.79,4453.26,FLIP,15.85,S433 AI Gold Star 123 (Coppock),
2026-08-29 01:45:00,2026-08-29 02:55:00,BUY,4453.26,4440.94,4490.22,4458.29,FLIP,4.83,S433 AI Gold Star 123 (Coppock),
2026-08-29 02:55:00,2026-08-29 03:55:00,SELL,4458.29,4466.89,4432.49,4455.88,FLIP,2.21,S433 AI Gold Star 123 (Coppock),
2026-08-29 03:55:00,2026-08-31 05:05:00,BUY,4455.88,4449.67,4474.51,4449.67,SL,-6.41,S433 AI Gold Star 123 (Coppock),
2026-08-31 05:30:00,2026-08-31 05:35:00,SELL,4453.14,4460.94,4429.74,4460.4,FLIP,-7.46,S433 AI Gold Star 123 (Coppock),
2026-08-31 05:35:00,2026-08-31 06:10:00,BUY,4460.4,4452.18,4485.07,4460.63,FLIP,0.03,S433 AI Gold Star 123 (Coppock),
2026-08-31 06:10:00,2026-08-31 06:15:00,SELL,4460.63,4469.08,4435.28,4463.11,FLIP,-2.68,S433 AI Gold Star 123 (Coppock),
2026-08-31 06:15:00,2026-08-31 06:20:00,BUY,4463.11,4455.44,4486.13,4459.68,FLIP,-3.63,S433 AI Gold Star 123 (Coppock),
2026-08-31 06:20:00,2026-08-31 06:45:00,SELL,4459.68,4467.51,4436.19,4436.19,TP,23.29,S433 AI Gold Star 123 (Coppock),
2026-08-31 06:55:00,2026-08-31 08:00:00,BUY,4458.54,4449.76,4484.88,4449.76,SL,-8.98,S433 AI Gold Star 123 (Coppock),
2026-08-31 09:20:00,2026-08-31 09:25:00,BUY,4427.13,4411.4,4474.31,4423.14,FLIP,-4.19,S433 AI Gold Star 123 (Coppock),
2026-08-31 09:25:00,2026-08-31 09:50:00,SELL,4423.14,4438.32,4377.6,4416.75,FLIP,6.19,S433 AI Gold Star 123 (Coppock),
2026-08-31 09:50:00,2026-08-31 11:00:00,BUY,4416.75,4401.09,4463.72,4418.66,FLIP,1.71,S433 AI Gold Star 123 (Coppock),
2026-08-31 11:00:00,2026-08-31 12:00:00,SELL,4418.66,4425.43,4398.35,4425.43,SL,-6.97,S433 AI Gold Star 123 (Coppock),
2026-08-31 13:00:00,2026-08-31 13:55:00,SELL,4433.27,4443.42,4402.82,4439.46,FLIP,-6.39,S433 AI Gold Star 123 (Coppock),
2026-08-31 13:55:00,2026-08-31 14:05:00,BUY,4439.46,4431.64,4462.91,4437.9,FLIP,-1.76,S433 AI Gold Star 123 (Coppock),
2026-08-31 14:05:00,2026-08-31 14:15:00,SELL,4437.9,4445.16,4416.13,4439.02,FLIP,-1.32,S433 AI Gold Star 123 (Coppock),
2026-08-31 14:15:00,2026-08-31 14:45:00,BUY,4439.02,4432.18,4459.55,4444.56,FLIP,5.34,S433 AI Gold Star 123 (Coppock),
2026-08-31 14:45:00,2026-08-31 15:00:00,SELL,4444.56,4451.32,4424.29,4448.43,FLIP,-4.07,S433 AI Gold Star 123 (Coppock),
2026-08-31 15:00:00,2026-08-31 15:05:00,BUY,4448.43,4441.37,4469.62,4442.62,FLIP,-6.01,S433 AI Gold Star 123 (Coppock),
2026-08-31 15:05:00,2026-08-31 17:05:00,SELL,4442.62,4450.03,4420.38,4450.03,SL,-7.61,S433 AI Gold Star 123 (Coppock),
2026-08-31 17:20:00,2026-08-31 17:35:00,SELL,4447.37,4452.79,4431.11,4449.97,FLIP,-2.8,S433 AI Gold Star 123 (Coppock),
2026-08-31 17:35:00,2026-08-31 17:40:00,BUY,4449.97,4444.51,4466.35,4450.92,FLIP,0.75,S433 AI Gold Star 123 (Coppock),
2026-08-31 17:40:00,2026-08-31 17:50:00,SELL,4450.92,4456.13,4435.3,4453.6,FLIP,-2.88,S433 AI Gold Star 123 (Coppock),
2026-08-31 17:50:00,2026-08-31 18:10:00,BUY,4453.6,4448.27,4469.6,4453.75,FLIP,-0.05,S433 AI Gold Star 123 (Coppock),
2026-08-31 18:10:00,2026-08-31 18:15:00,SELL,4453.75,4459.28,4437.15,4456.41,FLIP,-2.86,S433 AI Gold Star 123 (Coppock),
2026-08-31 18:15:00,2026-08-31 18:20:00,BUY,4456.41,4451.08,4472.4,4458.06,FLIP,1.45,S433 AI Gold Star 123 (Coppock),
2026-08-31 18:20:00,2026-08-31 18:25:00,SELL,4458.06,4463.06,4443.07,4463.26,FLIP,-5.4,S433 AI Gold Star 123 (Coppock),
2026-08-31 18:25:00,2026-08-31 18:35:00,BUY,4463.26,4458.21,4478.4,4455.64,FLIP,-7.82,S433 AI Gold Star 123 (Coppock),
2026-08-31 18:35:00,2026-08-31 19:45:00,SELL,4455.64,4461.3,4438.66,4438.66,TP,16.78,S433 AI Gold Star 123 (Coppock),
2026-08-31 20:05:00,2026-08-31 20:35:00,BUY,4445.01,4436.64,4470.11,4436.64,SL,-8.57,S433 AI Gold Star 123 (Coppock),
2026-08-31 20:45:00,2026-08-31 21:30:00,SELL,4425.49,4434.71,4397.84,4424.95,FLIP,0.34,S433 AI Gold Star 123 (Coppock),
2026-08-31 21:30:00,2026-09-01 03:15:00,BUY,4424.95,4413.05,4460.65,4448.96,FLIP,23.81,S433 AI Gold Star 123 (Coppock),
2026-09-01 03:15:00,2026-09-01 05:05:00,SELL,4448.96,4454.73,4431.65,4454.73,SL,-5.97,S433 AI Gold Star 123 (Coppock),
2026-09-01 05:30:00,2026-09-01 05:35:00,BUY,4450.26,4446.61,4461.22,4448.49,FLIP,-1.97,S433 AI Gold Star 123 (Coppock),
2026-09-01 05:35:00,2026-09-01 06:55:00,SELL,4448.49,4452.22,4437.3,4452.22,SL,-3.93,S433 AI Gold Star 123 (Coppock),
2026-09-01 07:40:00,2026-09-01 07:50:00,SELL,4453.44,4460.28,4432.92,4460.28,SL,-7.04,S433 AI Gold Star 123 (Coppock),
2026-09-01 09:55:00,2026-09-01 10:20:00,BUY,4443.15,4435.4,4466.39,4435.4,SL,-7.95,S433 AI Gold Star 123 (Coppock),
2026-09-01 10:30:00,2026-09-01 11:30:00,BUY,4436.46,4429.45,4457.48,4429.45,SL,-7.21,S433 AI Gold Star 123 (Coppock),
2026-09-01 12:00:00,2026-09-01 12:15:00,BUY,4431.11,4425.8,4447.05,4425.8,SL,-5.51,S433 AI Gold Star 123 (Coppock),
2026-09-01 13:10:00,2026-09-01 15:00:00,SELL,4432.86,4440.19,4410.86,4410.86,TP,21.8,S433 AI Gold Star 123 (Coppock),
2026-09-01 16:00:00,2026-09-01 16:05:00,BUY,4374.12,4358.31,4421.55,4369.87,FLIP,-4.45,S433 AI Gold Star 123 (Coppock),
2026-09-01 16:05:00,2026-09-01 16:10:00,SELL,4369.87,4385.93,4321.68,4376.03,FLIP,-6.36,S433 AI Gold Star 123 (Coppock),
2026-09-01 16:10:00,2026-09-01 18:00:00,BUY,4376.03,4360.27,4423.32,4380.19,FLIP,3.96,S433 AI Gold Star 123 (Coppock),
2026-09-01 18:00:00,2026-09-01 18:05:00,SELL,4380.19,4387.86,4357.18,4382.14,FLIP,-2.15,S433 AI Gold Star 123 (Coppock),
2026-09-01 18:05:00,2026-09-01 18:10:00,BUY,4382.14,4374.74,4404.33,4377.24,FLIP,-5.1,S433 AI Gold Star 123 (Coppock),
2026-09-01 18:10:00,2026-09-01 18:40:00,SELL,4377.24,4384.63,4355.06,4384.08,FLIP,-7.04,S433 AI Gold Star 123 (Coppock),
2026-09-01 18:40:00,2026-09-01 18:50:00,BUY,4384.08,4377.46,4403.93,4379.13,FLIP,-5.15,S433 AI Gold Star 123 (Coppock),
2026-09-01 18:50:00,2026-09-01 19:35:00,SELL,4379.13,4386.24,4357.81,4357.81,TP,21.12,S433 AI Gold Star 123 (Coppock),
2026-09-01 20:25:00,2026-09-02 01:00:00,BUY,4343.02,4329.78,4382.74,4338.83,FLIP,-4.39,S433 AI Gold Star 123 (Coppock),
2026-09-02 01:00:00,2026-09-02 01:15:00,SELL,4338.83,4345.36,4319.24,4340.75,FLIP,-2.12,S433 AI Gold Star 123 (Coppock),
2026-09-02 01:15:00,2026-09-02 01:25:00,BUY,4340.75,4334.33,4360.01,4337.51,FLIP,-3.44,S433 AI Gold Star 123 (Coppock),
2026-09-02 01:25:00,2026-09-02 01:55:00,SELL,4337.51,4343.8,4318.65,4331.69,FLIP,5.62,S433 AI Gold Star 123 (Coppock),
2026-09-02 01:55:00,2026-09-02 02:35:00,BUY,4331.69,4325.62,4349.89,4323.09,FLIP,-8.8,S433 AI Gold Star 123 (Coppock),
2026-09-02 02:35:00,2026-09-02 02:40:00,SELL,4323.09,4329.57,4303.64,4326.46,FLIP,-3.57,S433 AI Gold Star 123 (Coppock),
2026-09-02 02:40:00,2026-09-02 03:05:00,BUY,4326.46,4319.94,4346.02,4329.19,FLIP,2.53,S433 AI Gold Star 123 (Coppock),
2026-09-02 03:05:00,2026-09-02 03:30:00,SELL,4329.19,4335.99,4308.8,4325.97,FLIP,3.02,S433 AI Gold Star 123 (Coppock),
2026-09-02 03:30:00,2026-09-02 05:15:00,BUY,4325.97,4319.75,4344.62,4327.6,FLIP,1.43,S433 AI Gold Star 123 (Coppock),
2026-09-02 05:15:00,2026-09-02 05:20:00,SELL,4327.6,4331.53,4315.82,4328.11,FLIP,-0.71,S433 AI Gold Star 123 (Coppock),
2026-09-02 05:20:00,2026-09-02 05:25:00,BUY,4328.11,4324.46,4339.05,4327.81,FLIP,-0.5,S433 AI Gold Star 123 (Coppock),
2026-09-02 05:25:00,2026-09-02 06:10:00,SELL,4327.81,4331.22,4317.57,4331.22,SL,-3.61,S433 AI Gold Star 123 (Coppock),
2026-09-02 07:40:00,2026-09-02 07:45:00,BUY,4330.16,4319.55,4362.0,4323.64,FLIP,-6.72,S433 AI Gold Star 123 (Coppock),
2026-09-02 07:45:00,2026-09-02 08:15:00,SELL,4323.64,4334.67,4290.56,4320.43,FLIP,3.01,S433 AI Gold Star 123 (Coppock),
2026-09-02 08:15:00,2026-09-02 08:30:00,BUY,4320.43,4307.33,4359.72,4309.54,FLIP,-11.09,S433 AI Gold Star 123 (Coppock),
2026-09-02 08:30:00,2026-09-02 09:15:00,SELL,4309.54,4322.88,4269.51,4300.63,FLIP,8.71,S433 AI Gold Star 123 (Coppock),
2026-09-02 09:15:00,2026-09-02 10:15:00,BUY,4300.63,4287.38,4340.39,4297.92,FLIP,-2.91,S433 AI Gold Star 123 (Coppock),
2026-09-02 10:15:00,2026-09-02 10:50:00,SELL,4297.92,4306.24,4272.95,4300.96,FLIP,-3.24,S433 AI Gold Star 123 (Coppock),
2026-09-02 10:50:00,2026-09-02 13:00:00,BUY,4300.96,4291.66,4328.87,4318.0,FLIP,16.84,S433 AI Gold Star 123 (Coppock),
2026-09-02 13:00:00,2026-09-02 13:05:00,SELL,4318.0,4325.44,4295.69,4324.22,FLIP,-6.42,S433 AI Gold Star 123 (Coppock),
2026-09-02 13:05:00,2026-09-02 13:20:00,BUY,4324.22,4316.26,4348.1,4326.72,FLIP,2.3,S433 AI Gold Star 123 (Coppock),
2026-09-02 13:20:00,2026-09-02 14:10:00,SELL,4326.72,4335.76,4299.59,4326.73,FLIP,-0.21,S433 AI Gold Star 123 (Coppock),
2026-09-02 14:10:00,2026-09-02 14:45:00,BUY,4326.73,4317.62,4354.05,4322.27,FLIP,-4.66,S433 AI Gold Star 123 (Coppock),
2026-09-02 14:45:00,2026-09-02 15:05:00,SELL,4322.27,4329.58,4300.35,4329.58,SL,-7.51,S433 AI Gold Star 123 (Coppock),
