entry_time,exit_time,direction,entry,sl,tp,exit_price,outcome,profit,pattern,reason
2025-09-02 21:00:00,2025-09-03 09:00:00,BUY,3511.14,3491.46,3570.19,3531.77,FLIP,20.43,S433 AI Gold Star 123 (Coppock),
2025-09-03 09:00:00,2025-09-03 19:00:00,SELL,3531.77,3549.81,3477.65,3550.58,FLIP,-19.01,S433 AI Gold Star 123 (Coppock),
2025-09-03 19:00:00,2025-09-04 03:00:00,BUY,3550.58,3536.35,3593.28,3559.64,FLIP,8.86,S433 AI Gold Star 123 (Coppock),
2025-09-04 03:00:00,2025-09-04 10:00:00,SELL,3559.64,3574.14,3516.12,3516.12,TP,43.32,S433 AI Gold Star 123 (Coppock),
2025-09-04 17:00:00,2025-09-05 05:00:00,BUY,3540.87,3523.81,3592.05,3540.95,FLIP,-0.12,S433 AI Gold Star 123 (Coppock),
2025-09-05 05:00:00,2025-09-05 06:00:00,SELL,3540.95,3555.3,3497.9,3552.6,FLIP,-11.85,S433 AI Gold Star 123 (Coppock),
2025-09-05 06:00:00,2025-09-05 07:00:00,BUY,3552.6,3537.67,3597.39,3552.17,FLIP,-0.63,S433 AI Gold Star 123 (Coppock),
2025-09-05 07:00:00,2025-09-05 11:00:00,SELL,3552.17,3567.04,3507.55,3558.49,FLIP,-6.52,S433 AI Gold Star 123 (Coppock),
2025-09-05 11:00:00,2025-09-05 13:00:00,BUY,3558.49,3546.02,3595.91,3552.51,FLIP,-6.18,S433 AI Gold Star 123 (Coppock),
2025-09-05 13:00:00,2025-09-05 16:00:00,SELL,3552.51,3564.13,3517.64,3552.4,FLIP,-0.09,S433 AI Gold Star 123 (Coppock),
2025-09-05 16:00:00,2025-09-05 17:00:00,BUY,3552.4,3541.33,3585.61,3551.76,FLIP,-0.84,S433 AI Gold Star 123 (Coppock),
2025-09-05 17:00:00,2025-09-05 19:00:00,SELL,3551.76,3562.62,3519.18,3580.27,FLIP,-28.71,S433 AI Gold Star 123 (Coppock),
2025-09-05 19:00:00,2025-09-08 07:00:00,BUY,3580.27,3565.82,3623.63,3594.33,FLIP,13.86,S433 AI Gold Star 123 (Coppock),
2025-09-08 07:00:00,2025-09-08 14:00:00,SELL,3594.33,3612.1,3541.02,3612.1,SL,-17.97,S433 AI Gold Star 123 (Coppock),
2025-09-08 15:00:00,2025-09-09 02:00:00,BUY,3611.18,3598.05,3650.56,3636.53,FLIP,25.15,S433 AI Gold Star 123 (Coppock),
2025-09-09 02:00:00,2025-09-09 09:00:00,SELL,3636.53,3651.21,3592.49,3651.21,SL,-14.88,S433 AI Gold Star 123 (Coppock),
2025-09-09 16:00:00,2025-09-09 18:00:00,BUY,3653.61,3639.98,3694.49,3648.03,FLIP,-5.78,S433 AI Gold Star 123 (Coppock),
2025-09-09 18:00:00,2025-09-09 20:00:00,SELL,3648.03,3662.3,3605.22,3666.12,FLIP,-18.29,S433 AI Gold Star 123 (Coppock),
2025-09-09 20:00:00,2025-09-09 21:00:00,BUY,3666.12,3649.96,3714.61,3644.97,FLIP,-21.35,S433 AI Gold Star 123 (Coppock),
2025-09-09 21:00:00,2025-09-10 09:00:00,SELL,3644.97,3664.46,3586.51,3636.29,FLIP,8.48,S433 AI Gold Star 123 (Coppock),
2025-09-10 09:00:00,2025-09-10 22:00:00,BUY,3636.29,3617.01,3694.14,3644.39,FLIP,7.9,S433 AI Gold Star 123 (Coppock),
2025-09-10 22:00:00,2025-09-11 19:00:00,SELL,3644.39,3657.23,3605.88,3628.94,FLIP,15.25,S433 AI Gold Star 123 (Coppock),
2025-09-11 19:00:00,2025-09-12 14:00:00,BUY,3628.94,3614.28,3672.92,3648.35,FLIP,19.21,S433 AI Gold Star 123 (Coppock),
2025-09-12 14:00:00,2025-09-15 10:00:00,SELL,3648.35,3657.24,3621.67,3646.0,FLIP,2.15,S433 AI Gold Star 123 (Coppock),
2025-09-15 10:00:00,2025-09-15 13:00:00,BUY,3646.0,3636.16,3675.51,3636.65,FLIP,-9.55,S433 AI Gold Star 123 (Coppock),
2025-09-15 13:00:00,2025-09-15 14:00:00,SELL,3636.65,3645.61,3609.77,3643.9,FLIP,-7.45,S433 AI Gold Star 123 (Coppock),
2025-09-15 14:00:00,2025-09-15 22:00:00,BUY,3643.9,3634.48,3672.16,3672.16,TP,28.06,S433 AI Gold Star 123 (Coppock),
2025-09-16 08:00:00,2025-09-16 13:00:00,SELL,3679.3,3693.16,3637.71,3693.16,SL,-14.06,S433 AI Gold Star 123 (Coppock),
2025-09-16 20:00:00,2025-09-16 21:00:00,BUY,3695.62,3682.45,3735.13,3686.33,FLIP,-9.49,S433 AI Gold Star 123 (Coppock),
2025-09-16 21:00:00,2025-09-17 19:00:00,SELL,3686.33,3700.23,3644.63,3678.66,FLIP,7.47,S433 AI Gold Star 123 (Coppock),
2025-09-17 19:00:00,2025-09-18 01:00:00,BUY,3678.66,3666.43,3715.36,3650.33,FLIP,-28.53,S433 AI Gold Star 123 (Coppock),
2025-09-18 01:00:00,2025-09-18 02:00:00,SELL,3650.33,3668.93,3594.54,3661.67,FLIP,-11.54,S433 AI Gold Star 123 (Coppock),
2025-09-18 02:00:00,2025-09-18 03:00:00,BUY,3661.67,3641.93,3720.9,3659.56,FLIP,-2.31,S433 AI Gold Star 123 (Coppock),
2025-09-18 03:00:00,2025-09-18 05:00:00,SELL,3659.56,3678.88,3601.6,3663.0,FLIP,-3.64,S433 AI Gold Star 123 (Coppock),
2025-09-18 05:00:00,2025-09-18 07:00:00,BUY,3663.0,3643.78,3720.67,3665.23,FLIP,2.03,S433 AI Gold Star 123 (Coppock),
2025-09-18 07:00:00,2025-09-18 14:00:00,SELL,3665.23,3685.44,3604.6,3658.89,FLIP,6.14,S433 AI Gold Star 123 (Coppock),
2025-09-18 14:00:00,2025-09-18 20:00:00,BUY,3658.89,3635.17,3730.05,3642.16,FLIP,-16.93,S433 AI Gold Star 123 (Coppock),
2025-09-18 20:00:00,2025-09-19 00:00:00,SELL,3642.16,3661.95,3582.79,3643.57,FLIP,-1.61,S433 AI Gold Star 123 (Coppock),
2025-09-19 00:00:00,2025-09-19 01:00:00,BUY,3643.57,3625.92,3696.53,3641.42,FLIP,-2.35,S433 AI Gold Star 123 (Coppock),
2025-09-19 01:00:00,2025-09-19 08:00:00,SELL,3641.42,3658.78,3589.34,3639.86,FLIP,1.36,S433 AI Gold Star 123 (Coppock),
2025-09-19 08:00:00,2025-09-19 18:00:00,BUY,3639.86,3626.29,3680.56,3648.38,FLIP,8.32,S433 AI Gold Star 123 (Coppock),
2025-09-19 18:00:00,2025-09-19 19:00:00,SELL,3648.38,3661.41,3609.3,3649.3,FLIP,-1.12,S433 AI Gold Star 123 (Coppock),
2025-09-19 19:00:00,2025-09-22 05:00:00,BUY,3649.3,3636.01,3689.16,3689.16,TP,39.66,S433 AI Gold Star 123 (Coppock),
2025-09-22 09:00:00,2025-09-22 10:00:00,SELL,3686.41,3699.25,3647.89,3695.4,FLIP,-9.19,S433 AI Gold Star 123 (Coppock),
2025-09-22 10:00:00,2025-09-22 11:00:00,BUY,3695.4,3682.11,3735.27,3692.16,FLIP,-3.44,S433 AI Gold Star 123 (Coppock),
2025-09-22 11:00:00,2025-09-22 13:00:00,SELL,3692.16,3703.86,3657.07,3714.43,FLIP,-22.47,S433 AI Gold Star 123 (Coppock),
2025-09-22 13:00:00,2025-09-22 19:00:00,BUY,3714.43,3701.73,3752.52,3721.66,FLIP,7.03,S433 AI Gold Star 123 (Coppock),
2025-09-22 19:00:00,2025-09-22 20:00:00,SELL,3721.66,3735.66,3679.67,3722.37,FLIP,-0.91,S433 AI Gold Star 123 (Coppock),
2025-09-22 20:00:00,2025-09-22 21:00:00,BUY,3722.37,3707.62,3766.62,3725.89,FLIP,3.32,S433 AI Gold Star 123 (Coppock),
2025-09-22 21:00:00,2025-09-22 22:00:00,SELL,3725.89,3741.1,3680.25,3736.15,FLIP,-10.46,S433 AI Gold Star 123 (Coppock),
2025-09-22 22:00:00,2025-09-23 02:00:00,BUY,3736.15,3720.63,3782.7,3747.76,FLIP,11.41,S433 AI Gold Star 123 (Coppock),
2025-09-23 02:00:00,2025-09-23 15:00:00,SELL,3747.76,3762.3,3704.13,3774.35,FLIP,-26.79,S433 AI Gold Star 123 (Coppock),
2025-09-23 15:00:00,2025-09-23 21:00:00,BUY,3774.35,3759.89,3817.74,3774.02,FLIP,-0.53,S433 AI Gold Star 123 (Coppock),
2025-09-23 21:00:00,2025-09-23 22:00:00,SELL,3774.02,3792.17,3719.58,3779.39,FLIP,-5.57,S433 AI Gold Star 123 (Coppock),
2025-09-23 22:00:00,2025-09-24 00:00:00,BUY,3779.39,3761.7,3832.45,3777.41,FLIP,-2.18,S433 AI Gold Star 123 (Coppock),
2025-09-24 00:00:00,2025-09-24 12:00:00,SELL,3777.41,3795.1,3724.34,3774.9,FLIP,2.31,S433 AI Gold Star 123 (Coppock),
2025-09-24 12:00:00,2025-09-24 21:00:00,BUY,3774.9,3758.18,3825.05,3752.63,FLIP,-22.47,S433 AI Gold Star 123 (Coppock),
2025-09-24 21:00:00,2025-09-25 07:00:00,SELL,3752.63,3768.04,3706.39,3749.01,FLIP,3.42,S433 AI Gold Star 123 (Coppock),
2025-09-25 07:00:00,2025-09-25 09:00:00,BUY,3749.01,3732.97,3797.12,3732.97,SL,-16.24,S433 AI Gold Star 123 (Coppock),
2025-09-25 19:00:00,2025-09-26 01:00:00,SELL,3738.7,3756.0,3686.81,3755.24,FLIP,-16.74,S433 AI Gold Star 123 (Coppock),
2025-09-26 01:00:00,2025-09-26 02:00:00,BUY,3755.24,3734.76,3816.66,3746.59,FLIP,-8.85,S433 AI Gold Star 123 (Coppock),
2025-09-26 02:00:00,2025-09-26 07:00:00,SELL,3746.59,3767.59,3683.58,3749.37,FLIP,-2.98,S433 AI Gold Star 123 (Coppock),
2025-09-26 07:00:00,2025-09-26 08:00:00,BUY,3749.37,3729.87,3807.88,3739.02,FLIP,-10.55,S433 AI Gold Star 123 (Coppock),
2025-09-26 08:00:00,2025-09-26 10:00:00,SELL,3739.02,3759.63,3677.18,3745.56,FLIP,-6.74,S433 AI Gold Star 123 (Coppock),
2025-09-26 10:00:00,2025-09-26 13:00:00,BUY,3745.56,3727.61,3799.4,3743.56,FLIP,-2.2,S433 AI Gold Star 123 (Coppock),
2025-09-26 13:00:00,2025-09-26 14:00:00,SELL,3743.56,3758.95,3697.39,3748.02,FLIP,-4.66,S433 AI Gold Star 123 (Coppock),
2025-09-26 14:00:00,2025-09-26 16:00:00,BUY,3748.02,3732.59,3794.3,3751.5,FLIP,3.28,S433 AI Gold Star 123 (Coppock),
2025-09-26 16:00:00,2025-09-26 19:00:00,SELL,3751.5,3764.98,3711.05,3752.09,FLIP,-0.79,S433 AI Gold Star 123 (Coppock),
2025-09-26 19:00:00,2025-09-27 02:00:00,BUY,3752.09,3737.81,3794.94,3766.79,FLIP,14.5,S433 AI Gold Star 123 (Coppock),
2025-09-27 02:00:00,2025-09-29 05:00:00,SELL,3766.79,3783.39,3716.98,3770.44,FLIP,-3.85,S433 AI Gold Star 123 (Coppock),
2025-09-29 05:00:00,2025-09-29 06:00:00,BUY,3770.44,3754.38,3818.61,3766.86,FLIP,-3.78,S433 AI Gold Star 123 (Coppock),
2025-09-29 06:00:00,2025-09-29 07:00:00,SELL,3766.86,3782.69,3719.36,3787.08,FLIP,-20.42,S433 AI Gold Star 123 (Coppock),
2025-09-29 07:00:00,2025-09-29 08:00:00,BUY,3787.08,3769.5,3839.81,3778.7,FLIP,-8.58,S433 AI Gold Star 123 (Coppock),
2025-09-29 08:00:00,2025-09-29 09:00:00,SELL,3778.7,3797.22,3723.14,3792.88,FLIP,-14.38,S433 AI Gold Star 123 (Coppock),
2025-09-29 09:00:00,2025-09-29 21:00:00,BUY,3792.88,3773.01,3852.49,3828.24,FLIP,35.16,S433 AI Gold Star 123 (Coppock),
2025-09-29 21:00:00,2025-09-30 07:00:00,SELL,3828.24,3850.29,3762.1,3839.03,FLIP,-10.99,S433 AI Gold Star 123 (Coppock),
2025-09-30 07:00:00,2025-09-30 09:00:00,BUY,3839.03,3823.16,3886.65,3848.01,FLIP,8.78,S433 AI Gold Star 123 (Coppock),
2025-09-30 09:00:00,2025-09-30 10:00:00,SELL,3848.01,3863.38,3801.9,3864.76,FLIP,-16.95,S433 AI Gold Star 123 (Coppock),
2025-09-30 10:00:00,2025-09-30 14:00:00,BUY,3864.76,3849.11,3911.71,3843.74,FLIP,-21.22,S433 AI Gold Star 123 (Coppock),
2025-09-30 14:00:00,2025-09-30 16:00:00,SELL,3843.74,3859.32,3797.0,3797.0,TP,46.54,S433 AI Gold Star 123 (Coppock),
2025-09-30 21:00:00,2025-09-30 22:00:00,BUY,3854.09,3826.75,3936.12,3839.12,FLIP,-15.17,S433 AI Gold Star 123 (Coppock),
2025-09-30 22:00:00,2025-10-01 01:00:00,SELL,3839.12,3867.54,3753.85,3848.07,FLIP,-9.15,S433 AI Gold Star 123 (Coppock),
2025-10-01 01:00:00,2025-10-01 12:00:00,BUY,3848.07,3820.7,3930.19,3863.35,FLIP,15.08,S433 AI Gold Star 123 (Coppock),
2025-10-01 12:00:00,2025-10-01 14:00:00,SELL,3863.35,3878.46,3818.01,3878.46,SL,-15.31,S433 AI Gold Star 123 (Coppock),
2025-10-01 15:00:00,2025-10-01 17:00:00,BUY,3892.96,3876.9,3941.15,3887.54,FLIP,-5.62,S433 AI Gold Star 123 (Coppock),
2025-10-01 17:00:00,2025-10-02 10:00:00,SELL,3887.54,3902.83,3841.66,3866.5,FLIP,20.84,S433 AI Gold Star 123 (Coppock),
2025-10-02 10:00:00,2025-10-02 21:00:00,BUY,3866.5,3849.89,3916.33,3839.89,FLIP,-26.81,S433 AI Gold Star 123 (Coppock),
2025-10-02 21:00:00,2025-10-03 06:00:00,SELL,3839.89,3859.81,3780.13,3859.81,SL,-20.12,S433 AI Gold Star 123 (Coppock),
2025-10-03 08:00:00,2025-10-06 07:00:00,BUY,3858.53,3837.03,3923.03,3900.41,FLIP,41.68,S433 AI Gold Star 123 (Coppock),
2025-10-06 07:00:00,2025-10-06 08:00:00,SELL,3900.41,3919.65,3842.68,3917.9,FLIP,-17.69,S433 AI Gold Star 123 (Coppock),
2025-10-06 08:00:00,2025-10-06 17:00:00,BUY,3917.9,3897.26,3979.81,3942.25,FLIP,24.15,S433 AI Gold Star 123 (Coppock),
2025-10-06 17:00:00,2025-10-06 22:00:00,SELL,3942.25,3962.32,3882.05,3962.32,SL,-20.27,S433 AI Gold Star 123 (Coppock),
2025-10-07 06:00:00,2025-10-07 07:00:00,BUY,3969.48,3950.19,4027.36,3962.72,FLIP,-6.96,S433 AI Gold Star 123 (Coppock),
2025-10-07 07:00:00,2025-10-07 10:00:00,SELL,3962.72,3982.83,3902.39,3973.33,FLIP,-10.81,S433 AI Gold Star 123 (Coppock),
2025-10-07 10:00:00,2025-10-07 12:00:00,BUY,3973.33,3954.23,4030.63,3964.82,FLIP,-8.71,S433 AI Gold Star 123 (Coppock),
2025-10-07 12:00:00,2025-10-07 19:00:00,SELL,3964.82,3982.16,3912.79,3979.44,FLIP,-14.82,S433 AI Gold Star 123 (Coppock),
2025-10-07 19:00:00,2025-10-07 22:00:00,BUY,3979.44,3961.44,4033.44,3966.1,FLIP,-13.54,S433 AI Gold Star 123 (Coppock),
2025-10-07 22:00:00,2025-10-07 23:00:00,SELL,3966.1,3987.03,3903.3,3976.65,FLIP,-10.75,S433 AI Gold Star 123 (Coppock),
2025-10-07 23:00:00,2025-10-08 16:00:00,BUY,3976.65,3954.98,4041.66,4041.66,TP,64.81,S433 AI Gold Star 123 (Coppock),
2025-10-08 19:00:00,2025-10-08 23:00:00,SELL,4040.02,4057.79,3986.7,4057.79,SL,-17.97,S433 AI Gold Star 123 (Coppock),
2025-10-09 15:00:00,2025-10-09 21:00:00,BUY,4038.11,4013.36,4112.37,4024.16,FLIP,-14.15,S433 AI Gold Star 123 (Coppock),
2025-10-09 21:00:00,2025-10-10 00:00:00,SELL,4024.16,4048.78,3950.31,3950.31,TP,73.65,S433 AI Gold Star 123 (Coppock),
2025-10-10 09:00:00,2025-10-10 10:00:00,BUY,3978.72,3943.74,4083.65,3961.98,FLIP,-16.94,S433 AI Gold Star 123 (Coppock),
2025-10-10 10:00:00,2025-10-10 11:00:00,SELL,3961.98,3997.19,3856.34,3966.42,FLIP,-4.64,S433 AI Gold Star 123 (Coppock),
2025-10-10 11:00:00,2025-10-10 23:00:00,BUY,3966.42,3933.35,4065.64,3983.42,FLIP,16.8,S433 AI Gold Star 123 (Coppock),
2025-10-10 23:00:00,2025-10-11 00:00:00,SELL,3983.42,4012.35,3896.64,3989.85,FLIP,-6.63,S433 AI Gold Star 123 (Coppock),
2025-10-11 00:00:00,2025-10-13 12:00:00,BUY,3989.85,3961.09,4076.13,4076.13,TP,86.08,S433 AI Gold Star 123 (Coppock),
2025-10-13 16:00:00,2025-10-13 22:00:00,SELL,4077.42,4105.23,3993.99,4105.23,SL,-28.01,S433 AI Gold Star 123 (Coppock),
2025-10-14 06:00:00,2025-10-14 12:00:00,BUY,4128.07,4108.32,4187.33,4121.69,FLIP,-6.58,S433 AI Gold Star 123 (Coppock),
2025-10-14 12:00:00,2025-10-14 23:00:00,SELL,4121.69,4149.64,4037.83,4140.35,FLIP,-18.86,S433 AI Gold Star 123 (Coppock),
2025-10-14 23:00:00,2025-10-15 01:00:00,BUY,4140.35,4100.74,4259.19,4148.29,FLIP,7.74,S433 AI Gold Star 123 (Coppock),
2025-10-15 01:00:00,2025-10-15 02:00:00,SELL,4148.29,4186.86,4032.59,4141.59,FLIP,6.5,S433 AI Gold Star 123 (Coppock),
2025-10-15 02:00:00,2025-10-15 16:00:00,BUY,4141.59,4108.66,4240.37,4192.53,FLIP,50.74,S433 AI Gold Star 123 (Coppock),
2025-10-15 16:00:00,2025-10-16 07:00:00,SELL,4192.53,4218.43,4114.84,4210.57,FLIP,-18.24,S433 AI Gold Star 123 (Coppock),
2025-10-16 07:00:00,2025-10-16 12:00:00,BUY,4210.57,4186.97,4281.38,4204.96,FLIP,-5.81,S433 AI Gold Star 123 (Coppock),
2025-10-16 12:00:00,2025-10-16 13:00:00,SELL,4204.96,4228.77,4133.54,4222.64,FLIP,-17.88,S433 AI Gold Star 123 (Coppock),
2025-10-16 13:00:00,2025-10-16 19:00:00,BUY,4222.64,4198.79,4294.18,4235.93,FLIP,13.09,S433 AI Gold Star 123 (Coppock),
2025-10-16 19:00:00,2025-10-16 21:00:00,SELL,4235.93,4260.47,4162.31,4263.32,FLIP,-27.59,S433 AI Gold Star 123 (Coppock),
2025-10-16 21:00:00,2025-10-17 05:00:00,BUY,4263.32,4237.26,4341.49,4341.49,TP,77.97,S433 AI Gold Star 123 (Coppock),
2025-10-17 08:00:00,2025-10-17 09:00:00,SELL,4314.17,4357.11,4185.36,4342.45,FLIP,-28.48,S433 AI Gold Star 123 (Coppock),
2025-10-17 09:00:00,2025-10-17 12:00:00,BUY,4342.45,4296.54,4480.19,4365.41,FLIP,22.76,S433 AI Gold Star 123 (Coppock),
2025-10-17 12:00:00,2025-10-17 21:00:00,SELL,4365.41,4413.13,4222.26,4222.26,TP,142.95,S433 AI Gold Star 123 (Coppock),
2025-10-20 05:00:00,2025-10-21 06:00:00,BUY,4256.07,4203.69,4413.2,4360.34,FLIP,104.07,S433 AI Gold Star 123 (Coppock),
2025-10-21 06:00:00,2025-10-21 15:00:00,SELL,4360.34,4396.19,4252.8,4252.8,TP,107.34,S433 AI Gold Star 123 (Coppock),
2025-10-22 03:00:00,2025-10-22 07:00:00,BUY,4125.98,4066.57,4304.21,4066.57,SL,-59.61,S433 AI Gold Star 123 (Coppock),
2025-10-22 17:00:00,2025-10-22 20:00:00,SELL,4034.88,4097.26,3847.75,4075.96,FLIP,-41.28,S433 AI Gold Star 123 (Coppock),
2025-10-22 20:00:00,2025-10-22 21:00:00,BUY,4075.96,4009.91,4274.11,4015.35,FLIP,-60.81,S433 AI Gold Star 123 (Coppock),
2025-10-22 21:00:00,2025-10-23 01:00:00,SELL,4015.35,4078.97,3824.5,4076.75,FLIP,-61.6,S433 AI Gold Star 123 (Coppock),
2025-10-23 01:00:00,2025-10-23 14:00:00,BUY,4076.75,4016.78,4256.67,4094.16,FLIP,17.21,S433 AI Gold Star 123 (Coppock),
2025-10-23 14:00:00,2025-10-23 19:00:00,SELL,4094.16,4128.78,3990.31,4127.34,FLIP,-33.38,S433 AI Gold Star 123 (Coppock),
2025-10-23 19:00:00,2025-10-23 23:00:00,BUY,4127.34,4093.9,4227.65,4132.93,FLIP,5.39,S433 AI Gold Star 123 (Coppock),
2025-10-23 23:00:00,2025-10-24 01:00:00,SELL,4132.93,4165.62,4034.87,4135.91,FLIP,-3.18,S433 AI Gold Star 123 (Coppock),
2025-10-24 01:00:00,2025-10-24 02:00:00,BUY,4135.91,4104.45,4230.29,4117.98,FLIP,-18.13,S433 AI Gold Star 123 (Coppock),
2025-10-24 02:00:00,2025-10-24 19:00:00,SELL,4117.98,4148.95,4025.05,4082.06,FLIP,35.72,S433 AI Gold Star 123 (Coppock),
2025-10-24 19:00:00,2025-10-27 05:00:00,BUY,4082.06,4049.71,4179.1,4064.5,FLIP,-17.76,S433 AI Gold Star 123 (Coppock),
2025-10-27 05:00:00,2025-10-27 18:00:00,SELL,4064.5,4101.73,3952.8,4045.65,FLIP,18.65,S433 AI Gold Star 123 (Coppock),
2025-10-27 18:00:00,2025-10-27 19:00:00,BUY,4045.65,4013.62,4141.73,4013.62,SL,-32.23,S433 AI Gold Star 123 (Coppock),
2025-10-27 20:00:00,2025-10-28 04:00:00,SELL,3987.8,4022.49,3883.73,3989.97,FLIP,-2.37,S433 AI Gold Star 123 (Coppock),
2025-10-28 04:00:00,2025-10-28 12:00:00,BUY,3989.97,3953.83,4098.39,3942.56,FLIP,-47.61,S433 AI Gold Star 123 (Coppock),
2025-10-28 12:00:00,2025-10-28 19:00:00,SELL,3942.56,3974.78,3845.91,3938.88,FLIP,3.48,S433 AI Gold Star 123 (Coppock),
2025-10-28 19:00:00,2025-10-29 10:00:00,BUY,3938.88,3899.29,4057.66,3951.98,FLIP,12.9,S433 AI Gold Star 123 (Coppock),
2025-10-29 10:00:00,2025-10-29 12:00:00,SELL,3951.98,3981.8,3862.51,3981.8,SL,-30.02,S433 AI Gold Star 123 (Coppock),
2025-10-29 13:00:00,2025-10-29 20:00:00,BUY,4000.8,3969.89,4093.53,4008.37,FLIP,7.37,S433 AI Gold Star 123 (Coppock),
2025-10-29 20:00:00,2025-10-30 04:00:00,SELL,4008.37,4035.45,3927.13,3927.13,TP,81.04,S433 AI Gold Star 123 (Coppock),
2025-10-30 10:00:00,2025-10-31 02:00:00,BUY,3972.71,3930.91,4098.11,4024.59,FLIP,51.68,S433 AI Gold Star 123 (Coppock),
2025-10-31 02:00:00,2025-10-31 04:00:00,SELL,4024.59,4057.09,3927.09,4037.92,FLIP,-13.53,S433 AI Gold Star 123 (Coppock),
2025-10-31 04:00:00,2025-10-31 06:00:00,BUY,4037.92,4004.46,4138.29,4025.23,FLIP,-12.89,S433 AI Gold Star 123 (Coppock),
2025-10-31 06:00:00,2025-10-31 20:00:00,SELL,4025.23,4057.06,3929.75,4020.63,FLIP,4.4,S433 AI Gold Star 123 (Coppock),
2025-10-31 20:00:00,2025-10-31 22:00:00,BUY,4020.63,3992.55,4104.88,3980.67,FLIP,-40.16,S433 AI Gold Star 123 (Coppock),
2025-10-31 22:00:00,2025-10-31 23:00:00,SELL,3980.67,4010.06,3892.49,3997.65,FLIP,-17.18,S433 AI Gold Star 123 (Coppock),
2025-10-31 23:00:00,2025-11-01 00:00:00,BUY,3997.65,3968.22,4085.95,4000.0,FLIP,2.15,S433 AI Gold Star 123 (Coppock),
2025-11-01 00:00:00,2025-11-01 01:00:00,SELL,4000.0,4028.67,3913.98,4001.2,FLIP,-1.4,S433 AI Gold Star 123 (Coppock),
2025-11-01 01:00:00,2025-11-03 05:00:00,BUY,4001.2,3972.82,4086.34,3980.49,FLIP,-20.91,S433 AI Gold Star 123 (Coppock),
2025-11-03 05:00:00,2025-11-03 08:00:00,SELL,3980.49,4009.5,3893.47,4004.0,FLIP,-23.71,S433 AI Gold Star 123 (Coppock),
2025-11-03 08:00:00,2025-11-03 21:00:00,BUY,4004.0,3971.9,4100.31,4008.65,FLIP,4.45,S433 AI Gold Star 123 (Coppock),
2025-11-03 21:00:00,2025-11-04 13:00:00,SELL,4008.65,4033.34,3934.57,3993.86,FLIP,14.59,S433 AI Gold Star 123 (Coppock),
2025-11-04 13:00:00,2025-11-04 19:00:00,BUY,3993.86,3972.32,4058.48,3975.68,FLIP,-18.38,S433 AI Gold Star 123 (Coppock),
2025-11-04 19:00:00,2025-11-04 22:00:00,SELL,3975.68,3997.4,3910.51,3969.0,FLIP,6.48,S433 AI Gold Star 123 (Coppock),
2025-11-04 22:00:00,2025-11-04 23:00:00,BUY,3969.0,3942.2,4049.41,3955.07,FLIP,-14.13,S433 AI Gold Star 123 (Coppock),
2025-11-04 23:00:00,2025-11-05 08:00:00,SELL,3955.07,3981.99,3874.32,3948.64,FLIP,6.23,S433 AI Gold Star 123 (Coppock),
2025-11-05 08:00:00,2025-11-05 20:00:00,BUY,3948.64,3921.01,4031.54,3973.54,FLIP,24.7,S433 AI Gold Star 123 (Coppock),
2025-11-05 20:00:00,2025-11-05 22:00:00,SELL,3973.54,3994.84,3909.63,3986.84,FLIP,-13.5,S433 AI Gold Star 123 (Coppock),
2025-11-05 22:00:00,2025-11-05 23:00:00,BUY,3986.84,3964.98,4052.41,3982.07,FLIP,-4.97,S433 AI Gold Star 123 (Coppock),
2025-11-05 23:00:00,2025-11-06 09:00:00,SELL,3982.07,4003.2,3918.68,3987.55,FLIP,-5.68,S433 AI Gold Star 123 (Coppock),
2025-11-06 09:00:00,2025-11-06 10:00:00,BUY,3987.55,3970.14,4039.77,3988.81,FLIP,1.06,S433 AI Gold Star 123 (Coppock),
2025-11-06 10:00:00,2025-11-06 11:00:00,SELL,3988.81,4005.22,3939.58,3987.71,FLIP,0.9,S433 AI Gold Star 123 (Coppock),
2025-11-06 11:00:00,2025-11-06 20:00:00,BUY,3987.71,3972.45,4033.48,3993.39,FLIP,5.48,S433 AI Gold Star 123 (Coppock),
2025-11-06 20:00:00,2025-11-07 07:00:00,SELL,3993.39,4011.07,3940.34,4001.75,FLIP,-8.56,S433 AI Gold Star 123 (Coppock),
2025-11-07 07:00:00,2025-11-07 18:00:00,BUY,4001.75,3981.32,4063.05,3995.85,FLIP,-6.1,S433 AI Gold Star 123 (Coppock),
2025-11-07 18:00:00,2025-11-07 22:00:00,SELL,3995.85,4012.86,3944.81,4012.86,SL,-17.21,S433 AI Gold Star 123 (Coppock),
2025-11-10 05:00:00,2025-11-10 12:00:00,BUY,4011.84,3990.29,4076.48,4076.48,TP,64.44,S433 AI Gold Star 123 (Coppock),
2025-11-10 19:00:00,2025-11-11 00:00:00,SELL,4091.95,4111.64,4032.87,4111.64,SL,-19.89,S433 AI Gold Star 123 (Coppock),
2025-11-11 06:00:00,2025-11-11 11:00:00,BUY,4130.87,4112.92,4184.73,4131.01,FLIP,-0.06,S433 AI Gold Star 123 (Coppock),
2025-11-11 11:00:00,2025-11-12 05:00:00,SELL,4131.01,4148.22,4079.37,4142.63,FLIP,-11.82,S433 AI Gold Star 123 (Coppock),
2025-11-12 05:00:00,2025-11-12 08:00:00,BUY,4142.63,4123.85,4198.97,4123.85,SL,-18.98,S433 AI Gold Star 123 (Coppock),
2025-11-12 10:00:00,2025-11-12 12:00:00,SELL,4110.45,4130.96,4048.93,4118.51,FLIP,-8.26,S433 AI Gold Star 123 (Coppock),
2025-11-12 12:00:00,2025-11-12 16:00:00,BUY,4118.51,4100.6,4172.23,4127.77,FLIP,9.06,S433 AI Gold Star 123 (Coppock),
2025-11-12 16:00:00,2025-11-12 18:00:00,SELL,4127.77,4147.3,4069.18,4130.17,FLIP,-2.6,S433 AI Gold Star 123 (Coppock),
2025-11-12 18:00:00,2025-11-12 19:00:00,BUY,4130.17,4109.86,4191.11,4127.16,FLIP,-3.21,S433 AI Gold Star 123 (Coppock),
2025-11-12 19:00:00,2025-11-12 20:00:00,SELL,4127.16,4146.57,4068.92,4136.59,FLIP,-9.63,S433 AI Gold Star 123 (Coppock),
2025-11-12 20:00:00,2025-11-12 22:00:00,BUY,4136.59,4117.01,4195.34,4195.34,TP,58.55,S433 AI Gold Star 123 (Coppock),
2025-11-13 07:00:00,2025-11-13 14:00:00,SELL,4192.33,4220.39,4108.14,4220.39,SL,-28.26,S433 AI Gold Star 123 (Coppock),
2025-11-13 18:00:00,2025-11-13 20:00:00,BUY,4242.64,4217.34,4318.55,4195.44,FLIP,-47.4,S433 AI Gold Star 123 (Coppock),
2025-11-13 20:00:00,2025-11-14 08:00:00,SELL,4195.44,4223.76,4110.49,4207.06,FLIP,-11.82,S433 AI Gold Star 123 (Coppock),
2025-11-14 08:00:00,2025-11-14 12:00:00,BUY,4207.06,4173.14,4308.82,4173.14,SL,-34.12,S433 AI Gold Star 123 (Coppock),
2025-11-14 17:00:00,2025-11-14 19:00:00,SELL,4133.01,4160.37,4050.94,4050.94,TP,81.87,S433 AI Gold Star 123 (Coppock),
2025-11-15 03:00:00,2025-11-17 16:00:00,BUY,4084.97,4044.3,4206.99,4070.22,FLIP,-14.95,S433 AI Gold Star 123 (Coppock),
2025-11-17 16:00:00,2025-11-17 17:00:00,SELL,4070.22,4098.51,3985.34,4078.43,FLIP,-8.41,S433 AI Gold Star 123 (Coppock),
2025-11-17 17:00:00,2025-11-17 19:00:00,BUY,4078.43,4049.29,4165.84,4065.32,FLIP,-13.31,S433 AI Gold Star 123 (Coppock),
2025-11-17 19:00:00,2025-11-17 20:00:00,SELL,4065.32,4094.79,3976.9,4076.05,FLIP,-10.93,S433 AI Gold Star 123 (Coppock),
2025-11-17 20:00:00,2025-11-17 21:00:00,BUY,4076.05,4046.21,4165.58,4064.41,FLIP,-11.84,S433 AI Gold Star 123 (Coppock),
2025-11-17 21:00:00,2025-11-17 22:00:00,SELL,4064.41,4093.97,3975.74,4069.92,FLIP,-5.71,S433 AI Gold Star 123 (Coppock),
2025-11-17 22:00:00,2025-11-18 00:00:00,BUY,4069.92,4039.45,4161.32,4062.63,FLIP,-7.49,S433 AI Gold Star 123 (Coppock),
2025-11-18 00:00:00,2025-11-18 13:00:00,SELL,4062.63,4092.9,3971.82,4013.7,FLIP,48.73,S433 AI Gold Star 123 (Coppock),
2025-11-18 13:00:00,2025-11-19 05:00:00,BUY,4013.7,3982.82,4106.34,4076.79,FLIP,62.89,S433 AI Gold Star 123 (Coppock),
2025-11-19 05:00:00,2025-11-19 15:00:00,SELL,4076.79,4102.9,3998.46,4113.28,FLIP,-36.69,S433 AI Gold Star 123 (Coppock),
2025-11-19 15:00:00,2025-11-19 21:00:00,BUY,4113.28,4091.02,4180.07,4096.56,FLIP,-16.92,S433 AI Gold Star 123 (Coppock),
2025-11-19 21:00:00,2025-11-20 10:00:00,SELL,4096.56,4124.2,4013.64,4075.59,FLIP,20.77,S433 AI Gold Star 123 (Coppock),
2025-11-20 10:00:00,2025-11-20 11:00:00,BUY,4075.59,4039.99,4182.38,4066.63,FLIP,-9.16,S433 AI Gold Star 123 (Coppock),
2025-11-20 11:00:00,2025-11-20 12:00:00,SELL,4066.63,4100.56,3964.84,4068.58,FLIP,-2.15,S433 AI Gold Star 123 (Coppock),
2025-11-20 12:00:00,2025-11-20 16:00:00,BUY,4068.58,4037.19,4162.76,4059.97,FLIP,-8.81,S433 AI Gold Star 123 (Coppock),
2025-11-20 16:00:00,2025-11-20 18:00:00,SELL,4059.97,4090.31,3968.94,4081.77,FLIP,-22.0,S433 AI Gold Star 123 (Coppock),
2025-11-20 18:00:00,2025-11-20 22:00:00,BUY,4081.77,4050.33,4176.08,4049.16,FLIP,-32.81,S433 AI Gold Star 123 (Coppock),
2025-11-20 22:00:00,2025-11-20 23:00:00,SELL,4049.16,4082.73,3948.44,4066.16,FLIP,-17.2,S433 AI Gold Star 123 (Coppock),
2025-11-20 23:00:00,2025-11-21 06:00:00,BUY,4066.16,4032.14,4168.23,4073.83,FLIP,7.47,S433 AI Gold Star 123 (Coppock),
2025-11-21 06:00:00,2025-11-21 18:00:00,SELL,4073.83,4105.18,3979.79,4065.87,FLIP,7.76,S433 AI Gold Star 123 (Coppock),
2025-11-21 18:00:00,2025-11-24 06:00:00,BUY,4065.87,4036.04,4155.36,4067.41,FLIP,1.34,S433 AI Gold Star 123 (Coppock),
2025-11-24 06:00:00,2025-11-24 15:00:00,SELL,4067.41,4099.28,3971.81,4071.82,FLIP,-4.61,S433 AI Gold Star 123 (Coppock),
2025-11-24 15:00:00,2025-11-25 05:00:00,BUY,4071.82,4048.42,4142.02,4142.02,TP,70.0,S433 AI Gold Star 123 (Coppock),
2025-11-25 09:00:00,2025-11-25 23:00:00,SELL,4143.17,4167.09,4071.42,4146.07,FLIP,-3.1,S433 AI Gold Star 123 (Coppock),
2025-11-25 23:00:00,2025-11-26 18:00:00,BUY,4146.07,4118.44,4228.96,4155.18,FLIP,8.91,S433 AI Gold Star 123 (Coppock),
2025-11-26 18:00:00,2025-11-27 06:00:00,SELL,4155.18,4174.39,4097.54,4164.53,FLIP,-9.55,S433 AI Gold Star 123 (Coppock),
2025-11-27 06:00:00,2025-11-27 07:00:00,BUY,4164.53,4146.54,4218.49,4154.3,FLIP,-10.43,S433 AI Gold Star 123 (Coppock),
2025-11-27 07:00:00,2025-11-27 14:00:00,SELL,4154.3,4173.1,4097.9,4165.73,FLIP,-11.63,S433 AI Gold Star 123 (Coppock),
2025-11-27 14:00:00,2025-11-27 15:00:00,BUY,4165.73,4152.2,4206.32,4158.69,FLIP,-7.24,S433 AI Gold Star 123 (Coppock),
2025-11-27 15:00:00,2025-11-27 18:00:00,SELL,4158.69,4172.65,4116.8,4154.06,FLIP,4.43,S433 AI Gold Star 123 (Coppock),
2025-11-27 18:00:00,2025-11-28 13:00:00,BUY,4154.06,4139.92,4196.49,4174.57,FLIP,20.31,S433 AI Gold Star 123 (Coppock),
2025-11-28 13:00:00,2025-11-28 20:00:00,SELL,4174.57,4188.25,4133.52,4198.28,FLIP,-23.91,S433 AI Gold Star 123 (Coppock),
2025-11-28 20:00:00,2025-12-01 11:00:00,BUY,4198.28,4176.12,4264.77,4229.59,FLIP,31.11,S433 AI Gold Star 123 (Coppock),
2025-12-01 11:00:00,2025-12-01 16:00:00,SELL,4229.59,4257.22,4146.71,4257.22,SL,-27.83,S433 AI Gold Star 123 (Coppock),
2025-12-02 11:00:00,2025-12-02 12:00:00,BUY,4224.93,4204.82,4285.27,4212.8,FLIP,-12.33,S433 AI Gold Star 123 (Coppock),
2025-12-02 12:00:00,2025-12-02 13:00:00,SELL,4212.8,4232.66,4153.23,4213.4,FLIP,-0.8,S433 AI Gold Star 123 (Coppock),
2025-12-02 13:00:00,2025-12-02 14:00:00,BUY,4213.4,4194.35,4270.55,4210.23,FLIP,-3.37,S433 AI Gold Star 123 (Coppock),
2025-12-02 14:00:00,2025-12-02 18:00:00,SELL,4210.23,4228.57,4155.2,4208.62,FLIP,1.41,S433 AI Gold Star 123 (Coppock),
2025-12-02 18:00:00,2025-12-02 21:00:00,BUY,4208.62,4187.34,4272.47,4169.4,FLIP,-39.42,S433 AI Gold Star 123 (Coppock),
2025-12-02 21:00:00,2025-12-02 23:00:00,SELL,4169.4,4194.99,4092.64,4193.88,FLIP,-24.68,S433 AI Gold Star 123 (Coppock),
2025-12-02 23:00:00,2025-12-03 11:00:00,BUY,4193.88,4166.7,4275.41,4207.58,FLIP,13.5,S433 AI Gold Star 123 (Coppock),
2025-12-03 11:00:00,2025-12-03 12:00:00,SELL,4207.58,4231.2,4136.73,4208.21,FLIP,-0.83,S433 AI Gold Star 123 (Coppock),
2025-12-03 12:00:00,2025-12-03 14:00:00,BUY,4208.21,4189.83,4263.35,4206.45,FLIP,-1.96,S433 AI Gold Star 123 (Coppock),
2025-12-03 14:00:00,2025-12-03 19:00:00,SELL,4206.45,4222.79,4157.44,4237.24,FLIP,-30.99,S433 AI Gold Star 123 (Coppock),
2025-12-03 19:00:00,2025-12-03 20:00:00,BUY,4237.24,4220.07,4288.75,4212.38,FLIP,-25.06,S433 AI Gold Star 123 (Coppock),
2025-12-03 20:00:00,2025-12-04 01:00:00,SELL,4212.38,4232.54,4151.9,4207.79,FLIP,4.39,S433 AI Gold Star 123 (Coppock),
2025-12-04 01:00:00,2025-12-04 07:00:00,BUY,4207.79,4183.62,4280.29,4209.2,FLIP,1.21,S433 AI Gold Star 123 (Coppock),
2025-12-04 07:00:00,2025-12-04 15:00:00,SELL,4209.2,4233.48,4136.36,4199.9,FLIP,9.1,S433 AI Gold Star 123 (Coppock),
2025-12-04 15:00:00,2025-12-04 18:00:00,BUY,4199.9,4182.43,4252.3,4190.47,FLIP,-9.63,S433 AI Gold Star 123 (Coppock),
2025-12-04 18:00:00,2025-12-04 19:00:00,SELL,4190.47,4207.84,4138.37,4198.2,FLIP,-7.93,S433 AI Gold Star 123 (Coppock),
2025-12-04 19:00:00,2025-12-05 06:00:00,BUY,4198.2,4180.14,4252.37,4201.88,FLIP,3.48,S433 AI Gold Star 123 (Coppock),
2025-12-05 06:00:00,2025-12-05 10:00:00,SELL,4201.88,4217.32,4155.56,4217.32,SL,-15.64,S433 AI Gold Star 123 (Coppock),
2025-12-05 12:00:00,2025-12-05 14:00:00,BUY,4224.45,4211.39,4263.62,4220.56,FLIP,-4.09,S433 AI Gold Star 123 (Coppock),
2025-12-05 14:00:00,2025-12-05 15:00:00,SELL,4220.56,4232.91,4183.52,4223.36,FLIP,-3.0,S433 AI Gold Star 123 (Coppock),
2025-12-05 15:00:00,2025-12-05 22:00:00,BUY,4223.36,4211.12,4260.07,4214.26,FLIP,-9.3,S433 AI Gold Star 123 (Coppock),
2025-12-05 22:00:00,2025-12-08 10:00:00,SELL,4214.26,4233.96,4155.17,4208.67,FLIP,5.39,S433 AI Gold Star 123 (Coppock),
2025-12-08 10:00:00,2025-12-08 20:00:00,BUY,4208.67,4186.27,4275.86,4196.43,FLIP,-12.44,S433 AI Gold Star 123 (Coppock),
2025-12-08 20:00:00,2025-12-09 05:00:00,SELL,4196.43,4213.22,4146.06,4194.88,FLIP,1.35,S433 AI Gold Star 123 (Coppock),
2025-12-09 05:00:00,2025-12-09 06:00:00,BUY,4194.88,4177.71,4246.38,4190.47,FLIP,-4.61,S433 AI Gold Star 123 (Coppock),
2025-12-09 06:00:00,2025-12-09 07:00:00,SELL,4190.47,4207.34,4139.85,4196.14,FLIP,-5.87,S433 AI Gold Star 123 (Coppock),
2025-12-09 07:00:00,2025-12-09 11:00:00,BUY,4196.14,4179.35,4246.52,4179.76,FLIP,-16.58,S433 AI Gold Star 123 (Coppock),
2025-12-09 11:00:00,2025-12-09 12:00:00,SELL,4179.76,4195.02,4133.99,4182.14,FLIP,-2.58,S433 AI Gold Star 123 (Coppock),
2025-12-09 12:00:00,2025-12-10 03:00:00,BUY,4182.14,4167.58,4225.81,4208.53,FLIP,26.19,S433 AI Gold Star 123 (Coppock),
2025-12-10 03:00:00,2025-12-10 22:00:00,SELL,4208.53,4226.45,4154.77,4204.81,FLIP,3.52,S433 AI Gold Star 123 (Coppock),
2025-12-10 22:00:00,2025-12-11 01:00:00,BUY,4204.81,4190.32,4248.28,4190.32,SL,-14.69,S433 AI Gold Star 123 (Coppock),
2025-12-11 10:00:00,2025-12-11 20:00:00,SELL,4213.63,4236.95,4143.66,4230.2,FLIP,-16.77,S433 AI Gold Star 123 (Coppock),
2025-12-11 20:00:00,2025-12-12 08:00:00,BUY,4230.2,4210.14,4290.38,4270.38,FLIP,39.98,S433 AI Gold Star 123 (Coppock),
2025-12-12 08:00:00,2025-12-12 14:00:00,SELL,4270.38,4295.18,4195.98,4295.18,SL,-25.0,S433 AI Gold Star 123 (Coppock),
2025-12-12 15:00:00,2025-12-12 21:00:00,BUY,4318.31,4301.3,4369.34,4290.45,FLIP,-28.06,S433 AI Gold Star 123 (Coppock),
2025-12-12 21:00:00,2025-12-15 07:00:00,SELL,4290.45,4316.38,4212.66,4316.38,SL,-26.13,S433 AI Gold Star 123 (Coppock),
2025-12-15 09:00:00,2025-12-15 19:00:00,BUY,4327.22,4296.94,4418.05,4332.16,FLIP,4.74,S433 AI Gold Star 123 (Coppock),
2025-12-15 19:00:00,2025-12-16 09:00:00,SELL,4332.16,4348.18,4284.1,4284.1,TP,47.86,S433 AI Gold Star 123 (Coppock),
2025-12-16 10:00:00,2025-12-16 16:00:00,BUY,4289.09,4266.74,4356.13,4277.38,FLIP,-11.91,S433 AI Gold Star 123 (Coppock),
2025-12-16 16:00:00,2025-12-16 17:00:00,SELL,4277.38,4296.01,4221.5,4278.53,FLIP,-1.35,S433 AI Gold Star 123 (Coppock),
2025-12-16 17:00:00,2025-12-16 20:00:00,BUY,4278.53,4260.88,4331.49,4331.49,TP,52.76,S433 AI Gold Star 123 (Coppock),
2025-12-17 08:00:00,2025-12-17 10:00:00,SELL,4314.28,4338.22,4242.45,4329.72,FLIP,-15.64,S433 AI Gold Star 123 (Coppock),
2025-12-17 10:00:00,2025-12-17 11:00:00,BUY,4329.72,4307.59,4396.1,4333.87,FLIP,3.95,S433 AI Gold Star 123 (Coppock),
2025-12-17 11:00:00,2025-12-17 19:00:00,SELL,4333.87,4355.3,4269.58,4342.1,FLIP,-8.43,S433 AI Gold Star 123 (Coppock),
2025-12-17 19:00:00,2025-12-17 21:00:00,BUY,4342.1,4322.66,4400.42,4330.25,FLIP,-12.05,S433 AI Gold Star 123 (Coppock),
2025-12-17 21:00:00,2025-12-17 23:00:00,SELL,4330.25,4352.37,4263.9,4342.37,FLIP,-12.32,S433 AI Gold Star 123 (Coppock),
2025-12-17 23:00:00,2025-12-18 00:00:00,BUY,4342.37,4320.03,4409.39,4335.92,FLIP,-6.65,S433 AI Gold Star 123 (Coppock),
2025-12-18 00:00:00,2025-12-18 02:00:00,SELL,4335.92,4358.97,4266.77,4341.27,FLIP,-5.55,S433 AI Gold Star 123 (Coppock),
2025-12-18 02:00:00,2025-12-18 07:00:00,BUY,4341.27,4318.82,4408.62,4331.54,FLIP,-9.93,S433 AI Gold Star 123 (Coppock),
2025-12-18 07:00:00,2025-12-18 19:00:00,SELL,4331.54,4352.83,4267.66,4336.57,FLIP,-5.23,S433 AI Gold Star 123 (Coppock),
2025-12-18 19:00:00,2025-12-18 20:00:00,BUY,4336.57,4323.08,4377.03,4323.08,SL,-13.69,S433 AI Gold Star 123 (Coppock),
2025-12-19 01:00:00,2025-12-19 02:00:00,SELL,4325.01,4350.08,4249.79,4334.85,FLIP,-10.04,S433 AI Gold Star 123 (Coppock),
2025-12-19 02:00:00,2025-12-19 06:00:00,BUY,4334.85,4308.91,4412.67,4326.09,FLIP,-8.96,S433 AI Gold Star 123 (Coppock),
2025-12-19 06:00:00,2025-12-19 15:00:00,SELL,4326.09,4351.48,4249.93,4329.48,FLIP,-3.59,S433 AI Gold Star 123 (Coppock),
2025-12-19 15:00:00,2025-12-20 02:00:00,BUY,4329.48,4314.34,4374.89,4339.75,FLIP,10.07,S433 AI Gold Star 123 (Coppock),
2025-12-20 02:00:00,2025-12-22 05:00:00,SELL,4339.75,4355.09,4293.72,4355.22,FLIP,-15.67,S433 AI Gold Star 123 (Coppock),
2025-12-22 05:00:00,2025-12-22 11:00:00,BUY,4355.22,4339.37,4402.78,4402.78,TP,47.36,S433 AI Gold Star 123 (Coppock),
2025-12-22 16:00:00,2025-12-22 19:00:00,SELL,4408.66,4426.47,4355.24,4426.47,SL,-18.01,S433 AI Gold Star 123 (Coppock),
2025-12-23 05:00:00,2025-12-23 11:00:00,BUY,4460.14,4442.92,4511.81,4475.27,FLIP,14.93,S433 AI Gold Star 123 (Coppock),
2025-12-23 11:00:00,2025-12-23 19:00:00,SELL,4475.27,4495.02,4416.02,4495.02,SL,-19.95,S433 AI Gold Star 123 (Coppock),
2025-12-24 01:00:00,2025-12-24 03:00:00,BUY,4490.75,4467.16,4561.53,4484.65,FLIP,-6.3,S433 AI Gold Star 123 (Coppock),
2025-12-24 03:00:00,2025-12-24 05:00:00,SELL,4484.65,4508.58,4412.85,4503.37,FLIP,-18.92,S433 AI Gold Star 123 (Coppock),
2025-12-24 05:00:00,2025-12-24 08:00:00,BUY,4503.37,4477.59,4580.72,4477.59,SL,-25.98,S433 AI Gold Star 123 (Coppock),
2025-12-24 13:00:00,2025-12-24 22:00:00,SELL,4483.75,4509.89,4405.34,4476.81,FLIP,6.74,S433 AI Gold Star 123 (Coppock),
2025-12-24 22:00:00,2025-12-24 23:00:00,BUY,4476.81,4451.54,4552.62,4480.64,FLIP,3.63,S433 AI Gold Star 123 (Coppock),
2025-12-24 23:00:00,2025-12-25 00:00:00,SELL,4480.64,4504.31,4409.64,4480.44,FLIP,0.0,S433 AI Gold Star 123 (Coppock),
2025-12-25 00:00:00,2025-12-26 17:00:00,BUY,4480.44,4457.32,4549.8,4509.79,FLIP,29.15,S433 AI Gold Star 123 (Coppock),
2025-12-26 17:00:00,2025-12-26 21:00:00,SELL,4509.79,4533.45,4438.8,4546.5,FLIP,-36.91,S433 AI Gold Star 123 (Coppock),
2025-12-26 21:00:00,2025-12-26 22:00:00,BUY,4546.5,4525.41,4609.77,4536.33,FLIP,-10.37,S433 AI Gold Star 123 (Coppock),
2025-12-26 22:00:00,2025-12-29 06:00:00,SELL,4536.33,4557.56,4472.63,4472.63,TP,63.5,S433 AI Gold Star 123 (Coppock),
2025-12-30 05:00:00,2025-12-30 20:00:00,BUY,4345.76,4303.08,4473.79,4366.28,FLIP,20.32,S433 AI Gold Star 123 (Coppock),
2025-12-30 20:00:00,2025-12-31 12:00:00,SELL,4366.28,4397.66,4272.14,4328.11,FLIP,37.97,S433 AI Gold Star 123 (Coppock),
2025-12-31 12:00:00,2025-12-31 14:00:00,BUY,4328.11,4287.89,4448.76,4307.39,FLIP,-20.92,S433 AI Gold Star 123 (Coppock),
2025-12-31 14:00:00,2025-12-31 15:00:00,SELL,4307.39,4347.43,4187.28,4325.74,FLIP,-18.55,S433 AI Gold Star 123 (Coppock),
2025-12-31 15:00:00,2026-01-01 02:00:00,BUY,4325.74,4284.19,4450.39,4313.24,FLIP,-12.7,S433 AI Gold Star 123 (Coppock),
2026-01-01 02:00:00,2026-01-01 03:00:00,SELL,4313.24,4344.31,4220.03,4318.18,FLIP,-5.14,S433 AI Gold Star 123 (Coppock),
2026-01-01 03:00:00,2026-01-02 19:00:00,BUY,4318.18,4287.06,4411.54,4366.07,FLIP,47.69,S433 AI Gold Star 123 (Coppock),
2026-01-02 19:00:00,2026-01-05 05:00:00,SELL,4366.07,4386.94,4303.45,4372.62,FLIP,-6.75,S433 AI Gold Star 123 (Coppock),
2026-01-05 05:00:00,2026-01-05 17:00:00,BUY,4372.62,4344.81,4456.05,4419.42,FLIP,46.6,S433 AI Gold Star 123 (Coppock),
2026-01-05 17:00:00,2026-01-05 21:00:00,SELL,4419.42,4446.37,4338.56,4446.37,SL,-27.15,S433 AI Gold Star 123 (Coppock),
2026-01-06 08:00:00,2026-01-06 11:00:00,BUY,4455.02,4430.44,4528.77,4452.14,FLIP,-3.08,S433 AI Gold Star 123 (Coppock),
2026-01-06 11:00:00,2026-01-06 14:00:00,SELL,4452.14,4474.62,4384.69,4468.43,FLIP,-16.49,S433 AI Gold Star 123 (Coppock),
2026-01-06 14:00:00,2026-01-06 15:00:00,BUY,4468.43,4446.53,4534.14,4446.42,FLIP,-22.21,S433 AI Gold Star 123 (Coppock),
2026-01-06 15:00:00,2026-01-06 17:00:00,SELL,4446.42,4469.93,4375.9,4463.36,FLIP,-17.14,S433 AI Gold Star 123 (Coppock),
2026-01-06 17:00:00,2026-01-06 18:00:00,BUY,4463.36,4439.2,4535.85,4463.75,FLIP,0.19,S433 AI Gold Star 123 (Coppock),
2026-01-06 18:00:00,2026-01-06 19:00:00,SELL,4463.75,4488.07,4390.8,4467.94,FLIP,-4.39,S433 AI Gold Star 123 (Coppock),
2026-01-06 19:00:00,2026-01-07 07:00:00,BUY,4467.94,4444.38,4538.63,4465.54,FLIP,-2.6,S433 AI Gold Star 123 (Coppock),
2026-01-07 07:00:00,2026-01-07 21:00:00,SELL,4465.54,4489.17,4394.64,4446.04,FLIP,19.3,S433 AI Gold Star 123 (Coppock),
2026-01-07 21:00:00,2026-01-08 07:00:00,BUY,4446.04,4419.35,4526.1,4448.45,FLIP,2.21,S433 AI Gold Star 123 (Coppock),
2026-01-08 07:00:00,2026-01-08 08:00:00,SELL,4448.45,4473.63,4372.9,4441.29,FLIP,6.96,S433 AI Gold Star 123 (Coppock),
2026-01-08 08:00:00,2026-01-08 09:00:00,BUY,4441.29,4416.36,4516.09,4440.26,FLIP,-1.23,S433 AI Gold Star 123 (Coppock),
2026-01-08 09:00:00,2026-01-08 20:00:00,SELL,4440.26,4464.48,4367.59,4433.02,FLIP,7.04,S433 AI Gold Star 123 (Coppock),
2026-01-08 20:00:00,2026-01-09 09:00:00,BUY,4433.02,4410.32,4501.12,4464.13,FLIP,30.91,S433 AI Gold Star 123 (Coppock),
2026-01-09 09:00:00,2026-01-09 19:00:00,SELL,4464.13,4487.19,4394.94,4487.19,SL,-23.26,S433 AI Gold Star 123 (Coppock),
2026-01-09 20:00:00,2026-01-12 06:00:00,BUY,4494.47,4474.88,4553.24,4553.24,TP,58.57,S433 AI Gold Star 123 (Coppock),
2026-01-12 15:00:00,2026-01-12 19:00:00,SELL,4589.14,4618.19,4501.98,4618.19,SL,-29.25,S433 AI Gold Star 123 (Coppock),
2026-01-13 14:00:00,2026-01-13 15:00:00,BUY,4592.81,4570.24,4660.53,4586.02,FLIP,-6.99,S433 AI Gold Star 123 (Coppock),
2026-01-13 15:00:00,2026-01-13 17:00:00,SELL,4586.02,4607.76,4520.8,4588.59,FLIP,-2.77,S433 AI Gold Star 123 (Coppock),
2026-01-13 17:00:00,2026-01-13 23:00:00,BUY,4588.59,4568.19,4649.78,4590.44,FLIP,1.65,S433 AI Gold Star 123 (Coppock),
2026-01-13 23:00:00,2026-01-14 06:00:00,SELL,4590.44,4617.82,4508.31,4609.01,FLIP,-18.77,S433 AI Gold Star 123 (Coppock),
2026-01-14 06:00:00,2026-01-14 08:00:00,BUY,4609.01,4579.53,4697.46,4620.58,FLIP,11.37,S433 AI Gold Star 123 (Coppock),
2026-01-14 08:00:00,2026-01-14 09:00:00,SELL,4620.58,4650.64,4530.41,4628.24,FLIP,-7.86,S433 AI Gold Star 123 (Coppock),
2026-01-14 09:00:00,2026-01-14 11:00:00,BUY,4628.24,4598.28,4718.12,4619.91,FLIP,-8.53,S433 AI Gold Star 123 (Coppock),
2026-01-14 11:00:00,2026-01-14 12:00:00,SELL,4619.91,4646.78,4539.3,4637.24,FLIP,-17.53,S433 AI Gold Star 123 (Coppock),
2026-01-14 12:00:00,2026-01-14 19:00:00,BUY,4637.24,4611.51,4714.43,4635.72,FLIP,-1.72,S433 AI Gold Star 123 (Coppock),
2026-01-14 19:00:00,2026-01-15 12:00:00,SELL,4635.72,4655.7,4575.77,4610.21,FLIP,25.31,S433 AI Gold Star 123 (Coppock),
2026-01-15 12:00:00,2026-01-15 13:00:00,BUY,4610.21,4583.11,4691.51,4601.83,FLIP,-8.58,S433 AI Gold Star 123 (Coppock),
2026-01-15 13:00:00,2026-01-15 14:00:00,SELL,4601.83,4628.75,4521.08,4604.37,FLIP,-2.74,S433 AI Gold Star 123 (Coppock),
2026-01-15 14:00:00,2026-01-15 19:00:00,BUY,4604.37,4578.39,4682.32,4587.95,FLIP,-16.62,S433 AI Gold Star 123 (Coppock),
2026-01-15 19:00:00,2026-01-15 20:00:00,SELL,4587.95,4612.41,4514.56,4611.16,FLIP,-23.41,S433 AI Gold Star 123 (Coppock),
2026-01-15 20:00:00,2026-01-16 02:00:00,BUY,4611.16,4584.12,4692.27,4605.78,FLIP,-5.58,S433 AI Gold Star 123 (Coppock),
2026-01-16 02:00:00,2026-01-16 10:00:00,SELL,4605.78,4628.35,4538.06,4601.09,FLIP,4.49,S433 AI Gold Star 123 (Coppock),
2026-01-16 10:00:00,2026-01-16 11:00:00,BUY,4601.09,4580.47,4662.94,4611.55,FLIP,10.26,S433 AI Gold Star 123 (Coppock),
2026-01-16 11:00:00,2026-01-16 13:00:00,SELL,4611.55,4630.98,4553.27,4607.52,FLIP,3.83,S433 AI Gold Star 123 (Coppock),
2026-01-16 13:00:00,2026-01-16 14:00:00,BUY,4607.52,4588.56,4664.41,4603.29,FLIP,-4.43,S433 AI Gold Star 123 (Coppock),
2026-01-16 14:00:00,2026-01-16 17:00:00,SELL,4603.29,4622.02,4547.1,4612.54,FLIP,-9.45,S433 AI Gold Star 123 (Coppock),
2026-01-16 17:00:00,2026-01-16 19:00:00,BUY,4612.54,4593.15,4670.71,4593.15,SL,-19.59,S433 AI Gold Star 123 (Coppock),
2026-01-16 21:00:00,2026-01-17 03:00:00,SELL,4571.23,4599.95,4485.06,4596.12,FLIP,-25.09,S433 AI Gold Star 123 (Coppock),
2026-01-17 03:00:00,2026-01-19 16:00:00,BUY,4596.12,4564.56,4690.81,4663.74,FLIP,67.42,S433 AI Gold Star 123 (Coppock),
2026-01-19 16:00:00,2026-01-20 09:00:00,SELL,4663.74,4693.04,4575.83,4680.19,FLIP,-16.65,S433 AI Gold Star 123 (Coppock),
2026-01-20 09:00:00,2026-01-20 14:00:00,BUY,4680.19,4665.2,4725.15,4725.15,TP,44.76,S433 AI Gold Star 123 (Coppock),
2026-01-20 21:00:00,2026-01-20 22:00:00,SELL,4737.59,4761.84,4664.84,4753.54,FLIP,-16.15,S433 AI Gold Star 123 (Coppock),
2026-01-20 22:00:00,2026-01-21 00:00:00,BUY,4753.54,4727.24,4832.44,4759.38,FLIP,5.64,S433 AI Gold Star 123 (Coppock),
2026-01-21 00:00:00,2026-01-21 06:00:00,SELL,4759.38,4785.35,4681.48,4784.67,FLIP,-25.49,S433 AI Gold Star 123 (Coppock),
2026-01-21 06:00:00,2026-01-21 10:00:00,BUY,4784.67,4759.37,4860.57,4860.57,TP,75.7,S433 AI Gold Star 123 (Coppock),
2026-01-21 16:00:00,2026-01-22 11:00:00,SELL,4861.98,4898.35,4752.87,4821.35,FLIP,40.43,S433 AI Gold Star 123 (Coppock),
2026-01-22 11:00:00,2026-01-23 09:00:00,BUY,4821.35,4766.39,4986.23,4952.04,FLIP,130.49,S433 AI Gold Star 123 (Coppock),
2026-01-23 09:00:00,2026-01-23 22:00:00,SELL,4952.04,4989.03,4841.07,4980.42,FLIP,-28.58,S433 AI Gold Star 123 (Coppock),
2026-01-23 22:00:00,2026-01-26 07:00:00,BUY,4980.42,4947.83,5078.18,5078.18,TP,97.56,S433 AI Gold Star 123 (Coppock),
2026-01-26 13:00:00,2026-01-27 08:00:00,SELL,5089.12,5130.39,4965.32,5072.53,FLIP,16.39,S433 AI Gold Star 123 (Coppock),
2026-01-27 08:00:00,2026-01-27 19:00:00,BUY,5072.53,5011.81,5254.7,5077.44,FLIP,4.71,S433 AI Gold Star 123 (Coppock),
2026-01-27 19:00:00,2026-01-27 21:00:00,SELL,5077.44,5114.6,4965.97,5090.78,FLIP,-13.54,S433 AI Gold Star 123 (Coppock),
2026-01-27 21:00:00,2026-01-27 22:00:00,BUY,5090.78,5055.61,5196.28,5087.56,FLIP,-3.42,S433 AI Gold Star 123 (Coppock),
2026-01-27 22:00:00,2026-01-28 02:00:00,SELL,5087.56,5121.57,4985.53,5176.88,FLIP,-89.52,S433 AI Gold Star 123 (Coppock),
2026-01-28 02:00:00,2026-01-28 14:00:00,BUY,5176.88,5136.58,5297.77,5297.77,TP,120.69,S433 AI Gold Star 123 (Coppock),
2026-01-28 15:00:00,2026-01-29 00:00:00,SELL,5278.24,5325.47,5136.54,5325.47,SL,-47.43,S433 AI Gold Star 123 (Coppock),
2026-01-29 02:00:00,2026-01-29 05:00:00,BUY,5376.58,5318.36,5551.25,5551.25,TP,174.47,S433 AI Gold Star 123 (Coppock),
2026-01-29 13:00:00,2026-01-29 21:00:00,SELL,5548.95,5641.27,5272.0,5272.0,TP,276.75,S433 AI Gold Star 123 (Coppock),
2026-01-30 05:00:00,2026-01-30 07:00:00,BUY,5438.5,5303.98,5842.07,5300.96,FLIP,-137.74,S433 AI Gold Star 123 (Coppock),
2026-01-30 07:00:00,2026-01-30 09:00:00,SELL,5300.96,5446.66,4863.85,5196.79,FLIP,103.97,S433 AI Gold Star 123 (Coppock),
2026-01-30 09:00:00,2026-01-30 11:00:00,BUY,5196.79,5030.07,5696.96,5185.22,FLIP,-11.77,S433 AI Gold Star 123 (Coppock),
2026-01-30 11:00:00,2026-01-30 12:00:00,SELL,5185.22,5351.8,4685.48,5155.36,FLIP,29.66,S433 AI Gold Star 123 (Coppock),
2026-01-30 12:00:00,2026-01-30 14:00:00,BUY,5155.36,5024.38,5548.31,5116.79,FLIP,-38.77,S433 AI Gold Star 123 (Coppock),
2026-01-30 14:00:00,2026-01-30 21:00:00,SELL,5116.79,5241.49,4742.7,5050.06,FLIP,66.53,S433 AI Gold Star 123 (Coppock),
2026-01-30 21:00:00,2026-01-30 23:00:00,BUY,5050.06,4901.83,5494.75,4849.28,FLIP,-200.98,S433 AI Gold Star 123 (Coppock),
2026-01-30 23:00:00,2026-01-31 01:00:00,SELL,4849.28,4998.96,4400.23,4932.62,FLIP,-83.54,S433 AI Gold Star 123 (Coppock),
2026-01-31 01:00:00,2026-01-31 03:00:00,BUY,4932.62,4758.61,5454.65,4891.18,FLIP,-41.64,S433 AI Gold Star 123 (Coppock),
2026-01-31 03:00:00,2026-02-02 14:00:00,SELL,4891.18,5071.1,4351.43,4640.82,FLIP,250.16,S433 AI Gold Star 123 (Coppock),
2026-02-02 14:00:00,2026-02-03 03:00:00,BUY,4640.82,4435.04,5258.15,4657.29,FLIP,16.27,S433 AI Gold Star 123 (Coppock),
2026-02-03 03:00:00,2026-02-03 05:00:00,SELL,4657.29,4787.44,4266.83,4774.14,FLIP,-117.05,S433 AI Gold Star 123 (Coppock),
2026-02-03 05:00:00,2026-02-03 06:00:00,BUY,4774.14,4640.61,5174.74,4780.48,FLIP,6.14,S433 AI Gold Star 123 (Coppock),
2026-02-03 06:00:00,2026-02-03 07:00:00,SELL,4780.48,4907.09,4400.64,4841.73,FLIP,-61.45,S433 AI Gold Star 123 (Coppock),
2026-02-03 07:00:00,2026-02-03 08:00:00,BUY,4841.73,4713.69,5225.84,4783.66,FLIP,-58.27,S433 AI Gold Star 123 (Coppock),
2026-02-03 08:00:00,2026-02-03 09:00:00,SELL,4783.66,4913.87,4393.02,4809.73,FLIP,-26.27,S433 AI Gold Star 123 (Coppock),
2026-02-03 09:00:00,2026-02-03 18:00:00,BUY,4809.73,4680.27,5198.1,4913.78,FLIP,103.85,S433 AI Gold Star 123 (Coppock),
2026-02-03 18:00:00,2026-02-04 06:00:00,SELL,4913.78,5002.29,4648.25,5015.68,FLIP,-102.1,S433 AI Gold Star 123 (Coppock),
2026-02-04 06:00:00,2026-02-04 16:00:00,BUY,5015.68,4938.81,5246.29,5048.53,FLIP,32.65,S433 AI Gold Star 123 (Coppock),
2026-02-04 16:00:00,2026-02-04 22:00:00,SELL,5048.53,5107.07,4872.9,4872.9,TP,175.43,S433 AI Gold Star 123 (Coppock),
2026-02-05 05:00:00,2026-02-05 08:00:00,BUY,5012.25,4931.14,5255.59,4811.43,FLIP,-201.02,S433 AI Gold Star 123 (Coppock),
2026-02-05 08:00:00,2026-02-05 09:00:00,SELL,4811.43,4908.56,4520.04,4881.37,FLIP,-70.14,S433 AI Gold Star 123 (Coppock),
2026-02-05 09:00:00,2026-02-05 15:00:00,BUY,4881.37,4776.51,5195.96,4855.29,FLIP,-26.28,S433 AI Gold Star 123 (Coppock),
2026-02-05 15:00:00,2026-02-05 22:00:00,SELL,4855.29,4945.26,4585.37,4888.98,FLIP,-33.89,S433 AI Gold Star 123 (Coppock),
2026-02-05 22:00:00,2026-02-06 01:00:00,BUY,4888.98,4799.32,5157.97,4829.42,FLIP,-59.76,S433 AI Gold Star 123 (Coppock),
2026-02-06 01:00:00,2026-02-06 08:00:00,SELL,4829.42,4907.46,4595.31,4816.84,FLIP,12.38,S433 AI Gold Star 123 (Coppock),
2026-02-06 08:00:00,2026-02-07 01:00:00,BUY,4816.84,4716.87,5116.74,4957.53,FLIP,140.49,S433 AI Gold Star 123 (Coppock),
2026-02-07 01:00:00,2026-02-09 05:00:00,SELL,4957.53,5011.48,4795.68,5035.95,FLIP,-78.62,S433 AI Gold Star 123 (Coppock),
2026-02-09 05:00:00,2026-02-09 07:00:00,BUY,5035.95,4985.05,5188.66,4982.63,FLIP,-53.52,S433 AI Gold Star 123 (Coppock),
2026-02-09 07:00:00,2026-02-09 11:00:00,SELL,4982.63,5037.5,4818.01,5037.5,SL,-55.07,S433 AI Gold Star 123 (Coppock),
2026-02-09 21:00:00,2026-02-09 23:00:00,BUY,5059.06,5012.33,5199.26,5046.34,FLIP,-12.92,S433 AI Gold Star 123 (Coppock),
2026-02-09 23:00:00,2026-02-10 00:00:00,SELL,5046.34,5091.42,4911.1,5062.91,FLIP,-16.77,S433 AI Gold Star 123 (Coppock),
2026-02-10 00:00:00,2026-02-10 05:00:00,BUY,5062.91,5017.56,5198.95,5031.96,FLIP,-31.15,S433 AI Gold Star 123 (Coppock),
2026-02-10 05:00:00,2026-02-10 16:00:00,SELL,5031.96,5080.25,4887.09,5047.03,FLIP,-15.27,S433 AI Gold Star 123 (Coppock),
2026-02-10 16:00:00,2026-02-10 18:00:00,BUY,5047.03,5003.51,5177.58,5032.15,FLIP,-15.08,S433 AI Gold Star 123 (Coppock),
2026-02-10 18:00:00,2026-02-10 19:00:00,SELL,5032.15,5075.82,4901.14,5051.12,FLIP,-19.17,S433 AI Gold Star 123 (Coppock),
2026-02-10 19:00:00,2026-02-10 21:00:00,BUY,5051.12,5013.38,5164.35,5019.67,FLIP,-31.65,S433 AI Gold Star 123 (Coppock),
2026-02-10 21:00:00,2026-02-10 23:00:00,SELL,5019.67,5061.92,4892.91,5026.26,FLIP,-6.79,S433 AI Gold Star 123 (Coppock),
2026-02-10 23:00:00,2026-02-11 00:00:00,BUY,5026.26,4984.66,5151.07,5013.24,FLIP,-13.22,S433 AI Gold Star 123 (Coppock),
2026-02-11 00:00:00,2026-02-11 06:00:00,SELL,5013.24,5055.59,4886.18,5037.87,FLIP,-24.83,S433 AI Gold Star 123 (Coppock),
2026-02-11 06:00:00,2026-02-11 19:00:00,BUY,5037.87,4996.56,5161.8,5066.14,FLIP,28.07,S433 AI Gold Star 123 (Coppock),
2026-02-11 19:00:00,2026-02-12 15:00:00,SELL,5066.14,5109.54,4935.95,5073.17,FLIP,-7.23,S433 AI Gold Star 123 (Coppock),
2026-02-12 15:00:00,2026-02-12 18:00:00,BUY,5073.17,5042.59,5164.91,5052.75,FLIP,-20.62,S433 AI Gold Star 123 (Coppock),
2026-02-12 18:00:00,2026-02-12 19:00:00,SELL,5052.75,5083.15,4961.55,5075.31,FLIP,-22.76,S433 AI Gold Star 123 (Coppock),
2026-02-12 19:00:00,2026-02-12 20:00:00,BUY,5075.31,5046.56,5161.55,5044.56,FLIP,-30.95,S433 AI Gold Star 123 (Coppock),
2026-02-12 20:00:00,2026-02-12 21:00:00,SELL,5044.56,5075.5,4951.73,5060.22,FLIP,-15.86,S433 AI Gold Star 123 (Coppock),
2026-02-12 21:00:00,2026-02-12 22:00:00,BUY,5060.22,5027.59,5158.11,4955.87,FLIP,-104.55,S433 AI Gold Star 123 (Coppock),
2026-02-12 22:00:00,2026-02-13 07:00:00,SELL,4955.87,5006.93,4802.7,4980.94,FLIP,-25.27,S433 AI Gold Star 123 (Coppock),
2026-02-13 07:00:00,2026-02-13 21:00:00,BUY,4980.94,4913.16,5184.28,4976.85,FLIP,-4.29,S433 AI Gold Star 123 (Coppock),
2026-02-13 21:00:00,2026-02-13 22:00:00,SELL,4976.85,5020.3,4846.51,5007.84,FLIP,-31.19,S433 AI Gold Star 123 (Coppock),
2026-02-13 22:00:00,2026-02-16 06:00:00,BUY,5007.84,4960.24,5150.64,5015.48,FLIP,7.44,S433 AI Gold Star 123 (Coppock),
2026-02-16 06:00:00,2026-02-16 07:00:00,SELL,5015.48,5060.39,4880.76,5028.89,FLIP,-13.61,S433 AI Gold Star 123 (Coppock),
2026-02-16 07:00:00,2026-02-16 08:00:00,BUY,5028.89,4984.99,5160.6,4994.68,FLIP,-34.41,S433 AI Gold Star 123 (Coppock),
2026-02-16 08:00:00,2026-02-16 19:00:00,SELL,4994.68,5040.4,4857.51,4997.37,FLIP,-2.89,S433 AI Gold Star 123 (Coppock),
2026-02-16 19:00:00,2026-02-16 21:00:00,BUY,4997.37,4967.92,5085.73,4979.72,FLIP,-17.85,S433 AI Gold Star 123 (Coppock),
2026-02-16 21:00:00,2026-02-16 22:00:00,SELL,4979.72,5008.16,4894.39,4988.09,FLIP,-8.57,S433 AI Gold Star 123 (Coppock),
2026-02-16 22:00:00,2026-02-17 05:00:00,BUY,4988.09,4961.96,5066.47,4989.78,FLIP,1.49,S433 AI Gold Star 123 (Coppock),
2026-02-17 05:00:00,2026-02-17 07:00:00,SELL,4989.78,5010.66,4927.15,4927.15,TP,62.43,S433 AI Gold Star 123 (Coppock),
2026-02-17 17:00:00,2026-02-17 19:00:00,BUY,4929.4,4887.0,5056.6,4870.67,FLIP,-58.93,S433 AI Gold Star 123 (Coppock),
2026-02-17 19:00:00,2026-02-17 22:00:00,SELL,4870.67,4919.28,4724.84,4869.25,FLIP,1.22,S433 AI Gold Star 123 (Coppock),
2026-02-17 22:00:00,2026-02-17 23:00:00,BUY,4869.25,4819.74,5017.79,4865.16,FLIP,-4.29,S433 AI Gold Star 123 (Coppock),
2026-02-17 23:00:00,2026-02-18 00:00:00,SELL,4865.16,4914.76,4716.35,4899.02,FLIP,-34.06,S433 AI Gold Star 123 (Coppock),
2026-02-18 00:00:00,2026-02-18 05:00:00,BUY,4899.02,4845.73,5058.89,4859.3,FLIP,-39.92,S433 AI Gold Star 123 (Coppock),
2026-02-18 05:00:00,2026-02-18 06:00:00,SELL,4859.3,4904.18,4724.65,4874.93,FLIP,-15.83,S433 AI Gold Star 123 (Coppock),
2026-02-18 06:00:00,2026-02-18 17:00:00,BUY,4874.93,4829.52,5011.15,4913.03,FLIP,37.9,S433 AI Gold Star 123 (Coppock),
2026-02-18 17:00:00,2026-02-18 18:00:00,SELL,4913.03,4937.81,4838.7,4943.0,FLIP,-30.17,S433 AI Gold Star 123 (Coppock),
2026-02-18 18:00:00,2026-02-19 00:00:00,BUY,4943.0,4915.71,5024.88,4987.2,FLIP,44.0,S433 AI Gold Star 123 (Coppock),
2026-02-19 00:00:00,2026-02-19 12:00:00,SELL,4987.2,5014.7,4904.7,5014.7,SL,-27.7,S433 AI Gold Star 123 (Coppock),
2026-02-19 19:00:00,2026-02-19 20:00:00,BUY,4996.99,4972.14,5071.54,4972.14,SL,-25.05,S433 AI Gold Star 123 (Coppock),
2026-02-19 22:00:00,2026-02-20 06:00:00,SELL,4995.44,5026.18,4903.22,5006.4,FLIP,-11.16,S433 AI Gold Star 123 (Coppock),
2026-02-20 06:00:00,2026-02-20 07:00:00,BUY,5006.4,4975.91,5097.88,4997.01,FLIP,-9.59,S433 AI Gold Star 123 (Coppock),
2026-02-20 07:00:00,2026-02-20 08:00:00,SELL,4997.01,5028.02,4903.99,4996.19,FLIP,0.62,S433 AI Gold Star 123 (Coppock),
2026-02-20 08:00:00,2026-02-20 09:00:00,BUY,4996.19,4965.57,5088.06,4987.83,FLIP,-8.56,S433 AI Gold Star 123 (Coppock),
2026-02-20 09:00:00,2026-02-20 10:00:00,SELL,4987.83,5019.01,4894.28,4999.65,FLIP,-12.02,S433 AI Gold Star 123 (Coppock),
2026-02-20 10:00:00,2026-02-20 17:00:00,BUY,4999.65,4969.53,5090.0,5017.47,FLIP,17.62,S433 AI Gold Star 123 (Coppock),
2026-02-20 17:00:00,2026-02-20 18:00:00,SELL,5017.47,5045.01,4934.86,5025.35,FLIP,-8.08,S433 AI Gold Star 123 (Coppock),
2026-02-20 18:00:00,2026-02-20 21:00:00,BUY,5025.35,4997.04,5110.29,4997.04,SL,-28.51,S433 AI Gold Star 123 (Coppock),
2026-02-23 11:00:00,2026-02-23 20:00:00,SELL,5158.25,5200.5,5031.5,5200.5,SL,-42.45,S433 AI Gold Star 123 (Coppock),
2026-02-23 22:00:00,2026-02-24 07:00:00,BUY,5209.98,5175.1,5314.61,5177.4,FLIP,-32.78,S433 AI Gold Star 123 (Coppock),
2026-02-24 07:00:00,2026-02-24 21:00:00,SELL,5177.4,5219.03,5052.52,5150.31,FLIP,26.89,S433 AI Gold Star 123 (Coppock),
2026-02-24 21:00:00,2026-02-25 14:00:00,BUY,5150.31,5113.36,5261.17,5185.43,FLIP,34.92,S433 AI Gold Star 123 (Coppock),
2026-02-25 14:00:00,2026-02-25 15:00:00,SELL,5185.43,5217.61,5088.89,5193.28,FLIP,-8.05,S433 AI Gold Star 123 (Coppock),
2026-02-25 15:00:00,2026-02-25 16:00:00,BUY,5193.28,5160.95,5290.27,5175.14,FLIP,-18.34,S433 AI Gold Star 123 (Coppock),
2026-02-25 16:00:00,2026-02-25 22:00:00,SELL,5175.14,5208.65,5074.6,5208.65,SL,-33.71,S433 AI Gold Star 123 (Coppock),
2026-02-26 07:00:00,2026-02-26 08:00:00,BUY,5191.58,5155.77,5299.02,5184.44,FLIP,-7.34,S433 AI Gold Star 123 (Coppock),
2026-02-26 08:00:00,2026-02-26 09:00:00,SELL,5184.44,5219.59,5079.0,5192.73,FLIP,-8.49,S433 AI Gold Star 123 (Coppock),
2026-02-26 09:00:00,2026-02-26 10:00:00,BUY,5192.73,5157.5,5298.42,5192.71,FLIP,-0.22,S433 AI Gold Star 123 (Coppock),
2026-02-26 10:00:00,2026-02-26 11:00:00,SELL,5192.71,5227.81,5087.41,5198.36,FLIP,-5.85,S433 AI Gold Star 123 (Coppock),
2026-02-26 11:00:00,2026-02-26 13:00:00,BUY,5198.36,5165.32,5297.49,5186.01,FLIP,-12.55,S433 AI Gold Star 123 (Coppock),
2026-02-26 13:00:00,2026-02-26 14:00:00,SELL,5186.01,5215.87,5096.42,5179.44,FLIP,6.37,S433 AI Gold Star 123 (Coppock),
2026-02-26 14:00:00,2026-02-26 16:00:00,BUY,5179.44,5148.66,5271.78,5171.48,FLIP,-8.16,S433 AI Gold Star 123 (Coppock),
2026-02-26 16:00:00,2026-02-26 18:00:00,SELL,5171.48,5204.01,5073.89,5183.77,FLIP,-12.49,S433 AI Gold Star 123 (Coppock),
2026-02-26 18:00:00,2026-02-26 19:00:00,BUY,5183.77,5155.12,5269.73,5166.29,FLIP,-17.68,S433 AI Gold Star 123 (Coppock),
2026-02-26 19:00:00,2026-02-26 21:00:00,SELL,5166.29,5195.03,5080.06,5185.8,FLIP,-19.71,S433 AI Gold Star 123 (Coppock),
2026-02-26 21:00:00,2026-02-26 22:00:00,BUY,5185.8,5152.57,5285.48,5179.63,FLIP,-6.37,S433 AI Gold Star 123 (Coppock),
2026-02-26 22:00:00,2026-02-27 01:00:00,SELL,5179.63,5212.1,5082.23,5187.04,FLIP,-7.61,S433 AI Gold Star 123 (Coppock),
2026-02-27 01:00:00,2026-02-27 06:00:00,BUY,5187.04,5151.08,5294.91,5175.02,FLIP,-12.22,S433 AI Gold Star 123 (Coppock),
2026-02-27 06:00:00,2026-02-27 07:00:00,SELL,5175.02,5211.84,5064.55,5194.16,FLIP,-19.34,S433 AI Gold Star 123 (Coppock),
2026-02-27 07:00:00,2026-02-27 09:00:00,BUY,5194.16,5156.9,5305.93,5184.12,FLIP,-10.24,S433 AI Gold Star 123 (Coppock),
2026-02-27 09:00:00,2026-02-27 10:00:00,SELL,5184.12,5220.11,5076.16,5181.76,FLIP,2.16,S433 AI Gold Star 123 (Coppock),
2026-02-27 10:00:00,2026-02-27 12:00:00,BUY,5181.76,5147.2,5285.43,5185.76,FLIP,3.8,S433 AI Gold Star 123 (Coppock),
2026-02-27 12:00:00,2026-02-27 19:00:00,SELL,5185.76,5213.33,5103.05,5223.17,FLIP,-37.61,S433 AI Gold Star 123 (Coppock),
2026-02-27 19:00:00,2026-03-02 05:00:00,BUY,5223.17,5196.61,5302.85,5302.85,TP,79.48,S433 AI Gold Star 123 (Coppock),
2026-03-02 14:00:00,2026-03-03 06:00:00,SELL,5394.1,5444.9,5241.71,5350.22,FLIP,43.68,S433 AI Gold Star 123 (Coppock),
2026-03-03 06:00:00,2026-03-03 07:00:00,BUY,5350.22,5301.74,5495.66,5339.21,FLIP,-11.21,S433 AI Gold Star 123 (Coppock),
2026-03-03 07:00:00,2026-03-03 08:00:00,SELL,5339.21,5389.83,5187.35,5366.75,FLIP,-27.74,S433 AI Gold Star 123 (Coppock),
2026-03-03 08:00:00,2026-03-03 11:00:00,BUY,5366.75,5315.03,5521.9,5315.03,SL,-51.92,S433 AI Gold Star 123 (Coppock),
2026-03-03 14:00:00,2026-03-03 17:00:00,SELL,5295.74,5340.42,5161.69,5161.69,TP,133.85,S433 AI Gold Star 123 (Coppock),
2026-03-04 02:00:00,2026-03-04 18:00:00,BUY,5097.02,4982.08,5441.84,5171.16,FLIP,73.94,S433 AI Gold Star 123 (Coppock),
2026-03-04 18:00:00,2026-03-05 06:00:00,SELL,5171.16,5218.3,5029.73,5172.59,FLIP,-1.63,S433 AI Gold Star 123 (Coppock),
2026-03-05 06:00:00,2026-03-05 12:00:00,BUY,5172.59,5131.01,5297.32,5131.01,SL,-41.78,S433 AI Gold Star 123 (Coppock),
2026-03-05 16:00:00,2026-03-05 22:00:00,SELL,5164.57,5200.17,5057.76,5057.76,TP,106.61,S433 AI Gold Star 123 (Coppock),
2026-03-06 06:00:00,2026-03-06 17:00:00,BUY,5084.49,5036.09,5229.68,5077.08,FLIP,-7.61,S433 AI Gold Star 123 (Coppock),
2026-03-06 17:00:00,2026-03-06 19:00:00,SELL,5077.08,5111.65,4973.36,5111.65,SL,-34.77,S433 AI Gold Star 123 (Coppock),
2026-03-06 20:00:00,2026-03-06 21:00:00,BUY,5130.42,5086.68,5261.64,5141.98,FLIP,11.36,S433 AI Gold Star 123 (Coppock),
2026-03-06 21:00:00,2026-03-06 22:00:00,SELL,5141.98,5182.04,5021.81,5139.97,FLIP,1.81,S433 AI Gold Star 123 (Coppock),
2026-03-06 22:00:00,2026-03-09 05:00:00,BUY,5139.97,5098.78,5263.55,5075.44,FLIP,-64.73,S433 AI Gold Star 123 (Coppock),
2026-03-09 05:00:00,2026-03-09 11:00:00,SELL,5075.44,5132.04,4905.64,5132.04,SL,-56.8,S433 AI Gold Star 123 (Coppock),
2026-03-09 16:00:00,2026-03-10 13:00:00,BUY,5087.21,5024.18,5276.29,5181.02,FLIP,93.61,S433 AI Gold Star 123 (Coppock),
2026-03-10 13:00:00,2026-03-10 14:00:00,SELL,5181.02,5215.76,5076.81,5183.46,FLIP,-2.64,S433 AI Gold Star 123 (Coppock),
2026-03-10 14:00:00,2026-03-10 15:00:00,BUY,5183.46,5148.48,5288.41,5182.67,FLIP,-0.99,S433 AI Gold Star 123 (Coppock),
2026-03-10 15:00:00,2026-03-10 19:00:00,SELL,5182.67,5214.96,5085.81,5214.96,SL,-32.49,S433 AI Gold Star 123 (Coppock),
2026-03-10 20:00:00,2026-03-11 00:00:00,BUY,5206.79,5170.8,5314.77,5191.61,FLIP,-15.38,S433 AI Gold Star 123 (Coppock),
2026-03-11 00:00:00,2026-03-12 01:00:00,SELL,5191.61,5228.98,5079.51,5183.32,FLIP,8.09,S433 AI Gold Star 123 (Coppock),
2026-03-12 01:00:00,2026-03-12 04:00:00,BUY,5183.32,5152.93,5274.49,5139.08,FLIP,-44.44,S433 AI Gold Star 123 (Coppock),
2026-03-12 04:00:00,2026-03-12 06:00:00,SELL,5139.08,5172.02,5040.27,5152.9,FLIP,-14.02,S433 AI Gold Star 123 (Coppock),
2026-03-12 06:00:00,2026-03-12 08:00:00,BUY,5152.9,5117.79,5258.24,5150.66,FLIP,-2.44,S433 AI Gold Star 123 (Coppock),
2026-03-12 08:00:00,2026-03-12 09:00:00,SELL,5150.66,5187.38,5040.51,5153.13,FLIP,-2.67,S433 AI Gold Star 123 (Coppock),
2026-03-12 09:00:00,2026-03-12 10:00:00,BUY,5153.13,5118.65,5256.57,5142.6,FLIP,-10.73,S433 AI Gold Star 123 (Coppock),
2026-03-12 10:00:00,2026-03-12 11:00:00,SELL,5142.6,5174.92,5045.65,5154.55,FLIP,-12.15,S433 AI Gold Star 123 (Coppock),
2026-03-12 11:00:00,2026-03-12 20:00:00,BUY,5154.55,5122.4,5251.0,5142.95,FLIP,-11.8,S433 AI Gold Star 123 (Coppock),
2026-03-12 20:00:00,2026-03-13 07:00:00,SELL,5142.95,5172.94,5052.99,5124.41,FLIP,18.34,S433 AI Gold Star 123 (Coppock),
2026-03-13 07:00:00,2026-03-13 12:00:00,BUY,5124.41,5090.26,5226.85,5090.26,SL,-34.35,S433 AI Gold Star 123 (Coppock),
2026-03-13 20:00:00,2026-03-16 08:00:00,SELL,5041.47,5074.67,4941.86,5003.7,FLIP,37.57,S433 AI Gold Star 123 (Coppock),
2026-03-16 08:00:00,2026-03-16 15:00:00,BUY,5003.7,4954.1,5152.5,4975.47,FLIP,-28.43,S433 AI Gold Star 123 (Coppock),
2026-03-16 15:00:00,2026-03-16 16:00:00,SELL,4975.47,5016.87,4851.27,4998.75,FLIP,-23.48,S433 AI Gold Star 123 (Coppock),
2026-03-16 16:00:00,2026-03-16 20:00:00,BUY,4998.75,4958.49,5119.53,4996.16,FLIP,-2.79,S433 AI Gold Star 123 (Coppock),
2026-03-16 20:00:00,2026-03-16 22:00:00,SELL,4996.16,5035.98,4876.69,4990.54,FLIP,5.42,S433 AI Gold Star 123 (Coppock),
2026-03-16 22:00:00,2026-03-16 23:00:00,BUY,4990.54,4952.7,5104.07,4991.29,FLIP,0.55,S433 AI Gold Star 123 (Coppock),
2026-03-16 23:00:00,2026-03-17 00:00:00,SELL,4991.29,5028.85,4878.62,5012.79,FLIP,-21.7,S433 AI Gold Star 123 (Coppock),
2026-03-17 00:00:00,2026-03-17 12:00:00,BUY,5012.79,4973.74,5129.94,5010.18,FLIP,-2.81,S433 AI Gold Star 123 (Coppock),
2026-03-17 12:00:00,2026-03-17 13:00:00,SELL,5010.18,5038.23,4926.02,5021.24,FLIP,-11.26,S433 AI Gold Star 123 (Coppock),
2026-03-17 13:00:00,2026-03-17 15:00:00,BUY,5021.24,4993.79,5103.6,5010.56,FLIP,-10.88,S433 AI Gold Star 123 (Coppock),
2026-03-17 15:00:00,2026-03-18 02:00:00,SELL,5010.56,5035.79,4934.87,5002.89,FLIP,7.47,S433 AI Gold Star 123 (Coppock),
2026-03-18 02:00:00,2026-03-18 10:00:00,BUY,5002.89,4976.36,5082.47,4987.17,FLIP,-15.92,S433 AI Gold Star 123 (Coppock),
2026-03-18 10:00:00,2026-03-18 11:00:00,SELL,4987.17,5009.15,4921.23,4997.64,FLIP,-10.67,S433 AI Gold Star 123 (Coppock),
2026-03-18 11:00:00,2026-03-18 14:00:00,BUY,4997.64,4975.62,5063.69,4987.49,FLIP,-10.35,S433 AI Gold Star 123 (Coppock),
2026-03-18 14:00:00,2026-03-18 15:00:00,SELL,4987.49,5008.84,4923.45,4992.18,FLIP,-4.89,S433 AI Gold Star 123 (Coppock),
2026-03-18 15:00:00,2026-03-18 16:00:00,BUY,4992.18,4970.66,5056.74,4967.93,FLIP,-24.45,S433 AI Gold Star 123 (Coppock),
2026-03-18 16:00:00,2026-03-18 18:00:00,SELL,4967.93,4992.03,4895.63,4895.63,TP,72.1,S433 AI Gold Star 123 (Coppock),
2026-03-19 05:00:00,2026-03-19 12:00:00,BUY,4836.94,4786.58,4988.02,4763.75,FLIP,-73.39,S433 AI Gold Star 123 (Coppock),
2026-03-19 12:00:00,2026-03-19 18:00:00,SELL,4763.75,4808.68,4628.97,4628.97,TP,134.58,S433 AI Gold Star 123 (Coppock),
2026-03-19 23:00:00,2026-03-20 15:00:00,BUY,4616.07,4523.36,4894.2,4667.58,FLIP,51.31,S433 AI Gold Star 123 (Coppock),
2026-03-20 15:00:00,2026-03-21 00:00:00,SELL,4667.58,4720.35,4509.28,4509.28,TP,158.1,S433 AI Gold Star 123 (Coppock),
2026-03-23 15:00:00,2026-03-24 06:00:00,BUY,4253.44,4135.41,4607.53,4364.85,FLIP,111.21,S433 AI Gold Star 123 (Coppock),
2026-03-24 06:00:00,2026-03-24 13:00:00,SELL,4364.85,4487.12,3998.03,4417.54,FLIP,-52.89,S433 AI Gold Star 123 (Coppock),
2026-03-24 13:00:00,2026-03-24 14:00:00,BUY,4417.54,4333.4,4669.96,4411.9,FLIP,-5.84,S433 AI Gold Star 123 (Coppock),
2026-03-24 14:00:00,2026-03-24 15:00:00,SELL,4411.9,4491.92,4171.83,4426.44,FLIP,-14.74,S433 AI Gold Star 123 (Coppock),
2026-03-24 15:00:00,2026-03-24 19:00:00,BUY,4426.44,4349.58,4657.02,4381.52,FLIP,-45.12,S433 AI Gold Star 123 (Coppock),
2026-03-24 19:00:00,2026-03-24 20:00:00,SELL,4381.52,4459.64,4147.15,4415.75,FLIP,-34.43,S433 AI Gold Star 123 (Coppock),
2026-03-24 20:00:00,2026-03-24 23:00:00,BUY,4415.75,4344.27,4630.2,4388.58,FLIP,-27.37,S433 AI Gold Star 123 (Coppock),
2026-03-24 23:00:00,2026-03-25 02:00:00,SELL,4388.58,4453.74,4193.09,4475.84,FLIP,-87.46,S433 AI Gold Star 123 (Coppock),
2026-03-25 02:00:00,2026-03-25 13:00:00,BUY,4475.84,4410.48,4671.93,4539.42,FLIP,63.38,S433 AI Gold Star 123 (Coppock),
2026-03-25 13:00:00,2026-03-26 06:00:00,SELL,4539.42,4594.95,4372.82,4535.69,FLIP,3.53,S433 AI Gold Star 123 (Coppock),
2026-03-26 06:00:00,2026-03-26 08:00:00,BUY,4535.69,4481.4,4698.57,4508.89,FLIP,-27.0,S433 AI Gold Star 123 (Coppock),
2026-03-26 08:00:00,2026-03-26 10:00:00,SELL,4508.89,4564.35,4342.51,4520.53,FLIP,-11.84,S433 AI Gold Star 123 (Coppock),
2026-03-26 10:00:00,2026-03-26 11:00:00,BUY,4520.53,4472.11,4665.79,4439.05,FLIP,-81.68,S433 AI Gold Star 123 (Coppock),
2026-03-26 11:00:00,2026-03-26 19:00:00,SELL,4439.05,4491.45,4281.86,4452.81,FLIP,-13.96,S433 AI Gold Star 123 (Coppock),
2026-03-26 19:00:00,2026-03-26 21:00:00,BUY,4452.81,4401.58,4606.49,4438.32,FLIP,-14.69,S433 AI Gold Star 123 (Coppock),
2026-03-26 21:00:00,2026-03-27 01:00:00,SELL,4438.32,4491.09,4280.0,4364.07,FLIP,74.05,S433 AI Gold Star 123 (Coppock),
2026-03-27 01:00:00,2026-03-27 18:00:00,BUY,4364.07,4308.52,4530.71,4437.75,FLIP,73.48,S433 AI Gold Star 123 (Coppock),
2026-03-27 18:00:00,2026-03-27 20:00:00,SELL,4437.75,4476.96,4320.11,4509.78,FLIP,-72.23,S433 AI Gold Star 123 (Coppock),
2026-03-27 20:00:00,2026-03-27 23:00:00,BUY,4509.78,4464.78,4644.78,4486.73,FLIP,-23.25,S433 AI Gold Star 123 (Coppock),
2026-03-27 23:00:00,2026-03-28 00:00:00,SELL,4486.73,4534.46,4343.53,4516.86,FLIP,-30.33,S433 AI Gold Star 123 (Coppock),
2026-03-28 00:00:00,2026-03-28 02:00:00,BUY,4516.86,4466.55,4667.79,4494.48,FLIP,-22.58,S433 AI Gold Star 123 (Coppock),
2026-03-28 02:00:00,2026-03-30 13:00:00,SELL,4494.48,4544.69,4343.85,4544.69,SL,-50.41,S433 AI Gold Star 123 (Coppock),
2026-03-30 15:00:00,2026-03-30 23:00:00,BUY,4538.16,4488.83,4686.16,4539.95,FLIP,1.59,S433 AI Gold Star 123 (Coppock),
2026-03-30 23:00:00,2026-03-31 08:00:00,SELL,4539.95,4583.53,4409.2,4605.05,FLIP,-65.3,S433 AI Gold Star 123 (Coppock),
2026-03-31 08:00:00,2026-03-31 10:00:00,BUY,4605.05,4548.72,4774.05,4557.21,FLIP,-48.04,S433 AI Gold Star 123 (Coppock),
2026-03-31 10:00:00,2026-03-31 11:00:00,SELL,4557.21,4611.47,4394.42,4564.81,FLIP,-7.8,S433 AI Gold Star 123 (Coppock),
2026-03-31 11:00:00,2026-03-31 17:00:00,BUY,4564.81,4515.86,4711.67,4547.0,FLIP,-18.01,S433 AI Gold Star 123 (Coppock),
2026-03-31 17:00:00,2026-03-31 18:00:00,SELL,4547.0,4593.99,4406.04,4582.37,FLIP,-35.57,S433 AI Gold Star 123 (Coppock),
2026-03-31 18:00:00,2026-03-31 19:00:00,BUY,4582.37,4531.45,4735.13,4574.76,FLIP,-7.81,S433 AI Gold Star 123 (Coppock),
2026-03-31 19:00:00,2026-03-31 20:00:00,SELL,4574.76,4626.5,4419.53,4607.65,FLIP,-33.09,S433 AI Gold Star 123 (Coppock),
2026-03-31 20:00:00,2026-03-31 22:00:00,BUY,4607.65,4554.5,4767.11,4609.46,FLIP,1.61,S433 AI Gold Star 123 (Coppock),
2026-03-31 22:00:00,2026-03-31 23:00:00,SELL,4609.46,4652.82,4479.37,4638.21,FLIP,-28.95,S433 AI Gold Star 123 (Coppock),
2026-03-31 23:00:00,2026-04-01 09:00:00,BUY,4638.21,4594.54,4769.22,4684.93,FLIP,46.52,S433 AI Gold Star 123 (Coppock),
2026-04-01 09:00:00,2026-04-01 13:00:00,SELL,4684.93,4730.79,4547.36,4730.79,SL,-46.06,S433 AI Gold Star 123 (Coppock),
2026-04-01 21:00:00,2026-04-02 01:00:00,BUY,4760.82,4715.42,4897.01,4753.12,FLIP,-7.9,S433 AI Gold Star 123 (Coppock),
2026-04-02 01:00:00,2026-04-02 06:00:00,SELL,4753.12,4798.91,4615.74,4798.91,SL,-45.99,S433 AI Gold Star 123 (Coppock),
2026-04-02 20:00:00,2026-04-06 08:00:00,BUY,4645.97,4572.81,4865.46,4625.84,FLIP,-20.33,S433 AI Gold Star 123 (Coppock),
2026-04-06 08:00:00,2026-04-06 14:00:00,SELL,4625.84,4680.81,4460.94,4684.8,FLIP,-59.16,S433 AI Gold Star 123 (Coppock),
2026-04-06 14:00:00,2026-04-06 22:00:00,BUY,4684.8,4639.05,4822.06,4668.17,FLIP,-16.83,S433 AI Gold Star 123 (Coppock),
2026-04-06 22:00:00,2026-04-07 10:00:00,SELL,4668.17,4707.45,4550.33,4649.72,FLIP,18.25,S433 AI Gold Star 123 (Coppock),
2026-04-07 10:00:00,2026-04-07 20:00:00,BUY,4649.72,4617.65,4745.92,4644.08,FLIP,-5.84,S433 AI Gold Star 123 (Coppock),
2026-04-07 20:00:00,2026-04-07 22:00:00,SELL,4644.08,4687.24,4514.59,4655.51,FLIP,-11.63,S433 AI Gold Star 123 (Coppock),
2026-04-07 22:00:00,2026-04-08 05:00:00,BUY,4655.51,4609.3,4794.15,4794.15,TP,138.44,S433 AI Gold Star 123 (Coppock),
2026-04-08 14:00:00,2026-04-09 08:00:00,SELL,4813.52,4867.69,4651.02,4727.34,FLIP,85.98,S433 AI Gold Star 123 (Coppock),
2026-04-09 08:00:00,2026-04-10 03:00:00,BUY,4727.34,4682.14,4862.93,4764.37,FLIP,36.83,S433 AI Gold Star 123 (Coppock),
2026-04-10 03:00:00,2026-04-10 17:00:00,SELL,4764.37,4797.49,4665.02,4757.34,FLIP,6.83,S433 AI Gold Star 123 (Coppock),
2026-04-10 17:00:00,2026-04-11 03:00:00,BUY,4757.34,4732.11,4833.02,4748.48,FLIP,-9.06,S433 AI Gold Star 123 (Coppock),
2026-04-11 03:00:00,2026-04-13 05:00:00,SELL,4748.48,4777.63,4661.04,4661.04,TP,87.24,S433 AI Gold Star 123 (Coppock),
2026-04-13 12:00:00,2026-04-13 22:00:00,BUY,4729.46,4689.41,4849.61,4714.52,FLIP,-15.14,S433 AI Gold Star 123 (Coppock),
2026-04-13 22:00:00,2026-04-13 23:00:00,SELL,4714.52,4741.32,4634.11,4733.02,FLIP,-18.7,S433 AI Gold Star 123 (Coppock),
2026-04-13 23:00:00,2026-04-14 12:00:00,BUY,4733.02,4704.06,4819.9,4760.09,FLIP,26.87,S433 AI Gold Star 123 (Coppock),
2026-04-14 12:00:00,2026-04-14 13:00:00,SELL,4760.09,4785.96,4682.49,4782.1,FLIP,-22.21,S433 AI Gold Star 123 (Coppock),
2026-04-14 13:00:00,2026-04-14 14:00:00,BUY,4782.1,4755.85,4860.84,4777.28,FLIP,-5.02,S433 AI Gold Star 123 (Coppock),
2026-04-14 14:00:00,2026-04-14 15:00:00,SELL,4777.28,4802.61,4701.28,4786.46,FLIP,-9.38,S433 AI Gold Star 123 (Coppock),
2026-04-14 15:00:00,2026-04-14 16:00:00,BUY,4786.46,4762.07,4859.62,4778.2,FLIP,-8.46,S433 AI Gold Star 123 (Coppock),
2026-04-14 16:00:00,2026-04-14 20:00:00,SELL,4778.2,4802.61,4704.97,4802.61,SL,-24.61,S433 AI Gold Star 123 (Coppock),
2026-04-14 21:00:00,2026-04-15 09:00:00,BUY,4803.87,4774.32,4892.51,4823.88,FLIP,19.81,S433 AI Gold Star 123 (Coppock),
2026-04-15 09:00:00,2026-04-15 20:00:00,SELL,4823.88,4855.0,4730.53,4828.92,FLIP,-5.24,S433 AI Gold Star 123 (Coppock),
2026-04-15 20:00:00,2026-04-15 22:00:00,BUY,4828.92,4800.26,4914.9,4801.66,FLIP,-27.46,S433 AI Gold Star 123 (Coppock),
2026-04-15 22:00:00,2026-04-15 23:00:00,SELL,4801.66,4829.25,4718.88,4803.97,FLIP,-2.51,S433 AI Gold Star 123 (Coppock),
2026-04-15 23:00:00,2026-04-16 00:00:00,BUY,4803.97,4778.54,4880.27,4792.52,FLIP,-11.65,S433 AI Gold Star 123 (Coppock),
2026-04-16 00:00:00,2026-04-16 01:00:00,SELL,4792.52,4818.5,4714.57,4799.82,FLIP,-7.5,S433 AI Gold Star 123 (Coppock),
2026-04-16 01:00:00,2026-04-16 16:00:00,BUY,4799.82,4773.37,4879.18,4812.88,FLIP,12.86,S433 AI Gold Star 123 (Coppock),
2026-04-16 16:00:00,2026-04-17 06:00:00,SELL,4812.88,4834.87,4746.91,4792.12,FLIP,20.56,S433 AI Gold Star 123 (Coppock),
2026-04-17 06:00:00,2026-04-17 08:00:00,BUY,4792.12,4768.99,4861.5,4768.99,SL,-23.33,S433 AI Gold Star 123 (Coppock),
2026-04-18 03:00:00,2026-04-20 15:00:00,SELL,4832.15,4865.26,4732.82,4796.1,FLIP,35.85,S433 AI Gold Star 123 (Coppock),
2026-04-20 15:00:00,2026-04-21 06:00:00,BUY,4796.1,4762.46,4897.02,4821.82,FLIP,25.52,S433 AI Gold Star 123 (Coppock),
2026-04-21 06:00:00,2026-04-21 07:00:00,SELL,4821.82,4846.23,4748.59,4824.04,FLIP,-2.42,S433 AI Gold Star 123 (Coppock),
2026-04-21 07:00:00,2026-04-21 08:00:00,BUY,4824.04,4799.69,4897.09,4810.17,FLIP,-14.07,S433 AI Gold Star 123 (Coppock),
2026-04-21 08:00:00,2026-04-21 21:00:00,SELL,4810.17,4835.37,4734.58,4734.58,TP,75.39,S433 AI Gold Star 123 (Coppock),
2026-04-22 06:00:00,2026-04-22 18:00:00,BUY,4738.03,4693.93,4870.34,4750.38,FLIP,12.15,S433 AI Gold Star 123 (Coppock),
2026-04-22 18:00:00,2026-04-23 07:00:00,SELL,4750.38,4769.85,4691.97,4748.18,FLIP,2.0,S433 AI Gold Star 123 (Coppock),
2026-04-23 07:00:00,2026-04-23 08:00:00,BUY,4748.18,4721.19,4829.14,4723.36,FLIP,-25.02,S433 AI Gold Star 123 (Coppock),
2026-04-23 08:00:00,2026-04-23 12:00:00,SELL,4723.36,4751.74,4638.21,4713.63,FLIP,9.53,S433 AI Gold Star 123 (Coppock),
2026-04-23 12:00:00,2026-04-23 15:00:00,BUY,4713.63,4686.77,4794.22,4703.35,FLIP,-10.48,S433 AI Gold Star 123 (Coppock),
2026-04-23 15:00:00,2026-04-23 18:00:00,SELL,4703.35,4731.92,4617.65,4720.71,FLIP,-17.56,S433 AI Gold Star 123 (Coppock),
2026-04-23 18:00:00,2026-04-24 00:00:00,BUY,4720.71,4690.31,4811.9,4690.31,SL,-30.6,S433 AI Gold Star 123 (Coppock),
2026-04-24 01:00:00,2026-04-24 14:00:00,SELL,4701.13,4736.06,4596.34,4694.52,FLIP,6.41,S433 AI Gold Star 123 (Coppock),
2026-04-24 14:00:00,2026-04-27 05:00:00,BUY,4694.52,4662.33,4791.08,4684.6,FLIP,-10.12,S433 AI Gold Star 123 (Coppock),
2026-04-27 05:00:00,2026-04-27 09:00:00,SELL,4684.6,4712.81,4599.97,4712.81,SL,-28.41,S433 AI Gold Star 123 (Coppock),
2026-04-27 16:00:00,2026-04-27 20:00:00,BUY,4703.65,4681.62,4769.74,4696.17,FLIP,-7.68,S433 AI Gold Star 123 (Coppock),
2026-04-27 20:00:00,2026-04-28 05:00:00,SELL,4696.17,4716.91,4633.96,4687.98,FLIP,7.99,S433 AI Gold Star 123 (Coppock),
2026-04-28 05:00:00,2026-04-28 08:00:00,BUY,4687.98,4670.61,4740.08,4670.73,FLIP,-17.45,S433 AI Gold Star 123 (Coppock),
2026-04-28 08:00:00,2026-04-28 09:00:00,SELL,4670.73,4689.28,4615.08,4669.12,FLIP,1.41,S433 AI Gold Star 123 (Coppock),
2026-04-28 09:00:00,2026-04-28 12:00:00,BUY,4669.12,4650.12,4726.11,4632.22,FLIP,-37.1,S433 AI Gold Star 123 (Coppock),
2026-04-28 12:00:00,2026-04-28 18:00:00,SELL,4632.22,4651.88,4573.23,4573.23,TP,58.79,S433 AI Gold Star 123 (Coppock),
2026-04-28 23:00:00,2026-04-29 13:00:00,BUY,4592.24,4556.28,4700.13,4584.54,FLIP,-7.9,S433 AI Gold Star 123 (Coppock),
2026-04-29 13:00:00,2026-04-29 20:00:00,SELL,4584.54,4604.18,4525.63,4525.63,TP,58.71,S433 AI Gold Star 123 (Coppock),
2026-04-30 02:00:00,2026-04-30 20:00:00,BUY,4546.93,4512.01,4651.69,4611.03,FLIP,63.9,S433 AI Gold Star 123 (Coppock),
2026-04-30 20:00:00,2026-04-30 21:00:00,SELL,4611.03,4644.07,4511.91,4619.78,FLIP,-8.95,S433 AI Gold Star 123 (Coppock),
2026-04-30 21:00:00,2026-04-30 22:00:00,BUY,4619.78,4586.86,4718.54,4615.37,FLIP,-4.61,S433 AI Gold Star 123 (Coppock),
2026-04-30 22:00:00,2026-05-01 20:00:00,SELL,4615.37,4647.91,4517.76,4625.7,FLIP,-10.53,S433 AI Gold Star 123 (Coppock),
2026-05-01 20:00:00,2026-05-04 08:00:00,BUY,4625.7,4597.47,4710.4,4613.1,FLIP,-12.8,S433 AI Gold Star 123 (Coppock),
2026-05-04 08:00:00,2026-05-04 22:00:00,SELL,4613.1,4644.82,4517.95,4517.95,TP,94.95,S433 AI Gold Star 123 (Coppock),
2026-05-05 03:00:00,2026-05-05 22:00:00,BUY,4522.91,4489.11,4624.3,4568.52,FLIP,45.41,S433 AI Gold Star 123 (Coppock),
2026-05-05 22:00:00,2026-05-06 05:00:00,SELL,4568.52,4592.85,4495.54,4573.02,FLIP,-4.7,S433 AI Gold Star 123 (Coppock),
2026-05-06 05:00:00,2026-05-06 10:00:00,BUY,4573.02,4549.23,4644.39,4644.39,TP,71.17,S433 AI Gold Star 123 (Coppock),
2026-05-06 19:00:00,2026-05-06 21:00:00,SELL,4683.32,4716.97,4582.36,4716.97,SL,-33.85,S433 AI Gold Star 123 (Coppock),
2026-05-07 10:00:00,2026-05-07 11:00:00,BUY,4699.19,4673.87,4775.16,4696.43,FLIP,-2.96,S433 AI Gold Star 123 (Coppock),
2026-05-07 11:00:00,2026-05-07 12:00:00,SELL,4696.43,4718.5,4630.23,4701.13,FLIP,-4.9,S433 AI Gold Star 123 (Coppock),
2026-05-07 12:00:00,2026-05-07 22:00:00,BUY,4701.13,4679.88,4764.88,4729.24,FLIP,27.91,S433 AI Gold Star 123 (Coppock),
2026-05-07 22:00:00,2026-05-08 10:00:00,SELL,4729.24,4760.72,4634.8,4719.7,FLIP,9.34,S433 AI Gold Star 123 (Coppock),
2026-05-08 10:00:00,2026-05-08 21:00:00,BUY,4719.7,4683.58,4828.07,4715.94,FLIP,-3.96,S433 AI Gold Star 123 (Coppock),
2026-05-08 21:00:00,2026-05-09 01:00:00,SELL,4715.94,4749.91,4614.03,4721.93,FLIP,-6.19,S433 AI Gold Star 123 (Coppock),
2026-05-09 01:00:00,2026-05-09 02:00:00,BUY,4721.93,4691.34,4813.7,4724.05,FLIP,1.92,S433 AI Gold Star 123 (Coppock),
2026-05-09 02:00:00,2026-05-11 17:00:00,SELL,4724.05,4752.94,4637.37,4663.89,FLIP,59.96,S433 AI Gold Star 123 (Coppock),
2026-05-11 17:00:00,2026-05-12 05:00:00,BUY,4663.89,4633.52,4755.02,4755.02,TP,90.92,S433 AI Gold Star 123 (Coppock),
2026-05-12 08:00:00,2026-05-13 00:00:00,SELL,4727.15,4759.69,4629.54,4678.85,FLIP,48.1,S433 AI Gold Star 123 (Coppock),
2026-05-13 00:00:00,2026-05-13 14:00:00,BUY,4678.85,4649.49,4766.92,4702.83,FLIP,23.78,S433 AI Gold Star 123 (Coppock),
2026-05-13 14:00:00,2026-05-13 22:00:00,SELL,4702.83,4723.58,4640.59,4695.53,FLIP,7.1,S433 AI Gold Star 123 (Coppock),
2026-05-13 22:00:00,2026-05-14 00:00:00,BUY,4695.53,4670.63,4770.24,4685.57,FLIP,-10.16,S433 AI Gold Star 123 (Coppock),
2026-05-14 00:00:00,2026-05-14 02:00:00,SELL,4685.57,4709.9,4612.58,4688.21,FLIP,-2.84,S433 AI Gold Star 123 (Coppock),
2026-05-14 02:00:00,2026-05-14 10:00:00,BUY,4688.21,4663.66,4761.86,4675.06,FLIP,-13.35,S433 AI Gold Star 123 (Coppock),
2026-05-14 10:00:00,2026-05-14 11:00:00,SELL,4675.06,4699.43,4601.95,4702.35,FLIP,-27.49,S433 AI Gold Star 123 (Coppock),
2026-05-14 11:00:00,2026-05-14 14:00:00,BUY,4702.35,4675.93,4781.6,4693.23,FLIP,-9.32,S433 AI Gold Star 123 (Coppock),
2026-05-14 14:00:00,2026-05-14 15:00:00,SELL,4693.23,4720.24,4612.2,4693.34,FLIP,-0.31,S433 AI Gold Star 123 (Coppock),
2026-05-14 15:00:00,2026-05-14 18:00:00,BUY,4693.34,4666.59,4773.59,4694.35,FLIP,0.81,S433 AI Gold Star 123 (Coppock),
2026-05-14 18:00:00,2026-05-14 19:00:00,SELL,4694.35,4722.45,4610.06,4704.93,FLIP,-10.78,S433 AI Gold Star 123 (Coppock),
2026-05-14 19:00:00,2026-05-14 20:00:00,BUY,4704.93,4676.28,4790.89,4679.55,FLIP,-25.58,S433 AI Gold Star 123 (Coppock),
2026-05-14 20:00:00,2026-05-15 12:00:00,SELL,4679.55,4711.67,4583.2,4583.2,TP,96.15,S433 AI Gold Star 123 (Coppock),
2026-05-15 17:00:00,2026-05-15 20:00:00,BUY,4566.1,4529.91,4674.68,4533.56,FLIP,-32.74,S433 AI Gold Star 123 (Coppock),
2026-05-15 20:00:00,2026-05-15 21:00:00,SELL,4533.56,4573.57,4413.53,4562.75,FLIP,-29.39,S433 AI Gold Star 123 (Coppock),
2026-05-15 21:00:00,2026-05-18 07:00:00,BUY,4562.75,4523.11,4681.66,4523.11,SL,-39.84,S433 AI Gold Star 123 (Coppock),
2026-05-18 12:00:00,2026-05-18 13:00:00,SELL,4530.91,4566.79,4423.28,4546.77,FLIP,-16.06,S433 AI Gold Star 123 (Coppock),
2026-05-18 13:00:00,2026-05-19 00:00:00,BUY,4546.77,4512.11,4650.74,4547.02,FLIP,0.05,S433 AI Gold Star 123 (Coppock),
2026-05-19 00:00:00,2026-05-19 02:00:00,SELL,4547.02,4579.05,4450.93,4558.48,FLIP,-11.66,S433 AI Gold Star 123 (Coppock),
2026-05-19 02:00:00,2026-05-19 07:00:00,BUY,4558.48,4526.26,4655.13,4563.38,FLIP,4.7,S433 AI Gold Star 123 (Coppock),
2026-05-19 07:00:00,2026-05-19 13:00:00,SELL,4563.38,4595.39,4467.36,4547.95,FLIP,15.23,S433 AI Gold Star 123 (Coppock),
2026-05-19 13:00:00,2026-05-19 14:00:00,BUY,4547.95,4523.1,4622.49,4557.17,FLIP,9.02,S433 AI Gold Star 123 (Coppock),
2026-05-19 14:00:00,2026-05-19 20:00:00,SELL,4557.17,4581.72,4483.53,4483.53,TP,73.44,S433 AI Gold Star 123 (Coppock),
2026-05-20 06:00:00,2026-05-20 08:00:00,BUY,4489.41,4459.51,4579.12,4459.51,SL,-30.1,S433 AI Gold Star 123 (Coppock),
2026-05-20 10:00:00,2026-05-20 11:00:00,SELL,4463.76,4499.44,4356.71,4462.2,FLIP,1.36,S433 AI Gold Star 123 (Coppock),
2026-05-20 11:00:00,2026-05-20 22:00:00,BUY,4462.2,4432.77,4550.49,4550.49,TP,88.09,S433 AI Gold Star 123 (Coppock),
2026-05-21 07:00:00,2026-05-21 08:00:00,SELL,4545.2,4572.08,4464.56,4561.05,FLIP,-16.05,S433 AI Gold Star 123 (Coppock),
2026-05-21 08:00:00,2026-05-21 09:00:00,BUY,4561.05,4532.18,4647.65,4533.21,FLIP,-28.04,S433 AI Gold Star 123 (Coppock),
2026-05-21 09:00:00,2026-05-21 23:00:00,SELL,4533.21,4564.54,4439.22,4519.47,FLIP,13.54,S433 AI Gold Star 123 (Coppock),
2026-05-21 23:00:00,2026-05-22 11:00:00,BUY,4519.47,4492.53,4600.28,4527.27,FLIP,7.6,S433 AI Gold Star 123 (Coppock),
2026-05-22 11:00:00,2026-05-22 22:00:00,SELL,4527.27,4550.31,4458.14,4520.08,FLIP,6.99,S433 AI Gold Star 123 (Coppock),
2026-05-22 22:00:00,2026-05-23 03:00:00,BUY,4520.08,4493.28,4600.47,4507.12,FLIP,-13.16,S433 AI Gold Star 123 (Coppock),
2026-05-23 03:00:00,2026-05-25 05:00:00,SELL,4507.12,4531.75,4433.24,4565.26,FLIP,-58.34,S433 AI Gold Star 123 (Coppock),
2026-05-25 05:00:00,2026-05-25 15:00:00,BUY,4565.26,4535.56,4654.35,4556.19,FLIP,-9.27,S433 AI Gold Star 123 (Coppock),
2026-05-25 15:00:00,2026-05-26 05:00:00,SELL,4556.19,4578.17,4490.24,4574.89,FLIP,-18.9,S433 AI Gold Star 123 (Coppock),
2026-05-26 05:00:00,2026-05-26 06:00:00,BUY,4574.89,4559.03,4622.46,4559.69,FLIP,-15.4,S433 AI Gold Star 123 (Coppock),
2026-05-26 06:00:00,2026-05-26 17:00:00,SELL,4559.69,4576.86,4508.19,4534.5,FLIP,24.99,S433 AI Gold Star 123 (Coppock),
2026-05-26 17:00:00,2026-05-26 18:00:00,BUY,4534.5,4511.2,4604.39,4507.28,FLIP,-27.42,S433 AI Gold Star 123 (Coppock),
2026-05-26 18:00:00,2026-05-26 19:00:00,SELL,4507.28,4533.24,4429.41,4520.36,FLIP,-13.28,S433 AI Gold Star 123 (Coppock),
2026-05-26 19:00:00,2026-05-27 00:00:00,BUY,4520.36,4492.67,4603.43,4491.19,FLIP,-29.37,S433 AI Gold Star 123 (Coppock),
2026-05-27 00:00:00,2026-05-27 01:00:00,SELL,4491.19,4517.49,4412.29,4499.25,FLIP,-8.26,S433 AI Gold Star 123 (Coppock),
2026-05-27 01:00:00,2026-05-27 13:00:00,BUY,4499.25,4473.24,4577.27,4485.23,FLIP,-14.22,S433 AI Gold Star 123 (Coppock),
2026-05-27 13:00:00,2026-05-27 15:00:00,SELL,4485.23,4510.23,4410.24,4497.87,FLIP,-12.84,S433 AI Gold Star 123 (Coppock),
2026-05-27 15:00:00,2026-05-27 16:00:00,BUY,4497.87,4472.63,4573.6,4490.16,FLIP,-7.91,S433 AI Gold Star 123 (Coppock),
2026-05-27 16:00:00,2026-05-27 20:00:00,SELL,4490.16,4514.76,4416.35,4416.35,TP,73.61,S433 AI Gold Star 123 (Coppock),
2026-05-28 00:00:00,2026-05-28 08:00:00,BUY,4450.46,4414.96,4556.97,4414.96,SL,-35.7,S433 AI Gold Star 123 (Coppock),
2026-05-28 09:00:00,2026-05-28 19:00:00,SELL,4394.51,4425.17,4302.53,4432.14,FLIP,-37.83,S433 AI Gold Star 123 (Coppock),
2026-05-28 19:00:00,2026-05-29 07:00:00,BUY,4432.14,4398.19,4534.0,4496.23,FLIP,63.89,S433 AI Gold Star 123 (Coppock),
2026-05-29 07:00:00,2026-05-29 16:00:00,SELL,4496.23,4527.19,4403.35,4527.19,SL,-31.16,S433 AI Gold Star 123 (Coppock),
2026-05-29 20:00:00,2026-05-30 01:00:00,BUY,4536.8,4511.5,4612.7,4553.28,FLIP,16.28,S433 AI Gold Star 123 (Coppock),
2026-05-30 01:00:00,2026-06-01 18:00:00,SELL,4553.28,4584.27,4460.3,4505.86,FLIP,47.22,S433 AI Gold Star 123 (Coppock),
2026-06-01 18:00:00,2026-06-01 20:00:00,BUY,4505.86,4483.67,4572.42,4450.26,FLIP,-55.8,S433 AI Gold Star 123 (Coppock),
2026-06-01 20:00:00,2026-06-01 22:00:00,SELL,4450.26,4476.33,4372.06,4474.12,FLIP,-24.06,S433 AI Gold Star 123 (Coppock),
2026-06-01 22:00:00,2026-06-02 19:00:00,BUY,4474.12,4446.67,4556.48,4514.22,FLIP,39.9,S433 AI Gold Star 123 (Coppock),
2026-06-02 19:00:00,2026-06-03 10:00:00,SELL,4514.22,4537.69,4443.82,4484.47,FLIP,29.55,S433 AI Gold Star 123 (Coppock),
2026-06-03 10:00:00,2026-06-03 12:00:00,BUY,4484.47,4463.13,4548.48,4463.13,SL,-21.54,S433 AI Gold Star 123 (Coppock),
2026-06-03 15:00:00,2026-06-03 17:00:00,SELL,4442.51,4465.66,4373.05,4459.0,FLIP,-16.69,S433 AI Gold Star 123 (Coppock),
2026-06-03 17:00:00,2026-06-03 20:00:00,BUY,4459.0,4432.98,4537.05,4445.8,FLIP,-13.4,S433 AI Gold Star 123 (Coppock),
2026-06-03 20:00:00,2026-06-03 21:00:00,SELL,4445.8,4474.74,4358.97,4457.22,FLIP,-11.62,S433 AI Gold Star 123 (Coppock),
2026-06-03 21:00:00,2026-06-04 00:00:00,BUY,4457.22,4428.9,4542.19,4438.99,FLIP,-18.43,S433 AI Gold Star 123 (Coppock),
2026-06-04 00:00:00,2026-06-04 01:00:00,SELL,4438.99,4467.54,4353.34,4442.1,FLIP,-3.31,S433 AI Gold Star 123 (Coppock),
2026-06-04 01:00:00,2026-06-04 20:00:00,BUY,4442.1,4414.9,4523.69,4495.87,FLIP,53.57,S433 AI Gold Star 123 (Coppock),
2026-06-04 20:00:00,2026-06-05 14:00:00,SELL,4495.87,4525.53,4406.88,4460.97,FLIP,34.7,S433 AI Gold Star 123 (Coppock),
2026-06-05 14:00:00,2026-06-05 19:00:00,BUY,4460.97,4440.73,4521.7,4406.27,FLIP,-54.9,S433 AI Gold Star 123 (Coppock),
2026-06-05 19:00:00,2026-06-05 23:00:00,SELL,4406.27,4433.85,4323.53,4323.53,TP,82.54,S433 AI Gold Star 123 (Coppock),
2026-06-08 07:00:00,2026-06-08 08:00:00,BUY,4342.48,4302.3,4463.01,4302.3,SL,-40.38,S433 AI Gold Star 123 (Coppock),
2026-06-09 06:00:00,2026-06-09 12:00:00,SELL,4317.88,4343.9,4239.82,4343.9,SL,-26.22,S433 AI Gold Star 123 (Coppock),
2026-06-09 17:00:00,2026-06-09 20:00:00,BUY,4339.2,4318.89,4400.13,4328.98,FLIP,-10.42,S433 AI Gold Star 123 (Coppock),
2026-06-09 20:00:00,2026-06-09 23:00:00,SELL,4328.98,4352.3,4259.01,4259.01,TP,69.77,S433 AI Gold Star 123 (Coppock),
2026-06-10 12:00:00,2026-06-10 15:00:00,BUY,4205.22,4167.2,4319.27,4167.2,SL,-38.22,S433 AI Gold Star 123 (Coppock),
2026-06-10 21:00:00,2026-06-10 22:00:00,SELL,4124.85,4169.82,3989.94,4128.88,FLIP,-4.23,S433 AI Gold Star 123 (Coppock),
2026-06-10 22:00:00,2026-06-10 23:00:00,BUY,4128.88,4084.44,4262.2,4121.88,FLIP,-7.2,S433 AI Gold Star 123 (Coppock),
2026-06-10 23:00:00,2026-06-11 07:00:00,SELL,4121.88,4166.25,3988.76,4076.02,FLIP,45.66,S433 AI Gold Star 123 (Coppock),
2026-06-11 07:00:00,2026-06-11 22:00:00,BUY,4076.02,4025.46,4227.69,4088.83,FLIP,12.61,S433 AI Gold Star 123 (Coppock),
2026-06-11 22:00:00,2026-06-12 00:00:00,SELL,4088.83,4125.79,3977.95,4151.77,FLIP,-63.14,S433 AI Gold Star 123 (Coppock),
2026-06-12 00:00:00,2026-06-12 11:00:00,BUY,4151.77,4108.82,4280.61,4189.99,FLIP,38.02,S433 AI Gold Star 123 (Coppock),
2026-06-12 11:00:00,2026-06-12 22:00:00,SELL,4189.99,4241.53,4035.36,4212.0,FLIP,-22.21,S433 AI Gold Star 123 (Coppock),
2026-06-12 22:00:00,2026-06-15 08:00:00,BUY,4212.0,4178.89,4311.33,4311.33,TP,99.13,S433 AI Gold Star 123 (Coppock),
2026-06-15 16:00:00,2026-06-16 13:00:00,SELL,4336.65,4369.99,4236.63,4323.94,FLIP,12.51,S433 AI Gold Star 123 (Coppock),
2026-06-16 13:00:00,2026-06-16 21:00:00,BUY,4323.94,4303.32,4385.79,4324.07,FLIP,-0.07,S433 AI Gold Star 123 (Coppock),
2026-06-16 21:00:00,2026-06-16 22:00:00,SELL,4324.07,4346.35,4257.22,4335.26,FLIP,-11.39,S433 AI Gold Star 123 (Coppock),
2026-06-16 22:00:00,2026-06-17 00:00:00,BUY,4335.26,4312.07,4404.84,4340.29,FLIP,4.83,S433 AI Gold Star 123 (Coppock),
2026-06-17 00:00:00,2026-06-17 13:00:00,SELL,4340.29,4363.16,4271.68,4331.78,FLIP,8.31,S433 AI Gold Star 123 (Coppock),
2026-06-17 13:00:00,2026-06-17 14:00:00,BUY,4331.78,4314.85,4382.57,4325.17,FLIP,-6.81,S433 AI Gold Star 123 (Coppock),
2026-06-17 14:00:00,2026-06-17 16:00:00,SELL,4325.17,4341.68,4275.63,4329.54,FLIP,-4.57,S433 AI Gold Star 123 (Coppock),
2026-06-17 16:00:00,2026-06-17 18:00:00,BUY,4329.54,4312.74,4379.93,4323.18,FLIP,-6.56,S433 AI Gold Star 123 (Coppock),
2026-06-17 18:00:00,2026-06-17 19:00:00,SELL,4323.18,4340.08,4272.47,4333.59,FLIP,-10.61,S433 AI Gold Star 123 (Coppock),
2026-06-17 19:00:00,2026-06-18 01:00:00,BUY,4333.59,4315.82,4386.91,4286.11,FLIP,-47.68,S433 AI Gold Star 123 (Coppock),
2026-06-18 01:00:00,2026-06-18 08:00:00,SELL,4286.11,4319.87,4184.83,4317.85,FLIP,-31.94,S433 AI Gold Star 123 (Coppock),
2026-06-18 08:00:00,2026-06-18 12:00:00,BUY,4317.85,4268.86,4464.83,4308.09,FLIP,-9.96,S433 AI Gold Star 123 (Coppock),
2026-06-18 12:00:00,2026-06-18 13:00:00,SELL,4308.09,4356.02,4164.31,4306.55,FLIP,1.34,S433 AI Gold Star 123 (Coppock),
2026-06-18 13:00:00,2026-06-18 15:00:00,BUY,4306.55,4259.41,4447.98,4266.77,FLIP,-39.98,S433 AI Gold Star 123 (Coppock),
2026-06-18 15:00:00,2026-06-18 16:00:00,SELL,4266.77,4315.12,4121.73,4268.78,FLIP,-2.21,S433 AI Gold Star 123 (Coppock),
2026-06-18 16:00:00,2026-06-18 18:00:00,BUY,4268.78,4230.66,4383.13,4242.04,FLIP,-26.94,S433 AI Gold Star 123 (Coppock),
2026-06-18 18:00:00,2026-06-18 20:00:00,SELL,4242.04,4271.91,4152.42,4271.91,SL,-30.07,S433 AI Gold Star 123 (Coppock),
2026-06-19 05:00:00,2026-06-19 09:00:00,BUY,4207.44,4178.18,4295.21,4178.18,SL,-29.46,S433 AI Gold Star 123 (Coppock),
2026-06-19 10:00:00,2026-06-19 13:00:00,SELL,4153.75,4181.6,4070.21,4147.67,FLIP,5.88,S433 AI Gold Star 123 (Coppock),
2026-06-19 13:00:00,2026-06-22 10:00:00,BUY,4147.67,4121.42,4226.43,4171.69,FLIP,23.82,S433 AI Gold Star 123 (Coppock),
2026-06-22 10:00:00,2026-06-22 11:00:00,SELL,4171.69,4203.22,4077.09,4181.79,FLIP,-10.3,S433 AI Gold Star 123 (Coppock),
2026-06-22 11:00:00,2026-06-22 18:00:00,BUY,4181.79,4150.62,4275.3,4207.42,FLIP,25.43,S433 AI Gold Star 123 (Coppock),
2026-06-22 18:00:00,2026-06-22 20:00:00,SELL,4207.42,4236.96,4118.8,4199.81,FLIP,7.41,S433 AI Gold Star 123 (Coppock),
2026-06-22 20:00:00,2026-06-22 21:00:00,BUY,4199.81,4170.07,4289.03,4198.29,FLIP,-1.72,S433 AI Gold Star 123 (Coppock),
2026-06-22 21:00:00,2026-06-23 11:00:00,SELL,4198.29,4224.09,4120.9,4120.9,TP,77.19,S433 AI Gold Star 123 (Coppock),
2026-06-23 19:00:00,2026-06-24 06:00:00,BUY,4113.3,4082.22,4206.54,4099.1,FLIP,-14.4,S433 AI Gold Star 123 (Coppock),
2026-06-24 06:00:00,2026-06-24 19:00:00,SELL,4099.1,4124.91,4021.66,4021.66,TP,77.24,S433 AI Gold Star 123 (Coppock),
2026-06-24 20:00:00,2026-06-24 21:00:00,BUY,4038.3,3996.12,4164.83,4007.98,FLIP,-30.52,S433 AI Gold Star 123 (Coppock),
2026-06-24 21:00:00,2026-06-25 05:00:00,SELL,4007.98,4052.28,3875.09,3996.4,FLIP,11.38,S433 AI Gold Star 123 (Coppock),
2026-06-25 05:00:00,2026-06-26 06:00:00,BUY,3996.4,3952.5,4128.1,4014.5,FLIP,17.9,S433 AI Gold Star 123 (Coppock),
2026-06-26 06:00:00,2026-06-26 16:00:00,SELL,4014.5,4045.44,3921.69,4047.18,FLIP,-32.88,S433 AI Gold Star 123 (Coppock),
2026-06-26 16:00:00,2026-06-27 01:00:00,BUY,4047.18,4018.94,4131.89,4067.34,FLIP,19.96,S433 AI Gold Star 123 (Coppock),
2026-06-27 01:00:00,2026-06-27 02:00:00,SELL,4067.34,4095.23,3983.68,4071.49,FLIP,-4.35,S433 AI Gold Star 123 (Coppock),
2026-06-27 02:00:00,2026-06-27 03:00:00,BUY,4071.49,4044.22,4153.29,4087.63,FLIP,15.94,S433 AI Gold Star 123 (Coppock),
2026-06-27 03:00:00,2026-06-29 19:00:00,SELL,4087.63,4114.74,4006.3,4043.62,FLIP,43.81,S433 AI Gold Star 123 (Coppock),
2026-06-29 19:00:00,2026-06-29 20:00:00,BUY,4043.62,4017.34,4122.47,4032.23,FLIP,-11.59,S433 AI Gold Star 123 (Coppock),
2026-06-29 20:00:00,2026-06-30 02:00:00,SELL,4032.23,4059.05,3951.77,4015.89,FLIP,16.14,S433 AI Gold Star 123 (Coppock),
2026-06-30 02:00:00,2026-06-30 07:00:00,BUY,4015.89,3990.06,4093.38,3987.25,FLIP,-28.84,S433 AI Gold Star 123 (Coppock),
2026-06-30 07:00:00,2026-06-30 11:00:00,SELL,3987.25,4011.45,3914.66,3985.56,FLIP,1.49,S433 AI Gold Star 123 (Coppock),
2026-06-30 11:00:00,2026-07-01 01:00:00,BUY,3985.56,3956.96,4071.36,4028.54,FLIP,42.78,S433 AI Gold Star 123 (Coppock),
2026-07-01 01:00:00,2026-07-01 16:00:00,SELL,4028.54,4057.39,3941.99,3984.43,FLIP,43.91,S433 AI Gold Star 123 (Coppock),
2026-07-01 16:00:00,2026-07-01 20:00:00,BUY,3984.43,3962.72,4049.55,4049.55,TP,64.92,S433 AI Gold Star 123 (Coppock),
2026-07-02 03:00:00,2026-07-02 08:00:00,SELL,4031.22,4067.93,3921.09,4067.93,SL,-36.91,S433 AI Gold Star 123 (Coppock),
2026-07-02 15:00:00,2026-07-03 00:00:00,BUY,4076.16,4050.3,4153.73,4106.85,FLIP,30.49,S433 AI Gold Star 123 (Coppock),
2026-07-03 00:00:00,2026-07-03 01:00:00,SELL,4106.85,4139.8,4008.01,4122.62,FLIP,-15.97,S433 AI Gold Star 123 (Coppock),
2026-07-03 01:00:00,2026-07-03 02:00:00,BUY,4122.62,4088.74,4224.27,4121.33,FLIP,-1.49,S433 AI Gold Star 123 (Coppock),
2026-07-03 02:00:00,2026-07-03 05:00:00,SELL,4121.33,4155.39,4019.15,4124.74,FLIP,-3.61,S433 AI Gold Star 123 (Coppock),
2026-07-03 05:00:00,2026-07-03 06:00:00,BUY,4124.74,4092.22,4222.3,4126.13,FLIP,1.19,S433 AI Gold Star 123 (Coppock),
2026-07-03 06:00:00,2026-07-03 08:00:00,SELL,4126.13,4158.04,4030.41,4182.39,FLIP,-56.46,S433 AI Gold Star 123 (Coppock),
2026-07-03 08:00:00,2026-07-03 10:00:00,BUY,4182.39,4144.4,4296.35,4176.02,FLIP,-6.57,S433 AI Gold Star 123 (Coppock),
2026-07-03 10:00:00,2026-07-03 15:00:00,SELL,4176.02,4206.05,4085.93,4181.03,FLIP,-5.21,S433 AI Gold Star 123 (Coppock),
2026-07-03 15:00:00,2026-07-03 16:00:00,BUY,4181.03,4157.55,4251.47,4172.01,FLIP,-9.22,S433 AI Gold Star 123 (Coppock),
2026-07-03 16:00:00,2026-07-06 06:00:00,SELL,4172.01,4194.65,4104.09,4194.65,SL,-22.84,S433 AI Gold Star 123 (Coppock),
2026-07-06 22:00:00,2026-07-07 08:00:00,BUY,4148.33,4124.56,4219.65,4141.92,FLIP,-6.61,S433 AI Gold Star 123 (Coppock),
2026-07-07 08:00:00,2026-07-07 18:00:00,SELL,4141.92,4161.74,4082.46,4156.69,FLIP,-14.97,S433 AI Gold Star 123 (Coppock),
2026-07-07 18:00:00,2026-07-08 01:00:00,BUY,4156.69,4135.38,4220.61,4135.38,SL,-21.51,S433 AI Gold Star 123 (Coppock),
2026-07-08 02:00:00,2026-07-08 12:00:00,SELL,4114.33,4140.44,4035.99,4127.78,FLIP,-13.65,S433 AI Gold Star 123 (Coppock),
2026-07-08 12:00:00,2026-07-08 15:00:00,BUY,4127.78,4102.54,4203.51,4056.84,FLIP,-71.14,S433 AI Gold Star 123 (Coppock),
2026-07-08 15:00:00,2026-07-08 19:00:00,SELL,4056.84,4088.03,3963.28,4072.23,FLIP,-15.59,S433 AI Gold Star 123 (Coppock),
2026-07-08 19:00:00,2026-07-08 21:00:00,BUY,4072.23,4039.18,4171.38,4040.94,FLIP,-31.49,S433 AI Gold Star 123 (Coppock),
2026-07-08 21:00:00,2026-07-09 00:00:00,SELL,4040.94,4075.46,3937.39,4075.46,SL,-34.72,S433 AI Gold Star 123 (Coppock),
2026-07-09 01:00:00,2026-07-09 17:00:00,BUY,4084.41,4046.42,4198.39,4099.08,FLIP,14.47,S433 AI Gold Star 123 (Coppock),
2026-07-09 17:00:00,2026-07-09 18:00:00,SELL,4099.08,4120.1,4036.01,4108.66,FLIP,-9.78,S433 AI Gold Star 123 (Coppock),
2026-07-09 18:00:00,2026-07-10 01:00:00,BUY,4108.66,4087.56,4171.95,4124.63,FLIP,15.77,S433 AI Gold Star 123 (Coppock),
2026-07-10 01:00:00,2026-07-10 22:00:00,SELL,4124.63,4147.95,4054.66,4113.07,FLIP,11.36,S433 AI Gold Star 123 (Coppock),
2026-07-10 22:00:00,2026-07-13 05:00:00,BUY,4113.07,4090.35,4181.22,4076.81,FLIP,-36.46,S433 AI Gold Star 123 (Coppock),
2026-07-13 05:00:00,2026-07-13 15:00:00,SELL,4076.81,4102.83,3998.75,4074.57,FLIP,2.04,S433 AI Gold Star 123 (Coppock),
2026-07-13 15:00:00,2026-07-13 18:00:00,BUY,4074.57,4046.31,4159.34,4056.44,FLIP,-18.33,S433 AI Gold Star 123 (Coppock),
2026-07-13 18:00:00,2026-07-13 19:00:00,SELL,4056.44,4086.3,3966.85,4067.38,FLIP,-11.14,S433 AI Gold Star 123 (Coppock),
2026-07-13 19:00:00,2026-07-13 21:00:00,BUY,4067.38,4041.3,4145.62,4015.22,FLIP,-52.36,S433 AI Gold Star 123 (Coppock),
2026-07-13 21:00:00,2026-07-14 08:00:00,SELL,4015.22,4044.08,3928.63,4010.48,FLIP,4.54,S433 AI Gold Star 123 (Coppock),
2026-07-14 08:00:00,2026-07-14 19:00:00,BUY,4010.48,3983.88,4090.27,4090.27,TP,79.59,S433 AI Gold Star 123 (Coppock),
2026-07-15 01:00:00,2026-07-15 18:00:00,SELL,4054.16,4083.35,3966.6,4038.35,FLIP,15.61,S433 AI Gold Star 123 (Coppock),
2026-07-15 18:00:00,2026-07-16 07:00:00,BUY,4038.35,4019.9,4093.69,4044.62,FLIP,6.07,S433 AI Gold Star 123 (Coppock),
2026-07-16 07:00:00,2026-07-16 18:00:00,SELL,4044.62,4070.72,3966.32,4038.51,FLIP,5.91,S433 AI Gold Star 123 (Coppock),
2026-07-16 18:00:00,2026-07-16 19:00:00,BUY,4038.51,4021.93,4088.25,3992.54,FLIP,-46.17,S433 AI Gold Star 123 (Coppock),
2026-07-16 19:00:00,2026-07-16 22:00:00,SELL,3992.54,4014.09,3927.9,4006.95,FLIP,-14.61,S433 AI Gold Star 123 (Coppock),
2026-07-16 22:00:00,2026-07-16 23:00:00,BUY,4006.95,3980.97,4084.88,3991.99,FLIP,-15.16,S433 AI Gold Star 123 (Coppock),
2026-07-16 23:00:00,2026-07-17 07:00:00,SELL,3991.99,4018.95,3911.1,3991.84,FLIP,-0.05,S433 AI Gold Star 123 (Coppock),
2026-07-17 07:00:00,2026-07-17 19:00:00,BUY,3991.84,3963.09,4078.09,3966.16,FLIP,-25.88,S433 AI Gold Star 123 (Coppock),
2026-07-17 19:00:00,2026-07-17 20:00:00,SELL,3966.16,3989.34,3896.61,3997.09,FLIP,-31.13,S433 AI Gold Star 123 (Coppock),
2026-07-17 20:00:00,2026-07-20 05:00:00,BUY,3997.09,3970.42,4077.1,3994.81,FLIP,-2.48,S433 AI Gold Star 123 (Coppock),
2026-07-20 05:00:00,2026-07-20 07:00:00,SELL,3994.81,4019.76,3919.97,4008.52,FLIP,-13.91,S433 AI Gold Star 123 (Coppock),
2026-07-20 07:00:00,2026-07-20 08:00:00,BUY,4008.52,3982.23,4087.38,4002.14,FLIP,-6.58,S433 AI Gold Star 123 (Coppock),
2026-07-20 08:00:00,2026-07-20 09:00:00,SELL,4002.14,4030.19,3917.99,4021.96,FLIP,-20.02,S433 AI Gold Star 123 (Coppock),
2026-07-20 09:00:00,2026-07-20 11:00:00,BUY,4021.96,3991.91,4112.1,4018.79,FLIP,-3.37,S433 AI Gold Star 123 (Coppock),
2026-07-20 11:00:00,2026-07-20 16:00:00,SELL,4018.79,4042.65,3947.2,4021.21,FLIP,-2.62,S433 AI Gold Star 123 (Coppock),
2026-07-20 16:00:00,2026-07-20 19:00:00,BUY,4021.21,3997.87,4091.22,4008.21,FLIP,-13.2,S433 AI Gold Star 123 (Coppock),
2026-07-20 19:00:00,2026-07-21 07:00:00,SELL,4008.21,4031.48,3938.4,4024.89,FLIP,-16.88,S433 AI Gold Star 123 (Coppock),
2026-07-21 07:00:00,2026-07-21 18:00:00,BUY,4024.89,4005.04,4084.43,4055.95,FLIP,30.86,S433 AI Gold Star 123 (Coppock),
2026-07-21 18:00:00,2026-07-21 22:00:00,SELL,4055.95,4077.79,3990.44,4077.79,SL,-22.04,S433 AI Gold Star 123 (Coppock),
2026-07-22 07:00:00,2026-07-22 13:00:00,BUY,4097.52,4078.48,4154.65,4116.47,FLIP,18.75,S433 AI Gold Star 123 (Coppock),
2026-07-22 13:00:00,2026-07-22 20:00:00,SELL,4116.47,4135.56,4059.19,4154.53,FLIP,-38.26,S433 AI Gold Star 123 (Coppock),
2026-07-22 20:00:00,2026-07-22 21:00:00,BUY,4154.53,4129.22,4230.46,4148.44,FLIP,-6.29,S433 AI Gold Star 123 (Coppock),
2026-07-22 21:00:00,2026-07-23 18:00:00,SELL,4148.44,4173.08,4074.51,4074.51,TP,73.73,S433 AI Gold Star 123 (Coppock),
2026-07-24 02:00:00,2026-07-24 09:00:00,BUY,4049.79,4026.5,4119.67,4026.5,SL,-23.49,S433 AI Gold Star 123 (Coppock),
2026-07-25 01:00:00,2026-07-27 05:00:00,SELL,4054.41,4074.46,3994.25,4089.78,FLIP,-35.57,S433 AI Gold Star 123 (Coppock),
2026-07-27 05:00:00,2026-07-27 10:00:00,BUY,4089.78,4068.68,4153.09,4091.0,FLIP,1.02,S433 AI Gold Star 123 (Coppock),
2026-07-27 10:00:00,2026-07-27 12:00:00,SELL,4091.0,4115.5,4017.51,4092.99,FLIP,-2.19,S433 AI Gold Star 123 (Coppock),
2026-07-27 12:00:00,2026-07-27 14:00:00,BUY,4092.99,4070.84,4159.43,4088.86,FLIP,-4.33,S433 AI Gold Star 123 (Coppock),
2026-07-27 14:00:00,2026-07-27 15:00:00,SELL,4088.86,4110.07,4025.23,4095.26,FLIP,-6.6,S433 AI Gold Star 123 (Coppock),
2026-07-27 15:00:00,2026-07-27 16:00:00,BUY,4095.26,4073.74,4159.81,4096.22,FLIP,0.76,S433 AI Gold Star 123 (Coppock),
2026-07-27 16:00:00,2026-07-28 15:00:00,SELL,4096.22,4117.36,4032.8,4045.48,FLIP,50.54,S433 AI Gold Star 123 (Coppock),
2026-07-28 15:00:00,2026-07-28 16:00:00,BUY,4045.48,4029.84,4092.39,4023.5,FLIP,-22.18,S433 AI Gold Star 123 (Coppock),
2026-07-28 16:00:00,2026-07-28 19:00:00,SELL,4023.5,4041.25,3970.24,4029.44,FLIP,-6.14,S433 AI Gold Star 123 (Coppock),
2026-07-28 19:00:00,2026-07-29 08:00:00,BUY,4029.44,4011.23,4084.06,4011.23,SL,-18.41,S433 AI Gold Star 123 (Coppock),
2026-07-29 10:00:00,2026-07-29 11:00:00,SELL,4023.63,4044.36,3961.43,4027.28,FLIP,-3.85,S433 AI Gold Star 123 (Coppock),
2026-07-29 11:00:00,2026-07-29 17:00:00,BUY,4027.28,4007.48,4086.68,4027.51,FLIP,0.03,S433 AI Gold Star 123 (Coppock),
2026-07-29 17:00:00,2026-07-29 18:00:00,SELL,4027.51,4044.0,3978.05,4032.77,FLIP,-5.46,S433 AI Gold Star 123 (Coppock),
2026-07-29 18:00:00,2026-07-29 19:00:00,BUY,4032.77,4015.93,4083.28,4022.64,FLIP,-10.33,S433 AI Gold Star 123 (Coppock),
2026-07-29 19:00:00,2026-07-30 00:00:00,SELL,4022.64,4040.5,3969.06,4043.94,FLIP,-21.5,S433 AI Gold Star 123 (Coppock),
2026-07-30 00:00:00,2026-07-30 01:00:00,BUY,4043.94,4022.98,4106.81,4106.81,TP,62.67,S433 AI Gold Star 123 (Coppock),
2026-07-30 11:00:00,2026-07-30 20:00:00,SELL,4045.97,4087.63,3921.0,4112.27,FLIP,-66.5,S433 AI Gold Star 123 (Coppock),
2026-07-30 20:00:00,2026-07-31 06:00:00,BUY,4112.27,4080.26,4208.29,4105.88,FLIP,-6.59,S433 AI Gold Star 123 (Coppock),
2026-07-31 06:00:00,2026-07-31 20:00:00,SELL,4105.88,4133.16,4024.04,4024.04,TP,81.64,S433 AI Gold Star 123 (Coppock),
2026-07-31 21:00:00,2026-08-03 15:00:00,BUY,4049.22,4027.39,4114.71,4059.48,FLIP,10.06,S433 AI Gold Star 123 (Coppock),
2026-08-03 15:00:00,2026-08-04 02:00:00,SELL,4059.48,4080.19,3997.34,4051.94,FLIP,7.34,S433 AI Gold Star 123 (Coppock),
2026-08-04 02:00:00,2026-08-04 15:00:00,BUY,4051.94,4030.87,4115.14,4055.07,FLIP,2.93,S433 AI Gold Star 123 (Coppock),
2026-08-04 15:00:00,2026-08-04 18:00:00,SELL,4055.07,4072.81,4001.84,4075.03,FLIP,-20.16,S433 AI Gold Star 123 (Coppock),
2026-08-04 18:00:00,2026-08-04 19:00:00,BUY,4075.03,4055.12,4134.76,4070.89,FLIP,-4.34,S433 AI Gold Star 123 (Coppock),
2026-08-04 19:00:00,2026-08-04 20:00:00,SELL,4070.89,4092.68,4005.52,4084.18,FLIP,-13.49,S433 AI Gold Star 123 (Coppock),
2026-08-04 20:00:00,2026-08-05 01:00:00,BUY,4084.18,4059.42,4158.46,4079.92,FLIP,-4.46,S433 AI Gold Star 123 (Coppock),
2026-08-05 01:00:00,2026-08-05 08:00:00,SELL,4079.92,4104.9,4004.97,4101.47,FLIP,-21.75,S433 AI Gold Star 123 (Coppock),
2026-08-05 08:00:00,2026-08-05 13:00:00,BUY,4101.47,4076.03,4177.78,4177.78,TP,76.11,S433 AI Gold Star 123 (Coppock),
2026-08-05 23:00:00,2026-08-06 01:00:00,SELL,4242.26,4276.45,4139.68,4260.89,FLIP,-18.83,S433 AI Gold Star 123 (Coppock),
2026-08-06 01:00:00,2026-08-06 02:00:00,BUY,4260.89,4225.49,4367.09,4247.04,FLIP,-14.05,S433 AI Gold Star 123 (Coppock),
2026-08-06 02:00:00,2026-08-06 06:00:00,SELL,4247.04,4280.06,4147.99,4278.2,FLIP,-31.36,S433 AI Gold Star 123 (Coppock),
2026-08-06 06:00:00,2026-08-06 08:00:00,BUY,4278.2,4245.28,4376.96,4286.63,FLIP,8.23,S433 AI Gold Star 123 (Coppock),
2026-08-06 08:00:00,2026-08-07 06:00:00,SELL,4286.63,4323.87,4174.92,4252.37,FLIP,34.06,S433 AI Gold Star 123 (Coppock),
2026-08-07 06:00:00,2026-08-07 07:00:00,BUY,4252.37,4224.58,4335.75,4232.74,FLIP,-19.83,S433 AI Gold Star 123 (Coppock),
2026-08-07 07:00:00,2026-08-07 08:00:00,SELL,4232.74,4261.55,4146.31,4256.74,FLIP,-24.2,S433 AI Gold Star 123 (Coppock),
2026-08-07 08:00:00,2026-08-07 19:00:00,BUY,4256.74,4225.93,4349.18,4349.18,TP,92.24,S433 AI Gold Star 123 (Coppock),
2026-08-07 23:00:00,2026-08-10 13:00:00,SELL,4329.14,4362.54,4228.95,4358.09,FLIP,-29.15,S433 AI Gold Star 123 (Coppock),
2026-08-10 13:00:00,2026-08-10 17:00:00,BUY,4358.09,4334.15,4429.91,4335.79,FLIP,-22.5,S433 AI Gold Star 123 (Coppock),
2026-08-10 17:00:00,2026-08-10 21:00:00,SELL,4335.79,4357.74,4269.95,4345.42,FLIP,-9.83,S433 AI Gold Star 123 (Coppock),
2026-08-10 21:00:00,2026-08-11 08:00:00,BUY,4345.42,4320.62,4419.81,4419.81,TP,74.19,S433 AI Gold Star 123 (Coppock),
2026-08-11 12:00:00,2026-08-11 23:00:00,SELL,4375.47,4404.45,4288.52,4383.36,FLIP,-8.09,S433 AI Gold Star 123 (Coppock),
2026-08-11 23:00:00,2026-08-12 00:00:00,BUY,4383.36,4357.14,4462.02,4369.23,FLIP,-14.33,S433 AI Gold Star 123 (Coppock),
2026-08-12 00:00:00,2026-08-12 01:00:00,SELL,4369.23,4395.99,4288.94,4371.57,FLIP,-2.54,S433 AI Gold Star 123 (Coppock),
2026-08-12 01:00:00,2026-08-12 21:00:00,BUY,4371.57,4345.3,4450.39,4421.98,FLIP,50.21,S433 AI Gold Star 123 (Coppock),
2026-08-12 21:00:00,2026-08-13 19:00:00,SELL,4421.98,4452.07,4331.7,4401.85,FLIP,19.93,S433 AI Gold Star 123 (Coppock),
2026-08-13 19:00:00,2026-08-13 20:00:00,BUY,4401.85,4375.44,4481.07,4372.68,FLIP,-29.37,S433 AI Gold Star 123 (Coppock),
2026-08-13 20:00:00,2026-08-13 23:00:00,SELL,4372.68,4401.06,4287.53,4367.08,FLIP,5.4,S433 AI Gold Star 123 (Coppock),
2026-08-13 23:00:00,2026-08-14 00:00:00,BUY,4367.08,4339.39,4450.14,4355.96,FLIP,-11.32,S433 AI Gold Star 123 (Coppock),
2026-08-14 00:00:00,2026-08-14 01:00:00,SELL,4355.96,4384.08,4271.61,4356.97,FLIP,-1.21,S433 AI Gold Star 123 (Coppock),
2026-08-14 01:00:00,2026-08-14 02:00:00,BUY,4356.97,4328.82,4441.41,4350.21,FLIP,-6.96,S433 AI Gold Star 123 (Coppock),
2026-08-14 02:00:00,2026-08-14 05:00:00,SELL,4350.21,4377.11,4269.52,4354.83,FLIP,-4.82,S433 AI Gold Star 123 (Coppock),
2026-08-14 05:00:00,2026-08-14 07:00:00,BUY,4354.83,4329.1,4432.01,4341.06,FLIP,-13.97,S433 AI Gold Star 123 (Coppock),
2026-08-14 07:00:00,2026-08-14 12:00:00,SELL,4341.06,4368.93,4257.44,4333.63,FLIP,7.23,S433 AI Gold Star 123 (Coppock),
2026-08-14 12:00:00,2026-08-15 02:00:00,BUY,4333.63,4308.37,4409.41,4376.15,FLIP,42.32,S433 AI Gold Star 123 (Coppock),
2026-08-15 02:00:00,2026-08-17 07:00:00,SELL,4376.15,4397.57,4311.88,4397.57,SL,-21.62,S433 AI Gold Star 123 (Coppock),
2026-08-17 14:00:00,2026-08-17 15:00:00,BUY,4405.26,4384.0,4469.03,4395.03,FLIP,-10.43,S433 AI Gold Star 123 (Coppock),
2026-08-17 15:00:00,2026-08-17 17:00:00,SELL,4395.03,4416.56,4330.44,4398.96,FLIP,-4.13,S433 AI Gold Star 123 (Coppock),
2026-08-17 17:00:00,2026-08-17 18:00:00,BUY,4398.96,4377.16,4464.35,4396.77,FLIP,-2.39,S433 AI Gold Star 123 (Coppock),
2026-08-17 18:00:00,2026-08-17 20:00:00,SELL,4396.77,4418.99,4330.11,4408.75,FLIP,-12.18,S433 AI Gold Star 123 (Coppock),
2026-08-17 20:00:00,2026-08-18 00:00:00,BUY,4408.75,4384.17,4482.49,4413.62,FLIP,4.67,S433 AI Gold Star 123 (Coppock),
2026-08-18 00:00:00,2026-08-18 02:00:00,SELL,4413.62,4436.04,4346.37,4419.84,FLIP,-6.42,S433 AI Gold Star 123 (Coppock),
2026-08-18 02:00:00,2026-08-18 03:00:00,BUY,4419.84,4395.95,4491.52,4416.18,FLIP,-3.86,S433 AI Gold Star 123 (Coppock),
2026-08-18 03:00:00,2026-08-18 06:00:00,SELL,4416.18,4439.52,4346.17,4425.9,FLIP,-9.92,S433 AI Gold Star 123 (Coppock),
2026-08-18 06:00:00,2026-08-18 08:00:00,BUY,4425.9,4403.1,4494.29,4407.98,FLIP,-18.12,S433 AI Gold Star 123 (Coppock),
2026-08-18 08:00:00,2026-08-18 19:00:00,SELL,4407.98,4433.57,4331.22,4394.43,FLIP,13.35,S433 AI Gold Star 123 (Coppock),
2026-08-18 19:00:00,2026-08-18 21:00:00,BUY,4394.43,4375.0,4452.72,4366.63,FLIP,-28.0,S433 AI Gold Star 123 (Coppock),
2026-08-18 21:00:00,2026-08-19 08:00:00,SELL,4366.63,4390.36,4295.43,4356.5,FLIP,9.93,S433 AI Gold Star 123 (Coppock),
2026-08-19 08:00:00,2026-08-19 19:00:00,BUY,4356.5,4329.1,4438.69,4438.69,TP,81.99,S433 AI Gold Star 123 (Coppock),
2026-08-20 07:00:00,2026-08-20 21:00:00,SELL,4504.59,4539.43,4400.07,4515.98,FLIP,-11.59,S433 AI Gold Star 123 (Coppock),
2026-08-20 21:00:00,2026-08-21 12:00:00,BUY,4515.98,4489.07,4596.72,4553.66,FLIP,37.48,S433 AI Gold Star 123 (Coppock),
2026-08-21 12:00:00,2026-08-21 14:00:00,SELL,4553.66,4581.05,4471.49,4564.31,FLIP,-10.85,S433 AI Gold Star 123 (Coppock),
2026-08-21 14:00:00,2026-08-21 19:00:00,BUY,4564.31,4539.2,4639.65,4577.97,FLIP,13.46,S433 AI Gold Star 123 (Coppock),
2026-08-21 19:00:00,2026-08-21 21:00:00,SELL,4577.97,4609.07,4484.68,4591.61,FLIP,-13.84,S433 AI Gold Star 123 (Coppock),
2026-08-21 21:00:00,2026-08-22 02:00:00,BUY,4591.61,4559.03,4689.36,4616.94,FLIP,25.13,S433 AI Gold Star 123 (Coppock),
2026-08-22 02:00:00,2026-08-24 09:00:00,SELL,4616.94,4646.59,4528.0,4646.59,SL,-29.85,S433 AI Gold Star 123 (Coppock),
2026-08-24 18:00:00,2026-08-24 20:00:00,BUY,4657.92,4625.82,4754.23,4664.73,FLIP,6.61,S433 AI Gold Star 123 (Coppock),
2026-08-24 20:00:00,2026-08-24 21:00:00,SELL,4664.73,4697.95,4565.06,4670.35,FLIP,-5.82,S433 AI Gold Star 123 (Coppock),
2026-08-24 21:00:00,2026-08-24 22:00:00,BUY,4670.35,4639.56,4762.71,4649.14,FLIP,-21.41,S433 AI Gold Star 123 (Coppock),
2026-08-24 22:00:00,2026-08-25 05:00:00,SELL,4649.14,4680.99,4553.6,4667.77,FLIP,-18.83,S433 AI Gold Star 123 (Coppock),
2026-08-25 05:00:00,2026-08-25 08:00:00,BUY,4667.77,4637.12,4759.73,4658.11,FLIP,-9.86,S433 AI Gold Star 123 (Coppock),
2026-08-25 08:00:00,2026-08-25 22:00:00,SELL,4658.11,4691.87,4556.84,4652.6,FLIP,5.31,S433 AI Gold Star 123 (Coppock),
2026-08-25 22:00:00,2026-08-26 07:00:00,BUY,4652.6,4620.46,4749.02,4637.37,FLIP,-15.43,S433 AI Gold Star 123 (Coppock),
2026-08-26 07:00:00,2026-08-26 08:00:00,SELL,4637.37,4664.36,4556.4,4657.05,FLIP,-19.88,S433 AI Gold Star 123 (Coppock),
2026-08-26 08:00:00,2026-08-26 10:00:00,BUY,4657.05,4627.76,4744.93,4642.73,FLIP,-14.52,S433 AI Gold Star 123 (Coppock),
2026-08-26 10:00:00,2026-08-27 02:00:00,SELL,4642.73,4672.87,4552.3,4594.31,FLIP,48.22,S433 AI Gold Star 123 (Coppock),
2026-08-27 02:00:00,2026-08-27 15:00:00,BUY,4594.31,4569.13,4669.85,4599.04,FLIP,4.53,S433 AI Gold Star 123 (Coppock),
2026-08-27 15:00:00,2026-08-27 23:00:00,SELL,4599.04,4624.83,4521.68,4614.92,FLIP,-16.08,S433 AI Gold Star 123 (Coppock),
2026-08-27 23:00:00,2026-08-28 07:00:00,BUY,4614.92,4587.56,4697.01,4587.56,SL,-27.56,S433 AI Gold Star 123 (Coppock),
2026-08-28 08:00:00,2026-08-28 13:00:00,SELL,4575.89,4602.06,4497.38,4612.68,FLIP,-36.99,S433 AI Gold Star 123 (Coppock),
2026-08-28 13:00:00,2026-08-28 19:00:00,BUY,4612.68,4589.17,4683.22,4589.17,SL,-23.71,S433 AI Gold Star 123 (Coppock),
2026-08-28 21:00:00,2026-08-28 23:00:00,SELL,4576.62,4611.55,4471.84,4471.84,TP,104.58,S433 AI Gold Star 123 (Coppock),
2026-08-31 11:00:00,2026-09-01 09:00:00,BUY,4424.56,4374.17,4575.73,4443.15,FLIP,18.39,S433 AI Gold Star 123 (Coppock),
2026-09-01 09:00:00,2026-09-01 10:00:00,SELL,4443.15,4468.99,4365.62,4436.72,FLIP,6.23,S433 AI Gold Star 123 (Coppock),
2026-09-01 10:00:00,2026-09-01 11:00:00,BUY,4436.72,4412.29,4510.01,4426.65,FLIP,-10.27,S433 AI Gold Star 123 (Coppock),
2026-09-01 11:00:00,2026-09-01 12:00:00,SELL,4426.65,4448.9,4359.89,4440.13,FLIP,-13.68,S433 AI Gold Star 123 (Coppock),
2026-09-01 12:00:00,2026-09-01 13:00:00,BUY,4440.13,4417.68,4507.49,4429.58,FLIP,-10.75,S433 AI Gold Star 123 (Coppock),
2026-09-01 13:00:00,2026-09-01 19:00:00,SELL,4429.58,4451.99,4362.35,4362.35,TP,67.03,S433 AI Gold Star 123 (Coppock),
2026-09-02 02:00:00,2026-09-02 08:00:00,BUY,4327.12,4293.61,4427.66,4290.94,FLIP,-36.38,S433 AI Gold Star 123 (Coppock),
2026-09-02 08:00:00,2026-09-02 09:00:00,SELL,4290.94,4320.55,4202.12,4302.89,FLIP,-12.15,S433 AI Gold Star 123 (Coppock),
