entry_time,exit_time,direction,entry,sl,tp,exit_price,outcome,profit,pattern,reason
2025-09-02 05:30:00,2025-09-02 06:00:00,SELL,3475.26,3487.2,3427.5,3477.96,FLIP,-2.9,S433 AI Gold Star 123 (Coppock),
2025-09-02 06:00:00,2025-09-02 06:30:00,BUY,3477.96,3465.0,3529.79,3479.27,FLIP,1.11,S433 AI Gold Star 123 (Coppock),
2025-09-02 06:30:00,2025-09-02 07:00:00,SELL,3479.27,3490.9,3432.74,3483.18,FLIP,-4.11,S433 AI Gold Star 123 (Coppock),
2025-09-02 07:00:00,2025-09-02 07:30:00,BUY,3483.18,3471.19,3531.15,3479.21,FLIP,-4.17,S433 AI Gold Star 123 (Coppock),
2025-09-02 07:30:00,2025-09-02 08:00:00,SELL,3479.21,3491.12,3431.57,3497.41,FLIP,-18.4,S433 AI Gold Star 123 (Coppock),
2025-09-02 08:00:00,2025-09-02 12:00:00,BUY,3497.41,3482.31,3557.82,3493.39,FLIP,-4.22,S433 AI Gold Star 123 (Coppock),
2025-09-02 12:00:00,2025-09-02 18:30:00,SELL,3493.39,3516.19,3402.17,3489.78,FLIP,3.41,S433 AI Gold Star 123 (Coppock),
2025-09-02 18:30:00,2025-09-03 03:00:00,BUY,3489.78,3467.04,3580.72,3536.57,FLIP,46.59,S433 AI Gold Star 123 (Coppock),
2025-09-03 03:00:00,2025-09-03 11:30:00,SELL,3536.57,3562.35,3433.46,3536.93,FLIP,-0.56,S433 AI Gold Star 123 (Coppock),
2025-09-03 11:30:00,2025-09-03 12:00:00,BUY,3536.93,3516.96,3616.8,3534.75,FLIP,-2.38,S433 AI Gold Star 123 (Coppock),
2025-09-03 12:00:00,2025-09-03 13:30:00,SELL,3534.75,3555.21,3452.93,3535.39,FLIP,-0.84,S433 AI Gold Star 123 (Coppock),
2025-09-03 13:30:00,2025-09-03 14:00:00,BUY,3535.39,3514.02,3620.87,3531.95,FLIP,-3.64,S433 AI Gold Star 123 (Coppock),
2025-09-03 14:00:00,2025-09-03 15:00:00,SELL,3531.95,3550.81,3456.52,3541.13,FLIP,-9.38,S433 AI Gold Star 123 (Coppock),
2025-09-03 15:00:00,2025-09-04 01:00:00,BUY,3541.13,3523.37,3612.15,3574.63,FLIP,33.3,S433 AI Gold Star 123 (Coppock),
2025-09-04 01:00:00,2025-09-04 13:00:00,SELL,3574.63,3597.07,3484.88,3537.57,FLIP,36.86,S433 AI Gold Star 123 (Coppock),
2025-09-04 13:00:00,2025-09-04 20:30:00,BUY,3537.57,3508.94,3652.08,3547.02,FLIP,9.25,S433 AI Gold Star 123 (Coppock),
2025-09-04 20:30:00,2025-09-04 22:30:00,SELL,3547.02,3570.39,3453.52,3552.83,FLIP,-6.01,S433 AI Gold Star 123 (Coppock),
2025-09-04 22:30:00,2025-09-05 00:00:00,BUY,3552.83,3527.62,3653.67,3549.26,FLIP,-3.77,S433 AI Gold Star 123 (Coppock),
2025-09-05 00:00:00,2025-09-05 06:30:00,SELL,3549.26,3574.34,3448.94,3552.6,FLIP,-3.54,S433 AI Gold Star 123 (Coppock),
2025-09-05 06:30:00,2025-09-05 13:00:00,BUY,3552.6,3537.36,3613.58,3551.4,FLIP,-1.4,S433 AI Gold Star 123 (Coppock),
2025-09-05 13:00:00,2025-09-05 18:30:00,SELL,3551.4,3569.32,3479.71,3553.22,FLIP,-2.02,S433 AI Gold Star 123 (Coppock),
2025-09-05 18:30:00,2025-09-06 01:00:00,BUY,3553.22,3538.12,3613.63,3594.67,FLIP,41.25,S433 AI Gold Star 123 (Coppock),
2025-09-06 01:00:00,2025-09-08 09:30:00,SELL,3594.67,3629.57,3455.08,3590.7,FLIP,3.77,S433 AI Gold Star 123 (Coppock),
2025-09-08 09:30:00,2025-09-08 10:00:00,BUY,3590.7,3571.88,3665.98,3585.05,FLIP,-5.85,S433 AI Gold Star 123 (Coppock),
2025-09-08 10:00:00,2025-09-08 12:30:00,SELL,3585.05,3604.74,3506.3,3591.24,FLIP,-6.39,S433 AI Gold Star 123 (Coppock),
2025-09-08 12:30:00,2025-09-08 19:30:00,BUY,3591.24,3572.67,3665.53,3624.26,FLIP,32.82,S433 AI Gold Star 123 (Coppock),
2025-09-08 19:30:00,2025-09-08 21:30:00,SELL,3624.26,3645.12,3540.8,3640.68,FLIP,-16.62,S433 AI Gold Star 123 (Coppock),
2025-09-08 21:30:00,2025-09-08 22:00:00,BUY,3640.68,3616.81,3736.17,3636.5,FLIP,-4.38,S433 AI Gold Star 123 (Coppock),
2025-09-08 22:00:00,2025-09-08 23:00:00,SELL,3636.5,3660.32,3541.2,3641.31,FLIP,-5.01,S433 AI Gold Star 123 (Coppock),
2025-09-08 23:00:00,2025-09-08 23:30:00,BUY,3641.31,3616.95,3738.75,3640.74,FLIP,-0.77,S433 AI Gold Star 123 (Coppock),
2025-09-08 23:30:00,2025-09-09 07:30:00,SELL,3640.74,3665.22,3542.82,3638.51,FLIP,2.03,S433 AI Gold Star 123 (Coppock),
2025-09-09 07:30:00,2025-09-09 13:00:00,BUY,3638.51,3624.13,3696.05,3638.58,FLIP,-0.13,S433 AI Gold Star 123 (Coppock),
2025-09-09 13:00:00,2025-09-09 20:00:00,SELL,3638.58,3660.87,3549.43,3660.49,FLIP,-22.11,S433 AI Gold Star 123 (Coppock),
2025-09-09 20:00:00,2025-09-09 21:00:00,BUY,3660.49,3638.92,3746.78,3653.21,FLIP,-7.48,S433 AI Gold Star 123 (Coppock),
2025-09-09 21:00:00,2025-09-10 05:30:00,SELL,3653.21,3679.77,3546.95,3635.5,FLIP,17.51,S433 AI Gold Star 123 (Coppock),
2025-09-10 05:30:00,2025-09-10 07:00:00,BUY,3635.5,3615.05,3717.29,3627.49,FLIP,-8.21,S433 AI Gold Star 123 (Coppock),
2025-09-10 07:00:00,2025-09-10 08:30:00,SELL,3627.49,3644.89,3557.87,3630.72,FLIP,-3.43,S433 AI Gold Star 123 (Coppock),
2025-09-10 08:30:00,2025-09-10 16:00:00,BUY,3630.72,3609.2,3716.79,3646.15,FLIP,15.23,S433 AI Gold Star 123 (Coppock),
2025-09-10 16:00:00,2025-09-10 16:30:00,SELL,3646.15,3660.89,3587.2,3655.22,FLIP,-9.27,S433 AI Gold Star 123 (Coppock),
2025-09-10 16:30:00,2025-09-10 18:00:00,BUY,3655.22,3639.72,3717.21,3654.77,FLIP,-0.65,S433 AI Gold Star 123 (Coppock),
2025-09-10 18:00:00,2025-09-11 01:00:00,SELL,3654.77,3670.39,3592.31,3648.68,FLIP,5.89,S433 AI Gold Star 123 (Coppock),
2025-09-11 01:00:00,2025-09-11 02:00:00,BUY,3648.68,3628.39,3729.83,3639.64,FLIP,-9.24,S433 AI Gold Star 123 (Coppock),
2025-09-11 02:00:00,2025-09-11 05:30:00,SELL,3639.64,3660.28,3557.1,3639.8,FLIP,-0.36,S433 AI Gold Star 123 (Coppock),
2025-09-11 05:30:00,2025-09-11 09:00:00,BUY,3639.8,3624.84,3699.64,3638.07,FLIP,-1.93,S433 AI Gold Star 123 (Coppock),
2025-09-11 09:00:00,2025-09-11 15:30:00,SELL,3638.07,3653.22,3577.49,3626.19,FLIP,11.68,S433 AI Gold Star 123 (Coppock),
2025-09-11 15:30:00,2025-09-11 16:00:00,BUY,3626.19,3608.9,3695.36,3617.07,FLIP,-9.32,S433 AI Gold Star 123 (Coppock),
2025-09-11 16:00:00,2025-09-11 17:00:00,SELL,3617.07,3635.64,3542.81,3621.1,FLIP,-4.23,S433 AI Gold Star 123 (Coppock),
2025-09-11 17:00:00,2025-09-11 18:30:00,BUY,3621.1,3602.47,3695.62,3616.81,FLIP,-4.49,S433 AI Gold Star 123 (Coppock),
2025-09-11 18:30:00,2025-09-11 19:00:00,SELL,3616.81,3636.07,3539.75,3624.18,FLIP,-7.57,S433 AI Gold Star 123 (Coppock),
2025-09-11 19:00:00,2025-09-12 01:00:00,BUY,3624.18,3603.27,3707.8,3632.07,FLIP,7.69,S433 AI Gold Star 123 (Coppock),
2025-09-12 01:00:00,2025-09-12 01:30:00,SELL,3632.07,3662.4,3510.74,3632.27,FLIP,-0.4,S433 AI Gold Star 123 (Coppock),
2025-09-12 01:30:00,2025-09-12 02:00:00,BUY,3632.27,3602.55,3751.16,3634.81,FLIP,2.34,S433 AI Gold Star 123 (Coppock),
2025-09-12 02:00:00,2025-09-12 08:00:00,SELL,3634.81,3663.5,3520.06,3642.68,FLIP,-8.07,S433 AI Gold Star 123 (Coppock),
2025-09-12 08:00:00,2025-09-12 13:00:00,BUY,3642.68,3630.26,3692.35,3650.79,FLIP,7.91,S433 AI Gold Star 123 (Coppock),
2025-09-12 13:00:00,2025-09-12 20:00:00,SELL,3650.79,3664.58,3595.65,3648.83,FLIP,1.76,S433 AI Gold Star 123 (Coppock),
2025-09-12 20:00:00,2025-09-13 01:30:00,BUY,3648.83,3631.69,3717.38,3648.43,FLIP,-0.6,S433 AI Gold Star 123 (Coppock),
2025-09-13 01:30:00,2025-09-15 09:00:00,SELL,3648.43,3663.04,3590.01,3643.02,FLIP,5.21,S433 AI Gold Star 123 (Coppock),
2025-09-15 09:00:00,2025-09-15 14:00:00,BUY,3643.02,3628.23,3702.2,3636.35,FLIP,-6.87,S433 AI Gold Star 123 (Coppock),
2025-09-15 14:00:00,2025-09-15 14:30:00,SELL,3636.35,3651.36,3576.31,3643.9,FLIP,-7.75,S433 AI Gold Star 123 (Coppock),
2025-09-15 14:30:00,2025-09-15 16:00:00,BUY,3643.9,3628.57,3705.21,3640.43,FLIP,-3.67,S433 AI Gold Star 123 (Coppock),
2025-09-15 16:00:00,2025-09-15 19:30:00,SELL,3640.43,3653.88,3586.64,3650.37,FLIP,-10.14,S433 AI Gold Star 123 (Coppock),
2025-09-15 19:30:00,2025-09-16 01:30:00,BUY,3650.37,3631.45,3726.06,3676.92,FLIP,26.35,S433 AI Gold Star 123 (Coppock),
2025-09-16 01:30:00,2025-09-16 10:00:00,SELL,3676.92,3699.57,3586.3,3681.76,FLIP,-5.04,S433 AI Gold Star 123 (Coppock),
2025-09-16 10:00:00,2025-09-16 10:30:00,BUY,3681.76,3667.89,3737.26,3681.06,FLIP,-0.9,S433 AI Gold Star 123 (Coppock),
2025-09-16 10:30:00,2025-09-16 11:00:00,SELL,3681.06,3694.73,3626.39,3682.06,FLIP,-1.2,S433 AI Gold Star 123 (Coppock),
2025-09-16 11:00:00,2025-09-16 12:30:00,BUY,3682.06,3668.38,3736.8,3682.72,FLIP,0.46,S433 AI Gold Star 123 (Coppock),
2025-09-16 12:30:00,2025-09-16 13:00:00,SELL,3682.72,3696.99,3625.65,3685.25,FLIP,-2.73,S433 AI Gold Star 123 (Coppock),
2025-09-16 13:00:00,2025-09-16 14:30:00,BUY,3685.25,3670.4,3744.66,3686.46,FLIP,1.01,S433 AI Gold Star 123 (Coppock),
2025-09-16 14:30:00,2025-09-16 15:00:00,SELL,3686.46,3702.53,3622.17,3694.61,FLIP,-8.35,S433 AI Gold Star 123 (Coppock),
2025-09-16 15:00:00,2025-09-16 17:30:00,BUY,3694.61,3678.83,3757.75,3693.19,FLIP,-1.62,S433 AI Gold Star 123 (Coppock),
2025-09-16 17:30:00,2025-09-17 01:00:00,SELL,3693.19,3708.67,3631.29,3688.92,FLIP,4.07,S433 AI Gold Star 123 (Coppock),
2025-09-17 01:00:00,2025-09-17 07:30:00,BUY,3688.92,3668.75,3769.61,3691.26,FLIP,2.14,S433 AI Gold Star 123 (Coppock),
2025-09-17 07:30:00,2025-09-17 16:00:00,SELL,3691.26,3699.99,3656.32,3668.64,FLIP,22.42,S433 AI Gold Star 123 (Coppock),
2025-09-17 16:00:00,2025-09-17 17:30:00,BUY,3668.64,3652.78,3732.08,3661.52,FLIP,-7.32,S433 AI Gold Star 123 (Coppock),
2025-09-17 17:30:00,2025-09-17 18:00:00,SELL,3661.52,3678.16,3594.98,3667.96,FLIP,-6.64,S433 AI Gold Star 123 (Coppock),
2025-09-17 18:00:00,2025-09-18 01:00:00,BUY,3667.96,3649.92,3740.12,3682.34,FLIP,14.18,S433 AI Gold Star 123 (Coppock),
2025-09-18 01:00:00,2025-09-18 07:30:00,SELL,3682.34,3709.69,3572.95,3665.23,FLIP,16.91,S433 AI Gold Star 123 (Coppock),
2025-09-18 07:30:00,2025-09-18 11:30:00,BUY,3665.23,3625.53,3824.05,3653.65,FLIP,-11.78,S433 AI Gold Star 123 (Coppock),
2025-09-18 11:30:00,2025-09-18 12:00:00,SELL,3653.65,3674.34,3570.88,3657.99,FLIP,-4.54,S433 AI Gold Star 123 (Coppock),
2025-09-18 12:00:00,2025-09-18 12:30:00,BUY,3657.99,3637.96,3738.09,3651.59,FLIP,-6.6,S433 AI Gold Star 123 (Coppock),
2025-09-18 12:30:00,2025-09-18 14:30:00,SELL,3651.59,3672.98,3566.03,3658.89,FLIP,-7.5,S433 AI Gold Star 123 (Coppock),
2025-09-18 14:30:00,2025-09-18 20:00:00,BUY,3658.89,3633.35,3761.04,3653.8,FLIP,-5.29,S433 AI Gold Star 123 (Coppock),
2025-09-18 20:00:00,2025-09-19 01:30:00,SELL,3653.8,3676.74,3562.06,3641.42,FLIP,12.18,S433 AI Gold Star 123 (Coppock),
2025-09-19 01:30:00,2025-09-19 07:30:00,BUY,3641.42,3619.01,3731.04,3640.07,FLIP,-1.55,S433 AI Gold Star 123 (Coppock),
2025-09-19 07:30:00,2025-09-19 08:00:00,SELL,3640.07,3649.81,3601.13,3647.58,FLIP,-7.71,S433 AI Gold Star 123 (Coppock),
2025-09-19 08:00:00,2025-09-19 08:30:00,BUY,3647.58,3636.09,3693.55,3639.86,FLIP,-7.92,S433 AI Gold Star 123 (Coppock),
2025-09-19 08:30:00,2025-09-19 09:00:00,SELL,3639.86,3654.36,3581.86,3645.72,FLIP,-6.06,S433 AI Gold Star 123 (Coppock),
2025-09-19 09:00:00,2025-09-19 13:30:00,BUY,3645.72,3630.1,3708.18,3646.92,FLIP,1.0,S433 AI Gold Star 123 (Coppock),
2025-09-19 13:30:00,2025-09-19 14:00:00,SELL,3646.92,3668.93,3558.88,3652.93,FLIP,-6.21,S433 AI Gold Star 123 (Coppock),
2025-09-19 14:00:00,2025-09-19 14:30:00,BUY,3652.93,3630.17,3743.98,3654.01,FLIP,0.88,S433 AI Gold Star 123 (Coppock),
2025-09-19 14:30:00,2025-09-19 20:00:00,SELL,3654.01,3677.08,3561.74,3655.88,FLIP,-2.07,S433 AI Gold Star 123 (Coppock),
2025-09-19 20:00:00,2025-09-20 03:00:00,BUY,3655.88,3638.98,3723.48,3683.18,FLIP,27.1,S433 AI Gold Star 123 (Coppock),
2025-09-20 03:00:00,2025-09-22 05:00:00,SELL,3683.18,3700.14,3615.32,3691.33,FLIP,-8.35,S433 AI Gold Star 123 (Coppock),
2025-09-22 05:00:00,2025-09-22 05:30:00,BUY,3691.33,3675.98,3752.74,3688.44,FLIP,-3.09,S433 AI Gold Star 123 (Coppock),
2025-09-22 05:30:00,2025-09-22 12:30:00,SELL,3688.44,3703.1,3629.8,3697.09,FLIP,-8.85,S433 AI Gold Star 123 (Coppock),
2025-09-22 12:30:00,2025-09-22 18:30:00,BUY,3697.09,3680.92,3761.75,3724.66,FLIP,27.37,S433 AI Gold Star 123 (Coppock),
2025-09-22 18:30:00,2025-09-22 23:30:00,SELL,3724.66,3744.15,3646.7,3737.1,FLIP,-12.64,S433 AI Gold Star 123 (Coppock),
2025-09-22 23:30:00,2025-09-23 05:00:00,BUY,3737.1,3716.1,3821.08,3743.3,FLIP,6.0,S433 AI Gold Star 123 (Coppock),
2025-09-23 05:00:00,2025-09-23 08:30:00,SELL,3743.3,3758.36,3683.04,3758.36,SL,-15.26,S433 AI Gold Star 123 (Coppock),
2025-09-23 12:00:00,2025-09-23 19:30:00,BUY,3750.07,3728.45,3836.54,3784.28,FLIP,34.01,S433 AI Gold Star 123 (Coppock),
2025-09-23 19:30:00,2025-09-24 05:30:00,SELL,3784.28,3808.52,3687.3,3765.43,FLIP,18.65,S433 AI Gold Star 123 (Coppock),
2025-09-24 05:30:00,2025-09-24 06:30:00,BUY,3765.43,3739.43,3869.44,3763.86,FLIP,-1.77,S433 AI Gold Star 123 (Coppock),
2025-09-24 06:30:00,2025-09-24 07:00:00,SELL,3763.86,3789.54,3661.13,3763.72,FLIP,-0.06,S433 AI Gold Star 123 (Coppock),
2025-09-24 07:00:00,2025-09-24 09:00:00,BUY,3763.72,3738.11,3866.16,3752.79,FLIP,-11.13,S433 AI Gold Star 123 (Coppock),
2025-09-24 09:00:00,2025-09-24 09:30:00,SELL,3752.79,3776.75,3656.95,3757.01,FLIP,-4.42,S433 AI Gold Star 123 (Coppock),
2025-09-24 09:30:00,2025-09-24 16:00:00,BUY,3757.01,3736.54,3838.88,3767.74,FLIP,10.53,S433 AI Gold Star 123 (Coppock),
2025-09-24 16:00:00,2025-09-25 03:00:00,SELL,3767.74,3785.52,3696.61,3731.92,FLIP,35.62,S433 AI Gold Star 123 (Coppock),
2025-09-25 03:00:00,2025-09-25 10:30:00,BUY,3731.92,3707.54,3829.45,3736.62,FLIP,4.5,S433 AI Gold Star 123 (Coppock),
2025-09-25 10:30:00,2025-09-25 14:00:00,SELL,3736.62,3756.13,3658.59,3744.91,FLIP,-8.49,S433 AI Gold Star 123 (Coppock),
2025-09-25 14:00:00,2025-09-25 18:30:00,BUY,3744.91,3724.67,3825.86,3752.96,FLIP,7.85,S433 AI Gold Star 123 (Coppock),
2025-09-25 18:30:00,2025-09-25 19:00:00,SELL,3752.96,3776.26,3659.77,3754.29,FLIP,-1.53,S433 AI Gold Star 123 (Coppock),
2025-09-25 19:00:00,2025-09-25 19:30:00,BUY,3754.29,3730.6,3849.06,3738.7,FLIP,-15.79,S433 AI Gold Star 123 (Coppock),
2025-09-25 19:30:00,2025-09-26 00:30:00,SELL,3738.7,3766.23,3628.57,3741.77,FLIP,-3.27,S433 AI Gold Star 123 (Coppock),
2025-09-26 00:30:00,2025-09-26 06:30:00,BUY,3741.77,3708.52,3874.76,3744.68,FLIP,2.71,S433 AI Gold Star 123 (Coppock),
2025-09-26 06:30:00,2025-09-26 11:30:00,SELL,3744.68,3765.95,3659.62,3747.61,FLIP,-3.13,S433 AI Gold Star 123 (Coppock),
2025-09-26 11:30:00,2025-09-26 17:00:00,BUY,3747.61,3728.61,3823.6,3749.68,FLIP,1.87,S433 AI Gold Star 123 (Coppock),
2025-09-26 17:00:00,2025-09-26 18:00:00,SELL,3749.68,3767.15,3679.81,3751.05,FLIP,-1.57,S433 AI Gold Star 123 (Coppock),
2025-09-26 18:00:00,2025-09-26 18:30:00,BUY,3751.05,3731.99,3827.28,3748.61,FLIP,-2.64,S433 AI Gold Star 123 (Coppock),
2025-09-26 18:30:00,2025-09-26 19:30:00,SELL,3748.61,3767.99,3671.11,3752.09,FLIP,-3.68,S433 AI Gold Star 123 (Coppock),
2025-09-26 19:30:00,2025-09-27 01:30:00,BUY,3752.09,3731.7,3833.65,3778.51,FLIP,26.22,S433 AI Gold Star 123 (Coppock),
2025-09-27 01:30:00,2025-09-29 07:30:00,SELL,3778.51,3804.5,3674.56,3787.08,FLIP,-8.77,S433 AI Gold Star 123 (Coppock),
2025-09-29 07:30:00,2025-09-29 08:00:00,BUY,3787.08,3766.28,3870.27,3772.8,FLIP,-14.48,S433 AI Gold Star 123 (Coppock),
2025-09-29 08:00:00,2025-09-29 08:30:00,SELL,3772.8,3796.77,3676.94,3778.7,FLIP,-6.1,S433 AI Gold Star 123 (Coppock),
2025-09-29 08:30:00,2025-09-29 14:30:00,BUY,3778.7,3753.72,3878.63,3806.3,FLIP,27.4,S433 AI Gold Star 123 (Coppock),
2025-09-29 14:30:00,2025-09-29 21:30:00,SELL,3806.3,3837.41,3681.87,3828.24,FLIP,-22.14,S433 AI Gold Star 123 (Coppock),
2025-09-29 21:30:00,2025-09-30 00:00:00,BUY,3828.24,3801.07,3936.91,3826.37,FLIP,-2.07,S433 AI Gold Star 123 (Coppock),
2025-09-30 00:00:00,2025-09-30 00:30:00,SELL,3826.37,3852.84,3720.5,3828.94,FLIP,-2.77,S433 AI Gold Star 123 (Coppock),
2025-09-30 00:30:00,2025-09-30 01:00:00,BUY,3828.94,3802.03,3936.56,3829.71,FLIP,0.57,S433 AI Gold Star 123 (Coppock),
2025-09-30 01:00:00,2025-09-30 07:00:00,SELL,3829.71,3856.45,3722.74,3838.62,FLIP,-9.11,S433 AI Gold Star 123 (Coppock),
2025-09-30 07:00:00,2025-09-30 13:30:00,BUY,3838.62,3821.2,3908.31,3855.96,FLIP,17.14,S433 AI Gold Star 123 (Coppock),
2025-09-30 13:30:00,2025-09-30 19:30:00,SELL,3855.96,3881.26,3754.75,3819.34,FLIP,36.42,S433 AI Gold Star 123 (Coppock),
2025-09-30 19:30:00,2025-10-01 02:30:00,BUY,3819.34,3778.02,3984.62,3859.05,FLIP,39.51,S433 AI Gold Star 123 (Coppock),
2025-10-01 02:30:00,2025-10-01 08:30:00,SELL,3859.05,3891.19,3730.49,3868.91,FLIP,-10.06,S433 AI Gold Star 123 (Coppock),
2025-10-01 08:30:00,2025-10-01 09:00:00,BUY,3868.91,3851.72,3937.65,3866.17,FLIP,-2.94,S433 AI Gold Star 123 (Coppock),
2025-10-01 09:00:00,2025-10-01 14:00:00,SELL,3866.17,3884.22,3793.97,3870.72,FLIP,-4.75,S433 AI Gold Star 123 (Coppock),
2025-10-01 14:00:00,2025-10-01 19:00:00,BUY,3870.72,3847.57,3963.32,3877.81,FLIP,6.89,S433 AI Gold Star 123 (Coppock),
2025-10-01 19:00:00,2025-10-02 01:00:00,SELL,3877.81,3904.4,3771.45,3862.99,FLIP,14.62,S433 AI Gold Star 123 (Coppock),
2025-10-02 01:00:00,2025-10-02 07:30:00,BUY,3862.99,3829.99,3994.97,3856.09,FLIP,-7.1,S433 AI Gold Star 123 (Coppock),
2025-10-02 07:30:00,2025-10-02 08:00:00,SELL,3856.09,3875.86,3777.03,3863.79,FLIP,-7.9,S433 AI Gold Star 123 (Coppock),
2025-10-02 08:00:00,2025-10-02 13:30:00,BUY,3863.79,3842.17,3950.28,3864.15,FLIP,0.16,S433 AI Gold Star 123 (Coppock),
2025-10-02 13:30:00,2025-10-02 14:30:00,SELL,3864.15,3882.23,3791.83,3868.55,FLIP,-4.6,S433 AI Gold Star 123 (Coppock),
2025-10-02 14:30:00,2025-10-02 15:00:00,BUY,3868.55,3849.06,3946.51,3869.18,FLIP,0.43,S433 AI Gold Star 123 (Coppock),
2025-10-02 15:00:00,2025-10-02 15:30:00,SELL,3869.18,3887.36,3796.47,3874.52,FLIP,-5.54,S433 AI Gold Star 123 (Coppock),
2025-10-02 15:30:00,2025-10-02 20:30:00,BUY,3874.52,3854.83,3953.27,3875.2,FLIP,0.48,S433 AI Gold Star 123 (Coppock),
2025-10-02 20:30:00,2025-10-03 02:00:00,SELL,3875.2,3900.67,3773.32,3857.08,FLIP,17.92,S433 AI Gold Star 123 (Coppock),
2025-10-03 02:00:00,2025-10-03 08:00:00,BUY,3857.08,3816.68,4018.68,3851.58,FLIP,-5.7,S433 AI Gold Star 123 (Coppock),
2025-10-03 08:00:00,2025-10-03 08:30:00,SELL,3851.58,3867.72,3787.01,3858.53,FLIP,-7.15,S433 AI Gold Star 123 (Coppock),
2025-10-03 08:30:00,2025-10-03 09:00:00,BUY,3858.53,3841.04,3928.5,3855.15,FLIP,-3.58,S433 AI Gold Star 123 (Coppock),
2025-10-03 09:00:00,2025-10-03 12:30:00,SELL,3855.15,3872.84,3784.38,3855.14,FLIP,-0.19,S433 AI Gold Star 123 (Coppock),
2025-10-03 12:30:00,2025-10-03 18:00:00,BUY,3855.14,3834.49,3937.75,3858.89,FLIP,3.55,S433 AI Gold Star 123 (Coppock),
2025-10-03 18:00:00,2025-10-03 19:30:00,SELL,3858.89,3877.95,3782.66,3873.84,FLIP,-15.15,S433 AI Gold Star 123 (Coppock),
2025-10-03 19:30:00,2025-10-04 00:30:00,BUY,3873.84,3853.43,3955.48,3881.93,FLIP,7.89,S433 AI Gold Star 123 (Coppock),
2025-10-04 00:30:00,2025-10-06 05:30:00,SELL,3881.93,3913.16,3757.0,3900.56,FLIP,-18.83,S433 AI Gold Star 123 (Coppock),
2025-10-06 05:30:00,2025-10-06 12:30:00,BUY,3900.56,3878.94,3987.04,3932.67,FLIP,31.91,S433 AI Gold Star 123 (Coppock),
2025-10-06 12:30:00,2025-10-06 21:00:00,SELL,3932.67,3960.99,3819.41,3948.18,FLIP,-15.71,S433 AI Gold Star 123 (Coppock),
2025-10-06 21:00:00,2025-10-07 03:00:00,BUY,3948.18,3917.16,4072.26,3959.7,FLIP,11.32,S433 AI Gold Star 123 (Coppock),
2025-10-07 03:00:00,2025-10-07 05:00:00,SELL,3959.7,3988.53,3844.36,3973.15,FLIP,-13.65,S433 AI Gold Star 123 (Coppock),
2025-10-07 05:00:00,2025-10-07 05:30:00,BUY,3973.15,3946.27,4080.66,3963.38,FLIP,-9.97,S433 AI Gold Star 123 (Coppock),
2025-10-07 05:30:00,2025-10-07 07:00:00,SELL,3963.38,3990.75,3853.91,3974.0,FLIP,-10.82,S433 AI Gold Star 123 (Coppock),
2025-10-07 07:00:00,2025-10-07 07:30:00,BUY,3974.0,3952.18,4061.27,3962.72,FLIP,-11.48,S433 AI Gold Star 123 (Coppock),
2025-10-07 07:30:00,2025-10-07 11:00:00,SELL,3962.72,3987.0,3865.61,3973.57,FLIP,-11.05,S433 AI Gold Star 123 (Coppock),
2025-10-07 11:00:00,2025-10-07 12:00:00,BUY,3973.57,3947.09,4079.5,3963.56,FLIP,-10.21,S433 AI Gold Star 123 (Coppock),
2025-10-07 12:00:00,2025-10-07 17:30:00,SELL,3963.56,3989.99,3857.82,3960.09,FLIP,3.27,S433 AI Gold Star 123 (Coppock),
2025-10-07 17:30:00,2025-10-07 18:00:00,BUY,3960.09,3934.07,4064.17,3957.65,FLIP,-2.64,S433 AI Gold Star 123 (Coppock),
2025-10-07 18:00:00,2025-10-07 18:30:00,SELL,3957.65,3983.94,3852.48,3966.99,FLIP,-9.54,S433 AI Gold Star 123 (Coppock),
2025-10-07 18:30:00,2025-10-07 22:30:00,BUY,3966.99,3938.77,4079.88,3966.1,FLIP,-1.09,S433 AI Gold Star 123 (Coppock),
2025-10-07 22:30:00,2025-10-07 23:30:00,SELL,3966.1,3998.26,3837.46,3976.65,FLIP,-10.75,S433 AI Gold Star 123 (Coppock),
2025-10-07 23:30:00,2025-10-08 00:00:00,BUY,3976.65,3943.56,4109.0,3980.73,FLIP,3.88,S433 AI Gold Star 123 (Coppock),
2025-10-08 00:00:00,2025-10-08 05:00:00,SELL,3980.73,4014.46,3845.8,3990.54,FLIP,-10.01,S433 AI Gold Star 123 (Coppock),
2025-10-08 05:00:00,2025-10-08 06:00:00,BUY,3990.54,3964.45,4094.9,3988.94,FLIP,-1.8,S433 AI Gold Star 123 (Coppock),
2025-10-08 06:00:00,2025-10-08 06:30:00,SELL,3988.94,4012.09,3896.36,3994.34,FLIP,-5.6,S433 AI Gold Star 123 (Coppock),
2025-10-08 06:30:00,2025-10-08 15:00:00,BUY,3994.34,3974.63,4073.19,4038.17,FLIP,43.63,S433 AI Gold Star 123 (Coppock),
2025-10-08 15:00:00,2025-10-08 21:30:00,SELL,4038.17,4063.51,3936.8,4048.21,FLIP,-10.24,S433 AI Gold Star 123 (Coppock),
2025-10-08 21:30:00,2025-10-08 22:00:00,BUY,4048.21,4019.67,4162.37,4044.42,FLIP,-3.99,S433 AI Gold Star 123 (Coppock),
2025-10-08 22:00:00,2025-10-08 23:00:00,SELL,4044.42,4074.31,3924.85,4055.61,FLIP,-11.39,S433 AI Gold Star 123 (Coppock),
2025-10-08 23:00:00,2025-10-09 02:00:00,BUY,4055.61,4024.19,4181.3,4044.86,FLIP,-10.95,S433 AI Gold Star 123 (Coppock),
2025-10-09 02:00:00,2025-10-09 10:00:00,SELL,4044.86,4078.29,3911.15,4024.37,FLIP,20.29,S433 AI Gold Star 123 (Coppock),
2025-10-09 10:00:00,2025-10-09 16:30:00,BUY,4024.37,3981.64,4195.28,4037.44,FLIP,12.87,S433 AI Gold Star 123 (Coppock),
2025-10-09 16:30:00,2025-10-09 19:30:00,SELL,4037.44,4060.16,3946.57,4053.74,FLIP,-16.5,S433 AI Gold Star 123 (Coppock),
2025-10-09 19:30:00,2025-10-09 20:30:00,BUY,4053.74,4029.09,4152.35,4019.14,FLIP,-34.8,S433 AI Gold Star 123 (Coppock),
2025-10-09 20:30:00,2025-10-10 02:00:00,SELL,4019.14,4049.15,3899.1,3978.02,FLIP,40.92,S433 AI Gold Star 123 (Coppock),
2025-10-10 02:00:00,2025-10-10 02:30:00,BUY,3978.02,3915.33,4228.77,3972.98,FLIP,-5.24,S433 AI Gold Star 123 (Coppock),
2025-10-10 02:30:00,2025-10-10 03:30:00,SELL,3972.98,4034.91,3725.26,3976.35,FLIP,-3.57,S433 AI Gold Star 123 (Coppock),
2025-10-10 03:30:00,2025-10-10 10:00:00,BUY,3976.35,3922.44,4192.01,3970.32,FLIP,-6.23,S433 AI Gold Star 123 (Coppock),
2025-10-10 10:00:00,2025-10-10 15:00:00,SELL,3970.32,4003.33,3838.29,3986.69,FLIP,-16.57,S433 AI Gold Star 123 (Coppock),
2025-10-10 15:00:00,2025-10-10 19:30:00,BUY,3986.69,3947.09,4145.07,3985.66,FLIP,-1.23,S433 AI Gold Star 123 (Coppock),
2025-10-10 19:30:00,2025-10-10 22:00:00,SELL,3985.66,4019.99,3848.32,4016.91,FLIP,-31.45,S433 AI Gold Star 123 (Coppock),
2025-10-10 22:00:00,2025-10-10 22:30:00,BUY,4016.91,3976.14,4179.97,3997.93,FLIP,-19.18,S433 AI Gold Star 123 (Coppock),
2025-10-10 22:30:00,2025-10-11 01:00:00,SELL,3997.93,4042.77,3818.56,4004.01,FLIP,-6.28,S433 AI Gold Star 123 (Coppock),
2025-10-11 01:00:00,2025-10-13 09:00:00,BUY,4004.01,3950.19,4219.28,4046.24,FLIP,42.03,S433 AI Gold Star 123 (Coppock),
2025-10-13 09:00:00,2025-10-13 15:00:00,SELL,4046.24,4095.73,3848.27,4073.45,FLIP,-27.41,S433 AI Gold Star 123 (Coppock),
2025-10-13 15:00:00,2025-10-13 15:30:00,BUY,4073.45,4043.54,4193.07,4077.88,FLIP,4.23,S433 AI Gold Star 123 (Coppock),
2025-10-13 15:30:00,2025-10-13 20:00:00,SELL,4077.88,4107.05,3961.19,4091.2,FLIP,-13.52,S433 AI Gold Star 123 (Coppock),
2025-10-13 20:00:00,2025-10-13 21:00:00,BUY,4091.2,4063.58,4201.67,4094.71,FLIP,3.31,S433 AI Gold Star 123 (Coppock),
2025-10-13 21:00:00,2025-10-13 21:30:00,SELL,4094.71,4123.15,3980.96,4097.55,FLIP,-3.04,S433 AI Gold Star 123 (Coppock),
2025-10-13 21:30:00,2025-10-13 22:00:00,BUY,4097.55,4069.16,4211.1,4093.36,FLIP,-4.39,S433 AI Gold Star 123 (Coppock),
2025-10-13 22:00:00,2025-10-13 22:30:00,SELL,4093.36,4122.19,3978.03,4104.91,FLIP,-11.75,S433 AI Gold Star 123 (Coppock),
2025-10-13 22:30:00,2025-10-14 00:30:00,BUY,4104.91,4075.1,4224.16,4103.89,FLIP,-1.22,S433 AI Gold Star 123 (Coppock),
2025-10-14 00:30:00,2025-10-14 06:30:00,SELL,4103.89,4136.31,3974.2,4128.07,FLIP,-24.38,S433 AI Gold Star 123 (Coppock),
2025-10-14 06:30:00,2025-10-14 12:30:00,BUY,4128.07,4099.52,4242.28,4121.69,FLIP,-6.58,S433 AI Gold Star 123 (Coppock),
2025-10-14 12:30:00,2025-10-14 18:00:00,SELL,4121.69,4169.98,3928.54,4132.14,FLIP,-10.65,S433 AI Gold Star 123 (Coppock),
2025-10-14 18:00:00,2025-10-14 19:00:00,BUY,4132.14,4066.51,4394.66,4118.7,FLIP,-13.64,S433 AI Gold Star 123 (Coppock),
2025-10-14 19:00:00,2025-10-14 19:30:00,SELL,4118.7,4183.58,3859.2,4106.7,FLIP,11.8,S433 AI Gold Star 123 (Coppock),
2025-10-14 19:30:00,2025-10-15 03:30:00,BUY,4106.7,4053.03,4321.36,4143.64,FLIP,36.74,S433 AI Gold Star 123 (Coppock),
2025-10-15 03:30:00,2025-10-15 05:30:00,SELL,4143.64,4178.83,4002.9,4158.42,FLIP,-14.98,S433 AI Gold Star 123 (Coppock),
2025-10-15 05:30:00,2025-10-15 06:30:00,BUY,4158.42,4121.64,4305.54,4161.6,FLIP,2.98,S433 AI Gold Star 123 (Coppock),
2025-10-15 06:30:00,2025-10-15 08:00:00,SELL,4161.6,4195.74,4025.02,4185.41,FLIP,-24.01,S433 AI Gold Star 123 (Coppock),
2025-10-15 08:00:00,2025-10-15 11:00:00,BUY,4185.41,4151.72,4320.15,4176.4,FLIP,-9.21,S433 AI Gold Star 123 (Coppock),
2025-10-15 11:00:00,2025-10-15 12:00:00,SELL,4176.4,4213.03,4029.89,4192.69,FLIP,-16.49,S433 AI Gold Star 123 (Coppock),
2025-10-15 12:00:00,2025-10-15 12:30:00,BUY,4192.69,4157.03,4335.34,4185.96,FLIP,-6.93,S433 AI Gold Star 123 (Coppock),
2025-10-15 12:30:00,2025-10-15 14:30:00,SELL,4185.96,4221.11,4045.35,4207.72,FLIP,-21.96,S433 AI Gold Star 123 (Coppock),
2025-10-15 14:30:00,2025-10-15 15:00:00,BUY,4207.72,4173.52,4344.5,4210.81,FLIP,2.89,S433 AI Gold Star 123 (Coppock),
2025-10-15 15:00:00,2025-10-15 23:00:00,SELL,4210.81,4242.1,4085.67,4197.17,FLIP,13.44,S433 AI Gold Star 123 (Coppock),
2025-10-15 23:00:00,2025-10-16 00:00:00,BUY,4197.17,4153.87,4370.36,4188.59,FLIP,-8.78,S433 AI Gold Star 123 (Coppock),
2025-10-16 00:00:00,2025-10-16 00:30:00,SELL,4188.59,4232.81,4011.73,4197.71,FLIP,-9.32,S433 AI Gold Star 123 (Coppock),
2025-10-16 00:30:00,2025-10-16 07:30:00,BUY,4197.71,4153.68,4373.82,4210.57,FLIP,12.66,S433 AI Gold Star 123 (Coppock),
2025-10-16 07:30:00,2025-10-16 08:00:00,SELL,4210.57,4241.24,4087.88,4224.65,FLIP,-14.28,S433 AI Gold Star 123 (Coppock),
2025-10-16 08:00:00,2025-10-16 10:30:00,BUY,4224.65,4193.94,4347.48,4233.87,FLIP,9.02,S433 AI Gold Star 123 (Coppock),
2025-10-16 10:30:00,2025-10-16 11:00:00,SELL,4233.87,4264.29,4112.21,4238.17,FLIP,-4.5,S433 AI Gold Star 123 (Coppock),
2025-10-16 11:00:00,2025-10-16 11:30:00,BUY,4238.17,4207.33,4361.51,4233.33,FLIP,-5.04,S433 AI Gold Star 123 (Coppock),
2025-10-16 11:30:00,2025-10-16 17:00:00,SELL,4233.33,4265.65,4104.03,4237.78,FLIP,-4.65,S433 AI Gold Star 123 (Coppock),
2025-10-16 17:00:00,2025-10-17 07:00:00,BUY,4237.78,4202.2,4380.09,4357.87,FLIP,119.89,S433 AI Gold Star 123 (Coppock),
2025-10-17 07:00:00,2025-10-17 07:30:00,SELL,4357.87,4419.94,4109.58,4358.58,FLIP,-0.91,S433 AI Gold Star 123 (Coppock),
2025-10-17 07:30:00,2025-10-17 08:00:00,BUY,4358.58,4299.13,4596.38,4333.85,FLIP,-24.93,S433 AI Gold Star 123 (Coppock),
2025-10-17 08:00:00,2025-10-17 15:30:00,SELL,4333.85,4398.26,4076.2,4347.78,FLIP,-14.13,S433 AI Gold Star 123 (Coppock),
2025-10-17 15:30:00,2025-10-17 16:00:00,BUY,4347.78,4281.64,4612.32,4335.2,FLIP,-12.78,S433 AI Gold Star 123 (Coppock),
2025-10-17 16:00:00,2025-10-18 01:00:00,SELL,4335.2,4399.86,4076.55,4244.52,FLIP,90.48,S433 AI Gold Star 123 (Coppock),
2025-10-18 01:00:00,2025-10-20 09:30:00,BUY,4244.52,4147.56,4632.38,4255.67,FLIP,10.95,S433 AI Gold Star 123 (Coppock),
2025-10-20 09:30:00,2025-10-20 14:00:00,SELL,4255.67,4313.77,4023.27,4253.84,FLIP,1.63,S433 AI Gold Star 123 (Coppock),
2025-10-20 14:00:00,2025-10-20 14:30:00,BUY,4253.84,4200.74,4466.22,4255.13,FLIP,1.09,S433 AI Gold Star 123 (Coppock),
2025-10-20 14:30:00,2025-10-20 16:30:00,SELL,4255.13,4303.82,4060.37,4260.77,FLIP,-5.84,S433 AI Gold Star 123 (Coppock),
2025-10-20 16:30:00,2025-10-20 17:00:00,BUY,4260.77,4218.4,4430.24,4255.92,FLIP,-5.05,S433 AI Gold Star 123 (Coppock),
2025-10-20 17:00:00,2025-10-20 18:00:00,SELL,4255.92,4299.32,4082.34,4262.77,FLIP,-7.05,S433 AI Gold Star 123 (Coppock),
2025-10-20 18:00:00,2025-10-21 00:00:00,BUY,4262.77,4219.78,4434.71,4342.01,FLIP,79.04,S433 AI Gold Star 123 (Coppock),
2025-10-21 00:00:00,2025-10-21 13:30:00,SELL,4342.01,4395.62,4127.59,4343.21,FLIP,-1.4,S433 AI Gold Star 123 (Coppock),
2025-10-21 13:30:00,2025-10-21 14:00:00,BUY,4343.21,4302.61,4505.62,4324.79,FLIP,-18.62,S433 AI Gold Star 123 (Coppock),
2025-10-21 14:00:00,2025-10-21 21:00:00,SELL,4324.79,4366.81,4156.73,4156.73,TP,167.86,S433 AI Gold Star 123 (Coppock),
2025-10-22 00:30:00,2025-10-22 07:00:00,BUY,4111.25,4011.86,4508.8,4048.88,FLIP,-62.57,S433 AI Gold Star 123 (Coppock),
2025-10-22 07:00:00,2025-10-22 07:30:00,SELL,4048.88,4119.54,3766.25,4074.95,FLIP,-26.27,S433 AI Gold Star 123 (Coppock),
2025-10-22 07:30:00,2025-10-22 15:00:00,BUY,4074.95,3998.93,4379.01,4103.26,FLIP,28.11,S433 AI Gold Star 123 (Coppock),
2025-10-22 15:00:00,2025-10-22 20:30:00,SELL,4103.26,4177.1,3807.91,4075.96,FLIP,27.1,S433 AI Gold Star 123 (Coppock),
2025-10-22 20:30:00,2025-10-22 21:30:00,BUY,4075.96,3973.2,4487.0,4015.35,FLIP,-60.81,S433 AI Gold Star 123 (Coppock),
2025-10-22 21:30:00,2025-10-22 22:00:00,SELL,4015.35,4125.43,3575.04,4029.84,FLIP,-14.69,S433 AI Gold Star 123 (Coppock),
2025-10-22 22:00:00,2025-10-23 06:00:00,BUY,4029.84,3929.68,4430.48,4086.25,FLIP,56.21,S433 AI Gold Star 123 (Coppock),
2025-10-23 06:00:00,2025-10-23 12:30:00,SELL,4086.25,4141.72,3864.36,4110.25,FLIP,-24.2,S433 AI Gold Star 123 (Coppock),
2025-10-23 12:30:00,2025-10-23 17:00:00,BUY,4110.25,4062.37,4301.77,4110.11,FLIP,-0.34,S433 AI Gold Star 123 (Coppock),
2025-10-23 17:00:00,2025-10-23 20:00:00,SELL,4110.11,4156.21,3925.72,4146.88,FLIP,-36.97,S433 AI Gold Star 123 (Coppock),
2025-10-23 20:00:00,2025-10-23 23:30:00,BUY,4146.88,4098.05,4342.2,4132.93,FLIP,-14.15,S433 AI Gold Star 123 (Coppock),
2025-10-23 23:30:00,2025-10-24 00:30:00,SELL,4132.93,4180.89,3941.11,4137.71,FLIP,-4.98,S433 AI Gold Star 123 (Coppock),
2025-10-24 00:30:00,2025-10-24 01:00:00,BUY,4137.71,4091.52,4322.48,4142.6,FLIP,4.69,S433 AI Gold Star 123 (Coppock),
2025-10-24 01:00:00,2025-10-24 07:00:00,SELL,4142.6,4188.2,3960.22,4132.87,FLIP,9.53,S433 AI Gold Star 123 (Coppock),
2025-10-24 07:00:00,2025-10-24 09:00:00,BUY,4132.87,4093.99,4288.38,4111.92,FLIP,-21.15,S433 AI Gold Star 123 (Coppock),
2025-10-24 09:00:00,2025-10-24 09:30:00,SELL,4111.92,4151.76,3952.56,4109.53,FLIP,2.19,S433 AI Gold Star 123 (Coppock),
2025-10-24 09:30:00,2025-10-24 12:00:00,BUY,4109.53,4069.98,4267.74,4112.54,FLIP,2.81,S433 AI Gold Star 123 (Coppock),
2025-10-24 12:00:00,2025-10-24 18:30:00,SELL,4112.54,4150.3,3961.51,4061.29,FLIP,51.05,S433 AI Gold Star 123 (Coppock),
2025-10-24 18:30:00,2025-10-25 01:00:00,BUY,4061.29,4015.28,4245.34,4106.06,FLIP,44.57,S433 AI Gold Star 123 (Coppock),
2025-10-25 01:00:00,2025-10-27 07:00:00,SELL,4106.06,4163.01,3878.27,4093.44,FLIP,12.42,S433 AI Gold Star 123 (Coppock),
2025-10-27 07:00:00,2025-10-27 14:00:00,BUY,4093.44,4043.61,4292.78,4058.53,FLIP,-35.11,S433 AI Gold Star 123 (Coppock),
2025-10-27 14:00:00,2025-10-27 18:30:00,SELL,4058.53,4093.61,3918.22,4045.65,FLIP,12.68,S433 AI Gold Star 123 (Coppock),
2025-10-27 18:30:00,2025-10-27 19:00:00,BUY,4045.65,3997.57,4237.96,4033.62,FLIP,-12.23,S433 AI Gold Star 123 (Coppock),
2025-10-27 19:00:00,2025-10-27 22:30:00,SELL,4033.62,4084.14,3831.54,3999.28,FLIP,34.14,S433 AI Gold Star 123 (Coppock),
2025-10-27 22:30:00,2025-10-28 08:30:00,BUY,3999.28,3944.05,4220.22,3983.99,FLIP,-15.49,S433 AI Gold Star 123 (Coppock),
2025-10-28 08:30:00,2025-10-28 09:00:00,SELL,3983.99,4030.11,3799.5,3990.41,FLIP,-6.62,S433 AI Gold Star 123 (Coppock),
2025-10-28 09:00:00,2025-10-28 10:00:00,BUY,3990.41,3945.48,4170.11,3971.41,FLIP,-19.2,S433 AI Gold Star 123 (Coppock),
2025-10-28 10:00:00,2025-10-28 16:30:00,SELL,3971.41,4020.46,3775.23,3926.48,FLIP,44.73,S433 AI Gold Star 123 (Coppock),
2025-10-28 16:30:00,2025-10-29 00:30:00,BUY,3926.48,3871.93,4144.67,3956.44,FLIP,29.76,S433 AI Gold Star 123 (Coppock),
2025-10-29 00:30:00,2025-10-29 06:30:00,SELL,3956.44,4000.55,3780.01,3975.41,FLIP,-19.17,S433 AI Gold Star 123 (Coppock),
2025-10-29 06:30:00,2025-10-29 10:30:00,BUY,3975.41,3930.73,4154.12,3951.98,FLIP,-23.63,S433 AI Gold Star 123 (Coppock),
2025-10-29 10:30:00,2025-10-29 11:30:00,SELL,3951.98,3998.73,3764.98,3962.48,FLIP,-10.7,S433 AI Gold Star 123 (Coppock),
2025-10-29 11:30:00,2025-10-29 12:00:00,BUY,3962.48,3921.47,4126.53,3970.63,FLIP,7.95,S433 AI Gold Star 123 (Coppock),
2025-10-29 12:00:00,2025-10-29 12:30:00,SELL,3970.63,4010.38,3811.61,3978.45,FLIP,-8.02,S433 AI Gold Star 123 (Coppock),
2025-10-29 12:30:00,2025-10-29 18:30:00,BUY,3978.45,3940.02,4132.19,4025.63,FLIP,46.98,S433 AI Gold Star 123 (Coppock),
2025-10-29 18:30:00,2025-10-30 05:00:00,SELL,4025.63,4061.73,3881.23,3950.4,FLIP,75.03,S433 AI Gold Star 123 (Coppock),
2025-10-30 05:00:00,2025-10-30 17:00:00,BUY,3950.4,3888.42,4198.33,3966.27,FLIP,15.67,S433 AI Gold Star 123 (Coppock),
2025-10-30 17:00:00,2025-10-30 20:00:00,SELL,3966.27,4024.0,3735.34,3998.16,FLIP,-32.09,S433 AI Gold Star 123 (Coppock),
2025-10-30 20:00:00,2025-10-30 20:30:00,BUY,3998.16,3943.56,4216.54,3996.43,FLIP,-1.93,S433 AI Gold Star 123 (Coppock),
2025-10-30 20:30:00,2025-10-30 21:30:00,SELL,3996.43,4051.36,3776.7,4001.92,FLIP,-5.69,S433 AI Gold Star 123 (Coppock),
2025-10-30 21:30:00,2025-10-30 22:00:00,BUY,4001.92,3946.23,4224.69,3995.48,FLIP,-6.64,S433 AI Gold Star 123 (Coppock),
2025-10-30 22:00:00,2025-10-30 22:30:00,SELL,3995.48,4046.23,3792.49,4001.41,FLIP,-6.13,S433 AI Gold Star 123 (Coppock),
2025-10-30 22:30:00,2025-10-31 02:30:00,BUY,4001.41,3951.47,4201.15,4024.59,FLIP,22.98,S433 AI Gold Star 123 (Coppock),
2025-10-31 02:30:00,2025-10-31 04:30:00,SELL,4024.59,4060.88,3879.42,4037.92,FLIP,-13.53,S433 AI Gold Star 123 (Coppock),
2025-10-31 04:30:00,2025-10-31 05:00:00,BUY,4037.92,4002.46,4179.77,4028.15,FLIP,-9.97,S433 AI Gold Star 123 (Coppock),
2025-10-31 05:00:00,2025-10-31 13:00:00,SELL,4028.15,4064.54,3882.6,4023.22,FLIP,4.73,S433 AI Gold Star 123 (Coppock),
2025-10-31 13:00:00,2025-10-31 19:30:00,BUY,4023.22,3982.48,4186.2,4016.55,FLIP,-6.87,S433 AI Gold Star 123 (Coppock),
2025-10-31 19:30:00,2025-10-31 20:30:00,SELL,4016.55,4056.52,3856.68,4020.63,FLIP,-4.28,S433 AI Gold Star 123 (Coppock),
2025-10-31 20:30:00,2025-10-31 21:00:00,BUY,4020.63,3981.86,4175.73,4017.96,FLIP,-2.87,S433 AI Gold Star 123 (Coppock),
2025-10-31 21:00:00,2025-11-01 00:00:00,SELL,4017.96,4057.35,3860.38,4008.66,FLIP,9.1,S433 AI Gold Star 123 (Coppock),
2025-11-01 00:00:00,2025-11-01 00:30:00,BUY,4008.66,3960.39,4201.76,4000.0,FLIP,-8.86,S433 AI Gold Star 123 (Coppock),
2025-11-01 00:30:00,2025-11-01 02:30:00,SELL,4000.0,4048.35,3806.59,4003.83,FLIP,-4.03,S433 AI Gold Star 123 (Coppock),
2025-11-01 02:30:00,2025-11-03 05:00:00,BUY,4003.83,3963.15,4166.53,3994.78,FLIP,-9.25,S433 AI Gold Star 123 (Coppock),
2025-11-03 05:00:00,2025-11-03 07:00:00,SELL,3994.78,4036.17,3829.23,3997.91,FLIP,-3.33,S433 AI Gold Star 123 (Coppock),
2025-11-03 07:00:00,2025-11-03 14:00:00,BUY,3997.91,3953.27,4176.46,4014.32,FLIP,16.21,S433 AI Gold Star 123 (Coppock),
2025-11-03 14:00:00,2025-11-03 19:30:00,SELL,4014.32,4046.13,3887.08,4016.01,FLIP,-1.89,S433 AI Gold Star 123 (Coppock),
2025-11-03 19:30:00,2025-11-03 20:00:00,BUY,4016.01,3983.78,4144.92,4010.34,FLIP,-5.87,S433 AI Gold Star 123 (Coppock),
2025-11-03 20:00:00,2025-11-03 20:30:00,SELL,4010.34,4042.88,3880.18,4022.92,FLIP,-12.78,S433 AI Gold Star 123 (Coppock),
2025-11-03 20:30:00,2025-11-03 22:00:00,BUY,4022.92,3987.29,4165.44,3998.03,FLIP,-25.09,S433 AI Gold Star 123 (Coppock),
2025-11-03 22:00:00,2025-11-03 22:30:00,SELL,3998.03,4036.63,3843.65,4008.35,FLIP,-10.52,S433 AI Gold Star 123 (Coppock),
2025-11-03 22:30:00,2025-11-04 00:00:00,BUY,4008.35,3969.98,4161.85,4001.37,FLIP,-7.18,S433 AI Gold Star 123 (Coppock),
2025-11-04 00:00:00,2025-11-04 09:00:00,SELL,4001.37,4037.45,3857.04,3992.93,FLIP,8.24,S433 AI Gold Star 123 (Coppock),
2025-11-04 09:00:00,2025-11-04 10:30:00,BUY,3992.93,3961.01,4120.59,3985.56,FLIP,-7.57,S433 AI Gold Star 123 (Coppock),
2025-11-04 10:30:00,2025-11-04 12:00:00,SELL,3985.56,4017.8,3856.6,3975.58,FLIP,9.78,S433 AI Gold Star 123 (Coppock),
2025-11-04 12:00:00,2025-11-04 18:00:00,BUY,3975.58,3944.98,4097.98,3990.16,FLIP,14.38,S433 AI Gold Star 123 (Coppock),
2025-11-04 18:00:00,2025-11-05 01:30:00,SELL,3990.16,4017.03,3882.67,3937.41,FLIP,52.55,S433 AI Gold Star 123 (Coppock),
2025-11-05 01:30:00,2025-11-05 15:00:00,BUY,3937.41,3889.11,4130.59,3965.08,FLIP,27.47,S433 AI Gold Star 123 (Coppock),
2025-11-05 15:00:00,2025-11-05 20:00:00,SELL,3965.08,3996.52,3839.32,3983.81,FLIP,-18.93,S433 AI Gold Star 123 (Coppock),
2025-11-05 20:00:00,2025-11-06 00:30:00,BUY,3983.81,3951.36,4113.6,3982.45,FLIP,-1.56,S433 AI Gold Star 123 (Coppock),
2025-11-06 00:30:00,2025-11-06 08:30:00,SELL,3982.45,4011.18,3867.53,3983.36,FLIP,-1.11,S433 AI Gold Star 123 (Coppock),
2025-11-06 08:30:00,2025-11-06 16:00:00,BUY,3983.36,3962.45,4067.02,4006.01,FLIP,22.45,S433 AI Gold Star 123 (Coppock),
2025-11-06 16:00:00,2025-11-06 17:30:00,SELL,4006.01,4026.26,3925.02,4018.1,FLIP,-12.29,S433 AI Gold Star 123 (Coppock),
2025-11-06 17:30:00,2025-11-06 18:00:00,BUY,4018.1,3996.55,4104.31,4011.56,FLIP,-6.74,S433 AI Gold Star 123 (Coppock),
2025-11-06 18:00:00,2025-11-07 01:00:00,SELL,4011.56,4033.92,3922.12,3992.39,FLIP,18.97,S433 AI Gold Star 123 (Coppock),
2025-11-07 01:00:00,2025-11-07 09:00:00,BUY,3992.39,3954.85,4142.56,3992.63,FLIP,0.04,S433 AI Gold Star 123 (Coppock),
2025-11-07 09:00:00,2025-11-07 10:00:00,SELL,3992.63,4015.88,3899.64,3996.36,FLIP,-3.93,S433 AI Gold Star 123 (Coppock),
2025-11-07 10:00:00,2025-11-07 11:00:00,BUY,3996.36,3972.35,4092.4,3994.28,FLIP,-2.28,S433 AI Gold Star 123 (Coppock),
2025-11-07 11:00:00,2025-11-07 12:00:00,SELL,3994.28,4018.23,3898.49,3998.36,FLIP,-4.28,S433 AI Gold Star 123 (Coppock),
2025-11-07 12:00:00,2025-11-07 13:00:00,BUY,3998.36,3974.45,4094.01,4003.7,FLIP,5.14,S433 AI Gold Star 123 (Coppock),
2025-11-07 13:00:00,2025-11-07 13:30:00,SELL,4003.7,4028.19,3905.75,4007.69,FLIP,-4.19,S433 AI Gold Star 123 (Coppock),
2025-11-07 13:30:00,2025-11-07 14:00:00,BUY,4007.69,3983.49,4104.49,4005.72,FLIP,-2.17,S433 AI Gold Star 123 (Coppock),
2025-11-07 14:00:00,2025-11-07 14:30:00,SELL,4005.72,4028.16,3915.95,4009.69,FLIP,-4.17,S433 AI Gold Star 123 (Coppock),
2025-11-07 14:30:00,2025-11-07 15:30:00,BUY,4009.69,3987.51,4098.42,4006.64,FLIP,-3.25,S433 AI Gold Star 123 (Coppock),
2025-11-07 15:30:00,2025-11-07 16:30:00,SELL,4006.64,4028.19,3920.45,4007.88,FLIP,-1.44,S433 AI Gold Star 123 (Coppock),
2025-11-07 16:30:00,2025-11-07 17:00:00,BUY,4007.88,3986.73,4092.49,3999.11,FLIP,-8.97,S433 AI Gold Star 123 (Coppock),
2025-11-07 17:00:00,2025-11-07 22:00:00,SELL,3999.11,4020.52,3913.48,4007.9,FLIP,-8.99,S433 AI Gold Star 123 (Coppock),
2025-11-07 22:00:00,2025-11-08 03:30:00,BUY,4007.9,3975.79,4136.34,4001.41,FLIP,-6.69,S433 AI Gold Star 123 (Coppock),
2025-11-08 03:30:00,2025-11-10 05:00:00,SELL,4001.41,4033.39,3873.48,4008.66,FLIP,-7.45,S433 AI Gold Star 123 (Coppock),
2025-11-10 05:00:00,2025-11-10 12:30:00,BUY,4008.66,3976.89,4135.72,4075.16,FLIP,66.3,S433 AI Gold Star 123 (Coppock),
2025-11-10 12:30:00,2025-11-10 19:00:00,SELL,4075.16,4106.16,3951.16,4102.06,FLIP,-27.1,S433 AI Gold Star 123 (Coppock),
2025-11-10 19:00:00,2025-11-10 19:30:00,BUY,4102.06,4078.26,4197.26,4091.95,FLIP,-10.31,S433 AI Gold Star 123 (Coppock),
2025-11-10 19:30:00,2025-11-10 22:30:00,SELL,4091.95,4116.72,3992.87,4094.98,FLIP,-3.23,S433 AI Gold Star 123 (Coppock),
2025-11-10 22:30:00,2025-11-10 23:00:00,BUY,4094.98,4066.61,4208.45,4096.9,FLIP,1.72,S433 AI Gold Star 123 (Coppock),
2025-11-10 23:00:00,2025-11-10 23:30:00,SELL,4096.9,4125.02,3984.41,4102.59,FLIP,-5.89,S433 AI Gold Star 123 (Coppock),
2025-11-10 23:30:00,2025-11-11 08:00:00,BUY,4102.59,4074.16,4216.32,4134.26,FLIP,31.47,S433 AI Gold Star 123 (Coppock),
2025-11-11 08:00:00,2025-11-11 08:30:00,SELL,4134.26,4156.15,4046.69,4138.07,FLIP,-4.01,S433 AI Gold Star 123 (Coppock),
2025-11-11 08:30:00,2025-11-11 10:30:00,BUY,4138.07,4116.19,4225.6,4143.08,FLIP,4.81,S433 AI Gold Star 123 (Coppock),
2025-11-11 10:30:00,2025-11-11 17:00:00,SELL,4143.08,4164.76,4056.36,4141.21,FLIP,1.67,S433 AI Gold Star 123 (Coppock),
2025-11-11 17:00:00,2025-11-11 20:00:00,BUY,4141.21,4117.22,4237.18,4130.31,FLIP,-11.1,S433 AI Gold Star 123 (Coppock),
2025-11-11 20:00:00,2025-11-12 01:00:00,SELL,4130.31,4153.92,4035.85,4117.56,FLIP,12.55,S433 AI Gold Star 123 (Coppock),
2025-11-12 01:00:00,2025-11-12 08:00:00,BUY,4117.56,4084.61,4249.37,4131.65,FLIP,13.89,S433 AI Gold Star 123 (Coppock),
2025-11-12 08:00:00,2025-11-12 13:00:00,SELL,4131.65,4155.0,4038.26,4123.94,FLIP,7.51,S433 AI Gold Star 123 (Coppock),
2025-11-12 13:00:00,2025-11-12 19:30:00,BUY,4123.94,4096.56,4233.45,4127.16,FLIP,3.02,S433 AI Gold Star 123 (Coppock),
2025-11-12 19:30:00,2025-11-12 20:30:00,SELL,4127.16,4156.13,4011.27,4136.59,FLIP,-9.63,S433 AI Gold Star 123 (Coppock),
2025-11-12 20:30:00,2025-11-13 02:00:00,BUY,4136.59,4106.38,4257.45,4195.53,FLIP,58.74,S433 AI Gold Star 123 (Coppock),
2025-11-13 02:00:00,2025-11-13 09:00:00,SELL,4195.53,4236.68,4030.94,4200.74,FLIP,-5.41,S433 AI Gold Star 123 (Coppock),
2025-11-13 09:00:00,2025-11-13 16:30:00,BUY,4200.74,4165.53,4341.57,4225.51,FLIP,24.57,S433 AI Gold Star 123 (Coppock),
2025-11-13 16:30:00,2025-11-13 18:30:00,SELL,4225.51,4256.14,4103.01,4242.64,FLIP,-17.33,S433 AI Gold Star 123 (Coppock),
2025-11-13 18:30:00,2025-11-13 19:00:00,BUY,4242.64,4211.29,4368.06,4235.46,FLIP,-7.38,S433 AI Gold Star 123 (Coppock),
2025-11-13 19:00:00,2025-11-14 03:00:00,SELL,4235.46,4268.79,4102.12,4174.23,FLIP,61.03,S433 AI Gold Star 123 (Coppock),
2025-11-14 03:00:00,2025-11-14 11:00:00,BUY,4174.23,4122.03,4383.01,4188.32,FLIP,13.89,S433 AI Gold Star 123 (Coppock),
2025-11-14 11:00:00,2025-11-14 19:30:00,SELL,4188.32,4223.58,4047.29,4047.29,TP,140.83,S433 AI Gold Star 123 (Coppock),
2025-11-14 21:30:00,2025-11-17 06:00:00,BUY,4093.58,4021.9,4380.3,4086.33,FLIP,-7.45,S433 AI Gold Star 123 (Coppock),
2025-11-17 06:00:00,2025-11-17 09:30:00,SELL,4086.33,4128.78,3916.54,4082.95,FLIP,3.18,S433 AI Gold Star 123 (Coppock),
2025-11-17 09:30:00,2025-11-17 10:30:00,BUY,4082.95,4043.48,4240.84,4078.58,FLIP,-4.57,S433 AI Gold Star 123 (Coppock),
2025-11-17 10:30:00,2025-11-17 13:00:00,SELL,4078.58,4115.47,3931.04,4078.88,FLIP,-0.5,S433 AI Gold Star 123 (Coppock),
2025-11-17 13:00:00,2025-11-17 19:30:00,BUY,4078.88,4043.04,4222.23,4065.32,FLIP,-13.76,S433 AI Gold Star 123 (Coppock),
2025-11-17 19:30:00,2025-11-17 23:00:00,SELL,4065.32,4105.93,3902.87,4077.48,FLIP,-12.36,S433 AI Gold Star 123 (Coppock),
2025-11-17 23:00:00,2025-11-18 00:30:00,BUY,4077.48,4034.45,4249.59,4062.63,FLIP,-15.05,S433 AI Gold Star 123 (Coppock),
2025-11-18 00:30:00,2025-11-18 07:00:00,SELL,4062.63,4100.67,3910.48,4040.3,FLIP,22.13,S433 AI Gold Star 123 (Coppock),
2025-11-18 07:00:00,2025-11-18 07:30:00,BUY,4040.3,3996.5,4215.52,4025.01,FLIP,-15.49,S433 AI Gold Star 123 (Coppock),
2025-11-18 07:30:00,2025-11-18 08:00:00,SELL,4025.01,4070.81,3841.81,4030.68,FLIP,-5.87,S433 AI Gold Star 123 (Coppock),
2025-11-18 08:00:00,2025-11-18 09:00:00,BUY,4030.68,3983.45,4219.59,4012.89,FLIP,-17.99,S433 AI Gold Star 123 (Coppock),
2025-11-18 09:00:00,2025-11-18 09:30:00,SELL,4012.89,4062.17,3815.78,4013.29,FLIP,-0.6,S433 AI Gold Star 123 (Coppock),
2025-11-18 09:30:00,2025-11-18 10:30:00,BUY,4013.29,3970.96,4182.6,4010.37,FLIP,-3.12,S433 AI Gold Star 123 (Coppock),
2025-11-18 10:30:00,2025-11-18 11:00:00,SELL,4010.37,4049.11,3855.42,4016.89,FLIP,-6.72,S433 AI Gold Star 123 (Coppock),
2025-11-18 11:00:00,2025-11-18 12:00:00,BUY,4016.89,3976.7,4177.63,4014.18,FLIP,-2.91,S433 AI Gold Star 123 (Coppock),
2025-11-18 12:00:00,2025-11-18 13:30:00,SELL,4014.18,4056.18,3846.16,4013.7,FLIP,0.28,S433 AI Gold Star 123 (Coppock),
2025-11-18 13:30:00,2025-11-18 21:00:00,BUY,4013.7,3973.85,4173.11,4064.84,FLIP,50.94,S433 AI Gold Star 123 (Coppock),
2025-11-18 21:00:00,2025-11-18 23:30:00,SELL,4064.84,4109.84,3884.82,4071.45,FLIP,-6.81,S433 AI Gold Star 123 (Coppock),
2025-11-18 23:30:00,2025-11-19 00:00:00,BUY,4071.45,4022.54,4267.09,4065.86,FLIP,-5.79,S433 AI Gold Star 123 (Coppock),
2025-11-19 00:00:00,2025-11-19 01:30:00,SELL,4065.86,4115.86,3865.86,4081.15,FLIP,-15.49,S433 AI Gold Star 123 (Coppock),
2025-11-19 01:30:00,2025-11-19 02:00:00,BUY,4081.15,4033.21,4272.9,4072.26,FLIP,-9.09,S433 AI Gold Star 123 (Coppock),
2025-11-19 02:00:00,2025-11-19 05:30:00,SELL,4072.26,4118.37,3887.81,4076.79,FLIP,-4.73,S433 AI Gold Star 123 (Coppock),
2025-11-19 05:30:00,2025-11-19 06:00:00,BUY,4076.79,4045.17,4203.29,4074.71,FLIP,-2.28,S433 AI Gold Star 123 (Coppock),
2025-11-19 06:00:00,2025-11-19 08:30:00,SELL,4074.71,4102.56,3963.3,4075.66,FLIP,-1.15,S433 AI Gold Star 123 (Coppock),
2025-11-19 08:30:00,2025-11-19 09:00:00,BUY,4075.66,4047.96,4186.45,4071.87,FLIP,-3.99,S433 AI Gold Star 123 (Coppock),
2025-11-19 09:00:00,2025-11-19 10:00:00,SELL,4071.87,4099.75,3960.36,4074.27,FLIP,-2.6,S433 AI Gold Star 123 (Coppock),
2025-11-19 10:00:00,2025-11-19 18:30:00,BUY,4074.27,4046.38,4185.83,4114.63,FLIP,40.16,S433 AI Gold Star 123 (Coppock),
2025-11-19 18:30:00,2025-11-19 20:30:00,SELL,4114.63,4145.29,3992.0,4127.85,FLIP,-13.42,S433 AI Gold Star 123 (Coppock),
2025-11-19 20:30:00,2025-11-19 21:00:00,BUY,4127.85,4090.45,4277.45,4116.41,FLIP,-11.64,S433 AI Gold Star 123 (Coppock),
2025-11-19 21:00:00,2025-11-20 03:00:00,SELL,4116.41,4155.21,3961.21,4076.73,FLIP,39.48,S433 AI Gold Star 123 (Coppock),
2025-11-20 03:00:00,2025-11-20 08:00:00,BUY,4076.73,4027.03,4275.54,4055.03,FLIP,-21.9,S433 AI Gold Star 123 (Coppock),
2025-11-20 08:00:00,2025-11-20 09:00:00,SELL,4055.03,4099.45,3877.34,4076.15,FLIP,-21.32,S433 AI Gold Star 123 (Coppock),
2025-11-20 09:00:00,2025-11-20 09:30:00,BUY,4076.15,4031.22,4255.86,4072.34,FLIP,-4.01,S433 AI Gold Star 123 (Coppock),
2025-11-20 09:30:00,2025-11-20 14:30:00,SELL,4072.34,4118.0,3889.72,4063.49,FLIP,8.65,S433 AI Gold Star 123 (Coppock),
2025-11-20 14:30:00,2025-11-20 21:30:00,BUY,4063.49,4013.24,4264.48,4070.38,FLIP,6.69,S433 AI Gold Star 123 (Coppock),
2025-11-20 21:30:00,2025-11-21 01:00:00,SELL,4070.38,4120.02,3871.81,4084.28,FLIP,-14.1,S433 AI Gold Star 123 (Coppock),
2025-11-21 01:00:00,2025-11-21 01:30:00,BUY,4084.28,4024.89,4321.85,4084.58,FLIP,0.1,S433 AI Gold Star 123 (Coppock),
2025-11-21 01:30:00,2025-11-21 03:00:00,SELL,4084.58,4143.73,3847.99,4079.03,FLIP,5.35,S433 AI Gold Star 123 (Coppock),
2025-11-21 03:00:00,2025-11-21 07:00:00,BUY,4079.03,4027.27,4286.07,4061.87,FLIP,-17.36,S433 AI Gold Star 123 (Coppock),
2025-11-21 07:00:00,2025-11-21 14:00:00,SELL,4061.87,4097.69,3918.61,4042.7,FLIP,18.97,S433 AI Gold Star 123 (Coppock),
2025-11-21 14:00:00,2025-11-22 00:00:00,BUY,4042.7,3998.22,4220.62,4079.94,FLIP,37.04,S433 AI Gold Star 123 (Coppock),
2025-11-22 00:00:00,2025-11-24 10:00:00,SELL,4079.94,4127.02,3891.61,4051.1,FLIP,28.64,S433 AI Gold Star 123 (Coppock),
2025-11-24 10:00:00,2025-11-24 10:30:00,BUY,4051.1,4016.02,4191.42,4044.13,FLIP,-7.17,S433 AI Gold Star 123 (Coppock),
2025-11-24 10:30:00,2025-11-24 11:00:00,SELL,4044.13,4078.19,3907.88,4047.09,FLIP,-3.16,S433 AI Gold Star 123 (Coppock),
2025-11-24 11:00:00,2025-11-24 19:30:00,BUY,4047.09,4014.44,4177.69,4077.77,FLIP,30.48,S433 AI Gold Star 123 (Coppock),
2025-11-24 19:30:00,2025-11-24 21:30:00,SELL,4077.77,4104.4,3971.24,4091.71,FLIP,-14.14,S433 AI Gold Star 123 (Coppock),
2025-11-24 21:30:00,2025-11-25 00:00:00,BUY,4091.71,4062.67,4207.89,4095.69,FLIP,3.78,S433 AI Gold Star 123 (Coppock),
2025-11-25 00:00:00,2025-11-25 00:30:00,SELL,4095.69,4124.08,3982.14,4120.46,FLIP,-24.97,S433 AI Gold Star 123 (Coppock),
2025-11-25 00:30:00,2025-11-25 05:00:00,BUY,4120.46,4086.62,4255.81,4131.09,FLIP,10.43,S433 AI Gold Star 123 (Coppock),
2025-11-25 05:00:00,2025-11-25 05:30:00,SELL,4131.09,4159.74,4016.5,4143.74,FLIP,-12.85,S433 AI Gold Star 123 (Coppock),
2025-11-25 05:30:00,2025-11-25 06:00:00,BUY,4143.74,4113.19,4265.93,4135.52,FLIP,-8.42,S433 AI Gold Star 123 (Coppock),
2025-11-25 06:00:00,2025-11-25 17:30:00,SELL,4135.52,4167.03,4009.47,4133.54,FLIP,1.78,S433 AI Gold Star 123 (Coppock),
2025-11-25 17:30:00,2025-11-25 18:30:00,BUY,4133.54,4101.94,4259.93,4129.88,FLIP,-3.86,S433 AI Gold Star 123 (Coppock),
2025-11-25 18:30:00,2025-11-25 19:00:00,SELL,4129.88,4163.5,3995.4,4141.81,FLIP,-12.13,S433 AI Gold Star 123 (Coppock),
2025-11-25 19:00:00,2025-11-26 00:30:00,BUY,4141.81,4107.08,4280.72,4134.52,FLIP,-7.49,S433 AI Gold Star 123 (Coppock),
2025-11-26 00:30:00,2025-11-26 06:30:00,SELL,4134.52,4178.38,3959.1,4143.06,FLIP,-8.74,S433 AI Gold Star 123 (Coppock),
2025-11-26 06:30:00,2025-11-26 12:00:00,BUY,4143.06,4116.56,4249.05,4158.16,FLIP,14.9,S433 AI Gold Star 123 (Coppock),
2025-11-26 12:00:00,2025-11-26 17:30:00,SELL,4158.16,4185.32,4049.52,4171.53,FLIP,-13.57,S433 AI Gold Star 123 (Coppock),
2025-11-26 17:30:00,2025-11-26 18:00:00,BUY,4171.53,4146.36,4272.23,4161.81,FLIP,-9.92,S433 AI Gold Star 123 (Coppock),
2025-11-26 18:00:00,2025-11-26 19:00:00,SELL,4161.81,4188.25,4056.05,4165.48,FLIP,-3.87,S433 AI Gold Star 123 (Coppock),
2025-11-26 19:00:00,2025-11-26 19:30:00,BUY,4165.48,4136.6,4281.01,4153.37,FLIP,-12.31,S433 AI Gold Star 123 (Coppock),
2025-11-26 19:30:00,2025-11-26 21:30:00,SELL,4153.37,4183.4,4033.24,4165.35,FLIP,-12.18,S433 AI Gold Star 123 (Coppock),
2025-11-26 21:30:00,2025-11-27 00:30:00,BUY,4165.35,4130.94,4302.99,4164.68,FLIP,-0.87,S433 AI Gold Star 123 (Coppock),
2025-11-27 00:30:00,2025-11-27 01:00:00,SELL,4164.68,4197.98,4031.5,4167.5,FLIP,-3.02,S433 AI Gold Star 123 (Coppock),
2025-11-27 01:00:00,2025-11-27 05:00:00,BUY,4167.5,4135.94,4293.74,4164.3,FLIP,-3.4,S433 AI Gold Star 123 (Coppock),
2025-11-27 05:00:00,2025-11-27 11:00:00,SELL,4164.3,4181.72,4094.61,4152.78,FLIP,11.32,S433 AI Gold Star 123 (Coppock),
2025-11-27 11:00:00,2025-11-27 11:30:00,BUY,4152.78,4132.93,4232.19,4147.04,FLIP,-5.94,S433 AI Gold Star 123 (Coppock),
2025-11-27 11:30:00,2025-11-27 12:00:00,SELL,4147.04,4167.74,4064.25,4156.82,FLIP,-9.98,S433 AI Gold Star 123 (Coppock),
2025-11-27 12:00:00,2025-11-27 17:30:00,BUY,4156.82,4135.07,4243.83,4157.32,FLIP,0.3,S433 AI Gold Star 123 (Coppock),
2025-11-27 17:30:00,2025-11-27 23:00:00,SELL,4157.32,4177.81,4075.38,4156.76,FLIP,0.36,S433 AI Gold Star 123 (Coppock),
2025-11-27 23:00:00,2025-11-28 10:00:00,BUY,4156.76,4141.38,4218.27,4181.09,FLIP,24.13,S433 AI Gold Star 123 (Coppock),
2025-11-28 10:00:00,2025-11-28 10:30:00,SELL,4181.09,4201.05,4101.24,4188.63,FLIP,-7.74,S433 AI Gold Star 123 (Coppock),
2025-11-28 10:30:00,2025-11-28 11:00:00,BUY,4188.63,4167.14,4274.58,4185.11,FLIP,-3.72,S433 AI Gold Star 123 (Coppock),
2025-11-28 11:00:00,2025-11-28 17:30:00,SELL,4185.11,4207.69,4094.78,4171.64,FLIP,13.27,S433 AI Gold Star 123 (Coppock),
2025-11-28 17:30:00,2025-11-29 01:30:00,BUY,4171.64,4140.55,4295.99,4220.47,FLIP,48.63,S433 AI Gold Star 123 (Coppock),
2025-11-29 01:30:00,2025-12-01 07:30:00,SELL,4220.47,4251.64,4095.81,4255.64,FLIP,-35.37,S433 AI Gold Star 123 (Coppock),
2025-12-01 07:30:00,2025-12-01 08:00:00,BUY,4255.64,4221.25,4393.19,4241.59,FLIP,-14.25,S433 AI Gold Star 123 (Coppock),
2025-12-01 08:00:00,2025-12-01 15:00:00,SELL,4241.59,4276.6,4101.53,4251.46,FLIP,-10.07,S433 AI Gold Star 123 (Coppock),
2025-12-01 15:00:00,2025-12-01 18:30:00,BUY,4251.46,4219.8,4378.09,4246.59,FLIP,-5.07,S433 AI Gold Star 123 (Coppock),
2025-12-01 18:30:00,2025-12-01 19:00:00,SELL,4246.59,4274.1,4136.54,4256.88,FLIP,-10.49,S433 AI Gold Star 123 (Coppock),
2025-12-01 19:00:00,2025-12-01 19:30:00,BUY,4256.88,4228.42,4370.72,4247.36,FLIP,-9.72,S433 AI Gold Star 123 (Coppock),
2025-12-01 19:30:00,2025-12-02 00:00:00,SELL,4247.36,4277.23,4127.88,4240.87,FLIP,6.29,S433 AI Gold Star 123 (Coppock),
2025-12-02 00:00:00,2025-12-02 00:30:00,BUY,4240.87,4198.34,4411.0,4240.28,FLIP,-0.79,S433 AI Gold Star 123 (Coppock),
2025-12-02 00:30:00,2025-12-02 01:00:00,SELL,4240.28,4283.23,4068.5,4241.61,FLIP,-1.53,S433 AI Gold Star 123 (Coppock),
2025-12-02 01:00:00,2025-12-02 06:00:00,BUY,4241.61,4199.28,4410.91,4225.24,FLIP,-16.57,S433 AI Gold Star 123 (Coppock),
2025-12-02 06:00:00,2025-12-02 11:00:00,SELL,4225.24,4252.53,4116.07,4221.36,FLIP,3.68,S433 AI Gold Star 123 (Coppock),
2025-12-02 11:00:00,2025-12-02 12:00:00,BUY,4221.36,4193.99,4330.83,4205.57,FLIP,-15.99,S433 AI Gold Star 123 (Coppock),
2025-12-02 12:00:00,2025-12-02 12:30:00,SELL,4205.57,4236.15,4083.26,4212.8,FLIP,-7.43,S433 AI Gold Star 123 (Coppock),
2025-12-02 12:30:00,2025-12-02 15:00:00,BUY,4212.8,4182.04,4335.83,4194.24,FLIP,-18.76,S433 AI Gold Star 123 (Coppock),
2025-12-02 15:00:00,2025-12-02 17:30:00,SELL,4194.24,4224.01,4075.17,4205.37,FLIP,-11.33,S433 AI Gold Star 123 (Coppock),
2025-12-02 17:30:00,2025-12-02 21:00:00,BUY,4205.37,4171.34,4341.48,4188.12,FLIP,-17.45,S433 AI Gold Star 123 (Coppock),
2025-12-02 21:00:00,2025-12-02 23:00:00,SELL,4188.12,4228.05,4028.42,4192.21,FLIP,-4.29,S433 AI Gold Star 123 (Coppock),
2025-12-02 23:00:00,2025-12-03 00:00:00,BUY,4192.21,4150.04,4360.89,4189.43,FLIP,-2.98,S433 AI Gold Star 123 (Coppock),
2025-12-03 00:00:00,2025-12-03 02:00:00,SELL,4189.43,4230.51,4025.12,4198.7,FLIP,-9.47,S433 AI Gold Star 123 (Coppock),
2025-12-03 02:00:00,2025-12-03 09:00:00,BUY,4198.7,4159.96,4353.66,4225.6,FLIP,26.7,S433 AI Gold Star 123 (Coppock),
2025-12-03 09:00:00,2025-12-03 17:00:00,SELL,4225.6,4249.05,4131.79,4205.22,FLIP,20.18,S433 AI Gold Star 123 (Coppock),
2025-12-03 17:00:00,2025-12-03 22:30:00,BUY,4205.22,4183.41,4292.48,4200.97,FLIP,-4.45,S433 AI Gold Star 123 (Coppock),
2025-12-03 22:30:00,2025-12-04 05:00:00,SELL,4200.97,4245.3,4023.65,4206.97,FLIP,-6.2,S433 AI Gold Star 123 (Coppock),
2025-12-04 05:00:00,2025-12-04 09:00:00,BUY,4206.97,4176.43,4329.13,4193.22,FLIP,-13.95,S433 AI Gold Star 123 (Coppock),
2025-12-04 09:00:00,2025-12-04 14:00:00,SELL,4193.22,4215.5,4104.09,4192.88,FLIP,0.14,S433 AI Gold Star 123 (Coppock),
2025-12-04 14:00:00,2025-12-04 14:30:00,BUY,4192.88,4165.27,4303.32,4184.85,FLIP,-8.23,S433 AI Gold Star 123 (Coppock),
2025-12-04 14:30:00,2025-12-04 15:00:00,SELL,4184.85,4212.56,4074.0,4191.49,FLIP,-6.84,S433 AI Gold Star 123 (Coppock),
2025-12-04 15:00:00,2025-12-05 00:30:00,BUY,4191.49,4164.16,4300.82,4207.96,FLIP,16.27,S433 AI Gold Star 123 (Coppock),
2025-12-05 00:30:00,2025-12-05 08:30:00,SELL,4207.96,4238.37,4086.31,4207.25,FLIP,0.51,S433 AI Gold Star 123 (Coppock),
2025-12-05 08:30:00,2025-12-05 15:30:00,BUY,4207.25,4189.24,4279.28,4223.36,FLIP,15.91,S433 AI Gold Star 123 (Coppock),
2025-12-05 15:30:00,2025-12-05 19:30:00,SELL,4223.36,4242.25,4147.8,4234.51,FLIP,-11.35,S433 AI Gold Star 123 (Coppock),
2025-12-05 19:30:00,2025-12-05 20:00:00,BUY,4234.51,4215.52,4310.49,4231.68,FLIP,-3.03,S433 AI Gold Star 123 (Coppock),
2025-12-05 20:00:00,2025-12-05 20:30:00,SELL,4231.68,4251.29,4153.23,4242.3,FLIP,-10.82,S433 AI Gold Star 123 (Coppock),
2025-12-05 20:30:00,2025-12-05 22:00:00,BUY,4242.3,4220.67,4328.84,4216.71,FLIP,-25.79,S433 AI Gold Star 123 (Coppock),
2025-12-05 22:00:00,2025-12-08 06:00:00,SELL,4216.71,4252.63,4073.02,4205.88,FLIP,10.63,S433 AI Gold Star 123 (Coppock),
2025-12-08 06:00:00,2025-12-08 13:30:00,BUY,4205.88,4180.41,4307.78,4206.83,FLIP,0.75,S433 AI Gold Star 123 (Coppock),
2025-12-08 13:30:00,2025-12-08 20:00:00,SELL,4206.83,4228.74,4119.19,4208.78,FLIP,-2.15,S433 AI Gold Star 123 (Coppock),
2025-12-08 20:00:00,2025-12-08 20:30:00,BUY,4208.78,4184.1,4307.51,4196.43,FLIP,-12.55,S433 AI Gold Star 123 (Coppock),
2025-12-08 20:30:00,2025-12-09 02:00:00,SELL,4196.43,4222.28,4093.02,4189.24,FLIP,6.99,S433 AI Gold Star 123 (Coppock),
2025-12-09 02:00:00,2025-12-09 10:30:00,BUY,4189.24,4158.44,4312.43,4186.95,FLIP,-2.49,S433 AI Gold Star 123 (Coppock),
2025-12-09 10:30:00,2025-12-09 14:30:00,SELL,4186.95,4202.87,4123.27,4191.65,FLIP,-4.9,S433 AI Gold Star 123 (Coppock),
2025-12-09 14:30:00,2025-12-09 20:00:00,BUY,4191.65,4170.71,4275.43,4193.35,FLIP,1.5,S433 AI Gold Star 123 (Coppock),
2025-12-09 20:00:00,2025-12-09 22:00:00,SELL,4193.35,4217.27,4097.68,4217.27,SL,-24.12,S433 AI Gold Star 123 (Coppock),
2025-12-10 01:30:00,2025-12-10 02:00:00,BUY,4212.59,4180.98,4339.03,4210.67,FLIP,-2.12,S433 AI Gold Star 123 (Coppock),
2025-12-10 02:00:00,2025-12-10 02:30:00,SELL,4210.67,4241.66,4086.7,4211.98,FLIP,-1.51,S433 AI Gold Star 123 (Coppock),
2025-12-10 02:30:00,2025-12-10 03:30:00,BUY,4211.98,4181.68,4333.17,4208.53,FLIP,-3.65,S433 AI Gold Star 123 (Coppock),
2025-12-10 03:30:00,2025-12-10 07:00:00,SELL,4208.53,4233.97,4106.75,4216.88,FLIP,-8.55,S433 AI Gold Star 123 (Coppock),
2025-12-10 07:00:00,2025-12-10 08:00:00,BUY,4216.88,4200.38,4282.9,4213.58,FLIP,-3.5,S433 AI Gold Star 123 (Coppock),
2025-12-10 08:00:00,2025-12-10 08:30:00,SELL,4213.58,4229.65,4149.32,4217.13,FLIP,-3.75,S433 AI Gold Star 123 (Coppock),
2025-12-10 08:30:00,2025-12-10 09:00:00,BUY,4217.13,4201.08,4281.32,4208.25,FLIP,-9.08,S433 AI Gold Star 123 (Coppock),
2025-12-10 09:00:00,2025-12-10 11:30:00,SELL,4208.25,4225.26,4140.2,4211.49,FLIP,-3.44,S433 AI Gold Star 123 (Coppock),
2025-12-10 11:30:00,2025-12-10 12:00:00,BUY,4211.49,4193.93,4281.72,4207.35,FLIP,-4.34,S433 AI Gold Star 123 (Coppock),
2025-12-10 12:00:00,2025-12-10 17:30:00,SELL,4207.35,4225.83,4133.42,4197.31,FLIP,9.84,S433 AI Gold Star 123 (Coppock),
2025-12-10 17:30:00,2025-12-10 18:30:00,BUY,4197.31,4179.89,4267.0,4196.33,FLIP,-1.18,S433 AI Gold Star 123 (Coppock),
2025-12-10 18:30:00,2025-12-10 19:00:00,SELL,4196.33,4212.47,4131.77,4198.0,FLIP,-1.87,S433 AI Gold Star 123 (Coppock),
2025-12-10 19:00:00,2025-12-11 00:30:00,BUY,4198.0,4181.89,4262.45,4194.35,FLIP,-3.85,S433 AI Gold Star 123 (Coppock),
2025-12-11 00:30:00,2025-12-11 01:00:00,SELL,4194.35,4217.18,4103.02,4217.18,SL,-23.03,S433 AI Gold Star 123 (Coppock),
2025-12-11 01:30:00,2025-12-11 08:00:00,BUY,4216.62,4182.18,4354.36,4229.94,FLIP,13.12,S433 AI Gold Star 123 (Coppock),
2025-12-11 08:00:00,2025-12-11 14:00:00,SELL,4229.94,4269.99,4069.75,4214.29,FLIP,15.45,S433 AI Gold Star 123 (Coppock),
2025-12-11 14:00:00,2025-12-11 19:00:00,BUY,4214.29,4190.82,4308.17,4213.23,FLIP,-1.26,S433 AI Gold Star 123 (Coppock),
2025-12-11 19:00:00,2025-12-11 19:30:00,SELL,4213.23,4234.62,4127.66,4221.0,FLIP,-7.97,S433 AI Gold Star 123 (Coppock),
2025-12-11 19:30:00,2025-12-12 02:00:00,BUY,4221.0,4197.51,4314.98,4268.58,FLIP,47.38,S433 AI Gold Star 123 (Coppock),
2025-12-12 02:00:00,2025-12-12 11:00:00,SELL,4268.58,4310.06,4102.66,4274.35,FLIP,-5.97,S433 AI Gold Star 123 (Coppock),
2025-12-12 11:00:00,2025-12-12 18:30:00,BUY,4274.35,4253.27,4358.66,4325.93,FLIP,51.38,S433 AI Gold Star 123 (Coppock),
2025-12-12 18:30:00,2025-12-12 19:00:00,SELL,4325.93,4353.93,4213.94,4335.96,FLIP,-10.23,S433 AI Gold Star 123 (Coppock),
2025-12-12 19:00:00,2025-12-12 20:00:00,BUY,4335.96,4305.17,4459.11,4340.65,FLIP,4.49,S433 AI Gold Star 123 (Coppock),
2025-12-12 20:00:00,2025-12-13 02:30:00,SELL,4340.65,4373.58,4208.92,4299.43,FLIP,41.02,S433 AI Gold Star 123 (Coppock),
2025-12-13 02:30:00,2025-12-15 10:30:00,BUY,4299.43,4240.0,4537.14,4326.11,FLIP,26.48,S433 AI Gold Star 123 (Coppock),
2025-12-15 10:30:00,2025-12-15 11:00:00,SELL,4326.11,4346.87,4243.06,4329.71,FLIP,-3.8,S433 AI Gold Star 123 (Coppock),
2025-12-15 11:00:00,2025-12-15 13:30:00,BUY,4329.71,4308.79,4413.38,4339.28,FLIP,9.37,S433 AI Gold Star 123 (Coppock),
2025-12-15 13:30:00,2025-12-16 00:30:00,SELL,4339.28,4361.6,4250.01,4313.08,FLIP,26.0,S433 AI Gold Star 123 (Coppock),
2025-12-16 00:30:00,2025-12-16 08:30:00,BUY,4313.08,4275.47,4463.53,4289.7,FLIP,-23.58,S433 AI Gold Star 123 (Coppock),
2025-12-16 08:30:00,2025-12-16 14:30:00,SELL,4289.7,4317.37,4179.01,4284.69,FLIP,4.81,S433 AI Gold Star 123 (Coppock),
2025-12-16 14:30:00,2025-12-16 22:30:00,BUY,4284.69,4252.63,4412.91,4300.61,FLIP,15.72,S433 AI Gold Star 123 (Coppock),
2025-12-16 22:30:00,2025-12-17 06:00:00,SELL,4300.61,4336.99,4155.08,4313.36,FLIP,-12.95,S433 AI Gold Star 123 (Coppock),
2025-12-17 06:00:00,2025-12-17 12:30:00,BUY,4313.36,4287.31,4417.55,4328.81,FLIP,15.25,S433 AI Gold Star 123 (Coppock),
2025-12-17 12:30:00,2025-12-17 19:00:00,SELL,4328.81,4354.13,4227.51,4327.96,FLIP,0.65,S433 AI Gold Star 123 (Coppock),
2025-12-17 19:00:00,2025-12-18 00:30:00,BUY,4327.96,4302.6,4429.39,4335.92,FLIP,7.76,S433 AI Gold Star 123 (Coppock),
2025-12-18 00:30:00,2025-12-18 03:00:00,SELL,4335.92,4377.42,4169.93,4344.17,FLIP,-8.45,S433 AI Gold Star 123 (Coppock),
2025-12-18 03:00:00,2025-12-18 03:30:00,BUY,4344.17,4309.39,4483.28,4338.37,FLIP,-6.0,S433 AI Gold Star 123 (Coppock),
2025-12-18 03:30:00,2025-12-18 11:00:00,SELL,4338.37,4370.91,4208.23,4336.04,FLIP,2.13,S433 AI Gold Star 123 (Coppock),
2025-12-18 11:00:00,2025-12-18 14:30:00,BUY,4336.04,4317.16,4411.56,4326.57,FLIP,-9.67,S433 AI Gold Star 123 (Coppock),
2025-12-18 14:30:00,2025-12-18 19:30:00,SELL,4326.57,4343.23,4259.92,4336.57,FLIP,-10.2,S433 AI Gold Star 123 (Coppock),
2025-12-18 19:30:00,2025-12-18 20:30:00,BUY,4336.57,4315.61,4420.4,4315.61,SL,-21.16,S433 AI Gold Star 123 (Coppock),
2025-12-18 23:00:00,2025-12-18 23:30:00,SELL,4327.83,4374.05,4142.96,4333.28,FLIP,-5.65,S433 AI Gold Star 123 (Coppock),
2025-12-18 23:30:00,2025-12-19 00:00:00,BUY,4333.28,4284.7,4527.59,4332.2,FLIP,-1.28,S433 AI Gold Star 123 (Coppock),
2025-12-19 00:00:00,2025-12-19 05:30:00,SELL,4332.2,4381.94,4133.25,4335.11,FLIP,-3.11,S433 AI Gold Star 123 (Coppock),
2025-12-19 05:30:00,2025-12-19 06:00:00,BUY,4335.11,4294.48,4497.64,4331.29,FLIP,-4.02,S433 AI Gold Star 123 (Coppock),
2025-12-19 06:00:00,2025-12-19 08:00:00,SELL,4331.29,4365.73,4193.55,4324.52,FLIP,6.57,S433 AI Gold Star 123 (Coppock),
2025-12-19 08:00:00,2025-12-19 08:30:00,BUY,4324.52,4298.11,4430.17,4316.72,FLIP,-8.0,S433 AI Gold Star 123 (Coppock),
2025-12-19 08:30:00,2025-12-19 09:30:00,SELL,4316.72,4342.54,4213.44,4318.01,FLIP,-1.49,S433 AI Gold Star 123 (Coppock),
2025-12-19 09:30:00,2025-12-19 10:00:00,BUY,4318.01,4293.41,4416.43,4317.38,FLIP,-0.83,S433 AI Gold Star 123 (Coppock),
2025-12-19 10:00:00,2025-12-19 10:30:00,SELL,4317.38,4340.2,4226.09,4322.78,FLIP,-5.6,S433 AI Gold Star 123 (Coppock),
2025-12-19 10:30:00,2025-12-19 17:30:00,BUY,4322.78,4300.25,4412.91,4327.26,FLIP,4.28,S433 AI Gold Star 123 (Coppock),
2025-12-19 17:30:00,2025-12-19 19:00:00,SELL,4327.26,4344.98,4256.39,4334.96,FLIP,-7.9,S433 AI Gold Star 123 (Coppock),
2025-12-19 19:00:00,2025-12-19 19:30:00,BUY,4334.96,4316.97,4406.92,4328.38,FLIP,-6.78,S433 AI Gold Star 123 (Coppock),
2025-12-19 19:30:00,2025-12-19 20:30:00,SELL,4328.38,4346.67,4255.21,4332.54,FLIP,-4.36,S433 AI Gold Star 123 (Coppock),
2025-12-19 20:30:00,2025-12-20 01:30:00,BUY,4332.54,4311.33,4417.38,4345.26,FLIP,12.52,S433 AI Gold Star 123 (Coppock),
2025-12-20 01:30:00,2025-12-22 06:00:00,SELL,4345.26,4373.4,4232.71,4363.36,FLIP,-18.3,S433 AI Gold Star 123 (Coppock),
2025-12-22 06:00:00,2025-12-22 13:00:00,BUY,4363.36,4342.39,4447.22,4415.84,FLIP,52.28,S433 AI Gold Star 123 (Coppock),
2025-12-22 13:00:00,2025-12-22 20:00:00,SELL,4415.84,4444.06,4302.95,4426.5,FLIP,-10.86,S433 AI Gold Star 123 (Coppock),
2025-12-22 20:00:00,2025-12-22 20:30:00,BUY,4426.5,4406.6,4506.09,4419.22,FLIP,-7.48,S433 AI Gold Star 123 (Coppock),
2025-12-22 20:30:00,2025-12-22 21:30:00,SELL,4419.22,4441.04,4331.94,4431.81,FLIP,-12.79,S433 AI Gold Star 123 (Coppock),
2025-12-22 21:30:00,2025-12-23 01:00:00,BUY,4431.81,4406.45,4533.25,4432.82,FLIP,0.81,S433 AI Gold Star 123 (Coppock),
2025-12-23 01:00:00,2025-12-23 05:00:00,SELL,4432.82,4462.83,4312.78,4458.58,FLIP,-25.96,S433 AI Gold Star 123 (Coppock),
2025-12-23 05:00:00,2025-12-23 10:30:00,BUY,4458.58,4431.81,4565.65,4482.48,FLIP,23.7,S433 AI Gold Star 123 (Coppock),
2025-12-23 10:30:00,2025-12-23 17:30:00,SELL,4482.48,4511.85,4365.02,4493.54,FLIP,-11.26,S433 AI Gold Star 123 (Coppock),
2025-12-23 17:30:00,2025-12-23 19:30:00,BUY,4493.54,4470.58,4585.37,4479.18,FLIP,-14.56,S433 AI Gold Star 123 (Coppock),
2025-12-23 19:30:00,2025-12-23 22:30:00,SELL,4479.18,4504.48,4377.99,4474.22,FLIP,4.76,S433 AI Gold Star 123 (Coppock),
2025-12-23 22:30:00,2025-12-24 08:00:00,BUY,4474.22,4434.31,4633.85,4506.76,FLIP,32.34,S433 AI Gold Star 123 (Coppock),
2025-12-24 08:00:00,2025-12-24 15:00:00,SELL,4506.76,4540.22,4372.93,4489.43,FLIP,17.13,S433 AI Gold Star 123 (Coppock),
2025-12-24 15:00:00,2025-12-24 19:00:00,BUY,4489.43,4452.65,4636.56,4479.77,FLIP,-9.86,S433 AI Gold Star 123 (Coppock),
2025-12-24 19:00:00,2025-12-24 19:30:00,SELL,4479.77,4508.06,4366.61,4487.84,FLIP,-8.27,S433 AI Gold Star 123 (Coppock),
2025-12-24 19:30:00,2025-12-24 20:30:00,BUY,4487.84,4459.41,4601.57,4464.82,FLIP,-23.22,S433 AI Gold Star 123 (Coppock),
2025-12-24 20:30:00,2025-12-24 23:30:00,SELL,4464.82,4498.13,4331.58,4480.64,FLIP,-16.02,S433 AI Gold Star 123 (Coppock),
2025-12-24 23:30:00,2025-12-26 09:30:00,BUY,4480.64,4443.62,4628.7,4502.1,FLIP,21.26,S433 AI Gold Star 123 (Coppock),
2025-12-26 09:30:00,2025-12-26 10:00:00,SELL,4502.1,4543.96,4334.67,4509.51,FLIP,-7.61,S433 AI Gold Star 123 (Coppock),
2025-12-26 10:00:00,2025-12-26 10:30:00,BUY,4509.51,4468.2,4674.75,4509.03,FLIP,-0.68,S433 AI Gold Star 123 (Coppock),
2025-12-26 10:30:00,2025-12-26 14:30:00,SELL,4509.03,4550.25,4344.14,4518.83,FLIP,-10.0,S433 AI Gold Star 123 (Coppock),
2025-12-26 14:30:00,2025-12-26 15:30:00,BUY,4518.83,4492.14,4625.6,4512.75,FLIP,-6.28,S433 AI Gold Star 123 (Coppock),
2025-12-26 15:30:00,2025-12-26 16:00:00,SELL,4512.75,4536.0,4419.76,4520.74,FLIP,-8.19,S433 AI Gold Star 123 (Coppock),
2025-12-26 16:00:00,2025-12-26 17:00:00,BUY,4520.74,4497.59,4613.33,4505.37,FLIP,-15.57,S433 AI Gold Star 123 (Coppock),
2025-12-26 17:00:00,2025-12-26 19:30:00,SELL,4505.37,4529.46,4409.02,4525.27,FLIP,-20.1,S433 AI Gold Star 123 (Coppock),
2025-12-26 19:30:00,2025-12-26 23:00:00,BUY,4525.27,4499.04,4630.2,4518.27,FLIP,-7.2,S433 AI Gold Star 123 (Coppock),
2025-12-26 23:00:00,2025-12-27 00:30:00,SELL,4518.27,4557.04,4363.19,4531.02,FLIP,-12.95,S433 AI Gold Star 123 (Coppock),
2025-12-27 00:30:00,2025-12-27 01:00:00,BUY,4531.02,4489.72,4696.23,4529.78,FLIP,-1.44,S433 AI Gold Star 123 (Coppock),
2025-12-27 01:00:00,2025-12-29 08:00:00,SELL,4529.78,4572.22,4360.01,4512.56,FLIP,17.02,S433 AI Gold Star 123 (Coppock),
2025-12-29 08:00:00,2025-12-29 09:00:00,BUY,4512.56,4458.51,4728.76,4512.78,FLIP,0.02,S433 AI Gold Star 123 (Coppock),
2025-12-29 09:00:00,2025-12-29 09:30:00,SELL,4512.78,4564.45,4306.11,4516.52,FLIP,-3.94,S433 AI Gold Star 123 (Coppock),
2025-12-29 09:30:00,2025-12-29 12:00:00,BUY,4516.52,4465.37,4721.14,4490.77,FLIP,-25.95,S433 AI Gold Star 123 (Coppock),
2025-12-29 12:00:00,2025-12-29 18:00:00,SELL,4490.77,4540.74,4290.9,4456.75,FLIP,33.82,S433 AI Gold Star 123 (Coppock),
2025-12-29 18:00:00,2025-12-29 19:30:00,BUY,4456.75,4401.55,4677.55,4421.7,FLIP,-35.25,S433 AI Gold Star 123 (Coppock),
2025-12-29 19:30:00,2025-12-30 00:30:00,SELL,4421.7,4480.71,4185.67,4331.28,FLIP,90.22,S433 AI Gold Star 123 (Coppock),
2025-12-30 00:30:00,2025-12-30 12:30:00,BUY,4331.28,4259.9,4616.79,4364.75,FLIP,33.27,S433 AI Gold Star 123 (Coppock),
2025-12-30 12:30:00,2025-12-30 16:30:00,SELL,4364.75,4405.51,4201.71,4384.88,FLIP,-20.33,S433 AI Gold Star 123 (Coppock),
2025-12-30 16:30:00,2025-12-30 20:30:00,BUY,4384.88,4346.67,4537.71,4366.28,FLIP,-18.8,S433 AI Gold Star 123 (Coppock),
2025-12-30 20:30:00,2025-12-31 06:30:00,SELL,4366.28,4409.44,4193.66,4342.64,FLIP,23.44,S433 AI Gold Star 123 (Coppock),
2025-12-31 06:30:00,2025-12-31 11:30:00,BUY,4342.64,4302.0,4505.2,4285.8,FLIP,-57.04,S433 AI Gold Star 123 (Coppock),
2025-12-31 11:30:00,2025-12-31 15:30:00,SELL,4285.8,4343.17,4056.33,4325.74,FLIP,-40.14,S433 AI Gold Star 123 (Coppock),
2025-12-31 15:30:00,2025-12-31 16:30:00,BUY,4325.74,4265.34,4567.33,4306.4,FLIP,-19.54,S433 AI Gold Star 123 (Coppock),
2025-12-31 16:30:00,2025-12-31 17:00:00,SELL,4306.4,4366.9,4064.39,4311.33,FLIP,-5.13,S433 AI Gold Star 123 (Coppock),
2025-12-31 17:00:00,2025-12-31 18:00:00,BUY,4311.33,4250.23,4555.74,4307.09,FLIP,-4.44,S433 AI Gold Star 123 (Coppock),
2025-12-31 18:00:00,2025-12-31 18:30:00,SELL,4307.09,4365.33,4074.12,4313.8,FLIP,-6.91,S433 AI Gold Star 123 (Coppock),
2025-12-31 18:30:00,2025-12-31 22:30:00,BUY,4313.8,4267.5,4498.99,4323.05,FLIP,9.05,S433 AI Gold Star 123 (Coppock),
2025-12-31 22:30:00,2025-12-31 23:30:00,SELL,4323.05,4368.41,4141.63,4321.91,FLIP,0.94,S433 AI Gold Star 123 (Coppock),
2025-12-31 23:30:00,2026-01-01 00:30:00,BUY,4321.91,4278.07,4497.26,4319.69,FLIP,-2.42,S433 AI Gold Star 123 (Coppock),
2026-01-01 00:30:00,2026-01-02 05:00:00,SELL,4319.69,4364.16,4141.82,4341.08,FLIP,-21.59,S433 AI Gold Star 123 (Coppock),
2026-01-02 05:00:00,2026-01-02 12:00:00,BUY,4341.08,4302.66,4494.76,4379.88,FLIP,38.6,S433 AI Gold Star 123 (Coppock),
2026-01-02 12:00:00,2026-01-03 02:00:00,SELL,4379.88,4406.96,4271.56,4328.46,FLIP,51.22,S433 AI Gold Star 123 (Coppock),
2026-01-03 02:00:00,2026-01-05 10:30:00,BUY,4328.46,4287.01,4494.25,4404.33,FLIP,75.67,S433 AI Gold Star 123 (Coppock),
2026-01-05 10:30:00,2026-01-05 20:30:00,SELL,4404.33,4448.41,4228.01,4436.46,FLIP,-32.33,S433 AI Gold Star 123 (Coppock),
2026-01-05 20:30:00,2026-01-06 02:30:00,BUY,4436.46,4396.18,4597.58,4444.82,FLIP,8.16,S433 AI Gold Star 123 (Coppock),
2026-01-06 02:30:00,2026-01-06 07:30:00,SELL,4444.82,4482.9,4292.51,4450.67,FLIP,-6.05,S433 AI Gold Star 123 (Coppock),
2026-01-06 07:30:00,2026-01-06 11:30:00,BUY,4450.67,4420.15,4572.74,4452.14,FLIP,1.27,S433 AI Gold Star 123 (Coppock),
2026-01-06 11:30:00,2026-01-06 12:00:00,SELL,4452.14,4487.46,4310.87,4461.23,FLIP,-9.29,S433 AI Gold Star 123 (Coppock),
2026-01-06 12:00:00,2026-01-06 13:00:00,BUY,4461.23,4426.2,4601.33,4464.6,FLIP,3.17,S433 AI Gold Star 123 (Coppock),
2026-01-06 13:00:00,2026-01-06 14:00:00,SELL,4464.6,4499.03,4326.9,4470.97,FLIP,-6.57,S433 AI Gold Star 123 (Coppock),
2026-01-06 14:00:00,2026-01-06 14:30:00,BUY,4470.97,4437.04,4606.71,4468.43,FLIP,-2.74,S433 AI Gold Star 123 (Coppock),
2026-01-06 14:30:00,2026-01-06 18:30:00,SELL,4468.43,4499.93,4342.42,4463.75,FLIP,4.48,S433 AI Gold Star 123 (Coppock),
2026-01-06 18:30:00,2026-01-07 01:00:00,BUY,4463.75,4434.27,4581.67,4480.89,FLIP,16.94,S433 AI Gold Star 123 (Coppock),
2026-01-07 01:00:00,2026-01-07 13:00:00,SELL,4480.89,4517.08,4336.12,4454.93,FLIP,25.76,S433 AI Gold Star 123 (Coppock),
2026-01-07 13:00:00,2026-01-07 18:30:00,BUY,4454.93,4417.47,4604.76,4445.24,FLIP,-9.89,S433 AI Gold Star 123 (Coppock),
2026-01-07 18:30:00,2026-01-07 19:30:00,SELL,4445.24,4475.73,4323.29,4452.88,FLIP,-7.84,S433 AI Gold Star 123 (Coppock),
2026-01-07 19:30:00,2026-01-07 20:00:00,BUY,4452.88,4419.21,4587.55,4444.59,FLIP,-8.49,S433 AI Gold Star 123 (Coppock),
2026-01-07 20:00:00,2026-01-07 22:00:00,SELL,4444.59,4477.86,4311.5,4457.91,FLIP,-13.52,S433 AI Gold Star 123 (Coppock),
2026-01-07 22:00:00,2026-01-08 03:30:00,BUY,4457.91,4418.77,4614.48,4455.4,FLIP,-2.71,S433 AI Gold Star 123 (Coppock),
2026-01-08 03:30:00,2026-01-08 05:00:00,SELL,4455.4,4485.75,4334.01,4462.03,FLIP,-6.83,S433 AI Gold Star 123 (Coppock),
2026-01-08 05:00:00,2026-01-08 06:00:00,BUY,4462.03,4434.48,4572.22,4456.88,FLIP,-5.35,S433 AI Gold Star 123 (Coppock),
2026-01-08 06:00:00,2026-01-08 13:00:00,SELL,4456.88,4481.72,4357.53,4436.58,FLIP,20.1,S433 AI Gold Star 123 (Coppock),
2026-01-08 13:00:00,2026-01-08 19:30:00,BUY,4436.58,4404.92,4563.22,4423.79,FLIP,-12.99,S433 AI Gold Star 123 (Coppock),
2026-01-08 19:30:00,2026-01-08 20:30:00,SELL,4423.79,4455.43,4297.22,4433.02,FLIP,-9.43,S433 AI Gold Star 123 (Coppock),
2026-01-08 20:30:00,2026-01-09 01:30:00,BUY,4433.02,4398.94,4569.32,4452.17,FLIP,18.95,S433 AI Gold Star 123 (Coppock),
2026-01-09 01:30:00,2026-01-09 02:00:00,SELL,4452.17,4487.8,4309.64,4469.99,FLIP,-18.02,S433 AI Gold Star 123 (Coppock),
2026-01-09 02:00:00,2026-01-09 05:00:00,BUY,4469.99,4433.65,4615.37,4477.14,FLIP,6.95,S433 AI Gold Star 123 (Coppock),
2026-01-09 05:00:00,2026-01-09 12:00:00,SELL,4477.14,4505.19,4364.94,4473.56,FLIP,3.38,S433 AI Gold Star 123 (Coppock),
2026-01-09 12:00:00,2026-01-09 17:00:00,BUY,4473.56,4448.2,4575.01,4470.69,FLIP,-3.07,S433 AI Gold Star 123 (Coppock),
2026-01-09 17:00:00,2026-01-09 17:30:00,SELL,4470.69,4490.94,4389.68,4475.48,FLIP,-4.99,S433 AI Gold Star 123 (Coppock),
2026-01-09 17:30:00,2026-01-09 18:00:00,BUY,4475.48,4454.8,4558.21,4467.85,FLIP,-7.83,S433 AI Gold Star 123 (Coppock),
2026-01-09 18:00:00,2026-01-09 19:30:00,SELL,4467.85,4489.6,4380.86,4482.69,FLIP,-15.04,S433 AI Gold Star 123 (Coppock),
2026-01-09 19:30:00,2026-01-09 23:30:00,BUY,4482.69,4453.75,4598.46,4484.57,FLIP,1.68,S433 AI Gold Star 123 (Coppock),
2026-01-09 23:30:00,2026-01-12 05:00:00,SELL,4484.57,4528.5,4308.85,4537.4,FLIP,-53.03,S433 AI Gold Star 123 (Coppock),
2026-01-12 05:00:00,2026-01-12 10:00:00,BUY,4537.4,4501.02,4682.93,4568.72,FLIP,31.12,S433 AI Gold Star 123 (Coppock),
2026-01-12 10:00:00,2026-01-12 15:00:00,SELL,4568.72,4616.1,4379.21,4596.52,FLIP,-28.0,S433 AI Gold Star 123 (Coppock),
2026-01-12 15:00:00,2026-01-12 15:30:00,BUY,4596.52,4564.18,4725.9,4589.14,FLIP,-7.58,S433 AI Gold Star 123 (Coppock),
2026-01-12 15:30:00,2026-01-12 16:30:00,SELL,4589.14,4619.31,4468.45,4594.24,FLIP,-5.3,S433 AI Gold Star 123 (Coppock),
2026-01-12 16:30:00,2026-01-12 17:00:00,BUY,4594.24,4564.74,4712.24,4585.17,FLIP,-9.27,S433 AI Gold Star 123 (Coppock),
2026-01-12 17:00:00,2026-01-12 19:00:00,SELL,4585.17,4615.62,4463.36,4604.93,FLIP,-19.96,S433 AI Gold Star 123 (Coppock),
2026-01-12 19:00:00,2026-01-12 20:00:00,BUY,4604.93,4572.55,4734.44,4587.14,FLIP,-17.99,S433 AI Gold Star 123 (Coppock),
2026-01-12 20:00:00,2026-01-12 21:00:00,SELL,4587.14,4625.3,4434.51,4619.75,FLIP,-32.81,S433 AI Gold Star 123 (Coppock),
2026-01-12 21:00:00,2026-01-13 00:00:00,BUY,4619.75,4576.15,4794.15,4605.57,FLIP,-14.38,S433 AI Gold Star 123 (Coppock),
2026-01-13 00:00:00,2026-01-13 08:30:00,SELL,4605.57,4651.76,4420.83,4594.32,FLIP,11.05,S433 AI Gold Star 123 (Coppock),
2026-01-13 08:30:00,2026-01-13 12:30:00,BUY,4594.32,4557.74,4740.66,4581.47,FLIP,-13.05,S433 AI Gold Star 123 (Coppock),
2026-01-13 12:30:00,2026-01-13 13:00:00,SELL,4581.47,4612.29,4458.19,4583.95,FLIP,-2.68,S433 AI Gold Star 123 (Coppock),
2026-01-13 13:00:00,2026-01-13 13:30:00,BUY,4583.95,4554.17,4703.06,4580.69,FLIP,-3.46,S433 AI Gold Star 123 (Coppock),
2026-01-13 13:30:00,2026-01-13 14:00:00,SELL,4580.69,4610.88,4459.93,4590.12,FLIP,-9.63,S433 AI Gold Star 123 (Coppock),
2026-01-13 14:00:00,2026-01-13 15:00:00,BUY,4590.12,4560.25,4709.61,4589.15,FLIP,-1.17,S433 AI Gold Star 123 (Coppock),
2026-01-13 15:00:00,2026-01-13 17:30:00,SELL,4589.15,4616.89,4478.18,4588.59,FLIP,0.36,S433 AI Gold Star 123 (Coppock),
2026-01-13 17:30:00,2026-01-13 18:00:00,BUY,4588.59,4561.47,4697.08,4580.49,FLIP,-8.3,S433 AI Gold Star 123 (Coppock),
2026-01-13 18:00:00,2026-01-13 18:30:00,SELL,4580.49,4607.98,4470.53,4593.21,FLIP,-12.92,S433 AI Gold Star 123 (Coppock),
2026-01-13 18:30:00,2026-01-13 22:00:00,BUY,4593.21,4565.82,4702.76,4598.4,FLIP,4.99,S433 AI Gold Star 123 (Coppock),
2026-01-13 22:00:00,2026-01-13 22:30:00,SELL,4598.4,4642.69,4421.25,4613.48,FLIP,-15.28,S433 AI Gold Star 123 (Coppock),
2026-01-13 22:30:00,2026-01-13 23:30:00,BUY,4613.48,4566.92,4799.74,4590.44,FLIP,-23.24,S433 AI Gold Star 123 (Coppock),
2026-01-13 23:30:00,2026-01-14 06:00:00,SELL,4590.44,4641.71,4385.36,4609.68,FLIP,-19.44,S433 AI Gold Star 123 (Coppock),
2026-01-14 06:00:00,2026-01-14 11:30:00,BUY,4609.68,4572.96,4756.55,4619.91,FLIP,10.03,S433 AI Gold Star 123 (Coppock),
2026-01-14 11:30:00,2026-01-14 12:00:00,SELL,4619.91,4648.73,4504.63,4632.98,FLIP,-13.27,S433 AI Gold Star 123 (Coppock),
2026-01-14 12:00:00,2026-01-14 12:30:00,BUY,4632.98,4603.07,4752.62,4637.24,FLIP,4.06,S433 AI Gold Star 123 (Coppock),
2026-01-14 12:30:00,2026-01-14 18:30:00,SELL,4637.24,4668.33,4512.88,4638.62,FLIP,-1.58,S433 AI Gold Star 123 (Coppock),
2026-01-14 18:30:00,2026-01-14 19:00:00,BUY,4638.62,4610.22,4752.23,4631.81,FLIP,-7.01,S433 AI Gold Star 123 (Coppock),
2026-01-14 19:00:00,2026-01-15 00:00:00,SELL,4631.81,4659.65,4520.45,4628.3,FLIP,3.31,S433 AI Gold Star 123 (Coppock),
2026-01-15 00:00:00,2026-01-15 05:00:00,BUY,4628.3,4585.82,4798.22,4609.16,FLIP,-19.34,S433 AI Gold Star 123 (Coppock),
2026-01-15 05:00:00,2026-01-15 05:30:00,SELL,4609.16,4647.11,4457.34,4615.27,FLIP,-6.31,S433 AI Gold Star 123 (Coppock),
2026-01-15 05:30:00,2026-01-15 06:00:00,BUY,4615.27,4577.07,4768.09,4616.72,FLIP,1.25,S433 AI Gold Star 123 (Coppock),
2026-01-15 06:00:00,2026-01-15 11:00:00,SELL,4616.72,4654.23,4466.67,4592.95,FLIP,23.57,S433 AI Gold Star 123 (Coppock),
2026-01-15 11:00:00,2026-01-15 18:30:00,BUY,4592.95,4548.33,4771.45,4613.99,FLIP,20.84,S433 AI Gold Star 123 (Coppock),
2026-01-15 18:30:00,2026-01-16 00:00:00,SELL,4613.99,4639.79,4510.81,4619.51,FLIP,-5.72,S433 AI Gold Star 123 (Coppock),
2026-01-16 00:00:00,2026-01-16 02:00:00,BUY,4619.51,4583.82,4762.28,4604.96,FLIP,-14.75,S433 AI Gold Star 123 (Coppock),
2026-01-16 02:00:00,2026-01-16 02:30:00,SELL,4604.96,4640.14,4464.26,4605.78,FLIP,-1.02,S433 AI Gold Star 123 (Coppock),
2026-01-16 02:30:00,2026-01-16 05:00:00,BUY,4605.78,4574.4,4731.3,4609.1,FLIP,3.12,S433 AI Gold Star 123 (Coppock),
2026-01-16 05:00:00,2026-01-16 10:00:00,SELL,4609.1,4634.65,4506.89,4598.57,FLIP,10.33,S433 AI Gold Star 123 (Coppock),
2026-01-16 10:00:00,2026-01-16 16:30:00,BUY,4598.57,4575.23,4691.92,4600.24,FLIP,1.47,S433 AI Gold Star 123 (Coppock),
2026-01-16 16:30:00,2026-01-16 17:00:00,SELL,4600.24,4628.46,4487.37,4611.17,FLIP,-11.13,S433 AI Gold Star 123 (Coppock),
2026-01-16 17:00:00,2026-01-16 18:30:00,BUY,4611.17,4581.3,4730.66,4601.85,FLIP,-9.52,S433 AI Gold Star 123 (Coppock),
2026-01-16 18:30:00,2026-01-16 20:30:00,SELL,4601.85,4630.29,4488.11,4608.02,FLIP,-6.37,S433 AI Gold Star 123 (Coppock),
2026-01-16 20:30:00,2026-01-16 21:00:00,BUY,4608.02,4575.05,4739.9,4565.15,FLIP,-43.07,S433 AI Gold Star 123 (Coppock),
2026-01-16 21:00:00,2026-01-17 00:00:00,SELL,4565.15,4608.77,4390.69,4589.98,FLIP,-25.03,S433 AI Gold Star 123 (Coppock),
2026-01-17 00:00:00,2026-01-17 00:30:00,BUY,4589.98,4531.76,4822.86,4582.72,FLIP,-7.46,S433 AI Gold Star 123 (Coppock),
2026-01-17 00:30:00,2026-01-17 01:30:00,SELL,4582.72,4642.56,4343.35,4590.56,FLIP,-8.04,S433 AI Gold Star 123 (Coppock),
2026-01-17 01:30:00,2026-01-19 09:30:00,BUY,4590.56,4531.13,4828.27,4658.36,FLIP,67.6,S433 AI Gold Star 123 (Coppock),
2026-01-19 09:30:00,2026-01-19 18:30:00,SELL,4658.36,4712.08,4443.48,4671.99,FLIP,-13.83,S433 AI Gold Star 123 (Coppock),
2026-01-19 18:30:00,2026-01-19 19:30:00,BUY,4671.99,4647.19,4771.2,4666.16,FLIP,-6.03,S433 AI Gold Star 123 (Coppock),
2026-01-19 19:30:00,2026-01-19 20:00:00,SELL,4666.16,4690.77,4567.72,4668.07,FLIP,-2.11,S433 AI Gold Star 123 (Coppock),
2026-01-19 20:00:00,2026-01-19 21:00:00,BUY,4668.07,4645.16,4759.72,4666.75,FLIP,-1.52,S433 AI Gold Star 123 (Coppock),
2026-01-19 21:00:00,2026-01-19 21:30:00,SELL,4666.75,4688.65,4579.14,4674.26,FLIP,-7.71,S433 AI Gold Star 123 (Coppock),
2026-01-19 21:30:00,2026-01-20 01:00:00,BUY,4674.26,4652.12,4762.82,4670.24,FLIP,-4.22,S433 AI Gold Star 123 (Coppock),
2026-01-20 01:00:00,2026-01-20 07:00:00,SELL,4670.24,4689.56,4592.97,4670.99,FLIP,-0.95,S433 AI Gold Star 123 (Coppock),
2026-01-20 07:00:00,2026-01-20 07:30:00,BUY,4670.99,4651.42,4749.28,4669.73,FLIP,-1.46,S433 AI Gold Star 123 (Coppock),
2026-01-20 07:30:00,2026-01-20 09:00:00,SELL,4669.73,4689.35,4591.25,4673.3,FLIP,-3.77,S433 AI Gold Star 123 (Coppock),
2026-01-20 09:00:00,2026-01-20 16:00:00,BUY,4673.3,4651.14,4761.93,4727.8,FLIP,54.3,S433 AI Gold Star 123 (Coppock),
2026-01-20 16:00:00,2026-01-20 22:30:00,SELL,4727.8,4759.39,4601.44,4753.54,FLIP,-25.94,S433 AI Gold Star 123 (Coppock),
2026-01-20 22:30:00,2026-01-21 02:00:00,BUY,4753.54,4712.1,4919.29,4749.99,FLIP,-3.75,S433 AI Gold Star 123 (Coppock),
2026-01-21 02:00:00,2026-01-21 02:30:00,SELL,4749.99,4794.53,4571.83,4756.22,FLIP,-6.43,S433 AI Gold Star 123 (Coppock),
2026-01-21 02:30:00,2026-01-21 03:00:00,BUY,4756.22,4714.67,4922.41,4759.38,FLIP,2.96,S433 AI Gold Star 123 (Coppock),
2026-01-21 03:00:00,2026-01-21 05:30:00,SELL,4759.38,4798.0,4604.91,4775.87,FLIP,-16.69,S433 AI Gold Star 123 (Coppock),
2026-01-21 05:30:00,2026-01-21 12:30:00,BUY,4775.87,4743.64,4904.8,4847.59,FLIP,71.52,S433 AI Gold Star 123 (Coppock),
2026-01-21 12:30:00,2026-01-21 19:30:00,SELL,4847.59,4913.03,4585.82,4879.33,FLIP,-31.94,S433 AI Gold Star 123 (Coppock),
2026-01-21 19:30:00,2026-01-21 20:00:00,BUY,4879.33,4836.86,5049.19,4860.6,FLIP,-18.93,S433 AI Gold Star 123 (Coppock),
2026-01-21 20:00:00,2026-01-22 00:30:00,SELL,4860.6,4908.11,4670.58,4850.21,FLIP,10.19,S433 AI Gold Star 123 (Coppock),
2026-01-22 00:30:00,2026-01-22 01:00:00,BUY,4850.21,4777.62,5140.56,4816.36,FLIP,-34.05,S433 AI Gold Star 123 (Coppock),
2026-01-22 01:00:00,2026-01-22 02:30:00,SELL,4816.36,4896.86,4494.37,4827.17,FLIP,-11.01,S433 AI Gold Star 123 (Coppock),
2026-01-22 02:30:00,2026-01-22 05:30:00,BUY,4827.17,4728.4,5222.27,4778.45,FLIP,-48.92,S433 AI Gold Star 123 (Coppock),
2026-01-22 05:30:00,2026-01-22 06:30:00,SELL,4778.45,4867.96,4420.41,4798.2,FLIP,-19.95,S433 AI Gold Star 123 (Coppock),
2026-01-22 06:30:00,2026-01-22 08:30:00,BUY,4798.2,4713.37,5137.53,4789.35,FLIP,-9.05,S433 AI Gold Star 123 (Coppock),
2026-01-22 08:30:00,2026-01-22 09:00:00,SELL,4789.35,4873.14,4454.17,4792.7,FLIP,-3.55,S433 AI Gold Star 123 (Coppock),
2026-01-22 09:00:00,2026-01-22 16:30:00,BUY,4792.7,4716.82,5096.21,4829.0,FLIP,36.1,S433 AI Gold Star 123 (Coppock),
2026-01-22 16:30:00,2026-01-22 21:00:00,SELL,4829.0,4860.76,4701.97,4854.0,FLIP,-25.2,S433 AI Gold Star 123 (Coppock),
2026-01-22 21:00:00,2026-01-23 03:00:00,BUY,4854.0,4813.65,5015.42,4925.14,FLIP,70.94,S433 AI Gold Star 123 (Coppock),
2026-01-23 03:00:00,2026-01-23 03:30:00,SELL,4925.14,4973.67,4731.02,4935.95,FLIP,-11.01,S433 AI Gold Star 123 (Coppock),
2026-01-23 03:30:00,2026-01-23 05:00:00,BUY,4935.95,4888.02,5127.67,4940.25,FLIP,4.1,S433 AI Gold Star 123 (Coppock),
2026-01-23 05:00:00,2026-01-23 18:00:00,SELL,4940.25,4987.0,4753.26,4934.13,FLIP,5.92,S433 AI Gold Star 123 (Coppock),
2026-01-23 18:00:00,2026-01-24 02:00:00,BUY,4934.13,4885.82,5127.39,4981.01,FLIP,46.68,S433 AI Gold Star 123 (Coppock),
2026-01-24 02:00:00,2026-01-26 05:00:00,SELL,4981.01,5033.42,4771.38,5018.31,FLIP,-37.5,S433 AI Gold Star 123 (Coppock),
2026-01-26 05:00:00,2026-01-26 10:30:00,BUY,5018.31,4965.96,5227.71,5070.38,FLIP,51.87,S433 AI Gold Star 123 (Coppock),
2026-01-26 10:30:00,2026-01-26 17:30:00,SELL,5070.38,5126.24,4846.93,5091.52,FLIP,-21.34,S433 AI Gold Star 123 (Coppock),
2026-01-26 17:30:00,2026-01-26 18:30:00,BUY,5091.52,5040.37,5296.13,5078.91,FLIP,-12.81,S433 AI Gold Star 123 (Coppock),
2026-01-26 18:30:00,2026-01-26 21:30:00,SELL,5078.91,5125.76,4891.5,5091.11,FLIP,-12.4,S433 AI Gold Star 123 (Coppock),
2026-01-26 21:30:00,2026-01-26 22:00:00,BUY,5091.11,5042.87,5284.09,5075.69,FLIP,-15.62,S433 AI Gold Star 123 (Coppock),
2026-01-26 22:00:00,2026-01-26 22:30:00,SELL,5075.69,5128.16,4865.8,5089.47,FLIP,-13.98,S433 AI Gold Star 123 (Coppock),
2026-01-26 22:30:00,2026-01-27 00:30:00,BUY,5089.47,5035.75,5304.34,5068.96,FLIP,-20.71,S433 AI Gold Star 123 (Coppock),
2026-01-27 00:30:00,2026-01-27 07:00:00,SELL,5068.96,5133.02,4812.73,5066.83,FLIP,1.93,S433 AI Gold Star 123 (Coppock),
2026-01-27 07:00:00,2026-01-27 14:00:00,BUY,5066.83,4966.56,5467.9,5077.54,FLIP,10.51,S433 AI Gold Star 123 (Coppock),
2026-01-27 14:00:00,2026-01-27 21:30:00,SELL,5077.54,5121.93,4899.99,5090.78,FLIP,-13.44,S433 AI Gold Star 123 (Coppock),
2026-01-27 21:30:00,2026-01-28 09:30:00,BUY,5090.78,5038.82,5298.64,5235.04,FLIP,144.06,S433 AI Gold Star 123 (Coppock),
2026-01-28 09:30:00,2026-01-28 13:00:00,SELL,5235.04,5312.05,4926.98,5281.14,FLIP,-46.3,S433 AI Gold Star 123 (Coppock),
2026-01-28 13:00:00,2026-01-28 14:00:00,BUY,5281.14,5222.21,5516.85,5299.32,FLIP,17.98,S433 AI Gold Star 123 (Coppock),
2026-01-28 14:00:00,2026-01-28 22:00:00,SELL,5299.32,5354.86,5077.17,5287.34,FLIP,11.78,S433 AI Gold Star 123 (Coppock),
2026-01-28 22:00:00,2026-01-29 05:30:00,BUY,5287.34,5216.32,5571.43,5571.43,TP,283.89,S433 AI Gold Star 123 (Coppock),
2026-01-29 09:00:00,2026-01-29 18:00:00,SELL,5521.96,5674.01,4913.77,5540.85,FLIP,-19.09,S433 AI Gold Star 123 (Coppock),
2026-01-29 18:00:00,2026-01-29 19:00:00,BUY,5540.85,5452.39,5894.67,5519.85,FLIP,-21.2,S433 AI Gold Star 123 (Coppock),
2026-01-29 19:00:00,2026-01-29 20:00:00,SELL,5519.85,5606.73,5172.33,5544.04,FLIP,-24.39,S433 AI Gold Star 123 (Coppock),
2026-01-29 20:00:00,2026-01-29 20:30:00,BUY,5544.04,5457.34,5890.82,5496.92,FLIP,-47.32,S433 AI Gold Star 123 (Coppock),
2026-01-29 20:30:00,2026-01-29 21:00:00,SELL,5496.92,5591.62,5118.11,5118.11,TP,378.61,S433 AI Gold Star 123 (Coppock),
2026-01-30 02:00:00,2026-01-30 07:00:00,BUY,5317.98,5051.64,6383.35,5357.27,FLIP,39.09,S433 AI Gold Star 123 (Coppock),
2026-01-30 07:00:00,2026-01-30 13:30:00,SELL,5357.27,5517.6,4715.96,5181.31,FLIP,175.76,S433 AI Gold Star 123 (Coppock),
2026-01-30 13:30:00,2026-01-30 15:30:00,BUY,5181.31,4966.87,6039.07,5015.21,FLIP,-166.3,S433 AI Gold Star 123 (Coppock),
2026-01-30 15:30:00,2026-01-30 16:00:00,SELL,5015.21,5206.84,4248.68,5059.79,FLIP,-44.78,S433 AI Gold Star 123 (Coppock),
2026-01-30 16:00:00,2026-01-30 19:00:00,BUY,5059.79,4865.48,5837.04,5026.46,FLIP,-33.53,S433 AI Gold Star 123 (Coppock),
2026-01-30 19:00:00,2026-01-30 20:00:00,SELL,5026.46,5238.91,4176.65,5072.51,FLIP,-46.25,S433 AI Gold Star 123 (Coppock),
2026-01-30 20:00:00,2026-01-30 22:30:00,BUY,5072.51,4853.79,5947.39,4985.8,FLIP,-86.91,S433 AI Gold Star 123 (Coppock),
2026-01-30 22:30:00,2026-01-31 01:30:00,SELL,4985.8,5181.61,4202.57,4932.62,FLIP,52.98,S433 AI Gold Star 123 (Coppock),
2026-01-31 01:30:00,2026-01-31 02:30:00,BUY,4932.62,4648.23,6070.19,4850.64,FLIP,-82.18,S433 AI Gold Star 123 (Coppock),
2026-01-31 02:30:00,2026-01-31 03:30:00,SELL,4850.64,5134.22,3716.33,4891.18,FLIP,-40.74,S433 AI Gold Star 123 (Coppock),
2026-01-31 03:30:00,2026-02-02 05:00:00,BUY,4891.18,4622.07,5967.61,4726.04,FLIP,-165.34,S433 AI Gold Star 123 (Coppock),
2026-02-02 05:00:00,2026-02-02 06:00:00,SELL,4726.04,5020.07,3549.92,4846.64,FLIP,-120.8,S433 AI Gold Star 123 (Coppock),
2026-02-02 06:00:00,2026-02-02 07:00:00,BUY,4846.64,4526.92,6125.53,4695.97,FLIP,-150.87,S433 AI Gold Star 123 (Coppock),
2026-02-02 07:00:00,2026-02-02 07:30:00,SELL,4695.97,5043.15,3307.24,4737.12,FLIP,-41.35,S433 AI Gold Star 123 (Coppock),
2026-02-02 07:30:00,2026-02-02 08:30:00,BUY,4737.12,4399.2,6088.79,4711.84,FLIP,-25.48,S433 AI Gold Star 123 (Coppock),
2026-02-02 08:30:00,2026-02-02 10:30:00,SELL,4711.84,4989.04,3603.03,4679.96,FLIP,31.68,S433 AI Gold Star 123 (Coppock),
2026-02-02 10:30:00,2026-02-02 11:30:00,BUY,4679.96,4400.78,5796.68,4550.12,FLIP,-130.04,S433 AI Gold Star 123 (Coppock),
2026-02-02 11:30:00,2026-02-02 13:30:00,SELL,4550.12,4851.91,3342.95,4587.08,FLIP,-37.16,S433 AI Gold Star 123 (Coppock),
2026-02-02 13:30:00,2026-02-02 20:30:00,BUY,4587.08,4297.61,5744.97,4720.11,FLIP,132.83,S433 AI Gold Star 123 (Coppock),
2026-02-02 20:30:00,2026-02-03 02:00:00,SELL,4720.11,4908.43,3966.82,4670.47,FLIP,49.44,S433 AI Gold Star 123 (Coppock),
2026-02-03 02:00:00,2026-02-03 10:30:00,BUY,4670.47,4482.07,5424.09,4808.88,FLIP,138.21,S433 AI Gold Star 123 (Coppock),
2026-02-03 10:30:00,2026-02-03 13:30:00,SELL,4808.88,4967.59,4174.05,4917.3,FLIP,-108.62,S433 AI Gold Star 123 (Coppock),
2026-02-03 13:30:00,2026-02-03 14:30:00,BUY,4917.3,4791.32,5421.21,4912.19,FLIP,-5.31,S433 AI Gold Star 123 (Coppock),
2026-02-03 14:30:00,2026-02-03 15:30:00,SELL,4912.19,5029.04,4444.8,4916.1,FLIP,-4.11,S433 AI Gold Star 123 (Coppock),
2026-02-03 15:30:00,2026-02-03 16:30:00,BUY,4916.1,4809.47,5342.63,4902.42,FLIP,-13.88,S433 AI Gold Star 123 (Coppock),
2026-02-03 16:30:00,2026-02-03 22:00:00,SELL,4902.42,4998.9,4516.48,4973.09,FLIP,-70.87,S433 AI Gold Star 123 (Coppock),
2026-02-03 22:00:00,2026-02-03 23:00:00,BUY,4973.09,4876.36,5360.01,4948.45,FLIP,-24.84,S433 AI Gold Star 123 (Coppock),
2026-02-03 23:00:00,2026-02-04 06:00:00,SELL,4948.45,5051.83,4534.94,4980.98,FLIP,-32.73,S433 AI Gold Star 123 (Coppock),
2026-02-04 06:00:00,2026-02-04 11:30:00,BUY,4980.98,4857.75,5473.91,5079.26,FLIP,98.08,S433 AI Gold Star 123 (Coppock),
2026-02-04 11:30:00,2026-02-05 01:00:00,SELL,5079.26,5177.69,4685.55,4934.04,FLIP,145.02,S433 AI Gold Star 123 (Coppock),
2026-02-05 01:00:00,2026-02-05 08:00:00,BUY,4934.04,4793.14,5497.64,4937.28,FLIP,3.04,S433 AI Gold Star 123 (Coppock),
2026-02-05 08:00:00,2026-02-05 12:30:00,SELL,4937.28,5041.23,4521.48,4920.79,FLIP,16.29,S433 AI Gold Star 123 (Coppock),
2026-02-05 12:30:00,2026-02-05 17:30:00,BUY,4920.79,4760.19,5563.2,4868.06,FLIP,-52.93,S433 AI Gold Star 123 (Coppock),
2026-02-05 17:30:00,2026-02-05 22:00:00,SELL,4868.06,4984.72,4401.42,4850.16,FLIP,17.7,S433 AI Gold Star 123 (Coppock),
2026-02-05 22:00:00,2026-02-06 02:00:00,BUY,4850.16,4721.63,5364.29,4825.5,FLIP,-24.86,S433 AI Gold Star 123 (Coppock),
2026-02-06 02:00:00,2026-02-06 08:00:00,SELL,4825.5,4939.89,4367.92,4820.33,FLIP,4.97,S433 AI Gold Star 123 (Coppock),
2026-02-06 08:00:00,2026-02-06 13:30:00,BUY,4820.33,4681.32,5376.36,4840.17,FLIP,19.64,S433 AI Gold Star 123 (Coppock),
2026-02-06 13:30:00,2026-02-06 14:00:00,SELL,4840.17,4968.03,4328.74,4867.53,FLIP,-27.56,S433 AI Gold Star 123 (Coppock),
2026-02-06 14:00:00,2026-02-06 14:30:00,BUY,4867.53,4744.98,5357.75,4862.15,FLIP,-5.58,S433 AI Gold Star 123 (Coppock),
2026-02-06 14:30:00,2026-02-06 19:00:00,SELL,4862.15,4973.94,4415.0,4909.39,FLIP,-47.44,S433 AI Gold Star 123 (Coppock),
2026-02-06 19:00:00,2026-02-07 00:00:00,BUY,4909.39,4824.69,5248.19,4956.13,FLIP,46.54,S433 AI Gold Star 123 (Coppock),
2026-02-07 00:00:00,2026-02-09 05:00:00,SELL,4956.13,5040.51,4618.6,5024.33,FLIP,-68.4,S433 AI Gold Star 123 (Coppock),
2026-02-09 05:00:00,2026-02-09 07:30:00,BUY,5024.33,4960.12,5281.17,4982.63,FLIP,-41.9,S433 AI Gold Star 123 (Coppock),
2026-02-09 07:30:00,2026-02-09 09:00:00,SELL,4982.63,5055.78,4690.04,5025.16,FLIP,-42.73,S433 AI Gold Star 123 (Coppock),
2026-02-09 09:00:00,2026-02-09 10:00:00,BUY,5025.16,4945.37,5344.3,5017.78,FLIP,-7.58,S433 AI Gold Star 123 (Coppock),
2026-02-09 10:00:00,2026-02-09 14:30:00,SELL,5017.78,5099.37,4691.42,5027.27,FLIP,-9.69,S433 AI Gold Star 123 (Coppock),
2026-02-09 14:30:00,2026-02-09 15:00:00,BUY,5027.27,4960.29,5295.19,5024.33,FLIP,-3.14,S433 AI Gold Star 123 (Coppock),
2026-02-09 15:00:00,2026-02-09 20:00:00,SELL,5024.33,5089.54,4763.48,5020.81,FLIP,3.32,S433 AI Gold Star 123 (Coppock),
2026-02-09 20:00:00,2026-02-10 03:00:00,BUY,5020.81,4962.83,5252.71,5055.19,FLIP,34.18,S433 AI Gold Star 123 (Coppock),
2026-02-10 03:00:00,2026-02-10 10:30:00,SELL,5055.19,5110.8,4832.74,5031.67,FLIP,23.32,S433 AI Gold Star 123 (Coppock),
2026-02-10 10:30:00,2026-02-10 18:30:00,BUY,5031.67,4954.22,5341.46,5032.15,FLIP,0.28,S433 AI Gold Star 123 (Coppock),
2026-02-10 18:30:00,2026-02-10 19:30:00,SELL,5032.15,5080.0,4840.73,5051.12,FLIP,-19.17,S433 AI Gold Star 123 (Coppock),
2026-02-10 19:30:00,2026-02-10 20:30:00,BUY,5051.12,5002.11,5247.17,5039.73,FLIP,-11.59,S433 AI Gold Star 123 (Coppock),
2026-02-10 20:30:00,2026-02-11 02:00:00,SELL,5039.73,5101.33,4793.34,5028.2,FLIP,11.33,S433 AI Gold Star 123 (Coppock),
2026-02-11 02:00:00,2026-02-11 10:30:00,BUY,5028.2,4963.06,5288.75,5046.34,FLIP,17.94,S433 AI Gold Star 123 (Coppock),
2026-02-11 10:30:00,2026-02-11 12:30:00,SELL,5046.34,5091.35,4866.29,5064.18,FLIP,-18.04,S433 AI Gold Star 123 (Coppock),
2026-02-11 12:30:00,2026-02-11 13:00:00,BUY,5064.18,5020.71,5238.04,5059.95,FLIP,-4.43,S433 AI Gold Star 123 (Coppock),
2026-02-11 13:00:00,2026-02-11 16:00:00,SELL,5059.95,5103.51,4885.69,5071.29,FLIP,-11.54,S433 AI Gold Star 123 (Coppock),
2026-02-11 16:00:00,2026-02-11 19:30:00,BUY,5071.29,5035.02,5216.39,5066.14,FLIP,-5.35,S433 AI Gold Star 123 (Coppock),
2026-02-11 19:30:00,2026-02-12 01:00:00,SELL,5066.14,5137.99,4778.73,5091.72,FLIP,-25.78,S433 AI Gold Star 123 (Coppock),
2026-02-12 01:00:00,2026-02-12 05:30:00,BUY,5091.72,5006.15,5434.0,5061.2,FLIP,-30.72,S433 AI Gold Star 123 (Coppock),
2026-02-12 05:30:00,2026-02-12 10:30:00,SELL,5061.2,5116.67,4839.32,5069.73,FLIP,-8.73,S433 AI Gold Star 123 (Coppock),
2026-02-12 10:30:00,2026-02-12 16:00:00,BUY,5069.73,5021.68,5261.91,5061.37,FLIP,-8.56,S433 AI Gold Star 123 (Coppock),
2026-02-12 16:00:00,2026-02-12 19:00:00,SELL,5061.37,5102.23,4897.94,5062.44,FLIP,-1.27,S433 AI Gold Star 123 (Coppock),
2026-02-12 19:00:00,2026-02-12 20:00:00,BUY,5062.44,5022.58,5221.89,5059.92,FLIP,-2.72,S433 AI Gold Star 123 (Coppock),
2026-02-12 20:00:00,2026-02-12 21:00:00,SELL,5059.92,5103.35,4886.19,5066.01,FLIP,-6.29,S433 AI Gold Star 123 (Coppock),
2026-02-12 21:00:00,2026-02-12 21:30:00,BUY,5066.01,5013.87,5274.59,5060.22,FLIP,-5.99,S433 AI Gold Star 123 (Coppock),
2026-02-12 21:30:00,2026-02-13 03:30:00,SELL,5060.22,5111.29,4855.94,4921.62,FLIP,138.4,S433 AI Gold Star 123 (Coppock),
2026-02-13 03:30:00,2026-02-13 11:30:00,BUY,4921.62,4800.28,5406.98,4946.16,FLIP,24.34,S433 AI Gold Star 123 (Coppock),
2026-02-13 11:30:00,2026-02-13 18:00:00,SELL,4946.16,5019.1,4654.4,4967.34,FLIP,-21.38,S433 AI Gold Star 123 (Coppock),
2026-02-13 18:00:00,2026-02-13 21:30:00,BUY,4967.34,4906.72,5209.81,4976.85,FLIP,9.31,S433 AI Gold Star 123 (Coppock),
2026-02-13 21:30:00,2026-02-13 22:00:00,SELL,4976.85,5049.02,4688.16,5027.75,FLIP,-51.1,S433 AI Gold Star 123 (Coppock),
2026-02-13 22:00:00,2026-02-14 01:30:00,BUY,5027.75,4947.01,5350.7,5025.78,FLIP,-2.17,S433 AI Gold Star 123 (Coppock),
2026-02-14 01:30:00,2026-02-16 12:00:00,SELL,5025.78,5102.86,4717.46,4993.12,FLIP,32.46,S433 AI Gold Star 123 (Coppock),
2026-02-16 12:00:00,2026-02-16 18:00:00,BUY,4993.12,4945.39,5184.02,4996.39,FLIP,3.07,S433 AI Gold Star 123 (Coppock),
2026-02-16 18:00:00,2026-02-16 23:00:00,SELL,4996.39,5027.1,4873.56,4994.67,FLIP,1.52,S433 AI Gold Star 123 (Coppock),
2026-02-16 23:00:00,2026-02-17 06:00:00,BUY,4994.67,4963.55,5119.15,4973.44,FLIP,-21.43,S433 AI Gold Star 123 (Coppock),
2026-02-17 06:00:00,2026-02-17 13:30:00,SELL,4973.44,5003.27,4854.12,4917.12,FLIP,56.12,S433 AI Gold Star 123 (Coppock),
2026-02-17 13:30:00,2026-02-17 19:30:00,BUY,4917.12,4853.4,5171.99,4870.67,FLIP,-46.65,S433 AI Gold Star 123 (Coppock),
2026-02-17 19:30:00,2026-02-18 00:30:00,SELL,4870.67,4925.02,4653.26,4899.02,FLIP,-28.55,S433 AI Gold Star 123 (Coppock),
2026-02-18 00:30:00,2026-02-18 13:30:00,BUY,4899.02,4811.4,5249.51,4930.3,FLIP,31.08,S433 AI Gold Star 123 (Coppock),
2026-02-18 13:30:00,2026-02-18 18:30:00,SELL,4930.3,4963.51,4797.45,4943.0,FLIP,-12.9,S433 AI Gold Star 123 (Coppock),
2026-02-18 18:30:00,2026-02-19 00:00:00,BUY,4943.0,4908.69,5080.25,4988.17,FLIP,44.97,S433 AI Gold Star 123 (Coppock),
2026-02-19 00:00:00,2026-02-19 08:00:00,SELL,4988.17,5036.98,4792.93,4972.85,FLIP,15.12,S433 AI Gold Star 123 (Coppock),
2026-02-19 08:00:00,2026-02-19 15:00:00,BUY,4972.85,4934.94,5124.47,5000.64,FLIP,27.59,S433 AI Gold Star 123 (Coppock),
2026-02-19 15:00:00,2026-02-19 20:30:00,SELL,5000.64,5031.12,4878.72,5005.61,FLIP,-5.17,S433 AI Gold Star 123 (Coppock),
2026-02-19 20:30:00,2026-02-19 23:30:00,BUY,5005.61,4953.91,5212.42,4984.93,FLIP,-20.88,S433 AI Gold Star 123 (Coppock),
2026-02-19 23:30:00,2026-02-20 00:30:00,SELL,4984.93,5040.91,4761.01,4981.82,FLIP,2.91,S433 AI Gold Star 123 (Coppock),
2026-02-20 00:30:00,2026-02-20 01:00:00,BUY,4981.82,4926.84,5201.75,4989.21,FLIP,7.19,S433 AI Gold Star 123 (Coppock),
2026-02-20 01:00:00,2026-02-20 01:30:00,SELL,4989.21,5043.8,4770.85,4987.95,FLIP,1.06,S433 AI Gold Star 123 (Coppock),
2026-02-20 01:30:00,2026-02-20 02:00:00,BUY,4987.95,4933.45,5205.93,4995.78,FLIP,7.63,S433 AI Gold Star 123 (Coppock),
2026-02-20 02:00:00,2026-02-20 06:00:00,SELL,4995.78,5049.37,4781.41,4990.59,FLIP,4.99,S433 AI Gold Star 123 (Coppock),
2026-02-20 06:00:00,2026-02-20 09:00:00,BUY,4990.59,4955.68,5130.23,4992.24,FLIP,1.45,S433 AI Gold Star 123 (Coppock),
2026-02-20 09:00:00,2026-02-20 11:00:00,SELL,4992.24,5028.67,4846.5,5001.67,FLIP,-9.63,S433 AI Gold Star 123 (Coppock),
2026-02-20 11:00:00,2026-02-20 13:30:00,BUY,5001.67,4964.9,5148.75,5006.48,FLIP,4.61,S433 AI Gold Star 123 (Coppock),
2026-02-20 13:30:00,2026-02-20 14:00:00,SELL,5006.48,5043.93,4856.69,5018.46,FLIP,-12.18,S433 AI Gold Star 123 (Coppock),
2026-02-20 14:00:00,2026-02-20 17:00:00,BUY,5018.46,4981.9,5164.71,5028.72,FLIP,10.06,S433 AI Gold Star 123 (Coppock),
2026-02-20 17:00:00,2026-02-20 19:30:00,SELL,5028.72,5065.5,4881.58,5043.59,FLIP,-15.07,S433 AI Gold Star 123 (Coppock),
2026-02-20 19:30:00,2026-02-20 20:00:00,BUY,5043.59,5000.49,5216.0,5041.64,FLIP,-2.15,S433 AI Gold Star 123 (Coppock),
2026-02-20 20:00:00,2026-02-20 20:30:00,SELL,5041.64,5082.88,4876.67,5054.6,FLIP,-13.16,S433 AI Gold Star 123 (Coppock),
2026-02-20 20:30:00,2026-02-20 21:00:00,BUY,5054.6,5011.0,5228.99,5026.16,FLIP,-28.64,S433 AI Gold Star 123 (Coppock),
2026-02-20 21:00:00,2026-02-20 22:00:00,SELL,5026.16,5082.62,4800.33,5053.89,FLIP,-27.93,S433 AI Gold Star 123 (Coppock),
2026-02-20 22:00:00,2026-02-23 09:00:00,BUY,5053.89,4991.94,5301.71,5164.29,FLIP,110.2,S433 AI Gold Star 123 (Coppock),
2026-02-23 09:00:00,2026-02-23 16:00:00,SELL,5164.29,5222.34,4932.1,5156.1,FLIP,7.99,S433 AI Gold Star 123 (Coppock),
2026-02-23 16:00:00,2026-02-24 01:30:00,BUY,5156.1,5119.35,5303.1,5215.76,FLIP,59.46,S433 AI Gold Star 123 (Coppock),
2026-02-24 01:30:00,2026-02-24 02:30:00,SELL,5215.76,5271.57,4992.53,5236.31,FLIP,-20.75,S433 AI Gold Star 123 (Coppock),
2026-02-24 02:30:00,2026-02-24 03:00:00,BUY,5236.31,5181.7,5454.77,5229.96,FLIP,-6.55,S433 AI Gold Star 123 (Coppock),
2026-02-24 03:00:00,2026-02-24 12:30:00,SELL,5229.96,5281.21,5024.96,5173.63,FLIP,56.13,S433 AI Gold Star 123 (Coppock),
2026-02-24 12:30:00,2026-02-24 18:00:00,BUY,5173.63,5113.37,5414.66,5161.69,FLIP,-12.14,S433 AI Gold Star 123 (Coppock),
2026-02-24 18:00:00,2026-02-24 21:30:00,SELL,5161.69,5203.56,4994.22,5150.31,FLIP,11.18,S433 AI Gold Star 123 (Coppock),
2026-02-24 21:30:00,2026-02-24 22:30:00,BUY,5150.31,5092.28,5382.43,5141.93,FLIP,-8.58,S433 AI Gold Star 123 (Coppock),
2026-02-24 22:30:00,2026-02-24 23:00:00,SELL,5141.93,5202.28,4900.54,5158.59,FLIP,-16.86,S433 AI Gold Star 123 (Coppock),
2026-02-24 23:00:00,2026-02-25 05:00:00,BUY,5158.59,5095.8,5409.76,5130.99,FLIP,-27.8,S433 AI Gold Star 123 (Coppock),
2026-02-25 05:00:00,2026-02-25 07:00:00,SELL,5130.99,5177.7,4944.15,5185.4,FLIP,-54.61,S433 AI Gold Star 123 (Coppock),
2026-02-25 07:00:00,2026-02-25 12:30:00,BUY,5185.4,5133.68,5392.3,5194.62,FLIP,9.02,S433 AI Gold Star 123 (Coppock),
2026-02-25 12:30:00,2026-02-25 19:00:00,SELL,5194.62,5243.03,5000.99,5187.98,FLIP,6.44,S433 AI Gold Star 123 (Coppock),
2026-02-25 19:00:00,2026-02-25 19:30:00,BUY,5187.98,5151.42,5334.23,5185.22,FLIP,-2.96,S433 AI Gold Star 123 (Coppock),
2026-02-25 19:30:00,2026-02-25 20:30:00,SELL,5185.22,5222.48,5036.19,5191.2,FLIP,-6.18,S433 AI Gold Star 123 (Coppock),
2026-02-25 20:30:00,2026-02-25 21:00:00,BUY,5191.2,5147.89,5364.45,5180.37,FLIP,-11.03,S433 AI Gold Star 123 (Coppock),
2026-02-25 21:00:00,2026-02-25 21:30:00,SELL,5180.37,5227.74,4990.87,5194.51,FLIP,-14.34,S433 AI Gold Star 123 (Coppock),
2026-02-25 21:30:00,2026-02-26 02:00:00,BUY,5194.51,5144.45,5394.76,5186.11,FLIP,-8.6,S433 AI Gold Star 123 (Coppock),
2026-02-26 02:00:00,2026-02-26 07:30:00,SELL,5186.11,5233.72,4995.65,5191.58,FLIP,-5.67,S433 AI Gold Star 123 (Coppock),
2026-02-26 07:30:00,2026-02-26 08:00:00,BUY,5191.58,5138.91,5402.27,5180.8,FLIP,-10.98,S433 AI Gold Star 123 (Coppock),
2026-02-26 08:00:00,2026-02-26 08:30:00,SELL,5180.8,5236.48,4958.1,5184.44,FLIP,-3.84,S433 AI Gold Star 123 (Coppock),
2026-02-26 08:30:00,2026-02-26 13:00:00,BUY,5184.44,5127.59,5411.86,5184.97,FLIP,0.33,S433 AI Gold Star 123 (Coppock),
2026-02-26 13:00:00,2026-02-26 18:30:00,SELL,5184.97,5219.39,5047.3,5183.77,FLIP,1.0,S433 AI Gold Star 123 (Coppock),
2026-02-26 18:30:00,2026-02-26 19:00:00,BUY,5183.77,5148.1,5326.43,5174.78,FLIP,-9.19,S433 AI Gold Star 123 (Coppock),
2026-02-26 19:00:00,2026-02-26 20:00:00,SELL,5174.78,5212.68,5023.19,5170.39,FLIP,4.19,S433 AI Gold Star 123 (Coppock),
2026-02-26 20:00:00,2026-02-26 20:30:00,BUY,5170.39,5131.53,5325.82,5165.16,FLIP,-5.43,S433 AI Gold Star 123 (Coppock),
2026-02-26 20:30:00,2026-02-26 21:30:00,SELL,5165.16,5209.56,4987.54,5185.8,FLIP,-20.84,S433 AI Gold Star 123 (Coppock),
2026-02-26 21:30:00,2026-02-27 03:00:00,BUY,5185.8,5127.58,5418.69,5185.79,FLIP,-0.21,S433 AI Gold Star 123 (Coppock),
2026-02-27 03:00:00,2026-02-27 03:30:00,SELL,5185.79,5247.09,4940.59,5184.41,FLIP,1.18,S433 AI Gold Star 123 (Coppock),
2026-02-27 03:30:00,2026-02-27 05:30:00,BUY,5184.41,5129.04,5405.9,5184.68,FLIP,0.07,S433 AI Gold Star 123 (Coppock),
2026-02-27 05:30:00,2026-02-27 07:30:00,SELL,5184.68,5224.42,5025.72,5194.16,FLIP,-9.68,S433 AI Gold Star 123 (Coppock),
2026-02-27 07:30:00,2026-02-27 08:00:00,BUY,5194.16,5151.72,5363.93,5184.19,FLIP,-10.17,S433 AI Gold Star 123 (Coppock),
2026-02-27 08:00:00,2026-02-27 11:00:00,SELL,5184.19,5226.87,5013.46,5194.77,FLIP,-10.78,S433 AI Gold Star 123 (Coppock),
2026-02-27 11:00:00,2026-02-27 13:00:00,BUY,5194.77,5158.28,5340.72,5178.65,FLIP,-16.32,S433 AI Gold Star 123 (Coppock),
2026-02-27 13:00:00,2026-02-27 17:30:00,SELL,5178.65,5214.23,5036.31,5185.6,FLIP,-7.15,S433 AI Gold Star 123 (Coppock),
2026-02-27 17:30:00,2026-02-28 00:00:00,BUY,5185.6,5158.07,5295.72,5230.68,FLIP,44.88,S433 AI Gold Star 123 (Coppock),
2026-02-28 00:00:00,2026-02-28 03:30:00,SELL,5230.68,5289.77,4994.33,5278.16,FLIP,-47.68,S433 AI Gold Star 123 (Coppock),
