entry_time,exit_time,direction,entry,sl,tp,exit_price,outcome,profit,pattern,reason
2026-03-02 07:00:00,2026-03-02 07:30:00,SELL,5307.57,5390.26,4976.82,5325.08,FLIP,-17.71,S433 AI Gold Star 123 (Coppock),
2026-03-02 07:30:00,2026-03-02 10:00:00,BUY,5325.08,5238.7,5670.61,5363.49,FLIP,38.21,S433 AI Gold Star 123 (Coppock),
2026-03-02 10:00:00,2026-03-02 13:30:00,SELL,5363.49,5452.51,5007.4,5408.07,FLIP,-44.78,S433 AI Gold Star 123 (Coppock),
2026-03-02 13:30:00,2026-03-02 14:30:00,BUY,5408.07,5345.95,5656.56,5394.1,FLIP,-14.17,S433 AI Gold Star 123 (Coppock),
2026-03-02 14:30:00,2026-03-03 01:00:00,SELL,5394.1,5447.84,5179.13,5330.85,FLIP,63.05,S433 AI Gold Star 123 (Coppock),
2026-03-03 01:00:00,2026-03-03 09:30:00,BUY,5330.85,5228.64,5739.69,5367.07,FLIP,36.02,S433 AI Gold Star 123 (Coppock),
2026-03-03 09:30:00,2026-03-03 10:00:00,SELL,5367.07,5423.57,5141.08,5371.94,FLIP,-5.07,S433 AI Gold Star 123 (Coppock),
2026-03-03 10:00:00,2026-03-03 10:30:00,BUY,5371.94,5315.84,5596.36,5361.08,FLIP,-11.06,S433 AI Gold Star 123 (Coppock),
2026-03-03 10:30:00,2026-03-03 17:00:00,SELL,5361.08,5417.38,5135.87,5135.87,TP,225.01,S433 AI Gold Star 123 (Coppock),
2026-03-03 18:30:00,2026-03-03 19:00:00,BUY,5224.58,5080.65,5800.28,5177.93,FLIP,-46.85,S433 AI Gold Star 123 (Coppock),
2026-03-03 19:00:00,2026-03-03 22:00:00,SELL,5177.93,5329.25,4572.65,5112.84,FLIP,64.89,S433 AI Gold Star 123 (Coppock),
2026-03-03 22:00:00,2026-03-04 08:30:00,BUY,5112.84,4914.12,5907.74,5156.23,FLIP,43.19,S433 AI Gold Star 123 (Coppock),
2026-03-04 08:30:00,2026-03-04 09:00:00,SELL,5156.23,5237.15,4832.56,5162.49,FLIP,-6.46,S433 AI Gold Star 123 (Coppock),
2026-03-04 09:00:00,2026-03-04 10:30:00,BUY,5162.49,5085.83,5469.13,5156.89,FLIP,-5.8,S433 AI Gold Star 123 (Coppock),
2026-03-04 10:30:00,2026-03-04 16:00:00,SELL,5156.89,5227.66,4873.81,5188.18,FLIP,-31.49,S433 AI Gold Star 123 (Coppock),
2026-03-04 16:00:00,2026-03-04 18:30:00,BUY,5188.18,5127.1,5432.48,5171.16,FLIP,-17.22,S433 AI Gold Star 123 (Coppock),
2026-03-04 18:30:00,2026-03-04 19:00:00,SELL,5171.16,5232.6,4925.42,5192.35,FLIP,-21.39,S433 AI Gold Star 123 (Coppock),
2026-03-04 19:00:00,2026-03-04 19:30:00,BUY,5192.35,5134.02,5425.66,5167.95,FLIP,-24.6,S433 AI Gold Star 123 (Coppock),
2026-03-04 19:30:00,2026-03-05 01:30:00,SELL,5167.95,5225.9,4936.16,5137.97,FLIP,29.78,S433 AI Gold Star 123 (Coppock),
2026-03-05 01:30:00,2026-03-05 10:30:00,BUY,5137.97,5060.7,5447.06,5171.58,FLIP,33.41,S433 AI Gold Star 123 (Coppock),
2026-03-05 10:30:00,2026-03-05 16:30:00,SELL,5171.58,5214.95,4998.09,5164.57,FLIP,6.81,S433 AI Gold Star 123 (Coppock),
2026-03-05 16:30:00,2026-03-05 19:00:00,BUY,5164.57,5108.07,5390.56,5121.93,FLIP,-42.84,S433 AI Gold Star 123 (Coppock),
2026-03-05 19:00:00,2026-03-06 01:00:00,SELL,5121.93,5182.68,4878.95,5066.92,FLIP,54.81,S433 AI Gold Star 123 (Coppock),
2026-03-06 01:00:00,2026-03-06 11:30:00,BUY,5066.92,4974.48,5436.67,5117.12,FLIP,50.0,S433 AI Gold Star 123 (Coppock),
2026-03-06 11:30:00,2026-03-06 19:30:00,SELL,5117.12,5167.93,4913.89,5085.08,FLIP,31.84,S433 AI Gold Star 123 (Coppock),
2026-03-06 19:30:00,2026-03-07 02:00:00,BUY,5085.08,5019.93,5345.66,5153.81,FLIP,68.53,S433 AI Gold Star 123 (Coppock),
2026-03-07 02:00:00,2026-03-09 09:30:00,SELL,5153.81,5228.54,4854.87,5091.46,FLIP,62.15,S433 AI Gold Star 123 (Coppock),
2026-03-09 09:30:00,2026-03-09 15:30:00,BUY,5091.46,4980.76,5534.26,5105.32,FLIP,13.66,S433 AI Gold Star 123 (Coppock),
2026-03-09 15:30:00,2026-03-09 18:00:00,SELL,5105.32,5170.15,4845.98,5109.75,FLIP,-4.63,S433 AI Gold Star 123 (Coppock),
2026-03-09 18:00:00,2026-03-09 18:30:00,BUY,5109.75,5042.75,5377.74,5095.04,FLIP,-14.91,S433 AI Gold Star 123 (Coppock),
2026-03-09 18:30:00,2026-03-09 21:00:00,SELL,5095.04,5155.68,4852.48,5099.61,FLIP,-4.77,S433 AI Gold Star 123 (Coppock),
2026-03-09 21:00:00,2026-03-10 06:00:00,BUY,5099.61,5029.79,5378.89,5130.64,FLIP,30.83,S433 AI Gold Star 123 (Coppock),
2026-03-10 06:00:00,2026-03-10 07:00:00,SELL,5130.64,5178.96,4937.37,5158.11,FLIP,-27.67,S433 AI Gold Star 123 (Coppock),
2026-03-10 07:00:00,2026-03-10 08:30:00,BUY,5158.11,5102.6,5380.16,5165.65,FLIP,7.34,S433 AI Gold Star 123 (Coppock),
2026-03-10 08:30:00,2026-03-10 11:00:00,SELL,5165.65,5226.29,4923.1,5171.72,FLIP,-6.27,S433 AI Gold Star 123 (Coppock),
2026-03-10 11:00:00,2026-03-10 12:30:00,BUY,5171.72,5118.94,5382.85,5175.37,FLIP,3.45,S433 AI Gold Star 123 (Coppock),
2026-03-10 12:30:00,2026-03-10 19:00:00,SELL,5175.37,5221.95,4989.04,5221.61,FLIP,-46.44,S433 AI Gold Star 123 (Coppock),
2026-03-10 19:00:00,2026-03-11 00:00:00,BUY,5221.61,5176.01,5404.0,5203.03,FLIP,-18.78,S433 AI Gold Star 123 (Coppock),
2026-03-11 00:00:00,2026-03-11 06:30:00,SELL,5203.03,5266.77,4948.06,5215.51,FLIP,-12.68,S433 AI Gold Star 123 (Coppock),
2026-03-11 06:30:00,2026-03-11 11:30:00,BUY,5215.51,5162.03,5429.44,5199.53,FLIP,-16.18,S433 AI Gold Star 123 (Coppock),
2026-03-11 11:30:00,2026-03-11 18:00:00,SELL,5199.53,5238.66,5043.01,5190.68,FLIP,8.65,S433 AI Gold Star 123 (Coppock),
2026-03-11 18:00:00,2026-03-11 18:30:00,BUY,5190.68,5151.03,5349.27,5167.45,FLIP,-23.43,S433 AI Gold Star 123 (Coppock),
2026-03-11 18:30:00,2026-03-11 19:00:00,SELL,5167.45,5210.42,4995.56,5181.39,FLIP,-14.14,S433 AI Gold Star 123 (Coppock),
2026-03-11 19:00:00,2026-03-11 21:30:00,BUY,5181.39,5137.08,5358.64,5166.39,FLIP,-15.2,S433 AI Gold Star 123 (Coppock),
2026-03-11 21:30:00,2026-03-11 22:30:00,SELL,5166.39,5218.53,4957.83,5175.72,FLIP,-9.53,S433 AI Gold Star 123 (Coppock),
2026-03-11 22:30:00,2026-03-11 23:30:00,BUY,5175.72,5123.59,5384.23,5169.86,FLIP,-6.06,S433 AI Gold Star 123 (Coppock),
2026-03-11 23:30:00,2026-03-12 00:00:00,SELL,5169.86,5223.2,4956.48,5177.69,FLIP,-8.03,S433 AI Gold Star 123 (Coppock),
2026-03-12 00:00:00,2026-03-12 04:00:00,BUY,5177.69,5125.39,5386.89,5170.03,FLIP,-7.86,S433 AI Gold Star 123 (Coppock),
2026-03-12 04:00:00,2026-03-12 07:30:00,SELL,5170.03,5204.54,5031.97,5168.6,FLIP,1.23,S433 AI Gold Star 123 (Coppock),
2026-03-12 07:30:00,2026-03-12 08:30:00,BUY,5168.6,5120.45,5361.19,5150.66,FLIP,-18.14,S433 AI Gold Star 123 (Coppock),
2026-03-12 08:30:00,2026-03-12 10:00:00,SELL,5150.66,5202.4,4943.7,5152.7,FLIP,-2.24,S433 AI Gold Star 123 (Coppock),
2026-03-12 10:00:00,2026-03-12 10:30:00,BUY,5152.7,5102.2,5354.7,5142.6,FLIP,-10.3,S433 AI Gold Star 123 (Coppock),
2026-03-12 10:30:00,2026-03-12 11:00:00,SELL,5142.6,5195.13,4932.48,5143.0,FLIP,-0.6,S433 AI Gold Star 123 (Coppock),
2026-03-12 11:00:00,2026-03-12 18:00:00,BUY,5143.0,5091.37,5349.51,5172.32,FLIP,29.12,S433 AI Gold Star 123 (Coppock),
2026-03-12 18:00:00,2026-03-13 02:30:00,SELL,5172.32,5205.35,5040.2,5079.2,FLIP,92.92,S433 AI Gold Star 123 (Coppock),
2026-03-13 02:30:00,2026-03-13 11:00:00,BUY,5079.2,5025.74,5293.06,5105.88,FLIP,26.48,S433 AI Gold Star 123 (Coppock),
2026-03-13 11:00:00,2026-03-13 16:00:00,SELL,5105.88,5136.24,4984.43,5089.31,FLIP,16.37,S433 AI Gold Star 123 (Coppock),
2026-03-13 16:00:00,2026-03-13 20:30:00,BUY,5089.31,5048.69,5251.78,5041.47,FLIP,-48.04,S433 AI Gold Star 123 (Coppock),
2026-03-13 20:30:00,2026-03-16 04:00:00,SELL,5041.47,5098.16,4814.7,5012.68,FLIP,28.59,S433 AI Gold Star 123 (Coppock),
2026-03-16 04:00:00,2026-03-16 05:00:00,BUY,5012.68,4944.22,5286.53,4989.78,FLIP,-23.1,S433 AI Gold Star 123 (Coppock),
2026-03-16 05:00:00,2026-03-16 05:30:00,SELL,4989.78,5055.5,4726.91,4997.67,FLIP,-8.09,S433 AI Gold Star 123 (Coppock),
2026-03-16 05:30:00,2026-03-16 07:00:00,BUY,4997.67,4934.01,5252.3,4988.01,FLIP,-9.86,S433 AI Gold Star 123 (Coppock),
2026-03-16 07:00:00,2026-03-16 07:30:00,SELL,4988.01,5059.5,4702.07,5016.06,FLIP,-28.25,S433 AI Gold Star 123 (Coppock),
2026-03-16 07:30:00,2026-03-16 13:00:00,BUY,5016.06,4941.69,5313.55,5002.45,FLIP,-13.81,S433 AI Gold Star 123 (Coppock),
2026-03-16 13:00:00,2026-03-16 14:00:00,SELL,5002.45,5056.19,4787.5,4997.07,FLIP,5.18,S433 AI Gold Star 123 (Coppock),
2026-03-16 14:00:00,2026-03-16 14:30:00,BUY,4997.07,4949.19,5188.59,4991.1,FLIP,-6.17,S433 AI Gold Star 123 (Coppock),
2026-03-16 14:30:00,2026-03-16 17:00:00,SELL,4991.1,5034.67,4816.82,5019.1,FLIP,-28.2,S433 AI Gold Star 123 (Coppock),
2026-03-16 17:00:00,2026-03-16 17:30:00,BUY,5019.1,4966.63,5228.97,4996.99,FLIP,-22.31,S433 AI Gold Star 123 (Coppock),
2026-03-16 17:30:00,2026-03-16 18:00:00,SELL,4996.99,5052.64,4774.41,5022.76,FLIP,-25.97,S433 AI Gold Star 123 (Coppock),
2026-03-16 18:00:00,2026-03-16 21:30:00,BUY,5022.76,4962.23,5264.89,4986.98,FLIP,-35.98,S433 AI Gold Star 123 (Coppock),
2026-03-16 21:30:00,2026-03-17 00:30:00,SELL,4986.98,5049.26,4737.85,5012.79,FLIP,-26.01,S433 AI Gold Star 123 (Coppock),
2026-03-17 00:30:00,2026-03-17 01:00:00,BUY,5012.79,4956.83,5236.62,5010.56,FLIP,-2.43,S433 AI Gold Star 123 (Coppock),
2026-03-17 01:00:00,2026-03-17 01:30:00,SELL,5010.56,5062.41,4803.17,5013.28,FLIP,-2.92,S433 AI Gold Star 123 (Coppock),
2026-03-17 01:30:00,2026-03-17 06:30:00,BUY,5013.28,4962.49,5216.44,5003.17,FLIP,-10.31,S433 AI Gold Star 123 (Coppock),
2026-03-17 06:30:00,2026-03-17 07:00:00,SELL,5003.17,5038.05,4863.66,5013.68,FLIP,-10.71,S433 AI Gold Star 123 (Coppock),
2026-03-17 07:00:00,2026-03-17 08:30:00,BUY,5013.68,4977.44,5158.62,5022.67,FLIP,8.79,S433 AI Gold Star 123 (Coppock),
2026-03-17 08:30:00,2026-03-17 09:00:00,SELL,5022.67,5057.0,4885.33,5032.61,FLIP,-10.14,S433 AI Gold Star 123 (Coppock),
2026-03-17 09:00:00,2026-03-17 11:30:00,BUY,5032.61,4998.09,5170.7,5020.77,FLIP,-12.04,S433 AI Gold Star 123 (Coppock),
2026-03-17 11:30:00,2026-03-17 18:00:00,SELL,5020.77,5055.21,4883.03,5020.07,FLIP,0.5,S433 AI Gold Star 123 (Coppock),
2026-03-17 18:00:00,2026-03-17 21:00:00,BUY,5020.07,4981.07,5176.08,4994.82,FLIP,-25.45,S433 AI Gold Star 123 (Coppock),
2026-03-17 21:00:00,2026-03-17 22:00:00,SELL,4994.82,5039.21,4817.26,5004.08,FLIP,-9.46,S433 AI Gold Star 123 (Coppock),
2026-03-17 22:00:00,2026-03-18 01:00:00,BUY,5004.08,4955.3,5199.22,4999.75,FLIP,-4.53,S433 AI Gold Star 123 (Coppock),
2026-03-18 01:00:00,2026-03-18 02:00:00,SELL,4999.75,5041.3,4833.53,5003.96,FLIP,-4.41,S433 AI Gold Star 123 (Coppock),
2026-03-18 02:00:00,2026-03-18 07:30:00,BUY,5003.96,4964.49,5161.85,4998.81,FLIP,-5.35,S433 AI Gold Star 123 (Coppock),
2026-03-18 07:30:00,2026-03-18 08:00:00,SELL,4998.81,5025.11,4893.6,5002.3,FLIP,-3.69,S433 AI Gold Star 123 (Coppock),
2026-03-18 08:00:00,2026-03-18 08:30:00,BUY,5002.3,4975.52,5109.43,4991.93,FLIP,-10.57,S433 AI Gold Star 123 (Coppock),
2026-03-18 08:30:00,2026-03-18 11:30:00,SELL,4991.93,5019.77,4880.56,4997.64,FLIP,-5.91,S433 AI Gold Star 123 (Coppock),
2026-03-18 11:30:00,2026-03-18 13:30:00,BUY,4997.64,4967.33,5118.88,4995.0,FLIP,-2.84,S433 AI Gold Star 123 (Coppock),
2026-03-18 13:30:00,2026-03-18 15:00:00,SELL,4995.0,5030.32,4853.71,4992.37,FLIP,2.43,S433 AI Gold Star 123 (Coppock),
2026-03-18 15:00:00,2026-03-18 16:00:00,BUY,4992.37,4959.0,5125.86,4982.6,FLIP,-9.97,S433 AI Gold Star 123 (Coppock),
2026-03-18 16:00:00,2026-03-18 19:00:00,SELL,4982.6,5014.21,4856.15,4856.15,TP,126.25,S433 AI Gold Star 123 (Coppock),
2026-03-18 22:00:00,2026-03-19 04:00:00,BUY,4882.37,4805.01,5191.79,4805.01,SL,-77.56,S433 AI Gold Star 123 (Coppock),
2026-03-19 06:00:00,2026-03-19 07:00:00,SELL,4842.48,4907.22,4583.5,4845.44,FLIP,-3.16,S433 AI Gold Star 123 (Coppock),
2026-03-19 07:00:00,2026-03-19 11:30:00,BUY,4845.44,4780.63,5104.68,4827.56,FLIP,-18.08,S433 AI Gold Star 123 (Coppock),
2026-03-19 11:30:00,2026-03-19 16:00:00,SELL,4827.56,4865.9,4674.19,4674.19,TP,153.17,S433 AI Gold Star 123 (Coppock),
2026-03-19 19:30:00,2026-03-20 07:00:00,BUY,4620.35,4479.52,5183.69,4662.14,FLIP,41.59,S433 AI Gold Star 123 (Coppock),
2026-03-20 07:00:00,2026-03-20 08:00:00,SELL,4662.14,4731.19,4385.96,4683.79,FLIP,-21.85,S433 AI Gold Star 123 (Coppock),
2026-03-20 08:00:00,2026-03-20 11:30:00,BUY,4683.79,4612.65,4968.36,4688.55,FLIP,4.56,S433 AI Gold Star 123 (Coppock),
2026-03-20 11:30:00,2026-03-20 18:00:00,SELL,4688.55,4755.54,4420.61,4678.34,FLIP,10.01,S433 AI Gold Star 123 (Coppock),
2026-03-20 18:00:00,2026-03-20 19:00:00,BUY,4678.34,4598.15,4999.09,4660.09,FLIP,-18.45,S433 AI Gold Star 123 (Coppock),
2026-03-20 19:00:00,2026-03-20 23:30:00,SELL,4660.09,4738.19,4347.68,4573.53,FLIP,86.36,S433 AI Gold Star 123 (Coppock),
2026-03-20 23:30:00,2026-03-21 00:00:00,BUY,4573.53,4468.42,4993.97,4554.4,FLIP,-19.33,S433 AI Gold Star 123 (Coppock),
2026-03-21 00:00:00,2026-03-21 02:00:00,SELL,4554.4,4661.68,4125.26,4501.22,FLIP,52.98,S433 AI Gold Star 123 (Coppock),
2026-03-21 02:00:00,2026-03-23 06:00:00,BUY,4501.22,4379.1,4989.68,4427.33,FLIP,-74.09,S433 AI Gold Star 123 (Coppock),
2026-03-23 06:00:00,2026-03-23 10:00:00,SELL,4427.33,4539.48,3978.73,4368.36,FLIP,58.77,S433 AI Gold Star 123 (Coppock),
2026-03-23 10:00:00,2026-03-23 11:30:00,BUY,4368.36,4215.57,4979.53,4310.16,FLIP,-58.4,S433 AI Gold Star 123 (Coppock),
2026-03-23 11:30:00,2026-03-23 14:00:00,SELL,4310.16,4463.73,3695.9,4226.73,FLIP,83.23,S433 AI Gold Star 123 (Coppock),
2026-03-23 14:00:00,2026-03-23 21:30:00,BUY,4226.73,4058.42,4899.96,4363.79,FLIP,136.86,S433 AI Gold Star 123 (Coppock),
2026-03-23 21:30:00,2026-03-24 04:30:00,SELL,4363.79,4595.02,3438.86,4426.85,FLIP,-63.26,S433 AI Gold Star 123 (Coppock),
2026-03-24 04:30:00,2026-03-24 06:00:00,BUY,4426.85,4295.64,4951.7,4378.27,FLIP,-48.78,S433 AI Gold Star 123 (Coppock),
2026-03-24 06:00:00,2026-03-24 11:30:00,SELL,4378.27,4493.51,3917.3,4347.3,FLIP,30.77,S433 AI Gold Star 123 (Coppock),
2026-03-24 11:30:00,2026-03-24 17:30:00,BUY,4347.3,4230.2,4815.71,4407.97,FLIP,60.47,S433 AI Gold Star 123 (Coppock),
2026-03-24 17:30:00,2026-03-25 00:00:00,SELL,4407.97,4510.4,3998.26,4407.41,FLIP,0.36,S433 AI Gold Star 123 (Coppock),
2026-03-25 00:00:00,2026-03-25 09:00:00,BUY,4407.41,4315.68,4774.34,4575.35,FLIP,167.74,S433 AI Gold Star 123 (Coppock),
2026-03-25 09:00:00,2026-03-25 16:30:00,SELL,4575.35,4663.98,4220.82,4558.84,FLIP,16.31,S433 AI Gold Star 123 (Coppock),
2026-03-25 16:30:00,2026-03-25 18:30:00,BUY,4558.84,4506.17,4769.51,4544.09,FLIP,-14.95,S433 AI Gold Star 123 (Coppock),
2026-03-25 18:30:00,2026-03-25 19:00:00,SELL,4544.09,4610.05,4280.24,4568.91,FLIP,-25.02,S433 AI Gold Star 123 (Coppock),
2026-03-25 19:00:00,2026-03-25 19:30:00,BUY,4568.91,4501.58,4838.22,4544.71,FLIP,-24.4,S433 AI Gold Star 123 (Coppock),
2026-03-25 19:30:00,2026-03-25 20:00:00,SELL,4544.71,4616.74,4256.57,4562.45,FLIP,-17.94,S433 AI Gold Star 123 (Coppock),
2026-03-25 20:00:00,2026-03-25 21:00:00,BUY,4562.45,4488.06,4860.01,4560.68,FLIP,-1.97,S433 AI Gold Star 123 (Coppock),
2026-03-25 21:00:00,2026-03-26 06:00:00,SELL,4560.68,4637.21,4254.58,4525.48,FLIP,35.0,S433 AI Gold Star 123 (Coppock),
2026-03-26 06:00:00,2026-03-26 11:00:00,BUY,4525.48,4448.69,4832.65,4493.64,FLIP,-32.04,S433 AI Gold Star 123 (Coppock),
2026-03-26 11:00:00,2026-03-26 16:00:00,SELL,4493.64,4550.89,4264.65,4441.8,FLIP,51.64,S433 AI Gold Star 123 (Coppock),
2026-03-26 16:00:00,2026-03-26 22:00:00,BUY,4441.8,4366.93,4741.29,4396.86,FLIP,-45.14,S433 AI Gold Star 123 (Coppock),
2026-03-26 22:00:00,2026-03-27 04:00:00,SELL,4396.86,4480.42,4062.61,4398.35,FLIP,-1.69,S433 AI Gold Star 123 (Coppock),
2026-03-27 04:00:00,2026-03-27 13:00:00,BUY,4398.35,4304.53,4773.63,4452.27,FLIP,53.72,S433 AI Gold Star 123 (Coppock),
2026-03-27 13:00:00,2026-03-27 19:30:00,SELL,4452.27,4505.74,4238.39,4432.19,FLIP,19.88,S433 AI Gold Star 123 (Coppock),
2026-03-27 19:30:00,2026-03-28 01:30:00,BUY,4432.19,4380.75,4637.94,4514.34,FLIP,81.95,S433 AI Gold Star 123 (Coppock),
2026-03-28 01:30:00,2026-03-30 09:30:00,SELL,4514.34,4603.31,4158.47,4481.26,FLIP,32.88,S433 AI Gold Star 123 (Coppock),
2026-03-30 09:30:00,2026-03-30 16:00:00,BUY,4481.26,4397.45,4816.49,4527.65,FLIP,46.19,S433 AI Gold Star 123 (Coppock),
2026-03-30 16:00:00,2026-03-31 03:30:00,SELL,4527.65,4585.46,4296.39,4510.54,FLIP,16.91,S433 AI Gold Star 123 (Coppock),
2026-03-31 03:30:00,2026-03-31 12:00:00,BUY,4510.54,4456.33,4727.39,4561.44,FLIP,50.7,S433 AI Gold Star 123 (Coppock),
2026-03-31 12:00:00,2026-03-31 18:00:00,SELL,4561.44,4638.7,4252.41,4575.34,FLIP,-14.1,S433 AI Gold Star 123 (Coppock),
2026-03-31 18:00:00,2026-04-01 03:30:00,BUY,4575.34,4523.88,4781.19,4667.68,FLIP,92.14,S433 AI Gold Star 123 (Coppock),
2026-04-01 03:30:00,2026-04-01 07:00:00,SELL,4667.68,4727.9,4426.81,4722.1,FLIP,-54.62,S433 AI Gold Star 123 (Coppock),
2026-04-01 07:00:00,2026-04-01 07:30:00,BUY,4722.1,4660.9,4966.89,4710.87,FLIP,-11.43,S433 AI Gold Star 123 (Coppock),
2026-04-01 07:30:00,2026-04-01 13:00:00,SELL,4710.87,4769.06,4478.13,4709.37,FLIP,1.3,S433 AI Gold Star 123 (Coppock),
2026-04-01 13:00:00,2026-04-01 19:00:00,BUY,4709.37,4651.24,4941.88,4736.14,FLIP,26.57,S433 AI Gold Star 123 (Coppock),
2026-04-01 19:00:00,2026-04-01 21:30:00,SELL,4736.14,4800.17,4480.03,4760.82,FLIP,-24.88,S433 AI Gold Star 123 (Coppock),
2026-04-01 21:30:00,2026-04-02 01:00:00,BUY,4760.82,4696.48,5018.19,4754.0,FLIP,-7.02,S433 AI Gold Star 123 (Coppock),
2026-04-02 01:00:00,2026-04-02 07:00:00,SELL,4754.0,4817.47,4500.14,4789.79,FLIP,-35.99,S433 AI Gold Star 123 (Coppock),
2026-04-02 07:00:00,2026-04-02 08:00:00,BUY,4789.79,4737.43,4999.22,4697.03,FLIP,-92.96,S433 AI Gold Star 123 (Coppock),
2026-04-02 08:00:00,2026-04-02 14:30:00,SELL,4697.03,4768.18,4412.45,4642.73,FLIP,54.1,S433 AI Gold Star 123 (Coppock),
2026-04-02 14:30:00,2026-04-03 00:30:00,BUY,4642.73,4527.88,5102.13,4648.72,FLIP,5.79,S433 AI Gold Star 123 (Coppock),
2026-04-03 00:30:00,2026-04-03 01:00:00,SELL,4648.72,4736.8,4296.42,4651.59,FLIP,-3.07,S433 AI Gold Star 123 (Coppock),
2026-04-03 01:00:00,2026-04-03 02:00:00,BUY,4651.59,4564.59,4999.6,4665.23,FLIP,13.44,S433 AI Gold Star 123 (Coppock),
2026-04-03 02:00:00,2026-04-06 09:00:00,SELL,4665.23,4747.43,4336.45,4661.13,FLIP,3.9,S433 AI Gold Star 123 (Coppock),
2026-04-06 09:00:00,2026-04-06 10:00:00,BUY,4661.13,4580.01,4985.63,4630.34,FLIP,-30.99,S433 AI Gold Star 123 (Coppock),
2026-04-06 10:00:00,2026-04-06 10:30:00,SELL,4630.34,4712.82,4300.41,4640.57,FLIP,-10.43,S433 AI Gold Star 123 (Coppock),
2026-04-06 10:30:00,2026-04-06 17:30:00,BUY,4640.57,4557.81,4971.62,4689.87,FLIP,49.1,S433 AI Gold Star 123 (Coppock),
2026-04-06 17:30:00,2026-04-07 01:30:00,SELL,4689.87,4738.36,4495.92,4658.39,FLIP,31.28,S433 AI Gold Star 123 (Coppock),
2026-04-07 01:30:00,2026-04-07 02:00:00,BUY,4658.39,4603.1,4879.56,4650.25,FLIP,-8.34,S433 AI Gold Star 123 (Coppock),
2026-04-07 02:00:00,2026-04-07 03:00:00,SELL,4650.25,4702.72,4440.36,4655.99,FLIP,-5.94,S433 AI Gold Star 123 (Coppock),
2026-04-07 03:00:00,2026-04-07 03:30:00,BUY,4655.99,4607.3,4850.76,4649.03,FLIP,-7.16,S433 AI Gold Star 123 (Coppock),
2026-04-07 03:30:00,2026-04-07 05:00:00,SELL,4649.03,4695.5,4463.14,4662.3,FLIP,-13.47,S433 AI Gold Star 123 (Coppock),
2026-04-07 05:00:00,2026-04-07 08:30:00,BUY,4662.3,4618.32,4838.23,4626.94,FLIP,-35.56,S433 AI Gold Star 123 (Coppock),
2026-04-07 08:30:00,2026-04-07 09:30:00,SELL,4626.94,4672.15,4446.09,4650.43,FLIP,-23.69,S433 AI Gold Star 123 (Coppock),
2026-04-07 09:30:00,2026-04-07 12:00:00,BUY,4650.43,4604.0,4836.14,4633.01,FLIP,-17.62,S433 AI Gold Star 123 (Coppock),
2026-04-07 12:00:00,2026-04-07 13:30:00,SELL,4633.01,4682.96,4433.21,4653.45,FLIP,-20.64,S433 AI Gold Star 123 (Coppock),
2026-04-07 13:30:00,2026-04-07 17:30:00,BUY,4653.45,4597.7,4876.44,4652.07,FLIP,-1.58,S433 AI Gold Star 123 (Coppock),
2026-04-07 17:30:00,2026-04-07 19:00:00,SELL,4652.07,4710.64,4417.79,4665.93,FLIP,-14.06,S433 AI Gold Star 123 (Coppock),
2026-04-07 19:00:00,2026-04-07 19:30:00,BUY,4665.93,4604.74,4910.68,4651.59,FLIP,-14.54,S433 AI Gold Star 123 (Coppock),
2026-04-07 19:30:00,2026-04-07 23:30:00,SELL,4651.59,4712.2,4409.16,4657.1,FLIP,-5.71,S433 AI Gold Star 123 (Coppock),
2026-04-07 23:30:00,2026-04-08 09:00:00,BUY,4657.1,4589.58,4927.19,4811.63,FLIP,154.33,S433 AI Gold Star 123 (Coppock),
2026-04-08 09:00:00,2026-04-08 22:30:00,SELL,4811.63,4914.4,4400.54,4756.53,FLIP,54.9,S433 AI Gold Star 123 (Coppock),
2026-04-08 22:30:00,2026-04-08 23:00:00,BUY,4756.53,4687.14,5034.09,4750.02,FLIP,-6.71,S433 AI Gold Star 123 (Coppock),
2026-04-08 23:00:00,2026-04-08 23:30:00,SELL,4750.02,4820.14,4469.55,4760.58,FLIP,-10.76,S433 AI Gold Star 123 (Coppock),
2026-04-08 23:30:00,2026-04-09 00:00:00,BUY,4760.58,4692.58,5032.59,4750.98,FLIP,-9.8,S433 AI Gold Star 123 (Coppock),
2026-04-09 00:00:00,2026-04-09 02:30:00,SELL,4750.98,4818.94,4479.14,4730.74,FLIP,20.04,S433 AI Gold Star 123 (Coppock),
2026-04-09 02:30:00,2026-04-09 13:30:00,BUY,4730.74,4663.25,5000.69,4712.45,FLIP,-18.49,S433 AI Gold Star 123 (Coppock),
2026-04-09 13:30:00,2026-04-09 14:30:00,SELL,4712.45,4759.43,4524.52,4724.39,FLIP,-12.14,S433 AI Gold Star 123 (Coppock),
2026-04-09 14:30:00,2026-04-10 01:00:00,BUY,4724.39,4673.74,4926.98,4782.22,FLIP,57.63,S433 AI Gold Star 123 (Coppock),
2026-04-10 01:00:00,2026-04-10 09:30:00,SELL,4782.22,4835.88,4567.6,4753.12,FLIP,28.9,S433 AI Gold Star 123 (Coppock),
2026-04-10 09:30:00,2026-04-10 13:30:00,BUY,4753.12,4718.73,4890.7,4746.7,FLIP,-6.62,S433 AI Gold Star 123 (Coppock),
2026-04-10 13:30:00,2026-04-10 14:00:00,SELL,4746.7,4783.05,4601.31,4753.69,FLIP,-7.19,S433 AI Gold Star 123 (Coppock),
2026-04-10 14:00:00,2026-04-10 15:00:00,BUY,4753.69,4717.01,4900.42,4747.13,FLIP,-6.76,S433 AI Gold Star 123 (Coppock),
2026-04-10 15:00:00,2026-04-10 17:00:00,SELL,4747.13,4784.2,4598.85,4758.17,FLIP,-11.24,S433 AI Gold Star 123 (Coppock),
2026-04-10 17:00:00,2026-04-10 22:30:00,BUY,4758.17,4720.52,4908.76,4762.43,FLIP,4.06,S433 AI Gold Star 123 (Coppock),
2026-04-10 22:30:00,2026-04-13 08:00:00,SELL,4762.43,4810.01,4572.09,4717.64,FLIP,44.59,S433 AI Gold Star 123 (Coppock),
2026-04-13 08:00:00,2026-04-13 15:00:00,BUY,4717.64,4653.13,4975.69,4732.02,FLIP,14.18,S433 AI Gold Star 123 (Coppock),
2026-04-13 15:00:00,2026-04-13 20:00:00,SELL,4732.02,4766.61,4593.67,4733.29,FLIP,-1.47,S433 AI Gold Star 123 (Coppock),
2026-04-13 20:00:00,2026-04-13 21:00:00,BUY,4733.29,4693.43,4892.73,4715.32,FLIP,-18.17,S433 AI Gold Star 123 (Coppock),
2026-04-13 21:00:00,2026-04-13 21:30:00,SELL,4715.32,4759.26,4539.56,4719.09,FLIP,-3.97,S433 AI Gold Star 123 (Coppock),
2026-04-13 21:30:00,2026-04-13 22:00:00,BUY,4719.09,4674.7,4896.66,4703.79,FLIP,-15.5,S433 AI Gold Star 123 (Coppock),
2026-04-13 22:00:00,2026-04-13 22:30:00,SELL,4703.79,4750.53,4516.85,4714.52,FLIP,-10.93,S433 AI Gold Star 123 (Coppock),
2026-04-13 22:30:00,2026-04-14 08:30:00,BUY,4714.52,4667.87,4901.12,4765.04,FLIP,50.32,S433 AI Gold Star 123 (Coppock),
2026-04-14 08:30:00,2026-04-14 09:00:00,SELL,4765.04,4797.91,4633.55,4768.93,FLIP,-4.09,S433 AI Gold Star 123 (Coppock),
2026-04-14 09:00:00,2026-04-14 10:00:00,BUY,4768.93,4736.05,4900.44,4768.51,FLIP,-0.62,S433 AI Gold Star 123 (Coppock),
2026-04-14 10:00:00,2026-04-14 15:30:00,SELL,4768.51,4800.85,4639.16,4786.46,FLIP,-18.15,S433 AI Gold Star 123 (Coppock),
2026-04-14 15:30:00,2026-04-14 16:00:00,BUY,4786.46,4751.41,4926.67,4778.7,FLIP,-7.96,S433 AI Gold Star 123 (Coppock),
2026-04-14 16:00:00,2026-04-14 17:00:00,SELL,4778.7,4813.95,4637.68,4783.97,FLIP,-5.47,S433 AI Gold Star 123 (Coppock),
2026-04-14 17:00:00,2026-04-14 17:30:00,BUY,4783.97,4749.61,4921.4,4768.47,FLIP,-15.7,S433 AI Gold Star 123 (Coppock),
2026-04-14 17:30:00,2026-04-14 18:00:00,SELL,4768.47,4808.65,4607.74,4778.18,FLIP,-9.91,S433 AI Gold Star 123 (Coppock),
2026-04-14 18:00:00,2026-04-14 18:30:00,BUY,4778.18,4736.68,4944.17,4774.93,FLIP,-3.45,S433 AI Gold Star 123 (Coppock),
2026-04-14 18:30:00,2026-04-14 20:00:00,SELL,4774.93,4818.03,4602.52,4782.99,FLIP,-8.26,S433 AI Gold Star 123 (Coppock),
2026-04-14 20:00:00,2026-04-15 03:30:00,BUY,4782.99,4735.92,4971.25,4839.94,FLIP,56.75,S433 AI Gold Star 123 (Coppock),
2026-04-15 03:30:00,2026-04-15 15:30:00,SELL,4839.94,4877.86,4688.27,4818.55,FLIP,21.19,S433 AI Gold Star 123 (Coppock),
2026-04-15 15:30:00,2026-04-15 16:00:00,BUY,4818.55,4784.7,4953.96,4798.0,FLIP,-20.75,S433 AI Gold Star 123 (Coppock),
2026-04-15 16:00:00,2026-04-15 17:30:00,SELL,4798.0,4833.09,4657.65,4800.07,FLIP,-2.27,S433 AI Gold Star 123 (Coppock),
2026-04-15 17:30:00,2026-04-15 22:00:00,BUY,4800.07,4762.75,4949.34,4798.31,FLIP,-1.96,S433 AI Gold Star 123 (Coppock),
2026-04-15 22:00:00,2026-04-15 23:00:00,SELL,4798.31,4839.71,4632.7,4811.27,FLIP,-13.16,S433 AI Gold Star 123 (Coppock),
2026-04-15 23:00:00,2026-04-15 23:30:00,BUY,4811.27,4772.03,4968.25,4803.97,FLIP,-7.5,S433 AI Gold Star 123 (Coppock),
2026-04-15 23:30:00,2026-04-16 05:30:00,SELL,4803.97,4842.17,4651.17,4807.62,FLIP,-3.85,S433 AI Gold Star 123 (Coppock),
2026-04-16 05:30:00,2026-04-16 12:00:00,BUY,4807.62,4774.87,4938.61,4833.15,FLIP,25.33,S433 AI Gold Star 123 (Coppock),
2026-04-16 12:00:00,2026-04-16 18:30:00,SELL,4833.15,4863.36,4712.32,4822.17,FLIP,10.78,S433 AI Gold Star 123 (Coppock),
2026-04-16 18:30:00,2026-04-16 19:00:00,BUY,4822.17,4791.17,4946.16,4815.25,FLIP,-7.12,S433 AI Gold Star 123 (Coppock),
2026-04-16 19:00:00,2026-04-16 19:30:00,SELL,4815.25,4847.27,4687.15,4816.22,FLIP,-1.17,S433 AI Gold Star 123 (Coppock),
2026-04-16 19:30:00,2026-04-16 20:30:00,BUY,4816.22,4785.03,4940.99,4795.45,FLIP,-20.97,S433 AI Gold Star 123 (Coppock),
2026-04-16 20:30:00,2026-04-16 22:00:00,SELL,4795.45,4830.7,4654.47,4801.92,FLIP,-6.67,S433 AI Gold Star 123 (Coppock),
2026-04-16 22:00:00,2026-04-16 23:00:00,BUY,4801.92,4759.57,4971.33,4799.31,FLIP,-2.81,S433 AI Gold Star 123 (Coppock),
2026-04-16 23:00:00,2026-04-17 02:00:00,SELL,4799.31,4844.08,4620.22,4790.8,FLIP,8.31,S433 AI Gold Star 123 (Coppock),
2026-04-17 02:00:00,2026-04-17 08:00:00,BUY,4790.8,4745.81,4970.75,4768.76,FLIP,-22.24,S433 AI Gold Star 123 (Coppock),
2026-04-17 08:00:00,2026-04-17 08:30:00,SELL,4768.76,4793.56,4669.55,4789.48,FLIP,-20.92,S433 AI Gold Star 123 (Coppock),
2026-04-17 08:30:00,2026-04-17 09:30:00,BUY,4789.48,4761.63,4900.87,4784.75,FLIP,-4.93,S433 AI Gold Star 123 (Coppock),
2026-04-17 09:30:00,2026-04-17 10:00:00,SELL,4784.75,4813.02,4671.65,4794.11,FLIP,-9.56,S433 AI Gold Star 123 (Coppock),
2026-04-17 10:00:00,2026-04-17 12:30:00,BUY,4794.11,4764.16,4913.93,4794.27,FLIP,-0.04,S433 AI Gold Star 123 (Coppock),
2026-04-17 12:30:00,2026-04-17 13:30:00,SELL,4794.27,4824.91,4671.72,4785.07,FLIP,9.0,S433 AI Gold Star 123 (Coppock),
2026-04-17 13:30:00,2026-04-17 14:00:00,BUY,4785.07,4752.42,4915.66,4791.63,FLIP,6.36,S433 AI Gold Star 123 (Coppock),
2026-04-17 14:00:00,2026-04-17 15:00:00,SELL,4791.63,4824.65,4659.55,4784.5,FLIP,6.93,S433 AI Gold Star 123 (Coppock),
2026-04-17 15:00:00,2026-04-17 16:30:00,BUY,4784.5,4753.7,4907.7,4790.43,FLIP,5.73,S433 AI Gold Star 123 (Coppock),
2026-04-17 16:30:00,2026-04-17 18:30:00,SELL,4790.43,4819.19,4675.38,4799.13,FLIP,-8.9,S433 AI Gold Star 123 (Coppock),
2026-04-17 18:30:00,2026-04-18 00:00:00,BUY,4799.13,4767.12,4927.15,4858.57,FLIP,59.24,S433 AI Gold Star 123 (Coppock),
2026-04-18 00:00:00,2026-04-20 08:00:00,SELL,4858.57,4920.81,4609.61,4802.56,FLIP,55.81,S433 AI Gold Star 123 (Coppock),
2026-04-20 08:00:00,2026-04-20 15:00:00,BUY,4802.56,4746.55,5026.61,4792.03,FLIP,-10.73,S433 AI Gold Star 123 (Coppock),
2026-04-20 15:00:00,2026-04-20 17:30:00,SELL,4792.03,4821.32,4674.86,4795.84,FLIP,-4.01,S433 AI Gold Star 123 (Coppock),
2026-04-20 17:30:00,2026-04-20 18:00:00,BUY,4795.84,4767.74,4908.23,4788.46,FLIP,-7.58,S433 AI Gold Star 123 (Coppock),
2026-04-20 18:00:00,2026-04-20 18:30:00,SELL,4788.46,4817.57,4672.01,4810.42,FLIP,-22.16,S433 AI Gold Star 123 (Coppock),
2026-04-20 18:30:00,2026-04-20 22:30:00,BUY,4810.42,4777.98,4940.18,4799.72,FLIP,-10.9,S433 AI Gold Star 123 (Coppock),
2026-04-20 22:30:00,2026-04-21 01:00:00,SELL,4799.72,4846.89,4611.05,4813.49,FLIP,-13.97,S433 AI Gold Star 123 (Coppock),
2026-04-21 01:00:00,2026-04-21 01:30:00,BUY,4813.49,4767.51,4997.42,4814.11,FLIP,0.42,S433 AI Gold Star 123 (Coppock),
2026-04-21 01:30:00,2026-04-21 03:30:00,SELL,4814.11,4856.33,4645.22,4820.11,FLIP,-6.2,S433 AI Gold Star 123 (Coppock),
2026-04-21 03:30:00,2026-04-21 08:00:00,BUY,4820.11,4786.08,4956.22,4818.66,FLIP,-1.65,S433 AI Gold Star 123 (Coppock),
2026-04-21 08:00:00,2026-04-21 14:30:00,SELL,4818.66,4843.37,4719.82,4785.96,FLIP,32.5,S433 AI Gold Star 123 (Coppock),
2026-04-21 14:30:00,2026-04-21 21:00:00,BUY,4785.96,4755.54,4907.66,4774.18,FLIP,-11.98,S433 AI Gold Star 123 (Coppock),
2026-04-21 21:00:00,2026-04-22 03:00:00,SELL,4774.18,4815.61,4608.46,4705.71,FLIP,68.27,S433 AI Gold Star 123 (Coppock),
2026-04-22 03:00:00,2026-04-22 11:30:00,BUY,4705.71,4628.05,5016.34,4754.58,FLIP,48.67,S433 AI Gold Star 123 (Coppock),
2026-04-22 11:30:00,2026-04-23 00:00:00,SELL,4754.58,4782.38,4643.4,4735.11,FLIP,19.27,S433 AI Gold Star 123 (Coppock),
2026-04-23 00:00:00,2026-04-23 07:00:00,BUY,4735.11,4700.77,4872.47,4700.77,SL,-34.54,S433 AI Gold Star 123 (Coppock),
2026-04-23 08:00:00,2026-04-23 12:30:00,SELL,4728.17,4765.66,4578.2,4713.63,FLIP,14.34,S433 AI Gold Star 123 (Coppock),
2026-04-23 12:30:00,2026-04-23 13:00:00,BUY,4713.63,4669.22,4891.27,4712.16,FLIP,-1.67,S433 AI Gold Star 123 (Coppock),
2026-04-23 13:00:00,2026-04-23 13:30:00,SELL,4712.16,4757.28,4531.7,4712.9,FLIP,-0.94,S433 AI Gold Star 123 (Coppock),
2026-04-23 13:30:00,2026-04-23 17:00:00,BUY,4712.9,4666.36,4899.07,4686.69,FLIP,-26.41,S433 AI Gold Star 123 (Coppock),
2026-04-23 17:00:00,2026-04-23 17:30:00,SELL,4686.69,4721.17,4548.77,4696.61,FLIP,-10.12,S433 AI Gold Star 123 (Coppock),
2026-04-23 17:30:00,2026-04-24 00:00:00,BUY,4696.61,4660.73,4840.11,4706.5,FLIP,9.69,S433 AI Gold Star 123 (Coppock),
2026-04-24 00:00:00,2026-04-24 06:30:00,SELL,4706.5,4754.51,4514.47,4695.41,FLIP,10.89,S433 AI Gold Star 123 (Coppock),
2026-04-24 06:30:00,2026-04-24 10:00:00,BUY,4695.41,4650.45,4875.26,4674.44,FLIP,-21.17,S433 AI Gold Star 123 (Coppock),
2026-04-24 10:00:00,2026-04-24 12:00:00,SELL,4674.44,4708.3,4538.99,4676.48,FLIP,-2.24,S433 AI Gold Star 123 (Coppock),
2026-04-24 12:00:00,2026-04-24 13:00:00,BUY,4676.48,4639.4,4824.81,4671.53,FLIP,-5.15,S433 AI Gold Star 123 (Coppock),
2026-04-24 13:00:00,2026-04-24 14:00:00,SELL,4671.53,4711.48,4511.74,4684.46,FLIP,-13.13,S433 AI Gold Star 123 (Coppock),
2026-04-24 14:00:00,2026-04-24 20:00:00,BUY,4684.46,4644.55,4844.12,4697.14,FLIP,12.48,S433 AI Gold Star 123 (Coppock),
2026-04-24 20:00:00,2026-04-24 20:30:00,SELL,4697.14,4737.76,4534.64,4711.14,FLIP,-14.2,S433 AI Gold Star 123 (Coppock),
2026-04-24 20:30:00,2026-04-24 23:30:00,BUY,4711.14,4666.63,4889.19,4726.83,FLIP,15.49,S433 AI Gold Star 123 (Coppock),
2026-04-24 23:30:00,2026-04-27 08:30:00,SELL,4726.83,4775.41,4532.5,4702.69,FLIP,23.94,S433 AI Gold Star 123 (Coppock),
2026-04-27 08:30:00,2026-04-27 14:30:00,BUY,4702.69,4669.64,4834.9,4713.35,FLIP,10.46,S433 AI Gold Star 123 (Coppock),
2026-04-27 14:30:00,2026-04-28 01:00:00,SELL,4713.35,4743.25,4593.75,4684.1,FLIP,29.05,S433 AI Gold Star 123 (Coppock),
2026-04-28 01:00:00,2026-04-28 08:30:00,BUY,4684.1,4651.44,4814.75,4670.73,FLIP,-13.57,S433 AI Gold Star 123 (Coppock),
2026-04-28 08:30:00,2026-04-28 18:00:00,SELL,4670.73,4690.82,4590.36,4599.45,FLIP,71.08,S433 AI Gold Star 123 (Coppock),
2026-04-28 18:00:00,2026-04-28 18:30:00,BUY,4599.45,4553.56,4783.02,4562.8,FLIP,-36.85,S433 AI Gold Star 123 (Coppock),
2026-04-28 18:30:00,2026-04-28 19:30:00,SELL,4562.8,4617.55,4343.8,4593.85,FLIP,-31.25,S433 AI Gold Star 123 (Coppock),
2026-04-28 19:30:00,2026-04-28 21:00:00,BUY,4593.85,4535.09,4828.9,4571.45,FLIP,-22.6,S433 AI Gold Star 123 (Coppock),
2026-04-28 21:00:00,2026-04-28 21:30:00,SELL,4571.45,4634.11,4320.8,4574.63,FLIP,-3.38,S433 AI Gold Star 123 (Coppock),
2026-04-28 21:30:00,2026-04-29 06:00:00,BUY,4574.63,4510.65,4830.54,4592.24,FLIP,17.41,S433 AI Gold Star 123 (Coppock),
2026-04-29 06:00:00,2026-04-29 11:00:00,SELL,4592.24,4615.53,4499.07,4601.71,FLIP,-9.67,S433 AI Gold Star 123 (Coppock),
2026-04-29 11:00:00,2026-04-29 12:30:00,BUY,4601.71,4571.36,4723.12,4591.05,FLIP,-10.86,S433 AI Gold Star 123 (Coppock),
2026-04-29 12:30:00,2026-04-29 21:30:00,SELL,4591.05,4624.04,4459.1,4539.43,FLIP,51.42,S433 AI Gold Star 123 (Coppock),
2026-04-29 21:30:00,2026-04-30 10:30:00,BUY,4539.43,4492.38,4727.62,4556.14,FLIP,16.51,S433 AI Gold Star 123 (Coppock),
2026-04-30 10:30:00,2026-04-30 13:30:00,SELL,4556.14,4586.5,4434.7,4589.52,FLIP,-33.58,S433 AI Gold Star 123 (Coppock),
2026-04-30 13:30:00,2026-04-30 19:00:00,BUY,4589.52,4551.7,4740.81,4629.95,FLIP,40.23,S433 AI Gold Star 123 (Coppock),
2026-04-30 19:00:00,2026-05-01 02:00:00,SELL,4629.95,4674.9,4450.16,4617.78,FLIP,11.97,S433 AI Gold Star 123 (Coppock),
2026-05-01 02:00:00,2026-05-01 02:30:00,BUY,4617.78,4580.53,4766.79,4617.09,FLIP,-0.89,S433 AI Gold Star 123 (Coppock),
2026-05-01 02:30:00,2026-05-01 03:00:00,SELL,4617.09,4652.91,4473.82,4616.84,FLIP,0.05,S433 AI Gold Star 123 (Coppock),
2026-05-01 03:00:00,2026-05-01 08:00:00,BUY,4616.84,4582.81,4752.95,4616.41,FLIP,-0.63,S433 AI Gold Star 123 (Coppock),
2026-05-01 08:00:00,2026-05-01 09:00:00,SELL,4616.41,4638.67,4527.38,4629.48,FLIP,-13.27,S433 AI Gold Star 123 (Coppock),
2026-05-01 09:00:00,2026-05-01 09:30:00,BUY,4629.48,4605.67,4724.72,4619.16,FLIP,-10.52,S433 AI Gold Star 123 (Coppock),
2026-05-01 09:30:00,2026-05-01 18:00:00,SELL,4619.16,4644.88,4516.29,4571.93,FLIP,47.03,S433 AI Gold Star 123 (Coppock),
2026-05-01 18:00:00,2026-05-02 00:30:00,BUY,4571.93,4537.85,4708.26,4629.52,FLIP,57.39,S433 AI Gold Star 123 (Coppock),
2026-05-02 00:30:00,2026-05-04 08:30:00,SELL,4629.52,4683.77,4412.5,4613.1,FLIP,16.22,S433 AI Gold Star 123 (Coppock),
2026-05-04 08:30:00,2026-05-04 09:00:00,BUY,4613.1,4576.4,4759.9,4593.09,FLIP,-20.21,S433 AI Gold Star 123 (Coppock),
2026-05-04 09:00:00,2026-05-04 09:30:00,SELL,4593.09,4631.99,4437.5,4605.84,FLIP,-12.95,S433 AI Gold Star 123 (Coppock),
2026-05-04 09:30:00,2026-05-04 12:00:00,BUY,4605.84,4564.77,4770.14,4596.43,FLIP,-9.61,S433 AI Gold Star 123 (Coppock),
2026-05-04 12:00:00,2026-05-04 12:30:00,SELL,4596.43,4638.68,4427.44,4599.16,FLIP,-2.93,S433 AI Gold Star 123 (Coppock),
2026-05-04 12:30:00,2026-05-04 13:00:00,BUY,4599.16,4557.26,4766.77,4593.94,FLIP,-5.42,S433 AI Gold Star 123 (Coppock),
2026-05-04 13:00:00,2026-05-04 19:00:00,SELL,4593.94,4636.61,4423.27,4568.6,FLIP,25.14,S433 AI Gold Star 123 (Coppock),
2026-05-04 19:00:00,2026-05-04 22:00:00,BUY,4568.6,4524.24,4746.05,4537.88,FLIP,-30.92,S433 AI Gold Star 123 (Coppock),
2026-05-04 22:00:00,2026-05-05 00:00:00,SELL,4537.88,4600.91,4285.77,4524.41,FLIP,13.27,S433 AI Gold Star 123 (Coppock),
2026-05-05 00:00:00,2026-05-05 00:30:00,BUY,4524.41,4459.44,4784.29,4522.35,FLIP,-2.26,S433 AI Gold Star 123 (Coppock),
2026-05-05 00:30:00,2026-05-05 03:30:00,SELL,4522.35,4583.52,4277.67,4522.91,FLIP,-0.76,S433 AI Gold Star 123 (Coppock),
2026-05-05 03:30:00,2026-05-05 11:30:00,BUY,4522.91,4467.48,4744.64,4533.68,FLIP,10.57,S433 AI Gold Star 123 (Coppock),
2026-05-05 11:30:00,2026-05-05 12:00:00,SELL,4533.68,4558.75,4433.39,4540.13,FLIP,-6.65,S433 AI Gold Star 123 (Coppock),
2026-05-05 12:00:00,2026-05-05 13:00:00,BUY,4540.13,4513.31,4647.39,4536.91,FLIP,-3.42,S433 AI Gold Star 123 (Coppock),
2026-05-05 13:00:00,2026-05-05 13:30:00,SELL,4536.91,4567.61,4414.1,4548.15,FLIP,-11.44,S433 AI Gold Star 123 (Coppock),
2026-05-05 13:30:00,2026-05-05 14:30:00,BUY,4548.15,4515.15,4680.14,4545.52,FLIP,-2.83,S433 AI Gold Star 123 (Coppock),
2026-05-05 14:30:00,2026-05-05 15:30:00,SELL,4545.52,4577.13,4419.07,4558.33,FLIP,-13.01,S433 AI Gold Star 123 (Coppock),
2026-05-05 15:30:00,2026-05-05 16:00:00,BUY,4558.33,4527.08,4683.31,4552.31,FLIP,-6.22,S433 AI Gold Star 123 (Coppock),
2026-05-05 16:00:00,2026-05-05 16:30:00,SELL,4552.31,4583.65,4426.94,4556.25,FLIP,-4.14,S433 AI Gold Star 123 (Coppock),
2026-05-05 16:30:00,2026-05-05 17:00:00,BUY,4556.25,4525.07,4680.98,4547.89,FLIP,-8.56,S433 AI Gold Star 123 (Coppock),
2026-05-05 17:00:00,2026-05-05 18:00:00,SELL,4547.89,4580.03,4419.33,4556.1,FLIP,-8.41,S433 AI Gold Star 123 (Coppock),
2026-05-05 18:00:00,2026-05-05 22:30:00,BUY,4556.1,4520.0,4700.51,4568.52,FLIP,12.22,S433 AI Gold Star 123 (Coppock),
2026-05-05 22:30:00,2026-05-06 05:30:00,SELL,4568.52,4607.84,4411.26,4573.02,FLIP,-4.7,S433 AI Gold Star 123 (Coppock),
2026-05-06 05:30:00,2026-05-06 12:30:00,BUY,4573.02,4543.18,4692.36,4663.04,FLIP,89.82,S433 AI Gold Star 123 (Coppock),
2026-05-06 12:30:00,2026-05-06 16:00:00,SELL,4663.04,4703.43,4501.47,4703.43,SL,-40.59,S433 AI Gold Star 123 (Coppock),
2026-05-06 17:30:00,2026-05-06 18:00:00,BUY,4717.98,4676.74,4882.95,4705.57,FLIP,-12.61,S433 AI Gold Star 123 (Coppock),
2026-05-06 18:00:00,2026-05-07 02:00:00,SELL,4705.57,4747.97,4535.96,4698.44,FLIP,6.93,S433 AI Gold Star 123 (Coppock),
2026-05-07 02:00:00,2026-05-07 10:30:00,BUY,4698.44,4660.53,4850.09,4699.19,FLIP,0.55,S433 AI Gold Star 123 (Coppock),
2026-05-07 10:30:00,2026-05-07 13:00:00,SELL,4699.19,4732.52,4565.87,4717.36,FLIP,-18.37,S433 AI Gold Star 123 (Coppock),
2026-05-07 13:00:00,2026-05-07 19:00:00,BUY,4717.36,4682.46,4856.96,4737.72,FLIP,20.16,S433 AI Gold Star 123 (Coppock),
2026-05-07 19:00:00,2026-05-08 06:00:00,SELL,4737.72,4781.88,4561.1,4696.56,FLIP,40.96,S433 AI Gold Star 123 (Coppock),
2026-05-08 06:00:00,2026-05-08 13:30:00,BUY,4696.56,4643.79,4907.66,4725.68,FLIP,28.92,S433 AI Gold Star 123 (Coppock),
2026-05-08 13:30:00,2026-05-08 19:30:00,SELL,4725.68,4768.28,4555.3,4724.43,FLIP,1.05,S433 AI Gold Star 123 (Coppock),
2026-05-08 19:30:00,2026-05-08 21:30:00,BUY,4724.43,4678.58,4907.82,4715.94,FLIP,-8.69,S433 AI Gold Star 123 (Coppock),
2026-05-08 21:30:00,2026-05-09 00:30:00,SELL,4715.94,4761.65,4533.09,4720.9,FLIP,-5.16,S433 AI Gold Star 123 (Coppock),
2026-05-09 00:30:00,2026-05-09 01:00:00,BUY,4720.9,4676.58,4898.17,4725.74,FLIP,4.64,S433 AI Gold Star 123 (Coppock),
2026-05-09 01:00:00,2026-05-09 02:30:00,SELL,4725.74,4770.02,4548.61,4724.05,FLIP,1.49,S433 AI Gold Star 123 (Coppock),
2026-05-09 02:30:00,2026-05-09 03:00:00,BUY,4724.05,4688.83,4864.95,4717.38,FLIP,-6.87,S433 AI Gold Star 123 (Coppock),
2026-05-09 03:00:00,2026-05-11 12:00:00,SELL,4717.38,4751.91,4579.25,4670.84,FLIP,46.34,S433 AI Gold Star 123 (Coppock),
2026-05-11 12:00:00,2026-05-11 12:30:00,BUY,4670.84,4627.02,4846.13,4652.32,FLIP,-18.72,S433 AI Gold Star 123 (Coppock),
2026-05-11 12:30:00,2026-05-11 13:00:00,SELL,4652.32,4701.57,4455.34,4667.41,FLIP,-15.29,S433 AI Gold Star 123 (Coppock),
2026-05-11 13:00:00,2026-05-11 16:00:00,BUY,4667.41,4615.34,4875.68,4657.61,FLIP,-10.0,S433 AI Gold Star 123 (Coppock),
2026-05-11 16:00:00,2026-05-11 16:30:00,SELL,4657.61,4700.3,4486.84,4656.83,FLIP,0.58,S433 AI Gold Star 123 (Coppock),
2026-05-11 16:30:00,2026-05-12 00:00:00,BUY,4656.83,4616.12,4819.66,4718.18,FLIP,61.15,S433 AI Gold Star 123 (Coppock),
2026-05-12 00:00:00,2026-05-12 06:00:00,SELL,4718.18,4765.6,4528.5,4752.86,FLIP,-34.88,S433 AI Gold Star 123 (Coppock),
2026-05-12 06:00:00,2026-05-12 08:00:00,BUY,4752.86,4725.22,4863.41,4735.23,FLIP,-17.83,S433 AI Gold Star 123 (Coppock),
2026-05-12 08:00:00,2026-05-12 15:00:00,SELL,4735.23,4769.29,4598.97,4703.07,FLIP,31.96,S433 AI Gold Star 123 (Coppock),
2026-05-12 15:00:00,2026-05-12 20:30:00,BUY,4703.07,4667.32,4846.05,4678.95,FLIP,-24.32,S433 AI Gold Star 123 (Coppock),
2026-05-12 20:30:00,2026-05-13 00:30:00,SELL,4678.95,4720.53,4512.65,4678.85,FLIP,-0.1,S433 AI Gold Star 123 (Coppock),
2026-05-13 00:30:00,2026-05-13 08:00:00,BUY,4678.85,4627.29,4885.08,4704.48,FLIP,25.43,S433 AI Gold Star 123 (Coppock),
2026-05-13 08:00:00,2026-05-13 13:30:00,SELL,4704.48,4732.21,4593.55,4701.43,FLIP,2.85,S433 AI Gold Star 123 (Coppock),
2026-05-13 13:30:00,2026-05-13 18:00:00,BUY,4701.43,4668.55,4832.93,4698.44,FLIP,-3.19,S433 AI Gold Star 123 (Coppock),
2026-05-13 18:00:00,2026-05-13 22:00:00,SELL,4698.44,4730.15,4571.6,4691.32,FLIP,6.92,S433 AI Gold Star 123 (Coppock),
2026-05-13 22:00:00,2026-05-14 01:30:00,BUY,4691.32,4653.79,4841.45,4684.99,FLIP,-6.53,S433 AI Gold Star 123 (Coppock),
2026-05-14 01:30:00,2026-05-14 02:00:00,SELL,4684.99,4724.74,4526.0,4687.21,FLIP,-2.42,S433 AI Gold Star 123 (Coppock),
2026-05-14 02:00:00,2026-05-14 06:30:00,BUY,4687.21,4649.79,4836.88,4696.66,FLIP,9.25,S433 AI Gold Star 123 (Coppock),
2026-05-14 06:30:00,2026-05-14 07:00:00,SELL,4696.66,4722.53,4593.19,4701.11,FLIP,-4.65,S433 AI Gold Star 123 (Coppock),
2026-05-14 07:00:00,2026-05-14 08:00:00,BUY,4701.11,4675.0,4805.54,4692.64,FLIP,-8.67,S433 AI Gold Star 123 (Coppock),
2026-05-14 08:00:00,2026-05-14 11:00:00,SELL,4692.64,4722.61,4572.75,4702.24,FLIP,-9.8,S433 AI Gold Star 123 (Coppock),
2026-05-14 11:00:00,2026-05-14 12:00:00,BUY,4702.24,4661.92,4863.54,4693.66,FLIP,-8.78,S433 AI Gold Star 123 (Coppock),
2026-05-14 12:00:00,2026-05-14 13:30:00,SELL,4693.66,4735.64,4525.75,4700.19,FLIP,-6.73,S433 AI Gold Star 123 (Coppock),
2026-05-14 13:30:00,2026-05-14 14:30:00,BUY,4700.19,4653.92,4885.27,4693.23,FLIP,-7.16,S433 AI Gold Star 123 (Coppock),
2026-05-14 14:30:00,2026-05-14 15:00:00,SELL,4693.23,4741.81,4498.92,4702.93,FLIP,-9.9,S433 AI Gold Star 123 (Coppock),
2026-05-14 15:00:00,2026-05-14 17:00:00,BUY,4702.93,4656.5,4888.64,4697.54,FLIP,-5.59,S433 AI Gold Star 123 (Coppock),
2026-05-14 17:00:00,2026-05-14 17:30:00,SELL,4697.54,4743.07,4515.41,4696.94,FLIP,0.4,S433 AI Gold Star 123 (Coppock),
2026-05-14 17:30:00,2026-05-14 18:00:00,BUY,4696.94,4653.66,4870.07,4692.04,FLIP,-5.1,S433 AI Gold Star 123 (Coppock),
2026-05-14 18:00:00,2026-05-14 19:00:00,SELL,4692.04,4728.98,4544.29,4702.98,FLIP,-11.14,S433 AI Gold Star 123 (Coppock),
2026-05-14 19:00:00,2026-05-14 20:00:00,BUY,4702.98,4664.54,4856.75,4688.34,FLIP,-14.84,S433 AI Gold Star 123 (Coppock),
2026-05-14 20:00:00,2026-05-15 05:30:00,SELL,4688.34,4729.09,4525.35,4662.35,FLIP,25.79,S433 AI Gold Star 123 (Coppock),
2026-05-15 05:30:00,2026-05-15 06:30:00,BUY,4662.35,4635.52,4769.68,4652.16,FLIP,-10.39,S433 AI Gold Star 123 (Coppock),
2026-05-15 06:30:00,2026-05-15 10:30:00,SELL,4652.16,4680.46,4538.95,4615.46,FLIP,36.5,S433 AI Gold Star 123 (Coppock),
2026-05-15 10:30:00,2026-05-15 11:00:00,BUY,4615.46,4574.06,4781.07,4610.89,FLIP,-4.77,S433 AI Gold Star 123 (Coppock),
2026-05-15 11:00:00,2026-05-15 14:00:00,SELL,4610.89,4653.18,4441.75,4581.8,FLIP,28.89,S433 AI Gold Star 123 (Coppock),
2026-05-15 14:00:00,2026-05-15 15:30:00,BUY,4581.8,4528.98,4793.09,4554.38,FLIP,-27.62,S433 AI Gold Star 123 (Coppock),
2026-05-15 15:30:00,2026-05-15 17:00:00,SELL,4554.38,4604.89,4352.33,4551.74,FLIP,2.44,S433 AI Gold Star 123 (Coppock),
2026-05-15 17:00:00,2026-05-16 02:30:00,BUY,4551.74,4494.56,4780.44,4545.78,FLIP,-6.16,S433 AI Gold Star 123 (Coppock),
2026-05-16 02:30:00,2026-05-16 03:30:00,SELL,4545.78,4598.65,4334.29,4538.98,FLIP,6.6,S433 AI Gold Star 123 (Coppock),
2026-05-16 03:30:00,2026-05-18 05:00:00,BUY,4538.98,4494.64,4716.33,4540.53,FLIP,1.35,S433 AI Gold Star 123 (Coppock),
2026-05-18 05:00:00,2026-05-18 09:00:00,SELL,4540.53,4580.53,4380.54,4533.85,FLIP,6.48,S433 AI Gold Star 123 (Coppock),
2026-05-18 09:00:00,2026-05-18 16:00:00,BUY,4533.85,4479.52,4751.16,4544.98,FLIP,10.93,S433 AI Gold Star 123 (Coppock),
2026-05-18 16:00:00,2026-05-18 19:30:00,SELL,4544.98,4591.15,4360.29,4571.36,FLIP,-26.58,S433 AI Gold Star 123 (Coppock),
2026-05-18 19:30:00,2026-05-18 21:00:00,BUY,4571.36,4527.36,4747.36,4561.81,FLIP,-9.75,S433 AI Gold Star 123 (Coppock),
2026-05-18 21:00:00,2026-05-18 23:30:00,SELL,4561.81,4608.21,4376.22,4550.18,FLIP,11.43,S433 AI Gold Star 123 (Coppock),
2026-05-18 23:30:00,2026-05-19 00:00:00,BUY,4550.18,4496.53,4764.8,4553.93,FLIP,3.55,S433 AI Gold Star 123 (Coppock),
2026-05-19 00:00:00,2026-05-19 03:00:00,SELL,4553.93,4607.77,4338.56,4563.27,FLIP,-9.54,S433 AI Gold Star 123 (Coppock),
2026-05-19 03:00:00,2026-05-19 08:00:00,BUY,4563.27,4515.53,4754.24,4559.25,FLIP,-4.22,S433 AI Gold Star 123 (Coppock),
2026-05-19 08:00:00,2026-05-19 14:00:00,SELL,4559.25,4596.72,4409.35,4548.26,FLIP,10.79,S433 AI Gold Star 123 (Coppock),
2026-05-19 14:00:00,2026-05-19 18:30:00,BUY,4548.26,4510.71,4698.47,4530.75,FLIP,-17.71,S433 AI Gold Star 123 (Coppock),
2026-05-19 18:30:00,2026-05-19 19:00:00,SELL,4530.75,4571.61,4367.3,4543.52,FLIP,-12.97,S433 AI Gold Star 123 (Coppock),
2026-05-19 19:00:00,2026-05-19 19:30:00,BUY,4543.52,4501.88,4710.07,4537.22,FLIP,-6.5,S433 AI Gold Star 123 (Coppock),
2026-05-19 19:30:00,2026-05-19 23:30:00,SELL,4537.22,4578.92,4370.42,4507.74,FLIP,29.28,S433 AI Gold Star 123 (Coppock),
2026-05-19 23:30:00,2026-05-20 00:30:00,BUY,4507.74,4450.68,4735.98,4500.91,FLIP,-7.03,S433 AI Gold Star 123 (Coppock),
2026-05-20 00:30:00,2026-05-20 01:30:00,SELL,4500.91,4556.14,4279.98,4493.64,FLIP,7.07,S433 AI Gold Star 123 (Coppock),
2026-05-20 01:30:00,2026-05-20 08:00:00,BUY,4493.64,4439.86,4708.75,4473.6,FLIP,-20.24,S433 AI Gold Star 123 (Coppock),
2026-05-20 08:00:00,2026-05-20 08:30:00,SELL,4473.6,4508.49,4334.02,4481.41,FLIP,-8.01,S433 AI Gold Star 123 (Coppock),
2026-05-20 08:30:00,2026-05-20 09:30:00,BUY,4481.41,4441.54,4640.87,4465.36,FLIP,-16.25,S433 AI Gold Star 123 (Coppock),
2026-05-20 09:30:00,2026-05-20 13:30:00,SELL,4465.36,4508.97,4290.94,4474.42,FLIP,-9.26,S433 AI Gold Star 123 (Coppock),
2026-05-20 13:30:00,2026-05-20 19:30:00,BUY,4474.42,4424.76,4673.05,4496.21,FLIP,21.59,S433 AI Gold Star 123 (Coppock),
2026-05-20 19:30:00,2026-05-20 21:00:00,SELL,4496.21,4530.87,4357.58,4506.73,FLIP,-10.72,S433 AI Gold Star 123 (Coppock),
2026-05-20 21:00:00,2026-05-21 03:00:00,BUY,4506.73,4465.56,4671.41,4545.67,FLIP,38.74,S433 AI Gold Star 123 (Coppock),
2026-05-21 03:00:00,2026-05-21 08:00:00,SELL,4545.67,4587.98,4376.42,4567.11,FLIP,-21.64,S433 AI Gold Star 123 (Coppock),
2026-05-21 08:00:00,2026-05-21 09:00:00,BUY,4567.11,4538.33,4682.22,4540.38,FLIP,-26.93,S433 AI Gold Star 123 (Coppock),
2026-05-21 09:00:00,2026-05-21 15:00:00,SELL,4540.38,4574.06,4405.67,4535.94,FLIP,4.24,S433 AI Gold Star 123 (Coppock),
2026-05-21 15:00:00,2026-05-21 17:00:00,BUY,4535.94,4495.95,4695.9,4518.01,FLIP,-18.13,S433 AI Gold Star 123 (Coppock),
2026-05-21 17:00:00,2026-05-21 17:30:00,SELL,4518.01,4558.58,4355.74,4511.61,FLIP,6.2,S433 AI Gold Star 123 (Coppock),
2026-05-21 17:30:00,2026-05-21 18:00:00,BUY,4511.61,4470.27,4676.99,4514.12,FLIP,2.31,S433 AI Gold Star 123 (Coppock),
2026-05-21 18:00:00,2026-05-21 19:00:00,SELL,4514.12,4554.99,4350.64,4507.16,FLIP,6.76,S433 AI Gold Star 123 (Coppock),
2026-05-21 19:00:00,2026-05-21 19:30:00,BUY,4507.16,4466.56,4669.55,4504.14,FLIP,-3.22,S433 AI Gold Star 123 (Coppock),
2026-05-21 19:30:00,2026-05-21 22:30:00,SELL,4504.14,4545.65,4338.1,4511.93,FLIP,-7.99,S433 AI Gold Star 123 (Coppock),
2026-05-21 22:30:00,2026-05-22 06:00:00,BUY,4511.93,4465.17,4698.98,4540.46,FLIP,28.33,S433 AI Gold Star 123 (Coppock),
2026-05-22 06:00:00,2026-05-22 13:00:00,SELL,4540.46,4573.8,4407.09,4525.26,FLIP,15.0,S433 AI Gold Star 123 (Coppock),
2026-05-22 13:00:00,2026-05-22 16:00:00,BUY,4525.26,4493.91,4650.68,4517.88,FLIP,-7.58,S433 AI Gold Star 123 (Coppock),
2026-05-22 16:00:00,2026-05-22 16:30:00,SELL,4517.88,4547.42,4399.73,4532.2,FLIP,-14.52,S433 AI Gold Star 123 (Coppock),
2026-05-22 16:30:00,2026-05-22 17:30:00,BUY,4532.2,4499.96,4661.17,4514.69,FLIP,-17.71,S433 AI Gold Star 123 (Coppock),
2026-05-22 17:30:00,2026-05-22 19:30:00,SELL,4514.69,4549.76,4374.43,4528.3,FLIP,-13.81,S433 AI Gold Star 123 (Coppock),
2026-05-22 19:30:00,2026-05-22 20:30:00,BUY,4528.3,4492.51,4671.46,4513.85,FLIP,-14.65,S433 AI Gold Star 123 (Coppock),
2026-05-22 20:30:00,2026-05-22 22:30:00,SELL,4513.85,4551.17,4364.56,4520.08,FLIP,-6.43,S433 AI Gold Star 123 (Coppock),
2026-05-22 22:30:00,2026-05-22 23:30:00,BUY,4520.08,4477.86,4688.95,4514.96,FLIP,-5.32,S433 AI Gold Star 123 (Coppock),
2026-05-22 23:30:00,2026-05-23 00:00:00,SELL,4514.96,4555.0,4354.79,4525.33,FLIP,-10.57,S433 AI Gold Star 123 (Coppock),
2026-05-23 00:00:00,2026-05-23 02:00:00,BUY,4525.33,4485.19,4685.9,4507.07,FLIP,-18.46,S433 AI Gold Star 123 (Coppock),
2026-05-23 02:00:00,2026-05-23 03:00:00,SELL,4507.07,4543.41,4361.69,4510.27,FLIP,-3.4,S433 AI Gold Star 123 (Coppock),
2026-05-23 03:00:00,2026-05-23 03:30:00,BUY,4510.27,4477.11,4642.9,4507.12,FLIP,-3.35,S433 AI Gold Star 123 (Coppock),
2026-05-23 03:30:00,2026-05-25 05:00:00,SELL,4507.12,4538.02,4383.53,4551.68,FLIP,-44.76,S433 AI Gold Star 123 (Coppock),
2026-05-25 05:00:00,2026-05-25 10:30:00,BUY,4551.68,4514.71,4699.55,4559.8,FLIP,7.92,S433 AI Gold Star 123 (Coppock),
2026-05-25 10:30:00,2026-05-25 16:00:00,SELL,4559.8,4600.15,4398.41,4558.97,FLIP,0.63,S433 AI Gold Star 123 (Coppock),
2026-05-25 16:00:00,2026-05-25 20:00:00,BUY,4558.97,4534.11,4658.42,4561.89,FLIP,2.72,S433 AI Gold Star 123 (Coppock),
2026-05-25 20:00:00,2026-05-25 21:00:00,SELL,4561.89,4589.21,4452.62,4567.95,FLIP,-6.26,S433 AI Gold Star 123 (Coppock),
2026-05-25 21:00:00,2026-05-25 21:30:00,BUY,4567.95,4542.43,4670.02,4566.87,FLIP,-1.28,S433 AI Gold Star 123 (Coppock),
2026-05-25 21:30:00,2026-05-25 22:00:00,SELL,4566.87,4590.85,4470.94,4573.36,FLIP,-6.69,S433 AI Gold Star 123 (Coppock),
2026-05-25 22:00:00,2026-05-25 22:30:00,BUY,4573.36,4549.86,4667.35,4570.91,FLIP,-2.65,S433 AI Gold Star 123 (Coppock),
2026-05-25 22:30:00,2026-05-26 01:30:00,SELL,4570.91,4594.85,4475.17,4570.95,FLIP,-0.24,S433 AI Gold Star 123 (Coppock),
2026-05-26 01:30:00,2026-05-26 06:00:00,BUY,4570.95,4548.4,4661.15,4568.24,FLIP,-2.91,S433 AI Gold Star 123 (Coppock),
2026-05-26 06:00:00,2026-05-26 13:00:00,SELL,4568.24,4588.08,4488.88,4530.46,FLIP,37.58,S433 AI Gold Star 123 (Coppock),
2026-05-26 13:00:00,2026-05-26 18:30:00,BUY,4530.46,4498.52,4658.22,4507.28,FLIP,-23.38,S433 AI Gold Star 123 (Coppock),
2026-05-26 18:30:00,2026-05-26 19:30:00,SELL,4507.28,4543.43,4362.68,4520.36,FLIP,-13.28,S433 AI Gold Star 123 (Coppock),
2026-05-26 19:30:00,2026-05-26 20:00:00,BUY,4520.36,4480.89,4678.23,4522.27,FLIP,1.71,S433 AI Gold Star 123 (Coppock),
2026-05-26 20:00:00,2026-05-26 21:00:00,SELL,4522.27,4562.24,4362.38,4517.74,FLIP,4.33,S433 AI Gold Star 123 (Coppock),
2026-05-26 21:00:00,2026-05-26 21:30:00,BUY,4517.74,4474.73,4689.79,4515.34,FLIP,-2.6,S433 AI Gold Star 123 (Coppock),
2026-05-26 21:30:00,2026-05-27 01:30:00,SELL,4515.34,4557.25,4347.68,4499.25,FLIP,15.89,S433 AI Gold Star 123 (Coppock),
2026-05-27 01:30:00,2026-05-27 09:00:00,BUY,4499.25,4464.11,4639.81,4505.52,FLIP,6.07,S433 AI Gold Star 123 (Coppock),
2026-05-27 09:00:00,2026-05-27 15:30:00,SELL,4505.52,4537.8,4376.4,4497.87,FLIP,7.45,S433 AI Gold Star 123 (Coppock),
2026-05-27 15:30:00,2026-05-27 17:00:00,BUY,4497.87,4463.18,4636.62,4476.96,FLIP,-21.11,S433 AI Gold Star 123 (Coppock),
2026-05-27 17:00:00,2026-05-27 21:00:00,SELL,4476.96,4512.4,4335.21,4445.48,FLIP,31.28,S433 AI Gold Star 123 (Coppock),
2026-05-27 21:00:00,2026-05-27 21:30:00,BUY,4445.48,4382.88,4695.86,4433.95,FLIP,-11.73,S433 AI Gold Star 123 (Coppock),
2026-05-27 21:30:00,2026-05-27 22:00:00,SELL,4433.95,4497.22,4180.87,4435.83,FLIP,-2.08,S433 AI Gold Star 123 (Coppock),
2026-05-27 22:00:00,2026-05-28 06:00:00,BUY,4435.83,4372.79,4687.99,4450.79,FLIP,14.76,S433 AI Gold Star 123 (Coppock),
2026-05-28 06:00:00,2026-05-28 13:30:00,SELL,4450.79,4474.74,4354.98,4383.43,FLIP,67.16,S433 AI Gold Star 123 (Coppock),
2026-05-28 13:30:00,2026-05-29 01:30:00,BUY,4383.43,4333.13,4584.63,4501.03,FLIP,117.4,S433 AI Gold Star 123 (Coppock),
2026-05-29 01:30:00,2026-05-29 10:30:00,SELL,4501.03,4559.53,4267.05,4501.38,FLIP,-0.55,S433 AI Gold Star 123 (Coppock),
2026-05-29 10:30:00,2026-05-29 14:00:00,BUY,4501.38,4475.68,4604.19,4514.07,FLIP,12.49,S433 AI Gold Star 123 (Coppock),
2026-05-29 14:00:00,2026-05-29 14:30:00,SELL,4514.07,4546.36,4384.92,4524.75,FLIP,-10.88,S433 AI Gold Star 123 (Coppock),
2026-05-29 14:30:00,2026-05-29 15:00:00,BUY,4524.75,4491.15,4659.15,4517.08,FLIP,-7.87,S433 AI Gold Star 123 (Coppock),
2026-05-29 15:00:00,2026-05-29 16:00:00,SELL,4517.08,4547.22,4396.53,4528.87,FLIP,-11.99,S433 AI Gold Star 123 (Coppock),
2026-05-29 16:00:00,2026-05-29 18:00:00,BUY,4528.87,4496.47,4658.47,4528.03,FLIP,-1.04,S433 AI Gold Star 123 (Coppock),
2026-05-29 18:00:00,2026-05-29 18:30:00,SELL,4528.03,4563.16,4387.49,4538.43,FLIP,-10.6,S433 AI Gold Star 123 (Coppock),
2026-05-29 18:30:00,2026-05-29 19:00:00,BUY,4538.43,4501.9,4684.55,4522.35,FLIP,-16.28,S433 AI Gold Star 123 (Coppock),
2026-05-29 19:00:00,2026-05-29 21:30:00,SELL,4522.35,4561.46,4365.93,4564.21,FLIP,-42.06,S433 AI Gold Star 123 (Coppock),
2026-05-29 21:30:00,2026-05-30 00:30:00,BUY,4564.21,4514.67,4762.37,4553.49,FLIP,-10.92,S433 AI Gold Star 123 (Coppock),
2026-05-30 00:30:00,2026-05-30 01:00:00,SELL,4553.49,4608.69,4332.71,4559.4,FLIP,-6.11,S433 AI Gold Star 123 (Coppock),
2026-05-30 01:00:00,2026-05-30 01:30:00,BUY,4559.4,4505.43,4775.29,4553.28,FLIP,-6.32,S433 AI Gold Star 123 (Coppock),
2026-05-30 01:30:00,2026-06-01 10:30:00,SELL,4553.28,4606.74,4339.46,4516.31,FLIP,36.77,S433 AI Gold Star 123 (Coppock),
2026-06-01 10:30:00,2026-06-01 11:30:00,BUY,4516.31,4484.51,4643.53,4514.47,FLIP,-2.04,S433 AI Gold Star 123 (Coppock),
2026-06-01 11:30:00,2026-06-01 12:00:00,SELL,4514.47,4547.1,4383.94,4520.49,FLIP,-6.22,S433 AI Gold Star 123 (Coppock),
2026-06-01 12:00:00,2026-06-01 13:00:00,BUY,4520.49,4490.11,4642.0,4513.97,FLIP,-6.72,S433 AI Gold Star 123 (Coppock),
2026-06-01 13:00:00,2026-06-01 15:30:00,SELL,4513.97,4545.82,4386.56,4498.04,FLIP,15.73,S433 AI Gold Star 123 (Coppock),
2026-06-01 15:30:00,2026-06-01 16:00:00,BUY,4498.04,4463.59,4635.83,4496.39,FLIP,-1.85,S433 AI Gold Star 123 (Coppock),
2026-06-01 16:00:00,2026-06-01 16:30:00,SELL,4496.39,4530.77,4358.86,4496.01,FLIP,0.18,S433 AI Gold Star 123 (Coppock),
2026-06-01 16:30:00,2026-06-01 20:00:00,BUY,4496.01,4461.6,4633.67,4465.07,FLIP,-31.14,S433 AI Gold Star 123 (Coppock),
2026-06-01 20:00:00,2026-06-01 23:30:00,SELL,4465.07,4505.06,4305.1,4480.1,FLIP,-15.23,S433 AI Gold Star 123 (Coppock),
2026-06-01 23:30:00,2026-06-02 06:30:00,BUY,4480.1,4433.92,4664.83,4484.53,FLIP,4.23,S433 AI Gold Star 123 (Coppock),
2026-06-02 06:30:00,2026-06-02 07:00:00,SELL,4484.53,4507.42,4392.98,4493.76,FLIP,-9.43,S433 AI Gold Star 123 (Coppock),
2026-06-02 07:00:00,2026-06-02 07:30:00,BUY,4493.76,4470.36,4587.36,4481.75,FLIP,-12.21,S433 AI Gold Star 123 (Coppock),
2026-06-02 07:30:00,2026-06-02 10:00:00,SELL,4481.75,4505.54,4386.6,4495.19,FLIP,-13.64,S433 AI Gold Star 123 (Coppock),
2026-06-02 10:00:00,2026-06-02 16:00:00,BUY,4495.19,4461.92,4628.28,4526.75,FLIP,31.36,S433 AI Gold Star 123 (Coppock),
2026-06-02 16:00:00,2026-06-03 01:30:00,SELL,4526.75,4556.99,4405.79,4487.39,FLIP,39.16,S433 AI Gold Star 123 (Coppock),
2026-06-03 01:30:00,2026-06-03 06:00:00,BUY,4487.39,4454.83,4617.65,4467.58,FLIP,-20.01,S433 AI Gold Star 123 (Coppock),
2026-06-03 06:00:00,2026-06-03 06:30:00,SELL,4467.58,4493.71,4363.05,4474.41,FLIP,-7.03,S433 AI Gold Star 123 (Coppock),
2026-06-03 06:30:00,2026-06-03 08:00:00,BUY,4474.41,4447.33,4582.74,4467.12,FLIP,-7.49,S433 AI Gold Star 123 (Coppock),
2026-06-03 08:00:00,2026-06-03 08:30:00,SELL,4467.12,4499.37,4338.1,4475.84,FLIP,-8.92,S433 AI Gold Star 123 (Coppock),
2026-06-03 08:30:00,2026-06-03 12:00:00,BUY,4475.84,4442.98,4607.29,4468.45,FLIP,-7.59,S433 AI Gold Star 123 (Coppock),
2026-06-03 12:00:00,2026-06-03 13:30:00,SELL,4468.45,4504.38,4324.72,4463.01,FLIP,5.24,S433 AI Gold Star 123 (Coppock),
2026-06-03 13:30:00,2026-06-03 14:00:00,BUY,4463.01,4429.54,4596.9,4456.18,FLIP,-7.03,S433 AI Gold Star 123 (Coppock),
2026-06-03 14:00:00,2026-06-03 17:00:00,SELL,4456.18,4491.05,4316.7,4459.83,FLIP,-3.85,S433 AI Gold Star 123 (Coppock),
2026-06-03 17:00:00,2026-06-03 22:30:00,BUY,4459.83,4421.75,4612.15,4442.2,FLIP,-17.83,S433 AI Gold Star 123 (Coppock),
2026-06-03 22:30:00,2026-06-04 02:00:00,SELL,4442.2,4488.39,4257.44,4448.03,FLIP,-6.03,S433 AI Gold Star 123 (Coppock),
2026-06-04 02:00:00,2026-06-04 02:30:00,BUY,4448.03,4409.91,4600.5,4443.82,FLIP,-4.41,S433 AI Gold Star 123 (Coppock),
2026-06-04 02:30:00,2026-06-04 03:30:00,SELL,4443.82,4479.29,4301.95,4433.46,FLIP,10.16,S433 AI Gold Star 123 (Coppock),
2026-06-04 03:30:00,2026-06-04 12:30:00,BUY,4433.46,4404.35,4549.92,4469.2,FLIP,35.54,S433 AI Gold Star 123 (Coppock),
2026-06-04 12:30:00,2026-06-04 17:30:00,SELL,4469.2,4510.37,4304.53,4473.67,FLIP,-4.67,S433 AI Gold Star 123 (Coppock),
2026-06-04 17:30:00,2026-06-04 21:30:00,BUY,4473.67,4443.38,4594.82,4465.83,FLIP,-8.04,S433 AI Gold Star 123 (Coppock),
2026-06-04 21:30:00,2026-06-05 05:00:00,SELL,4465.83,4513.46,4275.32,4478.93,FLIP,-13.3,S433 AI Gold Star 123 (Coppock),
2026-06-05 05:00:00,2026-06-05 06:30:00,BUY,4478.93,4453.42,4580.97,4461.81,FLIP,-17.32,S433 AI Gold Star 123 (Coppock),
2026-06-05 06:30:00,2026-06-05 11:30:00,SELL,4461.81,4483.55,4374.84,4445.05,FLIP,16.56,S433 AI Gold Star 123 (Coppock),
2026-06-05 11:30:00,2026-06-05 19:00:00,BUY,4445.05,4411.04,4581.09,4464.01,FLIP,18.76,S433 AI Gold Star 123 (Coppock),
2026-06-05 19:00:00,2026-06-05 22:30:00,SELL,4464.01,4495.21,4339.2,4339.2,TP,124.61,S433 AI Gold Star 123 (Coppock),
2026-06-06 02:00:00,2026-06-08 09:30:00,BUY,4323.87,4255.12,4598.87,4310.59,FLIP,-13.48,S433 AI Gold Star 123 (Coppock),
2026-06-08 09:30:00,2026-06-08 10:30:00,SELL,4310.59,4360.43,4111.23,4316.95,FLIP,-6.56,S433 AI Gold Star 123 (Coppock),
2026-06-08 10:30:00,2026-06-08 11:30:00,BUY,4316.95,4266.83,4517.44,4312.65,FLIP,-4.5,S433 AI Gold Star 123 (Coppock),
2026-06-08 11:30:00,2026-06-08 16:30:00,SELL,4312.65,4362.21,4114.42,4294.36,FLIP,18.09,S433 AI Gold Star 123 (Coppock),
2026-06-08 16:30:00,2026-06-08 23:30:00,BUY,4294.36,4244.31,4494.56,4340.69,FLIP,46.13,S433 AI Gold Star 123 (Coppock),
2026-06-08 23:30:00,2026-06-09 08:00:00,SELL,4340.69,4385.49,4161.5,4335.49,FLIP,5.0,S433 AI Gold Star 123 (Coppock),
2026-06-09 08:00:00,2026-06-09 13:30:00,BUY,4335.49,4309.93,4437.73,4330.63,FLIP,-5.06,S433 AI Gold Star 123 (Coppock),
2026-06-09 13:30:00,2026-06-09 17:30:00,SELL,4330.63,4361.71,4206.31,4339.2,FLIP,-8.77,S433 AI Gold Star 123 (Coppock),
2026-06-09 17:30:00,2026-06-09 20:00:00,BUY,4339.2,4305.93,4472.3,4330.93,FLIP,-8.47,S433 AI Gold Star 123 (Coppock),
2026-06-09 20:00:00,2026-06-09 20:30:00,SELL,4330.93,4361.96,4206.82,4361.96,SL,-31.23,S433 AI Gold Star 123 (Coppock),
2026-06-10 03:00:00,2026-06-10 08:00:00,BUY,4259.09,4193.52,4521.35,4201.8,FLIP,-57.49,S433 AI Gold Star 123 (Coppock),
2026-06-10 08:00:00,2026-06-10 12:00:00,SELL,4201.8,4249.05,4012.82,4187.18,FLIP,14.42,S433 AI Gold Star 123 (Coppock),
2026-06-10 12:00:00,2026-06-10 18:00:00,BUY,4187.18,4135.97,4392.03,4166.29,FLIP,-21.09,S433 AI Gold Star 123 (Coppock),
2026-06-10 18:00:00,2026-06-10 20:30:00,SELL,4166.29,4213.75,3976.44,4179.61,FLIP,-13.52,S433 AI Gold Star 123 (Coppock),
2026-06-10 20:30:00,2026-06-10 21:30:00,BUY,4179.61,4116.25,4433.07,4124.85,FLIP,-54.96,S433 AI Gold Star 123 (Coppock),
2026-06-10 21:30:00,2026-06-11 06:00:00,SELL,4124.85,4196.09,3839.88,4061.59,FLIP,63.06,S433 AI Gold Star 123 (Coppock),
2026-06-11 06:00:00,2026-06-11 06:30:00,BUY,4061.59,4003.2,4295.14,4047.29,FLIP,-14.5,S433 AI Gold Star 123 (Coppock),
2026-06-11 06:30:00,2026-06-11 07:00:00,SELL,4047.29,4104.7,3817.66,4067.63,FLIP,-20.54,S433 AI Gold Star 123 (Coppock),
2026-06-11 07:00:00,2026-06-11 15:00:00,BUY,4067.63,4004.8,4318.96,4097.59,FLIP,29.76,S433 AI Gold Star 123 (Coppock),
2026-06-11 15:00:00,2026-06-11 16:30:00,SELL,4097.59,4152.28,3878.84,4091.69,FLIP,5.7,S433 AI Gold Star 123 (Coppock),
2026-06-11 16:30:00,2026-06-11 17:00:00,BUY,4091.69,4043.41,4284.8,4087.72,FLIP,-4.17,S433 AI Gold Star 123 (Coppock),
2026-06-11 17:00:00,2026-06-11 22:30:00,SELL,4087.72,4133.03,3906.49,4088.83,FLIP,-1.31,S433 AI Gold Star 123 (Coppock),
2026-06-11 22:30:00,2026-06-12 07:00:00,BUY,4088.83,4036.56,4297.91,4220.4,FLIP,131.37,S433 AI Gold Star 123 (Coppock),
2026-06-12 07:00:00,2026-06-12 13:30:00,SELL,4220.4,4295.89,3918.44,4184.13,FLIP,36.07,S433 AI Gold Star 123 (Coppock),
2026-06-12 13:30:00,2026-06-12 14:00:00,BUY,4184.13,4135.68,4377.94,4174.07,FLIP,-10.26,S433 AI Gold Star 123 (Coppock),
2026-06-12 14:00:00,2026-06-12 14:30:00,SELL,4174.07,4219.9,3990.74,4194.16,FLIP,-20.29,S433 AI Gold Star 123 (Coppock),
2026-06-12 14:30:00,2026-06-12 19:30:00,BUY,4194.16,4149.21,4373.97,4191.72,FLIP,-2.64,S433 AI Gold Star 123 (Coppock),
2026-06-12 19:30:00,2026-06-13 00:00:00,SELL,4191.72,4236.96,4010.78,4218.81,FLIP,-27.29,S433 AI Gold Star 123 (Coppock),
2026-06-13 00:00:00,2026-06-13 03:00:00,BUY,4218.81,4161.76,4447.0,4214.42,FLIP,-4.59,S433 AI Gold Star 123 (Coppock),
2026-06-13 03:00:00,2026-06-13 03:30:00,SELL,4214.42,4268.01,4000.07,4217.92,FLIP,-3.7,S433 AI Gold Star 123 (Coppock),
2026-06-13 03:30:00,2026-06-15 10:30:00,BUY,4217.92,4168.87,4414.13,4324.94,FLIP,106.82,S433 AI Gold Star 123 (Coppock),
2026-06-15 10:30:00,2026-06-15 18:00:00,SELL,4324.94,4377.08,4116.4,4341.07,FLIP,-16.33,S433 AI Gold Star 123 (Coppock),
2026-06-15 18:00:00,2026-06-15 22:00:00,BUY,4341.07,4310.03,4465.24,4354.1,FLIP,12.83,S433 AI Gold Star 123 (Coppock),
2026-06-15 22:00:00,2026-06-16 06:30:00,SELL,4354.1,4388.23,4217.58,4315.66,FLIP,38.24,S433 AI Gold Star 123 (Coppock),
2026-06-16 06:30:00,2026-06-16 13:00:00,BUY,4315.66,4289.46,4420.45,4316.53,FLIP,0.67,S433 AI Gold Star 123 (Coppock),
2026-06-16 13:00:00,2026-06-16 13:30:00,SELL,4316.53,4344.52,4204.59,4323.94,FLIP,-7.61,S433 AI Gold Star 123 (Coppock),
2026-06-16 13:30:00,2026-06-16 19:00:00,BUY,4323.94,4295.01,4439.66,4343.76,FLIP,19.62,S433 AI Gold Star 123 (Coppock),
2026-06-16 19:00:00,2026-06-16 19:30:00,SELL,4343.76,4370.32,4237.52,4354.64,FLIP,-11.08,S433 AI Gold Star 123 (Coppock),
2026-06-16 19:30:00,2026-06-16 20:00:00,BUY,4354.64,4328.77,4458.13,4335.17,FLIP,-19.67,S433 AI Gold Star 123 (Coppock),
2026-06-16 20:00:00,2026-06-17 01:30:00,SELL,4335.17,4364.38,4218.34,4338.53,FLIP,-3.56,S433 AI Gold Star 123 (Coppock),
2026-06-17 01:30:00,2026-06-17 06:30:00,BUY,4338.53,4302.55,4482.46,4331.01,FLIP,-7.72,S433 AI Gold Star 123 (Coppock),
2026-06-17 06:30:00,2026-06-17 08:00:00,SELL,4331.01,4351.97,4247.16,4343.43,FLIP,-12.62,S433 AI Gold Star 123 (Coppock),
2026-06-17 08:00:00,2026-06-17 09:30:00,BUY,4343.43,4322.32,4427.88,4331.71,FLIP,-11.92,S433 AI Gold Star 123 (Coppock),
2026-06-17 09:30:00,2026-06-17 10:30:00,SELL,4331.71,4354.86,4239.12,4332.3,FLIP,-0.79,S433 AI Gold Star 123 (Coppock),
2026-06-17 10:30:00,2026-06-17 11:00:00,BUY,4332.3,4310.58,4419.19,4324.61,FLIP,-7.89,S433 AI Gold Star 123 (Coppock),
2026-06-17 11:00:00,2026-06-17 16:00:00,SELL,4324.61,4347.8,4231.87,4332.03,FLIP,-7.62,S433 AI Gold Star 123 (Coppock),
2026-06-17 16:00:00,2026-06-18 01:00:00,BUY,4332.03,4306.42,4434.46,4292.72,FLIP,-39.51,S433 AI Gold Star 123 (Coppock),
2026-06-18 01:00:00,2026-06-18 07:00:00,SELL,4292.72,4354.5,4045.61,4300.64,FLIP,-8.12,S433 AI Gold Star 123 (Coppock),
2026-06-18 07:00:00,2026-06-18 12:30:00,BUY,4300.64,4208.04,4671.05,4308.09,FLIP,7.25,S433 AI Gold Star 123 (Coppock),
2026-06-18 12:30:00,2026-06-18 20:00:00,SELL,4308.09,4352.09,4132.09,4263.16,FLIP,44.73,S433 AI Gold Star 123 (Coppock),
2026-06-18 20:00:00,2026-06-18 23:30:00,BUY,4263.16,4218.08,4443.48,4218.08,SL,-45.28,S433 AI Gold Star 123 (Coppock),
2026-06-19 01:30:00,2026-06-19 02:30:00,SELL,4218.25,4266.26,4026.22,4217.06,FLIP,0.99,S433 AI Gold Star 123 (Coppock),
2026-06-19 02:30:00,2026-06-19 03:00:00,BUY,4217.06,4171.65,4398.71,4219.03,FLIP,1.77,S433 AI Gold Star 123 (Coppock),
2026-06-19 03:00:00,2026-06-19 05:00:00,SELL,4219.03,4261.78,4048.04,4204.11,FLIP,14.72,S433 AI Gold Star 123 (Coppock),
2026-06-19 05:00:00,2026-06-19 06:30:00,BUY,4204.11,4167.16,4351.91,4188.39,FLIP,-15.92,S433 AI Gold Star 123 (Coppock),
2026-06-19 06:30:00,2026-06-19 07:30:00,SELL,4188.39,4222.38,4052.44,4190.45,FLIP,-2.26,S433 AI Gold Star 123 (Coppock),
2026-06-19 07:30:00,2026-06-19 09:00:00,BUY,4190.45,4157.49,4322.3,4179.42,FLIP,-11.23,S433 AI Gold Star 123 (Coppock),
2026-06-19 09:00:00,2026-06-19 13:30:00,SELL,4179.42,4211.89,4049.55,4147.67,FLIP,31.55,S433 AI Gold Star 123 (Coppock),
2026-06-19 13:30:00,2026-06-19 20:30:00,BUY,4147.67,4107.5,4308.36,4151.48,FLIP,3.61,S433 AI Gold Star 123 (Coppock),
2026-06-19 20:30:00,2026-06-19 23:30:00,SELL,4151.48,4192.93,3985.7,4155.64,FLIP,-4.36,S433 AI Gold Star 123 (Coppock),
2026-06-19 23:30:00,2026-06-22 05:30:00,BUY,4155.64,4119.87,4298.72,4156.35,FLIP,0.51,S433 AI Gold Star 123 (Coppock),
2026-06-22 05:30:00,2026-06-22 06:00:00,SELL,4156.35,4191.03,4017.62,4156.89,FLIP,-0.74,S433 AI Gold Star 123 (Coppock),
2026-06-22 06:00:00,2026-06-22 06:30:00,BUY,4156.89,4122.67,4293.77,4140.26,FLIP,-16.83,S433 AI Gold Star 123 (Coppock),
2026-06-22 06:30:00,2026-06-22 07:00:00,SELL,4140.26,4176.92,3993.61,4166.94,FLIP,-26.88,S433 AI Gold Star 123 (Coppock),
2026-06-22 07:00:00,2026-06-22 10:30:00,BUY,4166.94,4130.78,4311.58,4171.69,FLIP,4.55,S433 AI Gold Star 123 (Coppock),
2026-06-22 10:30:00,2026-06-22 12:00:00,SELL,4171.69,4218.03,3986.33,4193.98,FLIP,-22.49,S433 AI Gold Star 123 (Coppock),
2026-06-22 12:00:00,2026-06-22 12:30:00,BUY,4193.98,4146.22,4385.02,4193.82,FLIP,-0.36,S433 AI Gold Star 123 (Coppock),
2026-06-22 12:30:00,2026-06-22 16:00:00,SELL,4193.82,4242.1,4000.71,4204.03,FLIP,-10.41,S433 AI Gold Star 123 (Coppock),
2026-06-22 16:00:00,2026-06-22 19:00:00,BUY,4204.03,4172.78,4329.04,4208.55,FLIP,4.32,S433 AI Gold Star 123 (Coppock),
2026-06-22 19:00:00,2026-06-23 01:00:00,SELL,4208.55,4234.97,4102.86,4188.03,FLIP,20.32,S433 AI Gold Star 123 (Coppock),
2026-06-23 01:00:00,2026-06-23 02:00:00,BUY,4188.03,4148.92,4344.48,4187.48,FLIP,-0.75,S433 AI Gold Star 123 (Coppock),
2026-06-23 02:00:00,2026-06-23 02:30:00,SELL,4187.48,4226.51,4031.38,4191.2,FLIP,-3.92,S433 AI Gold Star 123 (Coppock),
2026-06-23 02:30:00,2026-06-23 08:00:00,BUY,4191.2,4154.14,4339.43,4178.23,FLIP,-13.17,S433 AI Gold Star 123 (Coppock),
2026-06-23 08:00:00,2026-06-23 14:00:00,SELL,4178.23,4203.69,4076.39,4118.12,FLIP,59.91,S433 AI Gold Star 123 (Coppock),
2026-06-23 14:00:00,2026-06-23 14:30:00,BUY,4118.12,4065.75,4327.59,4098.85,FLIP,-19.47,S433 AI Gold Star 123 (Coppock),
2026-06-23 14:30:00,2026-06-23 15:30:00,SELL,4098.85,4153.44,3880.5,4105.32,FLIP,-6.67,S433 AI Gold Star 123 (Coppock),
2026-06-23 15:30:00,2026-06-23 23:30:00,BUY,4105.32,4057.78,4295.49,4134.33,FLIP,28.81,S433 AI Gold Star 123 (Coppock),
2026-06-23 23:30:00,2026-06-24 11:30:00,SELL,4134.33,4175.29,3970.49,4064.46,FLIP,69.67,S433 AI Gold Star 123 (Coppock),
2026-06-24 11:30:00,2026-06-24 17:30:00,BUY,4064.46,4016.4,4256.72,4055.62,FLIP,-9.04,S433 AI Gold Star 123 (Coppock),
2026-06-24 17:30:00,2026-06-24 23:00:00,SELL,4055.62,4089.76,3919.06,4016.1,FLIP,39.32,S433 AI Gold Star 123 (Coppock),
2026-06-24 23:00:00,2026-06-25 09:30:00,BUY,4016.1,3939.59,4322.16,3983.39,FLIP,-32.91,S433 AI Gold Star 123 (Coppock),
2026-06-25 09:30:00,2026-06-25 10:30:00,SELL,3983.39,4032.86,3785.5,3995.52,FLIP,-12.33,S433 AI Gold Star 123 (Coppock),
2026-06-25 10:30:00,2026-06-25 11:00:00,BUY,3995.52,3939.13,4221.08,3994.52,FLIP,-1.2,S433 AI Gold Star 123 (Coppock),
2026-06-25 11:00:00,2026-06-25 14:00:00,SELL,3994.52,4049.17,3775.91,3985.1,FLIP,9.22,S433 AI Gold Star 123 (Coppock),
2026-06-25 14:00:00,2026-06-25 17:30:00,BUY,3985.1,3929.79,4206.34,3984.35,FLIP,-0.95,S433 AI Gold Star 123 (Coppock),
2026-06-25 17:30:00,2026-06-25 19:30:00,SELL,3984.35,4021.62,3835.28,4012.4,FLIP,-28.25,S433 AI Gold Star 123 (Coppock),
2026-06-25 19:30:00,2026-06-26 01:30:00,BUY,4012.4,3971.93,4174.29,4034.75,FLIP,22.15,S433 AI Gold Star 123 (Coppock),
2026-06-26 01:30:00,2026-06-26 02:00:00,SELL,4034.75,4092.56,3803.49,4036.05,FLIP,-1.5,S433 AI Gold Star 123 (Coppock),
2026-06-26 02:00:00,2026-06-26 02:30:00,BUY,4036.05,3977.38,4270.71,4026.82,FLIP,-9.43,S433 AI Gold Star 123 (Coppock),
2026-06-26 02:30:00,2026-06-26 11:30:00,SELL,4026.82,4081.35,3808.72,4011.37,FLIP,15.25,S433 AI Gold Star 123 (Coppock),
2026-06-26 11:30:00,2026-06-26 18:30:00,BUY,4011.37,3968.14,4184.28,4045.94,FLIP,34.37,S433 AI Gold Star 123 (Coppock),
2026-06-26 18:30:00,2026-06-26 19:30:00,SELL,4045.94,4082.49,3899.74,4059.01,FLIP,-13.27,S433 AI Gold Star 123 (Coppock),
2026-06-26 19:30:00,2026-06-26 20:00:00,BUY,4059.01,4021.02,4210.97,4057.21,FLIP,-2.0,S433 AI Gold Star 123 (Coppock),
2026-06-26 20:00:00,2026-06-26 20:30:00,SELL,4057.21,4096.18,3901.33,4073.51,FLIP,-16.5,S433 AI Gold Star 123 (Coppock),
2026-06-26 20:30:00,2026-06-26 23:00:00,BUY,4073.51,4030.09,4247.18,4086.75,FLIP,13.04,S433 AI Gold Star 123 (Coppock),
2026-06-26 23:00:00,2026-06-29 08:30:00,SELL,4086.75,4132.43,3904.04,4061.38,FLIP,25.17,S433 AI Gold Star 123 (Coppock),
2026-06-29 08:30:00,2026-06-29 11:30:00,BUY,4061.38,4015.71,4244.06,4052.31,FLIP,-9.27,S433 AI Gold Star 123 (Coppock),
2026-06-29 11:30:00,2026-06-29 12:30:00,SELL,4052.31,4099.0,3865.53,4054.49,FLIP,-2.38,S433 AI Gold Star 123 (Coppock),
2026-06-29 12:30:00,2026-06-29 14:30:00,BUY,4054.49,4012.17,4223.77,4061.63,FLIP,6.94,S433 AI Gold Star 123 (Coppock),
2026-06-29 14:30:00,2026-06-29 15:00:00,SELL,4061.63,4096.79,3921.01,4061.22,FLIP,0.21,S433 AI Gold Star 123 (Coppock),
2026-06-29 15:00:00,2026-06-29 15:30:00,BUY,4061.22,4029.31,4188.87,4047.08,FLIP,-14.34,S433 AI Gold Star 123 (Coppock),
2026-06-29 15:30:00,2026-06-29 19:30:00,SELL,4047.08,4081.41,3909.75,4043.62,FLIP,3.26,S433 AI Gold Star 123 (Coppock),
2026-06-29 19:30:00,2026-06-29 20:00:00,BUY,4043.62,4007.12,4189.61,4038.43,FLIP,-5.39,S433 AI Gold Star 123 (Coppock),
2026-06-29 20:00:00,2026-06-29 22:00:00,SELL,4038.43,4075.57,3889.89,4024.43,FLIP,13.8,S433 AI Gold Star 123 (Coppock),
2026-06-29 22:00:00,2026-06-30 01:30:00,BUY,4024.43,3978.42,4208.47,4013.42,FLIP,-11.21,S433 AI Gold Star 123 (Coppock),
2026-06-30 01:30:00,2026-06-30 02:00:00,SELL,4013.42,4050.13,3866.57,4017.18,FLIP,-3.96,S433 AI Gold Star 123 (Coppock),
2026-06-30 02:00:00,2026-06-30 07:00:00,BUY,4017.18,3981.07,4161.63,4006.28,FLIP,-11.1,S433 AI Gold Star 123 (Coppock),
2026-06-30 07:00:00,2026-06-30 11:00:00,SELL,4006.28,4029.6,3913.01,3982.81,FLIP,23.27,S433 AI Gold Star 123 (Coppock),
2026-06-30 11:00:00,2026-06-30 18:30:00,BUY,3982.81,3938.44,4160.28,4033.99,FLIP,50.98,S433 AI Gold Star 123 (Coppock),
2026-06-30 18:30:00,2026-06-30 21:00:00,SELL,4033.99,4072.32,3880.66,4054.28,FLIP,-20.49,S433 AI Gold Star 123 (Coppock),
2026-06-30 21:00:00,2026-06-30 21:30:00,BUY,4054.28,4010.88,4227.89,4037.39,FLIP,-17.09,S433 AI Gold Star 123 (Coppock),
2026-06-30 21:30:00,2026-07-01 00:30:00,SELL,4037.39,4083.73,3852.02,4030.8,FLIP,6.39,S433 AI Gold Star 123 (Coppock),
2026-07-01 00:30:00,2026-07-01 01:30:00,BUY,4030.8,3986.79,4206.82,4028.54,FLIP,-2.46,S433 AI Gold Star 123 (Coppock),
2026-07-01 01:30:00,2026-07-01 11:30:00,SELL,4028.54,4070.39,3861.13,3976.67,FLIP,51.67,S433 AI Gold Star 123 (Coppock),
2026-07-01 11:30:00,2026-07-01 12:00:00,BUY,3976.67,3945.4,4101.74,3972.73,FLIP,-4.14,S433 AI Gold Star 123 (Coppock),
2026-07-01 12:00:00,2026-07-01 12:30:00,SELL,3972.73,4003.3,3850.47,3974.03,FLIP,-1.5,S433 AI Gold Star 123 (Coppock),
2026-07-01 12:30:00,2026-07-01 20:30:00,BUY,3974.03,3943.12,4097.69,4097.69,TP,123.46,S433 AI Gold Star 123 (Coppock),
2026-07-01 23:30:00,2026-07-02 07:30:00,SELL,4071.28,4133.1,3824.01,4051.77,FLIP,19.31,S433 AI Gold Star 123 (Coppock),
2026-07-02 07:30:00,2026-07-02 14:00:00,BUY,4051.77,4018.47,4184.99,4062.39,FLIP,10.42,S433 AI Gold Star 123 (Coppock),
2026-07-02 14:00:00,2026-07-02 19:30:00,SELL,4062.39,4098.84,3916.6,4117.47,FLIP,-55.28,S433 AI Gold Star 123 (Coppock),
2026-07-02 19:30:00,2026-07-03 00:00:00,BUY,4117.47,4071.21,4302.51,4112.69,FLIP,-4.98,S433 AI Gold Star 123 (Coppock),
2026-07-03 00:00:00,2026-07-03 07:00:00,SELL,4112.69,4171.69,3876.71,4137.32,FLIP,-24.83,S433 AI Gold Star 123 (Coppock),
2026-07-03 07:00:00,2026-07-03 12:00:00,BUY,4137.32,4104.69,4267.83,4176.04,FLIP,38.52,S433 AI Gold Star 123 (Coppock),
2026-07-03 12:00:00,2026-07-03 18:00:00,SELL,4176.04,4214.29,4023.05,4183.15,FLIP,-7.31,S433 AI Gold Star 123 (Coppock),
2026-07-03 18:00:00,2026-07-03 19:00:00,BUY,4183.15,4155.97,4291.87,4174.76,FLIP,-8.59,S433 AI Gold Star 123 (Coppock),
2026-07-03 19:00:00,2026-07-03 19:30:00,SELL,4174.76,4203.28,4060.67,4176.93,FLIP,-2.37,S433 AI Gold Star 123 (Coppock),
2026-07-03 19:30:00,2026-07-03 20:30:00,BUY,4176.93,4149.96,4284.82,4164.7,FLIP,-12.43,S433 AI Gold Star 123 (Coppock),
2026-07-03 20:30:00,2026-07-03 23:30:00,SELL,4164.7,4192.05,4055.3,4174.86,FLIP,-10.36,S433 AI Gold Star 123 (Coppock),
2026-07-03 23:30:00,2026-07-06 09:30:00,BUY,4174.86,4149.51,4276.24,4174.18,FLIP,-0.88,S433 AI Gold Star 123 (Coppock),
2026-07-06 09:30:00,2026-07-06 14:30:00,SELL,4174.18,4211.49,4024.94,4164.49,FLIP,9.49,S433 AI Gold Star 123 (Coppock),
2026-07-06 14:30:00,2026-07-06 15:00:00,BUY,4164.49,4129.24,4305.5,4155.5,FLIP,-9.19,S433 AI Gold Star 123 (Coppock),
2026-07-06 15:00:00,2026-07-06 15:30:00,SELL,4155.5,4189.09,4021.13,4150.55,FLIP,4.75,S433 AI Gold Star 123 (Coppock),
2026-07-06 15:30:00,2026-07-06 16:00:00,BUY,4150.55,4118.85,4277.36,4143.62,FLIP,-7.13,S433 AI Gold Star 123 (Coppock),
2026-07-06 16:00:00,2026-07-06 16:30:00,SELL,4143.62,4174.83,4018.78,4143.24,FLIP,0.18,S433 AI Gold Star 123 (Coppock),
2026-07-06 16:30:00,2026-07-06 20:00:00,BUY,4143.24,4112.41,4266.54,4142.31,FLIP,-1.13,S433 AI Gold Star 123 (Coppock),
2026-07-06 20:00:00,2026-07-06 20:30:00,SELL,4142.31,4173.07,4019.28,4140.54,FLIP,1.57,S433 AI Gold Star 123 (Coppock),
2026-07-06 20:30:00,2026-07-06 21:00:00,BUY,4140.54,4109.23,4265.77,4137.18,FLIP,-3.56,S433 AI Gold Star 123 (Coppock),
2026-07-06 21:00:00,2026-07-06 22:00:00,SELL,4137.18,4169.84,4006.56,4150.61,FLIP,-13.63,S433 AI Gold Star 123 (Coppock),
2026-07-06 22:00:00,2026-07-07 06:00:00,BUY,4150.61,4118.12,4280.59,4163.41,FLIP,12.6,S433 AI Gold Star 123 (Coppock),
2026-07-07 06:00:00,2026-07-07 13:00:00,SELL,4163.41,4181.96,4089.22,4126.67,FLIP,36.54,S433 AI Gold Star 123 (Coppock),
2026-07-07 13:00:00,2026-07-07 22:00:00,BUY,4126.67,4092.3,4264.16,4143.09,FLIP,16.22,S433 AI Gold Star 123 (Coppock),
2026-07-07 22:00:00,2026-07-08 07:00:00,SELL,4143.09,4185.98,3971.52,4105.51,FLIP,37.38,S433 AI Gold Star 123 (Coppock),
2026-07-08 07:00:00,2026-07-08 14:00:00,BUY,4105.51,4072.88,4236.02,4120.49,FLIP,14.78,S433 AI Gold Star 123 (Coppock),
2026-07-08 14:00:00,2026-07-08 19:30:00,SELL,4120.49,4158.06,3970.2,4072.23,FLIP,48.06,S433 AI Gold Star 123 (Coppock),
2026-07-08 19:30:00,2026-07-09 07:30:00,BUY,4072.23,4019.28,4284.01,4074.07,FLIP,1.64,S433 AI Gold Star 123 (Coppock),
2026-07-09 07:30:00,2026-07-09 12:00:00,SELL,4074.07,4106.36,3944.91,4072.26,FLIP,1.61,S433 AI Gold Star 123 (Coppock),
2026-07-09 12:00:00,2026-07-09 17:30:00,BUY,4072.26,4040.66,4198.65,4099.08,FLIP,26.62,S433 AI Gold Star 123 (Coppock),
2026-07-09 17:30:00,2026-07-09 21:00:00,SELL,4099.08,4131.06,3971.15,4131.06,SL,-32.18,S433 AI Gold Star 123 (Coppock),
2026-07-09 22:30:00,2026-07-10 01:00:00,BUY,4127.0,4093.06,4262.75,4123.98,FLIP,-3.22,S433 AI Gold Star 123 (Coppock),
2026-07-10 01:00:00,2026-07-10 07:30:00,SELL,4123.98,4159.24,3982.94,4126.52,FLIP,-2.74,S433 AI Gold Star 123 (Coppock),
2026-07-10 07:30:00,2026-07-10 08:00:00,BUY,4126.52,4107.09,4204.25,4121.68,FLIP,-5.04,S433 AI Gold Star 123 (Coppock),
2026-07-10 08:00:00,2026-07-10 09:00:00,SELL,4121.68,4142.24,4039.43,4125.79,FLIP,-4.31,S433 AI Gold Star 123 (Coppock),
2026-07-10 09:00:00,2026-07-10 11:00:00,BUY,4125.79,4104.06,4212.72,4117.58,FLIP,-8.41,S433 AI Gold Star 123 (Coppock),
2026-07-10 11:00:00,2026-07-10 17:00:00,SELL,4117.58,4143.58,4013.58,4109.57,FLIP,7.81,S433 AI Gold Star 123 (Coppock),
2026-07-10 17:00:00,2026-07-10 18:00:00,BUY,4109.57,4087.12,4199.37,4100.17,FLIP,-9.6,S433 AI Gold Star 123 (Coppock),
2026-07-10 18:00:00,2026-07-10 18:30:00,SELL,4100.17,4121.94,4013.08,4102.37,FLIP,-2.4,S433 AI Gold Star 123 (Coppock),
2026-07-10 18:30:00,2026-07-10 20:00:00,BUY,4102.37,4079.05,4195.66,4087.31,FLIP,-15.26,S433 AI Gold Star 123 (Coppock),
2026-07-10 20:00:00,2026-07-10 20:30:00,SELL,4087.31,4116.6,3970.13,4099.95,FLIP,-12.84,S433 AI Gold Star 123 (Coppock),
2026-07-10 20:30:00,2026-07-10 21:30:00,BUY,4099.95,4067.75,4228.75,4092.88,FLIP,-7.27,S433 AI Gold Star 123 (Coppock),
2026-07-10 21:30:00,2026-07-10 22:00:00,SELL,4092.88,4131.47,3938.53,4102.1,FLIP,-9.42,S433 AI Gold Star 123 (Coppock),
2026-07-10 22:00:00,2026-07-11 00:30:00,BUY,4102.1,4061.38,4264.97,4100.86,FLIP,-1.44,S433 AI Gold Star 123 (Coppock),
2026-07-11 00:30:00,2026-07-11 01:00:00,SELL,4100.86,4141.54,3938.12,4102.95,FLIP,-2.29,S433 AI Gold Star 123 (Coppock),
2026-07-11 01:00:00,2026-07-11 02:00:00,BUY,4102.95,4062.9,4263.17,4101.8,FLIP,-1.35,S433 AI Gold Star 123 (Coppock),
2026-07-11 02:00:00,2026-07-11 02:30:00,SELL,4101.8,4138.14,3956.43,4108.57,FLIP,-6.97,S433 AI Gold Star 123 (Coppock),
2026-07-11 02:30:00,2026-07-13 05:00:00,BUY,4108.57,4072.43,4253.13,4084.22,FLIP,-24.55,S433 AI Gold Star 123 (Coppock),
2026-07-13 05:00:00,2026-07-13 12:00:00,SELL,4084.22,4121.51,3935.05,4058.16,FLIP,25.86,S433 AI Gold Star 123 (Coppock),
2026-07-13 12:00:00,2026-07-13 18:30:00,BUY,4058.16,4018.05,4218.58,4056.44,FLIP,-1.92,S433 AI Gold Star 123 (Coppock),
2026-07-13 18:30:00,2026-07-13 19:00:00,SELL,4056.44,4092.41,3912.56,4058.99,FLIP,-2.75,S433 AI Gold Star 123 (Coppock),
2026-07-13 19:00:00,2026-07-13 20:00:00,BUY,4058.99,4024.79,4195.78,4062.23,FLIP,3.04,S433 AI Gold Star 123 (Coppock),
2026-07-13 20:00:00,2026-07-14 02:00:00,SELL,4062.23,4093.65,3936.55,3998.34,FLIP,63.69,S433 AI Gold Star 123 (Coppock),
2026-07-14 02:00:00,2026-07-14 14:30:00,BUY,3998.34,3955.39,4170.12,4020.73,FLIP,22.19,S433 AI Gold Star 123 (Coppock),
2026-07-14 14:30:00,2026-07-14 18:30:00,SELL,4020.73,4048.67,3908.96,4031.27,FLIP,-10.74,S433 AI Gold Star 123 (Coppock),
2026-07-14 18:30:00,2026-07-14 19:00:00,BUY,4031.27,4005.34,4134.98,4029.5,FLIP,-1.97,S433 AI Gold Star 123 (Coppock),
2026-07-14 19:00:00,2026-07-14 19:30:00,SELL,4029.5,4057.22,3918.64,4076.31,FLIP,-47.01,S433 AI Gold Star 123 (Coppock),
2026-07-14 19:30:00,2026-07-14 23:00:00,BUY,4076.31,4035.17,4240.86,4059.28,FLIP,-17.23,S433 AI Gold Star 123 (Coppock),
2026-07-14 23:00:00,2026-07-15 07:00:00,SELL,4059.28,4111.9,3848.82,4058.31,FLIP,0.77,S433 AI Gold Star 123 (Coppock),
2026-07-15 07:00:00,2026-07-15 08:30:00,BUY,4058.31,4037.64,4140.97,4037.3,FLIP,-21.21,S433 AI Gold Star 123 (Coppock),
2026-07-15 08:30:00,2026-07-15 13:30:00,SELL,4037.3,4061.27,3941.44,4032.12,FLIP,4.98,S433 AI Gold Star 123 (Coppock),
2026-07-15 13:30:00,2026-07-15 14:00:00,BUY,4032.12,4000.5,4158.58,4024.63,FLIP,-7.69,S433 AI Gold Star 123 (Coppock),
2026-07-15 14:00:00,2026-07-15 14:30:00,SELL,4024.63,4057.74,3892.18,4024.5,FLIP,-0.07,S433 AI Gold Star 123 (Coppock),
2026-07-15 14:30:00,2026-07-15 22:30:00,BUY,4024.5,3991.63,4155.97,4047.07,FLIP,22.37,S433 AI Gold Star 123 (Coppock),
2026-07-15 22:30:00,2026-07-16 00:30:00,SELL,4047.07,4082.46,3905.52,4062.27,FLIP,-15.4,S433 AI Gold Star 123 (Coppock),
2026-07-16 00:30:00,2026-07-16 01:30:00,BUY,4062.27,4020.2,4230.55,4059.13,FLIP,-3.34,S433 AI Gold Star 123 (Coppock),
2026-07-16 01:30:00,2026-07-16 05:30:00,SELL,4059.13,4105.6,3873.27,4059.65,FLIP,-0.72,S433 AI Gold Star 123 (Coppock),
2026-07-16 05:30:00,2026-07-16 06:30:00,BUY,4059.65,4024.23,4201.31,4057.89,FLIP,-1.96,S433 AI Gold Star 123 (Coppock),
2026-07-16 06:30:00,2026-07-16 07:00:00,SELL,4057.89,4089.24,3932.47,4058.39,FLIP,-0.7,S433 AI Gold Star 123 (Coppock),
2026-07-16 07:00:00,2026-07-16 07:30:00,BUY,4058.39,4029.06,4175.72,4044.62,FLIP,-13.97,S433 AI Gold Star 123 (Coppock),
2026-07-16 07:30:00,2026-07-16 13:00:00,SELL,4044.62,4075.3,3921.9,4030.38,FLIP,14.04,S433 AI Gold Star 123 (Coppock),
2026-07-16 13:00:00,2026-07-16 19:30:00,BUY,4030.38,4004.38,4134.37,3992.54,FLIP,-38.04,S433 AI Gold Star 123 (Coppock),
2026-07-16 19:30:00,2026-07-17 01:00:00,SELL,3992.54,4028.55,3848.49,3986.47,FLIP,5.87,S433 AI Gold Star 123 (Coppock),
2026-07-17 01:00:00,2026-07-17 01:30:00,BUY,3986.47,3927.73,4221.41,3980.34,FLIP,-6.33,S433 AI Gold Star 123 (Coppock),
2026-07-17 01:30:00,2026-07-17 02:00:00,SELL,3980.34,4037.17,3753.02,3978.93,FLIP,1.21,S433 AI Gold Star 123 (Coppock),
2026-07-17 02:00:00,2026-07-17 11:30:00,BUY,3978.93,3927.04,4186.5,3981.79,FLIP,2.66,S433 AI Gold Star 123 (Coppock),
2026-07-17 11:30:00,2026-07-17 13:00:00,SELL,3981.79,4013.44,3855.18,4003.81,FLIP,-22.22,S433 AI Gold Star 123 (Coppock),
2026-07-17 13:00:00,2026-07-17 14:30:00,BUY,4003.81,3966.78,4151.93,3992.78,FLIP,-11.23,S433 AI Gold Star 123 (Coppock),
2026-07-17 14:30:00,2026-07-17 16:00:00,SELL,3992.78,4029.06,3847.67,3999.03,FLIP,-6.45,S433 AI Gold Star 123 (Coppock),
2026-07-17 16:00:00,2026-07-17 17:00:00,BUY,3999.03,3962.67,4144.49,3996.2,FLIP,-3.03,S433 AI Gold Star 123 (Coppock),
2026-07-17 17:00:00,2026-07-17 18:00:00,SELL,3996.2,4025.35,3879.59,3995.68,FLIP,0.32,S433 AI Gold Star 123 (Coppock),
2026-07-17 18:00:00,2026-07-17 18:30:00,BUY,3995.68,3967.42,4108.7,3994.26,FLIP,-1.62,S433 AI Gold Star 123 (Coppock),
2026-07-17 18:30:00,2026-07-17 20:30:00,SELL,3994.26,4022.4,3881.71,3997.09,FLIP,-3.03,S433 AI Gold Star 123 (Coppock),
2026-07-17 20:30:00,2026-07-18 02:00:00,BUY,3997.09,3960.74,4142.49,4005.35,FLIP,8.06,S433 AI Gold Star 123 (Coppock),
2026-07-18 02:00:00,2026-07-18 02:30:00,SELL,4005.35,4046.53,3840.62,4015.45,FLIP,-10.3,S433 AI Gold Star 123 (Coppock),
2026-07-18 02:30:00,2026-07-18 03:30:00,BUY,4015.45,3976.99,4169.28,4016.99,FLIP,1.34,S433 AI Gold Star 123 (Coppock),
2026-07-18 03:30:00,2026-07-20 09:30:00,SELL,4016.99,4047.1,3896.57,4021.96,FLIP,-5.17,S433 AI Gold Star 123 (Coppock),
2026-07-20 09:30:00,2026-07-20 13:00:00,BUY,4021.96,3984.54,4171.63,4004.84,FLIP,-17.32,S433 AI Gold Star 123 (Coppock),
2026-07-20 13:00:00,2026-07-20 17:30:00,SELL,4004.84,4039.42,3866.52,4024.18,FLIP,-19.54,S433 AI Gold Star 123 (Coppock),
2026-07-20 17:30:00,2026-07-20 19:30:00,BUY,4024.18,4000.08,4120.57,4008.21,FLIP,-16.17,S433 AI Gold Star 123 (Coppock),
2026-07-20 19:30:00,2026-07-21 02:00:00,SELL,4008.21,4036.89,3893.51,4012.97,FLIP,-4.96,S433 AI Gold Star 123 (Coppock),
2026-07-21 02:00:00,2026-07-21 05:30:00,BUY,4012.97,3987.12,4116.36,4000.48,FLIP,-12.69,S433 AI Gold Star 123 (Coppock),
2026-07-21 05:30:00,2026-07-21 06:30:00,SELL,4000.48,4023.93,3906.67,4009.98,FLIP,-9.7,S433 AI Gold Star 123 (Coppock),
2026-07-21 06:30:00,2026-07-21 14:30:00,BUY,4009.98,3987.55,4099.69,4071.32,FLIP,61.14,S433 AI Gold Star 123 (Coppock),
2026-07-21 14:30:00,2026-07-21 21:00:00,SELL,4071.32,4104.59,3938.26,4069.44,FLIP,1.68,S433 AI Gold Star 123 (Coppock),
2026-07-21 21:00:00,2026-07-22 03:30:00,BUY,4069.44,4040.97,4183.34,4077.56,FLIP,7.92,S433 AI Gold Star 123 (Coppock),
2026-07-22 03:30:00,2026-07-22 07:00:00,SELL,4077.56,4104.07,3971.54,4098.2,FLIP,-20.84,S433 AI Gold Star 123 (Coppock),
2026-07-22 07:00:00,2026-07-22 12:30:00,BUY,4098.2,4075.46,4189.17,4131.09,FLIP,32.69,S433 AI Gold Star 123 (Coppock),
2026-07-22 12:30:00,2026-07-22 18:30:00,SELL,4131.09,4161.21,4010.63,4122.58,FLIP,8.31,S433 AI Gold Star 123 (Coppock),
2026-07-22 18:30:00,2026-07-22 19:30:00,BUY,4122.58,4095.43,4231.2,4112.92,FLIP,-9.86,S433 AI Gold Star 123 (Coppock),
2026-07-22 19:30:00,2026-07-22 20:00:00,SELL,4112.92,4144.62,3986.13,4131.78,FLIP,-19.06,S433 AI Gold Star 123 (Coppock),
2026-07-22 20:00:00,2026-07-23 00:00:00,BUY,4131.78,4099.86,4259.44,4146.02,FLIP,14.04,S433 AI Gold Star 123 (Coppock),
2026-07-23 00:00:00,2026-07-23 07:30:00,SELL,4146.02,4185.15,3989.49,4132.17,FLIP,13.65,S433 AI Gold Star 123 (Coppock),
2026-07-23 07:30:00,2026-07-23 08:30:00,BUY,4132.17,4106.29,4235.67,4117.88,FLIP,-14.49,S433 AI Gold Star 123 (Coppock),
2026-07-23 08:30:00,2026-07-23 09:00:00,SELL,4117.88,4148.39,3995.86,4116.21,FLIP,1.47,S433 AI Gold Star 123 (Coppock),
2026-07-23 09:00:00,2026-07-23 13:30:00,BUY,4116.21,4085.94,4237.29,4118.62,FLIP,2.21,S433 AI Gold Star 123 (Coppock),
2026-07-23 13:30:00,2026-07-23 21:30:00,SELL,4118.62,4148.13,4000.57,4058.01,FLIP,60.41,S433 AI Gold Star 123 (Coppock),
2026-07-23 21:30:00,2026-07-23 22:00:00,BUY,4058.01,4019.35,4212.64,4046.87,FLIP,-11.34,S433 AI Gold Star 123 (Coppock),
2026-07-23 22:00:00,2026-07-23 22:30:00,SELL,4046.87,4086.56,3888.09,4048.73,FLIP,-2.06,S433 AI Gold Star 123 (Coppock),
2026-07-23 22:30:00,2026-07-24 08:00:00,BUY,4048.73,4008.4,4210.04,4042.75,FLIP,-6.18,S433 AI Gold Star 123 (Coppock),
2026-07-24 08:00:00,2026-07-24 08:30:00,SELL,4042.75,4057.85,3982.34,4043.64,FLIP,-1.09,S433 AI Gold Star 123 (Coppock),
2026-07-24 08:30:00,2026-07-24 09:30:00,BUY,4043.64,4028.24,4105.25,4024.69,FLIP,-19.15,S433 AI Gold Star 123 (Coppock),
2026-07-24 09:30:00,2026-07-24 13:00:00,SELL,4024.69,4045.24,3942.5,4036.66,FLIP,-12.17,S433 AI Gold Star 123 (Coppock),
2026-07-24 13:00:00,2026-07-24 19:30:00,BUY,4036.66,4009.09,4146.94,4056.14,FLIP,19.28,S433 AI Gold Star 123 (Coppock),
2026-07-24 19:30:00,2026-07-27 05:00:00,SELL,4056.14,4082.72,3949.83,4086.34,FLIP,-30.4,S433 AI Gold Star 123 (Coppock),
2026-07-27 05:00:00,2026-07-27 10:30:00,BUY,4086.34,4055.78,4208.56,4091.0,FLIP,4.46,S433 AI Gold Star 123 (Coppock),
2026-07-27 10:30:00,2026-07-27 16:30:00,SELL,4091.0,4129.18,3938.29,4096.22,FLIP,-5.42,S433 AI Gold Star 123 (Coppock),
2026-07-27 16:30:00,2026-07-27 19:00:00,BUY,4096.22,4072.41,4191.47,4086.68,FLIP,-9.74,S433 AI Gold Star 123 (Coppock),
2026-07-27 19:00:00,2026-07-27 23:00:00,SELL,4086.68,4113.55,3979.21,4085.13,FLIP,1.35,S433 AI Gold Star 123 (Coppock),
2026-07-27 23:00:00,2026-07-27 23:30:00,BUY,4085.13,4053.66,4211.01,4082.33,FLIP,-3.0,S433 AI Gold Star 123 (Coppock),
2026-07-27 23:30:00,2026-07-28 00:30:00,SELL,4082.33,4114.51,3953.62,4076.38,FLIP,5.75,S433 AI Gold Star 123 (Coppock),
2026-07-28 00:30:00,2026-07-28 05:30:00,BUY,4076.38,4044.73,4202.99,4074.27,FLIP,-2.31,S433 AI Gold Star 123 (Coppock),
2026-07-28 05:30:00,2026-07-28 06:30:00,SELL,4074.27,4097.67,3980.67,4073.33,FLIP,0.74,S433 AI Gold Star 123 (Coppock),
2026-07-28 06:30:00,2026-07-28 07:00:00,BUY,4073.33,4051.61,4160.2,4062.04,FLIP,-11.49,S433 AI Gold Star 123 (Coppock),
2026-07-28 07:00:00,2026-07-28 12:00:00,SELL,4062.04,4084.63,3971.68,4043.33,FLIP,18.51,S433 AI Gold Star 123 (Coppock),
2026-07-28 12:00:00,2026-07-28 16:30:00,BUY,4043.33,4022.38,4127.12,4023.5,FLIP,-20.03,S433 AI Gold Star 123 (Coppock),
2026-07-28 16:30:00,2026-07-28 21:30:00,SELL,4023.5,4047.13,3928.97,4024.47,FLIP,-1.17,S433 AI Gold Star 123 (Coppock),
2026-07-28 21:30:00,2026-07-29 01:30:00,BUY,4024.47,3989.65,4163.76,4023.0,FLIP,-1.67,S433 AI Gold Star 123 (Coppock),
2026-07-29 01:30:00,2026-07-29 08:30:00,SELL,4023.0,4055.11,3894.54,4025.98,FLIP,-3.18,S433 AI Gold Star 123 (Coppock),
2026-07-29 08:30:00,2026-07-29 15:30:00,BUY,4025.98,4002.36,4120.47,4037.65,FLIP,11.47,S433 AI Gold Star 123 (Coppock),
2026-07-29 15:30:00,2026-07-29 23:00:00,SELL,4037.65,4058.85,3952.84,4016.72,FLIP,20.73,S433 AI Gold Star 123 (Coppock),
2026-07-29 23:00:00,2026-07-30 07:00:00,BUY,4016.72,3985.79,4140.42,4075.29,FLIP,58.37,S433 AI Gold Star 123 (Coppock),
2026-07-30 07:00:00,2026-07-30 15:00:00,SELL,4075.29,4146.37,3790.97,4064.63,FLIP,10.46,S433 AI Gold Star 123 (Coppock),
2026-07-30 15:00:00,2026-07-30 22:00:00,BUY,4064.63,4022.58,4232.84,4096.06,FLIP,31.23,S433 AI Gold Star 123 (Coppock),
2026-07-30 22:00:00,2026-07-30 22:30:00,SELL,4096.06,4144.68,3901.57,4108.25,FLIP,-12.39,S433 AI Gold Star 123 (Coppock),
2026-07-30 22:30:00,2026-07-30 23:30:00,BUY,4108.25,4058.77,4306.17,4110.69,FLIP,2.24,S433 AI Gold Star 123 (Coppock),
2026-07-30 23:30:00,2026-07-31 13:00:00,SELL,4110.69,4159.46,3915.6,4084.94,FLIP,25.55,S433 AI Gold Star 123 (Coppock),
2026-07-31 13:00:00,2026-07-31 15:00:00,BUY,4084.94,4059.35,4187.3,4058.51,FLIP,-26.63,S433 AI Gold Star 123 (Coppock),
2026-07-31 15:00:00,2026-07-31 15:30:00,SELL,4058.51,4082.23,3963.62,4061.07,FLIP,-2.76,S433 AI Gold Star 123 (Coppock),
2026-07-31 15:30:00,2026-07-31 16:00:00,BUY,4061.07,4037.31,4156.1,4052.32,FLIP,-8.95,S433 AI Gold Star 123 (Coppock),
2026-07-31 16:00:00,2026-07-31 18:00:00,SELL,4052.32,4076.9,3954.0,4058.81,FLIP,-6.69,S433 AI Gold Star 123 (Coppock),
2026-07-31 18:00:00,2026-07-31 18:30:00,BUY,4058.81,4034.29,4156.9,4053.64,FLIP,-5.37,S433 AI Gold Star 123 (Coppock),
2026-07-31 18:30:00,2026-07-31 21:00:00,SELL,4053.64,4078.48,3954.27,4038.77,FLIP,14.67,S433 AI Gold Star 123 (Coppock),
2026-07-31 21:00:00,2026-08-03 07:00:00,BUY,4038.77,4006.66,4167.23,4064.4,FLIP,25.43,S433 AI Gold Star 123 (Coppock),
2026-08-03 07:00:00,2026-08-03 10:00:00,SELL,4064.4,4095.03,3941.9,4063.95,FLIP,0.25,S433 AI Gold Star 123 (Coppock),
2026-08-03 10:00:00,2026-08-03 10:30:00,BUY,4063.95,4027.95,4207.94,4065.09,FLIP,0.94,S433 AI Gold Star 123 (Coppock),
2026-08-03 10:30:00,2026-08-03 18:30:00,SELL,4065.09,4101.27,3920.36,4062.55,FLIP,2.34,S433 AI Gold Star 123 (Coppock),
2026-08-03 18:30:00,2026-08-03 19:00:00,BUY,4062.55,4034.34,4175.38,4050.8,FLIP,-11.95,S433 AI Gold Star 123 (Coppock),
2026-08-03 19:00:00,2026-08-03 23:00:00,SELL,4050.8,4080.03,3933.87,4037.0,FLIP,13.6,S433 AI Gold Star 123 (Coppock),
2026-08-03 23:00:00,2026-08-04 00:00:00,BUY,4037.0,4004.76,4165.97,4034.36,FLIP,-2.84,S433 AI Gold Star 123 (Coppock),
2026-08-04 00:00:00,2026-08-04 00:30:00,SELL,4034.36,4064.76,3912.77,4030.51,FLIP,3.65,S433 AI Gold Star 123 (Coppock),
2026-08-04 00:30:00,2026-08-04 07:30:00,BUY,4030.51,4000.31,4151.32,4049.41,FLIP,18.7,S433 AI Gold Star 123 (Coppock),
2026-08-04 07:30:00,2026-08-04 13:00:00,SELL,4049.41,4070.4,3965.45,4059.85,FLIP,-10.64,S433 AI Gold Star 123 (Coppock),
2026-08-04 13:00:00,2026-08-04 14:00:00,BUY,4059.85,4034.11,4162.83,4062.99,FLIP,2.94,S433 AI Gold Star 123 (Coppock),
2026-08-04 14:00:00,2026-08-04 14:30:00,SELL,4062.99,4087.44,3965.18,4065.56,FLIP,-2.77,S433 AI Gold Star 123 (Coppock),
2026-08-04 14:30:00,2026-08-04 15:30:00,BUY,4065.56,4042.54,4157.65,4055.07,FLIP,-10.69,S433 AI Gold Star 123 (Coppock),
2026-08-04 15:30:00,2026-08-04 18:30:00,SELL,4055.07,4077.92,3963.67,4075.03,FLIP,-20.16,S433 AI Gold Star 123 (Coppock),
2026-08-04 18:30:00,2026-08-05 00:30:00,BUY,4075.03,4047.74,4184.18,4086.12,FLIP,10.89,S433 AI Gold Star 123 (Coppock),
2026-08-05 00:30:00,2026-08-05 08:00:00,SELL,4086.12,4128.5,3916.59,4084.63,FLIP,1.29,S433 AI Gold Star 123 (Coppock),
2026-08-05 08:00:00,2026-08-05 13:30:00,BUY,4084.63,4062.06,4174.9,4174.9,TP,90.07,S433 AI Gold Star 123 (Coppock),
2026-08-05 15:00:00,2026-08-05 19:00:00,SELL,4164.54,4208.26,3989.64,4205.37,FLIP,-41.03,S433 AI Gold Star 123 (Coppock),
2026-08-05 19:00:00,2026-08-05 19:30:00,BUY,4205.37,4162.54,4376.7,4184.0,FLIP,-21.57,S433 AI Gold Star 123 (Coppock),
2026-08-05 19:30:00,2026-08-05 20:30:00,SELL,4184.0,4225.2,4019.18,4206.07,FLIP,-22.27,S433 AI Gold Star 123 (Coppock),
2026-08-05 20:30:00,2026-08-06 01:30:00,BUY,4206.07,4163.6,4375.94,4260.89,FLIP,54.62,S433 AI Gold Star 123 (Coppock),
2026-08-06 01:30:00,2026-08-06 06:30:00,SELL,4260.89,4316.86,4037.0,4278.2,FLIP,-17.51,S433 AI Gold Star 123 (Coppock),
2026-08-06 06:30:00,2026-08-06 07:00:00,BUY,4278.2,4245.7,4408.19,4274.05,FLIP,-4.35,S433 AI Gold Star 123 (Coppock),
2026-08-06 07:00:00,2026-08-06 07:30:00,SELL,4274.05,4307.24,4141.29,4294.83,FLIP,-20.98,S433 AI Gold Star 123 (Coppock),
2026-08-06 07:30:00,2026-08-06 08:00:00,BUY,4294.83,4257.92,4442.48,4275.95,FLIP,-19.08,S433 AI Gold Star 123 (Coppock),
2026-08-06 08:00:00,2026-08-06 08:30:00,SELL,4275.95,4317.22,4110.89,4286.63,FLIP,-10.88,S433 AI Gold Star 123 (Coppock),
2026-08-06 08:30:00,2026-08-06 09:30:00,BUY,4286.63,4243.21,4460.3,4278.59,FLIP,-8.24,S433 AI Gold Star 123 (Coppock),
2026-08-06 09:30:00,2026-08-06 15:30:00,SELL,4278.59,4324.24,4095.99,4278.29,FLIP,0.1,S433 AI Gold Star 123 (Coppock),
2026-08-06 15:30:00,2026-08-06 19:30:00,BUY,4278.29,4238.13,4438.94,4250.25,FLIP,-28.24,S433 AI Gold Star 123 (Coppock),
2026-08-06 19:30:00,2026-08-06 20:30:00,SELL,4250.25,4285.04,4111.08,4267.11,FLIP,-17.06,S433 AI Gold Star 123 (Coppock),
2026-08-06 20:30:00,2026-08-06 21:00:00,BUY,4267.11,4225.74,4432.57,4265.36,FLIP,-1.95,S433 AI Gold Star 123 (Coppock),
2026-08-06 21:00:00,2026-08-07 01:00:00,SELL,4265.36,4307.34,4097.45,4246.74,FLIP,18.42,S433 AI Gold Star 123 (Coppock),
2026-08-07 01:00:00,2026-08-07 02:00:00,BUY,4246.74,4197.24,4444.72,4237.41,FLIP,-9.53,S433 AI Gold Star 123 (Coppock),
2026-08-07 02:00:00,2026-08-07 02:30:00,SELL,4237.41,4286.46,4041.23,4248.96,FLIP,-11.75,S433 AI Gold Star 123 (Coppock),
2026-08-07 02:30:00,2026-08-07 07:30:00,BUY,4248.96,4200.74,4441.83,4232.74,FLIP,-16.42,S433 AI Gold Star 123 (Coppock),
2026-08-07 07:30:00,2026-08-07 08:00:00,SELL,4232.74,4261.53,4117.59,4243.37,FLIP,-10.83,S433 AI Gold Star 123 (Coppock),
2026-08-07 08:00:00,2026-08-07 18:30:00,BUY,4243.37,4211.91,4369.22,4321.23,FLIP,77.66,S433 AI Gold Star 123 (Coppock),
2026-08-07 18:30:00,2026-08-07 19:30:00,SELL,4321.23,4358.1,4173.77,4361.35,FLIP,-40.32,S433 AI Gold Star 123 (Coppock),
2026-08-07 19:30:00,2026-08-07 20:30:00,BUY,4361.35,4311.22,4561.86,4348.04,FLIP,-13.51,S433 AI Gold Star 123 (Coppock),
2026-08-07 20:30:00,2026-08-10 06:00:00,SELL,4348.04,4402.19,4131.43,4346.42,FLIP,1.42,S433 AI Gold Star 123 (Coppock),
2026-08-10 06:00:00,2026-08-10 06:30:00,BUY,4346.42,4314.34,4474.73,4333.24,FLIP,-13.38,S433 AI Gold Star 123 (Coppock),
2026-08-10 06:30:00,2026-08-10 07:00:00,SELL,4333.24,4365.55,4203.98,4337.69,FLIP,-4.65,S433 AI Gold Star 123 (Coppock),
2026-08-10 07:00:00,2026-08-10 08:00:00,BUY,4337.69,4305.56,4466.2,4316.52,FLIP,-21.37,S433 AI Gold Star 123 (Coppock),
2026-08-10 08:00:00,2026-08-10 11:00:00,SELL,4316.52,4349.84,4183.23,4334.74,FLIP,-18.42,S433 AI Gold Star 123 (Coppock),
2026-08-10 11:00:00,2026-08-10 16:30:00,BUY,4334.74,4300.15,4473.09,4341.2,FLIP,6.26,S433 AI Gold Star 123 (Coppock),
2026-08-10 16:30:00,2026-08-10 21:00:00,SELL,4341.2,4370.45,4224.19,4345.56,FLIP,-4.56,S433 AI Gold Star 123 (Coppock),
2026-08-10 21:00:00,2026-08-11 06:00:00,BUY,4345.56,4312.31,4478.57,4395.51,FLIP,49.75,S433 AI Gold Star 123 (Coppock),
2026-08-11 06:00:00,2026-08-11 07:00:00,SELL,4395.51,4423.14,4284.99,4413.99,FLIP,-18.68,S433 AI Gold Star 123 (Coppock),
2026-08-11 07:00:00,2026-08-11 07:30:00,BUY,4413.99,4384.74,4531.0,4409.55,FLIP,-4.64,S433 AI Gold Star 123 (Coppock),
2026-08-11 07:30:00,2026-08-11 08:30:00,SELL,4409.55,4438.48,4293.84,4429.55,FLIP,-20.2,S433 AI Gold Star 123 (Coppock),
2026-08-11 08:30:00,2026-08-11 09:30:00,BUY,4429.55,4394.48,4569.85,4410.91,FLIP,-18.84,S433 AI Gold Star 123 (Coppock),
2026-08-11 09:30:00,2026-08-11 17:00:00,SELL,4410.91,4448.02,4262.49,4378.28,FLIP,32.43,S433 AI Gold Star 123 (Coppock),
2026-08-11 17:00:00,2026-08-11 22:30:00,BUY,4378.28,4342.09,4523.04,4383.65,FLIP,5.17,S433 AI Gold Star 123 (Coppock),
2026-08-11 22:30:00,2026-08-12 05:00:00,SELL,4383.65,4418.74,4243.28,4376.63,FLIP,6.82,S433 AI Gold Star 123 (Coppock),
2026-08-12 05:00:00,2026-08-12 05:30:00,BUY,4376.63,4347.37,4493.68,4368.96,FLIP,-7.87,S433 AI Gold Star 123 (Coppock),
2026-08-12 05:30:00,2026-08-12 06:00:00,SELL,4368.96,4397.62,4254.33,4372.84,FLIP,-4.08,S433 AI Gold Star 123 (Coppock),
2026-08-12 06:00:00,2026-08-12 12:00:00,BUY,4372.84,4345.19,4483.45,4392.73,FLIP,19.69,S433 AI Gold Star 123 (Coppock),
2026-08-12 12:00:00,2026-08-12 17:00:00,SELL,4392.73,4424.99,4263.67,4419.63,FLIP,-27.1,S433 AI Gold Star 123 (Coppock),
2026-08-12 17:00:00,2026-08-12 19:30:00,BUY,4419.63,4390.56,4535.89,4390.56,SL,-29.27,S433 AI Gold Star 123 (Coppock),
2026-08-12 21:30:00,2026-08-13 06:00:00,SELL,4421.98,4473.18,4217.19,4408.34,FLIP,13.44,S433 AI Gold Star 123 (Coppock),
2026-08-13 06:00:00,2026-08-13 09:00:00,BUY,4408.34,4377.21,4532.87,4406.37,FLIP,-2.17,S433 AI Gold Star 123 (Coppock),
2026-08-13 09:00:00,2026-08-13 16:00:00,SELL,4406.37,4441.23,4266.91,4379.93,FLIP,26.24,S433 AI Gold Star 123 (Coppock),
2026-08-13 16:00:00,2026-08-13 21:00:00,BUY,4379.93,4347.1,4511.27,4367.74,FLIP,-12.39,S433 AI Gold Star 123 (Coppock),
2026-08-13 21:00:00,2026-08-13 21:30:00,SELL,4367.74,4400.37,4237.21,4383.67,FLIP,-16.13,S433 AI Gold Star 123 (Coppock),
2026-08-13 21:30:00,2026-08-13 22:00:00,BUY,4383.67,4346.75,4531.34,4365.15,FLIP,-18.72,S433 AI Gold Star 123 (Coppock),
2026-08-13 22:00:00,2026-08-14 03:30:00,SELL,4365.15,4404.82,4206.48,4350.15,FLIP,14.8,S433 AI Gold Star 123 (Coppock),
2026-08-14 03:30:00,2026-08-14 07:30:00,BUY,4350.15,4314.89,4491.18,4341.06,FLIP,-9.29,S433 AI Gold Star 123 (Coppock),
2026-08-14 07:30:00,2026-08-14 12:30:00,SELL,4341.06,4371.78,4218.19,4333.63,FLIP,7.23,S433 AI Gold Star 123 (Coppock),
2026-08-14 12:30:00,2026-08-14 21:30:00,BUY,4333.63,4294.98,4488.24,4381.37,FLIP,47.54,S433 AI Gold Star 123 (Coppock),
2026-08-14 21:30:00,2026-08-14 22:30:00,SELL,4381.37,4413.3,4253.64,4391.6,FLIP,-10.43,S433 AI Gold Star 123 (Coppock),
2026-08-14 22:30:00,2026-08-14 23:00:00,BUY,4391.6,4357.17,4529.33,4387.52,FLIP,-4.28,S433 AI Gold Star 123 (Coppock),
2026-08-14 23:00:00,2026-08-17 07:00:00,SELL,4387.52,4422.29,4248.46,4389.85,FLIP,-2.53,S433 AI Gold Star 123 (Coppock),
2026-08-17 07:00:00,2026-08-17 11:00:00,BUY,4389.85,4363.62,4494.79,4391.02,FLIP,0.97,S433 AI Gold Star 123 (Coppock),
2026-08-17 11:00:00,2026-08-17 11:30:00,SELL,4391.02,4424.18,4258.37,4390.76,FLIP,0.06,S433 AI Gold Star 123 (Coppock),
2026-08-17 11:30:00,2026-08-17 12:30:00,BUY,4390.76,4356.41,4528.18,4394.81,FLIP,3.85,S433 AI Gold Star 123 (Coppock),
2026-08-17 12:30:00,2026-08-17 17:00:00,SELL,4394.81,4429.69,4255.31,4405.34,FLIP,-10.73,S433 AI Gold Star 123 (Coppock),
2026-08-17 17:00:00,2026-08-17 17:30:00,BUY,4405.34,4378.66,4512.06,4398.96,FLIP,-6.58,S433 AI Gold Star 123 (Coppock),
2026-08-17 17:30:00,2026-08-17 18:00:00,SELL,4398.96,4426.47,4288.93,4403.54,FLIP,-4.78,S433 AI Gold Star 123 (Coppock),
2026-08-17 18:00:00,2026-08-17 18:30:00,BUY,4403.54,4376.4,4512.11,4396.77,FLIP,-6.97,S433 AI Gold Star 123 (Coppock),
2026-08-17 18:30:00,2026-08-17 20:30:00,SELL,4396.77,4424.03,4287.74,4408.75,FLIP,-12.18,S433 AI Gold Star 123 (Coppock),
2026-08-17 20:30:00,2026-08-18 01:00:00,BUY,4408.75,4375.53,4541.63,4406.26,FLIP,-2.69,S433 AI Gold Star 123 (Coppock),
2026-08-18 01:00:00,2026-08-18 07:00:00,SELL,4406.26,4443.89,4255.75,4431.42,FLIP,-25.36,S433 AI Gold Star 123 (Coppock),
2026-08-18 07:00:00,2026-08-18 08:30:00,BUY,4431.42,4405.48,4535.18,4407.98,FLIP,-23.64,S433 AI Gold Star 123 (Coppock),
2026-08-18 08:30:00,2026-08-18 14:00:00,SELL,4407.98,4437.82,4288.63,4403.15,FLIP,4.63,S433 AI Gold Star 123 (Coppock),
2026-08-18 14:00:00,2026-08-18 14:30:00,BUY,4403.15,4375.49,4513.78,4395.71,FLIP,-7.64,S433 AI Gold Star 123 (Coppock),
2026-08-18 14:30:00,2026-08-18 15:00:00,SELL,4395.71,4423.72,4283.66,4389.53,FLIP,5.98,S433 AI Gold Star 123 (Coppock),
2026-08-18 15:00:00,2026-08-18 20:00:00,BUY,4389.53,4362.94,4495.9,4388.87,FLIP,-0.86,S433 AI Gold Star 123 (Coppock),
2026-08-18 20:00:00,2026-08-18 20:30:00,SELL,4388.87,4412.64,4293.78,4394.64,FLIP,-5.97,S433 AI Gold Star 123 (Coppock),
2026-08-18 20:30:00,2026-08-18 21:00:00,BUY,4394.64,4365.56,4510.97,4394.12,FLIP,-0.72,S433 AI Gold Star 123 (Coppock),
2026-08-18 21:00:00,2026-08-19 05:30:00,SELL,4394.12,4425.1,4270.22,4333.81,FLIP,60.11,S433 AI Gold Star 123 (Coppock),
2026-08-19 05:30:00,2026-08-19 12:30:00,BUY,4333.81,4302.83,4457.72,4335.62,FLIP,1.61,S433 AI Gold Star 123 (Coppock),
2026-08-19 12:30:00,2026-08-19 13:00:00,SELL,4335.62,4367.04,4209.94,4343.26,FLIP,-7.84,S433 AI Gold Star 123 (Coppock),
2026-08-19 13:00:00,2026-08-19 14:00:00,BUY,4343.26,4310.83,4472.97,4356.66,FLIP,13.2,S433 AI Gold Star 123 (Coppock),
2026-08-19 14:00:00,2026-08-19 15:00:00,SELL,4356.66,4389.08,4226.99,4360.65,FLIP,-4.19,S433 AI Gold Star 123 (Coppock),
2026-08-19 15:00:00,2026-08-19 15:30:00,BUY,4360.65,4330.23,4482.31,4355.66,FLIP,-5.19,S433 AI Gold Star 123 (Coppock),
2026-08-19 15:30:00,2026-08-19 16:30:00,SELL,4355.66,4384.57,4240.01,4361.87,FLIP,-6.41,S433 AI Gold Star 123 (Coppock),
2026-08-19 16:30:00,2026-08-19 21:00:00,BUY,4361.87,4334.3,4472.15,4472.15,TP,110.08,S433 AI Gold Star 123 (Coppock),
2026-08-20 00:30:00,2026-08-20 13:00:00,SELL,4486.64,4545.91,4249.55,4494.12,FLIP,-7.68,S433 AI Gold Star 123 (Coppock),
2026-08-20 13:00:00,2026-08-20 18:30:00,BUY,4494.12,4462.35,4621.22,4466.94,FLIP,-27.38,S433 AI Gold Star 123 (Coppock),
2026-08-20 18:30:00,2026-08-20 19:30:00,SELL,4466.94,4497.83,4343.37,4474.88,FLIP,-8.14,S433 AI Gold Star 123 (Coppock),
2026-08-20 19:30:00,2026-08-20 20:00:00,BUY,4474.88,4438.84,4619.04,4471.58,FLIP,-3.5,S433 AI Gold Star 123 (Coppock),
2026-08-20 20:00:00,2026-08-20 21:00:00,SELL,4471.58,4507.29,4328.75,4491.58,FLIP,-20.2,S433 AI Gold Star 123 (Coppock),
2026-08-20 21:00:00,2026-08-21 03:00:00,BUY,4491.58,4451.87,4650.43,4520.82,FLIP,29.04,S433 AI Gold Star 123 (Coppock),
2026-08-21 03:00:00,2026-08-21 09:30:00,SELL,4520.82,4565.15,4343.5,4533.79,FLIP,-13.17,S433 AI Gold Star 123 (Coppock),
2026-08-21 09:30:00,2026-08-21 12:00:00,BUY,4533.79,4500.47,4667.05,4530.5,FLIP,-3.49,S433 AI Gold Star 123 (Coppock),
2026-08-21 12:00:00,2026-08-21 12:30:00,SELL,4530.5,4565.82,4389.23,4553.66,FLIP,-23.36,S433 AI Gold Star 123 (Coppock),
2026-08-21 12:30:00,2026-08-21 19:00:00,BUY,4553.66,4513.9,4712.71,4584.7,FLIP,30.84,S433 AI Gold Star 123 (Coppock),
2026-08-21 19:00:00,2026-08-21 23:30:00,SELL,4584.7,4625.79,4420.33,4628.85,FLIP,-44.35,S433 AI Gold Star 123 (Coppock),
2026-08-21 23:30:00,2026-08-22 02:30:00,BUY,4628.85,4580.24,4823.28,4616.94,FLIP,-12.11,S433 AI Gold Star 123 (Coppock),
2026-08-22 02:30:00,2026-08-24 08:30:00,SELL,4616.94,4658.9,4449.1,4632.25,FLIP,-15.51,S433 AI Gold Star 123 (Coppock),
2026-08-24 08:30:00,2026-08-24 14:00:00,BUY,4632.25,4584.17,4824.58,4642.73,FLIP,10.28,S433 AI Gold Star 123 (Coppock),
2026-08-24 14:00:00,2026-08-24 18:30:00,SELL,4642.73,4694.92,4433.98,4657.92,FLIP,-15.39,S433 AI Gold Star 123 (Coppock),
2026-08-24 18:30:00,2026-08-24 22:30:00,BUY,4657.92,4616.65,4823.0,4649.14,FLIP,-8.98,S433 AI Gold Star 123 (Coppock),
2026-08-24 22:30:00,2026-08-25 05:00:00,SELL,4649.14,4701.0,4441.7,4657.81,FLIP,-8.87,S433 AI Gold Star 123 (Coppock),
2026-08-25 05:00:00,2026-08-25 09:00:00,BUY,4657.81,4610.22,4848.19,4656.51,FLIP,-1.5,S433 AI Gold Star 123 (Coppock),
2026-08-25 09:00:00,2026-08-25 15:00:00,SELL,4656.51,4697.99,4490.58,4633.02,FLIP,23.29,S433 AI Gold Star 123 (Coppock),
2026-08-25 15:00:00,2026-08-25 20:00:00,BUY,4633.02,4583.01,4833.05,4609.69,FLIP,-23.53,S433 AI Gold Star 123 (Coppock),
2026-08-25 20:00:00,2026-08-25 21:30:00,SELL,4609.69,4649.43,4450.72,4635.65,FLIP,-26.16,S433 AI Gold Star 123 (Coppock),
2026-08-25 21:30:00,2026-08-26 06:00:00,BUY,4635.65,4590.9,4814.66,4661.02,FLIP,25.17,S433 AI Gold Star 123 (Coppock),
2026-08-26 06:00:00,2026-08-26 17:30:00,SELL,4661.02,4692.99,4533.13,4620.25,FLIP,40.57,S433 AI Gold Star 123 (Coppock),
2026-08-26 17:30:00,2026-08-26 21:30:00,BUY,4620.25,4592.19,4732.5,4602.94,FLIP,-17.51,S433 AI Gold Star 123 (Coppock),
2026-08-26 21:30:00,2026-08-27 02:30:00,SELL,4602.94,4642.22,4445.82,4594.31,FLIP,8.43,S433 AI Gold Star 123 (Coppock),
2026-08-27 02:30:00,2026-08-27 10:30:00,BUY,4594.31,4553.28,4758.43,4625.46,FLIP,30.95,S433 AI Gold Star 123 (Coppock),
2026-08-27 10:30:00,2026-08-27 18:00:00,SELL,4625.46,4664.73,4468.4,4594.46,FLIP,30.8,S433 AI Gold Star 123 (Coppock),
2026-08-27 18:00:00,2026-08-27 20:30:00,BUY,4594.46,4561.49,4726.34,4572.3,FLIP,-22.36,S433 AI Gold Star 123 (Coppock),
2026-08-27 20:30:00,2026-08-27 21:00:00,SELL,4572.3,4609.56,4423.25,4581.34,FLIP,-9.24,S433 AI Gold Star 123 (Coppock),
2026-08-27 21:00:00,2026-08-28 03:00:00,BUY,4581.34,4543.39,4733.12,4603.67,FLIP,22.13,S433 AI Gold Star 123 (Coppock),
2026-08-28 03:00:00,2026-08-28 11:30:00,SELL,4603.67,4640.55,4456.14,4584.39,FLIP,19.08,S433 AI Gold Star 123 (Coppock),
2026-08-28 11:30:00,2026-08-28 12:30:00,BUY,4584.39,4556.0,4697.94,4573.33,FLIP,-11.26,S433 AI Gold Star 123 (Coppock),
2026-08-28 12:30:00,2026-08-28 13:00:00,SELL,4573.33,4603.5,4452.65,4585.04,FLIP,-11.91,S433 AI Gold Star 123 (Coppock),
2026-08-28 13:00:00,2026-08-28 18:30:00,BUY,4585.04,4554.49,4707.23,4593.31,FLIP,8.07,S433 AI Gold Star 123 (Coppock),
2026-08-28 18:30:00,2026-08-28 20:30:00,SELL,4593.31,4625.31,4465.32,4625.31,SL,-32.2,S433 AI Gold Star 123 (Coppock),
2026-08-31 05:00:00,2026-08-31 10:30:00,BUY,4459.34,4390.68,4733.97,4422.55,FLIP,-36.99,S433 AI Gold Star 123 (Coppock),
2026-08-31 10:30:00,2026-08-31 12:00:00,SELL,4422.55,4471.54,4226.59,4440.4,FLIP,-18.05,S433 AI Gold Star 123 (Coppock),
2026-08-31 12:00:00,2026-08-31 19:00:00,BUY,4440.4,4390.54,4639.82,4447.68,FLIP,7.08,S433 AI Gold Star 123 (Coppock),
2026-08-31 19:00:00,2026-09-01 02:00:00,SELL,4447.68,4479.12,4321.93,4440.52,FLIP,6.96,S433 AI Gold Star 123 (Coppock),
2026-09-01 02:00:00,2026-09-01 08:00:00,BUY,4440.52,4401.33,4597.28,4439.92,FLIP,-0.8,S433 AI Gold Star 123 (Coppock),
2026-09-01 08:00:00,2026-09-01 20:30:00,SELL,4439.92,4469.36,4322.17,4365.43,FLIP,74.29,S433 AI Gold Star 123 (Coppock),
