entry_time,exit_time,direction,entry,sl,tp,exit_price,outcome,profit,pattern,reason
2025-09-02 18:30:00,2025-09-02 19:30:00,BUY,3489.78,3478.41,3523.88,3478.41,SL,-11.57,S433 AI Gold Star 123 (Coppock),
2025-09-03 03:00:00,2025-09-03 11:30:00,SELL,3536.57,3549.46,3497.9,3536.93,FLIP,-0.56,S433 AI Gold Star 123 (Coppock),
2025-09-03 11:30:00,2025-09-03 12:00:00,BUY,3536.93,3526.95,3566.88,3534.75,FLIP,-2.38,S433 AI Gold Star 123 (Coppock),
2025-09-03 12:00:00,2025-09-03 13:30:00,SELL,3534.75,3544.98,3504.07,3535.39,FLIP,-0.84,S433 AI Gold Star 123 (Coppock),
2025-09-03 13:30:00,2025-09-03 14:00:00,BUY,3535.39,3524.7,3567.45,3531.95,FLIP,-3.64,S433 AI Gold Star 123 (Coppock),
2025-09-03 14:00:00,2025-09-03 15:00:00,SELL,3531.95,3541.38,3503.66,3541.13,FLIP,-9.38,S433 AI Gold Star 123 (Coppock),
2025-09-03 15:00:00,2025-09-03 23:00:00,BUY,3541.13,3532.25,3567.76,3567.76,TP,26.43,S433 AI Gold Star 123 (Coppock),
2025-09-04 01:00:00,2025-09-04 09:00:00,SELL,3574.63,3585.85,3540.97,3540.97,TP,33.46,S433 AI Gold Star 123 (Coppock),
2025-09-04 13:00:00,2025-09-04 20:30:00,BUY,3537.57,3523.26,3580.51,3547.02,FLIP,9.25,S433 AI Gold Star 123 (Coppock),
2025-09-04 20:30:00,2025-09-04 22:30:00,SELL,3547.02,3558.71,3511.96,3552.83,FLIP,-6.01,S433 AI Gold Star 123 (Coppock),
2025-09-04 22:30:00,2025-09-05 00:00:00,BUY,3552.83,3540.22,3590.65,3549.26,FLIP,-3.77,S433 AI Gold Star 123 (Coppock),
2025-09-05 00:00:00,2025-09-05 06:30:00,SELL,3549.26,3561.8,3511.64,3552.6,FLIP,-3.54,S433 AI Gold Star 123 (Coppock),
2025-09-05 06:30:00,2025-09-05 13:00:00,BUY,3552.6,3544.98,3575.47,3551.4,FLIP,-1.4,S433 AI Gold Star 123 (Coppock),
2025-09-05 13:00:00,2025-09-05 18:30:00,SELL,3551.4,3560.36,3524.52,3553.22,FLIP,-2.02,S433 AI Gold Star 123 (Coppock),
2025-09-05 18:30:00,2025-09-05 19:30:00,BUY,3553.22,3545.67,3575.87,3575.87,TP,22.45,S433 AI Gold Star 123 (Coppock),
2025-09-06 01:00:00,2025-09-08 09:30:00,SELL,3594.67,3612.12,3542.33,3590.7,FLIP,3.77,S433 AI Gold Star 123 (Coppock),
2025-09-08 09:30:00,2025-09-08 10:00:00,BUY,3590.7,3581.29,3618.93,3585.05,FLIP,-5.85,S433 AI Gold Star 123 (Coppock),
2025-09-08 10:00:00,2025-09-08 12:30:00,SELL,3585.05,3594.89,3555.52,3591.24,FLIP,-6.39,S433 AI Gold Star 123 (Coppock),
2025-09-08 12:30:00,2025-09-08 17:00:00,BUY,3591.24,3581.95,3619.1,3619.1,TP,27.66,S433 AI Gold Star 123 (Coppock),
2025-09-08 19:30:00,2025-09-08 20:30:00,SELL,3624.26,3634.69,3592.96,3634.69,SL,-10.63,S433 AI Gold Star 123 (Coppock),
2025-09-08 21:30:00,2025-09-08 22:00:00,BUY,3640.68,3628.74,3676.49,3636.5,FLIP,-4.38,S433 AI Gold Star 123 (Coppock),
2025-09-08 22:00:00,2025-09-08 23:00:00,SELL,3636.5,3648.41,3600.76,3641.31,FLIP,-5.01,S433 AI Gold Star 123 (Coppock),
2025-09-08 23:00:00,2025-09-08 23:30:00,BUY,3641.31,3629.13,3677.85,3640.74,FLIP,-0.77,S433 AI Gold Star 123 (Coppock),
2025-09-08 23:30:00,2025-09-09 07:30:00,SELL,3640.74,3652.98,3604.02,3638.51,FLIP,2.03,S433 AI Gold Star 123 (Coppock),
2025-09-09 07:30:00,2025-09-09 13:00:00,BUY,3638.51,3631.32,3660.09,3638.58,FLIP,-0.13,S433 AI Gold Star 123 (Coppock),
2025-09-09 13:00:00,2025-09-09 13:30:00,SELL,3638.58,3649.72,3605.15,3649.72,SL,-11.34,S433 AI Gold Star 123 (Coppock),
2025-09-09 20:00:00,2025-09-09 21:00:00,BUY,3660.49,3649.7,3692.85,3653.21,FLIP,-7.48,S433 AI Gold Star 123 (Coppock),
2025-09-09 21:00:00,2025-09-10 05:30:00,SELL,3653.21,3666.49,3613.36,3635.5,FLIP,17.51,S433 AI Gold Star 123 (Coppock),
2025-09-10 05:30:00,2025-09-10 07:00:00,BUY,3635.5,3625.28,3666.17,3627.49,FLIP,-8.21,S433 AI Gold Star 123 (Coppock),
2025-09-10 07:00:00,2025-09-10 08:30:00,SELL,3627.49,3636.19,3601.38,3630.72,FLIP,-3.43,S433 AI Gold Star 123 (Coppock),
2025-09-10 08:30:00,2025-09-10 16:00:00,BUY,3630.72,3619.96,3663.0,3646.15,FLIP,15.23,S433 AI Gold Star 123 (Coppock),
2025-09-10 16:00:00,2025-09-10 16:30:00,SELL,3646.15,3653.52,3624.04,3655.22,FLIP,-9.27,S433 AI Gold Star 123 (Coppock),
2025-09-10 16:30:00,2025-09-10 18:00:00,BUY,3655.22,3647.47,3678.47,3654.77,FLIP,-0.65,S433 AI Gold Star 123 (Coppock),
2025-09-10 18:00:00,2025-09-11 01:00:00,SELL,3654.77,3662.58,3631.35,3648.68,FLIP,5.89,S433 AI Gold Star 123 (Coppock),
2025-09-11 01:00:00,2025-09-11 02:00:00,BUY,3648.68,3638.54,3679.11,3639.64,FLIP,-9.24,S433 AI Gold Star 123 (Coppock),
2025-09-11 02:00:00,2025-09-11 05:30:00,SELL,3639.64,3649.96,3608.69,3639.8,FLIP,-0.36,S433 AI Gold Star 123 (Coppock),
2025-09-11 05:30:00,2025-09-11 09:00:00,BUY,3639.8,3632.32,3662.24,3638.07,FLIP,-1.93,S433 AI Gold Star 123 (Coppock),
2025-09-11 09:00:00,2025-09-11 15:30:00,SELL,3638.07,3645.64,3615.35,3626.19,FLIP,11.68,S433 AI Gold Star 123 (Coppock),
2025-09-11 15:30:00,2025-09-11 16:00:00,BUY,3626.19,3617.54,3652.13,3617.07,FLIP,-9.32,S433 AI Gold Star 123 (Coppock),
2025-09-11 16:00:00,2025-09-11 17:00:00,SELL,3617.07,3626.35,3589.22,3621.1,FLIP,-4.23,S433 AI Gold Star 123 (Coppock),
2025-09-11 17:00:00,2025-09-11 18:30:00,BUY,3621.1,3611.78,3649.05,3616.81,FLIP,-4.49,S433 AI Gold Star 123 (Coppock),
2025-09-11 18:30:00,2025-09-11 19:00:00,SELL,3616.81,3626.44,3587.91,3624.18,FLIP,-7.57,S433 AI Gold Star 123 (Coppock),
2025-09-11 19:00:00,2025-09-11 19:30:00,BUY,3624.18,3613.73,3655.54,3613.73,SL,-10.65,S433 AI Gold Star 123 (Coppock),
2025-09-12 01:00:00,2025-09-12 01:30:00,SELL,3632.07,3647.24,3586.57,3632.27,FLIP,-0.4,S433 AI Gold Star 123 (Coppock),
2025-09-12 01:30:00,2025-09-12 02:00:00,BUY,3632.27,3617.41,3676.86,3634.81,FLIP,2.34,S433 AI Gold Star 123 (Coppock),
2025-09-12 02:00:00,2025-09-12 08:00:00,SELL,3634.81,3649.15,3591.78,3642.68,FLIP,-8.07,S433 AI Gold Star 123 (Coppock),
2025-09-12 08:00:00,2025-09-12 13:00:00,BUY,3642.68,3636.47,3661.31,3650.79,FLIP,7.91,S433 AI Gold Star 123 (Coppock),
2025-09-12 13:00:00,2025-09-12 20:00:00,SELL,3650.79,3657.68,3630.11,3648.83,FLIP,1.76,S433 AI Gold Star 123 (Coppock),
2025-09-12 20:00:00,2025-09-13 01:30:00,BUY,3648.83,3640.26,3674.54,3648.43,FLIP,-0.6,S433 AI Gold Star 123 (Coppock),
2025-09-13 01:30:00,2025-09-15 09:00:00,SELL,3648.43,3655.73,3626.52,3643.02,FLIP,5.21,S433 AI Gold Star 123 (Coppock),
2025-09-15 09:00:00,2025-09-15 14:00:00,BUY,3643.02,3635.62,3665.21,3636.35,FLIP,-6.87,S433 AI Gold Star 123 (Coppock),
2025-09-15 14:00:00,2025-09-15 14:30:00,SELL,3636.35,3643.86,3613.83,3643.9,FLIP,-7.75,S433 AI Gold Star 123 (Coppock),
2025-09-15 14:30:00,2025-09-15 16:00:00,BUY,3643.9,3636.24,3666.89,3640.43,FLIP,-3.67,S433 AI Gold Star 123 (Coppock),
2025-09-15 16:00:00,2025-09-15 19:30:00,SELL,3640.43,3647.15,3620.26,3650.37,FLIP,-10.14,S433 AI Gold Star 123 (Coppock),
2025-09-15 19:30:00,2025-09-15 22:30:00,BUY,3650.37,3640.91,3678.76,3678.76,TP,28.19,S433 AI Gold Star 123 (Coppock),
2025-09-16 01:30:00,2025-09-16 08:00:00,SELL,3676.92,3688.25,3642.94,3688.25,SL,-11.53,S433 AI Gold Star 123 (Coppock),
2025-09-16 10:00:00,2025-09-16 10:30:00,BUY,3681.76,3674.82,3702.57,3681.06,FLIP,-0.9,S433 AI Gold Star 123 (Coppock),
2025-09-16 10:30:00,2025-09-16 11:00:00,SELL,3681.06,3687.89,3660.56,3682.06,FLIP,-1.2,S433 AI Gold Star 123 (Coppock),
2025-09-16 11:00:00,2025-09-16 12:30:00,BUY,3682.06,3675.22,3702.59,3682.72,FLIP,0.46,S433 AI Gold Star 123 (Coppock),
2025-09-16 12:30:00,2025-09-16 13:00:00,SELL,3682.72,3689.85,3661.32,3685.25,FLIP,-2.73,S433 AI Gold Star 123 (Coppock),
2025-09-16 13:00:00,2025-09-16 14:30:00,BUY,3685.25,3677.82,3707.53,3686.46,FLIP,1.01,S433 AI Gold Star 123 (Coppock),
2025-09-16 14:30:00,2025-09-16 15:00:00,SELL,3686.46,3694.5,3662.35,3694.61,FLIP,-8.35,S433 AI Gold Star 123 (Coppock),
2025-09-16 15:00:00,2025-09-16 17:30:00,BUY,3694.61,3686.72,3718.29,3693.19,FLIP,-1.62,S433 AI Gold Star 123 (Coppock),
2025-09-16 17:30:00,2025-09-16 21:00:00,SELL,3693.19,3700.93,3669.98,3700.93,SL,-7.94,S433 AI Gold Star 123 (Coppock),
2025-09-17 01:00:00,2025-09-17 07:30:00,BUY,3688.92,3678.83,3719.18,3691.26,FLIP,2.14,S433 AI Gold Star 123 (Coppock),
2025-09-17 07:30:00,2025-09-17 08:30:00,SELL,3691.26,3695.63,3678.16,3678.16,TP,12.9,S433 AI Gold Star 123 (Coppock),
2025-09-17 16:00:00,2025-09-17 17:00:00,BUY,3668.64,3660.71,3692.43,3660.71,SL,-8.13,S433 AI Gold Star 123 (Coppock),
2025-09-17 17:30:00,2025-09-17 18:00:00,SELL,3661.52,3669.84,3636.57,3667.96,FLIP,-6.64,S433 AI Gold Star 123 (Coppock),
2025-09-17 18:00:00,2025-09-18 01:00:00,BUY,3667.96,3658.94,3695.02,3682.34,FLIP,14.18,S433 AI Gold Star 123 (Coppock),
2025-09-18 01:00:00,2025-09-18 07:30:00,SELL,3682.34,3696.01,3641.32,3665.23,FLIP,16.91,S433 AI Gold Star 123 (Coppock),
2025-09-18 07:30:00,2025-09-18 11:30:00,BUY,3665.23,3645.38,3724.79,3653.65,FLIP,-11.78,S433 AI Gold Star 123 (Coppock),
2025-09-18 11:30:00,2025-09-18 12:00:00,SELL,3653.65,3664.0,3622.61,3657.99,FLIP,-4.54,S433 AI Gold Star 123 (Coppock),
2025-09-18 12:00:00,2025-09-18 12:30:00,BUY,3657.99,3647.98,3688.03,3651.59,FLIP,-6.6,S433 AI Gold Star 123 (Coppock),
2025-09-18 12:30:00,2025-09-18 14:30:00,SELL,3651.59,3662.29,3619.5,3658.89,FLIP,-7.5,S433 AI Gold Star 123 (Coppock),
2025-09-18 14:30:00,2025-09-18 20:00:00,BUY,3658.89,3646.12,3697.19,3653.8,FLIP,-5.29,S433 AI Gold Star 123 (Coppock),
2025-09-18 20:00:00,2025-09-19 01:30:00,SELL,3653.8,3665.27,3619.4,3641.42,FLIP,12.18,S433 AI Gold Star 123 (Coppock),
2025-09-19 01:30:00,2025-09-19 07:30:00,BUY,3641.42,3630.22,3675.03,3640.07,FLIP,-1.55,S433 AI Gold Star 123 (Coppock),
2025-09-19 07:30:00,2025-09-19 08:00:00,SELL,3640.07,3644.94,3625.47,3647.58,FLIP,-7.71,S433 AI Gold Star 123 (Coppock),
2025-09-19 08:00:00,2025-09-19 08:30:00,BUY,3647.58,3641.83,3664.82,3639.86,FLIP,-7.92,S433 AI Gold Star 123 (Coppock),
2025-09-19 08:30:00,2025-09-19 09:00:00,SELL,3639.86,3647.11,3618.11,3645.72,FLIP,-6.06,S433 AI Gold Star 123 (Coppock),
2025-09-19 09:00:00,2025-09-19 13:30:00,BUY,3645.72,3637.91,3669.14,3646.92,FLIP,1.0,S433 AI Gold Star 123 (Coppock),
2025-09-19 13:30:00,2025-09-19 14:00:00,SELL,3646.92,3657.92,3613.91,3652.93,FLIP,-6.21,S433 AI Gold Star 123 (Coppock),
2025-09-19 14:00:00,2025-09-19 14:30:00,BUY,3652.93,3641.55,3687.07,3654.01,FLIP,0.88,S433 AI Gold Star 123 (Coppock),
2025-09-19 14:30:00,2025-09-19 20:00:00,SELL,3654.01,3665.54,3619.41,3655.88,FLIP,-2.07,S433 AI Gold Star 123 (Coppock),
2025-09-19 20:00:00,2025-09-20 01:00:00,BUY,3655.88,3647.43,3681.23,3681.23,TP,25.15,S433 AI Gold Star 123 (Coppock),
2025-09-20 03:00:00,2025-09-22 05:00:00,SELL,3683.18,3691.66,3657.73,3691.33,FLIP,-8.35,S433 AI Gold Star 123 (Coppock),
2025-09-22 05:00:00,2025-09-22 05:30:00,BUY,3691.33,3683.65,3714.36,3688.44,FLIP,-3.09,S433 AI Gold Star 123 (Coppock),
2025-09-22 05:30:00,2025-09-22 08:00:00,SELL,3688.44,3695.77,3666.45,3695.77,SL,-7.53,S433 AI Gold Star 123 (Coppock),
2025-09-22 12:30:00,2025-09-22 15:30:00,BUY,3697.09,3689.01,3721.34,3721.34,TP,24.05,S433 AI Gold Star 123 (Coppock),
2025-09-22 18:30:00,2025-09-22 22:30:00,SELL,3724.66,3734.4,3695.43,3734.4,SL,-9.94,S433 AI Gold Star 123 (Coppock),
2025-09-22 23:30:00,2025-09-23 05:00:00,BUY,3737.1,3726.6,3768.59,3743.3,FLIP,6.0,S433 AI Gold Star 123 (Coppock),
2025-09-23 05:00:00,2025-09-23 08:00:00,SELL,3743.3,3750.83,3720.7,3750.83,SL,-7.73,S433 AI Gold Star 123 (Coppock),
2025-09-23 12:00:00,2025-09-23 16:00:00,BUY,3750.07,3739.26,3782.5,3782.5,TP,32.23,S433 AI Gold Star 123 (Coppock),
2025-09-23 19:30:00,2025-09-24 05:30:00,SELL,3784.28,3796.4,3747.91,3765.43,FLIP,18.65,S433 AI Gold Star 123 (Coppock),
2025-09-24 05:30:00,2025-09-24 06:30:00,BUY,3765.43,3752.43,3804.44,3763.86,FLIP,-1.77,S433 AI Gold Star 123 (Coppock),
2025-09-24 06:30:00,2025-09-24 07:00:00,SELL,3763.86,3776.7,3725.34,3763.72,FLIP,-0.06,S433 AI Gold Star 123 (Coppock),
2025-09-24 07:00:00,2025-09-24 09:00:00,BUY,3763.72,3750.92,3802.13,3752.79,FLIP,-11.13,S433 AI Gold Star 123 (Coppock),
2025-09-24 09:00:00,2025-09-24 09:30:00,SELL,3752.79,3764.77,3716.85,3757.01,FLIP,-4.42,S433 AI Gold Star 123 (Coppock),
2025-09-24 09:30:00,2025-09-24 16:00:00,BUY,3757.01,3746.78,3787.71,3767.74,FLIP,10.53,S433 AI Gold Star 123 (Coppock),
2025-09-24 16:00:00,2025-09-24 22:30:00,SELL,3767.74,3776.63,3741.06,3741.06,TP,26.48,S433 AI Gold Star 123 (Coppock),
2025-09-25 03:00:00,2025-09-25 10:30:00,BUY,3731.92,3719.73,3768.49,3736.62,FLIP,4.5,S433 AI Gold Star 123 (Coppock),
2025-09-25 10:30:00,2025-09-25 13:00:00,SELL,3736.62,3746.37,3707.36,3746.37,SL,-9.95,S433 AI Gold Star 123 (Coppock),
2025-09-25 14:00:00,2025-09-25 18:30:00,BUY,3744.91,3734.79,3775.27,3752.96,FLIP,7.85,S433 AI Gold Star 123 (Coppock),
2025-09-25 18:30:00,2025-09-25 19:00:00,SELL,3752.96,3764.61,3718.01,3754.29,FLIP,-1.53,S433 AI Gold Star 123 (Coppock),
2025-09-25 19:00:00,2025-09-25 19:30:00,BUY,3754.29,3742.44,3789.83,3738.7,FLIP,-15.79,S433 AI Gold Star 123 (Coppock),
2025-09-25 19:30:00,2025-09-26 00:30:00,SELL,3738.7,3752.47,3697.4,3741.77,FLIP,-3.27,S433 AI Gold Star 123 (Coppock),
2025-09-26 00:30:00,2025-09-26 06:30:00,BUY,3741.77,3725.15,3791.64,3744.68,FLIP,2.71,S433 AI Gold Star 123 (Coppock),
2025-09-26 06:30:00,2025-09-26 11:30:00,SELL,3744.68,3755.31,3712.78,3747.61,FLIP,-3.13,S433 AI Gold Star 123 (Coppock),
2025-09-26 11:30:00,2025-09-26 17:00:00,BUY,3747.61,3738.11,3776.11,3749.68,FLIP,1.87,S433 AI Gold Star 123 (Coppock),
2025-09-26 17:00:00,2025-09-26 18:00:00,SELL,3749.68,3758.41,3723.48,3751.05,FLIP,-1.57,S433 AI Gold Star 123 (Coppock),
2025-09-26 18:00:00,2025-09-26 18:30:00,BUY,3751.05,3741.52,3779.64,3748.61,FLIP,-2.64,S433 AI Gold Star 123 (Coppock),
2025-09-26 18:30:00,2025-09-26 19:30:00,SELL,3748.61,3758.3,3719.55,3752.09,FLIP,-3.68,S433 AI Gold Star 123 (Coppock),
2025-09-26 19:30:00,2025-09-26 21:00:00,BUY,3752.09,3741.9,3782.67,3782.67,TP,30.38,S433 AI Gold Star 123 (Coppock),
2025-09-27 01:30:00,2025-09-29 07:30:00,SELL,3778.51,3791.5,3739.53,3787.08,FLIP,-8.77,S433 AI Gold Star 123 (Coppock),
2025-09-29 07:30:00,2025-09-29 08:00:00,BUY,3787.08,3776.68,3818.27,3772.8,FLIP,-14.48,S433 AI Gold Star 123 (Coppock),
2025-09-29 08:00:00,2025-09-29 08:30:00,SELL,3772.8,3784.78,3736.85,3778.7,FLIP,-6.1,S433 AI Gold Star 123 (Coppock),
2025-09-29 08:30:00,2025-09-29 13:00:00,BUY,3778.7,3766.21,3816.18,3816.18,TP,37.28,S433 AI Gold Star 123 (Coppock),
2025-09-29 14:30:00,2025-09-29 18:00:00,SELL,3806.3,3821.85,3759.64,3821.85,SL,-15.75,S433 AI Gold Star 123 (Coppock),
2025-09-29 21:30:00,2025-09-30 00:00:00,BUY,3828.24,3814.66,3868.99,3826.37,FLIP,-2.07,S433 AI Gold Star 123 (Coppock),
2025-09-30 00:00:00,2025-09-30 00:30:00,SELL,3826.37,3839.6,3786.67,3828.94,FLIP,-2.77,S433 AI Gold Star 123 (Coppock),
2025-09-30 00:30:00,2025-09-30 01:00:00,BUY,3828.94,3815.49,3869.3,3829.71,FLIP,0.57,S433 AI Gold Star 123 (Coppock),
2025-09-30 01:00:00,2025-09-30 07:00:00,SELL,3829.71,3843.08,3789.6,3838.62,FLIP,-9.11,S433 AI Gold Star 123 (Coppock),
2025-09-30 07:00:00,2025-09-30 10:30:00,BUY,3838.62,3829.91,3864.76,3864.76,TP,25.94,S433 AI Gold Star 123 (Coppock),
2025-09-30 13:30:00,2025-09-30 15:30:00,SELL,3855.96,3868.61,3818.01,3818.01,TP,37.75,S433 AI Gold Star 123 (Coppock),
2025-09-30 19:30:00,2025-10-01 02:30:00,BUY,3819.34,3798.68,3881.32,3859.05,FLIP,39.51,S433 AI Gold Star 123 (Coppock),
2025-10-01 02:30:00,2025-10-01 08:30:00,SELL,3859.05,3875.12,3810.84,3868.91,FLIP,-10.06,S433 AI Gold Star 123 (Coppock),
2025-10-01 08:30:00,2025-10-01 09:00:00,BUY,3868.91,3860.32,3894.69,3866.17,FLIP,-2.94,S433 AI Gold Star 123 (Coppock),
2025-10-01 09:00:00,2025-10-01 14:00:00,SELL,3866.17,3875.19,3839.1,3870.72,FLIP,-4.75,S433 AI Gold Star 123 (Coppock),
2025-10-01 14:00:00,2025-10-01 19:00:00,BUY,3870.72,3859.15,3905.44,3877.81,FLIP,6.89,S433 AI Gold Star 123 (Coppock),
2025-10-01 19:00:00,2025-10-02 01:00:00,SELL,3877.81,3891.11,3837.92,3862.99,FLIP,14.62,S433 AI Gold Star 123 (Coppock),
2025-10-02 01:00:00,2025-10-02 07:30:00,BUY,3862.99,3846.49,3912.48,3856.09,FLIP,-7.1,S433 AI Gold Star 123 (Coppock),
2025-10-02 07:30:00,2025-10-02 08:00:00,SELL,3856.09,3865.97,3826.44,3863.79,FLIP,-7.9,S433 AI Gold Star 123 (Coppock),
2025-10-02 08:00:00,2025-10-02 13:30:00,BUY,3863.79,3852.98,3896.22,3864.15,FLIP,0.16,S433 AI Gold Star 123 (Coppock),
2025-10-02 13:30:00,2025-10-02 14:00:00,SELL,3864.15,3873.19,3837.03,3873.19,SL,-9.24,S433 AI Gold Star 123 (Coppock),
2025-10-02 14:30:00,2025-10-02 15:00:00,BUY,3868.55,3858.81,3897.78,3869.18,FLIP,0.43,S433 AI Gold Star 123 (Coppock),
2025-10-02 15:00:00,2025-10-02 15:30:00,SELL,3869.18,3878.27,3841.91,3874.52,FLIP,-5.54,S433 AI Gold Star 123 (Coppock),
2025-10-02 15:30:00,2025-10-02 20:30:00,BUY,3874.52,3864.68,3904.05,3875.2,FLIP,0.48,S433 AI Gold Star 123 (Coppock),
2025-10-02 20:30:00,2025-10-02 21:30:00,SELL,3875.2,3887.93,3836.99,3836.99,TP,38.01,S433 AI Gold Star 123 (Coppock),
2025-10-03 02:00:00,2025-10-03 08:00:00,BUY,3857.08,3836.88,3917.68,3851.58,FLIP,-5.7,S433 AI Gold Star 123 (Coppock),
2025-10-03 08:00:00,2025-10-03 08:30:00,SELL,3851.58,3859.65,3827.37,3858.53,FLIP,-7.15,S433 AI Gold Star 123 (Coppock),
2025-10-03 08:30:00,2025-10-03 09:00:00,BUY,3858.53,3849.78,3884.77,3855.15,FLIP,-3.58,S433 AI Gold Star 123 (Coppock),
2025-10-03 09:00:00,2025-10-03 12:30:00,SELL,3855.15,3864.0,3828.61,3855.14,FLIP,-0.19,S433 AI Gold Star 123 (Coppock),
2025-10-03 12:30:00,2025-10-03 18:00:00,BUY,3855.14,3844.81,3886.12,3858.89,FLIP,3.55,S433 AI Gold Star 123 (Coppock),
2025-10-03 18:00:00,2025-10-03 19:30:00,SELL,3858.89,3868.42,3830.31,3873.84,FLIP,-15.15,S433 AI Gold Star 123 (Coppock),
2025-10-03 19:30:00,2025-10-04 00:30:00,BUY,3873.84,3863.63,3904.46,3881.93,FLIP,7.89,S433 AI Gold Star 123 (Coppock),
2025-10-04 00:30:00,2025-10-06 05:30:00,SELL,3881.93,3897.55,3835.08,3900.56,FLIP,-18.83,S433 AI Gold Star 123 (Coppock),
2025-10-06 05:30:00,2025-10-06 11:00:00,BUY,3900.56,3889.75,3932.99,3932.99,TP,32.23,S433 AI Gold Star 123 (Coppock),
2025-10-06 12:30:00,2025-10-06 15:00:00,SELL,3932.67,3946.83,3890.2,3946.83,SL,-14.36,S433 AI Gold Star 123 (Coppock),
2025-10-06 21:00:00,2025-10-07 03:00:00,BUY,3948.18,3932.67,3994.71,3959.7,FLIP,11.32,S433 AI Gold Star 123 (Coppock),
2025-10-07 03:00:00,2025-10-07 05:00:00,SELL,3959.7,3974.12,3916.45,3973.15,FLIP,-13.65,S433 AI Gold Star 123 (Coppock),
2025-10-07 05:00:00,2025-10-07 05:30:00,BUY,3973.15,3959.71,4013.47,3963.38,FLIP,-9.97,S433 AI Gold Star 123 (Coppock),
2025-10-07 05:30:00,2025-10-07 07:00:00,SELL,3963.38,3977.06,3922.33,3974.0,FLIP,-10.82,S433 AI Gold Star 123 (Coppock),
2025-10-07 07:00:00,2025-10-07 07:30:00,BUY,3974.0,3963.09,4006.73,3962.72,FLIP,-11.48,S433 AI Gold Star 123 (Coppock),
2025-10-07 07:30:00,2025-10-07 11:00:00,SELL,3962.72,3974.86,3926.31,3973.57,FLIP,-11.05,S433 AI Gold Star 123 (Coppock),
2025-10-07 11:00:00,2025-10-07 12:00:00,BUY,3973.57,3960.33,4013.3,3963.56,FLIP,-10.21,S433 AI Gold Star 123 (Coppock),
2025-10-07 12:00:00,2025-10-07 17:30:00,SELL,3963.56,3976.78,3923.91,3960.09,FLIP,3.27,S433 AI Gold Star 123 (Coppock),
2025-10-07 17:30:00,2025-10-07 18:00:00,BUY,3960.09,3947.08,3999.12,3957.65,FLIP,-2.64,S433 AI Gold Star 123 (Coppock),
2025-10-07 18:00:00,2025-10-07 18:30:00,SELL,3957.65,3970.8,3918.21,3966.99,FLIP,-9.54,S433 AI Gold Star 123 (Coppock),
2025-10-07 18:30:00,2025-10-07 22:30:00,BUY,3966.99,3952.88,4009.32,3966.1,FLIP,-1.09,S433 AI Gold Star 123 (Coppock),
2025-10-07 22:30:00,2025-10-07 23:30:00,SELL,3966.1,3982.18,3917.86,3976.65,FLIP,-10.75,S433 AI Gold Star 123 (Coppock),
2025-10-07 23:30:00,2025-10-08 00:00:00,BUY,3976.65,3960.11,4026.28,3980.73,FLIP,3.88,S433 AI Gold Star 123 (Coppock),
2025-10-08 00:00:00,2025-10-08 05:00:00,SELL,3980.73,3997.6,3930.13,3990.54,FLIP,-10.01,S433 AI Gold Star 123 (Coppock),
2025-10-08 05:00:00,2025-10-08 06:00:00,BUY,3990.54,3977.5,4029.67,3988.94,FLIP,-1.8,S433 AI Gold Star 123 (Coppock),
2025-10-08 06:00:00,2025-10-08 06:30:00,SELL,3988.94,4000.51,3954.22,3994.34,FLIP,-5.6,S433 AI Gold Star 123 (Coppock),
2025-10-08 06:30:00,2025-10-08 11:30:00,BUY,3994.34,3984.48,4023.91,4023.91,TP,29.37,S433 AI Gold Star 123 (Coppock),
2025-10-08 15:00:00,2025-10-08 21:30:00,SELL,4038.17,4050.84,4000.16,4048.21,FLIP,-10.24,S433 AI Gold Star 123 (Coppock),
2025-10-08 21:30:00,2025-10-08 22:00:00,BUY,4048.21,4033.94,4091.02,4044.42,FLIP,-3.99,S433 AI Gold Star 123 (Coppock),
2025-10-08 22:00:00,2025-10-08 23:00:00,SELL,4044.42,4059.37,3999.58,4055.61,FLIP,-11.39,S433 AI Gold Star 123 (Coppock),
2025-10-08 23:00:00,2025-10-09 01:00:00,BUY,4055.61,4039.9,4102.74,4039.9,SL,-15.91,S433 AI Gold Star 123 (Coppock),
2025-10-09 02:00:00,2025-10-09 10:00:00,SELL,4044.86,4061.57,3994.72,4024.37,FLIP,20.29,S433 AI Gold Star 123 (Coppock),
2025-10-09 10:00:00,2025-10-09 16:30:00,BUY,4024.37,4003.01,4088.46,4037.44,FLIP,12.87,S433 AI Gold Star 123 (Coppock),
2025-10-09 16:30:00,2025-10-09 19:30:00,SELL,4037.44,4048.8,4003.37,4053.74,FLIP,-16.5,S433 AI Gold Star 123 (Coppock),
2025-10-09 19:30:00,2025-10-09 20:30:00,BUY,4053.74,4041.41,4090.72,4019.14,FLIP,-34.8,S433 AI Gold Star 123 (Coppock),
2025-10-09 20:30:00,2025-10-09 23:30:00,SELL,4019.14,4034.15,3974.12,3974.12,TP,44.82,S433 AI Gold Star 123 (Coppock),
2025-10-10 02:00:00,2025-10-10 02:30:00,BUY,3978.02,3946.68,4072.05,3972.98,FLIP,-5.24,S433 AI Gold Star 123 (Coppock),
2025-10-10 02:30:00,2025-10-10 03:30:00,SELL,3972.98,4003.95,3880.08,3976.35,FLIP,-3.57,S433 AI Gold Star 123 (Coppock),
2025-10-10 03:30:00,2025-10-10 10:00:00,BUY,3976.35,3949.39,4057.22,3970.32,FLIP,-6.23,S433 AI Gold Star 123 (Coppock),
2025-10-10 10:00:00,2025-10-10 15:00:00,SELL,3970.32,3986.82,3920.81,3986.69,FLIP,-16.57,S433 AI Gold Star 123 (Coppock),
2025-10-10 15:00:00,2025-10-10 19:30:00,BUY,3986.69,3966.89,4046.08,3985.66,FLIP,-1.23,S433 AI Gold Star 123 (Coppock),
2025-10-10 19:30:00,2025-10-10 22:00:00,SELL,3985.66,4002.83,3934.16,4016.91,FLIP,-31.45,S433 AI Gold Star 123 (Coppock),
2025-10-10 22:00:00,2025-10-10 22:30:00,BUY,4016.91,3996.53,4078.06,3997.93,FLIP,-19.18,S433 AI Gold Star 123 (Coppock),
2025-10-10 22:30:00,2025-10-11 01:00:00,SELL,3997.93,4020.35,3930.66,4004.01,FLIP,-6.28,S433 AI Gold Star 123 (Coppock),
2025-10-11 01:00:00,2025-10-13 09:00:00,BUY,4004.01,3977.1,4084.74,4046.24,FLIP,42.03,S433 AI Gold Star 123 (Coppock),
2025-10-13 09:00:00,2025-10-13 12:00:00,SELL,4046.24,4070.99,3972.0,4070.99,SL,-24.95,S433 AI Gold Star 123 (Coppock),
2025-10-13 15:00:00,2025-10-13 15:30:00,BUY,4073.45,4058.5,4118.31,4077.88,FLIP,4.23,S433 AI Gold Star 123 (Coppock),
2025-10-13 15:30:00,2025-10-13 20:00:00,SELL,4077.88,4092.47,4034.12,4091.2,FLIP,-13.52,S433 AI Gold Star 123 (Coppock),
2025-10-13 20:00:00,2025-10-13 21:00:00,BUY,4091.2,4077.39,4132.63,4094.71,FLIP,3.31,S433 AI Gold Star 123 (Coppock),
2025-10-13 21:00:00,2025-10-13 21:30:00,SELL,4094.71,4108.93,4052.05,4097.55,FLIP,-3.04,S433 AI Gold Star 123 (Coppock),
2025-10-13 21:30:00,2025-10-13 22:00:00,BUY,4097.55,4083.36,4140.13,4093.36,FLIP,-4.39,S433 AI Gold Star 123 (Coppock),
2025-10-13 22:00:00,2025-10-13 22:30:00,SELL,4093.36,4107.78,4050.11,4104.91,FLIP,-11.75,S433 AI Gold Star 123 (Coppock),
2025-10-13 22:30:00,2025-10-14 00:30:00,BUY,4104.91,4090.0,4149.63,4103.89,FLIP,-1.22,S433 AI Gold Star 123 (Coppock),
2025-10-14 00:30:00,2025-10-14 06:30:00,SELL,4103.89,4120.1,4055.25,4128.07,FLIP,-24.38,S433 AI Gold Star 123 (Coppock),
2025-10-14 06:30:00,2025-10-14 12:00:00,BUY,4128.07,4113.79,4170.9,4170.9,TP,42.63,S433 AI Gold Star 123 (Coppock),
2025-10-14 12:30:00,2025-10-14 18:00:00,SELL,4121.69,4145.83,4049.26,4132.14,FLIP,-10.65,S433 AI Gold Star 123 (Coppock),
2025-10-14 18:00:00,2025-10-14 19:00:00,BUY,4132.14,4099.33,4230.58,4118.7,FLIP,-13.64,S433 AI Gold Star 123 (Coppock),
2025-10-14 19:00:00,2025-10-14 19:30:00,SELL,4118.7,4151.14,4021.39,4106.7,FLIP,11.8,S433 AI Gold Star 123 (Coppock),
2025-10-14 19:30:00,2025-10-15 03:30:00,BUY,4106.7,4079.87,4187.2,4143.64,FLIP,36.74,S433 AI Gold Star 123 (Coppock),
2025-10-15 03:30:00,2025-10-15 05:00:00,SELL,4143.64,4161.23,4090.86,4161.23,SL,-17.79,S433 AI Gold Star 123 (Coppock),
2025-10-15 05:30:00,2025-10-15 06:30:00,BUY,4158.42,4140.03,4213.59,4161.6,FLIP,2.98,S433 AI Gold Star 123 (Coppock),
2025-10-15 06:30:00,2025-10-15 08:00:00,SELL,4161.6,4178.67,4110.38,4185.41,FLIP,-24.01,S433 AI Gold Star 123 (Coppock),
2025-10-15 08:00:00,2025-10-15 09:30:00,BUY,4185.41,4168.57,4235.94,4168.57,SL,-17.04,S433 AI Gold Star 123 (Coppock),
2025-10-15 11:00:00,2025-10-15 12:00:00,SELL,4176.4,4194.71,4121.46,4192.69,FLIP,-16.49,S433 AI Gold Star 123 (Coppock),
2025-10-15 12:00:00,2025-10-15 12:30:00,BUY,4192.69,4174.86,4246.19,4185.96,FLIP,-6.93,S433 AI Gold Star 123 (Coppock),
2025-10-15 12:30:00,2025-10-15 14:30:00,SELL,4185.96,4203.54,4133.23,4207.72,FLIP,-21.96,S433 AI Gold Star 123 (Coppock),
2025-10-15 14:30:00,2025-10-15 15:00:00,BUY,4207.72,4190.62,4259.01,4210.81,FLIP,2.89,S433 AI Gold Star 123 (Coppock),
2025-10-15 15:00:00,2025-10-15 23:00:00,SELL,4210.81,4226.45,4163.88,4197.17,FLIP,13.44,S433 AI Gold Star 123 (Coppock),
2025-10-15 23:00:00,2025-10-16 00:00:00,BUY,4197.17,4175.52,4262.11,4188.59,FLIP,-8.78,S433 AI Gold Star 123 (Coppock),
2025-10-16 00:00:00,2025-10-16 00:30:00,SELL,4188.59,4210.7,4122.27,4197.71,FLIP,-9.32,S433 AI Gold Star 123 (Coppock),
2025-10-16 00:30:00,2025-10-16 07:30:00,BUY,4197.71,4175.7,4263.75,4210.57,FLIP,12.66,S433 AI Gold Star 123 (Coppock),
2025-10-16 07:30:00,2025-10-16 08:00:00,SELL,4210.57,4225.91,4164.56,4224.65,FLIP,-14.28,S433 AI Gold Star 123 (Coppock),
2025-10-16 08:00:00,2025-10-16 10:30:00,BUY,4224.65,4209.3,4270.71,4233.87,FLIP,9.02,S433 AI Gold Star 123 (Coppock),
2025-10-16 10:30:00,2025-10-16 11:00:00,SELL,4233.87,4249.08,4188.25,4238.17,FLIP,-4.5,S433 AI Gold Star 123 (Coppock),
2025-10-16 11:00:00,2025-10-16 11:30:00,BUY,4238.17,4222.75,4284.42,4233.33,FLIP,-5.04,S433 AI Gold Star 123 (Coppock),
2025-10-16 11:30:00,2025-10-16 17:00:00,SELL,4233.33,4249.49,4184.84,4237.78,FLIP,-4.65,S433 AI Gold Star 123 (Coppock),
2025-10-16 17:00:00,2025-10-16 23:00:00,BUY,4237.78,4219.99,4291.15,4291.15,TP,53.17,S433 AI Gold Star 123 (Coppock),
2025-10-17 07:00:00,2025-10-17 07:30:00,SELL,4357.87,4388.91,4264.76,4358.58,FLIP,-0.91,S433 AI Gold Star 123 (Coppock),
2025-10-17 07:30:00,2025-10-17 08:00:00,BUY,4358.58,4328.86,4447.75,4333.85,FLIP,-24.93,S433 AI Gold Star 123 (Coppock),
2025-10-17 08:00:00,2025-10-17 10:30:00,SELL,4333.85,4366.06,4237.23,4366.06,SL,-32.41,S433 AI Gold Star 123 (Coppock),
2025-10-17 15:30:00,2025-10-17 16:00:00,BUY,4347.78,4314.71,4446.98,4335.2,FLIP,-12.78,S433 AI Gold Star 123 (Coppock),
2025-10-17 16:00:00,2025-10-17 21:00:00,SELL,4335.2,4367.53,4238.21,4238.21,TP,96.79,S433 AI Gold Star 123 (Coppock),
2025-10-18 01:00:00,2025-10-20 09:30:00,BUY,4244.52,4196.04,4389.97,4255.67,FLIP,10.95,S433 AI Gold Star 123 (Coppock),
2025-10-20 09:30:00,2025-10-20 14:00:00,SELL,4255.67,4284.72,4168.52,4253.84,FLIP,1.63,S433 AI Gold Star 123 (Coppock),
2025-10-20 14:00:00,2025-10-20 14:30:00,BUY,4253.84,4227.29,4333.48,4255.13,FLIP,1.09,S433 AI Gold Star 123 (Coppock),
2025-10-20 14:30:00,2025-10-20 16:30:00,SELL,4255.13,4279.48,4182.09,4260.77,FLIP,-5.84,S433 AI Gold Star 123 (Coppock),
2025-10-20 16:30:00,2025-10-20 17:00:00,BUY,4260.77,4239.59,4324.32,4255.92,FLIP,-5.05,S433 AI Gold Star 123 (Coppock),
2025-10-20 17:00:00,2025-10-20 18:00:00,SELL,4255.92,4277.62,4190.83,4262.77,FLIP,-7.05,S433 AI Gold Star 123 (Coppock),
2025-10-20 18:00:00,2025-10-20 21:00:00,BUY,4262.77,4241.28,4327.25,4327.25,TP,64.28,S433 AI Gold Star 123 (Coppock),
2025-10-21 00:00:00,2025-10-21 02:30:00,SELL,4342.01,4368.81,4261.6,4368.81,SL,-27.0,S433 AI Gold Star 123 (Coppock),
2025-10-21 13:30:00,2025-10-21 14:00:00,BUY,4343.21,4322.91,4404.11,4324.79,FLIP,-18.62,S433 AI Gold Star 123 (Coppock),
2025-10-21 14:00:00,2025-10-21 15:00:00,SELL,4324.79,4345.8,4261.77,4261.77,TP,62.82,S433 AI Gold Star 123 (Coppock),
2025-10-22 00:30:00,2025-10-22 07:00:00,BUY,4111.25,4061.56,4260.33,4048.88,FLIP,-62.57,S433 AI Gold Star 123 (Coppock),
2025-10-22 07:00:00,2025-10-22 07:30:00,SELL,4048.88,4084.21,3942.9,4074.95,FLIP,-26.27,S433 AI Gold Star 123 (Coppock),
2025-10-22 07:30:00,2025-10-22 15:00:00,BUY,4074.95,4036.94,4188.97,4103.26,FLIP,28.11,S433 AI Gold Star 123 (Coppock),
2025-10-22 15:00:00,2025-10-22 20:30:00,SELL,4103.26,4140.18,3992.5,4075.96,FLIP,27.1,S433 AI Gold Star 123 (Coppock),
2025-10-22 20:30:00,2025-10-22 21:30:00,BUY,4075.96,4024.58,4230.1,4015.35,FLIP,-60.81,S433 AI Gold Star 123 (Coppock),
2025-10-22 21:30:00,2025-10-22 22:00:00,SELL,4015.35,4070.39,3850.23,4029.84,FLIP,-14.69,S433 AI Gold Star 123 (Coppock),
2025-10-22 22:00:00,2025-10-23 06:00:00,BUY,4029.84,3979.76,4180.08,4086.25,FLIP,56.21,S433 AI Gold Star 123 (Coppock),
2025-10-23 06:00:00,2025-10-23 12:30:00,SELL,4086.25,4113.99,4003.04,4110.25,FLIP,-24.2,S433 AI Gold Star 123 (Coppock),
2025-10-23 12:30:00,2025-10-23 17:00:00,BUY,4110.25,4086.31,4182.07,4110.11,FLIP,-0.34,S433 AI Gold Star 123 (Coppock),
2025-10-23 17:00:00,2025-10-23 20:00:00,SELL,4110.11,4133.16,4040.96,4146.88,FLIP,-36.97,S433 AI Gold Star 123 (Coppock),
2025-10-23 20:00:00,2025-10-23 23:30:00,BUY,4146.88,4122.47,4220.12,4132.93,FLIP,-14.15,S433 AI Gold Star 123 (Coppock),
2025-10-23 23:30:00,2025-10-24 00:30:00,SELL,4132.93,4156.91,4061.0,4137.71,FLIP,-4.98,S433 AI Gold Star 123 (Coppock),
2025-10-24 00:30:00,2025-10-24 01:00:00,BUY,4137.71,4114.61,4207.0,4142.6,FLIP,4.69,S433 AI Gold Star 123 (Coppock),
2025-10-24 01:00:00,2025-10-24 07:00:00,SELL,4142.6,4165.4,4074.21,4132.87,FLIP,9.53,S433 AI Gold Star 123 (Coppock),
2025-10-24 07:00:00,2025-10-24 08:30:00,BUY,4132.87,4113.43,4191.19,4113.43,SL,-19.64,S433 AI Gold Star 123 (Coppock),
2025-10-24 09:00:00,2025-10-24 09:30:00,SELL,4111.92,4131.84,4052.16,4109.53,FLIP,2.19,S433 AI Gold Star 123 (Coppock),
2025-10-24 09:30:00,2025-10-24 12:00:00,BUY,4109.53,4089.75,4168.86,4112.54,FLIP,2.81,S433 AI Gold Star 123 (Coppock),
2025-10-24 12:00:00,2025-10-24 15:00:00,SELL,4112.54,4131.42,4055.9,4055.9,TP,56.44,S433 AI Gold Star 123 (Coppock),
2025-10-24 18:30:00,2025-10-24 21:00:00,BUY,4061.29,4038.28,4130.31,4130.31,TP,68.82,S433 AI Gold Star 123 (Coppock),
2025-10-25 01:00:00,2025-10-27 07:00:00,SELL,4106.06,4134.53,4020.64,4093.44,FLIP,12.42,S433 AI Gold Star 123 (Coppock),
2025-10-27 07:00:00,2025-10-27 09:00:00,BUY,4093.44,4068.52,4168.19,4068.52,SL,-25.12,S433 AI Gold Star 123 (Coppock),
2025-10-27 14:00:00,2025-10-27 18:30:00,SELL,4058.53,4076.07,4005.92,4045.65,FLIP,12.68,S433 AI Gold Star 123 (Coppock),
2025-10-27 18:30:00,2025-10-27 19:00:00,BUY,4045.65,4021.61,4117.77,4033.62,FLIP,-12.23,S433 AI Gold Star 123 (Coppock),
2025-10-27 19:00:00,2025-10-27 22:30:00,SELL,4033.62,4058.88,3957.84,3999.28,FLIP,34.14,S433 AI Gold Star 123 (Coppock),
2025-10-27 22:30:00,2025-10-28 08:30:00,BUY,3999.28,3971.66,4082.13,3983.99,FLIP,-15.49,S433 AI Gold Star 123 (Coppock),
2025-10-28 08:30:00,2025-10-28 09:00:00,SELL,3983.99,4007.05,3914.81,3990.41,FLIP,-6.62,S433 AI Gold Star 123 (Coppock),
2025-10-28 09:00:00,2025-10-28 10:00:00,BUY,3990.41,3967.95,4057.8,3971.41,FLIP,-19.2,S433 AI Gold Star 123 (Coppock),
2025-10-28 10:00:00,2025-10-28 14:30:00,SELL,3971.41,3995.93,3897.84,3897.84,TP,73.37,S433 AI Gold Star 123 (Coppock),
2025-10-28 16:30:00,2025-10-29 00:30:00,BUY,3926.48,3899.21,4008.3,3956.44,FLIP,29.76,S433 AI Gold Star 123 (Coppock),
2025-10-29 00:30:00,2025-10-29 06:30:00,SELL,3956.44,3978.49,3890.28,3975.41,FLIP,-19.17,S433 AI Gold Star 123 (Coppock),
2025-10-29 06:30:00,2025-10-29 08:30:00,BUY,3975.41,3953.07,4042.42,3953.07,SL,-22.54,S433 AI Gold Star 123 (Coppock),
2025-10-29 10:30:00,2025-10-29 11:30:00,SELL,3951.98,3975.36,3881.85,3962.48,FLIP,-10.7,S433 AI Gold Star 123 (Coppock),
2025-10-29 11:30:00,2025-10-29 12:00:00,BUY,3962.48,3941.97,4024.0,3970.63,FLIP,7.95,S433 AI Gold Star 123 (Coppock),
2025-10-29 12:00:00,2025-10-29 12:30:00,SELL,3970.63,3990.51,3911.0,3978.45,FLIP,-8.02,S433 AI Gold Star 123 (Coppock),
2025-10-29 12:30:00,2025-10-29 18:30:00,BUY,3978.45,3959.23,4036.1,4025.63,FLIP,46.98,S433 AI Gold Star 123 (Coppock),
2025-10-29 18:30:00,2025-10-30 00:30:00,SELL,4025.63,4043.68,3971.48,3971.48,TP,53.95,S433 AI Gold Star 123 (Coppock),
2025-10-30 05:00:00,2025-10-30 09:00:00,BUY,3950.4,3919.41,4043.37,3919.41,SL,-31.19,S433 AI Gold Star 123 (Coppock),
2025-10-30 17:00:00,2025-10-30 19:30:00,SELL,3966.27,3995.14,3879.67,3995.14,SL,-29.07,S433 AI Gold Star 123 (Coppock),
2025-10-30 20:00:00,2025-10-30 20:30:00,BUY,3998.16,3970.86,4080.05,3996.43,FLIP,-1.93,S433 AI Gold Star 123 (Coppock),
2025-10-30 20:30:00,2025-10-30 21:30:00,SELL,3996.43,4023.9,3914.03,4001.92,FLIP,-5.69,S433 AI Gold Star 123 (Coppock),
2025-10-30 21:30:00,2025-10-30 22:00:00,BUY,4001.92,3974.07,4085.46,3995.48,FLIP,-6.64,S433 AI Gold Star 123 (Coppock),
2025-10-30 22:00:00,2025-10-30 22:30:00,SELL,3995.48,4020.85,3919.36,4001.41,FLIP,-6.13,S433 AI Gold Star 123 (Coppock),
2025-10-30 22:30:00,2025-10-31 02:30:00,BUY,4001.41,3976.44,4076.31,4024.59,FLIP,22.98,S433 AI Gold Star 123 (Coppock),
2025-10-31 02:30:00,2025-10-31 04:30:00,SELL,4024.59,4042.74,3970.15,4037.92,FLIP,-13.53,S433 AI Gold Star 123 (Coppock),
2025-10-31 04:30:00,2025-10-31 05:00:00,BUY,4037.92,4020.19,4091.11,4028.15,FLIP,-9.97,S433 AI Gold Star 123 (Coppock),
2025-10-31 05:00:00,2025-10-31 13:00:00,SELL,4028.15,4046.34,3973.57,4023.22,FLIP,4.73,S433 AI Gold Star 123 (Coppock),
2025-10-31 13:00:00,2025-10-31 15:00:00,BUY,4023.22,4002.85,4084.34,4002.85,SL,-20.57,S433 AI Gold Star 123 (Coppock),
2025-10-31 19:30:00,2025-10-31 20:30:00,SELL,4016.55,4036.53,3956.6,4020.63,FLIP,-4.28,S433 AI Gold Star 123 (Coppock),
2025-10-31 20:30:00,2025-10-31 21:00:00,BUY,4020.63,4001.24,4078.79,4017.96,FLIP,-2.87,S433 AI Gold Star 123 (Coppock),
2025-10-31 21:00:00,2025-11-01 00:00:00,SELL,4017.96,4037.66,3958.87,4008.66,FLIP,9.1,S433 AI Gold Star 123 (Coppock),
2025-11-01 00:00:00,2025-11-01 00:30:00,BUY,4008.66,3984.52,4081.07,4000.0,FLIP,-8.86,S433 AI Gold Star 123 (Coppock),
2025-11-01 00:30:00,2025-11-01 02:30:00,SELL,4000.0,4024.18,3927.47,4003.83,FLIP,-4.03,S433 AI Gold Star 123 (Coppock),
2025-11-01 02:30:00,2025-11-03 05:00:00,BUY,4003.83,3983.49,4064.84,3994.78,FLIP,-9.25,S433 AI Gold Star 123 (Coppock),
2025-11-03 05:00:00,2025-11-03 07:00:00,SELL,3994.78,4015.47,3932.7,3997.91,FLIP,-3.33,S433 AI Gold Star 123 (Coppock),
2025-11-03 07:00:00,2025-11-03 14:00:00,BUY,3997.91,3975.59,4064.87,4014.32,FLIP,16.21,S433 AI Gold Star 123 (Coppock),
2025-11-03 14:00:00,2025-11-03 19:30:00,SELL,4014.32,4030.23,3966.6,4016.01,FLIP,-1.89,S433 AI Gold Star 123 (Coppock),
2025-11-03 19:30:00,2025-11-03 20:00:00,BUY,4016.01,3999.9,4064.35,4010.34,FLIP,-5.87,S433 AI Gold Star 123 (Coppock),
2025-11-03 20:00:00,2025-11-03 20:30:00,SELL,4010.34,4026.61,3961.53,4022.92,FLIP,-12.78,S433 AI Gold Star 123 (Coppock),
2025-11-03 20:30:00,2025-11-03 21:30:00,BUY,4022.92,4005.11,4076.36,4005.11,SL,-18.01,S433 AI Gold Star 123 (Coppock),
2025-11-03 22:00:00,2025-11-03 22:30:00,SELL,3998.03,4017.33,3940.14,4008.35,FLIP,-10.52,S433 AI Gold Star 123 (Coppock),
2025-11-03 22:30:00,2025-11-04 00:00:00,BUY,4008.35,3989.16,4065.91,4001.37,FLIP,-7.18,S433 AI Gold Star 123 (Coppock),
2025-11-04 00:00:00,2025-11-04 09:00:00,SELL,4001.37,4019.41,3947.24,3992.93,FLIP,8.24,S433 AI Gold Star 123 (Coppock),
2025-11-04 09:00:00,2025-11-04 10:30:00,BUY,3992.93,3976.97,4040.8,3985.56,FLIP,-7.57,S433 AI Gold Star 123 (Coppock),
2025-11-04 10:30:00,2025-11-04 12:00:00,SELL,3985.56,4001.68,3937.2,3975.58,FLIP,9.78,S433 AI Gold Star 123 (Coppock),
2025-11-04 12:00:00,2025-11-04 18:00:00,BUY,3975.58,3960.28,4021.48,3990.16,FLIP,14.38,S433 AI Gold Star 123 (Coppock),
2025-11-04 18:00:00,2025-11-04 20:30:00,SELL,3990.16,4003.6,3949.85,3949.85,TP,40.11,S433 AI Gold Star 123 (Coppock),
2025-11-05 01:30:00,2025-11-05 15:00:00,BUY,3937.41,3913.26,4009.85,3965.08,FLIP,27.47,S433 AI Gold Star 123 (Coppock),
2025-11-05 15:00:00,2025-11-05 20:00:00,SELL,3965.08,3980.8,3917.92,3983.81,FLIP,-18.93,S433 AI Gold Star 123 (Coppock),
2025-11-05 20:00:00,2025-11-05 21:00:00,BUY,3983.81,3967.59,4032.48,3967.59,SL,-16.42,S433 AI Gold Star 123 (Coppock),
2025-11-06 00:30:00,2025-11-06 08:30:00,SELL,3982.45,3996.81,3939.36,3983.36,FLIP,-1.11,S433 AI Gold Star 123 (Coppock),
2025-11-06 08:30:00,2025-11-06 14:00:00,BUY,3983.36,3972.9,4014.73,4014.73,TP,31.17,S433 AI Gold Star 123 (Coppock),
2025-11-06 16:00:00,2025-11-06 17:30:00,SELL,4006.01,4016.13,3975.64,4018.1,FLIP,-12.29,S433 AI Gold Star 123 (Coppock),
2025-11-06 17:30:00,2025-11-06 18:00:00,BUY,4018.1,4007.32,4050.43,4011.56,FLIP,-6.74,S433 AI Gold Star 123 (Coppock),
2025-11-06 18:00:00,2025-11-06 21:30:00,SELL,4011.56,4022.74,3978.02,3978.02,TP,33.34,S433 AI Gold Star 123 (Coppock),
2025-11-07 01:00:00,2025-11-07 09:00:00,BUY,3992.39,3973.62,4048.7,3992.63,FLIP,0.04,S433 AI Gold Star 123 (Coppock),
2025-11-07 09:00:00,2025-11-07 10:00:00,SELL,3992.63,4004.25,3957.76,3996.36,FLIP,-3.93,S433 AI Gold Star 123 (Coppock),
2025-11-07 10:00:00,2025-11-07 11:00:00,BUY,3996.36,3984.35,4032.38,3994.28,FLIP,-2.28,S433 AI Gold Star 123 (Coppock),
2025-11-07 11:00:00,2025-11-07 12:00:00,SELL,3994.28,4006.25,3958.36,3998.36,FLIP,-4.28,S433 AI Gold Star 123 (Coppock),
2025-11-07 12:00:00,2025-11-07 13:00:00,BUY,3998.36,3986.4,4034.23,4003.7,FLIP,5.14,S433 AI Gold Star 123 (Coppock),
2025-11-07 13:00:00,2025-11-07 13:30:00,SELL,4003.7,4015.94,3966.97,4007.69,FLIP,-4.19,S433 AI Gold Star 123 (Coppock),
2025-11-07 13:30:00,2025-11-07 14:00:00,BUY,4007.69,3995.59,4043.99,4005.72,FLIP,-2.17,S433 AI Gold Star 123 (Coppock),
2025-11-07 14:00:00,2025-11-07 14:30:00,SELL,4005.72,4016.94,3972.06,4009.69,FLIP,-4.17,S433 AI Gold Star 123 (Coppock),
2025-11-07 14:30:00,2025-11-07 15:30:00,BUY,4009.69,3998.6,4042.96,4006.64,FLIP,-3.25,S433 AI Gold Star 123 (Coppock),
2025-11-07 15:30:00,2025-11-07 16:30:00,SELL,4006.64,4017.41,3974.32,4007.88,FLIP,-1.44,S433 AI Gold Star 123 (Coppock),
2025-11-07 16:30:00,2025-11-07 17:00:00,BUY,4007.88,3997.3,4039.61,3999.11,FLIP,-8.97,S433 AI Gold Star 123 (Coppock),
2025-11-07 17:00:00,2025-11-07 22:00:00,SELL,3999.11,4009.81,3967.0,4007.9,FLIP,-8.99,S433 AI Gold Star 123 (Coppock),
2025-11-07 22:00:00,2025-11-08 03:30:00,BUY,4007.9,3991.84,4056.07,4001.41,FLIP,-6.69,S433 AI Gold Star 123 (Coppock),
2025-11-08 03:30:00,2025-11-10 05:00:00,SELL,4001.41,4017.4,3953.44,4008.66,FLIP,-7.45,S433 AI Gold Star 123 (Coppock),
2025-11-10 05:00:00,2025-11-10 10:00:00,BUY,4008.66,3992.78,4056.31,4056.31,TP,47.45,S433 AI Gold Star 123 (Coppock),
2025-11-10 12:30:00,2025-11-10 18:00:00,SELL,4075.16,4090.66,4028.66,4090.66,SL,-15.7,S433 AI Gold Star 123 (Coppock),
2025-11-10 19:00:00,2025-11-10 19:30:00,BUY,4102.06,4090.16,4137.76,4091.95,FLIP,-10.31,S433 AI Gold Star 123 (Coppock),
2025-11-10 19:30:00,2025-11-10 22:30:00,SELL,4091.95,4104.33,4054.8,4094.98,FLIP,-3.23,S433 AI Gold Star 123 (Coppock),
2025-11-10 22:30:00,2025-11-10 23:00:00,BUY,4094.98,4080.8,4137.53,4096.9,FLIP,1.72,S433 AI Gold Star 123 (Coppock),
2025-11-10 23:00:00,2025-11-10 23:30:00,SELL,4096.9,4110.96,4054.72,4102.59,FLIP,-5.89,S433 AI Gold Star 123 (Coppock),
2025-11-10 23:30:00,2025-11-11 08:00:00,BUY,4102.59,4088.37,4145.24,4134.26,FLIP,31.47,S433 AI Gold Star 123 (Coppock),
2025-11-11 08:00:00,2025-11-11 08:30:00,SELL,4134.26,4145.21,4101.42,4138.07,FLIP,-4.01,S433 AI Gold Star 123 (Coppock),
2025-11-11 08:30:00,2025-11-11 10:30:00,BUY,4138.07,4127.13,4170.89,4143.08,FLIP,4.81,S433 AI Gold Star 123 (Coppock),
2025-11-11 10:30:00,2025-11-11 17:00:00,SELL,4143.08,4153.92,4110.56,4141.21,FLIP,1.67,S433 AI Gold Star 123 (Coppock),
2025-11-11 17:00:00,2025-11-11 20:00:00,BUY,4141.21,4129.21,4177.2,4130.31,FLIP,-11.1,S433 AI Gold Star 123 (Coppock),
2025-11-11 20:00:00,2025-11-12 01:00:00,SELL,4130.31,4142.12,4094.89,4117.56,FLIP,12.55,S433 AI Gold Star 123 (Coppock),
2025-11-12 01:00:00,2025-11-12 08:00:00,BUY,4117.56,4101.08,4166.99,4131.65,FLIP,13.89,S433 AI Gold Star 123 (Coppock),
2025-11-12 08:00:00,2025-11-12 13:00:00,SELL,4131.65,4143.32,4096.63,4123.94,FLIP,7.51,S433 AI Gold Star 123 (Coppock),
2025-11-12 13:00:00,2025-11-12 19:30:00,BUY,4123.94,4110.25,4165.01,4127.16,FLIP,3.02,S433 AI Gold Star 123 (Coppock),
2025-11-12 19:30:00,2025-11-12 20:30:00,SELL,4127.16,4141.65,4083.7,4136.59,FLIP,-9.63,S433 AI Gold Star 123 (Coppock),
2025-11-12 20:30:00,2025-11-12 21:30:00,BUY,4136.59,4121.48,4181.91,4181.91,TP,45.12,S433 AI Gold Star 123 (Coppock),
2025-11-13 02:00:00,2025-11-13 09:00:00,SELL,4195.53,4216.1,4133.81,4200.74,FLIP,-5.41,S433 AI Gold Star 123 (Coppock),
2025-11-13 09:00:00,2025-11-13 16:30:00,BUY,4200.74,4183.14,4253.55,4225.51,FLIP,24.57,S433 AI Gold Star 123 (Coppock),
2025-11-13 16:30:00,2025-11-13 18:30:00,SELL,4225.51,4240.82,4179.57,4242.64,FLIP,-17.33,S433 AI Gold Star 123 (Coppock),
2025-11-13 18:30:00,2025-11-13 19:00:00,BUY,4242.64,4226.96,4289.67,4235.46,FLIP,-7.38,S433 AI Gold Star 123 (Coppock),
2025-11-13 19:00:00,2025-11-13 20:30:00,SELL,4235.46,4252.13,4185.46,4185.46,TP,49.8,S433 AI Gold Star 123 (Coppock),
2025-11-14 03:00:00,2025-11-14 11:00:00,BUY,4174.23,4148.13,4252.52,4188.32,FLIP,13.89,S433 AI Gold Star 123 (Coppock),
2025-11-14 11:00:00,2025-11-14 17:30:00,SELL,4188.32,4205.95,4135.44,4135.44,TP,52.68,S433 AI Gold Star 123 (Coppock),
2025-11-14 21:30:00,2025-11-17 06:00:00,BUY,4093.58,4057.74,4201.1,4086.33,FLIP,-7.45,S433 AI Gold Star 123 (Coppock),
2025-11-17 06:00:00,2025-11-17 09:30:00,SELL,4086.33,4107.55,4022.66,4082.95,FLIP,3.18,S433 AI Gold Star 123 (Coppock),
2025-11-17 09:30:00,2025-11-17 10:30:00,BUY,4082.95,4063.21,4142.16,4078.58,FLIP,-4.57,S433 AI Gold Star 123 (Coppock),
2025-11-17 10:30:00,2025-11-17 13:00:00,SELL,4078.58,4097.02,4023.25,4078.88,FLIP,-0.5,S433 AI Gold Star 123 (Coppock),
2025-11-17 13:00:00,2025-11-17 19:30:00,BUY,4078.88,4060.96,4132.64,4065.32,FLIP,-13.76,S433 AI Gold Star 123 (Coppock),
2025-11-17 19:30:00,2025-11-17 23:00:00,SELL,4065.32,4085.63,4004.4,4077.48,FLIP,-12.36,S433 AI Gold Star 123 (Coppock),
2025-11-17 23:00:00,2025-11-18 00:30:00,BUY,4077.48,4055.97,4142.02,4062.63,FLIP,-15.05,S433 AI Gold Star 123 (Coppock),
2025-11-18 00:30:00,2025-11-18 07:00:00,SELL,4062.63,4081.65,4005.57,4040.3,FLIP,22.13,S433 AI Gold Star 123 (Coppock),
2025-11-18 07:00:00,2025-11-18 07:30:00,BUY,4040.3,4018.4,4106.01,4025.01,FLIP,-15.49,S433 AI Gold Star 123 (Coppock),
2025-11-18 07:30:00,2025-11-18 08:00:00,SELL,4025.01,4047.91,3956.31,4030.68,FLIP,-5.87,S433 AI Gold Star 123 (Coppock),
2025-11-18 08:00:00,2025-11-18 09:00:00,BUY,4030.68,4007.07,4101.52,4012.89,FLIP,-17.99,S433 AI Gold Star 123 (Coppock),
2025-11-18 09:00:00,2025-11-18 09:30:00,SELL,4012.89,4037.53,3938.97,4013.29,FLIP,-0.6,S433 AI Gold Star 123 (Coppock),
2025-11-18 09:30:00,2025-11-18 10:30:00,BUY,4013.29,3992.13,4076.78,4010.37,FLIP,-3.12,S433 AI Gold Star 123 (Coppock),
2025-11-18 10:30:00,2025-11-18 11:00:00,SELL,4010.37,4029.74,3952.27,4016.89,FLIP,-6.72,S433 AI Gold Star 123 (Coppock),
2025-11-18 11:00:00,2025-11-18 12:00:00,BUY,4016.89,3996.8,4077.17,4014.18,FLIP,-2.91,S433 AI Gold Star 123 (Coppock),
2025-11-18 12:00:00,2025-11-18 13:30:00,SELL,4014.18,4035.18,3951.17,4013.7,FLIP,0.28,S433 AI Gold Star 123 (Coppock),
2025-11-18 13:30:00,2025-11-18 20:00:00,BUY,4013.7,3993.77,4073.48,4073.48,TP,59.58,S433 AI Gold Star 123 (Coppock),
2025-11-18 21:00:00,2025-11-18 23:30:00,SELL,4064.84,4087.34,3997.33,4071.45,FLIP,-6.81,S433 AI Gold Star 123 (Coppock),
2025-11-18 23:30:00,2025-11-19 00:00:00,BUY,4071.45,4046.99,4144.82,4065.86,FLIP,-5.79,S433 AI Gold Star 123 (Coppock),
2025-11-19 00:00:00,2025-11-19 01:30:00,SELL,4065.86,4090.86,3990.86,4081.15,FLIP,-15.49,S433 AI Gold Star 123 (Coppock),
2025-11-19 01:30:00,2025-11-19 02:00:00,BUY,4081.15,4057.18,4153.06,4072.26,FLIP,-9.09,S433 AI Gold Star 123 (Coppock),
2025-11-19 02:00:00,2025-11-19 05:30:00,SELL,4072.26,4095.32,4003.09,4076.79,FLIP,-4.73,S433 AI Gold Star 123 (Coppock),
2025-11-19 05:30:00,2025-11-19 06:00:00,BUY,4076.79,4060.98,4124.23,4074.71,FLIP,-2.28,S433 AI Gold Star 123 (Coppock),
2025-11-19 06:00:00,2025-11-19 08:30:00,SELL,4074.71,4088.64,4032.93,4075.66,FLIP,-1.15,S433 AI Gold Star 123 (Coppock),
2025-11-19 08:30:00,2025-11-19 09:00:00,BUY,4075.66,4061.81,4117.21,4071.87,FLIP,-3.99,S433 AI Gold Star 123 (Coppock),
2025-11-19 09:00:00,2025-11-19 10:00:00,SELL,4071.87,4085.81,4030.06,4074.27,FLIP,-2.6,S433 AI Gold Star 123 (Coppock),
2025-11-19 10:00:00,2025-11-19 15:30:00,BUY,4074.27,4060.33,4116.1,4116.1,TP,41.63,S433 AI Gold Star 123 (Coppock),
2025-11-19 18:30:00,2025-11-19 20:30:00,SELL,4114.63,4129.96,4068.64,4127.85,FLIP,-13.42,S433 AI Gold Star 123 (Coppock),
2025-11-19 20:30:00,2025-11-19 21:00:00,BUY,4127.85,4109.15,4183.95,4116.41,FLIP,-11.64,S433 AI Gold Star 123 (Coppock),
2025-11-19 21:00:00,2025-11-19 23:00:00,SELL,4116.41,4135.81,4058.21,4058.21,TP,58.0,S433 AI Gold Star 123 (Coppock),
2025-11-20 03:00:00,2025-11-20 08:00:00,BUY,4076.73,4051.88,4151.29,4055.03,FLIP,-21.9,S433 AI Gold Star 123 (Coppock),
2025-11-20 08:00:00,2025-11-20 09:00:00,SELL,4055.03,4077.24,3988.4,4076.15,FLIP,-21.32,S433 AI Gold Star 123 (Coppock),
2025-11-20 09:00:00,2025-11-20 09:30:00,BUY,4076.15,4053.69,4143.54,4072.34,FLIP,-4.01,S433 AI Gold Star 123 (Coppock),
2025-11-20 09:30:00,2025-11-20 14:30:00,SELL,4072.34,4095.17,4003.86,4063.49,FLIP,8.65,S433 AI Gold Star 123 (Coppock),
2025-11-20 14:30:00,2025-11-20 21:30:00,BUY,4063.49,4038.37,4138.86,4070.38,FLIP,6.69,S433 AI Gold Star 123 (Coppock),
2025-11-20 21:30:00,2025-11-21 01:00:00,SELL,4070.38,4095.2,3995.91,4084.28,FLIP,-14.1,S433 AI Gold Star 123 (Coppock),
2025-11-21 01:00:00,2025-11-21 01:30:00,BUY,4084.28,4054.58,4173.37,4084.58,FLIP,0.1,S433 AI Gold Star 123 (Coppock),
2025-11-21 01:30:00,2025-11-21 03:00:00,SELL,4084.58,4114.15,3995.86,4079.03,FLIP,5.35,S433 AI Gold Star 123 (Coppock),
2025-11-21 03:00:00,2025-11-21 07:00:00,BUY,4079.03,4053.15,4156.67,4061.87,FLIP,-17.36,S433 AI Gold Star 123 (Coppock),
2025-11-21 07:00:00,2025-11-21 08:30:00,SELL,4061.87,4079.78,4008.15,4079.78,SL,-18.11,S433 AI Gold Star 123 (Coppock),
2025-11-21 14:00:00,2025-11-22 00:00:00,BUY,4042.7,4020.46,4109.42,4079.94,FLIP,37.04,S433 AI Gold Star 123 (Coppock),
2025-11-22 00:00:00,2025-11-24 10:00:00,SELL,4079.94,4103.48,4009.32,4051.1,FLIP,28.64,S433 AI Gold Star 123 (Coppock),
2025-11-24 10:00:00,2025-11-24 10:30:00,BUY,4051.1,4033.56,4103.72,4044.13,FLIP,-7.17,S433 AI Gold Star 123 (Coppock),
2025-11-24 10:30:00,2025-11-24 11:00:00,SELL,4044.13,4061.16,3993.04,4047.09,FLIP,-3.16,S433 AI Gold Star 123 (Coppock),
2025-11-24 11:00:00,2025-11-24 19:30:00,BUY,4047.09,4030.76,4096.07,4077.77,FLIP,30.48,S433 AI Gold Star 123 (Coppock),
2025-11-24 19:30:00,2025-11-24 21:00:00,SELL,4077.77,4091.09,4037.82,4091.09,SL,-13.52,S433 AI Gold Star 123 (Coppock),
2025-11-24 21:30:00,2025-11-25 00:00:00,BUY,4091.71,4077.19,4135.28,4095.69,FLIP,3.78,S433 AI Gold Star 123 (Coppock),
2025-11-25 00:00:00,2025-11-25 00:30:00,SELL,4095.69,4109.88,4053.11,4120.46,FLIP,-24.97,S433 AI Gold Star 123 (Coppock),
2025-11-25 00:30:00,2025-11-25 05:00:00,BUY,4120.46,4103.54,4171.22,4131.09,FLIP,10.43,S433 AI Gold Star 123 (Coppock),
2025-11-25 05:00:00,2025-11-25 05:30:00,SELL,4131.09,4145.41,4088.12,4143.74,FLIP,-12.85,S433 AI Gold Star 123 (Coppock),
2025-11-25 05:30:00,2025-11-25 06:00:00,BUY,4143.74,4128.47,4189.56,4135.52,FLIP,-8.42,S433 AI Gold Star 123 (Coppock),
2025-11-25 06:00:00,2025-11-25 08:30:00,SELL,4135.52,4151.28,4088.25,4151.28,SL,-15.96,S433 AI Gold Star 123 (Coppock),
2025-11-25 17:30:00,2025-11-25 18:30:00,BUY,4133.54,4117.74,4180.94,4129.88,FLIP,-3.86,S433 AI Gold Star 123 (Coppock),
2025-11-25 18:30:00,2025-11-25 19:00:00,SELL,4129.88,4146.69,4079.45,4141.81,FLIP,-12.13,S433 AI Gold Star 123 (Coppock),
2025-11-25 19:00:00,2025-11-25 20:30:00,BUY,4141.81,4124.45,4193.9,4124.45,SL,-17.56,S433 AI Gold Star 123 (Coppock),
2025-11-26 00:30:00,2025-11-26 06:30:00,SELL,4134.52,4156.45,4068.74,4143.06,FLIP,-8.74,S433 AI Gold Star 123 (Coppock),
2025-11-26 06:30:00,2025-11-26 12:00:00,BUY,4143.06,4129.81,4182.81,4158.16,FLIP,14.9,S433 AI Gold Star 123 (Coppock),
2025-11-26 12:00:00,2025-11-26 17:30:00,SELL,4158.16,4171.74,4117.42,4171.53,FLIP,-13.57,S433 AI Gold Star 123 (Coppock),
2025-11-26 17:30:00,2025-11-26 18:00:00,BUY,4171.53,4158.94,4209.29,4161.81,FLIP,-9.92,S433 AI Gold Star 123 (Coppock),
2025-11-26 18:00:00,2025-11-26 19:00:00,SELL,4161.81,4175.03,4122.15,4165.48,FLIP,-3.87,S433 AI Gold Star 123 (Coppock),
2025-11-26 19:00:00,2025-11-26 19:30:00,BUY,4165.48,4151.04,4208.8,4153.37,FLIP,-12.31,S433 AI Gold Star 123 (Coppock),
2025-11-26 19:30:00,2025-11-26 21:30:00,SELL,4153.37,4168.39,4108.32,4165.35,FLIP,-12.18,S433 AI Gold Star 123 (Coppock),
2025-11-26 21:30:00,2025-11-27 00:30:00,BUY,4165.35,4148.15,4216.97,4164.68,FLIP,-0.87,S433 AI Gold Star 123 (Coppock),
2025-11-27 00:30:00,2025-11-27 01:00:00,SELL,4164.68,4181.33,4114.74,4167.5,FLIP,-3.02,S433 AI Gold Star 123 (Coppock),
2025-11-27 01:00:00,2025-11-27 05:00:00,BUY,4167.5,4151.72,4214.84,4164.3,FLIP,-3.4,S433 AI Gold Star 123 (Coppock),
2025-11-27 05:00:00,2025-11-27 11:00:00,SELL,4164.3,4173.01,4138.17,4152.78,FLIP,11.32,S433 AI Gold Star 123 (Coppock),
2025-11-27 11:00:00,2025-11-27 11:30:00,BUY,4152.78,4142.85,4182.56,4147.04,FLIP,-5.94,S433 AI Gold Star 123 (Coppock),
2025-11-27 11:30:00,2025-11-27 12:00:00,SELL,4147.04,4157.39,4115.99,4156.82,FLIP,-9.98,S433 AI Gold Star 123 (Coppock),
2025-11-27 12:00:00,2025-11-27 17:30:00,BUY,4156.82,4145.94,4189.45,4157.32,FLIP,0.3,S433 AI Gold Star 123 (Coppock),
2025-11-27 17:30:00,2025-11-27 23:00:00,SELL,4157.32,4167.56,4126.59,4156.76,FLIP,0.36,S433 AI Gold Star 123 (Coppock),
2025-11-27 23:00:00,2025-11-28 06:30:00,BUY,4156.76,4149.07,4179.83,4179.83,TP,22.87,S433 AI Gold Star 123 (Coppock),
2025-11-28 10:00:00,2025-11-28 10:30:00,SELL,4181.09,4191.07,4151.15,4188.63,FLIP,-7.74,S433 AI Gold Star 123 (Coppock),
2025-11-28 10:30:00,2025-11-28 11:00:00,BUY,4188.63,4177.89,4220.86,4185.11,FLIP,-3.72,S433 AI Gold Star 123 (Coppock),
2025-11-28 11:00:00,2025-11-28 14:00:00,SELL,4185.11,4196.4,4151.23,4151.23,TP,33.68,S433 AI Gold Star 123 (Coppock),
2025-11-28 17:30:00,2025-11-29 00:00:00,BUY,4171.64,4156.1,4218.27,4218.27,TP,46.43,S433 AI Gold Star 123 (Coppock),
2025-11-29 01:30:00,2025-12-01 07:00:00,SELL,4220.47,4236.05,4173.72,4236.05,SL,-15.78,S433 AI Gold Star 123 (Coppock),
2025-12-01 07:30:00,2025-12-01 08:00:00,BUY,4255.64,4238.45,4307.22,4241.59,FLIP,-14.25,S433 AI Gold Star 123 (Coppock),
2025-12-01 08:00:00,2025-12-01 15:00:00,SELL,4241.59,4259.1,4189.07,4251.46,FLIP,-10.07,S433 AI Gold Star 123 (Coppock),
2025-12-01 15:00:00,2025-12-01 18:30:00,BUY,4251.46,4235.63,4298.95,4246.59,FLIP,-5.07,S433 AI Gold Star 123 (Coppock),
2025-12-01 18:30:00,2025-12-01 19:00:00,SELL,4246.59,4260.35,4205.32,4256.88,FLIP,-10.49,S433 AI Gold Star 123 (Coppock),
2025-12-01 19:00:00,2025-12-01 19:30:00,BUY,4256.88,4242.65,4299.57,4247.36,FLIP,-9.72,S433 AI Gold Star 123 (Coppock),
2025-12-01 19:30:00,2025-12-02 00:00:00,SELL,4247.36,4262.29,4202.56,4240.87,FLIP,6.29,S433 AI Gold Star 123 (Coppock),
2025-12-02 00:00:00,2025-12-02 00:30:00,BUY,4240.87,4219.6,4304.67,4240.28,FLIP,-0.79,S433 AI Gold Star 123 (Coppock),
2025-12-02 00:30:00,2025-12-02 01:00:00,SELL,4240.28,4261.75,4175.86,4241.61,FLIP,-1.53,S433 AI Gold Star 123 (Coppock),
2025-12-02 01:00:00,2025-12-02 06:00:00,BUY,4241.61,4220.45,4305.1,4225.24,FLIP,-16.57,S433 AI Gold Star 123 (Coppock),
2025-12-02 06:00:00,2025-12-02 11:00:00,SELL,4225.24,4238.89,4184.3,4221.36,FLIP,3.68,S433 AI Gold Star 123 (Coppock),
2025-12-02 11:00:00,2025-12-02 12:00:00,BUY,4221.36,4207.68,4262.41,4205.57,FLIP,-15.99,S433 AI Gold Star 123 (Coppock),
2025-12-02 12:00:00,2025-12-02 12:30:00,SELL,4205.57,4220.86,4159.71,4212.8,FLIP,-7.43,S433 AI Gold Star 123 (Coppock),
2025-12-02 12:30:00,2025-12-02 15:00:00,BUY,4212.8,4197.42,4258.94,4194.24,FLIP,-18.76,S433 AI Gold Star 123 (Coppock),
2025-12-02 15:00:00,2025-12-02 17:30:00,SELL,4194.24,4209.12,4149.59,4205.37,FLIP,-11.33,S433 AI Gold Star 123 (Coppock),
2025-12-02 17:30:00,2025-12-02 21:00:00,BUY,4205.37,4188.36,4256.41,4188.12,FLIP,-17.45,S433 AI Gold Star 123 (Coppock),
2025-12-02 21:00:00,2025-12-02 23:00:00,SELL,4188.12,4208.08,4128.23,4192.21,FLIP,-4.29,S433 AI Gold Star 123 (Coppock),
2025-12-02 23:00:00,2025-12-03 00:00:00,BUY,4192.21,4171.13,4255.46,4189.43,FLIP,-2.98,S433 AI Gold Star 123 (Coppock),
2025-12-03 00:00:00,2025-12-03 02:00:00,SELL,4189.43,4209.97,4127.82,4198.7,FLIP,-9.47,S433 AI Gold Star 123 (Coppock),
2025-12-03 02:00:00,2025-12-03 09:00:00,BUY,4198.7,4179.33,4256.81,4225.6,FLIP,26.7,S433 AI Gold Star 123 (Coppock),
2025-12-03 09:00:00,2025-12-03 17:00:00,SELL,4225.6,4237.33,4190.42,4205.22,FLIP,20.18,S433 AI Gold Star 123 (Coppock),
2025-12-03 17:00:00,2025-12-03 19:30:00,BUY,4205.22,4194.31,4237.94,4237.94,TP,32.52,S433 AI Gold Star 123 (Coppock),
2025-12-03 22:30:00,2025-12-04 05:00:00,SELL,4200.97,4223.13,4134.48,4206.97,FLIP,-6.2,S433 AI Gold Star 123 (Coppock),
2025-12-04 05:00:00,2025-12-04 09:00:00,BUY,4206.97,4191.7,4252.78,4193.22,FLIP,-13.95,S433 AI Gold Star 123 (Coppock),
2025-12-04 09:00:00,2025-12-04 14:00:00,SELL,4193.22,4204.36,4159.79,4192.88,FLIP,0.14,S433 AI Gold Star 123 (Coppock),
2025-12-04 14:00:00,2025-12-04 14:30:00,BUY,4192.88,4179.07,4234.3,4184.85,FLIP,-8.23,S433 AI Gold Star 123 (Coppock),
2025-12-04 14:30:00,2025-12-04 15:00:00,SELL,4184.85,4198.71,4143.28,4191.49,FLIP,-6.84,S433 AI Gold Star 123 (Coppock),
2025-12-04 15:00:00,2025-12-05 00:30:00,BUY,4191.49,4177.82,4232.49,4207.96,FLIP,16.27,S433 AI Gold Star 123 (Coppock),
2025-12-05 00:30:00,2025-12-05 08:30:00,SELL,4207.96,4223.17,4162.34,4207.25,FLIP,0.51,S433 AI Gold Star 123 (Coppock),
2025-12-05 08:30:00,2025-12-05 15:30:00,BUY,4207.25,4198.25,4234.26,4223.36,FLIP,15.91,S433 AI Gold Star 123 (Coppock),
2025-12-05 15:30:00,2025-12-05 19:00:00,SELL,4223.36,4232.8,4195.03,4232.8,SL,-9.64,S433 AI Gold Star 123 (Coppock),
2025-12-05 19:30:00,2025-12-05 20:00:00,BUY,4234.51,4225.01,4263.0,4231.68,FLIP,-3.03,S433 AI Gold Star 123 (Coppock),
2025-12-05 20:00:00,2025-12-05 20:30:00,SELL,4231.68,4241.49,4202.26,4242.3,FLIP,-10.82,S433 AI Gold Star 123 (Coppock),
2025-12-05 20:30:00,2025-12-05 22:00:00,BUY,4242.3,4231.48,4274.75,4216.71,FLIP,-25.79,S433 AI Gold Star 123 (Coppock),
2025-12-05 22:00:00,2025-12-08 06:00:00,SELL,4216.71,4234.67,4162.83,4205.88,FLIP,10.63,S433 AI Gold Star 123 (Coppock),
2025-12-08 06:00:00,2025-12-08 13:30:00,BUY,4205.88,4193.14,4244.09,4206.83,FLIP,0.75,S433 AI Gold Star 123 (Coppock),
2025-12-08 13:30:00,2025-12-08 20:00:00,SELL,4206.83,4217.79,4173.96,4208.78,FLIP,-2.15,S433 AI Gold Star 123 (Coppock),
2025-12-08 20:00:00,2025-12-08 20:30:00,BUY,4208.78,4196.44,4245.81,4196.43,FLIP,-12.55,S433 AI Gold Star 123 (Coppock),
2025-12-08 20:30:00,2025-12-09 02:00:00,SELL,4196.43,4209.36,4157.65,4189.24,FLIP,6.99,S433 AI Gold Star 123 (Coppock),
2025-12-09 02:00:00,2025-12-09 10:30:00,BUY,4189.24,4173.84,4235.44,4186.95,FLIP,-2.49,S433 AI Gold Star 123 (Coppock),
2025-12-09 10:30:00,2025-12-09 14:30:00,SELL,4186.95,4194.91,4163.07,4191.65,FLIP,-4.9,S433 AI Gold Star 123 (Coppock),
2025-12-09 14:30:00,2025-12-09 20:00:00,BUY,4191.65,4181.18,4223.07,4193.35,FLIP,1.5,S433 AI Gold Star 123 (Coppock),
2025-12-09 20:00:00,2025-12-09 20:30:00,SELL,4193.35,4205.31,4157.47,4205.31,SL,-12.16,S433 AI Gold Star 123 (Coppock),
2025-12-10 01:30:00,2025-12-10 02:00:00,BUY,4212.59,4196.79,4260.0,4210.67,FLIP,-2.12,S433 AI Gold Star 123 (Coppock),
2025-12-10 02:00:00,2025-12-10 02:30:00,SELL,4210.67,4226.17,4164.18,4211.98,FLIP,-1.51,S433 AI Gold Star 123 (Coppock),
2025-12-10 02:30:00,2025-12-10 03:30:00,BUY,4211.98,4196.83,4257.43,4208.53,FLIP,-3.65,S433 AI Gold Star 123 (Coppock),
2025-12-10 03:30:00,2025-12-10 07:00:00,SELL,4208.53,4221.25,4170.36,4216.88,FLIP,-8.55,S433 AI Gold Star 123 (Coppock),
2025-12-10 07:00:00,2025-12-10 08:00:00,BUY,4216.88,4208.63,4241.64,4213.58,FLIP,-3.5,S433 AI Gold Star 123 (Coppock),
2025-12-10 08:00:00,2025-12-10 08:30:00,SELL,4213.58,4221.61,4189.48,4217.13,FLIP,-3.75,S433 AI Gold Star 123 (Coppock),
2025-12-10 08:30:00,2025-12-10 09:00:00,BUY,4217.13,4209.11,4241.2,4208.25,FLIP,-9.08,S433 AI Gold Star 123 (Coppock),
2025-12-10 09:00:00,2025-12-10 11:30:00,SELL,4208.25,4216.76,4182.73,4211.49,FLIP,-3.44,S433 AI Gold Star 123 (Coppock),
2025-12-10 11:30:00,2025-12-10 12:00:00,BUY,4211.49,4202.71,4237.83,4207.35,FLIP,-4.34,S433 AI Gold Star 123 (Coppock),
2025-12-10 12:00:00,2025-12-10 17:30:00,SELL,4207.35,4216.59,4179.63,4197.31,FLIP,9.84,S433 AI Gold Star 123 (Coppock),
2025-12-10 17:30:00,2025-12-10 18:30:00,BUY,4197.31,4188.6,4223.45,4196.33,FLIP,-1.18,S433 AI Gold Star 123 (Coppock),
2025-12-10 18:30:00,2025-12-10 19:00:00,SELL,4196.33,4204.4,4172.12,4198.0,FLIP,-1.87,S433 AI Gold Star 123 (Coppock),
2025-12-10 19:00:00,2025-12-10 21:00:00,BUY,4198.0,4189.94,4222.17,4189.94,SL,-8.26,S433 AI Gold Star 123 (Coppock),
2025-12-11 00:30:00,2025-12-11 01:00:00,SELL,4194.35,4205.77,4160.1,4205.77,SL,-11.62,S433 AI Gold Star 123 (Coppock),
2025-12-11 01:30:00,2025-12-11 08:00:00,BUY,4216.62,4199.4,4268.27,4229.94,FLIP,13.12,S433 AI Gold Star 123 (Coppock),
2025-12-11 08:00:00,2025-12-11 14:00:00,SELL,4229.94,4249.96,4169.87,4214.29,FLIP,15.45,S433 AI Gold Star 123 (Coppock),
2025-12-11 14:00:00,2025-12-11 19:00:00,BUY,4214.29,4202.55,4249.5,4213.23,FLIP,-1.26,S433 AI Gold Star 123 (Coppock),
2025-12-11 19:00:00,2025-12-11 19:30:00,SELL,4213.23,4223.93,4181.14,4221.0,FLIP,-7.97,S433 AI Gold Star 123 (Coppock),
2025-12-11 19:30:00,2025-12-11 21:30:00,BUY,4221.0,4209.25,4256.24,4256.24,TP,35.04,S433 AI Gold Star 123 (Coppock),
2025-12-12 02:00:00,2025-12-12 11:00:00,SELL,4268.58,4289.32,4206.36,4274.35,FLIP,-5.97,S433 AI Gold Star 123 (Coppock),
2025-12-12 11:00:00,2025-12-12 14:30:00,BUY,4274.35,4263.81,4305.97,4305.97,TP,31.42,S433 AI Gold Star 123 (Coppock),
2025-12-12 18:30:00,2025-12-12 19:00:00,SELL,4325.93,4339.93,4283.94,4335.96,FLIP,-10.23,S433 AI Gold Star 123 (Coppock),
2025-12-12 19:00:00,2025-12-12 20:00:00,BUY,4335.96,4320.57,4382.14,4340.65,FLIP,4.49,S433 AI Gold Star 123 (Coppock),
2025-12-12 20:00:00,2025-12-12 21:30:00,SELL,4340.65,4357.12,4291.25,4291.25,TP,49.2,S433 AI Gold Star 123 (Coppock),
2025-12-13 02:30:00,2025-12-15 10:30:00,BUY,4299.43,4269.72,4388.57,4326.11,FLIP,26.48,S433 AI Gold Star 123 (Coppock),
2025-12-15 10:30:00,2025-12-15 11:00:00,SELL,4326.11,4336.49,4294.97,4329.71,FLIP,-3.8,S433 AI Gold Star 123 (Coppock),
2025-12-15 11:00:00,2025-12-15 13:30:00,BUY,4329.71,4319.25,4361.09,4339.28,FLIP,9.37,S433 AI Gold Star 123 (Coppock),
2025-12-15 13:30:00,2025-12-15 22:00:00,SELL,4339.28,4350.44,4305.8,4305.8,TP,33.28,S433 AI Gold Star 123 (Coppock),
2025-12-16 00:30:00,2025-12-16 08:30:00,BUY,4313.08,4294.27,4369.5,4289.7,FLIP,-23.58,S433 AI Gold Star 123 (Coppock),
2025-12-16 08:30:00,2025-12-16 14:30:00,SELL,4289.7,4303.54,4248.19,4284.69,FLIP,4.81,S433 AI Gold Star 123 (Coppock),
2025-12-16 14:30:00,2025-12-16 21:00:00,BUY,4284.69,4268.66,4332.77,4332.77,TP,47.88,S433 AI Gold Star 123 (Coppock),
2025-12-16 22:30:00,2025-12-17 06:00:00,SELL,4300.61,4318.8,4246.04,4313.36,FLIP,-12.95,S433 AI Gold Star 123 (Coppock),
2025-12-17 06:00:00,2025-12-17 12:30:00,BUY,4313.36,4300.34,4352.43,4328.81,FLIP,15.25,S433 AI Gold Star 123 (Coppock),
2025-12-17 12:30:00,2025-12-17 19:00:00,SELL,4328.81,4341.47,4290.82,4327.96,FLIP,0.65,S433 AI Gold Star 123 (Coppock),
2025-12-17 19:00:00,2025-12-18 00:30:00,BUY,4327.96,4315.28,4365.99,4335.92,FLIP,7.76,S433 AI Gold Star 123 (Coppock),
2025-12-18 00:30:00,2025-12-18 03:00:00,SELL,4335.92,4356.67,4273.67,4344.17,FLIP,-8.45,S433 AI Gold Star 123 (Coppock),
2025-12-18 03:00:00,2025-12-18 03:30:00,BUY,4344.17,4326.78,4396.33,4338.37,FLIP,-6.0,S433 AI Gold Star 123 (Coppock),
2025-12-18 03:30:00,2025-12-18 11:00:00,SELL,4338.37,4354.64,4289.57,4336.04,FLIP,2.13,S433 AI Gold Star 123 (Coppock),
2025-12-18 11:00:00,2025-12-18 14:00:00,BUY,4336.04,4326.6,4364.36,4326.6,SL,-9.64,S433 AI Gold Star 123 (Coppock),
2025-12-18 14:30:00,2025-12-18 19:30:00,SELL,4326.57,4334.9,4301.58,4336.57,FLIP,-10.2,S433 AI Gold Star 123 (Coppock),
2025-12-18 19:30:00,2025-12-18 20:30:00,BUY,4336.57,4326.09,4368.01,4326.09,SL,-10.68,S433 AI Gold Star 123 (Coppock),
2025-12-18 23:00:00,2025-12-18 23:30:00,SELL,4327.83,4350.94,4258.5,4333.28,FLIP,-5.65,S433 AI Gold Star 123 (Coppock),
2025-12-18 23:30:00,2025-12-19 00:00:00,BUY,4333.28,4308.99,4406.14,4332.2,FLIP,-1.28,S433 AI Gold Star 123 (Coppock),
2025-12-19 00:00:00,2025-12-19 05:30:00,SELL,4332.2,4357.07,4257.59,4335.11,FLIP,-3.11,S433 AI Gold Star 123 (Coppock),
2025-12-19 05:30:00,2025-12-19 06:00:00,BUY,4335.11,4314.79,4396.06,4331.29,FLIP,-4.02,S433 AI Gold Star 123 (Coppock),
2025-12-19 06:00:00,2025-12-19 08:00:00,SELL,4331.29,4348.51,4279.64,4324.52,FLIP,6.57,S433 AI Gold Star 123 (Coppock),
2025-12-19 08:00:00,2025-12-19 08:30:00,BUY,4324.52,4311.31,4364.14,4316.72,FLIP,-8.0,S433 AI Gold Star 123 (Coppock),
2025-12-19 08:30:00,2025-12-19 09:30:00,SELL,4316.72,4329.63,4277.99,4318.01,FLIP,-1.49,S433 AI Gold Star 123 (Coppock),
2025-12-19 09:30:00,2025-12-19 10:00:00,BUY,4318.01,4305.71,4354.92,4317.38,FLIP,-0.83,S433 AI Gold Star 123 (Coppock),
2025-12-19 10:00:00,2025-12-19 10:30:00,SELL,4317.38,4328.79,4283.15,4322.78,FLIP,-5.6,S433 AI Gold Star 123 (Coppock),
2025-12-19 10:30:00,2025-12-19 17:30:00,BUY,4322.78,4311.51,4356.58,4327.26,FLIP,4.28,S433 AI Gold Star 123 (Coppock),
2025-12-19 17:30:00,2025-12-19 19:00:00,SELL,4327.26,4336.12,4300.68,4334.96,FLIP,-7.9,S433 AI Gold Star 123 (Coppock),
2025-12-19 19:00:00,2025-12-19 19:30:00,BUY,4334.96,4325.97,4361.94,4328.38,FLIP,-6.78,S433 AI Gold Star 123 (Coppock),
2025-12-19 19:30:00,2025-12-19 20:30:00,SELL,4328.38,4337.53,4300.94,4332.54,FLIP,-4.36,S433 AI Gold Star 123 (Coppock),
2025-12-19 20:30:00,2025-12-20 01:30:00,BUY,4332.54,4321.93,4364.36,4345.26,FLIP,12.52,S433 AI Gold Star 123 (Coppock),
2025-12-20 01:30:00,2025-12-22 06:00:00,SELL,4345.26,4359.33,4303.05,4363.36,FLIP,-18.3,S433 AI Gold Star 123 (Coppock),
2025-12-22 06:00:00,2025-12-22 09:30:00,BUY,4363.36,4352.88,4394.81,4394.81,TP,31.25,S433 AI Gold Star 123 (Coppock),
2025-12-22 13:00:00,2025-12-22 20:00:00,SELL,4415.84,4429.95,4373.5,4426.5,FLIP,-10.86,S433 AI Gold Star 123 (Coppock),
2025-12-22 20:00:00,2025-12-22 20:30:00,BUY,4426.5,4416.55,4456.35,4419.22,FLIP,-7.48,S433 AI Gold Star 123 (Coppock),
2025-12-22 20:30:00,2025-12-22 21:30:00,SELL,4419.22,4430.13,4386.49,4431.81,FLIP,-12.79,S433 AI Gold Star 123 (Coppock),
2025-12-22 21:30:00,2025-12-23 01:00:00,BUY,4431.81,4419.13,4469.85,4432.82,FLIP,0.81,S433 AI Gold Star 123 (Coppock),
2025-12-23 01:00:00,2025-12-23 03:00:00,SELL,4432.82,4447.83,4387.8,4447.83,SL,-15.21,S433 AI Gold Star 123 (Coppock),
2025-12-23 05:00:00,2025-12-23 10:30:00,BUY,4458.58,4445.2,4498.73,4482.48,FLIP,23.7,S433 AI Gold Star 123 (Coppock),
2025-12-23 10:30:00,2025-12-23 17:30:00,SELL,4482.48,4497.16,4438.43,4493.54,FLIP,-11.26,S433 AI Gold Star 123 (Coppock),
2025-12-23 17:30:00,2025-12-23 19:30:00,BUY,4493.54,4482.06,4527.97,4479.18,FLIP,-14.56,S433 AI Gold Star 123 (Coppock),
2025-12-23 19:30:00,2025-12-23 21:00:00,SELL,4479.18,4491.83,4441.24,4441.24,TP,37.74,S433 AI Gold Star 123 (Coppock),
2025-12-23 22:30:00,2025-12-24 08:00:00,BUY,4474.22,4454.27,4534.08,4506.76,FLIP,32.34,S433 AI Gold Star 123 (Coppock),
2025-12-24 08:00:00,2025-12-24 15:00:00,SELL,4506.76,4523.49,4456.57,4489.43,FLIP,17.13,S433 AI Gold Star 123 (Coppock),
2025-12-24 15:00:00,2025-12-24 19:00:00,BUY,4489.43,4471.04,4544.6,4479.77,FLIP,-9.86,S433 AI Gold Star 123 (Coppock),
2025-12-24 19:00:00,2025-12-24 19:30:00,SELL,4479.77,4493.91,4437.34,4487.84,FLIP,-8.27,S433 AI Gold Star 123 (Coppock),
2025-12-24 19:30:00,2025-12-24 20:30:00,BUY,4487.84,4473.62,4530.49,4464.82,FLIP,-23.22,S433 AI Gold Star 123 (Coppock),
2025-12-24 20:30:00,2025-12-24 23:00:00,SELL,4464.82,4481.48,4414.85,4481.48,SL,-16.86,S433 AI Gold Star 123 (Coppock),
2025-12-24 23:30:00,2025-12-26 05:00:00,BUY,4480.64,4462.13,4536.16,4462.13,SL,-18.71,S433 AI Gold Star 123 (Coppock),
2025-12-26 09:30:00,2025-12-26 10:00:00,SELL,4502.1,4523.03,4439.31,4509.51,FLIP,-7.61,S433 AI Gold Star 123 (Coppock),
2025-12-26 10:00:00,2025-12-26 10:30:00,BUY,4509.51,4488.86,4571.47,4509.03,FLIP,-0.68,S433 AI Gold Star 123 (Coppock),
2025-12-26 10:30:00,2025-12-26 14:30:00,SELL,4509.03,4529.64,4447.2,4518.83,FLIP,-10.0,S433 AI Gold Star 123 (Coppock),
2025-12-26 14:30:00,2025-12-26 15:30:00,BUY,4518.83,4505.48,4558.87,4512.75,FLIP,-6.28,S433 AI Gold Star 123 (Coppock),
2025-12-26 15:30:00,2025-12-26 16:00:00,SELL,4512.75,4524.37,4477.88,4520.74,FLIP,-8.19,S433 AI Gold Star 123 (Coppock),
2025-12-26 16:00:00,2025-12-26 17:00:00,BUY,4520.74,4509.17,4555.46,4505.37,FLIP,-15.57,S433 AI Gold Star 123 (Coppock),
2025-12-26 17:00:00,2025-12-26 19:00:00,SELL,4505.37,4517.41,4469.24,4517.41,SL,-12.24,S433 AI Gold Star 123 (Coppock),
2025-12-26 19:30:00,2025-12-26 23:00:00,BUY,4525.27,4512.15,4564.62,4518.27,FLIP,-7.2,S433 AI Gold Star 123 (Coppock),
2025-12-26 23:00:00,2025-12-27 00:30:00,SELL,4518.27,4537.66,4460.11,4531.02,FLIP,-12.95,S433 AI Gold Star 123 (Coppock),
2025-12-27 00:30:00,2025-12-27 01:00:00,BUY,4531.02,4510.37,4592.97,4529.78,FLIP,-1.44,S433 AI Gold Star 123 (Coppock),
2025-12-27 01:00:00,2025-12-29 08:00:00,SELL,4529.78,4551.0,4466.11,4512.56,FLIP,17.02,S433 AI Gold Star 123 (Coppock),
2025-12-29 08:00:00,2025-12-29 09:00:00,BUY,4512.56,4485.54,4593.63,4512.78,FLIP,0.02,S433 AI Gold Star 123 (Coppock),
2025-12-29 09:00:00,2025-12-29 09:30:00,SELL,4512.78,4538.61,4435.28,4516.52,FLIP,-3.94,S433 AI Gold Star 123 (Coppock),
2025-12-29 09:30:00,2025-12-29 12:00:00,BUY,4516.52,4490.94,4593.25,4490.77,FLIP,-25.95,S433 AI Gold Star 123 (Coppock),
2025-12-29 12:00:00,2025-12-29 18:00:00,SELL,4490.77,4515.75,4415.82,4456.75,FLIP,33.82,S433 AI Gold Star 123 (Coppock),
2025-12-29 18:00:00,2025-12-29 19:30:00,BUY,4456.75,4429.15,4539.55,4421.7,FLIP,-35.25,S433 AI Gold Star 123 (Coppock),
2025-12-29 19:30:00,2025-12-29 21:00:00,SELL,4421.7,4451.2,4333.19,4333.19,TP,88.31,S433 AI Gold Star 123 (Coppock),
2025-12-30 00:30:00,2025-12-30 12:30:00,BUY,4331.28,4295.59,4438.35,4364.75,FLIP,33.27,S433 AI Gold Star 123 (Coppock),
2025-12-30 12:30:00,2025-12-30 16:30:00,SELL,4364.75,4385.13,4303.61,4384.88,FLIP,-20.33,S433 AI Gold Star 123 (Coppock),
2025-12-30 16:30:00,2025-12-30 20:30:00,BUY,4384.88,4365.78,4442.19,4366.28,FLIP,-18.8,S433 AI Gold Star 123 (Coppock),
2025-12-30 20:30:00,2025-12-31 06:30:00,SELL,4366.28,4387.86,4301.55,4342.64,FLIP,23.44,S433 AI Gold Star 123 (Coppock),
2025-12-31 06:30:00,2025-12-31 11:30:00,BUY,4342.64,4322.32,4403.6,4285.8,FLIP,-57.04,S433 AI Gold Star 123 (Coppock),
2025-12-31 11:30:00,2025-12-31 12:30:00,SELL,4285.8,4314.48,4199.75,4314.48,SL,-28.88,S433 AI Gold Star 123 (Coppock),
2025-12-31 15:30:00,2025-12-31 16:30:00,BUY,4325.74,4295.54,4416.34,4306.4,FLIP,-19.54,S433 AI Gold Star 123 (Coppock),
2025-12-31 16:30:00,2025-12-31 17:00:00,SELL,4306.4,4336.65,4215.65,4311.33,FLIP,-5.13,S433 AI Gold Star 123 (Coppock),
2025-12-31 17:00:00,2025-12-31 18:00:00,BUY,4311.33,4280.78,4402.98,4307.09,FLIP,-4.44,S433 AI Gold Star 123 (Coppock),
2025-12-31 18:00:00,2025-12-31 18:30:00,SELL,4307.09,4336.21,4219.73,4313.8,FLIP,-6.91,S433 AI Gold Star 123 (Coppock),
2025-12-31 18:30:00,2025-12-31 22:30:00,BUY,4313.8,4290.65,4383.25,4323.05,FLIP,9.05,S433 AI Gold Star 123 (Coppock),
2025-12-31 22:30:00,2025-12-31 23:30:00,SELL,4323.05,4345.73,4255.02,4321.91,FLIP,0.94,S433 AI Gold Star 123 (Coppock),
2025-12-31 23:30:00,2026-01-01 00:30:00,BUY,4321.91,4299.99,4387.66,4319.69,FLIP,-2.42,S433 AI Gold Star 123 (Coppock),
2026-01-01 00:30:00,2026-01-02 05:00:00,SELL,4319.69,4341.92,4252.99,4341.08,FLIP,-21.59,S433 AI Gold Star 123 (Coppock),
2026-01-02 05:00:00,2026-01-02 12:00:00,BUY,4341.08,4321.87,4398.71,4379.88,FLIP,38.6,S433 AI Gold Star 123 (Coppock),
2026-01-02 12:00:00,2026-01-02 14:30:00,SELL,4379.88,4393.42,4339.26,4393.42,SL,-13.74,S433 AI Gold Star 123 (Coppock),
2026-01-03 02:00:00,2026-01-05 06:30:00,BUY,4328.46,4307.74,4390.63,4390.63,TP,61.97,S433 AI Gold Star 123 (Coppock),
2026-01-05 10:30:00,2026-01-05 14:00:00,SELL,4404.33,4426.37,4338.21,4426.37,SL,-22.24,S433 AI Gold Star 123 (Coppock),
2026-01-05 20:30:00,2026-01-06 02:30:00,BUY,4436.46,4416.32,4496.88,4444.82,FLIP,8.16,S433 AI Gold Star 123 (Coppock),
2026-01-06 02:30:00,2026-01-06 07:30:00,SELL,4444.82,4463.86,4387.7,4450.67,FLIP,-6.05,S433 AI Gold Star 123 (Coppock),
2026-01-06 07:30:00,2026-01-06 11:30:00,BUY,4450.67,4435.41,4496.44,4452.14,FLIP,1.27,S433 AI Gold Star 123 (Coppock),
2026-01-06 11:30:00,2026-01-06 12:00:00,SELL,4452.14,4469.8,4399.17,4461.23,FLIP,-9.29,S433 AI Gold Star 123 (Coppock),
2026-01-06 12:00:00,2026-01-06 13:00:00,BUY,4461.23,4443.72,4513.77,4464.6,FLIP,3.17,S433 AI Gold Star 123 (Coppock),
2026-01-06 13:00:00,2026-01-06 14:00:00,SELL,4464.6,4481.81,4412.96,4470.97,FLIP,-6.57,S433 AI Gold Star 123 (Coppock),
2026-01-06 14:00:00,2026-01-06 14:30:00,BUY,4470.97,4454.0,4521.87,4468.43,FLIP,-2.74,S433 AI Gold Star 123 (Coppock),
2026-01-06 14:30:00,2026-01-06 18:30:00,SELL,4468.43,4484.18,4421.18,4463.75,FLIP,4.48,S433 AI Gold Star 123 (Coppock),
2026-01-06 18:30:00,2026-01-07 01:00:00,BUY,4463.75,4449.01,4507.97,4480.89,FLIP,16.94,S433 AI Gold Star 123 (Coppock),
2026-01-07 01:00:00,2026-01-07 05:00:00,SELL,4480.89,4498.99,4426.6,4498.99,SL,-18.3,S433 AI Gold Star 123 (Coppock),
2026-01-07 13:00:00,2026-01-07 18:30:00,BUY,4454.93,4436.2,4511.12,4445.24,FLIP,-9.89,S433 AI Gold Star 123 (Coppock),
2026-01-07 18:30:00,2026-01-07 19:30:00,SELL,4445.24,4460.48,4399.51,4452.88,FLIP,-7.84,S433 AI Gold Star 123 (Coppock),
2026-01-07 19:30:00,2026-01-07 20:00:00,BUY,4452.88,4436.05,4503.38,4444.59,FLIP,-8.49,S433 AI Gold Star 123 (Coppock),
2026-01-07 20:00:00,2026-01-07 22:00:00,SELL,4444.59,4461.23,4394.68,4457.91,FLIP,-13.52,S433 AI Gold Star 123 (Coppock),
2026-01-07 22:00:00,2026-01-08 03:30:00,BUY,4457.91,4438.34,4516.63,4455.4,FLIP,-2.71,S433 AI Gold Star 123 (Coppock),
2026-01-08 03:30:00,2026-01-08 05:00:00,SELL,4455.4,4470.57,4409.88,4462.03,FLIP,-6.83,S433 AI Gold Star 123 (Coppock),
2026-01-08 05:00:00,2026-01-08 06:00:00,BUY,4462.03,4448.26,4503.35,4456.88,FLIP,-5.35,S433 AI Gold Star 123 (Coppock),
2026-01-08 06:00:00,2026-01-08 11:30:00,SELL,4456.88,4469.3,4419.62,4419.62,TP,37.06,S433 AI Gold Star 123 (Coppock),
2026-01-08 13:00:00,2026-01-08 14:30:00,BUY,4436.58,4420.75,4484.07,4420.75,SL,-16.03,S433 AI Gold Star 123 (Coppock),
2026-01-08 19:30:00,2026-01-08 20:30:00,SELL,4423.79,4439.61,4376.33,4433.02,FLIP,-9.43,S433 AI Gold Star 123 (Coppock),
2026-01-08 20:30:00,2026-01-09 01:30:00,BUY,4433.02,4415.98,4484.13,4452.17,FLIP,18.95,S433 AI Gold Star 123 (Coppock),
2026-01-09 01:30:00,2026-01-09 02:00:00,SELL,4452.17,4469.99,4398.72,4469.99,FLIP,-18.02,S433 AI Gold Star 123 (Coppock),
2026-01-09 02:00:00,2026-01-09 05:00:00,BUY,4469.99,4451.82,4524.51,4477.14,FLIP,6.95,S433 AI Gold Star 123 (Coppock),
2026-01-09 05:00:00,2026-01-09 12:00:00,SELL,4477.14,4491.17,4435.06,4473.56,FLIP,3.38,S433 AI Gold Star 123 (Coppock),
2026-01-09 12:00:00,2026-01-09 17:00:00,BUY,4473.56,4460.88,4511.6,4470.69,FLIP,-3.07,S433 AI Gold Star 123 (Coppock),
2026-01-09 17:00:00,2026-01-09 17:30:00,SELL,4470.69,4480.82,4440.31,4475.48,FLIP,-4.99,S433 AI Gold Star 123 (Coppock),
2026-01-09 17:30:00,2026-01-09 18:00:00,BUY,4475.48,4465.14,4506.5,4467.85,FLIP,-7.83,S433 AI Gold Star 123 (Coppock),
2026-01-09 18:00:00,2026-01-09 19:30:00,SELL,4467.85,4478.72,4435.23,4482.69,FLIP,-15.04,S433 AI Gold Star 123 (Coppock),
2026-01-09 19:30:00,2026-01-09 23:30:00,BUY,4482.69,4468.22,4526.1,4484.57,FLIP,1.68,S433 AI Gold Star 123 (Coppock),
2026-01-09 23:30:00,2026-01-10 02:00:00,SELL,4484.57,4506.54,4418.67,4506.54,SL,-22.17,S433 AI Gold Star 123 (Coppock),
2026-01-12 05:00:00,2026-01-12 06:30:00,BUY,4537.4,4519.21,4591.98,4591.98,TP,54.38,S433 AI Gold Star 123 (Coppock),
2026-01-12 10:00:00,2026-01-12 14:30:00,SELL,4568.72,4592.41,4497.66,4592.41,SL,-23.89,S433 AI Gold Star 123 (Coppock),
2026-01-12 15:00:00,2026-01-12 15:30:00,BUY,4596.52,4580.35,4645.04,4589.14,FLIP,-7.58,S433 AI Gold Star 123 (Coppock),
2026-01-12 15:30:00,2026-01-12 16:30:00,SELL,4589.14,4604.23,4543.88,4594.24,FLIP,-5.3,S433 AI Gold Star 123 (Coppock),
2026-01-12 16:30:00,2026-01-12 17:00:00,BUY,4594.24,4579.49,4638.49,4585.17,FLIP,-9.27,S433 AI Gold Star 123 (Coppock),
2026-01-12 17:00:00,2026-01-12 19:00:00,SELL,4585.17,4600.4,4539.49,4604.93,FLIP,-19.96,S433 AI Gold Star 123 (Coppock),
2026-01-12 19:00:00,2026-01-12 20:00:00,BUY,4604.93,4588.74,4653.5,4587.14,FLIP,-17.99,S433 AI Gold Star 123 (Coppock),
2026-01-12 20:00:00,2026-01-12 20:30:00,SELL,4587.14,4606.22,4529.9,4606.22,SL,-19.28,S433 AI Gold Star 123 (Coppock),
2026-01-12 21:00:00,2026-01-13 00:00:00,BUY,4619.75,4597.95,4685.15,4605.57,FLIP,-14.38,S433 AI Gold Star 123 (Coppock),
2026-01-13 00:00:00,2026-01-13 08:30:00,SELL,4605.57,4628.66,4536.29,4594.32,FLIP,11.05,S433 AI Gold Star 123 (Coppock),
2026-01-13 08:30:00,2026-01-13 12:30:00,BUY,4594.32,4576.03,4649.2,4581.47,FLIP,-13.05,S433 AI Gold Star 123 (Coppock),
2026-01-13 12:30:00,2026-01-13 13:00:00,SELL,4581.47,4596.88,4535.24,4583.95,FLIP,-2.68,S433 AI Gold Star 123 (Coppock),
2026-01-13 13:00:00,2026-01-13 13:30:00,BUY,4583.95,4569.06,4628.62,4580.69,FLIP,-3.46,S433 AI Gold Star 123 (Coppock),
2026-01-13 13:30:00,2026-01-13 14:00:00,SELL,4580.69,4595.79,4535.4,4590.12,FLIP,-9.63,S433 AI Gold Star 123 (Coppock),
2026-01-13 14:00:00,2026-01-13 15:00:00,BUY,4590.12,4575.18,4634.93,4589.15,FLIP,-1.17,S433 AI Gold Star 123 (Coppock),
2026-01-13 15:00:00,2026-01-13 17:30:00,SELL,4589.15,4603.02,4547.54,4588.59,FLIP,0.36,S433 AI Gold Star 123 (Coppock),
2026-01-13 17:30:00,2026-01-13 18:00:00,BUY,4588.59,4575.03,4629.27,4580.49,FLIP,-8.3,S433 AI Gold Star 123 (Coppock),
2026-01-13 18:00:00,2026-01-13 18:30:00,SELL,4580.49,4594.24,4539.25,4593.21,FLIP,-12.92,S433 AI Gold Star 123 (Coppock),
2026-01-13 18:30:00,2026-01-13 20:30:00,BUY,4593.21,4579.52,4634.29,4634.29,TP,40.88,S433 AI Gold Star 123 (Coppock),
2026-01-13 22:00:00,2026-01-13 22:30:00,SELL,4598.4,4620.54,4531.97,4613.48,FLIP,-15.28,S433 AI Gold Star 123 (Coppock),
2026-01-13 22:30:00,2026-01-13 23:30:00,BUY,4613.48,4590.2,4683.33,4590.44,FLIP,-23.24,S433 AI Gold Star 123 (Coppock),
2026-01-13 23:30:00,2026-01-14 06:00:00,SELL,4590.44,4616.07,4513.54,4609.68,FLIP,-19.44,S433 AI Gold Star 123 (Coppock),
2026-01-14 06:00:00,2026-01-14 11:30:00,BUY,4609.68,4591.32,4664.76,4619.91,FLIP,10.03,S433 AI Gold Star 123 (Coppock),
2026-01-14 11:30:00,2026-01-14 12:00:00,SELL,4619.91,4634.32,4576.68,4632.98,FLIP,-13.27,S433 AI Gold Star 123 (Coppock),
2026-01-14 12:00:00,2026-01-14 12:30:00,BUY,4632.98,4618.03,4677.84,4637.24,FLIP,4.06,S433 AI Gold Star 123 (Coppock),
2026-01-14 12:30:00,2026-01-14 18:30:00,SELL,4637.24,4652.79,4590.6,4638.62,FLIP,-1.58,S433 AI Gold Star 123 (Coppock),
2026-01-14 18:30:00,2026-01-14 19:00:00,BUY,4638.62,4624.42,4681.22,4631.81,FLIP,-7.01,S433 AI Gold Star 123 (Coppock),
2026-01-14 19:00:00,2026-01-15 00:00:00,SELL,4631.81,4645.73,4590.05,4628.3,FLIP,3.31,S433 AI Gold Star 123 (Coppock),
2026-01-15 00:00:00,2026-01-15 05:00:00,BUY,4628.3,4607.06,4692.02,4609.16,FLIP,-19.34,S433 AI Gold Star 123 (Coppock),
2026-01-15 05:00:00,2026-01-15 05:30:00,SELL,4609.16,4628.14,4552.23,4615.27,FLIP,-6.31,S433 AI Gold Star 123 (Coppock),
2026-01-15 05:30:00,2026-01-15 06:00:00,BUY,4615.27,4596.17,4672.58,4616.72,FLIP,1.25,S433 AI Gold Star 123 (Coppock),
2026-01-15 06:00:00,2026-01-15 11:00:00,SELL,4616.72,4635.48,4560.45,4592.95,FLIP,23.57,S433 AI Gold Star 123 (Coppock),
2026-01-15 11:00:00,2026-01-15 18:30:00,BUY,4592.95,4570.64,4659.89,4613.99,FLIP,20.84,S433 AI Gold Star 123 (Coppock),
2026-01-15 18:30:00,2026-01-16 00:00:00,SELL,4613.99,4626.89,4575.3,4619.51,FLIP,-5.72,S433 AI Gold Star 123 (Coppock),
2026-01-16 00:00:00,2026-01-16 02:00:00,BUY,4619.51,4601.66,4673.05,4604.96,FLIP,-14.75,S433 AI Gold Star 123 (Coppock),
2026-01-16 02:00:00,2026-01-16 02:30:00,SELL,4604.96,4622.55,4552.2,4605.78,FLIP,-1.02,S433 AI Gold Star 123 (Coppock),
2026-01-16 02:30:00,2026-01-16 05:00:00,BUY,4605.78,4590.09,4652.85,4609.1,FLIP,3.12,S433 AI Gold Star 123 (Coppock),
2026-01-16 05:00:00,2026-01-16 10:00:00,SELL,4609.1,4621.88,4570.77,4598.57,FLIP,10.33,S433 AI Gold Star 123 (Coppock),
2026-01-16 10:00:00,2026-01-16 16:30:00,BUY,4598.57,4586.9,4633.58,4600.24,FLIP,1.47,S433 AI Gold Star 123 (Coppock),
2026-01-16 16:30:00,2026-01-16 17:00:00,SELL,4600.24,4614.35,4557.91,4611.17,FLIP,-11.13,S433 AI Gold Star 123 (Coppock),
2026-01-16 17:00:00,2026-01-16 18:30:00,BUY,4611.17,4596.23,4655.98,4601.85,FLIP,-9.52,S433 AI Gold Star 123 (Coppock),
2026-01-16 18:30:00,2026-01-16 20:30:00,SELL,4601.85,4616.07,4559.2,4608.02,FLIP,-6.37,S433 AI Gold Star 123 (Coppock),
2026-01-16 20:30:00,2026-01-16 21:00:00,BUY,4608.02,4591.54,4657.47,4565.15,FLIP,-43.07,S433 AI Gold Star 123 (Coppock),
2026-01-16 21:00:00,2026-01-16 22:00:00,SELL,4565.15,4586.96,4499.73,4586.96,SL,-22.01,S433 AI Gold Star 123 (Coppock),
2026-01-17 00:00:00,2026-01-17 00:30:00,BUY,4589.98,4560.87,4677.31,4582.72,FLIP,-7.46,S433 AI Gold Star 123 (Coppock),
2026-01-17 00:30:00,2026-01-17 01:30:00,SELL,4582.72,4612.64,4492.96,4590.56,FLIP,-8.04,S433 AI Gold Star 123 (Coppock),
2026-01-17 01:30:00,2026-01-19 05:00:00,BUY,4590.56,4560.85,4679.7,4679.7,TP,88.94,S433 AI Gold Star 123 (Coppock),
2026-01-19 09:30:00,2026-01-19 18:30:00,SELL,4658.36,4685.22,4577.78,4671.99,FLIP,-13.83,S433 AI Gold Star 123 (Coppock),
2026-01-19 18:30:00,2026-01-19 19:30:00,BUY,4671.99,4659.59,4709.19,4666.16,FLIP,-6.03,S433 AI Gold Star 123 (Coppock),
2026-01-19 19:30:00,2026-01-19 20:00:00,SELL,4666.16,4678.47,4629.24,4668.07,FLIP,-2.11,S433 AI Gold Star 123 (Coppock),
2026-01-19 20:00:00,2026-01-19 21:00:00,BUY,4668.07,4656.61,4702.44,4666.75,FLIP,-1.52,S433 AI Gold Star 123 (Coppock),
2026-01-19 21:00:00,2026-01-19 21:30:00,SELL,4666.75,4677.7,4633.9,4674.26,FLIP,-7.71,S433 AI Gold Star 123 (Coppock),
2026-01-19 21:30:00,2026-01-20 01:00:00,BUY,4674.26,4663.19,4707.47,4670.24,FLIP,-4.22,S433 AI Gold Star 123 (Coppock),
2026-01-20 01:00:00,2026-01-20 07:00:00,SELL,4670.24,4679.9,4641.26,4670.99,FLIP,-0.95,S433 AI Gold Star 123 (Coppock),
2026-01-20 07:00:00,2026-01-20 07:30:00,BUY,4670.99,4661.2,4700.35,4669.73,FLIP,-1.46,S433 AI Gold Star 123 (Coppock),
2026-01-20 07:30:00,2026-01-20 09:00:00,SELL,4669.73,4679.54,4640.3,4673.3,FLIP,-3.77,S433 AI Gold Star 123 (Coppock),
2026-01-20 09:00:00,2026-01-20 11:30:00,BUY,4673.3,4662.22,4706.54,4706.54,TP,33.04,S433 AI Gold Star 123 (Coppock),
2026-01-20 16:00:00,2026-01-20 20:00:00,SELL,4727.8,4743.59,4680.42,4743.59,SL,-15.99,S433 AI Gold Star 123 (Coppock),
2026-01-20 22:30:00,2026-01-21 02:00:00,BUY,4753.54,4732.82,4815.69,4749.99,FLIP,-3.75,S433 AI Gold Star 123 (Coppock),
2026-01-21 02:00:00,2026-01-21 02:30:00,SELL,4749.99,4772.26,4683.18,4756.22,FLIP,-6.43,S433 AI Gold Star 123 (Coppock),
2026-01-21 02:30:00,2026-01-21 03:00:00,BUY,4756.22,4735.45,4818.54,4759.38,FLIP,2.96,S433 AI Gold Star 123 (Coppock),
2026-01-21 03:00:00,2026-01-21 05:30:00,SELL,4759.38,4778.69,4701.45,4775.87,FLIP,-16.69,S433 AI Gold Star 123 (Coppock),
2026-01-21 05:30:00,2026-01-21 07:00:00,BUY,4775.87,4759.75,4824.22,4824.22,TP,48.15,S433 AI Gold Star 123 (Coppock),
2026-01-21 12:30:00,2026-01-21 19:30:00,SELL,4847.59,4880.31,4749.43,4879.33,FLIP,-31.94,S433 AI Gold Star 123 (Coppock),
2026-01-21 19:30:00,2026-01-21 20:00:00,BUY,4879.33,4858.1,4943.03,4860.6,FLIP,-18.93,S433 AI Gold Star 123 (Coppock),
2026-01-21 20:00:00,2026-01-22 00:30:00,SELL,4860.6,4884.35,4789.34,4850.21,FLIP,10.19,S433 AI Gold Star 123 (Coppock),
2026-01-22 00:30:00,2026-01-22 01:00:00,BUY,4850.21,4813.92,4959.09,4816.36,FLIP,-34.05,S433 AI Gold Star 123 (Coppock),
2026-01-22 01:00:00,2026-01-22 02:30:00,SELL,4816.36,4856.61,4695.62,4827.17,FLIP,-11.01,S433 AI Gold Star 123 (Coppock),
2026-01-22 02:30:00,2026-01-22 05:30:00,BUY,4827.17,4777.78,4975.33,4778.45,FLIP,-48.92,S433 AI Gold Star 123 (Coppock),
2026-01-22 05:30:00,2026-01-22 06:30:00,SELL,4778.45,4823.2,4644.19,4798.2,FLIP,-19.95,S433 AI Gold Star 123 (Coppock),
2026-01-22 06:30:00,2026-01-22 08:30:00,BUY,4798.2,4755.78,4925.45,4789.35,FLIP,-9.05,S433 AI Gold Star 123 (Coppock),
2026-01-22 08:30:00,2026-01-22 09:00:00,SELL,4789.35,4831.25,4663.66,4792.7,FLIP,-3.55,S433 AI Gold Star 123 (Coppock),
2026-01-22 09:00:00,2026-01-22 16:30:00,BUY,4792.7,4754.76,4906.52,4829.0,FLIP,36.1,S433 AI Gold Star 123 (Coppock),
2026-01-22 16:30:00,2026-01-22 20:30:00,SELL,4829.0,4844.88,4781.36,4844.88,SL,-16.08,S433 AI Gold Star 123 (Coppock),
2026-01-22 21:00:00,2026-01-23 00:00:00,BUY,4854.0,4833.82,4914.53,4914.53,TP,60.33,S433 AI Gold Star 123 (Coppock),
2026-01-23 03:00:00,2026-01-23 03:30:00,SELL,4925.14,4949.4,4852.35,4935.95,FLIP,-11.01,S433 AI Gold Star 123 (Coppock),
2026-01-23 03:30:00,2026-01-23 05:00:00,BUY,4935.95,4911.99,5007.84,4940.25,FLIP,4.1,S433 AI Gold Star 123 (Coppock),
2026-01-23 05:00:00,2026-01-23 06:30:00,SELL,4940.25,4963.62,4870.13,4963.62,SL,-23.57,S433 AI Gold Star 123 (Coppock),
2026-01-23 18:00:00,2026-01-24 02:00:00,BUY,4934.13,4909.97,5006.6,4981.01,FLIP,46.68,S433 AI Gold Star 123 (Coppock),
2026-01-24 02:00:00,2026-01-26 05:00:00,SELL,4981.01,5007.21,4902.4,5018.31,FLIP,-37.5,S433 AI Gold Star 123 (Coppock),
2026-01-26 05:00:00,2026-01-26 10:30:00,BUY,5018.31,4992.14,5096.84,5070.38,FLIP,51.87,S433 AI Gold Star 123 (Coppock),
2026-01-26 10:30:00,2026-01-26 12:30:00,SELL,5070.38,5098.31,4986.59,5098.31,SL,-28.13,S433 AI Gold Star 123 (Coppock),
2026-01-26 17:30:00,2026-01-26 18:30:00,BUY,5091.52,5065.94,5168.25,5078.91,FLIP,-12.81,S433 AI Gold Star 123 (Coppock),
2026-01-26 18:30:00,2026-01-26 21:30:00,SELL,5078.91,5102.34,5008.63,5091.11,FLIP,-12.4,S433 AI Gold Star 123 (Coppock),
2026-01-26 21:30:00,2026-01-26 22:00:00,BUY,5091.11,5066.99,5163.48,5075.69,FLIP,-15.62,S433 AI Gold Star 123 (Coppock),
2026-01-26 22:00:00,2026-01-26 22:30:00,SELL,5075.69,5101.93,4996.98,5089.47,FLIP,-13.98,S433 AI Gold Star 123 (Coppock),
2026-01-26 22:30:00,2026-01-27 00:30:00,BUY,5089.47,5062.61,5170.05,5068.96,FLIP,-20.71,S433 AI Gold Star 123 (Coppock),
2026-01-27 00:30:00,2026-01-27 07:00:00,SELL,5068.96,5100.99,4972.87,5066.83,FLIP,1.93,S433 AI Gold Star 123 (Coppock),
2026-01-27 07:00:00,2026-01-27 14:00:00,BUY,5066.83,5016.7,5217.23,5077.54,FLIP,10.51,S433 AI Gold Star 123 (Coppock),
2026-01-27 14:00:00,2026-01-27 21:30:00,SELL,5077.54,5099.73,5010.96,5090.78,FLIP,-13.44,S433 AI Gold Star 123 (Coppock),
2026-01-27 21:30:00,2026-01-28 02:30:00,BUY,5090.78,5064.8,5168.73,5168.73,TP,77.75,S433 AI Gold Star 123 (Coppock),
2026-01-28 09:30:00,2026-01-28 13:00:00,SELL,5235.04,5273.55,5119.52,5281.14,FLIP,-46.3,S433 AI Gold Star 123 (Coppock),
2026-01-28 13:00:00,2026-01-28 14:00:00,BUY,5281.14,5251.68,5369.53,5299.32,FLIP,17.98,S433 AI Gold Star 123 (Coppock),
2026-01-28 14:00:00,2026-01-28 22:00:00,SELL,5299.32,5327.09,5216.02,5287.34,FLIP,11.78,S433 AI Gold Star 123 (Coppock),
2026-01-28 22:00:00,2026-01-29 03:00:00,BUY,5287.34,5251.83,5393.87,5393.87,TP,106.33,S433 AI Gold Star 123 (Coppock),
2026-01-29 09:00:00,2026-01-29 18:00:00,SELL,5521.96,5597.98,5293.89,5540.85,FLIP,-19.09,S433 AI Gold Star 123 (Coppock),
2026-01-29 18:00:00,2026-01-29 19:00:00,BUY,5540.85,5496.62,5673.53,5519.85,FLIP,-21.2,S433 AI Gold Star 123 (Coppock),
2026-01-29 19:00:00,2026-01-29 20:00:00,SELL,5519.85,5563.29,5389.53,5544.04,FLIP,-24.39,S433 AI Gold Star 123 (Coppock),
2026-01-29 20:00:00,2026-01-29 20:30:00,BUY,5544.04,5500.69,5674.08,5496.92,FLIP,-47.32,S433 AI Gold Star 123 (Coppock),
2026-01-29 20:30:00,2026-01-29 21:00:00,SELL,5496.92,5544.27,5354.86,5354.86,TP,141.86,S433 AI Gold Star 123 (Coppock),
2026-01-30 02:00:00,2026-01-30 07:00:00,BUY,5317.98,5184.81,5717.49,5357.27,FLIP,39.09,S433 AI Gold Star 123 (Coppock),
2026-01-30 07:00:00,2026-01-30 08:00:00,SELL,5357.27,5437.43,5116.78,5116.78,TP,240.29,S433 AI Gold Star 123 (Coppock),
2026-01-30 13:30:00,2026-01-30 14:30:00,BUY,5181.31,5074.09,5502.97,5074.09,SL,-107.42,S433 AI Gold Star 123 (Coppock),
2026-01-30 15:30:00,2026-01-30 16:00:00,SELL,5015.21,5111.03,4727.76,5059.79,FLIP,-44.78,S433 AI Gold Star 123 (Coppock),
2026-01-30 16:00:00,2026-01-30 19:00:00,BUY,5059.79,4962.63,5351.26,5026.46,FLIP,-33.53,S433 AI Gold Star 123 (Coppock),
2026-01-30 19:00:00,2026-01-30 20:00:00,SELL,5026.46,5132.69,4707.78,5072.51,FLIP,-46.25,S433 AI Gold Star 123 (Coppock),
2026-01-30 20:00:00,2026-01-30 22:30:00,BUY,5072.51,4963.15,5400.59,4985.8,FLIP,-86.91,S433 AI Gold Star 123 (Coppock),
2026-01-30 22:30:00,2026-01-31 00:30:00,SELL,4985.8,5083.7,4692.09,4692.09,TP,293.51,S433 AI Gold Star 123 (Coppock),
2026-01-31 01:30:00,2026-01-31 02:30:00,BUY,4932.62,4790.42,5359.21,4850.64,FLIP,-82.18,S433 AI Gold Star 123 (Coppock),
2026-01-31 02:30:00,2026-01-31 03:30:00,SELL,4850.64,4992.43,4425.27,4891.18,FLIP,-40.74,S433 AI Gold Star 123 (Coppock),
2026-01-31 03:30:00,2026-02-02 05:00:00,BUY,4891.18,4756.63,5294.84,4726.04,FLIP,-165.34,S433 AI Gold Star 123 (Coppock),
2026-02-02 05:00:00,2026-02-02 06:00:00,SELL,4726.04,4873.05,4285.0,4846.64,FLIP,-120.8,S433 AI Gold Star 123 (Coppock),
2026-02-02 06:00:00,2026-02-02 07:00:00,BUY,4846.64,4686.78,5326.22,4695.97,FLIP,-150.87,S433 AI Gold Star 123 (Coppock),
2026-02-02 07:00:00,2026-02-02 07:30:00,SELL,4695.97,4869.56,4175.2,4737.12,FLIP,-41.35,S433 AI Gold Star 123 (Coppock),
2026-02-02 07:30:00,2026-02-02 08:30:00,BUY,4737.12,4568.16,5244.0,4711.84,FLIP,-25.48,S433 AI Gold Star 123 (Coppock),
2026-02-02 08:30:00,2026-02-02 10:30:00,SELL,4711.84,4850.44,4296.04,4679.96,FLIP,31.68,S433 AI Gold Star 123 (Coppock),
2026-02-02 10:30:00,2026-02-02 11:30:00,BUY,4679.96,4540.37,5098.73,4550.12,FLIP,-130.04,S433 AI Gold Star 123 (Coppock),
2026-02-02 11:30:00,2026-02-02 13:30:00,SELL,4550.12,4701.02,4097.43,4587.08,FLIP,-37.16,S433 AI Gold Star 123 (Coppock),
2026-02-02 13:30:00,2026-02-02 20:30:00,BUY,4587.08,4442.34,5021.29,4720.11,FLIP,132.83,S433 AI Gold Star 123 (Coppock),
2026-02-02 20:30:00,2026-02-03 02:00:00,SELL,4720.11,4814.27,4437.63,4670.47,FLIP,49.44,S433 AI Gold Star 123 (Coppock),
2026-02-03 02:00:00,2026-02-03 10:30:00,BUY,4670.47,4576.27,4953.08,4808.88,FLIP,138.21,S433 AI Gold Star 123 (Coppock),
2026-02-03 10:30:00,2026-02-03 12:30:00,SELL,4808.88,4888.23,4570.82,4888.23,SL,-79.55,S433 AI Gold Star 123 (Coppock),
2026-02-03 13:30:00,2026-02-03 14:30:00,BUY,4917.3,4854.31,5106.26,4912.19,FLIP,-5.31,S433 AI Gold Star 123 (Coppock),
2026-02-03 14:30:00,2026-02-03 15:30:00,SELL,4912.19,4970.61,4736.92,4916.1,FLIP,-4.11,S433 AI Gold Star 123 (Coppock),
2026-02-03 15:30:00,2026-02-03 16:30:00,BUY,4916.1,4862.78,5076.05,4902.42,FLIP,-13.88,S433 AI Gold Star 123 (Coppock),
2026-02-03 16:30:00,2026-02-03 19:30:00,SELL,4902.42,4950.66,4757.69,4950.66,SL,-48.44,S433 AI Gold Star 123 (Coppock),
2026-02-03 22:00:00,2026-02-03 23:00:00,BUY,4973.09,4924.72,5118.19,4948.45,FLIP,-24.84,S433 AI Gold Star 123 (Coppock),
2026-02-03 23:00:00,2026-02-04 06:00:00,SELL,4948.45,5000.14,4793.38,4980.98,FLIP,-32.73,S433 AI Gold Star 123 (Coppock),
2026-02-04 06:00:00,2026-02-04 11:30:00,BUY,4980.98,4919.36,5165.83,5079.26,FLIP,98.08,S433 AI Gold Star 123 (Coppock),
2026-02-04 11:30:00,2026-02-04 21:30:00,SELL,5079.26,5128.47,4931.62,4931.62,TP,147.44,S433 AI Gold Star 123 (Coppock),
2026-02-05 01:00:00,2026-02-05 08:00:00,BUY,4934.04,4863.59,5145.39,4937.28,FLIP,3.04,S433 AI Gold Star 123 (Coppock),
2026-02-05 08:00:00,2026-02-05 12:30:00,SELL,4937.28,4989.25,4781.36,4920.79,FLIP,16.29,S433 AI Gold Star 123 (Coppock),
2026-02-05 12:30:00,2026-02-05 17:30:00,BUY,4920.79,4840.49,5161.69,4868.06,FLIP,-52.93,S433 AI Gold Star 123 (Coppock),
2026-02-05 17:30:00,2026-02-05 22:00:00,SELL,4868.06,4926.39,4693.07,4850.16,FLIP,17.7,S433 AI Gold Star 123 (Coppock),
2026-02-05 22:00:00,2026-02-06 02:00:00,BUY,4850.16,4785.89,5042.96,4825.5,FLIP,-24.86,S433 AI Gold Star 123 (Coppock),
2026-02-06 02:00:00,2026-02-06 08:00:00,SELL,4825.5,4882.7,4653.91,4820.33,FLIP,4.97,S433 AI Gold Star 123 (Coppock),
2026-02-06 08:00:00,2026-02-06 13:30:00,BUY,4820.33,4750.83,5028.84,4840.17,FLIP,19.64,S433 AI Gold Star 123 (Coppock),
2026-02-06 13:30:00,2026-02-06 14:00:00,SELL,4840.17,4904.1,4648.38,4867.53,FLIP,-27.56,S433 AI Gold Star 123 (Coppock),
2026-02-06 14:00:00,2026-02-06 14:30:00,BUY,4867.53,4806.25,5051.36,4862.15,FLIP,-5.58,S433 AI Gold Star 123 (Coppock),
2026-02-06 14:30:00,2026-02-06 19:00:00,SELL,4862.15,4918.04,4694.47,4909.39,FLIP,-47.44,S433 AI Gold Star 123 (Coppock),
2026-02-06 19:00:00,2026-02-07 00:00:00,BUY,4909.39,4867.04,5036.44,4956.13,FLIP,46.54,S433 AI Gold Star 123 (Coppock),
2026-02-07 00:00:00,2026-02-09 05:00:00,SELL,4956.13,4998.32,4829.56,5024.33,FLIP,-68.4,S433 AI Gold Star 123 (Coppock),
2026-02-09 05:00:00,2026-02-09 07:30:00,BUY,5024.33,4992.22,5120.65,4982.63,FLIP,-41.9,S433 AI Gold Star 123 (Coppock),
2026-02-09 07:30:00,2026-02-09 09:00:00,SELL,4982.63,5019.2,4872.91,5025.16,FLIP,-42.73,S433 AI Gold Star 123 (Coppock),
2026-02-09 09:00:00,2026-02-09 10:00:00,BUY,5025.16,4985.27,5144.84,5017.78,FLIP,-7.58,S433 AI Gold Star 123 (Coppock),
2026-02-09 10:00:00,2026-02-09 14:30:00,SELL,5017.78,5058.57,4895.4,5027.27,FLIP,-9.69,S433 AI Gold Star 123 (Coppock),
2026-02-09 14:30:00,2026-02-09 15:00:00,BUY,5027.27,4993.78,5127.74,5024.33,FLIP,-3.14,S433 AI Gold Star 123 (Coppock),
2026-02-09 15:00:00,2026-02-09 20:00:00,SELL,5024.33,5056.94,4926.51,5020.81,FLIP,3.32,S433 AI Gold Star 123 (Coppock),
2026-02-09 20:00:00,2026-02-10 03:00:00,BUY,5020.81,4991.82,5107.77,5055.19,FLIP,34.18,S433 AI Gold Star 123 (Coppock),
2026-02-10 03:00:00,2026-02-10 10:30:00,SELL,5055.19,5083.0,4971.77,5031.67,FLIP,23.32,S433 AI Gold Star 123 (Coppock),
2026-02-10 10:30:00,2026-02-10 18:30:00,BUY,5031.67,4992.95,5147.84,5032.15,FLIP,0.28,S433 AI Gold Star 123 (Coppock),
2026-02-10 18:30:00,2026-02-10 19:30:00,SELL,5032.15,5056.08,4960.37,5051.12,FLIP,-19.17,S433 AI Gold Star 123 (Coppock),
2026-02-10 19:30:00,2026-02-10 20:30:00,BUY,5051.12,5026.61,5124.64,5039.73,FLIP,-11.59,S433 AI Gold Star 123 (Coppock),
2026-02-10 20:30:00,2026-02-11 02:00:00,SELL,5039.73,5070.53,4947.33,5028.2,FLIP,11.33,S433 AI Gold Star 123 (Coppock),
2026-02-11 02:00:00,2026-02-11 10:30:00,BUY,5028.2,4995.63,5125.91,5046.34,FLIP,17.94,S433 AI Gold Star 123 (Coppock),
2026-02-11 10:30:00,2026-02-11 12:30:00,SELL,5046.34,5068.85,4978.82,5064.18,FLIP,-18.04,S433 AI Gold Star 123 (Coppock),
2026-02-11 12:30:00,2026-02-11 13:00:00,BUY,5064.18,5042.45,5129.38,5059.95,FLIP,-4.43,S433 AI Gold Star 123 (Coppock),
2026-02-11 13:00:00,2026-02-11 16:00:00,SELL,5059.95,5081.73,4994.6,5071.29,FLIP,-11.54,S433 AI Gold Star 123 (Coppock),
2026-02-11 16:00:00,2026-02-11 18:30:00,BUY,5071.29,5053.15,5125.7,5053.15,SL,-18.34,S433 AI Gold Star 123 (Coppock),
2026-02-11 19:30:00,2026-02-12 01:00:00,SELL,5066.14,5102.07,4958.36,5091.72,FLIP,-25.78,S433 AI Gold Star 123 (Coppock),
2026-02-12 01:00:00,2026-02-12 05:30:00,BUY,5091.72,5048.93,5220.08,5061.2,FLIP,-30.72,S433 AI Gold Star 123 (Coppock),
2026-02-12 05:30:00,2026-02-12 10:30:00,SELL,5061.2,5088.94,4977.99,5069.73,FLIP,-8.73,S433 AI Gold Star 123 (Coppock),
2026-02-12 10:30:00,2026-02-12 16:00:00,BUY,5069.73,5045.71,5141.8,5061.37,FLIP,-8.56,S433 AI Gold Star 123 (Coppock),
2026-02-12 16:00:00,2026-02-12 19:00:00,SELL,5061.37,5081.8,5000.08,5062.44,FLIP,-1.27,S433 AI Gold Star 123 (Coppock),
2026-02-12 19:00:00,2026-02-12 20:00:00,BUY,5062.44,5042.51,5122.23,5059.92,FLIP,-2.72,S433 AI Gold Star 123 (Coppock),
2026-02-12 20:00:00,2026-02-12 21:00:00,SELL,5059.92,5081.64,4994.77,5066.01,FLIP,-6.29,S433 AI Gold Star 123 (Coppock),
2026-02-12 21:00:00,2026-02-12 21:30:00,BUY,5066.01,5039.94,5144.23,5060.22,FLIP,-5.99,S433 AI Gold Star 123 (Coppock),
2026-02-12 21:30:00,2026-02-12 22:00:00,SELL,5060.22,5085.76,4983.61,4983.61,TP,76.41,S433 AI Gold Star 123 (Coppock),
2026-02-13 03:30:00,2026-02-13 11:30:00,BUY,4921.62,4860.95,5103.63,4946.16,FLIP,24.34,S433 AI Gold Star 123 (Coppock),
2026-02-13 11:30:00,2026-02-13 13:30:00,SELL,4946.16,4982.63,4836.75,4982.63,SL,-36.67,S433 AI Gold Star 123 (Coppock),
2026-02-13 18:00:00,2026-02-13 21:30:00,BUY,4967.34,4937.03,5058.27,4976.85,FLIP,9.31,S433 AI Gold Star 123 (Coppock),
2026-02-13 21:30:00,2026-02-13 22:00:00,SELL,4976.85,5012.94,4868.59,5027.75,FLIP,-51.1,S433 AI Gold Star 123 (Coppock),
2026-02-13 22:00:00,2026-02-14 01:30:00,BUY,5027.75,4987.38,5148.85,5025.78,FLIP,-2.17,S433 AI Gold Star 123 (Coppock),
2026-02-14 01:30:00,2026-02-16 12:00:00,SELL,5025.78,5064.32,4910.16,4993.12,FLIP,32.46,S433 AI Gold Star 123 (Coppock),
2026-02-16 12:00:00,2026-02-16 18:00:00,BUY,4993.12,4969.26,5064.71,4996.39,FLIP,3.07,S433 AI Gold Star 123 (Coppock),
2026-02-16 18:00:00,2026-02-16 23:00:00,SELL,4996.39,5011.74,4950.33,4994.67,FLIP,1.52,S433 AI Gold Star 123 (Coppock),
2026-02-16 23:00:00,2026-02-17 06:00:00,BUY,4994.67,4979.11,5041.35,4973.44,FLIP,-21.43,S433 AI Gold Star 123 (Coppock),
2026-02-17 06:00:00,2026-02-17 07:00:00,SELL,4973.44,4988.36,4928.69,4928.69,TP,44.55,S433 AI Gold Star 123 (Coppock),
2026-02-17 13:30:00,2026-02-17 19:30:00,BUY,4917.12,4885.26,5012.7,4870.67,FLIP,-46.65,S433 AI Gold Star 123 (Coppock),
2026-02-17 19:30:00,2026-02-17 20:00:00,SELL,4870.67,4897.85,4789.14,4897.85,SL,-27.38,S433 AI Gold Star 123 (Coppock),
2026-02-18 00:30:00,2026-02-18 05:30:00,BUY,4899.02,4855.21,5030.45,4855.21,SL,-44.01,S433 AI Gold Star 123 (Coppock),
2026-02-18 13:30:00,2026-02-18 18:30:00,SELL,4930.3,4946.91,4880.48,4943.0,FLIP,-12.9,S433 AI Gold Star 123 (Coppock),
2026-02-18 18:30:00,2026-02-18 21:00:00,BUY,4943.0,4925.84,4994.47,4994.47,TP,51.27,S433 AI Gold Star 123 (Coppock),
2026-02-19 00:00:00,2026-02-19 08:00:00,SELL,4988.17,5012.57,4914.96,4972.85,FLIP,15.12,S433 AI Gold Star 123 (Coppock),
2026-02-19 08:00:00,2026-02-19 15:00:00,BUY,4972.85,4953.9,5029.71,5000.64,FLIP,27.59,S433 AI Gold Star 123 (Coppock),
2026-02-19 15:00:00,2026-02-19 20:30:00,SELL,5000.64,5015.88,4954.92,5005.61,FLIP,-5.17,S433 AI Gold Star 123 (Coppock),
2026-02-19 20:30:00,2026-02-19 23:30:00,BUY,5005.61,4979.76,5083.16,4984.93,FLIP,-20.88,S433 AI Gold Star 123 (Coppock),
2026-02-19 23:30:00,2026-02-20 00:30:00,SELL,4984.93,5012.92,4900.96,4981.82,FLIP,2.91,S433 AI Gold Star 123 (Coppock),
2026-02-20 00:30:00,2026-02-20 01:00:00,BUY,4981.82,4954.33,5064.29,4989.21,FLIP,7.19,S433 AI Gold Star 123 (Coppock),
2026-02-20 01:00:00,2026-02-20 01:30:00,SELL,4989.21,5016.5,4907.33,4987.95,FLIP,1.06,S433 AI Gold Star 123 (Coppock),
2026-02-20 01:30:00,2026-02-20 02:00:00,BUY,4987.95,4960.7,5069.69,4995.78,FLIP,7.63,S433 AI Gold Star 123 (Coppock),
2026-02-20 02:00:00,2026-02-20 06:00:00,SELL,4995.78,5022.58,4915.39,4990.59,FLIP,4.99,S433 AI Gold Star 123 (Coppock),
2026-02-20 06:00:00,2026-02-20 09:00:00,BUY,4990.59,4973.14,5042.95,4992.24,FLIP,1.45,S433 AI Gold Star 123 (Coppock),
2026-02-20 09:00:00,2026-02-20 11:00:00,SELL,4992.24,5010.46,4937.59,5001.67,FLIP,-9.63,S433 AI Gold Star 123 (Coppock),
2026-02-20 11:00:00,2026-02-20 13:30:00,BUY,5001.67,4983.29,5056.82,5006.48,FLIP,4.61,S433 AI Gold Star 123 (Coppock),
2026-02-20 13:30:00,2026-02-20 14:00:00,SELL,5006.48,5025.2,4950.31,5018.46,FLIP,-12.18,S433 AI Gold Star 123 (Coppock),
2026-02-20 14:00:00,2026-02-20 17:00:00,BUY,5018.46,5000.18,5073.31,5028.72,FLIP,10.06,S433 AI Gold Star 123 (Coppock),
2026-02-20 17:00:00,2026-02-20 19:30:00,SELL,5028.72,5047.11,4973.54,5043.59,FLIP,-15.07,S433 AI Gold Star 123 (Coppock),
2026-02-20 19:30:00,2026-02-20 20:00:00,BUY,5043.59,5022.04,5108.24,5041.64,FLIP,-2.15,S433 AI Gold Star 123 (Coppock),
2026-02-20 20:00:00,2026-02-20 20:30:00,SELL,5041.64,5062.26,4979.77,5054.6,FLIP,-13.16,S433 AI Gold Star 123 (Coppock),
2026-02-20 20:30:00,2026-02-20 21:00:00,BUY,5054.6,5032.8,5120.0,5026.16,FLIP,-28.64,S433 AI Gold Star 123 (Coppock),
2026-02-20 21:00:00,2026-02-20 22:00:00,SELL,5026.16,5054.39,4941.47,5053.89,FLIP,-27.93,S433 AI Gold Star 123 (Coppock),
2026-02-20 22:00:00,2026-02-23 05:00:00,BUY,5053.89,5022.91,5146.82,5146.82,TP,92.73,S433 AI Gold Star 123 (Coppock),
2026-02-23 09:00:00,2026-02-23 16:00:00,SELL,5164.29,5193.31,5077.22,5156.1,FLIP,7.99,S433 AI Gold Star 123 (Coppock),
2026-02-23 16:00:00,2026-02-23 22:00:00,BUY,5156.1,5137.73,5211.23,5211.23,TP,54.92,S433 AI Gold Star 123 (Coppock),
2026-02-24 01:30:00,2026-02-24 02:30:00,SELL,5215.76,5243.66,5132.05,5236.31,FLIP,-20.75,S433 AI Gold Star 123 (Coppock),
2026-02-24 02:30:00,2026-02-24 03:00:00,BUY,5236.31,5209.0,5318.23,5229.96,FLIP,-6.55,S433 AI Gold Star 123 (Coppock),
2026-02-24 03:00:00,2026-02-24 07:00:00,SELL,5229.96,5255.59,5153.08,5153.08,TP,76.68,S433 AI Gold Star 123 (Coppock),
2026-02-24 12:30:00,2026-02-24 18:00:00,BUY,5173.63,5143.5,5264.02,5161.69,FLIP,-12.14,S433 AI Gold Star 123 (Coppock),
2026-02-24 18:00:00,2026-02-24 20:00:00,SELL,5161.69,5182.62,5098.89,5098.89,TP,62.6,S433 AI Gold Star 123 (Coppock),
2026-02-24 21:30:00,2026-02-24 22:30:00,BUY,5150.31,5121.29,5237.36,5141.93,FLIP,-8.58,S433 AI Gold Star 123 (Coppock),
2026-02-24 22:30:00,2026-02-24 23:00:00,SELL,5141.93,5172.1,5051.41,5158.59,FLIP,-16.86,S433 AI Gold Star 123 (Coppock),
2026-02-24 23:00:00,2026-02-25 05:00:00,BUY,5158.59,5127.19,5252.78,5130.99,FLIP,-27.8,S433 AI Gold Star 123 (Coppock),
2026-02-25 05:00:00,2026-02-25 06:30:00,SELL,5130.99,5154.34,5060.93,5154.34,SL,-23.55,S433 AI Gold Star 123 (Coppock),
2026-02-25 07:00:00,2026-02-25 12:30:00,BUY,5185.4,5159.54,5262.99,5194.62,FLIP,9.02,S433 AI Gold Star 123 (Coppock),
2026-02-25 12:30:00,2026-02-25 19:00:00,SELL,5194.62,5218.82,5122.01,5187.98,FLIP,6.44,S433 AI Gold Star 123 (Coppock),
2026-02-25 19:00:00,2026-02-25 19:30:00,BUY,5187.98,5169.7,5242.82,5185.22,FLIP,-2.96,S433 AI Gold Star 123 (Coppock),
2026-02-25 19:30:00,2026-02-25 20:30:00,SELL,5185.22,5203.85,5129.33,5191.2,FLIP,-6.18,S433 AI Gold Star 123 (Coppock),
2026-02-25 20:30:00,2026-02-25 21:00:00,BUY,5191.2,5169.54,5256.17,5180.37,FLIP,-11.03,S433 AI Gold Star 123 (Coppock),
2026-02-25 21:00:00,2026-02-25 21:30:00,SELL,5180.37,5204.06,5109.31,5194.51,FLIP,-14.34,S433 AI Gold Star 123 (Coppock),
2026-02-25 21:30:00,2026-02-26 02:00:00,BUY,5194.51,5169.48,5269.6,5186.11,FLIP,-8.6,S433 AI Gold Star 123 (Coppock),
2026-02-26 02:00:00,2026-02-26 07:30:00,SELL,5186.11,5209.92,5114.69,5191.58,FLIP,-5.67,S433 AI Gold Star 123 (Coppock),
2026-02-26 07:30:00,2026-02-26 08:00:00,BUY,5191.58,5165.24,5270.59,5180.8,FLIP,-10.98,S433 AI Gold Star 123 (Coppock),
2026-02-26 08:00:00,2026-02-26 08:30:00,SELL,5180.8,5208.64,5097.29,5184.44,FLIP,-3.84,S433 AI Gold Star 123 (Coppock),
2026-02-26 08:30:00,2026-02-26 13:00:00,BUY,5184.44,5156.01,5269.72,5184.97,FLIP,0.33,S433 AI Gold Star 123 (Coppock),
2026-02-26 13:00:00,2026-02-26 18:30:00,SELL,5184.97,5202.18,5133.35,5183.77,FLIP,1.0,S433 AI Gold Star 123 (Coppock),
2026-02-26 18:30:00,2026-02-26 19:00:00,BUY,5183.77,5165.94,5237.27,5174.78,FLIP,-9.19,S433 AI Gold Star 123 (Coppock),
2026-02-26 19:00:00,2026-02-26 20:00:00,SELL,5174.78,5193.73,5117.94,5170.39,FLIP,4.19,S433 AI Gold Star 123 (Coppock),
2026-02-26 20:00:00,2026-02-26 20:30:00,BUY,5170.39,5150.96,5228.67,5165.16,FLIP,-5.43,S433 AI Gold Star 123 (Coppock),
2026-02-26 20:30:00,2026-02-26 21:30:00,SELL,5165.16,5187.36,5098.55,5185.8,FLIP,-20.84,S433 AI Gold Star 123 (Coppock),
2026-02-26 21:30:00,2026-02-27 03:00:00,BUY,5185.8,5156.69,5273.14,5185.79,FLIP,-0.21,S433 AI Gold Star 123 (Coppock),
2026-02-27 03:00:00,2026-02-27 03:30:00,SELL,5185.79,5216.44,5093.84,5184.41,FLIP,1.18,S433 AI Gold Star 123 (Coppock),
2026-02-27 03:30:00,2026-02-27 05:30:00,BUY,5184.41,5156.72,5267.47,5184.68,FLIP,0.07,S433 AI Gold Star 123 (Coppock),
2026-02-27 05:30:00,2026-02-27 07:30:00,SELL,5184.68,5204.55,5125.07,5194.16,FLIP,-9.68,S433 AI Gold Star 123 (Coppock),
2026-02-27 07:30:00,2026-02-27 08:00:00,BUY,5194.16,5172.94,5257.82,5184.19,FLIP,-10.17,S433 AI Gold Star 123 (Coppock),
2026-02-27 08:00:00,2026-02-27 11:00:00,SELL,5184.19,5205.53,5120.17,5194.77,FLIP,-10.78,S433 AI Gold Star 123 (Coppock),
2026-02-27 11:00:00,2026-02-27 13:00:00,BUY,5194.77,5176.53,5249.5,5178.65,FLIP,-16.32,S433 AI Gold Star 123 (Coppock),
2026-02-27 13:00:00,2026-02-27 17:30:00,SELL,5178.65,5196.44,5125.27,5185.6,FLIP,-7.15,S433 AI Gold Star 123 (Coppock),
2026-02-27 17:30:00,2026-02-27 19:00:00,BUY,5185.6,5171.84,5226.89,5226.89,TP,41.09,S433 AI Gold Star 123 (Coppock),
2026-02-28 00:00:00,2026-02-28 02:00:00,SELL,5230.68,5260.22,5142.05,5260.22,SL,-29.74,S433 AI Gold Star 123 (Coppock),
2026-02-28 03:30:00,2026-03-02 05:00:00,BUY,5278.16,5253.87,5351.03,5351.03,TP,72.67,S433 AI Gold Star 123 (Coppock),
2026-03-02 07:00:00,2026-03-02 07:30:00,SELL,5307.57,5348.91,5183.54,5325.08,FLIP,-17.71,S433 AI Gold Star 123 (Coppock),
2026-03-02 07:30:00,2026-03-02 10:00:00,BUY,5325.08,5281.89,5454.65,5363.49,FLIP,38.21,S433 AI Gold Star 123 (Coppock),
2026-03-02 10:00:00,2026-03-02 13:00:00,SELL,5363.49,5408.0,5229.96,5408.0,SL,-44.71,S433 AI Gold Star 123 (Coppock),
2026-03-02 13:30:00,2026-03-02 14:30:00,BUY,5408.07,5377.01,5501.26,5394.1,FLIP,-14.17,S433 AI Gold Star 123 (Coppock),
2026-03-02 14:30:00,2026-03-02 20:00:00,SELL,5394.1,5420.97,5313.49,5313.49,TP,80.41,S433 AI Gold Star 123 (Coppock),
2026-03-03 01:00:00,2026-03-03 09:30:00,BUY,5330.85,5279.74,5484.17,5367.07,FLIP,36.02,S433 AI Gold Star 123 (Coppock),
2026-03-03 09:30:00,2026-03-03 10:00:00,SELL,5367.07,5395.32,5282.33,5371.94,FLIP,-5.07,S433 AI Gold Star 123 (Coppock),
2026-03-03 10:00:00,2026-03-03 10:30:00,BUY,5371.94,5343.89,5456.1,5361.08,FLIP,-11.06,S433 AI Gold Star 123 (Coppock),
2026-03-03 10:30:00,2026-03-03 15:00:00,SELL,5361.08,5389.23,5276.62,5276.62,TP,84.26,S433 AI Gold Star 123 (Coppock),
2026-03-03 18:30:00,2026-03-03 19:00:00,BUY,5224.58,5152.62,5440.47,5177.93,FLIP,-46.85,S433 AI Gold Star 123 (Coppock),
2026-03-03 19:00:00,2026-03-03 22:00:00,SELL,5177.93,5253.59,4950.95,5112.84,FLIP,64.89,S433 AI Gold Star 123 (Coppock),
2026-03-03 22:00:00,2026-03-04 08:30:00,BUY,5112.84,5013.48,5410.93,5156.23,FLIP,43.19,S433 AI Gold Star 123 (Coppock),
2026-03-04 08:30:00,2026-03-04 09:00:00,SELL,5156.23,5196.69,5034.85,5162.49,FLIP,-6.46,S433 AI Gold Star 123 (Coppock),
2026-03-04 09:00:00,2026-03-04 10:30:00,BUY,5162.49,5124.16,5277.48,5156.89,FLIP,-5.8,S433 AI Gold Star 123 (Coppock),
2026-03-04 10:30:00,2026-03-04 16:00:00,SELL,5156.89,5192.27,5050.74,5188.18,FLIP,-31.49,S433 AI Gold Star 123 (Coppock),
2026-03-04 16:00:00,2026-03-04 18:30:00,BUY,5188.18,5157.64,5279.79,5171.16,FLIP,-17.22,S433 AI Gold Star 123 (Coppock),
2026-03-04 18:30:00,2026-03-04 19:00:00,SELL,5171.16,5201.88,5079.01,5192.35,FLIP,-21.39,S433 AI Gold Star 123 (Coppock),
2026-03-04 19:00:00,2026-03-04 19:30:00,BUY,5192.35,5163.19,5279.84,5167.95,FLIP,-24.6,S433 AI Gold Star 123 (Coppock),
2026-03-04 19:30:00,2026-03-05 01:30:00,SELL,5167.95,5196.92,5081.03,5137.97,FLIP,29.78,S433 AI Gold Star 123 (Coppock),
2026-03-05 01:30:00,2026-03-05 10:30:00,BUY,5137.97,5099.33,5253.88,5171.58,FLIP,33.41,S433 AI Gold Star 123 (Coppock),
2026-03-05 10:30:00,2026-03-05 16:30:00,SELL,5171.58,5193.27,5106.52,5164.57,FLIP,6.81,S433 AI Gold Star 123 (Coppock),
2026-03-05 16:30:00,2026-03-05 19:00:00,BUY,5164.57,5136.32,5249.31,5121.93,FLIP,-42.84,S433 AI Gold Star 123 (Coppock),
2026-03-05 19:00:00,2026-03-06 01:00:00,SELL,5121.93,5152.3,5030.81,5066.92,FLIP,54.81,S433 AI Gold Star 123 (Coppock),
2026-03-06 01:00:00,2026-03-06 11:30:00,BUY,5066.92,5020.7,5205.58,5117.12,FLIP,50.0,S433 AI Gold Star 123 (Coppock),
2026-03-06 11:30:00,2026-03-06 19:30:00,SELL,5117.12,5142.52,5040.91,5085.08,FLIP,31.84,S433 AI Gold Star 123 (Coppock),
2026-03-06 19:30:00,2026-03-07 02:00:00,BUY,5085.08,5052.51,5182.8,5153.81,FLIP,68.53,S433 AI Gold Star 123 (Coppock),
2026-03-07 02:00:00,2026-03-09 06:00:00,SELL,5153.81,5191.18,5041.71,5041.71,TP,111.9,S433 AI Gold Star 123 (Coppock),
2026-03-09 09:30:00,2026-03-09 15:30:00,BUY,5091.46,5036.11,5257.51,5105.32,FLIP,13.66,S433 AI Gold Star 123 (Coppock),
2026-03-09 15:30:00,2026-03-09 18:00:00,SELL,5105.32,5137.74,5008.07,5109.75,FLIP,-4.63,S433 AI Gold Star 123 (Coppock),
2026-03-09 18:00:00,2026-03-09 18:30:00,BUY,5109.75,5076.25,5210.25,5095.04,FLIP,-14.91,S433 AI Gold Star 123 (Coppock),
2026-03-09 18:30:00,2026-03-09 21:00:00,SELL,5095.04,5125.36,5004.08,5099.61,FLIP,-4.77,S433 AI Gold Star 123 (Coppock),
2026-03-09 21:00:00,2026-03-10 06:00:00,BUY,5099.61,5064.7,5204.34,5130.64,FLIP,30.83,S433 AI Gold Star 123 (Coppock),
2026-03-10 06:00:00,2026-03-10 07:00:00,SELL,5130.64,5154.8,5058.16,5158.11,FLIP,-27.67,S433 AI Gold Star 123 (Coppock),
2026-03-10 07:00:00,2026-03-10 08:30:00,BUY,5158.11,5130.35,5241.38,5165.65,FLIP,7.34,S433 AI Gold Star 123 (Coppock),
2026-03-10 08:30:00,2026-03-10 11:00:00,SELL,5165.65,5195.97,5074.69,5171.72,FLIP,-6.27,S433 AI Gold Star 123 (Coppock),
2026-03-10 11:00:00,2026-03-10 12:30:00,BUY,5171.72,5145.33,5250.89,5175.37,FLIP,3.45,S433 AI Gold Star 123 (Coppock),
2026-03-10 12:30:00,2026-03-10 19:00:00,SELL,5175.37,5198.66,5105.49,5221.61,FLIP,-46.44,S433 AI Gold Star 123 (Coppock),
2026-03-10 19:00:00,2026-03-10 19:30:00,BUY,5221.61,5198.81,5290.01,5198.81,SL,-23.0,S433 AI Gold Star 123 (Coppock),
2026-03-11 00:00:00,2026-03-11 06:30:00,SELL,5203.03,5234.9,5107.41,5215.51,FLIP,-12.68,S433 AI Gold Star 123 (Coppock),
2026-03-11 06:30:00,2026-03-11 11:30:00,BUY,5215.51,5188.77,5295.73,5199.53,FLIP,-16.18,S433 AI Gold Star 123 (Coppock),
2026-03-11 11:30:00,2026-03-11 18:00:00,SELL,5199.53,5219.1,5140.83,5190.68,FLIP,8.65,S433 AI Gold Star 123 (Coppock),
2026-03-11 18:00:00,2026-03-11 18:30:00,BUY,5190.68,5170.86,5250.15,5167.45,FLIP,-23.43,S433 AI Gold Star 123 (Coppock),
2026-03-11 18:30:00,2026-03-11 19:00:00,SELL,5167.45,5188.94,5102.99,5181.39,FLIP,-14.14,S433 AI Gold Star 123 (Coppock),
2026-03-11 19:00:00,2026-03-11 19:30:00,BUY,5181.39,5159.23,5247.86,5159.23,SL,-22.36,S433 AI Gold Star 123 (Coppock),
2026-03-11 21:30:00,2026-03-11 22:30:00,SELL,5166.39,5192.46,5088.18,5175.72,FLIP,-9.53,S433 AI Gold Star 123 (Coppock),
2026-03-11 22:30:00,2026-03-11 23:30:00,BUY,5175.72,5149.66,5253.91,5169.86,FLIP,-6.06,S433 AI Gold Star 123 (Coppock),
2026-03-11 23:30:00,2026-03-12 00:00:00,SELL,5169.86,5196.53,5089.84,5177.69,FLIP,-8.03,S433 AI Gold Star 123 (Coppock),
2026-03-12 00:00:00,2026-03-12 04:00:00,BUY,5177.69,5151.54,5256.14,5170.03,FLIP,-7.86,S433 AI Gold Star 123 (Coppock),
2026-03-12 04:00:00,2026-03-12 07:30:00,SELL,5170.03,5187.29,5118.26,5168.6,FLIP,1.23,S433 AI Gold Star 123 (Coppock),
2026-03-12 07:30:00,2026-03-12 08:30:00,BUY,5168.6,5144.53,5240.82,5150.66,FLIP,-18.14,S433 AI Gold Star 123 (Coppock),
2026-03-12 08:30:00,2026-03-12 10:00:00,SELL,5150.66,5176.53,5073.05,5152.7,FLIP,-2.24,S433 AI Gold Star 123 (Coppock),
2026-03-12 10:00:00,2026-03-12 10:30:00,BUY,5152.7,5127.45,5228.45,5142.6,FLIP,-10.3,S433 AI Gold Star 123 (Coppock),
2026-03-12 10:30:00,2026-03-12 11:00:00,SELL,5142.6,5168.86,5063.81,5143.0,FLIP,-0.6,S433 AI Gold Star 123 (Coppock),
2026-03-12 11:00:00,2026-03-12 18:00:00,BUY,5143.0,5117.19,5220.44,5172.32,FLIP,29.12,S433 AI Gold Star 123 (Coppock),
2026-03-12 18:00:00,2026-03-12 21:00:00,SELL,5172.32,5188.83,5122.78,5122.78,TP,49.34,S433 AI Gold Star 123 (Coppock),
2026-03-13 02:30:00,2026-03-13 11:00:00,BUY,5079.2,5052.47,5159.4,5105.88,FLIP,26.48,S433 AI Gold Star 123 (Coppock),
2026-03-13 11:00:00,2026-03-13 16:00:00,SELL,5105.88,5121.06,5060.34,5089.31,FLIP,16.37,S433 AI Gold Star 123 (Coppock),
2026-03-13 16:00:00,2026-03-13 20:30:00,BUY,5089.31,5069.0,5150.24,5041.47,FLIP,-48.04,S433 AI Gold Star 123 (Coppock),
2026-03-13 20:30:00,2026-03-13 21:00:00,SELL,5041.47,5069.82,4956.43,5069.82,SL,-28.55,S433 AI Gold Star 123 (Coppock),
2026-03-16 04:00:00,2026-03-16 05:00:00,BUY,5012.68,4978.45,5115.37,4989.78,FLIP,-23.1,S433 AI Gold Star 123 (Coppock),
2026-03-16 05:00:00,2026-03-16 05:30:00,SELL,4989.78,5022.64,4891.2,4997.67,FLIP,-8.09,S433 AI Gold Star 123 (Coppock),
2026-03-16 05:30:00,2026-03-16 07:00:00,BUY,4997.67,4965.84,5093.16,4988.01,FLIP,-9.86,S433 AI Gold Star 123 (Coppock),
2026-03-16 07:00:00,2026-03-16 07:30:00,SELL,4988.01,5023.75,4880.78,5016.06,FLIP,-28.25,S433 AI Gold Star 123 (Coppock),
2026-03-16 07:30:00,2026-03-16 13:00:00,BUY,5016.06,4978.87,5127.62,5002.45,FLIP,-13.81,S433 AI Gold Star 123 (Coppock),
2026-03-16 13:00:00,2026-03-16 14:00:00,SELL,5002.45,5029.32,4921.85,4997.07,FLIP,5.18,S433 AI Gold Star 123 (Coppock),
2026-03-16 14:00:00,2026-03-16 14:30:00,BUY,4997.07,4973.13,5068.89,4991.1,FLIP,-6.17,S433 AI Gold Star 123 (Coppock),
2026-03-16 14:30:00,2026-03-16 17:00:00,SELL,4991.1,5012.89,4925.74,5019.1,FLIP,-28.2,S433 AI Gold Star 123 (Coppock),
2026-03-16 17:00:00,2026-03-16 17:30:00,BUY,5019.1,4992.87,5097.8,4996.99,FLIP,-22.31,S433 AI Gold Star 123 (Coppock),
2026-03-16 17:30:00,2026-03-16 18:00:00,SELL,4996.99,5024.81,4913.52,5022.76,FLIP,-25.97,S433 AI Gold Star 123 (Coppock),
2026-03-16 18:00:00,2026-03-16 20:30:00,BUY,5022.76,4992.49,5113.56,4992.49,SL,-30.47,S433 AI Gold Star 123 (Coppock),
2026-03-16 21:30:00,2026-03-17 00:30:00,SELL,4986.98,5018.12,4893.56,5012.79,FLIP,-26.01,S433 AI Gold Star 123 (Coppock),
2026-03-17 00:30:00,2026-03-17 01:00:00,BUY,5012.79,4984.81,5096.72,5010.56,FLIP,-2.43,S433 AI Gold Star 123 (Coppock),
2026-03-17 01:00:00,2026-03-17 01:30:00,SELL,5010.56,5036.48,4932.79,5013.28,FLIP,-2.92,S433 AI Gold Star 123 (Coppock),
2026-03-17 01:30:00,2026-03-17 06:30:00,BUY,5013.28,4987.89,5089.46,5003.17,FLIP,-10.31,S433 AI Gold Star 123 (Coppock),
2026-03-17 06:30:00,2026-03-17 07:00:00,SELL,5003.17,5020.61,4950.85,5013.68,FLIP,-10.71,S433 AI Gold Star 123 (Coppock),
2026-03-17 07:00:00,2026-03-17 08:30:00,BUY,5013.68,4995.56,5068.03,5022.67,FLIP,8.79,S433 AI Gold Star 123 (Coppock),
2026-03-17 08:30:00,2026-03-17 09:00:00,SELL,5022.67,5039.84,4971.17,5032.61,FLIP,-10.14,S433 AI Gold Star 123 (Coppock),
2026-03-17 09:00:00,2026-03-17 11:30:00,BUY,5032.61,5015.35,5084.39,5020.77,FLIP,-12.04,S433 AI Gold Star 123 (Coppock),
2026-03-17 11:30:00,2026-03-17 18:00:00,SELL,5020.77,5037.99,4969.12,5020.07,FLIP,0.5,S433 AI Gold Star 123 (Coppock),
2026-03-17 18:00:00,2026-03-17 21:00:00,BUY,5020.07,5000.57,5078.57,4994.82,FLIP,-25.45,S433 AI Gold Star 123 (Coppock),
2026-03-17 21:00:00,2026-03-17 22:00:00,SELL,4994.82,5017.01,4928.24,5004.08,FLIP,-9.46,S433 AI Gold Star 123 (Coppock),
2026-03-17 22:00:00,2026-03-18 01:00:00,BUY,5004.08,4979.69,5077.26,4999.75,FLIP,-4.53,S433 AI Gold Star 123 (Coppock),
2026-03-18 01:00:00,2026-03-18 02:00:00,SELL,4999.75,5020.53,4937.42,5003.96,FLIP,-4.41,S433 AI Gold Star 123 (Coppock),
2026-03-18 02:00:00,2026-03-18 07:30:00,BUY,5003.96,4984.22,5063.17,4998.81,FLIP,-5.35,S433 AI Gold Star 123 (Coppock),
2026-03-18 07:30:00,2026-03-18 08:00:00,SELL,4998.81,5011.96,4959.36,5002.3,FLIP,-3.69,S433 AI Gold Star 123 (Coppock),
2026-03-18 08:00:00,2026-03-18 08:30:00,BUY,5002.3,4988.91,5042.48,4991.93,FLIP,-10.57,S433 AI Gold Star 123 (Coppock),
2026-03-18 08:30:00,2026-03-18 11:30:00,SELL,4991.93,5005.85,4950.17,4997.64,FLIP,-5.91,S433 AI Gold Star 123 (Coppock),
2026-03-18 11:30:00,2026-03-18 13:30:00,BUY,4997.64,4982.48,5043.11,4995.0,FLIP,-2.84,S433 AI Gold Star 123 (Coppock),
2026-03-18 13:30:00,2026-03-18 15:00:00,SELL,4995.0,5012.66,4942.02,4992.37,FLIP,2.43,S433 AI Gold Star 123 (Coppock),
2026-03-18 15:00:00,2026-03-18 16:00:00,BUY,4992.37,4975.68,5042.43,4982.6,FLIP,-9.97,S433 AI Gold Star 123 (Coppock),
2026-03-18 16:00:00,2026-03-18 17:30:00,SELL,4982.6,4998.41,4935.18,4935.18,TP,47.22,S433 AI Gold Star 123 (Coppock),
2026-03-18 22:00:00,2026-03-19 01:00:00,BUY,4882.37,4843.69,4998.4,4843.69,SL,-38.88,S433 AI Gold Star 123 (Coppock),
2026-03-19 06:00:00,2026-03-19 07:00:00,SELL,4842.48,4874.85,4745.36,4845.44,FLIP,-3.16,S433 AI Gold Star 123 (Coppock),
2026-03-19 07:00:00,2026-03-19 11:30:00,BUY,4845.44,4813.03,4942.66,4827.56,FLIP,-18.08,S433 AI Gold Star 123 (Coppock),
2026-03-19 11:30:00,2026-03-19 12:30:00,SELL,4827.56,4846.73,4770.05,4770.05,TP,57.31,S433 AI Gold Star 123 (Coppock),
2026-03-19 19:30:00,2026-03-20 07:00:00,BUY,4620.35,4549.93,4831.6,4662.14,FLIP,41.59,S433 AI Gold Star 123 (Coppock),
2026-03-20 07:00:00,2026-03-20 07:30:00,SELL,4662.14,4696.66,4558.57,4696.66,SL,-34.72,S433 AI Gold Star 123 (Coppock),
2026-03-20 08:00:00,2026-03-20 11:30:00,BUY,4683.79,4648.22,4790.5,4688.55,FLIP,4.56,S433 AI Gold Star 123 (Coppock),
2026-03-20 11:30:00,2026-03-20 14:00:00,SELL,4688.55,4722.04,4588.07,4722.04,SL,-33.69,S433 AI Gold Star 123 (Coppock),
2026-03-20 18:00:00,2026-03-20 19:00:00,BUY,4678.34,4638.25,4798.62,4660.09,FLIP,-18.45,S433 AI Gold Star 123 (Coppock),
2026-03-20 19:00:00,2026-03-20 21:00:00,SELL,4660.09,4699.14,4542.94,4542.94,TP,116.95,S433 AI Gold Star 123 (Coppock),
2026-03-20 23:30:00,2026-03-21 00:00:00,BUY,4573.53,4520.98,4731.19,4554.4,FLIP,-19.33,S433 AI Gold Star 123 (Coppock),
2026-03-21 00:00:00,2026-03-21 02:00:00,SELL,4554.4,4608.04,4393.47,4501.22,FLIP,52.98,S433 AI Gold Star 123 (Coppock),
2026-03-21 02:00:00,2026-03-23 06:00:00,BUY,4501.22,4440.16,4684.39,4427.33,FLIP,-74.09,S433 AI Gold Star 123 (Coppock),
2026-03-23 06:00:00,2026-03-23 10:00:00,SELL,4427.33,4483.41,4259.1,4368.36,FLIP,58.77,S433 AI Gold Star 123 (Coppock),
2026-03-23 10:00:00,2026-03-23 11:30:00,BUY,4368.36,4291.96,4597.55,4310.16,FLIP,-58.4,S433 AI Gold Star 123 (Coppock),
2026-03-23 11:30:00,2026-03-23 14:00:00,SELL,4310.16,4386.94,4079.81,4226.73,FLIP,83.23,S433 AI Gold Star 123 (Coppock),
2026-03-23 14:00:00,2026-03-23 18:30:00,BUY,4226.73,4142.58,4479.19,4479.19,TP,252.26,S433 AI Gold Star 123 (Coppock),
2026-03-23 21:30:00,2026-03-24 04:30:00,SELL,4363.79,4479.41,4016.94,4426.85,FLIP,-63.26,S433 AI Gold Star 123 (Coppock),
2026-03-24 04:30:00,2026-03-24 06:00:00,BUY,4426.85,4361.24,4623.67,4378.27,FLIP,-48.78,S433 AI Gold Star 123 (Coppock),
2026-03-24 06:00:00,2026-03-24 11:30:00,SELL,4378.27,4435.89,4205.41,4347.3,FLIP,30.77,S433 AI Gold Star 123 (Coppock),
2026-03-24 11:30:00,2026-03-24 17:30:00,BUY,4347.3,4288.75,4522.95,4407.97,FLIP,60.47,S433 AI Gold Star 123 (Coppock),
2026-03-24 17:30:00,2026-03-25 00:00:00,SELL,4407.97,4459.18,4254.33,4407.41,FLIP,0.36,S433 AI Gold Star 123 (Coppock),
2026-03-25 00:00:00,2026-03-25 05:30:00,BUY,4407.41,4361.54,4545.01,4545.01,TP,137.4,S433 AI Gold Star 123 (Coppock),
2026-03-25 09:00:00,2026-03-25 16:30:00,SELL,4575.35,4619.67,4442.4,4558.84,FLIP,16.31,S433 AI Gold Star 123 (Coppock),
2026-03-25 16:30:00,2026-03-25 18:30:00,BUY,4558.84,4532.51,4637.84,4544.09,FLIP,-14.95,S433 AI Gold Star 123 (Coppock),
2026-03-25 18:30:00,2026-03-25 19:00:00,SELL,4544.09,4577.07,4445.14,4568.91,FLIP,-25.02,S433 AI Gold Star 123 (Coppock),
2026-03-25 19:00:00,2026-03-25 19:30:00,BUY,4568.91,4535.25,4669.9,4544.71,FLIP,-24.4,S433 AI Gold Star 123 (Coppock),
2026-03-25 19:30:00,2026-03-25 20:00:00,SELL,4544.71,4580.73,4436.66,4562.45,FLIP,-17.94,S433 AI Gold Star 123 (Coppock),
2026-03-25 20:00:00,2026-03-25 21:00:00,BUY,4562.45,4525.26,4674.03,4560.68,FLIP,-1.97,S433 AI Gold Star 123 (Coppock),
2026-03-25 21:00:00,2026-03-26 06:00:00,SELL,4560.68,4598.94,4445.89,4525.48,FLIP,35.0,S433 AI Gold Star 123 (Coppock),
2026-03-26 06:00:00,2026-03-26 11:00:00,BUY,4525.48,4487.08,4640.67,4493.64,FLIP,-32.04,S433 AI Gold Star 123 (Coppock),
2026-03-26 11:00:00,2026-03-26 16:00:00,SELL,4493.64,4522.26,4407.77,4441.8,FLIP,51.64,S433 AI Gold Star 123 (Coppock),
2026-03-26 16:00:00,2026-03-26 22:00:00,BUY,4441.8,4404.36,4554.11,4396.86,FLIP,-45.14,S433 AI Gold Star 123 (Coppock),
2026-03-26 22:00:00,2026-03-27 04:00:00,SELL,4396.86,4438.64,4271.52,4398.35,FLIP,-1.69,S433 AI Gold Star 123 (Coppock),
2026-03-27 04:00:00,2026-03-27 13:00:00,BUY,4398.35,4351.44,4539.08,4452.27,FLIP,53.72,S433 AI Gold Star 123 (Coppock),
2026-03-27 13:00:00,2026-03-27 19:30:00,SELL,4452.27,4479.01,4372.06,4432.19,FLIP,19.88,S433 AI Gold Star 123 (Coppock),
2026-03-27 19:30:00,2026-03-27 20:30:00,BUY,4432.19,4406.47,4509.35,4509.35,TP,76.96,S433 AI Gold Star 123 (Coppock),
2026-03-28 01:30:00,2026-03-30 09:30:00,SELL,4514.34,4558.82,4380.89,4481.26,FLIP,32.88,S433 AI Gold Star 123 (Coppock),
2026-03-30 09:30:00,2026-03-30 16:00:00,BUY,4481.26,4439.36,4606.97,4527.65,FLIP,46.19,S433 AI Gold Star 123 (Coppock),
2026-03-30 16:00:00,2026-03-30 18:30:00,SELL,4527.65,4556.56,4440.93,4556.56,SL,-29.11,S433 AI Gold Star 123 (Coppock),
2026-03-31 03:30:00,2026-03-31 07:00:00,BUY,4510.54,4483.43,4591.86,4483.43,SL,-27.31,S433 AI Gold Star 123 (Coppock),
2026-03-31 12:00:00,2026-03-31 18:00:00,SELL,4561.44,4600.07,4445.55,4575.34,FLIP,-14.1,S433 AI Gold Star 123 (Coppock),
2026-03-31 18:00:00,2026-04-01 00:00:00,BUY,4575.34,4549.61,4652.53,4652.53,TP,76.99,S433 AI Gold Star 123 (Coppock),
2026-04-01 03:30:00,2026-04-01 06:30:00,SELL,4667.68,4697.79,4577.35,4697.79,SL,-30.31,S433 AI Gold Star 123 (Coppock),
2026-04-01 07:00:00,2026-04-01 07:30:00,BUY,4722.1,4691.5,4813.9,4710.87,FLIP,-11.43,S433 AI Gold Star 123 (Coppock),
2026-04-01 07:30:00,2026-04-01 13:00:00,SELL,4710.87,4739.96,4623.59,4709.37,FLIP,1.3,S433 AI Gold Star 123 (Coppock),
2026-04-01 13:00:00,2026-04-01 19:00:00,BUY,4709.37,4680.31,4796.56,4736.14,FLIP,26.57,S433 AI Gold Star 123 (Coppock),
2026-04-01 19:00:00,2026-04-01 21:30:00,SELL,4736.14,4768.15,4640.1,4760.82,FLIP,-24.88,S433 AI Gold Star 123 (Coppock),
2026-04-01 21:30:00,2026-04-02 01:00:00,BUY,4760.82,4728.65,4857.34,4754.0,FLIP,-7.02,S433 AI Gold Star 123 (Coppock),
2026-04-02 01:00:00,2026-04-02 06:00:00,SELL,4754.0,4785.73,4658.8,4785.73,SL,-31.93,S433 AI Gold Star 123 (Coppock),
2026-04-02 07:00:00,2026-04-02 08:00:00,BUY,4789.79,4763.61,4868.33,4697.03,FLIP,-92.96,S433 AI Gold Star 123 (Coppock),
2026-04-02 08:00:00,2026-04-02 12:30:00,SELL,4697.03,4732.6,4590.31,4590.31,TP,106.52,S433 AI Gold Star 123 (Coppock),
2026-04-02 14:30:00,2026-04-02 20:00:00,BUY,4642.73,4585.3,4815.01,4585.3,SL,-57.63,S433 AI Gold Star 123 (Coppock),
2026-04-03 00:30:00,2026-04-03 01:00:00,SELL,4648.72,4692.76,4516.61,4651.59,FLIP,-3.07,S433 AI Gold Star 123 (Coppock),
2026-04-03 01:00:00,2026-04-03 02:00:00,BUY,4651.59,4608.09,4782.09,4665.23,FLIP,13.44,S433 AI Gold Star 123 (Coppock),
2026-04-03 02:00:00,2026-04-06 09:00:00,SELL,4665.23,4706.33,4541.94,4661.13,FLIP,3.9,S433 AI Gold Star 123 (Coppock),
2026-04-06 09:00:00,2026-04-06 10:00:00,BUY,4661.13,4620.57,4782.82,4630.34,FLIP,-30.99,S433 AI Gold Star 123 (Coppock),
2026-04-06 10:00:00,2026-04-06 10:30:00,SELL,4630.34,4671.58,4506.62,4640.57,FLIP,-10.43,S433 AI Gold Star 123 (Coppock),
2026-04-06 10:30:00,2026-04-06 17:30:00,BUY,4640.57,4599.19,4764.72,4689.87,FLIP,49.1,S433 AI Gold Star 123 (Coppock),
2026-04-06 17:30:00,2026-04-07 01:30:00,SELL,4689.87,4714.11,4617.14,4658.39,FLIP,31.28,S433 AI Gold Star 123 (Coppock),
2026-04-07 01:30:00,2026-04-07 02:00:00,BUY,4658.39,4630.74,4741.33,4650.25,FLIP,-8.34,S433 AI Gold Star 123 (Coppock),
2026-04-07 02:00:00,2026-04-07 03:00:00,SELL,4650.25,4676.49,4571.54,4655.99,FLIP,-5.94,S433 AI Gold Star 123 (Coppock),
2026-04-07 03:00:00,2026-04-07 03:30:00,BUY,4655.99,4631.64,4729.03,4649.03,FLIP,-7.16,S433 AI Gold Star 123 (Coppock),
2026-04-07 03:30:00,2026-04-07 05:00:00,SELL,4649.03,4672.27,4579.32,4662.3,FLIP,-13.47,S433 AI Gold Star 123 (Coppock),
2026-04-07 05:00:00,2026-04-07 08:00:00,BUY,4662.3,4640.31,4728.27,4640.31,SL,-22.19,S433 AI Gold Star 123 (Coppock),
2026-04-07 08:30:00,2026-04-07 09:30:00,SELL,4626.94,4649.55,4559.12,4650.43,FLIP,-23.69,S433 AI Gold Star 123 (Coppock),
2026-04-07 09:30:00,2026-04-07 12:00:00,BUY,4650.43,4627.22,4720.07,4633.01,FLIP,-17.62,S433 AI Gold Star 123 (Coppock),
2026-04-07 12:00:00,2026-04-07 13:30:00,SELL,4633.01,4657.98,4558.09,4653.45,FLIP,-20.64,S433 AI Gold Star 123 (Coppock),
2026-04-07 13:30:00,2026-04-07 17:30:00,BUY,4653.45,4625.58,4737.07,4652.07,FLIP,-1.58,S433 AI Gold Star 123 (Coppock),
2026-04-07 17:30:00,2026-04-07 19:00:00,SELL,4652.07,4681.36,4564.21,4665.93,FLIP,-14.06,S433 AI Gold Star 123 (Coppock),
2026-04-07 19:00:00,2026-04-07 19:30:00,BUY,4665.93,4635.34,4757.71,4651.59,FLIP,-14.54,S433 AI Gold Star 123 (Coppock),
2026-04-07 19:30:00,2026-04-07 23:30:00,SELL,4651.59,4681.89,4560.68,4657.1,FLIP,-5.71,S433 AI Gold Star 123 (Coppock),
2026-04-07 23:30:00,2026-04-08 05:30:00,BUY,4657.1,4623.34,4758.39,4758.39,TP,101.09,S433 AI Gold Star 123 (Coppock),
2026-04-08 09:00:00,2026-04-08 22:30:00,SELL,4811.63,4863.02,4657.47,4756.53,FLIP,54.9,S433 AI Gold Star 123 (Coppock),
2026-04-08 22:30:00,2026-04-08 23:00:00,BUY,4756.53,4721.84,4860.61,4750.02,FLIP,-6.71,S433 AI Gold Star 123 (Coppock),
2026-04-08 23:00:00,2026-04-08 23:30:00,SELL,4750.02,4785.08,4644.84,4760.58,FLIP,-10.76,S433 AI Gold Star 123 (Coppock),
2026-04-08 23:30:00,2026-04-09 00:00:00,BUY,4760.58,4726.58,4862.59,4750.98,FLIP,-9.8,S433 AI Gold Star 123 (Coppock),
2026-04-09 00:00:00,2026-04-09 02:30:00,SELL,4750.98,4784.96,4649.04,4730.74,FLIP,20.04,S433 AI Gold Star 123 (Coppock),
2026-04-09 02:30:00,2026-04-09 13:30:00,BUY,4730.74,4697.0,4831.97,4712.45,FLIP,-18.49,S433 AI Gold Star 123 (Coppock),
2026-04-09 13:30:00,2026-04-09 14:30:00,SELL,4712.45,4735.94,4641.98,4724.39,FLIP,-12.14,S433 AI Gold Star 123 (Coppock),
2026-04-09 14:30:00,2026-04-09 23:00:00,BUY,4724.39,4699.07,4800.36,4800.36,TP,75.77,S433 AI Gold Star 123 (Coppock),
2026-04-10 01:00:00,2026-04-10 09:30:00,SELL,4782.22,4809.05,4701.74,4753.12,FLIP,28.9,S433 AI Gold Star 123 (Coppock),
2026-04-10 09:30:00,2026-04-10 13:30:00,BUY,4753.12,4735.92,4804.71,4746.7,FLIP,-6.62,S433 AI Gold Star 123 (Coppock),
2026-04-10 13:30:00,2026-04-10 14:00:00,SELL,4746.7,4764.87,4692.18,4753.69,FLIP,-7.19,S433 AI Gold Star 123 (Coppock),
2026-04-10 14:00:00,2026-04-10 15:00:00,BUY,4753.69,4735.35,4808.72,4747.13,FLIP,-6.76,S433 AI Gold Star 123 (Coppock),
2026-04-10 15:00:00,2026-04-10 17:00:00,SELL,4747.13,4765.66,4691.53,4758.17,FLIP,-11.24,S433 AI Gold Star 123 (Coppock),
2026-04-10 17:00:00,2026-04-10 22:30:00,BUY,4758.17,4739.35,4814.64,4762.43,FLIP,4.06,S433 AI Gold Star 123 (Coppock),
2026-04-10 22:30:00,2026-04-13 05:00:00,SELL,4762.43,4786.22,4691.05,4691.05,TP,71.18,S433 AI Gold Star 123 (Coppock),
2026-04-13 08:00:00,2026-04-13 15:00:00,BUY,4717.64,4685.38,4814.41,4732.02,FLIP,14.18,S433 AI Gold Star 123 (Coppock),
2026-04-13 15:00:00,2026-04-13 20:00:00,SELL,4732.02,4749.31,4680.14,4733.29,FLIP,-1.47,S433 AI Gold Star 123 (Coppock),
2026-04-13 20:00:00,2026-04-13 21:00:00,BUY,4733.29,4713.36,4793.08,4715.32,FLIP,-18.17,S433 AI Gold Star 123 (Coppock),
2026-04-13 21:00:00,2026-04-13 21:30:00,SELL,4715.32,4737.29,4649.41,4719.09,FLIP,-3.97,S433 AI Gold Star 123 (Coppock),
2026-04-13 21:30:00,2026-04-13 22:00:00,BUY,4719.09,4696.89,4785.68,4703.79,FLIP,-15.5,S433 AI Gold Star 123 (Coppock),
2026-04-13 22:00:00,2026-04-13 22:30:00,SELL,4703.79,4727.16,4633.69,4714.52,FLIP,-10.93,S433 AI Gold Star 123 (Coppock),
2026-04-13 22:30:00,2026-04-14 08:30:00,BUY,4714.52,4691.2,4784.49,4765.04,FLIP,50.32,S433 AI Gold Star 123 (Coppock),
2026-04-14 08:30:00,2026-04-14 09:00:00,SELL,4765.04,4781.48,4715.73,4768.93,FLIP,-4.09,S433 AI Gold Star 123 (Coppock),
2026-04-14 09:00:00,2026-04-14 10:00:00,BUY,4768.93,4752.49,4818.25,4768.51,FLIP,-0.62,S433 AI Gold Star 123 (Coppock),
2026-04-14 10:00:00,2026-04-14 14:00:00,SELL,4768.51,4784.68,4720.0,4784.68,SL,-16.37,S433 AI Gold Star 123 (Coppock),
2026-04-14 15:30:00,2026-04-14 16:00:00,BUY,4786.46,4768.93,4839.04,4778.7,FLIP,-7.96,S433 AI Gold Star 123 (Coppock),
2026-04-14 16:00:00,2026-04-14 17:00:00,SELL,4778.7,4796.33,4725.82,4783.97,FLIP,-5.47,S433 AI Gold Star 123 (Coppock),
2026-04-14 17:00:00,2026-04-14 17:30:00,BUY,4783.97,4766.79,4835.51,4768.47,FLIP,-15.7,S433 AI Gold Star 123 (Coppock),
2026-04-14 17:30:00,2026-04-14 18:00:00,SELL,4768.47,4788.56,4708.2,4778.18,FLIP,-9.91,S433 AI Gold Star 123 (Coppock),
2026-04-14 18:00:00,2026-04-14 18:30:00,BUY,4778.18,4757.43,4840.42,4774.93,FLIP,-3.45,S433 AI Gold Star 123 (Coppock),
2026-04-14 18:30:00,2026-04-14 20:00:00,SELL,4774.93,4796.48,4710.27,4782.99,FLIP,-8.26,S433 AI Gold Star 123 (Coppock),
2026-04-14 20:00:00,2026-04-15 03:30:00,BUY,4782.99,4759.46,4853.59,4839.94,FLIP,56.75,S433 AI Gold Star 123 (Coppock),
2026-04-15 03:30:00,2026-04-15 08:00:00,SELL,4839.94,4858.9,4783.06,4858.9,SL,-19.16,S433 AI Gold Star 123 (Coppock),
2026-04-15 15:30:00,2026-04-15 16:00:00,BUY,4818.55,4801.62,4869.33,4798.0,FLIP,-20.75,S433 AI Gold Star 123 (Coppock),
2026-04-15 16:00:00,2026-04-15 17:30:00,SELL,4798.0,4815.54,4745.37,4800.07,FLIP,-2.27,S433 AI Gold Star 123 (Coppock),
2026-04-15 17:30:00,2026-04-15 22:00:00,BUY,4800.07,4781.41,4856.05,4798.31,FLIP,-1.96,S433 AI Gold Star 123 (Coppock),
2026-04-15 22:00:00,2026-04-15 23:00:00,SELL,4798.31,4819.01,4736.21,4811.27,FLIP,-13.16,S433 AI Gold Star 123 (Coppock),
2026-04-15 23:00:00,2026-04-15 23:30:00,BUY,4811.27,4791.65,4870.14,4803.97,FLIP,-7.5,S433 AI Gold Star 123 (Coppock),
2026-04-15 23:30:00,2026-04-16 05:30:00,SELL,4803.97,4823.07,4746.67,4807.62,FLIP,-3.85,S433 AI Gold Star 123 (Coppock),
2026-04-16 05:30:00,2026-04-16 12:00:00,BUY,4807.62,4791.25,4856.74,4833.15,FLIP,25.33,S433 AI Gold Star 123 (Coppock),
2026-04-16 12:00:00,2026-04-16 18:30:00,SELL,4833.15,4848.25,4787.84,4822.17,FLIP,10.78,S433 AI Gold Star 123 (Coppock),
2026-04-16 18:30:00,2026-04-16 19:00:00,BUY,4822.17,4806.67,4868.67,4815.25,FLIP,-7.12,S433 AI Gold Star 123 (Coppock),
2026-04-16 19:00:00,2026-04-16 19:30:00,SELL,4815.25,4831.26,4767.21,4816.22,FLIP,-1.17,S433 AI Gold Star 123 (Coppock),
2026-04-16 19:30:00,2026-04-16 20:30:00,BUY,4816.22,4800.62,4863.01,4795.45,FLIP,-20.97,S433 AI Gold Star 123 (Coppock),
2026-04-16 20:30:00,2026-04-16 22:00:00,SELL,4795.45,4813.07,4742.58,4801.92,FLIP,-6.67,S433 AI Gold Star 123 (Coppock),
2026-04-16 22:00:00,2026-04-16 23:00:00,BUY,4801.92,4780.74,4865.45,4799.31,FLIP,-2.81,S433 AI Gold Star 123 (Coppock),
2026-04-16 23:00:00,2026-04-17 02:00:00,SELL,4799.31,4821.7,4732.15,4790.8,FLIP,8.31,S433 AI Gold Star 123 (Coppock),
2026-04-17 02:00:00,2026-04-17 08:00:00,BUY,4790.8,4768.31,4858.28,4768.76,FLIP,-22.24,S433 AI Gold Star 123 (Coppock),
2026-04-17 08:00:00,2026-04-17 08:30:00,SELL,4768.76,4781.16,4731.56,4789.48,FLIP,-20.92,S433 AI Gold Star 123 (Coppock),
2026-04-17 08:30:00,2026-04-17 09:30:00,BUY,4789.48,4775.56,4831.25,4784.75,FLIP,-4.93,S433 AI Gold Star 123 (Coppock),
2026-04-17 09:30:00,2026-04-17 10:00:00,SELL,4784.75,4798.89,4742.34,4794.11,FLIP,-9.56,S433 AI Gold Star 123 (Coppock),
2026-04-17 10:00:00,2026-04-17 12:30:00,BUY,4794.11,4779.13,4839.04,4794.27,FLIP,-0.04,S433 AI Gold Star 123 (Coppock),
2026-04-17 12:30:00,2026-04-17 13:30:00,SELL,4794.27,4809.59,4748.32,4785.07,FLIP,9.0,S433 AI Gold Star 123 (Coppock),
2026-04-17 13:30:00,2026-04-17 14:00:00,BUY,4785.07,4768.75,4834.04,4791.63,FLIP,6.36,S433 AI Gold Star 123 (Coppock),
2026-04-17 14:00:00,2026-04-17 15:00:00,SELL,4791.63,4808.14,4742.1,4784.5,FLIP,6.93,S433 AI Gold Star 123 (Coppock),
2026-04-17 15:00:00,2026-04-17 16:30:00,BUY,4784.5,4769.1,4830.7,4790.43,FLIP,5.73,S433 AI Gold Star 123 (Coppock),
2026-04-17 16:30:00,2026-04-17 18:30:00,SELL,4790.43,4804.81,4747.28,4799.13,FLIP,-8.9,S433 AI Gold Star 123 (Coppock),
2026-04-17 18:30:00,2026-04-17 19:30:00,BUY,4799.13,4783.13,4847.14,4847.14,TP,47.81,S433 AI Gold Star 123 (Coppock),
2026-04-18 00:00:00,2026-04-20 06:30:00,SELL,4858.57,4889.69,4765.21,4765.21,TP,93.16,S433 AI Gold Star 123 (Coppock),
2026-04-20 08:00:00,2026-04-20 15:00:00,BUY,4802.56,4774.55,4886.58,4792.03,FLIP,-10.73,S433 AI Gold Star 123 (Coppock),
2026-04-20 15:00:00,2026-04-20 17:30:00,SELL,4792.03,4806.68,4748.09,4795.84,FLIP,-4.01,S433 AI Gold Star 123 (Coppock),
2026-04-20 17:30:00,2026-04-20 18:00:00,BUY,4795.84,4781.79,4837.99,4788.46,FLIP,-7.58,S433 AI Gold Star 123 (Coppock),
2026-04-20 18:00:00,2026-04-20 18:30:00,SELL,4788.46,4803.02,4744.79,4810.42,FLIP,-22.16,S433 AI Gold Star 123 (Coppock),
2026-04-20 18:30:00,2026-04-20 21:30:00,BUY,4810.42,4794.2,4859.08,4794.2,SL,-16.42,S433 AI Gold Star 123 (Coppock),
2026-04-20 22:30:00,2026-04-21 01:00:00,SELL,4799.72,4823.3,4728.97,4813.49,FLIP,-13.97,S433 AI Gold Star 123 (Coppock),
2026-04-21 01:00:00,2026-04-21 01:30:00,BUY,4813.49,4790.5,4882.46,4814.11,FLIP,0.42,S433 AI Gold Star 123 (Coppock),
2026-04-21 01:30:00,2026-04-21 03:30:00,SELL,4814.11,4835.22,4750.78,4820.11,FLIP,-6.2,S433 AI Gold Star 123 (Coppock),
2026-04-21 03:30:00,2026-04-21 08:00:00,BUY,4820.11,4803.1,4871.15,4818.66,FLIP,-1.65,S433 AI Gold Star 123 (Coppock),
2026-04-21 08:00:00,2026-04-21 13:00:00,SELL,4818.66,4831.01,4781.6,4781.6,TP,36.86,S433 AI Gold Star 123 (Coppock),
2026-04-21 14:30:00,2026-04-21 19:30:00,BUY,4785.96,4770.75,4831.6,4770.75,SL,-15.41,S433 AI Gold Star 123 (Coppock),
2026-04-21 21:00:00,2026-04-21 23:30:00,SELL,4774.18,4794.9,4712.03,4712.03,TP,61.95,S433 AI Gold Star 123 (Coppock),
2026-04-22 03:00:00,2026-04-22 11:30:00,BUY,4705.71,4666.88,4822.2,4754.58,FLIP,48.67,S433 AI Gold Star 123 (Coppock),
2026-04-22 11:30:00,2026-04-22 12:00:00,SELL,4754.58,4768.48,4712.89,4768.48,SL,-14.1,S433 AI Gold Star 123 (Coppock),
2026-04-23 00:00:00,2026-04-23 07:00:00,BUY,4735.11,4717.94,4786.62,4717.94,SL,-17.37,S433 AI Gold Star 123 (Coppock),
2026-04-23 08:00:00,2026-04-23 12:30:00,SELL,4728.17,4746.92,4671.93,4713.63,FLIP,14.34,S433 AI Gold Star 123 (Coppock),
2026-04-23 12:30:00,2026-04-23 13:00:00,BUY,4713.63,4691.42,4780.25,4712.16,FLIP,-1.67,S433 AI Gold Star 123 (Coppock),
2026-04-23 13:00:00,2026-04-23 13:30:00,SELL,4712.16,4734.72,4644.49,4712.9,FLIP,-0.94,S433 AI Gold Star 123 (Coppock),
2026-04-23 13:30:00,2026-04-23 17:00:00,BUY,4712.9,4689.63,4782.71,4686.69,FLIP,-26.41,S433 AI Gold Star 123 (Coppock),
2026-04-23 17:00:00,2026-04-23 17:30:00,SELL,4686.69,4703.93,4634.97,4696.61,FLIP,-10.12,S433 AI Gold Star 123 (Coppock),
2026-04-23 17:30:00,2026-04-24 00:00:00,BUY,4696.61,4678.67,4750.42,4706.5,FLIP,9.69,S433 AI Gold Star 123 (Coppock),
2026-04-24 00:00:00,2026-04-24 06:30:00,SELL,4706.5,4730.5,4634.49,4695.41,FLIP,10.89,S433 AI Gold Star 123 (Coppock),
2026-04-24 06:30:00,2026-04-24 10:00:00,BUY,4695.41,4672.93,4762.85,4674.44,FLIP,-21.17,S433 AI Gold Star 123 (Coppock),
2026-04-24 10:00:00,2026-04-24 12:00:00,SELL,4674.44,4691.37,4623.65,4676.48,FLIP,-2.24,S433 AI Gold Star 123 (Coppock),
2026-04-24 12:00:00,2026-04-24 13:00:00,BUY,4676.48,4657.94,4732.1,4671.53,FLIP,-5.15,S433 AI Gold Star 123 (Coppock),
2026-04-24 13:00:00,2026-04-24 14:00:00,SELL,4671.53,4691.5,4611.61,4684.46,FLIP,-13.13,S433 AI Gold Star 123 (Coppock),
2026-04-24 14:00:00,2026-04-24 20:00:00,BUY,4684.46,4664.5,4744.33,4697.14,FLIP,12.48,S433 AI Gold Star 123 (Coppock),
2026-04-24 20:00:00,2026-04-24 20:30:00,SELL,4697.14,4717.45,4636.2,4711.14,FLIP,-14.2,S433 AI Gold Star 123 (Coppock),
2026-04-24 20:30:00,2026-04-24 23:30:00,BUY,4711.14,4688.88,4777.91,4726.83,FLIP,15.49,S433 AI Gold Star 123 (Coppock),
2026-04-24 23:30:00,2026-04-27 08:30:00,SELL,4726.83,4751.12,4653.96,4702.69,FLIP,23.94,S433 AI Gold Star 123 (Coppock),
2026-04-27 08:30:00,2026-04-27 14:30:00,BUY,4702.69,4686.16,4752.27,4713.35,FLIP,10.46,S433 AI Gold Star 123 (Coppock),
2026-04-27 14:30:00,2026-04-27 22:00:00,SELL,4713.35,4728.3,4668.5,4668.5,TP,44.65,S433 AI Gold Star 123 (Coppock),
2026-04-28 01:00:00,2026-04-28 08:30:00,BUY,4684.1,4667.77,4733.09,4670.73,FLIP,-13.57,S433 AI Gold Star 123 (Coppock),
2026-04-28 08:30:00,2026-04-28 12:30:00,SELL,4670.73,4680.78,4640.59,4640.59,TP,29.94,S433 AI Gold Star 123 (Coppock),
2026-04-28 18:00:00,2026-04-28 18:30:00,BUY,4599.45,4576.5,4668.29,4562.8,FLIP,-36.85,S433 AI Gold Star 123 (Coppock),
2026-04-28 18:30:00,2026-04-28 19:00:00,SELL,4562.8,4590.17,4480.68,4590.17,SL,-27.57,S433 AI Gold Star 123 (Coppock),
2026-04-28 19:30:00,2026-04-28 21:00:00,BUY,4593.85,4564.47,4682.0,4571.45,FLIP,-22.6,S433 AI Gold Star 123 (Coppock),
2026-04-28 21:00:00,2026-04-28 21:30:00,SELL,4571.45,4602.78,4477.45,4574.63,FLIP,-3.38,S433 AI Gold Star 123 (Coppock),
2026-04-28 21:30:00,2026-04-29 06:00:00,BUY,4574.63,4542.64,4670.6,4592.24,FLIP,17.41,S433 AI Gold Star 123 (Coppock),
2026-04-29 06:00:00,2026-04-29 07:00:00,SELL,4592.24,4603.89,4557.3,4603.89,SL,-11.85,S433 AI Gold Star 123 (Coppock),
2026-04-29 11:00:00,2026-04-29 12:30:00,BUY,4601.71,4586.53,4647.24,4591.05,FLIP,-10.86,S433 AI Gold Star 123 (Coppock),
2026-04-29 12:30:00,2026-04-29 20:00:00,SELL,4591.05,4607.54,4541.57,4541.57,TP,49.28,S433 AI Gold Star 123 (Coppock),
2026-04-29 21:30:00,2026-04-30 10:30:00,BUY,4539.43,4515.91,4610.0,4556.14,FLIP,16.51,S433 AI Gold Star 123 (Coppock),
2026-04-30 10:30:00,2026-04-30 13:30:00,SELL,4556.14,4571.32,4510.6,4589.52,FLIP,-33.58,S433 AI Gold Star 123 (Coppock),
2026-04-30 13:30:00,2026-04-30 17:30:00,BUY,4589.52,4570.61,4646.25,4646.25,TP,56.53,S433 AI Gold Star 123 (Coppock),
2026-04-30 19:00:00,2026-05-01 02:00:00,SELL,4629.95,4652.42,4562.53,4617.78,FLIP,11.97,S433 AI Gold Star 123 (Coppock),
2026-05-01 02:00:00,2026-05-01 02:30:00,BUY,4617.78,4599.15,4673.66,4617.09,FLIP,-0.89,S433 AI Gold Star 123 (Coppock),
2026-05-01 02:30:00,2026-05-01 03:00:00,SELL,4617.09,4635.0,4563.36,4616.84,FLIP,0.05,S433 AI Gold Star 123 (Coppock),
2026-05-01 03:00:00,2026-05-01 08:00:00,BUY,4616.84,4599.83,4667.88,4616.41,FLIP,-0.63,S433 AI Gold Star 123 (Coppock),
2026-05-01 08:00:00,2026-05-01 09:00:00,SELL,4616.41,4627.54,4583.02,4629.48,FLIP,-13.27,S433 AI Gold Star 123 (Coppock),
2026-05-01 09:00:00,2026-05-01 09:30:00,BUY,4629.48,4617.58,4665.19,4619.16,FLIP,-10.52,S433 AI Gold Star 123 (Coppock),
2026-05-01 09:30:00,2026-05-01 10:30:00,SELL,4619.16,4632.02,4580.59,4632.02,SL,-13.06,S433 AI Gold Star 123 (Coppock),
2026-05-01 18:00:00,2026-05-01 20:30:00,BUY,4571.93,4554.89,4623.05,4623.05,TP,50.92,S433 AI Gold Star 123 (Coppock),
2026-05-02 00:30:00,2026-05-04 08:30:00,SELL,4629.52,4656.65,4548.14,4613.1,FLIP,16.22,S433 AI Gold Star 123 (Coppock),
2026-05-04 08:30:00,2026-05-04 09:00:00,BUY,4613.1,4594.75,4668.15,4593.09,FLIP,-20.21,S433 AI Gold Star 123 (Coppock),
2026-05-04 09:00:00,2026-05-04 09:30:00,SELL,4593.09,4612.54,4534.74,4605.84,FLIP,-12.95,S433 AI Gold Star 123 (Coppock),
2026-05-04 09:30:00,2026-05-04 12:00:00,BUY,4605.84,4585.3,4667.45,4596.43,FLIP,-9.61,S433 AI Gold Star 123 (Coppock),
2026-05-04 12:00:00,2026-05-04 12:30:00,SELL,4596.43,4617.55,4533.06,4599.16,FLIP,-2.93,S433 AI Gold Star 123 (Coppock),
2026-05-04 12:30:00,2026-05-04 13:00:00,BUY,4599.16,4578.21,4662.01,4593.94,FLIP,-5.42,S433 AI Gold Star 123 (Coppock),
2026-05-04 13:00:00,2026-05-04 17:00:00,SELL,4593.94,4615.27,4529.94,4529.94,TP,63.8,S433 AI Gold Star 123 (Coppock),
2026-05-04 19:00:00,2026-05-04 22:00:00,BUY,4568.6,4546.42,4635.14,4537.88,FLIP,-30.92,S433 AI Gold Star 123 (Coppock),
2026-05-04 22:00:00,2026-05-05 00:00:00,SELL,4537.88,4569.39,4443.34,4524.41,FLIP,13.27,S433 AI Gold Star 123 (Coppock),
2026-05-05 00:00:00,2026-05-05 00:30:00,BUY,4524.41,4491.93,4621.86,4522.35,FLIP,-2.26,S433 AI Gold Star 123 (Coppock),
2026-05-05 00:30:00,2026-05-05 03:30:00,SELL,4522.35,4552.94,4430.59,4522.91,FLIP,-0.76,S433 AI Gold Star 123 (Coppock),
2026-05-05 03:30:00,2026-05-05 11:30:00,BUY,4522.91,4495.19,4606.06,4533.68,FLIP,10.57,S433 AI Gold Star 123 (Coppock),
2026-05-05 11:30:00,2026-05-05 12:00:00,SELL,4533.68,4546.22,4496.07,4540.13,FLIP,-6.65,S433 AI Gold Star 123 (Coppock),
2026-05-05 12:00:00,2026-05-05 13:00:00,BUY,4540.13,4526.72,4580.35,4536.91,FLIP,-3.42,S433 AI Gold Star 123 (Coppock),
2026-05-05 13:00:00,2026-05-05 13:30:00,SELL,4536.91,4552.26,4490.86,4548.15,FLIP,-11.44,S433 AI Gold Star 123 (Coppock),
2026-05-05 13:30:00,2026-05-05 14:30:00,BUY,4548.15,4531.65,4597.65,4545.52,FLIP,-2.83,S433 AI Gold Star 123 (Coppock),
2026-05-05 14:30:00,2026-05-05 15:30:00,SELL,4545.52,4561.33,4498.1,4558.33,FLIP,-13.01,S433 AI Gold Star 123 (Coppock),
2026-05-05 15:30:00,2026-05-05 16:00:00,BUY,4558.33,4542.71,4605.2,4552.31,FLIP,-6.22,S433 AI Gold Star 123 (Coppock),
2026-05-05 16:00:00,2026-05-05 16:30:00,SELL,4552.31,4567.98,4505.29,4556.25,FLIP,-4.14,S433 AI Gold Star 123 (Coppock),
2026-05-05 16:30:00,2026-05-05 17:00:00,BUY,4556.25,4540.66,4603.02,4547.89,FLIP,-8.56,S433 AI Gold Star 123 (Coppock),
2026-05-05 17:00:00,2026-05-05 18:00:00,SELL,4547.89,4563.96,4499.68,4556.1,FLIP,-8.41,S433 AI Gold Star 123 (Coppock),
2026-05-05 18:00:00,2026-05-05 22:30:00,BUY,4556.1,4538.05,4610.25,4568.52,FLIP,12.22,S433 AI Gold Star 123 (Coppock),
2026-05-05 22:30:00,2026-05-06 05:30:00,SELL,4568.52,4588.18,4509.55,4573.02,FLIP,-4.7,S433 AI Gold Star 123 (Coppock),
2026-05-06 05:30:00,2026-05-06 07:30:00,BUY,4573.02,4558.1,4617.77,4617.77,TP,44.55,S433 AI Gold Star 123 (Coppock),
2026-05-06 12:30:00,2026-05-06 15:30:00,SELL,4663.04,4683.24,4602.45,4683.24,SL,-20.4,S433 AI Gold Star 123 (Coppock),
2026-05-06 17:30:00,2026-05-06 18:00:00,BUY,4717.98,4697.36,4779.84,4705.57,FLIP,-12.61,S433 AI Gold Star 123 (Coppock),
2026-05-06 18:00:00,2026-05-07 02:00:00,SELL,4705.57,4726.77,4641.97,4698.44,FLIP,6.93,S433 AI Gold Star 123 (Coppock),
2026-05-07 02:00:00,2026-05-07 10:30:00,BUY,4698.44,4679.48,4755.31,4699.19,FLIP,0.55,S433 AI Gold Star 123 (Coppock),
2026-05-07 10:30:00,2026-05-07 13:00:00,SELL,4699.19,4715.86,4649.19,4717.36,FLIP,-18.37,S433 AI Gold Star 123 (Coppock),
2026-05-07 13:00:00,2026-05-07 19:00:00,BUY,4717.36,4699.91,4769.71,4737.72,FLIP,20.16,S433 AI Gold Star 123 (Coppock),
2026-05-07 19:00:00,2026-05-07 21:30:00,SELL,4737.72,4759.8,4671.49,4759.8,SL,-22.28,S433 AI Gold Star 123 (Coppock),
2026-05-08 06:00:00,2026-05-08 13:30:00,BUY,4696.56,4670.17,4775.72,4725.68,FLIP,28.92,S433 AI Gold Star 123 (Coppock),
2026-05-08 13:30:00,2026-05-08 19:30:00,SELL,4725.68,4746.98,4661.79,4724.43,FLIP,1.05,S433 AI Gold Star 123 (Coppock),
2026-05-08 19:30:00,2026-05-08 21:30:00,BUY,4724.43,4701.51,4793.2,4715.94,FLIP,-8.69,S433 AI Gold Star 123 (Coppock),
2026-05-08 21:30:00,2026-05-09 00:30:00,SELL,4715.94,4738.8,4647.37,4720.9,FLIP,-5.16,S433 AI Gold Star 123 (Coppock),
2026-05-09 00:30:00,2026-05-09 01:00:00,BUY,4720.9,4698.74,4787.37,4725.74,FLIP,4.64,S433 AI Gold Star 123 (Coppock),
2026-05-09 01:00:00,2026-05-09 02:30:00,SELL,4725.74,4747.88,4659.32,4724.05,FLIP,1.49,S433 AI Gold Star 123 (Coppock),
2026-05-09 02:30:00,2026-05-09 03:00:00,BUY,4724.05,4706.44,4776.89,4717.38,FLIP,-6.87,S433 AI Gold Star 123 (Coppock),
2026-05-09 03:00:00,2026-05-11 12:00:00,SELL,4717.38,4734.65,4665.58,4670.84,FLIP,46.34,S433 AI Gold Star 123 (Coppock),
2026-05-11 12:00:00,2026-05-11 12:30:00,BUY,4670.84,4648.93,4736.58,4652.32,FLIP,-18.72,S433 AI Gold Star 123 (Coppock),
2026-05-11 12:30:00,2026-05-11 13:00:00,SELL,4652.32,4676.94,4578.45,4667.41,FLIP,-15.29,S433 AI Gold Star 123 (Coppock),
2026-05-11 13:00:00,2026-05-11 16:00:00,BUY,4667.41,4641.38,4745.51,4657.61,FLIP,-10.0,S433 AI Gold Star 123 (Coppock),
2026-05-11 16:00:00,2026-05-11 16:30:00,SELL,4657.61,4678.96,4593.57,4656.83,FLIP,0.58,S433 AI Gold Star 123 (Coppock),
2026-05-11 16:30:00,2026-05-11 20:00:00,BUY,4656.83,4636.48,4717.89,4717.89,TP,60.86,S433 AI Gold Star 123 (Coppock),
2026-05-12 00:00:00,2026-05-12 05:00:00,SELL,4718.18,4741.89,4647.05,4741.89,SL,-23.91,S433 AI Gold Star 123 (Coppock),
2026-05-12 06:00:00,2026-05-12 08:00:00,BUY,4752.86,4739.04,4794.32,4735.23,FLIP,-17.83,S433 AI Gold Star 123 (Coppock),
2026-05-12 08:00:00,2026-05-12 15:00:00,SELL,4735.23,4752.26,4684.13,4703.07,FLIP,31.96,S433 AI Gold Star 123 (Coppock),
2026-05-12 15:00:00,2026-05-12 17:30:00,BUY,4703.07,4685.2,4756.69,4685.2,SL,-18.07,S433 AI Gold Star 123 (Coppock),
2026-05-12 20:30:00,2026-05-13 00:30:00,SELL,4678.95,4699.74,4616.59,4678.85,FLIP,-0.1,S433 AI Gold Star 123 (Coppock),
2026-05-13 00:30:00,2026-05-13 08:00:00,BUY,4678.85,4653.07,4756.19,4704.48,FLIP,25.43,S433 AI Gold Star 123 (Coppock),
2026-05-13 08:00:00,2026-05-13 13:30:00,SELL,4704.48,4718.35,4662.88,4701.43,FLIP,2.85,S433 AI Gold Star 123 (Coppock),
2026-05-13 13:30:00,2026-05-13 18:00:00,BUY,4701.43,4684.99,4750.74,4698.44,FLIP,-3.19,S433 AI Gold Star 123 (Coppock),
2026-05-13 18:00:00,2026-05-13 22:00:00,SELL,4698.44,4714.3,4650.87,4691.32,FLIP,6.92,S433 AI Gold Star 123 (Coppock),
2026-05-13 22:00:00,2026-05-14 01:30:00,BUY,4691.32,4672.55,4747.62,4684.99,FLIP,-6.53,S433 AI Gold Star 123 (Coppock),
2026-05-14 01:30:00,2026-05-14 02:00:00,SELL,4684.99,4704.86,4625.37,4687.21,FLIP,-2.42,S433 AI Gold Star 123 (Coppock),
2026-05-14 02:00:00,2026-05-14 06:30:00,BUY,4687.21,4668.5,4743.33,4696.66,FLIP,9.25,S433 AI Gold Star 123 (Coppock),
2026-05-14 06:30:00,2026-05-14 07:00:00,SELL,4696.66,4709.59,4657.86,4701.11,FLIP,-4.65,S433 AI Gold Star 123 (Coppock),
2026-05-14 07:00:00,2026-05-14 08:00:00,BUY,4701.11,4688.06,4740.27,4692.64,FLIP,-8.67,S433 AI Gold Star 123 (Coppock),
2026-05-14 08:00:00,2026-05-14 11:00:00,SELL,4692.64,4707.63,4647.68,4702.24,FLIP,-9.8,S433 AI Gold Star 123 (Coppock),
2026-05-14 11:00:00,2026-05-14 12:00:00,BUY,4702.24,4682.08,4762.73,4693.66,FLIP,-8.78,S433 AI Gold Star 123 (Coppock),
2026-05-14 12:00:00,2026-05-14 13:30:00,SELL,4693.66,4714.65,4630.7,4700.19,FLIP,-6.73,S433 AI Gold Star 123 (Coppock),
2026-05-14 13:30:00,2026-05-14 14:30:00,BUY,4700.19,4677.05,4769.6,4693.23,FLIP,-7.16,S433 AI Gold Star 123 (Coppock),
2026-05-14 14:30:00,2026-05-14 15:00:00,SELL,4693.23,4717.52,4620.36,4702.93,FLIP,-9.9,S433 AI Gold Star 123 (Coppock),
2026-05-14 15:00:00,2026-05-14 17:00:00,BUY,4702.93,4679.72,4772.57,4697.54,FLIP,-5.59,S433 AI Gold Star 123 (Coppock),
2026-05-14 17:00:00,2026-05-14 17:30:00,SELL,4697.54,4720.31,4629.24,4696.94,FLIP,0.4,S433 AI Gold Star 123 (Coppock),
2026-05-14 17:30:00,2026-05-14 18:00:00,BUY,4696.94,4675.3,4761.87,4692.04,FLIP,-5.1,S433 AI Gold Star 123 (Coppock),
2026-05-14 18:00:00,2026-05-14 19:00:00,SELL,4692.04,4710.51,4636.64,4702.98,FLIP,-11.14,S433 AI Gold Star 123 (Coppock),
2026-05-14 19:00:00,2026-05-14 20:00:00,BUY,4702.98,4683.76,4760.64,4688.34,FLIP,-14.84,S433 AI Gold Star 123 (Coppock),
2026-05-14 20:00:00,2026-05-15 05:30:00,SELL,4688.34,4708.71,4627.22,4662.35,FLIP,25.79,S433 AI Gold Star 123 (Coppock),
2026-05-15 05:30:00,2026-05-15 06:30:00,BUY,4662.35,4648.93,4702.6,4652.16,FLIP,-10.39,S433 AI Gold Star 123 (Coppock),
2026-05-15 06:30:00,2026-05-15 08:00:00,SELL,4652.16,4666.31,4609.71,4609.71,TP,42.25,S433 AI Gold Star 123 (Coppock),
2026-05-15 10:30:00,2026-05-15 11:00:00,BUY,4615.46,4594.76,4677.56,4610.89,FLIP,-4.77,S433 AI Gold Star 123 (Coppock),
2026-05-15 11:00:00,2026-05-15 14:00:00,SELL,4610.89,4632.03,4547.46,4581.8,FLIP,28.89,S433 AI Gold Star 123 (Coppock),
2026-05-15 14:00:00,2026-05-15 15:00:00,BUY,4581.8,4555.39,4661.03,4555.39,SL,-26.61,S433 AI Gold Star 123 (Coppock),
2026-05-15 15:30:00,2026-05-15 17:00:00,SELL,4554.38,4579.64,4478.61,4551.74,FLIP,2.44,S433 AI Gold Star 123 (Coppock),
2026-05-15 17:00:00,2026-05-15 20:30:00,BUY,4551.74,4523.15,4637.5,4523.15,SL,-28.79,S433 AI Gold Star 123 (Coppock),
2026-05-16 02:30:00,2026-05-16 03:30:00,SELL,4545.78,4572.22,4466.47,4538.98,FLIP,6.6,S433 AI Gold Star 123 (Coppock),
2026-05-16 03:30:00,2026-05-18 05:00:00,BUY,4538.98,4516.81,4605.49,4540.53,FLIP,1.35,S433 AI Gold Star 123 (Coppock),
2026-05-18 05:00:00,2026-05-18 07:30:00,SELL,4540.53,4560.53,4480.53,4480.53,TP,59.8,S433 AI Gold Star 123 (Coppock),
2026-05-18 09:00:00,2026-05-18 16:00:00,BUY,4533.85,4506.69,4615.34,4544.98,FLIP,10.93,S433 AI Gold Star 123 (Coppock),
2026-05-18 16:00:00,2026-05-18 19:30:00,SELL,4544.98,4568.07,4475.72,4571.36,FLIP,-26.58,S433 AI Gold Star 123 (Coppock),
2026-05-18 19:30:00,2026-05-18 21:00:00,BUY,4571.36,4549.36,4637.36,4561.81,FLIP,-9.75,S433 AI Gold Star 123 (Coppock),
2026-05-18 21:00:00,2026-05-18 23:30:00,SELL,4561.81,4585.01,4492.21,4550.18,FLIP,11.43,S433 AI Gold Star 123 (Coppock),
2026-05-18 23:30:00,2026-05-19 00:00:00,BUY,4550.18,4523.35,4630.66,4553.93,FLIP,3.55,S433 AI Gold Star 123 (Coppock),
2026-05-19 00:00:00,2026-05-19 03:00:00,SELL,4553.93,4580.85,4473.16,4563.27,FLIP,-9.54,S433 AI Gold Star 123 (Coppock),
2026-05-19 03:00:00,2026-05-19 08:00:00,BUY,4563.27,4539.4,4634.88,4559.25,FLIP,-4.22,S433 AI Gold Star 123 (Coppock),
2026-05-19 08:00:00,2026-05-19 14:00:00,SELL,4559.25,4577.99,4503.04,4548.26,FLIP,10.79,S433 AI Gold Star 123 (Coppock),
2026-05-19 14:00:00,2026-05-19 17:30:00,BUY,4548.26,4529.48,4604.59,4529.48,SL,-18.98,S433 AI Gold Star 123 (Coppock),
2026-05-19 18:30:00,2026-05-19 19:00:00,SELL,4530.75,4551.18,4469.46,4543.52,FLIP,-12.97,S433 AI Gold Star 123 (Coppock),
2026-05-19 19:00:00,2026-05-19 19:30:00,BUY,4543.52,4522.7,4605.98,4537.22,FLIP,-6.5,S433 AI Gold Star 123 (Coppock),
2026-05-19 19:30:00,2026-05-19 20:30:00,SELL,4537.22,4558.07,4474.67,4474.67,TP,62.35,S433 AI Gold Star 123 (Coppock),
2026-05-19 23:30:00,2026-05-20 00:30:00,BUY,4507.74,4479.21,4593.33,4500.91,FLIP,-7.03,S433 AI Gold Star 123 (Coppock),
2026-05-20 00:30:00,2026-05-20 01:30:00,SELL,4500.91,4528.53,4418.06,4493.64,FLIP,7.07,S433 AI Gold Star 123 (Coppock),
2026-05-20 01:30:00,2026-05-20 08:00:00,BUY,4493.64,4466.75,4574.31,4473.6,FLIP,-20.24,S433 AI Gold Star 123 (Coppock),
2026-05-20 08:00:00,2026-05-20 08:30:00,SELL,4473.6,4491.05,4421.26,4481.41,FLIP,-8.01,S433 AI Gold Star 123 (Coppock),
2026-05-20 08:30:00,2026-05-20 09:30:00,BUY,4481.41,4461.48,4541.21,4465.36,FLIP,-16.25,S433 AI Gold Star 123 (Coppock),
2026-05-20 09:30:00,2026-05-20 13:30:00,SELL,4465.36,4487.16,4399.95,4474.42,FLIP,-9.26,S433 AI Gold Star 123 (Coppock),
2026-05-20 13:30:00,2026-05-20 19:30:00,BUY,4474.42,4449.59,4548.9,4496.21,FLIP,21.59,S433 AI Gold Star 123 (Coppock),
2026-05-20 19:30:00,2026-05-20 21:00:00,SELL,4496.21,4513.54,4444.22,4506.73,FLIP,-10.72,S433 AI Gold Star 123 (Coppock),
2026-05-20 21:00:00,2026-05-21 03:00:00,BUY,4506.73,4486.14,4568.49,4545.67,FLIP,38.74,S433 AI Gold Star 123 (Coppock),
2026-05-21 03:00:00,2026-05-21 08:00:00,SELL,4545.67,4566.83,4482.2,4567.11,FLIP,-21.64,S433 AI Gold Star 123 (Coppock),
2026-05-21 08:00:00,2026-05-21 09:00:00,BUY,4567.11,4552.72,4610.28,4540.38,FLIP,-26.93,S433 AI Gold Star 123 (Coppock),
2026-05-21 09:00:00,2026-05-21 15:00:00,SELL,4540.38,4557.22,4489.86,4535.94,FLIP,4.24,S433 AI Gold Star 123 (Coppock),
2026-05-21 15:00:00,2026-05-21 17:00:00,BUY,4535.94,4515.94,4595.93,4518.01,FLIP,-18.13,S433 AI Gold Star 123 (Coppock),
2026-05-21 17:00:00,2026-05-21 17:30:00,SELL,4518.01,4538.29,4457.16,4511.61,FLIP,6.2,S433 AI Gold Star 123 (Coppock),
2026-05-21 17:30:00,2026-05-21 18:00:00,BUY,4511.61,4490.94,4573.63,4514.12,FLIP,2.31,S433 AI Gold Star 123 (Coppock),
2026-05-21 18:00:00,2026-05-21 19:00:00,SELL,4514.12,4534.56,4452.81,4507.16,FLIP,6.76,S433 AI Gold Star 123 (Coppock),
2026-05-21 19:00:00,2026-05-21 19:30:00,BUY,4507.16,4486.86,4568.06,4504.14,FLIP,-3.22,S433 AI Gold Star 123 (Coppock),
2026-05-21 19:30:00,2026-05-21 22:30:00,SELL,4504.14,4524.89,4441.88,4511.93,FLIP,-7.99,S433 AI Gold Star 123 (Coppock),
2026-05-21 22:30:00,2026-05-22 06:00:00,BUY,4511.93,4488.55,4582.07,4540.46,FLIP,28.33,S433 AI Gold Star 123 (Coppock),
2026-05-22 06:00:00,2026-05-22 13:00:00,SELL,4540.46,4557.13,4490.45,4525.26,FLIP,15.0,S433 AI Gold Star 123 (Coppock),
2026-05-22 13:00:00,2026-05-22 16:00:00,BUY,4525.26,4509.58,4572.29,4517.88,FLIP,-7.58,S433 AI Gold Star 123 (Coppock),
2026-05-22 16:00:00,2026-05-22 16:30:00,SELL,4517.88,4532.65,4473.57,4532.2,FLIP,-14.52,S433 AI Gold Star 123 (Coppock),
2026-05-22 16:30:00,2026-05-22 17:30:00,BUY,4532.2,4516.08,4580.56,4514.69,FLIP,-17.71,S433 AI Gold Star 123 (Coppock),
2026-05-22 17:30:00,2026-05-22 19:00:00,SELL,4514.69,4532.22,4462.09,4532.22,SL,-17.73,S433 AI Gold Star 123 (Coppock),
2026-05-22 19:30:00,2026-05-22 20:30:00,BUY,4528.3,4510.4,4581.99,4513.85,FLIP,-14.65,S433 AI Gold Star 123 (Coppock),
2026-05-22 20:30:00,2026-05-22 22:30:00,SELL,4513.85,4532.51,4457.87,4520.08,FLIP,-6.43,S433 AI Gold Star 123 (Coppock),
2026-05-22 22:30:00,2026-05-22 23:30:00,BUY,4520.08,4498.97,4583.41,4514.96,FLIP,-5.32,S433 AI Gold Star 123 (Coppock),
2026-05-22 23:30:00,2026-05-23 00:00:00,SELL,4514.96,4534.98,4454.89,4525.33,FLIP,-10.57,S433 AI Gold Star 123 (Coppock),
2026-05-23 00:00:00,2026-05-23 02:00:00,BUY,4525.33,4505.26,4585.54,4507.07,FLIP,-18.46,S433 AI Gold Star 123 (Coppock),
2026-05-23 02:00:00,2026-05-23 03:00:00,SELL,4507.07,4525.24,4452.55,4510.27,FLIP,-3.4,S433 AI Gold Star 123 (Coppock),
2026-05-23 03:00:00,2026-05-23 03:30:00,BUY,4510.27,4493.69,4560.01,4507.12,FLIP,-3.35,S433 AI Gold Star 123 (Coppock),
2026-05-23 03:30:00,2026-05-25 05:00:00,SELL,4507.12,4522.57,4460.77,4551.68,FLIP,-44.76,S433 AI Gold Star 123 (Coppock),
2026-05-25 05:00:00,2026-05-25 10:30:00,BUY,4551.68,4533.2,4607.13,4559.8,FLIP,7.92,S433 AI Gold Star 123 (Coppock),
2026-05-25 10:30:00,2026-05-25 16:00:00,SELL,4559.8,4579.97,4499.28,4558.97,FLIP,0.63,S433 AI Gold Star 123 (Coppock),
2026-05-25 16:00:00,2026-05-25 20:00:00,BUY,4558.97,4546.54,4596.26,4561.89,FLIP,2.72,S433 AI Gold Star 123 (Coppock),
2026-05-25 20:00:00,2026-05-25 21:00:00,SELL,4561.89,4575.55,4520.91,4567.95,FLIP,-6.26,S433 AI Gold Star 123 (Coppock),
2026-05-25 21:00:00,2026-05-25 21:30:00,BUY,4567.95,4555.19,4606.23,4566.87,FLIP,-1.28,S433 AI Gold Star 123 (Coppock),
2026-05-25 21:30:00,2026-05-25 22:00:00,SELL,4566.87,4578.86,4530.9,4573.36,FLIP,-6.69,S433 AI Gold Star 123 (Coppock),
2026-05-25 22:00:00,2026-05-25 22:30:00,BUY,4573.36,4561.61,4608.6,4570.91,FLIP,-2.65,S433 AI Gold Star 123 (Coppock),
2026-05-25 22:30:00,2026-05-26 01:30:00,SELL,4570.91,4582.88,4535.01,4570.95,FLIP,-0.24,S433 AI Gold Star 123 (Coppock),
2026-05-26 01:30:00,2026-05-26 06:00:00,BUY,4570.95,4559.68,4604.77,4568.24,FLIP,-2.91,S433 AI Gold Star 123 (Coppock),
2026-05-26 06:00:00,2026-05-26 08:30:00,SELL,4568.24,4578.16,4538.48,4538.48,TP,29.56,S433 AI Gold Star 123 (Coppock),
2026-05-26 13:00:00,2026-05-26 16:30:00,BUY,4530.46,4514.49,4578.37,4514.49,SL,-16.17,S433 AI Gold Star 123 (Coppock),
2026-05-26 18:30:00,2026-05-26 19:30:00,SELL,4507.28,4525.36,4453.05,4520.36,FLIP,-13.28,S433 AI Gold Star 123 (Coppock),
2026-05-26 19:30:00,2026-05-26 20:00:00,BUY,4520.36,4500.63,4579.56,4522.27,FLIP,1.71,S433 AI Gold Star 123 (Coppock),
2026-05-26 20:00:00,2026-05-26 21:00:00,SELL,4522.27,4542.26,4462.31,4517.74,FLIP,4.33,S433 AI Gold Star 123 (Coppock),
2026-05-26 21:00:00,2026-05-26 21:30:00,BUY,4517.74,4496.23,4582.26,4515.34,FLIP,-2.6,S433 AI Gold Star 123 (Coppock),
2026-05-26 21:30:00,2026-05-27 01:30:00,SELL,4515.34,4536.3,4452.47,4499.25,FLIP,15.89,S433 AI Gold Star 123 (Coppock),
2026-05-27 01:30:00,2026-05-27 09:00:00,BUY,4499.25,4481.68,4551.96,4505.52,FLIP,6.07,S433 AI Gold Star 123 (Coppock),
2026-05-27 09:00:00,2026-05-27 15:30:00,SELL,4505.52,4521.66,4457.1,4497.87,FLIP,7.45,S433 AI Gold Star 123 (Coppock),
2026-05-27 15:30:00,2026-05-27 17:00:00,BUY,4497.87,4480.53,4549.9,4476.96,FLIP,-21.11,S433 AI Gold Star 123 (Coppock),
2026-05-27 17:00:00,2026-05-27 20:00:00,SELL,4476.96,4494.68,4423.81,4423.81,TP,52.95,S433 AI Gold Star 123 (Coppock),
2026-05-27 21:00:00,2026-05-27 21:30:00,BUY,4445.48,4414.18,4539.37,4433.95,FLIP,-11.73,S433 AI Gold Star 123 (Coppock),
2026-05-27 21:30:00,2026-05-27 22:00:00,SELL,4433.95,4465.59,4339.04,4435.83,FLIP,-2.08,S433 AI Gold Star 123 (Coppock),
2026-05-27 22:00:00,2026-05-28 06:00:00,BUY,4435.83,4404.31,4530.39,4450.79,FLIP,14.76,S433 AI Gold Star 123 (Coppock),
2026-05-28 06:00:00,2026-05-28 08:30:00,SELL,4450.79,4462.77,4414.86,4414.86,TP,35.73,S433 AI Gold Star 123 (Coppock),
2026-05-28 13:30:00,2026-05-28 21:00:00,BUY,4383.43,4358.28,4458.88,4458.88,TP,75.25,S433 AI Gold Star 123 (Coppock),
2026-05-29 01:30:00,2026-05-29 10:30:00,SELL,4501.03,4530.28,4413.29,4501.38,FLIP,-0.55,S433 AI Gold Star 123 (Coppock),
2026-05-29 10:30:00,2026-05-29 14:00:00,BUY,4501.38,4488.53,4539.94,4514.07,FLIP,12.49,S433 AI Gold Star 123 (Coppock),
2026-05-29 14:00:00,2026-05-29 14:30:00,SELL,4514.07,4530.21,4465.64,4524.75,FLIP,-10.88,S433 AI Gold Star 123 (Coppock),
2026-05-29 14:30:00,2026-05-29 15:00:00,BUY,4524.75,4507.95,4575.15,4517.08,FLIP,-7.87,S433 AI Gold Star 123 (Coppock),
2026-05-29 15:00:00,2026-05-29 16:00:00,SELL,4517.08,4532.15,4471.87,4528.87,FLIP,-11.99,S433 AI Gold Star 123 (Coppock),
2026-05-29 16:00:00,2026-05-29 18:00:00,BUY,4528.87,4512.67,4577.47,4528.03,FLIP,-1.04,S433 AI Gold Star 123 (Coppock),
2026-05-29 18:00:00,2026-05-29 18:30:00,SELL,4528.03,4545.6,4475.33,4538.43,FLIP,-10.6,S433 AI Gold Star 123 (Coppock),
2026-05-29 18:30:00,2026-05-29 19:00:00,BUY,4538.43,4520.17,4593.22,4522.35,FLIP,-16.28,S433 AI Gold Star 123 (Coppock),
2026-05-29 19:00:00,2026-05-29 21:00:00,SELL,4522.35,4541.9,4463.69,4541.9,SL,-19.75,S433 AI Gold Star 123 (Coppock),
2026-05-29 21:30:00,2026-05-30 00:30:00,BUY,4564.21,4539.44,4638.52,4553.49,FLIP,-10.92,S433 AI Gold Star 123 (Coppock),
2026-05-30 00:30:00,2026-05-30 01:00:00,SELL,4553.49,4581.09,4470.7,4559.4,FLIP,-6.11,S433 AI Gold Star 123 (Coppock),
2026-05-30 01:00:00,2026-05-30 01:30:00,BUY,4559.4,4532.41,4640.36,4553.28,FLIP,-6.32,S433 AI Gold Star 123 (Coppock),
2026-05-30 01:30:00,2026-06-01 10:30:00,SELL,4553.28,4580.01,4473.1,4516.31,FLIP,36.77,S433 AI Gold Star 123 (Coppock),
2026-06-01 10:30:00,2026-06-01 11:30:00,BUY,4516.31,4500.41,4564.02,4514.47,FLIP,-2.04,S433 AI Gold Star 123 (Coppock),
2026-06-01 11:30:00,2026-06-01 12:00:00,SELL,4514.47,4530.79,4465.52,4520.49,FLIP,-6.22,S433 AI Gold Star 123 (Coppock),
2026-06-01 12:00:00,2026-06-01 13:00:00,BUY,4520.49,4505.3,4566.06,4513.97,FLIP,-6.72,S433 AI Gold Star 123 (Coppock),
2026-06-01 13:00:00,2026-06-01 15:30:00,SELL,4513.97,4529.9,4466.19,4498.04,FLIP,15.73,S433 AI Gold Star 123 (Coppock),
2026-06-01 15:30:00,2026-06-01 16:00:00,BUY,4498.04,4480.82,4549.71,4496.39,FLIP,-1.85,S433 AI Gold Star 123 (Coppock),
2026-06-01 16:00:00,2026-06-01 16:30:00,SELL,4496.39,4513.58,4444.82,4496.01,FLIP,0.18,S433 AI Gold Star 123 (Coppock),
2026-06-01 16:30:00,2026-06-01 20:00:00,BUY,4496.01,4478.8,4547.63,4465.07,FLIP,-31.14,S433 AI Gold Star 123 (Coppock),
2026-06-01 20:00:00,2026-06-01 23:30:00,SELL,4465.07,4485.07,4405.08,4480.1,FLIP,-15.23,S433 AI Gold Star 123 (Coppock),
2026-06-01 23:30:00,2026-06-02 06:30:00,BUY,4480.1,4457.01,4549.37,4484.53,FLIP,4.23,S433 AI Gold Star 123 (Coppock),
2026-06-02 06:30:00,2026-06-02 07:00:00,SELL,4484.53,4495.97,4450.2,4493.76,FLIP,-9.43,S433 AI Gold Star 123 (Coppock),
2026-06-02 07:00:00,2026-06-02 07:30:00,BUY,4493.76,4482.06,4528.86,4481.75,FLIP,-12.21,S433 AI Gold Star 123 (Coppock),
2026-06-02 07:30:00,2026-06-02 10:00:00,SELL,4481.75,4493.64,4446.07,4495.19,FLIP,-13.64,S433 AI Gold Star 123 (Coppock),
2026-06-02 10:00:00,2026-06-02 16:00:00,BUY,4495.19,4478.55,4545.1,4526.75,FLIP,31.36,S433 AI Gold Star 123 (Coppock),
2026-06-02 16:00:00,2026-06-03 01:30:00,SELL,4526.75,4541.87,4481.39,4487.39,FLIP,39.16,S433 AI Gold Star 123 (Coppock),
2026-06-03 01:30:00,2026-06-03 06:00:00,BUY,4487.39,4471.11,4536.24,4467.58,FLIP,-20.01,S433 AI Gold Star 123 (Coppock),
2026-06-03 06:00:00,2026-06-03 06:30:00,SELL,4467.58,4480.65,4428.38,4474.41,FLIP,-7.03,S433 AI Gold Star 123 (Coppock),
2026-06-03 06:30:00,2026-06-03 08:00:00,BUY,4474.41,4460.87,4515.03,4467.12,FLIP,-7.49,S433 AI Gold Star 123 (Coppock),
2026-06-03 08:00:00,2026-06-03 08:30:00,SELL,4467.12,4483.25,4418.74,4475.84,FLIP,-8.92,S433 AI Gold Star 123 (Coppock),
2026-06-03 08:30:00,2026-06-03 12:00:00,BUY,4475.84,4459.41,4525.13,4468.45,FLIP,-7.59,S433 AI Gold Star 123 (Coppock),
2026-06-03 12:00:00,2026-06-03 13:30:00,SELL,4468.45,4486.42,4414.55,4463.01,FLIP,5.24,S433 AI Gold Star 123 (Coppock),
2026-06-03 13:30:00,2026-06-03 14:00:00,BUY,4463.01,4446.27,4513.22,4456.18,FLIP,-7.03,S433 AI Gold Star 123 (Coppock),
2026-06-03 14:00:00,2026-06-03 17:00:00,SELL,4456.18,4473.62,4403.87,4459.83,FLIP,-3.85,S433 AI Gold Star 123 (Coppock),
2026-06-03 17:00:00,2026-06-03 20:30:00,BUY,4459.83,4440.79,4516.95,4440.79,SL,-19.24,S433 AI Gold Star 123 (Coppock),
2026-06-03 22:30:00,2026-06-04 02:00:00,SELL,4442.2,4465.29,4372.92,4448.03,FLIP,-6.03,S433 AI Gold Star 123 (Coppock),
2026-06-04 02:00:00,2026-06-04 02:30:00,BUY,4448.03,4428.97,4505.21,4443.82,FLIP,-4.41,S433 AI Gold Star 123 (Coppock),
2026-06-04 02:30:00,2026-06-04 03:30:00,SELL,4443.82,4461.55,4390.62,4433.46,FLIP,10.16,S433 AI Gold Star 123 (Coppock),
2026-06-04 03:30:00,2026-06-04 10:00:00,BUY,4433.46,4418.9,4477.13,4477.13,TP,43.47,S433 AI Gold Star 123 (Coppock),
2026-06-04 12:30:00,2026-06-04 17:30:00,SELL,4469.2,4489.78,4407.45,4473.67,FLIP,-4.67,S433 AI Gold Star 123 (Coppock),
2026-06-04 17:30:00,2026-06-04 21:30:00,BUY,4473.67,4458.53,4519.1,4465.83,FLIP,-8.04,S433 AI Gold Star 123 (Coppock),
2026-06-04 21:30:00,2026-06-05 05:00:00,SELL,4465.83,4489.64,4394.39,4478.93,FLIP,-13.3,S433 AI Gold Star 123 (Coppock),
2026-06-05 05:00:00,2026-06-05 06:00:00,BUY,4478.93,4466.17,4517.2,4466.17,SL,-12.96,S433 AI Gold Star 123 (Coppock),
2026-06-05 06:30:00,2026-06-05 11:30:00,SELL,4461.81,4472.68,4429.2,4445.05,FLIP,16.56,S433 AI Gold Star 123 (Coppock),
2026-06-05 11:30:00,2026-06-05 19:00:00,BUY,4445.05,4428.05,4496.06,4464.01,FLIP,18.76,S433 AI Gold Star 123 (Coppock),
2026-06-05 19:00:00,2026-06-05 19:30:00,SELL,4464.01,4479.61,4417.21,4417.21,TP,46.6,S433 AI Gold Star 123 (Coppock),
2026-06-06 02:00:00,2026-06-08 09:30:00,BUY,4323.87,4289.5,4426.99,4310.59,FLIP,-13.48,S433 AI Gold Star 123 (Coppock),
2026-06-08 09:30:00,2026-06-08 10:30:00,SELL,4310.59,4335.51,4235.83,4316.95,FLIP,-6.56,S433 AI Gold Star 123 (Coppock),
2026-06-08 10:30:00,2026-06-08 11:30:00,BUY,4316.95,4291.89,4392.14,4312.65,FLIP,-4.5,S433 AI Gold Star 123 (Coppock),
2026-06-08 11:30:00,2026-06-08 16:30:00,SELL,4312.65,4337.43,4238.31,4294.36,FLIP,18.09,S433 AI Gold Star 123 (Coppock),
2026-06-08 16:30:00,2026-06-08 23:30:00,BUY,4294.36,4269.33,4369.44,4340.69,FLIP,46.13,S433 AI Gold Star 123 (Coppock),
2026-06-08 23:30:00,2026-06-09 08:00:00,SELL,4340.69,4363.09,4273.49,4335.49,FLIP,5.0,S433 AI Gold Star 123 (Coppock),
2026-06-09 08:00:00,2026-06-09 13:30:00,BUY,4335.49,4322.71,4373.83,4330.63,FLIP,-5.06,S433 AI Gold Star 123 (Coppock),
2026-06-09 13:30:00,2026-06-09 17:30:00,SELL,4330.63,4346.17,4284.01,4339.2,FLIP,-8.77,S433 AI Gold Star 123 (Coppock),
2026-06-09 17:30:00,2026-06-09 20:00:00,BUY,4339.2,4322.56,4389.11,4330.93,FLIP,-8.47,S433 AI Gold Star 123 (Coppock),
2026-06-09 20:00:00,2026-06-09 20:30:00,SELL,4330.93,4346.44,4284.39,4346.44,SL,-15.71,S433 AI Gold Star 123 (Coppock),
2026-06-10 03:00:00,2026-06-10 06:00:00,BUY,4259.09,4226.31,4357.44,4226.31,SL,-32.98,S433 AI Gold Star 123 (Coppock),
2026-06-10 08:00:00,2026-06-10 12:00:00,SELL,4201.8,4225.42,4130.93,4187.18,FLIP,14.42,S433 AI Gold Star 123 (Coppock),
2026-06-10 12:00:00,2026-06-10 15:00:00,BUY,4187.18,4161.57,4264.0,4161.57,SL,-25.81,S433 AI Gold Star 123 (Coppock),
2026-06-10 18:00:00,2026-06-10 20:30:00,SELL,4166.29,4190.02,4095.1,4179.61,FLIP,-13.52,S433 AI Gold Star 123 (Coppock),
2026-06-10 20:30:00,2026-06-10 21:30:00,BUY,4179.61,4147.93,4274.66,4124.85,FLIP,-54.96,S433 AI Gold Star 123 (Coppock),
2026-06-10 21:30:00,2026-06-11 06:00:00,SELL,4124.85,4160.47,4017.98,4061.59,FLIP,63.06,S433 AI Gold Star 123 (Coppock),
2026-06-11 06:00:00,2026-06-11 06:30:00,BUY,4061.59,4032.4,4149.17,4047.29,FLIP,-14.5,S433 AI Gold Star 123 (Coppock),
2026-06-11 06:30:00,2026-06-11 07:00:00,SELL,4047.29,4075.99,3961.18,4067.63,FLIP,-20.54,S433 AI Gold Star 123 (Coppock),
2026-06-11 07:00:00,2026-06-11 15:00:00,BUY,4067.63,4036.21,4161.88,4097.59,FLIP,29.76,S433 AI Gold Star 123 (Coppock),
2026-06-11 15:00:00,2026-06-11 16:30:00,SELL,4097.59,4124.93,4015.56,4091.69,FLIP,5.7,S433 AI Gold Star 123 (Coppock),
2026-06-11 16:30:00,2026-06-11 17:00:00,BUY,4091.69,4067.55,4164.1,4087.72,FLIP,-4.17,S433 AI Gold Star 123 (Coppock),
2026-06-11 17:00:00,2026-06-11 22:30:00,SELL,4087.72,4110.37,4019.76,4088.83,FLIP,-1.31,S433 AI Gold Star 123 (Coppock),
2026-06-11 22:30:00,2026-06-12 00:30:00,BUY,4088.83,4062.69,4167.24,4167.24,TP,78.21,S433 AI Gold Star 123 (Coppock),
2026-06-12 07:00:00,2026-06-12 13:30:00,SELL,4220.4,4258.15,4107.16,4184.13,FLIP,36.07,S433 AI Gold Star 123 (Coppock),
2026-06-12 13:30:00,2026-06-12 14:00:00,BUY,4184.13,4159.9,4256.81,4174.07,FLIP,-10.26,S433 AI Gold Star 123 (Coppock),
2026-06-12 14:00:00,2026-06-12 14:30:00,SELL,4174.07,4196.99,4105.32,4194.16,FLIP,-20.29,S433 AI Gold Star 123 (Coppock),
2026-06-12 14:30:00,2026-06-12 19:30:00,BUY,4194.16,4171.68,4261.59,4191.72,FLIP,-2.64,S433 AI Gold Star 123 (Coppock),
2026-06-12 19:30:00,2026-06-12 22:00:00,SELL,4191.72,4214.34,4123.87,4214.34,SL,-22.82,S433 AI Gold Star 123 (Coppock),
2026-06-13 00:00:00,2026-06-13 03:00:00,BUY,4218.81,4190.29,4304.38,4214.42,FLIP,-4.59,S433 AI Gold Star 123 (Coppock),
2026-06-13 03:00:00,2026-06-13 03:30:00,SELL,4214.42,4241.21,4134.04,4217.92,FLIP,-3.7,S433 AI Gold Star 123 (Coppock),
2026-06-13 03:30:00,2026-06-15 05:00:00,BUY,4217.92,4193.39,4291.5,4291.5,TP,73.38,S433 AI Gold Star 123 (Coppock),
2026-06-15 10:30:00,2026-06-15 18:00:00,SELL,4324.94,4351.01,4246.74,4341.07,FLIP,-16.33,S433 AI Gold Star 123 (Coppock),
2026-06-15 18:00:00,2026-06-15 19:00:00,BUY,4341.07,4325.55,4387.63,4325.55,SL,-15.72,S433 AI Gold Star 123 (Coppock),
2026-06-15 22:00:00,2026-06-16 06:30:00,SELL,4354.1,4371.16,4302.91,4315.66,FLIP,38.24,S433 AI Gold Star 123 (Coppock),
2026-06-16 06:30:00,2026-06-16 13:00:00,BUY,4315.66,4302.56,4354.95,4316.53,FLIP,0.67,S433 AI Gold Star 123 (Coppock),
2026-06-16 13:00:00,2026-06-16 13:30:00,SELL,4316.53,4330.52,4274.55,4323.94,FLIP,-7.61,S433 AI Gold Star 123 (Coppock),
2026-06-16 13:30:00,2026-06-16 19:00:00,BUY,4323.94,4309.47,4367.34,4343.76,FLIP,19.62,S433 AI Gold Star 123 (Coppock),
2026-06-16 19:00:00,2026-06-16 19:30:00,SELL,4343.76,4357.04,4303.92,4354.64,FLIP,-11.08,S433 AI Gold Star 123 (Coppock),
2026-06-16 19:30:00,2026-06-16 20:00:00,BUY,4354.64,4341.7,4393.45,4335.17,FLIP,-19.67,S433 AI Gold Star 123 (Coppock),
2026-06-16 20:00:00,2026-06-17 01:30:00,SELL,4335.17,4349.77,4291.36,4338.53,FLIP,-3.56,S433 AI Gold Star 123 (Coppock),
2026-06-17 01:30:00,2026-06-17 06:30:00,BUY,4338.53,4320.54,4392.5,4331.01,FLIP,-7.72,S433 AI Gold Star 123 (Coppock),
2026-06-17 06:30:00,2026-06-17 07:00:00,SELL,4331.01,4341.49,4299.56,4341.49,SL,-10.68,S433 AI Gold Star 123 (Coppock),
2026-06-17 08:00:00,2026-06-17 09:30:00,BUY,4343.43,4332.87,4375.1,4331.71,FLIP,-11.92,S433 AI Gold Star 123 (Coppock),
2026-06-17 09:30:00,2026-06-17 10:30:00,SELL,4331.71,4343.28,4296.99,4332.3,FLIP,-0.79,S433 AI Gold Star 123 (Coppock),
2026-06-17 10:30:00,2026-06-17 11:00:00,BUY,4332.3,4321.44,4364.88,4324.61,FLIP,-7.89,S433 AI Gold Star 123 (Coppock),
2026-06-17 11:00:00,2026-06-17 16:00:00,SELL,4324.61,4336.2,4289.83,4332.03,FLIP,-7.62,S433 AI Gold Star 123 (Coppock),
2026-06-17 16:00:00,2026-06-18 00:30:00,BUY,4332.03,4319.23,4370.44,4370.44,TP,38.21,S433 AI Gold Star 123 (Coppock),
2026-06-18 01:00:00,2026-06-18 01:30:00,SELL,4292.72,4323.61,4200.06,4323.61,SL,-31.09,S433 AI Gold Star 123 (Coppock),
2026-06-18 07:00:00,2026-06-18 12:30:00,BUY,4300.64,4254.34,4439.55,4308.09,FLIP,7.25,S433 AI Gold Star 123 (Coppock),
2026-06-18 12:30:00,2026-06-18 18:00:00,SELL,4308.09,4330.09,4242.09,4242.09,TP,65.8,S433 AI Gold Star 123 (Coppock),
2026-06-18 20:00:00,2026-06-18 21:00:00,BUY,4263.16,4240.62,4330.78,4240.62,SL,-22.74,S433 AI Gold Star 123 (Coppock),
2026-06-19 01:30:00,2026-06-19 02:30:00,SELL,4218.25,4242.25,4146.24,4217.06,FLIP,0.99,S433 AI Gold Star 123 (Coppock),
2026-06-19 02:30:00,2026-06-19 03:00:00,BUY,4217.06,4194.35,4285.18,4219.03,FLIP,1.77,S433 AI Gold Star 123 (Coppock),
2026-06-19 03:00:00,2026-06-19 05:00:00,SELL,4219.03,4240.4,4154.91,4204.11,FLIP,14.72,S433 AI Gold Star 123 (Coppock),
2026-06-19 05:00:00,2026-06-19 06:30:00,BUY,4204.11,4185.64,4259.53,4188.39,FLIP,-15.92,S433 AI Gold Star 123 (Coppock),
2026-06-19 06:30:00,2026-06-19 07:30:00,SELL,4188.39,4205.38,4137.41,4190.45,FLIP,-2.26,S433 AI Gold Star 123 (Coppock),
2026-06-19 07:30:00,2026-06-19 09:00:00,BUY,4190.45,4173.97,4239.9,4179.42,FLIP,-11.23,S433 AI Gold Star 123 (Coppock),
2026-06-19 09:00:00,2026-06-19 11:30:00,SELL,4179.42,4195.65,4130.72,4130.72,TP,48.5,S433 AI Gold Star 123 (Coppock),
2026-06-19 13:30:00,2026-06-19 20:30:00,BUY,4147.67,4127.58,4207.93,4151.48,FLIP,3.61,S433 AI Gold Star 123 (Coppock),
2026-06-19 20:30:00,2026-06-19 23:30:00,SELL,4151.48,4172.2,4089.31,4155.64,FLIP,-4.36,S433 AI Gold Star 123 (Coppock),
2026-06-19 23:30:00,2026-06-22 05:30:00,BUY,4155.64,4137.75,4209.3,4156.35,FLIP,0.51,S433 AI Gold Star 123 (Coppock),
2026-06-22 05:30:00,2026-06-22 06:00:00,SELL,4156.35,4173.69,4104.33,4156.89,FLIP,-0.74,S433 AI Gold Star 123 (Coppock),
2026-06-22 06:00:00,2026-06-22 06:30:00,BUY,4156.89,4139.78,4208.22,4140.26,FLIP,-16.83,S433 AI Gold Star 123 (Coppock),
2026-06-22 06:30:00,2026-06-22 07:00:00,SELL,4140.26,4158.59,4085.27,4166.94,FLIP,-26.88,S433 AI Gold Star 123 (Coppock),
2026-06-22 07:00:00,2026-06-22 10:30:00,BUY,4166.94,4148.86,4221.18,4171.69,FLIP,4.55,S433 AI Gold Star 123 (Coppock),
2026-06-22 10:30:00,2026-06-22 12:00:00,SELL,4171.69,4194.86,4102.18,4193.98,FLIP,-22.49,S433 AI Gold Star 123 (Coppock),
2026-06-22 12:00:00,2026-06-22 12:30:00,BUY,4193.98,4170.1,4265.62,4193.82,FLIP,-0.36,S433 AI Gold Star 123 (Coppock),
2026-06-22 12:30:00,2026-06-22 16:00:00,SELL,4193.82,4217.96,4121.4,4204.03,FLIP,-10.41,S433 AI Gold Star 123 (Coppock),
2026-06-22 16:00:00,2026-06-22 19:00:00,BUY,4204.03,4188.4,4250.91,4208.55,FLIP,4.32,S433 AI Gold Star 123 (Coppock),
2026-06-22 19:00:00,2026-06-23 01:00:00,SELL,4208.55,4221.76,4168.92,4188.03,FLIP,20.32,S433 AI Gold Star 123 (Coppock),
2026-06-23 01:00:00,2026-06-23 02:00:00,BUY,4188.03,4168.47,4246.7,4187.48,FLIP,-0.75,S433 AI Gold Star 123 (Coppock),
2026-06-23 02:00:00,2026-06-23 02:30:00,SELL,4187.48,4206.99,4128.94,4191.2,FLIP,-3.92,S433 AI Gold Star 123 (Coppock),
2026-06-23 02:30:00,2026-06-23 08:00:00,BUY,4191.2,4172.67,4246.78,4178.23,FLIP,-13.17,S433 AI Gold Star 123 (Coppock),
2026-06-23 08:00:00,2026-06-23 10:00:00,SELL,4178.23,4190.96,4140.04,4140.04,TP,37.99,S433 AI Gold Star 123 (Coppock),
2026-06-23 14:00:00,2026-06-23 14:30:00,BUY,4118.12,4091.94,4196.67,4098.85,FLIP,-19.47,S433 AI Gold Star 123 (Coppock),
2026-06-23 14:30:00,2026-06-23 15:30:00,SELL,4098.85,4126.14,4016.97,4105.32,FLIP,-6.67,S433 AI Gold Star 123 (Coppock),
2026-06-23 15:30:00,2026-06-23 23:30:00,BUY,4105.32,4081.55,4176.64,4134.33,FLIP,28.81,S433 AI Gold Star 123 (Coppock),
2026-06-23 23:30:00,2026-06-24 08:00:00,SELL,4134.33,4154.81,4072.89,4072.89,TP,61.24,S433 AI Gold Star 123 (Coppock),
2026-06-24 11:30:00,2026-06-24 17:30:00,BUY,4064.46,4040.43,4136.56,4055.62,FLIP,-9.04,S433 AI Gold Star 123 (Coppock),
2026-06-24 17:30:00,2026-06-24 19:30:00,SELL,4055.62,4072.69,4004.41,4004.41,TP,51.01,S433 AI Gold Star 123 (Coppock),
2026-06-24 23:00:00,2026-06-25 00:30:00,BUY,4016.1,3977.84,4130.87,3977.84,SL,-38.46,S433 AI Gold Star 123 (Coppock),
2026-06-25 09:30:00,2026-06-25 10:30:00,SELL,3983.39,4008.13,3909.18,3995.52,FLIP,-12.33,S433 AI Gold Star 123 (Coppock),
2026-06-25 10:30:00,2026-06-25 11:00:00,BUY,3995.52,3967.33,4080.1,3994.52,FLIP,-1.2,S433 AI Gold Star 123 (Coppock),
2026-06-25 11:00:00,2026-06-25 14:00:00,SELL,3994.52,4021.85,3912.54,3985.1,FLIP,9.22,S433 AI Gold Star 123 (Coppock),
2026-06-25 14:00:00,2026-06-25 17:30:00,BUY,3985.1,3957.45,4068.06,3984.35,FLIP,-0.95,S433 AI Gold Star 123 (Coppock),
2026-06-25 17:30:00,2026-06-25 19:30:00,SELL,3984.35,4002.98,3928.45,4012.4,FLIP,-28.25,S433 AI Gold Star 123 (Coppock),
2026-06-25 19:30:00,2026-06-26 01:30:00,BUY,4012.4,3992.16,4073.11,4034.75,FLIP,22.15,S433 AI Gold Star 123 (Coppock),
2026-06-26 01:30:00,2026-06-26 02:00:00,SELL,4034.75,4063.66,3948.03,4036.05,FLIP,-1.5,S433 AI Gold Star 123 (Coppock),
2026-06-26 02:00:00,2026-06-26 02:30:00,BUY,4036.05,4006.72,4124.05,4026.82,FLIP,-9.43,S433 AI Gold Star 123 (Coppock),
2026-06-26 02:30:00,2026-06-26 11:30:00,SELL,4026.82,4054.08,3945.03,4011.37,FLIP,15.25,S433 AI Gold Star 123 (Coppock),
2026-06-26 11:30:00,2026-06-26 18:30:00,BUY,4011.37,3989.76,4076.21,4045.94,FLIP,34.37,S433 AI Gold Star 123 (Coppock),
2026-06-26 18:30:00,2026-06-26 19:30:00,SELL,4045.94,4064.22,3991.11,4059.01,FLIP,-13.27,S433 AI Gold Star 123 (Coppock),
2026-06-26 19:30:00,2026-06-26 20:00:00,BUY,4059.01,4040.01,4116.0,4057.21,FLIP,-2.0,S433 AI Gold Star 123 (Coppock),
2026-06-26 20:00:00,2026-06-26 20:30:00,SELL,4057.21,4076.7,3998.75,4073.51,FLIP,-16.5,S433 AI Gold Star 123 (Coppock),
2026-06-26 20:30:00,2026-06-26 23:00:00,BUY,4073.51,4051.8,4138.64,4086.75,FLIP,13.04,S433 AI Gold Star 123 (Coppock),
2026-06-26 23:00:00,2026-06-29 08:30:00,SELL,4086.75,4109.59,4018.23,4061.38,FLIP,25.17,S433 AI Gold Star 123 (Coppock),
2026-06-29 08:30:00,2026-06-29 11:30:00,BUY,4061.38,4038.54,4129.89,4052.31,FLIP,-9.27,S433 AI Gold Star 123 (Coppock),
2026-06-29 11:30:00,2026-06-29 12:30:00,SELL,4052.31,4075.66,3982.27,4054.49,FLIP,-2.38,S433 AI Gold Star 123 (Coppock),
2026-06-29 12:30:00,2026-06-29 14:30:00,BUY,4054.49,4033.33,4117.97,4061.63,FLIP,6.94,S433 AI Gold Star 123 (Coppock),
2026-06-29 14:30:00,2026-06-29 15:00:00,SELL,4061.63,4079.21,4008.9,4061.22,FLIP,0.21,S433 AI Gold Star 123 (Coppock),
2026-06-29 15:00:00,2026-06-29 15:30:00,BUY,4061.22,4045.26,4109.09,4047.08,FLIP,-14.34,S433 AI Gold Star 123 (Coppock),
2026-06-29 15:30:00,2026-06-29 19:30:00,SELL,4047.08,4064.25,3995.58,4043.62,FLIP,3.26,S433 AI Gold Star 123 (Coppock),
2026-06-29 19:30:00,2026-06-29 20:00:00,BUY,4043.62,4025.37,4098.37,4038.43,FLIP,-5.39,S433 AI Gold Star 123 (Coppock),
2026-06-29 20:00:00,2026-06-29 22:00:00,SELL,4038.43,4057.0,3982.73,4024.43,FLIP,13.8,S433 AI Gold Star 123 (Coppock),
2026-06-29 22:00:00,2026-06-30 01:30:00,BUY,4024.43,4001.43,4093.44,4013.42,FLIP,-11.21,S433 AI Gold Star 123 (Coppock),
2026-06-30 01:30:00,2026-06-30 02:00:00,SELL,4013.42,4031.78,3958.35,4017.18,FLIP,-3.96,S433 AI Gold Star 123 (Coppock),
2026-06-30 02:00:00,2026-06-30 07:00:00,BUY,4017.18,3999.12,4071.35,4006.28,FLIP,-11.1,S433 AI Gold Star 123 (Coppock),
2026-06-30 07:00:00,2026-06-30 08:00:00,SELL,4006.28,4017.94,3971.3,3971.3,TP,34.78,S433 AI Gold Star 123 (Coppock),
2026-06-30 11:00:00,2026-06-30 18:30:00,BUY,3982.81,3960.63,4049.36,4033.99,FLIP,50.98,S433 AI Gold Star 123 (Coppock),
2026-06-30 18:30:00,2026-06-30 21:00:00,SELL,4033.99,4053.16,3976.49,4054.28,FLIP,-20.49,S433 AI Gold Star 123 (Coppock),
2026-06-30 21:00:00,2026-06-30 21:30:00,BUY,4054.28,4032.58,4119.38,4037.39,FLIP,-17.09,S433 AI Gold Star 123 (Coppock),
2026-06-30 21:30:00,2026-07-01 00:30:00,SELL,4037.39,4060.56,3967.87,4030.8,FLIP,6.39,S433 AI Gold Star 123 (Coppock),
2026-07-01 00:30:00,2026-07-01 01:30:00,BUY,4030.8,4008.8,4096.81,4028.54,FLIP,-2.46,S433 AI Gold Star 123 (Coppock),
2026-07-01 01:30:00,2026-07-01 11:30:00,SELL,4028.54,4049.47,3965.76,3976.67,FLIP,51.67,S433 AI Gold Star 123 (Coppock),
2026-07-01 11:30:00,2026-07-01 12:00:00,BUY,3976.67,3961.04,4023.57,3972.73,FLIP,-4.14,S433 AI Gold Star 123 (Coppock),
2026-07-01 12:00:00,2026-07-01 12:30:00,SELL,3972.73,3988.01,3926.88,3974.03,FLIP,-1.5,S433 AI Gold Star 123 (Coppock),
2026-07-01 12:30:00,2026-07-01 18:00:00,BUY,3974.03,3958.57,4020.4,4020.4,TP,46.17,S433 AI Gold Star 123 (Coppock),
2026-07-01 23:30:00,2026-07-02 07:30:00,SELL,4071.28,4102.19,3978.55,4051.77,FLIP,19.31,S433 AI Gold Star 123 (Coppock),
2026-07-02 07:30:00,2026-07-02 14:00:00,BUY,4051.77,4035.12,4101.73,4062.39,FLIP,10.42,S433 AI Gold Star 123 (Coppock),
2026-07-02 14:00:00,2026-07-02 19:30:00,SELL,4062.39,4080.61,4007.72,4117.47,FLIP,-55.28,S433 AI Gold Star 123 (Coppock),
2026-07-02 19:30:00,2026-07-03 00:00:00,BUY,4117.47,4094.34,4186.86,4112.69,FLIP,-4.98,S433 AI Gold Star 123 (Coppock),
2026-07-03 00:00:00,2026-07-03 07:00:00,SELL,4112.69,4142.19,4024.2,4137.32,FLIP,-24.83,S433 AI Gold Star 123 (Coppock),
2026-07-03 07:00:00,2026-07-03 08:00:00,BUY,4137.32,4121.01,4186.26,4186.26,TP,48.74,S433 AI Gold Star 123 (Coppock),
2026-07-03 12:00:00,2026-07-03 18:00:00,SELL,4176.04,4195.16,4118.67,4183.15,FLIP,-7.31,S433 AI Gold Star 123 (Coppock),
2026-07-03 18:00:00,2026-07-03 19:00:00,BUY,4183.15,4169.56,4223.92,4174.76,FLIP,-8.59,S433 AI Gold Star 123 (Coppock),
2026-07-03 19:00:00,2026-07-03 19:30:00,SELL,4174.76,4189.02,4131.97,4176.93,FLIP,-2.37,S433 AI Gold Star 123 (Coppock),
2026-07-03 19:30:00,2026-07-03 20:30:00,BUY,4176.93,4163.44,4217.39,4164.7,FLIP,-12.43,S433 AI Gold Star 123 (Coppock),
2026-07-03 20:30:00,2026-07-03 23:30:00,SELL,4164.7,4178.37,4123.68,4174.86,FLIP,-10.36,S433 AI Gold Star 123 (Coppock),
2026-07-03 23:30:00,2026-07-06 09:30:00,BUY,4174.86,4162.19,4212.88,4174.18,FLIP,-0.88,S433 AI Gold Star 123 (Coppock),
2026-07-06 09:30:00,2026-07-06 14:30:00,SELL,4174.18,4192.83,4118.22,4164.49,FLIP,9.49,S433 AI Gold Star 123 (Coppock),
2026-07-06 14:30:00,2026-07-06 15:00:00,BUY,4164.49,4146.86,4217.37,4155.5,FLIP,-9.19,S433 AI Gold Star 123 (Coppock),
2026-07-06 15:00:00,2026-07-06 15:30:00,SELL,4155.5,4172.3,4105.11,4150.55,FLIP,4.75,S433 AI Gold Star 123 (Coppock),
2026-07-06 15:30:00,2026-07-06 16:00:00,BUY,4150.55,4134.7,4198.11,4143.62,FLIP,-7.13,S433 AI Gold Star 123 (Coppock),
2026-07-06 16:00:00,2026-07-06 16:30:00,SELL,4143.62,4159.23,4096.8,4143.24,FLIP,0.18,S433 AI Gold Star 123 (Coppock),
2026-07-06 16:30:00,2026-07-06 20:00:00,BUY,4143.24,4127.83,4189.48,4142.31,FLIP,-1.13,S433 AI Gold Star 123 (Coppock),
2026-07-06 20:00:00,2026-07-06 20:30:00,SELL,4142.31,4157.69,4096.18,4140.54,FLIP,1.57,S433 AI Gold Star 123 (Coppock),
2026-07-06 20:30:00,2026-07-06 21:00:00,BUY,4140.54,4124.89,4187.5,4137.18,FLIP,-3.56,S433 AI Gold Star 123 (Coppock),
2026-07-06 21:00:00,2026-07-06 22:00:00,SELL,4137.18,4153.51,4088.2,4150.61,FLIP,-13.63,S433 AI Gold Star 123 (Coppock),
2026-07-06 22:00:00,2026-07-07 06:00:00,BUY,4150.61,4134.36,4199.35,4163.41,FLIP,12.6,S433 AI Gold Star 123 (Coppock),
2026-07-07 06:00:00,2026-07-07 08:00:00,SELL,4163.41,4172.68,4135.59,4135.59,TP,27.62,S433 AI Gold Star 123 (Coppock),
2026-07-07 13:00:00,2026-07-07 20:00:00,BUY,4126.67,4109.48,4178.23,4178.23,TP,51.36,S433 AI Gold Star 123 (Coppock),
2026-07-07 22:00:00,2026-07-08 07:00:00,SELL,4143.09,4164.54,4078.75,4105.51,FLIP,37.38,S433 AI Gold Star 123 (Coppock),
2026-07-08 07:00:00,2026-07-08 14:00:00,BUY,4105.51,4089.2,4154.45,4120.49,FLIP,14.78,S433 AI Gold Star 123 (Coppock),
2026-07-08 14:00:00,2026-07-08 15:30:00,SELL,4120.49,4139.28,4064.13,4064.13,TP,56.16,S433 AI Gold Star 123 (Coppock),
2026-07-08 19:30:00,2026-07-08 21:30:00,BUY,4072.23,4045.76,4151.65,4045.76,SL,-26.67,S433 AI Gold Star 123 (Coppock),
2026-07-09 07:30:00,2026-07-09 12:00:00,SELL,4074.07,4090.22,4025.63,4072.26,FLIP,1.61,S433 AI Gold Star 123 (Coppock),
2026-07-09 12:00:00,2026-07-09 17:30:00,BUY,4072.26,4056.46,4119.66,4099.08,FLIP,26.62,S433 AI Gold Star 123 (Coppock),
2026-07-09 17:30:00,2026-07-09 19:00:00,SELL,4099.08,4115.07,4051.11,4115.07,SL,-16.19,S433 AI Gold Star 123 (Coppock),
2026-07-09 22:30:00,2026-07-10 01:00:00,BUY,4127.0,4110.03,4177.91,4123.98,FLIP,-3.22,S433 AI Gold Star 123 (Coppock),
2026-07-10 01:00:00,2026-07-10 07:30:00,SELL,4123.98,4141.61,4071.09,4126.52,FLIP,-2.74,S433 AI Gold Star 123 (Coppock),
2026-07-10 07:30:00,2026-07-10 08:00:00,BUY,4126.52,4116.8,4155.67,4121.68,FLIP,-5.04,S433 AI Gold Star 123 (Coppock),
2026-07-10 08:00:00,2026-07-10 09:00:00,SELL,4121.68,4131.96,4090.84,4125.79,FLIP,-4.31,S433 AI Gold Star 123 (Coppock),
2026-07-10 09:00:00,2026-07-10 11:00:00,BUY,4125.79,4114.92,4158.39,4117.58,FLIP,-8.41,S433 AI Gold Star 123 (Coppock),
2026-07-10 11:00:00,2026-07-10 17:00:00,SELL,4117.58,4130.58,4078.58,4109.57,FLIP,7.81,S433 AI Gold Star 123 (Coppock),
2026-07-10 17:00:00,2026-07-10 18:00:00,BUY,4109.57,4098.34,4143.25,4100.17,FLIP,-9.6,S433 AI Gold Star 123 (Coppock),
2026-07-10 18:00:00,2026-07-10 18:30:00,SELL,4100.17,4111.06,4067.51,4102.37,FLIP,-2.4,S433 AI Gold Star 123 (Coppock),
2026-07-10 18:30:00,2026-07-10 20:00:00,BUY,4102.37,4090.71,4137.35,4087.31,FLIP,-15.26,S433 AI Gold Star 123 (Coppock),
2026-07-10 20:00:00,2026-07-10 20:30:00,SELL,4087.31,4101.96,4043.37,4099.95,FLIP,-12.84,S433 AI Gold Star 123 (Coppock),
2026-07-10 20:30:00,2026-07-10 21:30:00,BUY,4099.95,4083.85,4148.25,4092.88,FLIP,-7.27,S433 AI Gold Star 123 (Coppock),
2026-07-10 21:30:00,2026-07-10 22:00:00,SELL,4092.88,4112.17,4035.0,4102.1,FLIP,-9.42,S433 AI Gold Star 123 (Coppock),
2026-07-10 22:00:00,2026-07-11 00:30:00,BUY,4102.1,4081.74,4163.18,4100.86,FLIP,-1.44,S433 AI Gold Star 123 (Coppock),
2026-07-11 00:30:00,2026-07-11 01:00:00,SELL,4100.86,4121.2,4039.83,4102.95,FLIP,-2.29,S433 AI Gold Star 123 (Coppock),
2026-07-11 01:00:00,2026-07-11 02:00:00,BUY,4102.95,4082.92,4163.03,4101.8,FLIP,-1.35,S433 AI Gold Star 123 (Coppock),
2026-07-11 02:00:00,2026-07-11 02:30:00,SELL,4101.8,4119.97,4047.29,4108.57,FLIP,-6.97,S433 AI Gold Star 123 (Coppock),
2026-07-11 02:30:00,2026-07-13 05:00:00,BUY,4108.57,4090.5,4162.78,4084.22,FLIP,-24.55,S433 AI Gold Star 123 (Coppock),
2026-07-13 05:00:00,2026-07-13 12:00:00,SELL,4084.22,4102.87,4028.28,4058.16,FLIP,25.86,S433 AI Gold Star 123 (Coppock),
2026-07-13 12:00:00,2026-07-13 18:30:00,BUY,4058.16,4038.11,4118.32,4056.44,FLIP,-1.92,S433 AI Gold Star 123 (Coppock),
2026-07-13 18:30:00,2026-07-13 19:00:00,SELL,4056.44,4074.43,4002.48,4058.99,FLIP,-2.75,S433 AI Gold Star 123 (Coppock),
2026-07-13 19:00:00,2026-07-13 20:00:00,BUY,4058.99,4041.89,4110.29,4062.23,FLIP,3.04,S433 AI Gold Star 123 (Coppock),
2026-07-13 20:00:00,2026-07-13 21:00:00,SELL,4062.23,4077.94,4015.1,4015.1,TP,46.93,S433 AI Gold Star 123 (Coppock),
2026-07-14 02:00:00,2026-07-14 14:30:00,BUY,3998.34,3976.87,4062.76,4020.73,FLIP,22.19,S433 AI Gold Star 123 (Coppock),
2026-07-14 14:30:00,2026-07-14 18:30:00,SELL,4020.73,4034.7,3978.82,4031.27,FLIP,-10.74,S433 AI Gold Star 123 (Coppock),
2026-07-14 18:30:00,2026-07-14 19:00:00,BUY,4031.27,4018.31,4070.16,4029.5,FLIP,-1.97,S433 AI Gold Star 123 (Coppock),
2026-07-14 19:00:00,2026-07-14 19:30:00,SELL,4029.5,4043.36,3987.93,4076.31,FLIP,-47.01,S433 AI Gold Star 123 (Coppock),
2026-07-14 19:30:00,2026-07-14 23:00:00,BUY,4076.31,4055.74,4138.01,4059.28,FLIP,-17.23,S433 AI Gold Star 123 (Coppock),
2026-07-14 23:00:00,2026-07-15 07:00:00,SELL,4059.28,4085.59,3980.36,4058.31,FLIP,0.77,S433 AI Gold Star 123 (Coppock),
2026-07-15 07:00:00,2026-07-15 08:30:00,BUY,4058.31,4047.98,4089.31,4037.3,FLIP,-21.21,S433 AI Gold Star 123 (Coppock),
2026-07-15 08:30:00,2026-07-15 13:30:00,SELL,4037.3,4049.28,4001.35,4032.12,FLIP,4.98,S433 AI Gold Star 123 (Coppock),
2026-07-15 13:30:00,2026-07-15 14:00:00,BUY,4032.12,4016.31,4079.54,4024.63,FLIP,-7.69,S433 AI Gold Star 123 (Coppock),
2026-07-15 14:00:00,2026-07-15 14:30:00,SELL,4024.63,4041.19,3974.96,4024.5,FLIP,-0.07,S433 AI Gold Star 123 (Coppock),
2026-07-15 14:30:00,2026-07-15 20:00:00,BUY,4024.5,4008.07,4073.8,4073.8,TP,49.1,S433 AI Gold Star 123 (Coppock),
2026-07-15 22:30:00,2026-07-16 00:30:00,SELL,4047.07,4064.76,3993.99,4062.27,FLIP,-15.4,S433 AI Gold Star 123 (Coppock),
2026-07-16 00:30:00,2026-07-16 01:30:00,BUY,4062.27,4041.23,4125.38,4059.13,FLIP,-3.34,S433 AI Gold Star 123 (Coppock),
2026-07-16 01:30:00,2026-07-16 05:30:00,SELL,4059.13,4082.36,3989.43,4059.65,FLIP,-0.72,S433 AI Gold Star 123 (Coppock),
2026-07-16 05:30:00,2026-07-16 06:30:00,BUY,4059.65,4041.94,4112.77,4057.89,FLIP,-1.96,S433 AI Gold Star 123 (Coppock),
2026-07-16 06:30:00,2026-07-16 07:00:00,SELL,4057.89,4073.57,4010.86,4058.39,FLIP,-0.7,S433 AI Gold Star 123 (Coppock),
2026-07-16 07:00:00,2026-07-16 07:30:00,BUY,4058.39,4043.72,4102.39,4044.62,FLIP,-13.97,S433 AI Gold Star 123 (Coppock),
2026-07-16 07:30:00,2026-07-16 13:00:00,SELL,4044.62,4059.96,3998.6,4030.38,FLIP,14.04,S433 AI Gold Star 123 (Coppock),
2026-07-16 13:00:00,2026-07-16 19:00:00,BUY,4030.38,4017.38,4069.38,4017.38,SL,-13.2,S433 AI Gold Star 123 (Coppock),
2026-07-16 19:30:00,2026-07-16 22:00:00,SELL,3992.54,4010.55,3938.52,4010.55,SL,-18.21,S433 AI Gold Star 123 (Coppock),
2026-07-17 01:00:00,2026-07-17 01:30:00,BUY,3986.47,3957.1,4074.57,3980.34,FLIP,-6.33,S433 AI Gold Star 123 (Coppock),
2026-07-17 01:30:00,2026-07-17 02:00:00,SELL,3980.34,4008.76,3895.09,3978.93,FLIP,1.21,S433 AI Gold Star 123 (Coppock),
2026-07-17 02:00:00,2026-07-17 11:30:00,BUY,3978.93,3952.98,4056.77,3981.79,FLIP,2.66,S433 AI Gold Star 123 (Coppock),
2026-07-17 11:30:00,2026-07-17 13:00:00,SELL,3981.79,3997.62,3934.31,4003.81,FLIP,-22.22,S433 AI Gold Star 123 (Coppock),
2026-07-17 13:00:00,2026-07-17 14:30:00,BUY,4003.81,3985.29,4059.36,3992.78,FLIP,-11.23,S433 AI Gold Star 123 (Coppock),
2026-07-17 14:30:00,2026-07-17 16:00:00,SELL,3992.78,4010.92,3938.36,3999.03,FLIP,-6.45,S433 AI Gold Star 123 (Coppock),
2026-07-17 16:00:00,2026-07-17 17:00:00,BUY,3999.03,3980.85,4053.58,3996.2,FLIP,-3.03,S433 AI Gold Star 123 (Coppock),
2026-07-17 17:00:00,2026-07-17 18:00:00,SELL,3996.2,4010.78,3952.47,3995.68,FLIP,0.32,S433 AI Gold Star 123 (Coppock),
2026-07-17 18:00:00,2026-07-17 18:30:00,BUY,3995.68,3981.55,4038.06,3994.26,FLIP,-1.62,S433 AI Gold Star 123 (Coppock),
2026-07-17 18:30:00,2026-07-17 20:30:00,SELL,3994.26,4008.33,3952.05,3997.09,FLIP,-3.03,S433 AI Gold Star 123 (Coppock),
2026-07-17 20:30:00,2026-07-18 02:00:00,BUY,3997.09,3978.92,4051.61,4005.35,FLIP,8.06,S433 AI Gold Star 123 (Coppock),
2026-07-18 02:00:00,2026-07-18 02:30:00,SELL,4005.35,4025.94,3943.57,4015.45,FLIP,-10.3,S433 AI Gold Star 123 (Coppock),
2026-07-18 02:30:00,2026-07-18 03:30:00,BUY,4015.45,3996.22,4073.14,4016.99,FLIP,1.34,S433 AI Gold Star 123 (Coppock),
2026-07-18 03:30:00,2026-07-20 09:30:00,SELL,4016.99,4032.04,3971.83,4021.96,FLIP,-5.17,S433 AI Gold Star 123 (Coppock),
2026-07-20 09:30:00,2026-07-20 13:00:00,BUY,4021.96,4003.25,4078.09,4004.84,FLIP,-17.32,S433 AI Gold Star 123 (Coppock),
2026-07-20 13:00:00,2026-07-20 15:00:00,SELL,4004.84,4022.13,3952.97,4022.13,SL,-17.49,S433 AI Gold Star 123 (Coppock),
2026-07-20 17:30:00,2026-07-20 19:00:00,BUY,4024.18,4012.13,4060.33,4012.13,SL,-12.25,S433 AI Gold Star 123 (Coppock),
2026-07-20 19:30:00,2026-07-21 02:00:00,SELL,4008.21,4022.55,3965.2,4012.97,FLIP,-4.96,S433 AI Gold Star 123 (Coppock),
2026-07-21 02:00:00,2026-07-21 05:30:00,BUY,4012.97,4000.05,4051.74,4000.48,FLIP,-12.69,S433 AI Gold Star 123 (Coppock),
2026-07-21 05:30:00,2026-07-21 06:30:00,SELL,4000.48,4012.21,3965.3,4009.98,FLIP,-9.7,S433 AI Gold Star 123 (Coppock),
2026-07-21 06:30:00,2026-07-21 09:30:00,BUY,4009.98,3998.77,4043.62,4043.62,TP,33.44,S433 AI Gold Star 123 (Coppock),
2026-07-21 14:30:00,2026-07-21 21:00:00,SELL,4071.32,4087.95,4021.42,4069.44,FLIP,1.68,S433 AI Gold Star 123 (Coppock),
2026-07-21 21:00:00,2026-07-22 03:30:00,BUY,4069.44,4055.2,4112.15,4077.56,FLIP,7.92,S433 AI Gold Star 123 (Coppock),
2026-07-22 03:30:00,2026-07-22 07:00:00,SELL,4077.56,4090.81,4037.8,4098.2,FLIP,-20.84,S433 AI Gold Star 123 (Coppock),
2026-07-22 07:00:00,2026-07-22 10:00:00,BUY,4098.2,4086.83,4132.31,4132.31,TP,33.91,S433 AI Gold Star 123 (Coppock),
2026-07-22 12:30:00,2026-07-22 18:30:00,SELL,4131.09,4146.15,4085.92,4122.58,FLIP,8.31,S433 AI Gold Star 123 (Coppock),
2026-07-22 18:30:00,2026-07-22 19:30:00,BUY,4122.58,4109.0,4163.31,4112.92,FLIP,-9.86,S433 AI Gold Star 123 (Coppock),
2026-07-22 19:30:00,2026-07-22 20:00:00,SELL,4112.92,4128.77,4065.37,4131.78,FLIP,-19.06,S433 AI Gold Star 123 (Coppock),
2026-07-22 20:00:00,2026-07-23 00:00:00,BUY,4131.78,4115.82,4179.65,4146.02,FLIP,14.04,S433 AI Gold Star 123 (Coppock),
2026-07-23 00:00:00,2026-07-23 07:30:00,SELL,4146.02,4165.59,4087.32,4132.17,FLIP,13.65,S433 AI Gold Star 123 (Coppock),
2026-07-23 07:30:00,2026-07-23 08:30:00,BUY,4132.17,4119.23,4170.98,4117.88,FLIP,-14.49,S433 AI Gold Star 123 (Coppock),
2026-07-23 08:30:00,2026-07-23 09:00:00,SELL,4117.88,4133.13,4072.12,4116.21,FLIP,1.47,S433 AI Gold Star 123 (Coppock),
2026-07-23 09:00:00,2026-07-23 13:30:00,BUY,4116.21,4101.07,4161.62,4118.62,FLIP,2.21,S433 AI Gold Star 123 (Coppock),
2026-07-23 13:30:00,2026-07-23 18:30:00,SELL,4118.62,4133.38,4074.35,4074.35,TP,44.07,S433 AI Gold Star 123 (Coppock),
2026-07-23 21:30:00,2026-07-23 22:00:00,BUY,4058.01,4038.68,4116.0,4046.87,FLIP,-11.34,S433 AI Gold Star 123 (Coppock),
2026-07-23 22:00:00,2026-07-23 22:30:00,SELL,4046.87,4066.72,3987.33,4048.73,FLIP,-2.06,S433 AI Gold Star 123 (Coppock),
2026-07-23 22:30:00,2026-07-24 08:00:00,BUY,4048.73,4028.57,4109.22,4042.75,FLIP,-6.18,S433 AI Gold Star 123 (Coppock),
2026-07-24 08:00:00,2026-07-24 08:30:00,SELL,4042.75,4050.3,4020.1,4043.64,FLIP,-1.09,S433 AI Gold Star 123 (Coppock),
2026-07-24 08:30:00,2026-07-24 09:30:00,BUY,4043.64,4035.94,4066.74,4024.69,FLIP,-19.15,S433 AI Gold Star 123 (Coppock),
2026-07-24 09:30:00,2026-07-24 13:00:00,SELL,4024.69,4034.96,3993.87,4036.66,FLIP,-12.17,S433 AI Gold Star 123 (Coppock),
2026-07-24 13:00:00,2026-07-24 19:30:00,BUY,4036.66,4022.87,4078.02,4056.14,FLIP,19.28,S433 AI Gold Star 123 (Coppock),
2026-07-24 19:30:00,2026-07-24 21:00:00,SELL,4056.14,4069.43,4016.27,4069.43,SL,-13.49,S433 AI Gold Star 123 (Coppock),
2026-07-27 05:00:00,2026-07-27 10:30:00,BUY,4086.34,4071.06,4132.17,4091.0,FLIP,4.46,S433 AI Gold Star 123 (Coppock),
2026-07-27 10:30:00,2026-07-27 16:30:00,SELL,4091.0,4110.09,4033.73,4096.22,FLIP,-5.42,S433 AI Gold Star 123 (Coppock),
2026-07-27 16:30:00,2026-07-27 19:00:00,BUY,4096.22,4084.31,4131.94,4086.68,FLIP,-9.74,S433 AI Gold Star 123 (Coppock),
2026-07-27 19:00:00,2026-07-27 23:00:00,SELL,4086.68,4100.11,4046.38,4085.13,FLIP,1.35,S433 AI Gold Star 123 (Coppock),
2026-07-27 23:00:00,2026-07-27 23:30:00,BUY,4085.13,4069.39,4132.34,4082.33,FLIP,-3.0,S433 AI Gold Star 123 (Coppock),
2026-07-27 23:30:00,2026-07-28 00:30:00,SELL,4082.33,4098.42,4034.06,4076.38,FLIP,5.75,S433 AI Gold Star 123 (Coppock),
2026-07-28 00:30:00,2026-07-28 05:30:00,BUY,4076.38,4060.55,4123.86,4074.27,FLIP,-2.31,S433 AI Gold Star 123 (Coppock),
2026-07-28 05:30:00,2026-07-28 06:30:00,SELL,4074.27,4085.97,4039.17,4073.33,FLIP,0.74,S433 AI Gold Star 123 (Coppock),
2026-07-28 06:30:00,2026-07-28 07:00:00,BUY,4073.33,4062.47,4105.91,4062.04,FLIP,-11.49,S433 AI Gold Star 123 (Coppock),
2026-07-28 07:00:00,2026-07-28 12:00:00,SELL,4062.04,4073.34,4028.15,4043.33,FLIP,18.51,S433 AI Gold Star 123 (Coppock),
2026-07-28 12:00:00,2026-07-28 16:30:00,BUY,4043.33,4032.86,4074.75,4023.5,FLIP,-20.03,S433 AI Gold Star 123 (Coppock),
2026-07-28 16:30:00,2026-07-28 19:30:00,SELL,4023.5,4035.32,3988.05,4035.32,SL,-12.02,S433 AI Gold Star 123 (Coppock),
2026-07-28 21:30:00,2026-07-29 01:30:00,BUY,4024.47,4007.06,4076.71,4023.0,FLIP,-1.67,S433 AI Gold Star 123 (Coppock),
2026-07-29 01:30:00,2026-07-29 08:30:00,SELL,4023.0,4039.06,3974.83,4025.98,FLIP,-3.18,S433 AI Gold Star 123 (Coppock),
2026-07-29 08:30:00,2026-07-29 15:30:00,BUY,4025.98,4014.17,4061.41,4037.65,FLIP,11.47,S433 AI Gold Star 123 (Coppock),
2026-07-29 15:30:00,2026-07-29 20:30:00,SELL,4037.65,4048.25,4005.84,4005.84,TP,31.61,S433 AI Gold Star 123 (Coppock),
2026-07-29 23:00:00,2026-07-30 01:00:00,BUY,4016.72,4001.26,4063.11,4063.11,TP,46.19,S433 AI Gold Star 123 (Coppock),
2026-07-30 07:00:00,2026-07-30 15:00:00,SELL,4075.29,4110.83,3968.67,4064.63,FLIP,10.46,S433 AI Gold Star 123 (Coppock),
2026-07-30 15:00:00,2026-07-30 22:00:00,BUY,4064.63,4043.6,4127.71,4096.06,FLIP,31.23,S433 AI Gold Star 123 (Coppock),
2026-07-30 22:00:00,2026-07-30 22:30:00,SELL,4096.06,4120.37,4023.13,4108.25,FLIP,-12.39,S433 AI Gold Star 123 (Coppock),
2026-07-30 22:30:00,2026-07-30 23:30:00,BUY,4108.25,4083.51,4182.47,4110.69,FLIP,2.24,S433 AI Gold Star 123 (Coppock),
2026-07-30 23:30:00,2026-07-31 13:00:00,SELL,4110.69,4135.08,4037.53,4084.94,FLIP,25.55,S433 AI Gold Star 123 (Coppock),
2026-07-31 13:00:00,2026-07-31 14:00:00,BUY,4084.94,4072.14,4123.33,4072.14,SL,-13.0,S433 AI Gold Star 123 (Coppock),
2026-07-31 15:00:00,2026-07-31 15:30:00,SELL,4058.51,4070.37,4022.93,4061.07,FLIP,-2.76,S433 AI Gold Star 123 (Coppock),
2026-07-31 15:30:00,2026-07-31 16:00:00,BUY,4061.07,4049.19,4096.71,4052.32,FLIP,-8.95,S433 AI Gold Star 123 (Coppock),
2026-07-31 16:00:00,2026-07-31 18:00:00,SELL,4052.32,4064.61,4015.45,4058.81,FLIP,-6.69,S433 AI Gold Star 123 (Coppock),
2026-07-31 18:00:00,2026-07-31 18:30:00,BUY,4058.81,4046.55,4095.59,4053.64,FLIP,-5.37,S433 AI Gold Star 123 (Coppock),
2026-07-31 18:30:00,2026-07-31 21:00:00,SELL,4053.64,4066.06,4016.38,4038.77,FLIP,14.67,S433 AI Gold Star 123 (Coppock),
2026-07-31 21:00:00,2026-08-03 07:00:00,BUY,4038.77,4022.71,4086.94,4064.4,FLIP,25.43,S433 AI Gold Star 123 (Coppock),
2026-08-03 07:00:00,2026-08-03 10:00:00,SELL,4064.4,4079.71,4018.46,4063.95,FLIP,0.25,S433 AI Gold Star 123 (Coppock),
2026-08-03 10:00:00,2026-08-03 10:30:00,BUY,4063.95,4045.95,4117.95,4065.09,FLIP,0.94,S433 AI Gold Star 123 (Coppock),
2026-08-03 10:30:00,2026-08-03 18:30:00,SELL,4065.09,4083.18,4010.82,4062.55,FLIP,2.34,S433 AI Gold Star 123 (Coppock),
2026-08-03 18:30:00,2026-08-03 19:00:00,BUY,4062.55,4048.45,4104.86,4050.8,FLIP,-11.95,S433 AI Gold Star 123 (Coppock),
2026-08-03 19:00:00,2026-08-03 23:00:00,SELL,4050.8,4065.42,4006.95,4037.0,FLIP,13.6,S433 AI Gold Star 123 (Coppock),
2026-08-03 23:00:00,2026-08-04 00:00:00,BUY,4037.0,4020.88,4085.37,4034.36,FLIP,-2.84,S433 AI Gold Star 123 (Coppock),
2026-08-04 00:00:00,2026-08-04 00:30:00,SELL,4034.36,4049.56,3988.76,4030.51,FLIP,3.65,S433 AI Gold Star 123 (Coppock),
2026-08-04 00:30:00,2026-08-04 07:30:00,BUY,4030.51,4015.41,4075.82,4049.41,FLIP,18.7,S433 AI Gold Star 123 (Coppock),
2026-08-04 07:30:00,2026-08-04 08:30:00,SELL,4049.41,4059.9,4017.93,4059.9,SL,-10.69,S433 AI Gold Star 123 (Coppock),
2026-08-04 13:00:00,2026-08-04 14:00:00,BUY,4059.85,4046.98,4098.47,4062.99,FLIP,2.94,S433 AI Gold Star 123 (Coppock),
2026-08-04 14:00:00,2026-08-04 14:30:00,SELL,4062.99,4075.22,4026.31,4065.56,FLIP,-2.77,S433 AI Gold Star 123 (Coppock),
2026-08-04 14:30:00,2026-08-04 15:30:00,BUY,4065.56,4054.05,4100.09,4055.07,FLIP,-10.69,S433 AI Gold Star 123 (Coppock),
2026-08-04 15:30:00,2026-08-04 18:30:00,SELL,4055.07,4066.49,4020.8,4075.03,FLIP,-20.16,S433 AI Gold Star 123 (Coppock),
2026-08-04 18:30:00,2026-08-04 19:00:00,BUY,4075.03,4061.39,4115.96,4061.39,SL,-13.84,S433 AI Gold Star 123 (Coppock),
2026-08-05 00:30:00,2026-08-05 08:00:00,SELL,4086.12,4107.31,4022.54,4084.63,FLIP,1.29,S433 AI Gold Star 123 (Coppock),
2026-08-05 08:00:00,2026-08-05 09:30:00,BUY,4084.63,4073.35,4118.48,4118.48,TP,33.65,S433 AI Gold Star 123 (Coppock),
2026-08-05 15:00:00,2026-08-05 18:30:00,SELL,4164.54,4186.4,4098.95,4186.4,SL,-22.06,S433 AI Gold Star 123 (Coppock),
2026-08-05 19:00:00,2026-08-05 19:30:00,BUY,4205.37,4183.95,4269.62,4184.0,FLIP,-21.57,S433 AI Gold Star 123 (Coppock),
2026-08-05 19:30:00,2026-08-05 20:30:00,SELL,4184.0,4204.6,4122.19,4206.07,FLIP,-22.27,S433 AI Gold Star 123 (Coppock),
2026-08-05 20:30:00,2026-08-06 01:30:00,BUY,4206.07,4184.84,4269.77,4260.89,FLIP,54.62,S433 AI Gold Star 123 (Coppock),
2026-08-06 01:30:00,2026-08-06 06:30:00,SELL,4260.89,4288.88,4176.93,4278.2,FLIP,-17.51,S433 AI Gold Star 123 (Coppock),
2026-08-06 06:30:00,2026-08-06 07:00:00,BUY,4278.2,4261.95,4326.94,4274.05,FLIP,-4.35,S433 AI Gold Star 123 (Coppock),
2026-08-06 07:00:00,2026-08-06 07:30:00,SELL,4274.05,4290.65,4224.26,4294.83,FLIP,-20.98,S433 AI Gold Star 123 (Coppock),
2026-08-06 07:30:00,2026-08-06 08:00:00,BUY,4294.83,4276.37,4350.2,4275.95,FLIP,-19.08,S433 AI Gold Star 123 (Coppock),
2026-08-06 08:00:00,2026-08-06 08:30:00,SELL,4275.95,4296.58,4214.05,4286.63,FLIP,-10.88,S433 AI Gold Star 123 (Coppock),
2026-08-06 08:30:00,2026-08-06 09:30:00,BUY,4286.63,4264.92,4351.76,4278.59,FLIP,-8.24,S433 AI Gold Star 123 (Coppock),
2026-08-06 09:30:00,2026-08-06 15:30:00,SELL,4278.59,4301.41,4210.12,4278.29,FLIP,0.1,S433 AI Gold Star 123 (Coppock),
2026-08-06 15:30:00,2026-08-06 18:30:00,BUY,4278.29,4258.21,4338.54,4258.21,SL,-20.28,S433 AI Gold Star 123 (Coppock),
2026-08-06 19:30:00,2026-08-06 20:30:00,SELL,4250.25,4267.65,4198.06,4267.11,FLIP,-17.06,S433 AI Gold Star 123 (Coppock),
2026-08-06 20:30:00,2026-08-06 21:00:00,BUY,4267.11,4246.43,4329.16,4265.36,FLIP,-1.95,S433 AI Gold Star 123 (Coppock),
2026-08-06 21:00:00,2026-08-07 01:00:00,SELL,4265.36,4286.35,4202.4,4246.74,FLIP,18.42,S433 AI Gold Star 123 (Coppock),
2026-08-07 01:00:00,2026-08-07 02:00:00,BUY,4246.74,4221.99,4320.98,4237.41,FLIP,-9.53,S433 AI Gold Star 123 (Coppock),
2026-08-07 02:00:00,2026-08-07 02:30:00,SELL,4237.41,4261.93,4163.84,4248.96,FLIP,-11.75,S433 AI Gold Star 123 (Coppock),
2026-08-07 02:30:00,2026-08-07 07:30:00,BUY,4248.96,4224.85,4321.29,4232.74,FLIP,-16.42,S433 AI Gold Star 123 (Coppock),
2026-08-07 07:30:00,2026-08-07 08:00:00,SELL,4232.74,4247.13,4189.56,4243.37,FLIP,-10.83,S433 AI Gold Star 123 (Coppock),
2026-08-07 08:00:00,2026-08-07 13:00:00,BUY,4243.37,4227.64,4290.57,4290.57,TP,47.0,S433 AI Gold Star 123 (Coppock),
2026-08-07 18:30:00,2026-08-07 19:30:00,SELL,4321.23,4339.66,4265.93,4361.35,FLIP,-40.32,S433 AI Gold Star 123 (Coppock),
2026-08-07 19:30:00,2026-08-07 20:30:00,BUY,4361.35,4336.29,4436.54,4348.04,FLIP,-13.51,S433 AI Gold Star 123 (Coppock),
2026-08-07 20:30:00,2026-08-10 06:00:00,SELL,4348.04,4375.12,4266.81,4346.42,FLIP,1.42,S433 AI Gold Star 123 (Coppock),
2026-08-10 06:00:00,2026-08-10 06:30:00,BUY,4346.42,4330.38,4394.53,4333.24,FLIP,-13.38,S433 AI Gold Star 123 (Coppock),
2026-08-10 06:30:00,2026-08-10 07:00:00,SELL,4333.24,4349.4,4284.77,4337.69,FLIP,-4.65,S433 AI Gold Star 123 (Coppock),
2026-08-10 07:00:00,2026-08-10 08:00:00,BUY,4337.69,4321.63,4385.88,4316.52,FLIP,-21.37,S433 AI Gold Star 123 (Coppock),
2026-08-10 08:00:00,2026-08-10 11:00:00,SELL,4316.52,4333.18,4266.54,4334.74,FLIP,-18.42,S433 AI Gold Star 123 (Coppock),
2026-08-10 11:00:00,2026-08-10 16:30:00,BUY,4334.74,4317.45,4386.62,4341.2,FLIP,6.26,S433 AI Gold Star 123 (Coppock),
2026-08-10 16:30:00,2026-08-10 21:00:00,SELL,4341.2,4355.83,4297.32,4345.56,FLIP,-4.56,S433 AI Gold Star 123 (Coppock),
2026-08-10 21:00:00,2026-08-11 05:30:00,BUY,4345.56,4328.93,4395.44,4395.44,TP,49.68,S433 AI Gold Star 123 (Coppock),
2026-08-11 06:00:00,2026-08-11 07:00:00,SELL,4395.51,4409.33,4354.06,4413.99,FLIP,-18.68,S433 AI Gold Star 123 (Coppock),
2026-08-11 07:00:00,2026-08-11 07:30:00,BUY,4413.99,4399.36,4457.87,4409.55,FLIP,-4.64,S433 AI Gold Star 123 (Coppock),
2026-08-11 07:30:00,2026-08-11 08:30:00,SELL,4409.55,4424.01,4366.16,4429.55,FLIP,-20.2,S433 AI Gold Star 123 (Coppock),
2026-08-11 08:30:00,2026-08-11 09:30:00,BUY,4429.55,4412.01,4482.16,4410.91,FLIP,-18.84,S433 AI Gold Star 123 (Coppock),
2026-08-11 09:30:00,2026-08-11 17:00:00,SELL,4410.91,4429.46,4355.25,4378.28,FLIP,32.43,S433 AI Gold Star 123 (Coppock),
2026-08-11 17:00:00,2026-08-11 22:30:00,BUY,4378.28,4360.18,4432.57,4383.65,FLIP,5.17,S433 AI Gold Star 123 (Coppock),
2026-08-11 22:30:00,2026-08-12 05:00:00,SELL,4383.65,4401.2,4331.01,4376.63,FLIP,6.82,S433 AI Gold Star 123 (Coppock),
2026-08-12 05:00:00,2026-08-12 05:30:00,BUY,4376.63,4362.0,4420.52,4368.96,FLIP,-7.87,S433 AI Gold Star 123 (Coppock),
2026-08-12 05:30:00,2026-08-12 06:00:00,SELL,4368.96,4383.29,4325.97,4372.84,FLIP,-4.08,S433 AI Gold Star 123 (Coppock),
2026-08-12 06:00:00,2026-08-12 09:30:00,BUY,4372.84,4359.01,4414.32,4414.32,TP,41.28,S433 AI Gold Star 123 (Coppock),
2026-08-12 12:00:00,2026-08-12 14:30:00,SELL,4392.73,4408.86,4344.33,4408.86,SL,-16.33,S433 AI Gold Star 123 (Coppock),
2026-08-12 17:00:00,2026-08-12 19:00:00,BUY,4419.63,4405.1,4463.23,4405.1,SL,-14.73,S433 AI Gold Star 123 (Coppock),
2026-08-12 21:30:00,2026-08-13 06:00:00,SELL,4421.98,4447.58,4345.18,4408.34,FLIP,13.44,S433 AI Gold Star 123 (Coppock),
2026-08-13 06:00:00,2026-08-13 09:00:00,BUY,4408.34,4392.77,4455.04,4406.37,FLIP,-2.17,S433 AI Gold Star 123 (Coppock),
2026-08-13 09:00:00,2026-08-13 16:00:00,SELL,4406.37,4423.8,4354.07,4379.93,FLIP,26.24,S433 AI Gold Star 123 (Coppock),
2026-08-13 16:00:00,2026-08-13 21:00:00,BUY,4379.93,4363.51,4429.18,4367.74,FLIP,-12.39,S433 AI Gold Star 123 (Coppock),
2026-08-13 21:00:00,2026-08-13 21:30:00,SELL,4367.74,4384.06,4318.79,4383.67,FLIP,-16.13,S433 AI Gold Star 123 (Coppock),
2026-08-13 21:30:00,2026-08-13 22:00:00,BUY,4383.67,4365.21,4439.05,4365.15,FLIP,-18.72,S433 AI Gold Star 123 (Coppock),
2026-08-13 22:00:00,2026-08-14 03:30:00,SELL,4365.15,4384.98,4305.65,4350.15,FLIP,14.8,S433 AI Gold Star 123 (Coppock),
2026-08-14 03:30:00,2026-08-14 07:30:00,BUY,4350.15,4332.52,4403.03,4341.06,FLIP,-9.29,S433 AI Gold Star 123 (Coppock),
2026-08-14 07:30:00,2026-08-14 12:30:00,SELL,4341.06,4356.42,4294.98,4333.63,FLIP,7.23,S433 AI Gold Star 123 (Coppock),
2026-08-14 12:30:00,2026-08-14 20:30:00,BUY,4333.63,4314.3,4391.61,4391.61,TP,57.78,S433 AI Gold Star 123 (Coppock),
2026-08-14 21:30:00,2026-08-14 22:30:00,SELL,4381.37,4397.34,4333.47,4391.6,FLIP,-10.43,S433 AI Gold Star 123 (Coppock),
2026-08-14 22:30:00,2026-08-14 23:00:00,BUY,4391.6,4374.38,4443.25,4387.52,FLIP,-4.28,S433 AI Gold Star 123 (Coppock),
2026-08-14 23:00:00,2026-08-17 07:00:00,SELL,4387.52,4404.9,4335.37,4389.85,FLIP,-2.53,S433 AI Gold Star 123 (Coppock),
2026-08-17 07:00:00,2026-08-17 11:00:00,BUY,4389.85,4376.73,4429.2,4391.02,FLIP,0.97,S433 AI Gold Star 123 (Coppock),
2026-08-17 11:00:00,2026-08-17 11:30:00,SELL,4391.02,4407.6,4341.28,4390.76,FLIP,0.06,S433 AI Gold Star 123 (Coppock),
2026-08-17 11:30:00,2026-08-17 12:30:00,BUY,4390.76,4373.58,4442.29,4394.81,FLIP,3.85,S433 AI Gold Star 123 (Coppock),
2026-08-17 12:30:00,2026-08-17 17:00:00,SELL,4394.81,4412.25,4342.5,4405.34,FLIP,-10.73,S433 AI Gold Star 123 (Coppock),
2026-08-17 17:00:00,2026-08-17 17:30:00,BUY,4405.34,4392.0,4445.36,4398.96,FLIP,-6.58,S433 AI Gold Star 123 (Coppock),
2026-08-17 17:30:00,2026-08-17 18:00:00,SELL,4398.96,4412.71,4357.7,4403.54,FLIP,-4.78,S433 AI Gold Star 123 (Coppock),
2026-08-17 18:00:00,2026-08-17 18:30:00,BUY,4403.54,4389.97,4444.26,4396.77,FLIP,-6.97,S433 AI Gold Star 123 (Coppock),
2026-08-17 18:30:00,2026-08-17 20:30:00,SELL,4396.77,4410.4,4355.88,4408.75,FLIP,-12.18,S433 AI Gold Star 123 (Coppock),
2026-08-17 20:30:00,2026-08-18 01:00:00,BUY,4408.75,4392.14,4458.58,4406.26,FLIP,-2.69,S433 AI Gold Star 123 (Coppock),
2026-08-18 01:00:00,2026-08-18 06:30:00,SELL,4406.26,4425.07,4349.82,4425.07,SL,-19.01,S433 AI Gold Star 123 (Coppock),
2026-08-18 07:00:00,2026-08-18 08:30:00,BUY,4431.42,4418.45,4470.33,4407.98,FLIP,-23.64,S433 AI Gold Star 123 (Coppock),
2026-08-18 08:30:00,2026-08-18 14:00:00,SELL,4407.98,4422.9,4363.22,4403.15,FLIP,4.63,S433 AI Gold Star 123 (Coppock),
2026-08-18 14:00:00,2026-08-18 14:30:00,BUY,4403.15,4389.32,4444.64,4395.71,FLIP,-7.64,S433 AI Gold Star 123 (Coppock),
2026-08-18 14:30:00,2026-08-18 15:00:00,SELL,4395.71,4409.72,4353.69,4389.53,FLIP,5.98,S433 AI Gold Star 123 (Coppock),
2026-08-18 15:00:00,2026-08-18 20:00:00,BUY,4389.53,4376.23,4429.42,4388.87,FLIP,-0.86,S433 AI Gold Star 123 (Coppock),
2026-08-18 20:00:00,2026-08-18 20:30:00,SELL,4388.87,4400.76,4353.21,4394.64,FLIP,-5.97,S433 AI Gold Star 123 (Coppock),
2026-08-18 20:30:00,2026-08-18 21:00:00,BUY,4394.64,4380.1,4438.26,4394.12,FLIP,-0.72,S433 AI Gold Star 123 (Coppock),
2026-08-18 21:00:00,2026-08-19 02:30:00,SELL,4394.12,4409.61,4347.66,4347.66,TP,46.26,S433 AI Gold Star 123 (Coppock),
2026-08-19 05:30:00,2026-08-19 12:30:00,BUY,4333.81,4318.32,4380.28,4335.62,FLIP,1.61,S433 AI Gold Star 123 (Coppock),
2026-08-19 12:30:00,2026-08-19 13:00:00,SELL,4335.62,4351.33,4288.49,4343.26,FLIP,-7.84,S433 AI Gold Star 123 (Coppock),
2026-08-19 13:00:00,2026-08-19 14:00:00,BUY,4343.26,4327.05,4391.9,4356.66,FLIP,13.2,S433 AI Gold Star 123 (Coppock),
2026-08-19 14:00:00,2026-08-19 15:00:00,SELL,4356.66,4372.87,4308.03,4360.65,FLIP,-4.19,S433 AI Gold Star 123 (Coppock),
2026-08-19 15:00:00,2026-08-19 15:30:00,BUY,4360.65,4345.44,4406.27,4355.66,FLIP,-5.19,S433 AI Gold Star 123 (Coppock),
2026-08-19 15:30:00,2026-08-19 16:30:00,SELL,4355.66,4370.12,4312.29,4361.87,FLIP,-6.41,S433 AI Gold Star 123 (Coppock),
2026-08-19 16:30:00,2026-08-19 19:30:00,BUY,4361.87,4348.08,4403.23,4403.23,TP,41.16,S433 AI Gold Star 123 (Coppock),
2026-08-20 00:30:00,2026-08-20 03:00:00,SELL,4486.64,4516.28,4397.73,4516.28,SL,-29.84,S433 AI Gold Star 123 (Coppock),
2026-08-20 13:00:00,2026-08-20 18:30:00,BUY,4494.12,4478.23,4541.78,4466.94,FLIP,-27.38,S433 AI Gold Star 123 (Coppock),
2026-08-20 18:30:00,2026-08-20 19:30:00,SELL,4466.94,4482.39,4420.6,4474.88,FLIP,-8.14,S433 AI Gold Star 123 (Coppock),
2026-08-20 19:30:00,2026-08-20 20:00:00,BUY,4474.88,4456.86,4528.94,4471.58,FLIP,-3.5,S433 AI Gold Star 123 (Coppock),
2026-08-20 20:00:00,2026-08-20 21:00:00,SELL,4471.58,4489.43,4418.02,4491.58,FLIP,-20.2,S433 AI Gold Star 123 (Coppock),
2026-08-20 21:00:00,2026-08-21 03:00:00,BUY,4491.58,4471.72,4551.15,4520.82,FLIP,29.04,S433 AI Gold Star 123 (Coppock),
2026-08-21 03:00:00,2026-08-21 08:30:00,SELL,4520.82,4542.98,4454.33,4542.98,SL,-22.36,S433 AI Gold Star 123 (Coppock),
2026-08-21 09:30:00,2026-08-21 12:00:00,BUY,4533.79,4517.13,4583.76,4530.5,FLIP,-3.49,S433 AI Gold Star 123 (Coppock),
2026-08-21 12:00:00,2026-08-21 12:30:00,SELL,4530.5,4548.16,4477.53,4553.66,FLIP,-23.36,S433 AI Gold Star 123 (Coppock),
2026-08-21 12:30:00,2026-08-21 19:00:00,BUY,4553.66,4533.78,4613.3,4584.7,FLIP,30.84,S433 AI Gold Star 123 (Coppock),
2026-08-21 19:00:00,2026-08-21 22:00:00,SELL,4584.7,4605.25,4523.06,4605.25,SL,-20.75,S433 AI Gold Star 123 (Coppock),
2026-08-21 23:30:00,2026-08-22 02:30:00,BUY,4628.85,4604.55,4701.76,4616.94,FLIP,-12.11,S433 AI Gold Star 123 (Coppock),
2026-08-22 02:30:00,2026-08-24 07:00:00,SELL,4616.94,4637.92,4554.0,4637.92,SL,-21.18,S433 AI Gold Star 123 (Coppock),
2026-08-24 08:30:00,2026-08-24 14:00:00,BUY,4632.25,4608.21,4704.37,4642.73,FLIP,10.28,S433 AI Gold Star 123 (Coppock),
2026-08-24 14:00:00,2026-08-24 18:30:00,SELL,4642.73,4668.82,4564.45,4657.92,FLIP,-15.39,S433 AI Gold Star 123 (Coppock),
2026-08-24 18:30:00,2026-08-24 22:30:00,BUY,4657.92,4637.29,4719.82,4649.14,FLIP,-8.98,S433 AI Gold Star 123 (Coppock),
2026-08-24 22:30:00,2026-08-25 05:00:00,SELL,4649.14,4675.07,4571.35,4657.81,FLIP,-8.87,S433 AI Gold Star 123 (Coppock),
2026-08-25 05:00:00,2026-08-25 09:00:00,BUY,4657.81,4634.01,4729.2,4656.51,FLIP,-1.5,S433 AI Gold Star 123 (Coppock),
2026-08-25 09:00:00,2026-08-25 15:00:00,SELL,4656.51,4677.25,4594.28,4633.02,FLIP,23.29,S433 AI Gold Star 123 (Coppock),
2026-08-25 15:00:00,2026-08-25 20:00:00,BUY,4633.02,4608.02,4708.03,4609.69,FLIP,-23.53,S433 AI Gold Star 123 (Coppock),
2026-08-25 20:00:00,2026-08-25 21:30:00,SELL,4609.69,4629.56,4550.07,4635.65,FLIP,-26.16,S433 AI Gold Star 123 (Coppock),
2026-08-25 21:30:00,2026-08-26 06:00:00,BUY,4635.65,4613.27,4702.78,4661.02,FLIP,25.17,S433 AI Gold Star 123 (Coppock),
2026-08-26 06:00:00,2026-08-26 17:30:00,SELL,4661.02,4677.01,4613.06,4620.25,FLIP,40.57,S433 AI Gold Star 123 (Coppock),
2026-08-26 17:30:00,2026-08-26 20:00:00,BUY,4620.25,4606.22,4662.34,4606.22,SL,-14.23,S433 AI Gold Star 123 (Coppock),
2026-08-26 21:30:00,2026-08-27 02:30:00,SELL,4602.94,4622.58,4544.02,4594.31,FLIP,8.43,S433 AI Gold Star 123 (Coppock),
2026-08-27 02:30:00,2026-08-27 10:30:00,BUY,4594.31,4573.8,4655.85,4625.46,FLIP,30.95,S433 AI Gold Star 123 (Coppock),
2026-08-27 10:30:00,2026-08-27 18:00:00,SELL,4625.46,4645.09,4566.56,4594.46,FLIP,30.8,S433 AI Gold Star 123 (Coppock),
2026-08-27 18:00:00,2026-08-27 20:30:00,BUY,4594.46,4577.98,4643.91,4572.3,FLIP,-22.36,S433 AI Gold Star 123 (Coppock),
2026-08-27 20:30:00,2026-08-27 21:00:00,SELL,4572.3,4590.93,4516.41,4581.34,FLIP,-9.24,S433 AI Gold Star 123 (Coppock),
2026-08-27 21:00:00,2026-08-28 03:00:00,BUY,4581.34,4562.37,4638.26,4603.67,FLIP,22.13,S433 AI Gold Star 123 (Coppock),
2026-08-28 03:00:00,2026-08-28 11:30:00,SELL,4603.67,4622.11,4548.35,4584.39,FLIP,19.08,S433 AI Gold Star 123 (Coppock),
2026-08-28 11:30:00,2026-08-28 12:30:00,BUY,4584.39,4570.2,4626.97,4573.33,FLIP,-11.26,S433 AI Gold Star 123 (Coppock),
2026-08-28 12:30:00,2026-08-28 13:00:00,SELL,4573.33,4588.41,4528.08,4585.04,FLIP,-11.91,S433 AI Gold Star 123 (Coppock),
2026-08-28 13:00:00,2026-08-28 18:30:00,BUY,4585.04,4569.77,4630.86,4593.31,FLIP,8.07,S433 AI Gold Star 123 (Coppock),
2026-08-28 18:30:00,2026-08-28 20:30:00,SELL,4593.31,4609.31,4545.31,4609.31,SL,-16.2,S433 AI Gold Star 123 (Coppock),
2026-08-31 05:00:00,2026-08-31 09:00:00,BUY,4459.34,4425.01,4562.33,4425.01,SL,-34.53,S433 AI Gold Star 123 (Coppock),
2026-08-31 10:30:00,2026-08-31 12:00:00,SELL,4422.55,4447.05,4349.07,4440.4,FLIP,-18.05,S433 AI Gold Star 123 (Coppock),
2026-08-31 12:00:00,2026-08-31 19:00:00,BUY,4440.4,4415.47,4515.18,4447.68,FLIP,7.08,S433 AI Gold Star 123 (Coppock),
2026-08-31 19:00:00,2026-09-01 02:00:00,SELL,4447.68,4463.4,4400.52,4440.52,FLIP,6.96,S433 AI Gold Star 123 (Coppock),
2026-09-01 02:00:00,2026-09-01 08:00:00,BUY,4440.52,4420.92,4499.31,4439.92,FLIP,-0.8,S433 AI Gold Star 123 (Coppock),
2026-09-01 08:00:00,2026-09-01 15:00:00,SELL,4439.92,4454.64,4395.76,4395.76,TP,43.96,S433 AI Gold Star 123 (Coppock),
2026-09-01 20:30:00,2026-09-02 01:00:00,BUY,4365.43,4339.78,4442.39,4337.51,FLIP,-28.12,S433 AI Gold Star 123 (Coppock),
2026-09-02 01:00:00,2026-09-02 05:30:00,SELL,4337.51,4361.8,4264.65,4329.41,FLIP,7.9,S433 AI Gold Star 123 (Coppock),
2026-09-02 05:30:00,2026-09-02 06:30:00,BUY,4329.41,4314.3,4374.75,4324.29,FLIP,-5.32,S433 AI Gold Star 123 (Coppock),
2026-09-02 06:30:00,2026-09-02 07:00:00,SELL,4324.29,4339.01,4280.13,4325.94,FLIP,-1.85,S433 AI Gold Star 123 (Coppock),
2026-09-02 07:00:00,2026-09-02 08:00:00,BUY,4325.94,4311.64,4368.83,4311.64,SL,-14.5,S433 AI Gold Star 123 (Coppock),
2026-09-02 08:30:00,2026-09-02 09:00:00,SELL,4290.94,4309.15,4236.3,4304.35,FLIP,-13.61,S433 AI Gold Star 123 (Coppock),
2026-09-02 09:00:00,2026-09-02 10:00:00,BUY,4304.35,4285.18,4361.86,4293.69,FLIP,-10.86,S433 AI Gold Star 123 (Coppock),
2026-09-02 10:00:00,2026-09-02 10:30:00,SELL,4293.69,4314.17,4232.26,4303.3,FLIP,-9.81,S433 AI Gold Star 123 (Coppock),
