entry_time,exit_time,direction,entry,sl,tp,outcome,profit,pattern,reason
2026-07-15 00:06:00,2026-07-15 00:20:00,SELL,4057.99,4057.99,4050.65,SL,-2.0,S429 SELL UT Bot Alerts,UT Bot cross + EMA200 trend filter
2026-07-15 00:42:00,2026-07-15 00:47:00,SELL,4060.03,4060.03,4053.8,SL,-2.0,S429 SELL UT Bot Alerts,UT Bot cross + EMA200 trend filter
2026-07-15 01:00:00,2026-07-15 01:04:00,SELL,4061.37,4061.37,4056.56,SL,-2.0,S429 SELL UT Bot Alerts,UT Bot cross + EMA200 trend filter
2026-07-15 01:22:00,2026-07-15 01:37:00,SELL,4059.79,4059.79,4054.81,TP,47.76,S429 SELL UT Bot Alerts,UT Bot cross + EMA200 trend filter
2026-07-15 02:21:00,2026-07-15 02:30:00,SELL,4054.31,4054.31,4049.22,TP,48.88,S429 SELL UT Bot Alerts,UT Bot cross + EMA200 trend filter
2026-07-15 02:51:00,2026-07-15 02:53:00,SELL,4051.9,4053.4,4047.39,SL,-17.03,S429 SELL UT Bot Alerts,UT Bot cross + EMA200 trend filter
2026-07-15 03:14:00,2026-07-15 03:22:00,SELL,4053.8,4053.8,4050.16,SL,-2.0,S429 SELL UT Bot Alerts,UT Bot cross + EMA200 trend filter
2026-07-15 03:33:00,2026-07-15 03:42:00,SELL,4051.45,4051.45,4048.21,SL,-2.0,S429 SELL UT Bot Alerts,UT Bot cross + EMA200 trend filter
2026-07-15 05:10:00,2026-07-15 05:14:00,SELL,4050.54,4050.54,4046.42,SL,-2.0,S429 SELL UT Bot Alerts,UT Bot cross + EMA200 trend filter
2026-07-15 05:42:00,2026-07-15 05:44:00,SELL,4050.34,4050.34,4046.22,SL,-2.0,S429 SELL UT Bot Alerts,UT Bot cross + EMA200 trend filter
2026-07-15 06:01:00,2026-07-15 06:05:00,SELL,4048.6,4049.67,4045.4,SL,-12.67,S429 SELL UT Bot Alerts,UT Bot cross + EMA200 trend filter
2026-07-15 06:54:00,2026-07-15 06:58:00,BUY,4054.2,4053.03,4057.71,SL,-13.7,S429 BUY UT Bot Alerts,UT Bot cross + EMA200 trend filter
2026-07-15 07:14:00,2026-07-15 07:18:00,SELL,4051.33,4054.16,4042.85,SL,-30.27,S429 SELL UT Bot Alerts,UT Bot cross + EMA200 trend filter
2026-07-15 07:23:00,2026-07-15 07:31:00,BUY,4055.66,4055.66,4064.81,SL,-2.0,S429 BUY UT Bot Alerts,UT Bot cross + EMA200 trend filter
2026-07-15 07:47:00,2026-07-15 07:49:00,BUY,4056.69,4054.46,4063.37,SL,-24.25,S429 BUY UT Bot Alerts,UT Bot cross + EMA200 trend filter
2026-07-15 09:12:00,2026-07-15 09:30:00,SELL,4035.88,4035.88,4026.54,SL,-2.0,S429 SELL UT Bot Alerts,UT Bot cross + EMA200 trend filter
2026-07-15 09:50:00,2026-07-15 09:56:00,SELL,4037.4,4037.4,4030.95,SL,-2.0,S429 SELL UT Bot Alerts,UT Bot cross + EMA200 trend filter
2026-07-15 09:59:00,2026-07-15 10:02:00,SELL,4035.34,4037.85,4027.81,SL,-27.11,S429 SELL UT Bot Alerts,UT Bot cross + EMA200 trend filter
2026-07-15 10:39:00,2026-07-15 10:50:00,SELL,4032.62,4032.62,4025.03,SL,-2.0,S429 SELL UT Bot Alerts,UT Bot cross + EMA200 trend filter
2026-07-15 11:07:00,2026-07-15 11:08:00,SELL,4030.34,4031.71,4026.24,SL,-15.65,S429 SELL UT Bot Alerts,UT Bot cross + EMA200 trend filter
2026-07-15 11:15:00,2026-07-15 11:16:00,SELL,4031.19,4032.46,4027.39,SL,-14.65,S429 SELL UT Bot Alerts,UT Bot cross + EMA200 trend filter
2026-07-15 11:34:00,2026-07-15 11:36:00,SELL,4031.78,4031.78,4027.31,SL,-2.0,S429 SELL UT Bot Alerts,UT Bot cross + EMA200 trend filter
2026-07-15 11:57:00,2026-07-15 12:00:00,SELL,4031.88,4033.83,4026.02,SL,-21.54,S429 SELL UT Bot Alerts,UT Bot cross + EMA200 trend filter
2026-07-15 12:11:00,2026-07-15 12:31:00,SELL,4027.26,4027.26,4017.85,SL,-2.0,S429 SELL UT Bot Alerts,UT Bot cross + EMA200 trend filter
2026-07-15 12:44:00,2026-07-15 12:56:00,SELL,4029.66,4033.21,4019.0,SL,-37.52,S429 SELL UT Bot Alerts,UT Bot cross + EMA200 trend filter
2026-07-15 12:56:00,2026-07-15 13:05:00,BUY,4033.55,4030.54,4042.57,SL,-32.05,S429 BUY UT Bot Alerts,UT Bot cross + EMA200 trend filter
2026-07-15 13:05:00,2026-07-15 13:09:00,SELL,4030.14,4030.14,4021.69,SL,-2.0,S429 SELL UT Bot Alerts,UT Bot cross + EMA200 trend filter
2026-07-15 14:00:00,2026-07-15 14:03:00,SELL,4030.47,4032.39,4024.7,SL,-21.22,S429 SELL UT Bot Alerts,UT Bot cross + EMA200 trend filter
2026-07-15 14:03:00,2026-07-15 14:06:00,BUY,4033.67,4031.43,4040.38,SL,-24.37,S429 BUY UT Bot Alerts,UT Bot cross + EMA200 trend filter
2026-07-15 14:18:00,2026-07-15 14:26:00,SELL,4028.72,4028.72,4023.06,TP,54.57,S429 SELL UT Bot Alerts,UT Bot cross + EMA200 trend filter
2026-07-15 15:00:00,2026-07-15 15:02:00,SELL,4021.89,4024.22,4014.9,SL,-25.3,S429 SELL UT Bot Alerts,UT Bot cross + EMA200 trend filter
2026-07-15 16:54:00,2026-07-15 16:55:00,BUY,4028.66,4027.19,4033.08,SL,-16.72,S429 BUY UT Bot Alerts,UT Bot cross + EMA200 trend filter
2026-07-15 17:32:00,2026-07-15 17:43:00,BUY,4030.47,4030.47,4038.7,SL,-2.0,S429 BUY UT Bot Alerts,UT Bot cross + EMA200 trend filter
2026-07-15 18:00:00,2026-07-15 18:02:00,BUY,4030.86,4028.96,4036.56,SL,-20.99,S429 BUY UT Bot Alerts,UT Bot cross + EMA200 trend filter
2026-07-15 18:50:00,2026-07-15 18:52:00,BUY,4039.56,4037.21,4046.6,SL,-25.46,S429 BUY UT Bot Alerts,UT Bot cross + EMA200 trend filter
2026-07-15 19:30:00,2026-07-15 19:36:00,BUY,4048.61,4048.61,4058.69,TP,98.83,S429 BUY UT Bot Alerts,UT Bot cross + EMA200 trend filter
2026-07-15 20:36:00,2026-07-15 20:47:00,BUY,4061.26,4057.25,4073.29,SL,-42.09,S429 BUY UT Bot Alerts,UT Bot cross + EMA200 trend filter
2026-07-15 20:57:00,2026-07-15 21:01:00,BUY,4064.61,4060.23,4077.74,SL,-45.78,S429 BUY UT Bot Alerts,UT Bot cross + EMA200 trend filter
2026-07-15 22:00:00,2026-07-15 22:05:00,BUY,4061.75,4058.18,4072.46,SL,-37.71,S429 BUY UT Bot Alerts,UT Bot cross + EMA200 trend filter
2026-07-15 22:09:00,2026-07-15 22:14:00,SELL,4054.58,4054.58,4045.63,TP,87.49,S429 SELL UT Bot Alerts,UT Bot cross + EMA200 trend filter
2026-07-15 22:57:00,2026-07-15 23:10:00,SELL,4046.71,4046.71,4039.49,TP,70.19,S429 SELL UT Bot Alerts,UT Bot cross + EMA200 trend filter
2026-07-15 23:56:00,2026-07-16 00:00:00,SELL,4030.23,4034.71,4016.78,SL,-46.84,S429 SELL UT Bot Alerts,UT Bot cross + EMA200 trend filter
2026-07-16 00:14:00,2026-07-16 00:18:00,SELL,4035.92,4035.92,4028.83,SL,-2.0,S429 SELL UT Bot Alerts,UT Bot cross + EMA200 trend filter
2026-07-16 02:10:00,2026-07-16 02:16:00,BUY,4062.02,4059.25,4070.33,SL,-29.69,S429 BUY UT Bot Alerts,UT Bot cross + EMA200 trend filter
2026-07-16 02:18:00,2026-07-16 02:27:00,SELL,4057.1,4057.1,4049.54,SL,-2.0,S429 SELL UT Bot Alerts,UT Bot cross + EMA200 trend filter
2026-07-16 02:27:00,2026-07-16 02:32:00,BUY,4057.35,4054.89,4064.72,SL,-26.56,S429 BUY UT Bot Alerts,UT Bot cross + EMA200 trend filter
2026-07-16 02:32:00,2026-07-16 02:48:00,SELL,4053.03,4053.03,4045.17,SL,-2.0,S429 SELL UT Bot Alerts,UT Bot cross + EMA200 trend filter
2026-07-16 03:50:00,2026-07-16 03:51:00,BUY,4062.97,4061.88,4066.24,SL,-12.91,S429 BUY UT Bot Alerts,UT Bot cross + EMA200 trend filter
2026-07-16 05:46:00,2026-07-16 05:47:00,BUY,4060.78,4059.7,4064.02,SL,-12.81,S429 BUY UT Bot Alerts,UT Bot cross + EMA200 trend filter
2026-07-16 05:52:00,2026-07-16 05:54:00,SELL,4058.41,4059.55,4054.98,SL,-13.42,S429 SELL UT Bot Alerts,UT Bot cross + EMA200 trend filter
2026-07-16 06:03:00,2026-07-16 06:04:00,BUY,4061.7,4060.24,4066.09,SL,-16.64,S429 BUY UT Bot Alerts,UT Bot cross + EMA200 trend filter
2026-07-16 06:16:00,2026-07-16 06:26:00,SELL,4058.53,4058.53,4053.35,SL,-2.0,S429 SELL UT Bot Alerts,UT Bot cross + EMA200 trend filter
2026-07-16 07:03:00,2026-07-16 07:14:00,SELL,4057.09,4057.09,4050.96,SL,-2.0,S429 SELL UT Bot Alerts,UT Bot cross + EMA200 trend filter
2026-07-16 07:22:00,2026-07-16 07:38:00,BUY,4059.34,4059.34,4065.34,SL,-2.0,S429 BUY UT Bot Alerts,UT Bot cross + EMA200 trend filter
2026-07-16 07:42:00,2026-07-16 07:45:00,SELL,4056.88,4056.88,4050.44,SL,-2.0,S429 SELL UT Bot Alerts,UT Bot cross + EMA200 trend filter
2026-07-16 08:52:00,2026-07-16 09:16:00,SELL,4039.28,4039.28,4030.09,TP,89.86,S429 SELL UT Bot Alerts,UT Bot cross + EMA200 trend filter
2026-07-16 10:20:00,2026-07-16 10:26:00,SELL,4029.18,4031.28,4022.88,SL,-22.99,S429 SELL UT Bot Alerts,UT Bot cross + EMA200 trend filter
2026-07-16 11:04:00,2026-07-16 11:10:00,SELL,4033.87,4033.87,4029.55,SL,-2.0,S429 SELL UT Bot Alerts,UT Bot cross + EMA200 trend filter
2026-07-16 11:24:00,2026-07-16 11:29:00,SELL,4033.48,4033.48,4028.14,SL,-2.0,S429 SELL UT Bot Alerts,UT Bot cross + EMA200 trend filter
2026-07-16 12:01:00,2026-07-16 12:03:00,SELL,4032.08,4032.08,4028.07,SL,-2.0,S429 SELL UT Bot Alerts,UT Bot cross + EMA200 trend filter
2026-07-16 12:24:00,2026-07-16 12:27:00,SELL,4027.23,4029.34,4020.91,SL,-23.08,S429 SELL UT Bot Alerts,UT Bot cross + EMA200 trend filter
2026-07-16 13:12:00,2026-07-16 13:24:00,SELL,4031.01,4031.01,4021.45,SL,-2.0,S429 SELL UT Bot Alerts,UT Bot cross + EMA200 trend filter
2026-07-16 14:00:00,2026-07-16 14:31:00,SELL,4028.41,4028.41,4023.5,TP,47.15,S429 SELL UT Bot Alerts,UT Bot cross + EMA200 trend filter
2026-07-16 14:52:00,2026-07-16 14:55:00,SELL,4027.1,4029.44,4020.09,SL,-25.37,S429 SELL UT Bot Alerts,UT Bot cross + EMA200 trend filter
2026-07-16 15:02:00,2026-07-16 15:03:00,BUY,4033.91,4031.49,4041.16,SL,-26.16,S429 BUY UT Bot Alerts,UT Bot cross + EMA200 trend filter
2026-07-16 15:10:00,2026-07-16 15:13:00,SELL,4026.0,4028.64,4018.07,SL,-28.44,S429 SELL UT Bot Alerts,UT Bot cross + EMA200 trend filter
2026-07-16 15:20:00,2026-07-16 16:32:00,BUY,4030.81,4030.81,4039.3,SL,-2.0,S429 BUY UT Bot Alerts,UT Bot cross + EMA200 trend filter
2026-07-16 16:43:00,2026-07-16 16:45:00,BUY,4034.81,4032.78,4040.89,SL,-22.27,S429 BUY UT Bot Alerts,UT Bot cross + EMA200 trend filter
2026-07-16 16:45:00,2026-07-16 16:48:00,SELL,4031.77,4033.84,4025.55,SL,-22.72,S429 SELL UT Bot Alerts,UT Bot cross + EMA200 trend filter
2026-07-16 16:54:00,2026-07-16 16:56:00,BUY,4035.84,4033.82,4041.9,SL,-22.2,S429 BUY UT Bot Alerts,UT Bot cross + EMA200 trend filter
2026-07-16 17:00:00,2026-07-16 17:02:00,SELL,4031.68,4031.68,4026.04,SL,-2.0,S429 SELL UT Bot Alerts,UT Bot cross + EMA200 trend filter
2026-07-16 17:21:00,2026-07-16 17:25:00,BUY,4033.13,4033.13,4037.51,SL,-2.0,S429 BUY UT Bot Alerts,UT Bot cross + EMA200 trend filter
2026-07-16 17:39:00,2026-07-16 17:41:00,SELL,4031.89,4033.45,4027.2,SL,-17.64,S429 SELL UT Bot Alerts,UT Bot cross + EMA200 trend filter
2026-07-16 19:04:00,2026-07-16 19:05:00,BUY,4042.44,4038.53,4054.17,SL,-41.11,S429 BUY UT Bot Alerts,UT Bot cross + EMA200 trend filter
2026-07-16 20:34:00,2026-07-16 20:37:00,SELL,3993.31,3993.31,3978.48,SL,-2.0,S429 SELL UT Bot Alerts,UT Bot cross + EMA200 trend filter
2026-07-16 21:12:00,2026-07-16 21:16:00,SELL,3988.57,3993.34,3974.26,SL,-49.7,S429 SELL UT Bot Alerts,UT Bot cross + EMA200 trend filter
2026-07-16 21:49:00,2026-07-16 22:20:00,SELL,3999.38,3999.38,3988.71,SL,-2.0,S429 SELL UT Bot Alerts,UT Bot cross + EMA200 trend filter
2026-07-17 00:00:00,2026-07-17 00:01:00,SELL,3990.1,3992.67,3982.39,SL,-27.69,S429 SELL UT Bot Alerts,UT Bot cross + EMA200 trend filter
2026-07-17 01:15:00,2026-07-17 01:16:00,SELL,3985.05,3987.44,3977.89,SL,-25.86,S429 SELL UT Bot Alerts,UT Bot cross + EMA200 trend filter
2026-07-17 01:24:00,2026-07-17 01:34:00,SELL,3986.9,3986.9,3979.57,TP,71.25,S429 SELL UT Bot Alerts,UT Bot cross + EMA200 trend filter
2026-07-17 01:57:00,2026-07-17 02:00:00,SELL,3980.01,3981.97,3974.13,SL,-21.59,S429 SELL UT Bot Alerts,UT Bot cross + EMA200 trend filter
2026-07-17 02:10:00,2026-07-17 02:16:00,SELL,3981.39,3981.39,3974.19,SL,-2.0,S429 SELL UT Bot Alerts,UT Bot cross + EMA200 trend filter
2026-07-17 02:26:00,2026-07-17 02:35:00,SELL,3979.03,3979.03,3972.39,TP,64.41,S429 SELL UT Bot Alerts,UT Bot cross + EMA200 trend filter
2026-07-17 02:48:00,2026-07-17 02:51:00,SELL,3973.15,3976.26,3963.82,SL,-33.1,S429 SELL UT Bot Alerts,UT Bot cross + EMA200 trend filter
2026-07-17 02:56:00,2026-07-17 02:59:00,SELL,3976.89,3979.99,3967.58,SL,-33.04,S429 SELL UT Bot Alerts,UT Bot cross + EMA200 trend filter
2026-07-17 05:20:00,2026-07-17 05:55:00,SELL,3975.56,3975.56,3970.65,SL,-2.0,S429 SELL UT Bot Alerts,UT Bot cross + EMA200 trend filter
2026-07-17 06:20:00,2026-07-17 06:26:00,SELL,3978.43,3979.56,3975.04,SL,-13.3,S429 SELL UT Bot Alerts,UT Bot cross + EMA200 trend filter
2026-07-17 06:37:00,2026-07-17 06:45:00,BUY,3980.23,3980.23,3985.92,SL,-2.0,S429 BUY UT Bot Alerts,UT Bot cross + EMA200 trend filter
2026-07-17 06:45:00,2026-07-17 06:50:00,SELL,3977.92,3980.14,3971.26,SL,-24.2,S429 SELL UT Bot Alerts,UT Bot cross + EMA200 trend filter
2026-07-17 06:54:00,2026-07-17 07:00:00,BUY,3980.36,3980.36,3986.63,TP,60.71,S429 BUY UT Bot Alerts,UT Bot cross + EMA200 trend filter
2026-07-17 07:46:00,2026-07-17 08:17:00,BUY,3986.72,3986.72,3995.13,TP,82.09,S429 BUY UT Bot Alerts,UT Bot cross + EMA200 trend filter
2026-07-17 08:37:00,2026-07-17 08:40:00,BUY,3995.23,3992.06,4004.73,SL,-33.68,S429 BUY UT Bot Alerts,UT Bot cross + EMA200 trend filter
2026-07-17 09:00:00,2026-07-17 09:03:00,BUY,3986.39,3982.81,3997.12,SL,-37.77,S429 BUY UT Bot Alerts,UT Bot cross + EMA200 trend filter
2026-07-17 09:31:00,2026-07-17 09:37:00,SELL,3981.09,3981.09,3973.47,TP,74.18,S429 SELL UT Bot Alerts,UT Bot cross + EMA200 trend filter
2026-07-17 12:02:00,2026-07-17 12:04:00,SELL,3980.59,3982.21,3975.74,SL,-18.16,S429 SELL UT Bot Alerts,UT Bot cross + EMA200 trend filter
2026-07-17 12:45:00,2026-07-17 12:48:00,SELL,3982.3,3986.7,3969.1,SL,-46.0,S429 SELL UT Bot Alerts,UT Bot cross + EMA200 trend filter
2026-07-17 12:48:00,2026-07-17 12:59:00,BUY,3989.03,3984.73,4001.93,SL,-44.99,S429 BUY UT Bot Alerts,UT Bot cross + EMA200 trend filter
2026-07-17 13:56:00,2026-07-17 14:00:00,BUY,3999.62,3997.01,4007.46,SL,-28.13,S429 BUY UT Bot Alerts,UT Bot cross + EMA200 trend filter
2026-07-17 14:16:00,2026-07-17 14:19:00,BUY,3999.15,3996.15,4008.14,SL,-31.98,S429 BUY UT Bot Alerts,UT Bot cross + EMA200 trend filter
2026-07-17 14:32:00,2026-07-17 14:37:00,BUY,3998.08,3995.52,4005.76,SL,-27.59,S429 BUY UT Bot Alerts,UT Bot cross + EMA200 trend filter
2026-07-17 14:56:00,2026-07-17 15:01:00,SELL,3993.57,3995.81,3986.85,SL,-24.4,S429 SELL UT Bot Alerts,UT Bot cross + EMA200 trend filter
2026-07-17 15:01:00,2026-07-17 15:06:00,BUY,3997.23,3997.23,4003.4,SL,-2.0,S429 BUY UT Bot Alerts,UT Bot cross + EMA200 trend filter
2026-07-17 15:11:00,2026-07-17 15:21:00,SELL,3992.37,3992.37,3983.47,SL,-2.0,S429 SELL UT Bot Alerts,UT Bot cross + EMA200 trend filter
2026-07-17 16:22:00,2026-07-17 16:27:00,BUY,3999.4,3999.4,4006.04,SL,-2.0,S429 BUY UT Bot Alerts,UT Bot cross + EMA200 trend filter
2026-07-17 16:52:00,2026-07-17 17:01:00,BUY,3997.77,3995.86,4003.5,SL,-21.1,S429 BUY UT Bot Alerts,UT Bot cross + EMA200 trend filter
2026-07-17 17:06:00,2026-07-17 17:08:00,SELL,3995.19,3996.84,3990.25,SL,-18.46,S429 SELL UT Bot Alerts,UT Bot cross + EMA200 trend filter
2026-07-17 17:20:00,2026-07-17 17:22:00,BUY,3998.21,3995.92,4005.08,SL,-24.9,S429 BUY UT Bot Alerts,UT Bot cross + EMA200 trend filter
2026-07-17 17:50:00,2026-07-17 17:54:00,SELL,3993.26,3993.26,3986.83,SL,-2.0,S429 SELL UT Bot Alerts,UT Bot cross + EMA200 trend filter
2026-07-17 18:06:00,2026-07-17 18:19:00,SELL,3991.29,3993.44,3984.85,SL,-23.48,S429 SELL UT Bot Alerts,UT Bot cross + EMA200 trend filter
2026-07-17 19:04:00,2026-07-17 19:11:00,SELL,3990.4,3993.19,3982.02,SL,-29.93,S429 SELL UT Bot Alerts,UT Bot cross + EMA200 trend filter
2026-07-17 21:57:00,2026-07-17 22:04:00,BUY,4000.08,4000.08,4011.98,TP,116.96,S429 BUY UT Bot Alerts,UT Bot cross + EMA200 trend filter
2026-07-17 23:17:00,2026-07-17 23:25:00,BUY,4020.75,4020.75,4030.07,SL,-2.0,S429 BUY UT Bot Alerts,UT Bot cross + EMA200 trend filter
2026-07-17 23:49:00,2026-07-17 23:50:00,BUY,4020.04,4017.6,4027.36,SL,-26.39,S429 BUY UT Bot Alerts,UT Bot cross + EMA200 trend filter
2026-07-18 00:49:00,2026-07-18 00:50:00,BUY,4012.95,4011.07,4018.6,SL,-20.83,S429 BUY UT Bot Alerts,UT Bot cross + EMA200 trend filter
2026-07-18 01:00:00,2026-07-18 01:02:00,SELL,4008.02,4010.24,4001.36,SL,-24.2,S429 SELL UT Bot Alerts,UT Bot cross + EMA200 trend filter
2026-07-18 01:17:00,2026-07-18 01:34:00,BUY,4012.14,4012.14,4017.59,SL,-2.0,S429 BUY UT Bot Alerts,UT Bot cross + EMA200 trend filter
2026-07-18 02:01:00,2026-07-18 02:24:00,SELL,4008.59,4008.59,4003.59,TP,47.98,S429 SELL UT Bot Alerts,UT Bot cross + EMA200 trend filter
2026-07-18 03:40:00,2026-07-18 03:46:00,BUY,4011.75,4011.75,4015.86,TP,39.14,S429 BUY UT Bot Alerts,UT Bot cross + EMA200 trend filter
2026-07-20 05:05:00,2026-07-20 07:01:00,SELL,4000.58,4000.58,3986.44,TP,139.36,S429 SELL UT Bot Alerts,UT Bot cross + EMA200 trend filter
2026-07-20 07:35:00,2026-07-20 07:38:00,BUY,4006.15,4002.43,4017.3,SL,-39.17,S429 BUY UT Bot Alerts,UT Bot cross + EMA200 trend filter
2026-07-20 07:44:00,2026-07-20 07:45:00,SELL,3998.58,4002.2,3987.73,SL,-38.17,S429 SELL UT Bot Alerts,UT Bot cross + EMA200 trend filter
2026-07-20 07:55:00,2026-07-20 08:00:00,BUY,4002.6,4002.6,4011.43,TP,86.3,S429 BUY UT Bot Alerts,UT Bot cross + EMA200 trend filter
2026-07-20 08:45:00,2026-07-20 08:52:00,BUY,4002.48,3998.78,4013.57,SL,-38.98,S429 BUY UT Bot Alerts,UT Bot cross + EMA200 trend filter
2026-07-20 08:52:00,2026-07-20 08:59:00,SELL,3998.8,4002.46,3987.82,SL,-38.61,S429 SELL UT Bot Alerts,UT Bot cross + EMA200 trend filter
2026-07-20 10:36:00,2026-07-20 10:55:00,BUY,4023.67,4023.67,4032.55,SL,-2.0,S429 BUY UT Bot Alerts,UT Bot cross + EMA200 trend filter
2026-07-20 11:01:00,2026-07-20 11:03:00,BUY,4025.01,4025.01,4029.51,SL,-2.0,S429 BUY UT Bot Alerts,UT Bot cross + EMA200 trend filter
2026-07-20 11:29:00,2026-07-20 11:30:00,BUY,4025.31,4023.74,4030.02,SL,-17.7,S429 BUY UT Bot Alerts,UT Bot cross + EMA200 trend filter
2026-07-20 12:00:00,2026-07-20 12:03:00,BUY,4020.97,4019.19,4026.3,SL,-19.76,S429 BUY UT Bot Alerts,UT Bot cross + EMA200 trend filter
2026-07-20 12:04:00,2026-07-20 12:12:00,SELL,4017.79,4017.79,4012.29,TP,53.03,S429 SELL UT Bot Alerts,UT Bot cross + EMA200 trend filter
2026-07-20 13:13:00,2026-07-20 13:47:00,SELL,4007.54,4007.54,4000.36,SL,-2.0,S429 SELL UT Bot Alerts,UT Bot cross + EMA200 trend filter
2026-07-20 14:17:00,2026-07-20 14:22:00,SELL,4002.77,4004.53,3997.5,SL,-19.58,S429 SELL UT Bot Alerts,UT Bot cross + EMA200 trend filter
2026-07-20 15:13:00,2026-07-20 15:29:00,BUY,4022.23,4022.23,4031.89,SL,-2.0,S429 BUY UT Bot Alerts,UT Bot cross + EMA200 trend filter
2026-07-20 15:37:00,2026-07-20 15:46:00,BUY,4023.62,4020.32,4033.53,SL,-35.03,S429 BUY UT Bot Alerts,UT Bot cross + EMA200 trend filter
2026-07-20 16:11:00,2026-07-20 16:14:00,BUY,4019.38,4019.38,4025.51,SL,-2.0,S429 BUY UT Bot Alerts,UT Bot cross + EMA200 trend filter
2026-07-20 16:35:00,2026-07-20 16:46:00,BUY,4020.02,4017.81,4026.65,SL,-24.1,S429 BUY UT Bot Alerts,UT Bot cross + EMA200 trend filter
2026-07-20 16:49:00,2026-07-20 16:50:00,BUY,4022.89,4020.86,4028.99,SL,-22.34,S429 BUY UT Bot Alerts,UT Bot cross + EMA200 trend filter
2026-07-20 18:30:00,2026-07-20 18:32:00,BUY,4029.83,4029.83,4039.65,SL,-2.0,S429 BUY UT Bot Alerts,UT Bot cross + EMA200 trend filter
2026-07-20 19:40:00,2026-07-20 19:45:00,SELL,4010.3,4010.3,4002.08,SL,-2.0,S429 SELL UT Bot Alerts,UT Bot cross + EMA200 trend filter
2026-07-20 19:54:00,2026-07-20 20:02:00,SELL,4009.35,4012.82,3998.93,SL,-36.74,S429 SELL UT Bot Alerts,UT Bot cross + EMA200 trend filter
2026-07-20 20:53:00,2026-07-20 21:33:00,SELL,4008.53,4008.53,3997.3,SL,-2.0,S429 SELL UT Bot Alerts,UT Bot cross + EMA200 trend filter
2026-07-20 21:55:00,2026-07-20 22:00:00,SELL,4007.62,4007.62,3998.79,SL,-2.0,S429 SELL UT Bot Alerts,UT Bot cross + EMA200 trend filter
2026-07-20 22:08:00,2026-07-20 22:12:00,BUY,4013.01,4013.01,4023.26,SL,-2.0,S429 BUY UT Bot Alerts,UT Bot cross + EMA200 trend filter
2026-07-20 22:46:00,2026-07-20 22:59:00,BUY,4014.71,4012.35,4021.78,SL,-25.58,S429 BUY UT Bot Alerts,UT Bot cross + EMA200 trend filter
2026-07-20 23:05:00,2026-07-20 23:08:00,BUY,4016.45,4016.45,4022.62,SL,-2.0,S429 BUY UT Bot Alerts,UT Bot cross + EMA200 trend filter
2026-07-20 23:41:00,2026-07-20 23:42:00,SELL,4005.32,4008.16,3996.81,SL,-30.36,S429 SELL UT Bot Alerts,UT Bot cross + EMA200 trend filter
2026-07-21 00:00:00,2026-07-21 00:14:00,BUY,4011.92,4009.81,4018.25,SL,-23.11,S429 BUY UT Bot Alerts,UT Bot cross + EMA200 trend filter
2026-07-21 00:15:00,2026-07-21 00:18:00,SELL,4009.69,4011.27,4004.95,SL,-17.79,S429 SELL UT Bot Alerts,UT Bot cross + EMA200 trend filter
2026-07-21 01:20:00,2026-07-21 01:46:00,SELL,4007.9,4007.9,4002.03,SL,-2.0,S429 SELL UT Bot Alerts,UT Bot cross + EMA200 trend filter
2026-07-21 02:03:00,2026-07-21 02:07:00,SELL,4005.89,4005.89,4001.63,SL,-2.0,S429 SELL UT Bot Alerts,UT Bot cross + EMA200 trend filter
2026-07-21 02:24:00,2026-07-21 02:29:00,SELL,4007.97,4009.74,4002.66,SL,-19.7,S429 SELL UT Bot Alerts,UT Bot cross + EMA200 trend filter
2026-07-21 02:29:00,2026-07-21 02:31:00,BUY,4012.97,4012.97,4018.92,SL,-2.0,S429 BUY UT Bot Alerts,UT Bot cross + EMA200 trend filter
2026-07-21 02:50:00,2026-07-21 02:55:00,BUY,4009.54,4007.19,4016.59,SL,-25.49,S429 BUY UT Bot Alerts,UT Bot cross + EMA200 trend filter
2026-07-21 02:55:00,2026-07-21 05:02:00,SELL,4007.0,4009.53,3999.41,REV,-21.0,S429 SELL UT Bot Alerts,UT Bot cross + EMA200 trend filter
2026-07-21 05:02:00,2026-07-21 05:04:00,BUY,4008.9,4008.02,4011.55,SL,-10.83,S429 BUY UT Bot Alerts,UT Bot cross + EMA200 trend filter
2026-07-21 05:05:00,2026-07-21 05:07:00,SELL,4006.95,4006.95,4003.64,SL,-2.0,S429 SELL UT Bot Alerts,UT Bot cross + EMA200 trend filter
2026-07-21 05:38:00,2026-07-21 05:39:00,SELL,4006.26,4008.53,3999.44,SL,-24.73,S429 SELL UT Bot Alerts,UT Bot cross + EMA200 trend filter
2026-07-21 06:10:00,2026-07-21 06:12:00,SELL,4001.22,4004.32,3991.93,SL,-32.97,S429 SELL UT Bot Alerts,UT Bot cross + EMA200 trend filter
2026-07-21 06:33:00,2026-07-21 06:38:00,BUY,4007.25,4005.31,4013.08,REV,-13.4,S429 BUY UT Bot Alerts,UT Bot cross + EMA200 trend filter
2026-07-21 06:38:00,2026-07-21 06:41:00,SELL,4006.11,4006.11,4000.26,SL,-2.0,S429 SELL UT Bot Alerts,UT Bot cross + EMA200 trend filter
2026-07-21 06:57:00,2026-07-21 07:00:00,BUY,4008.85,4008.85,4015.18,SL,-2.0,S429 BUY UT Bot Alerts,UT Bot cross + EMA200 trend filter
2026-07-21 07:00:00,2026-07-21 07:05:00,SELL,4005.32,4007.74,3998.06,SL,-26.21,S429 SELL UT Bot Alerts,UT Bot cross + EMA200 trend filter
2026-07-21 07:12:00,2026-07-21 07:36:00,BUY,4010.29,4010.29,4021.49,TP,109.95,S429 BUY UT Bot Alerts,UT Bot cross + EMA200 trend filter
2026-07-21 08:06:00,2026-07-21 08:17:00,BUY,4027.71,4027.71,4039.44,SL,-2.0,S429 BUY UT Bot Alerts,UT Bot cross + EMA200 trend filter
2026-07-21 09:22:00,2026-07-21 09:36:00,BUY,4027.1,4027.1,4034.15,TP,68.52,S429 BUY UT Bot Alerts,UT Bot cross + EMA200 trend filter
2026-07-21 09:57:00,2026-07-21 10:15:00,BUY,4036.96,4036.96,4043.62,SL,-2.0,S429 BUY UT Bot Alerts,UT Bot cross + EMA200 trend filter
2026-07-21 10:24:00,2026-07-21 10:26:00,BUY,4041.9,4039.71,4048.47,TP,63.7,S429 BUY UT Bot Alerts,UT Bot cross + EMA200 trend filter
2026-07-21 10:48:00,2026-07-21 11:01:00,BUY,4044.88,4044.88,4049.88,TP,48.01,S429 BUY UT Bot Alerts,UT Bot cross + EMA200 trend filter
2026-07-21 11:35:00,2026-07-21 11:45:00,BUY,4045.93,4045.93,4049.6,SL,-2.0,S429 BUY UT Bot Alerts,UT Bot cross + EMA200 trend filter
2026-07-21 12:24:00,2026-07-21 12:30:00,BUY,4051.06,4051.06,4057.73,TP,64.7,S429 BUY UT Bot Alerts,UT Bot cross + EMA200 trend filter
2026-07-21 13:02:00,2026-07-21 13:13:00,BUY,4065.02,4065.02,4072.1,TP,68.81,S429 BUY UT Bot Alerts,UT Bot cross + EMA200 trend filter
2026-07-21 14:33:00,2026-07-21 14:43:00,BUY,4072.09,4072.09,4078.52,SL,-2.0,S429 BUY UT Bot Alerts,UT Bot cross + EMA200 trend filter
2026-07-21 15:44:00,2026-07-21 15:52:00,SELL,4062.25,4062.25,4056.23,SL,-2.0,S429 SELL UT Bot Alerts,UT Bot cross + EMA200 trend filter
2026-07-21 16:28:00,2026-07-21 16:32:00,SELL,4063.76,4063.76,4057.27,SL,-2.0,S429 SELL UT Bot Alerts,UT Bot cross + EMA200 trend filter
2026-07-21 17:11:00,2026-07-21 17:15:00,BUY,4068.25,4065.7,4075.89,SL,-27.46,S429 BUY UT Bot Alerts,UT Bot cross + EMA200 trend filter
2026-07-21 17:47:00,2026-07-21 17:53:00,SELL,4064.1,4066.2,4057.8,SL,-23.0,S429 SELL UT Bot Alerts,UT Bot cross + EMA200 trend filter
2026-07-21 18:29:00,2026-07-21 18:36:00,SELL,4058.06,4059.8,4052.83,SL,-19.43,S429 SELL UT Bot Alerts,UT Bot cross + EMA200 trend filter
2026-07-21 18:41:00,2026-07-21 18:47:00,SELL,4057.36,4057.36,4051.96,SL,-2.0,S429 SELL UT Bot Alerts,UT Bot cross + EMA200 trend filter
2026-07-21 18:57:00,2026-07-21 19:00:00,SELL,4055.23,4057.08,4049.68,SL,-20.5,S429 SELL UT Bot Alerts,UT Bot cross + EMA200 trend filter
2026-07-21 19:10:00,2026-07-21 19:13:00,SELL,4056.96,4059.15,4050.39,SL,-23.9,S429 SELL UT Bot Alerts,UT Bot cross + EMA200 trend filter
2026-07-21 19:35:00,2026-07-21 19:47:00,SELL,4056.25,4056.25,4045.14,SL,-2.0,S429 SELL UT Bot Alerts,UT Bot cross + EMA200 trend filter
2026-07-21 19:55:00,2026-07-21 20:00:00,SELL,4053.52,4057.04,4042.97,SL,-37.16,S429 SELL UT Bot Alerts,UT Bot cross + EMA200 trend filter
2026-07-21 20:23:00,2026-07-21 20:25:00,SELL,4054.23,4054.23,4044.93,SL,-2.0,S429 SELL UT Bot Alerts,UT Bot cross + EMA200 trend filter
2026-07-21 20:41:00,2026-07-21 20:49:00,SELL,4050.19,4050.19,4036.82,SL,-2.0,S429 SELL UT Bot Alerts,UT Bot cross + EMA200 trend filter
2026-07-21 21:49:00,2026-07-21 21:53:00,BUY,4069.6,4066.74,4078.17,SL,-30.56,S429 BUY UT Bot Alerts,UT Bot cross + EMA200 trend filter
2026-07-21 23:04:00,2026-07-21 23:26:00,BUY,4077.91,4075.88,4084.01,SL,-22.33,S429 BUY UT Bot Alerts,UT Bot cross + EMA200 trend filter
2026-07-22 00:25:00,2026-07-22 00:33:00,BUY,4071.89,4070.44,4076.25,SL,-16.52,S429 BUY UT Bot Alerts,UT Bot cross + EMA200 trend filter
2026-07-22 00:35:00,2026-07-22 01:07:00,SELL,4069.82,4069.82,4065.76,SL,-2.0,S429 SELL UT Bot Alerts,UT Bot cross + EMA200 trend filter
2026-07-22 01:55:00,2026-07-22 02:07:00,BUY,4083.17,4083.17,4088.05,SL,-2.0,S429 BUY UT Bot Alerts,UT Bot cross + EMA200 trend filter
2026-07-22 02:18:00,2026-07-22 03:00:00,BUY,4083.92,4083.92,4090.27,SL,-2.0,S429 BUY UT Bot Alerts,UT Bot cross + EMA200 trend filter
2026-07-22 03:30:00,2026-07-22 03:34:00,BUY,4084.58,4083.44,4087.99,SL,-13.36,S429 BUY UT Bot Alerts,UT Bot cross + EMA200 trend filter
2026-07-22 05:15:00,2026-07-22 05:52:00,BUY,4079.94,4079.94,4085.2,SL,-2.0,S429 BUY UT Bot Alerts,UT Bot cross + EMA200 trend filter
2026-07-22 06:18:00,2026-07-22 06:29:00,BUY,4082.24,4081.19,4085.39,SL,-12.5,S429 BUY UT Bot Alerts,UT Bot cross + EMA200 trend filter
2026-07-22 06:36:00,2026-07-22 06:41:00,BUY,4081.36,4081.36,4084.11,SL,-2.0,S429 BUY UT Bot Alerts,UT Bot cross + EMA200 trend filter
2026-07-22 06:42:00,2026-07-22 06:45:00,SELL,4080.03,4081.04,4077.01,SL,-12.08,S429 SELL UT Bot Alerts,UT Bot cross + EMA200 trend filter
2026-07-22 06:45:00,2026-07-22 06:46:00,BUY,4082.61,4081.34,4086.41,SL,-14.65,S429 BUY UT Bot Alerts,UT Bot cross + EMA200 trend filter
2026-07-22 07:00:00,2026-07-22 07:02:00,SELL,4077.23,4078.88,4072.29,SL,-18.47,S429 SELL UT Bot Alerts,UT Bot cross + EMA200 trend filter
2026-07-22 07:04:00,2026-07-22 07:07:00,BUY,4082.68,4082.68,4088.98,TP,61.0,S429 BUY UT Bot Alerts,UT Bot cross + EMA200 trend filter
2026-07-22 07:38:00,2026-07-22 07:40:00,BUY,4096.67,4092.94,4107.85,SL,-39.27,S429 BUY UT Bot Alerts,UT Bot cross + EMA200 trend filter
2026-07-22 09:21:00,2026-07-22 09:30:00,BUY,4123.67,4123.67,4131.56,SL,-2.0,S429 BUY UT Bot Alerts,UT Bot cross + EMA200 trend filter
2026-07-22 12:01:00,2026-07-22 12:09:00,BUY,4127.67,4127.67,4131.59,SL,-2.0,S429 BUY UT Bot Alerts,UT Bot cross + EMA200 trend filter
2026-07-22 12:16:00,2026-07-22 12:26:00,SELL,4123.96,4125.89,4118.18,SL,-21.27,S429 SELL UT Bot Alerts,UT Bot cross + EMA200 trend filter
2026-07-22 12:30:00,2026-07-22 12:38:00,BUY,4127.28,4127.28,4133.96,TP,64.76,S429 BUY UT Bot Alerts,UT Bot cross + EMA200 trend filter
2026-07-22 12:59:00,2026-07-22 13:06:00,BUY,4131.09,4131.09,4137.37,SL,-2.0,S429 BUY UT Bot Alerts,UT Bot cross + EMA200 trend filter
2026-07-22 14:38:00,2026-07-22 14:46:00,SELL,4116.42,4116.42,4110.72,TP,54.99,S429 SELL UT Bot Alerts,UT Bot cross + EMA200 trend filter
2026-07-22 14:58:00,2026-07-22 15:00:00,SELL,4109.67,4112.32,4101.7,SL,-28.55,S429 SELL UT Bot Alerts,UT Bot cross + EMA200 trend filter
2026-07-22 15:43:00,2026-07-22 15:52:00,SELL,4115.4,4115.4,4110.23,SL,-2.0,S429 SELL UT Bot Alerts,UT Bot cross + EMA200 trend filter
2026-07-22 17:35:00,2026-07-22 17:41:00,SELL,4117.61,4117.61,4112.63,SL,-2.0,S429 SELL UT Bot Alerts,UT Bot cross + EMA200 trend filter
2026-07-22 17:49:00,2026-07-22 17:53:00,BUY,4118.95,4118.95,4123.38,SL,-2.0,S429 BUY UT Bot Alerts,UT Bot cross + EMA200 trend filter
2026-07-22 17:57:00,2026-07-22 17:58:00,SELL,4116.74,4118.13,4112.56,SL,-15.93,S429 SELL UT Bot Alerts,UT Bot cross + EMA200 trend filter
2026-07-22 18:12:00,2026-07-22 18:25:00,BUY,4120.21,4120.21,4125.94,SL,-2.0,S429 BUY UT Bot Alerts,UT Bot cross + EMA200 trend filter
2026-07-22 18:51:00,2026-07-22 19:22:00,BUY,4120.34,4120.34,4129.94,TP,93.98,S429 BUY UT Bot Alerts,UT Bot cross + EMA200 trend filter
2026-07-22 21:32:00,2026-07-22 21:41:00,BUY,4151.92,4148.07,4163.47,SL,-40.49,S429 BUY UT Bot Alerts,UT Bot cross + EMA200 trend filter
2026-07-22 22:00:00,2026-07-22 22:49:00,BUY,4152.11,4152.11,4162.21,TP,98.99,S429 BUY UT Bot Alerts,UT Bot cross + EMA200 trend filter
2026-07-22 23:40:00,2026-07-22 23:44:00,BUY,4150.06,4147.31,4158.32,SL,-29.54,S429 BUY UT Bot Alerts,UT Bot cross + EMA200 trend filter
2026-07-22 23:45:00,2026-07-22 23:58:00,SELL,4146.14,4148.86,4137.97,SL,-29.24,S429 SELL UT Bot Alerts,UT Bot cross + EMA200 trend filter
2026-07-23 00:36:00,2026-07-23 00:49:00,SELL,4142.61,4142.61,4135.42,SL,-2.0,S429 SELL UT Bot Alerts,UT Bot cross + EMA200 trend filter
2026-07-23 01:00:00,2026-07-23 01:08:00,SELL,4141.32,4141.32,4136.68,SL,-2.0,S429 SELL UT Bot Alerts,UT Bot cross + EMA200 trend filter
2026-07-23 01:12:00,2026-07-23 01:46:00,SELL,4137.99,4137.99,4130.44,SL,-2.0,S429 SELL UT Bot Alerts,UT Bot cross + EMA200 trend filter
2026-07-23 01:58:00,2026-07-23 02:05:00,SELL,4136.26,4136.26,4132.18,SL,-2.0,S429 SELL UT Bot Alerts,UT Bot cross + EMA200 trend filter
2026-07-23 02:13:00,2026-07-23 02:23:00,SELL,4134.38,4134.38,4129.81,SL,-2.0,S429 SELL UT Bot Alerts,UT Bot cross + EMA200 trend filter
2026-07-23 02:45:00,2026-07-23 02:50:00,SELL,4133.48,4135.21,4128.28,SL,-19.33,S429 SELL UT Bot Alerts,UT Bot cross + EMA200 trend filter
2026-07-23 03:30:00,2026-07-23 03:42:00,SELL,4136.27,4136.27,4131.96,TP,41.1,S429 SELL UT Bot Alerts,UT Bot cross + EMA200 trend filter
2026-07-23 05:40:00,2026-07-23 05:49:00,SELL,4121.95,4124.86,4113.22,SL,-31.1,S429 SELL UT Bot Alerts,UT Bot cross + EMA200 trend filter
2026-07-23 06:27:00,2026-07-23 06:33:00,SELL,4119.68,4121.94,4112.9,SL,-24.61,S429 SELL UT Bot Alerts,UT Bot cross + EMA200 trend filter
2026-07-23 07:22:00,2026-07-23 07:29:00,BUY,4130.62,4130.62,4137.27,SL,-2.0,S429 BUY UT Bot Alerts,UT Bot cross + EMA200 trend filter
2026-07-23 07:45:00,2026-07-23 07:47:00,BUY,4129.96,4127.65,4136.89,SL,-25.1,S429 BUY UT Bot Alerts,UT Bot cross + EMA200 trend filter
2026-07-23 08:16:00,2026-07-23 08:28:00,BUY,4137.51,4137.51,4149.24,SL,-2.0,S429 BUY UT Bot Alerts,UT Bot cross + EMA200 trend filter
2026-07-23 08:30:00,2026-07-23 08:32:00,SELL,4129.61,4133.44,4118.11,SL,-40.34,S429 SELL UT Bot Alerts,UT Bot cross + EMA200 trend filter
2026-07-23 10:16:00,2026-07-23 10:30:00,BUY,4128.75,4128.75,4135.82,SL,-2.0,S429 BUY UT Bot Alerts,UT Bot cross + EMA200 trend filter
2026-07-23 11:13:00,2026-07-23 11:17:00,BUY,4127.13,4125.31,4132.6,SL,-20.23,S429 BUY UT Bot Alerts,UT Bot cross + EMA200 trend filter
2026-07-23 12:15:00,2026-07-23 12:22:00,SELL,4122.77,4122.77,4117.4,SL,-2.0,S429 SELL UT Bot Alerts,UT Bot cross + EMA200 trend filter
2026-07-23 12:29:00,2026-07-23 12:30:00,BUY,4125.55,4123.69,4131.13,SL,-20.61,S429 BUY UT Bot Alerts,UT Bot cross + EMA200 trend filter
2026-07-23 12:50:00,2026-07-23 12:52:00,SELL,4124.4,4126.99,4116.62,SL,-27.94,S429 SELL UT Bot Alerts,UT Bot cross + EMA200 trend filter
2026-07-23 13:00:00,2026-07-23 13:02:00,BUY,4127.02,4124.12,4135.73,SL,-31.03,S429 BUY UT Bot Alerts,UT Bot cross + EMA200 trend filter
2026-07-23 13:26:00,2026-07-23 13:30:00,SELL,4122.94,4122.94,4116.78,SL,-2.0,S429 SELL UT Bot Alerts,UT Bot cross + EMA200 trend filter
2026-07-23 13:55:00,2026-07-23 14:06:00,SELL,4119.66,4119.66,4113.7,TP,57.59,S429 SELL UT Bot Alerts,UT Bot cross + EMA200 trend filter
2026-07-23 14:30:00,2026-07-23 14:43:00,SELL,4103.72,4103.72,4093.38,TP,101.44,S429 SELL UT Bot Alerts,UT Bot cross + EMA200 trend filter
2026-07-23 15:48:00,2026-07-23 15:54:00,SELL,4088.94,4091.7,4080.66,SL,-29.6,S429 SELL UT Bot Alerts,UT Bot cross + EMA200 trend filter
2026-07-23 16:14:00,2026-07-23 17:21:00,SELL,4094.91,4094.91,4086.97,TP,77.42,S429 SELL UT Bot Alerts,UT Bot cross + EMA200 trend filter
2026-07-23 17:34:00,2026-07-23 17:36:00,SELL,4087.09,4089.71,4079.23,SL,-28.2,S429 SELL UT Bot Alerts,UT Bot cross + EMA200 trend filter
2026-07-23 18:05:00,2026-07-23 18:07:00,SELL,4091.18,4091.18,4084.04,SL,-2.0,S429 SELL UT Bot Alerts,UT Bot cross + EMA200 trend filter
2026-07-23 19:01:00,2026-07-23 19:05:00,SELL,4082.61,4085.22,4074.77,SL,-28.12,S429 SELL UT Bot Alerts,UT Bot cross + EMA200 trend filter
2026-07-23 20:40:00,2026-07-23 20:42:00,SELL,4055.95,4060.8,4041.4,SL,-50.5,S429 SELL UT Bot Alerts,UT Bot cross + EMA200 trend filter
2026-07-23 22:05:00,2026-07-23 22:17:00,SELL,4055.54,4055.54,4045.72,SL,-2.0,S429 SELL UT Bot Alerts,UT Bot cross + EMA200 trend filter
2026-07-23 22:57:00,2026-07-23 23:00:00,SELL,4047.04,4049.68,4039.11,SL,-28.42,S429 SELL UT Bot Alerts,UT Bot cross + EMA200 trend filter
2026-07-23 23:34:00,2026-07-23 23:38:00,SELL,4048.27,4050.02,4043.01,SL,-19.52,S429 SELL UT Bot Alerts,UT Bot cross + EMA200 trend filter
2026-07-24 00:07:00,2026-07-24 00:10:00,SELL,4049.01,4049.01,4041.57,SL,-2.0,S429 SELL UT Bot Alerts,UT Bot cross + EMA200 trend filter
2026-07-24 01:57:00,2026-07-24 01:59:00,SELL,4045.55,4045.55,4041.57,SL,-2.0,S429 SELL UT Bot Alerts,UT Bot cross + EMA200 trend filter
2026-07-24 02:44:00,2026-07-24 02:50:00,SELL,4045.88,4047.42,4041.27,SL,-17.35,S429 SELL UT Bot Alerts,UT Bot cross + EMA200 trend filter
2026-07-24 02:51:00,2026-07-24 03:01:00,BUY,4049.87,4049.87,4055.12,SL,-2.0,S429 BUY UT Bot Alerts,UT Bot cross + EMA200 trend filter
2026-07-24 03:27:00,2026-07-24 03:42:00,BUY,4050.14,4049.09,4053.28,SL,-12.46,S429 BUY UT Bot Alerts,UT Bot cross + EMA200 trend filter
2026-07-24 03:55:00,2026-07-24 05:09:00,BUY,4049.32,4049.32,4052.46,SL,-2.0,S429 BUY UT Bot Alerts,UT Bot cross + EMA200 trend filter
2026-07-24 06:19:00,2026-07-24 06:20:00,SELL,4047.32,4048.27,4044.47,SL,-11.51,S429 SELL UT Bot Alerts,UT Bot cross + EMA200 trend filter
2026-07-24 06:33:00,2026-07-24 06:35:00,BUY,4050.34,4049.42,4053.11,SL,-11.24,S429 BUY UT Bot Alerts,UT Bot cross + EMA200 trend filter
2026-07-24 06:40:00,2026-07-24 06:48:00,SELL,4047.58,4048.8,4043.91,SL,-14.24,S429 SELL UT Bot Alerts,UT Bot cross + EMA200 trend filter
2026-07-24 06:48:00,2026-07-24 06:54:00,BUY,4049.58,4047.97,4054.4,SL,-18.07,S429 BUY UT Bot Alerts,UT Bot cross + EMA200 trend filter
2026-07-24 06:59:00,2026-07-24 07:00:00,SELL,4047.07,4048.51,4042.75,SL,-16.39,S429 SELL UT Bot Alerts,UT Bot cross + EMA200 trend filter
2026-07-24 08:00:00,2026-07-24 08:02:00,SELL,4047.49,4047.49,4042.39,TP,48.98,S429 SELL UT Bot Alerts,UT Bot cross + EMA200 trend filter
2026-07-24 08:30:00,2026-07-24 08:33:00,SELL,4042.24,4044.72,4034.8,SL,-26.8,S429 SELL UT Bot Alerts,UT Bot cross + EMA200 trend filter
2026-07-24 08:50:00,2026-07-24 09:24:00,SELL,4046.24,4046.24,4039.39,SL,-2.0,S429 SELL UT Bot Alerts,UT Bot cross + EMA200 trend filter
2026-07-24 09:27:00,2026-07-24 09:30:00,BUY,4047.91,4046.13,4053.26,SL,-19.82,S429 BUY UT Bot Alerts,UT Bot cross + EMA200 trend filter
2026-07-24 09:33:00,2026-07-24 09:47:00,SELL,4044.63,4044.63,4037.46,TP,69.71,S429 SELL UT Bot Alerts,UT Bot cross + EMA200 trend filter
2026-07-24 10:45:00,2026-07-24 10:51:00,SELL,4030.26,4032.12,4024.69,SL,-20.57,S429 SELL UT Bot Alerts,UT Bot cross + EMA200 trend filter
2026-07-24 11:35:00,2026-07-24 11:57:00,SELL,4028.63,4028.63,4025.39,SL,-2.0,S429 SELL UT Bot Alerts,UT Bot cross + EMA200 trend filter
2026-07-24 12:16:00,2026-07-24 12:21:00,SELL,4026.32,4026.32,4019.13,SL,-2.0,S429 SELL UT Bot Alerts,UT Bot cross + EMA200 trend filter
2026-07-24 12:44:00,2026-07-24 12:46:00,SELL,4024.8,4027.74,4015.98,SL,-31.4,S429 SELL UT Bot Alerts,UT Bot cross + EMA200 trend filter
2026-07-24 13:56:00,2026-07-24 14:03:00,BUY,4037.09,4037.09,4044.48,SL,-2.0,S429 BUY UT Bot Alerts,UT Bot cross + EMA200 trend filter
2026-07-24 14:57:00,2026-07-24 15:02:00,BUY,4049.39,4047.6,4054.77,SL,-19.95,S429 BUY UT Bot Alerts,UT Bot cross + EMA200 trend filter
2026-07-24 15:26:00,2026-07-24 15:42:00,BUY,4048.5,4048.5,4054.54,TP,58.43,S429 BUY UT Bot Alerts,UT Bot cross + EMA200 trend filter
2026-07-24 16:25:00,2026-07-24 16:29:00,BUY,4055.39,4053.45,4061.21,SL,-21.39,S429 BUY UT Bot Alerts,UT Bot cross + EMA200 trend filter
2026-07-24 16:37:00,2026-07-24 16:43:00,BUY,4054.72,4054.72,4059.83,SL,-2.0,S429 BUY UT Bot Alerts,UT Bot cross + EMA200 trend filter
2026-07-24 17:58:00,2026-07-24 18:00:00,BUY,4060.22,4058.67,4064.88,SL,-17.53,S429 BUY UT Bot Alerts,UT Bot cross + EMA200 trend filter
2026-07-24 18:23:00,2026-07-24 18:26:00,BUY,4061.78,4060.66,4065.13,SL,-13.17,S429 BUY UT Bot Alerts,UT Bot cross + EMA200 trend filter
2026-07-24 18:58:00,2026-07-24 19:00:00,BUY,4057.74,4057.74,4064.17,SL,-2.0,S429 BUY UT Bot Alerts,UT Bot cross + EMA200 trend filter
2026-07-24 19:38:00,2026-07-24 19:45:00,SELL,4055.81,4055.81,4047.9,SL,-2.0,S429 SELL UT Bot Alerts,UT Bot cross + EMA200 trend filter
2026-07-24 19:59:00,2026-07-24 20:01:00,BUY,4056.14,4056.14,4063.05,SL,-2.0,S429 BUY UT Bot Alerts,UT Bot cross + EMA200 trend filter
2026-07-24 20:06:00,2026-07-24 20:12:00,SELL,4049.05,4049.05,4039.89,SL,-2.0,S429 SELL UT Bot Alerts,UT Bot cross + EMA200 trend filter
2026-07-24 21:23:00,2026-07-24 21:38:00,BUY,4062.43,4062.43,4072.58,SL,-2.0,S429 BUY UT Bot Alerts,UT Bot cross + EMA200 trend filter
2026-07-24 21:57:00,2026-07-24 22:00:00,BUY,4065.67,4062.67,4074.66,SL,-31.97,S429 BUY UT Bot Alerts,UT Bot cross + EMA200 trend filter
2026-07-24 22:53:00,2026-07-24 23:28:00,BUY,4075.72,4075.72,4084.45,SL,-2.0,S429 BUY UT Bot Alerts,UT Bot cross + EMA200 trend filter
2026-07-25 00:06:00,2026-07-25 00:18:00,SELL,4064.84,4064.84,4059.85,SL,-2.0,S429 SELL UT Bot Alerts,UT Bot cross + EMA200 trend filter
2026-07-25 02:10:00,2026-07-25 02:12:00,SELL,4052.84,4054.72,4047.21,SL,-20.78,S429 SELL UT Bot Alerts,UT Bot cross + EMA200 trend filter
2026-07-25 02:47:00,2026-07-25 03:44:00,SELL,4055.66,4055.66,4049.39,SL,-2.0,S429 SELL UT Bot Alerts,UT Bot cross + EMA200 trend filter
2026-07-25 03:54:00,2026-07-27 05:05:00,SELL,4053.38,4053.38,4049.78,SL,-2.0,S429 SELL UT Bot Alerts,UT Bot cross + EMA200 trend filter
2026-07-27 05:05:00,2026-07-27 05:15:00,BUY,4089.81,4084.45,4105.88,SL,-55.57,S429 BUY UT Bot Alerts,UT Bot cross + EMA200 trend filter
2026-07-27 05:32:00,2026-07-27 05:49:00,BUY,4091.44,4091.44,4099.19,SL,-2.0,S429 BUY UT Bot Alerts,UT Bot cross + EMA200 trend filter
2026-07-27 06:33:00,2026-07-27 06:39:00,BUY,4086.21,4086.21,4090.75,SL,-2.0,S429 BUY UT Bot Alerts,UT Bot cross + EMA200 trend filter
2026-07-27 07:34:00,2026-07-27 07:59:00,BUY,4099.75,4099.75,4113.6,SL,-2.0,S429 BUY UT Bot Alerts,UT Bot cross + EMA200 trend filter
2026-07-27 08:31:00,2026-07-27 08:33:00,BUY,4103.11,4099.77,4113.14,SL,-35.44,S429 BUY UT Bot Alerts,UT Bot cross + EMA200 trend filter
2026-07-27 09:59:00,2026-07-27 10:00:00,SELL,4093.73,4095.31,4089.0,SL,-17.76,S429 SELL UT Bot Alerts,UT Bot cross + EMA200 trend filter
2026-07-27 11:09:00,2026-07-27 11:12:00,SELL,4089.83,4089.83,4085.43,SL,-2.0,S429 SELL UT Bot Alerts,UT Bot cross + EMA200 trend filter
2026-07-27 11:44:00,2026-07-27 11:54:00,SELL,4090.44,4090.44,4086.85,SL,-2.0,S429 SELL UT Bot Alerts,UT Bot cross + EMA200 trend filter
2026-07-27 12:15:00,2026-07-27 12:26:00,SELL,4092.09,4092.09,4086.34,TP,55.47,S429 SELL UT Bot Alerts,UT Bot cross + EMA200 trend filter
2026-07-27 12:45:00,2026-07-27 12:49:00,SELL,4084.71,4087.16,4077.35,SL,-26.54,S429 SELL UT Bot Alerts,UT Bot cross + EMA200 trend filter
2026-07-27 12:57:00,2026-07-27 13:40:00,BUY,4091.19,4091.19,4098.53,TP,71.41,S429 BUY UT Bot Alerts,UT Bot cross + EMA200 trend filter
2026-07-27 14:00:00,2026-07-27 14:04:00,BUY,4098.66,4098.66,4104.1,SL,-2.0,S429 BUY UT Bot Alerts,UT Bot cross + EMA200 trend filter
2026-07-27 16:16:00,2026-07-27 16:26:00,SELL,4093.77,4095.77,4087.77,SL,-22.0,S429 SELL UT Bot Alerts,UT Bot cross + EMA200 trend filter
2026-07-27 16:26:00,2026-07-27 16:29:00,BUY,4094.87,4093.16,4099.99,SL,-19.06,S429 BUY UT Bot Alerts,UT Bot cross + EMA200 trend filter
2026-07-27 16:29:00,2026-07-27 16:31:00,SELL,4091.52,4093.3,4086.18,SL,-19.81,S429 SELL UT Bot Alerts,UT Bot cross + EMA200 trend filter
2026-07-27 16:43:00,2026-07-27 17:01:00,BUY,4094.42,4094.42,4100.84,SL,-2.0,S429 BUY UT Bot Alerts,UT Bot cross + EMA200 trend filter
2026-07-27 17:30:00,2026-07-27 17:33:00,BUY,4094.35,4094.35,4099.29,SL,-2.0,S429 BUY UT Bot Alerts,UT Bot cross + EMA200 trend filter
2026-07-27 18:08:00,2026-07-27 18:19:00,BUY,4102.8,4100.58,4109.45,SL,-24.18,S429 BUY UT Bot Alerts,UT Bot cross + EMA200 trend filter
2026-07-27 19:07:00,2026-07-27 19:12:00,SELL,4094.36,4094.36,4089.13,TP,50.26,S429 SELL UT Bot Alerts,UT Bot cross + EMA200 trend filter
2026-07-27 20:28:00,2026-07-27 20:31:00,SELL,4076.79,4080.22,4066.51,SL,-36.27,S429 SELL UT Bot Alerts,UT Bot cross + EMA200 trend filter
2026-07-27 20:55:00,2026-07-27 21:28:00,SELL,4079.79,4079.79,4067.96,TP,116.25,S429 SELL UT Bot Alerts,UT Bot cross + EMA200 trend filter
2026-07-27 22:24:00,2026-07-27 22:31:00,SELL,4075.32,4077.86,4067.69,SL,-27.44,S429 SELL UT Bot Alerts,UT Bot cross + EMA200 trend filter
2026-07-27 23:25:00,2026-07-27 23:26:00,BUY,4088.43,4085.8,4096.32,SL,-28.29,S429 BUY UT Bot Alerts,UT Bot cross + EMA200 trend filter
2026-07-28 01:13:00,2026-07-28 01:25:00,SELL,4076.82,4076.82,4071.82,SL,-2.0,S429 SELL UT Bot Alerts,UT Bot cross + EMA200 trend filter
2026-07-28 01:36:00,2026-07-28 01:41:00,SELL,4074.83,4074.83,4070.77,SL,-2.0,S429 SELL UT Bot Alerts,UT Bot cross + EMA200 trend filter
2026-07-28 01:41:00,2026-07-28 01:44:00,BUY,4077.86,4076.13,4083.05,SL,-19.3,S429 BUY UT Bot Alerts,UT Bot cross + EMA200 trend filter
2026-07-28 02:10:00,2026-07-28 02:20:00,BUY,4080.6,4080.6,4085.59,TP,47.95,S429 BUY UT Bot Alerts,UT Bot cross + EMA200 trend filter
2026-07-28 05:02:00,2026-07-28 05:06:00,BUY,4079.83,4079.83,4083.58,SL,-2.0,S429 BUY UT Bot Alerts,UT Bot cross + EMA200 trend filter
2026-07-28 05:10:00,2026-07-28 05:23:00,SELL,4077.89,4077.89,4073.0,TP,46.92,S429 SELL UT Bot Alerts,UT Bot cross + EMA200 trend filter
2026-07-28 05:48:00,2026-07-28 05:57:00,SELL,4073.77,4074.75,4070.83,SL,-11.79,S429 SELL UT Bot Alerts,UT Bot cross + EMA200 trend filter
2026-07-28 06:20:00,2026-07-28 06:57:00,SELL,4072.89,4072.89,4069.3,SL,-2.0,S429 SELL UT Bot Alerts,UT Bot cross + EMA200 trend filter
2026-07-28 07:02:00,2026-07-28 07:04:00,SELL,4070.72,4070.72,4065.93,TP,45.93,S429 SELL UT Bot Alerts,UT Bot cross + EMA200 trend filter
2026-07-28 07:47:00,2026-07-28 08:00:00,SELL,4061.61,4061.61,4054.51,TP,69.04,S429 SELL UT Bot Alerts,UT Bot cross + EMA200 trend filter
2026-07-28 09:28:00,2026-07-28 09:31:00,SELL,4046.26,4047.9,4041.35,SL,-18.37,S429 SELL UT Bot Alerts,UT Bot cross + EMA200 trend filter
2026-07-28 11:05:00,2026-07-28 11:19:00,SELL,4047.31,4047.31,4041.87,SL,-2.0,S429 SELL UT Bot Alerts,UT Bot cross + EMA200 trend filter
2026-07-28 11:30:00,2026-07-28 11:34:00,SELL,4044.15,4045.65,4039.66,SL,-16.98,S429 SELL UT Bot Alerts,UT Bot cross + EMA200 trend filter
2026-07-28 11:48:00,2026-07-28 12:10:00,SELL,4043.56,4043.56,4039.0,SL,-2.0,S429 SELL UT Bot Alerts,UT Bot cross + EMA200 trend filter
2026-07-28 13:10:00,2026-07-28 13:15:00,SELL,4043.77,4046.05,4036.93,SL,-24.79,S429 SELL UT Bot Alerts,UT Bot cross + EMA200 trend filter
2026-07-28 13:15:00,2026-07-28 13:18:00,BUY,4046.73,4044.46,4053.53,SL,-24.67,S429 BUY UT Bot Alerts,UT Bot cross + EMA200 trend filter
2026-07-28 13:54:00,2026-07-28 13:56:00,BUY,4051.29,4049.7,4056.05,SL,-17.87,S429 BUY UT Bot Alerts,UT Bot cross + EMA200 trend filter
2026-07-28 14:02:00,2026-07-28 14:04:00,BUY,4049.78,4048.07,4054.91,SL,-19.1,S429 BUY UT Bot Alerts,UT Bot cross + EMA200 trend filter
2026-07-28 15:02:00,2026-07-28 15:07:00,BUY,4052.26,4052.26,4059.68,SL,-2.0,S429 BUY UT Bot Alerts,UT Bot cross + EMA200 trend filter
2026-07-28 15:10:00,2026-07-28 15:15:00,SELL,4045.61,4045.61,4035.43,SL,-2.0,S429 SELL UT Bot Alerts,UT Bot cross + EMA200 trend filter
2026-07-28 15:21:00,2026-07-28 15:30:00,BUY,4049.83,4046.53,4059.73,REV,-32.2,S429 BUY UT Bot Alerts,UT Bot cross + EMA200 trend filter
2026-07-28 15:30:00,2026-07-28 16:29:00,SELL,4046.81,4046.81,4039.54,TP,70.67,S429 SELL UT Bot Alerts,UT Bot cross + EMA200 trend filter
2026-07-28 17:19:00,2026-07-28 17:32:00,SELL,4021.83,4021.83,4013.53,SL,-2.0,S429 SELL UT Bot Alerts,UT Bot cross + EMA200 trend filter
2026-07-28 18:03:00,2026-07-28 18:07:00,SELL,4025.38,4027.45,4019.16,SL,-22.73,S429 SELL UT Bot Alerts,UT Bot cross + EMA200 trend filter
2026-07-28 18:25:00,2026-07-28 18:36:00,SELL,4028.05,4031.01,4019.19,SL,-31.55,S429 SELL UT Bot Alerts,UT Bot cross + EMA200 trend filter
2026-07-28 18:46:00,2026-07-28 18:55:00,SELL,4026.89,4026.89,4021.06,SL,-2.0,S429 SELL UT Bot Alerts,UT Bot cross + EMA200 trend filter
2026-07-28 19:41:00,2026-07-28 19:53:00,BUY,4032.46,4032.46,4043.24,SL,-2.0,S429 BUY UT Bot Alerts,UT Bot cross + EMA200 trend filter
2026-07-28 20:00:00,2026-07-28 20:05:00,BUY,4032.15,4032.15,4040.12,SL,-2.0,S429 BUY UT Bot Alerts,UT Bot cross + EMA200 trend filter
2026-07-28 20:15:00,2026-07-28 20:20:00,SELL,4030.8,4033.43,4022.91,SL,-28.31,S429 SELL UT Bot Alerts,UT Bot cross + EMA200 trend filter
2026-07-28 20:21:00,2026-07-28 20:27:00,BUY,4034.68,4032.27,4041.92,SL,-26.14,S429 BUY UT Bot Alerts,UT Bot cross + EMA200 trend filter
2026-07-28 20:29:00,2026-07-28 20:30:00,SELL,4029.08,4031.75,4021.06,SL,-28.73,S429 SELL UT Bot Alerts,UT Bot cross + EMA200 trend filter
2026-07-28 20:57:00,2026-07-28 21:00:00,SELL,4022.72,4026.71,4010.75,SL,-41.89,S429 SELL UT Bot Alerts,UT Bot cross + EMA200 trend filter
2026-07-28 21:14:00,2026-07-28 21:22:00,SELL,4025.59,4025.59,4013.14,TP,122.52,S429 SELL UT Bot Alerts,UT Bot cross + EMA200 trend filter
2026-07-28 21:34:00,2026-07-28 21:47:00,SELL,4020.35,4024.78,4007.07,SL,-46.25,S429 SELL UT Bot Alerts,UT Bot cross + EMA200 trend filter
2026-07-28 22:05:00,2026-07-28 22:09:00,SELL,4023.57,4026.56,4014.6,SL,-31.89,S429 SELL UT Bot Alerts,UT Bot cross + EMA200 trend filter
2026-07-28 22:10:00,2026-07-28 22:13:00,BUY,4029.31,4029.31,4039.93,SL,-2.0,S429 BUY UT Bot Alerts,UT Bot cross + EMA200 trend filter
2026-07-28 22:41:00,2026-07-28 23:46:00,BUY,4039.43,4039.43,4049.27,SL,-2.0,S429 BUY UT Bot Alerts,UT Bot cross + EMA200 trend filter
2026-07-29 00:01:00,2026-07-29 00:06:00,BUY,4038.61,4038.61,4043.04,SL,-2.0,S429 BUY UT Bot Alerts,UT Bot cross + EMA200 trend filter
2026-07-29 00:20:00,2026-07-29 00:21:00,BUY,4040.67,4038.39,4047.52,SL,-24.83,S429 BUY UT Bot Alerts,UT Bot cross + EMA200 trend filter
2026-07-29 00:32:00,2026-07-29 00:47:00,SELL,4034.75,4034.75,4026.12,TP,84.27,S429 SELL UT Bot Alerts,UT Bot cross + EMA200 trend filter
2026-07-29 01:11:00,2026-07-29 01:15:00,SELL,4028.14,4029.65,4023.62,SL,-17.08,S429 SELL UT Bot Alerts,UT Bot cross + EMA200 trend filter
2026-07-29 02:26:00,2026-07-29 02:28:00,SELL,4022.42,4023.5,4019.18,SL,-12.81,S429 SELL UT Bot Alerts,UT Bot cross + EMA200 trend filter
2026-07-29 03:00:00,2026-07-29 03:14:00,SELL,4024.36,4024.36,4019.97,SL,-2.0,S429 SELL UT Bot Alerts,UT Bot cross + EMA200 trend filter
2026-07-29 03:42:00,2026-07-29 03:49:00,BUY,4029.47,4029.47,4033.41,SL,-2.0,S429 BUY UT Bot Alerts,UT Bot cross + EMA200 trend filter
2026-07-29 03:49:00,2026-07-29 05:10:00,SELL,4027.55,4027.55,4022.75,SL,-2.0,S429 SELL UT Bot Alerts,UT Bot cross + EMA200 trend filter
2026-07-29 05:32:00,2026-07-29 05:34:00,SELL,4014.51,4016.93,4007.24,SL,-26.24,S429 SELL UT Bot Alerts,UT Bot cross + EMA200 trend filter
2026-07-29 05:45:00,2026-07-29 05:57:00,SELL,4016.36,4019.14,4008.02,SL,-29.79,S429 SELL UT Bot Alerts,UT Bot cross + EMA200 trend filter
2026-07-29 06:03:00,2026-07-29 06:08:00,SELL,4017.08,4018.63,4012.42,SL,-17.55,S429 SELL UT Bot Alerts,UT Bot cross + EMA200 trend filter
2026-07-29 06:15:00,2026-07-29 06:22:00,SELL,4018.39,4018.39,4011.32,SL,-2.0,S429 SELL UT Bot Alerts,UT Bot cross + EMA200 trend filter
2026-07-29 07:00:00,2026-07-29 07:03:00,SELL,4018.31,4021.38,4009.1,SL,-32.71,S429 SELL UT Bot Alerts,UT Bot cross + EMA200 trend filter
2026-07-29 07:16:00,2026-07-29 07:20:00,BUY,4023.81,4023.81,4033.5,SL,-2.0,S429 BUY UT Bot Alerts,UT Bot cross + EMA200 trend filter
2026-07-29 07:49:00,2026-07-29 07:54:00,SELL,4021.12,4023.62,4013.62,SL,-27.0,S429 SELL UT Bot Alerts,UT Bot cross + EMA200 trend filter
2026-07-29 08:58:00,2026-07-29 09:07:00,BUY,4025.82,4025.82,4033.91,SL,-2.0,S429 BUY UT Bot Alerts,UT Bot cross + EMA200 trend filter
2026-07-29 09:15:00,2026-07-29 09:41:00,BUY,4028.78,4028.78,4036.7,TP,77.17,S429 BUY UT Bot Alerts,UT Bot cross + EMA200 trend filter
2026-07-29 10:36:00,2026-07-29 10:37:00,BUY,4029.58,4027.58,4035.59,SL,-22.04,S429 BUY UT Bot Alerts,UT Bot cross + EMA200 trend filter
2026-07-29 10:41:00,2026-07-29 11:33:00,SELL,4025.84,4025.84,4019.6,SL,-2.0,S429 SELL UT Bot Alerts,UT Bot cross + EMA200 trend filter
2026-07-29 11:48:00,2026-07-29 11:50:00,SELL,4024.12,4025.92,4018.71,SL,-20.04,S429 SELL UT Bot Alerts,UT Bot cross + EMA200 trend filter
2026-07-29 11:54:00,2026-07-29 12:30:00,BUY,4026.63,4026.63,4032.29,TP,54.64,S429 BUY UT Bot Alerts,UT Bot cross + EMA200 trend filter
2026-07-29 13:10:00,2026-07-29 13:20:00,BUY,4037.2,4037.2,4045.28,SL,-2.0,S429 BUY UT Bot Alerts,UT Bot cross + EMA200 trend filter
2026-07-29 13:23:00,2026-07-29 14:11:00,BUY,4039.51,4039.51,4046.16,TP,64.47,S429 BUY UT Bot Alerts,UT Bot cross + EMA200 trend filter
2026-07-29 16:00:00,2026-07-29 16:15:00,SELL,4037.22,4037.22,4031.97,SL,-2.0,S429 SELL UT Bot Alerts,UT Bot cross + EMA200 trend filter
2026-07-29 16:57:00,2026-07-29 17:07:00,SELL,4032.9,4032.9,4028.43,SL,-2.0,S429 SELL UT Bot Alerts,UT Bot cross + EMA200 trend filter
2026-07-29 17:36:00,2026-07-29 17:43:00,SELL,4031.22,4031.22,4026.58,TP,44.45,S429 SELL UT Bot Alerts,UT Bot cross + EMA200 trend filter
2026-07-29 18:06:00,2026-07-29 18:08:00,SELL,4026.14,4026.14,4022.22,SL,-2.0,S429 SELL UT Bot Alerts,UT Bot cross + EMA200 trend filter
2026-07-29 18:55:00,2026-07-29 19:15:00,SELL,4031.9,4031.9,4026.01,TP,56.89,S429 SELL UT Bot Alerts,UT Bot cross + EMA200 trend filter
2026-07-29 19:49:00,2026-07-29 19:56:00,SELL,4020.25,4022.9,4012.3,SL,-28.51,S429 SELL UT Bot Alerts,UT Bot cross + EMA200 trend filter
2026-07-29 20:05:00,2026-07-29 20:10:00,SELL,4017.79,4017.79,4008.93,SL,-2.0,S429 SELL UT Bot Alerts,UT Bot cross + EMA200 trend filter
2026-07-29 20:29:00,2026-07-29 20:34:00,SELL,4014.52,4014.52,4002.96,SL,-2.0,S429 SELL UT Bot Alerts,UT Bot cross + EMA200 trend filter
2026-07-29 21:27:00,2026-07-29 21:31:00,SELL,4004.14,4007.75,3993.31,SL,-38.11,S429 SELL UT Bot Alerts,UT Bot cross + EMA200 trend filter
2026-07-29 22:19:00,2026-07-29 22:22:00,SELL,4005.13,4007.77,3997.2,SL,-28.42,S429 SELL UT Bot Alerts,UT Bot cross + EMA200 trend filter
2026-07-29 23:00:00,2026-07-29 23:06:00,SELL,4008.08,4010.48,4000.89,SL,-25.98,S429 SELL UT Bot Alerts,UT Bot cross + EMA200 trend filter
2026-07-29 23:08:00,2026-07-29 23:11:00,BUY,4015.21,4012.47,4023.44,SL,-29.42,S429 BUY UT Bot Alerts,UT Bot cross + EMA200 trend filter
2026-07-29 23:14:00,2026-07-29 23:20:00,SELL,4009.58,4012.27,4001.5,SL,-28.93,S429 SELL UT Bot Alerts,UT Bot cross + EMA200 trend filter
2026-07-29 23:20:00,2026-07-29 23:52:00,BUY,4013.86,4013.86,4021.99,TP,79.32,S429 BUY UT Bot Alerts,UT Bot cross + EMA200 trend filter
2026-07-30 00:41:00,2026-07-30 00:55:00,BUY,4043.11,4043.11,4053.67,SL,-2.0,S429 BUY UT Bot Alerts,UT Bot cross + EMA200 trend filter
2026-07-30 01:00:00,2026-07-30 01:02:00,BUY,4075.48,4075.48,4095.88,SL,-2.0,S429 BUY UT Bot Alerts,UT Bot cross + EMA200 trend filter
2026-07-30 01:30:00,2026-07-30 01:31:00,BUY,4072.12,4067.17,4086.97,SL,-51.51,S429 BUY UT Bot Alerts,UT Bot cross + EMA200 trend filter
2026-07-30 01:41:00,2026-07-30 01:54:00,BUY,4076.03,4076.03,4105.49,TP,292.62,S429 BUY UT Bot Alerts,UT Bot cross + EMA200 trend filter
2026-07-30 05:14:00,2026-07-30 06:00:00,BUY,4076.23,4076.23,4090.78,TP,143.51,S429 BUY UT Bot Alerts,UT Bot cross + EMA200 trend filter
2026-07-30 08:24:00,2026-07-30 08:29:00,BUY,4080.7,4080.7,4094.5,SL,-2.0,S429 BUY UT Bot Alerts,UT Bot cross + EMA200 trend filter
2026-07-30 09:03:00,2026-07-30 09:11:00,BUY,4089.12,4085.5,4099.99,SL,-38.25,S429 BUY UT Bot Alerts,UT Bot cross + EMA200 trend filter
2026-07-30 11:04:00,2026-07-30 11:08:00,SELL,4056.54,4056.54,4049.79,SL,-2.0,S429 SELL UT Bot Alerts,UT Bot cross + EMA200 trend filter
2026-07-30 11:38:00,2026-07-30 11:44:00,SELL,4050.08,4050.08,4044.83,SL,-2.0,S429 SELL UT Bot Alerts,UT Bot cross + EMA200 trend filter
2026-07-30 12:00:00,2026-07-30 12:04:00,SELL,4044.37,4044.37,4036.55,SL,-2.0,S429 SELL UT Bot Alerts,UT Bot cross + EMA200 trend filter
2026-07-30 12:35:00,2026-07-30 12:38:00,SELL,4043.51,4043.51,4032.41,TP,108.96,S429 SELL UT Bot Alerts,UT Bot cross + EMA200 trend filter
2026-07-30 13:12:00,2026-07-30 13:22:00,SELL,4033.35,4037.07,4022.19,SL,-39.2,S429 SELL UT Bot Alerts,UT Bot cross + EMA200 trend filter
2026-07-30 13:27:00,2026-07-30 13:30:00,SELL,4031.21,4034.55,4021.18,SL,-35.42,S429 SELL UT Bot Alerts,UT Bot cross + EMA200 trend filter
2026-07-30 13:56:00,2026-07-30 14:00:00,SELL,4036.16,4039.01,4027.62,SL,-30.46,S429 SELL UT Bot Alerts,UT Bot cross + EMA200 trend filter
2026-07-30 14:31:00,2026-07-30 14:41:00,SELL,4042.57,4042.57,4031.73,SL,-2.0,S429 SELL UT Bot Alerts,UT Bot cross + EMA200 trend filter
2026-07-30 14:43:00,2026-07-30 14:47:00,BUY,4045.26,4041.94,4055.21,SL,-35.17,S429 BUY UT Bot Alerts,UT Bot cross + EMA200 trend filter
2026-07-30 14:54:00,2026-07-30 14:59:00,SELL,4040.88,4040.88,4030.62,SL,-2.0,S429 SELL UT Bot Alerts,UT Bot cross + EMA200 trend filter
2026-07-30 15:04:00,2026-07-30 15:20:00,BUY,4045.51,4045.51,4057.77,TP,120.59,S429 BUY UT Bot Alerts,UT Bot cross + EMA200 trend filter
2026-07-30 16:01:00,2026-07-30 16:21:00,BUY,4062.53,4062.53,4070.7,TP,79.74,S429 BUY UT Bot Alerts,UT Bot cross + EMA200 trend filter
2026-07-30 16:49:00,2026-07-30 16:53:00,BUY,4069.25,4069.25,4076.79,SL,-2.0,S429 BUY UT Bot Alerts,UT Bot cross + EMA200 trend filter
2026-07-30 17:07:00,2026-07-30 17:11:00,BUY,4069.38,4069.38,4077.87,SL,-2.0,S429 BUY UT Bot Alerts,UT Bot cross + EMA200 trend filter
2026-07-30 18:11:00,2026-07-30 18:13:00,BUY,4082.62,4080.11,4090.15,SL,-27.1,S429 BUY UT Bot Alerts,UT Bot cross + EMA200 trend filter
2026-07-30 18:24:00,2026-07-30 18:26:00,BUY,4081.37,4078.92,4088.71,SL,-26.47,S429 BUY UT Bot Alerts,UT Bot cross + EMA200 trend filter
2026-07-30 19:05:00,2026-07-30 19:11:00,BUY,4080.93,4078.09,4089.46,SL,-30.44,S429 BUY UT Bot Alerts,UT Bot cross + EMA200 trend filter
2026-07-30 19:25:00,2026-07-30 19:29:00,BUY,4078.3,4078.3,4088.68,SL,-2.0,S429 BUY UT Bot Alerts,UT Bot cross + EMA200 trend filter
2026-07-30 19:31:00,2026-07-30 19:39:00,SELL,4072.8,4077.48,4058.77,SL,-48.78,S429 SELL UT Bot Alerts,UT Bot cross + EMA200 trend filter
2026-07-30 20:07:00,2026-07-30 20:11:00,BUY,4075.75,4070.77,4090.7,SL,-51.83,S429 BUY UT Bot Alerts,UT Bot cross + EMA200 trend filter
2026-07-30 20:37:00,2026-07-30 20:39:00,BUY,4093.78,4093.78,4112.72,SL,-2.0,S429 BUY UT Bot Alerts,UT Bot cross + EMA200 trend filter
2026-07-30 21:33:00,2026-07-30 21:50:00,BUY,4099.86,4099.86,4117.83,SL,-2.0,S429 BUY UT Bot Alerts,UT Bot cross + EMA200 trend filter
2026-07-30 22:16:00,2026-07-30 22:51:00,BUY,4094.19,4094.19,4108.06,TP,136.66,S429 BUY UT Bot Alerts,UT Bot cross + EMA200 trend filter
2026-07-31 00:36:00,2026-07-31 00:38:00,BUY,4106.34,4103.12,4116.0,SL,-34.19,S429 BUY UT Bot Alerts,UT Bot cross + EMA200 trend filter
2026-07-31 01:01:00,2026-07-31 01:08:00,BUY,4104.64,4104.64,4111.22,SL,-2.0,S429 BUY UT Bot Alerts,UT Bot cross + EMA200 trend filter
2026-07-31 01:30:00,2026-07-31 01:39:00,BUY,4104.67,4104.67,4110.05,SL,-2.0,S429 BUY UT Bot Alerts,UT Bot cross + EMA200 trend filter
2026-07-31 01:48:00,2026-07-31 02:02:00,SELL,4101.11,4101.11,4096.04,SL,-2.0,S429 SELL UT Bot Alerts,UT Bot cross + EMA200 trend filter
2026-07-31 02:58:00,2026-07-31 03:00:00,BUY,4112.11,4110.37,4117.34,SL,-19.44,S429 BUY UT Bot Alerts,UT Bot cross + EMA200 trend filter
2026-07-31 06:05:00,2026-07-31 06:08:00,BUY,4111.74,4110.33,4115.98,SL,-16.14,S429 BUY UT Bot Alerts,UT Bot cross + EMA200 trend filter
2026-07-31 06:50:00,2026-07-31 06:51:00,SELL,4106.61,4108.62,4100.59,SL,-22.08,S429 SELL UT Bot Alerts,UT Bot cross + EMA200 trend filter
2026-07-31 08:11:00,2026-07-31 08:19:00,SELL,4093.62,4093.62,4080.71,SL,-2.0,S429 SELL UT Bot Alerts,UT Bot cross + EMA200 trend filter
2026-07-31 09:01:00,2026-07-31 09:03:00,SELL,4082.61,4085.47,4074.02,SL,-30.65,S429 SELL UT Bot Alerts,UT Bot cross + EMA200 trend filter
2026-07-31 09:14:00,2026-07-31 09:42:00,SELL,4085.55,4085.55,4077.2,TP,81.47,S429 SELL UT Bot Alerts,UT Bot cross + EMA200 trend filter
2026-07-31 10:49:00,2026-07-31 11:00:00,SELL,4075.79,4075.79,4070.61,SL,-2.0,S429 SELL UT Bot Alerts,UT Bot cross + EMA200 trend filter
2026-07-31 11:20:00,2026-07-31 11:24:00,SELL,4075.41,4077.15,4070.19,SL,-19.4,S429 SELL UT Bot Alerts,UT Bot cross + EMA200 trend filter
2026-07-31 11:41:00,2026-07-31 11:49:00,SELL,4079.96,4079.96,4075.66,TP,41.01,S429 SELL UT Bot Alerts,UT Bot cross + EMA200 trend filter
2026-07-31 12:13:00,2026-07-31 12:17:00,SELL,4080.04,4081.51,4075.64,SL,-16.68,S429 SELL UT Bot Alerts,UT Bot cross + EMA200 trend filter
2026-07-31 12:17:00,2026-07-31 12:22:00,BUY,4081.96,4080.61,4086.0,SL,-15.46,S429 BUY UT Bot Alerts,UT Bot cross + EMA200 trend filter
2026-07-31 12:31:00,2026-07-31 12:40:00,SELL,4080.03,4080.03,4075.45,SL,-2.0,S429 SELL UT Bot Alerts,UT Bot cross + EMA200 trend filter
2026-07-31 13:46:00,2026-07-31 13:49:00,BUY,4080.81,4078.22,4088.59,SL,-27.92,S429 BUY UT Bot Alerts,UT Bot cross + EMA200 trend filter
2026-07-31 14:02:00,2026-07-31 14:05:00,SELL,4076.23,4078.16,4070.43,SL,-21.33,S429 SELL UT Bot Alerts,UT Bot cross + EMA200 trend filter
2026-07-31 14:29:00,2026-07-31 14:40:00,SELL,4072.68,4072.68,4065.08,SL,-2.0,S429 SELL UT Bot Alerts,UT Bot cross + EMA200 trend filter
2026-07-31 15:54:00,2026-07-31 15:55:00,SELL,4058.33,4060.74,4051.11,SL,-26.06,S429 SELL UT Bot Alerts,UT Bot cross + EMA200 trend filter
2026-07-31 16:57:00,2026-07-31 17:01:00,SELL,4054.23,4055.84,4049.4,SL,-18.11,S429 SELL UT Bot Alerts,UT Bot cross + EMA200 trend filter
2026-07-31 17:17:00,2026-07-31 17:30:00,SELL,4053.16,4055.17,4047.12,SL,-22.14,S429 SELL UT Bot Alerts,UT Bot cross + EMA200 trend filter
2026-07-31 17:38:00,2026-07-31 17:44:00,SELL,4053.47,4055.3,4047.97,SL,-20.34,S429 SELL UT Bot Alerts,UT Bot cross + EMA200 trend filter
2026-07-31 17:51:00,2026-07-31 18:04:00,SELL,4055.01,4055.01,4050.31,SL,-2.0,S429 SELL UT Bot Alerts,UT Bot cross + EMA200 trend filter
2026-07-31 18:15:00,2026-07-31 18:17:00,SELL,4055.87,4055.87,4049.52,SL,-2.0,S429 SELL UT Bot Alerts,UT Bot cross + EMA200 trend filter
2026-07-31 18:23:00,2026-07-31 18:30:00,BUY,4059.62,4057.39,4066.32,SL,-24.33,S429 BUY UT Bot Alerts,UT Bot cross + EMA200 trend filter
2026-07-31 18:30:00,2026-07-31 19:03:00,SELL,4056.3,4056.3,4049.68,SL,-2.0,S429 SELL UT Bot Alerts,UT Bot cross + EMA200 trend filter
2026-07-31 19:04:00,2026-07-31 19:11:00,BUY,4057.78,4055.83,4063.62,SL,-21.46,S429 BUY UT Bot Alerts,UT Bot cross + EMA200 trend filter
2026-07-31 19:20:00,2026-07-31 19:30:00,SELL,4054.52,4054.52,4046.93,TP,73.86,S429 SELL UT Bot Alerts,UT Bot cross + EMA200 trend filter
2026-07-31 19:58:00,2026-07-31 20:02:00,SELL,4041.48,4041.48,4033.22,SL,-2.0,S429 SELL UT Bot Alerts,UT Bot cross + EMA200 trend filter
2026-07-31 20:31:00,2026-07-31 20:42:00,SELL,4037.98,4037.98,4024.95,TP,128.27,S429 SELL UT Bot Alerts,UT Bot cross + EMA200 trend filter
2026-07-31 22:40:00,2026-07-31 22:50:00,BUY,4042.73,4040.02,4050.88,SL,-29.15,S429 BUY UT Bot Alerts,UT Bot cross + EMA200 trend filter
2026-07-31 23:06:00,2026-07-31 23:09:00,SELL,4042.36,4044.63,4035.56,SL,-24.67,S429 SELL UT Bot Alerts,UT Bot cross + EMA200 trend filter
2026-07-31 23:11:00,2026-07-31 23:15:00,BUY,4046.32,4044.02,4053.22,SL,-24.99,S429 BUY UT Bot Alerts,UT Bot cross + EMA200 trend filter
2026-08-01 00:14:00,2026-08-01 00:21:00,BUY,4045.58,4045.58,4051.76,SL,-2.0,S429 BUY UT Bot Alerts,UT Bot cross + EMA200 trend filter
2026-08-01 00:46:00,2026-08-01 01:09:00,BUY,4053.1,4050.23,4061.71,SL,-30.7,S429 BUY UT Bot Alerts,UT Bot cross + EMA200 trend filter
2026-08-01 01:42:00,2026-08-01 01:45:00,BUY,4050.95,4049.41,4055.56,SL,-17.35,S429 BUY UT Bot Alerts,UT Bot cross + EMA200 trend filter
2026-08-01 01:50:00,2026-08-01 01:57:00,BUY,4051.38,4049.9,4055.83,SL,-16.82,S429 BUY UT Bot Alerts,UT Bot cross + EMA200 trend filter
2026-08-01 02:25:00,2026-08-01 02:31:00,BUY,4049.24,4049.24,4052.79,SL,-2.0,S429 BUY UT Bot Alerts,UT Bot cross + EMA200 trend filter
2026-08-01 03:30:00,2026-08-01 03:36:00,BUY,4048.84,4048.84,4052.98,TP,39.4,S429 BUY UT Bot Alerts,UT Bot cross + EMA200 trend filter
2026-08-01 03:53:00,2026-08-03 05:05:00,SELL,4047.98,4047.98,4041.69,SL,-2.0,S429 SELL UT Bot Alerts,UT Bot cross + EMA200 trend filter
2026-08-03 05:05:00,2026-08-03 05:18:00,BUY,4077.12,4070.59,4096.7,SL,-67.27,S429 BUY UT Bot Alerts,UT Bot cross + EMA200 trend filter
2026-08-03 06:14:00,2026-08-03 06:27:00,BUY,4066.55,4066.55,4072.4,TP,56.5,S429 BUY UT Bot Alerts,UT Bot cross + EMA200 trend filter
2026-08-03 06:46:00,2026-08-03 06:47:00,BUY,4072.12,4070.44,4077.16,SL,-18.81,S429 BUY UT Bot Alerts,UT Bot cross + EMA200 trend filter
2026-08-03 07:30:00,2026-08-03 07:32:00,BUY,4069.47,4065.78,4080.55,SL,-38.92,S429 BUY UT Bot Alerts,UT Bot cross + EMA200 trend filter
2026-08-03 07:39:00,2026-08-03 07:48:00,SELL,4059.87,4059.87,4047.14,SL,-2.0,S429 SELL UT Bot Alerts,UT Bot cross + EMA200 trend filter
2026-08-03 08:13:00,2026-08-03 08:24:00,SELL,4053.57,4053.57,4037.56,SL,-2.0,S429 SELL UT Bot Alerts,UT Bot cross + EMA200 trend filter
2026-08-03 08:42:00,2026-08-03 08:45:00,SELL,4048.33,4051.62,4038.47,SL,-34.87,S429 SELL UT Bot Alerts,UT Bot cross + EMA200 trend filter
2026-08-03 09:09:00,2026-08-03 09:14:00,SELL,4056.08,4056.08,4047.68,SL,-2.0,S429 SELL UT Bot Alerts,UT Bot cross + EMA200 trend filter
2026-08-03 09:19:00,2026-08-03 09:22:00,BUY,4060.58,4057.41,4070.09,SL,-33.69,S429 BUY UT Bot Alerts,UT Bot cross + EMA200 trend filter
2026-08-03 09:22:00,2026-08-03 09:27:00,SELL,4056.86,4056.86,4047.45,REV,-19.9,S429 SELL UT Bot Alerts,UT Bot cross + EMA200 trend filter
2026-08-03 09:27:00,2026-08-03 09:31:00,BUY,4058.65,4055.42,4068.33,SL,-34.26,S429 BUY UT Bot Alerts,UT Bot cross + EMA200 trend filter
2026-08-03 09:31:00,2026-08-03 09:38:00,SELL,4055.67,4055.67,4046.57,SL,-2.0,S429 SELL UT Bot Alerts,UT Bot cross + EMA200 trend filter
2026-08-03 09:42:00,2026-08-03 10:45:00,BUY,4059.5,4059.5,4069.49,SL,-2.0,S429 BUY UT Bot Alerts,UT Bot cross + EMA200 trend filter
2026-08-03 10:50:00,2026-08-03 11:07:00,BUY,4063.27,4063.27,4068.1,TP,46.31,S429 BUY UT Bot Alerts,UT Bot cross + EMA200 trend filter
2026-08-03 11:30:00,2026-08-03 11:37:00,BUY,4070.19,4068.67,4074.76,SL,-17.24,S429 BUY UT Bot Alerts,UT Bot cross + EMA200 trend filter
2026-08-03 12:33:00,2026-08-03 12:38:00,SELL,4058.95,4058.95,4052.35,SL,-2.0,S429 SELL UT Bot Alerts,UT Bot cross + EMA200 trend filter
2026-08-03 12:42:00,2026-08-03 12:49:00,BUY,4063.15,4059.95,4072.76,SL,-34.05,S429 BUY UT Bot Alerts,UT Bot cross + EMA200 trend filter
2026-08-03 13:57:00,2026-08-03 13:59:00,BUY,4066.13,4064.0,4072.53,SL,-23.33,S429 BUY UT Bot Alerts,UT Bot cross + EMA200 trend filter
2026-08-03 14:03:00,2026-08-03 14:09:00,SELL,4060.39,4062.76,4053.29,SL,-25.68,S429 SELL UT Bot Alerts,UT Bot cross + EMA200 trend filter
2026-08-03 14:37:00,2026-08-03 14:39:00,SELL,4056.67,4059.06,4049.5,SL,-25.9,S429 SELL UT Bot Alerts,UT Bot cross + EMA200 trend filter
2026-08-03 15:01:00,2026-08-03 15:05:00,SELL,4059.43,4061.34,4053.69,SL,-21.15,S429 SELL UT Bot Alerts,UT Bot cross + EMA200 trend filter
2026-08-03 15:17:00,2026-08-03 15:21:00,SELL,4058.76,4058.76,4052.67,SL,-2.0,S429 SELL UT Bot Alerts,UT Bot cross + EMA200 trend filter
2026-08-03 16:01:00,2026-08-03 16:10:00,SELL,4057.94,4059.66,4052.77,SL,-19.24,S429 SELL UT Bot Alerts,UT Bot cross + EMA200 trend filter
2026-08-03 16:12:00,2026-08-03 16:17:00,BUY,4061.32,4059.56,4066.6,SL,-19.59,S429 BUY UT Bot Alerts,UT Bot cross + EMA200 trend filter
2026-08-03 16:17:00,2026-08-03 16:23:00,SELL,4059.33,4059.33,4053.88,TP,52.51,S429 SELL UT Bot Alerts,UT Bot cross + EMA200 trend filter
2026-08-03 17:00:00,2026-08-03 17:03:00,SELL,4054.18,4056.16,4048.24,SL,-21.8,S429 SELL UT Bot Alerts,UT Bot cross + EMA200 trend filter
2026-08-03 17:21:00,2026-08-03 17:22:00,SELL,4052.78,4054.77,4046.81,SL,-21.9,S429 SELL UT Bot Alerts,UT Bot cross + EMA200 trend filter
2026-08-03 18:11:00,2026-08-03 18:26:00,SELL,4049.36,4049.36,4043.01,SL,-2.0,S429 SELL UT Bot Alerts,UT Bot cross + EMA200 trend filter
2026-08-03 20:02:00,2026-08-03 20:05:00,SELL,4041.78,4045.11,4031.79,SL,-35.3,S429 SELL UT Bot Alerts,UT Bot cross + EMA200 trend filter
2026-08-03 21:00:00,2026-08-03 21:02:00,SELL,4028.45,4032.18,4017.27,SL,-39.26,S429 SELL UT Bot Alerts,UT Bot cross + EMA200 trend filter
2026-08-03 22:03:00,2026-08-03 22:07:00,SELL,4032.91,4032.91,4025.17,SL,-2.0,S429 SELL UT Bot Alerts,UT Bot cross + EMA200 trend filter
2026-08-03 22:27:00,2026-08-03 22:30:00,SELL,4033.42,4033.42,4025.7,SL,-2.0,S429 SELL UT Bot Alerts,UT Bot cross + EMA200 trend filter
2026-08-03 22:58:00,2026-08-03 23:10:00,SELL,4036.42,4036.42,4030.09,SL,-2.0,S429 SELL UT Bot Alerts,UT Bot cross + EMA200 trend filter
2026-08-03 23:24:00,2026-08-03 23:32:00,BUY,4037.92,4036.22,4043.01,SL,-18.97,S429 BUY UT Bot Alerts,UT Bot cross + EMA200 trend filter
2026-08-03 23:52:00,2026-08-04 00:18:00,SELL,4036.57,4036.57,4032.03,SL,-2.0,S429 SELL UT Bot Alerts,UT Bot cross + EMA200 trend filter
2026-08-04 00:49:00,2026-08-04 01:00:00,SELL,4034.04,4034.04,4029.88,TP,39.59,S429 SELL UT Bot Alerts,UT Bot cross + EMA200 trend filter
2026-08-04 03:14:00,2026-08-04 03:19:00,BUY,4052.56,4051.59,4055.46,SL,-11.66,S429 BUY UT Bot Alerts,UT Bot cross + EMA200 trend filter
2026-08-04 05:31:00,2026-08-04 05:36:00,BUY,4052.62,4052.62,4055.47,SL,-2.0,S429 BUY UT Bot Alerts,UT Bot cross + EMA200 trend filter
2026-08-04 05:58:00,2026-08-04 06:02:00,BUY,4053.37,4052.31,4056.56,SL,-12.64,S429 BUY UT Bot Alerts,UT Bot cross + EMA200 trend filter
2026-08-04 06:06:00,2026-08-04 06:09:00,BUY,4054.18,4052.72,4058.57,SL,-16.63,S429 BUY UT Bot Alerts,UT Bot cross + EMA200 trend filter
2026-08-04 07:50:00,2026-08-04 07:52:00,BUY,4057.56,4055.74,4063.02,SL,-20.21,S429 BUY UT Bot Alerts,UT Bot cross + EMA200 trend filter
2026-08-04 07:57:00,2026-08-04 08:03:00,SELL,4052.52,4052.52,4045.74,TP,65.82,S429 SELL UT Bot Alerts,UT Bot cross + EMA200 trend filter
2026-08-04 09:16:00,2026-08-04 09:23:00,BUY,4059.38,4057.56,4064.83,SL,-20.18,S429 BUY UT Bot Alerts,UT Bot cross + EMA200 trend filter
2026-08-04 09:36:00,2026-08-04 09:42:00,BUY,4060.36,4060.36,4067.23,SL,-2.0,S429 BUY UT Bot Alerts,UT Bot cross + EMA200 trend filter
2026-08-04 10:15:00,2026-08-04 10:23:00,BUY,4059.65,4059.65,4065.19,SL,-2.0,S429 BUY UT Bot Alerts,UT Bot cross + EMA200 trend filter
2026-08-04 10:57:00,2026-08-04 11:07:00,SELL,4053.68,4053.68,4049.96,SL,-2.0,S429 SELL UT Bot Alerts,UT Bot cross + EMA200 trend filter
2026-08-04 11:14:00,2026-08-04 11:19:00,BUY,4056.77,4056.77,4060.93,SL,-2.0,S429 BUY UT Bot Alerts,UT Bot cross + EMA200 trend filter
2026-08-04 12:17:00,2026-08-04 12:30:00,BUY,4059.3,4059.3,4064.53,TP,50.26,S429 BUY UT Bot Alerts,UT Bot cross + EMA200 trend filter
2026-08-04 12:45:00,2026-08-04 12:48:00,BUY,4063.08,4060.75,4070.08,SL,-25.32,S429 BUY UT Bot Alerts,UT Bot cross + EMA200 trend filter
2026-08-04 13:01:00,2026-08-04 13:08:00,BUY,4063.92,4063.92,4072.0,SL,-2.0,S429 BUY UT Bot Alerts,UT Bot cross + EMA200 trend filter
2026-08-04 13:23:00,2026-08-04 13:24:00,BUY,4064.26,4062.41,4069.8,SL,-20.48,S429 BUY UT Bot Alerts,UT Bot cross + EMA200 trend filter
2026-08-04 13:56:00,2026-08-04 13:58:00,SELL,4059.76,4061.72,4053.88,SL,-21.61,S429 SELL UT Bot Alerts,UT Bot cross + EMA200 trend filter
2026-08-04 14:01:00,2026-08-04 14:12:00,BUY,4065.09,4063.06,4071.18,SL,-22.31,S429 BUY UT Bot Alerts,UT Bot cross + EMA200 trend filter
2026-08-04 14:18:00,2026-08-04 14:27:00,BUY,4063.98,4063.98,4070.07,SL,-2.0,S429 BUY UT Bot Alerts,UT Bot cross + EMA200 trend filter
2026-08-04 14:48:00,2026-08-04 15:03:00,BUY,4064.83,4064.83,4071.6,TP,65.69,S429 BUY UT Bot Alerts,UT Bot cross + EMA200 trend filter
2026-08-04 16:35:00,2026-08-04 16:42:00,SELL,4047.35,4049.77,4040.08,SL,-26.25,S429 SELL UT Bot Alerts,UT Bot cross + EMA200 trend filter
2026-08-04 17:06:00,2026-08-04 17:11:00,SELL,4048.23,4048.23,4044.13,SL,-2.0,S429 SELL UT Bot Alerts,UT Bot cross + EMA200 trend filter
2026-08-04 17:42:00,2026-08-04 17:44:00,SELL,4048.22,4049.7,4043.77,SL,-16.83,S429 SELL UT Bot Alerts,UT Bot cross + EMA200 trend filter
2026-08-04 19:21:00,2026-08-04 19:26:00,BUY,4067.81,4067.81,4076.51,SL,-2.0,S429 BUY UT Bot Alerts,UT Bot cross + EMA200 trend filter
2026-08-04 20:20:00,2026-08-04 20:23:00,BUY,4072.93,4072.93,4083.39,TP,102.63,S429 BUY UT Bot Alerts,UT Bot cross + EMA200 trend filter
2026-08-04 21:27:00,2026-08-04 21:30:00,BUY,4086.02,4082.42,4096.83,SL,-38.03,S429 BUY UT Bot Alerts,UT Bot cross + EMA200 trend filter
2026-08-04 21:50:00,2026-08-04 22:17:00,BUY,4082.87,4078.58,4095.74,SL,-44.9,S429 BUY UT Bot Alerts,UT Bot cross + EMA200 trend filter
2026-08-04 22:38:00,2026-08-04 22:40:00,BUY,4084.0,4084.0,4093.19,SL,-2.0,S429 BUY UT Bot Alerts,UT Bot cross + EMA200 trend filter
2026-08-04 23:24:00,2026-08-04 23:30:00,BUY,4087.27,4087.27,4093.41,SL,-2.0,S429 BUY UT Bot Alerts,UT Bot cross + EMA200 trend filter
2026-08-04 23:42:00,2026-08-04 23:49:00,BUY,4087.74,4087.74,4092.68,TP,47.44,S429 BUY UT Bot Alerts,UT Bot cross + EMA200 trend filter
2026-08-05 00:45:00,2026-08-05 00:47:00,BUY,4095.87,4094.45,4100.12,SL,-16.15,S429 BUY UT Bot Alerts,UT Bot cross + EMA200 trend filter
2026-08-05 02:14:00,2026-08-05 02:17:00,SELL,4081.76,4083.52,4076.47,SL,-19.62,S429 SELL UT Bot Alerts,UT Bot cross + EMA200 trend filter
2026-08-05 02:48:00,2026-08-05 02:56:00,SELL,4080.31,4080.31,4076.43,TP,36.76,S429 SELL UT Bot Alerts,UT Bot cross + EMA200 trend filter
2026-08-05 03:16:00,2026-08-05 03:36:00,SELL,4077.77,4077.77,4074.44,SL,-2.0,S429 SELL UT Bot Alerts,UT Bot cross + EMA200 trend filter
2026-08-05 06:20:00,2026-08-05 06:49:00,SELL,4071.5,4071.5,4063.25,SL,-2.0,S429 SELL UT Bot Alerts,UT Bot cross + EMA200 trend filter
2026-08-05 07:00:00,2026-08-05 07:01:00,SELL,4070.61,4072.06,4066.27,SL,-16.47,S429 SELL UT Bot Alerts,UT Bot cross + EMA200 trend filter
2026-08-05 07:51:00,2026-08-05 08:00:00,BUY,4081.27,4081.27,4087.26,SL,-2.0,S429 BUY UT Bot Alerts,UT Bot cross + EMA200 trend filter
2026-08-05 08:10:00,2026-08-05 08:26:00,BUY,4084.51,4084.51,4095.12,SL,-2.0,S429 BUY UT Bot Alerts,UT Bot cross + EMA200 trend filter
2026-08-05 08:35:00,2026-08-05 08:55:00,BUY,4087.16,4087.16,4096.93,TP,95.65,S429 BUY UT Bot Alerts,UT Bot cross + EMA200 trend filter
2026-08-05 09:20:00,2026-08-05 09:28:00,BUY,4102.88,4102.88,4111.95,SL,-2.0,S429 BUY UT Bot Alerts,UT Bot cross + EMA200 trend filter
2026-08-05 10:08:00,2026-08-05 10:16:00,BUY,4133.52,4133.52,4144.14,SL,-2.0,S429 BUY UT Bot Alerts,UT Bot cross + EMA200 trend filter
2026-08-05 10:45:00,2026-08-05 10:48:00,BUY,4129.94,4128.34,4134.74,SL,-17.99,S429 BUY UT Bot Alerts,UT Bot cross + EMA200 trend filter
2026-08-05 12:02:00,2026-08-05 12:09:00,BUY,4136.08,4136.08,4141.32,SL,-2.0,S429 BUY UT Bot Alerts,UT Bot cross + EMA200 trend filter
2026-08-05 12:20:00,2026-08-05 12:25:00,BUY,4139.5,4139.5,4145.36,SL,-2.0,S429 BUY UT Bot Alerts,UT Bot cross + EMA200 trend filter
2026-08-05 13:08:00,2026-08-05 13:19:00,BUY,4166.77,4166.77,4180.26,SL,-2.0,S429 BUY UT Bot Alerts,UT Bot cross + EMA200 trend filter
2026-08-05 13:29:00,2026-08-05 14:08:00,BUY,4168.9,4168.9,4180.59,SL,-2.0,S429 BUY UT Bot Alerts,UT Bot cross + EMA200 trend filter
2026-08-05 14:44:00,2026-08-05 14:47:00,BUY,4166.66,4166.66,4172.89,SL,-2.0,S429 BUY UT Bot Alerts,UT Bot cross + EMA200 trend filter
2026-08-05 15:43:00,2026-08-05 15:45:00,BUY,4166.65,4164.5,4173.11,SL,-23.53,S429 BUY UT Bot Alerts,UT Bot cross + EMA200 trend filter
2026-08-05 15:58:00,2026-08-05 16:00:00,SELL,4159.2,4161.64,4151.88,SL,-26.41,S429 SELL UT Bot Alerts,UT Bot cross + EMA200 trend filter
2026-08-05 16:02:00,2026-08-05 16:13:00,BUY,4163.24,4163.24,4169.81,SL,-2.0,S429 BUY UT Bot Alerts,UT Bot cross + EMA200 trend filter
2026-08-05 16:15:00,2026-08-05 16:30:00,SELL,4161.52,4161.52,4155.1,TP,62.22,S429 SELL UT Bot Alerts,UT Bot cross + EMA200 trend filter
2026-08-05 17:02:00,2026-08-05 17:17:00,SELL,4153.49,4153.49,4144.95,SL,-2.0,S429 SELL UT Bot Alerts,UT Bot cross + EMA200 trend filter
2026-08-05 17:34:00,2026-08-05 17:55:00,SELL,4155.34,4157.55,4148.71,SL,-24.09,S429 SELL UT Bot Alerts,UT Bot cross + EMA200 trend filter
2026-08-05 19:36:00,2026-08-05 19:40:00,BUY,4203.23,4198.56,4217.23,SL,-48.68,S429 BUY UT Bot Alerts,UT Bot cross + EMA200 trend filter
2026-08-05 20:03:00,2026-08-05 20:12:00,BUY,4194.61,4190.32,4207.49,SL,-44.92,S429 BUY UT Bot Alerts,UT Bot cross + EMA200 trend filter
2026-08-05 20:21:00,2026-08-05 20:37:00,BUY,4194.58,4194.58,4207.03,SL,-2.0,S429 BUY UT Bot Alerts,UT Bot cross + EMA200 trend filter
2026-08-05 20:52:00,2026-08-05 21:05:00,BUY,4198.45,4198.45,4217.39,TP,187.39,S429 BUY UT Bot Alerts,UT Bot cross + EMA200 trend filter
2026-08-05 21:43:00,2026-08-05 21:51:00,BUY,4241.58,4241.58,4259.82,SL,-2.0,S429 BUY UT Bot Alerts,UT Bot cross + EMA200 trend filter
2026-08-05 22:00:00,2026-08-05 22:50:00,BUY,4249.12,4249.12,4266.44,SL,-2.0,S429 BUY UT Bot Alerts,UT Bot cross + EMA200 trend filter
2026-08-05 23:06:00,2026-08-06 00:34:00,BUY,4231.66,4231.66,4247.91,TP,160.55,S429 BUY UT Bot Alerts,UT Bot cross + EMA200 trend filter
2026-08-06 01:18:00,2026-08-06 01:22:00,BUY,4256.3,4256.3,4263.05,TP,65.53,S429 BUY UT Bot Alerts,UT Bot cross + EMA200 trend filter
2026-08-06 01:42:00,2026-08-06 02:00:00,BUY,4260.15,4260.15,4269.37,SL,-2.0,S429 BUY UT Bot Alerts,UT Bot cross + EMA200 trend filter
2026-08-06 02:24:00,2026-08-06 02:28:00,BUY,4255.43,4252.9,4263.03,SL,-27.33,S429 BUY UT Bot Alerts,UT Bot cross + EMA200 trend filter
2026-08-06 02:40:00,2026-08-06 02:47:00,BUY,4252.93,4250.28,4260.88,SL,-28.51,S429 BUY UT Bot Alerts,UT Bot cross + EMA200 trend filter
2026-08-06 02:48:00,2026-08-06 02:56:00,SELL,4248.89,4248.89,4241.71,SL,-2.0,S429 SELL UT Bot Alerts,UT Bot cross + EMA200 trend filter
2026-08-06 03:39:00,2026-08-06 05:02:00,SELL,4246.79,4246.79,4242.62,SL,-2.0,S429 SELL UT Bot Alerts,UT Bot cross + EMA200 trend filter
2026-08-06 05:44:00,2026-08-06 05:52:00,SELL,4248.19,4249.23,4245.06,REV,-12.3,S429 SELL UT Bot Alerts,UT Bot cross + EMA200 trend filter
2026-08-06 05:52:00,2026-08-06 05:56:00,BUY,4249.22,4248.11,4252.56,SL,-13.14,S429 BUY UT Bot Alerts,UT Bot cross + EMA200 trend filter
2026-08-06 07:08:00,2026-08-06 07:10:00,BUY,4277.04,4270.97,4295.24,SL,-62.66,S429 BUY UT Bot Alerts,UT Bot cross + EMA200 trend filter
2026-08-06 07:33:00,2026-08-06 07:36:00,BUY,4284.12,4284.12,4301.72,SL,-2.0,S429 BUY UT Bot Alerts,UT Bot cross + EMA200 trend filter
2026-08-06 08:26:00,2026-08-06 08:28:00,BUY,4285.5,4279.21,4304.37,SL,-64.91,S429 BUY UT Bot Alerts,UT Bot cross + EMA200 trend filter
2026-08-06 08:31:00,2026-08-06 08:46:00,BUY,4286.36,4286.36,4308.22,SL,-2.0,S429 BUY UT Bot Alerts,UT Bot cross + EMA200 trend filter
2026-08-06 09:03:00,2026-08-06 09:11:00,BUY,4293.36,4293.36,4306.62,SL,-2.0,S429 BUY UT Bot Alerts,UT Bot cross + EMA200 trend filter
2026-08-06 10:13:00,2026-08-06 10:17:00,SELL,4275.11,4275.11,4264.83,TP,100.82,S429 SELL UT Bot Alerts,UT Bot cross + EMA200 trend filter
2026-08-06 11:00:00,2026-08-06 11:05:00,SELL,4263.3,4265.72,4256.03,SL,-26.25,S429 SELL UT Bot Alerts,UT Bot cross + EMA200 trend filter
2026-08-06 11:19:00,2026-08-06 11:29:00,SELL,4261.68,4261.68,4254.47,TP,70.1,S429 SELL UT Bot Alerts,UT Bot cross + EMA200 trend filter
2026-08-06 12:04:00,2026-08-06 12:25:00,SELL,4260.71,4260.71,4253.36,TP,71.48,S429 SELL UT Bot Alerts,UT Bot cross + EMA200 trend filter
2026-08-06 13:09:00,2026-08-06 13:32:00,SELL,4262.7,4262.7,4254.44,TP,80.64,S429 SELL UT Bot Alerts,UT Bot cross + EMA200 trend filter
2026-08-06 13:51:00,2026-08-06 13:59:00,SELL,4253.08,4256.02,4244.27,SL,-31.37,S429 SELL UT Bot Alerts,UT Bot cross + EMA200 trend filter
2026-08-06 14:34:00,2026-08-06 14:45:00,SELL,4259.93,4259.93,4253.45,TP,62.8,S429 SELL UT Bot Alerts,UT Bot cross + EMA200 trend filter
2026-08-06 15:30:00,2026-08-06 16:00:00,BUY,4270.08,4270.08,4280.48,TP,102.01,S429 BUY UT Bot Alerts,UT Bot cross + EMA200 trend filter
2026-08-06 17:36:00,2026-08-06 17:47:00,SELL,4267.8,4267.8,4261.43,SL,-2.0,S429 SELL UT Bot Alerts,UT Bot cross + EMA200 trend filter
2026-08-06 18:04:00,2026-08-06 18:08:00,SELL,4268.61,4268.61,4261.33,SL,-2.0,S429 SELL UT Bot Alerts,UT Bot cross + EMA200 trend filter
2026-08-06 18:16:00,2026-08-06 18:18:00,BUY,4270.88,4267.91,4279.8,SL,-31.72,S429 BUY UT Bot Alerts,UT Bot cross + EMA200 trend filter
2026-08-06 18:21:00,2026-08-06 18:30:00,SELL,4264.9,4264.9,4256.94,SL,-2.0,S429 SELL UT Bot Alerts,UT Bot cross + EMA200 trend filter
2026-08-06 18:42:00,2026-08-06 18:47:00,SELL,4260.44,4260.44,4251.71,SL,-2.0,S429 SELL UT Bot Alerts,UT Bot cross + EMA200 trend filter
2026-08-06 19:09:00,2026-08-06 19:20:00,SELL,4257.72,4257.72,4246.81,SL,-2.0,S429 SELL UT Bot Alerts,UT Bot cross + EMA200 trend filter
2026-08-06 19:46:00,2026-08-06 19:50:00,SELL,4264.39,4264.39,4253.82,TP,103.69,S429 SELL UT Bot Alerts,UT Bot cross + EMA200 trend filter
2026-08-06 21:30:00,2026-08-06 21:48:00,BUY,4268.72,4268.72,4282.72,SL,-2.0,S429 BUY UT Bot Alerts,UT Bot cross + EMA200 trend filter
2026-08-06 21:54:00,2026-08-06 22:01:00,BUY,4270.79,4270.79,4282.63,SL,-2.0,S429 BUY UT Bot Alerts,UT Bot cross + EMA200 trend filter
2026-08-06 23:13:00,2026-08-06 23:30:00,SELL,4231.95,4231.95,4216.18,SL,-2.0,S429 SELL UT Bot Alerts,UT Bot cross + EMA200 trend filter
2026-08-07 00:15:00,2026-08-07 00:20:00,SELL,4239.34,4241.88,4231.72,SL,-27.39,S429 SELL UT Bot Alerts,UT Bot cross + EMA200 trend filter
2026-08-07 00:47:00,2026-08-07 00:48:00,SELL,4240.55,4242.35,4235.15,SL,-20.01,S429 SELL UT Bot Alerts,UT Bot cross + EMA200 trend filter
2026-08-07 01:03:00,2026-08-07 01:05:00,SELL,4244.2,4246.47,4237.39,SL,-24.7,S429 SELL UT Bot Alerts,UT Bot cross + EMA200 trend filter
2026-08-07 01:07:00,2026-08-07 01:22:00,BUY,4247.63,4247.63,4253.6,SL,-2.0,S429 BUY UT Bot Alerts,UT Bot cross + EMA200 trend filter
2026-08-07 01:32:00,2026-08-07 01:49:00,SELL,4244.66,4244.66,4239.31,SL,-2.0,S429 SELL UT Bot Alerts,UT Bot cross + EMA200 trend filter
2026-08-07 03:13:00,2026-08-07 03:15:00,SELL,4243.46,4245.33,4237.84,SL,-20.72,S429 SELL UT Bot Alerts,UT Bot cross + EMA200 trend filter
2026-08-07 03:40:00,2026-08-07 03:46:00,SELL,4237.29,4237.29,4232.99,SL,-2.0,S429 SELL UT Bot Alerts,UT Bot cross + EMA200 trend filter
2026-08-07 05:03:00,2026-08-07 05:05:00,SELL,4235.99,4238.12,4229.59,SL,-23.33,S429 SELL UT Bot Alerts,UT Bot cross + EMA200 trend filter
2026-08-07 05:35:00,2026-08-07 05:45:00,SELL,4240.84,4240.84,4236.21,SL,-2.0,S429 SELL UT Bot Alerts,UT Bot cross + EMA200 trend filter
2026-08-07 05:56:00,2026-08-07 06:02:00,SELL,4241.08,4242.35,4237.26,SL,-14.74,S429 SELL UT Bot Alerts,UT Bot cross + EMA200 trend filter
2026-08-07 06:02:00,2026-08-07 06:03:00,BUY,4242.5,4241.54,4245.39,SL,-11.64,S429 BUY UT Bot Alerts,UT Bot cross + EMA200 trend filter
2026-08-07 06:47:00,2026-08-07 07:00:00,BUY,4248.25,4248.25,4253.29,SL,-2.0,S429 BUY UT Bot Alerts,UT Bot cross + EMA200 trend filter
2026-08-07 08:25:00,2026-08-07 08:27:00,SELL,4240.25,4244.1,4228.69,SL,-40.54,S429 SELL UT Bot Alerts,UT Bot cross + EMA200 trend filter
2026-08-07 08:40:00,2026-08-07 09:45:00,BUY,4248.96,4248.96,4262.93,SL,-2.0,S429 BUY UT Bot Alerts,UT Bot cross + EMA200 trend filter
2026-08-07 09:56:00,2026-08-07 09:57:00,BUY,4254.95,4251.9,4264.1,SL,-32.51,S429 BUY UT Bot Alerts,UT Bot cross + EMA200 trend filter
2026-08-07 10:29:00,2026-08-07 10:35:00,BUY,4258.64,4258.64,4266.37,SL,-2.0,S429 BUY UT Bot Alerts,UT Bot cross + EMA200 trend filter
2026-08-07 10:57:00,2026-08-07 10:59:00,BUY,4261.56,4261.56,4266.15,TP,43.93,S429 BUY UT Bot Alerts,UT Bot cross + EMA200 trend filter
2026-08-07 11:21:00,2026-08-07 11:26:00,BUY,4264.44,4264.44,4271.45,SL,-2.0,S429 BUY UT Bot Alerts,UT Bot cross + EMA200 trend filter
2026-08-07 11:50:00,2026-08-07 12:01:00,BUY,4265.97,4263.75,4272.63,SL,-24.2,S429 BUY UT Bot Alerts,UT Bot cross + EMA200 trend filter
2026-08-07 12:10:00,2026-08-07 12:23:00,BUY,4269.77,4266.86,4278.51,SL,-31.14,S429 BUY UT Bot Alerts,UT Bot cross + EMA200 trend filter
2026-08-07 12:32:00,2026-08-07 12:40:00,BUY,4271.64,4271.64,4280.38,SL,-2.0,S429 BUY UT Bot Alerts,UT Bot cross + EMA200 trend filter
2026-08-07 13:33:00,2026-08-07 13:57:00,BUY,4286.93,4286.93,4297.11,TP,99.83,S429 BUY UT Bot Alerts,UT Bot cross + EMA200 trend filter
2026-08-07 13:58:00,2026-08-07 14:00:00,BUY,4298.15,4294.95,4307.75,SL,-34.0,S429 BUY UT Bot Alerts,UT Bot cross + EMA200 trend filter
2026-08-07 14:55:00,2026-08-07 15:13:00,BUY,4290.25,4290.25,4299.1,TP,86.49,S429 BUY UT Bot Alerts,UT Bot cross + EMA200 trend filter
2026-08-07 15:31:00,2026-08-07 15:33:00,BUY,4299.92,4296.91,4308.94,TP,88.16,S429 BUY UT Bot Alerts,UT Bot cross + EMA200 trend filter
2026-08-07 16:21:00,2026-08-07 16:25:00,BUY,4309.28,4309.28,4315.98,SL,-2.0,S429 BUY UT Bot Alerts,UT Bot cross + EMA200 trend filter
2026-08-07 16:39:00,2026-08-07 16:44:00,BUY,4308.76,4308.76,4317.75,TP,87.9,S429 BUY UT Bot Alerts,UT Bot cross + EMA200 trend filter
2026-08-07 17:19:00,2026-08-07 18:03:00,BUY,4313.5,4313.5,4321.91,TP,82.09,S429 BUY UT Bot Alerts,UT Bot cross + EMA200 trend filter
2026-08-07 18:23:00,2026-08-07 18:28:00,BUY,4324.71,4324.71,4334.88,SL,-2.0,S429 BUY UT Bot Alerts,UT Bot cross + EMA200 trend filter
2026-08-07 18:50:00,2026-08-07 18:51:00,BUY,4326.28,4323.75,4333.88,SL,-27.32,S429 BUY UT Bot Alerts,UT Bot cross + EMA200 trend filter
2026-08-07 19:11:00,2026-08-07 19:13:00,BUY,4322.63,4318.6,4334.72,SL,-42.29,S429 BUY UT Bot Alerts,UT Bot cross + EMA200 trend filter
2026-08-07 19:30:00,2026-08-07 19:33:00,BUY,4352.7,4352.7,4381.52,SL,-2.0,S429 BUY UT Bot Alerts,UT Bot cross + EMA200 trend filter
2026-08-07 20:20:00,2026-08-07 20:41:00,BUY,4349.74,4349.74,4366.4,TP,164.56,S429 BUY UT Bot Alerts,UT Bot cross + EMA200 trend filter
2026-08-07 21:18:00,2026-08-07 21:30:00,BUY,4345.85,4345.85,4369.95,SL,-2.0,S429 BUY UT Bot Alerts,UT Bot cross + EMA200 trend filter
2026-08-07 22:10:00,2026-08-07 22:30:00,BUY,4350.85,4350.85,4367.91,SL,-2.0,S429 BUY UT Bot Alerts,UT Bot cross + EMA200 trend filter
2026-08-07 23:06:00,2026-08-07 23:11:00,BUY,4345.43,4345.43,4355.79,SL,-2.0,S429 BUY UT Bot Alerts,UT Bot cross + EMA200 trend filter
2026-08-07 23:19:00,2026-08-07 23:20:00,SELL,4342.29,4345.45,4332.81,SL,-33.6,S429 SELL UT Bot Alerts,UT Bot cross + EMA200 trend filter
2026-08-07 23:51:00,2026-08-08 00:05:00,SELL,4336.06,4336.06,4324.4,SL,-2.0,S429 SELL UT Bot Alerts,UT Bot cross + EMA200 trend filter
2026-08-08 00:35:00,2026-08-08 00:38:00,SELL,4333.16,4333.16,4321.6,SL,-2.0,S429 SELL UT Bot Alerts,UT Bot cross + EMA200 trend filter
2026-08-08 01:13:00,2026-08-08 01:16:00,SELL,4337.74,4337.74,4331.01,SL,-2.0,S429 SELL UT Bot Alerts,UT Bot cross + EMA200 trend filter
2026-08-08 01:44:00,2026-08-08 01:45:00,SELL,4334.25,4336.36,4327.92,SL,-23.09,S429 SELL UT Bot Alerts,UT Bot cross + EMA200 trend filter
2026-08-08 02:45:00,2026-08-08 02:53:00,BUY,4348.83,4346.56,4355.63,SL,-24.68,S429 BUY UT Bot Alerts,UT Bot cross + EMA200 trend filter
2026-08-08 02:58:00,2026-08-08 03:09:00,BUY,4344.11,4341.35,4352.39,REV,-26.7,S429 BUY UT Bot Alerts,UT Bot cross + EMA200 trend filter
2026-08-08 03:09:00,2026-08-08 03:13:00,SELL,4341.64,4341.64,4334.49,SL,-2.0,S429 SELL UT Bot Alerts,UT Bot cross + EMA200 trend filter
2026-08-08 03:48:00,2026-08-08 03:57:00,SELL,4339.71,4341.4,4334.65,SL,-18.88,S429 SELL UT Bot Alerts,UT Bot cross + EMA200 trend filter
2026-08-08 03:57:00,2026-08-10 05:05:00,BUY,4341.83,4340.14,4346.89,SL,-18.86,S429 BUY UT Bot Alerts,UT Bot cross + EMA200 trend filter
2026-08-10 05:06:00,2026-08-10 05:09:00,SELL,4336.58,4338.94,4329.49,SL,-25.63,S429 SELL UT Bot Alerts,UT Bot cross + EMA200 trend filter
2026-08-10 05:25:00,2026-08-10 05:34:00,BUY,4341.49,4341.49,4349.53,SL,-2.0,S429 BUY UT Bot Alerts,UT Bot cross + EMA200 trend filter
2026-08-10 05:37:00,2026-08-10 05:48:00,SELL,4340.46,4342.99,4332.87,SL,-27.29,S429 SELL UT Bot Alerts,UT Bot cross + EMA200 trend filter
2026-08-10 05:48:00,2026-08-10 05:56:00,BUY,4343.17,4341.5,4348.18,SL,-18.69,S429 BUY UT Bot Alerts,UT Bot cross + EMA200 trend filter
2026-08-10 06:02:00,2026-08-10 06:18:00,BUY,4344.52,4344.52,4348.81,SL,-2.0,S429 BUY UT Bot Alerts,UT Bot cross + EMA200 trend filter
2026-08-10 06:23:00,2026-08-10 06:28:00,BUY,4348.41,4346.87,4353.02,SL,-17.36,S429 BUY UT Bot Alerts,UT Bot cross + EMA200 trend filter
2026-08-10 07:25:00,2026-08-10 07:40:00,SELL,4337.84,4337.84,4326.81,SL,-2.0,S429 SELL UT Bot Alerts,UT Bot cross + EMA200 trend filter
2026-08-10 08:05:00,2026-08-10 08:50:00,SELL,4322.82,4322.82,4305.38,SL,-2.0,S429 SELL UT Bot Alerts,UT Bot cross + EMA200 trend filter
2026-08-10 09:40:00,2026-08-10 09:42:00,SELL,4324.91,4328.19,4315.06,SL,-34.85,S429 SELL UT Bot Alerts,UT Bot cross + EMA200 trend filter
2026-08-10 09:53:00,2026-08-10 10:15:00,SELL,4320.37,4320.37,4310.78,SL,-2.0,S429 SELL UT Bot Alerts,UT Bot cross + EMA200 trend filter
2026-08-10 10:38:00,2026-08-10 10:50:00,SELL,4325.92,4328.3,4318.77,REV,-18.4,S429 SELL UT Bot Alerts,UT Bot cross + EMA200 trend filter
2026-08-10 10:50:00,2026-08-10 11:01:00,BUY,4327.56,4325.73,4333.06,SL,-20.32,S429 BUY UT Bot Alerts,UT Bot cross + EMA200 trend filter
2026-08-10 11:02:00,2026-08-10 11:04:00,SELL,4324.74,4324.74,4319.52,SL,-2.0,S429 SELL UT Bot Alerts,UT Bot cross + EMA200 trend filter
2026-08-10 11:10:00,2026-08-10 11:41:00,BUY,4330.06,4330.06,4337.68,SL,-2.0,S429 BUY UT Bot Alerts,UT Bot cross + EMA200 trend filter
2026-08-10 11:46:00,2026-08-10 12:12:00,BUY,4333.86,4333.86,4341.53,SL,-2.0,S429 BUY UT Bot Alerts,UT Bot cross + EMA200 trend filter
2026-08-10 12:20:00,2026-08-10 12:30:00,BUY,4335.1,4333.16,4340.91,SL,-21.38,S429 BUY UT Bot Alerts,UT Bot cross + EMA200 trend filter
2026-08-10 13:12:00,2026-08-10 13:17:00,BUY,4349.51,4346.58,4358.29,SL,-31.27,S429 BUY UT Bot Alerts,UT Bot cross + EMA200 trend filter
2026-08-10 13:29:00,2026-08-10 13:45:00,BUY,4348.31,4348.31,4356.13,TP,76.17,S429 BUY UT Bot Alerts,UT Bot cross + EMA200 trend filter
2026-08-10 14:17:00,2026-08-10 14:20:00,BUY,4355.98,4353.33,4363.92,SL,-28.48,S429 BUY UT Bot Alerts,UT Bot cross + EMA200 trend filter
2026-08-10 14:38:00,2026-08-10 14:49:00,BUY,4357.87,4357.87,4366.62,SL,-2.0,S429 BUY UT Bot Alerts,UT Bot cross + EMA200 trend filter
2026-08-10 15:18:00,2026-08-10 15:24:00,BUY,4355.02,4352.93,4361.3,SL,-22.92,S429 BUY UT Bot Alerts,UT Bot cross + EMA200 trend filter
2026-08-10 16:30:00,2026-08-10 16:33:00,SELL,4343.6,4343.6,4337.69,SL,-2.0,S429 SELL UT Bot Alerts,UT Bot cross + EMA200 trend filter
2026-08-10 16:49:00,2026-08-10 16:54:00,SELL,4342.47,4342.47,4336.53,SL,-2.0,S429 SELL UT Bot Alerts,UT Bot cross + EMA200 trend filter
2026-08-10 17:35:00,2026-08-10 17:39:00,SELL,4340.72,4340.72,4335.55,SL,-2.0,S429 SELL UT Bot Alerts,UT Bot cross + EMA200 trend filter
2026-08-10 17:58:00,2026-08-10 18:13:00,SELL,4335.72,4335.72,4329.77,TP,57.5,S429 SELL UT Bot Alerts,UT Bot cross + EMA200 trend filter
2026-08-10 18:35:00,2026-08-10 18:38:00,SELL,4336.04,4338.22,4329.5,SL,-23.8,S429 SELL UT Bot Alerts,UT Bot cross + EMA200 trend filter
2026-08-10 18:48:00,2026-08-10 18:50:00,SELL,4333.67,4333.67,4327.13,SL,-2.0,S429 SELL UT Bot Alerts,UT Bot cross + EMA200 trend filter
2026-08-10 20:00:00,2026-08-10 20:05:00,SELL,4330.55,4330.55,4321.61,SL,-2.0,S429 SELL UT Bot Alerts,UT Bot cross + EMA200 trend filter
2026-08-10 20:22:00,2026-08-10 20:26:00,SELL,4330.26,4333.71,4319.92,SL,-36.46,S429 SELL UT Bot Alerts,UT Bot cross + EMA200 trend filter
2026-08-10 20:43:00,2026-08-10 20:58:00,SELL,4332.58,4332.58,4319.25,TP,131.33,S429 SELL UT Bot Alerts,UT Bot cross + EMA200 trend filter
2026-08-10 22:03:00,2026-08-10 22:08:00,BUY,4349.07,4349.07,4357.62,SL,-2.0,S429 BUY UT Bot Alerts,UT Bot cross + EMA200 trend filter
2026-08-10 23:59:00,2026-08-11 00:04:00,BUY,4356.84,4354.54,4363.73,SL,-24.97,S429 BUY UT Bot Alerts,UT Bot cross + EMA200 trend filter
2026-08-11 00:10:00,2026-08-11 00:35:00,BUY,4356.81,4356.81,4363.36,TP,63.51,S429 BUY UT Bot Alerts,UT Bot cross + EMA200 trend filter
2026-08-11 00:49:00,2026-08-11 00:55:00,BUY,4360.57,4358.5,4366.78,SL,-22.7,S429 BUY UT Bot Alerts,UT Bot cross + EMA200 trend filter
2026-08-11 02:00:00,2026-08-11 02:24:00,BUY,4379.79,4379.79,4386.66,TP,66.69,S429 BUY UT Bot Alerts,UT Bot cross + EMA200 trend filter
2026-08-11 02:48:00,2026-08-11 02:55:00,BUY,4394.08,4391.12,4402.95,SL,-31.57,S429 BUY UT Bot Alerts,UT Bot cross + EMA200 trend filter
2026-08-11 03:12:00,2026-08-11 03:19:00,BUY,4389.94,4389.94,4395.45,SL,-2.0,S429 BUY UT Bot Alerts,UT Bot cross + EMA200 trend filter
2026-08-11 03:24:00,2026-08-11 03:56:00,BUY,4388.53,4388.53,4393.6,SL,-2.0,S429 BUY UT Bot Alerts,UT Bot cross + EMA200 trend filter
2026-08-11 05:07:00,2026-08-11 05:13:00,BUY,4391.58,4391.58,4396.38,SL,-2.0,S429 BUY UT Bot Alerts,UT Bot cross + EMA200 trend filter
2026-08-11 06:31:00,2026-08-11 06:37:00,BUY,4395.89,4395.89,4398.7,TP,26.09,S429 BUY UT Bot Alerts,UT Bot cross + EMA200 trend filter
2026-08-11 06:55:00,2026-08-11 07:01:00,BUY,4400.27,4400.27,4405.42,SL,-2.0,S429 BUY UT Bot Alerts,UT Bot cross + EMA200 trend filter
2026-08-11 07:10:00,2026-08-11 07:12:00,BUY,4407.19,4404.12,4416.41,SL,-32.73,S429 BUY UT Bot Alerts,UT Bot cross + EMA200 trend filter
2026-08-11 07:44:00,2026-08-11 07:47:00,BUY,4414.07,4414.07,4422.41,SL,-2.0,S429 BUY UT Bot Alerts,UT Bot cross + EMA200 trend filter
2026-08-11 08:11:00,2026-08-11 08:45:00,BUY,4415.02,4415.02,4436.09,SL,-2.0,S429 BUY UT Bot Alerts,UT Bot cross + EMA200 trend filter
2026-08-11 08:49:00,2026-08-11 09:00:00,BUY,4426.47,4426.47,4440.16,SL,-2.0,S429 BUY UT Bot Alerts,UT Bot cross + EMA200 trend filter
2026-08-11 09:13:00,2026-08-11 09:22:00,BUY,4432.63,4428.31,4445.59,SL,-45.21,S429 BUY UT Bot Alerts,UT Bot cross + EMA200 trend filter
2026-08-11 10:15:00,2026-08-11 10:23:00,BUY,4415.52,4415.52,4423.88,SL,-2.0,S429 BUY UT Bot Alerts,UT Bot cross + EMA200 trend filter
2026-08-11 11:02:00,2026-08-11 11:06:00,BUY,4419.38,4417.19,4425.95,SL,-23.89,S429 BUY UT Bot Alerts,UT Bot cross + EMA200 trend filter
2026-08-11 11:28:00,2026-08-11 11:30:00,BUY,4415.21,4412.69,4422.77,SL,-27.2,S429 BUY UT Bot Alerts,UT Bot cross + EMA200 trend filter
2026-08-11 11:30:00,2026-08-11 11:31:00,SELL,4412.66,4415.23,4404.95,SL,-27.71,S429 SELL UT Bot Alerts,UT Bot cross + EMA200 trend filter
2026-08-11 13:13:00,2026-08-11 13:28:00,SELL,4378.55,4378.55,4366.98,TP,113.68,S429 SELL UT Bot Alerts,UT Bot cross + EMA200 trend filter
2026-08-11 13:44:00,2026-08-11 13:56:00,SELL,4363.69,4363.69,4352.16,SL,-2.0,S429 SELL UT Bot Alerts,UT Bot cross + EMA200 trend filter
2026-08-11 14:31:00,2026-08-11 14:51:00,SELL,4360.83,4360.83,4350.67,SL,-2.0,S429 SELL UT Bot Alerts,UT Bot cross + EMA200 trend filter
2026-08-11 15:16:00,2026-08-11 15:19:00,SELL,4362.85,4362.85,4356.01,SL,-2.0,S429 SELL UT Bot Alerts,UT Bot cross + EMA200 trend filter
2026-08-11 16:13:00,2026-08-11 16:21:00,BUY,4372.45,4372.45,4379.2,SL,-2.0,S429 BUY UT Bot Alerts,UT Bot cross + EMA200 trend filter
2026-08-11 16:44:00,2026-08-11 16:48:00,SELL,4370.54,4373.13,4362.78,SL,-27.86,S429 SELL UT Bot Alerts,UT Bot cross + EMA200 trend filter
2026-08-11 16:48:00,2026-08-11 16:51:00,BUY,4374.2,4371.94,4380.98,SL,-24.6,S429 BUY UT Bot Alerts,UT Bot cross + EMA200 trend filter
2026-08-11 17:19:00,2026-08-11 17:22:00,SELL,4372.46,4374.41,4366.6,SL,-21.53,S429 SELL UT Bot Alerts,UT Bot cross + EMA200 trend filter
2026-08-11 17:22:00,2026-08-11 17:59:00,BUY,4375.96,4375.96,4381.97,TP,58.07,S429 BUY UT Bot Alerts,UT Bot cross + EMA200 trend filter
2026-08-11 18:45:00,2026-08-11 18:46:00,BUY,4388.07,4385.92,4394.51,SL,-23.48,S429 BUY UT Bot Alerts,UT Bot cross + EMA200 trend filter
2026-08-11 19:06:00,2026-08-11 19:23:00,BUY,4391.63,4391.63,4401.76,SL,-2.0,S429 BUY UT Bot Alerts,UT Bot cross + EMA200 trend filter
2026-08-11 19:41:00,2026-08-11 19:52:00,BUY,4395.36,4395.36,4407.33,SL,-2.0,S429 BUY UT Bot Alerts,UT Bot cross + EMA200 trend filter
2026-08-11 20:02:00,2026-08-11 20:04:00,BUY,4397.86,4394.66,4407.45,SL,-33.98,S429 BUY UT Bot Alerts,UT Bot cross + EMA200 trend filter
2026-08-11 20:21:00,2026-08-11 20:31:00,BUY,4399.81,4395.72,4412.09,SL,-42.94,S429 BUY UT Bot Alerts,UT Bot cross + EMA200 trend filter
2026-08-11 20:40:00,2026-08-11 20:48:00,BUY,4401.11,4395.95,4416.59,SL,-53.6,S429 BUY UT Bot Alerts,UT Bot cross + EMA200 trend filter
2026-08-11 21:34:00,2026-08-11 22:08:00,BUY,4390.69,4390.69,4403.0,SL,-2.0,S429 BUY UT Bot Alerts,UT Bot cross + EMA200 trend filter
2026-08-11 23:06:00,2026-08-11 23:22:00,SELL,4379.55,4382.48,4370.77,SL,-31.27,S429 SELL UT Bot Alerts,UT Bot cross + EMA200 trend filter
2026-08-11 23:32:00,2026-08-11 23:34:00,SELL,4379.5,4381.89,4372.35,SL,-25.85,S429 SELL UT Bot Alerts,UT Bot cross + EMA200 trend filter
2026-08-12 00:14:00,2026-08-12 00:17:00,SELL,4381.17,4383.56,4373.99,SL,-25.95,S429 SELL UT Bot Alerts,UT Bot cross + EMA200 trend filter
2026-08-12 00:30:00,2026-08-12 00:57:00,SELL,4379.21,4379.21,4369.72,TP,92.92,S429 SELL UT Bot Alerts,UT Bot cross + EMA200 trend filter
2026-08-12 01:21:00,2026-08-12 01:31:00,SELL,4363.32,4363.32,4354.53,SL,-2.0,S429 SELL UT Bot Alerts,UT Bot cross + EMA200 trend filter
2026-08-12 01:55:00,2026-08-12 02:00:00,SELL,4370.54,4372.01,4366.13,SL,-16.71,S429 SELL UT Bot Alerts,UT Bot cross + EMA200 trend filter
2026-08-12 02:43:00,2026-08-12 02:49:00,SELL,4367.49,4369.73,4360.76,SL,-24.43,S429 SELL UT Bot Alerts,UT Bot cross + EMA200 trend filter
2026-08-12 03:01:00,2026-08-12 03:25:00,SELL,4369.9,4369.9,4362.32,SL,-2.0,S429 SELL UT Bot Alerts,UT Bot cross + EMA200 trend filter
2026-08-12 03:41:00,2026-08-12 03:55:00,SELL,4368.45,4368.45,4365.39,SL,-2.0,S429 SELL UT Bot Alerts,UT Bot cross + EMA200 trend filter
2026-08-12 06:33:00,2026-08-12 06:56:00,SELL,4367.64,4370.73,4358.36,SL,-32.94,S429 SELL UT Bot Alerts,UT Bot cross + EMA200 trend filter
2026-08-12 07:00:00,2026-08-12 07:02:00,SELL,4368.81,4368.81,4364.19,SL,-2.0,S429 SELL UT Bot Alerts,UT Bot cross + EMA200 trend filter
2026-08-12 07:12:00,2026-08-12 07:15:00,BUY,4374.63,4374.63,4383.36,SL,-2.0,S429 BUY UT Bot Alerts,UT Bot cross + EMA200 trend filter
2026-08-12 08:03:00,2026-08-12 08:48:00,BUY,4384.28,4384.28,4394.52,TP,100.41,S429 BUY UT Bot Alerts,UT Bot cross + EMA200 trend filter
2026-08-12 09:10:00,2026-08-12 09:32:00,BUY,4399.03,4399.03,4406.59,SL,-2.0,S429 BUY UT Bot Alerts,UT Bot cross + EMA200 trend filter
2026-08-12 09:40:00,2026-08-12 09:45:00,BUY,4401.58,4401.58,4408.15,TP,63.73,S429 BUY UT Bot Alerts,UT Bot cross + EMA200 trend filter
2026-08-12 10:07:00,2026-08-12 10:14:00,BUY,4414.17,4411.57,4421.97,SL,-27.99,S429 BUY UT Bot Alerts,UT Bot cross + EMA200 trend filter
2026-08-12 11:40:00,2026-08-12 11:42:00,SELL,4396.2,4397.94,4390.97,SL,-19.43,S429 SELL UT Bot Alerts,UT Bot cross + EMA200 trend filter
2026-08-12 11:44:00,2026-08-12 11:54:00,BUY,4400.02,4400.02,4405.82,SL,-2.0,S429 BUY UT Bot Alerts,UT Bot cross + EMA200 trend filter
2026-08-12 13:05:00,2026-08-12 13:18:00,SELL,4387.01,4390.22,4377.39,SL,-34.06,S429 SELL UT Bot Alerts,UT Bot cross + EMA200 trend filter
2026-08-12 14:27:00,2026-08-12 14:42:00,BUY,4401.88,4401.88,4407.57,TP,54.89,S429 BUY UT Bot Alerts,UT Bot cross + EMA200 trend filter
2026-08-12 15:01:00,2026-08-12 15:08:00,BUY,4408.13,4408.13,4415.47,SL,-2.0,S429 BUY UT Bot Alerts,UT Bot cross + EMA200 trend filter
2026-08-12 15:22:00,2026-08-12 15:26:00,BUY,4409.11,4407.32,4414.46,SL,-19.85,S429 BUY UT Bot Alerts,UT Bot cross + EMA200 trend filter
2026-08-12 16:02:00,2026-08-12 16:10:00,BUY,4405.29,4405.29,4410.0,TP,45.09,S429 BUY UT Bot Alerts,UT Bot cross + EMA200 trend filter
2026-08-12 16:57:00,2026-08-12 17:38:00,BUY,4415.24,4415.24,4422.83,SL,-2.0,S429 BUY UT Bot Alerts,UT Bot cross + EMA200 trend filter
2026-08-12 17:59:00,2026-08-12 18:02:00,BUY,4412.75,4412.75,4420.19,SL,-2.0,S429 BUY UT Bot Alerts,UT Bot cross + EMA200 trend filter
2026-08-12 18:05:00,2026-08-12 18:20:00,SELL,4410.39,4410.39,4403.9,SL,-2.0,S429 SELL UT Bot Alerts,UT Bot cross + EMA200 trend filter
2026-08-12 18:26:00,2026-08-12 18:36:00,BUY,4411.82,4411.82,4417.33,SL,-2.0,S429 BUY UT Bot Alerts,UT Bot cross + EMA200 trend filter
2026-08-12 18:41:00,2026-08-12 18:57:00,BUY,4413.39,4413.39,4420.39,SL,-2.0,S429 BUY UT Bot Alerts,UT Bot cross + EMA200 trend filter
2026-08-12 19:01:00,2026-08-12 19:11:00,SELL,4411.3,4411.3,4406.43,TP,46.73,S429 SELL UT Bot Alerts,UT Bot cross + EMA200 trend filter
2026-08-12 19:27:00,2026-08-12 19:29:00,BUY,4412.92,4412.92,4422.67,TP,95.52,S429 BUY UT Bot Alerts,UT Bot cross + EMA200 trend filter
2026-08-12 19:30:00,2026-08-12 19:31:00,SELL,4393.59,4403.49,4363.9,SL,-100.97,S429 SELL UT Bot Alerts,UT Bot cross + EMA200 trend filter
2026-08-12 19:55:00,2026-08-12 20:01:00,BUY,4429.27,4429.27,4449.51,SL,-2.0,S429 BUY UT Bot Alerts,UT Bot cross + EMA200 trend filter
2026-08-12 20:46:00,2026-08-12 21:02:00,BUY,4422.44,4422.44,4443.26,SL,-2.0,S429 BUY UT Bot Alerts,UT Bot cross + EMA200 trend filter
2026-08-12 21:11:00,2026-08-12 21:25:00,BUY,4434.22,4434.22,4448.33,SL,-2.0,S429 BUY UT Bot Alerts,UT Bot cross + EMA200 trend filter
2026-08-12 21:45:00,2026-08-12 21:47:00,BUY,4428.5,4428.5,4444.37,SL,-2.0,S429 BUY UT Bot Alerts,UT Bot cross + EMA200 trend filter
2026-08-12 22:04:00,2026-08-12 22:08:00,SELL,4416.18,4420.89,4402.05,SL,-49.1,S429 SELL UT Bot Alerts,UT Bot cross + EMA200 trend filter
2026-08-12 22:12:00,2026-08-12 22:18:00,BUY,4427.96,4423.3,4441.94,SL,-48.61,S429 BUY UT Bot Alerts,UT Bot cross + EMA200 trend filter
2026-08-12 23:10:00,2026-08-12 23:12:00,SELL,4417.58,4420.87,4407.72,SL,-34.88,S429 SELL UT Bot Alerts,UT Bot cross + EMA200 trend filter
2026-08-13 00:16:00,2026-08-13 00:20:00,SELL,4402.85,4405.44,4395.08,SL,-27.9,S429 SELL UT Bot Alerts,UT Bot cross + EMA200 trend filter
2026-08-13 00:37:00,2026-08-13 00:58:00,SELL,4407.1,4407.1,4399.27,TP,76.33,S429 SELL UT Bot Alerts,UT Bot cross + EMA200 trend filter
2026-08-13 02:00:00,2026-08-13 02:07:00,BUY,4416.27,4416.27,4422.16,SL,-2.0,S429 BUY UT Bot Alerts,UT Bot cross + EMA200 trend filter
2026-08-13 02:59:00,2026-08-13 03:04:00,BUY,4413.75,4411.3,4421.11,SL,-26.54,S429 BUY UT Bot Alerts,UT Bot cross + EMA200 trend filter
2026-08-13 03:09:00,2026-08-13 05:04:00,SELL,4410.63,4410.63,4405.17,TP,52.58,S429 SELL UT Bot Alerts,UT Bot cross + EMA200 trend filter
2026-08-13 05:36:00,2026-08-13 05:46:00,SELL,4399.18,4401.04,4393.59,SL,-20.64,S429 SELL UT Bot Alerts,UT Bot cross + EMA200 trend filter
2026-08-13 08:05:00,2026-08-13 08:14:00,BUY,4434.64,4428.92,4451.8,SL,-59.21,S429 BUY UT Bot Alerts,UT Bot cross + EMA200 trend filter
2026-08-13 08:31:00,2026-08-13 08:38:00,BUY,4425.85,4425.85,4438.4,SL,-2.0,S429 BUY UT Bot Alerts,UT Bot cross + EMA200 trend filter
2026-08-13 09:23:00,2026-08-13 09:25:00,SELL,4408.41,4408.41,4401.14,SL,-2.0,S429 SELL UT Bot Alerts,UT Bot cross + EMA200 trend filter
2026-08-13 09:54:00,2026-08-13 09:55:00,SELL,4405.6,4408.04,4398.29,SL,-26.38,S429 SELL UT Bot Alerts,UT Bot cross + EMA200 trend filter
2026-08-13 10:11:00,2026-08-13 10:18:00,SELL,4405.65,4408.55,4396.96,SL,-30.98,S429 SELL UT Bot Alerts,UT Bot cross + EMA200 trend filter
2026-08-13 10:40:00,2026-08-13 10:50:00,SELL,4408.67,4408.67,4404.87,TP,36.03,S429 SELL UT Bot Alerts,UT Bot cross + EMA200 trend filter
2026-08-13 11:43:00,2026-08-13 11:45:00,SELL,4396.79,4396.79,4391.29,SL,-2.0,S429 SELL UT Bot Alerts,UT Bot cross + EMA200 trend filter
2026-08-13 12:30:00,2026-08-13 12:42:00,SELL,4401.36,4401.36,4392.93,TP,82.31,S429 SELL UT Bot Alerts,UT Bot cross + EMA200 trend filter
2026-08-13 14:11:00,2026-08-13 14:14:00,SELL,4377.43,4377.43,4369.54,SL,-2.0,S429 SELL UT Bot Alerts,UT Bot cross + EMA200 trend filter
2026-08-13 14:48:00,2026-08-13 14:51:00,SELL,4373.48,4373.48,4364.19,SL,-2.0,S429 SELL UT Bot Alerts,UT Bot cross + EMA200 trend filter
2026-08-13 15:53:00,2026-08-13 16:08:00,SELL,4375.53,4375.53,4369.44,SL,-2.0,S429 SELL UT Bot Alerts,UT Bot cross + EMA200 trend filter
2026-08-13 16:55:00,2026-08-13 17:19:00,BUY,4381.25,4381.25,4385.65,TP,42.04,S429 BUY UT Bot Alerts,UT Bot cross + EMA200 trend filter
2026-08-13 17:37:00,2026-08-13 17:47:00,BUY,4388.24,4388.24,4393.34,SL,-2.0,S429 BUY UT Bot Alerts,UT Bot cross + EMA200 trend filter
2026-08-13 17:50:00,2026-08-13 18:01:00,BUY,4392.65,4390.84,4398.08,SL,-20.09,S429 BUY UT Bot Alerts,UT Bot cross + EMA200 trend filter
2026-08-13 18:14:00,2026-08-13 18:16:00,BUY,4394.25,4394.25,4399.63,SL,-2.0,S429 BUY UT Bot Alerts,UT Bot cross + EMA200 trend filter
2026-08-13 18:58:00,2026-08-13 19:15:00,BUY,4387.22,4387.22,4393.96,SL,-2.0,S429 BUY UT Bot Alerts,UT Bot cross + EMA200 trend filter
2026-08-13 19:29:00,2026-08-13 19:30:00,BUY,4390.83,4387.21,4401.7,SL,-38.23,S429 BUY UT Bot Alerts,UT Bot cross + EMA200 trend filter
2026-08-13 21:08:00,2026-08-13 21:15:00,SELL,4369.9,4375.51,4353.06,SL,-58.14,S429 SELL UT Bot Alerts,UT Bot cross + EMA200 trend filter
2026-08-13 22:04:00,2026-08-13 22:13:00,SELL,4378.13,4378.13,4368.41,TP,95.17,S429 SELL UT Bot Alerts,UT Bot cross + EMA200 trend filter
2026-08-13 22:30:00,2026-08-13 22:35:00,SELL,4362.02,4362.02,4347.53,SL,-2.0,S429 SELL UT Bot Alerts,UT Bot cross + EMA200 trend filter
2026-08-13 22:53:00,2026-08-13 23:00:00,SELL,4365.91,4365.91,4357.62,SL,-2.0,S429 SELL UT Bot Alerts,UT Bot cross + EMA200 trend filter
